v -0.119578014378467 0.000996444641086358 0.0615566797155095
v -0.119540105954087 -0.002131536357688 0.0595456254888073
v -0.11898087397264 -0.0160115599171245 0.052500510682861
v -0.118147223977982 0.000944021969575159 0.0683943014250854
v -0.118132487328579 0.00687034744527707 0.0649385119355986
v -0.117848547937809 -0.0252303379355996 0.0514771246278258
v -0.117183214374502 -0.0298217731549766 0.0509620030621695
v -0.117146101048282 0.0105105303559022 0.0670107416714102
v -0.116159737267354 -0.034661599232909 0.0517079714475812
v -0.115789586756981 0.0199221142822962 0.0672445855328386
v -0.114178953957126 0.0168582014768083 0.0759770850504171
v -0.113957732701586 0.0157467512034921 0.0775865875583603
v -0.113461625862797 -0.0353163350193103 0.0620503496487638
v -0.113203835175436 0.0305891436090103 0.0720090766227123
v -0.113125931856775 0.0310078644648192 0.0720948172730224
v -0.11249519084729 0.00913941088273671 0.0870974118981144
v -0.112460077404151 -0.0425645941375485 0.0535204988373998
v -0.112111624760152 0.00220927311904862 0.0923732562212211
v -0.111777111106085 0.00638296993545256 0.0915060655220437
v -0.111596414826784 -0.0265299891454009 0.0784995362316419
v -0.111566845429403 -0.0253703306767223 0.0793632814534564
v -0.11154418909187 -0.026517314009874 0.0788222213159051
v -0.111496862886934 -0.0314527205771806 0.0761913247180847
v -0.111448575742719 -0.0313577661678963 0.0765388614494338
v -0.111084415302971 0.00419721111439053 0.0949412378332457
v -0.110949224825202 -0.0143105255305245 0.0875540720154862
v -0.110641819936056 -0.0266580636081875 0.0819552942470066
v -0.110502838547852 -0.0351532660943903 0.0741240195819838
v -0.110482223519268 0.00266972506042194 0.0972836749022672
v -0.109995525119606 -0.0365102278333969 0.0739358820913314
v -0.109868645629799 0.0301947222682859 0.0865585738707599
v -0.109866989763969 -0.0267686010658996 0.0847155998206022
v -0.109694122517789 0.00102231417648836 0.0997417279764834
v -0.109556923068764 -0.0488686508689496 0.0549522516773697
v -0.109005360706031 -0.00132619995676893 0.101504812673661
v -0.108991179763358 0.000677179361777971 0.10188427566096
v -0.108987975193941 -0.000327649404725942 0.101726243527342
v -0.108927429645345 0.0191680564743813 0.0704111168447017
v -0.108848040347831 0.00313152832592037 0.102208504570936
v -0.108572580816646 -0.00181877934474745 0.102777065747628
v -0.108551493701339 -0.0144810064679897 0.0959894189249252
v -0.10815040036978 -0.012144463809801 0.0986822970647549
v -0.107973678053276 -0.0145327646629783 0.0980640636672549
v -0.10788242017132 0.0103939684929482 0.102946094644475
v -0.107272133860283 -0.0326583795337458 0.0910451289621238
v -0.107110756657807 -0.0060880881704953 0.10566230297585
v -0.107093014403709 -0.0442688579370608 0.0728601360977531
v -0.10702951277898 -0.0196334156337774 0.0988054073748257
v -0.106902821742546 -0.0128320850686674 0.102857642695202
v -0.106854212849213 -0.047649200416394 0.0683085688600366
v -0.1068220568739 0.0167723927984036 0.103507039389544
v -0.106794909241279 -0.00703886864323192 0.106309243230273
v -0.106736597712533 -0.00390844999706511 0.108174347842396
v -0.106260507541598 -0.0496823707829623 0.067362342870006
v -0.106172655589176 -0.030723643436924 0.0746038714433511
v -0.10585127237978 -0.0548977688497157 0.0603681956478951
v -0.105523327411004 -0.0265920950655401 0.099802301234573
v -0.10547774602528 0.0288233181447435 0.102303078904116
v -0.105434284735659 -0.0106159996427621 0.108665195680736
v -0.10485672330176 -0.0565159067240907 0.0618217654888168
v -0.104218569919548 -0.0536377057170755 0.0690517902775298
v -0.103958088975617 -0.00651112104781374 0.0526893338388648
v -0.103948678810139 -0.0579521124526341 0.0631036262326619
v -0.103914510194429 0.0335687185929513 0.101166553915141
v -0.103879508765479 -0.0559672048483753 0.0666096973851062
v -0.103641344369626 0.0513047057630221 0.0769114910293291
v -0.103603276101104 -0.0324875064456718 0.100604050386579
v -0.103483706212525 -0.0586865423254268 0.063758923742146
v -0.103388825354608 -0.0372930679939624 0.0977827203976993
v -0.103217612828316 -0.0368196534016738 0.0989025077207258
v -0.103186350491951 -0.0357425464108512 0.0993919547001623
v -0.102786253805424 0.0381252397276279 0.09888863363158
v -0.102569471983591 -0.0601161683336749 0.0650315268211645
v -0.102354836249426 -0.0599617126293894 0.0661240269563384
v -0.102282262980624 -0.0599094876101557 0.0664934263309761
v -0.102271967247087 -0.039590681036226 0.0981790827147537
v -0.102098272564549 0.0406489442419114 0.0976124128756771
v -0.10161205116271 -0.0610871250080718 0.0657857805874986
v -0.101419831628193 -0.0123578310377063 0.120350612629561
v -0.101382542376763 0.0569567790228211 0.0767119669063259
v -0.100862168064737 0.0582070223911936 0.0766752821334139
v -0.100643195445657 0.0580518229849214 0.0778891311258736
v -0.100492815780536 -0.0126139143974996 0.122555828614179
v -0.100485333737109 -0.0292647108983635 0.11677252900694
v -0.100443631948369 -0.0446766592328171 0.0968996945885728
v -0.100199988367297 -0.0128734412365272 0.123127031279561
v -0.100026773455278 0.0462857041340241 0.096538215266302
v -0.0996301803581414 -0.0141520840473513 0.126032708915439
v -0.0993487294355656 0.0269090501401313 0.124279972305864
v -0.0992886882715584 -0.0577552578318879 0.0817307808517508
v -0.0991490026522102 0.0603563134406667 0.0769064750542819
v -0.0990667866336074 -0.00419555538419886 0.132133517702281
v -0.0989262809998078 -0.0600406393423726 0.0772572404491072
v -0.0988330607943499 0.0447139042704897 0.102720244217728
v -0.0984095723461068 0.0611907215707501 0.0772631698274695
v -0.0984008479593822 -0.0591602643054271 0.0811780464694741
v -0.0979636267865931 0.0563968964607622 0.0891228537592266
v -0.0975233637898038 0.0574134540909808 0.0881478302922578
v -0.0971402077941458 -0.0571478532318816 0.0898109858554695
v -0.0968332363550668 0.0405747661378388 0.0964302028477231
v -0.0963666298535678 -0.0177675489347952 0.134075608181789
v -0.0961200953145413 -0.0667863866932765 0.0697905818030294
v -0.0958885157651103 -0.0553832418455215 0.0965719449688525
v -0.0956011669104709 0.0605398235396332 0.0867630120848733
v -0.0954357356391835 -0.0536542534779584 0.100605196275449
v -0.0951086150966304 -0.0565734943941899 0.0974515884360205
v -0.0950506847411252 -0.0524532291075483 0.103298428282554
v -0.0946779143861812 0.0621194099484661 0.0861272213038155
v -0.0946397265071679 0.0621709800543088 0.0861286094498715
v -0.0945132344190822 -0.0505651133891274 0.107636779744486
v -0.0941486334532595 -0.0563020945503303 0.1010619765963
v -0.0940181595555438 0.0539601392055307 0.105663681844623
v -0.0938741531522374 0.0660695475272634 0.0794272503435121
v -0.0938145036922333 -0.0585613681367373 0.0604588619499743
v -0.0934421964776132 -0.0580637538881915 0.0991093562875171
v -0.093388593967308 0.0547719338364819 0.10567460365188
v -0.0931559034010655 -0.0229044791294203 0.141284641771964
v -0.0926265407555951 -0.00105232862074418 0.094918379695886
v -0.0924518311632651 -0.0462378899536825 0.120323612977301
v -0.0924095869171799 -0.0461651752328558 0.120522842484584
v -0.0922439976218686 0.00782365910131089 0.15224700922936
v -0.0918043124774939 -0.0271824881052396 0.143377150750143
v -0.0917663359110237 -0.0595446944725316 0.100772775929385
v -0.0916399845261781 -0.025253496102801 0.144573415999868
v -0.0914572157277734 -0.0737570427136032 0.0679009471234263
v -0.0910423129862938 -0.0743619151035366 0.0677217449453125
v -0.090747963159637 -0.0412139690255679 0.130690321306856
v -0.0906789917527984 0.0600282117624645 0.0800098941122205
v -0.0905549668650064 0.0518212391917325 0.120182640326899
v -0.0903563228933668 -0.0269114968900759 0.146859906422481
v -0.0901273227150851 -0.0394399642329153 0.134275242043925
v -0.090002361360491 -0.0060299740888955 0.156494891741335
v -0.0899759217624242 -0.0514689897384817 0.121418049943565
v -0.0897913014211117 -0.0308580857057564 0.144614235358201
v -0.0895447109092807 -0.0267596037271554 0.148812024222429
v -0.0894692096036015 -0.0278011846033484 0.148054533658505
v -0.0890855115780124 -0.00555473566370781 0.158676402013493
v -0.0890709566195751 -0.00535742897720723 0.158724754982923
v -0.0889148085333276 -0.00863657977325078 0.157924889754132
v -0.0885732586537927 -0.0130920457521025 0.156839308132069
v -0.0878768895872069 0.0708926227900261 0.0860307685870657
v -0.0876384169158348 -0.0629453794947703 0.104818004348896
v -0.0873895561140631 0.0243638956485763 0.157228903923783
v -0.0873081306831048 -0.0485568436557542 0.102053889443316
v -0.0862578164858692 -0.00174716314014356 0.165573828717515
v -0.0857770468503402 0.0050181446828657 0.167188924703916
v -0.08548697699973 0.00688403377939781 0.167193203006055
v -0.0844699176685545 -0.0818611406562177 0.070785219233919
v -0.0842081549621634 -0.00267180890198516 0.159426735187857
v -0.0837073357697592 -0.0827140032068866 0.071132514433871
v -0.0836273147069846 -0.0825393670246825 0.0719806269962679
v -0.0832361060776234 -0.0419491925928222 0.149423842626717
v -0.0827779214746892 0.0644912831268377 0.11453376876707
v -0.0825532528560983 0.0646984256609579 0.114722127931807
v -0.0825136665588396 0.0139194894305562 0.17127948997319
v -0.0824829107430223 -0.0305969356705463 0.161208264795109
v -0.0823388858045214 -0.0836663022196192 0.0714825746853172
v -0.0820008616444183 0.062178459349103 0.121888054085272
v -0.0819466395793084 -0.0253376248640606 0.167087173652624
v -0.0816269839600451 -0.031073165509235 0.162700857075835
v -0.0811573013117742 0.0658481468098429 0.116196352143523
v -0.0807435976488112 -0.046923655186685 0.150579024118218
v -0.0807153779357018 -0.0474299979561534 0.150191793023426
v -0.0806856557690263 0.0678999167510759 0.113014047632995
v -0.0805420940654473 -0.0473097558492842 0.150661434344247
v -0.0803232303530883 0.0459821166259026 0.153548308950463
v -0.0802372721574064 -0.047714983102301 0.15066378868385
v -0.0799032967055954 0.0794196901473792 0.0899508774352569
v -0.0795488353099153 0.0220794148920506 0.176220495721843
v -0.0794166367237022 -0.0724520133227712 0.107272265561555
v -0.079376579802767 0.0674267499220439 0.118162888124684
v -0.078374235490833 0.0238698396158434 0.177086198911641
v -0.0780110188666228 -0.0782673725541992 0.0991029396506029
v -0.0770883160951091 -0.0333909966724248 0.170181236882883
v -0.076474030719411 0.000982278814633419 0.188683580469469
v -0.0761688100165398 -0.0759357574284431 0.108798568052385
v -0.0754057635279949 0.0753679692266951 0.112526317620801
v -0.0752297562769785 0.0823755401955057 0.091043397650826
v -0.0748798809548058 -0.0345554125277734 0.173897682018007
v -0.0745671774605098 -0.0769449930609035 0.109316229926634
v -0.0741395350620816 -0.0892729697941486 0.0735331509927657
v -0.0740422750870405 0.0712424853747791 0.123352829718553
v -0.0738650901976602 -0.0561562806178041 0.150692612093239
v -0.0734776100910704 -0.057144012736828 0.150054509302663
v -0.0731202303718586 -0.0720772837210291 0.124843380445255
v -0.0725614842653514 0.072592959412744 0.124251140854648
v -0.0721884881930334 -0.0415131680388948 0.173301732542696
v -0.0721140227619766 0.0845634518627751 0.0919000070630808
v -0.0710741755164965 0.0196102289970592 0.196747598196772
v -0.0706991439959697 -0.0631932274186588 0.14595590004087
v -0.0705180564398031 0.0347266811691367 0.183914204227577
v -0.0704906198691776 0.0349037606382312 0.183808888284403
v -0.0704370686901341 -0.0346747359825745 0.183431415081069
v -0.0703590020138343 -0.0346781851466735 0.183609814948392
v -0.0701112562599567 -0.0796782430129877 0.110950694349356
v -0.0698399137020292 0.0397238817556548 0.181037721770944
v -0.0691774271310126 0.086877786443392 0.0920118061201046
v -0.067884452014654 0.0454523845617379 0.176569268795013
v -0.0678134649921253 -0.0669699175210214 0.146069027964687
v -0.0676868034445365 0.0822982474396039 0.107937734328771
v -0.0675192125592296 -0.0387615209784066 0.186592766078767
v -0.0668484652633964 -0.0660411771971418 0.149928769753267
v -0.0668196681842379 -0.0205505655373328 0.204353369346294
v -0.0662236432494887 0.0375650735654958 0.190520326813724
v -0.0660994129484142 0.0662882650887817 0.150889398535849
v -0.0657927858616779 -0.0685831182332917 0.146010339528994
v -0.0657614318244029 -0.0823760753409067 0.1125572244721
v -0.0653360530820675 -0.0347430222730087 0.195227557572983
v -0.0651665517812159 -0.0952734673538351 0.0762280967041136
v -0.064469873196219 -0.0596929869172056 0.144642033464033
v -0.0642099366156891 -0.00415121086644801 0.219800510546848
v -0.063974967952648 -0.0694769125028566 0.14723303755958
v -0.0632954259136471 0.052882562152198 0.113812425932201
v -0.0632597764169136 0.0780263237598705 0.128154717943407
v -0.0629954643001963 -0.0317795614727499 0.203293526822601
v -0.0626294596042539 -0.00422583990511904 0.224819456201239
v -0.0626267643444237 -0.0206631135691303 0.21614240576278
v -0.0625998986105472 -0.0853246522339531 0.111196524282139
v -0.0624505475751009 -0.0066091976155976 0.223560274915673
v -0.0624492724151238 -0.0174675597209555 0.218217274037525
v -0.0619851670338699 -0.000454464735101207 0.226363301523011
v -0.0617712567131885 -0.0353741977514226 0.20295424908065
v -0.0616706856832646 -0.0206887771129816 0.218830577632214
v -0.0616002367362581 -0.0299367751669594 0.209212581137987
v -0.0614826662277103 -0.0446302441388477 0.189933164212844
v -0.0612870341966786 0.0538252343591106 0.176736981624152
v -0.0610251062251506 -0.0449279137694907 0.190402484125554
v -0.0607031009031384 -0.0313366029537818 0.175367149319226
v -0.0601862901882185 0.0793832956326428 0.130485051424571
v -0.0601527502253655 0.0102555866027881 0.230756231069167
v -0.0599585743861017 0.012704648987274 0.231048156566921
v -0.05990208520253 0.014177171881451 0.231228489225936
v -0.0598587427171366 -0.0598620402065118 0.170781883670961
v -0.0598213003602752 0.0146295647993999 0.231278829057239
v -0.0598194115768973 0.0586592772267356 0.172639280355919
v -0.0595080450235917 0.0144909140440609 0.232240102705007
v -0.0594633007971759 0.0941770499103317 0.0923035804389923
v -0.0594085593648984 0.0373242386334518 0.0716138978085132
v -0.0592681195279869 0.084736101074703 0.0902100495223131
v -0.0592314231720322 -0.101143219917128 0.071670477316842
v -0.0588173812748476 0.0571323278474833 0.176820137817099
v -0.0585689677621628 -0.0664224949173961 0.107654853629574
v -0.0583707236431472 -0.0718490813030212 0.150911821387945
v -0.0582638441714158 -0.101697747942852 0.0710863006668485
v -0.058191337114516 0.0303594051231717 0.173586120926112
v -0.0579865696721218 -0.0983812510455488 0.0840339834268283
v -0.0578788763815399 -0.0981423108680207 0.0851035604141682
v -0.0578534451409144 -0.0294730502039862 0.220346383754815
v -0.0577000381343162 -0.0898787535677738 0.109086408399433
v -0.0573749225259109 0.0584727781078836 0.176799018076726
v -0.0573441020072605 -0.00447541085973739 0.241603580457018
v -0.057308689762696 0.0974858083214396 0.0872867794200041
v -0.0570989303604658 -0.0985804504344956 0.0846660808712034
v -0.0570211236842545 -0.0148286769405803 0.234850521045181
v -0.0570039862938979 -0.0142184160140214 0.235199421554237
v -0.05668446493405 -0.000449792502627919 0.243162476022806
v -0.0566729382318228 0.0962122843856403 0.0925722274795739
v -0.0566451182671924 0.0982237028287308 0.0856944124780679
v -0.0564183108036095 0.0591188189324736 0.17675637387777
v -0.0563571959692552 0.005349811579202 0.243433661862473
v -0.0563025570940888 -0.0941083921462696 0.100929987496696
v -0.0559726177214193 0.0103487036635712 0.243524401961374
v -0.0557493309503164 -0.0332830606075805 0.220962359172966
v -0.0557490295727385 0.0158427250038133 0.243037360403744
v -0.0556406198056094 -0.0208506391713706 0.235785096252569
v -0.0555754384031851 0.0239657861099166 0.23211190296518
v -0.0549272820990208 -0.0342736137579781 0.221097070333655
v -0.0548468355910561 -0.0148010357796806 0.122845303202036
v -0.0543760596007413 0.0607219354585426 0.176691728886012
v -0.0543536710379036 -0.0242015656051043 0.23588274669771
v -0.0543357911913943 0.0915305611762911 0.11200256887851
v -0.0543041883640275 -0.0925473129548719 0.108881029738809
v -0.0539150255788191 0.0496618461947703 0.197274659349205
v -0.0537643858265551 0.0822108244072471 0.135349729666841
v -0.0536368129537819 0.100390952773114 0.0825266515488503
v -0.053319859834968 -0.0406109196881675 0.0632207076355941
v -0.0532502457939346 0.0235447500345677 0.239875085761006
v -0.053242659706935 -0.0497605639124709 0.198128550534211
v -0.052898175348429 -0.00468534446215607 0.255722016930713
v -0.052867289361974 -0.082757956252492 0.136812520838715
v -0.0522044242405109 -0.0935665586536519 0.108396567390494
v -0.0521904535563841 -0.0209432502675368 0.245485804188874
v -0.0520826020566931 -0.0898908026060045 0.106251961281691
v -0.0520010493476596 -0.0518549601238042 0.1974260156036
v -0.051709616839982 0.0982318990232444 0.092697295738975
v -0.0517029837825279 0.101869606495501 0.0804773949278556
v -0.0515979441621318 -0.0300361832470665 0.235633530252389
v -0.0515411018025092 -0.0903888539726377 0.119874705549866
v -0.0514424819507667 0.03078374348726 0.235391278191676
v -0.0513838750565804 -0.0510750656457929 0.200152295991822
v -0.0511714086606941 0.0312398106168574 0.235611542462998
v -0.0510028570421909 -0.0316348290812547 0.23515632768962
v -0.0508663847457485 0.0311116332053062 0.236525287132991
v -0.0508280505220174 -0.104017644998823 0.0739240035956843
v -0.0506944566964717 0.0302849870711337 0.238369411962456
v -0.050191641024663 0.032158005285796 0.235982496970074
v -0.0500329605149633 0.0315051955581901 0.23785380448132
v -0.0498967998210152 -0.0421160561151934 0.218678655771876
v -0.0498078672883284 -0.0904731010378648 0.0723244905784826
v -0.0496736147695076 -0.0517829788508206 0.201455912047756
v -0.0495993132627738 -0.0311474430446743 0.23935351840475
v -0.0495641684100504 -0.0932522365831327 0.113091452998714
v -0.0486815591737774 -0.0441056242954431 0.218092962860254
v -0.0486023259594604 0.03375024512252 0.236644093198015
v -0.0485789872707994 0.0849196102520337 0.138258626337304
v -0.0482514905920241 0.0185389776523624 0.264573015561196
v -0.0480034406382143 -0.0370346148210883 0.232396447996116
v -0.0476018883197789 0.104926363054683 0.0761434622698297
v -0.0473322760296161 -0.0459552481907913 0.218049663279814
v -0.0471159605856616 0.0576900839242379 0.19425648672113
v -0.0470985863692977 -0.102311109673264 0.0861780974468885
v -0.046827124389625 0.0829078204302474 0.146248652244473
v -0.0467126089471636 -0.0806220527735197 0.150640429114469
v -0.046598169966612 0.0700542767487986 0.170277500579263
v -0.0462653636119899 0.105809055669851 0.0747482164883665
v -0.0462581643756914 0.0382579214704489 0.232818254955807
v -0.0461161498705042 -0.0203936885993677 0.266959920404276
v -0.0460523019967415 -0.0930834061560243 0.118507828203088
v -0.0460310119774065 -0.0443109012641261 0.223797813707845
v -0.0460219734069203 0.0257904720922876 0.23157846429751
v -0.0459385033779338 -0.0811024234681039 0.150535837856478
v -0.0459044657433242 -0.0408907070050984 0.230475420590127
v -0.0456848860690041 0.100395483137968 0.0938393143547784
v -0.0456625161183768 0.0712019062592131 0.169511947518677
v -0.0454627396681675 0.00543779871187827 0.283959298775307
v -0.0453669483478579 -0.0801550583949559 0.153663765840893
v -0.0450012081526236 -0.105861524964793 0.0761514109959004
v -0.0449660711981285 -0.0815968955400059 0.150312108413718
v -0.0442771089232797 -0.0429159124676327 0.230779782408367
v -0.0434813908800759 0.0437507797164037 0.228296498478171
v -0.0433399297456514 0.0736719113473413 0.168275878358536
v -0.043181455579416 0.00564744418940688 0.294786926202652
v -0.0430136936058347 0.00222825620007061 0.294789978799223
v -0.0428332131881435 0.000121869579311762 0.294803722217213
v -0.0422149960884733 0.0748282510345427 0.167657133785784
v -0.0420530759712009 -0.0117826457341842 0.293688712765489
v -0.0418338302296697 0.0741605211262684 0.169426421567813
v -0.0417120015368972 0.0112956333308067 0.295050511101202
v -0.0415294583854001 0.0120529904301273 0.295015442207431
v -0.0410491584237787 -0.0514002015212132 0.21664179193595
v -0.040924703675232 -0.0109446952183574 0.299650705584272
v -0.0409196662006426 0.0161911639509697 0.294709327592205
v -0.0406887210912762 -0.0679029009043566 0.182875493097758
v -0.0405822780272126 0.109124958238746 0.0707553662684614
v -0.0400422610274533 0.0489439793100438 0.225800039698938
v -0.0399324981492731 -0.0467993671539631 0.229182688763349
v -0.0398179658782985 0.0493664721421218 0.225628693734034
v -0.0395597622926918 -0.0559032831134188 0.209308897596658
v -0.0393649805375015 0.0156933189254434 0.301099618705783
v -0.0392582063619208 -0.0144193248141517 0.301342864553188
v -0.039104553480697 0.049351524095113 0.227063611375151
v -0.0390645956682688 -0.0387700746602325 0.251529848560488
v -0.0387681228241637 0.0504502041470462 0.224917671744878
v -0.0386901215428818 -0.0921378046430436 0.1293604706616
v -0.0384886772125649 -0.104148553254704 0.0926668525955086
v -0.0379789010216935 -0.0283305217138482 0.278929150322335
v -0.0379684266436783 0.0372023497342298 0.257085237832391
v -0.0378965214365044 -0.0169218821588193 0.30258737988857
v -0.0376263503075775 0.110846837834419 0.0686780333293369
v -0.0372128165835674 -0.0568594104082908 0.211131203269007
v -0.036795716860411 0.0229963794179555 0.295127887283737
v -0.0360800867202955 -0.0209167608671567 0.302908097251622
v -0.0358928883539032 -0.0587377007749518 0.209235235222749
v -0.0358723275377993 0.00631913854179289 0.329478140525151
v -0.0358421279065989 -0.0071702787405071 0.326505565759205
v -0.035762143517847 0.0245023164893041 0.2952562470428
v -0.0354691374606243 -0.0509510476650634 0.227798331143576
v -0.0353927031388582 0.0882995962462452 0.144497172483845
v -0.0353839223624322 0.104304654039581 0.0958124462461603
v -0.0353582772936702 -0.0180985166281348 0.31202338036349
v -0.0352571085180898 0.0883090290726348 0.144635016832022
v -0.0352530447145083 -0.0577192794262214 0.212724090877992
v -0.0352373295612044 0.0619806995111927 0.202396331783295
v -0.0347991021227828 -0.104887109002526 0.0953962249893276
v -0.0347823664662125 -0.0569701139318191 0.21529054362873
v -0.0347778933712514 -0.00210392749256715 0.212389434976896
v -0.0345101809313023 0.110252333137861 0.0772016120515389
v -0.0341241983427331 0.11109281323545 0.0741932590099294
v -0.0340543296624034 0.0276691429665185 0.293852632521228
v -0.0338545823149156 -0.0554933856680388 0.220349443622107
v -0.0336249203544175 -0.108478178655336 0.0841322634026429
v -0.0333940978475854 0.112682612759014 0.0685028467729428
v -0.0333682051538535 -0.10573465332778 0.0946641310117298
v -0.0332671670896165 -0.105568928417966 0.0953322676909609
v -0.0332377505088182 -0.0913787440681577 0.137561315799031
v -0.0329309708099094 0.0814433241396774 0.161082008466516
v -0.0329048894983599 -0.105608243708136 0.0953284372368796
v -0.0327777009026735 0.0245597754699198 0.305844750678917
v -0.0323906941260391 0.0817258349494612 0.160921786600431
v -0.032204254591347 -0.0583556047805443 0.21438971748124
v -0.0321973466331688 -0.108417805729825 0.0851213744967752
v -0.0320453384510567 0.00157939792193482 0.354180263629399
v -0.0320168792501167 0.00347355194425397 0.35481826976685
v -0.0317884366223884 -0.00202139764387462 0.352857229521283
v -0.0316437132597091 0.0558708414102285 0.220289406133567
v -0.0315442334817694 0.0298587292585984 0.293453119768
v -0.0312788240293335 0.10615903481355 0.0956354341387969
v -0.0310362843835842 -0.00756368851211294 0.352794491572178
v -0.0309173797475007 -0.0108820282740765 0.350923250770665
v -0.0308321860564346 0.00687446813517097 0.355562189338482
v -0.0307471636443709 -0.0505473936808108 0.237293169455174
v -0.0307175981619578 0.110648356492761 0.0783629889279806
v -0.0306635641505214 0.00742541467912217 0.355557903544209
v -0.0306382093727807 -0.0603412361485796 0.210724851740384
v -0.0305888497674981 -0.0110503001897384 0.35276673996793
v -0.0305768743615016 -0.0984127052239685 0.120963494472652
v -0.0304317684841364 -0.0382782265165117 0.273326014597941
v -0.0303536731927811 -0.100790150073964 0.114598394292771
v -0.0299939280820216 0.0997170320683206 0.0603078310830983
v -0.0299404539956871 -0.0993802915197664 0.118982276628997
v -0.0299233919834464 -0.0120898030819605 0.352516268586218
v -0.0296935673033022 -0.0293922097001696 0.303482673832977
v -0.0296848121645305 0.106865731463408 0.0955686273044733
v -0.0296773532795998 -0.0908538269224517 0.142890723547397
v -0.0292769310060479 0.106579467121539 0.0971211634569065
v -0.0292644203988145 -0.0906487594391095 0.14388844702273
v -0.0291342884792316 0.0163602473421415 0.34903186457984
v -0.0289012559495437 0.100405045093093 0.11771623764042
v -0.028817211118434 -0.0142359343131031 0.352121013787187
v -0.0286256195658071 0.0262197862924619 0.297162518631096
v -0.0285920199977935 -0.091629996559875 0.14205050597807
v -0.0285673603708171 -0.100797041757113 0.115287623437727
v -0.0285672866351456 0.0156114372435428 0.355538023164805
v -0.0284398671360846 -0.0307203053555294 0.30356213878582
v -0.0282586085202791 0.10711634609536 0.0955639065764559
v -0.028142236562604 -0.0295909982180726 0.308080030693807
v -0.027975452235747 -0.0223261367393345 0.33436525851138
v -0.0279598764386344 0.0165579743995066 0.355496647513231
v -0.0278231239632393 -0.092156193802867 0.141445235258426
v -0.0277519776016368 -0.108173139355928 0.0884161178574525
v -0.0276833036295689 -0.091679142168136 0.142928602670525
v -0.0275361598661202 0.110286526187518 0.0823501881271995
v -0.0274797075817282 -0.0649845456277399 0.202965659589505
v -0.027215866645416 -0.0653644571187311 0.20232208997658
v -0.0272132184791536 -0.0762635104854706 0.134058482837605
v -0.0269091225005142 -0.0718716704775273 0.187111176115723
v -0.0267723233560525 -0.0890214570638062 0.149478741724638
v -0.0266069628633625 0.0608062771240634 0.214494181130553
v -0.0266053976230563 0.0923478909183353 0.143428388661972
v -0.0263267039879328 0.0611348240490735 0.214048383648676
v -0.0260381832484897 0.0611074351063107 0.214425670135756
v -0.0259949936602657 -0.092945130503553 0.139810439022789
v -0.0259613769540071 0.0349688158387076 0.291871181934063
v -0.0258144438801152 0.0185357654875082 0.355316387246999
v -0.0252934743045935 -0.103260326708301 0.107269070714267
v -0.0251810065556752 0.114517515580941 0.0671993003842312
v -0.0249754185944512 -0.103444791234518 0.106697785155846
v -0.0248594124284587 -0.0222779791127883 0.349724444285894
v -0.0247870038214769 0.0299444114911029 0.316231155855373
v -0.0246448743589971 -0.0500086199882981 0.207023481472368
v -0.0244119960514413 0.0878214421007709 0.154814579048212
v -0.0243231171939959 0.0479717113011944 0.255304802460542
v -0.0240768510308208 0.109321048143175 0.0891690064207179
v -0.0240553196830255 -0.0330117796522758 0.303606408779925
v -0.0239621544098389 0.11475525382766 0.0669865688999583
v -0.0237138410880127 0.0863806832586218 0.158438778754992
v -0.023649260627097 -0.06583872660821 0.167658738563997
v -0.0233352189988267 -0.0864071240571129 0.156779643425385
v -0.0232763858087867 -0.0625877947950126 0.212811809672589
v -0.0226632117731531 -0.077033574380304 0.179024115032186
v -0.0226491905992577 -0.0769460326988416 0.179246789252909
v -0.0226432946270583 0.0378112882514319 0.291493032791694
v -0.0225989800960331 -0.0769970286399832 0.179142152888727
v -0.0225646256055523 0.0225325003031949 0.355068343091012
v -0.0225521498182856 -0.0770422048555912 0.179041327345877
v -0.0223617500997484 0.0667048912540906 0.142427212221084
v -0.0222844346773181 -0.0819654548303521 0.167567393101531
v -0.0219271346430467 -0.0776830394970576 0.177747010958101
v -0.0213138555206506 0.0872113789436504 0.15740212410499
v -0.0212289201415192 -0.063603517552028 0.212472755655956
v -0.0212193807182675 0.0910118202091185 0.148569598670315
v -0.021214887125258 -0.0950109195196805 0.135537087656984
v -0.0211876694333245 0.0923588925880162 0.14523224689578
v -0.0211834596858648 -0.0458256873109297 0.266250497644862
v -0.0210065590793863 0.0807937567216188 0.172492579380641
v -0.0209845531769889 0.039073037574847 0.291426805487964
v -0.0209783428857289 0.0820427350515994 0.169588791137409
v -0.0208238371878728 0.0246358889642755 0.355063986765103
v -0.0207167162176036 0.0665185482826718 0.205889236230866
v -0.0206120822026829 0.10808810216593 0.0955922387275598
v -0.0205641454049736 -0.0639279813149817 0.212359980578595
v -0.0205424934027085 0.0378947628199449 0.296209725457003
v -0.0204858840149741 -0.0634393536347868 0.213602871805878
v -0.0203207520962381 0.0532180580906983 0.214080642422258
v -0.020101631458605 -0.0354982402167803 0.303688044219635
v -0.0200404344801152 -0.0772373868797174 0.179430591449463
v -0.0192974151294124 0.11184085761223 0.0818601140549353
v -0.0192744758788869 -0.10796044169974 0.0947251847598098
v -0.0192656126275879 0.0814136187742508 0.17170027819239
v -0.0190753603070566 -0.0270239531974788 0.346650901103477
v -0.0190348615439539 -0.0643620590612693 0.211942677686016
v -0.0190201276065721 0.0702890298675845 0.197810852010676
v -0.0187597402552547 -0.107927579966838 0.095106226321166
v -0.0186543015671882 0.0686504672765511 0.202489772497658
v -0.0183879645755939 -0.0525829144750921 0.246441300227813
v -0.0179959552865636 -0.108162355346028 0.0947307232849677
v -0.0177970693179003 0.0648108589811005 0.213453785721127
v -0.017704951572713 -0.035422928974496 0.312218543988046
v -0.0167943117792231 0.0398638535454666 0.293107956002724
v -0.0167738957491423 0.0602279869233209 0.22654019088972
v -0.0160604898539254 -0.0380317920465819 0.303813863570056
v -0.015783829552351 0.0896634618898617 0.153758091493319
v -0.0156543226904034 -0.0959945746096511 0.0962100231154295
v -0.0156132848246416 0.0705486167977639 0.198280650721614
v -0.0154563025511258 -0.10084762486615 0.120346380817409
v -0.0153397981324078 -0.0298064917507811 0.346511726078023
v -0.015093968236278 0.109440879717044 0.0931167043299669
v -0.0144056717055985 -0.0309409993207172 0.343611448560822
v -0.0140448069012748 0.0654302918948254 0.213044858542783
v -0.0140433058436525 -0.0305832257923858 0.346430511079852
v -0.0138298793300922 -0.0415705533064821 0.292413434860992
v -0.0130346055594462 0.10826507685139 0.0986315597498485
v -0.0130296462860793 0.0725160099718682 0.19447575975947
v -0.0128949434814107 0.0293699420192849 0.354616106924342
v -0.0126469311280998 0.0950170071371695 0.141512442889648
v -0.0125766182533549 0.0776137404170353 0.182638473626061
v -0.0125145394392428 0.0788436338102346 0.179878235447787
v -0.0124022217680636 0.0296531741598774 0.354665676700564
v -0.0121220185701897 0.0945066688031252 0.142958280636738
v -0.0118793560269722 -0.0755062212307647 0.186850249643883
v -0.0118222006859196 0.030365803775867 0.35204445684128
v -0.0117088175898021 0.117667874529915 0.0627041715796868
v -0.0116329310160805 -0.0309530411037194 0.346092448286467
v -0.0113905014937215 0.0413342931417751 0.294928461443651
v -0.0113590173521303 -0.0395705169110671 0.303817051047325
v -0.0112565238343553 0.0301513857668368 0.354758147250188
v -0.0112012103969179 0.0946757080748278 0.14272131249631
v -0.0108750231164423 0.000565285623876307 0.299721901677052
v -0.010873002795559 -0.0397973950764033 0.303542096397271
v -0.0102018794403243 0.0229553384825846 0.353755427611115
v -0.0100408649642118 0.117908590639346 0.0620206426049813
v -0.0097967066466613 0.10641638314475 0.107302467778381
v -0.00970972876902908 0.0921613563509751 0.149602777132165
v -0.00950939508184146 0.110901191484736 0.0905743517889268
v -0.00897379360070786 -0.110681219396314 0.090347044985108
v -0.00873551324447153 0.0651090790186614 0.215792772643283
v -0.00861326129583967 -0.0955015989304776 0.139134967726247
v -0.00860557904997717 -0.0661022513518766 0.21211631877091
v -0.00834257867148217 0.118065699094007 0.0619975371154753
v -0.00805958128112545 0.0306683119444996 0.354892070303192
v -0.00786028958283119 0.0445573028005115 0.285714697101131
v -0.00766185059740926 0.0426777971044293 0.294672277978062
v -0.00740810083621049 0.0536306805334699 0.252882535401085
v -0.00703270197952506 0.0887967971457812 0.0986739851881968
v -0.00688286001727886 0.0352996237609385 0.329836089711168
v -0.00687042899244806 0.111509940711184 0.0896790298815135
v -0.0065273238224286 -0.0959659648492773 0.138581267207229
v -0.00629742954927771 -0.108031376509315 0.101346980474867
v -0.00609493799466387 0.0934702429076192 0.14699102889263
v -0.00566787032025669 -0.111662496995536 0.0887288648296479
v -0.00548750511917804 0.0428169461212188 0.294598854425051
v -0.00548445594842167 -0.0552195631062326 0.246899696013258
v -0.00542365185095452 -0.00879911921040474 0.341197755147689
v -0.00515490456625826 0.0312618594280811 0.355031355083539
v -0.005021369322716 0.108534655099155 0.101855604919332
v -0.00496746842316917 0.0649409919130105 0.21772261523914
v -0.00456278882054516 -0.0667350209782716 0.212287066018512
v -0.00439685709928444 0.0940682113084114 0.145750932198533
v -0.00417975429257766 0.086784921897099 0.164834734756371
v -0.00397317188615788 0.0959402182060684 0.140853570375276
v -0.00388135371332854 -0.108288587424709 0.101770111549314
v -0.00336197692754145 -0.0352932376729179 0.331811002352319
v -0.00213191927751032 0.119008264560605 0.061957715232319
v -0.00202016989407996 0.10847166720165 0.103043333349968
v -0.00186802288730383 0.0426045065611943 0.294528990503336
v -0.0014347922145082 0.0320107742916672 0.355274142451783
v -0.0012967150145238 -0.0331022599634411 0.344740867049985
v -0.000107906982629219 -0.0787863168097086 0.182519722343636
v 0.00014326919900523 0.117896062717114 0.0691827147218398
v 0.000164701574670356 -0.0726710249822665 0.198529634169843
v 0.000234841028753086 0.0769586744945708 0.188607736955725
v 0.000401659581717416 -0.0673554641712042 0.212445840017952
v 0.000455113216835751 -0.111076287700189 0.0948106529378109
v 0.000471609855171892 -0.113380654990001 0.086117244663486
v 0.000559230324798515 -0.0638207582655898 0.221699745060801
v 0.000582908465504456 0.0320953410670185 0.355364066845065
v 0.000785833705572584 0.119369662964747 0.0619291234865896
v 0.000805385165001339 -0.0329883866572658 0.347241396417948
v 0.000882707869024915 0.113283219953273 0.0870546130971363
v 0.00109891231847455 0.0121991470603395 0.047290925408936
v 0.00115184644932791 -0.108768698564213 0.102633930519976
v 0.00120142011079982 0.111294996294129 0.0947577439001446
v 0.00132293483238891 -0.051388178867641 0.263007528750153
v 0.00138509474522536 -0.091640079601692 0.1547401200877
v 0.00153907713647055 0.10778812853046 0.106465379656478
v 0.00179799526756814 -0.0719669416222881 0.199913616763773
v 0.00181977561727343 0.0952268185375108 0.143955362107012
v 0.00182194899596142 0.0968898449051104 0.139527070061285
v 0.00193781961587203 0.0601592320317342 0.233950679048555
v 0.00212376220679089 0.101715655372432 0.126738258095418
v 0.00220240518916225 0.0657501758314976 0.218191832448918
v 0.00220559755236149 0.113196117639724 0.0867604460001606
v 0.00232137144876993 -0.0980957474010025 0.136338494026822
v 0.00248340759502713 0.0940469952648842 0.138815958777312
v 0.00249478198417724 0.0719283744723234 0.200777727043856
v 0.0029875253738823 -0.102688907123392 0.123245873669512
v 0.00330183730444155 0.0969274029913715 0.139734108782878
v 0.00363814422028547 0.0955604931960891 0.143444054330648
v 0.0042881984227974 0.0356468001536123 0.33120095189715
v 0.00436403018712978 0.0967546655026745 0.139826590533874
v 0.00445061599839689 -0.0420687381322548 0.297813088592467
v 0.00459895153938017 -0.0981315810951601 0.135421390967806
v 0.00478431390570966 0.0909019194461841 0.156087942758449
v 0.00494913536918194 0.0312638640813461 0.355426947502339
v 0.00496154276904895 0.0474080644295404 0.27686169908795
v 0.00497462383985339 0.0956839021463498 0.142604636383164
v 0.00505060790872394 -0.0422043497186362 0.297560659870368
v 0.00509848556309914 -0.0420863940425796 0.298004454923067
v 0.00515086104169289 0.0429073501779652 0.290406737732556
v 0.00521729631478178 -0.0421910405292387 0.297521235398635
v 0.00547052440352301 -0.0421276969983095 0.297487314107255
v 0.00603064598068849 0.0430727135842926 0.289890328884512
v 0.0061584033972787 -0.0668138689859945 0.212220028034206
v 0.00676294463930148 -0.0309055806696934 0.354426172825194
v 0.00709877106150567 0.0746774813964192 0.192570859639831
v 0.00727089514693025 0.0745693811356593 0.192799467780903
v 0.00780642210152598 0.0579792803455277 0.1834034692855
v 0.00781307108615805 -0.0711597219056215 0.200312536553887
v 0.00815950291213233 -0.0417299401788279 0.296961570717819
v 0.00878485991561364 0.0960357348473281 0.140211498097091
v 0.00933705867047124 -0.0981862875309467 0.133569037636594
v 0.00959068830554429 0.0792273793867347 0.159050340513536
v 0.00972410710877186 -0.0911343887567121 0.128663120115182
v 0.0100578075900866 0.118327787672486 0.061572372719227
v 0.0103044588183014 0.0644641178007589 0.218141179815602
v 0.0108824499787639 -0.0296537599739056 0.357082585727017
v 0.0111858900197241 -0.107265169891769 0.103576347170658
v 0.0112063377209286 0.0304725693905256 0.355569031721922
v 0.0117015812103147 0.0312219871936255 0.348447567367484
v 0.0121185354232757 -0.00915273559874399 0.150496587655162
v 0.0123283698402065 0.0297887979267558 0.355524156558111
v 0.0124205420773275 0.0297356850303551 0.355499816314981
v 0.012515342891797 0.0423104862880439 0.292047889606479
v 0.0126918326307351 -0.0962944070836785 0.137660218449789
v 0.0127004274983584 0.118011986283765 0.0615588683710249
v 0.0128692181500023 0.0643056156822574 0.217429706552242
v 0.0131303341180363 0.041895467915682 0.293284270471359
v 0.0131641947563137 0.0421722976469776 0.292218055776572
v 0.013506887236077 -0.065677516443534 0.213102499109401
v 0.0135151610598541 0.102766955316279 0.118039144349552
v 0.0138509800586543 -0.0952451539442817 0.140180784402441
v 0.0140499429687228 -0.0284840402736958 0.359081995823688
v 0.0141707433143978 0.0416772827378613 0.292274825907932
v 0.0143313961304425 0.0517148242857436 0.255464842600984
v 0.0144014640494727 -0.0357404428835599 0.319111729175676
v 0.0144301417625 -0.0503055578989448 0.260051336985718
v 0.0146118405391183 0.0954459715959921 0.139715121548528
v 0.0146519595434631 -0.0283295772692492 0.358976754571083
v 0.0147294280771929 -0.113012399098954 0.0811468415853076
v 0.0147554741531592 -0.0288410208155733 0.355111241326297
v 0.0154315342882507 0.0870921311935863 0.160795017410722
v 0.0155994539186224 -0.0997128815544983 0.127051019214378
v 0.0158573996597207 -0.0958254008856266 0.137837418025891
v 0.0158831638935312 0.0855687728445277 0.164019097664971
v 0.0161734026972045 0.0835748838092112 0.167561959210212
v 0.0161930105879213 -0.100601759773214 0.124350669489938
v 0.0163123109373502 -0.0394505477506309 0.300319296835947
v 0.0165160466235299 0.0827835725488937 0.169479835641464
v 0.0170897678081932 0.0680080697435704 0.205595051737702
v 0.0171739226559858 -0.106335965602227 0.104251224992565
v 0.0173253604280651 -0.0589078816421929 0.0909355772616251
v 0.0174095808824745 -0.102435064114057 0.117511085377481
v 0.0177166434352944 0.0803454777005904 0.175350365299401
v 0.0177676814436408 0.0641918283276495 0.216063277909966
v 0.0178917595680832 -0.0614556078999251 0.222952194192701
v 0.0183740882628387 0.0663936653826551 0.209110020151092
v 0.0184322792518119 -0.0435666832774586 0.279470236995187
v 0.0184792667529174 0.0668766520371133 0.207899871072463
v 0.0185969983675067 0.100976500852877 0.121799751918464
v 0.0186059683628801 -0.0648348419981293 0.213688669573718
v 0.018710323532489 0.0272512359139022 0.354282858489604
v 0.0187493985305397 0.077996989656605 0.180734331749965
v 0.0187801497360106 0.110961196868952 0.0875940581017134
v 0.0190093205104499 0.0662887991528681 0.208718745299191
v 0.0191976643933193 -0.0286300626836136 0.301709315424698
v 0.0193678534111992 0.0268860422338719 0.354786487378079
v 0.0195289256535807 -0.0898606420970852 0.152448090082712
v 0.0195741607977639 -0.0694157837527221 0.201130893021821
v 0.020008623950406 -0.11243092257323 0.0809843096689663
v 0.0201400634293974 -0.0691326347143595 0.201216420628595
v 0.0203136215930308 0.0633636025282539 0.215383932284169
v 0.0203469716797587 -0.0730722899494046 0.1911072799225
v 0.0204354045631732 -0.0640406396020093 0.2136613012892
v 0.020517171237934 0.0762348456048997 0.184452413012999
v 0.0205762580533827 -0.0482645300785256 0.206065670077038
v 0.0207302379607981 -0.0883404435187177 0.156068212545094
v 0.0211115073032542 -0.0080560159276718 0.359831714582992
v 0.0212052490367195 -0.0359059622461066 0.30237828775209
v 0.0213501622111989 -0.0724645125072323 0.191524325729002
v 0.0215852842546911 0.110526224682264 0.0877625218730814
v 0.0219182775896982 0.0826688195939982 0.168331744619863
v 0.0221354560946076 -0.0351573362407993 0.302771232664766
v 0.0221386157450254 0.0229305148209322 0.357172607750862
v 0.0221734525367287 0.0316827703016946 0.318924712289576
v 0.0222272202812073 -0.0755405058389402 0.184249746511324
v 0.0227661523600421 0.0626492740811163 0.214726162214098
v 0.022780724409579 -0.0809250376370036 0.172367047609177
v 0.0227970162426685 -0.0810641088937392 0.172043777056369
v 0.0228266525754499 -0.0853945522937988 0.162131203906992
v 0.0231070983655809 -0.062093870798203 0.215594955226381
v 0.0233467411863428 0.0864887081892291 0.159344199005342
v 0.0234900168766453 -0.105289605417272 0.104944444223563
v 0.0236673703388968 0.110868394290908 0.0856024174329539
v 0.0242522151527379 0.0370101098868945 0.293058158408393
v 0.0245925243597936 0.0368819614975698 0.292962952624179
v 0.0246466168586311 -0.0192582927964359 0.357923072024614
v 0.0247861682585583 0.0903379144761365 0.150287673868334
v 0.0248605930413783 -0.087635942729682 0.156351771749994
v 0.0248715834855556 -0.0189998859630851 0.357905134419099
v 0.0250951239034697 0.116398026757098 0.0614733458278341
v 0.0253833691199863 0.0488176556018083 0.214548392226416
v 0.0254637927368522 -0.0986035237655067 0.126617781552593
v 0.0256988416979199 0.0392597145305257 0.281089826505208
v 0.0257061308014356 -0.111693875296387 0.0807752450250155
v 0.0257067923606475 -0.0711974896463041 0.161644278033216
v 0.0257777678978783 0.0680506108684344 0.197958901550395
v 0.0259059863347782 -0.094224525835886 0.138223139579235
v 0.0262411750724119 0.0941115360632554 0.138608666001284
v 0.0262859501236384 0.0979245466802973 0.127422390925187
v 0.0262956986083031 0.0178686315239812 0.356957205966175
v 0.0264671778480788 0.0855887297480204 0.158547935651498
v 0.0265778727015359 -0.0984590844400564 0.126571657902053
v 0.026655471715106 -0.0989481516199342 0.125225978737371
v 0.0267497411172425 -0.0274745173452865 0.318516778536107
v 0.0267845076796106 -0.0323916738583353 0.30134319281496
v 0.0268103194288402 -0.036042319829433 0.28859300246494
v 0.0268588726038313 -0.016661692379777 0.357992207012304
v 0.0270393908547775 -0.0625751120940197 0.210047699975704
v 0.0272127776548906 0.111384752048945 0.0818510419145999
v 0.0272457968729704 0.087696840600076 0.153596101699218
v 0.0272771902096018 -0.0182792071092797 0.348677973842285
v 0.0273198551838616 -0.108145646227432 0.0934033395000457
v 0.0273673481739386 0.0894175253080655 0.1499875185206
v 0.0275198536456318 0.0607771171627247 0.214795030241806
v 0.0275799415654489 -0.0937110888582636 0.137898255363415
v 0.0276470924399347 0.0977578420992648 0.127323687924629
v 0.0277236158928052 0.0648502145951176 0.203351126372452
v 0.0278203942792841 -0.0979873063023442 0.12656574937151
v 0.0279512304164474 0.0163498296511566 0.35683124375897
v 0.0281369247697644 0.0511415385989931 0.24069038923296
v 0.0282382801405539 0.0827103949032198 0.157293921059627
v 0.0283283391407219 0.0934630571108532 0.138109197663659
v 0.0283534530534224 -0.104456213004871 0.1055731097413
v 0.0287131050851971 0.100522590890818 0.118767047535145
v 0.0287908449260546 -0.0115455281439304 0.358463751034688
v 0.0288493791301175 -0.0302591883140351 0.300494309402458
v 0.0289606667661937 -0.0975071815563019 0.126567240065361
v 0.0290607628994251 0.033216894739953 0.290490881719035
v 0.0293914628089602 0.0166874895909003 0.345540315716852
v 0.0295273114766788 -0.0628795884642954 0.206538009185655
v 0.0295496366037669 -0.108336498538211 0.0917281763019937
v 0.0298134929937229 0.0621864352803391 0.20845453193535
v 0.0298472922225833 0.110751044834128 0.0830839749984058
v 0.0298565729392862 -0.0517691955585176 0.235930426018021
v 0.0299450530840583 -0.109619185336301 0.08715152512763
v 0.0300879399237765 0.111731074220111 0.0787289744780822
v 0.03013885958706 -0.110353833004417 0.0838932479060664
v 0.0303850477627441 0.00779770175923756 0.357156885993385
v 0.0304014017615541 -0.00701346615502499 0.359779571266265
v 0.0304467224446526 -0.102933109017603 0.0780971187906431
v 0.0304617741599518 -0.00383406958551645 0.360745210713787
v 0.030783396312331 0.0067158727534373 0.357184485808399
v 0.0309015748387053 0.115044574087919 0.0640046265607787
v 0.0311381600316762 0.00106256889660935 0.359226206754003
v 0.0311596246887513 0.116095473119323 0.0593346994197847
v 0.0313261735214169 0.00484115295088933 0.357969358159407
v 0.0315128558661316 -0.0616651512331947 0.20763941274755
v 0.0318434520350926 -0.00524117285221465 0.353060590874883
v 0.0319091045459868 0.00766811350305046 0.274606644187471
v 0.0320089032788155 -0.0560128209420689 0.222236779329072
v 0.0320572986160151 -0.108196722333304 0.0890062902511356
v 0.0323690340716302 0.11154219358767 0.0757406224373539
v 0.0327172461309353 0.0575480433524625 0.218128474068487
v 0.0329257980685512 -0.0550508301587107 0.222756055619341
v 0.0330480950314355 0.0260499422521578 0.301640794903233
v 0.0332882519497577 0.0583467103463455 0.215315792637026
v 0.0334670934676186 0.0344795823360559 0.102526168420484
v 0.0335105552281951 0.0829721431245176 0.130335460775205
v 0.0339263463223028 0.0975978899784658 0.0584630951576346
v 0.0339433655311572 -0.108303871569869 0.0858309994450457
v 0.0341386597243845 -0.0602119386830635 0.208686753218531
v 0.0343158557942006 0.0951036337194249 0.127289027591517
v 0.0345310000412356 -0.107973196922969 0.0861187770238985
v 0.0345566774895704 -0.0610361201604784 0.20602722299632
v 0.0346659147345426 0.0295358469964913 0.287954792493246
v 0.0349421302812684 0.0552224551092877 0.219635216987137
v 0.0353752701733806 0.0940789725403528 0.128900433966656
v 0.0355834614070518 0.0284916495877112 0.287267422624786
v 0.0358863828997513 -0.063657823496465 0.19756731526144
v 0.0360417737074638 -0.0246402237587875 0.291270591143536
v 0.0361672215649956 0.0126248633145891 0.319266099424885
v 0.0362508866123739 -0.0245089805961515 0.291041525650621
v 0.0362836333844748 -0.00952504425275505 0.322326706712611
v 0.0365931574040904 0.0940995339738983 0.127301066217959
v 0.0368596346507107 0.0633420105547711 0.197723744576413
v 0.0373945882861965 -0.100691533954974 0.106124787636569
v 0.0379372124003625 -0.0222991003106116 0.291820364237991
v 0.0379715939904836 -0.0232800254573692 0.289496452830486
v 0.038384328086406 -0.0350555498641121 0.261599038243208
v 0.0384749191208487 0.0251528806764838 0.285214181274448
v 0.0388281280040568 -0.0889079651238285 0.139225679607544
v 0.0389200881752761 0.0521189383286531 0.219911637737562
v 0.0390189064180732 0.113579187493698 0.0565751654825804
v 0.0390241637056268 -0.0587609538476885 0.203025065632171
v 0.0392526419502381 0.110960659879613 0.0667694100994117
v 0.039311237991725 0.0967841717221491 0.116131680010898
v 0.0394644125248136 0.0398751364615993 0.247361732465705
v 0.0395019952158957 -0.0213122189407433 0.287618062818217
v 0.0398373720018324 0.00500467870472107 0.309289716909194
v 0.0402881474774246 -0.0486046060085607 0.223993907866568
v 0.0421674399149641 -0.0574171500191194 0.201033655756021
v 0.042296333706138 0.0976256123411349 0.109933256690107
v 0.0426466305429475 0.0199620852281274 0.282024162682704
v 0.0426479967692363 -0.0080825642399423 0.29341643862016
v 0.0429730192587484 -0.103882184827393 0.0879395623495573
v 0.0430032163806244 -0.0513088722247517 0.212795465865391
v 0.0440264567369605 0.0168286569795012 0.28010611265542
v 0.044193330272816 -0.0136812932897095 0.280938505513505
v 0.0446723703731497 -0.0129622278920821 0.280291108776847
v 0.0450254396301864 0.0964931879575311 0.10974353113733
v 0.0450721805468669 -0.0493223244667895 0.213544782654997
v 0.0452234868167637 -0.0444645875312763 0.224974163658589
v 0.045291717843652 -0.0176607413418598 0.272069477176047
v 0.0454635659249571 0.0969501172835283 0.107873461647302
v 0.0456186105810131 -0.0109082092639254 0.27984372766338
v 0.04611525462452 -0.0828974355768307 0.147606561353311
v 0.04611525462452 0.0238899225830067 0.262087424769123
v 0.0462671710791167 0.0464491840751365 0.220442042580625
v 0.0464592543121216 -0.0854345418036325 0.139976138507588
v 0.0465662140345169 -0.0945607651520458 0.113881577056139
v 0.0465906277184185 -0.00698269690204508 0.278943984986869
v 0.0467915387309795 -0.0423852482710366 0.224651217150152
v 0.0467974022229495 -0.0466299166200716 0.216545575197485
v 0.046846881110727 0.00874034068034086 0.278341086141953
v 0.046865309338605 0.00865683499939522 0.278320419595467
v 0.0468687375669832 0.00837635550241454 0.278237637896767
v 0.0469522499366837 0.0087020147779448 0.277937307296437
v 0.0472726640693184 0.00268914201638734 0.27663554537128
v 0.0473654432520777 -0.047255188711727 0.214367697311561
v 0.0476664487766546 0.0987544519631021 0.0988506823638783
v 0.047685545922344 0.0821725250618891 0.147624794529856
v 0.047696658955161 -0.0851186846673339 0.139394003126957
v 0.0480410896276271 0.107155685162996 0.0676879986969651
v 0.0481431283658695 0.0439446719605891 0.220240303431768
v 0.0482640810277811 -0.0458257449629336 0.21472526047171
v 0.0486103765879187 -0.0400029656270127 0.224220178831006
v 0.0489879818130367 0.0988869436456293 0.0966083326395357
v 0.0490493553657799 -0.0945242705213235 0.111013775151732
v 0.0500052471362358 -0.0888010724799776 0.105045116642617
v 0.0504202192887678 0.0865311433614132 0.131613157320253
v 0.0504378611060272 0.0979882553009979 0.0976327829866462
v 0.0510280771282333 -0.100163959340077 0.0890269927572864
v 0.0510423005816443 -0.0311135729049387 0.234514892909333
v 0.0511161579422586 -0.0944626251589582 0.108600162108906
v 0.0515145705102314 0.108994192162624 0.0545482044485055
v 0.051622568427462 0.085400848203717 0.132135349244608
v 0.0517914093513427 0.105455350182989 0.0680420918326054
v 0.0519366090645774 0.0883977686812804 0.0920334742210174
v 0.0523363698300948 0.098997219995279 0.0909358100077196
v 0.0523935878330103 -0.094501525164337 0.106863608167326
v 0.0524199934557537 0.106290349912916 0.0639824776304595
v 0.0531706013096158 -0.0536452259359699 0.192110633632187
v 0.0533111755765852 0.0148327998909374 0.197754182667862
v 0.0534219240907203 -0.00507698473871188 0.253867932655897
v 0.0534592260067287 -0.0183661951774114 0.244020017938939
v 0.0535018695571096 0.0534406496525565 0.191813091856446
v 0.0535999432250255 0.10802799120898 0.0550220404901667
v 0.05367381179501 0.108169960133146 0.0541998476500707
v 0.0537340366823461 -0.0935988181320615 0.108040657775422
v 0.054329406915186 -0.094458731997039 0.104140458715018
v 0.0543664768794028 -0.0368258702550488 0.217113308520599
v 0.0546625756943309 -0.0328855723710246 0.223402244817281
v 0.0550554495965619 -0.055719975769869 0.184884096829448
v 0.0551124394052531 0.0472778286265131 0.155917217424185
v 0.0553970157810679 0.0111125242734758 0.245647724345883
v 0.0555357363610175 0.03581684598455 0.216531892269017
v 0.0556007737670725 0.094788092739009 0.10128077471484
v 0.0556789211473969 -0.0250187167045102 0.218186224880524
v 0.0563716861582881 0.0961833972340665 0.0949366590630005
v 0.0565076944097506 -0.029653567449278 0.222344345282896
v 0.0566178067155684 0.0996926699287863 0.0816435353726219
v 0.056643210221604 -0.0978006383172938 0.0889830104855269
v 0.0567246699361689 -0.0939104013740774 0.1003251341384
v 0.0569813458703354 -0.0340205301811251 0.216284642930622
v 0.0573565543247949 -0.0508547116200185 0.18769430936079
v 0.0574922759327653 -0.0507719451490614 0.187556930172354
v 0.0577087677199797 0.0335927788483109 0.215581981722663
v 0.0577753897620535 -0.0970178898129 0.0887309808132784
v 0.0581401650819626 0.03308297681921 0.215524567562157
v 0.0589433527385786 0.0947369773072548 0.0934105539581064
v 0.0590283463559945 0.105988278199397 0.0539918237622068
v 0.0593268854546954 0.0304399759857338 0.214413111160021
v 0.059583086885261 -0.0285153162132288 0.215848694102409
v 0.0598508674390428 0.102480503540144 0.0663052235453844
v 0.0601816281021057 0.0346436770283133 0.207619614636592
v 0.060236009843054 -0.0246271031021307 0.218531250900625
v 0.0608134978358671 -0.0242196659817739 0.217527264252907
v 0.060914268118211 -0.0237390069364227 0.217860476197618
v 0.0609306146138424 -0.0914326894306889 0.0853258516986438
v 0.0609604727188933 -0.0237723063622548 0.217698345499747
v 0.0609682343001136 -0.0236199443148352 0.217764985792323
v 0.0610171611791619 0.104591424205953 0.0567073724073789
v 0.061187944271415 -0.000884428428560124 0.230600191111144
v 0.0612008146920663 -0.022889430816441 0.217482641298714
v 0.0612014326442436 -0.0239459649816178 0.216852823619263
v 0.0612399487464152 0.105048123512981 0.0539132350395129
v 0.0617517272289686 0.0798839621148167 0.126593184800769
v 0.0619816076480781 -0.0491891210133497 0.181298313475389
v 0.0621033431567906 -0.0939578776039038 0.087968509831003
v 0.0637513020979821 -0.0373341896261701 0.195503862792452
v 0.0639276745007705 -0.0764483034411545 0.130863701281661
v 0.063936724705136 -0.015931583392733 0.21480625646906
v 0.0648161004972149 0.0994504946059699 0.0641226250974971
v 0.0648420399636017 -0.0643365691601546 0.155709611805525
v 0.0653087773583265 0.0194868899125693 0.21063176045658
v 0.0653767496882696 -0.0538625301987143 0.125792863885623
v 0.0659186779480872 0.0987362617836297 0.0635994967628655
v 0.0659762866717041 -0.0316601810382217 0.168463809154415
v 0.0660303004107662 -0.0109089132050563 0.212578869000194
v 0.0661485930111262 0.0176595940592276 0.210414759703594
v 0.0663321752158957 0.0167103582702156 0.210081734612807
v 0.0666029803876198 -0.0905214044337855 0.0879316023522503
v 0.06665977622454 -0.0748912265061112 0.129662865976036
v 0.0667095827697138 0.0180012033896519 0.208576393861442
v 0.0669360501621843 0.0673220354682732 0.147927715929377
v 0.0669636439158626 0.100685246982267 0.0540722042886839
v 0.0670692239978227 0.100601244186726 0.0540757984915052
v 0.0675963058880278 -0.0474552061104269 0.173581543138383
v 0.0682576811214854 -0.0892380785592422 0.0879028380493856
v 0.068387055924635 0.0243329301261582 0.198751840949418
v 0.0687517814989087 0.0759928609894533 0.122688340721022
v 0.0691396725308063 0.0294302034545886 0.192201886775983
v 0.0692276395144744 -0.0476849337263747 0.1703484963711
v 0.0695924837295756 -0.0706466806382734 0.134568706145443
v 0.0696687027233049 0.00168403702459165 0.206760150347332
v 0.0697350086232525 0.00317569270696584 0.206017896633591
v 0.0698319976093087 0.0336201384040158 0.186889011225406
v 0.0699468817731887 -0.0190168898002626 0.198002912115821
v 0.0700919760908646 0.00181222874564863 0.205570297530028
v 0.0703905390352707 0.0862718660316372 0.0931407432113435
v 0.0704632671486865 0.0896545532939696 0.0557398064087091
v 0.0706591366157475 -0.0101735264411457 0.199311134284861
v 0.0706595667505009 0.00547055124855802 0.202657819384928
v 0.0707292510898327 0.0194002760695364 0.198109212475122
v 0.0707955914545011 -0.0119803908176235 0.198413631305385
v 0.0709311197825478 0.0441769777407211 0.173719115158313
v 0.0710451443763616 0.0421840964305702 0.176482812618246
v 0.0710946169664691 -0.0405962272603417 0.176580362069108
v 0.071139059748737 -0.0721712173903723 0.127660029726344
v 0.0716627997511097 0.00228796524106004 0.201154595761673
v 0.0718249497659914 -0.0172611452712953 0.194381339711938
v 0.0725015670685674 0.00936737281958002 0.196838781741133
v 0.0726730889965552 -0.0257407763636668 0.186518958798804
v 0.0726998725421853 -0.0262086885969606 0.186050595169753
v 0.0730901417872504 0.0733719546676956 0.120792221448571
v 0.0736256283279752 -0.0696792141959493 0.126348093296118
v 0.0736850076533395 -0.0481368016660204 0.161420625040664
v 0.0740206686338038 0.0939184462370634 0.0582746674118928
v 0.0740295701049572 -0.0517150645904533 0.155875875371868
v 0.0740807121643029 0.0495626048997816 0.159919658070381
v 0.0743612895506873 -0.0575354402821134 0.146166038883477
v 0.0744089728398984 0.0646133237142789 0.111688636929724
v 0.0745964477475356 -0.0369388416084908 0.172706494016234
v 0.0746550499682042 -0.0418157841279006 0.168272640933163
v 0.0748463842125592 0.0507873630132752 0.156809115501908
v 0.0748991578078327 -0.0584029242751221 0.143688963592715
v 0.0760440599441749 0.0707732365084475 0.118629192748545
v 0.0761627265846219 0.0540387346345619 0.149851351751486
v 0.0768632762978038 -0.0617311354671388 0.133727626092094
v 0.0769427729259319 0.0582405006937282 0.140437203222347
v 0.0771291120475849 -0.0780759092797111 0.100901996138923
v 0.0780510248508516 -0.0611364128610103 0.132128047294362
v 0.078600717396417 -0.0109267010486882 0.181315288238023
v 0.0788080191652345 0.0613634354224556 0.130379730323654
v 0.0789488710229839 0.0803252672088296 0.0917087631971555
v 0.0794598252843906 0.0796338163414203 0.0927061086781475
v 0.0796439596763992 0.0798159338487077 0.0915821214988779
v 0.0799222198352312 -0.0436199504135186 0.155982512623043
v 0.0799786343782363 -0.0804772004768865 0.0866869885080988
v 0.0800537314703105 0.0484370004807173 0.150662573044985
v 0.0802280687962636 0.0640091282338801 0.121651465272482
v 0.0805189012837022 0.0228076298711714 0.172617048413978
v 0.0806686584132934 0.0786265327502138 0.0912234372648609
v 0.0807388697723962 0.0541819794088916 0.0574484082998601
v 0.0811904680670482 -0.063935005519104 0.118716125382648
v 0.0812930801693078 -0.0635777288224117 0.119166207877968
v 0.0813695837394904 -0.0637973987677494 0.118534777468868
v 0.0814999113589072 0.0667083606913474 0.113183414380165
v 0.0815534606314702 0.0295681115673444 0.123574201978202
v 0.0816864443824001 -0.0626882450327026 0.119936351258708
v 0.0819008379542007 -0.0122785937100869 0.0808124110626858
v 0.0821386773387601 -0.0640730042001493 0.116032237573222
v 0.0823193561888561 0.059601077978256 0.125189614721809
v 0.0826211030430314 0.0878572335943077 0.0558793531471542
v 0.0827749599807123 -0.0622944455985226 0.117953983160639
v 0.0828779411828022 -0.0584921066029497 0.125236731944383
v 0.0834908485692976 0.0666089250427388 0.0868071705250304
v 0.0837545038947953 -0.0580119034866116 0.123985276634832
v 0.08399681731295 0.0746298976551819 0.0900060833319648
v 0.0841005017723207 -0.0647453828435632 0.109322270860335
v 0.0844436642162093 -0.0576300274988745 0.12299392105904
v 0.0853219966119664 0.0528044448327522 0.130264916090562
v 0.0854732829938932 0.0855814066654567 0.0559989553059278
v 0.0855690311071399 -0.074292160660965 0.0840669778279767
v 0.0856948190041612 0.0676134370070748 0.10104035780795
v 0.086213932154472 0.051432732112093 0.13060847164769
v 0.0862728620399334 0.0677271226631368 0.0989372643370535
v 0.0866467406794374 -0.0514719142086967 0.129647807544077
v 0.0869878841567573 -0.0619815401827131 0.072481149467118
v 0.0870568612241615 0.064799287728644 0.103232640795494
v 0.087143720721773 0.0648201145040139 0.102977089169985
v 0.0871618797428189 -0.0727244272683338 0.0828693198463708
v 0.0872777995737018 -0.0253002334234538 0.155989883481646
v 0.0875374419827659 -0.0656775655644349 0.0980714325092635
v 0.0895720948176059 0.0698773305851236 0.0834180593410361
v 0.0896944053468623 -0.0545241230971189 0.115103300357319
v 0.0900667256607804 -0.0662653789795201 0.0890335969440767
v 0.0900821874607491 0.025986290262681 0.150104536381499
v 0.0903789997920446 -0.0663226280410541 0.0879532918124876
v 0.0904091412339062 0.0659385130662701 0.0899814705174128
v 0.0907478579329413 -0.0537195647139012 0.113892573343314
v 0.0911970692473478 0.0391206342261505 0.131689000461286
v 0.0912697782390338 0.0389396164430838 0.131704518896427
v 0.091596137944634 0.000365543856116285 0.154853756644628
v 0.091671611407314 0.0774228698951563 0.0564093841103152
v 0.0917194367185239 0.0694182579347959 0.0776693141224848
v 0.0925017090991877 0.0544905046182308 0.110139054679327
v 0.0930791816575273 -0.0667748594603394 0.0782990979104018
v 0.093453473157495 0.0689821039020441 0.0728423890495633
v 0.0946597890687063 -0.0109553489201827 0.143314722263511
v 0.0947328411410173 -0.0287073904316647 0.133805479102378
v 0.0952235653836346 -0.0482731563106677 0.106928798604149
v 0.0953366393653364 0.0599732387839421 0.0882916719831419
v 0.0954244485053465 -0.0562826080294075 0.0959265472155866
v 0.0965571924229739 0.0326891630882986 0.0829743696731737
v 0.096863437878932 0.0651319194500715 0.071360036780481
v 0.0968746678286484 -0.0464572610467185 0.104533290681172
v 0.0970930927552501 0.0273309465515112 0.129560021145109
v 0.097184084022453 -0.0463420519095814 0.103791448110388
v 0.0976867216262553 0.0568196131961483 0.0882083739181717
v 0.0978926791913906 0.0238611307474006 0.128501377408338
v 0.0980929536503124 0.0235257647182293 0.128047006503715
v 0.0984893398143395 -0.0625661758095922 0.0711788274438951
v 0.0992779154782152 0.0277499845346256 0.123157691940068
v 0.10011247457742 -0.0449453318662861 0.0963110139759105
v 0.100216372001922 -0.0292120107514268 0.117344621032378
v 0.100256214400658 -0.0600904725418764 0.0714850933386284
v 0.100496042286579 0.0621049815496449 0.0669045345426447
v 0.100906914183115 0.0186616201127545 0.121367908165745
v 0.101170635522346 -0.0576891025240554 0.0718646611061831
v 0.102140937568788 0.0590021608734283 0.0689431829149636
v 0.102206383483578 0.0588498461312129 0.0690918798260426
v 0.102522957697251 -0.0434259048906933 0.089599048662718
v 0.103438902836169 0.0443385591487822 0.0870251860727477
v 0.10353249812362 0.00811648111743617 0.103486225206306
v 0.103990777950077 -0.0505733051153946 0.0729780011614849
v 0.104140063072249 0.0493035296514684 0.0769150664791313
v 0.104411406730265 0.0123545318778022 0.112566267287975
v 0.104608478641952 -0.00198981848678781 0.117300992711414
v 0.104766834212608 -0.0382762814720655 0.0893392291678684
v 0.105058983541085 0.0471294756787623 0.0770028940475816
v 0.106234617913065 0.0362162037175725 0.0896093991730102
v 0.106235490388522 0.0107559754653045 0.107355402737069
v 0.106306133601796 -0.0299669120068392 0.0968189582541725
v 0.106337936967615 0.0360404574195645 0.0895137296940416
v 0.106950740551954 0.0307272145796896 0.0955082286087016
v 0.107383417949276 0.00535152826791107 0.105720360620917
v 0.107936371297532 -0.0312942431274146 0.0890137990897717
v 0.108615489752174 0.0380871024553639 0.0774661305148388
v 0.109090002517144 0.00542310865661831 0.100259312024926
v 0.109223867269575 0.0308016552834133 0.0865841281284839
v 0.10989625086988 -0.0359686687553979 0.074849597377949
v 0.110243620724873 -0.0190983473850254 0.0877639868985377
v 0.110739258521635 0.00317983026897077 0.0958461650652577
v 0.110754634045934 0.0308517850694854 0.0805744690900711
v 0.110851530562724 0.0255938029039656 0.0831737970867871
v 0.110936893328344 -0.0337372526835574 0.0746480706515042
v 0.110980886007123 -0.0337730712956369 0.0744374450103253
v 0.111259708681585 0.00361868871351151 0.0940248358544107
v 0.111319518024633 0.00195755437329152 0.0932572462647942
v 0.111498983279685 -0.0310537327172147 0.0741433819665806
v 0.111506542784084 -0.0304218640340093 0.0745512937922475
v 0.111685136564556 -0.0154939255170862 0.0841882370618367
v 0.11173700041838 -0.0059140541071897 0.0746619365977648
v 0.111750661579322 -0.0100169520795416 0.087723975251462
v 0.112738469701325 0.0164871625253482 0.0809585181411777
v 0.113549758323054 -0.0185240583865333 0.0742042150956826
v 0.11366155039364 -0.0105494781292596 0.0792831150849891
v 0.11385211070881 -0.0186963027931019 0.072807405717353
v 0.114142884575686 -0.00384539045072178 0.0810056179423642
v 0.114923794742461 0.00433750522056683 0.0779531272858171
v 0.11508388018481 -0.0103417262677751 0.0734208652465791
v 0.115285685759717 -0.0071017178803915 0.0748239263525352
v 0.11541862996467 -0.00437418130925754 0.0761610801294805
v 0.115511791497188 -0.0039817385226859 0.0759496811512064
v 0.115513004631805 -0.00422899613937075 0.0758635736453418
v 0.115597242377697 0.000451538432704894 0.0771011557393257
f 333 364 332
f 332 528 333
f 338 332 349
f 338 528 332
f 332 364 349
f 334 365 333
f 333 528 334
f 365 364 333
f 341 334 350
f 341 365 334
f 350 334 358
f 334 528 358
f 339 338 349
f 339 420 338
f 420 528 338
f 339 349 342
f 342 420 339
f 370 341 350
f 370 365 341
f 361 342 349
f 361 420 342
f 361 349 388
f 349 364 417
f 349 417 388
f 358 370 350
f 362 370 358
f 528 362 358
f 361 388 366
f 366 420 361
f 426 370 362
f 412 426 362
f 528 412 362
f 365 392 364
f 364 392 393
f 364 393 417
f 370 427 365
f 365 394 392
f 394 365 398
f 365 399 398
f 427 399 365
f 366 388 379
f 420 366 379
f 426 427 370
f 379 388 482
f 420 379 396
f 396 379 482
f 388 417 478
f 388 449 482
f 388 521 449
f 388 478 521
f 393 392 553
f 394 553 392
f 393 400 403
f 400 393 553
f 393 403 417
f 394 398 553
f 396 443 420
f 462 443 396
f 462 396 482
f 399 405 398
f 398 405 553
f 411 405 399
f 399 419 411
f 399 448 419
f 427 448 399
f 403 400 530
f 400 553 530
f 403 423 417
f 530 423 403
f 553 405 411
f 411 419 553
f 424 426 412
f 528 424 412
f 423 428 417
f 417 428 444
f 464 417 444
f 478 417 464
f 553 419 448
f 420 443 462
f 420 462 476
f 420 476 499
f 420 499 524
f 420 524 528
f 530 428 423
f 424 454 426
f 528 454 424
f 426 508 427
f 426 454 501
f 426 501 498
f 426 498 508
f 427 490 448
f 508 490 427
f 444 428 530
f 464 444 530
f 553 448 490
f 449 545 482
f 449 521 545
f 501 454 485
f 528 485 454
f 462 482 476
f 530 478 464
f 476 482 499
f 478 514 521
f 530 514 478
f 482 524 499
f 524 482 542
f 482 545 542
f 501 485 528
f 508 506 490
f 490 506 553
f 501 525 498
f 498 562 508
f 525 529 498
f 529 562 498
f 528 525 501
f 508 510 506
f 506 510 553
f 508 523 510
f 562 523 508
f 553 510 523
f 514 518 521
f 530 518 514
f 521 518 526
f 518 530 526
f 521 526 540
f 554 521 540
f 545 521 566
f 566 521 554
f 523 567 553
f 562 567 523
f 528 524 542
f 675 525 528
f 675 529 525
f 530 540 526
f 542 551 528
f 551 565 528
f 528 565 769
f 675 528 769
f 529 601 562
f 675 601 529
f 530 554 540
f 631 530 553
f 530 566 554
f 566 530 576
f 530 604 576
f 530 631 604
f 551 542 545
f 551 545 599
f 545 566 599
f 551 599 565
f 567 614 553
f 642 553 614
f 632 631 553
f 671 632 553
f 687 553 642
f 693 671 553
f 687 693 553
f 562 578 567
f 562 650 578
f 601 608 562
f 608 645 562
f 562 645 650
f 609 565 599
f 769 565 609
f 599 566 576
f 567 578 614
f 599 576 629
f 629 576 604
f 578 650 614
f 609 599 637
f 629 637 599
f 607 608 601
f 601 611 607
f 675 611 601
f 604 628 629
f 604 631 628
f 607 610 608
f 607 611 610
f 608 610 611
f 608 611 645
f 612 609 637
f 769 609 612
f 611 619 645
f 675 619 611
f 633 612 637
f 769 612 633
f 626 642 614
f 614 650 626
f 619 657 645
f 619 688 657
f 675 688 619
f 626 648 642
f 650 648 626
f 628 632 629
f 628 631 632
f 629 632 671
f 629 694 637
f 629 671 694
f 633 637 638
f 643 633 638
f 769 633 643
f 638 637 643
f 637 704 643
f 637 694 704
f 706 642 648
f 687 642 706
f 769 643 704
f 645 724 650
f 657 688 645
f 688 692 645
f 692 724 645
f 648 650 706
f 650 731 706
f 650 724 731
f 671 693 676
f 671 676 694
f 675 692 688
f 675 725 692
f 675 746 725
f 675 790 746
f 675 769 792
f 675 792 790
f 676 693 720
f 694 676 749
f 676 720 749
f 720 693 687
f 687 706 709
f 709 727 687
f 758 720 687
f 727 745 687
f 687 745 761
f 762 758 687
f 761 762 687
f 725 724 692
f 704 694 705
f 775 705 694
f 775 694 749
f 769 704 705
f 769 705 748
f 775 748 705
f 731 709 706
f 731 727 709
f 749 720 739
f 758 739 720
f 725 746 724
f 724 793 731
f 746 797 724
f 724 797 793
f 731 768 727
f 727 768 745
f 731 793 768
f 758 749 739
f 761 745 759
f 745 768 759
f 790 797 746
f 769 748 785
f 748 775 785
f 762 749 758
f 766 749 762
f 791 749 766
f 791 775 749
f 759 768 761
f 761 764 762
f 768 764 761
f 762 764 766
f 764 791 766
f 768 791 764
f 793 791 768
f 769 785 788
f 769 788 800
f 792 769 798
f 798 769 808
f 769 800 813
f 808 769 818
f 769 813 817
f 769 817 838
f 818 769 819
f 838 819 769
f 788 785 775
f 800 788 775
f 813 775 791
f 813 800 775
f 792 797 790
f 809 791 793
f 835 791 809
f 813 791 834
f 834 791 835
f 798 797 792
f 814 793 797
f 793 814 809
f 798 808 797
f 808 814 797
f 808 818 814
f 836 809 814
f 835 809 836
f 817 813 834
f 825 814 818
f 825 831 814
f 831 838 814
f 838 836 814
f 836 817 834
f 838 817 836
f 819 825 818
f 838 825 819
f 838 831 825
f 836 834 835
f 251 255 279
f 255 251 376
f 251 279 256
f 376 251 256
f 254 282 255
f 254 255 376
f 265 282 254
f 265 254 376
f 255 282 279
f 256 279 260
f 376 256 260
f 260 306 262
f 376 260 262
f 279 306 260
f 262 306 264
f 264 320 262
f 376 262 320
f 277 264 295
f 277 320 264
f 264 306 295
f 270 282 265
f 270 265 376
f 270 301 282
f 287 301 270
f 287 270 376
f 320 277 295
f 282 317 279
f 306 279 325
f 317 336 279
f 279 336 325
f 301 317 282
f 292 301 287
f 287 450 292
f 376 450 287
f 307 301 292
f 292 450 307
f 320 295 297
f 295 357 297
f 306 357 295
f 320 297 304
f 297 357 304
f 329 301 307
f 352 317 301
f 352 301 329
f 320 304 316
f 316 304 351
f 304 357 351
f 325 339 306
f 306 339 342
f 306 342 361
f 306 379 357
f 306 361 379
f 322 329 307
f 307 450 322
f 320 316 330
f 316 351 330
f 317 356 336
f 352 356 317
f 320 330 484
f 484 376 320
f 329 322 346
f 346 322 367
f 322 450 367
f 333 332 325
f 325 332 339
f 325 334 333
f 336 334 325
f 329 346 401
f 352 329 401
f 330 351 345
f 484 330 345
f 333 528 332
f 339 332 338
f 332 528 338
f 528 333 334
f 336 341 334
f 334 341 350
f 334 350 358
f 334 358 528
f 350 341 336
f 336 362 350
f 356 362 336
f 338 420 339
f 528 420 338
f 339 420 342
f 342 420 361
f 345 351 347
f 345 347 484
f 401 346 367
f 353 347 351
f 347 353 484
f 350 362 358
f 351 500 353
f 351 357 452
f 351 452 500
f 407 356 352
f 352 401 474
f 352 474 407
f 353 395 484
f 353 500 395
f 412 362 356
f 407 424 356
f 356 424 412
f 357 379 443
f 357 443 462
f 357 476 452
f 357 462 476
f 358 362 528
f 379 361 366
f 361 420 366
f 362 412 528
f 366 420 379
f 401 367 380
f 450 380 367
f 376 685 450
f 711 376 484
f 685 376 863
f 863 376 711
f 379 420 396
f 443 379 396
f 450 390 380
f 380 390 483
f 380 483 401
f 450 459 390
f 459 483 390
f 438 395 441
f 484 395 438
f 395 500 441
f 420 443 396
f 401 495 474
f 483 495 401
f 407 511 424
f 474 511 407
f 412 424 528
f 420 462 443
f 462 420 476
f 420 499 476
f 420 524 499
f 420 528 524
f 424 511 454
f 424 454 528
f 438 441 484
f 441 509 484
f 441 500 497
f 441 497 509
f 450 470 459
f 450 481 470
f 450 491 481
f 450 538 491
f 557 538 450
f 685 557 450
f 452 476 541
f 500 452 543
f 452 541 543
f 454 511 485
f 454 485 528
f 470 483 459
f 470 481 483
f 495 583 474
f 583 511 474
f 541 476 499
f 481 491 483
f 491 538 483
f 483 575 495
f 538 575 483
f 484 509 536
f 484 536 556
f 484 556 591
f 484 591 711
f 485 511 501
f 485 501 528
f 575 552 495
f 552 583 495
f 497 500 509
f 499 524 542
f 499 542 541
f 509 500 536
f 500 589 536
f 500 543 589
f 511 529 501
f 501 525 528
f 501 529 525
f 511 601 529
f 583 601 511
f 524 528 542
f 525 675 528
f 529 675 525
f 542 528 551
f 551 528 565
f 769 565 528
f 675 769 528
f 601 675 529
f 536 589 556
f 557 575 538
f 541 542 551
f 543 541 605
f 541 551 565
f 541 565 609
f 605 541 609
f 605 589 543
f 552 575 583
f 556 589 591
f 557 572 575
f 685 572 557
f 769 609 565
f 572 613 575
f 685 613 572
f 575 646 583
f 613 665 575
f 575 665 646
f 583 607 601
f 607 583 610
f 583 646 610
f 591 589 625
f 605 644 589
f 625 589 636
f 644 636 589
f 591 625 711
f 607 611 601
f 611 675 601
f 612 605 609
f 605 612 633
f 605 633 644
f 607 610 611
f 769 612 609
f 611 610 667
f 610 646 667
f 611 667 619
f 619 675 611
f 612 769 633
f 639 665 613
f 685 639 613
f 619 667 657
f 688 619 657
f 675 619 688
f 625 636 681
f 625 681 696
f 625 696 711
f 638 633 643
f 644 633 638
f 633 769 643
f 644 664 636
f 636 664 681
f 713 638 643
f 644 638 713
f 639 670 665
f 685 670 639
f 643 704 705
f 643 769 704
f 643 705 713
f 644 740 664
f 644 713 740
f 665 754 646
f 646 754 667
f 667 726 657
f 657 726 688
f 664 740 681
f 670 700 665
f 665 700 770
f 665 770 754
f 667 799 726
f 754 799 667
f 685 683 670
f 670 683 700
f 675 688 692
f 675 692 725
f 675 725 746
f 675 746 790
f 675 792 769
f 675 790 792
f 734 696 681
f 773 734 681
f 773 681 740
f 685 700 683
f 685 770 700
f 685 774 770
f 774 685 810
f 822 810 685
f 832 822 685
f 832 685 878
f 878 685 863
f 688 725 692
f 726 725 688
f 734 711 696
f 769 705 704
f 748 713 705
f 748 705 769
f 711 734 773
f 711 773 786
f 802 711 786
f 844 711 802
f 711 844 863
f 740 713 807
f 713 748 785
f 713 785 807
f 726 746 725
f 726 790 746
f 726 792 790
f 726 798 792
f 799 798 726
f 740 786 773
f 740 802 786
f 802 740 828
f 740 807 828
f 785 748 769
f 770 774 754
f 774 810 754
f 754 822 799
f 754 810 822
f 788 785 769
f 769 800 788
f 769 792 798
f 769 798 808
f 769 813 800
f 808 818 769
f 769 817 813
f 769 838 817
f 818 819 769
f 769 819 838
f 827 785 788
f 827 807 785
f 827 788 800
f 798 799 808
f 799 823 808
f 822 853 799
f 799 865 823
f 853 865 799
f 827 800 813
f 828 844 802
f 807 827 889
f 807 844 828
f 807 876 844
f 807 889 876
f 823 818 808
f 827 813 817
f 827 817 837
f 817 836 834
f 817 834 837
f 817 838 836
f 823 819 818
f 823 825 819
f 838 819 825
f 822 832 853
f 865 825 823
f 831 838 825
f 825 864 831
f 865 864 825
f 875 827 837
f 875 892 827
f 892 889 827
f 864 838 831
f 846 853 832
f 878 846 832
f 834 836 835
f 837 834 835
f 837 835 836
f 838 837 836
f 864 837 838
f 864 875 837
f 863 844 876
f 872 853 846
f 878 872 846
f 853 896 865
f 872 880 853
f 880 896 853
f 876 887 863
f 878 863 912
f 887 892 863
f 892 915 863
f 912 863 919
f 915 920 863
f 919 863 936
f 920 921 863
f 921 936 863
f 903 864 865
f 903 875 864
f 865 896 898
f 898 901 865
f 901 904 865
f 904 903 865
f 878 880 872
f 892 875 920
f 903 921 875
f 921 920 875
f 887 876 889
f 896 880 878
f 901 896 878
f 878 904 901
f 878 912 904
f 887 889 892
f 915 892 920
f 901 898 896
f 912 903 904
f 919 903 912
f 919 935 903
f 936 921 903
f 935 936 903
f 935 919 936
f 102 93 78
f 114 78 93
f 102 78 114
f 96 114 93
f 151 96 93
f 102 151 93
f 99 144 96
f 151 99 96
f 144 114 96
f 99 106 103
f 144 99 103
f 99 115 106
f 151 115 99
f 125 102 114
f 151 102 125
f 144 103 106
f 144 106 115
f 126 125 114
f 148 126 114
f 114 144 276
f 114 157 148
f 114 181 157
f 299 181 114
f 114 276 299
f 144 115 123
f 173 123 115
f 173 115 151
f 144 123 142
f 173 142 123
f 126 148 125
f 148 151 125
f 144 142 170
f 173 170 142
f 144 170 242
f 242 268 144
f 144 268 276
f 148 150 151
f 148 157 150
f 157 151 150
f 151 157 181
f 173 151 247
f 151 181 209
f 151 209 246
f 151 246 247
f 173 176 170
f 180 170 176
f 242 170 180
f 176 173 180
f 180 173 195
f 173 218 195
f 218 173 249
f 173 247 261
f 173 261 249
f 195 242 180
f 209 181 299
f 195 218 207
f 207 242 195
f 218 283 207
f 283 242 207
f 299 246 209
f 283 218 249
f 268 242 435
f 242 283 435
f 247 246 253
f 299 253 246
f 247 253 311
f 247 408 261
f 247 311 355
f 247 355 374
f 247 374 408
f 249 261 272
f 283 249 272
f 311 253 299
f 281 272 261
f 408 281 261
f 268 661 276
f 435 661 268
f 283 272 281
f 299 276 503
f 503 276 661
f 283 281 302
f 302 281 408
f 283 302 354
f 283 354 435
f 311 299 355
f 355 299 374
f 374 299 503
f 354 302 318
f 408 318 302
f 318 406 354
f 318 410 406
f 408 410 318
f 354 406 435
f 374 387 384
f 374 384 408
f 503 387 374
f 384 387 408
f 387 422 408
f 387 445 422
f 387 447 445
f 387 493 447
f 503 493 387
f 406 410 503
f 435 406 503
f 408 422 410
f 410 422 503
f 422 445 503
f 661 435 503
f 445 447 503
f 447 493 503
f 777 661 630
f 630 661 916
f 777 630 874
f 874 630 863
f 863 630 918
f 918 630 916
f 991 661 777
f 916 661 991
f 874 962 777
f 777 962 989
f 991 777 989
f 863 937 874
f 918 954 863
f 930 932 863
f 863 952 930
f 932 937 863
f 863 939 936
f 936 943 863
f 863 942 939
f 863 945 942
f 943 952 863
f 951 945 863
f 953 951 863
f 863 954 953
f 937 946 874
f 874 946 960
f 874 960 965
f 974 962 874
f 874 965 970
f 970 974 874
f 916 961 918
f 966 961 916
f 969 966 916
f 972 969 916
f 996 972 916
f 991 1016 916
f 916 998 996
f 916 1001 998
f 916 1016 1001
f 918 963 954
f 918 959 957
f 957 964 918
f 918 961 959
f 964 963 918
f 930 982 932
f 930 952 944
f 944 982 930
f 937 932 982
f 950 936 939
f 950 943 936
f 946 937 947
f 980 947 937
f 980 937 982
f 942 950 939
f 942 945 973
f 942 973 950
f 952 943 950
f 982 944 952
f 951 973 945
f 946 947 980
f 960 946 980
f 982 952 950
f 973 1024 950
f 950 1024 982
f 953 973 951
f 978 953 954
f 978 973 953
f 963 978 954
f 959 978 957
f 957 978 964
f 959 961 978
f 960 980 965
f 961 966 978
f 981 962 974
f 993 962 981
f 989 962 1002
f 1002 962 993
f 978 963 964
f 970 965 968
f 965 980 968
f 969 1008 966
f 966 1008 978
f 980 970 968
f 972 1008 969
f 1006 974 970
f 980 1006 970
f 996 1008 972
f 978 1013 973
f 1013 1024 973
f 981 974 993
f 1002 993 974
f 1006 1002 974
f 1008 1013 978
f 980 982 1018
f 1022 1006 980
f 1022 980 1018
f 1024 1018 982
f 991 989 1055
f 1002 1006 989
f 1006 1022 989
f 1022 1023 989
f 989 1023 1038
f 989 1038 1041
f 989 1041 1055
f 991 1021 1016
f 991 1032 1021
f 991 1037 1032
f 991 1039 1037
f 991 1045 1039
f 991 1053 1045
f 1053 991 1060
f 1055 1084 991
f 1060 991 1068
f 1068 991 1073
f 991 1084 1073
f 998 1008 996
f 1001 1008 998
f 1016 1008 1001
f 1008 1031 1013
f 1021 1008 1016
f 1021 1031 1008
f 1030 1024 1013
f 1031 1030 1013
f 1022 1018 1023
f 1023 1018 1038
f 1024 1042 1018
f 1018 1041 1038
f 1018 1042 1041
f 1032 1031 1021
f 1059 1024 1030
f 1049 1042 1024
f 1059 1049 1024
f 1031 1046 1030
f 1046 1059 1030
f 1032 1046 1031
f 1032 1037 1046
f 1039 1046 1037
f 1045 1064 1039
f 1039 1064 1046
f 1041 1042 1055
f 1042 1049 1055
f 1053 1064 1045
f 1064 1059 1046
f 1049 1058 1055
f 1059 1058 1049
f 1060 1064 1053
f 1063 1055 1058
f 1055 1063 1067
f 1055 1067 1070
f 1055 1070 1084
f 1067 1058 1059
f 1058 1067 1063
f 1064 1085 1059
f 1074 1067 1059
f 1080 1074 1059
f 1085 1080 1059
f 1064 1060 1068
f 1068 1073 1064
f 1073 1085 1064
f 1074 1070 1067
f 1070 1074 1084
f 1073 1084 1083
f 1083 1085 1073
f 1074 1080 1084
f 1080 1090 1084
f 1085 1090 1080
f 1083 1084 1088
f 1088 1085 1083
f 1094 1088 1084
f 1090 1095 1084
f 1095 1094 1084
f 1094 1085 1088
f 1085 1094 1090
f 1090 1094 1095
f 623 634 641
f 623 653 634
f 623 641 677
f 623 717 653
f 623 715 661
f 623 661 916
f 623 677 715
f 623 735 717
f 916 735 623
f 715 630 661
f 661 630 916
f 685 630 715
f 918 630 685
f 916 630 918
f 634 653 641
f 653 677 641
f 653 717 677
f 715 677 686
f 677 717 686
f 715 680 685
f 680 750 685
f 715 689 680
f 689 789 680
f 680 789 750
f 750 767 685
f 685 767 784
f 685 784 804
f 685 804 811
f 685 811 918
f 686 708 699
f 715 686 699
f 717 708 686
f 715 695 689
f 695 789 689
f 697 708 695
f 715 697 695
f 708 789 695
f 698 708 697
f 715 698 697
f 699 708 698
f 715 699 698
f 708 717 735
f 708 735 801
f 826 789 708
f 708 801 826
f 916 801 735
f 767 750 784
f 750 789 784
f 789 804 784
f 804 789 811
f 811 789 862
f 826 914 789
f 789 873 862
f 789 914 873
f 829 826 801
f 916 829 801
f 918 811 862
f 842 826 829
f 826 842 934
f 934 914 826
f 842 829 911
f 829 916 911
f 934 842 911
f 862 873 885
f 918 862 885
f 873 886 885
f 873 908 886
f 873 928 908
f 914 928 873
f 885 886 918
f 908 918 886
f 928 918 908
f 911 916 923
f 934 911 923
f 914 933 928
f 914 957 933
f 934 966 914
f 914 959 957
f 914 961 959
f 914 966 961
f 918 961 916
f 923 916 956
f 956 916 985
f 961 966 916
f 966 969 916
f 972 916 969
f 996 916 972
f 985 916 987
f 987 916 990
f 990 916 996
f 918 928 957
f 918 957 959
f 918 959 961
f 923 949 934
f 949 923 956
f 957 928 933
f 934 949 956
f 934 956 986
f 934 969 966
f 934 972 969
f 996 972 934
f 986 990 934
f 934 990 996
f 986 956 985
f 985 987 986
f 987 990 986
f 962 777 989
f 962 997 777
f 777 991 989
f 1035 991 777
f 777 997 1035
f 981 988 962
f 993 981 962
f 988 1010 962
f 989 1002 962
f 962 1002 993
f 997 962 1010
f 988 981 1027
f 1027 981 993
f 1010 988 1027
f 989 991 1055
f 1006 1002 989
f 1022 1006 989
f 1023 1022 989
f 989 1038 1023
f 989 1041 1038
f 1055 1041 989
f 1084 991 1035
f 1055 991 1084
f 1006 993 1002
f 1027 993 1006
f 1011 997 1010
f 997 1011 1020
f 1033 997 1020
f 997 1033 1040
f 997 1054 1035
f 997 1040 1054
f 1027 1006 1022
f 1011 1010 1027
f 1040 1020 1011
f 1040 1011 1027
f 1033 1020 1040
f 1022 1023 1038
f 1027 1022 1044
f 1022 1038 1044
f 1027 1066 1040
f 1027 1044 1066
f 1062 1035 1054
f 1065 1035 1062
f 1076 1035 1065
f 1035 1076 1084
f 1041 1044 1038
f 1054 1040 1062
f 1040 1066 1062
f 1042 1044 1041
f 1055 1042 1041
f 1049 1044 1042
f 1055 1049 1042
f 1049 1063 1044
f 1063 1079 1044
f 1079 1066 1044
f 1055 1058 1049
f 1058 1063 1049
f 1055 1063 1058
f 1055 1067 1063
f 1055 1070 1067
f 1084 1070 1055
f 1062 1066 1065
f 1070 1063 1067
f 1070 1079 1063
f 1071 1065 1066
f 1071 1076 1065
f 1076 1071 1066
f 1086 1076 1066
f 1086 1066 1079
f 1079 1070 1074
f 1084 1074 1070
f 1080 1079 1074
f 1084 1080 1074
f 1084 1076 1086
f 1080 1097 1079
f 1091 1086 1079
f 1097 1091 1079
f 1084 1090 1080
f 1080 1090 1097
f 1086 1091 1084
f 1084 1095 1090
f 1084 1091 1095
f 1095 1097 1090
f 1095 1091 1097
f 87 77 94
f 100 77 87
f 100 94 77
f 112 87 94
f 97 87 112
f 128 87 97
f 100 87 128
f 112 94 100
f 104 98 97
f 97 98 128
f 104 97 116
f 97 112 116
f 128 98 104
f 116 112 100
f 100 153 116
f 213 100 118
f 118 100 238
f 238 100 128
f 100 213 153
f 109 108 104
f 128 104 108
f 109 104 177
f 104 116 164
f 104 164 177
f 108 109 128
f 109 141 128
f 141 109 168
f 109 177 168
f 116 153 164
f 118 268 213
f 118 238 268
f 128 141 168
f 128 168 178
f 128 178 239
f 239 238 128
f 153 154 164
f 153 213 154
f 154 161 164
f 213 161 154
f 164 161 177
f 177 161 171
f 213 171 161
f 177 200 168
f 168 200 178
f 171 182 177
f 213 182 171
f 182 186 177
f 186 214 177
f 200 177 271
f 214 229 177
f 177 229 271
f 178 200 188
f 178 188 239
f 186 182 213
f 214 186 213
f 188 200 197
f 239 188 197
f 197 200 271
f 239 197 237
f 257 237 197
f 257 197 271
f 229 214 213
f 213 274 229
f 466 213 268
f 466 274 213
f 271 229 274
f 239 237 257
f 239 544 238
f 580 268 238
f 580 238 544
f 239 257 285
f 239 285 544
f 323 257 271
f 323 285 257
f 268 777 466
f 777 268 580
f 271 274 305
f 271 305 439
f 323 271 418
f 271 439 418
f 274 368 305
f 466 368 274
f 544 285 323
f 439 305 368
f 369 323 418
f 323 369 544
f 439 368 371
f 368 451 371
f 368 469 451
f 466 469 368
f 397 369 415
f 369 397 544
f 369 418 415
f 371 451 439
f 413 397 415
f 397 413 425
f 397 425 544
f 413 415 425
f 415 418 532
f 425 415 480
f 415 532 480
f 418 439 515
f 418 515 590
f 418 590 532
f 425 480 544
f 439 451 471
f 439 471 473
f 439 473 515
f 471 451 469
f 471 469 466
f 473 471 466
f 594 473 466
f 594 466 778
f 466 777 778
f 473 519 515
f 594 519 473
f 480 532 512
f 564 480 512
f 544 480 564
f 512 532 555
f 564 512 555
f 515 519 527
f 527 590 515
f 594 527 519
f 527 560 590
f 594 560 527
f 532 590 555
f 564 640 544
f 544 777 580
f 544 640 669
f 544 669 719
f 544 719 778
f 778 777 544
f 555 590 564
f 560 588 590
f 588 560 594
f 564 590 585
f 564 585 640
f 585 590 640
f 597 590 588
f 597 588 594
f 590 597 600
f 590 600 620
f 590 620 647
f 640 590 669
f 590 647 669
f 600 597 594
f 594 620 600
f 647 620 594
f 778 647 594
f 669 647 718
f 778 718 647
f 719 669 718
f 736 719 718
f 736 718 742
f 778 742 718
f 778 719 736
f 787 736 742
f 778 736 782
f 787 782 736
f 794 742 778
f 794 787 742
f 778 782 794
f 794 782 787
f 630 466 268
f 268 466 777
f 630 268 777
f 477 469 466
f 594 466 469
f 466 617 477
f 778 466 594
f 466 630 617
f 778 777 466
f 489 469 477
f 502 469 489
f 502 594 469
f 477 617 489
f 502 489 559
f 489 517 559
f 489 617 517
f 502 559 533
f 533 594 502
f 517 571 559
f 571 517 615
f 517 617 615
f 533 559 549
f 549 594 533
f 594 549 558
f 603 558 549
f 549 559 603
f 594 558 587
f 603 587 558
f 559 571 615
f 603 559 655
f 655 559 615
f 594 587 598
f 603 598 587
f 594 598 606
f 606 620 594
f 620 647 594
f 647 778 594
f 606 598 603
f 620 606 603
f 647 620 603
f 647 603 707
f 654 651 603
f 651 707 603
f 654 603 655
f 615 617 616
f 616 655 615
f 616 617 659
f 658 655 616
f 658 616 663
f 616 659 663
f 630 622 617
f 622 658 617
f 658 663 617
f 659 617 668
f 663 672 617
f 668 617 674
f 672 684 617
f 674 617 696
f 684 716 617
f 696 617 711
f 711 617 752
f 737 617 716
f 752 617 737
f 622 630 777
f 654 622 651
f 651 622 701
f 655 622 654
f 658 622 655
f 701 622 741
f 741 622 778
f 622 777 778
f 647 707 718
f 647 718 778
f 651 701 707
f 659 668 663
f 663 668 672
f 672 668 684
f 684 668 674
f 716 684 674
f 734 674 696
f 716 674 737
f 734 752 674
f 737 674 752
f 711 734 696
f 701 721 707
f 721 701 741
f 718 707 733
f 721 733 707
f 773 734 711
f 776 711 752
f 786 773 711
f 786 711 776
f 733 742 718
f 742 778 718
f 721 730 733
f 721 741 730
f 741 733 730
f 741 778 733
f 733 778 742
f 776 752 734
f 734 773 776
f 773 786 776
f 103 106 105
f 144 103 105
f 106 103 144
f 106 111 105
f 105 111 107
f 144 105 107
f 115 111 106
f 115 106 144
f 111 110 107
f 144 107 110
f 111 133 110
f 110 133 119
f 110 119 144
f 123 111 115
f 123 142 111
f 111 185 133
f 142 185 111
f 123 115 144
f 133 120 119
f 119 120 144
f 133 127 120
f 268 120 127
f 144 120 268
f 142 123 144
f 127 163 131
f 268 127 131
f 133 163 127
f 131 163 134
f 131 134 268
f 185 163 133
f 134 152 136
f 134 136 268
f 163 152 134
f 268 136 152
f 142 144 170
f 170 176 142
f 176 185 142
f 170 144 242
f 144 268 242
f 163 162 152
f 210 152 162
f 268 152 210
f 163 165 162
f 167 162 165
f 210 162 167
f 167 165 163
f 183 167 163
f 184 183 163
f 190 184 163
f 190 163 185
f 183 210 167
f 180 176 170
f 180 170 242
f 185 176 180
f 185 180 195
f 195 180 242
f 210 183 184
f 210 184 190
f 199 190 185
f 185 195 280
f 185 280 199
f 190 199 210
f 207 195 242
f 207 288 195
f 195 288 280
f 199 206 210
f 199 280 206
f 210 206 212
f 206 280 212
f 283 218 207
f 218 288 207
f 283 207 242
f 210 212 243
f 210 243 313
f 210 435 268
f 210 313 435
f 243 212 313
f 212 280 313
f 218 249 272
f 283 249 218
f 218 272 288
f 435 242 268
f 242 435 283
f 283 272 249
f 283 281 272
f 281 302 272
f 302 288 272
f 280 288 321
f 313 280 321
f 283 302 281
f 354 302 283
f 435 354 283
f 318 288 302
f 318 354 288
f 288 385 321
f 354 385 288
f 354 318 302
f 313 321 328
f 313 328 435
f 321 414 328
f 321 385 414
f 328 414 435
f 385 354 435
f 414 385 435
f 10 11 31
f 38 11 10
f 10 31 14
f 10 14 38
f 12 31 11
f 38 12 11
f 12 16 31
f 12 38 16
f 14 31 15
f 38 14 15
f 31 66 15
f 38 15 66
f 25 19 16
f 16 19 31
f 29 25 16
f 33 29 16
f 37 33 16
f 37 16 118
f 38 118 16
f 25 44 19
f 19 51 31
f 19 44 51
f 29 39 25
f 39 44 25
f 33 39 29
f 51 58 31
f 31 58 72
f 31 82 66
f 77 31 72
f 87 31 77
f 82 31 97
f 97 31 87
f 37 36 33
f 33 36 39
f 37 118 36
f 39 36 118
f 38 66 128
f 118 38 238
f 128 238 38
f 39 118 44
f 44 118 51
f 51 118 58
f 72 58 64
f 64 58 100
f 58 118 100
f 100 72 64
f 66 82 80
f 80 128 66
f 100 77 72
f 87 77 100
f 81 80 82
f 81 128 80
f 81 82 95
f 91 81 95
f 91 128 81
f 95 82 113
f 82 97 98
f 82 98 104
f 82 104 108
f 82 108 109
f 82 109 113
f 128 97 87
f 128 87 100
f 128 91 95
f 128 95 113
f 128 98 97
f 104 98 128
f 118 238 100
f 100 238 128
f 108 104 128
f 128 109 108
f 113 109 141
f 128 141 109
f 113 141 128
f 37 92 36
f 36 118 37
f 39 118 36
f 36 121 39
f 92 121 36
f 40 37 46
f 40 92 37
f 37 118 46
f 44 118 39
f 44 39 121
f 40 46 53
f 53 92 40
f 44 89 51
f 51 118 44
f 44 121 89
f 52 53 46
f 46 118 52
f 51 89 58
f 118 51 58
f 52 92 53
f 59 92 52
f 52 118 59
f 58 64 100
f 64 58 129
f 58 89 129
f 118 58 100
f 79 92 59
f 59 118 79
f 100 64 72
f 72 64 129
f 94 77 72
f 100 72 77
f 94 72 129
f 77 94 100
f 83 92 79
f 79 118 83
f 86 92 83
f 83 118 86
f 86 88 92
f 88 86 118
f 88 101 92
f 101 88 118
f 89 121 143
f 129 89 143
f 101 117 92
f 117 132 92
f 92 132 121
f 100 94 112
f 112 94 129
f 100 112 116
f 100 116 153
f 213 118 100
f 100 153 213
f 117 101 268
f 101 118 268
f 153 116 112
f 112 129 153
f 124 132 117
f 136 124 117
f 136 117 268
f 268 118 213
f 132 145 121
f 121 155 143
f 121 145 146
f 121 146 147
f 121 147 155
f 130 135 124
f 136 130 124
f 124 140 132
f 135 140 124
f 143 166 129
f 129 154 153
f 129 161 154
f 129 158 161
f 129 205 158
f 129 166 205
f 136 135 130
f 132 137 138
f 139 137 132
f 132 138 145
f 140 139 132
f 135 136 268
f 140 135 268
f 139 138 137
f 140 138 139
f 149 138 140
f 145 138 149
f 149 140 268
f 155 169 143
f 166 143 192
f 169 172 143
f 172 191 143
f 191 192 143
f 149 146 145
f 149 147 146
f 149 155 147
f 155 149 169
f 169 149 172
f 149 245 172
f 149 268 245
f 213 153 154
f 213 154 161
f 161 158 171
f 171 158 182
f 182 158 186
f 158 205 186
f 213 161 171
f 196 166 192
f 196 198 166
f 198 235 166
f 166 235 205
f 213 171 182
f 191 172 245
f 182 186 213
f 186 205 229
f 186 214 213
f 214 186 229
f 192 191 245
f 196 192 245
f 198 196 245
f 226 235 198
f 198 245 226
f 205 312 229
f 235 331 205
f 205 335 312
f 205 331 335
f 214 229 213
f 229 274 213
f 268 213 466
f 274 466 213
f 226 241 235
f 241 226 259
f 226 245 269
f 259 226 269
f 229 312 274
f 241 250 235
f 235 250 259
f 269 235 259
f 314 235 269
f 235 314 324
f 235 324 331
f 250 241 259
f 466 245 268
f 466 269 245
f 466 314 269
f 274 312 305
f 305 368 274
f 368 466 274
f 305 312 368
f 312 335 386
f 368 312 371
f 312 389 371
f 312 386 389
f 466 324 314
f 324 466 331
f 335 331 466
f 335 466 386
f 451 368 371
f 469 368 451
f 466 368 469
f 371 389 451
f 389 386 466
f 389 456 451
f 456 389 466
f 451 456 469
f 469 456 466
f 652 634 623
f 623 634 653
f 712 652 623
f 623 653 717
f 623 661 849
f 623 916 661
f 747 712 623
f 623 717 735
f 735 916 623
f 849 747 623
f 634 652 653
f 652 712 653
f 712 717 653
f 661 899 849
f 1009 899 661
f 1009 661 916
f 722 717 712
f 738 722 712
f 747 738 712
f 717 722 735
f 722 738 735
f 735 738 801
f 735 801 916
f 747 801 738
f 747 842 801
f 747 830 842
f 849 830 747
f 801 842 829
f 829 916 801
f 829 842 911
f 829 911 916
f 869 842 830
f 848 830 854
f 869 830 848
f 830 849 854
f 842 869 911
f 854 869 848
f 849 883 854
f 899 883 849
f 860 869 854
f 860 854 870
f 854 883 870
f 860 870 869
f 870 971 869
f 911 869 923
f 923 869 949
f 869 971 949
f 870 883 971
f 899 909 883
f 883 909 922
f 922 971 883
f 899 922 909
f 899 929 922
f 929 899 1009
f 916 911 923
f 916 923 956
f 916 956 985
f 916 985 987
f 987 992 916
f 992 1000 916
f 1000 1014 916
f 1014 1009 916
f 929 971 922
f 956 923 949
f 979 971 929
f 979 929 1009
f 956 949 985
f 949 971 985
f 979 1014 971
f 971 992 985
f 1000 992 971
f 1014 1000 971
f 1004 979 1009
f 979 1004 1019
f 979 1017 1014
f 979 1019 1017
f 985 992 987
f 1009 1012 1004
f 1012 1019 1004
f 1009 1028 1012
f 1014 1017 1009
f 1017 1019 1009
f 1019 1028 1009
f 1012 1028 1019
f 630 617 622
f 622 617 658
f 617 630 711
f 658 617 663
f 663 617 672
f 617 684 672
f 617 716 684
f 711 752 617
f 737 716 617
f 752 737 617
f 622 777 630
f 654 651 622
f 622 651 701
f 655 654 622
f 658 655 622
f 622 701 741
f 778 622 741
f 778 777 622
f 711 630 863
f 630 777 874
f 863 630 874
f 691 651 654
f 691 701 651
f 654 655 691
f 655 658 691
f 658 663 691
f 663 672 691
f 672 684 691
f 691 684 716
f 691 721 701
f 691 716 737
f 691 841 721
f 691 737 795
f 841 691 795
f 701 721 741
f 711 776 752
f 711 786 776
f 711 802 786
f 711 844 802
f 863 844 711
f 741 721 730
f 721 841 730
f 741 730 733
f 730 841 733
f 741 733 778
f 733 742 778
f 742 733 841
f 795 737 752
f 742 794 778
f 742 787 794
f 787 742 841
f 795 752 776
f 786 802 776
f 776 866 795
f 802 866 776
f 778 962 777
f 962 874 777
f 794 850 778
f 850 856 778
f 778 856 962
f 850 794 787
f 850 787 841
f 841 795 866
f 802 844 828
f 802 828 866
f 844 876 828
f 828 895 866
f 876 895 828
f 841 856 850
f 925 856 841
f 841 866 925
f 863 876 844
f 925 907 856
f 962 856 907
f 874 937 863
f 863 887 876
f 863 892 887
f 863 915 892
f 863 920 915
f 863 921 920
f 863 936 921
f 863 932 930
f 930 952 863
f 863 937 932
f 863 943 936
f 863 952 943
f 866 895 947
f 866 960 925
f 946 866 947
f 960 866 946
f 874 946 937
f 960 946 874
f 965 960 874
f 962 974 874
f 970 965 874
f 974 970 874
f 876 887 895
f 887 892 889
f 887 889 895
f 892 895 889
f 895 892 915
f 895 915 920
f 895 920 924
f 924 930 895
f 930 932 895
f 937 895 932
f 947 895 937
f 907 925 955
f 931 907 955
f 907 931 962
f 921 924 920
f 943 924 921
f 921 936 943
f 924 944 930
f 952 924 943
f 952 944 924
f 955 925 974
f 925 960 965
f 965 968 925
f 970 925 968
f 974 925 970
f 930 944 952
f 931 955 962
f 937 946 947
f 955 967 962
f 967 955 981
f 981 955 974
f 962 967 981
f 962 981 974
f 970 968 965
f 1 2 4
f 1 5 2
f 1 4 5
f 2 3 4
f 62 3 2
f 5 8 2
f 8 62 2
f 3 6 4
f 6 3 7
f 3 62 7
f 4 12 5
f 6 13 4
f 4 16 12
f 13 18 4
f 4 19 16
f 4 18 19
f 5 12 8
f 7 13 6
f 9 13 7
f 9 7 62
f 8 11 10
f 38 8 10
f 8 12 11
f 38 62 8
f 17 13 9
f 114 17 9
f 114 9 62
f 38 10 11
f 38 11 12
f 38 12 16
f 17 34 13
f 13 21 18
f 13 20 21
f 13 23 20
f 28 23 13
f 13 50 28
f 34 56 13
f 63 50 13
f 56 60 13
f 60 63 13
f 25 16 19
f 29 16 25
f 33 16 29
f 37 16 33
f 118 16 37
f 38 16 118
f 114 34 17
f 18 25 19
f 18 21 26
f 18 29 25
f 18 26 35
f 33 29 18
f 37 33 18
f 35 37 18
f 21 20 26
f 28 20 23
f 55 26 20
f 55 20 28
f 42 35 26
f 42 26 41
f 41 26 118
f 55 118 26
f 55 28 50
f 56 34 114
f 35 118 37
f 42 118 35
f 38 238 62
f 38 118 238
f 43 42 41
f 43 41 118
f 43 118 42
f 55 50 54
f 63 54 50
f 55 54 114
f 63 68 54
f 68 65 54
f 114 54 65
f 55 114 276
f 55 276 118
f 114 60 56
f 114 63 60
f 276 114 62
f 62 238 276
f 114 68 63
f 68 73 65
f 73 74 65
f 114 65 74
f 68 78 73
f 114 78 68
f 78 74 73
f 114 74 78
f 276 238 118
f 586 618 613
f 685 586 613
f 618 586 685
f 618 639 613
f 685 613 639
f 618 678 639
f 678 618 685
f 639 678 670
f 685 639 670
f 678 680 670
f 670 680 683
f 685 670 683
f 680 678 685
f 683 680 685
f 136 159 135
f 135 268 136
f 135 159 140
f 140 268 135
f 156 159 136
f 156 136 268
f 137 138 139
f 137 175 138
f 139 175 137
f 138 140 139
f 149 140 138
f 149 138 145
f 138 175 145
f 140 159 139
f 159 175 139
f 149 268 140
f 149 145 146
f 145 175 146
f 149 146 147
f 146 175 147
f 147 155 149
f 147 175 155
f 155 169 149
f 169 172 149
f 172 245 149
f 149 245 268
f 155 189 169
f 175 189 155
f 160 159 156
f 160 156 228
f 156 268 228
f 160 174 159
f 174 193 159
f 159 203 175
f 193 203 159
f 174 160 228
f 169 189 172
f 172 189 191
f 172 191 245
f 174 179 193
f 179 174 228
f 175 232 189
f 203 211 175
f 211 231 175
f 175 231 232
f 228 193 179
f 189 204 191
f 189 289 204
f 189 232 234
f 189 234 266
f 189 266 289
f 191 204 192
f 245 191 192
f 196 192 204
f 245 192 196
f 193 194 208
f 228 194 193
f 193 215 203
f 193 208 215
f 228 208 194
f 196 226 198
f 245 196 198
f 204 226 196
f 245 198 226
f 203 219 211
f 215 224 203
f 203 217 220
f 224 217 203
f 203 220 219
f 226 204 241
f 204 273 241
f 204 345 273
f 204 289 291
f 291 330 204
f 330 345 204
f 376 215 208
f 376 208 228
f 211 219 216
f 211 216 221
f 211 221 230
f 211 230 231
f 376 224 215
f 219 221 216
f 224 220 217
f 220 221 219
f 376 221 220
f 376 220 224
f 320 230 221
f 320 221 376
f 259 226 241
f 245 226 269
f 269 226 259
f 228 268 630
f 228 630 376
f 266 231 230
f 266 230 320
f 234 232 231
f 266 234 231
f 250 259 241
f 241 310 250
f 273 310 241
f 245 466 268
f 245 269 466
f 259 250 310
f 269 259 373
f 259 310 373
f 320 289 266
f 466 630 268
f 337 314 269
f 466 269 314
f 337 269 373
f 273 373 310
f 273 345 347
f 353 273 347
f 373 273 353
f 289 296 291
f 320 296 289
f 291 296 316
f 291 316 330
f 296 304 316
f 320 304 296
f 316 304 320
f 314 337 324
f 466 314 324
f 330 316 320
f 320 484 330
f 320 376 484
f 324 337 331
f 466 324 331
f 330 484 345
f 331 337 335
f 466 331 335
f 335 337 386
f 466 335 386
f 337 373 492
f 386 337 475
f 337 492 475
f 345 484 347
f 347 484 353
f 353 395 373
f 353 484 395
f 373 395 438
f 438 440 373
f 373 440 479
f 373 479 494
f 373 494 492
f 484 376 617
f 630 617 376
f 466 386 389
f 389 386 475
f 466 389 456
f 389 475 456
f 484 438 395
f 484 440 438
f 484 479 440
f 466 456 469
f 456 475 469
f 469 477 466
f 617 466 477
f 617 630 466
f 469 475 477
f 477 475 489
f 475 516 489
f 475 492 504
f 516 475 504
f 617 477 489
f 617 479 484
f 617 494 479
f 489 516 517
f 617 489 517
f 492 494 504
f 617 504 494
f 513 516 504
f 617 513 504
f 617 516 513
f 617 517 516
f 710 763 765
f 710 805 763
f 710 765 803
f 710 803 779
f 779 805 710
f 765 763 861
f 763 805 861
f 765 867 803
f 861 867 765
f 779 803 855
f 779 843 805
f 779 857 843
f 779 855 868
f 861 857 779
f 867 861 779
f 868 867 779
f 855 803 867
f 861 805 843
f 843 857 861
f 868 855 867
f 779 580 777
f 777 580 984
f 984 580 779
f 777 858 779
f 777 997 858
f 984 997 777
f 779 881 857
f 779 857 941
f 779 858 881
f 984 779 941
f 847 840 851
f 859 840 847
f 858 851 840
f 858 840 859
f 847 851 879
f 859 847 879
f 858 879 851
f 857 881 894
f 941 857 894
f 858 859 881
f 858 890 879
f 890 858 940
f 997 940 858
f 881 859 879
f 881 879 894
f 890 894 879
f 975 894 890
f 975 890 940
f 941 894 913
f 913 894 975
f 913 917 941
f 913 977 917
f 975 977 913
f 917 958 941
f 917 1003 958
f 917 977 1003
f 997 975 940
f 941 958 994
f 941 994 984
f 958 1003 994
f 997 977 975
f 997 983 977
f 977 983 1026
f 1003 977 1026
f 997 999 983
f 1015 983 999
f 1026 983 1015
f 984 994 1003
f 997 984 1026
f 1003 1025 984
f 1025 1029 984
f 1026 984 1029
f 1015 999 997
f 997 1026 1015
f 1029 1025 1003
f 1029 1003 1026
f 858 777 778
f 778 777 962
f 858 997 777
f 777 997 962
f 778 850 794
f 778 794 858
f 778 856 850
f 962 856 778
f 850 820 794
f 858 794 820
f 858 820 824
f 877 824 820
f 877 820 850
f 858 824 840
f 840 824 877
f 840 851 858
f 851 840 877
f 856 907 850
f 907 877 850
f 851 879 858
f 851 877 879
f 962 907 856
f 879 890 858
f 890 940 858
f 858 940 997
f 879 877 976
f 877 907 931
f 877 931 955
f 877 955 976
f 890 879 940
f 940 879 976
f 962 931 907
f 962 955 931
f 975 940 976
f 997 940 975
f 962 967 955
f 988 955 967
f 976 955 988
f 962 981 967
f 988 981 962
f 962 1005 988
f 997 1007 962
f 962 1007 1005
f 981 988 967
f 976 977 975
f 975 977 997
f 976 983 977
f 1020 983 976
f 976 988 1005
f 1007 976 1005
f 1020 976 1007
f 977 983 997
f 983 999 997
f 1020 999 983
f 997 999 1020
f 997 1020 1007
f 136 152 160
f 268 152 136
f 136 160 156
f 268 136 156
f 152 162 160
f 210 162 152
f 210 152 268
f 156 160 228
f 268 156 228
f 160 162 174
f 160 174 228
f 162 167 165
f 165 187 162
f 210 167 162
f 162 187 174
f 233 165 167
f 233 187 165
f 210 183 167
f 183 233 167
f 187 179 174
f 174 179 228
f 187 193 179
f 228 179 193
f 202 183 184
f 210 184 183
f 202 233 183
f 199 184 190
f 210 190 184
f 202 184 199
f 187 201 193
f 233 201 187
f 199 190 210
f 201 194 193
f 228 193 194
f 194 201 228
f 199 212 202
f 206 199 210
f 199 206 212
f 201 225 228
f 233 225 201
f 202 212 243
f 202 326 233
f 202 243 326
f 212 206 210
f 243 212 210
f 210 313 243
f 268 435 210
f 435 313 210
f 228 225 227
f 233 227 225
f 228 227 278
f 233 284 227
f 227 284 278
f 228 630 268
f 228 278 290
f 228 290 300
f 228 300 450
f 450 630 228
f 233 343 284
f 233 326 343
f 243 313 326
f 268 630 435
f 278 284 290
f 290 284 300
f 300 284 363
f 284 343 363
f 348 300 363
f 450 300 348
f 313 321 326
f 313 328 321
f 435 328 313
f 321 328 326
f 328 416 326
f 326 460 343
f 326 416 460
f 328 414 416
f 414 328 435
f 343 433 363
f 343 436 433
f 343 460 436
f 360 348 363
f 348 360 450
f 372 360 363
f 360 372 450
f 363 404 372
f 363 433 404
f 372 404 390
f 372 390 450
f 404 450 390
f 433 450 404
f 414 435 416
f 416 435 437
f 416 437 460
f 433 436 434
f 434 450 433
f 450 434 436
f 437 435 458
f 467 435 457
f 630 457 435
f 467 458 435
f 450 436 457
f 457 436 461
f 436 460 461
f 437 458 460
f 457 630 450
f 465 457 461
f 457 465 468
f 468 467 457
f 458 467 460
f 460 463 461
f 460 465 463
f 467 465 460
f 465 461 463
f 467 468 465
f 863 630 685
f 630 918 685
f 863 918 630
f 767 781 685
f 685 784 767
f 781 816 685
f 685 804 784
f 685 811 804
f 918 811 685
f 821 685 816
f 839 685 821
f 845 685 839
f 871 685 845
f 863 685 878
f 878 685 871
f 781 767 784
f 784 816 781
f 784 804 816
f 804 811 839
f 816 804 821
f 821 804 839
f 839 811 862
f 918 862 811
f 845 839 910
f 839 862 910
f 845 884 871
f 910 884 845
f 862 885 910
f 918 885 862
f 878 912 863
f 912 919 863
f 954 918 863
f 919 936 863
f 936 939 863
f 939 942 863
f 942 945 863
f 945 951 863
f 951 953 863
f 953 954 863
f 871 884 878
f 884 893 878
f 893 897 878
f 897 901 878
f 901 904 878
f 904 912 878
f 910 893 884
f 885 886 910
f 918 886 885
f 918 908 886
f 908 948 886
f 886 948 910
f 893 905 897
f 910 905 893
f 897 900 901
f 897 905 900
f 905 901 900
f 905 904 901
f 938 904 905
f 938 912 904
f 910 938 905
f 918 928 908
f 928 948 908
f 948 938 910
f 938 919 912
f 957 928 918
f 954 963 918
f 918 964 957
f 918 963 964
f 919 935 936
f 935 919 942
f 938 942 919
f 933 948 928
f 957 933 928
f 933 964 948
f 933 957 964
f 939 936 935
f 942 939 935
f 938 945 942
f 938 951 945
f 954 938 948
f 953 951 938
f 954 953 938
f 963 954 948
f 964 963 948
f 50 30 28
f 55 28 30
f 55 50 28
f 50 47 30
f 55 30 47
f 50 61 47
f 55 47 114
f 47 61 114
f 55 54 50
f 50 54 61
f 114 54 55
f 61 54 65
f 65 54 114
f 65 75 61
f 61 75 114
f 74 75 65
f 74 65 114
f 78 75 74
f 78 74 114
f 75 78 114
f 48 49 43
f 43 118 48
f 118 43 49
f 48 79 49
f 48 57 79
f 48 118 57
f 49 79 59
f 118 49 59
f 67 86 57
f 67 57 118
f 57 86 79
f 79 118 59
f 67 71 86
f 71 67 144
f 67 118 144
f 70 84 71
f 70 71 144
f 76 105 70
f 76 70 144
f 70 107 84
f 70 105 107
f 71 84 86
f 85 103 76
f 85 76 144
f 103 105 76
f 79 86 83
f 83 118 79
f 86 118 83
f 86 84 88
f 84 101 88
f 101 84 117
f 107 110 84
f 110 119 84
f 84 122 117
f 119 120 84
f 120 127 84
f 127 122 84
f 144 103 85
f 88 118 86
f 101 118 88
f 268 101 117
f 268 118 101
f 105 103 144
f 107 105 144
f 110 107 144
f 144 119 110
f 122 124 117
f 136 117 124
f 268 117 136
f 118 268 144
f 144 120 119
f 268 127 120
f 268 120 144
f 122 130 124
f 127 131 122
f 136 130 122
f 131 134 122
f 134 136 122
f 130 136 124
f 268 131 127
f 134 131 268
f 136 134 268
f 580 777 984
f 991 777 580
f 991 580 984
f 984 777 997
f 1035 777 991
f 997 777 1035
f 991 984 1035
f 997 1026 984
f 1026 1029 984
f 1029 1036 984
f 984 1057 1035
f 1036 1051 984
f 984 1051 1052
f 984 1052 1057
f 997 1020 1015
f 997 1015 1026
f 1033 1020 997
f 1033 997 1040
f 1054 997 1035
f 1054 1040 997
f 1033 1015 1020
f 1040 1026 1015
f 1033 1040 1015
f 1026 1036 1029
f 1052 1036 1026
f 1052 1026 1040
f 1035 1062 1054
f 1061 1035 1057
f 1069 1035 1061
f 1065 1062 1035
f 1076 1065 1035
f 1076 1035 1069
f 1052 1051 1036
f 1040 1057 1052
f 1040 1054 1057
f 1057 1054 1061
f 1054 1065 1061
f 1065 1054 1062
f 1071 1061 1065
f 1075 1069 1061
f 1075 1061 1071
f 1076 1071 1065
f 1075 1076 1069
f 1075 1071 1076
f 201 222 194
f 228 201 194
f 194 222 208
f 228 194 208
f 227 222 201
f 225 227 201
f 228 225 201
f 208 222 215
f 376 208 215
f 228 208 376
f 222 224 215
f 376 215 224
f 217 223 220
f 220 224 217
f 217 248 223
f 224 248 217
f 248 220 223
f 376 224 220
f 376 220 248
f 222 248 224
f 227 278 222
f 222 263 248
f 298 263 222
f 222 278 290
f 222 290 309
f 298 222 303
f 303 222 309
f 227 225 228
f 278 227 228
f 228 290 278
f 228 300 290
f 450 300 228
f 228 376 630
f 228 630 450
f 263 267 248
f 267 376 248
f 298 267 263
f 450 267 298
f 376 267 450
f 309 290 300
f 298 303 450
f 348 309 300
f 348 300 450
f 450 303 309
f 360 340 309
f 450 309 340
f 360 309 348
f 372 340 360
f 375 340 372
f 450 340 375
f 450 360 348
f 450 372 360
f 372 390 375
f 450 390 372
f 450 375 390
f 630 376 450
f 480 512 507
f 544 480 507
f 564 512 480
f 564 480 544
f 507 512 534
f 544 507 534
f 512 555 534
f 564 555 512
f 534 546 544
f 534 555 546
f 546 579 544
f 640 564 544
f 579 592 544
f 580 777 544
f 779 580 544
f 592 673 544
f 640 544 669
f 669 544 719
f 673 690 544
f 703 544 690
f 729 544 703
f 719 544 778
f 756 544 729
f 772 544 756
f 779 544 772
f 778 544 777
f 546 555 582
f 579 546 582
f 555 564 582
f 564 585 582
f 640 585 564
f 592 579 582
f 779 777 580
f 582 585 640
f 592 582 673
f 582 640 744
f 582 744 673
f 640 669 744
f 669 719 744
f 673 744 690
f 703 690 744
f 729 703 753
f 703 744 753
f 719 736 744
f 736 719 778
f 729 753 756
f 744 736 782
f 782 736 778
f 753 744 812
f 794 744 782
f 806 744 794
f 812 744 806
f 843 756 753
f 753 812 840
f 753 840 847
f 843 753 857
f 753 847 859
f 753 881 857
f 753 859 881
f 772 756 843
f 779 772 805
f 805 772 843
f 778 777 858
f 858 777 779
f 794 782 778
f 778 806 794
f 858 806 778
f 843 779 805
f 857 779 843
f 881 779 857
f 858 779 881
f 806 840 812
f 858 840 806
f 840 859 847
f 858 859 840
f 881 859 858
f 354 406 385
f 435 354 385
f 435 406 354
f 406 429 385
f 385 421 414
f 435 385 414
f 385 429 421
f 410 429 406
f 406 503 410
f 435 503 406
f 410 422 429
f 410 503 422
f 414 421 442
f 414 472 435
f 414 442 472
f 421 429 442
f 442 429 422
f 422 505 442
f 422 503 445
f 445 505 422
f 472 537 435
f 435 661 503
f 435 537 547
f 435 547 623
f 623 661 435
f 505 472 442
f 503 447 445
f 447 505 445
f 503 493 447
f 447 493 505
f 505 537 472
f 503 548 493
f 493 548 505
f 561 548 503
f 581 561 503
f 627 581 503
f 503 661 627
f 505 547 537
f 505 596 547
f 548 561 505
f 505 561 596
f 547 596 593
f 547 593 623
f 596 561 581
f 581 627 596
f 593 596 602
f 593 602 623
f 602 596 621
f 596 656 621
f 627 660 596
f 596 660 656
f 623 602 621
f 621 652 623
f 621 656 652
f 623 652 656
f 623 656 662
f 702 661 623
f 662 702 623
f 627 661 660
f 656 660 662
f 660 661 702
f 662 660 702
f 450 404 390
f 404 459 390
f 450 390 459
f 450 433 404
f 433 470 404
f 404 470 459
f 450 434 433
f 433 434 470
f 434 450 436
f 434 436 461
f 470 434 461
f 450 457 436
f 461 436 457
f 630 457 450
f 450 459 470
f 450 470 481
f 450 481 491
f 491 538 450
f 450 538 557
f 450 557 685
f 450 685 630
f 461 457 465
f 465 457 468
f 468 457 486
f 486 457 520
f 520 457 570
f 570 457 586
f 457 685 586
f 685 457 630
f 463 461 465
f 461 463 481
f 470 461 481
f 463 465 486
f 481 463 491
f 463 486 557
f 491 463 538
f 538 463 557
f 468 486 465
f 557 486 520
f 570 557 520
f 557 570 572
f 557 572 685
f 570 586 572
f 613 572 586
f 572 613 685
f 685 613 586
f 617 376 484
f 484 376 711
f 617 630 376
f 376 630 863
f 863 711 376
f 438 441 440
f 484 438 440
f 484 441 438
f 440 441 497
f 484 440 479
f 479 440 497
f 484 509 441
f 441 509 497
f 479 617 484
f 479 497 494
f 479 494 617
f 484 536 509
f 484 556 536
f 591 556 484
f 711 591 484
f 494 497 504
f 494 504 617
f 504 497 509
f 504 509 536
f 513 504 595
f 513 617 504
f 504 536 595
f 516 513 595
f 513 516 617
f 571 517 516
f 516 517 617
f 516 595 571
f 615 517 571
f 617 517 615
f 536 556 595
f 556 591 595
f 571 595 615
f 595 591 625
f 711 625 591
f 615 595 616
f 616 595 659
f 595 625 636
f 595 636 666
f 595 666 659
f 615 616 617
f 616 659 617
f 711 630 617
f 668 617 659
f 674 617 668
f 696 617 674
f 711 617 696
f 681 636 625
f 696 681 625
f 696 625 711
f 863 630 711
f 664 666 636
f 681 664 636
f 659 666 668
f 664 681 666
f 668 666 674
f 674 666 696
f 696 666 681
f 623 656 652
f 623 652 712
f 623 662 656
f 661 702 623
f 849 661 623
f 702 662 623
f 623 712 747
f 747 849 623
f 652 656 712
f 656 662 723
f 656 723 712
f 743 702 661
f 661 796 743
f 849 796 661
f 662 702 723
f 702 743 723
f 723 722 712
f 712 722 738
f 747 712 738
f 722 723 738
f 747 738 723
f 743 848 723
f 830 747 723
f 848 830 723
f 743 796 854
f 743 854 848
f 747 830 849
f 796 849 854
f 848 854 830
f 854 849 830
f 661 916 991
f 1009 916 661
f 991 1009 661
f 992 987 916
f 916 987 995
f 916 1016 991
f 1000 992 916
f 916 995 1016
f 916 1014 1000
f 916 1009 1014
f 987 992 995
f 991 1056 1009
f 1016 1021 991
f 1021 1032 991
f 1032 1037 991
f 1039 991 1037
f 1039 1045 991
f 1053 991 1045
f 1053 1060 991
f 991 1072 1056
f 1060 1068 991
f 1068 1073 991
f 1072 991 1077
f 1084 991 1073
f 1082 1077 991
f 1087 1082 991
f 1087 991 1084
f 1016 995 992
f 1000 1021 992
f 992 1021 1016
f 1034 1000 1014
f 1034 1021 1000
f 1014 1009 1017
f 1009 1019 1017
f 1009 1028 1019
f 1043 1028 1009
f 1050 1043 1009
f 1056 1050 1009
f 1017 1034 1014
f 1019 1034 1017
f 1019 1028 1034
f 1034 1032 1021
f 1028 1047 1034
f 1028 1043 1047
f 1034 1039 1032
f 1032 1039 1037
f 1034 1045 1039
f 1034 1053 1045
f 1034 1047 1053
f 1050 1047 1043
f 1047 1050 1053
f 1050 1060 1053
f 1056 1060 1050
f 1072 1060 1056
f 1068 1060 1072
f 1077 1068 1072
f 1068 1082 1073
f 1077 1082 1068
f 1082 1083 1073
f 1083 1084 1073
f 1082 1087 1083
f 1084 1083 1088
f 1087 1092 1083
f 1083 1092 1088
f 1092 1087 1084
f 1084 1088 1093
f 1093 1092 1084
f 1092 1093 1088
f 469 471 466
f 594 469 466
f 471 473 466
f 466 473 594
f 469 502 471
f 594 502 469
f 471 502 473
f 519 473 502
f 594 473 519
f 502 533 519
f 594 533 502
f 519 533 527
f 594 519 527
f 527 533 549
f 549 560 527
f 527 560 594
f 594 549 533
f 549 558 560
f 594 558 549
f 558 587 560
f 587 558 594
f 560 587 588
f 594 560 588
f 597 588 587
f 598 587 594
f 598 597 587
f 594 588 597
f 594 597 600
f 606 598 594
f 594 600 620
f 594 620 606
f 600 597 598
f 600 598 606
f 620 600 606
f 621 602 623
f 602 621 634
f 623 602 634
f 623 652 621
f 621 652 634
f 623 634 652
f 239 257 237
f 239 237 258
f 257 252 237
f 258 237 252
f 409 238 239
f 239 238 544
f 409 580 238
f 580 544 238
f 239 285 257
f 239 258 409
f 239 544 285
f 252 257 285
f 323 258 252
f 285 323 252
f 275 258 323
f 409 258 275
f 286 275 397
f 409 275 286
f 397 275 323
f 285 544 323
f 377 308 286
f 409 286 308
f 377 286 413
f 413 286 397
f 308 377 315
f 308 315 409
f 315 377 344
f 315 344 409
f 397 323 369
f 323 544 369
f 359 344 378
f 344 359 409
f 344 377 378
f 409 359 378
f 397 369 544
f 378 377 402
f 377 413 402
f 409 378 402
f 413 397 425
f 425 397 544
f 409 402 432
f 402 413 432
f 409 432 544
f 409 544 580
f 432 413 425
f 432 425 453
f 425 480 453
f 480 425 544
f 432 453 544
f 453 480 544
f 450 376 630
f 450 685 376
f 630 376 863
f 863 376 685
f 630 685 450
f 863 685 630
f 209 240 246
f 240 209 299
f 299 209 246
f 294 240 244
f 244 240 299
f 246 240 294
f 294 244 299
f 299 246 253
f 253 246 311
f 311 246 294
f 253 311 299
f 327 294 299
f 311 294 383
f 294 327 381
f 294 381 383
f 299 311 355
f 299 503 327
f 299 355 374
f 299 374 503
f 355 311 383
f 381 327 391
f 327 503 391
f 355 383 374
f 374 383 384
f 384 387 374
f 387 503 374
f 381 391 383
f 383 387 384
f 383 488 387
f 391 430 383
f 430 488 383
f 387 488 493
f 493 503 387
f 391 503 430
f 488 430 493
f 430 503 493
f 414 431 416
f 416 435 414
f 421 431 414
f 421 414 442
f 414 435 472
f 442 414 472
f 416 431 437
f 437 435 416
f 429 431 421
f 429 421 442
f 429 442 431
f 431 458 437
f 442 472 431
f 431 568 458
f 472 537 431
f 537 584 431
f 431 584 568
f 458 435 437
f 457 435 467
f 457 630 435
f 467 435 458
f 435 537 472
f 547 537 435
f 623 547 435
f 623 435 661
f 630 661 435
f 457 467 468
f 468 486 457
f 486 520 457
f 520 570 457
f 570 586 457
f 586 685 457
f 457 685 630
f 467 458 486
f 458 568 486
f 468 467 486
f 486 568 520
f 520 568 570
f 547 584 537
f 547 593 584
f 623 593 547
f 568 586 570
f 568 584 682
f 568 618 586
f 568 682 618
f 593 602 584
f 602 634 584
f 634 641 584
f 641 677 584
f 677 686 584
f 584 686 682
f 685 586 618
f 623 602 593
f 623 634 602
f 618 682 678
f 685 618 678
f 641 634 623
f 623 677 641
f 623 661 715
f 715 677 623
f 715 661 630
f 630 685 715
f 686 677 715
f 685 678 680
f 689 680 678
f 682 689 678
f 685 680 715
f 715 680 689
f 682 686 697
f 697 689 682
f 697 686 699
f 699 686 715
f 697 695 689
f 689 695 715
f 695 697 715
f 697 699 698
f 697 698 715
f 698 699 715
f 20 24 22
f 20 22 55
f 23 24 20
f 28 23 20
f 28 20 55
f 22 24 27
f 22 27 55
f 30 24 23
f 28 30 23
f 32 27 24
f 24 30 47
f 45 32 24
f 47 45 24
f 27 32 55
f 55 30 28
f 55 47 30
f 32 48 43
f 118 32 43
f 45 48 32
f 55 32 118
f 118 43 48
f 61 45 47
f 45 57 48
f 67 57 45
f 61 90 45
f 71 67 45
f 69 71 45
f 90 69 45
f 114 47 55
f 114 61 47
f 118 48 57
f 276 114 55
f 118 276 55
f 118 57 67
f 75 90 61
f 114 75 61
f 144 67 71
f 118 67 144
f 69 70 71
f 69 76 70
f 85 76 69
f 69 99 85
f 90 99 69
f 144 71 70
f 144 70 76
f 78 93 75
f 114 78 75
f 93 90 75
f 144 76 85
f 93 78 114
f 85 99 103
f 144 85 103
f 96 90 93
f 96 99 90
f 114 96 93
f 144 99 96
f 144 96 114
f 144 103 99
f 144 114 276
f 118 144 268
f 118 268 276
f 268 144 276
f 221 219 216
f 216 219 251
f 221 216 256
f 216 251 256
f 221 220 219
f 220 255 219
f 219 255 251
f 376 220 221
f 248 223 220
f 223 265 220
f 248 220 376
f 220 254 255
f 265 254 220
f 221 260 230
f 230 320 221
f 221 256 260
f 320 376 221
f 248 265 223
f 231 230 260
f 230 231 266
f 230 266 320
f 231 232 234
f 231 236 232
f 231 234 266
f 231 260 236
f 232 236 234
f 234 236 266
f 260 262 236
f 262 264 236
f 236 264 277
f 266 236 289
f 236 277 293
f 289 236 293
f 267 263 248
f 270 248 263
f 248 270 265
f 267 248 376
f 255 376 251
f 251 376 256
f 254 376 255
f 376 254 265
f 260 256 376
f 262 260 376
f 320 264 262
f 262 376 320
f 319 263 267
f 270 263 292
f 263 307 292
f 319 307 263
f 320 277 264
f 376 265 270
f 320 266 289
f 319 267 298
f 267 450 298
f 376 450 267
f 270 292 287
f 376 270 287
f 277 295 293
f 320 295 277
f 450 287 292
f 376 287 450
f 289 293 291
f 296 289 291
f 320 289 296
f 293 296 291
f 292 307 450
f 295 297 293
f 296 293 304
f 293 297 304
f 297 295 320
f 320 296 304
f 304 297 320
f 298 303 309
f 298 450 303
f 298 309 319
f 309 303 450
f 322 307 319
f 307 322 450
f 319 309 340
f 340 309 450
f 329 322 319
f 329 319 346
f 380 319 340
f 346 319 367
f 380 367 319
f 346 322 329
f 367 322 346
f 450 322 367
f 380 340 375
f 375 340 450
f 450 367 380
f 375 390 380
f 390 375 450
f 450 380 390
f 916 987 990
f 916 995 987
f 916 990 996
f 916 1016 995
f 996 998 916
f 998 1001 916
f 1001 1016 916
f 990 987 995
f 995 1001 990
f 990 998 996
f 990 1001 998
f 1016 1001 995
f 359 378 382
f 409 378 359
f 409 359 382
f 382 378 402
f 409 402 378
f 446 382 402
f 409 382 446
f 409 432 402
f 402 432 487
f 446 402 487
f 544 432 409
f 409 446 455
f 409 455 522
f 409 522 531
f 409 531 539
f 409 539 563
f 580 544 409
f 409 563 779
f 779 580 409
f 432 453 487
f 544 453 432
f 455 446 487
f 453 480 487
f 544 480 453
f 522 455 487
f 487 480 507
f 507 480 544
f 487 507 534
f 522 487 569
f 487 534 546
f 569 487 546
f 534 507 544
f 531 522 539
f 522 569 539
f 546 534 544
f 563 539 569
f 579 546 544
f 592 579 544
f 779 544 580
f 673 592 544
f 690 673 544
f 703 690 544
f 544 729 703
f 544 756 729
f 544 772 756
f 779 772 544
f 579 569 546
f 563 569 577
f 563 577 779
f 577 569 624
f 569 579 592
f 569 592 673
f 624 569 635
f 569 729 635
f 569 673 729
f 577 624 779
f 779 624 635
f 635 729 710
f 779 635 710
f 673 690 703
f 729 673 703
f 763 710 729
f 805 710 763
f 779 710 805
f 763 729 756
f 763 756 772
f 805 763 772
f 805 772 779
f 435 630 268
f 661 435 268
f 268 630 661
f 661 630 435
f 268 580 661
f 580 268 777
f 661 630 268
f 777 268 630
f 580 991 661
f 777 991 580
f 630 661 777
f 661 991 777
f 503 496 493
f 493 496 548
f 503 493 548
f 503 535 496
f 535 573 496
f 496 573 548
f 503 550 535
f 503 548 561
f 503 760 550
f 503 561 581
f 503 581 627
f 661 503 627
f 760 503 661
f 535 550 573
f 548 573 561
f 550 574 573
f 574 550 649
f 550 760 649
f 561 573 581
f 574 649 573
f 573 627 581
f 573 755 627
f 649 679 573
f 679 755 573
f 660 661 627
f 627 755 660
f 649 760 679
f 661 660 702
f 702 660 732
f 660 755 732
f 760 661 702
f 714 755 679
f 679 760 714
f 732 760 702
f 757 755 714
f 780 757 714
f 780 714 760
f 732 755 751
f 760 732 751
f 755 771 751
f 760 751 771
f 757 780 755
f 755 783 771
f 755 780 783
f 760 771 783
f 783 780 760
f 997 999 1015
f 997 1020 999
f 1015 1020 997
f 1020 1015 999
f 685 683 700
f 685 728 683
f 683 728 700
f 685 700 770
f 685 767 728
f 781 767 685
f 685 770 774
f 685 774 810
f 816 781 685
f 685 810 822
f 816 685 821
f 821 685 839
f 685 822 832
f 685 832 878
f 845 839 685
f 871 845 685
f 871 685 878
f 781 700 728
f 700 781 770
f 781 728 767
f 774 770 810
f 781 816 770
f 770 833 810
f 770 816 833
f 810 833 822
f 816 821 833
f 821 839 833
f 822 846 832
f 833 846 822
f 832 846 878
f 833 839 845
f 845 871 833
f 833 872 846
f 871 872 833
f 846 872 878
f 884 872 871
f 878 884 871
f 872 880 878
f 872 884 880
f 878 880 896
f 878 893 884
f 878 897 893
f 878 896 901
f 878 901 897
f 880 884 896
f 884 893 897
f 896 884 897
f 898 896 897
f 901 896 898
f 898 897 900
f 897 901 900
f 900 901 898
f 685 680 683
f 683 680 728
f 750 680 685
f 728 680 750
f 685 683 728
f 685 728 767
f 767 750 685
f 728 750 767
f 779 857 861
f 941 857 779
f 779 861 867
f 779 867 868
f 779 868 941
f 861 857 894
f 941 894 857
f 867 861 902
f 861 894 902
f 891 868 867
f 891 867 902
f 941 868 891
f 891 902 906
f 941 891 906
f 902 894 913
f 941 913 894
f 902 926 906
f 913 917 902
f 917 958 902
f 902 927 926
f 902 958 927
f 941 906 926
f 941 917 913
f 941 958 917
f 926 927 941
f 927 958 941
f 40 37 35
f 35 37 118
f 40 35 46
f 35 42 46
f 42 35 118
f 46 37 40
f 118 37 46
f 43 49 42
f 43 42 118
f 42 52 46
f 49 52 42
f 118 49 43
f 118 46 52
f 49 59 52
f 118 59 49
f 118 52 59
f 661 702 743
f 760 702 661
f 661 743 796
f 661 899 760
f 661 796 849
f 849 899 661
f 702 732 743
f 760 732 702
f 732 751 743
f 760 751 732
f 751 860 743
f 743 860 796
f 771 751 760
f 771 860 751
f 783 771 760
f 815 783 760
f 815 760 852
f 852 760 899
f 771 783 815
f 771 815 852
f 771 852 870
f 860 771 870
f 854 849 796
f 860 854 796
f 883 849 854
f 899 849 883
f 852 882 870
f 899 882 852
f 860 870 854
f 870 883 854
f 882 883 870
f 882 909 883
f 899 888 882
f 888 909 882
f 899 883 909
f 909 888 899
f 1005 962 988
f 962 1010 988
f 997 962 1007
f 997 1010 962
f 1007 962 1005
f 1005 988 1010
f 1007 1020 997
f 997 1011 1010
f 997 1020 1011
f 1011 1007 1005
f 1005 1010 1011
f 1011 1020 1007
f 20 22 21
f 26 20 21
f 22 20 55
f 55 20 26
f 21 22 27
f 26 21 41
f 21 27 41
f 27 22 55
f 118 26 41
f 55 26 118
f 27 32 43
f 32 27 55
f 27 43 41
f 32 118 43
f 55 118 32
f 118 41 43
f 794 806 778
f 794 778 858
f 778 806 858
f 820 806 794
f 820 794 858
f 820 812 806
f 806 812 840
f 806 840 858
f 824 812 820
f 840 812 824
f 858 824 820
f 858 840 824
f 580 276 268
f 268 276 661
f 580 268 661
f 661 276 580
f 984 1029 1025
f 1025 1048 984
f 984 1036 1029
f 984 1051 1036
f 1048 1051 984
f 1029 1048 1025
f 1036 1048 1029
f 1048 1036 1051
f 118 268 238
f 118 238 276
f 276 268 118
f 580 238 268
f 276 238 580
f 580 268 276
f 1093 1088 1084
f 1088 1094 1084
f 1084 1095 1093
f 1094 1095 1084
f 1093 1094 1088
f 1096 1094 1093
f 1093 1095 1096
f 1094 1096 1095
f 1077 991 1072
f 991 1078 1072
f 1082 991 1077
f 991 1081 1078
f 991 1089 1081
f 1087 991 1082
f 1084 991 1087
f 1084 1092 991
f 1092 1089 991
f 1077 1072 1078
f 1078 1081 1077
f 1082 1077 1081
f 1089 1082 1081
f 1089 1087 1082
f 1087 1092 1084
f 1089 1092 1087
