v -0.00993163681934377 -0.154952499908893 -0.0204836676178263
v -0.00937675911967411 -0.144305994902322 -0.0196676292244176
v -0.00932567603197971 -0.144346634430748 -0.0196117217436087
v -0.00919704186177693 -0.155402124990034 -0.0217324505169379
v -0.00735743480595896 -0.155866738785794 -0.0220101433570559
v -0.00677307840751324 -0.132626026315656 -0.00193913442653445
v -0.00675524975698375 -0.154281272432562 -0.0254645736157947
v -0.00597016635462883 -0.138350974805349 0.00691467687399642
v -0.00589893844896876 -0.138437687293564 0.00681272163825357
v -0.00488985178447559 -0.154750148929109 -0.0148863990017774
v -0.00258732318399788 -0.134032287728534 0.0144055907675554
v -0.0023084843504707 -0.14100543039288 -0.0304620636458523
v -0.000876754370257529 -0.139910635459111 -0.0101547979500971
v -0.000280517926696561 -0.146740978585533 -0.0196828479962485
v 0.00013170028909873 -0.155658895808544 -0.0140954355631066
v 0.000242019134283179 -0.141336382866846 -0.0311968335269455
v 0.00026196964889911 -0.130842759092931 0.0211846524833134
v 0.000351139731590729 -0.149430410087483 -0.0360718024108671
v 0.000484290360761386 -0.151908174975581 -0.0088707094642229
v 0.000498093879732731 -0.130339543860651 0.0221754364231633
v 0.000934360925235041 -0.147120493250697 -0.0022015045899727
v 0.000945879100934045 -0.134056366105577 -0.0467062281265549
v 0.00101571679612821 -0.129100482046167 0.0238467319796901
v 0.00102649868267009 -0.129200333207693 0.0243443774929613
v 0.00106766695289379 -0.129206678309627 0.0248636394205738
v 0.0014555267007771 -0.132689759829283 -0.0494014241631922
v 0.00157655088987387 -0.132963499112146 0.0178614645115996
v 0.00203617550506893 -0.145483777430802 -0.0446721131716151
v 0.0021370124221041 -0.134327138058277 0.0156195436145982
v 0.00224799664979031 -0.129244770702873 0.0392215801394354
v 0.00246481862109742 -0.144217079202158 -0.0470026850295407
v 0.00247562637124584 -0.12897874010663 0.0640676075828202
v 0.00257009060289616 -0.13430775224023 0.0154942993447155
v 0.0026203165919836 -0.12054921219008 0.0187725649457321
v 0.00287754416618685 -0.129128594978046 0.0594773546278516
v 0.00292569367899907 -0.12907112833559 0.0591902573188147
v 0.00302095548117735 -0.149272189819836 -0.00600685288701986
v 0.00322683402225618 -0.119573886189342 0.0199049036546204
v 0.00335863889313444 -0.149210376828003 -0.0365723875794079
v 0.00339915908746106 -0.119399996653837 0.020334831789343
v 0.00344926189611858 -0.119471662525588 0.0205879558641069
v 0.00348834127461271 -0.135655889274393 0.0132474383191322
v 0.00353667514154221 -0.119509378580004 0.0209380424620316
v 0.00359626529149705 -0.129358674946599 0.0514009822378334
v 0.00375967785242109 -0.119569059211113 0.021792857549122
v 0.00410179082330921 -0.119654170943532 0.0211887898931778
v 0.00445677316122819 -0.119707489703537 0.0205815483811669
v 0.00454172185275003 -0.119802861147852 0.0320740943904562
v 0.00469773642848847 -0.120223916902598 0.0720841017440268
v 0.00503958321458403 -0.119630713085267 0.0196763729279198
v 0.00526665171193656 -0.120619015681419 0.0649489667113046
v 0.00558230125319796 -0.128693888005756 -0.0557718513100477
v 0.00564288159160482 -0.120186237992407 0.0626490095215665
v 0.00579363221355134 -0.156071999404434 -0.0216587212411023
v 0.00661758999786498 -0.120398828983848 0.0520425771385503
v 0.00679337285469454 -0.127927071830317 -0.0575129428148104
v 0.00786387222017398 -0.122183928713327 0.0131115569327807
v 0.008229131944474 -0.122200663323928 0.0130521975454944
v 0.00831570455488576 -0.122216475324184 0.012902535251345
v 0.00848806394900582 -0.127479194052335 -0.0597514938649146
v 0.00873926898029545 -0.121566088131527 0.0808480277019487
v 0.00910191041672303 -0.131892363028783 0.0781962605250422
v 0.00926322472114209 -0.137288795808207 -0.0576065941425576
v 0.00976117844868065 -0.147508925528913 -0.0368989131224931
v 0.0107446095852205 -0.125658112628644 0.00702874836168905
v 0.0122410952657931 -0.148363449272266 -0.00823649925225471
v 0.0123042204620517 -0.146197099598812 -0.00489854214418643
v 0.0124416540655037 -0.143343401466096 -0.000877173989561391
v 0.0125400177193589 -0.133380185352652 0.0806745676107781
v 0.0129025329914354 -0.146805496815096 -0.0367960135561388
v 0.0139741964327905 -0.135889260902696 -0.0638782995423419
v 0.0142488003859927 -0.137398373568262 -0.0317818325834706
v 0.0147836205182537 -0.135944375233957 -0.064862355694939
v 0.0153665572077167 -0.1345610159509 0.0741292092055138
v 0.0154458245547626 -0.138839570808627 -0.013821125345476
v 0.0158385130984444 -0.129902142456824 -0.000965525807906659
v 0.0163587159991749 -0.139068278652159 -0.0144803865919583
v 0.0165938722259628 -0.125691371709237 -0.0679393816984309
v 0.0165947528981626 -0.142232254234533 -0.019490351607308
v 0.0168431390145129 -0.135460727139913 -0.0644853395617496
v 0.0178595617145191 -0.124915926479711 0.0875932482995818
v 0.0191442660743515 -0.136044585281372 0.0717065511122226
v 0.0198216745934077 -0.13603023320073 -0.0697997613527211
v 0.0201027166766458 -0.125720297043468 0.0900449910857659
v 0.0201776690732575 -0.125008238396447 -0.0715458720651572
v 0.0205753480226253 -0.136737068894598 0.0620673212035767
v 0.0205767100412298 -0.139965772295182 -0.0175769179281368
v 0.0209072179948192 -0.136371333133778 -0.0538407382712409
v 0.0210916636292063 -0.125859925897171 0.0912358608274188
v 0.0211896363381365 -0.135715676659313 -0.0314843545971762
v 0.0212064993102847 -0.13687429152173 0.0690583163450258
v 0.0229489380616823 -0.137253126244497 0.0883585714240685
v 0.0231851961486581 -0.140397444530011 -0.0195309344379831
v 0.0235109979206446 -0.126464702266564 -0.0585845611875797
v 0.0241298898007018 -0.139711699726848 -0.0205052735855071
v 0.0241336043417982 -0.134674383420764 -0.0637338397965831
v 0.0245669007427299 -0.118780686508282 0.09929236931228
v 0.0246167606597341 -0.137877851195149 0.0895885877071468
v 0.0246537121525654 -0.138271565479377 0.0646249501443441
v 0.0247534487202125 -0.143822970053134 -0.0362283492558587
v 0.025182751258651 -0.134712381098327 -0.031293985331928
v 0.0255864494688246 -0.12832793521426 0.0700092648768883
v 0.0259552394209977 -0.150922827229227 -0.0184179708138082
v 0.0266104366782208 -0.151204720718985 -0.0191524412118112
v 0.0266569654765109 -0.116957278831025 0.102892710529409
v 0.0266803588431593 -0.134889714362802 -0.0597567361680301
v 0.0266998177826585 -0.116734638262885 0.103398054701093
v 0.0267246294230318 -0.139064976393353 0.0619909439609832
v 0.0269881096590159 -0.151226903329765 -0.0196314372285844
v 0.0275741719096584 -0.138969888548827 0.0928048718231075
v 0.0277956405909724 -0.134885867070238 -0.0777766318224161
v 0.0279106469677322 -0.138346205269439 0.0935533345878292
v 0.0279964522394436 -0.150105922501608 -0.0213782158039425
v 0.0280160687345008 -0.117326674707599 0.110019164225515
v 0.0280748125521221 -0.132180017546758 -0.0352689316214314
v 0.0281543954664172 -0.139208283722883 0.0604304155690183
v 0.0284075679044108 -0.150902412594355 -0.0194956638878767
v 0.0287432896360532 -0.129645557205471 0.0659250706660184
v 0.0288439651686135 -0.135329987355285 0.0962872873902885
v 0.0290124586961204 -0.117816766496418 0.115424497289193
v 0.0291168027950461 -0.13476060179835 -0.0800718335164788
v 0.0291292264633323 -0.133118889355599 0.00781351622728321
v 0.0292294856626128 -0.126903649891593 0.105304710694627
v 0.0293831202658602 -0.134005894907284 0.0976526801650593
v 0.0294365438829811 -0.118162894274351 0.117541839085766
v 0.0295216776310013 -0.124360563776671 -0.0808054434428756
v 0.0295254175824017 -0.125620229830855 0.108490159618393
v 0.0298343860368507 -0.127323543852798 -0.0489530247983325
v 0.0303482595937201 -0.133399280608837 -0.0310394080783128
v 0.030371942673121 -0.126264874473936 0.112432313207047
v 0.0305608910985836 -0.13762801000687 0.0507423833166347
v 0.0305995476740659 -0.123225578394837 0.00941671823390866
v 0.0306232357617335 -0.127572079262791 -0.0478575909474075
v 0.0307663470736581 -0.137508214844725 0.0499738848649422
v 0.0312319859596896 -0.129898690153085 0.0632064130022973
v 0.0313271943953178 -0.127051686628517 0.117192083712825
v 0.0318999741861503 -0.132542059076162 -0.0320231654278687
v 0.0327109154482312 -0.136348215024458 0.0427474804898028
v 0.0334721633915842 -0.116086020873869 0.102812365602068
v 0.0339266584595639 -0.13674303396499 0.0362118620085875
v 0.0344540310889144 -0.126767186424002 0.117776743515733
v 0.0344540310889144 -0.117765097984234 0.118475456805902
v 0.0348596607664823 -0.127580738934731 0.0484685221866557
v 0.0349327730398004 -0.124748050855252 -0.090203292836792
v 0.0350552230010534 -0.13274038936508 -0.0683388373232865
v 0.0351916133576682 -0.127658726075254 0.0465163164794868
v 0.0352289309583019 -0.137086526643019 0.0293541576343397
v 0.0355608719559713 -0.136344302341724 -0.0464167312334231
v 0.0357879563556868 -0.137270741995423 0.0204150157750114
v 0.0358557368193469 -0.136459597509609 -0.0460240745630533
v 0.0359337964287025 -0.137068499589255 0.0191886175094827
v 0.0359425125544665 -0.122781830212733 -0.0811685174749122
v 0.0361704639140732 -0.117459624260478 0.117885574472331
v 0.036194719165851 -0.1356243846115 0.0114482577514423
v 0.0363336061423878 -0.13492816409637 0.00820423162805688
v 0.0364415452995085 -0.14117260854947 -0.0358274215413235
v 0.0367131152943843 -0.124572135536413 -0.0932962302294401
v 0.0372285579450625 -0.128141818804597 0.0358874649184123
v 0.0374363673591933 -0.13634084271818 -0.045466545627169
v 0.0375767855109908 -0.131966936070614 0.0854506521968014
v 0.037630396431431 -0.128141310816928 0.0339632507862075
v 0.0385186492090068 -0.137796227440112 0.0377977577028056
v 0.0386096937940936 -0.128495689579001 0.0365002885886484
v 0.0386162344717122 -0.134570292929318 0.0041868805957903
v 0.0386936845848493 -0.127721290126758 0.020363811435228
v 0.0390784133950115 -0.137903913850839 0.0392323363519051
v 0.0391327721973108 -0.127033699474688 0.0170190375177207
v 0.0393034546190125 -0.138154211952215 0.0398430855096663
v 0.0393463549154041 -0.125994690963531 0.0124129562579334
v 0.0395004364286366 -0.124413676749033 -0.000961623525129904
v 0.0396323589990928 -0.124206945623746 0.00145250950945052
v 0.0397364248332222 -0.136880309303664 0.0132702375053744
v 0.0399578716385682 -0.12251836762369 -0.0811855234581144
v 0.0399775074343509 -0.124497154014513 -0.00174449809869409
v 0.040350808601676 -0.135040040293426 -0.099584293961134
v 0.0403964515251936 -0.135032596030877 -0.0996062039577351
v 0.0404615752048124 -0.138241846147353 0.0384687690656457
v 0.0405239401129767 -0.125601851809691 0.11569731554472
v 0.0409742427409108 -0.123593712326442 -0.0952253166787569
v 0.0416259512563482 -0.126716378169512 0.0131938369893486
v 0.0419262453833766 -0.129369227196763 0.0450387254571412
v 0.0430350307724419 -0.126767270114426 -0.00613970825094221
v 0.0433676400613049 -0.126993450038666 -0.00662528497147114
v 0.0433801175914874 -0.126378741677434 0.121667361820353
v 0.0434533121780841 -0.130970005785944 0.049167052135758
v 0.0439453715489769 -0.116498289383542 0.115180807983511
v 0.0439864325995029 -0.132347402641287 -0.0261696009831068
v 0.0444990331601353 -0.140574516795444 -0.0329700555107765
v 0.0452590199142738 -0.14458906956947 0.0559750847052295
v 0.0453169040857641 -0.133462569694282 -0.0980801086828864
v 0.0453296097396672 -0.136326282486719 -0.0414675780564053
v 0.0456497387521473 -0.11634796276029 0.115154473475895
v 0.0457802807719526 -0.133855793737782 -0.0202453023771409
v 0.045798128251922 -0.13116586383056 -0.078589615867111
v 0.0458729847746324 -0.133273824893549 -0.0964475205457349
v 0.0459246654234034 -0.12492554264877 -0.00449570660489378
v 0.0459342009898675 -0.124891607462566 -0.00410380990840641
v 0.0459677240863737 -0.134054683995578 -0.0196712253772271
v 0.046008324563073 -0.125396221953741 -0.00521007133025905
v 0.0460187546987673 -0.127071512051874 -0.0424280534312707
v 0.0460231513775726 -0.125481965052309 -0.00534924291340597
v 0.0462796878250571 -0.136324529929764 -0.0409862382887876
v 0.0463486192476617 -0.121667550186938 -0.0904769769130625
v 0.0464533112145711 -0.133919494306305 -0.0196742155403243
v 0.0465255494773804 -0.136091232003568 -0.042261123821578
v 0.0465571958123588 -0.121282759340188 -0.0876475753386524
v 0.0465787474870823 -0.12223646178807 -0.0799909250545303
v 0.0466030203772772 -0.12895418278181 -0.0114344598766686
v 0.0466360136707646 -0.130981931678084 -0.0784641373250714
v 0.0466477090231555 -0.127982362387386 -0.0390946997863264
v 0.0466730256240101 -0.127209164376017 -0.0416238468566436
v 0.046678745574306 -0.127034470537007 -0.0421952741037896
v 0.046683731384238 -0.126882198186284 -0.0426933601878954
v 0.0466840005126126 -0.129092337704299 -0.011703922240594
v 0.0467953599589335 -0.126675231703557 0.00508714589987527
v 0.0468589632037152 -0.12734135730473 0.12309722248175
v 0.046879843075232 -0.124994346479186 -0.00493758033440966
v 0.0469382781614876 -0.142545162316364 0.0887561449989932
v 0.0469458548307032 -0.136323301088013 -0.0406487369016667
v 0.0471564465170794 -0.121173391341205 -0.0880173766199999
v 0.0472463130147951 -0.126986043629563 -0.0419950709536804
v 0.0473383968173309 -0.126886378292098 -0.0422648013269861
v 0.0474106071706174 -0.132834083827708 -0.102540215158143
v 0.0475273831751591 -0.126887584989341 -0.0421410865649959
v 0.047637150162959 -0.144222916627103 -0.0237061793666351
v 0.0476983668737262 -0.121307487205408 -0.0865534697821357
v 0.0479525511300366 -0.135998642452297 0.000617850335662745
v 0.0488532621155267 -0.144978679323922 -0.0193991991047401
v 0.048930799566344 -0.133308077880516 -0.0186841649463431
v 0.0490002862268522 -0.136768564661741 -0.00124658256325869
v 0.0490276803502152 -0.143226514405204 -0.016754516494819
v 0.0491989648274624 -0.133196641814359 -0.0203140192726878
v 0.0492164655634934 -0.130949332579417 -0.0861559856377071
v 0.0495326631842208 -0.131294342325278 0.0413469184087565
v 0.0496229379762145 -0.141305556381385 -0.01215057493398
v 0.0496925227396012 -0.134201861873895 -0.0519770597359633
v 0.0500327365782028 -0.122053380058389 -0.0793739685578129
v 0.0500665312689416 -0.136317544547283 -0.0390677029901485
v 0.0500735449534923 -0.121770499056107 -0.0994540060293339
v 0.0502322634208809 -0.130000213599684 -0.0301812139516519
v 0.0503859845049579 -0.122021947278152 -0.0793130739425433
v 0.0504093145993378 -0.122136877518111 -0.0784775156950535
v 0.0504116980549897 -0.140665869283516 0.018761978916001
v 0.0506332822789461 -0.130374975908697 -0.0819590233824986
v 0.0508617599788643 -0.143102831543002 -0.0244122409627881
v 0.0510213003861916 -0.125181780181265 -0.0537042136973311
v 0.0511374706097454 -0.117216223415407 0.12573352676729
v 0.0511608771785238 -0.144310093753636 -0.0193883115513845
v 0.0513956911783464 -0.143954013613386 -0.0185367525325142
v 0.0516280310682755 -0.144116160377381 -0.0196135111118132
v 0.0517712712207926 -0.143746687848931 -0.0208858939517699
v 0.051865787297319 -0.14851018935993 0.081690221589241
v 0.0520188194823695 -0.121401106447443 -0.0824112063075259
v 0.0522771197109028 -0.13064371709774 -0.0774633106830594
v 0.0524515163900535 -0.131547653019332 -0.0669663024715994
v 0.0526451795480031 -0.132490941167527 -0.0610499424587359
v 0.0526775098472416 -0.148889848767841 0.06166859581734
v 0.0536729222599075 -0.117871512652567 0.126779229989166
v 0.0541151013175202 -0.115540482422368 0.115020469337091
v 0.0544783286257259 -0.120812926494701 -0.100861217294175
v 0.0545594149907419 -0.134687800493412 -0.0465367797678678
v 0.0545708191647605 -0.120518646797813 -0.0872022020809922
v 0.0545946025311099 -0.116540368425841 0.124220192258812
v 0.0547506911170092 -0.11817342545717 0.127221923793323
v 0.0549463283124062 -0.130019716552819 -0.082300284696106
v 0.0550866392911199 -0.123708482633878 0.11544022867805
v 0.055255230727251 -0.115389609508415 0.114631530071001
v 0.0552973729813426 -0.125163749203988 0.104365617415013
v 0.0553336940060561 -0.149888741501288 0.0634738292918022
v 0.0553364742381062 -0.125778762771273 -0.0463155906082903
v 0.0558454970416869 -0.137206172781483 -0.00239941694769497
v 0.0560910246006331 -0.131298118614137 -0.0666791521143181
v 0.0561311400747223 -0.127929021150765 0.123213427052801
v 0.0561941154540071 -0.113754151049238 0.101004124321826
v 0.0563165422472323 -0.121494233159889 -0.0782907352260295
v 0.0564864940013355 -0.137529913079387 -0.0332442319864802
v 0.0567459955490547 -0.129898223794321 -0.105182272879525
v 0.0567505009704887 -0.123795605962213 0.115426839733013
v 0.0567765323847145 -0.123548660683174 -0.0633202035547711
v 0.0572091299509994 -0.138044627731241 0.0780229034549818
v 0.05872578605336 -0.129146188870315 -0.089034449475453
v 0.0588407382942794 -0.13964528846133 0.060870695715896
v 0.0597137055889723 -0.129256386888123 -0.0869199022205745
v 0.0597775264948738 -0.133812700394359 -0.0493165170219482
v 0.0601894399483933 -0.118523907029573 0.12728767970959
v 0.0609344976622454 -0.118658787900994 -0.0965198963964746
v 0.0609521975093902 -0.119029705411152 -0.0936430969536859
v 0.0610765483902542 -0.118225499902642 -0.102536221546634
v 0.0613777623312201 -0.11902621142881 -0.100618355619321
v 0.0614571829783655 -0.130093323039653 -0.0758346137877945
v 0.0614634731177744 -0.141116851089963 0.0628624758140168
v 0.0616726524764697 -0.123178406718805 0.113752897226392
v 0.0619078421140044 -0.142397008713837 0.067303975555836
v 0.0620059042233633 -0.11751656685419 -0.103300253951244
v 0.0620404863649963 -0.117590602391403 -0.103338525964435
v 0.0621220303152669 -0.133205140133166 0.0202148138698628
v 0.0623776029706156 -0.121625569379088 -0.0724796518220279
v 0.0631169903208105 -0.127719768699136 -0.106919703188445
v 0.063217835745908 -0.121853755719648 0.111114943659206
v 0.0634657726250551 -0.128311426381833 -0.0273554979581324
v 0.0637864832289778 -0.125102955027021 -0.046632850205784
v 0.0639411645180891 -0.129727941076053 -0.0778714308102647
v 0.0646886079803456 -0.128405322665012 0.123348183745951
v 0.0647282298161505 -0.138286240724084 -0.0274484476312756
v 0.0649837348570735 -0.120800718309478 -0.0767831706661646
v 0.0650069186451787 -0.127002829398073 -0.107408553211857
v 0.065400978109383 -0.118844716894745 0.127356947034125
v 0.0654679644916389 -0.143636857147754 0.0669911619961738
v 0.0656924281540487 -0.126994624787815 -0.107680432847559
v 0.0657015247088037 -0.122640397889446 0.112377764755732
v 0.0657335039678827 -0.12827598888257 -0.0927622308932745
v 0.0658843054646914 -0.127017587559111 -0.106896476415946
v 0.0659317261914116 -0.127059535313026 -0.106379388134229
v 0.0659448736130744 -0.127021406299153 -0.106919380614631
v 0.0659896103394165 -0.138154121705541 -0.0265367571981117
v 0.0659952697915098 -0.127013540287271 -0.107809006441002
v 0.0661876543835107 -0.153962194402442 0.0731513744677121
v 0.0672414455866422 -0.117507719961064 -0.100411952601767
v 0.0674071342091273 -0.128402948775468 -0.0245569633480799
v 0.06794655576156 -0.117250851596582 -0.108602224957612
v 0.0682242442307408 -0.129087466751674 -0.0813811585466434
v 0.0682849884812909 -0.136420095596944 -0.0247291430649999
v 0.0683994809725631 -0.122235069014287 0.111450064949914
v 0.0696707810033732 -0.130367054239344 -0.0656077348575841
v 0.0700307482888903 -0.132920149052518 -0.049676976284009
v 0.0703686575763075 -0.153404532756492 0.0757119962569108
v 0.0705044401442845 -0.136279843857318 -0.0287132084912969
v 0.0705355135831892 -0.112455211274195 0.109280448257497
v 0.0705613995970487 -0.127969887632723 -0.0100401733839841
v 0.0709732538751919 -0.144331435764179 0.0711470278985962
v 0.0710448496752624 -0.122101095905589 0.13274383336685
v 0.0711300476098843 -0.119527986878088 -0.0817413865405862
v 0.0718077934254773 -0.153785210182963 0.0752470155128183
v 0.0719295243847139 -0.122686121041117 0.133724428267866
v 0.0719768810188485 -0.127315239255984 -0.0211934905055594
v 0.0720090801198379 -0.119562226217187 -0.0824983956613094
v 0.0725560133872422 -0.127047395355635 -0.0257567767914726
v 0.073115011726796 -0.129224664099875 -0.0855812062419782
v 0.0736461551651191 -0.142884108972261 0.0721853623325182
v 0.0740525920046846 -0.133617783451726 0.132349332095084
v 0.0743177028295175 -0.128030416374684 -0.0195971437669257
v 0.0745306345451073 -0.123848333410856 -0.0469026843151147
v 0.0746490280746801 -0.138723531328495 -0.0204248420234034
v 0.0747106951614793 -0.151151436428148 0.0774525401318581
v 0.0753204502152531 -0.127539465901917 -0.116224060642693
v 0.0757241247113938 -0.121914773164513 -0.0596835828617271
v 0.0757434691955414 -0.137438960794198 -0.0515724559452243
v 0.0758155135413524 -0.128586823821018 -0.0174744272057002
v 0.0758438966955901 -0.137551623198831 -0.0516170019751876
v 0.0758593057825135 -0.129574457827856 -0.0841913476154411
v 0.0761366017571852 -0.117152958881555 -0.115938066767746
v 0.0772216675235292 -0.128751933920859 -0.0194640501424569
v 0.0773604733238577 -0.111359856437712 0.108857981206292
v 0.0774995768257425 -0.12446636757954 -0.0473031710818583
v 0.078004605703592 -0.129299698159001 -0.0906335005364679
v 0.0783205117799862 -0.110851060377757 0.105556810745606
v 0.078417068249979 -0.129659979411778 -0.0138005692764647
v 0.0788446568161799 -0.125918080380441 -0.0478804636185222
v 0.0802670693382686 -0.12254766694976 0.111194148998068
v 0.0806259758283386 -0.127851254003469 -0.120021277579703
v 0.080771602850068 -0.129168766062732 -0.024486994172207
v 0.080821912741323 -0.11712550527778 -0.11926614027162
v 0.0808226495019915 -0.120695270316605 0.107774442381487
v 0.0808262581333575 -0.12795965751631 -0.112546862993692
v 0.0809581997549653 -0.13803191313851 0.140063338844638
v 0.081059027853603 -0.138087627249215 0.140159482801711
v 0.0810738863707614 -0.148838739156768 0.0209146330531129
v 0.0810815607901133 -0.141855871156554 -0.0113997351832633
v 0.0811559318507377 -0.112503891717403 0.0988639738960183
v 0.081426000351551 -0.131753186437104 -0.0819341831602986
v 0.0814831473830744 -0.130808523310011 -0.0105842859029798
v 0.0815155052431132 -0.13177637388973 -0.0819756011730404
v 0.0819925745605833 -0.117077208077588 -0.121358411589956
v 0.0821004131729608 -0.121521778742856 0.104837479004782
v 0.0822430307859202 -0.14947894274697 0.0655172047428926
v 0.0822675325208913 -0.142555195592827 -0.00975071824106599
v 0.0823217417611942 -0.129526641490277 0.14525583149448
v 0.0824417776367557 -0.127530768593641 -0.121285241468941
v 0.0825367900312089 -0.130185498136146 -0.0192294231321969
v 0.0825563704234579 -0.116246803772046 -0.122433577780251
v 0.082786137692394 -0.14564045112772 -0.0352953454609257
v 0.0828247896293781 -0.127399769168427 -0.121979418122854
v 0.0830324986210907 -0.119828934056474 -0.0939082366736523
v 0.0838947595609742 -0.121394485720709 -0.0766002391925076
v 0.0841836462052559 -0.11747008616717 -0.11057100264948
v 0.0842472142607716 -0.117024782469605 0.094201190388061
v 0.0843622469913632 -0.124835154103601 0.101431158290924
v 0.0843862795069552 -0.111316002846262 -0.126110247744043
v 0.0844789096751844 -0.139548928330587 0.0741423793794724
v 0.0844860857713084 -0.128469581446838 -0.110096833071261
v 0.0846677363884747 -0.117665610933535 0.0935919124809103
v 0.08488356689037 -0.143890575437905 -0.00700619308343442
v 0.0849040421139042 -0.119660207963145 0.12691300955499
v 0.0851099799259282 -0.125944422463503 0.100318547866852
v 0.085358292647438 -0.122724081234318 -0.0762963579198495
v 0.0853929658628442 -0.148040293505121 0.0794872960701011
v 0.0854081900901797 -0.128868598822936 -0.109472832361261
v 0.0854402078248264 -0.126293505873904 -0.126737352444789
v 0.0858804344454236 -0.130618493078026 -0.0990123474392663
v 0.0859467970674145 -0.128282500587855 -0.114483224666453
v 0.0861444581735745 -0.161559290105191 0.061252919079727
v 0.0864020002405689 -0.129196720855581 0.122902833554663
v 0.0877239999088203 -0.137985355772906 0.0743953404551158
v 0.0879804413634529 -0.139611381590631 0.0185018985131591
v 0.0880008623102023 -0.129242607327965 0.122875239370546
v 0.0881427685472924 -0.119295356116659 -0.13214359952528
v 0.0883332653312233 -0.117460868597715 -0.113059238347347
v 0.0886388613044932 -0.121073697024975 0.0901898985249844
v 0.0889416415416753 -0.118351083671608 -0.107380409586223
v 0.0889442283435328 -0.130163060304225 -0.108626268894696
v 0.0891989457188958 -0.109423757005662 0.107795137212149
v 0.0892952222191826 -0.142435100822269 -0.0197593479135153
v 0.0896623434150938 -0.119405660856707 -0.100653087812869
v 0.0897571845471206 -0.103377538824292 -0.128731973872496
v 0.08999604939816 -0.0996063236728469 -0.133122496963584
v 0.0906758334986658 -0.112027069611018 0.0980477664036767
v 0.0906983221049388 -0.118287881231803 -0.106212056165728
v 0.0907243080588551 -0.120959595605593 -0.0907402817913985
v 0.0908579044765345 -0.13439105937231 0.153333369466552
v 0.0909131163560798 -0.0931528770554759 -0.141477841931641
v 0.0912048672695188 -0.146884597777996 -0.000374630332185333
v 0.0915036893503314 -0.118819947233839 -0.102432210828534
v 0.0915534783121127 -0.123033402975251 0.0872057449061547
v 0.0916240862488806 -0.117469320871047 -0.105615809823664
v 0.0916646201440484 -0.155389112851016 -0.052871759449801
v 0.0917286580869859 -0.129326948088093 0.122769570862854
v 0.0917906466344949 -0.147298047232016 0.00024002801292968
v 0.0918874851039994 -0.118703707538867 -0.102769256910886
v 0.0920085025364892 -0.135125352059067 0.154567451891303
v 0.0920825664332779 -0.133563383581819 -0.0111123402686627
v 0.0922089018927304 -0.0906367269365436 -0.146289879213498
v 0.092272339316249 -0.132251085299747 -0.102123167747389
v 0.0923581139973149 -0.113271819318374 -0.134265486610897
v 0.0924648001306567 -0.126526061651196 -0.0810402739741136
v 0.0925292440557422 -0.13527024741988 0.0751515824398759
v 0.0927393574012289 -0.144614325599334 0.151266681816062
v 0.0928478205346167 -0.12354390626399 0.0855568992738447
v 0.0928480121875637 -0.126163678212498 0.124142158792996
v 0.0931945303554054 -0.116720569802485 -0.103437038406501
v 0.0932680271451993 -0.119871885599625 -0.104461396615289
v 0.0934887299023726 -0.119192457608314 0.125208001769619
v 0.0935322172477797 -0.147848293957406 0.0627613116345362
v 0.0936816251387741 -0.15000485852327 0.0488071310873847
v 0.093856045017446 -0.133244687110732 -0.0990286199853455
v 0.0938770816591825 -0.14421342236526 -0.0159631948796536
v 0.093955133806387 -0.144419511977016 0.0821597681661734
v 0.0940252879917317 -0.142564960525884 -0.0489603446311454
v 0.0940257872696832 -0.145505982006968 0.0811198307350328
v 0.0940642271399395 -0.138712022280498 -0.0905172726796433
v 0.0943926591365582 -0.132691767241541 -0.0702960438044754
v 0.0944497977437799 -0.133717662107367 0.0920992445751316
v 0.0945220528336393 -0.126627795568398 -0.0816722042704578
v 0.0945678584174522 -0.138937935522329 -0.090821161928464
v 0.0946703733596213 -0.119676827411604 -0.0947123920232861
v 0.0947367255278089 -0.137776456188171 0.00332045351444166
v 0.0948316601002206 -0.158866554110263 -0.0591414351170226
v 0.0950623016149112 -0.161444928509615 0.0658635359233012
v 0.0950951344600927 -0.119756068930087 0.105066248196684
v 0.0953311277955735 -0.144867903186228 -0.0148158812574493
v 0.0955249127144344 -0.146592677419657 -0.07978599035039
v 0.0955514237357355 -0.138050696467425 0.0035382183220478
v 0.0956200751026834 -0.156614657121668 -0.0523294855150509
v 0.0958435645832132 -0.143609170616196 -0.0488383328639679
v 0.0958562920074587 -0.118660673501046 0.124002279803032
v 0.0960417412152842 -0.143807153631171 0.0808474422103326
v 0.0961185829973508 -0.128750987443386 0.121412601267581
v 0.0961353085081117 -0.144697668890127 -0.0528565645142167
v 0.0962909405226243 -0.122245945296803 0.130506053106593
v 0.0963971596711433 -0.110642040016081 0.114255903327118
v 0.0965605142120796 -0.13000803229449 0.123676197158259
v 0.096627839098987 -0.126027115890354 -0.0817959310133113
v 0.0966901266289787 -0.147090460402768 0.155524562563841
v 0.096744280758934 -0.137267936923676 0.160045104708205
v 0.0968053380060102 -0.143077425919496 0.0808218168549854
v 0.0969473625594846 -0.107103880843455 -0.136696592024304
v 0.09727486660319 -0.144418668722709 -0.0486875797578727
v 0.0973153389524169 -0.145705963085196 -0.013215187664751
v 0.0973494102327922 -0.156471978148228 -0.0519128247264313
v 0.0974485103404371 -0.128634846513133 -0.105366884871306
v 0.0975862845759919 -0.102272878714337 -0.14287250348321
v 0.0976732519655331 -0.137834154786303 0.161053538261991
v 0.0977965279238916 -0.137977485096483 -0.0909815726751014
v 0.0978061347796316 -0.100255119589546 -0.145374112372148
v 0.0978718981664975 -0.128349724917067 -0.105611439638411
v 0.0981735466655268 -0.110854787859807 -0.10289996878006
v 0.0982059760208384 -0.0994211453198326 -0.146919942595266
v 0.0984200179282971 -0.146372841843167 -0.0124515627632141
v 0.0985055305014659 -0.135238708974734 0.0868620156639297
v 0.0985605715611211 -0.109880143262376 -0.103804518958642
v 0.0987336039595969 -0.144061523292026 -0.0433509024716197
v 0.0989251853329291 -0.116065915268312 0.122827927684792
v 0.0990121159727692 -0.128115807077786 -0.106200446848214
v 0.0991225732514207 -0.123192564406699 0.131953959581769
v 0.0993145067164867 -0.142289459227449 -0.0475307436832875
v 0.0993663262540622 -0.150890395326781 0.00203765349945463
v 0.0993885837604106 -0.136932403090441 -0.00539879562247184
v 0.0995931604682805 -0.145266599382698 -0.0180018063229568
v 0.100098147582398 -0.137113433121945 -0.00544816128013364
v 0.100353037934627 -0.159765731378188 -0.0605820960945811
v 0.100513365513457 -0.138632298769152 -0.0561570401625381
v 0.100774475517357 -0.127690529272889 0.119152798987341
v 0.100803055124561 -0.127311249441651 0.0748484228382866
v 0.100880576907767 -0.128366685478534 -0.103373106328763
v 0.100893983649874 -0.137469696768338 -0.0457249853291373
v 0.101546030124601 -0.147137633216796 0.155168276860451
v 0.101616354641603 -0.136861849927719 -0.0911866953499222
v 0.101732902812344 -0.134907209583708 -0.0227317281343029
v 0.101733851246862 -0.156433871204024 -0.0509421069651127
v 0.101967033553993 -0.156427345409127 -0.0508778303429053
v 0.10205543790448 -0.102216586886884 -0.103036020230078
v 0.102167698220556 -0.143227569024417 -0.082054998188291
v 0.102337265465476 -0.123386528056901 0.134397602173724
v 0.102584057932898 -0.114294110121538 -0.0746986843778215
v 0.103024066389593 -0.137284174202547 0.0806862733267109
v 0.103048741497359 -0.0798120831042384 -0.147007159041864
v 0.103056616695693 -0.125548676425759 0.118601097784872
v 0.103150854789082 -0.148094249994901 -0.0131587960845398
v 0.103245353359254 -0.136464666952103 -0.0116684611599616
v 0.103257554658594 -0.0795471215296326 -0.147239239775922
v 0.10391901683078 -0.120373210595686 -0.10961325316983
v 0.104203802582875 -0.132481553324712 0.127658607918188
v 0.104389834664584 -0.119935060797244 -0.109547579603021
v 0.104457110685445 -0.138761418771099 -0.00614529028087473
v 0.104462593497394 -0.119760244578824 -0.109675597406153
v 0.104514364910236 -0.129307225259431 -0.0424138314356599
v 0.104661813947555 -0.163462857308971 0.0384468559083
v 0.105847039259859 -0.108943902111466 0.12043806386699
v 0.105857667328906 -0.148379964704322 -0.0274851125181605
v 0.105923359901553 -0.0759767095159898 -0.150348901628087
v 0.106044379934285 -0.138342743913919 0.160181056108975
v 0.10638218125339 -0.135524909763167 0.133061671666974
v 0.106411611820952 -0.0930034378772754 -0.099414278445034
v 0.106596708865419 -0.123282852160905 0.137962977511635
v 0.106775081593881 -0.108627895451759 -0.0670193668163048
v 0.107058589680607 -0.132430440162818 0.130031526532764
v 0.107115592251842 -0.154572688385794 0.00387480475636407
v 0.107170065306554 -0.143903523816563 0.00622031431314873
v 0.107279953938477 -0.138145205272745 0.0759047915685559
v 0.107358755497934 -0.0877236811359663 -0.124367534262919
v 0.107419625306129 -0.106745411486345 0.119211982222787
v 0.107744098019836 -0.142901326565191 0.00663447335461071
v 0.1078672560686 -0.146460618283946 -0.0464388055044031
v 0.107868734432528 -0.151844014325155 -0.00673645134198175
v 0.107965535989557 -0.135461973994763 0.153481930609663
v 0.108152008084751 -0.13371455944372 -0.0020001648924986
v 0.10828037899928 -0.123816642762439 -0.0833069742780837
v 0.108473563984864 -0.104842929200562 0.118375018371804
v 0.108809943577827 -0.120759630114894 0.0735054782303632
v 0.108823831241373 -0.120749245587186 0.0735036646283476
v 0.108868129082241 -0.110855873715613 -0.108944356700865
v 0.10888975592969 -0.13846181971786 0.159767861829396
v 0.1089344996745 -0.129069371817182 0.0658116412721714
v 0.108998536112389 -0.0978199664406822 -0.0710358823054254
v 0.109112436338934 -0.151629984884697 -0.0150543657928816
v 0.109133868806296 -0.145250883886016 -0.058385025389381
v 0.109137515179187 -0.0950782526823643 -0.0734295651083654
v 0.109286343414474 -0.0755456074897803 -0.139831181043392
v 0.109356381901437 -0.110480982876315 -0.105774746328145
v 0.109358165096974 -0.148050824654088 0.0161936388243893
v 0.109426167561267 -0.147556430107026 -0.0120233829568683
v 0.109430785949147 0.101255654962121 0.0387525181865623
v 0.109803745478107 -0.0918174756580758 -0.0746562061072469
v 0.110019265086321 0.0933031868069883 0.00688347548400523
v 0.110140327878042 -0.0911978538447459 -0.0742101350573631
v 0.110409647565506 -0.115747618686798 -0.0281403019251175
v 0.110444309807404 -0.106264096477225 -0.0576030751422036
v 0.11058418701021 -0.155406429485166 0.00487475425184737
v 0.110631588952028 -0.0836816458984433 -0.0990221868642101
v 0.11064056438259 -0.144213218414932 -0.0161458282992712
v 0.11106841635132 0.10001481322399 0.0362464327242404
v 0.111244932571216 -0.0688857148312596 -0.156528070629247
v 0.111326149702265 -0.105358016200618 -0.0545604326175562
v 0.111583330928815 -0.130859837844354 0.132056458334552
v 0.111689903060665 -0.0678735683548921 -0.157372493791125
v 0.11171155929762 -0.146544609598692 -0.0110101703785398
v 0.111738992499435 -0.146536218308779 -0.0110007674081021
v 0.111754064704964 -0.0743555065943979 -0.137831965520291
v 0.111771604728022 -0.0967361779250587 -0.0631907009529867
v 0.111843574883215 0.103225363674302 -1.39114633157762e-05
v 0.111917580143076 -0.138161552129956 0.159597484985181
v 0.111946352459044 -0.101779163922296 -0.122843131084729
v 0.112011466193866 -0.0806969307651673 -0.0989051567275173
v 0.112061741252623 -0.0804564158805075 -0.0994083518759634
v 0.112063658732803 0.111417574403916 0.0381776348244577
v 0.112192764143168 0.0936652155317271 0.011514935484706
v 0.112255032573995 0.101119483695634 0.0472191617125142
v 0.112264488994019 0.102745617399412 0.00149954423741098
v 0.112293249755696 -0.130903723015793 0.0610681065817082
v 0.112317990753828 -0.0726403458412701 -0.139559476182575
v 0.112345085457511 -0.155709428968159 0.00493483490809113
v 0.112530404895081 -0.11384667835202 -0.0136438243599175
v 0.112559745434309 -0.0849678549515489 -0.0778434787522374
v 0.112629645298228 -0.110877481544398 -0.019588969717463
v 0.112731594205372 -0.110338243231188 -0.0202424840635598
v 0.112797265259558 -0.146420616357609 -0.0107909869233655
v 0.112813165762687 -0.121095799927157 0.140770550879198
v 0.112825106486907 -0.135134389929235 -0.041861860088523
v 0.112852161121671 -0.117554512627723 -0.074840266700093
v 0.113286748491962 -0.076208910852344 -0.111404532935061
v 0.113503609021053 -0.120884199990735 -0.0018130443428598
v 0.113546119133021 0.100992210614308 0.051143149141399
v 0.113577625432508 0.0978536359467226 0.0323327022473344
v 0.113614443186796 -0.0755723835929525 -0.110687948625911
v 0.113661215463501 -0.114651589321174 0.114936828118887
v 0.113667656283286 -0.084704318760661 -0.0695353835394195
v 0.11371694007604 -0.121951018470093 -0.000142695181031258
v 0.113811239537637 -0.0724938438106597 -0.134698496322783
v 0.113858420913243 -0.0748529609238393 -0.112379908969233
v 0.113904237896781 -0.12084284678041 0.141417382693297
v 0.113911461780106 -0.0840925010294583 -0.0698399705424596
v 0.113936676819481 -0.0784223036007926 -0.0914645253677331
v 0.114057038614173 0.101220625117028 0.0524665437322285
v 0.114064740888663 -0.0839733171299265 -0.0690091292051247
v 0.114258208364308 0.0964195112686567 0.0261582702739413
v 0.114285359424416 -0.146998181519234 0.153742542747607
v 0.114301537292837 -0.101455852624351 0.0879051471645591
v 0.114332017040195 -0.1568419500226 0.00488046998490791
v 0.114349864289677 -0.147355506152986 0.0273818919554438
v 0.114429274590615 -0.0631937109349684 -0.157812549549428
v 0.114494898247124 -0.0688247132501829 -0.140205722575802
v 0.114550016706068 -0.113407146871036 0.114243798625171
v 0.114681291191701 0.101590968000932 0.0540083875457557
v 0.114726371063883 -0.128451099269114 0.00929099970827286
v 0.114800037754463 -0.15418269671531 0.00531975515124499
v 0.114825246272856 0.093734755271799 0.0175381145875974
v 0.114979309342615 -0.091483046659139 -0.0582634119406566
v 0.11512766548342 -0.153980947281158 0.00537081569802152
v 0.115170937648613 -0.104889217993765 -0.0196904073677409
v 0.11523441407517 -0.0691347162934454 -0.136977116782958
v 0.115237149540085 -0.153934261302648 0.00538467530318108
v 0.115286397131325 -0.105087567298312 -0.034775847960717
v 0.115297442336117 -0.154350525373481 0.00618493332460734
v 0.115387333508825 -0.104675878440546 -0.0285854691833952
v 0.115534804595615 -0.114047741079253 -0.0700576299807775
v 0.115684853425737 -0.0690438121346832 -0.128884977348168
v 0.115761032861447 -0.10521535050687 -0.0159854490040989
v 0.115764760067164 0.110793066596576 0.0496400598459938
v 0.116019748828898 0.0995899119010523 -0.00322041409330494
v 0.116064407745215 -0.111727991776295 0.0761460780556583
v 0.116128303755179 -0.126887544372799 -0.0333548425651905
v 0.116138603713876 0.110950162860963 0.0506166576734352
v 0.116214098300912 -0.0556521023472545 -0.159095110569317
v 0.11623338769374 0.111012239087663 0.0508459546140139
v 0.116272668023956 -0.104730685353943 -0.0144399781390114
v 0.116321956079972 -0.140223269617536 0.0659637574966995
v 0.116408633855668 -0.109008877164504 -0.0724387425375438
v 0.116484513360027 0.102723448596902 0.0584105665351835
v 0.116493885970865 0.0990744752960877 -0.0019202787530691
v 0.11669630876453 -0.0804535302336502 -0.148135516540934
v 0.116711806265269 0.107602985487165 0.0309813624461481
v 0.116731905653012 -0.110971475193015 0.0941661862864804
v 0.116732577240433 -0.108230492994576 -0.0722199983142647
v 0.116806997823158 0.111205772406475 0.0518379200365355
v 0.116832153450469 0.0747328766997109 -0.0593391054708299
v 0.1169276796459 -0.10630761528532 -0.0737444320665511
v 0.116970143381994 -0.140073954942555 0.0649901234232096
v 0.11702378515416 0.0867109903385623 0.00174154072810559
v 0.117067914774006 -0.101042322389877 -0.0321974353427515
v 0.117082188515585 -0.0951690756313593 -0.102961518230241
v 0.117206348883283 -0.126018522959766 0.0784861176092495
v 0.11724391625966 -0.131683022299396 0.0510141764314711
v 0.11728656794974 -0.131687872640139 0.0509245930884263
v 0.117603538496467 -0.125494129252897 0.0786274564391288
v 0.117614431665416 -0.0938946143438647 -0.103876041082444
v 0.117623374586957 -0.0828651714431765 -0.0586484116666309
v 0.11763372357693 0.0749875594499833 -0.0521713828284833
v 0.117765801412002 -0.129515226369484 0.0181960956848385
v 0.117875001253388 -0.0788846838185976 -0.149502784011112
v 0.11787825153073 -0.0628944506662891 -0.141210119805945
v 0.117903277473487 -0.0934928170133508 -0.102909476530503
v 0.117915538508112 0.0966296903393825 0.0407152328642169
v 0.117938093650516 -0.128516264538661 0.135020802824387
v 0.117954699823595 -0.0648893014142145 -0.121614173865549
v 0.117983074409692 -0.0656297112020358 -0.114340932902046
v 0.118035037589181 -0.0669856445209249 -0.101021241670326
v 0.118065873954063 -0.115551244311926 0.00425195702449255
v 0.118256532328931 -0.134738885848712 0.161003095620643
v 0.11840756126406 -0.125381405143955 0.0605162828408689
v 0.11853453423926 0.0830767803885195 -0.00508963454073066
v 0.118651557261847 -0.161155187873598 0.0213778344060327
v 0.118735195858847 -0.0695231582972038 -0.0853571201943201
v 0.118768695419547 -0.101606460103775 0.110744854072338
v 0.118771201813779 0.0797640104965854 -0.0326990074210147
v 0.118774463189621 0.0797513860590938 -0.0327339581055487
v 0.118893296496968 -0.0901174100599432 -0.0404795924967341
v 0.118980058585116 0.0967146991440574 0.0450959606330608
v 0.119094197481884 0.105504003439624 0.0272520718853639
v 0.119134966128706 -0.0612511901708652 -0.115270151362729
v 0.119223613663811 -0.111797287837781 -0.0608816299765486
v 0.119300622007729 -0.0955858042009957 -0.0778598243274121
v 0.119333047920082 -0.068263331070073 -0.0851780011456662
v 0.119504654529187 0.0759306900727243 -0.042744145047016
v 0.119603940945963 -0.0953194922052641 -0.0771282077947083
v 0.119682914623015 -0.094905464453349 -0.0773303175185048
v 0.119970050218172 0.10348559722671 0.0185285592063579
v 0.119977989483936 -0.0760743933791255 -0.151950979040887
v 0.120000938471284 -0.133485296965368 0.161586511359234
v 0.120004132443424 -0.08154758133584 -0.0486155809123948
v 0.120012702187476 -0.109226430921834 0.133063035405439
v 0.120022632455016 0.103475761948315 0.0186614540765159
v 0.120042029945366 -0.0994986358975302 0.0842037837470034
v 0.120108568530551 -0.100004504840896 0.083644516584778
v 0.120215184172573 -0.0882272249471513 -0.102666689041359
v 0.120216555170125 -0.0780394390012667 -0.144075116398537
v 0.120276033818883 -0.0587329662992914 -0.100543683868323
v 0.120289437825223 -0.105124588564853 0.128445768408608
v 0.120355109363247 -0.102019147547104 0.124896825255952
v 0.120367718935126 -0.102168040804389 0.125033889561753
v 0.120419042804263 -0.103172460600509 0.126260451319705
v 0.120450117048137 -0.0447156062764826 -0.152832092935938
v 0.120743389967314 -0.101673035711809 0.120841081567334
v 0.120744340197904 -0.130666905606902 0.0263915644374815
v 0.120759467411754 -0.13289189220125 0.161870665876144
v 0.120838420720503 -0.0997666906986662 0.094989363621911
v 0.120897263375247 0.069000833172174 -0.0690856575236131
v 0.120926409534496 -0.08448354353218 -0.110356710109269
v 0.12097849516819 -0.0579291950367301 -0.0958119111060374
v 0.120988606324357 -0.134080212076818 0.0394887547948585
v 0.12099594093349 -0.140444601450984 0.0563958559091458
v 0.121020631297093 0.0680427933850248 -0.0703798718843456
v 0.121042821232275 -0.100032663935261 0.097161978659658
v 0.12110815129253 -0.0832437301052423 -0.113357080766285
v 0.121144181342322 -0.140536128512399 0.0559265667892232
v 0.121171857585972 -0.119721578253732 -0.0184111610314649
v 0.12117310591397 -0.10477914967924 0.077939021115349
v 0.121302831536602 -0.119063602465836 0.145868863195426
v 0.121309304389903 0.07963319025642 -0.023654096392604
v 0.121419788743021 -0.130928095591303 0.0282499599279632
v 0.121451526807511 -0.0703486395723894 -0.0593202943455549
v 0.121460794520914 -0.070357762175249 -0.0592071745890601
v 0.12148147471217 -0.0702598712358786 -0.0592586182975039
v 0.121504077911652 -0.114110793446339 -0.0245304867886253
v 0.121512438260559 -0.0701720331483491 -0.0591971441816533
v 0.121586798528657 -0.108607271902979 0.00595272056254462
v 0.121663868669581 -0.0738829643065385 -0.153865543589946
v 0.121678745587579 -0.10170457064931 0.125623372145691
v 0.12180283459457 -0.0694519914961799 -0.0586809915200357
v 0.121817938267459 -0.124355166625129 -0.0106315687377574
v 0.121913746653581 -0.100506894658092 0.108409981119853
v 0.121974978442657 -0.0690250787834803 -0.0583749753397928
v 0.121980915776149 0.0784155244746598 -0.0181685682028259
v 0.122057609045899 -0.12192557476407 0.130607294364419
v 0.12209546305987 -0.121431181591076 0.130024804559958
v 0.122140133605077 0.0783794806830304 -0.0175284130260023
v 0.122172344103767 -0.126299691916672 -0.0075225510785597
v 0.122199131722205 0.104614018895594 0.0332758162335791
v 0.122371984723568 -0.13503403404527 0.0351042787772618
v 0.122417631782485 -0.119427547718974 0.0803759452575351
v 0.122486491300448 -0.135166984953203 0.034895909972925
v 0.122552848614883 -0.0567180263230839 -0.0836903337495676
v 0.122563104908281 -0.109226696360256 0.090314750552036
v 0.122589470683714 -0.1091742643274 0.092067258319985
v 0.122675956675953 -0.0770368767028879 -0.04224136770271
v 0.122703832503559 -0.108222923763023 -0.048877218329442
v 0.122741720303129 -0.0877705784999563 -0.0816299065742577
v 0.122747500103422 -0.110731973487197 0.118110839109647
v 0.122765929953322 -0.111084099922963 0.118536933623819
v 0.122808775989543 -0.109012331481351 0.0957494400327651
v 0.122970994250581 -0.0743874122488632 -0.147206359522097
v 0.122975843790267 -0.0794651609277692 -0.111423287486721
v 0.123178830441586 0.111980480318992 0.0882171580894214
v 0.123204415662866 -0.0861186986648852 -0.0851702810302974
v 0.123209548772837 -0.0373618233212657 -0.148629744104958
v 0.123212331231252 0.0542419697827355 -0.086252642402561
v 0.123377753650266 -0.109285146820641 0.1032095533175
v 0.123380648635228 -0.0745476076394175 -0.145165372159932
v 0.123421468740807 0.0689004265392388 -0.0524366730042666
v 0.123421545783882 -0.0724527990082967 -0.045820393758955
v 0.123460594225561 0.0984346119948225 0.0558519240264155
v 0.123538838476052 0.111260959942587 0.103986673819031
v 0.123583225717795 0.0671037876093346 -0.0553289243197897
v 0.123586422255479 -0.084098086060627 -0.0893366551296068
v 0.123599678390733 0.111641228580788 0.0863617462174643
v 0.123607197650039 -0.0719529446300143 -0.153869622655231
v 0.123618712046236 -0.076443974408123 -0.141395260845399
v 0.123622813812683 0.067082834489623 -0.0550185165801709
v 0.123637858535964 -0.0746478657310337 -0.143876804219681
v 0.123672979364051 -0.137118554838598 0.00849492408658708
v 0.123712640247842 -0.109506525166875 0.107416723770225
v 0.123736825456624 0.0671468863668276 -0.0538220741049349
v 0.123828241830042 0.111673430634673 0.102982764124449
v 0.123843162478684 -0.141617922927563 0.156000417097532
v 0.123872177432194 0.0672174306249172 -0.052517355165858
v 0.123873462282769 -0.0851880251416613 -0.0829314507328737
v 0.12390866459589 0.110607521797834 0.0836110450237636
v 0.12414349538502 -0.0576590349544169 -0.0658806177591502
v 0.12423658080839 -0.0577085050685093 -0.0649564149839068
v 0.124284130616446 -0.116950513312931 0.0810385706963426
v 0.124290092690943 -0.0749867235632751 -0.142462357926016
v 0.12431624782712 0.0589620920693892 -0.0684355253424284
v 0.124321039729468 -0.107941011153371 -0.023998539360682
v 0.124373111377587 -0.0934469383457746 -0.0634463659556047
v 0.124379339357563 -0.0865475619174629 -0.0708253818356444
v 0.124402563446362 -0.0644276195915338 -0.0520346404033874
v 0.124428149681346 -0.0749049620468345 -0.138801839431041
v 0.12446509177039 -0.0979905962375741 0.0813518753440693
v 0.124476686271816 0.105227090164923 0.072395972933781
v 0.124544525348549 0.0479643670728669 -0.0912319895057034
v 0.124718312350702 0.102551261177705 0.116977057987354
v 0.124798071941695 -0.141468851883599 0.156685016069421
v 0.124941123825866 -0.111448624072706 0.0677387554461713
v 0.124969171298339 0.0921929112317594 -0.0102798529573895
v 0.124978116336911 -0.107836657106208 -0.034271181093489
v 0.124988293393979 -0.130554222097796 0.166374707405066
v 0.125045760722013 -0.108062655498338 -0.0371727071257892
v 0.1250943808637 -0.0607355096304519 -0.0536173862552708
v 0.125115905805223 -0.0922607818229451 -0.0623396176459023
v 0.125125751641587 -0.0731729019682811 -0.143790560092186
v 0.125135283987982 -0.0395846326146567 -0.110291452932611
v 0.125143934805123 -0.0735484994083605 -0.136428618474365
v 0.125167202084699 0.0495105211065253 -0.0836507798357505
v 0.125200732423301 -0.125470352571046 0.137949546955188
v 0.125203113004672 -0.0743563800583764 -0.0336569692750578
v 0.1252032305887 -0.0747733327259656 -0.112421129568513
v 0.125206218650653 -0.05688790147733 -0.058479726689457
v 0.125211412165757 -0.0749423340877017 -0.109108598582757
v 0.125262559599346 -0.087734308938351 -0.0664600894739058
v 0.12533484068276 0.0992540391516411 0.0597873827644089
v 0.125416527684744 0.0442484020660548 -0.0942036233352246
v 0.125471720629418 -0.0297482485339236 -0.147359378609794
v 0.125484747749463 0.103554393491006 0.0398515805728861
v 0.125525726030354 -0.0862728578762833 -0.0672267250868986
v 0.125555854814549 -0.112433177488749 0.0658956620108219
v 0.125581150712273 -0.11583867542538 0.145839590804242
v 0.125719177650114 0.0433797142155374 -0.0935202277256629
v 0.125750217191733 0.0430630138924614 -0.0951676493110724
v 0.125877866556213 -0.106117912411291 -0.0360634176787811
v 0.12588790392794 -0.0564887075929324 -0.0554379473851255
v 0.125898371688035 0.0813430431306646 -0.0563806138479985
v 0.125918243156003 0.0424091777998464 -0.0956947442742272
v 0.1259264409273 -0.0861391082313972 -0.0660118006300447
v 0.125988775888975 -0.129478870440929 0.0385859343648552
v 0.12600179662904 0.0424245077367971 -0.0932632053703305
v 0.126055170531054 0.0882992478213257 -0.0300313397504856
v 0.126214363778099 -0.0789807716065736 -0.0858869417646227
v 0.126246188114552 0.0679787473188488 -0.0396499318339911
v 0.126325691863261 0.0871963850863343 -0.0330528192258625
v 0.126501330901483 -0.108492565205142 0.107459974865536
v 0.126536075330097 -0.0991414595693321 0.00821422140552838
v 0.126548377145515 -0.0974463763959494 0.0834862775442462
v 0.126585998017321 0.0801128657242067 -0.0583610931346146
v 0.126632503550231 0.0510454760944785 -0.0665431465186623
v 0.126696617645481 0.103590440175857 0.0415471647684022
v 0.126791482402307 -0.12139068741239 0.0742546502447439
v 0.126875005463452 -0.0838598592829084 -0.0653712781731929
v 0.126914701923457 0.0501093209787472 -0.0663223082852863
v 0.126960926890661 -0.0996600408176673 -0.0409623545938766
v 0.127055233005402 0.0984248330458202 0.121129647790582
v 0.127062376839176 -0.0858070551322286 -0.0628212520757895
v 0.127068777043755 0.0843133071454048 -0.0410307952040624
v 0.127145600758582 -0.144345880924742 0.037205444275198
v 0.127164494908562 -0.100135742528713 0.0113113823580303
v 0.127221058733785 -0.138257719411922 0.0193930832232174
v 0.127300926207386 -0.138614726492883 0.0200041014285782
v 0.127339204130411 0.0905927255233046 -0.0170103803739114
v 0.127366265017746 -0.0216486486220515 -0.148659982806325
v 0.127444737862317 0.0424068526954068 -0.0801350473115183
v 0.127455239546107 -0.0382016553025812 -0.0838350431416683
v 0.127512201115575 -0.128752745493789 0.169419446410578
v 0.127529986478402 -0.0760588304318079 -0.085476340972045
v 0.127610122901959 0.0821671632417432 -0.0469434757101145
v 0.127616694719177 0.0337006887184695 -0.117632270903285
v 0.127662882084858 -0.0769846108396642 -0.0168632075210678
v 0.127812246471133 -0.114372795346864 0.0273841192350798
v 0.127868472963578 -0.109587211044547 -0.0114081543112925
v 0.127907394554366 0.0726701536377944 -0.0249034179434524
v 0.127922767448732 0.0315384181597124 -0.126276781999536
v 0.128018475755638 -0.111682528406435 0.0252650019614318
v 0.128038907064668 0.0302121895594665 -0.131543859507805
v 0.128101827199293 -0.0538051017268818 -0.156912384751531
v 0.128113879208281 -0.029824479811134 -0.0992595235598893
v 0.128126766479636 -0.0298219089782061 -0.0988706874643625
v 0.12816122713836 -0.0526140652537569 -0.0488994519858241
v 0.128167925488955 0.0779103781969787 -0.062118128826735
v 0.128216864306424 -0.0276402501088685 -0.114762601680321
v 0.128272890738388 -0.128187104221407 0.1703570234819
v 0.128336434991963 -0.128230263162263 0.0660203957634267
v 0.128409549089207 0.0411642191416199 -0.0743499276086285
v 0.128424314711261 0.0882159420877155 -0.0216899647050165
v 0.128458658363851 -0.105941597165291 0.0207428262948147
v 0.128490808363792 -0.0705949779977668 -0.0215623965642731
v 0.128504045250406 -0.0810270539185346 -0.0631779782387876
v 0.128557467191664 -0.0262198982881056 -0.116118251659183
v 0.128695363787997 0.0672898579164834 -0.0284109302679536
v 0.128792053098761 -0.102565819463437 0.018039883679487
v 0.128872394925449 -0.0614046498064783 -0.115258584919845
v 0.128887895397178 0.0385043757792272 -0.0764513621693188
v 0.128897436569462 -0.0847914085675762 -0.0550877223081638
v 0.128992881007784 -0.0214324618818446 -0.140531645091597
v 0.128995298673703 -0.145600164585884 0.0312827434482272
v 0.129079860776779 -0.145630595301991 0.0309349578214717
v 0.129080805220547 -0.107276506520177 0.0860098892721929
v 0.129134752710757 0.100836160339679 0.0361758559651857
v 0.129191438617775 -0.0605544537371746 -0.11029281001898
v 0.129281544038156 -0.0982933428778455 0.108475026653778
v 0.129350013501738 -0.115448072937473 4.79283531954603e-06
v 0.129367729903724 0.0671103616803136 -0.0254612091386496
v 0.129477891593387 0.119741457057394 0.0831653215281127
v 0.129545012587628 -0.0299673039123895 -0.0847736732774094
v 0.129587079250104 0.119838632741057 0.0835934693908564
v 0.129593579905691 -0.0411094094054769 -0.0576275997689204
v 0.129599362674282 -0.0418498405416512 -0.056547390160008
v 0.129621212021979 0.0758579655504047 -0.0656066108423697
v 0.12964384150364 0.0277984459403434 -0.108278969578552
v 0.129688926868416 -0.0770984559635182 -0.0634711651255274
v 0.129689765588017 -0.0314054286193793 -0.0796774295844625
v 0.129709574010121 0.118139177780054 0.109042750558994
v 0.129813019193367 0.118289151662995 0.0795959178546743
v 0.129893308931277 0.119609448294394 0.083394609817628
v 0.129992663502283 0.0978046796906444 0.123999858996017
v 0.130011085973987 0.118569802155851 0.107984467344509
v 0.130018369583885 0.115796034061675 0.0745717483366737
v 0.130059434978467 -0.0776477348666751 -0.0606912121665909
v 0.130106257666988 -0.0677822546255687 -0.016992144969697
v 0.130160109984047 -0.067302118211645 -0.0843351951544813
v 0.130168334119954 -0.0349974400868003 -0.0670549144588701
v 0.130170107579501 -0.0567999117557854 -0.114200367235067
v 0.130216860129524 -0.0773837359775513 -0.0603134740948496
v 0.130240031526064 -0.0594431799283766 -0.103743607796479
v 0.130285392396091 0.069463558676472 -0.0741489307954871
v 0.130361550895086 0.113161222942147 0.116419550198413
v 0.13037902280479 0.0262008635268154 -0.100590947604262
v 0.130398659131874 -0.0978110130539249 0.108500407561932
v 0.130481885805475 0.072281177205587 -0.0132070711899748
v 0.130530253242777 0.119470348645155 0.103966102180344
v 0.130538689758842 -0.0273869945775114 -0.0817891995866693
v 0.130548188250401 0.0760546666134455 -0.0585708814276105
v 0.130548629037054 -0.0592244436515166 -0.101538853180095
v 0.130567522679942 -0.0161186355577432 -0.136107080281746
v 0.130638644583418 0.0722574927319517 -0.0124948896967654
v 0.130678977710538 0.0717935595566116 -0.0129284021624704
v 0.130756842826071 -0.0548954841999864 -0.110758578171057
v 0.13082442558162 0.0713970767272881 -0.012703922868988
v 0.130841561606436 -0.0455161590191741 -0.0447761146196837
v 0.130921571038392 0.0381246634017897 -0.060169608313574
v 0.131009602971185 0.0679905311783784 -0.0164820609586654
v 0.131055062839136 -0.0535537266397502 -0.113454502551715
v 0.131059762321974 0.0234073978896028 -0.101404451900454
v 0.131143823616654 -0.0151937040455157 -0.126607809395509
v 0.131174258322182 -0.0936654774227697 0.0146772840231821
v 0.13121353133506 0.0398040062551762 -0.0538315439383619
v 0.131250776233462 -0.120836644282369 0.0705385043610047
v 0.1312966913257 0.105967826011596 0.0956968388985518
v 0.131329124905916 -0.0938104098192034 0.0153124684945136
v 0.131338283405788 0.105319794902235 0.0529855325526482
v 0.131375522107047 0.0612044252342543 -0.0835219209091776
v 0.131382338920981 -0.0471187523209388 -0.0396256970169946
v 0.131399838698496 -0.136649452594469 0.164743282180879
v 0.131498303199508 0.0682761166009792 -0.0134621423721659
v 0.131541312099735 0.0689577674140967 -0.0662217057339756
v 0.131563424092417 0.0236271056459877 -0.0882052910166901
v 0.131750705285868 0.0409784647727589 -0.0495361021299089
v 0.131767978858766 -0.0977684182574551 0.111889288441994
v 0.13180016826288 -0.0969341227337561 0.106868937917575
v 0.131856801937601 -0.0107488976913569 -0.140356821635828
v 0.131875169469252 0.0687476064417039 -0.0631997068906285
v 0.131941062003077 -0.0928809861394783 0.015900374992187
v 0.132018930446897 -0.0203801855179176 -0.0854714223204692
v 0.132132492691657 -0.043311679531824 -0.150906500080525
v 0.132161347107961 0.0198288523591407 -0.097035791310508
v 0.132250353775665 0.0685640266123203 -0.0110449017119786
v 0.132378062615064 0.0629783177550512 -0.07266786165434
v 0.132396324709206 -0.0591572962561815 -0.0171129922941006
v 0.132423959049498 0.0181606331332866 -0.100914208375286
v 0.132456247838265 -0.034917960421557 -0.0512543473369021
v 0.13252145141616 -0.0646169527698182 -0.012228593886268
v 0.132526949272946 -0.0483817734971073 -0.112265864246092
v 0.132543558475115 -0.0786410171257167 -0.0463969527498189
v 0.132543687420689 -0.0952362050218611 0.0761429463870625
v 0.132565258675444 -0.124837008310615 0.143986491149751
v 0.132581351666323 0.0407561265695136 -0.0457087507847453
v 0.132674502329693 0.0955806916604056 0.0180333848796705
v 0.13273829793822 0.117480238516879 0.0815471295290015
v 0.132843231883493 -0.00742207646722503 -0.137569529931839
v 0.132940103006436 0.0333567973944591 -0.0541406205930864
v 0.132968791291342 0.0107619297796954 -0.132727939810141
v 0.132983847578519 -0.0788789367470981 -0.0437634817125827
v 0.132992274158654 -0.0573802818883008 -0.0830522852469477
v 0.133005803597934 -0.0404861863311625 -0.150439109823169
v 0.133143920386133 -0.0161097349734212 -0.0857825629959302
v 0.133244467149718 -0.0953907329511484 0.0218826681334689
v 0.133254893977046 -0.110506885555946 0.0584803978811429
v 0.13339234620404 -0.0488471427035486 -0.0264992840014756
v 0.133394463333481 0.0405585932248398 -0.0421152505933311
v 0.133409097045007 0.0556105081658708 -0.0806107413692927
v 0.133438225452549 -0.0703251886080097 -0.0047222138584418
v 0.133451584982127 -0.0769609686951197 -0.044007615488973
v 0.133498000571692 0.0153070803806594 -0.0915536759652031
v 0.133519488443023 0.0586598229991463 -0.0715923228522531
v 0.133550659715154 0.0788552714165882 -0.0370084821626531
v 0.133557437982027 -0.0847259274285965 0.0101600191129234
v 0.133629715944628 0.026234376491383 -0.0647563460454935
v 0.133672565905389 -0.0964502862323919 0.108898111351757
v 0.133751266651551 -0.0975229362572001 0.117258506185367
v 0.133776193698085 0.0264192038068853 -0.0630940693556579
v 0.133842309090595 -0.0377725348801933 -0.149989951638269
v 0.133844493766427 0.106816462478189 0.122708753223212
v 0.133863679877492 0.0961733402448268 0.11716561249862
v 0.133883884868915 -0.106192446715775 0.00210969111193955
v 0.133941364243701 0.0314698885557759 -0.0517626177036997
v 0.133970538493677 0.0142251991871333 -0.0901369648420733
v 0.13398053482292 -0.106142630828981 0.00231733373399047
v 0.133982389952308 -0.0579581109791811 -0.072133248379225
v 0.134023045323329 0.0569202663978435 -0.0706920076884944
v 0.134028121468706 -0.0959982755969363 0.0243342740005681
v 0.134028245913208 -0.113832579353762 0.150951907039374
v 0.134036671000106 -0.0790731972569541 0.00431905964783452
v 0.134123945236822 -0.105831086818567 0.0023631873048317
v 0.134157584558344 0.0248973522234741 -0.0634758033081877
v 0.134197013361059 -0.0183718334049531 -0.0713121439416579
v 0.134230364081427 0.0309436162578375 -0.0510997608508837
v 0.134283991017227 -0.0400825027374366 -0.0342401195113303
v 0.134326826166742 -0.0696718758558133 -0.0496493731244727
v 0.134379899761628 0.0679837619584638 -0.0503487874149778
v 0.134443605238075 0.0442580539937999 -0.0968107021843922
v 0.134454677031499 0.0304918866736691 -0.0505298539946601
v 0.134539924407723 0.0273828880080505 -0.0544270074573353
v 0.134560491659184 0.0680486362074515 -0.0492234807878035
v 0.134684315144847 -0.0372249207049898 -0.146263131570212
v 0.134703052545953 0.106337984466279 0.123700578829556
v 0.134774486885906 0.00883001089524268 -0.100036854541635
v 0.134812408563592 0.00298821798695205 -0.136188321576635
v 0.134862854641869 -0.00268463415282713 -0.115838899876349
v 0.134878877420675 -0.119296409097546 0.159489455897779
v 0.134904401711316 0.0229866594315864 -0.0617090280069434
v 0.134905086873391 -0.109477123615085 0.0394908169801954
v 0.134972306047181 0.0958563540878963 0.117167336723041
v 0.135087612994281 0.0207768135241436 -0.0653694708227738
v 0.13513319498979 0.0414431325963055 -0.0990701837895492
v 0.135140438685519 -0.0332533790789153 -0.149230547726575
v 0.135165407733306 0.0414554718935789 -0.0974756297315564
v 0.135200649311826 0.00130772865778697 -0.136928819990581
v 0.135265585556991 0.0684031421792504 -0.042699967147104
v 0.135308326062029 -0.0567584466240259 -0.0626172849224903
v 0.135377176175019 0.040263247193395 -0.102043875867675
v 0.135390928973442 0.0414482650220916 -0.0958783717855484
v 0.135427097679615 0.1058381399322 0.124586572321084
v 0.13552679896816 -0.105074332566238 0.0926175510819278
v 0.135536224701731 0.0153657780808123 -0.0743324422897144
v 0.135546957420527 0.0398284687089032 -0.0995473908349412
v 0.13559953303332 0.0684979611665494 -0.0411482212664514
v 0.135629006534325 0.100366109557611 0.108285393468485
v 0.135657052742314 0.0395465348768558 -0.0979285352175797
v 0.135699214175026 0.104453253171568 0.0559918372688163
v 0.135711684807867 0.0276154176092914 -0.0478194626328998
v 0.135751327859777 0.0474034290016574 -0.0767206673999921
v 0.135904929722688 -0.0466356879665863 -0.0831322070863345
v 0.135982497471537 -0.133842191809673 0.169864658948158
v 0.135983381394196 -0.0302102136646765 -0.148715422706512
v 0.136069345199787 0.0158488930070694 -0.0675973735049209
v 0.136107214180496 0.0514965097309668 -0.0679327458125573
v 0.136149983203582 0.0375023974155188 -0.100237250609036
v 0.136177367784684 -0.0179671907898676 -0.0555899213653613
v 0.13620957461533 -0.0173159686548253 -0.0563426207415525
v 0.136211345035047 0.00154353892246519 -0.109558199839366
v 0.136231981746974 -0.00204638194123078 -0.0921575050159898
v 0.136256660534271 0.00344292260091103 -0.0963283931168493
v 0.136269834550956 0.0360306672485446 -0.112713162270428
v 0.136322017493715 -0.0886059203427579 0.0226156520029898
v 0.136345095351321 0.0414303941174127 -0.0878304961101639
v 0.13655029464534 0.0395813108635004 -0.0265653175962406
v 0.136577188960692 0.0973039702340288 0.067109720566211
v 0.136591620981788 -0.110640544156368 0.0542023015059116
v 0.13660488794357 0.00247584546751378 -0.0956836419692818
v 0.136673247746099 0.00165130765844193 -0.0970494265651363
v 0.136678486244993 -0.0808754136661811 -0.0216649926834403
v 0.136688046739269 0.0175650316146549 -0.0568752798444783
v 0.136723122489462 0.0449054165727215 -0.0753828162839039
v 0.13672975020066 -0.0732501693004896 -0.0320822665082995
v 0.13673021534579 -0.0428347931901559 -0.0173416926238435
v 0.136831956610785 0.0414529157654823 -0.0804901569810623
v 0.13688142280393 0.00157957986232567 -0.0950743019799438
v 0.136903080215924 -0.0558340120372273 -0.0555816434533553
v 0.136977670935355 0.101471420557685 0.0774201809554593
v 0.137046683759556 0.0414428517030167 -0.0792966362939639
v 0.137099882883982 -0.0107768318303382 -0.0640397820029627
v 0.137139288244507 0.0165265138597669 -0.0548147172549359
v 0.137159214750391 -0.0878266027654954 0.0238493542225188
v 0.137187900077152 -0.112510794050212 0.152186794147374
v 0.137198720832352 0.0823732554415276 0.0248212251579868
v 0.137220655064006 -0.0286234138178747 -0.0349627294884696
v 0.137235488514599 0.0438682887570903 -0.0747626644583964
v 0.137266518970267 0.0304439561040765 -0.135148943778235
v 0.137272354943568 0.039027849704663 -0.0820263708985598
v 0.137359337583275 -0.104824156621873 0.107598808195884
v 0.13741535554137 0.0672277510056893 0.00268878819798024
v 0.137426662551697 0.113983603933277 0.0792591226885026
v 0.13747501809611 0.0234348861124207 -0.0438698649106487
v 0.137480112429649 0.0319864733794504 -0.106467114774747
v 0.137513267630939 -0.119008060588381 0.0251254207115972
v 0.137600609613708 -0.104727258292894 0.080382662752598
v 0.137602391116857 -0.0987691462732964 0.0355152175608506
v 0.137629379808679 -0.111698530526641 0.0183636884218557
v 0.13765283227387 0.0414304345105168 -0.0742928973906426
v 0.1376768620563 0.0415821744055273 -0.0738044748986253
v 0.13771770807012 0.067991595376593 -0.0326891012708722
v 0.137720560730575 -0.0301703786903702 -0.107691416734174
v 0.137737536286982 -0.119457756497565 0.0645423686264327
v 0.13785205180153 -0.0254530342491008 -0.144796219982873
v 0.137855910409689 -0.0284697987688727 -0.119824092949833
v 0.13790450455263 0.045700053285663 -0.0649438683154125
v 0.137940074113062 0.100792177837466 0.081041851255283
v 0.138018007689275 -0.112261772758713 0.0198186801691778
v 0.138058553335382 0.0378933311378576 -0.0208434672102551
v 0.138060518414028 0.0800715703551411 -0.0161328010434537
v 0.138078625271138 0.0413949943301712 -0.0735087814454092
v 0.138143136716309 0.044526540138443 -0.0643271093806033
v 0.138332824984386 0.0295810795794982 -0.102631075442441
v 0.138581121245441 -0.070051179083947 -0.0268933348306416
v 0.1386539167998 0.0477519424685917 -0.0539451393407505
v 0.138689302362813 0.0684758362452552 -0.0279142110516863
v 0.138689477640943 -0.0226297142113829 -0.142445451075584
v 0.13870650510868 0.0785507890693307 -0.0152592352394412
v 0.138709400619073 0.0802465724538627 -0.0131291907530018
v 0.138709683928555 -0.0323917990122987 -0.0931619124515451
v 0.138820765305313 0.100419223592361 0.104604594185588
v 0.138894514654273 -0.0941011042677888 0.0936210038722236
v 0.138982282006782 -0.109401532576206 0.0491061994624248
v 0.139007468552688 -0.0164009754583258 -0.150905119763362
v 0.13901012604051 -0.0433593903297481 -0.0620547881842589
v 0.139052528687473 -0.0473625897456795 -0.0562236854699767
v 0.139071019310189 -0.110253663243271 0.0502836126751288
v 0.139072347585012 -0.0324316897467545 -0.089738772003948
v 0.139110333482696 -0.110264767782382 0.0502477074083762
v 0.139251372443227 0.00247876820095685 -0.0682737525459932
v 0.139387359761919 0.0766202768447512 -0.0141701153017773
v 0.139561459236188 -0.118696523108794 0.0624714912756067
v 0.139582249349953 -0.0324851107114387 -0.0847473269601244
v 0.139592301030295 -0.0215637602406321 -0.126463319854381
v 0.13968691571575 -0.0211477648157965 -0.126857306111936
v 0.139707974447526 -0.121846320992375 0.146873032867307
v 0.139762023971232 0.000587053786562053 -0.067743716630468
v 0.139790744841499 -0.0809587131767652 0.0234418029703173
v 0.139794111236982 0.0994160974567622 0.082517928465743
v 0.139874654612772 -0.0353954803651934 -0.0744334420830507
v 0.139938791166468 0.0397446513219543 -0.0618904943769948
v 0.140039837692617 -0.0851452640648243 0.0280940947534789
v 0.140049414354313 0.0245301395011848 -0.0963536596949228
v 0.140049747870519 0.039053173106607 -0.0625766240330983
v 0.140073427292191 -0.0851216459169809 0.0281510078827033
v 0.140090150876884 0.0284843008459586 -0.0231293375785341
v 0.140104161674987 -0.0504191512540829 -0.0464468433469802
v 0.140200885444778 0.0366041523672824 -0.0157830397155485
v 0.140224734535518 0.0388001467815959 -0.0614028278448618
v 0.140313658779209 0.0189139023847542 -0.135899470225468
v 0.140349870922582 -0.0755823468306696 0.0207151909359371
v 0.140386080682798 0.0403426982186224 -0.0555370401115192
v 0.140396690284424 0.104911019686209 0.129379641681357
v 0.140467514546774 -0.0157334982511584 -0.143585054717869
v 0.140473668021274 -0.104947201464773 0.126472894346634
v 0.140547858805829 -0.0938055975370675 0.0981711582160291
v 0.140568055529325 -0.0665886338290697 -0.0212661202218858
v 0.140594163863193 0.0137996191310239 -0.0398474628592693
v 0.140599869416418 -0.0382288683638786 -0.00932553925379095
v 0.140613552922202 0.066863887047048 0.0115939417019922
v 0.140655982539124 0.0699751304109544 0.0144087863349845
v 0.140691047887285 0.0109768524648733 -0.0430611087304628
v 0.140699198083662 0.0696034623417005 -0.0161842849276837
v 0.140764656285643 0.0345978894060523 -0.0669974462737089
v 0.140804428727953 0.0957402113773279 0.137408796898477
v 0.140902884417578 -0.0274866137305785 -0.0851115689035081
v 0.140935749885664 -0.0760389244596334 0.0229394809588352
v 0.140953558692603 -0.111018531482116 0.153608187399504
v 0.140987660477302 -0.0139059960846092 -0.0358895547739689
v 0.1410630360377 0.000138783329857006 -0.0553999663998255
v 0.141140056864411 -0.116056089892525 0.173969578416634
v 0.141295484580196 -0.0762736926411467 0.0240218882408705
v 0.141312858738884 0.066758597524648 0.0137642529114394
v 0.141467836169952 -0.105656455758477 0.0513804553456173
v 0.141534205811473 -0.106633850545331 0.0524861067262252
v 0.141543780721912 0.110639869861375 0.107417044656681
v 0.141553815857318 -0.116253057930584 0.0319659054517289
v 0.141604571781301 -0.0504850764745289 0.00384916130070686
v 0.141620141306544 0.0350640657114164 -0.0566711718627921
v 0.141650366096692 -0.0769975781047286 0.0254326073611631
v 0.141654126823445 0.035588191264107 -0.011958938965067
v 0.141685590551479 -0.0244782200597025 -0.0853306133365215
v 0.141755753992286 0.0435830723421371 -0.043639469675388
v 0.141780713733765 -0.0518484551494979 -0.035685648782942
v 0.141874847370326 0.0453541689936451 -0.00284032049040841
v 0.141960091593528 -0.0776322242809861 0.0266710114878769
v 0.14207679527008 -0.00975311793436506 -0.142839830983655
v 0.142086939825482 0.0307270852485665 -0.0634039979902462
v 0.14209402044637 -0.0938793323107853 0.109757232889619
v 0.142115631866209 -0.00832729711952111 -0.144611175721183
v 0.142129353430109 0.0340734659611351 -0.0554221051537568
v 0.142184098280996 -0.0963772194433434 0.0138310292053101
v 0.142239077321447 -0.025735435262243 -0.076925064002468
v 0.142315021910454 0.104420256089161 0.116684749131027
v 0.142320772043304 -0.104012927649139 0.121524848360376
v 0.142356651914078 -0.0933540973182789 0.0964964587696117
v 0.142384292211506 0.0702682280029491 -0.0104788674925009
v 0.142414505240474 0.00843627098859355 -0.0376169576475316
v 0.142550412253125 -0.110015817078216 0.154435193225561
v 0.143045917031357 0.0665885456604201 0.0183546094980554
v 0.143054477215887 0.109759537406608 0.0748480042167702
v 0.143084632111038 -0.0923426758991801 0.0118253906169513
v 0.143178521153144 -0.0972373360789778 0.0174823480015956
v 0.14325482438297 -0.0476493017630053 0.00654901029728166
v 0.143270184076511 0.0571741410928697 0.0118437059327055
v 0.143327885808312 -0.0564514991744677 -0.020983101662148
v 0.143336287036044 0.109885058584115 0.0955777386820385
v 0.143510771423107 0.00641158648014432 -0.141634820163054
v 0.143543280994712 -0.0626942268345851 -0.0154076756045935
v 0.143615853986278 -0.0534240093425645 -0.0237387132712979
v 0.143628506977237 0.103910127655189 0.116693026144663
v 0.143639133325474 -0.102296758937195 0.101176533168241
v 0.143729940947383 0.0161183413388063 -0.0853340556981421
v 0.143802186186844 -0.126660214047504 0.172020966481584
v 0.143810011693656 0.0964854573239542 0.0897866948382197
v 0.143832714144394 -0.103630282780822 0.123598221028505
v 0.143854113408067 0.0255083619409719 -0.058724246600809
v 0.143862426009111 -0.0645205274548115 -0.0130075577177606
v 0.143885617049712 0.109637246295336 0.10537250513617
v 0.143909838121873 0.061576896505908 0.0169159210386571
v 0.143950628125812 0.0942127855816743 0.129225859712437
v 0.143998448777848 -0.0823310766101415 0.0348519566213037
v 0.14405628885152 0.0869624042618575 0.154132394404647
v 0.144067999569758 0.00243063080743393 -0.143123328901786
v 0.144068161188859 -0.0352646414186391 -0.0469744868437205
v 0.144071253216636 -0.10868300965938 0.155451884055109
v 0.144079803354476 0.10433535819644 0.133841913218038
v 0.144116148082997 0.0868401495610068 0.154289417166835
v 0.144173588248756 0.0697623114928255 -0.00545896672558877
v 0.144187189304732 0.0148939280766402 -0.0837840403917583
v 0.144233636937485 0.0868757936185349 0.154189885065653
v 0.14424388366237 -0.082122209510737 0.0353274681837063
v 0.144320177613797 -0.0319117431206171 -0.00317651788113662
v 0.144360662189816 -0.0941566483951193 0.0172945948676613
v 0.144421682552695 0.0647335778459136 0.0206975216981925
v 0.14447986538681 0.0228317391941757 -0.0592993279005919
v 0.144488938523106 -0.0840059529569048 0.00543018520328751
v 0.144522041354668 0.000886290808403489 -0.143875115515843
v 0.144545808819008 0.0239944754545565 -0.0572708914171834
v 0.14457613200667 -0.0349440567722249 0.000105574031676655
v 0.144660942842658 0.042718501215412 -0.0295916215365166
v 0.144669437813904 -0.05152384350289 -0.0208455264933678
v 0.144678275327016 -0.0129004352907178 -0.0177611134378296
v 0.144681832874344 0.0184344162569565 -0.0690026546037985
v 0.144685948855136 0.0946451553759784 0.142515535167715
v 0.144769818078639 -0.101966754768529 0.100099411649096
v 0.144781269391135 0.0944287111106075 0.142797778901617
v 0.144784975541556 0.0282115416781014 -0.0499140631558995
v 0.144817199603462 0.0154871536546759 -0.0755062142282268
v 0.144892854759611 -0.0930290045040374 0.11012898453689
v 0.14493333032025 -0.0315093592022301 -0.00163632507376755
v 0.1449608481233 0.000964547831589779 -0.141504287342436
v 0.144961237277608 -0.00812525308173947 -0.0230548753541544
v 0.145029379066669 -0.00320294894151501 -0.11140535311799
v 0.145045180577328 -0.0041638688040824 -0.104465296457351
v 0.145065436481359 -0.000712738864783203 -0.109594564797543
v 0.145078321427153 -0.00611961032072464 -0.0252783539481505
v 0.145088319420653 -0.0726845452768868 -0.00226690483739475
v 0.145093100600558 0.095549111444594 0.0921090814610968
v 0.145137126125607 -0.0382493486207085 -0.0371381148826645
v 0.145151394186135 0.00284196959824165 -0.0981443462482636
v 0.145161364136802 -0.0842754706146292 0.00776289155241258
v 0.14517127345916 -0.121274569574311 0.0467724538479024
v 0.145177938785924 0.00589621139272189 -0.100468295644947
v 0.145180499196597 0.00612460990077294 -0.100494170187519
v 0.145182679219835 0.0478092051648407 0.00996714678398028
v 0.145212591196917 0.00687851795635683 -0.0945024093774738
v 0.145223276775859 0.0670098220705651 0.024602079775416
v 0.145248775466455 0.0158695681181753 -0.0701780042015914
v 0.145301276665483 -0.0440601996381251 0.00999316148413597
v 0.145361328149816 0.0694381865021822 -0.0021981118702377
v 0.145381709351097 0.010504463755448 -0.0197831727613889
v 0.145388272662846 0.0950563311771856 0.0711424338642976
v 0.145405110559648 -0.119420777592089 0.14912525573515
v 0.14543592080867 0.000116453597849033 -0.0322258380038134
v 0.14548613535702 0.000458485672272907 -0.0324449402258765
v 0.145552866022026 0.0417512388987761 -0.0262935597343163
v 0.145573806105346 -0.0807711396758599 0.00609068206483906
v 0.145576001485908 -0.0224798683875952 -0.00712045847532105
v 0.145610157722792 0.000467450029160833 -0.0318012882418467
v 0.145614016865797 -0.0063966000483228 -0.0220506609548361
v 0.145635138847151 0.0432019003798354 -0.0237628270363503
v 0.145772298980168 -0.120498460139561 0.150811919370501
v 0.1458044585085 -0.000353099655230067 -0.0958871396270672
v 0.145827728068671 -0.0992739346336724 0.0256656819710128
v 0.145827987073383 0.0670358039113061 0.0194767903746725
v 0.145837505108654 -0.110660610480526 0.170669105701499
v 0.145838847147693 0.0414363881142405 -0.0252230468490971
v 0.145861214155986 0.0175761452974963 -0.0595148165470958
v 0.145993854824074 -0.0213117160507609 -0.00680803673722279
v 0.146168359009233 -0.0919070283021339 0.0672504838417763
v 0.146216260377792 -0.123585476683926 0.170326542235309
v 0.146217882635049 -0.0254600937952917 -0.0494831804013135
v 0.146281703385466 -0.00346310673180973 -0.09485086650941
v 0.146288111976316 0.0176704486006512 -0.0111776852853144
v 0.146293484113543 0.0376797586083365 0.00484067085674302
v 0.146294373797921 0.0409430140054994 -0.0235403905352437
v 0.146309578240811 -0.00675654541327825 -0.0178471976392043
v 0.146358368707469 -0.0982160129531341 0.0558910483136383
v 0.146576825110618 0.0338163704401536 0.00243174910939254
v 0.146595997595012 -0.105121695125119 0.15176982685138
v 0.146682858774766 -0.0155871232070332 -0.0608888993838295
v 0.146773430317703 0.0298676018265362 -1.59004310967996e-05
v 0.146898749871907 0.018764575467434 -0.0522696905302697
v 0.146938435334789 0.0405127303965444 -0.0219008705379697
v 0.146982378170462 0.107303024192655 0.102330635229057
v 0.147017937029366 0.0940499675392731 0.088269609286263
v 0.147094049244245 -0.0571634459613638 -0.00911309744799421
v 0.147096870612014 -0.0495661919691932 0.0202365526424787
v 0.147121243768501 -0.0126228434403324 -0.0643866625910364
v 0.147207068029389 -0.0915323856817555 0.0214556889795365
v 0.147257294657885 0.0861049125406818 0.159265994545574
v 0.147350211435738 0.00782486814297296 -0.0706374946065652
v 0.147412410249752 -0.0502864045970447 0.0215442221011436
v 0.147416603675556 0.0223237966170321 -0.0443758975284502
v 0.147434497034594 -0.118624143892022 0.149886679535504
v 0.147453297984454 -0.00727820669217943 -0.013925099273239
v 0.147489610140023 -0.00142976275498037 -0.0191653106661277
v 0.147555271329715 0.0400962064782746 -0.0203184009318087
v 0.147659417915349 0.0924122318090647 0.119579683470504
v 0.147684773860998 -0.00157721888911302 -0.0179197670042784
v 0.147753632068939 -0.0853144881163915 0.0167557076212264
v 0.147774512282841 0.0766559872611512 0.0388457934226736
v 0.14777515745732 0.0471950002826755 -0.0138190038593175
v 0.147784509142467 0.0691128708074928 0.0331669914537393
v 0.14782992232044 0.0348464208620341 0.00736964567309939
v 0.147905020811195 -0.117271337561218 0.0490969249662572
v 0.147960265252098 -0.104417669760767 0.154638992150461
v 0.147982290248229 0.0232443981784291 -0.00122368009490516
v 0.147990710062341 0.0561277460448942 -0.00550799833905209
v 0.148019404242372 0.0204183611759114 -0.00331685447124793
v 0.148031680547168 -0.00171667656409836 -0.0167456167009263
v 0.148072108501606 -0.116172942157899 0.0472012058636937
v 0.148128146126746 -0.0474231081751366 -0.013698321970368
v 0.148218432891767 -0.117139044968606 0.0484746943122931
v 0.148278883810168 0.000660345987357813 -0.0179511183125306
v 0.148349587133195 -0.102282520292583 0.129969240361296
v 0.148354853172882 0.0196305044759004 -0.0432582562008862
v 0.148370743318462 -0.0918866361400472 0.0926789862980417
v 0.148404586607886 -0.00722125390726161 -0.066148880463686
v 0.148410338655928 0.0209984110813436 -0.00163525546797788
v 0.148614910733813 0.0612406451260815 0.000775434570096963
v 0.14861790900929 0.105867915233593 0.0881485100304173
v 0.148754310456495 -0.0545487164518556 -0.00612718596652147
v 0.148777507984513 0.0159674124366337 -0.0462879262155831
v 0.148999536908409 -0.023110305805619 -0.0380881391029781
v 0.149045775401281 0.0701629550966825 0.0376042038986642
v 0.149364631858315 0.000991175102587843 -0.06873817568454
v 0.149458594036688 -0.0760843259208382 0.0142876056321667
v 0.149525553642246 0.103223178573641 0.140655674669428
v 0.149591571723607 0.101302466771882 0.116744118322412
v 0.149614434542767 0.0689136402604957 0.00999703872280996
v 0.149733664679243 -0.0015068116002416 -0.0680105690044945
v 0.149802296329132 -0.00245095587570203 -0.0105621034157456
v 0.149844383381091 0.0876797810396 0.0259779004701441
v 0.14989323552894 -0.084196593558755 0.0507994652949649
v 0.149932758598847 -0.0918721732378889 0.110713853885661
v 0.149964466800381 -0.0773844248882323 0.0169704213311941
v 0.15007664693676 0.0915817062341794 0.0755013841596977
v 0.150354386503411 0.104653248716592 0.0922999097174244
v 0.150438124389155 -0.00864659074960477 -0.00339226398483742
v 0.15057003150953 0.0133393503118482 -0.0406499867935969
v 0.150570607678945 0.102002158416397 0.065484218888458
v 0.150728656750754 -0.00094292980094221 -0.0602741313849463
v 0.150909563236926 -0.121710062468247 0.178322743736387
v 0.151083722593482 0.068041041622929 0.0136463758059377
v 0.151086489751067 -0.104253513860456 0.166983281812406
v 0.151090542290349 0.0717974828188912 0.0437668924349419
v 0.151116847802091 0.104119906814293 0.0941227272358834
v 0.151353966302435 0.102978943397596 0.146362775895333
v 0.151443527395615 -0.0918581848335718 0.128157034850257
v 0.151529536824992 -0.0885294245662467 0.0287198168644387
v 0.151735913171881 0.103979462045593 0.090585220472482
v 0.151840718914104 0.0976915962751847 0.157271143525169
v 0.151871030609063 -0.0552267833547691 0.0363742675146852
v 0.151880729644186 0.0915833358227065 0.1321056422235
v 0.151912114810778 0.054914224745326 0.0054038067359865
v 0.151914932941739 0.086984118996192 0.157735370580752
v 0.151953633604776 0.0994137125111471 0.154500337446802
v 0.152003845506474 -0.107279086710884 0.184020699844635
v 0.152016406692886 0.0674666040500194 0.0160568478552796
v 0.152055521859675 -0.110214285450351 0.0508243615789096
v 0.152073180206354 0.0899574951150997 0.0661527600875965
v 0.152121724189932 0.0899538243145965 0.0687020980939962
v 0.152277807452096 -0.081962753493398 0.0258146533261158
v 0.152279808739207 0.103617337924238 0.091571163605267
v 0.152350770409568 0.0899365042902324 0.0807306995788099
v 0.152365459753927 -0.0902728202978724 0.111231261610098
v 0.152373368014362 -0.0996926209807552 0.0950392975317782
v 0.152403504984601 -0.102124752051157 0.163983484919005
v 0.152458316796073 0.103498487767828 0.0918947529179715
v 0.152504756760889 -0.026329912448544 0.0178640737944484
v 0.152539356010789 -0.0136660070819731 0.00740677529793415
v 0.152550998668289 0.0899213634233587 0.0912458957430296
v 0.152553292746985 -0.0263048101427023 0.0179705638998151
v 0.152566947039907 0.0729831040975134 0.048299020677626
v 0.152569216656688 0.0850541216967151 0.0605191600341705
v 0.15263641278206 -0.087906404249967 0.0730275373060114
v 0.1526676737143 0.0889174965062153 0.0660002524167975
v 0.152722707859183 0.103291363686488 0.0913660970927996
v 0.152784456882453 -0.0934598003701739 0.142707650690088
v 0.152834238179493 0.089899945408939 0.106120514544545
v 0.152879767748807 0.0686669728473487 0.0197136895963253
v 0.152910606546073 -0.0563828114838723 0.0398484403218127
v 0.152938362467516 0.00067473163524915 -0.00330306312580165
v 0.152983027200298 0.099638471037586 0.117641859690894
v 0.153103364509071 0.0796826920090026 0.0543281181037694
v 0.153244342995323 0.088491152494035 0.0842172343682552
v 0.153364492388594 0.0718516940372954 0.0238331678008066
v 0.153404262928438 -0.0933747756078668 0.144258706782477
v 0.153415936894297 0.00139663699646608 -0.00123838120006551
v 0.153511139400606 0.000676500023492913 -0.00150241787284753
v 0.153518078804698 0.0624780309758682 0.0165934055803571
v 0.153563208883308 0.0720207132833412 0.0245865696138228
v 0.153634307230236 -0.0880908968931712 0.0879364672938643
v 0.1536848812612 0.101471257737248 0.134351803872707
v 0.153744099037507 -0.0879020977519017 0.0859207974708646
v 0.153794748715246 -0.0878381077937143 0.0877154078964863
v 0.153962717759058 0.0985530070419121 0.161836318115511
v 0.154169719969377 0.0871302785266426 0.0921133561770358
v 0.154216095162423 0.0982881102085727 0.155801331331292
v 0.154265176843487 0.0901704882045873 0.120988295696579
v 0.154310208680205 -0.0861814970817269 0.0340768367650032
v 0.154351152763453 -0.0857076621782656 0.062925686371747
v 0.154366045916787 -0.0183324372975213 0.0170475127517656
v 0.154458965382969 -0.0584663786957088 0.0452763679911681
v 0.154467525059591 0.0865126580528977 0.0889898369400983
v 0.154481300233146 0.0530986114618771 0.0118517559224514
v 0.154585161730562 -0.0852207909535069 0.0631898019384493
v 0.154616282455214 -0.0363682931517834 -0.00294557448344777
v 0.154852026432781 -0.112303012333081 0.154736635112503
v 0.154888587625867 -0.0859340231929169 0.0649091102815784
v 0.154904889290482 -0.0393813647683321 0.000299821082498902
v 0.154913553332087 -0.0858910919031178 0.0644507644187284
v 0.154926935194837 -0.0858721905989933 0.0646897043749612
v 0.154939729099556 -0.0857945261972718 0.0644526121844052
v 0.1550375172502 0.100884711394449 0.0675072690537198
v 0.155185391739691 -0.0944738009562489 0.14711556998564
v 0.155208487786777 -0.0433357679757424 0.00459393365842885
v 0.155258998030874 -0.103236130165602 0.180280618611477
v 0.155392771908582 -0.0855491086025297 0.112492474132027
v 0.155401547090003 0.00973703860298511 -0.0204674834333123
v 0.155404104598867 -0.0596946404244756 0.0484444795742922
v 0.155411632674589 0.090387244780839 0.132900234919545
v 0.155422371640341 0.0437089699396802 0.00710679944391415
v 0.155432014719443 -0.0839784224891407 0.0644873629695609
v 0.15547233786076 -0.10321694992262 0.13737076465809
v 0.155515084873125 0.0106104166914492 -0.0194185892732898
v 0.155702485032212 -0.0109983495425744 -0.0197140956379924
v 0.155746364785695 -0.0102372338711678 -0.0205578850881745
v 0.155833474162389 0.0850358317104232 0.093006546214965
v 0.155835611573158 6.58785931359839e-05 -0.032042515465131
v 0.155856465538827 -0.100342864311125 0.17124534042795
v 0.155877192786469 0.0991582089640254 0.162878105804837
v 0.155889541415155 -0.0103112726029754 -0.0196949131438755
v 0.156041361686314 -0.000847732182296635 -0.0322718682017606
v 0.156155062970442 -0.0841375130712653 0.0866185495923039
v 0.15618523495797 -0.0220790523364242 0.0243040901269249
v 0.156227648390762 0.0308181067064539 -0.000909120861860791
v 0.156278232322332 -0.000843487730412051 -0.0310233678670726
v 0.156322722281448 0.099391581556633 0.16477619518359
v 0.156372512164938 0.100443568049318 0.106687452931903
v 0.156379811660161 -0.0985095271678029 0.109628783145135
v 0.156422948814368 0.00807844941475411 0.0134322398228298
v 0.156427553294164 0.0209332629259407 -0.00834422781243027
v 0.156463484969677 0.0905861149823946 0.143829221689658
v 0.156518332084564 0.00826021478938684 0.013815396387529
v 0.156657858584235 -0.0199217109374519 -0.00980049327567477
v 0.156759497048032 0.0817593181274713 0.0649505614822324
v 0.156788788372834 -0.0924861406657955 0.146246752038458
v 0.156868863436969 -0.0349102006519082 0.00266662523255843
v 0.156901649794901 -0.112089381058496 0.162814437210681
v 0.156942585170769 0.0273157588396864 -0.00155617945796244
v 0.1570088879532 0.0863131685120577 0.122568876381832
v 0.157172696277242 0.0130333100580594 -0.012372917666315
v 0.157202187095423 -0.0826584953953963 0.105315482693365
v 0.157204578353093 -0.0937862551132753 0.152657663303389
v 0.157227006388363 0.0876716554835115 0.13294059124667
v 0.157452460428519 -0.0873323519992409 0.0429165877479659
v 0.1574804068864 0.0891010579215914 0.172366629752683
v 0.157493405441493 -0.0503788063244183 0.0177016231369024
v 0.157504767531988 -0.000821509617085513 -0.0245585326916163
v 0.157605914608808 0.082908729493116 0.0953671757140639
v 0.157729149989636 -0.0835116734145993 0.113102636533813
v 0.157754191493314 0.0989981567295153 0.0699098911701691
v 0.157827492303589 -0.0929108736575036 0.151942977638068
v 0.158007660475059 0.0791771734420449 0.0795851656534387
v 0.158023376435913 0.0846318085415598 0.121583504292179
v 0.158105171450667 0.089030431695485 0.1733130174294
v 0.158128187453028 -0.0930338299173499 0.153591982091788
v 0.158246788043916 0.0837790176870168 0.118397416283807
v 0.158256422966605 -0.00161747821234455 -0.0194521911863472
v 0.158262273400815 -0.00139195844304357 -0.0197400811654523
v 0.15834790118914 -0.099057168001928 0.176485031243493
v 0.158347979101435 -0.00128118330526742 -0.019442802172243
v 0.158406716903591 0.0841501479951005 0.121231563077124
v 0.158464772927825 -0.0753643058533291 0.0848099226804105
v 0.158477872248654 -0.000804072689410629 -0.0194294817257918
v 0.15855193329713 0.0764150649045199 0.0744069148663386
v 0.158756855989731 -0.000882297955878094 -0.018530072694656
v 0.158778089882459 0.0500621204809001 0.0226355168306698
v 0.158787165028431 0.0204083800930844 0.0280901960312689
v 0.158790696142853 0.0100395148156095 0.0212609819358432
v 0.158793879160816 0.000692809924166482 0.0151049902161811
v 0.158861051331774 0.0827111849885193 0.120699215389662
v 0.158918254767235 -0.109748484196786 0.161397691916497
v 0.158989580017888 0.0763398377383717 0.0406590956398225
v 0.158990801684658 0.0989018402639615 0.164233151868915
v 0.159037773874567 0.0172078984679221 -0.00342713602842332
v 0.159041540236117 -0.000500034067456786 -0.017486805020106
v 0.159077723154773 0.0857072825687718 0.133122664026334
v 0.159122650302678 0.0928738633656352 0.0519995903641428
v 0.159152192663864 -0.105411117175281 0.143364184372132
v 0.159153317503121 -0.0717007939771711 0.0760828590285954
v 0.159203146109629 -0.097276711013634 0.0723351479444314
v 0.159229944427035 0.0977797345558074 0.0649390144616129
v 0.159236819539617 0.0887708978584448 0.161575339892869
v 0.159279233538337 0.0160134834295895 -0.00364754302627526
v 0.159284601078349 -0.086030022796324 0.136088195957635
v 0.15930044082778 -0.0543419426153085 0.0248691351117806
v 0.159391392786749 -0.0332037701932254 0.00911962835389009
v 0.159472248699038 -0.0119396667376414 -0.00765219128569363
v 0.15950366220058 0.0965467847443636 0.062533206903491
v 0.159525027965638 0.0715328090480656 0.0647381352702087
v 0.159551977651709 0.0767871134284485 0.0423193309057139
v 0.159558972724924 0.0714574347420446 0.0651102636380186
v 0.15958322353567 0.0963783194863604 0.0621137658830725
v 0.159629189919357 -0.0974372525793502 0.110079589319875
v 0.159676948811899 -0.0769663202775231 0.114705947101617
v 0.159685569764663 -0.0971230326209567 0.174751779234033
v 0.159729034322391 0.0107291722046155 0.0240745751881708
v 0.159790192506051 0.0836472225652313 0.132964235162272
v 0.15983625541723 0.0960503818142492 0.0614255380665133
v 0.159974139588835 -0.114015818208239 0.186837510715888
v 0.160120777876911 0.078125040339727 0.119144025486607
v 0.16031090417155 0.0885689977814588 0.15497623086463
v 0.160318903581166 -0.0228022734154667 0.0353665296451933
v 0.160433544387191 -0.0991583987616408 0.185559529238234
v 0.160547932801356 -0.0882708036094412 0.148515293838181
v 0.160557300442268 -0.0322777006192437 0.0425758427518699
v 0.160700960039224 0.0894961433880349 0.0535714909267528
v 0.160805877559657 0.0945176921194199 0.0585087278717451
v 0.160938561439108 -0.0965405949065514 0.0585326976514616
v 0.160997136169778 0.0885531159363553 0.162321512538357
v 0.161262930573065 -0.0925827629080889 0.0770780287682703
v 0.161274847731253 -0.0929292528386925 0.0780607067569059
v 0.161344263751687 -0.0621673905250069 0.0649047127510834
v 0.161351874898775 0.0702743982315808 0.104775333825366
v 0.161421118953558 -0.0898195803404468 0.157104621236314
v 0.161451530178352 -0.0965529592123473 0.0887609601044992
v 0.161531323387197 -0.0624388396082371 0.0724292555957549
v 0.161609035467713 0.0997716807069145 0.172222166423587
v 0.161648787276439 -0.0971453058512335 0.0607830773760963
v 0.161662452792683 0.0671408696032751 0.0908170781694457
v 0.161755467833876 -0.0820764385003943 0.145442979126798
v 0.161826615124911 -0.0791485973755964 0.140665565904015
v 0.161846305382097 -0.0771507653698875 0.137437542267945
v 0.161982479937785 0.0884290441054565 0.16251763069516
v 0.161987344736028 -0.0623372630302219 0.0848099226804105
v 0.162025811633466 0.095709071774149 0.0632262837476456
v 0.162087957826033 -0.0622676103209218 0.087172456317116
v 0.162092707109447 -0.0946549485484623 0.175333305762946
v 0.162096450445707 0.077086780869245 0.132823069988728
v 0.162153542620547 -0.0974396556157506 0.185867674293222
v 0.162254586089163 -0.093086301565168 0.0864260558451126
v 0.16233073699112 0.0649500018595747 0.092860639891929
v 0.162365803816169 0.0129164882193877 0.0321453318418688
v 0.162390159805412 0.00444939221191163 -0.00344817214002143
v 0.162489010448847 -0.0326096766616241 0.0477412707837232
v 0.16255076063131 -0.0578587266520653 0.0353435838617251
v 0.162582093752899 -0.0602053217995295 0.0853375111981377
v 0.162633821795025 -0.0696900679547411 0.124594148067097
v 0.162670961005769 -0.104113452012644 0.153140743445452
v 0.162712252900396 0.0640108293511185 0.096355507112849
v 0.162720158109872 -0.0862160090722365 0.159287800420424
v 0.16275494797828 -0.00200333751882113 -0.00564071925805445
v 0.162787601484976 0.0695795838538617 0.118898492494485
v 0.162798169326852 0.0956964264147562 0.0808860104884041
v 0.162801483881608 0.00152805358347337 -0.00452819268581777
v 0.162823306570083 -0.061703623722791 0.105744561082551
v 0.162881677865779 0.0968569292521994 0.119556117022496
v 0.162894094914175 -0.0616981078210046 0.106373240902104
v 0.162942251679349 -0.0966862701351992 0.186147322165557
v 0.162977476430773 -0.0658290813805459 0.117293281369117
v 0.162982722324758 -0.0653039228753958 0.115875304459098
v 0.16301172981425 -0.0924107986967538 0.0607841083368502
v 0.16303891227652 0.0988808026374877 0.166080289500277
v 0.1632273451574 -0.0204345440582761 0.0103292927635474
v 0.163311780003741 -0.093173059817139 0.175702610585966
v 0.163327788789361 -0.0206750426573486 0.0108470610992257
v 0.163399195006878 0.0994684852431287 0.172018087168941
v 0.163466073307361 0.0940351558333629 0.0845331783930043
v 0.163510349007863 0.0956847663146553 0.0971697850460796
v 0.163564200517397 -0.0303194398310082 0.0488923079121094
v 0.163627852881477 0.0617756408016166 0.104681317155921
v 0.163640560071531 -0.091082730304127 0.0701803886320543
v 0.163672249495727 -0.0552134670819632 0.0778359689204674
v 0.163768424502427 0.0613746094641277 0.105550749745293
v 0.163803728645462 0.0998427638733343 0.146228011493119
v 0.163808390874096 0.0715884134370794 0.132632196487546
v 0.163870747059794 -0.0626378566631321 0.117497538829015
v 0.163872566947831 -0.0957736307393934 0.106448105179614
v 0.163884880448313 0.0609020816960977 0.105279802768891
v 0.163920506764407 0.0986485459436002 0.136768201956569
v 0.164011201460809 -0.0270000644373151 0.0183346239416292
v 0.164064446697459 -0.0887539346126657 0.0607849046358587
v 0.16412674813887 0.0599206874091187 0.104717072210592
v 0.164137607171376 -0.0886766659413147 0.0627256416863685
v 0.164142759040501 -0.0954932285087594 0.186575737744224
v 0.164145541130056 0.0963472580251819 0.118538911594259
v 0.164191033088879 -0.0543627944116744 0.0867819363959655
v 0.164211446179109 0.0956732876619849 0.113200161345766
v 0.164217526011179 0.0882419135425922 0.172601155725605
v 0.164241020451904 0.00847076832495464 0.00533295925607413
v 0.164245016841036 0.0594408042615705 0.104441907666514
v 0.164248894812922 0.0595367681322369 0.104725422328927
v 0.164265707485263 0.0599528126940685 0.105954580059616
v 0.164287944436044 0.0605030858604137 0.107580301384818
v 0.164392785655878 -0.09576640823162 0.11076280556416
v 0.164406227817221 0.0589322782815191 0.10473681032883
v 0.164427825000044 -0.0951525970746527 0.186680883477855
v 0.164441273537087 0.0642973511243923 0.11879003925754
v 0.164450997771409 -0.0854705722974034 0.0848099226804105
v 0.16462081274314 -0.0849306396249678 0.0848099226804105
v 0.164630022674675 0.0689681167617564 0.132589300726379
v 0.164711128211596 -0.0329930508014323 0.0537048060403357
v 0.164742986449382 0.0958924747835475 0.118029678682555
v 0.164755152166125 -0.024331580878643 0.01840687557297
v 0.164770268582265 0.0724386267430091 0.142842539355698
v 0.164815233713414 0.00896218019305472 0.00745635041686032
v 0.164941442067256 0.0515037406202279 0.0643220891782867
v 0.165192006277492 -0.0577995529879719 0.117808735371267
v 0.165226719918157 -0.0699442550199658 0.146788088128546
v 0.165329690181907 -0.0254815809783155 0.0206120741248686
v 0.165447801127399 -0.0747237668062558 0.15683137360508
v 0.165500450971651 -0.0689744747734216 0.14689705086163
v 0.165779695158992 -0.0400946504659568 0.0614186699263498
v 0.165886076484975 -0.0409439802335464 0.0622863386042929
v 0.165920039696126 0.0880053283701341 0.098453851295483
v 0.165956977555352 0.0878395557635685 0.0981350527519307
v 0.166013728693613 0.087665622384436 0.0985036910901088
v 0.166067321698161 -0.056043205416361 0.12151021858202
v 0.166157036067916 -0.0906151079462753 0.112039488676254
v 0.166206205878282 -0.0571459374703309 0.126022703700774
v 0.166306034305351 -0.043862793483434 0.0652549675940784
v 0.166325742098165 -0.106562588063604 0.179853214556105
v 0.166568381671269 -0.080903499201153 0.0700866845216774
v 0.166723443180762 0.0554982489128834 0.118876620410752
v 0.166741309544304 -0.0816446417944061 0.0848099226804105
v 0.16676659653722 0.0106525657036953 0.0147904652379562
v 0.166861093602366 0.096765902134188 0.137274570911045
v 0.166984356251174 0.0676609653879071 0.153955868851169
v 0.167021333677698 -0.0636957545935718 0.0504198023299963
v 0.167029966031712 0.0701164733434521 0.157923631702956
v 0.167070432320884 -0.081191904612587 0.179231432397625
v 0.167265797100671 0.005042316623357 0.0392699554129547
v 0.167339494624926 0.0752891025437002 0.0601830678615876
v 0.167462093468847 -0.104852542530951 0.178332592129673
v 0.167563712931232 0.0574521638747899 0.132177231429303
v 0.167568364086668 0.0648663397010504 0.14874866860529
v 0.167618458997608 0.0640367920598883 0.147337008150328
v 0.167746695115897 -0.0957198438986355 0.138580172016072
v 0.167782583694035 0.0832072599922008 0.114062219342932
v 0.167801230964311 0.0491897933252462 0.113417147847309
v 0.167878968561516 0.0929358082692535 0.136892771961455
v 0.167913055601006 0.077174124958303 0.172816810998225
v 0.16793829122658 0.0784359516301102 0.0774307179193365
v 0.167941822315635 -0.0313879483078952 0.0310917946803484
v 0.167958743648597 -0.0377657403795521 0.0653716334989756
v 0.167959185312337 0.046680369147926 0.104985933269686
v 0.168043076102625 0.00435533224957893 0.0135369082866486
v 0.168257621638652 0.0775145457479712 0.0782789485177723
v 0.168322138733712 -0.0842635809036461 0.113528588673977
v 0.16836293056728 0.0749944680837669 0.0629486013712374
v 0.168405333072157 -0.0815051692876125 0.188677960886313
v 0.168472306840355 -0.105777663042799 0.188383972619688
v 0.168574433162022 0.0746131638377995 0.172890797539359
v 0.168668431457257 0.0785429787489189 0.105262806863434
v 0.168714307717969 -0.0605030895098465 0.153068139807178
v 0.168762742556333 -0.0754917862181882 0.0943471727341887
v 0.168799451999452 -0.0964611438502349 0.146469461951857
v 0.168919232876501 -0.0500952582241737 0.134046008323332
v 0.168972497199569 0.0738360556663572 0.0687970935227154
v 0.169041796888335 -0.0736531897394855 0.0848099226804105
v 0.169070854829317 0.097677124161499 0.157352222130651
v 0.169238849316703 -0.0723548766177374 0.0780752546694339
v 0.169376986169715 -0.102663306538514 0.176268541577913
v 0.169436108868536 0.087214139573012 0.1366204782788
v 0.169443319815987 0.0126107762932525 0.0227637825284622
v 0.169471185180012 -0.0357600955726819 0.096378624695215
v 0.169669349349732 -0.0309625039447619 0.0649893938499653
v 0.169700260834159 0.0471623835830099 0.127015491976249
v 0.169744629081445 -0.0690224614289695 0.0607892012550852
v 0.169768073396387 -0.0496927104458754 0.141610236370686
v 0.169785759360137 -0.0648469831528147 0.0580967871909274
v 0.169829256662172 0.0587478467740549 0.153520887333833
v 0.16983469795805 0.0757962466740491 0.113996643854955
v 0.169837536582981 0.0468436588464583 0.127558622812041
v 0.16984842602885 -0.0306983589941762 0.0652632834290014
v 0.169871312216674 0.0747474029035008 0.111918426095221
v 0.169881811177323 0.0386805246765537 0.0969224616507963
v 0.169894703496145 0.074030655367213 0.105213632055903
v 0.169923396884207 -0.0494350212724457 0.142163122549678
v 0.169960415280097 -0.0549016590998601 0.151572557563677
v 0.169969793396706 0.0717297764736752 0.0836901271820885
v 0.169972780255776 -0.090259051608199 0.143415465045676
v 0.170010432880106 0.0459703529203206 0.127037132222715
v 0.17004241191999 0.0695046246722526 0.0628750091950411
v 0.170057693184507 -0.0686744249944046 0.176664228757619
v 0.170111766036094 -0.0317513213522598 0.036756183935177
v 0.170165014763523 -0.0263455980826113 0.0332704885499887
v 0.170178939938483 -0.0482685844100028 0.14182665528047
v 0.170189392404417 0.00747445994315293 0.0482231885522272
v 0.170296717189148 0.0986753305874401 0.167749215230331
v 0.170346058707417 0.0738790750237558 0.113990706383867
v 0.170383725946529 -0.00414239833678398 0.0189535161431721
v 0.17038949191514 0.0119212286712817 0.0246161057953991
v 0.170407327782385 0.0532575221016759 0.14615693562799
v 0.170485014586435 0.0698832147280673 0.0854266200496655
v 0.170533953096369 -0.103758324642979 0.18875718029457
v 0.17064397423203 0.00884276979122841 0.0502682844454063
v 0.17069643091385 0.099000813138833 0.171139335503006
v 0.170708889394923 -0.0652322497503009 0.0606905844209362
v 0.170745255048293 -0.0653296231874217 0.0637676691410916
v 0.170758148602389 0.0409129424981855 0.121510014521611
v 0.170767615801398 -0.0978470286199399 0.161218750336675
v 0.17083872296117 -0.0856540295124675 0.141151142512942
v 0.170849092799726 -0.0844962817576614 0.139281645750323
v 0.1708503339217 -0.0316357029035167 0.105131787207898
v 0.170974253001676 -0.0422605262911334 0.133133954452411
v 0.171003103327609 0.0138997869324192 0.0275134277432429
v 0.171003846004936 0.0697020301433397 0.105163666737012
v 0.171031027971956 -0.0311062045652613 0.10637108323599
v 0.171037136456477 0.0296096927281003 0.0665612892196635
v 0.171229615495671 -0.0650709991583056 0.0848099226804105
v 0.171234905686479 -0.0650647438357312 0.0849957664008182
v 0.171273135154019 -0.0649035003184883 0.0848511564919819
v 0.171375533591569 0.0495382124574456 0.145747878558725
v 0.171396511882018 0.0389692139335879 0.122856434500559
v 0.171428327152655 0.0435604141904538 0.133150594727272
v 0.171437301939453 -0.0784861511429647 0.128986388354319
v 0.171568790202154 0.0692990506518074 0.113975890633
v 0.171733549232797 -0.064753965386303 0.0958865214320062
v 0.171845059100288 -0.0386970326540411 0.132064929306045
v 0.17186138406193 0.0658817475183074 0.100049061525639
v 0.171893910847854 0.031840484516261 0.097652551929555
v 0.171898330955531 0.0390964764761971 0.127163294575233
v 0.171930943934136 -0.0647414890302544 0.0975705741730808
v 0.171962610786052 -0.0686264547263207 0.189256761742374
v 0.171978486407827 -0.0718050517087593 0.116421164037752
v 0.171980878009249 -0.0659815071071655 0.100801756524523
v 0.172124537244295 0.0369480453838654 0.12428169034391
v 0.172181016255524 -0.0991123433819025 0.172997619636256
v 0.172246258032767 0.0625155211009866 0.177059977414853
v 0.172278642336579 0.0913846960182743 0.165913652320928
v 0.172344143108656 -0.098957142108458 0.173033140926677
v 0.172351032564422 0.0301366006512477 0.0978551777707181
v 0.172381213906885 0.064512334879519 0.10510573940802
v 0.172496980669423 0.0334107032566715 0.119537195592489
v 0.17264337815926 -0.0926893909322005 0.164355545429658
v 0.172666107192467 -0.0267875962338718 0.0398949530141605
v 0.172719725159444 -0.0242519278502317 0.101746105818527
v 0.172970140853492 0.0346191774369147 0.125926570410151
v 0.173005175131244 0.0164973776136584 0.0620095574087207
v 0.173043659661066 0.0585925319806868 0.175668470256219
v 0.173067480996479 0.034867788908168 0.127241014607451
v 0.173276495378315 0.0725049427853646 0.135867041439146
v 0.173330110015599 -0.0644251665584151 0.19082361304976
v 0.173347240687111 -0.099663474404141 0.180550287339042
v 0.173393008623801 0.0614668149236321 0.111671917749869
v 0.173445757660505 -0.0186013358192504 0.0766967588772677
v 0.173473167232428 0.0291727503114633 0.117870384618027
v 0.173544164912132 0.0310559453178867 0.12295318269511
v 0.173550439728594 0.039217208815527 0.140547581790611
v 0.173603458164781 0.0362367007289423 0.134478646042402
v 0.173648861768357 0.0326897475288669 0.127280757552405
v 0.173676949760161 0.0276791600297291 0.11334368681821
v 0.173854885927438 0.0162785850694827 0.0363082451228869
v 0.173942179805735 0.0604409287860443 0.114020117566788
v 0.173957888145294 0.00925374661202279 0.0317537724046129
v 0.174044117107411 -0.0531180029377319 0.0731117548624559
v 0.174096419539786 -0.100274073558551 0.189402555239085
v 0.174105537308591 0.0186991852484998 0.0709034982653745
v 0.174116336173601 0.0375466161701407 0.141404355230143
v 0.174119936946937 0.0177451810060886 0.0658124034051337
v 0.174166190944326 -0.0519105803024752 0.173943984159917
v 0.174333357561988 0.0873541460266039 0.171397588187445
v 0.174352815842686 -0.0993470074571575 0.189385110451023
v 0.17440971966865 -0.0309972979310431 0.136750024615918
v 0.174600288327664 -0.0445692921934074 0.163666944634489
v 0.174610314492794 0.0286585408434832 0.126431036035974
v 0.174630208384295 0.0513563440272264 0.173094612545604
v 0.17465507502218 -0.0299480529218806 0.136444084542694
v 0.174664392835889 -0.0371620212676964 0.151642086014436
v 0.174671859678011 0.0565259073721396 0.110563093143435
v 0.174687736178873 -0.0427191596915972 0.161116653382262
v 0.174712108031525 0.0180222413134591 0.0801406280628271
v 0.174740260000438 0.050963980164674 0.173122776633226
v 0.1748107860461 0.0208126916627871 0.0980657782742413
v 0.174888856040913 0.0550971008800558 0.105285984575932
v 0.174916443393884 -0.0144219345326871 0.0879433723456939
v 0.174981845805874 0.055475187723881 0.111560703840574
v 0.174985985973411 -0.0516732241674886 0.0881267215180584
v 0.175037064643981 0.0195806691131462 0.0959659810076891
v 0.175063027942093 0.0197850075057341 0.0980975113816278
v 0.175189684912221 -0.0898935253805423 0.175702464718183
v 0.175264938949479 -0.032626224632629 0.0503810635397104
v 0.175299707276036 0.0648186791230846 0.135613506100726
v 0.175320679136704 0.0406225668187135 0.157667343662719
v 0.175422939083654 0.0785535537434332 0.162601019203278
v 0.175566692537554 0.0638054455003227 0.135580175655187
v 0.175585650013672 -0.0226957514442957 0.127388853450837
v 0.17560194324195 0.0678574826021462 0.14490696874271
v 0.1757931832308 -0.0580129232484292 0.117306049227954
v 0.176041429278465 -0.0445414558849355 0.0636038182306933
v 0.176096282404103 0.0315251552130696 0.144516740461525
v 0.176161602792986 0.081078539721172 0.171553086655813
v 0.176349653018533 -0.00808422126601954 0.0794759797592022
v 0.176697920754081 -0.0320431425661223 0.0536163818807858
v 0.17672624881631 -0.0415798546087462 0.0600751770171674
v 0.176740017210313 0.0621843020485998 0.141900494934851
v 0.176880791048728 0.0143791135869537 0.11205196323312
v 0.176934902137434 0.0628993750379294 0.14434824661035
v 0.176970842997579 0.0137726987065996 0.110419490006261
v 0.177048787257308 -0.0638065851513364 0.143589160878481
v 0.177060157280482 -0.0901317666903266 0.190740034047727
v 0.177118446363048 0.0186811022326463 0.124312328621923
v 0.177148594682802 -0.0733663503577654 0.160199260143584
v 0.177246521036807 0.0127913571694098 0.11142748961207
v 0.177409224800949 -0.0888998490299354 0.19079735145463
v 0.177426557086349 0.0607726523039287 0.144134019089404
v 0.177446276515643 0.00964952050413832 0.0954761787361757
v 0.177499987944769 -0.0174058641427652 0.131989380327539
v 0.177505457087101 -0.071780700160658 0.159777238063368
v 0.177514924513235 -0.0568902048433319 0.131411164268911
v 0.177853456461176 -0.0371491469252114 0.0599598952329733
v 0.177914370693658 0.0589397251718993 0.143929043245633
v 0.177932676982672 0.0421350708271725 0.0922861113588161
v 0.177946204832038 -0.0535467903381914 0.126718735569315
v 0.17805237848842 -0.0271718439754375 0.156368867815544
v 0.178199713337515 -0.040623392655848 0.0938267365317146
v 0.17827002779577 0.037331609006411 0.0618260551277489
v 0.178398481691188 0.00127871020188805 0.0647730427732287
v 0.178531446323714 0.013063082622527 0.045854611377294
v 0.178712189835991 0.0487282188262766 0.128017218614407
v 0.178859984093078 -0.0314568763474232 0.16868378728627
v 0.178899199072794 0.0474522596019129 0.126700751244758
v 0.178932075047661 -0.0328428159796074 0.171467133769186
v 0.17908582745512 0.0469943501625578 0.127147760564778
v 0.179114475526712 -0.000688773834926525 0.10457900216858
v 0.179117077610661 -0.0385312019501734 0.182900314561719
v 0.17916440942215 0.00147405149132725 0.0876255004581264
v 0.179176043935718 -0.0378534688661616 0.0997429132397333
v 0.179299531291298 -0.0539250812881032 0.141192348777096
v 0.179358510296441 0.0717920932015781 0.174788727665598
v 0.179421314951787 0.0438898763561746 0.123025272270471
v 0.179527063621939 0.000830247759655225 0.104761654843369
v 0.179555632186491 -0.0359308417804204 0.0960144926911766
v 0.179571822594904 -0.0308784508831737 0.0600724318382768
v 0.179602095656388 0.0349822979666025 0.174212325132975
v 0.179674822133849 -0.0523957160678041 0.140816056150895
v 0.179724038267767 0.0431532280933435 0.123763544633703
v 0.179724570603754 -0.0618718744274485 0.157136415396287
v 0.179745587505398 -0.0357948842885687 0.100038027075071
v 0.179756018167572 0.00162493467586598 0.105276922745412
v 0.179815163624513 0.00164001906223346 0.107041604969816
v 0.17987231445395 -0.0434594518896413 0.198570844382919
v 0.179884991874999 -0.0404608374948325 0.191472036330904
v 0.179894618833383 -0.0698757012039 0.171634678934088
v 0.179906899744033 -0.0517278009048456 0.141329679016487
v 0.179933576992583 -0.00709799613002029 0.129194186509822
v 0.180028835354054 -0.0141273461373559 0.14701496683403
v 0.180076240736814 -0.0296664587409844 0.0681710577077762
v 0.180079385025063 0.0341665613969431 0.0932295379596387
v 0.180117859111357 -0.0295849547454866 0.0687114000792217
v 0.180249184308121 -0.0420113786160177 0.198439164164857
v 0.180283481529117 0.0184347792830242 0.0539370504530299
v 0.18035548984361 0.00498743912188358 0.119638710039259
v 0.180427248006503 0.0155782539062512 0.145406273677267
v 0.180454781893899 0.0301819399029806 0.170712053181244
v 0.18062954723232 0.00668527492558321 0.126028053362996
v 0.180780403338715 0.028098707556676 0.169218062295496
v 0.180862996934328 -0.00381708228993596 0.128263563950764
v 0.18091258144292 0.0665881557077097 0.176579778486446
v 0.180959431850018 0.00872897065535626 0.133718946462506
v 0.180971839371492 -0.026651552888465 0.0714794785843077
v 0.180979692765679 -0.0391642434562287 0.198087117479093
v 0.181110843611551 0.0323622656611011 0.111131692099333
v 0.18116529104733 -0.0127385802148723 0.151893823926474
v 0.181235664955109 -0.0422602271690494 0.199265922361569
v 0.181262903900591 -0.0122198670201192 0.151735929951926
v 0.181294223111726 -0.0337874810015765 0.108941291323453
v 0.181343962189664 0.0388101297739239 0.126847926981373
v 0.181350601550102 0.0389937689083315 0.127295535013953
v 0.181367917316065 0.0348782226431655 0.118640500587265
v 0.181462939163986 -0.0399532964019006 0.125174259695222
v 0.181468280664749 0.0422486744002215 0.135229148119672
v 0.181469063919503 0.0118862348267768 0.14560045155916
v 0.181472737923031 0.0423719584213781 0.13552964462515
v 0.181484595411483 0.0320034991508206 0.113461464419433
v 0.181518812204432 0.0421396814642443 0.135414820893219
v 0.181532490114206 0.0647007492262327 0.177234617822217
v 0.181570951497394 0.0381469615320673 0.127310908133469
v 0.181573210815633 -0.0111040844696916 0.151375652460462
v 0.18160034690784 0.0284211032343158 0.0939224093695386
v 0.181601719364086 0.0304054081547197 0.110532150306582
v 0.181628864748673 0.0128762302817552 0.149326030226434
v 0.181799185177693 0.0108474338936005 0.145643957827682
v 0.181811990864943 0.0517554099121696 0.158401176197943
v 0.181917301467056 0.00148807363070118 0.123356447542051
v 0.182109551961162 -0.0265658639843993 0.100384893448443
v 0.182232551504435 -0.0602067060233331 0.170082079519066
v 0.18223375947747 -0.0601817380286116 0.170047612354285
v 0.182285497817067 -0.0221801581073655 0.0757017471054093
v 0.182351515486705 0.00145668804063297 0.126726413692634
v 0.182414729152092 -0.0410110009058529 0.137480041728845
v 0.182429150504247 -0.0217457215339233 0.0768629153030844
v 0.182434872012711 0.0221123722942409 0.0680023835610595
v 0.182435383364108 -0.0452388135579483 0.14634328373454
v 0.182484080962699 -0.0548309883316789 0.162676616674696
v 0.182541816158682 0.0208980343816607 0.0612987362149434
v 0.182712206968244 -0.0697757715844465 0.191661417271733
v 0.182825055903737 0.0242855039475547 0.0985696226208735
v 0.182921144040623 0.0041501361786646 0.137933350154628
v 0.183034344965257 0.0176857015188201 0.165422347204743
v 0.18304398063495 0.0236189363948316 0.182311356257097
v 0.183048994354236 0.0157524751849219 0.187555054201155
v 0.183049244022429 0.0167934397938149 0.186859363419612
v 0.183114634118108 -0.0330788746050567 0.123132625674441
v 0.183209498301889 0.0209385385331004 0.0829567339760737
v 0.183284476980473 0.0219853889775646 0.0940739521086357
v 0.18336728829887 0.0217306967811284 0.0945960418385056
v 0.183371736609271 -0.027713468439966 0.191816952762596
v 0.18341215604047 0.0256697313316255 0.18100165232136
v 0.183436202347616 0.0301301403869468 0.125626756520633
v 0.183464592311322 0.0212722347073651 0.0938829797688158
v 0.183663829906476 -0.0261672486073064 0.190987964763214
v 0.183798406703355 -0.0210882519108142 0.102935681283275
v 0.183859462787298 -0.0308777464556878 0.12462652147997
v 0.183896047047473 0.0140724799136713 0.187011888282878
v 0.183991821968754 0.0121292570199255 0.163460844636095
v 0.183997810076756 0.00133769159004243 0.139503424086836
v 0.184023053284374 0.00935794606214622 0.159606258825264
v 0.184124173180548 -0.0286319499318527 0.121855070319466
v 0.184363361171405 0.0222335173768018 0.180642957122296
v 0.184567993946879 0.00525750211007765 0.153758008302343
v 0.18471170669223 -0.0215716208342123 0.189720274117707
v 0.184737297108443 0.049358676725418 0.171787368238707
v 0.184775043034 -0.0152076724474653 0.0944952324675162
v 0.185191428797666 0.016095168110149 0.106147780497826
v 0.185543405038873 0.029594077308179 0.141940222816784
v 0.185791261460999 0.00120805844277876 0.153422528915605
v 0.185965820594343 -0.0138019316566735 0.184132703229516
v 0.186071753044717 0.0276002600587749 0.142055394626047
v 0.186317404655346 0.0437465841185625 0.172189294356753
v 0.186543402388621 -0.00925591859969385 0.101035475826742
v 0.186847746047608 -0.00798210863269552 0.179960245995447
v 0.187193183952414 -0.00460784041161276 0.0803450749728039
v 0.187216212472302 0.012247053510171 0.114078126358924
v 0.187312340922098 0.0264094125938383 0.149788567544282
v 0.187345546558182 0.0151884787309151 0.122435279351211
v 0.187397563097546 0.00566832709394109 0.0897086719883133
v 0.187417744319298 -0.0194935300477328 0.129803070696259
v 0.187562714970549 0.0393902969817585 0.172498428743206
v 0.187584454719105 0.0224241757148527 0.142311948517039
v 0.187691791677904 -0.0538727098198684 0.197542268951866
v 0.187788517854403 -0.00609721512077517 0.104731791441263
v 0.187952295720792 -0.00444475858855624 0.181030750322715
v 0.188003011177702 -0.000111188983569627 0.0606245943391305
v 0.188219911611869 0.0351221598418072 0.169443133930447
v 0.188231340936863 0.0129502172464536 0.124538054442722
v 0.188291901089493 0.0120632848074837 0.122874099162159
v 0.188320719769527 -0.0280221538691564 0.154482671369578
v 0.188492327517934 0.00912794377393227 0.117367167632285
v 0.188630802458567 0.000318072231433485 0.084547748602169
v 0.188665503565068 -0.014046969205469 0.128336200735299
v 0.188707899760145 0.00597078504403426 0.111444088591123
v 0.188938709839752 0.004179315534179 0.183706085679301
v 0.189002587246647 0.0168251513100319 0.142655099119466
v 0.189007089902892 0.0314267966009502 0.168099421904827
v 0.189073214367269 0.000620577664767225 0.101406677138254
v 0.189287916559297 0.000184260858344937 0.182435836281028
v 0.189428751214756 0.00141421838956077 0.182817384278373
v 0.189558697599318 0.000935742946514798 0.18266187100522
v 0.189740448238597 -0.0354313153309898 0.17576615872592
v 0.189793436043107 0.0337548113055954 0.176595470472276
v 0.189879131598544 -0.0414269346348224 0.18665417149414
v 0.189892465648369 0.000221574941547128 0.108952142429659
v 0.189959557125321 -0.0395063552333845 0.183949353488397
v 0.190046678388578 -0.0397044448582428 0.184826693355748
v 0.190093500490318 -0.0437490377005257 0.194325521740308
v 0.190209582042405 -0.0401048960505699 0.186604443965531
v 0.190278024066774 -0.0403530348472802 0.187716229085249
v 0.19028264741824 0.0134554217368793 0.147328710642512
v 0.190346035945949 -0.0186875273680399 0.151585983280799
v 0.190474034473549 0.00635856666395054 0.130944123381
v 0.190571256215879 -0.0416780059448973 0.193675436528732
v 0.190810674532276 0.00244406332904702 0.124326512979099
v 0.191083860942228 0.0307203746460108 0.178815244228107
v 0.191381494082206 -0.0102160942438244 0.143924164752915
v 0.191545341944424 -0.0369411569404481 0.191090483250233
v 0.191608162833055 -0.000614026863056411 0.124754050655217
v 0.191648840505077 0.0293939040303557 0.179790672371539
v 0.19195306915653 -0.00695940718367344 0.140859791098517
v 0.192180483119354 -0.00547699204939804 0.139487370900348
v 0.192424574898469 -0.0323337207526361 0.188615195036597
v 0.192780749216258 -0.00118511557649859 0.135553801671488
v 0.192962999677768 -0.00972276866586254 0.153017588570975
v 0.193441340604484 0.00820260231413688 0.155265055119633
v 0.193453108351022 0.0123930195121492 0.161076310381579
v 0.193527434549252 0.0110028289413024 0.159125656511219
v 0.193747652359342 -0.00165602968561407 0.144459169627095
v 0.194319115433592 0.0182924664427021 0.187630407064179
v 0.194497908147978 0.0219654202277869 0.185203710376867
v 0.194592365843153 0.00362185798646202 0.154855449846088
v 0.194592920931077 -0.0225683992888133 0.185944821277653
v 0.195135633221261 0.00701626834276989 0.161541693175807
v 0.195367750335388 -0.00110814600376383 0.154379048528249
v 0.195641212193243 -0.0176966520193454 0.184626025336613
v 0.196810102798107 -0.0098355489875729 0.178995104133255
v 0.197664106102812 0.0104594909125048 0.185133814220973
v 0.199381589716863 -0.00128632974881012 0.181586104440113
v 0.199769713283334 0.00133614688590136 0.182332344424049
v 0.199888020020139 0.000420515863886556 0.182056712803069
f 205 221 236
f 205 261 221
f 236 261 205
f 221 224 222
f 246 221 222
f 221 270 224
f 236 221 256
f 246 256 221
f 221 261 284
f 221 284 270
f 246 222 224
f 246 224 270
f 236 256 261
f 246 272 256
f 279 246 270
f 272 246 290
f 290 246 279
f 261 256 272
f 261 272 284
f 279 270 301
f 301 270 284
f 284 272 324
f 272 290 324
f 279 297 290
f 297 279 301
f 325 301 284
f 284 324 325
f 297 305 290
f 302 290 305
f 290 302 324
f 301 342 297
f 305 297 346
f 297 342 346
f 325 342 301
f 321 302 305
f 321 324 302
f 321 305 338
f 336 305 332
f 332 305 346
f 338 305 336
f 321 350 324
f 321 338 350
f 347 325 324
f 324 349 347
f 324 456 349
f 350 370 324
f 370 372 324
f 324 372 456
f 325 347 342
f 336 332 384
f 332 346 384
f 395 338 336
f 336 384 395
f 350 338 395
f 346 342 354
f 347 349 342
f 349 354 342
f 358 346 354
f 467 346 358
f 450 384 346
f 467 450 346
f 358 354 349
f 425 358 349
f 349 456 425
f 350 395 370
f 425 447 358
f 467 358 447
f 372 370 395
f 449 372 395
f 456 372 449
f 450 395 384
f 434 449 395
f 450 434 395
f 462 447 425
f 456 462 425
f 434 452 449
f 434 450 452
f 462 463 447
f 467 447 463
f 452 453 449
f 453 460 449
f 460 456 449
f 450 471 452
f 450 467 500
f 450 500 471
f 452 471 453
f 460 453 482
f 482 453 471
f 456 460 499
f 456 478 462
f 499 478 456
f 460 482 511
f 499 460 511
f 462 478 463
f 467 463 476
f 463 508 476
f 478 508 463
f 467 476 494
f 467 494 500
f 513 482 471
f 500 513 471
f 476 508 494
f 499 508 478
f 482 506 511
f 506 482 513
f 494 504 500
f 504 494 508
f 499 509 508
f 499 555 509
f 499 511 555
f 500 504 525
f 500 534 513
f 631 500 525
f 500 566 534
f 500 572 566
f 500 631 572
f 504 508 509
f 525 504 509
f 506 546 511
f 546 506 513
f 542 525 509
f 509 555 542
f 546 598 511
f 511 634 555
f 511 598 634
f 546 513 534
f 597 525 542
f 525 597 565
f 631 525 565
f 598 546 534
f 534 566 689
f 598 534 634
f 634 534 689
f 542 555 805
f 597 542 805
f 634 689 555
f 555 689 754
f 555 754 805
f 597 640 565
f 631 565 633
f 633 565 803
f 640 803 565
f 689 566 572
f 572 631 754
f 689 572 754
f 640 597 805
f 803 631 633
f 805 754 631
f 805 631 803
f 803 640 805
f 966 986 1146
f 1204 986 966
f 1173 966 1146
f 1204 966 1173
f 1146 986 1344
f 1204 1213 986
f 1253 986 1213
f 1253 1344 986
f 1304 1146 1162
f 1146 1344 1162
f 1173 1146 1199
f 1304 1199 1146
f 1344 1167 1162
f 1370 1162 1167
f 1304 1162 1309
f 1309 1162 1370
f 1175 1370 1167
f 1167 1380 1175
f 1344 1353 1167
f 1353 1380 1167
f 1339 1173 1199
f 1303 1204 1173
f 1339 1303 1173
f 1175 1380 1181
f 1175 1181 1421
f 1175 1399 1370
f 1175 1421 1399
f 1181 1418 1227
f 1227 1441 1181
f 1380 1418 1181
f 1438 1421 1181
f 1542 1438 1181
f 1441 1542 1181
f 1265 1199 1304
f 1265 1339 1199
f 1213 1204 1303
f 1253 1213 1344
f 1476 1213 1303
f 1344 1213 1476
f 1227 1351 1441
f 1474 1351 1227
f 1418 1474 1227
f 1434 1265 1304
f 1434 1339 1265
f 1476 1303 1339
f 1309 1434 1304
f 1309 1370 1515
f 1476 1434 1309
f 1515 1476 1309
f 1339 1434 1476
f 1344 1476 1353
f 1441 1351 1424
f 1351 1601 1424
f 1474 1601 1351
f 1380 1353 1688
f 1353 1476 1515
f 1353 1515 1565
f 1353 1565 1648
f 1353 1648 1688
f 1370 1399 1565
f 1565 1515 1370
f 1601 1418 1380
f 1601 1380 1688
f 1421 1565 1399
f 1601 1474 1418
f 1421 1438 1565
f 1424 1603 1441
f 1601 1603 1424
f 1438 1542 1690
f 1438 1648 1565
f 1438 1690 1648
f 1441 1509 1546
f 1441 1603 1509
f 1441 1546 1542
f 1546 1509 1554
f 1554 1509 1642
f 1509 1603 1642
f 1542 1546 1719
f 1690 1542 1718
f 1542 1719 1718
f 1546 1554 1730
f 1730 1719 1546
f 1554 1642 1681
f 1730 1554 1681
f 1601 1688 1603
f 1603 1688 1642
f 1642 1688 1681
f 1688 1648 1690
f 1688 1719 1681
f 1681 1719 1730
f 1690 1718 1688
f 1688 1718 1719
f 438 466 426
f 438 426 470
f 426 466 470
f 468 441 438
f 438 441 516
f 438 501 466
f 470 468 438
f 438 516 501
f 464 441 468
f 464 516 441
f 464 468 493
f 464 493 491
f 464 491 604
f 604 516 464
f 466 501 470
f 470 493 468
f 470 521 493
f 470 501 521
f 491 493 512
f 491 512 527
f 491 527 604
f 493 521 512
f 521 501 516
f 533 512 521
f 512 533 527
f 535 521 516
f 535 516 604
f 535 533 521
f 540 527 533
f 527 540 779
f 527 621 604
f 621 527 779
f 573 533 535
f 533 596 540
f 596 533 573
f 535 604 573
f 547 540 708
f 779 540 547
f 609 540 596
f 708 540 609
f 682 547 711
f 779 547 682
f 707 547 708
f 711 547 707
f 672 596 573
f 604 621 573
f 621 743 573
f 573 743 672
f 609 596 672
f 672 726 609
f 706 609 699
f 699 609 726
f 708 609 706
f 621 756 743
f 779 756 621
f 672 970 726
f 672 743 742
f 812 672 742
f 970 672 812
f 682 711 739
f 779 682 739
f 706 699 757
f 824 699 726
f 742 743 699
f 742 699 824
f 699 743 757
f 709 708 706
f 706 757 709
f 757 707 708
f 711 707 757
f 708 709 757
f 739 711 756
f 756 711 757
f 824 726 1006
f 1006 726 970
f 739 756 779
f 812 742 824
f 743 756 757
f 1006 812 824
f 812 1131 970
f 1131 812 1006
f 1006 970 1131
f 1385 1362 1448
f 1362 1385 1568
f 1501 1448 1362
f 1362 1568 1501
f 1557 1385 1448
f 1485 1472 1385
f 1385 1472 1568
f 1485 1385 1557
f 1448 1501 1525
f 1557 1448 1525
f 1472 1485 1755
f 1472 1721 1568
f 1472 1755 1721
f 1544 1485 1557
f 1544 1755 1485
f 1501 1748 1525
f 1501 1568 1721
f 1748 1501 1721
f 1557 1525 1748
f 1544 1557 1584
f 1544 1584 1570
f 1570 1755 1544
f 1584 1557 1748
f 1570 1584 1785
f 1630 1570 1785
f 1570 1630 1823
f 1755 1570 1823
f 1584 1650 1704
f 1650 1584 1748
f 1781 1584 1704
f 1785 1584 1781
f 1674 1630 1785
f 1630 1674 1823
f 1864 1704 1650
f 1751 1650 1748
f 1751 1801 1650
f 1864 1650 1801
f 1791 1699 1674
f 1823 1674 1699
f 1674 1785 1791
f 1699 1791 1915
f 1829 1823 1699
f 1829 1699 1858
f 1699 1915 1858
f 1907 1781 1704
f 1864 1907 1704
f 1748 1721 1751
f 1755 1751 1721
f 1908 1751 1755
f 1801 1751 1864
f 1751 1907 1864
f 1908 1907 1751
f 1908 1755 1823
f 1908 1785 1781
f 1907 1908 1781
f 1915 1791 1785
f 1908 1915 1785
f 1908 1823 1829
f 1829 1858 1915
f 1829 1915 1908
f 583 582 675
f 583 703 582
f 582 611 675
f 611 582 772
f 582 703 772
f 603 583 675
f 583 603 703
f 608 603 674
f 608 716 603
f 603 675 674
f 716 703 603
f 608 674 716
f 611 691 675
f 611 681 691
f 611 835 681
f 611 772 835
f 675 705 674
f 674 705 688
f 716 674 688
f 717 675 691
f 675 717 705
f 681 835 691
f 688 705 717
f 716 688 760
f 688 717 886
f 688 814 760
f 886 814 688
f 717 691 750
f 691 835 750
f 716 816 703
f 703 816 772
f 760 816 716
f 717 750 919
f 886 717 894
f 894 717 919
f 835 860 750
f 750 860 915
f 915 978 750
f 919 750 928
f 928 750 978
f 760 814 816
f 772 816 860
f 835 772 860
f 814 894 816
f 886 894 814
f 860 816 928
f 816 894 919
f 928 816 919
f 860 928 915
f 915 928 978
f 1218 1226 1223
f 1307 1218 1223
f 1373 1226 1218
f 1475 1218 1307
f 1512 1373 1218
f 1414 1218 1475
f 1512 1218 1414
f 1223 1226 1307
f 1226 1373 1307
f 1307 1373 1512
f 1307 1512 1475
f 1414 1456 1449
f 1503 1414 1449
f 1547 1456 1414
f 1484 1414 1475
f 1547 1414 1484
f 1582 1414 1503
f 1582 1512 1414
f 1449 1456 1503
f 1503 1456 1547
f 1475 1608 1484
f 1512 1539 1475
f 1475 1539 1553
f 1475 1553 1608
f 1586 1547 1484
f 1717 1586 1484
f 1782 1484 1608
f 1782 1717 1484
f 1503 1547 1586
f 1503 1586 1582
f 1539 1512 1582
f 1553 1539 1582
f 1649 1553 1582
f 1553 1661 1608
f 1649 1661 1553
f 1709 1582 1586
f 1582 1709 1649
f 1709 1586 1717
f 1661 1812 1608
f 1812 1782 1608
f 1691 1649 1647
f 1647 1649 1805
f 1691 1647 1655
f 1647 1808 1655
f 1805 1808 1647
f 1649 1691 1661
f 1750 1649 1709
f 1649 1750 1805
f 1656 1713 1655
f 1808 1656 1655
f 1713 1691 1655
f 1656 1832 1713
f 1808 1818 1656
f 1656 1818 1826
f 1832 1656 1826
f 1691 1672 1661
f 1812 1661 1672
f 1691 1760 1672
f 1672 1760 1749
f 1812 1672 1749
f 1713 1733 1691
f 1733 1804 1691
f 1691 1787 1760
f 1804 1787 1691
f 1709 1717 1782
f 1750 1709 1782
f 1832 1733 1713
f 1769 1779 1733
f 1769 1733 1894
f 1779 1804 1733
f 1832 1894 1733
f 1760 1897 1749
f 1850 1812 1749
f 1879 1850 1749
f 1879 1749 1897
f 1812 1750 1782
f 1805 1750 1812
f 1760 1787 1897
f 1896 1779 1769
f 1769 1894 1896
f 1779 1811 1804
f 1779 1896 1811
f 1804 1793 1787
f 1793 1943 1787
f 1787 1943 1897
f 1804 1875 1793
f 1793 1875 1855
f 1793 1855 1950
f 1950 1943 1793
f 1811 1902 1804
f 1804 1877 1875
f 1804 1920 1877
f 1902 1920 1804
f 1808 1805 1818
f 1850 1805 1812
f 1818 1805 1850
f 1874 1902 1811
f 1874 1811 1960
f 1896 1946 1811
f 1811 1946 1949
f 1960 1811 1949
f 1826 1818 1904
f 1818 1850 1904
f 1832 1826 1904
f 1894 1832 1904
f 1904 1850 1879
f 1959 1855 1875
f 1855 1959 1950
f 1893 1902 1874
f 1893 1874 1974
f 1874 1960 1974
f 1877 1959 1875
f 1877 1920 1965
f 1965 1959 1877
f 1897 1943 1879
f 1943 1904 1879
f 1893 1903 1902
f 1893 1974 1903
f 1946 1896 1894
f 1946 1894 1904
f 1903 1941 1902
f 1938 1920 1902
f 1941 1938 1902
f 1903 1974 1941
f 1950 1904 1943
f 1946 1904 1955
f 1965 1904 1950
f 1955 1904 1975
f 1975 1904 1965
f 1938 1936 1920
f 1965 1920 1936
f 1936 1938 1941
f 2005 1936 1941
f 1965 1936 1975
f 1936 2005 1975
f 1941 1974 1989
f 1941 1989 2004
f 2005 1941 2004
f 1949 1946 1955
f 1960 1949 1955
f 1959 1965 1950
f 1960 1955 1989
f 2006 1955 1975
f 1989 1955 2004
f 2004 1955 2006
f 1974 1960 1989
f 2005 2006 1975
f 2006 2005 2004
f 149 147 165
f 149 243 147
f 147 163 161
f 165 147 161
f 162 147 177
f 185 147 162
f 163 147 185
f 147 243 177
f 165 151 149
f 149 151 243
f 167 151 165
f 151 167 227
f 172 151 227
f 151 172 243
f 161 163 234
f 165 161 296
f 161 234 296
f 162 177 166
f 185 162 166
f 181 163 185
f 163 181 234
f 165 180 167
f 296 180 165
f 177 168 166
f 185 166 168
f 215 167 180
f 227 167 215
f 177 401 168
f 185 168 189
f 168 401 189
f 172 227 243
f 243 367 177
f 177 367 401
f 180 296 215
f 234 181 185
f 185 189 282
f 234 185 282
f 291 189 257
f 189 401 257
f 291 282 189
f 196 197 217
f 197 196 230
f 196 217 199
f 196 199 230
f 197 215 217
f 197 230 215
f 201 199 217
f 201 230 199
f 201 217 208
f 208 235 201
f 201 235 230
f 205 238 219
f 205 219 240
f 221 205 240
f 205 221 300
f 238 205 300
f 208 217 214
f 214 235 208
f 214 217 229
f 229 235 214
f 215 296 217
f 227 215 230
f 229 217 329
f 217 296 329
f 219 238 245
f 240 219 251
f 219 245 251
f 221 240 300
f 227 230 271
f 227 271 243
f 232 250 229
f 232 229 335
f 249 235 229
f 229 250 249
f 229 329 335
f 235 249 230
f 230 249 271
f 240 251 232
f 240 232 300
f 251 250 232
f 300 232 319
f 232 335 319
f 234 282 375
f 234 404 296
f 234 375 443
f 234 443 404
f 238 276 245
f 276 238 300
f 271 392 243
f 421 367 243
f 392 421 243
f 251 245 315
f 276 304 245
f 245 304 315
f 249 250 322
f 249 322 271
f 251 315 250
f 250 315 322
f 257 269 291
f 401 269 257
f 269 308 291
f 330 308 269
f 326 269 317
f 401 317 269
f 344 269 326
f 330 269 344
f 322 343 271
f 343 368 271
f 271 368 376
f 271 376 392
f 322 276 300
f 276 315 304
f 322 315 276
f 375 282 291
f 375 291 308
f 329 296 404
f 319 322 300
f 308 330 375
f 326 317 333
f 317 401 333
f 341 322 319
f 335 341 319
f 343 322 341
f 333 344 326
f 335 329 348
f 348 329 357
f 357 329 371
f 371 329 455
f 455 329 404
f 330 344 339
f 330 339 375
f 333 396 344
f 333 457 396
f 401 457 333
f 341 335 348
f 389 339 344
f 339 389 375
f 341 348 343
f 348 357 343
f 343 357 368
f 344 396 389
f 357 376 368
f 371 376 357
f 367 526 401
f 427 367 421
f 495 367 427
f 536 367 495
f 526 367 536
f 371 455 376
f 375 389 403
f 375 403 442
f 443 375 442
f 455 392 376
f 403 389 396
f 455 421 392
f 403 396 448
f 396 457 448
f 401 526 457
f 403 435 442
f 403 465 435
f 465 403 448
f 404 443 559
f 461 455 404
f 461 404 537
f 404 559 537
f 455 427 421
f 427 455 461
f 427 461 537
f 495 427 537
f 442 435 588
f 474 435 465
f 502 435 474
f 435 502 552
f 588 435 552
f 443 442 618
f 442 588 661
f 442 661 618
f 443 618 559
f 457 465 448
f 465 457 474
f 457 538 474
f 526 680 457
f 457 645 538
f 457 656 645
f 457 719 656
f 680 851 457
f 457 723 719
f 457 851 723
f 474 514 502
f 538 514 474
f 536 495 567
f 495 537 567
f 552 502 514
f 538 552 514
f 536 567 526
f 567 590 526
f 590 680 526
f 559 541 537
f 567 537 541
f 656 552 538
f 645 656 538
f 541 559 623
f 567 541 623
f 656 588 552
f 559 618 712
f 559 667 623
f 559 712 667
f 590 567 623
f 719 588 656
f 719 661 588
f 624 590 623
f 590 624 632
f 590 632 680
f 617 680 630
f 778 617 630
f 617 778 680
f 618 661 662
f 718 618 662
f 618 749 712
f 618 718 747
f 747 749 618
f 624 623 627
f 627 623 630
f 630 623 778
f 623 667 778
f 624 627 632
f 627 630 632
f 630 680 632
f 719 662 661
f 718 662 851
f 662 719 723
f 723 851 662
f 667 712 853
f 853 778 667
f 680 778 853
f 680 890 851
f 680 853 854
f 854 891 680
f 680 891 890
f 712 749 728
f 712 728 853
f 851 747 718
f 890 728 749
f 853 728 854
f 854 728 891
f 891 728 890
f 851 749 747
f 851 890 749
f 307 303 331
f 393 303 307
f 331 303 340
f 303 402 340
f 402 303 393
f 393 307 331
f 334 331 340
f 393 331 334
f 377 334 340
f 377 544 334
f 393 334 544
f 365 377 340
f 402 365 340
f 402 366 365
f 366 419 365
f 419 377 365
f 531 366 402
f 436 419 366
f 531 436 366
f 419 544 377
f 393 405 402
f 438 405 393
f 393 441 438
f 468 441 393
f 468 393 544
f 402 405 531
f 438 426 405
f 531 405 426
f 429 419 436
f 429 544 419
f 438 470 426
f 531 426 470
f 436 473 429
f 429 473 544
f 481 436 472
f 436 531 472
f 481 473 436
f 438 441 468
f 438 468 470
f 470 468 493
f 493 468 544
f 470 493 521
f 531 470 521
f 481 472 505
f 531 505 472
f 544 473 481
f 481 505 530
f 544 481 530
f 493 512 521
f 493 544 512
f 551 530 505
f 531 615 505
f 551 505 615
f 512 533 521
f 512 544 533
f 521 535 531
f 521 533 535
f 544 530 551
f 535 573 531
f 531 573 672
f 615 531 782
f 531 672 970
f 531 1278 782
f 531 970 1278
f 535 533 573
f 533 544 596
f 533 596 573
f 544 551 580
f 544 580 677
f 596 544 609
f 609 544 726
f 1079 544 677
f 726 544 1006
f 1006 544 1079
f 580 551 615
f 573 596 672
f 677 580 615
f 596 609 672
f 609 726 672
f 782 677 615
f 726 970 672
f 782 697 677
f 677 697 1024
f 1194 677 1024
f 1079 677 1163
f 1163 677 1194
f 713 697 782
f 697 713 1024
f 713 782 804
f 713 804 1024
f 726 1006 970
f 782 800 804
f 782 1278 800
f 804 800 859
f 859 800 876
f 876 800 948
f 948 800 1467
f 800 1278 1467
f 859 1024 804
f 1282 859 876
f 1024 859 1282
f 876 948 1048
f 1166 876 1048
f 1166 1282 876
f 948 1287 1048
f 1287 948 1467
f 1131 970 1006
f 970 1131 1278
f 1079 1131 1006
f 1194 1024 1221
f 1362 1221 1024
f 1362 1024 1282
f 1166 1048 1209
f 1048 1287 1209
f 1163 1131 1079
f 1194 1131 1163
f 1194 1269 1131
f 1131 1269 1278
f 1166 1209 1287
f 1282 1166 1467
f 1467 1166 1287
f 1221 1269 1194
f 1311 1269 1221
f 1426 1311 1221
f 1426 1221 1362
f 1278 1269 1311
f 1278 1311 1426
f 1278 1426 1467
f 1362 1282 1501
f 1501 1282 1467
f 1501 1426 1362
f 1467 1426 1501
f 1835 1841 1884
f 1968 1841 1835
f 1968 1835 1884
f 1841 1843 1952
f 1843 1841 1980
f 1884 1841 1952
f 1968 1980 1841
f 1843 1846 1948
f 1846 1843 1980
f 1952 1843 1948
f 1863 1846 1885
f 1942 1846 1863
f 1885 1846 1984
f 1948 1846 1942
f 1846 1980 1984
f 1875 1940 1855
f 1855 1959 1875
f 1855 1940 1929
f 1855 1929 1959
f 1863 1871 1882
f 1871 1863 1885
f 1863 1882 1928
f 1932 1863 1928
f 1942 1863 1932
f 1882 1871 1885
f 1877 1920 1875
f 1875 1959 1877
f 1920 1940 1875
f 1920 1877 1965
f 1959 1965 1877
f 1885 1992 1882
f 1928 1882 2001
f 1882 1992 1996
f 1882 1996 2001
f 1886 1899 1884
f 1886 1884 1963
f 1899 1968 1884
f 1884 1952 1963
f 1984 1992 1885
f 1899 1886 1947
f 1886 1977 1947
f 1977 1886 1963
f 1899 1947 2013
f 1990 1968 1899
f 2003 1990 1899
f 1899 2013 2003
f 1936 1920 1965
f 1936 1978 1920
f 1978 1940 1920
f 1923 1929 1921
f 1923 1921 1940
f 1929 1940 1921
f 1935 1922 1923
f 1923 1922 1994
f 1922 1935 2008
f 1994 1922 2008
f 1923 1959 1929
f 1935 1923 1940
f 1981 1959 1923
f 1981 1923 1994
f 1928 2001 1932
f 1942 1932 2011
f 1932 2001 2011
f 1973 1935 1940
f 1973 2017 1935
f 1935 2017 2008
f 1936 1941 1938
f 1938 1978 1936
f 2005 1941 1936
f 1936 1965 1975
f 1936 1975 2005
f 1941 1947 1938
f 1947 1979 1938
f 1938 1979 1978
f 1978 1973 1940
f 1947 1941 2010
f 2005 2004 1941
f 2004 2010 1941
f 1942 2014 1948
f 1942 2011 2014
f 1947 1977 1979
f 2010 2013 1947
f 1948 2014 1952
f 1952 2015 1963
f 2014 2015 1952
f 1981 1965 1959
f 1977 1963 2015
f 1975 1965 1981
f 1980 1968 2003
f 1968 1990 2003
f 1978 1979 1973
f 1973 1979 2017
f 2012 1975 1981
f 2012 2005 1975
f 1977 2015 1979
f 1979 2015 2017
f 1984 1980 1985
f 1985 1980 2003
f 2012 1981 1994
f 1984 1985 1992
f 1987 1988 1985
f 1985 2011 1987
f 1992 1985 1988
f 2003 2015 1985
f 2014 2011 1985
f 1985 2015 2014
f 1987 2011 1988
f 1988 1996 1992
f 1988 2001 1996
f 1988 2011 2001
f 1998 1994 2008
f 2012 1994 1998
f 1998 2008 2009
f 1998 2009 2018
f 2012 1998 2018
f 2003 2013 2015
f 2005 2006 2004
f 2010 2004 2006
f 2012 2006 2005
f 2012 2010 2006
f 2008 2016 2009
f 2008 2017 2016
f 2018 2009 2016
f 2013 2010 2012
f 2013 2012 2019
f 2019 2012 2018
f 2013 2017 2015
f 2013 2019 2017
f 2017 2018 2016
f 2017 2019 2018
f 906 899 916
f 899 906 926
f 899 1128 916
f 899 926 1128
f 902 901 916
f 901 902 1054
f 901 1076 916
f 1054 1076 901
f 1121 902 916
f 902 965 1053
f 965 902 1121
f 1054 902 1053
f 1010 906 916
f 926 906 1010
f 1076 1010 916
f 1121 916 1120
f 1120 916 1135
f 1128 1135 916
f 1128 926 1010
f 1053 965 1288
f 1220 965 1121
f 1220 1288 965
f 1010 1076 1188
f 1128 1010 1188
f 1053 1076 1054
f 1076 1053 1288
f 1188 1076 1305
f 1297 1076 1288
f 1305 1076 1297
f 1120 1297 1121
f 1120 1135 1305
f 1120 1305 1297
f 1220 1121 1288
f 1121 1297 1288
f 1135 1128 1188
f 1305 1135 1188
f 151 167 154
f 151 154 172
f 167 151 227
f 227 151 172
f 169 155 154
f 154 155 172
f 167 169 154
f 164 155 208
f 164 227 155
f 169 171 155
f 171 170 155
f 155 170 182
f 172 155 227
f 155 182 183
f 208 155 183
f 235 164 208
f 164 235 227
f 180 169 167
f 215 180 167
f 215 167 227
f 171 169 215
f 169 180 215
f 174 170 171
f 170 174 182
f 174 171 197
f 171 215 197
f 174 196 182
f 174 197 196
f 183 182 199
f 182 196 199
f 201 183 199
f 183 201 208
f 197 230 196
f 196 230 199
f 230 197 215
f 230 201 199
f 235 208 201
f 230 235 201
f 215 227 230
f 227 235 230
f 899 926 958
f 899 1128 926
f 899 958 1128
f 980 958 926
f 1132 980 926
f 926 1128 1010
f 1132 926 1010
f 964 960 938
f 938 960 1108
f 938 1108 964
f 1128 958 980
f 1021 960 964
f 1057 988 960
f 1108 960 988
f 1021 1057 960
f 1021 964 1108
f 1132 1056 980
f 980 1056 1177
f 1161 1128 980
f 1161 980 1177
f 988 1064 1001
f 988 1001 1108
f 1057 1064 988
f 1064 1039 1001
f 1001 1039 1225
f 1108 1001 1138
f 1001 1208 1138
f 1225 1208 1001
f 1132 1010 1076
f 1188 1076 1010
f 1128 1188 1010
f 1064 1057 1021
f 1259 1064 1021
f 1021 1108 1259
f 1125 1050 1039
f 1225 1039 1050
f 1072 1039 1064
f 1132 1039 1072
f 1132 1125 1039
f 1050 1125 1308
f 1225 1050 1244
f 1244 1050 1264
f 1264 1050 1308
f 1072 1056 1132
f 1056 1072 1256
f 1177 1056 1279
f 1056 1256 1279
f 1072 1064 1259
f 1256 1072 1259
f 1076 1305 1132
f 1188 1305 1076
f 1108 1138 1260
f 1259 1108 1260
f 1132 1308 1125
f 1188 1128 1161
f 1132 1305 1308
f 1138 1208 1262
f 1260 1138 1262
f 1161 1177 1348
f 1335 1188 1161
f 1335 1161 1348
f 1177 1279 1289
f 1348 1177 1289
f 1305 1188 1335
f 1262 1208 1225
f 1262 1225 1244
f 1262 1244 1343
f 1308 1244 1264
f 1343 1244 1308
f 1256 1259 1260
f 1256 1260 1262
f 1256 1262 1343
f 1279 1256 1343
f 1289 1279 1348
f 1343 1348 1279
f 1305 1335 1308
f 1335 1343 1308
f 1348 1343 1335
f 1281 1215 1230
f 1215 1320 1230
f 1261 1215 1281
f 1261 1320 1215
f 1281 1230 1263
f 1230 1320 1263
f 1281 1291 1261
f 1291 1321 1261
f 1321 1320 1261
f 1281 1263 1404
f 1409 1263 1320
f 1409 1404 1263
f 1267 1290 1275
f 1275 1331 1267
f 1290 1267 1326
f 1267 1331 1326
f 1270 1313 1275
f 1447 1270 1275
f 1447 1313 1270
f 1290 1437 1275
f 1313 1331 1275
f 1437 1447 1275
f 1408 1291 1281
f 1281 1404 1398
f 1408 1281 1398
f 1290 1326 1443
f 1443 1437 1290
f 1295 1321 1291
f 1295 1291 1440
f 1423 1291 1408
f 1440 1291 1423
f 1295 1298 1321
f 1440 1298 1295
f 1298 1324 1321
f 1324 1298 1454
f 1454 1298 1440
f 1327 1316 1313
f 1313 1316 1331
f 1447 1327 1313
f 1316 1327 1331
f 1320 1321 1342
f 1502 1320 1342
f 1502 1409 1320
f 1324 1459 1321
f 1321 1497 1342
f 1459 1462 1321
f 1462 1497 1321
f 1324 1454 1336
f 1324 1336 1459
f 1326 1331 1459
f 1443 1326 1336
f 1459 1336 1326
f 1331 1327 1400
f 1349 1400 1327
f 1447 1349 1327
f 1331 1400 1406
f 1331 1406 1459
f 1443 1336 1470
f 1454 1468 1336
f 1468 1504 1336
f 1470 1336 1513
f 1504 1513 1336
f 1502 1342 1363
f 1342 1626 1363
f 1497 1626 1342
f 1563 1400 1349
f 1477 1349 1447
f 1488 1349 1477
f 1490 1349 1488
f 1490 1495 1349
f 1505 1349 1495
f 1505 1563 1349
f 1363 1519 1391
f 1520 1363 1391
f 1520 1502 1363
f 1626 1519 1363
f 1391 1519 1652
f 1391 1652 1520
f 1398 1404 1409
f 1408 1398 1409
f 1563 1406 1400
f 1459 1406 1609
f 1609 1406 1563
f 1408 1409 1496
f 1423 1408 1496
f 1496 1409 1502
f 1440 1423 1496
f 1470 1437 1443
f 1477 1447 1437
f 1493 1437 1470
f 1477 1437 1493
f 1454 1440 1496
f 1468 1454 1496
f 1462 1459 1609
f 1498 1497 1462
f 1498 1462 1645
f 1462 1609 1625
f 1462 1625 1645
f 1645 1468 1496
f 1504 1468 1645
f 1563 1493 1470
f 1513 1625 1470
f 1563 1470 1609
f 1609 1470 1625
f 1477 1493 1488
f 1494 1549 1482
f 1662 1494 1482
f 1662 1482 1549
f 1488 1493 1490
f 1490 1493 1495
f 1493 1505 1495
f 1493 1563 1505
f 1521 1626 1494
f 1662 1521 1494
f 1626 1549 1494
f 1496 1502 1703
f 1645 1496 1726
f 1496 1703 1837
f 1726 1496 1837
f 1498 1526 1497
f 1526 1562 1497
f 1562 1716 1497
f 1497 1729 1626
f 1716 1759 1497
f 1780 1729 1497
f 1759 1780 1497
f 1526 1498 1684
f 1645 1684 1498
f 1652 1502 1520
f 1703 1502 1652
f 1625 1513 1504
f 1625 1504 1645
f 1626 1521 1519
f 1519 1521 1669
f 1519 1669 1652
f 1662 1678 1521
f 1521 1678 1669
f 1562 1526 1726
f 1526 1684 1726
f 1626 1561 1549
f 1561 1662 1549
f 1561 1610 1569
f 1740 1561 1569
f 1626 1610 1561
f 1561 1667 1662
f 1561 1700 1667
f 1714 1700 1561
f 1714 1561 1740
f 1562 1708 1716
f 1708 1562 1773
f 1562 1726 1773
f 1569 1610 1590
f 1569 1590 1740
f 1590 1610 1602
f 1602 1753 1590
f 1740 1590 1753
f 1610 1611 1602
f 1611 1795 1602
f 1602 1795 1753
f 1615 1611 1610
f 1610 1665 1615
f 1729 1610 1626
f 1610 1696 1665
f 1729 1696 1610
f 1615 1795 1611
f 1665 1795 1615
f 1726 1684 1645
f 1703 1652 1669
f 1678 1662 1667
f 1696 1833 1665
f 1665 1833 1795
f 1678 1667 1703
f 1703 1667 1700
f 1669 1678 1703
f 1729 1741 1696
f 1696 1741 1869
f 1833 1696 1869
f 1837 1703 1700
f 1837 1700 1714
f 1716 1708 1839
f 1708 1773 1839
f 1837 1714 1740
f 1759 1716 1872
f 1872 1716 1839
f 1726 1837 1773
f 1792 1741 1729
f 1780 1778 1729
f 1778 1792 1729
f 1795 1740 1753
f 1833 1740 1795
f 1837 1740 1833
f 1741 1794 1752
f 1900 1741 1752
f 1792 1799 1741
f 1741 1799 1794
f 1869 1741 1900
f 1794 1900 1752
f 1916 1780 1759
f 1916 1759 1872
f 1773 1837 1916
f 1872 1839 1773
f 1872 1773 1916
f 1913 1778 1780
f 1778 1925 1792
f 1778 1913 1925
f 1916 1913 1780
f 1792 1925 1799
f 1799 1800 1794
f 1800 1926 1794
f 1794 1926 1900
f 1799 1926 1800
f 1799 1925 1926
f 1837 1833 1869
f 1925 1837 1869
f 1916 1837 1913
f 1913 1837 1925
f 1900 1926 1869
f 1926 1925 1869
f 848 799 998
f 848 1148 799
f 799 997 921
f 921 998 799
f 799 1020 997
f 799 1037 1020
f 799 1148 1037
f 1148 848 910
f 848 1315 910
f 848 998 1315
f 1148 910 1411
f 1315 1216 910
f 1411 910 1216
f 921 997 1189
f 921 1027 998
f 921 1189 1027
f 1206 997 1020
f 1206 1189 997
f 1315 998 1027
f 1401 1020 1037
f 1206 1020 1401
f 1189 1206 1027
f 1206 1346 1027
f 1315 1027 1346
f 1037 1148 1576
f 1037 1576 1401
f 1148 1411 1576
f 1401 1346 1206
f 1216 1315 1417
f 1411 1216 1371
f 1371 1216 1439
f 1216 1417 1439
f 1417 1315 1346
f 1417 1346 1401
f 1371 1599 1411
f 1371 1439 1660
f 1371 1646 1599
f 1371 1660 1646
f 1469 1417 1401
f 1469 1401 1576
f 1599 1576 1411
f 1469 1439 1417
f 1469 1473 1439
f 1439 1473 1660
f 1483 1473 1469
f 1658 1483 1469
f 1469 1576 1622
f 1622 1658 1469
f 1473 1483 1506
f 1473 1506 1660
f 1483 1491 1506
f 1658 1491 1483
f 1500 1558 1491
f 1658 1500 1491
f 1527 1506 1491
f 1558 1527 1491
f 1530 1617 1500
f 1530 1500 1658
f 1595 1558 1500
f 1500 1620 1595
f 1617 1620 1500
f 1506 1527 1660
f 1558 1683 1527
f 1683 1660 1527
f 1572 1617 1530
f 1572 1530 1710
f 1692 1530 1658
f 1710 1530 1692
f 1762 1558 1595
f 1762 1683 1558
f 1617 1572 1737
f 1737 1572 1710
f 1576 1599 1605
f 1622 1576 1605
f 1762 1595 1620
f 1605 1599 1646
f 1622 1605 1646
f 1617 1687 1620
f 1643 1687 1617
f 1643 1617 1774
f 1737 1774 1617
f 1620 1687 1654
f 1620 1654 1806
f 1803 1762 1620
f 1620 1806 1803
f 1660 1622 1646
f 1692 1658 1622
f 1660 1683 1622
f 1683 1692 1622
f 1687 1643 1774
f 1806 1654 1687
f 1762 1692 1683
f 1842 1687 1774
f 1840 1806 1687
f 1840 1687 1844
f 1844 1687 1842
f 1803 1710 1692
f 1762 1803 1692
f 1710 1774 1737
f 1842 1774 1710
f 1840 1710 1803
f 1840 1842 1710
f 1806 1840 1803
f 1842 1840 1844
f 61 62 81
f 61 102 62
f 293 61 81
f 102 61 293
f 62 74 69
f 62 69 81
f 62 102 74
f 69 74 82
f 69 92 81
f 69 82 92
f 74 102 82
f 84 81 98
f 81 84 293
f 92 98 81
f 82 91 92
f 82 135 91
f 102 118 82
f 82 118 135
f 89 84 124
f 84 89 160
f 124 84 98
f 84 160 293
f 97 89 124
f 89 97 160
f 91 252 92
f 99 91 116
f 99 252 91
f 91 135 116
f 92 252 98
f 97 124 105
f 97 105 139
f 97 139 160
f 112 98 110
f 98 252 110
f 119 98 112
f 124 98 119
f 99 116 108
f 99 108 269
f 317 252 99
f 269 317 99
f 118 102 293
f 105 123 107
f 105 107 139
f 105 124 123
f 114 107 127
f 107 114 139
f 127 107 123
f 116 257 108
f 257 269 108
f 112 110 218
f 110 252 218
f 112 218 119
f 130 120 114
f 114 120 139
f 127 130 114
f 116 143 131
f 131 189 116
f 135 143 116
f 189 257 116
f 135 118 293
f 119 268 124
f 119 218 268
f 136 125 120
f 120 125 142
f 130 136 120
f 120 153 139
f 120 142 153
f 124 268 123
f 268 127 123
f 136 141 125
f 141 142 125
f 130 127 141
f 127 178 141
f 178 127 266
f 127 299 266
f 268 299 127
f 136 130 141
f 134 131 146
f 131 134 189
f 143 146 131
f 138 134 146
f 168 134 138
f 168 189 134
f 143 135 185
f 282 185 135
f 282 135 293
f 138 158 140
f 140 166 138
f 146 158 138
f 166 168 138
f 153 186 139
f 160 139 274
f 186 192 139
f 139 192 274
f 147 140 161
f 140 147 162
f 161 140 158
f 140 162 166
f 178 142 141
f 186 153 142
f 186 142 178
f 146 143 181
f 181 143 185
f 158 146 163
f 163 146 181
f 163 147 161
f 185 162 147
f 185 147 163
f 161 158 163
f 280 160 274
f 160 280 293
f 185 166 162
f 181 185 163
f 168 166 185
f 189 168 185
f 186 178 192
f 192 178 266
f 282 189 185
f 291 257 189
f 282 291 189
f 259 192 266
f 192 259 274
f 252 446 218
f 218 374 268
f 218 387 374
f 218 446 387
f 252 317 326
f 326 344 252
f 344 396 252
f 396 446 252
f 269 257 291
f 259 266 278
f 259 267 274
f 323 267 259
f 259 278 292
f 259 292 310
f 323 259 310
f 266 299 278
f 274 267 328
f 328 267 323
f 268 374 299
f 308 269 291
f 308 330 269
f 269 326 317
f 344 326 269
f 330 344 269
f 280 274 369
f 274 328 356
f 274 356 369
f 278 299 292
f 293 280 330
f 280 386 330
f 386 280 369
f 282 293 291
f 291 293 308
f 310 292 299
f 293 330 308
f 299 323 310
f 299 363 323
f 374 363 299
f 323 353 328
f 323 359 353
f 323 363 359
f 356 328 353
f 344 330 339
f 330 386 339
f 339 389 344
f 389 339 386
f 344 389 396
f 369 356 353
f 353 359 363
f 386 353 363
f 369 353 386
f 391 363 374
f 386 363 391
f 374 387 391
f 386 391 389
f 387 394 391
f 387 446 394
f 391 408 389
f 389 403 396
f 389 408 403
f 391 394 408
f 394 423 408
f 437 423 394
f 451 437 394
f 394 446 451
f 403 448 396
f 396 448 446
f 403 408 423
f 435 403 423
f 403 435 465
f 403 465 448
f 435 423 437
f 502 435 437
f 435 474 465
f 435 502 474
f 437 451 488
f 488 502 437
f 448 465 446
f 474 451 446
f 465 474 446
f 488 451 474
f 474 514 488
f 474 502 514
f 514 502 488
f 141 142 178
f 184 142 141
f 141 178 184
f 186 142 153
f 153 142 247
f 178 142 186
f 184 264 142
f 258 247 142
f 264 258 142
f 153 263 186
f 153 247 263
f 178 266 184
f 186 192 178
f 192 266 178
f 216 264 184
f 216 184 266
f 186 263 192
f 192 263 259
f 192 259 266
f 273 264 216
f 273 216 266
f 247 258 263
f 258 264 263
f 259 263 267
f 259 278 266
f 323 259 267
f 292 278 259
f 310 292 259
f 310 259 323
f 264 285 263
f 267 263 411
f 307 263 285
f 307 411 263
f 273 285 264
f 273 266 278
f 267 328 323
f 328 267 353
f 353 267 411
f 278 292 273
f 273 303 285
f 292 303 273
f 303 307 285
f 310 303 292
f 393 307 303
f 310 402 303
f 402 393 303
f 393 411 307
f 310 323 402
f 353 323 328
f 359 323 353
f 402 323 359
f 369 353 356
f 356 353 411
f 359 353 363
f 363 353 386
f 386 353 369
f 356 411 369
f 402 359 363
f 363 391 374
f 374 458 363
f 386 391 363
f 402 363 405
f 363 458 405
f 386 369 416
f 369 411 416
f 391 387 374
f 387 458 374
f 386 416 391
f 394 387 391
f 387 394 458
f 408 394 391
f 391 416 408
f 405 393 402
f 438 393 405
f 441 411 393
f 438 441 393
f 408 423 394
f 423 437 394
f 437 451 394
f 394 451 458
f 438 405 426
f 405 458 426
f 408 416 423
f 416 411 616
f 411 441 464
f 411 464 469
f 411 469 547
f 682 411 547
f 616 411 682
f 423 416 548
f 416 616 548
f 548 437 423
f 438 426 466
f 426 458 466
f 488 451 437
f 437 502 488
f 548 502 437
f 516 441 438
f 438 466 501
f 438 501 516
f 516 464 441
f 488 458 451
f 466 458 501
f 514 458 488
f 458 516 501
f 514 660 458
f 458 604 516
f 458 621 604
f 779 621 458
f 458 663 651
f 651 765 458
f 660 663 458
f 458 765 779
f 464 491 469
f 464 604 491
f 516 604 464
f 469 491 527
f 469 527 540
f 547 469 540
f 488 502 514
f 604 527 491
f 548 514 502
f 549 514 548
f 660 514 549
f 527 779 540
f 621 527 604
f 621 779 527
f 779 547 540
f 547 779 682
f 548 616 549
f 549 616 639
f 549 639 788
f 549 663 660
f 663 549 748
f 748 549 788
f 725 639 616
f 682 721 616
f 702 616 701
f 701 616 714
f 725 616 702
f 616 721 714
f 639 725 788
f 651 663 748
f 748 751 651
f 751 752 651
f 752 758 651
f 651 758 765
f 682 739 721
f 739 682 779
f 702 701 752
f 752 701 714
f 725 702 788
f 702 752 751
f 788 702 751
f 758 714 721
f 752 714 758
f 721 739 765
f 758 721 765
f 765 739 779
f 748 788 751
f 345 351 378
f 345 440 351
f 360 345 378
f 345 360 400
f 345 400 364
f 364 440 345
f 351 362 378
f 362 351 385
f 351 409 385
f 440 409 351
f 360 378 400
f 373 362 385
f 362 373 406
f 362 398 378
f 398 362 406
f 364 400 390
f 390 440 364
f 380 406 373
f 380 373 407
f 373 385 407
f 382 378 398
f 378 382 400
f 388 406 380
f 388 380 539
f 380 407 539
f 382 398 400
f 407 385 409
f 433 406 388
f 414 475 388
f 414 388 539
f 475 433 388
f 390 410 397
f 440 390 397
f 400 410 390
f 479 397 410
f 440 397 479
f 398 484 400
f 398 406 581
f 398 492 484
f 492 398 520
f 520 398 581
f 400 479 410
f 400 484 479
f 406 433 581
f 409 417 407
f 489 407 417
f 539 407 489
f 440 417 409
f 414 415 475
f 415 414 539
f 475 415 420
f 420 415 577
f 415 539 577
f 440 424 417
f 424 489 417
f 480 420 431
f 515 431 420
f 475 420 480
f 515 420 557
f 420 577 557
f 440 439 424
f 439 489 424
f 480 431 483
f 483 431 486
f 649 486 431
f 515 649 431
f 433 475 581
f 440 524 439
f 489 439 550
f 524 550 439
f 440 479 484
f 440 484 492
f 440 492 520
f 440 520 524
f 475 480 581
f 483 704 480
f 480 775 581
f 704 775 480
f 486 704 483
f 486 649 704
f 489 550 510
f 599 489 510
f 539 489 599
f 532 510 550
f 599 510 532
f 557 649 515
f 524 520 581
f 524 581 550
f 659 532 550
f 532 659 599
f 577 539 607
f 539 599 608
f 539 635 607
f 539 608 635
f 550 581 664
f 659 550 664
f 557 577 649
f 577 607 649
f 581 716 664
f 581 722 716
f 581 795 722
f 581 775 795
f 599 659 608
f 649 607 635
f 722 635 608
f 608 659 664
f 664 716 608
f 716 722 608
f 704 649 635
f 704 635 795
f 722 795 635
f 704 795 775
f 514 548 502
f 514 502 552
f 502 548 678
f 552 502 678
f 538 514 552
f 538 660 514
f 514 549 548
f 514 660 549
f 656 538 552
f 645 538 656
f 645 877 538
f 877 660 538
f 548 549 678
f 549 639 678
f 788 639 549
f 663 549 660
f 748 549 663
f 748 788 549
f 552 588 656
f 588 552 678
f 719 656 588
f 588 678 661
f 588 661 719
f 778 667 623
f 623 667 852
f 623 734 676
f 676 896 623
f 623 852 734
f 623 896 778
f 678 639 801
f 725 639 788
f 801 639 725
f 645 656 877
f 656 719 877
f 877 663 660
f 662 661 678
f 661 662 719
f 662 678 832
f 718 662 832
f 662 718 851
f 719 662 723
f 723 662 851
f 663 877 748
f 853 712 667
f 667 712 868
f 778 853 667
f 852 667 885
f 667 868 880
f 667 880 885
f 676 734 896
f 823 678 801
f 982 678 823
f 832 678 1122
f 1063 678 982
f 1122 678 1063
f 853 728 712
f 712 728 864
f 868 712 864
f 747 718 832
f 851 718 747
f 723 1258 719
f 719 1258 877
f 851 1258 723
f 788 844 725
f 725 844 801
f 890 749 728
f 728 749 1124
f 854 728 853
f 854 891 728
f 728 1124 864
f 728 891 890
f 734 852 839
f 896 734 839
f 832 749 747
f 851 747 749
f 748 844 788
f 877 844 748
f 832 1124 749
f 890 851 749
f 778 1093 853
f 896 1002 778
f 1002 1093 778
f 844 823 801
f 942 823 844
f 982 823 942
f 832 1122 1124
f 1002 839 852
f 896 839 1002
f 877 942 844
f 890 1258 851
f 852 885 1093
f 1002 852 1093
f 853 1093 854
f 854 1330 891
f 1093 1090 854
f 854 1090 1330
f 864 1090 868
f 864 1026 1090
f 1026 864 1124
f 868 885 880
f 868 1090 885
f 877 1098 942
f 877 1127 1098
f 1127 877 1322
f 877 1258 1322
f 1090 1103 885
f 1093 885 1103
f 890 891 1258
f 891 1330 1258
f 982 942 1098
f 1127 1063 982
f 982 1098 1127
f 1090 1026 1172
f 1026 1124 1118
f 1026 1118 1328
f 1328 1172 1026
f 1063 1322 1122
f 1063 1127 1322
f 1093 1103 1090
f 1090 1172 1330
f 1124 1322 1118
f 1322 1330 1118
f 1118 1330 1328
f 1122 1322 1124
f 1330 1172 1328
f 1258 1330 1322
f 241 253 265
f 253 241 275
f 254 241 265
f 241 254 290
f 275 241 290
f 265 253 262
f 275 262 253
f 254 265 290
f 265 262 283
f 287 262 275
f 283 262 311
f 262 287 311
f 265 283 290
f 305 287 275
f 275 290 305
f 290 283 302
f 311 302 283
f 305 286 287
f 286 311 287
f 289 311 286
f 289 286 318
f 318 286 305
f 295 288 289
f 288 313 289
f 351 288 295
f 288 314 313
f 316 314 288
f 345 316 288
f 351 345 288
f 295 289 318
f 313 311 289
f 305 290 302
f 294 295 318
f 351 295 294
f 294 318 320
f 320 351 294
f 321 305 302
f 311 321 302
f 332 318 305
f 338 305 321
f 336 332 305
f 336 305 338
f 313 321 311
f 313 314 390
f 321 313 338
f 338 313 355
f 355 313 390
f 316 364 314
f 390 314 364
f 316 345 364
f 351 320 318
f 318 332 336
f 318 336 383
f 351 318 385
f 385 318 383
f 336 338 383
f 440 338 355
f 383 338 440
f 351 440 345
f 345 440 364
f 385 409 351
f 409 440 351
f 355 390 399
f 355 399 440
f 440 390 364
f 409 385 383
f 413 409 383
f 413 383 440
f 390 397 399
f 440 397 390
f 397 432 399
f 432 397 410
f 397 479 410
f 440 479 397
f 479 399 432
f 440 399 479
f 413 417 409
f 417 440 409
f 410 479 432
f 413 422 417
f 422 413 440
f 422 428 417
f 428 424 417
f 440 417 424
f 440 428 422
f 439 424 428
f 440 424 439
f 440 439 428
f 1592 1554 1566
f 1566 1554 1730
f 1554 1592 1730
f 1664 1592 1566
f 1664 1566 1606
f 1730 1606 1566
f 1640 1592 1664
f 1776 1592 1640
f 1730 1592 1776
f 1664 1606 1845
f 1685 1606 1798
f 1845 1606 1685
f 1732 1606 1730
f 1798 1606 1732
f 1621 1632 1664
f 1632 1621 1802
f 1621 1664 1686
f 1621 1686 1802
f 1632 1640 1633
f 1632 1633 1664
f 1776 1640 1632
f 1776 1632 1810
f 1810 1632 1802
f 1640 1664 1633
f 1686 1664 1694
f 1664 1766 1694
f 1664 1796 1766
f 1664 1845 1796
f 1685 1836 1757
f 1845 1685 1757
f 1685 1798 1836
f 1694 1870 1686
f 1802 1686 1814
f 1686 1870 1814
f 1694 1766 1870
f 1730 1776 1732
f 1776 1831 1732
f 1732 1831 1798
f 1757 1836 1853
f 1845 1757 1933
f 1757 1853 1906
f 1757 1906 1933
f 1796 1909 1766
f 1870 1766 1881
f 1766 1909 1881
f 1810 1831 1776
f 1796 1845 1852
f 1944 1796 1852
f 1796 1912 1909
f 1796 1944 1912
f 1798 1831 1836
f 1815 1810 1802
f 1814 1831 1802
f 1802 1831 1815
f 1815 1831 1810
f 1814 1854 1831
f 1814 1868 1854
f 1814 1870 1868
f 1836 1831 1853
f 1831 1870 1853
f 1854 1868 1831
f 1831 1868 1870
f 1852 1845 1933
f 1852 1933 1962
f 1951 1944 1852
f 1962 1951 1852
f 1853 1870 1881
f 1881 1912 1853
f 1853 1951 1906
f 1853 1912 1944
f 1853 1944 1951
f 1909 1912 1881
f 1906 1951 1933
f 1951 1962 1933
f 767 666 654
f 666 829 654
f 767 654 715
f 654 829 715
f 666 767 692
f 861 666 692
f 861 829 666
f 684 683 837
f 866 683 684
f 727 834 683
f 866 727 683
f 683 834 837
f 692 684 850
f 684 692 866
f 850 684 837
f 692 767 866
f 692 850 861
f 720 771 715
f 720 715 829
f 771 767 715
f 771 720 956
f 720 829 841
f 920 720 841
f 920 950 720
f 956 720 950
f 727 866 741
f 741 879 727
f 879 834 727
f 741 744 879
f 744 741 924
f 741 866 924
f 879 744 924
f 776 767 771
f 780 767 776
f 780 783 767
f 783 836 767
f 836 866 767
f 771 1014 776
f 771 956 1014
f 1014 780 776
f 783 780 1014
f 836 783 1018
f 1018 783 1014
f 841 829 927
f 829 861 927
f 837 834 990
f 834 879 1105
f 834 1105 990
f 884 866 836
f 1041 884 836
f 1033 836 1018
f 1041 836 1033
f 850 837 990
f 920 841 874
f 927 874 841
f 850 990 861
f 861 990 927
f 884 897 866
f 897 936 866
f 866 936 924
f 920 874 903
f 874 927 903
f 931 879 924
f 933 879 931
f 961 879 933
f 1105 879 961
f 1041 897 884
f 936 897 1158
f 1096 897 1041
f 897 1096 1111
f 1158 897 1111
f 950 920 903
f 927 950 903
f 936 931 924
f 950 927 956
f 956 927 1014
f 1018 927 990
f 1014 927 1018
f 949 933 931
f 936 949 931
f 949 961 933
f 949 936 1158
f 961 949 1192
f 1158 1192 949
f 1113 1105 961
f 1126 1113 961
f 1126 961 1192
f 1018 990 1033
f 1033 990 1041
f 1096 1041 990
f 1111 1096 990
f 1105 1111 990
f 1113 1111 1105
f 1158 1111 1113
f 1126 1158 1113
f 1158 1126 1192
f 1554 1556 1566
f 1556 1554 1731
f 1554 1566 1730
f 1731 1554 1730
f 1606 1566 1556
f 1685 1556 1575
f 1575 1556 1738
f 1606 1556 1685
f 1731 1738 1556
f 1730 1566 1606
f 1575 1577 1728
f 1577 1575 1743
f 1724 1685 1575
f 1728 1724 1575
f 1575 1738 1743
f 1580 1728 1577
f 1577 1745 1580
f 1746 1577 1743
f 1746 1745 1577
f 1579 1596 1580
f 1745 1579 1580
f 1745 1596 1579
f 1580 1596 1627
f 1627 1728 1580
f 1596 1745 1627
f 1798 1606 1685
f 1732 1730 1606
f 1732 1606 1798
f 1627 1637 1807
f 1637 1627 1809
f 1807 1728 1627
f 1745 1809 1627
f 1637 1677 1739
f 1677 1637 1809
f 1637 1739 1807
f 1739 1677 1725
f 1677 1891 1725
f 1677 1809 1834
f 1677 1834 1891
f 1724 1836 1685
f 1836 1798 1685
f 1887 1724 1728
f 1724 1848 1836
f 1887 1848 1724
f 1891 1739 1725
f 1887 1728 1807
f 1730 1732 1731
f 1731 1732 1798
f 1738 1731 1798
f 1738 1848 1743
f 1738 1798 1836
f 1738 1836 1848
f 1939 1807 1739
f 1891 1924 1739
f 1924 1939 1739
f 1848 1746 1743
f 1809 1745 1746
f 1809 1746 1924
f 1746 1848 1887
f 1924 1746 1887
f 1887 1807 1939
f 1834 1809 1924
f 1891 1834 1924
f 1924 1887 1939
f 383 338 336
f 338 395 336
f 383 336 418
f 336 395 384
f 336 384 418
f 338 355 350
f 338 350 395
f 338 440 355
f 383 440 338
f 350 355 372
f 370 350 372
f 370 395 350
f 355 444 372
f 440 399 355
f 399 444 355
f 395 370 372
f 449 395 372
f 372 444 449
f 413 383 418
f 383 413 440
f 395 434 384
f 434 418 384
f 434 395 449
f 432 444 399
f 399 479 432
f 440 479 399
f 418 422 413
f 440 413 422
f 418 428 422
f 418 454 428
f 418 434 454
f 440 422 428
f 440 428 439
f 485 439 428
f 485 428 454
f 432 479 444
f 452 434 449
f 434 452 454
f 439 485 440
f 440 484 479
f 484 440 492
f 485 558 440
f 440 520 492
f 440 558 520
f 453 449 444
f 453 444 482
f 479 503 444
f 444 503 482
f 453 452 449
f 471 452 453
f 452 471 454
f 471 453 482
f 471 562 454
f 485 454 532
f 532 454 568
f 454 562 592
f 454 582 568
f 582 454 611
f 454 592 611
f 513 471 482
f 471 513 562
f 484 503 479
f 482 503 506
f 506 513 482
f 492 503 484
f 485 532 558
f 503 492 522
f 522 492 520
f 506 503 690
f 503 522 558
f 503 558 659
f 503 659 670
f 503 670 762
f 690 503 762
f 513 506 546
f 546 506 690
f 546 534 513
f 513 534 556
f 562 513 556
f 520 558 522
f 532 659 558
f 532 568 703
f 670 659 532
f 532 703 670
f 598 534 546
f 556 534 655
f 634 534 598
f 646 534 634
f 655 534 646
f 598 546 690
f 690 562 556
f 690 556 655
f 755 592 562
f 690 755 562
f 582 703 568
f 582 611 772
f 772 703 582
f 611 592 755
f 598 646 634
f 598 655 646
f 598 690 655
f 611 755 772
f 670 703 772
f 762 670 772
f 755 690 762
f 762 772 755
f 993 923 953
f 923 1085 953
f 993 1085 923
f 993 953 1366
f 994 953 1085
f 994 1465 953
f 953 1465 1366
f 1184 1085 993
f 1245 1184 993
f 1245 993 1366
f 994 1085 1190
f 1190 1211 994
f 994 1211 1332
f 994 1332 1396
f 994 1396 1465
f 1458 1085 1184
f 1190 1085 1523
f 1085 1458 1523
f 1245 1458 1184
f 1190 1523 1211
f 1211 1614 1332
f 1523 1614 1211
f 1245 1366 1352
f 1352 1458 1245
f 1442 1396 1332
f 1442 1332 1657
f 1332 1614 1657
f 1352 1366 1383
f 1352 1383 1458
f 1383 1366 1436
f 1436 1366 1479
f 1366 1465 1514
f 1366 1514 1479
f 1383 1436 1458
f 1405 1465 1396
f 1396 1508 1405
f 1442 1508 1396
f 1433 1465 1405
f 1405 1508 1433
f 1433 1481 1465
f 1433 1472 1481
f 1433 1568 1472
f 1508 1568 1433
f 1436 1479 1458
f 1508 1442 1657
f 1458 1479 1523
f 1465 1481 1534
f 1465 1534 1514
f 1472 1676 1481
f 1568 1676 1472
f 1479 1514 1567
f 1479 1524 1523
f 1479 1567 1524
f 1481 1701 1534
f 1481 1676 1701
f 1568 1508 1676
f 1508 1657 1676
f 1514 1534 1550
f 1514 1550 1551
f 1514 1551 1552
f 1514 1552 1567
f 1523 1524 1614
f 1524 1567 1579
f 1638 1524 1579
f 1524 1638 1614
f 1534 1722 1550
f 1701 1722 1534
f 1722 1551 1550
f 1723 1552 1551
f 1722 1723 1551
f 1736 1567 1552
f 1723 1736 1552
f 1745 1579 1567
f 1745 1567 1736
f 1668 1638 1579
f 1668 1579 1745
f 1614 1638 1657
f 1638 1668 1657
f 1736 1657 1668
f 1676 1657 1701
f 1657 1722 1701
f 1657 1723 1722
f 1723 1657 1736
f 1736 1668 1745
f 16 12 18
f 12 16 22
f 28 18 12
f 12 22 31
f 28 12 31
f 39 16 18
f 22 16 26
f 16 52 26
f 64 16 39
f 16 72 52
f 64 72 16
f 39 18 28
f 22 26 31
f 26 63 31
f 52 73 26
f 26 71 63
f 73 71 26
f 28 31 39
f 63 39 31
f 39 63 64
f 52 56 60
f 52 115 56
f 60 73 52
f 52 72 90
f 52 90 115
f 94 60 56
f 94 56 128
f 56 115 128
f 60 80 73
f 60 94 80
f 64 63 70
f 63 88 70
f 63 71 88
f 70 72 64
f 70 90 72
f 88 100 70
f 70 100 90
f 73 80 71
f 71 80 88
f 88 80 96
f 80 94 96
f 96 106 88
f 88 148 100
f 106 148 88
f 100 101 90
f 90 101 115
f 96 94 133
f 94 128 133
f 96 133 106
f 100 129 101
f 156 129 100
f 156 100 148
f 115 101 129
f 106 133 148
f 128 115 133
f 115 129 137
f 133 115 200
f 115 137 200
f 205 137 129
f 191 129 156
f 191 205 129
f 133 150 148
f 150 133 159
f 205 159 133
f 205 133 200
f 200 137 211
f 205 211 137
f 156 148 150
f 150 159 156
f 159 191 156
f 159 205 191
f 205 200 212
f 200 211 212
f 221 211 205
f 205 212 221
f 212 211 221
f 1228 1235 1246
f 1235 1228 1425
f 1246 1425 1228
f 1246 1235 1387
f 1387 1235 1265
f 1235 1425 1265
f 1246 1387 1516
f 1466 1425 1246
f 1246 1516 1466
f 1387 1265 1304
f 1434 1304 1265
f 1265 1425 1434
f 1370 1304 1309
f 1304 1434 1309
f 1304 1370 1564
f 1387 1304 1535
f 1535 1304 1564
f 1370 1309 1515
f 1434 1476 1309
f 1476 1515 1309
f 1399 1370 1565
f 1370 1399 1633
f 1515 1565 1370
f 1370 1632 1564
f 1370 1633 1632
f 1390 1516 1387
f 1535 1390 1387
f 1516 1390 1453
f 1535 1453 1390
f 1399 1565 1421
f 1399 1421 1633
f 1438 1542 1421
f 1438 1421 1565
f 1542 1640 1421
f 1421 1640 1633
f 1434 1425 1428
f 1428 1425 1466
f 1434 1428 1516
f 1516 1428 1466
f 1434 1516 1476
f 1542 1438 1690
f 1438 1565 1648
f 1690 1438 1648
f 1600 1516 1453
f 1453 1535 1663
f 1600 1453 1629
f 1629 1453 1663
f 1565 1515 1476
f 1516 1600 1476
f 1565 1476 1705
f 1663 1476 1600
f 1705 1476 1663
f 1663 1535 1564
f 1542 1546 1640
f 1546 1542 1719
f 1718 1542 1690
f 1719 1542 1718
f 1546 1554 1592
f 1730 1554 1546
f 1592 1640 1546
f 1719 1730 1546
f 1730 1592 1554
f 1564 1632 1621
f 1663 1564 1621
f 1648 1565 1690
f 1565 1705 1690
f 1640 1592 1776
f 1730 1776 1592
f 1663 1600 1629
f 1621 1632 1802
f 1663 1621 1705
f 1621 1802 1705
f 1633 1640 1632
f 1640 1776 1632
f 1632 1776 1810
f 1802 1632 1810
f 1690 1705 1815
f 1690 1815 1718
f 1815 1705 1802
f 1719 1718 1810
f 1718 1815 1810
f 1719 1776 1730
f 1719 1810 1776
f 1802 1810 1815
f 940 957 991
f 957 940 1187
f 1187 940 991
f 991 957 1133
f 1059 1133 957
f 1059 957 1187
f 986 1007 1146
f 1253 1007 986
f 986 1146 1344
f 986 1344 1253
f 1007 991 1133
f 1273 991 1007
f 1197 1187 991
f 1197 991 1273
f 1146 1007 1133
f 1253 1273 1007
f 1059 1078 1133
f 1187 1078 1059
f 1078 1137 1133
f 1187 1137 1078
f 1137 1140 1133
f 1133 1140 1217
f 1146 1133 1162
f 1162 1133 1175
f 1133 1181 1175
f 1227 1181 1133
f 1217 1227 1133
f 1140 1137 1306
f 1229 1137 1187
f 1137 1229 1306
f 1217 1140 1306
f 1146 1162 1344
f 1167 1162 1175
f 1162 1167 1344
f 1380 1167 1175
f 1353 1344 1167
f 1353 1167 1380
f 1181 1380 1175
f 1418 1181 1227
f 1418 1380 1181
f 1197 1317 1187
f 1187 1317 1229
f 1257 1197 1273
f 1197 1257 1317
f 1227 1217 1306
f 1227 1306 1367
f 1227 1367 1418
f 1317 1306 1229
f 1273 1253 1344
f 1257 1273 1317
f 1273 1353 1317
f 1273 1344 1353
f 1317 1367 1306
f 1317 1353 1380
f 1367 1317 1418
f 1418 1317 1380
f 1356 1388 1499
f 1583 1388 1356
f 1407 1356 1499
f 1356 1407 1571
f 1356 1571 1517
f 1583 1356 1517
f 1388 1420 1499
f 1420 1388 1585
f 1585 1388 1583
f 1407 1499 1406
f 1407 1406 1574
f 1406 1499 1459
f 1406 1459 1609
f 1406 1563 1574
f 1406 1609 1563
f 1407 1574 1571
f 1532 1420 1453
f 1453 1420 1629
f 1499 1420 1838
f 1420 1532 1838
f 1585 1623 1420
f 1629 1420 1623
f 1532 1453 1706
f 1453 1629 1706
f 1459 1498 1462
f 1459 1462 1609
f 1499 1498 1459
f 1462 1498 1645
f 1462 1625 1609
f 1462 1645 1625
f 1498 1499 1651
f 1651 1526 1498
f 1498 1526 1684
f 1498 1684 1645
f 1499 1838 1651
f 1517 1571 1711
f 1583 1517 1711
f 1526 1651 1684
f 1756 1589 1532
f 1532 1589 1838
f 1532 1706 1756
f 1574 1563 1666
f 1563 1609 1666
f 1571 1574 1711
f 1574 1666 1711
f 1583 1711 1585
f 1585 1711 1623
f 1589 1621 1686
f 1756 1621 1589
f 1589 1686 1694
f 1589 1694 1838
f 1666 1609 1625
f 1621 1802 1686
f 1802 1621 1756
f 1629 1623 1706
f 1623 1711 1706
f 1625 1645 1666
f 1666 1645 1712
f 1712 1645 1684
f 1684 1651 1712
f 1651 1838 1708
f 1651 1708 1839
f 1651 1775 1712
f 1839 1775 1651
f 1711 1666 1964
f 1666 1712 1775
f 1666 1775 1964
f 1694 1686 1870
f 1802 1814 1686
f 1814 1870 1686
f 1694 1766 1838
f 1694 1870 1766
f 1711 1756 1706
f 1708 1838 1716
f 1708 1716 1839
f 1711 1814 1756
f 1814 1711 1854
f 1711 1964 1854
f 1838 1759 1716
f 1716 1759 1872
f 1839 1716 1872
f 1802 1756 1814
f 1838 1780 1759
f 1780 1916 1759
f 1872 1759 1916
f 1766 1813 1838
f 1813 1766 1909
f 1766 1870 1881
f 1766 1881 1909
f 1775 1839 1964
f 1838 1778 1780
f 1780 1778 1913
f 1838 1792 1778
f 1778 1792 1925
f 1778 1925 1913
f 1913 1916 1780
f 1838 1799 1792
f 1925 1792 1799
f 1799 1827 1800
f 1926 1799 1800
f 1799 1847 1827
f 1838 1847 1799
f 1926 1925 1799
f 1800 1827 1931
f 1800 1931 1926
f 1813 1847 1838
f 1953 1847 1813
f 1953 1813 1909
f 1814 1854 1868
f 1814 1868 1870
f 1957 1827 1847
f 1827 1957 1931
f 1839 1872 1916
f 1839 1916 1964
f 1953 1957 1847
f 1964 1868 1854
f 1868 1881 1870
f 1964 1881 1868
f 1881 1953 1909
f 1964 1953 1881
f 1964 1916 1913
f 1964 1913 1925
f 1931 1925 1926
f 1964 1925 1931
f 1970 1931 1957
f 1964 1931 1970
f 1953 1970 1957
f 1964 1970 1953
f 563 587 579
f 638 563 579
f 585 587 563
f 585 563 657
f 638 802 563
f 802 657 563
f 579 587 648
f 638 579 648
f 695 587 585
f 585 625 695
f 585 1080 625
f 585 657 1080
f 587 972 648
f 695 972 587
f 602 687 614
f 614 1080 602
f 746 602 671
f 602 1080 671
f 687 602 746
f 614 700 625
f 625 1080 614
f 687 700 614
f 625 700 695
f 1114 638 648
f 1114 802 638
f 648 972 1114
f 879 679 657
f 679 930 657
f 855 657 802
f 855 879 657
f 657 930 1080
f 843 671 686
f 671 1080 686
f 821 746 671
f 843 821 671
f 744 679 879
f 679 744 930
f 945 686 769
f 686 1378 769
f 945 843 686
f 1080 1378 686
f 700 687 972
f 687 746 893
f 687 893 972
f 695 700 972
f 744 879 924
f 744 924 930
f 893 746 821
f 945 769 818
f 769 1378 818
f 1114 855 802
f 1062 945 818
f 818 1378 1062
f 893 821 843
f 893 843 1528
f 1528 843 945
f 879 855 1105
f 1105 855 1114
f 924 879 931
f 933 931 879
f 961 933 879
f 879 1105 961
f 972 893 1350
f 893 1507 1350
f 893 1537 1507
f 893 1528 1537
f 931 930 924
f 933 930 931
f 933 1156 930
f 930 1156 1080
f 933 961 1156
f 1062 1044 945
f 1528 945 1044
f 1086 1156 961
f 1086 961 1224
f 961 1105 1113
f 1126 961 1113
f 961 1126 1192
f 1224 961 1192
f 972 1350 1114
f 1358 1044 1062
f 1044 1358 1518
f 1518 1522 1044
f 1522 1528 1044
f 1062 1268 1358
f 1062 1378 1268
f 1156 1318 1080
f 1318 1378 1080
f 1155 1156 1086
f 1155 1086 1347
f 1086 1224 1266
f 1347 1086 1266
f 1113 1105 1114
f 1126 1113 1114
f 1126 1114 1224
f 1347 1224 1114
f 1347 1114 1350
f 1192 1126 1224
f 1155 1168 1156
f 1347 1168 1155
f 1168 1320 1156
f 1320 1318 1156
f 1168 1195 1263
f 1281 1195 1168
f 1168 1263 1320
f 1281 1168 1347
f 1230 1263 1195
f 1281 1230 1195
f 1347 1266 1224
f 1281 1263 1230
f 1404 1263 1281
f 1409 1320 1263
f 1404 1409 1263
f 1358 1268 1354
f 1354 1268 1379
f 1268 1378 1379
f 1281 1347 1361
f 1281 1361 1376
f 1376 1398 1281
f 1398 1404 1281
f 1320 1342 1318
f 1342 1363 1318
f 1363 1391 1318
f 1318 1392 1378
f 1391 1402 1318
f 1318 1402 1392
f 1320 1502 1342
f 1409 1502 1320
f 1342 1502 1363
f 1361 1347 1350
f 1361 1350 1404
f 1404 1350 1409
f 1409 1350 1502
f 1502 1350 1507
f 1432 1358 1354
f 1354 1379 1480
f 1480 1432 1354
f 1518 1358 1432
f 1376 1361 1398
f 1398 1361 1404
f 1520 1391 1363
f 1502 1520 1363
f 1394 1379 1378
f 1378 1392 1394
f 1379 1394 1511
f 1480 1379 1511
f 1536 1402 1391
f 1536 1391 1520
f 1394 1392 1518
f 1392 1402 1537
f 1518 1392 1522
f 1528 1522 1392
f 1537 1528 1392
f 1511 1394 1518
f 1536 1537 1402
f 1432 1480 1511
f 1518 1432 1511
f 1502 1507 1536
f 1520 1502 1536
f 1536 1507 1537
f 954 923 993
f 923 954 1241
f 1085 993 923
f 1085 923 1207
f 1207 923 1241
f 1184 954 993
f 1241 954 1151
f 1245 1151 954
f 1184 1245 954
f 993 1085 1184
f 1085 1458 1184
f 1207 1597 1085
f 1085 1597 1458
f 1241 1151 1191
f 1191 1151 1352
f 1151 1245 1352
f 1184 1458 1245
f 1191 1334 1241
f 1334 1191 1352
f 1241 1597 1207
f 1241 1334 1384
f 1384 1597 1241
f 1458 1352 1245
f 1334 1352 1383
f 1410 1334 1383
f 1334 1410 1384
f 1458 1383 1352
f 1410 1383 1471
f 1458 1436 1383
f 1471 1383 1436
f 1384 1410 1413
f 1384 1413 1545
f 1384 1545 1597
f 1452 1413 1410
f 1452 1410 1471
f 1413 1452 1618
f 1413 1560 1545
f 1413 1618 1560
f 1458 1479 1436
f 1436 1479 1471
f 1452 1471 1556
f 1492 1452 1554
f 1452 1492 1618
f 1554 1452 1556
f 1458 1523 1479
f 1458 1597 1523
f 1479 1580 1471
f 1556 1471 1575
f 1471 1577 1575
f 1471 1580 1577
f 1523 1524 1479
f 1479 1524 1580
f 1618 1492 1554
f 1523 1614 1524
f 1597 1614 1523
f 1524 1579 1580
f 1524 1638 1579
f 1638 1524 1614
f 1545 1560 1619
f 1545 1675 1597
f 1619 1675 1545
f 1554 1556 1731
f 1619 1618 1554
f 1644 1619 1554
f 1679 1644 1554
f 1730 1679 1554
f 1554 1731 1730
f 1556 1575 1738
f 1738 1731 1556
f 1619 1560 1618
f 1575 1577 1743
f 1738 1575 1743
f 1577 1580 1745
f 1577 1746 1743
f 1577 1745 1746
f 1580 1579 1745
f 1638 1668 1579
f 1668 1745 1579
f 1614 1597 1638
f 1638 1597 1668
f 1597 1675 1668
f 1644 1675 1619
f 1644 1679 1675
f 1668 1675 1746
f 1745 1668 1746
f 1675 1679 1731
f 1675 1731 1738
f 1675 1738 1743
f 1675 1743 1746
f 1679 1730 1731
f 791 628 633
f 633 628 863
f 628 636 863
f 865 636 628
f 791 865 628
f 633 658 827
f 658 633 863
f 791 633 803
f 633 827 803
f 636 644 863
f 865 644 636
f 999 839 644
f 644 839 1007
f 644 1007 863
f 865 999 644
f 685 658 813
f 847 658 685
f 658 863 813
f 827 658 847
f 685 813 753
f 753 977 685
f 977 847 685
f 987 753 813
f 753 987 977
f 791 803 1066
f 791 1066 865
f 803 827 1066
f 813 863 881
f 881 987 813
f 827 847 977
f 827 977 1066
f 1007 839 991
f 991 839 1232
f 1002 839 999
f 1008 839 1002
f 1232 839 1008
f 881 863 914
f 863 986 914
f 863 1007 986
f 999 865 1232
f 1232 865 1066
f 1069 881 914
f 1069 987 881
f 914 986 966
f 966 1069 914
f 1204 966 986
f 1109 1069 966
f 1152 1109 966
f 1152 966 1204
f 977 987 1069
f 977 1069 1066
f 1253 986 1007
f 1213 1204 986
f 1213 986 1253
f 1273 1007 991
f 991 1232 1273
f 999 1008 1002
f 1008 999 1232
f 1273 1253 1007
f 1069 1109 1066
f 1109 1152 1066
f 1066 1152 1213
f 1066 1213 1253
f 1066 1273 1232
f 1066 1253 1273
f 1213 1152 1204
f 998 921 799
f 799 921 1171
f 998 799 1042
f 1042 799 1301
f 799 1171 1214
f 1301 799 1214
f 998 1027 921
f 921 1027 1189
f 1171 921 1189
f 1397 1027 998
f 998 1042 1397
f 1027 1206 1189
f 1346 1206 1027
f 1346 1027 1315
f 1397 1315 1027
f 1116 1042 1301
f 1042 1116 1397
f 1254 1116 1301
f 1254 1397 1116
f 1171 1189 1457
f 1457 1214 1171
f 1457 1189 1206
f 1206 1346 1607
f 1457 1206 1607
f 1214 1457 1301
f 1364 1254 1301
f 1254 1302 1389
f 1302 1254 1395
f 1386 1254 1364
f 1395 1254 1386
f 1254 1389 1397
f 1301 1457 1364
f 1588 1389 1302
f 1588 1302 1395
f 1315 1417 1346
f 1315 1397 1417
f 1346 1417 1401
f 1346 1401 1607
f 1457 1386 1364
f 1395 1386 1588
f 1607 1386 1457
f 1386 1607 1588
f 1415 1397 1389
f 1634 1415 1389
f 1588 1634 1389
f 1415 1478 1397
f 1486 1417 1397
f 1478 1486 1397
f 1469 1401 1417
f 1576 1401 1469
f 1401 1576 1605
f 1401 1605 1607
f 1415 1446 1478
f 1636 1446 1415
f 1634 1636 1415
f 1417 1483 1469
f 1486 1483 1417
f 1478 1446 1636
f 1658 1469 1483
f 1576 1469 1622
f 1658 1622 1469
f 1478 1543 1486
f 1543 1478 1673
f 1673 1478 1636
f 1486 1491 1483
f 1658 1483 1491
f 1500 1491 1486
f 1486 1530 1500
f 1486 1572 1530
f 1543 1593 1486
f 1486 1617 1572
f 1593 1613 1486
f 1613 1617 1486
f 1658 1491 1500
f 1500 1530 1658
f 1572 1710 1530
f 1692 1658 1530
f 1710 1692 1530
f 1543 1590 1593
f 1590 1543 1753
f 1543 1673 1697
f 1727 1543 1697
f 1753 1543 1727
f 1737 1572 1617
f 1737 1710 1572
f 1605 1576 1622
f 1588 1607 1634
f 1613 1593 1590
f 1753 1613 1590
f 1607 1605 1622
f 1658 1607 1622
f 1673 1634 1607
f 1692 1607 1658
f 1673 1607 1695
f 1695 1607 1692
f 1643 1617 1613
f 1643 1613 1753
f 1774 1617 1643
f 1774 1737 1617
f 1673 1636 1634
f 1765 1643 1753
f 1774 1643 1765
f 1697 1673 1695
f 1710 1695 1692
f 1727 1697 1695
f 1737 1695 1710
f 1727 1695 1765
f 1774 1695 1737
f 1765 1695 1774
f 1753 1727 1765
f 753 813 768
f 768 987 753
f 813 753 987
f 794 768 873
f 768 794 987
f 947 768 813
f 873 768 947
f 806 794 873
f 794 806 1013
f 794 1013 987
f 806 873 828
f 1013 806 828
f 813 881 983
f 881 813 987
f 947 813 983
f 873 1073 828
f 1013 828 1073
f 873 947 1073
f 881 914 963
f 1069 914 881
f 963 983 881
f 881 987 1069
f 914 966 963
f 1069 966 914
f 1179 947 983
f 947 1142 1073
f 1142 947 1179
f 966 983 963
f 1204 983 966
f 1109 966 1069
f 1152 966 1109
f 1204 966 1152
f 1179 983 1205
f 1204 1201 983
f 1205 983 1201
f 987 1013 1142
f 987 1179 1069
f 987 1142 1179
f 1013 1073 1142
f 1069 1179 1109
f 1152 1109 1205
f 1179 1205 1109
f 1152 1201 1204
f 1205 1201 1152
f 1551 1550 1628
f 1550 1551 1722
f 1722 1628 1550
f 1552 1551 1689
f 1723 1551 1552
f 1698 1551 1628
f 1689 1551 1698
f 1722 1551 1723
f 1567 1552 1639
f 1552 1567 1736
f 1552 1689 1639
f 1736 1723 1552
f 1567 1639 1579
f 1745 1567 1579
f 1745 1736 1567
f 1579 1639 1745
f 1631 1698 1628
f 1820 1631 1628
f 1722 1820 1628
f 1631 1820 1698
f 1689 1830 1639
f 1639 1830 1745
f 1689 1698 1830
f 1820 1849 1698
f 1698 1856 1830
f 1856 1698 1849
f 1723 1849 1722
f 1722 1849 1820
f 1723 1736 1830
f 1856 1723 1830
f 1849 1723 1856
f 1736 1745 1830
f 790 771 720
f 771 956 720
f 790 720 962
f 950 920 720
f 920 962 720
f 956 950 720
f 842 776 771
f 1014 771 776
f 842 771 790
f 1014 956 771
f 842 780 776
f 1014 776 780
f 780 941 783
f 783 1014 780
f 842 846 780
f 780 846 935
f 935 941 780
f 783 971 836
f 836 1018 783
f 941 952 783
f 952 971 783
f 1018 1014 783
f 989 842 790
f 962 989 790
f 971 884 836
f 884 1041 836
f 1033 1018 836
f 1041 1033 836
f 989 846 842
f 846 989 935
f 884 984 897
f 884 897 1041
f 971 984 884
f 897 984 936
f 897 936 1158
f 897 1096 1041
f 897 1111 1096
f 897 1158 1111
f 962 920 950
f 935 952 941
f 952 935 1144
f 935 989 1004
f 935 1004 1051
f 1107 935 1051
f 935 1107 1136
f 935 1136 1144
f 1104 949 936
f 936 949 1158
f 1061 936 984
f 1061 1104 936
f 949 1086 961
f 949 961 1192
f 1104 1086 949
f 1192 1158 949
f 1004 950 956
f 962 950 1004
f 971 952 1178
f 1147 952 1144
f 1178 952 1147
f 1051 1004 956
f 1051 956 1014
f 961 1086 1224
f 1192 961 1224
f 989 962 1004
f 984 971 1178
f 1061 984 1236
f 1236 984 1178
f 1051 1014 1018
f 1110 1018 1033
f 1107 1051 1018
f 1107 1018 1110
f 1110 1033 1041
f 1110 1041 1096
f 1236 1104 1061
f 1104 1155 1086
f 1086 1155 1347
f 1224 1086 1266
f 1347 1266 1086
f 1110 1096 1111
f 1101 1107 1110
f 1101 1136 1107
f 1101 1110 1136
f 1104 1143 1155
f 1236 1143 1104
f 1277 1110 1111
f 1136 1110 1144
f 1144 1110 1147
f 1147 1110 1178
f 1236 1178 1110
f 1236 1110 1277
f 1158 1277 1111
f 1143 1180 1155
f 1176 1180 1143
f 1176 1143 1236
f 1168 1155 1200
f 1168 1347 1155
f 1155 1180 1200
f 1224 1158 1192
f 1337 1158 1224
f 1325 1277 1158
f 1325 1158 1337
f 1168 1230 1195
f 1195 1281 1168
f 1200 1215 1168
f 1168 1215 1230
f 1281 1347 1168
f 1314 1180 1176
f 1272 1176 1236
f 1283 1176 1272
f 1292 1176 1283
f 1300 1176 1292
f 1176 1300 1314
f 1200 1180 1337
f 1314 1319 1180
f 1325 1180 1319
f 1180 1325 1337
f 1195 1230 1281
f 1215 1200 1347
f 1200 1337 1347
f 1281 1230 1215
f 1215 1347 1281
f 1337 1224 1266
f 1272 1236 1277
f 1347 1337 1266
f 1283 1272 1277
f 1283 1277 1292
f 1292 1277 1300
f 1300 1277 1314
f 1314 1277 1319
f 1277 1325 1319
f 902 934 965
f 934 902 1142
f 902 965 1121
f 1121 1142 902
f 934 947 1081
f 1142 947 934
f 965 934 1165
f 934 1081 1164
f 934 1164 1165
f 1012 947 983
f 983 947 1179
f 1081 947 1012
f 1179 947 1142
f 1053 965 1165
f 965 1053 1288
f 965 1220 1121
f 1220 965 1288
f 1205 1012 983
f 1205 983 1179
f 1081 1012 1255
f 1205 1255 1012
f 1132 1067 1050
f 1264 1050 1067
f 1125 1132 1050
f 1125 1050 1308
f 1308 1050 1264
f 1053 1054 1076
f 1054 1053 1165
f 1288 1053 1076
f 1076 1054 1165
f 1165 1077 1067
f 1067 1077 1299
f 1165 1067 1132
f 1284 1264 1067
f 1284 1067 1299
f 1132 1076 1165
f 1076 1132 1305
f 1288 1076 1297
f 1076 1305 1297
f 1165 1157 1077
f 1299 1077 1157
f 1164 1081 1341
f 1255 1341 1081
f 1121 1220 1142
f 1125 1308 1132
f 1305 1132 1308
f 1142 1220 1179
f 1165 1271 1157
f 1157 1271 1193
f 1299 1157 1193
f 1164 1271 1165
f 1164 1270 1271
f 1341 1270 1164
f 1255 1205 1179
f 1220 1288 1179
f 1359 1255 1179
f 1288 1359 1179
f 1271 1357 1193
f 1299 1193 1340
f 1340 1193 1357
f 1359 1341 1255
f 1343 1264 1284
f 1343 1308 1264
f 1271 1270 1357
f 1341 1447 1270
f 1270 1447 1357
f 1359 1284 1299
f 1359 1343 1284
f 1297 1359 1288
f 1297 1305 1359
f 1359 1299 1340
f 1305 1308 1335
f 1305 1335 1359
f 1308 1343 1335
f 1335 1343 1348
f 1335 1348 1359
f 1451 1340 1357
f 1359 1340 1451
f 1359 1451 1341
f 1341 1451 1447
f 1348 1343 1359
f 1451 1357 1447
f 750 786 906
f 786 750 1003
f 858 750 906
f 750 858 1047
f 1003 750 978
f 978 750 1047
f 916 786 787
f 787 786 1003
f 906 786 916
f 815 787 828
f 787 815 901
f 1003 828 787
f 901 916 787
f 815 828 902
f 815 902 901
f 902 828 1073
f 1003 1034 828
f 828 1034 1073
f 858 906 899
f 899 1047 858
f 906 916 899
f 899 916 1128
f 1128 1047 899
f 901 902 916
f 1121 916 902
f 902 1073 1121
f 1121 1120 916
f 916 1120 1135
f 916 1135 1128
f 1003 978 1135
f 1135 978 1047
f 1034 1003 1120
f 1135 1120 1003
f 1073 1034 1121
f 1034 1120 1121
f 1135 1047 1128
f 867 904 862
f 867 862 1058
f 904 1058 862
f 869 976 867
f 869 867 1058
f 867 976 904
f 869 1145 976
f 869 1058 1083
f 869 1083 1145
f 904 964 938
f 904 938 1058
f 976 964 904
f 938 964 1108
f 938 1089 1058
f 938 1108 1089
f 974 939 1032
f 939 974 1130
f 939 1023 1032
f 1023 939 1130
f 1022 964 976
f 1055 1021 964
f 1108 964 1021
f 1055 964 1022
f 974 1032 1233
f 974 1185 1130
f 1185 974 1233
f 1203 1022 976
f 1145 1203 976
f 1055 1259 1021
f 1108 1021 1259
f 1055 1022 1032
f 1219 1032 1022
f 1203 1219 1022
f 1023 1055 1032
f 1023 1251 1055
f 1023 1130 1251
f 1219 1233 1032
f 1055 1251 1259
f 1083 1058 1145
f 1058 1089 1247
f 1145 1058 1247
f 1260 1089 1108
f 1247 1089 1260
f 1108 1259 1260
f 1185 1182 1130
f 1247 1130 1182
f 1247 1249 1130
f 1251 1130 1249
f 1203 1145 1247
f 1182 1185 1233
f 1247 1182 1233
f 1219 1203 1247
f 1233 1219 1247
f 1249 1247 1251
f 1251 1247 1260
f 1259 1251 1260
f 17 27 20
f 17 20 45
f 65 27 17
f 58 17 45
f 58 65 17
f 20 27 23
f 23 45 20
f 24 45 23
f 24 23 149
f 27 33 23
f 33 122 23
f 154 23 122
f 149 23 151
f 151 23 154
f 25 45 24
f 25 24 149
f 48 25 30
f 25 140 30
f 48 45 25
f 25 147 140
f 147 25 149
f 27 65 33
f 30 44 55
f 44 30 138
f 55 48 30
f 140 138 30
f 35 32 53
f 35 86 32
f 32 49 51
f 32 61 49
f 53 32 51
f 62 61 32
f 62 32 74
f 32 86 74
f 65 42 33
f 42 68 33
f 68 122 33
f 36 35 53
f 36 86 35
f 44 36 55
f 44 138 36
f 53 55 36
f 36 134 86
f 138 134 36
f 76 42 65
f 76 68 42
f 46 58 45
f 46 45 158
f 158 45 48
f 47 58 46
f 47 46 165
f 46 158 161
f 161 165 46
f 50 58 47
f 47 165 50
f 48 55 146
f 146 158 48
f 51 49 102
f 102 49 61
f 58 50 132
f 165 132 50
f 135 53 51
f 51 102 118
f 118 135 51
f 55 53 143
f 143 53 135
f 55 143 146
f 59 65 58
f 59 58 132
f 65 59 76
f 76 59 174
f 59 132 174
f 61 62 102
f 102 62 74
f 76 66 67
f 67 66 103
f 76 75 66
f 66 75 77
f 87 66 77
f 93 66 87
f 103 66 93
f 76 67 68
f 67 122 68
f 67 103 122
f 82 74 91
f 74 82 102
f 74 86 91
f 75 76 77
f 76 174 77
f 87 77 182
f 77 174 182
f 82 91 135
f 102 82 118
f 118 82 135
f 86 99 91
f 108 99 86
f 116 108 86
f 131 116 86
f 134 131 86
f 87 183 93
f 183 87 182
f 91 99 116
f 91 116 135
f 93 95 103
f 95 93 198
f 93 183 198
f 95 113 103
f 95 156 113
f 137 129 95
f 95 129 156
f 137 95 198
f 99 108 116
f 103 109 104
f 103 104 122
f 113 109 103
f 109 117 104
f 104 117 122
f 113 117 109
f 113 156 117
f 131 143 116
f 143 135 116
f 117 228 122
f 156 225 117
f 117 225 228
f 122 155 154
f 122 164 155
f 122 231 164
f 228 231 122
f 129 137 205
f 129 191 156
f 191 129 205
f 146 131 134
f 146 143 131
f 169 132 165
f 132 169 171
f 170 132 171
f 174 132 170
f 138 146 134
f 137 193 187
f 137 187 211
f 193 137 198
f 205 137 211
f 158 138 140
f 158 146 138
f 161 140 147
f 161 158 140
f 147 149 165
f 147 165 161
f 149 151 165
f 167 151 154
f 151 167 165
f 169 154 155
f 169 167 154
f 164 208 155
f 171 169 155
f 171 155 170
f 182 170 155
f 155 183 182
f 155 208 183
f 156 191 188
f 156 188 225
f 235 208 164
f 164 231 235
f 165 167 169
f 182 174 170
f 183 208 198
f 188 202 187
f 225 188 187
f 193 225 187
f 187 202 205
f 187 205 210
f 187 210 211
f 188 191 202
f 205 202 191
f 198 228 193
f 228 225 193
f 198 208 231
f 231 228 198
f 210 205 221
f 211 221 205
f 235 231 208
f 211 210 221
f 592 610 691
f 592 793 610
f 681 592 691
f 592 681 835
f 592 784 755
f 592 755 793
f 784 592 835
f 691 610 729
f 610 822 729
f 793 822 610
f 681 691 835
f 786 691 729
f 750 691 786
f 835 691 750
f 731 729 733
f 786 729 731
f 729 822 733
f 815 731 733
f 786 731 787
f 787 731 815
f 733 737 815
f 733 822 737
f 737 740 806
f 737 822 740
f 737 806 828
f 815 737 828
f 806 740 794
f 740 913 794
f 822 845 740
f 845 882 740
f 882 913 740
f 750 786 1003
f 835 750 860
f 860 750 915
f 915 750 978
f 750 1003 978
f 793 755 784
f 793 784 905
f 784 835 860
f 784 860 905
f 786 787 1003
f 787 815 828
f 787 828 1003
f 793 905 822
f 794 1013 806
f 913 918 794
f 794 918 1013
f 828 806 1013
f 822 905 845
f 828 1034 1003
f 828 1013 1073
f 1073 1034 828
f 845 905 882
f 860 915 905
f 882 905 913
f 913 905 918
f 905 915 1003
f 905 1034 918
f 905 1003 1034
f 1003 915 978
f 918 1073 1013
f 918 1034 1073
f 935 1017 975
f 975 1144 935
f 935 995 1017
f 1144 995 935
f 1017 1000 975
f 975 1000 1144
f 1009 1025 995
f 1144 1009 995
f 1025 1017 995
f 1017 1011 1000
f 1000 1011 1144
f 1183 1025 1009
f 1183 1009 1144
f 1016 1011 1017
f 1144 1011 1016
f 1045 1016 1017
f 1016 1045 1186
f 1144 1016 1174
f 1016 1186 1174
f 1067 1017 1025
f 1077 1045 1017
f 1077 1017 1067
f 1183 1067 1025
f 1077 1157 1045
f 1045 1157 1088
f 1186 1045 1088
f 1299 1077 1067
f 1212 1067 1183
f 1212 1234 1067
f 1234 1299 1067
f 1299 1157 1077
f 1157 1153 1088
f 1088 1153 1310
f 1243 1186 1088
f 1088 1310 1243
f 1144 1174 1212
f 1212 1183 1144
f 1157 1193 1153
f 1310 1153 1193
f 1299 1193 1157
f 1234 1174 1186
f 1234 1212 1174
f 1234 1186 1243
f 1340 1193 1299
f 1333 1310 1193
f 1333 1193 1357
f 1357 1193 1340
f 1243 1299 1234
f 1340 1299 1243
f 1310 1340 1243
f 1340 1310 1333
f 1340 1333 1357
f 1375 1435 1529
f 1435 1375 1533
f 1375 1529 1671
f 1533 1375 1715
f 1715 1375 1671
f 1529 1435 1489
f 1489 1435 1578
f 1559 1435 1533
f 1578 1435 1559
f 1529 1489 1525
f 1525 1489 1557
f 1557 1489 1578
f 1529 1525 1641
f 1557 1748 1525
f 1525 1653 1641
f 1525 1682 1653
f 1525 1748 1682
f 1641 1764 1529
f 1529 1764 1671
f 1559 1533 1783
f 1777 1533 1715
f 1783 1533 1777
f 1557 1578 1604
f 1557 1604 1584
f 1557 1584 1748
f 1578 1559 1783
f 1604 1578 1783
f 1584 1604 1616
f 1584 1616 1650
f 1748 1584 1650
f 1616 1604 1783
f 1846 1650 1616
f 1744 1616 1670
f 1670 1616 1821
f 1744 1846 1616
f 1783 1821 1616
f 1653 1764 1641
f 1846 1704 1650
f 1704 1864 1650
f 1748 1650 1751
f 1650 1801 1751
f 1650 1864 1801
f 1653 1682 1764
f 1744 1670 1917
f 1670 1821 1825
f 1917 1670 1825
f 1671 1764 1715
f 1682 1748 1751
f 1682 1751 1764
f 1781 1704 1846
f 1781 1907 1704
f 1907 1864 1704
f 1715 1764 1777
f 1744 1763 1863
f 1763 1744 1917
f 1863 1846 1744
f 1764 1751 1801
f 1763 1862 1871
f 1917 1862 1763
f 1763 1871 1863
f 1764 1783 1777
f 1764 1825 1783
f 1764 1801 1982
f 1764 1982 1825
f 1785 1781 1843
f 1908 1781 1785
f 1843 1781 1846
f 1907 1781 1908
f 1783 1825 1821
f 1791 1785 1841
f 1915 1785 1791
f 1785 1843 1841
f 1915 1908 1785
f 1791 1841 1835
f 1791 1835 1915
f 1801 1864 1982
f 1825 1982 1917
f 1841 1968 1835
f 1915 1835 1968
f 1841 1843 1980
f 1841 1980 1968
f 1980 1843 1846
f 1863 1885 1846
f 1885 1984 1846
f 1980 1846 1984
f 1885 1871 1862
f 1885 1862 1917
f 1885 1863 1871
f 1864 1907 1982
f 1885 1917 1961
f 1961 1986 1885
f 1885 1992 1984
f 1986 1992 1885
f 1907 1908 1982
f 1908 1915 1980
f 1908 1980 1984
f 1908 1984 1982
f 1915 1968 1980
f 1961 1917 1986
f 1917 1982 1986
f 1984 1985 1982
f 1985 1987 1982
f 1982 1988 1986
f 1982 1987 1988
f 1984 1992 1985
f 1985 1988 1987
f 1985 1992 1988
f 1986 1988 1992
f 121 111 126
f 111 121 194
f 126 111 152
f 111 194 152
f 144 121 126
f 175 121 144
f 121 175 195
f 194 121 244
f 121 195 233
f 121 233 244
f 144 126 206
f 126 152 206
f 157 175 144
f 144 206 157
f 173 152 194
f 206 152 173
f 175 157 223
f 157 206 179
f 157 179 223
f 209 173 194
f 206 173 207
f 254 207 173
f 209 254 173
f 175 176 195
f 176 175 223
f 176 190 195
f 176 223 190
f 179 206 203
f 203 239 179
f 223 179 239
f 190 233 195
f 190 223 203
f 233 190 203
f 194 244 209
f 203 206 220
f 226 203 220
f 223 239 203
f 226 241 203
f 203 244 233
f 241 244 203
f 206 207 237
f 220 206 226
f 206 237 226
f 237 207 254
f 209 244 254
f 226 237 241
f 241 237 254
f 254 244 241
f 440 485 439
f 439 524 440
f 485 489 439
f 489 550 439
f 550 524 439
f 440 558 485
f 520 440 524
f 520 558 440
f 489 485 510
f 532 510 485
f 485 558 532
f 550 489 510
f 510 532 550
f 522 520 524
f 520 522 558
f 522 524 550
f 558 522 550
f 532 659 550
f 558 659 532
f 558 550 659
f 221 261 205
f 221 205 300
f 205 261 238
f 300 205 238
f 221 224 270
f 221 300 224
f 221 284 261
f 270 284 221
f 270 224 337
f 224 300 337
f 261 327 238
f 276 300 238
f 238 327 276
f 261 284 327
f 301 284 270
f 301 270 337
f 276 322 300
f 315 276 304
f 276 327 304
f 276 315 322
f 301 325 284
f 284 325 327
f 319 300 322
f 300 319 337
f 342 325 301
f 301 337 342
f 304 327 315
f 315 327 322
f 319 322 341
f 319 335 337
f 335 319 341
f 327 412 322
f 322 343 341
f 322 412 343
f 381 327 325
f 347 325 342
f 347 381 325
f 327 381 497
f 327 497 412
f 337 335 361
f 352 335 341
f 335 352 361
f 354 342 337
f 354 337 361
f 352 341 343
f 342 349 347
f 354 349 342
f 343 379 352
f 412 379 343
f 347 349 425
f 347 425 381
f 358 349 354
f 349 358 425
f 361 352 379
f 447 358 354
f 447 354 361
f 358 447 425
f 361 379 518
f 447 361 490
f 361 507 490
f 361 518 507
f 430 379 412
f 518 379 430
f 425 497 381
f 496 430 412
f 445 496 412
f 445 412 497
f 462 425 447
f 425 462 497
f 498 430 496
f 518 430 498
f 459 496 445
f 445 497 459
f 463 462 447
f 476 463 447
f 476 447 490
f 477 496 459
f 497 477 459
f 478 462 463
f 462 478 497
f 476 508 463
f 478 463 508
f 476 490 494
f 476 494 508
f 487 496 477
f 517 487 477
f 517 477 497
f 478 528 497
f 508 528 478
f 498 496 487
f 517 498 487
f 494 490 504
f 490 507 504
f 494 504 508
f 497 569 517
f 497 528 569
f 523 498 517
f 498 523 518
f 504 507 525
f 508 504 509
f 504 525 509
f 507 518 593
f 525 507 565
f 633 565 507
f 507 593 594
f 633 507 594
f 509 528 508
f 525 542 509
f 509 542 528
f 517 560 523
f 517 569 560
f 523 600 518
f 593 518 591
f 518 600 591
f 523 560 545
f 523 545 600
f 597 542 525
f 565 597 525
f 528 542 597
f 528 554 576
f 554 528 738
f 528 576 569
f 528 597 640
f 528 640 803
f 528 732 724
f 528 724 738
f 528 803 732
f 560 575 545
f 575 576 545
f 595 545 576
f 595 623 545
f 600 545 606
f 545 623 606
f 554 595 576
f 554 738 595
f 560 569 575
f 565 640 597
f 803 565 633
f 803 640 565
f 569 576 575
f 593 591 724
f 591 600 745
f 738 724 591
f 738 591 745
f 633 594 593
f 633 593 724
f 595 778 623
f 738 745 595
f 595 745 778
f 600 606 745
f 623 778 606
f 778 745 606
f 633 724 732
f 803 633 732
f 952 935 941
f 935 975 941
f 952 1144 935
f 1144 975 935
f 952 941 1000
f 975 1000 941
f 1000 971 952
f 1178 952 971
f 1147 1144 952
f 1147 952 1178
f 1011 984 971
f 984 1178 971
f 1000 1011 971
f 1000 975 1144
f 1016 984 1011
f 1045 984 1016
f 1141 984 1045
f 1141 1061 984
f 1236 984 1061
f 1236 1178 984
f 1011 1000 1144
f 1016 1011 1144
f 1045 1016 1186
f 1174 1016 1144
f 1016 1174 1186
f 1088 1141 1045
f 1088 1045 1186
f 1141 1104 1061
f 1236 1061 1104
f 1153 1141 1088
f 1310 1153 1088
f 1088 1186 1243
f 1088 1243 1310
f 1141 1143 1104
f 1143 1236 1104
f 1141 1176 1143
f 1153 1193 1141
f 1176 1141 1295
f 1193 1271 1141
f 1141 1275 1267
f 1141 1267 1290
f 1271 1275 1141
f 1141 1290 1326
f 1141 1298 1295
f 1141 1324 1298
f 1141 1326 1324
f 1143 1176 1236
f 1174 1144 1147
f 1174 1147 1186
f 1147 1178 1243
f 1147 1243 1186
f 1310 1193 1153
f 1180 1176 1291
f 1176 1180 1314
f 1176 1272 1236
f 1176 1283 1272
f 1176 1292 1283
f 1176 1295 1291
f 1300 1292 1176
f 1314 1300 1176
f 1243 1178 1236
f 1180 1261 1200
f 1200 1337 1180
f 1180 1291 1261
f 1319 1314 1180
f 1180 1325 1319
f 1337 1325 1180
f 1193 1357 1271
f 1310 1333 1193
f 1357 1193 1333
f 1261 1215 1200
f 1200 1215 1347
f 1200 1347 1337
f 1215 1261 1281
f 1281 1347 1215
f 1243 1236 1272
f 1272 1310 1243
f 1261 1291 1281
f 1275 1290 1267
f 1270 1275 1271
f 1270 1271 1357
f 1270 1447 1275
f 1270 1357 1447
f 1283 1333 1272
f 1333 1310 1272
f 1275 1437 1290
f 1447 1437 1275
f 1291 1408 1281
f 1361 1347 1281
f 1376 1361 1281
f 1281 1398 1376
f 1281 1408 1398
f 1437 1283 1292
f 1333 1283 1357
f 1357 1283 1447
f 1447 1283 1437
f 1326 1290 1443
f 1437 1443 1290
f 1291 1295 1440
f 1291 1423 1408
f 1291 1440 1423
f 1292 1300 1460
f 1437 1292 1443
f 1443 1292 1460
f 1440 1295 1298
f 1324 1454 1298
f 1298 1454 1440
f 1460 1300 1314
f 1314 1319 1372
f 1460 1314 1372
f 1319 1325 1372
f 1326 1336 1324
f 1324 1336 1454
f 1325 1337 1372
f 1336 1326 1443
f 1470 1336 1443
f 1454 1336 1468
f 1336 1504 1468
f 1513 1336 1470
f 1336 1513 1504
f 1361 1337 1347
f 1372 1337 1361
f 1372 1361 1408
f 1408 1361 1376
f 1372 1408 1423
f 1440 1372 1423
f 1454 1372 1440
f 1460 1372 1454
f 1408 1376 1398
f 1470 1443 1460
f 1460 1454 1468
f 1460 1468 1504
f 1470 1460 1504
f 1513 1470 1504
f 830 951 833
f 833 1036 830
f 922 951 830
f 922 830 1052
f 1031 1029 830
f 1029 1040 830
f 830 1036 1031
f 1052 830 1040
f 951 857 833
f 833 857 1071
f 1071 1036 833
f 951 887 857
f 857 887 1106
f 857 1075 1071
f 857 1094 1075
f 1106 1094 857
f 951 992 887
f 887 992 1106
f 938 960 922
f 1108 938 922
f 960 951 922
f 922 1052 1108
f 1108 960 938
f 988 951 960
f 988 1001 951
f 951 1039 992
f 1001 1039 951
f 1108 988 960
f 1108 1001 988
f 992 1028 1009
f 1106 992 1009
f 1039 1028 992
f 1039 1001 1225
f 1138 1001 1108
f 1208 1001 1138
f 1208 1225 1001
f 1028 1183 1009
f 1106 1009 1159
f 1009 1183 1159
f 1050 1028 1039
f 1028 1050 1183
f 1029 1031 1043
f 1040 1029 1043
f 1043 1031 1036
f 1043 1036 1084
f 1036 1071 1084
f 1050 1039 1225
f 1040 1043 1052
f 1052 1043 1138
f 1043 1084 1060
f 1043 1060 1138
f 1050 1239 1183
f 1050 1225 1244
f 1264 1239 1050
f 1050 1244 1264
f 1138 1108 1052
f 1060 1084 1094
f 1060 1094 1106
f 1208 1060 1106
f 1138 1060 1208
f 1084 1071 1075
f 1084 1075 1094
f 1106 1159 1208
f 1239 1159 1183
f 1208 1159 1225
f 1244 1225 1159
f 1244 1159 1239
f 1244 1239 1264
f 570 586 561
f 561 687 570
f 561 647 584
f 584 650 561
f 586 612 561
f 561 612 622
f 561 622 647
f 561 650 687
f 570 671 586
f 570 602 671
f 570 687 602
f 637 584 647
f 821 584 637
f 746 650 584
f 821 746 584
f 601 612 586
f 586 686 601
f 586 671 686
f 601 769 612
f 601 686 769
f 671 602 746
f 602 687 746
f 622 612 769
f 622 1074 647
f 622 769 818
f 622 818 1074
f 637 647 641
f 945 637 641
f 821 637 843
f 843 637 945
f 647 643 641
f 641 643 653
f 641 653 1044
f 1044 945 641
f 797 643 647
f 797 653 643
f 647 1074 797
f 687 650 746
f 912 653 797
f 653 912 1196
f 1044 653 1196
f 671 843 686
f 671 746 821
f 671 821 843
f 769 686 945
f 686 843 945
f 761 898 773
f 773 1102 761
f 973 898 761
f 761 1087 973
f 1102 1087 761
f 769 945 818
f 773 898 785
f 785 1074 773
f 1074 1102 773
f 785 908 797
f 797 1074 785
f 785 898 908
f 908 912 797
f 818 945 1062
f 1074 818 1062
f 908 898 973
f 912 908 1196
f 908 973 1196
f 945 1044 1062
f 973 1087 1196
f 1044 1358 1062
f 1358 1044 1196
f 1062 1268 1074
f 1358 1268 1062
f 1074 1134 1102
f 1074 1354 1134
f 1074 1268 1354
f 1102 1338 1087
f 1087 1338 1196
f 1102 1134 1395
f 1102 1368 1338
f 1102 1395 1368
f 1134 1354 1302
f 1302 1395 1134
f 1368 1196 1338
f 1358 1196 1432
f 1196 1368 1480
f 1432 1196 1480
f 1358 1354 1268
f 1354 1395 1302
f 1358 1432 1354
f 1480 1395 1354
f 1432 1480 1354
f 1480 1368 1395
f 1472 1485 1481
f 1481 1676 1472
f 1485 1472 1755
f 1472 1676 1568
f 1568 1721 1472
f 1472 1721 1755
f 1481 1485 1534
f 1534 1701 1481
f 1701 1676 1481
f 1534 1485 1544
f 1485 1755 1544
f 1674 1534 1544
f 1628 1550 1534
f 1550 1722 1534
f 1628 1534 1674
f 1722 1701 1534
f 1630 1544 1570
f 1544 1755 1570
f 1630 1674 1544
f 1550 1628 1722
f 1568 1676 1721
f 1823 1630 1570
f 1823 1570 1755
f 1699 1631 1628
f 1628 1631 1820
f 1699 1628 1674
f 1820 1722 1628
f 1823 1674 1630
f 1789 1698 1631
f 1631 1698 1820
f 1789 1631 1699
f 1823 1699 1674
f 1676 1701 1829
f 1721 1676 1829
f 1856 1698 1789
f 1849 1820 1698
f 1849 1698 1856
f 1699 1835 1789
f 1699 1791 1835
f 1699 1915 1791
f 1823 1829 1699
f 1858 1699 1829
f 1699 1858 1915
f 1701 1722 1820
f 1820 1914 1701
f 1701 1858 1829
f 1701 1914 1858
f 1755 1721 1823
f 1823 1721 1829
f 1914 1789 1835
f 1865 1856 1789
f 1865 1789 1914
f 1791 1915 1835
f 1849 1865 1820
f 1865 1914 1820
f 1968 1914 1835
f 1835 1915 1968
f 1849 1856 1865
f 1858 1914 1968
f 1858 1968 1915
f 839 852 940
f 839 1002 852
f 940 1002 839
f 885 944 852
f 885 852 1093
f 940 852 944
f 852 1002 1093
f 868 864 1026
f 864 868 1090
f 864 1090 1026
f 885 868 880
f 880 868 1005
f 1090 868 885
f 868 1092 1005
f 868 1026 1092
f 880 981 885
f 880 1005 981
f 981 944 885
f 1090 885 1103
f 885 1093 1103
f 940 944 1187
f 1187 1002 940
f 944 981 1198
f 1187 944 1198
f 981 1005 1280
f 1198 981 1280
f 1002 1187 1093
f 1005 1092 1280
f 1090 1172 1026
f 1026 1280 1092
f 1172 1280 1026
f 1090 1103 1172
f 1093 1280 1103
f 1187 1198 1093
f 1198 1280 1093
f 1280 1172 1103
f 1757 1685 1724
f 1685 1836 1724
f 1757 1836 1685
f 1728 1845 1724
f 1724 1887 1728
f 1724 1845 1757
f 1724 1836 1848
f 1724 1848 1887
f 1728 1807 1861
f 1728 1887 1807
f 1845 1728 1861
f 1757 1853 1836
f 1933 1757 1845
f 1757 1906 1853
f 1933 1906 1757
f 1807 1828 1866
f 1828 1807 1939
f 1807 1866 1861
f 1807 1887 1939
f 1819 1861 1824
f 1954 1819 1824
f 1860 1861 1819
f 1954 1860 1819
f 1861 1873 1824
f 1954 1824 1873
f 1866 1828 1971
f 1958 1828 1939
f 1971 1828 1958
f 1848 1836 1853
f 1852 1845 1860
f 1852 1933 1845
f 1845 1861 1860
f 1848 1853 1859
f 1848 1859 1887
f 1860 1962 1852
f 1962 1933 1852
f 1853 1906 1859
f 1887 1859 1971
f 1859 1906 1933
f 1983 1859 1933
f 1971 1859 1983
f 1860 1954 1962
f 1866 1905 1861
f 1861 1905 1873
f 1866 1878 1905
f 1997 1878 1866
f 1997 1866 1971
f 1954 1873 1905
f 1969 1905 1878
f 1969 1878 1993
f 1997 1993 1878
f 1971 1939 1887
f 1969 1954 1905
f 1933 1962 1983
f 1958 1939 1971
f 1954 1972 1962
f 1972 1954 1969
f 1962 1972 1983
f 1983 1972 1969
f 1983 1969 1997
f 1997 1969 1993
f 1971 1983 1997
f 1 3 2
f 1 2 18
f 1 19 3
f 4 1 7
f 1 4 10
f 7 1 18
f 1 10 19
f 2 3 12
f 18 2 12
f 3 14 12
f 3 13 14
f 3 37 13
f 3 19 37
f 7 5 4
f 5 10 4
f 18 5 7
f 5 15 10
f 5 54 15
f 54 5 18
f 8 6 9
f 34 6 8
f 21 9 6
f 6 34 13
f 6 13 37
f 21 6 37
f 8 9 11
f 8 11 34
f 9 29 11
f 9 21 29
f 19 10 15
f 17 11 27
f 17 34 11
f 11 29 27
f 12 14 16
f 12 16 18
f 13 34 14
f 16 14 72
f 14 34 38
f 14 38 57
f 57 65 14
f 65 75 14
f 72 14 90
f 75 77 14
f 79 14 77
f 14 79 90
f 15 37 19
f 37 15 67
f 54 104 15
f 15 66 67
f 15 103 66
f 15 104 103
f 18 16 39
f 39 16 64
f 16 72 64
f 27 65 17
f 17 38 34
f 17 40 38
f 17 41 40
f 17 43 41
f 17 45 43
f 17 58 45
f 17 65 58
f 54 18 39
f 21 37 29
f 29 33 27
f 33 65 27
f 37 33 29
f 37 42 33
f 65 33 42
f 37 67 42
f 50 38 40
f 57 38 50
f 39 64 54
f 41 47 40
f 47 50 40
f 41 43 47
f 76 65 42
f 42 67 68
f 68 76 42
f 43 45 46
f 46 47 43
f 45 58 46
f 46 58 47
f 47 58 50
f 57 50 58
f 64 70 54
f 70 109 54
f 54 109 104
f 57 58 59
f 57 59 65
f 65 59 58
f 64 72 70
f 65 76 75
f 66 76 67
f 66 75 76
f 77 75 66
f 87 77 66
f 66 93 87
f 93 66 103
f 68 67 76
f 70 72 90
f 70 90 100
f 70 100 109
f 79 77 87
f 79 87 93
f 90 79 101
f 101 79 93
f 100 90 101
f 95 101 93
f 95 93 103
f 129 101 95
f 113 95 103
f 113 156 95
f 156 129 95
f 100 101 129
f 109 100 113
f 100 156 113
f 100 129 156
f 104 109 103
f 109 113 103
f 736 706 699
f 706 757 699
f 736 699 824
f 699 743 742
f 699 742 824
f 757 743 699
f 709 706 736
f 709 757 706
f 707 708 736
f 707 757 708
f 711 707 736
f 707 711 757
f 708 709 736
f 708 757 709
f 711 736 994
f 711 739 756
f 739 711 953
f 711 756 757
f 953 711 994
f 736 824 1006
f 736 1396 994
f 736 1006 1079
f 736 1079 1296
f 1296 1405 736
f 736 1405 1396
f 739 779 756
f 838 779 739
f 895 838 739
f 739 953 895
f 812 742 743
f 742 812 824
f 757 1150 743
f 743 1150 812
f 756 1150 757
f 779 838 756
f 838 1150 756
f 812 1006 824
f 812 1131 1006
f 812 1150 1131
f 923 838 895
f 1085 838 923
f 838 1085 1190
f 838 1190 1150
f 923 895 953
f 953 1085 923
f 994 1085 953
f 1190 1085 994
f 1190 994 1211
f 1332 1211 994
f 1332 994 1396
f 1131 1079 1006
f 1079 1131 1163
f 1079 1163 1296
f 1131 1150 1269
f 1163 1131 1194
f 1194 1131 1269
f 1190 1211 1150
f 1211 1332 1150
f 1332 1269 1150
f 1296 1163 1194
f 1194 1269 1221
f 1323 1194 1221
f 1296 1194 1323
f 1221 1269 1311
f 1221 1311 1426
f 1323 1221 1568
f 1221 1426 1568
f 1311 1269 1332
f 1296 1323 1472
f 1296 1433 1405
f 1296 1472 1433
f 1442 1311 1332
f 1426 1311 1568
f 1508 1311 1442
f 1311 1508 1568
f 1472 1323 1568
f 1442 1332 1396
f 1396 1405 1508
f 1396 1508 1442
f 1508 1405 1433
f 1472 1568 1433
f 1568 1508 1433
f 1590 1602 1598
f 1612 1590 1598
f 1602 1590 1753
f 1612 1753 1590
f 1602 1611 1598
f 1598 1611 1612
f 1795 1611 1602
f 1795 1602 1753
f 1615 1612 1611
f 1795 1615 1611
f 1615 1659 1612
f 1659 1753 1612
f 1754 1659 1615
f 1665 1754 1615
f 1665 1615 1795
f 1754 1720 1659
f 1720 1790 1659
f 1790 1753 1659
f 1696 1741 1665
f 1696 1665 1833
f 1741 1754 1665
f 1795 1833 1665
f 1741 1696 1869
f 1833 1869 1696
f 1754 1734 1720
f 1734 1857 1720
f 1720 1797 1790
f 1851 1797 1720
f 1857 1851 1720
f 1754 1747 1734
f 1734 1747 1857
f 1752 1754 1741
f 1741 1900 1752
f 1869 1900 1741
f 1754 1758 1747
f 1747 1758 1857
f 1794 1754 1752
f 1900 1794 1752
f 1795 1753 1790
f 1754 1768 1758
f 1767 1768 1754
f 1772 1767 1754
f 1794 1772 1754
f 1758 1768 1771
f 1758 1771 1857
f 1767 1890 1768
f 1772 1890 1767
f 1771 1768 1898
f 1768 1890 1898
f 1771 1888 1857
f 1771 1898 1888
f 1800 1772 1794
f 1890 1772 1800
f 1883 1795 1790
f 1790 1797 1883
f 1926 1800 1794
f 1900 1926 1794
f 1869 1833 1795
f 1869 1795 1883
f 1883 1797 1851
f 1895 1890 1800
f 1901 1895 1800
f 1918 1901 1800
f 1918 1800 1926
f 1883 1851 1857
f 1883 1857 1888
f 1918 1869 1883
f 1918 1900 1869
f 1883 1888 1890
f 1883 1890 1895
f 1901 1883 1895
f 1918 1883 1901
f 1890 1888 1898
f 1918 1926 1900
f 940 944 957
f 944 940 1187
f 1187 940 957
f 981 957 944
f 981 944 1198
f 1198 944 1187
f 981 1059 957
f 1059 1187 957
f 981 1005 1059
f 1280 1005 981
f 1198 1280 981
f 1059 1005 1078
f 1005 1092 1078
f 1092 1005 1280
f 1092 1026 1169
f 1026 1092 1280
f 1118 1169 1026
f 1328 1118 1026
f 1280 1172 1026
f 1328 1026 1172
f 1078 1187 1059
f 1078 1092 1140
f 1137 1078 1140
f 1078 1137 1187
f 1092 1169 1140
f 1169 1118 1328
f 1140 1306 1137
f 1137 1229 1187
f 1137 1306 1229
f 1140 1169 1294
f 1140 1217 1306
f 1217 1140 1419
f 1294 1419 1140
f 1294 1169 1328
f 1172 1280 1377
f 1172 1377 1328
f 1187 1229 1198
f 1229 1538 1198
f 1538 1280 1198
f 1217 1227 1306
f 1351 1227 1217
f 1419 1351 1217
f 1227 1367 1306
f 1227 1351 1474
f 1418 1367 1227
f 1227 1474 1418
f 1229 1306 1538
f 1538 1377 1280
f 1294 1328 1377
f 1419 1294 1377
f 1367 1538 1306
f 1419 1424 1351
f 1351 1424 1601
f 1601 1474 1351
f 1474 1367 1418
f 1601 1367 1474
f 1581 1538 1367
f 1581 1367 1601
f 1377 1424 1419
f 1377 1538 1424
f 1581 1424 1538
f 1603 1424 1581
f 1603 1601 1424
f 1581 1601 1603
f 1590 1598 1593
f 1613 1590 1593
f 1612 1598 1590
f 1612 1590 1753
f 1613 1753 1590
f 1598 1612 1593
f 1612 1613 1593
f 1659 1613 1612
f 1659 1612 1753
f 1659 1643 1613
f 1613 1643 1753
f 1659 1720 1643
f 1643 1734 1687
f 1643 1687 1774
f 1643 1720 1734
f 1643 1765 1753
f 1774 1765 1643
f 1659 1790 1720
f 1790 1659 1753
f 1734 1702 1687
f 1687 1702 1844
f 1774 1687 1842
f 1842 1687 1844
f 1734 1747 1702
f 1747 1742 1702
f 1702 1742 1844
f 1720 1857 1734
f 1790 1797 1720
f 1797 1851 1720
f 1851 1857 1720
f 1857 1747 1734
f 1747 1758 1742
f 1758 1761 1742
f 1844 1742 1761
f 1857 1758 1747
f 1753 1765 1790
f 1758 1771 1761
f 1857 1771 1758
f 1844 1761 1771
f 1797 1765 1774
f 1790 1765 1797
f 1844 1771 1889
f 1857 1888 1771
f 1888 1898 1771
f 1889 1771 1898
f 1851 1797 1774
f 1851 1774 1842
f 1844 1888 1842
f 1851 1842 1857
f 1888 1857 1842
f 1889 1888 1844
f 1888 1889 1898
f 1698 1707 1856
f 1707 1698 1867
f 1789 1698 1856
f 1698 1789 1867
f 1856 1707 1784
f 1707 1867 1784
f 1856 1784 1788
f 1784 1867 1788
f 1807 1788 1828
f 1788 1807 1911
f 1828 1788 1867
f 1856 1788 1911
f 1789 1835 1884
f 1835 1789 1914
f 1865 1789 1856
f 1789 1865 1914
f 1867 1789 1884
f 1828 1939 1807
f 1934 1911 1807
f 1807 1939 1934
f 1876 1880 1822
f 1876 1822 1967
f 1822 1880 1956
f 1967 1822 1956
f 1828 1867 1866
f 1828 1866 1971
f 1828 1958 1939
f 1828 1971 1958
f 1968 1884 1835
f 1968 1835 1914
f 1865 1856 1999
f 1999 1856 1911
f 1865 1995 1914
f 1995 1865 1999
f 1867 1937 1866
f 1866 1937 1878
f 1997 1866 1878
f 1971 1866 1997
f 1867 1884 1886
f 1867 1886 1899
f 1867 1899 1937
f 1876 1910 1880
f 1993 1910 1876
f 1967 1993 1876
f 1878 1937 1910
f 1878 1910 1993
f 1997 1878 1993
f 1880 1910 1919
f 1956 1880 1919
f 1884 1899 1886
f 1968 1899 1884
f 1990 1937 1899
f 1968 1990 1899
f 1910 1937 1919
f 1911 1934 1999
f 1968 1914 1990
f 1995 1990 1914
f 1991 1919 1937
f 1966 1956 1919
f 1966 1919 1991
f 1934 1939 1958
f 1934 1958 1999
f 1990 1991 1937
f 1967 1956 1966
f 2000 1958 1971
f 1999 1958 2000
f 1993 1967 1966
f 1997 1966 1991
f 1997 1993 1966
f 1971 1997 2002
f 2000 1971 2002
f 1995 1991 1990
f 1995 1999 1991
f 1997 1991 2002
f 1999 2000 1991
f 2000 2002 1991
f 619 574 669
f 619 735 574
f 669 574 620
f 620 574 759
f 574 735 759
f 642 619 710
f 619 642 735
f 619 669 710
f 620 629 669
f 620 795 629
f 620 759 766
f 620 766 777
f 620 777 789
f 795 620 789
f 629 635 669
f 629 795 635
f 635 673 669
f 795 673 635
f 710 870 642
f 642 774 735
f 870 774 642
f 673 883 669
f 710 669 763
f 820 763 669
f 820 669 889
f 669 883 939
f 669 929 889
f 669 939 929
f 795 688 673
f 673 688 883
f 795 810 688
f 688 809 875
f 688 886 809
f 810 886 688
f 688 875 883
f 710 763 870
f 759 735 774
f 766 759 808
f 759 774 808
f 959 763 820
f 763 959 870
f 766 808 777
f 774 959 808
f 774 870 959
f 777 808 789
f 789 808 795
f 795 808 810
f 808 917 810
f 808 1019 917
f 959 979 808
f 979 1019 808
f 809 1100 875
f 886 917 809
f 917 937 809
f 967 809 937
f 967 1100 809
f 810 917 886
f 1049 820 889
f 979 959 820
f 996 979 820
f 1030 996 820
f 1049 1030 820
f 883 875 1100
f 939 883 1100
f 929 1049 889
f 917 1019 937
f 929 939 974
f 929 974 1185
f 929 1099 1049
f 1112 1099 929
f 929 1149 1112
f 929 1185 1149
f 937 1100 967
f 1019 1129 937
f 937 1129 1100
f 939 1130 974
f 1129 939 1100
f 1129 1130 939
f 974 1130 1185
f 979 996 1019
f 996 1030 1019
f 1019 1030 1049
f 1019 1049 1099
f 1099 1112 1019
f 1112 1130 1019
f 1130 1129 1019
f 1182 1130 1112
f 1182 1112 1149
f 1130 1182 1185
f 1182 1149 1185
f 188 187 202
f 225 187 188
f 187 193 210
f 225 193 187
f 205 202 187
f 205 187 210
f 188 202 225
f 193 198 204
f 228 198 193
f 193 204 210
f 228 193 225
f 198 208 204
f 208 198 231
f 228 231 198
f 205 219 202
f 202 219 225
f 208 214 204
f 210 204 221
f 204 214 229
f 221 204 232
f 204 229 232
f 205 210 221
f 219 205 240
f 205 221 240
f 208 235 214
f 235 208 231
f 235 229 214
f 225 219 245
f 219 240 251
f 251 245 219
f 240 221 232
f 228 225 251
f 225 245 251
f 228 248 231
f 228 250 248
f 228 251 250
f 250 232 229
f 235 249 229
f 250 229 249
f 231 248 235
f 240 232 251
f 251 232 250
f 235 248 249
f 248 250 249
f 910 1222 1148
f 1411 910 1148
f 1216 1160 910
f 1345 910 1160
f 1411 1216 910
f 1345 1222 910
f 1148 1222 1411
f 1160 1216 1371
f 1345 1160 1240
f 1240 1160 1461
f 1439 1160 1371
f 1461 1160 1439
f 1371 1216 1411
f 1218 1242 1226
f 1373 1218 1226
f 1242 1218 1365
f 1218 1374 1365
f 1374 1218 1369
f 1218 1414 1369
f 1512 1218 1373
f 1414 1218 1512
f 1222 1345 1594
f 1411 1222 1599
f 1222 1594 1599
f 1242 1461 1226
f 1226 1461 1373
f 1345 1240 1242
f 1240 1461 1242
f 1242 1365 1345
f 1345 1365 1594
f 1416 1365 1374
f 1416 1594 1365
f 1374 1369 1416
f 1369 1414 1416
f 1599 1371 1411
f 1439 1371 1660
f 1599 1646 1371
f 1371 1646 1660
f 1461 1531 1373
f 1373 1531 1512
f 1414 1449 1416
f 1449 1414 1503
f 1503 1414 1582
f 1582 1414 1512
f 1416 1449 1503
f 1416 1503 1680
f 1594 1416 1680
f 1473 1461 1439
f 1439 1660 1473
f 1473 1506 1461
f 1506 1531 1461
f 1473 1660 1506
f 1680 1503 1582
f 1558 1506 1527
f 1660 1527 1506
f 1624 1531 1506
f 1624 1506 1558
f 1531 1553 1512
f 1512 1553 1539
f 1539 1582 1512
f 1683 1558 1527
f 1527 1660 1683
f 1649 1553 1531
f 1655 1531 1624
f 1647 1649 1531
f 1647 1531 1655
f 1553 1582 1539
f 1553 1649 1582
f 1595 1620 1558
f 1595 1558 1762
f 1620 1624 1558
f 1683 1762 1558
f 1709 1582 1649
f 1582 1709 1680
f 1646 1599 1594
f 1646 1594 1680
f 1620 1595 1762
f 1654 1624 1620
f 1654 1620 1806
f 1762 1803 1620
f 1806 1620 1803
f 1693 1624 1654
f 1656 1655 1624
f 1713 1656 1624
f 1693 1735 1624
f 1735 1713 1624
f 1683 1660 1646
f 1683 1646 1680
f 1805 1649 1647
f 1647 1655 1808
f 1808 1805 1647
f 1750 1709 1649
f 1805 1750 1649
f 1687 1693 1654
f 1687 1654 1806
f 1655 1656 1808
f 1656 1713 1832
f 1808 1656 1818
f 1826 1818 1656
f 1656 1832 1826
f 1816 1683 1680
f 1680 1709 1750
f 1805 1680 1750
f 1805 1808 1680
f 1816 1680 1808
f 1683 1803 1762
f 1816 1803 1683
f 1844 1693 1687
f 1687 1806 1840
f 1687 1840 1844
f 1844 1735 1693
f 1713 1769 1733
f 1733 1832 1713
f 1735 1769 1713
f 1733 1769 1894
f 1894 1832 1733
f 1769 1735 1844
f 1892 1769 1844
f 1769 1892 1896
f 1894 1769 1896
f 1806 1803 1816
f 1840 1806 1816
f 1816 1808 1818
f 1816 1818 1826
f 1832 1816 1826
f 1894 1816 1832
f 1840 1816 1892
f 1892 1816 1894
f 1844 1840 1892
f 1892 1894 1896
f 610 613 729
f 610 822 613
f 610 729 822
f 665 730 613
f 613 849 665
f 729 613 730
f 822 831 613
f 831 849 613
f 665 698 730
f 888 698 665
f 849 888 665
f 698 768 730
f 698 753 768
f 698 888 753
f 729 730 731
f 729 731 733
f 822 729 733
f 731 730 733
f 730 737 733
f 730 740 737
f 730 768 740
f 737 822 733
f 740 822 737
f 740 768 794
f 740 794 913
f 845 822 740
f 882 845 740
f 882 740 913
f 753 987 768
f 888 968 753
f 753 968 987
f 768 987 794
f 913 794 918
f 794 1013 918
f 794 987 1013
f 822 845 831
f 831 845 849
f 849 845 882
f 849 882 913
f 888 849 918
f 918 849 913
f 888 918 968
f 918 1013 968
f 968 1013 987
f 1274 1228 1246
f 1425 1246 1228
f 1274 1425 1228
f 1274 1246 1285
f 1285 1246 1387
f 1387 1246 1516
f 1425 1466 1246
f 1516 1246 1466
f 1285 1463 1274
f 1463 1425 1274
f 1356 1285 1388
f 1285 1356 1463
f 1420 1285 1387
f 1388 1285 1420
f 1388 1583 1356
f 1356 1517 1463
f 1583 1517 1356
f 1453 1387 1390
f 1516 1390 1387
f 1420 1387 1453
f 1388 1420 1585
f 1585 1583 1388
f 1516 1453 1390
f 1629 1420 1453
f 1585 1420 1623
f 1623 1420 1629
f 1466 1425 1463
f 1600 1453 1516
f 1629 1453 1600
f 1583 1466 1463
f 1583 1463 1517
f 1516 1466 1600
f 1466 1583 1585
f 1600 1466 1585
f 1623 1600 1585
f 1600 1623 1629
f 1393 1412 1427
f 1412 1393 1541
f 1393 1427 1591
f 1540 1541 1393
f 1591 1540 1393
f 1452 1412 1413
f 1413 1412 1560
f 1452 1427 1412
f 1541 1560 1412
f 1413 1618 1452
f 1560 1618 1413
f 1431 1441 1424
f 1603 1431 1424
f 1603 1424 1441
f 1430 1427 1452
f 1603 1427 1430
f 1603 1591 1427
f 1431 1430 1441
f 1603 1430 1431
f 1441 1430 1509
f 1430 1452 1509
f 1603 1441 1509
f 1509 1452 1492
f 1452 1618 1492
f 1509 1492 1554
f 1618 1554 1492
f 1509 1554 1642
f 1603 1509 1642
f 1540 1619 1541
f 1591 1644 1540
f 1540 1644 1619
f 1541 1618 1560
f 1541 1619 1618
f 1618 1619 1554
f 1619 1644 1554
f 1642 1554 1681
f 1554 1644 1679
f 1554 1679 1730
f 1554 1730 1681
f 1591 1603 1642
f 1591 1642 1681
f 1591 1681 1644
f 1644 1681 1679
f 1681 1730 1679
f 1028 1025 1009
f 1009 1025 1183
f 1028 1009 1183
f 1050 1025 1028
f 1050 1067 1025
f 1183 1025 1067
f 1028 1183 1050
f 1050 1264 1067
f 1183 1239 1050
f 1239 1264 1050
f 1183 1067 1212
f 1067 1234 1212
f 1067 1299 1234
f 1264 1284 1067
f 1284 1299 1067
f 1183 1212 1231
f 1239 1183 1231
f 1231 1212 1234
f 1284 1231 1234
f 1239 1231 1284
f 1299 1284 1234
f 1284 1264 1239
f 701 702 752
f 702 701 796
f 714 701 752
f 1117 701 714
f 796 701 840
f 1117 840 701
f 702 725 788
f 725 702 796
f 752 702 751
f 788 751 702
f 721 714 758
f 714 721 954
f 714 752 758
f 954 1151 714
f 1151 1117 714
f 739 721 765
f 739 895 721
f 765 721 758
f 954 721 895
f 725 892 788
f 1038 725 796
f 725 1038 892
f 779 739 765
f 739 779 838
f 895 739 838
f 751 1038 752
f 788 892 751
f 892 1038 751
f 752 1038 758
f 758 1207 765
f 1038 1241 758
f 1241 1207 758
f 779 765 838
f 765 1085 838
f 1207 1085 765
f 1038 796 840
f 923 895 838
f 923 838 1085
f 1038 840 1241
f 840 1117 1241
f 954 895 923
f 923 1241 954
f 1207 923 1085
f 1207 1241 923
f 1241 1151 954
f 1117 1151 1191
f 1241 1117 1191
f 1191 1151 1241
f 1354 1379 1382
f 1354 1480 1379
f 1573 1354 1382
f 1573 1480 1354
f 1464 1382 1379
f 1464 1379 1394
f 1379 1511 1394
f 1480 1511 1379
f 1464 1403 1382
f 1382 1403 1573
f 1391 1519 1402
f 1536 1391 1402
f 1652 1519 1391
f 1520 1391 1536
f 1520 1652 1391
f 1392 1464 1394
f 1394 1518 1392
f 1402 1464 1392
f 1402 1392 1537
f 1522 1392 1518
f 1528 1392 1522
f 1528 1537 1392
f 1511 1518 1394
f 1519 1464 1402
f 1537 1536 1402
f 1464 1422 1403
f 1587 1403 1422
f 1587 1573 1403
f 1422 1478 1446
f 1446 1587 1422
f 1464 1478 1422
f 1636 1446 1478
f 1635 1587 1446
f 1635 1446 1636
f 1464 1482 1478
f 1464 1494 1482
f 1521 1494 1464
f 1519 1521 1464
f 1478 1482 1549
f 1478 1569 1543
f 1673 1478 1543
f 1549 1569 1478
f 1673 1636 1478
f 1511 1480 1555
f 1480 1573 1555
f 1662 1482 1494
f 1549 1482 1662
f 1662 1494 1521
f 1518 1511 1555
f 1522 1518 1555
f 1669 1521 1519
f 1652 1669 1519
f 1652 1520 1536
f 1662 1521 1678
f 1678 1521 1669
f 1528 1522 1555
f 1528 1555 1537
f 1536 1537 1555
f 1669 1536 1555
f 1652 1536 1669
f 1569 1590 1543
f 1753 1543 1590
f 1697 1673 1543
f 1727 1697 1543
f 1753 1727 1543
f 1561 1569 1549
f 1549 1662 1561
f 1555 1573 1678
f 1555 1678 1669
f 1740 1569 1561
f 1561 1662 1667
f 1561 1667 1700
f 1700 1714 1561
f 1740 1561 1714
f 1590 1569 1740
f 1667 1573 1587
f 1662 1573 1667
f 1662 1678 1573
f 1667 1587 1635
f 1590 1740 1753
f 1697 1635 1636
f 1700 1667 1635
f 1697 1700 1635
f 1673 1697 1636
f 1697 1714 1700
f 1740 1714 1697
f 1727 1740 1697
f 1740 1727 1753
f 1287 1209 1166
f 1166 1209 1360
f 1282 1166 1435
f 1282 1467 1166
f 1467 1287 1166
f 1529 1166 1360
f 1435 1166 1375
f 1375 1166 1529
f 1287 1653 1209
f 1209 1653 1360
f 1448 1362 1282
f 1501 1282 1362
f 1489 1282 1435
f 1489 1448 1282
f 1501 1467 1282
f 1287 1467 1682
f 1653 1287 1682
f 1360 1641 1529
f 1360 1653 1641
f 1362 1448 1501
f 1529 1435 1375
f 1529 1489 1435
f 1448 1489 1525
f 1448 1525 1501
f 1467 1501 1748
f 1682 1467 1748
f 1489 1529 1525
f 1525 1748 1501
f 1529 1641 1525
f 1641 1653 1525
f 1653 1682 1525
f 1682 1748 1525
f 1770 1779 1769
f 1770 1769 1896
f 1769 1779 1896
f 1770 1771 1786
f 1771 1770 1898
f 1770 1874 1779
f 1770 1786 1874
f 1896 1898 1770
f 1786 1771 1898
f 1779 1874 1811
f 1896 1779 1811
f 1822 1880 1786
f 1822 1786 1898
f 1880 1874 1786
f 1811 1874 1960
f 1896 1811 1946
f 1946 1811 1949
f 1811 1960 1949
f 1956 1880 1822
f 1822 1898 1930
f 1822 1930 1956
f 1880 1893 1874
f 1893 1974 1874
f 1974 1960 1874
f 1880 1919 1893
f 1919 1880 1956
f 1903 1893 1937
f 1974 1893 1903
f 1893 1919 1937
f 1930 1898 1896
f 1949 1930 1896
f 1949 1896 1946
f 1899 1947 1937
f 1990 1899 1937
f 1947 1899 2013
f 1990 2003 1899
f 2013 1899 2003
f 1903 1937 1947
f 1903 1947 1941
f 1941 1974 1903
f 1991 1937 1919
f 1966 1919 1956
f 1991 1919 1966
f 1960 1930 1949
f 1966 1956 1930
f 1960 1966 1930
f 1991 1990 1937
f 1941 1947 2010
f 1941 1989 1974
f 2004 1989 1941
f 2010 2004 1941
f 1947 2013 2010
f 1991 1966 1960
f 2002 1960 1974
f 2002 1991 1960
f 1974 1989 2007
f 2007 2002 1974
f 1989 2004 2010
f 2007 1989 2010
f 1995 1990 1991
f 1995 2007 1990
f 1990 2007 2003
f 1999 1995 1991
f 2000 1999 1991
f 2002 2000 1991
f 1995 1999 2007
f 1999 2000 2007
f 2000 2002 2007
f 2007 2013 2003
f 2007 2010 2013
f 1766 1796 1813
f 1766 1909 1796
f 1813 1909 1766
f 1847 1813 1796
f 1796 1852 1847
f 1852 1796 1944
f 1796 1909 1912
f 1796 1912 1944
f 1800 1860 1819
f 1926 1800 1819
f 1800 1827 1860
f 1931 1827 1800
f 1926 1931 1800
f 1953 1813 1847
f 1813 1953 1909
f 1819 1860 1954
f 1927 1926 1819
f 1945 1927 1819
f 1954 1945 1819
f 1827 1847 1860
f 1827 1957 1847
f 1931 1957 1827
f 1847 1852 1860
f 1957 1953 1847
f 1962 1860 1852
f 1852 1944 1951
f 1852 1951 1962
f 1954 1860 1962
f 1909 1953 1912
f 1912 1976 1944
f 1953 1970 1912
f 1970 1976 1912
f 1931 1926 1927
f 1957 1931 1927
f 1976 1927 1945
f 1957 1927 1976
f 1944 1976 1951
f 1945 1954 1972
f 1976 1945 1972
f 1951 1976 1962
f 1957 1970 1953
f 1954 1962 1972
f 1970 1957 1976
f 1972 1962 1983
f 1962 1976 1983
f 1976 1972 1983
f 1579 1637 1596
f 1596 1745 1579
f 1579 1639 1637
f 1579 1745 1639
f 1627 1596 1637
f 1596 1627 1745
f 1627 1637 1809
f 1627 1809 1745
f 1677 1637 1639
f 1809 1637 1677
f 1639 1689 1677
f 1639 1830 1689
f 1639 1745 1830
f 1677 1689 1784
f 1725 1677 1784
f 1725 1891 1677
f 1809 1677 1834
f 1677 1891 1834
f 1689 1698 1707
f 1689 1830 1698
f 1689 1707 1784
f 1856 1707 1698
f 1698 1830 1856
f 1856 1784 1707
f 1725 1784 1739
f 1725 1739 1891
f 1739 1784 1788
f 1739 1788 1807
f 1739 1807 1939
f 1924 1891 1739
f 1924 1739 1939
f 1809 1834 1745
f 1830 1745 1834
f 1856 1788 1784
f 1807 1788 1911
f 1911 1788 1856
f 1911 1934 1807
f 1939 1807 1934
f 1830 1834 1934
f 1856 1830 1911
f 1911 1830 1934
f 1934 1834 1891
f 1891 1924 1934
f 1924 1939 1934
f 1532 1453 1589
f 1706 1453 1532
f 1589 1453 1535
f 1535 1453 1663
f 1663 1453 1629
f 1706 1629 1453
f 1756 1532 1589
f 1756 1706 1532
f 1564 1589 1535
f 1535 1663 1564
f 1564 1621 1589
f 1564 1663 1621
f 1621 1756 1589
f 1663 1705 1621
f 1621 1705 1802
f 1802 1756 1621
f 1663 1629 1706
f 1663 1706 1705
f 1706 1756 1705
f 1705 1756 1802
f 688 717 705
f 688 705 809
f 886 717 688
f 886 688 809
f 705 717 872
f 809 705 871
f 705 872 871
f 717 750 899
f 750 717 919
f 899 872 717
f 894 717 886
f 919 717 894
f 899 750 858
f 750 1047 858
f 750 919 928
f 978 750 928
f 750 978 1047
f 871 875 809
f 875 1100 809
f 917 886 809
f 937 917 809
f 967 937 809
f 1100 967 809
f 1047 899 858
f 872 1115 871
f 875 871 1097
f 871 1115 1097
f 872 899 1115
f 875 1097 1100
f 886 917 894
f 917 932 894
f 894 932 919
f 1047 1128 899
f 1115 899 1123
f 899 1128 1123
f 917 937 932
f 919 932 928
f 928 932 1123
f 978 928 1123
f 932 937 967
f 932 967 1097
f 932 1097 1115
f 932 1115 1123
f 967 1100 1097
f 978 1128 1047
f 978 1123 1128
f 856 820 955
f 1049 820 856
f 955 820 889
f 1049 889 820
f 1119 856 955
f 1119 1049 856
f 889 929 974
f 1049 929 889
f 889 974 955
f 929 1185 974
f 1099 929 1049
f 1112 929 1099
f 1112 1149 929
f 929 1149 1185
f 974 1119 955
f 1185 1119 974
f 1099 1049 1185
f 1185 1049 1119
f 1149 1112 1099
f 1099 1185 1149
f 725 844 788
f 788 892 725
f 725 796 969
f 796 725 1038
f 801 844 725
f 801 725 969
f 725 892 1038
f 788 844 892
f 969 796 840
f 796 1038 840
f 823 844 801
f 823 801 969
f 942 844 823
f 982 942 823
f 982 823 969
f 969 840 1117
f 840 1038 1241
f 1117 840 1241
f 844 942 892
f 942 1091 892
f 892 1384 1038
f 1091 1384 892
f 982 1098 942
f 942 1548 1091
f 1098 1548 942
f 1170 982 969
f 969 1117 1334
f 969 1286 1170
f 969 1334 1286
f 982 1063 1127
f 1170 1063 982
f 1127 1098 982
f 1038 1384 1241
f 1122 1063 1170
f 1063 1122 1322
f 1127 1063 1322
f 1384 1091 1545
f 1091 1510 1545
f 1091 1548 1510
f 1098 1127 1548
f 1117 1241 1191
f 1334 1117 1191
f 1124 1170 1118
f 1322 1124 1118
f 1118 1170 1169
f 1169 1328 1118
f 1322 1118 1330
f 1118 1328 1330
f 1122 1170 1124
f 1122 1124 1322
f 1127 1322 1548
f 1294 1169 1170
f 1169 1294 1328
f 1170 1286 1429
f 1294 1170 1429
f 1241 1334 1191
f 1241 1384 1334
f 1286 1334 1412
f 1393 1286 1412
f 1286 1393 1427
f 1286 1427 1429
f 1294 1377 1328
f 1419 1377 1294
f 1419 1294 1429
f 1330 1548 1322
f 1328 1377 1330
f 1377 1548 1330
f 1410 1334 1384
f 1412 1334 1410
f 1419 1424 1377
f 1377 1424 1538
f 1538 1548 1377
f 1410 1384 1413
f 1384 1545 1413
f 1393 1412 1541
f 1427 1393 1591
f 1541 1540 1393
f 1393 1540 1591
f 1412 1410 1413
f 1413 1560 1412
f 1412 1560 1541
f 1545 1560 1413
f 1419 1431 1424
f 1429 1431 1419
f 1431 1603 1424
f 1424 1581 1538
f 1603 1581 1424
f 1429 1427 1430
f 1427 1603 1430
f 1591 1603 1427
f 1429 1430 1431
f 1430 1603 1431
f 1510 1540 1541
f 1510 1591 1540
f 1510 1541 1545
f 1548 1591 1510
f 1548 1538 1581
f 1545 1541 1560
f 1548 1581 1603
f 1548 1603 1591
f 1323 1221 1385
f 1568 1221 1323
f 1385 1221 1362
f 1362 1221 1426
f 1426 1221 1568
f 1323 1385 1472
f 1323 1472 1568
f 1568 1385 1362
f 1362 1426 1501
f 1568 1362 1501
f 1568 1472 1385
f 1501 1426 1568
f 1302 1354 1382
f 1302 1395 1354
f 1302 1382 1389
f 1302 1389 1588
f 1302 1588 1395
f 1382 1354 1573
f 1395 1480 1354
f 1354 1480 1573
f 1403 1389 1382
f 1403 1382 1573
f 1403 1422 1389
f 1422 1415 1389
f 1389 1415 1634
f 1389 1634 1588
f 1480 1395 1573
f 1573 1395 1588
f 1587 1422 1403
f 1403 1573 1587
f 1422 1446 1415
f 1446 1636 1415
f 1415 1636 1634
f 1422 1587 1446
f 1587 1635 1446
f 1635 1636 1446
f 1573 1588 1587
f 1587 1588 1635
f 1635 1588 1634
f 1635 1634 1636
f 1767 1822 1768
f 1767 1768 1890
f 1772 1817 1767
f 1772 1767 1890
f 1817 1822 1767
f 1768 1786 1771
f 1771 1898 1768
f 1822 1786 1768
f 1768 1898 1890
f 1786 1898 1771
f 1772 1800 1819
f 1890 1800 1772
f 1772 1819 1817
f 1786 1822 1898
f 1819 1800 1926
f 1895 1800 1890
f 1901 1800 1895
f 1918 1800 1901
f 1926 1800 1918
f 1822 1817 1819
f 1822 1819 1954
f 1927 1819 1926
f 1945 1819 1927
f 1954 1819 1945
f 1822 1930 1898
f 1822 1956 1930
f 1822 1954 1956
f 1895 1890 1930
f 1930 1890 1898
f 1954 1901 1895
f 1956 1895 1930
f 1956 1954 1895
f 1945 1918 1901
f 1945 1901 1954
f 1927 1926 1918
f 1945 1927 1918
f 80 60 73
f 73 60 111
f 78 60 94
f 60 78 126
f 94 60 80
f 111 60 126
f 73 83 80
f 83 73 111
f 78 85 126
f 213 85 78
f 78 94 213
f 83 145 80
f 80 96 94
f 80 145 96
f 83 111 209
f 83 209 145
f 126 85 152
f 152 85 213
f 133 94 96
f 133 128 94
f 94 128 213
f 106 133 96
f 96 145 106
f 148 133 106
f 145 148 106
f 126 152 111
f 194 111 152
f 209 111 194
f 128 133 200
f 128 200 213
f 150 133 148
f 150 159 133
f 133 159 205
f 133 205 200
f 145 159 148
f 145 205 159
f 145 236 205
f 145 209 255
f 145 255 236
f 148 159 150
f 173 194 152
f 173 152 213
f 173 209 194
f 207 173 213
f 207 254 173
f 173 254 209
f 200 205 212
f 200 212 213
f 205 221 212
f 205 236 221
f 207 213 222
f 237 207 222
f 237 254 207
f 255 209 254
f 213 212 221
f 213 221 222
f 221 246 222
f 236 256 221
f 256 246 221
f 237 222 246
f 236 255 256
f 241 237 242
f 241 254 237
f 237 246 242
f 242 254 241
f 242 246 255
f 255 254 242
f 246 256 255
f 761 781 925
f 781 761 943
f 761 900 898
f 761 898 943
f 761 925 900
f 781 770 925
f 770 781 1116
f 770 799 907
f 799 770 1042
f 770 907 911
f 925 770 911
f 1116 1042 770
f 943 1116 781
f 799 921 907
f 799 1171 921
f 1042 1301 799
f 799 1214 1171
f 1301 1214 799
f 898 900 909
f 898 909 943
f 1202 909 900
f 900 925 1202
f 911 907 1171
f 921 1171 907
f 943 909 1202
f 1214 925 911
f 1171 1214 911
f 1202 925 1301
f 925 1214 1301
f 1254 1116 943
f 1210 943 1202
f 1210 1254 943
f 1301 1042 1116
f 1254 1301 1116
f 1210 1202 1302
f 1202 1301 1364
f 1302 1202 1355
f 1202 1364 1355
f 1210 1302 1254
f 1364 1301 1254
f 1395 1254 1302
f 1386 1364 1254
f 1395 1386 1254
f 1381 1302 1355
f 1302 1381 1395
f 1364 1386 1355
f 1386 1381 1355
f 1381 1386 1395
f 241 254 242
f 275 241 242
f 254 241 290
f 241 275 290
f 246 242 255
f 242 246 279
f 242 254 255
f 275 242 279
f 246 255 256
f 256 272 246
f 272 290 246
f 246 290 279
f 255 254 272
f 254 290 272
f 255 272 256
f 275 279 297
f 275 305 290
f 305 275 297
f 279 290 297
f 290 305 297
f 1702 1693 1687
f 1844 1687 1693
f 1702 1687 1844
f 1702 1742 1693
f 1742 1735 1693
f 1735 1844 1693
f 1844 1742 1702
f 1742 1761 1735
f 1735 1761 1770
f 1735 1770 1769
f 1769 1844 1735
f 1844 1761 1742
f 1761 1771 1770
f 1771 1761 1844
f 1769 1770 1896
f 1892 1844 1769
f 1896 1892 1769
f 1770 1771 1898
f 1898 1896 1770
f 1889 1771 1844
f 1771 1889 1898
f 1889 1844 1892
f 1898 1889 1892
f 1898 1892 1896
f 761 943 898
f 761 898 973
f 761 1210 943
f 1087 761 973
f 1102 761 1087
f 761 1102 1134
f 761 1134 1210
f 898 943 909
f 898 909 973
f 943 1202 909
f 973 909 1338
f 1355 909 1202
f 909 1355 1338
f 943 1210 1202
f 1087 973 1338
f 1087 1338 1102
f 1134 1102 1395
f 1368 1102 1338
f 1395 1102 1368
f 1134 1302 1210
f 1134 1395 1302
f 1210 1302 1202
f 1202 1302 1355
f 1355 1302 1381
f 1302 1395 1381
f 1355 1368 1338
f 1355 1381 1368
f 1368 1381 1395
f 190 195 233
f 195 190 312
f 203 223 190
f 203 190 233
f 190 223 277
f 277 312 190
f 233 195 281
f 195 312 281
f 220 203 226
f 203 220 286
f 203 239 223
f 226 203 241
f 203 233 244
f 239 203 286
f 241 203 244
f 226 262 220
f 262 286 220
f 239 277 223
f 226 241 253
f 253 262 226
f 233 281 244
f 260 239 289
f 239 260 316
f 239 298 277
f 286 289 239
f 239 306 298
f 239 309 306
f 239 316 309
f 241 244 254
f 253 241 265
f 241 254 265
f 254 244 265
f 244 281 265
f 262 253 265
f 288 260 289
f 260 288 316
f 262 265 283
f 311 262 283
f 287 286 262
f 287 262 311
f 265 281 283
f 298 312 277
f 312 283 281
f 312 311 283
f 311 286 287
f 311 289 286
f 289 313 288
f 288 313 314
f 314 316 288
f 311 313 289
f 306 312 298
f 306 309 312
f 309 314 312
f 309 316 314
f 312 313 311
f 312 314 313
f 593 591 636
f 591 593 724
f 591 600 644
f 745 600 591
f 636 591 644
f 738 591 724
f 745 591 738
f 594 593 628
f 594 633 593
f 636 628 593
f 633 724 593
f 633 594 628
f 606 734 600
f 606 600 745
f 839 644 600
f 600 734 839
f 606 623 676
f 606 778 623
f 734 606 676
f 745 778 606
f 676 623 896
f 623 778 896
f 633 628 791
f 865 628 636
f 628 865 791
f 633 732 724
f 803 732 633
f 633 791 803
f 636 644 865
f 999 644 839
f 644 999 865
f 896 734 676
f 732 791 724
f 738 724 865
f 791 865 724
f 732 803 791
f 896 839 734
f 738 999 745
f 738 865 999
f 745 896 778
f 745 999 896
f 1002 839 896
f 999 839 1002
f 896 999 1002
f 1562 1526 1708
f 1526 1562 1726
f 1651 1526 1684
f 1526 1651 1708
f 1684 1526 1726
f 1773 1562 1708
f 1726 1562 1773
f 1712 1651 1684
f 1708 1651 1839
f 1651 1712 1775
f 1775 1839 1651
f 1712 1684 1726
f 1839 1773 1708
f 1839 1712 1726
f 1775 1712 1839
f 1773 1839 1726
f 1822 1819 1817
f 1819 1824 1817
f 1822 1817 1873
f 1824 1873 1817
f 1954 1819 1822
f 1954 1824 1819
f 1873 1876 1822
f 1822 1876 1967
f 1956 1954 1822
f 1822 1967 1956
f 1873 1824 1954
f 1873 1905 1876
f 1905 1873 1954
f 1876 1905 1910
f 1876 1910 1993
f 1967 1876 1993
f 1878 1910 1905
f 1969 1878 1905
f 1910 1878 1993
f 1993 1878 1969
f 1969 1905 1954
f 1969 1954 1956
f 1969 1956 1967
f 1993 1969 1967
f 872 1065 871
f 1115 872 871
f 871 1065 875
f 871 875 1097
f 871 1097 1115
f 872 899 958
f 899 872 1115
f 872 958 1065
f 875 1065 883
f 883 1100 875
f 875 1100 1097
f 939 883 1023
f 883 939 1100
f 1023 883 1055
f 883 1065 1055
f 899 1128 958
f 1123 899 1115
f 899 1123 1128
f 1023 1130 939
f 939 1129 1100
f 939 1130 1129
f 1056 958 980
f 958 1128 980
f 1065 958 1056
f 980 1177 1056
f 980 1128 1161
f 1161 1177 980
f 1065 1021 1055
f 1021 1259 1055
f 1021 1057 1064
f 1065 1057 1021
f 1259 1021 1064
f 1055 1251 1023
f 1023 1251 1130
f 1055 1259 1251
f 1065 1056 1072
f 1256 1072 1056
f 1056 1177 1279
f 1256 1056 1279
f 1065 1064 1057
f 1072 1064 1065
f 1259 1064 1072
f 1259 1072 1256
f 1100 1250 1097
f 1097 1250 1115
f 1129 1250 1100
f 1123 1115 1289
f 1289 1115 1250
f 1128 1123 1161
f 1161 1123 1177
f 1177 1123 1289
f 1130 1249 1129
f 1249 1250 1129
f 1251 1249 1130
f 1177 1289 1279
f 1250 1249 1251
f 1250 1251 1259
f 1250 1259 1256
f 1250 1256 1279
f 1250 1279 1289
f 1081 1012 983
f 983 1012 1205
f 1205 1070 983
f 1248 983 1070
f 1081 983 1248
f 1012 1081 1255
f 1205 1012 1255
f 1205 1154 1070
f 1070 1154 1274
f 1238 1248 1070
f 1070 1274 1238
f 1164 1081 1270
f 1081 1164 1341
f 1081 1248 1252
f 1081 1252 1270
f 1341 1255 1081
f 1237 1154 1205
f 1154 1228 1274
f 1329 1228 1154
f 1329 1154 1237
f 1341 1164 1270
f 1205 1445 1237
f 1455 1205 1255
f 1205 1455 1445
f 1425 1274 1228
f 1425 1228 1329
f 1425 1329 1237
f 1425 1237 1463
f 1237 1445 1444
f 1237 1444 1463
f 1238 1274 1248
f 1274 1252 1248
f 1445 1270 1252
f 1274 1444 1252
f 1445 1252 1444
f 1255 1341 1451
f 1455 1255 1451
f 1447 1341 1270
f 1445 1447 1270
f 1425 1463 1274
f 1463 1444 1274
f 1451 1341 1447
f 1455 1447 1445
f 1451 1447 1455
f 553 534 605
f 534 553 652
f 534 578 605
f 578 534 634
f 634 534 652
f 553 605 564
f 564 694 553
f 652 553 693
f 553 694 693
f 564 610 592
f 592 755 564
f 564 605 610
f 564 755 694
f 605 578 610
f 578 792 610
f 792 578 634
f 592 610 793
f 793 755 592
f 610 792 817
f 822 793 610
f 817 822 610
f 652 817 634
f 634 817 792
f 693 793 652
f 793 822 652
f 822 817 652
f 694 793 693
f 694 755 793
f 862 904 830
f 830 1029 862
f 904 922 830
f 830 922 1052
f 830 1040 1029
f 830 1052 1040
f 1058 904 862
f 1029 1035 862
f 1058 862 1035
f 938 922 904
f 1058 938 904
f 922 938 1108
f 1052 922 1108
f 1058 1089 938
f 938 1089 1108
f 1035 1029 1040
f 1035 1040 1052
f 1089 1035 1052
f 1058 1035 1089
f 1089 1052 1108
f 798 811 764
f 764 946 798
f 764 811 985
f 946 764 985
f 825 811 798
f 825 798 819
f 798 946 819
f 833 811 825
f 833 857 811
f 811 857 1068
f 811 1046 985
f 811 1068 1046
f 826 825 819
f 819 946 826
f 826 833 825
f 826 830 833
f 826 946 830
f 830 1036 833
f 946 1015 830
f 830 1015 1029
f 1029 1031 830
f 830 1031 1036
f 833 1071 857
f 833 1036 1071
f 1068 857 1095
f 1071 1075 857
f 1075 1094 857
f 1094 1106 857
f 857 1106 1095
f 1036 946 985
f 1036 1015 946
f 1036 985 1071
f 1071 985 1046
f 1029 1015 1031
f 1031 1015 1036
f 1075 1046 1068
f 1071 1046 1075
f 1060 1094 1082
f 1060 1082 1106
f 1094 1060 1106
f 1075 1068 1094
f 1094 1068 1095
f 1082 1094 1095
f 1106 1082 1095
f 720 764 811
f 920 764 720
f 811 790 720
f 790 962 720
f 962 920 720
f 764 985 811
f 946 764 920
f 946 985 764
f 857 790 811
f 878 842 790
f 842 989 790
f 857 878 790
f 790 989 962
f 857 811 1068
f 985 1046 811
f 1068 811 1046
f 878 846 842
f 846 989 842
f 878 935 846
f 846 935 989
f 857 1106 878
f 1068 1095 857
f 1095 1106 857
f 878 1106 935
f 985 946 920
f 985 920 962
f 1004 989 935
f 1004 935 1051
f 1051 935 1107
f 935 1106 1139
f 935 1136 1107
f 935 1144 1136
f 1144 935 1139
f 985 962 1046
f 962 989 1046
f 989 1004 1046
f 1068 1046 1004
f 1068 1004 1051
f 1095 1068 1051
f 1107 1095 1051
f 1082 1095 1101
f 1082 1106 1095
f 1106 1082 1101
f 1101 1095 1107
f 1106 1101 1139
f 1136 1101 1107
f 1139 1101 1136
f 1139 1136 1144
f 887 878 857
f 878 1106 857
f 1106 887 857
f 887 992 878
f 878 992 935
f 878 935 1106
f 1106 992 887
f 992 995 935
f 935 995 1144
f 1106 935 1139
f 935 1144 1139
f 992 1009 995
f 1106 1009 992
f 1144 995 1009
f 1106 1159 1009
f 1144 1009 1183
f 1183 1009 1159
f 1159 1106 1139
f 1183 1139 1144
f 1159 1139 1183
f 348 341 343
f 343 341 352
f 352 341 348
f 343 357 348
f 343 352 379
f 368 357 343
f 343 445 368
f 343 379 412
f 412 445 343
f 379 352 348
f 357 379 348
f 368 376 357
f 376 371 357
f 357 371 430
f 430 379 357
f 376 368 459
f 368 445 459
f 376 455 371
f 430 371 496
f 496 371 455
f 392 455 376
f 376 459 392
f 379 430 412
f 421 455 392
f 392 477 421
f 459 477 392
f 496 412 430
f 445 412 496
f 427 455 421
f 421 495 427
f 487 421 477
f 487 543 421
f 421 543 495
f 455 427 461
f 537 461 427
f 537 427 495
f 459 445 496
f 498 455 461
f 498 496 455
f 477 459 496
f 498 461 523
f 523 461 537
f 477 496 487
f 496 498 487
f 498 517 487
f 543 487 517
f 536 495 543
f 567 495 536
f 567 537 495
f 498 523 517
f 523 560 517
f 517 560 543
f 523 537 545
f 523 545 560
f 543 567 536
f 541 537 567
f 537 541 623
f 537 623 545
f 623 541 567
f 543 560 575
f 543 590 567
f 543 575 627
f 543 624 590
f 624 543 627
f 560 545 575
f 575 545 576
f 545 595 576
f 595 545 623
f 595 554 576
f 576 554 630
f 617 554 595
f 554 617 630
f 590 623 567
f 575 576 627
f 627 576 630
f 590 624 623
f 617 595 778
f 778 595 623
f 617 778 630
f 627 623 624
f 630 623 627
f 778 623 630
f 532 568 583
f 568 532 703
f 583 603 532
f 599 532 603
f 599 659 532
f 532 659 670
f 532 670 703
f 568 582 583
f 568 703 582
f 582 703 583
f 583 703 603
f 599 603 608
f 599 608 659
f 603 716 608
f 703 716 603
f 659 608 664
f 608 716 664
f 659 664 670
f 670 664 703
f 716 703 664
f 611 592 681
f 755 592 611
f 681 592 835
f 784 592 755
f 835 592 784
f 611 681 835
f 611 772 755
f 611 835 772
f 772 762 755
f 755 762 784
f 762 772 835
f 762 835 784
f 1274 1238 1248
f 1248 1238 1276
f 1238 1274 1285
f 1276 1238 1293
f 1238 1285 1312
f 1238 1312 1293
f 1274 1248 1252
f 1248 1276 1252
f 1444 1274 1252
f 1445 1252 1276
f 1444 1252 1445
f 1463 1285 1274
f 1463 1274 1444
f 1450 1276 1293
f 1450 1445 1276
f 1312 1285 1356
f 1463 1356 1285
f 1450 1293 1312
f 1517 1312 1356
f 1517 1450 1312
f 1463 1517 1356
f 1445 1450 1444
f 1517 1444 1450
f 1463 1444 1517
f 635 608 673
f 608 635 722
f 673 608 674
f 716 674 608
f 722 716 608
f 635 673 795
f 795 722 635
f 674 688 673
f 673 688 795
f 674 716 688
f 716 760 688
f 760 814 688
f 795 688 810
f 688 886 810
f 688 814 886
f 722 760 716
f 760 722 814
f 722 795 810
f 722 810 814
f 810 886 814
f 1356 1407 1349
f 1349 1488 1356
f 1400 1349 1407
f 1563 1349 1400
f 1349 1490 1488
f 1490 1349 1495
f 1495 1349 1505
f 1563 1505 1349
f 1407 1356 1571
f 1488 1487 1356
f 1356 1487 1517
f 1356 1517 1571
f 1400 1407 1406
f 1400 1406 1563
f 1406 1407 1574
f 1406 1574 1563
f 1407 1571 1574
f 1488 1490 1487
f 1487 1490 1571
f 1517 1487 1571
f 1490 1495 1571
f 1495 1505 1571
f 1574 1505 1563
f 1505 1574 1571
f 1252 1313 1270
f 1270 1445 1252
f 1252 1276 1313
f 1276 1252 1445
f 1270 1313 1447
f 1447 1445 1270
f 1276 1293 1313
f 1276 1450 1293
f 1276 1445 1450
f 1293 1312 1327
f 1312 1293 1450
f 1313 1293 1316
f 1293 1327 1316
f 1349 1327 1312
f 1349 1312 1356
f 1356 1312 1517
f 1312 1450 1517
f 1327 1313 1316
f 1447 1313 1327
f 1349 1447 1327
f 1349 1356 1488
f 1477 1447 1349
f 1488 1477 1349
f 1488 1356 1487
f 1356 1517 1487
f 1447 1455 1445
f 1445 1488 1450
f 1445 1455 1477
f 1477 1488 1445
f 1455 1447 1477
f 1488 1487 1450
f 1487 1517 1450
f 983 966 963
f 963 966 1154
f 983 963 1070
f 1070 963 1154
f 983 1204 966
f 1154 966 1329
f 1329 966 1204
f 983 1070 1205
f 983 1201 1204
f 1205 1201 983
f 1205 1070 1154
f 1237 1205 1154
f 1237 1154 1329
f 1204 1201 1329
f 1205 1237 1201
f 1329 1201 1237
f 1154 966 1173
f 966 1154 1329
f 1173 966 1204
f 1204 966 1329
f 1154 1173 1199
f 1235 1154 1199
f 1228 1154 1235
f 1329 1154 1228
f 1339 1199 1173
f 1303 1173 1204
f 1173 1303 1339
f 1235 1199 1265
f 1339 1265 1199
f 1303 1204 1329
f 1425 1228 1235
f 1329 1228 1425
f 1265 1425 1235
f 1434 1265 1339
f 1434 1425 1265
f 1303 1329 1428
f 1339 1303 1428
f 1428 1329 1425
f 1339 1428 1434
f 1434 1428 1425
f 839 940 991
f 839 1002 940
f 1232 839 991
f 1008 1002 839
f 1232 1008 839
f 1187 991 940
f 940 1002 1187
f 1187 1197 991
f 1197 1273 991
f 1273 1232 991
f 1002 1008 1197
f 1002 1197 1187
f 1197 1008 1257
f 1008 1232 1257
f 1197 1257 1273
f 1232 1273 1257
f 873 902 828
f 1073 873 828
f 828 902 1073
f 934 902 873
f 873 947 934
f 1073 947 873
f 1142 902 934
f 1073 902 1121
f 1121 902 1142
f 1142 934 947
f 1142 947 1073
f 1073 1121 1142
f 519 515 589
f 515 519 649
f 515 557 589
f 557 515 649
f 519 589 529
f 519 529 649
f 529 589 571
f 649 529 571
f 557 577 589
f 577 557 649
f 620 574 571
f 574 649 571
f 571 589 620
f 759 574 620
f 574 668 649
f 696 668 574
f 696 574 735
f 735 574 759
f 589 577 629
f 577 607 629
f 577 649 607
f 589 629 620
f 607 635 629
f 607 649 635
f 795 620 629
f 766 759 620
f 620 777 766
f 620 789 777
f 795 789 620
f 795 629 635
f 635 649 704
f 635 704 795
f 668 766 649
f 649 766 704
f 668 696 759
f 766 668 759
f 696 735 759
f 704 766 777
f 704 789 775
f 795 704 775
f 704 777 789
f 775 789 795
f 610 578 605
f 578 613 605
f 610 792 578
f 665 613 578
f 626 665 578
f 626 578 792
f 605 613 610
f 613 822 610
f 610 817 792
f 822 817 610
f 665 849 613
f 613 831 822
f 849 831 613
f 626 698 665
f 698 626 792
f 698 888 665
f 888 849 665
f 807 698 792
f 888 698 807
f 792 849 807
f 817 831 792
f 831 849 792
f 807 849 888
f 822 831 817
f 556 534 553
f 652 553 534
f 534 556 655
f 534 646 634
f 652 534 634
f 646 534 655
f 564 556 553
f 694 564 553
f 693 553 652
f 693 694 553
f 562 556 564
f 562 690 556
f 655 556 690
f 562 564 592
f 562 592 755
f 755 690 562
f 755 592 564
f 694 755 564
f 646 652 634
f 655 652 646
f 693 652 655
f 655 690 693
f 690 694 693
f 694 690 755
f 534 566 578
f 566 534 689
f 578 634 534
f 534 634 689
f 566 572 626
f 566 689 572
f 566 626 578
f 572 698 626
f 572 631 685
f 754 631 572
f 572 685 698
f 572 689 754
f 792 578 626
f 792 634 578
f 698 792 626
f 631 633 658
f 803 633 631
f 631 658 685
f 754 805 631
f 805 803 631
f 658 633 827
f 827 633 803
f 634 792 689
f 685 658 847
f 847 658 827
f 888 698 685
f 847 888 685
f 754 689 888
f 792 807 689
f 689 807 888
f 698 807 792
f 888 807 698
f 805 754 847
f 754 888 847
f 803 805 827
f 805 847 827
f 698 685 753
f 685 698 888
f 753 685 977
f 685 888 847
f 847 977 685
f 698 753 888
f 888 753 968
f 753 987 968
f 977 987 753
f 847 888 968
f 847 968 977
f 968 987 977
