epoch,lr-Adam/pg1,lr-Adam/pg2,step,train/batch_size,train/cls_acc,train/cls_f1,train/cls_loss,train/cls_precision,train/cls_recall,train/loss,train/mat_loss,train/n_critical_max,train/rig_loss,val/cls_acc,val/cls_f1,val/cls_loss,val/cls_precision,val/cls_recall,val/loss,val/mat_f1,val/mat_loss,val/mat_precision,val/mat_recall,val/n_critical_max,val/rig_loss
,9.05463412215599e-05,0.000905463412215599,51020,,,,,,,,,,,,,,,,,,,,,,
20,,,51029,4.0,0.9831500053405762,0.9471176862716675,0.040429964661598206,0.940635085105896,0.9538437128067017,5.205047607421875,4.824811935424805,799.0,0.33980539441108704,,,,,,,,,,,,
20,,,51039,4.0,0.9850000143051147,0.9344807863235474,0.03984708711504936,0.9508264660835266,0.9194468259811401,4.453851222991943,4.158466339111328,591.0,0.2555377781391144,,,,,,,,,,,,
20,,,51049,4.0,0.9897000193595886,0.8729743957519531,0.029710454866290092,0.9244534969329834,0.8330776691436768,5.246161937713623,4.941631317138672,222.0,0.2748204171657562,,,,,,,,,,,,
20,,,51059,4.0,0.9880499839782715,0.9294740557670593,0.028686871752142906,0.9579892158508301,0.9046232104301453,5.210043430328369,4.920607566833496,379.0,0.2607487738132477,,,,,,,,,,,,
20,,,51069,4.0,0.986549973487854,0.9540382623672485,0.03295208886265755,0.9457452893257141,0.9627172946929932,4.378460884094238,3.9699342250823975,751.0,0.3755744397640228,,,,,,,,,,,,
20,,,51079,4.0,0.9759500026702881,0.8749014139175415,0.057062145322561264,0.8516213893890381,0.9020167589187622,6.893141269683838,6.736893177032471,553.0,0.09918602555990219,,,,,,,,,,,,
20,,,51089,4.0,0.9884999990463257,0.9452471137046814,0.030453503131866455,0.9471403956413269,0.9433720111846924,3.7898008823394775,3.5551364421844482,849.0,0.2042110562324524,,,,,,,,,,,,
20,,,51099,4.0,0.9854000210762024,0.9653857946395874,0.038067303597927094,0.9602631330490112,0.9706686735153198,5.075960636138916,4.714308738708496,1127.0,0.32358458638191223,,,,,,,,,,,,
20,,,51109,4.0,0.9921000003814697,0.9719096422195435,0.020868632942438126,0.9727650880813599,0.9710578918457031,3.8729708194732666,3.616598129272461,857.0,0.23550420999526978,,,,,,,,,,,,
20,,,51119,4.0,0.984000027179718,0.9281238317489624,0.03918728604912758,0.915987491607666,0.9411107301712036,4.403637409210205,4.048877716064453,477.0,0.31557244062423706,,,,,,,,,,,,
20,,,51129,4.0,0.9810000061988831,0.8654649257659912,0.04611295461654663,0.8435182571411133,0.8907432556152344,4.850178241729736,4.303060054779053,283.0,0.5010052919387817,,,,,,,,,,,,
20,,,51139,4.0,0.9907000064849854,0.9671885967254639,0.023313315585255623,0.972851037979126,0.9616867303848267,4.129481792449951,3.6938235759735107,790.0,0.41234472393989563,,,,,,,,,,,,
20,,,51149,4.0,0.9911500215530396,0.930309534072876,0.02168845385313034,0.9499050974845886,0.9124667644500732,4.718033790588379,4.037626266479492,325.0,0.658719003200531,,,,,,,,,,,,
20,,,51159,4.0,0.9887499809265137,0.9715601205825806,0.027852065861225128,0.9796172380447388,0.9638550877571106,3.9095160961151123,3.5697250366210938,880.0,0.31193894147872925,,,,,,,,,,,,
20,,,51169,4.0,0.9832500219345093,0.899742603302002,0.04045875743031502,0.9212632179260254,0.8805248141288757,4.832360744476318,4.650090217590332,401.0,0.141811802983284,,,,,,,,,,,,
20,,,51179,4.0,0.9902499914169312,0.9742835760116577,0.026639120653271675,0.9751728773117065,0.9733986258506775,4.858374118804932,4.148177623748779,873.0,0.6835574507713318,,,,,,,,,,,,
20,,,51189,4.0,0.982699990272522,0.7766004800796509,0.03564569726586342,0.8055535554885864,0.7529013752937317,5.592091083526611,5.1200408935546875,134.0,0.43640458583831787,,,,,,,,,,,,
20,,,51199,4.0,0.9918500185012817,0.8891118764877319,0.017970187589526176,0.8875893354415894,0.8906469345092773,5.891010284423828,5.654086112976074,243.0,0.2189541906118393,,,,,,,,,,,,
20,,,51209,4.0,0.9941499829292297,0.9787692427635193,0.01631268300116062,0.9774426221847534,0.9801046848297119,3.8857576847076416,3.426964521408081,825.0,0.44248059391975403,,,,,,,,,,,,
20,,,51219,4.0,0.9921000003814697,0.9718587398529053,0.018395278602838516,0.97589111328125,0.9679074287414551,3.583784580230713,3.3099617958068848,957.0,0.25542768836021423,,,,,,,,,,,,
20,,,51229,4.0,0.9856500029563904,0.9430633783340454,0.03513863682746887,0.9328585267066956,0.9538543820381165,4.284269332885742,3.8181910514831543,945.0,0.43093979358673096,,,,,,,,,,,,
20,,,51239,4.0,0.9855999946594238,0.9077951908111572,0.03629010170698166,0.948218822479248,0.8746253252029419,5.25547456741333,4.889998435974121,547.0,0.32918599247932434,,,,,,,,,,,,
20,,,51249,4.0,0.9834499955177307,0.9320425987243652,0.042518652975559235,0.9823088645935059,0.8925606608390808,5.550177574157715,5.116647720336914,1013.0,0.3910110294818878,,,,,,,,,,,,
20,,,51259,4.0,0.9817000031471252,0.9288293123245239,0.051585473120212555,0.9530553221702576,0.9074692130088806,4.380262851715088,4.0237717628479,933.0,0.30490556359291077,,,,,,,,,,,,
20,,,51269,4.0,0.984749972820282,0.8478846549987793,0.036875322461128235,0.8313280344009399,0.866314709186554,4.713263988494873,4.260558605194092,212.0,0.41582992672920227,,,,,,,,,,,,
20,,,51279,4.0,0.9882000088691711,0.9369379878044128,0.026089832186698914,0.9517999887466431,0.9231312274932861,4.505595684051514,4.13827657699585,361.0,0.34122931957244873,,,,,,,,,,,,
20,,,51289,4.0,0.9820500016212463,0.649596095085144,0.05245031788945198,0.8121006488800049,0.600375235080719,6.150075435638428,5.8170247077941895,145.0,0.2806006371974945,,,,,,,,,,,,
20,,,51299,4.0,0.9668499827384949,0.8830081820487976,0.07388526201248169,0.8770594000816345,0.8891928195953369,6.271397590637207,5.406435966491699,492.0,0.7910760641098022,,,,,,,,,,,,
20,,,51309,4.0,0.990149974822998,0.9502050280570984,0.03461335599422455,0.9393010139465332,0.9617404937744141,3.6807756423950195,3.405505657196045,591.0,0.24065667390823364,,,,,,,,,,,,
20,,,51319,4.0,0.9658499956130981,0.9265561103820801,0.08321196585893631,0.9230430126190186,0.9301564693450928,5.777887344360352,4.772744178771973,1110.0,0.9219314455986023,,,,,,,,,,,,
20,,,51329,4.0,0.9846000075340271,0.870416522026062,0.03671205788850784,0.8338433504104614,0.9168956279754639,6.232183456420898,5.798666477203369,334.0,0.3968047499656677,,,,,,,,,,,,
20,,,51339,4.0,0.9924499988555908,0.9712433815002441,0.025061333552002907,0.9729461669921875,0.969555139541626,4.312675476074219,3.4981839656829834,1081.0,0.7894299030303955,,,,,,,,,,,,
20,,,51349,4.0,0.9922000169754028,0.9309812784194946,0.02785399742424488,0.9281283020973206,0.9338751435279846,4.209610462188721,3.973299980163574,232.0,0.20845650136470795,,,,,,,,,,,,
20,,,51359,4.0,0.9890499711036682,0.9453853964805603,0.029939334839582443,0.958309531211853,0.9332586526870728,5.756281852722168,5.044638156890869,540.0,0.681704580783844,,,,,,,,,,,,
20,,,51369,4.0,0.9914500117301941,0.9533388614654541,0.02406979538500309,0.9580893516540527,0.9486971497535706,3.6453168392181396,3.3379335403442383,762.0,0.283313512802124,,,,,,,,,,,,
20,,,51379,4.0,0.984000027179718,0.9241429567337036,0.0390741266310215,0.9456864595413208,0.9048453569412231,5.495503902435303,5.123035430908203,402.0,0.3333946764469147,,,,,,,,,,,,
20,,,51389,4.0,0.9853000044822693,0.930070698261261,0.03472214937210083,0.9444146156311035,0.9167436957359314,4.88948392868042,4.504330635070801,562.0,0.35043108463287354,,,,,,,,,,,,
20,,,51399,4.0,0.9889000058174133,0.9485848546028137,0.029565375298261642,0.9695141911506653,0.9296767711639404,4.349860668182373,3.8226542472839355,842.0,0.49764111638069153,,,,,,,,,,,,
20,,,51409,4.0,0.9814500212669373,0.8556244969367981,0.047700755298137665,0.8895516991615295,0.8275327682495117,4.513782978057861,4.047651767730713,261.0,0.4184301793575287,,,,,,,,,,,,
20,,,51419,4.0,0.9905999898910522,0.9260329008102417,0.025013655424118042,0.943701982498169,0.9098154306411743,5.171963214874268,4.796334743499756,383.0,0.3506150245666504,,,,,,,,,,,,
20,,,51429,4.0,0.9850000143051147,0.946567177772522,0.032560717314481735,0.9623177647590637,0.9320523142814636,5.208879470825195,4.583136558532715,850.0,0.5931821465492249,,,,,,,,,,,,
20,,,51439,4.0,0.9847000241279602,0.9318618178367615,0.0421302504837513,0.9626457691192627,0.905434250831604,4.339316368103027,4.088444232940674,576.0,0.20874187350273132,,,,,,,,,,,,
20,,,51449,4.0,0.9937499761581421,0.9704056978225708,0.0187677014619112,0.9725933074951172,0.9682410359382629,3.6096842288970947,3.330728530883789,871.0,0.26018816232681274,,,,,,,,,,,,
20,,,51459,4.0,0.9751999974250793,0.8817239999771118,0.10993936657905579,0.899094820022583,0.866003155708313,4.787055015563965,4.274611949920654,842.0,0.4025035798549652,,,,,,,,,,,,
20,,,51469,4.0,0.9919499754905701,0.9760546684265137,0.02044547162950039,0.9757088422775269,0.9764010906219482,4.118013858795166,3.665208578109741,942.0,0.4323594868183136,,,,,,,,,,,,
20,,,51479,4.0,0.9914500117301941,0.943763017654419,0.021004263311624527,0.9489350318908691,0.9387198686599731,4.576817989349365,4.058918476104736,366.0,0.49689534306526184,,,,,,,,,,,,
20,,,51489,4.0,0.9726499915122986,0.9064850807189941,0.06181715801358223,0.9140177369117737,0.8992809653282166,5.605316638946533,5.257979869842529,960.0,0.28551948070526123,,,,,,,,,,,,
20,,,51499,4.0,0.9914000034332275,0.9723118543624878,0.02106410078704357,0.9805659055709839,0.9643985033035278,3.6193649768829346,3.4034831523895264,913.0,0.19481779634952545,,,,,,,,,,,,
20,,,51509,4.0,0.98785001039505,0.9556586742401123,0.0329231396317482,0.9463971853256226,0.9653942584991455,3.525663375854492,3.164720296859741,877.0,0.32801976799964905,,,,,,,,,,,,
20,,,51519,4.0,0.9764500260353088,0.7991399168968201,0.05009288713335991,0.7620689868927002,0.8499126434326172,6.161788463592529,5.866947650909424,214.0,0.24474798142910004,,,,,,,,,,,,
20,,,51529,4.0,0.9911500215530396,0.9540945291519165,0.024571385234594345,0.9388250708580017,0.9706144332885742,4.958302021026611,4.093153953552246,540.0,0.8405768275260925,,,,,,,,,,,,
20,,,51539,4.0,0.9774500131607056,0.8289618492126465,0.05217042192816734,0.8517148494720459,0.8092036247253418,5.017953872680664,4.64854097366333,281.0,0.31724265217781067,,,,,,,,,,,,
20,,,51549,4.0,0.9862499833106995,0.9028303623199463,0.03181939572095871,0.9020407199859619,0.9036233425140381,5.084352970123291,4.564084053039551,258.0,0.4884493947029114,,,,,,,,,,,,
20,,,51559,4.0,0.981249988079071,0.8931289911270142,0.045298777520656586,0.9441134333610535,0.8536293506622314,6.216694355010986,5.113458156585693,581.0,1.057937741279602,,,,,,,,,,,,
20,,,51569,4.0,0.9803000092506409,0.8892605900764465,0.04615175351500511,0.9067654609680176,0.8733623027801514,6.588560104370117,5.96571683883667,379.0,0.5766915082931519,,,,,,,,,,,,
20,,,51579,4.0,0.9785500168800354,0.8224520683288574,0.05092910677194595,0.8637651205062866,0.7901438474655151,6.065248489379883,5.531652450561523,321.0,0.4826671779155731,,,,,,,,,,,,
20,,,51589,4.0,0.9807000160217285,0.9014949798583984,0.04580083116889,0.9014949798583984,0.9014949798583984,6.059342861175537,5.7061567306518555,425.0,0.30738556385040283,,,,,,,,,,,,
20,,,51599,4.0,0.9814000129699707,0.9252505302429199,0.04590485244989395,0.9516266584396362,0.90224289894104,5.91010046005249,5.392561435699463,510.0,0.47163456678390503,,,,,,,,,,,,
20,,,51609,4.0,0.9872999787330627,0.9545955657958984,0.031907882541418076,0.948889970779419,0.9604789018630981,4.142258644104004,3.7975611686706543,789.0,0.31278958916664124,,,,,,,,,,,,
20,,,51619,4.0,0.9797499775886536,0.9115151166915894,0.0466526634991169,0.8797785639762878,0.9501998424530029,6.279571056365967,5.896292209625244,445.0,0.33662620186805725,,,,,,,,,,,,
20,,,51629,4.0,0.9867500066757202,0.943822979927063,0.033665891736745834,0.973030686378479,0.9184961318969727,4.918850898742676,4.488116264343262,834.0,0.39706891775131226,,,,,,,,,,,,
20,,,51639,4.0,0.9750000238418579,0.8733299970626831,0.05365461856126785,0.8676681518554688,0.8791952729225159,5.977291107177734,4.655622482299805,537.0,1.2680137157440186,,,,,,,,,,,,
20,,,51649,4.0,0.9883999824523926,0.970306932926178,0.027111344039440155,0.9837663173675537,0.9578001499176025,4.237341403961182,3.8570430278778076,1013.0,0.35318723320961,,,,,,,,,,,,
20,,,51659,4.0,0.9831500053405762,0.837752640247345,0.035674914717674255,0.9099189043045044,0.7882587909698486,5.933584213256836,5.372907638549805,180.0,0.5250017642974854,,,,,,,,,,,,
20,,,51669,4.0,0.977649986743927,0.835585355758667,0.053118400275707245,0.8067185282707214,0.8711749315261841,4.667631149291992,4.332519054412842,264.0,0.28199395537376404,,,,,,,,,,,,
20,,,51679,4.0,0.9846000075340271,0.9077726602554321,0.03512858971953392,0.885188639163971,0.933527946472168,7.836642742156982,6.357061386108398,384.0,1.4444527626037598,,,,,,,,,,,,
20,,,51689,4.0,0.9781000018119812,0.8726003170013428,0.051652941852808,0.8660268783569336,0.8794447183609009,5.796156406402588,5.447891712188721,352.0,0.29661160707473755,,,,,,,,,,,,
20,,,51699,4.0,0.9905999898910522,0.9121289849281311,0.023572508245706558,0.9360980987548828,0.8908047676086426,5.358571529388428,5.120568752288818,405.0,0.2144303321838379,,,,,,,,,,,,
20,,,51709,4.0,0.9807500243186951,0.9225573539733887,0.050763651728630066,0.9229999780654907,0.9221158027648926,9.116418838500977,5.335855960845947,486.0,3.729799270629883,,,,,,,,,,,,
20,,,51719,4.0,0.9862499833106995,0.9538861513137817,0.032823193818330765,0.9404900074005127,0.9683247804641724,4.465672492980957,3.7495338916778564,919.0,0.6833153963088989,,,,,,,,,,,,
20,,,51729,4.0,0.9790999889373779,0.8988645076751709,0.04935270920395851,0.9291225075721741,0.8730911016464233,5.782449245452881,5.583512783050537,690.0,0.14958396553993225,,,,,,,,,,,,
20,,,51739,4.0,0.9765499830245972,0.9006509780883789,0.053272660821676254,0.9153499603271484,0.8871175050735474,5.646317481994629,5.399177551269531,397.0,0.1938672512769699,,,,,,,,,,,,
20,,,51749,4.0,0.9833999872207642,0.9477534294128418,0.0403701551258564,0.9438388347625732,0.951755166053772,4.347281455993652,3.8032708168029785,837.0,0.5036402344703674,,,,,,,,,,,,
20,,,51759,4.0,0.9862499833106995,0.9635969400405884,0.03968394175171852,0.9792672395706177,0.9492064714431763,5.684972286224365,5.245168209075928,1148.0,0.4001203775405884,,,,,,,,,,,,
20,,,51769,4.0,0.9901999831199646,0.9302419424057007,0.027616487815976143,0.9087650775909424,0.9543368816375732,3.938089609146118,3.701357126235962,354.0,0.2091159224510193,,,,,,,,,,,,
20,,,51779,4.0,0.991599977016449,0.9750920534133911,0.021801456809043884,0.9828161597251892,0.9676721096038818,3.7891268730163574,3.5086801052093506,911.0,0.25864535570144653,,,,,,,,,,,,
20,,,51789,4.0,0.9864000082015991,0.9217944741249084,0.03220515698194504,0.9285256266593933,0.9152946472167969,4.373312473297119,4.005924224853516,299.0,0.33518335223197937,,,,,,,,,,,,
20,,,51799,4.0,0.9849500060081482,0.9357146620750427,0.034405291080474854,0.9339315891265869,0.9375149011611938,4.852705955505371,4.36059045791626,822.0,0.45771005749702454,,,,,,,,,,,,
20,,,51809,4.0,0.9722999930381775,0.9232940673828125,0.061951737850904465,0.9031035900115967,0.9463642239570618,4.316288948059082,4.019350528717041,869.0,0.23498694598674774,,,,,,,,,,,,
20,,,51819,4.0,0.9857500195503235,0.912505030632019,0.03519291430711746,0.9207961559295654,0.9045673608779907,5.542871475219727,5.23050594329834,389.0,0.27717238664627075,,,,,,,,,,,,
20,,,51829,4.0,0.9915000200271606,0.9728800058364868,0.02074025571346283,0.975143551826477,0.9706428647041321,3.7268171310424805,3.534738063812256,774.0,0.171338751912117,,,,,,,,,,,,
20,,,51839,4.0,0.9863499999046326,0.897480845451355,0.03281061351299286,0.8848686218261719,0.9110273718833923,5.183286666870117,4.825654983520508,287.0,0.3248208463191986,,,,,,,,,,,,
20,,,51849,4.0,0.9916499853134155,0.9425691366195679,0.02276601642370224,0.9451175928115845,0.9400522708892822,5.247564792633057,4.855066776275635,343.0,0.3697318434715271,,,,,,,,,,,,
20,,,51859,4.0,0.988349974155426,0.9639043211936951,0.02961927093565464,0.9640226364135742,0.9637860655784607,3.9978418350219727,3.73097825050354,967.0,0.2372443675994873,,,,,,,,,,,,
20,,,51869,4.0,0.9911999702453613,0.9636708498001099,0.020451804623007774,0.9767501354217529,0.9513989686965942,3.927067279815674,3.632115125656128,912.0,0.27450045943260193,,,,,,,,,,,,
20,,,51879,4.0,0.9846500158309937,0.8817328214645386,0.04692309722304344,0.9501519203186035,0.8324884176254272,5.415907859802246,5.154425144195557,399.0,0.21455945074558258,,,,,,,,,,,,
20,,,51889,4.0,0.9785000085830688,0.90894615650177,0.06616266816854477,0.9129265546798706,0.9050544500350952,5.36248254776001,4.445450782775879,887.0,0.8508691787719727,,,,,,,,,,,,
20,,,51899,4.0,0.9844499826431274,0.958466649055481,0.0360761359333992,0.9612982273101807,0.955680251121521,4.288394927978516,3.819624423980713,1050.0,0.43269437551498413,,,,,,,,,,,,
20,,,51909,4.0,0.9824000000953674,0.8817278146743774,0.04237844794988632,0.8812550902366638,0.8822017908096313,5.960056304931641,4.789525985717773,300.0,1.1281518936157227,,,,,,,,,,,,
20,,,51919,4.0,0.9736999869346619,0.9171375632286072,0.06269000470638275,0.942607045173645,0.8950544595718384,6.377043724060059,5.96342134475708,1165.0,0.3509325087070465,,,,,,,,,,,,
20,,,51929,4.0,0.9832000136375427,0.9351409673690796,0.03797496110200882,0.9331276416778564,0.9371767044067383,5.0092926025390625,4.421647071838379,541.0,0.5496706366539001,,,,,,,,,,,,
20,,,51939,4.0,0.9757000207901001,0.9302582144737244,0.06151915341615677,0.9224706888198853,0.9384269118309021,6.412948131561279,6.140106201171875,1444.0,0.21132291853427887,,,,,,,,,,,,
20,,,51949,4.0,0.9928500056266785,0.976775050163269,0.020377587527036667,0.9861429929733276,0.9678384065628052,3.4140307903289795,3.1203274726867676,839.0,0.27332568168640137,,,,,,,,,,,,
20,,,51959,4.0,0.9840999841690063,0.9241054058074951,0.03690016642212868,0.9299558401107788,0.9184341430664062,4.855907440185547,4.586996555328369,468.0,0.2320108413696289,,,,,,,,,,,,
20,,,51969,4.0,0.972599983215332,0.887610912322998,0.06247785687446594,0.9255232810974121,0.8568319082260132,6.827145576477051,5.823428153991699,535.0,0.9412391185760498,,,,,,,,,,,,
20,,,51979,4.0,0.9924499988555908,0.9711489677429199,0.022303728386759758,0.9655063152313232,0.9769562482833862,5.216317653656006,4.766968727111816,761.0,0.4270453155040741,,,,,,,,,,,,
20,,,51989,4.0,0.9897000193595886,0.9556222558021545,0.025497917085886,0.960498571395874,0.9508639574050903,3.633413791656494,3.3091983795166016,794.0,0.2987174391746521,,,,,,,,,,,,
20,,,51999,4.0,0.9908000230789185,0.9608051776885986,0.026454845443367958,0.9580762386322021,0.9635721445083618,4.154149532318115,3.67539381980896,916.0,0.45230093598365784,,,,,,,,,,,,
20,,,52009,4.0,0.9898499846458435,0.9615916013717651,0.0245205070823431,0.9737980961799622,0.950106143951416,3.6511659622192383,3.4029271602630615,889.0,0.223718523979187,,,,,,,,,,,,
20,,,52019,4.0,0.9843999743461609,0.9200131893157959,0.04131680727005005,0.8931423425674438,0.9514386653900146,5.900962829589844,5.273637771606445,549.0,0.5860081911087036,,,,,,,,,,,,
20,,,52029,4.0,0.984499990940094,0.8741424083709717,0.03536698594689369,0.8908407688140869,0.8589147329330444,5.314269542694092,5.019534111022949,220.0,0.2593682110309601,,,,,,,,,,,,
20,,,52039,4.0,0.9888499975204468,0.9286472797393799,0.0262063667178154,0.9253990650177002,0.931950569152832,4.890193462371826,4.62900972366333,325.0,0.23497708141803741,,,,,,,,,,,,
20,,,52049,4.0,0.9922000169754028,0.9196869134902954,0.017386481165885925,0.9431715607643127,0.8986906409263611,4.615678787231445,4.238830089569092,239.0,0.35946229100227356,,,,,,,,,,,,
20,,,52059,4.0,0.9882500171661377,0.9291279315948486,0.028154410421848297,0.9312673807144165,0.9270119667053223,4.832980155944824,4.55538272857666,386.0,0.24944312870502472,,,,,,,,,,,,
20,,,52069,4.0,0.9700999855995178,0.9115102291107178,0.06979992985725403,0.9264403581619263,0.8978514671325684,5.563122749328613,4.340922832489014,1065.0,1.1523997783660889,,,,,,,,,,,,
20,,,52079,4.0,0.986050009727478,0.9497451186180115,0.037268828600645065,0.9271143674850464,0.9754930138587952,4.693449974060059,3.8209168910980225,696.0,0.8352643251419067,,,,,,,,,,,,
20,,,52089,4.0,0.986549973487854,0.9085378646850586,0.02882264368236065,0.929396390914917,0.8897785544395447,5.553913116455078,4.837728977203369,535.0,0.6873617172241211,,,,,,,,,,,,
20,,,52099,4.0,0.9923499822616577,0.9413120746612549,0.019020523875951767,0.9416280388832092,0.9409966468811035,3.82771897315979,3.5424559116363525,261.0,0.26624247431755066,,,,,,,,,,,,
20,,,52109,4.0,0.9739999771118164,0.8714104890823364,0.05886165797710419,0.8197354078292847,0.9473754167556763,5.89058780670166,5.440913677215576,268.0,0.39081260561943054,,,,,,,,,,,,
20,,,52119,4.0,0.9942499995231628,0.9834243059158325,0.014088734053075314,0.9911222457885742,0.9760257005691528,3.599018096923828,3.292750597000122,963.0,0.2921789884567261,,,,,,,,,,,,
20,,,52129,4.0,0.993149995803833,0.9469175338745117,0.015975067391991615,0.9478894472122192,0.9459501504898071,4.763781547546387,4.3391499519348145,383.0,0.4086564779281616,,,,,,,,,,,,
20,,,52139,4.0,0.9915000200271606,0.8705934286117554,0.026306243613362312,0.938015341758728,0.8216975927352905,5.606480121612549,5.010761737823486,207.0,0.569412112236023,,,,,,,,,,,,
20,,,52149,4.0,0.9829000234603882,0.8989169001579285,0.03881156072020531,0.8901118040084839,0.9081777334213257,4.389269828796387,4.116993427276611,411.0,0.23346473276615143,,,,,,,,,,,,
20,,,52159,4.0,0.986299991607666,0.8393886089324951,0.031029654666781425,0.879627525806427,0.8072181344032288,5.950506210327148,5.741806983947754,350.0,0.17766952514648438,,,,,,,,,,,,
20,,,52169,4.0,0.9836999773979187,0.9411530494689941,0.036656007170677185,0.9511695504188538,0.931656002998352,4.317442893981934,3.8579742908477783,963.0,0.42281264066696167,,,,,,,,,,,,
20,,,52179,4.0,0.9904000163078308,0.9494257569313049,0.027463611215353012,0.928047776222229,0.9733628034591675,4.8017683029174805,4.0104451179504395,691.0,0.7638598680496216,,,,,,,,,,,,
20,,,52189,4.0,0.9873999953269958,0.8532713055610657,0.028757641091942787,0.8251776099205017,0.8870408535003662,4.153728008270264,3.962603807449341,207.0,0.16236673295497894,,,,,,,,,,,,
20,,,52199,4.0,0.9821500182151794,0.8624711036682129,0.041830435395240784,0.8729506731033325,0.8526121377944946,5.277806282043457,5.030996322631836,562.0,0.20497959852218628,,,,,,,,,,,,
20,,,52209,4.0,0.9801999926567078,0.917186975479126,0.04593215137720108,0.9082837104797363,0.926559329032898,5.078627586364746,4.421901226043701,665.0,0.6107938289642334,,,,,,,,,,,,
20,,,52219,4.0,0.9922999739646912,0.958609938621521,0.02254362963140011,0.9658527374267578,0.9516145586967468,3.864799737930298,3.5687386989593506,835.0,0.27351728081703186,,,,,,,,,,,,
20,,,52229,4.0,0.9796000123023987,0.8966372609138489,0.04322952777147293,0.8611034154891968,0.9412834048271179,4.897947788238525,4.4557952880859375,343.0,0.3989228308200836,,,,,,,,,,,,
20,,,52239,4.0,0.9868999719619751,0.9136788845062256,0.03494863584637642,0.9360150098800659,0.893712043762207,5.320036888122559,4.303004264831543,538.0,0.9820836186408997,,,,,,,,,,,,
20,,,52249,4.0,0.9779999852180481,0.8920513987541199,0.05012613162398338,0.90898197889328,0.8766452074050903,5.6313934326171875,4.384109020233154,309.0,1.1971583366394043,,,,,,,,,,,,
20,,,52259,4.0,0.9833999872207642,0.9430612325668335,0.04184659570455551,0.9546762108802795,0.9321439266204834,4.774980545043945,4.426272392272949,825.0,0.3068614900112152,,,,,,,,,,,,
20,,,52269,4.0,0.9886500239372253,0.8708458542823792,0.030921945348381996,0.8633520007133484,0.8786740303039551,5.135827541351318,4.400879859924316,212.0,0.7040258646011353,,,,,,,,,,,,
20,,,52279,4.0,0.98294997215271,0.9464900493621826,0.03972245380282402,0.9580715894699097,0.935612678527832,4.440629959106445,4.1060662269592285,901.0,0.2948414981365204,,,,,,,,,,,,
20,,,52289,4.0,0.9830999970436096,0.9310240149497986,0.038792360574007034,0.8987133502960205,0.9702464938163757,4.822497367858887,4.42555570602417,574.0,0.35814976692199707,,,,,,,,,,,,
20,,,52299,4.0,0.9865999817848206,0.9385857582092285,0.0335383377969265,0.9272059202194214,0.9506872892379761,5.3831024169921875,4.858030319213867,546.0,0.49153396487236023,,,,,,,,,,,,
20,,,52309,4.0,0.9836500287055969,0.945104718208313,0.03857447952032089,0.9503124952316284,0.9400420784950256,4.535726070404053,4.27311897277832,833.0,0.22403225302696228,,,,,,,,,,,,
20,,,52319,4.0,0.975350022315979,0.9308040142059326,0.055500976741313934,0.9429731965065002,0.9194667339324951,5.598733425140381,4.997568607330322,689.0,0.5456637144088745,,,,,,,,,,,,
20,,,52329,4.0,0.9814000129699707,0.9319713711738586,0.04456089437007904,0.91725093126297,0.9480065107345581,4.885408401489258,4.615889072418213,876.0,0.22495844960212708,,,,,,,,,,,,
20,,,52339,4.0,0.9815000295639038,0.9143783450126648,0.04267161712050438,0.8794548511505127,0.957719087600708,4.446928977966309,4.116601467132568,371.0,0.28765586018562317,,,,,,,,,,,,
20,,,52349,4.0,0.985450029373169,0.9370017051696777,0.03738716244697571,0.914394736289978,0.9626951813697815,4.623610019683838,4.265940189361572,608.0,0.3202822804450989,,,,,,,,,,,,
20,,,52359,4.0,0.9751499891281128,0.8973007202148438,0.052403710782527924,0.8824107646942139,0.913635790348053,4.410154819488525,4.151123046875,412.0,0.20662803947925568,,,,,,,,,,,,
20,,,52369,4.0,0.9908499717712402,0.9440077543258667,0.02235533855855465,0.9719052314758301,0.9195085763931274,5.596098899841309,5.277045726776123,370.0,0.29669755697250366,,,,,,,,,,,,
20,,,52379,4.0,0.9841499924659729,0.9407143592834473,0.03432771563529968,0.9498225450515747,0.9320347309112549,4.374815464019775,3.8737473487854004,833.0,0.466740220785141,,,,,,,,,,,,
20,,,52389,4.0,0.989799976348877,0.9591789245605469,0.0240414310246706,0.973020076751709,0.9462525844573975,4.770046234130859,4.454583168029785,838.0,0.2914216220378876,,,,,,,,,,,,
20,,,52399,4.0,0.9886000156402588,0.9323926568031311,0.02811450883746147,0.9309948086738586,0.9338005781173706,6.887436866760254,5.5366106033325195,709.0,1.3227118253707886,,,,,,,,,,,,
20,,,52409,4.0,0.984000027179718,0.9266100525856018,0.03936050459742546,0.913910984992981,0.9402437210083008,4.946692943572998,4.67582893371582,519.0,0.2315034717321396,,,,,,,,,,,,
20,,,52419,4.0,0.9920499920845032,0.951187014579773,0.020291177555918694,0.9639949798583984,0.9391335248947144,4.750351428985596,4.450733184814453,459.0,0.27932700514793396,,,,,,,,,,,,
20,,,52429,4.0,0.9673500061035156,0.7540923953056335,0.09315769374370575,0.8631235361099243,0.6983625292778015,5.198028087615967,4.895057678222656,391.0,0.20981259644031525,,,,,,,,,,,,
20,,,52439,4.0,0.9824000000953674,0.9439049959182739,0.040882524102926254,0.934546947479248,0.9537805914878845,4.549404621124268,4.037450790405273,950.0,0.47107142210006714,,,,,,,,,,,,
20,,,52449,4.0,0.9928500056266785,0.9655346870422363,0.020744049921631813,0.960210919380188,0.9710004329681396,3.483302354812622,3.1757822036743164,874.0,0.28677603602409363,,,,,,,,,,,,
20,,,52459,4.0,0.983299970626831,0.9014936685562134,0.03683450445532799,0.8906108736991882,0.9130764007568359,4.957822322845459,4.5904154777526855,358.0,0.3305722773075104,,,,,,,,,,,,
20,,,52469,4.0,0.9810500144958496,0.8982855081558228,0.04340527579188347,0.9223823547363281,0.8770852088928223,5.2868475914001465,5.110614776611328,400.0,0.13282762467861176,,,,,,,,,,,,
20,,,52479,4.0,0.9930999875068665,0.9722122550010681,0.024303661659359932,0.9844422340393066,0.960681140422821,3.6943793296813965,3.372421979904175,847.0,0.2976537048816681,,,,,,,,,,,,
20,,,52489,4.0,0.971750020980835,0.8901695013046265,0.0667768344283104,0.9528193473815918,0.844926655292511,5.785824298858643,5.421064853668213,772.0,0.2979826331138611,,,,,,,,,,,,
20,,,52499,4.0,0.9796000123023987,0.8975666761398315,0.0443604476749897,0.9382281303405762,0.8645967245101929,4.354007720947266,4.129601001739502,400.0,0.18004630506038666,,,,,,,,,,,,
20,,,52509,4.0,0.965749979019165,0.9064579010009766,0.07772481441497803,0.9279053807258606,0.8876367807388306,6.148916721343994,5.574636459350586,1185.0,0.49655550718307495,,,,,,,,,,,,
20,,,52519,4.0,0.972350001335144,0.9235171675682068,0.09676697105169296,0.9453896284103394,0.9042495489120483,6.905666351318359,6.606388568878174,1597.0,0.2025107443332672,,,,,,,,,,,,
20,,,52529,4.0,0.9919999837875366,0.961187481880188,0.02189827337861061,0.9495687484741211,0.9735112190246582,4.797181129455566,4.251224994659424,509.0,0.5240578055381775,,,,,,,,,,,,
20,,,52539,4.0,0.987500011920929,0.9322827458381653,0.030710123479366302,0.9256327152252197,0.9391705393791199,3.9024786949157715,3.468189001083374,505.0,0.403579443693161,,,,,,,,,,,,
20,,,52549,4.0,0.9878000020980835,0.9438579082489014,0.030373040586709976,0.9374603033065796,0.9504744410514832,4.934676647186279,4.12868595123291,697.0,0.7756174206733704,,,,,,,,,,,,
20,,,52559,4.0,0.984250009059906,0.9435714483261108,0.04207172989845276,0.9497451782226562,0.9375983476638794,5.960265159606934,5.4706902503967285,842.0,0.4475032091140747,,,,,,,,,,,,
20,,,52569,4.0,0.98580002784729,0.9110616445541382,0.03303654491901398,0.9247642755508423,0.8982993364334106,4.83883810043335,4.588277339935303,310.0,0.2175239473581314,,,,,,,,,,,,
20,,,52579,4.0,0.9848499894142151,0.8792775869369507,0.051711149513721466,0.9234985113143921,0.8439739346504211,4.60964822769165,4.241654872894287,303.0,0.3162824511528015,,,,,,,,,,,,
20,,,52589,4.0,0.978950023651123,0.8354493975639343,0.05335750803351402,0.8780789375305176,0.8020771741867065,5.508796691894531,5.0599541664123535,348.0,0.395484983921051,,,,,,,,,,,,
20,,,52599,4.0,0.9784500002861023,0.941474199295044,0.051071085035800934,0.950575590133667,0.9328393936157227,4.618383884429932,4.274121284484863,924.0,0.2931915819644928,,,,,,,,,,,,
20,,,52609,4.0,0.9718000292778015,0.8898841142654419,0.0614992193877697,0.8541653156280518,0.935634970664978,5.1668620109558105,4.7836012840271,592.0,0.3217616081237793,,,,,,,,,,,,
20,,,52619,4.0,0.9821500182151794,0.9166691303253174,0.04249045252799988,0.9087425470352173,0.9249584674835205,5.08673620223999,4.696165084838867,531.0,0.3480808138847351,,,,,,,,,,,,
20,,,52629,4.0,0.9858499765396118,0.9142740964889526,0.03359958902001381,0.8969969749450684,0.9333124160766602,5.858162879943848,5.339052200317383,325.0,0.4855114221572876,,,,,,,,,,,,
20,,,52639,4.0,0.9831500053405762,0.8751916885375977,0.041080065071582794,0.8801735639572144,0.8703500032424927,5.94304084777832,5.677231788635254,444.0,0.22472929954528809,,,,,,,,,,,,
20,,,52649,4.0,0.9858499765396118,0.9609459042549133,0.03665811941027641,0.9647449254989624,0.9572263360023499,4.4415154457092285,4.129392147064209,935.0,0.27546510100364685,,,,,,,,,,,,
20,,,52659,4.0,0.9916499853134155,0.932044267654419,0.023415809497237206,0.9397637248039246,0.9246104955673218,4.537654399871826,4.2158284187316895,349.0,0.2984098494052887,,,,,,,,,,,,
20,,,52669,4.0,0.9914000034332275,0.947695255279541,0.024002715945243835,0.9719599485397339,0.9260244369506836,4.660371780395508,4.266801357269287,605.0,0.3695678114891052,,,,,,,,,,,,
20,,,52679,4.0,0.974399983882904,0.8664016723632812,0.06432224810123444,0.8864896297454834,0.848546028137207,5.623500347137451,5.290753364562988,450.0,0.26842451095581055,,,,,,,,,,,,
20,,,52689,4.0,0.9802500009536743,0.9158276319503784,0.05094517394900322,0.8892989754676819,0.947006344795227,5.2294816970825195,4.739528656005859,414.0,0.4390075206756592,,,,,,,,,,,,
20,,,52699,4.0,0.9863499999046326,0.971043586730957,0.03614266216754913,0.9759854674339294,0.9662485718727112,4.227025032043457,3.9284582138061523,1092.0,0.2624242603778839,,,,,,,,,,,,
20,,,52709,4.0,0.9868500232696533,0.9423624277114868,0.028000418096780777,0.9470176696777344,0.9378179311752319,4.146728038787842,3.893577814102173,756.0,0.2251499444246292,,,,,,,,,,,,
20,,,52719,4.0,0.970550000667572,0.9082387685775757,0.07458333671092987,0.9319642186164856,0.8875504732131958,6.607765197753906,5.304373264312744,1200.0,1.2288084030151367,,,,,,,,,,,,
20,,,52729,4.0,0.983299970626831,0.8387560248374939,0.03848455473780632,0.8663595914840698,0.8152562379837036,5.276464462280273,5.051905632019043,318.0,0.18607409298419952,,,,,,,,,,,,
20,,,52739,4.0,0.9830999970436096,0.8541039824485779,0.04623325541615486,0.878826379776001,0.8326187133789062,5.231114864349365,4.5957112312316895,252.0,0.5891703367233276,,,,,,,,,,,,
20,,,52749,4.0,0.9882500171661377,0.8882852792739868,0.02780468761920929,0.8444019556045532,0.9461209774017334,5.743859767913818,5.473087310791016,200.0,0.24296772480010986,,,,,,,,,,,,
20,,,52759,4.0,0.9898999929428101,0.9662882089614868,0.024916116148233414,0.9642155170440674,0.9683836698532104,4.3909711837768555,3.9304821491241455,892.0,0.4355728030204773,,,,,,,,,,,,
20,,,52769,4.0,0.9868000149726868,0.958583652973175,0.031347718089818954,0.968585729598999,0.9490966796875,5.9351091384887695,5.546623706817627,1283.0,0.35713744163513184,,,,,,,,,,,,
20,,,52779,4.0,0.9754499793052673,0.9081138372421265,0.05682039260864258,0.8985830545425415,0.9182119369506836,5.629718780517578,5.2542219161987305,485.0,0.3186766803264618,,,,,,,,,,,,
20,,,52789,4.0,0.9875500202178955,0.9223344326019287,0.03414510563015938,0.9216115474700928,0.9230600595474243,4.023679256439209,3.5963244438171387,685.0,0.39320966601371765,,,,,,,,,,,,
20,,,52799,4.0,0.9909499883651733,0.9584044218063354,0.026309331879019737,0.9631184339523315,0.9537988901138306,3.571779489517212,3.1730031967163086,954.0,0.3724670708179474,,,,,,,,,,,,
20,,,52809,4.0,0.9728999733924866,0.9269214272499084,0.07469402253627777,0.9499936103820801,0.9067302942276001,5.229872703552246,4.851325511932373,905.0,0.30385294556617737,,,,,,,,,,,,
20,,,52819,4.0,0.9907500147819519,0.949518620967865,0.023843998089432716,0.9654204845428467,0.934782862663269,5.099766731262207,4.75263786315918,691.0,0.3232850134372711,,,,,,,,,,,,
20,,,52829,4.0,0.9929500222206116,0.9440722465515137,0.018167978152632713,0.9243199825286865,0.9659168124198914,4.786910533905029,4.1407012939453125,252.0,0.6280413866043091,,,,,,,,,,,,
20,,,52839,4.0,0.9767000079154968,0.8582907915115356,0.07498353719711304,0.8986241817474365,0.8260678052902222,5.846177101135254,5.290390968322754,415.0,0.480802446603775,,,,,,,,,,,,
20,,,52849,4.0,0.9790999889373779,0.9162406325340271,0.049205485731363297,0.9313081502914429,0.9023618102073669,5.379693508148193,5.0116167068481445,868.0,0.3188716471195221,,,,,,,,,,,,
20,,,52859,4.0,0.9902499914169312,0.9539490938186646,0.02403475157916546,0.9564393162727356,0.9514896869659424,3.993168592453003,3.5514750480651855,700.0,0.41765886545181274,,,,,,,,,,,,
20,,,52869,4.0,0.9870499968528748,0.9073918461799622,0.04307170212268829,0.9193827509880066,0.8961243033409119,5.36909294128418,5.029087066650391,279.0,0.2969340682029724,,,,,,,,,,,,
20,,,52879,4.0,0.9919000267982483,0.9720876216888428,0.019374243915081024,0.9707218408584595,0.9734630584716797,3.9277451038360596,3.5123140811920166,992.0,0.3960568904876709,,,,,,,,,,,,
20,,,52889,4.0,0.991100013256073,0.889979898929596,0.0251624695956707,0.9391595721244812,0.8510991930961609,5.142292022705078,4.700706481933594,159.0,0.4164227545261383,,,,,,,,,,,,
20,,,52899,4.0,0.9743000268936157,0.84455806016922,0.06905346363782883,0.913949191570282,0.7967610359191895,6.3196563720703125,5.381270885467529,650.0,0.8693320155143738,,,,,,,,,,,,
20,,,52909,4.0,0.9819499850273132,0.9313853979110718,0.04876071959733963,0.9090720415115356,0.9568395614624023,4.8614325523376465,4.153726577758789,907.0,0.6589449048042297,,,,,,,,,,,,
20,,,52919,4.0,0.9886500239372253,0.953790545463562,0.027585657313466072,0.959159255027771,0.9485666751861572,5.528070449829102,5.279666900634766,622.0,0.22081807255744934,,,,,,,,,,,,
20,,,52929,4.0,0.9911999702453613,0.8979771733283997,0.022100714966654778,0.8811232447624207,0.9164818525314331,4.670012950897217,4.342255115509033,161.0,0.3056570291519165,,,,,,,,,,,,
20,,,52939,4.0,0.9887999892234802,0.9657605886459351,0.026211697608232498,0.9657605886459351,0.9657605886459351,4.83262825012207,4.163234710693359,886.0,0.6431818604469299,,,,,,,,,,,,
20,,,52949,4.0,0.9890000224113464,0.8862929344177246,0.02591790072619915,0.895634651184082,0.877407431602478,4.413761615753174,4.253392219543457,199.0,0.13445138931274414,,,,,,,,,,,,
20,,,52959,4.0,0.977400004863739,0.9141732454299927,0.053935516625642776,0.896986722946167,0.9332559108734131,6.3785810470581055,5.55195426940918,852.0,0.7726912498474121,,,,,,,,,,,,
20,,,52969,4.0,0.9915000200271606,0.9702243208885193,0.021085506305098534,0.9755880832672119,0.9650042057037354,4.430732727050781,4.05626916885376,782.0,0.3533778786659241,,,,,,,,,,,,
20,,,52979,4.0,0.9792500138282776,0.9132452011108398,0.0476214736700058,0.9006062746047974,0.9268617630004883,4.3996148109436035,4.118976593017578,617.0,0.23301713168621063,,,,,,,,,,,,
20,,,52989,4.0,0.9841499924659729,0.896994948387146,0.03874347358942032,0.9059949517250061,0.8884235620498657,7.184217929840088,6.195113658905029,325.0,0.950360894203186,,,,,,,,,,,,
20,,,52999,4.0,0.9932000041007996,0.9555695056915283,0.01830061711370945,0.9428236484527588,0.9691469669342041,4.563729286193848,4.316417217254639,407.0,0.22901175916194916,,,,,,,,,,,,
20,,,53009,4.0,0.988349974155426,0.9574834108352661,0.029719699174165726,0.9498166441917419,0.9654707908630371,4.499658584594727,4.003863334655762,815.0,0.46607550978660583,,,,,,,,,,,,
20,,,53019,4.0,0.977649986743927,0.8660774230957031,0.0557764396071434,0.8945777416229248,0.8418044447898865,6.176649570465088,5.545053482055664,434.0,0.5758194327354431,,,,,,,,,,,,
20,,,53029,4.0,0.9850999712944031,0.9010975360870361,0.031697019934654236,0.887401819229126,0.915905237197876,4.220000267028809,3.9001431465148926,311.0,0.288160115480423,,,,,,,,,,,,
20,,,53039,4.0,0.9752500057220459,0.7531243562698364,0.05769350752234459,0.752885103225708,0.753364086151123,5.507111549377441,4.748628616333008,204.0,0.7007892727851868,,,,,,,,,,,,
20,,,53049,4.0,0.9876499772071838,0.9550962448120117,0.03130354359745979,0.9692710638046265,0.9419066905975342,5.519560813903809,4.164529323577881,892.0,1.3237279653549194,,,,,,,,,,,,
20,,,53059,4.0,0.9900500178337097,0.9361764192581177,0.0256656426936388,0.9480903744697571,0.9249372482299805,4.709971904754639,4.466723442077637,221.0,0.21758276224136353,,,,,,,,,,,,
20,,,53069,4.0,0.9901999831199646,0.9691716432571411,0.024118341505527496,0.9815054535865784,0.9575930833816528,4.096172332763672,3.593799114227295,887.0,0.47825485467910767,,,,,,,,,,,,
20,,,53079,4.0,0.9879500269889832,0.955803632736206,0.030034475028514862,0.9602753520011902,0.9514344930648804,4.10222864151001,3.70707368850708,803.0,0.36512047052383423,,,,,,,,,,,,
20,,,53089,4.0,0.9797999858856201,0.8936842083930969,0.04784978926181793,0.9267518520355225,0.8659048080444336,5.088488578796387,4.9312052726745605,463.0,0.10943382978439331,,,,,,,,,,,,
20,,,53099,4.0,0.9800500273704529,0.9205715656280518,0.051601044833660126,0.8936692476272583,0.9522745609283447,5.722195625305176,5.061482906341553,515.0,0.6091115474700928,,,,,,,,,,,,
20,,,53109,4.0,0.989549994468689,0.9301654100418091,0.027932599186897278,0.9151252508163452,0.9464528560638428,5.370388507843018,5.102915287017822,286.0,0.23954039812088013,,,,,,,,,,,,
20,,,53119,4.0,0.9864500164985657,0.938123881816864,0.03681718558073044,0.9386550784111023,0.9375941753387451,4.717365741729736,4.335726737976074,872.0,0.34482213854789734,,,,,,,,,,,,
20,,,53129,4.0,0.9880499839782715,0.9631438851356506,0.03206532448530197,0.9570233821868896,0.9694733619689941,3.759145975112915,3.3465425968170166,893.0,0.38053789734840393,,,,,,,,,,,,
20,,,53139,4.0,0.9747499823570251,0.8386061787605286,0.049820415675640106,0.8685043454170227,0.8136261701583862,6.414904594421387,5.637568473815918,424.0,0.7275155186653137,,,,,,,,,,,,
20,,,53149,4.0,0.9817000031471252,0.9308634996414185,0.0483667366206646,0.9151151180267334,0.9481185078620911,4.109965801239014,3.6906285285949707,912.0,0.3709704279899597,,,,,,,,,,,,
20,,,53159,4.0,0.9840499758720398,0.9605289101600647,0.038791220635175705,0.9728326797485352,0.9490550756454468,4.474451541900635,4.203078269958496,1066.0,0.2325821816921234,,,,,,,,,,,,
20,,,53169,4.0,0.9819999933242798,0.9526121020317078,0.04540852829813957,0.9610730409622192,0.9445496797561646,5.120433330535889,4.250339984893799,1072.0,0.8246846199035645,,,,,,,,,,,,
20,,,53179,4.0,0.9864500164985657,0.9585452079772949,0.0345771349966526,0.9407051801681519,0.9783139228820801,4.53365421295166,3.970892906188965,1084.0,0.5281836986541748,,,,,,,,,,,,
20,,,53189,4.0,0.98580002784729,0.9527615308761597,0.0325850211083889,0.9712755680084229,0.9359347820281982,4.281835556030273,3.770965814590454,898.0,0.47828465700149536,,,,,,,,,,,,
20,,,53199,4.0,0.9825500249862671,0.8730201721191406,0.037913061678409576,0.8335905075073242,0.9243029952049255,4.5434393882751465,3.99253249168396,205.0,0.5129939317703247,,,,,,,,,,,,
20,,,53209,4.0,0.9763500094413757,0.9038493633270264,0.05145325884222984,0.9086198806762695,0.8992085456848145,8.040111541748047,5.124850749969482,453.0,2.863807439804077,,,,,,,,,,,,
20,,,53219,4.0,0.9823499917984009,0.8008875846862793,0.036283668130636215,0.8025171160697937,0.79927659034729,5.174027442932129,4.405231475830078,244.0,0.7325122356414795,,,,,,,,,,,,
20,,,53229,4.0,0.9896000027656555,0.9124890565872192,0.024963563308119774,0.9131418466567993,0.9118385314941406,4.615469932556152,4.444660663604736,194.0,0.14584586024284363,,,,,,,,,,,,
20,,,53239,4.0,0.9813500046730042,0.9178122282028198,0.060278166085481644,0.9753724336624146,0.8742066025733948,4.280022621154785,3.8586792945861816,798.0,0.3610650599002838,,,,,,,,,,,,
20,,,53249,4.0,0.9878000020980835,0.9262104034423828,0.03076985478401184,0.9201830625534058,0.9324327111244202,5.40123987197876,5.129064559936523,435.0,0.24140527844429016,,,,,,,,,,,,
20,,,53259,4.0,0.9868999719619751,0.955604076385498,0.03446836769580841,0.9715513586997986,0.940911054611206,4.395662307739258,3.9607455730438232,954.0,0.40044814348220825,,,,,,,,,,,,
20,,,53269,4.0,0.9861999750137329,0.9557357430458069,0.034842297434806824,0.9554933309555054,0.9559784531593323,5.818393707275391,5.158665657043457,950.0,0.6248854994773865,,,,,,,,,,,,
20,,,53279,4.0,0.9842000007629395,0.9598444700241089,0.0412147231400013,0.9768410921096802,0.9443784356117249,4.3518781661987305,3.954369306564331,1057.0,0.3562941551208496,,,,,,,,,,,,
20,,,53289,4.0,0.9846500158309937,0.95577073097229,0.039064567536115646,0.9479862451553345,0.963910698890686,4.8184895515441895,4.499074935913086,918.0,0.2803502380847931,,,,,,,,,,,,
20,,,53299,4.0,0.9863499999046326,0.9385589361190796,0.03365260362625122,0.9356220960617065,0.941541850566864,5.098657131195068,4.663744926452637,526.0,0.40125948190689087,,,,,,,,,,,,
20,,,53309,4.0,0.9947500228881836,0.9107279181480408,0.015580411069095135,0.9197360277175903,0.9021108746528625,5.934321880340576,5.719919681549072,252.0,0.19882188737392426,,,,,,,,,,,,
20,,,53319,4.0,0.990149974822998,0.8951922655105591,0.021741492673754692,0.913233757019043,0.8787410259246826,4.835747718811035,4.117475986480713,264.0,0.6965301632881165,,,,,,,,,,,,
20,,,53329,4.0,0.9699500203132629,0.9066089391708374,0.07352893799543381,0.8789619207382202,0.9399988651275635,6.761021614074707,5.526633262634277,723.0,1.16085946559906,,,,,,,,,,,,
20,,,53339,4.0,0.989549994468689,0.9250710606575012,0.02759847417473793,0.9388267993927002,0.9122203588485718,5.060309886932373,4.762088775634766,392.0,0.27062293887138367,,,,,,,,,,,,
20,,,53349,4.0,0.9886500239372253,0.9498656988143921,0.027673885226249695,0.9797762632369995,0.9239358901977539,4.364862442016602,4.050870895385742,995.0,0.28631797432899475,,,,,,,,,,,,
20,,,53359,4.0,0.9901999831199646,0.9438221454620361,0.024157904088497162,0.9508796334266663,0.937005877494812,4.997873306274414,4.666478157043457,535.0,0.30723732709884644,,,,,,,,,,,,
20,,,53369,4.0,0.972000002861023,0.873110294342041,0.06490249931812286,0.895458459854126,0.8535006046295166,5.8778605461120605,5.322620391845703,664.0,0.4903377294540405,,,,,,,,,,,,
20,,,53379,4.0,0.9885500073432922,0.9579253196716309,0.0301505159586668,0.9510179162025452,0.9650911688804626,3.939964771270752,3.4177846908569336,849.0,0.4920295476913452,,,,,,,,,,,,
20,,,53389,4.0,0.9803000092506409,0.9241467118263245,0.04966995120048523,0.8876246213912964,0.9700961112976074,5.4130778312683105,4.877377510070801,514.0,0.4860303997993469,,,,,,,,,,,,
20,,,53399,4.0,0.9870499968528748,0.9247849583625793,0.04063724726438522,0.9566348195075989,0.8974913954734802,4.964208126068115,4.704041481018066,494.0,0.2195296585559845,,,,,,,,,,,,
20,,,53409,4.0,0.9919000267982483,0.9775697588920593,0.020947791635990143,0.9838036298751831,0.9715389013290405,3.6236324310302734,3.3426320552825928,870.0,0.2600526511669159,,,,,,,,,,,,
20,,,53419,4.0,0.9876499772071838,0.865034818649292,0.03808675333857536,0.9053717851638794,0.8323520421981812,4.463237285614014,4.056352138519287,241.0,0.3687983453273773,,,,,,,,,,,,
20,,,53429,4.0,0.989549994468689,0.8789819478988647,0.028611069545149803,0.9094682931900024,0.8529186248779297,4.4793381690979,4.196659564971924,208.0,0.25406742095947266,,,,,,,,,,,,
20,,,53439,4.0,0.9902499914169312,0.9384737610816956,0.023077741265296936,0.9357011318206787,0.9412855505943298,4.5757341384887695,4.191357612609863,340.0,0.361298531293869,,,,,,,,,,,,
20,,,53449,4.0,0.9731000065803528,0.7208374738693237,0.08004618436098099,0.756671667098999,0.6943487524986267,5.881606101989746,5.531734943389893,198.0,0.26982489228248596,,,,,,,,,,,,
20,,,53459,4.0,0.9905499815940857,0.9558836817741394,0.021911920979619026,0.9697426557540894,0.9429251551628113,4.558744430541992,3.8648831844329834,793.0,0.6719492077827454,,,,,,,,,,,,
20,,,53469,4.0,0.9702000021934509,0.8976072072982788,0.06970325857400894,0.932774543762207,0.8687323927879333,6.067131519317627,5.587098598480225,1047.0,0.410329669713974,,,,,,,,,,,,
20,,,53479,4.0,0.9833499789237976,0.9147471189498901,0.045283980667591095,0.9126635789871216,0.9168546795845032,6.124947547912598,5.57467794418335,650.0,0.5049855709075928,,,,,,,,,,,,
20,,,53489,4.0,0.9805499911308289,0.8893681764602661,0.04664665833115578,0.9122974872589111,0.869114875793457,6.501710414886475,6.031836032867432,373.0,0.42322760820388794,,,,,,,,,,,,
20,,,53499,4.0,0.9763500094413757,0.8700336813926697,0.049142830073833466,0.9178251028060913,0.8330469727516174,5.160242557525635,4.879248142242432,357.0,0.23185136914253235,,,,,,,,,,,,
20,,,53509,4.0,0.985450029373169,0.9599301815032959,0.03573158383369446,0.9630916714668274,0.9568241238594055,5.365571975708008,4.9611382484436035,1044.0,0.36870208382606506,,,,,,,,,,,,
20,,,53519,4.0,0.986299991607666,0.9589194059371948,0.034246962517499924,0.9674267768859863,0.950792133808136,5.263952255249023,4.173305511474609,854.0,1.0563995838165283,,,,,,,,,,,,
20,,,53529,4.0,0.9875500202178955,0.7684041261672974,0.02494182251393795,0.7994064092636108,0.7434105277061462,5.415534496307373,5.197947025299072,134.0,0.19264566898345947,,,,,,,,,,,,
20,,,53539,4.0,0.9899500012397766,0.9606637954711914,0.024328675121068954,0.9814693927764893,0.9418606758117676,4.041841506958008,3.6829442977905273,1073.0,0.33456873893737793,,,,,,,,,,,,
20,,,53549,4.0,0.9769999980926514,0.7565040588378906,0.06596682965755463,0.9332007169723511,0.6853888034820557,6.004724979400635,5.731991767883301,403.0,0.206766739487648,,,,,,,,,,,,
20,,,53559,4.0,0.9887999892234802,0.9259290099143982,0.028869127854704857,0.9387980699539185,0.9138599038124084,4.553542613983154,4.253843307495117,677.0,0.270829975605011,,,,,,,,,,,,
20,,,53569,4.0,0.9828500151634216,0.9671129584312439,0.04666493833065033,0.9606276750564575,0.9738926887512207,5.059267997741699,4.661844253540039,992.0,0.3507591485977173,,,,,,,,,,,,
,8.961267311259666e-05,0.0008961267311259666,53571,,,,,,,,,,,,,,,,,,,,,,
21,,,53579,4.0,0.970300018787384,0.9107673168182373,0.06755655258893967,0.9288605451583862,0.8945032954216003,4.8649749755859375,4.144720554351807,1070.0,0.6526978611946106,,,,,,,,,,,,
21,,,53589,4.0,0.9800999760627747,0.87883460521698,0.041246168315410614,0.8942634463310242,0.8646893501281738,5.281345367431641,4.921126365661621,420.0,0.3189733028411865,,,,,,,,,,,,
21,,,53599,4.0,0.9803000092506409,0.9324280619621277,0.042391326278448105,0.9440311789512634,0.9215389490127563,4.370944499969482,4.073014736175537,954.0,0.2555384039878845,,,,,,,,,,,,
21,,,53609,4.0,0.9872000217437744,0.9244982004165649,0.029809754341840744,0.9240423440933228,0.9249550700187683,5.103255748748779,4.668041706085205,412.0,0.4054040312767029,,,,,,,,,,,,
21,,,53619,4.0,0.9865000247955322,0.8431400060653687,0.029876425862312317,0.8140076398849487,0.8786510229110718,5.0095319747924805,4.783970355987549,160.0,0.19568561017513275,,,,,,,,,,,,
21,,,53629,4.0,0.9851999878883362,0.8663668632507324,0.0350642167031765,0.9139693975448608,0.829148530960083,5.260280609130859,4.8504767417907715,413.0,0.37473970651626587,,,,,,,,,,,,
21,,,53639,4.0,0.9815999865531921,0.8843574523925781,0.04398294910788536,0.8906728029251099,0.8782641887664795,6.394039154052734,5.005555629730225,348.0,1.3445003032684326,,,,,,,,,,,,
21,,,53649,4.0,0.9871500134468079,0.8862011432647705,0.034564390778541565,0.9458613395690918,0.8413957357406616,5.020593166351318,4.562952041625977,338.0,0.42307642102241516,,,,,,,,,,,,
21,,,53659,4.0,0.9836999773979187,0.9172608852386475,0.03787695989012718,0.9149973392486572,0.9195526242256165,6.25567626953125,5.876871109008789,391.0,0.34092798829078674,,,,,,,,,,,,
21,,,53669,4.0,0.9810500144958496,0.9212303757667542,0.04546947777271271,0.8935096263885498,0.9540138244628906,4.5283403396606445,4.048688888549805,571.0,0.43418222665786743,,,,,,,,,,,,
21,,,53679,4.0,0.9847999811172485,0.9161781072616577,0.033903367817401886,0.9264203906059265,0.906471848487854,4.60221004486084,4.407500743865967,529.0,0.16080577671527863,,,,,,,,,,,,
21,,,53689,4.0,0.9915500283241272,0.9650025367736816,0.022221006453037262,0.9779911637306213,0.9528076648712158,3.616791009902954,3.359724283218384,981.0,0.23484572768211365,,,,,,,,,,,,
21,,,53699,4.0,0.9890999794006348,0.9261102676391602,0.0264256801456213,0.9370782375335693,0.9157270193099976,4.978100299835205,4.758770942687988,295.0,0.1929033100605011,,,,,,,,,,,,
21,,,53709,4.0,0.9825500249862671,0.9306682348251343,0.04045100510120392,0.9160367250442505,0.9465773105621338,4.885962009429932,4.567000389099121,580.0,0.2785106599330902,,,,,,,,,,,,
21,,,53719,4.0,0.9887999892234802,0.9593907594680786,0.0269108098000288,0.9680882692337036,0.9510709047317505,3.972186326980591,3.6467156410217285,853.0,0.2985599935054779,,,,,,,,,,,,
21,,,53729,4.0,0.9882500171661377,0.9177181124687195,0.029580246657133102,0.9459174871444702,0.8931407928466797,5.550950527191162,5.304387092590332,475.0,0.2169833928346634,,,,,,,,,,,,
21,,,53739,4.0,0.9829999804496765,0.9180896282196045,0.04102567583322525,0.9188083410263062,0.9173737168312073,4.744694709777832,4.289286136627197,562.0,0.4143829941749573,,,,,,,,,,,,
21,,,53749,4.0,0.9899500012397766,0.9157668352127075,0.024919068440794945,0.9740514755249023,0.8709772825241089,6.588585376739502,6.122681140899658,311.0,0.4409850537776947,,,,,,,,,,,,
21,,,53759,4.0,0.9894000291824341,0.8877801895141602,0.027701452374458313,0.9257110953330994,0.8563624620437622,5.4455718994140625,5.197299003601074,309.0,0.2205715775489807,,,,,,,,,,,,
21,,,53769,4.0,0.9876499772071838,0.9577486515045166,0.028845330700278282,0.9735315442085266,0.94318687915802,4.341728687286377,3.8883216381073,910.0,0.42456167936325073,,,,,,,,,,,,
21,,,53779,4.0,0.9786999821662903,0.8280926942825317,0.04328517988324165,0.8331325650215149,0.8232160806655884,5.64508056640625,5.156469345092773,269.0,0.44532597064971924,,,,,,,,,,,,
21,,,53789,4.0,0.9904999732971191,0.9363178014755249,0.02502470090985298,0.9143954515457153,0.96094810962677,5.1678242683410645,4.716931343078613,255.0,0.4258681833744049,,,,,,,,,,,,
21,,,53799,4.0,0.9803000092506409,0.8927527666091919,0.04376841336488724,0.8970552682876587,0.8885540962219238,6.0833306312561035,5.810455322265625,494.0,0.22910673916339874,,,,,,,,,,,,
21,,,53809,4.0,0.9872000217437744,0.9267011880874634,0.028458938002586365,0.9113601446151733,0.9433793425559998,4.32318115234375,3.879692316055298,499.0,0.41503018140792847,,,,,,,,,,,,
21,,,53819,4.0,0.9886000156402588,0.9599944949150085,0.030440405011177063,0.9491220116615295,0.9715253710746765,5.5136871337890625,5.1378302574157715,1214.0,0.3454163670539856,,,,,,,,,,,,
21,,,53829,4.0,0.9847999811172485,0.9156730771064758,0.03494235500693321,0.8974133133888245,0.9359278678894043,4.767892360687256,4.280346393585205,634.0,0.452603816986084,,,,,,,,,,,,
21,,,53839,4.0,0.9834499955177307,0.952379584312439,0.04468432441353798,0.9646720290184021,0.9408868551254272,4.41022253036499,3.9577901363372803,844.0,0.40774810314178467,,,,,,,,,,,,
21,,,53849,4.0,0.9932000041007996,0.9460954666137695,0.017147710546851158,0.9604600667953491,0.9326622486114502,4.368128776550293,4.19263219833374,361.0,0.15834923088550568,,,,,,,,,,,,
21,,,53859,4.0,0.9876999855041504,0.9620932340621948,0.030706439167261124,0.9789795875549316,0.9466204643249512,4.213898181915283,3.9565088748931885,934.0,0.22668273746967316,,,,,,,,,,,,
21,,,53869,4.0,0.9854000210762024,0.9344649314880371,0.03392758220434189,0.9307201504707336,0.9382857084274292,4.875979423522949,4.341580390930176,440.0,0.5004714727401733,,,,,,,,,,,,
21,,,53879,4.0,0.9883000254631042,0.9444828033447266,0.02686294913291931,0.9407711029052734,0.9482666254043579,4.600938320159912,3.874512195587158,596.0,0.6995631456375122,,,,,,,,,,,,
21,,,53889,4.0,0.984250009059906,0.8300026655197144,0.03675364702939987,0.8380074501037598,0.8223907947540283,4.693115234375,4.371348857879639,214.0,0.2850128710269928,,,,,,,,,,,,
21,,,53899,4.0,0.9779999852180481,0.9180517196655273,0.05505850911140442,0.9459457397460938,0.8940123319625854,5.37320613861084,4.585158824920654,738.0,0.732988715171814,,,,,,,,,,,,
21,,,53909,4.0,0.9884999990463257,0.9427697658538818,0.0289034154266119,0.9265368580818176,0.9604747295379639,5.742928981781006,5.236402988433838,446.0,0.4776226580142975,,,,,,,,,,,,
21,,,53919,4.0,0.9818500280380249,0.8631089329719543,0.0399646982550621,0.9059796929359436,0.8290194272994995,4.269381523132324,3.888200521469116,347.0,0.3412160873413086,,,,,,,,,,,,
21,,,53929,4.0,0.9932000041007996,0.926829993724823,0.016992943361401558,0.9052975177764893,0.9509292840957642,4.795535087585449,4.2478251457214355,202.0,0.5307167768478394,,,,,,,,,,,,
21,,,53939,4.0,0.9881500005722046,0.9553325176239014,0.02843070961534977,0.9537210464477539,0.9569576978683472,4.181890964508057,3.809506416320801,851.0,0.34395402669906616,,,,,,,,,,,,
21,,,53949,4.0,0.9782500267028809,0.9422481060028076,0.05409426987171173,0.9507076144218445,0.9341957569122314,4.953737258911133,4.318509578704834,801.0,0.5811334848403931,,,,,,,,,,,,
21,,,53959,4.0,0.9864500164985657,0.9328961372375488,0.034347426146268845,0.9194113612174988,0.9474083185195923,4.191821098327637,3.818085193634033,351.0,0.3393886089324951,,,,,,,,,,,,
21,,,53969,4.0,0.9765499830245972,0.7851524949073792,0.07716821134090424,0.9406074285507202,0.7139393091201782,5.209995746612549,4.831669807434082,294.0,0.3011578619480133,,,,,,,,,,,,
21,,,53979,4.0,0.9827499985694885,0.9527642726898193,0.04235076159238815,0.9377413988113403,0.9692087173461914,5.671425819396973,4.372714996337891,1303.0,1.2563602924346924,,,,,,,,,,,,
21,,,53989,4.0,0.9890000224113464,0.924582302570343,0.03432594612240791,0.9085902571678162,0.9420091509819031,4.10980224609375,3.5735597610473633,510.0,0.5019164085388184,,,,,,,,,,,,
21,,,53999,4.0,0.9802500009536743,0.8736128807067871,0.04815800487995148,0.8814784288406372,0.8660979270935059,5.431876182556152,4.298323154449463,432.0,1.0853948593139648,,,,,,,,,,,,
21,,,54009,4.0,0.9867500066757202,0.9370483160018921,0.032696157693862915,0.9595072269439697,0.9169502258300781,4.235774040222168,3.876142740249634,766.0,0.32693496346473694,,,,,,,,,,,,
21,,,54019,4.0,0.9902499914169312,0.9360251426696777,0.027574801817536354,0.9482415914535522,0.9245158433914185,4.738498687744141,4.267386436462402,596.0,0.4435374438762665,,,,,,,,,,,,
21,,,54029,4.0,0.9854000210762024,0.9616901874542236,0.04334702715277672,0.9852785468101501,0.9409068822860718,4.56626033782959,3.8471152782440186,960.0,0.675797700881958,,,,,,,,,,,,
21,,,54039,4.0,0.9886500239372253,0.9446715116500854,0.026231832802295685,0.9605574607849121,0.9299793243408203,3.716031074523926,3.4345879554748535,926.0,0.25521138310432434,,,,,,,,,,,,
21,,,54049,4.0,0.9696000218391418,0.8910508155822754,0.06684640794992447,0.8842948079109192,0.8981043100357056,5.788333415985107,5.427609443664551,581.0,0.2938777208328247,,,,,,,,,,,,
21,,,54059,4.0,0.9661499857902527,0.9508329033851624,0.0996084064245224,0.9414529800415039,0.9611421227455139,5.8049163818359375,5.171594142913818,1667.0,0.5337140560150146,,,,,,,,,,,,
21,,,54069,4.0,0.9873499870300293,0.9549791216850281,0.02972148172557354,0.9526593089103699,0.9573278427124023,4.43287467956543,3.884369373321533,1036.0,0.5187837481498718,,,,,,,,,,,,
21,,,54079,4.0,0.9865999817848206,0.9521799683570862,0.029768044129014015,0.9649181962013245,0.9402515888214111,4.440381050109863,3.941589593887329,902.0,0.4690232574939728,,,,,,,,,,,,
21,,,54089,4.0,0.9876499772071838,0.8968141078948975,0.029359091073274612,0.9060612916946411,0.8880088925361633,4.770934581756592,4.483885288238525,226.0,0.25769034028053284,,,,,,,,,,,,
21,,,54099,4.0,0.9858999848365784,0.9534307718276978,0.05786679685115814,0.9782418608665466,0.9315598011016846,4.426528453826904,4.032861232757568,1003.0,0.33580073714256287,,,,,,,,,,,,
21,,,54109,4.0,0.9708499908447266,0.8542202711105347,0.06310531497001648,0.9163451194763184,0.8099639415740967,6.583600997924805,5.775412082672119,635.0,0.7450836300849915,,,,,,,,,,,,
21,,,54119,4.0,0.9902499914169312,0.9594427347183228,0.0229581780731678,0.964674711227417,0.9543459415435791,4.369729042053223,4.120189666748047,743.0,0.22658129036426544,,,,,,,,,,,,
21,,,54129,4.0,0.9703500270843506,0.9462311863899231,0.07688825577497482,0.9325069189071655,0.96150803565979,4.749490737915039,3.792468309402466,1089.0,0.8801341652870178,,,,,,,,,,,,
21,,,54139,4.0,0.989549994468689,0.8963519334793091,0.023902583867311478,0.9012618064880371,0.8915680646896362,4.77229642868042,4.444257736206055,261.0,0.30413612723350525,,,,,,,,,,,,
21,,,54149,4.0,0.9868999719619751,0.9502508640289307,0.030926086008548737,0.9473382234573364,0.9532089233398438,3.7756423950195312,3.417860507965088,903.0,0.3268558979034424,,,,,,,,,,,,
21,,,54159,4.0,0.9840499758720398,0.9420069456100464,0.04096941277384758,0.9537252187728882,0.9309908151626587,4.321246147155762,4.026315212249756,869.0,0.25396156311035156,,,,,,,,,,,,
21,,,54169,4.0,0.9902499914169312,0.9532026052474976,0.022723257541656494,0.9577044248580933,0.9488003849983215,4.310741901397705,3.9805235862731934,828.0,0.30749496817588806,,,,,,,,,,,,
21,,,54179,4.0,0.9883000254631042,0.9179085493087769,0.026921164244413376,0.9063235521316528,0.9302395582199097,4.646115779876709,4.396392345428467,273.0,0.222802072763443,,,,,,,,,,,,
21,,,54189,4.0,0.98785001039505,0.9622395634651184,0.03133340924978256,0.9705861806869507,0.9542526006698608,4.684410095214844,4.203014373779297,715.0,0.4500621259212494,,,,,,,,,,,,
21,,,54199,4.0,0.986299991607666,0.9072455167770386,0.03198215737938881,0.9072455167770386,0.9072455167770386,5.047709941864014,4.586710453033447,214.0,0.429017573595047,,,,,,,,,,,,
21,,,54209,4.0,0.9884499907493591,0.9475951194763184,0.028725655749440193,0.9302922487258911,0.9665859341621399,4.580070495605469,3.7034802436828613,949.0,0.8478647470474243,,,,,,,,,,,,
21,,,54219,4.0,0.9821500182151794,0.9420815706253052,0.05058927461504936,0.9262371063232422,0.9594681262969971,4.627420902252197,4.168797969818115,703.0,0.40803366899490356,,,,,,,,,,,,
21,,,54229,4.0,0.9918500185012817,0.9590585231781006,0.018986333161592484,0.9814851880073547,0.9388614892959595,3.608396530151367,3.3525240421295166,887.0,0.23688629269599915,,,,,,,,,,,,
21,,,54239,4.0,0.9861000180244446,0.9515374898910522,0.03842288255691528,0.9290603399276733,0.9770989418029785,5.207095623016357,4.292402267456055,882.0,0.8762701749801636,,,,,,,,,,,,
21,,,54249,4.0,0.9887999892234802,0.9533603191375732,0.025237707421183586,0.962110161781311,0.944987416267395,3.8874590396881104,3.558748245239258,890.0,0.30347293615341187,,,,,,,,,,,,
21,,,54259,4.0,0.9797000288963318,0.9049562215805054,0.049370136111974716,0.9252238273620605,0.8867837190628052,5.852992057800293,5.498175621032715,502.0,0.30544590950012207,,,,,,,,,,,,
21,,,54269,4.0,0.9902499914169312,0.9765235781669617,0.026666956022381783,0.9854298830032349,0.9680493474006653,4.786269187927246,4.078237056732178,1054.0,0.6813650131225586,,,,,,,,,,,,
21,,,54279,4.0,0.9832000136375427,0.9504944682121277,0.04548794776201248,0.9669759273529053,0.9354153871536255,5.451231479644775,4.9283576011657715,1023.0,0.47738590836524963,,,,,,,,,,,,
21,,,54289,4.0,0.9742500185966492,0.9091782569885254,0.06606283038854599,0.9095451831817627,0.9088121652603149,6.646304130554199,6.094638347625732,1096.0,0.48560282588005066,,,,,,,,,,,,
21,,,54299,4.0,0.9873499870300293,0.9330083727836609,0.030588986352086067,0.9514000415802002,0.916221559047699,4.349815845489502,3.8458309173583984,515.0,0.4733959138393402,,,,,,,,,,,,
21,,,54309,4.0,0.9855499863624573,0.9549762010574341,0.03735404834151268,0.940292477607727,0.9709465503692627,5.20570182800293,4.62606954574585,1050.0,0.5422782897949219,,,,,,,,,,,,
21,,,54319,4.0,0.971750020980835,0.8592248558998108,0.06534450501203537,0.8597056865692139,0.8587454557418823,6.86283540725708,6.338000774383545,636.0,0.45949041843414307,,,,,,,,,,,,
21,,,54329,4.0,0.9843000173568726,0.9401035308837891,0.03497748449444771,0.9608109593391418,0.9214810729026794,4.353869915008545,3.950826644897461,787.0,0.3680659830570221,,,,,,,,,,,,
21,,,54339,4.0,0.9914500117301941,0.9776893854141235,0.022697875276207924,0.9841658473014832,0.9714363813400269,4.954437255859375,4.4105095863342285,1191.0,0.5212295055389404,,,,,,,,,,,,
21,,,54349,4.0,0.9883000254631042,0.9475651383399963,0.02749830298125744,0.9533059597015381,0.9419890642166138,4.060234069824219,3.633967876434326,488.0,0.3987680971622467,,,,,,,,,,,,
21,,,54359,4.0,0.984000027179718,0.8898828029632568,0.036462876945734024,0.9054161310195923,0.875598132610321,4.8119587898254395,4.194447994232178,360.0,0.5810479521751404,,,,,,,,,,,,
21,,,54369,4.0,0.9862499833106995,0.9263392686843872,0.03744467720389366,0.9358402490615845,0.9172917604446411,5.739082336425781,4.719389915466309,576.0,0.9822479486465454,,,,,,,,,,,,
21,,,54379,4.0,0.9903500080108643,0.9373620748519897,0.02502242662012577,0.9562296271324158,0.9201266169548035,4.865008354187012,4.522522449493408,559.0,0.31746360659599304,,,,,,,,,,,,
21,,,54389,4.0,0.9899500012397766,0.9597931504249573,0.021948160603642464,0.972116231918335,0.9481996297836304,4.56331729888916,3.9720728397369385,875.0,0.5692965984344482,,,,,,,,,,,,
21,,,54399,4.0,0.9747499823570251,0.8888131976127625,0.06177721545100212,0.8976193070411682,0.8804495334625244,4.816619396209717,4.349592685699463,674.0,0.4052494168281555,,,,,,,,,,,,
21,,,54409,4.0,0.9894499778747559,0.9304396510124207,0.026447812095284462,0.9575403332710266,0.9066272377967834,5.043216228485107,4.802088737487793,408.0,0.2146798074245453,,,,,,,,,,,,
21,,,54419,4.0,0.9846000075340271,0.9212559461593628,0.03738752007484436,0.9220303297042847,0.9204847812652588,5.970926284790039,5.1278181076049805,440.0,0.8057206869125366,,,,,,,,,,,,
21,,,54429,4.0,0.9880499839782715,0.9098706245422363,0.02708612009882927,0.9510401487350464,0.8760679960250854,4.8717756271362305,4.507057189941406,304.0,0.33763226866722107,,,,,,,,,,,,
21,,,54439,4.0,0.9872999787330627,0.940291166305542,0.03896486759185791,0.9477808475494385,0.9330820441246033,4.812678337097168,4.257582187652588,521.0,0.516131579875946,,,,,,,,,,,,
21,,,54449,4.0,0.9828000068664551,0.9020143747329712,0.04620455950498581,0.9092265367507935,0.8950807452201843,4.839094638824463,4.297032356262207,504.0,0.4958575665950775,,,,,,,,,,,,
21,,,54459,4.0,0.9821000099182129,0.9298199415206909,0.06281129270792007,0.9673454165458679,0.8987293243408203,4.465066909790039,3.8934075832366943,1089.0,0.5088480114936829,,,,,,,,,,,,
21,,,54469,4.0,0.9904500246047974,0.9662964344024658,0.025503985583782196,0.9601275324821472,0.9726685285568237,3.9048657417297363,3.459991216659546,729.0,0.4193705916404724,,,,,,,,,,,,
21,,,54479,4.0,0.9775999784469604,0.9283413887023926,0.05235758796334267,0.9148111939430237,0.9430280327796936,5.349333763122559,4.849320888519287,535.0,0.44765499234199524,,,,,,,,,,,,
21,,,54489,4.0,0.9839500188827515,0.9619549512863159,0.038207754492759705,0.9709305167198181,0.9534361362457275,4.042903900146484,3.7198684215545654,831.0,0.28482773900032043,,,,,,,,,,,,
21,,,54499,4.0,0.9750999808311462,0.8788818120956421,0.057138316333293915,0.9326834678649902,0.8383285999298096,6.280454158782959,5.969913005828857,609.0,0.25340285897254944,,,,,,,,,,,,
21,,,54509,4.0,0.9832500219345093,0.9328955411911011,0.04686785489320755,0.9354674220085144,0.9303592443466187,5.054450035095215,4.59964656829834,585.0,0.40793585777282715,,,,,,,,,,,,
21,,,54519,4.0,0.9916499853134155,0.9643333554267883,0.019613297656178474,0.9614042043685913,0.9673060178756714,4.1937713623046875,3.870785713195801,875.0,0.3033722937107086,,,,,,,,,,,,
21,,,54529,4.0,0.989799976348877,0.8307437300682068,0.022382982075214386,0.8265436887741089,0.8350577354431152,5.725889682769775,5.522045612335205,149.0,0.18146103620529175,,,,,,,,,,,,
21,,,54539,4.0,0.9874500036239624,0.9477954506874084,0.027806317433714867,0.9545689821243286,0.9412530660629272,4.014004707336426,3.637636661529541,905.0,0.3485618233680725,,,,,,,,,,,,
21,,,54549,4.0,0.982699990272522,0.8662278652191162,0.04140952602028847,0.862568736076355,0.8699682950973511,5.753270149230957,5.239110946655273,266.0,0.47274982929229736,,,,,,,,,,,,
21,,,54559,4.0,0.9876499772071838,0.9670276641845703,0.02870035171508789,0.9758174419403076,0.9586509466171265,3.8430893421173096,3.5253143310546875,1051.0,0.289074569940567,,,,,,,,,,,,
21,,,54569,4.0,0.9813500046730042,0.8646539449691772,0.04420335963368416,0.9082517623901367,0.830101490020752,5.6604390144348145,5.171779155731201,376.0,0.4444567859172821,,,,,,,,,,,,
21,,,54579,4.0,0.9869999885559082,0.9110952615737915,0.029501495882868767,0.9481868743896484,0.8801232576370239,5.057099342346191,4.645869731903076,351.0,0.38172829151153564,,,,,,,,,,,,
21,,,54589,4.0,0.9888499975204468,0.9540188312530518,0.0293701384216547,0.9588027000427246,0.9493499994277954,5.28599214553833,4.986142158508301,745.0,0.27047985792160034,,,,,,,,,,,,
21,,,54599,4.0,0.9761000275611877,0.9295725226402283,0.061660632491111755,0.9125816822052002,0.9484742879867554,4.665452003479004,4.2853474617004395,569.0,0.31844356656074524,,,,,,,,,,,,
21,,,54609,4.0,0.9816499948501587,0.8469233512878418,0.0764579176902771,0.8418465852737427,0.8521662950515747,5.948756694793701,5.412890434265137,185.0,0.45940810441970825,,,,,,,,,,,,
21,,,54619,4.0,0.9928500056266785,0.9637229442596436,0.02189619466662407,0.9894801378250122,0.9408329725265503,3.8298094272613525,3.6126708984375,914.0,0.19524234533309937,,,,,,,,,,,,
21,,,54629,4.0,0.9876999855041504,0.9304324984550476,0.02944563329219818,0.9362621307373047,0.9247739315032959,4.3459858894348145,4.0977983474731445,428.0,0.21874181926250458,,,,,,,,,,,,
21,,,54639,4.0,0.9915000200271606,0.916865348815918,0.021462442353367805,0.9354774951934814,0.8998661637306213,4.485584259033203,4.1457695960998535,242.0,0.3183521330356598,,,,,,,,,,,,
21,,,54649,4.0,0.9927499890327454,0.9597984552383423,0.021070966497063637,0.9514312744140625,0.9685194492340088,5.070334434509277,4.408084392547607,569.0,0.6411793231964111,,,,,,,,,,,,
21,,,54659,4.0,0.9873499870300293,0.961815357208252,0.03191830590367317,0.9630736112594604,0.9605656862258911,4.172172546386719,3.809966802597046,746.0,0.33028754591941833,,,,,,,,,,,,
21,,,54669,4.0,0.9797499775886536,0.9317028522491455,0.05316062644124031,0.9144067764282227,0.9508856534957886,4.953789710998535,4.5886149406433105,613.0,0.31201425194740295,,,,,,,,,,,,
21,,,54679,4.0,0.98785001039505,0.961789071559906,0.03229839727282524,0.9665261507034302,0.9571697115898132,4.408994674682617,3.807741641998291,771.0,0.568954586982727,,,,,,,,,,,,
21,,,54689,4.0,0.9866999983787537,0.915730357170105,0.03234850987792015,0.9081507325172424,0.9236276745796204,5.412740230560303,4.797323226928711,352.0,0.5830684304237366,,,,,,,,,,,,
21,,,54699,4.0,0.9707000255584717,0.9046461582183838,0.06181351840496063,0.9159883260726929,0.8940457105636597,4.817216873168945,4.2924628257751465,911.0,0.462940514087677,,,,,,,,,,,,
21,,,54709,4.0,0.9898999929428101,0.9616438150405884,0.025266319513320923,0.9721515774726868,0.9516743421554565,4.2585835456848145,3.790224075317383,954.0,0.44309288263320923,,,,,,,,,,,,
21,,,54719,4.0,0.9901999831199646,0.9673624634742737,0.024460190907120705,0.9710431098937988,0.9637513160705566,3.7166895866394043,3.418342113494873,862.0,0.2738874852657318,,,,,,,,,,,,
21,,,54729,4.0,0.9940999746322632,0.9783263802528381,0.013820542953908443,0.9810428619384766,0.9756461977958679,3.8934221267700195,3.355213165283203,1104.0,0.5243883728981018,,,,,,,,,,,,
21,,,54739,4.0,0.9901000261306763,0.9625983238220215,0.02482340857386589,0.9543832540512085,0.971174955368042,3.6504552364349365,3.4061954021453857,766.0,0.21943631768226624,,,,,,,,,,,,
21,,,54749,4.0,0.9853500127792358,0.9470937252044678,0.03627310320734978,0.943692684173584,0.9505581855773926,4.576478004455566,4.173078536987305,853.0,0.3671262264251709,,,,,,,,,,,,
21,,,54759,4.0,0.9908499717712402,0.8379933834075928,0.024405449628829956,0.8596913814544678,0.8188451528549194,5.054352283477783,4.173015594482422,174.0,0.8569313287734985,,,,,,,,,,,,
21,,,54769,4.0,0.9732499718666077,0.9454705715179443,0.05957753211259842,0.9281028509140015,0.9651585817337036,4.62401008605957,4.200331211090088,902.0,0.3641016185283661,,,,,,,,,,,,
21,,,54779,4.0,0.9860000014305115,0.7691725492477417,0.03225715085864067,0.7818068265914917,0.7576680183410645,4.330307960510254,4.159653663635254,145.0,0.1383969932794571,,,,,,,,,,,,
21,,,54789,4.0,0.9882500171661377,0.9515097141265869,0.025147125124931335,0.9589486122131348,0.9443466663360596,3.799443006515503,3.493180751800537,953.0,0.2811150550842285,,,,,,,,,,,,
21,,,54799,4.0,0.991100013256073,0.9503750205039978,0.022698454558849335,0.9719393253326416,0.9308916330337524,5.273849964141846,4.703802108764648,363.0,0.5473492741584778,,,,,,,,,,,,
21,,,54809,4.0,0.9862499833106995,0.9455932974815369,0.03004990518093109,0.9274600744247437,0.9656521081924438,4.285050392150879,3.6781868934631348,819.0,0.5768138766288757,,,,,,,,,,,,
21,,,54819,4.0,0.9872499704360962,0.944837212562561,0.03160819038748741,0.9341736435890198,0.9561285972595215,4.387825965881348,3.7926392555236816,700.0,0.5635786056518555,,,,,,,,,,,,
21,,,54829,4.0,0.9884999990463257,0.9563555121421814,0.03313864767551422,0.9724589586257935,0.9414973258972168,5.164226531982422,4.710126876831055,854.0,0.4209609925746918,,,,,,,,,,,,
21,,,54839,4.0,0.9897500276565552,0.945195198059082,0.024955376982688904,0.9480050802230835,0.9424245357513428,6.708658218383789,5.2739996910095215,388.0,1.4097031354904175,,,,,,,,,,,,
21,,,54849,4.0,0.954200029373169,0.8763357996940613,0.10171621292829514,0.8936172723770142,0.86095130443573,6.443239688873291,5.761795520782471,983.0,0.5797280073165894,,,,,,,,,,,,
21,,,54859,4.0,0.9864500164985657,0.9449504613876343,0.03253685310482979,0.9587764143943787,0.9320641756057739,4.652943134307861,4.180192947387695,883.0,0.44021332263946533,,,,,,,,,,,,
21,,,54869,4.0,0.9847999811172485,0.9103416204452515,0.033874619752168655,0.9046945571899414,0.9161670207977295,5.114077091217041,4.915153503417969,523.0,0.16504928469657898,,,,,,,,,,,,
21,,,54879,4.0,0.978600025177002,0.8892550468444824,0.05082908645272255,0.8903440833091736,0.8881728649139404,5.248607635498047,4.403431415557861,606.0,0.7943470478057861,,,,,,,,,,,,
21,,,54889,4.0,0.9918000102043152,0.9764983654022217,0.019989123567938805,0.9776036143302917,0.9753996729850769,4.141497611999512,3.5840375423431396,908.0,0.5374712944030762,,,,,,,,,,,,
21,,,54899,4.0,0.9853000044822693,0.9426378011703491,0.034499768167734146,0.9691039323806763,0.919452965259552,4.612052917480469,4.148463726043701,829.0,0.42908936738967896,,,,,,,,,,,,
21,,,54909,4.0,0.983299970626831,0.9496026635169983,0.04640460014343262,0.9552375078201294,0.9441405534744263,6.519503593444824,4.990626335144043,1014.0,1.48247230052948,,,,,,,,,,,,
21,,,54919,4.0,0.9896500110626221,0.9688808917999268,0.024519070982933044,0.96992027759552,0.9678471684455872,3.84733510017395,3.5878639221191406,745.0,0.23495227098464966,,,,,,,,,,,,
21,,,54929,4.0,0.980650007724762,0.9381148815155029,0.04253528639674187,0.941279411315918,0.9350061416625977,4.487081050872803,4.157308578491211,896.0,0.2872373163700104,,,,,,,,,,,,
21,,,54939,4.0,0.9899500012397766,0.965498149394989,0.02420644462108612,0.9683442711830139,0.9626935720443726,4.419217586517334,4.043793678283691,849.0,0.351217120885849,,,,,,,,,,,,
21,,,54949,4.0,0.9925000071525574,0.920758843421936,0.019539784640073776,0.8888608813285828,0.9587458372116089,4.259072303771973,4.0245232582092285,214.0,0.21500909328460693,,,,,,,,,,,,
21,,,54959,4.0,0.9832500219345093,0.8501628041267395,0.03914028778672218,0.8346996307373047,0.8672504425048828,5.8281965255737305,5.165757179260254,246.0,0.6232989430427551,,,,,,,,,,,,
21,,,54969,4.0,0.9859499931335449,0.9489784240722656,0.032186899334192276,0.933673620223999,0.96564781665802,3.7516050338745117,3.485541820526123,742.0,0.23387618362903595,,,,,,,,,,,,
21,,,54979,4.0,0.9894499778747559,0.9430416226387024,0.02422657608985901,0.9262961149215698,0.9613375067710876,4.5368242263793945,4.1410298347473145,636.0,0.37156781554222107,,,,,,,,,,,,
21,,,54989,4.0,0.9886999726295471,0.9645267724990845,0.026146847754716873,0.9604781866073608,0.9686648845672607,4.915278911590576,4.664285659790039,915.0,0.22484654188156128,,,,,,,,,,,,
21,,,54999,4.0,0.9881500005722046,0.910499095916748,0.02676469460129738,0.8995622396469116,0.9221068620681763,4.112496852874756,3.8494067192077637,268.0,0.2363256812095642,,,,,,,,,,,,
21,,,55009,4.0,0.9855499863624573,0.9241270422935486,0.036822833120822906,0.9115399122238159,0.9376174807548523,5.554744720458984,4.354493618011475,482.0,1.1634284257888794,,,,,,,,,,,,
21,,,55019,4.0,0.9855999946594238,0.9001317620277405,0.030426278710365295,0.9374634027481079,0.8691327571868896,5.096888065338135,4.764946937561035,332.0,0.3015146255493164,,,,,,,,,,,,
21,,,55029,4.0,0.9801999926567078,0.928429365158081,0.047396574169397354,0.9297513961791992,0.927117109298706,5.439218521118164,5.026488780975342,559.0,0.3653331696987152,,,,,,,,,,,,
21,,,55039,4.0,0.9837999939918518,0.9534190893173218,0.04473620653152466,0.9656159281730652,0.9420083165168762,4.640550136566162,4.288148880004883,942.0,0.30766502022743225,,,,,,,,,,,,
21,,,55049,4.0,0.9876499772071838,0.8876272439956665,0.02645030803978443,0.9010865688323975,0.8750994205474854,5.603099822998047,5.354046821594238,256.0,0.22260260581970215,,,,,,,,,,,,
21,,,55059,4.0,0.9842000007629395,0.8126683235168457,0.03657527640461922,0.8050655126571655,0.8206843733787537,4.3429741859436035,4.119669437408447,168.0,0.18672943115234375,,,,,,,,,,,,
21,,,55069,4.0,0.9929500222206116,0.939966082572937,0.017953192815184593,0.9610563516616821,0.9208399057388306,4.795007705688477,4.487392425537109,229.0,0.28966188430786133,,,,,,,,,,,,
21,,,55079,4.0,0.9839500188827515,0.957911491394043,0.04238738492131233,0.9559393525123596,0.9599063396453857,4.208408355712891,3.7628769874572754,1072.0,0.4031437039375305,,,,,,,,,,,,
21,,,55089,4.0,0.9886000156402588,0.9674023985862732,0.02675914391875267,0.9671869874000549,0.9676181077957153,4.960057735443115,4.2999982833862305,1311.0,0.6333001852035522,,,,,,,,,,,,
21,,,55099,4.0,0.9872000217437744,0.8342991471290588,0.029957300052046776,0.8724696040153503,0.8035237789154053,5.326188087463379,5.00590181350708,206.0,0.29032912850379944,,,,,,,,,,,,
21,,,55109,4.0,0.9829999804496765,0.9542551636695862,0.037496451288461685,0.9525197744369507,0.9560080766677856,4.480299472808838,3.8627371788024902,874.0,0.5800656080245972,,,,,,,,,,,,
21,,,55119,4.0,0.9876999855041504,0.9285224676132202,0.03022678755223751,0.923160195350647,0.9340382814407349,4.290684223175049,3.7405686378479004,498.0,0.5198889374732971,,,,,,,,,,,,
21,,,55129,4.0,0.9890999794006348,0.8758316040039062,0.02664092183113098,0.8816498517990112,0.8701975345611572,4.060792446136475,3.819920778274536,163.0,0.21423086524009705,,,,,,,,,,,,
21,,,55139,4.0,0.9874500036239624,0.9281702041625977,0.03106650337576866,0.94081711769104,0.9163047075271606,4.885359764099121,4.509798526763916,274.0,0.34449487924575806,,,,,,,,,,,,
21,,,55149,4.0,0.9847000241279602,0.9404167532920837,0.03774655982851982,0.9491947293281555,0.9320345520973206,4.868279457092285,4.282196521759033,818.0,0.5483367443084717,,,,,,,,,,,,
21,,,55159,4.0,0.9743000268936157,0.8388490080833435,0.058831535279750824,0.8083853721618652,0.8769732713699341,6.387679576873779,6.203197956085205,346.0,0.12565010786056519,,,,,,,,,,,,
21,,,55169,4.0,0.9872999787330627,0.9569351673126221,0.045146394520998,0.9679153561592102,0.9465625286102295,5.031763076782227,4.292481899261475,898.0,0.6941349506378174,,,,,,,,,,,,
21,,,55179,4.0,0.9937000274658203,0.9525840282440186,0.01719631254673004,0.9532193541526794,0.9519505500793457,5.022539138793945,4.366708278656006,520.0,0.6386345624923706,,,,,,,,,,,,
21,,,55189,4.0,0.9904500246047974,0.9611464142799377,0.022386597469449043,0.9720288515090942,0.9508334398269653,3.9967219829559326,3.7523298263549805,895.0,0.2220056653022766,,,,,,,,,,,,
21,,,55199,4.0,0.9886000156402588,0.8718089461326599,0.030616607517004013,0.8726089000701904,0.8710125684738159,6.729682922363281,4.989027500152588,189.0,1.7100387811660767,,,,,,,,,,,,
21,,,55209,4.0,0.9871500134468079,0.9449471831321716,0.03719770908355713,0.9703918099403381,0.9224867820739746,4.191446781158447,3.902230978012085,863.0,0.25201794505119324,,,,,,,,,,,,
21,,,55219,4.0,0.9792500138282776,0.8545050024986267,0.05183841660618782,0.9187225103378296,0.8085916042327881,4.838094711303711,4.5388875007629395,410.0,0.2473687082529068,,,,,,,,,,,,
21,,,55229,4.0,0.9868999719619751,0.9369889497756958,0.030818963423371315,0.9079571962356567,0.9712074398994446,4.532096862792969,3.925114631652832,470.0,0.5761632323265076,,,,,,,,,,,,
21,,,55239,4.0,0.9881500005722046,0.9253084659576416,0.02987971529364586,0.9136252403259277,0.9377449750900269,3.772238254547119,3.5230162143707275,312.0,0.21934226155281067,,,,,,,,,,,,
21,,,55249,4.0,0.968999981880188,0.887876033782959,0.06643039733171463,0.8841027021408081,0.8917409181594849,5.254533290863037,4.853901386260986,542.0,0.33420154452323914,,,,,,,,,,,,
21,,,55259,4.0,0.9877499938011169,0.9390102624893188,0.03233262524008751,0.9252548217773438,0.9538183212280273,4.403805732727051,4.207357406616211,375.0,0.16411583125591278,,,,,,,,,,,,
21,,,55269,4.0,0.9861500263214111,0.9437713623046875,0.03356112539768219,0.9395949840545654,0.9480420351028442,4.734110355377197,4.236602306365967,946.0,0.4639468491077423,,,,,,,,,,,,
21,,,55279,4.0,0.9922999739646912,0.9438549280166626,0.019031766802072525,0.932741641998291,0.9556064605712891,3.7924561500549316,3.46689772605896,607.0,0.30652666091918945,,,,,,,,,,,,
21,,,55289,4.0,0.9851499795913696,0.9333163499832153,0.03839133307337761,0.9321193695068359,0.9345210790634155,4.903083801269531,4.646039009094238,360.0,0.21865390241146088,,,,,,,,,,,,
21,,,55299,4.0,0.9859499931335449,0.9585484266281128,0.03391523286700249,0.9530246257781982,0.9642462730407715,4.218077659606934,3.8350844383239746,828.0,0.3490777909755707,,,,,,,,,,,,
21,,,55309,4.0,0.9885500073432922,0.9379405975341797,0.027320578694343567,0.9073333740234375,0.974236011505127,4.406106472015381,3.8383822441101074,533.0,0.540403425693512,,,,,,,,,,,,
21,,,55319,4.0,0.9886500239372253,0.8872131109237671,0.038617223501205444,0.9656339883804321,0.8324133157730103,4.834052085876465,4.578191757202148,423.0,0.21724341809749603,,,,,,,,,,,,
21,,,55329,4.0,0.9792500138282776,0.8944324851036072,0.04243035241961479,0.9205355048179626,0.8717484474182129,5.647161960601807,5.34672737121582,573.0,0.2580043375492096,,,,,,,,,,,,
21,,,55339,4.0,0.9900000095367432,0.9224512577056885,0.02688649296760559,0.9105926156044006,0.9350758790969849,5.187694072723389,4.606215476989746,179.0,0.5545921921730042,,,,,,,,,,,,
21,,,55349,4.0,0.98089998960495,0.9035741686820984,0.05014676973223686,0.8842576146125793,0.9252530336380005,6.21791934967041,5.885408401489258,413.0,0.2823641300201416,,,,,,,,,,,,
21,,,55359,4.0,0.9714499711990356,0.904089093208313,0.06473319232463837,0.9318404197692871,0.8803688883781433,6.158181667327881,5.757737159729004,641.0,0.33571168780326843,,,,,,,,,,,,
21,,,55369,4.0,0.9805499911308289,0.9272953867912292,0.044997669756412506,0.9589779376983643,0.9003932476043701,5.0152177810668945,4.293068885803223,891.0,0.6771514415740967,,,,,,,,,,,,
21,,,55379,4.0,0.9853000044822693,0.9098938703536987,0.03258564695715904,0.9232282638549805,0.8974562883377075,5.805305480957031,5.292455673217773,352.0,0.48026442527770996,,,,,,,,,,,,
21,,,55389,4.0,0.989549994468689,0.9712339639663696,0.026823382824659348,0.974682092666626,0.9678499698638916,4.966127872467041,4.413724899291992,913.0,0.5255795121192932,,,,,,,,,,,,
21,,,55399,4.0,0.984749972820282,0.9175059795379639,0.0374523364007473,0.919350266456604,0.9156798124313354,4.7533159255981445,4.389995574951172,345.0,0.32586827874183655,,,,,,,,,,,,
21,,,55409,4.0,0.9813500046730042,0.7221964597702026,0.04192912578582764,0.7774195671081543,0.6860126256942749,4.751184940338135,4.4462666511535645,173.0,0.2629889249801636,,,,,,,,,,,,
21,,,55419,4.0,0.9733999967575073,0.9340854287147522,0.06329910457134247,0.9147495031356812,0.9560965299606323,4.6418232917785645,4.22855806350708,776.0,0.3499661386013031,,,,,,,,,,,,
21,,,55429,4.0,0.9904999732971191,0.9563183784484863,0.03154166042804718,0.9493882656097412,0.9634983539581299,4.674619674682617,3.683166027069092,1023.0,0.9599122405052185,,,,,,,,,,,,
21,,,55439,4.0,0.9839000105857849,0.9136247634887695,0.042633894830942154,0.9148296117782593,0.9124277234077454,5.659822940826416,5.045717716217041,475.0,0.5714712142944336,,,,,,,,,,,,
21,,,55449,4.0,0.9843000173568726,0.9464879035949707,0.037479206919670105,0.9447057247161865,0.9482876658439636,5.289607048034668,4.138251781463623,917.0,1.1138757467269897,,,,,,,,,,,,
21,,,55459,4.0,0.9853000044822693,0.9597381353378296,0.03633880615234375,0.9555739164352417,0.964002788066864,4.709431171417236,4.162948131561279,894.0,0.5101443529129028,,,,,,,,,,,,
21,,,55469,4.0,0.982450008392334,0.9292483925819397,0.03985711559653282,0.9270113110542297,0.931513249874115,5.221561908721924,4.678280830383301,583.0,0.5034242272377014,,,,,,,,,,,,
21,,,55479,4.0,0.9805999994277954,0.8879736661911011,0.04505979269742966,0.8929327726364136,0.8831524848937988,7.552824974060059,7.192593097686768,637.0,0.31517207622528076,,,,,,,,,,,,
21,,,55489,4.0,0.9896000027656555,0.975182056427002,0.027195487171411514,0.9779700040817261,0.9724382162094116,4.319693088531494,4.058764934539795,1015.0,0.23373277485370636,,,,,,,,,,,,
21,,,55499,4.0,0.9870499968528748,0.9010770320892334,0.038867250084877014,0.8985242247581482,0.9036655426025391,5.1469926834106445,4.4121809005737305,225.0,0.6959442496299744,,,,,,,,,,,,
21,,,55509,4.0,0.9872000217437744,0.9625325202941895,0.029196402058005333,0.9884026050567627,0.9398808479309082,3.826793670654297,3.4608101844787598,874.0,0.33678701519966125,,,,,,,,,,,,
21,,,55519,4.0,0.9841499924659729,0.8584524393081665,0.03806830570101738,0.8476532101631165,0.8700000047683716,6.098489761352539,5.752530574798584,253.0,0.3078911304473877,,,,,,,,,,,,
21,,,55529,4.0,0.9876499772071838,0.909520149230957,0.031450435519218445,0.9540843963623047,0.8734868764877319,4.627309322357178,4.138469219207764,344.0,0.457389771938324,,,,,,,,,,,,
21,,,55539,4.0,0.9786999821662903,0.9090520739555359,0.045993730425834656,0.9601293802261353,0.8695255517959595,4.43760347366333,3.907388925552368,822.0,0.484220951795578,,,,,,,,,,,,
21,,,55549,4.0,0.9633499979972839,0.8218048810958862,0.07694805413484573,0.9013723731040955,0.7713384628295898,7.24212646484375,6.247918128967285,670.0,0.9172601103782654,,,,,,,,,,,,
21,,,55559,4.0,0.9834499955177307,0.9380563497543335,0.040359824895858765,0.9213171005249023,0.9564783573150635,5.624807357788086,4.499909400939941,725.0,1.0845381021499634,,,,,,,,,,,,
21,,,55569,4.0,0.98580002784729,0.9224660396575928,0.03505745530128479,0.9483031034469604,0.8997479677200317,5.378091812133789,4.950255393981934,520.0,0.39277884364128113,,,,,,,,,,,,
21,,,55579,4.0,0.9764500260353088,0.9216790795326233,0.05034438520669937,0.9408719539642334,0.904425859451294,5.100555896759033,4.451181888580322,938.0,0.5990294218063354,,,,,,,,,,,,
21,,,55589,4.0,0.9861500263214111,0.9592167139053345,0.03710874915122986,0.962431788444519,0.9560577869415283,4.791859149932861,4.174248695373535,900.0,0.5805016160011292,,,,,,,,,,,,
21,,,55599,4.0,0.9846000075340271,0.9139581918716431,0.03853235021233559,0.9118744134902954,0.9160658121109009,5.886921405792236,4.958984375,269.0,0.8894048929214478,,,,,,,,,,,,
21,,,55609,4.0,0.9858999848365784,0.8636105060577393,0.03709704056382179,0.9029810428619385,0.831637978553772,5.204227924346924,4.75784158706665,193.0,0.40928927063941956,,,,,,,,,,,,
21,,,55619,4.0,0.9848499894142151,0.9334938526153564,0.04010187089443207,0.9066531658172607,0.9648318290710449,5.332612037658691,4.980231285095215,623.0,0.3122785687446594,,,,,,,,,,,,
21,,,55629,4.0,0.9855999946594238,0.8746685981750488,0.035166531801223755,0.8783893585205078,0.871025562286377,5.608892440795898,5.249200820922852,289.0,0.32452479004859924,,,,,,,,,,,,
21,,,55639,4.0,0.9837499856948853,0.962437629699707,0.0435188002884388,0.9540418386459351,0.9712821245193481,4.443258285522461,3.861260175704956,901.0,0.5384795069694519,,,,,,,,,,,,
21,,,55649,4.0,0.9916999936103821,0.9334149360656738,0.025251492857933044,0.9314725399017334,0.9353762865066528,4.075865268707275,3.694138288497925,442.0,0.3564757704734802,,,,,,,,,,,,
21,,,55659,4.0,0.9938499927520752,0.944422721862793,0.024586431682109833,0.9432895183563232,0.9455620646476746,3.914912223815918,3.687647819519043,268.0,0.20267795026302338,,,,,,,,,,,,
21,,,55669,4.0,0.9833499789237976,0.8097087144851685,0.035688888281583786,0.8440937995910645,0.7818884253501892,5.356881141662598,5.018632888793945,259.0,0.3025595545768738,,,,,,,,,,,,
21,,,55679,4.0,0.9834499955177307,0.9614348411560059,0.04266015440225601,0.962004542350769,0.960867166519165,5.398433208465576,4.41502571105957,1004.0,0.9407472014427185,,,,,,,,,,,,
21,,,55689,4.0,0.98785001039505,0.8997421264648438,0.027990039438009262,0.8933602571487427,0.9063513875007629,4.356327056884766,4.120745658874512,279.0,0.20759151875972748,,,,,,,,,,,,
21,,,55699,4.0,0.9751999974250793,0.844849169254303,0.057181041687726974,0.8095137476921082,0.8906701803207397,6.196249485015869,5.742064952850342,499.0,0.3970038592815399,,,,,,,,,,,,
21,,,55709,4.0,0.9890999794006348,0.9135942459106445,0.02672378160059452,0.8994278907775879,0.9288920164108276,5.485167980194092,4.706275939941406,317.0,0.7521683573722839,,,,,,,,,,,,
21,,,55719,4.0,0.9904999732971191,0.9607245922088623,0.02046864666044712,0.9838944673538208,0.9399874210357666,4.338897228240967,4.099958419799805,891.0,0.21847014129161835,,,,,,,,,,,,
21,,,55729,4.0,0.9804499745368958,0.9247491955757141,0.0529177188873291,0.9277276992797852,0.9218195676803589,5.254736423492432,4.813905715942383,649.0,0.38791322708129883,,,,,,,,,,,,
21,,,55739,4.0,0.9781500101089478,0.9177447557449341,0.0520610548555851,0.8973269462585449,0.9408727884292603,5.187089920043945,4.525872230529785,608.0,0.6091565489768982,,,,,,,,,,,,
21,,,55749,4.0,0.9922000169754028,0.9631747007369995,0.01925225928425789,0.9706882238388062,0.955929160118103,5.128633499145508,4.852340221405029,897.0,0.2570410370826721,,,,,,,,,,,,
21,,,55759,4.0,0.9920499920845032,0.9020717144012451,0.020622191950678825,0.9015976190567017,0.9025471210479736,4.826839447021484,4.2077412605285645,219.0,0.5984761118888855,,,,,,,,,,,,
21,,,55769,4.0,0.990149974822998,0.9324240684509277,0.02437286078929901,0.9310578107833862,0.9337997436523438,4.790469646453857,4.593026161193848,338.0,0.17307056486606598,,,,,,,,,,,,
21,,,55779,4.0,0.9864000082015991,0.923783540725708,0.033433474600315094,0.925513505935669,0.9220691919326782,5.139883518218994,4.479217529296875,307.0,0.6272327303886414,,,,,,,,,,,,
21,,,55789,4.0,0.9768499732017517,0.9330463409423828,0.05942050740122795,0.9195330142974854,0.9477376937866211,6.676955699920654,6.348779201507568,1376.0,0.2687559127807617,,,,,,,,,,,,
21,,,55799,4.0,0.984000027179718,0.8535355925559998,0.040756046772003174,0.9091917276382446,0.8119447231292725,5.262001991271973,4.927464485168457,268.0,0.2937813103199005,,,,,,,,,,,,
21,,,55809,4.0,0.9782500267028809,0.842581033706665,0.04646513983607292,0.8961987495422363,0.8026843070983887,6.2323222160339355,5.844037055969238,232.0,0.34182021021842957,,,,,,,,,,,,
21,,,55819,4.0,0.9837999939918518,0.9487724900245667,0.038886114954948425,0.9471371173858643,0.9504228830337524,4.077110767364502,3.663959503173828,856.0,0.3742651045322418,,,,,,,,,,,,
21,,,55829,4.0,0.991100013256073,0.9432126879692078,0.02473292127251625,0.9375792741775513,0.9490078687667847,4.259084224700928,3.8942458629608154,461.0,0.34010565280914307,,,,,,,,,,,,
21,,,55839,4.0,0.9746999740600586,0.9055185914039612,0.05673704296350479,0.8944898247718811,0.9173203706741333,5.002492427825928,4.695165634155273,479.0,0.25058987736701965,,,,,,,,,,,,
21,,,55849,4.0,0.9878000020980835,0.9180158376693726,0.03184551000595093,0.9638588428497314,0.881057620048523,6.48720121383667,6.336695194244385,491.0,0.11866047233343124,,,,,,,,,,,,
21,,,55859,4.0,0.9696499705314636,0.9195140600204468,0.06671091914176941,0.9348878264427185,0.905507504940033,4.864923000335693,4.502886772155762,914.0,0.29532548785209656,,,,,,,,,,,,
21,,,55869,4.0,0.9916499853134155,0.925680935382843,0.02041691355407238,0.9095829725265503,0.9431946277618408,5.064566135406494,4.64448356628418,181.0,0.399665892124176,,,,,,,,,,,,
21,,,55879,4.0,0.9838500022888184,0.8364301919937134,0.0371483638882637,0.8611983060836792,0.8150279521942139,5.981175899505615,5.6323771476745605,285.0,0.3116501569747925,,,,,,,,,,,,
21,,,55889,4.0,0.9927999973297119,0.9473581314086914,0.019005443900823593,0.9396054744720459,0.9554133415222168,3.858470916748047,3.6302592754364014,253.0,0.20920619368553162,,,,,,,,,,,,
21,,,55899,4.0,0.9868500232696533,0.9485996961593628,0.030878230929374695,0.9481464624404907,0.9490540027618408,4.869797706604004,4.58546257019043,567.0,0.25345706939697266,,,,,,,,,,,,
21,,,55909,4.0,0.9897000193595886,0.9475739002227783,0.0266729649156332,0.9202084541320801,0.9793245792388916,4.448523998260498,3.7794387340545654,357.0,0.6424122452735901,,,,,,,,,,,,
21,,,55919,4.0,0.9857000112533569,0.9668585658073425,0.033932752907276154,0.9724991917610168,0.9614015817642212,4.473378658294678,3.928668260574341,902.0,0.5107776522636414,,,,,,,,,,,,
21,,,55929,4.0,0.9923499822616577,0.9618105292320251,0.01819027028977871,0.9687288999557495,0.9551187753677368,3.7587265968322754,3.485062837600708,732.0,0.25547337532043457,,,,,,,,,,,,
21,,,55939,4.0,0.9908000230789185,0.9380991458892822,0.02712288126349449,0.9424986243247986,0.9337941408157349,4.542313098907471,4.076651573181152,524.0,0.4385385811328888,,,,,,,,,,,,
21,,,55949,4.0,0.9907000064849854,0.8673806190490723,0.029804296791553497,0.9130252599716187,0.8311418294906616,4.434643268585205,4.287506580352783,241.0,0.11733248084783554,,,,,,,,,,,,
21,,,55959,4.0,0.9821500182151794,0.9356164932250977,0.04162783920764923,0.9291878938674927,0.9422824382781982,5.929364204406738,5.69835901260376,591.0,0.18937715888023376,,,,,,,,,,,,
21,,,55969,4.0,0.9902499914169312,0.9316349029541016,0.022203288972377777,0.9178410768508911,0.9464613199234009,3.8613040447235107,3.510885000228882,502.0,0.3282158672809601,,,,,,,,,,,,
21,,,55979,4.0,0.9833999872207642,0.895429253578186,0.04173990339040756,0.852111279964447,0.9526164531707764,5.807497501373291,5.604001998901367,286.0,0.16175560653209686,,,,,,,,,,,,
21,,,55989,4.0,0.9868500232696533,0.9520092010498047,0.03712806850671768,0.9401662349700928,0.9646459221839905,4.874313831329346,3.5771429538726807,1044.0,1.2600429058074951,,,,,,,,,,,,
21,,,55999,4.0,0.989799976348877,0.9457501173019409,0.026445383206009865,0.9571781158447266,0.9349442720413208,5.324455261230469,4.306842803955078,547.0,0.9911669492721558,,,,,,,,,,,,
21,,,56009,4.0,0.9880499839782715,0.9525858163833618,0.026633810251951218,0.9603491425514221,0.9451239109039307,3.6764819622039795,3.42423415184021,933.0,0.2256140112876892,,,,,,,,,,,,
21,,,56019,4.0,0.9886000156402588,0.947195291519165,0.029274877160787582,0.9550539255142212,0.9396408200263977,4.502244472503662,4.074436187744141,442.0,0.39853355288505554,,,,,,,,,,,,
21,,,56029,4.0,0.9843000173568726,0.9267365336418152,0.0384351946413517,0.9332013726234436,0.9204889535903931,3.780083179473877,3.502762794494629,875.0,0.23888514935970306,,,,,,,,,,,,
21,,,56039,4.0,0.9777500033378601,0.906633198261261,0.07589159905910492,0.8974993228912354,0.9162758588790894,4.908046245574951,4.492779731750488,712.0,0.33937495946884155,,,,,,,,,,,,
21,,,56049,4.0,0.9889000058174133,0.913796067237854,0.026967987418174744,0.9527833461761475,0.881409764289856,5.161402702331543,4.930930137634277,230.0,0.203504741191864,,,,,,,,,,,,
21,,,56059,4.0,0.9860000014305115,0.958345890045166,0.03472847118973732,0.9513716697692871,0.9655991792678833,4.155545234680176,3.428199291229248,885.0,0.6926173567771912,,,,,,,,,,,,
21,,,56069,4.0,0.984000027179718,0.9229739904403687,0.03940316289663315,0.9070205688476562,0.9404327273368835,5.12105655670166,4.827610969543457,453.0,0.25404250621795654,,,,,,,,,,,,
21,,,56079,4.0,0.9869499802589417,0.911369264125824,0.03376716002821922,0.9375848770141602,0.8883659839630127,4.6228132247924805,4.3254852294921875,371.0,0.2635608911514282,,,,,,,,,,,,
21,,,56089,4.0,0.9791499972343445,0.9016045331954956,0.04944964870810509,0.9075942039489746,0.8958135843276978,5.169990539550781,4.930319309234619,372.0,0.19022195041179657,,,,,,,,,,,,
21,,,56099,4.0,0.9902999997138977,0.9306792616844177,0.02603389322757721,0.913740873336792,0.9492027759552002,3.979340076446533,3.5565502643585205,516.0,0.3967558741569519,,,,,,,,,,,,
21,,,56109,4.0,0.9887999892234802,0.9486686587333679,0.03048395738005638,0.9606612920761108,0.9373692870140076,4.4998979568481445,4.149765491485596,534.0,0.31964877247810364,,,,,,,,,,,,
21,,,56119,4.0,0.9854000210762024,0.9607968330383301,0.032357193529605865,0.9645613431930542,0.9571111798286438,3.8947315216064453,3.6067278385162354,982.0,0.2556465268135071,,,,,,,,,,,,
,8.864040551740158e-05,0.0008864040551740157,56122,,,,,,,,,,,,,,,,,,,,,,
22,,,56129,4.0,0.9900000095367432,0.9783745408058167,0.022543268278241158,0.9845550060272217,0.9724157452583313,3.8605589866638184,3.432790756225586,888.0,0.4052250385284424,,,,,,,,,,,,
22,,,56139,4.0,0.9751499891281128,0.9300218224525452,0.06589250266551971,0.9380898475646973,0.9223284721374512,9.980768203735352,4.649428844451904,1218.0,5.265446186065674,,,,,,,,,,,,
22,,,56149,4.0,0.9901000261306763,0.969255805015564,0.025374257937073708,0.969255805015564,0.969255805015564,4.047481060028076,3.6136202812194824,883.0,0.4084867537021637,,,,,,,,,,,,
22,,,56159,4.0,0.984250009059906,0.9092888832092285,0.040337175130844116,0.9082205295562744,0.9103634357452393,5.517825126647949,4.799017429351807,408.0,0.6784706711769104,,,,,,,,,,,,
22,,,56169,4.0,0.9904500246047974,0.8820844888687134,0.025322744622826576,0.9108763337135315,0.8572291135787964,5.520888328552246,5.275415897369385,199.0,0.22014959156513214,,,,,,,,,,,,
22,,,56179,4.0,0.9861999750137329,0.9508121013641357,0.033461157232522964,0.9571882486343384,0.9446462392807007,5.888159275054932,5.669299602508545,837.0,0.18539853394031525,,,,,,,,,,,,
22,,,56189,4.0,0.9858499765396118,0.9348579049110413,0.035775624215602875,0.95677649974823,0.9152148962020874,5.905452728271484,5.244739055633545,390.0,0.6249380111694336,,,,,,,,,,,,
22,,,56199,4.0,0.9787999987602234,0.929396390914917,0.058819230645895004,0.9129865169525146,0.9475123882293701,4.664497375488281,4.382746696472168,969.0,0.22293156385421753,,,,,,,,,,,,
22,,,56209,4.0,0.9873999953269958,0.8941444158554077,0.0261751227080822,0.9063478708267212,0.8827036023139954,5.168983459472656,4.818535804748535,255.0,0.3242727220058441,,,,,,,,,,,,
22,,,56219,4.0,0.9817500114440918,0.9416638612747192,0.04686923697590828,0.9467682838439941,0.9367019534111023,4.941013813018799,4.569903373718262,835.0,0.32424116134643555,,,,,,,,,,,,
22,,,56229,4.0,0.98294997215271,0.8708609938621521,0.03742758929729462,0.8881847262382507,0.8551374077796936,6.015071868896484,5.45269250869751,259.0,0.524951696395874,,,,,,,,,,,,
22,,,56239,4.0,0.9866499900817871,0.8846571445465088,0.04077273979783058,0.9423093199729919,0.8410583734512329,5.146517753601074,4.742271423339844,285.0,0.36347347497940063,,,,,,,,,,,,
22,,,56249,4.0,0.9941999912261963,0.9764280319213867,0.013548403978347778,0.9691623449325562,0.9839619398117065,3.8512816429138184,3.5816497802734375,686.0,0.25608351826667786,,,,,,,,,,,,
22,,,56259,4.0,0.988099992275238,0.9293510317802429,0.028354892507195473,0.9270404577255249,0.9316895008087158,6.219202518463135,5.171359062194824,532.0,1.0194882154464722,,,,,,,,,,,,
22,,,56269,4.0,0.9896000027656555,0.9503582715988159,0.024547185748815536,0.953052282333374,0.9477005004882812,3.893233299255371,3.550645589828491,837.0,0.318040668964386,,,,,,,,,,,,
22,,,56279,4.0,0.9797999858856201,0.924515962600708,0.048438508063554764,0.9134691953659058,0.9362980127334595,4.208487033843994,3.851485013961792,601.0,0.3085636496543884,,,,,,,,,,,,
22,,,56289,4.0,0.9898999929428101,0.8183608651161194,0.024143463000655174,0.844961404800415,0.7956918478012085,4.982352256774902,4.473602294921875,153.0,0.48460617661476135,,,,,,,,,,,,
22,,,56299,4.0,0.9832000136375427,0.89805006980896,0.040078431367874146,0.8861009478569031,0.9108534455299377,4.840497016906738,4.650961399078369,295.0,0.1494571715593338,,,,,,,,,,,,
22,,,56309,4.0,0.9755499958992004,0.8789159059524536,0.058011896908283234,0.8930745124816895,0.8658748865127563,5.983149528503418,5.727418422698975,495.0,0.19771890342235565,,,,,,,,,,,,
22,,,56319,4.0,0.9876999855041504,0.9487425088882446,0.029273953288793564,0.9580937027931213,0.9398249387741089,3.926774501800537,3.645810127258301,731.0,0.25169050693511963,,,,,,,,,,,,
22,,,56329,4.0,0.9878000020980835,0.9030014276504517,0.03363696485757828,0.8982688188552856,0.9078571796417236,4.663716793060303,4.106988906860352,287.0,0.5230909585952759,,,,,,,,,,,,
22,,,56339,4.0,0.9832500219345093,0.8496557474136353,0.04063832014799118,0.897475004196167,0.8127117156982422,5.553786277770996,5.278511047363281,345.0,0.2346368283033371,,,,,,,,,,,,
22,,,56349,4.0,0.9744499921798706,0.8495339155197144,0.05879228562116623,0.8343720436096191,0.8663344383239746,5.709989547729492,4.980175018310547,395.0,0.6710222363471985,,,,,,,,,,,,
22,,,56359,4.0,0.9908000230789185,0.9483367800712585,0.02286681719124317,0.9735581874847412,0.9259258508682251,4.494663715362549,4.238191604614258,417.0,0.2336055189371109,,,,,,,,,,,,
22,,,56369,4.0,0.9832500219345093,0.9179913997650146,0.038259126245975494,0.9152733087539673,0.9207503795623779,4.778202056884766,4.372766494750977,548.0,0.3671765625476837,,,,,,,,,,,,
22,,,56379,4.0,0.988349974155426,0.959513247013092,0.026983371004462242,0.9747925996780396,0.9453727006912231,5.228390216827393,4.999017238616943,925.0,0.202389657497406,,,,,,,,,,,,
22,,,56389,4.0,0.9915000200271606,0.9386036396026611,0.02444014512002468,0.9457865357398987,0.9316675066947937,4.310933589935303,4.055903911590576,267.0,0.2305893748998642,,,,,,,,,,,,
22,,,56399,4.0,0.9937000274658203,0.9759808778762817,0.01851504296064377,0.983603835105896,0.9686360359191895,4.090327262878418,3.6963653564453125,843.0,0.37544703483581543,,,,,,,,,,,,
22,,,56409,4.0,0.978600025177002,0.8739058971405029,0.04879796877503395,0.8980051279067993,0.8528458476066589,6.137978553771973,5.448797225952148,426.0,0.6403830647468567,,,,,,,,,,,,
22,,,56419,4.0,0.98785001039505,0.9428530931472778,0.02684823051095009,0.9471513032913208,0.9386482238769531,4.049163818359375,3.7791976928710938,990.0,0.24311786890029907,,,,,,,,,,,,
22,,,56429,4.0,0.9831500053405762,0.9392606616020203,0.04273533448576927,0.9359265565872192,0.942656934261322,4.577204704284668,3.945045232772827,997.0,0.5894240140914917,,,,,,,,,,,,
22,,,56439,4.0,0.9944499731063843,0.9752734899520874,0.014933155849575996,0.9747148752212524,0.9758336544036865,4.144789695739746,3.635777711868286,851.0,0.49407872557640076,,,,,,,,,,,,
22,,,56449,4.0,0.9852499961853027,0.9266287088394165,0.03595590963959694,0.8967863321304321,0.9621138572692871,7.169614791870117,6.675239086151123,664.0,0.4584198594093323,,,,,,,,,,,,
22,,,56459,4.0,0.9858499765396118,0.9269435405731201,0.0330132432281971,0.905832052230835,0.9507122039794922,4.581218242645264,4.405123233795166,536.0,0.1430816501379013,,,,,,,,,,,,
22,,,56469,4.0,0.984000027179718,0.9686704277992249,0.04251829534769058,0.9734957218170166,0.9639933705329895,5.452993392944336,5.144827842712402,1491.0,0.2656472325325012,,,,,,,,,,,,
22,,,56479,4.0,0.989799976348877,0.9232312440872192,0.02401766926050186,0.9214595556259155,0.9250191450119019,4.461088180541992,4.251304626464844,279.0,0.1857658177614212,,,,,,,,,,,,
22,,,56489,4.0,0.9805499911308289,0.9161043167114258,0.045018091797828674,0.8974725008010864,0.9369087219238281,4.9510884284973145,4.589502334594727,776.0,0.31656768918037415,,,,,,,,,,,,
22,,,56499,4.0,0.9914500117301941,0.9508597254753113,0.02219829335808754,0.9309319257736206,0.972957968711853,5.291067600250244,4.861383438110352,412.0,0.4074857532978058,,,,,,,,,,,,
22,,,56509,4.0,0.9864000082015991,0.9369531869888306,0.033374905586242676,0.9181961417198181,0.9577599763870239,4.629608631134033,4.341847896575928,595.0,0.25438573956489563,,,,,,,,,,,,
22,,,56519,4.0,0.9904500246047974,0.9315242767333984,0.022830994799733162,0.923923134803772,0.9394282102584839,4.806410312652588,4.319477558135986,220.0,0.46410179138183594,,,,,,,,,,,,
22,,,56529,4.0,0.9817000031471252,0.8669248819351196,0.04510120674967766,0.862523078918457,0.87144535779953,5.619667053222656,5.264541149139404,269.0,0.3100249171257019,,,,,,,,,,,,
22,,,56539,4.0,0.988349974155426,0.9510418176651001,0.025461357086896896,0.9475979804992676,0.9545480012893677,4.406266689300537,3.7818820476531982,596.0,0.5989232659339905,,,,,,,,,,,,
22,,,56549,4.0,0.9871500134468079,0.9518430829048157,0.029337212443351746,0.9667599201202393,0.9380142688751221,4.754291534423828,4.373437404632568,834.0,0.3515167534351349,,,,,,,,,,,,
22,,,56559,4.0,0.9851999878883362,0.8901489973068237,0.03608414903283119,0.9211641550064087,0.8637107610702515,6.403873443603516,6.129574775695801,304.0,0.23821435868740082,,,,,,,,,,,,
22,,,56569,4.0,0.9893500208854675,0.8649846315383911,0.022278904914855957,0.8690279722213745,0.8610334396362305,4.54222297668457,4.340147972106934,232.0,0.17979615926742554,,,,,,,,,,,,
22,,,56579,4.0,0.9905499815940857,0.919785737991333,0.02507709711790085,0.928335428237915,0.9115940928459167,4.862851142883301,4.66193151473999,250.0,0.1758427768945694,,,,,,,,,,,,
22,,,56589,4.0,0.9788500070571899,0.8065595030784607,0.04967942461371422,0.7946462035179138,0.8195652961730957,6.255934715270996,6.002687931060791,236.0,0.2035672813653946,,,,,,,,,,,,
22,,,56599,4.0,0.9869499802589417,0.8894041776657104,0.036783523857593536,0.9025732278823853,0.8771288990974426,6.406983375549316,6.203006744384766,457.0,0.16719293594360352,,,,,,,,,,,,
22,,,56609,4.0,0.9876000285148621,0.9608502388000488,0.036118000745773315,0.9510159492492676,0.9712347984313965,5.3763017654418945,4.695883274078369,1011.0,0.6443006992340088,,,,,,,,,,,,
22,,,56619,4.0,0.9846000075340271,0.9525635242462158,0.037061113864183426,0.9502867460250854,0.9548693895339966,5.3450026512146,4.644324779510498,981.0,0.6636164784431458,,,,,,,,,,,,
22,,,56629,4.0,0.9883000254631042,0.8722712993621826,0.03038678504526615,0.9177473783493042,0.836143434047699,5.475789546966553,5.349594593048096,261.0,0.09580782800912857,,,,,,,,,,,,
22,,,56639,4.0,0.9869999885559082,0.9617471694946289,0.03109680488705635,0.9747805595397949,0.9495843648910522,4.88410758972168,4.245305061340332,1203.0,0.6077053546905518,,,,,,,,,,,,
22,,,56649,4.0,0.9884999990463257,0.8864713311195374,0.025855721905827522,0.8766192197799683,0.8968889117240906,6.654879570007324,6.174221038818359,294.0,0.4548029601573944,,,,,,,,,,,,
22,,,56659,4.0,0.9811499714851379,0.9230379462242126,0.04764986410737038,0.8954786062240601,0.9555894136428833,6.50661563873291,5.032585620880127,852.0,1.426379919052124,,,,,,,,,,,,
22,,,56669,4.0,0.9835500121116638,0.9228215217590332,0.03688879683613777,0.926195502281189,0.9195082187652588,4.775647163391113,4.35888671875,696.0,0.3798719644546509,,,,,,,,,,,,
22,,,56679,4.0,0.987500011920929,0.8197649717330933,0.032157957553863525,0.8037514090538025,0.8376561999320984,4.9448323249816895,4.096951007843018,158.0,0.8157235383987427,,,,,,,,,,,,
22,,,56689,4.0,0.9941999912261963,0.9724553823471069,0.014250150881707668,0.978523313999176,0.9665597677230835,3.626210927963257,3.308574676513672,795.0,0.30338624119758606,,,,,,,,,,,,
22,,,56699,4.0,0.9753000140190125,0.8594335317611694,0.05480659008026123,0.9256917238235474,0.8126331567764282,5.628998279571533,5.167860507965088,656.0,0.4063310921192169,,,,,,,,,,,,
22,,,56709,4.0,0.9761499762535095,0.9200583100318909,0.055286750197410583,0.912787139415741,0.9276536703109741,6.134616851806641,5.888736248016357,849.0,0.19059360027313232,,,,,,,,,,,,
22,,,56719,4.0,0.9868999719619751,0.904480516910553,0.03419094532728195,0.9117425680160522,0.8974916934967041,5.07442045211792,4.62151575088501,245.0,0.4187135398387909,,,,,,,,,,,,
22,,,56729,4.0,0.9836500287055969,0.8866806030273438,0.042887236922979355,0.9433064460754395,0.8438218832015991,4.754063129425049,4.242649555206299,527.0,0.46852657198905945,,,,,,,,,,,,
22,,,56739,4.0,0.9816499948501587,0.9234470129013062,0.04259773716330528,0.920543909072876,0.9263975620269775,6.006828308105469,5.19034481048584,517.0,0.7738854885101318,,,,,,,,,,,,
22,,,56749,4.0,0.9926000237464905,0.9571783542633057,0.019245808944106102,0.9538370370864868,0.9605746865272522,4.1004509925842285,3.8995752334594727,333.0,0.18162979185581207,,,,,,,,,,,,
22,,,56759,4.0,0.9890999794006348,0.8995265364646912,0.02858775667846203,0.8913635015487671,0.908062219619751,5.2852678298950195,4.719840049743652,235.0,0.5368399620056152,,,,,,,,,,,,
22,,,56769,4.0,0.9849500060081482,0.868038535118103,0.03634868189692497,0.8560230731964111,0.8809617757797241,6.418257713317871,5.8709282875061035,342.0,0.510980486869812,,,,,,,,,,,,
22,,,56779,4.0,0.9894000291824341,0.9401702880859375,0.024908332154154778,0.9517691135406494,0.9292153120040894,3.8428585529327393,3.4615538120269775,526.0,0.35639646649360657,,,,,,,,,,,,
22,,,56789,4.0,0.9850000143051147,0.8636319637298584,0.03403114154934883,0.9161907434463501,0.8235200643539429,5.661700248718262,5.201566696166992,338.0,0.42610272765159607,,,,,,,,,,,,
22,,,56799,4.0,0.9834499955177307,0.8683179616928101,0.03651760146021843,0.9077519774436951,0.8363170623779297,6.952733039855957,5.808002948760986,290.0,1.1082122325897217,,,,,,,,,,,,
22,,,56809,4.0,0.9898499846458435,0.9262403845787048,0.026330087333917618,0.9186248779296875,0.9341635704040527,5.512732982635498,4.670092582702637,265.0,0.8163105249404907,,,,,,,,,,,,
22,,,56819,4.0,0.988099992275238,0.9185150265693665,0.03368823975324631,0.9143242835998535,0.9227996468544006,5.985442161560059,5.635560989379883,504.0,0.3161928653717041,,,,,,,,,,,,
22,,,56829,4.0,0.984749972820282,0.9343198537826538,0.031949836760759354,0.9484368562698364,0.9211949110031128,3.7730093002319336,3.408059597015381,880.0,0.3329998254776001,,,,,,,,,,,,
22,,,56839,4.0,0.9882500171661377,0.8932698965072632,0.031375594437122345,0.9382606744766235,0.8571293354034424,5.769219875335693,5.382476329803467,399.0,0.35536834597587585,,,,,,,,,,,,
22,,,56849,4.0,0.9902499914169312,0.9266694784164429,0.02404142916202545,0.9033414721488953,0.953132152557373,4.103044509887695,3.7679736614227295,335.0,0.3110293745994568,,,,,,,,,,,,
22,,,56859,4.0,0.9804999828338623,0.9372857213020325,0.04725586995482445,0.9310927391052246,0.9437044858932495,4.680033206939697,4.13450813293457,916.0,0.4982691705226898,,,,,,,,,,,,
22,,,56869,4.0,0.9868999719619751,0.9690201878547668,0.036774005740880966,0.9705437421798706,0.9675101637840271,5.214827537536621,4.930214881896973,974.0,0.2478383183479309,,,,,,,,,,,,
22,,,56879,4.0,0.9809499979019165,0.9460617899894714,0.05042882636189461,0.9397791028022766,0.9525812864303589,4.682010650634766,4.230855464935303,1098.0,0.4007263779640198,,,,,,,,,,,,
22,,,56889,4.0,0.9832000136375427,0.8383814096450806,0.05982666462659836,0.8492174744606018,0.8282414674758911,4.721441745758057,4.491259574890137,302.0,0.17035537958145142,,,,,,,,,,,,
22,,,56899,4.0,0.9842000007629395,0.9465146064758301,0.0478159561753273,0.9553502798080444,0.9380865097045898,5.716949939727783,5.4983439445495605,925.0,0.17079021036624908,,,,,,,,,,,,
22,,,56909,4.0,0.9886000156402588,0.9133490920066833,0.029382821172475815,0.8851577043533325,0.9464306831359863,4.515837669372559,4.165705680847168,272.0,0.32074907422065735,,,,,,,,,,,,
22,,,56919,4.0,0.9663000106811523,0.9029198884963989,0.08399927616119385,0.8901537656784058,0.9168301820755005,5.3365888595581055,4.4185051918029785,619.0,0.8340846300125122,,,,,,,,,,,,
22,,,56929,4.0,0.9887999892234802,0.930410623550415,0.028828002512454987,0.9363796710968018,0.9246188402175903,4.417839527130127,4.163723945617676,303.0,0.22528766095638275,,,,,,,,,,,,
22,,,56939,4.0,0.9914000034332275,0.9259973168373108,0.022791681811213493,0.9417605400085449,0.9113922119140625,4.6538496017456055,4.43411111831665,300.0,0.19694657623767853,,,,,,,,,,,,
22,,,56949,4.0,0.9686499834060669,0.8295813798904419,0.07752446085214615,0.8917873501777649,0.7861162424087524,7.384478569030762,5.433709144592285,478.0,1.8732446432113647,,,,,,,,,,,,
22,,,56959,4.0,0.9858999848365784,0.9447185397148132,0.03624889627099037,0.9477525949478149,0.94173264503479,6.480428695678711,5.711704254150391,613.0,0.7324756383895874,,,,,,,,,,,,
22,,,56969,4.0,0.9905499815940857,0.9271905422210693,0.021381795406341553,0.9421672821044922,0.91326904296875,4.571245193481445,4.303042411804199,296.0,0.24682100117206573,,,,,,,,,,,,
22,,,56979,4.0,0.9708999991416931,0.9220941066741943,0.060123175382614136,0.8985922336578369,0.9496674537658691,4.8774285316467285,4.56572961807251,948.0,0.25157612562179565,,,,,,,,,,,,
22,,,56989,4.0,0.9857000112533569,0.8948759436607361,0.03281067684292793,0.9184347987174988,0.8740267753601074,4.417553901672363,4.224672794342041,318.0,0.16007044911384583,,,,,,,,,,,,
22,,,56999,4.0,0.9694499969482422,0.9236388206481934,0.07483375817537308,0.9342387318611145,0.9137159585952759,7.118674278259277,5.547332763671875,1335.0,1.4965074062347412,,,,,,,,,,,,
22,,,57009,4.0,0.9868000149726868,0.9732590913772583,0.030115308240056038,0.981232225894928,0.9656698107719421,3.8601200580596924,3.602376699447632,916.0,0.22762803733348846,,,,,,,,,,,,
22,,,57019,4.0,0.9797499775886536,0.8817607164382935,0.04377812519669533,0.8751932978630066,0.8885911703109741,5.2320475578308105,4.805633544921875,341.0,0.3826361298561096,,,,,,,,,,,,
22,,,57029,4.0,0.98785001039505,0.8574000597000122,0.029561245813965797,0.8417143225669861,0.8746880292892456,4.584033489227295,4.144902229309082,209.0,0.4095703661441803,,,,,,,,,,,,
22,,,57039,4.0,0.9805499911308289,0.9050209522247314,0.04638348147273064,0.9253443479537964,0.88679039478302,6.007699012756348,5.671323299407959,529.0,0.28999242186546326,,,,,,,,,,,,
22,,,57049,4.0,0.991100013256073,0.8123313188552856,0.025677654892206192,0.8818461894989014,0.7647038698196411,4.609776496887207,4.376173973083496,88.0,0.20792478322982788,,,,,,,,,,,,
22,,,57059,4.0,0.9882000088691711,0.9127773642539978,0.02787225879728794,0.9256848096847534,0.9006911516189575,5.423008441925049,4.966770648956299,442.0,0.4283655285835266,,,,,,,,,,,,
22,,,57069,4.0,0.9795500040054321,0.9387240409851074,0.04869212210178375,0.9557175636291504,0.9232504367828369,4.06628942489624,3.6185429096221924,943.0,0.39905422925949097,,,,,,,,,,,,
22,,,57079,4.0,0.982200026512146,0.8629547953605652,0.04441177845001221,0.9105830192565918,0.8259117603302002,6.443785667419434,4.627447128295898,282.0,1.771926760673523,,,,,,,,,,,,
22,,,57089,4.0,0.9869999885559082,0.9376833438873291,0.0350571870803833,0.958125114440918,0.91921067237854,4.867748260498047,4.474597930908203,426.0,0.35809335112571716,,,,,,,,,,,,
22,,,57099,4.0,0.9848999977111816,0.9161435961723328,0.0437622107565403,0.9036083817481995,0.9295865893363953,4.772712707519531,4.283701419830322,588.0,0.4452490210533142,,,,,,,,,,,,
22,,,57109,4.0,0.9902999997138977,0.8954107761383057,0.02480768784880638,0.9123915433883667,0.8798443078994751,4.8482584953308105,4.648435592651367,213.0,0.17501556873321533,,,,,,,,,,,,
22,,,57119,4.0,0.9886500239372253,0.9324333667755127,0.03033898025751114,0.9619795680046082,0.9067751169204712,4.816608905792236,4.613077640533447,344.0,0.17319256067276,,,,,,,,,,,,
22,,,57129,4.0,0.9849500060081482,0.8895887136459351,0.034720636904239655,0.8985743522644043,0.8810333609580994,6.404439449310303,5.92130184173584,244.0,0.4484170973300934,,,,,,,,,,,,
22,,,57139,4.0,0.9869999885559082,0.9295740127563477,0.029133565723896027,0.920947253704071,0.9386080503463745,4.260124206542969,3.871295928955078,459.0,0.35969477891921997,,,,,,,,,,,,
22,,,57149,4.0,0.9882000088691711,0.9177412390708923,0.027526233345270157,0.9346243739128113,0.9022274017333984,5.008129596710205,4.5373053550720215,267.0,0.44329777359962463,,,,,,,,,,,,
22,,,57159,4.0,0.989549994468689,0.9336724281311035,0.03728372976183891,0.9603736400604248,0.9101582765579224,4.325495719909668,3.9793004989624023,445.0,0.30891135334968567,,,,,,,,,,,,
22,,,57169,4.0,0.9894999861717224,0.9513640403747559,0.02587720938026905,0.9539730548858643,0.948789119720459,4.076733589172363,3.735135316848755,754.0,0.3157208263874054,,,,,,,,,,,,
22,,,57179,4.0,0.989549994468689,0.9502673149108887,0.03177095577120781,0.9422447085380554,0.9586297273635864,4.604374885559082,4.166308403015137,751.0,0.40629544854164124,,,,,,,,,,,,
22,,,57189,4.0,0.9822499752044678,0.9387093782424927,0.03856705129146576,0.912121057510376,0.9699039459228516,4.541987419128418,4.142140865325928,1076.0,0.3612794578075409,,,,,,,,,,,,
22,,,57199,4.0,0.9909499883651733,0.9180759191513062,0.027843371033668518,0.9294626712799072,0.9073151350021362,5.956082820892334,4.426088809967041,280.0,1.5021506547927856,,,,,,,,,,,,
22,,,57209,4.0,0.9876999855041504,0.9205875396728516,0.030504930764436722,0.9266740083694458,0.9146889448165894,5.763463973999023,5.285486698150635,339.0,0.44747260212898254,,,,,,,,,,,,
22,,,57219,4.0,0.9801499843597412,0.8908076286315918,0.042256925255060196,0.8833862543106079,0.8985607624053955,5.694727897644043,5.466836452484131,380.0,0.18563450872898102,,,,,,,,,,,,
22,,,57229,4.0,0.9904000163078308,0.87056964635849,0.026840612292289734,0.9595001935958862,0.8113842010498047,5.6014909744262695,5.015653610229492,282.0,0.5589966177940369,,,,,,,,,,,,
22,,,57239,4.0,0.9846500158309937,0.9611648321151733,0.0422934889793396,0.9738631248474121,0.9493396282196045,5.372284889221191,5.022097587585449,1338.0,0.3078939616680145,,,,,,,,,,,,
22,,,57249,4.0,0.9933500289916992,0.971826434135437,0.019341234117746353,0.9730530977249146,0.9706070423126221,4.0706939697265625,3.697831153869629,912.0,0.35352182388305664,,,,,,,,,,,,
22,,,57259,4.0,0.983299970626831,0.9518022537231445,0.043690260499715805,0.9649190902709961,0.9395924806594849,5.525936603546143,5.150784969329834,921.0,0.3314616084098816,,,,,,,,,,,,
22,,,57269,4.0,0.9922000169754028,0.9302838444709778,0.023660318925976753,0.939932644367218,0.9210761189460754,4.64665412902832,4.36962366104126,233.0,0.2533703148365021,,,,,,,,,,,,
22,,,57279,4.0,0.9884999990463257,0.9509333372116089,0.05355352908372879,0.9822074174880981,0.9239985942840576,4.1672210693359375,3.683392286300659,800.0,0.43027544021606445,,,,,,,,,,,,
22,,,57289,4.0,0.9837999939918518,0.9385582208633423,0.04146789386868477,0.9044094085693359,0.9804894924163818,4.530298709869385,3.969738721847534,764.0,0.5190920829772949,,,,,,,,,,,,
22,,,57299,4.0,0.9778500199317932,0.9404606819152832,0.05135098099708557,0.9282591342926025,0.953622043132782,4.333923816680908,4.024921894073486,962.0,0.2576509416103363,,,,,,,,,,,,
22,,,57309,4.0,0.9825000166893005,0.9166803956031799,0.03910144791007042,0.9235063791275024,0.9101014137268066,5.384761333465576,4.9298014640808105,403.0,0.41585829854011536,,,,,,,,,,,,
22,,,57319,4.0,0.9826499819755554,0.9638172388076782,0.04596206545829773,0.9626353979110718,0.965008020401001,5.545538902282715,4.870779514312744,1266.0,0.6287972927093506,,,,,,,,,,,,
22,,,57329,4.0,0.9858999848365784,0.9552491903305054,0.03305841237306595,0.947066068649292,0.9638146162033081,4.38597297668457,3.9103217124938965,884.0,0.44259291887283325,,,,,,,,,,,,
22,,,57339,4.0,0.9916499853134155,0.9068057537078857,0.021790744736790657,0.9263781309127808,0.8890368938446045,5.1777663230896,4.820583820343018,299.0,0.3353915214538574,,,,,,,,,,,,
22,,,57349,4.0,0.9889000058174133,0.9402759075164795,0.029982782900333405,0.9394227862358093,0.9411327838897705,6.043449878692627,5.5232319831848145,261.0,0.49023523926734924,,,,,,,,,,,,
22,,,57359,4.0,0.989799976348877,0.9629250168800354,0.029301688075065613,0.9661026000976562,0.9597988128662109,4.5400872230529785,3.9317638874053955,1065.0,0.5790217518806458,,,,,,,,,,,,
22,,,57369,4.0,0.9858999848365784,0.95034259557724,0.029762445017695427,0.9538649916648865,0.9468855857849121,4.116199970245361,3.7902591228485107,1035.0,0.29617831110954285,,,,,,,,,,,,
22,,,57379,4.0,0.9936500191688538,0.9444136619567871,0.01644964888691902,0.9404247999191284,0.948480486869812,4.641528129577637,4.348198890686035,309.0,0.2768798768520355,,,,,,,,,,,,
22,,,57389,4.0,0.9884999990463257,0.771597683429718,0.03694452717900276,0.8115737438201904,0.7409756183624268,5.311892032623291,4.586087703704834,88.0,0.6888599395751953,,,,,,,,,,,,
22,,,57399,4.0,0.9863499999046326,0.9533548355102539,0.03334693983197212,0.9647684693336487,0.9426004886627197,8.573439598083496,4.2139973640441895,886.0,4.326095104217529,,,,,,,,,,,,
22,,,57409,4.0,0.9924499988555908,0.893939733505249,0.019100386649370193,0.9054819345474243,0.8830626010894775,5.461099624633789,5.070104122161865,249.0,0.3718952536582947,,,,,,,,,,,,
22,,,57419,4.0,0.9875500202178955,0.9042141437530518,0.03366591036319733,0.9164982438087463,0.8926891088485718,4.263774394989014,3.9547581672668457,308.0,0.27535051107406616,,,,,,,,,,,,
22,,,57429,4.0,0.990149974822998,0.9548376202583313,0.03136373311281204,0.9633128643035889,0.9467096328735352,4.31800651550293,3.647409677505493,889.0,0.6392331123352051,,,,,,,,,,,,
22,,,57439,4.0,0.9847999811172485,0.9300525188446045,0.03761586919426918,0.9162280559539795,0.9449808597564697,4.510126113891602,4.205386161804199,524.0,0.26712435483932495,,,,,,,,,,,,
22,,,57449,4.0,0.9876999855041504,0.9216104745864868,0.028649266809225082,0.9370079636573792,0.9073598384857178,4.6616387367248535,4.281492233276367,517.0,0.3514971137046814,,,,,,,,,,,,
22,,,57459,4.0,0.9889000058174133,0.9068930149078369,0.027996569871902466,0.9365960955619812,0.8812209367752075,4.873874187469482,4.651771545410156,393.0,0.19410619139671326,,,,,,,,,,,,
22,,,57469,4.0,0.9874500036239624,0.9540560245513916,0.034651488065719604,0.9522225856781006,0.9559072256088257,5.291619300842285,5.056331157684326,892.0,0.20063698291778564,,,,,,,,,,,,
22,,,57479,4.0,0.9879000186920166,0.8687238693237305,0.027417119592428207,0.8657011389732361,0.8718001246452332,5.95732307434082,5.106923580169678,205.0,0.8229823112487793,,,,,,,,,,,,
22,,,57489,4.0,0.9829000234603882,0.8926515579223633,0.038931019604206085,0.9279215335845947,0.863235592842102,6.671900272369385,6.081648349761963,293.0,0.5513209700584412,,,,,,,,,,,,
22,,,57499,4.0,0.9885500073432922,0.9189780950546265,0.028486572206020355,0.9294188618659973,0.9090753793716431,5.641382694244385,4.949413776397705,354.0,0.6634823679924011,,,,,,,,,,,,
22,,,57509,4.0,0.9727500081062317,0.8939862847328186,0.06591299921274185,0.8630204796791077,0.9321251511573792,5.267497539520264,4.839569091796875,484.0,0.3620151877403259,,,,,,,,,,,,
22,,,57519,4.0,0.9735999703407288,0.9007761478424072,0.05974544584751129,0.9119794368743896,0.8902792930603027,5.428858280181885,5.061367034912109,531.0,0.307746022939682,,,,,,,,,,,,
22,,,57529,4.0,0.9807500243186951,0.9620410203933716,0.049647826701402664,0.9621049165725708,0.9619770050048828,5.005091667175293,4.3894877433776855,923.0,0.5659562349319458,,,,,,,,,,,,
22,,,57539,4.0,0.9822999835014343,0.9182149171829224,0.04467180743813515,0.9168516397476196,0.919588565826416,5.027863025665283,4.460628509521484,502.0,0.522562563419342,,,,,,,,,,,,
22,,,57549,4.0,0.9873499870300293,0.9581620693206787,0.03871418908238411,0.9399861097335815,0.9782978296279907,5.227743148803711,4.760472774505615,1117.0,0.4285559356212616,,,,,,,,,,,,
22,,,57559,4.0,0.9825500249862671,0.9377080202102661,0.04236231744289398,0.9499027132987976,0.9262827634811401,4.3042497634887695,3.979119062423706,722.0,0.2827683985233307,,,,,,,,,,,,
22,,,57569,4.0,0.9828000068664551,0.9229162931442261,0.04159349203109741,0.9235857725143433,0.9222493171691895,4.438784122467041,4.255631923675537,481.0,0.14155864715576172,,,,,,,,,,,,
22,,,57579,4.0,0.9879500269889832,0.8927490711212158,0.030166277661919594,0.919988751411438,0.8690354824066162,5.868763446807861,5.038374423980713,327.0,0.8002228736877441,,,,,,,,,,,,
22,,,57589,4.0,0.9854999780654907,0.9513844847679138,0.03836984187364578,0.9491165280342102,0.9536806344985962,5.07789945602417,4.312673091888428,826.0,0.7268568873405457,,,,,,,,,,,,
22,,,57599,4.0,0.9892500042915344,0.9475964307785034,0.030688129365444183,0.954524576663971,0.9409037232398987,4.768377304077148,4.35854959487915,595.0,0.37913963198661804,,,,,,,,,,,,
22,,,57609,4.0,0.9749500155448914,0.9276865720748901,0.05411045625805855,0.9476774334907532,0.909843385219574,5.9048309326171875,5.51474142074585,736.0,0.33597904443740845,,,,,,,,,,,,
22,,,57619,4.0,0.9814500212669373,0.9075617790222168,0.04325579106807709,0.9070178866386414,0.908107340335846,7.673619747161865,7.177406311035156,676.0,0.45295774936676025,,,,,,,,,,,,
22,,,57629,4.0,0.988349974155426,0.9636257886886597,0.028029698878526688,0.9778730273246765,0.9503911733627319,4.39459228515625,3.8531785011291504,1019.0,0.5133839249610901,,,,,,,,,,,,
22,,,57639,4.0,0.9868999719619751,0.8982638120651245,0.028524842113256454,0.9164403080940247,0.8817230463027954,6.277257442474365,5.6340250968933105,484.0,0.6147075295448303,,,,,,,,,,,,
22,,,57649,4.0,0.9855999946594238,0.9381906390190125,0.0368470661342144,0.9391815662384033,0.9372048377990723,4.446352005004883,3.9193170070648193,650.0,0.49018803238868713,,,,,,,,,,,,
22,,,57659,4.0,0.9925000071525574,0.9450153112411499,0.021021084859967232,0.9660485982894897,0.9259366989135742,3.937622547149658,3.7415771484375,281.0,0.17502433061599731,,,,,,,,,,,,
22,,,57669,4.0,0.9869499802589417,0.9457549452781677,0.03382503241300583,0.9436673521995544,0.9478656053543091,4.652558326721191,4.289538383483887,558.0,0.32919493317604065,,,,,,,,,,,,
22,,,57679,4.0,0.9603000283241272,0.9081524014472961,0.08849941939115524,0.8947305679321289,0.9229607582092285,5.715991973876953,4.969423294067383,1093.0,0.6580690145492554,,,,,,,,,,,,
22,,,57689,4.0,0.9878000020980835,0.9271755814552307,0.02871127612888813,0.9154467582702637,0.9396651983261108,4.458861351013184,4.052365303039551,330.0,0.37778475880622864,,,,,,,,,,,,
22,,,57699,4.0,0.9886500239372253,0.9232997894287109,0.026798488572239876,0.9102874994277954,0.9372509717941284,5.374964237213135,5.079324245452881,344.0,0.26884108781814575,,,,,,,,,,,,
22,,,57709,4.0,0.9843500256538391,0.8851869702339172,0.033787090331315994,0.8462011814117432,0.9352195858955383,5.828491687774658,5.1395769119262695,299.0,0.6551276445388794,,,,,,,,,,,,
22,,,57719,4.0,0.9914000034332275,0.9332113862037659,0.024592529982328415,0.9370154142379761,0.9294780492782593,5.3158416748046875,4.7982001304626465,292.0,0.4930489957332611,,,,,,,,,,,,
22,,,57729,4.0,0.9850500226020813,0.9126144051551819,0.037856586277484894,0.8848018646240234,0.9453427195549011,4.841760158538818,4.339968204498291,372.0,0.4639354944229126,,,,,,,,,,,,
22,,,57739,4.0,0.9839500188827515,0.9217602014541626,0.05115363001823425,0.9482718706130981,0.8985745906829834,5.773907661437988,5.454367160797119,420.0,0.2683866620063782,,,,,,,,,,,,
22,,,57749,4.0,0.973800003528595,0.9233816266059875,0.06815586239099503,0.9247937798500061,0.9219814538955688,5.470552444458008,4.5627031326293945,1121.0,0.8396934866905212,,,,,,,,,,,,
22,,,57759,4.0,0.9907000064849854,0.933183491230011,0.02415102906525135,0.9343418478965759,0.9320318698883057,4.564006805419922,4.218928337097168,306.0,0.3209274411201477,,,,,,,,,,,,
22,,,57769,4.0,0.9861500263214111,0.8392517566680908,0.03300781920552254,0.8546348810195923,0.8252158164978027,4.612516403198242,4.265810966491699,201.0,0.3136976957321167,,,,,,,,,,,,
22,,,57779,4.0,0.9890999794006348,0.9743059873580933,0.02861030586063862,0.9831816554069519,0.9658656120300293,4.357801914215088,3.872612237930298,859.0,0.4565792679786682,,,,,,,,,,,,
22,,,57789,4.0,0.9847999811172485,0.8556137681007385,0.03731169179081917,0.8909532427787781,0.8264755606651306,5.295398712158203,5.042830467224121,206.0,0.21525683999061584,,,,,,,,,,,,
22,,,57799,4.0,0.9762499928474426,0.9323843717575073,0.06402069330215454,0.9142916202545166,0.952670693397522,4.731712341308594,4.166778087615967,781.0,0.5009135007858276,,,,,,,,,,,,
22,,,57809,4.0,0.9918500185012817,0.8753716945648193,0.01906364969909191,0.9009213447570801,0.8529927730560303,5.027963638305664,4.626553535461426,172.0,0.38234663009643555,,,,,,,,,,,,
22,,,57819,4.0,0.984250009059906,0.9357404708862305,0.03981954976916313,0.918510913848877,0.9547339081764221,4.164146900177002,3.702860116958618,667.0,0.4214673638343811,,,,,,,,,,,,
22,,,57829,4.0,0.9858499765396118,0.9371066093444824,0.03679914399981499,0.9446067810058594,0.9298924803733826,4.025907516479492,3.659186840057373,753.0,0.3299216032028198,,,,,,,,,,,,
22,,,57839,4.0,0.9926999807357788,0.9690611362457275,0.017721358686685562,0.9662997722625732,0.9718606472015381,4.137239933013916,3.819145441055298,709.0,0.3003729283809662,,,,,,,,,,,,
22,,,57849,4.0,0.9862499833106995,0.8918828964233398,0.03153885155916214,0.8709989786148071,0.9154918193817139,5.407604217529297,4.770544528961182,258.0,0.6055208444595337,,,,,,,,,,,,
22,,,57859,4.0,0.9836000204086304,0.9466279149055481,0.04076916351914406,0.9480854272842407,0.9451820254325867,3.9723472595214844,3.5545942783355713,957.0,0.37698376178741455,,,,,,,,,,,,
22,,,57869,4.0,0.9872999787330627,0.9694934487342834,0.030782680958509445,0.9752756357192993,0.9638997316360474,3.894218921661377,3.6205496788024902,936.0,0.24288654327392578,,,,,,,,,,,,
22,,,57879,4.0,0.9892500042915344,0.9286878108978271,0.026318203657865524,0.9157646894454956,0.9425253868103027,4.052515983581543,3.700819969177246,269.0,0.325377881526947,,,,,,,,,,,,
22,,,57889,4.0,0.9901000261306763,0.9384878873825073,0.02628999389708042,0.9466373920440674,0.930659294128418,4.992992877960205,4.876407146453857,561.0,0.09029600769281387,,,,,,,,,,,,
22,,,57899,4.0,0.9878000020980835,0.9695820808410645,0.029159558936953545,0.9681383371353149,0.9710378050804138,3.722094774246216,3.426556348800659,1066.0,0.2663789689540863,,,,,,,,,,,,
22,,,57909,4.0,0.9883999824523926,0.9444890022277832,0.031195446848869324,0.9257627725601196,0.9652057886123657,3.8909683227539062,3.357210397720337,731.0,0.5025625228881836,,,,,,,,,,,,
22,,,57919,4.0,0.9907500147819519,0.9395250082015991,0.025769278407096863,0.9435316920280457,0.9355969429016113,5.146455764770508,4.729674816131592,347.0,0.391011506319046,,,,,,,,,,,,
22,,,57929,4.0,0.9828000068664551,0.9430979490280151,0.04490072280168533,0.9643568992614746,0.9240841865539551,5.078461170196533,4.5545783042907715,867.0,0.4789820909500122,,,,,,,,,,,,
22,,,57939,4.0,0.9937499761581421,0.9527283906936646,0.02328399568796158,0.9569165706634521,0.9486222267150879,3.7300291061401367,3.515052556991577,406.0,0.1916925013065338,,,,,,,,,,,,
22,,,57949,4.0,0.9782000184059143,0.9360058307647705,0.05757635459303856,0.9616907238960266,0.9136810302734375,6.0199055671691895,5.798391342163086,1108.0,0.1639382243156433,,,,,,,,,,,,
22,,,57959,4.0,0.9908000230789185,0.9721122980117798,0.026946982368826866,0.9837034940719604,0.9611930847167969,4.005252361297607,3.6824724674224854,966.0,0.29583290219306946,,,,,,,,,,,,
22,,,57969,4.0,0.9836500287055969,0.9179396033287048,0.04270002990961075,0.8955586552619934,0.943422794342041,3.7351646423339844,3.388028144836426,648.0,0.3044363856315613,,,,,,,,,,,,
22,,,57979,4.0,0.9850999712944031,0.9569571018218994,0.03556641936302185,0.9552574157714844,0.9586731195449829,3.6925084590911865,3.4052894115448,827.0,0.25165265798568726,,,,,,,,,,,,
22,,,57989,4.0,0.984499990940094,0.9447526931762695,0.04498404264450073,0.9315317869186401,0.9589958190917969,3.9817991256713867,3.3978652954101562,740.0,0.5389496684074402,,,,,,,,,,,,
22,,,57999,4.0,0.9887499809265137,0.9704009294509888,0.028969187289476395,0.9664499759674072,0.9744412899017334,4.879558086395264,4.652227401733398,1156.0,0.19836147129535675,,,,,,,,,,,,
22,,,58009,4.0,0.9886999726295471,0.8629099726676941,0.02641993947327137,0.8393405675888062,0.8902156352996826,4.390777587890625,3.949000835418701,177.0,0.41535669565200806,,,,,,,,,,,,
22,,,58019,4.0,0.9805499911308289,0.850143551826477,0.05764364078640938,0.9224832057952881,0.8002773523330688,6.255098342895508,5.802303791046143,286.0,0.39515113830566406,,,,,,,,,,,,
22,,,58029,4.0,0.9886000156402588,0.9550303220748901,0.030233804136514664,0.9441787600517273,0.9665279388427734,5.733578681945801,5.298508167266846,744.0,0.4048368036746979,,,,,,,,,,,,
22,,,58039,4.0,0.9916999936103821,0.9781850576400757,0.02181262895464897,0.9691188335418701,0.9877268075942993,5.447848320007324,4.069046974182129,943.0,1.3569886684417725,,,,,,,,,,,,
22,,,58049,4.0,0.989300012588501,0.8976236581802368,0.02730223722755909,0.8997962474822998,0.8954759836196899,4.938663482666016,4.7052741050720215,189.0,0.20608708262443542,,,,,,,,,,,,
22,,,58059,4.0,0.9865000247955322,0.9449398517608643,0.03132668137550354,0.9785597324371338,0.916380763053894,4.609726428985596,4.203024387359619,756.0,0.37537533044815063,,,,,,,,,,,,
22,,,58069,4.0,0.9908999800682068,0.9689121842384338,0.022067364305257797,0.9675695896148682,0.9702640771865845,3.693197250366211,3.4205610752105713,829.0,0.25056883692741394,,,,,,,,,,,,
22,,,58079,4.0,0.988099992275238,0.9323475956916809,0.03100791573524475,0.9462132453918457,0.9194074869155884,5.692969799041748,4.883698463439941,344.0,0.7782635688781738,,,,,,,,,,,,
22,,,58089,4.0,0.9901999831199646,0.9426255226135254,0.02465260587632656,0.9629586935043335,0.9241735935211182,5.346235275268555,4.951573848724365,355.0,0.37000903487205505,,,,,,,,,,,,
22,,,58099,4.0,0.9925500154495239,0.9713617563247681,0.02094467356801033,0.978500485420227,0.9644696712493896,3.9227454662323,3.594088554382324,698.0,0.3077123463153839,,,,,,,,,,,,
22,,,58109,4.0,0.9739999771118164,0.9295862913131714,0.06827526539564133,0.9031287431716919,0.9611673355102539,5.44840145111084,4.959524154663086,876.0,0.42060190439224243,,,,,,,,,,,,
22,,,58119,4.0,0.9807000160217285,0.9472312927246094,0.04400385543704033,0.9633362293243408,0.9325103759765625,5.172393321990967,4.539436340332031,864.0,0.588952898979187,,,,,,,,,,,,
22,,,58129,4.0,0.9904999732971191,0.9516898989677429,0.023711878806352615,0.9794206619262695,0.927335262298584,4.7814555168151855,4.554440021514893,363.0,0.20330381393432617,,,,,,,,,,,,
22,,,58139,4.0,0.9837499856948853,0.8996611833572388,0.03710233420133591,0.8936631083488464,0.9058657288551331,5.326423168182373,4.8345947265625,565.0,0.45472609996795654,,,,,,,,,,,,
22,,,58149,4.0,0.9843500256538391,0.9191989898681641,0.037672027945518494,0.9657578468322754,0.8819938898086548,5.551829814910889,5.391989231109619,427.0,0.12216831743717194,,,,,,,,,,,,
22,,,58159,4.0,0.9864500164985657,0.9503331184387207,0.03304600343108177,0.9706545472145081,0.9319943785667419,4.414328098297119,3.990056276321411,788.0,0.3912257254123688,,,,,,,,,,,,
22,,,58169,4.0,0.9919000267982483,0.9559034109115601,0.021641986444592476,0.9407894611358643,0.9722273945808411,3.805258274078369,3.632176637649536,314.0,0.15143965184688568,,,,,,,,,,,,
22,,,58179,4.0,0.9811999797821045,0.9213694334030151,0.04407196119427681,0.9103431105613708,0.93311607837677,4.65200662612915,4.31710147857666,375.0,0.29083284735679626,,,,,,,,,,,,
22,,,58189,4.0,0.9902499914169312,0.8395016193389893,0.02160707488656044,0.8749162554740906,0.8104009628295898,5.019307613372803,4.665987491607666,161.0,0.33171331882476807,,,,,,,,,,,,
22,,,58199,4.0,0.9807500243186951,0.858776330947876,0.045489851385354996,0.8883686661720276,0.833709716796875,5.714879035949707,5.396162033081055,345.0,0.2732269763946533,,,,,,,,,,,,
22,,,58209,4.0,0.9844499826431274,0.8956977725028992,0.04015054553747177,0.8930246829986572,0.8984112739562988,5.858700275421143,5.404031276702881,291.0,0.414518266916275,,,,,,,,,,,,
22,,,58219,4.0,0.9805999994277954,0.9228941202163696,0.04809492453932762,0.9194381237030029,0.9264181852340698,6.246496677398682,5.378053188323975,503.0,0.8203485608100891,,,,,,,,,,,,
22,,,58229,4.0,0.9894000291824341,0.9535214304924011,0.027639638632535934,0.9466551542282104,0.9606366157531738,5.059511661529541,4.551400661468506,473.0,0.4804711937904358,,,,,,,,,,,,
22,,,58239,4.0,0.9881500005722046,0.9594125151634216,0.031177625060081482,0.9590157270431519,0.9598101377487183,3.6223807334899902,3.205726385116577,742.0,0.38547682762145996,,,,,,,,,,,,
22,,,58249,4.0,0.9840999841690063,0.9623714685440063,0.04242695868015289,0.9597316980361938,0.9650535583496094,5.684353828430176,4.990053176879883,1072.0,0.651873767375946,,,,,,,,,,,,
22,,,58259,4.0,0.9871000051498413,0.9086577892303467,0.035267122089862823,0.9320138692855835,0.8878923058509827,5.296011924743652,4.858741283416748,427.0,0.4020031988620758,,,,,,,,,,,,
22,,,58269,4.0,0.9916499853134155,0.8490414619445801,0.02070583775639534,0.9039374589920044,0.807634174823761,5.459756374359131,5.391805648803711,211.0,0.04724524915218353,,,,,,,,,,,,
22,,,58279,4.0,0.9892500042915344,0.9001266956329346,0.02251727320253849,0.926831841468811,0.8767532110214233,4.777936935424805,4.261772632598877,266.0,0.49364718794822693,,,,,,,,,,,,
22,,,58289,4.0,0.9876000285148621,0.9714018106460571,0.02891305275261402,0.9806472063064575,0.9626358151435852,4.1765947341918945,3.529864549636841,1042.0,0.6178174018859863,,,,,,,,,,,,
22,,,58299,4.0,0.9871500134468079,0.888615071773529,0.032193589955568314,0.9428664445877075,0.8468843102455139,5.126967906951904,4.8966264724731445,378.0,0.1981477439403534,,,,,,,,,,,,
22,,,58309,4.0,0.9884999990463257,0.9457517862319946,0.033506669104099274,0.9750396013259888,0.9202879071235657,3.828355550765991,3.5142502784729004,869.0,0.2805987298488617,,,,,,,,,,,,
22,,,58319,4.0,0.9840499758720398,0.8753167390823364,0.03427565470337868,0.885179340839386,0.8659865260124207,4.631531715393066,4.417222499847412,289.0,0.1800336390733719,,,,,,,,,,,,
22,,,58329,4.0,0.9811999797821045,0.8727164268493652,0.04889872297644615,0.9026248455047607,0.8473009467124939,6.606939315795898,5.515651702880859,288.0,1.0423890352249146,,,,,,,,,,,,
22,,,58339,4.0,0.9800500273704529,0.9219146966934204,0.04395397752523422,0.9169966578483582,0.9269728064537048,4.810429573059082,4.36649751663208,569.0,0.39997804164886475,,,,,,,,,,,,
22,,,58349,4.0,0.9854999780654907,0.9478117227554321,0.0335007943212986,0.9448226094245911,0.9508495330810547,4.318504810333252,3.5752477645874023,854.0,0.7097563147544861,,,,,,,,,,,,
22,,,58359,4.0,0.9887499809265137,0.9404224753379822,0.02984797954559326,0.9457454085350037,0.9352403879165649,5.696422100067139,4.910647869110107,580.0,0.7559263110160828,,,,,,,,,,,,
22,,,58369,4.0,0.9872999787330627,0.8666226267814636,0.027867017313838005,0.8601539134979248,0.8733433485031128,5.101215362548828,4.640444755554199,282.0,0.4329036474227905,,,,,,,,,,,,
22,,,58379,4.0,0.9839500188827515,0.9538397192955017,0.04235073924064636,0.9338548183441162,0.9763641953468323,5.1389617919921875,4.687235355377197,966.0,0.4093758761882782,,,,,,,,,,,,
22,,,58389,4.0,0.98580002784729,0.9179151058197021,0.034884434193372726,0.9140019416809082,0.9219117164611816,5.482884407043457,5.114007472991943,438.0,0.3339923322200775,,,,,,,,,,,,
22,,,58399,4.0,0.9862499833106995,0.9140281677246094,0.03371056914329529,0.9195659160614014,0.9086494445800781,5.490262508392334,4.94921875,364.0,0.5073331594467163,,,,,,,,,,,,
22,,,58409,4.0,0.9905999898910522,0.8826864957809448,0.025255102664232254,0.8845280408859253,0.8808634281158447,4.3368401527404785,4.153221607208252,261.0,0.15836329758167267,,,,,,,,,,,,
22,,,58419,4.0,0.9887499809265137,0.9559073448181152,0.024934932589530945,0.962654173374176,0.9493881464004517,4.354806900024414,3.9962735176086426,874.0,0.3335987329483032,,,,,,,,,,,,
22,,,58429,4.0,0.9642500281333923,0.7642860412597656,0.11660623550415039,0.9000667333602905,0.7014768719673157,7.1905012130737305,6.05941915512085,809.0,1.0144758224487305,,,,,,,,,,,,
22,,,58439,4.0,0.9844499826431274,0.8903970122337341,0.04404584318399429,0.9440068006515503,0.849176287651062,6.385678291320801,5.916193008422852,445.0,0.42543935775756836,,,,,,,,,,,,
22,,,58449,4.0,0.986050009727478,0.9547847509384155,0.03252406418323517,0.9498268961906433,0.9598797559738159,4.392629623413086,3.9053075313568115,942.0,0.4547978341579437,,,,,,,,,,,,
22,,,58459,4.0,0.9843999743461609,0.8868645429611206,0.04412279278039932,0.9095916748046875,0.8667210340499878,7.334372043609619,6.519839763641357,549.0,0.7704095244407654,,,,,,,,,,,,
22,,,58469,4.0,0.9838500022888184,0.9402042627334595,0.0397740863263607,0.967249870300293,0.9166282415390015,4.963023662567139,4.531904220581055,861.0,0.3913455009460449,,,,,,,,,,,,
22,,,58479,4.0,0.9855499863624573,0.8741303086280823,0.03472249582409859,0.9392185211181641,0.8267703652381897,4.728255748748779,4.388432502746582,346.0,0.30510106682777405,,,,,,,,,,,,
22,,,58489,4.0,0.9811999797821045,0.9529629349708557,0.05254248529672623,0.9452427625656128,0.9610555768013,4.921897888183594,3.808422088623047,1003.0,1.0609333515167236,,,,,,,,,,,,
22,,,58499,4.0,0.9908999800682068,0.891861081123352,0.022393111139535904,0.8936522006988525,0.8900870084762573,5.248189449310303,4.670316696166992,229.0,0.5554797053337097,,,,,,,,,,,,
22,,,58509,4.0,0.989549994468689,0.8652235269546509,0.02370300516486168,0.8525809049606323,0.8788570165634155,4.096787929534912,3.757405996322632,203.0,0.3156788647174835,,,,,,,,,,,,
22,,,58519,4.0,0.9771999716758728,0.8956731557846069,0.05142989009618759,0.935686469078064,0.8632552623748779,5.094326496124268,4.571004867553711,368.0,0.47189173102378845,,,,,,,,,,,,
22,,,58529,4.0,0.9876499772071838,0.9298255443572998,0.03200221434235573,0.945273756980896,0.9155241250991821,4.739866256713867,4.555461883544922,619.0,0.1524020880460739,,,,,,,,,,,,
22,,,58539,4.0,0.9828500151634216,0.8886796832084656,0.0440906286239624,0.9064728021621704,0.8725200891494751,4.088262557983398,3.8711769580841064,301.0,0.17299500107765198,,,,,,,,,,,,
22,,,58549,4.0,0.9868500232696533,0.9340595602989197,0.02948312647640705,0.9434366822242737,0.92512047290802,4.427890300750732,4.098631858825684,680.0,0.29977497458457947,,,,,,,,,,,,
22,,,58559,4.0,0.9918500185012817,0.9308204650878906,0.025562947615981102,0.9264043569564819,0.9353358149528503,3.9790115356445312,3.7992401123046875,255.0,0.15420843660831451,,,,,,,,,,,,
22,,,58569,4.0,0.9812999963760376,0.8887392282485962,0.0643048882484436,0.9318512678146362,0.8541786670684814,6.201897621154785,5.896158218383789,464.0,0.2414344847202301,,,,,,,,,,,,
22,,,58579,4.0,0.991100013256073,0.9621959924697876,0.021774742752313614,0.9601465463638306,0.9642666578292847,4.333582401275635,3.6813883781433105,954.0,0.6304190754890442,,,,,,,,,,,,
22,,,58589,4.0,0.9829999804496765,0.9232056140899658,0.04212894290685654,0.9037243127822876,0.9450050592422485,5.732920169830322,5.330977916717529,388.0,0.3598133325576782,,,,,,,,,,,,
22,,,58599,4.0,0.9935500025749207,0.9744082689285278,0.01592485047876835,0.9775251150131226,0.9713387489318848,3.9435763359069824,3.637404680252075,674.0,0.2902466356754303,,,,,,,,,,,,
22,,,58609,4.0,0.9880499839782715,0.9239745140075684,0.03151514381170273,0.917881965637207,0.9302663803100586,5.319736957550049,5.02255916595459,308.0,0.2656624913215637,,,,,,,,,,,,
22,,,58619,4.0,0.9828000068664551,0.9283227920532227,0.037874531000852585,0.9277014136314392,0.928946316242218,4.488898277282715,4.238565444946289,737.0,0.21245834231376648,,,,,,,,,,,,
22,,,58629,4.0,0.991100013256073,0.9704421162605286,0.02212296798825264,0.9688810706138611,0.9720158576965332,3.946408748626709,3.6026761531829834,934.0,0.321609765291214,,,,,,,,,,,,
22,,,58639,4.0,0.9893500208854675,0.9007071256637573,0.024257410317659378,0.9409487247467041,0.8675706386566162,4.472700595855713,4.204626083374023,287.0,0.24381738901138306,,,,,,,,,,,,
22,,,58649,4.0,0.9937499761581421,0.9766073822975159,0.01840178295969963,0.9755412936210632,0.9776791334152222,5.31210470199585,4.7528815269470215,992.0,0.5408217310905457,,,,,,,,,,,,
22,,,58659,4.0,0.9906499981880188,0.9323278665542603,0.02222343534231186,0.914833664894104,0.9515087008476257,4.404056549072266,4.171442985534668,296.0,0.21039016544818878,,,,,,,,,,,,
22,,,58669,4.0,0.9872499704360962,0.8767819404602051,0.02977987751364708,0.9545132517814636,0.8228147625923157,4.387314796447754,3.9248297214508057,413.0,0.4327054023742676,,,,,,,,,,,,
,8.763049794670775e-05,0.0008763049794670775,58673,,,,,,,,,,,,,,,,,,,,,,
23,,,58679,4.0,0.9880499839782715,0.9654709100723267,0.03417154401540756,0.970655083656311,0.9604299068450928,4.650440216064453,4.266916275024414,936.0,0.3493523597717285,,,,,,,,,,,,
23,,,58689,4.0,0.9889500141143799,0.9523729085922241,0.025686951354146004,0.9508410692214966,0.9539167881011963,4.210362911224365,3.7794301509857178,790.0,0.40524569153785706,,,,,,,,,,,,
23,,,58699,4.0,0.9861000180244446,0.8986472487449646,0.038409069180488586,0.8758645057678223,0.9246709942817688,5.820251941680908,5.492898464202881,437.0,0.28894445300102234,,,,,,,,,,,,
23,,,58709,4.0,0.9919499754905701,0.9285905361175537,0.018212731927633286,0.9590238332748413,0.9021680355072021,3.840501070022583,3.628706932067871,253.0,0.19358126819133759,,,,,,,,,,,,
23,,,58719,4.0,0.9915000200271606,0.8829700946807861,0.018905887380242348,0.9378223419189453,0.8407564163208008,4.9562087059021,4.433412075042725,181.0,0.5038905143737793,,,,,,,,,,,,
23,,,58729,4.0,0.9919999837875366,0.891010046005249,0.018827859312295914,0.8993983268737793,0.8829817175865173,4.210524559020996,3.8790037631988525,197.0,0.3126927614212036,,,,,,,,,,,,
23,,,58739,4.0,0.9902499914169312,0.8801822662353516,0.022045817226171494,0.909724235534668,0.8547890186309814,4.855031490325928,4.340960502624512,186.0,0.4920251965522766,,,,,,,,,,,,
23,,,58749,4.0,0.9773499965667725,0.7888278961181641,0.0635024756193161,0.8288813829421997,0.7580204010009766,6.034048080444336,5.781696319580078,262.0,0.18884967267513275,,,,,,,,,,,,
23,,,58759,4.0,0.9887499809265137,0.906590461730957,0.030197855085134506,0.9319248795509338,0.8842523097991943,4.770204067230225,4.4168901443481445,296.0,0.32311633229255676,,,,,,,,,,,,
23,,,58769,4.0,0.9871500134468079,0.9325281977653503,0.03194062039256096,0.9060907363891602,0.9631893634796143,4.4741530418396,4.091813087463379,291.0,0.35039961338043213,,,,,,,,,,,,
23,,,58779,4.0,0.9782500267028809,0.9286559820175171,0.05662243813276291,0.9137393236160278,0.9449785351753235,5.860220432281494,4.761138916015625,741.0,1.0424588918685913,,,,,,,,,,,,
23,,,58789,4.0,0.9712499976158142,0.896491527557373,0.06850317120552063,0.9033030271530151,0.8899534344673157,6.274017810821533,6.018475532531738,852.0,0.18703897297382355,,,,,,,,,,,,
23,,,58799,4.0,0.9810500144958496,0.8436307311058044,0.043322812765836716,0.8537805676460266,0.8340920805931091,5.817187309265137,5.3476948738098145,243.0,0.42616957426071167,,,,,,,,,,,,
23,,,58809,4.0,0.9926499724388123,0.9696459770202637,0.018279610201716423,0.9787976741790771,0.9608917832374573,4.39108943939209,4.032844066619873,392.0,0.3399656116962433,,,,,,,,,,,,
23,,,58819,4.0,0.9802500009536743,0.9064821004867554,0.04485927149653435,0.9335213899612427,0.883029043674469,6.2341179847717285,5.402148246765137,557.0,0.7871103882789612,,,,,,,,,,,,
23,,,58829,4.0,0.9807000160217285,0.8854180574417114,0.044277116656303406,0.8657456040382385,0.9076207280158997,5.5403337478637695,4.983530044555664,279.0,0.512526273727417,,,,,,,,,,,,
23,,,58839,4.0,0.9861999750137329,0.9051445722579956,0.03335098549723625,0.9425438642501831,0.8740352392196655,5.460681438446045,5.222005844116211,317.0,0.20532476902008057,,,,,,,,,,,,
23,,,58849,4.0,0.9884499907493591,0.9545470476150513,0.027232807129621506,0.9447606801986694,0.9648566246032715,3.734050750732422,3.3419697284698486,756.0,0.3648480474948883,,,,,,,,,,,,
23,,,58859,4.0,0.9768000245094299,0.9122946858406067,0.06233549863100052,0.9034398794174194,0.9216302633285522,7.4857659339904785,6.791130065917969,1114.0,0.6323004364967346,,,,,,,,,,,,
23,,,58869,4.0,0.9907500147819519,0.9114168882369995,0.022743960842490196,0.9201870560646057,0.9030274152755737,5.5160603523254395,5.2158026695251465,308.0,0.2775135338306427,,,,,,,,,,,,
23,,,58879,4.0,0.9872000217437744,0.8305034041404724,0.025770818814635277,0.8482860326766968,0.8145281672477722,4.3783087730407715,4.279534816741943,178.0,0.07300325483083725,,,,,,,,,,,,
23,,,58889,4.0,0.9757999777793884,0.8773834109306335,0.05327045917510986,0.8898255228996277,0.8658132553100586,5.353007793426514,4.875693321228027,443.0,0.42404431104660034,,,,,,,,,,,,
23,,,58899,4.0,0.9865999817848206,0.8870670795440674,0.030416881665587425,0.9017283916473389,0.8735119104385376,5.010358810424805,4.6374287605285645,285.0,0.34251293540000916,,,,,,,,,,,,
23,,,58909,4.0,0.9884499907493591,0.9334087371826172,0.029410220682621002,0.960364580154419,0.9097311496734619,4.88992166519165,4.50535249710083,445.0,0.3551587164402008,,,,,,,,,,,,
23,,,58919,4.0,0.9892500042915344,0.9252055883407593,0.026048311963677406,0.9112182855606079,0.9402748942375183,4.930934429168701,4.583004951477051,391.0,0.3218812942504883,,,,,,,,,,,,
23,,,58929,4.0,0.9822999835014343,0.9333891272544861,0.04036766290664673,0.9125816822052002,0.9568933844566345,4.108049392700195,3.7148687839508057,755.0,0.3528129458427429,,,,,,,,,,,,
23,,,58939,4.0,0.9809499979019165,0.9376148581504822,0.0470096655189991,0.9143079519271851,0.964454174041748,4.785449981689453,4.502549171447754,827.0,0.23589129745960236,,,,,,,,,,,,
23,,,58949,4.0,0.9799000024795532,0.8824490904808044,0.04583018645644188,0.8483742475509644,0.9250112771987915,4.06197452545166,3.6808767318725586,384.0,0.3352676331996918,,,,,,,,,,,,
23,,,58959,4.0,0.9846000075340271,0.9177780151367188,0.03585774078965187,0.9102911949157715,0.9255797266960144,5.978216171264648,5.189798831939697,354.0,0.7525597214698792,,,,,,,,,,,,
23,,,58969,4.0,0.9912499785423279,0.9151278734207153,0.02297678031027317,0.9532041549682617,0.8832667469978333,5.619756698608398,5.1673407554626465,235.0,0.42943888902664185,,,,,,,,,,,,
23,,,58979,4.0,0.9918500185012817,0.9647390842437744,0.020536595955491066,0.9876558780670166,0.9441676735877991,3.6648051738739014,3.4557747840881348,812.0,0.1884937286376953,,,,,,,,,,,,
23,,,58989,4.0,0.9893500208854675,0.9058413505554199,0.025980642065405846,0.9102857112884521,0.9014988541603088,4.914573669433594,4.417963981628418,258.0,0.4706292748451233,,,,,,,,,,,,
23,,,58999,4.0,0.9846500158309937,0.9512178897857666,0.03370339050889015,0.9537279605865479,0.9487419128417969,4.320724010467529,3.619051456451416,1086.0,0.6679691076278687,,,,,,,,,,,,
23,,,59009,4.0,0.9868500232696533,0.9485301971435547,0.037196122109889984,0.9480763673782349,0.94898521900177,4.854443073272705,4.4279608726501465,791.0,0.38928601145744324,,,,,,,,,,,,
23,,,59019,4.0,0.9815000295639038,0.9023540019989014,0.04287990182638168,0.872588038444519,0.9381029605865479,7.03868293762207,4.584512710571289,380.0,2.411290168762207,,,,,,,,,,,,
23,,,59029,4.0,0.9791499972343445,0.9215093851089478,0.05094335973262787,0.928300678730011,0.9149703979492188,5.64293909072876,4.979543209075928,556.0,0.6124523878097534,,,,,,,,,,,,
23,,,59039,4.0,0.9908999800682068,0.9326424598693848,0.02063942886888981,0.9606873989105225,0.9080537557601929,5.313851833343506,5.1165690422058105,548.0,0.17664356529712677,,,,,,,,,,,,
23,,,59049,4.0,0.9851999878883362,0.9488212466239929,0.036829881370067596,0.9506622552871704,0.9469983577728271,4.200292110443115,3.8605988025665283,769.0,0.30286335945129395,,,,,,,,,,,,
23,,,59059,4.0,0.9803000092506409,0.9462078809738159,0.04977951571345329,0.9658960700035095,0.9285550117492676,6.865167617797852,6.1884918212890625,1260.0,0.6268961429595947,,,,,,,,,,,,
23,,,59069,4.0,0.9798499941825867,0.9107174873352051,0.046436406672000885,0.9204243421554565,0.901515781879425,6.487876892089844,6.100713729858398,500.0,0.3407268524169922,,,,,,,,,,,,
23,,,59079,4.0,0.9851499795913696,0.9594246745109558,0.03694348782300949,0.9575357437133789,0.9613340497016907,5.236735820770264,4.528388500213623,864.0,0.6714038252830505,,,,,,,,,,,,
23,,,59089,4.0,0.9864000082015991,0.9475647211074829,0.03289899230003357,0.9460855722427368,0.9490556716918945,4.047732353210449,3.7539596557617188,898.0,0.2608736753463745,,,,,,,,,,,,
23,,,59099,4.0,0.9908000230789185,0.9766829013824463,0.022485122084617615,0.9797165393829346,0.9736999273300171,3.773900270462036,3.424057960510254,931.0,0.32735729217529297,,,,,,,,,,,,
23,,,59109,4.0,0.9848499894142151,0.8761365413665771,0.03673824295401573,0.836135983467102,0.9280828833580017,6.3791608810424805,6.012334823608398,360.0,0.3300875425338745,,,,,,,,,,,,
23,,,59119,4.0,0.9840999841690063,0.9516828060150146,0.04534221068024635,0.9691259860992432,0.9357848167419434,4.534456253051758,4.088252544403076,860.0,0.4008614718914032,,,,,,,,,,,,
23,,,59129,4.0,0.9815999865531921,0.8915826678276062,0.05106467753648758,0.9262149333953857,0.862661600112915,6.821894645690918,5.318136692047119,499.0,1.4526937007904053,,,,,,,,,,,,
23,,,59139,4.0,0.9805999994277954,0.932441234588623,0.049081671983003616,0.9604042768478394,0.9082815647125244,5.297497272491455,4.982583045959473,972.0,0.2658323645591736,,,,,,,,,,,,
23,,,59149,4.0,0.9790999889373779,0.8828731775283813,0.043620046228170395,0.8687094449996948,0.898323118686676,4.355820655822754,3.744929075241089,449.0,0.5672716498374939,,,,,,,,,,,,
23,,,59159,4.0,0.9766499996185303,0.82413649559021,0.07899484038352966,0.8939878940582275,0.7767163515090942,4.399232864379883,4.080301284790039,382.0,0.23993705213069916,,,,,,,,,,,,
23,,,59169,4.0,0.9889500141143799,0.9616658687591553,0.026155060157179832,0.9732194542884827,0.9507724642753601,4.086296081542969,3.5528786182403564,1058.0,0.5072624683380127,,,,,,,,,,,,
23,,,59179,4.0,0.9919000267982483,0.9384322166442871,0.019008541479706764,0.9183619022369385,0.960707426071167,4.040131568908691,3.684910774230957,327.0,0.3362122178077698,,,,,,,,,,,,
23,,,59189,4.0,0.9861000180244446,0.9374088048934937,0.03299466520547867,0.9437674880027771,0.9312563538551331,3.8286449909210205,3.4618630409240723,903.0,0.33378711342811584,,,,,,,,,,,,
23,,,59199,4.0,0.9899500012397766,0.9499635100364685,0.02410825714468956,0.9426894187927246,0.9575140476226807,3.719580888748169,3.4123895168304443,716.0,0.2830832600593567,,,,,,,,,,,,
23,,,59209,4.0,0.9871500134468079,0.8338584899902344,0.037022609263658524,0.9249867796897888,0.7759819030761719,4.761842727661133,4.513227939605713,271.0,0.211592435836792,,,,,,,,,,,,
23,,,59219,4.0,0.981249988079071,0.9408788681030273,0.041824690997600555,0.9393918514251709,0.9423786401748657,4.464587211608887,4.098726749420166,996.0,0.32403579354286194,,,,,,,,,,,,
23,,,59229,4.0,0.9774500131607056,0.90727299451828,0.05362949147820473,0.9042403101921082,0.9103598594665527,5.194849967956543,4.937262058258057,509.0,0.2039584219455719,,,,,,,,,,,,
23,,,59239,4.0,0.9818000197410583,0.836778998374939,0.04817386344075203,0.9249205589294434,0.7804344892501831,5.545772552490234,5.192108631134033,329.0,0.3054899573326111,,,,,,,,,,,,
23,,,59249,4.0,0.9850999712944031,0.9334866404533386,0.03477651625871658,0.9742782115936279,0.8999815583229065,4.096920013427734,3.638815402984619,869.0,0.4233280122280121,,,,,,,,,,,,
23,,,59259,4.0,0.9757999777793884,0.9135338068008423,0.06465019285678864,0.8977542519569397,0.9309254884719849,6.59229850769043,5.88962459564209,1070.0,0.6380236148834229,,,,,,,,,,,,
23,,,59269,4.0,0.9848999977111816,0.9336877465248108,0.03449554741382599,0.9660384058952332,0.9061053991317749,4.383713245391846,3.964881181716919,832.0,0.3843366503715515,,,,,,,,,,,,
23,,,59279,4.0,0.9858499765396118,0.9002647995948792,0.03542005270719528,0.8845099210739136,0.917502760887146,5.661163330078125,5.3289337158203125,400.0,0.29680949449539185,,,,,,,,,,,,
23,,,59289,4.0,0.9818500280380249,0.888684093952179,0.04336044192314148,0.9486434459686279,0.8440357446670532,5.521091461181641,4.949385643005371,340.0,0.5283454656600952,,,,,,,,,,,,
23,,,59299,4.0,0.9822499752044678,0.8769774436950684,0.041869062930345535,0.8619564175605774,0.8934390544891357,6.402921676635742,6.024197578430176,391.0,0.3368549346923828,,,,,,,,,,,,
23,,,59309,4.0,0.9816499948501587,0.8851350545883179,0.041683610528707504,0.8661297559738159,0.9064767360687256,5.590359210968018,5.028675556182861,269.0,0.5200001001358032,,,,,,,,,,,,
23,,,59319,4.0,0.984499990940094,0.951367199420929,0.039657559245824814,0.953011155128479,0.9497380256652832,4.90090799331665,4.193038463592529,930.0,0.6682119369506836,,,,,,,,,,,,
23,,,59329,4.0,0.9797499775886536,0.8006504774093628,0.05744669958949089,0.8544434905052185,0.761805534362793,4.809042453765869,4.49156379699707,277.0,0.26003238558769226,,,,,,,,,,,,
23,,,59339,4.0,0.9827499985694885,0.8708041906356812,0.041984450072050095,0.9090322256088257,0.8395938873291016,4.721585273742676,4.430346965789795,339.0,0.24925361573696136,,,,,,,,,,,,
23,,,59349,4.0,0.9907000064849854,0.7421591281890869,0.02349475957453251,0.8522264361381531,0.6852815747261047,4.706368923187256,4.479925632476807,86.0,0.20294861495494843,,,,,,,,,,,,
23,,,59359,4.0,0.9874500036239624,0.933219313621521,0.03177002817392349,0.9217321872711182,0.9454350471496582,4.732528209686279,4.450650215148926,304.0,0.25010791420936584,,,,,,,,,,,,
23,,,59369,4.0,0.9861500263214111,0.9546686410903931,0.03284226730465889,0.9472559094429016,0.9623912572860718,4.171970367431641,3.8287081718444824,936.0,0.31041982769966125,,,,,,,,,,,,
23,,,59379,4.0,0.9855999946594238,0.9272361993789673,0.04098404571413994,0.9454770088195801,0.9106056094169617,6.1883673667907715,5.9360151290893555,487.0,0.21136820316314697,,,,,,,,,,,,
23,,,59389,4.0,0.9836999773979187,0.9219974875450134,0.04040335863828659,0.9338613748550415,0.9108507633209229,4.899485111236572,4.5879011154174805,592.0,0.2711805999279022,,,,,,,,,,,,
23,,,59399,4.0,0.9894999861717224,0.9504275321960449,0.024169394746422768,0.9736095666885376,0.9296835660934448,3.897775173187256,3.5710325241088867,879.0,0.3025732934474945,,,,,,,,,,,,
23,,,59409,4.0,0.9901000261306763,0.9753355979919434,0.02283894084393978,0.9749695062637329,0.9757024645805359,3.705176830291748,3.328828811645508,953.0,0.35350915789604187,,,,,,,,,,,,
23,,,59419,4.0,0.9845499992370605,0.9599466919898987,0.03169263154268265,0.9734396934509277,0.947428822517395,3.849681854248047,3.319986581802368,1089.0,0.49800246953964233,,,,,,,,,,,,
23,,,59429,4.0,0.9902499914169312,0.9771108627319336,0.02433590404689312,0.9771957397460938,0.9770259857177734,3.6696226596832275,3.3740222454071045,868.0,0.2712644636631012,,,,,,,,,,,,
23,,,59439,4.0,0.9825000166893005,0.8640929460525513,0.046878110617399216,0.9296560287475586,0.8169851303100586,5.884767532348633,5.547140598297119,490.0,0.2907484173774719,,,,,,,,,,,,
23,,,59449,4.0,0.9865000247955322,0.8738023042678833,0.029709627851843834,0.853877067565918,0.8962931632995605,6.0367255210876465,5.689458847045898,189.0,0.3175566494464874,,,,,,,,,,,,
23,,,59459,4.0,0.9842000007629395,0.9006982445716858,0.03769880533218384,0.8956880569458008,0.9058510065078735,4.448154449462891,4.072651386260986,282.0,0.33780452609062195,,,,,,,,,,,,
23,,,59469,4.0,0.9832000136375427,0.8920466899871826,0.042056068778038025,0.9045060276985168,0.8804048299789429,5.40615701675415,4.875214576721191,323.0,0.48888638615608215,,,,,,,,,,,,
23,,,59479,4.0,0.9805999994277954,0.8523322343826294,0.04395918920636177,0.9547550678253174,0.7896784543991089,5.9090189933776855,5.58900785446167,386.0,0.276051789522171,,,,,,,,,,,,
23,,,59489,4.0,0.9880499839782715,0.8666261434555054,0.026194307953119278,0.9061996340751648,0.8344117403030396,5.115731239318848,4.676156997680664,227.0,0.41338011622428894,,,,,,,,,,,,
23,,,59499,4.0,0.988099992275238,0.9203281402587891,0.02760002389550209,0.9001673460006714,0.9428580403327942,4.782019138336182,4.521107196807861,285.0,0.2333119660615921,,,,,,,,,,,,
23,,,59509,4.0,0.9850000143051147,0.849380612373352,0.03292259946465492,0.8625383377075195,0.8372018933296204,5.050025939941406,4.794684886932373,218.0,0.22241850197315216,,,,,,,,,,,,
23,,,59519,4.0,0.9901000261306763,0.9613162279129028,0.026649657636880875,0.9641351699829102,0.9585373401641846,4.6182732582092285,4.111288070678711,1095.0,0.4803357422351837,,,,,,,,,,,,
23,,,59529,4.0,0.9872999787330627,0.9007948637008667,0.030722741037607193,0.8933467864990234,0.9085552096366882,6.218013763427734,5.9415154457092285,336.0,0.24577581882476807,,,,,,,,,,,,
23,,,59539,4.0,0.9872499704360962,0.9385408163070679,0.03668238967657089,0.9879788160324097,0.8992129564285278,4.054115295410156,3.5779154300689697,925.0,0.4395173490047455,,,,,,,,,,,,
23,,,59549,4.0,0.991349995136261,0.9673946499824524,0.02285102941095829,0.9672436714172363,0.967545747756958,3.6302616596221924,3.3468034267425537,800.0,0.26060718297958374,,,,,,,,,,,,
23,,,59559,4.0,0.9900000095367432,0.9575550556182861,0.02507537044584751,0.9473022222518921,0.968370795249939,3.9039306640625,3.6545162200927734,889.0,0.22433894872665405,,,,,,,,,,,,
23,,,59569,4.0,0.986299991607666,0.8872137665748596,0.031181497499346733,0.8914461135864258,0.883078932762146,5.115301132202148,4.834916114807129,273.0,0.24920374155044556,,,,,,,,,,,,
23,,,59579,4.0,0.98089998960495,0.9412556886672974,0.04834943264722824,0.939039945602417,0.9434996843338013,4.941703796386719,4.145875453948975,902.0,0.7474789023399353,,,,,,,,,,,,
23,,,59589,4.0,0.9904000163078308,0.9599066972732544,0.024353057146072388,0.9684632420539856,0.9517054557800293,3.95080304145813,3.5862209796905518,949.0,0.34022894501686096,,,,,,,,,,,,
23,,,59599,4.0,0.9866499900817871,0.9011162519454956,0.03142678365111351,0.8916922807693481,0.9110476970672607,4.534668445587158,4.03926944732666,272.0,0.46397194266319275,,,,,,,,,,,,
23,,,59609,4.0,0.9832500219345093,0.8980708122253418,0.034831419587135315,0.9159712791442871,0.8817963600158691,5.792635917663574,4.816239833831787,469.0,0.9415647387504578,,,,,,,,,,,,
23,,,59619,4.0,0.9912999868392944,0.9581887722015381,0.03155845031142235,0.9744982123374939,0.9431009292602539,4.157154083251953,3.7609543800354004,851.0,0.36464130878448486,,,,,,,,,,,,
23,,,59629,4.0,0.9799500107765198,0.8181891441345215,0.05107245594263077,0.7995802760124207,0.8394877910614014,5.869206428527832,4.593362808227539,271.0,1.2247709035873413,,,,,,,,,,,,
23,,,59639,4.0,0.9862499833106995,0.9153848886489868,0.028710993006825447,0.8906967043876648,0.943813681602478,4.509700775146484,4.219616889953613,586.0,0.26137295365333557,,,,,,,,,,,,
23,,,59649,4.0,0.9841499924659729,0.913923978805542,0.04218613728880882,0.9267396330833435,0.9019425511360168,4.94448709487915,4.358357906341553,571.0,0.5439431071281433,,,,,,,,,,,,
23,,,59659,4.0,0.9868500232696533,0.9511882662773132,0.030003128573298454,0.9577416181564331,0.9448546171188354,4.674070835113525,4.395689487457275,827.0,0.248378187417984,,,,,,,,,,,,
23,,,59669,4.0,0.9812999963760376,0.8943431973457336,0.04716572165489197,0.9246282577514648,0.8685100674629211,5.174459457397461,4.724040508270264,390.0,0.40325331687927246,,,,,,,,,,,,
23,,,59679,4.0,0.9818999767303467,0.9594457149505615,0.04071380943059921,0.9597523808479309,0.9591395854949951,4.911368370056152,4.2048020362854,1119.0,0.6658524870872498,,,,,,,,,,,,
23,,,59689,4.0,0.9775500297546387,0.9427509307861328,0.06595450639724731,0.9575551748275757,0.9291670322418213,6.312448978424072,5.01522970199585,1252.0,1.231264591217041,,,,,,,,,,,,
23,,,59699,4.0,0.9925500154495239,0.9779675006866455,0.021055065095424652,0.9790052771568298,0.9769353270530701,3.5811057090759277,3.3257689476013184,907.0,0.23428170382976532,,,,,,,,,,,,
23,,,59709,4.0,0.9797999858856201,0.7571933269500732,0.05900128185749054,0.8323394060134888,0.7109061479568481,5.183431625366211,4.548888206481934,271.0,0.5755420923233032,,,,,,,,,,,,
23,,,59719,4.0,0.9838500022888184,0.7791073322296143,0.047812383621931076,0.9471027851104736,0.7051141858100891,5.9050469398498535,5.496216297149658,310.0,0.36101803183555603,,,,,,,,,,,,
23,,,59729,4.0,0.9854000210762024,0.9594083428382874,0.03711436316370964,0.9664967060089111,0.9525920152664185,4.363016128540039,4.032103538513184,968.0,0.29379868507385254,,,,,,,,,,,,
23,,,59739,4.0,0.9929500222206116,0.8425881862640381,0.01937727816402912,0.8433374166488647,0.8418422937393188,5.345920085906982,4.963318824768066,109.0,0.3632238507270813,,,,,,,,,,,,
23,,,59749,4.0,0.9870499968528748,0.8984716534614563,0.029754718765616417,0.8804360628128052,0.9184664487838745,4.20460319519043,3.767423152923584,270.0,0.4074251651763916,,,,,,,,,,,,
23,,,59759,4.0,0.9876499772071838,0.917468249797821,0.028414517641067505,0.9256138801574707,0.9096568822860718,4.281010150909424,3.9191625118255615,402.0,0.3334333002567291,,,,,,,,,,,,
23,,,59769,4.0,0.9865000247955322,0.9020942449569702,0.03395133838057518,0.9179052114486694,0.8875313401222229,4.1246795654296875,3.5317070484161377,478.0,0.5590212345123291,,,,,,,,,,,,
23,,,59779,4.0,0.9861999750137329,0.952279269695282,0.03517259657382965,0.9297427535057068,0.977918267250061,4.101010322570801,3.660425901412964,687.0,0.4054117798805237,,,,,,,,,,,,
23,,,59789,4.0,0.9879000186920166,0.9440447092056274,0.03186905384063721,0.9815057516098022,0.9126566648483276,3.9652647972106934,3.5175201892852783,723.0,0.41587552428245544,,,,,,,,,,,,
23,,,59799,4.0,0.9845499992370605,0.9005452990531921,0.03553345426917076,0.8735737800598145,0.9322243928909302,5.080587863922119,4.744473934173584,333.0,0.3005804717540741,,,,,,,,,,,,
23,,,59809,4.0,0.98089998960495,0.6860885620117188,0.06574948877096176,0.8407669067382812,0.630098819732666,5.272610664367676,5.04095458984375,167.0,0.16590620577335358,,,,,,,,,,,,
23,,,59819,4.0,0.9832500219345093,0.8761030435562134,0.03836534917354584,0.9025599956512451,0.8531668782234192,6.253583908081055,5.7437424659729,427.0,0.47147616744041443,,,,,,,,,,,,
23,,,59829,4.0,0.9843500256538391,0.9172000288963318,0.035917628556489944,0.9126839637756348,0.921829104423523,4.648131370544434,4.262794017791748,318.0,0.34941956400871277,,,,,,,,,,,,
23,,,59839,4.0,0.9811000227928162,0.7743772864341736,0.050457630306482315,0.9023826122283936,0.7101666331291199,5.863874912261963,5.656757354736328,215.0,0.15665991604328156,,,,,,,,,,,,
23,,,59849,4.0,0.9905999898910522,0.9265725612640381,0.022409457713365555,0.9127606153488159,0.9414229393005371,4.253317356109619,4.045751094818115,242.0,0.18515685200691223,,,,,,,,,,,,
23,,,59859,4.0,0.9891499876976013,0.8663495182991028,0.025294488295912743,0.8869656324386597,0.8479163646697998,5.353711128234863,4.482002258300781,258.0,0.8464144468307495,,,,,,,,,,,,
23,,,59869,4.0,0.9857500195503235,0.7820915579795837,0.0409088209271431,0.8898869752883911,0.7222522497177124,5.6421308517456055,5.471846103668213,236.0,0.12937578558921814,,,,,,,,,,,,
23,,,59879,4.0,0.9918500185012817,0.9683356285095215,0.0218307226896286,0.9659974575042725,0.9707016944885254,4.277403354644775,3.8636395931243896,839.0,0.3919331133365631,,,,,,,,,,,,
23,,,59889,4.0,0.9902499914169312,0.9376795887947083,0.0219279695302248,0.9394863843917847,0.9358891248703003,4.909358978271484,4.530797481536865,564.0,0.35663363337516785,,,,,,,,,,,,
23,,,59899,4.0,0.9858499765396118,0.9360544681549072,0.035160671919584274,0.9506828784942627,0.9224759936332703,6.022208213806152,5.699639797210693,700.0,0.28740790486335754,,,,,,,,,,,,
23,,,59909,4.0,0.988099992275238,0.9573780298233032,0.028997106477618217,0.9521654844284058,0.9627375602722168,5.006961822509766,4.366989612579346,1018.0,0.6109751462936401,,,,,,,,,,,,
23,,,59919,4.0,0.9864000082015991,0.9439355134963989,0.03496634587645531,0.9514060616493225,0.9367480874061584,5.059242248535156,4.621094703674316,487.0,0.4031812846660614,,,,,,,,,,,,
23,,,59929,4.0,0.9882500171661377,0.9226216077804565,0.029328329488635063,0.9104596376419067,0.935603678226471,4.2080817222595215,3.4367589950561523,385.0,0.7419942617416382,,,,,,,,,,,,
23,,,59939,4.0,0.9898499846458435,0.9124470949172974,0.024603860452771187,0.8853974342346191,0.943925142288208,4.504105091094971,3.9336097240448,275.0,0.545891523361206,,,,,,,,,,,,
23,,,59949,4.0,0.9876000285148621,0.9494262933731079,0.03335786610841751,0.9500643014907837,0.9487903118133545,5.232806205749512,4.990507125854492,1029.0,0.2089408040046692,,,,,,,,,,,,
23,,,59959,4.0,0.9777500033378601,0.8090029954910278,0.06057409569621086,0.9515365958213806,0.7378293871879578,7.387362480163574,6.608706474304199,365.0,0.7180821299552917,,,,,,,,,,,,
23,,,59969,4.0,0.9825500249862671,0.893336296081543,0.04555501416325569,0.9294198155403137,0.8633631467819214,5.005769729614258,4.644327163696289,395.0,0.3158872127532959,,,,,,,,,,,,
23,,,59979,4.0,0.9870499968528748,0.9642736911773682,0.030823037028312683,0.9506036043167114,0.9790725111961365,4.038005828857422,3.8130154609680176,927.0,0.19416742026805878,,,,,,,,,,,,
23,,,59989,4.0,0.9775500297546387,0.8805397748947144,0.054484326392412186,0.8814546465873718,0.8796298503875732,5.713010787963867,5.131822109222412,311.0,0.5267040729522705,,,,,,,,,,,,
23,,,59999,4.0,0.9818999767303467,0.7933623790740967,0.04432080686092377,0.8147310018539429,0.774863600730896,5.935539722442627,5.638736248016357,217.0,0.25248268246650696,,,,,,,,,,,,
23,,,60009,4.0,0.9853000044822693,0.8975250720977783,0.035415228456258774,0.8700355887413025,0.9299182891845703,5.587054252624512,5.052557468414307,373.0,0.49908149242401123,,,,,,,,,,,,
23,,,60019,4.0,0.9914500117301941,0.9574316143989563,0.022408975288271904,0.9630043506622314,0.9520084857940674,4.095549583435059,3.649498224258423,836.0,0.4236425757408142,,,,,,,,,,,,
23,,,60029,4.0,0.9836500287055969,0.9415993690490723,0.04467179626226425,0.9205422401428223,0.9653966426849365,3.9879565238952637,3.5067930221557617,966.0,0.4364916682243347,,,,,,,,,,,,
23,,,60039,4.0,0.9786999821662903,0.7924436330795288,0.0641845092177391,0.7973912358283997,0.7876700162887573,4.986362457275391,4.608677387237549,203.0,0.31350061297416687,,,,,,,,,,,,
23,,,60049,4.0,0.991599977016449,0.9251731634140015,0.022657621651887894,0.9339258670806885,0.9167893528938293,5.423356056213379,5.143728256225586,291.0,0.25697028636932373,,,,,,,,,,,,
23,,,60059,4.0,0.9879999756813049,0.8839238286018372,0.02979585900902748,0.9555203914642334,0.8327010869979858,4.741705417633057,4.297971248626709,282.0,0.41393834352493286,,,,,,,,,,,,
23,,,60069,4.0,0.9917500019073486,0.9401284456253052,0.018738526850938797,0.9470665454864502,0.9334198236465454,5.408348083496094,5.074044227600098,372.0,0.31556522846221924,,,,,,,,,,,,
23,,,60079,4.0,0.9918500185012817,0.9790585041046143,0.023647183552384377,0.9814797043800354,0.9766693115234375,4.596786975860596,4.342237949371338,1193.0,0.2309015542268753,,,,,,,,,,,,
23,,,60089,4.0,0.986299991607666,0.9185764789581299,0.03327751159667969,0.8996186256408691,0.939655601978302,5.886351585388184,5.60884952545166,407.0,0.24422438442707062,,,,,,,,,,,,
23,,,60099,4.0,0.9869999885559082,0.9628957509994507,0.031884390860795975,0.9772873520851135,0.9495655298233032,5.029816627502441,4.755420684814453,1364.0,0.24251163005828857,,,,,,,,,,,,
23,,,60109,4.0,0.9898999929428101,0.9670054316520691,0.02670333907008171,0.9737304449081421,0.96051025390625,4.071171760559082,3.6581225395202637,868.0,0.3863460123538971,,,,,,,,,,,,
23,,,60119,4.0,0.9816499948501587,0.9228856563568115,0.040757134556770325,0.9475711584091187,0.9011677503585815,4.902499675750732,4.205186367034912,852.0,0.6565560698509216,,,,,,,,,,,,
23,,,60129,4.0,0.984250009059906,0.925044059753418,0.03786914050579071,0.920954704284668,0.929225504398346,3.7631936073303223,3.4683175086975098,897.0,0.25700685381889343,,,,,,,,,,,,
23,,,60139,4.0,0.9914500117301941,0.9611445069313049,0.023242302238941193,0.9704223275184631,0.9522759914398193,4.139461517333984,3.599885940551758,814.0,0.5163332223892212,,,,,,,,,,,,
23,,,60149,4.0,0.9879000186920166,0.9616773724555969,0.02846374548971653,0.9611941576004028,0.9621617794036865,4.443159580230713,4.011323928833008,895.0,0.4033716320991516,,,,,,,,,,,,
23,,,60159,4.0,0.986050009727478,0.948512613773346,0.036962468177080154,0.93010413646698,0.9689261317253113,5.180561065673828,4.745148181915283,741.0,0.39845025539398193,,,,,,,,,,,,
23,,,60169,4.0,0.9924499988555908,0.8635045289993286,0.02344314195215702,0.9105725288391113,0.8263839483261108,3.8785879611968994,3.5893542766571045,175.0,0.26579052209854126,,,,,,,,,,,,
23,,,60179,4.0,0.9885500073432922,0.9749157428741455,0.02628200128674507,0.9756075739860535,0.9742268919944763,4.013144016265869,3.648362159729004,846.0,0.3384997844696045,,,,,,,,,,,,
23,,,60189,4.0,0.9915500283241272,0.9651283025741577,0.021500036120414734,0.9724444150924683,0.9580709934234619,4.263701915740967,3.79471492767334,899.0,0.4474870264530182,,,,,,,,,,,,
23,,,60199,4.0,0.9883999824523926,0.9383631348609924,0.04066242277622223,0.950480043888092,0.9269551038742065,5.540792465209961,4.30987024307251,420.0,1.1902601718902588,,,,,,,,,,,,
23,,,60209,4.0,0.9858499765396118,0.8710275888442993,0.03441019728779793,0.9027149081230164,0.8442457914352417,5.8425374031066895,5.338845252990723,356.0,0.469282329082489,,,,,,,,,,,,
23,,,60219,4.0,0.9879500269889832,0.9612561464309692,0.031078392639756203,0.9546064138412476,0.9681514501571655,5.684701919555664,5.30994176864624,870.0,0.34368178248405457,,,,,,,,,,,,
23,,,60229,4.0,0.9821000099182129,0.9545433521270752,0.04037054628133774,0.9352313876152039,0.9763394594192505,4.022589206695557,3.644601821899414,945.0,0.33761700987815857,,,,,,,,,,,,
23,,,60239,4.0,0.9879500269889832,0.9593589901924133,0.03603887930512428,0.9743550419807434,0.9454693794250488,5.755779266357422,4.682769775390625,1251.0,1.036970853805542,,,,,,,,,,,,
23,,,60249,4.0,0.9886000156402588,0.9703072309494019,0.03198222815990448,0.9689662456512451,0.9716584086418152,3.9431920051574707,3.550670862197876,1008.0,0.3605388402938843,,,,,,,,,,,,
23,,,60259,4.0,0.9866999983787537,0.9426100254058838,0.02916650101542473,0.9416082501411438,0.9436171054840088,4.733851909637451,3.744128704071045,765.0,0.9605566263198853,,,,,,,,,,,,
23,,,60269,4.0,0.9869499802589417,0.9483277201652527,0.03251463174819946,0.9550434350967407,0.9418411254882812,4.326236724853516,4.118466377258301,849.0,0.1752558797597885,,,,,,,,,,,,
23,,,60279,4.0,0.9912999868392944,0.9619696140289307,0.031248316168785095,0.959152102470398,0.9648274183273315,6.5788397789001465,5.093653202056885,853.0,1.453938603401184,,,,,,,,,,,,
23,,,60289,4.0,0.983299970626831,0.8734226226806641,0.03799228370189667,0.8929290771484375,0.8559086322784424,4.644575595855713,4.247669219970703,275.0,0.3589138984680176,,,,,,,,,,,,
23,,,60299,4.0,0.9884999990463257,0.8822806477546692,0.02863352745771408,0.922796368598938,0.8492124080657959,4.958022117614746,4.298342704772949,217.0,0.631045937538147,,,,,,,,,,,,
23,,,60309,4.0,0.9849500060081482,0.915442705154419,0.03770367428660393,0.8914954662322998,0.9429378509521484,5.104836940765381,4.605746746063232,355.0,0.46138665080070496,,,,,,,,,,,,
23,,,60319,4.0,0.977649986743927,0.8213720321655273,0.05213851481676102,0.7961246967315674,0.8518450260162354,6.6338090896606445,6.267455577850342,358.0,0.3142152726650238,,,,,,,,,,,,
23,,,60329,4.0,0.9820500016212463,0.8410359025001526,0.04006088897585869,0.8876784443855286,0.805018961429596,5.879938125610352,5.471596717834473,284.0,0.3682803511619568,,,,,,,,,,,,
23,,,60339,4.0,0.9912999868392944,0.9124739170074463,0.02297942154109478,0.9024980068206787,0.9229896068572998,5.239186763763428,4.988868713378906,234.0,0.22733858227729797,,,,,,,,,,,,
23,,,60349,4.0,0.9880499839782715,0.921113133430481,0.028927022591233253,0.9390712976455688,0.9046921730041504,5.837310791015625,5.601444721221924,333.0,0.20693907141685486,,,,,,,,,,,,
23,,,60359,4.0,0.9902999997138977,0.9555433988571167,0.028036676347255707,0.9692938327789307,0.9426830410957336,4.6081929206848145,4.218984603881836,468.0,0.36117175221443176,,,,,,,,,,,,
23,,,60369,4.0,0.989799976348877,0.9011541604995728,0.029081981629133224,0.9246153831481934,0.8802909851074219,4.968061447143555,4.645573616027832,232.0,0.29340603947639465,,,,,,,,,,,,
23,,,60379,4.0,0.9881500005722046,0.9123475551605225,0.029370352625846863,0.8994694948196411,0.9261631369590759,5.4459757804870605,5.034104824066162,214.0,0.38250046968460083,,,,,,,,,,,,
23,,,60389,4.0,0.9849500060081482,0.9535593390464783,0.04121958464384079,0.9571617841720581,0.9500271081924438,4.8934431076049805,4.583606243133545,862.0,0.26861709356307983,,,,,,,,,,,,
23,,,60399,4.0,0.9828500151634216,0.8786439895629883,0.034118104726076126,0.9403027296066284,0.8332002758979797,4.940536022186279,4.701621055603027,383.0,0.2047969102859497,,,,,,,,,,,,
23,,,60409,4.0,0.9922999739646912,0.8214483261108398,0.02014639973640442,0.8887655735015869,0.7744029760360718,4.978148460388184,4.6001482009887695,145.0,0.35785403847694397,,,,,,,,,,,,
23,,,60419,4.0,0.9818500280380249,0.8839882016181946,0.04573841392993927,0.8662382960319519,0.9037612676620483,6.175358772277832,5.8295416831970215,266.0,0.30007898807525635,,,,,,,,,,,,
23,,,60429,4.0,0.9887499809265137,0.935476541519165,0.02869507670402527,0.9389106035232544,0.9321017265319824,5.5762128829956055,5.122774600982666,393.0,0.4247431755065918,,,,,,,,,,,,
23,,,60439,4.0,0.9898499846458435,0.9176461696624756,0.026958350092172623,0.9192391633987427,0.9160661697387695,4.5351881980896,4.274251461029053,232.0,0.23397842049598694,,,,,,,,,,,,
23,,,60449,4.0,0.9908000230789185,0.8417333364486694,0.02229180559515953,0.8842381238937378,0.8079516291618347,4.5230712890625,4.290534019470215,148.0,0.21024547517299652,,,,,,,,,,,,
23,,,60459,4.0,0.9905499815940857,0.9591456651687622,0.02347872219979763,0.9786806106567383,0.9413617849349976,4.500410079956055,3.8048925399780273,863.0,0.6720389127731323,,,,,,,,,,,,
23,,,60469,4.0,0.9820500016212463,0.8469028472900391,0.04369121789932251,0.868561863899231,0.8278198838233948,5.329509258270264,4.981994152069092,207.0,0.30382412672042847,,,,,,,,,,,,
23,,,60479,4.0,0.9800500273704529,0.9094098806381226,0.0496642105281353,0.9006059169769287,0.9186748266220093,6.3760480880737305,5.762481689453125,442.0,0.5639023184776306,,,,,,,,,,,,
23,,,60489,4.0,0.9745000004768372,0.8452545404434204,0.0537569522857666,0.8437303304672241,0.8467940092086792,4.66324520111084,4.452347278594971,305.0,0.1571405678987503,,,,,,,,,,,,
23,,,60499,4.0,0.9695000052452087,0.8989864587783813,0.0596478134393692,0.9201606512069702,0.8802815675735474,5.313860893249512,4.8662495613098145,816.0,0.3879633843898773,,,,,,,,,,,,
23,,,60509,4.0,0.9804999828338623,0.8931052088737488,0.04378015547990799,0.9133015275001526,0.8750045299530029,5.7699174880981445,5.4845709800720215,366.0,0.24156619608402252,,,,,,,,,,,,
23,,,60519,4.0,0.9835000038146973,0.9299658536911011,0.048385195434093475,0.9494489431381226,0.9123458862304688,5.05298376083374,4.75285530090332,859.0,0.2517434358596802,,,,,,,,,,,,
23,,,60529,4.0,0.9732999801635742,0.9139919281005859,0.060229863971471786,0.9405252933502197,0.8911193609237671,6.5839409828186035,5.509469985961914,895.0,1.014241337776184,,,,,,,,,,,,
23,,,60539,4.0,0.9890999794006348,0.9576938152313232,0.02580481581389904,0.9598485231399536,0.9555627703666687,3.9331464767456055,3.6492061614990234,960.0,0.25813549757003784,,,,,,,,,,,,
23,,,60549,4.0,0.9859499931335449,0.9377944469451904,0.03383456543087959,0.9167038202285767,0.9615292549133301,5.1775312423706055,4.921189308166504,463.0,0.2225072830915451,,,,,,,,,,,,
23,,,60559,4.0,0.9825999736785889,0.9019896984100342,0.05606909096240997,0.9421534538269043,0.8691771626472473,4.470853328704834,4.03368616104126,533.0,0.38109806180000305,,,,,,,,,,,,
23,,,60569,4.0,0.9718999862670898,0.9116044044494629,0.06635110825300217,0.9020544290542603,0.9217464923858643,5.368382453918457,4.624298572540283,848.0,0.6777330040931702,,,,,,,,,,,,
23,,,60579,4.0,0.9850500226020813,0.9065251350402832,0.0336654856801033,0.9067583084106445,0.9062923192977905,5.573848247528076,4.755987644195557,271.0,0.784195065498352,,,,,,,,,,,,
23,,,60589,4.0,0.9914500117301941,0.9261287450790405,0.021726198494434357,0.9203289747238159,0.9321026802062988,3.5878078937530518,3.4628453254699707,304.0,0.10323634743690491,,,,,,,,,,,,
23,,,60599,4.0,0.965499997138977,0.9151257276535034,0.07481615245342255,0.9579605460166931,0.8817780017852783,5.807674884796143,5.00651216506958,1034.0,0.7263463735580444,,,,,,,,,,,,
23,,,60609,4.0,0.9884999990463257,0.9387184381484985,0.030904073268175125,0.9600480198860168,0.9194896221160889,5.464320659637451,4.821542263031006,442.0,0.6118741035461426,,,,,,,,,,,,
23,,,60619,4.0,0.9873499870300293,0.9254230260848999,0.031165331602096558,0.9398899674415588,0.9119725227355957,4.260581970214844,3.8183462619781494,517.0,0.4110703468322754,,,,,,,,,,,,
23,,,60629,4.0,0.9695000052452087,0.8682917356491089,0.07242633402347565,0.8774755001068115,0.8596174120903015,5.831531047821045,5.615973472595215,408.0,0.14313118159770966,,,,,,,,,,,,
23,,,60639,4.0,0.984499990940094,0.9611592292785645,0.04537680745124817,0.9644147157669067,0.9579643607139587,5.4714484214782715,4.407031536102295,1272.0,1.0190402269363403,,,,,,,,,,,,
23,,,60649,4.0,0.9914500117301941,0.9277706146240234,0.0227470975369215,0.9392911195755005,0.916879415512085,4.331326961517334,3.958463430404663,251.0,0.350116491317749,,,,,,,,,,,,
23,,,60659,4.0,0.9848999977111816,0.7893055081367493,0.03958588093519211,0.9661184549331665,0.7119938135147095,5.057204723358154,4.549293518066406,280.0,0.46832507848739624,,,,,,,,,,,,
23,,,60669,4.0,0.9843000173568726,0.8837897777557373,0.053894683718681335,0.920535683631897,0.8533890247344971,4.889373779296875,4.483721733093262,324.0,0.35175737738609314,,,,,,,,,,,,
23,,,60679,4.0,0.9859499931335449,0.9075872898101807,0.03375902399420738,0.908825695514679,0.9063569903373718,5.070169448852539,4.735917568206787,303.0,0.30049288272857666,,,,,,,,,,,,
23,,,60689,4.0,0.98785001039505,0.945826530456543,0.032316647469997406,0.9542337656021118,0.9377696514129639,3.8744046688079834,3.499072313308716,913.0,0.3430157005786896,,,,,,,,,,,,
23,,,60699,4.0,0.9922000169754028,0.9365687370300293,0.02159738540649414,0.9743539690971375,0.9047126173973083,4.931792259216309,4.650977611541748,248.0,0.2592170536518097,,,,,,,,,,,,
23,,,60709,4.0,0.9909999966621399,0.864180326461792,0.024213500320911407,0.9744019508361816,0.7965941429138184,4.967620372772217,4.417847156524658,268.0,0.5255599617958069,,,,,,,,,,,,
23,,,60719,4.0,0.9861000180244446,0.9018346071243286,0.03691490367054939,0.8670923709869385,0.9446696043014526,4.828181266784668,4.408514499664307,366.0,0.3827517330646515,,,,,,,,,,,,
23,,,60729,4.0,0.9866999983787537,0.9209538102149963,0.029022332280874252,0.9209538102149963,0.9209538102149963,4.675650119781494,4.4835686683654785,400.0,0.16305944323539734,,,,,,,,,,,,
23,,,60739,4.0,0.9749500155448914,0.8884841203689575,0.059782154858112335,0.911078691482544,0.8685874938964844,5.655033111572266,5.161348342895508,650.0,0.43390265107154846,,,,,,,,,,,,
23,,,60749,4.0,0.9909999966621399,0.9753175973892212,0.026774317026138306,0.9814444780349731,0.969388484954834,3.796243906021118,3.4049179553985596,894.0,0.36455151438713074,,,,,,,,,,,,
23,,,60759,4.0,0.9857000112533569,0.9291505813598633,0.0314008891582489,0.9396941661834717,0.919164776802063,5.207352161407471,4.8863205909729,438.0,0.2896309494972229,,,,,,,,,,,,
23,,,60769,4.0,0.9904500246047974,0.864375114440918,0.024657171219587326,0.928757905960083,0.8173553347587585,6.050703048706055,5.422274589538574,325.0,0.603771448135376,,,,,,,,,,,,
23,,,60779,4.0,0.9919499754905701,0.9118430614471436,0.021510031074285507,0.9293623566627502,0.8957675099372864,5.401755332946777,4.714152812957764,375.0,0.6660922765731812,,,,,,,,,,,,
23,,,60789,4.0,0.9836999773979187,0.9454107880592346,0.03943728283047676,0.9431759119033813,0.947673499584198,4.720761299133301,4.021693229675293,885.0,0.6596308946609497,,,,,,,,,,,,
23,,,60799,4.0,0.9871500134468079,0.968794584274292,0.035532619804143906,0.9697576761245728,0.967836856842041,5.543910503387451,4.916633605957031,1249.0,0.591744601726532,,,,,,,,,,,,
23,,,60809,4.0,0.981249988079071,0.9257582426071167,0.04052931070327759,0.9042524099349976,0.950185239315033,3.864886522293091,3.4831719398498535,836.0,0.3411853611469269,,,,,,,,,,,,
23,,,60819,4.0,0.9905499815940857,0.9658937454223633,0.02995752915740013,0.9683394432067871,0.9634783267974854,4.380462169647217,4.033560276031494,838.0,0.31694477796554565,,,,,,,,,,,,
23,,,60829,4.0,0.9869999885559082,0.9523937702178955,0.031184475868940353,0.9604724645614624,0.944646418094635,6.723514556884766,4.140808582305908,874.0,2.551521062850952,,,,,,,,,,,,
23,,,60839,4.0,0.9739000201225281,0.9290405511856079,0.06082391366362572,0.9153608679771423,0.9439725279808044,7.205957889556885,5.227915287017822,1020.0,1.9172186851501465,,,,,,,,,,,,
23,,,60849,4.0,0.9872499704360962,0.9077198505401611,0.030419209972023964,0.9175598621368408,0.8983713984489441,5.729564189910889,4.913989543914795,293.0,0.7851554751396179,,,,,,,,,,,,
23,,,60859,4.0,0.9926999807357788,0.9379860758781433,0.018799565732479095,0.9532104730606079,0.9238170981407166,4.819421291351318,4.641044616699219,305.0,0.15957701206207275,,,,,,,,,,,,
23,,,60869,4.0,0.978600025177002,0.9230242967605591,0.0506812259554863,0.9151883721351624,0.9312280416488647,8.519732475280762,5.893588066101074,623.0,2.57546329498291,,,,,,,,,,,,
23,,,60879,4.0,0.9887499809265137,0.9074549674987793,0.02641422115266323,0.9077693819999695,0.9071410894393921,4.5119218826293945,4.230964660644531,242.0,0.2545430064201355,,,,,,,,,,,,
23,,,60889,4.0,0.9729499816894531,0.8998467326164246,0.06063409894704819,0.9053761959075928,0.8944960832595825,6.127641677856445,5.737451553344727,585.0,0.3295561373233795,,,,,,,,,,,,
23,,,60899,4.0,0.9877499938011169,0.9692134857177734,0.03099793754518032,0.9764034748077393,0.9623074531555176,5.329745769500732,3.786853075027466,911.0,1.511894702911377,,,,,,,,,,,,
23,,,60909,4.0,0.9803500175476074,0.9335761070251465,0.04533015191555023,0.9290834069252014,0.9381859302520752,4.567922592163086,4.136594772338867,838.0,0.38599786162376404,,,,,,,,,,,,
23,,,60919,4.0,0.98580002784729,0.7532467246055603,0.03440992906689644,0.7507102489471436,0.7558374404907227,4.843194484710693,4.115224361419678,117.0,0.693560004234314,,,,,,,,,,,,
23,,,60929,4.0,0.9772499799728394,0.9314970374107361,0.06186855956912041,0.9071650505065918,0.9598913192749023,5.465921878814697,4.7011237144470215,870.0,0.7029296159744263,,,,,,,,,,,,
23,,,60939,4.0,0.9839000105857849,0.9111263155937195,0.04019424319267273,0.9301332235336304,0.893906831741333,5.029388427734375,4.545427322387695,356.0,0.4437669813632965,,,,,,,,,,,,
23,,,60949,4.0,0.9876999855041504,0.9452222585678101,0.03066619299352169,0.9526974558830261,0.9380258321762085,3.9495835304260254,3.542181968688965,831.0,0.3767355680465698,,,,,,,,,,,,
23,,,60959,4.0,0.9886000156402588,0.9071513414382935,0.025651965290308,0.9160524606704712,0.8986508846282959,4.422776222229004,3.9395570755004883,297.0,0.4575672745704651,,,,,,,,,,,,
23,,,60969,4.0,0.9802500009536743,0.9250698089599609,0.04691369831562042,0.9444747567176819,0.9075734615325928,4.839993000030518,4.072414875030518,838.0,0.7206646203994751,,,,,,,,,,,,
23,,,60979,4.0,0.9761999845504761,0.8753272294998169,0.055202677845954895,0.8878066539764404,0.8637254238128662,5.196835994720459,4.921295642852783,357.0,0.22033771872520447,,,,,,,,,,,,
23,,,60989,4.0,0.9815499782562256,0.9384691119194031,0.0464167557656765,0.9283643364906311,0.9491807818412781,4.713688373565674,4.05204963684082,945.0,0.615222156047821,,,,,,,,,,,,
23,,,60999,4.0,0.9876499772071838,0.8799885511398315,0.029866134747862816,0.859862208366394,0.9026781916618347,4.780947208404541,3.9842817783355713,301.0,0.7667996287345886,,,,,,,,,,,,
23,,,61009,4.0,0.9861500263214111,0.9583370089530945,0.03375972807407379,0.9564319849014282,0.9602621793746948,4.204351902008057,3.824737310409546,838.0,0.3458547294139862,,,,,,,,,,,,
23,,,61019,4.0,0.9921500086784363,0.9121991991996765,0.019259585067629814,0.8965727090835571,0.9291834235191345,4.792011737823486,4.366023063659668,175.0,0.40672942996025085,,,,,,,,,,,,
23,,,61029,4.0,0.9876999855041504,0.8860263824462891,0.04228431358933449,0.9386376738548279,0.8452902436256409,4.845131874084473,4.419333457946777,202.0,0.3835141062736511,,,,,,,,,,,,
23,,,61039,4.0,0.9864000082015991,0.9644022583961487,0.03480818122625351,0.9692457318305969,0.959688663482666,4.210549354553223,3.7529613971710205,919.0,0.4227798283100128,,,,,,,,,,,,
23,,,61049,4.0,0.9820500016212463,0.819930374622345,0.04167011007666588,0.8432334661483765,0.7997722625732422,4.857696056365967,4.625516414642334,269.0,0.19050943851470947,,,,,,,,,,,,
23,,,61059,4.0,0.9830499887466431,0.8932860493659973,0.03964781388640404,0.9101741313934326,0.8778644800186157,5.537692070007324,5.208773612976074,386.0,0.2892710268497467,,,,,,,,,,,,
23,,,61069,4.0,0.9821000099182129,0.9207795858383179,0.04252014309167862,0.902724027633667,0.9408309459686279,7.057376861572266,6.650412082672119,686.0,0.3644445538520813,,,,,,,,,,,,
23,,,61079,4.0,0.9841499924659729,0.9191403985023499,0.036351460963487625,0.9357672929763794,0.9038856029510498,6.5197930335998535,5.169002532958984,456.0,1.314438819885254,,,,,,,,,,,,
23,,,61089,4.0,0.9962999820709229,0.819458544254303,0.015109585598111153,0.9326044321060181,0.7535945177078247,4.690631866455078,4.64780855178833,42.0,0.027713967487215996,,,,,,,,,,,,
23,,,61099,4.0,0.9835000038146973,0.8773616552352905,0.040020279586315155,0.8966414928436279,0.8600144982337952,6.108590602874756,5.436812877655029,329.0,0.6317571401596069,,,,,,,,,,,,
23,,,61109,4.0,0.9872000217437744,0.8905645608901978,0.030822589993476868,0.8924570679664612,0.8886915445327759,4.613392353057861,4.2201924324035645,325.0,0.3623770773410797,,,,,,,,,,,,
23,,,61119,4.0,0.9836500287055969,0.9083254933357239,0.039866868406534195,0.9148744344711304,0.9020037651062012,5.443650722503662,5.1441121101379395,384.0,0.25967147946357727,,,,,,,,,,,,
23,,,61129,4.0,0.9884499907493591,0.93690425157547,0.029726454988121986,0.9441553950309753,0.9299130439758301,4.702467441558838,4.2395243644714355,527.0,0.4332166314125061,,,,,,,,,,,,
23,,,61139,4.0,0.98294997215271,0.9451505541801453,0.03890916705131531,0.9337562322616577,0.9573168754577637,4.775793552398682,4.091953277587891,1235.0,0.6449313163757324,,,,,,,,,,,,
23,,,61149,4.0,0.9864000082015991,0.965907096862793,0.0343695692718029,0.9579453468322754,0.9742521047592163,4.1687116622924805,3.7434513568878174,1031.0,0.39089059829711914,,,,,,,,,,,,
23,,,61159,4.0,0.9797000288963318,0.9291821718215942,0.054873786866664886,0.9148690700531006,0.9447603225708008,4.959991455078125,4.499815940856934,715.0,0.40530160069465637,,,,,,,,,,,,
23,,,61169,4.0,0.9887999892234802,0.9435082077980042,0.024794675409793854,0.9284850358963013,0.9597785472869873,4.999668121337891,3.9886462688446045,556.0,0.9862270355224609,,,,,,,,,,,,
23,,,61179,4.0,0.9801999926567078,0.8987576961517334,0.04636479169130325,0.9332886338233948,0.8699081540107727,5.835927963256836,5.163978576660156,404.0,0.6255845427513123,,,,,,,,,,,,
23,,,61189,4.0,0.9843000173568726,0.9666175842285156,0.04079849645495415,0.9539989233016968,0.9803180694580078,4.764602184295654,4.445758819580078,1423.0,0.27804455161094666,,,,,,,,,,,,
23,,,61199,4.0,0.9940500259399414,0.9760464429855347,0.014699830673635006,0.9792279005050659,0.9729139804840088,5.094327926635742,3.7326765060424805,899.0,1.3469512462615967,,,,,,,,,,,,
23,,,61209,4.0,0.9907500147819519,0.9335869550704956,0.02390286512672901,0.9338760375976562,0.9332983493804932,4.2704854011535645,4.035306930541992,328.0,0.21127550303936005,,,,,,,,,,,,
23,,,61219,4.0,0.9879500269889832,0.8699384927749634,0.03580383583903313,0.9509081840515137,0.8146334886550903,5.609750747680664,4.93096923828125,278.0,0.642977774143219,,,,,,,,,,,,
,8.658394705735987e-05,0.0008658394705735987,61224,,,,,,,,,,,,,,,,,,,,,,
24,,,61229,4.0,0.9846000075340271,0.8980281352996826,0.036375097930431366,0.9251714944839478,0.8744267821311951,5.384941101074219,5.015687942504883,269.0,0.3328779339790344,,,,,,,,,,,,
24,,,61239,4.0,0.9782999753952026,0.9237133264541626,0.04733741283416748,0.9242179989814758,0.9232100248336792,5.443972587585449,5.090504169464111,794.0,0.3061310350894928,,,,,,,,,,,,
24,,,61249,4.0,0.9902499914169312,0.9495671987533569,0.026765719056129456,0.9411841630935669,0.9583178758621216,3.8255414962768555,3.3534739017486572,745.0,0.44530168175697327,,,,,,,,,,,,
24,,,61259,4.0,0.991349995136261,0.9741193056106567,0.02422655187547207,0.9770353436470032,0.971247673034668,4.349249839782715,4.089929580688477,895.0,0.2350933849811554,,,,,,,,,,,,
24,,,61269,4.0,0.9815499782562256,0.9375971555709839,0.04625309631228447,0.9522048234939575,0.9240937232971191,3.974980354309082,3.65502667427063,910.0,0.2737003564834595,,,,,,,,,,,,
24,,,61279,4.0,0.9822499752044678,0.9464471936225891,0.03826455771923065,0.9532951712608337,0.9398545622825623,4.361030578613281,3.9279568195343018,875.0,0.3948094844818115,,,,,,,,,,,,
24,,,61289,4.0,0.9903500080108643,0.9529586434364319,0.023997168987989426,0.9674420356750488,0.9394559860229492,4.3574676513671875,3.7932138442993164,702.0,0.5402567982673645,,,,,,,,,,,,
24,,,61299,4.0,0.9853000044822693,0.9592932462692261,0.037053629755973816,0.9552730321884155,0.9634067416191101,4.645418167114258,4.313422203063965,903.0,0.294942170381546,,,,,,,,,,,,
24,,,61309,4.0,0.9889500141143799,0.8876516222953796,0.0295442845672369,0.8887778520584106,0.8865323066711426,5.457244873046875,4.855373382568359,252.0,0.5723273158073425,,,,,,,,,,,,
24,,,61319,4.0,0.9782999753952026,0.8528984189033508,0.04783736541867256,0.851141095161438,0.85467529296875,5.716744422912598,5.153199195861816,262.0,0.5157082080841064,,,,,,,,,,,,
24,,,61329,4.0,0.9867500066757202,0.931271493434906,0.03936531022191048,0.9149211645126343,0.9491525888442993,6.335915565490723,5.81183385848999,393.0,0.484716534614563,,,,,,,,,,,,
24,,,61339,4.0,0.9897000193595886,0.9183505177497864,0.03606438636779785,0.939948558807373,0.8989178538322449,4.807486057281494,4.390594959259033,361.0,0.3808266520500183,,,,,,,,,,,,
24,,,61349,4.0,0.9868500232696533,0.9205961227416992,0.031442444771528244,0.9208282828330994,0.9203643202781677,5.234551906585693,4.462583065032959,334.0,0.7405261397361755,,,,,,,,,,,,
24,,,61359,4.0,0.9840499758720398,0.905357837677002,0.046122148633003235,0.8912345170974731,0.92066890001297,5.523748397827148,5.009673118591309,388.0,0.4679531455039978,,,,,,,,,,,,
24,,,61369,4.0,0.9815000295639038,0.9138129949569702,0.05268658325076103,0.9355483055114746,0.8944221138954163,5.4156646728515625,4.541912078857422,559.0,0.8210658431053162,,,,,,,,,,,,
24,,,61379,4.0,0.9871000051498413,0.9355733394622803,0.03262237459421158,0.9272002577781677,0.9443281888961792,4.195323944091797,3.810629367828369,642.0,0.35207226872444153,,,,,,,,,,,,
24,,,61389,4.0,0.983299970626831,0.9244402647018433,0.0393395721912384,0.8897770643234253,0.9671601057052612,5.012337684631348,4.6585235595703125,647.0,0.3144743740558624,,,,,,,,,,,,
24,,,61399,4.0,0.9885500073432922,0.9414264559745789,0.028226422145962715,0.9420350193977356,0.9408197402954102,5.598528861999512,5.134603977203369,632.0,0.43569836020469666,,,,,,,,,,,,
24,,,61409,4.0,0.9896500110626221,0.9385199546813965,0.02473435178399086,0.9500083923339844,0.9276619553565979,5.714792251586914,5.1386189460754395,365.0,0.551438570022583,,,,,,,,,,,,
24,,,61419,4.0,0.9863499999046326,0.9331106543540955,0.03308659419417381,0.9180198311805725,0.9495013952255249,4.6869306564331055,4.15021276473999,340.0,0.5036311149597168,,,,,,,,,,,,
24,,,61429,4.0,0.9853000044822693,0.9344310164451599,0.0369211845099926,0.9181069135665894,0.952307403087616,4.695184230804443,4.2571635246276855,575.0,0.40109983086586,,,,,,,,,,,,
24,,,61439,4.0,0.9894499778747559,0.9665250778198242,0.02633117139339447,0.9627654552459717,0.9703611731529236,3.680579662322998,3.394306182861328,878.0,0.2599421739578247,,,,,,,,,,,,
24,,,61449,4.0,0.9868999719619751,0.971580445766449,0.03288927674293518,0.9694907665252686,0.9736971855163574,6.234567165374756,3.6894829273223877,989.0,2.512194871902466,,,,,,,,,,,,
24,,,61459,4.0,0.9876000285148621,0.9598628282546997,0.03143971040844917,0.971867561340332,0.9485843181610107,4.122767925262451,3.7889206409454346,902.0,0.3024076819419861,,,,,,,,,,,,
24,,,61469,4.0,0.9871000051498413,0.8829243183135986,0.031073935329914093,0.9081919193267822,0.8607867956161499,4.142431735992432,3.9039762020111084,257.0,0.20738153159618378,,,,,,,,,,,,
24,,,61479,4.0,0.9818500280380249,0.8954662084579468,0.04105820506811142,0.9121600389480591,0.8802133798599243,6.859808444976807,5.698698043823242,399.0,1.1200523376464844,,,,,,,,,,,,
24,,,61489,4.0,0.9856500029563904,0.8814049959182739,0.0375371016561985,0.9527053833007812,0.8306087255477905,4.683990955352783,4.3387131690979,307.0,0.3077405095100403,,,,,,,,,,,,
24,,,61499,4.0,0.9894999861717224,0.92594313621521,0.024576226249337196,0.9315897226333618,0.9204552173614502,4.398814678192139,4.163352966308594,299.0,0.210885688662529,,,,,,,,,,,,
24,,,61509,4.0,0.9858499765396118,0.9151194095611572,0.031225470826029778,0.9194888472557068,0.9108498692512512,5.930788993835449,4.672469139099121,360.0,1.227094054222107,,,,,,,,,,,,
24,,,61519,4.0,0.9819499850273132,0.9597387909889221,0.04769403114914894,0.9655538201332092,0.9541260004043579,4.990533828735352,4.734055042266846,1249.0,0.2087843418121338,,,,,,,,,,,,
24,,,61529,4.0,0.9865000247955322,0.844178318977356,0.03208131343126297,0.8487989902496338,0.839685320854187,4.1762237548828125,3.9558584690093994,165.0,0.18828405439853668,,,,,,,,,,,,
24,,,61539,4.0,0.9892500042915344,0.9676781892776489,0.025076361373066902,0.971977710723877,0.9634758830070496,3.885030508041382,3.470306634902954,1094.0,0.38964754343032837,,,,,,,,,,,,
24,,,61549,4.0,0.9860000014305115,0.937553346157074,0.03806351125240326,0.9481556415557861,0.9275128841400146,4.738553047180176,4.138431549072266,819.0,0.56205815076828,,,,,,,,,,,,
24,,,61559,4.0,0.9785000085830688,0.9335380792617798,0.04482419788837433,0.9193774461746216,0.9489662051200867,4.2597880363464355,3.791538715362549,895.0,0.4234251379966736,,,,,,,,,,,,
24,,,61569,4.0,0.9897500276565552,0.9240779876708984,0.025572247803211212,0.9466320872306824,0.9038575887680054,3.9925320148468018,3.8006577491760254,379.0,0.16630204021930695,,,,,,,,,,,,
24,,,61579,4.0,0.9810000061988831,0.9440652132034302,0.043152011930942535,0.9509987831115723,0.937396764755249,4.076568603515625,3.8272032737731934,986.0,0.20621325075626373,,,,,,,,,,,,
24,,,61589,4.0,0.9918000102043152,0.8897309899330139,0.022777415812015533,0.9044046998023987,0.8761285543441772,4.293141841888428,4.1282830238342285,129.0,0.1420813947916031,,,,,,,,,,,,
24,,,61599,4.0,0.9857000112533569,0.9388954043388367,0.03368832543492317,0.9362874031066895,0.941540002822876,4.3960676193237305,3.8734848499298096,811.0,0.4888944923877716,,,,,,,,,,,,
24,,,61609,4.0,0.9883999824523926,0.9194471836090088,0.026021800935268402,0.886003851890564,0.9599440097808838,4.360164165496826,4.023077487945557,184.0,0.31106457114219666,,,,,,,,,,,,
24,,,61619,4.0,0.9890999794006348,0.8868821263313293,0.027883853763341904,0.8970827460289001,0.8772220015525818,4.801220417022705,4.533050060272217,332.0,0.2402862310409546,,,,,,,,,,,,
24,,,61629,4.0,0.9869499802589417,0.9573799967765808,0.03191865608096123,0.9592558145523071,0.9555230140686035,3.8938064575195312,3.6156277656555176,914.0,0.24625983834266663,,,,,,,,,,,,
24,,,61639,4.0,0.9844499826431274,0.9719302654266357,0.04019733518362045,0.9727861881256104,0.9710793495178223,6.120894908905029,5.2560858726501465,1153.0,0.8246117234230042,,,,,,,,,,,,
24,,,61649,4.0,0.9912499785423279,0.8521884679794312,0.022674519568681717,0.9110792875289917,0.8084737658500671,4.9434380531311035,4.7428107261657715,170.0,0.17795278131961823,,,,,,,,,,,,
24,,,61659,4.0,0.9827499985694885,0.9305548667907715,0.040864598006010056,0.9154322147369385,0.94704270362854,4.642739295959473,4.276318073272705,898.0,0.32555657625198364,,,,,,,,,,,,
24,,,61669,4.0,0.9828500151634216,0.9581494927406311,0.042546745389699936,0.9510045051574707,0.9656116962432861,5.439880847930908,4.780168056488037,922.0,0.6171659827232361,,,,,,,,,,,,
24,,,61679,4.0,0.9876000285148621,0.9567418098449707,0.029941095039248466,0.9669696092605591,0.9470399618148804,5.002322673797607,4.742650985717773,886.0,0.22973081469535828,,,,,,,,,,,,
24,,,61689,4.0,0.9809499979019165,0.8707815408706665,0.04731086269021034,0.8628454804420471,0.8791103363037109,5.9249701499938965,5.6378865242004395,307.0,0.23977278172969818,,,,,,,,,,,,
24,,,61699,4.0,0.9785500168800354,0.8975704908370972,0.047417059540748596,0.8844188451766968,0.9118046760559082,5.9701642990112305,5.052251815795898,450.0,0.8704951405525208,,,,,,,,,,,,
24,,,61709,4.0,0.9817000031471252,0.8495760560035706,0.037015724927186966,0.8211079835891724,0.8841491341590881,5.580099105834961,5.243058681488037,208.0,0.3000245690345764,,,,,,,,,,,,
24,,,61719,4.0,0.9756500124931335,0.881402850151062,0.058342523872852325,0.9139294624328613,0.8542075753211975,6.6924285888671875,6.0668230056762695,390.0,0.5672632455825806,,,,,,,,,,,,
24,,,61729,4.0,0.98294997215271,0.9576448202133179,0.047786831855773926,0.9445548057556152,0.9718326330184937,4.820953845977783,4.578063011169434,1255.0,0.1951039582490921,,,,,,,,,,,,
24,,,61739,4.0,0.9815499782562256,0.9446897506713867,0.04442828521132469,0.9512298703193665,0.9383843541145325,4.438261032104492,4.199825286865234,895.0,0.19400715827941895,,,,,,,,,,,,
24,,,61749,4.0,0.9847000241279602,0.9528237581253052,0.04602549597620964,0.9417011737823486,0.9646756649017334,5.042512893676758,4.72919225692749,1176.0,0.26729512214660645,,,,,,,,,,,,
24,,,61759,4.0,0.9854999780654907,0.9451842308044434,0.03225424140691757,0.9437464475631714,0.9466331005096436,4.588101387023926,4.007477760314941,809.0,0.5483695268630981,,,,,,,,,,,,
24,,,61769,4.0,0.9745500087738037,0.8975433111190796,0.057563550770282745,0.9158287644386292,0.8810574412345886,6.792199611663818,6.364385604858398,412.0,0.3702501952648163,,,,,,,,,,,,
24,,,61779,4.0,0.9848499894142151,0.9523295164108276,0.03518363833427429,0.9628521203994751,0.9423831105232239,4.7190632820129395,4.237629413604736,794.0,0.44625064730644226,,,,,,,,,,,,
24,,,61789,4.0,0.9919499754905701,0.9033491611480713,0.025779247283935547,0.9223250150680542,0.8860807418823242,4.627099990844727,4.213479995727539,222.0,0.3878405690193176,,,,,,,,,,,,
24,,,61799,4.0,0.9808499813079834,0.9360632300376892,0.05020863562822342,0.9161733388900757,0.9584659337997437,4.574435710906982,4.324336528778076,726.0,0.1998906284570694,,,,,,,,,,,,
24,,,61809,4.0,0.9910500049591064,0.958594560623169,0.021893521770834923,0.9565390348434448,0.9606715440750122,3.821610689163208,3.4599480628967285,728.0,0.3397692143917084,,,,,,,,,,,,
24,,,61819,4.0,0.9882500171661377,0.9097292423248291,0.028146663680672646,0.9071053862571716,0.9123899936676025,4.514491081237793,4.291242599487305,271.0,0.1951015591621399,,,,,,,,,,,,
24,,,61829,4.0,0.9843500256538391,0.9163223505020142,0.03732483834028244,0.8907387256622314,0.946017861366272,3.86645245552063,3.4139137268066406,573.0,0.41521382331848145,,,,,,,,,,,,
24,,,61839,4.0,0.9789000153541565,0.8827052116394043,0.04582739993929863,0.8620810508728027,0.9061796069145203,4.244660377502441,3.6817400455474854,283.0,0.5170929431915283,,,,,,,,,,,,
24,,,61849,4.0,0.9891999959945679,0.965228796005249,0.0263689998537302,0.9677326083183289,0.9627578258514404,3.6572234630584717,3.2877848148345947,831.0,0.34306949377059937,,,,,,,,,,,,
24,,,61859,4.0,0.9843000173568726,0.8289592266082764,0.03983393684029579,0.7971130609512329,0.8690654039382935,4.931395053863525,4.770234107971191,162.0,0.12132702022790909,,,,,,,,,,,,
24,,,61869,4.0,0.9837499856948853,0.8727859258651733,0.04079994559288025,0.8963755369186401,0.8520460724830627,5.365952491760254,4.882554531097412,309.0,0.44259801506996155,,,,,,,,,,,,
24,,,61879,4.0,0.9756500124931335,0.8911736011505127,0.059678398072719574,0.8891831040382385,0.8931879997253418,5.445112228393555,5.20083475112915,417.0,0.1845991462469101,,,,,,,,,,,,
24,,,61889,4.0,0.9871000051498413,0.935400128364563,0.03226475417613983,0.9258893728256226,0.9454066753387451,6.705245018005371,6.09993314743042,536.0,0.5730471014976501,,,,,,,,,,,,
24,,,61899,4.0,0.9769999980926514,0.8764872550964355,0.05778336897492409,0.8506019115447998,0.9071509838104248,5.027434349060059,4.570614337921143,660.0,0.39903637766838074,,,,,,,,,,,,
24,,,61909,4.0,0.9868500232696533,0.9667700529098511,0.03641736879944801,0.963590145111084,0.9700089693069458,4.731045722961426,4.198151588439941,1097.0,0.49647650122642517,,,,,,,,,,,,
24,,,61919,4.0,0.9870499968528748,0.9274630546569824,0.032494571059942245,0.9393206834793091,0.9162979125976562,4.579075336456299,4.331481456756592,471.0,0.21509914100170135,,,,,,,,,,,,
24,,,61929,4.0,0.9876000285148621,0.9433066844940186,0.035961564630270004,0.9265166521072388,0.9616973400115967,4.417613506317139,3.838075876235962,748.0,0.5435761213302612,,,,,,,,,,,,
24,,,61939,4.0,0.985450029373169,0.9572373628616333,0.034238073974847794,0.9534571170806885,0.9610985517501831,3.9822487831115723,3.4078683853149414,1084.0,0.5401421785354614,,,,,,,,,,,,
24,,,61949,4.0,0.9900500178337097,0.9551776647567749,0.025333398953080177,0.9661434888839722,0.9447875022888184,5.488644123077393,4.7314677238464355,1049.0,0.7318429946899414,,,,,,,,,,,,
24,,,61959,4.0,0.9911999702453613,0.974204421043396,0.025646865367889404,0.982036828994751,0.9666863083839417,4.830575466156006,4.30189847946167,1135.0,0.5030302405357361,,,,,,,,,,,,
24,,,61969,4.0,0.9869999885559082,0.971734344959259,0.03102564997971058,0.9831189513206482,0.9610889554023743,4.363452434539795,3.9300200939178467,1119.0,0.4024067223072052,,,,,,,,,,,,
24,,,61979,4.0,0.9889500141143799,0.9571546316146851,0.02710532583296299,0.9699305295944214,0.9451703429222107,3.533539056777954,3.3374197483062744,846.0,0.1690140813589096,,,,,,,,,,,,
24,,,61989,4.0,0.9724500179290771,0.6356489658355713,0.06539379060268402,0.8092817664146423,0.5900945067405701,6.054732322692871,5.537694454193115,231.0,0.4516441226005554,,,,,,,,,,,,
24,,,61999,4.0,0.9921000003814697,0.9340461492538452,0.025910288095474243,0.9540233612060547,0.9158650636672974,4.088031768798828,3.8751866817474365,305.0,0.1869344860315323,,,,,,,,,,,,
24,,,62009,4.0,0.984250009059906,0.9296646118164062,0.037497736513614655,0.9528222680091858,0.9090731143951416,5.13098669052124,4.506287574768066,603.0,0.5872015953063965,,,,,,,,,,,,
24,,,62019,4.0,0.9886500239372253,0.9728507995605469,0.02848614566028118,0.9686741828918457,0.9771308898925781,4.128584861755371,3.8148915767669678,1001.0,0.28520724177360535,,,,,,,,,,,,
24,,,62029,4.0,0.9839500188827515,0.8970483541488647,0.036195266991853714,0.8954178690910339,0.8986937999725342,4.779355049133301,4.287498474121094,252.0,0.4556613266468048,,,,,,,,,,,,
24,,,62039,4.0,0.9882500171661377,0.8803033828735352,0.027022652328014374,0.9067724943161011,0.8572461605072021,5.885945796966553,5.353630542755127,246.0,0.5052924156188965,,,,,,,,,,,,
24,,,62049,4.0,0.9854000210762024,0.9485510587692261,0.0356559231877327,0.9409517049789429,0.9564751386642456,4.267416000366211,3.9635956287384033,859.0,0.26816439628601074,,,,,,,,,,,,
24,,,62059,4.0,0.9872499704360962,0.92136150598526,0.030480798333883286,0.9308702349662781,0.9123048186302185,5.645306587219238,5.337921619415283,318.0,0.2769043445587158,,,,,,,,,,,,
24,,,62069,4.0,0.9915000200271606,0.9473065137863159,0.02259831875562668,0.9767124652862549,0.9216216802597046,4.250253677368164,4.023881435394287,373.0,0.20377391576766968,,,,,,,,,,,,
24,,,62079,4.0,0.9905499815940857,0.8865402936935425,0.02567603997886181,0.9117003679275513,0.8644111156463623,4.392945289611816,4.296067714691162,316.0,0.0712011307477951,,,,,,,,,,,,
24,,,62089,4.0,0.9811499714851379,0.879936695098877,0.043188128620386124,0.9154741764068604,0.8505001068115234,6.23055362701416,5.380697250366211,443.0,0.8066681027412415,,,,,,,,,,,,
24,,,62099,4.0,0.9907500147819519,0.8610154390335083,0.022640323266386986,0.9205610752105713,0.8167077302932739,4.071306228637695,3.830627679824829,166.0,0.21803849935531616,,,,,,,,,,,,
24,,,62109,4.0,0.9900500178337097,0.927693784236908,0.03203405439853668,0.9217245578765869,0.9338496923446655,6.252955436706543,5.730185508728027,317.0,0.4907359778881073,,,,,,,,,,,,
24,,,62119,4.0,0.9859499931335449,0.921699047088623,0.032995957881212234,0.9048233032226562,0.9402356147766113,5.264752388000488,5.008852958679199,306.0,0.22290325164794922,,,,,,,,,,,,
24,,,62129,4.0,0.9818999767303467,0.8777613639831543,0.03965512663125992,0.8839948773384094,0.8717463612556458,5.087587356567383,4.415348529815674,304.0,0.6325833797454834,,,,,,,,,,,,
24,,,62139,4.0,0.9817500114440918,0.8944480419158936,0.04396265372633934,0.8475672006607056,0.9583112001419067,5.51674747467041,5.149487018585205,418.0,0.3232981860637665,,,,,,,,,,,,
24,,,62149,4.0,0.9857500195503235,0.9359599351882935,0.0494784340262413,0.9809653759002686,0.8996127843856812,4.220809459686279,3.771446704864502,1018.0,0.39988401532173157,,,,,,,,,,,,
24,,,62159,4.0,0.9897000193595886,0.8821536302566528,0.024668309837579727,0.8855262994766235,0.8788425922393799,5.0600996017456055,4.341842174530029,184.0,0.6935893297195435,,,,,,,,,,,,
24,,,62169,4.0,0.9828500151634216,0.9500248432159424,0.04231821000576019,0.9412174224853516,0.9592952728271484,4.808403015136719,4.022073268890381,833.0,0.7440112829208374,,,,,,,,,,,,
24,,,62179,4.0,0.988099992275238,0.9689031839370728,0.029758887365460396,0.9720108509063721,0.9658489227294922,4.05960750579834,3.7017662525177,947.0,0.3280821144580841,,,,,,,,,,,,
24,,,62189,4.0,0.9887499809265137,0.9629560708999634,0.02723362110555172,0.951009213924408,0.9757104516029358,5.052028179168701,4.634646892547607,727.0,0.390147864818573,,,,,,,,,,,,
24,,,62199,4.0,0.9743000268936157,0.8999156951904297,0.0596790537238121,0.9023500680923462,0.8975163102149963,5.167339324951172,4.865849018096924,438.0,0.24181143939495087,,,,,,,,,,,,
24,,,62209,4.0,0.991349995136261,0.9231396913528442,0.021480023860931396,0.9249186515808105,0.9213765859603882,3.4153804779052734,3.1685101985931396,273.0,0.22539031505584717,,,,,,,,,,,,
24,,,62219,4.0,0.9900000095367432,0.9613677859306335,0.028175894170999527,0.9520810842514038,0.9711183905601501,4.181610107421875,3.8628435134887695,754.0,0.2905905544757843,,,,,,,,,,,,
24,,,62229,4.0,0.9871000051498413,0.968204140663147,0.0324585996568203,0.9698129296302795,0.9666101932525635,5.230198383331299,4.40983247756958,1020.0,0.787907063961029,,,,,,,,,,,,
24,,,62239,4.0,0.9857000112533569,0.9013316631317139,0.03239088132977486,0.9442112445831299,0.866584062576294,4.448217868804932,4.0810041427612305,406.0,0.3348226845264435,,,,,,,,,,,,
24,,,62249,4.0,0.9876000285148621,0.9529398679733276,0.02829553186893463,0.9417711496353149,0.9648038148880005,4.462286949157715,4.108842372894287,868.0,0.3251490294933319,,,,,,,,,,,,
24,,,62259,4.0,0.9769999980926514,0.9502140283584595,0.05876486375927925,0.945844829082489,0.954710066318512,6.746890068054199,4.535610198974609,1042.0,2.152514934539795,,,,,,,,,,,,
24,,,62269,4.0,0.980400025844574,0.8512319922447205,0.05153028666973114,0.9148094654083252,0.8056684136390686,5.356860160827637,5.108951568603516,289.0,0.19637806713581085,,,,,,,,,,,,
24,,,62279,4.0,0.9843999743461609,0.8770653009414673,0.06420641392469406,0.9502271413803101,0.8255757093429565,5.782922744750977,5.007082939147949,371.0,0.7116331458091736,,,,,,,,,,,,
24,,,62289,4.0,0.9908000230789185,0.9711489677429199,0.02692723646759987,0.9798805713653564,0.962801456451416,4.823302268981934,4.591231822967529,1072.0,0.2051430493593216,,,,,,,,,,,,
24,,,62299,4.0,0.9817500114440918,0.8955463171005249,0.04131819307804108,0.8777756690979004,0.9153051376342773,4.708778381347656,4.407350540161133,303.0,0.2601095736026764,,,,,,,,,,,,
24,,,62309,4.0,0.9830999970436096,0.941559374332428,0.0370824933052063,0.9390028119087219,0.9441524744033813,4.290634632110596,3.8671164512634277,882.0,0.38643595576286316,,,,,,,,,,,,
24,,,62319,4.0,0.9879500269889832,0.9708566665649414,0.03235764056444168,0.9728742837905884,0.9688623547554016,5.128067493438721,4.66193151473999,968.0,0.4337781071662903,,,,,,,,,,,,
24,,,62329,4.0,0.9761499762535095,0.7791956663131714,0.052462317049503326,0.8981543779373169,0.717383861541748,5.641173362731934,5.410505294799805,308.0,0.17820577323436737,,,,,,,,,,,,
24,,,62339,4.0,0.986549973487854,0.8910365700721741,0.03177378326654434,0.8535672426223755,0.9382880926132202,4.692682266235352,4.427851676940918,262.0,0.2330571413040161,,,,,,,,,,,,
24,,,62349,4.0,0.9852499961853027,0.8852000832557678,0.03215302154421806,0.8815985321998596,0.88887619972229,5.724330902099609,5.373298645019531,304.0,0.31887906789779663,,,,,,,,,,,,
24,,,62359,4.0,0.9918000102043152,0.9822502136230469,0.019665062427520752,0.9902454614639282,0.974618673324585,3.7276203632354736,3.3348846435546875,906.0,0.37307074666023254,,,,,,,,,,,,
24,,,62369,4.0,0.995199978351593,0.9372376799583435,0.013544268906116486,0.9567891359329224,0.9193563461303711,4.543911933898926,4.266603946685791,281.0,0.2637641131877899,,,,,,,,,,,,
24,,,62379,4.0,0.9842000007629395,0.8680922985076904,0.038639411330223083,0.9316511154174805,0.8218031525611877,5.4954118728637695,4.94377326965332,350.0,0.5129992961883545,,,,,,,,,,,,
24,,,62389,4.0,0.9922999739646912,0.9325405359268188,0.018320832401514053,0.973365306854248,0.8985730409622192,5.018746376037598,4.578452110290527,356.0,0.42197325825691223,,,,,,,,,,,,
24,,,62399,4.0,0.9848999977111816,0.9478750228881836,0.03339669853448868,0.940970778465271,0.9550479650497437,4.5438008308410645,4.082364559173584,945.0,0.42803946137428284,,,,,,,,,,,,
24,,,62409,4.0,0.9918500185012817,0.965291440486908,0.020638883113861084,0.9686120748519897,0.9620248675346375,4.159489154815674,3.8669745922088623,824.0,0.2718758285045624,,,,,,,,,,,,
24,,,62419,4.0,0.9898999929428101,0.9609294533729553,0.024391474202275276,0.9697209596633911,0.9525171518325806,3.6428797245025635,3.376314878463745,867.0,0.24217332899570465,,,,,,,,,,,,
24,,,62429,4.0,0.9922999739646912,0.9437024593353271,0.022453179582953453,0.937177300453186,0.9504425525665283,5.500373363494873,4.990846633911133,376.0,0.48707324266433716,,,,,,,,,,,,
24,,,62439,4.0,0.9836000204086304,0.9625014066696167,0.0501486137509346,0.9760414361953735,0.9499902725219727,4.166518211364746,3.5509045124053955,1166.0,0.5654648542404175,,,,,,,,,,,,
24,,,62449,4.0,0.9772999882698059,0.909963846206665,0.05257236212491989,0.9273905754089355,0.8941346406936646,4.2630510330200195,3.957707405090332,890.0,0.252771258354187,,,,,,,,,,,,
24,,,62459,4.0,0.9904500246047974,0.9500443935394287,0.022242486476898193,0.9684220552444458,0.9332127571105957,3.8644258975982666,3.4385106563568115,763.0,0.40367263555526733,,,,,,,,,,,,
24,,,62469,4.0,0.9779499769210815,0.8691624402999878,0.05250312387943268,0.9227275848388672,0.8287317752838135,4.977072715759277,4.695099830627441,359.0,0.2294699251651764,,,,,,,,,,,,
24,,,62479,4.0,0.9834499955177307,0.9250890612602234,0.03936856985092163,0.89935302734375,0.9550068378448486,4.375349044799805,3.857093572616577,460.0,0.47888675332069397,,,,,,,,,,,,
24,,,62489,4.0,0.9922000169754028,0.9150243401527405,0.019743070006370544,0.940729022026062,0.8922923803329468,4.532140254974365,4.120578765869141,205.0,0.39181846380233765,,,,,,,,,,,,
24,,,62499,4.0,0.9883000254631042,0.8026781678199768,0.03330915421247482,0.8108217120170593,0.7949668169021606,5.009984493255615,4.646329879760742,119.0,0.3303457498550415,,,,,,,,,,,,
24,,,62509,4.0,0.986299991607666,0.9134976863861084,0.031241653487086296,0.917369544506073,0.9097042083740234,4.5647382736206055,4.1572394371032715,341.0,0.3762572109699249,,,,,,,,,,,,
24,,,62519,4.0,0.9818999767303467,0.9408711194992065,0.053629856556653976,0.9226614236831665,0.9611504077911377,4.842015266418457,4.0289130210876465,1101.0,0.759472131729126,,,,,,,,,,,,
24,,,62529,4.0,0.9883999824523926,0.9649068117141724,0.02960170805454254,0.983260989189148,0.9482090473175049,4.330432891845703,3.9249625205993652,1004.0,0.37586846947669983,,,,,,,,,,,,
24,,,62539,4.0,0.9833999872207642,0.846985399723053,0.03855040669441223,0.8105698823928833,0.8940030932426453,5.401192665100098,4.830770015716553,226.0,0.5318722724914551,,,,,,,,,,,,
24,,,62549,4.0,0.9907000064849854,0.9203603267669678,0.024259641766548157,0.9463276863098145,0.8974308967590332,5.273349761962891,4.923920154571533,317.0,0.3251701891422272,,,,,,,,,,,,
24,,,62559,4.0,0.9853500127792358,0.9402284026145935,0.03250681236386299,0.9239588975906372,0.9580429196357727,3.787249803543091,3.481405019760132,729.0,0.27333810925483704,,,,,,,,,,,,
24,,,62569,4.0,0.9825999736785889,0.8353075981140137,0.04405197501182556,0.8347084522247314,0.8359090089797974,6.200662136077881,5.672969818115234,311.0,0.48364007472991943,,,,,,,,,,,,
24,,,62579,4.0,0.9852499961853027,0.9469605684280396,0.03251171112060547,0.9441148042678833,0.9498505592346191,4.800459384918213,4.289602279663086,907.0,0.4783453941345215,,,,,,,,,,,,
24,,,62589,4.0,0.9936000108718872,0.8383838534355164,0.017093230038881302,0.9071680307388306,0.7898393869400024,4.618241786956787,4.36527156829834,131.0,0.23587708175182343,,,,,,,,,,,,
24,,,62599,4.0,0.9826499819755554,0.8826069831848145,0.038880374282598495,0.8823680877685547,0.8828460574150085,5.788254737854004,5.442065715789795,365.0,0.30730870366096497,,,,,,,,,,,,
24,,,62609,4.0,0.9843000173568726,0.8966718912124634,0.03651638329029083,0.9148532152175903,0.8801577091217041,5.180749893188477,4.088934898376465,355.0,1.0552985668182373,,,,,,,,,,,,
24,,,62619,4.0,0.9861000180244446,0.9347038269042969,0.040703583508729935,0.9610447883605957,0.9115736484527588,4.774845123291016,4.265181541442871,982.0,0.4689599573612213,,,,,,,,,,,,
24,,,62629,4.0,0.9708499908447266,0.8625502586364746,0.06947049498558044,0.864228367805481,0.8608899116516113,5.33251428604126,5.047811031341553,495.0,0.2152329683303833,,,,,,,,,,,,
24,,,62639,4.0,0.9890499711036682,0.8594711422920227,0.026052268221974373,0.8644144535064697,0.8546665906906128,4.780496120452881,4.45124626159668,158.0,0.3031971752643585,,,,,,,,,,,,
24,,,62649,4.0,0.9819999933242798,0.9216173887252808,0.046734098345041275,0.9353293180465698,0.9088696837425232,5.7739481925964355,5.2230658531188965,666.0,0.5041481852531433,,,,,,,,,,,,
24,,,62659,4.0,0.98580002784729,0.8986544609069824,0.03371190279722214,0.8883979320526123,0.9095215797424316,4.90059232711792,4.664353847503662,295.0,0.20252645015716553,,,,,,,,,,,,
24,,,62669,4.0,0.98580002784729,0.9485132694244385,0.03594166785478592,0.9717310667037964,0.9278638958930969,4.243506908416748,4.037042140960693,737.0,0.17052297294139862,,,,,,,,,,,,
24,,,62679,4.0,0.98785001039505,0.9248074293136597,0.03003535233438015,0.9405944347381592,0.9102184772491455,4.162685871124268,3.9579458236694336,460.0,0.17470461130142212,,,,,,,,,,,,
24,,,62689,4.0,0.9831500053405762,0.9050391912460327,0.040330491960048676,0.8769814968109131,0.9382532835006714,6.565771579742432,5.976311206817627,400.0,0.5491299033164978,,,,,,,,,,,,
24,,,62699,4.0,0.9912999868392944,0.9347038269042969,0.02587880566716194,0.9571520686149597,0.9145132303237915,5.590947151184082,5.2898945808410645,370.0,0.2751738131046295,,,,,,,,,,,,
24,,,62709,4.0,0.9925500154495239,0.9784432649612427,0.01964751072227955,0.9730347394943237,0.9840117692947388,3.620474100112915,3.2385640144348145,858.0,0.36226245760917664,,,,,,,,,,,,
24,,,62719,4.0,0.9674999713897705,0.8946315050125122,0.08262951672077179,0.9246706366539001,0.869404673576355,6.1677985191345215,5.156458377838135,917.0,0.9287102818489075,,,,,,,,,,,,
24,,,62729,4.0,0.9818000197410583,0.9337234497070312,0.04363984242081642,0.925572395324707,0.9422608613967896,5.2609782218933105,4.821623802185059,626.0,0.39571496844291687,,,,,,,,,,,,
24,,,62739,4.0,0.977150022983551,0.8840657472610474,0.05549474433064461,0.9526506662368774,0.8353449702262878,6.639093399047852,5.600217342376709,633.0,0.9833812713623047,,,,,,,,,,,,
24,,,62749,4.0,0.9900500178337097,0.9632296562194824,0.024144580587744713,0.9795272946357727,0.9481940865516663,4.389122009277344,4.0076398849487305,1049.0,0.3573375344276428,,,,,,,,,,,,
24,,,62759,4.0,0.9866999983787537,0.9575875997543335,0.03693252429366112,0.9812473058700562,0.9366153478622437,4.343242168426514,4.000826835632324,919.0,0.30548277497291565,,,,,,,,,,,,
24,,,62769,4.0,0.9855999946594238,0.94280606508255,0.03649307042360306,0.9449480772018433,0.9406882524490356,4.835926532745361,4.500901222229004,969.0,0.29853200912475586,,,,,,,,,,,,
24,,,62779,4.0,0.9725000262260437,0.8757736682891846,0.08560188859701157,0.8587531447410583,0.8948038816452026,5.666775226593018,4.976010799407959,745.0,0.605162501335144,,,,,,,,,,,,
24,,,62789,4.0,0.9868999719619751,0.9298552870750427,0.028645910322666168,0.9463072419166565,0.9147069454193115,4.477081298828125,3.7650856971740723,709.0,0.6833494305610657,,,,,,,,,,,,
24,,,62799,4.0,0.9707000255584717,0.9179539680480957,0.07432577013969421,0.9115176796913147,0.9246598482131958,4.986067771911621,4.388930320739746,1042.0,0.522812008857727,,,,,,,,,,,,
24,,,62809,4.0,0.9798499941825867,0.9387830495834351,0.05548412352800369,0.9095188975334167,0.9739745855331421,4.45245361328125,4.079514503479004,668.0,0.31745466589927673,,,,,,,,,,,,
24,,,62819,4.0,0.9734500050544739,0.9269791841506958,0.06601597368717194,0.9250236749649048,0.9289584159851074,5.531289577484131,4.730524063110352,1080.0,0.7347491979598999,,,,,,,,,,,,
24,,,62829,4.0,0.9848999977111816,0.8209677934646606,0.03191325441002846,0.8180823922157288,0.8239092826843262,5.848942279815674,5.609541416168213,189.0,0.2074877768754959,,,,,,,,,,,,
24,,,62839,4.0,0.9894000291824341,0.9180355668067932,0.030241744592785835,0.9273009300231934,0.9091941714286804,5.326406478881836,4.370306491851807,388.0,0.9258580803871155,,,,,,,,,,,,
24,,,62849,4.0,0.9835500121116638,0.9283396005630493,0.03917989134788513,0.9131109118461609,0.944939136505127,6.055253028869629,4.66584587097168,604.0,1.3502272367477417,,,,,,,,,,,,
24,,,62859,4.0,0.9923499822616577,0.9661564230918884,0.017941538244485855,0.9707434773445129,0.961670994758606,3.6522469520568848,3.393887519836426,839.0,0.2404179722070694,,,,,,,,,,,,
24,,,62869,4.0,0.9924499988555908,0.9651570320129395,0.023125389590859413,0.9727040529251099,0.9578800797462463,3.560685873031616,3.2379236221313477,891.0,0.2996368706226349,,,,,,,,,,,,
24,,,62879,4.0,0.9872999787330627,0.9335980415344238,0.03274458274245262,0.9244433045387268,0.9432104229927063,4.02451753616333,3.6204628944396973,522.0,0.3713098466396332,,,,,,,,,,,,
24,,,62889,4.0,0.9750499725341797,0.8613728284835815,0.05348185449838638,0.9111058712005615,0.8234461545944214,5.94459867477417,5.223188877105713,659.0,0.6679279208183289,,,,,,,,,,,,
24,,,62899,4.0,0.9910500049591064,0.9830832481384277,0.023369500413537025,0.982021689414978,0.9841521978378296,3.658846855163574,3.3745343685150146,884.0,0.26094290614128113,,,,,,,,,,,,
24,,,62909,4.0,0.9905499815940857,0.7731468081474304,0.027393817901611328,0.8377725481987,0.7297085523605347,4.504652500152588,4.324267387390137,92.0,0.15299122035503387,,,,,,,,,,,,
24,,,62919,4.0,0.9858999848365784,0.9487175345420837,0.03516899794340134,0.9427015781402588,0.9549335241317749,4.8091936111450195,4.507099151611328,630.0,0.26692554354667664,,,,,,,,,,,,
24,,,62929,4.0,0.9912499785423279,0.899558424949646,0.020770838484168053,0.9887844324111938,0.8388867378234863,5.754654884338379,5.200613498687744,370.0,0.5332701206207275,,,,,,,,,,,,
24,,,62939,4.0,0.9811499714851379,0.9289926290512085,0.04855811968445778,0.9305225610733032,0.9274755716323853,4.8473734855651855,4.1976189613342285,632.0,0.6011964678764343,,,,,,,,,,,,
24,,,62949,4.0,0.9821000099182129,0.9041534066200256,0.038877222687006,0.8976389765739441,0.9109137654304504,5.1108198165893555,4.540940761566162,337.0,0.5310022234916687,,,,,,,,,,,,
24,,,62959,4.0,0.982699990272522,0.9481499195098877,0.04820982739329338,0.962997555732727,0.9344505071640015,5.000357627868652,4.284610748291016,950.0,0.6675373911857605,,,,,,,,,,,,
24,,,62969,4.0,0.9890999794006348,0.9483224153518677,0.02657974325120449,0.9509836435317993,0.9456967115402222,5.488058090209961,4.73098087310791,738.0,0.7304973006248474,,,,,,,,,,,,
24,,,62979,4.0,0.9892500042915344,0.8760564923286438,0.026210976764559746,0.8823820352554321,0.8699479103088379,5.037930011749268,4.84616756439209,204.0,0.16555169224739075,,,,,,,,,,,,
24,,,62989,4.0,0.982200026512146,0.9355398416519165,0.046611472964286804,0.940436065196991,0.9307726621627808,5.448398590087891,4.838324069976807,859.0,0.5634633302688599,,,,,,,,,,,,
24,,,62999,4.0,0.989300012588501,0.93259596824646,0.02745809033513069,0.93259596824646,0.93259596824646,4.573734283447266,4.477887153625488,561.0,0.06838908046483994,,,,,,,,,,,,
24,,,63009,4.0,0.9830999970436096,0.896175742149353,0.0403716154396534,0.9124747514724731,0.8812406659126282,4.900880336761475,4.559675216674805,276.0,0.3008335530757904,,,,,,,,,,,,
24,,,63019,4.0,0.9908000230789185,0.9597840309143066,0.024474363774061203,0.9580267667770386,0.9615569114685059,3.940253257751465,3.6246345043182373,557.0,0.29114431142807007,,,,,,,,,,,,
24,,,63029,4.0,0.9856500029563904,0.9428278207778931,0.034615591168403625,0.9299987554550171,0.9565969705581665,3.91790509223938,3.4337048530578613,699.0,0.4495846927165985,,,,,,,,,,,,
24,,,63039,4.0,0.9829999804496765,0.9061582088470459,0.04605579376220703,0.9017492532730103,0.9106773734092712,6.250566482543945,5.585044860839844,349.0,0.6194658875465393,,,,,,,,,,,,
24,,,63049,4.0,0.973550021648407,0.6916429400444031,0.06267669796943665,0.751854658126831,0.6558403372764587,5.84959077835083,5.53328800201416,197.0,0.253625750541687,,,,,,,,,,,,
24,,,63059,4.0,0.9864000082015991,0.9415805339813232,0.04011187702417374,0.9473145008087158,0.9360145330429077,5.589027404785156,5.163386344909668,973.0,0.3855288326740265,,,,,,,,,,,,
24,,,63069,4.0,0.9920499920845032,0.9616125226020813,0.018717756494879723,0.9614141583442688,0.9618110656738281,4.2806596755981445,3.949674367904663,579.0,0.31226739287376404,,,,,,,,,,,,
24,,,63079,4.0,0.9906499981880188,0.9141874313354492,0.024096403270959854,0.9061064124107361,0.9226197004318237,4.273446559906006,3.897346258163452,213.0,0.3520037531852722,,,,,,,,,,,,
24,,,63089,4.0,0.9851499795913696,0.8605665564537048,0.03398422524333,0.8289724588394165,0.899462103843689,4.124704837799072,3.6210806369781494,250.0,0.46963998675346375,,,,,,,,,,,,
24,,,63099,4.0,0.9886000156402588,0.9553043842315674,0.02981697767972946,0.9495372176170349,0.9612491130828857,4.031239986419678,3.6538164615631104,538.0,0.34760674834251404,,,,,,,,,,,,
24,,,63109,4.0,0.9867500066757202,0.8970242738723755,0.03142660856246948,0.9079998731613159,0.8866689801216125,4.42626953125,4.200343132019043,467.0,0.19450005888938904,,,,,,,,,,,,
24,,,63119,4.0,0.9866999983787537,0.9254647493362427,0.031530480831861496,0.944049596786499,0.9085337519645691,5.241371154785156,4.941908836364746,502.0,0.2679319679737091,,,,,,,,,,,,
24,,,63129,4.0,0.9896500110626221,0.9376410245895386,0.026997359469532967,0.9239270687103271,0.9523768424987793,4.796382427215576,4.363124370574951,298.0,0.40626031160354614,,,,,,,,,,,,
24,,,63139,4.0,0.9934999942779541,0.9791286587715149,0.01706807315349579,0.9869418144226074,0.9716171026229858,3.956758737564087,3.517117738723755,1110.0,0.4225728213787079,,,,,,,,,,,,
24,,,63149,4.0,0.9928500056266785,0.928949236869812,0.019988849759101868,0.9401661157608032,0.9183218479156494,4.834985733032227,4.496634483337402,265.0,0.3183620870113373,,,,,,,,,,,,
24,,,63159,4.0,0.9899500012397766,0.9171987771987915,0.025438420474529266,0.9451740384101868,0.8927510976791382,3.6347861289978027,3.387972116470337,374.0,0.22137564420700073,,,,,,,,,,,,
24,,,63169,4.0,0.984000027179718,0.8469138145446777,0.03773920610547066,0.9125717878341675,0.800199568271637,6.348467826843262,5.952314376831055,303.0,0.3584139943122864,,,,,,,,,,,,
24,,,63179,4.0,0.984000027179718,0.9463553428649902,0.03919209539890289,0.9675748944282532,0.9273499250411987,4.834377288818359,3.869920253753662,1091.0,0.9252646565437317,,,,,,,,,,,,
24,,,63189,4.0,0.978950023651123,0.9343780279159546,0.05107670649886131,0.941321849822998,0.9277018904685974,4.85383415222168,4.430633068084717,721.0,0.3721242845058441,,,,,,,,,,,,
24,,,63199,4.0,0.9876499772071838,0.9511996507644653,0.02990777976810932,0.942908763885498,0.9598658680915833,4.28083610534668,3.908008098602295,573.0,0.3429202437400818,,,,,,,,,,,,
24,,,63209,4.0,0.9915500283241272,0.87266606092453,0.020678816363215446,0.895156741142273,0.8526872396469116,4.777342319488525,4.533074378967285,234.0,0.22358883917331696,,,,,,,,,,,,
24,,,63219,4.0,0.9881500005722046,0.9429770112037659,0.03039243072271347,0.934623122215271,0.9517061710357666,5.883301734924316,5.528084754943848,477.0,0.32482439279556274,,,,,,,,,,,,
24,,,63229,4.0,0.984000027179718,0.905724048614502,0.04211101308465004,0.932868242263794,0.8821014165878296,5.627875328063965,5.008646488189697,537.0,0.5771178007125854,,,,,,,,,,,,
24,,,63239,4.0,0.9769499897956848,0.9147107601165771,0.05809712037444115,0.914841890335083,0.9145797491073608,3.89745831489563,3.443897247314453,996.0,0.39546385407447815,,,,,,,,,,,,
24,,,63249,4.0,0.9915500283241272,0.9635792970657349,0.0208665132522583,0.9712526798248291,0.9561889171600342,4.153870582580566,3.879678249359131,682.0,0.2533259093761444,,,,,,,,,,,,
24,,,63259,4.0,0.9766499996185303,0.9003361463546753,0.05315234884619713,0.8960543870925903,0.9047279953956604,6.983567714691162,6.6931681632995605,775.0,0.23724688589572906,,,,,,,,,,,,
24,,,63269,4.0,0.9858999848365784,0.9494060277938843,0.03761344030499458,0.9687020778656006,0.9319182634353638,4.730885028839111,4.164862632751465,1263.0,0.5284088850021362,,,,,,,,,,,,
24,,,63279,4.0,0.9785000085830688,0.9293019771575928,0.0641973465681076,0.9274280071258545,0.9311964511871338,5.1090850830078125,4.572808742523193,1160.0,0.47207874059677124,,,,,,,,,,,,
24,,,63289,4.0,0.9871000051498413,0.9594619274139404,0.034362923353910446,0.9459124803543091,0.9740840196609497,4.351376056671143,3.809180974960327,657.0,0.507831871509552,,,,,,,,,,,,
24,,,63299,4.0,0.9886000156402588,0.9736531972885132,0.0282124150544405,0.9836671948432922,0.9641958475112915,3.9784252643585205,3.519845485687256,918.0,0.4303674101829529,,,,,,,,,,,,
24,,,63309,4.0,0.986050009727478,0.9173146486282349,0.03458782657980919,0.9139620065689087,0.920728325843811,4.6701531410217285,4.479301452636719,336.0,0.15626364946365356,,,,,,,,,,,,
24,,,63319,4.0,0.984499990940094,0.9465253353118896,0.04108765721321106,0.9622253775596619,0.9320623278617859,4.127020835876465,3.8071041107177734,945.0,0.2788289189338684,,,,,,,,,,,,
24,,,63329,4.0,0.9933000206947327,0.8777977824211121,0.01746969111263752,0.871219277381897,0.8846219778060913,5.307418346405029,5.1129937171936035,174.0,0.17695467174053192,,,,,,,,,,,,
24,,,63339,4.0,0.9883000254631042,0.9315018653869629,0.029449358582496643,0.9233936071395874,0.9399635791778564,5.152007579803467,4.709167003631592,269.0,0.4133913218975067,,,,,,,,,,,,
24,,,63349,4.0,0.9875500202178955,0.9673787951469421,0.03145019710063934,0.9595630764961243,0.9755553603172302,4.3065667152404785,3.6487302780151367,1207.0,0.6263862252235413,,,,,,,,,,,,
24,,,63359,4.0,0.9903500080108643,0.9003458023071289,0.022953402251005173,0.9015282392501831,0.8991707563400269,5.3727617263793945,4.9428324699401855,220.0,0.40697580575942993,,,,,,,,,,,,
24,,,63369,4.0,0.9876000285148621,0.9575164318084717,0.030488550662994385,0.9593722224235535,0.9556788206100464,4.017628192901611,3.6290957927703857,869.0,0.3580438494682312,,,,,,,,,,,,
24,,,63379,4.0,0.9825500249862671,0.8952092528343201,0.03802482783794403,0.9080036282539368,0.8832749724388123,5.6401872634887695,5.172628402709961,333.0,0.4295341670513153,,,,,,,,,,,,
24,,,63389,4.0,0.9892500042915344,0.9562333822250366,0.02826717495918274,0.9606385231018066,0.9519256353378296,4.159171104431152,3.7650363445281982,817.0,0.3658677935600281,,,,,,,,,,,,
24,,,63399,4.0,0.989300012588501,0.8385254144668579,0.029648300260305405,0.8529624938964844,0.8252687454223633,4.6023850440979,4.3379130363464355,168.0,0.23482388257980347,,,,,,,,,,,,
24,,,63409,4.0,0.9914000034332275,0.9009543657302856,0.03198818489909172,0.9387856721878052,0.8693963289260864,5.428741455078125,5.2388787269592285,243.0,0.15787439048290253,,,,,,,,,,,,
24,,,63419,4.0,0.9861500263214111,0.9346389770507812,0.034799542278051376,0.935551643371582,0.9337307214736938,5.230254650115967,4.916887283325195,591.0,0.2785678505897522,,,,,,,,,,,,
24,,,63429,4.0,0.9921500086784363,0.901677668094635,0.022656744346022606,0.9279776811599731,0.8785532712936401,4.728586673736572,4.224031448364258,208.0,0.4818982779979706,,,,,,,,,,,,
24,,,63439,4.0,0.9917500019073486,0.9653046131134033,0.01879848726093769,0.9594131708145142,0.9713745713233948,4.849798202514648,4.199428558349609,687.0,0.631571352481842,,,,,,,,,,,,
24,,,63449,4.0,0.9757500290870667,0.8191334009170532,0.06209072843194008,0.8508055210113525,0.7931346893310547,5.388291835784912,4.951601028442383,388.0,0.3745998740196228,,,,,,,,,,,,
24,,,63459,4.0,0.9863499999046326,0.8738483190536499,0.03160659968852997,0.8835737705230713,0.8646361827850342,3.595641851425171,3.3495090007781982,230.0,0.2145262211561203,,,,,,,,,,,,
24,,,63469,4.0,0.9824000000953674,0.9197913408279419,0.040515683591365814,0.9360334873199463,0.9048807621002197,5.031100749969482,4.769434452056885,549.0,0.22115059196949005,,,,,,,,,,,,
24,,,63479,4.0,0.9807500243186951,0.9415754079818726,0.05201476439833641,0.9500037431716919,0.9335345029830933,4.310521602630615,3.990438222885132,897.0,0.2680688798427582,,,,,,,,,,,,
24,,,63489,4.0,0.9900500178337097,0.9048856496810913,0.023716917261481285,0.9008992910385132,0.9089574217796326,4.773558616638184,4.4997639656066895,199.0,0.2500775158405304,,,,,,,,,,,,
24,,,63499,4.0,0.9800000190734863,0.8835300207138062,0.04980415478348732,0.9370522499084473,0.842750072479248,5.3381147384643555,4.900766372680664,636.0,0.38754427433013916,,,,,,,,,,,,
24,,,63509,4.0,0.9858499765396118,0.9427148103713989,0.038494933396577835,0.9511417150497437,0.9346487522125244,5.001479625701904,4.248912811279297,842.0,0.7140718102455139,,,,,,,,,,,,
24,,,63519,4.0,0.9879500269889832,0.9582942724227905,0.03004991076886654,0.969447135925293,0.9477629661560059,4.055674076080322,3.757866621017456,857.0,0.26775744557380676,,,,,,,,,,,,
24,,,63529,4.0,0.9822499752044678,0.9376181364059448,0.040163762867450714,0.9398432970046997,0.935420036315918,4.454026222229004,3.99479079246521,1057.0,0.41907164454460144,,,,,,,,,,,,
24,,,63539,4.0,0.9861999750137329,0.9363914728164673,0.032924629747867584,0.9253321886062622,0.9481344223022461,4.5260701179504395,4.024186611175537,789.0,0.46895885467529297,,,,,,,,,,,,
24,,,63549,4.0,0.9844499826431274,0.8023840188980103,0.06169614940881729,0.9173647165298462,0.7386370897293091,5.359725475311279,4.8109540939331055,236.0,0.4870753288269043,,,,,,,,,,,,
24,,,63559,4.0,0.987500011920929,0.9520602226257324,0.03158620372414589,0.9571967124938965,0.9470585584640503,4.336342811584473,3.8792550563812256,884.0,0.42550137639045715,,,,,,,,,,,,
24,,,63569,4.0,0.986549973487854,0.9014611840248108,0.03124510496854782,0.890586256980896,0.913017749786377,4.910463333129883,4.571874141693115,232.0,0.3073437213897705,,,,,,,,,,,,
24,,,63579,4.0,0.9879000186920166,0.9719081521034241,0.035702504217624664,0.968147873878479,0.9757536053657532,4.5031208992004395,4.038882732391357,908.0,0.42853525280952454,,,,,,,,,,,,
24,,,63589,4.0,0.9779000282287598,0.923084020614624,0.07804054766893387,0.9365103244781494,0.9106224775314331,5.2004241943359375,4.815052509307861,823.0,0.3073310852050781,,,,,,,,,,,,
24,,,63599,4.0,0.9903500080108643,0.8545831441879272,0.03736782446503639,0.8614299893379211,0.8480013012886047,5.5328216552734375,4.889887809753418,210.0,0.6055662631988525,,,,,,,,,,,,
24,,,63609,4.0,0.9887499809265137,0.9264494180679321,0.027510587126016617,0.894657552242279,0.9644655585289001,4.09540319442749,3.798903465270996,236.0,0.2689891755580902,,,,,,,,,,,,
24,,,63619,4.0,0.9869499802589417,0.8868814706802368,0.030129635706543922,0.9079108238220215,0.8680520057678223,4.169506549835205,3.9309892654418945,263.0,0.2083878219127655,,,,,,,,,,,,
24,,,63629,4.0,0.9918500185012817,0.9661228656768799,0.022877290844917297,0.9589918851852417,0.9735170602798462,3.843538522720337,3.5443263053894043,962.0,0.2763350307941437,,,,,,,,,,,,
24,,,63639,4.0,0.984499990940094,0.9509090185165405,0.03768480196595192,0.9432767629623413,0.9588766098022461,5.8358354568481445,5.389079570770264,601.0,0.4090709686279297,,,,,,,,,,,,
24,,,63649,4.0,0.9876000285148621,0.949852466583252,0.028883835300803185,0.9666551351547241,0.9344038963317871,4.108036994934082,3.885206699371338,882.0,0.19394639134407043,,,,,,,,,,,,
24,,,63659,4.0,0.978950023651123,0.9297196269035339,0.052835240960121155,0.9387105703353882,0.9211692810058594,5.648041248321533,4.481770992279053,738.0,1.1134347915649414,,,,,,,,,,,,
24,,,63669,4.0,0.986299991607666,0.93821120262146,0.03468671441078186,0.967090368270874,0.9131406545639038,5.613394737243652,5.2295637130737305,816.0,0.34914422035217285,,,,,,,,,,,,
24,,,63679,4.0,0.983299970626831,0.8908838033676147,0.03871527686715126,0.892774224281311,0.889013409614563,5.638860702514648,4.801821708679199,303.0,0.7983238101005554,,,,,,,,,,,,
24,,,63689,4.0,0.9894000291824341,0.9573115706443787,0.025495482608675957,0.95289146900177,0.9618343114852905,3.7598390579223633,3.498509168624878,960.0,0.2358342409133911,,,,,,,,,,,,
24,,,63699,4.0,0.9891499876976013,0.9607445001602173,0.02474231645464897,0.9591910243034363,0.9623106718063354,4.435830116271973,3.880291700363159,1024.0,0.5307961702346802,,,,,,,,,,,,
24,,,63709,4.0,0.9819999933242798,0.9077075123786926,0.042693279683589935,0.878753662109375,0.9422255754470825,4.526410102844238,3.931504487991333,465.0,0.5522121787071228,,,,,,,,,,,,
24,,,63719,4.0,0.9714499711990356,0.9396772384643555,0.08043920248746872,0.9282084703445435,0.9521056413650513,6.120840072631836,5.22168493270874,1408.0,0.8187159895896912,,,,,,,,,,,,
24,,,63729,4.0,0.98089998960495,0.944538950920105,0.045967768877744675,0.9686682224273682,0.9233518838882446,4.49202823638916,4.245152950286865,858.0,0.2009076476097107,,,,,,,,,,,,
24,,,63739,4.0,0.9760500192642212,0.8074324131011963,0.05603073164820671,0.8076639175415039,0.8072013258934021,5.251119613647461,5.00294828414917,269.0,0.1921404004096985,,,,,,,,,,,,
24,,,63749,4.0,0.9820500016212463,0.9265561699867249,0.056610364466905594,0.9316325187683105,0.9216179847717285,4.123437404632568,3.6709272861480713,935.0,0.39589983224868774,,,,,,,,,,,,
24,,,63759,4.0,0.9904500246047974,0.9713705778121948,0.031217578798532486,0.987364649772644,0.9566344022750854,3.5959854125976562,3.34147572517395,889.0,0.22329209744930267,,,,,,,,,,,,
24,,,63769,4.0,0.983299970626831,0.880495548248291,0.03566949814558029,0.8664413690567017,0.895785391330719,5.898897171020508,5.319891452789307,372.0,0.5433365106582642,,,,,,,,,,,,
24,,,63774,,,,,,,,,,,0.9832949638366699,0.8881770372390747,0.042342521250247955,0.9140637516975403,0.8724687099456787,4.047786235809326,0.13765941560268402,4.005443572998047,0.1376594752073288,0.1376594752073288,535.798095703125,16.688308715820312
,8.55017856687341e-05,0.000855017856687341,63775,,,,,,,,,,,,,,,,,,,,,,
25,,,63779,4.0,0.9865999817848206,0.937000036239624,0.03141690790653229,0.9525561332702637,0.9226163625717163,5.1965250968933105,4.837409019470215,441.0,0.3276991844177246,,,,,,,,,,,,
25,,,63789,4.0,0.9875500202178955,0.9645552039146423,0.03366648778319359,0.9687578082084656,0.9604477882385254,4.583529949188232,4.189515590667725,1090.0,0.36034759879112244,,,,,,,,,,,,
25,,,63799,4.0,0.9879000186920166,0.9686122536659241,0.03213219717144966,0.9810382127761841,0.9570016860961914,3.6713366508483887,3.388782262802124,930.0,0.2504221796989441,,,,,,,,,,,,
25,,,63809,4.0,0.98785001039505,0.9409257769584656,0.02818801812827587,0.9453706741333008,0.9365805387496948,4.081419467926025,3.7421319484710693,771.0,0.31109967827796936,,,,,,,,,,,,
25,,,63819,4.0,0.9905499815940857,0.9639594554901123,0.02286115102469921,0.9747344255447388,0.9537465572357178,4.045340538024902,3.812878370285034,895.0,0.2096009999513626,,,,,,,,,,,,
25,,,63829,4.0,0.9848999977111816,0.9028557538986206,0.03233754634857178,0.903810977935791,0.9019055366516113,4.026780605316162,3.562181234359741,537.0,0.4322620630264282,,,,,,,,,,,,
25,,,63839,4.0,0.9656500220298767,0.9395410418510437,0.08823176473379135,0.9374733567237854,0.9416424036026001,6.380654811859131,5.901183128356934,1485.0,0.3912402391433716,,,,,,,,,,,,
25,,,63849,4.0,0.9860000014305115,0.9231025576591492,0.0338098369538784,0.9574874043464661,0.8940190076828003,3.9423067569732666,3.5188069343566895,783.0,0.3896898329257965,,,,,,,,,,,,
25,,,63859,4.0,0.9916499853134155,0.9402874112129211,0.02078740857541561,0.9526241421699524,0.9286588430404663,4.426748752593994,4.124084949493408,347.0,0.28187668323516846,,,,,,,,,,,,
25,,,63869,4.0,0.9843500256538391,0.9420921802520752,0.041199710220098495,0.9411165714263916,0.9430729150772095,4.322292327880859,3.8671774864196777,948.0,0.41391491889953613,,,,,,,,,,,,
25,,,63879,4.0,0.9752500057220459,0.8924294710159302,0.05546165630221367,0.925808846950531,0.8645910024642944,5.430820465087891,5.0643310546875,445.0,0.3110277056694031,,,,,,,,,,,,
25,,,63889,4.0,0.9886000156402588,0.8233219385147095,0.03354543074965477,0.8793798685073853,0.7821633815765381,4.2239670753479,4.012780666351318,200.0,0.17764072120189667,,,,,,,,,,,,
25,,,63899,4.0,0.9725000262260437,0.922576904296875,0.05905592069029808,0.9707241058349609,0.8854422569274902,5.126442909240723,4.683935165405273,855.0,0.3834519386291504,,,,,,,,,,,,
25,,,63909,4.0,0.9908999800682068,0.9591528177261353,0.023120246827602386,0.9661786556243896,0.9523657560348511,4.161825656890869,3.691258430480957,733.0,0.44744691252708435,,,,,,,,,,,,
25,,,63919,4.0,0.9879500269889832,0.8512165546417236,0.0340934582054615,0.9481987953186035,0.7899051904678345,5.40970516204834,4.719890594482422,248.0,0.6557213664054871,,,,,,,,,,,,
25,,,63929,4.0,0.9884499907493591,0.9416109323501587,0.03052392601966858,0.9335817694664001,0.9499846696853638,4.327832221984863,3.96443772315979,608.0,0.33287033438682556,,,,,,,,,,,,
25,,,63939,4.0,0.9843500256538391,0.9446029663085938,0.04119269549846649,0.9264845848083496,0.9647022485733032,4.308459281921387,3.8611631393432617,774.0,0.4061032235622406,,,,,,,,,,,,
25,,,63949,4.0,0.9789000153541565,0.9007986783981323,0.05607537180185318,0.908663272857666,0.8932741284370422,5.020172119140625,4.557392120361328,477.0,0.4067046642303467,,,,,,,,,,,,
25,,,63959,4.0,0.9818999767303467,0.8656551837921143,0.043938543647527695,0.9051457643508911,0.8337026834487915,5.8915534019470215,5.437213897705078,345.0,0.4104006588459015,,,,,,,,,,,,
25,,,63969,4.0,0.9883000254631042,0.9531433582305908,0.02975226379930973,0.9497157335281372,0.9566328525543213,3.7294957637786865,3.413902759552002,807.0,0.28584083914756775,,,,,,,,,,,,
25,,,63979,4.0,0.9855999946594238,0.9324113726615906,0.03717034310102463,0.9145751595497131,0.9521099328994751,4.6140546798706055,4.229115009307861,331.0,0.34776920080184937,,,,,,,,,,,,
25,,,63989,4.0,0.9695500135421753,0.8436561226844788,0.08656592667102814,0.9218724966049194,0.7922999262809753,6.005365371704102,5.382944583892822,413.0,0.5358547568321228,,,,,,,,,,,,
25,,,63999,4.0,0.9891999959945679,0.929006814956665,0.024965418502688408,0.9380393028259277,0.9203732013702393,5.547459125518799,4.944482803344727,540.0,0.5780110359191895,,,,,,,,,,,,
25,,,64009,4.0,0.9866999983787537,0.9652161598205566,0.03128352761268616,0.9610586166381836,0.969474196434021,4.865516185760498,4.437205791473389,883.0,0.397026926279068,,,,,,,,,,,,
25,,,64019,4.0,0.9866999983787537,0.9446555972099304,0.032406821846961975,0.9190917015075684,0.9741857647895813,4.338251113891602,4.001942157745361,499.0,0.30390235781669617,,,,,,,,,,,,
25,,,64029,4.0,0.9804999828338623,0.9474831819534302,0.04612325504422188,0.9332049489021301,0.9630668759346008,4.896524429321289,3.9303395748138428,909.0,0.9200614094734192,,,,,,,,,,,,
25,,,64039,4.0,0.9881500005722046,0.9124679565429688,0.027202146127820015,0.9190976619720459,0.9060620069503784,5.910825729370117,5.053156852722168,274.0,0.8304669857025146,,,,,,,,,,,,
25,,,64049,4.0,0.9841499924659729,0.9286563396453857,0.0414268858730793,0.9205015897750854,0.9371858835220337,4.021793365478516,3.4249250888824463,802.0,0.5554414391517639,,,,,,,,,,,,
25,,,64059,4.0,0.991349995136261,0.9632441997528076,0.022412270307540894,0.9665416479110718,0.9600003361701965,3.8026599884033203,3.5162718296051025,751.0,0.26397591829299927,,,,,,,,,,,,
25,,,64069,4.0,0.9890499711036682,0.91465163230896,0.023446770384907722,0.9161663055419922,0.9131487607955933,4.056478023529053,3.720353126525879,422.0,0.3126782476902008,,,,,,,,,,,,
25,,,64079,4.0,0.9810500144958496,0.9159690141677856,0.060490306466817856,0.9299668073654175,0.9029850959777832,4.395602703094482,3.805405616760254,712.0,0.5297066569328308,,,,,,,,,,,,
25,,,64089,4.0,0.9886999726295471,0.9532492160797119,0.028915999457240105,0.9605693817138672,0.946195125579834,5.5013508796691895,4.874650001525879,721.0,0.5977848768234253,,,,,,,,,,,,
25,,,64099,4.0,0.9919000267982483,0.9723759889602661,0.019752146676182747,0.9764818549156189,0.9683550000190735,3.7208542823791504,3.3959903717041016,1006.0,0.3051115572452545,,,,,,,,,,,,
25,,,64109,4.0,0.9917500019073486,0.97589111328125,0.024724002927541733,0.9728702306747437,0.9789614081382751,4.191931247711182,3.823054075241089,791.0,0.3441530764102936,,,,,,,,,,,,
25,,,64119,4.0,0.9772499799728394,0.7603577375411987,0.06147465109825134,0.8205194473266602,0.7201858758926392,6.048844814300537,5.7937140464782715,383.0,0.19365601241588593,,,,,,,,,,,,
25,,,64129,4.0,0.9839500188827515,0.931901216506958,0.04110350087285042,0.9017530083656311,0.967913806438446,4.841257095336914,4.1750688552856445,724.0,0.6250848770141602,,,,,,,,,,,,
25,,,64139,4.0,0.973800003528595,0.9045909643173218,0.065727099776268,0.9200817346572876,0.8904154300689697,5.484060287475586,5.143914222717285,886.0,0.27441883087158203,,,,,,,,,,,,
25,,,64149,4.0,0.9860000014305115,0.8738051652908325,0.03194518759846687,0.8968335390090942,0.8534656763076782,5.293187618255615,4.935215473175049,252.0,0.3260270655155182,,,,,,,,,,,,
25,,,64159,4.0,0.9836999773979187,0.9236840009689331,0.04221271723508835,0.9081822633743286,0.9406075477600098,4.28702974319458,3.627955675125122,769.0,0.6168612241744995,,,,,,,,,,,,
25,,,64169,4.0,0.9861999750137329,0.9540153741836548,0.030452115461230278,0.9570780992507935,0.9510024785995483,4.494873046875,4.020354747772217,874.0,0.44406622648239136,,,,,,,,,,,,
25,,,64179,4.0,0.9860000014305115,0.974043607711792,0.03673563897609711,0.9839029312133789,0.9648001194000244,4.172320365905762,3.769430160522461,956.0,0.36615443229675293,,,,,,,,,,,,
25,,,64189,4.0,0.9780499935150146,0.9136782884597778,0.05391976982355118,0.88974928855896,0.9414215087890625,5.111634731292725,4.735112190246582,691.0,0.32260289788246155,,,,,,,,,,,,
25,,,64199,4.0,0.9845499992370605,0.9595349431037903,0.04007257521152496,0.9575589895248413,0.9615336060523987,5.744119644165039,4.8924479484558105,987.0,0.8115993738174438,,,,,,,,,,,,
25,,,64209,4.0,0.9887999892234802,0.9433546662330627,0.027875756844878197,0.9478235840797424,0.9389854073524475,6.580157279968262,5.088886737823486,476.0,1.4633946418762207,,,,,,,,,,,,
25,,,64219,4.0,0.988349974155426,0.9743448495864868,0.032633647322654724,0.9741135239601135,0.9745765924453735,5.542575359344482,4.871127605438232,1282.0,0.6388139128684998,,,,,,,,,,,,
25,,,64229,4.0,0.9819499850273132,0.8498958349227905,0.04028286784887314,0.8496230840682983,0.8501689434051514,5.14987850189209,4.815914630889893,357.0,0.2936813235282898,,,,,,,,,,,,
25,,,64239,4.0,0.9897000193595886,0.9152045249938965,0.022228453308343887,0.974272608757019,0.8699838519096375,4.740840911865234,4.454056262969971,329.0,0.2645563781261444,,,,,,,,,,,,
25,,,64249,4.0,0.982450008392334,0.9519846439361572,0.041231751441955566,0.9530715942382812,0.9509044885635376,5.2494587898254395,4.782862186431885,843.0,0.4253649115562439,,,,,,,,,,,,
25,,,64259,4.0,0.9865999817848206,0.9630403518676758,0.03351431339979172,0.9665411710739136,0.9596067667007446,4.616918563842773,4.185635089874268,959.0,0.3977690041065216,,,,,,,,,,,,
25,,,64269,4.0,0.9758999943733215,0.9220333695411682,0.05977771431207657,0.9121192693710327,0.932563066482544,5.679690837860107,4.649536609649658,518.0,0.9703764915466309,,,,,,,,,,,,
25,,,64279,4.0,0.9861500263214111,0.9123983383178711,0.035315047949552536,0.8974647521972656,0.9286295175552368,4.81584358215332,4.496892929077148,346.0,0.28363585472106934,,,,,,,,,,,,
25,,,64289,4.0,0.9909999966621399,0.9078718423843384,0.02512376569211483,0.9226990342140198,0.8941057920455933,5.270376682281494,5.070885181427002,247.0,0.17436787486076355,,,,,,,,,,,,
25,,,64299,4.0,0.9782500267028809,0.9348286986351013,0.05597315728664398,0.9399009943008423,0.9299023151397705,6.401798248291016,5.786165237426758,1103.0,0.5596601366996765,,,,,,,,,,,,
25,,,64309,4.0,0.9821500182151794,0.843228816986084,0.049575693905353546,0.8726722002029419,0.8183843493461609,7.234513282775879,6.828542232513428,349.0,0.3563954830169678,,,,,,,,,,,,
25,,,64319,4.0,0.9804999828338623,0.9386578798294067,0.047635678201913834,0.9414145350456238,0.9359438419342041,5.263643741607666,4.691583633422852,1062.0,0.52442467212677,,,,,,,,,,,,
25,,,64329,4.0,0.9891999959945679,0.9024839401245117,0.028417067602276802,0.9288854598999023,0.8793318867683411,4.7527875900268555,4.235865592956543,214.0,0.4885047376155853,,,,,,,,,,,,
25,,,64339,4.0,0.9926999807357788,0.9203060269355774,0.02317943423986435,0.9454072713851929,0.8980143070220947,4.768636226654053,4.439626216888428,215.0,0.30583056807518005,,,,,,,,,,,,
25,,,64349,4.0,0.9926000237464905,0.9708290100097656,0.02193562686443329,0.9851083755493164,0.9574998617172241,4.028785228729248,3.7272496223449707,861.0,0.27959969639778137,,,,,,,,,,,,
25,,,64359,4.0,0.96875,0.8666168451309204,0.07273275405168533,0.8448554277420044,0.8919265270233154,7.229797840118408,6.47125244140625,709.0,0.6858122944831848,,,,,,,,,,,,
25,,,64369,4.0,0.9832500219345093,0.9318536520004272,0.03822363168001175,0.9341567754745483,0.9295791387557983,5.3519086837768555,5.000021934509277,506.0,0.3136630654335022,,,,,,,,,,,,
25,,,64379,4.0,0.9865999817848206,0.9399464130401611,0.03150372579693794,0.9233280420303345,0.9581511616706848,4.085038661956787,3.7414534091949463,865.0,0.31208157539367676,,,,,,,,,,,,
25,,,64389,4.0,0.9780499935150146,0.8533140420913696,0.05361750349402428,0.8685981035232544,0.8393650054931641,7.271536827087402,6.518340587615967,291.0,0.699578583240509,,,,,,,,,,,,
25,,,64399,4.0,0.989799976348877,0.9543236494064331,0.026257004588842392,0.949716329574585,0.9590411186218262,3.9342756271362305,3.5237197875976562,892.0,0.38429874181747437,,,,,,,,,,,,
25,,,64409,4.0,0.9881500005722046,0.9266639947891235,0.026053139939904213,0.9278767108917236,0.9254589080810547,5.568471908569336,5.088296890258789,284.0,0.4541219174861908,,,,,,,,,,,,
25,,,64419,4.0,0.9914500117301941,0.8349769115447998,0.026928702369332314,0.9239743947982788,0.7775397896766663,5.802112579345703,5.135384559631348,130.0,0.6397990584373474,,,,,,,,,,,,
25,,,64429,4.0,0.9869999885559082,0.9559178352355957,0.031750570982694626,0.9671489000320435,0.9453232288360596,5.704787731170654,5.434882164001465,1130.0,0.23815472424030304,,,,,,,,,,,,
25,,,64439,4.0,0.9888499975204468,0.9702816009521484,0.029408585280179977,0.9805743098258972,0.9605470895767212,4.773294448852539,4.495212554931641,1119.0,0.2486732304096222,,,,,,,,,,,,
25,,,64449,4.0,0.9838500022888184,0.9679315090179443,0.03828670457005501,0.9731913805007935,0.9628459215164185,4.20265007019043,3.8056952953338623,1036.0,0.3586680293083191,,,,,,,,,,,,
25,,,64459,4.0,0.9900500178337097,0.9562535285949707,0.03486637771129608,0.9784060716629028,0.9363337755203247,7.037347793579102,4.716831684112549,1013.0,2.285649538040161,,,,,,,,,,,,
25,,,64469,4.0,0.984250009059906,0.9314937591552734,0.03774333745241165,0.9277439117431641,0.9353208541870117,6.42082405090332,6.050555229187012,664.0,0.3325253129005432,,,,,,,,,,,,
25,,,64479,4.0,0.9869999885559082,0.9574854373931885,0.03426160290837288,0.9757923483848572,0.9408198595046997,4.628716945648193,4.298954486846924,894.0,0.2955009639263153,,,,,,,,,,,,
25,,,64489,4.0,0.9926000237464905,0.9426968097686768,0.020435573533177376,0.9518541097640991,0.9339308738708496,5.4608378410339355,4.872720718383789,330.0,0.5676812529563904,,,,,,,,,,,,
25,,,64499,4.0,0.9858999848365784,0.9381747245788574,0.04220329597592354,0.944699764251709,0.931867241859436,4.96062707901001,4.797049045562744,744.0,0.12137456238269806,,,,,,,,,,,,
25,,,64509,4.0,0.9905499815940857,0.9207956790924072,0.022290488705039024,0.9015973806381226,0.942080020904541,5.316486358642578,5.025138854980469,281.0,0.2690567672252655,,,,,,,,,,,,
25,,,64519,4.0,0.9869499802589417,0.968178391456604,0.030790457502007484,0.958714485168457,0.9781928062438965,4.798612594604492,4.497172832489014,963.0,0.2706494927406311,,,,,,,,,,,,
25,,,64529,4.0,0.9922000169754028,0.9690412282943726,0.01793917454779148,0.9642685651779175,0.9739307165145874,4.0955491065979,3.7089755535125732,740.0,0.36863452196121216,,,,,,,,,,,,
25,,,64539,4.0,0.9863499999046326,0.9555413722991943,0.05028531327843666,0.9787673354148865,0.934908390045166,5.109642505645752,4.497697830200195,1020.0,0.5616593360900879,,,,,,,,,,,,
25,,,64549,4.0,0.9780499935150146,0.8892360925674438,0.0488840788602829,0.879497766494751,0.8995642066001892,5.341274261474609,4.75424337387085,548.0,0.5381470918655396,,,,,,,,,,,,
25,,,64559,4.0,0.9815499782562256,0.8707998991012573,0.04197021946310997,0.8691254258155823,0.8724912405014038,6.163124084472656,5.456258296966553,341.0,0.6648953557014465,,,,,,,,,,,,
25,,,64569,4.0,0.9850000143051147,0.8958369493484497,0.034996312111616135,0.8883653283119202,0.9036307334899902,5.66480016708374,5.4370341300964355,290.0,0.1927696317434311,,,,,,,,,,,,
25,,,64579,4.0,0.9825000166893005,0.8853809833526611,0.04571092128753662,0.8794428110122681,0.8915281891822815,6.091053009033203,5.618765354156494,494.0,0.4265766143798828,,,,,,,,,,,,
25,,,64589,4.0,0.9936500191688538,0.9577727317810059,0.01935225911438465,0.9696016311645508,0.9465761780738831,4.937079429626465,4.577706813812256,458.0,0.3400203287601471,,,,,,,,,,,,
25,,,64599,4.0,0.9853000044822693,0.9317977428436279,0.04690234363079071,0.9784232378005981,0.8944376707077026,4.0992751121521,3.773172378540039,920.0,0.27920040488243103,,,,,,,,,,,,
25,,,64609,4.0,0.9906499981880188,0.836142897605896,0.02668018452823162,0.8766791224479675,0.8037206530570984,4.901598930358887,4.622124671936035,127.0,0.252794086933136,,,,,,,,,,,,
25,,,64619,4.0,0.9875500202178955,0.7606030702590942,0.03344201669096947,0.8034257888793945,0.7286887764930725,4.9457106590271,4.732941150665283,127.0,0.17932766675949097,,,,,,,,,,,,
25,,,64629,4.0,0.98785001039505,0.9446064233779907,0.03181331604719162,0.9458641409873962,0.9433567523956299,4.32852840423584,3.9359564781188965,617.0,0.36075860261917114,,,,,,,,,,,,
25,,,64639,4.0,0.9862499833106995,0.8897762298583984,0.034697405993938446,0.9415581226348877,0.8495518565177917,4.672287940979004,4.413731575012207,303.0,0.22385907173156738,,,,,,,,,,,,
25,,,64649,4.0,0.9794999957084656,0.932921290397644,0.04711912199854851,0.9143718481063843,0.9536706209182739,6.067903518676758,5.601293563842773,452.0,0.4194909930229187,,,,,,,,,,,,
25,,,64659,4.0,0.9769999980926514,0.8850280046463013,0.06146940961480141,0.8721174001693726,0.8990110754966736,5.6408467292785645,5.045448303222656,430.0,0.5339289903640747,,,,,,,,,,,,
25,,,64669,4.0,0.9915000200271606,0.9007954597473145,0.021537208929657936,0.9743974208831787,0.8477158546447754,4.664034366607666,4.439539909362793,208.0,0.2029571235179901,,,,,,,,,,,,
25,,,64679,4.0,0.9874500036239624,0.9364404678344727,0.029660699889063835,0.9265999794006348,0.9468103647232056,5.4771528244018555,5.003767967224121,430.0,0.44372427463531494,,,,,,,,,,,,
25,,,64689,4.0,0.9790499806404114,0.9296205639839172,0.044331230223178864,0.9422774314880371,0.917818546295166,4.666683197021484,4.351869106292725,816.0,0.27048322558403015,,,,,,,,,,,,
25,,,64699,4.0,0.9884999990463257,0.9625541567802429,0.03165717422962189,0.9625541567802429,0.9625541567802429,4.802491188049316,3.7965915203094482,1189.0,0.9742424488067627,,,,,,,,,,,,
25,,,64709,4.0,0.9894999861717224,0.9473715424537659,0.03372368589043617,0.9606415033340454,0.9349367022514343,3.7374379634857178,3.312537670135498,856.0,0.3911767303943634,,,,,,,,,,,,
25,,,64719,4.0,0.9768000245094299,0.9138561487197876,0.06628783047199249,0.9159707427024841,0.9117672443389893,5.178884506225586,4.016326904296875,734.0,1.0962697267532349,,,,,,,,,,,,
25,,,64729,4.0,0.9801499843597412,0.9321290254592896,0.04842798039317131,0.9472911357879639,0.9181652665138245,5.509772777557373,4.578091144561768,946.0,0.8832533955574036,,,,,,,,,,,,
25,,,64739,4.0,0.9851999878883362,0.9426334500312805,0.034618228673934937,0.9456127882003784,0.9397008419036865,4.6112751960754395,3.9475862979888916,892.0,0.6290705800056458,,,,,,,,,,,,
25,,,64749,4.0,0.9907500147819519,0.7586468458175659,0.03094460442662239,0.766143798828125,0.7515720129013062,4.095866680145264,3.946157693862915,64.0,0.11876443028450012,,,,,,,,,,,,
25,,,64759,4.0,0.993149995803833,0.9478225708007812,0.016715651378035545,0.9475048780441284,0.9481407403945923,4.586359977722168,4.3226847648620605,329.0,0.24695973098278046,,,,,,,,,,,,
25,,,64769,4.0,0.9810500144958496,0.947995662689209,0.053342051804065704,0.9233591556549072,0.9767554998397827,4.404644012451172,3.9712636470794678,909.0,0.3800382614135742,,,,,,,,,,,,
25,,,64779,4.0,0.9906499981880188,0.9602698087692261,0.02509436383843422,0.9550380706787109,0.9656432867050171,4.810882568359375,4.278212070465088,537.0,0.5075758099555969,,,,,,,,,,,,
25,,,64789,4.0,0.9876000285148621,0.9156250357627869,0.031271226704120636,0.9319705963134766,0.9005755186080933,4.1755218505859375,3.8482749462127686,292.0,0.29597559571266174,,,,,,,,,,,,
25,,,64799,4.0,0.9729499816894531,0.9027904272079468,0.06897640228271484,0.9232839345932007,0.8845536708831787,5.892553329467773,5.213442325592041,1002.0,0.6101347208023071,,,,,,,,,,,,
25,,,64809,4.0,0.9786499738693237,0.947246253490448,0.060002557933330536,0.951128363609314,0.9434536695480347,7.217828750610352,6.6983113288879395,1374.0,0.4595149755477905,,,,,,,,,,,,
25,,,64819,4.0,0.9831500053405762,0.9543763399124146,0.043049465864896774,0.9487061500549316,0.9602378010749817,4.790452003479004,3.9973652362823486,1357.0,0.7500369548797607,,,,,,,,,,,,
25,,,64829,4.0,0.9868999719619751,0.950120747089386,0.030923068523406982,0.9762237668037415,0.9271789193153381,4.391909599304199,4.110228061676025,856.0,0.25075843930244446,,,,,,,,,,,,
25,,,64839,4.0,0.9700999855995178,0.9113821983337402,0.07299091666936874,0.9139835238456726,0.9088223576545715,6.8236985206604,6.553251266479492,1444.0,0.1974564641714096,,,,,,,,,,,,
25,,,64849,4.0,0.9908999800682068,0.9233068227767944,0.022967055439949036,0.9226380586624146,0.9239777326583862,5.622200012207031,5.035924911499023,349.0,0.56330806016922,,,,,,,,,,,,
25,,,64859,4.0,0.9857000112533569,0.9466315507888794,0.038986142724752426,0.9693138599395752,0.9264025688171387,4.457193851470947,4.050657272338867,951.0,0.3675503134727478,,,,,,,,,,,,
25,,,64869,4.0,0.9916999936103821,0.937090277671814,0.024510173127055168,0.9756201505661011,0.9047304391860962,4.091550350189209,3.709054946899414,499.0,0.35798507928848267,,,,,,,,,,,,
25,,,64879,4.0,0.9846500158309937,0.9293334484100342,0.03681093081831932,0.9274197816848755,0.9312670230865479,5.959969997406006,5.570826053619385,499.0,0.3523329198360443,,,,,,,,,,,,
25,,,64889,4.0,0.9764999747276306,0.9569272994995117,0.06286362558603287,0.9578335285186768,0.9560269117355347,4.29791784286499,3.6821954250335693,1223.0,0.5528589487075806,,,,,,,,,,,,
25,,,64899,4.0,0.9742000102996826,0.8589892387390137,0.0547538697719574,0.8368923664093018,0.8846715688705444,6.767404079437256,6.1047773361206055,400.0,0.6078729629516602,,,,,,,,,,,,
25,,,64909,4.0,0.9776999950408936,0.8909611701965332,0.05272867903113365,0.8628217577934265,0.9246631264686584,5.225155353546143,4.867743015289307,373.0,0.3046836256980896,,,,,,,,,,,,
25,,,64919,4.0,0.9861999750137329,0.940407395362854,0.04312793165445328,0.9531576633453369,0.9284602403640747,4.25153923034668,3.907630443572998,849.0,0.3007810115814209,,,,,,,,,,,,
25,,,64929,4.0,0.991599977016449,0.9662185907363892,0.02415793389081955,0.9652458429336548,0.9671961069107056,4.354288578033447,3.6703848838806152,916.0,0.6597455143928528,,,,,,,,,,,,
25,,,64939,4.0,0.9836999773979187,0.9417603015899658,0.03742978349328041,0.9488602876663208,0.9349256753921509,4.88279390335083,4.398266315460205,866.0,0.4470975697040558,,,,,,,,,,,,
25,,,64949,4.0,0.9935500025749207,0.9702820777893066,0.02266286313533783,0.9704738855361938,0.970090389251709,3.4285807609558105,3.1288557052612305,831.0,0.2770620584487915,,,,,,,,,,,,
25,,,64959,4.0,0.9869999885559082,0.9643007516860962,0.03580291569232941,0.9592885971069336,0.9694573283195496,4.446372032165527,4.174333572387695,913.0,0.236235573887825,,,,,,,,,,,,
25,,,64969,4.0,0.9896500110626221,0.8779779672622681,0.028452254831790924,0.870057225227356,0.8862648010253906,3.6828114986419678,3.5667459964752197,159.0,0.08761336654424667,,,,,,,,,,,,
25,,,64979,4.0,0.9939500093460083,0.9687638282775879,0.015172445215284824,0.9769627451896667,0.9608751535415649,3.571967124938965,3.2645492553710938,945.0,0.292245477437973,,,,,,,,,,,,
25,,,64989,4.0,0.9804499745368958,0.8280137777328491,0.04284617677330971,0.797929048538208,0.86553955078125,5.105914115905762,4.652019500732422,231.0,0.4110482633113861,,,,,,,,,,,,
25,,,64999,4.0,0.9825000166893005,0.9482830762863159,0.04244184121489525,0.9386411905288696,0.9584823846817017,4.330031394958496,3.4919261932373047,938.0,0.7956631183624268,,,,,,,,,,,,
25,,,65009,4.0,0.9871500134468079,0.9673095345497131,0.03294934704899788,0.9703927636146545,0.9642797112464905,4.241020202636719,3.8659744262695312,833.0,0.3420964181423187,,,,,,,,,,,,
25,,,65019,4.0,0.9851499795913696,0.9461398124694824,0.033101197332143784,0.9449045658111572,0.9473833441734314,4.384180545806885,3.9200780391693115,776.0,0.4310014843940735,,,,,,,,,,,,
25,,,65029,4.0,0.9833999872207642,0.8329963088035583,0.03871047869324684,0.8554904460906982,0.813340961933136,5.814594268798828,5.3787946701049805,378.0,0.39708882570266724,,,,,,,,,,,,
25,,,65039,4.0,0.9900000095367432,0.9475175738334656,0.02964852936565876,0.9513578414916992,0.9437500238418579,4.012772083282471,3.6968047618865967,624.0,0.28631895780563354,,,,,,,,,,,,
25,,,65049,4.0,0.9938499927520752,0.9198877811431885,0.01585908979177475,0.9498139023780823,0.8938431739807129,4.757659912109375,4.6383256912231445,176.0,0.10347521305084229,,,,,,,,,,,,
25,,,65059,4.0,0.9890999794006348,0.9369912147521973,0.027362912893295288,0.9608672857284546,0.9157022833824158,5.826308250427246,5.15936803817749,399.0,0.6395774483680725,,,,,,,,,,,,
25,,,65069,4.0,0.9767500162124634,0.8878312110900879,0.049777623265981674,0.9130680561065674,0.8658789992332458,5.970893859863281,5.717504978179932,521.0,0.20361144840717316,,,,,,,,,,,,
25,,,65079,4.0,0.9879500269889832,0.9064860343933105,0.026205603033304214,0.8759333491325378,0.9429768323898315,4.067895412445068,3.912273406982422,320.0,0.12941628694534302,,,,,,,,,,,,
25,,,65089,4.0,0.9876999855041504,0.9367588758468628,0.028336282819509506,0.9518343806266785,0.9227738380432129,3.867682456970215,3.430588960647583,849.0,0.4087572991847992,,,,,,,,,,,,
25,,,65099,4.0,0.9840999841690063,0.8819844126701355,0.036887653172016144,0.9098798036575317,0.8579196929931641,5.454054355621338,4.88259220123291,459.0,0.5345746874809265,,,,,,,,,,,,
25,,,65109,4.0,0.9784500002861023,0.9023793339729309,0.04788536950945854,0.9057915210723877,0.8990329504013062,6.3319091796875,5.412820339202881,419.0,0.871203601360321,,,,,,,,,,,,
25,,,65119,4.0,0.9894000291824341,0.9205547571182251,0.02400762401521206,0.903179407119751,0.9396399259567261,5.498297691345215,4.989851474761963,268.0,0.4844382703304291,,,,,,,,,,,,
25,,,65129,4.0,0.9785500168800354,0.9494640827178955,0.05512730032205582,0.9361428618431091,0.9639809727668762,4.39902400970459,4.045063495635986,902.0,0.29883357882499695,,,,,,,,,,,,
25,,,65139,4.0,0.9781500101089478,0.8829463720321655,0.045280877500772476,0.8716797232627869,0.8950172662734985,5.688813209533691,5.248467445373535,481.0,0.39506465196609497,,,,,,,,,,,,
25,,,65149,4.0,0.9748499989509583,0.8474631309509277,0.05684540420770645,0.8772063851356506,0.8225070238113403,5.303689479827881,4.749016284942627,266.0,0.4978278875350952,,,,,,,,,,,,
25,,,65159,4.0,0.9779000282287598,0.7885497808456421,0.05411370098590851,0.8666907548904419,0.7392466068267822,5.194186210632324,4.358202934265137,255.0,0.7818694710731506,,,,,,,,,,,,
25,,,65169,4.0,0.9935500025749207,0.9809156656265259,0.016986142843961716,0.9819605350494385,0.9798765182495117,3.550049066543579,3.19911789894104,913.0,0.3339449465274811,,,,,,,,,,,,
25,,,65179,4.0,0.9884999990463257,0.9660634994506836,0.02945191040635109,0.9683138132095337,0.9638404250144958,4.4194655418396,4.063882350921631,644.0,0.326131135225296,,,,,,,,,,,,
25,,,65189,4.0,0.9837499856948853,0.9059164524078369,0.03693285956978798,0.9236234426498413,0.88978111743927,5.207923412322998,4.790204048156738,385.0,0.38078635931015015,,,,,,,,,,,,
25,,,65199,4.0,0.9882500171661377,0.903786838054657,0.031175659969449043,0.9662647247314453,0.8569367527961731,4.921113967895508,4.6363525390625,527.0,0.2535858452320099,,,,,,,,,,,,
25,,,65209,4.0,0.9873999953269958,0.9151173233985901,0.037372224032878876,0.9306995868682861,0.9007197618484497,6.276556968688965,5.230001926422119,272.0,1.0091828107833862,,,,,,,,,,,,
25,,,65219,4.0,0.990149974822998,0.9601230621337891,0.02253710851073265,0.9668638706207275,0.9536058306694031,3.818075656890869,3.354916572570801,930.0,0.4406220316886902,,,,,,,,,,,,
25,,,65229,4.0,0.987500011920929,0.9180304408073425,0.03164788708090782,0.9376665353775024,0.9002317190170288,8.766961097717285,6.239686012268066,492.0,2.4956271648406982,,,,,,,,,,,,
25,,,65239,4.0,0.9819499850273132,0.8979634642601013,0.04085230827331543,0.9331672787666321,0.8685872554779053,6.143867492675781,5.867827892303467,363.0,0.23518763482570648,,,,,,,,,,,,
25,,,65249,4.0,0.9893500208854675,0.9509308338165283,0.02941095642745495,0.9393342733383179,0.9632538557052612,4.452428817749023,3.726184606552124,674.0,0.6968334913253784,,,,,,,,,,,,
25,,,65259,4.0,0.9760000109672546,0.8937827348709106,0.054386671632528305,0.883669376373291,0.9045401811599731,6.227166175842285,5.631069660186768,383.0,0.5417097210884094,,,,,,,,,,,,
25,,,65269,4.0,0.9922000169754028,0.929451584815979,0.024241691455245018,0.9287202954292297,0.9301855564117432,3.929246664047241,3.6072378158569336,289.0,0.29776710271835327,,,,,,,,,,,,
25,,,65279,4.0,0.983299970626831,0.9041685461997986,0.03839193657040596,0.9408246278762817,0.8736932277679443,5.119158744812012,4.733621120452881,544.0,0.3471453785896301,,,,,,,,,,,,
25,,,65289,4.0,0.9769499897956848,0.9224348068237305,0.05021147057414055,0.9199502468109131,0.9249557852745056,4.865386009216309,4.312755584716797,838.0,0.502419114112854,,,,,,,,,,,,
25,,,65299,4.0,0.9854000210762024,0.9230120182037354,0.03359203040599823,0.9367489218711853,0.910212516784668,5.729399681091309,5.457582473754883,323.0,0.2382248342037201,,,,,,,,,,,,
25,,,65309,4.0,0.9829999804496765,0.903552770614624,0.03792965039610863,0.9200668334960938,0.8884251117706299,5.213749408721924,4.8317766189575195,383.0,0.34404322504997253,,,,,,,,,,,,
25,,,65319,4.0,0.9751999974250793,0.8022343516349792,0.06295101344585419,0.8645586967468262,0.7593035697937012,6.03095006942749,5.685632228851318,376.0,0.282366544008255,,,,,,,,,,,,
25,,,65329,4.0,0.9929999709129333,0.897063136100769,0.017504511401057243,0.9570558071136475,0.8514288663864136,4.663352966308594,4.194521903991699,197.0,0.4513261616230011,,,,,,,,,,,,
25,,,65339,4.0,0.9937999844551086,0.9498855471611023,0.023063072934746742,0.9478530287742615,0.9519379734992981,3.9652748107910156,3.5357158184051514,531.0,0.40649574995040894,,,,,,,,,,,,
25,,,65349,4.0,0.988349974155426,0.9611254930496216,0.027478139847517014,0.962028980255127,0.96022629737854,4.5184645652771,4.309712886810303,800.0,0.18127353489398956,,,,,,,,,,,,
25,,,65359,4.0,0.9896000027656555,0.8322790265083313,0.023268653079867363,0.7955541610717773,0.8799861669540405,3.686830759048462,3.4722933769226074,112.0,0.1912686824798584,,,,,,,,,,,,
25,,,65369,4.0,0.989549994468689,0.9689006209373474,0.02743876911699772,0.9699268341064453,0.9678800106048584,4.20522403717041,3.90203595161438,939.0,0.27574941515922546,,,,,,,,,,,,
25,,,65379,4.0,0.9777500033378601,0.9211934804916382,0.047366198152303696,0.9148659706115723,0.9277606010437012,4.560688018798828,4.1256489753723145,883.0,0.38767266273498535,,,,,,,,,,,,
25,,,65389,4.0,0.9737499952316284,0.9171008467674255,0.053652092814445496,0.9040278196334839,0.9312898516654968,4.620816707611084,4.350074291229248,901.0,0.21709030866622925,,,,,,,,,,,,
25,,,65399,4.0,0.980400025844574,0.9264758825302124,0.044388458132743835,0.912777304649353,0.9413159489631653,5.226538181304932,4.822516918182373,426.0,0.3596329092979431,,,,,,,,,,,,
25,,,65409,4.0,0.9816499948501587,0.8847380876541138,0.04064784571528435,0.8854042291641235,0.8840745687484741,4.95682954788208,4.555869102478027,269.0,0.3603126108646393,,,,,,,,,,,,
25,,,65419,4.0,0.9872499704360962,0.9316303133964539,0.031541503965854645,0.9208763837814331,0.9430221319198608,5.5876665115356445,4.812274932861328,566.0,0.7438504099845886,,,,,,,,,,,,
25,,,65429,4.0,0.983299970626831,0.9353982210159302,0.061030760407447815,0.9638265371322632,0.9107860326766968,4.6836466789245605,4.322900772094727,723.0,0.299715131521225,,,,,,,,,,,,
25,,,65439,4.0,0.9668499827384949,0.9015359878540039,0.08560613542795181,0.8931244611740112,0.9104260802268982,6.200953960418701,5.563485622406006,829.0,0.5518622994422913,,,,,,,,,,,,
25,,,65449,4.0,0.9842000007629395,0.8949950933456421,0.038187604397535324,0.8888126611709595,0.9013979434967041,4.275695323944092,4.121572971343994,303.0,0.11593485623598099,,,,,,,,,,,,
25,,,65459,4.0,0.9831500053405762,0.8659309148788452,0.03953653201460838,0.9548511505126953,0.8077146410942078,5.662264347076416,5.510758399963379,410.0,0.11196926236152649,,,,,,,,,,,,
25,,,65469,4.0,0.9864500164985657,0.9015327095985413,0.030817002058029175,0.8948807716369629,0.9084337949752808,4.269491195678711,4.126753330230713,256.0,0.11192086338996887,,,,,,,,,,,,
25,,,65479,4.0,0.9828500151634216,0.9107925295829773,0.040649134665727615,0.9373718500137329,0.8876091241836548,5.031436920166016,4.590311050415039,372.0,0.4004771411418915,,,,,,,,,,,,
25,,,65489,4.0,0.9909999966621399,0.9656869173049927,0.021250074729323387,0.97251296043396,0.9590899348258972,4.462390422821045,3.789010763168335,906.0,0.6521298289299011,,,,,,,,,,,,
25,,,65499,4.0,0.9855999946594238,0.8981702327728271,0.04058587923645973,0.8870418071746826,0.9100226163864136,4.594283103942871,3.995425224304199,266.0,0.558272123336792,,,,,,,,,,,,
25,,,65509,4.0,0.9904999732971191,0.9486353397369385,0.023960767313838005,0.9535117745399475,0.9438748359680176,5.4666852951049805,4.746625900268555,433.0,0.6960989236831665,,,,,,,,,,,,
25,,,65519,4.0,0.9824000000953674,0.888485312461853,0.039947617799043655,0.9090464115142822,0.8700810670852661,6.194811820983887,5.528511047363281,356.0,0.6263530254364014,,,,,,,,,,,,
25,,,65529,4.0,0.9846000075340271,0.811857283115387,0.04428054019808769,0.8950392007827759,0.7586877346038818,6.455169200897217,6.174201488494873,254.0,0.23668737709522247,,,,,,,,,,,,
25,,,65539,4.0,0.9905499815940857,0.8273339867591858,0.019765686243772507,0.7908338308334351,0.8748093843460083,3.6913459300994873,3.4796864986419678,116.0,0.19189372658729553,,,,,,,,,,,,
25,,,65549,4.0,0.9882000088691711,0.9501001238822937,0.027385681867599487,0.9645925760269165,0.9366177916526794,3.9238247871398926,3.6501517295837402,888.0,0.24628733098506927,,,,,,,,,,,,
25,,,65559,4.0,0.9903500080108643,0.9311734437942505,0.024653235450387,0.926384449005127,0.9360809922218323,5.111451148986816,4.465475559234619,341.0,0.6213221549987793,,,,,,,,,,,,
25,,,65569,4.0,0.9839500188827515,0.8949413299560547,0.0328228622674942,0.8520452976226807,0.951341986656189,4.475176811218262,4.126403331756592,267.0,0.31595054268836975,,,,,,,,,,,,
25,,,65579,4.0,0.9848499894142151,0.9315353631973267,0.03677090257406235,0.907848060131073,0.9586567878723145,5.436075687408447,5.0622148513793945,352.0,0.3370898365974426,,,,,,,,,,,,
25,,,65589,4.0,0.991100013256073,0.9592759609222412,0.01944619230926037,0.9676200151443481,0.9512654542922974,3.9141440391540527,3.5502309799194336,954.0,0.34446701407432556,,,,,,,,,,,,
25,,,65599,4.0,0.9911999702453613,0.9670103788375854,0.022380121052265167,0.9655168652534485,0.9685152769088745,4.404285430908203,4.173022747039795,934.0,0.20888233184814453,,,,,,,,,,,,
25,,,65609,4.0,0.986050009727478,0.9306697845458984,0.03163375332951546,0.9696775674819946,0.8983200788497925,4.696841716766357,4.376468181610107,331.0,0.2887398302555084,,,,,,,,,,,,
25,,,65619,4.0,0.9849500060081482,0.9401215314865112,0.036311373114585876,0.9369666576385498,0.9433306455612183,3.897125720977783,3.5503926277160645,553.0,0.31042179465293884,,,,,,,,,,,,
25,,,65629,4.0,0.9890499711036682,0.9696977138519287,0.029644692316651344,0.983831524848938,0.9565837383270264,4.481779098510742,4.128252983093262,933.0,0.323881596326828,,,,,,,,,,,,
25,,,65639,4.0,0.986549973487854,0.9605830907821655,0.03806517645716667,0.9595997333526611,0.9615718126296997,7.411867141723633,6.313878536224365,1605.0,1.0599238872528076,,,,,,,,,,,,
25,,,65649,4.0,0.9883000254631042,0.9573672413825989,0.029848843812942505,0.9545490741729736,0.9602276682853699,4.602880477905273,3.7611331939697266,1044.0,0.8118987083435059,,,,,,,,,,,,
25,,,65659,4.0,0.9921000003814697,0.9170329570770264,0.01995825581252575,0.9080761671066284,0.9264161586761475,5.1812663078308105,4.695714473724365,227.0,0.46559378504753113,,,,,,,,,,,,
25,,,65669,4.0,0.9866499900817871,0.9066348075866699,0.03277954086661339,0.879096269607544,0.9389588236808777,5.379350662231445,5.0206804275512695,402.0,0.32589033246040344,,,,,,,,,,,,
25,,,65679,4.0,0.9758999943733215,0.8969424366950989,0.054526202380657196,0.9177535772323608,0.878409743309021,6.028122901916504,5.466169357299805,384.0,0.5074273347854614,,,,,,,,,,,,
25,,,65689,4.0,0.9770500063896179,0.9284181594848633,0.05189262703061104,0.9505760669708252,0.9088075757026672,5.395636558532715,5.063833713531494,700.0,0.2799098789691925,,,,,,,,,,,,
25,,,65699,4.0,0.9836500287055969,0.9653159379959106,0.043743815273046494,0.9684320688247681,0.9622596502304077,4.705030918121338,4.291286945343018,1053.0,0.3700002431869507,,,,,,,,,,,,
25,,,65709,4.0,0.9898999929428101,0.9592967629432678,0.024897035211324692,0.958655834197998,0.9599398374557495,4.542230129241943,3.950603723526001,588.0,0.5667292475700378,,,,,,,,,,,,
25,,,65719,4.0,0.9915500283241272,0.9632738828659058,0.023638123646378517,0.9702845811843872,0.9565000534057617,3.5204858779907227,3.1661365032196045,995.0,0.33071136474609375,,,,,,,,,,,,
25,,,65729,4.0,0.9838500022888184,0.9261913895606995,0.044895146042108536,0.9124355912208557,0.9410524964332581,4.894844055175781,4.4336419105529785,721.0,0.41630691289901733,,,,,,,,,,,,
25,,,65739,4.0,0.9861500263214111,0.9225790500640869,0.03467211127281189,0.9185554385185242,0.9266902804374695,5.399537563323975,4.989259719848633,520.0,0.3756057918071747,,,,,,,,,,,,
25,,,65749,4.0,0.9909999966621399,0.9355107545852661,0.025733884423971176,0.9349327087402344,0.9360905885696411,4.986900806427002,4.452528476715088,384.0,0.5086385607719421,,,,,,,,,,,,
25,,,65759,4.0,0.9867500066757202,0.9357445240020752,0.038101691752672195,0.943622350692749,0.9281784296035767,4.844475269317627,4.450866222381592,520.0,0.3555072546005249,,,,,,,,,,,,
25,,,65769,4.0,0.9927999973297119,0.9665398597717285,0.01885218173265457,0.966156005859375,0.9669243097305298,4.237054347991943,3.868122100830078,788.0,0.35008010268211365,,,,,,,,,,,,
25,,,65779,4.0,0.991100013256073,0.9644554853439331,0.02379111759364605,0.9547432065010071,0.9746690392494202,3.9022419452667236,3.402980327606201,1050.0,0.47547057271003723,,,,,,,,,,,,
25,,,65789,4.0,0.9790499806404114,0.9490102529525757,0.055784594267606735,0.9351181983947754,0.964187741279602,5.13873815536499,4.664280891418457,933.0,0.41867250204086304,,,,,,,,,,,,
25,,,65799,4.0,0.9887499809265137,0.8775660991668701,0.025733569636940956,0.9161773920059204,0.8458278775215149,6.377457618713379,5.970497131347656,331.0,0.3812272548675537,,,,,,,,,,,,
25,,,65809,4.0,0.9904500246047974,0.9134018421173096,0.023779045790433884,0.9047595858573914,0.9224481582641602,4.645102024078369,4.392577648162842,250.0,0.22874531149864197,,,,,,,,,,,,
25,,,65819,4.0,0.9782999753952026,0.8527140617370605,0.055124346166849136,0.867516040802002,0.8391677141189575,5.700328826904297,5.4370317459106445,391.0,0.20817255973815918,,,,,,,,,,,,
25,,,65829,4.0,0.9810000061988831,0.9325222373008728,0.059894904494285583,0.9508601427078247,0.9158924221992493,7.47945499420166,5.173545837402344,810.0,2.246013879776001,,,,,,,,,,,,
25,,,65839,4.0,0.9882500171661377,0.9238219261169434,0.030984854325652122,0.9842746257781982,0.8778032064437866,4.646381378173828,3.9881627559661865,657.0,0.6272337436676025,,,,,,,,,,,,
25,,,65849,4.0,0.9873999953269958,0.9286625385284424,0.031136754900217056,0.9126263856887817,0.9461599588394165,5.319368362426758,4.757440567016602,345.0,0.5307906866073608,,,,,,,,,,,,
25,,,65859,4.0,0.9820500016212463,0.9412491917610168,0.041613008826971054,0.9299455285072327,0.9533162117004395,4.676225185394287,4.2096943855285645,909.0,0.4249174892902374,,,,,,,,,,,,
25,,,65869,4.0,0.9822999835014343,0.9400827884674072,0.04605279117822647,0.9327335357666016,0.9477452635765076,3.9967057704925537,3.7627296447753906,876.0,0.18792343139648438,,,,,,,,,,,,
25,,,65879,4.0,0.9844499826431274,0.930117666721344,0.05244534835219383,0.9649500250816345,0.900773823261261,4.227341175079346,3.6244306564331055,952.0,0.5504650473594666,,,,,,,,,,,,
25,,,65889,4.0,0.9825999736785889,0.9062874913215637,0.0392441526055336,0.8978040218353271,0.9151899814605713,5.394745349884033,5.007385730743408,329.0,0.3481155037879944,,,,,,,,,,,,
25,,,65899,4.0,0.9912999868392944,0.9599642753601074,0.019904719665646553,0.9518905878067017,0.9683760404586792,3.4937148094177246,3.1986634731292725,682.0,0.27514681220054626,,,,,,,,,,,,
25,,,65909,4.0,0.9839000105857849,0.9115679264068604,0.04329914599657059,0.9173832535743713,0.9059314727783203,4.223662376403809,3.7932536602020264,657.0,0.38710957765579224,,,,,,,,,,,,
25,,,65919,4.0,0.9865999817848206,0.9420469999313354,0.03328029811382294,0.9454292058944702,0.9387237429618835,3.751088857650757,3.361565589904785,700.0,0.35624295473098755,,,,,,,,,,,,
25,,,65929,4.0,0.9869499802589417,0.8936315774917603,0.031075049191713333,0.9019299745559692,0.8856943845748901,4.955080986022949,4.607100963592529,354.0,0.31690487265586853,,,,,,,,,,,,
25,,,65939,4.0,0.9911500215530396,0.9651486873626709,0.022409498691558838,0.9672162532806396,0.9631025195121765,3.7514748573303223,3.4473750591278076,873.0,0.28169044852256775,,,,,,,,,,,,
25,,,65949,4.0,0.987500011920929,0.965169370174408,0.03241274133324623,0.9610652923583984,0.9693690538406372,4.275218963623047,3.7845845222473145,855.0,0.4582217335700989,,,,,,,,,,,,
25,,,65959,4.0,0.9838500022888184,0.9123806953430176,0.03876784071326256,0.9238408803939819,0.901594877243042,5.268246173858643,4.900876045227051,354.0,0.3286021649837494,,,,,,,,,,,,
25,,,65969,4.0,0.9851999878883362,0.952729344367981,0.03522491455078125,0.9676973819732666,0.9388953447341919,4.367603302001953,4.036076545715332,928.0,0.2963017523288727,,,,,,,,,,,,
25,,,65979,4.0,0.9696000218391418,0.9065955877304077,0.0741717740893364,0.9122333526611328,0.9011493921279907,7.300399303436279,5.245711326599121,644.0,1.9805163145065308,,,,,,,,,,,,
25,,,65989,4.0,0.9918000102043152,0.9333158731460571,0.022340381518006325,0.9623191356658936,0.9079627990722656,5.155917644500732,5.063670635223389,579.0,0.06990676373243332,,,,,,,,,,,,
25,,,65999,4.0,0.9821500182151794,0.8549504280090332,0.04513389989733696,0.9326982498168945,0.8022458553314209,4.3591203689575195,4.096268177032471,235.0,0.21771788597106934,,,,,,,,,,,,
25,,,66009,4.0,0.9820500016212463,0.898943305015564,0.0442366823554039,0.9335694313049316,0.8699606657028198,6.420194149017334,5.135059356689453,431.0,1.2408982515335083,,,,,,,,,,,,
25,,,66019,4.0,0.9887499809265137,0.88841712474823,0.02904963307082653,0.8895163536071777,0.8873244524002075,5.156798839569092,4.933427810668945,271.0,0.19432155787944794,,,,,,,,,,,,
25,,,66029,4.0,0.9924499988555908,0.8658609986305237,0.01938772387802601,0.9611881971359253,0.8039407730102539,5.060954570770264,4.782337188720703,169.0,0.259229451417923,,,,,,,,,,,,
25,,,66039,4.0,0.9730499982833862,0.8794586658477783,0.0651303306221962,0.8489917516708374,0.916951596736908,5.164381504058838,4.40805721282959,685.0,0.6911940574645996,,,,,,,,,,,,
25,,,66049,4.0,0.9835500121116638,0.9164614677429199,0.03833695501089096,0.9056106209754944,0.9279943704605103,5.234227657318115,4.670782566070557,548.0,0.5251081585884094,,,,,,,,,,,,
25,,,66059,4.0,0.9912999868392944,0.9656810164451599,0.02591538429260254,0.9721329212188721,0.9594327211380005,4.701166152954102,3.823737621307373,873.0,0.8515130281448364,,,,,,,,,,,,
25,,,66069,4.0,0.9797499775886536,0.9510247111320496,0.0448957160115242,0.9593319892883301,0.9431170225143433,4.241044998168945,3.6736867427825928,999.0,0.5224626064300537,,,,,,,,,,,,
25,,,66079,4.0,0.9885500073432922,0.9240442514419556,0.02658608928322792,0.9349726438522339,0.913700520992279,4.8893585205078125,4.739888668060303,416.0,0.12288403511047363,,,,,,,,,,,,
25,,,66089,4.0,0.9838500022888184,0.9307571649551392,0.042085759341716766,0.9280282258987427,0.9335269927978516,4.9640960693359375,4.519334316253662,441.0,0.4026763141155243,,,,,,,,,,,,
25,,,66099,4.0,0.9801999926567078,0.9210871458053589,0.040872152894735336,0.943958044052124,0.9008210897445679,4.476860523223877,4.013466835021973,772.0,0.42252177000045776,,,,,,,,,,,,
25,,,66109,4.0,0.986549973487854,0.9297097325325012,0.03475421294569969,0.9373309016227722,0.9223817586898804,4.1234259605407715,3.694345474243164,558.0,0.39432641863822937,,,,,,,,,,,,
25,,,66119,4.0,0.9919000267982483,0.9442532062530518,0.018955036997795105,0.9470995664596558,0.9414460062980652,4.807244300842285,4.110220432281494,336.0,0.6780688762664795,,,,,,,,,,,,
25,,,66129,4.0,0.9864000082015991,0.9453444480895996,0.029157131910324097,0.9453444480895996,0.9453444480895996,3.780968427658081,3.362948179244995,1057.0,0.38886311650276184,,,,,,,,,,,,
25,,,66139,4.0,0.9871500134468079,0.8786994218826294,0.031053384765982628,0.8909381628036499,0.8672515153884888,6.4613938331604,5.893605709075928,263.0,0.5367345213890076,,,,,,,,,,,,
25,,,66149,4.0,0.9815000295639038,0.9228492975234985,0.04487735778093338,0.9446932077407837,0.9033650159835815,5.798160552978516,5.354816913604736,455.0,0.39846593141555786,,,,,,,,,,,,
25,,,66159,4.0,0.9900000095367432,0.9507599472999573,0.021726656705141068,0.9559791684150696,0.9456743001937866,3.9063901901245117,3.579148769378662,855.0,0.3055149018764496,,,,,,,,,,,,
25,,,66169,4.0,0.9840499758720398,0.8834627866744995,0.036320507526397705,0.8821660280227661,0.884769082069397,5.266599655151367,4.94829797744751,374.0,0.2819809913635254,,,,,,,,,,,,
25,,,66179,4.0,0.9843500256538391,0.8625507354736328,0.03127805143594742,0.831787109375,0.9001904726028442,3.682450532913208,3.4325203895568848,198.0,0.21865209937095642,,,,,,,,,,,,
25,,,66189,4.0,0.984250009059906,0.8710334300994873,0.05524779483675957,0.9193938970565796,0.8333101868629456,5.106766223907471,4.629988193511963,274.0,0.4215300679206848,,,,,,,,,,,,
25,,,66199,4.0,0.9729499816894531,0.8950458765029907,0.07931947708129883,0.9204927086830139,0.8729982972145081,5.210268020629883,4.640147686004639,738.0,0.49080076813697815,,,,,,,,,,,,
25,,,66209,4.0,0.9896500110626221,0.9169069528579712,0.02546902373433113,0.9390902519226074,0.8970069885253906,5.560948371887207,5.059121131896973,205.0,0.4763586223125458,,,,,,,,,,,,
25,,,66219,4.0,0.9835000038146973,0.9328944683074951,0.041290730237960815,0.9322839379310608,0.9335070848464966,4.434310436248779,3.8385586738586426,898.0,0.5544608235359192,,,,,,,,,,,,
25,,,66229,4.0,0.9868000149726868,0.9397950172424316,0.03787257522344589,0.9225353598594666,0.958767294883728,5.022802829742432,4.714194297790527,727.0,0.2707357704639435,,,,,,,,,,,,
25,,,66239,4.0,0.9799000024795532,0.9369668960571289,0.04657277092337608,0.9445934891700745,0.929659366607666,5.794826984405518,5.175354480743408,1046.0,0.5728996396064758,,,,,,,,,,,,
25,,,66249,4.0,0.98785001039505,0.9563365578651428,0.03659095615148544,0.9627110958099365,0.9501691460609436,5.138794898986816,4.332828521728516,1051.0,0.7693751454353333,,,,,,,,,,,,
25,,,66259,4.0,0.9915000200271606,0.9757729768753052,0.024840490892529488,0.9797481298446655,0.9718807935714722,4.100534915924072,3.7361180782318115,892.0,0.33957624435424805,,,,,,,,,,,,
25,,,66269,4.0,0.989799976348877,0.9736905694007874,0.02590819075703621,0.975612998008728,0.9717886447906494,3.73345947265625,3.4628608226776123,878.0,0.24469034373760223,,,,,,,,,,,,
25,,,66279,4.0,0.9865000247955322,0.9578821659088135,0.037243399769067764,0.9548459053039551,0.9609694480895996,5.968533039093018,5.211216926574707,1043.0,0.7200725674629211,,,,,,,,,,,,
25,,,66289,4.0,0.9824000000953674,0.9504939317703247,0.039455510675907135,0.9398441314697266,0.9618360996246338,5.377589702606201,4.713595867156982,882.0,0.6245383620262146,,,,,,,,,,,,
25,,,66299,4.0,0.9871000051498413,0.9370335936546326,0.03251785412430763,0.9141436219215393,0.9630219340324402,4.3438849449157715,3.9160540103912354,594.0,0.3953130841255188,,,,,,,,,,,,
25,,,66309,4.0,0.9843000173568726,0.8922218084335327,0.03602750971913338,0.9265789985656738,0.8634032011032104,5.036004066467285,4.6818928718566895,348.0,0.3180837333202362,,,,,,,,,,,,
25,,,66319,4.0,0.9921500086784363,0.9677894115447998,0.0230102576315403,0.9864799976348877,0.9506927728652954,4.908017635345459,4.06762170791626,832.0,0.8173856735229492,,,,,,,,,,,,
,8.438508174347009e-05,0.0008438508174347009,66326,,,,,,,,,,,,,,,,,,,,,,
26,,,66329,4.0,0.9832500219345093,0.9364101886749268,0.03887668251991272,0.9560307860374451,0.9186887741088867,4.121593952178955,3.7746188640594482,884.0,0.30809831619262695,,,,,,,,,,,,
26,,,66339,4.0,0.9878000020980835,0.9346743822097778,0.02950710989534855,0.9256547093391418,0.9441351294517517,4.888371467590332,4.623746871948242,367.0,0.23511725664138794,,,,,,,,,,,,
26,,,66349,4.0,0.9857500195503235,0.9287354946136475,0.03318600356578827,0.9387758374214172,0.9192020297050476,4.97772741317749,4.396858215332031,556.0,0.5476832985877991,,,,,,,,,,,,
26,,,66359,4.0,0.9843999743461609,0.9419651031494141,0.03776393458247185,0.9323794841766357,0.9520753026008606,4.226585388183594,3.8751091957092285,620.0,0.31371229887008667,,,,,,,,,,,,
26,,,66369,4.0,0.9894499778747559,0.8597620725631714,0.025225479155778885,0.8924997448921204,0.8322708606719971,5.173521995544434,4.952545642852783,179.0,0.19575072824954987,,,,,,,,,,,,
26,,,66379,4.0,0.989799976348877,0.9573698043823242,0.02660258486866951,0.9444711208343506,0.9711753726005554,3.634751796722412,3.315223455429077,687.0,0.2929259240627289,,,,,,,,,,,,
26,,,66389,4.0,0.9818000197410583,0.9378243684768677,0.04574626684188843,0.9669097661972046,0.9128009080886841,5.024164199829102,4.574236869812012,942.0,0.4041808545589447,,,,,,,,,,,,
26,,,66399,4.0,0.9902499914169312,0.9721909761428833,0.027239516377449036,0.9722995758056641,0.9720824956893921,3.7972335815429688,3.516186475753784,895.0,0.25380751490592957,,,,,,,,,,,,
26,,,66409,4.0,0.9890499711036682,0.95067298412323,0.029619112610816956,0.9420909881591797,0.9596481323242188,4.507788181304932,4.070775508880615,604.0,0.40739327669143677,,,,,,,,,,,,
26,,,66419,4.0,0.9871500134468079,0.9300787448883057,0.02798040769994259,0.9294455051422119,0.9307140707969666,3.8056373596191406,3.2687923908233643,721.0,0.5088645815849304,,,,,,,,,,,,
26,,,66429,4.0,0.9818000197410583,0.8942364454269409,0.04405495151877403,0.9163864254951477,0.8745583891868591,4.708958148956299,4.383274078369141,434.0,0.28162890672683716,,,,,,,,,,,,
26,,,66439,4.0,0.9861000180244446,0.8995989561080933,0.03179505839943886,0.936115562915802,0.869150698184967,4.74539041519165,4.317517280578613,383.0,0.39607810974121094,,,,,,,,,,,,
26,,,66449,4.0,0.9763000011444092,0.8699527978897095,0.061926934868097305,0.9140756130218506,0.8352053165435791,5.7993621826171875,5.3628716468811035,367.0,0.37456387281417847,,,,,,,,,,,,
26,,,66459,4.0,0.986050009727478,0.968119740486145,0.034182582050561905,0.984174370765686,0.9534739851951599,4.816873550415039,4.084872245788574,904.0,0.6978189945220947,,,,,,,,,,,,
26,,,66469,4.0,0.9785000085830688,0.9258685111999512,0.05564498156309128,0.9465712308883667,0.9073644876480103,4.473682880401611,3.8992533683776855,729.0,0.5187845230102539,,,,,,,,,,,,
26,,,66479,4.0,0.9858999848365784,0.8766736388206482,0.03620004281401634,0.919835090637207,0.8420445919036865,5.636782646179199,5.146713733673096,393.0,0.45386871695518494,,,,,,,,,,,,
26,,,66489,4.0,0.986050009727478,0.9428411722183228,0.034985654056072235,0.9420539736747742,0.9436315894126892,6.400832176208496,5.750709056854248,684.0,0.6151375770568848,,,,,,,,,,,,
26,,,66499,4.0,0.9858999848365784,0.9496514797210693,0.030483365058898926,0.9611666798591614,0.9388058185577393,4.264925956726074,3.617903232574463,1047.0,0.6165395379066467,,,,,,,,,,,,
26,,,66509,4.0,0.9905499815940857,0.9445266723632812,0.02304616943001747,0.9490941166877747,0.940061092376709,4.612913131713867,4.162060260772705,508.0,0.4278067350387573,,,,,,,,,,,,
26,,,66519,4.0,0.984499990940094,0.9126026630401611,0.04197828844189644,0.9142985343933105,0.9109222888946533,5.119256019592285,4.800986289978027,445.0,0.27629122138023376,,,,,,,,,,,,
26,,,66529,4.0,0.9857500195503235,0.947037935256958,0.03502998128533363,0.9316495656967163,0.9638057947158813,4.6632981300354,3.7965478897094727,799.0,0.8317201733589172,,,,,,,,,,,,
26,,,66539,4.0,0.974399983882904,0.9356248378753662,0.07144683599472046,0.9205586910247803,0.9522486329078674,10.325252532958984,4.935754299163818,1637.0,5.318050861358643,,,,,,,,,,,,
26,,,66549,4.0,0.9857000112533569,0.9232816100120544,0.03598935157060623,0.9346768856048584,0.9125370979309082,5.653433322906494,5.242820739746094,411.0,0.37462350726127625,,,,,,,,,,,,
26,,,66559,4.0,0.9905499815940857,0.8459147214889526,0.02357696183025837,0.8998740315437317,0.8051737546920776,4.60543966293335,4.373019695281982,188.0,0.20884308218955994,,,,,,,,,,,,
26,,,66569,4.0,0.9870499968528748,0.9368170499801636,0.03290354087948799,0.9188860654830933,0.956596314907074,4.954545021057129,4.27716588973999,555.0,0.6444756388664246,,,,,,,,,,,,
26,,,66579,4.0,0.9923499822616577,0.9651505947113037,0.01909685507416725,0.969502329826355,0.9608902335166931,3.5213558673858643,3.2462031841278076,780.0,0.2560557723045349,,,,,,,,,,,,
26,,,66589,4.0,0.9901000261306763,0.9310752153396606,0.02410527877509594,0.9478664994239807,0.9155988097190857,6.485751628875732,5.305463790893555,550.0,1.156182885169983,,,,,,,,,,,,
26,,,66599,4.0,0.9810000061988831,0.7988512516021729,0.038550663739442825,0.7952845096588135,0.80251145362854,5.738303184509277,5.381390571594238,263.0,0.318361759185791,,,,,,,,,,,,
26,,,66609,4.0,0.9925500154495239,0.9593821167945862,0.01976064220070839,0.9651191234588623,0.9538007974624634,3.840820789337158,3.5689854621887207,507.0,0.2520747780799866,,,,,,,,,,,,
26,,,66619,4.0,0.9858499765396118,0.9108113050460815,0.04020897299051285,0.8968675136566162,0.9258854389190674,5.046623229980469,4.743960380554199,396.0,0.2624540328979492,,,,,,,,,,,,
26,,,66629,4.0,0.9807999730110168,0.9150923490524292,0.04284841939806938,0.9131649732589722,0.9170406460762024,6.62122917175293,5.473460674285889,440.0,1.1049197912216187,,,,,,,,,,,,
26,,,66639,4.0,0.9837999939918518,0.9110186696052551,0.040730807930231094,0.8995484113693237,0.9232561588287354,4.800193786621094,4.294646739959717,274.0,0.4648159444332123,,,,,,,,,,,,
26,,,66649,4.0,0.980400025844574,0.9066029787063599,0.04620712250471115,0.8729648590087891,0.9481303691864014,6.54981803894043,5.937829971313477,518.0,0.5657813549041748,,,,,,,,,,,,
26,,,66659,4.0,0.9851499795913696,0.8970769047737122,0.054515540599823,0.8958084583282471,0.8983542919158936,4.935516357421875,4.685072898864746,288.0,0.19592799246311188,,,,,,,,,,,,
26,,,66669,4.0,0.9916999936103821,0.9697562456130981,0.01975058764219284,0.971808135509491,0.9677255153656006,3.67507004737854,3.4577009677886963,859.0,0.1976184993982315,,,,,,,,,,,,
26,,,66679,4.0,0.9872499704360962,0.9062063694000244,0.029267551377415657,0.9251763820648193,0.8889859914779663,5.300292491912842,4.9068603515625,430.0,0.36416417360305786,,,,,,,,,,,,
26,,,66689,4.0,0.9826499819755554,0.9120510816574097,0.04092995449900627,0.9175604581832886,0.9067041277885437,5.924163818359375,5.162161350250244,392.0,0.7210724949836731,,,,,,,,,,,,
26,,,66699,4.0,0.979449987411499,0.9293287992477417,0.043271634727716446,0.9591172933578491,0.9038594365119934,4.446140289306641,3.9524457454681396,824.0,0.45042291283607483,,,,,,,,,,,,
26,,,66709,4.0,0.9868000149726868,0.9394532442092896,0.031221002340316772,0.9519699811935425,0.9277055263519287,6.382383346557617,5.827788829803467,448.0,0.5233737826347351,,,,,,,,,,,,
26,,,66719,4.0,0.9925000071525574,0.899144172668457,0.01847032830119133,0.9065133333206177,0.8920489549636841,4.85825252532959,4.6511993408203125,200.0,0.18858304619789124,,,,,,,,,,,,
26,,,66729,4.0,0.9757500290870667,0.9576887488365173,0.06782051920890808,0.9482773542404175,0.9678087830543518,6.044497489929199,5.083261013031006,1410.0,0.8934161067008972,,,,,,,,,,,,
26,,,66739,4.0,0.9785000085830688,0.934535026550293,0.051929228007793427,0.9506487846374512,0.9198013544082642,5.536747932434082,5.186363220214844,1118.0,0.29845553636550903,,,,,,,,,,,,
26,,,66749,4.0,0.9822499752044678,0.8056167364120483,0.03893903270363808,0.9287898540496826,0.739381730556488,5.36946964263916,5.146761417388916,238.0,0.1837693452835083,,,,,,,,,,,,
26,,,66759,4.0,0.9891999959945679,0.9466330409049988,0.03319508954882622,0.9652068614959717,0.9296606183052063,5.23613166809082,4.723520755767822,484.0,0.47941604256629944,,,,,,,,,,,,
26,,,66769,4.0,0.9909999966621399,0.8720106482505798,0.022858306765556335,0.8959616422653198,0.8508986234664917,3.9699740409851074,3.725290298461914,214.0,0.22182542085647583,,,,,,,,,,,,
26,,,66779,4.0,0.9899500012397766,0.9546190500259399,0.027416452765464783,0.9449019432067871,0.9648382067680359,5.5686163902282715,4.771749973297119,736.0,0.7694500684738159,,,,,,,,,,,,
26,,,66789,4.0,0.9904999732971191,0.9461585283279419,0.02590874955058098,0.9443310499191284,0.9480026960372925,4.807998180389404,4.409018039703369,329.0,0.37307098507881165,,,,,,,,,,,,
26,,,66799,4.0,0.9778000116348267,0.9218159914016724,0.051759857684373856,0.925885796546936,0.917839527130127,5.857152938842773,5.153468132019043,509.0,0.6519248485565186,,,,,,,,,,,,
26,,,66809,4.0,0.9829000234603882,0.9495863318443298,0.041480325162410736,0.9329574704170227,0.9679410457611084,4.514598846435547,4.027449607849121,961.0,0.44566845893859863,,,,,,,,,,,,
26,,,66819,4.0,0.986549973487854,0.9489049911499023,0.0312435794621706,0.9658803939819336,0.9333300590515137,4.121003150939941,3.8341970443725586,842.0,0.2555623948574066,,,,,,,,,,,,
26,,,66829,4.0,0.9850000143051147,0.8470479249954224,0.03875073418021202,0.8956915736198425,0.8095991611480713,4.786503791809082,4.471248149871826,333.0,0.2765050530433655,,,,,,,,,,,,
26,,,66839,4.0,0.983299970626831,0.8631495237350464,0.0370117649435997,0.8642686605453491,0.8620378375053406,5.298440933227539,5.076026916503906,305.0,0.18540246784687042,,,,,,,,,,,,
26,,,66849,4.0,0.98089998960495,0.9259661436080933,0.04843913018703461,0.8962522745132446,0.9615898132324219,4.556565284729004,4.032881736755371,543.0,0.4752446711063385,,,,,,,,,,,,
26,,,66859,4.0,0.9904000163078308,0.7168775796890259,0.024527454748749733,0.8530714511871338,0.657468855381012,4.5924882888793945,4.172520637512207,75.0,0.39544007182121277,,,,,,,,,,,,
26,,,66869,4.0,0.9855499863624573,0.9009913206100464,0.03476043418049812,0.8880122900009155,0.9149614572525024,4.305266380310059,3.862013816833496,224.0,0.4084920585155487,,,,,,,,,,,,
26,,,66879,4.0,0.990149974822998,0.9713647365570068,0.02519584633409977,0.9739351272583008,0.9688293933868408,3.5916080474853516,3.3384482860565186,988.0,0.2279638946056366,,,,,,,,,,,,
26,,,66889,4.0,0.9815000295639038,0.8782439231872559,0.044020965695381165,0.8579742908477783,0.901233971118927,4.157797336578369,3.82954740524292,256.0,0.28422918915748596,,,,,,,,,,,,
26,,,66899,4.0,0.9811999797821045,0.7943326830863953,0.038750823587179184,0.8140627145767212,0.7770736217498779,5.72595739364624,4.735104560852051,250.0,0.9521023631095886,,,,,,,,,,,,
26,,,66909,4.0,0.9872999787330627,0.8671534061431885,0.029308639466762543,0.8922200202941895,0.8452625274658203,4.341036796569824,3.929048538208008,260.0,0.38267946243286133,,,,,,,,,,,,
26,,,66919,4.0,0.9926999807357788,0.9293869733810425,0.019088782370090485,0.9407073259353638,0.918667197227478,4.671546459197998,4.444728851318359,374.0,0.20772890746593475,,,,,,,,,,,,
26,,,66929,4.0,0.9902999997138977,0.9012821912765503,0.02743360958993435,0.9483603239059448,0.8635895252227783,4.774834156036377,4.367567539215088,238.0,0.3798331618309021,,,,,,,,,,,,
26,,,66939,4.0,0.9897500276565552,0.9602033495903015,0.02385760098695755,0.9396462440490723,0.9831852912902832,4.18667459487915,3.657407760620117,1067.0,0.5054090619087219,,,,,,,,,,,,
26,,,66949,4.0,0.9805499911308289,0.9255775213241577,0.04206784442067146,0.9718395471572876,0.8888407945632935,4.545483589172363,4.237400531768799,891.0,0.2660149037837982,,,,,,,,,,,,
26,,,66959,4.0,0.9771000146865845,0.8976137638092041,0.07777529209852219,0.9136825799942017,0.8829252123832703,7.069972038269043,6.567990779876709,567.0,0.42420557141304016,,,,,,,,,,,,
26,,,66969,4.0,0.9894499778747559,0.8939633369445801,0.028505105525255203,0.8898756504058838,0.8981431722640991,5.276531219482422,4.927432537078857,218.0,0.3205932378768921,,,,,,,,,,,,
26,,,66979,4.0,0.9925500154495239,0.9034368395805359,0.01761775277554989,0.9274482727050781,0.8820858597755432,7.16413688659668,4.379108428955078,291.0,2.7674107551574707,,,,,,,,,,,,
26,,,66989,4.0,0.9869999885559082,0.960807204246521,0.030573014169931412,0.9720434546470642,0.9502208232879639,3.803971767425537,3.411839723587036,870.0,0.3615590035915375,,,,,,,,,,,,
26,,,66999,4.0,0.9894999861717224,0.9260398149490356,0.028255697339773178,0.9585491418838501,0.8981667757034302,5.398975849151611,5.231804370880127,466.0,0.13891619443893433,,,,,,,,,,,,
26,,,67009,4.0,0.982450008392334,0.8538258075714111,0.04960926994681358,0.8830270171165466,0.829050600528717,4.698532581329346,4.447081565856934,231.0,0.20184165239334106,,,,,,,,,,,,
26,,,67019,4.0,0.9821500182151794,0.9383281469345093,0.044686220586299896,0.9280365705490112,0.9492442011833191,5.608767509460449,5.070461750030518,568.0,0.493619441986084,,,,,,,,,,,,
26,,,67029,4.0,0.9755499958992004,0.8882588148117065,0.05389189347624779,0.9101400375366211,0.868908166885376,5.803576469421387,5.038604736328125,415.0,0.7110798954963684,,,,,,,,,,,,
26,,,67039,4.0,0.9910500049591064,0.9823123216629028,0.02828928828239441,0.9819777011871338,0.9826476573944092,4.92964506149292,4.359647274017334,1354.0,0.5417086482048035,,,,,,,,,,,,
26,,,67049,4.0,0.9914000034332275,0.9697844982147217,0.019617628306150436,0.9818738698959351,0.9584013223648071,5.184177875518799,4.094353675842285,743.0,1.0702067613601685,,,,,,,,,,,,
26,,,67059,4.0,0.9761000275611877,0.9075459241867065,0.05995769053697586,0.9064633846282959,0.9086354374885559,4.702075481414795,4.2309722900390625,596.0,0.41114556789398193,,,,,,,,,,,,
26,,,67069,4.0,0.9872999787330627,0.8917672634124756,0.03236837312579155,0.9238405227661133,0.8644970655441284,5.346980094909668,5.031825065612793,237.0,0.2827869951725006,,,,,,,,,,,,
26,,,67079,4.0,0.9834499955177307,0.8867459297180176,0.041197288781404495,0.8950052857398987,0.8788565397262573,5.155126094818115,4.164540767669678,317.0,0.9493879079818726,,,,,,,,,,,,
26,,,67089,4.0,0.9899500012397766,0.9650326371192932,0.03720929101109505,0.9781672954559326,0.9527378082275391,4.889955997467041,4.71483039855957,1050.0,0.1379161924123764,,,,,,,,,,,,
26,,,67099,4.0,0.9866999983787537,0.9230367541313171,0.031204845756292343,0.9239294528961182,0.9221482276916504,4.557423114776611,4.195473670959473,297.0,0.3307446241378784,,,,,,,,,,,,
26,,,67109,4.0,0.9817500114440918,0.929892361164093,0.03999163955450058,0.9337683320045471,0.9260978102684021,4.078323841094971,3.6398024559020996,783.0,0.3985297977924347,,,,,,,,,,,,
26,,,67119,4.0,0.9864500164985657,0.9575843811035156,0.031634725630283356,0.9706766605377197,0.9453631639480591,4.175241947174072,3.5973360538482666,995.0,0.546271026134491,,,,,,,,,,,,
26,,,67129,4.0,0.9823499917984009,0.9434016942977905,0.04011102393269539,0.9430482387542725,0.9437558650970459,6.354068279266357,5.6258544921875,1148.0,0.6881029009819031,,,,,,,,,,,,
26,,,67139,4.0,0.9876000285148621,0.8931255340576172,0.029128871858119965,0.9009342193603516,0.8856365084648132,6.046328067779541,5.3549065589904785,245.0,0.6622923016548157,,,,,,,,,,,,
26,,,67149,4.0,0.9861500263214111,0.911783754825592,0.03556510806083679,0.9229438304901123,0.901253342628479,6.674111843109131,6.109255313873291,464.0,0.5292914509773254,,,,,,,,,,,,
26,,,67159,4.0,0.9811999797821045,0.8316826224327087,0.04887080565094948,0.8311238288879395,0.8322434425354004,6.086024284362793,5.8179402351379395,276.0,0.21921317279338837,,,,,,,,,,,,
26,,,67169,4.0,0.9911500215530396,0.9026757478713989,0.023843422532081604,0.9208084940910339,0.8861177563667297,3.9327878952026367,3.686762571334839,196.0,0.22218172252178192,,,,,,,,,,,,
26,,,67179,4.0,0.9883000254631042,0.9146887063980103,0.03142726793885231,0.9341715574264526,0.8970124125480652,5.204037666320801,4.712844371795654,449.0,0.459765762090683,,,,,,,,,,,,
26,,,67189,4.0,0.9866499900817871,0.9172872304916382,0.03136333450675011,0.9110013842582703,0.9237897396087646,5.413412094116211,4.823419094085693,320.0,0.5586294531822205,,,,,,,,,,,,
26,,,67199,4.0,0.9836000204086304,0.9235963821411133,0.043158721178770065,0.9097943305969238,0.9385156035423279,4.883034706115723,4.584184169769287,470.0,0.2556920051574707,,,,,,,,,,,,
26,,,67209,4.0,0.98580002784729,0.9057439565658569,0.032415978610515594,0.9201861619949341,0.8923496007919312,5.8835954666137695,5.358985900878906,336.0,0.4921936094760895,,,,,,,,,,,,
26,,,67219,4.0,0.978600025177002,0.8816332221031189,0.0531189888715744,0.8906556367874146,0.8730674982070923,6.054618835449219,5.8558855056762695,647.0,0.14561425149440765,,,,,,,,,,,,
26,,,67229,4.0,0.9695500135421753,0.9248756170272827,0.06800040602684021,0.9170753955841064,0.9330892562866211,5.428529739379883,4.589910984039307,903.0,0.7706182599067688,,,,,,,,,,,,
26,,,67239,4.0,0.9884499907493591,0.9054245352745056,0.02903595194220543,0.9199615716934204,0.891930341720581,5.784816265106201,5.392114162445068,228.0,0.36366626620292664,,,,,,,,,,,,
26,,,67249,4.0,0.9896500110626221,0.937226414680481,0.026530319824814796,0.9541565179824829,0.9216316938400269,5.6919474601745605,5.262414932250977,343.0,0.4030020833015442,,,,,,,,,,,,
26,,,67259,4.0,0.9864000082015991,0.94821697473526,0.03140876442193985,0.9435851573944092,0.952965497970581,3.854184865951538,3.480302095413208,963.0,0.34247398376464844,,,,,,,,,,,,
26,,,67269,4.0,0.9844499826431274,0.8787975311279297,0.03436500206589699,0.8407549858093262,0.9274462461471558,5.1049723625183105,4.477558612823486,203.0,0.5930485725402832,,,,,,,,,,,,
26,,,67279,4.0,0.982450008392334,0.90478515625,0.043273430317640305,0.9273338317871094,0.8847505450248718,5.096662998199463,4.388237953186035,565.0,0.6651515960693359,,,,,,,,,,,,
26,,,67289,4.0,0.9884999990463257,0.924037516117096,0.027781665325164795,0.9384909272193909,0.9105899333953857,5.839821815490723,5.3097944259643555,341.0,0.502246081829071,,,,,,,,,,,,
26,,,67299,4.0,0.9774500131607056,0.8774181604385376,0.049838729202747345,0.8779751062393188,0.8768631219863892,4.842905044555664,4.5997209548950195,360.0,0.19334569573402405,,,,,,,,,,,,
26,,,67309,4.0,0.9867500066757202,0.943864643573761,0.032232239842414856,0.9437003135681152,0.9440290927886963,5.292581558227539,4.965487480163574,872.0,0.2948618233203888,,,,,,,,,,,,
26,,,67319,4.0,0.989799976348877,0.9378951787948608,0.026465371251106262,0.9811270236968994,0.9024080038070679,4.107006072998047,3.726998805999756,706.0,0.35354188084602356,,,,,,,,,,,,
26,,,67329,4.0,0.9843500256538391,0.950602114200592,0.04151957854628563,0.9608772993087769,0.9408788681030273,5.960078239440918,5.0445122718811035,768.0,0.8740463256835938,,,,,,,,,,,,
26,,,67339,4.0,0.9853500127792358,0.9176061153411865,0.037657368928194046,0.9375706911087036,0.8995708227157593,5.280150890350342,4.204038619995117,532.0,1.0384548902511597,,,,,,,,,,,,
26,,,67349,4.0,0.984749972820282,0.955666184425354,0.04149340093135834,0.9492392539978027,0.9623328447341919,5.280047416687012,5.0637335777282715,963.0,0.17482036352157593,,,,,,,,,,,,
26,,,67359,4.0,0.9714499711990356,0.8820943236351013,0.07267803698778152,0.9169153571128845,0.8534563779830933,5.853435516357422,5.491870880126953,565.0,0.2888867259025574,,,,,,,,,,,,
26,,,67369,4.0,0.9919000267982483,0.8729416131973267,0.019757837057113647,0.8536607027053833,0.894545316696167,4.651111125946045,4.339314937591553,107.0,0.29203861951828003,,,,,,,,,,,,
26,,,67379,4.0,0.9819499850273132,0.8853005170822144,0.04131561517715454,0.8536514043807983,0.9239875078201294,7.454925060272217,5.939995288848877,378.0,1.4736140966415405,,,,,,,,,,,,
26,,,67389,4.0,0.9933500289916992,0.8617666959762573,0.01664832793176174,0.8639816641807556,0.85957932472229,4.881028175354004,4.606161117553711,140.0,0.2582186758518219,,,,,,,,,,,,
26,,,67399,4.0,0.9790499806404114,0.8760916590690613,0.046598244458436966,0.9058767557144165,0.8507893681526184,7.097626209259033,6.131946563720703,301.0,0.9190813899040222,,,,,,,,,,,,
26,,,67409,4.0,0.9856500029563904,0.9386128783226013,0.03556656464934349,0.9404282569885254,0.9368147850036621,5.413616180419922,5.130530834197998,1048.0,0.24751904606819153,,,,,,,,,,,,
26,,,67419,4.0,0.9746000170707703,0.8165333271026611,0.053185176104307175,0.8005078434944153,0.8345749974250793,5.078561305999756,4.836213111877441,225.0,0.1891632080078125,,,,,,,,,,,,
26,,,67429,4.0,0.9899500012397766,0.9382236003875732,0.024185501039028168,0.945502758026123,0.9312019944190979,4.622323513031006,4.418642997741699,347.0,0.17949463427066803,,,,,,,,,,,,
26,,,67439,4.0,0.9886999726295471,0.9479995965957642,0.028379984200000763,0.9436707496643066,0.9524264931678772,5.403687477111816,4.913329601287842,438.0,0.4619781970977783,,,,,,,,,,,,
26,,,67449,4.0,0.9926000237464905,0.9689135551452637,0.018601994961500168,0.9618188142776489,0.976266622543335,3.5432393550872803,3.266356945037842,854.0,0.2582804560661316,,,,,,,,,,,,
26,,,67459,4.0,0.9859499931335449,0.8847768306732178,0.03398863971233368,0.9357818961143494,0.8451241254806519,5.510873317718506,5.13979959487915,208.0,0.3370853364467621,,,,,,,,,,,,
26,,,67469,4.0,0.9887499809265137,0.971770703792572,0.027662400156259537,0.9805206060409546,0.9634355306625366,4.237591743469238,3.845491647720337,892.0,0.3644377589225769,,,,,,,,,,,,
26,,,67479,4.0,0.9844499826431274,0.9620254039764404,0.03887736424803734,0.9760147333145142,0.9491013288497925,5.377475738525391,4.50350284576416,1050.0,0.8350956439971924,,,,,,,,,,,,
26,,,67489,4.0,0.9668999910354614,0.8833588361740112,0.0691770687699318,0.8920540809631348,0.8751225471496582,5.857810974121094,5.203413009643555,658.0,0.5852205753326416,,,,,,,,,,,,
26,,,67499,4.0,0.9869999885559082,0.9711605310440063,0.033799994736909866,0.9682429432868958,0.974130392074585,3.5662779808044434,3.25630784034729,899.0,0.2761702537536621,,,,,,,,,,,,
26,,,67509,4.0,0.9827499985694885,0.9408828616142273,0.04061650484800339,0.9425434470176697,0.9392373561859131,4.374703884124756,4.018682956695557,830.0,0.31540438532829285,,,,,,,,,,,,
26,,,67519,4.0,0.9850999712944031,0.8338781595230103,0.04592542350292206,0.9451544284820557,0.7687157988548279,4.418405532836914,4.1861958503723145,282.0,0.18628421425819397,,,,,,,,,,,,
26,,,67529,4.0,0.9711999893188477,0.8194105625152588,0.070549376308918,0.8931725025177002,0.7708265781402588,6.220674514770508,5.961592674255371,509.0,0.18853257596492767,,,,,,,,,,,,
26,,,67539,4.0,0.9873999953269958,0.8781200647354126,0.02762172929942608,0.9114550352096558,0.8500632047653198,4.7809553146362305,4.364250183105469,226.0,0.38908326625823975,,,,,,,,,,,,
26,,,67549,4.0,0.9825999736785889,0.9120770692825317,0.057942189276218414,0.8782825469970703,0.9536157846450806,4.464349746704102,3.40840220451355,695.0,0.9980053901672363,,,,,,,,,,,,
26,,,67559,4.0,0.981249988079071,0.8932394981384277,0.04354933649301529,0.9225236177444458,0.868145227432251,5.242153644561768,4.965231418609619,356.0,0.23337289690971375,,,,,,,,,,,,
26,,,67569,4.0,0.9884499907493591,0.935435950756073,0.02924203872680664,0.9396722316741943,0.9312898516654968,4.405294895172119,3.9702892303466797,485.0,0.40576377511024475,,,,,,,,,,,,
26,,,67579,4.0,0.987500011920929,0.9410345554351807,0.032567162066698074,0.9359319806098938,0.9462759494781494,4.690784454345703,4.320918083190918,637.0,0.3372994661331177,,,,,,,,,,,,
26,,,67589,4.0,0.9851499795913696,0.8697921633720398,0.037541020661592484,0.9363877773284912,0.8217944502830505,5.117837429046631,4.7967023849487305,250.0,0.28359413146972656,,,,,,,,,,,,
26,,,67599,4.0,0.9886000156402588,0.9155017137527466,0.025506116449832916,0.9254950284957886,0.9060045480728149,3.7568132877349854,3.5623042583465576,343.0,0.16900302469730377,,,,,,,,,,,,
26,,,67609,4.0,0.9862499833106995,0.9538601636886597,0.03824818134307861,0.9423621296882629,0.9661178588867188,4.032222270965576,3.5462610721588135,671.0,0.4477127492427826,,,,,,,,,,,,
26,,,67619,4.0,0.9884999990463257,0.9429221153259277,0.03115609474480152,0.9433153867721558,0.942529559135437,5.294009208679199,4.704037666320801,553.0,0.5588154792785645,,,,,,,,,,,,
26,,,67629,4.0,0.9805499911308289,0.8830705881118774,0.04626712203025818,0.9247757792472839,0.8495131134986877,5.472803115844727,5.044870853424072,298.0,0.38166525959968567,,,,,,,,,,,,
26,,,67639,4.0,0.9889000058174133,0.9418542981147766,0.026723967865109444,0.9547559022903442,0.92974853515625,4.3148274421691895,3.87146258354187,561.0,0.4166408181190491,,,,,,,,,,,,
26,,,67649,4.0,0.9815499782562256,0.8642751574516296,0.04511737450957298,0.8758739829063416,0.8534313440322876,5.124402046203613,4.879215717315674,331.0,0.20006893575191498,,,,,,,,,,,,
26,,,67659,4.0,0.9851999878883362,0.9120388031005859,0.034746669232845306,0.8999410271644592,0.9249817132949829,6.057228088378906,5.1738362312316895,260.0,0.8486451506614685,,,,,,,,,,,,
26,,,67669,4.0,0.9876999855041504,0.9371070265769958,0.03125350922346115,0.9343208074569702,0.9399340152740479,5.138675689697266,4.741672039031982,349.0,0.3657503128051758,,,,,,,,,,,,
26,,,67679,4.0,0.9693499803543091,0.8594694137573242,0.0670771449804306,0.9136897325515747,0.8193676471710205,6.454434394836426,5.6865034103393555,501.0,0.700853705406189,,,,,,,,,,,,
26,,,67689,4.0,0.9786499738693237,0.8969091176986694,0.050169337540864944,0.9374887943267822,0.8640424609184265,5.97470235824585,5.1316423416137695,571.0,0.7928906083106995,,,,,,,,,,,,
26,,,67699,4.0,0.958299994468689,0.8536640405654907,0.09956958144903183,0.9176429510116577,0.809516191482544,6.517642498016357,5.282289028167725,687.0,1.1357837915420532,,,,,,,,,,,,
26,,,67709,4.0,0.9717000126838684,0.8206894397735596,0.0622703917324543,0.8331407904624939,0.8092342615127563,6.695268630981445,6.395308017730713,533.0,0.23769037425518036,,,,,,,,,,,,
26,,,67719,4.0,0.990149974822998,0.9741272926330566,0.039540696889162064,0.9882820248603821,0.9610035419464111,4.210546493530273,3.658665895462036,1103.0,0.5123400688171387,,,,,,,,,,,,
26,,,67729,4.0,0.9900000095367432,0.9651758670806885,0.02287917770445347,0.9749935269355774,0.9558349847793579,3.746030569076538,3.524900197982788,860.0,0.19825118780136108,,,,,,,,,,,,
26,,,67739,4.0,0.9852499961853027,0.9153143167495728,0.03524819388985634,0.9082984924316406,0.922605037689209,5.5566511154174805,5.0978684425354,340.0,0.42353424429893494,,,,,,,,,,,,
26,,,67749,4.0,0.9912499785423279,0.9010767936706543,0.020922202616930008,0.870434582233429,0.9376046657562256,4.412239074707031,4.109079360961914,168.0,0.28223758935928345,,,,,,,,,,,,
26,,,67759,4.0,0.9750499725341797,0.8503342866897583,0.05483810976147652,0.8947697281837463,0.8157408237457275,5.298605918884277,4.763149738311768,375.0,0.48061811923980713,,,,,,,,,,,,
26,,,67769,4.0,0.9923499822616577,0.9623810052871704,0.020568236708641052,0.9638065099716187,0.9609652757644653,6.224417209625244,4.789257049560547,791.0,1.4145917892456055,,,,,,,,,,,,
26,,,67779,4.0,0.9889000058174133,0.9265903234481812,0.03354647383093834,0.9648282527923584,0.8946354985237122,4.988685131072998,4.757787704467773,329.0,0.19735115766525269,,,,,,,,,,,,
26,,,67789,4.0,0.989799976348877,0.9667691588401794,0.02540905401110649,0.9632571935653687,0.9703472852706909,3.893259286880493,3.531282901763916,913.0,0.33656740188598633,,,,,,,,,,,,
26,,,67799,4.0,0.982200026512146,0.8414382934570312,0.04358738660812378,0.8455017805099487,0.8374765515327454,6.2381744384765625,5.700428009033203,308.0,0.4941590428352356,,,,,,,,,,,,
26,,,67809,4.0,0.984749972820282,0.9146666526794434,0.03553730249404907,0.9078552722930908,0.9217382669448853,5.7799787521362305,5.250027179718018,432.0,0.4944141209125519,,,,,,,,,,,,
26,,,67819,4.0,0.9817000031471252,0.8662018775939941,0.04266272112727165,0.8971720337867737,0.8400665521621704,5.144128799438477,4.5547966957092285,289.0,0.5466695427894592,,,,,,,,,,,,
26,,,67829,4.0,0.9918000102043152,0.9827404618263245,0.020202649757266045,0.9843679666519165,0.9811288118362427,3.8226163387298584,3.4952595233917236,1138.0,0.3071540892124176,,,,,,,,,,,,
26,,,67839,4.0,0.9869999885559082,0.9624807834625244,0.03513181582093239,0.9511919021606445,0.9745196104049683,4.228158950805664,3.8251590728759766,858.0,0.3678680956363678,,,,,,,,,,,,
26,,,67849,4.0,0.9835000038146973,0.8707342147827148,0.03779815882444382,0.8696525692939758,0.8718228340148926,5.210840702056885,4.634784698486328,376.0,0.5382582545280457,,,,,,,,,,,,
26,,,67859,4.0,0.9908499717712402,0.9262082576751709,0.022846098989248276,0.9391651153564453,0.9140476584434509,4.646241188049316,4.343959331512451,277.0,0.2794356644153595,,,,,,,,,,,,
26,,,67869,4.0,0.9875500202178955,0.8833084106445312,0.03539144620299339,0.8985282778739929,0.8692792654037476,6.508011817932129,6.3586225509643555,310.0,0.1139979287981987,,,,,,,,,,,,
26,,,67879,4.0,0.9779499769210815,0.9292922019958496,0.05127086117863655,0.9345086812973022,0.9242289662361145,5.157783508300781,4.324838161468506,851.0,0.7816742062568665,,,,,,,,,,,,
26,,,67889,4.0,0.9782500267028809,0.919008731842041,0.05049894005060196,0.9573290944099426,0.8875926733016968,5.449224948883057,4.497956275939941,562.0,0.9007697105407715,,,,,,,,,,,,
26,,,67899,4.0,0.9916999936103821,0.9762885570526123,0.019348973408341408,0.9745416045188904,0.9780519604682922,3.694227457046509,3.2899513244628906,1019.0,0.38492727279663086,,,,,,,,,,,,
26,,,67909,4.0,0.9761999845504761,0.9419326186180115,0.06442953646183014,0.9349638223648071,0.9492162466049194,19.098424911499023,3.957080125808716,1088.0,15.07691478729248,,,,,,,,,,,,
26,,,67919,4.0,0.9904000163078308,0.9406222105026245,0.02326962910592556,0.9421250224113464,0.9391306638717651,5.1051788330078125,4.8782854080200195,435.0,0.20362380146980286,,,,,,,,,,,,
26,,,67929,4.0,0.9703500270843506,0.9339739084243774,0.06992834806442261,0.9132241010665894,0.958034873008728,5.357519149780273,4.888467788696289,889.0,0.3991229832172394,,,,,,,,,,,,
26,,,67939,4.0,0.9808499813079834,0.9178329706192017,0.047733452171087265,0.881101131439209,0.9640480279922485,5.338512420654297,5.118882179260254,917.0,0.17189687490463257,,,,,,,,,,,,
26,,,67949,4.0,0.9877499938011169,0.9576761722564697,0.03255174681544304,0.9602258801460266,0.9551604986190796,5.1939311027526855,4.680981636047363,1182.0,0.48039761185646057,,,,,,,,,,,,
26,,,67959,4.0,0.9889000058174133,0.8926295042037964,0.0266997292637825,0.8709695339202881,0.9171751737594604,4.185842514038086,3.762848377227783,189.0,0.396294504404068,,,,,,,,,,,,
26,,,67969,4.0,0.9811499714851379,0.8541373014450073,0.03980754688382149,0.8387898206710815,0.8710851669311523,6.296652793884277,6.0135931968688965,268.0,0.24325208365917206,,,,,,,,,,,,
26,,,67979,4.0,0.9829000234603882,0.9297088384628296,0.04094485938549042,0.9204244613647461,0.939489483833313,5.048745155334473,4.596043109893799,868.0,0.4117567837238312,,,,,,,,,,,,
26,,,67989,4.0,0.9876000285148621,0.9226905107498169,0.03219123184680939,0.9251205921173096,0.9202909469604492,4.282679080963135,3.79367733001709,645.0,0.45681053400039673,,,,,,,,,,,,
26,,,67999,4.0,0.975600004196167,0.9069125056266785,0.055212926119565964,0.912606954574585,0.9014027714729309,5.4071550369262695,4.984906196594238,497.0,0.3670361042022705,,,,,,,,,,,,
26,,,68009,4.0,0.989300012588501,0.9566361904144287,0.026105212047696114,0.9598751068115234,0.9534502029418945,4.3841233253479,3.9042036533355713,680.0,0.45381462574005127,,,,,,,,,,,,
26,,,68019,4.0,0.9915500283241272,0.969944953918457,0.022206000983715057,0.9723690748214722,0.9675503969192505,4.172050476074219,3.3741629123687744,1066.0,0.7756813764572144,,,,,,,,,,,,
26,,,68029,4.0,0.9876000285148621,0.8759607076644897,0.03147539496421814,0.9104112982749939,0.8471348285675049,4.590054512023926,4.0912699699401855,316.0,0.4673090875148773,,,,,,,,,,,,
26,,,68039,4.0,0.9881500005722046,0.9488861560821533,0.028349630534648895,0.9531756639480591,0.9446896314620972,4.306698799133301,3.8510918617248535,917.0,0.4272572994232178,,,,,,,,,,,,
26,,,68049,4.0,0.9888499975204468,0.796993613243103,0.026532623916864395,0.8574504256248474,0.7545084357261658,4.967692852020264,4.731882572174072,92.0,0.20927757024765015,,,,,,,,,,,,
26,,,68059,4.0,0.9795500040054321,0.8966185450553894,0.048791639506816864,0.8806847333908081,0.9141581058502197,5.75386381149292,4.799117565155029,416.0,0.9059549570083618,,,,,,,,,,,,
26,,,68069,4.0,0.9811999797821045,0.9211391806602478,0.0465322881937027,0.9124149084091187,0.93030846118927,5.642056465148926,5.009316444396973,878.0,0.586207926273346,,,,,,,,,,,,
26,,,68079,4.0,0.9881500005722046,0.9363332390785217,0.028966760262846947,0.9108480215072632,0.9656654596328735,3.8645851612091064,3.370849132537842,513.0,0.4647693634033203,,,,,,,,,,,,
26,,,68089,4.0,0.9901000261306763,0.9227795004844666,0.029235629364848137,0.9476644992828369,0.9007020592689514,5.619226932525635,5.141027450561523,363.0,0.448963463306427,,,,,,,,,,,,
26,,,68099,4.0,0.9763000011444092,0.9194513559341431,0.05624465271830559,0.9166010618209839,0.9223500490188599,6.119271278381348,4.9668684005737305,892.0,1.0961580276489258,,,,,,,,,,,,
26,,,68109,4.0,0.9829000234603882,0.8311878442764282,0.05370606854557991,0.8618370294570923,0.8056079745292664,6.4443206787109375,5.961657524108887,346.0,0.4289569854736328,,,,,,,,,,,,
26,,,68119,4.0,0.9859499931335449,0.9097708463668823,0.03280937299132347,0.9080859422683716,0.9114711880683899,4.432990550994873,4.069136619567871,377.0,0.3310447037220001,,,,,,,,,,,,
26,,,68129,4.0,0.9861500263214111,0.8378119468688965,0.0347895622253418,0.8483637571334839,0.8279141783714294,5.038207530975342,4.858706951141357,193.0,0.14471110701560974,,,,,,,,,,,,
26,,,68139,4.0,0.9801499843597412,0.8102492690086365,0.06423357129096985,0.9090667366981506,0.7516302466392517,6.425240993499756,6.057283401489258,350.0,0.30372384190559387,,,,,,,,,,,,
26,,,68149,4.0,0.991349995136261,0.9540159702301025,0.022208642214536667,0.9738613367080688,0.9359428882598877,4.9463043212890625,4.6743574142456055,446.0,0.24973797798156738,,,,,,,,,,,,
26,,,68159,4.0,0.9922500252723694,0.9744948148727417,0.0227145254611969,0.9906421899795532,0.9595893621444702,3.9152934551239014,3.512085437774658,1042.0,0.3804934620857239,,,,,,,,,,,,
26,,,68169,4.0,0.9927499890327454,0.9384599328041077,0.02030240371823311,0.9360275268554688,0.9409216642379761,4.473586082458496,4.03791618347168,264.0,0.41536763310432434,,,,,,,,,,,,
26,,,68179,4.0,0.9805999994277954,0.884323239326477,0.04279295727610588,0.8797844648361206,0.8889847993850708,4.971593856811523,4.317799091339111,448.0,0.6110017895698547,,,,,,,,,,,,
26,,,68189,4.0,0.9745500087738037,0.8734033703804016,0.06760866940021515,0.9151304960250854,0.8401920199394226,7.077757835388184,6.623037338256836,624.0,0.3871116638183594,,,,,,,,,,,,
26,,,68199,4.0,0.989549994468689,0.9562132358551025,0.0313420332968235,0.9617958068847656,0.9507852792739868,5.398293972015381,4.39785099029541,866.0,0.9691010117530823,,,,,,,,,,,,
26,,,68209,4.0,0.9840999841690063,0.9524157047271729,0.037162844091653824,0.9589402675628662,0.9461207389831543,4.753389835357666,3.937575578689575,1086.0,0.7786514759063721,,,,,,,,,,,,
26,,,68219,4.0,0.9829000234603882,0.9090516567230225,0.040712714195251465,0.896925687789917,0.9220471382141113,4.448562145233154,4.160892009735107,288.0,0.24695739150047302,,,,,,,,,,,,
26,,,68229,4.0,0.9811499714851379,0.9423593282699585,0.040842652320861816,0.9331745505332947,0.9520506858825684,4.6084136962890625,4.335195541381836,892.0,0.23237571120262146,,,,,,,,,,,,
26,,,68239,4.0,0.9861000180244446,0.9177443981170654,0.03136325627565384,0.9396834373474121,0.8980992436408997,5.867053508758545,5.3319597244262695,313.0,0.5037304759025574,,,,,,,,,,,,
26,,,68249,4.0,0.9890499711036682,0.9743120670318604,0.02968563511967659,0.9793575406074524,0.9694105386734009,4.44465970993042,4.141496658325195,825.0,0.2734777331352234,,,,,,,,,,,,
26,,,68259,4.0,0.9868999719619751,0.9157226085662842,0.032930728048086166,0.9070771932601929,0.9247829914093018,4.741034507751465,4.0141215324401855,551.0,0.6939820647239685,,,,,,,,,,,,
26,,,68269,4.0,0.9858999848365784,0.8815425038337708,0.032393455505371094,0.8721702098846436,0.8914389610290527,5.627047538757324,5.39241361618042,489.0,0.20224057137966156,,,,,,,,,,,,
26,,,68279,4.0,0.9821500182151794,0.9119128584861755,0.04428676515817642,0.8815118074417114,0.9484695196151733,4.814826488494873,4.481071472167969,370.0,0.28946807980537415,,,,,,,,,,,,
26,,,68289,4.0,0.9908499717712402,0.904949426651001,0.024999504908919334,0.9451572299003601,0.8717309236526489,4.983264923095703,4.423896789550781,328.0,0.5343684554100037,,,,,,,,,,,,
26,,,68299,4.0,0.987500011920929,0.9470617175102234,0.028784481808543205,0.9848407506942749,0.9154922962188721,4.134085655212402,3.8571927547454834,930.0,0.24810828268527985,,,,,,,,,,,,
26,,,68309,4.0,0.9865999817848206,0.9537163972854614,0.034435078501701355,0.953452467918396,0.9539808034896851,5.489621639251709,5.347133636474609,629.0,0.10805270075798035,,,,,,,,,,,,
26,,,68319,4.0,0.9849500060081482,0.905683696269989,0.040787775069475174,0.9423251152038574,0.8751438856124878,5.683610439300537,5.534953594207764,420.0,0.1078692078590393,,,,,,,,,,,,
26,,,68329,4.0,0.9857000112533569,0.865132212638855,0.0379595085978508,0.9608501195907593,0.8038215637207031,6.066845417022705,5.468745231628418,421.0,0.5601404905319214,,,,,,,,,,,,
26,,,68339,4.0,0.9829000234603882,0.9288945198059082,0.04203234985470772,0.9134162068367004,0.9458024501800537,4.614321231842041,4.15900993347168,727.0,0.4132792055606842,,,,,,,,,,,,
26,,,68349,4.0,0.986050009727478,0.9046586751937866,0.033286385238170624,0.9143614172935486,0.8954403400421143,5.902461528778076,5.238887786865234,325.0,0.6302873492240906,,,,,,,,,,,,
26,,,68359,4.0,0.9876999855041504,0.9576636552810669,0.034151967614889145,0.9725576043128967,0.943860650062561,4.525503635406494,4.141453742980957,831.0,0.3498977720737457,,,,,,,,,,,,
26,,,68369,4.0,0.9775500297546387,0.8884255886077881,0.05044038966298103,0.8639430999755859,0.9170340299606323,6.587775707244873,6.376555919647217,485.0,0.16077929735183716,,,,,,,,,,,,
26,,,68379,4.0,0.9920499920845032,0.9220278263092041,0.01848195493221283,0.8919427394866943,0.9574812054634094,4.575724124908447,4.275400161743164,221.0,0.28184232115745544,,,,,,,,,,,,
26,,,68389,4.0,0.9882000088691711,0.8234695792198181,0.02877913787961006,0.8612221479415894,0.7931234836578369,5.170075416564941,4.700676441192627,146.0,0.440620094537735,,,,,,,,,,,,
26,,,68399,4.0,0.9798499941825867,0.9527462124824524,0.04772483557462692,0.9582241773605347,0.9474467039108276,4.866275787353516,4.443412780761719,929.0,0.3751383423805237,,,,,,,,,,,,
26,,,68409,4.0,0.9835000038146973,0.9327043294906616,0.04294217750430107,0.950713038444519,0.9163000583648682,4.300072193145752,3.8767435550689697,686.0,0.3803861737251282,,,,,,,,,,,,
26,,,68419,4.0,0.982450008392334,0.8471271395683289,0.03910040110349655,0.8520371913909912,0.8423625230789185,4.80716609954834,4.493243217468262,282.0,0.2748229205608368,,,,,,,,,,,,
26,,,68429,4.0,0.9915500283241272,0.9439452886581421,0.024347612634301186,0.965974748134613,0.9240740537643433,4.539290904998779,4.243481636047363,268.0,0.2714615762233734,,,,,,,,,,,,
26,,,68439,4.0,0.9854999780654907,0.9420903921127319,0.033009275794029236,0.9654669761657715,0.9213035106658936,4.086613178253174,3.7268943786621094,864.0,0.32670968770980835,,,,,,,,,,,,
26,,,68449,4.0,0.9879500269889832,0.9058035612106323,0.02870137058198452,0.9170938730239868,0.8951543569564819,5.143590450286865,4.697633743286133,318.0,0.4172552525997162,,,,,,,,,,,,
26,,,68459,4.0,0.9877499938011169,0.9477918148040771,0.03191551938652992,0.9420356154441833,0.953725278377533,3.6300225257873535,3.3474366664886475,920.0,0.25067034363746643,,,,,,,,,,,,
26,,,68469,4.0,0.989300012588501,0.9607428312301636,0.026837054640054703,0.9766538143157959,0.9460451602935791,4.412979602813721,3.987133264541626,804.0,0.39900943636894226,,,,,,,,,,,,
26,,,68479,4.0,0.9873499870300293,0.9270667433738708,0.032985836267471313,0.9412250518798828,0.9138821959495544,4.2694621086120605,3.9398374557495117,391.0,0.2966385781764984,,,,,,,,,,,,
26,,,68489,4.0,0.9859499931335449,0.8941806554794312,0.03234119340777397,0.8906217813491821,0.897810697555542,5.020530700683594,4.642941474914551,283.0,0.34524840116500854,,,,,,,,,,,,
26,,,68499,4.0,0.9815499782562256,0.9254114627838135,0.042482130229473114,0.9196850061416626,0.9313256144523621,4.428900241851807,4.015718460083008,544.0,0.37069985270500183,,,,,,,,,,,,
26,,,68509,4.0,0.9896000027656555,0.9041354656219482,0.026250585913658142,0.8633596301078796,0.9561144709587097,4.872145652770996,4.068944454193115,171.0,0.7769507765769958,,,,,,,,,,,,
26,,,68519,4.0,0.9866999983787537,0.970378041267395,0.035532619804143906,0.9705336093902588,0.970222532749176,5.277235984802246,3.8580737113952637,1290.0,1.383629560470581,,,,,,,,,,,,
26,,,68529,4.0,0.989549994468689,0.8810871839523315,0.037888169288635254,0.9460331797599792,0.8333271741867065,5.193287372589111,4.615607261657715,247.0,0.5397922396659851,,,,,,,,,,,,
26,,,68539,4.0,0.9875500202178955,0.9449212551116943,0.031080136075615883,0.9471856355667114,0.942683219909668,6.608766555786133,5.609701156616211,726.0,0.9679850935935974,,,,,,,,,,,,
26,,,68549,4.0,0.9903500080108643,0.8314590454101562,0.023203665390610695,0.8589248657226562,0.8080247640609741,5.056946277618408,4.917602062225342,146.0,0.11614050716161728,,,,,,,,,,,,
26,,,68559,4.0,0.992900013923645,0.952640175819397,0.01977071911096573,0.9611631631851196,0.9444539546966553,4.867499351501465,4.309238433837891,313.0,0.5384902358055115,,,,,,,,,,,,
26,,,68569,4.0,0.9918000102043152,0.9539991617202759,0.022962339222431183,0.9507924318313599,0.9572572708129883,5.764951229095459,5.562134265899658,570.0,0.17985416948795319,,,,,,,,,,,,
26,,,68579,4.0,0.9828000068664551,0.9482723474502563,0.04179149493575096,0.955234944820404,0.9415727853775024,4.129037857055664,3.842517614364624,732.0,0.24472881853580475,,,,,,,,,,,,
26,,,68589,4.0,0.9868999719619751,0.8987042903900146,0.030394762754440308,0.9187213182449341,0.8806517124176025,5.341128349304199,4.507832050323486,475.0,0.802901566028595,,,,,,,,,,,,
26,,,68599,4.0,0.9907000064849854,0.9708806276321411,0.02298070304095745,0.9763091206550598,0.965603232383728,3.8145790100097656,3.348418712615967,946.0,0.4431796073913574,,,,,,,,,,,,
26,,,68609,4.0,0.9830999970436096,0.9335607290267944,0.0482105053961277,0.9658958911895752,0.9060782194137573,4.407739162445068,3.9744508266448975,908.0,0.3850780427455902,,,,,,,,,,,,
26,,,68619,4.0,0.9859499931335449,0.9653630256652832,0.04023882374167442,0.9654514789581299,0.9652745723724365,4.2342000007629395,3.895568370819092,993.0,0.2983928322792053,,,,,,,,,,,,
26,,,68629,4.0,0.9890999794006348,0.9161994457244873,0.030991490930318832,0.9423301815986633,0.8931950330734253,6.184777736663818,5.8559489250183105,525.0,0.29783716797828674,,,,,,,,,,,,
26,,,68639,4.0,0.9844499826431274,0.9436705112457275,0.037276383489370346,0.9446302056312561,0.9427157640457153,5.049413681030273,4.522158622741699,632.0,0.48997899889945984,,,,,,,,,,,,
26,,,68649,4.0,0.9846000075340271,0.9010428190231323,0.03892650082707405,0.8614123463630676,0.9517284631729126,3.704122543334961,3.4072787761688232,403.0,0.2579171359539032,,,,,,,,,,,,
26,,,68659,4.0,0.987500011920929,0.953703761100769,0.03229418024420738,0.9568888545036316,0.9505712985992432,4.394956588745117,3.789188861846924,1107.0,0.573473334312439,,,,,,,,,,,,
26,,,68669,4.0,0.991349995136261,0.9235236644744873,0.02252471074461937,0.9267230033874512,0.9203752279281616,3.982191324234009,3.679325580596924,279.0,0.28034108877182007,,,,,,,,,,,,
26,,,68679,4.0,0.9892500042915344,0.9473675489425659,0.026178918778896332,0.9559521675109863,0.9391416311264038,6.00689172744751,5.688028812408447,332.0,0.2926839292049408,,,,,,,,,,,,
26,,,68689,4.0,0.9819499850273132,0.9208853244781494,0.04385900869965553,0.9246517419815063,0.9171956777572632,4.315155506134033,3.9192070960998535,652.0,0.3520895540714264,,,,,,,,,,,,
26,,,68699,4.0,0.9770500063896179,0.9224649667739868,0.05413113906979561,0.8966764211654663,0.9528089165687561,5.954133033752441,5.015504837036133,646.0,0.8844972848892212,,,,,,,,,,,,
26,,,68709,4.0,0.9908999800682068,0.8842121362686157,0.024144787341356277,0.8697876930236816,0.8998699188232422,4.859523773193359,4.496885299682617,212.0,0.3384939730167389,,,,,,,,,,,,
26,,,68719,4.0,0.98580002784729,0.9044573307037354,0.02977304905653,0.9185335636138916,0.8913801908493042,4.335975646972656,4.19589376449585,347.0,0.11030843108892441,,,,,,,,,,,,
26,,,68729,4.0,0.986299991607666,0.9133973121643066,0.03183082118630409,0.90223228931427,0.9252702593803406,5.252011775970459,4.85402250289917,354.0,0.366158664226532,,,,,,,,,,,,
26,,,68739,4.0,0.9840999841690063,0.9486166834831238,0.0408942848443985,0.9587714672088623,0.9390003681182861,4.4555816650390625,3.9886813163757324,705.0,0.42600566148757935,,,,,,,,,,,,
26,,,68749,4.0,0.9892500042915344,0.9413324594497681,0.025307785719633102,0.964611291885376,0.9205127954483032,4.655956268310547,4.316647052764893,369.0,0.3140016198158264,,,,,,,,,,,,
26,,,68759,4.0,0.9910500049591064,0.9648981094360352,0.020603099837899208,0.9721094369888306,0.9579409956932068,4.077734470367432,3.576723575592041,884.0,0.4804076850414276,,,,,,,,,,,,
26,,,68769,4.0,0.9859499931335449,0.9346253871917725,0.032462842762470245,0.9337316155433655,0.935523509979248,3.723947525024414,3.43585467338562,847.0,0.25563013553619385,,,,,,,,,,,,
26,,,68779,4.0,0.9850999712944031,0.8883269429206848,0.03544749319553375,0.8960776329040527,0.8808988332748413,3.736572504043579,3.5596017837524414,282.0,0.141523078083992,,,,,,,,,,,,
26,,,68789,4.0,0.9868500232696533,0.9103527069091797,0.031494561582803726,0.9207092523574829,0.9005388021469116,4.9957356452941895,4.730662822723389,331.0,0.2335783690214157,,,,,,,,,,,,
26,,,68799,4.0,0.9908499717712402,0.9643548727035522,0.023104922845959663,0.9532906413078308,0.9760780334472656,4.229743003845215,3.758545398712158,820.0,0.44809266924858093,,,,,,,,,,,,
26,,,68809,4.0,0.9872000217437744,0.9521991014480591,0.03272051736712456,0.9656647443771362,0.9396264553070068,5.071260452270508,4.883453845977783,724.0,0.1550862342119217,,,,,,,,,,,,
26,,,68819,4.0,0.9790499806404114,0.9385449886322021,0.05461891368031502,0.9312869310379028,0.9461232423782349,5.899362564086914,5.4481120109558105,1341.0,0.3966318964958191,,,,,,,,,,,,
26,,,68829,4.0,0.9675999879837036,0.902511715888977,0.08477342873811722,0.9170000553131104,0.8892450332641602,6.187467575073242,5.826659679412842,1383.0,0.2760342061519623,,,,,,,,,,,,
26,,,68839,4.0,0.9871500134468079,0.9524226188659668,0.03148689493536949,0.9659080505371094,0.9398337602615356,4.516320705413818,4.172976970672607,865.0,0.31185662746429443,,,,,,,,,,,,
26,,,68849,4.0,0.990149974822998,0.9379146099090576,0.026179993525147438,0.9600973129272461,0.9179579019546509,5.355358600616455,4.881965637207031,380.0,0.4472131133079529,,,,,,,,,,,,
26,,,68859,4.0,0.9898999929428101,0.892423152923584,0.027657149359583855,0.9340059757232666,0.858461856842041,4.6759419441223145,4.452186584472656,184.0,0.19609834253787994,,,,,,,,,,,,
26,,,68869,4.0,0.9905499815940857,0.9675579071044922,0.02817259170114994,0.9704166650772095,0.9647409915924072,3.7072396278381348,3.350968599319458,903.0,0.3280985653400421,,,,,,,,,,,,
,8.323493733352077e-05,0.0008323493733352077,68877,,,,,,,,,,,,,,,,,,,,,,
27,,,68879,4.0,0.9876000285148621,0.9085936546325684,0.03069440834224224,0.8874555826187134,0.9324110150337219,5.8180623054504395,4.815210819244385,330.0,0.9721570611000061,,,,,,,,,,,,
27,,,68889,4.0,0.9871500134468079,0.9540453553199768,0.031207062304019928,0.9528090357780457,0.9552897810935974,4.729598522186279,4.3065924644470215,931.0,0.39179909229278564,,,,,,,,,,,,
27,,,68899,4.0,0.9853000044822693,0.8810001611709595,0.041104357689619064,0.8904887437820435,0.8719965219497681,6.030735015869141,5.667072772979736,400.0,0.3225576877593994,,,,,,,,,,,,
27,,,68909,4.0,0.9760500192642212,0.8970829248428345,0.053337402641773224,0.8769837617874146,0.91988605260849,4.919339656829834,4.597914218902588,366.0,0.26808780431747437,,,,,,,,,,,,
27,,,68919,4.0,0.9768499732017517,0.8475480079650879,0.05543767660856247,0.9261970520019531,0.7951893210411072,6.184168338775635,5.8015313148498535,589.0,0.32719939947128296,,,,,,,,,,,,
27,,,68929,4.0,0.9658499956130981,0.8826265931129456,0.10114455223083496,0.8897634744644165,0.8758044242858887,5.839614391326904,5.199603080749512,867.0,0.5388665199279785,,,,,,,,,,,,
27,,,68939,4.0,0.987500011920929,0.9053900241851807,0.03104626201093197,0.9383527040481567,0.8773713111877441,6.242999076843262,5.290741920471191,446.0,0.9212108254432678,,,,,,,,,,,,
27,,,68949,4.0,0.9830499887466431,0.9466379284858704,0.04464475065469742,0.9543498754501343,0.939244270324707,4.6002373695373535,3.9346494674682617,1122.0,0.6209431886672974,,,,,,,,,,,,
27,,,68959,4.0,0.9848999977111816,0.9154631495475769,0.03371991217136383,0.9175832271575928,0.9133670330047607,5.928934574127197,4.961118698120117,436.0,0.9340956807136536,,,,,,,,,,,,
27,,,68969,4.0,0.9706500172615051,0.8774677515029907,0.07053667306900024,0.9060481786727905,0.8532299995422363,4.600227355957031,4.26710844039917,909.0,0.26258227229118347,,,,,,,,,,,,
27,,,68979,4.0,0.9818000197410583,0.9135670065879822,0.056631531566381454,0.9496338367462158,0.8835145235061646,4.163527965545654,3.7452638149261475,883.0,0.36163267493247986,,,,,,,,,,,,
27,,,68989,4.0,0.9929999709129333,0.9234217405319214,0.01927049830555916,0.9164794683456421,0.9306128025054932,3.79378604888916,3.6023764610290527,225.0,0.1721392720937729,,,,,,,,,,,,
27,,,68999,4.0,0.9835500121116638,0.925778865814209,0.040079303085803986,0.9325093030929565,0.9192854166030884,5.686540603637695,5.131574630737305,737.0,0.5148866176605225,,,,,,,,,,,,
27,,,69009,4.0,0.977150022983551,0.9224509000778198,0.06374359875917435,0.9405715465545654,0.9060573577880859,5.97552490234375,5.665424346923828,863.0,0.246356800198555,,,,,,,,,,,,
27,,,69019,4.0,0.9873499870300293,0.8820606470108032,0.02795448899269104,0.9068933725357056,0.8602585792541504,5.340126991271973,5.134417533874512,169.0,0.17775504291057587,,,,,,,,,,,,
27,,,69029,4.0,0.9790999889373779,0.9127135276794434,0.047045666724443436,0.8858012557029724,0.9444921612739563,5.891680717468262,5.089041709899902,512.0,0.7555932402610779,,,,,,,,,,,,
27,,,69039,4.0,0.9927999973297119,0.9352099895477295,0.019905544817447662,0.9366922378540039,0.9337383508682251,4.459545135498047,4.064706325531006,354.0,0.37493327260017395,,,,,,,,,,,,
27,,,69049,4.0,0.9876499772071838,0.9353368282318115,0.030314398929476738,0.9392718076705933,0.9314804077148438,5.104001998901367,4.445217609405518,443.0,0.6284701228141785,,,,,,,,,,,,
27,,,69059,4.0,0.9833499789237976,0.9365416169166565,0.043572910130023956,0.9346933364868164,0.9384087324142456,4.333614826202393,3.9906628131866455,683.0,0.2993788421154022,,,,,,,,,,,,
27,,,69069,4.0,0.9803000092506409,0.9467167854309082,0.04633082449436188,0.9266856908798218,0.9694168567657471,4.6963582038879395,4.417715072631836,905.0,0.23231209814548492,,,,,,,,,,,,
27,,,69079,4.0,0.9903500080108643,0.9139659404754639,0.0256647951900959,0.9317895174026489,0.8976458311080933,5.65604305267334,4.880129814147949,353.0,0.7502484917640686,,,,,,,,,,,,
27,,,69089,4.0,0.9449999928474426,0.9176070094108582,0.13823926448822021,0.9270458221435547,0.9089878797531128,7.156357288360596,5.4350433349609375,1496.0,1.583074688911438,,,,,,,,,,,,
27,,,69099,4.0,0.9847999811172485,0.931061863899231,0.0372607558965683,0.9413480758666992,0.9213120937347412,5.716300010681152,5.292121410369873,510.0,0.38691791892051697,,,,,,,,,,,,
27,,,69109,4.0,0.9937499761581421,0.9812542796134949,0.016928812488913536,0.9856647253036499,0.9769429564476013,3.3928375244140625,3.1526262760162354,914.0,0.22328221797943115,,,,,,,,,,,,
27,,,69119,4.0,0.9897500276565552,0.9715845584869385,0.025711962953209877,0.9733702540397644,0.9698162078857422,4.379269599914551,4.031320571899414,974.0,0.3222369849681854,,,,,,,,,,,,
27,,,69129,4.0,0.9854999780654907,0.9417681097984314,0.03943188488483429,0.9615069627761841,0.9239073991775513,5.677124500274658,5.121776580810547,710.0,0.5159160494804382,,,,,,,,,,,,
27,,,69139,4.0,0.9919499754905701,0.9770607948303223,0.020514363422989845,0.9675620794296265,0.9870685338973999,4.067060947418213,3.7548654079437256,873.0,0.29168131947517395,,,,,,,,,,,,
27,,,69149,4.0,0.9908000230789185,0.9520331025123596,0.02198810875415802,0.9642585515975952,0.9405089616775513,3.664937734603882,3.2286224365234375,813.0,0.4143272340297699,,,,,,,,,,,,
27,,,69159,4.0,0.9926000237464905,0.9634660482406616,0.0205422081053257,0.9610285758972168,0.9659327268600464,3.9111688137054443,3.6800177097320557,714.0,0.21060894429683685,,,,,,,,,,,,
27,,,69169,4.0,0.9816499948501587,0.9041021466255188,0.04326464235782623,0.9330390691757202,0.8792033195495605,5.775240421295166,4.89723014831543,477.0,0.8347454071044922,,,,,,,,,,,,
27,,,69179,4.0,0.9793499708175659,0.9562750458717346,0.048241712152957916,0.9470824003219604,0.9660460948944092,4.267922401428223,3.675204277038574,1127.0,0.5444762706756592,,,,,,,,,,,,
27,,,69189,4.0,0.9856500029563904,0.8849664330482483,0.02929738536477089,0.8947556614875793,0.8756877183914185,6.733981609344482,6.219435691833496,257.0,0.4852485954761505,,,,,,,,,,,,
27,,,69199,4.0,0.9927999973297119,0.9352099895477295,0.019851287826895714,0.9330065250396729,0.9374374151229858,4.170135498046875,3.9382126331329346,233.0,0.21207161247730255,,,,,,,,,,,,
27,,,69209,4.0,0.981249988079071,0.8693764805793762,0.052813366055488586,0.8930797576904297,0.8486024141311646,5.134126663208008,4.909513473510742,287.0,0.1717996597290039,,,,,,,,,,,,
27,,,69219,4.0,0.9845499992370605,0.8707104921340942,0.03164125233888626,0.8946853876113892,0.8496735095977783,4.8271989822387695,4.5535969734191895,339.0,0.2419605702161789,,,,,,,,,,,,
27,,,69229,4.0,0.9746999740600586,0.8220234513282776,0.05777208134531975,0.8162649869918823,0.8280190229415894,6.246699333190918,5.690791130065918,295.0,0.4981362223625183,,,,,,,,,,,,
27,,,69239,4.0,0.9745500087738037,0.8826450705528259,0.058722157031297684,0.9009335041046143,0.8661817312240601,6.046001434326172,5.553153038024902,510.0,0.43412622809410095,,,,,,,,,,,,
27,,,69249,4.0,0.9850500226020813,0.9342195391654968,0.03400735929608345,0.9458194971084595,0.9232956171035767,4.754755973815918,4.362757682800293,859.0,0.35799068212509155,,,,,,,,,,,,
27,,,69259,4.0,0.9902499914169312,0.8949794769287109,0.02806021086871624,0.9105989336967468,0.8805661201477051,3.954625129699707,3.7447750568389893,231.0,0.18178988993167877,,,,,,,,,,,,
27,,,69269,4.0,0.9852499961853027,0.9566287994384766,0.04128540679812431,0.9482143521308899,0.9654564261436462,5.756128787994385,5.068424701690674,893.0,0.646418571472168,,,,,,,,,,,,
27,,,69279,4.0,0.9746500253677368,0.8783267736434937,0.06039753556251526,0.8648497462272644,0.8930097222328186,5.251913547515869,4.958471298217773,397.0,0.23304452002048492,,,,,,,,,,,,
27,,,69289,4.0,0.9868000149726868,0.9270617365837097,0.03432491421699524,0.9384993314743042,0.916271448135376,5.446361541748047,4.874904632568359,464.0,0.5371320247650146,,,,,,,,,,,,
27,,,69299,4.0,0.9896500110626221,0.9589623212814331,0.02697109617292881,0.9635798931121826,0.9544515609741211,4.078215599060059,3.70747709274292,886.0,0.3437672555446625,,,,,,,,,,,,
27,,,69309,4.0,0.9879999756813049,0.9600579142570496,0.028623361140489578,0.9657790064811707,0.9545058608055115,4.451148509979248,4.052977085113525,859.0,0.36954763531684875,,,,,,,,,,,,
27,,,69319,4.0,0.989549994468689,0.9237514734268188,0.024185769259929657,0.9322625398635864,0.9155963659286499,4.893292427062988,4.3748321533203125,250.0,0.4942748248577118,,,,,,,,,,,,
27,,,69329,4.0,0.9774500131607056,0.9370954036712646,0.0625242069363594,0.9508141279220581,0.9244112968444824,5.152133941650391,4.801253795623779,1206.0,0.28835558891296387,,,,,,,,,,,,
27,,,69339,4.0,0.9829000234603882,0.9028854370117188,0.03801663964986801,0.8889132738113403,0.9180341362953186,7.0253801345825195,5.472264289855957,341.0,1.5150991678237915,,,,,,,,,,,,
27,,,69349,4.0,0.9824000000953674,0.9169766902923584,0.037472061812877655,0.8898472189903259,0.9488704800605774,6.1199541091918945,5.685628414154053,627.0,0.396853506565094,,,,,,,,,,,,
27,,,69359,4.0,0.9860000014305115,0.9632948637008667,0.03667426481842995,0.9761673808097839,0.9513023495674133,4.73166036605835,4.370113849639893,1016.0,0.32487180829048157,,,,,,,,,,,,
27,,,69369,4.0,0.9858499765396118,0.9152123332023621,0.04259084165096283,0.9459192752838135,0.8888372182846069,4.956653594970703,4.675534725189209,365.0,0.23852838575839996,,,,,,,,,,,,
27,,,69379,4.0,0.984749972820282,0.963239848613739,0.03707054257392883,0.9606124758720398,0.9659086465835571,4.569769382476807,4.122684955596924,832.0,0.4100135564804077,,,,,,,,,,,,
27,,,69389,4.0,0.98580002784729,0.9191049337387085,0.03672563657164574,0.9217245578765869,0.9165213108062744,4.961541652679443,4.333444595336914,594.0,0.5913715362548828,,,,,,,,,,,,
27,,,69399,4.0,0.9765999913215637,0.9355436563491821,0.060848601162433624,0.9143946170806885,0.9597654342651367,5.5945539474487305,5.159550189971924,873.0,0.3741549849510193,,,,,,,,,,,,
27,,,69409,4.0,0.9892500042915344,0.9321633577346802,0.025717657059431076,0.9032095670700073,0.9661309719085693,3.6140012741088867,3.3557655811309814,385.0,0.23251798748970032,,,,,,,,,,,,
27,,,69419,4.0,0.987500011920929,0.872786283493042,0.034174565225839615,0.8958199620246887,0.8524287939071655,4.109508514404297,3.9292256832122803,200.0,0.14610834419727325,,,,,,,,,,,,
27,,,69429,4.0,0.9897500276565552,0.9557206630706787,0.027109259739518166,0.958326518535614,0.9531487822532654,4.21089506149292,3.9116384983062744,489.0,0.2721475064754486,,,,,,,,,,,,
27,,,69439,4.0,0.9842000007629395,0.9036911129951477,0.04439355432987213,0.9167411923408508,0.891514778137207,5.999931812286377,5.404669761657715,349.0,0.5508684515953064,,,,,,,,,,,,
27,,,69449,4.0,0.9897500276565552,0.9333878755569458,0.024661850184202194,0.9410467147827148,0.9260152578353882,4.964519500732422,4.671669006347656,539.0,0.2681887149810791,,,,,,,,,,,,
27,,,69459,4.0,0.9881500005722046,0.9169100522994995,0.02875331975519657,0.8773808479309082,0.9667568206787109,6.242835521697998,5.738886833190918,476.0,0.4751951992511749,,,,,,,,,,,,
27,,,69469,4.0,0.9896000027656555,0.8912122249603271,0.024682924151420593,0.8888919353485107,0.8935621380805969,4.991031646728516,4.549091815948486,280.0,0.41725680232048035,,,,,,,,,,,,
27,,,69479,4.0,0.9879999756813049,0.9182440042495728,0.027250252664089203,0.9387646317481995,0.8997135162353516,4.446263313293457,4.183290481567383,342.0,0.2357224076986313,,,,,,,,,,,,
27,,,69489,4.0,0.975849986076355,0.8842840790748596,0.05412009730935097,0.8727419376373291,0.8966841697692871,6.014317989349365,4.836218357086182,395.0,1.1239796876907349,,,,,,,,,,,,
27,,,69499,4.0,0.9879999756813049,0.8729586601257324,0.043832287192344666,0.9197715520858765,0.8359923362731934,5.926468849182129,5.508031368255615,351.0,0.3746052384376526,,,,,,,,,,,,
27,,,69509,4.0,0.9889000058174133,0.8741011023521423,0.027082299813628197,0.9068498015403748,0.8464643955230713,4.868819236755371,4.365636825561523,162.0,0.4761001169681549,,,,,,,,,,,,
27,,,69519,4.0,0.9879500269889832,0.8874562978744507,0.028457991778850555,0.8969299793243408,0.8784530162811279,4.873959541320801,4.653438568115234,222.0,0.19206303358078003,,,,,,,,,,,,
27,,,69529,4.0,0.9962000250816345,0.936943769454956,0.014484470710158348,0.9638572931289673,0.9130719900131226,4.03461217880249,3.912095785140991,208.0,0.10803203284740448,,,,,,,,,,,,
27,,,69539,4.0,0.9839000105857849,0.9501039981842041,0.03855716437101364,0.9398444890975952,0.9609841704368591,4.28903341293335,4.072622299194336,861.0,0.1778542548418045,,,,,,,,,,,,
27,,,69549,4.0,0.9890499711036682,0.9335873126983643,0.0259539857506752,0.9396887421607971,0.9276701211929321,4.535035133361816,4.212346076965332,366.0,0.2967352867126465,,,,,,,,,,,,
27,,,69559,4.0,0.986050009727478,0.8587120771408081,0.03306928649544716,0.9090312719345093,0.8199740648269653,5.280579566955566,5.080459117889404,240.0,0.16705138981342316,,,,,,,,,,,,
27,,,69569,4.0,0.9815499782562256,0.9527631998062134,0.0529182069003582,0.9361618161201477,0.9711698293685913,4.491398334503174,4.138057708740234,1126.0,0.3004220426082611,,,,,,,,,,,,
27,,,69579,4.0,0.9878000020980835,0.9140653610229492,0.02548053115606308,0.901526689529419,0.9274913668632507,4.288543701171875,4.043385982513428,280.0,0.2196771651506424,,,,,,,,,,,,
27,,,69589,4.0,0.9879000186920166,0.9598591327667236,0.03152722865343094,0.9674027562141418,0.9526070356369019,4.816999912261963,4.373973846435547,830.0,0.4114988148212433,,,,,,,,,,,,
27,,,69599,4.0,0.9827499985694885,0.8388897180557251,0.03727692738175392,0.8596035838127136,0.8205801248550415,5.001305103302002,4.496375560760498,233.0,0.4676526188850403,,,,,,,,,,,,
27,,,69609,4.0,0.9854999780654907,0.9653096199035645,0.03866790980100632,0.9568637609481812,0.9741983413696289,4.94118070602417,4.352061748504639,1479.0,0.5504512786865234,,,,,,,,,,,,
27,,,69619,4.0,0.9859499931335449,0.9689890146255493,0.036368586122989655,0.9712241888046265,0.966783881187439,4.370110511779785,4.028976917266846,906.0,0.304764986038208,,,,,,,,,,,,
27,,,69629,4.0,0.9888499975204468,0.9556381702423096,0.026169124990701675,0.953609824180603,0.9576880931854248,4.033515930175781,3.5944364070892334,945.0,0.4129102826118469,,,,,,,,,,,,
27,,,69639,4.0,0.98785001039505,0.9688804149627686,0.03206440061330795,0.9674795866012573,0.9702925086021423,4.738980770111084,4.450220108032227,803.0,0.2566961646080017,,,,,,,,,,,,
27,,,69649,4.0,0.9953500032424927,0.9592278003692627,0.021199537441134453,0.9811323881149292,0.9393473267555237,3.8762810230255127,3.3650784492492676,516.0,0.4900030493736267,,,,,,,,,,,,
27,,,69659,4.0,0.9761499762535095,0.919606626033783,0.052060551941394806,0.9474297165870667,0.8956888914108276,7.134862899780273,4.937748908996582,855.0,2.1450533866882324,,,,,,,,,,,,
27,,,69669,4.0,0.9836500287055969,0.8494208455085754,0.037832219153642654,0.8491172790527344,0.8497250080108643,4.266234874725342,4.018956661224365,238.0,0.20944572985172272,,,,,,,,,,,,
27,,,69679,4.0,0.9891499876976013,0.9556694030761719,0.025633899495005608,0.9640992879867554,0.9475893378257751,3.5754177570343018,3.3143599033355713,877.0,0.2354240119457245,,,,,,,,,,,,
27,,,69689,4.0,0.9815000295639038,0.8595812320709229,0.038948237895965576,0.843151867389679,0.8778293132781982,5.931897163391113,4.996053218841553,209.0,0.8968960642814636,,,,,,,,,,,,
27,,,69699,4.0,0.9735999703407288,0.9352245330810547,0.07331722229719162,0.9187136888504028,0.9536503553390503,5.236911296844482,4.40857458114624,1067.0,0.7550196647644043,,,,,,,,,,,,
27,,,69709,4.0,0.9883000254631042,0.9410926103591919,0.03572596609592438,0.9669501781463623,0.9182653427124023,5.586644172668457,3.914551258087158,821.0,1.636366605758667,,,,,,,,,,,,
27,,,69719,4.0,0.9753000140190125,0.9242998361587524,0.05380108207464218,0.9094117879867554,0.940636932849884,5.615808963775635,4.848850727081299,999.0,0.7131571173667908,,,,,,,,,,,,
27,,,69729,4.0,0.9782500267028809,0.8764133453369141,0.053925152868032455,0.8841602802276611,0.8690091371536255,5.785738468170166,5.339865684509277,325.0,0.3919479548931122,,,,,,,,,,,,
27,,,69739,4.0,0.9935500025749207,0.9701358675956726,0.017145434394478798,0.9765961170196533,0.9638723134994507,4.398431777954102,3.949050188064575,754.0,0.4322364330291748,,,,,,,,,,,,
27,,,69749,4.0,0.9883000254631042,0.9168272018432617,0.02969353087246418,0.9025492072105408,0.9322574734687805,4.474313735961914,4.159558296203613,259.0,0.2850619852542877,,,,,,,,,,,,
27,,,69759,4.0,0.9929500222206116,0.935408353805542,0.027395077049732208,0.965738832950592,0.9089993238449097,4.062020778656006,3.75338077545166,238.0,0.2812449038028717,,,,,,,,,,,,
27,,,69769,4.0,0.9829000234603882,0.8981482982635498,0.0401763841509819,0.8572003841400146,0.9512667655944824,5.625983238220215,5.268949031829834,322.0,0.31685784459114075,,,,,,,,,,,,
27,,,69779,4.0,0.9887499809265137,0.936921238899231,0.028357330709695816,0.9411864280700684,0.9327470064163208,5.356354713439941,5.072981834411621,339.0,0.25501549243927,,,,,,,,,,,,
27,,,69789,4.0,0.9903500080108643,0.891835629940033,0.029315972700715065,0.9573824405670166,0.8433980941772461,4.7414326667785645,4.55137300491333,327.0,0.16074353456497192,,,,,,,,,,,,
27,,,69799,4.0,0.9888499975204468,0.824298620223999,0.025272484868764877,0.8247939348220825,0.8238048553466797,3.7727370262145996,3.598076820373535,135.0,0.14938776195049286,,,,,,,,,,,,
27,,,69809,4.0,0.985450029373169,0.9525070190429688,0.03709477558732033,0.9458638429641724,0.9593995809555054,3.7376246452331543,3.296706199645996,927.0,0.403823584318161,,,,,,,,,,,,
27,,,69819,4.0,0.9864500164985657,0.9516593217849731,0.03299519792199135,0.9674701690673828,0.9370787143707275,4.043262004852295,3.6959221363067627,955.0,0.3143448233604431,,,,,,,,,,,,
27,,,69829,4.0,0.9796000123023987,0.9355250597000122,0.05338778719305992,0.9228068590164185,0.9492435455322266,6.185119152069092,5.483052730560303,837.0,0.6486787796020508,,,,,,,,,,,,
27,,,69839,4.0,0.9921500086784363,0.9682422280311584,0.01906738057732582,0.9768035411834717,0.9600321054458618,3.966719388961792,3.610044240951538,722.0,0.33760783076286316,,,,,,,,,,,,
27,,,69849,4.0,0.9825000166893005,0.9081557393074036,0.04264584183692932,0.8752503395080566,0.9484003782272339,5.36464786529541,4.878330230712891,375.0,0.4436715543270111,,,,,,,,,,,,
27,,,69859,4.0,0.9786499738693237,0.9092116355895996,0.05408225581049919,0.9324101209640503,0.888731837272644,4.872899055480957,4.222678184509277,771.0,0.5961387157440186,,,,,,,,,,,,
27,,,69869,4.0,0.9847000241279602,0.8953660726547241,0.04678187519311905,0.921627402305603,0.8724449276924133,4.888570785522461,4.564927101135254,458.0,0.27686190605163574,,,,,,,,,,,,
27,,,69879,4.0,0.9860000014305115,0.9689726829528809,0.036451954394578934,0.9700541496276855,0.9678982496261597,4.1267900466918945,3.691340446472168,1057.0,0.39899742603302,,,,,,,,,,,,
27,,,69889,4.0,0.9853000044822693,0.874521791934967,0.03299054130911827,0.9177267551422119,0.8399192094802856,5.957106590270996,4.882343769073486,280.0,1.0417726039886475,,,,,,,,,,,,
27,,,69899,4.0,0.9854999780654907,0.9023175239562988,0.04045636206865311,0.879348635673523,0.9285780191421509,5.329031467437744,4.769014835357666,355.0,0.5195602178573608,,,,,,,,,,,,
27,,,69909,4.0,0.9932500123977661,0.9643215537071228,0.01576886884868145,0.9782547950744629,0.9512667059898376,3.71846866607666,3.4858858585357666,867.0,0.21681399643421173,,,,,,,,,,,,
27,,,69919,4.0,0.9894000291824341,0.9276912212371826,0.025803597643971443,0.9603910446166992,0.899674654006958,4.756147861480713,4.404628753662109,363.0,0.32571545243263245,,,,,,,,,,,,
27,,,69929,4.0,0.9835500121116638,0.9198102951049805,0.04326650872826576,0.9214597940444946,0.9181755185127258,5.977738857269287,4.836947917938232,453.0,1.0975245237350464,,,,,,,,,,,,
27,,,69939,4.0,0.9875500202178955,0.9522992372512817,0.03024139441549778,0.9634923934936523,0.941726565361023,3.867367744445801,3.5985140800476074,842.0,0.23861224949359894,,,,,,,,,,,,
27,,,69949,4.0,0.9926999807357788,0.9327104091644287,0.022438978776335716,0.9557928442955017,0.9119843244552612,4.212088584899902,3.981722354888916,369.0,0.20792721211910248,,,,,,,,,,,,
27,,,69959,4.0,0.9868500232696533,0.9146436452865601,0.03627518564462662,0.9005844593048096,0.9298365116119385,4.339446544647217,4.127260684967041,515.0,0.1759105920791626,,,,,,,,,,,,
27,,,69969,4.0,0.9879999756813049,0.9302657842636108,0.029901565983891487,0.9231202006340027,0.937685489654541,6.031764984130859,4.474202632904053,627.0,1.527660608291626,,,,,,,,,,,,
27,,,69979,4.0,0.9779000282287598,0.8663320541381836,0.05127321928739548,0.8553757667541504,0.8780728578567505,4.643499851226807,4.386525630950928,402.0,0.20570090413093567,,,,,,,,,,,,
27,,,69989,4.0,0.9890499711036682,0.9620571732521057,0.025570884346961975,0.9651886224746704,0.9589762687683105,3.821695566177368,3.5441415309906006,756.0,0.25198307633399963,,,,,,,,,,,,
27,,,69999,4.0,0.9765499830245972,0.8907070159912109,0.05402794107794762,0.8500283360481262,0.9442811012268066,4.994828701019287,4.407595157623291,618.0,0.5332056283950806,,,,,,,,,,,,
27,,,70009,4.0,0.9807000160217285,0.8699812889099121,0.055961973965168,0.946004331111908,0.8176652193069458,6.21884822845459,5.81119441986084,342.0,0.35169172286987305,,,,,,,,,,,,
27,,,70019,4.0,0.9765499830245972,0.8750988245010376,0.05296120420098305,0.8637962341308594,0.8872311115264893,6.518022537231445,6.19906759262085,424.0,0.2659933567047119,,,,,,,,,,,,
27,,,70029,4.0,0.989799976348877,0.930594801902771,0.023901497945189476,0.9541056156158447,0.9095911979675293,4.846812725067139,4.564202785491943,443.0,0.2587084174156189,,,,,,,,,,,,
27,,,70039,4.0,0.9821000099182129,0.8946418762207031,0.04072938114404678,0.8875900506973267,0.9019867181777954,4.846302509307861,4.564927577972412,363.0,0.24064551293849945,,,,,,,,,,,,
27,,,70049,4.0,0.9850000143051147,0.8702958822250366,0.03129880502820015,0.9032845497131348,0.8426177501678467,5.150774002075195,4.772729873657227,283.0,0.34674566984176636,,,,,,,,,,,,
27,,,70059,4.0,0.9907000064849854,0.8608701229095459,0.021970508620142937,0.9042907953262329,0.8261592984199524,6.248061180114746,6.007880687713623,224.0,0.21821026504039764,,,,,,,,,,,,
27,,,70069,4.0,0.9894999861717224,0.9556957483291626,0.02532515488564968,0.9520353078842163,0.9594259262084961,4.343233108520508,3.774081230163574,875.0,0.5438266396522522,,,,,,,,,,,,
27,,,70079,4.0,0.9903500080108643,0.9740164279937744,0.02309397980570793,0.9737131595611572,0.9743202924728394,4.126184463500977,3.8226184844970703,931.0,0.2804718613624573,,,,,,,,,,,,
27,,,70089,4.0,0.9858999848365784,0.9073145389556885,0.0343487374484539,0.9237936735153198,0.8921821713447571,6.331303596496582,5.710331439971924,291.0,0.5866230130195618,,,,,,,,,,,,
27,,,70099,4.0,0.9851999878883362,0.8720252513885498,0.03289228677749634,0.8362483978271484,0.917145848274231,4.619601249694824,4.495361328125,224.0,0.09134748578071594,,,,,,,,,,,,
27,,,70109,4.0,0.9872000217437744,0.9680243730545044,0.035059235990047455,0.9676625728607178,0.9683868885040283,4.488917827606201,4.004448890686035,1077.0,0.4494096040725708,,,,,,,,,,,,
27,,,70119,4.0,0.9890999794006348,0.9199798107147217,0.03710584715008736,0.9577082991600037,0.8884128928184509,4.5978617668151855,4.392958164215088,247.0,0.1677975356578827,,,,,,,,,,,,
27,,,70129,4.0,0.986299991607666,0.9369038343429565,0.034391630440950394,0.9309455156326294,0.9430549144744873,5.729192733764648,5.438259601593018,373.0,0.2565416395664215,,,,,,,,,,,,
27,,,70139,4.0,0.9917500019073486,0.9648131132125854,0.01994895190000534,0.9846514463424683,0.9467607140541077,4.0413498878479,3.6332757472991943,837.0,0.38812536001205444,,,,,,,,,,,,
27,,,70149,4.0,0.9899500012397766,0.9114409685134888,0.027882779017090797,0.9436197280883789,0.8838791251182556,4.370845794677734,3.966291904449463,248.0,0.37667128443717957,,,,,,,,,,,,
27,,,70159,4.0,0.9872999787330627,0.9440546631813049,0.031692806631326675,0.9499923586845398,0.9382950663566589,5.746276378631592,5.387648105621338,551.0,0.3269350826740265,,,,,,,,,,,,
27,,,70169,4.0,0.9855999946594238,0.8938506245613098,0.03421030566096306,0.8655022382736206,0.9274698495864868,4.9891462326049805,4.627289295196533,268.0,0.32764649391174316,,,,,,,,,,,,
27,,,70179,4.0,0.9742000102996826,0.8514842987060547,0.07347792387008667,0.8884890079498291,0.8215789794921875,6.451695919036865,6.110649108886719,420.0,0.2675691545009613,,,,,,,,,,,,
27,,,70189,4.0,0.984499990940094,0.9548009634017944,0.037961725145578384,0.9620397090911865,0.9478442668914795,5.040399551391602,4.760236740112305,893.0,0.24220076203346252,,,,,,,,,,,,
27,,,70199,4.0,0.982450008392334,0.9437822103500366,0.04135483503341675,0.964083731174469,0.9255512952804565,4.546107292175293,4.064615249633789,774.0,0.4401375651359558,,,,,,,,,,,,
27,,,70209,4.0,0.9668999910354614,0.8914555907249451,0.08686454594135284,0.9163955450057983,0.8699420690536499,6.976105690002441,6.019372940063477,923.0,0.8698681592941284,,,,,,,,,,,,
27,,,70219,4.0,0.9937499761581421,0.9211493730545044,0.01539237517863512,0.9031316041946411,0.9409403204917908,3.471149444580078,3.1971075534820557,219.0,0.25864967703819275,,,,,,,,,,,,
27,,,70229,4.0,0.9769499897956848,0.8512705564498901,0.05792515352368355,0.8494064807891846,0.8531569242477417,5.534543991088867,5.159695148468018,295.0,0.31692376732826233,,,,,,,,,,,,
27,,,70239,4.0,0.9883000254631042,0.9153763055801392,0.02738097868859768,0.9187525510787964,0.9120587110519409,5.096072673797607,4.615537166595459,393.0,0.45315465331077576,,,,,,,,,,,,
27,,,70249,4.0,0.9695000052452087,0.8512554168701172,0.07158660888671875,0.874954104423523,0.830755352973938,6.9045090675354,6.2243547439575195,408.0,0.6085675358772278,,,,,,,,,,,,
27,,,70259,4.0,0.9863499999046326,0.9247633218765259,0.040832359343767166,0.9266793727874756,0.9228664636611938,5.306841850280762,4.741266250610352,386.0,0.5247429013252258,,,,,,,,,,,,
27,,,70269,4.0,0.9819999933242798,0.930921196937561,0.048454444855451584,0.9053003787994385,0.9607668519020081,5.088322639465332,4.7349162101745605,642.0,0.30495238304138184,,,,,,,,,,,,
27,,,70279,4.0,0.9822999835014343,0.9257533550262451,0.04134329780936241,0.9263778924942017,0.9251310229301453,6.102509498596191,5.715668678283691,554.0,0.34549766778945923,,,,,,,,,,,,
27,,,70289,4.0,0.9883999824523926,0.9573339819908142,0.034108538180589676,0.9682580828666687,0.9470000267028809,5.373292922973633,4.523349285125732,872.0,0.8158348798751831,,,,,,,,,,,,
27,,,70299,4.0,0.9928500056266785,0.8725276589393616,0.01973923109471798,0.8922650218009949,0.8547406196594238,3.4315738677978516,3.2599287033081055,199.0,0.1519061177968979,,,,,,,,,,,,
27,,,70309,4.0,0.9950500130653381,0.938881516456604,0.01248242799192667,0.926284909248352,0.9522836208343506,4.234472751617432,4.026928424835205,270.0,0.19506162405014038,,,,,,,,,,,,
27,,,70319,4.0,0.9828000068664551,0.9118905067443848,0.039512425661087036,0.870958685874939,0.9647374153137207,5.032677173614502,4.540988922119141,418.0,0.452175498008728,,,,,,,,,,,,
27,,,70329,4.0,0.9900500178337097,0.9279853105545044,0.03172982856631279,0.9413648843765259,0.9154571294784546,3.9026713371276855,3.54742693901062,518.0,0.32351452112197876,,,,,,,,,,,,
27,,,70339,4.0,0.9814500212669373,0.8965159058570862,0.04423895105719566,0.9578158855438232,0.8510215282440186,4.071890354156494,3.7618956565856934,703.0,0.2657557725906372,,,,,,,,,,,,
27,,,70349,4.0,0.9911500215530396,0.928084671497345,0.025519661605358124,0.956339955329895,0.9033437967300415,4.673494338989258,3.687659978866577,406.0,0.9603148698806763,,,,,,,,,,,,
27,,,70359,4.0,0.9879999756813049,0.9201515913009644,0.029332837089896202,0.9291185140609741,0.9115856885910034,4.647945880889893,4.494076251983643,321.0,0.1245369017124176,,,,,,,,,,,,
27,,,70369,4.0,0.9890499711036682,0.9561012983322144,0.028195541352033615,0.941321849822998,0.9720979928970337,4.1271071434021,3.736483573913574,701.0,0.3624280095100403,,,,,,,,,,,,
27,,,70379,4.0,0.9874500036239624,0.947983980178833,0.03033571131527424,0.9550668001174927,0.9411535263061523,3.780951738357544,3.46083927154541,863.0,0.2897767424583435,,,,,,,,,,,,
27,,,70389,4.0,0.9921500086784363,0.8394270539283752,0.0195874385535717,0.8814114332199097,0.8059799671173096,4.184617042541504,3.9918336868286133,135.0,0.17319583892822266,,,,,,,,,,,,
27,,,70399,4.0,0.9837499856948853,0.8582186698913574,0.0387759804725647,0.9040319323539734,0.822304368019104,5.250262260437012,4.712751865386963,324.0,0.4987345337867737,,,,,,,,,,,,
27,,,70409,4.0,0.9854000210762024,0.9546833038330078,0.03121696412563324,0.9610674381256104,0.9485155344009399,4.974564552307129,4.682271480560303,899.0,0.26107579469680786,,,,,,,,,,,,
27,,,70419,4.0,0.9794999957084656,0.9081994891166687,0.04528108611702919,0.9104694128036499,0.9059585332870483,5.564571857452393,5.083870887756348,539.0,0.4354201555252075,,,,,,,,,,,,
27,,,70429,4.0,0.9829000234603882,0.8611506223678589,0.04431498423218727,0.8730964660644531,0.8500038981437683,5.8043951988220215,5.168445110321045,357.0,0.5916352868080139,,,,,,,,,,,,
27,,,70439,4.0,0.9879000186920166,0.9723143577575684,0.031223803758621216,0.9741076827049255,0.970539927482605,5.174627304077148,4.404956340789795,1320.0,0.7384474277496338,,,,,,,,,,,,
27,,,70449,4.0,0.994350016117096,0.9731791019439697,0.021829726174473763,0.9887034893035889,0.9587327241897583,3.67044734954834,3.311296224594116,988.0,0.3373211920261383,,,,,,,,,,,,
27,,,70459,4.0,0.9820500016212463,0.860090970993042,0.03931911662220955,0.8577492833137512,0.8624663352966309,5.54656982421875,5.081668376922607,292.0,0.42558231949806213,,,,,,,,,,,,
27,,,70469,4.0,0.9910500049591064,0.9704482555389404,0.026406865566968918,0.9662153720855713,0.9747763872146606,4.060604095458984,3.6896817684173584,857.0,0.344515323638916,,,,,,,,,,,,
27,,,70479,4.0,0.9724500179290771,0.8964872360229492,0.08782569319009781,0.9077030420303345,0.8859872817993164,5.1211652755737305,4.71900749206543,558.0,0.31433194875717163,,,,,,,,,,,,
27,,,70489,4.0,0.9811499714851379,0.8420103192329407,0.03984377905726433,0.8107614517211914,0.8809731006622314,5.09940767288208,4.7539472579956055,220.0,0.30561667680740356,,,,,,,,,,,,
27,,,70499,4.0,0.986050009727478,0.9540402293205261,0.03576706722378731,0.9439620971679688,0.9646998643875122,4.536381721496582,4.196077823638916,554.0,0.30453699827194214,,,,,,,,,,,,
27,,,70509,4.0,0.9900000095367432,0.9572055339813232,0.026161562651395798,0.9695701599121094,0.9455705881118774,3.74885892868042,3.465742588043213,909.0,0.2569545805454254,,,,,,,,,,,,
27,,,70519,4.0,0.9876499772071838,0.9464865922927856,0.02878464013338089,0.9507757425308228,0.9422908425331116,5.044978618621826,4.671982765197754,581.0,0.34421107172966003,,,,,,,,,,,,
27,,,70529,4.0,0.9842000007629395,0.9331355094909668,0.03791743889451027,0.9610232710838318,0.9088903665542603,4.227971076965332,3.872102975845337,788.0,0.3179505169391632,,,,,,,,,,,,
27,,,70539,4.0,0.9778000116348267,0.8889276385307312,0.052194446325302124,0.8967623710632324,0.8814377784729004,7.3002824783325195,5.152761936187744,374.0,2.0953259468078613,,,,,,,,,,,,
27,,,70549,4.0,0.9902499914169312,0.9554766416549683,0.02687845192849636,0.9601256847381592,0.9509338140487671,5.184737205505371,5.039797782897949,624.0,0.11806082725524902,,,,,,,,,,,,
27,,,70559,4.0,0.9879000186920166,0.9238647222518921,0.029824942350387573,0.9539206027984619,0.8978743553161621,4.684518337249756,4.420760154724121,367.0,0.23393340408802032,,,,,,,,,,,,
27,,,70569,4.0,0.9850000143051147,0.8951631784439087,0.035081230103969574,0.8972201347351074,0.8931293487548828,5.277052879333496,4.832178115844727,322.0,0.4097931683063507,,,,,,,,,,,,
27,,,70579,4.0,0.9869999885559082,0.9592323303222656,0.03413523733615875,0.9483894109725952,0.9707521796226501,4.071124076843262,3.763864278793335,731.0,0.273124635219574,,,,,,,,,,,,
27,,,70589,4.0,0.9865000247955322,0.8694143295288086,0.03476707264780998,0.8490378260612488,0.8925117254257202,4.711156368255615,4.389052867889404,290.0,0.28733617067337036,,,,,,,,,,,,
27,,,70599,4.0,0.9850500226020813,0.9634357690811157,0.04040263593196869,0.9616155028343201,0.9652757048606873,4.375108242034912,3.874530553817749,1005.0,0.46017515659332275,,,,,,,,,,,,
27,,,70609,4.0,0.9885500073432922,0.9173509478569031,0.030052343383431435,0.9126558303833008,0.9221639633178711,5.16206693649292,4.7699666023254395,352.0,0.36204832792282104,,,,,,,,,,,,
27,,,70619,4.0,0.9804499745368958,0.9438258409500122,0.04248268902301788,0.9416768550872803,0.9460018277168274,4.4488844871521,4.137031555175781,945.0,0.26937010884284973,,,,,,,,,,,,
27,,,70629,4.0,0.9583500027656555,0.7920794486999512,0.09075699001550674,0.9079841375350952,0.7320194244384766,7.51003360748291,6.304096698760986,700.0,1.1151798963546753,,,,,,,,,,,,
27,,,70639,4.0,0.9918000102043152,0.8864985704421997,0.021667808294296265,0.9003989696502686,0.8735696077346802,4.802527904510498,4.535965919494629,149.0,0.24489425122737885,,,,,,,,,,,,
27,,,70649,4.0,0.9864000082015991,0.9332096576690674,0.032618287950754166,0.9370450973510742,0.9294500350952148,6.261232376098633,5.544034957885742,575.0,0.6845788359642029,,,,,,,,,,,,
27,,,70659,4.0,0.9855499863624573,0.8807632923126221,0.030299140140414238,0.9262998104095459,0.8445734977722168,5.3299055099487305,5.165757179260254,289.0,0.13384892046451569,,,,,,,,,,,,
27,,,70669,4.0,0.9904999732971191,0.8453437685966492,0.024896996095776558,0.9104490280151367,0.7985780239105225,5.584898948669434,5.263550281524658,179.0,0.2964518070220947,,,,,,,,,,,,
27,,,70679,4.0,0.9843500256538391,0.9225647449493408,0.036849647760391235,0.9154213666915894,0.9299941062927246,4.368362903594971,3.9580674171447754,333.0,0.37344568967819214,,,,,,,,,,,,
27,,,70689,4.0,0.9863499999046326,0.8446736335754395,0.030184518545866013,0.8488469123840332,0.8406047821044922,4.711891174316406,4.4296793937683105,220.0,0.25202715396881104,,,,,,,,,,,,
27,,,70699,4.0,0.9890499711036682,0.9458200931549072,0.0269779022783041,0.9694173336029053,0.9247527122497559,3.9483957290649414,3.6106488704681396,828.0,0.3107689321041107,,,,,,,,,,,,
27,,,70709,4.0,0.9742500185966492,0.8629798889160156,0.05652222782373428,0.8369400501251221,0.894099235534668,5.412265300750732,5.026968002319336,443.0,0.328775018453598,,,,,,,,,,,,
27,,,70719,4.0,0.98294997215271,0.8914016485214233,0.040053773671388626,0.8681016564369202,0.9182353615760803,4.0974016189575195,3.737311601638794,248.0,0.32003629207611084,,,,,,,,,,,,
27,,,70729,4.0,0.988099992275238,0.9562305212020874,0.031123824417591095,0.9579565525054932,0.9545199871063232,4.5348286628723145,4.095526695251465,507.0,0.4081782102584839,,,,,,,,,,,,
27,,,70739,4.0,0.9877499938011169,0.9047960042953491,0.034287575632333755,0.9268739223480225,0.8850498199462891,4.411217212677002,4.1069512367248535,306.0,0.2699786126613617,,,,,,,,,,,,
27,,,70749,4.0,0.9900000095367432,0.966339647769928,0.02733951061964035,0.9766093492507935,0.9565932154655457,4.232329845428467,3.9457590579986572,860.0,0.25923120975494385,,,,,,,,,,,,
27,,,70759,4.0,0.9851499795913696,0.8906084299087524,0.04636691138148308,0.9501231908798218,0.8459290266036987,6.569237232208252,6.45692777633667,451.0,0.06594298779964447,,,,,,,,,,,,
27,,,70769,4.0,0.9888499975204468,0.9180886149406433,0.03099174238741398,0.9024780988693237,0.9350775480270386,5.15476655960083,4.660298824310303,344.0,0.4634762406349182,,,,,,,,,,,,
27,,,70779,4.0,0.9825999736785889,0.9380553960800171,0.045050859451293945,0.9077837467193604,0.9744018316268921,8.269886016845703,5.228216648101807,725.0,2.9966177940368652,,,,,,,,,,,,
27,,,70789,4.0,0.9888499975204468,0.9340535402297974,0.03304775804281235,0.925582766532898,0.9429077506065369,4.9814934730529785,4.519044876098633,434.0,0.42940083146095276,,,,,,,,,,,,
27,,,70799,4.0,0.9899500012397766,0.9058031439781189,0.026713857427239418,0.9274581670761108,0.8863614797592163,4.877117156982422,4.573124408721924,205.0,0.27727869153022766,,,,,,,,,,,,
27,,,70809,4.0,0.9805999994277954,0.8966206312179565,0.04375253617763519,0.9000833034515381,0.8932249546051025,5.980988502502441,5.097995758056641,376.0,0.8392400145530701,,,,,,,,,,,,
27,,,70819,4.0,0.9861999750137329,0.953912615776062,0.03386107087135315,0.9580177068710327,0.9498963952064514,4.636013031005859,4.464670658111572,851.0,0.13748127222061157,,,,,,,,,,,,
27,,,70829,4.0,0.9820500016212463,0.9299321174621582,0.03992963954806328,0.9492912292480469,0.9124414920806885,4.462455749511719,4.1858229637146,822.0,0.23670290410518646,,,,,,,,,,,,
27,,,70839,4.0,0.9896000027656555,0.9096308350563049,0.026423677802085876,0.9455165863037109,0.8794205188751221,4.309492588043213,3.9331228733062744,308.0,0.3499460220336914,,,,,,,,,,,,
27,,,70849,4.0,0.9869999885559082,0.8838064074516296,0.030232656747102737,0.9372798204421997,0.8426372408866882,4.695569038391113,4.46959114074707,268.0,0.19574543833732605,,,,,,,,,,,,
27,,,70859,4.0,0.9849500060081482,0.9229395389556885,0.03854937106370926,0.9246962070465088,0.9211993217468262,5.060332775115967,4.40316915512085,585.0,0.6186140179634094,,,,,,,,,,,,
27,,,70869,4.0,0.9795500040054321,0.9265537261962891,0.04852474108338356,0.9352196455001831,0.9182936549186707,5.213298320770264,4.6167988777160645,958.0,0.5479744672775269,,,,,,,,,,,,
27,,,70879,4.0,0.9871000051498413,0.8787684440612793,0.02963409759104252,0.9055453538894653,0.8555075526237488,6.433193206787109,6.104859352111816,315.0,0.2987000644207001,,,,,,,,,,,,
27,,,70889,4.0,0.9891499876976013,0.9000743627548218,0.02976434864103794,0.9396829605102539,0.8673826456069946,5.108954429626465,4.461548328399658,326.0,0.617641806602478,,,,,,,,,,,,
27,,,70899,4.0,0.9879500269889832,0.9372620582580566,0.029821492731571198,0.9346199035644531,0.9399405717849731,4.3341474533081055,3.969931125640869,366.0,0.334395170211792,,,,,,,,,,,,
27,,,70909,4.0,0.985450029373169,0.9128154516220093,0.03732997179031372,0.9116899967193604,0.9139478206634521,5.021182060241699,4.4077582359313965,444.0,0.5760937333106995,,,,,,,,,,,,
27,,,70919,4.0,0.98089998960495,0.8921936750411987,0.04377485811710358,0.9094710350036621,0.876471221446991,5.620545864105225,5.123564720153809,481.0,0.4532061815261841,,,,,,,,,,,,
27,,,70929,4.0,0.9829999804496765,0.9277900457382202,0.035473939031362534,0.9332728981971741,0.9224664568901062,3.930950403213501,3.6484482288360596,926.0,0.2470284104347229,,,,,,,,,,,,
27,,,70939,4.0,0.9817000031471252,0.9353582859039307,0.04019445925951004,0.9317492246627808,0.9390414953231812,4.7194671630859375,3.911890745162964,980.0,0.7673816680908203,,,,,,,,,,,,
27,,,70949,4.0,0.984250009059906,0.9326238632202148,0.04004849120974541,0.9160654544830322,0.9508028030395508,5.729372978210449,4.3574323654174805,753.0,1.3318917751312256,,,,,,,,,,,,
27,,,70959,4.0,0.9882500171661377,0.9468579292297363,0.026953479275107384,0.9359375834465027,0.9584289193153381,3.4628021717071533,3.237020969390869,895.0,0.1988278329372406,,,,,,,,,,,,
27,,,70969,4.0,0.9846500158309937,0.9427312016487122,0.0345064140856266,0.9400655031204224,0.9454358220100403,3.6746740341186523,3.4690775871276855,568.0,0.17109021544456482,,,,,,,,,,,,
27,,,70979,4.0,0.9836999773979187,0.8486969470977783,0.03527958318591118,0.897956132888794,0.810901403427124,4.892385005950928,4.618300437927246,188.0,0.23880481719970703,,,,,,,,,,,,
27,,,70989,4.0,0.9875500202178955,0.793074905872345,0.03158992901444435,0.9042189121246338,0.7310314178466797,5.554811000823975,5.203266620635986,165.0,0.3199543356895447,,,,,,,,,,,,
27,,,70999,4.0,0.987500011920929,0.8765992522239685,0.032345451414585114,0.9273563623428345,0.8371684551239014,4.567840099334717,4.198200702667236,285.0,0.3372941315174103,,,,,,,,,,,,
27,,,71009,4.0,0.9754999876022339,0.854230523109436,0.05927452817559242,0.8434621095657349,0.865787148475647,5.439596176147461,5.172646999359131,366.0,0.2076745629310608,,,,,,,,,,,,
27,,,71019,4.0,0.9917500019073486,0.9644143581390381,0.019824249669909477,0.9739400148391724,0.9553202986717224,3.8775875568389893,3.574596643447876,769.0,0.28316670656204224,,,,,,,,,,,,
27,,,71029,4.0,0.98580002784729,0.9200962781906128,0.03405635803937912,0.8956537246704102,0.9481956958770752,5.012118339538574,4.348547458648682,253.0,0.6295146942138672,,,,,,,,,,,,
27,,,71039,4.0,0.9901000261306763,0.9527448415756226,0.023709669709205627,0.9621864557266235,0.9437317252159119,3.6767570972442627,3.396815538406372,752.0,0.25623178482055664,,,,,,,,,,,,
27,,,71049,4.0,0.9904500246047974,0.957816481590271,0.02574809268116951,0.9569291472434998,0.9587078094482422,4.63381814956665,4.080658912658691,768.0,0.5274109244346619,,,,,,,,,,,,
27,,,71059,4.0,0.9849500060081482,0.9438862800598145,0.048606522381305695,0.9646605253219604,0.9252017736434937,7.007746696472168,5.740795135498047,856.0,1.2183451652526855,,,,,,,,,,,,
27,,,71069,4.0,0.9872999787330627,0.9178098440170288,0.03177367150783539,0.9223384857177734,0.9133867621421814,4.759428024291992,4.392908573150635,324.0,0.3347461223602295,,,,,,,,,,,,
27,,,71079,4.0,0.9764000177383423,0.8680101037025452,0.049467481672763824,0.9316421747207642,0.822241485118866,6.264244556427002,5.682008266448975,388.0,0.5327688455581665,,,,,,,,,,,,
27,,,71089,4.0,0.9850000143051147,0.8802050352096558,0.034441009163856506,0.9391940236091614,0.8360525965690613,6.237722396850586,5.953949451446533,463.0,0.24933180212974548,,,,,,,,,,,,
27,,,71099,4.0,0.9786999821662903,0.8850594758987427,0.05076177045702934,0.9517727494239807,0.8371293544769287,6.59586763381958,5.301698684692383,525.0,1.2434072494506836,,,,,,,,,,,,
27,,,71109,4.0,0.981249988079071,0.9529328346252441,0.04269570857286453,0.93915194272995,0.9679455757141113,4.295814514160156,3.573688507080078,794.0,0.6794304847717285,,,,,,,,,,,,
27,,,71119,4.0,0.9844499826431274,0.951967716217041,0.04193435236811638,0.9656693339347839,0.9392328262329102,6.455499649047852,6.0735650062561035,1308.0,0.3400003910064697,,,,,,,,,,,,
27,,,71129,4.0,0.9907500147819519,0.943585216999054,0.02122945338487625,0.9399086833000183,0.9473302364349365,5.0263214111328125,4.552897930145264,478.0,0.45219406485557556,,,,,,,,,,,,
27,,,71139,4.0,0.9747499823570251,0.8639429807662964,0.06873130798339844,0.8721094131469727,0.8561724424362183,6.122539520263672,5.466907501220703,476.0,0.586900532245636,,,,,,,,,,,,
27,,,71149,4.0,0.9818500280380249,0.9254194498062134,0.04392428323626518,0.9210628271102905,0.9298834204673767,4.983394622802734,4.808723449707031,490.0,0.1307467520236969,,,,,,,,,,,,
27,,,71159,4.0,0.984000027179718,0.9195154905319214,0.05337727069854736,0.9316093921661377,0.9081649780273438,6.683345317840576,6.155828475952148,545.0,0.4741398096084595,,,,,,,,,,,,
27,,,71169,4.0,0.9731000065803528,0.8829509615898132,0.05941273644566536,0.8387885093688965,0.9434809684753418,4.858528137207031,4.493748188018799,552.0,0.3053668737411499,,,,,,,,,,,,
27,,,71179,4.0,0.9876000285148621,0.9675298929214478,0.034177884459495544,0.9665700197219849,0.9684950113296509,5.277108669281006,4.791497230529785,885.0,0.45143377780914307,,,,,,,,,,,,
27,,,71189,4.0,0.9848999977111816,0.9292436838150024,0.03755678981542587,0.9335744380950928,0.9250108003616333,4.598020076751709,4.111380100250244,633.0,0.4490833878517151,,,,,,,,,,,,
27,,,71199,4.0,0.9782999753952026,0.7585777044296265,0.05767560377717018,0.9300521612167358,0.6878121495246887,4.951406955718994,4.625196933746338,238.0,0.2685341238975525,,,,,,,,,,,,
27,,,71209,4.0,0.991599977016449,0.9785066843032837,0.02002873457968235,0.9769842028617859,0.9800422191619873,3.684431552886963,3.3743813037872314,934.0,0.2900213301181793,,,,,,,,,,,,
27,,,71219,4.0,0.9896000027656555,0.9393713474273682,0.027070200070738792,0.9280486106872559,0.9513815641403198,4.687257289886475,4.320190906524658,484.0,0.3399962782859802,,,,,,,,,,,,
27,,,71229,4.0,0.9887999892234802,0.9268202781677246,0.026855194941163063,0.959653377532959,0.8987325429916382,4.578657627105713,3.9663679599761963,454.0,0.58543461561203,,,,,,,,,,,,
27,,,71239,4.0,0.9897000193595886,0.8257191181182861,0.03205838054418564,0.8235952258110046,0.8278721570968628,4.448981761932373,4.121432304382324,118.0,0.2954912483692169,,,,,,,,,,,,
27,,,71249,4.0,0.9843500256538391,0.8835988640785217,0.044133804738521576,0.8807030916213989,0.8865431547164917,6.280118465423584,5.850955486297607,527.0,0.38502952456474304,,,,,,,,,,,,
27,,,71259,4.0,0.9887499809265137,0.9595955610275269,0.026448160409927368,0.9561220407485962,0.9631332755088806,4.2358622550964355,3.956925630569458,850.0,0.2524883449077606,,,,,,,,,,,,
27,,,71269,4.0,0.9819999933242798,0.9112899303436279,0.0457301065325737,0.8987159132957458,0.9248069524765015,4.807433605194092,4.446168899536133,391.0,0.3155345022678375,,,,,,,,,,,,
27,,,71279,4.0,0.9835000038146973,0.9176672697067261,0.03932502493262291,0.8959329724311829,0.9423207640647888,4.44121789932251,4.04791784286499,679.0,0.3539746105670929,,,,,,,,,,,,
27,,,71289,4.0,0.9894999861717224,0.9757246971130371,0.026021914556622505,0.9770554900169373,0.9744042158126831,4.061479568481445,3.5710558891296387,1003.0,0.46440157294273376,,,,,,,,,,,,
27,,,71299,4.0,0.9814500212669373,0.9456110596656799,0.04332965239882469,0.9444482922554016,0.946781575679779,4.606186866760254,4.036629676818848,814.0,0.5262272357940674,,,,,,,,,,,,
27,,,71309,4.0,0.9872000217437744,0.9337600469589233,0.035443615168333054,0.961880087852478,0.9092304706573486,4.985339641571045,3.99169921875,649.0,0.9581965804100037,,,,,,,,,,,,
27,,,71319,4.0,0.9811000227928162,0.9007143974304199,0.06203924119472504,0.921569287776947,0.8820580840110779,4.927962303161621,4.5365376472473145,385.0,0.3293854296207428,,,,,,,,,,,,
27,,,71329,4.0,0.9825500249862671,0.8961200714111328,0.03982323780655861,0.8752696514129639,0.919741153717041,5.760857105255127,5.387526988983154,394.0,0.33350685238838196,,,,,,,,,,,,
27,,,71339,4.0,0.9820500016212463,0.8987364768981934,0.04181000217795372,0.8803585767745972,0.9192332625389099,5.172082901000977,4.7226033210754395,288.0,0.4076693058013916,,,,,,,,,,,,
27,,,71349,4.0,0.9816499948501587,0.8948646187782288,0.04488714784383774,0.8988137245178223,0.8910020589828491,4.77072811126709,4.379340171813965,475.0,0.3465009033679962,,,,,,,,,,,,
27,,,71359,4.0,0.9807999730110168,0.9533131122589111,0.050095558166503906,0.9381461143493652,0.9700077772140503,4.350831031799316,3.904327392578125,925.0,0.39640793204307556,,,,,,,,,,,,
27,,,71369,4.0,0.9732499718666077,0.9320286512374878,0.06774845719337463,0.9359224438667297,0.9282274842262268,5.996346950531006,5.57826042175293,1393.0,0.35033804178237915,,,,,,,,,,,,
27,,,71379,4.0,0.96875,0.8740177750587463,0.06711176782846451,0.8728454113006592,0.8751989603042603,6.443315029144287,5.921104431152344,483.0,0.45509859919548035,,,,,,,,,,,,
27,,,71389,4.0,0.9898999929428101,0.9550551176071167,0.033068690448999405,0.9483941197395325,0.9619486331939697,4.143470764160156,3.644531726837158,1055.0,0.46587038040161133,,,,,,,,,,,,
27,,,71399,4.0,0.9882500171661377,0.9471530914306641,0.03109883703291416,0.945563554763794,0.9487558603286743,4.8715057373046875,4.486169338226318,561.0,0.35423755645751953,,,,,,,,,,,,
27,,,71409,4.0,0.9798499941825867,0.9451578855514526,0.05728347599506378,0.951538622379303,0.9390077590942383,6.58665657043457,4.9683918952941895,1394.0,1.5609815120697021,,,,,,,,,,,,
27,,,71419,4.0,0.9902999997138977,0.7538320422172546,0.028059642761945724,0.855277419090271,0.698205828666687,3.927706003189087,3.690232038497925,95.0,0.20941434800624847,,,,,,,,,,,,
,8.205248749256015e-05,0.0008205248749256015,71428,,,,,,,,,,,,,,,,,,,,,,
28,,,71429,4.0,0.984000027179718,0.955196738243103,0.037920787930488586,0.9633522629737854,0.9474018812179565,5.5331854820251465,5.236032009124756,886.0,0.25923264026641846,,,,,,,,,,,,
28,,,71439,4.0,0.9872499704360962,0.9439862966537476,0.03209126368165016,0.9427900314331055,0.9451899528503418,4.4896745681762695,4.212821960449219,671.0,0.24476167559623718,,,,,,,,,,,,
28,,,71449,4.0,0.9771999716758728,0.904360294342041,0.051362812519073486,0.8999761343002319,0.9088590145111084,5.58527135848999,4.95171594619751,401.0,0.5821923017501831,,,,,,,,,,,,
28,,,71459,4.0,0.9817500114440918,0.8808279633522034,0.04164582118391991,0.859574019908905,0.9050709009170532,5.251783847808838,4.5313191413879395,272.0,0.6788187026977539,,,,,,,,,,,,
28,,,71469,4.0,0.9898999929428101,0.9670592546463013,0.02956523187458515,0.9675672650337219,0.9665524959564209,5.441646099090576,5.142604827880859,600.0,0.26947611570358276,,,,,,,,,,,,
28,,,71479,4.0,0.9833499789237976,0.9514130353927612,0.041097771376371384,0.9313726425170898,0.9740113615989685,4.638542652130127,4.416682720184326,1068.0,0.18076248466968536,,,,,,,,,,,,
28,,,71489,4.0,0.9808499813079834,0.9323760271072388,0.04836161807179451,0.9127187132835388,0.9544704556465149,4.222234725952148,4.028248310089111,683.0,0.14562468230724335,,,,,,,,,,,,
28,,,71499,4.0,0.9882000088691711,0.9513208866119385,0.031314823776483536,0.9592591524124146,0.9436960220336914,5.635896682739258,5.364918231964111,729.0,0.23966380953788757,,,,,,,,,,,,
28,,,71509,4.0,0.977400004863739,0.9220304489135742,0.05251968279480934,0.9475823640823364,0.8997745513916016,5.356989860534668,4.946887969970703,633.0,0.3575819134712219,,,,,,,,,,,,
28,,,71519,4.0,0.9786999821662903,0.8584426641464233,0.049855154007673264,0.8983654975891113,0.8264120817184448,5.218246936798096,4.986417770385742,443.0,0.18197393417358398,,,,,,,,,,,,
28,,,71529,4.0,0.9857500195503235,0.923289954662323,0.03375140205025673,0.9393677711486816,0.9084774255752563,4.884522438049316,4.472529888153076,523.0,0.3782409131526947,,,,,,,,,,,,
28,,,71539,4.0,0.9930999875068665,0.9387407302856445,0.02081109583377838,0.9579432606697083,0.9211797714233398,5.738400459289551,4.214190483093262,510.0,1.5033988952636719,,,,,,,,,,,,
28,,,71549,4.0,0.9904999732971191,0.9667803049087524,0.024565696716308594,0.960538387298584,0.9732304811477661,3.615787982940674,3.3164098262786865,915.0,0.2748124599456787,,,,,,,,,,,,
28,,,71559,4.0,0.9814000129699707,0.9355679750442505,0.052497874945402145,0.9061627984046936,0.9707614779472351,4.662013053894043,4.367111682891846,891.0,0.24240337312221527,,,,,,,,,,,,
28,,,71569,4.0,0.993149995803833,0.9795646667480469,0.015549606643617153,0.9829777479171753,0.976211667060852,3.729217767715454,3.3587453365325928,888.0,0.3549228608608246,,,,,,,,,,,,
28,,,71579,4.0,0.985450029373169,0.9578993320465088,0.03789988532662392,0.9520998001098633,0.9638925194740295,4.562934875488281,4.139575481414795,823.0,0.3854592740535736,,,,,,,,,,,,
28,,,71589,4.0,0.9922500252723694,0.960499107837677,0.019559169188141823,0.982914924621582,0.9403001070022583,3.6140682697296143,3.379563570022583,871.0,0.21494564414024353,,,,,,,,,,,,
28,,,71599,4.0,0.9882000088691711,0.9482995271682739,0.028626538813114166,0.9469239711761475,0.9496848583221436,3.9224722385406494,3.5339417457580566,721.0,0.35990414023399353,,,,,,,,,,,,
28,,,71609,4.0,0.9898999929428101,0.8318620920181274,0.025408441200852394,0.8946388959884644,0.7868121862411499,5.16777229309082,4.89310884475708,130.0,0.24925518035888672,,,,,,,,,,,,
28,,,71619,4.0,0.9881500005722046,0.9173393249511719,0.026955654844641685,0.9030740857124329,0.9327554106712341,4.49765157699585,4.266231060028076,238.0,0.20446470379829407,,,,,,,,,,,,
28,,,71629,4.0,0.9866499900817871,0.9224616885185242,0.033369798213243484,0.9551880359649658,0.8945508003234863,4.348158836364746,3.953618049621582,617.0,0.36117100715637207,,,,,,,,,,,,
28,,,71639,4.0,0.9861000180244446,0.8973957300186157,0.033899448812007904,0.9069105982780457,0.8883522748947144,5.885767936706543,5.3046698570251465,274.0,0.5471986532211304,,,,,,,,,,,,
28,,,71649,4.0,0.98294997215271,0.9542279839515686,0.0417061448097229,0.9584319591522217,0.95012366771698,4.771259307861328,4.337440490722656,937.0,0.3921128511428833,,,,,,,,,,,,
28,,,71659,4.0,0.9868000149726868,0.949508786201477,0.03486223891377449,0.9366624355316162,0.9632900953292847,4.180561542510986,3.8838388919830322,903.0,0.2618601620197296,,,,,,,,,,,,
28,,,71669,4.0,0.9805999994277954,0.9535527229309082,0.04963273927569389,0.9494611024856567,0.9577486515045166,5.327037811279297,4.793275356292725,1082.0,0.48412981629371643,,,,,,,,,,,,
28,,,71679,4.0,0.9811999797821045,0.950049638748169,0.05314606800675392,0.9424788951873779,0.9579719305038452,4.858330249786377,4.38470983505249,1093.0,0.4204745888710022,,,,,,,,,,,,
28,,,71689,4.0,0.9840999841690063,0.8794862031936646,0.03695899248123169,0.9731009006500244,0.8185755610466003,6.475222110748291,5.819520473480225,355.0,0.6187426447868347,,,,,,,,,,,,
28,,,71699,4.0,0.9779999852180481,0.901869535446167,0.05302571877837181,0.9254741668701172,0.8811004161834717,4.603254795074463,4.410013198852539,459.0,0.14021596312522888,,,,,,,,,,,,
28,,,71709,4.0,0.9894999861717224,0.9569618701934814,0.02373977191746235,0.9612425565719604,0.9527729749679565,4.2932024002075195,4.019467830657959,843.0,0.24999460577964783,,,,,,,,,,,,
28,,,71719,4.0,0.9877499938011169,0.9411530494689941,0.03418375179171562,0.9212990999221802,0.9632776975631714,4.369908809661865,3.694438934326172,657.0,0.6412860751152039,,,,,,,,,,,,
28,,,71729,4.0,0.9861500263214111,0.7597339749336243,0.032820720225572586,0.753341794013977,0.7664726972579956,4.187147617340088,3.9757680892944336,194.0,0.17855878174304962,,,,,,,,,,,,
28,,,71739,4.0,0.9641000032424927,0.9168859124183655,0.09816769510507584,0.8849530220031738,0.9576914310455322,6.563608646392822,5.798598289489746,1377.0,0.6668424606323242,,,,,,,,,,,,
28,,,71749,4.0,0.9864000082015991,0.8737594485282898,0.02969144843518734,0.8581094741821289,0.8909506797790527,5.579076766967773,5.219926834106445,213.0,0.3294585645198822,,,,,,,,,,,,
28,,,71759,4.0,0.9826499819755554,0.8266094923019409,0.04870583489537239,0.8725324869155884,0.7913115620613098,5.456666469573975,5.059355735778809,203.0,0.3486047089099884,,,,,,,,,,,,
28,,,71769,4.0,0.9843500256538391,0.8974360227584839,0.03993779420852661,0.9179589748382568,0.8790096044540405,4.780030727386475,4.614218711853027,339.0,0.125873863697052,,,,,,,,,,,,
28,,,71779,4.0,0.9818999767303467,0.9414441585540771,0.0500628687441349,0.9140698909759521,0.9737871885299683,5.094116687774658,4.455844402313232,538.0,0.5882097482681274,,,,,,,,,,,,
28,,,71789,4.0,0.9837999939918518,0.9052574634552002,0.03773503005504608,0.8976516723632812,0.9131955504417419,5.070441722869873,4.539158821105957,275.0,0.4935479462146759,,,,,,,,,,,,
28,,,71799,4.0,0.9829999804496765,0.9259719848632812,0.04083728790283203,0.9636481404304504,0.8947202563285828,5.278482913970947,4.8267107009887695,538.0,0.41093504428863525,,,,,,,,,,,,
28,,,71809,4.0,0.9891499876976013,0.9441884160041809,0.04132295399904251,0.9782671928405762,0.915138840675354,4.949235916137695,4.440274238586426,578.0,0.4676382839679718,,,,,,,,,,,,
28,,,71819,4.0,0.9854000210762024,0.7218647003173828,0.03701479732990265,0.8134957551956177,0.6726888418197632,5.261681079864502,4.859748840332031,158.0,0.3649170696735382,,,,,,,,,,,,
28,,,71829,4.0,0.9894000291824341,0.9620110988616943,0.026301754638552666,0.954026460647583,0.9703418016433716,4.406639575958252,3.8850650787353516,819.0,0.4952724874019623,,,,,,,,,,,,
28,,,71839,4.0,0.9730499982833862,0.8301318287849426,0.07333161681890488,0.861115574836731,0.8045247793197632,4.442384243011475,4.115837574005127,382.0,0.2532149851322174,,,,,,,,,,,,
28,,,71849,4.0,0.9793499708175659,0.906680166721344,0.045993607491254807,0.9058711528778076,0.9074929356575012,5.027029991149902,4.579197406768799,320.0,0.40183860063552856,,,,,,,,,,,,
28,,,71859,4.0,0.9843000173568726,0.9506373405456543,0.03757575526833534,0.9499367475509644,0.9513407945632935,4.76920223236084,4.3967132568359375,852.0,0.33491331338882446,,,,,,,,,,,,
28,,,71869,4.0,0.9829999804496765,0.9090603590011597,0.038198526948690414,0.8882354497909546,0.932586669921875,5.462953567504883,5.050804615020752,441.0,0.37395045161247253,,,,,,,,,,,,
28,,,71879,4.0,0.9763000011444092,0.9146990776062012,0.0580931156873703,0.9256948828697205,0.9043674468994141,5.933626651763916,4.792959213256836,543.0,1.0825743675231934,,,,,,,,,,,,
28,,,71889,4.0,0.9844499826431274,0.889531135559082,0.03504963219165802,0.8944724798202515,0.8847233057022095,5.3262038230896,5.094918727874756,362.0,0.1962357759475708,,,,,,,,,,,,
28,,,71899,4.0,0.986549973487854,0.8732618093490601,0.03226831555366516,0.8860145807266235,0.8613775372505188,5.4592180252075195,5.219509124755859,303.0,0.20744028687477112,,,,,,,,,,,,
28,,,71909,4.0,0.9766499996185303,0.9226881265640259,0.05816200375556946,0.9048519730567932,0.9426017999649048,6.195733547210693,5.394260406494141,683.0,0.7433107495307922,,,,,,,,,,,,
28,,,71919,4.0,0.9922500252723694,0.92120361328125,0.020666424185037613,0.9151961803436279,0.9273983240127563,5.022435665130615,4.733884811401367,332.0,0.26788413524627686,,,,,,,,,,,,
28,,,71929,4.0,0.9799000024795532,0.9322279691696167,0.046239160001277924,0.9488644599914551,0.9170275926589966,4.892909526824951,4.21651554107666,963.0,0.6301544308662415,,,,,,,,,,,,
28,,,71939,4.0,0.9852499961853027,0.9316500425338745,0.037749238312244415,0.9076173305511475,0.9592071771621704,4.556694984436035,4.333603858947754,424.0,0.18534207344055176,,,,,,,,,,,,
28,,,71949,4.0,0.9853000044822693,0.9201300144195557,0.03324994072318077,0.961306095123291,0.8863857388496399,5.923394203186035,4.760115623474121,636.0,1.1300289630889893,,,,,,,,,,,,
28,,,71959,4.0,0.980400025844574,0.930972695350647,0.0415765643119812,0.9668613076210022,0.9011213779449463,5.618981838226318,5.3594536781311035,855.0,0.21795183420181274,,,,,,,,,,,,
28,,,71969,4.0,0.9865999817848206,0.9447600245475769,0.038642507046461105,0.9425390958786011,0.9470071792602539,5.098532676696777,4.763181209564209,746.0,0.2967092990875244,,,,,,,,,,,,
28,,,71979,4.0,0.9879999756813049,0.9649076461791992,0.033774085342884064,0.9579830169677734,0.9721044301986694,5.799663543701172,5.246257305145264,1212.0,0.51963210105896,,,,,,,,,,,,
28,,,71989,4.0,0.9892500042915344,0.9688946604728699,0.027106286957859993,0.9789279699325562,0.9593796730041504,3.7941882610321045,3.4911093711853027,850.0,0.27597254514694214,,,,,,,,,,,,
28,,,71999,4.0,0.9926499724388123,0.8964689373970032,0.02131211943924427,0.9311164617538452,0.8671644926071167,4.363927841186523,4.240602016448975,253.0,0.10201382637023926,,,,,,,,,,,,
28,,,72009,4.0,0.9800500273704529,0.8983170986175537,0.04639622941613197,0.9129148721694946,0.8848428130149841,4.257185459136963,3.8927409648895264,621.0,0.31804805994033813,,,,,,,,,,,,
28,,,72019,4.0,0.9874500036239624,0.9540846347808838,0.03165954723954201,0.9650112390518188,0.9437534809112549,4.682957649230957,4.043576717376709,789.0,0.6077212691307068,,,,,,,,,,,,
28,,,72029,4.0,0.9879999756813049,0.9443247318267822,0.030726727098226547,0.9614824056625366,0.9285621643066406,4.443151950836182,3.9618606567382812,907.0,0.45056474208831787,,,,,,,,,,,,
28,,,72039,4.0,0.9632999897003174,0.8847305774688721,0.08164714276790619,0.8706554174423218,0.9002460241317749,5.811262130737305,5.494207382202148,597.0,0.23540760576725006,,,,,,,,,,,,
28,,,72049,4.0,0.9811499714851379,0.7802445888519287,0.041812144219875336,0.893904447555542,0.7192786335945129,5.67995548248291,5.353292942047119,343.0,0.2848506569862366,,,,,,,,,,,,
28,,,72059,4.0,0.9866999983787537,0.9155339002609253,0.034145716577768326,0.9338189363479614,0.8988666534423828,4.983086109161377,4.774641990661621,355.0,0.1742985099554062,,,,,,,,,,,,
28,,,72069,4.0,0.9912999868392944,0.9566655158996582,0.02132153883576393,0.9514467716217041,0.9620228409767151,3.670266628265381,3.3402106761932373,791.0,0.30873429775238037,,,,,,,,,,,,
28,,,72079,4.0,0.9861000180244446,0.9469010829925537,0.03309781476855278,0.9344225525856018,0.96026611328125,4.77799129486084,3.953862428665161,952.0,0.791031002998352,,,,,,,,,,,,
28,,,72089,4.0,0.9909499883651733,0.9093853235244751,0.020499950274825096,0.922660231590271,0.896965503692627,4.535943508148193,4.142714500427246,206.0,0.3727286159992218,,,,,,,,,,,,
28,,,72099,4.0,0.9829999804496765,0.9389630556106567,0.04201921820640564,0.9485809803009033,0.9298280477523804,4.0713276863098145,3.8263702392578125,772.0,0.2029382437467575,,,,,,,,,,,,
28,,,72109,4.0,0.9848999977111816,0.9593504667282104,0.03802210092544556,0.9702661633491516,0.9490739107131958,4.124544143676758,3.638791561126709,972.0,0.4477303922176361,,,,,,,,,,,,
28,,,72119,4.0,0.9746999740600586,0.8752032518386841,0.05340602993965149,0.9043464660644531,0.8504718542098999,6.4855146408081055,5.8272385597229,675.0,0.6048696041107178,,,,,,,,,,,,
28,,,72129,4.0,0.9745500087738037,0.9161983728408813,0.07012255489826202,0.8787791728973389,0.9643603563308716,5.503735065460205,5.076268196105957,729.0,0.3573443591594696,,,,,,,,,,,,
28,,,72139,4.0,0.9854999780654907,0.9497707486152649,0.035126734524965286,0.9705827236175537,0.9310612678527832,4.77838134765625,4.342095851898193,904.0,0.40115875005722046,,,,,,,,,,,,
28,,,72149,4.0,0.9890000224113464,0.7527742385864258,0.040029555559158325,0.900070071220398,0.686002790927887,5.4511590003967285,5.30217170715332,146.0,0.10895799100399017,,,,,,,,,,,,
28,,,72159,4.0,0.9835500121116638,0.8814185261726379,0.03511045500636101,0.8632787466049194,0.9016631841659546,6.109846591949463,5.8972601890563965,240.0,0.17747582495212555,,,,,,,,,,,,
28,,,72169,4.0,0.9876499772071838,0.9369381666183472,0.03039165399968624,0.9096171855926514,0.9687581062316895,4.249289512634277,4.05090856552124,413.0,0.16798922419548035,,,,,,,,,,,,
28,,,72179,4.0,0.9779000282287598,0.9244575500488281,0.050418607890605927,0.9284070730209351,0.9205960631370544,5.503835201263428,4.672053813934326,876.0,0.7813628911972046,,,,,,,,,,,,
28,,,72189,4.0,0.9848999977111816,0.8885378241539001,0.03814484179019928,0.8703210949897766,0.9088276028633118,4.167669296264648,3.934976577758789,262.0,0.19454771280288696,,,,,,,,,,,,
28,,,72199,4.0,0.9857500195503235,0.9096585512161255,0.036935221403837204,0.9316185712814331,0.8900226354598999,4.929388999938965,4.502316951751709,428.0,0.39013686776161194,,,,,,,,,,,,
28,,,72209,4.0,0.9888499975204468,0.9629181027412415,0.027481744065880775,0.9728261232376099,0.9535032510757446,4.621664047241211,3.798757553100586,1006.0,0.7954246401786804,,,,,,,,,,,,
28,,,72219,4.0,0.9843999743461609,0.8883671164512634,0.044212378561496735,0.9349886775016785,0.8514364957809448,5.278946876525879,4.869303226470947,272.0,0.36543145775794983,,,,,,,,,,,,
28,,,72229,4.0,0.9830499887466431,0.896160364151001,0.03885604068636894,0.9017981290817261,0.8906952142715454,7.2823872566223145,6.339953422546387,526.0,0.9035778641700745,,,,,,,,,,,,
28,,,72239,4.0,0.9872999787330627,0.9523593187332153,0.029858820140361786,0.9600692987442017,0.9449502825737,5.567371368408203,4.649949550628662,801.0,0.8875632286071777,,,,,,,,,,,,
28,,,72249,4.0,0.9819499850273132,0.9553832411766052,0.04457462951540947,0.9722532033920288,0.9400539398193359,7.400360107421875,6.707065582275391,2040.0,0.6487196683883667,,,,,,,,,,,,
28,,,72259,4.0,0.990149974822998,0.9785935878753662,0.026834091171622276,0.9774512052536011,0.9797438383102417,4.292593002319336,3.9029951095581055,967.0,0.3627638518810272,,,,,,,,,,,,
28,,,72269,4.0,0.9891999959945679,0.9577995538711548,0.0219030249863863,0.9618532657623291,0.9538286924362183,3.9655070304870605,3.586606740951538,1055.0,0.35699716210365295,,,,,,,,,,,,
28,,,72279,4.0,0.9842000007629395,0.8965153694152832,0.0370042510330677,0.9008705019950867,0.8922632932662964,5.7771406173706055,5.4806389808654785,254.0,0.2594972848892212,,,,,,,,,,,,
28,,,72289,4.0,0.9862499833106995,0.9583715796470642,0.03572498634457588,0.9560022354125977,0.9607721567153931,4.033998489379883,3.5997581481933594,917.0,0.3985152542591095,,,,,,,,,,,,
28,,,72299,4.0,0.9839000105857849,0.8638811707496643,0.038997914642095566,0.8920453786849976,0.8397499322891235,4.074431896209717,3.769251585006714,248.0,0.26618245244026184,,,,,,,,,,,,
28,,,72309,4.0,0.9851999878883362,0.9086661338806152,0.03555428609251976,0.9245575666427612,0.8940349221229553,5.2378950119018555,4.660835266113281,327.0,0.5415055155754089,,,,,,,,,,,,
28,,,72319,4.0,0.9900500178337097,0.9335068464279175,0.022273274138569832,0.9290168285369873,0.9381009340286255,4.597697734832764,4.219999313354492,409.0,0.35542532801628113,,,,,,,,,,,,
28,,,72329,4.0,0.9883000254631042,0.9509934782981873,0.026592258363962173,0.9762693643569946,0.9286378622055054,3.821261405944824,3.5173163414001465,906.0,0.27735278010368347,,,,,,,,,,,,
28,,,72339,4.0,0.9861999750137329,0.9413389563560486,0.033643241971731186,0.9317449927330017,0.9514443278312683,4.267181873321533,3.843522310256958,888.0,0.39001649618148804,,,,,,,,,,,,
28,,,72349,4.0,0.9930999875068665,0.8385339975357056,0.03160093352198601,0.9424295425415039,0.7748247981071472,4.550838947296143,4.331571578979492,88.0,0.1876663863658905,,,,,,,,,,,,
28,,,72359,4.0,0.9710500240325928,0.9129565954208374,0.06810697913169861,0.9016991853713989,0.9250553250312805,6.705790042877197,6.116371154785156,1129.0,0.5213118195533752,,,,,,,,,,,,
28,,,72369,4.0,0.9911500215530396,0.9579885005950928,0.020156292244791985,0.9616922736167908,0.9543517231941223,4.039766788482666,3.6831610202789307,781.0,0.33644917607307434,,,,,,,,,,,,
28,,,72379,4.0,0.9874500036239624,0.9493346810340881,0.02873619645833969,0.9381844997406006,0.9611746072769165,3.837202787399292,3.618910074234009,854.0,0.18955670297145844,,,,,,,,,,,,
28,,,72389,4.0,0.970300018787384,0.8897210359573364,0.0642939880490303,0.9284757375717163,0.8584867715835571,3.8992056846618652,3.6312248706817627,852.0,0.20368678867816925,,,,,,,,,,,,
28,,,72399,4.0,0.9828500151634216,0.8951700329780579,0.05040505900979042,0.9576807618141174,0.8489160537719727,4.760157585144043,4.45475959777832,324.0,0.2549927234649658,,,,,,,,,,,,
28,,,72409,4.0,0.9840499758720398,0.8693957328796387,0.03674795478582382,0.8754527568817139,0.8635463714599609,5.363544464111328,4.639976501464844,220.0,0.6868199110031128,,,,,,,,,,,,
28,,,72419,4.0,0.983299970626831,0.8982051610946655,0.043858788907527924,0.8908154964447021,0.9059126377105713,6.012547492980957,5.472859859466553,415.0,0.49582868814468384,,,,,,,,,,,,
28,,,72429,4.0,0.9922500252723694,0.936830997467041,0.020245445892214775,0.9516952037811279,0.9229800701141357,5.086551666259766,4.805988311767578,365.0,0.26031795144081116,,,,,,,,,,,,
28,,,72439,4.0,0.9932500123977661,0.961205005645752,0.02627873606979847,0.9785189032554626,0.9452228546142578,3.504395008087158,3.2094838619232178,809.0,0.26863232254981995,,,,,,,,,,,,
28,,,72449,4.0,0.9819499850273132,0.9429075717926025,0.04464979097247124,0.9344267249107361,0.951813280582428,5.258453845977783,4.644530773162842,882.0,0.5692733526229858,,,,,,,,,,,,
28,,,72459,4.0,0.9887999892234802,0.9102849960327148,0.02824435383081436,0.931718111038208,0.8910235166549683,4.737656116485596,4.479237079620361,313.0,0.23017451167106628,,,,,,,,,,,,
28,,,72469,4.0,0.9940000176429749,0.9762018918991089,0.016169454902410507,0.9678824543952942,0.984876811504364,5.407649517059326,3.6152760982513428,1118.0,1.7762038707733154,,,,,,,,,,,,
28,,,72479,4.0,0.9925000071525574,0.9771519899368286,0.02084825374186039,0.9715179204940796,0.9829573631286621,4.414855480194092,4.093986511230469,1198.0,0.30002090334892273,,,,,,,,,,,,
28,,,72489,4.0,0.9887499809265137,0.9469977021217346,0.023057444021105766,0.9449524283409119,0.9490646123886108,3.8527724742889404,3.516829490661621,898.0,0.312885582447052,,,,,,,,,,,,
28,,,72499,4.0,0.9825500249862671,0.9107328653335571,0.04144692420959473,0.8971308469772339,0.92544025182724,5.853617191314697,5.3532538414001465,534.0,0.4589163661003113,,,,,,,,,,,,
28,,,72509,4.0,0.9729499816894531,0.7127594351768494,0.083488330245018,0.8057898879051208,0.6650789380073547,5.897171974182129,5.440876007080078,271.0,0.37280747294425964,,,,,,,,,,,,
28,,,72519,4.0,0.9876499772071838,0.9519212245941162,0.02751837484538555,0.9790343046188354,0.9281760454177856,4.0757551193237305,3.790792226791382,967.0,0.2574445605278015,,,,,,,,,,,,
28,,,72529,4.0,0.9907500147819519,0.9608401656150818,0.02175832912325859,0.9773547649383545,0.9455943703651428,4.072940349578857,3.8054327964782715,884.0,0.2457493245601654,,,,,,,,,,,,
28,,,72539,4.0,0.9801999926567078,0.9310077428817749,0.04428943619132042,0.9361538887023926,0.9260069131851196,4.9315185546875,4.2949652671813965,910.0,0.5922637581825256,,,,,,,,,,,,
28,,,72549,4.0,0.9609000086784363,0.8139975666999817,0.08497965335845947,0.8361164331436157,0.7950147390365601,5.676939010620117,5.3242878913879395,519.0,0.26767176389694214,,,,,,,,,,,,
28,,,72559,4.0,0.98580002784729,0.9147728681564331,0.032487183809280396,0.9175200462341309,0.9120655059814453,4.459257125854492,4.204881191253662,352.0,0.22188852727413177,,,,,,,,,,,,
28,,,72569,4.0,0.9781500101089478,0.8943129777908325,0.0475359745323658,0.8839352130889893,0.905358076095581,4.749472618103027,4.357905387878418,647.0,0.3440312445163727,,,,,,,,,,,,
28,,,72579,4.0,0.9814500212669373,0.9451404809951782,0.043576452881097794,0.9320499300956726,0.9592888951301575,4.68567419052124,4.127894401550293,883.0,0.514203667640686,,,,,,,,,,,,
28,,,72589,4.0,0.9850000143051147,0.8751622438430786,0.03644442558288574,0.9186338782310486,0.8403910398483276,4.896988868713379,4.664819717407227,372.0,0.19572462141513824,,,,,,,,,,,,
28,,,72599,4.0,0.9772499799728394,0.8501821756362915,0.06626125425100327,0.9111477136611938,0.8061984181404114,5.683319568634033,5.372377395629883,424.0,0.24468109011650085,,,,,,,,,,,,
28,,,72609,4.0,0.9937499761581421,0.9249605536460876,0.01728633977472782,0.9121870994567871,0.9385939836502075,3.679823875427246,3.5751662254333496,197.0,0.0873713567852974,,,,,,,,,,,,
28,,,72619,4.0,0.9788500070571899,0.8836565017700195,0.045306917279958725,0.8702707886695862,0.8981858491897583,4.196782112121582,3.6377813816070557,290.0,0.5136938691139221,,,,,,,,,,,,
28,,,72629,4.0,0.9820500016212463,0.9516265988349915,0.046385735273361206,0.9432460069656372,0.9604357481002808,5.277156352996826,4.70693302154541,1136.0,0.5238373875617981,,,,,,,,,,,,
28,,,72639,4.0,0.9882500171661377,0.9400018453598022,0.03068522736430168,0.9492841362953186,0.9311420321464539,5.4208855628967285,5.263993263244629,503.0,0.12620703876018524,,,,,,,,,,,,
28,,,72649,4.0,0.9858999848365784,0.904057502746582,0.03327328339219093,0.877662181854248,0.9348660111427307,3.970233201980591,3.700871229171753,242.0,0.23608870804309845,,,,,,,,,,,,
28,,,72659,4.0,0.9849500060081482,0.739793062210083,0.038410406559705734,0.7485674023628235,0.7316433191299438,5.977806568145752,5.817253112792969,158.0,0.12214312702417374,,,,,,,,,,,,
28,,,72669,4.0,0.9886500239372253,0.9389604330062866,0.03171028196811676,0.9612439870834351,0.9189560413360596,5.6444268226623535,5.385916233062744,584.0,0.22680063545703888,,,,,,,,,,,,
28,,,72679,4.0,0.9864000082015991,0.9516127109527588,0.03311551362276077,0.9582682251930237,0.945185661315918,3.944232225418091,3.572504758834839,896.0,0.33861181139945984,,,,,,,,,,,,
28,,,72689,4.0,0.9843000173568726,0.8310633301734924,0.03394840285181999,0.7731877565383911,0.9232453107833862,5.379143238067627,4.97484016418457,172.0,0.37035444378852844,,,,,,,,,,,,
28,,,72699,4.0,0.9681500196456909,0.8898297548294067,0.0688294768333435,0.873960554599762,0.9074684381484985,5.871702671051025,5.136600017547607,465.0,0.6662731170654297,,,,,,,,,,,,
28,,,72709,4.0,0.9894000291824341,0.9615424871444702,0.0287662111222744,0.9644140601158142,0.9587130546569824,4.952114105224609,3.8680617809295654,996.0,1.055286169052124,,,,,,,,,,,,
28,,,72719,4.0,0.9905499815940857,0.9424936771392822,0.024730727076530457,0.928938627243042,0.9570327997207642,4.094770431518555,3.446868419647217,313.0,0.6231711506843567,,,,,,,,,,,,
28,,,72729,4.0,0.9879000186920166,0.9519081711769104,0.029591107740998268,0.9770654439926147,0.9296658635139465,3.7627933025360107,3.4766845703125,1002.0,0.25651758909225464,,,,,,,,,,,,
28,,,72739,4.0,0.9807999730110168,0.9086637496948242,0.047729093581438065,0.9139232635498047,0.903555154800415,4.681669235229492,3.74762225151062,547.0,0.886317789554596,,,,,,,,,,,,
28,,,72749,4.0,0.9841499924659729,0.9325495958328247,0.03730118274688721,0.972657322883606,0.8995709419250488,4.151844501495361,3.8016183376312256,918.0,0.31292468309402466,,,,,,,,,,,,
28,,,72759,4.0,0.9891499876976013,0.9432974457740784,0.031181491911411285,0.9456024765968323,0.9410191178321838,4.318263053894043,3.8698675632476807,622.0,0.41721388697624207,,,,,,,,,,,,
28,,,72769,4.0,0.9857500195503235,0.9429507255554199,0.03188837319612503,0.9780218601226807,0.9133905172348022,4.4568095207214355,4.111154556274414,739.0,0.31376659870147705,,,,,,,,,,,,
28,,,72779,4.0,0.9799500107765198,0.883915364742279,0.043374739587306976,0.8603871464729309,0.9111882448196411,4.60213041305542,4.333932876586914,376.0,0.2248229831457138,,,,,,,,,,,,
28,,,72789,4.0,0.9894000291824341,0.9358877539634705,0.025874100625514984,0.9260252118110657,0.9462701082229614,5.4463396072387695,5.053142070770264,383.0,0.36732348799705505,,,,,,,,,,,,
28,,,72799,4.0,0.978950023651123,0.9032500982284546,0.05869719758629799,0.9329437613487244,0.877875566482544,5.528711318969727,5.304346561431885,403.0,0.16566753387451172,,,,,,,,,,,,
28,,,72809,4.0,0.9868999719619751,0.9519374370574951,0.03082152083516121,0.9525039792060852,0.9513726234436035,4.32987642288208,3.9331233501434326,675.0,0.36593133211135864,,,,,,,,,,,,
28,,,72819,4.0,0.9829999804496765,0.8912749886512756,0.0372459776699543,0.8645142316818237,0.9228037595748901,4.81527853012085,4.3620195388793945,294.0,0.41601336002349854,,,,,,,,,,,,
28,,,72829,4.0,0.9819499850273132,0.9007092118263245,0.04032166302204132,0.9359685778617859,0.8712766170501709,6.151882171630859,4.994340419769287,498.0,1.1172198057174683,,,,,,,,,,,,
28,,,72839,4.0,0.9778500199317932,0.8889292478561401,0.04960140213370323,0.8776267766952515,0.9010354280471802,5.202291488647461,4.788740634918213,411.0,0.3639494776725769,,,,,,,,,,,,
28,,,72849,4.0,0.9894499778747559,0.9554684162139893,0.03643276169896126,0.974668025970459,0.9379829168319702,4.666881561279297,4.077918529510498,765.0,0.5525304079055786,,,,,,,,,,,,
28,,,72859,4.0,0.9876499772071838,0.8920689225196838,0.031115276739001274,0.8956506252288818,0.888556182384491,4.878426551818848,4.147126197814941,243.0,0.700185239315033,,,,,,,,,,,,
28,,,72869,4.0,0.9883999824523926,0.9672229290008545,0.03272491320967674,0.9734832644462585,0.9611706733703613,3.7840023040771484,3.219372510910034,960.0,0.5319050550460815,,,,,,,,,,,,
28,,,72879,4.0,0.9805499911308289,0.9322472214698792,0.04651126265525818,0.9163423776626587,0.9497168064117432,4.386083126068115,3.8824541568756104,582.0,0.45711782574653625,,,,,,,,,,,,
28,,,72889,4.0,0.9855499863624573,0.9332046508789062,0.03384362906217575,0.9344496726989746,0.9319678544998169,6.413675308227539,5.908428192138672,540.0,0.4714035987854004,,,,,,,,,,,,
28,,,72899,4.0,0.9850500226020813,0.8851448893547058,0.03505151346325874,0.9186598062515259,0.8569575548171997,5.174495697021484,4.989668846130371,400.0,0.1497754454612732,,,,,,,,,,,,
28,,,72909,4.0,0.9711999893188477,0.8168823719024658,0.05680639669299126,0.909239649772644,0.761020839214325,6.3999528884887695,5.908018112182617,437.0,0.4351283609867096,,,,,,,,,,,,
28,,,72919,4.0,0.9840999841690063,0.8200480937957764,0.042112357914447784,0.8513427972793579,0.7941356897354126,5.6247782707214355,5.286256313323975,235.0,0.29640957713127136,,,,,,,,,,,,
28,,,72929,4.0,0.9909499883651733,0.9738136529922485,0.02353913150727749,0.9870176911354065,0.961483359336853,3.681915283203125,3.302274465560913,965.0,0.3561018109321594,,,,,,,,,,,,
28,,,72939,4.0,0.9877499938011169,0.9415029287338257,0.028417902067303658,0.9217610359191895,0.9634888172149658,4.391369342803955,4.130023956298828,369.0,0.23292747139930725,,,,,,,,,,,,
28,,,72949,4.0,0.978950023651123,0.9114091396331787,0.04788666218519211,0.8669967651367188,0.9708826541900635,5.5031304359436035,5.191143989562988,397.0,0.264099657535553,,,,,,,,,,,,
28,,,72959,4.0,0.9702500104904175,0.9445280432701111,0.07963990420103073,0.9357337951660156,0.9539225101470947,5.724495887756348,5.214563369750977,1438.0,0.43029263615608215,,,,,,,,,,,,
28,,,72969,4.0,0.9909999966621399,0.9562602639198303,0.02349618449807167,0.9558653831481934,0.9566558599472046,3.7719595432281494,3.4559171199798584,901.0,0.2925463616847992,,,,,,,,,,,,
28,,,72979,4.0,0.9897000193595886,0.9637470245361328,0.026505444198846817,0.962645411491394,0.9648550748825073,4.37974739074707,4.040390491485596,885.0,0.31285160779953003,,,,,,,,,,,,
28,,,72989,4.0,0.9764999747276306,0.939941942691803,0.062063250690698624,0.946746826171875,0.9334085583686829,5.905253887176514,5.3235321044921875,907.0,0.5196586847305298,,,,,,,,,,,,
28,,,72999,4.0,0.9846000075340271,0.9481337666511536,0.036714814603328705,0.9446243047714233,0.951711893081665,4.913331031799316,4.512085914611816,719.0,0.3645298480987549,,,,,,,,,,,,
28,,,73009,4.0,0.9847000241279602,0.8237908482551575,0.03372252732515335,0.834105372428894,0.8141291737556458,5.16586446762085,4.664645671844482,207.0,0.4674963057041168,,,,,,,,,,,,
28,,,73019,4.0,0.9928500056266785,0.9690655469894409,0.018432285636663437,0.9703150391578674,0.9678237438201904,3.8504421710968018,3.510169267654419,850.0,0.32184046506881714,,,,,,,,,,,,
28,,,73029,4.0,0.9862499833106995,0.9150018692016602,0.03175678849220276,0.9195181727409363,0.910591721534729,6.0917558670043945,5.647372722625732,409.0,0.41262608766555786,,,,,,,,,,,,
28,,,73039,4.0,0.9818000197410583,0.9463433027267456,0.04300504922866821,0.9379901885986328,0.9551140666007996,4.81315803527832,4.383114814758301,827.0,0.38703837990760803,,,,,,,,,,,,
28,,,73049,4.0,0.9891499876976013,0.954134464263916,0.02762911096215248,0.9499856233596802,0.9583733081817627,4.834342002868652,3.9199883937835693,1014.0,0.8867242336273193,,,,,,,,,,,,
28,,,73059,4.0,0.9871500134468079,0.9567830562591553,0.029232999309897423,0.9828032851219177,0.9339419603347778,3.9696245193481445,3.681164264678955,831.0,0.25922730565071106,,,,,,,,,,,,
28,,,73069,4.0,0.9919499754905701,0.8837670087814331,0.023221177980303764,0.8738828897476196,0.8942121863365173,4.568359851837158,4.075045585632324,231.0,0.4700930714607239,,,,,,,,,,,,
28,,,73079,4.0,0.9890000224113464,0.8456840515136719,0.026495041325688362,0.9065247774124146,0.8012272119522095,3.828636884689331,3.6413049697875977,278.0,0.16083697974681854,,,,,,,,,,,,
28,,,73089,4.0,0.9848999977111816,0.8054921627044678,0.03303971886634827,0.7691632509231567,0.8539981842041016,3.6578714847564697,3.307036876678467,237.0,0.31779488921165466,,,,,,,,,,,,
28,,,73099,4.0,0.9877499938011169,0.9643034934997559,0.03114408627152443,0.9556331634521484,0.9734059572219849,4.163758754730225,3.7924861907958984,871.0,0.3401285707950592,,,,,,,,,,,,
28,,,73109,4.0,0.9818999767303467,0.9178434014320374,0.04048576578497887,0.902452826499939,0.9346655607223511,4.780049800872803,4.4526567459106445,482.0,0.2869071066379547,,,,,,,,,,,,
28,,,73119,4.0,0.9876499772071838,0.8908113241195679,0.0382530614733696,0.9046589136123657,0.8779419660568237,4.388459205627441,3.9198052883148193,231.0,0.430401086807251,,,,,,,,,,,,
28,,,73129,4.0,0.9911999702453613,0.9654747247695923,0.02261219546198845,0.9781640768051147,0.9535508155822754,3.817270040512085,3.532485008239746,912.0,0.2621728479862213,,,,,,,,,,,,
28,,,73139,4.0,0.9827499985694885,0.8729289770126343,0.0373186431825161,0.9144361615180969,0.8395382761955261,5.846711158752441,4.88162899017334,328.0,0.9277635216712952,,,,,,,,,,,,
28,,,73149,4.0,0.9891499876976013,0.8554045557975769,0.026098409667611122,0.8549495935440063,0.855860710144043,5.703425884246826,5.401983737945557,240.0,0.2753439247608185,,,,,,,,,,,,
28,,,73159,4.0,0.98089998960495,0.8497051000595093,0.04478862136602402,0.9030066728591919,0.8096836805343628,5.430098056793213,5.024989604949951,282.0,0.3603195548057556,,,,,,,,,,,,
28,,,73169,4.0,0.9944499731063843,0.9837582111358643,0.01587943360209465,0.9864183664321899,0.9811345338821411,3.417022466659546,3.1278066635131836,935.0,0.27333641052246094,,,,,,,,,,,,
28,,,73179,4.0,0.9855499863624573,0.9494562149047852,0.03625575453042984,0.954984188079834,0.9440881013870239,4.922430038452148,4.557504177093506,836.0,0.32866981625556946,,,,,,,,,,,,
28,,,73189,4.0,0.9815999865531921,0.9371410608291626,0.038995418697595596,0.9506956338882446,0.9245412349700928,4.1684699058532715,3.839956045150757,822.0,0.28951817750930786,,,,,,,,,,,,
28,,,73199,4.0,0.9878000020980835,0.9226100444793701,0.03163439407944679,0.9369009733200073,0.9093104004859924,6.081973552703857,5.555702209472656,312.0,0.4946371614933014,,,,,,,,,,,,
28,,,73209,4.0,0.9898999929428101,0.966022253036499,0.026690656319260597,0.9692026376724243,0.9628938436508179,4.448485374450684,3.6697945594787598,798.0,0.7519999146461487,,,,,,,,,,,,
28,,,73219,4.0,0.9868000149726868,0.9627864360809326,0.03297827020287514,0.9726929664611816,0.9533967971801758,4.2425150871276855,3.970595359802246,858.0,0.2389417141675949,,,,,,,,,,,,
28,,,73229,4.0,0.9843000173568726,0.9294155836105347,0.03665217384696007,0.9185101985931396,0.9410005211830139,4.999148845672607,4.788063049316406,556.0,0.17443391680717468,,,,,,,,,,,,
28,,,73239,4.0,0.9836500287055969,0.9423670172691345,0.038977690041065216,0.9553483724594116,0.9302470088005066,4.648411750793457,4.18135404586792,862.0,0.4280802309513092,,,,,,,,,,,,
28,,,73249,4.0,0.98785001039505,0.9129974246025085,0.028133993968367577,0.9031130075454712,0.9234257936477661,4.478379726409912,4.275622844696045,237.0,0.17462283372879028,,,,,,,,,,,,
28,,,73259,4.0,0.9858999848365784,0.9027116298675537,0.03261984884738922,0.9204875230789185,0.8865025043487549,4.089259624481201,3.811110019683838,317.0,0.24552947282791138,,,,,,,,,,,,
28,,,73269,4.0,0.9807999730110168,0.900175929069519,0.043200086802244186,0.8998023271560669,0.9005502462387085,5.066754341125488,4.609581470489502,465.0,0.41397300362586975,,,,,,,,,,,,
28,,,73279,4.0,0.9916999936103821,0.9692788124084473,0.02127395011484623,0.9783875346183777,0.9605726003646851,4.21430778503418,3.8385415077209473,872.0,0.3544922173023224,,,,,,,,,,,,
28,,,73289,4.0,0.983299970626831,0.9154611825942993,0.037070900201797485,0.9102610349655151,0.9208134412765503,5.761518955230713,5.005139350891113,414.0,0.7193089723587036,,,,,,,,,,,,
28,,,73299,4.0,0.9850999712944031,0.8961309194564819,0.04344474524259567,0.949454665184021,0.8549460768699646,5.196958065032959,4.243851661682129,275.0,0.9096618890762329,,,,,,,,,,,,
28,,,73309,4.0,0.989300012588501,0.9634881019592285,0.028181592002511024,0.9634881019592285,0.9634881019592285,4.934528350830078,4.166911602020264,777.0,0.7394349575042725,,,,,,,,,,,,
28,,,73319,4.0,0.9797999858856201,0.8941853046417236,0.05306864157319069,0.871290922164917,0.9205524921417236,4.005379676818848,3.4932150840759277,671.0,0.45909595489501953,,,,,,,,,,,,
28,,,73329,4.0,0.987500011920929,0.8829434514045715,0.03279022127389908,0.8934077024459839,0.8730567693710327,5.993949890136719,5.307976245880127,299.0,0.6531832218170166,,,,,,,,,,,,
28,,,73339,4.0,0.98580002784729,0.8778095245361328,0.037926122546195984,0.9033803939819336,0.8554906249046326,5.654300689697266,5.19847297668457,255.0,0.41790157556533813,,,,,,,,,,,,
28,,,73349,4.0,0.9894999861717224,0.9565590620040894,0.025453651323914528,0.9485044479370117,0.9649595022201538,4.140141010284424,3.667736291885376,875.0,0.4469510018825531,,,,,,,,,,,,
28,,,73359,4.0,0.9807500243186951,0.8877190351486206,0.054658710956573486,0.9304643869400024,0.8534303903579712,5.035519123077393,4.459317207336426,535.0,0.5215429067611694,,,,,,,,,,,,
28,,,73369,4.0,0.9855999946594238,0.9409341812133789,0.03375986963510513,0.9249727725982666,0.9583754539489746,4.366655349731445,3.788900136947632,875.0,0.5439951419830322,,,,,,,,,,,,
28,,,73379,4.0,0.9855999946594238,0.9328584671020508,0.035050295293331146,0.931432843208313,0.9342949390411377,5.790365695953369,5.418216705322266,543.0,0.33709853887557983,,,,,,,,,,,,
28,,,73389,4.0,0.9860000014305115,0.9327750205993652,0.03722270950675011,0.9434201717376709,0.9226959943771362,5.498445510864258,4.69594144821167,504.0,0.7652810215950012,,,,,,,,,,,,
28,,,73399,4.0,0.9880499839782715,0.9735289812088013,0.0274736899882555,0.9732961058616638,0.9737622141838074,3.8464114665985107,3.434804916381836,897.0,0.3841329514980316,,,,,,,,,,,,
28,,,73409,4.0,0.9840499758720398,0.9148004651069641,0.03998613357543945,0.9154007434844971,0.9142021536827087,4.668931484222412,4.33051872253418,375.0,0.29842662811279297,,,,,,,,,,,,
28,,,73419,4.0,0.98785001039505,0.9100046753883362,0.03246953338384628,0.9421815276145935,0.8825161457061768,4.7697062492370605,4.232668876647949,353.0,0.504567563533783,,,,,,,,,,,,
28,,,73429,4.0,0.9870499968528748,0.8937978744506836,0.02854527346789837,0.9047057628631592,0.8835051655769348,3.8448147773742676,3.592472791671753,286.0,0.22379669547080994,,,,,,,,,,,,
28,,,73439,4.0,0.9859499931335449,0.8973449468612671,0.034558411687612534,0.9187583923339844,0.8781818151473999,7.393377780914307,6.187910556793213,355.0,1.17090904712677,,,,,,,,,,,,
28,,,73449,4.0,0.9764999747276306,0.909991979598999,0.05045432969927788,0.9146436452865601,0.9054632186889648,4.773904800415039,4.258425235748291,782.0,0.4650254547595978,,,,,,,,,,,,
28,,,73459,4.0,0.9849500060081482,0.9337282180786133,0.037115342915058136,0.9228072762489319,0.9453256726264954,4.932161331176758,4.467065811157227,430.0,0.4279797673225403,,,,,,,,,,,,
28,,,73469,4.0,0.9828500151634216,0.8977949619293213,0.03856230154633522,0.9210546016693115,0.8772157430648804,4.796655654907227,4.566847801208496,339.0,0.19124577939510345,,,,,,,,,,,,
28,,,73479,4.0,0.9873499870300293,0.9381731152534485,0.030960742384195328,0.9414476156234741,0.9349533319473267,5.382119178771973,4.797073841094971,503.0,0.5540848970413208,,,,,,,,,,,,
28,,,73489,4.0,0.9886500239372253,0.8865716457366943,0.02658255584537983,0.9286779165267944,0.8523872494697571,5.1396589279174805,4.7797393798828125,316.0,0.3333366811275482,,,,,,,,,,,,
28,,,73499,4.0,0.9804499745368958,0.9236350059509277,0.04554709047079086,0.9148645401000977,0.9328591823577881,4.810882568359375,4.278291702270508,597.0,0.48704397678375244,,,,,,,,,,,,
28,,,73509,4.0,0.9866999983787537,0.9382932186126709,0.041238944977521896,0.9397395849227905,0.9368577599525452,4.001081466674805,3.640169143676758,935.0,0.319673091173172,,,,,,,,,,,,
28,,,73519,4.0,0.9752500057220459,0.9506195783615112,0.052765924483537674,0.9389760494232178,0.9632629156112671,5.063211441040039,4.580342769622803,1087.0,0.4301028251647949,,,,,,,,,,,,
28,,,73529,4.0,0.9911500215530396,0.9668335914611816,0.020489927381277084,0.9765028953552246,0.9576179385185242,4.050985813140869,3.634702444076538,900.0,0.3957936465740204,,,,,,,,,,,,
28,,,73539,4.0,0.9816499948501587,0.8900456428527832,0.042248670011758804,0.9366607666015625,0.8532353639602661,6.452958106994629,5.894726276397705,354.0,0.5159831643104553,,,,,,,,,,,,
28,,,73549,4.0,0.9793000221252441,0.9285438060760498,0.05053507536649704,0.9343740940093994,0.9229010343551636,4.848805904388428,4.364969730377197,491.0,0.43330103158950806,,,,,,,,,,,,
28,,,73559,4.0,0.9851499795913696,0.9271665811538696,0.03462815284729004,0.9311336874961853,0.9232816696166992,3.7670788764953613,3.4843950271606445,852.0,0.24805572628974915,,,,,,,,,,,,
28,,,73569,4.0,0.9843999743461609,0.8949071168899536,0.03650187700986862,0.8502386212348938,0.9543532133102417,3.7245934009552,3.347429037094116,387.0,0.3406623899936676,,,,,,,,,,,,
28,,,73579,4.0,0.9732499718666077,0.8786293864250183,0.06294532120227814,0.9096814393997192,0.8525558710098267,7.002077102661133,6.508862495422363,457.0,0.4302690327167511,,,,,,,,,,,,
28,,,73589,4.0,0.9907500147819519,0.9611276388168335,0.019890911877155304,0.9612969160079956,0.9609585404396057,3.6912951469421387,3.3582940101623535,948.0,0.3131101131439209,,,,,,,,,,,,
28,,,73599,4.0,0.9820500016212463,0.8986327648162842,0.04399750009179115,0.903392493724823,0.893997073173523,7.579774379730225,7.196037292480469,408.0,0.33973991870880127,,,,,,,,,,,,
28,,,73609,4.0,0.9886999726295471,0.9127486944198608,0.027165662497282028,0.9133443236351013,0.9121549725532532,3.7981200218200684,3.4865612983703613,255.0,0.28439298272132874,,,,,,,,,,,,
28,,,73619,4.0,0.9904999732971191,0.9744476079940796,0.023393826559185982,0.9781256318092346,0.9708424806594849,3.6649932861328125,3.3844172954559326,881.0,0.2571820914745331,,,,,,,,,,,,
28,,,73629,4.0,0.975350022315979,0.9150320887565613,0.061309296637773514,0.8999488353729248,0.9315899610519409,5.634125232696533,5.05376672744751,626.0,0.5190490484237671,,,,,,,,,,,,
28,,,73639,4.0,0.9833499789237976,0.9267394542694092,0.03774505481123924,0.9200946092605591,0.9336333870887756,5.174591064453125,4.820100784301758,607.0,0.316745400428772,,,,,,,,,,,,
28,,,73649,4.0,0.9890499711036682,0.9162353873252869,0.025705816224217415,0.9055567383766174,0.9275422096252441,4.787933826446533,4.624338626861572,292.0,0.13788925111293793,,,,,,,,,,,,
28,,,73659,4.0,0.9901999831199646,0.9652166366577148,0.023455243557691574,0.9610636234283447,0.9694608449935913,3.9013280868530273,3.4269514083862305,848.0,0.4509214460849762,,,,,,,,,,,,
28,,,73669,4.0,0.9591500163078308,0.8833264112472534,0.0913190096616745,0.8678688406944275,0.9006109237670898,6.42477560043335,6.151893138885498,663.0,0.181563600897789,,,,,,,,,,,,
28,,,73679,4.0,0.9923999905586243,0.8811455368995667,0.023176459595561028,0.9479182362556458,0.8321998119354248,4.211464881896973,4.060912609100342,169.0,0.12737567722797394,,,,,,,,,,,,
28,,,73689,4.0,0.9900500178337097,0.9615737199783325,0.027601031586527824,0.9673351049423218,0.9559774398803711,3.6950576305389404,3.3799209594726562,904.0,0.287535697221756,,,,,,,,,,,,
28,,,73699,4.0,0.993149995803833,0.9778095483779907,0.026395060122013092,0.9789712429046631,0.9766547083854675,4.968554496765137,4.420356273651123,1241.0,0.5218034386634827,,,,,,,,,,,,
28,,,73709,4.0,0.9823499917984009,0.9233465194702148,0.043141767382621765,0.9596915245056152,0.8930522203445435,4.451164722442627,4.060126781463623,877.0,0.3478962481021881,,,,,,,,,,,,
28,,,73719,4.0,0.9885500073432922,0.8138920664787292,0.027994759380817413,0.7984209060668945,0.8311352729797363,3.684451103210449,3.5259556770324707,97.0,0.13050054013729095,,,,,,,,,,,,
28,,,73729,4.0,0.9863499999046326,0.8766455054283142,0.030028536915779114,0.9139117002487183,0.8459033370018005,4.863123416900635,4.259459018707275,303.0,0.5736361145973206,,,,,,,,,,,,
28,,,73739,4.0,0.9876999855041504,0.948593020439148,0.028748907148838043,0.9421615600585938,0.9552470445632935,4.118490695953369,3.8788704872131348,849.0,0.21087118983268738,,,,,,,,,,,,
28,,,73749,4.0,0.9848999977111816,0.9497954249382019,0.04251357540488243,0.9569344520568848,0.9429240822792053,5.06477689743042,4.216737270355225,1045.0,0.8055263161659241,,,,,,,,,,,,
28,,,73759,4.0,0.9855499863624573,0.8929685354232788,0.0355803444981575,0.9009935259819031,0.8852851390838623,5.794875144958496,5.403717041015625,294.0,0.35557782649993896,,,,,,,,,,,,
28,,,73769,4.0,0.9898499846458435,0.9722183346748352,0.029309513047337532,0.9672420024871826,0.9773344993591309,5.421932220458984,4.913593292236328,1555.0,0.4790290892124176,,,,,,,,,,,,
28,,,73779,4.0,0.9854000210762024,0.9378921389579773,0.03630046546459198,0.9231790900230408,0.9538543224334717,5.2404069900512695,4.855424404144287,458.0,0.34868207573890686,,,,,,,,,,,,
28,,,73789,4.0,0.9750499725341797,0.8956851959228516,0.06795576959848404,0.942473828792572,0.8590923547744751,6.035585403442383,5.561695098876953,570.0,0.4059341251850128,,,,,,,,,,,,
28,,,73799,4.0,0.9918500185012817,0.9156705737113953,0.021675387397408485,0.9765480756759644,0.8692055940628052,4.922915458679199,4.751876354217529,328.0,0.14936335384845734,,,,,,,,,,,,
28,,,73809,4.0,0.9828000068664551,0.8369086384773254,0.04116802662611008,0.8093569278717041,0.8703262805938721,5.226572513580322,4.835393905639648,199.0,0.35001039505004883,,,,,,,,,,,,
28,,,73819,4.0,0.9876999855041504,0.8934693336486816,0.030423851683735847,0.9026687145233154,0.8847099542617798,4.911742210388184,4.357100486755371,216.0,0.5242182016372681,,,,,,,,,,,,
28,,,73829,4.0,0.9854999780654907,0.9397931098937988,0.03343086689710617,0.9519466757774353,0.9283774495124817,5.21360969543457,4.893557548522949,675.0,0.2866211533546448,,,,,,,,,,,,
28,,,73839,4.0,0.9889000058174133,0.9540104269981384,0.025197403505444527,0.9703994989395142,0.938895046710968,3.772106647491455,3.4011623859405518,793.0,0.3457466661930084,,,,,,,,,,,,
28,,,73849,4.0,0.9807999730110168,0.8560991287231445,0.04575882852077484,0.9259850978851318,0.8071898818016052,6.138980865478516,5.396266460418701,387.0,0.6969557404518127,,,,,,,,,,,,
28,,,73859,4.0,0.9797000288963318,0.8990660309791565,0.045582130551338196,0.8867482542991638,0.9123178720474243,6.625856399536133,5.503730297088623,423.0,1.076543927192688,,,,,,,,,,,,
28,,,73869,4.0,0.9911500215530396,0.8666384220123291,0.021235579624772072,0.8924186825752258,0.8441530466079712,4.484193325042725,4.156758785247803,160.0,0.3061991035938263,,,,,,,,,,,,
28,,,73879,4.0,0.9832000136375427,0.8920466899871826,0.03705662116408348,0.9243631362915039,0.8647096157073975,5.680988788604736,5.452780723571777,451.0,0.1911516785621643,,,,,,,,,,,,
28,,,73889,4.0,0.98294997215271,0.9424629211425781,0.03835955634713173,0.9547654390335083,0.9309446215629578,4.470106601715088,4.1754865646362305,834.0,0.2562604546546936,,,,,,,,,,,,
28,,,73899,4.0,0.9831500053405762,0.9198090434074402,0.04094899073243141,0.9033612012863159,0.937879204750061,5.164863586425781,4.896613121032715,410.0,0.22730161249637604,,,,,,,,,,,,
28,,,73909,4.0,0.9891499876976013,0.9502525925636292,0.024540897458791733,0.952640175819397,0.9478937983512878,3.931771755218506,3.5429019927978516,903.0,0.3643288016319275,,,,,,,,,,,,
28,,,73919,4.0,0.9883000254631042,0.9531108140945435,0.026072436943650246,0.9604852199554443,0.9460079669952393,3.923348903656006,3.5847439765930176,894.0,0.31253233551979065,,,,,,,,,,,,
28,,,73929,4.0,0.9805499911308289,0.876548171043396,0.04261728376150131,0.8549834489822388,0.9012503623962402,6.295687198638916,5.774000644683838,410.0,0.4790692627429962,,,,,,,,,,,,
28,,,73939,4.0,0.9772499799728394,0.891454815864563,0.05542321130633354,0.8630191683769226,0.9256006479263306,6.073282718658447,5.700432777404785,380.0,0.31742656230926514,,,,,,,,,,,,
28,,,73949,4.0,0.989799976348877,0.9077444076538086,0.021566275507211685,0.9206899404525757,0.8956218361854553,4.281213760375977,3.967301368713379,221.0,0.2923458218574524,,,,,,,,,,,,
28,,,73959,4.0,0.9876999855041504,0.9610438942909241,0.042308881878852844,0.9852184057235718,0.9396523833274841,4.612185955047607,4.290739059448242,1003.0,0.2791382074356079,,,,,,,,,,,,
28,,,73969,4.0,0.9907000064849854,0.8907267451286316,0.025808388367295265,0.9242347478866577,0.8623448610305786,5.4959211349487305,4.847144603729248,325.0,0.6229681372642517,,,,,,,,,,,,
,8.083889915582235e-05,0.0008083889915582234,73979,,,,,,,,,,,,,,,,,,,,,,
29,,,73979,4.0,0.9876499772071838,0.9161233901977539,0.03702792152762413,0.9287979602813721,0.9042414426803589,5.48992919921875,4.9416823387146,305.0,0.5112188458442688,,,,,,,,,,,,
29,,,73989,4.0,0.9884499907493591,0.9606666564941406,0.026097934693098068,0.9527915120124817,0.9688835740089417,3.8560099601745605,3.5590202808380127,742.0,0.2708917260169983,,,,,,,,,,,,
29,,,73999,4.0,0.9858499765396118,0.8515428304672241,0.03141894191503525,0.8826225399971008,0.825383722782135,4.6147966384887695,4.218480110168457,231.0,0.36489781737327576,,,,,,,,,,,,
29,,,74009,4.0,0.98294997215271,0.956486701965332,0.04883432760834694,0.9707760810852051,0.9433014392852783,3.871711015701294,3.4825308322906494,948.0,0.3403457999229431,,,,,,,,,,,,
29,,,74019,4.0,0.9918500185012817,0.9400457143783569,0.03056400828063488,0.96393883228302,0.9186689257621765,4.067926406860352,3.8016769886016846,271.0,0.235685333609581,,,,,,,,,,,,
29,,,74029,4.0,0.9904500246047974,0.8826400637626648,0.020759839564561844,0.882189929485321,0.8830913305282593,4.917794704437256,4.582838535308838,164.0,0.31419628858566284,,,,,,,,,,,,
29,,,74039,4.0,0.9889000058174133,0.9645657539367676,0.029531322419643402,0.9775323867797852,0.9524365663528442,4.18895959854126,3.8844008445739746,718.0,0.27502763271331787,,,,,,,,,,,,
29,,,74049,4.0,0.9866999983787537,0.9632026553153992,0.030142471194267273,0.9700914025306702,0.9565693140029907,3.9816882610321045,3.761765241622925,873.0,0.18978054821491241,,,,,,,,,,,,
29,,,74059,4.0,0.9857000112533569,0.964401125907898,0.03916091099381447,0.9550079703330994,0.9743362665176392,4.863815784454346,4.450889587402344,1058.0,0.37376531958580017,,,,,,,,,,,,
29,,,74069,4.0,0.988349974155426,0.9619108438491821,0.027711238712072372,0.9658521413803101,0.9580504298210144,4.1227593421936035,3.67862868309021,1009.0,0.4164196252822876,,,,,,,,,,,,
29,,,74079,4.0,0.9924499988555908,0.8824609518051147,0.01927482895553112,0.918501615524292,0.852324903011322,4.551354885101318,4.402816295623779,152.0,0.12926407158374786,,,,,,,,,,,,
29,,,74089,4.0,0.9864500164985657,0.9448726773262024,0.036080725491046906,0.9242200255393982,0.9680497646331787,4.487403392791748,3.863999843597412,540.0,0.5873227715492249,,,,,,,,,,,,
29,,,74099,4.0,0.992900013923645,0.9700859785079956,0.018002759665250778,0.9739272594451904,0.9663162231445312,3.853055715560913,3.5011799335479736,871.0,0.33387306332588196,,,,,,,,,,,,
29,,,74109,4.0,0.9853500127792358,0.9497642517089844,0.037069667130708694,0.9511976838111877,0.948341965675354,4.678422927856445,4.189985752105713,856.0,0.4513673484325409,,,,,,,,,,,,
29,,,74119,4.0,0.9891499876976013,0.9731086492538452,0.027885256335139275,0.9722954630851746,0.9739255905151367,3.963836431503296,3.545929431915283,810.0,0.39002183079719543,,,,,,,,,,,,
29,,,74129,4.0,0.9737499952316284,0.8993597030639648,0.061716072261333466,0.8794416189193726,0.921983003616333,6.510887145996094,5.695376396179199,520.0,0.7537949085235596,,,,,,,,,,,,
29,,,74139,4.0,0.9883999824523926,0.9537363052368164,0.027473105117678642,0.9481785893440247,0.9594588875770569,5.863945484161377,4.921161651611328,578.0,0.9153110384941101,,,,,,,,,,,,
29,,,74149,4.0,0.9879000186920166,0.9553548097610474,0.03031357191503048,0.9423329830169678,0.9693318605422974,4.970191478729248,4.706866264343262,1211.0,0.23301191627979279,,,,,,,,,,,,
29,,,74159,4.0,0.9847000241279602,0.9430812001228333,0.03191607818007469,0.9263941049575806,0.9614198207855225,4.759096622467041,4.477968215942383,839.0,0.24921229481697083,,,,,,,,,,,,
29,,,74169,4.0,0.984749972820282,0.901716411113739,0.04056129232048988,0.9053212404251099,0.8981815576553345,6.411055088043213,6.030508995056152,398.0,0.33998480439186096,,,,,,,,,,,,
29,,,74179,4.0,0.9831500053405762,0.8667240142822266,0.03577017784118652,0.8159008026123047,0.9394233226776123,4.888211727142334,4.648707866668701,208.0,0.20373393595218658,,,,,,,,,,,,
29,,,74189,4.0,0.9883999824523926,0.9618350267410278,0.027679668739438057,0.9717219471931458,0.9524416923522949,4.06834077835083,3.594304323196411,835.0,0.44635656476020813,,,,,,,,,,,,
29,,,74199,4.0,0.9853500127792358,0.9199694395065308,0.033173561096191406,0.9205926060676575,0.919348418712616,4.550749778747559,4.323083877563477,473.0,0.19449231028556824,,,,,,,,,,,,
29,,,74209,4.0,0.9865000247955322,0.8667272329330444,0.025371789932250977,0.8681055307388306,0.8653598427772522,5.632625102996826,5.381844520568848,185.0,0.22540880739688873,,,,,,,,,,,,
29,,,74219,4.0,0.9905499815940857,0.9641706347465515,0.024457432329654694,0.9710858464241028,0.9574915170669556,4.018983840942383,3.766935348510742,890.0,0.22759123146533966,,,,,,,,,,,,
29,,,74229,4.0,0.9832500219345093,0.9370251893997192,0.040993742644786835,0.9259684085845947,0.9487931728363037,4.705153942108154,4.417931079864502,660.0,0.24622894823551178,,,,,,,,,,,,
29,,,74239,4.0,0.9897500276565552,0.9562503099441528,0.024666519835591316,0.9461237788200378,0.9669268131256104,3.7517905235290527,3.505932569503784,760.0,0.22119151055812836,,,,,,,,,,,,
29,,,74249,4.0,0.984499990940094,0.9447526931762695,0.034084923565387726,0.9552624225616455,0.934810221195221,4.202723026275635,3.935389280319214,938.0,0.2332487851381302,,,,,,,,,,,,
29,,,74259,4.0,0.9854999780654907,0.79982990026474,0.03702476620674133,0.8968945145606995,0.742096483707428,5.466603755950928,5.283554553985596,268.0,0.1460241675376892,,,,,,,,,,,,
29,,,74269,4.0,0.9893500208854675,0.9454187154769897,0.023028504103422165,0.9676997661590576,0.9253983497619629,3.713165283203125,3.381647825241089,814.0,0.30848875641822815,,,,,,,,,,,,
29,,,74279,4.0,0.9861000180244446,0.9192245602607727,0.03734947368502617,0.8871982097625732,0.9578200578689575,3.7897064685821533,3.4651498794555664,460.0,0.28720709681510925,,,,,,,,,,,,
29,,,74289,4.0,0.9897500276565552,0.9664148092269897,0.024858631193637848,0.9698857069015503,0.9630062580108643,3.711759567260742,3.3291165828704834,884.0,0.3577841520309448,,,,,,,,,,,,
29,,,74299,4.0,0.9919499754905701,0.8715813159942627,0.02794148214161396,0.8768219947814941,0.8664898872375488,4.288985252380371,3.9103403091430664,154.0,0.3507036864757538,,,,,,,,,,,,
29,,,74309,4.0,0.9817500114440918,0.9300771355628967,0.04579878970980644,0.9449718594551086,0.9163174629211426,7.473589897155762,5.8285651206970215,835.0,1.5992257595062256,,,,,,,,,,,,
29,,,74319,4.0,0.9948999881744385,0.955756664276123,0.013991589657962322,0.9579997062683105,0.9535369873046875,3.937256097793579,3.800473213195801,245.0,0.12279132753610611,,,,,,,,,,,,
29,,,74329,4.0,0.9892500042915344,0.9735987186431885,0.02694639004766941,0.9765791893005371,0.9706681966781616,3.7494945526123047,3.538278102874756,848.0,0.18427012860774994,,,,,,,,,,,,
29,,,74339,4.0,0.9873499870300293,0.9660111665725708,0.03278310224413872,0.971757173538208,0.9604446887969971,4.497487545013428,4.136596202850342,902.0,0.3281084895133972,,,,,,,,,,,,
29,,,74349,4.0,0.9887499809265137,0.9559966325759888,0.026862218976020813,0.9608264565467834,0.951284646987915,4.200237274169922,3.94264817237854,851.0,0.2307269424200058,,,,,,,,,,,,
29,,,74359,4.0,0.979200005531311,0.9241613149642944,0.052919887006282806,0.9585550427436829,0.895393967628479,5.300321102142334,4.4602460861206055,719.0,0.7871551513671875,,,,,,,,,,,,
29,,,74369,4.0,0.98294997215271,0.9009716510772705,0.04267255961894989,0.9112143516540527,0.8912819623947144,5.320413112640381,5.055630207061768,281.0,0.22211028635501862,,,,,,,,,,,,
29,,,74379,4.0,0.9933500289916992,0.9065827131271362,0.015357954427599907,0.8747419118881226,0.9446386694908142,4.419898509979248,4.227657318115234,193.0,0.1768830120563507,,,,,,,,,,,,
29,,,74389,4.0,0.9912499785423279,0.9558058977127075,0.029261432588100433,0.9580866098403931,0.9535506963729858,3.848759651184082,3.4642722606658936,485.0,0.3552260994911194,,,,,,,,,,,,
29,,,74399,4.0,0.9874500036239624,0.9525713920593262,0.0314096137881279,0.9629673957824707,0.9427139163017273,4.290286540985107,3.6819472312927246,1108.0,0.5769296884536743,,,,,,,,,,,,
29,,,74409,4.0,0.9793000221252441,0.8887307047843933,0.045067280530929565,0.8813520073890686,0.896440327167511,5.751341342926025,5.29356575012207,436.0,0.41270819306373596,,,,,,,,,,,,
29,,,74419,4.0,0.9908999800682068,0.9362339973449707,0.02413003519177437,0.94023597240448,0.9323104023933411,4.809466361999512,4.297183990478516,313.0,0.48815229535102844,,,,,,,,,,,,
29,,,74429,4.0,0.9886500239372253,0.928952693939209,0.027685390785336494,0.9267500638961792,0.9311805963516235,5.542802333831787,4.7968220710754395,426.0,0.7182950377464294,,,,,,,,,,,,
29,,,74439,4.0,0.9858999848365784,0.8982906937599182,0.0308744627982378,0.8657587766647339,0.937876284122467,5.32667875289917,4.950684547424316,234.0,0.3451199531555176,,,,,,,,,,,,
29,,,74449,4.0,0.9810500144958496,0.803921103477478,0.05579783767461777,0.8948588967323303,0.7485008239746094,5.201467990875244,4.997363567352295,232.0,0.1483064442873001,,,,,,,,,,,,
29,,,74459,4.0,0.9868999719619751,0.9332002401351929,0.029903564602136612,0.9277338981628418,0.9388272762298584,3.911893844604492,3.751696825027466,429.0,0.13029341399669647,,,,,,,,,,,,
29,,,74469,4.0,0.9857500195503235,0.9536875486373901,0.033195219933986664,0.9437799453735352,0.964159369468689,4.205714225769043,3.945516347885132,932.0,0.2270028293132782,,,,,,,,,,,,
29,,,74479,4.0,0.9891999959945679,0.9209297299385071,0.02674591727554798,0.9505124092102051,0.8952664732933044,5.74610710144043,5.464963912963867,410.0,0.2543971836566925,,,,,,,,,,,,
29,,,74489,4.0,0.9879999756813049,0.9287573099136353,0.03183971717953682,0.9296880960464478,0.9278310537338257,5.6197991371154785,5.3724164962768555,589.0,0.21554270386695862,,,,,,,,,,,,
29,,,74499,4.0,0.9879500269889832,0.8649346828460693,0.026007099077105522,0.8340256214141846,0.902593195438385,3.588527202606201,3.2561419010162354,272.0,0.3063780665397644,,,,,,,,,,,,
29,,,74509,4.0,0.9887999892234802,0.9741424322128296,0.027273468673229218,0.9716877937316895,0.9766329526901245,3.654036521911621,3.243906021118164,915.0,0.3828570544719696,,,,,,,,,,,,
29,,,74519,4.0,0.9818500280380249,0.9547557830810547,0.04547896608710289,0.9560768008232117,0.9534450769424438,4.7034502029418945,4.2066450119018555,879.0,0.4513263702392578,,,,,,,,,,,,
29,,,74529,4.0,0.9873499870300293,0.9006781578063965,0.031237851828336716,0.8901152610778809,0.9118801355361938,5.1163716316223145,4.909794807434082,231.0,0.1753389537334442,,,,,,,,,,,,
29,,,74539,4.0,0.9870499968528748,0.9111565351486206,0.03268403559923172,0.9232659339904785,0.8997805118560791,5.184988021850586,4.879913806915283,304.0,0.27239012718200684,,,,,,,,,,,,
29,,,74549,4.0,0.9894000291824341,0.9550083875656128,0.024128390476107597,0.9556849598884583,0.9543341398239136,3.606870412826538,3.366421937942505,946.0,0.21632009744644165,,,,,,,,,,,,
29,,,74559,4.0,0.9825500249862671,0.9227411150932312,0.042081933468580246,0.9490376710891724,0.89975905418396,4.95896053314209,4.493831634521484,855.0,0.4230472147464752,,,,,,,,,,,,
29,,,74569,4.0,0.9866499900817871,0.9555767774581909,0.038399722427129745,0.9626832008361816,0.9487321376800537,5.686227798461914,4.471997261047363,1306.0,1.1758307218551636,,,,,,,,,,,,
29,,,74579,4.0,0.9905499815940857,0.9425575733184814,0.024682963266968727,0.9586704969406128,0.9276444911956787,4.64790678024292,4.266280651092529,350.0,0.35694295167922974,,,,,,,,,,,,
29,,,74589,4.0,0.9905499815940857,0.9675766825675964,0.0269454475492239,0.9544053673744202,0.9817140102386475,4.605824947357178,3.7125914096832275,1079.0,0.8662880659103394,,,,,,,,,,,,
29,,,74599,4.0,0.9916999936103821,0.963493824005127,0.02389838732779026,0.9581891298294067,0.968942403793335,3.6265106201171875,3.311971426010132,866.0,0.29064086079597473,,,,,,,,,,,,
29,,,74609,4.0,0.9922500252723694,0.8682173490524292,0.023898381739854813,0.872520923614502,0.8640156984329224,3.997283458709717,3.751070022583008,117.0,0.2223150134086609,,,,,,,,,,,,
29,,,74619,4.0,0.9839000105857849,0.9299980401992798,0.03992225602269173,0.9139904975891113,0.9475210905075073,3.923740863800049,3.6438791751861572,733.0,0.23993948101997375,,,,,,,,,,,,
29,,,74629,4.0,0.9855499863624573,0.9448903799057007,0.03325582668185234,0.9692524671554565,0.9233348369598389,4.530941009521484,4.294642925262451,809.0,0.20304201543331146,,,,,,,,,,,,
29,,,74639,4.0,0.9767000079154968,0.8848657011985779,0.06190800294280052,0.9222047328948975,0.8543189764022827,5.247003078460693,4.366518020629883,625.0,0.8185774683952332,,,,,,,,,,,,
29,,,74649,4.0,0.9885500073432922,0.9153062701225281,0.026789218187332153,0.9088467955589294,0.9219915866851807,5.0438361167907715,4.557724475860596,396.0,0.4593222737312317,,,,,,,,,,,,
29,,,74659,4.0,0.9786499738693237,0.9380201697349548,0.05494000390172005,0.9489624500274658,0.9277362823486328,5.616363048553467,5.067434787750244,757.0,0.4939878582954407,,,,,,,,,,,,
29,,,74669,4.0,0.9822499752044678,0.9302901029586792,0.0442429818212986,0.9372789859771729,0.9235602617263794,5.039848327636719,4.894372940063477,650.0,0.1012326031923294,,,,,,,,,,,,
29,,,74679,4.0,0.9745500087738037,0.8066926002502441,0.05734267085790634,0.8051812648773193,0.8082204461097717,7.480818271636963,7.20566987991333,458.0,0.21780574321746826,,,,,,,,,,,,
29,,,74689,4.0,0.9762499928474426,0.875881552696228,0.05429033935070038,0.8634722232818604,0.8892989158630371,6.5209760665893555,6.1014084815979,438.0,0.36527711153030396,,,,,,,,,,,,
29,,,74699,4.0,0.9820500016212463,0.9368777275085449,0.04271317645907402,0.9266505241394043,0.9477207064628601,4.875647068023682,4.344818592071533,677.0,0.48811519145965576,,,,,,,,,,,,
29,,,74709,4.0,0.9716500043869019,0.9184266328811646,0.07644689083099365,0.9148679971694946,0.922065258026123,6.141801357269287,5.719969749450684,1376.0,0.34538471698760986,,,,,,,,,,,,
29,,,74719,4.0,0.9803500175476074,0.8939116597175598,0.04459601268172264,0.940670371055603,0.8570373058319092,5.2049665451049805,4.990426063537598,366.0,0.1699441522359848,,,,,,,,,,,,
29,,,74729,4.0,0.9761499762535095,0.8264487981796265,0.05419261008501053,0.8878626227378845,0.7830240726470947,6.398894786834717,5.835681438446045,371.0,0.5090209245681763,,,,,,,,,,,,
29,,,74739,4.0,0.9858499765396118,0.9531751871109009,0.03295942395925522,0.9520511627197266,0.9543061256408691,4.063107967376709,3.760962724685669,875.0,0.2691856324672699,,,,,,,,,,,,
29,,,74749,4.0,0.986299991607666,0.9655895233154297,0.032676514238119125,0.9674135446548462,0.9637844562530518,4.650667190551758,4.215094566345215,979.0,0.4028959274291992,,,,,,,,,,,,
29,,,74759,4.0,0.9887499809265137,0.9408174753189087,0.03155672177672386,0.938535213470459,0.9431266784667969,3.80973482131958,3.314089298248291,843.0,0.46408897638320923,,,,,,,,,,,,
29,,,74769,4.0,0.9708499908447266,0.8625502586364746,0.06153395399451256,0.8399020433425903,0.8890378475189209,6.187808990478516,5.7058234214782715,610.0,0.42045164108276367,,,,,,,,,,,,
29,,,74779,4.0,0.9828500151634216,0.948837161064148,0.04213528335094452,0.9704909324645996,0.9295415878295898,4.020545959472656,3.5843706130981445,907.0,0.39403998851776123,,,,,,,,,,,,
29,,,74789,4.0,0.9790499806404114,0.9208263158798218,0.04986199736595154,0.9464185237884521,0.8984862565994263,5.45998477935791,5.199946880340576,710.0,0.21017605066299438,,,,,,,,,,,,
29,,,74799,4.0,0.9825000166893005,0.9008182287216187,0.04101777821779251,0.9250229597091675,0.8794984817504883,4.911693572998047,4.434154510498047,329.0,0.43652090430259705,,,,,,,,,,,,
29,,,74809,4.0,0.983299970626831,0.9320811033248901,0.04044220596551895,0.9503383636474609,0.9154741168022156,4.538634777069092,4.19527006149292,663.0,0.3029227554798126,,,,,,,,,,,,
29,,,74819,4.0,0.986050009727478,0.8452925682067871,0.03389895707368851,0.9033504724502563,0.8024989366531372,5.0041069984436035,4.606134414672852,268.0,0.364073783159256,,,,,,,,,,,,
29,,,74829,4.0,0.9819499850273132,0.944750189781189,0.04573041573166847,0.938927412033081,0.9507710933685303,4.1864166259765625,3.8495147228240967,868.0,0.29117146134376526,,,,,,,,,,,,
29,,,74839,4.0,0.9916999936103821,0.9667598009109497,0.019431034103035927,0.9733434915542603,0.9603868722915649,3.9555115699768066,3.5953047275543213,939.0,0.3407757580280304,,,,,,,,,,,,
29,,,74849,4.0,0.9850999712944031,0.9136871695518494,0.04238983616232872,0.9110897779464722,0.9163214564323425,4.1859540939331055,3.971902370452881,395.0,0.17166192829608917,,,,,,,,,,,,
29,,,74859,4.0,0.988349974155426,0.9630153179168701,0.028117425739765167,0.9538774490356445,0.9726231098175049,4.210402488708496,3.8359930515289307,964.0,0.34629201889038086,,,,,,,,,,,,
29,,,74869,4.0,0.9782500267028809,0.8805936574935913,0.059849876910448074,0.8673433065414429,0.8949742317199707,4.709996700286865,4.286059379577637,478.0,0.3640875518321991,,,,,,,,,,,,
29,,,74879,4.0,0.9874500036239624,0.922856330871582,0.030776413157582283,0.9128958582878113,0.9333643913269043,5.282783031463623,4.624626159667969,279.0,0.6273803114891052,,,,,,,,,,,,
29,,,74889,4.0,0.9750000238418579,0.9115859270095825,0.05932682007551193,0.8996942043304443,0.9243782758712769,5.676929950714111,5.075974941253662,496.0,0.5416281819343567,,,,,,,,,,,,
29,,,74899,4.0,0.9816499948501587,0.8466833829879761,0.05954403802752495,0.8635612726211548,0.8314154148101807,5.806483745574951,5.179022789001465,301.0,0.5679168105125427,,,,,,,,,,,,
29,,,74909,4.0,0.9912999868392944,0.9428110718727112,0.02188967540860176,0.9482435584068298,0.9375207424163818,5.608480453491211,5.132570266723633,355.0,0.454020619392395,,,,,,,,,,,,
29,,,74919,4.0,0.9739500284194946,0.9315185546875,0.06198418512940407,0.9323241710662842,0.930716872215271,4.865546226501465,4.524019718170166,887.0,0.27954259514808655,,,,,,,,,,,,
29,,,74929,4.0,0.9839500188827515,0.8726750612258911,0.03781457990407944,0.942797064781189,0.8228774070739746,5.4088544845581055,5.034011363983154,352.0,0.33702853322029114,,,,,,,,,,,,
29,,,74939,4.0,0.9916499853134155,0.9362156987190247,0.01937120594084263,0.9428462982177734,0.929796040058136,4.0104079246521,3.863614082336426,282.0,0.12742260098457336,,,,,,,,,,,,
29,,,74949,4.0,0.9829999804496765,0.9114485383033752,0.03824527561664581,0.8942012786865234,0.9305036067962646,4.886273384094238,4.433943271636963,486.0,0.41408470273017883,,,,,,,,,,,,
29,,,74959,4.0,0.9861000180244446,0.9700450301170349,0.03584274649620056,0.967105507850647,0.9730386734008789,4.55251932144165,3.93100643157959,977.0,0.5856702327728271,,,,,,,,,,,,
29,,,74969,4.0,0.9876499772071838,0.8370845317840576,0.030980831012129784,0.8392362594604492,0.8349612951278687,5.1038126945495605,4.787179470062256,236.0,0.2856520116329193,,,,,,,,,,,,
29,,,74979,4.0,0.9879000186920166,0.9654644727706909,0.03081643022596836,0.9583264589309692,0.9728941321372986,4.173496246337891,3.6391210556030273,1029.0,0.5035589337348938,,,,,,,,,,,,
29,,,74989,4.0,0.9808499813079834,0.9218131303787231,0.04635518044233322,0.9490115642547607,0.8981996774673462,4.770650863647461,4.369503974914551,713.0,0.3547918200492859,,,,,,,,,,,,
29,,,74999,4.0,0.9883000254631042,0.9303120374679565,0.028097491711378098,0.9150407314300537,0.9468880891799927,5.0296125411987305,4.439423084259033,534.0,0.5620920658111572,,,,,,,,,,,,
29,,,75009,4.0,0.9903500080108643,0.9258627891540527,0.02449137344956398,0.934277355670929,0.9177929759025574,5.408796310424805,4.882053375244141,382.0,0.5022516250610352,,,,,,,,,,,,
29,,,75019,4.0,0.9857000112533569,0.9156503081321716,0.03269704058766365,0.9508383870124817,0.886039674282074,5.330414772033691,4.4218010902404785,352.0,0.8759165406227112,,,,,,,,,,,,
29,,,75029,4.0,0.9897500276565552,0.9515061378479004,0.025384780019521713,0.9431503415107727,0.9602305889129639,5.712152481079102,5.307459831237793,563.0,0.3793075680732727,,,,,,,,,,,,
29,,,75039,4.0,0.9912999868392944,0.9630454778671265,0.019459355622529984,0.960652232170105,0.9654678106307983,4.259525299072266,3.8585846424102783,918.0,0.38148123025894165,,,,,,,,,,,,
29,,,75049,4.0,0.9783999919891357,0.8603782057762146,0.05772349238395691,0.8944330215454102,0.8322255611419678,5.165929317474365,4.43365478515625,381.0,0.6745510101318359,,,,,,,,,,,,
29,,,75059,4.0,0.98294997215271,0.8819804191589355,0.06204063817858696,0.9131449460983276,0.8555492162704468,4.805230140686035,4.463918685913086,381.0,0.27927079796791077,,,,,,,,,,,,
29,,,75069,4.0,0.9910500049591064,0.9207393527030945,0.02272559516131878,0.9311865568161011,0.9108190536499023,4.876387596130371,4.2688822746276855,358.0,0.5847797989845276,,,,,,,,,,,,
29,,,75079,4.0,0.98580002784729,0.8368186950683594,0.03933633118867874,0.9623318910598755,0.7666811943054199,5.542277812957764,5.3669209480285645,324.0,0.13602060079574585,,,,,,,,,,,,
29,,,75089,4.0,0.9847000241279602,0.9333238005638123,0.035376496613025665,0.9521238803863525,0.9162434339523315,4.129251956939697,3.7835934162139893,880.0,0.3102818429470062,,,,,,,,,,,,
29,,,75099,4.0,0.9796000123023987,0.8726679086685181,0.07337453961372375,0.9143378138542175,0.8392953872680664,6.348915100097656,6.1075334548950195,372.0,0.16800685226917267,,,,,,,,,,,,
29,,,75109,4.0,0.9841499924659729,0.9577723741531372,0.03114284574985504,0.9631556272506714,0.9525505304336548,3.760373592376709,3.433455467224121,920.0,0.29577523469924927,,,,,,,,,,,,
29,,,75119,4.0,0.9878000020980835,0.8998716473579407,0.02675638720393181,0.8845416307449341,0.9165829420089722,4.678773403167725,4.242732048034668,205.0,0.40928488969802856,,,,,,,,,,,,
29,,,75129,4.0,0.9801499843597412,0.9190698862075806,0.042380377650260925,0.9216113090515137,0.9165643453598022,4.833945274353027,4.446758270263672,622.0,0.34480682015419006,,,,,,,,,,,,
29,,,75139,4.0,0.9904500246047974,0.9270491003990173,0.025111261755228043,0.9304229021072388,0.9237319231033325,4.834812641143799,4.327362060546875,337.0,0.4823392629623413,,,,,,,,,,,,
29,,,75149,4.0,0.9925500154495239,0.977092444896698,0.019575398415327072,0.9818505048751831,0.972449779510498,3.4911599159240723,3.155339479446411,847.0,0.3162449896335602,,,,,,,,,,,,
29,,,75159,4.0,0.9761000275611877,0.9266039133071899,0.05537566542625427,0.9092599153518677,0.9459317922592163,5.348268508911133,4.948179721832275,894.0,0.3447132706642151,,,,,,,,,,,,
29,,,75169,4.0,0.991349995136261,0.947067379951477,0.02216237597167492,0.9273139238357544,0.9689552187919617,4.062656879425049,3.3029723167419434,251.0,0.7375219464302063,,,,,,,,,,,,
29,,,75179,4.0,0.9873499870300293,0.9381191730499268,0.0315181165933609,0.9214776754379272,0.9563348889350891,3.9678854942321777,3.32066011428833,785.0,0.615707278251648,,,,,,,,,,,,
29,,,75189,4.0,0.9876999855041504,0.9577860832214355,0.029550347477197647,0.9567309617996216,0.9588470458984375,4.4687275886535645,4.127967357635498,904.0,0.31120985746383667,,,,,,,,,,,,
29,,,75199,4.0,0.9912999868392944,0.918239176273346,0.019623881205916405,0.9512624144554138,0.8899716138839722,5.255197525024414,4.9887542724609375,222.0,0.24681955575942993,,,,,,,,,,,,
29,,,75209,4.0,0.9869999885559082,0.7514233589172363,0.0362071692943573,0.9082627296447754,0.6832106113433838,4.960853099822998,4.669638633728027,175.0,0.2550073266029358,,,,,,,,,,,,
29,,,75219,4.0,0.9901999831199646,0.9582178592681885,0.025024179369211197,0.9662396907806396,0.9505091905593872,4.47753381729126,3.8918445110321045,595.0,0.5606651902198792,,,,,,,,,,,,
29,,,75229,4.0,0.9800999760627747,0.9536367654800415,0.0468783862888813,0.941347599029541,0.9669310450553894,5.261003494262695,4.883174419403076,1031.0,0.33095094561576843,,,,,,,,,,,,
29,,,75239,4.0,0.9933000206947327,0.966448187828064,0.022779731079936028,0.9719535708427429,0.9610856771469116,3.907120704650879,3.4901282787323,725.0,0.3942126929759979,,,,,,,,,,,,
29,,,75249,4.0,0.9828000068664551,0.8927642703056335,0.04780939221382141,0.8823124170303345,0.903871476650238,5.505488395690918,5.173103332519531,324.0,0.28457528352737427,,,,,,,,,,,,
29,,,75259,4.0,0.9848499894142151,0.8722172975540161,0.03405559062957764,0.870749831199646,0.8736974000930786,5.626834869384766,4.739284515380859,372.0,0.8534944653511047,,,,,,,,,,,,
29,,,75269,4.0,0.9869499802589417,0.9387732744216919,0.029851200059056282,0.9618039131164551,0.9182137250900269,5.167971134185791,4.594776630401611,400.0,0.5433430075645447,,,,,,,,,,,,
29,,,75279,4.0,0.9901000261306763,0.9567573070526123,0.024303356185555458,0.9720405340194702,0.9425710439682007,3.627948522567749,3.377593994140625,718.0,0.22605113685131073,,,,,,,,,,,,
29,,,75289,4.0,0.9801999926567078,0.9259159564971924,0.04977365583181381,0.912023663520813,0.9409862756729126,4.5269975662231445,4.000631332397461,712.0,0.4765925407409668,,,,,,,,,,,,
29,,,75299,4.0,0.9846500158309937,0.9360555410385132,0.03581126779317856,0.9108213782310486,0.9652402400970459,6.039793968200684,5.06688117980957,550.0,0.9371013641357422,,,,,,,,,,,,
29,,,75309,4.0,0.989300012588501,0.9659327268600464,0.02513458952307701,0.9620419144630432,0.9699057340621948,5.104948997497559,3.6468868255615234,773.0,1.4329278469085693,,,,,,,,,,,,
29,,,75319,4.0,0.9900000095367432,0.9667149782180786,0.025298655033111572,0.9641338586807251,0.9693313837051392,3.7191879749298096,3.46517276763916,913.0,0.22871652245521545,,,,,,,,,,,,
29,,,75329,4.0,0.9886000156402588,0.9730308055877686,0.029310254380106926,0.9737123250961304,0.9723519086837769,4.411425590515137,4.133113384246826,1296.0,0.249002143740654,,,,,,,,,,,,
29,,,75339,4.0,0.9901000261306763,0.9545161724090576,0.0258288886398077,0.9582449197769165,0.9508562684059143,3.8887364864349365,3.40846586227417,903.0,0.45444178581237793,,,,,,,,,,,,
29,,,75349,4.0,0.9944000244140625,0.9731329679489136,0.01258979830890894,0.9659873247146606,0.9805324077606201,3.7016665935516357,3.374197483062744,915.0,0.31487947702407837,,,,,,,,,,,,
29,,,75359,4.0,0.9860000014305115,0.9226412773132324,0.030298782512545586,0.9264842867851257,0.918874979019165,4.974945068359375,4.700484275817871,409.0,0.24416187405586243,,,,,,,,,,,,
29,,,75369,4.0,0.9876000285148621,0.9470142126083374,0.0357656292617321,0.9401189684867859,0.9541658163070679,5.364610195159912,4.527368545532227,989.0,0.8014758229255676,,,,,,,,,,,,
29,,,75379,4.0,0.9830499887466431,0.8958100080490112,0.03678075969219208,0.8827286958694458,0.9099268913269043,5.190328598022461,4.881721019744873,318.0,0.27182692289352417,,,,,,,,,,,,
29,,,75389,4.0,0.984749972820282,0.9216997027397156,0.03693178668618202,0.9250322580337524,0.9184257984161377,5.1868696212768555,4.761500358581543,498.0,0.38843727111816406,,,,,,,,,,,,
29,,,75399,4.0,0.9856500029563904,0.9356634616851807,0.03389135003089905,0.9615986943244934,0.9128616452217102,4.498781681060791,4.010383605957031,413.0,0.4545069932937622,,,,,,,,,,,,
29,,,75409,4.0,0.988349974155426,0.895077109336853,0.02937864325940609,0.8868765830993652,0.9036589860916138,4.355074882507324,4.08309268951416,281.0,0.24260395765304565,,,,,,,,,,,,
29,,,75419,4.0,0.9787499904632568,0.9181514382362366,0.04888153821229935,0.9171839952468872,0.9191242456436157,5.477148532867432,4.861624717712402,490.0,0.5666423439979553,,,,,,,,,,,,
29,,,75429,4.0,0.9734500050544739,0.883718729019165,0.05255374312400818,0.9350244402885437,0.8446448445320129,6.00700569152832,5.468132495880127,691.0,0.48631930351257324,,,,,,,,,,,,
29,,,75439,4.0,0.9857000112533569,0.9075652360916138,0.03552621975541115,0.8895930051803589,0.927471935749054,3.912104606628418,3.68044114112854,327.0,0.19613729417324066,,,,,,,,,,,,
29,,,75449,4.0,0.9812999963760376,0.9275649785995483,0.0441453717648983,0.9162374138832092,0.9396539330482483,4.838907241821289,4.628897666931152,649.0,0.16586418449878693,,,,,,,,,,,,
29,,,75459,4.0,0.9782500267028809,0.9198250770568848,0.05752904713153839,0.9400873184204102,0.9016724228858948,5.688438415527344,4.99551248550415,931.0,0.6353968381881714,,,,,,,,,,,,
29,,,75469,4.0,0.9799500107765198,0.9474654197692871,0.04102623835206032,0.9625844955444336,0.9335904121398926,4.4545722007751465,4.131406784057617,926.0,0.28213930130004883,,,,,,,,,,,,
29,,,75479,4.0,0.986050009727478,0.8380911350250244,0.048407383263111115,0.8415032625198364,0.8347504138946533,5.318149566650391,4.997790336608887,247.0,0.27195149660110474,,,,,,,,,,,,
29,,,75489,4.0,0.986549973487854,0.9204502701759338,0.03159166872501373,0.9113795757293701,0.9299778342247009,6.292775630950928,5.550871849060059,442.0,0.710312008857727,,,,,,,,,,,,
29,,,75499,4.0,0.9926000237464905,0.9157021641731262,0.027276931330561638,0.9448384046554565,0.8903135061264038,4.7433576583862305,4.382800102233887,224.0,0.33328065276145935,,,,,,,,,,,,
29,,,75509,4.0,0.9839000105857849,0.9606305360794067,0.041773293167352676,0.9628971219062805,0.958393931388855,4.469352722167969,3.9440407752990723,969.0,0.4835384786128998,,,,,,,,,,,,
29,,,75519,4.0,0.9820500016212463,0.860090970993042,0.044579531997442245,0.8546780943870544,0.8656868934631348,5.765832901000977,5.481987476348877,266.0,0.23926568031311035,,,,,,,,,,,,
29,,,75529,4.0,0.9873999953269958,0.8871915340423584,0.039993833750486374,0.861127495765686,0.9176520109176636,4.5354766845703125,4.217437267303467,380.0,0.2780458331108093,,,,,,,,,,,,
29,,,75539,4.0,0.9813500046730042,0.8317475318908691,0.04669368267059326,0.8673056364059448,0.8028649091720581,6.083316802978516,5.5682854652404785,363.0,0.4683377146720886,,,,,,,,,,,,
29,,,75549,4.0,0.9941499829292297,0.9389889240264893,0.015251707285642624,0.9510847926139832,0.9275587201118469,5.376999378204346,4.6976728439331055,366.0,0.664074718952179,,,,,,,,,,,,
29,,,75559,4.0,0.9897500276565552,0.9267972111701965,0.027120862156152725,0.9187679886817932,0.9351692795753479,4.456423759460449,4.139001846313477,371.0,0.2903006672859192,,,,,,,,,,,,
29,,,75569,4.0,0.9912999868392944,0.9609173536300659,0.022748328745365143,0.9544512033462524,0.9675989151000977,5.549681186676025,5.265539646148682,977.0,0.2613929808139801,,,,,,,,,,,,
29,,,75579,4.0,0.9845499992370605,0.9464015960693359,0.03778885677456856,0.9310078620910645,0.9632028341293335,4.670296669006348,4.166747093200684,747.0,0.4657605290412903,,,,,,,,,,,,
29,,,75589,4.0,0.9865999817848206,0.9206175804138184,0.03861059248447418,0.9256821870803833,0.9156849384307861,4.515922546386719,4.038644313812256,443.0,0.4386676251888275,,,,,,,,,,,,
29,,,75599,4.0,0.9855999946594238,0.9175388813018799,0.03882991150021553,0.9107146859169006,0.9246215224266052,5.734943389892578,5.136730194091797,316.0,0.5593835115432739,,,,,,,,,,,,
29,,,75609,4.0,0.9882000088691711,0.919097363948822,0.026979466900229454,0.9368801116943359,0.902824878692627,4.461562633514404,4.225258827209473,406.0,0.20932428538799286,,,,,,,,,,,,
29,,,75619,4.0,0.9839500188827515,0.9022217988967896,0.03585591912269592,0.9304673671722412,0.8777860999107361,5.4823899269104,5.0295844078063965,341.0,0.41694992780685425,,,,,,,,,,,,
29,,,75629,4.0,0.9805999994277954,0.8914998173713684,0.04700406268239021,0.9278534650802612,0.8614243865013123,4.640044212341309,4.387159824371338,547.0,0.20588035881519318,,,,,,,,,,,,
29,,,75639,4.0,0.9836500287055969,0.9611737728118896,0.038583431392908096,0.9577921032905579,0.9646252393722534,4.5010271072387695,3.9286317825317383,1000.0,0.533811628818512,,,,,,,,,,,,
29,,,75649,4.0,0.9814000129699707,0.8396883010864258,0.04893691837787628,0.8718392848968506,0.8129993677139282,5.878002643585205,5.423953056335449,278.0,0.405112624168396,,,,,,,,,,,,
29,,,75659,4.0,0.9829000234603882,0.685882568359375,0.046409618109464645,0.8868342638015747,0.62458336353302,5.0863938331604,4.640594005584717,142.0,0.39939025044441223,,,,,,,,,,,,
29,,,75669,4.0,0.9791499972343445,0.9254354238510132,0.05446700379252434,0.9389787912368774,0.9128616452217102,4.126551628112793,3.603036403656006,963.0,0.469048410654068,,,,,,,,,,,,
29,,,75679,4.0,0.9846500158309937,0.9537109732627869,0.03583668917417526,0.9597384929656982,0.9478788375854492,4.439941883087158,4.1564507484436035,862.0,0.24765458703041077,,,,,,,,,,,,
29,,,75689,4.0,0.9890499711036682,0.9289237260818481,0.027372092008590698,0.9595704078674316,0.9024356603622437,3.5581376552581787,3.333209753036499,675.0,0.19755569100379944,,,,,,,,,,,,
29,,,75699,4.0,0.9850999712944031,0.8815344572067261,0.0340435653924942,0.8798409104347229,0.883244514465332,4.725394248962402,4.508151054382324,251.0,0.18319964408874512,,,,,,,,,,,,
29,,,75709,4.0,0.9828500151634216,0.9065890908241272,0.0404406413435936,0.9063891172409058,0.9067893028259277,5.621358871459961,5.221380710601807,467.0,0.35953769087791443,,,,,,,,,,,,
29,,,75719,4.0,0.98580002784729,0.9089686870574951,0.03526420146226883,0.9319872856140137,0.8884919285774231,4.698695659637451,4.099265098571777,317.0,0.5641665458679199,,,,,,,,,,,,
29,,,75729,4.0,0.9908999800682068,0.9671468734741211,0.02285398170351982,0.9756451845169067,0.9590035080909729,4.275562763214111,3.9095988273620605,680.0,0.34310999512672424,,,,,,,,,,,,
29,,,75739,4.0,0.9871500134468079,0.9217164516448975,0.02934819646179676,0.9286520481109619,0.9150246381759644,4.498347282409668,4.3765740394592285,349.0,0.09242501109838486,,,,,,,,,,,,
29,,,75749,4.0,0.9803500175476074,0.911901593208313,0.04582018777728081,0.8781920671463013,0.9535031318664551,5.041371822357178,4.575230121612549,482.0,0.4203213155269623,,,,,,,,,,,,
29,,,75759,4.0,0.9891999959945679,0.9543626308441162,0.025037163868546486,0.962234377861023,0.9467958211898804,3.746569871902466,3.3078126907348633,898.0,0.41372019052505493,,,,,,,,,,,,
29,,,75769,4.0,0.9886999726295471,0.9273027181625366,0.02768990769982338,0.929334282875061,0.9252920746803284,4.519235134124756,4.04581356048584,386.0,0.4457314610481262,,,,,,,,,,,,
29,,,75779,4.0,0.9882500171661377,0.9341176748275757,0.03405790030956268,0.9206984043121338,0.9485322833061218,3.953955888748169,3.3442015647888184,673.0,0.5756964683532715,,,,,,,,,,,,
29,,,75789,4.0,0.9722499847412109,0.8098621964454651,0.06272489577531815,0.8027870655059814,0.8173156976699829,6.65120792388916,6.276129722595215,277.0,0.3123531937599182,,,,,,,,,,,,
29,,,75799,4.0,0.9887999892234802,0.9635310173034668,0.03192197531461716,0.9675946831703186,0.9595531225204468,5.974459171295166,5.536198616027832,1305.0,0.406338632106781,,,,,,,,,,,,
29,,,75809,4.0,0.9771000146865845,0.9363889098167419,0.05753959342837334,0.9437215328216553,0.9293636083602905,3.9526708126068115,3.6347641944885254,866.0,0.2603670060634613,,,,,,,,,,,,
29,,,75819,4.0,0.9843999743461609,0.9369111061096191,0.03711562976241112,0.9566004276275635,0.9191089868545532,5.033917427062988,4.766300201416016,494.0,0.23050178587436676,,,,,,,,,,,,
29,,,75829,4.0,0.9759500026702881,0.9272241592407227,0.06021316349506378,0.9129446744918823,0.9428260326385498,4.834506988525391,4.329878330230713,654.0,0.444415420293808,,,,,,,,,,,,
29,,,75839,4.0,0.9835000038146973,0.9514250755310059,0.0397212877869606,0.9473682641983032,0.9555766582489014,4.587048530578613,4.301018238067627,813.0,0.24630866944789886,,,,,,,,,,,,
29,,,75849,4.0,0.9884499907493591,0.9646106958389282,0.03398941829800606,0.9692239761352539,0.9601092338562012,3.486598014831543,3.1364357471466064,845.0,0.3161727786064148,,,,,,,,,,,,
29,,,75859,4.0,0.9828500151634216,0.950926661491394,0.04341350868344307,0.9694341421127319,0.9341830015182495,5.757040023803711,5.060810565948486,968.0,0.6528158187866211,,,,,,,,,,,,
29,,,75869,4.0,0.9862499833106995,0.8861872553825378,0.036876000463962555,0.8687942028045654,0.9054524302482605,5.073107719421387,4.752055644989014,333.0,0.2841758728027344,,,,,,,,,,,,
29,,,75879,4.0,0.98580002784729,0.8870999813079834,0.03739865496754646,0.887676477432251,0.8865253925323486,6.038898468017578,5.5201921463012695,368.0,0.4813072681427002,,,,,,,,,,,,
29,,,75889,4.0,0.9850000143051147,0.9473298788070679,0.041878022253513336,0.9305938482284546,0.9657334089279175,4.507669925689697,4.128325939178467,1164.0,0.3374655842781067,,,,,,,,,,,,
29,,,75899,4.0,0.9867500066757202,0.9376792907714844,0.05200909450650215,0.9507120847702026,0.9254782199859619,4.182685375213623,3.576573133468628,766.0,0.5541031956672668,,,,,,,,,,,,
29,,,75909,4.0,0.9850500226020813,0.9171848297119141,0.03431970253586769,0.9009795188903809,0.9349361658096313,5.662715435028076,5.082856178283691,437.0,0.5455394387245178,,,,,,,,,,,,
29,,,75919,4.0,0.9873999953269958,0.9687174558639526,0.034292642027139664,0.9721686840057373,0.9653333425521851,3.960455894470215,3.516409158706665,1066.0,0.4097541570663452,,,,,,,,,,,,
29,,,75929,4.0,0.9789999723434448,0.9171610474586487,0.046628955751657486,0.9194507598876953,0.9149008989334106,4.09235954284668,3.812619209289551,875.0,0.23311151564121246,,,,,,,,,,,,
29,,,75939,4.0,0.9927499890327454,0.8656212091445923,0.01772328093647957,0.8814598917961121,0.8510845303535461,5.0493927001953125,4.658551216125488,159.0,0.37311848998069763,,,,,,,,,,,,
29,,,75949,4.0,0.9882500171661377,0.9034906625747681,0.02675539255142212,0.8946956396102905,0.9127192497253418,4.594405651092529,3.852708101272583,297.0,0.7149423956871033,,,,,,,,,,,,
29,,,75959,4.0,0.9907500147819519,0.9632482528686523,0.02364637516438961,0.9725369811058044,0.9543774127960205,3.426625967025757,3.1827964782714844,807.0,0.22018317878246307,,,,,,,,,,,,
29,,,75969,4.0,0.9902499914169312,0.9476666450500488,0.026027120649814606,0.9679336547851562,0.9292675256729126,4.669805526733398,4.224678993225098,313.0,0.4190991520881653,,,,,,,,,,,,
29,,,75979,4.0,0.9877499938011169,0.9699488878250122,0.03033497929573059,0.9772875308990479,0.9629082083702087,4.3471360206604,4.046140193939209,911.0,0.27066099643707275,,,,,,,,,,,,
29,,,75989,4.0,0.9846000075340271,0.9266787767410278,0.03695788234472275,0.9509000778198242,0.9052425622940063,4.316483974456787,4.064737319946289,685.0,0.21478894352912903,,,,,,,,,,,,
29,,,75999,4.0,0.9924499988555908,0.9270355701446533,0.022442029789090157,0.9362285137176514,0.9182448387145996,4.436847686767578,4.031775951385498,278.0,0.3826296627521515,,,,,,,,,,,,
29,,,76009,4.0,0.9777500033378601,0.8930231928825378,0.05398206040263176,0.850787878036499,0.9491153955459595,4.994044303894043,4.401718616485596,401.0,0.538343608379364,,,,,,,,,,,,
29,,,76019,4.0,0.9814500212669373,0.8435400724411011,0.04241000860929489,0.8080496191978455,0.8892567753791809,6.00961971282959,5.697271347045898,313.0,0.26993829011917114,,,,,,,,,,,,
29,,,76029,4.0,0.9905499815940857,0.906970202922821,0.022726424038410187,0.9248558282852173,0.8906129002571106,5.265217304229736,4.595691680908203,215.0,0.6467989087104797,,,,,,,,,,,,
29,,,76039,4.0,0.9874500036239624,0.8886722326278687,0.030804630368947983,0.9200732707977295,0.8619096279144287,6.388739109039307,5.783417701721191,436.0,0.5745167136192322,,,,,,,,,,,,
29,,,76049,4.0,0.9866499900817871,0.9458012580871582,0.034990742802619934,0.9428391456604004,0.9488102197647095,5.173786163330078,4.734954833984375,549.0,0.40384045243263245,,,,,,,,,,,,
29,,,76059,4.0,0.9908999800682068,0.9566003084182739,0.021770110353827477,0.9527655839920044,0.9605098962783813,4.233386993408203,3.875540256500244,787.0,0.33607661724090576,,,,,,,,,,,,
29,,,76069,4.0,0.9912499785423279,0.9643255472183228,0.0235059205442667,0.9536045789718628,0.9756580591201782,3.919072151184082,3.5314245223999023,487.0,0.3641416132450104,,,,,,,,,,,,
29,,,76079,4.0,0.982699990272522,0.9366470575332642,0.038267236202955246,0.9129544496536255,0.9638922214508057,4.2508344650268555,3.6226437091827393,908.0,0.5899236798286438,,,,,,,,,,,,
29,,,76089,4.0,0.9782000184059143,0.9338525533676147,0.05461743846535683,0.9520053267478943,0.9174368977546692,5.684391975402832,5.102297782897949,1392.0,0.5274766087532043,,,,,,,,,,,,
29,,,76099,4.0,0.9800999760627747,0.9373018145561218,0.05096800997853279,0.9715061783790588,0.9086896181106567,4.840379238128662,4.418065071105957,1102.0,0.37134620547294617,,,,,,,,,,,,
29,,,76109,4.0,0.987500011920929,0.9284191727638245,0.03048158623278141,0.908955454826355,0.9500762820243835,4.730893135070801,4.357368469238281,320.0,0.34304279088974,,,,,,,,,,,,
29,,,76119,4.0,0.9840499758720398,0.962963342666626,0.052706360816955566,0.9887234568595886,0.9406620264053345,3.897906541824341,3.5906288623809814,841.0,0.25457125902175903,,,,,,,,,,,,
29,,,76129,4.0,0.9868500232696533,0.8813661932945251,0.033876944333314896,0.9030478000640869,0.8620404005050659,5.690193176269531,5.572906017303467,276.0,0.08341021090745926,,,,,,,,,,,,
29,,,76139,4.0,0.9858499765396118,0.9341057538986206,0.03432285040616989,0.9282852411270142,0.9401111602783203,5.18288516998291,4.674947261810303,438.0,0.47361496090888977,,,,,,,,,,,,
29,,,76149,4.0,0.98089998960495,0.9301426410675049,0.0472324900329113,0.9423450827598572,0.9187201261520386,5.684658527374268,5.299676895141602,667.0,0.3377491235733032,,,,,,,,,,,,
29,,,76159,4.0,0.9774500131607056,0.9256657361984253,0.060292333364486694,0.8984067440032959,0.9580560922622681,4.922101974487305,4.2235798835754395,1055.0,0.6382296085357666,,,,,,,,,,,,
29,,,76169,4.0,0.9871500134468079,0.9550527334213257,0.03369000926613808,0.9606494307518005,0.9496177434921265,4.5261311531066895,4.247016429901123,846.0,0.24542467296123505,,,,,,,,,,,,
29,,,76179,4.0,0.9811999797821045,0.8980534672737122,0.04426737502217293,0.9012001752853394,0.8949618339538574,4.77946662902832,4.338723182678223,376.0,0.3964763581752777,,,,,,,,,,,,
29,,,76189,4.0,0.9839000105857849,0.944680392742157,0.04032875597476959,0.9588443040847778,0.9315363764762878,4.581000328063965,4.0583295822143555,955.0,0.48234158754348755,,,,,,,,,,,,
29,,,76199,4.0,0.987500011920929,0.9265047311782837,0.02804548107087612,0.9417033195495605,0.9124216437339783,5.814414978027344,5.32703971862793,438.0,0.45932960510253906,,,,,,,,,,,,
29,,,76209,4.0,0.9887999892234802,0.9549582004547119,0.028009045869112015,0.9650464057922363,0.9453691244125366,3.9120895862579346,3.7284438610076904,741.0,0.15563689172267914,,,,,,,,,,,,
29,,,76219,4.0,0.9890000224113464,0.9699114561080933,0.025103140622377396,0.9713504314422607,0.9684838056564331,3.3242075443267822,3.0761330127716064,891.0,0.22297143936157227,,,,,,,,,,,,
29,,,76229,4.0,0.9918500185012817,0.9410130977630615,0.02044181153178215,0.9419040083885193,0.9401260614395142,4.704068660736084,4.098974227905273,263.0,0.584652304649353,,,,,,,,,,,,
29,,,76239,4.0,0.9872999787330627,0.9632608890533447,0.03238428384065628,0.9710105657577515,0.9558282494544983,4.925884246826172,3.626028299331665,1054.0,1.267471432685852,,,,,,,,,,,,
29,,,76249,4.0,0.987500011920929,0.9425709247589111,0.028526807203888893,0.9376001954078674,0.9476732015609741,5.252470016479492,4.280703067779541,514.0,0.9432402849197388,,,,,,,,,,,,
29,,,76259,4.0,0.9940999746322632,0.8964272737503052,0.018620477989315987,0.8833718299865723,0.9104369878768921,4.172910690307617,3.6102521419525146,174.0,0.5440381169319153,,,,,,,,,,,,
29,,,76269,4.0,0.9891499876976013,0.9636119604110718,0.029206518083810806,0.9596165418624878,0.9676932096481323,3.755380630493164,3.5131680965423584,950.0,0.21300603449344635,,,,,,,,,,,,
29,,,76279,4.0,0.9919999837875366,0.9562757611274719,0.019728630781173706,0.9659675359725952,0.9470231533050537,3.5105953216552734,3.142247438430786,575.0,0.3486192524433136,,,,,,,,,,,,
29,,,76289,4.0,0.9879500269889832,0.9486441612243652,0.03093724697828293,0.9508311152458191,0.9464817643165588,4.052211761474609,3.805894613265991,618.0,0.2153797745704651,,,,,,,,,,,,
29,,,76299,4.0,0.9891499876976013,0.9716761112213135,0.024562394246459007,0.9638258218765259,0.979887068271637,3.9510250091552734,3.5733649730682373,1154.0,0.3530977964401245,,,,,,,,,,,,
29,,,76309,4.0,0.98580002784729,0.8929758071899414,0.03334787115454674,0.9475343823432922,0.8510663509368896,5.186903476715088,4.790791988372803,306.0,0.3627636134624481,,,,,,,,,,,,
29,,,76319,4.0,0.9884999990463257,0.9640663862228394,0.028846407309174538,0.9736315011978149,0.9549680948257446,4.251670837402344,3.7951247692108154,893.0,0.42769941687583923,,,,,,,,,,,,
29,,,76329,4.0,0.9911999702453613,0.8576375246047974,0.019992545247077942,0.8668437600135803,0.8488989472389221,4.24362325668335,4.041901111602783,139.0,0.1817299872636795,,,,,,,,,,,,
29,,,76339,4.0,0.9893500208854675,0.935119092464447,0.02828124910593033,0.9453123807907104,0.9254277944564819,3.4709508419036865,3.156921625137329,455.0,0.2857480049133301,,,,,,,,,,,,
29,,,76349,4.0,0.9912999868392944,0.9419674873352051,0.022071627900004387,0.9452558159828186,0.9387319087982178,5.288144588470459,4.8338212966918945,368.0,0.4322514533996582,,,,,,,,,,,,
29,,,76359,4.0,0.9861000180244446,0.9486161470413208,0.034212179481983185,0.9422120451927185,0.9552466869354248,5.092916011810303,4.660908222198486,1039.0,0.39779555797576904,,,,,,,,,,,,
29,,,76369,4.0,0.9925000071525574,0.9085860252380371,0.019002672284841537,0.9134166836738586,0.9038724899291992,5.512131690979004,5.275318145751953,286.0,0.2178112268447876,,,,,,,,,,,,
29,,,76379,4.0,0.9832500219345093,0.9147050380706787,0.041122302412986755,0.9028016328811646,0.9274379014968872,4.196833610534668,3.924063205718994,632.0,0.23164810240268707,,,,,,,,,,,,
29,,,76389,4.0,0.9903500080108643,0.9619724154472351,0.02349158748984337,0.9826618432998657,0.943256139755249,4.070130348205566,3.6900484561920166,907.0,0.3565903604030609,,,,,,,,,,,,
29,,,76399,4.0,0.9861500263214111,0.9235846996307373,0.03286765515804291,0.959456205368042,0.8934360146522522,4.399849891662598,4.189469337463379,400.0,0.17751315236091614,,,,,,,,,,,,
29,,,76409,4.0,0.9846500158309937,0.9574273228645325,0.043769676238298416,0.9507589936256409,0.9643573760986328,5.510901927947998,5.265590190887451,1236.0,0.20154178142547607,,,,,,,,,,,,
29,,,76419,4.0,0.9892500042915344,0.8964890837669373,0.023746216669678688,0.8968508243560791,0.8961280584335327,4.912304401397705,4.590209484100342,256.0,0.2983488440513611,,,,,,,,,,,,
29,,,76429,4.0,0.9922000169754028,0.9526135921478271,0.02046317234635353,0.9551422595977783,0.9501156210899353,5.3425140380859375,4.948057651519775,355.0,0.3739931583404541,,,,,,,,,,,,
29,,,76439,4.0,0.9854999780654907,0.9273877143859863,0.0346892848610878,0.9206190705299377,0.934408962726593,5.04759407043457,4.569207668304443,374.0,0.4436969757080078,,,,,,,,,,,,
29,,,76449,4.0,0.9789999723434448,0.940716028213501,0.05738303065299988,0.9646706581115723,0.9197132587432861,6.176416873931885,5.008983612060547,1372.0,1.1100503206253052,,,,,,,,,,,,
29,,,76459,4.0,0.9920499920845032,0.9670734405517578,0.01899688132107258,0.9606086015701294,0.9737535715103149,3.8755578994750977,3.501173257827759,838.0,0.355387806892395,,,,,,,,,,,,
29,,,76469,4.0,0.9854000210762024,0.9625378847122192,0.043522533029317856,0.9567040801048279,0.9685745239257812,4.958975791931152,4.052041053771973,1099.0,0.8634121417999268,,,,,,,,,,,,
29,,,76479,4.0,0.9897500276565552,0.9444446563720703,0.024103272706270218,0.9403541088104248,0.9486212730407715,5.863298416137695,4.84539270401001,439.0,0.9938024878501892,,,,,,,,,,,,
29,,,76489,4.0,0.9901999831199646,0.9644229412078857,0.024897996336221695,0.9714359045028687,0.9576548337936401,3.84120512008667,3.438728094100952,966.0,0.37757906317710876,,,,,,,,,,,,
29,,,76499,4.0,0.9762499928474426,0.9270461797714233,0.06029205769300461,0.9179272055625916,0.9366846084594727,4.982656478881836,4.465686321258545,1127.0,0.45667773485183716,,,,,,,,,,,,
29,,,76509,4.0,0.9857500195503235,0.8445947170257568,0.03580959886312485,0.872179388999939,0.8210180997848511,5.418941020965576,4.905150890350342,156.0,0.47798046469688416,,,,,,,,,,,,
29,,,76519,4.0,0.9879999756813049,0.9767316579818726,0.030784985050559044,0.9822312593460083,0.9714215397834778,4.273426055908203,3.6884377002716064,1077.0,0.5542031526565552,,,,,,,,,,,,
29,,,76529,4.0,0.9843500256538391,0.8310819864273071,0.0339256189763546,0.8637993931770325,0.8040496706962585,5.338944435119629,4.82899808883667,220.0,0.47602084279060364,,,,,,,,,,,,
29,,,76529,,,,,,,,,,,0.9836112260818481,0.8928753137588501,0.04170703515410423,0.9042147994041443,0.8879879117012024,4.011515140533447,0.14240914583206177,3.9698076248168945,0.14240919053554535,0.14240919053554535,531.0547485351562,15.8336820602417
,7.959536998847744e-05,0.0007959536998847743,76530,,,,,,,,,,,,,,,,,,,,,,
30,,,76539,4.0,0.9623500108718872,0.8543072938919067,0.0830710157752037,0.8860765695571899,0.8282036781311035,7.856685638427734,7.4451093673706055,1305.0,0.32850518822669983,,,,,,,,,,,,
30,,,76549,4.0,0.9848499894142151,0.8915152549743652,0.03309106454253197,0.9291397929191589,0.8604198098182678,5.3065185546875,4.60606575012207,423.0,0.6673617959022522,,,,,,,,,,,,
30,,,76559,4.0,0.9908000230789185,0.9493667483329773,0.02640645205974579,0.9419016242027283,0.9571197032928467,3.959733724594116,3.5479607582092285,586.0,0.38536641001701355,,,,,,,,,,,,
30,,,76569,4.0,0.9915000200271606,0.8820314407348633,0.03522105887532234,0.9372713565826416,0.8396096229553223,4.111098289489746,3.942023277282715,187.0,0.13385413587093353,,,,,,,,,,,,
30,,,76579,4.0,0.9879000186920166,0.9408354759216309,0.028615573421120644,0.9455050230026245,0.9362757205963135,5.873905658721924,4.938161849975586,424.0,0.9071282148361206,,,,,,,,,,,,
30,,,76589,4.0,0.9878000020980835,0.91246497631073,0.0327431745827198,0.9059886336326599,0.9191706776618958,4.371644020080566,3.9381604194641113,325.0,0.40074026584625244,,,,,,,,,,,,
30,,,76599,4.0,0.989799976348877,0.9157677292823792,0.025615554302930832,0.9157677292823792,0.9157677292823792,5.44951057434082,4.295782089233398,494.0,1.128112554550171,,,,,,,,,,,,
30,,,76609,4.0,0.9959999918937683,0.9483469724655151,0.014670292846858501,0.9633089303970337,0.9343599677085876,3.6053085327148438,3.517202138900757,322.0,0.07343611866235733,,,,,,,,,,,,
30,,,76619,4.0,0.9902499914169312,0.9079625606536865,0.0225937832146883,0.9331880807876587,0.8856750726699829,4.944380283355713,4.755427837371826,220.0,0.16635838150978088,,,,,,,,,,,,
30,,,76629,4.0,0.9830999970436096,0.8762696981430054,0.04764897748827934,0.9168795347213745,0.8434070348739624,4.954195976257324,4.622340202331543,235.0,0.28420692682266235,,,,,,,,,,,,
30,,,76639,4.0,0.9893500208854675,0.942557692527771,0.02707531489431858,0.9617581367492676,0.9250596165657043,5.471071243286133,5.022154808044434,371.0,0.4218411445617676,,,,,,,,,,,,
30,,,76649,4.0,0.994700014591217,0.9609845876693726,0.016545822843909264,0.9635233283042908,0.9584758281707764,3.7741153240203857,3.5428082942962646,421.0,0.21476125717163086,,,,,,,,,,,,
30,,,76659,4.0,0.9763500094413757,0.86603182554245,0.0618167370557785,0.8696464896202087,0.8624958992004395,6.618462562561035,5.517700672149658,336.0,1.038944959640503,,,,,,,,,,,,
30,,,76669,4.0,0.9883999824523926,0.921266496181488,0.02944706380367279,0.9310117959976196,0.9119908809661865,5.761170864105225,5.355951309204102,315.0,0.3757726550102234,,,,,,,,,,,,
30,,,76679,4.0,0.9872499704360962,0.9443299770355225,0.03532860800623894,0.9411205053329468,0.9475941061973572,4.752869129180908,4.3640642166137695,409.0,0.35347652435302734,,,,,,,,,,,,
30,,,76689,4.0,0.9894999861717224,0.9527938365936279,0.02982228621840477,0.9386065006256104,0.9680836200714111,3.9629693031311035,3.475745677947998,709.0,0.45740118622779846,,,,,,,,,,,,
30,,,76699,4.0,0.9869999885559082,0.9387272596359253,0.032296761870384216,0.9633307456970215,0.9169219136238098,4.540554046630859,4.38972806930542,592.0,0.11852947622537613,,,,,,,,,,,,
30,,,76709,4.0,0.9894499778747559,0.9565556049346924,0.024155715480446815,0.9699201583862305,0.9440463781356812,4.01506233215332,3.7218332290649414,913.0,0.2690732479095459,,,,,,,,,,,,
30,,,76719,4.0,0.9728500247001648,0.8611116409301758,0.05755205824971199,0.859627366065979,0.8626099228858948,5.898698329925537,5.1528778076171875,430.0,0.6882687211036682,,,,,,,,,,,,
30,,,76729,4.0,0.982200026512146,0.8647029399871826,0.042744096368551254,0.8484816551208496,0.8826656341552734,3.9455766677856445,3.7557215690612793,256.0,0.14711086452007294,,,,,,,,,,,,
30,,,76739,4.0,0.9934999942779541,0.8512980341911316,0.017201971262693405,0.8766199350357056,0.829243540763855,4.209838390350342,4.00002384185791,84.0,0.19261276721954346,,,,,,,,,,,,
30,,,76749,4.0,0.986050009727478,0.9394155144691467,0.034891411662101746,0.9578478336334229,0.9226177930831909,4.852570056915283,3.7591745853424072,880.0,1.0585042238235474,,,,,,,,,,,,
30,,,76759,4.0,0.9853500127792358,0.9287705421447754,0.03305116295814514,0.9181195497512817,0.9400612115859985,5.013296127319336,4.725029945373535,606.0,0.25521498918533325,,,,,,,,,,,,
30,,,76769,4.0,0.9782500267028809,0.9005982875823975,0.047182027250528336,0.9404413104057312,0.8682125210762024,5.042550563812256,4.301773548126221,400.0,0.693594753742218,,,,,,,,,,,,
30,,,76779,4.0,0.9812999963760376,0.9334675073623657,0.04556407779455185,0.9144079685211182,0.9547977447509766,4.945219993591309,3.4382593631744385,984.0,1.461396336555481,,,,,,,,,,,,
30,,,76789,4.0,0.9939500093460083,0.9723503589630127,0.01758742332458496,0.9823155999183655,0.9628440141677856,3.868589162826538,3.643707752227783,759.0,0.20729394257068634,,,,,,,,,,,,
30,,,76799,4.0,0.9837999939918518,0.9130882620811462,0.04192344844341278,0.895216703414917,0.9328901767730713,4.770147800445557,4.398253440856934,468.0,0.3299708366394043,,,,,,,,,,,,
30,,,76809,4.0,0.9898999929428101,0.9656537771224976,0.024288088083267212,0.9598879814147949,0.9715985059738159,4.135809421539307,3.8513224124908447,806.0,0.2601989209651947,,,,,,,,,,,,
30,,,76819,4.0,0.98294997215271,0.9459006786346436,0.041114065796136856,0.9375531673431396,0.9546560049057007,5.3411359786987305,4.53714656829834,977.0,0.7628757357597351,,,,,,,,,,,,
30,,,76829,4.0,0.9856500029563904,0.9291848540306091,0.03168649598956108,0.9123823046684265,0.9476304054260254,5.722355365753174,5.307312965393066,396.0,0.38335612416267395,,,,,,,,,,,,
30,,,76839,4.0,0.9911500215530396,0.9166072607040405,0.02075367048382759,0.8992302417755127,0.9356790781021118,3.8620924949645996,3.721674680709839,229.0,0.11966412514448166,,,,,,,,,,,,
30,,,76849,4.0,0.9821000099182129,0.9071084260940552,0.040603362023830414,0.9233765602111816,0.8921910524368286,4.918281078338623,4.460524559020996,459.0,0.4171532094478607,,,,,,,,,,,,
30,,,76859,4.0,0.9887999892234802,0.9569892883300781,0.027605200186371803,0.9675319194793701,0.946992814540863,4.246464729309082,3.680377721786499,1070.0,0.5384817719459534,,,,,,,,,,,,
30,,,76869,4.0,0.9807000160217285,0.9483304619789124,0.04836447164416313,0.9451308250427246,0.9515913724899292,5.7978034019470215,5.119014263153076,1052.0,0.6304243803024292,,,,,,,,,,,,
30,,,76879,4.0,0.9880499839782715,0.9531638622283936,0.030935773625969887,0.9702943563461304,0.9374365210533142,5.336208343505859,4.399966716766357,1005.0,0.9053056836128235,,,,,,,,,,,,
30,,,76889,4.0,0.9702000021934509,0.9233517050743103,0.07631251215934753,0.905837893486023,0.9430623054504395,5.609238624572754,5.040899753570557,1377.0,0.49202650785446167,,,,,,,,,,,,
30,,,76899,4.0,0.9916999936103821,0.8906489610671997,0.019718386232852936,0.9182775020599365,0.8665837049484253,4.592741012573242,4.2276291847229,170.0,0.3453938961029053,,,,,,,,,,,,
30,,,76909,4.0,0.9833999872207642,0.9337493181228638,0.04083872586488724,0.9477487206459045,0.9207407236099243,4.5641889572143555,4.24785041809082,861.0,0.2754998207092285,,,,,,,,,,,,
30,,,76919,4.0,0.984499990940094,0.8763964772224426,0.03555906191468239,0.9264602661132812,0.8375341892242432,6.034389972686768,5.7848615646362305,421.0,0.2139691859483719,,,,,,,,,,,,
30,,,76929,4.0,0.9800999760627747,0.9229681491851807,0.045499883592128754,0.9307485818862915,0.9155139923095703,5.015414714813232,4.623961448669434,573.0,0.34595349431037903,,,,,,,,,,,,
30,,,76939,4.0,0.9836500287055969,0.9040223956108093,0.035369593650102615,0.906852662563324,0.9012356996536255,4.989458084106445,4.650840759277344,346.0,0.30324795842170715,,,,,,,,,,,,
30,,,76949,4.0,0.985450029373169,0.8797520399093628,0.035067055374383926,0.9006340503692627,0.8610864877700806,5.348819732666016,4.643472194671631,247.0,0.6702802181243896,,,,,,,,,,,,
30,,,76959,4.0,0.9901999831199646,0.9727535843849182,0.02648330107331276,0.964127242565155,0.981805682182312,4.563696384429932,3.601255416870117,996.0,0.9359577298164368,,,,,,,,,,,,
30,,,76969,4.0,0.9883000254631042,0.9503762722015381,0.02769334428012371,0.9631396532058716,0.9384020566940308,4.450067520141602,4.178551197052002,1028.0,0.24382315576076508,,,,,,,,,,,,
30,,,76979,4.0,0.9847000241279602,0.9257067441940308,0.036030206829309464,0.9475398063659668,0.906161367893219,4.314568519592285,4.150507926940918,593.0,0.12803025543689728,,,,,,,,,,,,
30,,,76989,4.0,0.9843999743461609,0.841848611831665,0.04178643971681595,0.808815598487854,0.883466899394989,4.153646469116211,3.974722385406494,296.0,0.13713718950748444,,,,,,,,,,,,
30,,,76999,4.0,0.9922500252723694,0.9455878734588623,0.024632243439555168,0.9362457990646362,0.9553765058517456,4.978160858154297,4.619062900543213,368.0,0.33446550369262695,,,,,,,,,,,,
30,,,77009,4.0,0.9883000254631042,0.950486421585083,0.03055485524237156,0.9589992761611938,0.9423319697380066,5.15839147567749,4.879090785980225,437.0,0.24874576926231384,,,,,,,,,,,,
30,,,77019,4.0,0.9843500256538391,0.9683641195297241,0.03906874358654022,0.9760174751281738,0.9610698223114014,4.35054874420166,3.8812365531921387,1027.0,0.43024325370788574,,,,,,,,,,,,
30,,,77029,4.0,0.9894000291824341,0.9300675392150879,0.033014826476573944,0.9435844421386719,0.9174222350120544,5.919030666351318,5.431148529052734,604.0,0.4548672139644623,,,,,,,,,,,,
30,,,77039,4.0,0.9836000204086304,0.8853784203529358,0.03828469291329384,0.9272017478942871,0.8515920639038086,5.66624116897583,5.352234840393066,341.0,0.27572154998779297,,,,,,,,,,,,
30,,,77049,4.0,0.9882500171661377,0.9727445840835571,0.02778850682079792,0.9703627824783325,0.9751601815223694,4.406750202178955,3.7897441387176514,1069.0,0.5892175436019897,,,,,,,,,,,,
30,,,77059,4.0,0.9894999861717224,0.7007414102554321,0.026591921225190163,0.7752199172973633,0.6585587859153748,5.1882171630859375,4.836105823516846,64.0,0.3255196511745453,,,,,,,,,,,,
30,,,77069,4.0,0.9851999878883362,0.9482471942901611,0.03642888367176056,0.9608460664749146,0.9364519119262695,4.6964430809021,4.236745357513428,807.0,0.4232688844203949,,,,,,,,,,,,
30,,,77079,4.0,0.9900500178337097,0.9531615972518921,0.024531645700335503,0.9440975189208984,0.962659478187561,4.079057216644287,3.565047264099121,709.0,0.48947852849960327,,,,,,,,,,,,
30,,,77089,4.0,0.9886500239372253,0.9520208239555359,0.027858780696988106,0.9628310203552246,0.9417803287506104,3.5722997188568115,3.313267946243286,864.0,0.23117294907569885,,,,,,,,,,,,
30,,,77099,4.0,0.9887499809265137,0.939556896686554,0.029903162270784378,0.933887779712677,0.9453949928283691,5.048584938049316,4.549558639526367,386.0,0.4691234827041626,,,,,,,,,,,,
30,,,77109,4.0,0.9885500073432922,0.9407738447189331,0.027139650657773018,0.9572024345397949,0.92561936378479,5.124688625335693,4.676825523376465,392.0,0.4207232594490051,,,,,,,,,,,,
30,,,77119,4.0,0.9850999712944031,0.932205319404602,0.04208945855498314,0.9515641927719116,0.9146572351455688,4.787569522857666,4.369261741638184,814.0,0.37621834874153137,,,,,,,,,,,,
30,,,77129,4.0,0.984000027179718,0.931063711643219,0.03809480741620064,0.9237256646156311,0.9387043118476868,5.165372848510742,4.701372146606445,577.0,0.4259057939052582,,,,,,,,,,,,
30,,,77139,4.0,0.9793499708175659,0.9336403608322144,0.04558269679546356,0.9551174640655518,0.9145181179046631,4.9741363525390625,4.683835506439209,777.0,0.2447180598974228,,,,,,,,,,,,
30,,,77149,4.0,0.991599977016449,0.9636987447738647,0.020154861733317375,0.966173529624939,0.9612542390823364,3.4849777221679688,3.313441038131714,669.0,0.15138165652751923,,,,,,,,,,,,
30,,,77159,4.0,0.9780499935150146,0.919643759727478,0.0518539734184742,0.9200370907783508,0.9192512035369873,4.906017780303955,4.139768123626709,807.0,0.7143955230712891,,,,,,,,,,,,
30,,,77169,4.0,0.9818999767303467,0.9027065634727478,0.03971894830465317,0.8954366445541382,0.910285234451294,5.280375957489014,4.8868865966796875,319.0,0.35377037525177,,,,,,,,,,,,
30,,,77179,4.0,0.9876000285148621,0.9653086066246033,0.03298346698284149,0.9648916721343994,0.9657264947891235,4.052526950836182,3.699735641479492,835.0,0.31980758905410767,,,,,,,,,,,,
30,,,77189,4.0,0.9876999855041504,0.9387340545654297,0.03899852931499481,0.9788137674331665,0.9055354595184326,4.08861780166626,3.535987615585327,923.0,0.5136317610740662,,,,,,,,,,,,
30,,,77199,4.0,0.9833499789237976,0.9220777153968811,0.04121437296271324,0.9039314985275269,0.9422122240066528,4.568328380584717,4.182408809661865,525.0,0.34470489621162415,,,,,,,,,,,,
30,,,77209,4.0,0.9891499876976013,0.9636119604110718,0.024776721373200417,0.9741879105567932,0.9535939693450928,3.546858549118042,3.2234654426574707,851.0,0.29861634969711304,,,,,,,,,,,,
30,,,77219,4.0,0.9783499836921692,0.9435058832168579,0.05702779442071915,0.9405332803726196,0.9465323686599731,5.174597263336182,4.768989086151123,1187.0,0.3485804498195648,,,,,,,,,,,,
30,,,77229,4.0,0.9817500114440918,0.9290950894355774,0.045585859566926956,0.9227440357208252,0.9356775283813477,5.035539150238037,4.7538580894470215,585.0,0.23609547317028046,,,,,,,,,,,,
30,,,77239,4.0,0.9865999817848206,0.9269062876701355,0.0333128459751606,0.9395154714584351,0.9150807857513428,5.502058982849121,4.830416679382324,493.0,0.6383295655250549,,,,,,,,,,,,
30,,,77249,4.0,0.988349974155426,0.8908066749572754,0.03536234423518181,0.9398579597473145,0.8521262407302856,5.97274923324585,5.704298973083496,321.0,0.2330881804227829,,,,,,,,,,,,
30,,,77259,4.0,0.9897500276565552,0.956119179725647,0.024515165016055107,0.9580086469650269,0.9542477130889893,3.3617420196533203,3.0620005130767822,915.0,0.2752263844013214,,,,,,,,,,,,
30,,,77269,4.0,0.9894499778747559,0.9581406116485596,0.0242137610912323,0.9709680676460266,0.9461058974266052,4.23883581161499,3.8436222076416016,877.0,0.3710000216960907,,,,,,,,,,,,
30,,,77279,4.0,0.9872000217437744,0.9490909576416016,0.0332627110183239,0.9400392174720764,0.9585937857627869,3.748633861541748,3.3896565437316895,669.0,0.3257145881652832,,,,,,,,,,,,
30,,,77289,4.0,0.9764500260353088,0.7772967219352722,0.06941458582878113,0.8781659603118896,0.7208839058876038,4.841497898101807,4.531583309173584,332.0,0.24049997329711914,,,,,,,,,,,,
30,,,77299,4.0,0.9833999872207642,0.8100727796554565,0.03869466483592987,0.7875598669052124,0.8366931676864624,5.701546669006348,5.159975051879883,158.0,0.5028766393661499,,,,,,,,,,,,
30,,,77309,4.0,0.9805999994277954,0.9311845302581787,0.04738692194223404,0.9402211904525757,0.9225846529006958,5.053568363189697,4.555826187133789,1157.0,0.4503551125526428,,,,,,,,,,,,
30,,,77319,4.0,0.9903500080108643,0.9638818502426147,0.028101546689867973,0.9811053276062012,0.9480561017990112,4.240604877471924,3.942833423614502,950.0,0.2696700394153595,,,,,,,,,,,,
30,,,77329,4.0,0.9886000156402588,0.9462235569953918,0.027729369699954987,0.9557949304580688,0.9370994567871094,4.079262733459473,3.8584353923797607,518.0,0.19309799373149872,,,,,,,,,,,,
30,,,77339,4.0,0.9870499968528748,0.9564712047576904,0.03451280668377876,0.9594526290893555,0.9535366892814636,3.9333808422088623,3.484278917312622,831.0,0.41458913683891296,,,,,,,,,,,,
30,,,77349,4.0,0.982699990272522,0.8932380676269531,0.03894226998090744,0.9129322171211243,0.8755142688751221,4.8226518630981445,4.5261993408203125,414.0,0.25751009583473206,,,,,,,,,,,,
30,,,77359,4.0,0.9807500243186951,0.8378926515579224,0.039944883435964584,0.8430516719818115,0.832898736000061,5.114034652709961,4.776391506195068,187.0,0.2976987063884735,,,,,,,,,,,,
30,,,77369,4.0,0.9898499846458435,0.9646223783493042,0.025417648255825043,0.9828078746795654,0.9480089545249939,4.431487083435059,3.8170087337493896,1055.0,0.5890606641769409,,,,,,,,,,,,
30,,,77379,4.0,0.9769499897956848,0.8109683990478516,0.054184507578611374,0.8407809138298035,0.7863118648529053,4.947882652282715,4.464221000671387,372.0,0.42947736382484436,,,,,,,,,,,,
30,,,77389,4.0,0.9881500005722046,0.9044336080551147,0.03033871203660965,0.906582772731781,0.9023088216781616,4.472017288208008,3.599907398223877,256.0,0.8417713046073914,,,,,,,,,,,,
30,,,77399,4.0,0.9772999882698059,0.8789191246032715,0.05291338637471199,0.8859884142875671,0.8721368312835693,4.857440948486328,4.2718000411987305,421.0,0.5327275991439819,,,,,,,,,,,,
30,,,77409,4.0,0.9896000027656555,0.9392423629760742,0.028327880427241325,0.9517745971679688,0.9274568557739258,5.376213073730469,3.9796526432037354,596.0,1.3682324886322021,,,,,,,,,,,,
30,,,77419,4.0,0.9816499948501587,0.9532990455627441,0.037271805107593536,0.9676306247711182,0.9400871992111206,4.1739091873168945,3.720693826675415,981.0,0.41594380140304565,,,,,,,,,,,,
30,,,77429,4.0,0.9821500182151794,0.8802704811096191,0.04497383534908295,0.8664920330047607,0.8952440023422241,6.514153003692627,6.104872226715088,502.0,0.36430683732032776,,,,,,,,,,,,
30,,,77439,4.0,0.9818500280380249,0.9124359488487244,0.043565064668655396,0.9421469569206238,0.8869311809539795,5.014269828796387,4.54721212387085,437.0,0.42349234223365784,,,,,,,,,,,,
30,,,77449,4.0,0.9889500141143799,0.9542670845985413,0.02824355848133564,0.9610975980758667,0.9476682543754578,5.696728706359863,5.259408473968506,527.0,0.4090769290924072,,,,,,,,,,,,
30,,,77459,4.0,0.9923499822616577,0.9776656627655029,0.026023510843515396,0.9800553321838379,0.9753059148788452,4.862638473510742,4.3525004386901855,789.0,0.4841144382953644,,,,,,,,,,,,
30,,,77469,4.0,0.988349974155426,0.9555107951164246,0.024629993364214897,0.953873872756958,0.9571617841720581,4.175683498382568,3.868656873703003,920.0,0.28239667415618896,,,,,,,,,,,,
30,,,77479,4.0,0.9799500107765198,0.8794635534286499,0.04737928509712219,0.8542134761810303,0.909116268157959,5.012286186218262,4.560537338256836,408.0,0.4043695628643036,,,,,,,,,,,,
30,,,77489,4.0,0.9889500141143799,0.9394562840461731,0.032627448439598083,0.9569649696350098,0.9233813881874084,4.71423864364624,4.380447864532471,534.0,0.3011630177497864,,,,,,,,,,,,
30,,,77499,4.0,0.989549994468689,0.9243664741516113,0.025638293474912643,0.9235129356384277,0.9252237677574158,4.759230613708496,4.5470428466796875,230.0,0.18654972314834595,,,,,,,,,,,,
30,,,77509,4.0,0.9847000241279602,0.9617049694061279,0.036921530961990356,0.956588864326477,0.9669785499572754,4.398946762084961,3.9645259380340576,922.0,0.39749929308891296,,,,,,,,,,,,
30,,,77519,4.0,0.9841499924659729,0.9140924215316772,0.03815344348549843,0.9200654625892639,0.9083071947097778,5.34746789932251,4.667539119720459,341.0,0.6417750716209412,,,,,,,,,,,,
30,,,77529,4.0,0.9775999784469604,0.8673009872436523,0.05127045884728432,0.8688957691192627,0.8657216429710388,6.113362789154053,5.94810676574707,398.0,0.11398535966873169,,,,,,,,,,,,
30,,,77539,4.0,0.9933500289916992,0.910920262336731,0.016742002218961716,0.9011107683181763,0.9212446808815002,3.899799346923828,3.7376112937927246,196.0,0.14544597268104553,,,,,,,,,,,,
30,,,77549,4.0,0.9850000143051147,0.9059430360794067,0.032056841999292374,0.9087648987770081,0.9031637907028198,4.96454381942749,3.8524272441864014,600.0,1.0800598859786987,,,,,,,,,,,,
30,,,77559,4.0,0.9839500188827515,0.897411048412323,0.03322630748152733,0.9018990993499756,0.8930323123931885,5.474992752075195,4.356870651245117,282.0,1.084895372390747,,,,,,,,,,,,
30,,,77569,4.0,0.9872000217437744,0.9117939472198486,0.03189820796251297,0.9762600660324097,0.8637763261795044,5.065084934234619,4.647902488708496,404.0,0.38528457283973694,,,,,,,,,,,,
30,,,77579,4.0,0.9786999821662903,0.8303977847099304,0.049331169575452805,0.8208675384521484,0.8405677080154419,4.844526290893555,4.3058905601501465,206.0,0.489304780960083,,,,,,,,,,,,
30,,,77589,4.0,0.9874500036239624,0.9573100209236145,0.030557934194803238,0.9695921540260315,0.9457820653915405,4.324753284454346,4.029959678649902,851.0,0.2642352879047394,,,,,,,,,,,,
30,,,77599,4.0,0.991100013256073,0.9670579433441162,0.0212330911308527,0.9629659652709961,0.9712372422218323,3.806135416030884,3.377594470977783,876.0,0.40730777382850647,,,,,,,,,,,,
30,,,77609,4.0,0.9873999953269958,0.9669244289398193,0.030086575075984,0.9680854678153992,0.965770959854126,3.9300537109375,3.5070605278015137,1081.0,0.3929065763950348,,,,,,,,,,,,
30,,,77619,4.0,0.9868999719619751,0.8952224850654602,0.03008849546313286,0.9218648672103882,0.8719689846038818,5.651463031768799,5.014743328094482,267.0,0.6066311001777649,,,,,,,,,,,,
30,,,77629,4.0,0.9724000096321106,0.8238954544067383,0.06063432618975639,0.8416136503219604,0.8081086277961731,7.046574592590332,6.273322582244873,438.0,0.7126180529594421,,,,,,,,,,,,
30,,,77639,4.0,0.9799000024795532,0.8826988935470581,0.04996739700436592,0.872444748878479,0.8936073780059814,6.409271717071533,5.887156963348389,431.0,0.4721476137638092,,,,,,,,,,,,
30,,,77649,4.0,0.9899500012397766,0.9034054279327393,0.027033425867557526,0.9059919714927673,0.90085369348526,4.56117057800293,4.115082263946533,353.0,0.4190549850463867,,,,,,,,,,,,
30,,,77659,4.0,0.9902499914169312,0.9590564966201782,0.027631668373942375,0.9629647731781006,0.9552240371704102,4.8128485679626465,4.469374656677246,541.0,0.3158421218395233,,,,,,,,,,,,
30,,,77669,4.0,0.9888499975204468,0.6217707395553589,0.042309537529945374,0.7595190405845642,0.5806633234024048,5.515531539916992,5.389795780181885,150.0,0.0834258496761322,,,,,,,,,,,,
30,,,77679,4.0,0.9876499772071838,0.9459936618804932,0.03230747953057289,0.9633543491363525,0.930067777633667,4.093261241912842,3.6713297367095947,829.0,0.38962429761886597,,,,,,,,,,,,
30,,,77689,4.0,0.9915500283241272,0.9629629850387573,0.02196810394525528,0.9704076647758484,0.9557845592498779,3.6807618141174316,3.4427382946014404,876.0,0.21605539321899414,,,,,,,,,,,,
30,,,77699,4.0,0.9879999756813049,0.957098126411438,0.02634865790605545,0.9587697982788086,0.9554411172866821,3.6582751274108887,3.39890456199646,914.0,0.23302192986011505,,,,,,,,,,,,
30,,,77709,4.0,0.9876000285148621,0.9672462940216064,0.03193454071879387,0.9613151550292969,0.973382294178009,3.968932628631592,3.6214425563812256,975.0,0.315555602312088,,,,,,,,,,,,
30,,,77719,4.0,0.9891499876976013,0.9602794647216797,0.025767702609300613,0.9689456820487976,0.9519867300987244,4.392587661743164,4.002752304077148,814.0,0.36406776309013367,,,,,,,,,,,,
30,,,77729,4.0,0.9887499809265137,0.9634968042373657,0.027630971744656563,0.9584372043609619,0.968696117401123,4.186209678649902,3.4831490516662598,875.0,0.6754294037818909,,,,,,,,,,,,
30,,,77739,4.0,0.9879999756813049,0.9073437452316284,0.027989398688077927,0.9207138419151306,0.8948609828948975,5.7215495109558105,5.415046691894531,278.0,0.2785135507583618,,,,,,,,,,,,
30,,,77749,4.0,0.979449987411499,0.92288738489151,0.04983482509851456,0.9274299740791321,0.9184588193893433,4.3858842849731445,3.916344404220581,894.0,0.4197053611278534,,,,,,,,,,,,
30,,,77759,4.0,0.9861000180244446,0.9571839570999146,0.04120878502726555,0.9691342115402222,0.9459676742553711,5.149125576019287,4.90690279006958,1043.0,0.20101405680179596,,,,,,,,,,,,
30,,,77769,4.0,0.9763000011444092,0.8656795620918274,0.05629127100110054,0.891671895980835,0.8432760834693909,6.20443868637085,5.5584564208984375,318.0,0.5896913409233093,,,,,,,,,,,,
30,,,77779,4.0,0.986050009727478,0.8735031485557556,0.036549557000398636,0.9427468180656433,0.8239612579345703,4.492488384246826,4.322559356689453,352.0,0.13337941467761993,,,,,,,,,,,,
30,,,77789,4.0,0.993149995803833,0.883904218673706,0.019576821476221085,0.9221992492675781,0.8521689772605896,4.5867919921875,4.250583648681641,153.0,0.3166312575340271,,,,,,,,,,,,
30,,,77799,4.0,0.9772999882698059,0.9622108936309814,0.056941211223602295,0.974528431892395,0.9509626030921936,4.843189716339111,4.351292133331299,1076.0,0.43495649099349976,,,,,,,,,,,,
30,,,77809,4.0,0.9850999712944031,0.8830980062484741,0.03831486031413078,0.8716874122619629,0.8952964544296265,5.359713077545166,5.022058486938477,239.0,0.29933974146842957,,,,,,,,,,,,
30,,,77819,4.0,0.9922000169754028,0.9471908807754517,0.018291324377059937,0.9373699426651001,0.957506537437439,4.544084548950195,4.333503723144531,324.0,0.192289337515831,,,,,,,,,,,,
30,,,77829,4.0,0.9885500073432922,0.9677565097808838,0.02949507161974907,0.9595881104469299,0.9763087630271912,3.7360610961914062,3.2961952686309814,939.0,0.4103708565235138,,,,,,,,,,,,
30,,,77839,4.0,0.9842000007629395,0.9267544150352478,0.03764774650335312,0.9459120035171509,0.9093887805938721,4.149640083312988,3.8972644805908203,474.0,0.21472811698913574,,,,,,,,,,,,
30,,,77849,4.0,0.9868000149726868,0.9583244323730469,0.03706970810890198,0.9602482318878174,0.9564205408096313,4.804181098937988,4.134336471557617,999.0,0.6327745914459229,,,,,,,,,,,,
30,,,77859,4.0,0.987500011920929,0.9520602226257324,0.03216906264424324,0.9430373907089233,0.961531400680542,5.689455986022949,4.928831100463867,980.0,0.7284557819366455,,,,,,,,,,,,
30,,,77869,4.0,0.9783499836921692,0.928475022315979,0.05099857598543167,0.9269450902938843,0.9300185441970825,4.48637056350708,4.06721830368042,727.0,0.3681536912918091,,,,,,,,,,,,
30,,,77879,4.0,0.9856500029563904,0.8999003767967224,0.04121197387576103,0.9163572788238525,0.884803056716919,4.948328495025635,4.663879871368408,371.0,0.24323655664920807,,,,,,,,,,,,
30,,,77889,4.0,0.986549973487854,0.938431441783905,0.039162248373031616,0.9484455585479736,0.9289169311523438,5.680789470672607,5.180525779724121,569.0,0.46110132336616516,,,,,,,,,,,,
30,,,77899,4.0,0.9890499711036682,0.921694278717041,0.026268206536769867,0.938319206237793,0.906383752822876,5.008773326873779,4.72238826751709,452.0,0.2601169943809509,,,,,,,,,,,,
30,,,77909,4.0,0.9871500134468079,0.9190988540649414,0.03221273422241211,0.9339331984519958,0.9053394794464111,5.307367324829102,4.918289661407471,378.0,0.35686472058296204,,,,,,,,,,,,
30,,,77919,4.0,0.9886500239372253,0.9201047420501709,0.02656317688524723,0.9144372344017029,0.9259439706802368,4.3780059814453125,4.207580089569092,264.0,0.1438627541065216,,,,,,,,,,,,
30,,,77929,4.0,0.983299970626831,0.9471914172172546,0.04219139367341995,0.9575362205505371,0.9374099969863892,5.379222869873047,5.051233768463135,697.0,0.2857978045940399,,,,,,,,,,,,
30,,,77939,4.0,0.9916999936103821,0.889245867729187,0.034918490797281265,0.9327568411827087,0.8539832234382629,4.432068347930908,4.120640277862549,166.0,0.2765095829963684,,,,,,,,,,,,
30,,,77949,4.0,0.9714000225067139,0.9421113729476929,0.0632999911904335,0.9558359384536743,0.9295706748962402,6.794509410858154,6.339911460876465,2087.0,0.39129775762557983,,,,,,,,,,,,
30,,,77959,4.0,0.9901000261306763,0.9490985870361328,0.026252416893839836,0.9331837892532349,0.9663957357406616,4.346617698669434,4.179231643676758,466.0,0.14113400876522064,,,,,,,,,,,,
30,,,77969,4.0,0.9884999990463257,0.9578867554664612,0.02704473026096821,0.9672600030899048,0.948951244354248,4.49800443649292,4.1284589767456055,781.0,0.3425007164478302,,,,,,,,,,,,
30,,,77979,4.0,0.9798499941825867,0.9259558916091919,0.04427068307995796,0.9142085909843445,0.9385381937026978,4.782140254974365,4.207075595855713,736.0,0.5307942628860474,,,,,,,,,,,,
30,,,77989,4.0,0.9876499772071838,0.9393218755722046,0.03430895879864693,0.9308438301086426,0.9481889009475708,6.132658958435059,5.589231491088867,625.0,0.5091184973716736,,,,,,,,,,,,
30,,,77999,4.0,0.982200026512146,0.9295439720153809,0.045305993407964706,0.9490542411804199,0.9119267463684082,5.41733455657959,4.749393463134766,568.0,0.6226350665092468,,,,,,,,,,,,
30,,,78009,4.0,0.9855499863624573,0.9515929222106934,0.03517231345176697,0.9545303583145142,0.9487015008926392,4.738523483276367,4.447088241577148,868.0,0.25626254081726074,,,,,,,,,,,,
30,,,78019,4.0,0.9927999973297119,0.9442455768585205,0.019794290885329247,0.9520970582962036,0.9366824626922607,5.156141757965088,4.746267318725586,261.0,0.39007991552352905,,,,,,,,,,,,
30,,,78029,4.0,0.981249988079071,0.9365103244781494,0.041618712246418,0.9627385139465332,0.9136475920677185,4.4193644523620605,4.004549503326416,896.0,0.37319591641426086,,,,,,,,,,,,
30,,,78039,4.0,0.9541500210762024,0.8963524103164673,0.13066548109054565,0.9232785105705261,0.8738561868667603,6.995323657989502,6.675077438354492,1415.0,0.18958105146884918,,,,,,,,,,,,
30,,,78049,4.0,0.9905999898910522,0.972484827041626,0.02371968887746334,0.9871789216995239,0.9588642716407776,4.069360256195068,3.5803513526916504,900.0,0.46528902649879456,,,,,,,,,,,,
30,,,78059,4.0,0.9828500151634216,0.8378190398216248,0.04777730628848076,0.8862338066101074,0.8007951974868774,5.265026092529297,4.772371292114258,187.0,0.4448774755001068,,,,,,,,,,,,
30,,,78069,4.0,0.9776999950408936,0.8903874158859253,0.06001696735620499,0.8545645475387573,0.9357487559318542,5.708341121673584,4.99995756149292,346.0,0.6483665704727173,,,,,,,,,,,,
30,,,78079,4.0,0.9888499975204468,0.913844883441925,0.028013095259666443,0.9403185248374939,0.8905905485153198,5.138052940368652,4.706674098968506,331.0,0.40336543321609497,,,,,,,,,,,,
30,,,78089,4.0,0.9904500246047974,0.9254552125930786,0.02154424600303173,0.9346579313278198,0.9166632890701294,4.882324695587158,4.387879371643066,400.0,0.47290074825286865,,,,,,,,,,,,
30,,,78099,4.0,0.9783499836921692,0.779878556728363,0.05142849683761597,0.7596969604492188,0.803767204284668,5.0552239418029785,4.706175804138184,186.0,0.29761987924575806,,,,,,,,,,,,
30,,,78109,4.0,0.9792500138282776,0.9218857884407043,0.04919712617993355,0.9179826378822327,0.9258773922920227,6.578191757202148,5.998040199279785,625.0,0.530954122543335,,,,,,,,,,,,
30,,,78119,4.0,0.993149995803833,0.969068706035614,0.018742496147751808,0.9718914031982422,0.966284453868866,3.641080141067505,3.356516122817993,909.0,0.2658213973045349,,,,,,,,,,,,
30,,,78129,4.0,0.9886999726295471,0.929468035697937,0.025402262806892395,0.9222354888916016,0.9369796514511108,5.231563091278076,4.751378059387207,394.0,0.4547828435897827,,,,,,,,,,,,
30,,,78139,4.0,0.9927499890327454,0.9716039896011353,0.017442049458622932,0.977918267250061,0.9654825329780579,4.014389991760254,3.778817653656006,728.0,0.21813049912452698,,,,,,,,,,,,
30,,,78149,4.0,0.9919499754905701,0.925861656665802,0.021077075973153114,0.9182338714599609,0.9337922930717468,4.116544723510742,3.9440486431121826,231.0,0.15141883492469788,,,,,,,,,,,,
30,,,78159,4.0,0.9822999835014343,0.9371769428253174,0.03858274966478348,0.9363896250724792,0.9379677176475525,4.344791412353516,3.8682942390441895,692.0,0.43791452050209045,,,,,,,,,,,,
30,,,78169,4.0,0.9823499917984009,0.9154291749000549,0.04141560196876526,0.8923882246017456,0.9418235421180725,4.850091934204102,4.522396087646484,422.0,0.2862803041934967,,,,,,,,,,,,
30,,,78179,4.0,0.9888499975204468,0.9591556787490845,0.025367436930537224,0.9669098258018494,0.9517027139663696,4.136906147003174,3.6386454105377197,951.0,0.472893089056015,,,,,,,,,,,,
30,,,78189,4.0,0.9904000163078308,0.8314749002456665,0.02233055792748928,0.7867884039878845,0.8935257196426392,3.942514419555664,3.745868682861328,132.0,0.17431530356407166,,,,,,,,,,,,
30,,,78199,4.0,0.9948499798774719,0.9431264400482178,0.014608337543904781,0.9454728364944458,0.9408058524131775,5.011259078979492,4.296802043914795,283.0,0.6998488306999207,,,,,,,,,,,,
30,,,78209,4.0,0.9878000020980835,0.848827600479126,0.03371822461485863,0.8908423185348511,0.8153166174888611,4.800217628479004,4.48897123336792,196.0,0.27752819657325745,,,,,,,,,,,,
30,,,78219,4.0,0.9896000027656555,0.8378477096557617,0.029828131198883057,0.8818147778511047,0.8032644987106323,5.2137250900268555,4.33620548248291,217.0,0.8476914167404175,,,,,,,,,,,,
30,,,78229,4.0,0.9899500012397766,0.9643399715423584,0.028903307393193245,0.9771789312362671,0.9523023962974548,3.757761001586914,3.351757287979126,934.0,0.37710049748420715,,,,,,,,,,,,
30,,,78239,4.0,0.9854999780654907,0.8965133428573608,0.03574074059724808,0.8908306360244751,0.9023797512054443,5.942110538482666,5.452018737792969,262.0,0.45435115694999695,,,,,,,,,,,,
30,,,78249,4.0,0.984000027179718,0.9430737495422363,0.0384356863796711,0.9572317004203796,0.929930567741394,3.9789276123046875,3.73014760017395,812.0,0.2103443145751953,,,,,,,,,,,,
30,,,78259,4.0,0.9917500019073486,0.9767677783966064,0.01877441443502903,0.9825710654258728,0.9711401462554932,3.5324363708496094,3.2286739349365234,993.0,0.2849879264831543,,,,,,,,,,,,
30,,,78269,4.0,0.9724500179290771,0.8287249803543091,0.05928764492273331,0.8442968726158142,0.814647912979126,5.896419525146484,5.543486595153809,279.0,0.2936455309391022,,,,,,,,,,,,
30,,,78279,4.0,0.9854000210762024,0.9688986539840698,0.036503471434116364,0.9713915586471558,0.9664438366889954,5.196846008300781,4.3642706871032715,1056.0,0.7960719466209412,,,,,,,,,,,,
30,,,78289,4.0,0.989300012588501,0.8153122663497925,0.030208770185709,0.8716541528701782,0.7742344737052917,5.1083478927612305,4.744465351104736,114.0,0.3336739242076874,,,,,,,,,,,,
30,,,78299,4.0,0.9829999804496765,0.8673991560935974,0.03808380290865898,0.8854352235794067,0.8511020541191101,5.899582386016846,5.462004661560059,271.0,0.39949384331703186,,,,,,,,,,,,
30,,,78309,4.0,0.9894000291824341,0.9578119516372681,0.02675129473209381,0.9787405729293823,0.93891441822052,4.100194931030273,3.657503604888916,926.0,0.41594013571739197,,,,,,,,,,,,
30,,,78319,4.0,0.991100013256073,0.9600188732147217,0.022331852465867996,0.9514603614807129,0.9689598083496094,4.318439960479736,3.938694477081299,639.0,0.3574135899543762,,,,,,,,,,,,
30,,,78329,4.0,0.9810500144958496,0.9463204741477966,0.044889092445373535,0.9680321216583252,0.9270288944244385,4.4167256355285645,4.041991710662842,948.0,0.32984498143196106,,,,,,,,,,,,
30,,,78339,4.0,0.9800999760627747,0.902184247970581,0.05189849063754082,0.929557204246521,0.8784976005554199,4.98181676864624,4.752299785614014,376.0,0.17761829495429993,,,,,,,,,,,,
30,,,78349,4.0,0.9890499711036682,0.9616760015487671,0.031715136021375656,0.9687696695327759,0.9548362493515015,3.7759451866149902,3.558821678161621,831.0,0.18540839850902557,,,,,,,,,,,,
30,,,78359,4.0,0.9819499850273132,0.902072548866272,0.04114972800016403,0.9226999282836914,0.8835827708244324,7.679985046386719,7.3423871994018555,790.0,0.2964479923248291,,,,,,,,,,,,
30,,,78369,4.0,0.9739000201225281,0.8383836150169373,0.0583270862698555,0.8102170825004578,0.8730010986328125,5.479113578796387,4.818282604217529,315.0,0.602503776550293,,,,,,,,,,,,
30,,,78379,4.0,0.9710000157356262,0.7983589172363281,0.06397698819637299,0.8828545808792114,0.7465305328369141,5.9364166259765625,5.129827499389648,404.0,0.7426124215126038,,,,,,,,,,,,
30,,,78389,4.0,0.9771999716758728,0.8919947147369385,0.05239834636449814,0.914870023727417,0.8718310594558716,5.609024524688721,5.104997158050537,454.0,0.4516293406486511,,,,,,,,,,,,
30,,,78399,4.0,0.9840499758720398,0.9007276892662048,0.03683558106422424,0.8790379762649536,0.9253722429275513,3.7653744220733643,3.5790164470672607,354.0,0.14952236413955688,,,,,,,,,,,,
30,,,78409,4.0,0.9833999872207642,0.8854618668556213,0.03812490403652191,0.8904504179954529,0.8806110620498657,6.175947666168213,5.437227249145508,311.0,0.7005953192710876,,,,,,,,,,,,
30,,,78419,4.0,0.9873499870300293,0.9375741481781006,0.03626355528831482,0.9098502397537231,0.9699608087539673,4.0643486976623535,3.5948874950408936,465.0,0.433197557926178,,,,,,,,,,,,
30,,,78429,4.0,0.991100013256073,0.956821084022522,0.02928730472922325,0.9572163820266724,0.9564265012741089,4.635201454162598,4.013082981109619,669.0,0.5928309559822083,,,,,,,,,,,,
30,,,78439,4.0,0.9818000197410583,0.9409936666488647,0.042763013392686844,0.9372291564941406,0.9448394179344177,4.701233863830566,4.344135761260986,824.0,0.3143346607685089,,,,,,,,,,,,
30,,,78449,4.0,0.9877499938011169,0.9238432049751282,0.02928616665303707,0.912369966506958,0.9360461831092834,5.378818511962891,5.077389240264893,443.0,0.2721431255340576,,,,,,,,,,,,
30,,,78459,4.0,0.9848499894142151,0.9196155667304993,0.03344980999827385,0.932265043258667,0.9077709913253784,6.8597917556762695,6.481632709503174,518.0,0.3447093665599823,,,,,,,,,,,,
30,,,78469,4.0,0.9870499968528748,0.9066486358642578,0.031609758734703064,0.8947960734367371,0.9193052649497986,4.530047416687012,4.264346599578857,297.0,0.23409128189086914,,,,,,,,,,,,
30,,,78479,4.0,0.9880499839782715,0.9659942388534546,0.028205227106809616,0.9746307134628296,0.9577493071556091,3.6916756629943848,3.337998628616333,899.0,0.32547181844711304,,,,,,,,,,,,
30,,,78489,4.0,0.9774500131607056,0.8985790014266968,0.050665974617004395,0.8886028528213501,0.9091707468032837,3.972625970840454,3.600766181945801,504.0,0.3211939334869385,,,,,,,,,,,,
30,,,78499,4.0,0.9817500114440918,0.8774358034133911,0.04172516614198685,0.9121913909912109,0.8485425710678101,5.197542190551758,4.944579124450684,460.0,0.21123811602592468,,,,,,,,,,,,
30,,,78509,4.0,0.9936000108718872,0.9823553562164307,0.0162251815199852,0.9892750978469849,0.9756826162338257,3.6991939544677734,3.2463629245758057,1091.0,0.4366060197353363,,,,,,,,,,,,
30,,,78519,4.0,0.9854000210762024,0.93959641456604,0.032926298677921295,0.9544103145599365,0.9258655309677124,5.701301097869873,4.814674377441406,816.0,0.8537007570266724,,,,,,,,,,,,
30,,,78529,4.0,0.9897000193595886,0.9621866941452026,0.028112508356571198,0.9695612192153931,0.9550831317901611,4.2583746910095215,3.8383948802948,902.0,0.39186760783195496,,,,,,,,,,,,
30,,,78539,4.0,0.984250009059906,0.8791719079017639,0.04163302481174469,0.8838452100753784,0.8746205568313599,6.582922458648682,5.929936408996582,453.0,0.6113529205322266,,,,,,,,,,,,
30,,,78549,4.0,0.9846500158309937,0.8908081650733948,0.033968158066272736,0.9022440910339355,0.8800599575042725,4.163832187652588,4.016401290893555,241.0,0.11346288025379181,,,,,,,,,,,,
30,,,78559,4.0,0.9779000282287598,0.8766493201255798,0.05318906158208847,0.8977002501487732,0.857953667640686,5.488841533660889,4.8749613761901855,334.0,0.5606908202171326,,,,,,,,,,,,
30,,,78569,4.0,0.973550021648407,0.9210160970687866,0.06325186043977737,0.9312693476676941,0.9113624095916748,6.62600040435791,6.079306602478027,691.0,0.48344165086746216,,,,,,,,,,,,
30,,,78579,4.0,0.9794999957084656,0.9584105610847473,0.0502554252743721,0.9741435647010803,0.9441536664962769,3.8841443061828613,3.57257342338562,967.0,0.26131531596183777,,,,,,,,,,,,
30,,,78589,4.0,0.9876499772071838,0.9504197835922241,0.02887590602040291,0.9676075577735901,0.934646487236023,3.825638771057129,3.4285409450531006,924.0,0.36822202801704407,,,,,,,,,,,,
30,,,78599,4.0,0.986299991607666,0.9383094310760498,0.03602629899978638,0.9135798215866089,0.9667370319366455,4.894844055175781,4.204009056091309,450.0,0.6548087000846863,,,,,,,,,,,,
30,,,78609,4.0,0.9860000014305115,0.8684308528900146,0.04030857980251312,0.898302435874939,0.8429765105247498,5.115797519683838,4.9004621505737305,242.0,0.1750270128250122,,,,,,,,,,,,
30,,,78619,4.0,0.9944999814033508,0.9526727199554443,0.019569873809814453,0.964724063873291,0.9412704706192017,4.871335983276367,4.5439605712890625,450.0,0.3078056275844574,,,,,,,,,,,,
30,,,78629,4.0,0.9827499985694885,0.7924137711524963,0.04665939882397652,0.9237688779830933,0.7251831889152527,5.566798210144043,5.093481540679932,199.0,0.42665737867355347,,,,,,,,,,,,
30,,,78639,4.0,0.9887999892234802,0.9617380499839783,0.0290850680321455,0.9654891490936279,0.958059549331665,4.369254112243652,3.9594647884368896,565.0,0.38070422410964966,,,,,,,,,,,,
30,,,78649,4.0,0.9945999979972839,0.8986315727233887,0.028327355161309242,0.9671878814697266,0.8480315804481506,4.883943557739258,4.536496639251709,136.0,0.3191194236278534,,,,,,,,,,,,
30,,,78659,4.0,0.9891499876976013,0.9261254668235779,0.028701916337013245,0.9149336218833923,0.937999427318573,4.828559875488281,4.696080207824707,250.0,0.10377778112888336,,,,,,,,,,,,
30,,,78669,4.0,0.9903500080108643,0.9277252554893494,0.02012530528008938,0.9221397042274475,0.9334734678268433,4.577703952789307,4.135983943939209,314.0,0.4215948283672333,,,,,,,,,,,,
30,,,78679,4.0,0.9834499955177307,0.9531829357147217,0.039838243275880814,0.9407556056976318,0.966554582118988,4.306794166564941,3.851189136505127,753.0,0.4157669246196747,,,,,,,,,,,,
30,,,78689,4.0,0.9770500063896179,0.9093762636184692,0.06779838353395462,0.9219722747802734,0.8976385593414307,5.818293571472168,5.493875026702881,810.0,0.2566201090812683,,,,,,,,,,,,
30,,,78699,4.0,0.9872000217437744,0.8712260723114014,0.031094497069716454,0.9080482721328735,0.8408254384994507,3.38173246383667,3.158578395843506,258.0,0.1920594722032547,,,,,,,,,,,,
30,,,78709,4.0,0.9901999831199646,0.8186838626861572,0.025523796677589417,0.9110515117645264,0.7609894275665283,4.125408172607422,3.7993032932281494,147.0,0.3005807399749756,,,,,,,,,,,,
30,,,78719,4.0,0.984749972820282,0.8956420421600342,0.033460188657045364,0.8800833821296692,0.9126695990562439,4.803611755371094,4.3755693435668945,257.0,0.3945823311805725,,,,,,,,,,,,
30,,,78729,4.0,0.9869499802589417,0.9606078863143921,0.037089262157678604,0.9761306047439575,0.9462988376617432,6.1114501953125,5.587055683135986,1318.0,0.48730501532554626,,,,,,,,,,,,
30,,,78739,4.0,0.9910500049591064,0.9281465411186218,0.02556951344013214,0.9284684658050537,0.9278252124786377,6.2630085945129395,5.5202107429504395,329.0,0.7172282934188843,,,,,,,,,,,,
30,,,78749,4.0,0.9882500171661377,0.9486962556838989,0.029727349057793617,0.9668823480606079,0.9320696592330933,3.9599742889404297,3.660165548324585,971.0,0.2700813412666321,,,,,,,,,,,,
30,,,78759,4.0,0.9846000075340271,0.9359634518623352,0.034277066588401794,0.9637972116470337,0.9117475748062134,4.443597793579102,3.862865924835205,773.0,0.5464551448822021,,,,,,,,,,,,
30,,,78769,4.0,0.9876999855041504,0.9580525159835815,0.02962994948029518,0.9644633531570435,0.9518527984619141,4.691728115081787,4.106041431427002,890.0,0.5560563206672668,,,,,,,,,,,,
30,,,78779,4.0,0.9907500147819519,0.9161221981048584,0.02203395776450634,0.8949220776557922,0.9399116635322571,4.303404808044434,4.022705554962158,216.0,0.2586652934551239,,,,,,,,,,,,
30,,,78789,4.0,0.9866499900817871,0.9693436622619629,0.031981367617845535,0.9753607511520386,0.9635348320007324,4.258513450622559,3.6554360389709473,1114.0,0.5710957050323486,,,,,,,,,,,,
30,,,78799,4.0,0.9864500164985657,0.9444009065628052,0.03232266381382942,0.9543267488479614,0.9349684715270996,4.710705280303955,3.9371089935302734,836.0,0.7412734627723694,,,,,,,,,,,,
30,,,78809,4.0,0.9851999878883362,0.9682157039642334,0.038262370973825455,0.9714826345443726,0.9650136828422546,4.830702304840088,4.329037666320801,1369.0,0.4634023606777191,,,,,,,,,,,,
30,,,78819,4.0,0.9847999811172485,0.9465323686599731,0.056993864476680756,0.9519252777099609,0.9412926435470581,4.997183799743652,3.887434244155884,1094.0,1.0527557134628296,,,,,,,,,,,,
30,,,78829,4.0,0.988099992275238,0.7095543146133423,0.03568219393491745,0.8773031830787659,0.6464719772338867,4.866334438323975,4.629504680633545,130.0,0.20114776492118835,,,,,,,,,,,,
30,,,78839,4.0,0.9909499883651733,0.884707510471344,0.022360200062394142,0.882370114326477,0.8870750665664673,5.328845977783203,4.911006450653076,165.0,0.395479291677475,,,,,,,,,,,,
30,,,78849,4.0,0.9826499819755554,0.934516191482544,0.038194771856069565,0.9489873647689819,0.921110987663269,4.695666790008545,4.319952487945557,844.0,0.3375197947025299,,,,,,,,,,,,
30,,,78859,4.0,0.98294997215271,0.9282435178756714,0.041278257966041565,0.9271451830863953,0.929348349571228,5.839270114898682,5.026435852050781,625.0,0.77155601978302,,,,,,,,,,,,
30,,,78869,4.0,0.9833499789237976,0.7803609371185303,0.03870164975523949,0.8818457126617432,0.7228752374649048,5.2290425300598145,5.018421649932861,178.0,0.17191922664642334,,,,,,,,,,,,
30,,,78879,4.0,0.9835500121116638,0.9026018381118774,0.03990055248141289,0.8914405107498169,0.9144978523254395,4.303965091705322,4.010793685913086,334.0,0.2532704770565033,,,,,,,,,,,,
30,,,78889,4.0,0.986549973487854,0.9469978213310242,0.034224458038806915,0.9676946401596069,0.9283400774002075,4.057579040527344,3.826814889907837,690.0,0.19653944671154022,,,,,,,,,,,,
30,,,78899,4.0,0.9879999756813049,0.9093023538589478,0.027245471253991127,0.9181498289108276,0.9008512496948242,4.554210186004639,4.305131912231445,248.0,0.2218327671289444,,,,,,,,,,,,
30,,,78909,4.0,0.9858999848365784,0.8702555894851685,0.033530525863170624,0.8633213043212891,0.8774797916412354,5.227507591247559,4.771925449371338,207.0,0.42205166816711426,,,,,,,,,,,,
30,,,78919,4.0,0.9835500121116638,0.937303900718689,0.03841488063335419,0.9326401948928833,0.9420891404151917,5.382801532745361,5.087857246398926,545.0,0.2565295398235321,,,,,,,,,,,,
30,,,78929,4.0,0.9912999868392944,0.9756491780281067,0.022687749937176704,0.9758627414703369,0.9754357933998108,3.786348819732666,3.364969253540039,925.0,0.39869192242622375,,,,,,,,,,,,
30,,,78939,4.0,0.9778500199317932,0.9196630716323853,0.05149293318390846,0.9053817391395569,0.9352245330810547,4.797368049621582,4.279902458190918,622.0,0.4659722149372101,,,,,,,,,,,,
30,,,78949,4.0,0.9896500110626221,0.8359038829803467,0.02231760509312153,0.8824950456619263,0.799759566783905,4.685551166534424,4.4174580574035645,149.0,0.24577559530735016,,,,,,,,,,,,
30,,,78959,4.0,0.9897000193595886,0.9690843224525452,0.027418622747063637,0.9749228954315186,0.9634230732917786,5.299903869628906,3.606241464614868,1033.0,1.6662440299987793,,,,,,,,,,,,
30,,,78969,4.0,0.9937499761581421,0.8662835359573364,0.01565084233880043,0.9120371341705322,0.8298864960670471,3.673062801361084,3.381218194961548,132.0,0.2761937379837036,,,,,,,,,,,,
30,,,78979,4.0,0.9876499772071838,0.9617159366607666,0.02895691618323326,0.9615981578826904,0.9618338346481323,4.887080669403076,4.4944000244140625,690.0,0.36372366547584534,,,,,,,,,,,,
30,,,78989,4.0,0.9825999736785889,0.8521860241889954,0.056452807039022446,0.8954522013664246,0.8179981708526611,4.269804000854492,3.8748161792755127,237.0,0.3385351002216339,,,,,,,,,,,,
30,,,78999,4.0,0.9887999892234802,0.9613377451896667,0.028431551530957222,0.9712526202201843,0.9519139528274536,4.168865203857422,3.6360630989074707,774.0,0.5043702125549316,,,,,,,,,,,,
30,,,79009,4.0,0.9902999997138977,0.9215950965881348,0.02413257211446762,0.8993351459503174,0.9467121362686157,3.8265163898468018,3.4057652950286865,234.0,0.39661863446235657,,,,,,,,,,,,
30,,,79019,4.0,0.9832500219345093,0.918134331703186,0.04121267795562744,0.8919169902801514,0.9487305879592896,5.610678672790527,4.913428783416748,456.0,0.6560371518135071,,,,,,,,,,,,
30,,,79029,4.0,0.9886999726295471,0.9269571304321289,0.029653994366526604,0.941159188747406,0.9137229919433594,4.450780391693115,3.9385297298431396,497.0,0.48259666562080383,,,,,,,,,,,,
30,,,79039,4.0,0.9839500188827515,0.9461422562599182,0.038363900035619736,0.9386486411094666,0.9539574980735779,4.679490566253662,3.9879093170166016,976.0,0.6532174348831177,,,,,,,,,,,,
30,,,79049,4.0,0.9775000214576721,0.9347889423370361,0.0493931844830513,0.9345850944519043,0.9349930286407471,4.858577251434326,4.280966281890869,878.0,0.5282179117202759,,,,,,,,,,,,
30,,,79059,4.0,0.9908499717712402,0.9506000876426697,0.026183370500802994,0.9721105098724365,0.931167483329773,4.782601833343506,4.325453281402588,535.0,0.4309649169445038,,,,,,,,,,,,
30,,,79069,4.0,0.9861999750137329,0.949273943901062,0.03326739743351936,0.9608941078186035,0.9383316040039062,5.048139572143555,4.668677806854248,947.0,0.34619447588920593,,,,,,,,,,,,
30,,,79079,4.0,0.9941999912261963,0.9043715000152588,0.014368820004165173,0.8824189901351929,0.9291065335273743,3.1668431758880615,2.9398672580718994,223.0,0.21260710060596466,,,,,,,,,,,,
,7.832312720368048e-05,0.0007832312720368048,79081,,,,,,,,,,,,,,,,,,,,,,
31,,,79089,4.0,0.9925500154495239,0.9697968363761902,0.01576291210949421,0.973972499370575,0.9657061696052551,3.6383914947509766,3.3723838329315186,860.0,0.2502448558807373,,,,,,,,,,,,
31,,,79099,4.0,0.989300012588501,0.955474853515625,0.02616143226623535,0.9505810737609863,0.9604943990707397,3.414620876312256,3.1370346546173096,985.0,0.25142478942871094,,,,,,,,,,,,
31,,,79109,4.0,0.98089998960495,0.9476869702339172,0.040922097861766815,0.9552758932113647,0.9404194355010986,4.4357194900512695,4.156000137329102,915.0,0.2387973815202713,,,,,,,,,,,,
31,,,79119,4.0,0.9907500147819519,0.9792227745056152,0.022352267056703568,0.9835258722305298,0.9750259518623352,3.9717776775360107,3.5653088092803955,915.0,0.38411667943000793,,,,,,,,,,,,
31,,,79129,4.0,0.9864000082015991,0.9174691438674927,0.03453655540943146,0.9474548697471619,0.8916021585464478,4.674082279205322,4.497140884399414,325.0,0.14240489900112152,,,,,,,,,,,,
31,,,79139,4.0,0.989300012588501,0.960420548915863,0.027514977380633354,0.9681364297866821,0.9530013799667358,4.39082145690918,3.8675785064697266,1061.0,0.4957277774810791,,,,,,,,,,,,
31,,,79149,4.0,0.9854000210762024,0.9294111728668213,0.038334086537361145,0.9436087012290955,0.9162098169326782,5.955298900604248,5.399897575378418,418.0,0.5170674324035645,,,,,,,,,,,,
31,,,79159,4.0,0.9898999929428101,0.9261550903320312,0.02476663887500763,0.9290715456008911,0.9232814311981201,5.085567474365234,4.5624098777771,371.0,0.49839118123054504,,,,,,,,,,,,
31,,,79169,4.0,0.9815000295639038,0.9272706508636475,0.04298783466219902,0.95074462890625,0.906501293182373,6.160820960998535,5.256803512573242,1096.0,0.861029863357544,,,,,,,,,,,,
31,,,79179,4.0,0.9901999831199646,0.8893254399299622,0.025290468707680702,0.9262593388557434,0.8585538864135742,5.280053615570068,4.820923805236816,307.0,0.43383926153182983,,,,,,,,,,,,
31,,,79189,4.0,0.9810500144958496,0.9344130754470825,0.050761010497808456,0.9144344329833984,0.9569137096405029,4.620702743530273,4.186159610748291,916.0,0.3837820291519165,,,,,,,,,,,,
31,,,79199,4.0,0.9843999743461609,0.9015009999275208,0.03655765950679779,0.8889288902282715,0.9150083065032959,5.7613654136657715,5.195980548858643,329.0,0.5288270711898804,,,,,,,,,,,,
31,,,79209,4.0,0.9858999848365784,0.9622997045516968,0.03412923589348793,0.9654573202133179,0.9591977000236511,4.4757585525512695,4.0780463218688965,835.0,0.3635829985141754,,,,,,,,,,,,
31,,,79219,4.0,0.9850999712944031,0.9258495569229126,0.03693974018096924,0.934770941734314,0.917333722114563,4.7444071769714355,4.269530296325684,550.0,0.43793725967407227,,,,,,,,,,,,
31,,,79229,4.0,0.9909999966621399,0.9403332471847534,0.021773366257548332,0.9329395890235901,0.9480091333389282,4.627753257751465,4.170476913452148,308.0,0.4355027973651886,,,,,,,,,,,,
31,,,79239,4.0,0.9814000129699707,0.9065209627151489,0.043716270476579666,0.9054271578788757,0.907621443271637,5.57576847076416,5.142868995666504,472.0,0.3891831934452057,,,,,,,,,,,,
31,,,79249,4.0,0.9861500263214111,0.9652194976806641,0.042043525725603104,0.9640453457832336,0.9664016962051392,5.7217512130737305,5.09201192855835,1152.0,0.587695837020874,,,,,,,,,,,,
31,,,79259,4.0,0.9883000254631042,0.87736976146698,0.03100554458796978,0.8629341125488281,0.8930811882019043,5.8179755210876465,5.472714424133301,295.0,0.31425580382347107,,,,,,,,,,,,
31,,,79269,4.0,0.9924499988555908,0.9688200354576111,0.018770387396216393,0.9620263576507568,0.9758511781692505,3.96781587600708,3.55637264251709,782.0,0.39267289638519287,,,,,,,,,,,,
31,,,79279,4.0,0.9918500185012817,0.9107480049133301,0.019719567149877548,0.9417616724967957,0.883998692035675,5.369330883026123,4.696483612060547,179.0,0.6531277894973755,,,,,,,,,,,,
31,,,79289,4.0,0.9874500036239624,0.9298460483551025,0.03172630816698074,0.924902617931366,0.9349198341369629,4.4375715255737305,3.9543159008026123,543.0,0.4515291452407837,,,,,,,,,,,,
31,,,79299,4.0,0.991349995136261,0.9767289161682129,0.023891469463706017,0.9815701246261597,0.9720125794410706,3.532602071762085,3.1221749782562256,1116.0,0.38653555512428284,,,,,,,,,,,,
31,,,79309,4.0,0.9881500005722046,0.9462770223617554,0.03191746398806572,0.9370359182357788,0.9559801816940308,4.7913641929626465,4.11356782913208,558.0,0.6458786129951477,,,,,,,,,,,,
31,,,79319,4.0,0.9900500178337097,0.9709232449531555,0.027385137975215912,0.9620980024337769,0.9801888465881348,4.261569023132324,3.6437020301818848,634.0,0.5904818773269653,,,,,,,,,,,,
31,,,79329,4.0,0.9750999808311462,0.9296422004699707,0.05397811904549599,0.9550485014915466,0.9076137542724609,6.003879070281982,5.449944496154785,1022.0,0.4999563992023468,,,,,,,,,,,,
31,,,79339,4.0,0.9851499795913696,0.8349622488021851,0.03413458913564682,0.8191115856170654,0.8525833487510681,5.086170673370361,4.460562229156494,197.0,0.5914741158485413,,,,,,,,,,,,
31,,,79349,4.0,0.977649986743927,0.9301458597183228,0.04953664168715477,0.9113940596580505,0.9512004852294922,5.413629055023193,5.044793128967285,581.0,0.31929928064346313,,,,,,,,,,,,
31,,,79359,4.0,0.971750020980835,0.8885239362716675,0.06779929250478745,0.898208498954773,0.8793835043907166,5.48829460144043,4.441314697265625,1068.0,0.9791808724403381,,,,,,,,,,,,
31,,,79369,4.0,0.9831500053405762,0.9534938931465149,0.04067518189549446,0.9747994542121887,0.9345055818557739,4.500637054443359,3.876847743988037,1088.0,0.5831139087677002,,,,,,,,,,,,
31,,,79379,4.0,0.9879000186920166,0.8957111835479736,0.031811852008104324,0.8957111835479736,0.8957111835479736,4.318732738494873,4.03939962387085,227.0,0.2475215196609497,,,,,,,,,,,,
31,,,79389,4.0,0.982450008392334,0.9289502501487732,0.04430992901325226,0.9471414089202881,0.912411093711853,5.471193313598633,4.954550743103027,546.0,0.4723327159881592,,,,,,,,,,,,
31,,,79399,4.0,0.9886500239372253,0.9471449255943298,0.03242693841457367,0.94881272315979,0.9454913139343262,3.6319591999053955,3.3954875469207764,868.0,0.2040448784828186,,,,,,,,,,,,
31,,,79409,4.0,0.9854000210762024,0.9455814361572266,0.03729148581624031,0.9274734258651733,0.9656367301940918,4.00712776184082,3.7020010948181152,687.0,0.2678349018096924,,,,,,,,,,,,
31,,,79419,4.0,0.9828000068664551,0.8907656669616699,0.047530293464660645,0.9241622686386108,0.862680971622467,5.356781959533691,5.079866886138916,474.0,0.22938498854637146,,,,,,,,,,,,
31,,,79429,4.0,0.9854999780654907,0.9437962770462036,0.03273652493953705,0.9376746416091919,0.9501247406005859,4.1454691886901855,3.7930753231048584,897.0,0.3196571171283722,,,,,,,,,,,,
31,,,79439,4.0,0.9894000291824341,0.9289440512657166,0.026343127712607384,0.9263096451759338,0.9316143989562988,4.5659894943237305,4.218390464782715,396.0,0.32125571370124817,,,,,,,,,,,,
31,,,79449,4.0,0.9872000217437744,0.95918208360672,0.03449421375989914,0.9618703722953796,0.9565322399139404,5.336475849151611,4.644302845001221,899.0,0.657678484916687,,,,,,,,,,,,
31,,,79459,4.0,0.9882500171661377,0.9572513699531555,0.030656350776553154,0.9482609033584595,0.966686487197876,3.9946062564849854,3.609919786453247,916.0,0.35403022170066833,,,,,,,,,,,,
31,,,79469,4.0,0.9864000082015991,0.8719624280929565,0.03034508042037487,0.8998504877090454,0.8479292988777161,4.513946056365967,4.3393144607543945,197.0,0.14428669214248657,,,,,,,,,,,,
31,,,79479,4.0,0.9871000051498413,0.9149968028068542,0.031352449208498,0.9134917259216309,0.9165140390396118,5.0922956466674805,4.6022491455078125,297.0,0.458694189786911,,,,,,,,,,,,
31,,,79489,4.0,0.9710000157356262,0.9043248295783997,0.06421501189470291,0.9352718591690063,0.8783264756202698,4.180652141571045,3.9010865688323975,844.0,0.21535050868988037,,,,,,,,,,,,
31,,,79499,4.0,0.9796000123023987,0.9411237239837646,0.048013828694820404,0.940712571144104,0.9415359497070312,5.046613693237305,4.489344120025635,854.0,0.5092560648918152,,,,,,,,,,,,
31,,,79509,4.0,0.9883000254631042,0.9480572938919067,0.028990227729082108,0.9388276934623718,0.9577474594116211,4.919870376586914,4.268462657928467,504.0,0.622417688369751,,,,,,,,,,,,
31,,,79519,4.0,0.9896000027656555,0.9335639476776123,0.02500622719526291,0.9392404556274414,0.9280462861061096,5.679439544677734,5.0643134117126465,348.0,0.5901199579238892,,,,,,,,,,,,
31,,,79529,4.0,0.9921500086784363,0.9421734809875488,0.02071003057062626,0.9759349822998047,0.9132058024406433,5.176543235778809,4.852694511413574,348.0,0.3031385540962219,,,,,,,,,,,,
31,,,79539,4.0,0.9778500199317932,0.9251676797866821,0.05419998615980148,0.9165884256362915,0.9341945648193359,4.7431640625,4.24934196472168,584.0,0.4396217465400696,,,,,,,,,,,,
31,,,79549,4.0,0.9899500012397766,0.8722803592681885,0.02474287338554859,0.8889193534851074,0.8570691347122192,4.661897659301758,4.398725986480713,170.0,0.23842883110046387,,,,,,,,,,,,
31,,,79559,4.0,0.9731500148773193,0.8850536942481995,0.06090562790632248,0.8716311454772949,0.8996740579605103,5.3913350105285645,4.956959247589111,461.0,0.373470276594162,,,,,,,,,,,,
31,,,79569,4.0,0.9674000144004822,0.9043934345245361,0.09391416609287262,0.923592209815979,0.8872888088226318,5.927788734436035,5.137912750244141,935.0,0.6959621906280518,,,,,,,,,,,,
31,,,79579,4.0,0.9887999892234802,0.8732414245605469,0.025683987885713577,0.9010846614837646,0.8491901159286499,4.879054069519043,4.480278491973877,158.0,0.3730919063091278,,,,,,,,,,,,
31,,,79589,4.0,0.9856500029563904,0.8377659320831299,0.04182371124625206,0.9107106924057007,0.7877333164215088,4.714554786682129,4.240882873535156,262.0,0.4318481981754303,,,,,,,,,,,,
31,,,79599,4.0,0.9841499924659729,0.9211568832397461,0.047138623893260956,0.9325442910194397,0.9104294180870056,5.797251224517822,5.230625629425049,520.0,0.5194868445396423,,,,,,,,,,,,
31,,,79609,4.0,0.9880499839782715,0.9196460247039795,0.03011162020266056,0.9034408330917358,0.9373493194580078,5.903628349304199,5.186087131500244,464.0,0.6874291896820068,,,,,,,,,,,,
31,,,79619,4.0,0.9837499856948853,0.8742562532424927,0.04004742577672005,0.8462158441543579,0.9077508449554443,6.216963768005371,5.372442245483398,270.0,0.8044739961624146,,,,,,,,,,,,
31,,,79629,4.0,0.9807500243186951,0.8236326575279236,0.0555197075009346,0.8969814777374268,0.7743616104125977,7.602333068847656,7.28017520904541,525.0,0.2666383683681488,,,,,,,,,,,,
31,,,79639,4.0,0.9805499911308289,0.916357159614563,0.04818181321024895,0.8941540122032166,0.9417160749435425,4.628373622894287,4.400959491729736,641.0,0.17923210561275482,,,,,,,,,,,,
31,,,79649,4.0,0.9856500029563904,0.8940012454986572,0.033775363117456436,0.891048789024353,0.8970027565956116,5.2777886390686035,4.803029537200928,292.0,0.44098374247550964,,,,,,,,,,,,
31,,,79659,4.0,0.9853000044822693,0.8786064386367798,0.03699073940515518,0.9280753135681152,0.8400259017944336,5.498294830322266,5.013707637786865,486.0,0.44759640097618103,,,,,,,,,,,,
31,,,79669,4.0,0.9844499826431274,0.9438434839248657,0.04786635562777519,0.9546451568603516,0.933639645576477,6.1627607345581055,5.430997848510742,856.0,0.6838964819908142,,,,,,,,,,,,
31,,,79679,4.0,0.9901999831199646,0.9036146402359009,0.022791845723986626,0.9276136159896851,0.8823096752166748,4.107517719268799,3.6691198348999023,235.0,0.41560620069503784,,,,,,,,,,,,
31,,,79689,4.0,0.991100013256073,0.9590439200401306,0.02179315872490406,0.9594180583953857,0.9586704969406128,3.7398462295532227,3.4003746509552,694.0,0.3176785111427307,,,,,,,,,,,,
31,,,79699,4.0,0.9861000180244446,0.8995989561080933,0.035511258989572525,0.9123509526252747,0.8876767158508301,4.781455039978027,4.18567419052124,239.0,0.5602693557739258,,,,,,,,,,,,
31,,,79709,4.0,0.9800500273704529,0.9208441972732544,0.05010003224015236,0.9699183702468872,0.8823927640914917,5.277624607086182,4.930199146270752,733.0,0.29732567071914673,,,,,,,,,,,,
31,,,79719,4.0,0.9894999861717224,0.9350555539131165,0.027036987245082855,0.9350555539131165,0.9350555539131165,4.085047245025635,3.8228759765625,358.0,0.23513449728488922,,,,,,,,,,,,
31,,,79729,4.0,0.9915500283241272,0.9199484586715698,0.023333383724093437,0.9694768190383911,0.8803614377975464,3.74255108833313,3.599660634994507,441.0,0.11955710500478745,,,,,,,,,,,,
31,,,79739,4.0,0.9857500195503235,0.9126032590866089,0.039107002317905426,0.9461538791656494,0.8841742277145386,4.352421760559082,3.979384660720825,509.0,0.3339298665523529,,,,,,,,,,,,
31,,,79749,4.0,0.9852499961853027,0.8953522443771362,0.034995343536138535,0.8956124782562256,0.8950924873352051,4.448844909667969,4.148914337158203,297.0,0.264934778213501,,,,,,,,,,,,
31,,,79759,4.0,0.9709500074386597,0.9175223112106323,0.06753244996070862,0.8907089233398438,0.9497056603431702,5.1873250007629395,4.780958652496338,678.0,0.33883368968963623,,,,,,,,,,,,
31,,,79769,4.0,0.9780499935150146,0.9152867794036865,0.04980877786874771,0.8956379890441895,0.9374353885650635,5.009075164794922,4.6190080642700195,413.0,0.3402581810951233,,,,,,,,,,,,
31,,,79779,4.0,0.9890999794006348,0.9274710416793823,0.025157932192087173,0.9147881269454956,0.9410360455513,4.504962921142578,4.310678958892822,281.0,0.1691260188817978,,,,,,,,,,,,
31,,,79789,4.0,0.9847999811172485,0.9495471119880676,0.03654465451836586,0.9358617067337036,0.9643381834030151,4.144359588623047,3.7939789295196533,784.0,0.31383612751960754,,,,,,,,,,,,
31,,,79799,4.0,0.9850999712944031,0.8589702844619751,0.031809885054826736,0.8794227838516235,0.840741753578186,5.6217827796936035,5.257595539093018,225.0,0.3323775827884674,,,,,,,,,,,,
31,,,79809,4.0,0.9833999872207642,0.8485664129257202,0.04978632554411888,0.8497711420059204,0.8473706841468811,5.603219032287598,4.451946258544922,242.0,1.1014864444732666,,,,,,,,,,,,
31,,,79819,4.0,0.9839500188827515,0.9179699420928955,0.0427791029214859,0.8948148488998413,0.9444511532783508,4.41463041305542,3.6244962215423584,489.0,0.747355043888092,,,,,,,,,,,,
31,,,79829,4.0,0.9873499870300293,0.9244482517242432,0.028577927500009537,0.9341725707054138,0.9151944518089294,4.461188316345215,4.188449859619141,373.0,0.24416062235832214,,,,,,,,,,,,
31,,,79839,4.0,0.984000027179718,0.9516912698745728,0.04123356565833092,0.9451224207878113,0.958510160446167,4.5519256591796875,4.2751874923706055,885.0,0.23550452291965485,,,,,,,,,,,,
31,,,79849,4.0,0.9862499833106995,0.9640761613845825,0.03479522466659546,0.9598413705825806,0.9684156179428101,4.104767322540283,3.7454471588134766,827.0,0.32452496886253357,,,,,,,,,,,,
31,,,79859,4.0,0.9915500283241272,0.9578920602798462,0.019978147000074387,0.9500895738601685,0.9660073518753052,4.880129337310791,4.279703617095947,368.0,0.5804476737976074,,,,,,,,,,,,
31,,,79869,4.0,0.9918500185012817,0.9698435068130493,0.020565450191497803,0.9693984985351562,0.9702895879745483,3.7641642093658447,3.3969528675079346,713.0,0.3466457724571228,,,,,,,,,,,,
31,,,79879,4.0,0.9856500029563904,0.899249792098999,0.03275492787361145,0.9010758996009827,0.8974416255950928,4.054728031158447,3.8099632263183594,316.0,0.21201001107692719,,,,,,,,,,,,
31,,,79889,4.0,0.9905999898910522,0.8688391447067261,0.02898101508617401,0.8708338737487793,0.8668668270111084,3.8922791481018066,3.6897764205932617,195.0,0.17352180182933807,,,,,,,,,,,,
31,,,79899,4.0,0.9797499775886536,0.8631559610366821,0.0464559830725193,0.8633826971054077,0.8629295825958252,5.92789363861084,5.487399101257324,298.0,0.39403843879699707,,,,,,,,,,,,
31,,,79909,4.0,0.9916499853134155,0.8766857385635376,0.025264138355851173,0.8448543548583984,0.9153232574462891,4.938477993011475,4.015282154083252,181.0,0.8979313969612122,,,,,,,,,,,,
31,,,79919,4.0,0.9868000149726868,0.9137524962425232,0.02819233015179634,0.880229115486145,0.9545462131500244,4.194747447967529,4.019693851470947,262.0,0.14686128497123718,,,,,,,,,,,,
31,,,79929,4.0,0.9832500219345093,0.8787692785263062,0.03917987272143364,0.8800464272499084,0.8775014281272888,5.215645790100098,4.850475788116455,333.0,0.325990229845047,,,,,,,,,,,,
31,,,79939,4.0,0.9921500086784363,0.9690656661987305,0.01885787770152092,0.9851776957511902,0.9541576504707336,3.3775768280029297,3.1629297733306885,897.0,0.19578905403614044,,,,,,,,,,,,
31,,,79949,4.0,0.9829999804496765,0.9612092971801758,0.04439285397529602,0.9716243147850037,0.9514164328575134,4.899898052215576,3.888284921646118,879.0,0.9672204256057739,,,,,,,,,,,,
31,,,79959,4.0,0.9809499979019165,0.8608129024505615,0.03970352187752724,0.9119752049446106,0.8217708468437195,6.173933982849121,5.59320068359375,337.0,0.5410298705101013,,,,,,,,,,,,
31,,,79969,4.0,0.993399977684021,0.940809965133667,0.017672007903456688,0.9334894418716431,0.9483994841575623,4.288895130157471,3.7468039989471436,293.0,0.5244191884994507,,,,,,,,,,,,
31,,,79979,4.0,0.9834499955177307,0.9023259878158569,0.04012700542807579,0.9132494926452637,0.8920257687568665,4.640881538391113,4.304506778717041,309.0,0.29624801874160767,,,,,,,,,,,,
31,,,79989,4.0,0.9883999824523926,0.8244314193725586,0.03127496689558029,0.859254002571106,0.7959889769554138,4.455027103424072,4.270761013031006,186.0,0.15299110114574432,,,,,,,,,,,,
31,,,79999,4.0,0.986050009727478,0.9627401828765869,0.04011872410774231,0.9564986228942871,0.9692106246948242,4.973172187805176,4.568556785583496,1198.0,0.3644965589046478,,,,,,,,,,,,
31,,,80009,4.0,0.994350016117096,0.8974941372871399,0.020070107653737068,0.8996087312698364,0.8954025506973267,4.92616081237793,4.701979160308838,170.0,0.2041114866733551,,,,,,,,,,,,
31,,,80019,4.0,0.982699990272522,0.8513745665550232,0.038636721670627594,0.8051739931106567,0.9158987402915955,4.8925347328186035,4.576218128204346,236.0,0.27768000960350037,,,,,,,,,,,,
31,,,80029,4.0,0.9833499789237976,0.9391223788261414,0.045419562608003616,0.9188363552093506,0.961941123008728,4.307238578796387,3.7732582092285156,683.0,0.48856067657470703,,,,,,,,,,,,
31,,,80039,4.0,0.9844499826431274,0.960456371307373,0.03650805354118347,0.9620139598846436,0.9589128494262695,4.581406593322754,4.020940780639648,862.0,0.5239579677581787,,,,,,,,,,,,
31,,,80049,4.0,0.9850999712944031,0.9134133458137512,0.036574531346559525,0.9205427765846252,0.9065479040145874,4.8153533935546875,4.422977447509766,317.0,0.3558015823364258,,,,,,,,,,,,
31,,,80059,4.0,0.9904000163078308,0.9675209522247314,0.02556881122291088,0.9659345149993896,0.9691206812858582,4.388134479522705,4.015989303588867,856.0,0.3465763330459595,,,,,,,,,,,,
31,,,80069,4.0,0.9848499894142151,0.9522301554679871,0.0346200056374073,0.9593175649642944,0.945408821105957,3.81508207321167,3.5910491943359375,950.0,0.1894128918647766,,,,,,,,,,,,
31,,,80079,4.0,0.9899500012397766,0.8552923798561096,0.024726474657654762,0.8406535387039185,0.8713104724884033,4.755988597869873,4.601156234741211,186.0,0.1301058530807495,,,,,,,,,,,,
31,,,80089,4.0,0.9881500005722046,0.9512720704078674,0.03190256655216217,0.9315181374549866,0.9732789993286133,4.320760726928711,4.018050670623779,557.0,0.27080702781677246,,,,,,,,,,,,
31,,,80099,4.0,0.9865999817848206,0.9057357311248779,0.030131226405501366,0.8994978666305542,0.9121904373168945,5.613377094268799,4.957879543304443,287.0,0.6253662109375,,,,,,,,,,,,
31,,,80109,4.0,0.9794999957084656,0.9143217206001282,0.046484608203172684,0.9092603325843811,0.9195325374603271,6.161487102508545,5.802931308746338,594.0,0.31207141280174255,,,,,,,,,,,,
31,,,80119,4.0,0.9922500252723694,0.966671884059906,0.018928352743387222,0.9664961099624634,0.9668477773666382,3.6645877361297607,3.3708057403564453,687.0,0.2748536467552185,,,,,,,,,,,,
31,,,80129,4.0,0.9847999811172485,0.8963119983673096,0.042053353041410446,0.918018102645874,0.8769345879554749,5.8960113525390625,5.139496803283691,373.0,0.7144612669944763,,,,,,,,,,,,
31,,,80139,4.0,0.9924499988555908,0.8980761766433716,0.018242541700601578,0.9070745706558228,0.8894837498664856,4.508982181549072,4.320996284484863,198.0,0.16974367201328278,,,,,,,,,,,,
31,,,80149,4.0,0.9849500060081482,0.9482731819152832,0.03883960843086243,0.9453133344650269,0.9512814879417419,5.429172515869141,5.047436237335205,874.0,0.34289637207984924,,,,,,,,,,,,
31,,,80159,4.0,0.9900500178337097,0.9734352231025696,0.03342685103416443,0.9709533452987671,0.9759516716003418,4.5229082107543945,3.6441736221313477,1023.0,0.8453077673912048,,,,,,,,,,,,
31,,,80169,4.0,0.984749972820282,0.9295642971992493,0.033636413514614105,0.9286882877349854,0.9304444193840027,3.7670276165008545,3.444913387298584,862.0,0.28847789764404297,,,,,,,,,,,,
31,,,80179,4.0,0.9905499815940857,0.9548353552818298,0.030504662543535233,0.967807412147522,0.942654550075531,3.699481964111328,3.3773906230926514,741.0,0.2915867567062378,,,,,,,,,,,,
31,,,80189,4.0,0.9732999801635742,0.8824737071990967,0.06206927448511124,0.9476281404495239,0.8358888626098633,5.0695600509643555,4.6245198249816895,498.0,0.38297075033187866,,,,,,,,,,,,
31,,,80199,4.0,0.9877499938011169,0.9651724696159363,0.03425755724310875,0.9829259514808655,0.9490009546279907,3.8980023860931396,3.492738962173462,999.0,0.37100568413734436,,,,,,,,,,,,
31,,,80209,4.0,0.9889000058174133,0.9217113852500916,0.028170572593808174,0.9278697967529297,0.9157429933547974,4.523515224456787,4.299320220947266,262.0,0.1960245817899704,,,,,,,,,,,,
31,,,80219,4.0,0.9790999889373779,0.9377256631851196,0.049598608165979385,0.9190332293510437,0.9586936831474304,4.27834415435791,3.945232391357422,897.0,0.2835131287574768,,,,,,,,,,,,
31,,,80229,4.0,0.9846000075340271,0.8948150873184204,0.041114918887615204,0.925054669380188,0.8689266443252563,5.134735107421875,4.626528263092041,350.0,0.4670918881893158,,,,,,,,,,,,
31,,,80239,4.0,0.9844499826431274,0.9459913969039917,0.037187956273555756,0.9574476480484009,0.9352079629898071,4.295003890991211,3.957507371902466,1059.0,0.3003084361553192,,,,,,,,,,,,
31,,,80249,4.0,0.9842000007629395,0.9456167817115784,0.03854047507047653,0.9253649711608887,0.9683881998062134,3.788391351699829,3.531747817993164,798.0,0.21810311079025269,,,,,,,,,,,,
31,,,80259,4.0,0.9907500147819519,0.9477097988128662,0.02410258911550045,0.9402728080749512,0.9554325342178345,5.241889953613281,4.786923885345459,344.0,0.43086349964141846,,,,,,,,,,,,
31,,,80269,4.0,0.9801999926567078,0.852425754070282,0.042265962809324265,0.856886088848114,0.8480855822563171,6.324248790740967,5.8533477783203125,255.0,0.4286350607872009,,,,,,,,,,,,
31,,,80279,4.0,0.9753999710083008,0.8434042930603027,0.05660489574074745,0.8073011636734009,0.890558123588562,5.315835952758789,4.604014873504639,216.0,0.6552163362503052,,,,,,,,,,,,
31,,,80289,4.0,0.9835000038146973,0.9313894510269165,0.0374184250831604,0.9406849145889282,0.922540545463562,4.171876907348633,3.8401105403900146,515.0,0.29434800148010254,,,,,,,,,,,,
31,,,80299,4.0,0.9898999929428101,0.9317895174026489,0.02523031085729599,0.9280569553375244,0.9355939626693726,5.189353942871094,4.561295509338379,284.0,0.602827787399292,,,,,,,,,,,,
31,,,80309,4.0,0.9886999726295471,0.8954755067825317,0.027475792914628983,0.9068707227706909,0.8847413659095764,4.4908318519592285,4.064023494720459,289.0,0.3993324339389801,,,,,,,,,,,,
31,,,80319,4.0,0.9752500057220459,0.8430911898612976,0.05221845582127571,0.8557684421539307,0.8313790559768677,5.308794021606445,4.726841926574707,362.0,0.5297337770462036,,,,,,,,,,,,
31,,,80329,4.0,0.9849500060081482,0.947880744934082,0.04010402411222458,0.9576828479766846,0.9385735392570496,5.355069637298584,3.9438281059265137,664.0,1.3711377382278442,,,,,,,,,,,,
31,,,80339,4.0,0.9907000064849854,0.9489181041717529,0.024589281529188156,0.9401919841766357,0.9580405950546265,4.202771186828613,3.8290603160858154,482.0,0.34912168979644775,,,,,,,,,,,,
31,,,80349,4.0,0.9886999726295471,0.9339844584465027,0.030493801459670067,0.9045437574386597,0.968651533126831,3.909339427947998,3.5202226638793945,487.0,0.3586229979991913,,,,,,,,,,,,
31,,,80359,4.0,0.9857500195503235,0.9592623710632324,0.039182305335998535,0.9647440910339355,0.9539433717727661,4.281611442565918,3.883409261703491,883.0,0.3590199947357178,,,,,,,,,,,,
31,,,80369,4.0,0.9911500215530396,0.9445382356643677,0.021598272025585175,0.9504989385604858,0.9387484788894653,5.144651412963867,4.837785243988037,419.0,0.2852676808834076,,,,,,,,,,,,
31,,,80379,4.0,0.9865999817848206,0.9127603769302368,0.033068858087062836,0.9162538051605225,0.9093309044837952,4.702203750610352,4.217905521392822,333.0,0.45122960209846497,,,,,,,,,,,,
31,,,80389,4.0,0.9910500049591064,0.9698314666748047,0.02305019088089466,0.9718340039253235,0.9678493738174438,4.377862453460693,3.9355545043945312,867.0,0.41925767064094543,,,,,,,,,,,,
31,,,80399,4.0,0.9910500049591064,0.9523755311965942,0.022041846066713333,0.9679187536239624,0.9379448294639587,3.832036256790161,3.376264810562134,652.0,0.4337295889854431,,,,,,,,,,,,
31,,,80409,4.0,0.9850999712944031,0.9409823417663574,0.035343706607818604,0.9376892447471619,0.9443345665931702,5.031711578369141,4.767093658447266,556.0,0.2292742133140564,,,,,,,,,,,,
31,,,80419,4.0,0.9837999939918518,0.9426733255386353,0.04235800355672836,0.9494296312332153,0.9361575841903687,5.1897735595703125,4.654094219207764,452.0,0.49332135915756226,,,,,,,,,,,,
31,,,80429,4.0,0.9771000146865845,0.9250681400299072,0.060420628637075424,0.9225371479988098,0.9276371002197266,4.691493034362793,4.188201904296875,1062.0,0.44287073612213135,,,,,,,,,,,,
31,,,80439,4.0,0.9896500110626221,0.8198442459106445,0.02591160498559475,0.7857335209846497,0.8636674284934998,4.541007041931152,4.291268348693848,124.0,0.22382701933383942,,,,,,,,,,,,
31,,,80449,4.0,0.972350001335144,0.8462163805961609,0.05610412731766701,0.8463908433914185,0.8460420966148376,5.979242324829102,5.374477386474609,392.0,0.548660933971405,,,,,,,,,,,,
31,,,80459,4.0,0.9857000112533569,0.9228333234786987,0.031278450042009354,0.9244881868362427,0.9211929440498352,5.085665225982666,4.871960163116455,359.0,0.18242666125297546,,,,,,,,,,,,
31,,,80469,4.0,0.9866499900817871,0.9239078760147095,0.03327365964651108,0.9232507944107056,0.9245672225952148,4.824265480041504,4.53957462310791,316.0,0.25141704082489014,,,,,,,,,,,,
31,,,80479,4.0,0.9887999892234802,0.9565874338150024,0.026700805872678757,0.9464925527572632,0.967239260673523,4.856462478637695,4.182000637054443,888.0,0.6477609872817993,,,,,,,,,,,,
31,,,80489,4.0,0.9883999824523926,0.9227184057235718,0.026991063728928566,0.9517453908920288,0.8974901437759399,4.765860557556152,4.528041362762451,443.0,0.21082834899425507,,,,,,,,,,,,
31,,,80499,4.0,0.9815499782562256,0.9276881217956543,0.04382171854376793,0.9382598400115967,0.9177017211914062,4.943393707275391,4.716088771820068,605.0,0.1834833174943924,,,,,,,,,,,,
31,,,80509,4.0,0.9879999756813049,0.9050151109695435,0.026828331872820854,0.9014534950256348,0.908645749092102,5.194884300231934,4.942823886871338,339.0,0.2252323478460312,,,,,,,,,,,,
31,,,80519,4.0,0.9783999919891357,0.9463521242141724,0.05111226439476013,0.9396378993988037,0.9533522129058838,4.544483184814453,3.95007061958313,907.0,0.5433000326156616,,,,,,,,,,,,
31,,,80529,4.0,0.9832500219345093,0.9502241611480713,0.04282435029745102,0.9660433530807495,0.9356987476348877,5.291136741638184,4.203691005706787,770.0,1.044621467590332,,,,,,,,,,,,
31,,,80539,4.0,0.9915500283241272,0.8741319179534912,0.022500716149806976,0.8735944628715515,0.8746709823608398,4.072309970855713,3.818754196166992,199.0,0.23105494678020477,,,,,,,,,,,,
31,,,80549,4.0,0.9815999865531921,0.8922764658927917,0.04429495334625244,0.8766906261444092,0.9093806743621826,5.029256343841553,4.557880401611328,480.0,0.42708125710487366,,,,,,,,,,,,
31,,,80559,4.0,0.9883000254631042,0.975662350654602,0.03075813315808773,0.9799976348876953,0.9714404940605164,4.341216087341309,3.914024829864502,963.0,0.396433025598526,,,,,,,,,,,,
31,,,80569,4.0,0.9803000092506409,0.7803623676300049,0.04920642077922821,0.8971110582351685,0.7185962796211243,4.469499588012695,4.051219463348389,281.0,0.3690739572048187,,,,,,,,,,,,
31,,,80579,4.0,0.9836000204086304,0.9530185461044312,0.042706768959760666,0.9635851383209229,0.9430481791496277,4.426883697509766,3.9992294311523438,881.0,0.38494738936424255,,,,,,,,,,,,
31,,,80589,4.0,0.9918000102043152,0.9162238836288452,0.021195441484451294,0.9411324262619019,0.8941190838813782,4.590438365936279,3.99635910987854,253.0,0.5728834271430969,,,,,,,,,,,,
31,,,80599,4.0,0.98580002784729,0.8981149196624756,0.04336317256093025,0.8939237594604492,0.9024046659469604,4.438230991363525,4.256037712097168,275.0,0.13883017003536224,,,,,,,,,,,,
31,,,80609,4.0,0.9882500171661377,0.9417071342468262,0.030134281143546104,0.969158411026001,0.9176486730575562,4.271880626678467,4.081110954284668,468.0,0.1606355756521225,,,,,,,,,,,,
31,,,80619,4.0,0.9916499853134155,0.9261760711669922,0.019459161907434464,0.9664011001586914,0.8927069306373596,5.5896806716918945,4.515440464019775,373.0,1.0547809600830078,,,,,,,,,,,,
31,,,80629,4.0,0.9846500158309937,0.9631346464157104,0.03799038380384445,0.9630497097969055,0.9632196426391602,4.284237384796143,3.7140870094299316,1052.0,0.5321599245071411,,,,,,,,,,,,
31,,,80639,4.0,0.9821500182151794,0.9479604959487915,0.044434450566768646,0.9470103979110718,0.9489158391952515,5.799715995788574,5.589499473571777,1074.0,0.16578185558319092,,,,,,,,,,,,
31,,,80649,4.0,0.98580002784729,0.9156047701835632,0.03518776595592499,0.9076673984527588,0.9238940477371216,5.246509075164795,4.8584394454956055,329.0,0.35288187861442566,,,,,,,,,,,,
31,,,80659,4.0,0.9832500219345093,0.8949092626571655,0.03722585737705231,0.8741607666015625,0.918390154838562,3.7012906074523926,3.3216023445129395,476.0,0.3424622118473053,,,,,,,,,,,,
31,,,80669,4.0,0.983299970626831,0.9190487861633301,0.043310441076755524,0.9227042198181152,0.9154648780822754,4.92993688583374,4.595188140869141,543.0,0.2914382815361023,,,,,,,,,,,,
31,,,80679,4.0,0.9918000102043152,0.908771276473999,0.022585218772292137,0.9771163463592529,0.8582486510276794,4.760468482971191,4.467818737030029,239.0,0.2700642943382263,,,,,,,,,,,,
31,,,80689,4.0,0.9851999878883362,0.9496995210647583,0.038348790258169174,0.9431418180465698,0.9564992189407349,4.154762268066406,3.8041293621063232,876.0,0.3122844696044922,,,,,,,,,,,,
31,,,80699,4.0,0.9846000075340271,0.9291321635246277,0.03583783283829689,0.9301834106445312,0.9280868172645569,6.461223125457764,5.72252893447876,417.0,0.7028566598892212,,,,,,,,,,,,
31,,,80709,4.0,0.9877499938011169,0.8837405443191528,0.029247021302580833,0.8875700831413269,0.8799909353256226,4.873211860656738,4.631478786468506,241.0,0.21248634159564972,,,,,,,,,,,,
31,,,80719,4.0,0.9827499985694885,0.8795155882835388,0.04774763062596321,0.9485859870910645,0.830154299736023,4.871347904205322,4.536466121673584,374.0,0.2871340811252594,,,,,,,,,,,,
31,,,80729,4.0,0.9859499931335449,0.8844215273857117,0.04376331344246864,0.9402649402618408,0.8419122695922852,4.478990077972412,3.8440041542053223,444.0,0.5912224054336548,,,,,,,,,,,,
31,,,80739,4.0,0.9908000230789185,0.9696645736694336,0.02129719778895378,0.9722673892974854,0.9670966267585754,4.356206893920898,4.0182204246521,881.0,0.31668972969055176,,,,,,,,,,,,
31,,,80749,4.0,0.9865999817848206,0.9168359041213989,0.03161740303039551,0.903577446937561,0.9310973882675171,5.82709264755249,5.290165424346924,364.0,0.5053097605705261,,,,,,,,,,,,
31,,,80759,4.0,0.9919499754905701,0.9055202007293701,0.02075641043484211,0.931254506111145,0.8828172087669373,4.028426647186279,3.4777889251708984,244.0,0.5298810601234436,,,,,,,,,,,,
31,,,80769,4.0,0.9902999997138977,0.8780665993690491,0.025684824213385582,0.8566290140151978,0.9024025797843933,4.446591854095459,4.098355293273926,209.0,0.3225516974925995,,,,,,,,,,,,
31,,,80779,4.0,0.9908999800682068,0.9528636932373047,0.02588612399995327,0.9686286449432373,0.9382447004318237,3.824449062347412,3.5845043659210205,416.0,0.2140585482120514,,,,,,,,,,,,
31,,,80789,4.0,0.9866999983787537,0.9130991101264954,0.031502388417720795,0.9111223220825195,0.9150968790054321,4.947161674499512,4.427628517150879,318.0,0.4880308210849762,,,,,,,,,,,,
31,,,80799,4.0,0.9864000082015991,0.9488517045974731,0.030768845230340958,0.9686371088027954,0.9309471249580383,4.227822303771973,3.7876720428466797,901.0,0.40938153862953186,,,,,,,,,,,,
31,,,80809,4.0,0.981249988079071,0.9377464056015015,0.041536763310432434,0.927711546421051,0.9483814835548401,4.8758721351623535,4.5327534675598145,785.0,0.30158185958862305,,,,,,,,,,,,
31,,,80819,4.0,0.9893500208854675,0.8380993604660034,0.02207646705210209,0.8385969400405884,0.8376033306121826,3.9780354499816895,3.869147539138794,234.0,0.08681153506040573,,,,,,,,,,,,
31,,,80829,4.0,0.98785001039505,0.9119441509246826,0.030555902048945427,0.9487310647964478,0.8811453580856323,5.708680629730225,5.3763532638549805,345.0,0.3017716109752655,,,,,,,,,,,,
31,,,80839,4.0,0.9757500290870667,0.9253973960876465,0.06671526283025742,0.9398586750030518,0.912078857421875,5.378448486328125,5.05161190032959,723.0,0.26012125611305237,,,,,,,,,,,,
31,,,80849,4.0,0.9804999828338623,0.9380455017089844,0.05305667594075203,0.9346229434013367,0.9415360689163208,5.257598876953125,4.094644069671631,751.0,1.1098980903625488,,,,,,,,,,,,
31,,,80859,4.0,0.9772999882698059,0.8498740196228027,0.05381929874420166,0.8302841186523438,0.8722394704818726,5.57408332824707,5.1047468185424805,378.0,0.4155171513557434,,,,,,,,,,,,
31,,,80869,4.0,0.9932500123977661,0.8902857303619385,0.022683238610625267,0.9076432585716248,0.8743945360183716,3.945978879928589,3.821516752243042,193.0,0.10177887231111526,,,,,,,,,,,,
31,,,80879,4.0,0.993399977684021,0.9669488668441772,0.018474174663424492,0.9794479012489319,0.9551624059677124,3.7040281295776367,3.4306082725524902,878.0,0.25494563579559326,,,,,,,,,,,,
31,,,80889,4.0,0.9942499995231628,0.9746801853179932,0.018040260300040245,0.9797021746635437,0.9697777032852173,4.140617847442627,3.8543572425842285,910.0,0.26822027564048767,,,,,,,,,,,,
31,,,80899,4.0,0.982450008392334,0.9065238237380981,0.04006883502006531,0.8643629550933838,0.9615774154663086,5.771231651306152,5.389924049377441,238.0,0.341238796710968,,,,,,,,,,,,
31,,,80909,4.0,0.9711999893188477,0.8290176391601562,0.06559167057275772,0.8605784773826599,0.8030703067779541,5.382909774780273,5.083712577819824,484.0,0.23360542953014374,,,,,,,,,,,,
31,,,80919,4.0,0.9818000197410583,0.9384950399398804,0.04103860259056091,0.9357802867889404,0.9412516355514526,5.515719413757324,5.0227131843566895,997.0,0.4519674777984619,,,,,,,,,,,,
31,,,80929,4.0,0.9764999747276306,0.8944318890571594,0.04854113236069679,0.8901132345199585,0.8988633155822754,5.162416458129883,4.704855918884277,580.0,0.4090193510055542,,,,,,,,,,,,
31,,,80939,4.0,0.9843999743461609,0.8314483761787415,0.05694999918341637,0.881271481513977,0.7937002182006836,5.692762851715088,4.736752986907959,294.0,0.8990598320960999,,,,,,,,,,,,
31,,,80949,4.0,0.9914500117301941,0.942721426486969,0.021885141730308533,0.9349408149719238,0.9508130550384521,4.496480941772461,4.166893005371094,313.0,0.3077029883861542,,,,,,,,,,,,
31,,,80959,4.0,0.9818999767303467,0.8387659788131714,0.040247563272714615,0.8205553889274597,0.85936439037323,4.880952835083008,4.361237525939941,243.0,0.47946783900260925,,,,,,,,,,,,
31,,,80969,4.0,0.9926999807357788,0.9533669948577881,0.018012583255767822,0.9604001641273499,0.9465653896331787,4.486758232116699,3.9611992835998535,488.0,0.5075463056564331,,,,,,,,,,,,
31,,,80979,4.0,0.9890499711036682,0.9643353819847107,0.032753754407167435,0.948999285697937,0.9810278415679932,4.116715431213379,3.4829883575439453,950.0,0.6009731888771057,,,,,,,,,,,,
31,,,80989,4.0,0.9894000291824341,0.9003833532333374,0.024787703529000282,0.9295083284378052,0.8751718997955322,4.224330902099609,3.9779205322265625,343.0,0.2216225117444992,,,,,,,,,,,,
31,,,80999,4.0,0.9724000096321106,0.8928043246269226,0.06589202582836151,0.8846016526222229,0.9014387130737305,5.544947147369385,5.262951374053955,378.0,0.21610374748706818,,,,,,,,,,,,
31,,,81009,4.0,0.9719499945640564,0.9341497421264648,0.07443785667419434,0.9293601512908936,0.9390919208526611,5.636831283569336,5.008214473724365,1149.0,0.5541791915893555,,,,,,,,,,,,
31,,,81019,4.0,0.9752500057220459,0.9151307940483093,0.07228782027959824,0.9077479243278503,0.9228506088256836,5.2133612632751465,4.689675331115723,928.0,0.4513978362083435,,,,,,,,,,,,
31,,,81029,4.0,0.9834499955177307,0.8874573707580566,0.039284270256757736,0.8992767333984375,0.8763805627822876,4.763812065124512,4.500181674957275,570.0,0.22434622049331665,,,,,,,,,,,,
31,,,81039,4.0,0.9932000041007996,0.964875340461731,0.019424255937337875,0.9750379323959351,0.9551889300346375,4.698415756225586,4.490324974060059,498.0,0.18866650760173798,,,,,,,,,,,,
31,,,81049,4.0,0.9825000166893005,0.9400433897972107,0.04618304595351219,0.9604097604751587,0.9217439293861389,3.8352081775665283,3.4029510021209717,1027.0,0.38607415556907654,,,,,,,,,,,,
31,,,81059,4.0,0.9847999811172485,0.8406854867935181,0.03324079141020775,0.8812286853790283,0.8083416819572449,4.4105610847473145,4.182407855987549,301.0,0.19491250813007355,,,,,,,,,,,,
31,,,81069,4.0,0.9836000204086304,0.9494832754135132,0.03803363814949989,0.9380296468734741,0.961718738079071,5.191553592681885,4.461428165435791,983.0,0.6920919418334961,,,,,,,,,,,,
31,,,81079,4.0,0.9863499999046326,0.8502037525177002,0.035868000239133835,0.9013768434524536,0.8111415505409241,5.917242527008057,5.566208839416504,230.0,0.31516551971435547,,,,,,,,,,,,
31,,,81089,4.0,0.9890499711036682,0.9681368470191956,0.027834871783852577,0.9779942035675049,0.9587801694869995,4.438632488250732,3.8839991092681885,883.0,0.5267985463142395,,,,,,,,,,,,
31,,,81099,4.0,0.9847999811172485,0.9031283855438232,0.04706190153956413,0.9338052272796631,0.8768654465675354,5.091155052185059,4.762241363525391,375.0,0.28185173869132996,,,,,,,,,,,,
31,,,81109,4.0,0.9876499772071838,0.9249297380447388,0.029157796874642372,0.9195753931999207,0.9304378032684326,4.499850749969482,4.04976749420166,569.0,0.4209257662296295,,,,,,,,,,,,
31,,,81119,4.0,0.9759500026702881,0.8686188459396362,0.05546217039227486,0.9043434858322144,0.8393228054046631,6.238509654998779,5.191553592681885,468.0,0.9914937615394592,,,,,,,,,,,,
31,,,81129,4.0,0.9800000190734863,0.8726863861083984,0.04460572451353073,0.9170299172401428,0.8376030921936035,4.474613666534424,4.305171966552734,387.0,0.12483581155538559,,,,,,,,,,,,
31,,,81139,4.0,0.98580002784729,0.8496677875518799,0.037598177790641785,0.9532070755958557,0.786139726638794,5.082833290100098,4.608997344970703,235.0,0.4362376034259796,,,,,,,,,,,,
31,,,81149,4.0,0.9934499859809875,0.9099375009536743,0.021322399377822876,0.9251599907875061,0.8958099484443665,4.704784393310547,4.368074417114258,238.0,0.3153875768184662,,,,,,,,,,,,
31,,,81159,4.0,0.9854000210762024,0.952843189239502,0.03718297556042671,0.9688205718994141,0.9381474256515503,6.296665668487549,3.931450843811035,847.0,2.3280317783355713,,,,,,,,,,,,
31,,,81169,4.0,0.9886000156402588,0.9602771997451782,0.025540228933095932,0.9567884206771851,0.9638310670852661,4.110238552093506,3.768226146697998,823.0,0.3164720833301544,,,,,,,,,,,,
31,,,81179,4.0,0.9852499961853027,0.9628871083259583,0.03850170597434044,0.9546800851821899,0.9715044498443604,3.9638924598693848,3.6843886375427246,930.0,0.24100200831890106,,,,,,,,,,,,
31,,,81189,4.0,0.9876499772071838,0.9233959913253784,0.029287707060575485,0.8843278288841248,0.9724705219268799,4.842345714569092,4.308592319488525,240.0,0.5044654011726379,,,,,,,,,,,,
31,,,81199,4.0,0.9922500252723694,0.9413831233978271,0.021034011617302895,0.9266940355300903,0.9572114944458008,5.033350944519043,4.279913902282715,340.0,0.7324029803276062,,,,,,,,,,,,
31,,,81209,4.0,0.9947500228881836,0.9399982690811157,0.013704854063689709,0.9301481246948242,0.950334906578064,4.096628189086914,3.950484037399292,213.0,0.13243934512138367,,,,,,,,,,,,
31,,,81219,4.0,0.9810000061988831,0.9597626328468323,0.05418425798416138,0.950964093208313,0.969084620475769,6.1224446296691895,4.149196147918701,1455.0,1.919063925743103,,,,,,,,,,,,
31,,,81229,4.0,0.9847999811172485,0.8817836046218872,0.04772504046559334,0.9060772657394409,0.8604378700256348,5.918277740478516,5.316488265991211,272.0,0.5540640950202942,,,,,,,,,,,,
31,,,81239,4.0,0.9893500208854675,0.9678524732589722,0.025809528306126595,0.955893874168396,0.9806316494941711,4.6476216316223145,3.757762908935547,1087.0,0.8640492558479309,,,,,,,,,,,,
31,,,81249,4.0,0.9894000291824341,0.9683544039726257,0.024596618488430977,0.9760353565216064,0.9609783887863159,3.6706883907318115,3.429263114929199,840.0,0.2168286144733429,,,,,,,,,,,,
31,,,81259,4.0,0.9803500175476074,0.8961360454559326,0.04675498232245445,0.9502778053283691,0.8547896146774292,4.391265392303467,4.034404277801514,492.0,0.31010645627975464,,,,,,,,,,,,
31,,,81269,4.0,0.9886999726295471,0.9011639356613159,0.02579537406563759,0.9689748287200928,0.8513982892036438,5.127745151519775,4.813783645629883,274.0,0.2881660461425781,,,,,,,,,,,,
31,,,81279,4.0,0.9782000184059143,0.9297385215759277,0.05009893700480461,0.9247505068778992,0.9348748922348022,5.717301368713379,4.474296569824219,791.0,1.1929057836532593,,,,,,,,,,,,
31,,,81289,4.0,0.9860000014305115,0.9353641271591187,0.036277830600738525,0.9536364078521729,0.9186985492706299,6.040707111358643,5.536437511444092,577.0,0.4679918587207794,,,,,,,,,,,,
31,,,81299,4.0,0.9872499704360962,0.91163170337677,0.029411043971776962,0.9071980714797974,0.9161722660064697,4.025214672088623,3.762437343597412,352.0,0.2333662360906601,,,,,,,,,,,,
31,,,81309,4.0,0.9859499931335449,0.9734572768211365,0.03897019848227501,0.9682124853134155,0.9788920879364014,6.066150188446045,4.533730983734131,1276.0,1.4934492111206055,,,,,,,,,,,,
31,,,81319,4.0,0.9696499705314636,0.9395997524261475,0.07201263308525085,0.9414005279541016,0.9378213882446289,6.356571674346924,5.980581760406494,1530.0,0.3039776384830475,,,,,,,,,,,,
31,,,81329,4.0,0.9861500263214111,0.9062885046005249,0.03292233124375343,0.9367659091949463,0.8801174163818359,5.36522102355957,4.3297553062438965,348.0,1.0025434494018555,,,,,,,,,,,,
31,,,81339,4.0,0.9882000088691711,0.915671706199646,0.028799042105674744,0.9107764959335327,0.9206957817077637,4.376340389251709,4.14470100402832,292.0,0.20284049212932587,,,,,,,,,,,,
31,,,81349,4.0,0.9847000241279602,0.8988137245178223,0.037624798715114594,0.9198950529098511,0.8799293041229248,5.0964884757995605,4.751585483551025,413.0,0.3072783052921295,,,,,,,,,,,,
31,,,81359,4.0,0.9889000058174133,0.9136708974838257,0.028764264658093452,0.9267144203186035,0.9014601707458496,4.256910800933838,3.8752684593200684,463.0,0.35287800431251526,,,,,,,,,,,,
31,,,81369,4.0,0.9902999997138977,0.9647642374038696,0.025882156565785408,0.9596582651138306,0.9700080752372742,4.560351848602295,4.002030849456787,880.0,0.5324388146400452,,,,,,,,,,,,
31,,,81379,4.0,0.9826499819755554,0.9146060943603516,0.04240874573588371,0.91884446144104,0.9104642271995544,5.225725173950195,4.907398700714111,432.0,0.27591776847839355,,,,,,,,,,,,
31,,,81389,4.0,0.9839500188827515,0.9311859011650085,0.040326811373233795,0.9265501499176025,0.935940682888031,5.248794078826904,4.890951633453369,650.0,0.3175159990787506,,,,,,,,,,,,
31,,,81399,4.0,0.9908000230789185,0.9067312479019165,0.02210196480154991,0.9483830332756042,0.8725148439407349,4.733613014221191,4.492584228515625,317.0,0.2189268171787262,,,,,,,,,,,,
31,,,81409,4.0,0.9775500297546387,0.9250872731208801,0.05490986257791519,0.9044513702392578,0.9485293626785278,4.919156074523926,4.404366493225098,738.0,0.4598798453807831,,,,,,,,,,,,
31,,,81419,4.0,0.9914500117301941,0.9715965986251831,0.020697176456451416,0.9714657068252563,0.9717276096343994,3.875886917114258,3.532315731048584,868.0,0.32287418842315674,,,,,,,,,,,,
31,,,81429,4.0,0.9865999817848206,0.8489950895309448,0.03476240113377571,0.8663842678070068,0.8332661986351013,5.753669738769531,4.583339214324951,215.0,1.1355682611465454,,,,,,,,,,,,
31,,,81439,4.0,0.991100013256073,0.9647960662841797,0.020420242100954056,0.9644784927368164,0.965114176273346,3.713115692138672,3.4028756618499756,855.0,0.2898196876049042,,,,,,,,,,,,
31,,,81449,4.0,0.9897500276565552,0.9245972633361816,0.02740425057709217,0.9114119410514832,0.9387360215187073,3.514470100402832,3.3293285369873047,402.0,0.1577371507883072,,,,,,,,,,,,
31,,,81459,4.0,0.9893500208854675,0.9221867322921753,0.022210750728845596,0.9475194215774536,0.8997763395309448,4.9440598487854,4.786834239959717,303.0,0.13501489162445068,,,,,,,,,,,,
31,,,81469,4.0,0.9868000149726868,0.9649137854576111,0.0312572605907917,0.9787013530731201,0.9521223306655884,3.9414901733398438,3.591379165649414,996.0,0.31885379552841187,,,,,,,,,,,,
31,,,81479,4.0,0.9879000186920166,0.9518750905990601,0.029342273250222206,0.9559609889984131,0.9478743076324463,4.19133996963501,3.929197072982788,706.0,0.23280073702335358,,,,,,,,,,,,
31,,,81489,4.0,0.9853000044822693,0.9472852349281311,0.0435812808573246,0.9382489919662476,0.9567838907241821,4.858185291290283,4.254129886627197,1160.0,0.5604740381240845,,,,,,,,,,,,
31,,,81499,4.0,0.9748499989509583,0.9119771718978882,0.06325920671224594,0.8829395771026611,0.9470555186271667,5.73597526550293,5.156676769256592,499.0,0.5160394906997681,,,,,,,,,,,,
31,,,81509,4.0,0.978950023651123,0.9316984415054321,0.046125683933496475,0.9401711821556091,0.9236190319061279,4.7693963050842285,4.4460225105285645,917.0,0.2772478759288788,,,,,,,,,,,,
31,,,81519,4.0,0.9775000214576721,0.8869204521179199,0.050194285809993744,0.9147849678993225,0.8629931211471558,5.149788856506348,4.609465599060059,434.0,0.49012917280197144,,,,,,,,,,,,
31,,,81529,4.0,0.9871000051498413,0.8923032283782959,0.0348530039191246,0.8910782337188721,0.8935365080833435,5.4561028480529785,5.215904712677002,264.0,0.20534536242485046,,,,,,,,,,,,
31,,,81539,4.0,0.9864500164985657,0.8857125043869019,0.03271372243762016,0.946797251701355,0.8401682376861572,4.650843620300293,4.379940509796143,336.0,0.23818935453891754,,,,,,,,,,,,
31,,,81549,4.0,0.9843999743461609,0.7750667333602905,0.0332249253988266,0.8230288028717041,0.7399824857711792,5.208646774291992,4.809703826904297,255.0,0.3657180368900299,,,,,,,,,,,,
31,,,81559,4.0,0.9886500239372253,0.8970796465873718,0.030343612655997276,0.9064818620681763,0.8881309032440186,5.233626842498779,4.914708614349365,191.0,0.28857457637786865,,,,,,,,,,,,
31,,,81569,4.0,0.9929999709129333,0.939471423625946,0.016042619943618774,0.9605065584182739,0.9203905463218689,3.6713297367095947,3.3874528408050537,472.0,0.26783427596092224,,,,,,,,,,,,
31,,,81579,4.0,0.9919999837875366,0.9780887961387634,0.018912607803940773,0.9812455773353577,0.9749850034713745,3.616814136505127,3.363372564315796,896.0,0.23452891409397125,,,,,,,,,,,,
31,,,81589,4.0,0.9811000227928162,0.89451003074646,0.04852345213294029,0.8929213285446167,0.8961132764816284,4.390320777893066,3.990626096725464,678.0,0.35117119550704956,,,,,,,,,,,,
31,,,81599,4.0,0.9802500009536743,0.8777734041213989,0.060087401419878006,0.8750130534172058,0.8805792331695557,5.122024059295654,4.712465763092041,279.0,0.34947115182876587,,,,,,,,,,,,
31,,,81609,4.0,0.9817000031471252,0.8422739505767822,0.04555562511086464,0.9438306093215942,0.7804046869277954,5.113809108734131,4.767496585845947,252.0,0.3007570803165436,,,,,,,,,,,,
31,,,81619,4.0,0.9836999773979187,0.8713595867156982,0.035557668656110764,0.8730107545852661,0.8697240948677063,4.784021854400635,4.599606513977051,338.0,0.1488577276468277,,,,,,,,,,,,
31,,,81629,4.0,0.9836000204086304,0.9164491891860962,0.04436205327510834,0.9730117321014404,0.8732118606567383,5.9394307136535645,5.446710109710693,443.0,0.4483586847782135,,,,,,,,,,,,
,7.702342635146033e-05,0.0007702342635146033,81632,,,,,,,,,,,,,,,,,,,,,,
32,,,81639,4.0,0.9818500280380249,0.9452133178710938,0.04982055723667145,0.9493268728256226,0.9411935806274414,4.982000827789307,4.689204216003418,903.0,0.2429761439561844,,,,,,,,,,,,
32,,,81649,4.0,0.9811999797821045,0.9327462911605835,0.03930897265672684,0.9311764240264893,0.9343301057815552,4.563940048217773,4.271321773529053,904.0,0.25330933928489685,,,,,,,,,,,,
32,,,81659,4.0,0.9819999933242798,0.8643355369567871,0.04344076290726662,0.838398814201355,0.8950408697128296,4.593295574188232,4.058656692504883,229.0,0.4911980628967285,,,,,,,,,,,,
32,,,81669,4.0,0.9879500269889832,0.9459752440452576,0.02909192256629467,0.9358494281768799,0.9566600918769836,5.081019878387451,4.282257080078125,605.0,0.7696709632873535,,,,,,,,,,,,
32,,,81679,4.0,0.9927499890327454,0.9735411405563354,0.01714431680738926,0.9739834070205688,0.973099946975708,3.496906280517578,3.239640235900879,900.0,0.24012188613414764,,,,,,,,,,,,
32,,,81689,4.0,0.9764999747276306,0.9019263982772827,0.06514838337898254,0.8903406858444214,0.9143553972244263,5.21225643157959,4.542413234710693,861.0,0.6046950221061707,,,,,,,,,,,,
32,,,81699,4.0,0.9825999736785889,0.9377545714378357,0.043305717408657074,0.9210231304168701,0.9561879634857178,4.358745574951172,3.856649160385132,735.0,0.4587908685207367,,,,,,,,,,,,
32,,,81709,4.0,0.9899500012397766,0.9497396945953369,0.024477578699588776,0.9645545482635498,0.9359531402587891,4.496695518493652,4.3103203773498535,454.0,0.16189782321453094,,,,,,,,,,,,
32,,,81719,4.0,0.9883999824523926,0.899368166923523,0.02708076871931553,0.8778774738311768,0.9236656427383423,4.787493705749512,4.203235149383545,272.0,0.5571781992912292,,,,,,,,,,,,
32,,,81729,4.0,0.9811999797821045,0.9231056571006775,0.04486413300037384,0.9053775072097778,0.9427729845046997,4.934079647064209,4.572292327880859,472.0,0.3169231712818146,,,,,,,,,,,,
32,,,81739,4.0,0.98580002784729,0.8812640905380249,0.03706060349941254,0.9069266319274902,0.8588550090789795,5.253504276275635,4.8456807136535645,236.0,0.37076279520988464,,,,,,,,,,,,
32,,,81749,4.0,0.9882000088691711,0.9460062980651855,0.02499040588736534,0.9496482610702515,0.9424313902854919,4.272512435913086,4.100965976715088,959.0,0.14655576646327972,,,,,,,,,,,,
32,,,81759,4.0,0.9907500147819519,0.9640136957168579,0.025237563997507095,0.9489040374755859,0.9803808331489563,4.899590015411377,4.17688512802124,544.0,0.6974672675132751,,,,,,,,,,,,
32,,,81769,4.0,0.9830999970436096,0.9226700067520142,0.03696513921022415,0.9440133571624756,0.903552234172821,5.0904717445373535,4.523752689361572,936.0,0.5297535061836243,,,,,,,,,,,,
32,,,81779,4.0,0.9839000105857849,0.9151022434234619,0.04270925372838974,0.9131423234939575,0.9170833230018616,4.943758010864258,4.026930809020996,484.0,0.8741178512573242,,,,,,,,,,,,
32,,,81789,4.0,0.9733999967575073,0.9369811415672302,0.06072831526398659,0.9406435489654541,0.9334022402763367,5.964296817779541,5.359775066375732,1242.0,0.5437930226325989,,,,,,,,,,,,
32,,,81799,4.0,0.9781000018119812,0.9451430439949036,0.054886817932128906,0.9610852003097534,0.9306092262268066,5.812698841094971,4.947516441345215,1620.0,0.810295581817627,,,,,,,,,,,,
32,,,81809,4.0,0.9873499870300293,0.9089330434799194,0.02911677211523056,0.8934805393218994,0.9257723093032837,5.143332004547119,4.457033157348633,360.0,0.6571821570396423,,,,,,,,,,,,
32,,,81819,4.0,0.9858999848365784,0.9297056794166565,0.032754331827163696,0.914627194404602,0.9460901021957397,4.145601749420166,3.8512754440307617,357.0,0.2615719437599182,,,,,,,,,,,,
32,,,81829,4.0,0.9800000190734863,0.9014332294464111,0.04509858414530754,0.9268026947975159,0.8792661428451538,4.702220439910889,4.384521484375,467.0,0.2726001739501953,,,,,,,,,,,,
32,,,81839,4.0,0.9781000018119812,0.9103625416755676,0.05244382843375206,0.8960831165313721,0.925918698310852,5.289172649383545,4.502110481262207,704.0,0.734618067741394,,,,,,,,,,,,
32,,,81849,4.0,0.9873999953269958,0.9412511587142944,0.034521277993917465,0.9405231475830078,0.9419819116592407,4.11869478225708,3.6928436756134033,524.0,0.39132964611053467,,,,,,,,,,,,
32,,,81859,4.0,0.9817500114440918,0.8448413610458374,0.04339431971311569,0.8911733627319336,0.8089438080787659,4.367009162902832,4.068998336791992,252.0,0.2546168565750122,,,,,,,,,,,,
32,,,81869,4.0,0.9767000079154968,0.9448191523551941,0.058962177485227585,0.9338408708572388,0.9566049575805664,5.458047866821289,4.835086822509766,728.0,0.5639985799789429,,,,,,,,,,,,
32,,,81879,4.0,0.9903500080108643,0.97476726770401,0.0227386225014925,0.9764333963394165,0.973116397857666,3.586052894592285,3.3199622631073,922.0,0.24335195124149323,,,,,,,,,,,,
32,,,81889,4.0,0.9854999780654907,0.9413596987724304,0.039607610553503036,0.9122365713119507,0.9758290648460388,4.174001693725586,3.7125937938690186,576.0,0.4218003749847412,,,,,,,,,,,,
32,,,81899,4.0,0.9897500276565552,0.9214781522750854,0.02374567836523056,0.9055957794189453,0.9387708306312561,4.817705154418945,4.4436445236206055,263.0,0.3503150939941406,,,,,,,,,,,,
32,,,81909,4.0,0.9851999878883362,0.9082514047622681,0.040639497339725494,0.9624288082122803,0.8663777709007263,5.187822341918945,4.843456268310547,465.0,0.30372679233551025,,,,,,,,,,,,
32,,,81919,4.0,0.98089998960495,0.8849853277206421,0.044477857649326324,0.9000055193901062,0.8711668252944946,5.54929780960083,4.8920087814331055,356.0,0.6128109097480774,,,,,,,,,,,,
32,,,81929,4.0,0.9906499981880188,0.9629018902778625,0.027114737778902054,0.9705115556716919,0.9555753469467163,4.551843643188477,3.959986925125122,547.0,0.5647419095039368,,,,,,,,,,,,
32,,,81939,4.0,0.98294997215271,0.9015954732894897,0.04149780049920082,0.9060763716697693,0.897223711013794,5.478811264038086,5.13101053237915,348.0,0.30630311369895935,,,,,,,,,,,,
32,,,81949,4.0,0.9864500164985657,0.9487589597702026,0.03150152787566185,0.9542220830917358,0.9434496164321899,4.125452518463135,3.7519593238830566,827.0,0.34199175238609314,,,,,,,,,,,,
32,,,81959,4.0,0.9755499958992004,0.8967202305793762,0.058189507573843,0.9137893915176392,0.8812189102172852,5.730415344238281,4.997859001159668,526.0,0.6743669509887695,,,,,,,,,,,,
32,,,81969,4.0,0.9861999750137329,0.8716779351234436,0.03186720609664917,0.8796947002410889,0.8640151023864746,5.059148788452148,4.526640892028809,212.0,0.5006409287452698,,,,,,,,,,,,
32,,,81979,4.0,0.9924499988555908,0.9617630243301392,0.026630926877260208,0.9565916657447815,0.9670684337615967,3.823953628540039,3.254535436630249,785.0,0.5427871942520142,,,,,,,,,,,,
32,,,81989,4.0,0.9939500093460083,0.9685302972793579,0.01588946394622326,0.9800078868865967,0.9576512575149536,3.4209282398223877,3.132676362991333,932.0,0.27236250042915344,,,,,,,,,,,,
32,,,81999,4.0,0.9861500263214111,0.9486875534057617,0.033788397908210754,0.9468501806259155,0.9505431652069092,4.746486186981201,4.455597877502441,898.0,0.25710031390190125,,,,,,,,,,,,
32,,,82009,4.0,0.9893500208854675,0.9634594321250916,0.02673433907330036,0.9635933637619019,0.9633256196975708,4.066616058349609,3.7251503467559814,918.0,0.31473129987716675,,,,,,,,,,,,
32,,,82019,4.0,0.9821000099182129,0.8069950938224792,0.05876002833247185,0.8845014572143555,0.7566308975219727,5.623921871185303,4.472415924072266,265.0,1.0927457809448242,,,,,,,,,,,,
32,,,82029,4.0,0.9677000045776367,0.8511191606521606,0.07057621330022812,0.8782718181610107,0.8281210660934448,6.9685587882995605,6.547967910766602,380.0,0.3500148057937622,,,,,,,,,,,,
32,,,82039,4.0,0.9861500263214111,0.9552295804023743,0.03312845528125763,0.9638649225234985,0.9469807147979736,4.303613662719727,3.775512933731079,691.0,0.4949721693992615,,,,,,,,,,,,
32,,,82049,4.0,0.988099992275238,0.8611136674880981,0.025989891961216927,0.8871288299560547,0.8385336399078369,4.868884086608887,4.636009693145752,255.0,0.2068842649459839,,,,,,,,,,,,
32,,,82059,4.0,0.9894000291824341,0.9287678599357605,0.025401029735803604,0.9224902391433716,0.935253381729126,5.286128997802734,4.9865803718566895,356.0,0.27414771914482117,,,,,,,,,,,,
32,,,82069,4.0,0.9692000150680542,0.858494758605957,0.07010726630687714,0.9262086153030396,0.8114998936653137,6.941656589508057,6.484441757202148,639.0,0.38710740208625793,,,,,,,,,,,,
32,,,82079,4.0,0.9819499850273132,0.9583204984664917,0.04503944516181946,0.9659020900726318,0.9510743618011475,4.86593770980835,3.864351987838745,968.0,0.9565463662147522,,,,,,,,,,,,
32,,,82089,4.0,0.9811499714851379,0.9309061765670776,0.04560011997818947,0.9321224689483643,0.92969810962677,4.525902271270752,4.077395915985107,913.0,0.4029064476490021,,,,,,,,,,,,
32,,,82099,4.0,0.9782999753952026,0.8434686660766602,0.06272435933351517,0.8827893733978271,0.8120523691177368,5.273849010467529,4.720301628112793,343.0,0.4908226728439331,,,,,,,,,,,,
32,,,82109,4.0,0.9868999719619751,0.9414296746253967,0.03278058394789696,0.931603193283081,0.9517881870269775,4.731657028198242,4.389748573303223,490.0,0.3091278672218323,,,,,,,,,,,,
32,,,82119,4.0,0.9933000206947327,0.9354273080825806,0.017408598214387894,0.9346343278884888,0.9362235069274902,4.560567855834961,4.252137184143066,216.0,0.29102230072021484,,,,,,,,,,,,
32,,,82129,4.0,0.9886000156402588,0.935720682144165,0.027300534769892693,0.9244678020477295,0.9476617574691772,3.722367763519287,3.4739253520965576,271.0,0.22114184498786926,,,,,,,,,,,,
32,,,82139,4.0,0.9914500117301941,0.9502880573272705,0.020571542903780937,0.9430350065231323,0.9578100442886353,3.862712860107422,3.616670608520508,406.0,0.22547073662281036,,,,,,,,,,,,
32,,,82149,4.0,0.9932500123977661,0.9813781976699829,0.01855410635471344,0.9823349118232727,0.9804262518882751,3.839576244354248,3.424604892730713,932.0,0.3964170217514038,,,,,,,,,,,,
32,,,82159,4.0,0.9941999912261963,0.8102270364761353,0.016436051577329636,0.9501661062240601,0.7373712062835693,5.160834312438965,5.0535054206848145,74.0,0.09089291095733643,,,,,,,,,,,,
32,,,82169,4.0,0.9851999878883362,0.8933840394020081,0.03820813447237015,0.9409865736961365,0.8557291626930237,5.936328887939453,5.194231986999512,595.0,0.7038888335227966,,,,,,,,,,,,
32,,,82179,4.0,0.9879000186920166,0.954755425453186,0.03055882640182972,0.9585772752761841,0.9510085582733154,3.9246411323547363,3.6853387355804443,974.0,0.20874369144439697,,,,,,,,,,,,
32,,,82189,4.0,0.9789999723434448,0.9253293871879578,0.0518883541226387,0.928433895111084,0.9222790002822876,5.4728169441223145,4.55777645111084,939.0,0.863152027130127,,,,,,,,,,,,
32,,,82199,4.0,0.9877499938011169,0.9286998510360718,0.02905420772731304,0.9222253561019897,0.9353994727134705,6.050082683563232,5.3520941734313965,326.0,0.668934166431427,,,,,,,,,,,,
32,,,82209,4.0,0.9914000034332275,0.9777906537055969,0.01951124332845211,0.9840797185897827,0.9717133045196533,3.600159168243408,3.3769237995147705,942.0,0.20372417569160461,,,,,,,,,,,,
32,,,82219,4.0,0.9880499839782715,0.9557268619537354,0.03134125471115112,0.9696305990219116,0.9427671432495117,4.022652626037598,3.6779165267944336,717.0,0.3133947551250458,,,,,,,,,,,,
32,,,82229,4.0,0.9864000082015991,0.901369035243988,0.03266524523496628,0.8893432021141052,0.9142351150512695,5.172780513763428,4.462918281555176,430.0,0.6771969795227051,,,,,,,,,,,,
32,,,82239,4.0,0.9902499914169312,0.9050793647766113,0.023149816319346428,0.8931389451026917,0.9178189039230347,4.84951639175415,4.636469841003418,225.0,0.1898965835571289,,,,,,,,,,,,
32,,,82249,4.0,0.9858499765396118,0.789226770401001,0.040797047317028046,0.7761476039886475,0.8036770820617676,4.638966083526611,4.407153129577637,144.0,0.19101594388484955,,,,,,,,,,,,
32,,,82259,4.0,0.9904999732971191,0.9487853050231934,0.022117948159575462,0.9581706523895264,0.9398201107978821,5.8314666748046875,5.254068851470947,360.0,0.5552799701690674,,,,,,,,,,,,
32,,,82269,4.0,0.984000027179718,0.9490852355957031,0.03902947157621384,0.941440224647522,0.9570677280426025,4.7861480712890625,4.212085247039795,846.0,0.5350331664085388,,,,,,,,,,,,
32,,,82279,4.0,0.978950023651123,0.942029595375061,0.053279101848602295,0.9246190786361694,0.9614330530166626,5.402337074279785,4.893277645111084,789.0,0.4557805359363556,,,,,,,,,,,,
32,,,82289,4.0,0.9886500239372253,0.9658908843994141,0.028507623821496964,0.9770830869674683,0.9553369283676147,3.833799123764038,3.3520286083221436,938.0,0.4532628059387207,,,,,,,,,,,,
32,,,82299,4.0,0.9779499769210815,0.9248660206794739,0.051049716770648956,0.9439920783042908,0.9076414108276367,4.605112552642822,4.403825759887695,919.0,0.15023711323738098,,,,,,,,,,,,
32,,,82309,4.0,0.9912499785423279,0.8997782468795776,0.02022816240787506,0.8933279514312744,0.9064555168151855,4.260322570800781,4.059331893920898,151.0,0.1807624101638794,,,,,,,,,,,,
32,,,82319,4.0,0.9811999797821045,0.8533591032028198,0.0413469634950161,0.8213655352592468,0.8932099938392639,4.918537616729736,4.535662651062012,263.0,0.3415279686450958,,,,,,,,,,,,
32,,,82329,4.0,0.9916999936103821,0.9705228805541992,0.023894889280200005,0.9654895663261414,0.9756890535354614,3.5451745986938477,3.2815263271331787,659.0,0.23975352942943573,,,,,,,,,,,,
32,,,82339,4.0,0.9830999970436096,0.922481894493103,0.04196270555257797,0.8934631943702698,0.9569577574729919,4.641189098358154,4.219372749328613,933.0,0.3798537850379944,,,,,,,,,,,,
32,,,82349,4.0,0.9884499907493591,0.8990604281425476,0.035917166620492935,0.9173063039779663,0.8824445605278015,4.799535274505615,4.260133266448975,290.0,0.5034847855567932,,,,,,,,,,,,
32,,,82359,4.0,0.9871500134468079,0.8638226985931396,0.038655247539281845,0.9119154214859009,0.8262717723846436,4.610469341278076,4.0957932472229,350.0,0.476020872592926,,,,,,,,,,,,
32,,,82369,4.0,0.9836000204086304,0.9404996633529663,0.04168139398097992,0.9410445690155029,0.9399564266204834,5.1018548011779785,4.915332317352295,632.0,0.14484116435050964,,,,,,,,,,,,
32,,,82379,4.0,0.9782500267028809,0.7229158282279968,0.05568300187587738,0.7590185403823853,0.6960996985435486,4.4757161140441895,4.154209613800049,179.0,0.26582324504852295,,,,,,,,,,,,
32,,,82389,4.0,0.9804499745368958,0.8940383195877075,0.04261983186006546,0.9491195678710938,0.8521672487258911,5.064648151397705,4.427247524261475,414.0,0.5947808623313904,,,,,,,,,,,,
32,,,82399,4.0,0.9797000288963318,0.912996768951416,0.04899344965815544,0.9556835889816284,0.878614068031311,5.269387722015381,4.863242149353027,528.0,0.3571518063545227,,,,,,,,,,,,
32,,,82409,4.0,0.9804499745368958,0.8504476547241211,0.04136786237359047,0.9127336740493774,0.8055710792541504,5.550971031188965,5.105953693389893,392.0,0.40364930033683777,,,,,,,,,,,,
32,,,82419,4.0,0.9868000149726868,0.9121667146682739,0.030039431527256966,0.9172918796539307,0.9071778059005737,5.609891891479492,5.290794372558594,304.0,0.2890583872795105,,,,,,,,,,,,
32,,,82429,4.0,0.9864000082015991,0.886813759803772,0.037218522280454636,0.9219448566436768,0.8574366569519043,4.086263179779053,3.878413677215576,369.0,0.17063111066818237,,,,,,,,,,,,
32,,,82439,4.0,0.988099992275238,0.921107292175293,0.028866387903690338,0.9405670166015625,0.9034391045570374,4.316864967346191,4.012324810028076,551.0,0.27567368745803833,,,,,,,,,,,,
32,,,82449,4.0,0.9731500148773193,0.9005243182182312,0.06896965205669403,0.8949154019355774,0.9063296318054199,5.013698101043701,4.397830486297607,569.0,0.5468978881835938,,,,,,,,,,,,
32,,,82459,4.0,0.9875500202178955,0.9557709693908691,0.027037551626563072,0.9567341804504395,0.9548127055168152,4.438653945922852,3.917102813720703,995.0,0.49451330304145813,,,,,,,,,,,,
32,,,82469,4.0,0.9816499948501587,0.8713333606719971,0.047563545405864716,0.9133116006851196,0.8377015590667725,4.6955718994140625,4.180661201477051,390.0,0.4673469364643097,,,,,,,,,,,,
32,,,82479,4.0,0.9879500269889832,0.9221553802490234,0.028870293870568275,0.9102516770362854,0.9348464012145996,5.320893287658691,4.784399509429932,317.0,0.5076236724853516,,,,,,,,,,,,
32,,,82489,4.0,0.9876999855041504,0.96336829662323,0.03025619499385357,0.9649497270584106,0.9618004560470581,7.213894367218018,4.1407856941223145,1115.0,3.0428524017333984,,,,,,,,,,,,
32,,,82499,4.0,0.9796000123023987,0.9019598364830017,0.04863859713077545,0.9016163349151611,0.9023039937019348,4.150665283203125,3.7787322998046875,503.0,0.3232942819595337,,,,,,,,,,,,
32,,,82509,4.0,0.9799500107765198,0.9424958229064941,0.04950418323278427,0.9349822998046875,0.9503521919250488,5.405864715576172,4.68742561340332,990.0,0.6689346432685852,,,,,,,,,,,,
32,,,82519,4.0,0.9898499846458435,0.9105597734451294,0.02923775278031826,0.9592963457107544,0.8717033863067627,4.344200611114502,4.080140590667725,310.0,0.23482246696949005,,,,,,,,,,,,
32,,,82529,4.0,0.9809499979019165,0.9101743698120117,0.04527368023991585,0.8911627531051636,0.9314529895782471,5.478368759155273,4.975036144256592,504.0,0.4580586850643158,,,,,,,,,,,,
32,,,82539,4.0,0.9816499948501587,0.9238347411155701,0.04552118480205536,0.9042693376541138,0.9457763433456421,5.415657997131348,4.384054183959961,414.0,0.9860826134681702,,,,,,,,,,,,
32,,,82549,4.0,0.9932500123977661,0.9814597964286804,0.01693008840084076,0.9845433235168457,0.978426456451416,3.43147873878479,3.1827540397644043,865.0,0.23179468512535095,,,,,,,,,,,,
32,,,82559,4.0,0.9868999719619751,0.944023072719574,0.034394752234220505,0.9695229530334473,0.9215268492698669,4.1983137130737305,3.819708824157715,926.0,0.34421005845069885,,,,,,,,,,,,
32,,,82569,4.0,0.9852499961853027,0.9186190962791443,0.03734932094812393,0.9606813192367554,0.8842931985855103,5.377291679382324,4.667191982269287,448.0,0.6727505922317505,,,,,,,,,,,,
32,,,82579,4.0,0.9887999892234802,0.9119983911514282,0.027298275381326675,0.9054594039916992,0.9187696576118469,4.585141181945801,4.325339317321777,278.0,0.23250345885753632,,,,,,,,,,,,
32,,,82589,4.0,0.984499990940094,0.9596447944641113,0.03725680336356163,0.9598326683044434,0.9594570398330688,4.16684627532959,3.7616753578186035,811.0,0.36791399121284485,,,,,,,,,,,,
32,,,82599,4.0,0.9865999817848206,0.8569843173027039,0.032911673188209534,0.8437448740005493,0.8713558912277222,4.8732781410217285,4.561388969421387,267.0,0.27897757291793823,,,,,,,,,,,,
32,,,82609,4.0,0.9853500127792358,0.882737398147583,0.03328051418066025,0.8986063003540039,0.8681755065917969,6.045535564422607,5.692610263824463,300.0,0.3196449279785156,,,,,,,,,,,,
32,,,82619,4.0,0.9874500036239624,0.856879711151123,0.030867666006088257,0.8481698632240295,0.8660637140274048,5.515505790710449,5.331519603729248,292.0,0.15311846137046814,,,,,,,,,,,,
32,,,82629,4.0,0.9627000093460083,0.8886975049972534,0.13611581921577454,0.8915616869926453,0.8858867287635803,5.456925868988037,4.523390293121338,1090.0,0.7974194884300232,,,,,,,,,,,,
32,,,82639,4.0,0.9793000221252441,0.892175555229187,0.048563435673713684,0.9136233329772949,0.8730967044830322,5.485682964324951,5.031442642211914,500.0,0.405676931142807,,,,,,,,,,,,
32,,,82649,4.0,0.9901000261306763,0.9660032391548157,0.025345731526613235,0.9588634967803955,0.9734185934066772,3.506965160369873,3.213221549987793,871.0,0.26839780807495117,,,,,,,,,,,,
32,,,82659,4.0,0.9925500154495239,0.9655904173851013,0.024495145305991173,0.9803836345672607,0.9517991542816162,5.298282623291016,4.212934494018555,886.0,1.0608530044555664,,,,,,,,,,,,
32,,,82669,4.0,0.9918000102043152,0.9518901705741882,0.02646785043179989,0.9622905254364014,0.9419946074485779,5.119297027587891,4.385164737701416,579.0,0.7076643705368042,,,,,,,,,,,,
32,,,82679,4.0,0.9846000075340271,0.9238353967666626,0.03935518488287926,0.9101309776306152,0.9386286735534668,4.039284706115723,3.6399002075195312,636.0,0.3600289821624756,,,,,,,,,,,,
32,,,82689,4.0,0.9872999787330627,0.9479444026947021,0.0327766090631485,0.9584413766860962,0.9379934072494507,4.515268325805664,4.210322380065918,705.0,0.27216917276382446,,,,,,,,,,,,
32,,,82699,4.0,0.9851499795913696,0.9397963285446167,0.04056917876005173,0.9504594802856445,0.9297080039978027,3.864774227142334,3.6456668376922607,906.0,0.1785382777452469,,,,,,,,,,,,
32,,,82709,4.0,0.9917500019073486,0.9173954725265503,0.024402540177106857,0.9352164268493652,0.901054859161377,4.776363372802734,4.482349395751953,362.0,0.26961156725883484,,,,,,,,,,,,
32,,,82719,4.0,0.9833999872207642,0.9286402463912964,0.04520868882536888,0.9372291564941406,0.9204341173171997,4.809107780456543,4.349581241607666,665.0,0.4143182933330536,,,,,,,,,,,,
32,,,82729,4.0,0.9868999719619751,0.9484997987747192,0.03263251110911369,0.9407445788383484,0.9565850496292114,4.069333076477051,3.786538600921631,845.0,0.2501618266105652,,,,,,,,,,,,
32,,,82739,4.0,0.9851999878883362,0.9529037475585938,0.036318596452474594,0.9500617980957031,0.9557907581329346,4.864191055297852,4.405837535858154,948.0,0.4220348000526428,,,,,,,,,,,,
32,,,82749,4.0,0.9826499819755554,0.9203208088874817,0.04086194559931755,0.9198093414306641,0.9208337068557739,5.558409690856934,4.814948081970215,900.0,0.702599287033081,,,,,,,,,,,,
32,,,82759,4.0,0.9896500110626221,0.9678502082824707,0.02648884803056717,0.9715968370437622,0.9641767740249634,4.767103672027588,4.4027814865112305,1323.0,0.33783355355262756,,,,,,,,,,,,
32,,,82769,4.0,0.9840499758720398,0.8758603930473328,0.03967849910259247,0.8933594822883606,0.8599682450294495,6.3478007316589355,5.152487277984619,244.0,1.1556349992752075,,,,,,,,,,,,
32,,,82779,4.0,0.9827499985694885,0.9504575133323669,0.039389677345752716,0.9751479625701904,0.9288093447685242,4.404335975646973,4.010675430297852,857.0,0.3542708158493042,,,,,,,,,,,,
32,,,82789,4.0,0.9823499917984009,0.9107734560966492,0.04487265646457672,0.9132076501846313,0.9083716869354248,6.076357841491699,5.459335803985596,358.0,0.5721495151519775,,,,,,,,,,,,
32,,,82799,4.0,0.9901999831199646,0.9082276821136475,0.025902515277266502,0.9082276821136475,0.9082276821136475,5.666800022125244,5.241260051727295,245.0,0.3996373414993286,,,,,,,,,,,,
32,,,82809,4.0,0.9882000088691711,0.9752084612846375,0.03199143335223198,0.9712111353874207,0.9793068170547485,4.564334869384766,3.5979952812194824,949.0,0.9343478679656982,,,,,,,,,,,,
32,,,82819,4.0,0.982699990272522,0.898282527923584,0.043505143374204636,0.918094277381897,0.8804500102996826,4.650998115539551,4.149803638458252,385.0,0.45768940448760986,,,,,,,,,,,,
32,,,82829,4.0,0.9877499938011169,0.9380161166191101,0.026828033849596977,0.9362375736236572,0.939811110496521,4.080827236175537,3.846529245376587,600.0,0.2074701339006424,,,,,,,,,,,,
32,,,82839,4.0,0.9857000112533569,0.8874755501747131,0.031231487169861794,0.9004641771316528,0.8753664493560791,4.757210731506348,4.468410015106201,398.0,0.25756925344467163,,,,,,,,,,,,
32,,,82849,4.0,0.9897000193595886,0.9419823884963989,0.024174053221940994,0.9531240463256836,0.9314337968826294,4.3158278465271,4.157630920410156,416.0,0.13402259349822998,,,,,,,,,,,,
32,,,82859,4.0,0.9915500283241272,0.9653521776199341,0.023669393733143806,0.9675208926200867,0.9632068872451782,3.5410704612731934,3.153754234313965,862.0,0.36364680528640747,,,,,,,,,,,,
32,,,82869,4.0,0.9889000058174133,0.957485556602478,0.02545929327607155,0.9599106311798096,0.9550905823707581,3.9810214042663574,3.5667362213134766,634.0,0.388825923204422,,,,,,,,,,,,
32,,,82879,4.0,0.9877499938011169,0.879630446434021,0.02784993313252926,0.8650514483451843,0.8955091238021851,5.184178352355957,4.726194858551025,262.0,0.430133193731308,,,,,,,,,,,,
32,,,82889,4.0,0.9861000180244446,0.9165734052658081,0.03284219652414322,0.9156626462936401,0.9174886345863342,4.684542655944824,4.225386619567871,330.0,0.4263136386871338,,,,,,,,,,,,
32,,,82899,4.0,0.9905999898910522,0.9473209381103516,0.02418798767030239,0.9590125679969788,0.9362732172012329,4.678896903991699,4.47148323059082,389.0,0.18322543799877167,,,,,,,,,,,,
32,,,82909,4.0,0.9811000227928162,0.7712395191192627,0.06140981987118721,0.7633183002471924,0.7796856760978699,6.2855072021484375,5.0963287353515625,190.0,1.1277683973312378,,,,,,,,,,,,
32,,,82919,4.0,0.9718000292778015,0.865165650844574,0.06295906007289886,0.8642367124557495,0.8661000728607178,5.183287143707275,4.208301544189453,690.0,0.9120262265205383,,,,,,,,,,,,
32,,,82929,4.0,0.9871000051498413,0.940050482749939,0.036477744579315186,0.9386066198348999,0.9415053725242615,4.292351722717285,3.607980251312256,659.0,0.6478937864303589,,,,,,,,,,,,
32,,,82939,4.0,0.9912999868392944,0.9183841943740845,0.0248116347938776,0.930625319480896,0.906861424446106,4.682988166809082,4.459775447845459,199.0,0.19840098917484283,,,,,,,,,,,,
32,,,82949,4.0,0.9805999994277954,0.9346989393234253,0.05853037163615227,0.9466170072555542,0.9235323071479797,3.976555585861206,3.4299967288970947,766.0,0.48802849650382996,,,,,,,,,,,,
32,,,82959,4.0,0.9816499948501587,0.8680751919746399,0.04145097732543945,0.9084833264350891,0.835500955581665,4.904640197753906,4.4478044509887695,297.0,0.41538456082344055,,,,,,,,,,,,
32,,,82969,4.0,0.985450029373169,0.9469329118728638,0.031405191868543625,0.9648314714431763,0.9306039810180664,5.007609844207764,4.311602592468262,817.0,0.6646021604537964,,,,,,,,,,,,
32,,,82979,4.0,0.9852499961853027,0.8986791372299194,0.041100941598415375,0.9297150373458862,0.8721673488616943,4.271910190582275,3.8875648975372314,491.0,0.3432444632053375,,,,,,,,,,,,
32,,,82989,4.0,0.9827499985694885,0.85216224193573,0.04611578956246376,0.8513134717941284,0.8530154228210449,5.8629326820373535,5.272202014923096,257.0,0.5446147918701172,,,,,,,,,,,,
32,,,82999,4.0,0.9871000051498413,0.9145820140838623,0.03205180540680885,0.9282088279724121,0.9018726944923401,4.1668195724487305,3.9124412536621094,368.0,0.22232654690742493,,,,,,,,,,,,
32,,,83009,4.0,0.988349974155426,0.8975120782852173,0.027127673849463463,0.9620027542114258,0.8496696352958679,5.184754371643066,4.91535758972168,262.0,0.24226924777030945,,,,,,,,,,,,
32,,,83019,4.0,0.9851999878883362,0.9082514047622681,0.03638656437397003,0.8856308460235596,0.9340348839759827,5.017228126525879,4.690755844116211,268.0,0.29008588194847107,,,,,,,,,,,,
32,,,83029,4.0,0.9840999841690063,0.8848438858985901,0.0375865176320076,0.8917026519775391,0.8782421350479126,5.345637321472168,5.063284873962402,426.0,0.2447659969329834,,,,,,,,,,,,
32,,,83039,4.0,0.9872499704360962,0.9396276473999023,0.033373989164829254,0.9807330369949341,0.9057619571685791,5.390441417694092,5.0619354248046875,902.0,0.29513201117515564,,,,,,,,,,,,
32,,,83049,4.0,0.9906499981880188,0.8489764928817749,0.02247820422053337,0.8348568677902222,0.8643937110900879,5.7079010009765625,5.401721000671387,159.0,0.2837021052837372,,,,,,,,,,,,
32,,,83059,4.0,0.9847000241279602,0.9275227785110474,0.03788946568965912,0.9293302297592163,0.9257326126098633,6.388653755187988,5.911794662475586,547.0,0.4389696717262268,,,,,,,,,,,,
32,,,83069,4.0,0.9941999912261963,0.9743707180023193,0.015277168713510036,0.9740023016929626,0.9747398495674133,3.9626948833465576,3.623326063156128,859.0,0.32409176230430603,,,,,,,,,,,,
32,,,83079,4.0,0.984000027179718,0.9477882385253906,0.04742497578263283,0.9769563674926758,0.9226596355438232,4.137057781219482,3.94785475730896,887.0,0.1417778879404068,,,,,,,,,,,,
32,,,83089,4.0,0.9855999946594238,0.9369078874588013,0.03426036611199379,0.9389367699623108,0.9349006414413452,3.682882785797119,3.3170406818389893,914.0,0.3315819203853607,,,,,,,,,,,,
32,,,83099,4.0,0.9868999719619751,0.95600426197052,0.02949363924562931,0.9665608406066895,0.9460130929946899,3.600508689880371,3.3686716556549072,900.0,0.20234350860118866,,,,,,,,,,,,
32,,,83109,4.0,0.9886500239372253,0.9559619426727295,0.03047466091811657,0.9561144113540649,0.9558095932006836,4.4398417472839355,4.207114219665527,839.0,0.20225274562835693,,,,,,,,,,,,
32,,,83119,4.0,0.9833999872207642,0.9285864233970642,0.04905850067734718,0.9608995318412781,0.9010984897613525,4.0724053382873535,3.680150032043457,814.0,0.34319695830345154,,,,,,,,,,,,
32,,,83129,4.0,0.9850000143051147,0.9641656875610352,0.03542255610227585,0.9646737575531006,0.9636591672897339,4.122280120849609,3.784050226211548,831.0,0.30280742049217224,,,,,,,,,,,,
32,,,83139,4.0,0.9906499981880188,0.9617437124252319,0.02788017876446247,0.9797710180282593,0.9452237486839294,3.837230682373047,3.5467443466186523,707.0,0.26260608434677124,,,,,,,,,,,,
32,,,83149,4.0,0.990149974822998,0.9551646709442139,0.02260354906320572,0.9594191312789917,0.9509996175765991,4.690286636352539,4.352719306945801,831.0,0.3149638772010803,,,,,,,,,,,,
32,,,83159,4.0,0.9783499836921692,0.9071760177612305,0.05729202181100845,0.9267055988311768,0.8896163105964661,4.781370162963867,4.263082027435303,640.0,0.46099624037742615,,,,,,,,,,,,
32,,,83169,4.0,0.9840999841690063,0.9688917994499207,0.04334285482764244,0.970180094242096,0.9676142930984497,3.909311532974243,3.5526347160339355,953.0,0.31333407759666443,,,,,,,,,,,,
32,,,83179,4.0,0.9860000014305115,0.927211582660675,0.032019831240177155,0.9312463998794556,0.9232610464096069,5.114386081695557,4.786810398101807,380.0,0.29555585980415344,,,,,,,,,,,,
32,,,83189,4.0,0.9824000000953674,0.9080649018287659,0.04050926864147186,0.913512647151947,0.9027768969535828,4.264170169830322,3.976986885070801,363.0,0.24667426943778992,,,,,,,,,,,,
32,,,83199,4.0,0.9904999732971191,0.8994256258010864,0.03589314594864845,0.92613685131073,0.8760275840759277,4.435828685760498,4.223169326782227,230.0,0.17676638066768646,,,,,,,,,,,,
32,,,83209,4.0,0.9826499819755554,0.8478716611862183,0.042033128440380096,0.8651089072227478,0.832298755645752,5.335268497467041,4.6264495849609375,190.0,0.6667858958244324,,,,,,,,,,,,
32,,,83219,4.0,0.9790499806404114,0.8927298784255981,0.04875823110342026,0.9147946834564209,0.873166561126709,5.204710006713867,4.945835113525391,548.0,0.21011662483215332,,,,,,,,,,,,
32,,,83229,4.0,0.9837499856948853,0.9435601234436035,0.04272663965821266,0.9457836151123047,0.9413634538650513,4.903097629547119,4.566618919372559,1015.0,0.29375240206718445,,,,,,,,,,,,
32,,,83239,4.0,0.9867500066757202,0.9380925297737122,0.035158541053533554,0.9419416189193726,0.9343193769454956,5.049484729766846,4.526970386505127,854.0,0.4873558580875397,,,,,,,,,,,,
32,,,83249,4.0,0.9890999794006348,0.9492614269256592,0.02545645833015442,0.9503764510154724,0.9481527805328369,5.465458393096924,4.737608909606934,417.0,0.7023929953575134,,,,,,,,,,,,
32,,,83259,4.0,0.9926000237464905,0.9002307653427124,0.02063979022204876,0.9494314193725586,0.8610876202583313,4.339007377624512,4.156057357788086,181.0,0.16231024265289307,,,,,,,,,,,,
32,,,83269,4.0,0.98294997215271,0.9425280094146729,0.04025566205382347,0.9289262294769287,0.9572370052337646,4.440032958984375,3.9899890422821045,709.0,0.40978822112083435,,,,,,,,,,,,
32,,,83279,4.0,0.9897500276565552,0.971821665763855,0.026200344786047935,0.9823593497276306,0.961859941482544,3.9981026649475098,3.52121639251709,1041.0,0.45068594813346863,,,,,,,,,,,,
32,,,83289,4.0,0.9828500151634216,0.9301769733428955,0.04014204442501068,0.9358930587768555,0.9246340394020081,4.982479572296143,4.735928058624268,581.0,0.2064092457294464,,,,,,,,,,,,
32,,,83299,4.0,0.9872499704360962,0.9184082746505737,0.031766753643751144,0.9191476106643677,0.9176719188690186,5.647738933563232,5.313031196594238,393.0,0.3029409646987915,,,,,,,,,,,,
32,,,83309,4.0,0.9865000247955322,0.944267749786377,0.030400076881051064,0.9551050662994385,0.9340156316757202,4.076670169830322,3.8181655406951904,869.0,0.22810477018356323,,,,,,,,,,,,
32,,,83319,4.0,0.9862499833106995,0.9229819774627686,0.03234075754880905,0.9342595934867859,0.9123392105102539,5.005655765533447,4.641642093658447,289.0,0.33167317509651184,,,,,,,,,,,,
32,,,83329,4.0,0.9791499972343445,0.922997236251831,0.04878092184662819,0.9548345804214478,0.8960402607917786,4.319280624389648,3.9779129028320312,890.0,0.29258665442466736,,,,,,,,,,,,
32,,,83339,4.0,0.990149974822998,0.9598122835159302,0.03005961887538433,0.9717351794242859,0.9485710859298706,4.422443389892578,4.020107746124268,749.0,0.37227562069892883,,,,,,,,,,,,
32,,,83349,4.0,0.9789000153541565,0.9435355067253113,0.04919753223657608,0.9528001546859741,0.9347540736198425,5.372695446014404,5.0816168785095215,1152.0,0.24188105762004852,,,,,,,,,,,,
32,,,83359,4.0,0.9868000149726868,0.9639565944671631,0.03427857905626297,0.9680367708206177,0.9599674940109253,4.091543197631836,3.7864625453948975,985.0,0.27080202102661133,,,,,,,,,,,,
32,,,83369,4.0,0.9864500164985657,0.8836849927902222,0.030994005501270294,0.9113690853118896,0.8597216010093689,5.093658447265625,4.559957504272461,336.0,0.5027068257331848,,,,,,,,,,,,
32,,,83379,4.0,0.98580002784729,0.8223564624786377,0.03302208334207535,0.9110592603683472,0.7662468552589417,4.401423931121826,4.073123455047607,254.0,0.2952783405780792,,,,,,,,,,,,
32,,,83389,4.0,0.9839500188827515,0.8775709867477417,0.036212991923093796,0.9275996685028076,0.8387364149093628,4.926116466522217,4.22896671295166,277.0,0.6609367728233337,,,,,,,,,,,,
32,,,83399,4.0,0.9880499839782715,0.838676929473877,0.029879963025450706,0.8961745500564575,0.7962861061096191,5.259504795074463,4.356043815612793,207.0,0.8735811114311218,,,,,,,,,,,,
32,,,83409,4.0,0.9825999736785889,0.8211899995803833,0.04094415903091431,0.8658217787742615,0.7867804765701294,5.825887680053711,5.5518083572387695,240.0,0.2331351637840271,,,,,,,,,,,,
32,,,83419,4.0,0.9883000254631042,0.9408258199691772,0.030451154336333275,0.9412256479263306,0.9404268860816956,4.911617279052734,4.60997200012207,332.0,0.2711937725543976,,,,,,,,,,,,
32,,,83429,4.0,0.9879000186920166,0.9317038059234619,0.030194759368896484,0.9247580766677856,0.9389084577560425,4.134341239929199,3.8448195457458496,425.0,0.2593270540237427,,,,,,,,,,,,
32,,,83439,4.0,0.9914000034332275,0.9708379507064819,0.02164909429848194,0.9818676710128784,0.9604026079177856,3.7850210666656494,3.3769073486328125,953.0,0.3864646553993225,,,,,,,,,,,,
32,,,83449,4.0,0.9833999872207642,0.9124656915664673,0.04108286648988724,0.9109060764312744,0.9140387773513794,4.974156379699707,4.352283000946045,502.0,0.5807905793190002,,,,,,,,,,,,
32,,,83459,4.0,0.9761499762535095,0.812190055847168,0.06525570154190063,0.8807032108306885,0.7659140229225159,5.388326168060303,5.0858564376831055,291.0,0.23721395432949066,,,,,,,,,,,,
32,,,83469,4.0,0.9908499717712402,0.950839638710022,0.023821154609322548,0.9595461487770081,0.94249427318573,4.805222034454346,4.301769256591797,531.0,0.47963157296180725,,,,,,,,,,,,
32,,,83479,4.0,0.984000027179718,0.9542490243911743,0.03930620476603508,0.9544585943222046,0.9540396332740784,4.727670192718506,4.134962558746338,1018.0,0.5534014701843262,,,,,,,,,,,,
32,,,83489,4.0,0.9857000112533569,0.959975004196167,0.03650416433811188,0.957922637462616,0.9620513319969177,5.288183212280273,4.348918914794922,1278.0,0.9027599096298218,,,,,,,,,,,,
32,,,83499,4.0,0.9919999837875366,0.9424467086791992,0.020833611488342285,0.9320846796035767,0.9533640146255493,4.845049858093262,4.70275354385376,385.0,0.12146265804767609,,,,,,,,,,,,
32,,,83509,4.0,0.991100013256073,0.7390347719192505,0.02682783454656601,0.839453935623169,0.685137927532196,4.143002510070801,4.006434917449951,82.0,0.10973992198705673,,,,,,,,,,,,
32,,,83519,4.0,0.9808499813079834,0.9054142236709595,0.05605442449450493,0.9136476516723633,0.8975456357002258,4.490707874298096,4.231285572052002,755.0,0.20336772501468658,,,,,,,,,,,,
32,,,83529,4.0,0.9896500110626221,0.8576875329017639,0.02777397818863392,0.9450032711029053,0.7999086380004883,5.940532207489014,5.207962512969971,194.0,0.7047959566116333,,,,,,,,,,,,
32,,,83539,4.0,0.984499990940094,0.9391884803771973,0.038312479853630066,0.9602437019348145,0.920278012752533,4.817392349243164,4.397548675537109,516.0,0.38153114914894104,,,,,,,,,,,,
32,,,83549,4.0,0.991349995136261,0.9713757038116455,0.021095702424645424,0.9797630310058594,0.9633381366729736,3.70269513130188,3.4272303581237793,909.0,0.25436893105506897,,,,,,,,,,,,
32,,,83559,4.0,0.9933000206947327,0.8807569742202759,0.015845030546188354,0.8680452108383179,0.8944118022918701,4.537670135498047,4.286708831787109,126.0,0.2351163625717163,,,,,,,,,,,,
32,,,83569,4.0,0.988349974155426,0.9559154510498047,0.03511681407690048,0.9806368947029114,0.934016227722168,3.823044538497925,3.506056547164917,845.0,0.28187114000320435,,,,,,,,,,,,
32,,,83579,4.0,0.984499990940094,0.8464080691337585,0.03716813400387764,0.8866342306137085,0.8141801953315735,4.931941032409668,4.689038276672363,267.0,0.20573462545871735,,,,,,,,,,,,
32,,,83589,4.0,0.9841499924659729,0.9696139097213745,0.04815572127699852,0.9589856863021851,0.9810513257980347,5.208776950836182,4.713228225708008,1290.0,0.4473929703235626,,,,,,,,,,,,
32,,,83599,4.0,0.9810000061988831,0.959323525428772,0.04630091413855553,0.946783185005188,0.9729483127593994,5.064426898956299,4.602361679077148,1005.0,0.41576412320137024,,,,,,,,,,,,
32,,,83609,4.0,0.9908499717712402,0.9742100834846497,0.02321200631558895,0.9683981537818909,0.980210542678833,4.211934566497803,3.7483878135681152,750.0,0.44033482670783997,,,,,,,,,,,,
32,,,83619,4.0,0.9836999773979187,0.9615492820739746,0.038003887981176376,0.959904670715332,0.9632102251052856,4.549627780914307,4.132321834564209,897.0,0.37930217385292053,,,,,,,,,,,,
32,,,83629,4.0,0.989300012588501,0.9027241468429565,0.03194765746593475,0.9484047889709473,0.8659613132476807,4.127349853515625,3.8715391159057617,238.0,0.22386321425437927,,,,,,,,,,,,
32,,,83639,4.0,0.9829000234603882,0.9341577887535095,0.039275333285331726,0.9353120923042297,0.9330107569694519,4.883968830108643,4.6744184494018555,542.0,0.1702750325202942,,,,,,,,,,,,
32,,,83649,4.0,0.9869499802589417,0.9543801546096802,0.030925974249839783,0.9621890783309937,0.9468830823898315,4.749722957611084,4.3626275062561035,917.0,0.35616955161094666,,,,,,,,,,,,
32,,,83659,4.0,0.9872499704360962,0.9637011289596558,0.03337164223194122,0.9650887250900269,0.9623240232467651,4.9925031661987305,4.6200056076049805,1025.0,0.3391258716583252,,,,,,,,,,,,
32,,,83669,4.0,0.9850000143051147,0.9487857818603516,0.03155113756656647,0.9537479281425476,0.943953812122345,4.09842586517334,3.6970090866088867,799.0,0.36986565589904785,,,,,,,,,,,,
32,,,83679,4.0,0.9835500121116638,0.9145933389663696,0.03920738399028778,0.9267833232879639,0.9031639099121094,4.169468879699707,3.8544974327087402,495.0,0.27576422691345215,,,,,,,,,,,,
32,,,83689,4.0,0.9802500009536743,0.8871957063674927,0.04801087826490402,0.9238327145576477,0.8569737076759338,7.413998603820801,6.25718355178833,467.0,1.1088042259216309,,,,,,,,,,,,
32,,,83699,4.0,0.9689499735832214,0.8535912036895752,0.06686680018901825,0.9040578603744507,0.8157007694244385,5.568388938903809,4.940347194671631,349.0,0.5611748099327087,,,,,,,,,,,,
32,,,83709,4.0,0.9902999997138977,0.9141689538955688,0.022663066163659096,0.908724308013916,0.9197713136672974,5.018707752227783,4.677237033843994,214.0,0.3188073933124542,,,,,,,,,,,,
32,,,83719,4.0,0.9917500019073486,0.9356026649475098,0.024790411815047264,0.9384804964065552,0.9327653050422668,4.493017196655273,4.242921829223633,304.0,0.22530488669872284,,,,,,,,,,,,
32,,,83729,4.0,0.9941999912261963,0.9190709590911865,0.022467562928795815,0.9318597316741943,0.9070471525192261,4.4144062995910645,4.189583778381348,208.0,0.2023548036813736,,,,,,,,,,,,
32,,,83739,4.0,0.9886000156402588,0.9709002375602722,0.027818111702799797,0.9707129001617432,0.9710878133773804,3.688483238220215,3.4074411392211914,903.0,0.2532240152359009,,,,,,,,,,,,
32,,,83749,4.0,0.9807500243186951,0.8795013427734375,0.04219752922654152,0.8919117450714111,0.8679310083389282,5.8924455642700195,5.623133182525635,336.0,0.22711490094661713,,,,,,,,,,,,
32,,,83759,4.0,0.9864000082015991,0.9368494749069214,0.03481335937976837,0.9390178918838501,0.934705376625061,4.370420455932617,4.115724563598633,759.0,0.21988239884376526,,,,,,,,,,,,
32,,,83769,4.0,0.9835500121116638,0.8903393745422363,0.04080147668719292,0.8555290699005127,0.9336528778076172,6.616981029510498,6.325980186462402,412.0,0.25019919872283936,,,,,,,,,,,,
32,,,83779,4.0,0.9894499778747559,0.9376693964004517,0.026954883709549904,0.9229238033294678,0.953606128692627,5.295009613037109,4.958308696746826,467.0,0.30974629521369934,,,,,,,,,,,,
32,,,83789,4.0,0.9871500134468079,0.9565131664276123,0.03330311179161072,0.9522823095321655,0.9608417749404907,4.377704620361328,3.799136161804199,895.0,0.5452656149864197,,,,,,,,,,,,
32,,,83799,4.0,0.9841499924659729,0.9344956278800964,0.03727202117443085,0.9658470153808594,0.9076788425445557,4.470512390136719,3.961782217025757,927.0,0.4714583456516266,,,,,,,,,,,,
32,,,83809,4.0,0.9890999794006348,0.9545435905456543,0.025652887299656868,0.9647184014320374,0.9448734521865845,3.9486045837402344,3.635789394378662,732.0,0.2871623933315277,,,,,,,,,,,,
32,,,83819,4.0,0.9908999800682068,0.945262610912323,0.025585604831576347,0.9620757699012756,0.9297453761100769,4.669628143310547,4.08443021774292,316.0,0.5596120357513428,,,,,,,,,,,,
32,,,83829,4.0,0.9922000169754028,0.9250991940498352,0.020192040130496025,0.9436976909637451,0.9080837368965149,5.736772060394287,5.386627674102783,334.0,0.32995232939720154,,,,,,,,,,,,
32,,,83839,4.0,0.9851499795913696,0.9363308548927307,0.03506102412939072,0.9431694746017456,0.9297328591346741,5.245783805847168,4.871506214141846,408.0,0.3392169177532196,,,,,,,,,,,,
32,,,83849,4.0,0.993149995803833,0.9105453491210938,0.01848910003900528,0.9000166058540344,0.9216709136962891,3.806649684906006,3.55068302154541,185.0,0.23747748136520386,,,,,,,,,,,,
32,,,83859,4.0,0.9784500002861023,0.9186642169952393,0.05200670659542084,0.8983815908432007,0.9416098594665527,4.781985282897949,4.442951202392578,448.0,0.28702735900878906,,,,,,,,,,,,
32,,,83869,4.0,0.9858999848365784,0.9309357404708862,0.04116211086511612,0.9654372930526733,0.9017544388771057,4.6099114418029785,4.1777753829956055,764.0,0.3909740149974823,,,,,,,,,,,,
32,,,83879,4.0,0.986050009727478,0.9544655084609985,0.03179294243454933,0.9578316807746887,0.9511595964431763,4.068021774291992,3.6620712280273438,888.0,0.3741578459739685,,,,,,,,,,,,
32,,,83889,4.0,0.9868999719619751,0.9610990285873413,0.03273329138755798,0.9528172016143799,0.9697749614715576,4.429293155670166,3.9847095012664795,1036.0,0.411850243806839,,,,,,,,,,,,
32,,,83899,4.0,0.9883999824523926,0.920669674873352,0.031345468014478683,0.9222712516784668,0.9190813302993774,3.916677474975586,3.6974127292633057,320.0,0.18791937828063965,,,,,,,,,,,,
32,,,83909,4.0,0.9600499868392944,0.843633770942688,0.09770416468381882,0.8230867385864258,0.8676593899726868,6.210380554199219,5.821447372436523,611.0,0.2912294268608093,,,,,,,,,,,,
32,,,83919,4.0,0.9840499758720398,0.9190006256103516,0.048526257276535034,0.9222710132598877,0.9157872200012207,4.7583909034729,4.113719940185547,642.0,0.5961444973945618,,,,,,,,,,,,
32,,,83929,4.0,0.9797000288963318,0.8967689871788025,0.04628384858369827,0.8949698209762573,0.8985868692398071,5.501836776733398,4.593378067016602,475.0,0.8621748089790344,,,,,,,,,,,,
32,,,83939,4.0,0.9894499778747559,0.9545623064041138,0.028750436380505562,0.9610137939453125,0.948316216468811,4.699490547180176,3.9448046684265137,540.0,0.7259352207183838,,,,,,,,,,,,
32,,,83949,4.0,0.9894499778747559,0.9559872150421143,0.02537974715232849,0.9584912061691284,0.9535149335861206,4.429750919342041,4.04141902923584,610.0,0.3629522919654846,,,,,,,,,,,,
32,,,83959,4.0,0.9889000058174133,0.956859827041626,0.027346234768629074,0.97245854139328,0.9424256086349487,4.178926467895508,3.589644432067871,939.0,0.56193608045578,,,,,,,,,,,,
32,,,83969,4.0,0.9880499839782715,0.9700840711593628,0.03375459462404251,0.9690837264060974,0.9710900783538818,4.9447174072265625,4.390623092651367,916.0,0.5203393697738647,,,,,,,,,,,,
32,,,83979,4.0,0.9864500164985657,0.950456976890564,0.03666652366518974,0.9551473259925842,0.9458807706832886,4.398421764373779,3.6499578952789307,907.0,0.7117974162101746,,,,,,,,,,,,
32,,,83989,4.0,0.9833999872207642,0.919394314289093,0.037908002734184265,0.9509067535400391,0.8924983739852905,3.799182653427124,3.538458824157715,870.0,0.22281579673290253,,,,,,,,,,,,
32,,,83999,4.0,0.9860000014305115,0.8418934941291809,0.030850322917103767,0.9022247791290283,0.7979859113693237,5.536576271057129,4.876236438751221,376.0,0.6294892430305481,,,,,,,,,,,,
32,,,84009,4.0,0.9824000000953674,0.9321426153182983,0.06546422839164734,0.9556437730789185,0.9113326072692871,5.559796333312988,5.256270885467529,826.0,0.23806144297122955,,,,,,,,,,,,
32,,,84019,4.0,0.9886500239372253,0.8945523500442505,0.02641673944890499,0.8976953029632568,0.8914620280265808,3.949157953262329,3.7472755908966064,229.0,0.1754656434059143,,,,,,,,,,,,
32,,,84029,4.0,0.9868999719619751,0.8804951906204224,0.03053208999335766,0.9005629420280457,0.8624648451805115,5.975358009338379,5.08648157119751,292.0,0.8583443760871887,,,,,,,,,,,,
32,,,84039,4.0,0.9873499870300293,0.9251818656921387,0.033828746527433395,0.9291187524795532,0.9213242530822754,5.111337661743164,4.252801895141602,655.0,0.8247071504592896,,,,,,,,,,,,
32,,,84049,4.0,0.9907000064849854,0.9713242650032043,0.024507857859134674,0.9844242334365845,0.9590736627578735,4.324476718902588,3.92571759223938,698.0,0.3742513060569763,,,,,,,,,,,,
32,,,84059,4.0,0.9814000129699707,0.8970173597335815,0.044647615402936935,0.9002299308776855,0.8938621878623962,6.516852378845215,6.196699619293213,436.0,0.2755048871040344,,,,,,,,,,,,
32,,,84069,4.0,0.9751999974250793,0.9227868318557739,0.07406595349311829,0.9282981753349304,0.9174505472183228,5.2116780281066895,4.776100158691406,991.0,0.3615119159221649,,,,,,,,,,,,
32,,,84079,4.0,0.9865000247955322,0.9528765678405762,0.03170650452375412,0.9577462673187256,0.9481306076049805,3.5120372772216797,3.1885530948638916,901.0,0.291777640581131,,,,,,,,,,,,
32,,,84089,4.0,0.9783499836921692,0.9384477138519287,0.0545201301574707,0.9540859460830688,0.9241275787353516,5.724896430969238,5.109104156494141,1248.0,0.5612722039222717,,,,,,,,,,,,
32,,,84099,4.0,0.9890499711036682,0.9518568515777588,0.02583298645913601,0.9606040716171265,0.9434841275215149,4.002381801605225,3.6551907062530518,950.0,0.3213583827018738,,,,,,,,,,,,
32,,,84109,4.0,0.9878000020980835,0.9080497026443481,0.029343396425247192,0.903522253036499,0.9126888513565063,5.848844528198242,5.177435874938965,322.0,0.6420649886131287,,,,,,,,,,,,
32,,,84119,4.0,0.9848499894142151,0.9597728252410889,0.033272936940193176,0.9618087410926819,0.9577602744102478,4.079614639282227,3.7641427516937256,845.0,0.2821989953517914,,,,,,,,,,,,
32,,,84129,4.0,0.9883999824523926,0.8728336691856384,0.026900514960289,0.8783743381500244,0.8674620389938354,4.508731842041016,4.0480451583862305,307.0,0.4337865710258484,,,,,,,,,,,,
32,,,84139,4.0,0.9858999848365784,0.9583309292793274,0.03757718205451965,0.9544077515602112,0.9623410701751709,5.380251884460449,5.070001602172852,894.0,0.2726731598377228,,,,,,,,,,,,
32,,,84149,4.0,0.9873499870300293,0.9461272358894348,0.0329083651304245,0.9294384717941284,0.9644060134887695,3.994673490524292,3.614349842071533,758.0,0.3474152982234955,,,,,,,,,,,,
32,,,84159,4.0,0.9804999828338623,0.9072366952896118,0.0507470928132534,0.9124778509140015,0.9021459221839905,6.385487079620361,5.428262710571289,591.0,0.9064776301383972,,,,,,,,,,,,
32,,,84169,4.0,0.9853000044822693,0.9325729608535767,0.029794638976454735,0.9600520133972168,0.9085978269577026,3.9478707313537598,3.6211111545562744,912.0,0.2969647943973541,,,,,,,,,,,,
32,,,84179,4.0,0.9869499802589417,0.9454783201217651,0.0288662388920784,0.9636713266372681,0.9288685917854309,4.673454761505127,4.5368452072143555,1010.0,0.10774316638708115,,,,,,,,,,,,
,7.569755007964338e-05,0.0007569755007964338,84183,,,,,,,,,,,,,,,,,,,,,,
33,,,84189,4.0,0.9921000003814697,0.9309022426605225,0.02004142850637436,0.929488480091095,0.932326078414917,3.9667856693267822,3.686511278152466,239.0,0.26023292541503906,,,,,,,,,,,,
33,,,84199,4.0,0.9879500269889832,0.9453265070915222,0.029760003089904785,0.927461564540863,0.9650074243545532,4.091264247894287,3.8026602268218994,732.0,0.25884389877319336,,,,,,,,,,,,
33,,,84209,4.0,0.984749972820282,0.8990828990936279,0.037575721740722656,0.9221089482307434,0.8786510825157166,5.676961898803711,5.2891011238098145,233.0,0.3502849340438843,,,,,,,,,,,,
33,,,84219,4.0,0.9918500185012817,0.8836197853088379,0.023034708574414253,0.8799587488174438,0.8873552083969116,3.742948532104492,3.5641791820526123,191.0,0.1557346135377884,,,,,,,,,,,,
33,,,84229,4.0,0.9864500164985657,0.9387658834457397,0.03372171148657799,0.9572950601577759,0.921879768371582,4.518148422241211,4.079041004180908,662.0,0.40538570284843445,,,,,,,,,,,,
33,,,84239,4.0,0.9830999970436096,0.9271309971809387,0.042076919227838516,0.9058513641357422,0.9512022733688354,4.136880397796631,3.3789706230163574,599.0,0.7158330082893372,,,,,,,,,,,,
33,,,84249,4.0,0.9871000051498413,0.9491132497787476,0.03451554849743843,0.962091326713562,0.9369633197784424,4.596081733703613,4.40969181060791,666.0,0.15187442302703857,,,,,,,,,,,,
33,,,84259,4.0,0.9892500042915344,0.9246230721473694,0.025584472343325615,0.912083625793457,0.9380258321762085,4.9279866218566895,4.426525115966797,465.0,0.47587695717811584,,,,,,,,,,,,
33,,,84269,4.0,0.9868500232696533,0.9567234516143799,0.030564405024051666,0.980037271976471,0.9360082149505615,4.9576334953308105,4.506802558898926,891.0,0.42026641964912415,,,,,,,,,,,,
33,,,84279,4.0,0.9764000177383423,0.8818173408508301,0.05082539841532707,0.8968297839164734,0.8680440187454224,6.897548198699951,5.464527130126953,493.0,1.3821954727172852,,,,,,,,,,,,
33,,,84289,4.0,0.9865000247955322,0.9019622206687927,0.03133196756243706,0.9057965874671936,0.8982059955596924,5.299772262573242,4.8329668045043945,426.0,0.43547338247299194,,,,,,,,,,,,
33,,,84299,4.0,0.9850500226020813,0.9401898384094238,0.035089194774627686,0.9549314975738525,0.9265261888504028,3.8173909187316895,3.656224012374878,784.0,0.1260775774717331,,,,,,,,,,,,
33,,,84309,4.0,0.9840999841690063,0.9242981672286987,0.037453606724739075,0.9353929162025452,0.9138301610946655,4.187870979309082,3.88378643989563,574.0,0.26663079857826233,,,,,,,,,,,,
33,,,84319,4.0,0.9691500067710876,0.9007033109664917,0.06968778371810913,0.870407223701477,0.9380859136581421,5.656916618347168,5.150766849517822,695.0,0.4364621639251709,,,,,,,,,,,,
33,,,84329,4.0,0.9869999885559082,0.7896918058395386,0.028752516955137253,0.7800527811050415,0.8000510931015015,5.710679054260254,5.372012138366699,152.0,0.3099144399166107,,,,,,,,,,,,
33,,,84339,4.0,0.9887499809265137,0.9568684101104736,0.027452334761619568,0.9615939855575562,0.9522559642791748,3.736558198928833,3.496826410293579,1021.0,0.21227958798408508,,,,,,,,,,,,
33,,,84349,4.0,0.9828000068664551,0.9353125095367432,0.05078534781932831,0.938996434211731,0.9317016005516052,4.959805488586426,4.495876312255859,796.0,0.4131438732147217,,,,,,,,,,,,
33,,,84359,4.0,0.9798499941825867,0.9271866083145142,0.04294556751847267,0.9631685018539429,0.8972880840301514,5.314184188842773,4.735238552093506,865.0,0.5360000729560852,,,,,,,,,,,,
33,,,84369,4.0,0.9764500260353088,0.8524153232574463,0.05371010676026344,0.8279556035995483,0.881353497505188,5.482321739196777,5.122776985168457,295.0,0.3058350086212158,,,,,,,,,,,,
33,,,84379,4.0,0.9859499931335449,0.9385595917701721,0.034379180520772934,0.9314532279968262,0.9459432363510132,5.228766918182373,4.845191955566406,699.0,0.34919580817222595,,,,,,,,,,,,
33,,,84389,4.0,0.9819499850273132,0.8812775611877441,0.04286731407046318,0.9287849068641663,0.8440181016921997,6.1353678703308105,5.832249164581299,365.0,0.2602514624595642,,,,,,,,,,,,
33,,,84399,4.0,0.9908999800682068,0.9672873020172119,0.024070633575320244,0.9616612195968628,0.9730807542800903,3.896385908126831,3.612523078918457,695.0,0.2597920000553131,,,,,,,,,,,,
33,,,84409,4.0,0.9740999937057495,0.9020876288414001,0.056985851377248764,0.8829238414764404,0.9237308502197266,5.399354457855225,4.778438568115234,520.0,0.5639299750328064,,,,,,,,,,,,
33,,,84419,4.0,0.9793999791145325,0.9109755754470825,0.04604114964604378,0.8980767726898193,0.9248937368392944,6.342604160308838,5.723494052886963,510.0,0.5730689167976379,,,,,,,,,,,,
33,,,84429,4.0,0.9866499900817871,0.9054093360900879,0.03284261375665665,0.909990668296814,0.9009382724761963,4.46397066116333,4.083019733428955,243.0,0.3481084108352661,,,,,,,,,,,,
33,,,84439,4.0,0.9899500012397766,0.9197973012924194,0.024853121489286423,0.9169976711273193,0.9226377010345459,5.128354072570801,4.702308654785156,250.0,0.40119221806526184,,,,,,,,,,,,
33,,,84449,4.0,0.9873499870300293,0.9297847747802734,0.02833477407693863,0.9490635991096497,0.9122645854949951,4.835886478424072,4.512246131896973,324.0,0.2953057587146759,,,,,,,,,,,,
33,,,84459,4.0,0.9843500256538391,0.9582876563072205,0.04006945714354515,0.9611103534698486,0.9555100202560425,4.714099884033203,4.355257511138916,1010.0,0.31877273321151733,,,,,,,,,,,,
33,,,84469,4.0,0.9851499795913696,0.9627518653869629,0.03341936692595482,0.9605162143707275,0.9650168418884277,3.9605467319488525,3.5789365768432617,1082.0,0.3481908142566681,,,,,,,,,,,,
33,,,84479,4.0,0.9821500182151794,0.8981534242630005,0.03637534752488136,0.8821948170661926,0.9156858921051025,5.297920227050781,4.8963494300842285,393.0,0.3651951849460602,,,,,,,,,,,,
33,,,84489,4.0,0.9869499802589417,0.9418593049049377,0.03213448449969292,0.9531012177467346,0.9312410354614258,3.926506519317627,3.615088939666748,847.0,0.27928298711776733,,,,,,,,,,,,
33,,,84499,4.0,0.9820500016212463,0.8346853256225586,0.04777558147907257,0.8938487768173218,0.7918264865875244,5.447584629058838,4.938717842102051,284.0,0.4610910415649414,,,,,,,,,,,,
33,,,84509,4.0,0.9777500033378601,0.8858637809753418,0.05494854226708412,0.9044045805931091,0.8691521286964417,5.510497093200684,5.104480266571045,479.0,0.3510686159133911,,,,,,,,,,,,
33,,,84519,4.0,0.9894499778747559,0.9528864622116089,0.024966437369585037,0.9595909714698792,0.9464030265808105,4.1759490966796875,3.890133857727051,759.0,0.2608485221862793,,,,,,,,,,,,
33,,,84529,4.0,0.98580002784729,0.928441047668457,0.03347979858517647,0.9146599769592285,0.9433068037033081,6.052280902862549,5.499272346496582,352.0,0.5195286870002747,,,,,,,,,,,,
33,,,84539,4.0,0.9793499708175659,0.9105900526046753,0.049210574477910995,0.8989827632904053,0.9230170249938965,5.113757133483887,4.686537265777588,381.0,0.37800949811935425,,,,,,,,,,,,
33,,,84549,4.0,0.9847999811172485,0.9430544376373291,0.04034612700343132,0.9221407175064087,0.9666246175765991,4.542055130004883,3.933371067047119,694.0,0.5683377385139465,,,,,,,,,,,,
33,,,84559,4.0,0.984749972820282,0.9630351662635803,0.04304264858365059,0.9567042589187622,0.969611644744873,4.8372979164123535,4.50602388381958,1007.0,0.28823158144950867,,,,,,,,,,,,
33,,,84569,4.0,0.9858999848365784,0.9470735788345337,0.03504616767168045,0.9414111971855164,0.9529123902320862,5.792979717254639,4.211181640625,769.0,1.546751856803894,,,,,,,,,,,,
33,,,84579,4.0,0.985450029373169,0.9105625152587891,0.036319877952337265,0.9008920192718506,0.9207654595375061,5.719958305358887,4.930294513702393,350.0,0.7533441185951233,,,,,,,,,,,,
33,,,84589,4.0,0.9819499850273132,0.8710916638374329,0.047360897064208984,0.8728208541870117,0.869379997253418,4.9417643547058105,4.573927879333496,541.0,0.3204757571220398,,,,,,,,,,,,
33,,,84599,4.0,0.9819499850273132,0.8960421681404114,0.04259006306529045,0.9069421291351318,0.8857744932174683,6.784789085388184,6.481308460235596,328.0,0.26089033484458923,,,,,,,,,,,,
33,,,84609,4.0,0.982699990272522,0.9613155126571655,0.04496537894010544,0.9593336582183838,0.9633219242095947,4.6665215492248535,4.366337776184082,1157.0,0.25521862506866455,,,,,,,,,,,,
33,,,84619,4.0,0.9832500219345093,0.9021971225738525,0.04194217175245285,0.8679734468460083,0.9444444179534912,4.573063850402832,4.09027624130249,319.0,0.4408453702926636,,,,,,,,,,,,
33,,,84629,4.0,0.9923999905586243,0.9664429426193237,0.017854351550340652,0.973820149898529,0.9593249559402466,3.7861404418945312,3.50748610496521,915.0,0.2607997953891754,,,,,,,,,,,,
33,,,84639,4.0,0.988349974155426,0.9582353830337524,0.030526621267199516,0.9536870718002319,0.9628949165344238,3.852191209793091,3.399212121963501,673.0,0.42245253920555115,,,,,,,,,,,,
33,,,84649,4.0,0.9921500086784363,0.9609167575836182,0.02006271481513977,0.9695045948028564,0.9526761770248413,3.701981782913208,3.1536788940429688,904.0,0.5282402634620667,,,,,,,,,,,,
33,,,84659,4.0,0.991100013256073,0.9557874202728271,0.023172415792942047,0.9432412981987,0.9691675305366516,3.9839491844177246,3.6669273376464844,727.0,0.2938493490219116,,,,,,,,,,,,
33,,,84669,4.0,0.9868000149726868,0.922966480255127,0.02966977469623089,0.9443217515945435,0.9037684202194214,4.869338035583496,4.520628929138184,335.0,0.3190392553806305,,,,,,,,,,,,
33,,,84679,4.0,0.986050009727478,0.94411301612854,0.036615438759326935,0.9627070426940918,0.9271869659423828,4.517560005187988,3.902677059173584,852.0,0.5782676935195923,,,,,,,,,,,,
33,,,84689,4.0,0.9922999739646912,0.9457625150680542,0.019624454900622368,0.9546775817871094,0.9372192621231079,4.432062149047852,4.0605268478393555,622.0,0.3519109785556793,,,,,,,,,,,,
33,,,84699,4.0,0.977649986743927,0.9203128814697266,0.054874952882528305,0.913949191570282,0.9269192814826965,5.465272903442383,4.839812278747559,535.0,0.5705855488777161,,,,,,,,,,,,
33,,,84709,4.0,0.9837499856948853,0.9432271718978882,0.0412181094288826,0.9475959539413452,0.9389604330062866,4.465678691864014,4.1125311851501465,799.0,0.3119293451309204,,,,,,,,,,,,
33,,,84719,4.0,0.9865000247955322,0.9543523192405701,0.03191162645816803,0.9590522050857544,0.9497681856155396,4.614100933074951,4.14897346496582,981.0,0.4332156777381897,,,,,,,,,,,,
33,,,84729,4.0,0.9897500276565552,0.9721508622169495,0.02987685240805149,0.9728661179542542,0.9714384078979492,4.021488666534424,3.505014419555664,767.0,0.4865971505641937,,,,,,,,,,,,
33,,,84739,4.0,0.9817500114440918,0.9524558186531067,0.05316220596432686,0.9265785813331604,0.9829688668251038,4.699431896209717,3.945672035217285,1188.0,0.7005975842475891,,,,,,,,,,,,
33,,,84749,4.0,0.9908000230789185,0.9501600861549377,0.025264311581850052,0.9681010842323303,0.9336888790130615,4.68790864944458,4.154054164886475,564.0,0.5085901618003845,,,,,,,,,,,,
33,,,84759,4.0,0.9880499839782715,0.9187381267547607,0.030084412544965744,0.9117671847343445,0.9259727001190186,4.77241325378418,4.549789905548096,427.0,0.19253875315189362,,,,,,,,,,,,
33,,,84769,4.0,0.982450008392334,0.894027590751648,0.042016368359327316,0.9689302444458008,0.8413931131362915,4.443354606628418,4.157944202423096,398.0,0.24339404702186584,,,,,,,,,,,,
33,,,84779,4.0,0.9782500267028809,0.8673490285873413,0.04728918522596359,0.8583821058273315,0.8768324851989746,5.399197578430176,5.1340250968933105,274.0,0.2178831249475479,,,,,,,,,,,,
33,,,84789,4.0,0.9759500026702881,0.7675768733024597,0.07490112632513046,0.7938384413719177,0.7459186911582947,6.565502166748047,4.975221633911133,201.0,1.5153796672821045,,,,,,,,,,,,
33,,,84799,4.0,0.98785001039505,0.9687678813934326,0.03303330019116402,0.9616620540618896,0.976172149181366,4.754554748535156,4.376072406768799,824.0,0.34544917941093445,,,,,,,,,,,,
33,,,84809,4.0,0.9898999929428101,0.8972113132476807,0.022574428468942642,0.9115599393844604,0.8838847279548645,4.5279541015625,4.312492370605469,188.0,0.19288720190525055,,,,,,,,,,,,
33,,,84819,4.0,0.9735999703407288,0.9159905314445496,0.061813026666641235,0.9043565988540649,0.928500771522522,5.618350505828857,5.030375003814697,627.0,0.5261627435684204,,,,,,,,,,,,
33,,,84829,4.0,0.9825999736785889,0.9403171539306641,0.04198350012302399,0.9224401116371155,0.9601595401763916,4.537676811218262,4.066585540771484,667.0,0.42910778522491455,,,,,,,,,,,,
33,,,84839,4.0,0.9911999702453613,0.9576356410980225,0.022749358788132668,0.9773819446563721,0.9396540522575378,4.257319450378418,4.064895153045654,692.0,0.16967499256134033,,,,,,,,,,,,
33,,,84849,4.0,0.9868000149726868,0.9568313956260681,0.03255601227283478,0.9543583989143372,0.9593377709388733,6.577788829803467,5.157766819000244,1349.0,1.3874660730361938,,,,,,,,,,,,
33,,,84859,4.0,0.9906499981880188,0.9596085548400879,0.023547159507870674,0.9590871334075928,0.9601314067840576,3.6722090244293213,3.402409553527832,809.0,0.24625223875045776,,,,,,,,,,,,
33,,,84869,4.0,0.9802500009536743,0.9079515933990479,0.04478156194090843,0.8957503437995911,0.921055793762207,6.005728721618652,5.673933029174805,537.0,0.2870138883590698,,,,,,,,,,,,
33,,,84879,4.0,0.9852499961853027,0.9516172409057617,0.036160726100206375,0.9582819938659668,0.945186197757721,4.811368465423584,4.49488639831543,782.0,0.2803209125995636,,,,,,,,,,,,
33,,,84889,4.0,0.9843500256538391,0.8495815396308899,0.04262975603342056,0.9269691705703735,0.7970808148384094,6.879593849182129,5.107163429260254,298.0,1.7298004627227783,,,,,,,,,,,,
33,,,84899,4.0,0.9916499853134155,0.9665710926055908,0.018834294751286507,0.973651647567749,0.9597339630126953,3.829785108566284,3.5510566234588623,938.0,0.2598941922187805,,,,,,,,,,,,
33,,,84909,4.0,0.9878000020980835,0.9344845414161682,0.027711687609553337,0.9644070863723755,0.9085706472396851,4.6664719581604,4.367846488952637,405.0,0.2709135115146637,,,,,,,,,,,,
33,,,84919,4.0,0.98294997215271,0.9039120674133301,0.03941838815808296,0.9246493577957153,0.88531494140625,7.051092147827148,6.692609786987305,550.0,0.3190639317035675,,,,,,,,,,,,
33,,,84929,4.0,0.992900013923645,0.9113909006118774,0.017962032929062843,0.9113909006118774,0.9113909006118774,5.262649059295654,4.946591854095459,297.0,0.29809507727622986,,,,,,,,,,,,
33,,,84939,4.0,0.9780499935150146,0.9223957061767578,0.0574827641248703,0.9235376119613647,0.921261191368103,5.931533336639404,5.287998199462891,1195.0,0.5860524773597717,,,,,,,,,,,,
33,,,84949,4.0,0.9907000064849854,0.9722625017166138,0.019789153710007668,0.9715747237205505,0.9729527235031128,3.669543743133545,3.2823128700256348,868.0,0.3674417734146118,,,,,,,,,,,,
33,,,84959,4.0,0.9749500155448914,0.9103063344955444,0.05462979897856712,0.8967797756195068,0.9250107407569885,5.874608993530273,5.564278602600098,658.0,0.2557007372379303,,,,,,,,,,,,
33,,,84969,4.0,0.9836500287055969,0.9139881134033203,0.0393436998128891,0.9189543724060059,0.9091529250144958,4.792182922363281,4.550087928771973,648.0,0.20275138318538666,,,,,,,,,,,,
33,,,84979,4.0,0.9866499900817871,0.8506827354431152,0.0313313752412796,0.8700965642929077,0.8333072662353516,5.582317352294922,5.056023120880127,167.0,0.4949626922607422,,,,,,,,,,,,
33,,,84989,4.0,0.9883000254631042,0.896644115447998,0.026360977441072464,0.9103301763534546,0.8839009404182434,4.610415458679199,4.357946395874023,224.0,0.22610796988010406,,,,,,,,,,,,
33,,,84999,4.0,0.9890000224113464,0.9561595320701599,0.031472258269786835,0.9487512111663818,0.9638619422912598,4.311283111572266,3.656874656677246,642.0,0.6229363083839417,,,,,,,,,,,,
33,,,85009,4.0,0.9782999753952026,0.8583846092224121,0.0462687686085701,0.8301181793212891,0.8926405906677246,6.0882062911987305,5.1424946784973145,362.0,0.8994424343109131,,,,,,,,,,,,
33,,,85019,4.0,0.991599977016449,0.8802148103713989,0.02078118547797203,0.9095904231071472,0.8549185395240784,4.679744243621826,4.260849475860596,187.0,0.3981139361858368,,,,,,,,,,,,
33,,,85029,4.0,0.9829000234603882,0.9306013584136963,0.04024747759103775,0.9342787861824036,0.9269962906837463,4.626954078674316,4.369596481323242,730.0,0.21710999310016632,,,,,,,,,,,,
33,,,85039,4.0,0.9756500124931335,0.8461640477180481,0.05578603968024254,0.8642061948776245,0.8300004601478577,6.243534564971924,5.834319591522217,282.0,0.3534289300441742,,,,,,,,,,,,
33,,,85049,4.0,0.9912999868392944,0.9726887345314026,0.023522330448031425,0.9736711978912354,0.971711277961731,3.469843864440918,3.121401309967041,945.0,0.3249201774597168,,,,,,,,,,,,
33,,,85059,4.0,0.9813500046730042,0.9233648777008057,0.042296841740608215,0.9290521144866943,0.9178516864776611,3.766505718231201,3.4780402183532715,813.0,0.24616850912570953,,,,,,,,,,,,
33,,,85069,4.0,0.9875500202178955,0.9466608762741089,0.031189212575554848,0.9768223762512207,0.9205888509750366,4.352451801300049,4.014739036560059,923.0,0.30652350187301636,,,,,,,,,,,,
33,,,85079,4.0,0.9787999987602234,0.9570895433425903,0.0575442872941494,0.9592101573944092,0.954998254776001,5.422023296356201,4.938640117645264,1244.0,0.42583897709846497,,,,,,,,,,,,
33,,,85089,4.0,0.9877499938011169,0.9528791904449463,0.03094463422894478,0.951535165309906,0.9542326927185059,3.3214259147644043,3.0359456539154053,924.0,0.25453564524650574,,,,,,,,,,,,
33,,,85099,4.0,0.989799976348877,0.9326245784759521,0.025536511093378067,0.9294906854629517,0.9358090758323669,5.23685359954834,4.874305248260498,417.0,0.3370116949081421,,,,,,,,,,,,
33,,,85109,4.0,0.9907500147819519,0.9637460708618164,0.021682582795619965,0.9586367607116699,0.9689915180206299,4.427469730377197,4.052639007568359,764.0,0.3531481921672821,,,,,,,,,,,,
33,,,85119,4.0,0.9929999709129333,0.8867571353912354,0.01968434453010559,0.8761589527130127,0.8979943990707397,3.7454662322998047,3.5437541007995605,108.0,0.18202778697013855,,,,,,,,,,,,
33,,,85129,4.0,0.9896000027656555,0.937511682510376,0.03003169223666191,0.9514243602752686,0.9245139956474304,3.5761282444000244,3.2649714946746826,502.0,0.2811250686645508,,,,,,,,,,,,
33,,,85139,4.0,0.9927499890327454,0.9219077825546265,0.016873609274625778,0.9223411083221436,0.9214754700660706,4.451769828796387,3.9196903705596924,242.0,0.5152060985565186,,,,,,,,,,,,
33,,,85149,4.0,0.9868000149726868,0.9263244867324829,0.030102435499429703,0.9545663595199585,0.9017279148101807,4.182162761688232,3.9948532581329346,355.0,0.15720707178115845,,,,,,,,,,,,
33,,,85159,4.0,0.9884499907493591,0.9535019993782043,0.026224924251437187,0.973298192024231,0.935545802116394,4.151205062866211,3.8055944442749023,875.0,0.31938567757606506,,,,,,,,,,,,
33,,,85169,4.0,0.9815000295639038,0.912142276763916,0.04432085156440735,0.8881345391273499,0.9398553371429443,4.992257595062256,4.629945278167725,521.0,0.31799113750457764,,,,,,,,,,,,
33,,,85179,4.0,0.9849500060081482,0.8941975235939026,0.036803796887397766,0.8908915519714355,0.8975652456283569,4.34114408493042,3.8443262577056885,505.0,0.4600142538547516,,,,,,,,,,,,
33,,,85189,4.0,0.9868000149726868,0.9388576745986938,0.03326066955924034,0.9342342615127563,0.9435956478118896,5.635387420654297,5.059123516082764,508.0,0.5430032014846802,,,,,,,,,,,,
33,,,85199,4.0,0.9856500029563904,0.9431803226470947,0.03599162772297859,0.9406188726425171,0.9457772374153137,5.293996334075928,4.898478031158447,695.0,0.35952651500701904,,,,,,,,,,,,
33,,,85209,4.0,0.9898499846458435,0.9424449801445007,0.024816224351525307,0.9223447442054749,0.9648089408874512,5.541911602020264,5.105201721191406,346.0,0.4118938148021698,,,,,,,,,,,,
33,,,85219,4.0,0.9907500147819519,0.8894498348236084,0.036042310297489166,0.9316236972808838,0.8551028966903687,6.157835960388184,5.818027973175049,348.0,0.3037656545639038,,,,,,,,,,,,
33,,,85229,4.0,0.9791499972343445,0.933458685874939,0.05594763159751892,0.9182263612747192,0.9501526355743408,5.2546000480651855,4.772122859954834,913.0,0.4265294671058655,,,,,,,,,,,,
33,,,85239,4.0,0.9832500219345093,0.9569434523582458,0.0426202118396759,0.9507237672805786,0.9633974432945251,4.506877899169922,4.177134990692139,1056.0,0.2871229350566864,,,,,,,,,,,,
33,,,85249,4.0,0.9865000247955322,0.9447833299636841,0.032689809799194336,0.9595671892166138,0.931067943572998,5.088825225830078,4.545846462249756,462.0,0.5102890133857727,,,,,,,,,,,,
33,,,85259,4.0,0.9898499846458435,0.9630953073501587,0.024809477850794792,0.9687684774398804,0.9575838446617126,3.928030014038086,3.570040225982666,944.0,0.33318042755126953,,,,,,,,,,,,
33,,,85269,4.0,0.972000002861023,0.9274851083755493,0.0716991275548935,0.9261032938957214,0.9288790822029114,5.4255900382995605,4.92069673538208,1461.0,0.43319395184516907,,,,,,,,,,,,
33,,,85279,4.0,0.9880499839782715,0.9368358850479126,0.031286779791116714,0.9261212348937988,0.9481765031814575,4.453467845916748,4.001193046569824,382.0,0.4209881126880646,,,,,,,,,,,,
33,,,85289,4.0,0.9714999794960022,0.8239216208457947,0.06468402594327927,0.9102474451065063,0.7699244022369385,5.437638759613037,5.028845310211182,423.0,0.34410932660102844,,,,,,,,,,,,
33,,,85299,4.0,0.9904000163078308,0.9427578449249268,0.02488960511982441,0.9417967796325684,0.9437236189842224,5.170864105224609,4.548951148986816,303.0,0.5970233678817749,,,,,,,,,,,,
33,,,85309,4.0,0.9759500026702881,0.8524987697601318,0.05876992270350456,0.8729211091995239,0.8344182968139648,6.4581403732299805,5.741869926452637,403.0,0.6575009226799011,,,,,,,,,,,,
33,,,85319,4.0,0.9849500060081482,0.871842622756958,0.03375593200325966,0.8763630390167236,0.8674376010894775,4.136815071105957,3.662487030029297,222.0,0.440572053194046,,,,,,,,,,,,
33,,,85329,4.0,0.9868999719619751,0.8958457708358765,0.028976382687687874,0.8866655826568604,0.905510663986206,5.8656392097473145,5.2731242179870605,303.0,0.5635385513305664,,,,,,,,,,,,
33,,,85339,4.0,0.9836500287055969,0.9488986730575562,0.04127256199717522,0.9266595244407654,0.9742779731750488,5.151333808898926,4.715490341186523,835.0,0.39457088708877563,,,,,,,,,,,,
33,,,85349,4.0,0.9887499809265137,0.9620141386985779,0.03017331287264824,0.9605799913406372,0.9634592533111572,4.96525764465332,4.717122554779053,1093.0,0.21796154975891113,,,,,,,,,,,,
33,,,85359,4.0,0.9836500287055969,0.8907372951507568,0.05415157601237297,0.9014017581939697,0.8806771039962769,5.6331706047058105,5.250741004943848,301.0,0.3282782733440399,,,,,,,,,,,,
33,,,85369,4.0,0.9902499914169312,0.9654460549354553,0.026375891640782356,0.9727072715759277,0.9584476947784424,3.6658267974853516,3.354618549346924,859.0,0.284832239151001,,,,,,,,,,,,
33,,,85379,4.0,0.9872000217437744,0.9624075293540955,0.032393597066402435,0.9759009480476379,0.9498443007469177,4.131797790527344,3.8199074268341064,864.0,0.27949658036231995,,,,,,,,,,,,
33,,,85389,4.0,0.9911999702453613,0.9727831482887268,0.02076047845184803,0.9781503677368164,0.9675636291503906,3.5863442420959473,3.184854030609131,830.0,0.38072964549064636,,,,,,,,,,,,
33,,,85399,4.0,0.9883000254631042,0.9383041858673096,0.02849016711115837,0.937059760093689,0.9395564794540405,4.723060131072998,4.494785308837891,566.0,0.19978496432304382,,,,,,,,,,,,
33,,,85409,4.0,0.9882000088691711,0.9128971099853516,0.02821950614452362,0.9239795207977295,0.9024255275726318,4.8863444328308105,4.57252311706543,444.0,0.28560149669647217,,,,,,,,,,,,
33,,,85419,4.0,0.993149995803833,0.9522172212600708,0.01906161941587925,0.9456089735031128,0.9590426087379456,3.9272003173828125,3.5188913345336914,438.0,0.3892473876476288,,,,,,,,,,,,
33,,,85429,4.0,0.9944000244140625,0.9666812419891357,0.015464816242456436,0.972848117351532,0.9606893062591553,4.652870178222656,4.291104316711426,331.0,0.3463009297847748,,,,,,,,,,,,
33,,,85439,4.0,0.9768499732017517,0.8676388263702393,0.055882904678583145,0.9006223082542419,0.840195894241333,5.258203506469727,4.317218780517578,406.0,0.8851017355918884,,,,,,,,,,,,
33,,,85449,4.0,0.9833499789237976,0.9662163853645325,0.048518579453229904,0.9637436866760254,0.9687291383743286,4.6155877113342285,3.9271512031555176,1262.0,0.6399178504943848,,,,,,,,,,,,
33,,,85459,4.0,0.9695000052452087,0.9153153896331787,0.0689844936132431,0.9143956899642944,0.9162404537200928,5.573422431945801,4.788184642791748,1143.0,0.7162532806396484,,,,,,,,,,,,
33,,,85469,4.0,0.9836500287055969,0.9368992447853088,0.041488777846097946,0.9543794393539429,0.9209359884262085,4.4940571784973145,4.0623064041137695,592.0,0.3902621865272522,,,,,,,,,,,,
33,,,85479,4.0,0.9884999990463257,0.9421517848968506,0.028376931324601173,0.96534663438797,0.921419620513916,4.867109775543213,4.416700839996338,365.0,0.42203202843666077,,,,,,,,,,,,
33,,,85489,4.0,0.9797499775886536,0.9318569898605347,0.06153206154704094,0.9104704856872559,0.9562053680419922,4.626480579376221,3.880216598510742,1114.0,0.6847319602966309,,,,,,,,,,,,
33,,,85499,4.0,0.9840999841690063,0.9392609000205994,0.04572398588061333,0.9243225455284119,0.9555143117904663,5.112259387969971,4.1749138832092285,967.0,0.8916217684745789,,,,,,,,,,,,
33,,,85509,4.0,0.9928500056266785,0.9522184133529663,0.019214946776628494,0.9705513715744019,0.9353775382041931,3.8419835567474365,3.66198992729187,442.0,0.16077882051467896,,,,,,,,,,,,
33,,,85519,4.0,0.9792500138282776,0.8483919501304626,0.048855360597372055,0.9108362197875977,0.8035688996315002,4.624054908752441,4.434764862060547,400.0,0.14043468236923218,,,,,,,,,,,,
33,,,85529,4.0,0.9871500134468079,0.9576876163482666,0.031193725764751434,0.9681593179702759,0.9477730393409729,4.169238090515137,3.856739044189453,703.0,0.28130531311035156,,,,,,,,,,,,
33,,,85539,4.0,0.9917500019073486,0.9674005508422852,0.021748872473835945,0.9711059927940369,0.9637629389762878,3.7814226150512695,3.4560515880584717,836.0,0.30362221598625183,,,,,,,,,,,,
33,,,85549,4.0,0.9868000149726868,0.8669478297233582,0.03373127430677414,0.9280688762664795,0.8218340873718262,4.611965656280518,4.377750396728516,254.0,0.2004837840795517,,,,,,,,,,,,
33,,,85559,4.0,0.9774500131607056,0.8844312429428101,0.05074682459235191,0.8633900880813599,0.908470869064331,6.39108943939209,5.160810947418213,415.0,1.1795318126678467,,,,,,,,,,,,
33,,,85569,4.0,0.972599983215332,0.8773007988929749,0.08533841371536255,0.9111603498458862,0.8493062257766724,5.571938514709473,4.90708065032959,429.0,0.5795190930366516,,,,,,,,,,,,
33,,,85579,4.0,0.9777500033378601,0.9223107695579529,0.054348573088645935,0.9430296421051025,0.903805673122406,4.430210113525391,3.982257127761841,932.0,0.3936043381690979,,,,,,,,,,,,
33,,,85589,4.0,0.9872499704360962,0.9138389825820923,0.030860183760523796,0.914097249507904,0.9135810136795044,4.718016147613525,4.407140731811523,316.0,0.28001564741134644,,,,,,,,,,,,
33,,,85599,4.0,0.9908999800682068,0.9573941826820374,0.022739548236131668,0.975245475769043,0.9410040974617004,4.585477828979492,4.263919353485107,717.0,0.29881909489631653,,,,,,,,,,,,
33,,,85609,4.0,0.9771999716758728,0.8919037580490112,0.05080772563815117,0.8711440563201904,0.9155496954917908,4.113936901092529,3.731541872024536,526.0,0.33158740401268005,,,,,,,,,,,,
33,,,85619,4.0,0.98785001039505,0.9557687044143677,0.02936648204922676,0.9622353911399841,0.9495146870613098,4.052366256713867,3.7212626934051514,768.0,0.3017372488975525,,,,,,,,,,,,
33,,,85629,4.0,0.9690999984741211,0.9044317603111267,0.0747491866350174,0.9111553430557251,0.8979800939559937,5.127158164978027,4.696596622467041,929.0,0.3558127284049988,,,,,,,,,,,,
33,,,85639,4.0,0.9774500131607056,0.9303808212280273,0.051962658762931824,0.9474684000015259,0.9148462414741516,5.713203430175781,4.513193607330322,891.0,1.1480472087860107,,,,,,,,,,,,
33,,,85649,4.0,0.9804499745368958,0.9405763149261475,0.04655095934867859,0.9294273853302002,0.9524856805801392,4.785181522369385,4.526090145111084,865.0,0.21254079043865204,,,,,,,,,,,,
33,,,85659,4.0,0.9922000169754028,0.9614571928977966,0.0172482430934906,0.963503897190094,0.9594308137893677,3.60697078704834,3.4038872718811035,853.0,0.18583545088768005,,,,,,,,,,,,
33,,,85669,4.0,0.9904500246047974,0.9147142171859741,0.031221389770507812,0.9178808927536011,0.9115984439849854,4.7145256996154785,4.371450901031494,182.0,0.3118533790111542,,,,,,,,,,,,
33,,,85679,4.0,0.9850999712944031,0.9375900030136108,0.03773289918899536,0.9276279211044312,0.9481115341186523,4.4621782302856445,4.133185863494873,454.0,0.29125919938087463,,,,,,,,,,,,
33,,,85689,4.0,0.9854000210762024,0.8840920329093933,0.03355081379413605,0.9164330363273621,0.856739342212677,4.812510967254639,4.644107341766357,387.0,0.13485273718833923,,,,,,,,,,,,
33,,,85699,4.0,0.9879000186920166,0.9219714403152466,0.02940565161406994,0.9103302955627441,0.934364914894104,4.961501598358154,4.80850076675415,426.0,0.12359529733657837,,,,,,,,,,,,
33,,,85709,4.0,0.9846500158309937,0.922610878944397,0.038960400968790054,0.9274419546127319,0.9179021120071411,3.7449874877929688,3.3709990978240967,820.0,0.3350279629230499,,,,,,,,,,,,
33,,,85719,4.0,0.9872999787330627,0.8121764063835144,0.028756998479366302,0.8321526050567627,0.7945610284805298,5.23642110824585,4.833345890045166,141.0,0.3743182420730591,,,,,,,,,,,,
33,,,85729,4.0,0.9887999892234802,0.8920576572418213,0.027837496250867844,0.8829866647720337,0.9015992879867554,3.8992791175842285,3.4926974773406982,244.0,0.3787441551685333,,,,,,,,,,,,
33,,,85739,4.0,0.9825500249862671,0.9355946779251099,0.04588187113404274,0.9263640642166138,0.9453195929527283,5.46152400970459,4.462053298950195,719.0,0.9535887837409973,,,,,,,,,,,,
33,,,85749,4.0,0.9936500191688538,0.9732557535171509,0.015250801108777523,0.9897326827049255,0.9580104351043701,3.800690174102783,3.478355646133423,981.0,0.30708378553390503,,,,,,,,,,,,
33,,,85759,4.0,0.985450029373169,0.9453317523002625,0.030440112575888634,0.9748584032058716,0.9198368787765503,4.934328556060791,4.32054328918457,916.0,0.5833448767662048,,,,,,,,,,,,
33,,,85769,4.0,0.9674000144004822,0.9285465478897095,0.0944538488984108,0.9375385046005249,0.9200719594955444,6.682443618774414,5.653805255889893,1663.0,0.9341844916343689,,,,,,,,,,,,
33,,,85779,4.0,0.9902499914169312,0.9140844941139221,0.0260588601231575,0.9076653718948364,0.920724093914032,4.769851207733154,3.6704113483428955,306.0,1.0733808279037476,,,,,,,,,,,,
33,,,85789,4.0,0.9902999997138977,0.9801602363586426,0.021984349936246872,0.9861671924591064,0.9743689298629761,3.4723730087280273,3.2258691787719727,968.0,0.22451947629451752,,,,,,,,,,,,
33,,,85799,4.0,0.9879500269889832,0.9623575210571289,0.02796405367553234,0.9629539847373962,0.9617630243301392,4.528401851654053,4.2286057472229,849.0,0.27183184027671814,,,,,,,,,,,,
33,,,85809,4.0,0.9782999753952026,0.939534068107605,0.057049158960580826,0.9224106073379517,0.9585862159729004,4.886516571044922,4.073643207550049,1261.0,0.755824089050293,,,,,,,,,,,,
33,,,85819,4.0,0.9869999885559082,0.914129376411438,0.03192371129989624,0.9411270618438721,0.8905139565467834,5.246823787689209,4.595613956451416,418.0,0.6192858815193176,,,,,,,,,,,,
33,,,85829,4.0,0.9832500219345093,0.9428271651268005,0.041240591555833817,0.9313815832138062,0.9550435543060303,4.460549354553223,3.923206090927124,936.0,0.4961026906967163,,,,,,,,,,,,
33,,,85839,4.0,0.9877499938011169,0.8535957336425781,0.03445639833807945,0.9269978404045105,0.8025539517402649,4.691882610321045,4.223040580749512,229.0,0.43438565731048584,,,,,,,,,,,,
33,,,85849,4.0,0.9858999848365784,0.9437656998634338,0.03524104133248329,0.9587365984916687,0.9298970699310303,5.220494270324707,4.888900279998779,574.0,0.296352744102478,,,,,,,,,,,,
33,,,85859,4.0,0.993399977684021,0.9719655513763428,0.01625528186559677,0.9816561937332153,0.9627150297164917,3.658601760864258,3.360668182373047,922.0,0.28167831897735596,,,,,,,,,,,,
33,,,85869,4.0,0.9900500178337097,0.9467992186546326,0.025109827518463135,0.9636353850364685,0.9312755465507507,3.989025592803955,3.753535032272339,489.0,0.21038088202476501,,,,,,,,,,,,
33,,,85879,4.0,0.9808499813079834,0.9455304145812988,0.04438960552215576,0.9675531387329102,0.925994873046875,5.03056001663208,4.2641730308532715,1007.0,0.7219974398612976,,,,,,,,,,,,
33,,,85889,4.0,0.9819499850273132,0.8745765089988708,0.04300254210829735,0.902441143989563,0.8506251573562622,5.431910514831543,4.536168098449707,409.0,0.8527397513389587,,,,,,,,,,,,
33,,,85899,4.0,0.9843999743461609,0.9413299560546875,0.03873392194509506,0.9447748064994812,0.9379481077194214,5.930675983428955,4.9378581047058105,1167.0,0.9540838003158569,,,,,,,,,,,,
33,,,85909,4.0,0.9887499809265137,0.9257340431213379,0.027748901396989822,0.9698196649551392,0.8898108005523682,4.965723514556885,4.532216548919678,384.0,0.40575793385505676,,,,,,,,,,,,
33,,,85919,4.0,0.9918500185012817,0.9574477672576904,0.020574716851115227,0.972824215888977,0.9431515336036682,5.559826850891113,5.394679069519043,488.0,0.1445731520652771,,,,,,,,,,,,
33,,,85929,4.0,0.979449987411499,0.8621600866317749,0.051894914358854294,0.9066582322120667,0.8271603584289551,5.942410469055176,5.0869011878967285,436.0,0.8036139011383057,,,,,,,,,,,,
33,,,85939,4.0,0.9783499836921692,0.9174309968948364,0.05860144644975662,0.9466026425361633,0.8924354910850525,5.725302219390869,5.004710674285889,1058.0,0.6619899868965149,,,,,,,,,,,,
33,,,85949,4.0,0.986549973487854,0.9043238162994385,0.03173220157623291,0.9633046388626099,0.8595890998840332,5.2608866691589355,4.722724437713623,268.0,0.5064301490783691,,,,,,,,,,,,
33,,,85959,4.0,0.9864500164985657,0.9519500136375427,0.03548784926533699,0.9621323943138123,0.9422928094863892,4.620474815368652,4.294778347015381,841.0,0.29020893573760986,,,,,,,,,,,,
33,,,85969,4.0,0.982699990272522,0.8740265965461731,0.04030294343829155,0.9049040079116821,0.8478696346282959,4.281009674072266,3.9871623516082764,273.0,0.2535443603992462,,,,,,,,,,,,
33,,,85979,4.0,0.9921500086784363,0.9653255939483643,0.01805756613612175,0.9680556058883667,0.9626319408416748,3.9496302604675293,3.5424695014953613,947.0,0.38910311460494995,,,,,,,,,,,,
33,,,85989,4.0,0.9841499924659729,0.9528071880340576,0.03660781681537628,0.9424591064453125,0.9637908935546875,5.236741065979004,4.220916271209717,799.0,0.9792168140411377,,,,,,,,,,,,
33,,,85999,4.0,0.984250009059906,0.9201616644859314,0.036531198769807816,0.9211182594299316,0.9192099571228027,4.342527866363525,4.080674648284912,566.0,0.22532208263874054,,,,,,,,,,,,
33,,,86009,4.0,0.9904000163078308,0.9677225351333618,0.0274172555655241,0.9602268934249878,0.9755228757858276,4.504149913787842,4.278275966644287,830.0,0.19845663011074066,,,,,,,,,,,,
33,,,86019,4.0,0.9881500005722046,0.9465762376785278,0.028599029406905174,0.9661626815795898,0.928786039352417,4.3556647300720215,4.088588237762451,741.0,0.23847739398479462,,,,,,,,,,,,
33,,,86029,4.0,0.9869999885559082,0.9407550096511841,0.03230149671435356,0.9212225675582886,0.9625042676925659,5.2876176834106445,4.696290016174316,433.0,0.5590261220932007,,,,,,,,,,,,
33,,,86039,4.0,0.9791499972343445,0.9394147396087646,0.051606617867946625,0.9434953927993774,0.9354288578033447,6.1362762451171875,5.231434345245361,1156.0,0.8532351851463318,,,,,,,,,,,,
33,,,86049,4.0,0.9849500060081482,0.9011296033859253,0.0362388901412487,0.9229869842529297,0.8816134929656982,4.087529182434082,3.8803296089172363,345.0,0.17096085846424103,,,,,,,,,,,,
33,,,86059,4.0,0.9721500277519226,0.8368641138076782,0.06479184329509735,0.8203989267349243,0.8553696870803833,5.930473327636719,5.573859214782715,440.0,0.2918226420879364,,,,,,,,,,,,
33,,,86069,4.0,0.9861000180244446,0.9564549922943115,0.03709717094898224,0.9430446028709412,0.9709244966506958,5.297854423522949,4.405806541442871,992.0,0.8549506664276123,,,,,,,,,,,,
33,,,86079,4.0,0.9816499948501587,0.8661091327667236,0.03983185812830925,0.8489267230033875,0.8852577209472656,5.824066162109375,5.406685829162598,231.0,0.37754854559898376,,,,,,,,,,,,
33,,,86089,4.0,0.9832000136375427,0.8855416774749756,0.03635990619659424,0.9007279872894287,0.8715652227401733,4.916500568389893,4.611269474029541,356.0,0.2688713073730469,,,,,,,,,,,,
33,,,86099,4.0,0.9857000112533569,0.8992732763290405,0.03570626676082611,0.9029572606086731,0.8956621885299683,4.918652057647705,4.245617866516113,264.0,0.6373282670974731,,,,,,,,,,,,
33,,,86109,4.0,0.9901000261306763,0.9506003856658936,0.023769475519657135,0.9530277252197266,0.9482022523880005,4.936370372772217,4.516924858093262,350.0,0.39567622542381287,,,,,,,,,,,,
33,,,86119,4.0,0.9918000102043152,0.962265133857727,0.02175358682870865,0.9537899494171143,0.9711115956306458,3.5967588424682617,3.197481155395508,646.0,0.3775242567062378,,,,,,,,,,,,
33,,,86129,4.0,0.9857500195503235,0.8892525434494019,0.03518043830990791,0.9054845571517944,0.8743666410446167,6.194644927978516,5.851150989532471,332.0,0.30831339955329895,,,,,,,,,,,,
33,,,86139,4.0,0.9884999990463257,0.9524902701377869,0.03113682195544243,0.9584389925003052,0.9467188119888306,4.354258060455322,4.017431735992432,585.0,0.30568939447402954,,,,,,,,,,,,
33,,,86149,4.0,0.9753000140190125,0.8695054054260254,0.05435056611895561,0.9015415906906128,0.8427468538284302,5.926669120788574,5.470416069030762,531.0,0.4019029140472412,,,,,,,,,,,,
33,,,86159,4.0,0.9807000160217285,0.9146500825881958,0.07282201945781708,0.9336752891540527,0.8974568843841553,3.6956186294555664,3.292983055114746,862.0,0.32981353998184204,,,,,,,,,,,,
33,,,86169,4.0,0.985450029373169,0.9017975330352783,0.03327387198805809,0.9071301817893982,0.8966158628463745,5.83065938949585,5.527493953704834,282.0,0.2698916494846344,,,,,,,,,,,,
33,,,86179,4.0,0.9894499778747559,0.9647172093391418,0.028538867831230164,0.9687942266464233,0.960725724697113,4.676778793334961,4.079278469085693,860.0,0.5689616203308105,,,,,,,,,,,,
33,,,86189,4.0,0.9876499772071838,0.9356398582458496,0.029566871002316475,0.91424560546875,0.959698498249054,4.182540416717529,3.8549582958221436,535.0,0.29801520705223083,,,,,,,,,,,,
33,,,86199,4.0,0.9855499863624573,0.9437458515167236,0.040764182806015015,0.9380266666412354,0.949644923210144,4.103816509246826,3.3251092433929443,1055.0,0.7379433512687683,,,,,,,,,,,,
33,,,86209,4.0,0.9822999835014343,0.8968146443367004,0.04937322437763214,0.909460723400116,0.8850090503692627,5.10297155380249,4.722692966461182,336.0,0.33090534806251526,,,,,,,,,,,,
33,,,86219,4.0,0.9838500022888184,0.9582675695419312,0.035645972937345505,0.9626809358596802,0.9539644718170166,3.802541494369507,3.510617971420288,850.0,0.25627753138542175,,,,,,,,,,,,
33,,,86229,4.0,0.9945499897003174,0.9766156673431396,0.01381851825863123,0.9785951375961304,0.974655032157898,3.7637481689453125,3.3994433879852295,919.0,0.3504863679409027,,,,,,,,,,,,
33,,,86239,4.0,0.9791499972343445,0.9380401372909546,0.048145245760679245,0.9223582744598389,0.9552929401397705,4.687211513519287,4.439005374908447,975.0,0.20006102323532104,,,,,,,,,,,,
33,,,86249,4.0,0.982200026512146,0.9419143795967102,0.047949306666851044,0.9690306186676025,0.9183684587478638,5.202138423919678,4.616887092590332,1165.0,0.5373021364212036,,,,,,,,,,,,
33,,,86259,4.0,0.98580002784729,0.8974319696426392,0.04584241285920143,0.8995761871337891,0.8953127861022949,5.210323333740234,4.686557769775391,228.0,0.4779227674007416,,,,,,,,,,,,
33,,,86269,4.0,0.9811499714851379,0.9658164978027344,0.056531231850385666,0.9589171409606934,0.9730675220489502,5.180968284606934,4.193446159362793,1152.0,0.9309908151626587,,,,,,,,,,,,
33,,,86279,4.0,0.9635499715805054,0.896795392036438,0.07483378052711487,0.8945531845092773,0.899071216583252,6.725484848022461,4.547639846801758,880.0,2.1030113697052,,,,,,,,,,,,
33,,,86289,4.0,0.9860000014305115,0.953684389591217,0.044118788093328476,0.9463125467300415,0.9613626003265381,5.086977005004883,4.47007417678833,818.0,0.5727839469909668,,,,,,,,,,,,
33,,,86299,4.0,0.9873999953269958,0.9467170834541321,0.029457775875926018,0.9548070430755615,0.9389543533325195,4.0557637214660645,3.7463512420654297,816.0,0.2799547612667084,,,,,,,,,,,,
33,,,86309,4.0,0.9894999861717224,0.973461389541626,0.026106391102075577,0.9679663777351379,0.9791322350502014,4.318206787109375,3.9491920471191406,880.0,0.3429081439971924,,,,,,,,,,,,
33,,,86319,4.0,0.9832000136375427,0.957654595375061,0.04349280893802643,0.9649758338928223,0.9506351947784424,4.635465145111084,4.065697193145752,886.0,0.5262751579284668,,,,,,,,,,,,
33,,,86329,4.0,0.9819499850273132,0.9113942980766296,0.05744395777583122,0.8934198617935181,0.93136066198349,5.7435173988342285,5.276296615600586,400.0,0.4097767174243927,,,,,,,,,,,,
33,,,86339,4.0,0.989300012588501,0.9035511016845703,0.024512624368071556,0.9371619820594788,0.8750240802764893,4.497821807861328,4.1526265144348145,229.0,0.32068246603012085,,,,,,,,,,,,
33,,,86349,4.0,0.9905999898910522,0.9207783937454224,0.023100346326828003,0.9194512367248535,0.9221146702766418,4.089786052703857,3.9231574535369873,214.0,0.14352810382843018,,,,,,,,,,,,
33,,,86359,4.0,0.9776999950408936,0.9282423257827759,0.05628962442278862,0.9731801748275757,0.8926121592521667,4.69563102722168,4.456772804260254,941.0,0.18256878852844238,,,,,,,,,,,,
33,,,86369,4.0,0.9860000014305115,0.9493944644927979,0.03761112689971924,0.9513387680053711,0.9474702477455139,4.388938903808594,4.191183090209961,443.0,0.16014502942562103,,,,,,,,,,,,
33,,,86379,4.0,0.9783999919891357,0.9250004291534424,0.05128125473856926,0.9032940864562988,0.9497973918914795,5.596888542175293,4.790745258331299,720.0,0.7548617720603943,,,,,,,,,,,,
33,,,86389,4.0,0.9872000217437744,0.8917813301086426,0.03385782614350319,0.952731728553772,0.846122682094574,4.751046657562256,4.584165096282959,298.0,0.13302363455295563,,,,,,,,,,,,
33,,,86399,4.0,0.9926499724388123,0.9643564224243164,0.023312777280807495,0.979113757610321,0.9505919218063354,3.4741201400756836,3.212907075881958,932.0,0.23790021240711212,,,,,,,,,,,,
33,,,86409,4.0,0.9825999736785889,0.9488732814788818,0.03904718533158302,0.9695017337799072,0.9304053783416748,5.54901123046875,4.677360534667969,1127.0,0.8326033353805542,,,,,,,,,,,,
33,,,86419,4.0,0.9847999811172485,0.9074516296386719,0.03465475142002106,0.8985985517501831,0.9167529940605164,4.151858329772949,3.8241679668426514,433.0,0.2930353283882141,,,,,,,,,,,,
33,,,86429,4.0,0.9772999882698059,0.795035719871521,0.048936329782009125,0.7872278690338135,0.8033187389373779,5.889065742492676,5.5395588874816895,249.0,0.300570547580719,,,,,,,,,,,,
33,,,86439,4.0,0.9902499914169312,0.9180232286453247,0.022014394402503967,0.895932674407959,0.9429428577423096,4.019936561584473,3.7639379501342773,324.0,0.23398417234420776,,,,,,,,,,,,
33,,,86449,4.0,0.9848999977111816,0.890931248664856,0.04364499822258949,0.9198132753372192,0.8660606145858765,4.721571922302246,4.398443222045898,415.0,0.2794840335845947,,,,,,,,,,,,
33,,,86459,4.0,0.984000027179718,0.9139112234115601,0.03644039109349251,0.9041316509246826,0.9242404699325562,5.5664963722229,5.160351276397705,298.0,0.3697049021720886,,,,,,,,,,,,
33,,,86469,4.0,0.9903500080108643,0.9688228964805603,0.02437782660126686,0.9725081920623779,0.9652076363563538,3.7093377113342285,3.51001238822937,851.0,0.1749476045370102,,,,,,,,,,,,
33,,,86479,4.0,0.9866999983787537,0.9015544056892395,0.03015931136906147,0.9386519193649292,0.8706649541854858,5.123254776000977,4.865449905395508,286.0,0.22764523327350616,,,,,,,,,,,,
33,,,86489,4.0,0.9914000034332275,0.9272905588150024,0.020522896200418472,0.9603465795516968,0.8989403247833252,4.712113857269287,4.396158695220947,343.0,0.29543229937553406,,,,,,,,,,,,
33,,,86499,4.0,0.9851999878883362,0.9450461864471436,0.03220970928668976,0.9450461864471436,0.9450461864471436,4.351140022277832,4.132002830505371,547.0,0.18692725896835327,,,,,,,,,,,,
33,,,86509,4.0,0.9889000058174133,0.938970685005188,0.026343969628214836,0.9433858394622803,0.9346526861190796,5.063343048095703,4.624976634979248,494.0,0.41202250123023987,,,,,,,,,,,,
33,,,86519,4.0,0.993149995803833,0.9481903314590454,0.017231615260243416,0.95298171043396,0.9435070753097534,4.140359401702881,3.831653356552124,292.0,0.29147428274154663,,,,,,,,,,,,
33,,,86529,4.0,0.9837999939918518,0.9013628959655762,0.04304737597703934,0.9211536645889282,0.8835252523422241,5.2355055809021,5.007126331329346,350.0,0.18533174693584442,,,,,,,,,,,,
33,,,86539,4.0,0.98580002784729,0.8785949945449829,0.034760482609272,0.9511605501174927,0.8272334337234497,5.898899078369141,5.498126029968262,408.0,0.3660125434398651,,,,,,,,,,,,
33,,,86549,4.0,0.9815999865531921,0.8963569402694702,0.04214867204427719,0.8849921226501465,0.9085032939910889,6.0272979736328125,5.498258590698242,527.0,0.486890971660614,,,,,,,,,,,,
33,,,86559,4.0,0.9859499931335449,0.9544606804847717,0.03389142453670502,0.9565548300743103,0.9523900747299194,3.9870779514312744,3.4691827297210693,960.0,0.48400378227233887,,,,,,,,,,,,
33,,,86569,4.0,0.989799976348877,0.9682592749595642,0.02525346167385578,0.9616552591323853,0.975103497505188,4.931083679199219,4.123982906341553,846.0,0.7818477153778076,,,,,,,,,,,,
33,,,86579,4.0,0.9867500066757202,0.9059944152832031,0.03698992356657982,0.8918696045875549,0.9212801456451416,5.713752269744873,5.308283805847168,297.0,0.3684786260128021,,,,,,,,,,,,
33,,,86589,4.0,0.9859499931335449,0.949384868144989,0.040838755667209625,0.9517388343811035,0.947060227394104,4.924496650695801,4.642847537994385,1014.0,0.24081026017665863,,,,,,,,,,,,
33,,,86599,4.0,0.9861999750137329,0.9507524967193604,0.03769755735993385,0.9526729583740234,0.9488515853881836,5.808490753173828,5.416664123535156,550.0,0.35412874817848206,,,,,,,,,,,,
33,,,86609,4.0,0.9832500219345093,0.9549182653427124,0.046136561781167984,0.9585471153259277,0.951363742351532,4.448318958282471,4.169816970825195,945.0,0.23236550390720367,,,,,,,,,,,,
33,,,86619,4.0,0.9856500029563904,0.9448742866516113,0.033731818199157715,0.933612585067749,0.9568558931350708,7.53236198425293,4.107951641082764,818.0,3.390678644180298,,,,,,,,,,,,
33,,,86629,4.0,0.981249988079071,0.9298222064971924,0.04032658785581589,0.9575498104095459,0.9058045148849487,4.205137252807617,3.771852970123291,916.0,0.3929579257965088,,,,,,,,,,,,
33,,,86639,4.0,0.9885500073432922,0.9228165745735168,0.028956180438399315,0.8943225145339966,0.9562444090843201,4.371822357177734,3.857095956802368,363.0,0.48577022552490234,,,,,,,,,,,,
33,,,86649,4.0,0.9908999800682068,0.962187647819519,0.024525731801986694,0.95463627576828,0.9700378775596619,3.833214521408081,3.4784696102142334,857.0,0.3302193284034729,,,,,,,,,,,,
33,,,86659,4.0,0.9871000051498413,0.9156111478805542,0.034823328256607056,0.9126319885253906,0.9186381101608276,5.272059440612793,4.774765491485596,310.0,0.46247032284736633,,,,,,,,,,,,
33,,,86669,4.0,0.9899500012397766,0.9657944440841675,0.022388208657503128,0.9669972658157349,0.9645991325378418,3.8744056224823,3.4870595932006836,983.0,0.3649577498435974,,,,,,,,,,,,
33,,,86679,4.0,0.9840999841690063,0.9632914066314697,0.047701142728328705,0.9601012468338013,0.9665442109107971,4.56001091003418,3.7616777420043945,1120.0,0.7506318092346191,,,,,,,,,,,,
33,,,86689,4.0,0.9909999966621399,0.9261348247528076,0.019262883812189102,0.9044512510299683,0.9504830837249756,4.198268890380859,3.7190685272216797,316.0,0.4599374532699585,,,,,,,,,,,,
33,,,86699,4.0,0.9897500276565552,0.9729983806610107,0.04748666286468506,0.9823623299598694,0.9640978574752808,3.6190953254699707,3.3079705238342285,915.0,0.2636380195617676,,,,,,,,,,,,
33,,,86709,4.0,0.9926999807357788,0.9489133358001709,0.01927381381392479,0.9608843326568604,0.9375988841056824,3.8525421619415283,3.637573480606079,303.0,0.19569486379623413,,,,,,,,,,,,
33,,,86719,4.0,0.9907000064849854,0.9767946004867554,0.027167940512299538,0.9793921113014221,0.9742345809936523,4.001802921295166,3.411881685256958,1166.0,0.5627532005310059,,,,,,,,,,,,
33,,,86729,4.0,0.9918500185012817,0.934173583984375,0.021972430869936943,0.9193147420883179,0.9502136707305908,3.5600955486297607,3.3180813789367676,457.0,0.22004182636737823,,,,,,,,,,,,
,7.43468068680349e-05,0.000743468068680349,86734,,,,,,,,,,,,,,,,,,,,,,
34,,,86739,4.0,0.9926000237464905,0.9320253133773804,0.020929360762238503,0.9483940601348877,0.9168797731399536,3.9124364852905273,3.743820905685425,283.0,0.14768613874912262,,,,,,,,,,,,
34,,,86749,4.0,0.9898499846458435,0.9321702718734741,0.025487974286079407,0.949691891670227,0.9160773754119873,3.9524340629577637,3.7267777919769287,398.0,0.2001684010028839,,,,,,,,,,,,
34,,,86759,4.0,0.9915000200271606,0.966492772102356,0.021463818848133087,0.9593174457550049,0.9739375114440918,3.4605817794799805,3.0880908966064453,894.0,0.3510270118713379,,,,,,,,,,,,
34,,,86769,4.0,0.9842000007629395,0.931197464466095,0.03731860592961311,0.9276068210601807,0.9348589181900024,3.5788259506225586,3.133765935897827,535.0,0.4077411890029907,,,,,,,,,,,,
34,,,86779,4.0,0.9920499920845032,0.8602017760276794,0.02104676142334938,0.8608180284500122,0.8595877289772034,4.512269020080566,4.044224739074707,116.0,0.4469974637031555,,,,,,,,,,,,
34,,,86789,4.0,0.988099992275238,0.8762601613998413,0.028446288779377937,0.9168758392333984,0.8432196974754333,5.770827293395996,5.296782970428467,238.0,0.4455980360507965,,,,,,,,,,,,
34,,,86799,4.0,0.9807999730110168,0.6685978174209595,0.04897609353065491,0.71248459815979,0.6403278112411499,5.520425319671631,5.089705467224121,193.0,0.38174399733543396,,,,,,,,,,,,
34,,,86809,4.0,0.9879500269889832,0.9313886165618896,0.028450768440961838,0.9271972179412842,0.9356728792190552,5.059348106384277,4.070488929748535,335.0,0.9604081511497498,,,,,,,,,,,,
34,,,86819,4.0,0.9825500249862671,0.8404001593589783,0.03781578689813614,0.8627293705940247,0.8208326101303101,5.587896823883057,5.045770168304443,206.0,0.5043109059333801,,,,,,,,,,,,
34,,,86829,4.0,0.986299991607666,0.9445561170578003,0.03538690134882927,0.9197663068771362,0.9730821847915649,4.368132591247559,3.6033873558044434,856.0,0.7293581962585449,,,,,,,,,,,,
34,,,86839,4.0,0.9847999811172485,0.9276309013366699,0.03545062243938446,0.9395818710327148,0.9163984060287476,4.919528484344482,4.258343696594238,785.0,0.6257344484329224,,,,,,,,,,,,
34,,,86849,4.0,0.979200005531311,0.9214186072349548,0.049989089369773865,0.9157767295837402,0.9272472858428955,4.516726016998291,4.0632500648498535,560.0,0.40348687767982483,,,,,,,,,,,,
34,,,86859,4.0,0.9846500158309937,0.9205268621444702,0.03613356500864029,0.9078707098960876,0.9341074824333191,5.404323101043701,4.817352771759033,499.0,0.5508365035057068,,,,,,,,,,,,
34,,,86869,4.0,0.9864500164985657,0.7762343883514404,0.028998639434576035,0.8391139507293701,0.7336301803588867,6.007303714752197,5.6727705001831055,198.0,0.3055344521999359,,,,,,,,,,,,
34,,,86879,4.0,0.9915500283241272,0.897604763507843,0.020622102543711662,0.9334694743156433,0.8674553632736206,5.159055709838867,4.786858081817627,196.0,0.35157519578933716,,,,,,,,,,,,
34,,,86889,4.0,0.9901000261306763,0.9616007804870605,0.024027567356824875,0.9585400819778442,0.9647102355957031,3.8902604579925537,3.5987393856048584,910.0,0.26749348640441895,,,,,,,,,,,,
34,,,86899,4.0,0.9922500252723694,0.9288719296455383,0.02019563503563404,0.9322438836097717,0.9255555868148804,4.970900535583496,4.634315490722656,357.0,0.31638938188552856,,,,,,,,,,,,
34,,,86909,4.0,0.9875500202178955,0.8796811699867249,0.028221985325217247,0.8937663435935974,0.8666291236877441,4.589555740356445,4.050357818603516,293.0,0.51097571849823,,,,,,,,,,,,
34,,,86919,4.0,0.9822999835014343,0.8522300124168396,0.03937101736664772,0.8584148287773132,0.8462716341018677,5.221531391143799,4.419320106506348,271.0,0.7628402709960938,,,,,,,,,,,,
34,,,86929,4.0,0.9853000044822693,0.9468642473220825,0.03666799142956734,0.9406507015228271,0.9532927870750427,5.287161827087402,5.067413806915283,1077.0,0.18308013677597046,,,,,,,,,,,,
34,,,86939,4.0,0.9829000234603882,0.9253080487251282,0.042935702949762344,0.9217541217803955,0.9289323091506958,5.109398365020752,4.718085765838623,553.0,0.348376601934433,,,,,,,,,,,,
34,,,86949,4.0,0.981249988079071,0.9206219911575317,0.043475791811943054,0.9636120796203613,0.8859255313873291,4.272980690002441,3.751457691192627,868.0,0.4780471622943878,,,,,,,,,,,,
34,,,86959,4.0,0.993399977684021,0.971455991268158,0.016353197395801544,0.9739742875099182,0.968968391418457,3.9906458854675293,3.4645442962646484,691.0,0.5097483992576599,,,,,,,,,,,,
34,,,86969,4.0,0.9740999937057495,0.9224506616592407,0.06660694628953934,0.901389479637146,0.9465762376785278,5.3244781494140625,4.419563293457031,1256.0,0.8383080363273621,,,,,,,,,,,,
34,,,86979,4.0,0.9763500094413757,0.8521284461021423,0.0694035068154335,0.8653733730316162,0.8399085998535156,5.718113899230957,5.285200595855713,346.0,0.3635095953941345,,,,,,,,,,,,
34,,,86989,4.0,0.9896000027656555,0.9302847385406494,0.03308634087443352,0.9245175123214722,0.9362263679504395,3.8108437061309814,3.338914155960083,663.0,0.43884333968162537,,,,,,,,,,,,
34,,,86999,4.0,0.9870499968528748,0.9298791885375977,0.030674926936626434,0.9275811314582825,0.9322052001953125,5.525006294250488,5.3145341873168945,397.0,0.17979714274406433,,,,,,,,,,,,
34,,,87009,4.0,0.981249988079071,0.8573809862136841,0.04068158566951752,0.8730406761169434,0.8430877327919006,5.937709808349609,5.4904561042785645,307.0,0.40657222270965576,,,,,,,,,,,,
34,,,87019,4.0,0.9858499765396118,0.9167587757110596,0.038289524614810944,0.9382469654083252,0.8974822759628296,4.609572410583496,3.924238443374634,306.0,0.6470443606376648,,,,,,,,,,,,
34,,,87029,4.0,0.984749972820282,0.9347628355026245,0.03739573806524277,0.9442784786224365,0.925708532333374,4.340640068054199,4.006501197814941,572.0,0.2967429757118225,,,,,,,,,,,,
34,,,87039,4.0,0.9890000224113464,0.96482914686203,0.02869839407503605,0.9733976721763611,0.9566340446472168,3.923299551010132,3.6028850078582764,1164.0,0.29171615839004517,,,,,,,,,,,,
34,,,87049,4.0,0.9884499907493591,0.9555423855781555,0.028163855895400047,0.9521036744117737,0.9590436220169067,4.374824523925781,4.038203716278076,850.0,0.3084569275379181,,,,,,,,,,,,
34,,,87059,4.0,0.9847000241279602,0.9131080508232117,0.03493877127766609,0.9231704473495483,0.9035654067993164,4.804567337036133,4.3217453956604,399.0,0.447883278131485,,,,,,,,,,,,
34,,,87069,4.0,0.9901000261306763,0.9495177268981934,0.02156723104417324,0.9454494118690491,0.9536709189414978,3.396857261657715,3.0664639472961426,684.0,0.3088260591030121,,,,,,,,,,,,
34,,,87079,4.0,0.9884999990463257,0.9519366025924683,0.029733657836914062,0.9586400985717773,0.9454571008682251,3.594923496246338,3.1636784076690674,703.0,0.401511549949646,,,,,,,,,,,,
34,,,87089,4.0,0.986050009727478,0.9574495553970337,0.03371467441320419,0.9514859914779663,0.963614821434021,6.190752983093262,5.425365924835205,1026.0,0.7316721677780151,,,,,,,,,,,,
34,,,87099,4.0,0.9909999966621399,0.9031573534011841,0.023508623242378235,0.8858067989349365,0.9222450852394104,3.9419350624084473,3.632328510284424,182.0,0.286097913980484,,,,,,,,,,,,
34,,,87109,4.0,0.9835000038146973,0.7531566023826599,0.039523933082818985,0.8784327507019043,0.691826581954956,6.2280073165893555,5.925666809082031,194.0,0.262816458940506,,,,,,,,,,,,
34,,,87119,4.0,0.9915500283241272,0.9354518055915833,0.02103806845843792,0.961531400680542,0.912361741065979,4.090637683868408,3.838144302368164,246.0,0.23145540058612823,,,,,,,,,,,,
34,,,87129,4.0,0.9906499981880188,0.9211374521255493,0.02388875186443329,0.9463321566581726,0.898810625076294,4.367869853973389,4.009400844573975,263.0,0.3345802426338196,,,,,,,,,,,,
34,,,87139,4.0,0.9886999726295471,0.9668918251991272,0.03081975318491459,0.964246392250061,0.9695757627487183,3.9247612953186035,3.3731672763824463,853.0,0.5207743048667908,,,,,,,,,,,,
34,,,87149,4.0,0.9854000210762024,0.9222736954689026,0.0401204451918602,0.955807626247406,0.8938283920288086,5.961385726928711,5.761904239654541,569.0,0.15936064720153809,,,,,,,,,,,,
34,,,87159,4.0,0.98580002784729,0.96009361743927,0.033904753625392914,0.9668608903884888,0.9535735249519348,4.125294208526611,3.792248010635376,804.0,0.2991415560245514,,,,,,,,,,,,
34,,,87169,4.0,0.979200005531311,0.9191607236862183,0.050814323127269745,0.8936518430709839,0.9489902853965759,5.589160919189453,5.149117946624756,469.0,0.3892289996147156,,,,,,,,,,,,
34,,,87179,4.0,0.9919499754905701,0.9079973101615906,0.022379841655492783,0.8971730470657349,0.9194623827934265,6.066555976867676,5.645571708679199,305.0,0.3986046314239502,,,,,,,,,,,,
34,,,87189,4.0,0.985450029373169,0.9569907188415527,0.037089262157678604,0.9472620487213135,0.9672744274139404,4.447803497314453,4.0068888664245605,932.0,0.403825044631958,,,,,,,,,,,,
34,,,87199,4.0,0.9934999942779541,0.958574652671814,0.01765103079378605,0.9470921754837036,0.9707248210906982,3.721891164779663,3.2670230865478516,565.0,0.43721699714660645,,,,,,,,,,,,
34,,,87209,4.0,0.9893500208854675,0.9543383121490479,0.02482089400291443,0.9579533934593201,0.9507887363433838,4.136615753173828,3.9294235706329346,787.0,0.18237152695655823,,,,,,,,,,,,
34,,,87219,4.0,0.986299991607666,0.9422361254692078,0.031485818326473236,0.9628352522850037,0.9236547350883484,3.9696521759033203,3.6980175971984863,920.0,0.24014882743358612,,,,,,,,,,,,
34,,,87229,4.0,0.9843500256538391,0.9389101266860962,0.03759383410215378,0.9375849962234497,0.9402447938919067,3.8768582344055176,3.3744194507598877,830.0,0.4648449122905731,,,,,,,,,,,,
34,,,87239,4.0,0.9802500009536743,0.9231643676757812,0.0446479506790638,0.9541499614715576,0.8967733383178711,5.889216423034668,5.030779838562012,538.0,0.8137883543968201,,,,,,,,,,,,
34,,,87249,4.0,0.9933000206947327,0.9764320254325867,0.02297530695796013,0.981021523475647,0.9719464778900146,3.841413974761963,3.645996332168579,1038.0,0.1724424958229065,,,,,,,,,,,,
34,,,87259,4.0,0.9787999987602234,0.9257359504699707,0.05571604147553444,0.9412691593170166,0.9114699363708496,5.057560443878174,4.844145774841309,1388.0,0.1576986461877823,,,,,,,,,,,,
34,,,87269,4.0,0.9786999821662903,0.943970799446106,0.053661979734897614,0.9358960390090942,0.952454686164856,5.213098526000977,4.4690022468566895,1261.0,0.6904343962669373,,,,,,,,,,,,
34,,,87279,4.0,0.9883999824523926,0.920063316822052,0.02865031361579895,0.9339274168014526,0.9071321487426758,5.701286315917969,5.263813018798828,355.0,0.4088228642940521,,,,,,,,,,,,
34,,,87289,4.0,0.9853500127792358,0.9506736993789673,0.03328458592295647,0.9525920152664185,0.948775053024292,4.816267013549805,4.2000322341918945,950.0,0.5829501748085022,,,,,,,,,,,,
34,,,87299,4.0,0.9889500141143799,0.9805600643157959,0.028703169897198677,0.9807267189025879,0.9803935289382935,4.090281963348389,3.5822975635528564,1076.0,0.47928136587142944,,,,,,,,,,,,
34,,,87309,4.0,0.9919999837875366,0.9642600417137146,0.020408978685736656,0.9609975814819336,0.9675760865211487,3.7569823265075684,3.4007203578948975,842.0,0.33585312962532043,,,,,,,,,,,,
34,,,87319,4.0,0.9831500053405762,0.9462528228759766,0.04022526368498802,0.9588238000869751,0.9345040321350098,5.451803207397461,4.86352014541626,1047.0,0.5480577945709229,,,,,,,,,,,,
34,,,87329,4.0,0.9896000027656555,0.9415385723114014,0.027294671162962914,0.9272239208221436,0.956969141960144,4.982275485992432,4.492059707641602,497.0,0.4629213213920593,,,,,,,,,,,,
34,,,87339,4.0,0.991599977016449,0.9331146478652954,0.0225516427308321,0.953440248966217,0.9146555662155151,3.939507484436035,3.8319172859191895,379.0,0.08503864705562592,,,,,,,,,,,,
34,,,87349,4.0,0.9817500114440918,0.9522408246994019,0.05702171474695206,0.946479320526123,0.9582037925720215,5.117290019989014,4.394290447235107,832.0,0.6659780144691467,,,,,,,,,,,,
34,,,87359,4.0,0.9905999898910522,0.9448497295379639,0.026679830625653267,0.9728147983551025,0.9203070402145386,4.3903117179870605,4.0586652755737305,435.0,0.304966539144516,,,,,,,,,,,,
34,,,87369,4.0,0.9861000180244446,0.8920509815216064,0.03168390691280365,0.9283087253570557,0.8618491888046265,3.8262429237365723,3.5702672004699707,232.0,0.22429189085960388,,,,,,,,,,,,
34,,,87379,4.0,0.9892500042915344,0.8994203805923462,0.025871874764561653,0.9345681667327881,0.8698310852050781,4.582079887390137,4.40230131149292,290.0,0.15390674769878387,,,,,,,,,,,,
34,,,87389,4.0,0.9825999736785889,0.8272560834884644,0.04631442204117775,0.8757709860801697,0.7904325723648071,5.864115238189697,5.575191020965576,267.0,0.24261018633842468,,,,,,,,,,,,
34,,,87399,4.0,0.9896000027656555,0.9285147786140442,0.02516998164355755,0.9540286064147949,0.9059374928474426,4.640516757965088,4.378180027008057,351.0,0.23716691136360168,,,,,,,,,,,,
34,,,87409,4.0,0.9867500066757202,0.9329562187194824,0.03293271362781525,0.9359225034713745,0.9300351738929749,5.541954517364502,5.106673717498779,445.0,0.4023479223251343,,,,,,,,,,,,
34,,,87419,4.0,0.9873499870300293,0.9165935516357422,0.03748595714569092,0.9451502561569214,0.8917741775512695,5.428675651550293,5.218972206115723,566.0,0.17221717536449432,,,,,,,,,,,,
34,,,87429,4.0,0.9815499782562256,0.9466644525527954,0.04655500128865242,0.9281792640686035,0.9673409461975098,4.914931774139404,4.505312919616699,870.0,0.36306384205818176,,,,,,,,,,,,
34,,,87439,4.0,0.9882000088691711,0.9092801213264465,0.02786746434867382,0.8984478712081909,0.9207711219787598,5.464332103729248,5.17568826675415,259.0,0.2607763707637787,,,,,,,,,,,,
34,,,87449,4.0,0.9861000180244446,0.9246983528137207,0.03467486426234245,0.9141956567764282,0.9358189105987549,4.21943998336792,3.85831618309021,423.0,0.3264489769935608,,,,,,,,,,,,
34,,,87459,4.0,0.9846000075340271,0.8985233306884766,0.038679495453834534,0.8750101327896118,0.9255470037460327,6.324603080749512,6.083310604095459,437.0,0.2026127427816391,,,,,,,,,,,,
34,,,87469,4.0,0.9811999797821045,0.845466136932373,0.0634416937828064,0.8876301050186157,0.812129557132721,5.894628524780273,5.493462085723877,370.0,0.3377247154712677,,,,,,,,,,,,
34,,,87479,4.0,0.9704999923706055,0.8969658613204956,0.0721154734492302,0.8912137746810913,0.9029300212860107,5.593854904174805,5.157873630523682,1093.0,0.36386585235595703,,,,,,,,,,,,
34,,,87489,4.0,0.9864000082015991,0.8936094045639038,0.03240250423550606,0.9255057573318481,0.86647629737854,4.159719467163086,3.540452241897583,508.0,0.5868649482727051,,,,,,,,,,,,
34,,,87499,4.0,0.9854000210762024,0.9524600505828857,0.03631240501999855,0.9669919013977051,0.9389949440956116,4.3409318923950195,4.044102668762207,897.0,0.26051655411720276,,,,,,,,,,,,
34,,,87509,4.0,0.982699990272522,0.9452081322669983,0.042923472821712494,0.9394699335098267,0.9511365294456482,4.528057098388672,3.8785154819488525,1088.0,0.6066182255744934,,,,,,,,,,,,
34,,,87519,4.0,0.985450029373169,0.9347667694091797,0.035970475524663925,0.9339096546173096,0.935627818107605,4.9008917808532715,4.5570478439331055,628.0,0.30787336826324463,,,,,,,,,,,,
34,,,87529,4.0,0.9761999845504761,0.895561933517456,0.05431318283081055,0.887521505355835,0.9040029048919678,6.701231002807617,4.8867645263671875,516.0,1.7601532936096191,,,,,,,,,,,,
34,,,87539,4.0,0.9869499802589417,0.9564294815063477,0.03320733457803726,0.9586104154586792,0.9542738199234009,4.161725044250488,3.8055169582366943,809.0,0.3230004608631134,,,,,,,,,,,,
34,,,87549,4.0,0.9733999967575073,0.8737813830375671,0.060663867741823196,0.8734665513038635,0.8740968108177185,4.906803131103516,4.32659387588501,558.0,0.5195454955101013,,,,,,,,,,,,
34,,,87559,4.0,0.9819499850273132,0.8467864990234375,0.04384281486272812,0.8658217191696167,0.8297713994979858,5.121488571166992,4.49727725982666,272.0,0.5803685188293457,,,,,,,,,,,,
34,,,87569,4.0,0.9769499897956848,0.889460563659668,0.04981520399451256,0.8943487405776978,0.8847095966339111,5.662245750427246,4.87053918838501,513.0,0.7418914437294006,,,,,,,,,,,,
34,,,87579,4.0,0.9835000038146973,0.8525235056877136,0.04207899048924446,0.8513400554656982,0.8537155389785767,4.85447883605957,4.491361618041992,244.0,0.32103800773620605,,,,,,,,,,,,
34,,,87589,4.0,0.9873999953269958,0.9269336462020874,0.029329940676689148,0.9147236347198486,0.9399738311767578,5.76630163192749,5.106234550476074,588.0,0.6307371258735657,,,,,,,,,,,,
34,,,87599,4.0,0.9841499924659729,0.9384195804595947,0.05180836841464043,0.948212742805481,0.9291189908981323,3.8388068675994873,3.407142400741577,973.0,0.37985602021217346,,,,,,,,,,,,
34,,,87609,4.0,0.987500011920929,0.9606985449790955,0.030040889978408813,0.9643220901489258,0.9571444988250732,4.431979179382324,4.117829322814941,761.0,0.28410911560058594,,,,,,,,,,,,
34,,,87619,4.0,0.9827499985694885,0.8877625465393066,0.03640785813331604,0.884770929813385,0.8908059597015381,4.619218826293945,4.454880237579346,396.0,0.12793052196502686,,,,,,,,,,,,
34,,,87629,4.0,0.9788500070571899,0.9414709806442261,0.049636706709861755,0.9241535663604736,0.9607582092285156,5.052928924560547,4.753638744354248,852.0,0.24965323507785797,,,,,,,,,,,,
34,,,87639,4.0,0.9864500164985657,0.9287179708480835,0.034293901175260544,0.9485763907432556,0.9107370972633362,4.70037317276001,4.374742031097412,663.0,0.2913370430469513,,,,,,,,,,,,
34,,,87649,4.0,0.9914000034332275,0.8878327012062073,0.027789786458015442,0.9083511233329773,0.8693616390228271,4.552057266235352,4.188124179840088,258.0,0.33614325523376465,,,,,,,,,,,,
34,,,87659,4.0,0.983299970626831,0.8812832832336426,0.03806077316403389,0.8964911699295044,0.8672966957092285,5.8672614097595215,5.402603626251221,276.0,0.42659690976142883,,,,,,,,,,,,
34,,,87669,4.0,0.9721999764442444,0.7739244699478149,0.06866119056940079,0.8935908079147339,0.712895393371582,5.13897705078125,4.722928524017334,378.0,0.34738749265670776,,,,,,,,,,,,
34,,,87679,4.0,0.9822999835014343,0.8918685913085938,0.04439886286854744,0.8990161418914795,0.8849995136260986,5.3379740715026855,5.045632362365723,346.0,0.24794302880764008,,,,,,,,,,,,
34,,,87689,4.0,0.9869999885559082,0.9387272596359253,0.0318782813847065,0.9500647187232971,0.9280228614807129,5.393589019775391,4.631175994873047,540.0,0.7305343747138977,,,,,,,,,,,,
34,,,87699,4.0,0.9829000234603882,0.8901189565658569,0.04099912568926811,0.8864713907241821,0.893843412399292,5.017270565032959,4.830624103546143,314.0,0.14564742147922516,,,,,,,,,,,,
34,,,87709,4.0,0.9894999861717224,0.901323139667511,0.02741381898522377,0.8836560845375061,0.9208216667175293,5.533060550689697,5.1292290687561035,284.0,0.3764174282550812,,,,,,,,,,,,
34,,,87719,4.0,0.9812999963760376,0.8423995971679688,0.04852209612727165,0.8484740257263184,0.8365499973297119,4.955337047576904,4.621132850646973,256.0,0.2856823205947876,,,,,,,,,,,,
34,,,87729,4.0,0.9951500296592712,0.9123175144195557,0.016336821019649506,0.9344940185546875,0.892357587814331,3.301988124847412,3.0919272899627686,204.0,0.1937238574028015,,,,,,,,,,,,
34,,,87739,4.0,0.984000027179718,0.9461737871170044,0.03998715803027153,0.9469304084777832,0.9454203844070435,4.786199569702148,4.425393581390381,550.0,0.32081887125968933,,,,,,,,,,,,
34,,,87749,4.0,0.9899500012397766,0.9170706272125244,0.02702261693775654,0.8931593894958496,0.94434654712677,4.99984884262085,4.222699165344238,388.0,0.7501269578933716,,,,,,,,,,,,
34,,,87759,4.0,0.9855499863624573,0.9248368740081787,0.0363505519926548,0.9075946807861328,0.9438194036483765,5.530110836029053,4.912255764007568,451.0,0.5815044641494751,,,,,,,,,,,,
34,,,87769,4.0,0.9843999743461609,0.8920863270759583,0.0421021468937397,0.9072516560554504,0.878106415271759,5.767881393432617,5.273034572601318,288.0,0.4527444839477539,,,,,,,,,,,,
34,,,87779,4.0,0.984250009059906,0.8215529918670654,0.05735544487833977,0.9331279993057251,0.7573187351226807,4.4651875495910645,4.179032802581787,313.0,0.22879940271377563,,,,,,,,,,,,
34,,,87789,4.0,0.9851499795913696,0.9369926452636719,0.0360448881983757,0.9404278993606567,0.9336192607879639,4.38983678817749,3.955780506134033,484.0,0.39801135659217834,,,,,,,,,,,,
34,,,87799,4.0,0.9879000186920166,0.9346414804458618,0.029787389561533928,0.9406677484512329,0.9287970662117004,4.154031276702881,3.673736572265625,548.0,0.4505074620246887,,,,,,,,,,,,
34,,,87809,4.0,0.9782000184059143,0.9113394021987915,0.05105183273553848,0.9599406719207764,0.8733412027359009,5.0603532791137695,4.680948734283447,709.0,0.3283531367778778,,,,,,,,,,,,
34,,,87819,4.0,0.9893500208854675,0.9482637047767639,0.030491964891552925,0.9345901012420654,0.9629565477371216,4.105596542358398,3.7053916454315186,443.0,0.369712769985199,,,,,,,,,,,,
34,,,87829,4.0,0.98785001039505,0.9628283381462097,0.032343540340662,0.9622483849525452,0.9634101390838623,4.227629661560059,3.757765054702759,1086.0,0.43752074241638184,,,,,,,,,,,,
34,,,87839,4.0,0.9880499839782715,0.873104453086853,0.029300890862941742,0.895140528678894,0.8535221815109253,5.362383842468262,5.045119762420654,190.0,0.2879636287689209,,,,,,,,,,,,
34,,,87849,4.0,0.9890999794006348,0.9645845890045166,0.024649905040860176,0.9524315595626831,0.9775741100311279,3.5294957160949707,3.119922399520874,836.0,0.3849235475063324,,,,,,,,,,,,
34,,,87859,4.0,0.9887999892234802,0.9481216669082642,0.030214330181479454,0.9484896659851074,0.9477543830871582,5.036396026611328,4.268828868865967,872.0,0.7373527884483337,,,,,,,,,,,,
34,,,87869,4.0,0.9837999939918518,0.9391909837722778,0.041148845106363297,0.9799299240112305,0.9058413505554199,4.261430740356445,4.023791790008545,880.0,0.19649051129817963,,,,,,,,,,,,
34,,,87879,4.0,0.984499990940094,0.9460543394088745,0.03402354195713997,0.9476338028907776,0.9444884061813354,3.9693117141723633,3.6955840587615967,886.0,0.23970407247543335,,,,,,,,,,,,
34,,,87889,4.0,0.9799000024795532,0.9181954860687256,0.05136536434292793,0.9056490659713745,0.9316969513893127,5.646773815155029,5.346728324890137,649.0,0.24868030846118927,,,,,,,,,,,,
34,,,87899,4.0,0.9822499752044678,0.9223796129226685,0.045239247381687164,0.9106082916259766,0.934965968132019,6.767054080963135,6.348785877227783,645.0,0.37302854657173157,,,,,,,,,,,,
34,,,87909,4.0,0.9794999957084656,0.8863837122917175,0.04657464101910591,0.9199972152709961,0.8582780957221985,5.336153984069824,4.8860249519348145,548.0,0.4035543203353882,,,,,,,,,,,,
34,,,87919,4.0,0.9936500191688538,0.9189058542251587,0.014847583137452602,0.9504867196083069,0.8916292190551758,5.227637767791748,4.680447578430176,256.0,0.5323423743247986,,,,,,,,,,,,
34,,,87929,4.0,0.9743499755859375,0.862721860408783,0.06312177330255508,0.8771754503250122,0.8494687080383301,6.259242534637451,5.714713096618652,438.0,0.4814077317714691,,,,,,,,,,,,
34,,,87939,4.0,0.9873499870300293,0.975226640701294,0.031983762979507446,0.9771263003349304,0.9733500480651855,4.577811241149902,3.9988038539886475,989.0,0.5470239520072937,,,,,,,,,,,,
34,,,87949,4.0,0.9890499711036682,0.9313778281211853,0.032443005591630936,0.9592472314834595,0.9069836139678955,5.226101398468018,4.470877647399902,418.0,0.7227805256843567,,,,,,,,,,,,
34,,,87959,4.0,0.9829000234603882,0.8736010789871216,0.045306019484996796,0.9235913753509521,0.8349121809005737,5.5887885093688965,4.862897872924805,272.0,0.6805845499038696,,,,,,,,,,,,
34,,,87969,4.0,0.9817500114440918,0.8914754986763,0.04074035584926605,0.8879028558731079,0.8951224088668823,5.32750129699707,4.94060754776001,322.0,0.346153199672699,,,,,,,,,,,,
34,,,87979,4.0,0.9790999889373779,0.8541161417961121,0.05834110081195831,0.8684536218643188,0.8409520387649536,6.161637306213379,5.656921863555908,368.0,0.44637420773506165,,,,,,,,,,,,
34,,,87989,4.0,0.990149974822998,0.9795013666152954,0.02591249719262123,0.9798613786697388,0.9791421294212341,4.243984222412109,3.670227527618408,960.0,0.5478439927101135,,,,,,,,,,,,
34,,,87999,4.0,0.989799976348877,0.9147108197212219,0.025531863793730736,0.9267905354499817,0.9033429622650146,4.00180196762085,3.8603992462158203,314.0,0.11587102711200714,,,,,,,,,,,,
34,,,88009,4.0,0.9881500005722046,0.9396569728851318,0.029192429035902023,0.9374617338180542,0.9418773055076599,3.8197684288024902,3.552875518798828,786.0,0.2377004474401474,,,,,,,,,,,,
34,,,88019,4.0,0.9896000027656555,0.8959670066833496,0.024121470749378204,0.9561623930931091,0.8504733443260193,4.689957618713379,4.449704647064209,458.0,0.21613182127475739,,,,,,,,,,,,
34,,,88029,4.0,0.982450008392334,0.8966466188430786,0.042629167437553406,0.9204867482185364,0.875625491142273,6.380082607269287,6.031373500823975,448.0,0.30608001351356506,,,,,,,,,,,,
34,,,88039,4.0,0.9892500042915344,0.9567527770996094,0.02597484365105629,0.9711204767227173,0.9433727860450745,4.078410625457764,3.6924428939819336,863.0,0.3599928915500641,,,,,,,,,,,,
34,,,88049,4.0,0.9854000210762024,0.9620499610900879,0.033184852451086044,0.9639443159103394,0.9601759910583496,4.012763500213623,3.6190590858459473,900.0,0.36051979660987854,,,,,,,,,,,,
34,,,88059,4.0,0.9884499907493591,0.9505167007446289,0.029906632378697395,0.9540982842445374,0.9470000267028809,5.022574424743652,4.795310020446777,492.0,0.19735778868198395,,,,,,,,,,,,
34,,,88069,4.0,0.9938499927520752,0.8817436695098877,0.017258750274777412,0.9036985635757446,0.8621177673339844,3.8915743827819824,3.3029918670654297,147.0,0.5713237524032593,,,,,,,,,,,,
34,,,88079,4.0,0.9916999936103821,0.9750751852989197,0.023425336927175522,0.9734509587287903,0.9767134189605713,3.632878303527832,3.316694736480713,881.0,0.29275819659233093,,,,,,,,,,,,
34,,,88089,4.0,0.989549994468689,0.9289383292198181,0.022047990933060646,0.9363490343093872,0.9217974543571472,4.6022443771362305,4.386517524719238,340.0,0.19367901980876923,,,,,,,,,,,,
34,,,88099,4.0,0.9739999771118164,0.9126801490783691,0.05997324734926224,0.9025453329086304,0.9234692454338074,5.296613693237305,4.618728160858154,657.0,0.6179121732711792,,,,,,,,,,,,
34,,,88109,4.0,0.9840999841690063,0.9638428688049316,0.039409089833498,0.9647930264472961,0.9628982543945312,4.528120994567871,4.112723350524902,1006.0,0.375988632440567,,,,,,,,,,,,
34,,,88119,4.0,0.9919499754905701,0.9220608472824097,0.01938467286527157,0.9635003805160522,0.8877772092819214,5.031863212585449,4.704570770263672,209.0,0.30790770053863525,,,,,,,,,,,,
34,,,88129,4.0,0.9840499758720398,0.9460527896881104,0.03751862049102783,0.9539429545402527,0.9384897947311401,4.624081611633301,4.108708381652832,895.0,0.4778546988964081,,,,,,,,,,,,
34,,,88139,4.0,0.984499990940094,0.8855851888656616,0.05730563402175903,0.9506832957267761,0.8380014896392822,5.008095741271973,4.658478260040283,265.0,0.2923114597797394,,,,,,,,,,,,
34,,,88149,4.0,0.989799976348877,0.9678632020950317,0.025795822963118553,0.9654431343078613,0.9703148603439331,3.8792343139648438,3.47817325592041,1036.0,0.37526509165763855,,,,,,,,,,,,
34,,,88159,4.0,0.9860000014305115,0.9358358383178711,0.030033264309167862,0.9179985523223877,0.9555263519287109,3.896869659423828,3.598557472229004,817.0,0.26827874779701233,,,,,,,,,,,,
34,,,88169,4.0,0.9890999794006348,0.9497174620628357,0.027390196919441223,0.9661670327186584,0.9345403909683228,4.302249908447266,4.090865612030029,1068.0,0.18399427831172943,,,,,,,,,,,,
34,,,88179,4.0,0.9894499778747559,0.9528864622116089,0.026489978656172752,0.950583815574646,0.9552164077758789,4.358529567718506,4.064215183258057,513.0,0.26782429218292236,,,,,,,,,,,,
34,,,88189,4.0,0.980650007724762,0.9118515253067017,0.04836687073111534,0.9316157102584839,0.8940607905387878,5.551323890686035,5.170431137084961,666.0,0.3325258493423462,,,,,,,,,,,,
34,,,88199,4.0,0.9822499752044678,0.863437831401825,0.036228012293577194,0.8511301279067993,0.8767253160476685,4.596699237823486,4.345962047576904,414.0,0.21450890600681305,,,,,,,,,,,,
34,,,88209,4.0,0.984250009059906,0.9335681200027466,0.03998252749443054,0.9175236225128174,0.9511299133300781,5.135036468505859,4.693460941314697,547.0,0.40159332752227783,,,,,,,,,,,,
34,,,88219,4.0,0.987500011920929,0.9570748209953308,0.0338410958647728,0.9581349492073059,0.9560205936431885,4.756824016571045,4.012001037597656,575.0,0.7109819650650024,,,,,,,,,,,,
34,,,88229,4.0,0.9771999716758728,0.9356637001037598,0.05282434821128845,0.914049506187439,0.9604644775390625,5.4451141357421875,4.685573101043701,928.0,0.7067162990570068,,,,,,,,,,,,
34,,,88239,4.0,0.9879999756813049,0.9206382036209106,0.0262862890958786,0.9021042585372925,0.9411566257476807,4.923689365386963,4.5963921546936035,248.0,0.3010112941265106,,,,,,,,,,,,
34,,,88249,4.0,0.9883999824523926,0.9403579831123352,0.03052254021167755,0.9691519737243652,0.9152681827545166,4.582713603973389,4.201361179351807,526.0,0.35083019733428955,,,,,,,,,,,,
34,,,88259,4.0,0.9890000224113464,0.9689745903015137,0.026726581156253815,0.9618889093399048,0.9763463139533997,3.6569836139678955,3.374171018600464,875.0,0.25608620047569275,,,,,,,,,,,,
34,,,88269,4.0,0.9848499894142151,0.9559983015060425,0.03630409017205238,0.9493675827980042,0.9628844261169434,4.221645355224609,3.650904655456543,1012.0,0.5344365239143372,,,,,,,,,,,,
34,,,88279,4.0,0.9884999990463257,0.9705393314361572,0.026572082191705704,0.9780357480049133,0.9633477926254272,3.661550283432007,3.337228775024414,936.0,0.29774945974349976,,,,,,,,,,,,
34,,,88289,4.0,0.9886000156402588,0.899628221988678,0.02987753599882126,0.9449347853660583,0.8631818294525146,4.822993278503418,4.5477375984191895,327.0,0.24537783861160278,,,,,,,,,,,,
34,,,88299,4.0,0.9856500029563904,0.8856523036956787,0.03281569480895996,0.929886519908905,0.8502171039581299,4.772764682769775,4.404236316680908,350.0,0.33571285009384155,,,,,,,,,,,,
34,,,88309,4.0,0.9886500239372253,0.9464370012283325,0.02812383510172367,0.9601823091506958,0.9335951209068298,4.010105609893799,3.699127674102783,387.0,0.2828541398048401,,,,,,,,,,,,
34,,,88319,4.0,0.9856500029563904,0.8964179754257202,0.03650781512260437,0.9186810255050659,0.8765851855278015,5.812384128570557,5.284639835357666,442.0,0.4912365674972534,,,,,,,,,,,,
34,,,88329,4.0,0.9889000058174133,0.8805606961250305,0.02837291918694973,0.8960175514221191,0.8663284778594971,4.254005432128906,4.066995620727539,326.0,0.15863724052906036,,,,,,,,,,,,
34,,,88339,4.0,0.9811499714851379,0.9359531402587891,0.046576231718063354,0.9431895613670349,0.9289993643760681,5.063835144042969,4.674895286560059,936.0,0.3423636257648468,,,,,,,,,,,,
34,,,88349,4.0,0.988099992275238,0.9233520030975342,0.030731841921806335,0.8998273611068726,0.9501538276672363,5.386760234832764,5.1032609939575195,503.0,0.2527676522731781,,,,,,,,,,,,
34,,,88359,4.0,0.979449987411499,0.8345208168029785,0.04475635662674904,0.808883547782898,0.8652917146682739,6.803450584411621,6.46177864074707,249.0,0.2969154715538025,,,,,,,,,,,,
34,,,88369,4.0,0.9858999848365784,0.9520512223243713,0.03174212947487831,0.939812958240509,0.9651546478271484,5.108266830444336,4.526849746704102,727.0,0.5496752262115479,,,,,,,,,,,,
34,,,88379,4.0,0.9889000058174133,0.958441436290741,0.02726518176496029,0.9653213024139404,0.9517988562583923,3.604968547821045,3.3898727893829346,919.0,0.18783071637153625,,,,,,,,,,,,
34,,,88389,4.0,0.9892500042915344,0.9093291163444519,0.026801470667123795,0.9196493625640869,0.8995394706726074,4.860414981842041,4.3047332763671875,277.0,0.52888023853302,,,,,,,,,,,,
34,,,88399,4.0,0.9891999959945679,0.9450790882110596,0.02647164650261402,0.9475285410881042,0.9426596760749817,4.401406764984131,3.9744460582733154,489.0,0.4004889726638794,,,,,,,,,,,,
34,,,88409,4.0,0.9856500029563904,0.9468687772750854,0.032306890934705734,0.9470102190971375,0.9467275142669678,4.062497138977051,3.7847747802734375,956.0,0.24541525542736053,,,,,,,,,,,,
34,,,88419,4.0,0.9829000234603882,0.9029854536056519,0.041299790143966675,0.9063364267349243,0.8996957540512085,6.683727264404297,4.459848880767822,572.0,2.1825783252716064,,,,,,,,,,,,
34,,,88429,4.0,0.9790999889373779,0.8622816801071167,0.0588599368929863,0.9238324165344238,0.8175507187843323,4.701526165008545,4.43958044052124,323.0,0.2030859738588333,,,,,,,,,,,,
34,,,88439,4.0,0.9830999970436096,0.9519633054733276,0.04224744811654091,0.9454665184020996,0.9587093591690063,5.172979831695557,4.827224254608154,1104.0,0.30350831151008606,,,,,,,,,,,,
34,,,88449,4.0,0.9805999994277954,0.8604332208633423,0.03874999284744263,0.903384804725647,0.82638019323349,5.073031425476074,4.769048690795898,298.0,0.2652323246002197,,,,,,,,,,,,
34,,,88459,4.0,0.9896000027656555,0.9645118117332458,0.030130205675959587,0.9653131365776062,0.9637138843536377,5.284010410308838,4.8206000328063965,1136.0,0.43328002095222473,,,,,,,,,,,,
34,,,88469,4.0,0.9861500263214111,0.8982535600662231,0.028358936309814453,0.9120808839797974,0.8853982090950012,4.42489767074585,4.080422401428223,357.0,0.31611642241477966,,,,,,,,,,,,
34,,,88479,4.0,0.9919000267982483,0.9520151019096375,0.02158283069729805,0.9525039196014404,0.9515274167060852,4.058715343475342,3.637997627258301,531.0,0.3991347849369049,,,,,,,,,,,,
34,,,88489,4.0,0.9912999868392944,0.959062933921814,0.023219769820570946,0.9609889388084412,0.9571551084518433,3.733741044998169,3.4017345905303955,752.0,0.30878663063049316,,,,,,,,,,,,
34,,,88499,4.0,0.9876499772071838,0.8917126655578613,0.03899117559194565,0.9191678762435913,0.8678479790687561,4.220296859741211,4.002714157104492,366.0,0.1785917431116104,,,,,,,,,,,,
34,,,88509,4.0,0.9857000112533569,0.8992732763290405,0.03439803794026375,0.9003183841705322,0.8982342481613159,4.823451042175293,4.410738945007324,274.0,0.37831392884254456,,,,,,,,,,,,
34,,,88519,4.0,0.9914000034332275,0.945382833480835,0.02665283903479576,0.9517112374305725,0.9392460584640503,5.768344879150391,5.676913738250732,606.0,0.06477852165699005,,,,,,,,,,,,
34,,,88529,4.0,0.9901999831199646,0.9639997482299805,0.027028998360037804,0.9579871892929077,0.9702043533325195,5.466204643249512,4.913394927978516,1223.0,0.5257806777954102,,,,,,,,,,,,
34,,,88539,4.0,0.9887999892234802,0.9589340686798096,0.03489989414811134,0.9461723566055298,0.9726051092147827,4.98631477355957,4.683898448944092,959.0,0.267516553401947,,,,,,,,,,,,
34,,,88549,4.0,0.9910500049591064,0.9487214684486389,0.022958163172006607,0.9711552858352661,0.9285320043563843,3.9045844078063965,3.6415016651153564,773.0,0.2401243895292282,,,,,,,,,,,,
34,,,88559,4.0,0.9741500020027161,0.904046893119812,0.06178486347198486,0.9085944890975952,0.899619460105896,4.524044513702393,4.04719352722168,776.0,0.4150661528110504,,,,,,,,,,,,
34,,,88569,4.0,0.9885500073432922,0.9422732591629028,0.03184658661484718,0.9350236654281616,0.9498022198677063,4.568717002868652,3.926058053970337,653.0,0.610812246799469,,,,,,,,,,,,
34,,,88579,4.0,0.9835500121116638,0.9548168182373047,0.04174940288066864,0.9599722027778625,0.9498090744018555,5.102788925170898,4.122884273529053,928.0,0.9381549954414368,,,,,,,,,,,,
34,,,88589,4.0,0.9853000044822693,0.9304235577583313,0.03645212575793266,0.9188507795333862,0.9427554607391357,3.722750663757324,3.4497368335723877,534.0,0.23656168580055237,,,,,,,,,,,,
34,,,88599,4.0,0.9897000193595886,0.9598073959350586,0.023919107392430305,0.949856162071228,0.9702942371368408,5.044435501098633,4.905864715576172,1086.0,0.11465151607990265,,,,,,,,,,,,
34,,,88609,4.0,0.9889500141143799,0.87640780210495,0.0265335850417614,0.8651267290115356,0.8884520530700684,4.586994171142578,4.340769290924072,213.0,0.21969139575958252,,,,,,,,,,,,
34,,,88619,4.0,0.9869999885559082,0.938366174697876,0.029413413256406784,0.9368948936462402,0.9398488402366638,4.9185471534729,4.5047101974487305,445.0,0.38442379236221313,,,,,,,,,,,,
34,,,88629,4.0,0.9894000291824341,0.825787365436554,0.030528739094734192,0.8655421137809753,0.7940869331359863,5.002435207366943,4.573257923126221,158.0,0.3986486792564392,,,,,,,,,,,,
34,,,88639,4.0,0.9898499846458435,0.9499553442001343,0.02572217397391796,0.9541590213775635,0.9458389282226562,4.1568121910095215,3.529378890991211,772.0,0.6017109751701355,,,,,,,,,,,,
34,,,88649,4.0,0.9769999980926514,0.9128246307373047,0.057181548327207565,0.9016546010971069,0.9247691631317139,5.040034294128418,4.742242336273193,568.0,0.24061048030853271,,,,,,,,,,,,
34,,,88659,4.0,0.9868999719619751,0.9330164194107056,0.036258429288864136,0.9374356865882874,0.9286969304084778,4.498113632202148,4.179038047790527,497.0,0.28281718492507935,,,,,,,,,,,,
34,,,88669,4.0,0.9897500276565552,0.919403612613678,0.030066004022955894,0.9166504144668579,0.9221963882446289,3.6789968013763428,3.3571243286132812,538.0,0.29180648922920227,,,,,,,,,,,,
34,,,88679,4.0,0.9892500042915344,0.9650057554244995,0.023380836471915245,0.9803425669670105,0.9508199691772461,3.9399678707122803,3.5961506366729736,986.0,0.32043638825416565,,,,,,,,,,,,
34,,,88689,4.0,0.9858499765396118,0.9479711055755615,0.03145923465490341,0.9439393281936646,0.9520918130874634,3.772897720336914,3.457693338394165,835.0,0.2837449908256531,,,,,,,,,,,,
34,,,88699,4.0,0.9867500066757202,0.8398112654685974,0.029631881043314934,0.8771191835403442,0.809524416923523,4.746265411376953,4.221091270446777,193.0,0.4955419600009918,,,,,,,,,,,,
34,,,88709,4.0,0.9775000214576721,0.9287761449813843,0.05228631570935249,0.9452430009841919,0.9137519598007202,5.410224437713623,5.131526947021484,735.0,0.226411372423172,,,,,,,,,,,,
34,,,88719,4.0,0.994350016117096,0.7916181087493896,0.01815219782292843,0.8014951944351196,0.7823787331581116,3.9175708293914795,3.7613110542297363,73.0,0.1381075084209442,,,,,,,,,,,,
34,,,88729,4.0,0.9916499853134155,0.9228302836418152,0.023140190169215202,0.9068924188613892,0.9401612281799316,5.092435836791992,4.523432731628418,288.0,0.5458629131317139,,,,,,,,,,,,
34,,,88739,4.0,0.9896000027656555,0.9493685960769653,0.025216909125447273,0.9643446803092957,0.935447096824646,4.278689384460449,3.8723373413085938,594.0,0.38113540410995483,,,,,,,,,,,,
34,,,88749,4.0,0.9870499968528748,0.9425750970840454,0.02925224043428898,0.9386435151100159,0.9465891122817993,4.482708930969238,3.531008005142212,783.0,0.9224483966827393,,,,,,,,,,,,
34,,,88759,4.0,0.9835000038146973,0.8991996049880981,0.05208716541528702,0.9229710102081299,0.8782042264938354,4.23190450668335,4.064109802246094,581.0,0.11570752412080765,,,,,,,,,,,,
34,,,88769,4.0,0.9880499839782715,0.875617265701294,0.027058368548750877,0.8973127603530884,0.8562924861907959,5.4552693367004395,4.948746681213379,258.0,0.4794640839099884,,,,,,,,,,,,
34,,,88779,4.0,0.9718499779701233,0.8971388339996338,0.06614892184734344,0.9093234539031982,0.8857982754707336,5.121884822845459,4.5417304039001465,1031.0,0.514005720615387,,,,,,,,,,,,
34,,,88789,4.0,0.9837499856948853,0.7789040803909302,0.06530003994703293,0.8617396354675293,0.7279900908470154,5.276928424835205,4.458034515380859,212.0,0.7535940408706665,,,,,,,,,,,,
34,,,88799,4.0,0.9902999997138977,0.9665546417236328,0.022712942212820053,0.9745798110961914,0.9588505625724792,4.640730857849121,4.147050857543945,848.0,0.4709673523902893,,,,,,,,,,,,
34,,,88809,4.0,0.9825500249862671,0.9386724233627319,0.043879494071006775,0.9663102626800537,0.914698600769043,5.534672260284424,4.688320159912109,938.0,0.8024727702140808,,,,,,,,,,,,
34,,,88819,4.0,0.9744499921798706,0.8906190395355225,0.06255988776683807,0.8688727021217346,0.91563481092453,5.6302266120910645,5.119082927703857,672.0,0.448583722114563,,,,,,,,,,,,
34,,,88829,4.0,0.9896500110626221,0.9051738977432251,0.023022057488560677,0.9511139392852783,0.8681938648223877,4.731786251068115,4.411518573760986,343.0,0.29724547266960144,,,,,,,,,,,,
34,,,88839,4.0,0.989799976348877,0.9216934442520142,0.02580084837973118,0.8973543643951416,0.9495056867599487,4.003228187561035,3.7917399406433105,447.0,0.1856870800256729,,,,,,,,,,,,
34,,,88849,4.0,0.9865999817848206,0.8826029300689697,0.0342106893658638,0.9527668356895447,0.8322721719741821,5.872283935546875,5.501527309417725,308.0,0.3365461826324463,,,,,,,,,,,,
34,,,88859,4.0,0.9814000129699707,0.858018696308136,0.04084402695298195,0.8669149279594421,0.8495797514915466,4.9349236488342285,4.644904136657715,224.0,0.24917544424533844,,,,,,,,,,,,
34,,,88869,4.0,0.9768000245094299,0.8918275237083435,0.05587317422032356,0.8944382071495056,0.8892564177513123,5.444347858428955,4.840428352355957,645.0,0.5480462908744812,,,,,,,,,,,,
34,,,88879,4.0,0.9878000020980835,0.9006356596946716,0.027665026485919952,0.9353821277618408,0.8713656663894653,4.395569324493408,4.130509376525879,286.0,0.23739464581012726,,,,,,,,,,,,
34,,,88889,4.0,0.9884499907493591,0.9064291715621948,0.028581317514181137,0.9006617069244385,0.9123787879943848,4.860535144805908,4.418676853179932,415.0,0.4132773280143738,,,,,,,,,,,,
34,,,88899,4.0,0.989799976348877,0.8328937292098999,0.022330982610583305,0.824656069278717,0.8415787220001221,4.2756195068359375,3.6165997982025146,146.0,0.6366885304450989,,,,,,,,,,,,
34,,,88909,4.0,0.9916999936103821,0.9637460112571716,0.01946987956762314,0.9754608869552612,0.9526767134666443,3.776085138320923,3.42421293258667,866.0,0.33240222930908203,,,,,,,,,,,,
34,,,88919,4.0,0.988349974155426,0.8561553955078125,0.03487171605229378,0.8839817047119141,0.8322606086730957,4.940890312194824,4.5603790283203125,214.0,0.3456398546695709,,,,,,,,,,,,
34,,,88929,4.0,0.9854000210762024,0.8835734128952026,0.032325126230716705,0.8595777750015259,0.9113286733627319,6.266854286193848,5.097458839416504,393.0,1.1370704174041748,,,,,,,,,,,,
34,,,88939,4.0,0.9897500276565552,0.9561848640441895,0.026669036597013474,0.9636633396148682,0.948980450630188,4.259998321533203,3.8068292140960693,832.0,0.4265000820159912,,,,,,,,,,,,
34,,,88949,4.0,0.9887499809265137,0.8636749982833862,0.025897156447172165,0.8683815598487854,0.8590933084487915,3.8505682945251465,3.6593286991119385,285.0,0.1653422862291336,,,,,,,,,,,,
34,,,88959,4.0,0.9815000295639038,0.8967426419258118,0.044843681156635284,0.9374348521232605,0.8636716604232788,5.108596324920654,4.6968488693237305,370.0,0.3669039309024811,,,,,,,,,,,,
34,,,88969,4.0,0.9819999933242798,0.8833712339401245,0.04051187261939049,0.8875322341918945,0.879307746887207,5.157617568969727,4.872366428375244,477.0,0.24473917484283447,,,,,,,,,,,,
34,,,88979,4.0,0.9845499992370605,0.9505616426467896,0.03545977920293808,0.9402259588241577,0.9615206122398376,5.041609287261963,4.3696370124816895,809.0,0.6365123987197876,,,,,,,,,,,,
34,,,88989,4.0,0.9929999709129333,0.9638086557388306,0.01706569828093052,0.9664093255996704,0.9612404108047485,3.5495569705963135,3.2290492057800293,862.0,0.3034419119358063,,,,,,,,,,,,
34,,,88999,4.0,0.9746999740600586,0.9122046828269958,0.06028854846954346,0.9231694936752319,0.9019103050231934,5.769542217254639,5.349817276000977,567.0,0.35943636298179626,,,,,,,,,,,,
34,,,89009,4.0,0.9811999797821045,0.9224435091018677,0.0461626835167408,0.92488694190979,0.9200327396392822,4.446542739868164,3.852571725845337,726.0,0.5478082299232483,,,,,,,,,,,,
34,,,89019,4.0,0.9904999732971191,0.9249147176742554,0.022692592814564705,0.9211839437484741,0.9287176132202148,4.580737590789795,4.044188499450684,370.0,0.5138565897941589,,,,,,,,,,,,
34,,,89029,4.0,0.98785001039505,0.851736307144165,0.03662434220314026,0.934212327003479,0.7965439558029175,4.275624752044678,4.06427001953125,250.0,0.17473052442073822,,,,,,,,,,,,
34,,,89039,4.0,0.9761000275611877,0.8471454381942749,0.056332483887672424,0.9174684286117554,0.7986822128295898,5.446393013000488,4.942141056060791,310.0,0.44791945815086365,,,,,,,,,,,,
34,,,89049,4.0,0.9686499834060669,0.8911782503128052,0.07371559739112854,0.9019561409950256,0.8810848593711853,5.517556667327881,5.136444091796875,849.0,0.3073970079421997,,,,,,,,,,,,
34,,,89059,4.0,0.9890000224113464,0.8969902396202087,0.02755654603242874,0.8783050775527954,0.9177628755569458,4.899571418762207,4.577900409698486,223.0,0.2941147983074188,,,,,,,,,,,,
34,,,89069,4.0,0.9911500215530396,0.9672119617462158,0.022797903046011925,0.9752103090286255,0.9595270156860352,4.29247522354126,3.8641855716705322,813.0,0.4054918885231018,,,,,,,,,,,,
34,,,89079,4.0,0.9775500297546387,0.8813360929489136,0.049673281610012054,0.9240514039993286,0.8472799062728882,6.4843621253967285,6.025359630584717,457.0,0.40932920575141907,,,,,,,,,,,,
34,,,89089,4.0,0.9872999787330627,0.9600074291229248,0.03421619161963463,0.9772883057594299,0.9442023634910583,3.9844462871551514,3.630197286605835,921.0,0.3200327455997467,,,,,,,,,,,,
34,,,89099,4.0,0.9875500202178955,0.8939827084541321,0.03162753954529762,0.9067009091377258,0.8820903301239014,5.532882213592529,5.004195690155029,341.0,0.4970589280128479,,,,,,,,,,,,
34,,,89109,4.0,0.988349974155426,0.9300394058227539,0.025995394214987755,0.9384702444076538,0.9219595193862915,4.74845552444458,4.435883045196533,471.0,0.28657710552215576,,,,,,,,,,,,
34,,,89119,4.0,0.9905999898910522,0.9673229455947876,0.02377142943441868,0.98660808801651,0.9497876167297363,4.187832355499268,3.649732828140259,1050.0,0.514328122138977,,,,,,,,,,,,
34,,,89129,4.0,0.9890999794006348,0.8441357612609863,0.03203931450843811,0.9034784436225891,0.8005267381668091,3.9193296432495117,3.709745407104492,259.0,0.17754480242729187,,,,,,,,,,,,
34,,,89139,4.0,0.9919000267982483,0.9643735289573669,0.02028178982436657,0.9679964780807495,0.9608145952224731,4.249429702758789,3.805809736251831,830.0,0.42333799600601196,,,,,,,,,,,,
34,,,89149,4.0,0.9837499856948853,0.9357889890670776,0.04102615267038345,0.9188941717147827,0.9543883800506592,4.091885089874268,3.5850300788879395,551.0,0.46582910418510437,,,,,,,,,,,,
34,,,89159,4.0,0.9873999953269958,0.955888032913208,0.030383547767996788,0.9681438207626343,0.9443807601928711,4.204122543334961,3.970064163208008,814.0,0.20367459952831268,,,,,,,,,,,,
34,,,89169,4.0,0.9902499914169312,0.8938906192779541,0.023359911516308784,0.8719784021377563,0.918724536895752,5.952399253845215,5.854974269866943,262.0,0.07406528294086456,,,,,,,,,,,,
34,,,89179,4.0,0.9846000075340271,0.9560456871986389,0.04028899967670441,0.9661876559257507,0.9464511871337891,5.415233135223389,5.020798683166504,1065.0,0.354145348072052,,,,,,,,,,,,
34,,,89189,4.0,0.9822499752044678,0.9229708909988403,0.041962724179029465,0.9208896160125732,0.9250763654708862,5.3991193771362305,5.182796955108643,518.0,0.17435991764068604,,,,,,,,,,,,
34,,,89199,4.0,0.9865999817848206,0.8988633751869202,0.03792237117886543,0.9246659278869629,0.8762397766113281,4.142982482910156,3.8437299728393555,304.0,0.26133036613464355,,,,,,,,,,,,
34,,,89209,4.0,0.9854999780654907,0.9582878351211548,0.034094639122486115,0.9688092470169067,0.9483499526977539,4.2633442878723145,3.9266016483306885,938.0,0.3026481866836548,,,,,,,,,,,,
34,,,89219,4.0,0.9940500259399414,0.9084723591804504,0.018545035272836685,0.898408055305481,0.9190796613693237,5.186696529388428,4.586005210876465,223.0,0.5821459889411926,,,,,,,,,,,,
34,,,89229,4.0,0.988349974155426,0.8872060775756836,0.030490491539239883,0.9094299077987671,0.8674051761627197,5.356498718261719,4.993118762969971,331.0,0.332889586687088,,,,,,,,,,,,
34,,,89239,4.0,0.9877499938011169,0.9664850234985352,0.03203338757157326,0.972164511680603,0.9609795808792114,4.736231803894043,4.32299280166626,1304.0,0.38120537996292114,,,,,,,,,,,,
34,,,89249,4.0,0.9886999726295471,0.6900835633277893,0.03335639461874962,0.8431392312049866,0.6326732039451599,4.638071537017822,4.072860240936279,98.0,0.5318549275398254,,,,,,,,,,,,
34,,,89259,4.0,0.9811999797821045,0.9392775297164917,0.043203141540288925,0.9626402854919434,0.9186367988586426,5.904886245727539,4.300286293029785,1043.0,1.5613964796066284,,,,,,,,,,,,
34,,,89269,4.0,0.9883000254631042,0.9553345441818237,0.02880321443080902,0.9500328302383423,0.9607868194580078,4.048437118530273,3.5961766242980957,865.0,0.4234573245048523,,,,,,,,,,,,
34,,,89279,4.0,0.9851499795913696,0.869144082069397,0.03587760776281357,0.8553296327590942,0.8841676712036133,5.067229270935059,4.868127346038818,217.0,0.16322427988052368,,,,,,,,,,,,
34,,,89284,,,,,,,,,,,0.9834959506988525,0.889360249042511,0.04245079308748245,0.911418080329895,0.8756941556930542,4.0022873878479,0.14396007359027863,3.9598355293273926,0.1439601182937622,0.1439601182937622,531.986328125,16.44076156616211
,7.297252973710757e-05,0.0007297252973710757,89285,,,,,,,,,,,,,,,,,,,,,,
35,,,89289,4.0,0.9843500256538391,0.9666981101036072,0.03870721533894539,0.9594212174415588,0.9743218421936035,4.130563735961914,3.4817912578582764,888.0,0.6100654006004333,,,,,,,,,,,,
35,,,89299,4.0,0.9814500212669373,0.9296225309371948,0.04137999936938286,0.9334391355514526,0.9258850812911987,4.0497918128967285,3.7191455364227295,836.0,0.2892664968967438,,,,,,,,,,,,
35,,,89309,4.0,0.9908499717712402,0.9228243231773376,0.023671016097068787,0.9377670884132385,0.9089353084564209,5.147302627563477,4.669614315032959,351.0,0.45401731133461,,,,,,,,,,,,
35,,,89319,4.0,0.9876000285148621,0.9024263620376587,0.03006329946219921,0.9402177333831787,0.8710161447525024,4.827450752258301,4.387171745300293,267.0,0.41021591424942017,,,,,,,,,,,,
35,,,89329,4.0,0.9911999702453613,0.9643864035606384,0.022304192185401917,0.9614726305007935,0.9673435688018799,4.0635833740234375,3.74881911277771,908.0,0.29246005415916443,,,,,,,,,,,,
35,,,89339,4.0,0.9930499792098999,0.9749165773391724,0.020921334624290466,0.9715927243232727,0.9782969951629639,3.848994255065918,3.541234254837036,883.0,0.2868387997150421,,,,,,,,,,,,
35,,,89349,4.0,0.988099992275238,0.6934241056442261,0.04090549051761627,0.8613889813423157,0.6334361433982849,5.269092082977295,4.521803379058838,148.0,0.7063832879066467,,,,,,,,,,,,
35,,,89359,4.0,0.9853000044822693,0.9346874952316284,0.03384723141789436,0.9506357908248901,0.9199864864349365,4.265298366546631,3.8055508136749268,817.0,0.42590004205703735,,,,,,,,,,,,
35,,,89369,4.0,0.9890499711036682,0.827450156211853,0.02441234514117241,0.8674023151397705,0.7956023216247559,3.6801772117614746,3.3303136825561523,167.0,0.3254510462284088,,,,,,,,,,,,
35,,,89379,4.0,0.980650007724762,0.9478314518928528,0.038821134716272354,0.9697293639183044,0.9284239411354065,4.320982933044434,3.7645132541656494,815.0,0.517648458480835,,,,,,,,,,,,
35,,,89389,4.0,0.9906499981880188,0.889767587184906,0.0328686349093914,0.8790947198867798,0.9010934829711914,4.4588303565979,4.230000972747803,259.0,0.1959606260061264,,,,,,,,,,,,
35,,,89399,4.0,0.9764999747276306,0.9368990659713745,0.0550219863653183,0.9211487770080566,0.9543036222457886,7.271795272827148,4.905376434326172,820.0,2.3113973140716553,,,,,,,,,,,,
35,,,89409,4.0,0.9905499815940857,0.9445266723632812,0.02470565401017666,0.9490941166877747,0.940061092376709,5.871567726135254,5.38978910446167,263.0,0.45707255601882935,,,,,,,,,,,,
35,,,89419,4.0,0.991349995136261,0.9130600094795227,0.02178235352039337,0.904958963394165,0.9215128421783447,4.3006134033203125,3.992457628250122,184.0,0.2863735556602478,,,,,,,,,,,,
35,,,89429,4.0,0.9904000163078308,0.9220494627952576,0.021718351170420647,0.9312453269958496,0.9132657647132874,3.8287367820739746,3.665358781814575,260.0,0.14165981113910675,,,,,,,,,,,,
35,,,89439,4.0,0.9904000163078308,0.9784976840019226,0.021453069522976875,0.9780199527740479,0.978976845741272,3.5620086193084717,3.2238030433654785,896.0,0.31675243377685547,,,,,,,,,,,,
35,,,89449,4.0,0.9861500263214111,0.9118868112564087,0.0355132557451725,0.8912115097045898,0.9351372718811035,4.556235313415527,3.820822238922119,465.0,0.6998997330665588,,,,,,,,,,,,
35,,,89459,4.0,0.985450029373169,0.9055562615394592,0.03413844108581543,0.9183320999145508,0.8936095237731934,5.018812656402588,4.594325065612793,294.0,0.3903488218784332,,,,,,,,,,,,
35,,,89469,4.0,0.9879000186920166,0.8695330023765564,0.03161529079079628,0.8592211008071899,0.8804932832717896,4.728801250457764,4.435221195220947,214.0,0.2619647681713104,,,,,,,,,,,,
35,,,89479,4.0,0.991100013256073,0.9649875164031982,0.02230214513838291,0.9707575440406799,0.9593812227249146,3.8463125228881836,3.501148223876953,901.0,0.3228621482849121,,,,,,,,,,,,
35,,,89489,4.0,0.9853000044822693,0.888738751411438,0.036638978868722916,0.8755403161048889,0.9029890298843384,5.273831367492676,4.9165730476379395,351.0,0.32061898708343506,,,,,,,,,,,,
35,,,89499,4.0,0.991100013256073,0.9640825986862183,0.03065907023847103,0.986382007598877,0.944038987159729,5.975984573364258,4.8973002433776855,685.0,1.048025131225586,,,,,,,,,,,,
35,,,89509,4.0,0.9875500202178955,0.9529187679290771,0.0321042537689209,0.9590380787849426,0.946989893913269,3.8861546516418457,3.5171902179718018,900.0,0.3368602693080902,,,,,,,,,,,,
35,,,89519,4.0,0.9890499711036682,0.9324634075164795,0.027253737673163414,0.9145269989967346,0.9522085785865784,3.8809242248535156,3.70928692817688,284.0,0.1443837285041809,,,,,,,,,,,,
35,,,89529,4.0,0.9904500246047974,0.9655116200447083,0.024988291785120964,0.9670904874801636,0.9639454483985901,3.389453411102295,3.209620952606201,880.0,0.154844269156456,,,,,,,,,,,,
35,,,89539,4.0,0.9868500232696533,0.9715760350227356,0.03270149603486061,0.9681015610694885,0.9751260280609131,4.058215141296387,3.623430013656616,900.0,0.4020838737487793,,,,,,,,,,,,
35,,,89549,4.0,0.9802500009536743,0.816189169883728,0.04879212751984596,0.9370012283325195,0.7499464154243469,7.637979984283447,7.493082046508789,611.0,0.09610538929700851,,,,,,,,,,,,
35,,,89559,4.0,0.9883999824523926,0.9515186548233032,0.025614382699131966,0.9472860097885132,0.9558457732200623,3.257441759109497,3.0111448764801025,839.0,0.22068242728710175,,,,,,,,,,,,
35,,,89569,4.0,0.9882500171661377,0.948931097984314,0.03137360140681267,0.9614792466163635,0.9371459484100342,4.322946548461914,3.991704225540161,849.0,0.29986849427223206,,,,,,,,,,,,
35,,,89579,4.0,0.981249988079071,0.9374686479568481,0.04244005307555199,0.9534086585044861,0.9228392839431763,4.2892584800720215,3.9298412799835205,920.0,0.3169774115085602,,,,,,,,,,,,
35,,,89589,4.0,0.989799976348877,0.9339103698730469,0.02598443068563938,0.9354677200317383,0.9323651790618896,4.397969722747803,4.213470458984375,358.0,0.15851515531539917,,,,,,,,,,,,
35,,,89599,4.0,0.9840999841690063,0.8968549966812134,0.04096214845776558,0.8889811635017395,0.905089259147644,5.157577991485596,4.9101786613464355,390.0,0.20643696188926697,,,,,,,,,,,,
35,,,89609,4.0,0.9865000247955322,0.9378249645233154,0.03449682518839836,0.9322000741958618,0.9436209201812744,4.879368782043457,4.462403297424316,402.0,0.382468581199646,,,,,,,,,,,,
35,,,89619,4.0,0.9871000051498413,0.9439542889595032,0.03150716796517372,0.9623989462852478,0.927129864692688,3.7927165031433105,3.506086587905884,909.0,0.2551226317882538,,,,,,,,,,,,
35,,,89629,4.0,0.9861999750137329,0.9524731636047363,0.03579789400100708,0.9425088167190552,0.963001012802124,6.599091529846191,3.9424350261688232,725.0,2.620858907699585,,,,,,,,,,,,
35,,,89639,4.0,0.9846500158309937,0.9383759498596191,0.03778946399688721,0.9205216765403748,0.9581245183944702,5.001692295074463,4.43586540222168,628.0,0.528037428855896,,,,,,,,,,,,
35,,,89649,4.0,0.9848499894142151,0.9350446462631226,0.035960737615823746,0.9262726306915283,0.9442484378814697,4.142239093780518,3.8379218578338623,877.0,0.26835668087005615,,,,,,,,,,,,
35,,,89659,4.0,0.9853500127792358,0.9191708564758301,0.038955073803663254,0.8872279524803162,0.9576988220214844,3.4672703742980957,3.280895709991455,321.0,0.14741961658000946,,,,,,,,,,,,
35,,,89669,4.0,0.9860000014305115,0.8979181051254272,0.03475524112582207,0.8989993333816528,0.8968431949615479,5.275216102600098,4.616690158843994,448.0,0.6237705945968628,,,,,,,,,,,,
35,,,89679,4.0,0.9871500134468079,0.8782647848129272,0.036536797881126404,0.8752405643463135,0.8813414573669434,5.50421142578125,4.8146820068359375,256.0,0.6529929637908936,,,,,,,,,,,,
35,,,89689,4.0,0.9932500123977661,0.9631985425949097,0.017962176352739334,0.9820439219474792,0.9459230899810791,3.6125271320343018,3.429046869277954,844.0,0.165518119931221,,,,,,,,,,,,
35,,,89699,4.0,0.9869499802589417,0.9405988454818726,0.0343589149415493,0.9539820551872253,0.9280897974967957,4.816383361816406,4.465701580047607,491.0,0.3163226544857025,,,,,,,,,,,,
35,,,89709,4.0,0.9749500155448914,0.8617904186248779,0.06747356057167053,0.9235224723815918,0.8172613978385925,5.455385208129883,4.928670883178711,366.0,0.4592408239841461,,,,,,,,,,,,
35,,,89719,4.0,0.9909499883651733,0.948256254196167,0.022205473855137825,0.9565722942352295,0.9402697086334229,4.069282054901123,3.7668566703796387,517.0,0.28021976351737976,,,,,,,,,,,,
35,,,89729,4.0,0.9778500199317932,0.9108906984329224,0.05329412221908569,0.9326586723327637,0.8915479779243469,5.794814109802246,5.371409893035889,503.0,0.3701099455356598,,,,,,,,,,,,
35,,,89739,4.0,0.980400025844574,0.8443974852561951,0.0464385524392128,0.8571609258651733,0.8325868248939514,5.2266950607299805,4.972721576690674,235.0,0.20753487944602966,,,,,,,,,,,,
35,,,89749,4.0,0.9794999957084656,0.9324047565460205,0.046158429235219955,0.9601283073425293,0.908470869064331,4.3653740882873535,3.8373360633850098,868.0,0.4818796217441559,,,,,,,,,,,,
35,,,89759,4.0,0.9894499778747559,0.9530709981918335,0.03598908334970474,0.9553914070129395,0.9507777094841003,3.8137550354003906,3.2208499908447266,899.0,0.5569159388542175,,,,,,,,,,,,
35,,,89769,4.0,0.9761499762535095,0.6612926721572876,0.07572725415229797,0.784191370010376,0.6148037910461426,6.067840576171875,5.742079734802246,235.0,0.2500334680080414,,,,,,,,,,,,
35,,,89779,4.0,0.9965500235557556,0.9521825909614563,0.010502290911972523,0.9491848945617676,0.9552221894264221,5.368422508239746,4.997197151184082,252.0,0.36072325706481934,,,,,,,,,,,,
35,,,89789,4.0,0.9892500042915344,0.9604479670524597,0.028055353090167046,0.9620447754859924,0.9588642120361328,5.213057994842529,4.219845771789551,1075.0,0.9651569724082947,,,,,,,,,,,,
35,,,89799,4.0,0.9796500205993652,0.9476263523101807,0.05169125273823738,0.9317569732666016,0.9651569128036499,5.362057685852051,5.0018415451049805,700.0,0.3085252046585083,,,,,,,,,,,,
35,,,89809,4.0,0.9887499809265137,0.9568684101104736,0.027194613590836525,0.9643912315368652,0.9496281743049622,4.40889310836792,4.094315052032471,890.0,0.28738370537757874,,,,,,,,,,,,
35,,,89819,4.0,0.9911999702453613,0.9597985744476318,0.02126556634902954,0.963168203830719,0.9564845561981201,3.8361003398895264,3.4119975566864014,851.0,0.40283718705177307,,,,,,,,,,,,
35,,,89829,4.0,0.9786499738693237,0.9269582033157349,0.051216404885053635,0.9323232173919678,0.9217533469200134,4.7172017097473145,4.059883117675781,597.0,0.6061021685600281,,,,,,,,,,,,
35,,,89839,4.0,0.9872999787330627,0.9162129759788513,0.02921321801841259,0.9172273874282837,0.9152039885520935,4.095767021179199,3.8428890705108643,280.0,0.22366483509540558,,,,,,,,,,,,
35,,,89849,4.0,0.9817500114440918,0.9205590486526489,0.04346920922398567,0.9316533207893372,0.9101063013076782,5.477968215942383,5.145695209503174,486.0,0.28880369663238525,,,,,,,,,,,,
35,,,89859,4.0,0.984749972820282,0.9246106147766113,0.049149561673402786,0.961011528968811,0.8941531181335449,4.243890762329102,3.7426066398620605,702.0,0.45213472843170166,,,,,,,,,,,,
35,,,89869,4.0,0.986549973487854,0.8782453536987305,0.04308245703577995,0.9500689506530762,0.8272045850753784,5.68300199508667,5.296541213989258,341.0,0.3433787226676941,,,,,,,,,,,,
35,,,89879,4.0,0.9896500110626221,0.9115822315216064,0.024273701012134552,0.8948377966880798,0.9299290180206299,4.552340030670166,4.153718948364258,253.0,0.3743470311164856,,,,,,,,,,,,
35,,,89889,4.0,0.9941999912261963,0.8815963268280029,0.0185230765491724,0.8877751231193542,0.8756169080734253,4.921931266784668,4.592117786407471,119.0,0.31129011511802673,,,,,,,,,,,,
35,,,89899,4.0,0.9874500036239624,0.9210788011550903,0.05414717271924019,0.9328431487083435,0.9099975824356079,3.903341054916382,3.3485615253448486,677.0,0.5006323456764221,,,,,,,,,,,,
35,,,89909,4.0,0.9831500053405762,0.9290851950645447,0.039463210850954056,0.9592738747596741,0.9031602144241333,4.729115962982178,4.279322624206543,866.0,0.410330206155777,,,,,,,,,,,,
35,,,89919,4.0,0.984749972820282,0.8653959631919861,0.03299363702535629,0.9119899868965149,0.8288326859474182,5.297823429107666,4.712162017822266,257.0,0.5526676774024963,,,,,,,,,,,,
35,,,89929,4.0,0.9815999865531921,0.9428885579109192,0.048845138400793076,0.9548206925392151,0.9317110776901245,4.870274066925049,4.371886730194092,966.0,0.4495420455932617,,,,,,,,,,,,
35,,,89939,4.0,0.9811000227928162,0.9314295053482056,0.04444160312414169,0.9562032222747803,0.9096684455871582,5.933866500854492,4.101122856140137,793.0,1.788301944732666,,,,,,,,,,,,
35,,,89949,4.0,0.9904500246047974,0.9065091013908386,0.022219400852918625,0.8994764089584351,0.9138104915618896,4.1306562423706055,3.9634530544281006,232.0,0.14498360455036163,,,,,,,,,,,,
35,,,89959,4.0,0.9911999702453613,0.9750210642814636,0.026964355260133743,0.9825493097305298,0.9677861332893372,4.662981033325195,4.227095603942871,719.0,0.4089212417602539,,,,,,,,,,,,
35,,,89969,4.0,0.9834499955177307,0.9230563640594482,0.04082729294896126,0.9160482287406921,0.9303420186042786,5.238368511199951,4.2607550621032715,472.0,0.9367861747741699,,,,,,,,,,,,
35,,,89979,4.0,0.9925000071525574,0.8533127307891846,0.025341983884572983,0.9288673400878906,0.8009030818939209,3.3738467693328857,3.2439961433410645,204.0,0.10450862348079681,,,,,,,,,,,,
35,,,89989,4.0,0.987500011920929,0.8763678669929504,0.029039205983281136,0.8551409244537354,0.9004944562911987,4.083728313446045,3.936776876449585,371.0,0.11791224032640457,,,,,,,,,,,,
35,,,89999,4.0,0.9803500175476074,0.8848969340324402,0.04624616727232933,0.8965715169906616,0.8739640712738037,4.492588520050049,4.149618148803711,323.0,0.2967241406440735,,,,,,,,,,,,
35,,,90009,4.0,0.9911500215530396,0.9180663228034973,0.027087347581982613,0.9199026226997375,0.9162470698356628,5.124694347381592,4.711517810821533,229.0,0.3860895037651062,,,,,,,,,,,,
35,,,90019,4.0,0.9887499809265137,0.9586342573165894,0.02923613227903843,0.9596441984176636,0.9576296806335449,4.132811069488525,3.8093488216400146,1007.0,0.2942259907722473,,,,,,,,,,,,
35,,,90029,4.0,0.9897500276565552,0.9493731260299683,0.026053564622998238,0.9410295486450195,0.9580835103988647,5.905698299407959,4.775779724121094,445.0,1.1038652658462524,,,,,,,,,,,,
35,,,90039,4.0,0.9783999919891357,0.9292447566986084,0.06561639904975891,0.9135825634002686,0.9464623928070068,5.6519365310668945,5.0259881019592285,1060.0,0.5603317022323608,,,,,,,,,,,,
35,,,90049,4.0,0.9851499795913696,0.9295655488967896,0.04582460969686508,0.9619952440261841,0.9019144773483276,3.7297990322113037,3.486570119857788,736.0,0.19740433990955353,,,,,,,,,,,,
35,,,90059,4.0,0.9850999712944031,0.8663740158081055,0.037097491323947906,0.9329264163970947,0.8185044527053833,4.956037521362305,4.550549030303955,285.0,0.36839085817337036,,,,,,,,,,,,
35,,,90069,4.0,0.9876999855041504,0.968464732170105,0.03341163694858551,0.9625622034072876,0.974571943283081,4.5675177574157715,4.231958389282227,991.0,0.30214792490005493,,,,,,,,,,,,
35,,,90079,4.0,0.9851499795913696,0.9158804416656494,0.037539079785346985,0.9558693766593933,0.8829684257507324,4.261740207672119,4.041501045227051,364.0,0.18269996345043182,,,,,,,,,,,,
35,,,90089,4.0,0.9874500036239624,0.9493701457977295,0.028708554804325104,0.9473371505737305,0.9514249563217163,3.59391450881958,3.295848846435547,954.0,0.26935723423957825,,,,,,,,,,,,
35,,,90099,4.0,0.991599977016449,0.962968111038208,0.025094885379076004,0.9622515439987183,0.9636873006820679,5.410999298095703,5.283733367919922,1087.0,0.1021711528301239,,,,,,,,,,,,
35,,,90109,4.0,0.9836999773979187,0.9312229752540588,0.04647023230791092,0.9420186281204224,0.9210236668586731,4.852169036865234,4.326903820037842,843.0,0.47879520058631897,,,,,,,,,,,,
35,,,90119,4.0,0.9832500219345093,0.9355694651603699,0.03657922148704529,0.9150323867797852,0.9586992263793945,4.220943927764893,3.822619915008545,797.0,0.3617449402809143,,,,,,,,,,,,
35,,,90129,4.0,0.984000027179718,0.9448323845863342,0.03964042663574219,0.9565690755844116,0.933803915977478,4.086092472076416,3.509345054626465,1042.0,0.5371071100234985,,,,,,,,,,,,
35,,,90139,4.0,0.9864500164985657,0.932053804397583,0.03355567529797554,0.9385599493980408,0.9257625341415405,5.582854270935059,4.896565914154053,554.0,0.6527330875396729,,,,,,,,,,,,
35,,,90149,4.0,0.979449987411499,0.939516544342041,0.0488029345870018,0.9522672891616821,0.9276441335678101,5.145925045013428,4.609283447265625,823.0,0.4878385365009308,,,,,,,,,,,,
35,,,90159,4.0,0.9827499985694885,0.9419522285461426,0.03814629465341568,0.9307194948196411,0.9539312124252319,4.639892578125,4.1205644607543945,875.0,0.4811818599700928,,,,,,,,,,,,
35,,,90169,4.0,0.9891999959945679,0.9520902633666992,0.026357583701610565,0.9301043748855591,0.9768539071083069,3.5359392166137695,3.3469860553741455,696.0,0.16259543597698212,,,,,,,,,,,,
35,,,90179,4.0,0.9797000288963318,0.8497409224510193,0.04618379846215248,0.8576352596282959,0.8422184586524963,6.573751926422119,5.081659317016602,259.0,1.4459091424942017,,,,,,,,,,,,
35,,,90189,4.0,0.9804499745368958,0.9059240818023682,0.04920794814825058,0.9367114305496216,0.8796976804733276,5.892672061920166,5.585330486297607,579.0,0.25813326239585876,,,,,,,,,,,,
35,,,90199,4.0,0.9893500208854675,0.9627699851989746,0.02515523135662079,0.9664965271949768,0.9591146111488342,4.171249866485596,3.864814043045044,1032.0,0.28128036856651306,,,,,,,,,,,,
35,,,90209,4.0,0.9865000247955322,0.9217970967292786,0.03687741979956627,0.9399620294570923,0.905222475528717,4.384478569030762,4.082609176635742,342.0,0.2649916112422943,,,,,,,,,,,,
35,,,90219,4.0,0.9844499826431274,0.9512734413146973,0.03683222085237503,0.9542141556739807,0.948379635810852,4.105907440185547,3.6074674129486084,660.0,0.4616078734397888,,,,,,,,,,,,
35,,,90229,4.0,0.9822499752044678,0.9149500131607056,0.044460926204919815,0.9287176132202148,0.9021549224853516,5.740504741668701,4.842466831207275,377.0,0.8535769581794739,,,,,,,,,,,,
35,,,90239,4.0,0.9818500280380249,0.8823292255401611,0.04386720061302185,0.9199696779251099,0.8514163494110107,5.111552715301514,4.781323432922363,332.0,0.28636229038238525,,,,,,,,,,,,
35,,,90249,4.0,0.9823499917984009,0.9539812803268433,0.04407702758908272,0.9509416818618774,0.957075834274292,4.752511501312256,4.421609878540039,876.0,0.286824494600296,,,,,,,,,,,,
35,,,90259,4.0,0.9866999983787537,0.9525942802429199,0.03507678210735321,0.9383781552314758,0.9679749011993408,3.806326389312744,3.490867853164673,821.0,0.28038156032562256,,,,,,,,,,,,
35,,,90269,4.0,0.9821500182151794,0.9351388216018677,0.03965456783771515,0.9385356903076172,0.9318046569824219,3.978787422180176,3.7388148307800293,960.0,0.20031818747520447,,,,,,,,,,,,
35,,,90279,4.0,0.9847000241279602,0.9321808815002441,0.036330532282590866,0.9450857043266296,0.9201101064682007,5.398571491241455,4.802550792694092,564.0,0.559689998626709,,,,,,,,,,,,
35,,,90289,4.0,0.9876499772071838,0.9570301175117493,0.032977815717458725,0.9751749038696289,0.9404772520065308,5.1791157722473145,4.769756317138672,739.0,0.37638187408447266,,,,,,,,,,,,
35,,,90299,4.0,0.9832000136375427,0.9384011030197144,0.038042955100536346,0.9384011030197144,0.9384011030197144,4.457827568054199,4.169984817504883,782.0,0.24979984760284424,,,,,,,,,,,,
35,,,90309,4.0,0.9886500239372253,0.9045706987380981,0.027396362274885178,0.9323366284370422,0.8803763389587402,3.94948673248291,3.624804735183716,273.0,0.29728561639785767,,,,,,,,,,,,
35,,,90319,4.0,0.9828500151634216,0.8591374158859253,0.042014557868242264,0.9061296582221985,0.8225222229957581,5.054629802703857,4.522704601287842,283.0,0.4899105727672577,,,,,,,,,,,,
35,,,90329,4.0,0.9884999990463257,0.9627759456634521,0.04539697617292404,0.9685927033424377,0.9571340680122375,3.9127438068389893,3.5394065380096436,686.0,0.3279401957988739,,,,,,,,,,,,
35,,,90339,4.0,0.9902999997138977,0.957434892654419,0.024788836017251015,0.9556789398193359,0.9592065811157227,5.277235984802246,4.619853973388672,824.0,0.6325929164886475,,,,,,,,,,,,
35,,,90349,4.0,0.9886000156402588,0.934100866317749,0.030697472393512726,0.950259804725647,0.9191779494285583,4.773072719573975,4.4072136878967285,537.0,0.33516186475753784,,,,,,,,,,,,
35,,,90359,4.0,0.9821000099182129,0.9490509033203125,0.0513707771897316,0.9396363496780396,0.9590021371841431,4.418243408203125,3.7994706630706787,1034.0,0.5674017667770386,,,,,,,,,,,,
35,,,90369,4.0,0.986050009727478,0.8745756149291992,0.03663329407572746,0.9396825432777405,0.8271579742431641,4.911284923553467,4.4716386795043945,277.0,0.40301281213760376,,,,,,,,,,,,
35,,,90379,4.0,0.9894499778747559,0.906099796295166,0.026172008365392685,0.9098831415176392,0.9023905992507935,5.40701150894165,5.177916526794434,225.0,0.20292270183563232,,,,,,,,,,,,
35,,,90389,4.0,0.9828500151634216,0.9142324924468994,0.048721183091402054,0.9423675537109375,0.8898643255233765,4.146658897399902,3.896669864654541,587.0,0.20126810669898987,,,,,,,,,,,,
35,,,90399,4.0,0.977649986743927,0.9206486940383911,0.05180216208100319,0.9162744879722595,0.9251363277435303,5.867069244384766,5.159634113311768,644.0,0.6556327939033508,,,,,,,,,,,,
35,,,90409,4.0,0.9836000204086304,0.9142526388168335,0.03928520530462265,0.9119300842285156,0.9166049957275391,4.684514999389648,4.500644207000732,514.0,0.144585520029068,,,,,,,,,,,,
35,,,90419,4.0,0.9817500114440918,0.9353609085083008,0.04516925290226936,0.9318681955337524,0.9389228224754333,3.737842559814453,3.3862690925598145,914.0,0.3064040243625641,,,,,,,,,,,,
35,,,90429,4.0,0.9846000075340271,0.9425262808799744,0.03462483733892441,0.9547876715660095,0.9310264587402344,5.089861869812012,4.402245044708252,719.0,0.6529920101165771,,,,,,,,,,,,
35,,,90439,4.0,0.9872999787330627,0.9604390859603882,0.02962028793990612,0.9793158769607544,0.9433128833770752,3.8495476245880127,3.566922187805176,947.0,0.25300517678260803,,,,,,,,,,,,
35,,,90449,4.0,0.9883000254631042,0.9628663659095764,0.028055330738425255,0.9599711298942566,0.9658071994781494,4.193323612213135,3.9166197776794434,827.0,0.24864855408668518,,,,,,,,,,,,
35,,,90459,4.0,0.9866499900817871,0.958531379699707,0.03863672912120819,0.9537848830223083,0.9634037613868713,4.320964336395264,3.616535186767578,855.0,0.6657925248146057,,,,,,,,,,,,
35,,,90469,4.0,0.9887999892234802,0.9511538743972778,0.027256665751338005,0.9453681707382202,0.9571166038513184,4.254714488983154,3.8655190467834473,567.0,0.3619385063648224,,,,,,,,,,,,
35,,,90479,4.0,0.9922999739646912,0.9676532745361328,0.019564548507332802,0.9662860035896301,0.9690298438072205,4.021694183349609,3.6354658603668213,861.0,0.3666636645793915,,,,,,,,,,,,
35,,,90489,4.0,0.9880499839782715,0.9469265937805176,0.02849017269909382,0.9542250633239746,0.9398932456970215,4.537141799926758,4.242592811584473,535.0,0.2660589814186096,,,,,,,,,,,,
35,,,90499,4.0,0.988099992275238,0.8724751472473145,0.03303065150976181,0.9372442960739136,0.8251553773880005,4.715576648712158,4.4824652671813965,360.0,0.20008090138435364,,,,,,,,,,,,
35,,,90509,4.0,0.9803500175476074,0.9477583765983582,0.0486561618745327,0.9755008220672607,0.9239141941070557,4.954989433288574,4.71211576461792,954.0,0.19421792030334473,,,,,,,,,,,,
35,,,90519,4.0,0.989549994468689,0.9663106203079224,0.02667246013879776,0.9767011404037476,0.9564613103866577,4.023829936981201,3.7775278091430664,955.0,0.21962964534759521,,,,,,,,,,,,
35,,,90529,4.0,0.9782999753952026,0.8979777097702026,0.0487668476998806,0.9350899457931519,0.8674314618110657,5.952258110046387,5.4811787605285645,467.0,0.4223128855228424,,,,,,,,,,,,
35,,,90539,4.0,0.9871500134468079,0.9665783643722534,0.03035624697804451,0.9664831757545471,0.9666736125946045,3.60187029838562,3.220475912094116,936.0,0.3510383069515228,,,,,,,,,,,,
35,,,90549,4.0,0.98580002784729,0.8816354870796204,0.04081672802567482,0.8946288228034973,0.8695312738418579,4.783988952636719,4.427435398101807,204.0,0.3157368302345276,,,,,,,,,,,,
35,,,90559,4.0,0.9836000204086304,0.936600923538208,0.04129207134246826,0.9539453983306885,0.9207514524459839,4.516324043273926,4.132848739624023,736.0,0.3421829640865326,,,,,,,,,,,,
35,,,90569,4.0,0.9832500219345093,0.9269208908081055,0.04041029512882233,0.9280692338943481,0.9257797598838806,5.278720378875732,4.902953624725342,471.0,0.3353562653064728,,,,,,,,,,,,
35,,,90579,4.0,0.978950023651123,0.9026960134506226,0.056375060230493546,0.8895365595817566,0.9169297814369202,5.195833206176758,4.653578281402588,534.0,0.4858801066875458,,,,,,,,,,,,
35,,,90589,4.0,0.9833499789237976,0.9474456906318665,0.0369732528924942,0.9554405212402344,0.9397914409637451,4.23546028137207,3.8707916736602783,986.0,0.3276955187320709,,,,,,,,,,,,
35,,,90599,4.0,0.9854999780654907,0.9619525671005249,0.03765504062175751,0.9631006717681885,0.960811972618103,5.1178178787231445,4.530499458312988,1014.0,0.5496633648872375,,,,,,,,,,,,
35,,,90609,4.0,0.9653000235557556,0.9066665172576904,0.07788342982530594,0.8979096412658691,0.9159555435180664,5.227778911590576,4.912476539611816,1470.0,0.2374192774295807,,,,,,,,,,,,
35,,,90619,4.0,0.9706500172615051,0.85242760181427,0.07160534709692001,0.9358556270599365,0.7984218001365662,7.375926971435547,6.394598007202148,456.0,0.909723699092865,,,,,,,,,,,,
35,,,90629,4.0,0.9822999835014343,0.7764244079589844,0.05565207079052925,0.8079599738121033,0.7510323524475098,4.750283718109131,4.3470258712768555,188.0,0.34760573506355286,,,,,,,,,,,,
35,,,90639,4.0,0.987500011920929,0.9554726481437683,0.030496280640363693,0.9538286328315735,0.9571311473846436,4.4417290687561035,4.181628704071045,937.0,0.22960436344146729,,,,,,,,,,,,
35,,,90649,4.0,0.9775999784469604,0.907856822013855,0.05146903172135353,0.9308889508247375,0.8875308632850647,5.939512252807617,5.628229141235352,628.0,0.2598143517971039,,,,,,,,,,,,
35,,,90659,4.0,0.9922000169754028,0.9777066707611084,0.018808601424098015,0.9830663204193115,0.9724960923194885,3.563194513320923,3.2653820514678955,904.0,0.27900394797325134,,,,,,,,,,,,
35,,,90669,4.0,0.9890999794006348,0.9459958672523499,0.02612937241792679,0.9243608713150024,0.9703058004379272,4.497864246368408,4.219258785247803,449.0,0.2524762451648712,,,,,,,,,,,,
35,,,90679,4.0,0.9843500256538391,0.9419453144073486,0.034748323261737823,0.9606359601020813,0.924972653388977,4.332621097564697,3.8689403533935547,903.0,0.4289323389530182,,,,,,,,,,,,
35,,,90689,4.0,0.9808499813079834,0.8909620046615601,0.04535738751292229,0.9333173632621765,0.856886625289917,6.209122657775879,5.780303001403809,499.0,0.3834623098373413,,,,,,,,,,,,
35,,,90699,4.0,0.9873999953269958,0.893977165222168,0.03010169044137001,0.8958538770675659,0.8921195268630981,3.950474262237549,3.7397263050079346,176.0,0.18064630031585693,,,,,,,,,,,,
35,,,90709,4.0,0.9869999885559082,0.9484020471572876,0.03181677684187889,0.9611269235610962,0.9364746809005737,4.6698126792907715,4.316352844238281,762.0,0.3216429650783539,,,,,,,,,,,,
35,,,90719,4.0,0.9890000224113464,0.838699996471405,0.03535592928528786,0.8821849822998047,0.8044170141220093,4.5565185546875,4.2754034996032715,217.0,0.24575898051261902,,,,,,,,,,,,
35,,,90729,4.0,0.989799976348877,0.9387804865837097,0.02592964470386505,0.9387804865837097,0.9387804865837097,5.077402114868164,4.776515007019043,353.0,0.2749577760696411,,,,,,,,,,,,
35,,,90739,4.0,0.9882000088691711,0.9322867393493652,0.02824603021144867,0.9401050806045532,0.9247711896896362,4.886639595031738,4.379202365875244,350.0,0.47919154167175293,,,,,,,,,,,,
35,,,90749,4.0,0.9757500290870667,0.8128920197486877,0.05106557160615921,0.7594317197799683,0.8984103202819824,6.80764102935791,5.917015552520752,297.0,0.8395599126815796,,,,,,,,,,,,
35,,,90759,4.0,0.9847999811172485,0.9445104598999023,0.03252799063920975,0.9461772441864014,0.9428585767745972,3.9676599502563477,3.676351308822632,922.0,0.25878074765205383,,,,,,,,,,,,
35,,,90769,4.0,0.988099992275238,0.9378392696380615,0.03134441375732422,0.9497070908546448,0.9266547560691833,5.598163604736328,5.008726596832275,403.0,0.5580925941467285,,,,,,,,,,,,
35,,,90779,4.0,0.990149974822998,0.9659483432769775,0.027587655931711197,0.9650001525878906,0.9669013023376465,3.67714786529541,3.3624887466430664,912.0,0.2870713472366333,,,,,,,,,,,,
35,,,90789,4.0,0.9875500202178955,0.8762822151184082,0.029895873740315437,0.9126434326171875,0.846128523349762,4.734817981719971,4.366884708404541,265.0,0.3380374014377594,,,,,,,,,,,,
35,,,90799,4.0,0.9785500168800354,0.9462388753890991,0.053699906915426254,0.9281381368637085,0.9665697813034058,5.722423553466797,4.912771224975586,1013.0,0.7559522986412048,,,,,,,,,,,,
35,,,90809,4.0,0.9799500107765198,0.9244722127914429,0.047434717416763306,0.9421650171279907,0.9083845615386963,4.441341876983643,4.1150078773498535,878.0,0.27889931201934814,,,,,,,,,,,,
35,,,90819,4.0,0.9859499931335449,0.9449331760406494,0.03540215268731117,0.9543428421020508,0.9359716176986694,4.732660293579102,4.403901100158691,570.0,0.29335689544677734,,,,,,,,,,,,
35,,,90829,4.0,0.986050009727478,0.8931337594985962,0.03211360052227974,0.909265398979187,0.8783212900161743,5.033161163330078,4.758037090301514,350.0,0.24301059544086456,,,,,,,,,,,,
35,,,90839,4.0,0.9905499815940857,0.7687993049621582,0.03251331299543381,0.9076114892959595,0.7015576362609863,4.164826393127441,3.9431936740875244,133.0,0.18911956250667572,,,,,,,,,,,,
35,,,90849,4.0,0.9779000282287598,0.9298955202102661,0.0632963627576828,0.9469454288482666,0.9143825173377991,5.308616638183594,4.260469436645508,1107.0,0.9848506450653076,,,,,,,,,,,,
35,,,90859,4.0,0.9863499999046326,0.9570939540863037,0.03149351105093956,0.9466067552566528,0.9682161211967468,4.471993923187256,4.064419746398926,751.0,0.37608060240745544,,,,,,,,,,,,
35,,,90869,4.0,0.9921000003814697,0.9139349460601807,0.020845577120780945,0.9300410747528076,0.8990516662597656,5.394033432006836,5.080667495727539,171.0,0.29252034425735474,,,,,,,,,,,,
35,,,90879,4.0,0.9859499931335449,0.9616771936416626,0.034494549036026,0.9582039713859558,0.9652198553085327,4.284185886383057,3.867741823196411,1101.0,0.3819494843482971,,,,,,,,,,,,
35,,,90889,4.0,0.9851499795913696,0.8985075950622559,0.03597617149353027,0.8987594246864319,0.8982561826705933,5.03225564956665,4.745741367340088,373.0,0.25053834915161133,,,,,,,,,,,,
35,,,90899,4.0,0.9886000156402588,0.9610771536827087,0.02783716470003128,0.9621391296386719,0.9600211381912231,8.491868019104004,3.7718522548675537,1221.0,4.692178726196289,,,,,,,,,,,,
35,,,90909,4.0,0.9861500263214111,0.8996235728263855,0.03702261298894882,0.9308363199234009,0.8729525804519653,4.719328880310059,4.542530536651611,319.0,0.13977554440498352,,,,,,,,,,,,
35,,,90919,4.0,0.9879500269889832,0.9594736099243164,0.030749743804335594,0.9534825086593628,0.9656616449356079,4.591547966003418,4.316330432891846,1039.0,0.24446794390678406,,,,,,,,,,,,
35,,,90929,4.0,0.991599977016449,0.9640526175498962,0.022550106048583984,0.9668535590171814,0.9612902998924255,4.10638952255249,3.7892680168151855,892.0,0.2945713698863983,,,,,,,,,,,,
35,,,90939,4.0,0.9854999780654907,0.9213709831237793,0.03517923131585121,0.8838845491409302,0.968225359916687,4.573027610778809,4.094257831573486,545.0,0.4435907304286957,,,,,,,,,,,,
35,,,90949,4.0,0.984749972820282,0.9012483358383179,0.034961119294166565,0.888566255569458,0.9148805141448975,5.112124919891357,4.787135124206543,278.0,0.29002878069877625,,,,,,,,,,,,
35,,,90959,4.0,0.9937000274658203,0.9660365581512451,0.014244615100324154,0.9815578460693359,0.9515911340713501,3.8664348125457764,3.4887545108795166,889.0,0.36343568563461304,,,,,,,,,,,,
35,,,90969,4.0,0.985450029373169,0.946060061454773,0.0324895903468132,0.9510723352432251,0.9411789178848267,5.673604965209961,5.072735786437988,854.0,0.5683791637420654,,,,,,,,,,,,
35,,,90979,4.0,0.9894999861717224,0.8976835012435913,0.02414972148835659,0.9542944431304932,0.854239821434021,5.379947662353516,5.223267078399658,252.0,0.13253061473369598,,,,,,,,,,,,
35,,,90989,4.0,0.9898499846458435,0.9171425104141235,0.02512126974761486,0.9279627799987793,0.9068946242332458,4.0242414474487305,3.8003151416778564,388.0,0.1988050937652588,,,,,,,,,,,,
35,,,90999,4.0,0.9880499839782715,0.9159907102584839,0.03986398130655289,0.9368413090705872,0.8971961736679077,4.7153425216674805,4.182711124420166,405.0,0.49276742339134216,,,,,,,,,,,,
35,,,91009,4.0,0.9865999817848206,0.9527515172958374,0.03769669309258461,0.9562978744506836,0.9492710828781128,4.838386058807373,4.283486366271973,824.0,0.5172026753425598,,,,,,,,,,,,
35,,,91019,4.0,0.9879999756813049,0.8394614458084106,0.028917871415615082,0.8721626996994019,0.8122622966766357,5.523332118988037,5.086132049560547,185.0,0.40828222036361694,,,,,,,,,,,,
35,,,91029,4.0,0.986549973487854,0.9539057612419128,0.04629950970411301,0.957207441329956,0.9506615400314331,4.177234649658203,3.823753595352173,886.0,0.30718159675598145,,,,,,,,,,,,
35,,,91039,4.0,0.9851999878883362,0.9226182103157043,0.03529489040374756,0.8946805000305176,0.9554585218429565,4.955078125,4.522592544555664,318.0,0.3971903920173645,,,,,,,,,,,,
35,,,91049,4.0,0.9836000204086304,0.9381617903709412,0.03601512685418129,0.928509533405304,0.9483495950698853,5.08645486831665,4.750444412231445,821.0,0.29999521374702454,,,,,,,,,,,,
35,,,91059,4.0,0.9928500056266785,0.883417010307312,0.019058125093579292,0.9320701360702515,0.844905436038971,5.00862455368042,4.637579441070557,157.0,0.35198670625686646,,,,,,,,,,,,
35,,,91069,4.0,0.9890999794006348,0.9020811915397644,0.026853933930397034,0.8702981472015381,0.9403372406959534,4.953495025634766,4.457472801208496,203.0,0.46916815638542175,,,,,,,,,,,,
35,,,91079,4.0,0.9883000254631042,0.9330003261566162,0.03253895789384842,0.9057759046554565,0.9646598100662231,4.180530548095703,3.420508861541748,680.0,0.7274829149246216,,,,,,,,,,,,
35,,,91089,4.0,0.9910500049591064,0.9060994982719421,0.023005802184343338,0.898551344871521,0.9139569997787476,5.590600967407227,5.179024696350098,215.0,0.3885701298713684,,,,,,,,,,,,
35,,,91099,4.0,0.9825500249862671,0.8871365785598755,0.03946085646748543,0.8740613460540771,0.90126633644104,4.433834075927734,4.180302143096924,334.0,0.21407145261764526,,,,,,,,,,,,
35,,,91109,4.0,0.9872499704360962,0.9178284406661987,0.02774525061249733,0.9122198820114136,0.9236078858375549,5.144440174102783,4.845327854156494,306.0,0.27136722207069397,,,,,,,,,,,,
35,,,91119,4.0,0.994700014591217,0.9341703653335571,0.012701761908829212,0.9372963905334473,0.9310907125473022,4.716364860534668,4.239292621612549,248.0,0.46437007188796997,,,,,,,,,,,,
35,,,91129,4.0,0.9783499836921692,0.9064024686813354,0.05280090495944023,0.9486846923828125,0.8723869919776917,4.611604690551758,4.145833969116211,682.0,0.4129694700241089,,,,,,,,,,,,
35,,,91139,4.0,0.98785001039505,0.9703396558761597,0.031289517879486084,0.978188157081604,0.9628314971923828,4.710577487945557,4.429771900177002,1271.0,0.24951611459255219,,,,,,,,,,,,
35,,,91149,4.0,0.979200005531311,0.9313399791717529,0.055564336478710175,0.9280428886413574,0.9347004890441895,5.27985954284668,4.519664764404297,940.0,0.7046302556991577,,,,,,,,,,,,
35,,,91159,4.0,0.9781500101089478,0.927534282207489,0.04644684121012688,0.9541912078857422,0.904433012008667,4.588974475860596,4.213782787322998,861.0,0.32874470949172974,,,,,,,,,,,,
35,,,91169,4.0,0.9877499938011169,0.9191327095031738,0.027810750529170036,0.9240373969078064,0.9143508076667786,5.070164680480957,4.545211315155029,341.0,0.49714285135269165,,,,,,,,,,,,
35,,,91179,4.0,0.9843000173568726,0.8579987287521362,0.03912995755672455,0.8604597449302673,0.8555735349655151,5.109936714172363,4.75747013092041,291.0,0.3133370280265808,,,,,,,,,,,,
35,,,91189,4.0,0.9859499931335449,0.9477148056030273,0.03504129499197006,0.960228443145752,0.9359844326972961,4.314947605133057,4.086036682128906,891.0,0.1938697248697281,,,,,,,,,,,,
35,,,91199,4.0,0.9924499988555908,0.979653537273407,0.02526874467730522,0.9845352172851562,0.9748978018760681,4.051145076751709,3.760129928588867,920.0,0.26574623584747314,,,,,,,,,,,,
35,,,91209,4.0,0.9776999950408936,0.9044966697692871,0.054793212562799454,0.8953431248664856,0.9141622185707092,5.081733226776123,4.687389850616455,541.0,0.3395499289035797,,,,,,,,,,,,
35,,,91219,4.0,0.9849500060081482,0.8954225182533264,0.03539665415883064,0.897210955619812,0.8936516046524048,4.254108905792236,4.032283306121826,342.0,0.18642887473106384,,,,,,,,,,,,
35,,,91229,4.0,0.9883999824523926,0.9142557382583618,0.030174188315868378,0.9266015291213989,0.9026607275009155,5.934138298034668,5.445198059082031,342.0,0.45876598358154297,,,,,,,,,,,,
35,,,91239,4.0,0.9818500280380249,0.9065514206886292,0.04538650065660477,0.9278461337089539,0.8875185251235962,3.8722565174102783,3.459442615509033,551.0,0.36742740869522095,,,,,,,,,,,,
35,,,91249,4.0,0.977400004863739,0.9360249042510986,0.058115795254707336,0.9614096879959106,0.9139624834060669,6.624191761016846,5.403731346130371,1201.0,1.1623445749282837,,,,,,,,,,,,
35,,,91259,4.0,0.9921500086784363,0.9502907991409302,0.021476656198501587,0.9349291324615479,0.9668976664543152,4.886449813842773,4.121882438659668,569.0,0.7430908679962158,,,,,,,,,,,,
35,,,91269,4.0,0.9825500249862671,0.889371395111084,0.03996783122420311,0.8723430633544922,0.9082251191139221,5.062759876251221,4.548187732696533,375.0,0.4746043086051941,,,,,,,,,,,,
35,,,91279,4.0,0.9843999743461609,0.9330901503562927,0.0376678965985775,0.9334157705307007,0.9327651262283325,5.782527923583984,5.0420708656311035,707.0,0.7027894258499146,,,,,,,,,,,,
35,,,91289,4.0,0.9863499999046326,0.950735330581665,0.03399484232068062,0.9652437567710876,0.9372690916061401,5.050641059875488,4.429471969604492,858.0,0.5871744155883789,,,,,,,,,,,,
35,,,91299,4.0,0.9810000061988831,0.9396975040435791,0.053832873702049255,0.9625604152679443,0.9194570779800415,5.8950982093811035,5.383154392242432,1125.0,0.45811089873313904,,,,,,,,,,,,
35,,,91309,4.0,0.9785500168800354,0.9039832353591919,0.04920422285795212,0.9073622226715088,0.9006685018539429,6.02150297164917,5.386971473693848,399.0,0.5853272676467896,,,,,,,,,,,,
35,,,91319,4.0,0.9871000051498413,0.9230809211730957,0.027153095230460167,0.9253963232040405,0.9207932949066162,4.600849628448486,4.184937000274658,399.0,0.3887594938278198,,,,,,,,,,,,
35,,,91329,4.0,0.9899500012397766,0.9528090953826904,0.02796977199614048,0.9703370332717896,0.936705470085144,5.462386608123779,4.743641376495361,972.0,0.6907755732536316,,,,,,,,,,,,
35,,,91339,4.0,0.989300012588501,0.953933596611023,0.025124650448560715,0.9491970539093018,0.9587876200675964,3.331625461578369,3.0905988216400146,851.0,0.21590210497379303,,,,,,,,,,,,
35,,,91349,4.0,0.9755499958992004,0.8822441101074219,0.05538075044751167,0.8661849498748779,0.9000231027603149,5.960408687591553,5.533193588256836,487.0,0.3718342185020447,,,,,,,,,,,,
35,,,91359,4.0,0.9848499894142151,0.8485956788063049,0.031021064147353172,0.8556864857673645,0.8417999744415283,4.3346171379089355,3.831434965133667,261.0,0.47216105461120605,,,,,,,,,,,,
35,,,91369,4.0,0.9867500066757202,0.8303717374801636,0.028906622901558876,0.8732857704162598,0.7966774702072144,5.334529876708984,5.108628273010254,204.0,0.19699496030807495,,,,,,,,,,,,
35,,,91379,4.0,0.9934999942779541,0.939980149269104,0.016319816932082176,0.9216504096984863,0.9600945115089417,3.8247103691101074,3.651271343231201,218.0,0.15711936354637146,,,,,,,,,,,,
35,,,91389,4.0,0.9868999719619751,0.9495260715484619,0.032264333218336105,0.9376873970031738,0.962152898311615,4.295064449310303,3.7003095149993896,784.0,0.5624907612800598,,,,,,,,,,,,
35,,,91399,4.0,0.9854999780654907,0.8848859071731567,0.03819479048252106,0.9594284892082214,0.8323718309402466,4.912235736846924,4.543231010437012,269.0,0.3308102786540985,,,,,,,,,,,,
35,,,91409,4.0,0.9853500127792358,0.8700436949729919,0.033852677792310715,0.9151279330253601,0.8343157768249512,5.088990688323975,4.716346263885498,334.0,0.33879172801971436,,,,,,,,,,,,
35,,,91419,4.0,0.9906499981880188,0.96337890625,0.024812711402773857,0.9610435962677002,0.965742290019989,4.576661586761475,4.224183082580566,717.0,0.32766565680503845,,,,,,,,,,,,
35,,,91429,4.0,0.9841499924659729,0.9399052858352661,0.038765858858823776,0.9289361834526062,0.9515671730041504,6.617661476135254,6.121294021606445,720.0,0.4576016068458557,,,,,,,,,,,,
35,,,91439,4.0,0.9932000041007996,0.882628321647644,0.021606385707855225,0.885210394859314,0.8800819516181946,4.779638290405273,4.32049560546875,171.0,0.43753647804260254,,,,,,,,,,,,
35,,,91449,4.0,0.9796500205993652,0.9384204745292664,0.05134057626128197,0.9485874176025391,0.928816556930542,4.414890289306641,3.8090920448303223,949.0,0.5544576644897461,,,,,,,,,,,,
35,,,91459,4.0,0.9883999824523926,0.9403579831123352,0.02840365655720234,0.9559965133666992,0.9258803129196167,4.356572151184082,3.9240975379943848,469.0,0.4040706753730774,,,,,,,,,,,,
35,,,91469,4.0,0.9868500232696533,0.8324755430221558,0.02944341115653515,0.8574833869934082,0.8108883500099182,5.015927791595459,4.788282871246338,172.0,0.1982017457485199,,,,,,,,,,,,
35,,,91479,4.0,0.986549973487854,0.934830904006958,0.0345425084233284,0.9198654890060425,0.9510704874992371,5.206000804901123,4.75032901763916,617.0,0.421129047870636,,,,,,,,,,,,
35,,,91489,4.0,0.9869999885559082,0.9446160793304443,0.03391239047050476,0.959774374961853,0.9305713772773743,4.708866119384766,4.195866107940674,540.0,0.4790876805782318,,,,,,,,,,,,
35,,,91499,4.0,0.9854000210762024,0.8663512468338013,0.032618045806884766,0.880182147026062,0.8535565137863159,4.331472873687744,3.954954147338867,304.0,0.3439006507396698,,,,,,,,,,,,
35,,,91509,4.0,0.9903500080108643,0.9041063189506531,0.023583807051181793,0.8835735321044922,0.9271247386932373,5.339766979217529,4.648707866668701,192.0,0.6674752235412598,,,,,,,,,,,,
35,,,91519,4.0,0.9884999990463257,0.9615508317947388,0.025892196223139763,0.9705445766448975,0.9529659748077393,4.0709710121154785,3.7391505241394043,919.0,0.30592817068099976,,,,,,,,,,,,
35,,,91529,4.0,0.9841499924659729,0.9395906925201416,0.03601643815636635,0.9623440504074097,0.9193331003189087,4.854036808013916,4.513513088226318,939.0,0.30450746417045593,,,,,,,,,,,,
35,,,91539,4.0,0.9851499795913696,0.9264581203460693,0.03367266803979874,0.937929630279541,0.9156481027603149,5.888429641723633,5.612968921661377,482.0,0.24178805947303772,,,,,,,,,,,,
35,,,91549,4.0,0.9888499975204468,0.8407804369926453,0.03909526392817497,0.8499475717544556,0.8321019411087036,3.8539817333221436,3.625361204147339,187.0,0.18952536582946777,,,,,,,,,,,,
35,,,91559,4.0,0.9864000082015991,0.7965412139892578,0.027129141613841057,0.830085039138794,0.7694267630577087,5.952561855316162,5.667459487915039,208.0,0.25797322392463684,,,,,,,,,,,,
35,,,91569,4.0,0.98785001039505,0.9544078707695007,0.02895263023674488,0.9482301473617554,0.9607923626899719,4.300578594207764,3.9351069927215576,849.0,0.33651918172836304,,,,,,,,,,,,
35,,,91579,4.0,0.9887499809265137,0.931918740272522,0.029810328036546707,0.9087843894958496,0.9581649303436279,5.197301864624023,4.568122386932373,307.0,0.5993690490722656,,,,,,,,,,,,
35,,,91589,4.0,0.989300012588501,0.9648923873901367,0.027945367619395256,0.9583926200866699,0.9716233015060425,7.012888431549072,6.55972957611084,980.0,0.42521339654922485,,,,,,,,,,,,
35,,,91599,4.0,0.9904999732971191,0.979344367980957,0.02271823212504387,0.9838464260101318,0.9749603271484375,4.157914161682129,3.8962628841400146,1030.0,0.23893287777900696,,,,,,,,,,,,
35,,,91609,4.0,0.9896500110626221,0.9491482973098755,0.022192733362317085,0.9345448613166809,0.9649155139923096,3.4725160598754883,3.0468661785125732,797.0,0.4034571051597595,,,,,,,,,,,,
35,,,91619,4.0,0.9889500141143799,0.918152391910553,0.02869259938597679,0.9334250688552856,0.9040019512176514,4.793934345245361,4.522192478179932,214.0,0.24304918944835663,,,,,,,,,,,,
35,,,91629,4.0,0.9930499792098999,0.969467043876648,0.020641766488552094,0.9770365953445435,0.9621686339378357,3.5039596557617188,3.2538094520568848,961.0,0.22950829565525055,,,,,,,,,,,,
35,,,91639,4.0,0.98089998960495,0.9011574983596802,0.04444850608706474,0.9306387901306152,0.8758898973464966,5.527115821838379,5.190382480621338,413.0,0.2922852039337158,,,,,,,,,,,,
35,,,91649,4.0,0.9859499931335449,0.8549076318740845,0.03608739376068115,0.9077296257019043,0.8147967457771301,5.720032691955566,5.378452301025391,237.0,0.3054927587509155,,,,,,,,,,,,
35,,,91659,4.0,0.9901999831199646,0.9281532764434814,0.025999661535024643,0.9651525616645813,0.8969994783401489,3.519015073776245,3.3347339630126953,369.0,0.15828146040439606,,,,,,,,,,,,
35,,,91669,4.0,0.9803000092506409,0.9510147571563721,0.04937717318534851,0.9511882662773132,0.9508414268493652,5.860925197601318,5.359046936035156,1179.0,0.45250141620635986,,,,,,,,,,,,
35,,,91679,4.0,0.9882000088691711,0.9271796941757202,0.02907874993979931,0.907486617565155,0.949106752872467,4.620718955993652,4.223081111907959,341.0,0.36855900287628174,,,,,,,,,,,,
35,,,91689,4.0,0.9881500005722046,0.9286819696426392,0.03104531019926071,0.9242569208145142,0.9332104921340942,6.023170471191406,5.302844524383545,346.0,0.6892803311347961,,,,,,,,,,,,
35,,,91699,4.0,0.9868500232696533,0.8994059562683105,0.03382089361548424,0.8935195207595825,0.9054868221282959,4.848508358001709,4.456484317779541,321.0,0.3582030236721039,,,,,,,,,,,,
35,,,91709,4.0,0.9918000102043152,0.9563454985618591,0.0204864963889122,0.9432100057601929,0.9703872203826904,4.3036208152771,3.917546272277832,518.0,0.3655879497528076,,,,,,,,,,,,
35,,,91719,4.0,0.9879999756813049,0.9449575543403625,0.029374120756983757,0.9330623149871826,0.9576306343078613,3.7901980876922607,3.3378143310546875,659.0,0.4230096638202667,,,,,,,,,,,,
35,,,91729,4.0,0.9788500070571899,0.9180474281311035,0.05684799328446388,0.8904297351837158,0.9508233666419983,4.6892619132995605,4.331780910491943,855.0,0.30063316226005554,,,,,,,,,,,,
35,,,91739,4.0,0.9865000247955322,0.9294152855873108,0.032894618809223175,0.9278068542480469,0.931037425994873,5.805822372436523,5.39965295791626,435.0,0.37327465415000916,,,,,,,,,,,,
35,,,91749,4.0,0.9815499782562256,0.9404559135437012,0.04605582356452942,0.9422361850738525,0.9386933445930481,5.496421813964844,4.858731269836426,1094.0,0.5916346311569214,,,,,,,,,,,,
35,,,91759,4.0,0.9862499833106995,0.7496557831764221,0.03477786108851433,0.9037307500839233,0.6823266744613647,3.988717794418335,3.856199264526367,146.0,0.0977405458688736,,,,,,,,,,,,
35,,,91769,4.0,0.9862499833106995,0.9090092182159424,0.0372733399271965,0.886300802230835,0.9348737001419067,4.569212436676025,4.020278453826904,330.0,0.5116605162620544,,,,,,,,,,,,
35,,,91779,4.0,0.9805999994277954,0.9113740921020508,0.04396838694810867,0.8895536661148071,0.9362422823905945,4.736532211303711,4.495819091796875,508.0,0.1967448890209198,,,,,,,,,,,,
35,,,91789,4.0,0.9804499745368958,0.8632742166519165,0.04405480623245239,0.882957935333252,0.845685601234436,5.532920837402344,5.012908458709717,268.0,0.47595757246017456,,,,,,,,,,,,
35,,,91799,4.0,0.9760000109672546,0.9404826164245605,0.06391903012990952,0.9416683912277222,0.9393055438995361,6.236516952514648,5.3918328285217285,1252.0,0.7807652950286865,,,,,,,,,,,,
35,,,91809,4.0,0.9950000047683716,0.9446078538894653,0.01574857346713543,0.9484000205993652,0.940882682800293,4.5080437660217285,4.205340385437012,188.0,0.2869548797607422,,,,,,,,,,,,
35,,,91819,4.0,0.9855999946594238,0.9377692937850952,0.04853879660367966,0.9428116083145142,0.9328584671020508,5.397503852844238,5.099542140960693,820.0,0.24942298233509064,,,,,,,,,,,,
35,,,91829,4.0,0.9775999784469604,0.9124730825424194,0.05608810856938362,0.8804562091827393,0.9517481327056885,5.124780654907227,4.7213287353515625,394.0,0.3473638892173767,,,,,,,,,,,,
,7.15760749324711e-05,0.000715760749324711,91836,,,,,,,,,,,,,,,,,,,,,,
36,,,91839,4.0,0.9904000163078308,0.8608050346374512,0.021495714783668518,0.8892073035240173,0.8364126682281494,4.640286445617676,4.398622512817383,181.0,0.2201680839061737,,,,,,,,,,,,
36,,,91849,4.0,0.9871500134468079,0.9141268730163574,0.03012366034090519,0.9039461016654968,0.9248881340026855,4.298181533813477,4.012232780456543,345.0,0.25582486391067505,,,,,,,,,,,,
36,,,91859,4.0,0.9882000088691711,0.8349074125289917,0.031540412455797195,0.8602434396743774,0.8130388855934143,5.068945407867432,4.74920129776001,224.0,0.2882038354873657,,,,,,,,,,,,
36,,,91869,4.0,0.9882500171661377,0.9004214406013489,0.02965266816318035,0.914648175239563,0.8872044682502747,4.933741569519043,4.7353434562683105,271.0,0.16874560713768005,,,,,,,,,,,,
36,,,91879,4.0,0.9890999794006348,0.9059013724327087,0.03466056287288666,0.9231247901916504,0.8901155591011047,3.974177360534668,3.7651453018188477,350.0,0.17437152564525604,,,,,,,,,,,,
36,,,91889,4.0,0.9868500232696533,0.915450930595398,0.03146069496870041,0.911323606967926,0.9196704626083374,5.502236366271973,4.419267177581787,273.0,1.0515085458755493,,,,,,,,,,,,
36,,,91899,4.0,0.9749000072479248,0.9272875785827637,0.0588202029466629,0.9213847517967224,0.9334077835083008,5.585062503814697,4.966083526611328,1058.0,0.5601586103439331,,,,,,,,,,,,
36,,,91909,4.0,0.9815499782562256,0.8606504797935486,0.04448018595576286,0.8629498481750488,0.8583827018737793,5.396852493286133,5.153346061706543,290.0,0.19902606308460236,,,,,,,,,,,,
36,,,91919,4.0,0.9868500232696533,0.9471344947814941,0.030144039541482925,0.9618596434593201,0.9334673881530762,4.467267036437988,4.114111423492432,897.0,0.32301121950149536,,,,,,,,,,,,
36,,,91929,4.0,0.982450008392334,0.9161227941513062,0.04282213747501373,0.9420739412307739,0.8934164047241211,4.454701900482178,3.9270718097686768,672.0,0.4848081171512604,,,,,,,,,,,,
36,,,91939,4.0,0.9872000217437744,0.9248213768005371,0.03029787540435791,0.9163758754730225,0.9336574673652649,5.193984031677246,4.419000148773193,593.0,0.74468594789505,,,,,,,,,,,,
36,,,91949,4.0,0.9864000082015991,0.9468586444854736,0.03267397731542587,0.9651731252670288,0.9301621913909912,4.667386054992676,4.1472015380859375,926.0,0.48751068115234375,,,,,,,,,,,,
36,,,91959,4.0,0.9951500296592712,0.9417693614959717,0.01749253086745739,0.9603254795074463,0.9247153401374817,5.15001916885376,4.076702117919922,353.0,1.055824875831604,,,,,,,,,,,,
36,,,91969,4.0,0.9833499789237976,0.9349628686904907,0.04337388649582863,0.9683561325073242,0.9067102670669556,5.536550521850586,5.28960657119751,481.0,0.20357003808021545,,,,,,,,,,,,
36,,,91979,4.0,0.9878000020980835,0.8205957412719727,0.036090049892663956,0.9038417339324951,0.7666659355163574,4.53986930847168,4.373552322387695,171.0,0.13022713363170624,,,,,,,,,,,,
36,,,91989,4.0,0.9898499846458435,0.9295615553855896,0.025054950267076492,0.9388778209686279,0.9206663370132446,4.786719799041748,4.412451267242432,303.0,0.34921354055404663,,,,,,,,,,,,
36,,,91999,4.0,0.9818999767303467,0.9452696442604065,0.045034587383270264,0.9628411531448364,0.9292901754379272,4.798006534576416,4.096807956695557,876.0,0.6561641097068787,,,,,,,,,,,,
36,,,92009,4.0,0.990149974822998,0.7918709516525269,0.028917944058775902,0.8472864627838135,0.7520759701728821,5.33670711517334,5.062440872192383,168.0,0.24534866213798523,,,,,,,,,,,,
36,,,92019,4.0,0.9889000058174133,0.8934104442596436,0.02688690461218357,0.8843423128128052,0.902947187423706,5.885431289672852,5.666336536407471,258.0,0.19220799207687378,,,,,,,,,,,,
36,,,92029,4.0,0.9884999990463257,0.9648433923721313,0.03031693957746029,0.9671895503997803,0.9625265598297119,4.08281946182251,3.614447593688965,885.0,0.43805524706840515,,,,,,,,,,,,
36,,,92039,4.0,0.9831500053405762,0.9571164846420288,0.04616476595401764,0.948201596736908,0.9665226936340332,4.221710681915283,3.8177592754364014,1104.0,0.35778674483299255,,,,,,,,,,,,
36,,,92049,4.0,0.9861500263214111,0.9247852563858032,0.041656769812107086,0.9343997240066528,0.9156358242034912,5.461490631103516,4.974062442779541,544.0,0.4457712471485138,,,,,,,,,,,,
36,,,92059,4.0,0.9855499863624573,0.8848555088043213,0.03305007517337799,0.8789334297180176,0.8909816741943359,5.4063544273376465,4.593502521514893,329.0,0.7798016667366028,,,,,,,,,,,,
36,,,92069,4.0,0.988099992275238,0.9571433663368225,0.024845795705914497,0.9605314135551453,0.9538146257400513,3.4018356800079346,3.209106922149658,786.0,0.16788282990455627,,,,,,,,,,,,
36,,,92079,4.0,0.9889500141143799,0.94537353515625,0.02723553404211998,0.942058801651001,0.9487453103065491,4.731663703918457,4.515608310699463,429.0,0.1888197958469391,,,,,,,,,,,,
36,,,92089,4.0,0.9908000230789185,0.9457330703735352,0.026310037821531296,0.9585897922515869,0.933648943901062,3.6250076293945312,3.287963390350342,692.0,0.3107343018054962,,,,,,,,,,,,
36,,,92099,4.0,0.990149974822998,0.9569922089576721,0.025464575737714767,0.971710205078125,0.9432938098907471,4.0107035636901855,3.7241854667663574,799.0,0.2610534131526947,,,,,,,,,,,,
36,,,92109,4.0,0.9889500141143799,0.9597232341766357,0.02899288572371006,0.9698310494422913,0.9501209259033203,3.84213924407959,3.531172037124634,836.0,0.28197428584098816,,,,,,,,,,,,
36,,,92119,4.0,0.9925500154495239,0.9707017540931702,0.018522433936595917,0.9680025577545166,0.9734377861022949,3.7571024894714355,3.463927745819092,647.0,0.27465230226516724,,,,,,,,,,,,
36,,,92129,4.0,0.9803500175476074,0.8161498308181763,0.05538037046790123,0.838722825050354,0.796586275100708,6.091065406799316,5.8234944343566895,294.0,0.2121904194355011,,,,,,,,,,,,
36,,,92139,4.0,0.9843000173568726,0.909339427947998,0.03652505576610565,0.9467437267303467,0.8782734274864197,5.112077236175537,4.824886322021484,324.0,0.25066548585891724,,,,,,,,,,,,
36,,,92149,4.0,0.981249988079071,0.8932394981384277,0.045164644718170166,0.9425838589668274,0.8547300100326538,5.429747104644775,5.100066184997559,398.0,0.28451648354530334,,,,,,,,,,,,
36,,,92159,4.0,0.9908999800682068,0.8518556356430054,0.02451380155980587,0.9262635707855225,0.8001731038093567,4.227784156799316,4.083919048309326,205.0,0.11935149878263474,,,,,,,,,,,,
36,,,92169,4.0,0.9900000095367432,0.9612646698951721,0.02993827871978283,0.9840608835220337,0.9408520460128784,4.251445293426514,3.877661943435669,949.0,0.34384527802467346,,,,,,,,,,,,
36,,,92179,4.0,0.984749972820282,0.9450281858444214,0.04803340509533882,0.9619971513748169,0.9294861555099487,4.394345760345459,3.9972357749938965,929.0,0.3490765392780304,,,,,,,,,,,,
36,,,92189,4.0,0.9898499846458435,0.9452545642852783,0.030065124854445457,0.9693912267684937,0.9237329959869385,4.250255107879639,3.832447052001953,419.0,0.38774287700653076,,,,,,,,,,,,
36,,,92199,4.0,0.9745500087738037,0.9039444923400879,0.05927187576889992,0.9091206192970276,0.8989230394363403,6.571444034576416,6.113957405090332,602.0,0.39821475744247437,,,,,,,,,,,,
36,,,92209,4.0,0.9799500107765198,0.8799903988838196,0.05177018418908119,0.919071614742279,0.8482067584991455,5.694960594177246,5.289181709289551,408.0,0.3540084958076477,,,,,,,,,,,,
36,,,92219,4.0,0.9878000020980835,0.9389602541923523,0.029990218579769135,0.9362293481826782,0.941730260848999,5.0842084884643555,4.472388744354248,468.0,0.5818296670913696,,,,,,,,,,,,
36,,,92229,4.0,0.9845499992370605,0.886654257774353,0.04612547531723976,0.9334765672683716,0.8496147394180298,5.007315158843994,4.8064141273498535,257.0,0.15477578341960907,,,,,,,,,,,,
36,,,92239,4.0,0.9872499704360962,0.9097790718078613,0.03775855898857117,0.9402753114700317,0.8835444450378418,4.126547813415527,3.548126459121704,559.0,0.540662944316864,,,,,,,,,,,,
36,,,92249,4.0,0.9742000102996826,0.9410690069198608,0.0751817598938942,0.9276299476623535,0.9557767510414124,6.831745624542236,6.503319263458252,1440.0,0.2532443702220917,,,,,,,,,,,,
36,,,92259,4.0,0.9800500273704529,0.9126247763633728,0.056358836591243744,0.9488135576248169,0.8825708031654358,4.214681625366211,3.677690029144287,917.0,0.48063260316848755,,,,,,,,,,,,
36,,,92269,4.0,0.9890000224113464,0.9153091907501221,0.02562808245420456,0.9183151721954346,0.9123495221138,4.94842004776001,4.355876445770264,269.0,0.5669155120849609,,,,,,,,,,,,
36,,,92279,4.0,0.9907500147819519,0.9674330353736877,0.02467525564134121,0.9678512811660767,0.9670157432556152,3.7708346843719482,3.2441015243530273,1117.0,0.5020578503608704,,,,,,,,,,,,
36,,,92289,4.0,0.9912999868392944,0.9729824066162109,0.020290277898311615,0.9821474552154541,0.9642390012741089,3.911268949508667,3.5366008281707764,856.0,0.35437777638435364,,,,,,,,,,,,
36,,,92299,4.0,0.9906499981880188,0.9069119691848755,0.024500787258148193,0.9233403205871582,0.8917814493179321,3.9724440574645996,3.6911206245422363,215.0,0.2568226456642151,,,,,,,,,,,,
36,,,92309,4.0,0.9915500283241272,0.9408270716667175,0.035042159259319305,0.9439955949783325,0.9377074241638184,5.2183356285095215,4.7743000984191895,350.0,0.408993124961853,,,,,,,,,,,,
36,,,92319,4.0,0.9908999800682068,0.9751734733581543,0.02481064386665821,0.9723070859909058,0.9780853986740112,4.3642072677612305,3.901338815689087,809.0,0.4380579888820648,,,,,,,,,,,,
36,,,92329,4.0,0.9896500110626221,0.9561183452606201,0.028560103848576546,0.9732279777526855,0.9403804540634155,5.521075248718262,4.7136759757995605,551.0,0.778839111328125,,,,,,,,,,,,
36,,,92339,4.0,0.983299970626831,0.9128479957580566,0.04015345871448517,0.9298766851425171,0.8972725868225098,4.636454105377197,4.075730323791504,528.0,0.5205702185630798,,,,,,,,,,,,
36,,,92349,4.0,0.9905999898910522,0.8803949356079102,0.022892510518431664,0.8979285955429077,0.8644077777862549,5.43406343460083,5.050996780395508,148.0,0.3601740896701813,,,,,,,,,,,,
36,,,92359,4.0,0.9887999892234802,0.8978279829025269,0.024395491927862167,0.9258065223693848,0.8735078573226929,3.841928720474243,3.6289963722229004,262.0,0.18853698670864105,,,,,,,,,,,,
36,,,92369,4.0,0.9818500280380249,0.9231621026992798,0.04096627235412598,0.9202115535736084,0.9261614084243774,5.533731937408447,4.872011661529541,552.0,0.6207537651062012,,,,,,,,,,,,
36,,,92379,4.0,0.9818500280380249,0.9300916790962219,0.04202696308493614,0.945702075958252,0.9157221913337708,4.721763610839844,4.4996490478515625,818.0,0.18008758127689362,,,,,,,,,,,,
36,,,92389,4.0,0.9643999934196472,0.8024974465370178,0.09454946219921112,0.8770099878311157,0.754879355430603,7.831992149353027,7.322404861450195,487.0,0.41503745317459106,,,,,,,,,,,,
36,,,92399,4.0,0.9907000064849854,0.9742239713668823,0.021584657952189445,0.9723421335220337,0.9761252403259277,3.234139919281006,3.032949209213257,900.0,0.17960603535175323,,,,,,,,,,,,
36,,,92409,4.0,0.9844499826431274,0.931099534034729,0.04572680592536926,0.9564010500907898,0.9088244438171387,5.182880401611328,4.718055248260498,495.0,0.41909822821617126,,,,,,,,,,,,
36,,,92419,4.0,0.9890999794006348,0.9637394547462463,0.04245024546980858,0.9687062501907349,0.9588994979858398,4.316000938415527,3.9484174251556396,655.0,0.32513314485549927,,,,,,,,,,,,
36,,,92429,4.0,0.9868000149726868,0.8552935123443604,0.03101322613656521,0.9579295516014099,0.7916519641876221,4.2860002517700195,3.990401029586792,298.0,0.2645862102508545,,,,,,,,,,,,
36,,,92439,4.0,0.9859499931335449,0.934893786907196,0.03670281544327736,0.9256662130355835,0.9445939064025879,7.046521186828613,4.73689603805542,526.0,2.2729225158691406,,,,,,,,,,,,
36,,,92449,4.0,0.9876499772071838,0.8265106678009033,0.03296228498220444,0.9355106353759766,0.762397289276123,4.592884540557861,4.213809013366699,185.0,0.34611332416534424,,,,,,,,,,,,
36,,,92459,4.0,0.98785001039505,0.9046039581298828,0.03311929479241371,0.9159155488014221,0.8939374685287476,4.353888511657715,4.127608299255371,292.0,0.1931609809398651,,,,,,,,,,,,
36,,,92469,4.0,0.989549994468689,0.9478791952133179,0.02812163159251213,0.9587560892105103,0.9375694990158081,4.125847339630127,3.7840635776519775,817.0,0.31366223096847534,,,,,,,,,,,,
36,,,92479,4.0,0.9859499931335449,0.9505922794342041,0.032066624611616135,0.965796947479248,0.936535120010376,4.54411506652832,4.160263538360596,713.0,0.35178446769714355,,,,,,,,,,,,
36,,,92489,4.0,0.9865000247955322,0.8576520681381226,0.0313417874276638,0.8598186373710632,0.8555129766464233,5.807848930358887,5.3505377769470215,210.0,0.4259696304798126,,,,,,,,,,,,
36,,,92499,4.0,0.9838500022888184,0.9070823788642883,0.0363304503262043,0.9138034582138062,0.9006004333496094,6.652326583862305,6.332115650177002,283.0,0.28388068079948425,,,,,,,,,,,,
36,,,92509,4.0,0.9858499765396118,0.9490557909011841,0.03211972489953041,0.9707093238830566,0.9296538233757019,4.359828472137451,4.033759117126465,979.0,0.2939496636390686,,,,,,,,,,,,
36,,,92519,4.0,0.9749500155448914,0.8639618158340454,0.054310392588377,0.8648569583892822,0.8630715608596802,6.668693542480469,6.186753749847412,501.0,0.4276292324066162,,,,,,,,,,,,
36,,,92529,4.0,0.982450008392334,0.6804697513580322,0.04898560792207718,0.7292197942733765,0.649416983127594,5.703878402709961,5.441783905029297,198.0,0.213109090924263,,,,,,,,,,,,
36,,,92539,4.0,0.9800999760627747,0.9370064735412598,0.040553018450737,0.9318214058876038,0.9423497915267944,3.9431588649749756,3.6925570964813232,804.0,0.21004877984523773,,,,,,,,,,,,
36,,,92549,4.0,0.9872000217437744,0.9047305583953857,0.03010603040456772,0.9041708707809448,0.9052919745445251,4.609362602233887,4.311391830444336,295.0,0.2678649127483368,,,,,,,,,,,,
36,,,92559,4.0,0.9819999933242798,0.8935967683792114,0.045030079782009125,0.9588333368301392,0.8459738492965698,5.719326496124268,5.328052043914795,460.0,0.34624433517456055,,,,,,,,,,,,
36,,,92569,4.0,0.9903500080108643,0.9654683470726013,0.022662518545985222,0.9687477350234985,0.9622435569763184,4.063981533050537,3.450448513031006,1095.0,0.5908704400062561,,,,,,,,,,,,
36,,,92579,4.0,0.9781000018119812,0.8879170417785645,0.057106561958789825,0.9272149801254272,0.8559879064559937,6.463640213012695,4.919615745544434,578.0,1.4869182109832764,,,,,,,,,,,,
36,,,92589,4.0,0.9898499846458435,0.9519792795181274,0.02500482089817524,0.9607127904891968,0.9436147212982178,3.6723711490631104,3.3666365146636963,871.0,0.2807296812534332,,,,,,,,,,,,
36,,,92599,4.0,0.982699990272522,0.8946652412414551,0.04040195792913437,0.9041377305984497,0.8856726884841919,5.597105503082275,5.198192119598389,415.0,0.3585115373134613,,,,,,,,,,,,
36,,,92609,4.0,0.9821500182151794,0.9544450044631958,0.04022008553147316,0.9636406302452087,0.9457218647003174,3.654282808303833,3.3497238159179688,917.0,0.2643389105796814,,,,,,,,,,,,
36,,,92619,4.0,0.9831500053405762,0.9398499131202698,0.038974497467279434,0.929370641708374,0.9509691596031189,4.846127986907959,4.4956374168396,764.0,0.31151631474494934,,,,,,,,,,,,
36,,,92629,4.0,0.9857000112533569,0.9665422439575195,0.03837033361196518,0.9606987833976746,0.9725960493087769,4.430997848510742,4.060441970825195,836.0,0.3321855068206787,,,,,,,,,,,,
36,,,92639,4.0,0.9850000143051147,0.9373998641967773,0.035001177340745926,0.9280874729156494,0.9472000002861023,4.956280708312988,4.48837947845459,557.0,0.4328998327255249,,,,,,,,,,,,
36,,,92649,4.0,0.9711999893188477,0.9272082448005676,0.06781748682260513,0.93043053150177,0.924050509929657,4.938537120819092,4.4056854248046875,938.0,0.46503403782844543,,,,,,,,,,,,
36,,,92659,4.0,0.9865000247955322,0.9231721758842468,0.03901930898427963,0.9533786773681641,0.8971178531646729,4.489107608795166,4.245288848876953,509.0,0.20479972660541534,,,,,,,,,,,,
36,,,92669,4.0,0.984749972820282,0.9093151092529297,0.036800943315029144,0.9316819906234741,0.8893725872039795,4.716163635253906,4.283927917480469,469.0,0.3954348862171173,,,,,,,,,,,,
36,,,92679,4.0,0.9710500240325928,0.8688576221466064,0.07085972279310226,0.9289267063140869,0.8253344893455505,6.827746868133545,6.385198593139648,952.0,0.37168851494789124,,,,,,,,,,,,
36,,,92689,4.0,0.9926499724388123,0.965226411819458,0.019030442461371422,0.9791727662086487,0.9521715641021729,4.088890552520752,3.6219353675842285,919.0,0.44792497158050537,,,,,,,,,,,,
36,,,92699,4.0,0.9865000247955322,0.915736198425293,0.047407764941453934,0.9482792019844055,0.8879929184913635,4.858091831207275,4.517539978027344,626.0,0.2931442856788635,,,,,,,,,,,,
36,,,92709,4.0,0.9799000024795532,0.948528528213501,0.04384505748748779,0.9592617154121399,0.9384416341781616,4.427443504333496,3.9817698001861572,878.0,0.4018287658691406,,,,,,,,,,,,
36,,,92719,4.0,0.9928500056266785,0.9084647297859192,0.01744001917541027,0.9563680291175842,0.8700069785118103,3.8224198818206787,3.677222728729248,272.0,0.1277569979429245,,,,,,,,,,,,
36,,,92729,4.0,0.9884999990463257,0.9677541851997375,0.032006409019231796,0.9733080863952637,0.9623650312423706,3.9092087745666504,3.5577778816223145,869.0,0.3194243609905243,,,,,,,,,,,,
36,,,92739,4.0,0.9841499924659729,0.9242476224899292,0.039978280663490295,0.9251513481140137,0.9233483076095581,5.009483337402344,4.531429290771484,335.0,0.4380757808685303,,,,,,,,,,,,
36,,,92749,4.0,0.9923999905586243,0.9696893095970154,0.018822431564331055,0.9716445803642273,0.9677529335021973,4.787109375,4.353972911834717,805.0,0.4143140912055969,,,,,,,,,,,,
36,,,92759,4.0,0.982200026512146,0.9064929485321045,0.04551849886775017,0.8899965286254883,0.924656867980957,4.4878830909729,4.073781967163086,479.0,0.36858275532722473,,,,,,,,,,,,
36,,,92769,4.0,0.9860000014305115,0.9630200266838074,0.03385797515511513,0.9641807675361633,0.9618668556213379,4.400121688842773,4.064607620239258,866.0,0.3016563355922699,,,,,,,,,,,,
36,,,92779,4.0,0.9864500164985657,0.8902264833450317,0.031083567067980766,0.8899307250976562,0.8905227184295654,4.129351615905762,3.9432642459869385,237.0,0.1550036072731018,,,,,,,,,,,,
36,,,92789,4.0,0.986549973487854,0.8759132623672485,0.031843673437833786,0.8408529758453369,0.9197249412536621,4.944581985473633,4.709043025970459,194.0,0.20369531214237213,,,,,,,,,,,,
36,,,92799,4.0,0.9817500114440918,0.9262717366218567,0.04621678590774536,0.9090605974197388,0.9452934265136719,5.611495494842529,5.325909614562988,466.0,0.239368736743927,,,,,,,,,,,,
36,,,92809,4.0,0.9871500134468079,0.9519970417022705,0.033963121473789215,0.9562340974807739,0.947852611541748,3.9332728385925293,3.6096317768096924,791.0,0.2896779775619507,,,,,,,,,,,,
36,,,92819,4.0,0.9848499894142151,0.9097139239311218,0.03488219529390335,0.915367841720581,0.9042283296585083,4.300349235534668,3.9664928913116455,300.0,0.29897424578666687,,,,,,,,,,,,
36,,,92829,4.0,0.9896500110626221,0.8864182233810425,0.025567177683115005,0.8640303611755371,0.9119325280189514,6.413270473480225,5.517489910125732,253.0,0.8702133297920227,,,,,,,,,,,,
36,,,92839,4.0,0.9894999861717224,0.8790721893310547,0.02836248092353344,0.9765208959579468,0.8158974051475525,5.346521377563477,4.998879909515381,167.0,0.3192789852619171,,,,,,,,,,,,
36,,,92849,4.0,0.9894999861717224,0.9511234164237976,0.030751531943678856,0.9735372066497803,0.9309979677200317,5.1605634689331055,5.009425163269043,976.0,0.12038660794496536,,,,,,,,,,,,
36,,,92859,4.0,0.9898999929428101,0.9187308549880981,0.026990624144673347,0.9508084058761597,0.8911998271942139,4.613997936248779,4.399110317230225,360.0,0.18789707124233246,,,,,,,,,,,,
36,,,92869,4.0,0.9898499846458435,0.968358039855957,0.02191341482102871,0.9809154272079468,0.9565860629081726,3.725860118865967,3.443182945251465,900.0,0.26076358556747437,,,,,,,,,,,,
36,,,92879,4.0,0.9871000051498413,0.9134191870689392,0.034441303461790085,0.9118896126747131,0.9149613380432129,6.505008220672607,6.003098487854004,310.0,0.46746838092803955,,,,,,,,,,,,
36,,,92889,4.0,0.9862499833106995,0.9684360027313232,0.033316224813461304,0.9786745309829712,0.9587875604629517,3.855937957763672,3.521052122116089,966.0,0.3015696704387665,,,,,,,,,,,,
36,,,92899,4.0,0.985450029373169,0.8928183317184448,0.03953443467617035,0.8996713161468506,0.8862163424491882,4.3765740394592285,4.108840465545654,312.0,0.22819891571998596,,,,,,,,,,,,
36,,,92909,4.0,0.9890999794006348,0.9740924835205078,0.029746277257800102,0.9727256298065186,0.9754701852798462,4.753602027893066,4.3504862785339355,1202.0,0.37336981296539307,,,,,,,,,,,,
36,,,92919,4.0,0.9758999943733215,0.87446528673172,0.05260460078716278,0.9354639053344727,0.8299753665924072,6.277935028076172,5.494139671325684,399.0,0.7311908006668091,,,,,,,,,,,,
36,,,92929,4.0,0.9856500029563904,0.8835687637329102,0.033906955271959305,0.9422692060470581,0.8394621014595032,5.726931571960449,4.92194128036499,357.0,0.7710832357406616,,,,,,,,,,,,
36,,,92939,4.0,0.9797000288963318,0.9054272174835205,0.044542767107486725,0.9171890020370483,0.894402801990509,6.175270080566406,5.964888572692871,561.0,0.16583888232707977,,,,,,,,,,,,
36,,,92949,4.0,0.9813500046730042,0.8609005212783813,0.04048539698123932,0.8942537307739258,0.8331502676010132,5.494170188903809,5.195451259613037,384.0,0.2582336962223053,,,,,,,,,,,,
36,,,92959,4.0,0.9876499772071838,0.9311035871505737,0.031681694090366364,0.9253093004226685,0.9370773434638977,6.508182048797607,4.978466033935547,395.0,1.4980345964431763,,,,,,,,,,,,
36,,,92969,4.0,0.9857500195503235,0.8934216499328613,0.03200044855475426,0.8696324229240417,0.9208138585090637,5.568567276000977,5.0442914962768555,362.0,0.4922749996185303,,,,,,,,,,,,
36,,,92979,4.0,0.9835500121116638,0.9215134382247925,0.03707337751984596,0.9206216335296631,0.9224096536636353,5.715760231018066,5.241157054901123,605.0,0.4375297427177429,,,,,,,,,,,,
36,,,92989,4.0,0.9873999953269958,0.9066071510314941,0.02965906634926796,0.9010837078094482,0.9122986793518066,4.615007400512695,4.387381553649902,467.0,0.19796667993068695,,,,,,,,,,,,
36,,,92999,4.0,0.9905999898910522,0.9405101537704468,0.02272520214319229,0.9575786590576172,0.9247825741767883,5.3662638664245605,5.019583702087402,361.0,0.3239549696445465,,,,,,,,,,,,
36,,,93009,4.0,0.987500011920929,0.9449783563613892,0.02807808481156826,0.9645147919654846,0.9272422790527344,3.8119194507598877,3.328150987625122,903.0,0.4556904137134552,,,,,,,,,,,,
36,,,93019,4.0,0.9846500158309937,0.8605695962905884,0.033824607729911804,0.8717427253723145,0.8500936031341553,4.415866374969482,4.136043548583984,255.0,0.2459985613822937,,,,,,,,,,,,
36,,,93029,4.0,0.9887499809265137,0.9274097681045532,0.025294573977589607,0.9513583779335022,0.9060882329940796,4.142726421356201,3.7989542484283447,383.0,0.3184775114059448,,,,,,,,,,,,
36,,,93039,4.0,0.9803500175476074,0.8724522590637207,0.04686673358082771,0.8713440895080566,0.8735677003860474,6.184641361236572,5.877110004425049,477.0,0.26066428422927856,,,,,,,,,,,,
36,,,93049,4.0,0.9825500249862671,0.9400244355201721,0.038574084639549255,0.9356216788291931,0.9445372819900513,4.430135250091553,4.136446952819824,881.0,0.2551141679286957,,,,,,,,,,,,
36,,,93059,4.0,0.9899500012397766,0.9659695625305176,0.0290717463940382,0.9606151580810547,0.9714779853820801,4.905573844909668,4.477968215942383,1031.0,0.39853379130363464,,,,,,,,,,,,
36,,,93069,4.0,0.9833499789237976,0.956923246383667,0.04070200026035309,0.9526259899139404,0.961330771446228,5.264577865600586,4.753615856170654,1039.0,0.4702601134777069,,,,,,,,,,,,
36,,,93079,4.0,0.9830499887466431,0.9138439297676086,0.03991945460438728,0.9297804832458496,0.8991886377334595,4.6447577476501465,4.444475173950195,370.0,0.16036315262317657,,,,,,,,,,,,
36,,,93089,4.0,0.9886000156402588,0.9680346250534058,0.029804028570652008,0.9636666774749756,0.9725099802017212,5.111859321594238,3.9105982780456543,1095.0,1.1714569330215454,,,,,,,,,,,,
36,,,93099,4.0,0.9832500219345093,0.960747480392456,0.04082992672920227,0.9678443670272827,0.9539415836334229,5.177035331726074,4.5752272605896,984.0,0.5609781742095947,,,,,,,,,,,,
36,,,93109,4.0,0.9914000034332275,0.9529033899307251,0.03524869307875633,0.9682628512382507,0.9386260509490967,5.081253528594971,4.648627281188965,439.0,0.3973773717880249,,,,,,,,,,,,
36,,,93119,4.0,0.9836500287055969,0.9338548183441162,0.03715069964528084,0.9693944454193115,0.904059648513794,4.41570520401001,4.107240676879883,879.0,0.27131348848342896,,,,,,,,,,,,
36,,,93129,4.0,0.989300012588501,0.9370205998420715,0.026500815525650978,0.9446655511856079,0.9296613931655884,5.7994890213012695,5.561450958251953,451.0,0.21153733134269714,,,,,,,,,,,,
36,,,93139,4.0,0.9871500134468079,0.9578726291656494,0.02935485914349556,0.9623045921325684,0.9535437822341919,4.395371437072754,4.0871782302856445,892.0,0.2788380980491638,,,,,,,,,,,,
36,,,93149,4.0,0.9783999919891357,0.9072859287261963,0.05084685608744621,0.8689184784889221,0.9564951062202454,5.224499225616455,4.657398700714111,399.0,0.516253650188446,,,,,,,,,,,,
36,,,93159,4.0,0.9854000210762024,0.9456507563591003,0.03436523303389549,0.9585665464401245,0.9335715174674988,4.201134204864502,3.8496460914611816,890.0,0.31712305545806885,,,,,,,,,,,,
36,,,93169,4.0,0.9460499882698059,0.8653578758239746,0.11124133318662643,0.9023943543434143,0.8364963531494141,8.105918884277344,7.583901882171631,1552.0,0.4107758402824402,,,,,,,,,,,,
36,,,93179,4.0,0.9881500005722046,0.8955795764923096,0.031889330595731735,0.8881824016571045,0.9032859206199646,4.122746467590332,3.8211019039154053,267.0,0.26975488662719727,,,,,,,,,,,,
36,,,93189,4.0,0.982699990272522,0.9395766258239746,0.03900829702615738,0.9538655281066895,0.9263333082199097,4.29801082611084,4.019773483276367,909.0,0.2392290085554123,,,,,,,,,,,,
36,,,93199,4.0,0.9879000186920166,0.9196832180023193,0.03149833530187607,0.9201973676681519,0.9191704392433167,4.874911308288574,4.630605697631836,337.0,0.21280694007873535,,,,,,,,,,,,
36,,,93209,4.0,0.9788500070571899,0.9615707993507385,0.056391388177871704,0.9576339721679688,0.965620756149292,5.0235395431518555,3.8504083156585693,1251.0,1.1167397499084473,,,,,,,,,,,,
36,,,93219,4.0,0.9894000291824341,0.9590498208999634,0.026456154882907867,0.9536304473876953,0.9646248817443848,4.1136369705200195,3.8514294624328613,764.0,0.23575133085250854,,,,,,,,,,,,
36,,,93229,4.0,0.9899500012397766,0.9367271661758423,0.026056556031107903,0.9426131844520569,0.9310107827186584,4.6086506843566895,4.3738508224487305,290.0,0.2087431401014328,,,,,,,,,,,,
36,,,93239,4.0,0.9886000156402588,0.9412778615951538,0.0285094752907753,0.9470759630203247,0.9356467723846436,4.2097859382629395,3.86942982673645,528.0,0.31184661388397217,,,,,,,,,,,,
36,,,93249,4.0,0.9905499815940857,0.952053427696228,0.02427700161933899,0.957680344581604,0.9465804100036621,3.739001989364624,3.4474172592163086,484.0,0.267307847738266,,,,,,,,,,,,
36,,,93259,4.0,0.9855999946594238,0.8665674924850464,0.03445335850119591,0.9035223126411438,0.8361782431602478,5.202169418334961,4.897604942321777,291.0,0.2701111435890198,,,,,,,,,,,,
36,,,93269,4.0,0.9952999949455261,0.9080759882926941,0.012368259020149708,0.9530891180038452,0.8713972568511963,4.272523403167725,4.134421348571777,190.0,0.12573374807834625,,,,,,,,,,,,
36,,,93279,4.0,0.9872999787330627,0.8831380009651184,0.03505391627550125,0.8934095501899719,0.8734238743782043,5.035313129425049,4.687749862670898,220.0,0.31250935792922974,,,,,,,,,,,,
36,,,93289,4.0,0.9861999750137329,0.9615298509597778,0.03399618715047836,0.9673939943313599,0.9558519124984741,4.161959171295166,3.835240125656128,878.0,0.2927227318286896,,,,,,,,,,,,
36,,,93299,4.0,0.9811499714851379,0.874954879283905,0.04190642386674881,0.8528848886489868,0.9003201723098755,5.1212921142578125,4.6698126792907715,326.0,0.40957316756248474,,,,,,,,,,,,
36,,,93309,4.0,0.9875500202178955,0.910132646560669,0.02836630865931511,0.8991947174072266,0.9217453598976135,5.4425225257873535,5.0589280128479,341.0,0.3552283048629761,,,,,,,,,,,,
36,,,93319,4.0,0.9847000241279602,0.9195498824119568,0.03435935080051422,0.9046859741210938,0.9357059001922607,5.366894721984863,4.836122035980225,353.0,0.49641337990760803,,,,,,,,,,,,
36,,,93329,4.0,0.991100013256073,0.9598598480224609,0.023112863302230835,0.9758411645889282,0.945060133934021,4.3440961837768555,3.7942330837249756,762.0,0.5267503261566162,,,,,,,,,,,,
36,,,93339,4.0,0.9870499968528748,0.9519611597061157,0.03173669055104256,0.9544128179550171,0.9495408535003662,4.181098461151123,3.7799787521362305,782.0,0.36938315629959106,,,,,,,,,,,,
36,,,93349,4.0,0.9836999773979187,0.9569447040557861,0.0442846454679966,0.9518820643424988,0.9621598124504089,3.732832908630371,3.318020820617676,819.0,0.3705274164676666,,,,,,,,,,,,
36,,,93359,4.0,0.9750000238418579,0.8842001557350159,0.07296214997768402,0.9182310104370117,0.8559642434120178,4.7869648933410645,4.413760185241699,417.0,0.3002423942089081,,,,,,,,,,,,
36,,,93369,4.0,0.9783999919891357,0.8600454330444336,0.05532895401120186,0.887489914894104,0.8365700840950012,5.832955360412598,5.469167709350586,528.0,0.30845871567726135,,,,,,,,,,,,
36,,,93379,4.0,0.9830999970436096,0.9072659015655518,0.04322700947523117,0.928211510181427,0.8884912133216858,5.462841033935547,5.157848358154297,478.0,0.2617654502391815,,,,,,,,,,,,
36,,,93389,4.0,0.9817500114440918,0.9087313413619995,0.060717396438121796,0.9156259298324585,0.902091920375824,4.590475559234619,3.9027132987976074,729.0,0.6270447373390198,,,,,,,,,,,,
36,,,93399,4.0,0.9857000112533569,0.9354537725448608,0.03734183683991432,0.9129548668861389,0.9609956741333008,6.821348667144775,6.332817077636719,701.0,0.4511895477771759,,,,,,,,,,,,
36,,,93409,4.0,0.9889000058174133,0.8038048148155212,0.030642952769994736,0.8112938404083252,0.7966809272766113,3.8323352336883545,3.6664791107177734,169.0,0.13521310687065125,,,,,,,,,,,,
36,,,93419,4.0,0.9867500066757202,0.9422354698181152,0.03429555520415306,0.9586499929428101,0.9271209239959717,4.750410556793213,4.665616989135742,580.0,0.05049794539809227,,,,,,,,,,,,
36,,,93429,4.0,0.984000027179718,0.8769899606704712,0.03592890128493309,0.9228737354278564,0.8407068252563477,5.428189754486084,5.187591552734375,374.0,0.20466932654380798,,,,,,,,,,,,
36,,,93439,4.0,0.989300012588501,0.958773136138916,0.030109496787190437,0.9697203636169434,0.9484110474586487,3.5986263751983643,3.28975248336792,932.0,0.2787644863128662,,,,,,,,,,,,
36,,,93449,4.0,0.9823499917984009,0.9409723281860352,0.04213175177574158,0.928691029548645,0.9541550874710083,4.502819061279297,4.274990558624268,600.0,0.18569660186767578,,,,,,,,,,,,
36,,,93459,4.0,0.9894999861717224,0.9495381116867065,0.03349998593330383,0.9788562059402466,0.924011766910553,3.7007107734680176,3.407933473587036,884.0,0.2592773735523224,,,,,,,,,,,,
36,,,93469,4.0,0.9798499941825867,0.8805656433105469,0.05072510987520218,0.8811837434768677,0.8799498081207275,5.4417243003845215,4.3858323097229,537.0,1.0051668882369995,,,,,,,,,,,,
36,,,93479,4.0,0.9827499985694885,0.8907663822174072,0.04044380784034729,0.9046908617019653,0.8778600692749023,5.440648078918457,5.17179536819458,476.0,0.22840866446495056,,,,,,,,,,,,
36,,,93489,4.0,0.9936000108718872,0.9760229587554932,0.017205815762281418,0.9703034162521362,0.9819102883338928,3.4512131214141846,3.2088990211486816,854.0,0.22510844469070435,,,,,,,,,,,,
36,,,93499,4.0,0.9815000295639038,0.9111670255661011,0.04287736117839813,0.9094188213348389,0.9129323959350586,5.282684326171875,4.607465744018555,542.0,0.6323412656784058,,,,,,,,,,,,
36,,,93509,4.0,0.9893500208854675,0.9644026756286621,0.03004211187362671,0.9822196960449219,0.9481127262115479,5.246698379516602,4.956234931945801,1090.0,0.260421484708786,,,,,,,,,,,,
36,,,93519,4.0,0.9880499839782715,0.8873962163925171,0.027773495763540268,0.9113046526908875,0.8662723898887634,5.758186340332031,5.476417064666748,248.0,0.2539960741996765,,,,,,,,,,,,
36,,,93529,4.0,0.9886999726295471,0.9556964039802551,0.03293429687619209,0.9771778583526611,0.9363648295402527,5.459543704986572,4.460043430328369,1223.0,0.9665660858154297,,,,,,,,,,,,
36,,,93539,4.0,0.9907000064849854,0.9398850202560425,0.025720693171024323,0.9584850668907166,0.922865092754364,3.4366772174835205,3.1139800548553467,486.0,0.2969765067100525,,,,,,,,,,,,
36,,,93549,4.0,0.9833499789237976,0.9470027685165405,0.03900205343961716,0.9605732560157776,0.9343844652175903,4.235268592834473,3.8487401008605957,1006.0,0.3475264608860016,,,,,,,,,,,,
36,,,93559,4.0,0.9890000224113464,0.9467707872390747,0.02620748057961464,0.9510533809661865,0.9425796866416931,5.383622646331787,4.858152866363525,384.0,0.49926215410232544,,,,,,,,,,,,
36,,,93569,4.0,0.9743000268936157,0.8912394046783447,0.05647166073322296,0.8744808435440063,0.9098758697509766,5.570227146148682,5.088188171386719,597.0,0.4255673587322235,,,,,,,,,,,,
36,,,93579,4.0,0.9672499895095825,0.9123409986495972,0.07259661704301834,0.8918800354003906,0.9359139800071716,7.381374835968018,7.124216079711914,1336.0,0.18456199765205383,,,,,,,,,,,,
36,,,93589,4.0,0.9889000058174133,0.857017457485199,0.026640325784683228,0.9065921902656555,0.8186394572257996,4.816286087036133,4.199894428253174,205.0,0.5897510647773743,,,,,,,,,,,,
36,,,93599,4.0,0.981249988079071,0.9586017727851868,0.04620831087231636,0.9647848606109619,0.9526486396789551,4.4959235191345215,3.740497350692749,901.0,0.7092176079750061,,,,,,,,,,,,
36,,,93609,4.0,0.9876000285148621,0.9716473817825317,0.03141249343752861,0.9844056367874146,0.9597877264022827,4.031673908233643,3.449153423309326,1084.0,0.5511079430580139,,,,,,,,,,,,
36,,,93619,4.0,0.984250009059906,0.8965309858322144,0.034714698791503906,0.8789658546447754,0.9159955978393555,5.2175421714782715,4.9629340171813965,280.0,0.21989327669143677,,,,,,,,,,,,
36,,,93629,4.0,0.9900500178337097,0.9635059237480164,0.023827051743865013,0.9579327702522278,0.9692438840866089,4.224010467529297,3.6653757095336914,1040.0,0.5348076224327087,,,,,,,,,,,,
36,,,93639,4.0,0.9850500226020813,0.936237096786499,0.03515153378248215,0.9516589641571045,0.9219883680343628,4.54063606262207,4.1902265548706055,638.0,0.3152579963207245,,,,,,,,,,,,
36,,,93649,4.0,0.9782000184059143,0.9376929998397827,0.05913723632693291,0.9513289928436279,0.9250702261924744,6.3196587562561035,5.998054027557373,1089.0,0.26246732473373413,,,,,,,,,,,,
36,,,93659,4.0,0.9874500036239624,0.9159244298934937,0.028792131692171097,0.94142746925354,0.8934445381164551,4.756460666656494,4.511100769042969,257.0,0.2165680229663849,,,,,,,,,,,,
36,,,93669,4.0,0.9773499965667725,0.9153336882591248,0.05962558463215828,0.9036522507667542,0.9278616905212402,5.729773044586182,5.437646865844727,630.0,0.2325003743171692,,,,,,,,,,,,
36,,,93679,4.0,0.9896000027656555,0.932047426700592,0.024507828056812286,0.9132481813430786,0.9528317451477051,3.9185469150543213,3.514483690261841,322.0,0.37955549359321594,,,,,,,,,,,,
36,,,93689,4.0,0.989799976348877,0.9282466173171997,0.029631324112415314,0.9385546445846558,0.9184524416923523,4.290646553039551,3.829087018966675,289.0,0.4319283366203308,,,,,,,,,,,,
36,,,93699,4.0,0.9864500164985657,0.9581454992294312,0.03199354559183121,0.9685568809509277,0.948293924331665,3.8232107162475586,3.4973039627075195,864.0,0.29391321539878845,,,,,,,,,,,,
36,,,93709,4.0,0.9907000064849854,0.9787282943725586,0.02404220961034298,0.977908730506897,0.9795516729354858,4.282415866851807,3.7403926849365234,879.0,0.5179809927940369,,,,,,,,,,,,
36,,,93719,4.0,0.9880499839782715,0.9582008123397827,0.027355099096894264,0.9577949047088623,0.95860755443573,4.029649257659912,3.5931777954101562,1059.0,0.40911605954170227,,,,,,,,,,,,
36,,,93729,4.0,0.98089998960495,0.9297040700912476,0.045283861458301544,0.9305156469345093,0.9288960695266724,4.480575084686279,3.810986042022705,887.0,0.6243050694465637,,,,,,,,,,,,
36,,,93739,4.0,0.9718000292778015,0.9302806854248047,0.06081138923764229,0.9010016322135925,0.9662566184997559,4.415356159210205,3.9858572483062744,837.0,0.36868759989738464,,,,,,,,,,,,
36,,,93749,4.0,0.9832500219345093,0.9246053099632263,0.04403021186590195,0.9566599130630493,0.8973125219345093,4.412323474884033,3.8262763023376465,814.0,0.5420169830322266,,,,,,,,,,,,
36,,,93759,4.0,0.9855499863624573,0.8872071504592896,0.03754647448658943,0.9059162139892578,0.8702722787857056,4.948718070983887,4.498599052429199,408.0,0.41257229447364807,,,,,,,,,,,,
36,,,93769,4.0,0.987500011920929,0.8439980149269104,0.028742296621203423,0.8383334875106812,0.8498661518096924,4.234226703643799,3.843294620513916,164.0,0.36218997836112976,,,,,,,,,,,,
36,,,93779,4.0,0.9848499894142151,0.8964572548866272,0.036430273205041885,0.8799728155136108,0.9145963191986084,4.945822715759277,4.646165370941162,237.0,0.26322686672210693,,,,,,,,,,,,
36,,,93789,4.0,0.9932000041007996,0.9699051380157471,0.01691524125635624,0.9684466123580933,0.9713741540908813,3.972989082336426,3.6937670707702637,743.0,0.26230674982070923,,,,,,,,,,,,
36,,,93799,4.0,0.9908000230789185,0.9020092487335205,0.02249244600534439,0.8719857931137085,0.9376686811447144,4.266593933105469,3.814305543899536,151.0,0.4297961890697479,,,,,,,,,,,,
36,,,93809,4.0,0.9866999983787537,0.9473558664321899,0.031607527285814285,0.9452248215675354,0.9495111703872681,4.521516799926758,4.1584601402282715,828.0,0.33144885301589966,,,,,,,,,,,,
36,,,93819,4.0,0.9873499870300293,0.9381191730499268,0.030583132058382034,0.9453242421150208,0.9311739206314087,3.8112759590148926,3.5375473499298096,747.0,0.2431454211473465,,,,,,,,,,,,
36,,,93829,4.0,0.9815499782562256,0.9318608045578003,0.04364413022994995,0.9171042442321777,0.9479360580444336,4.607508659362793,4.28041934967041,616.0,0.2834452688694,,,,,,,,,,,,
36,,,93839,4.0,0.9710999727249146,0.8120740652084351,0.07628259062767029,0.8865875005722046,0.7635048031806946,8.932250022888184,7.079927444458008,474.0,1.776039719581604,,,,,,,,,,,,
36,,,93849,4.0,0.9821500182151794,0.9004209637641907,0.03964933753013611,0.9437353610992432,0.8655722737312317,4.037688732147217,3.805403232574463,401.0,0.19263607263565063,,,,,,,,,,,,
36,,,93859,4.0,0.9751999974250793,0.9440603256225586,0.061220183968544006,0.9668114185333252,0.9242057204246521,5.260628700256348,4.218873023986816,1242.0,0.9805353283882141,,,,,,,,,,,,
36,,,93869,4.0,0.984000027179718,0.9306445121765137,0.040712978690862656,0.9352863430976868,0.9261161684989929,5.140628814697266,4.349612712860107,536.0,0.7503033876419067,,,,,,,,,,,,
36,,,93879,4.0,0.9865000247955322,0.9285410642623901,0.0433172769844532,0.9524174928665161,0.9073268175125122,4.074187755584717,3.726058006286621,708.0,0.3048122525215149,,,,,,,,,,,,
36,,,93889,4.0,0.9897000193595886,0.9611877202987671,0.02865268476307392,0.9719012975692749,0.9510345458984375,4.313723564147949,3.748542070388794,943.0,0.5365285873413086,,,,,,,,,,,,
36,,,93899,4.0,0.9904999732971191,0.9370952844619751,0.026578063145279884,0.9531849026679993,0.9222062826156616,5.228665828704834,4.845957279205322,314.0,0.35613059997558594,,,,,,,,,,,,
36,,,93909,4.0,0.9888499975204468,0.9652584791183472,0.026202188804745674,0.9660965800285339,0.9644241333007812,3.8930506706237793,3.4198431968688965,1008.0,0.4470052719116211,,,,,,,,,,,,
36,,,93919,4.0,0.979449987411499,0.9364910125732422,0.04924970492720604,0.9273107051849365,0.9461835622787476,4.127806186676025,3.69242787361145,902.0,0.3861285448074341,,,,,,,,,,,,
36,,,93929,4.0,0.9868500232696533,0.9608273506164551,0.038363829255104065,0.9432610273361206,0.9802662134170532,4.706849098205566,3.46097993850708,961.0,1.2075053453445435,,,,,,,,,,,,
36,,,93939,4.0,0.98294997215271,0.867491602897644,0.04422363266348839,0.8519772291183472,0.8845739960670471,5.25789737701416,4.560338497161865,219.0,0.6533352136611938,,,,,,,,,,,,
36,,,93949,4.0,0.9836000204086304,0.9413318634033203,0.045583952218294144,0.9532302618026733,0.9301605224609375,4.263450622558594,3.7380714416503906,1064.0,0.47979527711868286,,,,,,,,,,,,
36,,,93959,4.0,0.9861999750137329,0.9534962177276611,0.03267810866236687,0.955817461013794,0.9512037038803101,4.315847396850586,3.9395837783813477,874.0,0.34358546137809753,,,,,,,,,,,,
36,,,93969,4.0,0.9897000193595886,0.9547321796417236,0.023316286504268646,0.9582767486572266,0.9512503147125244,3.4486892223358154,3.1929562091827393,926.0,0.23241665959358215,,,,,,,,,,,,
36,,,93979,4.0,0.9890000224113464,0.9643368124961853,0.027067605406045914,0.9606181383132935,0.968130350112915,4.436221122741699,3.996631145477295,786.0,0.4125221073627472,,,,,,,,,,,,
36,,,93989,4.0,0.9853500127792358,0.927448570728302,0.03586045652627945,0.9092754125595093,0.947567343711853,5.412079811096191,5.179587364196777,420.0,0.1966319978237152,,,,,,,,,,,,
36,,,93999,4.0,0.9912999868392944,0.919805645942688,0.02055443450808525,0.9169042110443115,0.9227504730224609,4.5060014724731445,4.270482063293457,344.0,0.21496497094631195,,,,,,,,,,,,
36,,,94009,4.0,0.990149974822998,0.9369664192199707,0.025004619732499123,0.963541567325592,0.9135256409645081,4.451714038848877,4.315209865570068,338.0,0.11149968951940536,,,,,,,,,,,,
36,,,94019,4.0,0.9787499904632568,0.9005496501922607,0.05313299596309662,0.8970935940742493,0.9040758609771729,5.561235427856445,5.2154436111450195,567.0,0.2926587164402008,,,,,,,,,,,,
36,,,94029,4.0,0.9855999946594238,0.9620739221572876,0.03849196806550026,0.9651682376861572,0.9590333700180054,5.062089443206787,4.645364284515381,1081.0,0.37823283672332764,,,,,,,,,,,,
36,,,94039,4.0,0.980650007724762,0.9184437990188599,0.04591056704521179,0.9290697574615479,0.9084142446517944,4.331640720367432,4.035698413848877,744.0,0.25003188848495483,,,,,,,,,,,,
36,,,94049,4.0,0.9869499802589417,0.8960113525390625,0.0317743755877018,0.915594220161438,0.8783202171325684,4.821069240570068,4.524645805358887,271.0,0.26464909315109253,,,,,,,,,,,,
36,,,94059,4.0,0.9872000217437744,0.885978102684021,0.04083526134490967,0.9564006328582764,0.835365891456604,6.589807033538818,6.149621486663818,504.0,0.3993501365184784,,,,,,,,,,,,
36,,,94069,4.0,0.9815499782562256,0.8893253803253174,0.04231022298336029,0.8771852254867554,0.9023721218109131,4.8543009757995605,4.332716464996338,271.0,0.47927412390708923,,,,,,,,,,,,
36,,,94079,4.0,0.9905499815940857,0.9323313236236572,0.023814337328076363,0.9662951231002808,0.9033240079879761,4.7326130867004395,4.448086738586426,413.0,0.26071226596832275,,,,,,,,,,,,
36,,,94089,4.0,0.9817500114440918,0.837566077709198,0.05426526442170143,0.9069777131080627,0.7894832491874695,6.396479606628418,5.772150993347168,192.0,0.5700629353523254,,,,,,,,,,,,
36,,,94099,4.0,0.9868000149726868,0.9150792360305786,0.02935398556292057,0.9111932516098022,0.9190469980239868,4.054866790771484,3.861283302307129,355.0,0.1642294079065323,,,,,,,,,,,,
36,,,94109,4.0,0.9857000112533569,0.9472706913948059,0.02985980547964573,0.9712342619895935,0.9260314702987671,3.924483060836792,3.6458895206451416,868.0,0.2487337589263916,,,,,,,,,,,,
36,,,94119,4.0,0.9751999974250793,0.9002645015716553,0.0563432015478611,0.8907729983329773,0.910321831703186,5.235683441162109,4.785671234130859,496.0,0.3936693072319031,,,,,,,,,,,,
36,,,94129,4.0,0.98089998960495,0.9253172874450684,0.049440883100032806,0.9083724021911621,0.9440322518348694,6.489321708679199,5.831912994384766,494.0,0.6079677939414978,,,,,,,,,,,,
36,,,94139,4.0,0.9872000217437744,0.9011666774749756,0.029154110699892044,0.9094393253326416,0.8932479619979858,5.650214195251465,4.932967662811279,256.0,0.6880921721458435,,,,,,,,,,,,
36,,,94149,4.0,0.9874500036239624,0.9618723392486572,0.03062354400753975,0.9624478816986084,0.9612985849380493,4.181817054748535,3.6008846759796143,1010.0,0.5503091812133789,,,,,,,,,,,,
36,,,94159,4.0,0.9854000210762024,0.9399424195289612,0.03374894708395004,0.9483116865158081,0.9319303035736084,4.479459285736084,4.155514240264893,811.0,0.29019588232040405,,,,,,,,,,,,
36,,,94169,4.0,0.9865000247955322,0.9529874324798584,0.03212090581655502,0.9456751942634583,0.9605975151062012,4.587451457977295,4.242414474487305,907.0,0.31291621923446655,,,,,,,,,,,,
36,,,94179,4.0,0.9850999712944031,0.9598888754844666,0.040490757673978806,0.9581310153007507,0.9616645574569702,4.5976386070251465,4.276281833648682,893.0,0.2808661162853241,,,,,,,,,,,,
36,,,94189,4.0,0.9757500290870667,0.9046979546546936,0.05437622591853142,0.9386563301086426,0.8763959407806396,5.406312465667725,5.178493022918701,560.0,0.1734435260295868,,,,,,,,,,,,
36,,,94199,4.0,0.9874500036239624,0.9419399499893188,0.0333540104329586,0.9560104012489319,0.9288271069526672,5.871632099151611,4.959018230438232,396.0,0.8792599439620972,,,,,,,,,,,,
36,,,94209,4.0,0.9848999977111816,0.9547214508056641,0.040785472840070724,0.9631511569023132,0.9466686248779297,5.303295135498047,4.751451015472412,842.0,0.5110586881637573,,,,,,,,,,,,
36,,,94219,4.0,0.9857500195503235,0.9288626909255981,0.03373447433114052,0.9488142728805542,0.9108179211616516,5.9190239906311035,4.515602111816406,465.0,1.369687557220459,,,,,,,,,,,,
36,,,94229,4.0,0.9857000112533569,0.878520667552948,0.03743501007556915,0.8679741621017456,0.8897408246994019,4.230318069458008,3.871311664581299,395.0,0.3215711712837219,,,,,,,,,,,,
36,,,94239,4.0,0.9907000064849854,0.916027843952179,0.02467619627714157,0.9010424613952637,0.9322630167007446,3.777801275253296,3.541670560836792,387.0,0.21145468950271606,,,,,,,,,,,,
36,,,94249,4.0,0.9879999756813049,0.9658441543579102,0.028219256550073624,0.9656307101249695,0.9660578966140747,4.630386829376221,4.027350902557373,816.0,0.574816882610321,,,,,,,,,,,,
36,,,94259,4.0,0.9932500123977661,0.8492865562438965,0.01747751235961914,0.8485260009765625,0.8500505089759827,4.565762996673584,4.156412124633789,129.0,0.39187315106391907,,,,,,,,,,,,
36,,,94269,4.0,0.9879500269889832,0.9238717555999756,0.031381722539663315,0.9384039640426636,0.9103608727455139,5.309250831604004,4.802570343017578,448.0,0.4752989709377289,,,,,,,,,,,,
36,,,94279,4.0,0.9847000241279602,0.9234501123428345,0.048626724630594254,0.955992579460144,0.8957459926605225,4.41317081451416,4.090773105621338,729.0,0.27377068996429443,,,,,,,,,,,,
36,,,94289,4.0,0.9879999756813049,0.9565971493721008,0.028263183310627937,0.9723958373069763,0.9420100450515747,4.151717185974121,3.8161823749542236,856.0,0.30727168917655945,,,,,,,,,,,,
36,,,94299,4.0,0.9865000247955322,0.9425714612007141,0.031111212447285652,0.949957013130188,0.9354621171951294,4.962882995605469,4.574192523956299,958.0,0.35757943987846375,,,,,,,,,,,,
36,,,94309,4.0,0.9889500141143799,0.9131131768226624,0.027141833677887917,0.9421688318252563,0.8878911137580872,4.953246116638184,4.7001800537109375,278.0,0.22592391073703766,,,,,,,,,,,,
36,,,94319,4.0,0.98785001039505,0.9711370468139648,0.03500993177294731,0.9660197496414185,0.9764119386672974,4.636203765869141,3.828315258026123,1191.0,0.7728784680366516,,,,,,,,,,,,
36,,,94329,4.0,0.9846500158309937,0.9180054664611816,0.033953480422496796,0.9320001602172852,0.9049923419952393,5.467555522918701,5.045962810516357,420.0,0.38763925433158875,,,,,,,,,,,,
36,,,94339,4.0,0.9887499809265137,0.9226230382919312,0.02711542136967182,0.9073944091796875,0.939153790473938,5.372654438018799,5.069660663604736,451.0,0.2758783996105194,,,,,,,,,,,,
36,,,94349,4.0,0.9905499815940857,0.9575649499893188,0.025652172043919563,0.9581091403961182,0.9570221900939941,4.280068397521973,3.688044786453247,763.0,0.5663712024688721,,,,,,,,,,,,
36,,,94359,4.0,0.9854000210762024,0.937048077583313,0.04730840027332306,0.9572293758392334,0.9188224673271179,5.629961967468262,5.222250461578369,912.0,0.36040329933166504,,,,,,,,,,,,
36,,,94369,4.0,0.9810500144958496,0.9531406760215759,0.04415903240442276,0.9525364637374878,0.9537471532821655,4.203052520751953,3.726287364959717,876.0,0.43260636925697327,,,,,,,,,,,,
36,,,94379,4.0,0.9892500042915344,0.9695901274681091,0.02787969447672367,0.9738035202026367,0.9654715061187744,4.269381046295166,3.9568185806274414,1057.0,0.2846827805042267,,,,,,,,,,,,
,7.015882058642164e-05,0.0007015882058642164,94387,,,,,,,,,,,,,,,,,,,,,,
37,,,94389,4.0,0.9900000095367432,0.9660519957542419,0.023056792095303535,0.9544554948806763,0.9783957004547119,3.6377618312835693,3.208860158920288,876.0,0.4058448374271393,,,,,,,,,,,,
37,,,94399,4.0,0.9846000075340271,0.9557809829711914,0.042907264083623886,0.9473239779472351,0.9646598100662231,4.945219039916992,4.469673156738281,925.0,0.4326387047767639,,,,,,,,,,,,
37,,,94409,4.0,0.9879000186920166,0.9569235444068909,0.03026524744927883,0.948033332824707,0.966251015663147,3.8734211921691895,3.4721639156341553,987.0,0.37099188566207886,,,,,,,,,,,,
37,,,94419,4.0,0.9866999983787537,0.9082314968109131,0.030012011528015137,0.9435757398605347,0.8785176873207092,4.754332065582275,4.5721964836120605,423.0,0.15212345123291016,,,,,,,,,,,,
37,,,94429,4.0,0.986299991607666,0.8507478833198547,0.03200662136077881,0.9109693765640259,0.8066118955612183,5.139992713928223,4.374774932861328,226.0,0.7332109808921814,,,,,,,,,,,,
37,,,94439,4.0,0.9795500040054321,0.914374589920044,0.04948686808347702,0.9388031959533691,0.8929144144058228,4.878247261047363,4.549618244171143,679.0,0.2791426181793213,,,,,,,,,,,,
37,,,94449,4.0,0.9872499704360962,0.9358927607536316,0.03799377381801605,0.9329726696014404,0.938857913017273,4.4732346534729,4.077272415161133,788.0,0.35796815156936646,,,,,,,,,,,,
37,,,94459,4.0,0.9899500012397766,0.9608488082885742,0.0286213718354702,0.9531116485595703,0.9689052104949951,4.124322891235352,3.7805585861206055,890.0,0.31514304876327515,,,,,,,,,,,,
37,,,94469,4.0,0.9790999889373779,0.8782888054847717,0.054348625242710114,0.9252938032150269,0.8415216207504272,5.410858154296875,4.8692779541015625,345.0,0.4872318208217621,,,,,,,,,,,,
37,,,94479,4.0,0.9846500158309937,0.936424732208252,0.03926684707403183,0.9177373051643372,0.9571946263313293,4.274612903594971,4.039458751678467,541.0,0.19588704407215118,,,,,,,,,,,,
37,,,94489,4.0,0.9861999750137329,0.9411638975143433,0.036466699093580246,0.9340591430664062,0.9485452771186829,4.502989768981934,3.8854546546936035,691.0,0.5810686945915222,,,,,,,,,,,,
37,,,94499,4.0,0.987500011920929,0.9573214054107666,0.0299154631793499,0.9573214054107666,0.9573214054107666,4.217210292816162,3.9031782150268555,888.0,0.28411635756492615,,,,,,,,,,,,
37,,,94509,4.0,0.9805999994277954,0.9159064888954163,0.05239144712686539,0.9057673215866089,0.9266563653945923,5.11492919921875,4.445919036865234,923.0,0.6166183948516846,,,,,,,,,,,,
37,,,94519,4.0,0.9803000092506409,0.9016997218132019,0.04649534448981285,0.9506402611732483,0.863404393196106,6.039346694946289,5.227323055267334,359.0,0.7655282020568848,,,,,,,,,,,,
37,,,94529,4.0,0.9818500280380249,0.8991550207138062,0.047768209129571915,0.9038349390029907,0.8945952653884888,4.783344268798828,4.511493682861328,524.0,0.22408224642276764,,,,,,,,,,,,
37,,,94539,4.0,0.986299991607666,0.9563812017440796,0.03618572652339935,0.9413777589797974,0.9727164506912231,3.7713654041290283,3.3310351371765137,760.0,0.4041444659233093,,,,,,,,,,,,
37,,,94549,4.0,0.9818999767303467,0.8345979452133179,0.047932032495737076,0.8300487995147705,0.8392843008041382,5.385354042053223,4.871271133422852,241.0,0.46615099906921387,,,,,,,,,,,,
37,,,94559,4.0,0.986050009727478,0.8469115495681763,0.028991442173719406,0.7984322905540466,0.9158339500427246,4.2999491691589355,4.008574485778809,129.0,0.2623836100101471,,,,,,,,,,,,
37,,,94569,4.0,0.9835000038146973,0.9486019611358643,0.037155162543058395,0.9554067850112915,0.9420458078384399,4.408355712890625,3.7285804748535156,1141.0,0.6426198482513428,,,,,,,,,,,,
37,,,94579,4.0,0.9872000217437744,0.9735482931137085,0.032449498772621155,0.9692484140396118,0.9779672026634216,4.509088039398193,4.026097774505615,1237.0,0.45054036378860474,,,,,,,,,,,,
37,,,94589,4.0,0.9822499752044678,0.908779501914978,0.042464323341846466,0.8948259949684143,0.923904299736023,5.213656425476074,4.867827892303467,413.0,0.3033641278743744,,,,,,,,,,,,
37,,,94599,4.0,0.984000027179718,0.93935626745224,0.04026037082076073,0.9592278003692627,0.921418309211731,4.141080856323242,3.9344775676727295,835.0,0.16634291410446167,,,,,,,,,,,,
37,,,94609,4.0,0.9911500215530396,0.9372113943099976,0.02188524790108204,0.9398156404495239,0.9346404075622559,4.747045993804932,4.42829704284668,414.0,0.2968635857105255,,,,,,,,,,,,
37,,,94619,4.0,0.9855999946594238,0.8520193099975586,0.061365026980638504,0.8938137292861938,0.8186625242233276,5.045921325683594,4.68380880355835,234.0,0.30074745416641235,,,,,,,,,,,,
37,,,94629,4.0,0.9736499786376953,0.8792828321456909,0.06620334088802338,0.8822281360626221,0.876389741897583,4.451793193817139,4.219956874847412,339.0,0.16563338041305542,,,,,,,,,,,,
37,,,94639,4.0,0.9925500154495239,0.956220269203186,0.018050624057650566,0.9584300518035889,0.9540339708328247,4.321067810058594,4.055603504180908,510.0,0.24741357564926147,,,,,,,,,,,,
37,,,94649,4.0,0.9870499968528748,0.9705662727355957,0.028724484145641327,0.9807075262069702,0.9610042572021484,4.2223734855651855,3.864895820617676,1012.0,0.32875341176986694,,,,,,,,,,,,
37,,,94659,4.0,0.9898999929428101,0.9568098783493042,0.02395027130842209,0.947788655757904,0.9662642478942871,3.8289830684661865,3.4917116165161133,808.0,0.313321053981781,,,,,,,,,,,,
37,,,94669,4.0,0.9786999821662903,0.8642523288726807,0.04176365211606026,0.86382657289505,0.864679217338562,6.012110710144043,5.482348918914795,240.0,0.48799800872802734,,,,,,,,,,,,
37,,,94679,4.0,0.9873999953269958,0.9141562581062317,0.03108256869018078,0.9152016639709473,0.9131165742874146,4.653902530670166,4.410431385040283,233.0,0.21238838136196136,,,,,,,,,,,,
37,,,94689,4.0,0.993399977684021,0.9660657644271851,0.019868405535817146,0.9873160123825073,0.9467928409576416,4.3826470375061035,3.9882616996765137,562.0,0.37451696395874023,,,,,,,,,,,,
37,,,94699,4.0,0.9791499972343445,0.8480738401412964,0.050649601966142654,0.8954066038131714,0.8116176128387451,5.014059066772461,4.770839691162109,259.0,0.1925697922706604,,,,,,,,,,,,
37,,,94709,4.0,0.9855999946594238,0.8641890287399292,0.03411230817437172,0.9318625926971436,0.8157753348350525,5.783059120178223,5.331081390380859,313.0,0.417865127325058,,,,,,,,,,,,
37,,,94719,4.0,0.9915000200271606,0.936471164226532,0.02306097373366356,0.9316712617874146,0.9413881301879883,4.082921504974365,3.742114782333374,394.0,0.3177456557750702,,,,,,,,,,,,
37,,,94729,4.0,0.9883999824523926,0.8907915353775024,0.03162267431616783,0.9160733222961426,0.8685784339904785,4.1639275550842285,3.889997720718384,251.0,0.2423071414232254,,,,,,,,,,,,
37,,,94739,4.0,0.9859499931335449,0.9466257095336914,0.03159620240330696,0.9444538354873657,0.9488229751586914,4.297614574432373,3.965770721435547,773.0,0.3002478778362274,,,,,,,,,,,,
37,,,94749,4.0,0.9774500131607056,0.9333109259605408,0.0642365887761116,0.9163782596588135,0.952117919921875,3.872546911239624,3.2618274688720703,947.0,0.5464827418327332,,,,,,,,,,,,
37,,,94759,4.0,0.9905999898910522,0.9206528663635254,0.025277523323893547,0.9180037975311279,0.9233382344245911,3.971975564956665,3.7721617221832275,388.0,0.1745363026857376,,,,,,,,,,,,
37,,,94769,4.0,0.9887999892234802,0.9270833730697632,0.039598867297172546,0.929140567779541,0.9250476360321045,5.094547748565674,4.561622619628906,308.0,0.493326336145401,,,,,,,,,,,,
37,,,94779,4.0,0.988099992275238,0.9691184759140015,0.03354110196232796,0.9733682870864868,0.964968204498291,4.427401065826416,4.064619064331055,1031.0,0.3292407989501953,,,,,,,,,,,,
37,,,94789,4.0,0.9861500263214111,0.9160916209220886,0.030279776081442833,0.9086413979530334,0.9238498210906982,4.521018981933594,4.17926549911499,543.0,0.31147363781929016,,,,,,,,,,,,
37,,,94799,4.0,0.9833999872207642,0.9102470874786377,0.04183106869459152,0.9043370485305786,0.9163552522659302,5.597413539886475,5.309512138366699,478.0,0.2460705190896988,,,,,,,,,,,,
37,,,94809,4.0,0.9897000193595886,0.9544506072998047,0.028212903067469597,0.9362425804138184,0.9745128750801086,4.609027862548828,4.151706218719482,805.0,0.4291086494922638,,,,,,,,,,,,
37,,,94819,4.0,0.9917500019073486,0.9665770530700684,0.02356075681746006,0.9751222133636475,0.9583829641342163,3.749737501144409,3.49415922164917,924.0,0.23201753199100494,,,,,,,,,,,,
37,,,94829,4.0,0.9908999800682068,0.9564154744148254,0.02473212592303753,0.9465534687042236,0.9667876958847046,5.115870952606201,4.623229026794434,351.0,0.46790969371795654,,,,,,,,,,,,
37,,,94839,4.0,0.9889000058174133,0.9752040505409241,0.02904408611357212,0.9714595079421997,0.9790340662002563,4.766713619232178,3.860872507095337,1012.0,0.8767967820167542,,,,,,,,,,,,
37,,,94849,4.0,0.9873499870300293,0.958663821220398,0.036398909986019135,0.967220664024353,0.9504827260971069,4.101130485534668,3.7049448490142822,565.0,0.3597865700721741,,,,,,,,,,,,
37,,,94859,4.0,0.9912999868392944,0.9638497233390808,0.025376880541443825,0.9821149706840515,0.9471190571784973,3.537045478820801,3.279320240020752,899.0,0.23234836757183075,,,,,,,,,,,,
37,,,94869,4.0,0.9853500127792358,0.8941106200218201,0.03581397980451584,0.8577494621276855,0.9396382570266724,4.475284099578857,4.137749195098877,327.0,0.3017210066318512,,,,,,,,,,,,
37,,,94879,4.0,0.9910500049591064,0.9629316329956055,0.022678621113300323,0.9617661833763123,0.9641040563583374,3.7377498149871826,3.307353973388672,887.0,0.407717227935791,,,,,,,,,,,,
37,,,94889,4.0,0.9837499856948853,0.8274432420730591,0.039472922682762146,0.8649277687072754,0.7973109483718872,6.259693622589111,5.235378265380859,266.0,0.9848423600196838,,,,,,,,,,,,
37,,,94899,4.0,0.9815999865531921,0.9411998987197876,0.054827604442834854,0.9604120254516602,0.9238644242286682,5.601241588592529,5.380765438079834,1266.0,0.16564829647541046,,,,,,,,,,,,
37,,,94909,4.0,0.9894499778747559,0.9517455101013184,0.025940822437405586,0.9586212038993835,0.945101797580719,4.252898693084717,3.783414363861084,886.0,0.44354331493377686,,,,,,,,,,,,
37,,,94919,4.0,0.9814500212669373,0.8488019704818726,0.04324971139431,0.8676890134811401,0.831900954246521,5.95359992980957,5.223667621612549,323.0,0.6866828203201294,,,,,,,,,,,,
37,,,94929,4.0,0.9883000254631042,0.9174795150756836,0.027804367244243622,0.9506698250770569,0.8891949653625488,5.795159339904785,5.4449849128723145,418.0,0.32236993312835693,,,,,,,,,,,,
37,,,94939,4.0,0.9851999878883362,0.8291733264923096,0.036746375262737274,0.8328473567962646,0.8255841732025146,4.709824085235596,4.493281364440918,177.0,0.17979620397090912,,,,,,,,,,,,
37,,,94949,4.0,0.9882000088691711,0.962070107460022,0.029772412031888962,0.9508312940597534,0.9740272760391235,4.302392482757568,3.6396474838256836,942.0,0.6329723000526428,,,,,,,,,,,,
37,,,94959,4.0,0.9927999973297119,0.9415371417999268,0.02067294530570507,0.9657062888145447,0.919912576675415,4.7687602043151855,4.594964027404785,334.0,0.15312327444553375,,,,,,,,,,,,
37,,,94969,4.0,0.9897000193595886,0.8922582864761353,0.026071179658174515,0.9018663167953491,0.883124589920044,5.084107398986816,4.595134735107422,299.0,0.4629015624523163,,,,,,,,,,,,
37,,,94979,4.0,0.9894000291824341,0.8825687170028687,0.028042251244187355,0.8874855041503906,0.8777819871902466,4.910366535186768,4.66430139541626,207.0,0.21802277863025665,,,,,,,,,,,,
37,,,94989,4.0,0.9757500290870667,0.9457294940948486,0.0568896047770977,0.9643503427505493,0.9290944933891296,4.533809661865234,3.950981616973877,1075.0,0.5259385108947754,,,,,,,,,,,,
37,,,94999,4.0,0.985450029373169,0.9144973158836365,0.03663961961865425,0.9224286079406738,0.9068900942802429,4.78062629699707,4.3116936683654785,343.0,0.4322931468486786,,,,,,,,,,,,
37,,,95009,4.0,0.98294997215271,0.9267884492874146,0.04251725599169731,0.9538378119468689,0.9032192826271057,5.526830673217773,5.384953022003174,465.0,0.09936036914587021,,,,,,,,,,,,
37,,,95019,4.0,0.9889500141143799,0.979833722114563,0.027072781696915627,0.9821478724479675,0.9775552153587341,3.7264411449432373,3.2510273456573486,933.0,0.44834113121032715,,,,,,,,,,,,
37,,,95029,4.0,0.9746999740600586,0.8953279256820679,0.11081141233444214,0.9326508641242981,0.8648086786270142,5.580990791320801,4.983383655548096,663.0,0.4867960810661316,,,,,,,,,,,,
37,,,95039,4.0,0.9888499975204468,0.9529705047607422,0.028066201135516167,0.9508130550384521,0.9551520347595215,3.722076654434204,3.499249219894409,856.0,0.19476117193698883,,,,,,,,,,,,
37,,,95049,4.0,0.9879999756813049,0.9515380859375,0.03793887794017792,0.9357649087905884,0.9687198400497437,3.4809587001800537,3.142249345779419,848.0,0.30077052116394043,,,,,,,,,,,,
37,,,95059,4.0,0.9946500062942505,0.9553000330924988,0.011960267089307308,0.9659088253974915,0.945195734500885,3.302504539489746,3.096506357192993,451.0,0.19403794407844543,,,,,,,,,,,,
37,,,95069,4.0,0.9789999723434448,0.9260861873626709,0.048600584268569946,0.9436715841293335,0.9101045727729797,6.42276668548584,5.388166904449463,559.0,0.9859988689422607,,,,,,,,,,,,
37,,,95079,4.0,0.991349995136261,0.9505432844161987,0.02106914483010769,0.96990966796875,0.9328664541244507,4.29050874710083,3.869527816772461,672.0,0.39991188049316406,,,,,,,,,,,,
37,,,95089,4.0,0.9867500066757202,0.867834210395813,0.031697288155555725,0.8626916408538818,0.8731348514556885,5.254123210906982,5.050734043121338,261.0,0.17169177532196045,,,,,,,,,,,,
37,,,95099,4.0,0.9811499714851379,0.8584259748458862,0.042138248682022095,0.8596839904785156,0.8571775555610657,5.961913585662842,5.4063720703125,204.0,0.5134035348892212,,,,,,,,,,,,
37,,,95109,4.0,0.9889500141143799,0.9572972059249878,0.02641727589070797,0.9671257138252258,0.947944164276123,4.007045269012451,3.5006136894226074,1021.0,0.48001426458358765,,,,,,,,,,,,
37,,,95119,4.0,0.9928500056266785,0.9086892008781433,0.017703332006931305,0.9454134702682495,0.877781867980957,4.69752311706543,4.4372334480285645,188.0,0.2425859570503235,,,,,,,,,,,,
37,,,95129,4.0,0.989300012588501,0.9622266292572021,0.028243768960237503,0.9681177139282227,0.9565111994743347,4.157777309417725,3.7390425205230713,944.0,0.39049097895622253,,,,,,,,,,,,
37,,,95139,4.0,0.9797999858856201,0.8680151700973511,0.049104269593954086,0.9005544781684875,0.8408013582229614,5.863342761993408,5.336675643920898,351.0,0.47756272554397583,,,,,,,,,,,,
37,,,95149,4.0,0.983299970626831,0.9063154458999634,0.03766001760959625,0.9143407940864563,0.8986303806304932,5.077447891235352,4.350107192993164,552.0,0.6896805763244629,,,,,,,,,,,,
37,,,95159,4.0,0.9771000146865845,0.9406449794769287,0.05468905717134476,0.9527037739753723,0.92940753698349,5.053813457489014,4.329340934753418,1066.0,0.6697835922241211,,,,,,,,,,,,
37,,,95169,4.0,0.978600025177002,0.9014410972595215,0.05085058510303497,0.8843364119529724,0.9204143285751343,6.122602462768555,5.295627593994141,450.0,0.7761245965957642,,,,,,,,,,,,
37,,,95179,4.0,0.9810000061988831,0.8073796629905701,0.06897513568401337,0.9610843062400818,0.7332103252410889,5.336933612823486,4.874105930328369,352.0,0.39385274052619934,,,,,,,,,,,,
37,,,95189,4.0,0.9805499911308289,0.9393347501754761,0.05126873031258583,0.9656679034233093,0.9164390563964844,7.791883945465088,5.49442195892334,1129.0,2.2461934089660645,,,,,,,,,,,,
37,,,95199,4.0,0.98785001039505,0.9452672600746155,0.029822466894984245,0.9381471872329712,0.9526596069335938,4.760891437530518,4.5191569328308105,566.0,0.21191200613975525,,,,,,,,,,,,
37,,,95209,4.0,0.9817000031471252,0.9448014497756958,0.0429517962038517,0.9622985124588013,0.9288862943649292,4.6097235679626465,4.289813995361328,901.0,0.2769581973552704,,,,,,,,,,,,
37,,,95219,4.0,0.9781500101089478,0.937217116355896,0.050239697098731995,0.9214545488357544,0.9545907974243164,5.606182098388672,5.25070333480835,756.0,0.30523937940597534,,,,,,,,,,,,
37,,,95229,4.0,0.9868000149726868,0.9368860721588135,0.036135438829660416,0.9535558819770813,0.921552300453186,5.513881206512451,5.195002555847168,510.0,0.282742977142334,,,,,,,,,,,,
37,,,95239,4.0,0.9865999817848206,0.9599171280860901,0.032560162246227264,0.9590213298797607,0.960817277431488,3.813392162322998,3.4350268840789795,837.0,0.3458051085472107,,,,,,,,,,,,
37,,,95249,4.0,0.9779999852180481,0.9209627509117126,0.04324134439229965,0.8844543695449829,0.9671815633773804,3.9259486198425293,3.5769612789154053,910.0,0.3057461380958557,,,,,,,,,,,,
37,,,95259,4.0,0.9768999814987183,0.9237056970596313,0.05829848721623421,0.9545003175735474,0.8976039886474609,5.18489408493042,4.952123165130615,1121.0,0.17447227239608765,,,,,,,,,,,,
37,,,95269,4.0,0.9830499887466431,0.9612902998924255,0.044245846569538116,0.972985029220581,0.9503738284111023,4.5904541015625,4.186771392822266,1287.0,0.35943683981895447,,,,,,,,,,,,
37,,,95279,4.0,0.9887999892234802,0.958959698677063,0.027579693123698235,0.9621407985687256,0.9558305740356445,3.9974119663238525,3.756645679473877,903.0,0.21318647265434265,,,,,,,,,,,,
37,,,95289,4.0,0.9868000149726868,0.8036601543426514,0.030288543552160263,0.8063013553619385,0.8010662198066711,3.7409660816192627,3.419243335723877,149.0,0.2914341986179352,,,,,,,,,,,,
37,,,95299,4.0,0.9887999892234802,0.9558192491531372,0.028046924620866776,0.9479063749313354,0.9640695452690125,3.8620169162750244,3.595975399017334,834.0,0.2379947453737259,,,,,,,,,,,,
37,,,95309,4.0,0.9911999702453613,0.9607786536216736,0.020869055762887,0.970030665397644,0.951935350894928,3.8393402099609375,3.51668381690979,904.0,0.3017873167991638,,,,,,,,,,,,
37,,,95319,4.0,0.9890499711036682,0.9213813543319702,0.02622106298804283,0.9150316119194031,0.9279464483261108,5.649805545806885,4.945408344268799,463.0,0.6781757473945618,,,,,,,,,,,,
37,,,95329,4.0,0.9887499809265137,0.9152691960334778,0.023709319531917572,0.9185000658035278,0.912091851234436,4.492258548736572,3.906768560409546,312.0,0.5617806315422058,,,,,,,,,,,,
37,,,95339,4.0,0.9890000224113464,0.9478483200073242,0.025788564234972,0.9329703450202942,0.9639471769332886,4.877612590789795,4.299532890319824,522.0,0.5522910952568054,,,,,,,,,,,,
37,,,95349,4.0,0.9873499870300293,0.9240341782569885,0.027684185653924942,0.9242668151855469,0.9238018989562988,4.031515121459961,3.7237727642059326,656.0,0.2800583243370056,,,,,,,,,,,,
37,,,95359,4.0,0.9801999926567078,0.7860690951347351,0.04081764444708824,0.8118903636932373,0.7644282579421997,5.490453720092773,4.926117420196533,305.0,0.5235183238983154,,,,,,,,,,,,
37,,,95369,4.0,0.9915500283241272,0.9104515314102173,0.01931004598736763,0.9202114939689636,0.9011589884757996,4.709217071533203,4.148217678070068,250.0,0.5416894555091858,,,,,,,,,,,,
37,,,95379,4.0,0.9898499846458435,0.9609570503234863,0.025253260508179665,0.9373248815536499,0.9878519773483276,3.641914129257202,3.2796781063079834,737.0,0.336982786655426,,,,,,,,,,,,
37,,,95389,4.0,0.9882000088691711,0.9321452379226685,0.05396098643541336,0.9649579524993896,0.9040787220001221,3.980516195297241,3.6825122833251953,768.0,0.24404291808605194,,,,,,,,,,,,
37,,,95399,4.0,0.9932000041007996,0.9658862352371216,0.018323931843042374,0.9658862352371216,0.9658862352371216,3.3786113262176514,3.102452516555786,648.0,0.25783485174179077,,,,,,,,,,,,
37,,,95409,4.0,0.994350016117096,0.9590522050857544,0.013128080405294895,0.9520649909973145,0.9662777185440063,4.011992454528809,3.673175573348999,249.0,0.32568901777267456,,,,,,,,,,,,
37,,,95419,4.0,0.9844499826431274,0.963841438293457,0.04245179891586304,0.977837085723877,0.9509304761886597,4.259854316711426,3.8377432823181152,1202.0,0.37965908646583557,,,,,,,,,,,,
37,,,95429,4.0,0.9924499988555908,0.9711110591888428,0.01883653551340103,0.9731353521347046,0.9691071510314941,3.5618724822998047,3.2606003284454346,942.0,0.2824356257915497,,,,,,,,,,,,
37,,,95439,4.0,0.9890999794006348,0.9687744975090027,0.029052233323454857,0.9751677513122559,0.9625964164733887,3.508232593536377,3.1753928661346436,937.0,0.3037874400615692,,,,,,,,,,,,
37,,,95449,4.0,0.9855499863624573,0.9533151388168335,0.03438276797533035,0.9634439945220947,0.943716287612915,4.660148620605469,4.31386137008667,903.0,0.3119044601917267,,,,,,,,,,,,
37,,,95459,4.0,0.9919000267982483,0.966704249382019,0.021141059696674347,0.9544117450714111,0.9798015356063843,3.6385488510131836,3.3785486221313477,854.0,0.23885928094387054,,,,,,,,,,,,
37,,,95469,4.0,0.9865999817848206,0.9480946660041809,0.03388911858201027,0.9256051778793335,0.9736179113388062,3.8407137393951416,3.493258237838745,675.0,0.3135664463043213,,,,,,,,,,,,
37,,,95479,4.0,0.9901000261306763,0.9618048667907715,0.02702874131500721,0.9624192714691162,0.9611924886703491,4.4209208488464355,3.8969223499298096,879.0,0.496969610452652,,,,,,,,,,,,
37,,,95489,4.0,0.9805999994277954,0.7962582111358643,0.041663285344839096,0.8791458606719971,0.744428277015686,5.8883562088012695,5.436696529388428,249.0,0.40999674797058105,,,,,,,,,,,,
37,,,95499,4.0,0.9844499826431274,0.9273463487625122,0.03442519158124924,0.9229729771614075,0.9318248629570007,4.115314483642578,3.6171717643737793,577.0,0.46371743083000183,,,,,,,,,,,,
37,,,95509,4.0,0.9891999959945679,0.923123836517334,0.0258413627743721,0.9187068939208984,0.9276434183120728,4.488827705383301,4.0423197746276855,336.0,0.4206668436527252,,,,,,,,,,,,
37,,,95519,4.0,0.9873499870300293,0.9356420040130615,0.030981944873929024,0.9481533765792847,0.9238939881324768,4.05861234664917,3.6259114742279053,684.0,0.4017188251018524,,,,,,,,,,,,
37,,,95529,4.0,0.9787499904632568,0.880119800567627,0.04560251161456108,0.889104962348938,0.8715882301330566,6.036957740783691,5.661039352416992,348.0,0.33031612634658813,,,,,,,,,,,,
37,,,95539,4.0,0.982450008392334,0.9355907440185547,0.04620197042822838,0.9713653326034546,0.9057117700576782,4.149377822875977,3.8457210063934326,900.0,0.25745508074760437,,,,,,,,,,,,
37,,,95549,4.0,0.9825500249862671,0.8337927460670471,0.036193445324897766,0.8371368646621704,0.8305190205574036,5.918776035308838,5.511456489562988,297.0,0.371126264333725,,,,,,,,,,,,
37,,,95559,4.0,0.984749972820282,0.9451625943183899,0.03556813672184944,0.930159330368042,0.961491584777832,4.696676254272461,4.371542453765869,795.0,0.2895655035972595,,,,,,,,,,,,
37,,,95569,4.0,0.987500011920929,0.9361429214477539,0.03255324065685272,0.9059531688690186,0.9719353318214417,5.200699329376221,4.652534484863281,353.0,0.5156115889549255,,,,,,,,,,,,
37,,,95579,4.0,0.9797499775886536,0.9348214268684387,0.049529362469911575,0.9532874226570129,0.9181180000305176,6.707916259765625,5.8712053298950195,957.0,0.7871814966201782,,,,,,,,,,,,
37,,,95589,4.0,0.9860000014305115,0.8847439885139465,0.03185730054974556,0.8667072057723999,0.9048118591308594,3.98362135887146,3.692728281021118,272.0,0.2590358555316925,,,,,,,,,,,,
37,,,95599,4.0,0.9903500080108643,0.9545358419418335,0.02521006017923355,0.959344744682312,0.949840247631073,3.757847547531128,3.4992167949676514,677.0,0.23342068493366241,,,,,,,,,,,,
37,,,95609,4.0,0.9734500050544739,0.8655374646186829,0.06705638766288757,0.926910400390625,0.8212186098098755,5.940670013427734,4.750354290008545,490.0,1.1232595443725586,,,,,,,,,,,,
37,,,95619,4.0,0.9861000180244446,0.95012366771698,0.02922293171286583,0.9410234689712524,0.9596896171569824,3.7512426376342773,3.380612373352051,703.0,0.3414073586463928,,,,,,,,,,,,
37,,,95629,4.0,0.9879000186920166,0.8953720331192017,0.03355954959988594,0.8669030666351318,0.9290501475334167,3.5934150218963623,3.3031375408172607,261.0,0.2567179203033447,,,,,,,,,,,,
37,,,95639,4.0,0.9907500147819519,0.9627872705459595,0.03021148405969143,0.9565920233726501,0.9691833257675171,5.009530067443848,4.593889236450195,828.0,0.3854292631149292,,,,,,,,,,,,
37,,,95649,4.0,0.9871500134468079,0.8643697500228882,0.034954413771629333,0.9113575220108032,0.8274856805801392,4.02684211730957,3.7502007484436035,266.0,0.2416871041059494,,,,,,,,,,,,
37,,,95659,4.0,0.9810500144958496,0.8600226044654846,0.04530618339776993,0.9111055135726929,0.821038007736206,5.162949085235596,4.839011192321777,328.0,0.27863165736198425,,,,,,,,,,,,
37,,,95669,4.0,0.9829000234603882,0.9252507090568542,0.040517207235097885,0.9322378039360046,0.9185205101966858,4.116460800170898,3.75313138961792,790.0,0.3228122591972351,,,,,,,,,,,,
37,,,95679,4.0,0.9738500118255615,0.8980605602264404,0.06187806278467178,0.8713726997375488,0.9298396110534668,5.262040138244629,4.879945278167725,600.0,0.3202168345451355,,,,,,,,,,,,
37,,,95689,4.0,0.9873999953269958,0.9462400078773499,0.03112892061471939,0.9658478498458862,0.9284493327140808,4.262796878814697,3.988133192062378,887.0,0.24353446066379547,,,,,,,,,,,,
37,,,95699,4.0,0.9934499859809875,0.9605794548988342,0.019396847113966942,0.9749807715415955,0.9471081495285034,5.352073669433594,4.951916217803955,400.0,0.3807604908943176,,,,,,,,,,,,
37,,,95709,4.0,0.9805499911308289,0.9315213561058044,0.05212511122226715,0.9156807661056519,0.9489121437072754,5.059815883636475,4.491549015045166,904.0,0.5161417722702026,,,,,,,,,,,,
37,,,95719,4.0,0.9860000014305115,0.8508836030960083,0.04337906464934349,0.8961701393127441,0.8153467178344727,5.357545852661133,4.764708518981934,206.0,0.549458384513855,,,,,,,,,,,,
37,,,95729,4.0,0.9818500280380249,0.9539722204208374,0.04319078475236893,0.9399765133857727,0.969230592250824,5.481284141540527,4.088357925415039,888.0,1.3497353792190552,,,,,,,,,,,,
37,,,95739,4.0,0.9867500066757202,0.9241637587547302,0.033337220549583435,0.9261590242385864,0.9221891760826111,4.968465328216553,4.31477165222168,346.0,0.6203565001487732,,,,,,,,,,,,
37,,,95749,4.0,0.9909999966621399,0.9676468372344971,0.022636910900473595,0.9803280830383301,0.9557400941848755,4.005052089691162,3.7625434398651123,862.0,0.21987155079841614,,,,,,,,,,,,
37,,,95759,4.0,0.9911999702453613,0.9627314805984497,0.02227030135691166,0.9721996784210205,0.9536925554275513,3.9080028533935547,3.648350715637207,846.0,0.23738190531730652,,,,,,,,,,,,
37,,,95769,4.0,0.9602500200271606,0.8524512052536011,0.09312335401773453,0.8585020303726196,0.8466442823410034,5.028534412384033,4.175759315490723,623.0,0.7596517205238342,,,,,,,,,,,,
37,,,95779,4.0,0.9890000224113464,0.9567261934280396,0.02678496018052101,0.961120069026947,0.9524296522140503,4.08461856842041,3.7188286781311035,751.0,0.3390052318572998,,,,,,,,,,,,
37,,,95789,4.0,0.9878000020980835,0.9377325773239136,0.028786608949303627,0.9361364841461182,0.9393419027328491,4.7898054122924805,4.250240802764893,493.0,0.5107780694961548,,,,,,,,,,,,
37,,,95799,4.0,0.9782999753952026,0.9080991744995117,0.05323626101016998,0.8844562768936157,0.9354572892189026,5.099236488342285,4.546133041381836,643.0,0.49986693263053894,,,,,,,,,,,,
37,,,95809,4.0,0.9833999872207642,0.8528686761856079,0.03823760524392128,0.8977178335189819,0.8176581859588623,6.2845635414123535,5.835653305053711,345.0,0.41067254543304443,,,,,,,,,,,,
37,,,95819,4.0,0.9787999987602234,0.8172791004180908,0.07581355422735214,0.8492019176483154,0.7910752296447754,5.810630798339844,5.2624831199646,189.0,0.4723336696624756,,,,,,,,,,,,
37,,,95829,4.0,0.9904999732971191,0.8408228158950806,0.019998688250780106,0.8633061051368713,0.8210502862930298,5.6109418869018555,4.848113536834717,164.0,0.7428299784660339,,,,,,,,,,,,
37,,,95839,4.0,0.9713000059127808,0.8437565565109253,0.06282061338424683,0.9310327172279358,0.7884544730186462,7.128112316131592,6.758896350860596,617.0,0.3063957393169403,,,,,,,,,,,,
37,,,95849,4.0,0.984749972820282,0.9579839706420898,0.03730614483356476,0.9597043991088867,0.9562801122665405,4.424160480499268,4.099551677703857,836.0,0.2873024344444275,,,,,,,,,,,,
37,,,95859,4.0,0.9811000227928162,0.8951461315155029,0.03971254453063011,0.8724992275238037,0.9211442470550537,4.174161434173584,3.9626827239990234,344.0,0.1717662364244461,,,,,,,,,,,,
37,,,95869,4.0,0.984499990940094,0.9069703817367554,0.05205283686518669,0.9363473653793335,0.8816553354263306,5.657063007354736,5.354674816131592,496.0,0.25033503770828247,,,,,,,,,,,,
37,,,95879,4.0,0.9836999773979187,0.8883861303329468,0.03667487949132919,0.870204746723175,0.908650279045105,5.641952037811279,5.439960479736328,257.0,0.1653164029121399,,,,,,,,,,,,
37,,,95889,4.0,0.9916999936103821,0.968189001083374,0.023637549951672554,0.9776660203933716,0.9591449499130249,4.455357074737549,4.026105880737305,850.0,0.40561357140541077,,,,,,,,,,,,
37,,,95899,4.0,0.9782999753952026,0.8914293050765991,0.04831671714782715,0.8545745611190796,0.9383851885795593,5.007633209228516,3.780653238296509,537.0,1.1786632537841797,,,,,,,,,,,,
37,,,95909,4.0,0.9793000221252441,0.8956852555274963,0.045850858092308044,0.901493489742279,0.8900651931762695,4.973568916320801,4.683235168457031,439.0,0.24448300898075104,,,,,,,,,,,,
37,,,95919,4.0,0.96670001745224,0.9238334894180298,0.08563455194234848,0.914671778678894,0.9335958957672119,7.039936065673828,4.747021675109863,1162.0,2.207279682159424,,,,,,,,,,,,
37,,,95929,4.0,0.9874500036239624,0.9430578947067261,0.04106197506189346,0.9295297265052795,0.9576083421707153,4.898108959197998,4.135936737060547,565.0,0.7211102247238159,,,,,,,,,,,,
37,,,95939,4.0,0.9847999811172485,0.9591162204742432,0.03806472569704056,0.959900975227356,0.9583349227905273,4.667632579803467,4.1625189781188965,875.0,0.4670485258102417,,,,,,,,,,,,
37,,,95949,4.0,0.9918000102043152,0.9772019386291504,0.019927693530917168,0.9823688268661499,0.9721752405166626,3.614537000656128,3.1032423973083496,854.0,0.4913668632507324,,,,,,,,,,,,
37,,,95959,4.0,0.9890499711036682,0.9521893262863159,0.030113326385617256,0.953406572341919,0.9509795308113098,4.384000778198242,3.7326793670654297,1006.0,0.6212080717086792,,,,,,,,,,,,
37,,,95969,4.0,0.9840999841690063,0.9200904369354248,0.03808071091771126,0.9358495473861694,0.9055691361427307,5.680877208709717,4.879660606384277,466.0,0.7631360292434692,,,,,,,,,,,,
37,,,95979,4.0,0.9883000254631042,0.9197829961776733,0.024685349315404892,0.9393492937088013,0.9020267724990845,5.012045383453369,4.5605268478393555,349.0,0.42683330178260803,,,,,,,,,,,,
37,,,95989,4.0,0.988349974155426,0.962800145149231,0.02666100114583969,0.967889666557312,0.9578454494476318,5.286139011383057,4.962319374084473,1247.0,0.2971586287021637,,,,,,,,,,,,
37,,,95999,4.0,0.9912999868392944,0.9709123373031616,0.02408676967024803,0.9626572132110596,0.9795364141464233,4.504204750061035,4.028370380401611,677.0,0.4517475366592407,,,,,,,,,,,,
37,,,96009,4.0,0.9909499883651733,0.8762180805206299,0.021385669708251953,0.9188759326934814,0.8417384028434753,5.920197010040283,5.135410785675049,253.0,0.7634004354476929,,,,,,,,,,,,
37,,,96019,4.0,0.9763500094413757,0.8786821365356445,0.060855500400066376,0.8785079717636108,0.8788565397262573,5.472744464874268,5.004874229431152,424.0,0.40701502561569214,,,,,,,,,,,,
37,,,96029,4.0,0.9850000143051147,0.8966336250305176,0.03406869247555733,0.8515501022338867,0.9566779136657715,5.509349822998047,5.041931629180908,239.0,0.43334951996803284,,,,,,,,,,,,
37,,,96039,4.0,0.9815999865531921,0.9247417449951172,0.03959031403064728,0.9340344071388245,0.9159038662910461,4.857974529266357,4.445583343505859,695.0,0.3728008270263672,,,,,,,,,,,,
37,,,96049,4.0,0.978600025177002,0.8202134370803833,0.047265343368053436,0.8401590585708618,0.8026458024978638,5.537630081176758,5.2740278244018555,437.0,0.2163366973400116,,,,,,,,,,,,
37,,,96059,4.0,0.9903500080108643,0.9643608331680298,0.024777865037322044,0.9650944471359253,0.963629961013794,3.957162618637085,3.561859130859375,883.0,0.37052568793296814,,,,,,,,,,,,
37,,,96069,4.0,0.9868999719619751,0.9539192914962769,0.035266634076833725,0.9356746077537537,0.9741276502609253,5.881946086883545,5.474370956420898,1364.0,0.3723088204860687,,,,,,,,,,,,
37,,,96079,4.0,0.9771999716758728,0.8414683938026428,0.0464128777384758,0.8410296440124512,0.8419084548950195,6.481013774871826,5.834145545959473,359.0,0.6004552245140076,,,,,,,,,,,,
37,,,96089,4.0,0.9904999732971191,0.9260072708129883,0.02242516353726387,0.9496443271636963,0.904900074005127,4.513873100280762,4.246371269226074,356.0,0.24507655203342438,,,,,,,,,,,,
37,,,96099,4.0,0.9864000082015991,0.9511107206344604,0.033936381340026855,0.9502859115600586,0.9519392251968384,4.005043983459473,3.676470994949341,820.0,0.2946365773677826,,,,,,,,,,,,
37,,,96109,4.0,0.9870499968528748,0.8801083564758301,0.03130800649523735,0.8707248568534851,0.8900152444839478,4.255175590515137,3.9891602993011475,224.0,0.23470737040042877,,,,,,,,,,,,
37,,,96119,4.0,0.986299991607666,0.9022229909896851,0.036443207412958145,0.9449797868728638,0.8675189018249512,5.03113317489624,4.5613508224487305,322.0,0.43333905935287476,,,,,,,,,,,,
37,,,96129,4.0,0.9863499999046326,0.9493322968482971,0.03186093270778656,0.9514830112457275,0.9472059607505798,4.923929691314697,4.469762802124023,660.0,0.4223058521747589,,,,,,,,,,,,
37,,,96139,4.0,0.9911999702453613,0.8834711313247681,0.018528088927268982,0.9176260232925415,0.8546853065490723,3.981398105621338,3.6605958938598633,167.0,0.302274227142334,,,,,,,,,,,,
37,,,96149,4.0,0.9892500042915344,0.9699045419692993,0.02767689898610115,0.9782100915908813,0.9619603157043457,3.828568935394287,3.503063440322876,861.0,0.2978287935256958,,,,,,,,,,,,
37,,,96159,4.0,0.9885500073432922,0.9361888766288757,0.030639702454209328,0.9515205025672913,0.9219738245010376,4.233377933502197,3.9077212810516357,340.0,0.2950170040130615,,,,,,,,,,,,
37,,,96169,4.0,0.9700999855995178,0.903425395488739,0.07304075360298157,0.8723594546318054,0.9419082403182983,4.261303424835205,3.7445788383483887,735.0,0.4436836838722229,,,,,,,,,,,,
37,,,96179,4.0,0.9830999970436096,0.8610838651657104,0.04829081892967224,0.8407158851623535,0.8842856884002686,4.863211154937744,4.358935832977295,215.0,0.45598456263542175,,,,,,,,,,,,
37,,,96189,4.0,0.9832500219345093,0.9254335165023804,0.0421539805829525,0.9467792510986328,0.9063092470169067,4.248825550079346,3.9105348587036133,562.0,0.2961367070674896,,,,,,,,,,,,
37,,,96199,4.0,0.9862499833106995,0.9649921655654907,0.03571349382400513,0.9627010226249695,0.9673138856887817,4.721139430999756,4.1613593101501465,950.0,0.5240666270256042,,,,,,,,,,,,
37,,,96209,4.0,0.9897500276565552,0.9449295997619629,0.025330744683742523,0.9521760940551758,0.9379384517669678,4.652602672576904,4.391075611114502,368.0,0.23619648814201355,,,,,,,,,,,,
37,,,96219,4.0,0.9915000200271606,0.8222291469573975,0.021901823580265045,0.8463099002838135,0.8013665080070496,4.20208215713501,3.951718807220459,113.0,0.22846151888370514,,,,,,,,,,,,
37,,,96229,4.0,0.9846500158309937,0.9300171136856079,0.03484709933400154,0.9142582416534424,0.947229266166687,4.855198383331299,4.4090800285339355,549.0,0.41127118468284607,,,,,,,,,,,,
37,,,96239,4.0,0.9837499856948853,0.9462556838989258,0.04171038046479225,0.9298969507217407,0.9642355442047119,4.215973854064941,3.761352300643921,571.0,0.4129113554954529,,,,,,,,,,,,
37,,,96249,4.0,0.980400025844574,0.8997803330421448,0.04456908255815506,0.905367910861969,0.8943648338317871,6.644887924194336,6.081660747528076,524.0,0.5186583399772644,,,,,,,,,,,,
37,,,96259,4.0,0.9889500141143799,0.8391053676605225,0.024949418380856514,0.8001353740692139,0.8904041051864624,4.318981647491455,3.951538562774658,112.0,0.34249359369277954,,,,,,,,,,,,
37,,,96269,4.0,0.9772999882698059,0.9126533269882202,0.07166728377342224,0.9587243795394897,0.8762824535369873,4.61339807510376,4.143876552581787,1083.0,0.39785417914390564,,,,,,,,,,,,
37,,,96279,4.0,0.9829000234603882,0.9570831060409546,0.04356732219457626,0.9723255634307861,0.9430969953536987,5.390233993530273,5.094322681427002,1121.0,0.2523443102836609,,,,,,,,,,,,
37,,,96289,4.0,0.9868500232696533,0.9562666416168213,0.03451630100607872,0.9521257877349854,0.9605017900466919,4.509778022766113,4.1358723640441895,930.0,0.33938920497894287,,,,,,,,,,,,
37,,,96299,4.0,0.9911999702453613,0.9603424072265625,0.044906388968229294,0.9763253927230835,0.945540189743042,4.137113094329834,3.760380744934082,692.0,0.3318258225917816,,,,,,,,,,,,
37,,,96309,4.0,0.9927499890327454,0.954824686050415,0.018427971750497818,0.9479306936264038,0.9619566202163696,4.00897741317749,3.820208787918091,274.0,0.17034056782722473,,,,,,,,,,,,
37,,,96319,4.0,0.9793000221252441,0.9136745929718018,0.04699068143963814,0.9287292957305908,0.8998052477836609,6.294132709503174,4.84902286529541,660.0,1.3981188535690308,,,,,,,,,,,,
37,,,96329,4.0,0.9849500060081482,0.9046976566314697,0.039097435772418976,0.9749422073364258,0.8539276123046875,5.278141498565674,4.881680488586426,370.0,0.3573634922504425,,,,,,,,,,,,
37,,,96339,4.0,0.9859499931335449,0.9529592990875244,0.03424661234021187,0.962468147277832,0.9439152479171753,4.583163738250732,4.3109540939331055,930.0,0.2379630208015442,,,,,,,,,,,,
37,,,96349,4.0,0.9851499795913696,0.9112120866775513,0.04021233320236206,0.8832252025604248,0.9441870450973511,4.902003288269043,4.563638687133789,488.0,0.2981523871421814,,,,,,,,,,,,
37,,,96359,4.0,0.9800999760627747,0.9304956197738647,0.053463611751794815,0.9257338047027588,0.9353891611099243,5.178876876831055,4.671143054962158,927.0,0.45427030324935913,,,,,,,,,,,,
37,,,96369,4.0,0.9800999760627747,0.8450047969818115,0.05830088630318642,0.8480440974235535,0.8420226573944092,5.609448432922363,4.668026924133301,364.0,0.8831202983856201,,,,,,,,,,,,
37,,,96379,4.0,0.9822999835014343,0.9190094470977783,0.04575794190168381,0.9280414581298828,0.9104052782058716,5.582417011260986,4.919037342071533,640.0,0.6176220774650574,,,,,,,,,,,,
37,,,96389,4.0,0.9865999817848206,0.9517412781715393,0.04151130095124245,0.9730685353279114,0.9325886964797974,4.654177665710449,4.26636266708374,898.0,0.3463035523891449,,,,,,,,,,,,
37,,,96399,4.0,0.977400004863739,0.8685282468795776,0.05137307569384575,0.8662037253379822,0.8708860874176025,6.209115505218506,5.8649725914001465,478.0,0.29276981949806213,,,,,,,,,,,,
37,,,96409,4.0,0.9927499890327454,0.9507607221603394,0.02061188407242298,0.942721962928772,0.9591249823570251,4.58607292175293,4.066115379333496,517.0,0.49934569001197815,,,,,,,,,,,,
37,,,96419,4.0,0.9708499908447266,0.8763189911842346,0.06878694146871567,0.8654004335403442,0.888039767742157,4.63893985748291,3.949580669403076,525.0,0.6205718517303467,,,,,,,,,,,,
37,,,96429,4.0,0.9920499920845032,0.932945728302002,0.01955835334956646,0.9285375475883484,0.9374523758888245,4.9894843101501465,4.764112949371338,436.0,0.20581288635730743,,,,,,,,,,,,
37,,,96439,4.0,0.9768000245094299,0.9319933652877808,0.05363674834370613,0.918952465057373,0.946125864982605,5.854542255401611,5.39494514465332,1049.0,0.4059607684612274,,,,,,,,,,,,
37,,,96449,4.0,0.9936000108718872,0.9741173982620239,0.018197577446699142,0.9822624325752258,0.9662867784500122,4.206439971923828,3.93514084815979,962.0,0.2531014680862427,,,,,,,,,,,,
37,,,96459,4.0,0.9907500147819519,0.9575886726379395,0.02861820161342621,0.9472873210906982,0.9684503078460693,4.555185794830322,4.173011302947998,685.0,0.3535560369491577,,,,,,,,,,,,
37,,,96469,4.0,0.9893500208854675,0.9063093066215515,0.02412790060043335,0.9220812320709229,0.8917486071586609,4.86696195602417,4.333098411560059,196.0,0.5097355842590332,,,,,,,,,,,,
37,,,96479,4.0,0.9739500284194946,0.8582529425621033,0.05568022280931473,0.9327081441879272,0.8076672554016113,6.877603054046631,6.37935733795166,489.0,0.442565381526947,,,,,,,,,,,,
37,,,96489,4.0,0.9815999865531921,0.9108083248138428,0.043640945106744766,0.9484124183654785,0.8797168135643005,6.304566383361816,5.662285327911377,489.0,0.598639965057373,,,,,,,,,,,,
37,,,96499,4.0,0.9840499758720398,0.942820131778717,0.03603769838809967,0.9329816699028015,0.9532155990600586,5.201026439666748,4.52935791015625,433.0,0.63563072681427,,,,,,,,,,,,
37,,,96509,4.0,0.9787999987602234,0.9455810785293579,0.06677757203578949,0.9259182214736938,0.9678785800933838,7.291970252990723,5.16914701461792,1632.0,2.0560457706451416,,,,,,,,,,,,
37,,,96519,4.0,0.9881500005722046,0.9734448194503784,0.031451206654310226,0.9754303097724915,0.9714826345443726,4.47585916519165,4.111001491546631,1081.0,0.33340656757354736,,,,,,,,,,,,
37,,,96529,4.0,0.9803000092506409,0.9509203433990479,0.04971557483077049,0.9451133012771606,0.9569371938705444,5.409547328948975,5.004793643951416,1473.0,0.3550383150577545,,,,,,,,,,,,
37,,,96539,4.0,0.9889000058174133,0.8495654463768005,0.023619694635272026,0.912373423576355,0.8039451837539673,5.368880748748779,4.921987056732178,211.0,0.4232740104198456,,,,,,,,,,,,
37,,,96549,4.0,0.9892500042915344,0.94960618019104,0.027811450883746147,0.9625420570373535,0.9374686479568481,5.575557231903076,4.93693208694458,970.0,0.6108134388923645,,,,,,,,,,,,
37,,,96559,4.0,0.9863499999046326,0.8812934160232544,0.03346288949251175,0.8834905624389648,0.8791232109069824,4.759357452392578,4.46562385559082,332.0,0.2602708339691162,,,,,,,,,,,,
37,,,96569,4.0,0.9808499813079834,0.9130425453186035,0.04243260622024536,0.9199644327163696,0.9063789248466492,4.264530181884766,4.05750846862793,691.0,0.16458915174007416,,,,,,,,,,,,
37,,,96579,4.0,0.9888499975204468,0.9545726776123047,0.026151495054364204,0.966340184211731,0.9434777498245239,3.820037364959717,3.5389554500579834,854.0,0.25493040680885315,,,,,,,,,,,,
37,,,96589,4.0,0.9817500114440918,0.916661262512207,0.045875340700149536,0.9593019485473633,0.8821699619293213,4.771411418914795,4.382156848907471,409.0,0.3433789610862732,,,,,,,,,,,,
37,,,96599,4.0,0.986299991607666,0.870328426361084,0.0306061040610075,0.9221187829971313,0.8304628729820251,4.594499111175537,4.2133989334106445,358.0,0.35049402713775635,,,,,,,,,,,,
37,,,96609,4.0,0.9840499758720398,0.947908878326416,0.03340793028473854,0.9399251937866211,0.9562598466873169,3.8529374599456787,3.557889699935913,846.0,0.26163989305496216,,,,,,,,,,,,
37,,,96619,4.0,0.9886000156402588,0.9634727239608765,0.0322645902633667,0.9567000865936279,0.9704991579055786,3.9090843200683594,3.574577569961548,829.0,0.302242249250412,,,,,,,,,,,,
37,,,96629,4.0,0.9873999953269958,0.8965886831283569,0.029084758833050728,0.8808251619338989,0.9138303995132446,5.263423919677734,4.385243892669678,266.0,0.8490952253341675,,,,,,,,,,,,
37,,,96639,4.0,0.9700999855995178,0.90058833360672,0.0745975449681282,0.9133204221725464,0.8887877464294434,4.988641738891602,4.21044921875,751.0,0.7035949230194092,,,,,,,,,,,,
37,,,96649,4.0,0.9815999865531921,0.9312422871589661,0.05207902193069458,0.9513297080993652,0.9131706357002258,4.12610387802124,3.708751678466797,825.0,0.3652734160423279,,,,,,,,,,,,
37,,,96659,4.0,0.9876999855041504,0.9339475631713867,0.02824951522052288,0.9407936334609985,0.9273357391357422,4.455201148986816,4.250319957733154,340.0,0.17663128674030304,,,,,,,,,,,,
37,,,96669,4.0,0.9793999791145325,0.9053568840026855,0.04906180873513222,0.9226374626159668,0.8896259069442749,5.6250834465026855,5.171599388122559,386.0,0.40442249178886414,,,,,,,,,,,,
37,,,96679,4.0,0.9905499815940857,0.9029823541641235,0.02416091039776802,0.9294668436050415,0.8797379732131958,5.864351749420166,5.27629280090332,307.0,0.5638982057571411,,,,,,,,,,,,
37,,,96689,4.0,0.984250009059906,0.8971529006958008,0.04097728431224823,0.901745080947876,0.8926748037338257,6.09355354309082,5.74964714050293,635.0,0.3029291033744812,,,,,,,,,,,,
37,,,96699,4.0,0.9839000105857849,0.928299069404602,0.0400870144367218,0.931006133556366,0.9256309270858765,5.111318111419678,4.896134853363037,537.0,0.17509612441062927,,,,,,,,,,,,
37,,,96709,4.0,0.984250009059906,0.9477939605712891,0.038549378514289856,0.95655757188797,0.9394324421882629,5.066792964935303,4.326456069946289,884.0,0.7017875909805298,,,,,,,,,,,,
37,,,96719,4.0,0.9768499732017517,0.8127374053001404,0.05004345253109932,0.8042353987693787,0.8217759132385254,5.262320518493652,4.827086925506592,212.0,0.385189950466156,,,,,,,,,,,,
37,,,96729,4.0,0.9837999939918518,0.7714987993240356,0.038918446749448776,0.8479562997817993,0.7235273122787476,5.3931403160095215,4.871922969818115,165.0,0.482298880815506,,,,,,,,,,,,
37,,,96739,4.0,0.989549994468689,0.9571820497512817,0.024854056537151337,0.9819395542144775,0.935206949710846,4.079834461212158,3.7799458503723145,947.0,0.2750345468521118,,,,,,,,,,,,
37,,,96749,4.0,0.9850500226020813,0.9483777284622192,0.03680788725614548,0.9474665522575378,0.9492934942245483,4.815005302429199,4.591344833374023,692.0,0.18685242533683777,,,,,,,,,,,,
37,,,96759,4.0,0.9879000186920166,0.838123619556427,0.028156772255897522,0.8443325757980347,0.8321451544761658,4.82590389251709,4.470508575439453,139.0,0.3272387683391571,,,,,,,,,,,,
37,,,96769,4.0,0.982450008392334,0.8526743650436401,0.03742615878582001,0.8929212093353271,0.8203970193862915,4.414527416229248,4.080504417419434,260.0,0.2965971827507019,,,,,,,,,,,,
37,,,96779,4.0,0.9869499802589417,0.8675727844238281,0.03475276008248329,0.8898100852966309,0.8478728532791138,6.341854095458984,5.0186004638671875,348.0,1.2885009050369263,,,,,,,,,,,,
37,,,96789,4.0,0.9828500151634216,0.792180061340332,0.04165472462773323,0.8286452889442444,0.7633500695228577,5.7393012046813965,5.197454929351807,196.0,0.5001916289329529,,,,,,,,,,,,
37,,,96799,4.0,0.9801499843597412,0.9205313920974731,0.048701800405979156,0.9358930587768555,0.9063910245895386,4.681905269622803,4.196246147155762,565.0,0.4369572401046753,,,,,,,,,,,,
37,,,96809,4.0,0.9885500073432922,0.9556924104690552,0.030733492225408554,0.9481008052825928,0.9635955095291138,4.892502784729004,4.5372114181518555,985.0,0.3245578706264496,,,,,,,,,,,,
37,,,96819,4.0,0.9745000004768372,0.841198205947876,0.06308957189321518,0.8941172361373901,0.8019064664840698,5.35740852355957,4.773952484130859,393.0,0.5203666687011719,,,,,,,,,,,,
37,,,96829,4.0,0.9902999997138977,0.9747968912124634,0.024554889649152756,0.9829093217849731,0.9670349359512329,3.759484052658081,3.380232810974121,878.0,0.3546963632106781,,,,,,,,,,,,
37,,,96839,4.0,0.9853500127792358,0.9176900386810303,0.03996787592768669,0.931592583656311,0.9047513008117676,5.470393180847168,5.136536598205566,563.0,0.2938883900642395,,,,,,,,,,,,
37,,,96849,4.0,0.992900013923645,0.9614233374595642,0.01799493469297886,0.9769300222396851,0.9470000267028809,3.7312159538269043,3.455188751220703,839.0,0.25803232192993164,,,,,,,,,,,,
37,,,96859,4.0,0.9753000140190125,0.9586020708084106,0.06420279294252396,0.9687434434890747,0.9491981863975525,5.054250717163086,4.256234645843506,1245.0,0.7338132262229919,,,,,,,,,,,,
37,,,96869,4.0,0.9915000200271606,0.9536346197128296,0.020215559750795364,0.9723467826843262,0.9365025758743286,3.866363048553467,3.6451237201690674,541.0,0.20102378726005554,,,,,,,,,,,,
37,,,96879,4.0,0.9878000020980835,0.9230579137802124,0.031000323593616486,0.9715445041656494,0.8843551278114319,4.378778457641602,4.108269691467285,422.0,0.23950883746147156,,,,,,,,,,,,
37,,,96889,4.0,0.98294997215271,0.9348464012145996,0.038272958248853683,0.9501672983169556,0.9207113981246948,4.36310338973999,3.9616048336029053,798.0,0.3632254898548126,,,,,,,,,,,,
37,,,96899,4.0,0.9854000210762024,0.9545671939849854,0.03509204462170601,0.9676010608673096,0.9424042105674744,4.248134613037109,3.9185144901275635,979.0,0.2945277690887451,,,,,,,,,,,,
37,,,96909,4.0,0.9787999987602234,0.9110066890716553,0.047749366611242294,0.940015435218811,0.8861200213432312,5.1146345138549805,4.7043304443359375,952.0,0.3625544309616089,,,,,,,,,,,,
37,,,96919,4.0,0.9783999919891357,0.8969854116439819,0.05575051158666611,0.9246037006378174,0.8731764554977417,5.934901237487793,5.1452741622924805,502.0,0.7338767051696777,,,,,,,,,,,,
37,,,96929,4.0,0.989300012588501,0.9396677017211914,0.024224374443292618,0.9488714337348938,0.9308744668960571,4.682247161865234,4.199408531188965,370.0,0.4586144685745239,,,,,,,,,,,,
,6.872216535789157e-05,0.0006872216535789157,96938,,,,,,,,,,,,,,,,,,,,,,
38,,,96939,4.0,0.9861500263214111,0.9470746517181396,0.0322490930557251,0.9420061111450195,0.952283501625061,4.55378532409668,4.148255348205566,744.0,0.37328094244003296,,,,,,,,,,,,
38,,,96949,4.0,0.984749972820282,0.8177416324615479,0.03343220800161362,0.8181055784225464,0.817378580570221,7.601132869720459,7.362575054168701,325.0,0.20512571930885315,,,,,,,,,,,,
38,,,96959,4.0,0.9891999959945679,0.9203879833221436,0.027039462700486183,0.9501664638519287,0.8945800065994263,5.495813846588135,5.2938232421875,337.0,0.17495088279247284,,,,,,,,,,,,
38,,,96969,4.0,0.9846000075340271,0.9226033687591553,0.037559717893600464,0.9229838848114014,0.9222235679626465,5.751583576202393,4.967120170593262,551.0,0.7469040155410767,,,,,,,,,,,,
38,,,96979,4.0,0.9879000186920166,0.9510313272476196,0.028510818257927895,0.952941358089447,0.9491400718688965,3.6939632892608643,3.3556854724884033,714.0,0.30976706743240356,,,,,,,,,,,,
38,,,96989,4.0,0.9800500273704529,0.8209332823753357,0.04594035446643829,0.8677242398262024,0.7853505611419678,5.454099178314209,5.125401973724365,304.0,0.28275665640830994,,,,,,,,,,,,
38,,,96999,4.0,0.9868999719619751,0.9074844121932983,0.03423972800374031,0.9123461246490479,0.9027461409568787,5.331326484680176,4.768394470214844,327.0,0.5286924242973328,,,,,,,,,,,,
38,,,97009,4.0,0.9817500114440918,0.9463373422622681,0.04335937649011612,0.9293989539146423,0.9650877714157104,4.183792591094971,3.83880615234375,775.0,0.3016272187232971,,,,,,,,,,,,
38,,,97019,4.0,0.9867500066757202,0.9358553886413574,0.033802784979343414,0.953345537185669,0.9198309779167175,4.190189838409424,3.8293356895446777,743.0,0.3270515501499176,,,,,,,,,,,,
38,,,97029,4.0,0.9859499931335449,0.8408138751983643,0.04320240765810013,0.8915836811065674,0.8022271990776062,4.647505760192871,4.221073627471924,256.0,0.3832298815250397,,,,,,,,,,,,
38,,,97039,4.0,0.9940999746322632,0.942080020904541,0.014158420264720917,0.9574310779571533,0.9277819991111755,4.068600177764893,3.8135757446289062,240.0,0.24086596071720123,,,,,,,,,,,,
38,,,97049,4.0,0.9751499891281128,0.869024395942688,0.058066755533218384,0.8485296964645386,0.8924843072891235,5.817282676696777,5.279628753662109,409.0,0.4795868694782257,,,,,,,,,,,,
38,,,97059,4.0,0.9886999726295471,0.9479995965957642,0.02622080035507679,0.9546777606010437,0.9415422081947327,3.916887044906616,3.640921115875244,672.0,0.24974507093429565,,,,,,,,,,,,
38,,,97069,4.0,0.9725000262260437,0.9293527603149414,0.06942720711231232,0.9443280696868896,0.9156619310379028,5.49906063079834,5.102476119995117,857.0,0.32715725898742676,,,,,,,,,,,,
38,,,97079,4.0,0.9843000173568726,0.9072926044464111,0.03684958815574646,0.900833010673523,0.9139887094497681,4.747832298278809,4.510907173156738,344.0,0.20007574558258057,,,,,,,,,,,,
38,,,97089,4.0,0.9886999726295471,0.9498330354690552,0.027165310457348824,0.9463489055633545,0.9533806443214417,5.396677494049072,4.996187686920166,773.0,0.3733242154121399,,,,,,,,,,,,
38,,,97099,4.0,0.98294997215271,0.8364232182502747,0.05233011022210121,0.9232218265533447,0.7805467844009399,5.555530071258545,4.845462799072266,365.0,0.6577370762825012,,,,,,,,,,,,
38,,,97109,4.0,0.9932500123977661,0.952423095703125,0.0171984750777483,0.9624049067497253,0.9428982138633728,5.00399923324585,3.6820967197418213,650.0,1.3047038316726685,,,,,,,,,,,,
38,,,97119,4.0,0.9879000186920166,0.944856584072113,0.028384139761328697,0.9704368114471436,0.9222626686096191,4.184338569641113,3.5596725940704346,821.0,0.5962820053100586,,,,,,,,,,,,
38,,,97129,4.0,0.9816499948501587,0.8713333606719971,0.04868921637535095,0.9573178887367249,0.8143296837806702,5.617192268371582,4.816824913024902,373.0,0.7516779899597168,,,,,,,,,,,,
38,,,97139,4.0,0.9793999791145325,0.9037912487983704,0.04777325317263603,0.8884474635124207,0.9206079244613647,5.379541873931885,4.97629976272583,687.0,0.35546866059303284,,,,,,,,,,,,
38,,,97149,4.0,0.9834499955177307,0.8841050863265991,0.043087925761938095,0.8623852133750916,0.9088976383209229,5.623285293579102,5.299184322357178,382.0,0.2810131311416626,,,,,,,,,,,,
38,,,97159,4.0,0.977649986743927,0.949407696723938,0.0602441281080246,0.9503989219665527,0.9484226703643799,5.96304178237915,5.357740879058838,1211.0,0.545056939125061,,,,,,,,,,,,
38,,,97169,4.0,0.9603000283241272,0.7295240759849548,0.09076767414808273,0.8693011403083801,0.6709654927253723,5.064549446105957,4.627115726470947,564.0,0.34666574001312256,,,,,,,,,,,,
38,,,97179,4.0,0.9882500171661377,0.9546523690223694,0.030847400426864624,0.9685801267623901,0.941666305065155,4.48194694519043,4.256851673126221,590.0,0.19424782693386078,,,,,,,,,,,,
38,,,97189,4.0,0.9850000143051147,0.8672716617584229,0.04239397123456001,0.8812904357910156,0.854316234588623,5.253429889678955,4.824170112609863,233.0,0.3868655860424042,,,,,,,,,,,,
38,,,97199,4.0,0.9877499938011169,0.9423346519470215,0.029767559841275215,0.9381307363510132,0.946631908416748,4.335201740264893,4.068134307861328,374.0,0.23729969561100006,,,,,,,,,,,,
38,,,97209,4.0,0.9820500016212463,0.9081751108169556,0.04466646909713745,0.922791063785553,0.8946579694747925,4.844544887542725,4.504832744598389,340.0,0.29504579305648804,,,,,,,,,,,,
38,,,97219,4.0,0.9897000193595886,0.9542726278305054,0.02437759004533291,0.957855224609375,0.9507540464401245,4.217205047607422,3.8357653617858887,652.0,0.35706186294555664,,,,,,,,,,,,
38,,,97229,4.0,0.9840499758720398,0.8952170610427856,0.036671869456768036,0.8725999593734741,0.9210975766181946,5.539963722229004,4.8433356285095215,223.0,0.6599563956260681,,,,,,,,,,,,
38,,,97239,4.0,0.9919000267982483,0.9648352861404419,0.032838333398103714,0.9845160245895386,0.9469083547592163,3.595383405685425,3.3138225078582764,892.0,0.24872265756130219,,,,,,,,,,,,
38,,,97249,4.0,0.9822499752044678,0.9041695594787598,0.03906044736504555,0.8962721824645996,0.9124308824539185,5.044963359832764,4.704994201660156,561.0,0.30090850591659546,,,,,,,,,,,,
38,,,97259,4.0,0.984250009059906,0.9224128127098083,0.03802566975355148,0.9145933389663696,0.9305765628814697,4.932569980621338,4.558243751525879,336.0,0.3363005220890045,,,,,,,,,,,,
38,,,97269,4.0,0.9924499988555908,0.963731050491333,0.02123543992638588,0.9783070087432861,0.9501270651817322,4.735162258148193,3.893157958984375,868.0,0.8207689523696899,,,,,,,,,,,,
38,,,97279,4.0,0.9848499894142151,0.9334938526153564,0.03588874638080597,0.9261174201965332,0.9411730766296387,5.333805561065674,5.0846266746521,698.0,0.2132902443408966,,,,,,,,,,,,
38,,,97289,4.0,0.9858999848365784,0.8956328630447388,0.03085084818303585,0.8670380115509033,0.9295667409896851,3.897092819213867,3.6154303550720215,326.0,0.25081169605255127,,,,,,,,,,,,
38,,,97299,4.0,0.9852499961853027,0.9325351715087891,0.03481459617614746,0.9529992341995239,0.9140807390213013,4.498640060424805,3.876570463180542,596.0,0.5872549414634705,,,,,,,,,,,,
38,,,97309,4.0,0.9831500053405762,0.9314467906951904,0.03945218771696091,0.9729844331741333,0.8975787162780762,5.224214553833008,4.854689121246338,668.0,0.33007335662841797,,,,,,,,,,,,
38,,,97319,4.0,0.982450008392334,0.9173855185508728,0.04012133181095123,0.9239534735679626,0.9110466837882996,5.832747459411621,5.312435150146484,449.0,0.480190634727478,,,,,,,,,,,,
38,,,97329,4.0,0.9852499961853027,0.9717377424240112,0.03748340532183647,0.9766278266906738,0.9670010209083557,4.653598785400391,4.27278995513916,999.0,0.3433254361152649,,,,,,,,,,,,
38,,,97339,4.0,0.9837999939918518,0.8818766474723816,0.04105789214372635,0.8964234590530396,0.868446946144104,6.3106279373168945,5.659641265869141,341.0,0.6099287867546082,,,,,,,,,,,,
38,,,97349,4.0,0.9876499772071838,0.9327993988990784,0.030098184943199158,0.9531799554824829,0.9143655300140381,5.788660049438477,5.405356407165527,468.0,0.35320591926574707,,,,,,,,,,,,
38,,,97359,4.0,0.9922999739646912,0.9211792349815369,0.017763832584023476,0.91632479429245,0.9261552095413208,3.7877719402313232,3.5069878101348877,236.0,0.26302018761634827,,,,,,,,,,,,
38,,,97369,4.0,0.9916499853134155,0.9654914140701294,0.02193131484091282,0.9673423171043396,0.9636574387550354,3.583904504776001,3.1681742668151855,1045.0,0.39379873871803284,,,,,,,,,,,,
38,,,97379,4.0,0.9891999959945679,0.9229203462600708,0.02551133558154106,0.9190409183502197,0.9268786907196045,4.754951000213623,4.364841461181641,296.0,0.3645981550216675,,,,,,,,,,,,
38,,,97389,4.0,0.9790999889373779,0.9076462984085083,0.04960570111870766,0.9014211893081665,0.9141005277633667,5.261203289031982,4.99478006362915,450.0,0.21681757271289825,,,,,,,,,,,,
38,,,97399,4.0,0.9892500042915344,0.9597131013870239,0.029177965596318245,0.9622372388839722,0.957221508026123,4.068280220031738,3.660043716430664,811.0,0.3790585994720459,,,,,,,,,,,,
38,,,97409,4.0,0.9902999997138977,0.8887753486633301,0.027238529175519943,0.8764265775680542,0.9020106792449951,4.539783477783203,4.336126327514648,250.0,0.1764187216758728,,,,,,,,,,,,
38,,,97419,4.0,0.9875500202178955,0.8863270282745361,0.030753381550312042,0.8955433368682861,0.8775584697723389,4.080486297607422,3.803715705871582,252.0,0.24601730704307556,,,,,,,,,,,,
38,,,97429,4.0,0.9904000163078308,0.8760326504707336,0.024021271616220474,0.8988503217697144,0.8557915687561035,5.855366230010986,5.470463275909424,287.0,0.36088186502456665,,,,,,,,,,,,
38,,,97439,4.0,0.9825999736785889,0.8818997144699097,0.04029880836606026,0.920731782913208,0.8501653671264648,5.875344753265381,5.4735822677612305,422.0,0.3614634573459625,,,,,,,,,,,,
38,,,97449,4.0,0.9868000149726868,0.9502599239349365,0.0332217775285244,0.9647535085678101,0.9367982149124146,5.748953342437744,5.132942199707031,998.0,0.5827895998954773,,,,,,,,,,,,
38,,,97459,4.0,0.9930499792098999,0.9675546884536743,0.017235180363059044,0.9712641835212708,0.9639110565185547,4.059340476989746,3.5801095962524414,931.0,0.4619956612586975,,,,,,,,,,,,
38,,,97469,4.0,0.9889500141143799,0.9530460834503174,0.030395885929465294,0.9408175945281982,0.9660928845405579,4.02156925201416,3.7089903354644775,549.0,0.28218284249305725,,,,,,,,,,,,
38,,,97479,4.0,0.9840999841690063,0.9330095052719116,0.03558036684989929,0.9394936561584473,0.9267444610595703,4.384570598602295,4.101108551025391,860.0,0.2478816658258438,,,,,,,,,,,,
38,,,97489,4.0,0.986299991607666,0.907821536064148,0.03067028895020485,0.8850122690200806,0.9338217377662659,4.492712020874023,4.084662437438965,339.0,0.37737956643104553,,,,,,,,,,,,
38,,,97499,4.0,0.9898499846458435,0.9437742829322815,0.025928732007741928,0.9422225952148438,0.9453381299972534,4.400684833526611,4.136516094207764,748.0,0.23824018239974976,,,,,,,,,,,,
38,,,97509,4.0,0.9827499985694885,0.8977547287940979,0.04002309963107109,0.9430135488510132,0.861653208732605,5.61860990524292,5.009239196777344,325.0,0.5693474411964417,,,,,,,,,,,,
38,,,97519,4.0,0.9874500036239624,0.9027466773986816,0.029291333630681038,0.9353694319725037,0.8749933838844299,4.969852924346924,4.58932638168335,287.0,0.35123521089553833,,,,,,,,,,,,
38,,,97529,4.0,0.9907000064849854,0.9053529500961304,0.020546795800328255,0.8903014659881592,0.9216917157173157,4.975527763366699,4.461555004119873,185.0,0.49342599511146545,,,,,,,,,,,,
38,,,97539,4.0,0.9833999872207642,0.8333145380020142,0.05380319803953171,0.9022553563117981,0.7855154275894165,5.408986568450928,4.509406089782715,206.0,0.8457774519920349,,,,,,,,,,,,
38,,,97549,4.0,0.9908499717712402,0.9315654635429382,0.02242806740105152,0.9379757642745972,0.9253549575805664,4.387775421142578,4.141230583190918,234.0,0.22411678731441498,,,,,,,,,,,,
38,,,97559,4.0,0.9872999787330627,0.8060805797576904,0.037171509116888046,0.947852611541748,0.734087347984314,5.513917922973633,5.250728130340576,176.0,0.226018488407135,,,,,,,,,,,,
38,,,97569,4.0,0.9771999716758728,0.859771728515625,0.05389423668384552,0.8659628033638,0.8538095951080322,4.562100410461426,4.436215877532959,350.0,0.07199028879404068,,,,,,,,,,,,
38,,,97579,4.0,0.9673500061035156,0.8996064066886902,0.0900285392999649,0.8955219984054565,0.9037997722625732,6.584527969360352,4.916828632354736,1083.0,1.5776708126068115,,,,,,,,,,,,
38,,,97589,4.0,0.9843999743461609,0.9002288579940796,0.04498021677136421,0.9439346194267273,0.8650156855583191,4.726889133453369,4.38531494140625,284.0,0.2965943217277527,,,,,,,,,,,,
38,,,97599,4.0,0.9886500239372253,0.9201047420501709,0.026502789929509163,0.9171150922775269,0.9231414794921875,4.603243350982666,4.522935390472412,389.0,0.053805217146873474,,,,,,,,,,,,
38,,,97609,4.0,0.9908499717712402,0.9109206795692444,0.023144720122218132,0.9159106016159058,0.9060564041137695,5.723742961883545,5.6201324462890625,307.0,0.08046567440032959,,,,,,,,,,,,
38,,,97619,4.0,0.9918500185012817,0.9642503261566162,0.019263971596956253,0.9762260317802429,0.9529472589492798,3.9753708839416504,3.578845262527466,776.0,0.3772617280483246,,,,,,,,,,,,
38,,,97629,4.0,0.9787499904632568,0.8751249313354492,0.05007791519165039,0.8577995300292969,0.8944488763809204,5.69961404800415,4.829791069030762,460.0,0.8197451233863831,,,,,,,,,,,,
38,,,97639,4.0,0.9785000085830688,0.8997539281845093,0.0513942688703537,0.88368821144104,0.9174617528915405,4.60543155670166,3.8333661556243896,413.0,0.7206709980964661,,,,,,,,,,,,
38,,,97649,4.0,0.9921000003814697,0.9408732652664185,0.02046564407646656,0.9622032046318054,0.9215653538703918,5.29488468170166,5.112973213195801,272.0,0.16144560277462006,,,,,,,,,,,,
38,,,97659,4.0,0.9896000027656555,0.9594172239303589,0.028005270287394524,0.9748454093933105,0.9451218843460083,3.857633113861084,3.4208261966705322,1034.0,0.4088015854358673,,,,,,,,,,,,
38,,,97669,4.0,0.9869999885559082,0.9626376628875732,0.03473002463579178,0.9583933353424072,0.9669837951660156,4.278680801391602,3.983100414276123,1013.0,0.26085057854652405,,,,,,,,,,,,
38,,,97679,4.0,0.9823499917984009,0.9424819946289062,0.0422317199409008,0.9584029912948608,0.927861213684082,4.607911109924316,4.041297912597656,924.0,0.5243815779685974,,,,,,,,,,,,
38,,,97689,4.0,0.9865999817848206,0.9430815577507019,0.030223621055483818,0.9736454486846924,0.9167464971542358,3.4839961528778076,3.2819106578826904,687.0,0.1718619465827942,,,,,,,,,,,,
38,,,97699,4.0,0.9824000000953674,0.8898929357528687,0.042258333414793015,0.8799010515213013,0.9004867076873779,5.355458736419678,4.940349578857422,255.0,0.3728509545326233,,,,,,,,,,,,
38,,,97709,4.0,0.9779999852180481,0.9221956133842468,0.05696652829647064,0.8981962203979492,0.9500429630279541,4.883140563964844,4.4864325523376465,864.0,0.33974164724349976,,,,,,,,,,,,
38,,,97719,4.0,0.9883999824523926,0.9141377210617065,0.03522679954767227,0.9271073937416077,0.9019941091537476,5.023289203643799,4.690186500549316,330.0,0.29787594079971313,,,,,,,,,,,,
38,,,97729,4.0,0.9796000123023987,0.9483376741409302,0.05787697061896324,0.929201602935791,0.9699562788009644,7.9189934730529785,5.222742080688477,1633.0,2.6383743286132812,,,,,,,,,,,,
38,,,97739,4.0,0.9873499870300293,0.9682329893112183,0.039404548704624176,0.9650694131851196,0.9714549779891968,4.590240001678467,3.8195273876190186,1043.0,0.7313080430030823,,,,,,,,,,,,
38,,,97749,4.0,0.9915500283241272,0.8931351900100708,0.024590911343693733,0.919154703617096,0.8702875375747681,4.446181297302246,4.236146926879883,201.0,0.1854434609413147,,,,,,,,,,,,
38,,,97759,4.0,0.9754999876022339,0.8514877557754517,0.07867247611284256,0.8431490659713745,0.8602942824363708,4.814586162567139,4.386290550231934,434.0,0.3496233820915222,,,,,,,,,,,,
38,,,97769,4.0,0.9638000130653381,0.8211218118667603,0.07734661549329758,0.8454715609550476,0.8004209995269775,6.320974826812744,5.661898612976074,725.0,0.5817294120788574,,,,,,,,,,,,
38,,,97779,4.0,0.9893500208854675,0.7795131206512451,0.025845294818282127,0.7544276714324951,0.8103249073028564,4.417979717254639,4.113205432891846,121.0,0.27892860770225525,,,,,,,,,,,,
38,,,97789,4.0,0.9844499826431274,0.917650580406189,0.03654754161834717,0.9032912254333496,0.9332172870635986,5.066316604614258,4.707159042358398,459.0,0.32260996103286743,,,,,,,,,,,,
38,,,97799,4.0,0.9884999990463257,0.8984109163284302,0.0309746190905571,0.9223994016647339,0.8771649599075317,4.9683918952941895,4.587568759918213,202.0,0.34984859824180603,,,,,,,,,,,,
38,,,97809,4.0,0.9888499975204468,0.930444061756134,0.02703862078487873,0.9159916639328003,0.9460527896881104,3.720045804977417,3.27933931350708,394.0,0.41366782784461975,,,,,,,,,,,,
38,,,97819,4.0,0.9853500127792358,0.8834354877471924,0.036890532821416855,0.8967546820640564,0.8710482120513916,4.9057183265686035,4.560920715332031,245.0,0.30790695548057556,,,,,,,,,,,,
38,,,97829,4.0,0.9846500158309937,0.9629441499710083,0.03848409280180931,0.9645770788192749,0.9613267183303833,3.94878888130188,3.6624886989593506,889.0,0.24781614542007446,,,,,,,,,,,,
38,,,97839,4.0,0.9861500263214111,0.9506189823150635,0.03448775038123131,0.9483163952827454,0.9529502391815186,5.137047290802002,4.63842248916626,1131.0,0.46413716673851013,,,,,,,,,,,,
38,,,97849,4.0,0.9814000129699707,0.9150286912918091,0.04418178275227547,0.9046157598495483,0.9260820150375366,5.572944641113281,5.000045299530029,372.0,0.5287173390388489,,,,,,,,,,,,
38,,,97859,4.0,0.9916999936103821,0.9296033382415771,0.021761614829301834,0.9268842339515686,0.9323599338531494,3.877790689468384,3.656951665878296,294.0,0.1990772783756256,,,,,,,,,,,,
38,,,97869,4.0,0.9779999852180481,0.8543258905410767,0.049345970153808594,0.8697316646575928,0.8402731418609619,5.556866645812988,4.894955158233643,422.0,0.6125656962394714,,,,,,,,,,,,
38,,,97879,4.0,0.9871500134468079,0.926529586315155,0.028103940188884735,0.9358324408531189,0.9176582098007202,4.724982738494873,4.152863502502441,323.0,0.5440153479576111,,,,,,,,,,,,
38,,,97889,4.0,0.9900500178337097,0.9643948078155518,0.026227448135614395,0.9562479853630066,0.9729001522064209,4.173154830932617,3.781864881515503,840.0,0.3650624752044678,,,,,,,,,,,,
38,,,97899,4.0,0.9894999861717224,0.9561479687690735,0.024923725053668022,0.9594991207122803,0.9528531432151794,4.145114898681641,3.866240978240967,789.0,0.2539500892162323,,,,,,,,,,,,
38,,,97909,4.0,0.9811499714851379,0.9516618251800537,0.041236985474824905,0.9455333948135376,0.9580209255218506,4.459871768951416,3.970167875289917,1090.0,0.44846680760383606,,,,,,,,,,,,
38,,,97919,4.0,0.9790999889373779,0.9075024127960205,0.04874679818749428,0.8708852529525757,0.9537923336029053,6.090529441833496,5.181872844696045,337.0,0.8599097728729248,,,,,,,,,,,,
38,,,97929,4.0,0.9891499876976013,0.8269139528274536,0.03777417540550232,0.8502363562583923,0.8066109418869019,4.832264423370361,4.491086006164551,99.0,0.30340415239334106,,,,,,,,,,,,
38,,,97939,4.0,0.9829000234603882,0.958310604095459,0.04475376754999161,0.9566030502319336,0.9600356221199036,4.861969947814941,4.489421844482422,908.0,0.3277944326400757,,,,,,,,,,,,
38,,,97949,4.0,0.9865000247955322,0.8907144069671631,0.03999951481819153,0.8764920830726624,0.9061508178710938,5.169946193695068,4.646764278411865,299.0,0.4831826090812683,,,,,,,,,,,,
38,,,97959,4.0,0.9877499938011169,0.9674320816993713,0.034108567982912064,0.971703290939331,0.9632608890533447,4.266180038452148,3.8697192668914795,1003.0,0.36235228180885315,,,,,,,,,,,,
38,,,97969,4.0,0.9912499785423279,0.9270070195198059,0.020645735785365105,0.9313993453979492,0.9227097034454346,4.6146769523620605,4.2643961906433105,201.0,0.32963526248931885,,,,,,,,,,,,
38,,,97979,4.0,0.9850000143051147,0.911994218826294,0.037146855145692825,0.9224060773849487,0.902137279510498,5.438169002532959,4.552240371704102,467.0,0.8487817049026489,,,,,,,,,,,,
38,,,97989,4.0,0.9879500269889832,0.912196159362793,0.027436651289463043,0.933093786239624,0.8933748602867126,4.418165683746338,4.222954750061035,379.0,0.1677742749452591,,,,,,,,,,,,
38,,,97999,4.0,0.9925000071525574,0.9454610347747803,0.021865705028176308,0.9636821746826172,0.9287248253822327,4.667807102203369,4.258168697357178,336.0,0.38777270913124084,,,,,,,,,,,,
38,,,98009,4.0,0.991349995136261,0.9038668870925903,0.02147534117102623,0.9157873392105103,0.8926454782485962,4.883142471313477,4.520605087280273,213.0,0.34106186032295227,,,,,,,,,,,,
38,,,98019,4.0,0.9823499917984009,0.9519621133804321,0.04884011670947075,0.9340642094612122,0.9719248414039612,5.201761722564697,4.736721038818359,1419.0,0.4162004292011261,,,,,,,,,,,,
38,,,98029,4.0,0.9802500009536743,0.8907049298286438,0.04539122432470322,0.8989183902740479,0.8828625679016113,6.072649002075195,5.729099273681641,399.0,0.2981586754322052,,,,,,,,,,,,
38,,,98039,4.0,0.9837499856948853,0.9299601316452026,0.03516576439142227,0.9554725885391235,0.9075427055358887,4.997082710266113,4.7219157218933105,491.0,0.2400011122226715,,,,,,,,,,,,
38,,,98049,4.0,0.9782000184059143,0.8021511435508728,0.05567846819758415,0.9211678504943848,0.7379160523414612,6.880187511444092,6.563562870025635,470.0,0.26094645261764526,,,,,,,,,,,,
38,,,98059,4.0,0.9868500232696533,0.9059616327285767,0.03144250065088272,0.8839278817176819,0.9309544563293457,5.597832679748535,5.232307434082031,417.0,0.3340824544429779,,,,,,,,,,,,
38,,,98069,4.0,0.9809499979019165,0.8862245082855225,0.046666186302900314,0.9279361963272095,0.8526113033294678,5.96722936630249,5.519360065460205,467.0,0.4012031853199005,,,,,,,,,,,,
38,,,98079,4.0,0.9902499914169312,0.9406681060791016,0.03595755249261856,0.9463870525360107,0.9351085424423218,3.8938217163085938,3.420644760131836,647.0,0.4372193217277527,,,,,,,,,,,,
38,,,98089,4.0,0.975350022315979,0.9320257902145386,0.06044439598917961,0.9207290410995483,0.9441511631011963,5.527112007141113,4.491907119750977,1141.0,0.9747602939605713,,,,,,,,,,,,
38,,,98099,4.0,0.9857000112533569,0.9461497068405151,0.033979371190071106,0.9549922943115234,0.9377059936523438,4.400931358337402,4.074740886688232,895.0,0.29221102595329285,,,,,,,,,,,,
38,,,98109,4.0,0.9898999929428101,0.8791529536247253,0.025880832225084305,0.8706718683242798,0.8880531787872314,4.610685348510742,4.3881144523620605,214.0,0.19668997824192047,,,,,,,,,,,,
38,,,98119,4.0,0.9766499996185303,0.8819581270217896,0.06092756986618042,0.8773529529571533,0.8866935968399048,5.698713779449463,5.358157634735107,479.0,0.27962878346443176,,,,,,,,,,,,
38,,,98129,4.0,0.9796500205993652,0.8413845300674438,0.05103841423988342,0.9301255941390991,0.7847589254379272,6.082657814025879,5.69427490234375,332.0,0.3373447060585022,,,,,,,,,,,,
38,,,98139,4.0,0.9828500151634216,0.9210468530654907,0.05623359978199005,0.9347455501556396,0.9083032608032227,5.110942363739014,4.4201483726501465,588.0,0.634560763835907,,,,,,,,,,,,
38,,,98149,4.0,0.9811499714851379,0.9199022054672241,0.05758422240614891,0.9353598356246948,0.905669093132019,4.352195739746094,3.8051648139953613,866.0,0.4894465208053589,,,,,,,,,,,,
38,,,98159,4.0,0.9818000197410583,0.9442770481109619,0.047294922173023224,0.923289954662323,0.9680945873260498,4.592576026916504,4.049722194671631,756.0,0.49555888772010803,,,,,,,,,,,,
38,,,98169,4.0,0.9810500144958496,0.8471744656562805,0.04235033318400383,0.8785281777381897,0.8209639191627502,6.804302215576172,4.7754740715026855,329.0,1.9864780902862549,,,,,,,,,,,,
38,,,98179,4.0,0.9861500263214111,0.8437559604644775,0.03705163300037384,0.91889888048172,0.7924047112464905,4.690657138824463,4.313652515411377,277.0,0.33995309472084045,,,,,,,,,,,,
38,,,98189,4.0,0.9850000143051147,0.9140135049819946,0.03478590399026871,0.9478877782821655,0.8853728175163269,4.115767478942871,3.795820713043213,661.0,0.28516092896461487,,,,,,,,,,,,
38,,,98199,4.0,0.9851499795913696,0.8910560607910156,0.03677989915013313,0.8706892132759094,0.9140311479568481,6.923089981079102,4.676504135131836,293.0,2.209805727005005,,,,,,,,,,,,
38,,,98209,4.0,0.9876999855041504,0.9484049081802368,0.026992084458470345,0.9403691291809082,0.9567909240722656,3.917023181915283,3.6501269340515137,673.0,0.2399042695760727,,,,,,,,,,,,
38,,,98219,4.0,0.9768000245094299,0.8624131679534912,0.046617425978183746,0.8855022192001343,0.8422091603279114,5.175703525543213,4.734652042388916,314.0,0.39443397521972656,,,,,,,,,,,,
38,,,98229,4.0,0.9767000079154968,0.9432163834571838,0.06341253966093063,0.9205619096755981,0.9695621728897095,4.6349287033081055,4.180700302124023,1101.0,0.3908158242702484,,,,,,,,,,,,
38,,,98239,4.0,0.9878000020980835,0.955710232257843,0.031513527035713196,0.9576919674873352,0.9537489414215088,4.244880676269531,3.7616047859191895,962.0,0.45176252722740173,,,,,,,,,,,,
38,,,98249,4.0,0.9927499890327454,0.9599592685699463,0.018738603219389915,0.9676874279975891,0.9525102376937866,3.998777389526367,3.539185047149658,724.0,0.4408538341522217,,,,,,,,,,,,
38,,,98259,4.0,0.9829000234603882,0.893751859664917,0.04180421307682991,0.8816314935684204,0.9067602753639221,6.440027236938477,5.880786418914795,412.0,0.5174363255500793,,,,,,,,,,,,
38,,,98269,4.0,0.9858999848365784,0.9375973343849182,0.03025275282561779,0.9742013216018677,0.9069271683692932,4.369417667388916,4.123867988586426,899.0,0.21529662609100342,,,,,,,,,,,,
38,,,98279,4.0,0.9905499815940857,0.9576655030250549,0.022751156240701675,0.9732494354248047,0.943213701248169,4.0716872215271,3.6151950359344482,946.0,0.4337413012981415,,,,,,,,,,,,
38,,,98289,4.0,0.9911999702453613,0.9798164367675781,0.021119965240359306,0.979321300983429,0.9803130626678467,3.5399439334869385,3.2573118209838867,894.0,0.26151201128959656,,,,,,,,,,,,
38,,,98299,4.0,0.9730499982833862,0.9171329736709595,0.06561644375324249,0.9031141996383667,0.9324545860290527,4.968667507171631,4.416668891906738,623.0,0.486381858587265,,,,,,,,,,,,
38,,,98309,4.0,0.9861000180244446,0.89389568567276,0.04041886702179909,0.8717899918556213,0.9190685153007507,3.833021879196167,3.4963855743408203,324.0,0.2962173521518707,,,,,,,,,,,,
38,,,98319,4.0,0.9827499985694885,0.9284005165100098,0.04424913972616196,0.9420593976974487,0.9156914353370667,4.583349704742432,4.3523077964782715,484.0,0.1867927610874176,,,,,,,,,,,,
38,,,98329,4.0,0.9857000112533569,0.8992732763290405,0.03341734781861305,0.9094482064247131,0.8896353244781494,5.834284782409668,5.485925197601318,320.0,0.3149425983428955,,,,,,,,,,,,
38,,,98339,4.0,0.9783999919891357,0.9163874387741089,0.04938432574272156,0.9183416962623596,0.9144549369812012,4.710011005401611,4.4922709465026855,631.0,0.1683560609817505,,,,,,,,,,,,
38,,,98349,4.0,0.9925000071525574,0.9707531929016113,0.020317334681749344,0.9729816913604736,0.968549370765686,4.018026351928711,3.568488597869873,1060.0,0.4292202889919281,,,,,,,,,,,,
38,,,98359,4.0,0.9882000088691711,0.8999180793762207,0.02899956703186035,0.8986481428146362,0.9011967182159424,4.70077657699585,4.179826259613037,296.0,0.4919503927230835,,,,,,,,,,,,
38,,,98369,4.0,0.9786499738693237,0.9542280435562134,0.05504536256194115,0.9487086534500122,0.9599503874778748,4.965055465698242,4.5733466148376465,1063.0,0.3366638422012329,,,,,,,,,,,,
38,,,98379,4.0,0.9741500020027161,0.8609803915023804,0.05661779269576073,0.8192179203033447,0.9176421761512756,5.135650157928467,4.703968524932861,388.0,0.3750639855861664,,,,,,,,,,,,
38,,,98389,4.0,0.9847000241279602,0.8926496505737305,0.04112635925412178,0.9171739816665649,0.8710750341415405,4.758450031280518,4.589621067047119,419.0,0.12770287692546844,,,,,,,,,,,,
38,,,98399,4.0,0.9818000197410583,0.9539634585380554,0.04192056879401207,0.951657772064209,0.9563010931015015,6.443760395050049,3.8639376163482666,861.0,2.5379021167755127,,,,,,,,,,,,
38,,,98409,4.0,0.9868500232696533,0.9545667171478271,0.03223557770252228,0.9474245309829712,0.9619921445846558,3.7223498821258545,3.35866641998291,897.0,0.3314478397369385,,,,,,,,,,,,
38,,,98419,4.0,0.9869999885559082,0.9501097798347473,0.02741759642958641,0.9510030746459961,0.949220597743988,4.3291802406311035,4.042776584625244,1053.0,0.25898608565330505,,,,,,,,,,,,
38,,,98429,4.0,0.984499990940094,0.9061472415924072,0.036396510899066925,0.9342032670974731,0.8818227648735046,5.058604717254639,4.829674243927002,560.0,0.19253388047218323,,,,,,,,,,,,
38,,,98439,4.0,0.9868500232696533,0.9221406579017639,0.032225169241428375,0.9028915762901306,0.9435598850250244,4.761746406555176,4.120810508728027,248.0,0.6087108254432678,,,,,,,,,,,,
38,,,98449,4.0,0.9868000149726868,0.9299285411834717,0.03323749080300331,0.9448832273483276,0.9160598516464233,4.740732669830322,4.291112899780273,525.0,0.4163825213909149,,,,,,,,,,,,
38,,,98459,4.0,0.9797000288963318,0.9340072870254517,0.050255127251148224,0.9607827663421631,0.9107827544212341,4.523860454559326,4.032415390014648,909.0,0.44118985533714294,,,,,,,,,,,,
38,,,98469,4.0,0.9615499973297119,0.7926144599914551,0.08236991614103317,0.7374180555343628,0.8904503583908081,4.761783599853516,4.429704666137695,376.0,0.2497093677520752,,,,,,,,,,,,
38,,,98479,4.0,0.9854999780654907,0.8654053211212158,0.03631425276398659,0.950054407119751,0.8088402152061462,5.308872222900391,5.073750972747803,307.0,0.19880685210227966,,,,,,,,,,,,
38,,,98489,4.0,0.9887999892234802,0.9162914156913757,0.02456890419125557,0.9050483703613281,0.9282344579696655,4.34478759765625,4.096006870269775,310.0,0.22421154379844666,,,,,,,,,,,,
38,,,98499,4.0,0.9908499717712402,0.9581489562988281,0.0260623786598444,0.9609468579292297,0.9553896188735962,4.228478908538818,3.81600284576416,705.0,0.38641342520713806,,,,,,,,,,,,
38,,,98509,4.0,0.9800999760627747,0.7417446374893188,0.053055305033922195,0.919948935508728,0.6723912358283997,4.2316203117370605,3.9010567665100098,237.0,0.2775082290172577,,,,,,,,,,,,
38,,,98519,4.0,0.991349995136261,0.9190685153007507,0.019732259213924408,0.9524252414703369,0.8905497193336487,4.556107521057129,4.324740886688232,309.0,0.2116343080997467,,,,,,,,,,,,
38,,,98529,4.0,0.9889000058174133,0.9047929048538208,0.026916010305285454,0.9074218273162842,0.9022002220153809,3.9474196434020996,3.6525871753692627,287.0,0.26791656017303467,,,,,,,,,,,,
38,,,98539,4.0,0.9881500005722046,0.9512720704078674,0.03562578931450844,0.9732789993286133,0.9315181374549866,3.817535161972046,3.517576217651367,1025.0,0.2643333375453949,,,,,,,,,,,,
38,,,98549,4.0,0.9873999953269958,0.9388702511787415,0.030407192185521126,0.9160327315330505,0.96477872133255,4.451763153076172,3.8453190326690674,634.0,0.5760368704795837,,,,,,,,,,,,
38,,,98559,4.0,0.9858999848365784,0.8835612535476685,0.042153146117925644,0.933674156665802,0.8444732427597046,4.525057315826416,4.194597244262695,284.0,0.2883068919181824,,,,,,,,,,,,
38,,,98569,4.0,0.9889500141143799,0.9657981991767883,0.030700525268912315,0.978427529335022,0.9539691209793091,5.694567680358887,5.373648166656494,1139.0,0.290218710899353,,,,,,,,,,,,
38,,,98579,4.0,0.9926999807357788,0.9729459285736084,0.020019054412841797,0.9852991104125977,0.9613156914710999,4.448105812072754,4.121262073516846,728.0,0.3068247437477112,,,,,,,,,,,,
38,,,98589,4.0,0.9793499708175659,0.9162824749946594,0.053291693329811096,0.9018162488937378,0.9320412874221802,5.555675029754639,5.177220821380615,599.0,0.32516247034072876,,,,,,,,,,,,
38,,,98599,4.0,0.9921500086784363,0.9652445912361145,0.020279061049222946,0.9747035503387451,0.9562085866928101,4.16574239730835,3.645662307739258,1101.0,0.49980100989341736,,,,,,,,,,,,
38,,,98609,4.0,0.9871500134468079,0.9633322954177856,0.02841394580900669,0.9636522531509399,0.9630129337310791,3.437591552734375,3.127542018890381,852.0,0.28163543343544006,,,,,,,,,,,,
38,,,98619,4.0,0.9879500269889832,0.8826879262924194,0.027305766940116882,0.9205147624015808,0.851445198059082,3.7749078273773193,3.548086643218994,235.0,0.19951540231704712,,,,,,,,,,,,
38,,,98629,4.0,0.9883000254631042,0.9154897928237915,0.028821367770433426,0.9020527005195618,0.9299445152282715,5.0928754806518555,4.606772422790527,290.0,0.4572817385196686,,,,,,,,,,,,
38,,,98639,4.0,0.9844499826431274,0.9653151035308838,0.038593556731939316,0.9526469707489014,0.9790462255477905,4.6623454093933105,4.149484157562256,971.0,0.4742673337459564,,,,,,,,,,,,
38,,,98649,4.0,0.9746500253677368,0.9268887639045715,0.06650116294622421,0.9009582996368408,0.9576311111450195,5.138625621795654,4.667585849761963,1093.0,0.40453845262527466,,,,,,,,,,,,
38,,,98659,4.0,0.9890000224113464,0.9207583665847778,0.0249102134257555,0.9218868017196655,0.9196365475654602,4.323055267333984,4.158522129058838,248.0,0.13962282240390778,,,,,,,,,,,,
38,,,98669,4.0,0.9720500111579895,0.888949990272522,0.0633755773305893,0.8730580806732178,0.9065574407577515,5.243358135223389,4.568592548370361,568.0,0.6113901734352112,,,,,,,,,,,,
38,,,98679,4.0,0.9858499765396118,0.9518399238586426,0.03712904825806618,0.9392330646514893,0.9653670787811279,4.042333602905273,3.5903332233428955,605.0,0.4148711860179901,,,,,,,,,,,,
38,,,98689,4.0,0.9872499704360962,0.9599645137786865,0.03423001617193222,0.9503267407417297,0.9701321721076965,4.294518947601318,3.840147018432617,782.0,0.42014211416244507,,,,,,,,,,,,
38,,,98699,4.0,0.9764500260353088,0.9178684949874878,0.05780215561389923,0.9258017539978027,0.9102866649627686,6.405874729156494,5.956491947174072,669.0,0.39158037304878235,,,,,,,,,,,,
38,,,98709,4.0,0.9785000085830688,0.924729585647583,0.049415722489356995,0.9316505789756775,0.9180728197097778,5.001628398895264,4.579631328582764,846.0,0.3725813925266266,,,,,,,,,,,,
38,,,98719,4.0,0.9891499876976013,0.9622046947479248,0.027731286361813545,0.9642548561096191,0.960176408290863,4.6185455322265625,4.285574436187744,920.0,0.3052397072315216,,,,,,,,,,,,
38,,,98729,4.0,0.9936000108718872,0.9820383787155151,0.017232391983270645,0.987098217010498,0.9771111011505127,4.225365161895752,3.9755210876464844,885.0,0.2326117753982544,,,,,,,,,,,,
38,,,98739,4.0,0.9850500226020813,0.8113893270492554,0.036990437656641006,0.8390042781829834,0.7881309390068054,4.88093376159668,4.502123832702637,178.0,0.3418194055557251,,,,,,,,,,,,
38,,,98749,4.0,0.9761000275611877,0.8966360092163086,0.05728336051106453,0.9318017959594727,0.8675128221511841,5.598155498504639,5.213468551635742,541.0,0.32740336656570435,,,,,,,,,,,,
38,,,98759,4.0,0.9886000156402588,0.9319509267807007,0.02826543338596821,0.9324220418930054,0.9314810037612915,4.249825954437256,4.030166149139404,504.0,0.19139428436756134,,,,,,,,,,,,
38,,,98769,4.0,0.9899500012397766,0.9612390995025635,0.02517024800181389,0.9647924900054932,0.9577492475509644,3.616842269897461,3.331775426864624,910.0,0.25989651679992676,,,,,,,,,,,,
38,,,98779,4.0,0.9838500022888184,0.9450643062591553,0.04139508306980133,0.9396753311157227,0.9506174325942993,5.039727687835693,4.554651737213135,563.0,0.4436805844306946,,,,,,,,,,,,
38,,,98789,4.0,0.9791499972343445,0.9123796224594116,0.05249733850359917,0.8838989734649658,0.9463660717010498,5.805793285369873,5.313957691192627,561.0,0.4393380582332611,,,,,,,,,,,,
38,,,98799,4.0,0.988099992275238,0.9557015895843506,0.027124634012579918,0.9646085500717163,0.9471914768218994,4.127708911895752,3.952735424041748,841.0,0.1478489488363266,,,,,,,,,,,,
38,,,98809,4.0,0.9777500033378601,0.8613585233688354,0.05678433179855347,0.9154479503631592,0.8207970857620239,8.533690452575684,4.960753917694092,374.0,3.5161523818969727,,,,,,,,,,,,
38,,,98819,4.0,0.9875500202178955,0.9610276818275452,0.032167062163352966,0.9536765217781067,0.9686826467514038,4.058554649353027,3.7219486236572266,902.0,0.30443915724754333,,,,,,,,,,,,
38,,,98829,4.0,0.984250009059906,0.9009554386138916,0.0407441183924675,0.9523991942405701,0.8608866333961487,6.121920585632324,5.866575241088867,524.0,0.21460118889808655,,,,,,,,,,,,
38,,,98839,4.0,0.9709500074386597,0.9262428283691406,0.06454921513795853,0.9311195611953735,0.9215124845504761,4.618563652038574,4.105902671813965,913.0,0.4481115937232971,,,,,,,,,,,,
38,,,98849,4.0,0.9903500080108643,0.9524205923080444,0.021683072671294212,0.9498481750488281,0.9550266265869141,3.670475721359253,3.3083443641662598,805.0,0.34044840931892395,,,,,,,,,,,,
38,,,98859,4.0,0.9876000285148621,0.9502363204956055,0.031966496258974075,0.9521243572235107,0.948366641998291,4.670932769775391,4.027224540710449,909.0,0.6117414236068726,,,,,,,,,,,,
38,,,98869,4.0,0.9849500060081482,0.8586887121200562,0.03628705441951752,0.8668410778045654,0.8509148955345154,4.4982805252075195,4.402213096618652,336.0,0.05978037416934967,,,,,,,,,,,,
38,,,98879,4.0,0.9901000261306763,0.9735631346702576,0.025286976248025894,0.970981240272522,0.9761823415756226,3.698078155517578,3.3094661235809326,925.0,0.3633250892162323,,,,,,,,,,,,
38,,,98889,4.0,0.9900000095367432,0.9310011267662048,0.024524765089154243,0.9394267797470093,0.9229203462600708,4.854957580566406,4.407705307006836,353.0,0.4227277338504791,,,,,,,,,,,,
38,,,98899,4.0,0.9850500226020813,0.9296246767044067,0.03154297545552254,0.9179742336273193,0.9420472383499146,5.167109489440918,4.445122718811035,556.0,0.6904441714286804,,,,,,,,,,,,
38,,,98909,4.0,0.9898499846458435,0.9498227834701538,0.02391854301095009,0.9790263175964355,0.9243671298027039,3.840057373046875,3.4916939735412598,846.0,0.32444483041763306,,,,,,,,,,,,
38,,,98919,4.0,0.9888499975204468,0.9596343040466309,0.027640139684081078,0.9632062911987305,0.9561275839805603,3.777862548828125,3.5061235427856445,840.0,0.24409902095794678,,,,,,,,,,,,
38,,,98929,4.0,0.9879500269889832,0.9613180756568909,0.033535730093717575,0.96341872215271,0.9592407941818237,4.642696857452393,4.107422351837158,932.0,0.5017386674880981,,,,,,,,,,,,
38,,,98939,4.0,0.9897500276565552,0.9521093368530273,0.024882860481739044,0.9703254103660583,0.9354300498962402,4.167155742645264,3.767315626144409,701.0,0.3749571144580841,,,,,,,,,,,,
38,,,98949,4.0,0.9775500297546387,0.9224803447723389,0.04865022376179695,0.9132658839225769,0.9322137832641602,4.977102279663086,4.483555793762207,552.0,0.4448964595794678,,,,,,,,,,,,
38,,,98959,4.0,0.9850000143051147,0.9463727474212646,0.038012269884347916,0.9663522839546204,0.9283397793769836,5.67124080657959,5.091761589050293,1049.0,0.5414667725563049,,,,,,,,,,,,
38,,,98969,4.0,0.9875500202178955,0.9492403268814087,0.025497280061244965,0.9503574371337891,0.9481297731399536,3.9038240909576416,3.656310558319092,830.0,0.22201623022556305,,,,,,,,,,,,
38,,,98979,4.0,0.9844499826431274,0.937179446220398,0.039968956261873245,0.9145963191986084,0.9628869295120239,4.66901969909668,4.3894853591918945,660.0,0.23956522345542908,,,,,,,,,,,,
38,,,98989,4.0,0.9904000163078308,0.9620271921157837,0.02414330467581749,0.9767769575119019,0.9483077526092529,3.915900230407715,3.7127418518066406,792.0,0.17901524901390076,,,,,,,,,,,,
38,,,98999,4.0,0.9917500019073486,0.9733173847198486,0.021803589537739754,0.9786055684089661,0.9681705832481384,4.477668762207031,4.182201862335205,813.0,0.27366337180137634,,,,,,,,,,,,
38,,,99009,4.0,0.9916499853134155,0.9694125652313232,0.018520819023251534,0.9716241955757141,0.9672255516052246,3.4639296531677246,3.2195627689361572,886.0,0.2258460521697998,,,,,,,,,,,,
38,,,99019,4.0,0.991349995136261,0.9744431972503662,0.023656250908970833,0.974785566329956,0.9741014838218689,4.35200834274292,3.889803171157837,940.0,0.43854862451553345,,,,,,,,,,,,
38,,,99029,4.0,0.9892500042915344,0.9524790048599243,0.025901541113853455,0.9742006063461304,0.9329238533973694,3.8964853286743164,3.4815242290496826,846.0,0.38905948400497437,,,,,,,,,,,,
38,,,99039,4.0,0.986299991607666,0.9594545364379883,0.03519941866397858,0.9503933191299438,0.9689921736717224,4.243114948272705,3.9117884635925293,917.0,0.2961272895336151,,,,,,,,,,,,
38,,,99049,4.0,0.9896500110626221,0.9351379871368408,0.037321798503398895,0.9587116837501526,0.9140787720680237,3.8911023139953613,3.5907318592071533,524.0,0.2630486488342285,,,,,,,,,,,,
38,,,99059,4.0,0.9853500127792358,0.9279583692550659,0.03567516803741455,0.942188024520874,0.9147300124168396,4.7862138748168945,4.4667863845825195,357.0,0.2837523818016052,,,,,,,,,,,,
38,,,99069,4.0,0.9893500208854675,0.9617037177085876,0.02638300135731697,0.9664157629013062,0.9571044445037842,4.486461639404297,3.9177603721618652,770.0,0.5423183441162109,,,,,,,,,,,,
38,,,99079,4.0,0.9822999835014343,0.9159415364265442,0.04175058752298355,0.913500964641571,0.9184154272079468,4.500135898590088,3.9469170570373535,403.0,0.5114680528640747,,,,,,,,,,,,
38,,,99089,4.0,0.9915000200271606,0.9270936846733093,0.02460523322224617,0.9435864686965942,0.9118616580963135,4.4596076011657715,3.9383881092071533,338.0,0.496614009141922,,,,,,,,,,,,
38,,,99099,4.0,0.9796500205993652,0.8843684196472168,0.04633457213640213,0.870849609375,0.8990464806556702,5.147964000701904,4.708356857299805,391.0,0.39327237010002136,,,,,,,,,,,,
38,,,99109,4.0,0.9871500134468079,0.928746223449707,0.030712874606251717,0.9395910501480103,0.9184825420379639,4.492291450500488,4.240255832672119,526.0,0.22132237255573273,,,,,,,,,,,,
38,,,99119,4.0,0.988349974155426,0.9331823587417603,0.031075475737452507,0.9426635503768921,0.9241419434547424,5.479319095611572,5.110525131225586,570.0,0.33771827816963196,,,,,,,,,,,,
38,,,99129,4.0,0.9866999983787537,0.9126789569854736,0.029389599338173866,0.9266501069068909,0.899675726890564,5.627188205718994,5.381657123565674,306.0,0.216141477227211,,,,,,,,,,,,
38,,,99139,4.0,0.9894499778747559,0.9373997449874878,0.026196734979748726,0.9424328804016113,0.9324917197227478,3.6582956314086914,3.305915117263794,682.0,0.3261837363243103,,,,,,,,,,,,
38,,,99149,4.0,0.990149974822998,0.9654645919799805,0.025655008852481842,0.9732052087783813,0.9580225944519043,3.855043888092041,3.3821699619293213,797.0,0.4472188353538513,,,,,,,,,,,,
38,,,99159,4.0,0.9628499746322632,0.8251209259033203,0.09513670206069946,0.8707363605499268,0.7907905578613281,5.623891830444336,4.611675262451172,652.0,0.917079746723175,,,,,,,,,,,,
38,,,99169,4.0,0.9894499778747559,0.950829803943634,0.033160749822854996,0.9528889060020447,0.948792040348053,3.9624788761138916,3.5869414806365967,573.0,0.3423766493797302,,,,,,,,,,,,
38,,,99179,4.0,0.9870499968528748,0.9700239896774292,0.03755756840109825,0.9715890884399414,0.9684731960296631,4.542705059051514,3.948213815689087,1078.0,0.5569338202476501,,,,,,,,,,,,
38,,,99189,4.0,0.9884499907493591,0.9616730809211731,0.027452483773231506,0.9620575904846191,0.9612892866134644,5.087810516357422,4.0250349044799805,907.0,1.035323143005371,,,,,,,,,,,,
38,,,99199,4.0,0.9890000224113464,0.960957407951355,0.02508869208395481,0.9606803059577942,0.9612349271774292,3.95050311088562,3.653881072998047,853.0,0.271533340215683,,,,,,,,,,,,
38,,,99209,4.0,0.9901999831199646,0.9010294675827026,0.022455312311649323,0.897223949432373,0.9049132466316223,4.579900741577148,4.1749958992004395,356.0,0.3824496269226074,,,,,,,,,,,,
38,,,99219,4.0,0.982200026512146,0.9199109077453613,0.04389331117272377,0.9108143448829651,0.9294872283935547,4.385067462921143,4.06981086730957,483.0,0.27136316895484924,,,,,,,,,,,,
38,,,99229,4.0,0.9769499897956848,0.869430661201477,0.08170032501220703,0.9205019474029541,0.8304866552352905,6.187290668487549,5.408811092376709,848.0,0.6967792510986328,,,,,,,,,,,,
38,,,99239,4.0,0.9933000206947327,0.9091971516609192,0.01584703102707863,0.9049734473228455,0.9135138988494873,4.367986679077148,4.089176654815674,224.0,0.26296257972717285,,,,,,,,,,,,
38,,,99249,4.0,0.9858999848365784,0.9593629837036133,0.03341951593756676,0.970615565776825,0.9487731456756592,4.001571178436279,3.560811996459961,957.0,0.4073394536972046,,,,,,,,,,,,
38,,,99259,4.0,0.9894000291824341,0.937542200088501,0.027034802362322807,0.9403814673423767,0.9347431659698486,4.6400251388549805,4.411375999450684,510.0,0.20161446928977966,,,,,,,,,,,,
38,,,99269,4.0,0.9900500178337097,0.8744697570800781,0.023448346182703972,0.8961052894592285,0.8551758527755737,5.662467002868652,5.056101322174072,199.0,0.5829172730445862,,,,,,,,,,,,
38,,,99279,4.0,0.9764999747276306,0.889145016670227,0.05889655649662018,0.9224227666854858,0.8613517880439758,5.2025532722473145,4.7909440994262695,463.0,0.3527127504348755,,,,,,,,,,,,
38,,,99289,4.0,0.9857000112533569,0.8894253373146057,0.02796550653874874,0.9335756897926331,0.8539913296699524,3.8822789192199707,3.6162426471710205,424.0,0.2380707859992981,,,,,,,,,,,,
38,,,99299,4.0,0.985450029373169,0.8085486888885498,0.03182510659098625,0.8909330368041992,0.7558338642120361,5.119759559631348,4.741092205047607,189.0,0.34684237837791443,,,,,,,,,,,,
38,,,99309,4.0,0.9800500273704529,0.9102727770805359,0.048733051866292953,0.8847664594650269,0.9400722980499268,5.244024753570557,4.913333892822266,620.0,0.2819577157497406,,,,,,,,,,,,
38,,,99319,4.0,0.9861999750137329,0.951514720916748,0.03273606672883034,0.9462239146232605,0.9569598436355591,4.008633613586426,3.648144483566284,988.0,0.32775288820266724,,,,,,,,,,,,
38,,,99329,4.0,0.9944999814033508,0.9483121037483215,0.012903004884719849,0.9614534378051758,0.9359416961669922,3.8875513076782227,3.519514322280884,427.0,0.3551340401172638,,,,,,,,,,,,
38,,,99339,4.0,0.9907500147819519,0.9758825302124023,0.024144144728779793,0.9763702750205994,0.9753960967063904,5.120038032531738,4.383544921875,1296.0,0.7123489379882812,,,,,,,,,,,,
38,,,99349,4.0,0.9920499920845032,0.8399354815483093,0.019933728501200676,0.8881032466888428,0.8026697039604187,5.169860363006592,4.318750858306885,109.0,0.8311758637428284,,,,,,,,,,,,
38,,,99359,4.0,0.9894999861717224,0.9716854095458984,0.026770425960421562,0.9645645618438721,0.9790979623794556,3.9126248359680176,3.5093510150909424,941.0,0.3765034079551697,,,,,,,,,,,,
38,,,99369,4.0,0.9832000136375427,0.9330436587333679,0.03816951811313629,0.9630872011184692,0.9072287082672119,4.230383396148682,3.80537748336792,778.0,0.3868362605571747,,,,,,,,,,,,
38,,,99379,4.0,0.9826499819755554,0.8208290338516235,0.03901185840368271,0.8587563037872314,0.7905515432357788,4.597794532775879,4.260804176330566,230.0,0.2979784607887268,,,,,,,,,,,,
38,,,99389,4.0,0.986549973487854,0.8030529022216797,0.03714700788259506,0.8792795538902283,0.7531505823135376,5.125698089599609,4.367607593536377,157.0,0.7209433317184448,,,,,,,,,,,,
38,,,99399,4.0,0.9914000034332275,0.9201714396476746,0.02133910357952118,0.9572439193725586,0.8889690637588501,3.720670461654663,3.574147939682007,269.0,0.12518325448036194,,,,,,,,,,,,
38,,,99409,4.0,0.9824000000953674,0.9408578872680664,0.040491122752428055,0.9323724508285522,0.9497637152671814,4.2840776443481445,3.9154245853424072,913.0,0.3281618356704712,,,,,,,,,,,,
38,,,99419,4.0,0.9782999753952026,0.9244317412376404,0.0489305704832077,0.9103066921234131,0.9398043751716614,6.376091003417969,5.965164661407471,679.0,0.3619956076145172,,,,,,,,,,,,
38,,,99429,4.0,0.9846000075340271,0.9554710388183594,0.038359351456165314,0.9365181922912598,0.9766784310340881,4.047196388244629,3.4500653743743896,719.0,0.558771550655365,,,,,,,,,,,,
38,,,99439,4.0,0.9840499758720398,0.9207299947738647,0.03993506357073784,0.9361057877540588,0.9065346717834473,5.15872049331665,4.967878341674805,395.0,0.1509072631597519,,,,,,,,,,,,
38,,,99449,4.0,0.9861500263214111,0.9297291040420532,0.031964611262083054,0.9237679839134216,0.935883641242981,3.578059196472168,3.2693026065826416,718.0,0.27679193019866943,,,,,,,,,,,,
38,,,99459,4.0,0.9904500246047974,0.9138438701629639,0.02180696278810501,0.8872886896133423,0.9446206092834473,3.491328477859497,3.2283854484558105,208.0,0.24113616347312927,,,,,,,,,,,,
38,,,99469,4.0,0.9900000095367432,0.9665846824645996,0.039401378482580185,0.9767671823501587,0.9569172859191895,4.021958827972412,3.775940418243408,902.0,0.2066170871257782,,,,,,,,,,,,
38,,,99479,4.0,0.9807000160217285,0.9480218291282654,0.05489467829465866,0.9307703971862793,0.9672130942344666,5.148931503295898,4.300690650939941,1301.0,0.7933465838432312,,,,,,,,,,,,
,6.726752705214194e-05,0.0006726752705214194,99489,,,,,,,,,,,,,,,,,,,,,,
39,,,99489,4.0,0.9829000234603882,0.9488244652748108,0.03928685933351517,0.9587383270263672,0.9394353628158569,3.9399092197418213,3.713865041732788,950.0,0.1867573857307434,,,,,,,,,,,,
39,,,99499,4.0,0.9889500141143799,0.9076758027076721,0.026946529746055603,0.9261060953140259,0.8908790946006775,5.640181064605713,5.338125228881836,254.0,0.2751091420650482,,,,,,,,,,,,
39,,,99509,4.0,0.9858999848365784,0.9392039775848389,0.03819681704044342,0.9304496049880981,0.9483833312988281,4.507639408111572,4.3036417961120605,755.0,0.16580061614513397,,,,,,,,,,,,
39,,,99519,4.0,0.9802500009536743,0.777675986289978,0.04513115808367729,0.9265345931053162,0.7083033323287964,5.750216960906982,4.987459659576416,317.0,0.7176262140274048,,,,,,,,,,,,
39,,,99529,4.0,0.9900000095367432,0.8593323826789856,0.0253958348184824,0.8662907481193542,0.8526448607444763,5.090915203094482,4.803587913513184,201.0,0.261931449174881,,,,,,,,,,,,
39,,,99539,4.0,0.9907000064849854,0.9705607891082764,0.02389405481517315,0.9825044274330139,0.959323525428772,4.413367748260498,4.1443095207214355,965.0,0.2451642006635666,,,,,,,,,,,,
39,,,99549,4.0,0.9869999885559082,0.9358751773834229,0.03984251245856285,0.9692492485046387,0.9074486494064331,4.100796699523926,3.8080179691314697,874.0,0.2529361844062805,,,,,,,,,,,,
39,,,99559,4.0,0.98089998960495,0.9214876890182495,0.04722285270690918,0.9587249755859375,0.8906561732292175,4.376640796661377,3.8948941230773926,977.0,0.4345239996910095,,,,,,,,,,,,
39,,,99569,4.0,0.9618499875068665,0.9152696132659912,0.09968926012516022,0.9093108177185059,0.92148756980896,6.564198017120361,4.966645240783691,1052.0,1.4978632926940918,,,,,,,,,,,,
39,,,99579,4.0,0.9890000224113464,0.9517675042152405,0.02644718624651432,0.9813343286514282,0.9260855913162231,4.307018756866455,4.06664514541626,901.0,0.21392610669136047,,,,,,,,,,,,
39,,,99589,4.0,0.9879000186920166,0.9072396755218506,0.02983471006155014,0.899261474609375,0.9155716896057129,4.835229396820068,4.398772239685059,281.0,0.4066222608089447,,,,,,,,,,,,
39,,,99599,4.0,0.9894499778747559,0.8888691663742065,0.024475714191794395,0.9300299286842346,0.8552517890930176,4.204870700836182,3.822054624557495,265.0,0.35834014415740967,,,,,,,,,,,,
39,,,99609,4.0,0.9886000156402588,0.9498202204704285,0.02944188192486763,0.9540429711341858,0.9456871747970581,5.308467864990234,4.840412616729736,630.0,0.43861356377601624,,,,,,,,,,,,
39,,,99619,4.0,0.9746000170707703,0.9094109535217285,0.06006718799471855,0.8960896134376526,0.923877477645874,6.6458048820495605,6.311616897583008,524.0,0.27412092685699463,,,,,,,,,,,,
39,,,99629,4.0,0.9926999807357788,0.9667316675186157,0.021319638937711716,0.9759559035301208,0.95790696144104,3.4595091342926025,3.1326043605804443,879.0,0.3055851459503174,,,,,,,,,,,,
39,,,99639,4.0,0.9883000254631042,0.9182273149490356,0.031822655349969864,0.922053337097168,0.9144761562347412,4.290441989898682,3.9943809509277344,363.0,0.2642383575439453,,,,,,,,,,,,
39,,,99649,4.0,0.986549973487854,0.9131112098693848,0.03419192135334015,0.9153324365615845,0.9109159708023071,4.350157737731934,3.707587242126465,481.0,0.6083786487579346,,,,,,,,,,,,
39,,,99659,4.0,0.984000027179718,0.7969129681587219,0.04238055273890495,0.9103413224220276,0.7341769337654114,5.257847309112549,4.867648601531982,176.0,0.3478182554244995,,,,,,,,,,,,
39,,,99669,4.0,0.9844499826431274,0.9373550415039062,0.041258133947849274,0.9668572545051575,0.9118956327438354,4.639921188354492,4.3331828117370605,471.0,0.2654799520969391,,,,,,,,,,,,
39,,,99679,4.0,0.9889000058174133,0.9554844498634338,0.029133779928088188,0.9719814658164978,0.9402806162834167,4.575719356536865,4.188934803009033,779.0,0.3576509356498718,,,,,,,,,,,,
39,,,99689,4.0,0.9856500029563904,0.957985520362854,0.03550783172249794,0.9647470712661743,0.9514685869216919,4.4145989418029785,3.893071413040161,1079.0,0.48601964116096497,,,,,,,,,,,,
39,,,99699,4.0,0.985450029373169,0.937943160533905,0.036382537335157394,0.9377797842025757,0.9381066560745239,4.201369762420654,3.930304765701294,499.0,0.23468276858329773,,,,,,,,,,,,
39,,,99709,4.0,0.9872000217437744,0.9631611108779907,0.040985334664583206,0.9646749496459961,0.9616599082946777,3.634225845336914,3.3920347690582275,944.0,0.20120567083358765,,,,,,,,,,,,
39,,,99719,4.0,0.9922500252723694,0.9617211818695068,0.018094869330525398,0.9685544967651367,0.9551093578338623,3.8522133827209473,3.618713855743408,746.0,0.2154046595096588,,,,,,,,,,,,
39,,,99729,4.0,0.9850999712944031,0.9659078121185303,0.039322786033153534,0.966709554195404,0.9651098847389221,3.6976797580718994,3.3473572731018066,896.0,0.31099963188171387,,,,,,,,,,,,
39,,,99739,4.0,0.9846500158309937,0.9436647891998291,0.03508317470550537,0.9564511775970459,0.931705117225647,4.2197418212890625,3.984121322631836,824.0,0.20053698122501373,,,,,,,,,,,,
39,,,99749,4.0,0.9778000116348267,0.9151387214660645,0.053288478404283524,0.9232316017150879,0.907406210899353,5.273199558258057,4.535041332244873,1139.0,0.6848697066307068,,,,,,,,,,,,
39,,,99759,4.0,0.9861500263214111,0.966540515422821,0.03959115594625473,0.9593610167503357,0.9740350246429443,4.1905059814453125,3.543663740158081,1068.0,0.6072512269020081,,,,,,,,,,,,
39,,,99769,4.0,0.986299991607666,0.8482255935668945,0.031152356415987015,0.8735891580581665,0.8262559175491333,4.6937785148620605,4.256243705749512,230.0,0.40638267993927,,,,,,,,,,,,
39,,,99779,4.0,0.9874500036239624,0.8922691345214844,0.03130894899368286,0.8957842588424683,0.8888204097747803,4.870398998260498,4.297844409942627,266.0,0.5412452816963196,,,,,,,,,,,,
39,,,99789,4.0,0.9837999939918518,0.9082803726196289,0.03867897763848305,0.9319512844085693,0.8873288631439209,5.779097080230713,5.5076446533203125,462.0,0.23277324438095093,,,,,,,,,,,,
39,,,99799,4.0,0.9877499938011169,0.9544422626495361,0.0308728888630867,0.9463798999786377,0.9628609418869019,4.526284217834473,4.157462120056152,857.0,0.3379495143890381,,,,,,,,,,,,
39,,,99809,4.0,0.9848999977111816,0.8852255344390869,0.03544432297348976,0.8761850595474243,0.8947521448135376,4.78548526763916,4.346418857574463,245.0,0.403622031211853,,,,,,,,,,,,
39,,,99819,4.0,0.9894999861717224,0.9174984693527222,0.024927210062742233,0.9588713645935059,0.8834208846092224,4.670308589935303,4.353662490844727,507.0,0.2917189598083496,,,,,,,,,,,,
39,,,99829,4.0,0.9909999966621399,0.9246265292167664,0.03531678020954132,0.95401930809021,0.8990378379821777,3.8810722827911377,3.5467240810394287,292.0,0.2990315556526184,,,,,,,,,,,,
39,,,99839,4.0,0.989549994468689,0.9505183696746826,0.026869958266615868,0.9360989332199097,0.9660742282867432,4.765395641326904,4.33521842956543,873.0,0.4033074676990509,,,,,,,,,,,,
39,,,99849,4.0,0.979200005531311,0.9219242334365845,0.06668135523796082,0.8983924388885498,0.9490872621536255,6.091094970703125,5.1883392333984375,884.0,0.8360744118690491,,,,,,,,,,,,
39,,,99859,4.0,0.9888499975204468,0.9199454188346863,0.02705201506614685,0.9005542993545532,0.9415038824081421,4.684568881988525,4.332890510559082,436.0,0.32462629675865173,,,,,,,,,,,,
39,,,99869,4.0,0.9884499907493591,0.9606215953826904,0.02919963374733925,0.9721847176551819,0.9497239589691162,4.220520973205566,3.457597017288208,852.0,0.7337242364883423,,,,,,,,,,,,
39,,,99879,4.0,0.9831500053405762,0.9499753713607788,0.0428440198302269,0.9569636583328247,0.9432518482208252,5.1613545417785645,4.5310959815979,953.0,0.5874146223068237,,,,,,,,,,,,
39,,,99889,4.0,0.9832000136375427,0.8495887517929077,0.03493340313434601,0.87571781873703,0.8270812034606934,6.244283676147461,5.677862644195557,295.0,0.5314872860908508,,,,,,,,,,,,
39,,,99899,4.0,0.9857000112533569,0.913508951663971,0.032800979912281036,0.9002866744995117,0.9277409911155701,5.001715183258057,4.575206279754639,310.0,0.3937075734138489,,,,,,,,,,,,
39,,,99909,4.0,0.9898999929428101,0.9734541177749634,0.025767456740140915,0.9760188460350037,0.9709254503250122,3.944140911102295,3.6391263008117676,856.0,0.2792470455169678,,,,,,,,,,,,
39,,,99919,4.0,0.989549994468689,0.9126888513565063,0.02476143278181553,0.8842402696609497,0.9460885524749756,4.505275726318359,4.272240161895752,217.0,0.20827454328536987,,,,,,,,,,,,
39,,,99929,4.0,0.98089998960495,0.8944605588912964,0.04218677058815956,0.8537158370018005,0.9475475549697876,4.320524215698242,4.022831916809082,562.0,0.25550559163093567,,,,,,,,,,,,
39,,,99939,4.0,0.9850999712944031,0.9438177347183228,0.03378051891922951,0.9458369016647339,0.9418201446533203,4.2411346435546875,3.794835329055786,704.0,0.4125185012817383,,,,,,,,,,,,
39,,,99949,4.0,0.9803000092506409,0.9064433574676514,0.04585355520248413,0.9134388566017151,0.8997141122817993,5.641825199127197,5.2300944328308105,560.0,0.36587727069854736,,,,,,,,,,,,
39,,,99959,4.0,0.9905499815940857,0.9672930240631104,0.02877875603735447,0.967156708240509,0.967429518699646,5.359577178955078,5.035163402557373,1450.0,0.29563528299331665,,,,,,,,,,,,
39,,,99969,4.0,0.9881500005722046,0.9318932890892029,0.030375873669981956,0.9665301442146301,0.9025058746337891,4.185382843017578,3.9353861808776855,684.0,0.21962057054042816,,,,,,,,,,,,
39,,,99979,4.0,0.989799976348877,0.9477490186691284,0.026054540649056435,0.9432733058929443,0.9523280262947083,3.7585673332214355,3.456975221633911,538.0,0.2755375802516937,,,,,,,,,,,,
39,,,99989,4.0,0.982699990272522,0.9169291257858276,0.04377564415335655,0.9089154005050659,0.925311803817749,5.884110450744629,4.2083940505981445,413.0,1.6319408416748047,,,,,,,,,,,,
39,,,99999,4.0,0.9919999837875366,0.9661445617675781,0.02360706590116024,0.9753132462501526,0.9573761224746704,3.692366123199463,3.4104256629943848,812.0,0.25833356380462646,,,,,,,,,,,,
39,,,100009,4.0,0.984250009059906,0.8898500800132751,0.03813799098134041,0.9064931869506836,0.8746301531791687,6.136650085449219,5.561142921447754,272.0,0.5373691320419312,,,,,,,,,,,,
39,,,100019,4.0,0.9829999804496765,0.8828514218330383,0.04626479372382164,0.9200904369354248,0.8521661758422852,6.285261154174805,5.881326675415039,282.0,0.35767003893852234,,,,,,,,,,,,
39,,,100029,4.0,0.986299991607666,0.8752365112304688,0.03435244411230087,0.8726760149002075,0.8778349161148071,4.7446393966674805,4.408545970916748,200.0,0.30174121260643005,,,,,,,,,,,,
39,,,100039,4.0,0.988349974155426,0.9564797878265381,0.027729308232665062,0.9592726230621338,0.953727126121521,4.713100910186768,3.9846692085266113,827.0,0.7007023692131042,,,,,,,,,,,,
39,,,100049,4.0,0.9889500141143799,0.9409177303314209,0.027321115136146545,0.9394353628158569,0.9424113035202026,3.8860087394714355,3.4597277641296387,730.0,0.3989599943161011,,,,,,,,,,,,
39,,,100059,4.0,0.98089998960495,0.8439615964889526,0.04539560526609421,0.8392931222915649,0.8487718105316162,6.8872809410095215,4.943215847015381,232.0,1.8986698389053345,,,,,,,,,,,,
39,,,100069,4.0,0.9833999872207642,0.8912757039070129,0.035596225410699844,0.9154598712921143,0.8699925541877747,5.12453556060791,4.839441299438477,497.0,0.2494979053735733,,,,,,,,,,,,
39,,,100079,4.0,0.982699990272522,0.9222222566604614,0.04296155646443367,0.9332579374313354,0.9118155837059021,4.6108598709106445,4.324045658111572,545.0,0.24385280907154083,,,,,,,,,,,,
39,,,100089,4.0,0.9879000186920166,0.9525277614593506,0.03252698853611946,0.9397871494293213,0.9661751389503479,4.670342445373535,4.2484331130981445,443.0,0.38938218355178833,,,,,,,,,,,,
39,,,100099,4.0,0.9847000241279602,0.8772588968276978,0.036220304667949677,0.9040893316268921,0.8540093302726746,5.9130425453186035,5.68135404586792,406.0,0.19546854496002197,,,,,,,,,,,,
39,,,100109,4.0,0.9857500195503235,0.9574264287948608,0.035498857498168945,0.948830246925354,0.9664512276649475,4.810770034790039,4.240657806396484,1036.0,0.5346137881278992,,,,,,,,,,,,
39,,,100119,4.0,0.9912999868392944,0.9189589023590088,0.024881457909941673,0.9543167948722839,0.8889926671981812,5.568427562713623,5.076272010803223,270.0,0.46727439761161804,,,,,,,,,,,,
39,,,100129,4.0,0.9890499711036682,0.911020040512085,0.025931809097528458,0.9157699942588806,0.9063855409622192,5.053617477416992,4.584654808044434,256.0,0.4430309236049652,,,,,,,,,,,,
39,,,100139,4.0,0.9802500009536743,0.7881354689598083,0.05299767479300499,0.8787710666656494,0.7339750528335571,5.731785297393799,5.254724502563477,269.0,0.4240629971027374,,,,,,,,,,,,
39,,,100149,4.0,0.9858499765396118,0.8727774620056152,0.03480900824069977,0.9358070492744446,0.8265327215194702,4.575623989105225,4.4359450340271,363.0,0.10486984252929688,,,,,,,,,,,,
39,,,100159,4.0,0.9877499938011169,0.9375630617141724,0.027610071003437042,0.9566532969474792,0.9201873540878296,4.6887664794921875,4.48783016204834,431.0,0.17332598567008972,,,,,,,,,,,,
39,,,100169,4.0,0.9881500005722046,0.9582293033599854,0.028933962807059288,0.9622355699539185,0.95430588722229,4.6725945472717285,4.088161468505859,928.0,0.5554990172386169,,,,,,,,,,,,
39,,,100179,4.0,0.9870499968528748,0.9534046649932861,0.033578287810087204,0.9353277683258057,0.9733985066413879,3.356853485107422,3.0619518756866455,857.0,0.2613232433795929,,,,,,,,,,,,
39,,,100189,4.0,0.9855999946594238,0.9626611471176147,0.04001881182193756,0.944994330406189,0.9823198318481445,4.333818435668945,3.839350938796997,608.0,0.4544486701488495,,,,,,,,,,,,
39,,,100199,4.0,0.9922999739646912,0.9422897100448608,0.018130458891391754,0.9410591125488281,0.9435278177261353,4.6178388595581055,4.449023723602295,373.0,0.15068475902080536,,,,,,,,,,,,
39,,,100209,4.0,0.9816499948501587,0.9196940660476685,0.04774071276187897,0.904994010925293,0.9356971383094788,4.847860813140869,4.599318027496338,580.0,0.20080207288265228,,,,,,,,,,,,
39,,,100219,4.0,0.9873999953269958,0.9056966304779053,0.02846221625804901,0.8952573537826538,0.9167540073394775,5.730461120605469,4.734748840332031,383.0,0.9672499299049377,,,,,,,,,,,,
39,,,100229,4.0,0.970550000667572,0.9279179573059082,0.09065616130828857,0.961504340171814,0.9002944231033325,4.378062725067139,3.8771414756774902,955.0,0.410265177488327,,,,,,,,,,,,
39,,,100239,4.0,0.9857500195503235,0.9139540195465088,0.03321436792612076,0.9132702946662903,0.9146402478218079,4.841191291809082,4.589565753936768,362.0,0.2184111326932907,,,,,,,,,,,,
39,,,100249,4.0,0.9822999835014343,0.9075425267219543,0.049156468361616135,0.9662362337112427,0.8632806539535522,6.147257328033447,5.165489673614502,640.0,0.9326109886169434,,,,,,,,,,,,
39,,,100259,4.0,0.9874500036239624,0.9608762264251709,0.029998190701007843,0.9556236267089844,0.9662824273109436,4.455832481384277,4.091788291931152,1006.0,0.3340456485748291,,,,,,,,,,,,
39,,,100269,4.0,0.9879999756813049,0.9496632814407349,0.031011290848255157,0.974164605140686,0.9279228448867798,4.564688205718994,3.8244616985321045,960.0,0.7092151045799255,,,,,,,,,,,,
39,,,100279,4.0,0.9887999892234802,0.9698879718780518,0.028463073074817657,0.9704896211624146,0.9692882299423218,3.893721580505371,3.5508170127868652,938.0,0.314441442489624,,,,,,,,,,,,
39,,,100289,4.0,0.9904999732971191,0.9564599990844727,0.025197044014930725,0.9706342816352844,0.9432277679443359,4.250151634216309,3.861366033554077,782.0,0.3635883629322052,,,,,,,,,,,,
39,,,100299,4.0,0.9765499830245972,0.9266700744628906,0.05568975210189819,0.9036068320274353,0.9533549547195435,5.6850457191467285,4.834775447845459,964.0,0.7945802807807922,,,,,,,,,,,,
39,,,100309,4.0,0.9782000184059143,0.9135928153991699,0.05283292755484581,0.9424305558204651,0.8888489603996277,4.373698711395264,4.046557903289795,933.0,0.27430763840675354,,,,,,,,,,,,
39,,,100319,4.0,0.9686999917030334,0.9066922068595886,0.08296738564968109,0.9190100431442261,0.8952616453170776,5.469839572906494,4.889507293701172,1132.0,0.49736490845680237,,,,,,,,,,,,
39,,,100329,4.0,0.9861000180244446,0.9467612504959106,0.034817907959222794,0.9387009143829346,0.9551821947097778,5.86644983291626,4.744684219360352,931.0,1.0869477987289429,,,,,,,,,,,,
39,,,100339,4.0,0.9815499782562256,0.884905219078064,0.04415779560804367,0.9012618064880371,0.8699584007263184,5.797114372253418,5.51335334777832,368.0,0.23960307240486145,,,,,,,,,,,,
39,,,100349,4.0,0.9839500188827515,0.7733063697814941,0.0480048768222332,0.8884710669517517,0.712318480014801,5.477457523345947,5.218926429748535,207.0,0.21052591502666473,,,,,,,,,,,,
39,,,100359,4.0,0.9658499956130981,0.9120038151741028,0.08756661415100098,0.9409752488136292,0.8876593112945557,6.695487022399902,6.238104820251465,1395.0,0.36981579661369324,,,,,,,,,,,,
39,,,100369,4.0,0.9847999811172485,0.953013002872467,0.03845411539077759,0.9427188634872437,0.9639279842376709,4.165348529815674,3.6588151454925537,959.0,0.46807926893234253,,,,,,,,,,,,
39,,,100379,4.0,0.9925000071525574,0.8786683082580566,0.020444214344024658,0.8834778070449829,0.8739824891090393,4.988152503967285,4.65162992477417,156.0,0.3160783052444458,,,,,,,,,,,,
39,,,100389,4.0,0.9905499815940857,0.8672490119934082,0.023767458274960518,0.9004366993904114,0.8393348455429077,4.658707618713379,4.32574987411499,186.0,0.3091902434825897,,,,,,,,,,,,
39,,,100399,4.0,0.9883999824523926,0.9596514701843262,0.02918318100273609,0.960192084312439,0.9591124057769775,3.8923416137695312,3.5319979190826416,681.0,0.33116060495376587,,,,,,,,,,,,
39,,,100409,4.0,0.9873499870300293,0.9387600421905518,0.030318191275000572,0.9799963235855103,0.9047972559928894,4.8970818519592285,4.6260786056518555,486.0,0.24068494141101837,,,,,,,,,,,,
39,,,100419,4.0,0.991599977016449,0.9556212425231934,0.021520115435123444,0.9500632882118225,0.9613356590270996,3.6664979457855225,3.379499673843384,724.0,0.26547807455062866,,,,,,,,,,,,
39,,,100429,4.0,0.9764500260353088,0.8928048610687256,0.05340278148651123,0.9119925498962402,0.8755703568458557,7.604372024536133,5.557980060577393,655.0,1.9929888248443604,,,,,,,,,,,,
39,,,100439,4.0,0.9886999726295471,0.9748074412345886,0.029814578592777252,0.9818702340126038,0.9680304527282715,5.163218975067139,4.1887078285217285,1095.0,0.9446962475776672,,,,,,,,,,,,
39,,,100449,4.0,0.98294997215271,0.8998061418533325,0.04200250282883644,0.9142779111862183,0.8864156007766724,5.258452415466309,4.934009075164795,616.0,0.2824406325817108,,,,,,,,,,,,
39,,,100459,4.0,0.9908000230789185,0.9541750550270081,0.02447313442826271,0.947414755821228,0.9611710906028748,3.7179300785064697,3.41317081451416,542.0,0.28028604388237,,,,,,,,,,,,
39,,,100469,4.0,0.9909499883651733,0.9147226214408875,0.023249739781022072,0.9158341884613037,0.9136173725128174,5.189884662628174,4.368033409118652,223.0,0.7986016869544983,,,,,,,,,,,,
39,,,100479,4.0,0.9885500073432922,0.964542031288147,0.029976537451148033,0.9627748727798462,0.966326117515564,4.643351078033447,4.131716251373291,946.0,0.48165827989578247,,,,,,,,,,,,
39,,,100489,4.0,0.9856500029563904,0.9477273225784302,0.034810870885849,0.9535109996795654,0.9421175718307495,4.033090591430664,3.7928128242492676,743.0,0.20546692609786987,,,,,,,,,,,,
39,,,100499,4.0,0.9879500269889832,0.8786555528640747,0.028371242806315422,0.8572325706481934,0.9030107259750366,4.985698223114014,4.535854339599609,222.0,0.4214724004268646,,,,,,,,,,,,
39,,,100509,4.0,0.9847999811172485,0.927261471748352,0.03664829581975937,0.9451717734336853,0.9109177589416504,5.9063825607299805,5.50986385345459,484.0,0.3598703444004059,,,,,,,,,,,,
39,,,100519,4.0,0.9818999767303467,0.9282582998275757,0.044949814677238464,0.9282582998275757,0.9282582998275757,5.8480963706970215,5.583895206451416,589.0,0.2192513793706894,,,,,,,,,,,,
39,,,100529,4.0,0.9858999848365784,0.922935962677002,0.032572101801633835,0.9237736463546753,0.9221020936965942,4.755767822265625,4.48284387588501,278.0,0.24035191535949707,,,,,,,,,,,,
39,,,100539,4.0,0.9907000064849854,0.875901997089386,0.04203977808356285,0.9490148425102234,0.8239520192146301,5.149413108825684,4.866053104400635,209.0,0.24132013320922852,,,,,,,,,,,,
39,,,100549,4.0,0.9844499826431274,0.9505301713943481,0.041032545268535614,0.9670292139053345,0.9354068040847778,5.24888801574707,4.936464309692383,985.0,0.2713916301727295,,,,,,,,,,,,
39,,,100559,4.0,0.9886000156402588,0.9523892402648926,0.025954267010092735,0.9754238128662109,0.9317989945411682,4.03952693939209,3.658623218536377,925.0,0.3549495339393616,,,,,,,,,,,,
39,,,100569,4.0,0.984499990940094,0.9565773010253906,0.039842233061790466,0.9561675190925598,0.9569880962371826,4.179059982299805,3.860548973083496,936.0,0.27866873145103455,,,,,,,,,,,,
39,,,100579,4.0,0.9824000000953674,0.9265491366386414,0.04285523667931557,0.9319044351577759,0.92134690284729,4.320061683654785,4.051161289215088,533.0,0.22604508697986603,,,,,,,,,,,,
39,,,100589,4.0,0.9946500062942505,0.941896378993988,0.015979336574673653,0.9738837480545044,0.914143979549408,4.420434951782227,4.228309631347656,222.0,0.17614586651325226,,,,,,,,,,,,
39,,,100599,4.0,0.9889000058174133,0.8918368220329285,0.029436029493808746,0.9505114555358887,0.847352147102356,5.700055122375488,5.3861823081970215,355.0,0.28443649411201477,,,,,,,,,,,,
39,,,100609,4.0,0.9825999736785889,0.9152161478996277,0.05587790533900261,0.9105863571166992,0.9199669361114502,4.279869079589844,3.8616487979888916,576.0,0.36234238743782043,,,,,,,,,,,,
39,,,100619,4.0,0.9896500110626221,0.9726098775863647,0.026692049577832222,0.9785256385803223,0.9668823480606079,4.7439799308776855,4.421014785766602,966.0,0.29627302289009094,,,,,,,,,,,,
39,,,100629,4.0,0.985450029373169,0.867381751537323,0.033074986189603806,0.8748060464859009,0.8602659702301025,5.101567268371582,4.612370014190674,252.0,0.45612260699272156,,,,,,,,,,,,
39,,,100639,4.0,0.9878000020980835,0.8861558437347412,0.026185665279626846,0.8711452484130859,0.9025267362594604,4.192390441894531,4.018706321716309,212.0,0.14749854803085327,,,,,,,,,,,,
39,,,100649,4.0,0.9837999939918518,0.9097625613212585,0.03806864470243454,0.9008870720863342,0.9190912246704102,5.6682024002075195,5.08135986328125,402.0,0.5487735271453857,,,,,,,,,,,,
39,,,100659,4.0,0.9896000027656555,0.957462728023529,0.02307448349893093,0.9776391983032227,0.9391728639602661,3.8698205947875977,3.594823122024536,1041.0,0.25192317366600037,,,,,,,,,,,,
39,,,100669,4.0,0.9868000149726868,0.9279261827468872,0.0338926762342453,0.9579874873161316,0.901957094669342,4.853427410125732,4.566987991333008,491.0,0.25254687666893005,,,,,,,,,,,,
39,,,100679,4.0,0.9850999712944031,0.9486550092697144,0.04372619837522507,0.9317560195922852,0.9672583341598511,4.733094215393066,3.96516489982605,1007.0,0.7242029309272766,,,,,,,,,,,,
39,,,100689,4.0,0.987500011920929,0.9562640190124512,0.02991788275539875,0.9589817523956299,0.9535849690437317,5.1586995124816895,4.609910488128662,979.0,0.5188714265823364,,,,,,,,,,,,
39,,,100699,4.0,0.972599983215332,0.8981318473815918,0.06381294876337051,0.914604663848877,0.8831554651260376,5.45311975479126,4.893249988555908,479.0,0.49605685472488403,,,,,,,,,,,,
39,,,100709,4.0,0.9820500016212463,0.9051217436790466,0.03832610324025154,0.9367958307266235,0.8782052993774414,5.536355972290039,5.0851874351501465,347.0,0.41284212470054626,,,,,,,,,,,,
39,,,100719,4.0,0.9888499975204468,0.950206995010376,0.025976277887821198,0.9482684135437012,0.9521650075912476,4.04890775680542,3.7094929218292236,717.0,0.31343886256217957,,,,,,,,,,,,
39,,,100729,4.0,0.9900500178337097,0.9410237073898315,0.024659674614667892,0.9333112239837646,0.9490472674369812,4.037805557250977,3.786175489425659,283.0,0.22697019577026367,,,,,,,,,,,,
39,,,100739,4.0,0.9904500246047974,0.959984302520752,0.022364841774106026,0.9591452479362488,0.9608269929885864,4.396871566772461,3.7526004314422607,916.0,0.6219062209129333,,,,,,,,,,,,
39,,,100749,4.0,0.9847000241279602,0.9434050917625427,0.03903519734740257,0.9293879866600037,0.9585700035095215,4.084474563598633,3.742185354232788,682.0,0.3032543361186981,,,,,,,,,,,,
39,,,100759,4.0,0.9894499778747559,0.9297568798065186,0.025193575769662857,0.9465339183807373,0.9143018126487732,4.932559013366699,4.596248149871826,308.0,0.3111170530319214,,,,,,,,,,,,
39,,,100769,4.0,0.9844499826431274,0.9453824758529663,0.03583713248372078,0.9703818559646606,0.9233755469322205,4.0204339027404785,3.6816396713256836,935.0,0.30295708775520325,,,,,,,,,,,,
39,,,100779,4.0,0.9849500060081482,0.8678203225135803,0.035489488393068314,0.8621385097503662,0.8736974596977234,5.860415458679199,5.574202060699463,310.0,0.25072360038757324,,,,,,,,,,,,
39,,,100789,4.0,0.9901999831199646,0.9653624296188354,0.02543862722814083,0.9707285165786743,0.9601413607597351,3.6171875,3.108928680419922,893.0,0.48282021284103394,,,,,,,,,,,,
39,,,100799,4.0,0.9793000221252441,0.9564434885978699,0.048276592046022415,0.9470021724700928,0.9664981365203857,4.306153297424316,3.814491033554077,1087.0,0.4433857798576355,,,,,,,,,,,,
39,,,100809,4.0,0.9897500276565552,0.9558210372924805,0.02397763915359974,0.9743885397911072,0.9388546347618103,4.12299919128418,3.786062717437744,847.0,0.3129589557647705,,,,,,,,,,,,
39,,,100819,4.0,0.9901999831199646,0.9403306245803833,0.024786459282040596,0.9703702926635742,0.9142264127731323,5.450750350952148,5.131289482116699,447.0,0.2946743369102478,,,,,,,,,,,,
39,,,100829,4.0,0.9908499717712402,0.9158772230148315,0.021704968065023422,0.9147973656654358,0.9169631004333496,5.9290571212768555,5.500407695770264,266.0,0.40694448351860046,,,,,,,,,,,,
39,,,100839,4.0,0.9899500012397766,0.9320847988128662,0.024721499532461166,0.92914217710495,0.9350719451904297,6.29636287689209,5.470592498779297,330.0,0.8010486364364624,,,,,,,,,,,,
39,,,100849,4.0,0.9807999730110168,0.9131289720535278,0.0433589369058609,0.8897066712379456,0.9400874972343445,5.566670894622803,4.974490165710449,532.0,0.548821747303009,,,,,,,,,,,,
39,,,100859,4.0,0.9875500202178955,0.8853388428688049,0.02814243733882904,0.8777939081192017,0.8932137489318848,5.363264560699463,4.777263641357422,314.0,0.5578583478927612,,,,,,,,,,,,
39,,,100869,4.0,0.9896500110626221,0.9557242393493652,0.02890152856707573,0.9813476204872131,0.9330576062202454,4.004805564880371,3.6896755695343018,877.0,0.28622859716415405,,,,,,,,,,,,
39,,,100879,4.0,0.98785001039505,0.9518253803253174,0.02759426273405552,0.9579637050628662,0.9458773136138916,3.7316160202026367,3.404578447341919,713.0,0.29944321513175964,,,,,,,,,,,,
39,,,100889,4.0,0.9843000173568726,0.9527602791786194,0.04254768043756485,0.9492332935333252,0.956358015537262,4.242375373840332,3.9370412826538086,754.0,0.2627866268157959,,,,,,,,,,,,
39,,,100899,4.0,0.9907500147819519,0.9659881591796875,0.021991005167365074,0.9547713994979858,0.977888822555542,3.790806293487549,3.460378408432007,863.0,0.30843695998191833,,,,,,,,,,,,
39,,,100909,4.0,0.9861500263214111,0.9608919024467468,0.03689621761441231,0.953818142414093,0.9682563543319702,4.460905075073242,3.706605911254883,973.0,0.7174031734466553,,,,,,,,,,,,
39,,,100919,4.0,0.9904999732971191,0.9513795375823975,0.028400564566254616,0.9543018341064453,0.948499321937561,3.985133647918701,3.503549814224243,678.0,0.4531831741333008,,,,,,,,,,,,
39,,,100929,4.0,0.9804499745368958,0.8394248485565186,0.05962902307510376,0.922185480594635,0.7853167057037354,6.0050435066223145,5.5145416259765625,347.0,0.4308730363845825,,,,,,,,,,,,
39,,,100939,4.0,0.9830999970436096,0.9339195489883423,0.05271482095122337,0.9432245492935181,0.9250644445419312,5.736177921295166,4.837259769439697,900.0,0.8462032079696655,,,,,,,,,,,,
39,,,100949,4.0,0.9904000163078308,0.9565991163253784,0.022168509662151337,0.9636441469192505,0.9497953653335571,3.498430013656616,3.079400062561035,942.0,0.3968615233898163,,,,,,,,,,,,
39,,,100959,4.0,0.989300012588501,0.9205807447433472,0.0281214602291584,0.9553799629211426,0.8910794258117676,5.253901481628418,4.4524102210998535,240.0,0.7733696699142456,,,,,,,,,,,,
39,,,100969,4.0,0.9646000266075134,0.8889288902282715,0.07738041132688522,0.9043696522712708,0.8748999834060669,5.8019118309021,5.1641764640808105,975.0,0.5603553056716919,,,,,,,,,,,,
39,,,100979,4.0,0.9861500263214111,0.9364460706710815,0.03489212691783905,0.9272860288619995,0.9460704326629639,4.236876487731934,4.023907661437988,434.0,0.17807669937610626,,,,,,,,,,,,
39,,,100989,4.0,0.9883000254631042,0.9042696952819824,0.026441611349582672,0.9440125226974487,0.8714767098426819,4.4804911613464355,4.022392749786377,217.0,0.43165668845176697,,,,,,,,,,,,
39,,,100999,4.0,0.9918500185012817,0.9668890237808228,0.021407924592494965,0.9621694087982178,0.9717228412628174,3.285828113555908,3.0448312759399414,908.0,0.21958890557289124,,,,,,,,,,,,
39,,,101009,4.0,0.9894000291824341,0.7400408387184143,0.02396264486014843,0.7656376361846924,0.7190643548965454,5.308166027069092,4.915198802947998,124.0,0.3690045177936554,,,,,,,,,,,,
39,,,101019,4.0,0.9916999936103821,0.9717748165130615,0.036565620452165604,0.985737144947052,0.958748996257782,3.766432285308838,3.4561524391174316,866.0,0.2737143039703369,,,,,,,,,,,,
39,,,101029,4.0,0.9934499859809875,0.6197426915168762,0.019477350637316704,0.7414551973342896,0.5802156329154968,4.8076605796813965,4.624943256378174,77.0,0.16324017941951752,,,,,,,,,,,,
39,,,101039,4.0,0.9831500053405762,0.9417152404785156,0.041009675711393356,0.9614022970199585,0.9239546060562134,4.466381072998047,4.145130634307861,1077.0,0.280240535736084,,,,,,,,,,,,
39,,,101049,4.0,0.9894000291824341,0.9402315020561218,0.029773974791169167,0.931427001953125,0.9494470953941345,5.434513568878174,5.061137676239014,362.0,0.3436014950275421,,,,,,,,,,,,
39,,,101059,4.0,0.9916999936103821,0.912657618522644,0.02126651629805565,0.9237020611763,0.9022051095962524,5.615191459655762,4.627180099487305,284.0,0.9667450785636902,,,,,,,,,,,,
39,,,101069,4.0,0.9814000129699707,0.916443943977356,0.04494033008813858,0.9280202984809875,0.9055676460266113,5.063999652862549,4.706017971038818,575.0,0.31304100155830383,,,,,,,,,,,,
39,,,101079,4.0,0.9879000186920166,0.9586396217346191,0.027979938313364983,0.9771730899810791,0.9417648315429688,3.7889881134033203,3.4326248168945312,946.0,0.3283834159374237,,,,,,,,,,,,
39,,,101089,4.0,0.9897500276565552,0.9108613729476929,0.03147078678011894,0.9456862211227417,0.8813920021057129,5.631299018859863,5.044316291809082,271.0,0.5555118322372437,,,,,,,,,,,,
39,,,101099,4.0,0.9920499920845032,0.9595905542373657,0.020173098891973495,0.9610613584518433,0.9581301212310791,4.606327533721924,4.045560359954834,601.0,0.5405939221382141,,,,,,,,,,,,
39,,,101109,4.0,0.9843500256538391,0.9480966329574585,0.03637260943651199,0.9681373834609985,0.9300400018692017,4.279993534088135,3.7778055667877197,969.0,0.46581530570983887,,,,,,,,,,,,
39,,,101119,4.0,0.9864000082015991,0.9175605773925781,0.03197115287184715,0.9180237054824829,0.9170985221862793,4.985659122467041,4.726704120635986,310.0,0.226983904838562,,,,,,,,,,,,
39,,,101129,4.0,0.9844499826431274,0.9222341179847717,0.03566057235002518,0.9099975228309631,0.9353336095809937,6.008754730224609,4.757754325866699,368.0,1.2153394222259521,,,,,,,,,,,,
39,,,101139,4.0,0.9743499755859375,0.8325061202049255,0.06908378005027771,0.8578580617904663,0.8108333349227905,5.2176594734191895,4.87996768951416,321.0,0.2686081528663635,,,,,,,,,,,,
39,,,101149,4.0,0.9896000027656555,0.9155535697937012,0.02648436836898327,0.9252710342407227,0.906302273273468,5.548312664031982,5.224072456359863,317.0,0.29775571823120117,,,,,,,,,,,,
39,,,101159,4.0,0.9879999756813049,0.9527921676635742,0.028460271656513214,0.9704904556274414,0.9365877509117126,3.997731924057007,3.6833832263946533,951.0,0.2858883738517761,,,,,,,,,,,,
39,,,101169,4.0,0.9768000245094299,0.928392231464386,0.061998963356018066,0.927524745464325,0.9292641878128052,6.330182075500488,6.012760639190674,1370.0,0.2554225027561188,,,,,,,,,,,,
39,,,101179,4.0,0.9911999702453613,0.9613842964172363,0.018460281193256378,0.9708539247512817,0.9523428082466125,3.6710100173950195,3.3375914096832275,832.0,0.31495827436447144,,,,,,,,,,,,
39,,,101189,4.0,0.983299970626831,0.8960003852844238,0.03952385112643242,0.9043235778808594,0.8880476951599121,5.485753536224365,5.01786994934082,513.0,0.42835932970046997,,,,,,,,,,,,
39,,,101199,4.0,0.9801999926567078,0.9255341291427612,0.05787098407745361,0.9418816566467285,0.9105634689331055,4.600973606109619,3.746643304824829,607.0,0.7964590787887573,,,,,,,,,,,,
39,,,101209,4.0,0.9787499904632568,0.8358029723167419,0.04854203760623932,0.9284982681274414,0.7779875993728638,6.318131923675537,5.823583602905273,345.0,0.4460064172744751,,,,,,,,,,,,
39,,,101219,4.0,0.9733999967575073,0.7374032735824585,0.08444308489561081,0.8353782296180725,0.6857839226722717,5.7209553718566895,4.953641891479492,373.0,0.6828702688217163,,,,,,,,,,,,
39,,,101229,4.0,0.9924499988555908,0.9599404335021973,0.020554522052407265,0.9756907224655151,0.9453133344650269,3.5363454818725586,3.279101848602295,802.0,0.23668904602527618,,,,,,,,,,,,
39,,,101239,4.0,0.9915500283241272,0.9573981761932373,0.024824168533086777,0.9622032642364502,0.9527044296264648,3.615283250808716,3.3064799308776855,847.0,0.28397926688194275,,,,,,,,,,,,
39,,,101249,4.0,0.9795500040054321,0.7369025945663452,0.055776264518499374,0.8925142288208008,0.6720767021179199,5.701111316680908,5.356386661529541,261.0,0.28894856572151184,,,,,,,,,,,,
39,,,101259,4.0,0.9835000038146973,0.9451407194137573,0.0376286543905735,0.9555802941322327,0.935269832611084,5.013673305511475,4.716167449951172,1036.0,0.25987735390663147,,,,,,,,,,,,
39,,,101269,4.0,0.9928500056266785,0.8990118503570557,0.01713603548705578,0.940557599067688,0.8648791313171387,4.4125871658325195,4.198009967803955,196.0,0.19744113087654114,,,,,,,,,,,,
39,,,101279,4.0,0.989799976348877,0.9311999082565308,0.02290485054254532,0.936091423034668,0.9264267683029175,4.1519036293029785,3.83284592628479,395.0,0.2961527407169342,,,,,,,,,,,,
39,,,101289,4.0,0.9891999959945679,0.9407967329025269,0.030892809852957726,0.9634348750114441,0.9204924702644348,4.115870475769043,3.61370587348938,836.0,0.4712717831134796,,,,,,,,,,,,
39,,,101299,4.0,0.9813500046730042,0.9298818111419678,0.04507658630609512,0.943534255027771,0.9171932339668274,4.841848373413086,4.029693126678467,734.0,0.7670789957046509,,,,,,,,,,,,
39,,,101309,4.0,0.9923499822616577,0.9741842746734619,0.01901262439787388,0.9859368205070496,0.9630999565124512,3.4883437156677246,3.100212574005127,809.0,0.3691183924674988,,,,,,,,,,,,
39,,,101319,4.0,0.9851499795913696,0.9127343893051147,0.03580378741025925,0.8968744277954102,0.930078387260437,5.455834865570068,5.07342529296875,415.0,0.34660598635673523,,,,,,,,,,,,
39,,,101329,4.0,0.9858999848365784,0.9576785564422607,0.038474615663290024,0.9550061225891113,0.9603909254074097,5.3002028465271,4.912014007568359,1070.0,0.3497144281864166,,,,,,,,,,,,
39,,,101339,4.0,0.988099992275238,0.9431501626968384,0.028696194291114807,0.9442829489707947,0.9420239329338074,4.531310558319092,3.972682237625122,850.0,0.5299321413040161,,,,,,,,,,,,
39,,,101349,4.0,0.9782000184059143,0.848616361618042,0.05414203554391861,0.8545488715171814,0.8428982496261597,5.572045803070068,4.999387741088867,311.0,0.5185162425041199,,,,,,,,,,,,
39,,,101359,4.0,0.978950023651123,0.9047966003417969,0.054101068526506424,0.8895034790039062,0.9215570688247681,6.3911943435668945,5.564064979553223,412.0,0.7730286121368408,,,,,,,,,,,,
39,,,101369,4.0,0.9897500276565552,0.958793044090271,0.028883734717965126,0.9661216139793396,0.9517291784286499,3.5509891510009766,3.2881674766540527,951.0,0.2339380830526352,,,,,,,,,,,,
39,,,101379,4.0,0.9818000197410583,0.914646565914154,0.04283507540822029,0.9122478365898132,0.9170776009559631,4.772033214569092,4.5763702392578125,665.0,0.1528279036283493,,,,,,,,,,,,
39,,,101389,4.0,0.9788500070571899,0.9255803823471069,0.05285284295678139,0.91347336769104,0.9385873079299927,5.499691009521484,5.0556864738464355,709.0,0.3911518156528473,,,,,,,,,,,,
39,,,101399,4.0,0.9858499765396118,0.9171140789985657,0.03269268199801445,0.9048476219177246,0.9302399158477783,4.595999240875244,4.372414588928223,374.0,0.19089177250862122,,,,,,,,,,,,
39,,,101409,4.0,0.9884999990463257,0.9723251461982727,0.033330656588077545,0.9682039022445679,0.9765470623970032,4.224068641662598,3.6363818645477295,1062.0,0.5543561577796936,,,,,,,,,,,,
39,,,101419,4.0,0.9825999736785889,0.8960224390029907,0.03953929990530014,0.8722518086433411,0.9234615564346313,5.145325183868408,4.930988311767578,329.0,0.17479762434959412,,,,,,,,,,,,
39,,,101429,4.0,0.9887499809265137,0.9567829370498657,0.03149953484535217,0.9827039241790771,0.9339333772659302,3.792250156402588,3.5460891723632812,984.0,0.2146613597869873,,,,,,,,,,,,
39,,,101439,4.0,0.9762499928474426,0.9270461797714233,0.06108681112527847,0.9579373598098755,0.9009249210357666,5.332726001739502,4.639601707458496,1446.0,0.6320374608039856,,,,,,,,,,,,
39,,,101449,4.0,0.9750499725341797,0.9213294982910156,0.056761957705020905,0.949765682220459,0.8970102071762085,4.747354984283447,4.389638900756836,880.0,0.3009544909000397,,,,,,,,,,,,
39,,,101459,4.0,0.9648500084877014,0.8260800242424011,0.09011304378509521,0.9058505296707153,0.7752096652984619,6.49974250793457,5.868729114532471,886.0,0.5409000515937805,,,,,,,,,,,,
39,,,101469,4.0,0.9853500127792358,0.8849751353263855,0.03957207128405571,0.9276512265205383,0.8505676984786987,4.637516498565674,3.793659210205078,377.0,0.8042852282524109,,,,,,,,,,,,
39,,,101479,4.0,0.9850500226020813,0.9393054842948914,0.039395686239004135,0.9410164952278137,0.9376100301742554,4.828634738922119,4.576382160186768,586.0,0.2128567397594452,,,,,,,,,,,,
39,,,101489,4.0,0.9904500246047974,0.9371856451034546,0.026532303541898727,0.9406579732894897,0.9337728023529053,4.5065813064575195,4.188342094421387,353.0,0.29170718789100647,,,,,,,,,,,,
39,,,101499,4.0,0.9838500022888184,0.9375050067901611,0.04868901148438454,0.9497036933898926,0.9260634183883667,4.315305709838867,3.455453872680664,974.0,0.8111627101898193,,,,,,,,,,,,
39,,,101509,4.0,0.9872999787330627,0.9208201169967651,0.029592087492346764,0.9410720467567444,0.9025143384933472,5.266692161560059,4.686517715454102,305.0,0.5505825877189636,,,,,,,,,,,,
39,,,101519,4.0,0.9887999892234802,0.9555768966674805,0.025684911757707596,0.9622530937194824,0.9491232633590698,4.558666706085205,4.292496681213379,879.0,0.24048538506031036,,,,,,,,,,,,
39,,,101529,4.0,0.9863499999046326,0.8861309289932251,0.03513626381754875,0.9075877666473389,0.8669701814651489,3.9465813636779785,3.585564613342285,276.0,0.3258805274963379,,,,,,,,,,,,
39,,,101539,4.0,0.9796000123023987,0.840180516242981,0.07476544380187988,0.8406791687011719,0.839683473110199,5.295573711395264,4.876153469085693,268.0,0.34465453028678894,,,,,,,,,,,,
39,,,101549,4.0,0.9870499968528748,0.9481552839279175,0.034220535308122635,0.9386106729507446,0.958203136920929,4.778050422668457,4.341412544250488,596.0,0.4024173617362976,,,,,,,,,,,,
39,,,101559,4.0,0.9832500219345093,0.9533373713493347,0.041970040649175644,0.9712960720062256,0.937049150466919,4.556473731994629,3.919224977493286,912.0,0.5952788591384888,,,,,,,,,,,,
39,,,101569,4.0,0.9788500070571899,0.928667426109314,0.05749571695923805,0.9207280874252319,0.936985194683075,7.4085869789123535,4.413247108459473,973.0,2.9378442764282227,,,,,,,,,,,,
39,,,101579,4.0,0.9877499938011169,0.9052085876464844,0.027844641357660294,0.9400602579116821,0.8758295774459839,4.556211471557617,4.113256931304932,275.0,0.4151099920272827,,,,,,,,,,,,
39,,,101589,4.0,0.9868999719619751,0.9211156368255615,0.03269851952791214,0.9281920790672302,0.9142933487892151,4.079512119293213,3.7178173065185547,356.0,0.3289962708950043,,,,,,,,,,,,
39,,,101599,4.0,0.9883000254631042,0.9497798681259155,0.03197005018591881,0.9619874358177185,0.9382957220077515,4.215075492858887,3.801650047302246,843.0,0.381455659866333,,,,,,,,,,,,
39,,,101609,4.0,0.9855499863624573,0.9097548723220825,0.03369252383708954,0.8990511298179626,0.9211149215698242,5.865170001983643,5.53070592880249,358.0,0.3007717430591583,,,,,,,,,,,,
39,,,101619,4.0,0.9830499887466431,0.8942625522613525,0.04062267020344734,0.8569693565368652,0.9414496421813965,4.413060188293457,4.115839004516602,358.0,0.25659823417663574,,,,,,,,,,,,
39,,,101629,4.0,0.9853500127792358,0.8967405557632446,0.034300971776247025,0.8560633659362793,0.949175238609314,3.9930663108825684,3.766704797744751,253.0,0.19206051528453827,,,,,,,,,,,,
39,,,101639,4.0,0.9901999831199646,0.9355021715164185,0.02437700517475605,0.9589806795120239,0.9145055413246155,5.937070369720459,5.549478054046631,684.0,0.3632153868675232,,,,,,,,,,,,
39,,,101649,4.0,0.9908499717712402,0.9270883798599243,0.024980926886200905,0.927406907081604,0.9267704486846924,5.103913307189941,4.734783172607422,248.0,0.34414905309677124,,,,,,,,,,,,
39,,,101659,4.0,0.9648000001907349,0.8995792865753174,0.0769471749663353,0.8858925104141235,0.9146084785461426,5.879941463470459,5.50246000289917,687.0,0.30053433775901794,,,,,,,,,,,,
39,,,101669,4.0,0.9693499803543091,0.931792140007019,0.07286081463098526,0.9535695314407349,0.9127779603004456,6.902603626251221,5.957559585571289,2093.0,0.8721833825111389,,,,,,,,,,,,
39,,,101679,4.0,0.9868500232696533,0.9675941467285156,0.03326187655329704,0.9762428998947144,0.9593576192855835,4.82205867767334,4.320178031921387,929.0,0.46861910820007324,,,,,,,,,,,,
39,,,101689,4.0,0.9927499890327454,0.962111234664917,0.01792018860578537,0.9785983562469482,0.9468473792076111,4.03118371963501,3.764759063720703,848.0,0.24850429594516754,,,,,,,,,,,,
39,,,101699,4.0,0.9810500144958496,0.8721005916595459,0.0488472618162632,0.9065699577331543,0.843475341796875,4.62111759185791,3.914073944091797,302.0,0.6581962704658508,,,,,,,,,,,,
39,,,101709,4.0,0.9935500025749207,0.9714652299880981,0.018807437270879745,0.9731233716011047,0.9698203802108765,3.5186755657196045,3.232881784439087,923.0,0.2669863998889923,,,,,,,,,,,,
39,,,101719,4.0,0.985450029373169,0.9150428771972656,0.03431319817900658,0.9037066698074341,0.9271136522293091,5.665144443511963,4.957935333251953,318.0,0.6728957295417786,,,,,,,,,,,,
39,,,101729,4.0,0.9847000241279602,0.8712579607963562,0.0418875552713871,0.909711480140686,0.839830219745636,5.6026506423950195,5.22844934463501,286.0,0.3323133587837219,,,,,,,,,,,,
39,,,101739,4.0,0.9896500110626221,0.9372959136962891,0.026484467089176178,0.9526344537734985,0.923061728477478,5.0351104736328125,4.51711368560791,315.0,0.4915124773979187,,,,,,,,,,,,
39,,,101749,4.0,0.9925500154495239,0.9624059200286865,0.0191205944865942,0.9809684157371521,0.9453855752944946,3.643402576446533,3.3500540256500244,919.0,0.27422791719436646,,,,,,,,,,,,
39,,,101759,4.0,0.9864500164985657,0.8673506379127502,0.030728992074728012,0.876085638999939,0.8590375185012817,4.889354705810547,4.40269660949707,197.0,0.4559294283390045,,,,,,,,,,,,
39,,,101769,4.0,0.9880499839782715,0.9385867714881897,0.03051838092505932,0.9583534598350525,0.9206463098526001,4.150235652923584,3.788743734359741,541.0,0.3309735655784607,,,,,,,,,,,,
39,,,101779,4.0,0.9919499754905701,0.9688699841499329,0.023218488320708275,0.9825975298881531,0.9560297727584839,3.503481388092041,3.2894413471221924,874.0,0.1908216029405594,,,,,,,,,,,,
39,,,101789,4.0,0.9828000068664551,0.923639714717865,0.04148572310805321,0.9269808530807495,0.9203585386276245,5.732941627502441,5.3564677238464355,427.0,0.3349878787994385,,,,,,,,,,,,
39,,,101799,4.0,0.9905999898910522,0.9440113306045532,0.02782348357141018,0.9523847103118896,0.9359736442565918,3.793778657913208,3.419405937194824,581.0,0.34654921293258667,,,,,,,,,,,,
39,,,101809,4.0,0.9839500188827515,0.8077406287193298,0.03931853547692299,0.8782620429992676,0.7602753639221191,6.505467414855957,6.185296058654785,245.0,0.2808527946472168,,,,,,,,,,,,
39,,,101819,4.0,0.9864000082015991,0.8943808078765869,0.031060894951224327,0.9123803377151489,0.8780015707015991,5.7114386558532715,5.0405402183532715,293.0,0.639837920665741,,,,,,,,,,,,
39,,,101829,4.0,0.9899500012397766,0.972064733505249,0.024614742025732994,0.9816529154777527,0.9629536867141724,3.556675910949707,3.2213408946990967,948.0,0.31072017550468445,,,,,,,,,,,,
39,,,101839,4.0,0.9879000186920166,0.9029302597045898,0.029560690745711327,0.934403657913208,0.8759997487068176,4.4532084465026855,4.27643346786499,328.0,0.1472146213054657,,,,,,,,,,,,
39,,,101849,4.0,0.9803500175476074,0.8293938636779785,0.048363007605075836,0.8133419752120972,0.847338080406189,6.564445972442627,6.076542854309082,249.0,0.43953973054885864,,,,,,,,,,,,
39,,,101859,4.0,0.9857000112533569,0.8900598287582397,0.030720584094524384,0.8957421779632568,0.8845515847206116,4.525123596191406,4.076913356781006,368.0,0.4174897372722626,,,,,,,,,,,,
39,,,101869,4.0,0.9894000291824341,0.9625349044799805,0.026083217933773994,0.974231481552124,0.9515103101730347,3.5562663078308105,3.287645101547241,900.0,0.24253800511360168,,,,,,,,,,,,
39,,,101879,4.0,0.9902999997138977,0.9696751832962036,0.024693060666322708,0.9699175357818604,0.9694331288337708,4.489983558654785,4.00278377532959,877.0,0.4625069499015808,,,,,,,,,,,,
39,,,101889,4.0,0.9883000254631042,0.9637031555175781,0.03183692693710327,0.9611159563064575,0.9663267731666565,3.7278800010681152,3.4487791061401367,769.0,0.24726387858390808,,,,,,,,,,,,
39,,,101899,4.0,0.9816499948501587,0.6979337930679321,0.04843275249004364,0.7722419500350952,0.6565084457397461,5.085103988647461,4.679534435272217,127.0,0.3571368455886841,,,,,,,,,,,,
39,,,101909,4.0,0.9898499846458435,0.8513745069503784,0.031471461057662964,0.9719067811965942,0.7811578512191772,5.529191970825195,5.304312229156494,332.0,0.1934082955121994,,,,,,,,,,,,
39,,,101919,4.0,0.9880499839782715,0.9635863900184631,0.02839190699160099,0.9766510725021362,0.9513840675354004,3.739187717437744,3.326650857925415,889.0,0.38414502143859863,,,,,,,,,,,,
39,,,101929,4.0,0.9713500142097473,0.9022649526596069,0.07054346054792404,0.8597393035888672,0.9597887992858887,5.713712692260742,5.232365131378174,632.0,0.41080448031425476,,,,,,,,,,,,
39,,,101939,4.0,0.9825500249862671,0.953626811504364,0.042108435183763504,0.9514509439468384,0.9558305144309998,5.51588249206543,5.127434730529785,781.0,0.3463391959667206,,,,,,,,,,,,
39,,,101949,4.0,0.9909999966621399,0.9630311131477356,0.021554123610258102,0.9584524631500244,0.9677178859710693,4.283437252044678,3.8849456310272217,905.0,0.37693724036216736,,,,,,,,,,,,
39,,,101959,4.0,0.9811999797821045,0.9318343997001648,0.041053324937820435,0.9612294435501099,0.9065836668014526,4.718170166015625,4.436712741851807,1074.0,0.2404041588306427,,,,,,,,,,,,
39,,,101969,4.0,0.9848499894142151,0.8497350811958313,0.034059587866067886,0.9223894476890564,0.7994140386581421,6.393692970275879,6.083634376525879,235.0,0.27599918842315674,,,,,,,,,,,,
39,,,101979,4.0,0.9787499904632568,0.9271324872970581,0.04796517640352249,0.9427109360694885,0.9128304719924927,4.334622383117676,4.041951656341553,884.0,0.24470572173595428,,,,,,,,,,,,
39,,,101989,4.0,0.9871500134468079,0.8946179747581482,0.03893447667360306,0.9114274382591248,0.8792232871055603,6.059569358825684,5.568912982940674,299.0,0.4517219066619873,,,,,,,,,,,,
39,,,101999,4.0,0.9846500158309937,0.933029055595398,0.044728223234415054,0.9238085746765137,0.9427287578582764,4.228784561157227,3.97226881980896,705.0,0.21178771555423737,,,,,,,,,,,,
39,,,102009,4.0,0.9930999875068665,0.9545882940292358,0.022127967327833176,0.9601726531982422,0.9491500854492188,3.986241102218628,3.549948215484619,564.0,0.41416501998901367,,,,,,,,,,,,
39,,,102019,4.0,0.9884499907493591,0.9128875136375427,0.027627279981970787,0.8861945867538452,0.9439339637756348,5.275681018829346,4.479473114013672,257.0,0.7685802578926086,,,,,,,,,,,,
39,,,102029,4.0,0.9828500151634216,0.9431533813476562,0.04198330640792847,0.9307116270065308,0.9565181732177734,4.895444869995117,4.1511101722717285,850.0,0.7023513317108154,,,,,,,,,,,,
39,,,102039,4.0,0.9912499785423279,0.9753820896148682,0.020503131672739983,0.9820497632026672,0.9689459800720215,3.5978944301605225,3.376281976699829,876.0,0.201109379529953,,,,,,,,,,,,
39,,,102039,,,,,,,,,,,0.9831995368003845,0.8846837282180786,0.04309641197323799,0.9100829362869263,0.8688355684280396,4.045278549194336,0.13807949423789978,4.002182483673096,0.13807953894138336,0.13807953894138336,533.9589233398438,15.908832550048828
,6.57963412215599e-05,0.000657963412215599,102040,,,,,,,,,,,,,,,,,,,,,,
40,,,102049,4.0,0.9825000166893005,0.8829801082611084,0.03792041167616844,0.8801689743995667,0.8858373165130615,6.585875988006592,6.216322422027588,408.0,0.3316332697868347,,,,,,,,,,,,
40,,,102059,4.0,0.9846500158309937,0.914107084274292,0.035241082310676575,0.9452911019325256,0.8874244689941406,4.546749591827393,4.191466808319092,467.0,0.3200414478778839,,,,,,,,,,,,
40,,,102069,4.0,0.9836999773979187,0.9432700872421265,0.04094820097088814,0.934624195098877,0.9523459076881409,6.413114547729492,5.718186855316162,600.0,0.6539793014526367,,,,,,,,,,,,
40,,,102079,4.0,0.9871500134468079,0.8304887413978577,0.02629869431257248,0.8309084177017212,0.8300701975822449,4.230020046234131,3.9577901363372803,130.0,0.24593114852905273,,,,,,,,,,,,
40,,,102089,4.0,0.9721999764442444,0.9137120246887207,0.06977720558643341,0.9156261682510376,0.9118200540542603,5.774590492248535,5.24553108215332,751.0,0.4592825770378113,,,,,,,,,,,,
40,,,102099,4.0,0.9870499968528748,0.9491757154464722,0.03487572446465492,0.9275124073028564,0.9736232161521912,5.180447578430176,4.946761131286621,982.0,0.19881048798561096,,,,,,,,,,,,
40,,,102109,4.0,0.9928500056266785,0.8593542575836182,0.020727122202515602,0.916213870048523,0.8164927959442139,4.679111003875732,4.3110432624816895,100.0,0.3473406732082367,,,,,,,,,,,,
40,,,102119,4.0,0.9838500022888184,0.9009503126144409,0.03661389276385307,0.8976070284843445,0.9043565988540649,4.96172571182251,4.476169586181641,371.0,0.4489423334598541,,,,,,,,,,,,
40,,,102129,4.0,0.9869499802589417,0.9430637359619141,0.032534778118133545,0.973659098148346,0.9166878461837769,4.526506423950195,4.325400352478027,874.0,0.1685713827610016,,,,,,,,,,,,
40,,,102139,4.0,0.9908000230789185,0.9347710609436035,0.02374536357820034,0.9577282667160034,0.9141803979873657,4.74629020690918,4.444082736968994,313.0,0.27846193313598633,,,,,,,,,,,,
40,,,102149,4.0,0.9866499900817871,0.9646559357643127,0.03158054128289223,0.9698749780654907,0.9595866203308105,4.686229228973389,4.270747661590576,1088.0,0.383900910615921,,,,,,,,,,,,
40,,,102159,4.0,0.9779000282287598,0.8821195363998413,0.051156185567379,0.8958861827850342,0.8693920969963074,5.682989120483398,5.482748985290527,393.0,0.14908412098884583,,,,,,,,,,,,
40,,,102169,4.0,0.9911500215530396,0.9508276581764221,0.023000096902251244,0.9470080137252808,0.9547208547592163,5.19384241104126,4.670308589935303,389.0,0.5005337595939636,,,,,,,,,,,,
40,,,102179,4.0,0.9886999726295471,0.9124965667724609,0.02683532051742077,0.9216537475585938,0.9037591218948364,5.012296676635742,4.771215438842773,337.0,0.2142460197210312,,,,,,,,,,,,
40,,,102189,4.0,0.9905499815940857,0.9666494131088257,0.022455045953392982,0.9607459306716919,0.9727383852005005,4.624652862548828,3.999058961868286,865.0,0.6031391024589539,,,,,,,,,,,,
40,,,102199,4.0,0.98294997215271,0.9299895167350769,0.04422713816165924,0.9246926307678223,0.9354442358016968,5.149244785308838,4.719547271728516,709.0,0.38547059893608093,,,,,,,,,,,,
40,,,102209,4.0,0.9853500127792358,0.9175219535827637,0.035879962146282196,0.9432642459869385,0.8949002623558044,4.474300384521484,4.159586429595947,357.0,0.2788340151309967,,,,,,,,,,,,
40,,,102219,4.0,0.9902999997138977,0.9501268863677979,0.021752236410975456,0.9734246730804443,0.9292640686035156,4.65480899810791,3.5996482372283936,901.0,1.0334086418151855,,,,,,,,,,,,
40,,,102229,4.0,0.9811499714851379,0.9148145914077759,0.0478450171649456,0.946678876876831,0.8877585530281067,6.157444953918457,5.585987567901611,368.0,0.5236123204231262,,,,,,,,,,,,
40,,,102239,4.0,0.9890499711036682,0.9488810896873474,0.025367150083184242,0.9501857757568359,0.9475850462913513,3.9812536239624023,3.717072010040283,841.0,0.23881438374519348,,,,,,,,,,,,
40,,,102249,4.0,0.9846000075340271,0.8791751265525818,0.03721580281853676,0.9236264228820801,0.8437367677688599,4.683590412139893,4.373923301696777,300.0,0.2724512219429016,,,,,,,,,,,,
40,,,102259,4.0,0.986549973487854,0.8711953163146973,0.03418732434511185,0.8855572938919067,0.857930064201355,5.81141471862793,5.464734077453613,303.0,0.3124932646751404,,,,,,,,,,,,
40,,,102269,4.0,0.9876499772071838,0.9015892744064331,0.03695758059620857,0.9086018800735474,0.8948317170143127,6.338985919952393,5.814354419708252,455.0,0.48767364025115967,,,,,,,,,,,,
40,,,102279,4.0,0.9835000038146973,0.9538587331771851,0.03732218220829964,0.9455175399780273,0.9626160860061646,4.077406883239746,3.753952741622925,831.0,0.28613170981407166,,,,,,,,,,,,
40,,,102289,4.0,0.9847999811172485,0.955230712890625,0.03811531141400337,0.9471367597579956,0.9637075066566467,3.953498363494873,3.615955114364624,960.0,0.29942792654037476,,,,,,,,,,,,
40,,,102299,4.0,0.9816499948501587,0.8939812183380127,0.04503637179732323,0.8950192928314209,0.8929493427276611,6.377079010009766,5.635254859924316,319.0,0.6967876553535461,,,,,,,,,,,,
40,,,102309,4.0,0.987500011920929,0.9530492424964905,0.029686078429222107,0.9501560926437378,0.9559870958328247,3.5152759552001953,3.159846305847168,718.0,0.32574358582496643,,,,,,,,,,,,
40,,,102319,4.0,0.9884999990463257,0.9105599522590637,0.02924375981092453,0.9574180841445923,0.8729817271232605,4.040798187255859,3.6619997024536133,340.0,0.34955495595932007,,,,,,,,,,,,
40,,,102329,4.0,0.9836999773979187,0.8832029104232788,0.040415290743112564,0.882187008857727,0.8842246532440186,5.596981048583984,5.028253078460693,452.0,0.5283125042915344,,,,,,,,,,,,
40,,,102339,4.0,0.9891999959945679,0.8742325901985168,0.023269740864634514,0.9020898938179016,0.850156307220459,4.719179153442383,4.378996849060059,177.0,0.31691285967826843,,,,,,,,,,,,
40,,,102349,4.0,0.9796500205993652,0.871285617351532,0.03910921886563301,0.9176102876663208,0.8350110054016113,6.165791034698486,5.501488208770752,263.0,0.6251934766769409,,,,,,,,,,,,
40,,,102359,4.0,0.9887499809265137,0.9540351033210754,0.03596803918480873,0.9334323406219482,0.977086067199707,4.134181499481201,3.6451752185821533,1009.0,0.4530382454395294,,,,,,,,,,,,
40,,,102369,4.0,0.9829999804496765,0.891656756401062,0.03618065267801285,0.9225435853004456,0.865357518196106,4.4628682136535645,4.136413097381592,349.0,0.29027456045150757,,,,,,,,,,,,
40,,,102379,4.0,0.9858999848365784,0.9522422552108765,0.03657456114888191,0.9553543329238892,0.9491814374923706,4.2922043800354,4.053757190704346,677.0,0.20187300443649292,,,,,,,,,,,,
40,,,102389,4.0,0.9862499833106995,0.9506167769432068,0.03003191202878952,0.9499306678771973,0.9513053894042969,4.413211345672607,4.162512302398682,923.0,0.2206672579050064,,,,,,,,,,,,
40,,,102399,4.0,0.9827499985694885,0.9422777891159058,0.044953491538763046,0.9433965682983398,0.9411659240722656,5.363718032836914,5.021908760070801,1084.0,0.29685571789741516,,,,,,,,,,,,
40,,,102409,4.0,0.9847999811172485,0.963976263999939,0.033540278673172,0.9750270843505859,0.9536067247390747,4.4983296394348145,4.1111884117126465,1076.0,0.3536008894443512,,,,,,,,,,,,
40,,,102419,4.0,0.9813500046730042,0.9361218214035034,0.04949413985013962,0.9307976961135864,0.9416095018386841,4.101461410522461,3.612741470336914,662.0,0.43922606110572815,,,,,,,,,,,,
40,,,102429,4.0,0.9869499802589417,0.9532164335250854,0.0307187307626009,0.9697772860527039,0.9379944205284119,4.530796051025391,4.032776355743408,990.0,0.46730107069015503,,,,,,,,,,,,
40,,,102439,4.0,0.9822499752044678,0.9020670652389526,0.0398324616253376,0.9147443771362305,0.8902289271354675,6.088893890380859,5.314321517944336,397.0,0.7347396612167358,,,,,,,,,,,,
40,,,102449,4.0,0.9836999773979187,0.9453494548797607,0.0454166978597641,0.9483764171600342,0.9423720836639404,4.912551403045654,4.0127644538879395,1100.0,0.8543701171875,,,,,,,,,,,,
40,,,102459,4.0,0.9794999957084656,0.9151254892349243,0.04516790434718132,0.9221476316452026,0.9083720445632935,5.851574897766113,5.536187648773193,735.0,0.2702195644378662,,,,,,,,,,,,
40,,,102469,4.0,0.9928500056266785,0.9658857583999634,0.019215714186429977,0.9610041975975037,0.9708865880966187,4.0616912841796875,3.5474679470062256,540.0,0.49500733613967896,,,,,,,,,,,,
40,,,102479,4.0,0.9832000136375427,0.9511945843696594,0.0440574549138546,0.9737686514854431,0.9311778545379639,5.737484931945801,5.444255828857422,1061.0,0.24917151033878326,,,,,,,,,,,,
40,,,102489,4.0,0.9855499863624573,0.8803931474685669,0.030320551246404648,0.9666001796722412,0.8225108981132507,5.1200032234191895,4.828950881958008,339.0,0.26073166728019714,,,,,,,,,,,,
40,,,102499,4.0,0.9791499972343445,0.9468943476676941,0.04886052757501602,0.9629769921302795,0.9322288036346436,3.927766799926758,3.532071828842163,915.0,0.3468344807624817,,,,,,,,,,,,
40,,,102509,4.0,0.9866999983787537,0.9541685581207275,0.03259364515542984,0.9471817016601562,0.9614267349243164,3.8797054290771484,3.411632776260376,1033.0,0.43547889590263367,,,,,,,,,,,,
40,,,102519,4.0,0.9924499988555908,0.9537469148635864,0.022081734612584114,0.9726270437240601,0.9364535808563232,4.491787910461426,3.995431661605835,340.0,0.47427454590797424,,,,,,,,,,,,
40,,,102529,4.0,0.9865000247955322,0.9399722218513489,0.03281611204147339,0.9542666673660278,0.9266756772994995,6.802547454833984,6.024181842803955,639.0,0.7455495595932007,,,,,,,,,,,,
40,,,102539,4.0,0.9894999861717224,0.9678198099136353,0.026103056967258453,0.9613438248634338,0.9745279550552368,4.151732444763184,3.6816623210906982,860.0,0.44396716356277466,,,,,,,,,,,,
40,,,102549,4.0,0.9805499911308289,0.8972909450531006,0.0445706807076931,0.8785222768783569,0.9183072447776794,5.571293354034424,5.230027675628662,326.0,0.29669538140296936,,,,,,,,,,,,
40,,,102559,4.0,0.9841499924659729,0.912984311580658,0.03853997215628624,0.914425253868103,0.9115546345710754,5.898660182952881,5.625329971313477,580.0,0.23479050397872925,,,,,,,,,,,,
40,,,102569,4.0,0.9868000149726868,0.9478231072425842,0.036727339029312134,0.9397376775741577,0.9562681913375854,4.842688083648682,4.322335243225098,739.0,0.48362547159194946,,,,,,,,,,,,
40,,,102579,4.0,0.9835000038146973,0.8990867733955383,0.040269676595926285,0.8764983415603638,0.9249218702316284,6.162527561187744,4.935745716094971,353.0,1.1865119934082031,,,,,,,,,,,,
40,,,102589,4.0,0.9850500226020813,0.9457436203956604,0.03421495854854584,0.933882474899292,0.9584152698516846,4.462741851806641,3.863119602203369,970.0,0.5654071569442749,,,,,,,,,,,,
40,,,102599,4.0,0.9842000007629395,0.8530805110931396,0.04371361806988716,0.8973974585533142,0.8181663751602173,4.781309127807617,4.5891923904418945,258.0,0.14840324223041534,,,,,,,,,,,,
40,,,102609,4.0,0.9862499833106995,0.9689275026321411,0.037269383668899536,0.968532383441925,0.9693236351013184,4.681812763214111,4.2383317947387695,1078.0,0.4062115550041199,,,,,,,,,,,,
40,,,102619,4.0,0.986549973487854,0.9022594094276428,0.033343877643346786,0.9357020854949951,0.873945951461792,3.7126550674438477,3.418437957763672,339.0,0.26087328791618347,,,,,,,,,,,,
40,,,102629,4.0,0.991100013256073,0.9754196405410767,0.02735317125916481,0.9754196405410767,0.9754196405410767,4.2483930587768555,3.8863487243652344,1055.0,0.3346908390522003,,,,,,,,,,,,
40,,,102639,4.0,0.9921000003814697,0.9601171016693115,0.019466133788228035,0.9617880582809448,0.958459734916687,3.5134167671203613,3.206961154937744,908.0,0.28698936104774475,,,,,,,,,,,,
40,,,102649,4.0,0.963100016117096,0.8954974412918091,0.09119357168674469,0.8739341497421265,0.9206520915031433,7.021858215332031,6.6141438484191895,1170.0,0.31652045249938965,,,,,,,,,,,,
40,,,102659,4.0,0.9886500239372253,0.9613476991653442,0.030030347406864166,0.9690263271331787,0.9539679884910583,4.320019245147705,3.91111421585083,853.0,0.37887486815452576,,,,,,,,,,,,
40,,,102669,4.0,0.9630500078201294,0.8708310723304749,0.09475503116846085,0.9162607192993164,0.8359595537185669,7.065254211425781,6.665528297424316,1452.0,0.30497050285339355,,,,,,,,,,,,
40,,,102679,4.0,0.977400004863739,0.948711633682251,0.053626567125320435,0.941565990447998,0.9561947584152222,4.766141891479492,4.0334320068359375,1087.0,0.6790832877159119,,,,,,,,,,,,
40,,,102689,4.0,0.9787499904632568,0.8814535140991211,0.06508602201938629,0.898670494556427,0.8658252954483032,5.224553108215332,4.987307548522949,439.0,0.17215973138809204,,,,,,,,,,,,
40,,,102699,4.0,0.9903500080108643,0.9058793783187866,0.023298053070902824,0.8981631398200989,0.9139208197593689,5.519087791442871,4.947915554046631,220.0,0.5478737950325012,,,,,,,,,,,,
40,,,102709,4.0,0.9886000156402588,0.9617781639099121,0.03131226822733879,0.9657094478607178,0.957926869392395,4.196191310882568,3.9552950859069824,866.0,0.20958393812179565,,,,,,,,,,,,
40,,,102719,4.0,0.989549994468689,0.9444470405578613,0.02532869391143322,0.9560608863830566,0.9334771633148193,4.199331760406494,3.9805729389190674,381.0,0.19343003630638123,,,,,,,,,,,,
40,,,102729,4.0,0.9872999787330627,0.8944688439369202,0.028247753158211708,0.8671644330024719,0.9265605211257935,4.83745002746582,4.504843711853027,235.0,0.30435845255851746,,,,,,,,,,,,
40,,,102739,4.0,0.986050009727478,0.9778796434402466,0.034595295786857605,0.9827123880386353,0.9732232689857483,4.3033599853515625,3.982748508453369,1234.0,0.28601619601249695,,,,,,,,,,,,
40,,,102749,4.0,0.989549994468689,0.9396241903305054,0.03617041930556297,0.9537369608879089,0.9264517426490784,5.377754211425781,4.889676570892334,368.0,0.45190733671188354,,,,,,,,,,,,
40,,,102759,4.0,0.9899500012397766,0.9535056352615356,0.024414081126451492,0.9715656638145447,0.9369549751281738,4.317473411560059,3.9917707443237305,808.0,0.3012884557247162,,,,,,,,,,,,
40,,,102769,4.0,0.9874500036239624,0.965813159942627,0.032398417592048645,0.9647061824798584,0.9669270515441895,7.225892066955566,4.473925590515137,964.0,2.7195680141448975,,,,,,,,,,,,
40,,,102779,4.0,0.9858499765396118,0.9110170602798462,0.03840332850813866,0.9006484746932983,0.9219977259635925,5.5107598304748535,5.271510601043701,387.0,0.200845867395401,,,,,,,,,,,,
40,,,102789,4.0,0.977150022983551,0.9483979940414429,0.06026524677872658,0.9675467014312744,0.9313211441040039,4.546640396118164,4.079773426055908,1121.0,0.4066017270088196,,,,,,,,,,,,
40,,,102799,4.0,0.9886999726295471,0.9096194505691528,0.02519090846180916,0.9024043083190918,0.9171197414398193,4.842444896697998,4.592998504638672,350.0,0.22425562143325806,,,,,,,,,,,,
40,,,102809,4.0,0.9810000061988831,0.947128176689148,0.04626792296767235,0.9359523057937622,0.9590790271759033,7.088837623596191,4.836025714874268,1003.0,2.2065436840057373,,,,,,,,,,,,
40,,,102819,4.0,0.9862499833106995,0.9550204277038574,0.052146732807159424,0.9711992740631104,0.9401439428329468,4.407427787780762,3.9824697971343994,970.0,0.372811496257782,,,,,,,,,,,,
40,,,102829,4.0,0.9848499894142151,0.962622880935669,0.04145185649394989,0.9526278972625732,0.9732391238212585,4.63865327835083,3.720160961151123,960.0,0.8770405650138855,,,,,,,,,,,,
40,,,102839,4.0,0.9868500232696533,0.8453161716461182,0.0331442691385746,0.8344242572784424,0.8569859862327576,5.178099632263184,4.865301609039307,272.0,0.2796533405780792,,,,,,,,,,,,
40,,,102849,4.0,0.9846500158309937,0.8529999256134033,0.03384190425276756,0.832314133644104,0.8766530752182007,4.68962287902832,4.1044602394104,240.0,0.5513203144073486,,,,,,,,,,,,
40,,,102859,4.0,0.9851999878883362,0.9613407850265503,0.03741244971752167,0.9475247859954834,0.9763460159301758,4.9022955894470215,4.151844024658203,863.0,0.7130387425422668,,,,,,,,,,,,
40,,,102869,4.0,0.9868500232696533,0.9363943338394165,0.03393513336777687,0.9064315557479858,0.971917450428009,5.007699012756348,4.078518390655518,566.0,0.8952453136444092,,,,,,,,,,,,
40,,,102879,4.0,0.9781000018119812,0.9131369590759277,0.051063451915979385,0.8777852058410645,0.9574960470199585,4.374855995178223,3.494312047958374,663.0,0.8294805288314819,,,,,,,,,,,,
40,,,102889,4.0,0.9873499870300293,0.934929370880127,0.03977217897772789,0.9585826396942139,0.9138643741607666,4.1529622077941895,3.880730152130127,760.0,0.23245975375175476,,,,,,,,,,,,
40,,,102899,4.0,0.984000027179718,0.8980299234390259,0.0414743572473526,0.8654255867004395,0.9378416538238525,4.368707180023193,4.092536926269531,354.0,0.2346961349248886,,,,,,,,,,,,
40,,,102909,4.0,0.991349995136261,0.7799316644668579,0.01854550465941429,0.8749278783798218,0.7239882349967957,4.184982776641846,3.999119281768799,109.0,0.16731806099414825,,,,,,,,,,,,
40,,,102919,4.0,0.9868999719619751,0.9216325283050537,0.038021281361579895,0.9635211229324341,0.8873118162155151,3.9478139877319336,3.6216745376586914,639.0,0.28811800479888916,,,,,,,,,,,,
40,,,102929,4.0,0.9896000027656555,0.9344857931137085,0.028836028650403023,0.9285515546798706,0.9406040906906128,4.463191509246826,4.097438335418701,343.0,0.33691710233688354,,,,,,,,,,,,
40,,,102939,4.0,0.9828000068664551,0.9533182382583618,0.04198619723320007,0.9544954895973206,0.9521488547325134,3.871171474456787,3.3933370113372803,907.0,0.4358483552932739,,,,,,,,,,,,
40,,,102949,4.0,0.9679999947547913,0.8590353727340698,0.07969248294830322,0.8632647395133972,0.8549200296401978,6.306128978729248,5.853521347045898,472.0,0.3729154169559479,,,,,,,,,,,,
40,,,102959,4.0,0.9874500036239624,0.9699364900588989,0.036853186786174774,0.971057116985321,0.9688230752944946,4.470339298248291,4.053676605224609,851.0,0.37980929017066956,,,,,,,,,,,,
40,,,102969,4.0,0.989799976348877,0.9138998985290527,0.02447681874036789,0.9036815166473389,0.9246906042098999,4.705397605895996,4.519008159637451,294.0,0.16191241145133972,,,,,,,,,,,,
40,,,102979,4.0,0.9767500162124634,0.9141335487365723,0.05689522624015808,0.9662303924560547,0.8741587400436401,5.478464603424072,4.946743488311768,951.0,0.47482576966285706,,,,,,,,,,,,
40,,,102989,4.0,0.9867500066757202,0.9399780035018921,0.04625027999281883,0.9540218114852905,0.9268957376480103,3.7441012859344482,3.428903579711914,1011.0,0.2689473330974579,,,,,,,,,,,,
40,,,102999,4.0,0.9904500246047974,0.9651690125465393,0.022037602961063385,0.9822149276733398,0.949496865272522,3.6312479972839355,3.2926878929138184,1039.0,0.3165226876735687,,,,,,,,,,,,
40,,,103009,4.0,0.9889500141143799,0.9594460129737854,0.03763783350586891,0.957585334777832,0.9613248705863953,4.468369483947754,4.054567337036133,654.0,0.37616443634033203,,,,,,,,,,,,
40,,,103019,4.0,0.9914000034332275,0.9609329700469971,0.026714177802205086,0.9700087308883667,0.9522494077682495,3.7095284461975098,3.4136414527893066,899.0,0.2691729962825775,,,,,,,,,,,,
40,,,103029,4.0,0.9897500276565552,0.9622163772583008,0.02750977873802185,0.9644104242324829,0.9600469470024109,3.5042479038238525,3.1760284900665283,883.0,0.30070972442626953,,,,,,,,,,,,
40,,,103039,4.0,0.984499990940094,0.9019050598144531,0.03937550634145737,0.9119788408279419,0.8923602104187012,5.053896903991699,4.64376163482666,524.0,0.3707597851753235,,,,,,,,,,,,
40,,,103049,4.0,0.9894000291824341,0.9163442850112915,0.026580948382616043,0.9296863675117493,0.9038656949996948,5.666618347167969,5.4774956703186035,520.0,0.16254186630249023,,,,,,,,,,,,
