{"test/cls_loss": 0.07504638284444809, "test/cls_acc": 1.0, "test/cls_precision": 1.0, "test/cls_recall": 1.0, "test/cls_f1": 1.0, "test/mat_loss": 6.583779811859131, "test/n_critical_max": 1095.9185791015625, "test/loss": 6.6588263511657715, "test/mat_precision": 0.03837992995977402, "test/mat_recall": 0.03849441930651665, "test/mat_f1": 0.038426704704761505, "test/part_acc": 0.5667913556098938, "test/chamfer_distance": 0.37706220149993896, "test/trans_mse": 0.026715688407421112, "test/rot_mse": 4224.5966796875, "test/trans_rmse": 0.09984241425991058, "test/rot_rmse": 44.685462951660156, "test/trans_mae": 0.08349128812551498, "test/rot_mae": 38.4785041809082, "epoch": 0, "trainer/global_step": 0, "_timestamp": 1768074372.1966422, "_runtime": 841.7936022281647, "_step": 0, "_wandb": {"runtime": 840}}