lr-Adam/pg1,lr-Adam/pg2,step,train/batch_size,train/cls_loss,train/cls_acc,train/cls_precision,train/cls_recall,train/cls_f1,train/mat_loss,train/n_critical_max,train/rig_loss,train/loss,epoch,val/cls_loss,val/cls_acc,val/cls_precision,val/cls_recall,val/cls_f1,val/mat_loss,val/n_critical_max,val/rig_loss,val/loss,val/mat_precision,val/mat_recall,val/mat_f1
3.520365877844012e-05,0.00035203658778440114,99059,,,,,,,,,,,,,,,,,,,,,,,
3.373247294785808e-05,0.0003373247294785808,99059,,,,,,,,,,,,,,,,,,,,,,,
,,99059,3.0,0.4282830059528351,0.8465333580970764,0.49959832429885864,0.4979628920555115,0.47791919112205505,7.991846561431885,263.0,7.831216812133789,16.251346588134766,60,,,,,,,,,,,,
,,99069,3.0,0.6281795501708984,0.7962666749954224,0.48782721161842346,0.4483269155025482,0.4555692970752716,6.4571709632873535,303.0,7.890534400939941,14.975885391235352,60,,,,,,,,,,,,
,,99079,3.0,0.40812888741493225,0.8543333411216736,0.5046834349632263,0.5211846828460693,0.4886159598827362,6.300490856170654,225.0,12.296095848083496,19.004714965820312,60,,,,,,,,,,,,
,,99089,3.0,0.45677438378334045,0.8347333073616028,0.5030782222747803,0.5279021263122559,0.47307392954826355,11.12699031829834,151.0,0.09884645789861679,11.682611465454102,60,,,,,,,,,,,,
,,99099,3.0,0.32933077216148376,0.8809333443641663,0.5150973796844482,0.6337772607803345,0.5030938386917114,6.311830520629883,110.0,4.580402374267578,11.221563339233398,60,,,,,,,,,,,,
,,99109,3.0,0.277029812335968,0.8911333084106445,0.5031512975692749,0.5521836876869202,0.4819648861885071,4.333696365356445,53.0,0.28497475385665894,4.895700931549072,60,,,,,,,,,,,,
,,99119,3.0,0.40303051471710205,0.8619333505630493,0.51529860496521,0.5643492937088013,0.5066899061203003,6.866403579711914,165.0,5.28074836730957,12.550182342529297,60,,,,,,,,,,,,
,,99129,3.0,0.4773377478122711,0.83160001039505,0.5120236277580261,0.5469862222671509,0.49798622727394104,8.373465538024902,191.0,19.086801528930664,27.937604904174805,60,,,,,,,,,,,,
,,99139,3.0,0.4774910807609558,0.8146666884422302,0.5005906820297241,0.5063473582267761,0.462433785200119,5.1148881912231445,99.0,2.4109697341918945,8.003349304199219,60,,,,,,,,,,,,
,,99149,3.0,0.5681545734405518,0.8590666651725769,0.4957769513130188,0.48575910925865173,0.48065420985221863,8.338105201721191,326.0,18.220745086669922,27.127004623413086,60,,,,,,,,,,,,
,,99159,3.0,0.6081233024597168,0.8104666471481323,0.5064864158630371,0.5291401147842407,0.48373866081237793,6.155917644500732,207.0,9.424728393554688,16.188770294189453,60,,,,,,,,,,,,
,,99169,3.0,0.34929966926574707,0.8539333343505859,0.5042770504951477,0.5387837886810303,0.4793685972690582,5.376355171203613,103.0,5.09371280670166,10.819367408752441,60,,,,,,,,,,,,
,,99179,3.0,0.4131009578704834,0.8560000061988831,0.49959906935691833,0.49767690896987915,0.4776657223701477,12.297918319702148,216.0,0.48025646805763245,13.191275596618652,60,,,,,,,,,,,,
,,99189,3.0,0.5973051190376282,0.8605333566665649,0.5246066451072693,0.5374773740768433,0.5273467302322388,7.203281879425049,352.0,9.951937675476074,17.752525329589844,60,,,,,,,,,,,,
,,99199,3.0,0.5600061416625977,0.8276666402816772,0.49234357476234436,0.4710785448551178,0.4695214331150055,6.1600165367126465,213.0,9.084630966186523,15.80465316772461,60,,,,,,,,,,,,
,,99209,3.0,0.4537380337715149,0.8365333080291748,0.510955810546875,0.5392131805419922,0.49867379665374756,10.38079833984375,399.0,0.49539482593536377,11.329931259155273,60,,,,,,,,,,,,
,,99219,3.0,0.5056727528572083,0.8549333214759827,0.4924066662788391,0.4546703100204468,0.4658706784248352,7.540217876434326,277.0,21.632089614868164,29.677980422973633,60,,,,,,,,,,,,
,,99229,3.0,0.46015629172325134,0.8692666888237,0.5066726207733154,0.5309024453163147,0.493712842464447,8.96671199798584,197.0,2.155545711517334,11.582414627075195,60,,,,,,,,,,,,
,,99239,3.0,0.5047770142555237,0.817799985408783,0.49366769194602966,0.43760550022125244,0.4534800946712494,7.5131754875183105,114.0,1.6207555532455444,9.638708114624023,60,,,,,,,,,,,,
,,99249,3.0,0.34353649616241455,0.8895999789237976,0.5075555443763733,0.5421547889709473,0.49646762013435364,5.21084451675415,115.0,3.7884387969970703,9.342819213867188,60,,,,,,,,,,,,
,,99259,3.0,0.32008036971092224,0.8856666684150696,0.5057040452957153,0.5648931860923767,0.48706209659576416,4.901095390319824,72.0,0.7500278353691101,5.971203327178955,60,,,,,,,,,,,,
,,99269,3.0,0.5960326194763184,0.82833331823349,0.4951912462711334,0.47544610500335693,0.46798235177993774,6.0695481300354,272.0,9.865257263183594,16.530838012695312,60,,,,,,,,,,,,
,,99279,3.0,0.6333357691764832,0.7611333131790161,0.5063367486000061,0.5717406272888184,0.45588335394859314,6.570634841918945,149.0,3.873906373977661,11.077877044677734,60,,,,,,,,,,,,
,,99289,3.0,0.41449904441833496,0.8574666380882263,0.5115309357643127,0.6090795397758484,0.49134740233421326,8.353991508483887,110.0,0.8244796991348267,9.592970848083496,60,,,,,,,,,,,,
,,99299,3.0,0.4836883842945099,0.8477333188056946,0.5051366090774536,0.5581368207931519,0.47721487283706665,5.370358943939209,80.0,4.5519280433654785,10.405975341796875,60,,,,,,,,,,,,
,,99309,3.0,0.43896839022636414,0.8546000123023987,0.5007101893424988,0.5051668286323547,0.47624993324279785,5.63961124420166,183.0,14.160698890686035,20.23927879333496,60,,,,,,,,,,,,
,,99319,3.0,0.23584426939487457,0.9023333191871643,0.5101748108863831,0.6819942593574524,0.4964471757411957,4.190690517425537,39.0,1.0851032733917236,5.5116376876831055,60,,,,,,,,,,,,
,,99329,3.0,0.37948712706565857,0.8507333397865295,0.5003965497016907,0.512890100479126,0.4640713036060333,3.6758899688720703,30.0,2.580030918121338,6.6354079246521,60,,,,,,,,,,,,
,,99339,3.0,0.5168555974960327,0.8409333229064941,0.5044902563095093,0.5185337662696838,0.4876021146774292,6.367679119110107,226.0,5.4099440574646,12.294479370117188,60,,,,,,,,,,,,
,,99349,3.0,0.419441819190979,0.8452666401863098,0.49931401014328003,0.4766762852668762,0.4606265127658844,3.6173932552337646,33.0,0.06703800708055496,4.103873252868652,60,,,,,,,,,,,,
,,99359,3.0,0.5417089462280273,0.8263333439826965,0.4953683018684387,0.4595247507095337,0.4595775902271271,5.377950668334961,95.0,2.2716355323791504,8.191295623779297,60,,,,,,,,,,,,
,,99369,3.0,0.4573499858379364,0.8431333303451538,0.5001087188720703,0.5011662244796753,0.4685796797275543,5.070120334625244,99.0,0.3142901062965393,5.841760158538818,60,,,,,,,,,,,,
,,99379,3.0,0.5508629679679871,0.840399980545044,0.5131534934043884,0.5600733160972595,0.49871954321861267,6.64955472946167,156.0,9.480501174926758,16.680919647216797,60,,,,,,,,,,,,
,,99389,3.0,0.3083382248878479,0.8985999822616577,0.52057284116745,0.5668330192565918,0.5218061208724976,6.025262832641602,274.0,12.658225059509277,18.991825103759766,60,,,,,,,,,,,,
,,99399,3.0,0.24158938229084015,0.9171333312988281,0.5086871385574341,0.5984315276145935,0.49916449189186096,4.289494037628174,52.0,1.3542038202285767,5.885287284851074,60,,,,,,,,,,,,
,,99409,3.0,0.3617774546146393,0.8672666549682617,0.49903807044029236,0.4708387553691864,0.46644869446754456,3.4918212890625,28.0,0.3994908034801483,4.253089427947998,60,,,,,,,,,,,,
,,99419,3.0,0.542563796043396,0.8272666931152344,0.5102600455284119,0.5685117840766907,0.4862332046031952,6.501655578613281,158.0,3.6507792472839355,10.694998741149902,60,,,,,,,,,,,,
,,99429,3.0,0.5772542357444763,0.8792666792869568,0.525903582572937,0.5661998987197876,0.5286638736724854,9.332616806030273,240.0,17.4542293548584,27.36410140991211,60,,,,,,,,,,,,
,,99439,3.0,0.5618184208869934,0.8433333039283752,0.5032973289489746,0.5161260962486267,0.4835134744644165,7.0573248863220215,207.0,12.898405075073242,20.517547607421875,60,,,,,,,,,,,,
,,99449,3.0,0.7133112549781799,0.7698000073432922,0.4905955195426941,0.4626297056674957,0.4567123055458069,7.401371002197266,232.0,6.73190975189209,14.84659194946289,60,,,,,,,,,,,,
,,99459,3.0,0.32407188415527344,0.8641999959945679,0.4971573054790497,0.46020570397377014,0.4664894938468933,4.529287815093994,71.0,1.1787384748458862,6.032098293304443,60,,,,,,,,,,,,
,,99469,3.0,0.5675739049911499,0.775866687297821,0.4988151490688324,0.4680538773536682,0.4412456750869751,4.109431743621826,61.0,2.1363790035247803,6.813385009765625,60,,,,,,,,,,,,
,,99479,3.0,0.4773603081703186,0.8358666896820068,0.5139443278312683,0.5919866561889648,0.49390923976898193,9.087183952331543,198.0,4.80460786819458,14.369152069091797,60,,,,,,,,,,,,
,,99489,3.0,0.5146406888961792,0.819599986076355,0.491921991109848,0.4615233242511749,0.4629092812538147,7.0298075675964355,253.0,3.641472339630127,11.185920715332031,60,,,,,,,,,,,,
,,99499,3.0,0.4817623794078827,0.8333333134651184,0.49896714091300964,0.4910944402217865,0.4669199287891388,5.926954746246338,105.0,16.959407806396484,23.368125915527344,60,,,,,,,,,,,,
,,99509,3.0,0.41094037890434265,0.847000002861023,0.5032871961593628,0.5429564714431763,0.47286808490753174,5.29326868057251,119.0,3.448232412338257,9.152441024780273,60,,,,,,,,,,,,
,,99519,3.0,0.46256813406944275,0.8427333235740662,0.5068503022193909,0.5746626257896423,0.4790494441986084,8.54055404663086,142.0,2.8568267822265625,11.859949111938477,60,,,,,,,,,,,,
,,99529,3.0,0.44069647789001465,0.8405333161354065,0.5018951892852783,0.521223783493042,0.4703933894634247,4.97615385055542,96.0,3.1901304721832275,8.606980323791504,60,,,,,,,,,,,,
,,99539,3.0,0.5368843674659729,0.8240666389465332,0.5248859524726868,0.5765774250030518,0.5188356637954712,8.945637702941895,344.0,6.658864974975586,16.141387939453125,60,,,,,,,,,,,,
,,99549,3.0,0.404931902885437,0.8537999987602234,0.5121539235115051,0.6042117476463318,0.4923638701438904,5.629016399383545,160.0,2.1852519512176514,8.219200134277344,60,,,,,,,,,,,,
,,99559,3.0,0.5543232560157776,0.7721333503723145,0.49421530961990356,0.4239022731781006,0.43942010402679443,4.943188190460205,118.0,0.7106013298034668,6.208112716674805,60,,,,,,,,,,,,
,,99569,3.0,0.577853262424469,0.8227333426475525,0.48756563663482666,0.4483043849468231,0.45979422330856323,10.455791473388672,338.0,0.3835178017616272,11.417162895202637,60,,,,,,,,,,,,
,,99579,3.0,0.6599819660186768,0.8456000089645386,0.5090722441673279,0.527637243270874,0.4997783601284027,7.612371921539307,323.0,15.018791198730469,23.29114532470703,60,,,,,,,,,,,,
,,99589,3.0,0.3278660774230957,0.8809999823570251,0.5080326199531555,0.5306709408760071,0.49972885847091675,8.155550956726074,173.0,6.602797508239746,15.086215019226074,60,,,,,,,,,,,,
,,99599,3.0,0.54720538854599,0.8709333539009094,0.49208784103393555,0.48344433307647705,0.484300434589386,8.9134521484375,321.0,2.0388307571411133,11.49948787689209,60,,,,,,,,,,,,
,,99609,3.0,0.39939820766448975,0.856333315372467,0.5010330080986023,0.5102002024650574,0.47388961911201477,6.357141017913818,158.0,4.117773532867432,10.874313354492188,60,,,,,,,,,,,,
,,99619,3.0,0.43139758706092834,0.8628666400909424,0.5119383335113525,0.5549659729003906,0.500723123550415,8.703571319580078,187.0,5.417857646942139,14.552825927734375,60,,,,,,,,,,,,
,,99629,3.0,0.37172695994377136,0.8609333038330078,0.5044935941696167,0.5833081603050232,0.47608354687690735,4.052448272705078,49.0,0.2879308760166168,4.712106227874756,60,,,,,,,,,,,,
,,99639,3.0,0.3809867799282074,0.8808666467666626,0.49688369035720825,0.4901185631752014,0.48554614186286926,6.34706449508667,286.0,20.454465866088867,27.182518005371094,60,,,,,,,,,,,,
,,99649,3.0,0.44322067499160767,0.8543999791145325,0.5127831697463989,0.5305202007293701,0.509166419506073,7.080939292907715,258.0,9.071438789367676,16.595598220825195,60,,,,,,,,,,,,
,,99659,3.0,0.4726662039756775,0.8211333155632019,0.509941041469574,0.5900391340255737,0.48037704825401306,6.936338424682617,104.0,2.0412986278533936,9.450303077697754,60,,,,,,,,,,,,
,,99669,3.0,0.5193293690681458,0.8222666382789612,0.49864163994789124,0.4916118383407593,0.4687853753566742,9.05461311340332,236.0,0.9334619641304016,10.507404327392578,60,,,,,,,,,,,,
,,99679,3.0,0.3095693588256836,0.8953333497047424,0.4992564916610718,0.44826436042785645,0.4723883271217346,2.067396879196167,8.0,0.043289054185152054,2.420255184173584,60,,,,,,,,,,,,
,,99689,3.0,0.5366586446762085,0.8155999779701233,0.5157197117805481,0.5636204481124878,0.4998871684074402,9.06258487701416,239.0,10.71743392944336,20.31667709350586,60,,,,,,,,,,,,
,,99699,3.0,0.5107870697975159,0.8195333480834961,0.5080986618995667,0.5337412357330322,0.48914265632629395,7.090464115142822,264.0,9.50640869140625,17.1076602935791,60,,,,,,,,,,,,
,,99709,3.0,0.45012030005455017,0.8410666584968567,0.4911673069000244,0.4507633447647095,0.4625971019268036,7.581906795501709,232.0,0.9375303983688354,8.969557762145996,60,,,,,,,,,,,,
,,99719,3.0,0.5097737312316895,0.8239333629608154,0.497281014919281,0.4775126874446869,0.46273526549339294,5.501517295837402,161.0,6.85415506362915,12.865446090698242,60,,,,,,,,,,,,
,,99729,3.0,0.6673372387886047,0.7963333129882812,0.48856809735298157,0.4419281482696533,0.45250391960144043,7.2034687995910645,273.0,2.0678176879882812,9.938623428344727,60,,,,,,,,,,,,
,,99739,3.0,0.6125383377075195,0.7952666878700256,0.49123141169548035,0.4162774384021759,0.44490042328834534,11.807621002197266,198.0,0.0372961200773716,12.4574556350708,60,,,,,,,,,,,,
,,99749,3.0,0.5159564018249512,0.8238000273704529,0.49490368366241455,0.4747401475906372,0.46729862689971924,5.768550872802734,255.0,4.84810733795166,11.132614135742188,60,,,,,,,,,,,,
,,99759,3.0,0.5575290322303772,0.8179333209991455,0.501447319984436,0.5057532787322998,0.4801905155181885,7.944813251495361,229.0,8.700282096862793,17.202625274658203,60,,,,,,,,,,,,
,,99769,3.0,0.46906039118766785,0.8399999737739563,0.4930531084537506,0.45865538716316223,0.46425506472587585,6.069360733032227,125.0,5.276165962219238,11.814586639404297,60,,,,,,,,,,,,
,,99779,3.0,0.4573593735694885,0.8408666849136353,0.49205923080444336,0.46602147817611694,0.4685475528240204,8.452042579650879,290.0,1.9749388694763184,10.884340286254883,60,,,,,,,,,,,,
,,99789,3.0,0.5876744389533997,0.8185333609580994,0.5038962364196777,0.5123816132545471,0.48832982778549194,9.245001792907715,433.0,0.503337025642395,10.336012840270996,60,,,,,,,,,,,,
,,99799,3.0,0.4523407518863678,0.8546000123023987,0.535223662853241,0.628882884979248,0.536088764667511,7.723362922668457,237.0,23.818025588989258,31.993728637695312,60,,,,,,,,,,,,
,,99809,3.0,0.5807133316993713,0.8098666667938232,0.5055553317070007,0.5313820242881775,0.478027880191803,6.617961883544922,229.0,15.993864059448242,23.19253921508789,60,,,,,,,,,,,,
,,99819,3.0,0.4761615991592407,0.836733341217041,0.5023712515830994,0.518433690071106,0.47426027059555054,6.059123992919922,128.0,4.499646186828613,11.034931182861328,60,,,,,,,,,,,,
,,99829,3.0,0.38208332657814026,0.8616666793823242,0.5001684427261353,0.5034745931625366,0.4685319662094116,4.058499813079834,43.0,0.3690201938152313,4.809603214263916,60,,,,,,,,,,,,
,,99839,3.0,0.542762041091919,0.8204666376113892,0.4969181418418884,0.479057252407074,0.4642760455608368,9.486473083496094,269.0,1.989767074584961,12.019001960754395,60,,,,,,,,,,,,
,,99849,3.0,0.5106947422027588,0.8434666395187378,0.4972516894340515,0.488222599029541,0.47664546966552734,7.485942363739014,211.0,1.5961332321166992,9.59277057647705,60,,,,,,,,,,,,
,,99859,3.0,0.4167509973049164,0.8388000130653381,0.5184658765792847,0.6348103284835815,0.500249981880188,5.382404804229736,134.0,7.787596225738525,13.586751937866211,60,,,,,,,,,,,,
,,99869,3.0,0.5956199765205383,0.8176000118255615,0.4991883933544159,0.49083560705184937,0.4604429006576538,6.74833345413208,108.0,4.4043097496032715,11.748263359069824,60,,,,,,,,,,,,
,,99879,3.0,0.416221022605896,0.8486666679382324,0.5007940530776978,0.5092823505401611,0.4701899290084839,6.56769323348999,114.0,0.57819664478302,7.562110900878906,60,,,,,,,,,,,,
,,99889,3.0,0.33329808712005615,0.8768666386604309,0.5016527771949768,0.5564648509025574,0.47305697202682495,4.434507846832275,35.0,0.023826271295547485,4.791632175445557,60,,,,,,,,,,,,
,,99899,3.0,0.580214262008667,0.8755999803543091,0.520925760269165,0.5384292006492615,0.5231132507324219,9.671680450439453,364.0,4.805756568908691,15.05765151977539,60,,,,,,,,,,,,
,,99909,3.0,0.3903779983520508,0.8553333282470703,0.48744577169418335,0.4598489999771118,0.46912238001823425,8.203463554382324,360.0,2.204392671585083,10.798233985900879,60,,,,,,,,,,,,
,,99919,3.0,0.5437874794006348,0.8241999745368958,0.5162876844406128,0.5589787364006042,0.5041580200195312,7.266476631164551,413.0,7.221584320068359,15.031848907470703,60,,,,,,,,,,,,
,,99929,3.0,0.6131758689880371,0.7791333198547363,0.4912989139556885,0.4408687353134155,0.44696924090385437,6.691163539886475,287.0,1.3989179134368896,8.70325756072998,60,,,,,,,,,,,,
,,99939,3.0,0.7981714010238647,0.7814000248908997,0.49872487783432007,0.49679696559906006,0.48235684633255005,8.154581069946289,528.0,25.57493019104004,34.52768325805664,60,,,,,,,,,,,,
,,99949,3.0,0.4322952926158905,0.8335333466529846,0.5193346738815308,0.5967828035354614,0.5051921010017395,8.749741554260254,320.0,2.622905969619751,11.80494213104248,60,,,,,,,,,,,,
,,99959,3.0,0.6116976737976074,0.787933349609375,0.4970764219760895,0.4756348431110382,0.45395955443382263,11.8814115524292,211.0,0.19845153391361237,12.691560745239258,60,,,,,,,,,,,,
,,99969,3.0,0.5394465327262878,0.7896000146865845,0.4965590238571167,0.4616357088088989,0.4495086669921875,5.161642551422119,101.0,5.279822826385498,10.980911254882812,60,,,,,,,,,,,,
,,99979,3.0,0.5329898595809937,0.812333345413208,0.5019790530204773,0.5144328474998474,0.4690834879875183,5.365536212921143,153.0,2.327965259552002,8.226491928100586,60,,,,,,,,,,,,
,,99989,3.0,0.5889691114425659,0.824733316898346,0.4960384964942932,0.4820285737514496,0.47081825137138367,7.567920684814453,250.0,2.9887588024139404,11.145648956298828,60,,,,,,,,,,,,
,,99999,3.0,0.591284990310669,0.8069333434104919,0.48955443501472473,0.4495190382003784,0.4569337069988251,6.180912017822266,321.0,2.3475844860076904,9.119781494140625,60,,,,,,,,,,,,
,,100009,3.0,0.7991316318511963,0.7735999822616577,0.48669183254241943,0.44599464535713196,0.45132580399513245,9.69066047668457,253.0,14.942371368408203,25.43216323852539,60,,,,,,,,,,,,
,,100019,3.0,0.4220946729183197,0.8519333600997925,0.49896764755249023,0.49549296498298645,0.4801903963088989,5.8056535720825195,201.0,11.595776557922363,17.823524475097656,60,,,,,,,,,,,,
,,100029,3.0,0.5662614703178406,0.8258666396141052,0.5069851279258728,0.5437592267990112,0.48190170526504517,7.439312934875488,219.0,2.293668508529663,10.299242973327637,60,,,,,,,,,,,,
,,100039,3.0,0.835407555103302,0.7552000284194946,0.494802862405777,0.46302831172943115,0.4455176591873169,5.704749584197998,196.0,12.98809814453125,19.528255462646484,60,,,,,,,,,,,,
,,100049,3.0,0.668485164642334,0.7732666730880737,0.5064529776573181,0.5566816926002502,0.4630971848964691,6.6627068519592285,163.0,2.7396962642669678,10.07088851928711,60,,,,,,,,,,,,
,,100059,3.0,0.33638155460357666,0.8679999709129333,0.4996025264263153,0.46226584911346436,0.46517011523246765,2.59663987159729,11.0,0.038023583590984344,2.9710450172424316,60,,,,,,,,,,,,
,,100069,3.0,0.5969005823135376,0.7737333178520203,0.5013056993484497,0.5207915306091309,0.4483668804168701,5.053350448608398,112.0,4.972620964050293,10.622871398925781,60,,,,,,,,,,,,
,,100079,3.0,0.575759768486023,0.8163333535194397,0.5071749687194824,0.5745255947113037,0.47335872054100037,8.292033195495605,98.0,7.308865547180176,16.176658630371094,60,,,,,,,,,,,,
,,100089,3.0,0.4488588571548462,0.8270666599273682,0.4999350905418396,0.49886882305145264,0.46019843220710754,5.024914741516113,89.0,0.835406482219696,6.309179782867432,60,,,,,,,,,,,,
,,100099,3.0,0.45823606848716736,0.8374666571617126,0.5188377499580383,0.5971199870109558,0.5048577785491943,7.12299108505249,198.0,3.2843289375305176,10.865556716918945,60,,,,,,,,,,,,
,,100109,3.0,0.3464873731136322,0.8964666724205017,0.5024275183677673,0.5063733458518982,0.4971214532852173,6.72467041015625,328.0,22.411470413208008,29.482627868652344,60,,,,,,,,,,,,
,,100119,3.0,0.4599315822124481,0.8420666456222534,0.49981093406677246,0.49811458587646484,0.4685908257961273,5.9661865234375,87.0,3.4979934692382812,9.924111366271973,60,,,,,,,,,,,,
,,100129,3.0,0.5327684879302979,0.8357333540916443,0.49141746759414673,0.4744860827922821,0.4742244482040405,8.064703941345215,358.0,4.18770170211792,12.785173416137695,60,,,,,,,,,,,,
,,100139,3.0,0.4620097279548645,0.8529999852180481,0.5015996098518372,0.506272554397583,0.48596906661987305,10.919229507446289,264.0,2.7739369869232178,14.155176162719727,60,,,,,,,,,,,,
,,100149,3.0,0.7037551999092102,0.7761333584785461,0.4928281903266907,0.46178415417671204,0.4536723494529724,6.418160915374756,315.0,6.972979545593262,14.09489631652832,60,,,,,,,,,,,,
,,100159,3.0,0.4891737401485443,0.8348666429519653,0.5054441094398499,0.5257149338722229,0.48578035831451416,6.479743003845215,192.0,14.899092674255371,21.868009567260742,60,,,,,,,,,,,,
,,100169,3.0,0.6584435105323792,0.8032000064849854,0.49514445662498474,0.48163464665412903,0.46990859508514404,8.102453231811523,312.0,7.8182244300842285,16.579120635986328,60,,,,,,,,,,,,
,,100179,3.0,0.5468266010284424,0.8346666693687439,0.5017252564430237,0.5098873972892761,0.4770931899547577,6.452633380889893,201.0,7.712860107421875,14.712320327758789,60,,,,,,,,,,,,
,,100189,3.0,0.6315833330154419,0.8023333549499512,0.5012062788009644,0.5044440627098083,0.47896233201026917,6.567288875579834,380.0,3.9816389083862305,11.180511474609375,60,,,,,,,,,,,,
,,100199,3.0,0.5322264432907104,0.8069999814033508,0.5023196339607239,0.5171767473220825,0.46813899278640747,6.718016624450684,184.0,2.5459728240966797,9.796216011047363,60,,,,,,,,,,,,
,,100209,3.0,0.5180956721305847,0.8045333623886108,0.49844831228256226,0.48203861713409424,0.45574653148651123,4.920721054077148,78.0,2.8872902393341064,8.326107025146484,60,,,,,,,,,,,,
,,100219,3.0,0.4878849387168884,0.8354666829109192,0.5010673999786377,0.509764552116394,0.469992458820343,7.82951021194458,132.0,0.8363161087036133,9.153711318969727,60,,,,,,,,,,,,
,,100229,3.0,0.3484198749065399,0.8599333167076111,0.5004362463951111,0.5040357112884521,0.4743521809577942,5.789393901824951,102.0,7.662478446960449,13.800292015075684,60,,,,,,,,,,,,
,,100239,3.0,0.45232513546943665,0.8241999745368958,0.5014597177505493,0.5067151188850403,0.47845956683158875,6.413964748382568,189.0,10.28559398651123,17.151884078979492,60,,,,,,,,,,,,
,,100249,3.0,0.5194464921951294,0.819266676902771,0.4973055124282837,0.4245280623435974,0.4510573446750641,4.063113689422607,60.0,0.7511990070343018,5.333759307861328,60,,,,,,,,,,,,
,,100259,3.0,0.4538538455963135,0.9028666615486145,0.5536366105079651,0.5931410193443298,0.5651441812515259,9.731915473937988,265.0,8.568757057189941,18.754526138305664,60,,,,,,,,,,,,
,,100269,3.0,0.5988358855247498,0.826533317565918,0.491220086812973,0.4368934631347656,0.45591866970062256,11.36911392211914,264.0,0.06316272914409637,12.031112670898438,60,,,,,,,,,,,,
,,100279,3.0,0.7503020763397217,0.7645999789237976,0.49078214168548584,0.4327043294906616,0.44150200486183167,10.25468921661377,214.0,0.4643581211566925,11.46934986114502,60,,,,,,,,,,,,
,,100289,3.0,0.7551212310791016,0.7908666729927063,0.49079519510269165,0.4382770359516144,0.4490419328212738,8.059213638305664,268.0,1.5128791332244873,10.327214241027832,60,,,,,,,,,,,,
,,100299,3.0,0.8216828107833862,0.7305999994277954,0.4843813478946686,0.408437043428421,0.42953482270240784,6.849032878875732,319.0,0.4997349679470062,8.170451164245605,60,,,,,,,,,,,,
,,100309,3.0,0.5964858531951904,0.8375999927520752,0.5207564234733582,0.5574452877044678,0.5164992809295654,7.493063926696777,330.0,14.686351776123047,22.775901794433594,60,,,,,,,,,,,,
,,100319,3.0,0.6062424182891846,0.8098666667938232,0.5072804093360901,0.5367871522903442,0.48255276679992676,8.064810752868652,375.0,6.959756374359131,15.630809783935547,60,,,,,,,,,,,,
,,100329,3.0,0.6095315217971802,0.7688666582107544,0.5109747648239136,0.5889022350311279,0.4696328043937683,6.226755142211914,240.0,10.166288375854492,17.002574920654297,60,,,,,,,,,,,,
,,100339,3.0,0.5496940016746521,0.7850666642189026,0.49846217036247253,0.4738752841949463,0.44672688841819763,4.737196445465088,73.0,1.6131203174591064,6.90001106262207,60,,,,,,,,,,,,
,,100349,3.0,0.461325466632843,0.8591333627700806,0.5290506482124329,0.5929340124130249,0.5292012095451355,7.672945022583008,294.0,8.823875427246094,16.958145141601562,60,,,,,,,,,,,,
,,100359,3.0,0.6388959884643555,0.7971333265304565,0.49271002411842346,0.46389472484588623,0.45925647020339966,7.302448749542236,177.0,10.663764953613281,18.60511016845703,60,,,,,,,,,,,,
,,100369,3.0,0.5259345173835754,0.816266655921936,0.5034286379814148,0.5252442955970764,0.4720270037651062,10.294341087341309,225.0,1.4420989751815796,12.262373924255371,60,,,,,,,,,,,,
,,100379,3.0,0.3853400945663452,0.8858000040054321,0.49777984619140625,0.4918789863586426,0.485489159822464,6.442291259765625,258.0,1.039344310760498,7.866975784301758,60,,,,,,,,,,,,
,,100389,3.0,0.2899414002895355,0.908466637134552,0.5097634196281433,0.5190877318382263,0.5098794102668762,7.4266886711120605,253.0,9.942066192626953,17.658695220947266,60,,,,,,,,,,,,
,,100399,3.0,0.5001360177993774,0.8029333353042603,0.5088635087013245,0.5682231187820435,0.47633394598960876,7.485076904296875,248.0,1.4973505735397339,9.482563018798828,60,,,,,,,,,,,,
,,100409,3.0,0.3111339509487152,0.8913333415985107,0.5248026847839355,0.6211992502212524,0.5247418284416199,6.569560527801514,126.0,4.546930313110352,11.427624702453613,60,,,,,,,,,,,,
,,100419,3.0,0.5781249403953552,0.815666675567627,0.49334919452667236,0.46634700894355774,0.4631483256816864,6.541924476623535,161.0,15.027605056762695,22.147655487060547,60,,,,,,,,,,,,
,,100429,3.0,0.26708337664604187,0.8931333422660828,0.515533983707428,0.617618203163147,0.5075517892837524,5.903846263885498,127.0,20.12405014038086,26.294979095458984,60,,,,,,,,,,,,
,,100439,3.0,0.3241789638996124,0.8582666516304016,0.5231469869613647,0.6367976665496826,0.5141283869743347,6.681787967681885,239.0,2.486726760864258,9.492693901062012,60,,,,,,,,,,,,
,,100449,3.0,0.7124795317649841,0.8261333107948303,0.5053354501724243,0.513042688369751,0.4963238537311554,6.586153030395508,318.0,16.33734703063965,23.63597869873047,60,,,,,,,,,,,,
,,100459,3.0,0.5261557102203369,0.8140000104904175,0.5200158953666687,0.6148417592048645,0.49985334277153015,9.093228340148926,296.0,3.2335946559906006,12.852978706359863,60,,,,,,,,,,,,
,,100469,3.0,0.47000062465667725,0.7993999719619751,0.5070682168006897,0.5925189852714539,0.4661978483200073,5.064554691314697,107.0,1.799644947052002,7.334200382232666,60,,,,,,,,,,,,
,,100479,3.0,0.4358775019645691,0.840666651725769,0.48971080780029297,0.4494260847568512,0.4624645411968231,6.0992255210876465,220.0,2.2433953285217285,8.778497695922852,60,,,,,,,,,,,,
,,100489,3.0,0.5436684489250183,0.8299333453178406,0.49569225311279297,0.4796525239944458,0.47041815519332886,7.354465484619141,305.0,0.42329907417297363,8.321433067321777,60,,,,,,,,,,,,
,,100499,3.0,0.5012844204902649,0.8199999928474426,0.4946625828742981,0.45455509424209595,0.45741990208625793,5.687314987182617,127.0,0.6170042753219604,6.805603981018066,60,,,,,,,,,,,,
,,100509,3.0,0.6578536629676819,0.7790666818618774,0.4885140061378479,0.4197223484516144,0.4423232674598694,5.804809093475342,216.0,4.029348850250244,10.492012023925781,60,,,,,,,,,,,,
,,100519,3.0,0.5329554080963135,0.7922000288963318,0.49722930788993835,0.42582252621650696,0.4436039626598358,4.041687488555908,38.0,0.17640481889247894,4.7510480880737305,60,,,,,,,,,,,,
,,100529,3.0,0.4138568937778473,0.8602666854858398,0.5050615668296814,0.5356150269508362,0.48464393615722656,6.222366809844971,166.0,21.002138137817383,27.638362884521484,60,,,,,,,,,,,,
,,100539,3.0,0.564629316329956,0.8486666679382324,0.4868614971637726,0.45815467834472656,0.4676685035228729,7.445481777191162,358.0,16.629539489746094,24.639650344848633,60,,,,,,,,,,,,
,,100549,3.0,0.4727444350719452,0.8266666531562805,0.49843376874923706,0.4874449372291565,0.4655418395996094,8.126264572143555,171.0,4.095478057861328,12.694486618041992,60,,,,,,,,,,,,
,,100559,3.0,0.6687508225440979,0.7830666899681091,0.4977700710296631,0.4796811044216156,0.45242002606391907,5.637457847595215,130.0,1.3144785165786743,7.620687007904053,60,,,,,,,,,,,,
,,100569,3.0,0.5009191632270813,0.8047333359718323,0.5073534846305847,0.5932281017303467,0.4684290289878845,6.172135353088379,137.0,5.220282077789307,11.89333724975586,60,,,,,,,,,,,,
,,100579,3.0,0.6402444243431091,0.8363333344459534,0.5167357921600342,0.5946158766746521,0.5002402067184448,5.6399102210998535,175.0,6.129649639129639,12.409804344177246,60,,,,,,,,,,,,
,,100589,3.0,0.38893869519233704,0.8655333518981934,0.5074595808982849,0.5516360998153687,0.4896760582923889,6.714663028717041,161.0,4.98444128036499,12.088043212890625,60,,,,,,,,,,,,
,,100599,3.0,0.5041382908821106,0.8366666436195374,0.4903331995010376,0.4467097520828247,0.46074378490448,7.29373836517334,198.0,6.849712371826172,14.647588729858398,60,,,,,,,,,,,,
,,100609,3.0,0.5928503274917603,0.7978000044822693,0.5041232705116272,0.5480577349662781,0.46254274249076843,5.977534770965576,131.0,3.132997751235962,9.70338249206543,60,,,,,,,,,,,,
,,100619,3.0,0.479513555765152,0.8187333345413208,0.5038647651672363,0.5294950604438782,0.4727432131767273,6.406085014343262,145.0,8.195542335510254,15.081140518188477,60,,,,,,,,,,,,
,,100629,3.0,0.7263118028640747,0.7893999814987183,0.5144113898277283,0.5528250932693481,0.49523085355758667,7.54987096786499,307.0,5.066239356994629,13.342422485351562,60,,,,,,,,,,,,
,,100639,3.0,0.39461562037467957,0.8512666821479797,0.5330068469047546,0.636757493019104,0.5310658812522888,6.686598300933838,426.0,10.065512657165527,17.146726608276367,60,,,,,,,,,,,,
,,100649,3.0,0.30375364422798157,0.90420001745224,0.5024431943893433,0.5076226592063904,0.49610769748687744,7.910201549530029,236.0,2.4084291458129883,10.622384071350098,60,,,,,,,,,,,,
,,100659,3.0,0.6852363348007202,0.7549999952316284,0.4884764850139618,0.44499242305755615,0.4459397792816162,10.190143585205078,471.0,5.965081691741943,16.84046173095703,60,,,,,,,,,,,,
,,100669,3.0,0.6280682682991028,0.7716666460037231,0.5046225190162659,0.5751329660415649,0.4524601697921753,4.957890033721924,109.0,0.6276013851165771,6.213560104370117,60,,,,,,,,,,,,
,,100679,3.0,0.5213634967803955,0.8143333196640015,0.5028143525123596,0.559933602809906,0.45994478464126587,3.969581127166748,45.0,0.6248374581336975,5.115782260894775,60,,,,,,,,,,,,
,,100689,3.0,0.4964049458503723,0.8570666909217834,0.4949946999549866,0.47700366377830505,0.4741660952568054,6.93028450012207,174.0,5.655554294586182,13.082243919372559,60,,,,,,,,,,,,
,,100699,3.0,0.602593183517456,0.8321999907493591,0.5224292874336243,0.5725789070129395,0.5158645510673523,6.439001083374023,273.0,10.347268104553223,17.38886260986328,60,,,,,,,,,,,,
,,100709,3.0,0.8526580333709717,0.7387999892234802,0.48512187600135803,0.4170350730419159,0.4337053894996643,7.218484401702881,395.0,1.4268134832382202,9.497955322265625,60,,,,,,,,,,,,
3.2277834642108455e-05,0.00032277834642108455,100710,,,,,,,,,,,,,,,,,,,,,,,
,,100719,3.0,0.45224273204803467,0.8425999879837036,0.4972471594810486,0.48058733344078064,0.4687865078449249,7.440481662750244,141.0,3.3464367389678955,11.239161491394043,61,,,,,,,,,,,,
,,100729,3.0,0.7510215044021606,0.7997999787330627,0.4966181516647339,0.48717692494392395,0.4714062213897705,9.164470672607422,454.0,1.8183436393737793,11.733835220336914,61,,,,,,,,,,,,
,,100739,3.0,0.5231720805168152,0.8310666680335999,0.5011224746704102,0.5046045780181885,0.48121166229248047,7.7429304122924805,342.0,3.8383190631866455,12.104421615600586,61,,,,,,,,,,,,
,,100749,3.0,0.4855809807777405,0.809066653251648,0.5016781091690063,0.5225615501403809,0.4603329300880432,6.560024738311768,101.0,8.911669731140137,15.957275390625,61,,,,,,,,,,,,
,,100759,3.0,0.6514812111854553,0.7647333145141602,0.49449923634529114,0.4608585834503174,0.4473924934864044,6.073366165161133,141.0,2.2655410766601562,8.990388870239258,61,,,,,,,,,,,,
,,100769,3.0,0.3258495628833771,0.8759333491325378,0.4996907413005829,0.49765723943710327,0.47842878103256226,8.713639259338379,139.0,0.7060638666152954,9.745553016662598,61,,,,,,,,,,,,
,,100779,3.0,0.3878154158592224,0.8410666584968567,0.48776641488075256,0.4487953782081604,0.4625971019268036,8.889116287231445,350.0,0.12682978808879852,9.403761863708496,61,,,,,,,,,,,,
,,100789,3.0,0.4187927544116974,0.864133358001709,0.4967741370201111,0.47884273529052734,0.47313010692596436,5.2840423583984375,122.0,3.5611042976379395,9.263938903808594,61,,,,,,,,,,,,
,,100799,3.0,0.4877512753009796,0.8271333575248718,0.50090491771698,0.5061324834823608,0.47179505228996277,5.814638614654541,205.0,38.24164962768555,44.54404067993164,61,,,,,,,,,,,,
,,100809,3.0,0.47276830673217773,0.7985333204269409,0.5013443231582642,0.5247581601142883,0.45422762632369995,4.3997015953063965,65.0,1.2740858793258667,6.1465559005737305,61,,,,,,,,,,,,
,,100819,3.0,0.5088208317756653,0.8467333316802979,0.5042108297348022,0.5211775302886963,0.4850676357746124,7.788496017456055,185.0,15.951726913452148,24.249042510986328,61,,,,,,,,,,,,
,,100829,3.0,0.6776625514030457,0.7666000127792358,0.48711830377578735,0.40767550468444824,0.4370083510875702,14.70792293548584,319.0,0.020698394626379013,15.40628433227539,61,,,,,,,,,,,,
,,100839,3.0,0.7075449824333191,0.7990666627883911,0.49218711256980896,0.45340248942375183,0.45504695177078247,5.947183132171631,212.0,5.723063945770264,12.377792358398438,61,,,,,,,,,,,,
,,100849,3.0,0.46628880500793457,0.8411333560943604,0.5210503339767456,0.5883834362030029,0.5116333365440369,8.806041717529297,282.0,4.399542808532715,13.671873092651367,61,,,,,,,,,,,,
,,100859,3.0,0.6434856057167053,0.8189333081245422,0.5109412670135498,0.5302344560623169,0.5008779764175415,8.88917064666748,420.0,3.3652613162994385,12.897917747497559,61,,,,,,,,,,,,
,,100869,3.0,0.6301001310348511,0.8167999982833862,0.5084284543991089,0.5534956455230713,0.48187699913978577,9.210392951965332,119.0,3.961350917816162,13.801843643188477,61,,,,,,,,,,,,
,,100879,3.0,0.6512037515640259,0.7767999768257141,0.49747517704963684,0.4933440685272217,0.4788241684436798,8.04167652130127,561.0,25.158382415771484,33.85126495361328,61,,,,,,,,,,,,
,,100889,3.0,0.5216246247291565,0.8168666958808899,0.500007688999176,0.5001202821731567,0.4584473669528961,4.729504585266113,80.0,0.2967163324356079,5.547845363616943,61,,,,,,,,,,,,
,,100899,3.0,0.5892408490180969,0.8366000056266785,0.49888962507247925,0.49418172240257263,0.4745800197124481,7.483479976654053,231.0,1.9587740898132324,10.031494140625,61,,,,,,,,,,,,
,,100909,3.0,0.4163384735584259,0.8462666869163513,0.49950143694877625,0.4921523928642273,0.4651617109775543,8.69335651397705,98.0,0.22344516217708588,9.33314037322998,61,,,,,,,,,,,,
,,100919,3.0,0.656507670879364,0.7902666926383972,0.49279478192329407,0.4713461995124817,0.46327877044677734,7.534514904022217,350.0,1.7113474607467651,9.90237045288086,61,,,,,,,,,,,,
,,100929,3.0,0.5291881561279297,0.8062666654586792,0.5047886967658997,0.5493288040161133,0.46721160411834717,14.431272506713867,161.0,0.13878965377807617,15.099250793457031,61,,,,,,,,,,,,
,,100939,3.0,0.4481138586997986,0.890666663646698,0.5099461078643799,0.5231526494026184,0.5081968903541565,9.371597290039062,361.0,0.5039128065109253,10.323623657226562,61,,,,,,,,,,,,
,,100949,3.0,0.6929329037666321,0.7632666826248169,0.4930533170700073,0.48233792185783386,0.4724526107311249,9.189736366271973,517.0,22.251798629760742,32.13446807861328,61,,,,,,,,,,,,
,,100959,3.0,0.5259192585945129,0.8378000259399414,0.5108522772789001,0.580000638961792,0.4882519841194153,6.880787372589111,103.0,5.679800510406494,13.086507797241211,61,,,,,,,,,,,,
,,100969,3.0,0.6336304545402527,0.83160001039505,0.5097671747207642,0.5304540395736694,0.4986359179019928,6.3729472160339355,288.0,42.52490234375,49.53147888183594,61,,,,,,,,,,,,
,,100979,3.0,0.5606898069381714,0.7996000051498413,0.5015738010406494,0.5118150115013123,0.4650798738002777,8.506647109985352,163.0,6.699284076690674,15.766620635986328,61,,,,,,,,,,,,
,,100989,3.0,0.4008464515209198,0.8606666922569275,0.49534428119659424,0.4770403504371643,0.47417327761650085,8.844218254089355,284.0,0.4532008469104767,9.69826602935791,61,,,,,,,,,,,,
,,100999,3.0,0.563372015953064,0.7939333319664001,0.5053003430366516,0.5415477752685547,0.4685523211956024,9.293012619018555,197.0,1.4929012060165405,11.349285125732422,61,,,,,,,,,,,,
,,101009,3.0,0.681860625743866,0.777999997138977,0.5003384947776794,0.503747284412384,0.4521907866001129,5.512300491333008,106.0,4.320678234100342,10.514839172363281,61,,,,,,,,,,,,
,,101019,3.0,0.5510098338127136,0.8593999743461609,0.5060324668884277,0.5176236033439636,0.4976383447647095,6.8403000831604,266.0,7.173750877380371,14.56506061553955,61,,,,,,,,,,,,
,,101029,3.0,0.5310369729995728,0.8284000158309937,0.4931076467037201,0.4645395278930664,0.46472764015197754,12.058928489685059,314.0,0.3792071044445038,12.969172477722168,61,,,,,,,,,,,,
,,101039,3.0,0.6291463971138,0.795799970626831,0.48883745074272156,0.4108051657676697,0.4441099762916565,5.750279426574707,181.0,2.157256841659546,8.536683082580566,61,,,,,,,,,,,,
,,101049,3.0,0.4196654260158539,0.8940666913986206,0.5140175223350525,0.5626379251480103,0.5091832280158997,6.314657211303711,227.0,2.0487005710601807,8.7830228805542,61,,,,,,,,,,,,
,,101059,3.0,0.5384037494659424,0.8055999875068665,0.5068483948707581,0.5601257085800171,0.47215932607650757,7.762367248535156,134.0,0.35984423756599426,8.660614967346191,61,,,,,,,,,,,,
,,101069,3.0,0.521493136882782,0.8133333325386047,0.5007007122039795,0.5172011256217957,0.4554958641529083,4.084246635437012,54.0,0.6739165782928467,5.279656410217285,61,,,,,,,,,,,,
,,101079,3.0,0.6147223114967346,0.8458666801452637,0.4955691695213318,0.47686079144477844,0.4712134897708893,6.150981903076172,258.0,10.097558975219727,16.863262176513672,61,,,,,,,,,,,,
,,101089,3.0,0.44216373562812805,0.8451333045959473,0.5149606466293335,0.5677309632301331,0.5023735165596008,10.164142608642578,346.0,3.6342613697052,14.240567207336426,61,,,,,,,,,,,,
,,101099,3.0,0.453205943107605,0.8551333546638489,0.5047160983085632,0.5152146816253662,0.4938277304172516,7.178272247314453,383.0,21.805910110473633,29.437389373779297,61,,,,,,,,,,,,
,,101109,3.0,0.3516239523887634,0.8705999851226807,0.5002449154853821,0.5023672580718994,0.47595033049583435,6.066344261169434,79.0,3.6409802436828613,10.058948516845703,61,,,,,,,,,,,,
,,101119,3.0,0.4021530747413635,0.8610666394233704,0.5440709590911865,0.653870701789856,0.5502099990844727,8.628230094909668,253.0,7.486687660217285,16.517070770263672,61,,,,,,,,,,,,
,,101129,3.0,0.4439338445663452,0.8566666841506958,0.5017312169075012,0.5112264752388,0.47965553402900696,6.427857398986816,159.0,2.9771628379821777,9.848954200744629,61,,,,,,,,,,,,
,,101139,3.0,0.26262012124061584,0.9062666893005371,0.5090715289115906,0.5754873752593994,0.4990667998790741,4.658602714538574,101.0,6.480091571807861,11.401313781738281,61,,,,,,,,,,,,
,,101149,3.0,0.5166733264923096,0.8330000042915344,0.5306193828582764,0.5741435289382935,0.5309610962867737,9.486228942871094,508.0,4.6404805183410645,14.643383026123047,61,,,,,,,,,,,,
,,101159,3.0,0.7488026022911072,0.7727333307266235,0.5009029507637024,0.5096426606178284,0.452072411775589,5.811976432800293,126.0,2.4133269786834717,8.974105834960938,61,,,,,,,,,,,,
,,101169,3.0,0.5515430569648743,0.8284000158309937,0.49288371205329895,0.4625701308250427,0.46399253606796265,6.459081172943115,200.0,1.4098540544509888,8.420478820800781,61,,,,,,,,,,,,
,,101179,3.0,0.4626635015010834,0.8465333580970764,0.5150213837623596,0.5463581681251526,0.5080960988998413,7.5146098136901855,350.0,3.6515748500823975,11.6288480758667,61,,,,,,,,,,,,
,,101189,3.0,0.33019864559173584,0.8578000068664551,0.5564196705818176,0.67982017993927,0.5675210356712341,7.31825065612793,304.0,20.00666618347168,27.655115127563477,61,,,,,,,,,,,,
,,101199,3.0,0.47103285789489746,0.8187333345413208,0.5010939836502075,0.5265456438064575,0.457695871591568,4.704413414001465,44.0,1.6178796291351318,6.793326377868652,61,,,,,,,,,,,,
,,101209,3.0,0.6198130249977112,0.8015333414077759,0.4898565113544464,0.4498829245567322,0.4559441804885864,6.144476890563965,252.0,6.157331466674805,12.921621322631836,61,,,,,,,,,,,,
,,101219,3.0,0.5417606234550476,0.777999997138977,0.5026237368583679,0.5273956656455994,0.45632392168045044,13.441941261291504,182.0,0.2068711370229721,14.190572738647461,61,,,,,,,,,,,,
,,101229,3.0,0.5457513928413391,0.8090000152587891,0.5032938718795776,0.597916841506958,0.4573478102684021,3.8584508895874023,51.0,0.6499468684196472,5.054149150848389,61,,,,,,,,,,,,
,,101239,3.0,0.6188987493515015,0.8051333427429199,0.49543496966362,0.45429718494415283,0.4530230760574341,6.539932727813721,183.0,11.075507164001465,18.234338760375977,61,,,,,,,,,,,,
,,101249,3.0,0.2935486137866974,0.8899999856948853,0.5021337270736694,0.5241008400917053,0.48211634159088135,4.830912113189697,76.0,1.863356113433838,6.98781681060791,61,,,,,,,,,,,,
,,101259,3.0,0.8484866619110107,0.760866641998291,0.4830276370048523,0.39843180775642395,0.43373411893844604,6.7699151039123535,218.0,9.058030128479004,16.67643165588379,61,,,,,,,,,,,,
,,101269,3.0,0.4571041464805603,0.8474666476249695,0.5012086629867554,0.5256874561309814,0.4664098024368286,3.9732062816619873,51.0,1.6804115772247314,6.110721588134766,61,,,,,,,,,,,,
,,101279,3.0,0.3458803594112396,0.8747333288192749,0.5060490369796753,0.5577426552772522,0.48642632365226746,6.353304386138916,67.0,0.2923538386821747,6.9915385246276855,61,,,,,,,,,,,,
,,101289,3.0,0.5012288093566895,0.8203333616256714,0.49657291173934937,0.4350696802139282,0.45248040556907654,4.843311309814453,87.0,0.8416105508804321,6.186150550842285,61,,,,,,,,,,,,
,,101299,3.0,0.600252091884613,0.8168666958808899,0.4930577278137207,0.47251096367836,0.46798205375671387,9.18902587890625,320.0,2.9040119647979736,12.693289756774902,61,,,,,,,,,,,,
,,101309,3.0,0.31721431016921997,0.8748000264167786,0.5099566578865051,0.5495657324790955,0.49882522225379944,8.183176040649414,238.0,2.597311019897461,11.097701072692871,61,,,,,,,,,,,,
,,101319,3.0,0.6691871881484985,0.7857333421707153,0.4933115243911743,0.427298367023468,0.443960040807724,6.405526638031006,209.0,55.194480895996094,62.269195556640625,61,,,,,,,,,,,,
,,101329,3.0,0.48125043511390686,0.8266000151634216,0.5004069805145264,0.5120466947555542,0.4578114449977875,6.301939010620117,58.0,1.9811025857925415,8.764291763305664,61,,,,,,,,,,,,
,,101339,3.0,0.4900296926498413,0.8330666422843933,0.5034512281417847,0.5249809622764587,0.47604888677597046,6.882899284362793,165.0,7.045773983001709,14.418703079223633,61,,,,,,,,,,,,
,,101349,3.0,0.41641131043434143,0.8548666834831238,0.498845636844635,0.4945802688598633,0.47933506965637207,6.605208873748779,184.0,7.211207866668701,14.232828140258789,61,,,,,,,,,,,,
,,101359,3.0,0.40953052043914795,0.8605999946594238,0.5003229975700378,0.5019509792327881,0.47908562421798706,7.317386627197266,179.0,1.8084558248519897,9.535372734069824,61,,,,,,,,,,,,
,,101369,3.0,0.5159820318222046,0.8217999935150146,0.49646836519241333,0.4787387549877167,0.46582716703414917,6.1400017738342285,208.0,4.01131534576416,10.667299270629883,61,,,,,,,,,,,,
,,101379,3.0,0.3997347354888916,0.8536666631698608,0.503089964389801,0.524481475353241,0.4788382053375244,6.26280403137207,152.0,2.7049720287323,9.367510795593262,61,,,,,,,,,,,,
,,101389,3.0,0.36380448937416077,0.855733335018158,0.4993631839752197,0.486874520778656,0.4656803011894226,4.887608528137207,42.0,1.0001784563064575,6.251591205596924,61,,,,,,,,,,,,
,,101399,3.0,0.6382635235786438,0.8125333189964294,0.4925677180290222,0.47177305817604065,0.46754878759384155,7.489134788513184,285.0,9.739031791687012,17.866430282592773,61,,,,,,,,,,,,
,,101409,3.0,0.43443775177001953,0.8478666543960571,0.49996620416641235,0.49960410594940186,0.46864673495292664,6.939145565032959,137.0,1.419023871421814,8.792607307434082,61,,,,,,,,,,,,
,,101419,3.0,0.7147629261016846,0.7865999937057495,0.48747336864471436,0.4462248384952545,0.453167200088501,8.505016326904297,398.0,4.619419097900391,13.839198112487793,61,,,,,,,,,,,,
,,101429,3.0,0.4386741518974304,0.8685333132743835,0.5253421664237976,0.5896247625350952,0.5243027210235596,8.735602378845215,264.0,3.5572402477264404,12.73151683807373,61,,,,,,,,,,,,
,,101439,3.0,0.6306860446929932,0.8165333271026611,0.49189332127571106,0.4581443965435028,0.46074560284614563,6.974609851837158,190.0,13.101704597473145,20.707000732421875,61,,,,,,,,,,,,
,,101449,3.0,0.34193184971809387,0.8804000020027161,0.49158480763435364,0.462154746055603,0.4726001024246216,6.577417850494385,266.0,0.9713862538337708,7.890736103057861,61,,,,,,,,,,,,
,,101459,3.0,0.5729943513870239,0.8080000281333923,0.5017411708831787,0.5343732237815857,0.45698899030685425,4.117051601409912,60.0,0.3604959547519684,5.050541877746582,61,,,,,,,,,,,,
,,101469,3.0,0.6252447366714478,0.8119333386421204,0.4998764097690582,0.4994981288909912,0.4765065014362335,8.260214805603027,284.0,3.7669923305511475,12.65245246887207,61,,,,,,,,,,,,
,,101479,3.0,0.4580480754375458,0.8715333342552185,0.49810802936553955,0.4950844645500183,0.4892881512641907,7.357137680053711,279.0,17.808908462524414,25.624094009399414,61,,,,,,,,,,,,
,,101489,3.0,0.590263843536377,0.8507333397865295,0.5012843012809753,0.5058093070983887,0.48292744159698486,6.2976861000061035,251.0,12.930405616760254,19.818355560302734,61,,,,,,,,,,,,
,,101499,3.0,0.33689138293266296,0.8773333430290222,0.5176921486854553,0.6341298818588257,0.5076000094413757,9.525797843933105,190.0,0.7829036116600037,10.64559268951416,61,,,,,,,,,,,,
,,101509,3.0,0.574084997177124,0.829200029373169,0.5021316409111023,0.5088898539543152,0.4820866286754608,7.986910343170166,257.0,1.400378942489624,9.961374282836914,61,,,,,,,,,,,,
,,101519,3.0,0.7534494996070862,0.765333354473114,0.48391419649124146,0.4393051862716675,0.448146790266037,9.57429313659668,375.0,20.527057647705078,30.854801177978516,61,,,,,,,,,,,,
,,101529,3.0,0.5394026637077332,0.8366666436195374,0.5066368579864502,0.5412262082099915,0.4837786853313446,6.977467060089111,136.0,6.4602789878845215,13.977148056030273,61,,,,,,,,,,,,
,,101539,3.0,0.624253511428833,0.8230666518211365,0.5169858336448669,0.5526772141456604,0.5076429843902588,9.519582748413086,307.0,6.210702419281006,16.354537963867188,61,,,,,,,,,,,,
,,101549,3.0,0.7738491296768188,0.7721333503723145,0.4999295473098755,0.4996955692768097,0.4679274260997772,6.2050652503967285,334.0,11.297167778015137,18.276081085205078,61,,,,,,,,,,,,
,,101559,3.0,0.45707330107688904,0.848466694355011,0.49310553073883057,0.4642999768257141,0.46802014112472534,6.215713024139404,262.0,8.892102241516113,15.564888000488281,61,,,,,,,,,,,,
,,101569,3.0,0.37056058645248413,0.8715333342552185,0.505967915058136,0.6024777889251709,0.4816726744174957,3.9301695823669434,41.0,0.4208521842956543,4.721582412719727,61,,,,,,,,,,,,
,,101579,3.0,0.729716956615448,0.7983333468437195,0.48661598563194275,0.45492568612098694,0.4600262939929962,6.713712215423584,321.0,3.659492015838623,11.102920532226562,61,,,,,,,,,,,,
,,101589,3.0,0.5679813623428345,0.81413334608078,0.5039399862289429,0.5322759747505188,0.4708022475242615,7.306272029876709,187.0,2.580591917037964,10.454845428466797,61,,,,,,,,,,,,
,,101599,3.0,0.4807644486427307,0.8599333167076111,0.4987681210041046,0.4951792359352112,0.48276302218437195,8.572388648986816,241.0,1.4755393266677856,10.528692245483398,61,,,,,,,,,,,,
,,101609,3.0,0.577774703502655,0.7823333144187927,0.49891024827957153,0.48540931940078735,0.44898301362991333,5.097801685333252,113.0,1.2393989562988281,6.914975166320801,61,,,,,,,,,,,,
,,101619,3.0,0.5653557777404785,0.8453333377838135,0.5083513259887695,0.524010956287384,0.49963316321372986,7.87168550491333,281.0,12.942620277404785,21.379661560058594,61,,,,,,,,,,,,
,,101629,3.0,0.5157574415206909,0.8544666767120361,0.5010930895805359,0.5042895674705505,0.48541489243507385,11.358366966247559,271.0,2.16787052154541,14.04199504852295,61,,,,,,,,,,,,
,,101639,3.0,0.4734448194503784,0.8308666944503784,0.49744224548339844,0.458298921585083,0.45768776535987854,4.232432842254639,80.0,1.6801916360855103,6.386069297790527,61,,,,,,,,,,,,
,,101649,3.0,0.5548252463340759,0.8279333114624023,0.5075916647911072,0.5552794933319092,0.4811631441116333,12.578185081481934,205.0,0.8128692507743835,13.945878982543945,61,,,,,,,,,,,,
,,101659,3.0,0.5801032185554504,0.8176000118255615,0.5056236386299133,0.5192716121673584,0.4890897274017334,7.649231910705566,270.0,6.746943950653076,14.976278305053711,61,,,,,,,,,,,,
,,101669,3.0,0.504752516746521,0.8100000023841858,0.5035260915756226,0.5557817816734314,0.4619928002357483,5.024037837982178,77.0,3.330042839050293,8.858833312988281,61,,,,,,,,,,,,
,,101679,3.0,0.6366723775863647,0.8136000037193298,0.4958038628101349,0.4854778051376343,0.47441962361335754,7.53572940826416,323.0,7.080313205718994,15.252714157104492,61,,,,,,,,,,,,
,,101689,3.0,0.4777039587497711,0.8342666625976562,0.4980442523956299,0.44609445333480835,0.45641371607780457,3.7995691299438477,38.0,0.33438578248023987,4.611659049987793,61,,,,,,,,,,,,
,,101699,3.0,0.45668455958366394,0.8289333581924438,0.502672553062439,0.5221439003944397,0.47217413783073425,6.003665924072266,149.0,2.647338628768921,9.107688903808594,61,,,,,,,,,,,,
,,101709,3.0,0.6536402702331543,0.7766666412353516,0.4915306568145752,0.4366758167743683,0.44495245814323425,6.180621147155762,149.0,3.3118550777435303,10.146116256713867,61,,,,,,,,,,,,
,,101719,3.0,0.6608387231826782,0.8079333305358887,0.5013328194618225,0.5074315071105957,0.47164055705070496,7.840720176696777,312.0,1.3005625009536743,9.802122116088867,61,,,,,,,,,,,,
,,101729,3.0,0.5836942195892334,0.8123999834060669,0.5027194619178772,0.5160827040672302,0.47357815504074097,5.977229118347168,212.0,2.631610870361328,9.192534446716309,61,,,,,,,,,,,,
,,101739,3.0,0.37576380372047424,0.8752666711807251,0.5200888514518738,0.6012631058692932,0.5143559575080872,6.709257125854492,129.0,2.7625038623809814,9.847524642944336,61,,,,,,,,,,,,
,,101749,3.0,0.5822474360466003,0.7997999787330627,0.49766889214515686,0.4861299395561218,0.4633466899394989,7.417861461639404,265.0,10.355525016784668,18.355632781982422,61,,,,,,,,,,,,
,,101759,3.0,0.5305038094520569,0.873199999332428,0.4964044988155365,0.4818030595779419,0.4774063229560852,5.885595798492432,185.0,2.3932578563690186,8.809357643127441,61,,,,,,,,,,,,
,,101769,3.0,0.6224581599235535,0.7868666648864746,0.4985642731189728,0.49308153986930847,0.4663328230381012,8.338577270507812,221.0,8.280294418334961,17.241329193115234,61,,,,,,,,,,,,
,,101779,3.0,0.5021910667419434,0.8447333574295044,0.4983348846435547,0.48736926913261414,0.4699769914150238,5.433584213256836,127.0,1.7740105390548706,7.7097859382629395,61,,,,,,,,,,,,
,,101789,3.0,0.41166529059410095,0.8540666699409485,0.5136086344718933,0.5659247636795044,0.5010735988616943,18.33304214477539,337.0,0.5871332883834839,19.33184051513672,61,,,,,,,,,,,,
,,101799,3.0,0.6129595637321472,0.7641333341598511,0.49829113483428955,0.4921088218688965,0.46235010027885437,7.5088210105896,255.0,4.888426780700684,13.010207176208496,61,,,,,,,,,,,,
,,101809,3.0,0.5851336717605591,0.829800009727478,0.5051385164260864,0.5179356932640076,0.48980796337127686,9.192914962768555,290.0,16.987548828125,26.76559829711914,61,,,,,,,,,,,,
,,101819,3.0,0.6928001046180725,0.8109333515167236,0.4961383640766144,0.4806275963783264,0.4665783643722534,7.946106433868408,276.0,1.4775755405426025,10.11648178100586,61,,,,,,,,,,,,
,,101829,3.0,0.6332652568817139,0.8023333549499512,0.512244701385498,0.5837031006813049,0.48296594619750977,6.55228328704834,193.0,10.297873497009277,17.483421325683594,61,,,,,,,,,,,,
,,101839,3.0,0.633807361125946,0.7978666424751282,0.4963812530040741,0.45905402302742004,0.45116156339645386,10.307541847229004,161.0,0.07803789526224136,11.019387245178223,61,,,,,,,,,,,,
,,101849,3.0,0.36546480655670166,0.8898666501045227,0.5118610858917236,0.5685248970985413,0.5030208230018616,9.878793716430664,207.0,0.2252606898546219,10.46951961517334,61,,,,,,,,,,,,
,,101859,3.0,0.570538341999054,0.8224666714668274,0.5221484303474426,0.5585499405860901,0.5172615051269531,9.194622993469238,524.0,10.724581718444824,20.489742279052734,61,,,,,,,,,,,,
,,101869,3.0,0.42790815234184265,0.850266695022583,0.5003196597099304,0.5045422315597534,0.46822789311408997,4.783215045928955,99.0,0.9177975058555603,6.128920555114746,61,,,,,,,,,,,,
,,101879,3.0,0.5527797937393188,0.8109333515167236,0.509192943572998,0.5474866628646851,0.4851585328578949,6.589222431182861,198.0,2.829975128173828,9.971977233886719,61,,,,,,,,,,,,
,,101889,3.0,0.5206670165061951,0.8163333535194397,0.49335983395576477,0.466602087020874,0.4634007215499878,5.872418403625488,206.0,5.794262409210205,12.187347412109375,61,,,,,,,,,,,,
,,101899,3.0,0.5828424096107483,0.8185999989509583,0.5012429356575012,0.5041947364807129,0.48336169123649597,5.935093879699707,288.0,22.74317169189453,29.2611083984375,61,,,,,,,,,,,,
,,101909,3.0,0.544635534286499,0.8483333587646484,0.5049919486045837,0.5184763073921204,0.491207093000412,6.214809417724609,258.0,9.441733360290527,16.20117950439453,61,,,,,,,,,,,,
,,101919,3.0,0.3612166941165924,0.8421333432197571,0.500801682472229,0.5134149193763733,0.46579959988594055,6.263311862945557,53.0,2.0741236209869385,8.698652267456055,61,,,,,,,,,,,,
,,101929,3.0,0.8601468205451965,0.7681333422660828,0.49376392364501953,0.47526758909225464,0.46087005734443665,8.222790718078613,235.0,9.872530937194824,18.955467224121094,61,,,,,,,,,,,,
,,101939,3.0,0.38560500741004944,0.8820000290870667,0.5136815309524536,0.6032732725143433,0.5022273063659668,5.798105239868164,118.0,0.8174158334732056,7.001125812530518,61,,,,,,,,,,,,
,,101949,3.0,0.2865198254585266,0.903333306312561,0.5160878300666809,0.5934487581253052,0.5121281147003174,5.755769729614258,93.0,9.081002235412598,15.123291969299316,61,,,,,,,,,,,,
,,101959,3.0,0.40304985642433167,0.8440666794776917,0.5027105808258057,0.5303660035133362,0.472541481256485,5.070888996124268,88.0,6.791079998016357,12.265018463134766,61,,,,,,,,,,,,
,,101969,3.0,0.5291010141372681,0.8579999804496765,0.5112370252609253,0.5338749289512634,0.5044291019439697,7.849530220031738,294.0,9.806909561157227,18.1855411529541,61,,,,,,,,,,,,
,,101979,3.0,0.6222149133682251,0.8170666694641113,0.5021997094154358,0.5114783048629761,0.47594648599624634,7.1084885597229,170.0,19.94594955444336,27.676652908325195,61,,,,,,,,,,,,
,,101989,3.0,0.4535159468650818,0.8609333038330078,0.5010673403739929,0.5063239336013794,0.48055270314216614,8.305813789367676,219.0,0.256945937871933,9.016275405883789,61,,,,,,,,,,,,
,,101999,3.0,0.5324795246124268,0.8128666877746582,0.5027632117271423,0.5066277384757996,0.4920361638069153,7.829465389251709,493.0,3.164191484451294,11.52613639831543,61,,,,,,,,,,,,
,,102009,3.0,0.4445539116859436,0.8375333547592163,0.49980539083480835,0.4974709451198578,0.4649812579154968,4.909955978393555,86.0,1.374184250831604,6.728693962097168,61,,,,,,,,,,,,
,,102019,3.0,0.4957290291786194,0.8492000102996826,0.5023818612098694,0.5265111923217773,0.4733036160469055,5.8318352699279785,106.0,1.6654142141342163,7.992978572845459,61,,,,,,,,,,,,
,,102029,3.0,0.5029231309890747,0.8452000021934509,0.4998442828655243,0.4992147982120514,0.47815221548080444,10.74576473236084,319.0,1.5104396343231201,12.759127616882324,61,,,,,,,,,,,,
,,102039,3.0,0.4258018732070923,0.8841333389282227,0.5141794085502625,0.537047266960144,0.5126627683639526,7.452317237854004,291.0,17.322235107421875,25.200353622436523,61,,,,,,,,,,,,
,,102049,3.0,0.526949405670166,0.8120666742324829,0.5025215744972229,0.5363692045211792,0.46178868412971497,4.933380603790283,88.0,1.812617540359497,7.272947311401367,61,,,,,,,,,,,,
,,102059,3.0,0.5900753736495972,0.8055999875068665,0.5008875727653503,0.5120859742164612,0.4580721855163574,6.72322940826416,75.0,4.503732204437256,11.817037582397461,61,,,,,,,,,,,,
,,102069,3.0,0.4180412292480469,0.8552666902542114,0.4991000294685364,0.4946898818016052,0.4765135943889618,8.735078811645508,210.0,3.1578664779663086,12.310986518859863,61,,,,,,,,,,,,
,,102079,3.0,0.6997156739234924,0.8240000009536743,0.4905284643173218,0.47330623865127563,0.4729377329349518,7.821579933166504,306.0,3.6558427810668945,12.177138328552246,61,,,,,,,,,,,,
,,102089,3.0,0.6441926956176758,0.8090000152587891,0.5045576095581055,0.5190467238426208,0.4821360111236572,8.376721382141113,193.0,13.330519676208496,22.35143280029297,61,,,,,,,,,,,,
,,102099,3.0,0.39690396189689636,0.8900666832923889,0.5160462856292725,0.6195898652076721,0.5078399181365967,8.657022476196289,177.0,2.793797492980957,11.847723960876465,61,,,,,,,,,,,,
,,102109,3.0,0.5324352979660034,0.8276666402816772,0.500353217124939,0.5026689767837524,0.4695214331150055,5.8070478439331055,189.0,9.833983421325684,16.173465728759766,61,,,,,,,,,,,,
,,102119,3.0,0.43324926495552063,0.859000027179718,0.4934217929840088,0.45924055576324463,0.4676538109779358,6.242626667022705,218.0,1.7910473346710205,8.466923713684082,61,,,,,,,,,,,,
,,102129,3.0,0.7525185942649841,0.7661333084106445,0.5014979839324951,0.5139399170875549,0.45314469933509827,7.579581260681152,152.0,4.093598365783691,12.425698280334473,61,,,,,,,,,,,,
,,102139,3.0,0.456904798746109,0.8638666868209839,0.4918912649154663,0.4643924832344055,0.4711536467075348,8.607994079589844,168.0,7.05742883682251,16.12232780456543,61,,,,,,,,,,,,
,,102149,3.0,0.3547592759132385,0.8891333341598511,0.5100943446159363,0.5334559679031372,0.5052227973937988,10.439262390136719,301.0,1.9586098194122314,12.752631187438965,61,,,,,,,,,,,,
,,102159,3.0,0.518196702003479,0.8429333567619324,0.5020157098770142,0.5140518546104431,0.47642505168914795,6.574278831481934,131.0,4.688695907592773,11.781171798706055,61,,,,,,,,,,,,
,,102169,3.0,0.4339916408061981,0.854533314704895,0.5018401741981506,0.5216648578643799,0.4732128381729126,4.709169387817383,64.0,1.4354031085968018,6.578563690185547,61,,,,,,,,,,,,
,,102179,3.0,0.6790645718574524,0.7803999781608582,0.49545249342918396,0.44109660387039185,0.44365060329437256,5.305983543395996,99.0,3.296018600463867,9.28106689453125,61,,,,,,,,,,,,
,,102189,3.0,0.5052206516265869,0.8277999758720398,0.5042403340339661,0.55496746301651,0.46957406401634216,6.369912147521973,108.0,0.23657770454883575,7.111710071563721,61,,,,,,,,,,,,
,,102199,3.0,0.3774288594722748,0.8692666888237,0.5735628008842468,0.6492188572883606,0.5906588435173035,8.198119163513184,648.0,18.902921676635742,27.478469848632812,61,,,,,,,,,,,,
,,102209,3.0,0.5273475646972656,0.8598666787147522,0.5415807366371155,0.6205959916114807,0.547623336315155,7.32108736038208,309.0,3.621541976928711,11.469976425170898,61,,,,,,,,,,,,
,,102219,3.0,0.5354139804840088,0.8114666938781738,0.49596327543258667,0.4673551023006439,0.4582337737083435,6.388507843017578,112.0,1.7711994647979736,8.695120811462402,61,,,,,,,,,,,,
,,102229,3.0,0.6375526785850525,0.7752000093460083,0.49405911564826965,0.4096451699733734,0.43842771649360657,4.64536190032959,96.0,2.3270833492279053,7.609997749328613,61,,,,,,,,,,,,
,,102239,3.0,0.4690611660480499,0.8402000069618225,0.4983346164226532,0.4933870732784271,0.47910088300704956,6.096444129943848,322.0,3.983135938644409,10.548641204833984,61,,,,,,,,,,,,
,,102249,3.0,0.655273973941803,0.7942000031471252,0.5015047788619995,0.5053850412368774,0.47874945402145386,11.815193176269531,447.0,4.147164344787598,16.617631912231445,61,,,,,,,,,,,,
,,102259,3.0,0.7592093348503113,0.7802000045776367,0.5028853416442871,0.5119265913963318,0.4747171700000763,7.7412614822387695,366.0,3.066669225692749,11.567140579223633,61,,,,,,,,,,,,
,,102269,3.0,0.5543531775474548,0.8108000159263611,0.49975064396858215,0.4971959590911865,0.459658682346344,8.573853492736816,116.0,0.3239683210849762,9.452174186706543,61,,,,,,,,,,,,
,,102279,3.0,0.5992305278778076,0.8306000232696533,0.4939839541912079,0.4766501486301422,0.4717712104320526,6.843143939971924,232.0,11.307527542114258,18.749900817871094,61,,,,,,,,,,,,
,,102289,3.0,0.4291979670524597,0.8362666964530945,0.5040838718414307,0.5294274091720581,0.4777787923812866,6.576927185058594,130.0,3.6994941234588623,10.705618858337402,61,,,,,,,,,,,,
,,102299,3.0,0.5859666466712952,0.8556666374206543,0.5050832033157349,0.5121326446533203,0.49884527921676636,8.499744415283203,362.0,2.7792303562164307,11.864941596984863,61,,,,,,,,,,,,
,,102309,3.0,0.458706796169281,0.8234666585922241,0.49957275390625,0.47943830490112305,0.4538284242153168,3.257460117340088,26.0,1.0050032138824463,4.721170425415039,61,,,,,,,,,,,,
,,102319,3.0,0.3099048435688019,0.88919997215271,0.5084108114242554,0.5944659113883972,0.4924607574939728,5.137831687927246,66.0,2.738644599914551,8.186381340026855,61,,,,,,,,,,,,
,,102329,3.0,0.501253068447113,0.8041333556175232,0.49957767128944397,0.4900260865688324,0.4513690173625946,6.313209056854248,75.0,1.6101040840148926,8.424566268920898,61,,,,,,,,,,,,
,,102339,3.0,0.5068411827087402,0.8000666499137878,0.5077115297317505,0.5552322864532471,0.4750213027000427,9.323030471801758,170.0,0.7067345976829529,10.536606788635254,61,,,,,,,,,,,,
,,102349,3.0,0.5885160565376282,0.8147333264350891,0.5087594985961914,0.5249301195144653,0.49681365489959717,10.413223266601562,396.0,2.8995440006256104,13.901283264160156,61,,,,,,,,,,,,
,,102359,3.0,0.4855298697948456,0.8167999982833862,0.5019563436508179,0.5347899198532104,0.46049872040748596,4.268538475036621,61.0,0.4165031313896179,5.170571327209473,61,,,,,,,,,,,,
3.084117941357835e-05,0.0003084117941357836,102361,,,,,,,,,,,,,,,,,,,,,,,
,,102369,3.0,0.635927140712738,0.8008000254631042,0.4966144859790802,0.46770521998405457,0.4544106423854828,5.495285987854004,110.0,1.8542823791503906,7.985495567321777,62,,,,,,,,,,,,
,,102379,3.0,0.5202487111091614,0.8394666910171509,0.5156125426292419,0.5601869821548462,0.5046747326850891,10.497636795043945,416.0,6.344474792480469,17.36236000061035,62,,,,,,,,,,,,
,,102389,3.0,0.5017746686935425,0.8335999846458435,0.5204378366470337,0.5916462540626526,0.5084033608436584,7.713730812072754,336.0,2.4080283641815186,10.623534202575684,62,,,,,,,,,,,,
,,102399,3.0,0.48370712995529175,0.8521333336830139,0.5059503316879272,0.5523726344108582,0.48191773891448975,6.862240314483643,94.0,3.0928101539611816,10.438756942749023,62,,,,,,,,,,,,
,,102409,3.0,0.5623355507850647,0.8618666529655457,0.49953219294548035,0.4976438283920288,0.48049426078796387,5.844583034515381,144.0,22.43344497680664,28.840362548828125,62,,,,,,,,,,,,
,,102419,3.0,0.4136850833892822,0.8577333092689514,0.5018700957298279,0.5281620621681213,0.4721967577934265,4.497962951660156,66.0,0.1855916827917099,5.0972394943237305,62,,,,,,,,,,,,
,,102429,3.0,0.5544665455818176,0.8505333065986633,0.5045393109321594,0.5324496030807495,0.48162874579429626,6.418867588043213,157.0,1.763960361480713,8.737295150756836,62,,,,,,,,,,,,
,,102439,3.0,0.6560708284378052,0.8132666945457458,0.4934011995792389,0.47377312183380127,0.46784642338752747,8.621454238891602,322.0,15.671353340148926,24.94887924194336,62,,,,,,,,,,,,
,,102449,3.0,0.4875364899635315,0.8340666890144348,0.5113652348518372,0.6034516096115112,0.4857507050037384,9.980352401733398,152.0,0.46370944380760193,10.931598663330078,62,,,,,,,,,,,,
,,102459,3.0,0.47288012504577637,0.8148000240325928,0.508369505405426,0.5936291813850403,0.4739866554737091,4.929108142852783,111.0,2.4558191299438477,7.857807159423828,62,,,,,,,,,,,,
,,102469,3.0,0.5304961800575256,0.8041999936103821,0.495944082736969,0.421875,0.44707992672920227,4.28271484375,58.0,0.21146053075790405,5.02467155456543,62,,,,,,,,,,,,
,,102479,3.0,0.5300678610801697,0.8230666518211365,0.5079192519187927,0.6088221073150635,0.47357088327407837,4.80354642868042,100.0,2.8531856536865234,8.186800003051758,62,,,,,,,,,,,,
,,102489,3.0,0.5868282914161682,0.8503333330154419,0.5052460432052612,0.5118762254714966,0.49941667914390564,7.027629375457764,248.0,5.247435092926025,12.861892700195312,62,,,,,,,,,,,,
,,102499,3.0,0.42746829986572266,0.8578000068664551,0.5137875080108643,0.5951544642448425,0.49800267815589905,5.633191108703613,109.0,9.44372844696045,15.504387855529785,62,,,,,,,,,,,,
,,102509,3.0,0.6226285099983215,0.8083999752998352,0.49723416566848755,0.48757997155189514,0.4699751138687134,7.252066135406494,335.0,1.2285035848617554,9.103198051452637,62,,,,,,,,,,,,
,,102519,3.0,0.8415085077285767,0.8168666958808899,0.4989002048969269,0.4955233037471771,0.47585803270339966,6.95849084854126,299.0,4.1868577003479,11.986856460571289,62,,,,,,,,,,,,
,,102529,3.0,0.4737454652786255,0.8291333317756653,0.5066728591918945,0.5410409569740295,0.4823983907699585,6.474932670593262,138.0,4.111048698425293,11.05972671508789,62,,,,,,,,,,,,
,,102539,3.0,0.44366878271102905,0.852400004863739,0.5004781484603882,0.5036205053329468,0.4749612808227539,6.3607177734375,100.0,3.043268918991089,9.847655296325684,62,,,,,,,,,,,,
,,102549,3.0,0.4988413155078888,0.8145333528518677,0.5072503685951233,0.5983510613441467,0.47032082080841064,4.615725040435791,81.0,0.6944568157196045,5.809022903442383,62,,,,,,,,,,,,
,,102559,3.0,0.4532117545604706,0.8455333113670349,0.5182059407234192,0.5612176656723022,0.5112912654876709,7.6878156661987305,297.0,14.702800750732422,22.843828201293945,62,,,,,,,,,,,,
,,102569,3.0,0.6177653074264526,0.7936000227928162,0.5042900443077087,0.5429714918136597,0.4635012447834015,9.514785766601562,195.0,2.211566209793091,12.344117164611816,62,,,,,,,,,,,,
,,102579,3.0,0.5305067300796509,0.8700666427612305,0.4892054796218872,0.4776228368282318,0.48059797286987305,7.006884574890137,312.0,4.564660549163818,12.102051734924316,62,,,,,,,,,,,,
,,102589,3.0,0.5264710783958435,0.823199987411499,0.49382004141807556,0.4521562457084656,0.458146333694458,7.718877792358398,205.0,0.578511655330658,8.823860168457031,62,,,,,,,,,,,,
,,102599,3.0,0.7217941880226135,0.8145333528518677,0.4891868531703949,0.4516448676586151,0.45933714509010315,6.364482879638672,322.0,2.1529901027679443,9.239267349243164,62,,,,,,,,,,,,
,,102609,3.0,0.6410326957702637,0.8064666390419006,0.5158020853996277,0.5553570985794067,0.5011443495750427,7.458898067474365,413.0,5.799854278564453,13.899785041809082,62,,,,,,,,,,,,
,,102619,3.0,0.33721181750297546,0.8881333470344543,0.5035865306854248,0.5173282027244568,0.4914175271987915,10.32400894165039,203.0,0.8596696853637695,11.520890235900879,62,,,,,,,,,,,,
,,102629,3.0,0.4207136034965515,0.8761333227157593,0.5021730065345764,0.50733882188797,0.49192461371421814,14.380422592163086,379.0,0.048255614936351776,14.84939193725586,62,,,,,,,,,,,,
,,102639,3.0,0.432110458612442,0.8411999940872192,0.5048437714576721,0.5427772998809814,0.477630078792572,5.4760661125183105,119.0,3.8651440143585205,9.773320198059082,62,,,,,,,,,,,,
,,102649,3.0,0.6457040309906006,0.8302000164985657,0.4989354610443115,0.49650606513023376,0.48220333456993103,7.065552234649658,260.0,4.8464226722717285,12.55767822265625,62,,,,,,,,,,,,
,,102659,3.0,0.6206055283546448,0.7561333179473877,0.4995097815990448,0.49551743268966675,0.44788092374801636,6.166559219360352,153.0,1.2791422605514526,8.066307067871094,62,,,,,,,,,,,,
,,102669,3.0,0.3480594754219055,0.8766666650772095,0.5178665518760681,0.5987322330474854,0.5103689432144165,7.7146735191345215,128.0,7.717077732086182,15.779809951782227,62,,,,,,,,,,,,
,,102679,3.0,0.4128876030445099,0.8241999745368958,0.49196675419807434,0.45986300706863403,0.46283209323883057,9.965865135192871,325.0,0.31380265951156616,10.69255542755127,62,,,,,,,,,,,,
,,102689,3.0,0.6544622182846069,0.8206666707992554,0.4957212209701538,0.48202940821647644,0.4712105691432953,8.833747863769531,277.0,4.753986835479736,14.242197036743164,62,,,,,,,,,,,,
,,102699,3.0,0.544937014579773,0.8244666457176208,0.49917829036712646,0.48796412348747253,0.45967113971710205,6.881200790405273,83.0,0.4607161581516266,7.88685417175293,62,,,,,,,,,,,,
,,102709,3.0,0.3838615417480469,0.8899999856948853,0.5005160570144653,0.5059996247291565,0.47921398282051086,6.6069769859313965,69.0,1.3640995025634766,8.354938507080078,62,,,,,,,,,,,,
,,102719,3.0,0.402349591255188,0.8516666889190674,0.4996606409549713,0.4822796881198883,0.46172574162483215,3.220562696456909,24.0,0.01441644225269556,3.637328863143921,62,,,,,,,,,,,,
,,102729,3.0,0.44689810276031494,0.834933340549469,0.5035119652748108,0.5296127200126648,0.4746365547180176,9.937568664550781,202.0,4.3406171798706055,14.72508430480957,62,,,,,,,,,,,,
,,102739,3.0,0.5370146036148071,0.8351333141326904,0.500636637210846,0.5086902379989624,0.46529248356819153,5.291987419128418,73.0,0.1737699657678604,6.002771854400635,62,,,,,,,,,,,,
,,102749,3.0,0.3879707455635071,0.8554666638374329,0.5094612240791321,0.6156277656555176,0.48545607924461365,4.746120452880859,87.0,2.1671371459960938,7.3012285232543945,62,,,,,,,,,,,,
,,102759,3.0,0.556243896484375,0.8046000003814697,0.5025509595870972,0.5221545100212097,0.4655958116054535,5.630141258239746,116.0,3.483050584793091,9.669435501098633,62,,,,,,,,,,,,
,,102769,3.0,0.601057767868042,0.8239333629608154,0.5038862228393555,0.524071991443634,0.4769945740699768,8.21879768371582,196.0,0.3639918565750122,9.183847427368164,62,,,,,,,,,,,,
,,102779,3.0,0.49479058384895325,0.8270000219345093,0.5055803656578064,0.5793602466583252,0.47068002820014954,4.834160804748535,119.0,1.0405197143554688,6.369471073150635,62,,,,,,,,,,,,
,,102789,3.0,0.5976533889770508,0.7955999970436096,0.4945049583911896,0.4532528817653656,0.4516226053237915,7.809192657470703,178.0,6.819551944732666,15.226398468017578,62,,,,,,,,,,,,
,,102799,3.0,0.5894244909286499,0.7833999991416931,0.49654266238212585,0.4675377607345581,0.450239360332489,5.299251079559326,123.0,5.93656587600708,11.825241088867188,62,,,,,,,,,,,,
,,102809,3.0,0.6065142154693604,0.7753999829292297,0.5019491314888,0.5152483582496643,0.45903363823890686,6.664248943328857,181.0,2.9040744304656982,10.174838066101074,62,,,,,,,,,,,,
,,102819,3.0,0.4838179051876068,0.8372666835784912,0.5001819729804993,0.5047733783721924,0.4609409272670746,3.838334560394287,36.0,0.29063981771469116,4.612792491912842,62,,,,,,,,,,,,
,,102829,3.0,0.32918408513069153,0.8812000155448914,0.5023163557052612,0.509907603263855,0.48981693387031555,7.330723762512207,278.0,7.2025017738342285,14.862409591674805,62,,,,,,,,,,,,
,,102839,3.0,0.5945422053337097,0.8307333588600159,0.5128491520881653,0.5420833230018616,0.5020073652267456,6.776957988739014,376.0,4.971024513244629,12.342524528503418,62,,,,,,,,,,,,
,,102849,3.0,0.33922556042671204,0.8865333199501038,0.5012387037277222,0.5070246458053589,0.4857947826385498,6.085230827331543,223.0,34.26107406616211,40.68553161621094,62,,,,,,,,,,,,
,,102859,3.0,0.5543206334114075,0.8143333196640015,0.5126385688781738,0.5792593955993652,0.48774683475494385,6.85477876663208,180.0,5.662068843841553,13.071168899536133,62,,,,,,,,,,,,
,,102869,3.0,0.4547831416130066,0.846666693687439,0.5007795691490173,0.5072387456893921,0.4719240069389343,5.651176452636719,166.0,8.329010009765625,14.434968948364258,62,,,,,,,,,,,,
,,102879,3.0,0.5814687609672546,0.8254666924476624,0.49811050295829773,0.4772138297557831,0.4600161612033844,5.487738132476807,92.0,2.6258373260498047,8.695043563842773,62,,,,,,,,,,,,
,,102889,3.0,0.3937509059906006,0.8740666508674622,0.4972328245639801,0.4890851080417633,0.4822160601615906,6.175642013549805,274.0,3.1505579948425293,9.719951629638672,62,,,,,,,,,,,,
,,102899,3.0,0.6165580153465271,0.7950000166893005,0.4990513324737549,0.48516327142715454,0.4511010944843292,5.06387186050415,96.0,1.7199100255966187,7.4003400802612305,62,,,,,,,,,,,,
,,102909,3.0,0.43708208203315735,0.8586000204086304,0.4951673150062561,0.47589918971061707,0.47340771555900574,6.732174873352051,189.0,1.422265648841858,8.591523170471191,62,,,,,,,,,,,,
,,102919,3.0,0.4685271084308624,0.8543333411216736,0.5077404975891113,0.5365146398544312,0.4926295876502991,6.683168411254883,290.0,15.442172050476074,22.593868255615234,62,,,,,,,,,,,,
,,102929,3.0,0.35595351457595825,0.8880000114440918,0.49853625893592834,0.4898027777671814,0.47965124249458313,10.382458686828613,144.0,1.9321156740188599,12.670527458190918,62,,,,,,,,,,,,
,,102939,3.0,0.7744051218032837,0.7895333170890808,0.48587968945503235,0.40996772050857544,0.4424414038658142,6.340373516082764,290.0,5.958584785461426,13.073363304138184,62,,,,,,,,,,,,
,,102949,3.0,0.4893166720867157,0.8384000062942505,0.5041640400886536,0.5145323276519775,0.4896125793457031,12.100787162780762,414.0,0.6935320496559143,13.283636093139648,62,,,,,,,,,,,,
,,102959,3.0,0.3843405246734619,0.8411333560943604,0.49716615676879883,0.4346611201763153,0.4576878845691681,3.7184455394744873,36.0,0.924296498298645,5.027082443237305,62,,,,,,,,,,,,
,,102969,3.0,0.6303148865699768,0.8115333318710327,0.5044416785240173,0.521309494972229,0.4797159731388092,9.605671882629395,183.0,7.974241256713867,18.210227966308594,62,,,,,,,,,,,,
,,102979,3.0,0.516426682472229,0.8209999799728394,0.4992161691188812,0.4960787296295166,0.47303536534309387,13.03597640991211,323.0,0.3464460074901581,13.898849487304688,62,,,,,,,,,,,,
,,102989,3.0,0.4636913537979126,0.8342666625976562,0.5057918429374695,0.5504388809204102,0.47764888405799866,6.841738700866699,127.0,7.216931343078613,14.522361755371094,62,,,,,,,,,,,,
,,102999,3.0,0.5602938532829285,0.8453999757766724,0.4880772531032562,0.44522103667259216,0.4619358777999878,8.549790382385254,308.0,0.3339197039604187,9.44400405883789,62,,,,,,,,,,,,
,,103009,3.0,0.5436578392982483,0.7951333522796631,0.49291253089904785,0.4175964593887329,0.44485777616500854,12.241094589233398,183.0,0.21854442358016968,13.003296852111816,62,,,,,,,,,,,,
,,103019,3.0,0.5080136060714722,0.8246666789054871,0.5214309692382812,0.6043500304222107,0.5068147778511047,7.960660934448242,238.0,5.845883846282959,14.314558029174805,62,,,,,,,,,,,,
,,103029,3.0,0.4028264284133911,0.869866669178009,0.5071509480476379,0.523288905620575,0.4989318549633026,7.770212173461914,171.0,4.619800567626953,12.792839050292969,62,,,,,,,,,,,,
,,103039,3.0,0.6465387344360352,0.8270000219345093,0.4991130530834198,0.4943503141403198,0.4699702858924866,11.007073402404785,192.0,0.9789943099021912,12.632606506347656,62,,,,,,,,,,,,
,,103049,3.0,0.47496944665908813,0.8411333560943604,0.5033652782440186,0.5277625918388367,0.4760684370994568,5.508265495300293,101.0,2.7504453659057617,8.733680725097656,62,,,,,,,,,,,,
,,103059,3.0,0.5409356951713562,0.8181333541870117,0.49455827474594116,0.46070095896720886,0.4592422842979431,13.220718383789062,172.0,2.7426748275756836,16.504329681396484,62,,,,,,,,,,,,
,,103069,3.0,0.4267471432685852,0.8708666563034058,0.497508704662323,0.49145835638046265,0.48427194356918335,12.11766242980957,377.0,0.04008755087852478,12.584497451782227,62,,,,,,,,,,,,
,,103079,3.0,0.730200469493866,0.8215333223342896,0.5034288167953491,0.5382392406463623,0.4681490361690521,7.499009132385254,125.0,0.7033794522285461,8.932589530944824,62,,,,,,,,,,,,
,,103089,3.0,0.48280438780784607,0.833733320236206,0.5102883577346802,0.5768465995788574,0.4862894117832184,7.0067315101623535,189.0,3.0854179859161377,10.57495403289795,62,,,,,,,,,,,,
,,103099,3.0,0.5342676043510437,0.8016666769981384,0.497099906206131,0.4808458387851715,0.4610140919685364,12.252626419067383,285.0,0.6763871312141418,13.46328067779541,62,,,,,,,,,,,,
,,103109,3.0,0.47099944949150085,0.9016666412353516,0.5881567597389221,0.7827213406562805,0.6198635101318359,6.911984443664551,333.0,1.6707392930984497,9.053723335266113,62,,,,,,,,,,,,
,,103119,3.0,0.7284062504768372,0.8086666464805603,0.5010641813278198,0.5041204690933228,0.47868508100509644,7.934129238128662,260.0,5.139463901519775,13.802000045776367,62,,,,,,,,,,,,
,,103129,3.0,0.4395221769809723,0.8564000129699707,0.5126875042915344,0.6402422189712524,0.49164193868637085,8.406387329101562,139.0,2.7291371822357178,11.57504653930664,62,,,,,,,,,,,,
,,103139,3.0,0.6736287474632263,0.7835999727249146,0.4963393807411194,0.46356016397476196,0.4491499364376068,6.03321647644043,132.0,4.4121479988098145,11.118993759155273,62,,,,,,,,,,,,
,,103149,3.0,0.7693777084350586,0.7990000247955322,0.4918961822986603,0.4604768455028534,0.45874980092048645,7.2241411209106445,233.0,4.763539791107178,12.757059097290039,62,,,,,,,,,,,,
,,103159,3.0,0.4561919569969177,0.8515333533287048,0.5027961134910583,0.5198392271995544,0.4791984260082245,12.092080116271973,196.0,0.694696307182312,13.242968559265137,62,,,,,,,,,,,,
,,103169,3.0,0.4720079004764557,0.8014666438102722,0.5055684447288513,0.5365475416183472,0.4736144542694092,8.916386604309082,316.0,0.4877043664455414,9.8760986328125,62,,,,,,,,,,,,
,,103179,3.0,0.5208838582038879,0.8553333282470703,0.5259533524513245,0.628974437713623,0.51954585313797,5.693827152252197,260.0,6.6370744705200195,12.851785659790039,62,,,,,,,,,,,,
,,103189,3.0,0.4804166555404663,0.8604000210762024,0.5000106692314148,0.5000840425491333,0.4754289984703064,6.190635681152344,153.0,1.1625374555587769,7.833590030670166,62,,,,,,,,,,,,
,,103199,3.0,0.4615921974182129,0.8607333302497864,0.49886026978492737,0.489384263753891,0.4719178378582001,5.11631441116333,91.0,1.8093210458755493,7.387227535247803,62,,,,,,,,,,,,
,,103209,3.0,0.4683457612991333,0.8521999716758728,0.5040211081504822,0.5298800468444824,0.48071545362472534,6.651759624481201,94.0,1.0647656917572021,8.184870719909668,62,,,,,,,,,,,,
,,103219,3.0,0.6917348504066467,0.7734666466712952,0.5056700706481934,0.5714470148086548,0.45717403292655945,4.919061183929443,109.0,2.014000654220581,7.6247968673706055,62,,,,,,,,,,,,
,,103229,3.0,0.592984139919281,0.8325999975204468,0.5050161480903625,0.5253052711486816,0.4836622476577759,12.093491554260254,312.0,0.3657636046409607,13.052239418029785,62,,,,,,,,,,,,
,,103239,3.0,0.45593348145484924,0.8496000170707703,0.4963006377220154,0.48916006088256836,0.4828264117240906,8.317310333251953,396.0,0.3914341330528259,9.164677619934082,62,,,,,,,,,,,,
,,103249,3.0,0.555435061454773,0.8282666802406311,0.4931594133377075,0.4361046552658081,0.45571255683898926,8.21457290649414,158.0,0.0887596383690834,8.85876750946045,62,,,,,,,,,,,,
,,103259,3.0,0.5178910493850708,0.8408666849136353,0.4972817897796631,0.48381567001342773,0.47091275453567505,12.793721199035645,268.0,0.3408392071723938,13.652451515197754,62,,,,,,,,,,,,
,,103269,3.0,0.4932980537414551,0.8371333479881287,0.5015190839767456,0.541660487651825,0.46287667751312256,4.314951419830322,56.0,0.18196873366832733,4.990218162536621,62,,,,,,,,,,,,
,,103279,3.0,0.5050204396247864,0.8234666585922241,0.49009981751441956,0.4331815540790558,0.4545687139034271,5.788869380950928,234.0,5.595658779144287,11.889549255371094,62,,,,,,,,,,,,
,,103289,3.0,0.6386887431144714,0.7771999835968018,0.5027531981468201,0.5256516933441162,0.4579008221626282,6.5108747482299805,107.0,4.363095283508301,11.512659072875977,62,,,,,,,,,,,,
,,103299,3.0,0.8428723216056824,0.7697333097457886,0.4832208752632141,0.43320274353027344,0.4463365375995636,6.777129650115967,356.0,5.600167751312256,13.220169067382812,62,,,,,,,,,,,,
,,103309,3.0,0.58686763048172,0.8053333163261414,0.5019471645355225,0.5153942108154297,0.4662055969238281,12.23758602142334,217.0,0.3840389847755432,13.208492279052734,62,,,,,,,,,,,,
,,103319,3.0,0.567211389541626,0.8590666651725769,0.49912530183792114,0.4948001205921173,0.47714337706565857,8.019899368286133,169.0,2.044654369354248,10.631765365600586,62,,,,,,,,,,,,
,,103329,3.0,0.4842578172683716,0.8234666585922241,0.4995640516281128,0.4909939765930176,0.45750749111175537,4.152863502502441,66.0,0.49090299010276794,5.128024101257324,62,,,,,,,,,,,,
,,103339,3.0,0.4266185462474823,0.8438000082969666,0.4967115521430969,0.45674970746040344,0.4614261984825134,4.648986339569092,60.0,3.933833360671997,9.009438514709473,62,,,,,,,,,,,,
,,103349,3.0,0.5363028645515442,0.8220666646957397,0.4967513084411621,0.4741973876953125,0.46205827593803406,7.372793197631836,123.0,3.768903970718384,11.678000450134277,62,,,,,,,,,,,,
,,103359,3.0,0.7458581328392029,0.803600013256073,0.5001749396324158,0.5012606978416443,0.46457070112228394,6.620690822601318,148.0,2.398745059967041,9.765294075012207,62,,,,,,,,,,,,
,,103369,3.0,0.37547987699508667,0.8737999796867371,0.48746782541275024,0.45995035767555237,0.4710130989551544,7.175694942474365,305.0,10.28801441192627,17.839189529418945,62,,,,,,,,,,,,
,,103379,3.0,0.5589838027954102,0.8428000211715698,0.4936703145503998,0.4291267395019531,0.45776817202568054,7.0681023597717285,149.0,4.345293998718262,11.972379684448242,62,,,,,,,,,,,,
,,103389,3.0,0.3492191731929779,0.9228666424751282,0.5243769884109497,0.5491722822189331,0.5296592116355896,6.784582138061523,259.0,10.064151763916016,17.197952270507812,62,,,,,,,,,,,,
,,103399,3.0,0.4254043400287628,0.8528666496276855,0.49892473220825195,0.4836021661758423,0.46608033776283264,4.816694736480713,70.0,2.7752511501312256,8.017350196838379,62,,,,,,,,,,,,
,,103409,3.0,0.6197226047515869,0.8146666884422302,0.4909684658050537,0.4461228549480438,0.45629721879959106,5.627159118652344,156.0,4.562314987182617,10.809196472167969,62,,,,,,,,,,,,
,,103419,3.0,0.5491515398025513,0.8336666822433472,0.5063436031341553,0.5374149084091187,0.4834568202495575,6.5605902671813965,197.0,3.304218053817749,10.413959503173828,62,,,,,,,,,,,,
,,103429,3.0,0.6302329301834106,0.7978666424751282,0.4925310015678406,0.4505845308303833,0.4533623158931732,6.12325382232666,171.0,7.677026748657227,14.430513381958008,62,,,,,,,,,,,,
,,103439,3.0,0.5798883438110352,0.8376666903495789,0.5020877122879028,0.5059166550636292,0.4903107285499573,8.166961669921875,322.0,3.7366905212402344,12.483540534973145,62,,,,,,,,,,,,
,,103449,3.0,0.46718519926071167,0.8519333600997925,0.4952753484249115,0.47846153378486633,0.4739358127117157,6.8615593910217285,341.0,4.495831489562988,11.824575424194336,62,,,,,,,,,,,,
,,103459,3.0,0.4399338960647583,0.8371999859809875,0.5155377388000488,0.5439659357070923,0.5089437365531921,7.85419225692749,302.0,3.7541446685791016,12.048271179199219,62,,,,,,,,,,,,
,,103469,3.0,0.5645139813423157,0.8371333479881287,0.49706733226776123,0.4811413586139679,0.4687199294567108,16.188623428344727,243.0,1.2113827466964722,17.964519500732422,62,,,,,,,,,,,,
,,103479,3.0,0.45362117886543274,0.8344666957855225,0.5020701289176941,0.5090315341949463,0.4820527732372284,8.005654335021973,215.0,4.581005573272705,13.040281295776367,62,,,,,,,,,,,,
,,103489,3.0,0.8786434531211853,0.7662000060081482,0.4887136220932007,0.4387276768684387,0.44529807567596436,8.077210426330566,270.0,3.9499645233154297,12.905817985534668,62,,,,,,,,,,,,
,,103499,3.0,0.5881515145301819,0.8132666945457458,0.4946036636829376,0.4581618905067444,0.4571831524372101,5.373067855834961,135.0,2.3959412574768066,8.357160568237305,62,,,,,,,,,,,,
,,103509,3.0,0.7224961519241333,0.8149999976158142,0.491233766078949,0.4639756381511688,0.4642390310764313,8.372150421142578,297.0,4.087263584136963,13.181909561157227,62,,,,,,,,,,,,
,,103519,3.0,0.5464200973510742,0.81086665391922,0.49723511934280396,0.4254731237888336,0.44882190227508545,4.981966495513916,73.0,1.7734519243240356,7.301838397979736,62,,,,,,,,,,,,
,,103529,3.0,0.3232525587081909,0.877133309841156,0.4974735677242279,0.4874436855316162,0.47990861535072327,6.666872501373291,225.0,6.45836877822876,13.448493957519531,62,,,,,,,,,,,,
,,103539,3.0,0.4869113862514496,0.852733314037323,0.48954838514328003,0.44913244247436523,0.46427246928215027,6.6998467445373535,185.0,6.07700777053833,13.263765335083008,62,,,,,,,,,,,,
,,103549,3.0,0.5488978028297424,0.8471999764442444,0.504170298576355,0.5122290849685669,0.49365854263305664,8.728968620300293,364.0,6.512187957763672,15.790054321289062,62,,,,,,,,,,,,
,,103559,3.0,0.32833757996559143,0.8994666934013367,0.5017133951187134,0.5088490843772888,0.4895361363887787,4.855903625488281,97.0,1.4513390064239502,6.635580062866211,62,,,,,,,,,,,,
,,103569,3.0,0.4002825915813446,0.8669333457946777,0.5046058893203735,0.5243346691131592,0.4885408282279968,6.506680011749268,200.0,7.892174243927002,14.799137115478516,62,,,,,,,,,,,,
,,103579,3.0,0.4641459286212921,0.8528666496276855,0.49984338879585266,0.4992676079273224,0.4805869460105896,7.194377422332764,162.0,1.125331163406372,8.783854484558105,62,,,,,,,,,,,,
,,103589,3.0,0.5058528780937195,0.8445333242416382,0.5052260756492615,0.5610174536705017,0.47629961371421814,4.590797424316406,100.0,0.9529210925102234,6.0495710372924805,62,,,,,,,,,,,,
,,103599,3.0,0.5135418176651001,0.8363999724388123,0.49178820848464966,0.44795918464660645,0.46065616607666016,5.884389877319336,248.0,5.538183212280273,11.936115264892578,62,,,,,,,,,,,,
,,103609,3.0,0.599340558052063,0.8317999839782715,0.5003097057342529,0.5018543004989624,0.4737088680267334,5.633281707763672,140.0,5.304291248321533,11.53691291809082,62,,,,,,,,,,,,
,,103619,3.0,0.5482799410820007,0.8280666470527649,0.492603063583374,0.45856907963752747,0.46239742636680603,6.705838680267334,218.0,12.50713062286377,19.761249542236328,62,,,,,,,,,,,,
,,103629,3.0,0.44078728556632996,0.8577333092689514,0.4985918700695038,0.49196308851242065,0.4766186773777008,7.845425128936768,168.0,0.6901194453239441,8.97633171081543,62,,,,,,,,,,,,
,,103639,3.0,0.6216709017753601,0.8529999852180481,0.49892300367355347,0.49658870697021484,0.4855636656284332,10.922784805297852,251.0,0.7394553422927856,12.283910751342773,62,,,,,,,,,,,,
,,103649,3.0,0.48708096146583557,0.8547333478927612,0.5110861659049988,0.5420653820037842,0.5006709694862366,6.744067668914795,227.0,17.68427276611328,24.915420532226562,62,,,,,,,,,,,,
,,103659,3.0,0.5495586395263672,0.7949333190917969,0.5054244995117188,0.5362802743911743,0.4715578258037567,9.904043197631836,228.0,2.1350486278533936,12.588650703430176,62,,,,,,,,,,,,
,,103669,3.0,0.35060954093933105,0.9040666818618774,0.4948141276836395,0.4809218943119049,0.48298943042755127,6.056055545806885,225.0,12.198344230651855,18.605009078979492,62,,,,,,,,,,,,
,,103679,3.0,0.6246465444564819,0.7770666480064392,0.4982292056083679,0.48291444778442383,0.45072367787361145,5.902795314788818,131.0,7.722428798675537,14.249870300292969,62,,,,,,,,,,,,
,,103689,3.0,0.5284604430198669,0.8364666700363159,0.5030094981193542,0.5157442092895508,0.48079362511634827,7.237335205078125,215.0,2.3392229080200195,10.105018615722656,62,,,,,,,,,,,,
,,103699,3.0,0.5406978726387024,0.8248000144958496,0.4990210235118866,0.4876907169818878,0.46087902784347534,5.117070198059082,111.0,0.6971333622932434,6.3549017906188965,62,,,,,,,,,,,,
,,103709,3.0,0.5331096649169922,0.8355333209037781,0.5001970529556274,0.5015136003494263,0.4707734286785126,8.57602310180664,132.0,0.6682872772216797,9.777420043945312,62,,,,,,,,,,,,
,,103719,3.0,0.48998162150382996,0.8149999976158142,0.49771082401275635,0.456971675157547,0.4529273808002472,6.920787811279297,59.0,0.26340797543525696,7.674177646636963,62,,,,,,,,,,,,
,,103729,3.0,0.6314584612846375,0.8141999840736389,0.4982697069644928,0.4919530749320984,0.47179943323135376,13.189888000488281,258.0,0.7555623650550842,14.576909065246582,62,,,,,,,,,,,,
,,103739,3.0,0.4861087203025818,0.8206666707992554,0.5048269629478455,0.581671953201294,0.4664301872253418,9.122139930725098,114.0,0.18292422592639923,9.791172981262207,62,,,,,,,,,,,,
,,103749,3.0,0.5903767943382263,0.7991999983787537,0.5042778253555298,0.52676922082901,0.4720182418823242,5.773335933685303,159.0,6.362424850463867,12.726137161254883,62,,,,,,,,,,,,
,,103759,3.0,0.3341294527053833,0.8881333470344543,0.5042358040809631,0.5624068379402161,0.483669251203537,5.6303815841674805,70.0,0.29029130935668945,6.254802227020264,62,,,,,,,,,,,,
,,103769,3.0,0.44268175959587097,0.8774666786193848,0.504148006439209,0.51703941822052,0.4925633370876312,7.361032009124756,241.0,3.9527952671051025,11.756508827209473,62,,,,,,,,,,,,
,,103779,3.0,0.4220482409000397,0.8686666488647461,0.5066050887107849,0.5481781959533691,0.4884301722049713,7.193123817443848,177.0,6.651404857635498,14.266576766967773,62,,,,,,,,,,,,
,,103789,3.0,0.418595552444458,0.859666645526886,0.5003173351287842,0.5028910040855408,0.4742525517940521,7.116630554199219,118.0,0.8560004234313965,8.391225814819336,62,,,,,,,,,,,,
,,103799,3.0,0.43139129877090454,0.8507333397865295,0.4967544376850128,0.47791579365730286,0.4700978696346283,6.441736221313477,110.0,2.145679473876953,9.018806457519531,62,,,,,,,,,,,,
,,103809,3.0,0.49508851766586304,0.8434666395187378,0.5026239156723022,0.5163440704345703,0.478977769613266,9.408428192138672,178.0,1.3180415630340576,11.221558570861816,62,,,,,,,,,,,,
,,103819,3.0,0.6521047353744507,0.8212666511535645,0.4881497919559479,0.4636578857898712,0.46735432744026184,6.990942478179932,282.0,6.591492652893066,14.234539985656738,62,,,,,,,,,,,,
,,103829,3.0,0.6352991461753845,0.8585333228111267,0.48589009046554565,0.4639092683792114,0.4715881645679474,8.738177299499512,311.0,1.189249038696289,10.562725067138672,62,,,,,,,,,,,,
,,103839,3.0,0.46984267234802246,0.8564000129699707,0.5048339366912842,0.5331565141677856,0.4837871789932251,6.304725170135498,131.0,3.145442008972168,9.92000961303711,62,,,,,,,,,,,,
,,103849,3.0,0.4756837487220764,0.8411333560943604,0.5015732049942017,0.516562819480896,0.47062167525291443,6.845016956329346,93.0,1.7165045738220215,9.03720474243164,62,,,,,,,,,,,,
,,103859,3.0,0.5315929651260376,0.8582666516304016,0.50885009765625,0.5357494950294495,0.497043251991272,13.812113761901855,376.0,0.11388876289129257,14.457595825195312,62,,,,,,,,,,,,
,,103869,3.0,0.5673222541809082,0.8122666478157043,0.4875635504722595,0.418099045753479,0.44890642166137695,8.888681411743164,284.0,0.27649980783462524,9.732502937316895,62,,,,,,,,,,,,
,,103879,3.0,0.5636964440345764,0.8623999953269958,0.4952704906463623,0.48164287209510803,0.47801119089126587,7.52653169631958,238.0,9.129046440124512,17.219274520874023,62,,,,,,,,,,,,
,,103889,3.0,0.6277185678482056,0.8009333610534668,0.506205141544342,0.5540097951889038,0.4701295495033264,5.392698287963867,123.0,4.023271083831787,10.04368782043457,62,,,,,,,,,,,,
,,103899,3.0,0.7086288928985596,0.7934666872024536,0.5095048546791077,0.5630051493644714,0.47730395197868347,14.280119895935059,318.0,0.019667670130729675,15.008416175842285,62,,,,,,,,,,,,
,,103909,3.0,0.4342314898967743,0.8497333526611328,0.49722573161125183,0.46567174792289734,0.4641823470592499,4.507443428039551,78.0,0.8798043727874756,5.821478843688965,62,,,,,,,,,,,,
,,103919,3.0,0.5365923643112183,0.8434666395187378,0.4872164726257324,0.4509207308292389,0.4638054668903351,7.826877117156982,338.0,0.9222623109817505,9.285731315612793,62,,,,,,,,,,,,
,,103929,3.0,0.44771242141723633,0.8201333284378052,0.5065836310386658,0.5596194267272949,0.4750002920627594,10.31377124786377,207.0,0.15485988557338715,10.916343688964844,62,,,,,,,,,,,,
,,103939,3.0,0.45675399899482727,0.8540666699409485,0.49430567026138306,0.4744289219379425,0.47303780913352966,6.269933223724365,228.0,3.6951255798339844,10.421813011169434,62,,,,,,,,,,,,
,,103949,3.0,0.3823782801628113,0.8671333193778992,0.49765217304229736,0.46406179666519165,0.4673968553543091,4.215381145477295,46.0,0.11886237561702728,4.716621398925781,62,,,,,,,,,,,,
,,103959,3.0,0.7519200444221497,0.830133318901062,0.4915045201778412,0.46680182218551636,0.46794459223747253,6.531394004821777,220.0,6.235063552856445,13.518377304077148,62,,,,,,,,,,,,
,,103969,3.0,0.3380018472671509,0.9044666886329651,0.507938027381897,0.5260862708091736,0.5037694573402405,10.127057075500488,276.0,4.111875534057617,14.576934814453125,62,,,,,,,,,,,,
,,103979,3.0,0.34489738941192627,0.887333333492279,0.4927827715873718,0.4628556966781616,0.4736644923686981,8.456467628479004,224.0,0.21088074147701263,9.012245178222656,62,,,,,,,,,,,,
,,103989,3.0,0.39152294397354126,0.8715333342552185,0.5050657987594604,0.5626153349876404,0.48215585947036743,4.647114276885986,70.0,0.9651209712028503,6.003757953643799,62,,,,,,,,,,,,
,,103999,3.0,0.5133787393569946,0.8462666869163513,0.4942281246185303,0.4603888690471649,0.4651617109775543,9.254600524902344,152.0,1.1552529335021973,10.923233032226562,62,,,,,,,,,,,,
,,104009,3.0,0.46564555168151855,0.8773999810218811,0.4934232234954834,0.4563823938369751,0.47004103660583496,5.375176906585693,169.0,7.36303186416626,13.203853607177734,62,,,,,,,,,,,,
2.9423925067528905e-05,0.0002942392506752891,104012,,,,,,,,,,,,,,,,,,,,,,,
,,104019,3.0,0.5079333186149597,0.8490666747093201,0.4905480742454529,0.45035412907600403,0.46396613121032715,6.402045249938965,272.0,14.764935493469238,21.67491340637207,63,,,,,,,,,,,,
,,104029,3.0,0.5546674728393555,0.8471333384513855,0.4921266436576843,0.4648212492465973,0.46880078315734863,10.140762329101562,216.0,13.86180305480957,24.557231903076172,63,,,,,,,,,,,,
,,104039,3.0,0.4373643696308136,0.8832666873931885,0.5008236765861511,0.5021618008613586,0.4938657879829407,6.012216091156006,339.0,5.875667095184326,12.325247764587402,63,,,,,,,,,,,,
,,104049,3.0,0.7130464315414429,0.791266679763794,0.49503445625305176,0.4850956201553345,0.4738062620162964,9.313037872314453,365.0,3.00536847114563,13.031452178955078,63,,,,,,,,,,,,
,,104059,3.0,0.6132885217666626,0.8426666855812073,0.4980676770210266,0.49521735310554504,0.4876975119113922,10.492851257324219,375.0,3.7072839736938477,14.813424110412598,63,,,,,,,,,,,,
,,104069,3.0,0.3654599189758301,0.8820666670799255,0.5103381276130676,0.5623088479042053,0.4988130033016205,5.3152875900268555,106.0,5.489133834838867,11.169881820678711,63,,,,,,,,,,,,
,,104079,3.0,0.50690758228302,0.8507999777793884,0.5036509037017822,0.5134117007255554,0.48970964550971985,6.508790493011475,245.0,7.742799282073975,14.75849723815918,63,,,,,,,,,,,,
,,104089,3.0,0.4993959367275238,0.857200026512146,0.49402615427970886,0.4490993618965149,0.4643239676952362,8.62020492553711,188.0,0.5884431600570679,9.708044052124023,63,,,,,,,,,,,,
,,104099,3.0,0.6061829924583435,0.8148666620254517,0.5310518145561218,0.5855017900466919,0.5276150107383728,7.520895004272461,460.0,13.105369567871094,21.23244857788086,63,,,,,,,,,,,,
,,104109,3.0,0.3968655467033386,0.8631333112716675,0.49948999285697937,0.4946150779724121,0.4723063111305237,4.618903160095215,83.0,0.8848059177398682,5.900574684143066,63,,,,,,,,,,,,
,,104119,3.0,0.5761222839355469,0.7929999828338623,0.49989771842956543,0.4975265860557556,0.4485488533973694,4.331371784210205,42.0,0.48123160004615784,5.388725757598877,63,,,,,,,,,,,,
,,104129,3.0,0.31872960925102234,0.8667333126068115,0.49849918484687805,0.47054821252822876,0.46727314591407776,4.4924211502075195,48.0,0.20274567604064941,5.0138959884643555,63,,,,,,,,,,,,
,,104139,3.0,0.2680317759513855,0.9326666593551636,0.5099397897720337,0.5240434408187866,0.5105814337730408,6.0109100341796875,227.0,7.432394504547119,13.711336135864258,63,,,,,,,,,,,,
,,104149,3.0,0.5603131651878357,0.8032000064849854,0.48323753476142883,0.4449149966239929,0.45655107498168945,6.954790115356445,397.0,7.836047649383545,15.351150512695312,63,,,,,,,,,,,,
,,104159,3.0,0.39733588695526123,0.8455333113670349,0.4964729845523834,0.4736335873603821,0.4674026668071747,10.362297058105469,183.0,0.4891793131828308,11.248812675476074,63,,,,,,,,,,,,
,,104169,3.0,0.4129207730293274,0.8473333120346069,0.5078330636024475,0.6288030743598938,0.47865286469459534,4.5955400466918945,63.0,3.753037691116333,8.76149845123291,63,,,,,,,,,,,,
,,104179,3.0,0.4642164707183838,0.8269333243370056,0.49821072816848755,0.4890623092651367,0.46923211216926575,6.202507972717285,170.0,4.288666725158691,10.955390930175781,63,,,,,,,,,,,,
,,104189,3.0,0.4275307059288025,0.854533314704895,0.5027197599411011,0.5918732285499573,0.4688453674316406,3.5111823081970215,35.0,0.18645237386226654,4.1251654624938965,63,,,,,,,,,,,,
,,104199,3.0,0.4490879476070404,0.8552666902542114,0.501955509185791,0.5082067251205444,0.4857787787914276,7.269075870513916,225.0,5.4393815994262695,13.15754508972168,63,,,,,,,,,,,,
,,104209,3.0,0.6469932198524475,0.7867333292961121,0.4904114603996277,0.4509252905845642,0.453217089176178,7.261521816253662,194.0,28.771862030029297,36.68037796020508,63,,,,,,,,,,,,
,,104219,3.0,0.594718873500824,0.8505333065986633,0.486641526222229,0.4599021077156067,0.46874845027923584,7.1634321212768555,231.0,6.943839073181152,14.701990127563477,63,,,,,,,,,,,,
,,104229,3.0,0.6714974641799927,0.7994666695594788,0.5023424625396729,0.5169020891189575,0.4668235778808594,8.37778377532959,170.0,0.8972067832946777,9.946487426757812,63,,,,,,,,,,,,
,,104239,3.0,0.4506651759147644,0.8818666934967041,0.5123119950294495,0.5376394391059875,0.5084198117256165,7.254800319671631,194.0,2.755500078201294,10.460965156555176,63,,,,,,,,,,,,
,,104249,3.0,0.39459583163261414,0.8587333559989929,0.5042276978492737,0.5377568006515503,0.4805150032043457,5.708516597747803,139.0,2.153350830078125,8.256463050842285,63,,,,,,,,,,,,
,,104259,3.0,0.42441877722740173,0.8821333050727844,0.49982598423957825,0.499108225107193,0.48397666215896606,7.976189136505127,177.0,2.0075671672821045,10.408175468444824,63,,,,,,,,,,,,
,,104269,3.0,0.45239514112472534,0.8342000246047974,0.49651315808296204,0.4711914658546448,0.4638076424598694,6.931582927703857,138.0,1.028794288635254,8.412772178649902,63,,,,,,,,,,,,
,,104279,3.0,0.4097655415534973,0.850600004196167,0.4991450011730194,0.4809648394584656,0.4635925889015198,4.261136054992676,48.0,1.398054838180542,6.06895637512207,63,,,,,,,,,,,,
,,104289,3.0,0.48021847009658813,0.817466676235199,0.5038585662841797,0.5322166681289673,0.4712173044681549,14.028676986694336,169.0,0.4077029824256897,14.91659927368164,63,,,,,,,,,,,,
,,104299,3.0,0.7328367233276367,0.7786666750907898,0.5049980282783508,0.5261427164077759,0.4719506800174713,6.526350498199463,189.0,7.242197036743164,14.501384735107422,63,,,,,,,,,,,,
,,104309,3.0,0.3846319317817688,0.8497333526611328,0.5013242363929749,0.5160268545150757,0.4710007905960083,9.461095809936523,107.0,0.040895015001297,9.88662338256836,63,,,,,,,,,,,,
,,104319,3.0,0.6911993026733398,0.794866681098938,0.48761075735092163,0.42682528495788574,0.44761958718299866,6.914541721343994,307.0,11.23065185546875,18.836393356323242,63,,,,,,,,,,,,
,,104329,3.0,0.7214780449867249,0.7678666710853577,0.49675700068473816,0.48921236395835876,0.4698941111564636,9.645230293273926,485.0,0.6077340245246887,10.974442481994629,63,,,,,,,,,,,,
,,104339,3.0,0.4722568988800049,0.8329333066940308,0.4995778799057007,0.4814048409461975,0.45678937435150146,3.6973447799682617,33.0,0.1867218017578125,4.3563232421875,63,,,,,,,,,,,,
,,104349,3.0,0.3079862594604492,0.8871999979019165,0.507969081401825,0.6137915253639221,0.48990416526794434,4.30896520614624,55.0,0.7411023378372192,5.358053684234619,63,,,,,,,,,,,,
,,104359,3.0,0.5733364224433899,0.7983999848365784,0.5080300569534302,0.5696512460708618,0.4722435474395752,8.200376510620117,190.0,16.244421005249023,25.01813507080078,63,,,,,,,,,,,,
,,104369,3.0,0.5946919322013855,0.8004000186920166,0.49938493967056274,0.49645841121673584,0.466614693403244,9.24807071685791,204.0,2.377894401550293,12.220657348632812,63,,,,,,,,,,,,
,,104379,3.0,0.48537230491638184,0.8496000170707703,0.5010752081871033,0.5137503147125244,0.4701104462146759,4.491128921508789,85.0,4.366703033447266,9.343204498291016,63,,,,,,,,,,,,
,,104389,3.0,0.6233354210853577,0.7892000079154968,0.5013812184333801,0.5198540091514587,0.4538450241088867,5.192415237426758,102.0,5.404516220092773,11.220266342163086,63,,,,,,,,,,,,
,,104399,3.0,0.4696718156337738,0.8499333262443542,0.5069799423217773,0.516986608505249,0.5006874203681946,7.30600118637085,342.0,5.387842178344727,13.163515090942383,63,,,,,,,,,,,,
,,104409,3.0,0.3691766858100891,0.8757333159446716,0.49215167760849,0.44894325733184814,0.46794113516807556,8.860664367675781,192.0,0.6888259053230286,9.91866683959961,63,,,,,,,,,,,,
,,104419,3.0,0.4824325740337372,0.8706666827201843,0.49165505170822144,0.47278615832328796,0.4764656126499176,7.926098823547363,281.0,1.0157833099365234,9.424314498901367,63,,,,,,,,,,,,
,,104429,3.0,0.5824224352836609,0.8046000003814697,0.4946720004081726,0.461313396692276,0.4564167261123657,9.104619026184082,146.0,3.936857223510742,13.62389850616455,63,,,,,,,,,,,,
,,104439,3.0,0.39816465973854065,0.8682666420936584,0.5129654407501221,0.5783167481422424,0.5002665519714355,11.665968894958496,251.0,0.5725017786026001,12.636635780334473,63,,,,,,,,,,,,
,,104449,3.0,0.6092599630355835,0.8065333366394043,0.49755948781967163,0.4824163317680359,0.4613152742385864,12.239830017089844,201.0,1.184494137763977,14.033583641052246,63,,,,,,,,,,,,
,,104459,3.0,0.5237354040145874,0.8310666680335999,0.49788978695869446,0.43265947699546814,0.4546515643596649,3.9719176292419434,47.0,0.08783578872680664,4.583488941192627,63,,,,,,,,,,,,
,,104469,3.0,0.42898690700531006,0.8722666501998901,0.5008129477500916,0.5029104351997375,0.4886842966079712,7.072646617889404,296.0,4.168648719787598,11.670282363891602,63,,,,,,,,,,,,
,,104479,3.0,0.39621418714523315,0.8712666630744934,0.4963921308517456,0.48623454570770264,0.48108088970184326,6.9726433753967285,200.0,1.535018801689148,8.903876304626465,63,,,,,,,,,,,,
,,104489,3.0,0.5048875212669373,0.8421333432197571,0.4981299340724945,0.4889606833457947,0.47258123755455017,8.03826904296875,190.0,2.568491220474243,11.111647605895996,63,,,,,,,,,,,,
,,104499,3.0,0.5276502370834351,0.8428666591644287,0.515678346157074,0.5884369611740112,0.5000619292259216,6.810642242431641,170.0,3.8215386867523193,11.159831047058105,63,,,,,,,,,,,,
,,104509,3.0,0.602448046207428,0.8702666759490967,0.5021212697029114,0.5033179521560669,0.5004720091819763,7.625688552856445,355.0,13.66540241241455,21.893539428710938,63,,,,,,,,,,,,
,,104519,3.0,0.30368730425834656,0.8909333348274231,0.5255977511405945,0.6249536871910095,0.5259047746658325,10.470218658447266,182.0,0.39693325757980347,11.170839309692383,63,,,,,,,,,,,,
,,104529,3.0,0.46215882897377014,0.862933337688446,0.5011124610900879,0.5435417294502258,0.4680027365684509,3.293966054916382,23.0,1.7533854246139526,5.509510517120361,63,,,,,,,,,,,,
,,104539,3.0,0.7500594854354858,0.8016666769981384,0.48451942205429077,0.4193170964717865,0.44694262742996216,5.969429016113281,188.0,9.977145195007324,16.69663429260254,63,,,,,,,,,,,,
,,104549,3.0,0.5557689070701599,0.8240000009536743,0.500181257724762,0.5012165307998657,0.4701734185218811,16.35488510131836,254.0,0.5375194549560547,17.44817352294922,63,,,,,,,,,,,,
,,104559,3.0,0.38339805603027344,0.879800021648407,0.5141557455062866,0.5732351541519165,0.505789041519165,5.737051486968994,145.0,7.846920490264893,13.96737003326416,63,,,,,,,,,,,,
,,104569,3.0,0.5542429089546204,0.8393999934196472,0.49950793385505676,0.4975547790527344,0.47687169909477234,6.501636028289795,186.0,5.406035900115967,12.461915016174316,63,,,,,,,,,,,,
,,104579,3.0,0.6228817701339722,0.8289999961853027,0.4869554042816162,0.4682321846485138,0.4718438386917114,7.444786548614502,324.0,2.2766661643981934,10.34433364868164,63,,,,,,,,,,,,
,,104589,3.0,0.46156755089759827,0.8395333290100098,0.5121905207633972,0.6036826968193054,0.48909756541252136,6.972787857055664,127.0,1.8008997440338135,9.235255241394043,63,,,,,,,,,,,,
,,104599,3.0,0.5455576777458191,0.8581333160400391,0.4975282549858093,0.49498260021209717,0.4912608861923218,7.708499431610107,311.0,5.4394049644470215,13.693462371826172,63,,,,,,,,,,,,
,,104609,3.0,0.28687694668769836,0.8981999754905701,0.5033534169197083,0.5264263153076172,0.48837795853614807,5.559067726135254,95.0,1.977200984954834,7.823145866394043,63,,,,,,,,,,,,
,,104619,3.0,0.505007266998291,0.8300666809082031,0.5099840760231018,0.5771629810333252,0.4845440089702606,7.619511127471924,146.0,1.454064130783081,9.578582763671875,63,,,,,,,,,,,,
,,104629,3.0,0.3783678412437439,0.8661999702453613,0.516228199005127,0.6149742007255554,0.5033977627754211,7.850740432739258,173.0,0.3512095808982849,8.580317497253418,63,,,,,,,,,,,,
,,104639,3.0,0.5400938391685486,0.826200008392334,0.4925433397293091,0.4517461657524109,0.45953211188316345,7.806337833404541,166.0,4.574467182159424,12.9208984375,63,,,,,,,,,,,,
,,104649,3.0,0.47951236367225647,0.8641999959945679,0.48558521270751953,0.454214483499527,0.4674527645111084,6.999326705932617,371.0,3.9129254817962646,11.391764640808105,63,,,,,,,,,,,,
,,104659,3.0,0.8105268478393555,0.7959333062171936,0.5175751447677612,0.5527833700180054,0.5050823092460632,9.340028762817383,456.0,5.085453510284424,15.23600959777832,63,,,,,,,,,,,,
,,104669,3.0,0.5679227113723755,0.8361333608627319,0.5008634924888611,0.5056873559951782,0.4740152359008789,8.011286735534668,187.0,1.3821606636047363,9.961370468139648,63,,,,,,,,,,,,
,,104679,3.0,0.6158148646354675,0.7887333035469055,0.4999591112136841,0.49923262000083923,0.44920337200164795,4.95927095413208,60.0,1.3095390796661377,6.884624481201172,63,,,,,,,,,,,,
,,104689,3.0,0.3919992446899414,0.8600000143051147,0.5035697221755981,0.5523570775985718,0.47572556138038635,14.832374572753906,90.0,0.23768161237239838,15.462055206298828,63,,,,,,,,,,,,
,,104699,3.0,0.3142116069793701,0.884066641330719,0.501853883266449,0.5244300365447998,0.4793348014354706,4.384701251983643,54.0,3.1843745708465576,7.88328742980957,63,,,,,,,,,,,,
,,104709,3.0,0.5441670417785645,0.8371333479881287,0.5012831687927246,0.5087239146232605,0.4744237959384918,8.26596736907959,153.0,1.558628797531128,10.36876392364502,63,,,,,,,,,,,,
,,104719,3.0,0.5278012156486511,0.8361999988555908,0.5076181292533875,0.5433586239814758,0.4864155948162079,6.521515846252441,197.0,4.137515544891357,11.186832427978516,63,,,,,,,,,,,,
,,104729,3.0,0.5606184005737305,0.8338000178337097,0.5093407034873962,0.534945547580719,0.4951995313167572,9.468791007995605,294.0,3.483414649963379,13.512824058532715,63,,,,,,,,,,,,
,,104739,3.0,0.6587652564048767,0.8080000281333923,0.4908748269081116,0.4535350203514099,0.45797473192214966,10.099393844604492,338.0,0.1481379270553589,10.906296730041504,63,,,,,,,,,,,,
,,104749,3.0,0.32636627554893494,0.8921999931335449,0.4967118501663208,0.47600075602531433,0.4770011305809021,6.019560813903809,83.0,1.664945363998413,8.010872840881348,63,,,,,,,,,,,,
,,104759,3.0,0.5978938341140747,0.8048666715621948,0.4882623553276062,0.4232791066169739,0.44862881302833557,6.702339172363281,208.0,11.463778495788574,18.76401138305664,63,,,,,,,,,,,,
,,104769,3.0,0.38711947202682495,0.8736666440963745,0.49764928221702576,0.4867805242538452,0.47808143496513367,8.060993194580078,174.0,1.7036043405532837,10.151717185974121,63,,,,,,,,,,,,
,,104779,3.0,0.4425683319568634,0.8591333627700806,0.4939974546432495,0.4602448642253876,0.4676976799964905,11.809794425964355,178.0,1.0152088403701782,13.267572402954102,63,,,,,,,,,,,,
,,104789,3.0,0.5171973705291748,0.8521999716758728,0.5095497369766235,0.5473803877830505,0.4943038821220398,6.078782558441162,156.0,7.238728046417236,13.834707260131836,63,,,,,,,,,,,,
,,104799,3.0,0.7343440651893616,0.8050000071525574,0.4949505627155304,0.4826720356941223,0.4721999764442444,6.285262107849121,237.0,12.8368558883667,19.856462478637695,63,,,,,,,,,,,,
,,104809,3.0,0.7546259164810181,0.8026666641235352,0.4834415912628174,0.42964968085289,0.4502221941947937,8.6847505569458,313.0,2.0256831645965576,11.465060234069824,63,,,,,,,,,,,,
,,104819,3.0,0.651803731918335,0.8339333534240723,0.4987746775150299,0.4920201301574707,0.47052323818206787,6.675708770751953,191.0,2.5000698566436768,9.827582359313965,63,,,,,,,,,,,,
,,104829,3.0,0.6496767997741699,0.7858666777610779,0.4947272837162018,0.4575992822647095,0.4505549371242523,5.350010871887207,126.0,2.826436996459961,8.82612419128418,63,,,,,,,,,,,,
,,104839,3.0,0.5505797266960144,0.8254666924476624,0.4987488389015198,0.49399372935295105,0.4738982319831848,6.546876907348633,246.0,7.262718200683594,14.360174179077148,63,,,,,,,,,,,,
,,104849,3.0,0.40096497535705566,0.8687999844551086,0.49901965260505676,0.4867391288280487,0.4708912670612335,4.286243915557861,69.0,0.29741477966308594,4.984623908996582,63,,,,,,,,,,,,
,,104859,3.0,0.557788610458374,0.833466649055481,0.5009487271308899,0.5033561587333679,0.4840666651725769,8.686424255371094,303.0,0.6917340159416199,9.93594741821289,63,,,,,,,,,,,,
,,104869,3.0,0.4423961043357849,0.8630666732788086,0.5086255669593811,0.5770828723907471,0.4885212182998657,9.210186004638672,99.0,1.8319214582443237,11.484503746032715,63,,,,,,,,,,,,
,,104879,3.0,0.47756484150886536,0.8697333335876465,0.5266422629356384,0.5821218490600586,0.527480959892273,10.840913772583008,260.0,3.8732693195343018,15.191747665405273,63,,,,,,,,,,,,
,,104889,3.0,0.5173783898353577,0.8450666666030884,0.4947711229324341,0.48136281967163086,0.476518452167511,6.0222344398498535,204.0,8.14554500579834,14.685157775878906,63,,,,,,,,,,,,
,,104899,3.0,0.5161710381507874,0.8831999897956848,0.5014484524726868,0.5114917159080505,0.4822694957256317,5.824929237365723,80.0,4.978662967681885,11.31976318359375,63,,,,,,,,,,,,
,,104909,3.0,0.3605225384235382,0.8952666521072388,0.5027802586555481,0.529523491859436,0.48474550247192383,4.6274094581604,70.0,1.5883662700653076,6.576298713684082,63,,,,,,,,,,,,
,,104919,3.0,0.5850608944892883,0.8355333209037781,0.492075115442276,0.45607152581214905,0.4631116986274719,9.414685249328613,160.0,20.469757080078125,30.46950340270996,63,,,,,,,,,,,,
,,104929,3.0,0.4605294466018677,0.8456000089645386,0.5115206241607666,0.5598793625831604,0.49542471766471863,11.770280838012695,310.0,0.36134976148605347,12.59216022491455,63,,,,,,,,,,,,
,,104939,3.0,0.404458612203598,0.8918666839599609,0.5174902677536011,0.5557489991188049,0.5166610479354858,10.526525497436523,306.0,0.2583627998828888,11.189347267150879,63,,,,,,,,,,,,
,,104949,3.0,0.6747047305107117,0.8083333373069763,0.4932774305343628,0.4689670503139496,0.4636152386665344,7.24628210067749,239.0,12.798986434936523,20.719972610473633,63,,,,,,,,,,,,
,,104959,3.0,0.5399187207221985,0.8136000037193298,0.5124686360359192,0.5586538314819336,0.4921266734600067,7.342878341674805,225.0,8.707573890686035,16.590370178222656,63,,,,,,,,,,,,
,,104969,3.0,0.3389207422733307,0.872866690158844,0.5026313066482544,0.5389187335968018,0.47728219628334045,8.240683555603027,84.0,0.6499466896057129,9.229551315307617,63,,,,,,,,,,,,
,,104979,3.0,0.4057821035385132,0.8772000074386597,0.5000787973403931,0.5008983612060547,0.47579237818717957,4.597698211669922,87.0,3.042415142059326,8.04589557647705,63,,,,,,,,,,,,
,,104989,3.0,0.58025723695755,0.8452000021934509,0.496595561504364,0.4465298056602478,0.460182249546051,4.688644886016846,80.0,0.90970379114151,6.178606033325195,63,,,,,,,,,,,,
,,104999,3.0,0.33741387724876404,0.8790000081062317,0.5042994618415833,0.5373549461364746,0.48527029156684875,4.697420120239258,96.0,1.947603464126587,6.9824371337890625,63,,,,,,,,,,,,
,,105009,3.0,0.5320926904678345,0.8704666495323181,0.5116405487060547,0.5231200456619263,0.5105237364768982,10.880232810974121,341.0,0.4879269301891327,11.900252342224121,63,,,,,,,,,,,,
,,105019,3.0,0.5078508257865906,0.8281333446502686,0.49569302797317505,0.4563407599925995,0.4586939811706543,5.244209289550781,92.0,1.805168867111206,7.557229042053223,63,,,,,,,,,,,,
,,105029,3.0,0.5387476682662964,0.8360000252723694,0.49156254529953003,0.4760752320289612,0.47544920444488525,8.503734588623047,408.0,0.957221508026123,9.999704360961914,63,,,,,,,,,,,,
,,105039,3.0,0.6575950384140015,0.7797999978065491,0.4889101982116699,0.4427202045917511,0.4494929015636444,8.76650619506836,328.0,1.3434866666793823,10.767587661743164,63,,,,,,,,,,,,
,,105049,3.0,0.96501225233078,0.7878666520118713,0.49816396832466125,0.4924132823944092,0.4695228338241577,7.040558338165283,303.0,4.712033271789551,12.71760368347168,63,,,,,,,,,,,,
,,105059,3.0,0.5881479382514954,0.8414666652679443,0.49493739008903503,0.45620766282081604,0.4623216986656189,8.867352485656738,188.0,0.14989547431468964,9.605396270751953,63,,,,,,,,,,,,
,,105069,3.0,0.31480303406715393,0.9038000106811523,0.5262061357498169,0.5703799724578857,0.5311166644096375,7.6322503089904785,332.0,23.51484489440918,31.461898803710938,63,,,,,,,,,,,,
,,105079,3.0,0.38313525915145874,0.8791999816894531,0.4959258437156677,0.48370468616485596,0.480707049369812,6.844516754150391,193.0,3.7377188205718994,10.965371131896973,63,,,,,,,,,,,,
,,105089,3.0,0.33446478843688965,0.890333354473114,0.49871641397476196,0.48396119475364685,0.4757927656173706,4.554378986358643,48.0,0.695717990398407,5.584561347961426,63,,,,,,,,,,,,
,,105099,3.0,0.39865002036094666,0.8478000164031982,0.495880663394928,0.46331003308296204,0.46483221650123596,7.293225288391113,159.0,1.8659169673919678,9.557792663574219,63,,,,,,,,,,,,
,,105109,3.0,0.5060176849365234,0.8541333079338074,0.4927888810634613,0.47308072447776794,0.4739246070384979,8.746337890625,291.0,0.4385690987110138,9.690924644470215,63,,,,,,,,,,,,
,,105119,3.0,0.4351474642753601,0.8744000196456909,0.5281619429588318,0.5943607687950134,0.5296509265899658,9.415016174316406,245.0,1.9342588186264038,11.784421920776367,63,,,,,,,,,,,,
,,105129,3.0,0.47499963641166687,0.8216666579246521,0.5053175091743469,0.5530834794044495,0.4723031520843506,7.284728050231934,148.0,0.6505090594291687,8.410236358642578,63,,,,,,,,,,,,
,,105139,3.0,0.37714388966560364,0.856333315372467,0.4998086988925934,0.4865022599697113,0.4626835584640503,2.497760772705078,9.0,0.00459955632686615,2.8795042037963867,63,,,,,,,,,,,,
,,105149,3.0,0.5206084251403809,0.8047333359718323,0.5002182126045227,0.5037073493003845,0.4548446834087372,6.085883617401123,77.0,0.6914383769035339,7.2979302406311035,63,,,,,,,,,,,,
,,105159,3.0,0.5297448039054871,0.838866651058197,0.49243849515914917,0.4609658718109131,0.46545180678367615,6.304630279541016,245.0,2.4799609184265137,9.314335823059082,63,,,,,,,,,,,,
,,105169,3.0,0.47849106788635254,0.833733320236206,0.5011633634567261,0.5097222328186035,0.4708172678947449,11.006075859069824,156.0,0.25960633158683777,11.744173049926758,63,,,,,,,,,,,,
,,105179,3.0,0.4557684361934662,0.8567333221435547,0.4936652183532715,0.4416811466217041,0.46280351281166077,5.16987943649292,127.0,1.754704236984253,7.380352020263672,63,,,,,,,,,,,,
,,105189,3.0,0.4636552631855011,0.840666651725769,0.497332364320755,0.45118919014930725,0.45919767022132874,4.0724897384643555,59.0,0.195257768034935,4.73140287399292,63,,,,,,,,,,,,
,,105199,3.0,0.3246311545372009,0.8935999870300293,0.4989767372608185,0.4855557382106781,0.4762393534183502,4.73124885559082,36.0,1.0621815919876099,6.118061542510986,63,,,,,,,,,,,,
,,105209,3.0,0.6823360919952393,0.7993999719619751,0.49274489283561707,0.469620019197464,0.46348869800567627,9.079479217529297,286.0,5.170582294464111,14.932397842407227,63,,,,,,,,,,,,
,,105219,3.0,0.38891005516052246,0.8622666597366333,0.5044423341751099,0.5588512420654297,0.47841084003448486,5.6056694984436035,75.0,0.1217886283993721,6.116367816925049,63,,,,,,,,,,,,
,,105229,3.0,0.6967460513114929,0.7950666546821594,0.49074921011924744,0.46182969212532043,0.46025609970092773,8.163734436035156,325.0,3.5359017848968506,12.396382331848145,63,,,,,,,,,,,,
,,105239,3.0,0.6117423176765442,0.8103333115577698,0.49041539430618286,0.4198685586452484,0.44900211691856384,8.88085651397705,214.0,0.41749903559684753,9.910097122192383,63,,,,,,,,,,,,
,,105249,3.0,0.5926880240440369,0.8475333452224731,0.48700588941574097,0.4529463052749634,0.46516695618629456,6.069381237030029,310.0,3.171593427658081,9.833662986755371,63,,,,,,,,,,,,
,,105259,3.0,0.424674928188324,0.875333309173584,0.4952172040939331,0.48224595189094543,0.4802274703979492,9.08375072479248,269.0,0.6212234497070312,10.12964916229248,63,,,,,,,,,,,,
,,105269,3.0,0.3952978253364563,0.8614000082015991,0.5047443509101868,0.5365738868713379,0.4833964407444,5.504499435424805,162.0,4.906266689300537,10.80606460571289,63,,,,,,,,,,,,
,,105279,3.0,0.5476115345954895,0.864466667175293,0.5189255475997925,0.532356858253479,0.520390510559082,8.201028823852539,456.0,12.503206253051758,21.251846313476562,63,,,,,,,,,,,,
,,105289,3.0,0.5829468369483948,0.8625333309173584,0.49819350242614746,0.49476397037506104,0.4869663417339325,6.403280258178711,203.0,9.897053718566895,16.883281707763672,63,,,,,,,,,,,,
,,105299,3.0,0.39492467045783997,0.8403333425521851,0.502684473991394,0.5828307271003723,0.4651712477207184,3.8761422634124756,23.0,0.7247563004493713,4.995823383331299,63,,,,,,,,,,,,
,,105309,3.0,0.5963078141212463,0.8122666478157043,0.49643078446388245,0.43402788043022156,0.4503035843372345,5.160942077636719,94.0,0.1673303246498108,5.924580097198486,63,,,,,,,,,,,,
,,105319,3.0,0.6255389451980591,0.8307999968528748,0.5024438500404358,0.5163670182228088,0.4750913083553314,7.543292999267578,108.0,8.877020835876465,17.045852661132812,63,,,,,,,,,,,,
,,105329,3.0,0.47846347093582153,0.8465999960899353,0.49837616086006165,0.49169760942459106,0.47594794631004333,8.723288536071777,236.0,1.5036691427230835,10.70542049407959,63,,,,,,,,,,,,
,,105339,3.0,0.3474123775959015,0.8690000176429749,0.4995383024215698,0.4963339567184448,0.47633400559425354,4.662403583526611,77.0,0.7372802495956421,5.747096538543701,63,,,,,,,,,,,,
,,105349,3.0,0.5055673718452454,0.8149999976158142,0.5012045502662659,0.5117681622505188,0.46457359194755554,5.19452428817749,113.0,2.3241398334503174,8.024231910705566,63,,,,,,,,,,,,
,,105359,3.0,0.4876479506492615,0.8356000185012817,0.49769312143325806,0.4515398442745209,0.4576207995414734,4.114159107208252,55.0,1.4032834768295288,6.005090713500977,63,,,,,,,,,,,,
,,105369,3.0,0.5901379585266113,0.8126000165939331,0.5021748542785645,0.5184932351112366,0.46725088357925415,6.006648063659668,101.0,6.110552787780762,12.707338333129883,63,,,,,,,,,,,,
,,105379,3.0,0.5262504816055298,0.8366000056266785,0.5067585706710815,0.5461552143096924,0.482666552066803,10.26308536529541,170.0,1.1791867017745972,11.968523025512695,63,,,,,,,,,,,,
,,105389,3.0,0.5578937530517578,0.8274666666984558,0.500657320022583,0.5042228698730469,0.4722844958305359,5.947683334350586,160.0,3.220787763595581,9.726365089416504,63,,,,,,,,,,,,
,,105399,3.0,0.35551369190216064,0.8711333274841309,0.5135019421577454,0.619650661945343,0.49826300144195557,9.910405158996582,132.0,0.35793381929397583,10.623852729797363,63,,,,,,,,,,,,
,,105409,3.0,0.3665121793746948,0.8625333309173584,0.5069617629051208,0.592773973941803,0.48255687952041626,5.283166885375977,81.0,3.2903294563293457,8.940008163452148,63,,,,,,,,,,,,
,,105419,3.0,0.41620686650276184,0.8403333425521851,0.4994455873966217,0.4888201653957367,0.461948961019516,4.488954067230225,53.0,1.0942133665084839,5.9993743896484375,63,,,,,,,,,,,,
,,105429,3.0,0.5941190123558044,0.8449333310127258,0.5049271583557129,0.5162714719772339,0.4925090968608856,10.860918998718262,266.0,5.590957164764404,17.045995712280273,63,,,,,,,,,,,,
,,105439,3.0,0.3946520686149597,0.8465999960899353,0.5014033317565918,0.5225508809089661,0.4681948721408844,4.729738712310791,52.0,0.699294924736023,5.823685646057129,63,,,,,,,,,,,,
,,105449,3.0,0.665626049041748,0.7766000032424927,0.4988713264465332,0.48854565620422363,0.45082494616508484,6.172245979309082,89.0,7.03886079788208,13.87673282623291,63,,,,,,,,,,,,
,,105459,3.0,0.33892160654067993,0.8858000040054321,0.5024198889732361,0.5274312496185303,0.48164185881614685,5.028298854827881,63.0,1.3055323362350464,6.672752857208252,63,,,,,,,,,,,,
,,105469,3.0,0.5504925847053528,0.8282666802406311,0.49945008754730225,0.49006569385528564,0.45948895812034607,5.69211483001709,62.0,1.6943185329437256,7.936925888061523,63,,,,,,,,,,,,
,,105479,3.0,0.5704650282859802,0.8505333065986633,0.5015583038330078,0.5048964023590088,0.489189475774765,7.843191623687744,254.0,1.7321308851242065,10.145787239074707,63,,,,,,,,,,,,
,,105489,3.0,0.6506037712097168,0.831333339214325,0.4950009882450104,0.4788716435432434,0.4717032313346863,7.105443954467773,233.0,2.829146146774292,10.585193634033203,63,,,,,,,,,,,,
,,105499,3.0,0.6198510527610779,0.7936000227928162,0.5014054775238037,0.519412636756897,0.4554894268512726,5.042548179626465,111.0,0.3278876543045044,5.990286827087402,63,,,,,,,,,,,,
,,105509,3.0,0.38004037737846375,0.8655333518981934,0.4944191873073578,0.4624136686325073,0.4693267345428467,8.300677299499512,136.0,3.278163433074951,11.958881378173828,63,,,,,,,,,,,,
,,105519,3.0,0.3360368609428406,0.8917333483695984,0.5188563466072083,0.615454375743866,0.514022946357727,8.472179412841797,171.0,0.5429732799530029,9.351189613342285,63,,,,,,,,,,,,
,,105529,3.0,0.6491386890411377,0.8033999800682068,0.4942437410354614,0.43938112258911133,0.4501380920410156,6.218666076660156,127.0,1.8982007503509521,8.766005516052246,63,,,,,,,,,,,,
,,105539,3.0,0.724564790725708,0.7810666561126709,0.49900245666503906,0.48205041885375977,0.44592195749282837,4.415259838104248,54.0,0.9997056722640991,6.139530658721924,63,,,,,,,,,,,,
,,105549,3.0,0.3802267611026764,0.8677999973297119,0.5070886611938477,0.5521150827407837,0.48894190788269043,6.997538089752197,114.0,1.398969292640686,8.776734352111816,63,,,,,,,,,,,,
,,105559,3.0,0.624274730682373,0.8263333439826965,0.4897056818008423,0.4728800654411316,0.4735683500766754,11.09591007232666,371.0,0.1276368647813797,11.847821235656738,63,,,,,,,,,,,,
,,105569,3.0,0.560267448425293,0.8469333052635193,0.5023949146270752,0.50873202085495,0.48747068643569946,7.258510112762451,292.0,2.619631290435791,10.438408851623535,63,,,,,,,,,,,,
,,105579,3.0,0.5657905340194702,0.8105999827384949,0.5110563635826111,0.5399514436721802,0.49458399415016174,9.592913627624512,514.0,8.562232971191406,18.720935821533203,63,,,,,,,,,,,,
,,105589,3.0,0.5728924870491028,0.7888666391372681,0.5029041171073914,0.524383008480072,0.46269840002059937,9.34012508392334,246.0,2.9021201133728027,12.81513786315918,63,,,,,,,,,,,,
,,105599,3.0,0.6764313578605652,0.8203999996185303,0.48952147364616394,0.443930447101593,0.45719847083091736,6.3696417808532715,224.0,1.3437408208847046,8.389813423156738,63,,,,,,,,,,,,
,,105609,3.0,0.4080962538719177,0.8734666705131531,0.5057714581489563,0.5256618857383728,0.4934878945350647,7.620517253875732,141.0,9.521871566772461,17.55048370361328,63,,,,,,,,,,,,
,,105619,3.0,0.4990231990814209,0.8190000057220459,0.4958218038082123,0.4716750979423523,0.4623401165008545,5.63455867767334,194.0,6.179642200469971,12.313224792480469,63,,,,,,,,,,,,
,,105629,3.0,0.5500444173812866,0.8253999948501587,0.49813881516456604,0.4836762547492981,0.46362918615341187,7.650811195373535,114.0,0.85501629114151,9.055871963500977,63,,,,,,,,,,,,
,,105639,3.0,0.42854878306388855,0.8713333606719971,0.5234560370445251,0.566028892993927,0.5238596796989441,6.234160900115967,227.0,19.134029388427734,25.79673957824707,63,,,,,,,,,,,,
,,105649,3.0,0.6418529152870178,0.8348666429519653,0.5036463737487793,0.521877646446228,0.47935914993286133,6.081976890563965,179.0,4.906778335571289,11.630607604980469,63,,,,,,,,,,,,
,,105659,3.0,0.49868395924568176,0.8320666551589966,0.4981141984462738,0.48470109701156616,0.4660755395889282,5.733013153076172,96.0,5.911586284637451,12.14328384399414,63,,,,,,,,,,,,
2.8027470262892437e-05,0.0002802747026289244,105663,,,,,,,,,,,,,,,,,,,,,,,
,,105669,3.0,0.5803942084312439,0.8233333230018616,0.49865415692329407,0.4825490415096283,0.4596421420574188,5.4806013107299805,88.0,2.363612413406372,8.42460823059082,64,,,,,,,,,,,,
,,105679,3.0,0.4738801121711731,0.8537999987602234,0.498356431722641,0.46734318137168884,0.46371933817863464,4.201951503753662,56.0,0.35985225439071655,5.035684108734131,64,,,,,,,,,,,,
,,105689,3.0,0.6224190592765808,0.8275333046913147,0.500078558921814,0.5002309679985046,0.4856965243816376,7.1084089279174805,319.0,11.528695106506348,19.259523391723633,64,,,,,,,,,,,,
,,105699,3.0,0.4971957802772522,0.8422666788101196,0.4945681691169739,0.4686175584793091,0.4674605131149292,7.0966339111328125,192.0,8.423100471496582,16.016929626464844,64,,,,,,,,,,,,
,,105709,3.0,0.6908770203590393,0.7727333307266235,0.49438026547431946,0.4724394679069519,0.45713695883750916,6.957240581512451,281.0,4.027178764343262,11.675296783447266,64,,,,,,,,,,,,
,,105719,3.0,0.46582186222076416,0.8515333533287048,0.4912045896053314,0.44766369462013245,0.4634506404399872,5.751683712005615,174.0,2.5692782402038574,8.786783218383789,64,,,,,,,,,,,,
,,105729,3.0,0.4477141201496124,0.8457333445549011,0.50543612241745,0.5263526439666748,0.48728352785110474,11.577437400817871,322.0,0.24238251149654388,12.267533302307129,64,,,,,,,,,,,,
,,105739,3.0,0.49620065093040466,0.8382666707038879,0.497263103723526,0.46174752712249756,0.4604676365852356,4.665461540222168,72.0,0.363299161195755,5.524961471557617,64,,,,,,,,,,,,
,,105749,3.0,0.5645564198493958,0.8155333399772644,0.5008416175842285,0.5151304602622986,0.45832359790802,10.849583625793457,94.0,0.04337000474333763,11.457509994506836,64,,,,,,,,,,,,
,,105759,3.0,0.3878836929798126,0.8585333228111267,0.5010323524475098,0.5225868821144104,0.4688705801963806,3.5419557094573975,32.0,1.588930368423462,5.51876974105835,64,,,,,,,,,,,,
,,105769,3.0,0.5177947878837585,0.8354666829109192,0.4941467344760895,0.46323162317276,0.46425318717956543,7.064359188079834,196.0,1.569416880607605,9.151570320129395,64,,,,,,,,,,,,
,,105779,3.0,0.4264378845691681,0.857866644859314,0.4985162913799286,0.4850844442844391,0.47000133991241455,5.742389678955078,125.0,0.15814903378486633,6.326976776123047,64,,,,,,,,,,,,
,,105789,3.0,0.6221867799758911,0.8256000280380249,0.5024173855781555,0.5113419890403748,0.47976255416870117,7.47361946105957,220.0,7.28010892868042,15.37591552734375,64,,,,,,,,,,,,
,,105799,3.0,0.5539246797561646,0.8253333568572998,0.5042868256568909,0.5661925077438354,0.4675401747226715,6.284695625305176,71.0,0.9204466342926025,7.759066581726074,64,,,,,,,,,,,,
,,105809,3.0,0.4438786506652832,0.8663333058357239,0.4999803602695465,0.4998408854007721,0.4762914180755615,5.44201135635376,138.0,0.2946128845214844,6.180502891540527,64,,,,,,,,,,,,
,,105819,3.0,0.7452811002731323,0.7594666481018066,0.4885335862636566,0.4004741907119751,0.4338119924068451,7.423552513122559,176.0,8.477631568908691,16.646465301513672,64,,,,,,,,,,,,
,,105829,3.0,0.5047475695610046,0.837066650390625,0.4990888237953186,0.48151740431785583,0.4604775309562683,3.8167901039123535,42.0,0.33309808373451233,4.654635429382324,64,,,,,,,,,,,,
,,105839,3.0,0.5156095027923584,0.8303333520889282,0.503795862197876,0.51526939868927,0.48535287380218506,8.235014915466309,283.0,2.1495935916900635,10.90021800994873,64,,,,,,,,,,,,
,,105849,3.0,0.4432154595851898,0.8554666638374329,0.5037689805030823,0.528385579586029,0.4808548092842102,5.068867206573486,102.0,2.215665102005005,7.727747917175293,64,,,,,,,,,,,,
,,105859,3.0,0.4063289165496826,0.8549333214759827,0.5150542855262756,0.6050117015838623,0.49923163652420044,18.57061004638672,205.0,0.28359389305114746,19.26053237915039,64,,,,,,,,,,,,
,,105869,3.0,0.546284556388855,0.8594666719436646,0.497153639793396,0.4897878170013428,0.48169341683387756,7.648937702178955,221.0,2.456082344055176,10.651304244995117,64,,,,,,,,,,,,
,,105879,3.0,0.5329094529151917,0.8103333115577698,0.5131431221961975,0.5405870676040649,0.5006028413772583,10.048077583312988,387.0,1.696236491203308,12.277223587036133,64,,,,,,,,,,,,
,,105889,3.0,0.49691176414489746,0.8514666557312012,0.49973443150520325,0.49786800146102905,0.4729126989841461,5.3323163986206055,86.0,3.239029884338379,9.068258285522461,64,,,,,,,,,,,,
,,105899,3.0,0.5967734456062317,0.859000027179718,0.5038381814956665,0.516077995300293,0.4891784191131592,10.026622772216797,362.0,1.2529124021530151,11.87630844116211,64,,,,,,,,,,,,
,,105909,3.0,0.4671400487422943,0.8519999980926514,0.5012320876121521,0.5267237424850464,0.4675363600254059,4.374461650848389,45.0,0.18543802201747894,5.027040004730225,64,,,,,,,,,,,,
,,105919,3.0,0.3616422116756439,0.8704000115394592,0.5093227624893188,0.602445125579834,0.48969292640686035,5.350727081298828,111.0,1.9414141178131104,7.653783798217773,64,,,,,,,,,,,,
,,105929,3.0,0.3976966142654419,0.873199999332428,0.49233776330947876,0.46907496452331543,0.47438859939575195,7.686479091644287,288.0,0.2583867311477661,8.342562675476074,64,,,,,,,,,,,,
,,105939,3.0,0.6143007278442383,0.8244666457176208,0.5125340223312378,0.5403403043746948,0.5009859800338745,11.179295539855957,309.0,1.582966923713684,13.37656307220459,64,,,,,,,,,,,,
,,105949,3.0,0.5801510214805603,0.8173999786376953,0.49080783128738403,0.42347824573516846,0.4512048065662384,14.886772155761719,244.0,0.8587099313735962,16.325632095336914,64,,,,,,,,,,,,
,,105959,3.0,0.5170496702194214,0.8023999929428101,0.5052655339241028,0.5532627105712891,0.4671466648578644,8.015687942504883,148.0,3.671412467956543,12.204150199890137,64,,,,,,,,,,,,
,,105969,3.0,0.5108938217163086,0.812666654586792,0.4981476366519928,0.460742712020874,0.45216891169548035,4.652899742126465,73.0,0.4226485788822174,5.586441993713379,64,,,,,,,,,,,,
,,105979,3.0,0.4557579755783081,0.8394666910171509,0.5012274980545044,0.5092493891716003,0.4734691083431244,5.005312919616699,133.0,1.3620429039001465,6.823113918304443,64,,,,,,,,,,,,
,,105989,3.0,0.6017673015594482,0.8560666441917419,0.49918490648269653,0.4979253113269806,0.48984992504119873,6.804005146026611,408.0,7.33034086227417,14.736112594604492,64,,,,,,,,,,,,
,,105999,3.0,0.5155490040779114,0.8444666862487793,0.4940049946308136,0.4663456678390503,0.4674355685710907,6.92890739440918,136.0,3.321329116821289,10.765785217285156,64,,,,,,,,,,,,
,,106009,3.0,0.2385556995868683,0.9172666668891907,0.5060352087020874,0.5246607065200806,0.5007054209709167,5.020274639129639,98.0,2.8939578533172607,8.152788162231445,64,,,,,,,,,,,,
,,106019,3.0,0.37689265608787537,0.8580666780471802,0.4958978295326233,0.47842007875442505,0.47365590929985046,8.493062019348145,169.0,2.1396067142486572,11.009561538696289,64,,,,,,,,,,,,
,,106029,3.0,0.5570632219314575,0.8583333492279053,0.5006924867630005,0.5015720129013062,0.49382713437080383,6.417965888977051,299.0,5.456750392913818,12.431779861450195,64,,,,,,,,,,,,
,,106039,3.0,0.5642630457878113,0.8411333560943604,0.5080429315567017,0.5669694542884827,0.4832649230957031,12.674569129943848,197.0,2.426460027694702,15.665292739868164,64,,,,,,,,,,,,
,,106049,3.0,0.6316192150115967,0.8170666694641113,0.49854668974876404,0.4923553168773651,0.47038957476615906,7.620200157165527,249.0,2.2450060844421387,10.496826171875,64,,,,,,,,,,,,
,,106059,3.0,0.3652690351009369,0.8664666414260864,0.5025068521499634,0.5351235866546631,0.47586849331855774,4.561873912811279,64.0,1.1728090047836304,6.099952220916748,64,,,,,,,,,,,,
,,106069,3.0,0.4254278838634491,0.865933358669281,0.5036658048629761,0.5295282602310181,0.48218533396720886,7.129669189453125,110.0,5.744140625,13.299238204956055,64,,,,,,,,,,,,
,,106079,3.0,0.5368688106536865,0.8158000111579895,0.5017632842063904,0.5183582305908203,0.4648832678794861,9.079769134521484,149.0,0.13455165922641754,9.751190185546875,64,,,,,,,,,,,,
,,106089,3.0,0.5031543970108032,0.8543999791145325,0.5002040863037109,0.5012615919113159,0.47744864225387573,10.580404281616211,150.0,0.3834902346134186,11.467049598693848,64,,,,,,,,,,,,
,,106099,3.0,0.500789999961853,0.829800009727478,0.49876493215560913,0.4919396936893463,0.4696400761604309,7.961716651916504,240.0,1.7817621231079102,10.244268417358398,64,,,,,,,,,,,,
,,106109,3.0,0.5181465148925781,0.8356000185012817,0.5053491592407227,0.5263950824737549,0.4850672483444214,7.385251998901367,317.0,2.004462718963623,9.907861709594727,64,,,,,,,,,,,,
,,106119,3.0,0.6519712805747986,0.7883333563804626,0.4995560050010681,0.4939808249473572,0.4514511227607727,7.53528356552124,120.0,0.3569871485233307,8.544241905212402,64,,,,,,,,,,,,
,,106129,3.0,0.5330983996391296,0.8446000218391418,0.5033938884735107,0.507240891456604,0.4974409341812134,7.7563605308532715,288.0,11.645583152770996,19.935043334960938,64,,,,,,,,,,,,
,,106139,3.0,0.37328508496284485,0.8741333484649658,0.49805137515068054,0.4813075065612793,0.47318100929260254,4.605735778808594,74.0,0.8961300849914551,5.87515115737915,64,,,,,,,,,,,,
,,106149,3.0,0.4362601935863495,0.8636000156402588,0.49471861124038696,0.4743124842643738,0.4738728106021881,9.506058692932129,244.0,1.9976524114608765,11.939970970153809,64,,,,,,,,,,,,
,,106159,3.0,0.3975929021835327,0.8709999918937683,0.5013666152954102,0.50663161277771,0.48527902364730835,6.826590061187744,188.0,1.1847352981567383,8.408918380737305,64,,,,,,,,,,,,
,,106169,3.0,0.37579146027565,0.8619999885559082,0.5007432699203491,0.5211303234100342,0.46817198395729065,3.8165717124938965,36.0,0.09170378744602203,4.284067153930664,64,,,,,,,,,,,,
,,106179,3.0,0.5397452712059021,0.8184000253677368,0.49976101517677307,0.4988599419593811,0.4742496907711029,10.619525909423828,288.0,1.535352110862732,12.694622993469238,64,,,,,,,,,,,,
,,106189,3.0,0.5335974097251892,0.8268666863441467,0.49426135420799255,0.44807878136634827,0.4575258195400238,4.930663585662842,105.0,2.2940149307250977,7.758275985717773,64,,,,,,,,,,,,
,,106199,3.0,0.4396737813949585,0.8600000143051147,0.4932457506656647,0.45944127440452576,0.4679829180240631,7.4569878578186035,179.0,0.07843358814716339,7.975095272064209,64,,,,,,,,,,,,
,,106209,3.0,0.4965800642967224,0.8467333316802979,0.4980113208293915,0.48267796635627747,0.4682423770427704,7.546781063079834,133.0,2.912036895751953,10.955397605895996,64,,,,,,,,,,,,
,,106219,3.0,0.45080700516700745,0.8574666380882263,0.5008161067962646,0.5049884915351868,0.47912389039993286,5.506432056427002,108.0,2.1020307540893555,8.059269905090332,64,,,,,,,,,,,,
,,106229,3.0,0.43535807728767395,0.8511333465576172,0.5021918416023254,0.5263733267784119,0.47278663516044617,7.663461685180664,111.0,0.0674872025847435,8.166306495666504,64,,,,,,,,,,,,
,,106239,3.0,0.40536901354789734,0.8452000021934509,0.5030865669250488,0.5380418300628662,0.47257909178733826,11.256325721740723,106.0,0.2894909679889679,11.95118522644043,64,,,,,,,,,,,,
,,106249,3.0,0.4998621344566345,0.8310666680335999,0.4975459575653076,0.48866042494773865,0.4737672805786133,13.457406044006348,295.0,0.2604513168334961,14.217719078063965,64,,,,,,,,,,,,
,,106259,3.0,0.6266043782234192,0.7939333319664001,0.4966529905796051,0.4532899558544159,0.4482450485229492,7.650635242462158,106.0,0.41957804560661316,8.696817398071289,64,,,,,,,,,,,,
,,106269,3.0,0.41849058866500854,0.8564666509628296,0.5014193058013916,0.5071161985397339,0.4825514256954193,6.874316215515137,141.0,2.9060473442077637,10.198854446411133,64,,,,,,,,,,,,
,,106279,3.0,0.4708224833011627,0.850266695022583,0.49667397141456604,0.4688569903373718,0.4660840928554535,4.9105987548828125,94.0,0.7832987308502197,6.164719581604004,64,,,,,,,,,,,,
,,106289,3.0,0.41552573442459106,0.867733359336853,0.4916531443595886,0.4543393552303314,0.4680774509906769,6.876440525054932,215.0,0.4481222331523895,7.74008846282959,64,,,,,,,,,,,,
,,106299,3.0,0.4298282861709595,0.8575999736785889,0.4963802397251129,0.49000534415245056,0.4847416579723358,8.585413932800293,404.0,20.734825134277344,29.75006866455078,64,,,,,,,,,,,,
,,106309,3.0,0.6183471083641052,0.8339999914169312,0.5039824843406677,0.5448843240737915,0.47203704714775085,9.024826049804688,104.0,0.4641841650009155,10.107357025146484,64,,,,,,,,,,,,
,,106319,3.0,0.3846606910228729,0.908466637134552,0.4838607609272003,0.47985681891441345,0.4817652702331543,6.214756965637207,277.0,13.443236351013184,20.042654037475586,64,,,,,,,,,,,,
,,106329,3.0,0.36634576320648193,0.8740000128746033,0.49895307421684265,0.4953462481498718,0.4831741154193878,8.453714370727539,239.0,0.09236472100019455,8.912424087524414,64,,,,,,,,,,,,
,,106339,3.0,0.2965429723262787,0.899399995803833,0.49768051505088806,0.483376145362854,0.4800395667552948,5.299375534057617,97.0,10.82846736907959,16.42438507080078,64,,,,,,,,,,,,
,,106349,3.0,0.6411344408988953,0.7923333048820496,0.5015316009521484,0.5051460862159729,0.4800208508968353,8.358887672424316,306.0,15.469011306762695,24.469032287597656,64,,,,,,,,,,,,
,,106359,3.0,0.6000118851661682,0.8122666478157043,0.49511078000068665,0.4647480845451355,0.45885777473449707,11.335484504699707,227.0,0.18576927483081818,12.121265411376953,64,,,,,,,,,,,,
,,106369,3.0,0.2600756585597992,0.8960000276565552,0.5170442461967468,0.5652924180030823,0.5152224898338318,7.685379505157471,247.0,0.7657361626625061,8.711191177368164,64,,,,,,,,,,,,
,,106379,3.0,0.5701994299888611,0.880133330821991,0.47976189851760864,0.46726706624031067,0.47305840253829956,12.832542419433594,334.0,0.6010037660598755,14.003745079040527,64,,,,,,,,,,,,
,,106389,3.0,0.7934615612030029,0.7958666682243347,0.4962124824523926,0.48249393701553345,0.46561169624328613,7.194918632507324,277.0,12.114721298217773,20.10310173034668,64,,,,,,,,,,,,
,,106399,3.0,0.6779194474220276,0.7908666729927063,0.4976625442504883,0.4843261241912842,0.4591875970363617,10.459821701049805,214.0,0.44389957189559937,11.581640243530273,64,,,,,,,,,,,,
,,106409,3.0,0.42389634251594543,0.8675333261489868,0.526272177696228,0.5846112370491028,0.5263155698776245,11.395201683044434,354.0,0.2251279205083847,12.04422664642334,64,,,,,,,,,,,,
,,106419,3.0,0.43808436393737793,0.8501333594322205,0.5021687150001526,0.5160964727401733,0.4773857295513153,6.036961555480957,108.0,3.080162763595581,9.555209159851074,64,,,,,,,,,,,,
,,106429,3.0,0.49316146969795227,0.8377333283424377,0.49995699524879456,0.4995698034763336,0.46778398752212524,4.956175327301025,98.0,7.816589832305908,13.265926361083984,64,,,,,,,,,,,,
,,106439,3.0,0.5807040929794312,0.8199999928474426,0.49779728055000305,0.4916653633117676,0.47626304626464844,7.084528923034668,214.0,9.345398902893066,17.010631561279297,64,,,,,,,,,,,,
,,106449,3.0,0.37927353382110596,0.8971999883651733,0.5184892416000366,0.5972197651863098,0.515474259853363,6.2173380851745605,157.0,6.91846227645874,13.515073776245117,64,,,,,,,,,,,,
,,106459,3.0,0.5842427015304565,0.8312666416168213,0.5149896740913391,0.5870034694671631,0.4961760938167572,10.572425842285156,214.0,1.3089016675949097,12.465570449829102,64,,,,,,,,,,,,
,,106469,3.0,0.4266245365142822,0.854200005531311,0.5005393028259277,0.5055505037307739,0.47222253680229187,12.484739303588867,127.0,0.4666493535041809,13.378012657165527,64,,,,,,,,,,,,
,,106479,3.0,0.6896694898605347,0.8014000058174133,0.5007541179656982,0.5042057633399963,0.46943649649620056,8.95663833618164,234.0,2.466381072998047,12.112689018249512,64,,,,,,,,,,,,
,,106489,3.0,0.3600367605686188,0.8824666738510132,0.5235005617141724,0.563278079032898,0.5253427028656006,8.721108436584473,272.0,2.4480843544006348,11.529230117797852,64,,,,,,,,,,,,
,,106499,3.0,0.66796875,0.7793999910354614,0.5165389776229858,0.5714927911758423,0.49240243434906006,6.884666442871094,279.0,6.264454364776611,13.817089080810547,64,,,,,,,,,,,,
,,106509,3.0,0.6257627606391907,0.8102666735649109,0.500756561756134,0.5056887269020081,0.46630987524986267,10.00574016571045,194.0,1.111507773399353,11.743010520935059,64,,,,,,,,,,,,
,,106519,3.0,0.5222444534301758,0.8324000239372253,0.5028534531593323,0.5476259589195251,0.4665736258029938,4.616239070892334,50.0,1.859717845916748,6.998201370239258,64,,,,,,,,,,,,
,,106529,3.0,0.49264058470726013,0.8392666578292847,0.49982455372810364,0.49794846773147583,0.4663842022418976,5.322978973388672,70.0,1.1838080883026123,6.999427795410156,64,,,,,,,,,,,,
,,106539,3.0,0.5382294058799744,0.8513333201408386,0.5064091086387634,0.5675147771835327,0.48075467348098755,8.87755012512207,131.0,0.08117865771055222,9.496957778930664,64,,,,,,,,,,,,
,,106549,3.0,0.4982353150844574,0.8262666463851929,0.49261823296546936,0.4381498694419861,0.45583346486091614,7.715097904205322,162.0,0.43868666887283325,8.652019500732422,64,,,,,,,,,,,,
,,106559,3.0,0.5930416584014893,0.8165333271026611,0.5070192813873291,0.5400316715240479,0.48143723607063293,9.597500801086426,223.0,0.6281752586364746,10.818717956542969,64,,,,,,,,,,,,
,,106569,3.0,0.6702591180801392,0.7759333252906799,0.5027138590812683,0.518020749092102,0.4632156789302826,6.452995777130127,170.0,7.347439765930176,14.470694541931152,64,,,,,,,,,,,,
,,106579,3.0,0.6371055245399475,0.833133339881897,0.5043501257896423,0.5177552700042725,0.4863489866256714,9.740869522094727,254.0,3.6088919639587402,13.986867904663086,64,,,,,,,,,,,,
,,106589,3.0,0.46161141991615295,0.8901333212852478,0.5117108821868896,0.533744215965271,0.5089132785797119,7.742397785186768,230.0,4.674092769622803,12.878101348876953,64,,,,,,,,,,,,
,,106599,3.0,0.5954112410545349,0.8213333487510681,0.49489620327949524,0.47893378138542175,0.47046664357185364,11.698097229003906,337.0,0.3320724368095398,12.625580787658691,64,,,,,,,,,,,,
,,106609,3.0,0.6191802024841309,0.79666668176651,0.4962654411792755,0.4628514349460602,0.452310711145401,6.490501403808594,116.0,0.8023864030838013,7.912067890167236,64,,,,,,,,,,,,
,,106619,3.0,0.4182865619659424,0.8558666706085205,0.5013319849967957,0.548963189125061,0.4666241407394409,3.543625831604004,28.0,0.8412720561027527,4.803184509277344,64,,,,,,,,,,,,
,,106629,3.0,0.3865523338317871,0.8749333620071411,0.49144095182418823,0.4647274315357208,0.4729350209236145,7.3109822273254395,300.0,7.9401750564575195,15.637709617614746,64,,,,,,,,,,,,
,,106639,3.0,0.5839651823043823,0.8525999784469604,0.5118703842163086,0.521751880645752,0.5106492638587952,7.827125549316406,342.0,6.453686237335205,14.864776611328125,64,,,,,,,,,,,,
,,106649,3.0,0.5451892018318176,0.8303999900817871,0.5021438002586365,0.5118955969810486,0.47740644216537476,9.744441986083984,237.0,2.187087059020996,12.476717948913574,64,,,,,,,,,,,,
,,106659,3.0,0.36885276436805725,0.865066647529602,0.5006364583969116,0.5186524391174316,0.4686926305294037,3.4296085834503174,32.0,0.14465686678886414,3.9431183338165283,64,,,,,,,,,,,,
,,106669,3.0,0.47684651613235474,0.8414666652679443,0.4998255670070648,0.4966399073600769,0.46313703060150146,10.052509307861328,57.0,0.17778944969177246,10.707145690917969,64,,,,,,,,,,,,
,,106679,3.0,0.5080377459526062,0.885866641998291,0.5175780057907104,0.526455283164978,0.5194826126098633,9.088934898376465,285.0,9.92061710357666,19.517589569091797,64,,,,,,,,,,,,
,,106689,3.0,0.8263628482818604,0.7915999889373779,0.4919756352901459,0.47336477041244507,0.46697473526000977,8.603655815124512,333.0,1.8106303215026855,11.24064826965332,64,,,,,,,,,,,,
,,106699,3.0,0.6080483794212341,0.8115333318710327,0.4934723973274231,0.460650235414505,0.45926162600517273,10.215484619140625,173.0,1.9298723936080933,12.753405570983887,64,,,,,,,,,,,,
,,106709,3.0,0.45079195499420166,0.8496666550636292,0.4942154288291931,0.46293479204177856,0.4667390286922455,6.636784553527832,146.0,1.8952206373214722,8.982796669006348,64,,,,,,,,,,,,
,,106719,3.0,0.35589876770973206,0.8712000250816345,0.5145552754402161,0.5934295058250427,0.5027475357055664,10.933167457580566,186.0,0.8476549386978149,12.13672161102295,64,,,,,,,,,,,,
,,106729,3.0,0.47235119342803955,0.8456666469573975,0.5081239342689514,0.5667890906333923,0.4845779538154602,9.570293426513672,155.0,0.45691731572151184,10.49956226348877,64,,,,,,,,,,,,
,,106739,3.0,0.41377630829811096,0.8829333186149597,0.5119579434394836,0.5241571068763733,0.5114405155181885,9.016792297363281,366.0,2.7016687393188477,12.132237434387207,64,,,,,,,,,,,,
,,106749,3.0,0.5230194926261902,0.839733362197876,0.49244049191474915,0.44897031784057617,0.461347371339798,6.763888835906982,184.0,4.44881010055542,11.7357177734375,64,,,,,,,,,,,,
,,106759,3.0,0.5774103999137878,0.8359333276748657,0.5176942944526672,0.5823109149932861,0.5043079257011414,9.447307586669922,244.0,6.227626800537109,16.25234603881836,64,,,,,,,,,,,,
,,106769,3.0,0.3831830620765686,0.8583333492279053,0.49550631642341614,0.4686133563518524,0.46925729513168335,5.538038730621338,149.0,1.0045886039733887,6.92581033706665,64,,,,,,,,,,,,
,,106779,3.0,0.45040324330329895,0.8602666854858398,0.5145071744918823,0.6583223938941956,0.4956323802471161,12.261380195617676,154.0,0.3665381073951721,13.07832145690918,64,,,,,,,,,,,,
,,106789,3.0,0.5342632532119751,0.8290666937828064,0.49878746271133423,0.4913783073425293,0.46826499700546265,7.409299850463867,177.0,1.204322099685669,9.1478853225708,64,,,,,,,,,,,,
,,106799,3.0,0.46362680196762085,0.8237333297729492,0.49975070357322693,0.496681272983551,0.46122610569000244,5.58396053314209,99.0,1.470672845840454,7.5182600021362305,64,,,,,,,,,,,,
,,106809,3.0,0.45898953080177307,0.8505333065986633,0.5063350796699524,0.5485370755195618,0.48364225029945374,6.9177632331848145,119.0,0.8801467418670654,8.2568998336792,64,,,,,,,,,,,,
,,106819,3.0,0.41766923666000366,0.8449333310127258,0.5104496479034424,0.5959000587463379,0.48690497875213623,10.777754783630371,177.0,0.1810704618692398,11.376494407653809,64,,,,,,,,,,,,
,,106829,3.0,0.5624023079872131,0.8456666469573975,0.4893849492073059,0.4558897912502289,0.4657922387123108,7.569413185119629,304.0,6.070398807525635,14.202215194702148,64,,,,,,,,,,,,
,,106839,3.0,0.46883952617645264,0.8828666806221008,0.5070898532867432,0.622770369052887,0.48639705777168274,4.270768642425537,62.0,0.7199580669403076,5.459566116333008,64,,,,,,,,,,,,
,,106849,3.0,0.3555295467376709,0.8802000284194946,0.5274369120597839,0.5802302360534668,0.5301976203918457,13.561026573181152,355.0,0.3225562572479248,14.239112854003906,64,,,,,,,,,,,,
,,106859,3.0,0.5503337383270264,0.8209999799728394,0.5038049221038818,0.5759600400924683,0.4637789726257324,4.7447123527526855,93.0,0.6333630681037903,5.928409099578857,64,,,,,,,,,,,,
,,106869,3.0,0.7124574780464172,0.7752666473388672,0.4877914488315582,0.397091805934906,0.43699607253074646,6.736395835876465,248.0,2.3172719478607178,9.766125679016113,64,,,,,,,,,,,,
,,106879,3.0,0.5998692512512207,0.8639333248138428,0.5044957995414734,0.5096094608306885,0.5000554323196411,7.936081409454346,293.0,15.374787330627441,23.910737991333008,64,,,,,,,,,,,,
,,106889,3.0,0.515709400177002,0.850600004196167,0.5061887502670288,0.5368676781654358,0.486463338136673,6.747458457946777,153.0,1.8166859149932861,9.079854011535645,64,,,,,,,,,,,,
,,106899,3.0,0.5115562677383423,0.8056666851043701,0.49432212114334106,0.46582654118537903,0.45938408374786377,8.316837310791016,214.0,1.9052865505218506,10.733680725097656,64,,,,,,,,,,,,
,,106909,3.0,0.4783574938774109,0.853866696357727,0.5057976841926575,0.5258787274360657,0.4904046058654785,15.376480102539062,327.0,0.06732092797756195,15.922158241271973,64,,,,,,,,,,,,
,,106919,3.0,0.46151989698410034,0.854200005531311,0.4996395409107208,0.4989522099494934,0.48814788460731506,9.16599178314209,330.0,1.8306115865707397,11.458123207092285,64,,,,,,,,,,,,
,,106929,3.0,0.7542751431465149,0.7999333143234253,0.4940028488636017,0.4790424406528473,0.4696969985961914,12.327154159545898,349.0,7.3380303382873535,20.41946029663086,64,,,,,,,,,,,,
,,106939,3.0,0.48900020122528076,0.84006667137146,0.5027611255645752,0.5305372476577759,0.47177496552467346,5.681020736694336,81.0,1.2766481637954712,7.446669101715088,64,,,,,,,,,,,,
,,106949,3.0,0.526604413986206,0.8413333296775818,0.5040724277496338,0.535688579082489,0.4765358865261078,8.475960731506348,117.0,0.17523479461669922,9.177800178527832,64,,,,,,,,,,,,
,,106959,3.0,0.3750889003276825,0.8524666428565979,0.5047255158424377,0.5205821990966797,0.4889318645000458,6.710402965545654,169.0,26.114425659179688,33.19991683959961,64,,,,,,,,,,,,
,,106969,3.0,0.4422731101512909,0.8919333219528198,0.504447340965271,0.5101717114448547,0.5009366869926453,9.289660453796387,333.0,1.8896924257278442,11.621625900268555,64,,,,,,,,,,,,
,,106979,3.0,0.33350977301597595,0.8920000195503235,0.4915716052055359,0.463240385055542,0.47451621294021606,7.940994739532471,246.0,0.9868198037147522,9.261324882507324,64,,,,,,,,,,,,
,,106989,3.0,0.8256078362464905,0.7954666614532471,0.48405349254608154,0.4356379210948944,0.4512648582458496,6.727658271789551,301.0,6.232080936431885,13.785346984863281,64,,,,,,,,,,,,
,,106999,3.0,0.4526282250881195,0.848466694355011,0.5064356923103333,0.5400199890136719,0.4858675003051758,11.654389381408691,217.0,1.0590022802352905,13.166019439697266,64,,,,,,,,,,,,
,,107009,3.0,0.32940635085105896,0.8873999714851379,0.49386611580848694,0.47693610191345215,0.4794337749481201,5.693325519561768,217.0,4.209391117095947,10.232122421264648,64,,,,,,,,,,,,
,,107019,3.0,0.47421517968177795,0.8338000178337097,0.5116242170333862,0.6274760961532593,0.48422256112098694,8.433677673339844,109.0,2.0571932792663574,10.965085983276367,64,,,,,,,,,,,,
,,107029,3.0,0.46758928894996643,0.8188666701316833,0.5050843358039856,0.6099172234535217,0.46470504999160767,4.513454437255859,83.0,0.6575777530670166,5.6386213302612305,64,,,,,,,,,,,,
,,107039,3.0,0.3839269280433655,0.8751333355903625,0.5017775893211365,0.5063499212265015,0.4904871881008148,11.143845558166504,320.0,2.7943460941314697,14.322118759155273,64,,,,,,,,,,,,
,,107049,3.0,0.4327898621559143,0.8343999981880188,0.5014786720275879,0.525600254535675,0.46464627981185913,4.5582170486450195,66.0,1.4064571857452393,6.397463798522949,64,,,,,,,,,,,,
,,107059,3.0,0.5612745881080627,0.8149999976158142,0.49429377913475037,0.47182372212409973,0.4649076461791992,6.891203880310059,190.0,6.364181995391846,13.816659927368164,64,,,,,,,,,,,,
,,107069,3.0,0.7679586410522461,0.8120666742324829,0.4951463043689728,0.47406259179115295,0.4640985429286957,7.181384563446045,206.0,3.073326349258423,11.022669792175293,64,,,,,,,,,,,,
,,107079,3.0,0.6171228289604187,0.7985333204269409,0.5026718974113464,0.523101806640625,0.46434202790260315,5.750668048858643,160.0,5.466970920562744,11.834761619567871,64,,,,,,,,,,,,
,,107089,3.0,0.5386484265327454,0.8331999778747559,0.49049538373947144,0.44254419207572937,0.45882752537727356,8.606508255004883,160.0,4.005889415740967,13.151046752929688,64,,,,,,,,,,,,
,,107099,3.0,0.6760143637657166,0.8242666721343994,0.4923644959926605,0.48172876238822937,0.47916048765182495,9.263288497924805,364.0,2.5782322883605957,12.517534255981445,64,,,,,,,,,,,,
,,107109,3.0,0.5318343043327332,0.8313999772071838,0.5006421804428101,0.5071859955787659,0.46620309352874756,8.115087509155273,75.0,0.5134304761886597,9.16035270690918,64,,,,,,,,,,,,
,,107119,3.0,0.7938887476921082,0.8167999982833862,0.4958307147026062,0.4859594404697418,0.4755057692527771,7.679767608642578,250.0,19.00095558166504,27.474613189697266,64,,,,,,,,,,,,
,,107129,3.0,0.6151547431945801,0.8209333419799805,0.4973672032356262,0.4926316738128662,0.48223069310188293,10.838125228881836,377.0,5.386415004730225,16.83969497680664,64,,,,,,,,,,,,
,,107139,3.0,0.724463939666748,0.8274000287055969,0.48191750049591064,0.431720495223999,0.4543008804321289,7.951132297515869,245.0,4.758604049682617,13.434200286865234,64,,,,,,,,,,,,
,,107149,3.0,0.4874836504459381,0.8458666801452637,0.5095860958099365,0.5524141788482666,0.4918651580810547,11.942215919494629,291.0,0.13045990467071533,12.560159683227539,64,,,,,,,,,,,,
,,107159,3.0,0.4798344075679779,0.8556666374206543,0.5096856951713562,0.5769396424293518,0.4896579384803772,6.44287633895874,119.0,8.519171714782715,15.441883087158203,64,,,,,,,,,,,,
,,107169,3.0,0.5460710525512695,0.8340666890144348,0.4845840334892273,0.4486549496650696,0.46183300018310547,7.872607707977295,276.0,11.30820083618164,19.726879119873047,64,,,,,,,,,,,,
,,107179,3.0,0.6159073114395142,0.859666645526886,0.492501825094223,0.4721052348613739,0.4742525517940521,7.539411544799805,287.0,3.2889652252197266,11.444284439086914,64,,,,,,,,,,,,
,,107189,3.0,0.46691522002220154,0.8519999980926514,0.4941559433937073,0.4695717394351959,0.4701269567012787,7.587398529052734,209.0,10.08326244354248,18.137577056884766,64,,,,,,,,,,,,
,,107199,3.0,0.4848366975784302,0.8386666774749756,0.5087026953697205,0.5707950592041016,0.4839784801006317,6.0848069190979,134.0,3.1196892261505127,9.689332962036133,64,,,,,,,,,,,,
,,107209,3.0,0.3980543613433838,0.8624666929244995,0.4911244213581085,0.4444998800754547,0.4645196795463562,5.467166423797607,120.0,1.951169729232788,7.8163909912109375,64,,,,,,,,,,,,
,,107219,3.0,0.5114877820014954,0.8615333437919617,0.49361222982406616,0.4758498966693878,0.47586074471473694,9.854692459106445,251.0,0.8151193261146545,11.181300163269043,64,,,,,,,,,,,,
,,107229,3.0,0.3765886425971985,0.9038000106811523,0.510858952999115,0.5262781381607056,0.5100523829460144,6.419705867767334,299.0,3.629889965057373,10.42618465423584,64,,,,,,,,,,,,
,,107239,3.0,0.521523654460907,0.8501333594322205,0.49940136075019836,0.4964964985847473,0.4761512577533722,6.3889007568359375,170.0,5.313079833984375,12.223504066467285,64,,,,,,,,,,,,
,,107249,3.0,0.5756741762161255,0.8226000070571899,0.4941081404685974,0.48504072427749634,0.48006609082221985,7.905642986297607,367.0,2.9174346923828125,11.398752212524414,64,,,,,,,,,,,,
,,107259,3.0,0.23904094099998474,0.9311333298683167,0.49405229091644287,0.4740665853023529,0.48313432931900024,5.32496452331543,94.0,3.267618179321289,8.831623077392578,64,,,,,,,,,,,,
,,107269,3.0,0.36199504137039185,0.8550666570663452,0.5120593905448914,0.6117537617683411,0.4917938709259033,6.2256951332092285,137.0,0.9785693883895874,7.566259860992432,64,,,,,,,,,,,,
,,107279,3.0,0.4686879515647888,0.850933313369751,0.49638447165489197,0.4772239923477173,0.47059550881385803,5.5645527839660645,179.0,14.522320747375488,20.555561065673828,64,,,,,,,,,,,,
,,107289,3.0,0.3566383123397827,0.8744000196456909,0.5323715209960938,0.5715378522872925,0.5375460982322693,6.882497787475586,345.0,24.9354248046875,32.174560546875,64,,,,,,,,,,,,
,,107299,3.0,0.44485393166542053,0.843666672706604,0.4983502924442291,0.4415006637573242,0.4584479033946991,3.470432996749878,32.0,0.177208811044693,4.092495918273926,64,,,,,,,,,,,,
,,107309,3.0,0.5133700370788574,0.83160001039505,0.5100478529930115,0.5967185497283936,0.48250147700309753,9.439939498901367,159.0,0.5557379722595215,10.509048461914062,64,,,,,,,,,,,,
,,107313,,,,,,,,,,,64,0.4139854609966278,0.8608375191688538,0.5141449570655823,0.5319530963897705,0.49470165371894836,5.273579120635986,203.4551239013672,23.08671760559082,5.687564373016357,0.030862223356962204,0.030862223356962204,0.030862174928188324
2.665319313196509e-05,0.0002665319313196508,107314,,,,,,,,,,,,,,,,,,,,,,,
,,107319,3.0,0.4115632474422455,0.8817999958992004,0.4990513026714325,0.49625682830810547,0.48594221472740173,8.922765731811523,184.0,2.2250823974609375,11.55941104888916,65,,,,,,,,,,,,
,,107329,3.0,0.7505629062652588,0.8525333404541016,0.5145085453987122,0.5379429459571838,0.510246753692627,7.15010404586792,339.0,1.553335428237915,9.454002380371094,65,,,,,,,,,,,,
,,107339,3.0,0.4550856649875641,0.8586000204086304,0.5006285905838013,0.504741370677948,0.4765183925628662,5.701606750488281,169.0,6.498692035675049,12.655384063720703,65,,,,,,,,,,,,
,,107349,3.0,0.32985720038414,0.8831333518028259,0.5010316371917725,0.5121961236000061,0.4784458875656128,4.699447154998779,63.0,1.3982161283493042,6.427520751953125,65,,,,,,,,,,,,
,,107359,3.0,0.5037944912910461,0.8712000250816345,0.5398839712142944,0.5866480469703674,0.5472911596298218,8.621010780334473,343.0,16.365392684936523,25.490198135375977,65,,,,,,,,,,,,
,,107369,3.0,0.38279959559440613,0.8745333552360535,0.5029792785644531,0.5196028351783752,0.4848717153072357,5.654747009277344,109.0,4.429991245269775,10.467537879943848,65,,,,,,,,,,,,
,,107379,3.0,0.3906957805156708,0.8881333470344543,0.5112627744674683,0.5628172159194946,0.5020647048950195,8.197501182556152,204.0,1.3665547370910645,9.954751968383789,65,,,,,,,,,,,,
,,107389,3.0,0.42622503638267517,0.8776666522026062,0.48933425545692444,0.4756430983543396,0.47959834337234497,6.67308235168457,261.0,9.604097366333008,16.703405380249023,65,,,,,,,,,,,,
,,107399,3.0,0.3288334012031555,0.90420001745224,0.5066088438034058,0.5234229564666748,0.5011422634124756,6.598024845123291,136.0,7.458305358886719,14.385164260864258,65,,,,,,,,,,,,
,,107409,3.0,0.6486642360687256,0.8240000009536743,0.5005755424499512,0.5037526488304138,0.47121384739875793,8.796454429626465,162.0,9.78042984008789,19.225547790527344,65,,,,,,,,,,,,
,,107419,3.0,0.38693535327911377,0.8767333626747131,0.49447664618492126,0.48207610845565796,0.4812842309474945,12.19528865814209,333.0,0.168928861618042,12.751152992248535,65,,,,,,,,,,,,
,,107429,3.0,0.6783602833747864,0.8234000205993652,0.48513421416282654,0.45557689666748047,0.46396711468696594,7.100165367126465,377.0,2.752295732498169,10.530821800231934,65,,,,,,,,,,,,
,,107439,3.0,0.4618884027004242,0.8648666739463806,0.5000756978988647,0.5004945993423462,0.47852781414985657,6.79990816116333,136.0,1.7719491720199585,9.033745765686035,65,,,,,,,,,,,,
,,107449,3.0,0.48686882853507996,0.8755999803543091,0.4999855160713196,0.4999721646308899,0.49596336483955383,7.323648929595947,421.0,4.323678016662598,12.134195327758789,65,,,,,,,,,,,,
,,107459,3.0,0.45673778653144836,0.84006667137146,0.4938170313835144,0.4513818025588989,0.46145614981651306,6.469869613647461,143.0,0.915619969367981,7.842227458953857,65,,,,,,,,,,,,
,,107469,3.0,0.6684520840644836,0.8272666931152344,0.5030556321144104,0.5153347849845886,0.47983670234680176,7.841014862060547,195.0,5.55692720413208,14.066394805908203,65,,,,,,,,,,,,
,,107479,3.0,0.4893466532230377,0.8668666481971741,0.49193868041038513,0.47445163130760193,0.47696587443351746,7.481167316436768,284.0,11.062565803527832,19.033079147338867,65,,,,,,,,,,,,
,,107489,3.0,0.4032588303089142,0.85753333568573,0.5035467743873596,0.5897865295410156,0.4721241891384125,4.500485420227051,57.0,0.2691943943500519,5.172938823699951,65,,,,,,,,,,,,
,,107499,3.0,0.3119087219238281,0.896399974822998,0.5134636759757996,0.5776733160018921,0.506747841835022,5.37512731552124,94.0,1.4293392896652222,7.11637544631958,65,,,,,,,,,,,,
,,107509,3.0,0.3765675127506256,0.864799976348877,0.499648779630661,0.4958195686340332,0.4719497859477997,5.9300408363342285,69.0,1.1943230628967285,7.500931262969971,65,,,,,,,,,,,,
,,107519,3.0,0.8165798783302307,0.7832666635513306,0.49801990389823914,0.48509931564331055,0.4559103548526764,5.896625518798828,146.0,2.347431182861328,9.060636520385742,65,,,,,,,,,,,,
,,107529,3.0,0.43398892879486084,0.8649333119392395,0.49785110354423523,0.43408724665641785,0.4637877941131592,4.648343563079834,26.0,0.14598502218723297,5.228317737579346,65,,,,,,,,,,,,
,,107539,3.0,0.4372982978820801,0.8592666387557983,0.5005990266799927,0.5074716806411743,0.47185027599334717,4.540939807891846,105.0,1.0684311389923096,6.046669006347656,65,,,,,,,,,,,,
,,107549,3.0,0.6662810444831848,0.8139333128929138,0.4918075203895569,0.4791981875896454,0.47615039348602295,6.948539733886719,317.0,5.542657852172852,13.157478332519531,65,,,,,,,,,,,,
,,107559,3.0,0.5687862038612366,0.8258000016212463,0.49423912167549133,0.46416720747947693,0.46268796920776367,11.637312889099121,286.0,0.5964308381080627,12.802530288696289,65,,,,,,,,,,,,
,,107569,3.0,0.5702829957008362,0.861133337020874,0.5204994082450867,0.5645842552185059,0.5174496173858643,7.370680809020996,252.0,3.065479040145874,11.00644302368164,65,,,,,,,,,,,,
,,107579,3.0,0.39462578296661377,0.8651333451271057,0.5046561360359192,0.5897943377494812,0.47724080085754395,4.635626792907715,33.0,1.0863748788833618,6.116627216339111,65,,,,,,,,,,,,
,,107589,3.0,0.6407103538513184,0.8357333540916443,0.4905366003513336,0.4743698835372925,0.47496750950813293,7.8825154304504395,314.0,11.028162002563477,19.551387786865234,65,,,,,,,,,,,,
,,107599,3.0,0.3755861520767212,0.88919997215271,0.5093525648117065,0.5382269024848938,0.502126157283783,6.083702087402344,152.0,11.073895454406738,17.533184051513672,65,,,,,,,,,,,,
,,107609,3.0,0.3888287842273712,0.8574000000953674,0.5081173181533813,0.5643429160118103,0.48759064078330994,16.883710861206055,164.0,0.22306355834007263,17.495603561401367,65,,,,,,,,,,,,
,,107619,3.0,0.3746943473815918,0.8805333375930786,0.5068816542625427,0.5415431261062622,0.493050217628479,6.975975036621094,148.0,1.8131773471832275,9.163846969604492,65,,,,,,,,,,,,
,,107629,3.0,0.5245950222015381,0.8691333532333374,0.48093733191490173,0.4559924900531769,0.46751439571380615,6.2890305519104,277.0,10.468737602233887,17.282363891601562,65,,,,,,,,,,,,
,,107639,3.0,0.3184698224067688,0.8704000115394592,0.4962294399738312,0.4877184331417084,0.4831230044364929,6.887553691864014,300.0,3.409736394882202,10.61575984954834,65,,,,,,,,,,,,
,,107649,3.0,0.3613760471343994,0.8706666827201843,0.5023807883262634,0.5219101309776306,0.4798741340637207,6.148877143859863,109.0,1.3984816074371338,7.908734321594238,65,,,,,,,,,,,,
,,107659,3.0,0.41266900300979614,0.8479999899864197,0.5024837255477905,0.5484321117401123,0.4691123962402344,4.167264461517334,54.0,0.26922523975372314,4.849158763885498,65,,,,,,,,,,,,
,,107669,3.0,0.40642592310905457,0.8566666841506958,0.5135460495948792,0.5968993306159973,0.4970065653324127,8.716876983642578,222.0,0.3866884708404541,9.509990692138672,65,,,,,,,,,,,,
,,107679,3.0,0.4704727232456207,0.8219333291053772,0.5094010233879089,0.5805516839027405,0.4804181158542633,9.656967163085938,202.0,0.9447996616363525,11.07223892211914,65,,,,,,,,,,,,
,,107689,3.0,0.6330332159996033,0.8145333528518677,0.5079013705253601,0.534756064414978,0.4869418144226074,5.5388712882995605,182.0,22.643146514892578,28.815052032470703,65,,,,,,,,,,,,
,,107699,3.0,0.43064889311790466,0.8696666955947876,0.49572858214378357,0.4809083640575409,0.4775518774986267,5.852722644805908,242.0,3.328366279602051,9.611738204956055,65,,,,,,,,,,,,
,,107709,3.0,0.5917375683784485,0.8659999966621399,0.5081467032432556,0.5232698917388916,0.5016012191772461,8.608576774597168,311.0,0.8661774396896362,10.066492080688477,65,,,,,,,,,,,,
,,107719,3.0,0.5012322664260864,0.8582000136375427,0.498149573802948,0.4948421120643616,0.48712316155433655,8.019164085388184,265.0,10.043842315673828,18.564239501953125,65,,,,,,,,,,,,
,,107729,3.0,0.41397950053215027,0.878933310508728,0.4968785047531128,0.49560844898223877,0.49523693323135376,8.098687171936035,357.0,0.5146839618682861,9.027350425720215,65,,,,,,,,,,,,
,,107739,3.0,0.4454182982444763,0.8788666725158691,0.5004966855049133,0.5025036334991455,0.4847031235694885,8.967870712280273,239.0,0.18250687420368195,9.595795631408691,65,,,,,,,,,,,,
,,107749,3.0,0.4009550213813782,0.8689333200454712,0.5074374079704285,0.5240746140480042,0.4993162751197815,8.303457260131836,322.0,4.738363265991211,13.44277572631836,65,,,,,,,,,,,,
,,107759,3.0,0.48458656668663025,0.8533999919891357,0.48681026697158813,0.4559189975261688,0.46713781356811523,7.4254231452941895,369.0,1.504942536354065,9.414952278137207,65,,,,,,,,,,,,
,,107769,3.0,0.5523350238800049,0.8475333452224731,0.500730037689209,0.5034871697425842,0.48072725534439087,6.637433052062988,181.0,3.1260263919830322,10.315793991088867,65,,,,,,,,,,,,
,,107779,3.0,0.4542764127254486,0.8530666828155518,0.5057245492935181,0.5383354425430298,0.4847809076309204,9.45801830291748,175.0,0.9830381870269775,10.895332336425781,65,,,,,,,,,,,,
,,107789,3.0,0.35577282309532166,0.8925333619117737,0.5118717551231384,0.5606619715690613,0.5045175552368164,9.863256454467773,145.0,1.7881525754928589,12.007182121276855,65,,,,,,,,,,,,
,,107799,3.0,0.4654912054538727,0.8822000026702881,0.51188063621521,0.5388321876525879,0.5071842074394226,6.0410051345825195,186.0,11.229104995727539,17.7356014251709,65,,,,,,,,,,,,
,,107809,3.0,0.47415754199028015,0.8935333490371704,0.5084922909736633,0.5295537710189819,0.5029029846191406,9.040237426757812,166.0,5.5049543380737305,15.019349098205566,65,,,,,,,,,,,,
,,107819,3.0,0.4143165051937103,0.8889999985694885,0.5063177943229675,0.5184415578842163,0.5009638071060181,7.306620121002197,257.0,2.449432611465454,10.170369148254395,65,,,,,,,,,,,,
,,107829,3.0,0.3857637047767639,0.8581333160400391,0.49551910161972046,0.4543374180793762,0.4650742709636688,7.125067710876465,121.0,0.16675585508346558,7.677587032318115,65,,,,,,,,,,,,
,,107839,3.0,0.3844049870967865,0.8999999761581421,0.5518070459365845,0.613450288772583,0.5653161406517029,8.377371788024902,334.0,2.4672601222991943,11.229037284851074,65,,,,,,,,,,,,
,,107849,3.0,0.5816190838813782,0.8615999817848206,0.5122483968734741,0.6376280188560486,0.4921189248561859,7.15463399887085,79.0,0.1048632264137268,7.841116428375244,65,,,,,,,,,,,,
,,107859,3.0,0.5395548343658447,0.8391333222389221,0.4907866418361664,0.4482586681842804,0.4615544378757477,7.630615234375,150.0,22.25542449951172,30.425594329833984,65,,,,,,,,,,,,
,,107869,3.0,0.4203788936138153,0.8663333058357239,0.5141347050666809,0.5599236488342285,0.5055652260780334,5.777451038360596,225.0,7.71445369720459,13.912282943725586,65,,,,,,,,,,,,
,,107879,3.0,0.5519541501998901,0.8431333303451538,0.4919918179512024,0.4795525074005127,0.4788353443145752,8.306387901306152,350.0,1.5491348505020142,10.407477378845215,65,,,,,,,,,,,,
,,107889,3.0,0.354636549949646,0.8852666616439819,0.5005057454109192,0.5064523816108704,0.47754546999931335,6.4974870681762695,93.0,0.09488435834646225,6.94700813293457,65,,,,,,,,,,,,
,,107899,3.0,0.39359167218208313,0.871066689491272,0.5116906762123108,0.5685630440711975,0.4991239905357361,12.241939544677734,245.0,1.4179311990737915,14.053462982177734,65,,,,,,,,,,,,
,,107909,3.0,0.47694411873817444,0.8744666576385498,0.4934476912021637,0.47780629992485046,0.4788864552974701,6.250934600830078,193.0,6.325052261352539,13.05293083190918,65,,,,,,,,,,,,
,,107919,3.0,0.278999924659729,0.8913333415985107,0.5055278539657593,0.5465146899223328,0.4900977313518524,5.610473155975342,82.0,1.7718132734298706,7.661286354064941,65,,,,,,,,,,,,
,,107929,3.0,0.4650140106678009,0.8755333423614502,0.4973679184913635,0.48205605149269104,0.4757208526134491,5.140038967132568,158.0,4.04260778427124,9.647661209106445,65,,,,,,,,,,,,
,,107939,3.0,0.4195309281349182,0.8587333559989929,0.5124126672744751,0.5642486810684204,0.4993015229701996,5.414427280426025,160.0,6.752578258514404,12.586536407470703,65,,,,,,,,,,,,
,,107949,3.0,0.44249704480171204,0.8624666929244995,0.53226637840271,0.5606178045272827,0.5368837118148804,6.825518608093262,329.0,7.363804817199707,14.631820678710938,65,,,,,,,,,,,,
,,107959,3.0,0.4822462499141693,0.8611999750137329,0.4938111901283264,0.46984606981277466,0.47208380699157715,10.212848663330078,258.0,0.08202850818634033,10.77712345123291,65,,,,,,,,,,,,
,,107969,3.0,0.4245034158229828,0.8430666923522949,0.507388710975647,0.6275590658187866,0.4764801263809204,5.229011535644531,61.0,0.2973026633262634,5.950817584991455,65,,,,,,,,,,,,
,,107979,3.0,0.5637196898460388,0.8525333404541016,0.4922454357147217,0.47233912348747253,0.4737420082092285,6.685730934143066,249.0,9.258706092834473,16.508155822753906,65,,,,,,,,,,,,
,,107989,3.0,0.4132636785507202,0.8898000121116638,0.4982738792896271,0.49392789602279663,0.48716962337493896,5.957840919494629,216.0,4.411757946014404,10.782862663269043,65,,,,,,,,,,,,
,,107999,3.0,0.5035899877548218,0.8153333067893982,0.5017736554145813,0.5185966491699219,0.4647025763988495,5.800723552703857,114.0,13.531810760498047,19.836124420166016,65,,,,,,,,,,,,
,,108009,3.0,0.2524234354496002,0.9223999977111816,0.5163654685020447,0.651884138584137,0.5141565203666687,16.779525756835938,69.0,0.5359963774681091,17.56794548034668,65,,,,,,,,,,,,
,,108019,3.0,0.4862804710865021,0.8537999987602234,0.5150384306907654,0.5822842717170715,0.5016899704933167,5.787766933441162,183.0,6.884408950805664,13.158456802368164,65,,,,,,,,,,,,
,,108029,3.0,0.4705885648727417,0.8476666808128357,0.5134862065315247,0.6139014959335327,0.493145614862442,5.829694747924805,162.0,3.210019588470459,9.510303497314453,65,,,,,,,,,,,,
,,108039,3.0,0.39167556166648865,0.8561999797821045,0.4982980191707611,0.43933096528053284,0.4617253541946411,4.415367126464844,37.0,0.05933944880962372,4.866382122039795,65,,,,,,,,,,,,
,,108049,3.0,0.5142030715942383,0.8263999819755554,0.49872836470603943,0.4934951364994049,0.4728982746601105,10.297002792358398,272.0,2.7581982612609863,13.569404602050781,65,,,,,,,,,,,,
,,108059,3.0,0.40266552567481995,0.8426666855812073,0.4990765154361725,0.4737706482410431,0.46023523807525635,4.0132527351379395,44.0,0.058749809861183167,4.474668025970459,65,,,,,,,,,,,,
,,108069,3.0,0.4697502553462982,0.8477333188056946,0.5006458163261414,0.5046824216842651,0.4747847616672516,10.328861236572266,163.0,0.9614369869232178,11.760048866271973,65,,,,,,,,,,,,
,,108079,3.0,0.37112289667129517,0.8875333070755005,0.4988453686237335,0.49646568298339844,0.4895095229148865,6.845915794372559,303.0,0.7366675138473511,7.95370626449585,65,,,,,,,,,,,,
,,108089,3.0,0.37763795256614685,0.8895999789237976,0.5080780982971191,0.5281563401222229,0.5018174648284912,8.620535850524902,201.0,3.015367031097412,12.013540267944336,65,,,,,,,,,,,,
,,108099,3.0,0.43903952836990356,0.9028000235557556,0.5268069505691528,0.5548267960548401,0.5319331884384155,10.039987564086914,359.0,1.3175137042999268,11.796540260314941,65,,,,,,,,,,,,
,,108109,3.0,0.4099264144897461,0.8700000047683716,0.5007182955741882,0.5046671628952026,0.4805712103843689,9.350107192993164,154.0,0.5027819871902466,10.262815475463867,65,,,,,,,,,,,,
,,108119,3.0,0.36897528171539307,0.8778666853904724,0.49063900113105774,0.47007641196250916,0.47602754831314087,6.2538371086120605,376.0,7.41988468170166,14.042696952819824,65,,,,,,,,,,,,
,,108129,3.0,0.4969129264354706,0.8339999914169312,0.4902399480342865,0.46726158261299133,0.46980196237564087,9.61456298828125,332.0,4.958190441131592,15.069665908813477,65,,,,,,,,,,,,
,,108139,3.0,0.5518301725387573,0.8177333474159241,0.4873393177986145,0.4270334243774414,0.45202720165252686,10.42499828338623,232.0,0.7316593527793884,11.708487510681152,65,,,,,,,,,,,,
,,108149,3.0,0.4415293335914612,0.8737333416938782,0.49090760946273804,0.44628164172172546,0.46683114767074585,6.282649517059326,179.0,3.0518221855163574,9.7760009765625,65,,,,,,,,,,,,
,,108159,3.0,0.40570735931396484,0.8686000108718872,0.49842292070388794,0.4843270182609558,0.4722985625267029,5.798740386962891,110.0,3.0125136375427246,9.216960906982422,65,,,,,,,,,,,,
,,108169,3.0,0.47031301259994507,0.8838000297546387,0.5009832382202148,0.50318843126297,0.4915340840816498,6.490838527679443,231.0,1.0014593601226807,7.962611198425293,65,,,,,,,,,,,,
,,108179,3.0,0.6502698063850403,0.8263333439826965,0.5003883242607117,0.5009170174598694,0.4903612732887268,8.159289360046387,356.0,5.775821208953857,14.585380554199219,65,,,,,,,,,,,,
,,108189,3.0,0.48466727137565613,0.8439333438873291,0.5053638219833374,0.5281493663787842,0.48568016290664673,7.34016752243042,194.0,20.861133575439453,28.68596839904785,65,,,,,,,,,,,,
,,108199,3.0,0.44313889741897583,0.8451333045959473,0.49484091997146606,0.436624139547348,0.45931276679039,6.602039813995361,81.0,0.3325619697570801,7.377740859985352,65,,,,,,,,,,,,
,,108209,3.0,0.5599780678749084,0.8336666822433472,0.5024595260620117,0.5110135674476624,0.48204362392425537,7.815500736236572,282.0,2.2875418663024902,10.663021087646484,65,,,,,,,,,,,,
,,108219,3.0,0.4345848858356476,0.885200023651123,0.5218918919563293,0.5555063486099243,0.523672342300415,6.73322057723999,256.0,18.299161911010742,25.466968536376953,65,,,,,,,,,,,,
,,108229,3.0,0.5159820914268494,0.8594666719436646,0.5067976117134094,0.5334984660148621,0.4914959669113159,8.741704940795898,295.0,2.177760124206543,11.435446739196777,65,,,,,,,,,,,,
,,108239,3.0,0.6006664037704468,0.8601999878883362,0.491117388010025,0.4715416133403778,0.47490283846855164,6.398017406463623,330.0,3.370711326599121,10.36939525604248,65,,,,,,,,,,,,
,,108249,3.0,0.5075719356536865,0.8592000007629395,0.49019330739974976,0.4656085669994354,0.471826434135437,10.195021629333496,311.0,0.2319459468126297,10.934539794921875,65,,,,,,,,,,,,
,,108259,3.0,0.4816330671310425,0.8414000272750854,0.503795862197876,0.5272667407989502,0.4784787893295288,6.489653587341309,134.0,2.774876594543457,9.746163368225098,65,,,,,,,,,,,,
,,108269,3.0,0.4941796362400055,0.8022666573524475,0.4959682822227478,0.45065176486968994,0.4507407546043396,4.7338409423828125,92.0,1.4995754957199097,6.727596282958984,65,,,,,,,,,,,,
,,108279,3.0,0.36780601739883423,0.8777333498001099,0.5178384780883789,0.5543999075889587,0.5159329771995544,7.556528568267822,265.0,28.604700088500977,36.52903366088867,65,,,,,,,,,,,,
,,108289,3.0,0.3097591698169708,0.9021999835968018,0.501469612121582,0.5135127305984497,0.484937846660614,4.509298801422119,64.0,4.957129001617432,9.7761869430542,65,,,,,,,,,,,,
,,108299,3.0,0.6874633431434631,0.8248000144958496,0.4939853847026825,0.47615620493888855,0.4704965054988861,6.576112747192383,257.0,3.5373945236206055,10.800970077514648,65,,,,,,,,,,,,
,,108309,3.0,0.4830624461174011,0.8392666578292847,0.4994051456451416,0.4905882477760315,0.46320411562919617,4.403563022613525,57.0,2.9586381912231445,7.845263481140137,65,,,,,,,,,,,,
,,108319,3.0,0.4810255765914917,0.8738666772842407,0.5287854075431824,0.5687816739082336,0.532446026802063,9.421295166015625,317.0,8.780962944030762,18.683284759521484,65,,,,,,,,,,,,
,,108329,3.0,0.5957736968994141,0.8316666483879089,0.5009270906448364,0.5172937512397766,0.46253907680511475,5.9680304527282715,66.0,0.03749878332018852,6.6013031005859375,65,,,,,,,,,,,,
,,108339,3.0,0.5118305087089539,0.8262666463851929,0.5059890151023865,0.5470384359359741,0.4773397743701935,7.732597827911377,142.0,2.4684665203094482,10.712895393371582,65,,,,,,,,,,,,
,,108349,3.0,0.47316354513168335,0.8523333072662354,0.5097844004631042,0.5617474317550659,0.4916364848613739,5.969795227050781,131.0,7.029738903045654,13.472698211669922,65,,,,,,,,,,,,
,,108359,3.0,0.4914497137069702,0.8617333173751831,0.5048081874847412,0.5138082504272461,0.49638864398002625,7.579409122467041,290.0,9.211889266967773,17.28274917602539,65,,,,,,,,,,,,
,,108369,3.0,0.5994823575019836,0.8357333540916443,0.5332161784172058,0.5717383623123169,0.5357054471969604,7.866100788116455,517.0,19.53928565979004,28.004867553710938,65,,,,,,,,,,,,
,,108379,3.0,0.3044872283935547,0.9049333333969116,0.5088168978691101,0.5732775330543518,0.49838167428970337,5.247791767120361,71.0,5.070428371429443,10.62270736694336,65,,,,,,,,,,,,
,,108389,3.0,0.4328123927116394,0.8407999873161316,0.49301809072494507,0.473286896944046,0.4720606505870819,6.4841837882995605,274.0,27.973196029663086,34.89019012451172,65,,,,,,,,,,,,
,,108399,3.0,0.3734809458255768,0.8864666819572449,0.4969506561756134,0.47460779547691345,0.47511881589889526,6.685641288757324,120.0,0.04992832988500595,7.109050273895264,65,,,,,,,,,,,,
,,108409,3.0,0.5017426609992981,0.8507999777793884,0.5004864931106567,0.5011755228042603,0.4920467734336853,9.414978981018066,295.0,3.252605438232422,13.169326782226562,65,,,,,,,,,,,,
,,108419,3.0,0.30472245812416077,0.9074000120162964,0.5123623013496399,0.6020437479019165,0.5048054456710815,5.568800926208496,95.0,1.7124675512313843,7.585990905761719,65,,,,,,,,,,,,
,,108429,3.0,0.38498690724372864,0.8958666920661926,0.5025426745414734,0.5337629318237305,0.4831554889678955,3.9187238216400146,37.0,0.1654479056596756,4.46915864944458,65,,,,,,,,,,,,
,,108439,3.0,0.3338475525379181,0.8761333227157593,0.5322139859199524,0.6465861201286316,0.5337491035461426,9.630430221557617,236.0,0.2683374285697937,10.23261547088623,65,,,,,,,,,,,,
,,108449,3.0,0.4085204303264618,0.841533362865448,0.5038139224052429,0.5250915884971619,0.47967833280563354,6.244783878326416,180.0,0.6284937262535095,7.281797885894775,65,,,,,,,,,,,,
,,108459,3.0,0.5144252777099609,0.8371333479881287,0.5013918876647949,0.5156719088554382,0.4687199294567108,7.758127689361572,90.0,0.6022096872329712,8.874762535095215,65,,,,,,,,,,,,
,,108469,3.0,0.6440261006355286,0.8259333372116089,0.4910973012447357,0.464529424905777,0.46634441614151,7.040006160736084,361.0,1.73565673828125,9.419689178466797,65,,,,,,,,,,,,
,,108479,3.0,0.3096584379673004,0.8971999883651733,0.5144469141960144,0.5725990533828735,0.5094494819641113,5.775496006011963,125.0,6.7562761306762695,12.8414306640625,65,,,,,,,,,,,,
,,108489,3.0,0.41919535398483276,0.8740666508674622,0.5101208090782166,0.5817210078239441,0.49425268173217773,5.091455936431885,129.0,2.2256252765655518,7.736276626586914,65,,,,,,,,,,,,
,,108499,3.0,0.7522487044334412,0.8367999792098999,0.5015912652015686,0.5047751069068909,0.4884733557701111,8.420587539672852,257.0,5.420212745666504,14.593049049377441,65,,,,,,,,,,,,
,,108509,3.0,0.49564239382743835,0.8763999938964844,0.4997238516807556,0.4994116425514221,0.4944606423377991,12.560096740722656,383.0,0.6680835485458374,13.723822593688965,65,,,,,,,,,,,,
,,108519,3.0,0.4877703785896301,0.8564000129699707,0.4996100664138794,0.4961899518966675,0.4717135429382324,6.526461601257324,127.0,3.2389492988586426,10.253181457519531,65,,,,,,,,,,,,
,,108529,3.0,0.3657655715942383,0.857200026512146,0.5059587359428406,0.5512987375259399,0.4832943081855774,5.5926055908203125,127.0,0.41081222891807556,6.369183540344238,65,,,,,,,,,,,,
,,108539,3.0,0.3075767159461975,0.8962000012397766,0.5014230012893677,0.5116661190986633,0.4845050871372223,4.82893705368042,94.0,1.8628461360931396,6.999360084533691,65,,,,,,,,,,,,
,,108549,3.0,0.6133845448493958,0.8168666958808899,0.4942024052143097,0.47739946842193604,0.4699760973453522,7.115143775939941,273.0,1.9198501110076904,9.648378372192383,65,,,,,,,,,,,,
,,108559,3.0,0.3044000267982483,0.8878666758537292,0.4972897171974182,0.48661085963249207,0.4813081622123718,6.424037933349609,137.0,1.6298776865005493,8.358315467834473,65,,,,,,,,,,,,
,,108569,3.0,0.5084022283554077,0.8582000136375427,0.5041155815124512,0.5224233269691467,0.48585745692253113,12.461223602294922,294.0,0.6385464668273926,13.608171463012695,65,,,,,,,,,,,,
,,108579,3.0,0.5260737538337708,0.8183333277702332,0.5061231851577759,0.5498483180999756,0.47520366311073303,14.410599708557129,195.0,0.36149847507476807,15.298171997070312,65,,,,,,,,,,,,
,,108589,3.0,0.25978633761405945,0.9290000200271606,0.5505340695381165,0.5895498394966125,0.5625032782554626,7.603785514831543,218.0,1.5189532041549683,9.382524490356445,65,,,,,,,,,,,,
,,108599,3.0,0.49595022201538086,0.8451333045959473,0.4961877763271332,0.469510018825531,0.4660234749317169,6.245881080627441,118.0,0.9301509857177734,7.671982288360596,65,,,,,,,,,,,,
,,108609,3.0,0.25537070631980896,0.9308000206947327,0.498568058013916,0.4963710606098175,0.49428191781044006,8.347293853759766,171.0,0.1460047960281372,8.748669624328613,65,,,,,,,,,,,,
,,108619,3.0,0.4234777092933655,0.8813333511352539,0.5299090147018433,0.6147052645683289,0.5323193073272705,10.232966423034668,234.0,0.6411047577857971,11.2975492477417,65,,,,,,,,,,,,
,,108629,3.0,0.3989582061767578,0.8642666935920715,0.4996870458126068,0.4762084484100342,0.4645712375640869,2.542905330657959,12.0,0.07263003289699554,3.014493465423584,65,,,,,,,,,,,,
,,108639,3.0,0.3936966359615326,0.8721333146095276,0.500291109085083,0.5008094310760498,0.49144017696380615,7.075296401977539,294.0,15.95275592803955,23.421749114990234,65,,,,,,,,,,,,
,,108649,3.0,0.46899744868278503,0.8446000218391418,0.5111911296844482,0.5416733622550964,0.4995919167995453,8.943041801452637,263.0,3.498363971710205,12.910402297973633,65,,,,,,,,,,,,
,,108659,3.0,0.625048816204071,0.8237333297729492,0.494585782289505,0.4459889233112335,0.4561295211315155,6.23787260055542,169.0,14.979860305786133,21.84278106689453,65,,,,,,,,,,,,
,,108669,3.0,0.4798502027988434,0.8442000150680542,0.5059364438056946,0.5585852265357971,0.47890281677246094,5.59151554107666,98.0,10.324602127075195,16.395967483520508,65,,,,,,,,,,,,
,,108679,3.0,0.49489742517471313,0.8471333384513855,0.49495115876197815,0.47138750553131104,0.4692158102989197,7.189480781555176,236.0,2.7573492527008057,10.441727638244629,65,,,,,,,,,,,,
,,108689,3.0,0.48848986625671387,0.8691333532333374,0.4954817593097687,0.48255082964897156,0.47926947474479675,6.802779674530029,292.0,2.3500373363494873,9.64130687713623,65,,,,,,,,,,,,
,,108699,3.0,0.5558185577392578,0.8485333323478699,0.5084370374679565,0.5298135280609131,0.4969622790813446,6.660306930541992,304.0,3.0885329246520996,10.304658889770508,65,,,,,,,,,,,,
,,108709,3.0,0.637338399887085,0.8011333346366882,0.48955023288726807,0.44000717997550964,0.45229312777519226,9.746628761291504,246.0,0.3938566744327545,10.777824401855469,65,,,,,,,,,,,,
,,108719,3.0,0.4086405336856842,0.8856666684150696,0.49926748871803284,0.48536837100982666,0.4731449484825134,3.8999485969543457,36.0,4.738866329193115,9.047454833984375,65,,,,,,,,,,,,
,,108729,3.0,0.5622066855430603,0.824733316898346,0.49654388427734375,0.4401366114616394,0.4542255103588104,4.258055686950684,71.0,0.5977119207382202,5.417974472045898,65,,,,,,,,,,,,
,,108739,3.0,0.48946908116340637,0.879800021648407,0.48645728826522827,0.47428858280181885,0.47883495688438416,9.296829223632812,275.0,4.352004051208496,14.13830280303955,65,,,,,,,,,,,,
,,108749,3.0,0.5239484310150146,0.8661999702453613,0.5047696828842163,0.5197973251342773,0.49176469445228577,10.608365058898926,318.0,0.044425465166568756,11.176738739013672,65,,,,,,,,,,,,
,,108759,3.0,0.3337640166282654,0.8907333612442017,0.5061795711517334,0.5455489158630371,0.4920714497566223,6.218545436859131,100.0,2.0280821323394775,8.580391883850098,65,,,,,,,,,,,,
,,108769,3.0,0.35597115755081177,0.9068666696548462,0.4908902645111084,0.469296395778656,0.47841963171958923,5.68709135055542,200.0,6.900185585021973,12.943248748779297,65,,,,,,,,,,,,
,,108779,3.0,0.21869465708732605,0.9391999840736389,0.4925858676433563,0.4838424324989319,0.48758816719055176,6.180375099182129,183.0,4.479017734527588,10.878087997436523,65,,,,,,,,,,,,
,,108789,3.0,0.357215940952301,0.888533353805542,0.5116758346557617,0.564970850944519,0.5028057098388672,8.663924217224121,184.0,1.3213083744049072,10.342448234558105,65,,,,,,,,,,,,
,,108799,3.0,0.6342949271202087,0.8106666803359985,0.4931405782699585,0.46842801570892334,0.4638805687427521,6.609230041503906,292.0,5.794703960418701,13.038228988647461,65,,,,,,,,,,,,
,,108809,3.0,0.42693570256233215,0.8413333296775818,0.5040968656539917,0.5243271589279175,0.4814813733100891,7.232508659362793,174.0,4.422321319580078,12.081766128540039,65,,,,,,,,,,,,
,,108819,3.0,0.4139426648616791,0.8791999816894531,0.4878219664096832,0.46614739298820496,0.4743672311306,11.315040588378906,360.0,0.17276951670646667,11.901752471923828,65,,,,,,,,,,,,
,,108829,3.0,0.4701433777809143,0.8370000123977661,0.4968288242816925,0.4805743992328644,0.46905410289764404,6.625051498413086,140.0,5.766068935394287,12.861263275146484,65,,,,,,,,,,,,
,,108839,3.0,0.477516233921051,0.8461999893188477,0.5009151101112366,0.5049242377281189,0.47896867990493774,7.987636566162109,199.0,1.760403037071228,10.225555419921875,65,,,,,,,,,,,,
,,108849,3.0,0.3309533894062042,0.8799333572387695,0.5020616054534912,0.5244724750518799,0.47941309213638306,4.341550350189209,62.0,0.21724145114421844,4.889745235443115,65,,,,,,,,,,,,
,,108859,3.0,0.4671393632888794,0.8734666705131531,0.5275053381919861,0.5724971890449524,0.5301694273948669,8.412220001220703,292.0,5.343794345855713,14.223154067993164,65,,,,,,,,,,,,
,,108869,3.0,0.3615661859512329,0.8880000114440918,0.5071629285812378,0.5575670003890991,0.4924413859844208,5.5626020431518555,81.0,2.220695972442627,8.144864082336426,65,,,,,,,,,,,,
,,108879,3.0,0.4094344973564148,0.8847333192825317,0.49053606390953064,0.47134122252464294,0.47735875844955444,13.326961517333984,382.0,0.135725736618042,13.872121810913086,65,,,,,,,,,,,,
,,108889,3.0,0.4824521541595459,0.8373333215713501,0.5001772046089172,0.500697135925293,0.48154619336128235,5.809821128845215,260.0,24.208860397338867,30.50113296508789,65,,,,,,,,,,,,
,,108899,3.0,0.6600510478019714,0.8541333079338074,0.49470528960227966,0.4772217273712158,0.4743543267250061,8.1090087890625,317.0,1.0841563940048218,9.853216171264648,65,,,,,,,,,,,,
,,108909,3.0,0.523978054523468,0.8413333296775818,0.4920203983783722,0.45647746324539185,0.4643093943595886,6.164661407470703,229.0,9.730474472045898,16.419113159179688,65,,,,,,,,,,,,
,,108919,3.0,0.5823685526847839,0.8463333249092102,0.4972566068172455,0.4899519979953766,0.4798148572444916,8.305235862731934,229.0,4.26863956451416,13.156244277954102,65,,,,,,,,,,,,
,,108929,3.0,0.36068716645240784,0.8511999845504761,0.49884358048439026,0.48234325647354126,0.46552950143814087,4.490156173706055,56.0,0.4290178120136261,5.2798614501953125,65,,,,,,,,,,,,
,,108939,3.0,0.3392648994922638,0.8799333572387695,0.5136563777923584,0.5753042697906494,0.5044460296630859,16.703908920288086,229.0,0.14002150297164917,17.183197021484375,65,,,,,,,,,,,,
,,108949,3.0,0.6547237038612366,0.7960666418075562,0.4955270290374756,0.48616474866867065,0.47433707118034363,6.5635247230529785,350.0,5.017274379730225,12.235523223876953,65,,,,,,,,,,,,
,,108959,3.0,0.4097185432910919,0.8350666761398315,0.5023158192634583,0.5159195065498352,0.47542959451675415,5.767867088317871,130.0,2.3887484073638916,8.566333770751953,65,,,,,,,,,,,,
2.5302449920356623e-05,0.0002530244992035662,108965,,,,,,,,,,,,,,,,,,,,,,,
,,108969,3.0,0.43077602982521057,0.8463333249092102,0.5223296284675598,0.6010935306549072,0.5134828090667725,9.184536933898926,363.0,0.740974485874176,10.356287002563477,66,,,,,,,,,,,,
,,108979,3.0,0.3365866541862488,0.8702666759490967,0.5086482167243958,0.5781307816505432,0.4900926649570465,4.559651851654053,77.0,0.8974999785423279,5.79373836517334,66,,,,,,,,,,,,
,,108989,3.0,0.4965585470199585,0.8768666386604309,0.5039867162704468,0.5102440118789673,0.4980345368385315,7.223077774047852,338.0,4.962643146514893,12.682279586791992,66,,,,,,,,,,,,
,,108999,3.0,0.5070576071739197,0.8575999736785889,0.49402081966400146,0.47925832867622375,0.4774402678012848,9.206192970275879,343.0,0.2826787233352661,9.995928764343262,66,,,,,,,,,,,,
,,109009,3.0,0.5796218514442444,0.8516666889190674,0.49539652466773987,0.48648035526275635,0.48171499371528625,8.514083862304688,387.0,1.2781665325164795,10.371872901916504,66,,,,,,,,,,,,
,,109019,3.0,0.4228544235229492,0.8492000102996826,0.5084013938903809,0.5467125177383423,0.49048396944999695,7.129708290100098,146.0,11.744054794311523,19.29661750793457,66,,,,,,,,,,,,
,,109029,3.0,0.43562567234039307,0.8230666518211365,0.4966128170490265,0.45571181178092957,0.4562782645225525,4.606356620788574,78.0,1.1006923913955688,6.142674446105957,66,,,,,,,,,,,,
,,109039,3.0,0.44764643907546997,0.837066650390625,0.49125564098358154,0.46175992488861084,0.4663754999637604,7.981586456298828,302.0,0.19581009447574615,8.625042915344238,66,,,,,,,,,,,,
,,109049,3.0,0.3668191134929657,0.885866641998291,0.5030975341796875,0.5204190015792847,0.4871479868888855,5.527698993682861,100.0,0.9684799313545227,6.862998008728027,66,,,,,,,,,,,,
,,109059,3.0,0.45376625657081604,0.8651999831199646,0.5026502013206482,0.539483904838562,0.4753965735435486,11.528722763061523,102.0,0.008712920360267162,11.991201400756836,66,,,,,,,,,,,,
,,109069,3.0,0.5532002449035645,0.8059333562850952,0.507217288017273,0.5519471764564514,0.4756276309490204,9.23023796081543,246.0,0.3945753276348114,10.17801284790039,66,,,,,,,,,,,,
,,109079,3.0,0.3774392008781433,0.8700000047683716,0.5017551779747009,0.5106825828552246,0.48295533657073975,6.291038513183594,113.0,4.530013084411621,11.198490142822266,66,,,,,,,,,,,,
,,109089,3.0,0.42360255122184753,0.8505333065986633,0.5013718605041504,0.5137410163879395,0.47297969460487366,5.568614959716797,114.0,1.6877765655517578,7.679994106292725,66,,,,,,,,,,,,
,,109099,3.0,0.36145633459091187,0.8930000066757202,0.5114266276359558,0.5598093271255493,0.5036980509757996,9.946772575378418,186.0,0.10065743327140808,10.408885955810547,66,,,,,,,,,,,,
,,109109,3.0,0.4049919843673706,0.8510000109672546,0.5102684497833252,0.5793864130973816,0.48980647325515747,6.5309553146362305,131.0,1.1534422636032104,8.08938980102539,66,,,,,,,,,,,,
,,109119,3.0,0.30483129620552063,0.9073333144187927,0.4984144866466522,0.48883238434791565,0.4827830195426941,5.251289367675781,121.0,1.718894362449646,7.275015354156494,66,,,,,,,,,,,,
,,109129,3.0,0.40396395325660706,0.8485333323478699,0.5129892826080322,0.6070009469985962,0.4928281307220459,5.750485420227051,155.0,5.905328750610352,12.059778213500977,66,,,,,,,,,,,,
,,109139,3.0,0.4268752932548523,0.8464666604995728,0.5051809549331665,0.5702646970748901,0.4754924178123474,4.627392292022705,71.0,0.30943164229393005,5.363698959350586,66,,,,,,,,,,,,
,,109149,3.0,0.6433203816413879,0.8232666850090027,0.515510082244873,0.5742151737213135,0.49818703532218933,6.039799213409424,238.0,9.018333435058594,15.70145320892334,66,,,,,,,,,,,,
,,109159,3.0,0.3183131814002991,0.8925999999046326,0.50514155626297,0.5356792211532593,0.49123820662498474,6.986536979675293,122.0,1.3860225677490234,8.690872192382812,66,,,,,,,,,,,,
,,109169,3.0,0.5557247996330261,0.8461333513259888,0.509675145149231,0.5476757884025574,0.49348750710487366,7.102840423583984,155.0,12.546622276306152,20.20518684387207,66,,,,,,,,,,,,
,,109179,3.0,0.5484218597412109,0.8344666957855225,0.5002341270446777,0.5045041441917419,0.4619690477848053,4.468236446380615,50.0,0.47556427121162415,5.492222785949707,66,,,,,,,,,,,,
,,109189,3.0,0.9003151655197144,0.7643333077430725,0.48754480481147766,0.44444504380226135,0.44828492403030396,6.817190647125244,357.0,2.6741511821746826,10.391656875610352,66,,,,,,,,,,,,
,,109199,3.0,0.537189245223999,0.8432666659355164,0.5059101581573486,0.5300092101097107,0.4868679642677307,6.2963948249816895,148.0,2.8364310264587402,9.670015335083008,66,,,,,,,,,,,,
,,109209,3.0,0.4221635162830353,0.8655999898910522,0.4849392771720886,0.4595114588737488,0.46983084082603455,8.380712509155273,390.0,31.578561782836914,40.381439208984375,66,,,,,,,,,,,,
,,109219,3.0,0.5080394148826599,0.8480666875839233,0.5214045643806458,0.5819719433784485,0.5145590305328369,6.962776184082031,303.0,4.517143726348877,11.987958908081055,66,,,,,,,,,,,,
,,109229,3.0,0.27262088656425476,0.8980000019073486,0.513620138168335,0.6251963376998901,0.5042829513549805,8.803192138671875,118.0,0.23005492985248566,9.305868148803711,66,,,,,,,,,,,,
,,109239,3.0,0.5520247220993042,0.8592666387557983,0.5006703734397888,0.5014335513114929,0.49470946192741394,7.4713921546936035,320.0,15.109211921691895,23.13262939453125,66,,,,,,,,,,,,
,,109249,3.0,0.4153713583946228,0.8748000264167786,0.5020022988319397,0.5198602080345154,0.4795171022415161,8.486275672912598,101.0,0.72469162940979,9.626338005065918,66,,,,,,,,,,,,
,,109259,3.0,0.40193483233451843,0.8561999797821045,0.5064446330070496,0.5275586247444153,0.49235430359840393,6.828098297119141,222.0,21.010583877563477,28.240615844726562,66,,,,,,,,,,,,
,,109269,3.0,0.5710532069206238,0.8402000069618225,0.5022016167640686,0.51126629114151,0.48060402274131775,6.963356971740723,178.0,5.949757099151611,13.484167098999023,66,,,,,,,,,,,,
,,109279,3.0,0.5469461679458618,0.8704000115394592,0.4879680871963501,0.48212525248527527,0.4840727746486664,8.467418670654297,459.0,27.234468460083008,36.24883270263672,66,,,,,,,,,,,,
,,109289,3.0,0.33417177200317383,0.8712666630744934,0.49629297852516174,0.47357770800590515,0.47271478176116943,4.989890098571777,107.0,2.6517179012298584,7.9757795333862305,66,,,,,,,,,,,,
,,109299,3.0,0.49648013710975647,0.8690666556358337,0.488605260848999,0.46092164516448975,0.47097980976104736,6.624922275543213,306.0,1.68308687210083,8.804489135742188,66,,,,,,,,,,,,
,,109309,3.0,0.42090466618537903,0.8568000197410583,0.5008562803268433,0.5199137926101685,0.4678340554237366,4.722731590270996,44.0,0.1477692723274231,5.29140567779541,66,,,,,,,,,,,,
,,109319,3.0,0.3812938332557678,0.8429999947547913,0.5023288130760193,0.5198308229446411,0.4744967520236969,5.718807697296143,141.0,1.7188340425491333,7.818935394287109,66,,,,,,,,,,,,
,,109329,3.0,0.5192075371742249,0.8490666747093201,0.49548935890197754,0.4807252585887909,0.4749029278755188,8.2210054397583,283.0,1.3095582723617554,10.049771308898926,66,,,,,,,,,,,,
,,109339,3.0,0.48827266693115234,0.88673335313797,0.4952394664287567,0.4871159791946411,0.4858782887458801,5.907589912414551,344.0,9.453347206115723,15.849209785461426,66,,,,,,,,,,,,
,,109349,3.0,0.5411579012870789,0.8690666556358337,0.5015084743499756,0.5025650262832642,0.4989483654499054,7.123877048492432,317.0,10.498981475830078,18.164016723632812,66,,,,,,,,,,,,
,,109359,3.0,0.6195029020309448,0.8393333554267883,0.4856793284416199,0.4654460847377777,0.47110262513160706,6.460169792175293,327.0,12.902080535888672,19.981754302978516,66,,,,,,,,,,,,
,,109369,3.0,0.40420737862586975,0.8784666657447815,0.5053377747535706,0.574303150177002,0.4835139214992523,8.57274341583252,92.0,0.006956343539059162,8.983906745910645,66,,,,,,,,,,,,
,,109379,3.0,0.3463907837867737,0.8679999709129333,0.5096074342727661,0.5462877750396729,0.49750953912734985,5.695684909820557,171.0,2.9466123580932617,8.988687515258789,66,,,,,,,,,,,,
,,109389,3.0,0.6582038402557373,0.8191333413124084,0.500794529914856,0.5078552961349487,0.4648069143295288,5.548243999481201,138.0,1.625839114189148,7.832286834716797,66,,,,,,,,,,,,
,,109399,3.0,0.3483158349990845,0.8942000269889832,0.5027037262916565,0.5094962120056152,0.49427545070648193,8.171104431152344,214.0,2.064492702484131,10.583913803100586,66,,,,,,,,,,,,
,,109409,3.0,0.5120921730995178,0.876800000667572,0.4969402551651001,0.48931506276130676,0.4838397800922394,11.364026069641113,366.0,0.027323182672262192,11.903441429138184,66,,,,,,,,,,,,
,,109419,3.0,0.39567437767982483,0.9053333401679993,0.5284731984138489,0.5992525219917297,0.5339974164962769,12.118463516235352,184.0,1.6060036420822144,14.120141983032227,66,,,,,,,,,,,,
,,109429,3.0,0.40470388531684875,0.8605999946594238,0.5068747401237488,0.5311897993087769,0.4928898811340332,10.536466598510742,312.0,0.6540736556053162,11.595244407653809,66,,,,,,,,,,,,
,,109439,3.0,0.3325823247432709,0.8762666583061218,0.5055680274963379,0.568731427192688,0.48411884903907776,5.112790584564209,94.0,1.472280740737915,6.917654037475586,66,,,,,,,,,,,,
,,109449,3.0,0.5948930382728577,0.884066641330719,0.5278076529502869,0.5522259473800659,0.5322412252426147,7.934523582458496,352.0,2.7679505348205566,11.297367095947266,66,,,,,,,,,,,,
,,109459,3.0,0.8134703636169434,0.7879999876022339,0.48460546135902405,0.4409133791923523,0.4522181749343872,6.452725410461426,240.0,10.065773010253906,17.331968307495117,66,,,,,,,,,,,,
,,109469,3.0,0.7446766495704651,0.8122666478157043,0.5117458701133728,0.5343934297561646,0.5000158548355103,6.612639904022217,337.0,10.538344383239746,17.895660400390625,66,,,,,,,,,,,,
,,109479,3.0,0.3542894423007965,0.8535333275794983,0.513306200504303,0.5613306760787964,0.5011621713638306,8.557825088500977,225.0,1.8716484308242798,10.78376293182373,66,,,,,,,,,,,,
,,109489,3.0,0.5359343886375427,0.883400022983551,0.5093925595283508,0.532818078994751,0.5030014514923096,6.487911224365234,140.0,8.212045669555664,15.235891342163086,66,,,,,,,,,,,,
,,109499,3.0,0.3936602473258972,0.8705333471298218,0.52274090051651,0.603537917137146,0.5184624195098877,16.632442474365234,278.0,0.14058302342891693,17.166685104370117,66,,,,,,,,,,,,
,,109509,3.0,0.3293648064136505,0.8709999918937683,0.4946979582309723,0.4464085102081299,0.4665530025959015,4.6792707443237305,70.0,1.6960862874984741,6.704721927642822,66,,,,,,,,,,,,
,,109519,3.0,0.4101411700248718,0.9088000059127808,0.5499224662780762,0.5663485527038574,0.5562580823898315,7.5986552238464355,354.0,8.087182998657227,16.095979690551758,66,,,,,,,,,,,,
,,109529,3.0,0.4241892695426941,0.8871999979019165,0.5145713686943054,0.5636394023895264,0.5091773271560669,9.2750244140625,256.0,0.34434178471565247,10.043556213378906,66,,,,,,,,,,,,
,,109539,3.0,0.2997201681137085,0.8943333625793457,0.5088465213775635,0.5376792550086975,0.5016849040985107,7.516354084014893,193.0,13.402138710021973,21.218212127685547,66,,,,,,,,,,,,
,,109549,3.0,0.42590856552124023,0.866266667842865,0.4986788034439087,0.4889834225177765,0.47389477491378784,5.064773082733154,106.0,1.4750813245773315,6.965763092041016,66,,,,,,,,,,,,
,,109559,3.0,0.29308339953422546,0.9150000214576721,0.5101320743560791,0.538120687007904,0.5072650909423828,6.402046203613281,203.0,0.5124609470367432,7.207590103149414,66,,,,,,,,,,,,
,,109569,3.0,0.38716715574264526,0.876800000667572,0.5125917792320251,0.538817286491394,0.5081950426101685,8.647818565368652,318.0,5.342056751251221,14.377042770385742,66,,,,,,,,,,,,
,,109579,3.0,0.4652981758117676,0.8906000256538391,0.4987466633319855,0.4962001442909241,0.4897702932357788,7.704626560211182,266.0,4.159877777099609,12.329802513122559,66,,,,,,,,,,,,
,,109589,3.0,0.505948007106781,0.8314666748046875,0.4998226463794708,0.4987652003765106,0.4706612229347229,7.83725643157959,235.0,2.0803868770599365,10.423591613769531,66,,,,,,,,,,,,
,,109599,3.0,0.4073942303657532,0.8809999823570251,0.5040669441223145,0.5341260433197021,0.48560261726379395,5.967604160308838,112.0,3.7902047634124756,10.165203094482422,66,,,,,,,,,,,,
,,109609,3.0,0.4091928005218506,0.8551999926567078,0.5166149139404297,0.593878448009491,0.5039972066879272,6.73129415512085,140.0,2.736966848373413,9.877453804016113,66,,,,,,,,,,,,
,,109619,3.0,0.480744868516922,0.8518000245094299,0.5095798969268799,0.5329537391662598,0.4994579255580902,6.706937789916992,271.0,5.355731964111328,12.543415069580078,66,,,,,,,,,,,,
,,109629,3.0,0.33491358160972595,0.8669333457946777,0.49705225229263306,0.45807382464408875,0.46684202551841736,8.572860717773438,98.0,0.03149676322937012,8.939270973205566,66,,,,,,,,,,,,
,,109639,3.0,0.3221089541912079,0.8761333227157593,0.5120109915733337,0.5475577116012573,0.5046204924583435,10.11246395111084,319.0,1.2215255498886108,11.656098365783691,66,,,,,,,,,,,,
,,109649,3.0,0.4202461540699005,0.8820666670799255,0.49138355255126953,0.46143150329589844,0.47257962822914124,10.570016860961914,265.0,0.06325455009937286,11.05351734161377,66,,,,,,,,,,,,
,,109659,3.0,0.3640257716178894,0.8846666812896729,0.5131997466087341,0.6038771867752075,0.5017041563987732,4.460877895355225,88.0,1.3286811113357544,6.1535844802856445,66,,,,,,,,,,,,
,,109669,3.0,0.4824449419975281,0.8225333094596863,0.5006622076034546,0.5165107250213623,0.4579206109046936,3.9804041385650635,40.0,0.6428784132003784,5.105727672576904,66,,,,,,,,,,,,
,,109679,3.0,0.4448358714580536,0.8712000250816345,0.506076455116272,0.5266786813735962,0.4937610626220703,6.059537410736084,192.0,15.373542785644531,21.87791633605957,66,,,,,,,,,,,,
,,109689,3.0,0.31747904419898987,0.8704666495323181,0.5040013194084167,0.5797370076179504,0.47736895084381104,5.129526138305664,60.0,3.2437551021575928,8.690760612487793,66,,,,,,,,,,,,
,,109699,3.0,0.6198461651802063,0.845466673374176,0.5011256337165833,0.504540205001831,0.4837176203727722,6.585205078125,232.0,7.415210247039795,14.620262145996094,66,,,,,,,,,,,,
,,109709,3.0,0.6673819422721863,0.880133330821991,0.5224236845970154,0.5637668967247009,0.5232583284378052,9.839251518249512,288.0,0.45035675168037415,10.956990242004395,66,,,,,,,,,,,,
,,109719,3.0,0.5478807687759399,0.8395333290100098,0.5046596527099609,0.5224654078483582,0.4851114749908447,10.534035682678223,278.0,0.5388211607933044,11.62073802947998,66,,,,,,,,,,,,
,,109729,3.0,0.2823828458786011,0.9073333144187927,0.5099552273750305,0.5538157224655151,0.503491222858429,6.262167930603027,96.0,3.6315078735351562,10.176058769226074,66,,,,,,,,,,,,
,,109739,3.0,0.5520830154418945,0.8640000224113464,0.519997239112854,0.5500362515449524,0.5193153023719788,6.991332054138184,338.0,4.175494194030762,11.71890926361084,66,,,,,,,,,,,,
,,109749,3.0,0.3203504681587219,0.8845999836921692,0.497536838054657,0.47267892956733704,0.4733797013759613,4.627435207366943,69.0,4.3407392501831055,9.288524627685547,66,,,,,,,,,,,,
,,109759,3.0,0.37884458899497986,0.8779333233833313,0.5034540295600891,0.5250024199485779,0.48532524704933167,15.230490684509277,151.0,0.14230233430862427,15.75163745880127,66,,,,,,,,,,,,
,,109769,3.0,0.41855862736701965,0.8460666537284851,0.4962262809276581,0.4699840247631073,0.4663459062576294,5.2781267166137695,129.0,1.628753423690796,7.325438499450684,66,,,,,,,,,,,,
,,109779,3.0,0.43732380867004395,0.8398000001907349,0.503693163394928,0.5337189435958862,0.4751364290714264,9.228504180908203,156.0,0.35202303528785706,10.017850875854492,66,,,,,,,,,,,,
,,109789,3.0,0.5296850204467773,0.8160666823387146,0.49116194248199463,0.4587518572807312,0.4616008400917053,14.681854248046875,309.0,2.739741563796997,17.95128059387207,66,,,,,,,,,,,,
,,109799,3.0,0.6036738157272339,0.8209333419799805,0.49886059761047363,0.49590176343917847,0.4789787232875824,6.404224395751953,261.0,10.281685829162598,17.28958511352539,66,,,,,,,,,,,,
,,109809,3.0,0.3487030863761902,0.8998000025749207,0.5147371888160706,0.5525155067443848,0.5127495527267456,9.38661003112793,245.0,0.3690848648548126,10.104398727416992,66,,,,,,,,,,,,
,,109819,3.0,0.4722767472267151,0.8425999879837036,0.5091270208358765,0.5289363861083984,0.4988613724708557,9.420331001281738,334.0,0.7632895112037659,10.65589714050293,66,,,,,,,,,,,,
,,109829,3.0,0.34832140803337097,0.8917999863624573,0.4990024268627167,0.49506521224975586,0.48455584049224854,13.10623550415039,237.0,0.1313878446817398,13.585944175720215,66,,,,,,,,,,,,
,,109839,3.0,0.39204367995262146,0.8712000250816345,0.5010992884635925,0.5070546865463257,0.48153698444366455,7.373977184295654,154.0,3.121288776397705,10.887310028076172,66,,,,,,,,,,,,
,,109849,3.0,0.4646219313144684,0.8731333613395691,0.527959406375885,0.5843563675880432,0.5299262404441833,13.511590003967285,222.0,4.286822319030762,18.26303482055664,66,,,,,,,,,,,,
,,109859,3.0,0.7084735035896301,0.8052666783332825,0.48603007197380066,0.4422301650047302,0.4550330936908722,6.7175211906433105,287.0,5.847985744476318,13.273981094360352,66,,,,,,,,,,,,
,,109869,3.0,0.39222463965415955,0.8759999871253967,0.5058342814445496,0.5547754168510437,0.48648956418037415,6.4126877784729,91.0,13.490756034851074,20.295669555664062,66,,,,,,,,,,,,
,,109879,3.0,0.5292448401451111,0.8587999939918518,0.4869903326034546,0.46153172850608826,0.47032594680786133,8.291878700256348,343.0,2.3682827949523926,11.18940544128418,66,,,,,,,,,,,,
,,109889,3.0,0.5989325046539307,0.8275333046913147,0.49516910314559937,0.4778878390789032,0.4698260426521301,6.068722724914551,182.0,12.769698143005371,19.437353134155273,66,,,,,,,,,,,,
,,109899,3.0,0.4463599622249603,0.8941333293914795,0.5028111338615417,0.5064699649810791,0.4987829029560089,6.9244208335876465,186.0,9.318681716918945,16.689462661743164,66,,,,,,,,,,,,
,,109909,3.0,0.4254287779331207,0.8483999967575073,0.48885825276374817,0.442646861076355,0.4615984559059143,13.170170783996582,291.0,0.009916845709085464,13.60551643371582,66,,,,,,,,,,,,
,,109919,3.0,0.3512406647205353,0.8654000163078308,0.5131131410598755,0.6182384490966797,0.49616295099258423,7.669897079467773,171.0,3.9149386882781982,11.936077117919922,66,,,,,,,,,,,,
,,109929,3.0,0.35046079754829407,0.899066686630249,0.4968154728412628,0.49247387051582336,0.4905944764614105,8.624189376831055,239.0,32.893646240234375,41.8682975769043,66,,,,,,,,,,,,
,,109939,3.0,0.39373040199279785,0.8687999844551086,0.4933299422264099,0.4592543840408325,0.4694064259529114,7.492931365966797,182.0,2.1117472648620605,9.998409271240234,66,,,,,,,,,,,,
,,109949,3.0,0.499341756105423,0.8516666889190674,0.49498429894447327,0.4730527698993683,0.4708627760410309,6.262203693389893,114.0,3.445148229598999,10.206693649291992,66,,,,,,,,,,,,
,,109959,3.0,0.5898255705833435,0.8098000288009644,0.5044801235198975,0.5195226073265076,0.4813232123851776,7.0330491065979,218.0,20.207448959350586,27.830324172973633,66,,,,,,,,,,,,
,,109969,3.0,0.4872641861438751,0.8530666828155518,0.5027756690979004,0.5115450620651245,0.4868086576461792,9.702655792236328,261.0,1.710463523864746,11.900383949279785,66,,,,,,,,,,,,
,,109979,3.0,0.38687822222709656,0.8959333300590515,0.49196311831474304,0.4699927568435669,0.47761276364326477,5.49407434463501,169.0,22.631549835205078,28.512502670288086,66,,,,,,,,,,,,
,,109989,3.0,0.4102450907230377,0.8715333342552185,0.49814003705978394,0.4893439710140228,0.4782629609107971,6.859109878540039,181.0,19.33055877685547,26.59991455078125,66,,,,,,,,,,,,
,,109999,3.0,0.508445680141449,0.8409333229064941,0.49278199672698975,0.4605714678764343,0.46538054943084717,9.687960624694824,280.0,0.13352759182453156,10.329934120178223,66,,,,,,,,,,,,
,,110009,3.0,0.4346863627433777,0.8568666577339172,0.4882240295410156,0.4643222391605377,0.471438467502594,7.336273670196533,284.0,4.512970924377441,12.283930778503418,66,,,,,,,,,,,,
,,110019,3.0,0.4213956594467163,0.8512666821479797,0.5091747641563416,0.584516167640686,0.486375093460083,6.553411960601807,152.0,2.7289352416992188,9.703742980957031,66,,,,,,,,,,,,
,,110029,3.0,0.5247592926025391,0.8234000205993652,0.49498313665390015,0.4711548686027527,0.4646766185760498,10.466371536254883,237.0,0.8545300364494324,11.845661163330078,66,,,,,,,,,,,,
,,110039,3.0,0.4110238552093506,0.840399980545044,0.5104224681854248,0.5669788122177124,0.4898831844329834,5.339308261871338,192.0,3.6350903511047363,9.385421752929688,66,,,,,,,,,,,,
,,110049,3.0,0.4163458049297333,0.8740000128746033,0.49943384528160095,0.49573951959609985,0.4777047634124756,5.86244535446167,117.0,1.208321452140808,7.487112522125244,66,,,,,,,,,,,,
,,110059,3.0,0.27188175916671753,0.8872666954994202,0.5082097053527832,0.5639381408691406,0.49424025416374207,10.398622512817383,155.0,0.1255406141281128,10.796045303344727,66,,,,,,,,,,,,
,,110069,3.0,0.36776864528656006,0.8822000026702881,0.5040616989135742,0.5277260541915894,0.48768186569213867,5.584818363189697,147.0,0.5925359725952148,6.545123100280762,66,,,,,,,,,,,,
,,110079,3.0,0.46477341651916504,0.841866672039032,0.5139365792274475,0.6140480041503906,0.492778480052948,14.06155776977539,212.0,1.0661081075668335,15.592438697814941,66,,,,,,,,,,,,
,,110089,3.0,0.6404305100440979,0.8109999895095825,0.48664382100105286,0.42877936363220215,0.4512830674648285,6.309431076049805,238.0,1.3934454917907715,8.343307495117188,66,,,,,,,,,,,,
,,110099,3.0,0.40346869826316833,0.8478666543960571,0.49864447116851807,0.47113922238349915,0.46229293942451477,3.961520195007324,49.0,0.4019045829772949,4.76689338684082,66,,,,,,,,,,,,
,,110109,3.0,0.438608855009079,0.866266667842865,0.5203448534011841,0.5482316017150879,0.5204272866249084,6.824967861175537,250.0,7.875998497009277,15.139575004577637,66,,,,,,,,,,,,
,,110119,3.0,0.4585317075252533,0.8845999836921692,0.5055396556854248,0.5124097466468811,0.5021703243255615,9.57259750366211,398.0,40.92295837402344,50.95408630371094,66,,,,,,,,,,,,
,,110129,3.0,0.4754152297973633,0.8695999979972839,0.4875915050506592,0.45892059803009033,0.4701620638370514,9.006168365478516,374.0,0.41152775287628174,9.893111228942871,66,,,,,,,,,,,,
,,110139,3.0,0.4646562933921814,0.8750666379928589,0.4884242117404938,0.4741872251033783,0.47861021757125854,12.13787841796875,365.0,7.149344444274902,19.75187873840332,66,,,,,,,,,,,,
,,110149,3.0,0.48730242252349854,0.8284000158309937,0.504362165927887,0.5242053866386414,0.48034870624542236,9.45626449584961,280.0,2.7242302894592285,12.667797088623047,66,,,,,,,,,,,,
,,110159,3.0,0.41596144437789917,0.890333354473114,0.5415857434272766,0.5991439819335938,0.5512369871139526,9.09061050415039,379.0,6.895849227905273,16.402420043945312,66,,,,,,,,,,,,
,,110169,3.0,0.36491990089416504,0.8797333240509033,0.5042656660079956,0.541019082069397,0.48455220460891724,8.602011680603027,122.0,0.2122715711593628,9.179203033447266,66,,,,,,,,,,,,
,,110179,3.0,0.3653222918510437,0.8732666373252869,0.5033204555511475,0.5396905541419983,0.47991880774497986,7.817683219909668,93.0,0.42676842212677,8.609773635864258,66,,,,,,,,,,,,
,,110189,3.0,0.4873875677585602,0.880133330821991,0.49596211314201355,0.4788667857646942,0.47736385464668274,6.216089725494385,184.0,1.5760412216186523,8.279518127441406,66,,,,,,,,,,,,
,,110199,3.0,0.42696356773376465,0.8781333565711975,0.500919759273529,0.5126584768295288,0.4761216938495636,6.019071102142334,57.0,0.12220899015665054,6.568243503570557,66,,,,,,,,,,,,
,,110209,3.0,0.6025933027267456,0.8528000116348267,0.5138513445854187,0.539625346660614,0.5082176327705383,10.315217971801758,329.0,6.57232141494751,17.49013328552246,66,,,,,,,,,,,,
,,110219,3.0,0.3781089186668396,0.9071999788284302,0.501188337802887,0.5030767321586609,0.49628114700317383,10.860823631286621,329.0,0.07229600101709366,11.31122875213623,66,,,,,,,,,,,,
,,110229,3.0,0.5203464031219482,0.8338000178337097,0.5060643553733826,0.5382235646247864,0.48210442066192627,6.577914714813232,179.0,1.8247644901275635,8.923025131225586,66,,,,,,,,,,,,
,,110239,3.0,0.45454782247543335,0.8551333546638489,0.5008519887924194,0.5156955122947693,0.4686101973056793,7.096336841583252,57.0,0.06532003730535507,7.616204738616943,66,,,,,,,,,,,,
,,110249,3.0,0.4220399856567383,0.8642666935920715,0.5006027817726135,0.5048666596412659,0.47690731287002563,7.8778252601623535,100.0,8.07883358001709,16.378700256347656,66,,,,,,,,,,,,
,,110259,3.0,0.418104350566864,0.8938666582107544,0.5008140206336975,0.5034013390541077,0.48949816823005676,5.585700035095215,139.0,5.0444254875183105,11.048229217529297,66,,,,,,,,,,,,
,,110269,3.0,0.48378702998161316,0.8586000204086304,0.4891449511051178,0.47085294127464294,0.4751901626586914,10.019693374633789,402.0,4.7152838706970215,15.21876335144043,66,,,,,,,,,,,,
,,110279,3.0,0.3472806513309479,0.9056666493415833,0.5077001452445984,0.5363315939903259,0.500669538974762,5.4682159423828125,100.0,2.424001693725586,8.239498138427734,66,,,,,,,,,,,,
,,110289,3.0,0.42079076170921326,0.8597999811172485,0.503153920173645,0.5174833536148071,0.484437495470047,7.835921287536621,214.0,11.986884117126465,20.243595123291016,66,,,,,,,,,,,,
,,110299,3.0,0.40748026967048645,0.8713333606719971,0.4929301142692566,0.44651374220848083,0.46665090322494507,5.085114479064941,106.0,1.3271840810775757,6.819778919219971,66,,,,,,,,,,,,
,,110309,3.0,0.4986373782157898,0.8432666659355164,0.5026369690895081,0.5165044069290161,0.4788922965526581,6.451021671295166,181.0,7.270619869232178,14.2202787399292,66,,,,,,,,,,,,
,,110319,3.0,0.45616012811660767,0.8457333445549011,0.4957132339477539,0.4698723256587982,0.467059850692749,7.746369361877441,217.0,0.5970845222473145,8.799613952636719,66,,,,,,,,,,,,
,,110329,3.0,0.40657487511634827,0.8812000155448914,0.5018903613090515,0.516010582447052,0.48201462626457214,5.453349590301514,95.0,1.9145300388336182,7.774454116821289,66,,,,,,,,,,,,
,,110339,3.0,0.3961195647716522,0.8722000122070312,0.516785204410553,0.5612326860427856,0.5120087265968323,10.193010330200195,240.0,2.1394972801208496,12.728626251220703,66,,,,,,,,,,,,
,,110349,3.0,0.3478933572769165,0.8603333234786987,0.4988784193992615,0.46094563603401184,0.4638817310333252,3.5466840267181396,23.0,0.7242728471755981,4.618850231170654,66,,,,,,,,,,,,
,,110359,3.0,0.5422142744064331,0.8666666746139526,0.4875452518463135,0.46373969316482544,0.4721188545227051,7.50726842880249,286.0,1.1429576873779297,9.192440032958984,66,,,,,,,,,,,,
,,110369,3.0,0.4782048165798187,0.865066647529602,0.5002546310424805,0.502312421798706,0.47534695267677307,6.097612380981445,131.0,9.786250114440918,16.36206817626953,66,,,,,,,,,,,,
,,110379,3.0,0.18074747920036316,0.9278666377067566,0.5052345395088196,0.5244393944740295,0.49994799494743347,4.924855709075928,129.0,1.6718554496765137,6.777458667755127,66,,,,,,,,,,,,
,,110389,3.0,0.4687280058860779,0.855400025844574,0.49777159094810486,0.49375903606414795,0.48625248670578003,6.56689453125,273.0,6.34131383895874,13.376935958862305,66,,,,,,,,,,,,
,,110399,3.0,0.5916621685028076,0.8064000010490417,0.5049468874931335,0.5208402872085571,0.48206427693367004,9.272461891174316,321.0,4.35988187789917,14.224006652832031,66,,,,,,,,,,,,
,,110409,3.0,0.2933543920516968,0.9189333319664001,0.49817001819610596,0.4898518919944763,0.48615726828575134,8.504368782043457,106.0,0.5577417612075806,9.355464935302734,66,,,,,,,,,,,,
,,110419,3.0,0.34349822998046875,0.9082666635513306,0.5008395314216614,0.5019540786743164,0.4968051016330719,7.906506538391113,247.0,0.9592121243476868,9.209217071533203,66,,,,,,,,,,,,
,,110429,3.0,0.4439772665500641,0.8522666692733765,0.5140621066093445,0.5616537928581238,0.5027244091033936,8.875260353088379,272.0,2.383944272994995,11.703182220458984,66,,,,,,,,,,,,
,,110439,3.0,0.30342212319374084,0.8930000066757202,0.509687066078186,0.6101677417755127,0.49539700150489807,7.451308727264404,77.0,0.9856367111206055,8.740367889404297,66,,,,,,,,,,,,
,,110449,3.0,0.29548656940460205,0.8844666481018066,0.49912387132644653,0.4677688181400299,0.470492959022522,3.3582921028137207,17.0,0.49477827548980713,4.148556709289551,66,,,,,,,,,,,,
,,110459,3.0,0.5562236905097961,0.8596000075340271,0.49520283937454224,0.4835146963596344,0.47956204414367676,7.2916483879089355,301.0,2.363949775695801,10.211822509765625,66,,,,,,,,,,,,
,,110469,3.0,0.37365275621414185,0.8635333180427551,0.5050906538963318,0.6078958511352539,0.47708556056022644,6.028989315032959,63.0,2.5592756271362305,8.961917877197266,66,,,,,,,,,,,,
,,110479,3.0,0.2952488958835602,0.9101333618164062,0.5071085691452026,0.5612296462059021,0.4963732957839966,4.934792995452881,67.0,1.865101933479309,7.095143795013428,66,,,,,,,,,,,,
,,110489,3.0,0.37372687458992004,0.8474666476249695,0.5009276866912842,0.5132166743278503,0.4685039222240448,4.560421943664551,75.0,0.8387614488601685,5.772910118103027,66,,,,,,,,,,,,
,,110499,3.0,0.6237736940383911,0.8130666613578796,0.4987562894821167,0.4928901195526123,0.4684152901172638,5.92303466796875,157.0,2.159630060195923,8.706438064575195,66,,,,,,,,,,,,
,,110509,3.0,0.30867913365364075,0.899733304977417,0.5004770159721375,0.5060059428215027,0.48079830408096313,4.042665958404541,38.0,0.3110217750072479,4.66236686706543,66,,,,,,,,,,,,
,,110519,3.0,0.42407217621803284,0.8564000129699707,0.507970929145813,0.6020010709762573,0.4829448163509369,10.00097942352295,107.0,0.5440056324005127,10.969057083129883,66,,,,,,,,,,,,
,,110529,3.0,0.6515266299247742,0.777999997138977,0.49714526534080505,0.4762108623981476,0.45163410902023315,5.3000807762146,184.0,4.41697883605957,10.368585586547852,66,,,,,,,,,,,,
,,110539,3.0,0.6336545944213867,0.8083333373069763,0.49786582589149475,0.48879945278167725,0.46775028109550476,11.893864631652832,284.0,0.6373639106750488,13.16488265991211,66,,,,,,,,,,,,
,,110549,3.0,0.5010368227958679,0.8544666767120361,0.49338990449905396,0.47713175415992737,0.4761972725391388,9.91502571105957,305.0,0.29629918932914734,10.712361335754395,66,,,,,,,,,,,,
,,110559,3.0,0.6793102025985718,0.7996666431427002,0.4998324513435364,0.49832409620285034,0.458385169506073,7.403609275817871,124.0,1.919508457183838,10.00242805480957,66,,,,,,,,,,,,
,,110569,3.0,0.38191384077072144,0.8920000195503235,0.4953151047229767,0.4854825735092163,0.484635591506958,7.303989887237549,181.0,3.1438937187194824,10.829797744750977,66,,,,,,,,,,,,
,,110579,3.0,0.36651748418807983,0.8772000074386597,0.49714595079421997,0.4787675142288208,0.47474581003189087,7.065483570098877,113.0,1.62248957157135,9.05449104309082,66,,,,,,,,,,,,
,,110589,3.0,0.4404681622982025,0.8500666618347168,0.5037908554077148,0.5294209718704224,0.47940099239349365,5.170622825622559,102.0,1.1550731658935547,6.766164302825928,66,,,,,,,,,,,,
,,110599,3.0,0.4916183352470398,0.869533360004425,0.4968589246273041,0.48149573802948,0.4755600690841675,5.659096717834473,119.0,4.502571105957031,10.65328598022461,66,,,,,,,,,,,,
,,110609,3.0,0.46612709760665894,0.8768666386604309,0.5021908283233643,0.5127487182617188,0.48537304997444153,6.817978858947754,101.0,5.067179203033447,12.351284980773926,66,,,,,,,,,,,,
2.3976573648539656e-05,0.00023976573648539653,110616,,,,,,,,,,,,,,,,,,,,,,,
,,110619,3.0,0.3504087030887604,0.8605333566665649,0.4979743957519531,0.47927743196487427,0.46954819560050964,4.618495941162109,102.0,3.6229043006896973,8.591808319091797,67,,,,,,,,,,,,
,,110629,3.0,0.26042547821998596,0.9156000018119812,0.5043079257011414,0.5445969700813293,0.4917675852775574,9.438669204711914,56.0,0.07778362929821014,9.776878356933594,67,,,,,,,,,,,,
,,110639,3.0,0.5734008550643921,0.8267999887466431,0.49335724115371704,0.44878581166267395,0.4582505226135254,16.069910049438477,208.0,0.3027397692203522,16.9460506439209,67,,,,,,,,,,,,
,,110649,3.0,0.6091068983078003,0.8202000260353088,0.4997375011444092,0.4985882639884949,0.4723625183105469,7.33070182800293,186.0,2.9092371463775635,10.849045753479004,67,,,,,,,,,,,,
,,110659,3.0,0.3445211350917816,0.8981999754905701,0.5008791089057922,0.5038771629333496,0.4896021783351898,9.432662010192871,221.0,0.08722905069589615,9.864412307739258,67,,,,,,,,,,,,
,,110669,3.0,0.29703274369239807,0.8988000154495239,0.49356117844581604,0.47213393449783325,0.4785517454147339,8.496326446533203,224.0,0.24985606968402863,9.043214797973633,67,,,,,,,,,,,,
,,110679,3.0,0.5030144453048706,0.8688666820526123,0.511042058467865,0.5686969757080078,0.49708008766174316,9.4526948928833,244.0,0.6109922528266907,10.566701889038086,67,,,,,,,,,,,,
,,110689,3.0,0.4154111444950104,0.8569333553314209,0.515915036201477,0.5886697769165039,0.5034373998641968,9.180485725402832,212.0,0.8780592679977417,10.473956108093262,67,,,,,,,,,,,,
,,110699,3.0,0.5186588168144226,0.8311333060264587,0.517680287361145,0.5926676392555237,0.5015950202941895,6.787713527679443,293.0,2.6790876388549805,9.98546028137207,67,,,,,,,,,,,,
,,110709,3.0,0.4566212594509125,0.8378000259399414,0.5019307136535645,0.5236169695854187,0.46897053718566895,6.702850818634033,103.0,0.35383713245391846,7.513309001922607,67,,,,,,,,,,,,
,,110719,3.0,0.3535931706428528,0.8867999911308289,0.5222516059875488,0.6070555448532104,0.5201171636581421,7.663163185119629,151.0,5.377999782562256,13.394756317138672,67,,,,,,,,,,,,
,,110729,3.0,0.2941229045391083,0.8944666385650635,0.5022919774055481,0.5423450469970703,0.48080974817276,5.917263984680176,63.0,0.01187353115528822,6.223260402679443,67,,,,,,,,,,,,
,,110739,3.0,0.5649290084838867,0.8143333196640015,0.49590006470680237,0.48835793137550354,0.4791595935821533,6.718672752380371,381.0,5.590054035186768,12.873655319213867,67,,,,,,,,,,,,
,,110749,3.0,0.6353619694709778,0.8441333174705505,0.49610191583633423,0.48832833766937256,0.48158159852027893,7.982210159301758,300.0,6.215332984924316,14.832904815673828,67,,,,,,,,,,,,
,,110759,3.0,0.5573635697364807,0.8507333397865295,0.5027440786361694,0.5132584571838379,0.48413288593292236,6.592639923095703,189.0,2.2091503143310547,9.359153747558594,67,,,,,,,,,,,,
,,110769,3.0,0.4483497738838196,0.8763999938964844,0.501348614692688,0.5265296697616577,0.47447070479393005,5.658925533294678,49.0,0.6029303073883057,6.710206031799316,67,,,,,,,,,,,,
,,110779,3.0,0.28897160291671753,0.915066659450531,0.4994003474712372,0.49820858240127563,0.49301475286483765,10.928610801696777,267.0,0.31308960914611816,11.530672073364258,67,,,,,,,,,,,,
,,110789,3.0,0.4124070405960083,0.9016000032424927,0.49525418877601624,0.48351162672042847,0.48405998945236206,6.352952480316162,258.0,16.676998138427734,23.442358016967773,67,,,,,,,,,,,,
,,110799,3.0,0.47199544310569763,0.8525999784469604,0.4998112916946411,0.4975341260433197,0.46861180663108826,8.39193058013916,77.0,0.3283260762691498,9.192252159118652,67,,,,,,,,,,,,
,,110809,3.0,0.48875129222869873,0.8570666909217834,0.5014865398406982,0.5074231624603271,0.4828118681907654,6.105246067047119,171.0,4.43810510635376,11.032102584838867,67,,,,,,,,,,,,
,,110819,3.0,0.5381714701652527,0.8371333479881287,0.48746970295906067,0.44980448484420776,0.4624820947647095,6.667877197265625,228.0,3.9896085262298584,11.195656776428223,67,,,,,,,,,,,,
,,110829,3.0,0.35637301206588745,0.8894000053405762,0.5009616613388062,0.5141685605049133,0.4784197211265564,3.9300756454467773,41.0,0.22167471051216125,4.508123397827148,67,,,,,,,,,,,,
,,110839,3.0,0.32667261362075806,0.9068666696548462,0.5075551867485046,0.542021632194519,0.4993777871131897,6.396067142486572,153.0,2.2481822967529297,8.970922470092773,67,,,,,,,,,,,,
,,110849,3.0,0.6600948572158813,0.8170666694641113,0.5042843222618103,0.5161994695663452,0.48512712121009827,7.128912925720215,257.0,6.205329895019531,13.99433708190918,67,,,,,,,,,,,,
,,110859,3.0,0.35383340716362,0.8809333443641663,0.5138528347015381,0.5617699027061462,0.5069195628166199,6.84134578704834,144.0,4.49807596206665,11.693254470825195,67,,,,,,,,,,,,
,,110869,3.0,0.38975581526756287,0.875333309173584,0.49555325508117676,0.48099544644355774,0.47871118783950806,7.391146659851074,235.0,1.0333311557769775,8.814233779907227,67,,,,,,,,,,,,
,,110879,3.0,0.38171106576919556,0.8619999885559082,0.507311999797821,0.551872730255127,0.48845842480659485,5.502556800842285,134.0,6.053357124328613,11.93762493133545,67,,,,,,,,,,,,
,,110889,3.0,0.28729572892189026,0.9225333333015442,0.5252907872200012,0.5498010516166687,0.5307649374008179,7.973852157592773,264.0,6.607691287994385,14.868839263916016,67,,,,,,,,,,,,
,,110899,3.0,0.30019333958625793,0.9133333563804626,0.5022304058074951,0.5049435496330261,0.4993632733821869,7.772047519683838,320.0,1.4436345100402832,9.515874862670898,67,,,,,,,,,,,,
,,110909,3.0,0.4289495050907135,0.8932666778564453,0.5197941660881042,0.5581963658332825,0.520652711391449,7.35400915145874,253.0,6.636666297912598,14.419624328613281,67,,,,,,,,,,,,
,,110919,3.0,0.44732359051704407,0.8503999710083008,0.5534985065460205,0.6772437691688538,0.5619606971740723,8.159133911132812,342.0,1.8460270166397095,10.452485084533691,67,,,,,,,,,,,,
,,110929,3.0,0.5499157309532166,0.8158666491508484,0.49510857462882996,0.4635784924030304,0.4591304361820221,7.682254314422607,144.0,1.4181711673736572,9.650341033935547,67,,,,,,,,,,,,
,,110939,3.0,0.3243388533592224,0.8919333219528198,0.5051283836364746,0.5645198225975037,0.48692867159843445,5.269908428192139,74.0,0.30323973298072815,5.897487163543701,67,,,,,,,,,,,,
,,110949,3.0,0.33522093296051025,0.8836666941642761,0.5040214657783508,0.5184271335601807,0.4919918179512024,7.458932399749756,156.0,7.523212432861328,15.317365646362305,67,,,,,,,,,,,,
,,110959,3.0,0.5800936818122864,0.817466676235199,0.49455809593200684,0.4852379858493805,0.47869816422462463,8.942425727844238,531.0,5.151010036468506,14.673528671264648,67,,,,,,,,,,,,
,,110969,3.0,0.5073167681694031,0.9071333408355713,0.5064194202423096,0.5220018625259399,0.5014559030532837,7.072208404541016,176.0,2.554226875305176,10.13375186920166,67,,,,,,,,,,,,
,,110979,3.0,0.438150554895401,0.8675333261489868,0.5030548572540283,0.5157582759857178,0.4865434765815735,6.504753112792969,175.0,2.2567508220672607,9.199654579162598,67,,,,,,,,,,,,
,,110989,3.0,0.37962159514427185,0.8797333240509033,0.4987197816371918,0.4770857095718384,0.47130000591278076,5.114437580108643,51.0,0.014955805614590645,5.509015083312988,67,,,,,,,,,,,,
,,110999,3.0,0.43575772643089294,0.8361999988555908,0.4892008304595947,0.43150612711906433,0.45660531520843506,7.531982421875,153.0,2.4025778770446777,10.370317459106445,67,,,,,,,,,,,,
,,111009,3.0,0.6676208972930908,0.8023999929428101,0.5014317035675049,0.5047156810760498,0.4818616509437561,8.105670928955078,290.0,31.515832901000977,40.28912353515625,67,,,,,,,,,,,,
,,111019,3.0,0.3860352337360382,0.878000020980835,0.4853859841823578,0.46166905760765076,0.47183388471603394,7.652021884918213,234.0,3.937889814376831,11.975947380065918,67,,,,,,,,,,,,
,,111029,3.0,0.47329020500183105,0.8340666890144348,0.5040228366851807,0.526768684387207,0.4782862365245819,11.86354923248291,232.0,0.7458914518356323,13.082731246948242,67,,,,,,,,,,,,
,,111039,3.0,0.3688562512397766,0.8742666840553284,0.501071572303772,0.5081314444541931,0.48031097650527954,11.328278541564941,187.0,0.39238816499710083,12.089523315429688,67,,,,,,,,,,,,
,,111049,3.0,0.3070261478424072,0.890999972820282,0.500540554523468,0.507523238658905,0.47838813066482544,4.787764072418213,55.0,0.24104060232639313,5.335831165313721,67,,,,,,,,,,,,
,,111059,3.0,0.31473687291145325,0.8768666386604309,0.49982720613479614,0.49861225485801697,0.47826507687568665,4.898108959197998,81.0,1.7462104558944702,6.959056377410889,67,,,,,,,,,,,,
,,111069,3.0,0.7149358987808228,0.8467333316802979,0.4826594889163971,0.46174880862236023,0.4694843888282776,7.3123884201049805,401.0,45.329612731933594,53.356937408447266,67,,,,,,,,,,,,
,,111079,3.0,0.3703380227088928,0.8791333436965942,0.49797508120536804,0.48707279562950134,0.47806107997894287,6.515613555908203,131.0,2.5083236694335938,9.394275665283203,67,,,,,,,,,,,,
,,111089,3.0,0.4658997654914856,0.8568666577339172,0.5018898844718933,0.5102150440216064,0.48230063915252686,7.515921592712402,228.0,1.4595003128051758,9.441322326660156,67,,,,,,,,,,,,
,,111099,3.0,0.7070293426513672,0.8218666911125183,0.5048705339431763,0.5131046175956726,0.4934399724006653,7.452692031860352,302.0,7.5031843185424805,15.6629056930542,67,,,,,,,,,,,,
,,111109,3.0,0.4244003891944885,0.8689333200454712,0.5055447220802307,0.5448854565620422,0.4857827126979828,4.849850177764893,108.0,4.807222366333008,10.081472396850586,67,,,,,,,,,,,,
,,111119,3.0,0.42699381709098816,0.887333333492279,0.4975410997867584,0.4715234041213989,0.4736644923686981,12.353347778320312,85.0,0.22542612254619598,13.005766868591309,67,,,,,,,,,,,,
,,111129,3.0,0.43923696875572205,0.864799976348877,0.49796995520591736,0.4813404083251953,0.47147494554519653,8.691174507141113,90.0,0.42287904024124146,9.553290367126465,67,,,,,,,,,,,,
,,111139,3.0,0.44662392139434814,0.8569999933242798,0.4980241656303406,0.4299618601799011,0.461497038602829,3.3182547092437744,27.0,0.1541460007429123,3.919024705886841,67,,,,,,,,,,,,
,,111149,3.0,0.3220016360282898,0.8790000081062317,0.5155109167098999,0.5698061585426331,0.5090486407279968,7.428042888641357,226.0,0.9074051380157471,8.657449722290039,67,,,,,,,,,,,,
,,111159,3.0,0.3716966211795807,0.8799999952316284,0.5389330983161926,0.5928936004638672,0.5467438101768494,6.678862571716309,304.0,3.534961462020874,10.58552074432373,67,,,,,,,,,,,,
,,111169,3.0,0.5399556159973145,0.8758000135421753,0.4893319010734558,0.4695799648761749,0.4758155941963196,6.522287845611572,235.0,13.320919036865234,20.383163452148438,67,,,,,,,,,,,,
,,111179,3.0,0.45605966448783875,0.8722666501998901,0.515010416507721,0.538742184638977,0.5129023790359497,8.492440223693848,235.0,10.47923469543457,19.427734375,67,,,,,,,,,,,,
,,111189,3.0,0.35057610273361206,0.8882666826248169,0.4995979964733124,0.4970351755619049,0.480890154838562,16.867815017700195,158.0,0.7603184580802917,17.978710174560547,67,,,,,,,,,,,,
,,111199,3.0,0.5249340534210205,0.8745333552360535,0.5154788494110107,0.5333606004714966,0.5151867270469666,9.81478500366211,452.0,5.668666839599609,16.008384704589844,67,,,,,,,,,,,,
,,111209,3.0,0.47606995701789856,0.8519999980926514,0.49696454405784607,0.49238768219947815,0.4867153465747833,8.702850341796875,336.0,6.686319828033447,15.865240097045898,67,,,,,,,,,,,,
,,111219,3.0,0.4070647060871124,0.8386666774749756,0.4929494559764862,0.44275781512260437,0.4593862295150757,9.707085609436035,181.0,0.6746536493301392,10.788804054260254,67,,,,,,,,,,,,
,,111229,3.0,0.32952961325645447,0.8919333219528198,0.5024541020393372,0.5287265181541443,0.48285454511642456,7.275698184967041,84.0,0.23391501605510712,7.839142799377441,67,,,,,,,,,,,,
,,111239,3.0,0.3680233359336853,0.857866644859314,0.5306421518325806,0.6002287864685059,0.5310817360877991,8.083059310913086,406.0,5.64606237411499,14.097145080566406,67,,,,,,,,,,,,
,,111249,3.0,0.5567182898521423,0.8269333243370056,0.4937308728694916,0.45682618021965027,0.46052253246307373,8.64051628112793,234.0,0.13705474138259888,9.334288597106934,67,,,,,,,,,,,,
,,111259,3.0,0.6836621165275574,0.8388000130653381,0.526897132396698,0.5467602014541626,0.5291879177093506,8.024801254272461,424.0,18.54347038269043,27.251934051513672,67,,,,,,,,,,,,
,,111269,3.0,0.594032883644104,0.8288666605949402,0.4881931245326996,0.45165568590164185,0.4619368314743042,6.745660305023193,204.0,7.677139759063721,15.01683235168457,67,,,,,,,,,,,,
,,111279,3.0,0.41208112239837646,0.8381333351135254,0.5033048391342163,0.5477080345153809,0.4698689579963684,4.905406951904297,58.0,0.35660284757614136,5.67409086227417,67,,,,,,,,,,,,
,,111289,3.0,0.2954196631908417,0.9035999774932861,0.5028268098831177,0.5134890079498291,0.49263158440589905,6.385050296783447,129.0,1.5984631776809692,8.27893352508545,67,,,,,,,,,,,,
,,111299,3.0,0.3342607617378235,0.8956666588783264,0.5023491382598877,0.5203685760498047,0.4855082333087921,4.948410987854004,73.0,4.721706390380859,10.004378318786621,67,,,,,,,,,,,,
,,111309,3.0,0.34392669796943665,0.8672000169754028,0.5052968263626099,0.5473155379295349,0.48410287499427795,4.916691303253174,97.0,1.6900391578674316,6.950657367706299,67,,,,,,,,,,,,
,,111319,3.0,0.8276553153991699,0.7896000146865845,0.4979843199253082,0.49363353848457336,0.47629034519195557,7.609001636505127,279.0,6.490927219390869,14.927583694458008,67,,,,,,,,,,,,
,,111329,3.0,0.32505321502685547,0.8751333355903625,0.5005435943603516,0.5102463364601135,0.4730019271373749,6.948970317840576,70.0,0.4390751123428345,7.713098526000977,67,,,,,,,,,,,,
,,111339,3.0,0.3573179244995117,0.8894000053405762,0.5061907768249512,0.5418409705162048,0.49255478382110596,6.9566731452941895,113.0,1.5937730073928833,8.907764434814453,67,,,,,,,,,,,,
,,111349,3.0,0.4707949459552765,0.859666645526886,0.5065463781356812,0.5332487225532532,0.4907562732696533,9.836257934570312,163.0,4.124922752380371,14.431975364685059,67,,,,,,,,,,,,
,,111359,3.0,0.4512145519256592,0.8222666382789612,0.49623915553092957,0.4346896708011627,0.45308351516723633,4.3195672035217285,69.0,0.5083539485931396,5.279135704040527,67,,,,,,,,,,,,
,,111369,3.0,0.45397067070007324,0.8788666725158691,0.5198823809623718,0.5720338225364685,0.5175563097000122,7.104595184326172,221.0,10.253227233886719,17.81179428100586,67,,,,,,,,,,,,
,,111379,3.0,0.6329100131988525,0.8240000009536743,0.5092992782592773,0.5257306694984436,0.4992007315158844,7.642270565032959,323.0,15.502300262451172,23.777481079101562,67,,,,,,,,,,,,
,,111389,3.0,0.38557004928588867,0.852400004863739,0.5000843405723572,0.5007917284965515,0.4719869792461395,7.155864715576172,131.0,0.12264832854270935,7.664083003997803,67,,,,,,,,,,,,
,,111399,3.0,0.5565998554229736,0.8780666589736938,0.49666333198547363,0.4889827370643616,0.4843679964542389,6.381740570068359,166.0,4.161805629730225,11.10014533996582,67,,,,,,,,,,,,
,,111409,3.0,0.6326361894607544,0.8209333419799805,0.4866446256637573,0.453113317489624,0.46200013160705566,6.993879795074463,256.0,11.002894401550293,18.629409790039062,67,,,,,,,,,,,,
,,111419,3.0,0.32630306482315063,0.8863333463668823,0.5065639615058899,0.5846460461616516,0.4878920316696167,7.782985687255859,59.0,0.25976186990737915,8.369050979614258,67,,,,,,,,,,,,
,,111429,3.0,0.5439388751983643,0.84579998254776,0.49238523840904236,0.46465009450912476,0.46832212805747986,9.031476020812988,312.0,0.11909051239490509,9.694504737854004,67,,,,,,,,,,,,
,,111439,3.0,0.26331329345703125,0.8962666392326355,0.49889445304870605,0.4891498386859894,0.47897395491600037,5.4038214683532715,96.0,0.7758094072341919,6.442944049835205,67,,,,,,,,,,,,
,,111449,3.0,0.36848053336143494,0.8747333288192749,0.49578961730003357,0.44502687454223633,0.46712008118629456,4.669644832611084,86.0,0.6838675737380981,5.7219929695129395,67,,,,,,,,,,,,
,,111459,3.0,0.5594594478607178,0.8557999730110168,0.5059234499931335,0.5170282125473022,0.49734389781951904,7.169334888458252,319.0,4.28696346282959,12.01575756072998,67,,,,,,,,,,,,
,,111469,3.0,0.41086891293525696,0.8601333498954773,0.5035797953605652,0.556284487247467,0.47532758116722107,4.26270866394043,56.0,0.37369677424430847,5.047274589538574,67,,,,,,,,,,,,
,,111479,3.0,0.3822546899318695,0.8507333397865295,0.49781280755996704,0.45857495069503784,0.4623216986656189,5.27298641204834,57.0,0.6452455520629883,6.3004865646362305,67,,,,,,,,,,,,
,,111489,3.0,0.45327144861221313,0.862666666507721,0.5024427771568298,0.517449676990509,0.4808250069618225,6.355813026428223,184.0,2.325798511505127,9.134882926940918,67,,,,,,,,,,,,
,,111499,3.0,0.5438851714134216,0.870199978351593,0.5011763572692871,0.5035324692726135,0.4914410710334778,12.968279838562012,341.0,0.20620353519916534,13.718368530273438,67,,,,,,,,,,,,
,,111509,3.0,0.3505154550075531,0.8769333362579346,0.5015450716018677,0.5323357582092285,0.47465401887893677,3.8986246585845947,30.0,0.2631261348724365,4.512266159057617,67,,,,,,,,,,,,
,,111519,3.0,0.43301841616630554,0.8668000102043152,0.5048636198043823,0.5188014507293701,0.4929414391517639,10.6363525390625,387.0,0.16344064474105835,11.23281192779541,67,,,,,,,,,,,,
,,111529,3.0,0.4663195312023163,0.8705333471298218,0.4940463900566101,0.47641119360923767,0.4769057035446167,6.201339244842529,296.0,1.7687044143676758,8.436363220214844,67,,,,,,,,,,,,
,,111539,3.0,0.5288504958152771,0.8457333445549011,0.519182562828064,0.6153572201728821,0.5051810145378113,10.913092613220215,255.0,0.061007097363471985,11.502950668334961,67,,,,,,,,,,,,
,,111549,3.0,0.41460809111595154,0.8814666867256165,0.49681681394577026,0.4833521842956543,0.4789198338985443,6.722888469696045,191.0,1.9055148363113403,9.043011665344238,67,,,,,,,,,,,,
,,111559,3.0,0.40261614322662354,0.8806666731834412,0.4898436665534973,0.4747943878173828,0.47915756702423096,7.004563331604004,323.0,2.005725145339966,9.412904739379883,67,,,,,,,,,,,,
,,111569,3.0,0.3719938397407532,0.8613333106040955,0.5074506402015686,0.5526598691940308,0.4885779321193695,8.946293830871582,152.0,0.7577131986618042,10.076001167297363,67,,,,,,,,,,,,
,,111579,3.0,0.37524163722991943,0.8464666604995728,0.5036692023277283,0.6004652380943298,0.46897464990615845,3.7136476039886475,34.0,0.40672731399536133,4.495616436004639,67,,,,,,,,,,,,
,,111589,3.0,0.6057878136634827,0.7822666764259338,0.49758249521255493,0.4876635670661926,0.46271923184394836,6.828987121582031,174.0,5.837267875671387,13.272043228149414,67,,,,,,,,,,,,
,,111599,3.0,0.38526272773742676,0.8725333213806152,0.5154789686203003,0.5617342591285706,0.5091996192932129,8.26352310180664,268.0,1.9015618562698364,10.550347328186035,67,,,,,,,,,,,,
,,111609,3.0,0.6257996559143066,0.8561333417892456,0.5057226419448853,0.5609019994735718,0.4807130992412567,12.604449272155762,136.0,0.15561343729496002,13.385863304138184,67,,,,,,,,,,,,
,,111619,3.0,0.5445349216461182,0.8389333486557007,0.5089583992958069,0.5397217869758606,0.49270933866500854,7.991482734680176,199.0,5.647423267364502,14.183441162109375,67,,,,,,,,,,,,
,,111629,3.0,0.45521044731140137,0.8428666591644287,0.5022090077400208,0.5129219889640808,0.4791066348552704,5.416850566864014,121.0,8.087677955627441,13.959738731384277,67,,,,,,,,,,,,
,,111639,3.0,0.5462315678596497,0.8666666746139526,0.5054583549499512,0.5168685913085938,0.4968165159225464,7.504780292510986,320.0,22.074739456176758,30.125751495361328,67,,,,,,,,,,,,
,,111649,3.0,0.5054576396942139,0.8813999891281128,0.5054730772972107,0.510452389717102,0.5033540725708008,7.902491569519043,378.0,0.7507487535476685,9.158698081970215,67,,,,,,,,,,,,
,,111659,3.0,0.3450391888618469,0.8930000066757202,0.5008575916290283,0.5072809457778931,0.48267102241516113,4.716032028198242,77.0,4.921332359313965,9.982403755187988,67,,,,,,,,,,,,
,,111669,3.0,0.3791113793849945,0.8778666853904724,0.5101770758628845,0.5773028135299683,0.49567466974258423,6.6191887855529785,120.0,1.1149635314941406,8.113264083862305,67,,,,,,,,,,,,
,,111679,3.0,0.5502966642379761,0.8306000232696533,0.5005340576171875,0.5043056607246399,0.4695890545845032,6.852139472961426,160.0,0.09950801730155945,7.501944065093994,67,,,,,,,,,,,,
,,111689,3.0,0.34051403403282166,0.8787333369255066,0.5216563940048218,0.5593234300613403,0.5222892761230469,7.913772106170654,374.0,2.3720691204071045,10.626355171203613,67,,,,,,,,,,,,
,,111699,3.0,0.37057825922966003,0.9074666500091553,0.5427777767181396,0.5553383827209473,0.5476775765419006,8.713501930236816,349.0,11.907064437866211,20.99114418029785,67,,,,,,,,,,,,
,,111709,3.0,0.4145735204219818,0.8857333064079285,0.49526268243789673,0.483245849609375,0.48216935992240906,7.325369358062744,219.0,8.551658630371094,16.291601181030273,67,,,,,,,,,,,,
,,111719,3.0,0.4598712921142578,0.8588666915893555,0.5001193881034851,0.501227617263794,0.47260844707489014,5.131541728973389,91.0,0.8497202396392822,6.441133499145508,67,,,,,,,,,,,,
,,111729,3.0,0.47541773319244385,0.8144000172615051,0.5005068182945251,0.5178511738777161,0.4537796080112457,3.8263070583343506,28.0,1.2290587425231934,5.530783653259277,67,,,,,,,,,,,,
,,111739,3.0,0.5006538033485413,0.8588666915893555,0.5005286335945129,0.5025981068611145,0.4818722605705261,9.748416900634766,179.0,3.973714828491211,14.222785949707031,67,,,,,,,,,,,,
,,111749,3.0,0.33856433629989624,0.9088666439056396,0.5284939408302307,0.5660884976387024,0.5347238183021545,8.389396667480469,227.0,0.9529334306716919,9.680893898010254,67,,,,,,,,,,,,
,,111759,3.0,0.42848289012908936,0.8620666861534119,0.49979597330093384,0.49879172444343567,0.478782057762146,5.70098352432251,154.0,1.2291392087936401,7.358605861663818,67,,,,,,,,,,,,
,,111769,3.0,0.3840450644493103,0.8805999755859375,0.5133596062660217,0.5842240452766418,0.50290846824646,7.424477577209473,185.0,1.281140923500061,9.0896635055542,67,,,,,,,,,,,,
,,111779,3.0,0.3734303414821625,0.8850666880607605,0.4952661693096161,0.45366498827934265,0.47066786885261536,5.513023853302002,112.0,0.3282737135887146,6.214727878570557,67,,,,,,,,,,,,
,,111789,3.0,0.6242506504058838,0.8423333168029785,0.48903048038482666,0.45306944847106934,0.464243620634079,8.133360862731934,290.0,0.5810262560844421,9.338637351989746,67,,,,,,,,,,,,
,,111799,3.0,0.6771631240844727,0.808733344078064,0.48794516921043396,0.4380861222743988,0.45358869433403015,6.535086631774902,180.0,10.840690612792969,18.052940368652344,67,,,,,,,,,,,,
,,111809,3.0,0.4607253670692444,0.8685333132743835,0.49558213353157043,0.486349493265152,0.482811838388443,6.963432788848877,359.0,1.801188349723816,9.225346565246582,67,,,,,,,,,,,,
,,111819,3.0,0.45633792877197266,0.8574666380882263,0.5179895162582397,0.5811825394630432,0.509118914604187,6.926059246063232,201.0,5.978123664855957,13.36052131652832,67,,,,,,,,,,,,
,,111829,3.0,0.6502307653427124,0.8609333038330078,0.5092141628265381,0.5182713270187378,0.5069016814231873,9.886285781860352,507.0,0.4100944995880127,10.946610450744629,67,,,,,,,,,,,,
,,111839,3.0,0.34514015913009644,0.8817999958992004,0.5145000219345093,0.5767306685447693,0.5064712762832642,6.674836158752441,128.0,1.4952880144119263,8.515264511108398,67,,,,,,,,,,,,
,,111849,3.0,0.3760524392127991,0.890999972820282,0.5003451108932495,0.5013236999511719,0.48938366770744324,5.287199974060059,161.0,7.980068206787109,13.643320083618164,67,,,,,,,,,,,,
,,111859,3.0,0.5415555238723755,0.8276666402816772,0.5034887790679932,0.532702624797821,0.47165846824645996,6.800804615020752,128.0,1.1085515022277832,8.450911521911621,67,,,,,,,,,,,,
,,111869,3.0,0.2874565124511719,0.907800018787384,0.5014930963516235,0.5045593976974487,0.49524661898612976,6.709969520568848,218.0,2.8082942962646484,9.805720329284668,67,,,,,,,,,,,,
,,111879,3.0,0.3870721757411957,0.8640000224113464,0.4995647966861725,0.497489869594574,0.4791025221347809,8.600953102111816,213.0,2.0587210655212402,11.046747207641602,67,,,,,,,,,,,,
,,111889,3.0,0.6603786945343018,0.855400025844574,0.5017493963241577,0.5058143138885498,0.4891229569911957,9.772150039672852,196.0,9.856368064880371,20.288896560668945,67,,,,,,,,,,,,
,,111899,3.0,0.29940980672836304,0.9088000059127808,0.5151344537734985,0.5819316506385803,0.5119784474372864,8.887310028076172,180.0,0.5380215048789978,9.724740982055664,67,,,,,,,,,,,,
,,111909,3.0,0.49041157960891724,0.8691333532333374,0.5170178413391113,0.590119481086731,0.5080348253250122,7.059877872467041,221.0,3.882333278656006,11.432622909545898,67,,,,,,,,,,,,
,,111919,3.0,0.5786932110786438,0.8460666537284851,0.48823031783103943,0.45033830404281616,0.46383604407310486,12.139716148376465,302.0,0.014505402185022831,12.732914924621582,67,,,,,,,,,,,,
,,111929,3.0,0.3558368682861328,0.8600000143051147,0.5019025206565857,0.5277652740478516,0.4730210304260254,6.6189117431640625,66.0,1.0917773246765137,8.066526412963867,67,,,,,,,,,,,,
,,111939,3.0,0.455548495054245,0.8937333226203918,0.491259902715683,0.47979989647865295,0.4829498827457428,6.689001083374023,307.0,8.427125930786133,15.571675300598145,67,,,,,,,,,,,,
,,111949,3.0,0.6211423873901367,0.833733320236206,0.49462658166885376,0.47388967871665955,0.4689502418041229,6.205386161804199,221.0,1.9901423454284668,8.816671371459961,67,,,,,,,,,,,,
,,111959,3.0,0.6676546931266785,0.8213333487510681,0.48483389616012573,0.453115314245224,0.4624983072280884,7.471048831939697,339.0,1.012642741203308,9.151346206665039,67,,,,,,,,,,,,
,,111969,3.0,0.524002194404602,0.8642666935920715,0.49471941590309143,0.4831198453903198,0.4805798828601837,7.021674156188965,330.0,4.115048885345459,11.660724639892578,67,,,,,,,,,,,,
,,111979,3.0,0.48806217312812805,0.8589333295822144,0.5329176783561707,0.6389374732971191,0.5321944355964661,7.516027450561523,264.0,3.8208236694335938,11.824913024902344,67,,,,,,,,,,,,
,,111989,3.0,0.4162466526031494,0.8655333518981934,0.4976053535938263,0.4938718378543854,0.4883425533771515,7.914376735687256,337.0,0.6616100072860718,8.992233276367188,67,,,,,,,,,,,,
,,111999,3.0,0.39283981919288635,0.8748666644096375,0.5198056697845459,0.5733379125595093,0.516689121723175,13.134859085083008,346.0,0.3838355541229248,13.911534309387207,67,,,,,,,,,,,,
,,112009,3.0,0.45162758231163025,0.852400004863739,0.5098724365234375,0.6214155554771423,0.4852900505065918,4.706392765045166,90.0,0.5717403888702393,5.729761123657227,67,,,,,,,,,,,,
,,112019,3.0,0.36539214849472046,0.8881999850273132,0.5060573816299438,0.529375433921814,0.4952319860458374,5.985379219055176,175.0,2.1103944778442383,8.461166381835938,67,,,,,,,,,,,,
,,112029,3.0,0.4380638599395752,0.8640000224113464,0.5165773630142212,0.5575811266899109,0.5111076235771179,9.51085090637207,233.0,1.8479893207550049,11.796903610229492,67,,,,,,,,,,,,
,,112039,3.0,0.3762652575969696,0.8726666569709778,0.5102906823158264,0.5216062068939209,0.508409857749939,9.094731330871582,329.0,2.2275712490081787,11.698568344116211,67,,,,,,,,,,,,
,,112049,3.0,0.37718909978866577,0.8820666670799255,0.5375415086746216,0.6018460988998413,0.5449016690254211,8.9004487991333,374.0,2.6484549045562744,11.926092147827148,67,,,,,,,,,,,,
,,112059,3.0,0.3858890235424042,0.8773999810218811,0.5029995441436768,0.5136294364929199,0.48958611488342285,11.695255279541016,295.0,1.6253232955932617,13.706467628479004,67,,,,,,,,,,,,
,,112069,3.0,0.4488638937473297,0.861133337020874,0.5032863616943359,0.5300838351249695,0.4793018400669098,5.589558124542236,141.0,5.192439079284668,11.23086166381836,67,,,,,,,,,,,,
,,112079,3.0,0.4207862615585327,0.8406000137329102,0.5064030885696411,0.5674287676811218,0.4781374931335449,9.258397102355957,136.0,0.03292401507496834,9.712106704711914,67,,,,,,,,,,,,
,,112089,3.0,0.36910513043403625,0.8842666745185852,0.5014976859092712,0.5117092728614807,0.4826902151107788,4.511463165283203,91.0,6.471438407897949,11.352006912231445,67,,,,,,,,,,,,
,,112099,3.0,0.5932173132896423,0.8420666456222534,0.5005853772163391,0.5036166906356812,0.475679874420166,6.130921840667725,126.0,4.9754509925842285,11.699590682983398,67,,,,,,,,,,,,
,,112109,3.0,0.3946637511253357,0.85753333568573,0.5073765516281128,0.585502028465271,0.4830148220062256,5.471696376800537,80.0,4.46729850769043,10.333658218383789,67,,,,,,,,,,,,
,,112119,3.0,0.2668249309062958,0.9154666662216187,0.521649181842804,0.577590823173523,0.5249750018119812,11.0115966796875,238.0,1.2020927667617798,12.480514526367188,67,,,,,,,,,,,,
,,112129,3.0,0.4556722640991211,0.8423333168029785,0.5007343888282776,0.5035556554794312,0.47964391112327576,5.872438430786133,264.0,12.192585945129395,18.52069664001465,67,,,,,,,,,,,,
,,112139,3.0,0.503796398639679,0.8583333492279053,0.5025591254234314,0.5136256217956543,0.48379120230674744,6.0225443840026855,191.0,4.6361799240112305,11.162521362304688,67,,,,,,,,,,,,
,,112149,3.0,0.29576072096824646,0.8786666393280029,0.5227085947990417,0.6905227303504944,0.5151997804641724,10.120325088500977,162.0,0.5660988092422485,10.982185363769531,67,,,,,,,,,,,,
,,112159,3.0,0.47319576144218445,0.877133309841156,0.5059316158294678,0.5357707738876343,0.49093809723854065,8.140512466430664,204.0,0.24994933605194092,8.86365795135498,67,,,,,,,,,,,,
,,112169,3.0,0.29622194170951843,0.8940666913986206,0.5063286423683167,0.5274206399917603,0.49762219190597534,13.634383201599121,233.0,0.25378620624542236,14.184391021728516,67,,,,,,,,,,,,
,,112179,3.0,0.3859460949897766,0.865933358669281,0.4998227655887604,0.49475789070129395,0.4675140082836151,4.179060459136963,41.0,0.3917933702468872,4.9567999839782715,67,,,,,,,,,,,,
,,112189,3.0,0.44543853402137756,0.8831999897956848,0.510054349899292,0.5164105892181396,0.5101757645606995,7.113821983337402,333.0,14.171009063720703,21.730270385742188,67,,,,,,,,,,,,
,,112199,3.0,0.4783913493156433,0.837933361530304,0.499023973941803,0.49608728289604187,0.47960808873176575,7.3580756187438965,331.0,1.702752709388733,9.539219856262207,67,,,,,,,,,,,,
,,112209,3.0,0.39302173256874084,0.873533308506012,0.5036904215812683,0.5264611840248108,0.4849322438240051,5.689355373382568,85.0,6.651622295379639,12.733999252319336,67,,,,,,,,,,,,
,,112219,3.0,0.4683738052845001,0.8482666611671448,0.4990678131580353,0.4937165379524231,0.4733567237854004,9.334198951721191,141.0,3.6147797107696533,13.417352676391602,67,,,,,,,,,,,,
,,112229,3.0,0.5594179630279541,0.8227333426475525,0.5069084763526917,0.5374224185943604,0.48340409994125366,6.075874328613281,159.0,6.31552267074585,12.950815200805664,67,,,,,,,,,,,,
,,112239,3.0,0.42798590660095215,0.8733999729156494,0.5156657695770264,0.5339834690093994,0.5153184533119202,7.011806964874268,313.0,43.573692321777344,51.013484954833984,67,,,,,,,,,,,,
,,112249,3.0,0.321821004152298,0.8776666522026062,0.5070645809173584,0.5343697667121887,0.4950907826423645,5.020411491394043,155.0,4.313314914703369,9.655548095703125,67,,,,,,,,,,,,
,,112259,3.0,0.41781261563301086,0.8778666853904724,0.4993290901184082,0.49648040533065796,0.4822465479373932,5.617121696472168,123.0,1.5439223051071167,7.578856945037842,67,,,,,,,,,,,,
2.2676872796319533e-05,0.0002267687279631953,112267,,,,,,,,,,,,,,,,,,,,,,,
,,112269,3.0,0.6383995413780212,0.8298666477203369,0.48676544427871704,0.4587966203689575,0.4660050868988037,7.176992416381836,364.0,2.429446220397949,10.24483871459961,68,,,,,,,,,,,,
,,112279,3.0,0.6166660189628601,0.8284666538238525,0.5164033770561218,0.6221702694892883,0.49437153339385986,7.079509258270264,168.0,7.447879314422607,15.144054412841797,68,,,,,,,,,,,,
,,112289,3.0,0.6210039258003235,0.8072666525840759,0.5035867094993591,0.5265278220176697,0.47011667490005493,6.075888156890869,139.0,2.0555636882781982,8.752455711364746,68,,,,,,,,,,,,
,,112299,3.0,0.5097835063934326,0.8354666829109192,0.508414089679718,0.5357716083526611,0.49198904633522034,6.452264308929443,229.0,18.291431427001953,25.25347900390625,68,,,,,,,,,,,,
,,112309,3.0,0.5705915093421936,0.838866651058197,0.4915180504322052,0.47240856289863586,0.47284623980522156,8.328639030456543,266.0,3.4129486083984375,12.312179565429688,68,,,,,,,,,,,,
,,112319,3.0,0.41252467036247253,0.8501333594322205,0.49578964710235596,0.4756273627281189,0.47072672843933105,14.223694801330566,240.0,0.13123193383216858,14.767451286315918,68,,,,,,,,,,,,
,,112329,3.0,0.4875575602054596,0.881600022315979,0.489489883184433,0.47682639956474304,0.48057618737220764,7.44465970993042,319.0,2.9801523685455322,10.912369728088379,68,,,,,,,,,,,,
,,112339,3.0,0.29942750930786133,0.8966000080108643,0.5381045341491699,0.6316536664962769,0.547079861164093,6.421114921569824,193.0,24.465776443481445,31.18631935119629,68,,,,,,,,,,,,
,,112349,3.0,0.5750455856323242,0.7890666723251343,0.49767524003982544,0.46522629261016846,0.4478103518486023,5.277534484863281,88.0,2.7697882652282715,8.622367858886719,68,,,,,,,,,,,,
,,112359,3.0,0.8974813222885132,0.7825333476066589,0.4979245662689209,0.49258819222450256,0.4719289243221283,7.98190975189209,329.0,10.229698181152344,19.109088897705078,68,,,,,,,,,,,,
,,112369,3.0,0.410108357667923,0.8543999791145325,0.4987136423587799,0.4791514575481415,0.46569734811782837,4.830703258514404,54.0,0.3745318651199341,5.6153435707092285,68,,,,,,,,,,,,
,,112379,3.0,0.4745352268218994,0.8515333533287048,0.5045841336250305,0.5692683458328247,0.47504305839538574,4.56819486618042,67.0,0.3182275593280792,5.360958099365234,68,,,,,,,,,,,,
,,112389,3.0,0.42390215396881104,0.8696666955947876,0.5015473961830139,0.5164576768875122,0.4770675599575043,4.563729763031006,88.0,0.921974778175354,5.909606456756592,68,,,,,,,,,,,,
,,112399,3.0,0.5438134074211121,0.8194000124931335,0.501446008682251,0.5120735764503479,0.4679856300354004,7.044968128204346,102.0,4.012233734130859,11.601015090942383,68,,,,,,,,,,,,
,,112409,3.0,0.5505138635635376,0.8773999810218811,0.4927719533443451,0.4713895916938782,0.47586289048194885,7.637966632843018,286.0,0.16631220281124115,8.354792594909668,68,,,,,,,,,,,,
,,112419,3.0,0.4282103478908539,0.9043999910354614,0.5066174268722534,0.5215833187103271,0.5018728375434875,8.174227714538574,191.0,6.80726432800293,15.40970230102539,68,,,,,,,,,,,,
,,112429,3.0,0.3777347207069397,0.8690666556358337,0.5278743505477905,0.6402134895324707,0.5250627398490906,9.716440200805664,206.0,2.1467370986938477,12.240912437438965,68,,,,,,,,,,,,
,,112439,3.0,0.3962115943431854,0.8863333463668823,0.5339857935905457,0.6155614256858826,0.5396678447723389,8.02932071685791,335.0,0.6082102656364441,9.033742904663086,68,,,,,,,,,,,,
,,112449,3.0,0.336131751537323,0.8815333247184753,0.5383332967758179,0.5891321897506714,0.546058177947998,9.111798286437988,342.0,9.554046630859375,19.001976013183594,68,,,,,,,,,,,,
,,112459,3.0,0.5310419201850891,0.8584666848182678,0.4958827793598175,0.48654693365097046,0.4812700152397156,6.970691680908203,288.0,3.296030282974243,10.79776382446289,68,,,,,,,,,,,,
,,112469,3.0,0.5992738008499146,0.8503333330154419,0.48590153455734253,0.4788500964641571,0.4811375141143799,6.9331488609313965,335.0,7.7566328048706055,15.289054870605469,68,,,,,,,,,,,,
,,112479,3.0,0.3581363558769226,0.8938666582107544,0.5114285945892334,0.5705177187919617,0.5025371313095093,13.937297821044922,173.0,0.4623582661151886,14.757792472839355,68,,,,,,,,,,,,
,,112489,3.0,0.36747512221336365,0.8565333485603333,0.5182726979255676,0.5975633263587952,0.5074283480644226,14.75944995880127,272.0,0.6618835926055908,15.788808822631836,68,,,,,,,,,,,,
,,112499,3.0,0.4331965446472168,0.8390666842460632,0.4974995255470276,0.4798387289047241,0.46670666337013245,5.575948238372803,120.0,1.4105035066604614,7.419648170471191,68,,,,,,,,,,,,
,,112509,3.0,0.6713594794273376,0.8151999711990356,0.5104973316192627,0.5411701798439026,0.4929654002189636,7.312865257263184,346.0,13.19841480255127,21.182640075683594,68,,,,,,,,,,,,
,,112519,3.0,0.43348848819732666,0.8791333436965942,0.5313713550567627,0.6152016520500183,0.5344067215919495,7.634016036987305,179.0,4.398036003112793,12.465540885925293,68,,,,,,,,,,,,
,,112529,3.0,0.287689745426178,0.9100000262260437,0.5039806962013245,0.511282742023468,0.4996904730796814,7.112605571746826,222.0,10.517849922180176,17.91814422607422,68,,,,,,,,,,,,
,,112539,3.0,0.4881531894207001,0.8471333384513855,0.5068535208702087,0.5544137954711914,0.4833058714866638,9.633135795593262,157.0,3.0888004302978516,13.210089683532715,68,,,,,,,,,,,,
,,112549,3.0,0.3575766384601593,0.8734666705131531,0.49907806515693665,0.4903382956981659,0.4739741384983063,4.584095001220703,78.0,0.34722909331321716,5.288900852203369,68,,,,,,,,,,,,
,,112559,3.0,0.326516717672348,0.8866666555404663,0.534471333026886,0.5765537619590759,0.5412327647209167,7.234462261199951,326.0,1.0196126699447632,8.580591201782227,68,,,,,,,,,,,,
,,112569,3.0,0.3295019268989563,0.8946666717529297,0.5116574764251709,0.5278320908546448,0.510624349117279,6.2135090827941895,273.0,8.631852149963379,15.174863815307617,68,,,,,,,,,,,,
,,112579,3.0,0.5278535485267639,0.8378666639328003,0.49492672085762024,0.42991209030151367,0.4567055106163025,5.629611015319824,90.0,0.4514508843421936,6.608915328979492,68,,,,,,,,,,,,
,,112589,3.0,0.3855521082878113,0.8674666881561279,0.4955536425113678,0.47978290915489197,0.4767186939716339,6.154703140258789,259.0,1.8154906034469604,8.355745315551758,68,,,,,,,,,,,,
,,112599,3.0,0.3099973499774933,0.8934000134468079,0.512836754322052,0.6495358943939209,0.5006265640258789,4.760376930236816,103.0,0.9346771836280823,6.005051612854004,68,,,,,,,,,,,,
,,112609,3.0,0.3251078724861145,0.8813999891281128,0.4966520667076111,0.48033660650253296,0.47728005051612854,5.861603260040283,115.0,3.0632736682891846,9.249984741210938,68,,,,,,,,,,,,
,,112619,3.0,0.46194660663604736,0.8687999844551086,0.5251667499542236,0.6444132328033447,0.5197427272796631,6.7467851638793945,137.0,5.691339492797852,12.900071144104004,68,,,,,,,,,,,,
,,112629,3.0,0.4468480050563812,0.8795333504676819,0.5123871564865112,0.5256208777427673,0.511671245098114,8.35897445678711,323.0,4.989530563354492,13.795352935791016,68,,,,,,,,,,,,
,,112639,3.0,0.33981531858444214,0.8987333178520203,0.5158880949020386,0.6009359359741211,0.5103908181190491,5.191873073577881,109.0,3.0286953449249268,8.560383796691895,68,,,,,,,,,,,,
,,112649,3.0,0.22618648409843445,0.9376000165939331,0.4997583329677582,0.49883753061294556,0.4922921061515808,5.844460487365723,107.0,0.9552534222602844,7.025900363922119,68,,,,,,,,,,,,
,,112659,3.0,0.3558918535709381,0.862666666507721,0.5054137706756592,0.5472624897956848,0.48350298404693604,5.915762424468994,86.0,2.99399471282959,9.26564884185791,68,,,,,,,,,,,,
,,112669,3.0,0.5438863635063171,0.8419333100318909,0.5062353014945984,0.5502893328666687,0.4809917211532593,5.879981517791748,129.0,0.8306260704994202,7.254493713378906,68,,,,,,,,,,,,
,,112679,3.0,0.3268108367919922,0.8686666488647461,0.49529802799224854,0.4730275571346283,0.47329941391944885,11.937087059020996,242.0,0.14167720079421997,12.405574798583984,68,,,,,,,,,,,,
,,112689,3.0,0.4041162431240082,0.8733999729156494,0.49783894419670105,0.4614241123199463,0.46829909086227417,4.10739803314209,53.0,0.16791872680187225,4.6794328689575195,68,,,,,,,,,,,,
,,112699,3.0,0.39761558175086975,0.8854666948318481,0.4975901246070862,0.48487892746925354,0.4787357747554779,6.771347999572754,161.0,8.933573722839355,16.102537155151367,68,,,,,,,,,,,,
,,112709,3.0,0.5921346545219421,0.8166666626930237,0.49232566356658936,0.4666258990764618,0.46488168835639954,9.388980865478516,236.0,8.66218376159668,18.643299102783203,68,,,,,,,,,,,,
,,112719,3.0,0.49245327711105347,0.850933313369751,0.5019265413284302,0.5123884081840515,0.47894757986068726,8.793657302856445,115.0,8.46983814239502,17.755949020385742,68,,,,,,,,,,,,
,,112729,3.0,0.3594167232513428,0.8599333167076111,0.5040256381034851,0.5454858541488647,0.4783731997013092,4.715339660644531,98.0,5.9201788902282715,10.994935989379883,68,,,,,,,,,,,,
,,112739,3.0,0.6924591064453125,0.8302000164985657,0.4890568256378174,0.4592486023902893,0.46538856625556946,8.865019798278809,270.0,3.376060724258423,12.933539390563965,68,,,,,,,,,,,,
,,112749,3.0,0.5257555246353149,0.877133309841156,0.49530547857284546,0.49417436122894287,0.49434253573417664,7.659670352935791,363.0,12.967854499816895,21.15328025817871,68,,,,,,,,,,,,
,,112759,3.0,0.6652265191078186,0.8109333515167236,0.4943089485168457,0.4650011956691742,0.4600394666194916,7.446801662445068,207.0,1.4777005910873413,9.589728355407715,68,,,,,,,,,,,,
,,112769,3.0,0.481221079826355,0.8410000205039978,0.48791322112083435,0.4589293599128723,0.46700555086135864,7.874210834503174,335.0,2.9087419509887695,11.26417350769043,68,,,,,,,,,,,,
,,112779,3.0,0.6378968954086304,0.8007333278656006,0.48880451917648315,0.43050307035446167,0.4495776891708374,6.870570182800293,182.0,1.5094637870788574,9.01793098449707,68,,,,,,,,,,,,
,,112789,3.0,0.4915792644023895,0.8169999718666077,0.5119393467903137,0.5936137437820435,0.4841621518135071,7.5649003982543945,151.0,6.659132957458496,14.715612411499023,68,,,,,,,,,,,,
,,112799,3.0,0.5112850666046143,0.8524666428565979,0.49593600630760193,0.48325031995773315,0.47667115926742554,10.621437072753906,359.0,0.6151907444000244,11.747912406921387,68,,,,,,,,,,,,
,,112809,3.0,0.4879741668701172,0.8755333423614502,0.495512992143631,0.48289382457733154,0.48030561208724976,7.100921154022217,248.0,0.5514468550682068,8.140341758728027,68,,,,,,,,,,,,
,,112819,3.0,0.38074126839637756,0.8434000015258789,0.502435028553009,0.5367861390113831,0.46948304772377014,5.274894714355469,57.0,3.9389395713806152,9.594575881958008,68,,,,,,,,,,,,
,,112829,3.0,0.4008025527000427,0.8672000169754028,0.4951806664466858,0.48525115847587585,0.4822535216808319,6.0747151374816895,258.0,5.570879936218262,12.046398162841797,68,,,,,,,,,,,,
,,112839,3.0,0.33624422550201416,0.885200023651123,0.5171215534210205,0.578286349773407,0.5123704671859741,11.653064727783203,219.0,1.1722661256790161,13.161575317382812,68,,,,,,,,,,,,
,,112849,3.0,0.4335079789161682,0.8657333254814148,0.5012945532798767,0.509486734867096,0.47933468222618103,5.161050796508789,99.0,3.3464553356170654,8.941014289855957,68,,,,,,,,,,,,
,,112859,3.0,0.5153509974479675,0.8752666711807251,0.4969899356365204,0.49223747849464417,0.488126277923584,8.228643417358398,330.0,3.5247113704681396,12.268706321716309,68,,,,,,,,,,,,
,,112869,3.0,0.4572977125644684,0.8485333323478699,0.49418315291404724,0.44919291138648987,0.46250343322753906,9.543800354003906,141.0,0.7166000604629517,10.717698097229004,68,,,,,,,,,,,,
,,112879,3.0,0.5545400381088257,0.8194000124931335,0.5020063519477844,0.5169828534126282,0.4686639904975891,6.161612510681152,166.0,2.440479278564453,9.156631469726562,68,,,,,,,,,,,,
,,112889,3.0,0.4477226138114929,0.8483999967575073,0.5036616325378418,0.5478522181510925,0.4738194942474365,8.35063362121582,122.0,0.027003630995750427,8.825359344482422,68,,,,,,,,,,,,
,,112899,3.0,0.44664624333381653,0.8664666414260864,0.49629539251327515,0.4623851180076599,0.4681702256202698,5.326549530029297,95.0,1.6974176168441772,7.470613479614258,68,,,,,,,,,,,,
,,112909,3.0,0.48533645272254944,0.8654000163078308,0.4959293305873871,0.48768165707588196,0.4833304286003113,8.177122116088867,285.0,1.0993342399597168,9.76179313659668,68,,,,,,,,,,,,
,,112919,3.0,0.4035685658454895,0.8628000020980835,0.5079113841056824,0.5383011698722839,0.49398720264434814,13.184000968933105,308.0,0.2800420820713043,13.867610931396484,68,,,,,,,,,,,,
,,112929,3.0,0.49167966842651367,0.853600025177002,0.5005086064338684,0.5022494792938232,0.482557088136673,9.805619239807129,276.0,1.2126328945159912,11.509931564331055,68,,,,,,,,,,,,
,,112939,3.0,0.4765210747718811,0.847266674041748,0.5012147426605225,0.5035547018051147,0.4895409047603607,10.302230834960938,280.0,11.916548728942871,22.695301055908203,68,,,,,,,,,,,,
,,112949,3.0,0.4687785506248474,0.865066647529602,0.5093098282814026,0.5437977313995361,0.49684932827949524,10.26557445526123,241.0,0.5621291399002075,11.29648208618164,68,,,,,,,,,,,,
,,112959,3.0,0.34694424271583557,0.8864666819572449,0.5045664310455322,0.5302404761314392,0.4895744025707245,7.74312162399292,130.0,0.12609077990055084,8.216156959533691,68,,,,,,,,,,,,
,,112969,3.0,0.5908880829811096,0.8148000240325928,0.49651023745536804,0.4679120182991028,0.4580647051334381,6.5846099853515625,119.0,14.077207565307617,21.252704620361328,68,,,,,,,,,,,,
,,112979,3.0,0.23242957890033722,0.9286666512489319,0.5038285851478577,0.5073662400245667,0.5029432773590088,5.8178582191467285,235.0,4.650446891784668,10.700735092163086,68,,,,,,,,,,,,
,,112989,3.0,0.36058688163757324,0.8730000257492065,0.49957770109176636,0.49265122413635254,0.47126781940460205,5.696904182434082,55.0,0.9593499898910522,7.016841411590576,68,,,,,,,,,,,,
,,112999,3.0,0.3520386517047882,0.878933310508728,0.5048646330833435,0.5638553500175476,0.4831916093826294,4.594765663146973,55.0,0.823371946811676,5.770176410675049,68,,,,,,,,,,,,
,,113009,3.0,0.3744443655014038,0.8962666392326355,0.5057246088981628,0.5143136978149414,0.5021786093711853,8.559122085571289,284.0,3.587846040725708,12.521411895751953,68,,,,,,,,,,,,
,,113019,3.0,0.4229992926120758,0.8697999715805054,0.49660995602607727,0.4791485071182251,0.4746791422367096,5.876430034637451,168.0,9.618828773498535,15.918258666992188,68,,,,,,,,,,,,
,,113029,3.0,0.48256465792655945,0.8307999968528748,0.5050145983695984,0.5383559465408325,0.4772263467311859,9.426085472106934,156.0,2.2959084510803223,12.204559326171875,68,,,,,,,,,,,,
,,113039,3.0,0.6060569882392883,0.8180666565895081,0.5193480253219604,0.553131639957428,0.5123120546340942,7.656343936920166,414.0,24.914100646972656,33.1765022277832,68,,,,,,,,,,,,
,,113049,3.0,0.5189753770828247,0.8699333071708679,0.4987373352050781,0.4946516752243042,0.48292744159698486,6.915468692779541,249.0,3.5428035259246826,10.97724723815918,68,,,,,,,,,,,,
,,113059,3.0,0.41472283005714417,0.8780666589736938,0.506096601486206,0.5185316205024719,0.49914005398750305,6.743505954742432,231.0,6.543737888336182,13.701967239379883,68,,,,,,,,,,,,
,,113069,3.0,0.3797149956226349,0.8682000041007996,0.4991662800312042,0.4686392545700073,0.46623069047927856,3.3442559242248535,21.0,0.007237731479108334,3.731208562850952,68,,,,,,,,,,,,
,,113079,3.0,0.20478789508342743,0.9306666851043701,0.5866773724555969,0.6645641326904297,0.6103895902633667,10.199780464172363,407.0,0.8292244672775269,11.233793258666992,68,,,,,,,,,,,,
,,113089,3.0,0.7497991919517517,0.8264666795730591,0.49807947874069214,0.49418628215789795,0.4821799397468567,9.21523666381836,401.0,1.1846073865890503,11.149642944335938,68,,,,,,,,,,,,
,,113099,3.0,0.3419945538043976,0.8862666487693787,0.49454617500305176,0.471730500459671,0.4761945605278015,5.417294502258301,198.0,6.2987542152404785,12.058043479919434,68,,,,,,,,,,,,
,,113109,3.0,0.32933691143989563,0.8759999871253967,0.5006222128868103,0.5016562938690186,0.49282461404800415,6.631491184234619,313.0,5.3259596824646,12.286787986755371,68,,,,,,,,,,,,
,,113119,3.0,0.5452560186386108,0.8331999778747559,0.5033989548683167,0.5775108933448792,0.4657377600669861,7.816082954406738,70.0,0.17360149323940277,8.534939765930176,68,,,,,,,,,,,,
,,113129,3.0,0.47822925448417664,0.843999981880188,0.5110321044921875,0.5311657190322876,0.5034933686256409,7.113776683807373,341.0,10.010527610778809,17.6025333404541,68,,,,,,,,,,,,
,,113139,3.0,0.5666991472244263,0.8569999933242798,0.48549506068229675,0.46471789479255676,0.4719308316707611,7.686625003814697,267.0,5.856271743774414,14.109596252441406,68,,,,,,,,,,,,
,,113149,3.0,0.6118865609169006,0.8266000151634216,0.5013608932495117,0.5028319358825684,0.494035005569458,8.3883056640625,551.0,10.380280494689941,19.380474090576172,68,,,,,,,,,,,,
,,113159,3.0,0.4181792438030243,0.8583333492279053,0.5054359436035156,0.5549707412719727,0.48121365904808044,5.9401960372924805,115.0,0.5546899437904358,6.913064956665039,68,,,,,,,,,,,,
,,113169,3.0,0.4239523708820343,0.8889999985694885,0.5067762136459351,0.5200399160385132,0.5014907717704773,6.330944538116455,221.0,11.832674026489258,18.587570190429688,68,,,,,,,,,,,,
,,113179,3.0,0.4102306365966797,0.852733314037323,0.5001929998397827,0.5014507174491882,0.47466781735420227,6.16184663772583,145.0,0.08705001324415207,6.659127235412598,68,,,,,,,,,,,,
,,113189,3.0,0.47853317856788635,0.8891333341598511,0.5037186741828918,0.5046981573104858,0.5036615133285522,9.197552680969238,300.0,10.82174015045166,20.497825622558594,68,,,,,,,,,,,,
,,113199,3.0,0.35972392559051514,0.8799999952316284,0.5147960186004639,0.5893423557281494,0.5054318904876709,11.320775032043457,152.0,0.5336835980415344,12.21418285369873,68,,,,,,,,,,,,
,,113209,3.0,0.6076856255531311,0.84006667137146,0.508028507232666,0.5373234152793884,0.4907956123352051,7.1459174156188965,203.0,3.038621664047241,10.792224884033203,68,,,,,,,,,,,,
,,113219,3.0,0.3576900362968445,0.8760666847229004,0.5285466909408569,0.5646770000457764,0.5324926376342773,10.879448890686035,528.0,0.2661271393299103,11.503266334533691,68,,,,,,,,,,,,
,,113229,3.0,0.5859415531158447,0.8519333600997925,0.4962536096572876,0.4897860288619995,0.4842701554298401,8.758444786071777,331.0,3.8054723739624023,13.149858474731445,68,,,,,,,,,,,,
,,113239,3.0,0.5077022314071655,0.8724666833877563,0.4996604919433594,0.49928945302963257,0.4943893849849701,7.936705589294434,334.0,5.570010185241699,14.01441764831543,68,,,,,,,,,,,,
,,113249,3.0,0.3853444755077362,0.8733333349227905,0.49689388275146484,0.4785894751548767,0.4744352102279663,5.580081462860107,117.0,3.840869903564453,9.806295394897461,68,,,,,,,,,,,,
,,113259,3.0,0.43343478441238403,0.8697333335876465,0.5040944814682007,0.5138823986053467,0.49394428730010986,12.34230899810791,366.0,0.29978686571121216,13.075530052185059,68,,,,,,,,,,,,
,,113269,3.0,0.5295208096504211,0.870199978351593,0.5093774199485779,0.5283989906311035,0.5030674338340759,7.007035255432129,241.0,5.363484859466553,12.900041580200195,68,,,,,,,,,,,,
,,113279,3.0,0.31497421860694885,0.9049999713897705,0.498725026845932,0.4944865107536316,0.4873545169830322,8.51257038116455,142.0,1.6173441410064697,10.4448881149292,68,,,,,,,,,,,,
,,113289,3.0,0.44799673557281494,0.8371333479881287,0.5004634261131287,0.512334406375885,0.4612943232059479,4.143728256225586,54.0,1.5553921461105347,6.1471171379089355,68,,,,,,,,,,,,
,,113299,3.0,0.37628865242004395,0.9174666404724121,0.4999407231807709,0.4998396933078766,0.49485331773757935,7.650230407714844,233.0,1.692719578742981,9.71923828125,68,,,,,,,,,,,,
,,113309,3.0,0.39613571763038635,0.8779333233833313,0.4923391044139862,0.47314536571502686,0.47709929943084717,16.080202102661133,319.0,0.3500317335128784,16.82636833190918,68,,,,,,,,,,,,
,,113319,3.0,0.6066608428955078,0.8142666816711426,0.4986434876918793,0.4918397068977356,0.4675970673561096,9.541446685791016,287.0,0.15382938086986542,10.301937103271484,68,,,,,,,,,,,,
,,113329,3.0,0.6072372198104858,0.8446666598320007,0.5059505105018616,0.5161685943603516,0.4971157908439636,8.751242637634277,406.0,18.212568283081055,27.571048736572266,68,,,,,,,,,,,,
,,113339,3.0,0.29995906352996826,0.8911333084106445,0.5004669427871704,0.5079516172409058,0.47724583745002747,4.176039218902588,33.0,0.515041172504425,4.991039752960205,68,,,,,,,,,,,,
,,113349,3.0,0.35988521575927734,0.9060666561126709,0.5129948854446411,0.5344521999359131,0.5126868486404419,6.941030979156494,197.0,0.9870924353599548,8.288008689880371,68,,,,,,,,,,,,
,,113359,3.0,0.5068146586418152,0.8821333050727844,0.5478702187538147,0.6120069026947021,0.5589878559112549,9.523683547973633,234.0,15.891372680664062,25.921871185302734,68,,,,,,,,,,,,
,,113369,3.0,0.3029339611530304,0.902733325958252,0.5221281051635742,0.6072306632995605,0.5225970149040222,5.689310550689697,125.0,3.5622873306274414,9.554532051086426,68,,,,,,,,,,,,
,,113379,3.0,0.43280428647994995,0.8576666712760925,0.5031670331954956,0.5470823049545288,0.47439271211624146,4.528636932373047,64.0,3.5037472248077393,8.465188026428223,68,,,,,,,,,,,,
,,113389,3.0,0.5909430384635925,0.8481333255767822,0.5026665925979614,0.5064072608947754,0.49488577246665955,11.14688777923584,257.0,10.614861488342285,22.352691650390625,68,,,,,,,,,,,,
,,113399,3.0,0.39613232016563416,0.8593999743461609,0.4973214268684387,0.4739067852497101,0.46870535612106323,7.040427207946777,102.0,0.6358285546302795,8.072388648986816,68,,,,,,,,,,,,
,,113409,3.0,0.4797009825706482,0.8570666909217834,0.502048134803772,0.5105509757995605,0.4832359850406647,10.226951599121094,156.0,5.807137489318848,16.513790130615234,68,,,,,,,,,,,,
,,113419,3.0,0.4811148941516876,0.8504666686058044,0.491170734167099,0.4642185568809509,0.46957677602767944,8.36906623840332,222.0,4.850949287414551,13.701130867004395,68,,,,,,,,,,,,
,,113429,3.0,0.40749412775039673,0.8806666731834412,0.49824368953704834,0.48418664932250977,0.47540298104286194,6.677645683288574,96.0,0.5390467643737793,7.6241865158081055,68,,,,,,,,,,,,
,,113439,3.0,0.37132495641708374,0.8669333457946777,0.4973527491092682,0.4623137414455414,0.4673349857330322,4.4378533363342285,69.0,2.1919844150543213,7.001162528991699,68,,,,,,,,,,,,
,,113449,3.0,0.44251561164855957,0.8684666752815247,0.5214012861251831,0.599224865436554,0.5159026384353638,8.614997863769531,146.0,9.286088943481445,18.34360122680664,68,,,,,,,,,,,,
,,113459,3.0,0.4775334298610687,0.8518666625022888,0.5066232681274414,0.5478410720825195,0.4850473701953888,6.645874977111816,199.0,1.654408574104309,8.777816772460938,68,,,,,,,,,,,,
,,113469,3.0,0.5338054895401001,0.8518000245094299,0.4937703311443329,0.47570908069610596,0.4743063449859619,8.026018142700195,203.0,8.743284225463867,17.30310821533203,68,,,,,,,,,,,,
,,113479,3.0,0.41672399640083313,0.8820000290870667,0.5039136409759521,0.5161997079849243,0.49274367094039917,11.011980056762695,231.0,0.1162625327706337,11.544966697692871,68,,,,,,,,,,,,
,,113489,3.0,0.34189003705978394,0.902400016784668,0.5042110085487366,0.5623905658721924,0.48696377873420715,3.9200775623321533,47.0,0.5206837058067322,4.782651424407959,68,,,,,,,,,,,,
,,113499,3.0,0.38195550441741943,0.8822000026702881,0.4936959445476532,0.4854069650173187,0.48558712005615234,7.321906089782715,272.0,14.887889862060547,22.591751098632812,68,,,,,,,,,,,,
,,113509,3.0,0.4061882495880127,0.8780666589736938,0.5016795992851257,0.507798969745636,0.4873972237110138,7.55321741104126,176.0,11.341142654418945,19.300548553466797,68,,,,,,,,,,,,
,,113519,3.0,0.25918126106262207,0.9146000146865845,0.5037285685539246,0.5159721970558167,0.49644169211387634,7.666316509246826,130.0,1.81818425655365,9.743681907653809,68,,,,,,,,,,,,
,,113529,3.0,0.5673072338104248,0.8740666508674622,0.49788957834243774,0.4949984550476074,0.49046728014945984,8.701153755187988,281.0,3.802837371826172,13.071298599243164,68,,,,,,,,,,,,
,,113539,3.0,0.2755191922187805,0.902733325958252,0.5011678338050842,0.5119744539260864,0.48383012413978577,5.25429105758667,61.0,2.1221060752868652,7.65191650390625,68,,,,,,,,,,,,
,,113549,3.0,0.5762056708335876,0.8651333451271057,0.530756413936615,0.5749698281288147,0.5342612266540527,7.280139446258545,354.0,2.163029432296753,10.01937484741211,68,,,,,,,,,,,,
,,113559,3.0,0.25600314140319824,0.9193333387374878,0.5099829435348511,0.5698989629745483,0.5040566921234131,5.764931678771973,66.0,0.2458779215812683,6.266812801361084,68,,,,,,,,,,,,
,,113569,3.0,0.6825094819068909,0.8098666667938232,0.49454325437545776,0.4856565594673157,0.47863641381263733,8.78164005279541,350.0,10.440980911254883,19.90513038635254,68,,,,,,,,,,,,
,,113579,3.0,0.4230409264564514,0.8700000047683716,0.49598726630210876,0.48227420449256897,0.47816309332847595,8.153225898742676,267.0,4.805958271026611,13.382225036621094,68,,,,,,,,,,,,
,,113589,3.0,0.3974308371543884,0.8974666595458984,0.4960727393627167,0.4858044981956482,0.48438313603401184,9.278763771057129,257.0,0.3713177442550659,10.04751205444336,68,,,,,,,,,,,,
,,113599,3.0,0.4798033833503723,0.8485999703407288,0.5088619589805603,0.549697756767273,0.4909568428993225,6.679440498352051,209.0,3.0222208499908447,10.181465148925781,68,,,,,,,,,,,,
,,113609,3.0,0.5571047067642212,0.8424000144004822,0.5104031562805176,0.5504245758056641,0.4941301643848419,6.62180757522583,179.0,11.59648323059082,18.775394439697266,68,,,,,,,,,,,,
,,113619,3.0,0.5662458539009094,0.8504666686058044,0.49811381101608276,0.49291977286338806,0.4811951518058777,7.595091819763184,160.0,18.984580993652344,27.145919799804688,68,,,,,,,,,,,,
,,113629,3.0,0.4987318813800812,0.8575999736785889,0.49585020542144775,0.48875558376312256,0.484318345785141,10.636014938354492,430.0,0.21870040893554688,11.353446960449219,68,,,,,,,,,,,,
,,113639,3.0,0.4651176631450653,0.8637333512306213,0.49932798743247986,0.4978361129760742,0.4870738387107849,8.316575050354004,218.0,4.359924793243408,13.141616821289062,68,,,,,,,,,,,,
,,113649,3.0,0.5785303115844727,0.838866651058197,0.49068593978881836,0.472434401512146,0.47361141443252563,8.41112995147705,354.0,1.9011421203613281,10.890802383422852,68,,,,,,,,,,,,
,,113659,3.0,0.3483060598373413,0.8917999863624573,0.5113708972930908,0.5665223598480225,0.5024895071983337,7.550832748413086,143.0,1.7084808349609375,9.607620239257812,68,,,,,,,,,,,,
,,113669,3.0,0.6188316345214844,0.8429999947547913,0.4929884970188141,0.47455328702926636,0.4733154773712158,6.290029048919678,272.0,6.791755199432373,13.700615882873535,68,,,,,,,,,,,,
,,113679,3.0,0.689863920211792,0.8328666687011719,0.4948764741420746,0.48676860332489014,0.48167917132377625,7.630145072937012,350.0,8.497709274291992,16.817718505859375,68,,,,,,,,,,,,
,,113689,3.0,0.4690430462360382,0.8887333273887634,0.49317482113838196,0.46373042464256287,0.4741014540195465,6.45090389251709,203.0,3.9663286209106445,10.886276245117188,68,,,,,,,,,,,,
,,113699,3.0,0.5449327826499939,0.8398666381835938,0.499576598405838,0.4981634020805359,0.479332834482193,6.676567554473877,175.0,2.7932095527648926,10.01470947265625,68,,,,,,,,,,,,
,,113709,3.0,0.2290729135274887,0.9100666642189026,0.5013870596885681,0.5110224485397339,0.48731085658073425,4.800829887390137,65.0,4.543183326721191,9.57308578491211,68,,,,,,,,,,,,
,,113719,3.0,0.46553170680999756,0.8586000204086304,0.5071688890457153,0.5269609093666077,0.49559545516967773,8.817075729370117,253.0,2.467921018600464,11.750528335571289,68,,,,,,,,,,,,
,,113729,3.0,0.4055368900299072,0.8745999932289124,0.49925264716148376,0.4956846833229065,0.48044198751449585,5.921133518218994,152.0,0.7186089754104614,7.045279502868652,68,,,,,,,,,,,,
,,113739,3.0,0.4675438702106476,0.8438000082969666,0.509343147277832,0.5599010586738586,0.4889858067035675,7.6940484046936035,165.0,9.33056926727295,17.49216079711914,68,,,,,,,,,,,,
,,113749,3.0,0.31245213747024536,0.8806666731834412,0.5132532119750977,0.603186309337616,0.5010123252868652,6.589746952056885,135.0,1.3924459218978882,8.294645309448242,68,,,,,,,,,,,,
,,113759,3.0,0.43788209557533264,0.8785333037376404,0.4897703528404236,0.4658775329589844,0.47414278984069824,6.9525322914123535,249.0,9.517516136169434,16.907930374145508,68,,,,,,,,,,,,
,,113769,3.0,0.3531669080257416,0.9151333570480347,0.5460850596427917,0.5699012279510498,0.5541779398918152,6.3769307136535645,317.0,4.9555439949035645,11.68564224243164,68,,,,,,,,,,,,
,,113779,3.0,0.4500587284564972,0.8900666832923889,0.5038406848907471,0.5432345867156982,0.48501142859458923,10.463587760925293,59.0,0.04559149220585823,10.959238052368164,68,,,,,,,,,,,,
,,113789,3.0,0.46514806151390076,0.8930000066757202,0.5047723054885864,0.5062634944915771,0.5047828555107117,8.816195487976074,362.0,6.952917575836182,16.23426055908203,68,,,,,,,,,,,,
,,113799,3.0,0.44800832867622375,0.876800000667572,0.5094578862190247,0.5467271208763123,0.4984731376171112,6.920591831207275,137.0,4.627565383911133,11.996166229248047,68,,,,,,,,,,,,
,,113809,3.0,0.4616978168487549,0.8842666745185852,0.5155636668205261,0.5352251529693604,0.5155944228172302,8.210016250610352,331.0,1.66770601272583,10.339420318603516,68,,,,,,,,,,,,
,,113819,3.0,0.323438823223114,0.8790666460990906,0.5033386945724487,0.5581488609313965,0.4790875315666199,5.050128936767578,57.0,1.5363439321517944,6.909911632537842,68,,,,,,,,,,,,
,,113829,3.0,0.835564374923706,0.7937333583831787,0.5050308108329773,0.5233954191207886,0.4777047038078308,7.318944454193115,235.0,12.750824928283691,20.90533447265625,68,,,,,,,,,,,,
,,113839,3.0,0.5091120600700378,0.9082000255584717,0.49322474002838135,0.48548373579978943,0.4872745871543884,8.114452362060547,326.0,3.5975069999694824,12.221071243286133,68,,,,,,,,,,,,
,,113849,3.0,0.26148515939712524,0.9185333251953125,0.5055686235427856,0.5262923836708069,0.4991382360458374,5.76662015914917,101.0,7.443333148956299,13.47143840789795,68,,,,,,,,,,,,
,,113859,3.0,0.40990161895751953,0.8736666440963745,0.5068435668945312,0.5476479530334473,0.4902800917625427,7.316398620605469,137.0,1.8043975830078125,9.5306978225708,68,,,,,,,,,,,,
,,113869,3.0,0.40620920062065125,0.8803333044052124,0.49395251274108887,0.47852078080177307,0.4795636534690857,10.990031242370605,300.0,0.22532673180103302,11.621566772460938,68,,,,,,,,,,,,
,,113879,3.0,0.3096335530281067,0.8880666494369507,0.5043581128120422,0.5752381086349487,0.4830799698829651,5.874227046966553,53.0,1.452681303024292,7.636542320251465,68,,,,,,,,,,,,
,,113889,3.0,0.4719655513763428,0.883400022983551,0.5103856325149536,0.5240066051483154,0.5083745718002319,7.761775493621826,294.0,8.29644775390625,16.530189514160156,68,,,,,,,,,,,,
,,113899,3.0,0.3936220407485962,0.8357333540916443,0.4990459978580475,0.49011513590812683,0.46550777554512024,4.98849630355835,104.0,3.8594090938568115,9.241527557373047,68,,,,,,,,,,,,
,,113909,3.0,0.47811052203178406,0.8442666530609131,0.49597859382629395,0.4816778004169464,0.4738154411315918,8.406329154968262,250.0,1.7583857774734497,10.64282512664795,68,,,,,,,,,,,,
2.1404630011522586e-05,0.00021404630011522585,113918,,,,,,,,,,,,,,,,,,,,,,,
,,113919,3.0,0.4992632269859314,0.8806666731834412,0.4958605170249939,0.48202913999557495,0.47968924045562744,10.025116920471191,270.0,0.06278584152460098,10.587165832519531,69,,,,,,,,,,,,
,,113929,3.0,0.485984206199646,0.8497999906539917,0.5140172243118286,0.5714607238769531,0.5002438426017761,9.441838264465332,191.0,2.843930244445801,12.77175235748291,69,,,,,,,,,,,,
,,113939,3.0,0.41672980785369873,0.875,0.4981619119644165,0.4768739342689514,0.4713996946811676,4.750392436981201,81.0,0.6774429082870483,5.844565391540527,69,,,,,,,,,,,,
,,113949,3.0,0.2101714164018631,0.9117333292961121,0.5025488138198853,0.5421398282051086,0.4857972264289856,3.9396276473999023,43.0,1.464796543121338,5.614595413208008,69,,,,,,,,,,,,
,,113959,3.0,0.6810266375541687,0.8471333384513855,0.5375903844833374,0.594895601272583,0.5414671897888184,10.21580696105957,548.0,2.1443631649017334,13.041196823120117,69,,,,,,,,,,,,
,,113969,3.0,0.7478002309799194,0.8054666519165039,0.48730799555778503,0.4478197991847992,0.4570539593696594,7.020864009857178,296.0,3.6118714809417725,11.380536079406738,69,,,,,,,,,,,,
,,113979,3.0,0.4748185873031616,0.8396000266075134,0.5061182975769043,0.5294543504714966,0.4873262345790863,7.604889869689941,225.0,6.1958537101745605,14.275562286376953,69,,,,,,,,,,,,
,,113989,3.0,0.46479105949401855,0.8365333080291748,0.5024920105934143,0.5301675796508789,0.46964231133461,5.22001314163208,94.0,0.592021644115448,6.276825428009033,69,,,,,,,,,,,,
,,113999,3.0,0.2961399555206299,0.897933304309845,0.5039134621620178,0.5194914937019348,0.4931131899356842,6.533442497253418,110.0,4.942820072174072,11.772401809692383,69,,,,,,,,,,,,
,,114009,3.0,0.5263462662696838,0.8434666395187378,0.4891103208065033,0.44299620389938354,0.46090325713157654,7.829427242279053,247.0,2.773761510848999,11.129535675048828,69,,,,,,,,,,,,
,,114019,3.0,0.3419373035430908,0.8969333171844482,0.5181626081466675,0.5549505352973938,0.5185120105743408,9.410701751708984,230.0,2.0301358699798584,11.782774925231934,69,,,,,,,,,,,,
,,114029,3.0,0.4020456075668335,0.9083999991416931,0.5398500561714172,0.5917084217071533,0.5501473546028137,9.913588523864746,233.0,6.932816505432129,17.248451232910156,69,,,,,,,,,,,,
,,114039,3.0,0.23968099057674408,0.9150000214576721,0.5354903340339661,0.6035197973251343,0.5454477667808533,13.899453163146973,282.0,0.8259326815605164,14.965066909790039,69,,,,,,,,,,,,
,,114049,3.0,0.3448827862739563,0.883400022983551,0.5172039270401001,0.5383994579315186,0.5178300738334656,7.959573268890381,282.0,11.00380802154541,19.308263778686523,69,,,,,,,,,,,,
,,114059,3.0,0.59513258934021,0.8324000239372253,0.49078691005706787,0.4591294229030609,0.4646916091442108,7.935107231140137,252.0,4.194395065307617,12.724635124206543,69,,,,,,,,,,,,
,,114069,3.0,0.41504421830177307,0.8611999750137329,0.5090969204902649,0.5448817610740662,0.49528101086616516,5.844671726226807,145.0,4.822070598602295,11.081787109375,69,,,,,,,,,,,,
,,114079,3.0,0.6706751585006714,0.8100000023841858,0.49851086735725403,0.49373456835746765,0.47346988320350647,7.13271427154541,283.0,16.290985107421875,24.094375610351562,69,,,,,,,,,,,,
,,114089,3.0,0.3371064066886902,0.937333345413208,0.5200053453445435,0.5342912673950195,0.5238982439041138,11.025135040283203,163.0,14.732900619506836,26.095142364501953,69,,,,,,,,,,,,
,,114099,3.0,0.4901236891746521,0.8533999919891357,0.4921035170555115,0.4674350917339325,0.4710635840892792,7.141393184661865,211.0,7.616486072540283,15.248003005981445,69,,,,,,,,,,,,
,,114109,3.0,0.6005159020423889,0.8449333310127258,0.5001267194747925,0.500871479511261,0.4740791618824005,6.0121259689331055,189.0,4.416751384735107,11.029393196105957,69,,,,,,,,,,,,
,,114119,3.0,0.4346604347229004,0.8609333038330078,0.4927060902118683,0.46047618985176086,0.46875572204589844,10.717667579650879,221.0,0.527094841003418,11.679423332214355,69,,,,,,,,,,,,
,,114129,3.0,0.4702712595462799,0.8503999710083008,0.5158553719520569,0.5661351680755615,0.505721926689148,7.996199607849121,260.0,5.471059799194336,13.937530517578125,69,,,,,,,,,,,,
,,114139,3.0,0.4861206114292145,0.8601999878883362,0.4930208623409271,0.47755682468414307,0.4775908887386322,7.89155912399292,239.0,3.0204856395721436,11.398165702819824,69,,,,,,,,,,,,
,,114149,3.0,0.5019816160202026,0.8474666476249695,0.5064566731452942,0.5355038642883301,0.48733896017074585,8.933250427246094,220.0,2.2644073963165283,11.699639320373535,69,,,,,,,,,,,,
,,114159,3.0,0.5053175687789917,0.8581333160400391,0.49339038133621216,0.46964511275291443,0.4718940556049347,12.983448028564453,256.0,0.35497698187828064,13.843742370605469,69,,,,,,,,,,,,
,,114169,3.0,0.5498365759849548,0.84006667137146,0.49062487483024597,0.473345011472702,0.4744788110256195,9.669626235961914,323.0,5.356403827667236,15.57586669921875,69,,,,,,,,,,,,
,,114179,3.0,0.34565025568008423,0.8727333545684814,0.5048466920852661,0.5486174821853638,0.4836219847202301,6.400020599365234,99.0,0.20213790237903595,6.947808742523193,69,,,,,,,,,,,,
,,114189,3.0,0.524516761302948,0.8616666793823242,0.5026885271072388,0.5091503262519836,0.49087584018707275,6.233422756195068,218.0,13.537942886352539,20.295883178710938,69,,,,,,,,,,,,
,,114199,3.0,0.4765211045742035,0.8583333492279053,0.49007314443588257,0.4506833851337433,0.46559810638427734,8.32641315460205,303.0,0.045786622911691666,8.848721504211426,69,,,,,,,,,,,,
,,114209,3.0,0.30842193961143494,0.9032666683197021,0.5029489398002625,0.5156359076499939,0.4918399155139923,11.791535377502441,147.0,0.16578662395477295,12.26574420928955,69,,,,,,,,,,,,
,,114219,3.0,0.6665810942649841,0.7793999910354614,0.5023528337478638,0.5094268918037415,0.4745916426181793,8.354005813598633,310.0,9.273675918579102,18.294261932373047,69,,,,,,,,,,,,
,,114229,3.0,0.3060368597507477,0.8763333559036255,0.5045756697654724,0.5596374869346619,0.4821370244026184,8.674681663513184,55.0,0.2915786802768707,9.272296905517578,69,,,,,,,,,,,,
,,114239,3.0,0.44185736775398254,0.8558666706085205,0.4968508183956146,0.4869803488254547,0.4784697890281677,9.83784294128418,243.0,1.6343375444412231,11.914037704467773,69,,,,,,,,,,,,
,,114249,3.0,0.5441413521766663,0.8440666794776917,0.5056051015853882,0.5271660685539246,0.4872475564479828,7.859335422515869,219.0,6.70166015625,15.10513687133789,69,,,,,,,,,,,,
,,114259,3.0,0.6093300580978394,0.7879999876022339,0.49638089537620544,0.477122038602829,0.4577670097351074,9.940407752990723,236.0,4.145725250244141,14.695463180541992,69,,,,,,,,,,,,
,,114269,3.0,0.44635406136512756,0.872866690158844,0.5019519329071045,0.5065470933914185,0.49132123589515686,6.393548965454102,203.0,4.819464206695557,11.659366607666016,69,,,,,,,,,,,,
,,114279,3.0,0.5030728578567505,0.8656666874885559,0.5048477649688721,0.5119391679763794,0.4988734722137451,11.942058563232422,294.0,6.609233379364014,19.054365158081055,69,,,,,,,,,,,,
,,114289,3.0,0.38526758551597595,0.8913333415985107,0.5073157548904419,0.521003246307373,0.5027698278427124,9.462358474731445,325.0,2.906049966812134,12.75367546081543,69,,,,,,,,,,,,
,,114299,3.0,0.4369719326496124,0.8826666474342346,0.4913661479949951,0.4646236002445221,0.4738805294036865,6.49147891998291,119.0,6.008190155029297,12.936641693115234,69,,,,,,,,,,,,
,,114309,3.0,0.6381593942642212,0.8351333141326904,0.4883354604244232,0.46355000138282776,0.4687292277812958,16.920406341552734,338.0,7.224935054779053,24.78350067138672,69,,,,,,,,,,,,
,,114319,3.0,0.551339328289032,0.8327999711036682,0.5003930926322937,0.5016940236091614,0.4795228838920593,8.006515502929688,219.0,7.859142303466797,16.416996002197266,69,,,,,,,,,,,,
,,114329,3.0,0.43963557481765747,0.8518000245094299,0.5036917924880981,0.5264409780502319,0.48054468631744385,11.549678802490234,177.0,2.2951371669769287,14.284451484680176,69,,,,,,,,,,,,
,,114339,3.0,0.33968475461006165,0.9056000113487244,0.5170884132385254,0.580096960067749,0.515382707118988,7.598764896392822,120.0,1.8440333604812622,9.782483100891113,69,,,,,,,,,,,,
,,114349,3.0,0.36318814754486084,0.8618000149726868,0.49831220507621765,0.475705623626709,0.4676365852355957,5.040543079376221,65.0,0.11713413894176483,5.520865440368652,69,,,,,,,,,,,,
,,114359,3.0,0.33759433031082153,0.8840000033378601,0.4963855743408203,0.4747856855392456,0.475433349609375,8.343242645263672,107.0,2.306011199951172,10.986847877502441,69,,,,,,,,,,,,
,,114369,3.0,0.2813853919506073,0.926800012588501,0.5098447799682617,0.5152587890625,0.5109243988990784,8.569937705993652,371.0,3.0138494968414307,11.865172386169434,69,,,,,,,,,,,,
,,114379,3.0,0.4341444671154022,0.8729333281517029,0.4913790822029114,0.47437000274658203,0.47780531644821167,10.857758522033691,282.0,6.7499775886535645,18.041879653930664,69,,,,,,,,,,,,
,,114389,3.0,0.48924416303634644,0.8578000068664551,0.4937255382537842,0.4577385187149048,0.46680310368537903,8.425752639770508,194.0,0.1810363233089447,9.096033096313477,69,,,,,,,,,,,,
,,114399,3.0,0.3303808569908142,0.8737333416938782,0.500642716884613,0.5035319924354553,0.48306354880332947,6.7417473793029785,189.0,3.107574701309204,10.179702758789062,69,,,,,,,,,,,,
,,114409,3.0,0.3400881588459015,0.8893333077430725,0.5163561105728149,0.5334221124649048,0.5174771547317505,7.074875354766846,369.0,21.22725486755371,28.64221954345703,69,,,,,,,,,,,,
,,114419,3.0,0.5376828908920288,0.8410000205039978,0.48569172620773315,0.45138588547706604,0.4637914001941681,11.588139533996582,346.0,0.6367431282997131,12.762565612792969,69,,,,,,,,,,,,
,,114429,3.0,0.48435327410697937,0.8676666617393494,0.4850125312805176,0.4688098728656769,0.47487950325012207,7.5544562339782715,358.0,7.146020412445068,15.184829711914062,69,,,,,,,,,,,,
,,114439,3.0,0.36667078733444214,0.8649333119392395,0.5015012621879578,0.5101531147956848,0.48039543628692627,7.848778247833252,124.0,0.8127374649047852,9.028186798095703,69,,,,,,,,,,,,
,,114449,3.0,0.44567063450813293,0.8443333506584167,0.5073949694633484,0.5625489950180054,0.4828221797943115,8.761013984680176,156.0,3.0329458713531494,12.239630699157715,69,,,,,,,,,,,,
,,114459,3.0,0.4414835572242737,0.8638666868209839,0.5026323199272156,0.5118133425712585,0.48713454604148865,10.690857887268066,256.0,1.0557101964950562,12.188051223754883,69,,,,,,,,,,,,
,,114469,3.0,0.5375490188598633,0.8220000267028809,0.5050070881843567,0.5366430282592773,0.47581207752227783,8.851252555847168,142.0,0.3623304069042206,9.751132011413574,69,,,,,,,,,,,,
,,114479,3.0,0.3571159839630127,0.872866690158844,0.49930012226104736,0.48296669125556946,0.46917128562927246,8.59968376159668,33.0,0.19909492135047913,9.15589427947998,69,,,,,,,,,,,,
,,114489,3.0,0.4172200560569763,0.8487333059310913,0.5002843737602234,0.5016210675239563,0.47762665152549744,11.705994606018066,200.0,0.5312461256980896,12.654460906982422,69,,,,,,,,,,,,
,,114499,3.0,0.3051370084285736,0.8861333131790161,0.503700852394104,0.5306218862533569,0.486174076795578,4.900835990905762,86.0,1.2326889038085938,6.438662052154541,69,,,,,,,,,,,,
,,114509,3.0,0.33725547790527344,0.902999997138977,0.5277321338653564,0.5764132142066956,0.5331630706787109,9.3307523727417,205.0,2.625948429107666,12.293956756591797,69,,,,,,,,,,,,
,,114519,3.0,0.34708431363105774,0.8924000263214111,0.5072461366653442,0.534557580947876,0.4978885352611542,8.702034950256348,173.0,1.520698070526123,10.569816589355469,69,,,,,,,,,,,,
,,114529,3.0,0.3870581388473511,0.855733335018158,0.5012340545654297,0.5215623378753662,0.46970486640930176,4.417820453643799,53.0,6.10459566116333,10.90947437286377,69,,,,,,,,,,,,
,,114539,3.0,0.7138069868087769,0.8356666564941406,0.5028174519538879,0.5444129705429077,0.4677877426147461,7.414337635040283,84.0,1.1863842010498047,9.314528465270996,69,,,,,,,,,,,,
,,114549,3.0,0.45007187128067017,0.8596000075340271,0.5260698795318604,0.597598671913147,0.5234603881835938,10.18105697631836,390.0,0.8006699681282043,11.431798934936523,69,,,,,,,,,,,,
,,114559,3.0,0.462141215801239,0.8411333560943604,0.4989950656890869,0.479636013507843,0.4613956809043884,3.8889758586883545,46.0,1.2193496227264404,5.570466995239258,69,,,,,,,,,,,,
,,114569,3.0,0.3574824333190918,0.8873999714851379,0.5054587721824646,0.538901686668396,0.49053749442100525,12.892125129699707,162.0,0.3178807199001312,13.567487716674805,69,,,,,,,,,,,,
,,114579,3.0,0.28777527809143066,0.8912666440010071,0.5075850486755371,0.5552631616592407,0.4945506751537323,5.85563850402832,93.0,0.9833025336265564,7.126716136932373,69,,,,,,,,,,,,
,,114589,3.0,0.3121034502983093,0.8919333219528198,0.5005571842193604,0.501592218875885,0.4931944012641907,6.79962158203125,287.0,8.09212589263916,15.203850746154785,69,,,,,,,,,,,,
,,114599,3.0,0.41634270548820496,0.8759999871253967,0.4927387237548828,0.468587726354599,0.4743333160877228,6.300530433654785,182.0,5.754341125488281,12.471214294433594,69,,,,,,,,,,,,
,,114609,3.0,0.551945686340332,0.862933337688446,0.505623459815979,0.5209366083145142,0.4940541088581085,6.90472936630249,275.0,0.9555230736732483,8.412198066711426,69,,,,,,,,,,,,
,,114619,3.0,0.3593875765800476,0.8940666913986206,0.5149482488632202,0.5699949860572815,0.5102547407150269,8.726354598999023,163.0,1.025504231452942,10.111246109008789,69,,,,,,,,,,,,
,,114629,3.0,0.4888058006763458,0.8651999831199646,0.5053735375404358,0.5161463022232056,0.49691852927207947,7.826286315917969,332.0,8.362074851989746,16.677165985107422,69,,,,,,,,,,,,
,,114639,3.0,0.5530404448509216,0.8253999948501587,0.49495917558670044,0.4753621220588684,0.4679206907749176,11.965696334838867,312.0,0.019170323386788368,12.537907600402832,69,,,,,,,,,,,,
,,114649,3.0,0.4417807161808014,0.8881999850273132,0.5040835738182068,0.508043646812439,0.5015799403190613,7.020273208618164,268.0,3.6635637283325195,11.125617980957031,69,,,,,,,,,,,,
,,114659,3.0,0.21388980746269226,0.9197999835014343,0.5147665143013,0.5697171092033386,0.513849675655365,7.450441360473633,105.0,5.485793113708496,13.150123596191406,69,,,,,,,,,,,,
,,114669,3.0,0.39920246601104736,0.873199999332428,0.49604547023773193,0.4776093065738678,0.4753986895084381,5.510708808898926,121.0,2.0234391689300537,7.933350563049316,69,,,,,,,,,,,,
,,114679,3.0,0.5007484555244446,0.8622000217437744,0.5005062222480774,0.5024038553237915,0.4828586280345917,11.151408195495605,240.0,0.7930840849876404,12.44524097442627,69,,,,,,,,,,,,
,,114689,3.0,0.3488309979438782,0.8830666542053223,0.5008991956710815,0.5055257081985474,0.4838255047798157,7.011895179748535,131.0,2.807607412338257,10.168334007263184,69,,,,,,,,,,,,
,,114699,3.0,0.4989033341407776,0.8194666504859924,0.4981110095977783,0.4728964865207672,0.45688262581825256,4.97924280166626,86.0,2.948638916015625,8.42678451538086,69,,,,,,,,,,,,
,,114709,3.0,0.5252697467803955,0.8363999724388123,0.5016892552375793,0.5160923004150391,0.4707326889038086,11.075709342956543,152.0,0.7989683151245117,12.399947166442871,69,,,,,,,,,,,,
,,114719,3.0,0.37519872188568115,0.8827333450317383,0.49787771701812744,0.491920530796051,0.4847536087036133,7.048860549926758,269.0,17.053503036499023,24.477561950683594,69,,,,,,,,,,,,
,,114729,3.0,0.33624929189682007,0.90993332862854,0.5007541179656982,0.5014461278915405,0.49830949306488037,6.167731761932373,238.0,3.35068678855896,9.854667663574219,69,,,,,,,,,,,,
,,114739,3.0,0.318211168050766,0.857200026512146,0.49902230501174927,0.493882417678833,0.47597238421440125,6.244496822357178,125.0,0.22982215881347656,6.792530059814453,69,,,,,,,,,,,,
,,114749,3.0,0.38345763087272644,0.8730000257492065,0.4976802170276642,0.48560643196105957,0.47683224081993103,6.074868679046631,130.0,3.2544281482696533,9.712754249572754,69,,,,,,,,,,,,
,,114759,3.0,0.47356170415878296,0.8175333142280579,0.4955703616142273,0.4582585096359253,0.45693203806877136,5.765961647033691,185.0,4.242743968963623,10.482267379760742,69,,,,,,,,,,,,
,,114769,3.0,0.4844716787338257,0.8792666792869568,0.4959501624107361,0.4831487238407135,0.4802106022834778,11.76198673248291,272.0,0.19385668635368347,12.440314292907715,69,,,,,,,,,,,,
,,114779,3.0,0.4363723397254944,0.8591333627700806,0.49475911259651184,0.4825243055820465,0.47937095165252686,9.80949592590332,329.0,0.3941211998462677,10.639989852905273,69,,,,,,,,,,,,
,,114789,3.0,0.5142567157745361,0.8537333607673645,0.5031619071960449,0.5118080377578735,0.48913711309432983,8.425272941589355,358.0,0.4822808504104614,9.421810150146484,69,,,,,,,,,,,,
,,114799,3.0,0.5160702466964722,0.8464000225067139,0.5044294595718384,0.513851523399353,0.49287906289100647,10.11928653717041,216.0,5.072541236877441,15.707898139953613,69,,,,,,,,,,,,
,,114809,3.0,0.6087668538093567,0.8187999725341797,0.4930172562599182,0.459936261177063,0.4608762860298157,6.004500865936279,138.0,4.883872985839844,11.497140884399414,69,,,,,,,,,,,,
,,114819,3.0,0.402198851108551,0.8549333214759827,0.4991281032562256,0.486395925283432,0.4667642116546631,4.761921405792236,44.0,0.3056018352508545,5.469721794128418,69,,,,,,,,,,,,
,,114829,3.0,0.40736353397369385,0.8880000114440918,0.4828992784023285,0.47074586153030396,0.4762003719806671,6.80494499206543,336.0,2.6401989459991455,9.852507591247559,69,,,,,,,,,,,,
,,114839,3.0,0.6235026717185974,0.8533333539962769,0.5066944360733032,0.5123313069343567,0.5040745139122009,10.998321533203125,354.0,10.769089698791504,22.390914916992188,69,,,,,,,,,,,,
,,114849,3.0,0.26191088557243347,0.9046666622161865,0.504060685634613,0.5089998841285706,0.5013935565948486,7.008184432983398,361.0,9.781326293945312,17.051422119140625,69,,,,,,,,,,,,
,,114859,3.0,0.556303083896637,0.8294666409492493,0.494468092918396,0.45880258083343506,0.46102282404899597,6.677952289581299,139.0,1.7352603673934937,8.969515800476074,69,,,,,,,,,,,,
,,114869,3.0,0.6155140399932861,0.8494666814804077,0.49261096119880676,0.459869384765625,0.4666707515716553,6.493114948272705,192.0,4.104541778564453,11.213171005249023,69,,,,,,,,,,,,
,,114879,3.0,0.47170600295066833,0.8345333337783813,0.5056164264678955,0.5359267592430115,0.4813688099384308,9.807570457458496,162.0,0.42908093333244324,10.708357810974121,69,,,,,,,,,,,,
,,114889,3.0,0.350960373878479,0.8760666847229004,0.5031867623329163,0.5631980895996094,0.4774547517299652,4.5556769371032715,36.0,0.3437683880329132,5.250405788421631,69,,,,,,,,,,,,
,,114899,3.0,0.40076202154159546,0.8910666704177856,0.4956114590167999,0.4742705523967743,0.4772235155105591,6.110977649688721,216.0,21.10544776916504,27.6171875,69,,,,,,,,,,,,
,,114909,3.0,0.6255233883857727,0.8294000029563904,0.5119637250900269,0.5663554668426514,0.49192166328430176,7.122318267822266,178.0,9.384218215942383,17.132061004638672,69,,,,,,,,,,,,
,,114919,3.0,0.48137736320495605,0.8556666374206543,0.49880218505859375,0.49617356061935425,0.4855467677116394,11.220320701599121,328.0,0.8982648253440857,12.599963188171387,69,,,,,,,,,,,,
,,114929,3.0,0.7393852472305298,0.8145333528518677,0.4951034486293793,0.4837544858455658,0.4745103120803833,6.794064998626709,334.0,5.01084566116333,12.544296264648438,69,,,,,,,,,,,,
,,114939,3.0,0.6624776124954224,0.8117333054542542,0.49694862961769104,0.4738999009132385,0.4590000510215759,5.454219818115234,140.0,2.1433379650115967,8.260035514831543,69,,,,,,,,,,,,
,,114949,3.0,0.40758320689201355,0.8881333470344543,0.49718233942985535,0.49165254831314087,0.4875746965408325,9.94498348236084,343.0,0.50722736120224,10.859793663024902,69,,,,,,,,,,,,
,,114959,3.0,0.36693909764289856,0.8989333510398865,0.5226629376411438,0.5436968803405762,0.5262853503227234,7.761687755584717,351.0,1.8779585361480713,10.006585121154785,69,,,,,,,,,,,,
,,114969,3.0,0.3672131597995758,0.9056000113487244,0.5004739165306091,0.5007980465888977,0.49872326850891113,13.913623809814453,310.0,4.262113571166992,18.542949676513672,69,,,,,,,,,,,,
,,114979,3.0,0.4642266035079956,0.8438666462898254,0.49720126390457153,0.44498202204704285,0.4593513309955597,3.963958501815796,46.0,0.10144125670194626,4.529626369476318,69,,,,,,,,,,,,
,,114989,3.0,0.6092967391014099,0.8446666598320007,0.48056715726852417,0.448870450258255,0.46254000067710876,8.012855529785156,292.0,6.7804484367370605,15.40260124206543,69,,,,,,,,,,,,
,,114999,3.0,0.6769168972969055,0.8267333507537842,0.4854511618614197,0.44678249955177307,0.4600840210914612,7.446542263031006,235.0,4.427107334136963,12.550565719604492,69,,,,,,,,,,,,
,,115009,3.0,0.4884238541126251,0.8767333626747131,0.5344914793968201,0.5698553919792175,0.5405483841896057,9.600348472595215,279.0,6.634367942810059,16.723140716552734,69,,,,,,,,,,,,
,,115019,3.0,0.4122965633869171,0.8727999925613403,0.49611398577690125,0.47575709223747253,0.47424885630607605,7.614786148071289,150.0,0.7924392819404602,8.8195219039917,69,,,,,,,,,,,,
,,115029,3.0,0.4139106571674347,0.8658000230789185,0.513858437538147,0.584503173828125,0.5010688900947571,5.814014434814453,105.0,3.561582565307617,9.789507865905762,69,,,,,,,,,,,,
,,115039,3.0,0.4357762336730957,0.8583333492279053,0.5075110793113708,0.526279091835022,0.49707818031311035,9.747295379638672,197.0,9.707378387451172,19.89044952392578,69,,,,,,,,,,,,
,,115049,3.0,0.43126145005226135,0.8568666577339172,0.5106607675552368,0.5698629021644592,0.49349647760391235,6.332129001617432,166.0,2.6821365356445312,9.445527076721191,69,,,,,,,,,,,,
,,115059,3.0,0.43476539850234985,0.8554666638374329,0.4984329640865326,0.47109416127204895,0.464692622423172,4.146000385284424,43.0,0.336109459400177,4.91687536239624,69,,,,,,,,,,,,
,,115069,3.0,0.4059012234210968,0.8959333300590515,0.5198745131492615,0.5533447861671448,0.5214948058128357,13.574258804321289,270.0,2.5338494777679443,16.514009475708008,69,,,,,,,,,,,,
,,115079,3.0,0.4724435806274414,0.8255333304405212,0.5044710040092468,0.5436935424804688,0.47219082713127136,7.6013503074646,157.0,0.5162478685379028,8.590041160583496,69,,,,,,,,,,,,
,,115089,3.0,0.4381326735019684,0.8727999925613403,0.4955960512161255,0.48279863595962524,0.47973620891571045,6.118794918060303,202.0,5.156673908233643,11.713602066040039,69,,,,,,,,,,,,
,,115099,3.0,0.4827762842178345,0.8357999920845032,0.5015996098518372,0.5071244835853577,0.4812203049659729,12.898970603942871,266.0,4.7002410888671875,18.081989288330078,69,,,,,,,,,,,,
,,115109,3.0,0.3719633221626282,0.9092000126838684,0.5001354217529297,0.5003924369812012,0.49388420581817627,9.74091625213623,294.0,2.137134552001953,12.250014305114746,69,,,,,,,,,,,,
,,115119,3.0,0.37709924578666687,0.8602666854858398,0.509429931640625,0.5396204590797424,0.49768704175949097,7.97645378112793,326.0,1.1728615760803223,9.52641487121582,69,,,,,,,,,,,,
,,115129,3.0,0.4602557420730591,0.8706666827201843,0.4982561469078064,0.49083590507507324,0.47939014434814453,6.469584941864014,158.0,16.85906410217285,23.788904190063477,69,,,,,,,,,,,,
,,115139,3.0,0.39045172929763794,0.8841333389282227,0.5121598243713379,0.5705341696739197,0.5024140477180481,12.952595710754395,214.0,0.10746197402477264,13.450509071350098,69,,,,,,,,,,,,
,,115149,3.0,0.30645591020584106,0.9164000153541565,0.4960669279098511,0.475325345993042,0.481351763010025,4.64766263961792,83.0,2.084155321121216,7.038273811340332,69,,,,,,,,,,,,
,,115159,3.0,0.43702903389930725,0.8560666441917419,0.49632132053375244,0.463701456785202,0.46623915433883667,9.734405517578125,91.0,1.915071964263916,12.086505889892578,69,,,,,,,,,,,,
,,115169,3.0,0.3610789477825165,0.8723999857902527,0.5035707354545593,0.5377240180969238,0.4810506999492645,7.466926097869873,72.0,0.38150137662887573,8.209506034851074,69,,,,,,,,,,,,
,,115179,3.0,0.30413565039634705,0.8996000289916992,0.5042519569396973,0.5617648363113403,0.48647284507751465,3.94828200340271,50.0,1.397464394569397,5.649881839752197,69,,,,,,,,,,,,
,,115189,3.0,0.4915879964828491,0.8485999703407288,0.4902670383453369,0.4547634422779083,0.4655246436595917,10.982083320617676,332.0,0.015344890765845776,11.489015579223633,69,,,,,,,,,,,,
,,115199,3.0,0.4316769242286682,0.865066647529602,0.4993925094604492,0.49725010991096497,0.4822787642478943,17.499643325805664,270.0,0.3543667197227478,18.285686492919922,69,,,,,,,,,,,,
,,115209,3.0,0.6064086556434631,0.8305333256721497,0.5002482533454895,0.501936137676239,0.46956297755241394,6.273496627807617,141.0,1.5566353797912598,8.436540603637695,69,,,,,,,,,,,,
,,115219,3.0,0.35419851541519165,0.8906000256538391,0.5204484462738037,0.5705627799034119,0.5203059315681458,9.627716064453125,233.0,2.326172113418579,12.308086395263672,69,,,,,,,,,,,,
,,115229,3.0,0.42193928360939026,0.8611999750137329,0.5017446279525757,0.5171205997467041,0.47618600726127625,10.501468658447266,86.0,10.141632080078125,21.065040588378906,69,,,,,,,,,,,,
,,115239,3.0,0.2919277548789978,0.9035999774932861,0.5104295611381531,0.6075146198272705,0.49957913160324097,6.082557201385498,91.0,4.466926574707031,10.841411590576172,69,,,,,,,,,,,,
,,115249,3.0,0.4199962615966797,0.8726000189781189,0.5012771487236023,0.5049395561218262,0.48836252093315125,7.245359897613525,247.0,3.995244264602661,11.660600662231445,69,,,,,,,,,,,,
,,115259,3.0,0.45552998781204224,0.8429333567619324,0.504573404788971,0.541936993598938,0.47720256447792053,17.671340942382812,197.0,0.14951328933238983,18.276384353637695,69,,,,,,,,,,,,
,,115269,3.0,0.49372103810310364,0.8759333491325378,0.5187410116195679,0.5548079609870911,0.5173835158348083,8.278440475463867,212.0,17.54545021057129,26.317611694335938,69,,,,,,,,,,,,
,,115279,3.0,0.3421395421028137,0.873199999332428,0.5157591104507446,0.5514592528343201,0.5117666125297546,7.9312872886657715,248.0,9.775036811828613,18.048463821411133,69,,,,,,,,,,,,
,,115289,3.0,0.3734399080276489,0.8868666887283325,0.5002108812332153,0.5015779137611389,0.4814925193786621,8.90088939666748,123.0,10.533297538757324,19.807626724243164,69,,,,,,,,,,,,
,,115299,3.0,0.364631712436676,0.8747333288192749,0.5000055432319641,0.5000237226486206,0.48544788360595703,9.725534439086914,269.0,0.11353368312120438,10.203700065612793,69,,,,,,,,,,,,
,,115309,3.0,0.5171765089035034,0.8311333060264587,0.5055070519447327,0.52680504322052,0.48470595479011536,5.81057596206665,181.0,5.459235668182373,11.786988258361816,69,,,,,,,,,,,,
,,115319,3.0,0.5082377195358276,0.8658666610717773,0.513764500617981,0.5314108729362488,0.5118473768234253,9.940901756286621,382.0,49.42659378051758,59.875732421875,69,,,,,,,,,,,,
,,115329,3.0,0.45155709981918335,0.8756666779518127,0.503620445728302,0.5300424695014954,0.483867883682251,7.024908065795898,87.0,1.5870333909988403,9.063498497009277,69,,,,,,,,,,,,
,,115339,3.0,0.38440728187561035,0.8924000263214111,0.5095394849777222,0.5651339888572693,0.4984416961669922,6.8809967041015625,112.0,11.692889213562012,18.958293914794922,69,,,,,,,,,,,,
,,115349,3.0,0.49259719252586365,0.8962666392326355,0.52644282579422,0.5469379425048828,0.5309047698974609,7.392680644989014,314.0,8.751724243164062,16.637001037597656,69,,,,,,,,,,,,
,,115359,3.0,0.3541562557220459,0.8791999816894531,0.5034081935882568,0.5767390727996826,0.47808554768562317,9.271872520446777,64.0,0.3688901662826538,9.994918823242188,69,,,,,,,,,,,,
,,115369,3.0,0.4883972704410553,0.8609333038330078,0.5007972121238708,0.5027259588241577,0.48796242475509644,7.623778343200684,288.0,2.76802921295166,10.880205154418945,69,,,,,,,,,,,,
,,115379,3.0,0.4765073359012604,0.8420666456222534,0.4949054718017578,0.4604531526565552,0.463745653629303,5.998396873474121,142.0,10.421985626220703,16.896888732910156,69,,,,,,,,,,,,
,,115389,3.0,0.4060249328613281,0.8699333071708679,0.516832172870636,0.5475119948387146,0.5143768191337585,7.844790458679199,270.0,4.281198501586914,12.532013893127441,69,,,,,,,,,,,,
,,115399,3.0,0.6303524971008301,0.8176000118255615,0.49312424659729004,0.41351404786109924,0.44982394576072693,6.583093643188477,82.0,1.6799592971801758,8.89340591430664,69,,,,,,,,,,,,
,,115409,3.0,0.572066605091095,0.8525333404541016,0.4960910379886627,0.487491250038147,0.4812699258327484,9.6189546585083,302.0,0.6065970063209534,10.79761791229248,69,,,,,,,,,,,,
,,115419,3.0,0.46722081303596497,0.8379999995231628,0.49434560537338257,0.4618096947669983,0.46396350860595703,6.895769119262695,115.0,1.9520010948181152,9.314990997314453,69,,,,,,,,,,,,
,,115429,3.0,0.391565203666687,0.8856666684150696,0.507803201675415,0.57855623960495,0.49135100841522217,8.244919776916504,84.0,1.8263126611709595,10.462798118591309,69,,,,,,,,,,,,
,,115439,3.0,0.32895123958587646,0.9017333388328552,0.5077306628227234,0.5097103118896484,0.5081997513771057,7.1075825691223145,318.0,4.717073917388916,12.153608322143555,69,,,,,,,,,,,,
,,115449,3.0,0.5259675979614258,0.8382666707038879,0.5068394541740417,0.554527223110199,0.4812312424182892,9.527209281921387,180.0,0.18589071929454803,10.239068031311035,69,,,,,,,,,,,,
,,115459,3.0,0.5744419097900391,0.8421333432197571,0.49629855155944824,0.48787158727645874,0.47993895411491394,10.676273345947266,337.0,2.9974803924560547,14.24819564819336,69,,,,,,,,,,,,
,,115469,3.0,0.5665289163589478,0.8434000015258789,0.4919547736644745,0.46895650029182434,0.4706870913505554,8.31159496307373,271.0,1.2943041324615479,10.172428131103516,69,,,,,,,,,,,,
,,115479,3.0,0.7025868892669678,0.8048666715621948,0.4956786632537842,0.4852590560913086,0.4733476936817169,11.919734954833984,273.0,9.718697547912598,22.341018676757812,69,,,,,,,,,,,,
,,115489,3.0,0.4849091172218323,0.8607333302497864,0.5138667821884155,0.5762845277786255,0.5011920928955078,10.51542854309082,211.0,0.2159959077835083,11.216333389282227,69,,,,,,,,,,,,
,,115499,3.0,0.48997819423675537,0.8758000135421753,0.5174309015274048,0.5286043882369995,0.519014298915863,8.301692008972168,387.0,3.085617780685425,11.877287864685059,69,,,,,,,,,,,,
,,115509,3.0,0.48422521352767944,0.848800003528595,0.4971095025539398,0.4887484312057495,0.47886791825294495,7.6804518699646,155.0,2.7397031784057617,10.904379844665527,69,,,,,,,,,,,,
,,115519,3.0,0.39251747727394104,0.8661999702453613,0.49615687131881714,0.4637414813041687,0.46857312321662903,4.770351886749268,90.0,1.6939131021499634,6.85678243637085,69,,,,,,,,,,,,
,,115529,3.0,0.4592656195163727,0.8292666673660278,0.5043386220932007,0.5247488021850586,0.48005032539367676,13.273238182067871,281.0,0.5636928677558899,14.296196937561035,69,,,,,,,,,,,,
,,115539,3.0,0.3961368203163147,0.8691999912261963,0.5130521655082703,0.5972680449485779,0.4985789358615875,8.207293510437012,170.0,0.8669218420982361,9.470352172851562,69,,,,,,,,,,,,
,,115549,3.0,0.515247642993927,0.8574000000953674,0.507333517074585,0.5273532867431641,0.49578675627708435,9.117815971374512,196.0,3.0928940773010254,12.725957870483398,69,,,,,,,,,,,,
,,115559,3.0,0.47385817766189575,0.862666666507721,0.5167966485023499,0.5702120065689087,0.5091116428375244,9.61999797821045,319.0,0.2674560546875,10.361311912536621,69,,,,,,,,,,,,
,,115568,,,,,,,,,,,69,0.45023736357688904,0.8422239422798157,0.5138437151908875,0.5356610417366028,0.4892983138561249,5.775704860687256,204.80787658691406,23.462751388549805,6.225942134857178,0.028999147936701775,0.028999147936701775,0.028999099507927895
2.016110084417766e-05,0.00020161100844177658,115569,,,,,,,,,,,,,,,,,,,,,,,
,,115569,3.0,0.5200837850570679,0.8234666585922241,0.5102275013923645,0.5805720090866089,0.48309800028800964,8.795525550842285,190.0,0.04455157741904259,9.360160827636719,70,,,,,,,,,,,,
,,115579,3.0,0.3330634832382202,0.902400016784668,0.5147041082382202,0.5599063634872437,0.5121186375617981,7.040642261505127,188.0,1.5011402368545532,8.874846458435059,70,,,,,,,,,,,,
,,115589,3.0,0.37761640548706055,0.8766000270843506,0.5029183030128479,0.5158436894416809,0.4872477352619171,8.726746559143066,104.0,3.6614301204681396,12.765792846679688,70,,,,,,,,,,,,
,,115599,3.0,0.4465610384941101,0.8453333377838135,0.5031943321228027,0.5349457859992981,0.47383686900138855,5.315652847290039,85.0,0.9370836615562439,6.6992974281311035,70,,,,,,,,,,,,
,,115609,3.0,0.5145691633224487,0.8356666564941406,0.49217915534973145,0.4600714147090912,0.46471095085144043,9.115758895874023,161.0,5.170316219329834,14.800643920898438,70,,,,,,,,,,,,
,,115619,3.0,0.4366310238838196,0.8933333158493042,0.5247467756271362,0.5540181994438171,0.5286573171615601,12.918708801269531,321.0,2.44944429397583,15.804784774780273,70,,,,,,,,,,,,
,,115629,3.0,0.5229602456092834,0.8552666902542114,0.5244276523590088,0.5790879130363464,0.5219772458076477,15.236577987670898,305.0,11.789649963378906,27.5491886138916,70,,,,,,,,,,,,
,,115639,3.0,0.3808130621910095,0.8974666595458984,0.5069847106933594,0.5293716192245483,0.4993774890899658,7.456183433532715,117.0,6.380805015563965,14.217802047729492,70,,,,,,,,,,,,
,,115649,3.0,0.4832896590232849,0.8649333119392395,0.513081431388855,0.5476064085960388,0.5055888295173645,14.837428092956543,230.0,6.7652363777160645,22.085954666137695,70,,,,,,,,,,,,
,,115659,3.0,0.26774290204048157,0.9264666438102722,0.5235278010368347,0.5439013838768005,0.5284180641174316,6.007150650024414,238.0,3.144033193588257,9.418927192687988,70,,,,,,,,,,,,
,,115669,3.0,0.38748255372047424,0.869866669178009,0.5075828433036804,0.5601023435592651,0.48944446444511414,7.468141555786133,112.0,7.918834686279297,15.774458885192871,70,,,,,,,,,,,,
,,115679,3.0,0.4521763324737549,0.850933313369751,0.5048760771751404,0.5349490642547607,0.4822079539299011,8.247482299804688,99.0,1.340713620185852,10.040371894836426,70,,,,,,,,,,,,
,,115689,3.0,0.4322233498096466,0.8708000183105469,0.49342086911201477,0.4658623933792114,0.47205644845962524,8.551833152770996,279.0,0.30287060141563416,9.286927223205566,70,,,,,,,,,,,,
,,115699,3.0,0.36652466654777527,0.8777333498001099,0.5015964508056641,0.5178045630455017,0.47858840227127075,5.25578498840332,81.0,2.6737477779388428,8.29605770111084,70,,,,,,,,,,,,
,,115709,3.0,0.37099578976631165,0.854200005531311,0.4988645613193512,0.49552011489868164,0.4819890260696411,12.832642555236816,288.0,4.2081990242004395,17.411836624145508,70,,,,,,,,,,,,
,,115719,3.0,0.4318535029888153,0.8691999912261963,0.4966491758823395,0.4926588833332062,0.4895933270454407,6.662842750549316,254.0,9.896157264709473,16.99085235595703,70,,,,,,,,,,,,
,,115729,3.0,0.7455477118492126,0.8451333045959473,0.4976125657558441,0.4931921362876892,0.484716534614563,11.879150390625,367.0,7.777554988861084,20.402252197265625,70,,,,,,,,,,,,
,,115739,3.0,0.3639444410800934,0.9058666825294495,0.49381861090660095,0.4887722432613373,0.48971089720726013,6.294557094573975,283.0,8.087321281433105,14.74582290649414,70,,,,,,,,,,,,
,,115749,3.0,0.5262461304664612,0.8456000089645386,0.4935539960861206,0.48008912801742554,0.4775303304195404,12.260966300964355,342.0,7.6130876541137695,20.400299072265625,70,,,,,,,,,,,,
,,115759,3.0,0.5892645716667175,0.846666693687439,0.5188018083572388,0.571746826171875,0.5106042623519897,7.141303539276123,347.0,2.328244209289551,10.058812141418457,70,,,,,,,,,,,,
,,115769,3.0,0.48938849568367004,0.842199981212616,0.5049616694450378,0.5437907576560974,0.4780530631542206,10.976962089538574,86.0,2.3897316455841064,13.85608196258545,70,,,,,,,,,,,,
,,115779,3.0,0.38376516103744507,0.8482000231742859,0.5026013255119324,0.5745868682861328,0.467505544424057,3.6359567642211914,32.0,0.11933987587690353,4.13906192779541,70,,,,,,,,,,,,
,,115789,3.0,0.27245062589645386,0.8940666913986206,0.4970000088214874,0.45522284507751465,0.4726620316505432,4.230743885040283,45.0,0.12636086344718933,4.6295552253723145,70,,,,,,,,,,,,
,,115799,3.0,0.5427544713020325,0.8476666808128357,0.48805609345436096,0.4678625464439392,0.47271499037742615,6.884070873260498,354.0,3.816615343093872,11.243440628051758,70,,,,,,,,,,,,
,,115809,3.0,0.4423394799232483,0.8797333240509033,0.5034558773040771,0.5117267966270447,0.49415627121925354,8.066058158874512,235.0,3.765345573425293,12.273743629455566,70,,,,,,,,,,,,
,,115819,3.0,0.30739647150039673,0.9013333320617676,0.5029138326644897,0.5152429938316345,0.49160513281822205,11.795607566833496,151.0,0.7874647378921509,12.890469551086426,70,,,,,,,,,,,,
,,115829,3.0,0.5110157132148743,0.8464000225067139,0.5080121755599976,0.5638337135314941,0.4849144220352173,10.448710441589355,209.0,0.05780066177248955,11.017526626586914,70,,,,,,,,,,,,
,,115839,3.0,0.45049405097961426,0.8679333329200745,0.4999655485153198,0.4997899532318115,0.4797443449497223,11.136303901672363,203.0,1.3988085985183716,12.98560619354248,70,,,,,,,,,,,,
,,115849,3.0,0.6046143174171448,0.8828666806221008,0.5031480193138123,0.5043047070503235,0.5027055740356445,22.827648162841797,327.0,7.108501434326172,30.54076385498047,70,,,,,,,,,,,,
,,115859,3.0,0.47125548124313354,0.8586000204086304,0.5073641538619995,0.5621414184570312,0.48603877425193787,5.0125885009765625,89.0,13.752147674560547,19.235992431640625,70,,,,,,,,,,,,
,,115869,3.0,0.44977033138275146,0.8620666861534119,0.4941365420818329,0.47694098949432373,0.4760643541812897,19.270957946777344,324.0,0.05140824243426323,19.772136688232422,70,,,,,,,,,,,,
,,115879,3.0,0.4658401608467102,0.8723999857902527,0.5158365964889526,0.609954833984375,0.5043036341667175,7.80078649520874,194.0,2.253730535507202,10.520357131958008,70,,,,,,,,,,,,
,,115889,3.0,0.46474990248680115,0.8852666616439819,0.4971250295639038,0.45096614956855774,0.47014927864074707,4.124788284301758,45.0,0.16505688428878784,4.754594802856445,70,,,,,,,,,,,,
,,115899,3.0,0.6033875942230225,0.8447333574295044,0.4890564978122711,0.4407523572444916,0.46046096086502075,7.366661548614502,289.0,4.749348163604736,12.719396591186523,70,,,,,,,,,,,,
,,115909,3.0,0.4294077455997467,0.9120000004768372,0.4990595579147339,0.4979635775089264,0.4951954185962677,10.569225311279297,218.0,1.2834908962249756,12.282124519348145,70,,,,,,,,,,,,
,,115919,3.0,0.5463265180587769,0.8417999744415283,0.5008440613746643,0.5115224123001099,0.46729278564453125,5.939208030700684,126.0,2.4513907432556152,8.936925888061523,70,,,,,,,,,,,,
,,115929,3.0,0.569127082824707,0.8420666456222534,0.4922516942024231,0.48172327876091003,0.4806709885597229,9.812190055847168,301.0,4.9737138748168945,15.35503101348877,70,,,,,,,,,,,,
,,115939,3.0,0.4677129089832306,0.8863333463668823,0.5539678335189819,0.5880422592163086,0.5640678405761719,10.21035385131836,402.0,18.32954978942871,29.007617950439453,70,,,,,,,,,,,,
,,115949,3.0,0.43369442224502563,0.8592000007629395,0.5203559994697571,0.5898840427398682,0.5132046341896057,10.42557144165039,254.0,8.730679512023926,19.589946746826172,70,,,,,,,,,,,,
,,115959,3.0,0.5333822965621948,0.8381999731063843,0.5103660225868225,0.5591607093811035,0.4909294545650482,8.278255462646484,230.0,0.8441185355186462,9.655755996704102,70,,,,,,,,,,,,
,,115969,3.0,0.37814462184906006,0.9023333191871643,0.5017095804214478,0.5314850211143494,0.4817073941230774,4.181740760803223,27.0,1.4724012613296509,6.032286643981934,70,,,,,,,,,,,,
,,115979,3.0,0.5331310629844666,0.8578000068664551,0.5046892762184143,0.5140642523765564,0.49518483877182007,10.248857498168945,357.0,1.382084608078003,12.16407299041748,70,,,,,,,,,,,,
,,115989,3.0,0.39685794711112976,0.8712000250816345,0.5002613663673401,0.5020355582237244,0.47813570499420166,6.831810474395752,129.0,4.786654949188232,12.015323638916016,70,,,,,,,,,,,,
,,115999,3.0,0.3380619287490845,0.873533308506012,0.5110532641410828,0.5745560526847839,0.49723902344703674,11.2116060256958,138.0,0.6728516817092896,12.222519874572754,70,,,,,,,,,,,,
,,116009,3.0,0.6272293329238892,0.8169999718666077,0.4891791343688965,0.4296216368675232,0.45251017808914185,12.507425308227539,289.0,0.09413626790046692,13.228791236877441,70,,,,,,,,,,,,
,,116019,3.0,0.5386806726455688,0.8631333112716675,0.49505719542503357,0.4838305711746216,0.4805676341056824,12.903275489807129,217.0,4.90922212600708,18.351179122924805,70,,,,,,,,,,,,
,,116029,3.0,0.5062867999076843,0.8656666874885559,0.5040488839149475,0.5114892721176147,0.4958684742450714,9.302467346191406,314.0,0.5192252397537231,10.32797908782959,70,,,,,,,,,,,,
,,116039,3.0,0.41909950971603394,0.8812666535377502,0.5093178749084473,0.6085089445114136,0.49188655614852905,5.0249481201171875,65.0,2.9606986045837402,8.404746055603027,70,,,,,,,,,,,,
,,116049,3.0,0.3870411515235901,0.8607333302497864,0.5066435933113098,0.5916361212730408,0.4813525378704071,6.239995002746582,73.0,1.5309396982192993,8.157976150512695,70,,,,,,,,,,,,
,,116059,3.0,0.3571646809577942,0.8574666380882263,0.49936196208000183,0.4871367812156677,0.46623870730400085,4.084985733032227,40.0,0.08971842378377914,4.531868934631348,70,,,,,,,,,,,,
,,116069,3.0,0.4992492198944092,0.8772666454315186,0.5102261900901794,0.5408337712287903,0.5020157098770142,14.66199779510498,187.0,10.051645278930664,25.212892532348633,70,,,,,,,,,,,,
,,116079,3.0,0.4019383490085602,0.8605999946594238,0.5085848569869995,0.5706872940063477,0.48866263031959534,6.543626308441162,139.0,6.216910362243652,13.1624755859375,70,,,,,,,,,,,,
,,116089,3.0,0.5693296194076538,0.8456000089645386,0.5147636532783508,0.5716804265975952,0.5012111067771912,7.708518028259277,214.0,3.9135422706604004,12.191389083862305,70,,,,,,,,,,,,
,,116099,3.0,0.39863479137420654,0.8881333470344543,0.5119195580482483,0.5213951468467712,0.5122449994087219,9.806485176086426,361.0,2.8393824100494385,13.044502258300781,70,,,,,,,,,,,,
,,116109,3.0,0.5450840592384338,0.8586666584014893,0.49181997776031494,0.4629931151866913,0.46982577443122864,8.821301460266113,230.0,0.954739511013031,10.321125030517578,70,,,,,,,,,,,,
,,116119,3.0,0.39048677682876587,0.873199999332428,0.4984440803527832,0.4933635890483856,0.4828428030014038,16.26951026916504,223.0,0.7609028220176697,17.420900344848633,70,,,,,,,,,,,,
,,116129,3.0,0.5358298420906067,0.8499333262443542,0.5077555775642395,0.5442779064178467,0.4892910122871399,19.613386154174805,277.0,5.86625862121582,26.015474319458008,70,,,,,,,,,,,,
,,116139,3.0,0.557932436466217,0.8511333465576172,0.49733495712280273,0.4881930351257324,0.4773818850517273,10.94486141204834,197.0,6.00241756439209,17.505210876464844,70,,,,,,,,,,,,
,,116149,3.0,0.5835593938827515,0.8606666922569275,0.5054661631584167,0.5167964100837708,0.49625149369239807,6.465599060058594,270.0,10.071711540222168,17.12087059020996,70,,,,,,,,,,,,
,,116159,3.0,0.4495464861392975,0.8589333295822144,0.5099872946739197,0.6002271175384521,0.48872673511505127,5.654191970825195,81.0,6.158996105194092,12.262734413146973,70,,,,,,,,,,,,
,,116169,3.0,0.4138128459453583,0.837066650390625,0.4952053725719452,0.47932320833206177,0.4725111722946167,21.303606033325195,349.0,0.27033159136772156,21.987751007080078,70,,,,,,,,,,,,
,,116179,3.0,0.294430136680603,0.8956666588783264,0.500704824924469,0.5093202590942383,0.4800097644329071,4.511290550231934,58.0,2.2986834049224854,7.104404449462891,70,,,,,,,,,,,,
,,116189,3.0,0.43895092606544495,0.8602666854858398,0.49205321073532104,0.4453202188014984,0.46433302760124207,6.019150257110596,182.0,1.6709065437316895,8.129007339477539,70,,,,,,,,,,,,
,,116199,3.0,0.4635719358921051,0.8488666415214539,0.49836233258247375,0.4896017014980316,0.4731754958629608,9.754067420959473,121.0,2.4026262760162354,12.620265007019043,70,,,,,,,,,,,,
,,116209,3.0,0.389946311712265,0.8757333159446716,0.5131981372833252,0.575861930847168,0.5025613307952881,10.731006622314453,135.0,16.740903854370117,27.86185646057129,70,,,,,,,,,,,,
,,116219,3.0,0.5269993543624878,0.8586000204086304,0.5265998244285583,0.5789560675621033,0.5263583064079285,8.601773262023926,370.0,1.1578375101089478,10.28661060333252,70,,,,,,,,,,,,
,,116229,3.0,0.4393530488014221,0.8568000197410583,0.4920428693294525,0.45519810914993286,0.4664776921272278,8.822665214538574,144.0,13.158659934997559,22.420677185058594,70,,,,,,,,,,,,
,,116239,3.0,0.7306499481201172,0.8310666680335999,0.4943142533302307,0.4848995506763458,0.480162650346756,10.162670135498047,314.0,7.137768268585205,18.03108787536621,70,,,,,,,,,,,,
,,116249,3.0,0.4118688404560089,0.8551333546638489,0.49915212392807007,0.48205602169036865,0.46503761410713196,4.29938268661499,47.0,1.5252127647399902,6.236464500427246,70,,,,,,,,,,,,
,,116259,3.0,0.6142459511756897,0.8587999939918518,0.49509114027023315,0.48652321100234985,0.48313775658607483,15.260231971740723,307.0,5.948976039886475,21.823453903198242,70,,,,,,,,,,,,
,,116269,3.0,0.4527035355567932,0.8280666470527649,0.506552517414093,0.5480644702911377,0.4795112609863281,10.617960929870605,212.0,0.4888400733470917,11.559504508972168,70,,,,,,,,,,,,
,,116279,3.0,0.417427122592926,0.897933304309845,0.5098059177398682,0.5389633178710938,0.5042452812194824,13.73468017578125,133.0,3.120820999145508,17.27292823791504,70,,,,,,,,,,,,
,,116289,3.0,0.4727436602115631,0.8619999885559082,0.4998256266117096,0.49760526418685913,0.47051239013671875,5.210792064666748,63.0,0.8244750499725342,6.5080108642578125,70,,,,,,,,,,,,
,,116299,3.0,0.3474701941013336,0.8794000148773193,0.5012720823287964,0.5094702243804932,0.4818269610404968,7.051572799682617,88.0,4.9077630043029785,12.306806564331055,70,,,,,,,,,,,,
,,116309,3.0,0.5724912285804749,0.8570666909217834,0.4931001663208008,0.4770771265029907,0.4767929017543793,11.784771919250488,274.0,7.134350299835205,19.491613388061523,70,,,,,,,,,,,,
,,116319,3.0,0.4385373592376709,0.8831999897956848,0.5330250263214111,0.6083603501319885,0.5379977822303772,11.335278511047363,205.0,1.3663222789764404,13.140138626098633,70,,,,,,,,,,,,
,,116329,3.0,0.6685041785240173,0.8246666789054871,0.49824199080467224,0.49004584550857544,0.4700935184955597,6.639475345611572,145.0,1.8614500761032104,9.169429779052734,70,,,,,,,,,,,,
,,116339,3.0,0.5349025726318359,0.8690000176429749,0.4912984371185303,0.47333234548568726,0.47681692242622375,11.869976997375488,350.0,0.09061440825462341,12.49549388885498,70,,,,,,,,,,,,
,,116349,3.0,0.6565113067626953,0.8737333416938782,0.5024134516716003,0.504156768321991,0.5000965595245361,7.8749799728393555,367.0,2.341073751449585,10.872565269470215,70,,,,,,,,,,,,
,,116359,3.0,0.49462249875068665,0.8388000130653381,0.5214107036590576,0.5726786255836487,0.514726996421814,15.863931655883789,432.0,0.7079136371612549,17.066469192504883,70,,,,,,,,,,,,
,,116369,3.0,0.45027247071266174,0.8543333411216736,0.4864513874053955,0.4522320330142975,0.4656756818294525,12.956005096435547,370.0,0.479512482881546,13.88578987121582,70,,,,,,,,,,,,
,,116379,3.0,0.3319530487060547,0.9083333611488342,0.5073609948158264,0.5219196677207947,0.50405353307724,14.942245483398438,224.0,9.014019966125488,24.288219451904297,70,,,,,,,,,,,,
,,116389,3.0,0.3495754897594452,0.9115999937057495,0.5120881795883179,0.5318682789802551,0.511860191822052,5.858357906341553,211.0,4.481299877166748,10.689233779907227,70,,,,,,,,,,,,
,,116399,3.0,0.2611888349056244,0.9021333456039429,0.5040444731712341,0.5328594446182251,0.49006229639053345,11.000476837158203,114.0,0.574368417263031,11.836033821105957,70,,,,,,,,,,,,
,,116409,3.0,0.39308667182922363,0.884066641330719,0.49167880415916443,0.4771687388420105,0.4804318845272064,7.599740505218506,223.0,1.4421826601028442,9.435009956359863,70,,,,,,,,,,,,
,,116419,3.0,0.574860155582428,0.8452666401863098,0.5062946677207947,0.5185580849647522,0.49634554982185364,15.26659870147705,334.0,3.267228364944458,19.108688354492188,70,,,,,,,,,,,,
,,116429,3.0,0.4108441174030304,0.8867999911308289,0.49763840436935425,0.4861758053302765,0.47978129982948303,6.525553226470947,100.0,1.6605910062789917,8.596988677978516,70,,,,,,,,,,,,
,,116439,3.0,0.616517961025238,0.8345333337783813,0.49284449219703674,0.444051593542099,0.4588662385940552,13.363131523132324,165.0,0.2147289365530014,14.194378852844238,70,,,,,,,,,,,,
,,116449,3.0,0.39197278022766113,0.8609333038330078,0.49963462352752686,0.4935300350189209,0.4682902991771698,4.367856979370117,55.0,0.5545128583908081,5.314342498779297,70,,,,,,,,,,,,
,,116459,3.0,0.34105053544044495,0.9016000032424927,0.5047282576560974,0.5181109309196472,0.4973174035549164,10.41833209991455,185.0,6.9619550704956055,17.721336364746094,70,,,,,,,,,,,,
,,116469,3.0,0.5597439408302307,0.8584666848182678,0.5231525301933289,0.6023036241531372,0.5172269940376282,12.57504653930664,245.0,25.20984649658203,38.344635009765625,70,,,,,,,,,,,,
,,116479,3.0,0.4766899645328522,0.8755999803543091,0.4993250072002411,0.4974813461303711,0.48631492257118225,7.998403072357178,234.0,7.387966156005859,15.863059043884277,70,,,,,,,,,,,,
,,116489,3.0,0.4643861949443817,0.8906000256538391,0.5024822354316711,0.5048391819000244,0.4996841251850128,8.758748054504395,330.0,4.447110176086426,13.670244216918945,70,,,,,,,,,,,,
,,116499,3.0,0.43241462111473083,0.9039333462715149,0.5059095025062561,0.5114983320236206,0.5046964883804321,16.322736740112305,280.0,6.280119895935059,23.03527069091797,70,,,,,,,,,,,,
,,116509,3.0,0.4045652151107788,0.8773999810218811,0.5284162759780884,0.5982145071029663,0.5302200317382812,10.036765098571777,328.0,3.1360669136047363,13.577396392822266,70,,,,,,,,,,,,
,,116519,3.0,0.38788196444511414,0.8763333559036255,0.4898934066295624,0.4611261188983917,0.47182968258857727,12.780826568603516,301.0,0.06727838516235352,13.235986709594727,70,,,,,,,,,,,,
,,116529,3.0,0.42729300260543823,0.8592666387557983,0.5090516805648804,0.5835338830947876,0.48803946375846863,6.4935712814331055,112.0,2.057379961013794,8.978243827819824,70,,,,,,,,,,,,
,,116539,3.0,0.3880365490913391,0.881933331489563,0.49898192286491394,0.4826897978782654,0.4725375473499298,4.4207048416137695,46.0,0.6051948070526123,5.413936614990234,70,,,,,,,,,,,,
,,116549,3.0,0.6498855352401733,0.8190000057220459,0.4932527244091034,0.46482592821121216,0.4630328416824341,13.355297088623047,230.0,1.9143407344818115,15.919523239135742,70,,,,,,,,,,,,
,,116559,3.0,0.4766651690006256,0.8863999843597412,0.5006445646286011,0.5017743706703186,0.4932900071144104,14.557170867919922,313.0,0.7666254043579102,15.800461769104004,70,,,,,,,,,,,,
,,116569,3.0,0.5320515632629395,0.8277999758720398,0.5045625567436218,0.5884089469909668,0.4670543372631073,7.729198455810547,74.0,0.0020822181832045317,8.263331413269043,70,,,,,,,,,,,,
,,116579,3.0,0.5781702399253845,0.8291333317756653,0.5119690895080566,0.5491622686386108,0.4966582655906677,19.01229476928711,221.0,0.8074703216552734,20.39793586730957,70,,,,,,,,,,,,
,,116589,3.0,0.4807385504245758,0.8630666732788086,0.5010719895362854,0.5028443336486816,0.4924123287200928,18.481931686401367,353.0,9.859971046447754,28.82263946533203,70,,,,,,,,,,,,
,,116599,3.0,0.39888638257980347,0.8950666785240173,0.52394038438797,0.575181782245636,0.5264859199523926,19.427696228027344,341.0,0.02359747141599655,19.85017967224121,70,,,,,,,,,,,,
,,116609,3.0,0.5442231297492981,0.8317999839782715,0.5041754841804504,0.5285489559173584,0.4776599109172821,9.803760528564453,143.0,2.073974132537842,12.421957015991211,70,,,,,,,,,,,,
,,116619,3.0,0.3655957877635956,0.9219333529472351,0.5481415390968323,0.5731064677238464,0.5567950010299683,13.662476539611816,247.0,39.97218704223633,54.00025939941406,70,,,,,,,,,,,,
,,116629,3.0,0.40306556224823,0.8744000196456909,0.49077165126800537,0.4559081494808197,0.4696461856365204,10.45977783203125,244.0,0.048686373978853226,10.911529541015625,70,,,,,,,,,,,,
,,116639,3.0,0.4813465476036072,0.8838666677474976,0.519160807132721,0.5388278961181641,0.5209096670150757,20.287242889404297,239.0,11.559446334838867,32.328033447265625,70,,,,,,,,,,,,
,,116649,3.0,0.5162286758422852,0.8733999729156494,0.4986059069633484,0.492119163274765,0.4794750213623047,8.071724891662598,154.0,0.14772780239582062,8.735681533813477,70,,,,,,,,,,,,
,,116659,3.0,0.44243672490119934,0.8411999940872192,0.49823594093322754,0.4705454707145691,0.4614172577857971,4.957923889160156,64.0,0.15945440530776978,5.559814929962158,70,,,,,,,,,,,,
,,116669,3.0,0.6851162314414978,0.8575999736785889,0.5052565932273865,0.5069951415061951,0.5049780607223511,12.742534637451172,358.0,6.574563980102539,20.002214431762695,70,,,,,,,,,,,,
,,116679,3.0,0.5564614534378052,0.8333333134651184,0.48605477809906006,0.429904580116272,0.4553375840187073,23.452823638916016,347.0,0.11068519204854965,24.119970321655273,70,,,,,,,,,,,,
,,116689,3.0,0.37895119190216064,0.8925999999046326,0.4896968901157379,0.45877376198768616,0.472860723733902,9.591960906982422,283.0,0.6905224919319153,10.661434173583984,70,,,,,,,,,,,,
,,116699,3.0,0.1890423446893692,0.9391999840736389,0.5103359818458557,0.5700083374977112,0.5083069801330566,13.702259063720703,67.0,1.8580249547958374,15.7493257522583,70,,,,,,,,,,,,
,,116709,3.0,0.5928517580032349,0.8009333610534668,0.4899483621120453,0.42340153455734253,0.44769150018692017,10.66132926940918,224.0,2.032038927078247,13.286219596862793,70,,,,,,,,,,,,
,,116719,3.0,0.6436625719070435,0.8476666808128357,0.49527665972709656,0.4831697642803192,0.4775899052619934,11.080416679382324,306.0,0.2545168101787567,11.978595733642578,70,,,,,,,,,,,,
,,116729,3.0,0.429369181394577,0.8910666704177856,0.49460434913635254,0.48198333382606506,0.4825229048728943,15.326703071594238,330.0,0.04751627892255783,15.803587913513184,70,,,,,,,,,,,,
,,116739,3.0,0.6551302075386047,0.8107333183288574,0.511163055896759,0.5522400140762329,0.4897640645503998,11.436280250549316,267.0,2.749448537826538,14.840859413146973,70,,,,,,,,,,,,
,,116749,3.0,0.5059241652488708,0.8575999736785889,0.4890873432159424,0.44584429264068604,0.4639871418476105,19.33289337158203,316.0,0.07459036260843277,19.913408279418945,70,,,,,,,,,,,,
,,116759,3.0,0.6836379766464233,0.8087999820709229,0.48940303921699524,0.4240403473377228,0.4495488405227661,9.856721878051758,270.0,0.796613335609436,11.336973190307617,70,,,,,,,,,,,,
,,116769,3.0,0.43224218487739563,0.8820000290870667,0.49995851516723633,0.4998927116394043,0.49274367094039917,12.770400047302246,323.0,0.23265521228313446,13.435297966003418,70,,,,,,,,,,,,
,,116779,3.0,0.4213382303714752,0.8655333518981934,0.49888062477111816,0.46301794052124023,0.4654354751110077,4.806632041931152,39.0,0.37514233589172363,5.60311222076416,70,,,,,,,,,,,,
,,116789,3.0,0.5053967237472534,0.833133339881897,0.4948776662349701,0.4336846172809601,0.45606568455696106,10.880057334899902,100.0,0.21946708858013153,11.604921340942383,70,,,,,,,,,,,,
,,116799,3.0,0.6796366572380066,0.8243333101272583,0.5019128322601318,0.5076156854629517,0.4818566143512726,10.346978187561035,195.0,6.46958065032959,17.496196746826172,70,,,,,,,,,,,,
,,116809,3.0,0.5206688046455383,0.8424666523933411,0.5043356418609619,0.5160256624221802,0.48944368958473206,10.819459915161133,213.0,5.288569927215576,16.628698348999023,70,,,,,,,,,,,,
,,116819,3.0,0.5472019910812378,0.8487333059310913,0.4959617555141449,0.471778929233551,0.4681140184402466,11.30554485321045,196.0,0.036588624119758606,11.889335632324219,70,,,,,,,,,,,,
,,116829,3.0,0.39126086235046387,0.8614000082015991,0.4970235228538513,0.4632363021373749,0.4665672183036804,6.57590389251709,67.0,1.6531407833099365,8.620306015014648,70,,,,,,,,,,,,
,,116839,3.0,0.6187408566474915,0.8386666774749756,0.49492430686950684,0.47396454215049744,0.46929672360420227,13.15833568572998,214.0,8.89342975616455,22.67050552368164,70,,,,,,,,,,,,
,,116849,3.0,0.4043085277080536,0.8639333248138428,0.50099116563797,0.5066245794296265,0.47953251004219055,10.24729061126709,128.0,1.2714471817016602,11.923046112060547,70,,,,,,,,,,,,
,,116859,3.0,0.3994729816913605,0.8692666888237,0.5017164349555969,0.5169339776039124,0.47788193821907043,4.862213611602783,77.0,1.0659804344177246,6.327667236328125,70,,,,,,,,,,,,
,,116869,3.0,0.4239986836910248,0.878000020980835,0.4988788962364197,0.4948941469192505,0.4833223223686218,10.288564682006836,229.0,2.815307140350342,13.527870178222656,70,,,,,,,,,,,,
,,116879,3.0,0.5552071332931519,0.8425999879837036,0.5012779235839844,0.5044186115264893,0.48618027567863464,12.456085205078125,237.0,3.870590925216675,16.88188362121582,70,,,,,,,,,,,,
,,116889,3.0,0.40974918007850647,0.8692666888237,0.5054194927215576,0.518194317817688,0.4959535598754883,10.570807456970215,218.0,3.762439012527466,14.742995262145996,70,,,,,,,,,,,,
,,116899,3.0,0.3706722557544708,0.8731333613395691,0.504147469997406,0.5123385190963745,0.4961109757423401,11.931573867797852,363.0,0.09911681711673737,12.401363372802734,70,,,,,,,,,,,,
,,116909,3.0,0.30362391471862793,0.859333336353302,0.503494918346405,0.5477988719940186,0.47591614723205566,6.531702041625977,74.0,0.09113796800374985,6.926464080810547,70,,,,,,,,,,,,
,,116919,3.0,0.38732126355171204,0.865933358669281,0.5015507340431213,0.5088719725608826,0.4826439917087555,10.53842544555664,132.0,0.03877571225166321,10.964522361755371,70,,,,,,,,,,,,
,,116929,3.0,0.4117797315120697,0.8861333131790161,0.4943762719631195,0.4834336042404175,0.4834309220314026,11.364836692810059,313.0,0.19786052405834198,11.97447681427002,70,,,,,,,,,,,,
,,116939,3.0,0.42455461621284485,0.8285999894142151,0.5022727251052856,0.5245332717895508,0.468447208404541,7.957870960235596,81.0,1.8764187097549438,10.258844375610352,70,,,,,,,,,,,,
,,116949,3.0,0.7634655237197876,0.7631333470344543,0.4964606463909149,0.4814680516719818,0.45647692680358887,7.407345294952393,210.0,4.1023030281066895,12.273113250732422,70,,,,,,,,,,,,
,,116959,3.0,0.43219801783561707,0.8682666420936584,0.4942038059234619,0.4525030553340912,0.4672495424747467,7.477935314178467,116.0,0.2424921691417694,8.15262508392334,70,,,,,,,,,,,,
,,116969,3.0,0.5107365846633911,0.8367999792098999,0.49732914566993713,0.48881790041923523,0.4761551022529602,15.861552238464355,344.0,0.40489718317985535,16.77718734741211,70,,,,,,,,,,,,
,,116979,3.0,0.3234834671020508,0.8960666656494141,0.5047474503517151,0.5336966514587402,0.4910643994808197,12.258149147033691,108.0,0.3126307427883148,12.89426326751709,70,,,,,,,,,,,,
,,116989,3.0,0.4507978856563568,0.8863999843597412,0.49279579520225525,0.4846450984477997,0.4857391119003296,14.89172649383545,310.0,2.161743640899658,17.504268646240234,70,,,,,,,,,,,,
,,116999,3.0,0.549577534198761,0.8441333174705505,0.4994378685951233,0.4931026101112366,0.4664991497993469,6.18518590927124,82.0,0.18746288120746613,6.922226428985596,70,,,,,,,,,,,,
,,117009,3.0,0.3178027272224426,0.8962000012397766,0.513171374797821,0.5989766120910645,0.5043972134590149,13.738521575927734,103.0,3.1221275329589844,17.178451538085938,70,,,,,,,,,,,,
,,117019,3.0,0.5708141922950745,0.8381999731063843,0.5074066519737244,0.5217178463935852,0.49719205498695374,13.16775894165039,375.0,9.282837867736816,23.021411895751953,70,,,,,,,,,,,,
,,117029,3.0,0.409161239862442,0.8380666375160217,0.5065764784812927,0.5718377232551575,0.4774357080459595,6.310153007507324,86.0,0.17334939539432526,6.892663478851318,70,,,,,,,,,,,,
,,117039,3.0,0.487995445728302,0.861133337020874,0.5106046795845032,0.5516029000282288,0.4977327585220337,10.217000007629395,153.0,1.4012517929077148,12.106246948242188,70,,,,,,,,,,,,
,,117049,3.0,0.433060884475708,0.8583333492279053,0.5009945631027222,0.5070642232894897,0.47773277759552,6.067561626434326,118.0,0.8257264494895935,7.326349258422852,70,,,,,,,,,,,,
,,117059,3.0,0.38657239079475403,0.895799994468689,0.5033912062644958,0.5104870796203613,0.49678635597229004,13.425191879272461,230.0,4.010640621185303,17.822404861450195,70,,,,,,,,,,,,
,,117069,3.0,0.2844240963459015,0.9115333557128906,0.4971660375595093,0.48445606231689453,0.4835366904735565,7.289349555969238,108.0,1.2885011434555054,8.862275123596191,70,,,,,,,,,,,,
,,117079,3.0,0.38020059466362,0.8547999858856201,0.49661165475845337,0.450955867767334,0.4631294310092926,4.995590686798096,73.0,0.7547199130058289,6.1305108070373535,70,,,,,,,,,,,,
,,117089,3.0,0.3566341996192932,0.8725333213806152,0.5009880661964417,0.5045996308326721,0.4854673147201538,7.369375228881836,179.0,1.3045375347137451,9.030547142028809,70,,,,,,,,,,,,
,,117099,3.0,0.2889370024204254,0.8928666710853577,0.4985179305076599,0.4857941269874573,0.4778271019458771,5.281332015991211,81.0,2.349327325820923,7.9195966720581055,70,,,,,,,,,,,,
,,117109,3.0,0.44767776131629944,0.8394666910171509,0.4986342787742615,0.48725661635398865,0.4668508768081665,6.7411298751831055,122.0,1.4376639127731323,8.626471519470215,70,,,,,,,,,,,,
,,117119,3.0,0.504665195941925,0.8478000164031982,0.49796822667121887,0.4717905521392822,0.4639817476272583,5.2677435874938965,64.0,0.27783843874931335,6.0502471923828125,70,,,,,,,,,,,,
,,117129,3.0,0.6759722232818604,0.8438000082969666,0.47983330488204956,0.4505421817302704,0.4630895256996155,10.461976051330566,320.0,2.0752010345458984,13.213149070739746,70,,,,,,,,,,,,
,,117139,3.0,0.3692513704299927,0.8514000177383423,0.5034518837928772,0.5249767899513245,0.47996437549591064,10.613348960876465,128.0,5.562882900238037,16.545482635498047,70,,,,,,,,,,,,
,,117149,3.0,0.4447939097881317,0.8731333613395691,0.5009575486183167,0.5063289403915405,0.48134541511535645,16.5931453704834,145.0,4.168125152587891,21.206064224243164,70,,,,,,,,,,,,
,,117159,3.0,0.9045559167861938,0.7626000046730042,0.4857684373855591,0.42798912525177,0.44211673736572266,14.751659393310547,263.0,2.1781795024871826,17.834394454956055,70,,,,,,,,,,,,
,,117169,3.0,0.3937205374240875,0.8889333605766296,0.49389827251434326,0.47559115290641785,0.4788360595703125,8.485819816589355,268.0,2.321495771408081,11.20103645324707,70,,,,,,,,,,,,
,,117179,3.0,0.4000960886478424,0.9079999923706055,0.5097724795341492,0.5204017162322998,0.509590208530426,15.94896125793457,229.0,4.608357906341553,20.957416534423828,70,,,,,,,,,,,,
,,117189,3.0,0.3854512572288513,0.8797333240509033,0.5170602202415466,0.5868653059005737,0.5104142427444458,10.76587200164795,170.0,27.192211151123047,38.343536376953125,70,,,,,,,,,,,,
,,117199,3.0,0.24292825162410736,0.920199990272522,0.5053654909133911,0.5176097750663757,0.5015267729759216,11.072020530700684,177.0,0.7682093381881714,12.083158493041992,70,,,,,,,,,,,,
,,117209,3.0,0.5132704377174377,0.8429999947547913,0.5062320828437805,0.5870723724365234,0.47606271505355835,8.082799911499023,91.0,2.1397359371185303,10.735806465148926,70,,,,,,,,,,,,
,,117219,3.0,0.25803327560424805,0.8985333442687988,0.4994705617427826,0.48714983463287354,0.47588449716567993,4.645691394805908,34.0,0.18868768215179443,5.09241247177124,70,,,,,,,,,,,,
1.8947512507439858e-05,0.00018947512507439858,117220,,,,,,,,,,,,,,,,,,,,,,,
,,117229,3.0,0.4558809697628021,0.8651333451271057,0.5189366936683655,0.5714916586875916,0.5137954354286194,21.443357467651367,223.0,13.836785316467285,35.73602294921875,71,,,,,,,,,,,,
,,117239,3.0,0.5066571831703186,0.8506666421890259,0.49199047684669495,0.4584686756134033,0.4666498899459839,12.495536804199219,266.0,0.2635849118232727,13.265779495239258,71,,,,,,,,,,,,
,,117249,3.0,0.43127864599227905,0.850933313369751,0.5031636953353882,0.5183722972869873,0.4822079539299011,13.013910293579102,209.0,0.135583758354187,13.580772399902344,71,,,,,,,,,,,,
,,117259,3.0,0.5153415203094482,0.8456666469573975,0.496858149766922,0.48018357157707214,0.4703234136104584,12.161002159118652,157.0,26.73063087463379,39.40697479248047,71,,,,,,,,,,,,
,,117269,3.0,0.47146403789520264,0.8808000087738037,0.490236759185791,0.47411632537841797,0.47867387533187866,8.83049488067627,355.0,1.5084128379821777,10.810371398925781,71,,,,,,,,,,,,
,,117279,3.0,0.28949934244155884,0.888866662979126,0.5083845257759094,0.5558878779411316,0.4961000978946686,21.635438919067383,191.0,0.4621819853782654,22.38711929321289,71,,,,,,,,,,,,
,,117289,3.0,0.43978971242904663,0.8586000204086304,0.5282101035118103,0.5851044058799744,0.5284738540649414,12.066245079040527,335.0,2.302495002746582,14.8085298538208,71,,,,,,,,,,,,
,,117299,3.0,0.37455910444259644,0.8453333377838135,0.5060150623321533,0.5612591505050659,0.4789944589138031,8.235848426818848,107.0,4.5408477783203125,13.15125560760498,71,,,,,,,,,,,,
,,117309,3.0,0.37750089168548584,0.880133330821991,0.5202540159225464,0.5577092170715332,0.520174503326416,11.60962963104248,338.0,1.4879411458969116,13.47507095336914,71,,,,,,,,,,,,
,,117319,3.0,0.4795186221599579,0.8408666849136353,0.4991516172885895,0.47701600193977356,0.46008169651031494,9.316145896911621,42.0,0.44623178243637085,10.241896629333496,71,,,,,,,,,,,,
,,117329,3.0,0.5952246189117432,0.7893333435058594,0.5056314468383789,0.5185909271240234,0.4856286644935608,18.19339370727539,595.0,2.2182562351226807,21.006874084472656,71,,,,,,,,,,,,
,,117339,3.0,0.34147220849990845,0.8781999945640564,0.5070161819458008,0.5545985102653503,0.4904502332210541,9.188735961914062,94.0,5.621147155761719,15.151355743408203,71,,,,,,,,,,,,
,,117349,3.0,0.39148905873298645,0.8615333437919617,0.4970376789569855,0.4585167467594147,0.46566465497016907,4.589540958404541,44.0,1.1472491025924683,6.128279209136963,71,,,,,,,,,,,,
,,117359,3.0,0.3114549517631531,0.9106666445732117,0.5084734559059143,0.5149264335632324,0.5086700916290283,13.191620826721191,272.0,12.22890567779541,25.73198127746582,71,,,,,,,,,,,,
,,117369,3.0,0.2998558580875397,0.8962666392326355,0.5212568640708923,0.579627513885498,0.521730363368988,16.044437408447266,201.0,11.268386840820312,27.612680435180664,71,,,,,,,,,,,,
,,117379,3.0,0.36024895310401917,0.895799994468689,0.5017023086547852,0.5119209289550781,0.48616573214530945,4.8808746337890625,85.0,2.274294137954712,7.51541805267334,71,,,,,,,,,,,,
,,117389,3.0,0.3646531105041504,0.8790000081062317,0.5072424411773682,0.5486147403717041,0.49231451749801636,19.26107406616211,146.0,1.6609162092208862,21.28664207458496,71,,,,,,,,,,,,
,,117399,3.0,0.5601094365119934,0.8442000150680542,0.4998629093170166,0.499514102935791,0.4839078187942505,11.669393539428711,243.0,0.9135240912437439,13.143026351928711,71,,,,,,,,,,,,
,,117409,3.0,0.5070322751998901,0.815666675567627,0.49944618344306946,0.49378475546836853,0.46042996644973755,7.5590314865112305,106.0,3.0944323539733887,11.16049575805664,71,,,,,,,,,,,,
,,117419,3.0,0.42732205986976624,0.8727999925613403,0.5005210041999817,0.5028724074363708,0.48267748951911926,12.361944198608398,169.0,2.2393088340759277,15.028575897216797,71,,,,,,,,,,,,
,,117429,3.0,0.3745759129524231,0.8569333553314209,0.5129112601280212,0.5562389492988586,0.501880943775177,12.413652420043945,268.0,6.790430068969727,19.578659057617188,71,,,,,,,,,,,,
,,117439,3.0,0.5096913576126099,0.8402000069618225,0.4998277723789215,0.49800872802734375,0.4667186141014099,6.036747455596924,87.0,1.592738151550293,8.139177322387695,71,,,,,,,,,,,,
,,117449,3.0,0.5476387143135071,0.8962000012397766,0.5213452577590942,0.5466962456703186,0.524268627166748,10.38936710357666,280.0,19.072925567626953,30.009931564331055,71,,,,,,,,,,,,
,,117459,3.0,0.49010059237480164,0.8515333533287048,0.5271902084350586,0.613029956817627,0.5225988030433655,13.318830490112305,323.0,0.43939387798309326,14.24832534790039,71,,,,,,,,,,,,
,,117469,3.0,0.579526960849762,0.8180000185966492,0.4960019290447235,0.46634453535079956,0.45919516682624817,6.166189670562744,131.0,0.8000195026397705,7.545736312866211,71,,,,,,,,,,,,
,,117479,3.0,0.3884524703025818,0.8894666433334351,0.5079700946807861,0.5426582098007202,0.49747925996780396,16.556259155273438,139.0,6.704176902770996,23.648887634277344,71,,,,,,,,,,,,
,,117489,3.0,0.5554183721542358,0.843999981880188,0.48792368173599243,0.4481004774570465,0.46274006366729736,7.579868316650391,269.0,0.9617315530776978,9.097018241882324,71,,,,,,,,,,,,
,,117499,3.0,0.43665269017219543,0.871399998664856,0.5135907530784607,0.5681986212730408,0.503739595413208,11.968180656433105,136.0,8.430045127868652,20.83487892150879,71,,,,,,,,,,,,
,,117509,3.0,0.5384057760238647,0.8628000020980835,0.4964298605918884,0.490948885679245,0.48664990067481995,20.0853271484375,262.0,12.107135772705078,32.73086929321289,71,,,,,,,,,,,,
,,117519,3.0,0.5105748176574707,0.8565333485603333,0.5107039213180542,0.5302519202232361,0.5043702721595764,19.892684936523438,237.0,32.308135986328125,52.711395263671875,71,,,,,,,,,,,,
,,117529,3.0,0.6436762809753418,0.8417999744415283,0.48342081904411316,0.4632236361503601,0.4700840711593628,10.99803352355957,362.0,3.262348175048828,14.904058456420898,71,,,,,,,,,,,,
,,117539,3.0,0.5471982359886169,0.8318666815757751,0.5232264399528503,0.6048711538314819,0.5120174288749695,19.1942195892334,389.0,1.3694106340408325,21.110828399658203,71,,,,,,,,,,,,
,,117549,3.0,0.2890750467777252,0.8934666514396667,0.4954545497894287,0.4719140827655792,0.47680896520614624,9.324884414672852,106.0,0.9838287234306335,10.597787857055664,71,,,,,,,,,,,,
,,117559,3.0,0.5829964876174927,0.8404666781425476,0.5058391690254211,0.5245778560638428,0.4891938865184784,13.119726181030273,281.0,2.2986509799957275,16.001373291015625,71,,,,,,,,,,,,
,,117569,3.0,0.3103562891483307,0.8847333192825317,0.495201975107193,0.4758608341217041,0.47735875844955444,14.364529609680176,226.0,0.43155723810195923,15.106443405151367,71,,,,,,,,,,,,
,,117579,3.0,0.4538269639015198,0.8562666773796082,0.4955397844314575,0.4701128304004669,0.4694458544254303,13.9359769821167,155.0,0.7937917709350586,15.183595657348633,71,,,,,,,,,,,,
,,117589,3.0,0.3107650578022003,0.9179333448410034,0.504473865032196,0.5171718597412109,0.49883171916007996,11.363373756408691,156.0,5.959070682525635,17.633209228515625,71,,,,,,,,,,,,
,,117599,3.0,0.4800172746181488,0.8583333492279053,0.495283305644989,0.4667867124080658,0.46880289912223816,9.826617240905762,100.0,1.33368980884552,11.640324592590332,71,,,,,,,,,,,,
,,117609,3.0,0.36681321263313293,0.8914666771888733,0.5169806480407715,0.5346617698669434,0.5184115767478943,18.926158905029297,364.0,2.0789566040039062,21.371929168701172,71,,,,,,,,,,,,
,,117619,3.0,0.4533116817474365,0.8657333254814148,0.4983854293823242,0.48642534017562866,0.4732280671596527,6.659230709075928,103.0,0.8344852924346924,7.947027206420898,71,,,,,,,,,,,,
,,117629,3.0,0.747769296169281,0.8027999997138977,0.488130658864975,0.4618290960788727,0.4639396071434021,17.530282974243164,375.0,8.896642684936523,27.174694061279297,71,,,,,,,,,,,,
,,117639,3.0,0.534682035446167,0.8510000109672546,0.49816209077835083,0.49444276094436646,0.48505449295043945,11.075806617736816,307.0,1.0169929265975952,12.627481460571289,71,,,,,,,,,,,,
,,117649,3.0,0.3982265591621399,0.855400025844574,0.5036230683326721,0.5313328504562378,0.47913163900375366,11.102923393249512,126.0,0.06055844575166702,11.561708450317383,71,,,,,,,,,,,,
,,117659,3.0,0.4743668735027313,0.8510666489601135,0.4910660982131958,0.4617082476615906,0.4685079753398895,19.236000061035156,151.0,4.464231967926025,24.174598693847656,71,,,,,,,,,,,,
,,117669,3.0,0.5693651437759399,0.8404666781425476,0.5032761693000793,0.5176699757575989,0.4814707636833191,14.703909873962402,171.0,32.1751708984375,47.448448181152344,71,,,,,,,,,,,,
,,117679,3.0,0.5401391386985779,0.8191999793052673,0.5090885162353516,0.5555854439735413,0.4839652180671692,21.93497657775879,257.0,0.4882361590862274,22.963350296020508,71,,,,,,,,,,,,
,,117689,3.0,0.729705810546875,0.8113333582878113,0.5093870162963867,0.5841740965843201,0.4771648347377777,13.541708946228027,184.0,1.3937350511550903,15.665149688720703,71,,,,,,,,,,,,
,,117699,3.0,0.4674244523048401,0.8419333100318909,0.4931316375732422,0.4634929895401001,0.46653658151626587,11.647473335266113,262.0,0.24216896295547485,12.357067108154297,71,,,,,,,,,,,,
,,117709,3.0,0.33799681067466736,0.8758000135421753,0.5014097690582275,0.5195963382720947,0.47633039951324463,8.400498390197754,57.0,1.699617624282837,10.438112258911133,71,,,,,,,,,,,,
,,117719,3.0,0.26813751459121704,0.9020666480064392,0.5021276473999023,0.5342660546302795,0.48292824625968933,11.118460655212402,55.0,0.009017588570713997,11.39561653137207,71,,,,,,,,,,,,
,,117729,3.0,0.43698200583457947,0.8627333045005798,0.5083605051040649,0.5443809628486633,0.49352872371673584,10.969182968139648,193.0,1.086108684539795,12.492273330688477,71,,,,,,,,,,,,
,,117739,3.0,0.5031666159629822,0.8372666835784912,0.49872449040412903,0.4912048578262329,0.4703057110309601,14.257635116577148,138.0,3.5675787925720215,18.328380584716797,71,,,,,,,,,,,,
,,117749,3.0,0.4314265251159668,0.8707333207130432,0.5147294402122498,0.5380363464355469,0.5123739838600159,12.576953887939453,299.0,11.120667457580566,24.129047393798828,71,,,,,,,,,,,,
,,117759,3.0,0.3930003046989441,0.8855999708175659,0.5025140643119812,0.5143741965293884,0.4875735640525818,15.001982688903809,188.0,0.08059971034526825,15.47558307647705,71,,,,,,,,,,,,
,,117769,3.0,0.3529399633407593,0.874666690826416,0.4942516088485718,0.47000235319137573,0.47387605905532837,12.211281776428223,112.0,6.109958171844482,18.674179077148438,71,,,,,,,,,,,,
,,117779,3.0,0.4626447260379791,0.8495333194732666,0.49536868929862976,0.4577442705631256,0.46411746740341187,7.983351230621338,94.0,0.3549109101295471,8.800907135009766,71,,,,,,,,,,,,
,,117789,3.0,0.4417540431022644,0.839733362197876,0.497841477394104,0.4892251193523407,0.47434374690055847,14.446769714355469,240.0,1.8767169713974,16.765241622924805,71,,,,,,,,,,,,
,,117799,3.0,0.6003698706626892,0.8622000217437744,0.5045793056488037,0.5098790526390076,0.49994927644729614,9.555562019348145,367.0,3.2282021045684814,13.384133338928223,71,,,,,,,,,,,,
,,117809,3.0,0.22816209495067596,0.9262666702270508,0.5180954933166504,0.588158905506134,0.5199652910232544,11.558804512023926,138.0,0.834963858127594,12.621930122375488,71,,,,,,,,,,,,
,,117819,3.0,0.5410575270652771,0.8117333054542542,0.5010585188865662,0.5053229331970215,0.4739168882369995,9.03310489654541,246.0,3.9879021644592285,13.562065124511719,71,,,,,,,,,,,,
,,117829,3.0,0.4616978168487549,0.8450666666030884,0.49892571568489075,0.49390289187431335,0.47493013739585876,15.569937705993652,239.0,0.795301079750061,16.826936721801758,71,,,,,,,,,,,,
,,117839,3.0,0.2828581631183624,0.8813333511352539,0.5085017085075378,0.5627673864364624,0.4939408004283905,13.390262603759766,97.0,0.9061899781227112,14.579310417175293,71,,,,,,,,,,,,
,,117849,3.0,0.3443017899990082,0.8873999714851379,0.5012660622596741,0.5327771902084351,0.47600090503692627,10.430594444274902,24.0,0.022983456030488014,10.797880172729492,71,,,,,,,,,,,,
,,117859,3.0,0.43001681566238403,0.8562666773796082,0.5092770457267761,0.5368893146514893,0.4975898861885071,11.799551010131836,230.0,5.612364292144775,17.84193229675293,71,,,,,,,,,,,,
,,117869,3.0,0.34963446855545044,0.8907999992370605,0.5057206153869629,0.5603460669517517,0.48872995376586914,21.32590675354004,95.0,0.28806108236312866,21.96360206604004,71,,,,,,,,,,,,
,,117879,3.0,0.43037572503089905,0.8841999769210815,0.5305292010307312,0.5649968385696411,0.5358095169067383,18.214738845825195,330.0,6.049156665802002,24.694271087646484,71,,,,,,,,,,,,
,,117889,3.0,0.3950415551662445,0.86080002784729,0.49571701884269714,0.47737541794776917,0.4737682640552521,15.025653839111328,165.0,1.7974770069122314,17.218172073364258,71,,,,,,,,,,,,
,,117899,3.0,0.5586974024772644,0.8610000014305115,0.5080099701881409,0.5242541432380676,0.500119686126709,13.142634391784668,327.0,9.425130844116211,23.126462936401367,71,,,,,,,,,,,,
,,117909,3.0,0.6449066400527954,0.7917333245277405,0.4968329966068268,0.48429617285728455,0.4641755521297455,9.302855491638184,181.0,2.7884180545806885,12.736180305480957,71,,,,,,,,,,,,
,,117919,3.0,0.6184242367744446,0.8567333221435547,0.4937482476234436,0.47903069853782654,0.4775286316871643,8.121553421020508,251.0,4.608994960784912,13.34897232055664,71,,,,,,,,,,,,
,,117929,3.0,0.24433042109012604,0.9109333157539368,0.49993786215782166,0.4984617233276367,0.47966518998146057,3.2444095611572266,24.0,0.29833126068115234,3.7870712280273438,71,,,,,,,,,,,,
,,117939,3.0,0.6033120155334473,0.8612666726112366,0.4893353283405304,0.4741727411746979,0.47756427526474,10.108004570007324,274.0,3.1535069942474365,13.864824295043945,71,,,,,,,,,,,,
,,117949,3.0,0.3804113268852234,0.9118000268936157,0.4894571304321289,0.4708017110824585,0.4791852533817291,13.246413230895996,298.0,0.6005383133888245,14.227362632751465,71,,,,,,,,,,,,
,,117959,3.0,0.5496963262557983,0.855400025844574,0.49040699005126953,0.45208463072776794,0.46557295322418213,8.547910690307617,305.0,6.9161696434021,16.013776779174805,71,,,,,,,,,,,,
,,117969,3.0,0.6013196706771851,0.8019333481788635,0.4925268888473511,0.44231632351875305,0.4516013562679291,12.06714153289795,108.0,1.2431036233901978,13.911564826965332,71,,,,,,,,,,,,
,,117979,3.0,0.3038560450077057,0.882266640663147,0.49721741676330566,0.48924314975738525,0.4835008978843689,18.318071365356445,135.0,1.2078807353973389,19.82980728149414,71,,,,,,,,,,,,
,,117989,3.0,0.3971852660179138,0.8612666726112366,0.49723488092422485,0.48587363958358765,0.47666335105895996,15.435178756713867,278.0,2.069016695022583,17.90138053894043,71,,,,,,,,,,,,
,,117999,3.0,0.5566633343696594,0.8014666438102722,0.4973151385784149,0.4812268912792206,0.46031513810157776,10.13373851776123,175.0,0.2857767343521118,10.976179122924805,71,,,,,,,,,,,,
,,118009,3.0,0.5210669636726379,0.8343333601951599,0.4923897087574005,0.47040608525276184,0.4699309766292572,13.73453140258789,327.0,1.637648582458496,15.8932466506958,71,,,,,,,,,,,,
,,118019,3.0,0.3300968408584595,0.880133330821991,0.5035643577575684,0.522447407245636,0.4872925877571106,8.398543357849121,135.0,0.9194557666778564,9.648096084594727,71,,,,,,,,,,,,
,,118029,3.0,0.4186946153640747,0.8483999967575073,0.5091840624809265,0.5745135545730591,0.48700517416000366,12.887089729309082,172.0,0.4564957916736603,13.762280464172363,71,,,,,,,,,,,,
,,118039,3.0,0.6446495652198792,0.8222000002861023,0.4933170676231384,0.4759097993373871,0.47116321325302124,15.933759689331055,335.0,10.129332542419434,26.707740783691406,71,,,,,,,,,,,,
,,118049,3.0,0.5954985022544861,0.8184000253677368,0.4930124282836914,0.467060923576355,0.4645269513130188,12.466375350952148,195.0,1.3502835035324097,14.41215705871582,71,,,,,,,,,,,,
,,118059,3.0,0.44021353125572205,0.8576666712760925,0.5069559812545776,0.5778651237487793,0.48264628648757935,13.507822036743164,103.0,2.9463675022125244,16.8944034576416,71,,,,,,,,,,,,
,,118069,3.0,0.7173831462860107,0.8199333548545837,0.48487740755081177,0.4386097192764282,0.45596736669540405,9.491973876953125,317.0,2.6918323040008545,12.901189804077148,71,,,,,,,,,,,,
,,118079,3.0,0.549671471118927,0.8148666620254517,0.4917801022529602,0.4263550043106079,0.4511241614818573,8.211950302124023,141.0,0.5197243094444275,9.28134536743164,71,,,,,,,,,,,,
,,118089,3.0,0.739249587059021,0.8148666620254517,0.4800327718257904,0.4320661127567291,0.452533096075058,12.588770866394043,274.0,12.389225006103516,25.71724510192871,71,,,,,,,,,,,,
,,118099,3.0,0.5420488715171814,0.86080002784729,0.5004255175590515,0.5018215775489807,0.4840102195739746,7.813129425048828,190.0,2.7739763259887695,11.129154205322266,71,,,,,,,,,,,,
,,118109,3.0,0.5401799082756042,0.823199987411499,0.5012900829315186,0.5202577710151672,0.4621118903160095,6.674355506896973,88.0,0.7608065605163574,7.975341796875,71,,,,,,,,,,,,
,,118119,3.0,0.49766257405281067,0.8588666915893555,0.5076615810394287,0.5439894795417786,0.49078741669654846,16.1600399017334,195.0,0.05196743085980415,16.709671020507812,71,,,,,,,,,,,,
,,118129,3.0,0.3395898640155792,0.8589333295822144,0.4982704818248749,0.440542608499527,0.4625265300273895,5.286224365234375,25.0,0.16848140954971313,5.794295787811279,71,,,,,,,,,,,,
,,118139,3.0,0.6702522039413452,0.8384666442871094,0.49740123748779297,0.48701855540275574,0.4734507203102112,16.660598754882812,209.0,2.949469804763794,20.28032112121582,71,,,,,,,,,,,,
,,118149,3.0,0.5068880915641785,0.8363333344459534,0.4886707663536072,0.45637452602386475,0.46494725346565247,12.3361234664917,330.0,2.1721742153167725,15.015186309814453,71,,,,,,,,,,,,
,,118159,3.0,0.4412528872489929,0.8650000095367432,0.4972638785839081,0.4818269908428192,0.47391217947006226,8.012105941772461,99.0,2.993797779083252,11.44715690612793,71,,,,,,,,,,,,
,,118169,3.0,0.3908194601535797,0.885533332824707,0.5298353433609009,0.6042065620422363,0.5333650708198547,11.453348159790039,195.0,4.416985511779785,16.261154174804688,71,,,,,,,,,,,,
,,118179,3.0,0.4326871633529663,0.8443333506584167,0.5045547485351562,0.5331405997276306,0.4801250696182251,14.196434020996094,171.0,1.211325764656067,15.840446472167969,71,,,,,,,,,,,,
,,118189,3.0,0.44846439361572266,0.8691999912261963,0.5034961700439453,0.5170331597328186,0.4882151782512665,16.96202278137207,160.0,1.1941542625427246,18.604642868041992,71,,,,,,,,,,,,
,,118199,3.0,0.49673527479171753,0.8170666694641113,0.49673181772232056,0.48644810914993286,0.4723660349845886,20.425413131713867,423.0,0.7221817374229431,21.644329071044922,71,,,,,,,,,,,,
,,118209,3.0,0.49457794427871704,0.8486666679382324,0.49487078189849854,0.476997435092926,0.47309866547584534,19.359437942504883,358.0,0.011409440077841282,19.86542510986328,71,,,,,,,,,,,,
,,118219,3.0,0.34324148297309875,0.8886666893959045,0.5020868182182312,0.508048415184021,0.4916643500328064,10.481472969055176,203.0,3.7897233963012695,14.6144380569458,71,,,,,,,,,,,,
,,118229,3.0,0.4379836916923523,0.8471999764442444,0.5012061595916748,0.5304842591285706,0.46547698974609375,5.5380144119262695,31.0,0.13622401654720306,6.112221717834473,71,,,,,,,,,,,,
,,118239,3.0,0.33392685651779175,0.8777333498001099,0.5077287554740906,0.5432601571083069,0.4946396052837372,13.240479469299316,234.0,0.422515869140625,13.996922492980957,71,,,,,,,,,,,,
,,118249,3.0,0.6674268841743469,0.8579999804496765,0.4975513219833374,0.4951387643814087,0.49160829186439514,17.069456100463867,387.0,2.896968126296997,20.633852005004883,71,,,,,,,,,,,,
,,118259,3.0,0.3711252212524414,0.9118000268936157,0.5037968754768372,0.5068325400352478,0.5026811361312866,9.97799015045166,317.0,20.18191909790039,30.531034469604492,71,,,,,,,,,,,,
,,118269,3.0,0.4975694715976715,0.8625333309173584,0.49678492546081543,0.4924256205558777,0.4882732629776001,8.610505104064941,341.0,1.8806687593460083,10.98874282836914,71,,,,,,,,,,,,
,,118279,3.0,0.5692480206489563,0.8327999711036682,0.49602580070495605,0.48468896746635437,0.47521188855171204,17.954936981201172,427.0,0.591912567615509,19.116098403930664,71,,,,,,,,,,,,
,,118289,3.0,0.4936460852622986,0.8568666577339172,0.4938538670539856,0.4603530168533325,0.46740487217903137,8.574877738952637,140.0,0.9953859448432922,10.063909530639648,71,,,,,,,,,,,,
,,118299,3.0,0.5387081503868103,0.8167333602905273,0.4932287335395813,0.4736590087413788,0.4685945510864258,10.76588249206543,237.0,1.0707062482833862,12.375296592712402,71,,,,,,,,,,,,
,,118309,3.0,0.4103803336620331,0.8457333445549011,0.5014532208442688,0.5129907727241516,0.47318899631500244,11.757211685180664,129.0,0.16389912366867065,12.331491470336914,71,,,,,,,,,,,,
,,118319,3.0,0.5807414054870605,0.8657333254814148,0.4878053069114685,0.4612971842288971,0.47083771228790283,11.297107696533203,257.0,12.725377082824707,24.603225708007812,71,,,,,,,,,,,,
,,118329,3.0,0.666994571685791,0.831333339214325,0.5000007748603821,0.5000019669532776,0.48821669816970825,13.703978538513184,280.0,12.290740966796875,26.661714553833008,71,,,,,,,,,,,,
,,118339,3.0,0.4924220144748688,0.8450000286102295,0.49775204062461853,0.47843867540359497,0.4663904309272766,10.909892082214355,165.0,0.04957795888185501,11.451891899108887,71,,,,,,,,,,,,
,,118349,3.0,0.45751455426216125,0.8363999724388123,0.500947892665863,0.5177500247955322,0.463801771402359,4.41929817199707,56.0,0.6926800012588501,5.569492816925049,71,,,,,,,,,,,,
,,118359,3.0,0.410952627658844,0.8830000162124634,0.5231990814208984,0.553582489490509,0.5257238745689392,11.133798599243164,331.0,6.409457683563232,17.954208374023438,71,,,,,,,,,,,,
,,118369,3.0,0.7128610610961914,0.828000009059906,0.49026045203208923,0.4642171859741211,0.46713051199913025,11.021814346313477,318.0,7.2202324867248535,18.95490837097168,71,,,,,,,,,,,,
,,118379,3.0,0.5628959536552429,0.8206666707992554,0.4918772280216217,0.4392569661140442,0.45512884855270386,14.048258781433105,148.0,3.8323726654052734,18.443527221679688,71,,,,,,,,,,,,
,,118389,3.0,0.30957990884780884,0.8889333605766296,0.5387052893638611,0.5750495195388794,0.5465831160545349,12.609570503234863,333.0,4.268306732177734,17.187458038330078,71,,,,,,,,,,,,
,,118399,3.0,0.5879162549972534,0.8267999887466431,0.493468701839447,0.46168506145477295,0.4626820981502533,11.449767112731934,204.0,0.01214381493628025,12.049827575683594,71,,,,,,,,,,,,
,,118409,3.0,0.5014830231666565,0.8741999864578247,0.5004187822341919,0.5020450949668884,0.48423975706100464,8.342022895812988,127.0,1.1818245649337769,10.025330543518066,71,,,,,,,,,,,,
,,118419,3.0,0.48241665959358215,0.8618000149726868,0.5069363713264465,0.5177124738693237,0.5009627342224121,12.872062683105469,252.0,3.4299399852752686,16.784420013427734,71,,,,,,,,,,,,
,,118429,3.0,0.3796464502811432,0.8821333050727844,0.5000207424163818,0.5000712275505066,0.4892108738422394,13.691300392150879,267.0,2.0720810890197754,16.143028259277344,71,,,,,,,,,,,,
,,118439,3.0,0.391202837228775,0.8998000025749207,0.5075272917747498,0.5255885720252991,0.5023834705352783,12.904112815856934,174.0,7.796736717224121,21.092052459716797,71,,,,,,,,,,,,
,,118449,3.0,0.2902994453907013,0.9144666790962219,0.49800679087638855,0.4817301332950592,0.48152050375938416,5.430172920227051,47.0,0.20599780976772308,5.9264702796936035,71,,,,,,,,,,,,
,,118459,3.0,0.4443231523036957,0.8539999723434448,0.5008255839347839,0.5078147649765015,0.47344374656677246,16.125961303710938,139.0,1.3588619232177734,17.92914581298828,71,,,,,,,,,,,,
,,118469,3.0,0.2816789746284485,0.88919997215271,0.5031523704528809,0.5362762212753296,0.48352548480033875,13.335816383361816,63.0,0.5324140787124634,14.149909973144531,71,,,,,,,,,,,,
,,118479,3.0,0.4194604754447937,0.8633999824523926,0.4983881413936615,0.49322041869163513,0.48157966136932373,23.67585563659668,341.0,0.12031558901071548,24.21563148498535,71,,,,,,,,,,,,
,,118489,3.0,0.7576499581336975,0.8476666808128357,0.5035273432731628,0.5158620476722717,0.4858861565589905,13.306574821472168,233.0,1.012269139289856,15.076494216918945,71,,,,,,,,,,,,
,,118499,3.0,0.4861004650592804,0.8356000185012817,0.49949419498443604,0.49496620893478394,0.46661415696144104,7.976937294006348,94.0,1.543977975845337,10.007015228271484,71,,,,,,,,,,,,
,,118509,3.0,0.27093109488487244,0.8754000067710876,0.500274658203125,0.5263318419456482,0.4683733284473419,2.0989832878112793,7.0,0.16002482175827026,2.5299391746520996,71,,,,,,,,,,,,
,,118519,3.0,0.5619674921035767,0.8461333513259888,0.5067462921142578,0.5486792325973511,0.4840201437473297,10.81938362121582,142.0,0.42088308930397034,11.802234649658203,71,,,,,,,,,,,,
,,118529,3.0,0.39035817980766296,0.8434000015258789,0.5067595839500427,0.5746651887893677,0.47894927859306335,9.859310150146484,107.0,0.45351284742355347,10.703181266784668,71,,,,,,,,,,,,
,,118539,3.0,0.547828197479248,0.8029999732971191,0.5040276646614075,0.5291184782981873,0.470124214887619,12.864195823669434,185.0,5.207211017608643,18.619234085083008,71,,,,,,,,,,,,
,,118549,3.0,0.5057551264762878,0.8510000109672546,0.49789127707481384,0.49086740612983704,0.4785645306110382,18.53387451171875,245.0,1.8296477794647217,20.86927604675293,71,,,,,,,,,,,,
,,118559,3.0,0.6451430320739746,0.8519999980926514,0.4958905875682831,0.49139904975891113,0.4883117377758026,13.20518970489502,280.0,20.508338928222656,34.358673095703125,71,,,,,,,,,,,,
,,118569,3.0,0.38617876172065735,0.8706666827201843,0.49826735258102417,0.4828243851661682,0.47251051664352417,10.710402488708496,87.0,0.3629896938800812,11.45957088470459,71,,,,,,,,,,,,
,,118579,3.0,0.6011186242103577,0.8100666403770447,0.4983886182308197,0.4755377471446991,0.4543795585632324,7.476834297180176,58.0,9.564635276794434,17.642589569091797,71,,,,,,,,,,,,
,,118589,3.0,0.4113038182258606,0.8507999777793884,0.49959155917167664,0.49340009689331055,0.4662632644176483,5.129574298858643,71.0,0.4228527247905731,5.963730812072754,71,,,,,,,,,,,,
,,118599,3.0,0.5729912519454956,0.821399986743927,0.4939269721508026,0.47082260251045227,0.46602141857147217,17.47705841064453,277.0,0.13518597185611725,18.18523406982422,71,,,,,,,,,,,,
,,118609,3.0,0.557513415813446,0.7896666526794434,0.49694564938545227,0.4675908088684082,0.45073699951171875,14.767208099365234,98.0,1.2592817544937134,16.584003448486328,71,,,,,,,,,,,,
,,118619,3.0,0.3360423743724823,0.8766000270843506,0.502432644367218,0.5077484846115112,0.49311548471450806,19.769155502319336,356.0,0.01297338679432869,20.11817169189453,71,,,,,,,,,,,,
,,118629,3.0,0.5065146684646606,0.8373333215713501,0.4973776638507843,0.47581160068511963,0.46451884508132935,9.412467956542969,100.0,2.8088083267211914,12.727790832519531,71,,,,,,,,,,,,
,,118639,3.0,0.3271975517272949,0.867733359336853,0.5047785639762878,0.6243410110473633,0.47681939601898193,4.189585208892822,43.0,0.07903365045785904,4.595816612243652,71,,,,,,,,,,,,
,,118649,3.0,0.36195531487464905,0.8938000202178955,0.5049118995666504,0.536072850227356,0.4906309247016907,13.710119247436523,129.0,0.05241023749113083,14.12448501586914,71,,,,,,,,,,,,
,,118659,3.0,0.5578331351280212,0.8539999723434448,0.49499374628067017,0.4789658486843109,0.4751596748828888,16.902568817138672,251.0,8.989507675170898,26.449909210205078,71,,,,,,,,,,,,
,,118669,3.0,0.3525325059890747,0.8595333099365234,0.5064347982406616,0.5382803082466125,0.48858705163002014,11.86051082611084,264.0,5.260477066040039,17.473520278930664,71,,,,,,,,,,,,
,,118679,3.0,0.4865138530731201,0.807200014591217,0.4965187609195709,0.47035089135169983,0.4573569893836975,12.33055305480957,122.0,0.424927294254303,13.241994857788086,71,,,,,,,,,,,,
,,118689,3.0,0.36620306968688965,0.8833333253860474,0.5021900534629822,0.5399733781814575,0.47797009348869324,11.057666778564453,49.0,0.22170013189315796,11.645569801330566,71,,,,,,,,,,,,
,,118699,3.0,0.49302923679351807,0.8289999961853027,0.4953133165836334,0.4774126708507538,0.4693264365196228,12.166105270385742,294.0,0.7103884816169739,13.369523048400879,71,,,,,,,,,,,,
,,118709,3.0,0.6084436774253845,0.775600016117096,0.4976824223995209,0.4684891998767853,0.4451417922973633,10.275164604187012,98.0,0.048449475318193436,10.93205738067627,71,,,,,,,,,,,,
,,118719,3.0,0.5343875885009766,0.8053333163261414,0.4928946793079376,0.4303376376628876,0.4494471848011017,12.647584915161133,136.0,0.44283366203308105,13.62480640411377,71,,,,,,,,,,,,
,,118729,3.0,0.44117122888565063,0.8812000155448914,0.49599817395210266,0.4838576316833496,0.4809549152851105,7.854973316192627,299.0,7.1785149574279785,15.474658966064453,71,,,,,,,,,,,,
,,118739,3.0,0.5637814402580261,0.8432000279426575,0.5097885131835938,0.5371416807174683,0.4970552325248718,8.726573944091797,291.0,2.661162853240967,11.951519012451172,71,,,,,,,,,,,,
,,118749,3.0,0.6019099354743958,0.8278666734695435,0.5050135850906372,0.5228303670883179,0.48451709747314453,12.329985618591309,208.0,9.888379096984863,22.820274353027344,71,,,,,,,,,,,,
,,118759,3.0,0.30675172805786133,0.9047999978065491,0.505200982093811,0.5233693718910217,0.4970409870147705,8.830714225769043,109.0,11.350587844848633,20.488054275512695,71,,,,,,,,,,,,
,,118769,3.0,0.5041854977607727,0.8516666889190674,0.49084922671318054,0.4652474820613861,0.47043538093566895,12.193754196166992,350.0,16.65287971496582,29.350818634033203,71,,,,,,,,,,,,
,,118779,3.0,0.5136276483535767,0.8715999722480774,0.5016010403633118,0.5070619583129883,0.4869641661643982,14.388837814331055,286.0,0.09356248378753662,14.996027946472168,71,,,,,,,,,,,,
,,118789,3.0,0.44765785336494446,0.8432000279426575,0.49648213386535645,0.434156596660614,0.45830801129341125,6.33001184463501,37.0,0.43086984753608704,7.208539962768555,71,,,,,,,,,,,,
,,118799,3.0,0.5486029386520386,0.8518666625022888,0.4958053529262543,0.48869016766548157,0.4838355481624603,13.971575736999512,263.0,6.660844326019287,21.18102264404297,71,,,,,,,,,,,,
,,118809,3.0,0.4457184672355652,0.8633333444595337,0.5055685639381409,0.5723729133605957,0.4806499779224396,9.058492660522461,72.0,2.7666985988616943,12.270910263061523,71,,,,,,,,,,,,
,,118819,3.0,0.5801312923431396,0.834933340549469,0.49638715386390686,0.4833996891975403,0.47278299927711487,14.576374053955078,340.0,0.06240975856781006,15.218914985656738,71,,,,,,,,,,,,
,,118829,3.0,0.5478221774101257,0.8125333189964294,0.5199645757675171,0.5691809058189392,0.5081623196601868,19.70610237121582,323.0,2.625718593597412,22.8796443939209,71,,,,,,,,,,,,
,,118839,3.0,0.5322096347808838,0.8086000084877014,0.49873965978622437,0.4945172369480133,0.47285738587379456,12.487350463867188,274.0,1.5437277555465698,14.563287734985352,71,,,,,,,,,,,,
,,118849,3.0,0.407350093126297,0.8352000117301941,0.49806639552116394,0.4605100750923157,0.45828959345817566,4.611487865447998,57.0,0.10013727843761444,5.1189751625061035,71,,,,,,,,,,,,
,,118859,3.0,0.5258036851882935,0.845466673374176,0.4917469620704651,0.4731006920337677,0.47388938069343567,18.886646270751953,327.0,5.6955885887146,25.10803985595703,71,,,,,,,,,,,,
,,118869,3.0,0.5420393347740173,0.8372666835784912,0.5076470971107483,0.5397948622703552,0.48799288272857666,12.622502326965332,218.0,2.3746590614318848,15.539199829101562,71,,,,,,,,,,,,
1.776506266647924e-05,0.00017765062666479239,118871,,,,,,,,,,,,,,,,,,,,,,,
,,118879,3.0,0.5010552406311035,0.8339999914169312,0.4960784316062927,0.47448980808258057,0.46640950441360474,15.199524879455566,214.0,0.14190064370632172,15.84248161315918,72,,,,,,,,,,,,
,,118889,3.0,0.42502304911613464,0.8609333038330078,0.4912201762199402,0.46242818236351013,0.47014665603637695,10.878273010253906,212.0,4.546563625335693,15.849859237670898,72,,,,,,,,,,,,
,,118899,3.0,0.6266698837280273,0.8080000281333923,0.49277567863464355,0.46401506662368774,0.46123138070106506,14.043025016784668,270.0,0.5781788229942322,15.247873306274414,72,,,,,,,,,,,,
,,118909,3.0,0.32539060711860657,0.8758000135421753,0.49907928705215454,0.4912513494491577,0.4752996861934662,4.921058654785156,70.0,0.19928966462612152,5.445739269256592,72,,,,,,,,,,,,
,,118919,3.0,0.564969003200531,0.8410000205039978,0.5147594809532166,0.5513789653778076,0.5052178502082825,18.98562240600586,316.0,0.31305012106895447,19.86363983154297,72,,,,,,,,,,,,
,,118929,3.0,0.7743703722953796,0.7634000182151794,0.4962424635887146,0.4813935458660126,0.457587331533432,15.216836929321289,272.0,5.381250858306885,21.37245750427246,72,,,,,,,,,,,,
,,118939,3.0,0.7595900893211365,0.8296666741371155,0.5019922852516174,0.5070483684539795,0.4850351810455322,12.880209922790527,261.0,14.50110912322998,28.14090919494629,72,,,,,,,,,,,,
,,118949,3.0,0.8604574799537659,0.7875999808311462,0.4929504692554474,0.463399201631546,0.45674392580986023,11.620113372802734,218.0,0.5514073967933655,13.031978607177734,72,,,,,,,,,,,,
,,118959,3.0,0.5801336765289307,0.7975999712944031,0.505003035068512,0.5317618250846863,0.4724637567996979,12.8850736618042,184.0,7.082523345947266,20.5477294921875,72,,,,,,,,,,,,
,,118969,3.0,0.4011725187301636,0.8535333275794983,0.5117659568786621,0.6129505038261414,0.49064189195632935,23.80048370361328,159.0,0.04260685294866562,24.2442626953125,72,,,,,,,,,,,,
,,118979,3.0,0.40734806656837463,0.8534666895866394,0.4978652596473694,0.44313114881515503,0.4613730311393738,10.533864974975586,44.0,0.07157924026250839,11.012791633605957,72,,,,,,,,,,,,
,,118989,3.0,0.4824553430080414,0.8394666910171509,0.4989195466041565,0.48191308975219727,0.46206697821617126,6.281086444854736,61.0,0.9207493662834167,7.684290885925293,72,,,,,,,,,,,,
,,118999,3.0,0.43054619431495667,0.8744000196456909,0.5219156742095947,0.5662686824798584,0.5214555859565735,19.86827278137207,288.0,5.500242710113525,25.799060821533203,72,,,,,,,,,,,,
,,119009,3.0,0.4003082811832428,0.8687333464622498,0.4939950704574585,0.46703630685806274,0.4718535840511322,9.101372718811035,119.0,2.137300968170166,11.638982772827148,72,,,,,,,,,,,,
,,119019,3.0,0.4247070252895355,0.8740000128746033,0.4977322816848755,0.4930560886859894,0.4865906834602356,13.384385108947754,325.0,0.2275020331144333,14.03659439086914,72,,,,,,,,,,,,
,,119029,3.0,0.5390276312828064,0.866599977016449,0.5166781544685364,0.5267019271850586,0.5179006457328796,15.571816444396973,342.0,9.562145233154297,25.672988891601562,72,,,,,,,,,,,,
,,119039,3.0,0.6120949387550354,0.819599986076355,0.4956909418106079,0.4841524362564087,0.4737756550312042,19.858734130859375,310.0,3.919907569885254,24.390735626220703,72,,,,,,,,,,,,
,,119049,3.0,0.4513852000236511,0.8467333316802979,0.5017755627632141,0.5388308167457581,0.46699395775794983,5.426389694213867,57.0,0.2268441915512085,6.104619026184082,72,,,,,,,,,,,,
,,119059,3.0,0.29845723509788513,0.9093999862670898,0.5014230608940125,0.510521650314331,0.4877512454986572,6.095156192779541,99.0,0.6301273107528687,7.023740768432617,72,,,,,,,,,,,,
,,119069,3.0,0.6873466372489929,0.7932666540145874,0.49621278047561646,0.48807722330093384,0.4744513928890228,16.671661376953125,318.0,4.54262638092041,21.901634216308594,72,,,,,,,,,,,,
,,119079,3.0,0.3912599980831146,0.8471999764442444,0.4966979920864105,0.44782784581184387,0.46079719066619873,4.702169895172119,55.0,0.2506776452064514,5.344107627868652,72,,,,,,,,,,,,
,,119089,3.0,0.4139769971370697,0.8751999735832214,0.5021735429763794,0.5120041966438293,0.48564910888671875,14.136918067932129,164.0,0.07150866836309433,14.622403144836426,72,,,,,,,,,,,,
,,119099,3.0,0.49654847383499146,0.855733335018158,0.5003118515014648,0.5025478005409241,0.4745347201824188,9.4722318649292,93.0,0.5508378148078918,10.519618034362793,72,,,,,,,,,,,,
,,119109,3.0,0.6883759498596191,0.8135333061218262,0.48972001671791077,0.43098095059394836,0.45210227370262146,7.447330474853516,277.0,1.763092041015625,9.898797988891602,72,,,,,,,,,,,,
,,119119,3.0,0.4276355803012848,0.8187999725341797,0.4952940344810486,0.4660584032535553,0.4605275094509125,11.803176879882812,128.0,1.6074252128601074,13.838237762451172,72,,,,,,,,,,,,
,,119129,3.0,0.5294161438941956,0.8376666903495789,0.5020752549171448,0.5273065567016602,0.46853402256965637,13.278613090515137,117.0,0.23527440428733826,14.043303489685059,72,,,,,,,,,,,,
,,119139,3.0,0.43474844098091125,0.8474666476249695,0.5187304019927979,0.6336390376091003,0.5029678344726562,18.4968318939209,202.0,0.05497591570019722,18.986555099487305,72,,,,,,,,,,,,
,,119149,3.0,0.5916735529899597,0.8270666599273682,0.4966253340244293,0.47553515434265137,0.4642389714717865,11.251399993896484,170.0,0.6772578358650208,12.520331382751465,72,,,,,,,,,,,,
,,119159,3.0,0.3960803151130676,0.8719333410263062,0.49703481793403625,0.46940669417381287,0.47041255235671997,11.423341751098633,95.0,0.03452149033546448,11.85394287109375,72,,,,,,,,,,,,
,,119169,3.0,0.4310722053050995,0.8591333627700806,0.5015404224395752,0.5093284845352173,0.48068204522132874,12.942855834960938,172.0,0.803066074848175,14.176994323730469,72,,,,,,,,,,,,
,,119179,3.0,0.2997628152370453,0.8951333165168762,0.49355536699295044,0.4687950015068054,0.4767298400402069,17.814706802368164,174.0,0.21076400578022003,18.325233459472656,72,,,,,,,,,,,,
,,119189,3.0,0.3564911186695099,0.8664666414260864,0.5006355047225952,0.5209778547286987,0.46865853667259216,3.9537224769592285,27.0,0.3314698338508606,4.641683578491211,72,,,,,,,,,,,,
,,119199,3.0,0.3217291235923767,0.8838000297546387,0.5192219018936157,0.6271640658378601,0.512454092502594,27.625017166137695,193.0,0.16026534140110016,28.107011795043945,72,,,,,,,,,,,,
,,119209,3.0,0.6248682141304016,0.8432666659355164,0.4878852367401123,0.4592071771621704,0.46741512417793274,17.106081008911133,275.0,3.5790932178497314,21.310043334960938,72,,,,,,,,,,,,
,,119219,3.0,0.5536295175552368,0.8166666626930237,0.5132436752319336,0.5428100824356079,0.5007708072662354,12.559843063354492,326.0,0.8994721174240112,14.012945175170898,72,,,,,,,,,,,,
,,119229,3.0,0.48544740676879883,0.8127333521842957,0.49534159898757935,0.4634489417076111,0.4580134153366089,6.207380771636963,120.0,0.8738108277320862,7.566638946533203,72,,,,,,,,,,,,
,,119239,3.0,0.5127623677253723,0.8207333087921143,0.5026057958602905,0.532930314540863,0.46541860699653625,14.028427124023438,135.0,0.1447615921497345,14.685951232910156,72,,,,,,,,,,,,
,,119249,3.0,0.28849005699157715,0.8866666555404663,0.5124975442886353,0.5550569295883179,0.5058501362800598,38.158294677734375,298.0,5.181025981903076,43.627811431884766,72,,,,,,,,,,,,
,,119259,3.0,0.589955747127533,0.8216666579246521,0.4963114261627197,0.489567369222641,0.48062270879745483,10.989437103271484,338.0,2.305915117263794,13.885307312011719,72,,,,,,,,,,,,
,,119269,3.0,0.37968194484710693,0.883400022983551,0.49642765522003174,0.4633587598800659,0.4718768894672394,6.204470634460449,101.0,0.1587933450937271,6.742946147918701,72,,,,,,,,,,,,
,,119279,3.0,0.470832496881485,0.8485333323478699,0.4948599934577942,0.4769290089607239,0.4730474650859833,14.819001197814941,218.0,1.2833690643310547,16.573204040527344,72,,,,,,,,,,,,
,,119289,3.0,0.33659666776657104,0.8843333125114441,0.510059654712677,0.5627298951148987,0.49849066138267517,13.12397289276123,115.0,0.8272830247879028,14.28785228729248,72,,,,,,,,,,,,
,,119299,3.0,0.3424000144004822,0.8639333248138428,0.5056153535842896,0.5899502635002136,0.47953251004219055,16.769084930419922,76.0,0.0781664326786995,17.189651489257812,72,,,,,,,,,,,,
,,119309,3.0,0.4086568057537079,0.8510000109672546,0.4934668242931366,0.43034860491752625,0.4597514867782593,22.7795352935791,122.0,0.19364358484745026,23.3818359375,72,,,,,,,,,,,,
,,119319,3.0,0.8137169480323792,0.8069999814033508,0.4880896806716919,0.46014222502708435,0.4634118378162384,14.768067359924316,275.0,2.31406307220459,17.89584732055664,72,,,,,,,,,,,,
,,119329,3.0,0.5724458694458008,0.8241999745368958,0.4995043873786926,0.48869723081588745,0.4570184350013733,5.729628086090088,41.0,0.0887988805770874,6.390872955322266,72,,,,,,,,,,,,
,,119339,3.0,0.7398225665092468,0.8144000172615051,0.49265167117118835,0.4690450131893158,0.4656708538532257,13.239091873168945,208.0,13.000349998474121,26.979263305664062,72,,,,,,,,,,,,
,,119349,3.0,0.6288304924964905,0.8555333614349365,0.5059446096420288,0.5177231431007385,0.4968092739582062,8.941075325012207,222.0,10.633163452148438,20.20306968688965,72,,,,,,,,,,,,
,,119359,3.0,0.5043559074401855,0.8222000002861023,0.5013402700424194,0.5181661248207092,0.4631693661212921,4.57638692855835,80.0,0.30111825466156006,5.381861209869385,72,,,,,,,,,,,,
,,119369,3.0,0.5776428580284119,0.816266655921936,0.5006513595581055,0.5033113360404968,0.4739788770675659,15.910065650939941,224.0,6.630645275115967,23.11835479736328,72,,,,,,,,,,,,
,,119379,3.0,0.46108290553092957,0.8321999907493591,0.5142282247543335,0.5656171441078186,0.4986373782157898,16.7756404876709,331.0,2.7102041244506836,19.94692611694336,72,,,,,,,,,,,,
,,119389,3.0,0.4535292387008667,0.8790000081062317,0.49816277623176575,0.49151450395584106,0.4821864366531372,8.863332748413086,170.0,4.515138626098633,13.832000732421875,72,,,,,,,,,,,,
,,119399,3.0,0.4204479157924652,0.8542666435241699,0.5059942007064819,0.5332958102226257,0.4877735376358032,22.28645896911621,262.0,0.2565993666648865,22.9635066986084,72,,,,,,,,,,,,
,,119409,3.0,0.32929283380508423,0.899066686630249,0.4913521707057953,0.4632701873779297,0.4753936231136322,6.796902179718018,241.0,5.190335750579834,12.316530227661133,72,,,,,,,,,,,,
,,119419,3.0,0.5370145440101624,0.8755333423614502,0.5395627021789551,0.5901500582695007,0.5472144484519958,15.5054931640625,330.0,1.0159906148910522,17.05849838256836,72,,,,,,,,,,,,
,,119429,3.0,0.5510561466217041,0.8169333338737488,0.5060362815856934,0.5422436594963074,0.4768538177013397,20.344770431518555,197.0,0.0971187949180603,20.992944717407227,72,,,,,,,,,,,,
,,119439,3.0,0.32521677017211914,0.8871333599090576,0.49537158012390137,0.48092132806777954,0.4804683029651642,7.927759647369385,209.0,11.962759971618652,20.215736389160156,72,,,,,,,,,,,,
,,119449,3.0,0.6855285167694092,0.8004666566848755,0.49457794427871704,0.4760945439338684,0.4651337265968323,13.472257614135742,221.0,10.877010345458984,25.03479766845703,72,,,,,,,,,,,,
,,119459,3.0,0.8481763005256653,0.7731333374977112,0.482940137386322,0.42787691950798035,0.4448237419128418,9.850245475769043,341.0,3.6736183166503906,14.372039794921875,72,,,,,,,,,,,,
,,119469,3.0,0.6750742197036743,0.8109999895095825,0.49800461530685425,0.49341630935668945,0.4782436490058899,10.541908264160156,315.0,16.680240631103516,27.89722442626953,72,,,,,,,,,,,,
,,119479,3.0,0.5270913243293762,0.8479333519935608,0.4965268075466156,0.4805901050567627,0.4719935953617096,20.535778045654297,210.0,0.0869084969162941,21.149778366088867,72,,,,,,,,,,,,
,,119489,3.0,0.6108793020248413,0.8271333575248718,0.5058541893959045,0.5200880765914917,0.49076664447784424,16.704816818237305,237.0,6.9892072677612305,24.30490493774414,72,,,,,,,,,,,,
,,119499,3.0,0.3567606806755066,0.8742666840553284,0.5026760697364807,0.5423625707626343,0.47729992866516113,5.087975978851318,41.0,1.239058256149292,6.683794975280762,72,,,,,,,,,,,,
,,119509,3.0,0.4431971311569214,0.8561999797821045,0.5018079280853271,0.5115329623222351,0.4798893630504608,20.382869720458984,184.0,0.49664539098739624,21.322711944580078,72,,,,,,,,,,,,
,,119519,3.0,0.42047175765037537,0.8394666910171509,0.49733802676200867,0.4607459306716919,0.4604511260986328,9.821697235107422,106.0,0.38060587644577026,10.622775077819824,72,,,,,,,,,,,,
,,119529,3.0,0.44293349981307983,0.854533314704895,0.5124064087867737,0.5699512958526611,0.49746090173721313,17.59644317626953,177.0,0.406382292509079,18.445758819580078,72,,,,,,,,,,,,
,,119539,3.0,0.5011083483695984,0.8439333438873291,0.49892961978912354,0.488930881023407,0.46724608540534973,16.287948608398438,91.0,0.20834656059741974,16.997404098510742,72,,,,,,,,,,,,
,,119549,3.0,0.28081396222114563,0.8935999870300293,0.5046756863594055,0.5865296125411987,0.4846842586994171,10.351929664611816,45.0,0.5848175287246704,11.217561721801758,72,,,,,,,,,,,,
,,119559,3.0,0.6293919086456299,0.8392666578292847,0.49928018450737,0.4971159100532532,0.4801931083202362,11.595436096191406,293.0,1.5408148765563965,13.765642166137695,72,,,,,,,,,,,,
,,119569,3.0,0.40107330679893494,0.8772000074386597,0.5030710101127625,0.546692967414856,0.47890540957450867,4.7518086433410645,54.0,0.2716934382915497,5.424575328826904,72,,,,,,,,,,,,
,,119579,3.0,0.7468966841697693,0.7732666730880737,0.4966103732585907,0.4810156226158142,0.45735636353492737,22.98630714416504,304.0,0.18720616400241852,23.92041015625,72,,,,,,,,,,,,
,,119589,3.0,0.592304527759552,0.7929333448410034,0.49741584062576294,0.4687242805957794,0.4506829082965851,6.40289831161499,109.0,0.09405384212732315,7.089256763458252,72,,,,,,,,,,,,
,,119599,3.0,0.821696937084198,0.7755333185195923,0.5008875727653503,0.5034976601600647,0.4722590148448944,14.529370307922363,280.0,4.872296333312988,20.223363876342773,72,,,,,,,,,,,,
,,119609,3.0,0.3635145425796509,0.8808000087738037,0.5024357438087463,0.5287519097328186,0.4802705943584442,13.37843132019043,67.0,2.6666622161865234,16.408607482910156,72,,,,,,,,,,,,
,,119619,3.0,0.556306779384613,0.8175333142280579,0.49523526430130005,0.4713950455188751,0.46317213773727417,14.92979907989502,239.0,0.2766314446926117,15.762737274169922,72,,,,,,,,,,,,
,,119629,3.0,0.4102528691291809,0.8610000014305115,0.5028271079063416,0.5364382266998291,0.4756574332714081,8.805954933166504,110.0,0.0641852617263794,9.28039264678955,72,,,,,,,,,,,,
,,119639,3.0,0.5370303988456726,0.8033333420753479,0.5055116415023804,0.5377466082572937,0.47326523065567017,16.635873794555664,176.0,0.08496712148189545,17.257871627807617,72,,,,,,,,,,,,
,,119649,3.0,0.41777175664901733,0.8916000127792358,0.5239784717559814,0.5787519216537476,0.5259081125259399,20.854679107666016,356.0,0.23675020039081573,21.509201049804688,72,,,,,,,,,,,,
,,119659,3.0,0.31011438369750977,0.8932666778564453,0.497477263212204,0.48183301091194153,0.47856810688972473,14.342877388000488,151.0,0.49769580364227295,15.150688171386719,72,,,,,,,,,,,,
,,119669,3.0,0.35437342524528503,0.8738666772842407,0.4955390989780426,0.44039779901504517,0.46634408831596375,6.397813320159912,100.0,0.3420063257217407,7.094192981719971,72,,,,,,,,,,,,
,,119679,3.0,0.4924892485141754,0.8357999920845032,0.5217179656028748,0.5604392290115356,0.517528772354126,18.290449142456055,458.0,1.8412226438522339,20.624160766601562,72,,,,,,,,,,,,
,,119689,3.0,0.4551626443862915,0.8339999914169312,0.5046924352645874,0.5509577989578247,0.47351548075675964,10.351343154907227,88.0,1.756447196006775,12.562952995300293,72,,,,,,,,,,,,
,,119699,3.0,0.37664657831192017,0.9092000126838684,0.5045493841171265,0.5223116874694824,0.49591994285583496,17.146486282348633,173.0,0.22343645989894867,17.74656867980957,72,,,,,,,,,,,,
,,119709,3.0,0.36777058243751526,0.8641999959945679,0.5217657089233398,0.5783939361572266,0.5182914733886719,24.057327270507812,352.0,0.5127990245819092,24.937896728515625,72,,,,,,,,,,,,
,,119719,3.0,0.7013483643531799,0.8407999873161316,0.5037676095962524,0.5072140097618103,0.4992832839488983,9.020074844360352,358.0,3.707113265991211,13.428536415100098,72,,,,,,,,,,,,
,,119729,3.0,0.4006829559803009,0.8782666921615601,0.49120405316352844,0.4742315113544464,0.47826626896858215,16.98012351989746,271.0,5.284727096557617,22.6655330657959,72,,,,,,,,,,,,
,,119739,3.0,0.4791879653930664,0.8403333425521851,0.5098540782928467,0.5330742001533508,0.49868345260620117,11.515719413757324,272.0,4.092395782470703,16.087303161621094,72,,,,,,,,,,,,
,,119749,3.0,0.4879301190376282,0.8352000117301941,0.5008007287979126,0.5055989027023315,0.4728904366493225,26.801212310791016,215.0,0.07317718863487244,27.362319946289062,72,,,,,,,,,,,,
,,119759,3.0,0.6451103091239929,0.8275333046913147,0.49734529852867126,0.4882756471633911,0.47372061014175415,21.829938888549805,338.0,0.024349506944417953,22.499399185180664,72,,,,,,,,,,,,
,,119769,3.0,0.33841946721076965,0.8759333491325378,0.49838027358055115,0.4492312967777252,0.46746644377708435,5.244863986968994,42.0,0.042026109993457794,5.625309467315674,72,,,,,,,,,,,,
,,119779,3.0,0.5259060263633728,0.873199999332428,0.5070688724517822,0.5118346810340881,0.5060884356498718,16.953824996948242,376.0,3.3946361541748047,20.874366760253906,72,,,,,,,,,,,,
,,119789,3.0,0.4105328917503357,0.862333357334137,0.505318284034729,0.5593842267990112,0.4811345040798187,19.46042251586914,102.0,0.021804120391607285,19.892759323120117,72,,,,,,,,,,,,
,,119799,3.0,0.5518035888671875,0.8209999799728394,0.49783816933631897,0.49077707529067993,0.4740417003631592,14.05253791809082,187.0,3.4478471279144287,18.052188873291016,72,,,,,,,,,,,,
,,119809,3.0,0.6257222890853882,0.8032666444778442,0.4931437075138092,0.46388328075408936,0.4597512483596802,11.687993049621582,193.0,7.129711151123047,19.44342613220215,72,,,,,,,,,,,,
,,119819,3.0,0.6285654902458191,0.8645333051681519,0.5083438158035278,0.5121992826461792,0.508213996887207,10.118827819824219,376.0,11.710040092468262,22.457433700561523,72,,,,,,,,,,,,
,,119829,3.0,0.4306944012641907,0.8825333118438721,0.49944832921028137,0.49662601947784424,0.4814712405204773,10.158784866333008,124.0,0.8694605827331543,11.458940505981445,72,,,,,,,,,,,,
,,119839,3.0,0.36519655585289,0.875,0.49493950605392456,0.48162218928337097,0.48009738326072693,14.27294635772705,277.0,0.7497479915618896,15.387890815734863,72,,,,,,,,,,,,
,,119849,3.0,0.7433515191078186,0.7949333190917969,0.49627164006233215,0.4869658350944519,0.47212526202201843,10.85885238647461,319.0,7.664627552032471,19.26683235168457,72,,,,,,,,,,,,
,,119859,3.0,0.36454203724861145,0.8762666583061218,0.5264695286750793,0.5801519155502319,0.5281559228897095,22.689685821533203,449.0,0.37907788157463074,23.433305740356445,72,,,,,,,,,,,,
,,119869,3.0,0.7151018381118774,0.8045333623886108,0.48420462012290955,0.4509877860546112,0.45959722995758057,12.988204002380371,300.0,5.314664840698242,19.01797103881836,72,,,,,,,,,,,,
,,119879,3.0,0.6999587416648865,0.769599974155426,0.4993472099304199,0.49561262130737305,0.4566296637058258,21.535520553588867,294.0,0.023063793778419495,22.258543014526367,72,,,,,,,,,,,,
,,119889,3.0,0.48190760612487793,0.8745333552360535,0.504655122756958,0.5085652470588684,0.5023552775382996,20.98601722717285,332.0,3.199396848678589,24.667320251464844,72,,,,,,,,,,,,
,,119899,3.0,0.3851264715194702,0.8519333600997925,0.5028232336044312,0.5457419753074646,0.47181400656700134,10.677906036376953,78.0,0.03635856509208679,11.099390983581543,72,,,,,,,,,,,,
,,119909,3.0,0.7227502465248108,0.7580000162124634,0.49381354451179504,0.4713705778121948,0.4548097848892212,14.634539604187012,231.0,6.754322052001953,22.11161231994629,72,,,,,,,,,,,,
,,119919,3.0,0.49451085925102234,0.8778666853904724,0.5083804130554199,0.5267047882080078,0.5018759369850159,11.332286834716797,209.0,21.551977157592773,33.37877655029297,72,,,,,,,,,,,,
,,119929,3.0,0.34714725613594055,0.8839333057403564,0.5118119716644287,0.5314459800720215,0.5091769695281982,9.08795166015625,280.0,2.32450532913208,11.759603500366211,72,,,,,,,,,,,,
,,119939,3.0,0.43471911549568176,0.8642666935920715,0.5005415081977844,0.5032640695571899,0.4801238775253296,13.625471115112305,145.0,5.9409308433532715,20.001121520996094,72,,,,,,,,,,,,
,,119949,3.0,0.6657213568687439,0.7998666763305664,0.5021721720695496,0.5090240836143494,0.4772302210330963,13.086458206176758,326.0,0.38624250888824463,14.138422012329102,72,,,,,,,,,,,,
,,119959,3.0,0.746162474155426,0.7614666819572449,0.5019421577453613,0.5124831199645996,0.4592236578464508,16.311838150024414,181.0,1.6922290325164795,18.750228881835938,72,,,,,,,,,,,,
,,119969,3.0,0.6378278732299805,0.7937333583831787,0.4980999827384949,0.47691959142684937,0.45188677310943604,8.516114234924316,83.0,0.8556478023529053,10.009590148925781,72,,,,,,,,,,,,
,,119979,3.0,0.5186505913734436,0.8732666373252869,0.5046480894088745,0.5095583200454712,0.5012067556381226,10.655372619628906,319.0,2.7829627990722656,13.956986427307129,72,,,,,,,,,,,,
,,119989,3.0,0.5556963086128235,0.831933319568634,0.4990176856517792,0.4954169690608978,0.47592881321907043,13.945384979248047,323.0,1.146873950958252,15.647954940795898,72,,,,,,,,,,,,
,,119999,3.0,0.2871848940849304,0.9004666805267334,0.5060746073722839,0.5384745001792908,0.49492010474205017,12.00318717956543,155.0,0.17142249643802643,12.46179485321045,72,,,,,,,,,,,,
,,120009,3.0,0.46926411986351013,0.8479999899864197,0.4944043755531311,0.46152907609939575,0.4657473564147949,12.08277416229248,133.0,0.025209849700331688,12.577247619628906,72,,,,,,,,,,,,
,,120019,3.0,0.6178988814353943,0.8492666482925415,0.4943816661834717,0.4850618243217468,0.481880247592926,18.023393630981445,347.0,0.16630740463733673,18.807600021362305,72,,,,,,,,,,,,
,,120029,3.0,0.3295498788356781,0.8871999979019165,0.5032753348350525,0.5636770129203796,0.48049306869506836,4.187386989593506,40.0,1.0705240964889526,5.587460994720459,72,,,,,,,,,,,,
,,120039,3.0,0.42613324522972107,0.8507333397865295,0.4979648292064667,0.45976272225379944,0.4623216986656189,8.857134819030762,52.0,0.04100385680794716,9.324272155761719,72,,,,,,,,,,,,
,,120049,3.0,0.5840263962745667,0.8205333352088928,0.5194726586341858,0.5889893770217896,0.5041241645812988,15.381571769714355,276.0,1.6689589023590088,17.634557723999023,72,,,,,,,,,,,,
,,120059,3.0,0.428546279668808,0.8612666726112366,0.49955058097839355,0.4980362355709076,0.4824594259262085,7.252679824829102,261.0,9.716214179992676,17.39743995666504,72,,,,,,,,,,,,
,,120069,3.0,0.3772580623626709,0.8781999945640564,0.5054647922515869,0.531257152557373,0.49094560742378235,11.833823204040527,122.0,2.462904691696167,14.673986434936523,72,,,,,,,,,,,,
,,120079,3.0,0.45653119683265686,0.8594666719436646,0.49432051181793213,0.47569823265075684,0.4746265113353729,11.28473949432373,232.0,0.4721636474132538,12.213434219360352,72,,,,,,,,,,,,
,,120089,3.0,0.7424532175064087,0.8457333445549011,0.5042635202407837,0.5081343054771423,0.5002103447914124,11.888778686523438,349.0,5.812730312347412,18.44396209716797,72,,,,,,,,,,,,
,,120099,3.0,0.4539788067340851,0.8740000128746033,0.5076382756233215,0.5219278335571289,0.5016071796417236,17.57389259338379,294.0,1.0549784898757935,19.08285140991211,72,,,,,,,,,,,,
,,120109,3.0,0.6240597367286682,0.7999333143234253,0.4908769130706787,0.4623965919017792,0.4612630605697632,13.074114799499512,348.0,0.48630186915397644,14.184475898742676,72,,,,,,,,,,,,
,,120119,3.0,0.4008108377456665,0.8798666596412659,0.5113154649734497,0.5499826073646545,0.5029802322387695,15.117898941040039,177.0,0.14722077548503876,15.66593074798584,72,,,,,,,,,,,,
,,120129,3.0,0.3769066631793976,0.8769333362579346,0.5085335969924927,0.5617226958274841,0.49327749013900757,13.772632598876953,152.0,0.0838005393743515,14.233339309692383,72,,,,,,,,,,,,
,,120139,3.0,0.4131976366043091,0.8360666632652283,0.4984813332557678,0.4677642583847046,0.45896172523498535,4.143778324127197,40.0,0.1461576521396637,4.703133583068848,72,,,,,,,,,,,,
,,120149,3.0,0.7221065759658813,0.7871999740600586,0.47844168543815613,0.420477956533432,0.44444748759269714,12.387267112731934,354.0,0.5801651477813721,13.689538955688477,72,,,,,,,,,,,,
,,120159,3.0,0.783715546131134,0.7487333416938782,0.4914284944534302,0.44225019216537476,0.44031277298927307,6.270003795623779,147.0,3.380992889404297,10.434712409973145,72,,,,,,,,,,,,
,,120169,3.0,0.6609393358230591,0.8175333142280579,0.5193637013435364,0.5845050811767578,0.5041329860687256,7.559661388397217,217.0,14.369916915893555,22.590518951416016,72,,,,,,,,,,,,
,,120179,3.0,0.3453853726387024,0.8741333484649658,0.5011790990829468,0.5254941582679749,0.47318100929260254,4.614677429199219,28.0,0.2636932134628296,5.223756313323975,72,,,,,,,,,,,,
,,120189,3.0,0.4132390022277832,0.8591333627700806,0.5106460452079773,0.5402308702468872,0.5007192492485046,19.424997329711914,364.0,0.04570411518216133,19.883939743041992,72,,,,,,,,,,,,
,,120199,3.0,0.4267137348651886,0.8759999871253967,0.5049431920051575,0.5865365266799927,0.48099398612976074,8.557901382446289,68.0,0.08499559760093689,9.069610595703125,72,,,,,,,,,,,,
,,120209,3.0,0.4546773135662079,0.8349999785423279,0.5025155544281006,0.525732159614563,0.4709409475326538,16.444562911987305,130.0,0.07102450728416443,16.970264434814453,72,,,,,,,,,,,,
,,120219,3.0,0.3786359429359436,0.8851333260536194,0.5054567456245422,0.5209651589393616,0.49633586406707764,9.829320907592773,136.0,7.674222946166992,17.882179260253906,72,,,,,,,,,,,,
,,120229,3.0,0.4578385055065155,0.872866690158844,0.5131523013114929,0.5498236417770386,0.5063369274139404,14.053990364074707,303.0,1.1447643041610718,15.65659236907959,72,,,,,,,,,,,,
,,120239,3.0,0.4296696186065674,0.8474666476249695,0.5059332847595215,0.5365456342697144,0.48501673340797424,13.145163536071777,147.0,0.5299504399299622,14.104783058166504,72,,,,,,,,,,,,
,,120249,3.0,0.46959322690963745,0.8393999934196472,0.4969615340232849,0.4896801710128784,0.4798785448074341,17.29368019104004,315.0,0.8886978030204773,18.6519718170166,72,,,,,,,,,,,,
,,120259,3.0,0.7702565789222717,0.7608000040054321,0.4920549690723419,0.45998284220695496,0.45074403285980225,17.611249923706055,320.0,2.0291948318481445,20.410701751708984,72,,,,,,,,,,,,
,,120269,3.0,0.6624677181243896,0.8339333534240723,0.4942212700843811,0.47816383838653564,0.4731196463108063,19.481096267700195,251.0,2.8055224418640137,22.949087142944336,72,,,,,,,,,,,,
,,120279,3.0,0.40724533796310425,0.8429999947547913,0.5073248744010925,0.5730807781219482,0.48069921135902405,5.591254234313965,90.0,1.4351978302001953,7.43369722366333,72,,,,,,,,,,,,
,,120289,3.0,0.6675307154655457,0.8147333264350891,0.501891553401947,0.5080094933509827,0.4790307581424713,9.101280212402344,284.0,7.29239559173584,17.061206817626953,72,,,,,,,,,,,,
,,120299,3.0,0.4262983798980713,0.8649333119392395,0.5242515802383423,0.5854270458221436,0.5222327709197998,10.776801109313965,262.0,3.470486879348755,14.673585891723633,72,,,,,,,,,,,,
,,120309,3.0,0.4777718782424927,0.8263999819755554,0.4941789209842682,0.4444180428981781,0.4566255211830139,10.877333641052246,118.0,0.1505756378173828,11.505681037902832,72,,,,,,,,,,,,
,,120319,3.0,0.4856402575969696,0.855733335018158,0.5057170391082764,0.5280275344848633,0.48928189277648926,16.40891456604004,233.0,0.09439561516046524,16.988948822021484,72,,,,,,,,,,,,
,,120329,3.0,0.31320467591285706,0.8648666739463806,0.5002254247665405,0.5055544972419739,0.4686278998851776,6.029695987701416,37.0,2.236633777618408,8.579534530639648,72,,,,,,,,,,,,
,,120339,3.0,0.4235067665576935,0.8452000021934509,0.49460962414741516,0.4642966687679291,0.4660465121269226,8.158270835876465,161.0,2.2729780673980713,10.854755401611328,72,,,,,,,,,,,,
,,120349,3.0,0.48690879344940186,0.8519999980926514,0.5310086607933044,0.6245222687721252,0.5286238789558411,30.54256248474121,430.0,0.014590217731893063,31.04405975341797,72,,,,,,,,,,,,
,,120359,3.0,0.44682174921035767,0.8460666537284851,0.5131540894508362,0.561955451965332,0.49931126832962036,13.048958778381348,217.0,4.976365089416504,18.472145080566406,72,,,,,,,,,,,,
,,120369,3.0,0.4784548878669739,0.8651333451271057,0.5067021250724792,0.5273403525352478,0.49473294615745544,9.946646690368652,282.0,5.830663204193115,16.25576400756836,72,,,,,,,,,,,,
,,120379,3.0,0.47543349862098694,0.871999979019165,0.5156296491622925,0.5530591011047363,0.5110311508178711,12.104421615600586,227.0,1.6916099786758423,14.271465301513672,72,,,,,,,,,,,,
,,120389,3.0,0.6069473028182983,0.8541333079338074,0.4865208864212036,0.4648872911930084,0.47176429629325867,6.75466775894165,264.0,9.158355712890625,16.519969940185547,72,,,,,,,,,,,,
,,120399,3.0,0.5326659083366394,0.8381333351135254,0.49563080072402954,0.48460152745246887,0.477090060710907,14.202359199523926,314.0,0.24528563022613525,14.980311393737793,72,,,,,,,,,,,,
,,120409,3.0,0.5242037177085876,0.8614000082015991,0.5182958841323853,0.5604482889175415,0.5138093829154968,19.137447357177734,386.0,0.0981854647397995,19.759836196899414,72,,,,,,,,,,,,
,,120419,3.0,0.5822939276695251,0.8288666605949402,0.49388614296913147,0.4715445041656494,0.46782466769218445,15.862271308898926,248.0,0.7900221943855286,17.234586715698242,72,,,,,,,,,,,,
,,120429,3.0,0.47188058495521545,0.8461333513259888,0.49684280157089233,0.4727623164653778,0.4663689434528351,8.9837646484375,133.0,0.3661668300628662,9.821812629699707,72,,,,,,,,,,,,
,,120439,3.0,0.44700852036476135,0.8608666658401489,0.5034776926040649,0.514265775680542,0.48921462893486023,16.663402557373047,241.0,0.8033817410469055,17.91379165649414,72,,,,,,,,,,,,
,,120449,3.0,0.32726117968559265,0.8773333430290222,0.5042361617088318,0.5134102702140808,0.4958876073360443,16.29389190673828,281.0,9.079020500183105,25.700172424316406,72,,,,,,,,,,,,
,,120459,3.0,0.3231135308742523,0.8862666487693787,0.5043289661407471,0.5354170799255371,0.4873199760913849,13.532502174377441,87.0,2.289116382598877,16.144731521606445,72,,,,,,,,,,,,
,,120469,3.0,0.5670517683029175,0.8018666505813599,0.5032419562339783,0.5268725752830505,0.46662095189094543,10.664138793945312,146.0,1.7249842882156372,12.956174850463867,72,,,,,,,,,,,,
,,120479,3.0,0.5971919298171997,0.8252666592597961,0.49084022641181946,0.4683365523815155,0.46892887353897095,16.31138038635254,281.0,30.74431610107422,47.652889251708984,72,,,,,,,,,,,,
,,120489,3.0,0.5042773485183716,0.8168666958808899,0.4881414771080017,0.43450987339019775,0.45388802886009216,16.88846206665039,285.0,2.0045857429504395,19.39732551574707,72,,,,,,,,,,,,
,,120499,3.0,0.7094013094902039,0.8071333169937134,0.5084161758422852,0.5383169651031494,0.4856225550174713,14.025732040405273,263.0,4.733303546905518,19.46843719482422,72,,,,,,,,,,,,
,,120509,3.0,0.5504345893859863,0.7991333603858948,0.49916306138038635,0.492203950881958,0.4581831693649292,21.98932456970215,146.0,8.681110382080078,31.220869064331055,72,,,,,,,,,,,,
,,120519,3.0,0.3957052528858185,0.8730000257492065,0.49965018033981323,0.4937739372253418,0.47126781940460205,4.565450191497803,45.0,0.04365287348628044,5.00480842590332,72,,,,,,,,,,,,
1.661491825652991e-05,0.00016614918256529907,120522,,,,,,,,,,,,,,,,,,,,,,,
,,120529,3.0,0.4937934875488281,0.8477333188056946,0.511166512966156,0.5489682555198669,0.4976503849029541,14.917261123657227,222.0,0.4708620011806488,15.881916999816895,73,,,,,,,,,,,,
,,120539,3.0,0.6117365956306458,0.7922000288963318,0.495938241481781,0.4587205946445465,0.45042455196380615,6.698856353759766,126.0,1.571831226348877,8.882424354553223,73,,,,,,,,,,,,
,,120549,3.0,0.4852624237537384,0.8479333519935608,0.5068047642707825,0.5236421823501587,0.49478259682655334,23.22579574584961,292.0,0.6523852348327637,24.36344337463379,73,,,,,,,,,,,,
,,120559,3.0,0.5791868567466736,0.8113333582878113,0.5048401355743408,0.5199209451675415,0.4832603931427002,14.811639785766602,316.0,0.8847751021385193,16.27560043334961,73,,,,,,,,,,,,
,,120569,3.0,0.5048546195030212,0.8423333168029785,0.5114898681640625,0.5660387873649597,0.49337640404701233,19.65290069580078,192.0,0.2673100233078003,20.425064086914062,73,,,,,,,,,,,,
,,120579,3.0,0.46343696117401123,0.861133337020874,0.5115166306495667,0.602433979511261,0.49273407459259033,17.583473205566406,124.0,0.21187905967235565,18.2587890625,73,,,,,,,,,,,,
,,120589,3.0,0.46654012799263,0.8672000169754028,0.49929600954055786,0.4975739121437073,0.486394464969635,14.471684455871582,246.0,1.730871319770813,16.669095993041992,73,,,,,,,,,,,,
,,120599,3.0,0.5106010437011719,0.8522666692733765,0.49504947662353516,0.4701232314109802,0.4693608283996582,5.985500335693359,119.0,2.5254368782043457,9.021537780761719,73,,,,,,,,,,,,
,,120609,3.0,0.5372872352600098,0.8308666944503784,0.5076729655265808,0.5386644005775452,0.48731011152267456,18.227575302124023,180.0,1.8227125406265259,20.587574005126953,73,,,,,,,,,,,,
,,120619,3.0,0.5219457745552063,0.8461333513259888,0.5116721987724304,0.5767598748207092,0.4927442669868469,9.431647300720215,131.0,0.14145997166633606,10.095053672790527,73,,,,,,,,,,,,
,,120629,3.0,0.6099809408187866,0.8234666585922241,0.5017169117927551,0.5171491503715515,0.46716922521591187,11.507773399353027,124.0,0.16991977393627167,12.287673950195312,73,,,,,,,,,,,,
,,120639,3.0,0.49801015853881836,0.8470666408538818,0.5054422616958618,0.5293408036231995,0.4859945476055145,17.33732032775879,194.0,0.7399566769599915,18.575286865234375,73,,,,,,,,,,,,
,,120649,3.0,0.40066850185394287,0.8636666536331177,0.5119150280952454,0.53575199842453,0.5060850381851196,11.288712501525879,356.0,0.23622702062129974,11.925607681274414,73,,,,,,,,,,,,
,,120659,3.0,0.3719761371612549,0.878933310508728,0.49776026606559753,0.48388025164604187,0.4764045476913452,9.730633735656738,110.0,0.2630748152732849,10.365684509277344,73,,,,,,,,,,,,
,,120669,3.0,0.37505069375038147,0.8560666441917419,0.5169247388839722,0.5822172164916992,0.5063967704772949,14.031070709228516,244.0,1.3889341354370117,15.795055389404297,73,,,,,,,,,,,,
,,120679,3.0,0.5685405731201172,0.8211333155632019,0.5037130117416382,0.5185639262199402,0.4797241687774658,19.602663040161133,224.0,0.11462718993425369,20.285831451416016,73,,,,,,,,,,,,
,,120689,3.0,0.44522780179977417,0.852733314037323,0.4994772970676422,0.492461621761322,0.4673507809638977,7.366132736206055,69.0,1.1652183532714844,8.976578712463379,73,,,,,,,,,,,,
,,120699,3.0,0.3804224729537964,0.8626000285148621,0.5072593688964844,0.5465225577354431,0.48960447311401367,13.01572322845459,140.0,2.553399085998535,15.949544906616211,73,,,,,,,,,,,,
,,120709,3.0,0.553774356842041,0.8181999921798706,0.4880469739437103,0.4617021679878235,0.46581441164016724,14.578310012817383,321.0,1.496942400932312,16.629026412963867,73,,,,,,,,,,,,
,,120719,3.0,0.5079187750816345,0.8281333446502686,0.48473867774009705,0.4343050718307495,0.455670565366745,12.352517127990723,309.0,0.25759220123291016,13.118027687072754,73,,,,,,,,,,,,
,,120729,3.0,0.338606059551239,0.8727999925613403,0.5069164037704468,0.58454430103302,0.4855830669403076,14.388582229614258,94.0,0.029400397092103958,14.75658893585205,73,,,,,,,,,,,,
,,120739,3.0,0.7699172496795654,0.7566666603088379,0.49950146675109863,0.49720191955566406,0.45762521028518677,13.54486083984375,222.0,1.5082812309265137,15.82305908203125,73,,,,,,,,,,,,
,,120749,3.0,0.4275014102458954,0.8668000102043152,0.49851781129837036,0.4952211380004883,0.4862159490585327,12.00274658203125,257.0,4.896182060241699,17.326431274414062,73,,,,,,,,,,,,
,,120759,3.0,0.6521317958831787,0.7975999712944031,0.49858027696609497,0.4900294244289398,0.4612569510936737,22.305387496948242,256.0,0.3672901690006256,23.324810028076172,73,,,,,,,,,,,,
,,120769,3.0,0.4687429964542389,0.837933361530304,0.5007068514823914,0.5171470642089844,0.46235552430152893,4.349593639373779,54.0,0.15465664863586426,4.972992897033691,73,,,,,,,,,,,,
,,120779,3.0,0.702142059803009,0.795799970626831,0.48635342717170715,0.44321712851524353,0.45386040210723877,8.985968589782715,242.0,10.127518653869629,19.815628051757812,73,,,,,,,,,,,,
,,120789,3.0,0.6083138585090637,0.8129333257675171,0.5174257755279541,0.5947245359420776,0.4966990649700165,17.097412109375,247.0,0.6983968019485474,18.404123306274414,73,,,,,,,,,,,,
,,120799,3.0,0.4524973928928375,0.8461999893188477,0.491872102022171,0.4315810203552246,0.45877695083618164,17.826393127441406,146.0,0.06633474677801132,18.345226287841797,73,,,,,,,,,,,,
,,120809,3.0,0.6422971487045288,0.8202666640281677,0.495798796415329,0.47915956377983093,0.4679897129535675,18.681720733642578,305.0,2.1735641956329346,21.497583389282227,73,,,,,,,,,,,,
,,120819,3.0,0.5628677606582642,0.8430666923522949,0.4958067834377289,0.48797693848609924,0.48187384009361267,17.15567398071289,310.0,3.803359270095825,21.521902084350586,73,,,,,,,,,,,,
,,120829,3.0,0.4865358769893646,0.8532666563987732,0.5124683976173401,0.5574204921722412,0.4998721480369568,16.694334030151367,256.0,1.871620535850525,19.052490234375,73,,,,,,,,,,,,
,,120839,3.0,0.565919816493988,0.8759999871253967,0.5197503566741943,0.5585051774978638,0.518718421459198,18.28958511352539,261.0,1.7743077278137207,20.629812240600586,73,,,,,,,,,,,,
,,120849,3.0,0.46535825729370117,0.8407999873161316,0.5034614205360413,0.5117846727371216,0.4893570840358734,10.855061531066895,344.0,0.5860483646392822,11.90646743774414,73,,,,,,,,,,,,
,,120859,3.0,0.5924819111824036,0.8403333425521851,0.49009039998054504,0.4295105040073395,0.45703423023223877,11.060942649841309,254.0,0.9052390456199646,12.558663368225098,73,,,,,,,,,,,,
,,120869,3.0,0.4621157646179199,0.8605333566665649,0.49066272377967834,0.45604684948921204,0.4676935374736786,11.429875373840332,149.0,2.353255033493042,14.245245933532715,73,,,,,,,,,,,,
,,120879,3.0,0.4274471700191498,0.8381999731063843,0.4981747269630432,0.46903368830680847,0.4604460299015045,4.860841751098633,53.0,0.11041907221078873,5.398708343505859,73,,,,,,,,,,,,
,,120889,3.0,0.583812952041626,0.871066689491272,0.5172950625419617,0.5361881852149963,0.5175806283950806,12.958599090576172,335.0,1.1078866720199585,14.650298118591309,73,,,,,,,,,,,,
,,120899,3.0,0.9158949255943298,0.7625333070755005,0.4923543334007263,0.46947258710861206,0.4577147662639618,22.758520126342773,325.0,7.55570650100708,31.230121612548828,73,,,,,,,,,,,,
,,120909,3.0,0.31926676630973816,0.8795999884605408,0.4958636164665222,0.4474850594997406,0.46852272748947144,6.2617106437683105,69.0,0.07772952318191528,6.658707141876221,73,,,,,,,,,,,,
,,120919,3.0,0.48346272110939026,0.8663333058357239,0.511928379535675,0.5357934832572937,0.5063968896865845,9.406542778015137,250.0,5.822507381439209,15.712512969970703,73,,,,,,,,,,,,
,,120929,3.0,0.27862831950187683,0.8843333125114441,0.4991632401943207,0.49302902817726135,0.4783284366130829,12.0791654586792,90.0,0.07108418643474579,12.428877830505371,73,,,,,,,,,,,,
,,120939,3.0,0.609150767326355,0.857200026512146,0.4988366961479187,0.4970591068267822,0.48957139253616333,13.066292762756348,311.0,4.943019866943359,18.61846351623535,73,,,,,,,,,,,,
,,120949,3.0,0.6293094754219055,0.8258666396141052,0.4884919822216034,0.4574865698814392,0.46416133642196655,11.323643684387207,251.0,0.5088750720024109,12.461828231811523,73,,,,,,,,,,,,
,,120959,3.0,0.6401177048683167,0.8083999752998352,0.5064643025398254,0.5523301959037781,0.4733865559101105,13.801284790039062,166.0,0.05145275592803955,14.492855072021484,73,,,,,,,,,,,,
,,120969,3.0,0.6815804243087769,0.8044666647911072,0.48787957429885864,0.46222931146621704,0.4646090865135193,13.190032958984375,361.0,2.6447646617889404,16.51637840270996,73,,,,,,,,,,,,
,,120979,3.0,0.5746411085128784,0.8489333391189575,0.5182830691337585,0.5548195242881775,0.5133723616600037,16.01959228515625,256.0,20.61651611328125,37.21074676513672,73,,,,,,,,,,,,
,,120989,3.0,0.5362197756767273,0.8284666538238525,0.5071980953216553,0.530970573425293,0.4888111352920532,10.894479751586914,218.0,0.5657588243484497,11.996458053588867,73,,,,,,,,,,,,
,,120999,3.0,0.5477851629257202,0.8411999940872192,0.4903663992881775,0.46170833706855774,0.46747660636901855,14.480718612670898,251.0,1.0093045234680176,16.03780746459961,73,,,,,,,,,,,,
,,121009,3.0,0.4880894720554352,0.8161333203315735,0.5052639842033386,0.5621433258056641,0.4690137207508087,7.914268493652344,87.0,0.2712829113006592,8.673641204833984,73,,,,,,,,,,,,
,,121019,3.0,0.3597956895828247,0.8759333491325378,0.5227063894271851,0.6064877510070801,0.5191028714179993,17.225574493408203,198.0,0.09484496712684631,17.68021583557129,73,,,,,,,,,,,,
,,121029,3.0,0.5437765121459961,0.8212666511535645,0.5118808746337891,0.5528717041015625,0.4937419295310974,19.383804321289062,348.0,0.798253059387207,20.725833892822266,73,,,,,,,,,,,,
,,121039,3.0,0.35567277669906616,0.8572666645050049,0.5130329132080078,0.6175938248634338,0.49410316348075867,6.319209098815918,102.0,2.4348201751708984,9.109702110290527,73,,,,,,,,,,,,
,,121049,3.0,0.5469229817390442,0.8244666457176208,0.4954430162906647,0.4832809567451477,0.47416386008262634,15.134615898132324,319.0,0.3169640004634857,15.998502731323242,73,,,,,,,,,,,,
,,121059,3.0,0.4611075520515442,0.8422666788101196,0.4915132224559784,0.4601360857486725,0.46625077724456787,6.121926307678223,217.0,4.3201003074646,10.9031343460083,73,,,,,,,,,,,,
,,121069,3.0,0.47757792472839355,0.8471333384513855,0.4891609251499176,0.4511772394180298,0.4641875624656677,19.300477981567383,269.0,5.996023178100586,25.774078369140625,73,,,,,,,,,,,,
,,121079,3.0,0.5694053173065186,0.8396666646003723,0.4923107326030731,0.44582900404930115,0.4605153799057007,8.448393821716309,131.0,0.4496380686759949,9.467437744140625,73,,,,,,,,,,,,
,,121089,3.0,0.5608826279640198,0.7872666716575623,0.4966643750667572,0.4551633596420288,0.4468885362148285,8.530496597290039,96.0,0.2611289620399475,9.352508544921875,73,,,,,,,,,,,,
,,121099,3.0,0.4860686659812927,0.8692666888237,0.5048486590385437,0.513355016708374,0.49773067235946655,13.106523513793945,339.0,3.2357523441314697,16.828344345092773,73,,,,,,,,,,,,
,,121109,3.0,0.408294141292572,0.8782666921615601,0.540229320526123,0.6484477519989014,0.5472257733345032,29.10100746154785,337.0,0.09622333198785782,29.605525970458984,73,,,,,,,,,,,,
,,121119,3.0,0.6398129463195801,0.7825333476066589,0.49839600920677185,0.48630791902542114,0.4542110860347748,10.558908462524414,149.0,0.2816252112388611,11.480345726013184,73,,,,,,,,,,,,
,,121129,3.0,0.36505481600761414,0.8622000217437744,0.5367968678474426,0.6440744400024414,0.5391066074371338,22.811880111694336,409.0,0.033412426710128784,23.21034812927246,73,,,,,,,,,,,,
,,121139,3.0,0.5326648950576782,0.8569333553314209,0.4984853267669678,0.4918752610683441,0.47717487812042236,6.76436185836792,135.0,30.093889236450195,37.39091491699219,73,,,,,,,,,,,,
,,121149,3.0,0.440421998500824,0.8483333587646484,0.4992368519306183,0.49573978781700134,0.47624534368515015,16.71365737915039,194.0,0.5443509817123413,17.69843101501465,73,,,,,,,,,,,,
,,121159,3.0,0.3762427270412445,0.8726000189781189,0.5050647854804993,0.5266897678375244,0.490254282951355,9.55892276763916,168.0,0.5004062056541443,10.435571670532227,73,,,,,,,,,,,,
,,121169,3.0,0.5479602813720703,0.8168666958808899,0.49186602234840393,0.4402585029602051,0.45459508895874023,21.08098602294922,270.0,0.03717469424009323,21.666120529174805,73,,,,,,,,,,,,
,,121179,3.0,0.556472659111023,0.808733344078064,0.49942588806152344,0.4931025207042694,0.4579122066497803,11.689056396484375,95.0,0.9235022664070129,13.169031143188477,73,,,,,,,,,,,,
,,121189,3.0,0.48806947469711304,0.8070666790008545,0.4896611273288727,0.4318021833896637,0.4510177671909332,14.340231895446777,210.0,0.7648440003395081,15.593145370483398,73,,,,,,,,,,,,
,,121199,3.0,0.4787968695163727,0.8550666570663452,0.5072169899940491,0.5401602983474731,0.48977625370025635,13.911856651306152,199.0,0.05660456418991089,14.447257995605469,73,,,,,,,,,,,,
,,121209,3.0,0.5544788241386414,0.8375333547592163,0.49203693866729736,0.4606279730796814,0.4653730094432831,16.76943016052246,273.0,0.3412550091743469,17.665164947509766,73,,,,,,,,,,,,
,,121219,3.0,0.6074155569076538,0.8193333148956299,0.5063177943229675,0.5281389951705933,0.48529282212257385,17.692508697509766,310.0,0.08149891346693039,18.381423950195312,73,,,,,,,,,,,,
,,121229,3.0,0.6607557535171509,0.8294000029563904,0.49076786637306213,0.45437783002853394,0.4621235728263855,8.89083194732666,202.0,1.4763002395629883,11.027888298034668,73,,,,,,,,,,,,
,,121239,3.0,0.47446927428245544,0.8064000010490417,0.5005254149436951,0.5054742097854614,0.4606233835220337,6.550004959106445,148.0,0.25485363602638245,7.279327869415283,73,,,,,,,,,,,,
,,121249,3.0,0.5020761489868164,0.833133339881897,0.5122569799423218,0.587033212184906,0.48978742957115173,24.16230010986328,229.0,0.013289421796798706,24.677663803100586,73,,,,,,,,,,,,
,,121259,3.0,0.5472057461738586,0.8331999778747559,0.5027940273284912,0.50932377576828,0.48776307702064514,13.731016159057617,213.0,2.7889089584350586,17.06713104248047,73,,,,,,,,,,,,
,,121269,3.0,0.41179507970809937,0.8607333302497864,0.5054818391799927,0.5482397675514221,0.4831080734729767,16.043716430664062,114.0,0.16228963434696198,16.617801666259766,73,,,,,,,,,,,,
,,121279,3.0,0.43792209029197693,0.8531333208084106,0.5205701589584351,0.6132192611694336,0.509879469871521,21.14347267150879,276.0,0.03118363954126835,21.612577438354492,73,,,,,,,,,,,,
,,121289,3.0,0.41060885787010193,0.862933337688446,0.5074736475944519,0.528221070766449,0.49659159779548645,15.026083946228027,220.0,7.623361110687256,23.060054779052734,73,,,,,,,,,,,,
,,121299,3.0,0.5505341291427612,0.7960666418075562,0.5074712038040161,0.557236909866333,0.4726346433162689,16.467187881469727,239.0,0.38372811675071716,17.40144920349121,73,,,,,,,,,,,,
,,121309,3.0,0.5425810813903809,0.8500000238418579,0.5014948844909668,0.5090025663375854,0.4789659380912781,15.511948585510254,261.0,0.19482120871543884,16.24934959411621,73,,,,,,,,,,,,
,,121319,3.0,0.3211822807788849,0.8597333431243896,0.49819961190223694,0.47957664728164673,0.46881723403930664,6.728397369384766,75.0,0.346569687128067,7.396149158477783,73,,,,,,,,,,,,
,,121329,3.0,0.7306603789329529,0.8007333278656006,0.49201399087905884,0.46587711572647095,0.4621921181678772,12.466642379760742,298.0,1.7262299060821533,14.923532485961914,73,,,,,,,,,,,,
,,121339,3.0,0.5052821636199951,0.8048666715621948,0.5024570226669312,0.5321527123451233,0.4606776237487793,15.798990249633789,112.0,0.029210977256298065,16.33348274230957,73,,,,,,,,,,,,
,,121349,3.0,0.6301615834236145,0.7955333590507507,0.49392855167388916,0.4380784332752228,0.4481576383113861,6.520336627960205,91.0,1.7305713891983032,8.881070137023926,73,,,,,,,,,,,,
,,121359,3.0,0.35082170367240906,0.868066668510437,0.4979245066642761,0.4746758043766022,0.46966448426246643,5.222957611083984,99.0,0.8191608190536499,6.392940044403076,73,,,,,,,,,,,,
,,121369,3.0,0.3976478576660156,0.869533360004425,0.5089821815490723,0.5520118474960327,0.49474555253982544,18.620573043823242,163.0,0.18579153716564178,19.204011917114258,73,,,,,,,,,,,,
,,121379,3.0,0.7029708623886108,0.8290666937828064,0.5306545495986938,0.5990004539489746,0.5268665552139282,11.418489456176758,421.0,7.847657680511475,19.969118118286133,73,,,,,,,,,,,,
,,121389,3.0,0.3191051185131073,0.8777333498001099,0.4991593658924103,0.48190784454345703,0.4706794023513794,5.08560037612915,26.0,0.15250259637832642,5.557208061218262,73,,,,,,,,,,,,
,,121399,3.0,0.37472304701805115,0.9131333231925964,0.5386222004890442,0.5660492777824402,0.5465284585952759,19.120424270629883,277.0,2.647387981414795,22.142536163330078,73,,,,,,,,,,,,
,,121409,3.0,0.4855608642101288,0.8685333132743835,0.501119077205658,0.5036036372184753,0.4901926517486572,13.522171020507812,227.0,6.8292646408081055,20.83699607849121,73,,,,,,,,,,,,
,,121419,3.0,0.431034117937088,0.8324666619300842,0.49641939997673035,0.46127572655677795,0.4601360559463501,15.94565486907959,143.0,0.17742933332920074,16.554119110107422,73,,,,,,,,,,,,
,,121429,3.0,0.53438800573349,0.8396000266075134,0.5014997124671936,0.5257138013839722,0.4661075472831726,5.254182815551758,57.0,1.982542634010315,7.771113395690918,73,,,,,,,,,,,,
,,121439,3.0,0.7409977912902832,0.7540666460990906,0.4966054856777191,0.47217079997062683,0.44507819414138794,17.818330764770508,209.0,0.30268731713294983,18.862014770507812,73,,,,,,,,,,,,
,,121449,3.0,0.33430150151252747,0.8841999769210815,0.4971344470977783,0.48807957768440247,0.4826638698577881,11.116241455078125,189.0,2.3090014457702637,13.759544372558594,73,,,,,,,,,,,,
,,121459,3.0,0.6991279125213623,0.7969333529472351,0.49327293038368225,0.46323221921920776,0.4579618275165558,14.853046417236328,239.0,2.485337972640991,18.037511825561523,73,,,,,,,,,,,,
,,121469,3.0,0.35258713364601135,0.8655999898910522,0.4980437159538269,0.4342765510082245,0.46397942304611206,7.532463550567627,28.0,1.6832789182662964,9.568329811096191,73,,,,,,,,,,,,
,,121479,3.0,0.6051570773124695,0.8279333114624023,0.4983436167240143,0.48771414160728455,0.46674272418022156,11.594268798828125,182.0,3.882289409637451,16.081714630126953,73,,,,,,,,,,,,
,,121489,3.0,0.6488544940948486,0.8321999907493591,0.48655465245246887,0.45156753063201904,0.4627250134944916,12.367469787597656,221.0,1.0999274253845215,14.116250991821289,73,,,,,,,,,,,,
,,121499,3.0,0.3725373148918152,0.8627333045005798,0.4982135593891144,0.4664361774921417,0.4660358130931854,5.834047317504883,43.0,0.07109694182872772,6.277681350708008,73,,,,,,,,,,,,
,,121509,3.0,0.4935302734375,0.8425999879837036,0.5098567008972168,0.5409278273582458,0.495667427778244,17.406465530395508,237.0,1.9927558898925781,19.892751693725586,73,,,,,,,,,,,,
,,121519,3.0,0.4714251756668091,0.8395333290100098,0.5230069160461426,0.6200224161148071,0.5113163590431213,22.179664611816406,235.0,3.513350486755371,26.164440155029297,73,,,,,,,,,,,,
,,121529,3.0,0.41990846395492554,0.8373333215713501,0.5030252933502197,0.5231012105941772,0.475631445646286,16.973493576049805,153.0,0.23375006020069122,17.627151489257812,73,,,,,,,,,,,,
,,121539,3.0,0.6682994365692139,0.7986666560173035,0.49630290269851685,0.48639410734176636,0.4714908003807068,14.288422584533691,290.0,1.763376235961914,16.7200984954834,73,,,,,,,,,,,,
,,121549,3.0,0.3028120994567871,0.8750666379928589,0.4965240955352783,0.4598572254180908,0.4693277180194855,12.98230266571045,108.0,0.004760644864290953,13.289875030517578,73,,,,,,,,,,,,
,,121559,3.0,0.5172361731529236,0.840666651725769,0.49559348821640015,0.47341179847717285,0.4680778682231903,9.741986274719238,169.0,2.180457592010498,12.439680099487305,73,,,,,,,,,,,,
,,121569,3.0,0.6662352681159973,0.8098000288009644,0.49984702467918396,0.4993019104003906,0.4736928343772888,11.309502601623535,301.0,1.4606367349624634,13.43637466430664,73,,,,,,,,,,,,
,,121579,3.0,0.39167943596839905,0.8686666488647461,0.5046747326850891,0.5470417141914368,0.4823983609676361,14.854866981506348,98.0,0.9746190905570984,16.221166610717773,73,,,,,,,,,,,,
,,121589,3.0,0.5493527054786682,0.8367999792098999,0.5164728164672852,0.5482540130615234,0.5096710324287415,16.99773406982422,376.0,5.65239143371582,23.199478149414062,73,,,,,,,,,,,,
,,121599,3.0,0.3623124361038208,0.8693333268165588,0.5151923894882202,0.5747784376144409,0.5060276985168457,24.979352951049805,220.0,0.08774028718471527,25.429405212402344,73,,,,,,,,,,,,
,,121609,3.0,0.4332042634487152,0.8587999939918518,0.4967990815639496,0.43178921937942505,0.46201851963996887,5.837109088897705,41.0,0.10932306200265884,6.379636287689209,73,,,,,,,,,,,,
,,121619,3.0,0.5455875396728516,0.8303999900817871,0.5010474920272827,0.5049481391906738,0.4784627854824066,19.520383834838867,220.0,0.7766010761260986,20.842573165893555,73,,,,,,,,,,,,
,,121629,3.0,0.8725915551185608,0.7818666696548462,0.48758023977279663,0.4395821988582611,0.4493910074234009,9.525327682495117,349.0,2.840801477432251,13.238720893859863,73,,,,,,,,,,,,
,,121639,3.0,0.4021546244621277,0.8846666812896729,0.5196083784103394,0.5606362819671631,0.519140899181366,12.503296852111816,179.0,14.139578819274902,27.04503059387207,73,,,,,,,,,,,,
,,121649,3.0,0.3413732945919037,0.8806666731834412,0.5014463663101196,0.5595719814300537,0.4732312858104706,5.437620639801025,23.0,0.008343491703271866,5.787337779998779,73,,,,,,,,,,,,
,,121659,3.0,0.8634253144264221,0.8038666844367981,0.5128929018974304,0.5581281185150146,0.4915691614151001,13.568418502807617,244.0,10.465911865234375,24.897754669189453,73,,,,,,,,,,,,
,,121669,3.0,0.5423681735992432,0.8025333285331726,0.4968911409378052,0.477236807346344,0.4591580629348755,13.116409301757812,124.0,2.685251235961914,16.34402847290039,73,,,,,,,,,,,,
,,121679,3.0,0.4301639795303345,0.8433333039283752,0.49716177582740784,0.4829547703266144,0.4710617959499359,7.992072582244873,154.0,3.954197406768799,12.376434326171875,73,,,,,,,,,,,,
,,121689,3.0,0.5141285061836243,0.8649333119392395,0.48909735679626465,0.4621570408344269,0.471044659614563,8.840221405029297,205.0,5.02144718170166,14.375797271728516,73,,,,,,,,,,,,
,,121699,3.0,0.5914734601974487,0.8016666769981384,0.5016249418258667,0.5389540791511536,0.453762024641037,13.026646614074707,65.0,0.027135392650961876,13.645256042480469,73,,,,,,,,,,,,
,,121709,3.0,0.31078600883483887,0.8884000182151794,0.5124150514602661,0.5801019072532654,0.5027319192886353,29.717214584350586,213.0,0.010050450451672077,30.038049697875977,73,,,,,,,,,,,,
,,121719,3.0,0.6804458498954773,0.7793333530426025,0.5021674036979675,0.5091519355773926,0.47303012013435364,10.722874641418457,254.0,6.1979875564575195,17.601306915283203,73,,,,,,,,,,,,
,,121729,3.0,0.4079708755016327,0.8557999730110168,0.5290769934654236,0.6332082748413086,0.5251352190971375,32.76109313964844,345.0,0.17546075582504272,33.34452438354492,73,,,,,,,,,,,,
,,121739,3.0,0.41015809774398804,0.8861333131790161,0.5078378915786743,0.5237205028533936,0.5025089979171753,21.585338592529297,366.0,0.21755728125572205,22.213054656982422,73,,,,,,,,,,,,
,,121749,3.0,0.5030248761177063,0.8090000152587891,0.5038356781005859,0.5257262587547302,0.47241219878196716,15.977347373962402,179.0,0.3740426301956177,16.854413986206055,73,,,,,,,,,,,,
,,121759,3.0,0.5759274363517761,0.7956666946411133,0.5189308524131775,0.5895559191703796,0.49744197726249695,34.306610107421875,447.0,0.08759982883930206,34.97013854980469,73,,,,,,,,,,,,
,,121769,3.0,0.40165776014328003,0.8634666800498962,0.5174532532691956,0.5624596476554871,0.5119711756706238,24.11251449584961,367.0,0.22228790819644928,24.736459732055664,73,,,,,,,,,,,,
,,121779,3.0,0.4446362555027008,0.8587999939918518,0.5293466448783875,0.6497238874435425,0.525073230266571,16.749683380126953,171.0,0.20596843957901,17.400287628173828,73,,,,,,,,,,,,
,,121789,3.0,0.5369032025337219,0.8424000144004822,0.4983830749988556,0.4789126515388489,0.4638579189777374,9.67896556854248,94.0,0.018588025122880936,10.234457015991211,73,,,,,,,,,,,,
,,121799,3.0,0.5302706956863403,0.8036666512489319,0.4970874786376953,0.4664527177810669,0.4534958004951477,6.17222785949707,104.0,0.5953291058540344,7.29782772064209,73,,,,,,,,,,,,
,,121809,3.0,0.3963575065135956,0.8600666522979736,0.5064674615859985,0.5459702014923096,0.48670631647109985,8.92465877532959,108.0,0.9951171875,10.316133499145508,73,,,,,,,,,,,,
,,121819,3.0,0.5624045133590698,0.8432000279426575,0.5029865503311157,0.5135456323623657,0.4842090606689453,14.099448204040527,217.0,2.2731261253356934,16.934978485107422,73,,,,,,,,,,,,
,,121829,3.0,0.45474621653556824,0.8339999914169312,0.5025535225868225,0.5257222652435303,0.4709221422672272,9.468533515930176,118.0,0.9160804748535156,10.839360237121582,73,,,,,,,,,,,,
,,121839,3.0,0.3058018088340759,0.8758000135421753,0.5030940175056458,0.5221878290176392,0.48442137241363525,18.972719192504883,143.0,0.17144963145256042,19.449970245361328,73,,,,,,,,,,,,
,,121849,3.0,0.5647403001785278,0.8091999888420105,0.4955098330974579,0.4780809283256531,0.4658808410167694,15.113927841186523,351.0,0.42111340165138245,16.099781036376953,73,,,,,,,,,,,,
,,121859,3.0,0.7452532052993774,0.7865999937057495,0.4844750761985779,0.4401590824127197,0.4517037272453308,13.088133811950684,264.0,6.4278693199157715,20.26125717163086,73,,,,,,,,,,,,
,,121869,3.0,0.5082657337188721,0.8461333513259888,0.5125475525856018,0.5365099906921387,0.50541090965271,14.421826362609863,228.0,9.607542037963867,24.537633895874023,73,,,,,,,,,,,,
,,121879,3.0,0.6570656299591064,0.791866660118103,0.4978005290031433,0.4904249906539917,0.46850529313087463,11.268393516540527,292.0,4.91834020614624,16.843799591064453,73,,,,,,,,,,,,
,,121889,3.0,0.7700363993644714,0.7694666385650635,0.5138953924179077,0.5472683906555176,0.49263256788253784,15.416873931884766,289.0,29.42486572265625,45.611778259277344,73,,,,,,,,,,,,
,,121899,3.0,0.48157334327697754,0.8392666578292847,0.49973127245903015,0.49849578738212585,0.47529885172843933,18.703044891357422,210.0,0.4357224106788635,19.62034034729004,73,,,,,,,,,,,,
,,121909,3.0,0.35824963450431824,0.8862000107765198,0.5047353506088257,0.588455080986023,0.4829047620296478,4.548581600189209,57.0,0.02836751751601696,4.935198783874512,73,,,,,,,,,,,,
,,121919,3.0,0.4048607647418976,0.878000020980835,0.52101069688797,0.592497706413269,0.5174291729927063,19.25135040283203,213.0,2.2451744079589844,21.901386260986328,73,,,,,,,,,,,,
,,121929,3.0,0.6976363062858582,0.7780666947364807,0.5005730986595154,0.5170020461082458,0.4440106451511383,8.092397689819336,66.0,0.7085488438606262,9.49858283996582,73,,,,,,,,,,,,
,,121939,3.0,0.6823925971984863,0.7820666432380676,0.5021774768829346,0.520435094833374,0.4582342207431793,13.787921905517578,146.0,2.3414318561553955,16.81174659729004,73,,,,,,,,,,,,
,,121949,3.0,0.7602410912513733,0.8181999921798706,0.4759822487831116,0.4421294629573822,0.4564540982246399,9.845149993896484,344.0,5.984279155731201,16.589670181274414,73,,,,,,,,,,,,
,,121959,3.0,0.6059096455574036,0.8258000016212463,0.4934598207473755,0.4700675904750824,0.46700844168663025,15.088849067687988,180.0,9.338147163391113,25.03290557861328,73,,,,,,,,,,,,
,,121969,3.0,0.43042853474617004,0.8690000176429749,0.4944595992565155,0.47800368070602417,0.4772988557815552,7.387585163116455,226.0,0.3639419674873352,8.181955337524414,73,,,,,,,,,,,,
,,121979,3.0,0.5611782073974609,0.7978000044822693,0.49818867444992065,0.47788962721824646,0.4530254602432251,8.7177734375,82.0,0.7066393494606018,9.985590934753418,73,,,,,,,,,,,,
,,121989,3.0,0.6368334889411926,0.8257333040237427,0.49346286058425903,0.48000186681747437,0.4753913879394531,11.520051956176758,310.0,0.615808367729187,12.772693634033203,73,,,,,,,,,,,,
,,121999,3.0,0.4014767110347748,0.8345999717712402,0.5067430734634399,0.5503847002983093,0.4810408055782318,10.143686294555664,115.0,3.3568971157073975,13.902060508728027,73,,,,,,,,,,,,
,,122009,3.0,0.292667955160141,0.8868666887283325,0.5162497162818909,0.6304594278335571,0.5069737434387207,9.70104694366455,115.0,0.3947605788707733,10.38847541809082,73,,,,,,,,,,,,
,,122019,3.0,0.36586013436317444,0.8755333423614502,0.5124168395996094,0.5317291617393494,0.50968337059021,13.810073852539062,369.0,0.18779030442237854,14.363723754882812,73,,,,,,,,,,,,
,,122029,3.0,0.4583566188812256,0.8731333613395691,0.5162286162376404,0.5568780899047852,0.5117255449295044,13.860093116760254,224.0,6.35746955871582,20.675918579101562,73,,,,,,,,,,,,
,,122039,3.0,0.4948684871196747,0.854533314704895,0.4947761595249176,0.47496479749679565,0.47277963161468506,11.455491065979004,205.0,0.37269824743270874,12.323057174682617,73,,,,,,,,,,,,
,,122049,3.0,0.7496771216392517,0.8298666477203369,0.5012407302856445,0.5023379325866699,0.4957578182220459,15.266996383666992,350.0,16.817140579223633,32.83381652832031,73,,,,,,,,,,,,
,,122059,3.0,0.5328596830368042,0.8119999766349792,0.515539824962616,0.5599427223205566,0.4998669922351837,12.63550853729248,393.0,0.32159656286239624,13.489964485168457,73,,,,,,,,,,,,
,,122069,3.0,0.5365926623344421,0.8414000272750854,0.5049626231193542,0.5146904587745667,0.493973046541214,13.708179473876953,374.0,0.9898261427879333,15.234598159790039,73,,,,,,,,,,,,
,,122079,3.0,0.6142496466636658,0.828000009059906,0.4993364214897156,0.4979698956012726,0.4839070737361908,15.799751281738281,344.0,3.510673999786377,19.92467498779297,73,,,,,,,,,,,,
,,122089,3.0,0.4099721908569336,0.8459333181381226,0.5014501810073853,0.5253525972366333,0.4675440490245819,6.658729553222656,47.0,0.2599465548992157,7.328648090362549,73,,,,,,,,,,,,
,,122099,3.0,0.5997753739356995,0.8308666944503784,0.5193387866020203,0.5837866067886353,0.5067958235740662,14.802928924560547,246.0,0.5514933466911316,15.954197883605957,73,,,,,,,,,,,,
,,122109,3.0,0.5199174880981445,0.8618000149726868,0.4971281886100769,0.48606353998184204,0.47732269763946533,23.905202865600586,245.0,0.39856135845184326,24.82368278503418,73,,,,,,,,,,,,
,,122119,3.0,0.5146185159683228,0.837933361530304,0.49543213844299316,0.4697214365005493,0.46590709686279297,6.419325828552246,120.0,2.121738910675049,9.055683135986328,73,,,,,,,,,,,,
,,122129,3.0,0.39624255895614624,0.8435333371162415,0.49126124382019043,0.4367699921131134,0.4592496156692505,10.878235816955566,216.0,0.07892433553934097,11.353402137756348,73,,,,,,,,,,,,
,,122139,3.0,0.5822826623916626,0.8510666489601135,0.4937678277492523,0.4748503267765045,0.47360315918922424,18.41669464111328,258.0,0.23608356714248657,19.235061645507812,73,,,,,,,,,,,,
,,122149,3.0,0.3133789002895355,0.8939999938011169,0.4968858063220978,0.4841575026512146,0.48124656081199646,19.66107749938965,157.0,0.6250293254852295,20.599485397338867,73,,,,,,,,,,,,
,,122159,3.0,0.38570117950439453,0.867733359336853,0.498517245054245,0.4643383324146271,0.4665895700454712,8.169306755065918,30.0,0.0796772688627243,8.634685516357422,73,,,,,,,,,,,,
,,122169,3.0,0.48940393328666687,0.8592666387557983,0.49975794553756714,0.4994196593761444,0.49181491136550903,14.34796142578125,329.0,2.397679567337036,17.235044479370117,73,,,,,,,,,,,,
1.54982143312659e-05,0.000154982143312659,122173,,,,,,,,,,,,,,,,,,,,,,,
,,122179,3.0,0.42849427461624146,0.8720666766166687,0.4948759078979492,0.47009965777397156,0.47298744320869446,23.47998809814453,234.0,0.07531940937042236,23.983800888061523,74,,,,,,,,,,,,
,,122189,3.0,0.4182828366756439,0.8218666911125183,0.5046265125274658,0.5948193669319153,0.4651542901992798,4.74923849105835,71.0,0.4305211305618286,5.5980424880981445,74,,,,,,,,,,,,
,,122199,3.0,0.5284548401832581,0.7785333395004272,0.4926975965499878,0.4362611770629883,0.444460391998291,11.418606758117676,122.0,1.2619197368621826,13.20898151397705,74,,,,,,,,,,,,
,,122209,3.0,0.5456560254096985,0.8055333495140076,0.5010558366775513,0.5060288310050964,0.47030097246170044,18.163450241088867,238.0,0.11846109479665756,18.82756805419922,74,,,,,,,,,,,,
,,122219,3.0,0.5101351141929626,0.8425999879837036,0.49106064438819885,0.4660838842391968,0.4695872664451599,10.182982444763184,212.0,9.484551429748535,20.177669525146484,74,,,,,,,,,,,,
,,122229,3.0,0.4434429109096527,0.859666645526886,0.49722525477409363,0.4746762216091156,0.46925434470176697,6.806238651275635,87.0,0.15907974541187286,7.408761024475098,74,,,,,,,,,,,,
,,122239,3.0,0.4052637815475464,0.8547333478927612,0.4978906810283661,0.48537495732307434,0.4724195599555969,8.833918571472168,218.0,2.7656002044677734,12.004782676696777,74,,,,,,,,,,,,
,,122249,3.0,0.3766847252845764,0.8596000075340271,0.4954048693180084,0.47536516189575195,0.47287532687187195,9.040480613708496,154.0,0.9078792929649353,10.325044631958008,74,,,,,,,,,,,,
,,122259,3.0,0.5734872221946716,0.8442000150680542,0.5252274870872498,0.5648037195205688,0.5242612361907959,14.53073501586914,333.0,3.728238821029663,18.832460403442383,74,,,,,,,,,,,,
,,122269,3.0,0.5966617465019226,0.8172666430473328,0.4969989061355591,0.4877470135688782,0.4731066823005676,9.692071914672852,292.0,0.8748762607574463,11.163609504699707,74,,,,,,,,,,,,
,,122279,3.0,0.40183672308921814,0.8708000183105469,0.5182527303695679,0.6486969590187073,0.5064470171928406,12.669942855834961,109.0,0.23398330807685852,13.30576229095459,74,,,,,,,,,,,,
,,122289,3.0,0.4830395579338074,0.8750666379928589,0.5052040219306946,0.5231665372848511,0.4928511679172516,21.1722412109375,299.0,0.08688875287771225,21.742170333862305,74,,,,,,,,,,,,
,,122299,3.0,0.4579269289970398,0.824733316898346,0.49425649642944336,0.4486455023288727,0.45719465613365173,17.86610984802246,184.0,0.001559917931444943,18.325597763061523,74,,,,,,,,,,,,
,,122309,3.0,0.6704766154289246,0.7970666885375977,0.4985566735267639,0.49289974570274353,0.4678768217563629,16.805042266845703,244.0,0.8988171815872192,18.37433624267578,74,,,,,,,,,,,,
,,122319,3.0,0.37506958842277527,0.8733999729156494,0.5177851319313049,0.5810528993606567,0.5114574432373047,17.764923095703125,177.0,0.7545984983444214,18.894590377807617,74,,,,,,,,,,,,
,,122329,3.0,0.6339148879051208,0.8295333385467529,0.4881952106952667,0.4589075744152069,0.4655127227306366,12.493958473205566,373.0,4.624231338500977,17.752105712890625,74,,,,,,,,,,,,
,,122339,3.0,0.37445834279060364,0.8734666705131531,0.5043854117393494,0.5233343839645386,0.4892348051071167,14.102649688720703,149.0,0.6640298962593079,15.141138076782227,74,,,,,,,,,,,,
,,122349,3.0,0.557482898235321,0.871999979019165,0.48309704661369324,0.4524010121822357,0.4668465852737427,10.02685260772705,333.0,1.1413594484329224,11.72569465637207,74,,,,,,,,,,,,
,,122359,3.0,0.6727810502052307,0.8286666870117188,0.502612829208374,0.5072168111801147,0.4905618727207184,18.571535110473633,341.0,1.4032213687896729,20.647537231445312,74,,,,,,,,,,,,
,,122369,3.0,0.37846052646636963,0.8758000135421753,0.5003169178962708,0.5026752948760986,0.4783787131309509,8.457501411437988,94.0,1.175223708152771,10.011185646057129,74,,,,,,,,,,,,
,,122379,3.0,0.36523520946502686,0.8796666860580444,0.5167332291603088,0.6428282260894775,0.5057122707366943,9.938616752624512,80.0,0.9130899310112,11.216941833496094,74,,,,,,,,,,,,
,,122389,3.0,0.48021629452705383,0.8687999844551086,0.4925497770309448,0.47852376103401184,0.47961485385894775,10.079000473022461,220.0,4.5739030838012695,15.133119583129883,74,,,,,,,,,,,,
,,122399,3.0,0.5379747152328491,0.8035333156585693,0.49603915214538574,0.45150497555732727,0.45116710662841797,5.859864711761475,100.0,0.7703959345817566,7.1682353019714355,74,,,,,,,,,,,,
,,122409,3.0,0.5178101658821106,0.829800009727478,0.5082477331161499,0.5645142197608948,0.48167452216148376,10.713726043701172,212.0,0.10391277074813843,11.335448265075684,74,,,,,,,,,,,,
,,122419,3.0,0.6451044082641602,0.8239333629608154,0.49229785799980164,0.4711393117904663,0.46910184621810913,20.587966918945312,378.0,0.13661260902881622,21.36968231201172,74,,,,,,,,,,,,
,,122429,3.0,0.38039472699165344,0.8930000066757202,0.5014949440956116,0.5079077482223511,0.48795899748802185,18.569183349609375,141.0,0.6805946826934814,19.630172729492188,74,,,,,,,,,,,,
,,122439,3.0,0.28274035453796387,0.8777333498001099,0.5071738362312317,0.5940848588943481,0.4867492914199829,21.08761978149414,96.0,0.17423951625823975,21.544599533081055,74,,,,,,,,,,,,
,,122449,3.0,0.34030619263648987,0.8844666481018066,0.49771273136138916,0.49329596757888794,0.48815035820007324,12.962424278259277,315.0,0.15575744211673737,13.458488464355469,74,,,,,,,,,,,,
,,122459,3.0,0.4757204055786133,0.8430666923522949,0.4997066557407379,0.49808305501937866,0.47373634576797485,36.14616394042969,252.0,0.7651011943817139,37.386985778808594,74,,,,,,,,,,,,
,,122469,3.0,0.32232415676116943,0.8777999877929688,0.51459139585495,0.5659284591674805,0.5074165463447571,8.020955085754395,179.0,1.1026657819747925,9.445944786071777,74,,,,,,,,,,,,
,,122479,3.0,0.4776613712310791,0.8503333330154419,0.5162615776062012,0.5844714641571045,0.5034916400909424,10.5751953125,184.0,1.8393925428390503,12.89224910736084,74,,,,,,,,,,,,
,,122489,3.0,0.38610145449638367,0.8802000284194946,0.51521897315979,0.6107053756713867,0.5045973062515259,17.138103485107422,151.0,0.0386982187628746,17.562902450561523,74,,,,,,,,,,,,
,,122499,3.0,0.5195877552032471,0.8235999941825867,0.4945499002933502,0.4626530408859253,0.4611787796020508,16.239238739013672,221.0,3.822946071624756,20.58177375793457,74,,,,,,,,,,,,
,,122509,3.0,0.49689215421676636,0.8293333053588867,0.4974394738674164,0.47569894790649414,0.46247348189353943,16.041357040405273,164.0,0.07390513271093369,16.61215591430664,74,,,,,,,,,,,,
,,122519,3.0,0.3272901475429535,0.8772666454315186,0.497262179851532,0.44715413451194763,0.4678508937358856,6.828315734863281,71.0,0.003230410860851407,7.158836364746094,74,,,,,,,,,,,,
,,122529,3.0,0.4425753057003021,0.888866662979126,0.5108081698417664,0.540629506111145,0.5050702095031738,15.702019691467285,192.0,1.2003198862075806,17.344913482666016,74,,,,,,,,,,,,
,,122539,3.0,0.48273542523384094,0.8632000088691711,0.5035878419876099,0.5140974521636963,0.4903222322463989,15.598493576049805,233.0,15.463515281677246,31.544742584228516,74,,,,,,,,,,,,
,,122549,3.0,0.25088509917259216,0.9091333150863647,0.5005226135253906,0.5042482018470764,0.4855397343635559,11.166572570800781,69.0,1.2017356157302856,12.619193077087402,74,,,,,,,,,,,,
,,122559,3.0,0.6010131239891052,0.7800666689872742,0.49396321177482605,0.4562486410140991,0.44987544417381287,10.587937355041504,147.0,2.629162073135376,13.81811237335205,74,,,,,,,,,,,,
,,122569,3.0,0.48567578196525574,0.8718000054359436,0.510774552822113,0.5497183203697205,0.5004114508628845,15.59139347076416,260.0,0.17192961275577545,16.248998641967773,74,,,,,,,,,,,,
,,122579,3.0,0.6098253130912781,0.8067333102226257,0.5034083127975464,0.5199551582336426,0.4735696017742157,13.844758987426758,221.0,0.2205282300710678,14.6751127243042,74,,,,,,,,,,,,
,,122589,3.0,0.5388758182525635,0.8118000030517578,0.49417200684547424,0.4571057856082916,0.45700663328170776,10.848906517028809,184.0,17.478979110717773,28.86676025390625,74,,,,,,,,,,,,
,,122599,3.0,0.3654799461364746,0.8583333492279053,0.5065968632698059,0.584274411201477,0.48121365904808044,10.474422454833984,80.0,1.8338046073913574,12.673707962036133,74,,,,,,,,,,,,
,,122609,3.0,0.3745521903038025,0.8446000218391418,0.5014300346374512,0.5088143348693848,0.47750788927078247,17.73051643371582,198.0,0.927904486656189,19.03297233581543,74,,,,,,,,,,,,
,,122619,3.0,0.5375204682350159,0.8164666891098022,0.4993957281112671,0.4823121428489685,0.4534038305282593,8.386334419250488,32.0,1.0552716255187988,9.9791259765625,74,,,,,,,,,,,,
,,122629,3.0,0.5008507370948792,0.8361333608627319,0.49240022897720337,0.4442434310913086,0.4593803286552429,14.604575157165527,206.0,0.10317356884479523,15.208599090576172,74,,,,,,,,,,,,
,,122639,3.0,0.5219318270683289,0.840399980545044,0.5071790218353271,0.5312864184379578,0.49060291051864624,18.969314575195312,258.0,0.971351146697998,20.46259880065918,74,,,,,,,,,,,,
,,122649,3.0,0.6514876484870911,0.8100000023841858,0.4978164732456207,0.4718959331512451,0.45503056049346924,19.534332275390625,94.0,0.3037665784358978,20.489585876464844,74,,,,,,,,,,,,
,,122659,3.0,0.5287334322929382,0.8517333269119263,0.5116395354270935,0.564299464225769,0.49599331617355347,12.369868278503418,220.0,0.11255508661270142,13.011157035827637,74,,,,,,,,,,,,
,,122669,3.0,0.49111929535865784,0.8285333514213562,0.5004172325134277,0.5024656057357788,0.47343191504478455,12.138303756713867,150.0,2.149794101715088,14.779216766357422,74,,,,,,,,,,,,
,,122679,3.0,0.481460839509964,0.8234666585922241,0.5008300542831421,0.5040224194526672,0.4764525890350342,14.310739517211914,328.0,0.09978871047496796,14.891988754272461,74,,,,,,,,,,,,
,,122689,3.0,0.6087121963500977,0.8258666396141052,0.4829813241958618,0.4408274292945862,0.45756909251213074,17.376611709594727,335.0,1.1336125135421753,19.11893653869629,74,,,,,,,,,,,,
,,122699,3.0,0.7168492078781128,0.8119333386421204,0.4930441081523895,0.46242520213127136,0.4607422947883606,8.465686798095703,285.0,4.661006927490234,13.84354305267334,74,,,,,,,,,,,,
,,122709,3.0,0.5284146070480347,0.8382666707038879,0.5007075667381287,0.5031847357749939,0.480124294757843,12.128585815429688,217.0,0.6009697914123535,13.257970809936523,74,,,,,,,,,,,,
,,122719,3.0,0.9938743710517883,0.732200026512146,0.47875121235847473,0.43168920278549194,0.44114866852760315,11.256464958190918,375.0,9.164895057678223,21.415233612060547,74,,,,,,,,,,,,
,,122729,3.0,0.3567676842212677,0.8693333268165588,0.5007193088531494,0.5088411569595337,0.4745120108127594,19.365234375,93.0,0.9836711287498474,20.705673217773438,74,,,,,,,,,,,,
,,122739,3.0,0.6457917094230652,0.8123999834060669,0.49557653069496155,0.47118401527404785,0.46124911308288574,8.95151138305664,134.0,3.738128900527954,13.335432052612305,74,,,,,,,,,,,,
,,122749,3.0,0.463887095451355,0.8521999716758728,0.4941057860851288,0.4786408543586731,0.47614508867263794,13.756455421447754,304.0,0.13875789940357208,14.359100341796875,74,,,,,,,,,,,,
,,122759,3.0,0.43623852729797363,0.887666642665863,0.49334049224853516,0.4774191975593567,0.4800991714000702,7.911674976348877,271.0,0.4222758114337921,8.77018928527832,74,,,,,,,,,,,,
,,122769,3.0,0.5882087349891663,0.840666651725769,0.48965442180633545,0.4444466829299927,0.46083658933639526,15.271364212036133,261.0,0.05401849374175072,15.913591384887695,74,,,,,,,,,,,,
,,122779,3.0,0.4880293905735016,0.852066695690155,0.5072540044784546,0.532387912273407,0.49228838086128235,13.28862476348877,302.0,0.847684383392334,14.624338150024414,74,,,,,,,,,,,,
,,122789,3.0,0.3166639506816864,0.888533353805542,0.5136243104934692,0.6231223344802856,0.5022842288017273,13.58727741241455,145.0,0.0031953691504895687,13.907136917114258,74,,,,,,,,,,,,
,,122799,3.0,0.44204291701316833,0.8477333188056946,0.4957965612411499,0.44794613122940063,0.46139177680015564,13.295429229736328,80.0,0.3912402093410492,14.12871265411377,74,,,,,,,,,,,,
,,122809,3.0,0.40115153789520264,0.8658000230789185,0.4963107109069824,0.47165152430534363,0.47086024284362793,13.143497467041016,91.0,0.6124645471572876,14.157114028930664,74,,,,,,,,,,,,
,,122819,3.0,0.3362804055213928,0.8915333151817322,0.5024241805076599,0.5348624587059021,0.48152878880500793,5.316402912139893,64.0,0.3204233646392822,5.973106384277344,74,,,,,,,,,,,,
,,122829,3.0,0.48191186785697937,0.8528666496276855,0.5231910943984985,0.6031996011734009,0.516184389591217,11.49681282043457,249.0,2.0295395851135254,14.008264541625977,74,,,,,,,,,,,,
,,122839,3.0,0.4239370822906494,0.8512666821479797,0.5061691403388977,0.550794243812561,0.4827592372894287,22.44656753540039,206.0,0.03891956806182861,22.909423828125,74,,,,,,,,,,,,
,,122849,3.0,0.3804740309715271,0.8393333554267883,0.5017175674438477,0.5122186541557312,0.47494542598724365,16.26700210571289,147.0,2.837916612625122,19.485393524169922,74,,,,,,,,,,,,
,,122859,3.0,0.6105765700340271,0.8294000029563904,0.49234136939048767,0.4654332995414734,0.4661993682384491,13.558194160461426,225.0,3.821469783782959,17.9902400970459,74,,,,,,,,,,,,
,,122869,3.0,0.49473798274993896,0.8493333458900452,0.5022665858268738,0.5129919052124023,0.480706125497818,19.58673858642578,158.0,5.206626892089844,25.288103103637695,74,,,,,,,,,,,,
,,122879,3.0,0.30862998962402344,0.883400022983551,0.49841442704200745,0.45297738909721375,0.46961426734924316,3.598716974258423,19.0,0.12654143571853638,4.033888339996338,74,,,,,,,,,,,,
,,122889,3.0,0.33925944566726685,0.8656666874885559,0.5059117078781128,0.5256416201591492,0.49282383918762207,17.109981536865234,262.0,0.1567203849554062,17.6059627532959,74,,,,,,,,,,,,
,,122899,3.0,0.6456630825996399,0.8216666579246521,0.490479975938797,0.451454758644104,0.4597797989845276,13.555953025817871,216.0,0.27240586280822754,14.474021911621094,74,,,,,,,,,,,,
,,122909,3.0,0.611195981502533,0.8158000111579895,0.49214452505111694,0.4624560475349426,0.46252164244651794,17.225330352783203,272.0,0.07093805074691772,17.9074649810791,74,,,,,,,,,,,,
,,122919,3.0,0.47486692667007446,0.8717333078384399,0.49401721358299255,0.4830471873283386,0.4822380244731903,7.559622287750244,242.0,5.558826446533203,13.593316078186035,74,,,,,,,,,,,,
,,122929,3.0,0.5212797522544861,0.8302000164985657,0.5078265070915222,0.5627404451370239,0.4808184504508972,8.53686237335205,136.0,1.6969026327133179,10.755043983459473,74,,,,,,,,,,,,
,,122939,3.0,0.44356757402420044,0.8289333581924438,0.49390965700149536,0.46592435240745544,0.46455493569374084,19.690153121948242,275.0,0.30426231026649475,20.4379825592041,74,,,,,,,,,,,,
,,122949,3.0,0.6028792262077332,0.7944666743278503,0.5110294222831726,0.5462616086006165,0.4885353147983551,15.78281307220459,297.0,0.34367796778678894,16.7293701171875,74,,,,,,,,,,,,
,,122959,3.0,0.598946750164032,0.8237333297729492,0.5110824108123779,0.5890935063362122,0.48420557379722595,23.767803192138672,185.0,0.04638732597231865,24.413137435913086,74,,,,,,,,,,,,
,,122969,3.0,0.5566830635070801,0.8236666917800903,0.5074419975280762,0.5712916254997253,0.47654011845588684,23.87257957458496,202.0,0.008472149260342121,24.437734603881836,74,,,,,,,,,,,,
,,122979,3.0,0.3757157027721405,0.8690000176429749,0.4980909526348114,0.48771315813064575,0.47633400559425354,11.662524223327637,104.0,0.8601643443107605,12.898404121398926,74,,,,,,,,,,,,
,,122989,3.0,0.34372496604919434,0.8763333559036255,0.5029200911521912,0.547486424446106,0.47806650400161743,8.349010467529297,47.0,0.11107522249221802,8.803811073303223,74,,,,,,,,,,,,
,,122999,3.0,0.49790656566619873,0.8523333072662354,0.5040536522865295,0.5189401507377625,0.4868703782558441,15.320341110229492,193.0,3.5422489643096924,19.360496520996094,74,,,,,,,,,,,,
,,123009,3.0,0.6633648872375488,0.8098000288009644,0.49225109815597534,0.45910531282424927,0.45962071418762207,8.155707359313965,175.0,1.7891651391983032,10.608238220214844,74,,,,,,,,,,,,
,,123019,3.0,0.39028245210647583,0.8395333290100098,0.4993690252304077,0.4766381084918976,0.45884525775909424,4.233674049377441,29.0,0.048587266355752945,4.672544002532959,74,,,,,,,,,,,,
,,123029,3.0,0.33805257081985474,0.8633333444595337,0.5027373433113098,0.5614580512046814,0.4728441834449768,16.04890251159668,63.0,0.01111692376434803,16.3980712890625,74,,,,,,,,,,,,
,,123039,3.0,0.47990676760673523,0.8496666550636292,0.5082203149795532,0.5244231820106506,0.49942871928215027,10.484973907470703,272.0,11.543630599975586,22.50851058959961,74,,,,,,,,,,,,
,,123049,3.0,0.6516100764274597,0.8169999718666077,0.5002604126930237,0.5008959770202637,0.4813416004180908,11.807065963745117,226.0,6.081540584564209,18.54021644592285,74,,,,,,,,,,,,
,,123059,3.0,0.7034978270530701,0.8062666654586792,0.4887921214103699,0.4525357186794281,0.4586411118507385,12.568758010864258,257.0,1.849584698677063,15.121840476989746,74,,,,,,,,,,,,
,,123069,3.0,0.5295621156692505,0.826200008392334,0.4982401728630066,0.48683130741119385,0.4660867750644684,14.859238624572754,136.0,2.455397844314575,17.84419822692871,74,,,,,,,,,,,,
,,123079,3.0,0.7676500678062439,0.7724666595458984,0.5011350512504578,0.5059570074081421,0.46504902839660645,9.692083358764648,197.0,11.038203239440918,21.497936248779297,74,,,,,,,,,,,,
,,123089,3.0,0.4881672263145447,0.8370000123977661,0.5041527152061462,0.526715874671936,0.4795675277709961,14.671417236328125,174.0,0.8405662775039673,16.000150680541992,74,,,,,,,,,,,,
,,123099,3.0,0.4965323507785797,0.8733333349227905,0.5207276344299316,0.5577369928359985,0.5203197598457336,21.78403091430664,301.0,0.26081588864326477,22.541379928588867,74,,,,,,,,,,,,
,,123109,3.0,0.28494247794151306,0.8702666759490967,0.5063098669052124,0.5673616528511047,0.48496103286743164,23.658588409423828,136.0,0.007697411812841892,23.951229095458984,74,,,,,,,,,,,,
,,123119,3.0,0.5285744071006775,0.8276666402816772,0.4965156614780426,0.4551860988140106,0.4574124217033386,11.937273979187012,125.0,0.26058825850486755,12.726436614990234,74,,,,,,,,,,,,
,,123129,3.0,0.41606613993644714,0.8610666394233704,0.49425944685935974,0.47321733832359314,0.4734102487564087,11.889883041381836,284.0,2.433211326599121,14.739160537719727,74,,,,,,,,,,,,
,,123139,3.0,0.31687647104263306,0.8791333436965942,0.4959169030189514,0.47929224371910095,0.47753363847732544,13.212284088134766,191.0,0.3333356976509094,13.862496376037598,74,,,,,,,,,,,,
,,123149,3.0,0.5695866942405701,0.8198666572570801,0.5009759068489075,0.5132749676704407,0.461961954832077,20.5307559967041,109.0,0.14669455587863922,21.24703598022461,74,,,,,,,,,,,,
,,123159,3.0,0.6451022624969482,0.8374000191688538,0.4952894151210785,0.48933079838752747,0.4851993918418884,13.115372657775879,297.0,3.293825149536133,17.05430030822754,74,,,,,,,,,,,,
,,123169,3.0,0.7440297603607178,0.8074666857719421,0.48860183358192444,0.4300312101840973,0.4508131444454193,9.713993072509766,316.0,1.3187310695648193,11.776754379272461,74,,,,,,,,,,,,
,,123179,3.0,0.4257136583328247,0.837933361530304,0.5010840892791748,0.5092947483062744,0.47132956981658936,16.27896499633789,117.0,0.13415184617042542,16.838830947875977,74,,,,,,,,,,,,
,,123189,3.0,0.5459267497062683,0.8357333540916443,0.5005559921264648,0.5052209496498108,0.46895670890808105,15.150150299072266,143.0,0.08696909248828888,15.78304672241211,74,,,,,,,,,,,,
,,123199,3.0,0.5279868841171265,0.8399333357810974,0.49376195669174194,0.4806210994720459,0.47709599137306213,10.49599838256836,267.0,2.5768816471099854,13.600866317749023,74,,,,,,,,,,,,
,,123209,3.0,0.44575008749961853,0.8540666699409485,0.5014078617095947,0.5123229026794434,0.4751855731010437,13.85462760925293,103.0,0.015016177669167519,14.315394401550293,74,,,,,,,,,,,,
,,123219,3.0,0.3578145503997803,0.8782666921615601,0.5104947686195374,0.5636503100395203,0.498288094997406,10.422826766967773,132.0,2.282731533050537,13.063373565673828,74,,,,,,,,,,,,
,,123229,3.0,0.5854563117027283,0.8479333519935608,0.5051069855690002,0.517527163028717,0.4925261437892914,20.748868942260742,366.0,0.0382077693939209,21.372533798217773,74,,,,,,,,,,,,
,,123239,3.0,0.40522873401641846,0.8726000189781189,0.4991125762462616,0.49050796031951904,0.4736747443675995,12.20068359375,109.0,0.2666812837123871,12.872593879699707,74,,,,,,,,,,,,
,,123249,3.0,0.45962366461753845,0.8733999729156494,0.4986588954925537,0.49572473764419556,0.4872899055480957,22.7337646484375,292.0,1.1934078931808472,24.386795043945312,74,,,,,,,,,,,,
,,123259,3.0,0.7666122913360596,0.8080000281333923,0.4867832660675049,0.44710585474967957,0.4573180377483368,12.656610488891602,219.0,2.1920673847198486,15.615289688110352,74,,,,,,,,,,,,
,,123269,3.0,0.3289623558521271,0.8684666752815247,0.5023372769355774,0.5302164554595947,0.4766167104244232,5.186828136444092,58.0,1.224677324295044,6.7404680252075195,74,,,,,,,,,,,,
,,123279,3.0,0.7326304316520691,0.7545999884605408,0.48460108041763306,0.42595621943473816,0.44023677706718445,10.389857292175293,193.0,2.07722544670105,13.199713706970215,74,,,,,,,,,,,,
,,123289,3.0,0.30546194314956665,0.8670666813850403,0.5023167133331299,0.5253269672393799,0.477515310049057,9.275313377380371,85.0,1.0719434022903442,10.652718544006348,74,,,,,,,,,,,,
,,123299,3.0,0.402442067861557,0.8681333065032959,0.49441856145858765,0.47761693596839905,0.4769706130027771,12.543500900268555,265.0,0.6479617953300476,13.593904495239258,74,,,,,,,,,,,,
,,123309,3.0,0.37164947390556335,0.8655999898910522,0.5071703791618347,0.5315333604812622,0.494534969329834,11.579723358154297,222.0,2.6897430419921875,14.64111614227295,74,,,,,,,,,,,,
,,123319,3.0,0.5855154395103455,0.8138666749000549,0.48984307050704956,0.4714658558368683,0.47101324796676636,20.63594627380371,337.0,1.4490909576416016,22.67055320739746,74,,,,,,,,,,,,
,,123329,3.0,0.4171627461910248,0.8500666618347168,0.5013128519058228,0.5044834017753601,0.4873981475830078,13.44311809539795,343.0,0.4107051491737366,14.270986557006836,74,,,,,,,,,,,,
,,123339,3.0,0.41283172369003296,0.8549333214759827,0.5114861726760864,0.6276593804359436,0.48930686712265015,12.690671920776367,116.0,0.09480796009302139,13.198310852050781,74,,,,,,,,,,,,
,,123349,3.0,0.45313334465026855,0.8434666395187378,0.5019272565841675,0.5199332237243652,0.4719107747077942,18.7594051361084,125.0,0.2722616195678711,19.484798431396484,74,,,,,,,,,,,,
,,123359,3.0,0.5650611519813538,0.8450000286102295,0.5204482674598694,0.5690969228744507,0.5143425464630127,15.123824119567871,279.0,11.048633575439453,26.737518310546875,74,,,,,,,,,,,,
,,123369,3.0,0.3524177074432373,0.850266695022583,0.5004557967185974,0.5070900321006775,0.46780064702033997,4.664717674255371,71.0,1.3088927268981934,6.326028347015381,74,,,,,,,,,,,,
,,123379,3.0,0.5874737501144409,0.796999990940094,0.49051862955093384,0.46016502380371094,0.45981135964393616,13.576051712036133,341.0,0.07662636041641235,14.240152359008789,74,,,,,,,,,,,,
,,123389,3.0,0.43636080622673035,0.8826666474342346,0.5001164674758911,0.5008317828178406,0.48098501563072205,12.283106803894043,139.0,1.2972570657730103,14.016724586486816,74,,,,,,,,,,,,
,,123399,3.0,0.45302605628967285,0.8584666848182678,0.5170677900314331,0.5465728640556335,0.5138788223266602,31.701204299926758,555.0,0.10363715142011642,32.257869720458984,74,,,,,,,,,,,,
,,123409,3.0,0.6026766896247864,0.8194666504859924,0.5036838054656982,0.5120577812194824,0.48755353689193726,17.265695571899414,320.0,5.225114822387695,23.093486785888672,74,,,,,,,,,,,,
,,123419,3.0,0.3364371359348297,0.8962000012397766,0.5085523724555969,0.5410948991775513,0.5004363656044006,16.147953033447266,148.0,1.4342538118362427,17.918643951416016,74,,,,,,,,,,,,
,,123429,3.0,0.44619545340538025,0.8346666693687439,0.5084956884384155,0.5420944094657898,0.48951900005340576,13.273801803588867,249.0,0.5943375825881958,14.314334869384766,74,,,,,,,,,,,,
,,123439,3.0,0.37753793597221375,0.8587333559989929,0.5269458889961243,0.6429911851882935,0.521064817905426,32.13084411621094,315.0,0.012590841390192509,32.520973205566406,74,,,,,,,,,,,,
,,123449,3.0,0.5388246178627014,0.8456000089645386,0.4962020516395569,0.48457837104797363,0.47634023427963257,9.413338661193848,249.0,2.400362014770508,12.35252571105957,74,,,,,,,,,,,,
,,123459,3.0,0.43156710267066956,0.8510000109672546,0.5107396841049194,0.5631572604179382,0.4936932325363159,13.48068904876709,192.0,0.45119842886924744,14.363454818725586,74,,,,,,,,,,,,
,,123469,3.0,0.3502311408519745,0.8930000066757202,0.5013031959533691,0.5079952478408813,0.4862091839313507,6.386465549468994,121.0,1.1564165353775024,7.893113136291504,74,,,,,,,,,,,,
,,123479,3.0,0.617062509059906,0.8216000199317932,0.5348984599113464,0.5869715213775635,0.5350174903869629,15.370244979858398,476.0,3.5598816871643066,19.547189712524414,74,,,,,,,,,,,,
,,123489,3.0,0.4795849919319153,0.8429333567619324,0.5060101747512817,0.5510425567626953,0.48028722405433655,18.93843650817871,163.0,0.0692821815609932,19.4873046875,74,,,,,,,,,,,,
,,123499,3.0,0.34214070439338684,0.877133309841156,0.5077342391014099,0.5715223550796509,0.4899562895298004,8.916738510131836,80.0,0.2627868354320526,9.521666526794434,74,,,,,,,,,,,,
,,123509,3.0,0.44580143690109253,0.8551999926567078,0.4971470236778259,0.4850890040397644,0.47519588470458984,19.85068702697754,285.0,5.02561616897583,25.32210350036621,74,,,,,,,,,,,,
,,123519,3.0,0.45638492703437805,0.8549333214759827,0.5094760060310364,0.5596151351928711,0.4917280972003937,12.26126480102539,221.0,1.1277669668197632,13.845416069030762,74,,,,,,,,,,,,
,,123529,3.0,0.6433314085006714,0.8069999814033508,0.49448883533477783,0.48008787631988525,0.4706214666366577,16.198514938354492,278.0,10.20518684387207,27.047033309936523,74,,,,,,,,,,,,
,,123539,3.0,0.3408680856227875,0.8521999716758728,0.4950784146785736,0.46377032995224,0.4667339324951172,22.218753814697266,200.0,0.19135691225528717,22.750978469848633,74,,,,,,,,,,,,
,,123549,3.0,0.5340981483459473,0.848800003528595,0.4912494421005249,0.4726969301700592,0.4743867814540863,20.382535934448242,344.0,0.1841028779745102,21.100736618041992,74,,,,,,,,,,,,
,,123559,3.0,0.4613093137741089,0.8595333099365234,0.5040175318717957,0.5249267816543579,0.4843197166919708,12.616131782531738,158.0,0.10149896144866943,13.178939819335938,74,,,,,,,,,,,,
,,123569,3.0,0.4653197228908539,0.8612666726112366,0.49956849217414856,0.4902750849723816,0.4669951796531677,4.2056403160095215,42.0,0.2118026614189148,4.882762432098389,74,,,,,,,,,,,,
,,123579,3.0,0.584145188331604,0.8352000117301941,0.5003558993339539,0.5008997321128845,0.48978352546691895,11.753425598144531,350.0,3.489306688308716,15.82687759399414,74,,,,,,,,,,,,
,,123589,3.0,0.390142023563385,0.8579999804496765,0.5048141479492188,0.5371007919311523,0.48279064893722534,11.324291229248047,124.0,1.2231783866882324,12.937612533569336,74,,,,,,,,,,,,
,,123599,3.0,0.4254148304462433,0.8457333445549011,0.494333416223526,0.45646974444389343,0.4637262225151062,12.843517303466797,123.0,0.25841063261032104,13.527342796325684,74,,,,,,,,,,,,
,,123609,3.0,0.5313891768455505,0.8321333527565002,0.48214033246040344,0.4587972164154053,0.46684879064559937,16.33740234375,346.0,3.8739469051361084,20.742738723754883,74,,,,,,,,,,,,
,,123619,3.0,0.4515642523765564,0.8762000203132629,0.5382708311080933,0.5918495655059814,0.5455062985420227,17.859323501586914,299.0,5.688149452209473,23.999038696289062,74,,,,,,,,,,,,
,,123629,3.0,0.6543020606040955,0.7929999828338623,0.4906367361545563,0.4299643635749817,0.44730716943740845,14.311358451843262,217.0,0.033432282507419586,14.999092102050781,74,,,,,,,,,,,,
,,123639,3.0,0.3642081916332245,0.8838000297546387,0.5121310949325562,0.5635639429092407,0.5032240748405457,22.41695213317871,197.0,0.021573366597294807,22.802734375,74,,,,,,,,,,,,
,,123649,3.0,0.2873276472091675,0.8853333592414856,0.5051631331443787,0.5734522938728333,0.48475146293640137,9.407687187194824,76.0,0.03986821323633194,9.734883308410645,74,,,,,,,,,,,,
,,123659,3.0,0.5114651322364807,0.8275333046913147,0.5126301050186157,0.6187933683395386,0.4856965243816376,12.550034523010254,149.0,3.230384349822998,16.29188346862793,74,,,,,,,,,,,,
,,123669,3.0,0.49007871747016907,0.840666651725769,0.5025226473808289,0.5100436806678772,0.48527398705482483,14.085553169250488,265.0,10.452448844909668,25.028079986572266,74,,,,,,,,,,,,
,,123679,3.0,0.6330665349960327,0.8191999793052673,0.49635693430900574,0.47936806082725525,0.46620336174964905,17.76272201538086,264.0,1.0890499353408813,19.484838485717773,74,,,,,,,,,,,,
,,123689,3.0,0.46028026938438416,0.8488666415214539,0.5172258019447327,0.5934527516365051,0.5041192173957825,8.192889213562012,270.0,4.484505653381348,13.137675285339355,74,,,,,,,,,,,,
,,123699,3.0,0.5143032670021057,0.8450666666030884,0.5016690492630005,0.5067959427833557,0.48430338501930237,11.370953559875488,226.0,5.912839412689209,17.798095703125,74,,,,,,,,,,,,
,,123709,3.0,0.5642995238304138,0.8490666747093201,0.5217745900154114,0.6146702766418457,0.5113605856895447,13.185721397399902,203.0,3.8560450077056885,17.60606575012207,74,,,,,,,,,,,,
,,123719,3.0,0.5478556156158447,0.8366000056266785,0.5004347562789917,0.5018813610076904,0.4801238179206848,17.893077850341797,311.0,0.21313542127609253,18.654067993164062,74,,,,,,,,,,,,
,,123729,3.0,0.5958614349365234,0.8479333519935608,0.5088675022125244,0.5375511050224304,0.49478259682655334,19.759309768676758,235.0,1.3807770013809204,21.73594856262207,74,,,,,,,,,,,,
,,123739,3.0,0.4649982452392578,0.8330000042915344,0.5034710764884949,0.5196343660354614,0.4796115756034851,9.82942008972168,180.0,3.9329073429107666,14.227325439453125,74,,,,,,,,,,,,
,,123749,3.0,0.4016804099082947,0.8669333457946777,0.4948224425315857,0.48623892664909363,0.48398807644844055,14.925467491149902,235.0,0.3624228537082672,15.689570426940918,74,,,,,,,,,,,,
,,123759,3.0,0.6650621891021729,0.7917333245277405,0.48377707600593567,0.4336709678173065,0.44995495676994324,17.77358055114746,348.0,2.8345117568969727,21.273155212402344,74,,,,,,,,,,,,
,,123769,3.0,0.4551219046115875,0.843666672706604,0.5008401274681091,0.5076258182525635,0.4715884327888489,21.959470748901367,141.0,0.4026714563369751,22.817264556884766,74,,,,,,,,,,,,
,,123779,3.0,0.41573795676231384,0.857866644859314,0.5046603679656982,0.5168681144714355,0.49236494302749634,16.48012924194336,312.0,0.044599030166864395,16.940465927124023,74,,,,,,,,,,,,
,,123789,3.0,0.3861090838909149,0.885533332824707,0.5207628607749939,0.5577570199966431,0.521594762802124,22.800039291381836,346.0,1.0656534433364868,24.251800537109375,74,,,,,,,,,,,,
,,123799,3.0,0.3945549428462982,0.8895333409309387,0.49999308586120605,0.4999723434448242,0.48817911744117737,30.624048233032227,294.0,0.04575449600815773,31.06435775756836,74,,,,,,,,,,,,
,,123809,3.0,0.4494078755378723,0.8460666537284851,0.506423830986023,0.5253424644470215,0.49196526408195496,16.817678451538086,264.0,0.9130319356918335,18.180118560791016,74,,,,,,,,,,,,
,,123819,3.0,0.6649762988090515,0.826200008392334,0.481394499540329,0.4385732412338257,0.4565607011318207,17.329877853393555,358.0,1.0105112791061401,19.0053653717041,74,,,,,,,,,,,,
,,123823,,,,,,,,,,,74,0.4454013705253601,0.8541625142097473,0.5132460594177246,0.5246698260307312,0.48985520005226135,5.824726104736328,207.43150329589844,24.458972930908203,6.270127773284912,0.029670072719454765,0.029670072719454765,0.029670024290680885
1.441605294264014e-05,0.0001441605294264014,123824,,,,,,,,,,,,,,,,,,,,,,,
,,123829,3.0,0.4795030951499939,0.8568666577339172,0.5088126063346863,0.5597647428512573,0.490234911441803,11.933538436889648,135.0,0.5939334034919739,13.006974220275879,75,,,,,,,,,,,,
,,123839,3.0,0.45149630308151245,0.856333315372467,0.4945272207260132,0.4493560492992401,0.46405577659606934,19.82358169555664,119.0,0.06236516311764717,20.33744239807129,75,,,,,,,,,,,,
,,123849,3.0,0.5151516795158386,0.8476666808128357,0.4973967373371124,0.48301005363464355,0.4710676670074463,9.833924293518066,140.0,1.5271804332733154,11.876256942749023,75,,,,,,,,,,,,
,,123859,3.0,0.558418333530426,0.8374000191688538,0.5101772546768188,0.5354558825492859,0.4981282651424408,13.513933181762695,243.0,7.63681697845459,21.70916748046875,75,,,,,,,,,,,,
,,123869,3.0,0.4027656018733978,0.8592666387557983,0.5013588666915894,0.5123159885406494,0.4758904278278351,22.57120704650879,113.0,0.2888592779636383,23.26283073425293,75,,,,,,,,,,,,
,,123879,3.0,0.48952388763427734,0.8512666821479797,0.49340134859085083,0.438851922750473,0.46116170287132263,5.471887588500977,76.0,1.0633326768875122,7.024744033813477,75,,,,,,,,,,,,
,,123889,3.0,0.37087687849998474,0.8443999886512756,0.5065882205963135,0.5664758682250977,0.47976598143577576,27.227523803710938,140.0,0.31788578629493713,27.91628646850586,75,,,,,,,,,,,,
,,123899,3.0,0.6700025200843811,0.8284666538238525,0.49268293380737305,0.46293678879737854,0.46438467502593994,19.321369171142578,286.0,1.8088434934616089,21.800214767456055,75,,,,,,,,,,,,
,,123909,3.0,0.3153640925884247,0.896133303642273,0.5117322206497192,0.5272845029830933,0.5109922885894775,8.512221336364746,258.0,10.188919067382812,19.016504287719727,75,,,,,,,,,,,,
,,123919,3.0,0.3470247685909271,0.8696666955947876,0.5007696151733398,0.5095129013061523,0.4746313989162445,10.312588691711426,100.0,0.04143761098384857,10.701050758361816,75,,,,,,,,,,,,
,,123929,3.0,0.36861780285835266,0.8813999891281128,0.5017978549003601,0.5089014768600464,0.48733168840408325,7.267632484436035,120.0,5.413321495056152,13.049571990966797,75,,,,,,,,,,,,
,,123939,3.0,0.5010586380958557,0.8751999735832214,0.49965447187423706,0.49791663885116577,0.4806782305240631,23.382463455200195,191.0,0.09720633178949356,23.980728149414062,75,,,,,,,,,,,,
,,123949,3.0,0.7646533846855164,0.7959333062171936,0.5069936513900757,0.5470434427261353,0.4739933907985687,13.140955924987793,216.0,2.284334421157837,16.189943313598633,75,,,,,,,,,,,,
,,123959,3.0,0.42926695942878723,0.8679999709129333,0.5045603513717651,0.5242429971694946,0.48858001828193665,12.269760131835938,144.0,1.865226149559021,14.564252853393555,75,,,,,,,,,,,,
,,123969,3.0,0.6013939380645752,0.8309999704360962,0.5158786773681641,0.560903012752533,0.5037406086921692,15.837127685546875,291.0,1.9208955764770508,18.359416961669922,75,,,,,,,,,,,,
,,123979,3.0,0.39893412590026855,0.8845999836921692,0.536139190196991,0.5813194513320923,0.543327271938324,13.137133598327637,359.0,2.0549869537353516,15.591054916381836,75,,,,,,,,,,,,
,,123989,3.0,0.3794737160205841,0.871066689491272,0.49979186058044434,0.49348074197769165,0.46861401200294495,3.9400124549865723,22.0,0.24373452365398407,4.563220500946045,75,,,,,,,,,,,,
,,123999,3.0,0.712461531162262,0.7879999876022339,0.48948606848716736,0.44779688119888306,0.4528084695339203,14.651087760925293,364.0,0.596401035785675,15.95995044708252,75,,,,,,,,,,,,
,,124009,3.0,0.3339402675628662,0.9154000282287598,0.5051217675209045,0.5210942029953003,0.4990047812461853,19.910030364990234,188.0,0.507184624671936,20.751155853271484,75,,,,,,,,,,,,
,,124019,3.0,0.5259671807289124,0.8134666681289673,0.5087197422981262,0.5751683712005615,0.47719892859458923,20.228042602539062,195.0,0.21889664232730865,20.9729061126709,75,,,,,,,,,,,,
,,124029,3.0,0.5799812078475952,0.8689333200454712,0.49675390124320984,0.49074786901474,0.4857827126979828,17.034738540649414,420.0,0.10203633457422256,17.716754913330078,75,,,,,,,,,,,,
,,124039,3.0,0.333933025598526,0.8953999876976013,0.50992751121521,0.5331331491470337,0.5056112408638,11.440315246582031,178.0,2.8506927490234375,14.624940872192383,75,,,,,,,,,,,,
,,124049,3.0,0.5409783124923706,0.8442000150680542,0.5121005177497864,0.5303218960762024,0.5067285895347595,15.446626663208008,251.0,27.32394027709961,43.311546325683594,75,,,,,,,,,,,,
,,124059,3.0,0.7948868274688721,0.7866666913032532,0.4962547719478607,0.4839261770248413,0.46569377183914185,13.573494911193848,301.0,8.299230575561523,22.667612075805664,75,,,,,,,,,,,,
,,124069,3.0,0.8167178630828857,0.7975999712944031,0.5024853348731995,0.5091114044189453,0.48010560870170593,12.698088645935059,247.0,2.9758002758026123,16.4906063079834,75,,,,,,,,,,,,
,,124079,3.0,0.5348541140556335,0.8474666476249695,0.5035613775253296,0.5271018147468567,0.47870898246765137,19.48993682861328,207.0,0.04002000391483307,20.06481170654297,75,,,,,,,,,,,,
,,124089,3.0,0.4652167856693268,0.8754666447639465,0.5139903426170349,0.5430030226707458,0.5100874900817871,18.93623161315918,245.0,2.3302552700042725,21.731704711914062,75,,,,,,,,,,,,
,,124099,3.0,0.5261765122413635,0.7931333184242249,0.498290091753006,0.4899185001850128,0.4630179703235626,14.849802017211914,200.0,1.016331672668457,16.392311096191406,75,,,,,,,,,,,,
,,124109,3.0,0.6024070382118225,0.8116666674613953,0.4973374903202057,0.48664745688438416,0.4684866964817047,8.262694358825684,169.0,9.381413459777832,18.24651527404785,75,,,,,,,,,,,,
,,124119,3.0,0.33069908618927,0.8817999958992004,0.5034709572792053,0.5407832860946655,0.4822518229484558,27.913421630859375,94.0,0.10330180823802948,28.347423553466797,75,,,,,,,,,,,,
,,124129,3.0,0.4741850793361664,0.8474000096321106,0.49839988350868225,0.48538580536842346,0.4684801399707794,9.788249015808105,88.0,5.620206832885742,15.882640838623047,75,,,,,,,,,,,,
,,124139,3.0,0.5114948153495789,0.8535333275794983,0.48989495635032654,0.44197845458984375,0.4622925817966461,13.216222763061523,180.0,0.05428788438439369,13.782005310058594,75,,,,,,,,,,,,
,,124149,3.0,0.4004838764667511,0.8543333411216736,0.500298261642456,0.5065174102783203,0.4665655791759491,4.042577743530273,40.0,2.8537917137145996,7.296853542327881,75,,,,,,,,,,,,
,,124159,3.0,0.5666074752807617,0.8507999777793884,0.5076740384101868,0.5276200175285339,0.49588996171951294,13.160212516784668,249.0,15.747095108032227,29.473915100097656,75,,,,,,,,,,,,
,,124169,3.0,0.6036223769187927,0.8602666854858398,0.5003899931907654,0.5016810894012451,0.48377689719200134,8.978911399841309,177.0,11.004067420959473,20.58660125732422,75,,,,,,,,,,,,
,,124179,3.0,0.38635626435279846,0.861466646194458,0.5136500597000122,0.6152322888374329,0.4966662526130676,12.765426635742188,154.0,0.04007278382778168,13.191855430603027,75,,,,,,,,,,,,
,,124189,3.0,0.25177842378616333,0.9079333543777466,0.4998078942298889,0.4979272186756134,0.482290655374527,6.285695552825928,56.0,0.19400951266288757,6.731483459472656,75,,,,,,,,,,,,
,,124199,3.0,0.6887850761413574,0.7889999747276306,0.49772608280181885,0.4853559136390686,0.45960545539855957,9.730674743652344,179.0,11.183417320251465,21.60287857055664,75,,,,,,,,,,,,
,,124209,3.0,0.3498328924179077,0.8813999891281128,0.5070885419845581,0.5571451783180237,0.49093112349510193,26.700918197631836,156.0,0.08759073168039322,27.138341903686523,75,,,,,,,,,,,,
,,124219,3.0,0.5265053510665894,0.8240666389465332,0.5081974864006042,0.5433051586151123,0.4859943687915802,8.189590454101562,158.0,3.996776580810547,12.712872505187988,75,,,,,,,,,,,,
,,124229,3.0,0.6059619784355164,0.8198666572570801,0.5120773911476135,0.5675881505012512,0.4899314343929291,14.364557266235352,225.0,1.746614694595337,16.717134475708008,75,,,,,,,,,,,,
,,124239,3.0,0.38068902492523193,0.849133312702179,0.5055058002471924,0.5853027105331421,0.4757506251335144,9.308295249938965,61.0,0.5915600657463074,10.28054428100586,75,,,,,,,,,,,,
,,124249,3.0,0.27419179677963257,0.8843333125114441,0.5009315609931946,0.51511150598526,0.47666221857070923,5.183559894561768,80.0,0.36515679955482483,5.822908401489258,75,,,,,,,,,,,,
,,124259,3.0,0.29581737518310547,0.8730666637420654,0.5025463700294495,0.5398377180099487,0.4768567979335785,7.204388618469238,64.0,0.10705395042896271,7.607259750366211,75,,,,,,,,,,,,
,,124269,3.0,0.2812711000442505,0.9103333353996277,0.5115716457366943,0.5701144337654114,0.5058533549308777,11.92917251586914,121.0,0.47542455792427063,12.685868263244629,75,,,,,,,,,,,,
,,124279,3.0,0.6071993708610535,0.8008000254631042,0.5025846362113953,0.5350036025047302,0.4594373106956482,7.55739688873291,102.0,0.520671010017395,8.685267448425293,75,,,,,,,,,,,,
,,124289,3.0,0.527596652507782,0.8758000135421753,0.5130164623260498,0.537432074546814,0.5093979835510254,17.839534759521484,288.0,0.5749693512916565,18.942102432250977,75,,,,,,,,,,,,
,,124299,3.0,0.7342709898948669,0.7900000214576721,0.48838087916374207,0.4225142300128937,0.4453771114349365,19.906696319580078,257.0,0.11271217465400696,20.753679275512695,75,,,,,,,,,,,,
,,124309,3.0,0.3272811472415924,0.9043999910354614,0.5054734945297241,0.5307477712631226,0.49556756019592285,13.882311820983887,111.0,8.843257904052734,23.0528507232666,75,,,,,,,,,,,,
,,124319,3.0,0.6493391394615173,0.8049333095550537,0.4872020184993744,0.4444946050643921,0.4555654227733612,10.636140823364258,315.0,0.3014332056045532,11.586913108825684,75,,,,,,,,,,,,
,,124329,3.0,0.7382605671882629,0.7775333523750305,0.49480071663856506,0.4679723083972931,0.4536708891391754,11.27120590209961,246.0,3.6462578773498535,15.655723571777344,75,,,,,,,,,,,,
,,124339,3.0,0.5229951739311218,0.8356666564941406,0.49209827184677124,0.4368783235549927,0.4576415419578552,8.753777503967285,113.0,0.7536059617996216,10.030378341674805,75,,,,,,,,,,,,
,,124349,3.0,0.5359066128730774,0.864133358001709,0.5038871169090271,0.5113537311553955,0.4950864911079407,12.862607955932617,262.0,4.371198654174805,17.76971435546875,75,,,,,,,,,,,,
,,124359,3.0,0.5959331393241882,0.8159999847412109,0.5003795027732849,0.5020338296890259,0.4725656509399414,11.518367767333984,229.0,1.3416235446929932,13.455924034118652,75,,,,,,,,,,,,
,,124369,3.0,0.6204432249069214,0.8417333364486694,0.49358826875686646,0.47116145491600037,0.47005897760391235,13.182868957519531,307.0,5.995040416717529,19.79835319519043,75,,,,,,,,,,,,
,,124379,3.0,0.49406835436820984,0.8429333567619324,0.507825493812561,0.5327816009521484,0.49259644746780396,18.06405258178711,233.0,4.370615005493164,22.928735733032227,75,,,,,,,,,,,,
,,124389,3.0,0.5806537866592407,0.8042666912078857,0.4970290958881378,0.46621769666671753,0.45370474457740784,7.054069519042969,109.0,0.19320905208587646,7.827932357788086,75,,,,,,,,,,,,
,,124399,3.0,0.3398798108100891,0.8838666677474976,0.5070600509643555,0.5557540655136108,0.4915652275085449,8.960655212402344,81.0,0.46963149309158325,9.770166397094727,75,,,,,,,,,,,,
,,124409,3.0,0.7374647259712219,0.758733332157135,0.5013824105262756,0.510141134262085,0.45511865615844727,13.203651428222656,169.0,2.517268657684326,16.458385467529297,75,,,,,,,,,,,,
,,124419,3.0,0.5249152779579163,0.8187333345413208,0.5034553408622742,0.5277626514434814,0.4714142382144928,15.376392364501953,192.0,1.1179838180541992,17.019290924072266,75,,,,,,,,,,,,
,,124429,3.0,0.6783968806266785,0.7811333537101746,0.4909053444862366,0.4644225835800171,0.4595111012458801,13.886899948120117,298.0,2.558448076248169,17.12374496459961,75,,,,,,,,,,,,
,,124439,3.0,0.4666810631752014,0.8575999736785889,0.4947037696838379,0.47289741039276123,0.4721483886241913,16.608245849609375,163.0,2.72943377494812,19.804359436035156,75,,,,,,,,,,,,
,,124449,3.0,0.45807427167892456,0.8574666380882263,0.49615469574928284,0.4862109124660492,0.47998756170272827,17.70985984802246,304.0,0.054913513362407684,18.22284698486328,75,,,,,,,,,,,,
,,124459,3.0,0.42936208844184875,0.8803333044052124,0.496168851852417,0.4839840531349182,0.4806206524372101,24.692026138305664,241.0,0.010741893202066422,25.132129669189453,75,,,,,,,,,,,,
,,124469,3.0,0.3372248411178589,0.8492666482925415,0.49806615710258484,0.44795235991477966,0.4605596363544464,9.628256797790527,55.0,0.018355470150709152,9.983837127685547,75,,,,,,,,,,,,
,,124479,3.0,0.43435773253440857,0.8700666427612305,0.5053097009658813,0.538353681564331,0.4867507815361023,10.996931076049805,167.0,0.053078047931194305,11.484366416931152,75,,,,,,,,,,,,
,,124489,3.0,0.5611788034439087,0.8722666501998901,0.5278436541557312,0.5374667644500732,0.5308703184127808,15.5907564163208,389.0,4.237040042877197,20.388975143432617,75,,,,,,,,,,,,
,,124499,3.0,0.5652837753295898,0.8571333289146423,0.5076163411140442,0.5286375880241394,0.49605077505111694,14.52370548248291,337.0,2.467144012451172,17.556133270263672,75,,,,,,,,,,,,
,,124509,3.0,0.46018537878990173,0.8628000020980835,0.5279361009597778,0.5500285029411316,0.531470537185669,10.109829902648926,378.0,18.285480499267578,28.85549545288086,75,,,,,,,,,,,,
,,124519,3.0,0.49949967861175537,0.8582666516304016,0.5227028727531433,0.6090242266654968,0.5156185626983643,11.153511047363281,182.0,1.8429536819458008,13.495964050292969,75,,,,,,,,,,,,
,,124529,3.0,0.4181705117225647,0.8528666496276855,0.5035755634307861,0.5604280233383179,0.47301626205444336,6.646580696105957,64.0,3.2004384994506836,10.265190124511719,75,,,,,,,,,,,,
,,124539,3.0,0.38306698203086853,0.8843333125114441,0.5177173018455505,0.5673729777336121,0.5146918296813965,18.367229461669922,224.0,0.1165805459022522,18.86687660217285,75,,,,,,,,,,,,
,,124549,3.0,0.5871031284332275,0.7717333436012268,0.5008971691131592,0.508943498134613,0.45275360345840454,11.85290813446045,143.0,0.273676335811615,12.7136869430542,75,,,,,,,,,,,,
,,124559,3.0,0.3474251329898834,0.897599995136261,0.49613386392593384,0.4826086759567261,0.48194336891174316,12.084674835205078,185.0,0.020379122346639633,12.452479362487793,75,,,,,,,,,,,,
,,124569,3.0,0.5311777591705322,0.8443999886512756,0.5067593455314636,0.5278792977333069,0.49150314927101135,21.31848907470703,264.0,0.44013574719429016,22.28980255126953,75,,,,,,,,,,,,
,,124579,3.0,0.30481138825416565,0.88919997215271,0.5045527815818787,0.5261789560317993,0.49136197566986084,9.870771408081055,177.0,0.1418042778968811,10.317387580871582,75,,,,,,,,,,,,
,,124589,3.0,0.6317317485809326,0.7965333461761475,0.5055504441261292,0.554214596748352,0.4664783179759979,23.865724563598633,177.0,0.1810583770275116,24.67851448059082,75,,,,,,,,,,,,
,,124599,3.0,0.6537557244300842,0.7874000072479248,0.5003454685211182,0.5031046271324158,0.457531213760376,11.531399726867676,126.0,1.6839319467544556,13.869088172912598,75,,,,,,,,,,,,
,,124609,3.0,0.8849852085113525,0.8460000157356262,0.535436749458313,0.5658414363861084,0.5400192737579346,7.749009609222412,390.0,17.307518005371094,25.941513061523438,75,,,,,,,,,,,,
,,124619,3.0,0.6051785349845886,0.8651333451271057,0.5114529728889465,0.5417095422744751,0.5032184720039368,18.071578979492188,360.0,0.11473096162080765,18.791488647460938,75,,,,,,,,,,,,
,,124629,3.0,0.30459126830101013,0.9151333570480347,0.5104775428771973,0.5299474596977234,0.5094175338745117,14.757315635681152,128.0,4.522754192352295,19.58466148376465,75,,,,,,,,,,,,
,,124639,3.0,0.4431159794330597,0.8582000136375427,0.4991585612297058,0.48641249537467957,0.46739068627357483,18.419893264770508,67.0,0.16418330371379852,19.027191162109375,75,,,,,,,,,,,,
,,124649,3.0,0.3180692195892334,0.8909333348274231,0.49518105387687683,0.47476011514663696,0.4777727425098419,7.999186992645264,97.0,0.6646905541419983,8.98194694519043,75,,,,,,,,,,,,
,,124659,3.0,0.4673546552658081,0.8372666835784912,0.5095354318618774,0.5696917772293091,0.48621198534965515,12.981151580810547,104.0,2.493504762649536,15.942010879516602,75,,,,,,,,,,,,
,,124669,3.0,0.5715029239654541,0.8144000172615051,0.4982539713382721,0.4932859241962433,0.47572505474090576,12.741825103759766,383.0,2.5600647926330566,15.873392105102539,75,,,,,,,,,,,,
,,124679,3.0,0.449008584022522,0.8808000087738037,0.5022172331809998,0.5159406065940857,0.4839557111263275,21.22522735595703,149.0,0.07502209395170212,21.749258041381836,75,,,,,,,,,,,,
,,124689,3.0,0.6353344321250916,0.8308666944503784,0.5089535713195801,0.548819363117218,0.48798760771751404,11.20541763305664,135.0,3.783358097076416,15.624109268188477,75,,,,,,,,,,,,
,,124699,3.0,0.4969639778137207,0.8755999803543091,0.5353381037712097,0.5713186860084534,0.541580319404602,12.456964492797852,286.0,10.646461486816406,23.60038948059082,75,,,,,,,,,,,,
,,124709,3.0,0.48642033338546753,0.8485333323478699,0.4976373314857483,0.48960044980049133,0.47754421830177307,13.926727294921875,280.0,0.048322129994630814,14.461469650268555,75,,,,,,,,,,,,
,,124719,3.0,0.49324628710746765,0.8175333142280579,0.49598225951194763,0.4550051689147949,0.4555230438709259,13.389094352722168,103.0,0.0939864069223404,13.976326942443848,75,,,,,,,,,,,,
,,124729,3.0,0.27801191806793213,0.8946666717529297,0.5023847222328186,0.519768476486206,0.4857063591480255,9.171396255493164,77.0,0.9006022810935974,10.350010871887207,75,,,,,,,,,,,,
,,124739,3.0,0.35665977001190186,0.8882666826248169,0.5096182823181152,0.6200062036514282,0.49364984035491943,24.95645523071289,89.0,0.08503567427396774,25.398149490356445,75,,,,,,,,,,,,
,,124749,3.0,0.5400713682174683,0.8453333377838135,0.49356505274772644,0.4763700067996979,0.4742375910282135,16.147125244140625,347.0,0.23229636251926422,16.919492721557617,75,,,,,,,,,,,,
,,124759,3.0,0.5883272290229797,0.8221333622932434,0.5199769139289856,0.5638808012008667,0.5111327171325684,31.40172004699707,563.0,0.24721206724643707,32.23725891113281,75,,,,,,,,,,,,
,,124769,3.0,0.3810533583164215,0.8905333280563354,0.4873362183570862,0.46225401759147644,0.47346481680870056,10.311717987060547,308.0,0.7115604877471924,11.40433120727539,75,,,,,,,,,,,,
,,124779,3.0,0.5099728107452393,0.8356666564941406,0.49726179242134094,0.48425737023353577,0.470447838306427,24.56149673461914,262.0,0.550886332988739,25.622356414794922,75,,,,,,,,,,,,
,,124789,3.0,0.717250645160675,0.8369333148002625,0.4928174912929535,0.48002615571022034,0.47769564390182495,16.17169952392578,322.0,4.092355728149414,20.981306076049805,75,,,,,,,,,,,,
,,124799,3.0,0.46294277906417847,0.8726666569709778,0.5032671689987183,0.511459231376648,0.49263009428977966,16.4776554107666,234.0,1.3923254013061523,18.332923889160156,75,,,,,,,,,,,,
,,124809,3.0,0.2955322563648224,0.8894666433334351,0.5053613185882568,0.5709353685379028,0.48646530508995056,15.524772644042969,90.0,0.0056649926118552685,15.825969696044922,75,,,,,,,,,,,,
,,124819,3.0,0.5501068234443665,0.8343999981880188,0.5241031646728516,0.6157108545303345,0.5129501223564148,12.231294631958008,287.0,1.3934637308120728,14.17486572265625,75,,,,,,,,,,,,
,,124829,3.0,0.5249639749526978,0.8086666464805603,0.5027379989624023,0.5202817916870117,0.46914756298065186,10.241860389709473,168.0,2.5682551860809326,13.33508014678955,75,,,,,,,,,,,,
,,124839,3.0,0.6177377104759216,0.7964000105857849,0.5094659924507141,0.540396511554718,0.48634445667266846,20.8271484375,381.0,0.3241044282913208,21.76898956298828,75,,,,,,,,,,,,
,,124849,3.0,0.4830489456653595,0.852733314037323,0.510089099407196,0.5418140292167664,0.4976705014705658,24.20238494873047,368.0,0.1609741598367691,24.84640884399414,75,,,,,,,,,,,,
,,124859,3.0,0.4730739891529083,0.8452000021934509,0.5058507323265076,0.5396146178245544,0.48321205377578735,18.832700729370117,229.0,0.10478455573320389,19.410558700561523,75,,,,,,,,,,,,
,,124869,3.0,0.31544992327690125,0.876466691493988,0.5062026381492615,0.5417574048042297,0.4901379942893982,24.833656311035156,156.0,0.03948545083403587,25.1885929107666,75,,,,,,,,,,,,
,,124879,3.0,0.5513035655021667,0.8463333249092102,0.4928431212902069,0.4721030592918396,0.4722047746181488,7.088281154632568,215.0,2.69612193107605,10.33570671081543,75,,,,,,,,,,,,
,,124889,3.0,0.7496585249900818,0.783133327960968,0.49926766753196716,0.4973737299442291,0.4737778604030609,16.754169464111328,458.0,0.5083681344985962,18.012195587158203,75,,,,,,,,,,,,
,,124899,3.0,0.40912893414497375,0.8539999723434448,0.5018170475959778,0.5086111426353455,0.48355865478515625,15.764305114746094,301.0,0.040999483317136765,16.214433670043945,75,,,,,,,,,,,,
,,124909,3.0,0.5243497490882874,0.8469333052635193,0.49759840965270996,0.4871025085449219,0.47406280040740967,11.116456985473633,202.0,1.2460614442825317,12.886868476867676,75,,,,,,,,,,,,
,,124919,3.0,0.45678359270095825,0.8583333492279053,0.5027482509613037,0.5107609629631042,0.4884446859359741,16.9005069732666,222.0,2.302406072616577,19.659696578979492,75,,,,,,,,,,,,
,,124929,3.0,0.46768972277641296,0.8561999797821045,0.5033295154571533,0.532197117805481,0.47774621844291687,9.346211433410645,83.0,1.828402042388916,11.642303466796875,75,,,,,,,,,,,,
,,124939,3.0,0.6002548933029175,0.8191333413124084,0.5105101466178894,0.5614519715309143,0.48676368594169617,32.34940719604492,285.0,0.10967566072940826,33.0593376159668,75,,,,,,,,,,,,
,,124949,3.0,0.5529040098190308,0.8371999859809875,0.49606409668922424,0.4701573848724365,0.46486374735832214,8.015369415283203,136.0,1.2292821407318115,9.797555923461914,75,,,,,,,,,,,,
,,124959,3.0,0.4220677316188812,0.8453333377838135,0.49790889024734497,0.46890339255332947,0.4627560079097748,10.088759422302246,83.0,0.12839153409004211,10.6392183303833,75,,,,,,,,,,,,
,,124969,3.0,0.5899657011032104,0.803600013256073,0.4937317371368408,0.464500367641449,0.45924514532089233,18.043943405151367,338.0,0.05786038562655449,18.691770553588867,75,,,,,,,,,,,,
,,124979,3.0,0.7334401607513428,0.8413333296775818,0.5140619874000549,0.5311537384986877,0.5107651948928833,14.845932960510254,470.0,1.1601336002349854,16.7395076751709,75,,,,,,,,,,,,
,,124989,3.0,0.3897097408771515,0.8535333275794983,0.5009035468101501,0.5059677958488464,0.4775215685367584,11.488029479980469,152.0,1.210240364074707,13.087979316711426,75,,,,,,,,,,,,
,,124999,3.0,0.5230276584625244,0.8398000001907349,0.4995463490486145,0.49758538603782654,0.47589966654777527,17.17561149597168,212.0,0.19194020330905914,17.890579223632812,75,,,,,,,,,,,,
,,125009,3.0,0.45604485273361206,0.8552666902542114,0.5223020315170288,0.5883734226226807,0.5166388154029846,11.95999813079834,174.0,10.136061668395996,22.552104949951172,75,,,,,,,,,,,,
,,125019,3.0,0.5135276317596436,0.8480666875839233,0.493367075920105,0.47035425901412964,0.4708022177219391,9.663477897644043,297.0,1.6400758028030396,11.817081451416016,75,,,,,,,,,,,,
,,125029,3.0,0.7041983008384705,0.8033999800682068,0.49833688139915466,0.4914422333240509,0.4678693413734436,17.21120834350586,308.0,0.3252464532852173,18.24065399169922,75,,,,,,,,,,,,
,,125039,3.0,0.4089116156101227,0.8776000142097473,0.49098312854766846,0.4645805358886719,0.4733000695705414,20.6384220123291,328.0,0.24241629242897034,21.289749145507812,75,,,,,,,,,,,,
,,125049,3.0,0.6733859181404114,0.8043333292007446,0.4939648509025574,0.4554626941680908,0.45502766966819763,17.70623779296875,153.0,5.018336296081543,23.397960662841797,75,,,,,,,,,,,,
,,125059,3.0,0.693101704120636,0.8181999921798706,0.5086236596107483,0.535860002040863,0.4897002875804901,15.558313369750977,301.0,0.8626486659049988,17.114063262939453,75,,,,,,,,,,,,
,,125069,3.0,0.6068128347396851,0.8241999745368958,0.5018748641014099,0.5273125767707825,0.4639066457748413,8.378084182739258,74.0,0.7675899267196655,9.752486228942871,75,,,,,,,,,,,,
,,125079,3.0,0.4168294370174408,0.8278666734695435,0.5032227039337158,0.5394116044044495,0.46852338314056396,17.912311553955078,125.0,0.0502639003098011,18.379405975341797,75,,,,,,,,,,,,
,,125089,3.0,0.2477138489484787,0.9122666716575623,0.5160154700279236,0.6632347702980042,0.5109776854515076,5.353097438812256,76.0,0.16368842124938965,5.764499664306641,75,,,,,,,,,,,,
,,125099,3.0,0.6100975275039673,0.8132666945457458,0.5159414410591125,0.5421919226646423,0.5077819228172302,14.964434623718262,409.0,3.1978325843811035,18.77236557006836,75,,,,,,,,,,,,
,,125109,3.0,0.4771815538406372,0.852066695690155,0.49745768308639526,0.47678032517433167,0.4679930806159973,10.718353271484375,106.0,2.374534845352173,13.570069313049316,75,,,,,,,,,,,,
,,125119,3.0,0.6557710766792297,0.8005333542823792,0.5200555324554443,0.5815992951393127,0.5029942393302917,14.02928352355957,419.0,3.934816598892212,18.619871139526367,75,,,,,,,,,,,,
,,125129,3.0,0.7450085282325745,0.7816666960716248,0.4948912262916565,0.46355491876602173,0.45189368724823,10.796150207519531,216.0,1.9573900699615479,13.49854850769043,75,,,,,,,,,,,,
,,125139,3.0,0.675341010093689,0.8335333466529846,0.5065321326255798,0.5178011059761047,0.4967252016067505,11.496658325195312,390.0,2.0137670040130615,14.185766220092773,75,,,,,,,,,,,,
,,125149,3.0,0.5440073609352112,0.8289333581924438,0.502162754535675,0.5131433606147766,0.4757177531719208,12.682619094848633,237.0,0.14037254452705383,13.366998672485352,75,,,,,,,,,,,,
,,125159,3.0,0.40837857127189636,0.8551999926567078,0.49888867139816284,0.48926690220832825,0.4704006612300873,7.159003257751465,134.0,0.014603884890675545,7.581985950469971,75,,,,,,,,,,,,
,,125169,3.0,0.6290908455848694,0.8322666883468628,0.5017148852348328,0.5064507126808167,0.4838552474975586,14.477474212646484,296.0,0.2900233268737793,15.396589279174805,75,,,,,,,,,,,,
,,125179,3.0,0.5917462110519409,0.8186666369438171,0.5092684626579285,0.5497235655784607,0.48622143268585205,15.780360221862793,195.0,1.6018965244293213,17.974002838134766,75,,,,,,,,,,,,
,,125189,3.0,0.2848851978778839,0.8921999931335449,0.4996509253978729,0.4926767349243164,0.4751858413219452,6.453314304351807,39.0,0.1624688059091568,6.900668621063232,75,,,,,,,,,,,,
,,125199,3.0,0.41011884808540344,0.852733314037323,0.49363699555397034,0.46188053488731384,0.4673507809638977,22.231985092163086,189.0,0.1280026137828827,22.770105361938477,75,,,,,,,,,,,,
,,125209,3.0,0.6625548601150513,0.8186666369438171,0.5078225135803223,0.5240364670753479,0.494498074054718,14.102404594421387,303.0,3.5417187213897705,18.306678771972656,75,,,,,,,,,,,,
,,125219,3.0,0.42140910029411316,0.8362666964530945,0.5065355896949768,0.5654457211494446,0.4777787923812866,12.968935012817383,111.0,0.27771469950675964,13.668058395385742,75,,,,,,,,,,,,
,,125229,3.0,0.4811735451221466,0.8481333255767822,0.5138527154922485,0.5568486452102661,0.5026201009750366,15.384315490722656,229.0,3.356363534927368,19.221853256225586,75,,,,,,,,,,,,
,,125239,3.0,0.5000745058059692,0.8497999906539917,0.48922017216682434,0.4596552848815918,0.4680645763874054,7.73435640335083,214.0,2.4090163707733154,10.643447875976562,75,,,,,,,,,,,,
,,125249,3.0,0.5054500102996826,0.8566666841506958,0.5070452690124512,0.5308587551116943,0.4929913580417633,10.902124404907227,257.0,8.892730712890625,20.300304412841797,75,,,,,,,,,,,,
,,125259,3.0,0.48980751633644104,0.8376666903495789,0.506251871585846,0.5405983328819275,0.48279064893722534,10.349275588989258,203.0,2.7806437015533447,13.619726181030273,75,,,,,,,,,,,,
,,125269,3.0,0.5356472730636597,0.8511333465576172,0.4960365295410156,0.4851050078868866,0.47820794582366943,18.372928619384766,320.0,1.2330036163330078,20.141578674316406,75,,,,,,,,,,,,
,,125279,3.0,0.42877283692359924,0.8766666650772095,0.5141100883483887,0.5621715188026428,0.5067534446716309,9.559076309204102,140.0,1.2397609949111938,11.22761058807373,75,,,,,,,,,,,,
,,125289,3.0,0.7486366629600525,0.8040666580200195,0.49354034662246704,0.4790763258934021,0.4714903235435486,13.602437973022461,367.0,2.6822361946105957,17.033309936523438,75,,,,,,,,,,,,
,,125299,3.0,0.7217329144477844,0.7515333294868469,0.4948752522468567,0.41326650977134705,0.43194636702537537,15.250734329223633,94.0,0.011501436121761799,15.983968734741211,75,,,,,,,,,,,,
,,125309,3.0,0.5931973457336426,0.8264666795730591,0.5014922022819519,0.5061821937561035,0.4808320701122284,10.60189437866211,257.0,1.5248318910598755,12.71992301940918,75,,,,,,,,,,,,
,,125319,3.0,0.28383511304855347,0.8975333571434021,0.5200909972190857,0.6000271439552307,0.5183883309364319,14.045235633850098,158.0,4.199843883514404,18.528915405273438,75,,,,,,,,,,,,
,,125329,3.0,0.4293462932109833,0.8222666382789612,0.5033610463142395,0.5254510641098022,0.47289374470710754,13.694913864135742,184.0,0.3897090256214142,14.513969421386719,75,,,,,,,,,,,,
,,125339,3.0,0.39612865447998047,0.859000027179718,0.51171875,0.5518231987953186,0.5002467036247253,8.706833839416504,252.0,0.9087474942207336,10.011710166931152,75,,,,,,,,,,,,
,,125349,3.0,0.618088960647583,0.8226000070571899,0.5086467862129211,0.5831612348556519,0.47807857394218445,14.79081916809082,176.0,0.03435956686735153,15.443267822265625,75,,,,,,,,,,,,
,,125359,3.0,0.41691550612449646,0.8361333608627319,0.5163288116455078,0.6377429962158203,0.49473148584365845,25.5052490234375,207.0,0.002861231565475464,25.925025939941406,75,,,,,,,,,,,,
,,125369,3.0,0.5204891562461853,0.8335333466529846,0.4937294125556946,0.45119112730026245,0.46010324358940125,15.751399993896484,220.0,0.026281114667654037,16.29817008972168,75,,,,,,,,,,,,
,,125379,3.0,0.4261455833911896,0.8503999710083008,0.5036776065826416,0.562497615814209,0.47250959277153015,10.223553657531738,56.0,4.363700866699219,15.013400077819824,75,,,,,,,,,,,,
,,125389,3.0,0.5879666805267334,0.8310666680335999,0.4990665316581726,0.49756762385368347,0.48706766963005066,9.627445220947266,355.0,3.913102388381958,14.128514289855957,75,,,,,,,,,,,,
,,125399,3.0,0.5514426231384277,0.8438000082969666,0.5062185525894165,0.5575812458992004,0.47989422082901,16.281755447387695,172.0,0.029577752575278282,16.862775802612305,75,,,,,,,,,,,,
,,125409,3.0,0.4647402763366699,0.8628666400909424,0.5046782493591309,0.5167878866195679,0.49316897988319397,11.255291938781738,247.0,3.1832334995269775,14.903264999389648,75,,,,,,,,,,,,
,,125419,3.0,0.328357994556427,0.8805999755859375,0.5047573447227478,0.5240485072135925,0.49157217144966125,11.542393684387207,173.0,9.9338960647583,21.80464744567871,75,,,,,,,,,,,,
,,125429,3.0,0.46787208318710327,0.8249333500862122,0.4924370348453522,0.4586736261844635,0.4620145857334137,15.657190322875977,194.0,2.7375078201293945,18.862571716308594,75,,,,,,,,,,,,
,,125439,3.0,0.7782076001167297,0.7999333143234253,0.4886910319328308,0.46440207958221436,0.46491512656211853,13.519503593444824,306.0,18.513017654418945,32.81072998046875,75,,,,,,,,,,,,
,,125449,3.0,0.28756240010261536,0.887666642665863,0.49860456585884094,0.4687414765357971,0.4720132350921631,4.819697856903076,31.0,2.7518911361694336,7.859151363372803,75,,,,,,,,,,,,
,,125459,3.0,0.48853886127471924,0.8339333534240723,0.5017029643058777,0.5152283906936646,0.470895916223526,8.947721481323242,118.0,2.6631996631622314,12.099459648132324,75,,,,,,,,,,,,
,,125469,3.0,0.5989091992378235,0.8407333493232727,0.4915882349014282,0.43537887930870056,0.45839446783065796,9.648640632629395,177.0,0.0870552808046341,10.33460521697998,75,,,,,,,,,,,,
1.3369502053292252e-05,0.0001336950205329225,125475,,,,,,,,,,,,,,,,,,,,,,,
,,125479,3.0,0.4409497380256653,0.8639333248138428,0.5148396492004395,0.5547693967819214,0.5078600645065308,11.469008445739746,255.0,2.8743889331817627,14.784346580505371,76,,,,,,,,,,,,
,,125489,3.0,0.21381132304668427,0.9228666424751282,0.498856782913208,0.4801376760005951,0.4816630184650421,4.70592737197876,34.0,0.9557144641876221,5.875452995300293,76,,,,,,,,,,,,
,,125499,3.0,0.4618730843067169,0.8615333437919617,0.49696072936058044,0.47798651456832886,0.4717412292957306,7.374361515045166,133.0,0.9116531610488892,8.74788761138916,76,,,,,,,,,,,,
,,125509,3.0,0.4313095808029175,0.8737999796867371,0.504603922367096,0.5404691696166992,0.48455923795700073,16.667457580566406,124.0,0.036882445216178894,17.135648727416992,76,,,,,,,,,,,,
,,125519,3.0,0.4474216103553772,0.8685333132743835,0.489561527967453,0.4750000834465027,0.47855716943740845,15.648420333862305,232.0,4.224848747253418,20.320690155029297,76,,,,,,,,,,,,
,,125529,3.0,0.6594241261482239,0.8306666612625122,0.5072037577629089,0.5396881699562073,0.48517030477523804,25.3232421875,341.0,0.2312774658203125,26.213943481445312,76,,,,,,,,,,,,
,,125539,3.0,0.5226358771324158,0.8514000177383423,0.5293318629264832,0.5566750168800354,0.5324605107307434,20.71946144104004,491.0,1.1858327388763428,22.42793083190918,76,,,,,,,,,,,,
,,125549,3.0,0.3194653391838074,0.8782666921615601,0.5023667812347412,0.5130642652511597,0.4864785373210907,6.245279788970947,109.0,0.5486354827880859,7.113380432128906,76,,,,,,,,,,,,
,,125559,3.0,0.3598368465900421,0.878000020980835,0.5035349726676941,0.5184869766235352,0.48886731266975403,13.190064430236816,159.0,0.9979708194732666,14.547871589660645,76,,,,,,,,,,,,
,,125569,3.0,0.7044896483421326,0.8056666851043701,0.49121037125587463,0.47196337580680847,0.46882158517837524,10.000703811645508,325.0,0.85805743932724,11.563250541687012,76,,,,,,,,,,,,
,,125579,3.0,0.5368036031723022,0.8754000067710876,0.5124703645706177,0.5354077816009521,0.5087122917175293,14.890761375427246,297.0,1.924896001815796,17.352460861206055,76,,,,,,,,,,,,
,,125589,3.0,0.6982744336128235,0.8096666932106018,0.4964308440685272,0.4817415177822113,0.46638864278793335,14.884013175964355,328.0,0.05238112807273865,15.634669303894043,76,,,,,,,,,,,,
,,125599,3.0,0.5485568642616272,0.8618666529655457,0.5025862455368042,0.5072979927062988,0.49352017045021057,15.56622314453125,339.0,1.5273709297180176,17.64215087890625,76,,,,,,,,,,,,
,,125609,3.0,0.3939460813999176,0.8687999844551086,0.49493253231048584,0.4688887596130371,0.47187620401382446,21.799400329589844,191.0,0.1007591262459755,22.294105529785156,76,,,,,,,,,,,,
,,125619,3.0,0.3879244029521942,0.8592000007629395,0.5010946393013,0.5152395367622375,0.471826434135437,23.347454071044922,97.0,0.9208977818489075,24.65627670288086,76,,,,,,,,,,,,
,,125629,3.0,0.32309582829475403,0.883733332157135,0.5309455394744873,0.6495488286018372,0.5328571200370789,14.965127944946289,286.0,0.39237940311431885,15.680603981018066,76,,,,,,,,,,,,
,,125639,3.0,0.42077454924583435,0.8442666530609131,0.5049123167991638,0.5596108436584473,0.4754013419151306,12.871252059936523,76.0,0.22095678746700287,13.512983322143555,76,,,,,,,,,,,,
,,125649,3.0,0.5758587718009949,0.8242666721343994,0.4961676001548767,0.48133012652397156,0.4695838689804077,12.289037704467773,170.0,13.68687629699707,26.551773071289062,76,,,,,,,,,,,,
,,125659,3.0,0.5680834650993347,0.8459333181381226,0.4932277202606201,0.4713488519191742,0.4712386131286621,20.984037399291992,326.0,0.5826624035835266,22.134782791137695,76,,,,,,,,,,,,
,,125669,3.0,0.56791090965271,0.8353333473205566,0.4948677122592926,0.472741961479187,0.4680446684360504,9.466449737548828,185.0,5.320126533508301,15.354487419128418,76,,,,,,,,,,,,
,,125679,3.0,0.4994821548461914,0.8507333397865295,0.4997565448284149,0.4993302822113037,0.48889338970184326,10.104639053344727,299.0,1.638791561126709,12.242912292480469,76,,,,,,,,,,,,
,,125689,3.0,0.4439348876476288,0.8315333127975464,0.5148453116416931,0.5523190498352051,0.5037282109260559,13.963523864746094,339.0,13.880754470825195,28.288211822509766,76,,,,,,,,,,,,
,,125699,3.0,0.4549969434738159,0.8497999906539917,0.4935567378997803,0.46831536293029785,0.4697608947753906,8.268038749694824,163.0,2.3007733821868896,11.023809432983398,76,,,,,,,,,,,,
,,125709,3.0,0.6011287569999695,0.7793999910354614,0.5066815614700317,0.5601304173469543,0.4647189974784851,19.413158416748047,264.0,0.22164954245090485,20.235937118530273,76,,,,,,,,,,,,
,,125719,3.0,0.49558743834495544,0.8370000123977661,0.5008401274681091,0.5044698715209961,0.4773537814617157,13.711591720581055,202.0,2.6208174228668213,16.8279972076416,76,,,,,,,,,,,,
,,125729,3.0,0.6274744272232056,0.8258666396141052,0.509768009185791,0.5544056296348572,0.487852543592453,21.48248291015625,214.0,0.159274160861969,22.26923179626465,76,,,,,,,,,,,,
,,125739,3.0,0.47095227241516113,0.8539999723434448,0.4949091672897339,0.472903311252594,0.4712814688682556,9.532232284545898,165.0,0.38845670223236084,10.391640663146973,76,,,,,,,,,,,,
,,125749,3.0,0.8431267738342285,0.7738666534423828,0.4849587678909302,0.43843215703964233,0.4486919343471527,12.380932807922363,382.0,1.4995696544647217,14.72362995147705,76,,,,,,,,,,,,
,,125759,3.0,0.5572900772094727,0.8427333235740662,0.49437636137008667,0.46374961733818054,0.465602844953537,16.779232025146484,257.0,6.488828182220459,23.825349807739258,76,,,,,,,,,,,,
,,125769,3.0,0.6241984963417053,0.8078666925430298,0.5046738982200623,0.5270205140113831,0.475899338722229,17.21379280090332,248.0,0.11658720672130585,17.954578399658203,76,,,,,,,,,,,,
,,125779,3.0,0.32197490334510803,0.8618666529655457,0.49885687232017517,0.44547900557518005,0.46338412165641785,3.1386959552764893,23.0,0.1004522293806076,3.5611231327056885,76,,,,,,,,,,,,
,,125789,3.0,0.41129040718078613,0.8848666548728943,0.5035941004753113,0.5125048756599426,0.49464741349220276,19.13018798828125,270.0,0.4739092290401459,20.01538848876953,76,,,,,,,,,,,,
,,125799,3.0,0.43217137455940247,0.8551333546638489,0.5027430653572083,0.5256448984146118,0.47688955068588257,17.83445930480957,126.0,0.08671484142541885,18.35334587097168,76,,,,,,,,,,,,
,,125809,3.0,0.4161797761917114,0.837066650390625,0.4983097314834595,0.4863634705543518,0.4675379991531372,9.843416213989258,111.0,0.7009934186935425,10.960589408874512,76,,,,,,,,,,,,
,,125819,3.0,0.3889378011226654,0.8825333118438721,0.5076447129249573,0.5261452198028564,0.5005487203598022,11.689906120300293,221.0,3.2659873962402344,15.344831466674805,76,,,,,,,,,,,,
,,125829,3.0,0.5760117173194885,0.8098000288009644,0.49114012718200684,0.4234819710254669,0.4495237469673157,15.037130355834961,212.0,0.23185235261917114,15.84499454498291,76,,,,,,,,,,,,
,,125839,3.0,0.3504880666732788,0.8556666374206543,0.4994150996208191,0.4935588240623474,0.4701244533061981,8.6766357421875,93.0,7.761794567108154,16.788917541503906,76,,,,,,,,,,,,
,,125849,3.0,0.6639260649681091,0.8203999996185303,0.4911743104457855,0.46118274331092834,0.4635549485683441,12.73340129852295,248.0,0.7182087302207947,14.115535736083984,76,,,,,,,,,,,,
,,125859,3.0,0.5937554836273193,0.8158000111579895,0.49619153141975403,0.4798630177974701,0.4665558338165283,10.036927223205566,174.0,9.897568702697754,20.52825164794922,76,,,,,,,,,,,,
,,125869,3.0,0.7603132128715515,0.7823333144187927,0.49392086267471313,0.4637916088104248,0.45413410663604736,11.362648010253906,238.0,1.8299343585968018,13.952895164489746,76,,,,,,,,,,,,
,,125879,3.0,0.4466257393360138,0.8548666834831238,0.4999871850013733,0.49993789196014404,0.4806007444858551,11.50469970703125,213.0,0.6727994680404663,12.624124526977539,76,,,,,,,,,,,,
,,125889,3.0,0.6476057171821594,0.8086666464805603,0.4984908103942871,0.49424460530281067,0.4753459095954895,27.031526565551758,464.0,0.2589931786060333,27.938125610351562,76,,,,,,,,,,,,
,,125899,3.0,0.4045380651950836,0.8392000198364258,0.5091656446456909,0.6157850027084351,0.48053592443466187,22.17377471923828,123.0,0.05894658342003822,22.637258529663086,76,,,,,,,,,,,,
,,125909,3.0,0.4876701235771179,0.8572666645050049,0.50545334815979,0.5169156193733215,0.49571794271469116,13.347260475158691,358.0,0.6567186117172241,14.49164867401123,76,,,,,,,,,,,,
,,125919,3.0,0.47961729764938354,0.8528000116348267,0.4980706572532654,0.49130967259407043,0.4784805178642273,8.292481422424316,151.0,3.786872148513794,12.55897045135498,76,,,,,,,,,,,,
,,125929,3.0,0.5299506783485413,0.833466649055481,0.5368001461029053,0.6250308156013489,0.5354793667793274,11.105490684509277,410.0,2.4995555877685547,14.134997367858887,76,,,,,,,,,,,,
,,125939,3.0,0.4871515929698944,0.8524666428565979,0.4928341209888458,0.458036869764328,0.4663862884044647,13.61893367767334,188.0,0.6399498581886292,14.746034622192383,76,,,,,,,,,,,,
,,125949,3.0,0.662749171257019,0.8246666789054871,0.5020360350608826,0.5095677375793457,0.4790048599243164,12.193866729736328,266.0,4.412393093109131,17.26900863647461,76,,,,,,,,,,,,
,,125959,3.0,0.47720882296562195,0.8328666687011719,0.4959580600261688,0.48392894864082336,0.47451329231262207,14.909976959228516,284.0,11.253768920898438,26.640954971313477,76,,,,,,,,,,,,
,,125969,3.0,0.3916241228580475,0.8668000102043152,0.5057986378669739,0.5360249280929565,0.48847925662994385,14.774093627929688,167.0,0.10569589585065842,15.271413803100586,76,,,,,,,,,,,,
,,125979,3.0,0.5675497651100159,0.79666668176651,0.4982513189315796,0.481892853975296,0.45479321479797363,10.794800758361816,201.0,7.9787373542785645,19.341087341308594,76,,,,,,,,,,,,
,,125989,3.0,0.30496546626091003,0.9196000099182129,0.49650174379348755,0.49230340123176575,0.4919589161872864,11.68374252319336,281.0,1.2731705904006958,13.26187801361084,76,,,,,,,,,,,,
,,125999,3.0,0.6603600382804871,0.7925999760627747,0.48835432529449463,0.4438789486885071,0.45269960165023804,11.719362258911133,296.0,0.827126681804657,13.206849098205566,76,,,,,,,,,,,,
,,126009,3.0,0.6504827737808228,0.7992666959762573,0.4890913963317871,0.43953028321266174,0.4519643187522888,15.622808456420898,300.0,0.42966243624687195,16.702953338623047,76,,,,,,,,,,,,
,,126019,3.0,0.3811660706996918,0.8416666388511658,0.5012152791023254,0.5334382653236389,0.46361100673675537,3.8951785564422607,39.0,0.14896747469902039,4.425312042236328,76,,,,,,,,,,,,
,,126029,3.0,0.4533098340034485,0.848466694355011,0.49757125973701477,0.48761025071144104,0.47507551312446594,23.31998634338379,321.0,0.1154647096991539,23.888761520385742,76,,,,,,,,,,,,
,,126039,3.0,0.33127349615097046,0.888866662979126,0.5078178644180298,0.6608163714408875,0.4884469211101532,8.310009956359863,31.0,0.20454160869121552,8.845824241638184,76,,,,,,,,,,,,
,,126049,3.0,0.5049914121627808,0.8123999834060669,0.502360999584198,0.540235698223114,0.4602477252483368,5.592461585998535,84.0,0.3358563184738159,6.433309555053711,76,,,,,,,,,,,,
,,126059,3.0,0.31740355491638184,0.8785333037376404,0.5029200315475464,0.5266315937042236,0.4825149178504944,8.665064811706543,80.0,0.17690719664096832,9.15937614440918,76,,,,,,,,,,,,
,,126069,3.0,0.4020651876926422,0.8717333078384399,0.5022676587104797,0.5493588447570801,0.4743766486644745,4.203856468200684,42.0,0.16899313032627106,4.774914741516113,76,,,,,,,,,,,,
,,126079,3.0,0.5414317846298218,0.7992666959762573,0.505704939365387,0.5310457944869995,0.4766649901866913,7.514044284820557,200.0,4.387912273406982,12.443387985229492,76,,,,,,,,,,,,
,,126089,3.0,0.47621744871139526,0.8414666652679443,0.5056220889091492,0.5280191898345947,0.48638731241226196,16.809146881103516,205.0,0.15883658826351166,17.44420051574707,76,,,,,,,,,,,,
,,126099,3.0,0.39317288994789124,0.8577333092689514,0.5228142142295837,0.6310299634933472,0.5137958526611328,14.603341102600098,164.0,0.9010889530181885,15.897603034973145,76,,,,,,,,,,,,
,,126109,3.0,0.5452003479003906,0.8376666903495789,0.49166977405548096,0.45093417167663574,0.4618687331676483,29.377975463867188,283.0,0.008159676566720009,29.93133544921875,76,,,,,,,,,,,,
,,126119,3.0,0.6074216365814209,0.8154666423797607,0.5036725997924805,0.5218232274055481,0.47556039690971375,23.344213485717773,238.0,0.07052523642778397,24.02216148376465,76,,,,,,,,,,,,
,,126129,3.0,0.40883421897888184,0.8433333039283752,0.5075428485870361,0.5642004013061523,0.48275426030158997,21.044828414916992,184.0,0.23550565540790558,21.68916893005371,76,,,,,,,,,,,,
,,126139,3.0,0.45190295577049255,0.8205999732017517,0.4999024569988251,0.4986199140548706,0.4601151943206787,4.830371856689453,88.0,0.9903243184089661,6.272599220275879,76,,,,,,,,,,,,
,,126149,3.0,0.44859805703163147,0.8191333413124084,0.5098180174827576,0.5441272258758545,0.4901755750179291,13.804967880249023,258.0,3.086632251739502,17.340198516845703,76,,,,,,,,,,,,
,,126159,3.0,0.35113176703453064,0.876466691493988,0.5082470774650574,0.5473049283027649,0.49497270584106445,9.183932304382324,187.0,0.24796925485134125,9.78303337097168,76,,,,,,,,,,,,
,,126169,3.0,0.3288518190383911,0.8658000230789185,0.4954977035522461,0.4405018091201782,0.4645305871963501,6.2293806076049805,60.0,0.013924576342105865,6.57215690612793,76,,,,,,,,,,,,
,,126179,3.0,0.3444291651248932,0.8776666522026062,0.5023759603500366,0.5256125330924988,0.4801141023635864,6.837369918823242,91.0,0.06850789487361908,7.250306606292725,76,,,,,,,,,,,,
,,126189,3.0,0.38580140471458435,0.8570666909217834,0.5090968608856201,0.5483964681625366,0.49359703063964844,27.568603515625,261.0,0.33002081513404846,28.284425735473633,76,,,,,,,,,,,,
,,126199,3.0,0.6918254494667053,0.7959333062171936,0.4888632893562317,0.4337797462940216,0.4495514929294586,8.13893985748291,172.0,4.787992000579834,13.618757247924805,76,,,,,,,,,,,,
,,126209,3.0,0.49940037727355957,0.8592666387557983,0.5175177454948425,0.5720798969268799,0.5098128318786621,8.359128952026367,210.0,20.005584716796875,28.864112854003906,76,,,,,,,,,,,,
,,126219,3.0,0.6861580014228821,0.8208666443824768,0.4970484972000122,0.489352822303772,0.47631436586380005,21.531709671020508,284.0,6.048922538757324,28.266788482666016,76,,,,,,,,,,,,
,,126229,3.0,0.5603046417236328,0.8062000274658203,0.49927619099617004,0.4965820908546448,0.4715059697628021,8.806962013244629,209.0,4.430820465087891,13.798087120056152,76,,,,,,,,,,,,
,,126239,3.0,0.7583183646202087,0.7978666424751282,0.49440672993659973,0.47591063380241394,0.46496495604515076,17.605031967163086,243.0,12.254514694213867,30.61786460876465,76,,,,,,,,,,,,
,,126249,3.0,0.46960702538490295,0.8552666902542114,0.5144919753074646,0.5832577347755432,0.5005760192871094,12.112366676330566,113.0,6.415999889373779,18.997974395751953,76,,,,,,,,,,,,
,,126259,3.0,0.7779081463813782,0.8031333088874817,0.4950317442417145,0.4824719727039337,0.4713841676712036,16.87458610534668,278.0,8.71972370147705,26.37221908569336,76,,,,,,,,,,,,
,,126269,3.0,0.6329585313796997,0.7957333326339722,0.49477094411849976,0.4676937460899353,0.45750492811203003,17.890846252441406,252.0,0.24638383090496063,18.77018928527832,76,,,,,,,,,,,,
,,126279,3.0,0.4117407500743866,0.8511333465576172,0.5157512426376343,0.5991126298904419,0.5006002187728882,11.65502643585205,157.0,1.4698996543884277,13.536666870117188,76,,,,,,,,,,,,
,,126289,3.0,0.3737022280693054,0.855733335018158,0.5053204298019409,0.5584827065467834,0.4796951115131378,17.085281372070312,111.0,0.03479660302400589,17.4937801361084,76,,,,,,,,,,,,
,,126299,3.0,0.5228807926177979,0.8379999995231628,0.5061138868331909,0.532559335231781,0.4854815602302551,15.337246894836426,196.0,5.005770206451416,20.86589813232422,76,,,,,,,,,,,,
,,126309,3.0,0.663154125213623,0.7778666615486145,0.500317394733429,0.5019847750663757,0.4613991677761078,13.99278736114502,207.0,3.6452319622039795,18.301172256469727,76,,,,,,,,,,,,
,,126319,3.0,0.5085364580154419,0.8363999724388123,0.49581724405288696,0.4613901674747467,0.46184056997299194,19.398082733154297,192.0,0.7357885241508484,20.64240837097168,76,,,,,,,,,,,,
,,126329,3.0,0.32505157589912415,0.8861333131790161,0.5028640031814575,0.5202438831329346,0.486174076795578,13.045439720153809,119.0,0.4244130551815033,13.794903755187988,76,,,,,,,,,,,,
,,126339,3.0,0.5344780683517456,0.7847999930381775,0.4948199987411499,0.45067721605300903,0.44781798124313354,6.809253215789795,93.0,2.428122043609619,9.77185344696045,76,,,,,,,,,,,,
,,126349,3.0,0.5814872980117798,0.8252666592597961,0.4937015175819397,0.4590429663658142,0.4610429108142853,13.785512924194336,136.0,2.370413303375244,16.73741340637207,76,,,,,,,,,,,,
,,126359,3.0,0.5717663764953613,0.8289999961853027,0.49361652135849,0.4673129916191101,0.4656831622123718,14.100176811218262,193.0,1.9265108108520508,16.598453521728516,76,,,,,,,,,,,,
,,126369,3.0,0.5380537509918213,0.79666668176651,0.4886126220226288,0.4077472388744354,0.4437371790409088,10.766438484191895,134.0,0.7285407781600952,12.033032417297363,76,,,,,,,,,,,,
,,126379,3.0,0.47574830055236816,0.8419333100318909,0.5058194398880005,0.5237292051315308,0.48991358280181885,6.389549255371094,230.0,16.337860107421875,23.203157424926758,76,,,,,,,,,,,,
,,126389,3.0,0.6609095931053162,0.8213333487510681,0.5082971453666687,0.5357857942581177,0.4891136884689331,13.1616792678833,223.0,16.76772689819336,30.590316772460938,76,,,,,,,,,,,,
,,126399,3.0,0.5045241117477417,0.8353999853134155,0.4983166754245758,0.47766658663749695,0.46189606189727783,5.734616756439209,77.0,0.7852036356925964,7.024344444274902,76,,,,,,,,,,,,
,,126409,3.0,0.5847000479698181,0.8007333278656006,0.5039312243461609,0.5409840941429138,0.4643319845199585,13.072710990905762,163.0,0.11458861827850342,13.77199935913086,76,,,,,,,,,,,,
,,126419,3.0,0.3643293082714081,0.8500000238418579,0.5044251084327698,0.5807392597198486,0.4731946289539337,5.4749932289123535,49.0,0.2747957110404968,6.1141180992126465,76,,,,,,,,,,,,
,,126429,3.0,0.5805729031562805,0.8586000204086304,0.49518606066703796,0.486285924911499,0.4826209247112274,9.094303131103516,288.0,3.8012306690216064,13.476106643676758,76,,,,,,,,,,,,
,,126439,3.0,0.45745235681533813,0.8497999906539917,0.5002535581588745,0.5011122822761536,0.4817124605178833,13.898796081542969,333.0,0.4909595251083374,14.847208023071289,76,,,,,,,,,,,,
,,126449,3.0,0.545647382736206,0.8078666925430298,0.4981650114059448,0.47960102558135986,0.45661190152168274,5.630105018615723,76.0,0.5598843097686768,6.7356367111206055,76,,,,,,,,,,,,
,,126459,3.0,0.4082753658294678,0.8537333607673645,0.5084747672080994,0.5427627563476562,0.49272680282592773,15.151021003723145,234.0,0.31105461716651917,15.87035083770752,76,,,,,,,,,,,,
,,126469,3.0,0.6408577561378479,0.8099333047866821,0.5009599924087524,0.5050679445266724,0.4725058376789093,12.27278995513916,205.0,16.65530014038086,29.568946838378906,76,,,,,,,,,,,,
,,126479,3.0,0.5506120324134827,0.8338666558265686,0.4908902943134308,0.4590938985347748,0.464838445186615,19.808759689331055,318.0,0.14361672103405,20.502988815307617,76,,,,,,,,,,,,
,,126489,3.0,0.3893292248249054,0.8916000127792358,0.4988675117492676,0.49645379185676575,0.4896492063999176,7.6653313636779785,273.0,6.56585168838501,14.620512008666992,76,,,,,,,,,,,,
,,126499,3.0,0.45182618498802185,0.8524666428565979,0.49554434418678284,0.46873337030410767,0.4681311249732971,9.970941543579102,196.0,4.969383716583252,15.39215087890625,76,,,,,,,,,,,,
,,126509,3.0,0.7026267051696777,0.7931333184242249,0.5028355121612549,0.5186557769775391,0.4676346480846405,9.816046714782715,174.0,0.7395482063293457,11.258220672607422,76,,,,,,,,,,,,
,,126519,3.0,0.711532473564148,0.791533350944519,0.4929742217063904,0.46001335978507996,0.45561161637306213,11.540587425231934,285.0,3.678128719329834,15.930248260498047,76,,,,,,,,,,,,
,,126529,3.0,0.7380092740058899,0.789733350276947,0.49769923090934753,0.4893006384372711,0.46645480394363403,11.818334579467773,284.0,3.822944402694702,16.379287719726562,76,,,,,,,,,,,,
,,126539,3.0,0.528997540473938,0.8483333587646484,0.500076174736023,0.5002427101135254,0.4865851402282715,9.322000503540039,222.0,4.34228515625,14.193283081054688,76,,,,,,,,,,,,
,,126549,3.0,0.3041282594203949,0.8828666806221008,0.5041250586509705,0.5683860778808594,0.48160073161125183,12.831908226013184,65.0,0.22495530545711517,13.360992431640625,76,,,,,,,,,,,,
,,126559,3.0,0.5220425128936768,0.835266649723053,0.500745952129364,0.5114431381225586,0.4645692706108093,4.573593616485596,57.0,1.335310459136963,6.4309468269348145,76,,,,,,,,,,,,
,,126569,3.0,0.5367408990859985,0.8566666841506958,0.5065354108810425,0.511986255645752,0.5040605068206787,13.248047828674316,356.0,9.326169967651367,23.110958099365234,76,,,,,,,,,,,,
,,126579,3.0,0.3370077908039093,0.8700000047683716,0.49877408146858215,0.4822137951850891,0.47029197216033936,9.185587882995605,54.0,0.4625081419944763,9.985103607177734,76,,,,,,,,,,,,
,,126589,3.0,0.5529837608337402,0.8534666895866394,0.5239667296409607,0.5846778154373169,0.5200873017311096,14.695947647094727,216.0,18.367578506469727,33.61650848388672,76,,,,,,,,,,,,
,,126599,3.0,0.3996870219707489,0.8648666739463806,0.511845588684082,0.6104001402854919,0.4937339127063751,21.051301956176758,136.0,0.14131544530391693,21.592304229736328,76,,,,,,,,,,,,
,,126609,3.0,0.38122767210006714,0.8566666841506958,0.5108992457389832,0.5644217729568481,0.49500772356987,13.448295593261719,194.0,0.2921140491962433,14.121637344360352,76,,,,,,,,,,,,
,,126619,3.0,0.37759262323379517,0.8533999919891357,0.49650993943214417,0.47258883714675903,0.46845346689224243,25.366756439208984,186.0,0.2290710210800171,25.973419189453125,76,,,,,,,,,,,,
,,126629,3.0,0.6471645832061768,0.8790666460990906,0.5136865973472595,0.522086501121521,0.5145578384399414,9.822726249694824,298.0,3.812777519226074,14.282668113708496,76,,,,,,,,,,,,
,,126639,3.0,0.4890505075454712,0.8599333167076111,0.5028607845306396,0.5089720487594604,0.4921422004699707,13.62706184387207,312.0,0.5169561505317688,14.633069038391113,76,,,,,,,,,,,,
,,126649,3.0,0.616546630859375,0.8320666551589966,0.4933587312698364,0.47787511348724365,0.4741813540458679,13.076655387878418,351.0,0.13016577064990997,13.823368072509766,76,,,,,,,,,,,,
,,126659,3.0,0.4761740267276764,0.868066668510437,0.5304600596427917,0.5931186676025391,0.5327562689781189,13.631061553955078,222.0,1.3512012958526611,15.458436965942383,76,,,,,,,,,,,,
,,126669,3.0,0.5711635947227478,0.849133312702179,0.49506375193595886,0.42819201946258545,0.45920610427856445,9.51203727722168,75.0,0.03177906572818756,10.11497974395752,76,,,,,,,,,,,,
,,126679,3.0,0.5863088965415955,0.7937333583831787,0.5021618604660034,0.5152435898780823,0.46559029817581177,16.93639373779297,216.0,0.1981402486562729,17.720844268798828,76,,,,,,,,,,,,
,,126689,3.0,0.300335168838501,0.8853333592414856,0.49760350584983826,0.4710349440574646,0.4730410873889923,4.4947967529296875,83.0,0.9971597194671631,5.792291641235352,76,,,,,,,,,,,,
,,126699,3.0,0.42535924911499023,0.8537333607673645,0.5015392899513245,0.5192282795906067,0.4720503091812134,9.217042922973633,118.0,0.06322674453258514,9.705629348754883,76,,,,,,,,,,,,
,,126709,3.0,0.4513222277164459,0.8773999810218811,0.5025902390480042,0.5091949701309204,0.4920429587364197,17.6567325592041,294.0,0.07624709606170654,18.184301376342773,76,,,,,,,,,,,,
,,126719,3.0,0.504522442817688,0.8321333527565002,0.4955010414123535,0.43720099329948425,0.4561493694782257,24.710573196411133,138.0,0.35809051990509033,25.57318687438965,76,,,,,,,,,,,,
,,126729,3.0,0.4415290653705597,0.8302666544914246,0.4988518953323364,0.49073272943496704,0.46689221262931824,8.651217460632324,169.0,1.3513317108154297,10.44407844543457,76,,,,,,,,,,,,
,,126739,3.0,0.6189706325531006,0.8261333107948303,0.505533754825592,0.520596981048584,0.48863685131073,12.378613471984863,263.0,11.928384780883789,24.925968170166016,76,,,,,,,,,,,,
,,126749,3.0,0.5770015120506287,0.8092666864395142,0.508253812789917,0.5702081918716431,0.47561532258987427,14.055023193359375,163.0,1.9075071811676025,16.539531707763672,76,,,,,,,,,,,,
,,126759,3.0,0.49120795726776123,0.8613333106040955,0.4954603612422943,0.46299079060554504,0.46795445680618286,12.1436185836792,112.0,0.08454026281833649,12.719367027282715,76,,,,,,,,,,,,
,,126769,3.0,0.5446939468383789,0.8212666511535645,0.4890822768211365,0.4395506978034973,0.45604920387268066,15.215448379516602,273.0,1.2383688688278198,16.998510360717773,76,,,,,,,,,,,,
,,126779,3.0,0.4516155421733856,0.8203333616256714,0.4958191215991974,0.43538394570350647,0.45284485816955566,13.744097709655762,116.0,0.035865407437086105,14.231578826904297,76,,,,,,,,,,,,
,,126789,3.0,0.7024924755096436,0.7773333191871643,0.4919167757034302,0.46816402673721313,0.4601060152053833,12.067442893981934,363.0,1.0618804693222046,13.831815719604492,76,,,,,,,,,,,,
,,126799,3.0,0.3618960380554199,0.864799976348877,0.5026122331619263,0.5126529932022095,0.4862234890460968,29.843128204345703,315.0,0.13164345920085907,30.336668014526367,76,,,,,,,,,,,,
,,126809,3.0,0.4393596947193146,0.8669999837875366,0.4997035562992096,0.49578890204429626,0.47126615047454834,7.572577953338623,91.0,0.16544772684574127,8.177386283874512,76,,,,,,,,,,,,
,,126819,3.0,0.3925352990627289,0.841533362865448,0.49963057041168213,0.49557316303253174,0.4663948714733124,20.214143753051758,119.0,0.037891872227191925,20.64457130432129,76,,,,,,,,,,,,
,,126829,3.0,0.4242488741874695,0.8525999784469604,0.5103170275688171,0.5670881271362305,0.4921617805957794,14.245278358459473,161.0,0.9163498878479004,15.58587646484375,76,,,,,,,,,,,,
,,126839,3.0,0.4790738821029663,0.833133339881897,0.50105881690979,0.5055674314498901,0.4771610200405121,18.365787506103516,308.0,0.1935506910085678,19.03841209411621,76,,,,,,,,,,,,
,,126849,3.0,0.3397158086299896,0.875,0.5043140053749084,0.5259948372840881,0.4880063235759735,16.038223266601562,134.0,5.013087272644043,21.39102554321289,76,,,,,,,,,,,,
,,126859,3.0,0.46707797050476074,0.8205999732017517,0.4974101781845093,0.4660918712615967,0.45690762996673584,13.342771530151367,104.0,0.18691319227218628,13.996763229370117,76,,,,,,,,,,,,
,,126869,3.0,0.5078184604644775,0.8201333284378052,0.5113939046859741,0.567021906375885,0.48819833993911743,14.695393562316895,180.0,2.382582664489746,17.58579444885254,76,,,,,,,,,,,,
,,126879,3.0,0.31753382086753845,0.9044666886329651,0.5125661492347717,0.5460512638092041,0.5098656415939331,17.149240493774414,159.0,0.416511207818985,17.883285522460938,76,,,,,,,,,,,,
,,126889,3.0,0.39006295800209045,0.8827999830245972,0.5050607919692993,0.5383056998252869,0.4884687066078186,14.420842170715332,111.0,0.31289076805114746,15.123796463012695,76,,,,,,,,,,,,
,,126899,3.0,0.6289693713188171,0.8306666612625122,0.5111785531044006,0.5296804308891296,0.5032355785369873,25.17607307434082,576.0,0.20839670300483704,26.013439178466797,76,,,,,,,,,,,,
,,126909,3.0,0.3878975808620453,0.850600004196167,0.5015982389450073,0.5093548893928528,0.4796260595321655,11.54523754119873,208.0,3.091007947921753,15.02414321899414,76,,,,,,,,,,,,
,,126919,3.0,0.5453694462776184,0.8202000260353088,0.5115260481834412,0.5714765191078186,0.48760509490966797,23.99236297607422,233.0,0.16327045857906342,24.701004028320312,76,,,,,,,,,,,,
,,126929,3.0,0.35653331875801086,0.8755999803543091,0.4981885850429535,0.4860112965106964,0.4757445156574249,5.407243728637695,84.0,0.34911206364631653,6.112889289855957,76,,,,,,,,,,,,
,,126939,3.0,0.38016435503959656,0.8726000189781189,0.49624451994895935,0.48249319195747375,0.4781760275363922,12.204490661621094,223.0,1.24922513961792,13.833879470825195,76,,,,,,,,,,,,
,,126949,3.0,0.3952578008174896,0.8769333362579346,0.5100160837173462,0.5305591821670532,0.5046155452728271,8.441227912902832,280.0,2.832401752471924,11.668888092041016,76,,,,,,,,,,,,
,,126959,3.0,0.6601567268371582,0.8423333168029785,0.48945385217666626,0.4543364346027374,0.46465110778808594,13.24572467803955,275.0,0.740600049495697,14.64648151397705,76,,,,,,,,,,,,
,,126969,3.0,0.6902292966842651,0.7997999787330627,0.49603500962257385,0.47516730427742004,0.45998144149780273,10.095311164855957,145.0,2.6639106273651123,13.449451446533203,76,,,,,,,,,,,,
,,126979,3.0,0.48003727197647095,0.8419333100318909,0.5001574754714966,0.5019730925559998,0.46693897247314453,17.332054138183594,93.0,0.02066352218389511,17.83275604248047,76,,,,,,,,,,,,
,,126989,3.0,0.4036077558994293,0.8284666538238525,0.5016541481018066,0.5096338391304016,0.4755185842514038,16.655412673950195,241.0,1.3909000158309937,18.449920654296875,76,,,,,,,,,,,,
,,126999,3.0,0.6755672097206116,0.8219333291053772,0.5258691906929016,0.584830641746521,0.5188599824905396,14.302509307861328,327.0,1.641783595085144,16.61985969543457,76,,,,,,,,,,,,
,,127009,3.0,0.693236768245697,0.8031333088874817,0.5015522241592407,0.5069767236709595,0.4752495586872101,13.301149368286133,311.0,1.0379866361618042,15.03237247467041,76,,,,,,,,,,,,
,,127019,3.0,0.4717877209186554,0.8625333309173584,0.5024740099906921,0.5056643486022949,0.49638447165489197,20.866918563842773,264.0,9.614433288574219,30.953140258789062,76,,,,,,,,,,,,
,,127029,3.0,0.5381659865379333,0.8179333209991455,0.5092505216598511,0.5392615795135498,0.49017608165740967,16.748600006103516,369.0,1.0447179079055786,18.331483840942383,76,,,,,,,,,,,,
,,127039,3.0,0.47005489468574524,0.8302666544914246,0.4921981394290924,0.44273966550827026,0.45787784457206726,7.1231560707092285,143.0,0.4014202356338501,7.994631290435791,76,,,,,,,,,,,,
,,127049,3.0,0.5931974053382874,0.8507333397865295,0.5154830813407898,0.543168306350708,0.5106009244918823,14.091414451599121,328.0,1.900482177734375,16.585094451904297,76,,,,,,,,,,,,
,,127059,3.0,0.3803921341896057,0.8479999899864197,0.5012832880020142,0.5185315608978271,0.4691123962402344,4.570621967315674,71.0,1.0668156147003174,6.017829895019531,76,,,,,,,,,,,,
,,127069,3.0,0.451132595539093,0.8130666613578796,0.5002233982086182,0.503636360168457,0.457453191280365,6.9295430183410645,89.0,0.05276162177324295,7.433437347412109,76,,,,,,,,,,,,
,,127079,3.0,0.44969624280929565,0.855733335018158,0.4987322688102722,0.49241265654563904,0.47583529353141785,12.377189636230469,159.0,1.4375535249710083,14.264439582824707,76,,,,,,,,,,,,
,,127089,3.0,0.543678879737854,0.8252666592597961,0.4944480061531067,0.4164928197860718,0.4521348476409912,5.958935260772705,74.0,0.20566228032112122,6.708276271820068,76,,,,,,,,,,,,
,,127099,3.0,0.6726384162902832,0.8176666498184204,0.5222122073173523,0.5579856038093567,0.5169709324836731,9.487357139587402,405.0,3.3087565898895264,13.46875286102295,76,,,,,,,,,,,,
,,127109,3.0,0.4815065860748291,0.859333336353302,0.5108547210693359,0.5457550883293152,0.4996243119239807,12.488068580627441,288.0,0.4256495535373688,13.395224571228027,76,,,,,,,,,,,,
,,127119,3.0,0.5014693140983582,0.8277999758720398,0.5090633630752563,0.5465322732925415,0.48848047852516174,15.578991889953613,219.0,1.3110942840576172,17.391555786132812,76,,,,,,,,,,,,
1.235959448259844e-05,0.00012359594482598438,127126,,,,,,,,,,,,,,,,,,,,,,,
,,127129,3.0,0.45369747281074524,0.849399983882904,0.5183819532394409,0.5532286763191223,0.5140087604522705,16.299318313598633,301.0,3.915985107421875,20.66900062561035,77,,,,,,,,,,,,
,,127139,3.0,0.30604973435401917,0.8910666704177856,0.4992998242378235,0.49537235498428345,0.48193976283073425,15.371761322021484,143.0,0.34266459941864014,16.020475387573242,77,,,,,,,,,,,,
,,127149,3.0,0.44648584723472595,0.8501333594322205,0.5121445655822754,0.5979311466217041,0.49210110306739807,22.067161560058594,192.0,0.20909039676189423,22.72273826599121,77,,,,,,,,,,,,
,,127159,3.0,0.5510844588279724,0.8245999813079834,0.49827221035957336,0.4897613227367401,0.46936723589897156,7.060887813568115,188.0,7.482147216796875,15.094120025634766,77,,,,,,,,,,,,
,,127169,3.0,0.4481751620769501,0.8202000260353088,0.5004312992095947,0.5051557421684265,0.46243369579315186,9.883623123168945,73.0,0.5588801503181458,10.890678405761719,77,,,,,,,,,,,,
,,127179,3.0,0.452048659324646,0.8150666952133179,0.49937063455581665,0.4872458577156067,0.45504647493362427,8.484837532043457,55.0,0.08943138271570206,9.026317596435547,77,,,,,,,,,,,,
,,127189,3.0,0.4875503182411194,0.8465999960899353,0.4969691336154938,0.48871520161628723,0.4791383743286133,11.188833236694336,200.0,1.9755592346191406,13.65194320678711,77,,,,,,,,,,,,
,,127199,3.0,0.5874460935592651,0.8227999806404114,0.5017186999320984,0.5080922842025757,0.4781680107116699,13.969976425170898,182.0,6.2723236083984375,20.82974624633789,77,,,,,,,,,,,,
,,127209,3.0,0.64048171043396,0.8069333434104919,0.48995786905288696,0.44413432478904724,0.45463356375694275,15.067584991455078,251.0,0.25282296538352966,15.96088981628418,77,,,,,,,,,,,,
,,127219,3.0,0.5809805989265442,0.7983999848365784,0.5001505613327026,0.5011664628982544,0.4621794521808624,6.9427995681762695,164.0,5.133732318878174,12.657512664794922,77,,,,,,,,,,,,
,,127229,3.0,0.48490244150161743,0.8601333498954773,0.518903374671936,0.6002419590950012,0.5091719627380371,13.237215042114258,146.0,0.8795686364173889,14.601686477661133,77,,,,,,,,,,,,
,,127239,3.0,0.41110536456108093,0.8551999926567078,0.4891972243785858,0.4429948925971985,0.46279820799827576,15.958857536315918,165.0,0.15412427484989166,16.52408790588379,77,,,,,,,,,,,,
,,127249,3.0,0.2982620298862457,0.8773999810218811,0.49901309609413147,0.48735255002975464,0.47323375940322876,11.203475952148438,68.0,2.172476053237915,13.674213409423828,77,,,,,,,,,,,,
,,127259,3.0,0.5814047455787659,0.8184666633605957,0.5173951983451843,0.5566657185554504,0.5066694021224976,11.210233688354492,357.0,8.955711364746094,20.74734878540039,77,,,,,,,,,,,,
,,127269,3.0,0.3532885015010834,0.866599977016449,0.505976676940918,0.5353201031684875,0.48928505182266235,17.76212501525879,231.0,0.028523292392492294,18.143936157226562,77,,,,,,,,,,,,
,,127279,3.0,0.3148784637451172,0.8900666832923889,0.5123984813690186,0.5650082230567932,0.5047119855880737,11.266287803649902,108.0,4.180449962615967,15.761615753173828,77,,,,,,,,,,,,
,,127289,3.0,0.5823974013328552,0.8274000287055969,0.48948824405670166,0.45203307271003723,0.46142369508743286,15.651750564575195,304.0,0.039714548736810684,16.273862838745117,77,,,,,,,,,,,,
,,127299,3.0,0.35188233852386475,0.8435333371162415,0.5009661316871643,0.5175833702087402,0.4658806025981903,9.902095794677734,51.0,0.5505554676055908,10.804533004760742,77,,,,,,,,,,,,
,,127309,3.0,0.44271478056907654,0.8344666957855225,0.49817168712615967,0.46131908893585205,0.4580574631690979,5.052157878875732,52.0,0.27931782603263855,5.774190425872803,77,,,,,,,,,,,,
,,127319,3.0,0.44465792179107666,0.8412666916847229,0.49664175510406494,0.46684160828590393,0.46347635984420776,21.11849594116211,176.0,0.03365353122353554,21.5968074798584,77,,,,,,,,,,,,
,,127329,3.0,0.2879466414451599,0.9158666729927063,0.5064476132392883,0.5650894641876221,0.4955918788909912,4.809970855712891,47.0,1.5997025966644287,6.697620391845703,77,,,,,,,,,,,,
,,127339,3.0,0.5671092867851257,0.8223999738693237,0.5033425092697144,0.5164958238601685,0.4796449840068817,13.613354682922363,244.0,0.4847688376903534,14.66523265838623,77,,,,,,,,,,,,
,,127349,3.0,0.8085984587669373,0.7906666398048401,0.4935985207557678,0.4714493751525879,0.46171998977661133,20.2584228515625,339.0,1.9431613683700562,23.010181427001953,77,,,,,,,,,,,,
,,127359,3.0,0.3308062255382538,0.8688666820526123,0.5040038824081421,0.5393984317779541,0.48153865337371826,18.77397918701172,146.0,0.07322188466787338,19.178007125854492,77,,,,,,,,,,,,
,,127369,3.0,0.5018938779830933,0.8477333188056946,0.49180901050567627,0.46545371413230896,0.46943312883377075,12.391127586364746,293.0,0.2816177308559418,13.174639701843262,77,,,,,,,,,,,,
,,127379,3.0,0.4006345570087433,0.8468666672706604,0.4990251958370209,0.48876088857650757,0.46704041957855225,7.442539215087891,67.0,1.460530161857605,9.303704261779785,77,,,,,,,,,,,,
,,127389,3.0,0.49415624141693115,0.8564000129699707,0.5196587443351746,0.5531269907951355,0.5173636674880981,14.425798416137695,285.0,4.075632095336914,18.995586395263672,77,,,,,,,,,,,,
,,127399,3.0,0.3503692150115967,0.8675333261489868,0.5098609328269958,0.6180099248886108,0.4892706573009491,15.957335472106934,104.0,0.06146788224577904,16.369173049926758,77,,,,,,,,,,,,
,,127409,3.0,0.4983646869659424,0.8180000185966492,0.49507439136505127,0.45132893323898315,0.45567911863327026,14.920942306518555,159.0,0.17700642347335815,15.5963134765625,77,,,,,,,,,,,,
,,127419,3.0,0.6127730011940002,0.8168666958808899,0.49216365814208984,0.4548303186893463,0.45914122462272644,14.341989517211914,256.0,1.325730562210083,16.280492782592773,77,,,,,,,,,,,,
,,127429,3.0,0.5337112545967102,0.8295999765396118,0.5043005347251892,0.5308616161346436,0.4767075777053833,7.70803689956665,127.0,5.742929935455322,13.984678268432617,77,,,,,,,,,,,,
,,127439,3.0,0.7423710823059082,0.7940000295639038,0.49065956473350525,0.46127617359161377,0.4598355293273926,10.295284271240234,240.0,15.000133514404297,26.03778839111328,77,,,,,,,,,,,,
,,127449,3.0,0.37527525424957275,0.8633999824523926,0.4986858367919922,0.47807207703590393,0.4676770865917206,5.9278340339660645,45.0,0.8830901980400085,7.186199188232422,77,,,,,,,,,,,,
,,127459,3.0,0.5390456914901733,0.8351333141326904,0.5134151577949524,0.547329306602478,0.5022189021110535,17.62442398071289,294.0,14.005559921264648,32.169029235839844,77,,,,,,,,,,,,
,,127469,3.0,0.5460750460624695,0.8428000211715698,0.4956951141357422,0.4785577058792114,0.47165438532829285,9.498242378234863,226.0,0.8705548644065857,10.914872169494629,77,,,,,,,,,,,,
,,127479,3.0,0.4511052072048187,0.8828666806221008,0.5179213881492615,0.5519368052482605,0.5170155763626099,17.801687240600586,271.0,1.0582555532455444,19.31104850769043,77,,,,,,,,,,,,
,,127489,3.0,0.826388418674469,0.7789999842643738,0.49158138036727905,0.4579557180404663,0.4539654850959778,10.21623706817627,328.0,0.06755392253398895,11.11017894744873,77,,,,,,,,,,,,
,,127499,3.0,0.46387892961502075,0.8489333391189575,0.5026211738586426,0.5132887959480286,0.482928603887558,11.588091850280762,208.0,2.953895330429077,15.005866050720215,77,,,,,,,,,,,,
,,127509,3.0,0.6552189588546753,0.7365333437919617,0.48873332142829895,0.4313147962093353,0.4359523355960846,10.273331642150879,352.0,0.7254480719566345,11.653998374938965,77,,,,,,,,,,,,
,,127519,3.0,0.4087309241294861,0.8729333281517029,0.509057343006134,0.5334306955337524,0.5005738139152527,15.156608581542969,330.0,0.16804221272468567,15.733381271362305,77,,,,,,,,,,,,
,,127529,3.0,0.5131100416183472,0.8292666673660278,0.5019901394844055,0.5088436603546143,0.480741411447525,8.716500282287598,281.0,8.22883415222168,17.458444595336914,77,,,,,,,,,,,,
,,127539,3.0,0.47839847207069397,0.833133339881897,0.5042755007743835,0.5268186330795288,0.47931385040283203,21.743404388427734,275.0,0.07278131693601608,22.294584274291992,77,,,,,,,,,,,,
,,127549,3.0,0.40145304799079895,0.8744000196456909,0.49572908878326416,0.4405185878276825,0.46649593114852905,10.835644721984863,93.0,0.011496241204440594,11.248594284057617,77,,,,,,,,,,,,
,,127559,3.0,0.35991525650024414,0.8586666584014893,0.49913766980171204,0.48866894841194153,0.4689157009124756,9.225753784179688,65.0,0.21113258600234985,9.796801567077637,77,,,,,,,,,,,,
,,127569,3.0,0.7133324146270752,0.7804666757583618,0.506484866142273,0.5431969165802002,0.46967336535453796,17.964235305786133,212.0,0.13714545965194702,18.814714431762695,77,,,,,,,,,,,,
,,127579,3.0,0.4754211902618408,0.8553333282470703,0.49933895468711853,0.49635496735572815,0.47782549262046814,16.72407341003418,250.0,0.19453780353069305,17.394033432006836,77,,,,,,,,,,,,
,,127589,3.0,0.4447004199028015,0.8357333540916443,0.5053385496139526,0.6034936308860779,0.4704737067222595,5.554806232452393,50.0,0.7421894669532776,6.741695880889893,77,,,,,,,,,,,,
,,127599,3.0,0.32743674516677856,0.8723999857902527,0.5002142786979675,0.5025526285171509,0.47461166977882385,8.63684368133545,72.0,1.8410232067108154,10.805303573608398,77,,,,,,,,,,,,
,,127609,3.0,0.534003496170044,0.8182666897773743,0.5196062922477722,0.6522226333618164,0.49608081579208374,7.078925132751465,184.0,0.9387171864509583,8.551645278930664,77,,,,,,,,,,,,
,,127619,3.0,0.5756348371505737,0.8398000001907349,0.48746779561042786,0.4458942413330078,0.4613691568374634,18.1716251373291,213.0,0.9452741742134094,19.692533493041992,77,,,,,,,,,,,,
,,127629,3.0,0.5220048427581787,0.8380666375160217,0.5040827393531799,0.5121492743492126,0.4922684133052826,14.953431129455566,321.0,3.353445053100586,18.828880310058594,77,,,,,,,,,,,,
,,127639,3.0,0.3571152687072754,0.866599977016449,0.49954989552497864,0.4958948493003845,0.4744918942451477,5.369603157043457,95.0,1.4095666408538818,7.136284828186035,77,,,,,,,,,,,,
,,127649,3.0,0.506033182144165,0.8244666457176208,0.5005362629890442,0.5031055212020874,0.47313302755355835,11.743965148925781,171.0,3.1754820346832275,15.425479888916016,77,,,,,,,,,,,,
,,127659,3.0,0.3923288881778717,0.8288666605949402,0.4977000653743744,0.4695318341255188,0.45931485295295715,5.131851673126221,94.0,0.12326416373252869,5.647444725036621,77,,,,,,,,,,,,
,,127669,3.0,0.38676345348358154,0.8762666583061218,0.5028550028800964,0.5161821842193604,0.4866061508655548,12.097153663635254,131.0,0.612514853477478,13.096431732177734,77,,,,,,,,,,,,
,,127679,3.0,0.4765057861804962,0.837933361530304,0.5159415006637573,0.6052870750427246,0.49739211797714233,16.059131622314453,205.0,1.7207183837890625,18.25635528564453,77,,,,,,,,,,,,
,,127689,3.0,0.590529203414917,0.7961333394050598,0.49979445338249207,0.49839362502098083,0.46097704768180847,13.140439987182617,151.0,0.600611686706543,14.331581115722656,77,,,,,,,,,,,,
,,127699,3.0,0.36722707748413086,0.875,0.5009210705757141,0.5114968419075012,0.47604307532310486,12.431888580322266,88.0,0.5977361798286438,13.396852493286133,77,,,,,,,,,,,,
,,127709,3.0,0.359000563621521,0.8612666726112366,0.49744370579719543,0.48299890756607056,0.4734833240509033,11.845902442932129,225.0,2.800882339477539,15.00578498840332,77,,,,,,,,,,,,
,,127719,3.0,0.7700309753417969,0.7774666547775269,0.48504018783569336,0.45415401458740234,0.45773938298225403,14.244841575622559,407.0,5.944131851196289,20.959003448486328,77,,,,,,,,,,,,
,,127729,3.0,0.4450087249279022,0.8778666853904724,0.5064371824264526,0.521404504776001,0.4985573887825012,15.056268692016602,350.0,0.10826326161623001,15.609539985656738,77,,,,,,,,,,,,
,,127739,3.0,0.3819049298763275,0.8593999743461609,0.4997377097606659,0.4941689074039459,0.4668620228767395,9.380781173706055,54.0,1.2460436820983887,11.008729934692383,77,,,,,,,,,,,,
,,127749,3.0,0.779476523399353,0.8082666397094727,0.5089042782783508,0.520815372467041,0.5002654194831848,14.122597694396973,352.0,23.00864601135254,37.91072082519531,77,,,,,,,,,,,,
,,127759,3.0,0.5430018305778503,0.8569333553314209,0.5029333233833313,0.5127646923065186,0.4869576394557953,15.780403137207031,244.0,0.6875221729278564,17.010927200317383,77,,,,,,,,,,,,
,,127769,3.0,0.3509032130241394,0.849399983882904,0.49976882338523865,0.49346834421157837,0.46321022510528564,3.733924627304077,29.0,1.0438894033432007,5.128717422485352,77,,,,,,,,,,,,
,,127779,3.0,0.4830262362957001,0.8565333485603333,0.49859896302223206,0.47982025146484375,0.4668430685997009,4.761396884918213,80.0,0.12417365610599518,5.36859655380249,77,,,,,,,,,,,,
,,127789,3.0,0.47422555088996887,0.824999988079071,0.4977514445781708,0.4688155949115753,0.45802050828933716,5.3276472091674805,56.0,2.3667521476745605,8.168624877929688,77,,,,,,,,,,,,
,,127799,3.0,0.42646324634552,0.871999979019165,0.5071994662284851,0.5736269950866699,0.4871426224708557,5.299921989440918,97.0,1.939841866493225,7.666226863861084,77,,,,,,,,,,,,
,,127809,3.0,0.45370522141456604,0.838866651058197,0.5051134824752808,0.5547661781311035,0.47551363706588745,12.075268745422363,117.0,0.2663988471031189,12.795372009277344,77,,,,,,,,,,,,
,,127819,3.0,0.46461015939712524,0.8590666651725769,0.5023701190948486,0.5287031531333923,0.47492262721061707,10.154336929321289,100.0,0.305372953414917,10.924320220947266,77,,,,,,,,,,,,
,,127829,3.0,0.39086851477622986,0.8486666679382324,0.5085628628730774,0.6278163194656372,0.4808194637298584,5.062211036682129,88.0,0.05258426442742348,5.505663871765137,77,,,,,,,,,,,,
,,127839,3.0,0.5310379862785339,0.8102666735649109,0.49917253851890564,0.4927746057510376,0.4617670476436615,8.812073707580566,95.0,1.2706142663955688,10.613726615905762,77,,,,,,,,,,,,
,,127849,3.0,0.4294138550758362,0.8842666745185852,0.5155581831932068,0.5838159322738647,0.5084060430526733,12.659355163574219,179.0,1.811712622642517,14.900481224060059,77,,,,,,,,,,,,
,,127859,3.0,0.4909166097640991,0.8489333391189575,0.5081457495689392,0.5365465879440308,0.4930298924446106,16.567310333251953,196.0,9.937447547912598,26.99567413330078,77,,,,,,,,,,,,
,,127869,3.0,0.46551021933555603,0.843666672706604,0.510728657245636,0.56651771068573,0.4915049076080322,16.632854461669922,273.0,0.06410060077905655,17.162464141845703,77,,,,,,,,,,,,
,,127879,3.0,0.6526737809181213,0.8240000009536743,0.49330586194992065,0.4500262439250946,0.4580518901348114,17.16499137878418,215.0,1.198598027229309,19.016263961791992,77,,,,,,,,,,,,
,,127889,3.0,0.6215225458145142,0.8494666814804077,0.4923943877220154,0.4802151918411255,0.47955310344696045,17.28182601928711,344.0,0.2729477286338806,18.17629623413086,77,,,,,,,,,,,,
,,127899,3.0,0.3829750716686249,0.8832666873931885,0.5095369815826416,0.5395012497901917,0.5014414191246033,10.700300216674805,216.0,1.3572266101837158,12.44050121307373,77,,,,,,,,,,,,
,,127909,3.0,0.6759631037712097,0.7822666764259338,0.49898913502693176,0.4950602054595947,0.4656989574432373,11.139957427978516,242.0,1.7780308723449707,13.593952178955078,77,,,,,,,,,,,,
,,127919,3.0,0.5270914435386658,0.8518000245094299,0.4890078902244568,0.4586402475833893,0.4679010808467865,16.382097244262695,390.0,0.05110900476574898,16.960298538208008,77,,,,,,,,,,,,
,,127929,3.0,0.44169604778289795,0.8528666496276855,0.5012335181236267,0.5116448998451233,0.4738693833351135,8.799247741699219,124.0,0.5928739905357361,9.833817481994629,77,,,,,,,,,,,,
,,127939,3.0,0.6086380481719971,0.8528666496276855,0.514843761920929,0.5409215688705444,0.5100838541984558,12.538082122802734,317.0,1.6499747037887573,14.7966947555542,77,,,,,,,,,,,,
,,127949,3.0,0.4857670068740845,0.8599333167076111,0.498307466506958,0.4944641888141632,0.48492780327796936,11.3302640914917,260.0,1.1910587549209595,13.00709056854248,77,,,,,,,,,,,,
,,127959,3.0,0.37084057927131653,0.8626000285148621,0.511574387550354,0.5832403302192688,0.4951564073562622,13.213574409484863,107.0,1.030140995979309,14.614556312561035,77,,,,,,,,,,,,
,,127969,3.0,0.3932461440563202,0.8718666434288025,0.4978466033935547,0.4847957491874695,0.4754214286804199,10.716856956481934,196.0,1.439162015914917,12.549264907836914,77,,,,,,,,,,,,
,,127979,3.0,0.5222373008728027,0.848466694355011,0.4949953556060791,0.4719732105731964,0.469698965549469,25.854337692260742,287.0,0.03565480560064316,26.412229537963867,77,,,,,,,,,,,,
,,127989,3.0,0.4082062840461731,0.8510000109672546,0.5028864741325378,0.5202188491821289,0.4793856143951416,18.355724334716797,158.0,0.1833069622516632,18.94723892211914,77,,,,,,,,,,,,
,,127999,3.0,0.5303523540496826,0.8560666441917419,0.5139419436454773,0.5342694520950317,0.510537326335907,17.506511688232422,379.0,7.721524238586426,25.75838851928711,77,,,,,,,,,,,,
,,128009,3.0,0.45284831523895264,0.8571333289146423,0.5120839476585388,0.5589451789855957,0.499238520860672,16.604063034057617,185.0,0.4305289089679718,17.48744010925293,77,,,,,,,,,,,,
,,128019,3.0,0.38253262639045715,0.861466646194458,0.5019263029098511,0.514173686504364,0.4794372022151947,11.61052417755127,150.0,0.14884021878242493,12.141897201538086,77,,,,,,,,,,,,
,,128029,3.0,0.5938332080841064,0.8305333256721497,0.5087136626243591,0.5447301864624023,0.4884985685348511,14.475146293640137,262.0,0.4371618628501892,15.50614070892334,77,,,,,,,,,,,,
,,128039,3.0,0.574130654335022,0.8158666491508484,0.4976378083229065,0.48343145847320557,0.4638994634151459,10.26125717163086,177.0,2.2130327224731445,13.048420906066895,77,,,,,,,,,,,,
,,128049,3.0,0.5634735822677612,0.834933340549469,0.49628493189811707,0.48375433683395386,0.47352614998817444,14.678696632385254,289.0,1.7717037200927734,17.013874053955078,77,,,,,,,,,,,,
,,128059,3.0,0.686512291431427,0.7990666627883911,0.4881962537765503,0.44354116916656494,0.453791081905365,18.050310134887695,272.0,0.4907454252243042,19.227567672729492,77,,,,,,,,,,,,
,,128069,3.0,0.5979804396629333,0.8308666944503784,0.49692502617836,0.4859098792076111,0.4729638993740082,11.103361129760742,151.0,8.073911666870117,19.775253295898438,77,,,,,,,,,,,,
,,128079,3.0,0.4996306300163269,0.8058666586875916,0.5048438906669617,0.5518784523010254,0.4667353928089142,13.210686683654785,115.0,0.718654990196228,14.428972244262695,77,,,,,,,,,,,,
,,128089,3.0,0.6850311756134033,0.8132666945457458,0.502694308757782,0.510434091091156,0.48175689578056335,11.054669380187988,388.0,3.021052122116089,14.76075267791748,77,,,,,,,,,,,,
,,128099,3.0,0.6955616474151611,0.817466676235199,0.49501097202301025,0.48112428188323975,0.47187745571136475,12.81296157836914,319.0,2.8982255458831787,16.406747817993164,77,,,,,,,,,,,,
,,128109,3.0,0.3753642439842224,0.8828666806221008,0.5103017687797546,0.5242899060249329,0.5080576539039612,10.835570335388184,190.0,20.732715606689453,31.943649291992188,77,,,,,,,,,,,,
,,128119,3.0,0.49316784739494324,0.8297333121299744,0.5147644877433777,0.6205458641052246,0.4911019504070282,20.647621154785156,234.0,0.07612691074609756,21.216915130615234,77,,,,,,,,,,,,
,,128129,3.0,0.520954966545105,0.8465333580970764,0.5061505436897278,0.5449183583259583,0.48303675651550293,7.609867095947266,111.0,9.978875160217285,18.109697341918945,77,,,,,,,,,,,,
,,128139,3.0,0.8387233018875122,0.7764000296592712,0.49793606996536255,0.4937381446361542,0.4754181504249573,17.17633056640625,479.0,8.440927505493164,26.455982208251953,77,,,,,,,,,,,,
,,128149,3.0,0.5157226920127869,0.8196666836738586,0.49886900186538696,0.4884139895439148,0.46153944730758667,10.467954635620117,118.0,0.015323750674724579,10.999000549316406,77,,,,,,,,,,,,
,,128159,3.0,0.3435714542865753,0.8657333254814148,0.5052319169044495,0.5724288821220398,0.4802605211734772,10.355886459350586,58.0,0.2532446086406708,10.952702522277832,77,,,,,,,,,,,,
,,128169,3.0,0.5071402192115784,0.8519333600997925,0.5177005529403687,0.6018723249435425,0.5047681331634521,11.201091766357422,187.0,0.6190726161003113,12.32730484008789,77,,,,,,,,,,,,
,,128179,3.0,0.5639047622680664,0.8029333353042603,0.493840754032135,0.47014880180358887,0.46244221925735474,24.140806198120117,370.0,0.0183943472802639,24.723106384277344,77,,,,,,,,,,,,
,,128189,3.0,0.6184511184692383,0.7906666398048401,0.50313401222229,0.5186176300048828,0.4693819582462311,14.61573314666748,239.0,2.7674403190612793,18.001625061035156,77,,,,,,,,,,,,
,,128199,3.0,0.44058001041412354,0.8492000102996826,0.5059278011322021,0.5759985446929932,0.4778192341327667,9.032182693481445,72.0,0.9590667486190796,10.431829452514648,77,,,,,,,,,,,,
,,128209,3.0,0.5428986549377441,0.8268666863441467,0.5009573101997375,0.5114864110946655,0.46489232778549194,6.201014995574951,73.0,0.2886384427547455,7.032552242279053,77,,,,,,,,,,,,
,,128219,3.0,0.4162101447582245,0.8533333539962769,0.49850040674209595,0.46872255206108093,0.4635734260082245,6.850351333618164,38.0,0.41671299934387207,7.683274269104004,77,,,,,,,,,,,,
,,128229,3.0,0.3905864953994751,0.8434000015258789,0.5013035535812378,0.5068841576576233,0.47933560609817505,24.524709701538086,267.0,0.13801069557666779,25.053306579589844,77,,,,,,,,,,,,
,,128239,3.0,0.4788474142551422,0.8250666856765747,0.49435409903526306,0.47499239444732666,0.46884986758232117,22.40390396118164,394.0,0.06488397717475891,22.947635650634766,77,,,,,,,,,,,,
,,128249,3.0,0.651593804359436,0.7986000180244446,0.4863024950027466,0.423606812953949,0.4475811719894409,11.701066017150879,176.0,6.3011474609375,18.65380859375,77,,,,,,,,,,,,
,,128259,3.0,0.585604190826416,0.8299999833106995,0.5103495121002197,0.5539884567260742,0.4905737042427063,11.985065460205078,205.0,16.02049446105957,28.591163635253906,77,,,,,,,,,,,,
,,128269,3.0,0.5257933735847473,0.8495333194732666,0.4994581341743469,0.498325377702713,0.48636239767074585,10.624774932861328,341.0,2.6285312175750732,13.779099464416504,77,,,,,,,,,,,,
,,128279,3.0,0.6978195905685425,0.8295999765396118,0.5039490461349487,0.5093803405761719,0.49529212713241577,9.389151573181152,407.0,3.972593069076538,14.059564590454102,77,,,,,,,,,,,,
,,128289,3.0,0.3755752146244049,0.8792666792869568,0.4958312511444092,0.4682856798171997,0.47277772426605225,9.937331199645996,111.0,0.26267439126968384,10.575580596923828,77,,,,,,,,,,,,
,,128299,3.0,0.5408616065979004,0.8483999967575073,0.5002930164337158,0.50101637840271,0.4854458272457123,9.754140853881836,273.0,1.8127909898757935,12.107792854309082,77,,,,,,,,,,,,
,,128309,3.0,0.3600955009460449,0.8641999959945679,0.5047140717506409,0.5449415445327759,0.4819146990776062,9.240290641784668,134.0,0.35881152749061584,9.959197044372559,77,,,,,,,,,,,,
,,128319,3.0,0.40444111824035645,0.8411999940872192,0.5071116089820862,0.5769104361534119,0.47915422916412354,8.329167366027832,122.0,0.1518801897764206,8.885488510131836,77,,,,,,,,,,,,
,,128329,3.0,0.4326154589653015,0.8373333215713501,0.5153130888938904,0.6125083565711975,0.4950156807899475,8.76510238647461,211.0,0.22589007019996643,9.42360782623291,77,,,,,,,,,,,,
,,128339,3.0,0.5737076997756958,0.8104000091552734,0.49622640013694763,0.4650745391845703,0.45651331543922424,13.707812309265137,200.0,0.25706934928894043,14.538589477539062,77,,,,,,,,,,,,
,,128349,3.0,0.3427964150905609,0.8894666433334351,0.49897831678390503,0.48842689394950867,0.476688951253891,5.48930025100708,47.0,0.6686077117919922,6.500704288482666,77,,,,,,,,,,,,
,,128359,3.0,0.6218297481536865,0.8447333574295044,0.5161679983139038,0.5476523041725159,0.5101268887519836,12.700582504272461,317.0,2.043858051300049,15.366270065307617,77,,,,,,,,,,,,
,,128369,3.0,0.4324507415294647,0.8422666788101196,0.5039446949958801,0.5245879292488098,0.4807588458061218,12.325127601623535,146.0,1.6783840656280518,14.435961723327637,77,,,,,,,,,,,,
,,128379,3.0,0.399488240480423,0.8627333045005798,0.5019781589508057,0.5231960415840149,0.47540223598480225,16.97377586364746,84.0,0.10782156884670258,17.48108673095703,77,,,,,,,,,,,,
,,128389,3.0,0.6050398349761963,0.8116666674613953,0.49262484908103943,0.46438246965408325,0.4622988700866699,7.341265678405762,336.0,1.1399774551391602,9.086282730102539,77,,,,,,,,,,,,
,,128399,3.0,0.532677412033081,0.857200026512146,0.5057037472724915,0.5121951103210449,0.5012450814247131,12.051267623901367,342.0,2.3125863075256348,14.89653205871582,77,,,,,,,,,,,,
,,128409,3.0,0.48409557342529297,0.8755333423614502,0.524949312210083,0.5791130661964417,0.5255666375160217,10.480278015136719,337.0,1.176611065864563,12.140984535217285,77,,,,,,,,,,,,
,,128419,3.0,0.630840003490448,0.8702666759490967,0.4842627942562103,0.4556881785392761,0.468366414308548,8.406192779541016,298.0,3.9005239009857178,12.937557220458984,77,,,,,,,,,,,,
,,128429,3.0,0.40116211771965027,0.865066647529602,0.518032431602478,0.5461186766624451,0.5165166854858398,14.056621551513672,274.0,7.242741107940674,21.700525283813477,77,,,,,,,,,,,,
,,128439,3.0,0.5381429195404053,0.8339333534240723,0.5171759128570557,0.5834497213363647,0.5025227069854736,11.482312202453613,248.0,0.8435410857200623,12.863996505737305,77,,,,,,,,,,,,
,,128449,3.0,0.6041736602783203,0.7950000166893005,0.4912852942943573,0.42628273367881775,0.4467182159423828,10.130014419555664,152.0,1.2364075183868408,11.970595359802246,77,,,,,,,,,,,,
,,128459,3.0,0.42538389563560486,0.8336666822433472,0.5070430040359497,0.6091737747192383,0.4741138219833374,11.701288223266602,83.0,1.3624283075332642,13.489100456237793,77,,,,,,,,,,,,
,,128469,3.0,0.49094247817993164,0.8529999852180481,0.495638906955719,0.4692338705062866,0.4683153033256531,10.8820161819458,155.0,0.550392210483551,11.923351287841797,77,,,,,,,,,,,,
,,128479,3.0,0.4020611643791199,0.8709333539009094,0.5057934522628784,0.5384955406188965,0.48854419589042664,11.219781875610352,112.0,2.2727246284484863,13.894567489624023,77,,,,,,,,,,,,
,,128489,3.0,0.47879743576049805,0.8428000211715698,0.4988933205604553,0.4949486255645752,0.4779212474822998,27.558950424194336,339.0,0.18602658808231354,28.22377586364746,77,,,,,,,,,,,,
,,128499,3.0,0.5085868835449219,0.8579333424568176,0.5024092197418213,0.5106037259101868,0.48615866899490356,19.342926025390625,245.0,0.0835205689072609,19.935033798217773,77,,,,,,,,,,,,
,,128509,3.0,0.4004901051521301,0.8551333546638489,0.4980747103691101,0.48538970947265625,0.47169366478919983,8.052700996398926,106.0,0.6901971697807312,9.143387794494629,77,,,,,,,,,,,,
,,128519,3.0,0.7047792077064514,0.815933346748352,0.49930113554000854,0.49811846017837524,0.48519203066825867,11.694463729858398,351.0,6.028025150299072,18.427268981933594,77,,,,,,,,,,,,
,,128529,3.0,0.4532497823238373,0.8004666566848755,0.49883797764778137,0.4627269208431244,0.4475405514240265,17.132469177246094,53.0,0.007565052714198828,17.59328269958496,77,,,,,,,,,,,,
,,128539,3.0,0.37660351395606995,0.8919333219528198,0.4990535080432892,0.4965311884880066,0.4880801737308502,10.026049613952637,321.0,0.2946018576622009,10.697254180908203,77,,,,,,,,,,,,
,,128549,3.0,0.5554772019386292,0.8431333303451538,0.498545378446579,0.49414682388305664,0.47960615158081055,10.752062797546387,189.0,2.7847540378570557,14.092293739318848,77,,,,,,,,,,,,
,,128559,3.0,0.44715026021003723,0.8624666929244995,0.5169715881347656,0.5757272243499756,0.5085954666137695,11.93751049041748,188.0,3.5818002223968506,15.966461181640625,77,,,,,,,,,,,,
,,128569,3.0,0.3613972067832947,0.8799333572387695,0.5016425251960754,0.5223476886749268,0.47782400250434875,5.582669734954834,42.0,1.618853211402893,7.562920093536377,77,,,,,,,,,,,,
,,128579,3.0,0.6310881972312927,0.8392000198364258,0.5083956122398376,0.5351232886314392,0.492845356464386,16.533660888671875,255.0,0.5446861386299133,17.709434509277344,77,,,,,,,,,,,,
,,128589,3.0,0.5625920295715332,0.7879999876022339,0.49727776646614075,0.47550320625305176,0.45310306549072266,17.952390670776367,238.0,0.46215200424194336,18.977134704589844,77,,,,,,,,,,,,
,,128599,3.0,0.4548107385635376,0.8327333331108093,0.4993286430835724,0.49075472354888916,0.46252912282943726,11.08543586730957,53.0,1.2632079124450684,12.803455352783203,77,,,,,,,,,,,,
,,128609,3.0,0.5179132223129272,0.8357333540916443,0.4974847435951233,0.47829464077949524,0.4651215076446533,10.515059471130371,120.0,1.5125577449798584,12.545530319213867,77,,,,,,,,,,,,
,,128619,3.0,0.3441760838031769,0.8585333228111267,0.5049903392791748,0.5767982006072998,0.4773733615875244,11.512533187866211,69.0,0.33998844027519226,12.196698188781738,77,,,,,,,,,,,,
,,128629,3.0,0.39034220576286316,0.8777999877929688,0.5008063912391663,0.5081088542938232,0.4780937135219574,4.925189018249512,114.0,0.8403453230857849,6.155876636505127,77,,,,,,,,,,,,
,,128639,3.0,0.3995339274406433,0.8778666853904724,0.5147454738616943,0.5619727373123169,0.5083725452423096,14.175446510314941,182.0,6.118861198425293,20.6938419342041,77,,,,,,,,,,,,
,,128649,3.0,0.6208263039588928,0.808733344078064,0.49792152643203735,0.4857325553894043,0.463128000497818,11.4321870803833,144.0,0.5536981821060181,12.606712341308594,77,,,,,,,,,,,,
,,128659,3.0,0.37796080112457275,0.8823999762535095,0.5044146776199341,0.5301192998886108,0.48829126358032227,7.867897987365723,101.0,0.9271956086158752,9.173054695129395,77,,,,,,,,,,,,
,,128669,3.0,0.5820636749267578,0.853600025177002,0.5061852931976318,0.5238853693008423,0.4930552840232849,16.07770347595215,299.0,0.16000382602214813,16.81977081298828,77,,,,,,,,,,,,
,,128679,3.0,0.3806077539920807,0.859333336353302,0.5040811896324158,0.5351610779762268,0.4807656705379486,9.519322395324707,100.0,0.9748266935348511,10.874756813049316,77,,,,,,,,,,,,
,,128689,3.0,0.3613806366920471,0.8743333220481873,0.5005548596382141,0.5038764476776123,0.48033714294433594,16.68793296813965,134.0,0.08416039496660233,17.133474349975586,77,,,,,,,,,,,,
,,128699,3.0,0.5200220346450806,0.82833331823349,0.4973716139793396,0.4832944869995117,0.46762022376060486,11.018550872802734,156.0,0.4691726863384247,12.007745742797852,77,,,,,,,,,,,,
,,128709,3.0,0.5174869298934937,0.8329333066940308,0.4948063790798187,0.47300204634666443,0.46789705753326416,10.286805152893066,233.0,5.625463008880615,16.42975425720215,77,,,,,,,,,,,,
,,128719,3.0,0.43044912815093994,0.8324000239372253,0.49471166729927063,0.4780254065990448,0.4717656373977661,13.944014549255371,419.0,6.346138000488281,20.72060203552246,77,,,,,,,,,,,,
,,128729,3.0,0.5323836803436279,0.8371333479881287,0.5024036765098572,0.511489748954773,0.48145630955696106,17.89404296875,342.0,0.0364944189786911,18.462921142578125,77,,,,,,,,,,,,
,,128739,3.0,0.41402968764305115,0.8635333180427551,0.5025795698165894,0.5093374848365784,0.49004700779914856,8.786528587341309,307.0,2.9144198894500732,12.114978790283203,77,,,,,,,,,,,,
,,128749,3.0,0.5317617654800415,0.8610000014305115,0.511102020740509,0.5335170030593872,0.5045565962791443,15.546473503112793,279.0,2.7674081325531006,18.845643997192383,77,,,,,,,,,,,,
,,128759,3.0,0.5237212181091309,0.8413333296775818,0.5113320350646973,0.537957489490509,0.5009607076644897,10.232308387756348,317.0,6.526279926300049,17.28230857849121,77,,,,,,,,,,,,
,,128769,3.0,0.45729127526283264,0.8254666924476624,0.5014986395835876,0.5155661702156067,0.46688058972358704,12.625399589538574,117.0,0.18186621367931366,13.264557838439941,77,,,,,,,,,,,,
1.1387326887403327e-05,0.00011387326887403324,128777,,,,,,,,,,,,,,,,,,,,,,,
,,128779,3.0,0.41701552271842957,0.8849999904632568,0.5129407644271851,0.5456132292747498,0.5083542466163635,14.208678245544434,238.0,2.3992881774902344,17.024982452392578,78,,,,,,,,,,,,
,,128789,3.0,0.5787948966026306,0.8384666442871094,0.49139004945755005,0.45214518904685974,0.46253475546836853,14.219346046447754,173.0,2.050199270248413,16.848339080810547,78,,,,,,,,,,,,
,,128799,3.0,0.5824428796768188,0.8095999956130981,0.5136244893074036,0.5493355393409729,0.4979778230190277,10.002296447753906,366.0,1.0429680347442627,11.627707481384277,78,,,,,,,,,,,,
,,128809,3.0,0.8587475419044495,0.7579333186149597,0.481137752532959,0.4255884289741516,0.4417194426059723,15.373034477233887,332.0,32.198585510253906,48.43036651611328,78,,,,,,,,,,,,
,,128819,3.0,0.48434945940971375,0.8539333343505859,0.50185227394104,0.5112035870552063,0.48020654916763306,20.49460792541504,181.0,0.16438601911067963,21.14334487915039,78,,,,,,,,,,,,
,,128829,3.0,0.6130546927452087,0.7878000140190125,0.4978201389312744,0.48710817098617554,0.46112319827079773,13.715145111083984,234.0,0.49658891558647156,14.824788093566895,78,,,,,,,,,,,,
,,128839,3.0,0.4270678460597992,0.8504666686058044,0.4993627667427063,0.49289149045944214,0.46872493624687195,6.384553909301758,94.0,0.18749268352985382,6.999114513397217,78,,,,,,,,,,,,
,,128849,3.0,0.4564373195171356,0.8492666482925415,0.5110737681388855,0.5608608722686768,0.4947167932987213,16.23309326171875,184.0,0.14900673925876617,16.838537216186523,78,,,,,,,,,,,,
,,128859,3.0,0.5472211837768555,0.7949333190917969,0.4992889165878296,0.49016639590263367,0.45262330770492554,7.506937026977539,69.0,0.38955509662628174,8.443713188171387,78,,,,,,,,,,,,
,,128869,3.0,0.47677499055862427,0.8723333477973938,0.49901261925697327,0.4948868751525879,0.48102396726608276,12.958708763122559,171.0,1.5345897674560547,14.970073699951172,78,,,,,,,,,,,,
,,128879,3.0,0.41226106882095337,0.8869333267211914,0.49962353706359863,0.49887382984161377,0.49086499214172363,10.010823249816895,280.0,8.614419937133789,19.037504196166992,78,,,,,,,,,,,,
,,128889,3.0,0.5190485715866089,0.8320666551589966,0.4980981647968292,0.4831523597240448,0.46494853496551514,6.703874111175537,118.0,1.0962245464324951,8.319147109985352,78,,,,,,,,,,,,
,,128899,3.0,0.5859395861625671,0.8161333203315735,0.49376946687698364,0.460092693567276,0.45956990122795105,10.883967399597168,152.0,2.6740784645080566,14.143985748291016,78,,,,,,,,,,,,
,,128909,3.0,0.3793472349643707,0.8693333268165588,0.5042820572853088,0.5532137155532837,0.4803038239479065,10.725724220275879,67.0,0.5366281270980835,11.641698837280273,78,,,,,,,,,,,,
,,128919,3.0,0.6489315032958984,0.7910666465759277,0.5245263576507568,0.5930164456367493,0.5086624622344971,20.92337989807129,442.0,1.3317017555236816,22.90401268005371,78,,,,,,,,,,,,
,,128929,3.0,0.47909483313560486,0.8444666862487793,0.5086677074432373,0.5603673458099365,0.4870615303516388,13.664953231811523,151.0,0.4233812093734741,14.567428588867188,78,,,,,,,,,,,,
,,128939,3.0,0.48578810691833496,0.8433333039283752,0.5049246549606323,0.5423707962036133,0.4785339832305908,17.980695724487305,180.0,0.1768639087677002,18.643348693847656,78,,,,,,,,,,,,
,,128949,3.0,0.5934777855873108,0.8199333548545837,0.4922753572463989,0.46715646982192993,0.46580177545547485,12.236788749694824,294.0,3.4869751930236816,16.317241668701172,78,,,,,,,,,,,,
,,128959,3.0,0.4283793270587921,0.8682000041007996,0.5107983946800232,0.5482637882232666,0.5002305507659912,10.711236953735352,158.0,8.805933952331543,19.94554901123047,78,,,,,,,,,,,,
,,128969,3.0,0.43582308292388916,0.8361999988555908,0.49952375888824463,0.49713370203971863,0.47329381108283997,12.97412395477295,180.0,19.483394622802734,32.893341064453125,78,,,,,,,,,,,,
,,128979,3.0,0.5234765410423279,0.8583999872207642,0.5048239827156067,0.5266738533973694,0.48679372668266296,11.07000732421875,126.0,0.7882243990898132,12.381708145141602,78,,,,,,,,,,,,
,,128989,3.0,0.571636438369751,0.8166666626930237,0.49570804834365845,0.4783627390861511,0.4668992757797241,16.491905212402344,189.0,3.5820472240448,20.645587921142578,78,,,,,,,,,,,,
,,128999,3.0,0.3492547571659088,0.8784666657447815,0.5017220377922058,0.5126658082008362,0.4824880361557007,6.584103107452393,118.0,0.43755289912223816,7.37091064453125,78,,,,,,,,,,,,
,,129009,3.0,0.5120545625686646,0.8374666571617126,0.5231378078460693,0.565181314945221,0.5195187926292419,13.496004104614258,465.0,3.7659566402435303,17.774015426635742,78,,,,,,,,,,,,
,,129019,3.0,0.4698624610900879,0.8583333492279053,0.5166022777557373,0.576508104801178,0.5069485902786255,21.805225372314453,336.0,0.20252294838428497,22.477609634399414,78,,,,,,,,,,,,
,,129029,3.0,0.6581820845603943,0.8163333535194397,0.4925104081630707,0.4689260721206665,0.4660976827144623,13.120894432067871,372.0,0.42789021134376526,14.206966400146484,78,,,,,,,,,,,,
,,129039,3.0,0.401223361492157,0.8515333533287048,0.4985930025577545,0.48444098234176636,0.46780911087989807,7.460972309112549,103.0,0.07326745241880417,7.935462951660156,78,,,,,,,,,,,,
,,129049,3.0,0.4613020122051239,0.8499333262443542,0.4953823387622833,0.4610515236854553,0.4651111960411072,6.203145503997803,90.0,2.342924118041992,9.00737190246582,78,,,,,,,,,,,,
,,129059,3.0,0.7931932806968689,0.7656000256538391,0.49461859464645386,0.47276178002357483,0.4552346169948578,17.887807846069336,294.0,1.306571125984192,19.987573623657227,78,,,,,,,,,,,,
,,129069,3.0,0.5372629165649414,0.8327333331108093,0.5028084516525269,0.5160257816314697,0.47842341661453247,14.471500396728516,176.0,1.552590012550354,16.56135368347168,78,,,,,,,,,,,,
,,129079,3.0,0.711020827293396,0.8169333338737488,0.49796849489212036,0.4920126795768738,0.4752410650253296,9.174676895141602,294.0,4.2308878898620605,14.116584777832031,78,,,,,,,,,,,,
,,129089,3.0,0.33195725083351135,0.8773999810218811,0.5005879998207092,0.5183604955673218,0.47164255380630493,3.498223304748535,28.0,1.3200215101242065,5.15020227432251,78,,,,,,,,,,,,
,,129099,3.0,0.3774220049381256,0.8895333409309387,0.49489596486091614,0.4801420569419861,0.48078691959381104,8.79400634765625,240.0,3.1587517261505127,12.330180168151855,78,,,,,,,,,,,,
,,129109,3.0,0.6839093565940857,0.8127333521842957,0.4969387352466583,0.4769134223461151,0.46103978157043457,8.567641258239746,133.0,2.921994924545288,12.173545837402344,78,,,,,,,,,,,,
,,129119,3.0,0.37005001306533813,0.8590666651725769,0.5024080872535706,0.5263505578041077,0.4758133888244629,5.198759078979492,102.0,0.8418082594871521,6.410617351531982,78,,,,,,,,,,,,
,,129129,3.0,0.22330352663993835,0.9235333204269409,0.5235485434532166,0.583734393119812,0.5288180708885193,14.367499351501465,170.0,0.8987343311309814,15.489537239074707,78,,,,,,,,,,,,
,,129139,3.0,0.4631223976612091,0.850266695022583,0.502799391746521,0.5300695300102234,0.47454729676246643,21.11400604248047,109.0,0.49005934596061707,22.067188262939453,78,,,,,,,,,,,,
,,129149,3.0,0.5171344876289368,0.8451333045959473,0.49841201305389404,0.48314642906188965,0.46643683314323425,15.900277137756348,134.0,0.019912809133529663,16.43732452392578,78,,,,,,,,,,,,
,,129159,3.0,0.3332163691520691,0.8799999952316284,0.513009786605835,0.599079966545105,0.5006521344184875,22.56047248840332,178.0,0.014885924756526947,22.9085750579834,78,,,,,,,,,,,,
,,129169,3.0,0.47742122411727905,0.8533333539962769,0.4965110123157501,0.4769558012485504,0.4706065058708191,12.544734001159668,188.0,0.21159479022026062,13.233749389648438,78,,,,,,,,,,,,
,,129179,3.0,0.6961243748664856,0.8309999704360962,0.5116443037986755,0.5446417331695557,0.4976619780063629,19.066822052001953,286.0,0.444163054227829,20.207109451293945,78,,,,,,,,,,,,
,,129189,3.0,0.8793771862983704,0.7633333206176758,0.5109868049621582,0.5441200733184814,0.4831605553627014,17.990028381347656,403.0,5.3005547523498535,24.169960021972656,78,,,,,,,,,,,,
,,129199,3.0,0.43803343176841736,0.8438666462898254,0.49546951055526733,0.4805886447429657,0.47405388951301575,21.05173683166504,299.0,0.8809015154838562,22.37067222595215,78,,,,,,,,,,,,
,,129209,3.0,0.5600282549858093,0.8628000020980835,0.5079898238182068,0.5220445990562439,0.5015106201171875,15.48967170715332,279.0,3.283015251159668,19.332714080810547,78,,,,,,,,,,,,
,,129219,3.0,0.43675386905670166,0.8535333275794983,0.5270345211029053,0.6177918314933777,0.5222176313400269,14.592255592346191,247.0,0.46725744009017944,15.496267318725586,78,,,,,,,,,,,,
,,129229,3.0,0.5458656549453735,0.8094666600227356,0.5123885869979858,0.5664940476417542,0.4888249635696411,14.50539493560791,216.0,0.733540415763855,15.784801483154297,78,,,,,,,,,,,,
,,129239,3.0,0.3833853006362915,0.8621333241462708,0.5070830583572388,0.5770508050918579,0.48415547609329224,10.615766525268555,75.0,1.9391748905181885,12.938326835632324,78,,,,,,,,,,,,
,,129249,3.0,0.7289382219314575,0.8171333074569702,0.5151344537734985,0.540984034538269,0.5067362785339355,7.595423698425293,411.0,4.9569478034973145,13.281309127807617,78,,,,,,,,,,,,
,,129259,3.0,0.6459588408470154,0.791866660118103,0.5140190124511719,0.555790364742279,0.4933342933654785,11.515996932983398,258.0,9.6506929397583,21.81264877319336,78,,,,,,,,,,,,
,,129269,3.0,0.4629877805709839,0.8322666883468628,0.5128093361854553,0.5528376698493958,0.4983474910259247,11.496670722961426,259.0,16.5712947845459,28.53095245361328,78,,,,,,,,,,,,
,,129279,3.0,0.49555453658103943,0.8380666375160217,0.4956153631210327,0.4829482138156891,0.47518354654312134,13.510991096496582,228.0,0.6037474274635315,14.6102933883667,78,,,,,,,,,,,,
,,129289,3.0,0.43388304114341736,0.8555333614349365,0.5074708461761475,0.5659814476966858,0.4850715398788452,14.548876762390137,156.0,0.18814736604690552,15.170907020568848,78,,,,,,,,,,,,
,,129299,3.0,0.6264032125473022,0.8117333054542542,0.5000358819961548,0.500129759311676,0.47919613122940063,15.667888641357422,275.0,3.152966022491455,19.44725799560547,78,,,,,,,,,,,,
,,129309,3.0,0.4815155565738678,0.817799985408783,0.5087049603462219,0.6113659143447876,0.4739905893802643,13.84489917755127,139.0,0.07092882692813873,14.397343635559082,78,,,,,,,,,,,,
,,129319,3.0,0.46437618136405945,0.8361333608627319,0.4970388412475586,0.46726879477500916,0.4617510437965393,11.216273307800293,97.0,1.3602232933044434,13.040872573852539,78,,,,,,,,,,,,
,,129329,3.0,0.4211721420288086,0.8285333514213562,0.5041562914848328,0.5910800695419312,0.46587586402893066,7.436215877532959,71.0,0.318228155374527,8.175616264343262,78,,,,,,,,,,,,
,,129339,3.0,0.6833226680755615,0.7719333171844482,0.49136099219322205,0.4505276083946228,0.449059396982193,12.087637901306152,231.0,35.62029266357422,48.39125442504883,78,,,,,,,,,,,,
,,129349,3.0,0.5276290774345398,0.8130000233650208,0.5033998489379883,0.5300167202949524,0.4687122702598572,6.376029968261719,109.0,7.373625755310059,14.277284622192383,78,,,,,,,,,,,,
,,129359,3.0,0.38828518986701965,0.8620666861534119,0.508197009563446,0.5520415902137756,0.49106889963150024,20.990436553955078,176.0,0.017116524279117584,21.395837783813477,78,,,,,,,,,,,,
,,129369,3.0,0.485022634267807,0.8390666842460632,0.4924387037754059,0.4513590633869171,0.46193447709083557,10.91542911529541,139.0,0.42010563611984253,11.820557594299316,78,,,,,,,,,,,,
,,129379,3.0,0.7104357481002808,0.8080000281333923,0.49371495842933655,0.4577409625053406,0.45698899030685425,12.937857627868652,242.0,0.16242703795433044,13.810720443725586,78,,,,,,,,,,,,
,,129389,3.0,0.49918612837791443,0.8939333558082581,0.4874471426010132,0.47064465284347534,0.47757411003112793,13.918702125549316,316.0,0.5014529228210449,14.919342041015625,78,,,,,,,,,,,,
,,129399,3.0,0.4188394248485565,0.8777999877929688,0.509054958820343,0.5446218848228455,0.4980446696281433,19.35163688659668,169.0,0.02395978942513466,19.794435501098633,78,,,,,,,,,,,,
,,129409,3.0,0.5722835063934326,0.790066659450531,0.5002756118774414,0.5023971199989319,0.4585801362991333,6.62797737121582,194.0,4.999464511871338,12.199726104736328,78,,,,,,,,,,,,
,,129419,3.0,0.5210331082344055,0.8359333276748657,0.5049676299095154,0.5456203818321228,0.4761618375778198,21.642227172851562,198.0,0.017390305176377296,22.18065071105957,78,,,,,,,,,,,,
,,129429,3.0,0.4114043712615967,0.859666645526886,0.5008965730667114,0.5078357458114624,0.47559791803359985,5.5315093994140625,95.0,1.4543524980545044,7.397266387939453,78,,,,,,,,,,,,
,,129439,3.0,0.4445840120315552,0.8357999920845032,0.5040915608406067,0.539373517036438,0.47425177693367004,10.907110214233398,140.0,0.32257288694381714,11.674266815185547,78,,,,,,,,,,,,
,,129449,3.0,0.7104909420013428,0.8234666585922241,0.4805893898010254,0.45162874460220337,0.462208092212677,9.271299362182617,342.0,2.408881664276123,12.39067268371582,78,,,,,,,,,,,,
,,129459,3.0,0.7855710387229919,0.7716000080108643,0.48766598105430603,0.4510498642921448,0.45296788215637207,11.262761116027832,334.0,7.597013473510742,19.64534568786621,78,,,,,,,,,,,,
,,129469,3.0,0.5403268933296204,0.8403333425521851,0.4986089766025543,0.4973452091217041,0.492714524269104,10.918990135192871,424.0,8.01894760131836,19.47826385498047,78,,,,,,,,,,,,
,,129479,3.0,0.36930370330810547,0.8718000054359436,0.49928438663482666,0.4924551248550415,0.4738999605178833,12.798043251037598,104.0,0.22038927674293518,13.387736320495605,78,,,,,,,,,,,,
,,129489,3.0,0.33912330865859985,0.8641999959945679,0.49910610914230347,0.48849573731422424,0.47032004594802856,4.644640922546387,65.0,0.7498471140861511,5.733611106872559,78,,,,,,,,,,,,
,,129499,3.0,0.45407170057296753,0.8604666590690613,0.5487393140792847,0.6292279958724976,0.5579209923744202,14.196943283081055,432.0,4.704692840576172,19.355709075927734,78,,,,,,,,,,,,
,,129509,3.0,0.3859223425388336,0.8755333423614502,0.5099121928215027,0.566174328327179,0.4959295690059662,7.645868301391602,107.0,6.518618583679199,14.550409317016602,78,,,,,,,,,,,,
,,129519,3.0,0.5037684440612793,0.8317333459854126,0.49244266748428345,0.4492979347705841,0.4598919451236725,9.440031051635742,230.0,0.4330941438674927,10.376893997192383,78,,,,,,,,,,,,
,,129529,3.0,0.4219983220100403,0.8256000280380249,0.5013905167579651,0.5338500738143921,0.4600622057914734,6.3009796142578125,60.0,0.5230940580368042,7.246072292327881,78,,,,,,,,,,,,
,,129539,3.0,0.6698864102363586,0.8089333176612854,0.49968039989471436,0.4979250431060791,0.46672946214675903,12.516768455505371,187.0,0.3411097228527069,13.527764320373535,78,,,,,,,,,,,,
,,129549,3.0,0.5756663680076599,0.8248000144958496,0.500999391078949,0.5052058696746826,0.47567516565322876,8.818229675292969,241.0,5.688727378845215,15.082623481750488,78,,,,,,,,,,,,
,,129559,3.0,0.3158678710460663,0.881933331489563,0.5102443099021912,0.5722532272338867,0.4972497522830963,21.74197006225586,170.0,0.06647241115570068,22.124311447143555,78,,,,,,,,,,,,
,,129569,3.0,0.3564944565296173,0.8769999742507935,0.5103049874305725,0.5665481090545654,0.49715307354927063,22.592039108276367,208.0,0.7303611040115356,23.678895950317383,78,,,,,,,,,,,,
,,129579,3.0,0.67601478099823,0.8172666430473328,0.4920347034931183,0.481056809425354,0.4782871603965759,12.716072082519531,397.0,18.300975799560547,31.69306182861328,78,,,,,,,,,,,,
,,129589,3.0,0.4594990909099579,0.8286666870117188,0.487956166267395,0.4296209216117859,0.45469141006469727,24.85420036315918,236.0,0.14590822160243988,25.45960807800293,78,,,,,,,,,,,,
,,129599,3.0,0.46174970269203186,0.862333357334137,0.5059669017791748,0.5148360729217529,0.5000213384628296,12.953106880187988,388.0,7.639794826507568,21.054651260375977,78,,,,,,,,,,,,
,,129609,3.0,0.527472734451294,0.8392000198364258,0.5366008877754211,0.5971047282218933,0.5387837290763855,9.118287086486816,405.0,6.933919906616211,16.579679489135742,78,,,,,,,,,,,,
,,129619,3.0,0.5918734669685364,0.8511999845504761,0.5113770365715027,0.5397241115570068,0.5017572045326233,8.033997535705566,288.0,2.4641129970550537,11.089983940124512,78,,,,,,,,,,,,
,,129629,3.0,0.5117957592010498,0.8364666700363159,0.49763163924217224,0.477925181388855,0.46460530161857605,6.771981716156006,75.0,1.532733678817749,8.816511154174805,78,,,,,,,,,,,,
,,129639,3.0,0.6080584526062012,0.8281999826431274,0.4891934394836426,0.46055641770362854,0.4657515287399292,14.895609855651855,330.0,0.1611461192369461,15.664813995361328,78,,,,,,,,,,,,
,,129649,3.0,0.5680444836616516,0.8330000042915344,0.4965662956237793,0.48916369676589966,0.4799676537513733,10.98434829711914,306.0,1.7873914241790771,13.339784622192383,78,,,,,,,,,,,,
,,129659,3.0,0.3675251007080078,0.8619999885559082,0.519686222076416,0.5786405205726624,0.513798177242279,16.855426788330078,278.0,1.7757617235183716,18.998714447021484,78,,,,,,,,,,,,
,,129669,3.0,0.5899277329444885,0.8176000118255615,0.49879106879234314,0.4944949448108673,0.4735770523548126,13.323334693908691,208.0,3.3691539764404297,17.28241729736328,78,,,,,,,,,,,,
,,129679,3.0,0.4127800166606903,0.8419333100318909,0.49570924043655396,0.4285242557525635,0.45751047134399414,16.28059196472168,93.0,0.009236646816134453,16.70261001586914,78,,,,,,,,,,,,
,,129689,3.0,0.5026222467422485,0.8199999928474426,0.4942454695701599,0.42906612157821655,0.4523763656616211,15.920736312866211,115.0,0.1356458216905594,16.559003829956055,78,,,,,,,,,,,,
,,129699,3.0,0.45093196630477905,0.8288666605949402,0.5038998126983643,0.526410698890686,0.47674164175987244,26.57424545288086,204.0,0.2507784068584442,27.275955200195312,78,,,,,,,,,,,,
,,129709,3.0,0.5658476948738098,0.8143333196640015,0.49412792921066284,0.4480452835559845,0.4547998607158661,8.75135612487793,168.0,5.502640247344971,14.819843292236328,78,,,,,,,,,,,,
,,129719,3.0,0.5392499566078186,0.8402000069618225,0.5359954833984375,0.6043552756309509,0.5372183322906494,12.062163352966309,345.0,1.7481502294540405,14.349563598632812,78,,,,,,,,,,,,
,,129729,3.0,0.48774394392967224,0.8226666450500488,0.4924246370792389,0.45412737131118774,0.45977097749710083,17.457210540771484,279.0,0.8059182167053223,18.750871658325195,78,,,,,,,,,,,,
,,129739,3.0,0.5317063331604004,0.8284666538238525,0.5166460871696472,0.5358432531356812,0.5135446190834045,13.061114311218262,530.0,9.03361701965332,22.62643814086914,78,,,,,,,,,,,,
,,129749,3.0,0.593416690826416,0.8395333290100098,0.5297486782073975,0.6218909025192261,0.5242549180984497,25.979127883911133,395.0,0.027432698756456375,26.599977493286133,78,,,,,,,,,,,,
,,129759,3.0,0.5450809001922607,0.8395333290100098,0.5074878931045532,0.5403925180435181,0.4876560568809509,11.871978759765625,187.0,2.7290756702423096,15.146135330200195,78,,,,,,,,,,,,
,,129769,3.0,0.35460400581359863,0.8555333614349365,0.500193178653717,0.5048326253890991,0.4660657048225403,6.246715068817139,40.0,0.010309932753443718,6.611629009246826,78,,,,,,,,,,,,
,,129779,3.0,0.620668888092041,0.8264666795730591,0.5062403678894043,0.515626847743988,0.4971323013305664,12.292337417602539,339.0,12.565608024597168,25.478614807128906,78,,,,,,,,,,,,
,,129789,3.0,0.4570797383785248,0.8769999742507935,0.5169388055801392,0.5418002605438232,0.5163387060165405,12.64331340789795,279.0,19.819652557373047,32.9200439453125,78,,,,,,,,,,,,
,,129799,3.0,0.7383526563644409,0.7878000140190125,0.49095815420150757,0.4505041539669037,0.4527343809604645,9.071555137634277,289.0,4.18228006362915,13.9921875,78,,,,,,,,,,,,
,,129809,3.0,0.5049947500228882,0.8258666396141052,0.5094642639160156,0.5463089942932129,0.48947829008102417,17.18903160095215,301.0,0.324799120426178,18.01882553100586,78,,,,,,,,,,,,
,,129819,3.0,0.32755520939826965,0.8704000115394592,0.5008296966552734,0.50567626953125,0.4802508056163788,16.575403213500977,166.0,0.3689609467983246,17.27191925048828,78,,,,,,,,,,,,
,,129829,3.0,0.41765376925468445,0.8360000252723694,0.5028967261314392,0.5154609084129333,0.4802224040031433,7.13982629776001,264.0,6.459369659423828,14.016849517822266,78,,,,,,,,,,,,
,,129839,3.0,0.43423888087272644,0.8770666718482971,0.4960169196128845,0.45368942618370056,0.46886852383613586,6.130484104156494,68.0,0.19667544960975647,6.7613983154296875,78,,,,,,,,,,,,
,,129849,3.0,0.4285161793231964,0.8751999735832214,0.5069419741630554,0.5181559920310974,0.5018079280853271,15.039236068725586,370.0,3.821437358856201,19.2891902923584,78,,,,,,,,,,,,
,,129859,3.0,0.6980158686637878,0.8198666572570801,0.4965248107910156,0.4904728829860687,0.4814089834690094,19.465160369873047,524.0,0.34100133180618286,20.50417709350586,78,,,,,,,,,,,,
,,129869,3.0,0.5608652830123901,0.8203999996185303,0.5048472285270691,0.5292872190475464,0.47808295488357544,10.077658653259277,155.0,4.053042888641357,14.691566467285156,78,,,,,,,,,,,,
,,129879,3.0,0.36165305972099304,0.8812000155448914,0.5076895952224731,0.5290891528129578,0.49934443831443787,11.13820743560791,241.0,1.292496681213379,12.792357444763184,78,,,,,,,,,,,,
,,129889,3.0,0.33894631266593933,0.8486666679382324,0.4994678795337677,0.4923856556415558,0.46639782190322876,8.572423934936523,82.0,0.07702173292636871,8.988391876220703,78,,,,,,,,,,,,
,,129899,3.0,0.2618131935596466,0.9116666913032532,0.5128723382949829,0.5647282600402832,0.5092848539352417,8.927666664123535,119.0,1.2636033296585083,10.453083038330078,78,,,,,,,,,,,,
,,129909,3.0,0.5275382995605469,0.8271333575248718,0.5074745416641235,0.551793098449707,0.48147597908973694,9.212481498718262,154.0,2.2465803623199463,11.986599922180176,78,,,,,,,,,,,,
,,129919,3.0,0.4471719264984131,0.8378666639328003,0.504830002784729,0.5750970244407654,0.47168606519699097,10.557940483093262,89.0,0.10103581100702286,11.106148719787598,78,,,,,,,,,,,,
,,129929,3.0,0.5975496768951416,0.7742000222206116,0.49829766154289246,0.46222156286239624,0.44125357270240784,7.984996795654297,101.0,0.0990152582526207,8.681561470031738,78,,,,,,,,,,,,
,,129939,3.0,0.6086906790733337,0.8271999955177307,0.48695212602615356,0.4446713924407959,0.4591295123100281,9.151445388793945,254.0,10.466753959655762,20.226890563964844,78,,,,,,,,,,,,
,,129949,3.0,0.7372915744781494,0.8227333426475525,0.5011100769042969,0.5032035112380981,0.4869553744792938,14.027042388916016,368.0,1.046601414680481,15.810935020446777,78,,,,,,,,,,,,
,,129959,3.0,0.4612172842025757,0.8452000021934509,0.49541395902633667,0.4403834939002991,0.459757924079895,8.213553428649902,100.0,0.046951036900281906,8.721721649169922,78,,,,,,,,,,,,
,,129969,3.0,0.7957080602645874,0.7946000099182129,0.5000185966491699,0.5001057982444763,0.4665355682373047,14.314197540283203,225.0,1.5058848857879639,16.61578941345215,78,,,,,,,,,,,,
,,129979,3.0,0.6200264692306519,0.7987333536148071,0.49568313360214233,0.4785558581352234,0.46382254362106323,12.159626007080078,235.0,1.7355834245681763,14.515235900878906,78,,,,,,,,,,,,
,,129989,3.0,0.4690725803375244,0.867733359336853,0.5404765605926514,0.5698261260986328,0.5472772717475891,14.724620819091797,372.0,21.786867141723633,36.980560302734375,78,,,,,,,,,,,,
,,129999,3.0,0.44103777408599854,0.852066695690155,0.5033296942710876,0.5260640382766724,0.47900810837745667,9.39483642578125,156.0,0.6515134572982788,10.487387657165527,78,,,,,,,,,,,,
,,130009,3.0,0.4124585688114166,0.8181999921798706,0.4980681240558624,0.454394668340683,0.4528926610946655,5.7126898765563965,34.0,0.6959630250930786,6.82111120223999,78,,,,,,,,,,,,
,,130019,3.0,0.31313589215278625,0.8907333612442017,0.4979464113712311,0.47706958651542664,0.4753251373767853,13.740379333496094,101.0,0.0011586580658331513,14.05467414855957,78,,,,,,,,,,,,
,,130029,3.0,0.4482548236846924,0.8402666449546814,0.4955346882343292,0.47886165976524353,0.4718528389930725,21.473968505859375,294.0,1.742917776107788,23.665142059326172,78,,,,,,,,,,,,
,,130039,3.0,0.687358558177948,0.8055333495140076,0.49540916085243225,0.47946876287460327,0.46690934896469116,12.990297317504883,278.0,2.04274845123291,15.720404624938965,78,,,,,,,,,,,,
,,130049,3.0,0.49920207262039185,0.86326664686203,0.5075677037239075,0.5260351896286011,0.498025506734848,16.00347900390625,310.0,1.8665872812271118,18.3692684173584,78,,,,,,,,,,,,
,,130059,3.0,0.44229376316070557,0.8603333234786987,0.5196387767791748,0.5779852271080017,0.5135281085968018,24.90631103515625,395.0,0.3053091764450073,25.653913497924805,78,,,,,,,,,,,,
,,130069,3.0,0.5269295573234558,0.8257333040237427,0.4960760176181793,0.47338882088661194,0.4641123116016388,7.9651899337768555,115.0,1.4308528900146484,9.922972679138184,78,,,,,,,,,,,,
,,130079,3.0,0.4884909689426422,0.8471333384513855,0.5006303787231445,0.5044568777084351,0.4749525189399719,13.20895767211914,136.0,3.1884210109710693,16.8858699798584,78,,,,,,,,,,,,
,,130089,3.0,0.5377746224403381,0.8318666815757751,0.4981377124786377,0.47717633843421936,0.46146705746650696,10.83118724822998,110.0,0.12909956276416779,11.498062133789062,78,,,,,,,,,,,,
,,130099,3.0,0.4349527955055237,0.848800003528595,0.4942207932472229,0.4614282548427582,0.4660179018974304,9.040724754333496,111.0,1.8451662063598633,11.320843696594238,78,,,,,,,,,,,,
,,130109,3.0,0.557767927646637,0.8384666442871094,0.49421998858451843,0.47989585995674133,0.4753485321998596,11.840312957763672,290.0,4.374469757080078,16.772550582885742,78,,,,,,,,,,,,
,,130119,3.0,0.558896005153656,0.8081333041191101,0.49535608291625977,0.4818025231361389,0.4701741337776184,13.90676212310791,340.0,2.112513542175293,16.578170776367188,78,,,,,,,,,,,,
,,130129,3.0,0.7818566560745239,0.8267333507537842,0.5021791458129883,0.5070505142211914,0.48663634061813354,15.148983001708984,227.0,14.607781410217285,30.538619995117188,78,,,,,,,,,,,,
,,130139,3.0,0.4708452522754669,0.8298666477203369,0.5063672661781311,0.5507149696350098,0.47857820987701416,10.20605754852295,118.0,4.298097133636475,14.975000381469727,78,,,,,,,,,,,,
,,130149,3.0,0.5820124745368958,0.8221333622932434,0.49881306290626526,0.496076375246048,0.48083794116973877,11.694705963134766,420.0,0.21683555841445923,12.49355411529541,78,,,,,,,,,,,,
,,130159,3.0,0.4310115575790405,0.8623999953269958,0.4980229139328003,0.4860425591468811,0.4738979637622833,10.058692932128906,133.0,5.181786060333252,15.671489715576172,78,,,,,,,,,,,,
,,130169,3.0,0.26100024580955505,0.9053999781608582,0.49729350209236145,0.47549039125442505,0.4786660671234131,6.845822811126709,75.0,0.1457100659608841,7.252532958984375,78,,,,,,,,,,,,
,,130179,3.0,0.34734848141670227,0.8725333213806152,0.5044727921485901,0.6143184900283813,0.47765496373176575,4.054725170135498,23.0,0.05292034149169922,4.454994201660156,78,,,,,,,,,,,,
,,130189,3.0,0.5060003995895386,0.8202000260353088,0.5104308128356934,0.5892938375473022,0.48156461119651794,8.820399284362793,128.0,3.9823086261749268,13.308708190917969,78,,,,,,,,,,,,
,,130199,3.0,0.3889623284339905,0.8637333512306213,0.4991530478000641,0.4804689884185791,0.46682560443878174,5.255572319030762,53.0,0.26256391406059265,5.907098293304443,78,,,,,,,,,,,,
,,130209,3.0,0.4288833737373352,0.8345999717712402,0.5104665160179138,0.5589983463287354,0.49052006006240845,17.896181106567383,291.0,0.619499921798706,18.944562911987305,78,,,,,,,,,,,,
,,130219,3.0,0.6598995327949524,0.8201333284378052,0.5049082636833191,0.5145900249481201,0.49130427837371826,9.625415802001953,361.0,3.1724190711975098,13.457735061645508,78,,,,,,,,,,,,
,,130229,3.0,0.46430331468582153,0.8271999955177307,0.5061284303665161,0.5368576645851135,0.4815066456794739,8.612994194030762,273.0,9.266345024108887,18.343643188476562,78,,,,,,,,,,,,
,,130239,3.0,0.3512844145298004,0.8715999722480774,0.5038412809371948,0.5224924087524414,0.4869641661643982,12.654929161071777,156.0,2.614435911178589,15.620649337768555,78,,,,,,,,,,,,
,,130249,3.0,0.4488150477409363,0.8791999816894531,0.5027716159820557,0.5081495642662048,0.49487951397895813,15.77554702758789,234.0,1.0589103698730469,17.28327178955078,78,,,,,,,,,,,,
,,130259,3.0,0.6540007591247559,0.7753999829292297,0.4989495873451233,0.48225560784339905,0.44478854537010193,6.067136287689209,86.0,0.5453994870185852,7.266536712646484,78,,,,,,,,,,,,
,,130269,3.0,0.5541286468505859,0.807533323764801,0.49969497323036194,0.49708908796310425,0.46073102951049805,10.71250057220459,126.0,0.21581117808818817,11.482439994812012,78,,,,,,,,,,,,
,,130279,3.0,0.5506563186645508,0.8369333148002625,0.5042832493782043,0.5265586972236633,0.4802713096141815,10.692673683166504,136.0,5.002040863037109,16.245370864868164,78,,,,,,,,,,,,
,,130289,3.0,0.4252219796180725,0.8668666481971741,0.49577802419662476,0.4881224036216736,0.48441842198371887,12.12209701538086,252.0,0.9475064277648926,13.49482536315918,78,,,,,,,,,,,,
,,130299,3.0,0.5915424227714539,0.8264666795730591,0.4995337426662445,0.4967278838157654,0.4690482020378113,18.360471725463867,230.0,0.3429171144962311,19.294931411743164,78,,,,,,,,,,,,
,,130309,3.0,0.5890082716941833,0.8161333203315735,0.4905189871788025,0.4499444365501404,0.4581896960735321,11.400335311889648,244.0,0.8099091053009033,12.7992525100708,78,,,,,,,,,,,,
,,130319,3.0,0.48496213555336,0.8547999858856201,0.5048190355300903,0.5261272192001343,0.4863884747028351,15.5023775100708,173.0,0.8774157762527466,16.864755630493164,78,,,,,,,,,,,,
,,130329,3.0,0.49836796522140503,0.8423333168029785,0.51165771484375,0.5583676099777222,0.49552786350250244,12.489700317382812,186.0,2.438267946243286,15.426336288452148,78,,,,,,,,,,,,
,,130339,3.0,0.3444689214229584,0.8668666481971741,0.5162904858589172,0.5751762986183167,0.5079525709152222,27.55851173400879,298.0,0.4200821816921234,28.323062896728516,78,,,,,,,,,,,,
,,130349,3.0,0.5758476853370667,0.8346666693687439,0.5075498819351196,0.5335352420806885,0.489864319562912,10.76119613647461,190.0,6.819790363311768,18.15683364868164,78,,,,,,,,,,,,
,,130359,3.0,0.8371877670288086,0.8069333434104919,0.5130357146263123,0.5463664531707764,0.49706462025642395,18.03720474243164,439.0,1.5525935888290405,20.426986694335938,78,,,,,,,,,,,,
,,130369,3.0,0.7278385162353516,0.7955999970436096,0.4801439344882965,0.42957985401153564,0.4491237998008728,11.301281929016113,318.0,0.26276302337646484,12.29188346862793,78,,,,,,,,,,,,
,,130379,3.0,0.4740929901599884,0.839733362197876,0.4901772141456604,0.4526262879371643,0.4633621573448181,20.653308868408203,318.0,0.06192416697740555,21.1893253326416,78,,,,,,,,,,,,
,,130389,3.0,0.5691404342651367,0.7818666696548462,0.5000748634338379,0.5013182163238525,0.44794660806655884,4.674444198608398,61.0,0.9234098792076111,6.166994571685791,78,,,,,,,,,,,,
,,130399,3.0,0.4885556101799011,0.812666654586792,0.5001890063285828,0.5018119215965271,0.4626792371273041,12.290122032165527,135.0,0.8291042447090149,13.607782363891602,78,,,,,,,,,,,,
,,130409,3.0,0.389541894197464,0.892133355140686,0.5254594087600708,0.58999103307724,0.527756929397583,13.353108406066895,313.0,1.7911823987960815,15.533832550048828,78,,,,,,,,,,,,
,,130419,3.0,0.5498098134994507,0.8169999718666077,0.5058752298355103,0.540409505367279,0.4768836200237274,14.014029502868652,251.0,0.14689421653747559,14.710733413696289,78,,,,,,,,,,,,
1.0453658778440109e-05,0.00010453658778440107,130428,,,,,,,,,,,,,,,,,,,,,,,
,,130429,3.0,0.47767236828804016,0.8009333610534668,0.5015407204627991,0.5287947058677673,0.4550929069519043,5.3104095458984375,88.0,0.40174755454063416,6.1898298263549805,79,,,,,,,,,,,,
,,130439,3.0,0.42333653569221497,0.8604666590690613,0.5136556029319763,0.5620854496955872,0.5030562281608582,14.758360862731934,202.0,0.6389356255531311,15.820633888244629,79,,,,,,,,,,,,
,,130449,3.0,0.41963425278663635,0.8550666570663452,0.4970169961452484,0.48261573910713196,0.4734130799770355,15.429914474487305,178.0,0.094742052257061,15.944290161132812,79,,,,,,,,,,,,
,,130459,3.0,0.8143394589424133,0.7713333368301392,0.49274325370788574,0.4777088165283203,0.46731287240982056,12.224146842956543,377.0,4.319244384765625,17.357730865478516,79,,,,,,,,,,,,
,,130469,3.0,0.35308876633644104,0.8725333213806152,0.49190813302993774,0.46623843908309937,0.4731466472148895,8.700937271118164,279.0,2.7837624549865723,11.837787628173828,79,,,,,,,,,,,,
,,130479,3.0,0.4241877496242523,0.8543333411216736,0.4994106888771057,0.4939962327480316,0.47053030133247375,10.269240379333496,77.0,1.5464938879013062,12.239921569824219,79,,,,,,,,,,,,
,,130489,3.0,0.28968119621276855,0.8848000168800354,0.49692976474761963,0.4448317587375641,0.46943971514701843,12.137781143188477,42.0,0.048720382153987885,12.47618293762207,79,,,,,,,,,,,,
,,130499,3.0,0.5507594347000122,0.8738666772842407,0.5068859457969666,0.5140677690505981,0.5042421817779541,11.981009483337402,325.0,4.302216053009033,16.833984375,79,,,,,,,,,,,,
,,130509,3.0,0.5715648531913757,0.8697999715805054,0.5263974070549011,0.5460922122001648,0.5298505425453186,12.978922843933105,361.0,5.377866268157959,18.928354263305664,79,,,,,,,,,,,,
,,130519,3.0,0.6097080707550049,0.8235999941825867,0.4993206560611725,0.49718278646469116,0.47718462347984314,12.6243257522583,354.0,0.6865213513374329,13.920555114746094,79,,,,,,,,,,,,
,,130529,3.0,0.8173956274986267,0.7785333395004272,0.4942071735858917,0.4732876718044281,0.4595293700695038,12.753111839294434,342.0,0.354740172624588,13.925247192382812,79,,,,,,,,,,,,
,,130539,3.0,0.4393773674964905,0.836733341217041,0.5010883212089539,0.5121990442276001,0.4681854546070099,12.32824420928955,100.0,0.06346660852432251,12.83108901977539,79,,,,,,,,,,,,
,,130549,3.0,0.4688115417957306,0.8489999771118164,0.502726674079895,0.5239908695220947,0.47610655426979065,20.01994514465332,154.0,0.6211773753166199,21.109933853149414,79,,,,,,,,,,,,
,,130559,3.0,0.6626481413841248,0.8248666524887085,0.5037263631820679,0.5132647156715393,0.4867093861103058,11.601408004760742,290.0,2.0418801307678223,14.305936813354492,79,,,,,,,,,,,,
,,130569,3.0,0.9096343517303467,0.7320666909217834,0.48126164078712463,0.4060189723968506,0.42983072996139526,9.17402458190918,228.0,6.16481876373291,16.248477935791016,79,,,,,,,,,,,,
,,130579,3.0,0.40945297479629517,0.850600004196167,0.4997049868106842,0.4953903257846832,0.466627299785614,9.522143363952637,53.0,0.3177458941936493,10.249342918395996,79,,,,,,,,,,,,
,,130589,3.0,0.4202668070793152,0.8489333391189575,0.5009658336639404,0.5162739157676697,0.4677616357803345,13.887860298156738,77.0,0.3924911320209503,14.700618743896484,79,,,,,,,,,,,,
,,130599,3.0,0.43460166454315186,0.8501999974250793,0.5061798095703125,0.5639980435371399,0.4802699387073517,15.48353099822998,116.0,0.5581098198890686,16.476242065429688,79,,,,,,,,,,,,
,,130609,3.0,0.40923601388931274,0.8702666759490967,0.4915820062160492,0.46377405524253845,0.47187700867652893,8.669936180114746,277.0,1.5124108791351318,10.591583251953125,79,,,,,,,,,,,,
,,130619,3.0,0.4775739014148712,0.8402666449546814,0.4978627860546112,0.4472520053386688,0.45825180411338806,5.300400257110596,41.0,0.025344587862491608,5.803318500518799,79,,,,,,,,,,,,
,,130629,3.0,0.6192580461502075,0.7943999767303467,0.49154993891716003,0.41793888807296753,0.44494035840034485,9.015645027160645,184.0,5.993964672088623,15.628868103027344,79,,,,,,,,,,,,
,,130639,3.0,0.4912237823009491,0.8357999920845032,0.49956783652305603,0.4983060956001282,0.48049646615982056,13.695270538330078,385.0,0.3460739850997925,14.532567977905273,79,,,,,,,,,,,,
,,130649,3.0,0.7232673168182373,0.7807999849319458,0.5089322328567505,0.5429074168205261,0.4798121154308319,16.865657806396484,338.0,1.4599640369415283,19.04888916015625,79,,,,,,,,,,,,
,,130659,3.0,0.6241601705551147,0.8217333555221558,0.5294774174690247,0.6165822744369507,0.5209202170372009,12.212800025939941,253.0,4.4790239334106445,17.315982818603516,79,,,,,,,,,,,,
,,130669,3.0,0.40777283906936646,0.8124666810035706,0.49419286847114563,0.4754470884799957,0.4675217270851135,14.982539176940918,324.0,4.047979354858398,19.438291549682617,79,,,,,,,,,,,,
,,130679,3.0,0.5394619107246399,0.8256666660308838,0.5073220133781433,0.5899349451065063,0.4743283987045288,13.392388343811035,140.0,0.384968638420105,14.316819190979004,79,,,,,,,,,,,,
,,130689,3.0,0.3193080723285675,0.8846666812896729,0.5021939277648926,0.5208224058151245,0.48230278491973877,13.545069694519043,106.0,0.14544792473316193,14.009825706481934,79,,,,,,,,,,,,
,,130699,3.0,0.526656448841095,0.8470666408538818,0.5106549263000488,0.5513050556182861,0.4954509735107422,21.906335830688477,250.0,0.19079779088497162,22.623790740966797,79,,,,,,,,,,,,
,,130709,3.0,0.33185040950775146,0.8784000277519226,0.5111504197120667,0.5795961618423462,0.49787694215774536,15.700319290161133,138.0,0.6227688789367676,16.654937744140625,79,,,,,,,,,,,,
,,130719,3.0,0.4260079562664032,0.8650000095367432,0.5016010999679565,0.5090515613555908,0.48270556330680847,10.896577835083008,188.0,1.0594964027404785,12.382081985473633,79,,,,,,,,,,,,
,,130729,3.0,0.4682285189628601,0.8435999751091003,0.5116776823997498,0.5791401863098145,0.4918382167816162,28.603403091430664,178.0,1.1008799076080322,30.17251205444336,79,,,,,,,,,,,,
,,130739,3.0,0.4021608829498291,0.8586000204086304,0.5225054025650024,0.603728175163269,0.5158298015594482,13.487659454345703,318.0,3.806732416152954,17.696552276611328,79,,,,,,,,,,,,
,,130749,3.0,0.5878023505210876,0.8294666409492493,0.4952836036682129,0.47745245695114136,0.4695093333721161,11.03463077545166,340.0,0.15606525540351868,11.778497695922852,79,,,,,,,,,,,,
,,130759,3.0,0.378410279750824,0.8844666481018066,0.5115268230438232,0.5624097585678101,0.5020971298217773,19.354829788208008,190.0,1.2378169298171997,20.971057891845703,79,,,,,,,,,,,,
,,130769,3.0,0.47081485390663147,0.8313999772071838,0.5075702667236328,0.5374131202697754,0.4875700771808624,15.514375686645508,220.0,0.5638384222984314,16.549028396606445,79,,,,,,,,,,,,
,,130779,3.0,0.3476093113422394,0.8658666610717773,0.5237842798233032,0.5647017955780029,0.5240126848220825,11.385664939880371,351.0,5.091647148132324,16.824920654296875,79,,,,,,,,,,,,
,,130789,3.0,0.4827922582626343,0.852066695690155,0.4993235170841217,0.49101150035858154,0.46755918860435486,4.720350742340088,97.0,0.25287899374961853,5.456022262573242,79,,,,,,,,,,,,
,,130799,3.0,0.4069143831729889,0.8708666563034058,0.536357581615448,0.6648547053337097,0.5389813184738159,24.93653106689453,327.0,0.0479549840092659,25.391399383544922,79,,,,,,,,,,,,
,,130809,3.0,0.5091588497161865,0.8533333539962769,0.5141939520835876,0.5531100034713745,0.5051975250244141,13.637807846069336,435.0,0.4373345673084259,14.584301948547363,79,,,,,,,,,,,,
,,130819,3.0,0.5562518835067749,0.7955333590507507,0.49874094128608704,0.49441879987716675,0.4701104164123535,14.428911209106445,360.0,0.7594472765922546,15.744609832763672,79,,,,,,,,,,,,
,,130829,3.0,0.6985001564025879,0.7764000296592712,0.49419447779655457,0.47148382663726807,0.45757412910461426,14.5839204788208,310.0,0.49033495783805847,15.77275562286377,79,,,,,,,,,,,,
,,130839,3.0,0.5333414673805237,0.8125333189964294,0.5029148459434509,0.5508819818496704,0.4609653949737549,7.42805814743042,64.0,0.5485394597053528,8.509939193725586,79,,,,,,,,,,,,
,,130849,3.0,0.26696473360061646,0.906000018119812,0.5124561190605164,0.5686252117156982,0.50713050365448,8.544398307800293,116.0,1.0801763534545898,9.891539573669434,79,,,,,,,,,,,,
,,130859,3.0,0.43335121870040894,0.8672666549682617,0.5051461458206177,0.5196138620376587,0.49361422657966614,13.516189575195312,355.0,0.11745726317167282,14.066998481750488,79,,,,,,,,,,,,
,,130869,3.0,0.46077167987823486,0.8618000149726868,0.5343743562698364,0.6908935904502869,0.5325260758399963,21.432167053222656,255.0,0.04182909056544304,21.93476676940918,79,,,,,,,,,,,,
,,130879,3.0,0.6618036031723022,0.7982000112533569,0.5090466737747192,0.5439708232879639,0.48344311118125916,13.63096809387207,221.0,20.25724983215332,34.55002212524414,79,,,,,,,,,,,,
,,130889,3.0,0.4965629279613495,0.8352000117301941,0.5096850991249084,0.5730340480804443,0.48558616638183594,18.75702667236328,194.0,0.11275747418403625,19.36634635925293,79,,,,,,,,,,,,
,,130899,3.0,0.3595200777053833,0.8848000168800354,0.5140143632888794,0.5882015824317932,0.5047802329063416,22.58371353149414,211.0,0.01676774211227894,22.96000099182129,79,,,,,,,,,,,,
,,130909,3.0,0.9136298298835754,0.7730666399002075,0.5105454921722412,0.5393094420433044,0.4864499866962433,8.828548431396484,394.0,4.439440727233887,14.181618690490723,79,,,,,,,,,,,,
,,130919,3.0,0.4098896086215973,0.8602666854858398,0.5006552934646606,0.5043034553527832,0.47850701212882996,8.240288734436035,231.0,2.9470791816711426,11.597257614135742,79,,,,,,,,,,,,
,,130929,3.0,0.4714846909046173,0.8346666693687439,0.5057916045188904,0.5376776456832886,0.48142901062965393,23.017351150512695,211.0,0.028034277260303497,23.516870498657227,79,,,,,,,,,,,,
,,130939,3.0,0.6416060924530029,0.8013333082199097,0.48945027589797974,0.4233316481113434,0.44782090187072754,11.15820026397705,215.0,23.8940486907959,35.69385528564453,79,,,,,,,,,,,,
,,130949,3.0,0.605309247970581,0.8246666789054871,0.5136469602584839,0.5423380136489868,0.5032214522361755,10.489864349365234,361.0,6.720989227294922,17.816162109375,79,,,,,,,,,,,,
,,130959,3.0,0.4698774218559265,0.84006667137146,0.5013487935066223,0.5075500011444092,0.4779103994369507,11.315601348876953,174.0,4.232906818389893,16.01838493347168,79,,,,,,,,,,,,
,,130969,3.0,0.47173836827278137,0.8565333485603333,0.5026365518569946,0.5146687626838684,0.48300299048423767,12.77435302734375,171.0,0.08104663342237473,13.327138900756836,79,,,,,,,,,,,,
,,130979,3.0,0.6072840094566345,0.8150666952133179,0.504084587097168,0.5167233347892761,0.48292264342308044,12.209329605102539,280.0,6.364685535430908,19.181299209594727,79,,,,,,,,,,,,
,,130989,3.0,0.34196263551712036,0.8828666806221008,0.5030475854873657,0.5182926654815674,0.4874500334262848,10.429540634155273,115.0,1.081301212310791,11.852804183959961,79,,,,,,,,,,,,
,,130999,3.0,0.3393060564994812,0.8968666791915894,0.5048583149909973,0.5201724767684937,0.49615544080734253,8.494647979736328,152.0,24.920522689819336,33.754478454589844,79,,,,,,,,,,,,
,,131009,3.0,0.6644582152366638,0.8234666585922241,0.4997859597206116,0.4993969798088074,0.48570317029953003,14.165958404541016,349.0,1.5976229906082153,16.42803955078125,79,,,,,,,,,,,,
,,131019,3.0,0.40247902274131775,0.8213333487510681,0.49743250012397766,0.4677085280418396,0.45751434564590454,5.31973123550415,96.0,5.443124294281006,11.165334701538086,79,,,,,,,,,,,,
,,131029,3.0,0.5307624936103821,0.7829999923706055,0.5046106576919556,0.5627650022506714,0.45749300718307495,7.708968639373779,134.0,1.0919018983840942,9.331632614135742,79,,,,,,,,,,,,
,,131039,3.0,0.5305479168891907,0.8384000062942505,0.5114966034889221,0.5512892007827759,0.4962660074234009,13.907038688659668,254.0,6.144805431365967,20.5823917388916,79,,,,,,,,,,,,
,,131049,3.0,0.7431116700172424,0.8236666917800903,0.488881379365921,0.4753730595111847,0.47620242834091187,14.434090614318848,323.0,2.5808236598968506,17.758026123046875,79,,,,,,,,,,,,
,,131059,3.0,0.43463370203971863,0.871066689491272,0.52377849817276,0.5912521481513977,0.5216628313064575,14.382667541503906,276.0,0.6467175483703613,15.464017868041992,79,,,,,,,,,,,,
,,131069,3.0,0.4632717967033386,0.8737333416938782,0.5087381601333618,0.5413182973861694,0.4973425269126892,11.686311721801758,193.0,1.3995935916900635,13.549177169799805,79,,,,,,,,,,,,
,,131079,3.0,0.6562414765357971,0.8597333431243896,0.5285953879356384,0.624046802520752,0.5257149338722229,15.455157279968262,211.0,3.478174924850464,19.58957290649414,79,,,,,,,,,,,,
,,131089,3.0,0.3774071931838989,0.8564666509628296,0.5018224716186523,0.5565410852432251,0.4681719243526459,3.3265340328216553,23.0,0.22140052914619446,3.925341844558716,79,,,,,,,,,,,,
,,131099,3.0,0.6048250198364258,0.8322666883468628,0.497312992811203,0.48777520656585693,0.4739013910293579,14.841581344604492,333.0,0.4184059202671051,15.864811897277832,79,,,,,,,,,,,,
,,131109,3.0,0.27709925174713135,0.8877333402633667,0.5049744844436646,0.5760953426361084,0.4846290946006775,5.684786319732666,41.0,0.06742271035909653,6.029308319091797,79,,,,,,,,,,,,
,,131119,3.0,0.5721250772476196,0.8196666836738586,0.500356912612915,0.5015279054641724,0.4774271547794342,16.44118881225586,246.0,2.9912023544311523,20.0045166015625,79,,,,,,,,,,,,
,,131129,3.0,0.576400876045227,0.8384666442871094,0.49348294734954834,0.47040605545043945,0.46922141313552856,10.495397567749023,283.0,0.6344186663627625,11.706216812133789,79,,,,,,,,,,,,
,,131139,3.0,0.49285757541656494,0.8276666402816772,0.4977872371673584,0.4873924255371094,0.4698789417743683,24.169233322143555,302.0,0.207626610994339,24.86971664428711,79,,,,,,,,,,,,
,,131149,3.0,0.34654971957206726,0.8773999810218811,0.5107762813568115,0.5831865072250366,0.4964016079902649,9.936153411865234,122.0,0.32225319743156433,10.60495662689209,79,,,,,,,,,,,,
,,131159,3.0,0.6266889572143555,0.8384000062942505,0.5068000555038452,0.5188710689544678,0.4972988963127136,12.571117401123047,307.0,2.643148183822632,15.840954780578613,79,,,,,,,,,,,,
,,131169,3.0,0.4144064784049988,0.8293333053588867,0.5029980540275574,0.5607855319976807,0.46470093727111816,5.047632694244385,51.0,0.552121102809906,6.01416015625,79,,,,,,,,,,,,
,,131179,3.0,0.4829963743686676,0.8513333201408386,0.5039892792701721,0.5165491104125977,0.488391637802124,15.621720314025879,204.0,0.9506316781044006,17.055349349975586,79,,,,,,,,,,,,
,,131189,3.0,0.44026419520378113,0.8430666923522949,0.5042873024940491,0.6197834014892578,0.4689578711986542,6.434756755828857,37.0,0.17771752178668976,7.052738666534424,79,,,,,,,,,,,,
,,131199,3.0,0.34412437677383423,0.8701333403587341,0.49361446499824524,0.445838063955307,0.4662984311580658,10.106941223144531,157.0,0.021544527262449265,10.472610473632812,79,,,,,,,,,,,,
,,131209,3.0,0.31509992480278015,0.8754000067710876,0.49532824754714966,0.45737016201019287,0.4694295823574066,14.612648010253906,105.0,0.10681040585041046,15.034558296203613,79,,,,,,,,,,,,
,,131219,3.0,0.6615585088729858,0.8101999759674072,0.4889741539955139,0.44259631633758545,0.45509958267211914,13.037108421325684,270.0,0.26822173595428467,13.966888427734375,79,,,,,,,,,,,,
,,131229,3.0,0.45142310857772827,0.8845999836921692,0.5136570930480957,0.5312990546226501,0.512955904006958,11.54375171661377,391.0,17.086204528808594,29.081378936767578,79,,,,,,,,,,,,
,,131239,3.0,0.42531540989875793,0.8386666774749756,0.4975084960460663,0.42110195755958557,0.4561276435852051,3.8946871757507324,32.0,0.06213853135704994,4.38214111328125,79,,,,,,,,,,,,
,,131249,3.0,0.415693074464798,0.8748666644096375,0.5021761059761047,0.5078936815261841,0.49084287881851196,11.357528686523438,299.0,4.516135215759277,16.289356231689453,79,,,,,,,,,,,,
,,131259,3.0,0.42570221424102783,0.8435333371162415,0.4986913502216339,0.4613420069217682,0.4596693515777588,4.123780250549316,38.0,1.6803704500198364,6.229852676391602,79,,,,,,,,,,,,
,,131269,3.0,0.4962605834007263,0.8165333271026611,0.5004968047142029,0.5031750798225403,0.4698387384414673,20.36478614807129,264.0,0.1310700923204422,20.992115020751953,79,,,,,,,,,,,,
,,131279,3.0,0.350509375333786,0.8726000189781189,0.5040611028671265,0.5229541659355164,0.4878872334957123,8.458852767944336,187.0,0.15561197698116302,8.964974403381348,79,,,,,,,,,,,,
,,131289,3.0,0.4923524558544159,0.8690666556358337,0.5079256892204285,0.5234953165054321,0.5011352300643921,9.666742324829102,283.0,0.92138671875,11.08048152923584,79,,,,,,,,,,,,
,,131299,3.0,0.5315636992454529,0.8320666551589966,0.4959205687046051,0.4804968237876892,0.47089874744415283,19.316818237304688,262.0,0.8837987184524536,20.732179641723633,79,,,,,,,,,,,,
,,131309,3.0,0.4531836211681366,0.864799976348877,0.5148624777793884,0.5790831446647644,0.5038618445396423,17.129352569580078,280.0,0.11075900495052338,17.693296432495117,79,,,,,,,,,,,,
,,131319,3.0,0.2825402021408081,0.9046000242233276,0.508262574672699,0.5604099035263062,0.49821165204048157,9.129908561706543,91.0,0.16027340292930603,9.572722434997559,79,,,,,,,,,,,,
,,131329,3.0,0.45255643129348755,0.8573333621025085,0.49846330285072327,0.4925340712070465,0.47863665223121643,13.60088062286377,217.0,13.223414421081543,27.276851654052734,79,,,,,,,,,,,,
,,131339,3.0,0.6079816818237305,0.8537333607673645,0.4993755519390106,0.4987044632434845,0.49312224984169006,9.878209114074707,347.0,4.996881008148193,15.483072280883789,79,,,,,,,,,,,,
,,131349,3.0,0.5859993100166321,0.8077333569526672,0.5074012875556946,0.5343921184539795,0.48388218879699707,14.350872993469238,190.0,2.4815609455108643,17.418434143066406,79,,,,,,,,,,,,
,,131359,3.0,0.31845858693122864,0.8830000162124634,0.5192299485206604,0.6762504577636719,0.5100541710853577,9.989456176757812,98.0,0.0627271980047226,10.370641708374023,79,,,,,,,,,,,,
,,131369,3.0,0.5504863858222961,0.8624666929244995,0.5097041130065918,0.5252890586853027,0.5045866966247559,7.6547040939331055,353.0,3.5390617847442627,11.74425220489502,79,,,,,,,,,,,,
,,131379,3.0,0.6061292886734009,0.7943333387374878,0.5097192525863647,0.570568859577179,0.4763333201408386,19.92258644104004,292.0,0.25668129324913025,20.785396575927734,79,,,,,,,,,,,,
,,131389,3.0,0.6034792065620422,0.8158000111579895,0.5083461403846741,0.5384479761123657,0.48696473240852356,12.451722145080566,247.0,7.740322113037109,20.79552459716797,79,,,,,,,,,,,,
,,131399,3.0,0.374464213848114,0.8737999796867371,0.5067157745361328,0.525412917137146,0.4969145953655243,8.149835586547852,252.0,1.4039781093597412,9.928277969360352,79,,,,,,,,,,,,
,,131409,3.0,0.4166933298110962,0.8346666693687439,0.5020484924316406,0.5407389402389526,0.4647412896156311,6.256056308746338,39.0,0.01554426271468401,6.688293933868408,79,,,,,,,,,,,,
,,131419,3.0,0.5458851456642151,0.8389333486557007,0.49745097756385803,0.4897730350494385,0.47742897272109985,9.273401260375977,181.0,9.76633071899414,19.585617065429688,79,,,,,,,,,,,,
,,131429,3.0,0.4285348057746887,0.8537333607673645,0.5032886266708374,0.5330419540405273,0.476756751537323,14.941679954528809,85.0,0.39578312635421753,15.765997886657715,79,,,,,,,,,,,,
,,131439,3.0,0.4285101592540741,0.8375999927520752,0.49509942531585693,0.47083353996276855,0.4669579267501831,15.036499977111816,259.0,0.7176560163497925,16.18266487121582,79,,,,,,,,,,,,
,,131449,3.0,0.4098757207393646,0.8604000210762024,0.5016381144523621,0.5197646021842957,0.4740743041038513,14.51248836517334,90.0,0.3470534086227417,15.269417762756348,79,,,,,,,,,,,,
,,131459,3.0,0.5546679496765137,0.8347333073616028,0.4913488030433655,0.4608960747718811,0.46553242206573486,11.813009262084961,329.0,0.09909997880458832,12.466777801513672,79,,,,,,,,,,,,
,,131469,3.0,0.6299393177032471,0.8541333079338074,0.5135209560394287,0.5293307900428772,0.5112136602401733,13.905993461608887,315.0,4.691171169281006,19.22710418701172,79,,,,,,,,,,,,
,,131479,3.0,0.30690422654151917,0.893666684627533,0.5146400928497314,0.5469549894332886,0.5126579403877258,15.031723022460938,328.0,0.24076300859451294,15.579389572143555,79,,,,,,,,,,,,
,,131489,3.0,0.6705858707427979,0.7978666424751282,0.489867240190506,0.446818083524704,0.4539874196052551,8.363738059997559,181.0,5.244187355041504,14.278511047363281,79,,,,,,,,,,,,
,,131499,3.0,0.659879207611084,0.8234000205993652,0.4966762959957123,0.4912031888961792,0.4827388823032379,12.454670906066895,339.0,12.895278930664062,26.009828567504883,79,,,,,,,,,,,,
,,131509,3.0,0.7706303000450134,0.8008000254631042,0.48950567841529846,0.46045735478401184,0.4616032838821411,8.98550796508789,316.0,2.1827940940856934,11.938932418823242,79,,,,,,,,,,,,
,,131519,3.0,0.23395133018493652,0.9098666906356812,0.5002627968788147,0.5031083822250366,0.48295775055885315,4.403637409210205,63.0,1.2300238609313965,5.867612361907959,79,,,,,,,,,,,,
,,131529,3.0,0.5117226243019104,0.8404666781425476,0.49403539299964905,0.4674115777015686,0.46721169352531433,12.525184631347656,248.0,0.05420265719294548,13.091110229492188,79,,,,,,,,,,,,
,,131539,3.0,0.4441926181316376,0.8430666923522949,0.5075045824050903,0.548059344291687,0.48602616786956787,10.70605182647705,244.0,0.551438570022583,11.701683044433594,79,,,,,,,,,,,,
,,131549,3.0,0.44327154755592346,0.869866669178009,0.506743311882019,0.5564850568771362,0.4875929057598114,12.966964721679688,164.0,0.08106084913015366,13.491296768188477,79,,,,,,,,,,,,
,,131559,3.0,0.6162418127059937,0.8029999732971191,0.49398136138916016,0.47261691093444824,0.46401986479759216,17.094816207885742,302.0,0.9595420956611633,18.67059898376465,79,,,,,,,,,,,,
,,131569,3.0,0.40696120262145996,0.8478666543960571,0.505212128162384,0.6555432677268982,0.4715556800365448,6.783324718475342,33.0,0.003535699797794223,7.193821430206299,79,,,,,,,,,,,,
,,131579,3.0,0.5099405646324158,0.843666672706604,0.4993584454059601,0.4950663447380066,0.47118842601776123,25.284971237182617,229.0,0.026292167603969574,25.821205139160156,79,,,,,,,,,,,,
,,131589,3.0,0.5769612193107605,0.865933358669281,0.5159759521484375,0.5631264448165894,0.5090450048446655,13.027095794677734,210.0,18.75499725341797,32.35905456542969,79,,,,,,,,,,,,
,,131599,3.0,0.6209049224853516,0.8172000050544739,0.5121024250984192,0.5440842509269714,0.49698519706726074,14.261514663696289,367.0,1.2190961837768555,16.101516723632812,79,,,,,,,,,,,,
,,131609,3.0,0.5067955255508423,0.8365333080291748,0.5020143985748291,0.5187282562255859,0.47154295444488525,7.37306022644043,103.0,0.40156614780426025,8.281421661376953,79,,,,,,,,,,,,
,,131619,3.0,0.38857895135879517,0.878333330154419,0.5050657987594604,0.5656968951225281,0.48345914483070374,9.411482810974121,57.0,1.0798085927963257,10.879870414733887,79,,,,,,,,,,,,
,,131629,3.0,0.4876518249511719,0.8479999899864197,0.49925801157951355,0.4946959316730499,0.4728427827358246,12.994985580444336,162.0,0.4749734699726105,13.957611083984375,79,,,,,,,,,,,,
,,131639,3.0,0.4207990765571594,0.8605999946594238,0.5079130530357361,0.5501126646995544,0.4903627634048462,10.085476875305176,131.0,0.8444108366966248,11.350687026977539,79,,,,,,,,,,,,
,,131649,3.0,0.42570406198501587,0.8518000245094299,0.4973192811012268,0.4835990071296692,0.4726148843765259,13.361231803894043,228.0,0.08464352041482925,13.87157917022705,79,,,,,,,,,,,,
,,131659,3.0,0.5076268315315247,0.8198000192642212,0.5230610370635986,0.659003734588623,0.5031211972236633,10.135604858398438,216.0,9.151960372924805,19.79519271850586,79,,,,,,,,,,,,
,,131669,3.0,0.41871169209480286,0.8414666652679443,0.502277672290802,0.5173009037971497,0.47543421387672424,18.64579963684082,236.0,0.011556804180145264,19.076068878173828,79,,,,,,,,,,,,
,,131679,3.0,0.4959944188594818,0.868066668510437,0.5127928256988525,0.5574402809143066,0.5031713843345642,12.821015357971191,224.0,1.0121910572052002,14.329200744628906,79,,,,,,,,,,,,
,,131689,3.0,0.37593480944633484,0.8881999850273132,0.5228584408760071,0.5741806030273438,0.5239344239234924,11.495904922485352,301.0,0.6220982074737549,12.493937492370605,79,,,,,,,,,,,,
,,131699,3.0,0.5243456959724426,0.8114666938781738,0.5217306017875671,0.626469612121582,0.5015183687210083,10.115933418273926,254.0,3.1747264862060547,13.8150053024292,79,,,,,,,,,,,,
,,131709,3.0,0.5776111483573914,0.8216000199317932,0.5019696354866028,0.5116963982582092,0.4742986261844635,13.25529670715332,160.0,2.2176873683929443,16.050594329833984,79,,,,,,,,,,,,
,,131719,3.0,0.5053660869598389,0.8379999995231628,0.5028975605964661,0.5127816200256348,0.48367100954055786,18.745927810668945,333.0,0.3017016053199768,19.552995681762695,79,,,,,,,,,,,,
,,131729,3.0,0.3700951933860779,0.8718000054359436,0.5161980390548706,0.5709308981895447,0.509192943572998,13.620076179504395,193.0,9.006662368774414,22.99683380126953,79,,,,,,,,,,,,
,,131739,3.0,0.5983943939208984,0.8184000253677368,0.49740782380104065,0.48960453271865845,0.4742496907711029,12.476051330566406,309.0,0.4848642647266388,13.559309959411621,79,,,,,,,,,,,,
,,131749,3.0,0.5517207980155945,0.8194666504859924,0.5004398822784424,0.503362774848938,0.467672199010849,13.291050910949707,144.0,0.20436391234397888,14.047135353088379,79,,,,,,,,,,,,
,,131759,3.0,0.5768477320671082,0.7821999788284302,0.5012146830558777,0.5167210698127747,0.452094167470932,5.111457824707031,110.0,2.2986345291137695,7.986939907073975,79,,,,,,,,,,,,
,,131769,3.0,0.6981403231620789,0.7870000004768372,0.4995405972003937,0.49831753969192505,0.47426584362983704,8.485396385192871,341.0,5.224108695983887,14.407645225524902,79,,,,,,,,,,,,
,,131779,3.0,0.5134598612785339,0.8559333086013794,0.5087800025939941,0.5275233387947083,0.5001617074012756,7.781949996948242,264.0,7.368617057800293,15.664027214050293,79,,,,,,,,,,,,
,,131789,3.0,0.4860485792160034,0.8181333541870117,0.4975397288799286,0.48860111832618713,0.47149601578712463,15.709309577941895,328.0,2.8440096378326416,19.03936767578125,79,,,,,,,,,,,,
,,131799,3.0,0.5346700549125671,0.8225333094596863,0.49866271018981934,0.4952937960624695,0.4793752431869507,9.455138206481934,316.0,3.756887912750244,13.746696472167969,79,,,,,,,,,,,,
,,131809,3.0,0.7973642349243164,0.7932666540145874,0.4982706606388092,0.4930765628814697,0.47137826681137085,14.620979309082031,262.0,6.405836582183838,21.824180603027344,79,,,,,,,,,,,,
,,131819,3.0,0.3325102627277374,0.8867999911308289,0.5023111701011658,0.5270689129829407,0.4814671576023102,5.44905948638916,65.0,1.5366661548614502,7.318236351013184,79,,,,,,,,,,,,
,,131829,3.0,0.31558290123939514,0.885533332824707,0.5005439519882202,0.5018894076347351,0.49022531509399414,13.109557151794434,301.0,0.42461785674095154,13.84975814819336,79,,,,,,,,,,,,
,,131839,3.0,0.48732277750968933,0.8266000151634216,0.5043172836303711,0.5657806396484375,0.46803125739097595,8.078964233398438,71.0,2.9820048809051514,11.54829216003418,79,,,,,,,,,,,,
,,131849,3.0,0.4540417790412903,0.859000027179718,0.4896657168865204,0.443124383687973,0.46348264813423157,7.427926540374756,268.0,2.046525716781616,9.928494453430176,79,,,,,,,,,,,,
,,131859,3.0,0.5788665413856506,0.8458666801452637,0.4928939640522003,0.47262313961982727,0.4724319875240326,15.245195388793945,337.0,0.3935585916042328,16.217620849609375,79,,,,,,,,,,,,
,,131869,3.0,0.564861536026001,0.8565999865531921,0.48667266964912415,0.4612656831741333,0.4700080156326294,12.221732139587402,301.0,1.0308109521865845,13.817404747009277,79,,,,,,,,,,,,
,,131879,3.0,0.39787545800209045,0.8652666807174683,0.5010318756103516,0.5070446133613586,0.4796103835105896,13.894649505615234,155.0,0.15902982652187347,14.451555252075195,79,,,,,,,,,,,,
,,131889,3.0,0.4460323452949524,0.8474666476249695,0.5013521313667297,0.5135639309883118,0.47222813963890076,7.5009589195251465,86.0,0.7219066619873047,8.66889762878418,79,,,,,,,,,,,,
,,131899,3.0,0.5592963695526123,0.8392666578292847,0.4936654567718506,0.4676513075828552,0.46756601333618164,17.16035270690918,295.0,0.35211753845214844,18.071765899658203,79,,,,,,,,,,,,
,,131909,3.0,0.36943238973617554,0.8713333606719971,0.49640122056007385,0.44349974393844604,0.4661368131637573,5.222904682159424,92.0,0.21700835227966309,5.809345245361328,79,,,,,,,,,,,,
,,131919,3.0,0.40791815519332886,0.861466646194458,0.5188636779785156,0.6187315583229065,0.507608950138092,9.524757385253906,193.0,0.8986292481422424,10.831304550170898,79,,,,,,,,,,,,
,,131929,3.0,0.3830931782722473,0.8863999843597412,0.5057034492492676,0.523914098739624,0.4959295392036438,8.29163932800293,120.0,9.047246932983398,17.72197914123535,79,,,,,,,,,,,,
,,131939,3.0,0.6909747123718262,0.8258666396141052,0.4950714707374573,0.47913962602615356,0.4709280729293823,15.186684608459473,318.0,0.006310570985078812,15.8839693069458,79,,,,,,,,,,,,
,,131949,3.0,0.7076016068458557,0.8222666382789612,0.506792426109314,0.5191622376441956,0.49519380927085876,9.275641441345215,331.0,3.9338033199310303,13.917046546936035,79,,,,,,,,,,,,
,,131959,3.0,0.624422013759613,0.7669333219528198,0.5007885098457336,0.5089163184165955,0.4495522677898407,11.812548637390137,141.0,0.3770889937877655,12.814059257507324,79,,,,,,,,,,,,
,,131969,3.0,0.7164241075515747,0.8200666904449463,0.5002557039260864,0.5006891489028931,0.48691093921661377,7.058306694030762,328.0,5.208769798278809,12.983500480651855,79,,,,,,,,,,,,
,,131979,3.0,0.35819774866104126,0.890333354473114,0.4945657253265381,0.47218063473701477,0.4769783020019531,7.540203094482422,240.0,1.546634554862976,9.445034980773926,79,,,,,,,,,,,,
,,131989,3.0,0.3942335844039917,0.853866696357727,0.5007547736167908,0.5280267596244812,0.46507930755615234,3.8221688270568848,29.0,0.2029622346162796,4.419364929199219,79,,,,,,,,,,,,
,,131999,3.0,0.6369785070419312,0.8115333318710327,0.4930344820022583,0.4528227150440216,0.4565751850605011,14.870309829711914,182.0,0.12843818962574005,15.635725975036621,79,,,,,,,,,,,,
,,132009,3.0,0.2747546434402466,0.8987333178520203,0.5124924778938293,0.5978057384490967,0.5035440921783447,6.209819316864014,83.0,0.9493931531906128,7.433967113494873,79,,,,,,,,,,,,
,,132019,3.0,0.5422108769416809,0.8330666422843933,0.5122352838516235,0.5490173101425171,0.4981258809566498,13.768499374389648,304.0,0.8255391716957092,15.136249542236328,79,,,,,,,,,,,,
,,132029,3.0,0.5467411875724792,0.8318666815757751,0.48823776841163635,0.4563693106174469,0.46449974179267883,15.055628776550293,253.0,1.3631943464279175,16.965564727783203,79,,,,,,,,,,,,
,,132039,3.0,0.41852861642837524,0.8521999716758728,0.4966888725757599,0.4500582814216614,0.4623323082923889,4.504265308380127,86.0,0.2877819836139679,5.210576057434082,79,,,,,,,,,,,,
,,132049,3.0,0.35507702827453613,0.895466685295105,0.5207342505455017,0.5735998153686523,0.5211663842201233,19.067304611206055,336.0,0.0059010544791817665,19.42828369140625,79,,,,,,,,,,,,
,,132059,3.0,0.5788238048553467,0.7943999767303467,0.4983515739440918,0.4869387745857239,0.4582005441188812,23.843034744262695,191.0,2.0151233673095703,26.436981201171875,79,,,,,,,,,,,,
,,132069,3.0,0.3824026882648468,0.850266695022583,0.5014979839324951,0.5095520615577698,0.47826042771339417,16.444761276245117,193.0,0.027982305735349655,16.855146408081055,79,,,,,,,,,,,,
,,132078,,,,,,,,,,,79,0.4708622992038727,0.844001829624176,0.5148386359214783,0.5506290197372437,0.4924220144748688,6.049088954925537,203.1322784423828,23.578388214111328,6.519950866699219,0.027633020654320717,0.02763325907289982,0.02763308957219124
9.559511573409197e-06,9.559511573409194e-05,132079,,,,,,,,,,,,,,,,,,,,,,,
,,132079,3.0,0.3816640079021454,0.8531333208084106,0.506905198097229,0.5849509835243225,0.48070043325424194,19.866182327270508,128.0,0.03609314560890198,20.283939361572266,80,,,,,,,,,,,,
,,132089,3.0,0.334736168384552,0.8750666379928589,0.5011760592460632,0.518423318862915,0.4750422239303589,8.999539375305176,89.0,0.006780334282666445,9.341055870056152,80,,,,,,,,,,,,
,,132099,3.0,0.5220686793327332,0.8423333168029785,0.49838265776634216,0.49403178691864014,0.48078814148902893,9.446849822998047,268.0,3.9203500747680664,13.88926887512207,80,,,,,,,,,,,,
,,132109,3.0,0.6567850708961487,0.8184000253677368,0.5049428343772888,0.5226027369499207,0.4826338291168213,11.15814208984375,268.0,1.5334761142730713,13.348402976989746,80,,,,,,,,,,,,
,,132119,3.0,0.5250258445739746,0.835266649723053,0.5114824175834656,0.5284475088119507,0.5052260160446167,10.436211585998535,340.0,15.862039566040039,26.82327651977539,80,,,,,,,,,,,,
,,132129,3.0,0.4778901934623718,0.8370000123977661,0.5160050988197327,0.5540173053741455,0.5068806409835815,9.012413024902344,344.0,2.5655112266540527,12.055814743041992,80,,,,,,,,,,,,
,,132139,3.0,0.3905330300331116,0.8507999777793884,0.5118986964225769,0.7252848744392395,0.4853626489639282,4.556016445159912,88.0,1.1751312017440796,6.121680736541748,80,,,,,,,,,,,,
,,132149,3.0,0.38466328382492065,0.8709999918937683,0.5062069892883301,0.5232043266296387,0.49593865871429443,11.660771369934082,254.0,0.7620883584022522,12.807523727416992,80,,,,,,,,,,,,
,,132159,3.0,0.6228720545768738,0.7996000051498413,0.49233245849609375,0.4408658444881439,0.45080432295799255,5.884162425994873,241.0,6.62135124206543,13.128385543823242,80,,,,,,,,,,,,
,,132169,3.0,0.39188212156295776,0.8686666488647461,0.5084952116012573,0.5702825784683228,0.49025553464889526,17.075056076049805,159.0,0.2015390396118164,17.668476104736328,80,,,,,,,,,,,,
,,132179,3.0,0.5681667923927307,0.7963333129882812,0.5056829452514648,0.59107905626297,0.46135610342025757,11.882891654968262,102.0,0.010100845247507095,12.461159706115723,80,,,,,,,,,,,,
,,132189,3.0,0.3130059838294983,0.8678666949272156,0.5049676299095154,0.5375022292137146,0.4853140413761139,7.79829740524292,122.0,4.690433979034424,12.801736831665039,80,,,,,,,,,,,,
,,132199,3.0,0.3894292712211609,0.8816666603088379,0.5135833024978638,0.5853150486946106,0.503503143787384,6.35612678527832,120.0,6.400477886199951,13.146034240722656,80,,,,,,,,,,,,
,,132209,3.0,0.2384062558412552,0.8983333110809326,0.5236345529556274,0.6245608925819397,0.5237370729446411,9.087784767150879,161.0,0.7787818312644958,10.104972839355469,80,,,,,,,,,,,,
,,132219,3.0,0.561799943447113,0.8414666652679443,0.5028718709945679,0.511359453201294,0.48601803183555603,16.43291473388672,249.0,5.3374924659729,22.33220672607422,80,,,,,,,,,,,,
,,132229,3.0,0.671275794506073,0.8123999834060669,0.5133183598518372,0.5565733313560486,0.4949769079685211,14.29650592803955,255.0,5.485401630401611,20.453184127807617,80,,,,,,,,,,,,
,,132239,3.0,0.515395998954773,0.8069999814033508,0.5011063814163208,0.5143809914588928,0.4592367112636566,11.99400520324707,125.0,0.09641418606042862,12.605815887451172,80,,,,,,,,,,,,
,,132249,3.0,0.5073467493057251,0.8299999833106995,0.5015323162078857,0.5255798101425171,0.46382904052734375,9.862884521484375,60.0,0.33818528056144714,10.708416938781738,80,,,,,,,,,,,,
,,132259,3.0,0.4500375986099243,0.847599983215332,0.5059874057769775,0.524729311466217,0.49084487557411194,19.228012084960938,226.0,0.52457195520401,20.202621459960938,80,,,,,,,,,,,,
,,132269,3.0,0.3778720200061798,0.8626000285148621,0.4981158375740051,0.47972357273101807,0.469780832529068,9.047626495361328,99.0,0.23654037714004517,9.662039756774902,80,,,,,,,,,,,,
,,132279,3.0,0.5512936115264893,0.8566666841506958,0.4963594675064087,0.48841941356658936,0.48221439123153687,10.436592102050781,295.0,1.438572883605957,12.426458358764648,80,,,,,,,,,,,,
,,132289,3.0,0.5193519592285156,0.8428666591644287,0.5187240839004517,0.5479085445404053,0.5153293609619141,18.015226364135742,264.0,8.199151039123535,26.73373031616211,80,,,,,,,,,,,,
,,132299,3.0,0.6319937109947205,0.7807999849319458,0.49950557947158813,0.4924854040145874,0.4481411874294281,10.524307250976562,91.0,0.15845565497875214,11.314756393432617,80,,,,,,,,,,,,
,,132309,3.0,0.49264127016067505,0.8254666924476624,0.5079200267791748,0.5609031915664673,0.48037564754486084,13.53113842010498,163.0,0.4733434319496155,14.497123718261719,80,,,,,,,,,,,,
,,132319,3.0,0.6455549597740173,0.8172666430473328,0.49473506212234497,0.48097264766693115,0.4724508821964264,9.404902458190918,323.0,2.9683473110198975,13.018804550170898,80,,,,,,,,,,,,
,,132329,3.0,0.3573903441429138,0.873199999332428,0.5039973855018616,0.5167624354362488,0.4914799630641937,14.344077110290527,227.0,0.7701857686042786,15.47165298461914,80,,,,,,,,,,,,
,,132339,3.0,0.6986484527587891,0.8158666491508484,0.4783002436161041,0.43841230869293213,0.4549656808376312,8.569344520568848,393.0,13.6553955078125,22.923389434814453,80,,,,,,,,,,,,
,,132349,3.0,0.4149177074432373,0.8449333310127258,0.5096073746681213,0.5834242701530457,0.48614737391471863,19.04722785949707,167.0,0.03707698732614517,19.499221801757812,80,,,,,,,,,,,,
,,132359,3.0,0.5003026127815247,0.875,0.5058581233024597,0.5165132880210876,0.49939438700675964,14.492866516113281,301.0,12.55095100402832,27.54412078857422,80,,,,,,,,,,,,
,,132369,3.0,0.5133119225502014,0.8351333141326904,0.49134930968284607,0.45277753472328186,0.46219581365585327,8.883393287658691,204.0,7.592905521392822,16.98961067199707,80,,,,,,,,,,,,
,,132379,3.0,0.48701760172843933,0.8687999844551086,0.5086920857429504,0.5742290616035461,0.49031850695610046,8.05198860168457,123.0,8.382478713989258,16.921485900878906,80,,,,,,,,,,,,
,,132389,3.0,0.4201900362968445,0.8387333154678345,0.502935528755188,0.5372394323348999,0.4704846143722534,8.515355110168457,100.0,2.0966665744781494,11.032211303710938,80,,,,,,,,,,,,
,,132399,3.0,0.47317299246788025,0.8266000151634216,0.4848630428314209,0.4284297525882721,0.45367512106895447,16.045726776123047,296.0,0.6269814968109131,17.14588165283203,80,,,,,,,,,,,,
,,132409,3.0,0.47751960158348083,0.831333339214325,0.4921620488166809,0.4700165390968323,0.46950867772102356,10.401350975036621,309.0,0.2542838156223297,11.13315486907959,80,,,,,,,,,,,,
,,132419,3.0,0.5168918371200562,0.8586000204086304,0.5121986269950867,0.5223721265792847,0.511320173740387,14.826430320739746,285.0,5.655086517333984,20.998409271240234,80,,,,,,,,,,,,
,,132429,3.0,0.49734508991241455,0.8267333507537842,0.5139365792274475,0.6010379195213318,0.4905638098716736,17.928730010986328,168.0,0.41861486434936523,18.844690322875977,80,,,,,,,,,,,,
,,132439,3.0,0.5439692735671997,0.8184666633605957,0.5114137530326843,0.5707366466522217,0.4870571196079254,13.320838928222656,212.0,1.2581137418746948,15.12292194366455,80,,,,,,,,,,,,
,,132449,3.0,0.6280174851417542,0.8054666519165039,0.5054523348808289,0.5480943322181702,0.46996623277664185,16.044532775878906,165.0,0.26834821701049805,16.940898895263672,80,,,,,,,,,,,,
,,132459,3.0,0.7052618861198425,0.8191333413124084,0.4891047477722168,0.4726661443710327,0.47324463725090027,7.741093158721924,357.0,3.0992867946624756,11.545641899108887,80,,,,,,,,,,,,
,,132469,3.0,0.46751874685287476,0.850266695022583,0.49408379197120667,0.4578982889652252,0.46522125601768494,9.725704193115234,146.0,1.3688231706619263,11.56204605102539,80,,,,,,,,,,,,
,,132479,3.0,0.6046056151390076,0.8537999987602234,0.5093439817428589,0.5304421186447144,0.50016188621521,12.707989692687988,228.0,3.384140968322754,16.696735382080078,80,,,,,,,,,,,,
,,132489,3.0,0.9928367137908936,0.7574666738510132,0.4789763391017914,0.42619842290878296,0.4423200488090515,8.448904037475586,309.0,5.430513381958008,14.872254371643066,80,,,,,,,,,,,,
,,132499,3.0,0.5622240900993347,0.8624666929244995,0.5017081499099731,0.5050355195999146,0.49169060587882996,9.201031684875488,303.0,5.511307239532471,15.27456283569336,80,,,,,,,,,,,,
,,132509,3.0,0.4991343319416046,0.8398000001907349,0.535155177116394,0.6985090970993042,0.52838134765625,13.735320091247559,173.0,0.5605829954147339,14.795037269592285,80,,,,,,,,,,,,
,,132519,3.0,0.3820030391216278,0.8569999933242798,0.4970397353172302,0.4502832889556885,0.46334385871887207,5.345592498779297,40.0,0.2569935917854309,5.984589099884033,80,,,,,,,,,,,,
,,132529,3.0,0.7712805271148682,0.7953333258628845,0.48552000522613525,0.4531366229057312,0.45916250348091125,10.994508743286133,358.0,0.8821238875389099,12.647912979125977,80,,,,,,,,,,,,
,,132539,3.0,0.3073936700820923,0.8815333247184753,0.5201520323753357,0.6125144362449646,0.5147665143013,15.317205429077148,131.0,2.6880226135253906,18.3126220703125,80,,,,,,,,,,,,
,,132549,3.0,0.47542837262153625,0.8207333087921143,0.512882649898529,0.5478298664093018,0.49831700325012207,13.040769577026367,321.0,6.028688907623291,19.54488754272461,80,,,,,,,,,,,,
,,132559,3.0,0.5843498110771179,0.8497333526611328,0.4937663972377777,0.47719597816467285,0.475166380405426,12.340508460998535,243.0,4.1457414627075195,17.070598602294922,80,,,,,,,,,,,,
,,132569,3.0,0.3241681456565857,0.8831333518028259,0.5049359202384949,0.5305770039558411,0.49018406867980957,14.092818260192871,163.0,0.3133309781551361,14.730317115783691,80,,,,,,,,,,,,
,,132579,3.0,0.4549582302570343,0.8496666550636292,0.5066524147987366,0.5471452474594116,0.4848451614379883,20.681745529174805,194.0,0.22659483551979065,21.363298416137695,80,,,,,,,,,,,,
,,132589,3.0,0.6424363255500793,0.7839333415031433,0.5009821653366089,0.5101670622825623,0.4556039571762085,9.727745056152344,94.0,3.4445931911468506,13.814774513244629,80,,,,,,,,,,,,
,,132599,3.0,0.4245639145374298,0.8685333132743835,0.5095902681350708,0.5295009613037109,0.5030033588409424,15.259015083312988,364.0,0.08327208459377289,15.766851425170898,80,,,,,,,,,,,,
,,132609,3.0,0.4946401119232178,0.8894666433334351,0.5151051878929138,0.5291368961334229,0.5160821676254272,8.629692077636719,302.0,24.057945251464844,33.18227767944336,80,,,,,,,,,,,,
,,132619,3.0,0.4497949779033661,0.8276000022888184,0.49987876415252686,0.4965306520462036,0.457390695810318,3.9623990058898926,40.0,0.2347230613231659,4.64691686630249,80,,,,,,,,,,,,
,,132629,3.0,0.5252594351768494,0.8350666761398315,0.49040356278419495,0.45648831129074097,0.46411243081092834,15.451554298400879,332.0,0.06951286643743515,16.04632568359375,80,,,,,,,,,,,,
,,132639,3.0,0.32842668890953064,0.8552666902542114,0.5042429566383362,0.5425888299942017,0.47865134477615356,7.266963481903076,73.0,1.8302758932113647,9.425665855407715,80,,,,,,,,,,,,
,,132649,3.0,0.5502440333366394,0.8508666753768921,0.5274490118026733,0.6986459493637085,0.5170146822929382,14.046377182006836,210.0,3.0189502239227295,17.615571975708008,80,,,,,,,,,,,,
,,132659,3.0,0.4256359338760376,0.8557999730110168,0.5122900605201721,0.5531191229820251,0.5008676648139954,24.488677978515625,306.0,0.13232088088989258,25.046634674072266,80,,,,,,,,,,,,
,,132669,3.0,0.30333268642425537,0.8843333125114441,0.5077269673347473,0.5866652727127075,0.4902084767818451,21.054887771606445,100.0,0.38602200150489807,21.744243621826172,80,,,,,,,,,,,,
,,132679,3.0,0.4049781262874603,0.8380666375160217,0.4976862072944641,0.45822393894195557,0.4591965079307556,5.69517707824707,50.0,0.7964515686035156,6.896606922149658,80,,,,,,,,,,,,
,,132689,3.0,0.5079236030578613,0.8671333193778992,0.5050835013389587,0.5139350295066833,0.49792781472206116,22.566099166870117,299.0,1.6757642030715942,24.749786376953125,80,,,,,,,,,,,,
,,132699,3.0,0.5558975338935852,0.8080666661262512,0.49487656354904175,0.44182705879211426,0.4513471722602844,10.650908470153809,93.0,0.6697830557823181,11.876588821411133,80,,,,,,,,,,,,
,,132709,3.0,0.6353126764297485,0.8504666686058044,0.5257329940795898,0.6046252846717834,0.520533561706543,16.044288635253906,368.0,2.2001800537109375,18.87978172302246,80,,,,,,,,,,,,
,,132719,3.0,0.6935587525367737,0.8035333156585693,0.4917661249637604,0.46342703700065613,0.4614267647266388,12.888753890991211,217.0,9.179611206054688,22.761924743652344,80,,,,,,,,,,,,
,,132729,3.0,0.4281037747859955,0.8679333329200745,0.5040038228034973,0.5172646641731262,0.49036189913749695,10.062712669372559,224.0,0.4165861904621124,10.907402038574219,80,,,,,,,,,,,,
,,132739,3.0,0.3089195489883423,0.9006666541099548,0.5218909978866577,0.5905253291130066,0.522750973701477,17.576560974121094,177.0,0.6393052339553833,18.5247859954834,80,,,,,,,,,,,,
,,132749,3.0,0.4101639986038208,0.8618666529655457,0.5039082765579224,0.5393692851066589,0.4795997738838196,8.333984375,104.0,0.4931119382381439,9.237259864807129,80,,,,,,,,,,,,
,,132759,3.0,0.34544408321380615,0.8615999817848206,0.5014291405677795,0.5131871700286865,0.47633981704711914,10.45832633972168,89.0,2.8816237449645996,13.685394287109375,80,,,,,,,,,,,,
,,132769,3.0,0.502247154712677,0.8474000096321106,0.5156959891319275,0.6127492785453796,0.4982084631919861,11.390934944152832,111.0,0.175089493393898,12.06827163696289,80,,,,,,,,,,,,
,,132779,3.0,0.6992858052253723,0.8164666891098022,0.4907971918582916,0.45898500084877014,0.4620901942253113,13.67279052734375,251.0,3.5525736808776855,17.924650192260742,80,,,,,,,,,,,,
,,132789,3.0,0.6494833827018738,0.8342666625976562,0.5162011384963989,0.5679634213447571,0.503359317779541,8.978468894958496,306.0,17.79367446899414,27.421627044677734,80,,,,,,,,,,,,
,,132799,3.0,0.5786144733428955,0.8425333499908447,0.4998078942298889,0.49939653277397156,0.48577621579170227,12.049445152282715,351.0,0.1408970057964325,12.768956184387207,80,,,,,,,,,,,,
,,132809,3.0,0.3702058792114258,0.8757333159446716,0.500787079334259,0.5087581872940063,0.47681987285614014,5.103798866271973,69.0,0.3024214804172516,5.776426315307617,80,,,,,,,,,,,,
,,132819,3.0,0.49841850996017456,0.8362666964530945,0.4961737096309662,0.4653003215789795,0.4625815451145172,10.16395092010498,167.0,0.21227018535137177,10.874639511108398,80,,,,,,,,,,,,
,,132829,3.0,0.6329752206802368,0.7883333563804626,0.4906928837299347,0.44807082414627075,0.4520445466041565,13.141274452209473,310.0,1.8119865655899048,15.586236953735352,80,,,,,,,,,,,,
,,132839,3.0,0.4875582456588745,0.8594666719436646,0.5149809718132019,0.554462730884552,0.5076116323471069,11.774883270263672,247.0,19.8040828704834,32.066524505615234,80,,,,,,,,,,,,
,,132849,3.0,0.34458765387535095,0.8828666806221008,0.5242592692375183,0.5697820782661438,0.5260725021362305,14.763782501220703,351.0,0.5548341870307922,15.663204193115234,80,,,,,,,,,,,,
,,132859,3.0,0.3720763623714447,0.8748666644096375,0.5124621391296387,0.6101426482200623,0.49746546149253845,9.095073699951172,99.0,5.628289222717285,15.095438957214355,80,,,,,,,,,,,,
,,132869,3.0,0.771578848361969,0.7839999794960022,0.5138526558876038,0.5551004409790039,0.4915606379508972,10.331697463989258,293.0,12.208192825317383,23.31147003173828,80,,,,,,,,,,,,
,,132879,3.0,0.3363632559776306,0.8983333110809326,0.5106208920478821,0.5448136925697327,0.5050454139709473,10.44922161102295,226.0,0.6979592442512512,11.483543395996094,80,,,,,,,,,,,,
,,132889,3.0,0.4192790687084198,0.8534666895866394,0.5124987363815308,0.55421382188797,0.5007445812225342,14.270896911621094,198.0,2.813124418258667,17.503299713134766,80,,,,,,,,,,,,
,,132899,3.0,0.652969241142273,0.7926666736602783,0.4898618757724762,0.4668290317058563,0.46456509828567505,11.009641647338867,294.0,2.8764472007751465,14.539058685302734,80,,,,,,,,,,,,
,,132909,3.0,0.4263194799423218,0.8550666570663452,0.5133251547813416,0.5538843274116516,0.5031585693359375,17.7796630859375,291.0,0.36468222737312317,18.57066535949707,80,,,,,,,,,,,,
,,132919,3.0,0.605014979839325,0.8097333312034607,0.49757128953933716,0.4846155047416687,0.46416422724723816,8.561300277709961,144.0,3.12164306640625,12.287958145141602,80,,,,,,,,,,,,
,,132929,3.0,0.42726564407348633,0.8623999953269958,0.5055442452430725,0.5341389179229736,0.48734167218208313,13.760580062866211,206.0,1.3611887693405151,15.549034118652344,80,,,,,,,,,,,,
,,132939,3.0,0.659740149974823,0.7991999983787537,0.4959224760532379,0.478899210691452,0.463407963514328,11.624349594116211,328.0,0.4138964116573334,12.697986602783203,80,,,,,,,,,,,,
,,132949,3.0,0.4795200824737549,0.849133312702179,0.49577680230140686,0.4823818504810333,0.4757506251335144,9.048216819763184,216.0,2.5150747299194336,12.042811393737793,80,,,,,,,,,,,,
,,132959,3.0,0.4948946535587311,0.837933361530304,0.49723681807518005,0.4825531840324402,0.4694070518016815,8.665191650390625,194.0,12.923046112060547,22.083133697509766,80,,,,,,,,,,,,
,,132969,3.0,0.5296406149864197,0.8651999831199646,0.5002962946891785,0.5010756254196167,0.48685067892074585,14.543745994567871,347.0,0.38640448451042175,15.459790229797363,80,,,,,,,,,,,,
,,132979,3.0,0.39571577310562134,0.864799976348877,0.5040770173072815,0.5720927715301514,0.47664764523506165,10.467300415039062,75.0,0.00031777418917044997,10.863333702087402,80,,,,,,,,,,,,
,,132989,3.0,0.5154015421867371,0.8360666632652283,0.49929678440093994,0.49516430497169495,0.470981627702713,12.64338207244873,125.0,5.193949222564697,18.352733612060547,80,,,,,,,,,,,,
,,132999,3.0,0.48804351687431335,0.8345999717712402,0.5010536313056946,0.5120842456817627,0.46739065647125244,12.714258193969727,111.0,0.3013975918292999,13.50369930267334,80,,,,,,,,,,,,
,,133009,3.0,0.5848984122276306,0.8380666375160217,0.5046128034591675,0.5276032090187073,0.48150935769081116,13.31885814666748,146.0,18.09895896911621,32.002716064453125,80,,,,,,,,,,,,
,,133019,3.0,0.47771313786506653,0.8582666516304016,0.5037551522254944,0.5130149126052856,0.49173903465270996,10.59695053100586,251.0,1.2033933401107788,12.278057098388672,80,,,,,,,,,,,,
,,133029,3.0,0.529785692691803,0.8152666687965393,0.4982483685016632,0.48769938945770264,0.46467676758766174,15.037102699279785,147.0,2.392321825027466,17.959211349487305,80,,,,,,,,,,,,
,,133039,3.0,0.7075615525245667,0.7926666736602783,0.4934018552303314,0.4648277163505554,0.4578295946121216,11.745719909667969,287.0,1.0189812183380127,13.472262382507324,80,,,,,,,,,,,,
,,133049,3.0,0.5606287121772766,0.8267999887466431,0.4929117262363434,0.4558810591697693,0.4608455002307892,7.4562087059021,207.0,2.9573047161102295,10.974142074584961,80,,,,,,,,,,,,
,,133059,3.0,0.5132375955581665,0.8560666441917419,0.5134698748588562,0.5604985952377319,0.5021781325340271,7.580404758453369,150.0,8.30141544342041,16.395057678222656,80,,,,,,,,,,,,
,,133069,3.0,0.4080459773540497,0.8669333457946777,0.507038950920105,0.5314851999282837,0.49433040618896484,21.048660278320312,266.0,0.8560343980789185,22.312742233276367,80,,,,,,,,,,,,
,,133079,3.0,0.314411461353302,0.8650000095367432,0.5050777196884155,0.5604805946350098,0.4808809757232666,5.204370021820068,104.0,0.13585485517978668,5.654636383056641,80,,,,,,,,,,,,
,,133089,3.0,0.4414597153663635,0.8691999912261963,0.4962156414985657,0.4758230149745941,0.4734863042831421,7.157970905303955,103.0,0.6006324291229248,8.20006275177002,80,,,,,,,,,,,,
,,133099,3.0,0.32411646842956543,0.866599977016449,0.49949198961257935,0.49055442214012146,0.4691890776157379,5.887671947479248,35.0,0.10230091214179993,6.314089298248291,80,,,,,,,,,,,,
,,133109,3.0,0.43207940459251404,0.8443333506584167,0.501818835735321,0.5198158025741577,0.47144201397895813,15.085461616516113,98.0,0.33912140130996704,15.85666275024414,80,,,,,,,,,,,,
,,133119,3.0,0.48596861958503723,0.8341333270072937,0.49082350730895996,0.4338124692440033,0.45676854252815247,7.696953296661377,135.0,3.2936856746673584,11.476608276367188,80,,,,,,,,,,,,
,,133129,3.0,0.5006912350654602,0.8569333553314209,0.5003484487533569,0.5020330548286438,0.47890549898147583,15.889355659484863,151.0,1.9868043661117554,18.37685203552246,80,,,,,,,,,,,,
,,133139,3.0,0.6054834127426147,0.8312666416168213,0.5162805914878845,0.5393981337547302,0.5116525292396545,10.49252986907959,311.0,2.795592784881592,13.893606185913086,80,,,,,,,,,,,,
,,133149,3.0,0.521477222442627,0.7910666465759277,0.49957987666130066,0.49685293436050415,0.46014204621315,16.484989166259766,262.0,0.08224949985742569,17.088714599609375,80,,,,,,,,,,,,
,,133159,3.0,0.5674980282783508,0.8374666571617126,0.4932439625263214,0.46890002489089966,0.46845924854278564,12.889667510986328,260.0,0.25905609130859375,13.716221809387207,80,,,,,,,,,,,,
,,133169,3.0,0.4811643660068512,0.8405333161354065,0.49658989906311035,0.460521936416626,0.4616084098815918,5.805846691131592,72.0,0.15729102492332458,6.444302082061768,80,,,,,,,,,,,,
,,133179,3.0,0.5236881971359253,0.8077999949455261,0.5012412071228027,0.50871741771698,0.4675304889678955,9.190322875976562,229.0,0.9873285889625549,10.701339721679688,80,,,,,,,,,,,,
,,133189,3.0,0.4781874418258667,0.824999988079071,0.5038003325462341,0.5643511414527893,0.46599018573760986,11.328283309936523,79.0,0.005245602689683437,11.811716079711914,80,,,,,,,,,,,,
,,133199,3.0,0.6271900534629822,0.8151999711990356,0.49201568961143494,0.4685247540473938,0.4663183391094208,15.817483901977539,258.0,0.4348016679286957,16.879474639892578,80,,,,,,,,,,,,
,,133209,3.0,0.36365389823913574,0.8685333132743835,0.4993996024131775,0.49708813428878784,0.48187288641929626,12.979218482971191,192.0,8.263175964355469,21.606048583984375,80,,,,,,,,,,,,
,,133219,3.0,0.3441815674304962,0.89246666431427,0.5027452111244202,0.5311875343322754,0.4836482107639313,6.089061260223389,77.0,1.3208227157592773,7.75406551361084,80,,,,,,,,,,,,
,,133229,3.0,0.4726261496543884,0.8396666646003723,0.5161082744598389,0.6039471626281738,0.49832338094711304,19.85602569580078,244.0,0.03871572017669678,20.367366790771484,80,,,,,,,,,,,,
,,133239,3.0,0.45968353748321533,0.855733335018158,0.5236520767211914,0.5995345115661621,0.5180176496505737,13.382851600646973,188.0,5.78962516784668,19.632160186767578,80,,,,,,,,,,,,
,,133249,3.0,0.45931538939476013,0.8262666463851929,0.5182791352272034,0.5774790644645691,0.5047422647476196,9.703286170959473,219.0,3.9090375900268555,14.071639060974121,80,,,,,,,,,,,,
,,133259,3.0,0.5496358871459961,0.8152666687965393,0.5025094747543335,0.5091676712036133,0.4830183684825897,13.126289367675781,352.0,8.648590087890625,22.32451629638672,80,,,,,,,,,,,,
,,133269,3.0,0.566753625869751,0.8064666390419006,0.49930036067962646,0.49503371119499207,0.4641530513763428,13.225226402282715,154.0,0.7237051129341125,14.515685081481934,80,,,,,,,,,,,,
,,133279,3.0,0.4810834527015686,0.8125333189964294,0.5102881789207458,0.5793900489807129,0.4807969927787781,8.623729705810547,164.0,0.5896199345588684,9.694433212280273,80,,,,,,,,,,,,
,,133289,3.0,0.691733181476593,0.7915999889373779,0.48016923666000366,0.4125235378742218,0.44278454780578613,11.6914701461792,368.0,0.1837916225194931,12.566994667053223,80,,,,,,,,,,,,
,,133299,3.0,0.43998903036117554,0.8312666416168213,0.5054726004600525,0.5276315212249756,0.48407989740371704,14.57983112335205,322.0,0.6036146879196167,15.623435020446777,80,,,,,,,,,,,,
,,133309,3.0,0.4932088851928711,0.8313999772071838,0.5096912384033203,0.609383225440979,0.4803122580051422,15.392080307006836,140.0,0.2531292736530304,16.138418197631836,80,,,,,,,,,,,,
,,133319,3.0,0.49175551533699036,0.8703333139419556,0.5044414401054382,0.5159171223640442,0.4937886595726013,7.049976348876953,254.0,5.943554401397705,13.485286712646484,80,,,,,,,,,,,,
,,133329,3.0,0.6022958755493164,0.8123999834060669,0.5042206645011902,0.5451393723487854,0.4674946963787079,15.015308380126953,145.0,0.06114823371171951,15.678752899169922,80,,,,,,,,,,,,
,,133339,3.0,0.4178447723388672,0.8487333059310913,0.502098798751831,0.5302509665489197,0.4706321954727173,6.7165350914001465,84.0,0.22029942274093628,7.354679107666016,80,,,,,,,,,,,,
,,133349,3.0,0.541728138923645,0.7909333109855652,0.504156231880188,0.5284121036529541,0.46837931871414185,9.491412162780762,212.0,2.4373459815979004,12.47048568725586,80,,,,,,,,,,,,
,,133359,3.0,0.4921192526817322,0.8338000178337097,0.5177869200706482,0.5825668573379517,0.5040624737739563,10.550012588500977,224.0,4.903509616851807,15.945640563964844,80,,,,,,,,,,,,
,,133369,3.0,0.7356838583946228,0.7694666385650635,0.48685595393180847,0.4521734118461609,0.45396777987480164,12.344572067260742,315.0,30.611400604248047,43.69165802001953,80,,,,,,,,,,,,
,,133379,3.0,0.5937445163726807,0.798799991607666,0.5059422254562378,0.5158926844596863,0.49239933490753174,12.378069877624512,374.0,21.08584976196289,34.05766296386719,80,,,,,,,,,,,,
,,133389,3.0,0.3676585257053375,0.8592000007629395,0.5019356608390808,0.5193736553192139,0.4758647680282593,11.472769737243652,71.0,0.7216107845306396,12.562039375305176,80,,,,,,,,,,,,
,,133399,3.0,0.3317734897136688,0.8702666759490967,0.5078876614570618,0.5562835931777954,0.4910137951374054,6.743544578552246,211.0,1.901331901550293,8.97665023803711,80,,,,,,,,,,,,
,,133409,3.0,0.5070107579231262,0.846666693687439,0.5131133198738098,0.5712246894836426,0.49745073914527893,16.526294708251953,223.0,1.338029146194458,18.371335983276367,80,,,,,,,,,,,,
,,133419,3.0,0.3525034487247467,0.8424666523933411,0.499787300825119,0.4904538094997406,0.45975708961486816,3.5457067489624023,34.0,0.14570346474647522,4.043913841247559,80,,,,,,,,,,,,
,,133429,3.0,1.0179775953292847,0.7194666862487793,0.48069408535957336,0.4024851322174072,0.4261600375175476,12.99284839630127,320.0,3.1941640377044678,17.20499038696289,80,,,,,,,,,,,,
,,133439,3.0,0.534257709980011,0.8032666444778442,0.5045759081840515,0.5658721923828125,0.46257349848747253,6.791712284088135,84.0,1.2171447277069092,8.54311466217041,80,,,,,,,,,,,,
,,133449,3.0,0.5896974802017212,0.807200014591217,0.50136798620224,0.5104113221168518,0.46634095907211304,11.02497673034668,153.0,0.7897469997406006,12.40442180633545,80,,,,,,,,,,,,
,,133459,3.0,0.69095778465271,0.7924000024795532,0.49981752038002014,0.49919843673706055,0.4712707996368408,16.53013801574707,320.0,9.254714965820312,26.475811004638672,80,,,,,,,,,,,,
,,133469,3.0,0.5108650326728821,0.8306000232696533,0.520652711391449,0.622726559638977,0.5041419267654419,10.66002082824707,329.0,0.039023932069540024,11.20991039276123,80,,,,,,,,,,,,
,,133479,3.0,0.48793408274650574,0.821399986743927,0.4972555935382843,0.4857127070426941,0.4694693088531494,21.343976974487305,267.0,0.7174887657165527,22.549400329589844,80,,,,,,,,,,,,
,,133489,3.0,0.8245301842689514,0.7575333118438721,0.4939306080341339,0.46506211161613464,0.4494352340698242,15.608390808105469,288.0,0.36606115102767944,16.798980712890625,80,,,,,,,,,,,,
,,133499,3.0,0.6784140467643738,0.7964666485786438,0.48860207200050354,0.4500368535518646,0.45595040917396545,9.422028541564941,334.0,4.3787841796875,14.479227066040039,80,,,,,,,,,,,,
,,133509,3.0,0.5956910252571106,0.8172000050544739,0.5020396113395691,0.5114946961402893,0.47438374161720276,14.904669761657715,190.0,2.9846749305725098,18.485034942626953,80,,,,,,,,,,,,
,,133519,3.0,0.621833324432373,0.7911333441734314,0.48865246772766113,0.45154568552970886,0.4557574987411499,12.201305389404297,302.0,0.3951609134674072,13.218299865722656,80,,,,,,,,,,,,
,,133529,3.0,0.4231953024864197,0.8654666543006897,0.5149793028831482,0.6159290075302124,0.500464677810669,11.981231689453125,106.0,0.2834244966506958,12.687850952148438,80,,,,,,,,,,,,
,,133539,3.0,0.6869677305221558,0.7691333293914795,0.4966578185558319,0.47185978293418884,0.44853776693344116,7.103728771209717,105.0,3.4397058486938477,11.230401992797852,80,,,,,,,,,,,,
,,133549,3.0,0.3742377460002899,0.8717333078384399,0.5068630576133728,0.5439051389694214,0.49078369140625,9.082839012145996,201.0,1.71294105052948,11.170018196105957,80,,,,,,,,,,,,
,,133559,3.0,0.4949708580970764,0.8603333234786987,0.5043454766273499,0.5147367119789124,0.4931754767894745,10.811971664428711,331.0,0.5116835832595825,11.818626403808594,80,,,,,,,,,,,,
,,133569,3.0,0.3273622989654541,0.8841333389282227,0.5046733617782593,0.5406997799873352,0.48694026470184326,13.663087844848633,81.0,1.0857923030853271,15.076242446899414,80,,,,,,,,,,,,
,,133579,3.0,0.37188199162483215,0.8882666826248169,0.5111022591590881,0.5425938367843628,0.5052427053451538,13.956798553466797,219.0,11.715184211730957,26.043865203857422,80,,,,,,,,,,,,
,,133589,3.0,0.45521101355552673,0.8321333527565002,0.5002050399780273,0.5021271109580994,0.4664747714996338,13.187873840332031,123.0,0.28717488050460815,13.930259704589844,80,,,,,,,,,,,,
,,133599,3.0,0.47393274307250977,0.8540666699409485,0.4925936162471771,0.4462966322898865,0.4633541405200958,6.431747913360596,134.0,1.0170737504959106,7.922754287719727,80,,,,,,,,,,,,
,,133609,3.0,0.45242610573768616,0.8570666909217834,0.5098530054092407,0.5433001518249512,0.4972163736820221,16.513811111450195,282.0,0.8191249370574951,17.785362243652344,80,,,,,,,,,,,,
,,133619,3.0,0.6683554649353027,0.8234666585922241,0.4933326840400696,0.4743284285068512,0.4699583053588867,11.13293170928955,333.0,0.3631417155265808,12.1644287109375,80,,,,,,,,,,,,
,,133629,3.0,0.7091280817985535,0.7844666838645935,0.49643296003341675,0.4582980275154114,0.4474056661128998,6.781787872314453,113.0,1.9166690111160278,9.407585144042969,80,,,,,,,,,,,,
,,133639,3.0,0.4737348258495331,0.8330666422843933,0.5149431824684143,0.5575262308120728,0.5026807188987732,11.765867233276367,253.0,20.51388168334961,32.753482818603516,80,,,,,,,,,,,,
,,133649,3.0,0.49638766050338745,0.8725333213806152,0.5197269320487976,0.5779989957809448,0.5156111121177673,13.833670616149902,251.0,5.006835460662842,19.33689308166504,80,,,,,,,,,,,,
,,133659,3.0,0.45702406764030457,0.8279333114624023,0.49331697821617126,0.4633508324623108,0.4638233482837677,12.546515464782715,263.0,2.878262519836426,15.88180160522461,80,,,,,,,,,,,,
,,133669,3.0,0.49770742654800415,0.8501999974250793,0.49568575620651245,0.47730642557144165,0.472014456987381,11.577346801757812,262.0,5.885074138641357,17.960128784179688,80,,,,,,,,,,,,
,,133679,3.0,0.4829443395137787,0.8425333499908447,0.49325457215309143,0.454241544008255,0.4630833864212036,11.601401329040527,187.0,0.9415503144264221,13.025896072387695,80,,,,,,,,,,,,
,,133689,3.0,0.38386070728302,0.8569333553314209,0.49749404191970825,0.43744418025016785,0.4619404673576355,6.396459579467773,29.0,1.4624241590499878,8.242744445800781,80,,,,,,,,,,,,
,,133699,3.0,0.4630442261695862,0.8409333229064941,0.510629415512085,0.5803369283676147,0.48833197355270386,18.87148666381836,154.0,2.05525803565979,21.389789581298828,80,,,,,,,,,,,,
,,133709,3.0,0.551404595375061,0.8304666876792908,0.49564704298973083,0.47699159383773804,0.46843913197517395,10.098812103271484,317.0,0.42705613374710083,11.07727336883545,80,,,,,,,,,,,,
,,133719,3.0,0.44124844670295715,0.8677999973297119,0.5031707882881165,0.517117977142334,0.4862044155597687,8.8533353805542,141.0,1.27517831325531,10.569762229919434,80,,,,,,,,,,,,
,,133729,3.0,0.36222290992736816,0.8661333322525024,0.49937164783477783,0.48758774995803833,0.46855178475379944,6.991600513458252,31.0,1.0999653339385986,8.453788757324219,80,,,,,,,,,,,,
8.705767687650266e-06,8.705767687650265e-05,133730,,,,,,,,,,,,,,,,,,,,,,,
,,133739,3.0,0.5659505724906921,0.84006667137146,0.49189427495002747,0.47336918115615845,0.473323792219162,14.829862594604492,252.0,1.5473980903625488,16.94321060180664,81,,,,,,,,,,,,
,,133749,3.0,0.5120471119880676,0.864133358001709,0.5075458288192749,0.5229448676109314,0.4997446835041046,9.326749801635742,370.0,1.2677381038665771,11.106534957885742,81,,,,,,,,,,,,
,,133759,3.0,0.5908370614051819,0.7959333062171936,0.497600793838501,0.4778066575527191,0.4551392197608948,8.869022369384766,154.0,1.2800947427749634,10.739954948425293,81,,,,,,,,,,,,
,,133769,3.0,0.6156080961227417,0.8374000191688538,0.4997515082359314,0.49923840165138245,0.4855586290359497,9.456263542175293,300.0,1.1927461624145508,11.264617919921875,81,,,,,,,,,,,,
,,133779,3.0,0.41357189416885376,0.8452666401863098,0.5020509958267212,0.529233455657959,0.4697674512863159,4.935097694396973,59.0,2.4259109497070312,7.774580478668213,81,,,,,,,,,,,,
,,133789,3.0,0.5096646547317505,0.852066695690155,0.5026663541793823,0.5259701609611511,0.47567251324653625,14.219776153564453,102.0,0.3290816843509674,15.05852222442627,81,,,,,,,,,,,,
,,133799,3.0,0.676468014717102,0.8032666444778442,0.4975503981113434,0.4908130168914795,0.47353309392929077,9.250901222229004,292.0,6.310562610626221,16.237932205200195,81,,,,,,,,,,,,
,,133809,3.0,0.4487980008125305,0.8462666869163513,0.5080554485321045,0.551593542098999,0.48753654956817627,14.843085289001465,152.0,0.5461134314537048,15.837996482849121,81,,,,,,,,,,,,
,,133819,3.0,0.45696958899497986,0.841533362865448,0.5049096941947937,0.5300899744033813,0.4823228716850281,10.531346321105957,244.0,5.9704389572143555,16.958755493164062,81,,,,,,,,,,,,
,,133829,3.0,0.6642521619796753,0.8279333114624023,0.5019527673721313,0.5063989758491516,0.486223042011261,12.90123462677002,305.0,7.199898719787598,20.765384674072266,81,,,,,,,,,,,,
,,133839,3.0,0.5738112926483154,0.8676000237464905,0.5216721892356873,0.547298014163971,0.522882878780365,10.73513126373291,332.0,5.398415565490723,16.707359313964844,81,,,,,,,,,,,,
,,133849,3.0,0.5402441620826721,0.8443333506584167,0.5038394927978516,0.5241320729255676,0.4808988571166992,10.697070121765137,165.0,2.9569554328918457,14.194269180297852,81,,,,,,,,,,,,
,,133859,3.0,0.636892557144165,0.8048666715621948,0.49165263772010803,0.4544867277145386,0.45715856552124023,10.437431335449219,226.0,4.524770259857178,15.59909439086914,81,,,,,,,,,,,,
,,133869,3.0,0.536004364490509,0.7994666695594788,0.49931901693344116,0.48345789313316345,0.44947680830955505,7.164747714996338,74.0,0.045562200248241425,7.746314525604248,81,,,,,,,,,,,,
,,133879,3.0,0.6078163981437683,0.8292666673660278,0.4972571134567261,0.49186617136001587,0.48177415132522583,17.140108108520508,316.0,3.5296339988708496,21.277559280395508,81,,,,,,,,,,,,
,,133889,3.0,0.6209570169448853,0.7753999829292297,0.49567171931266785,0.45174866914749146,0.4445059299468994,5.648708343505859,141.0,1.4978232383728027,7.767488479614258,81,,,,,,,,,,,,
,,133899,3.0,0.4829316735267639,0.8570666909217834,0.5092584490776062,0.5380929112434387,0.4972163736820221,12.992342948913574,231.0,6.353269577026367,19.82854461669922,81,,,,,,,,,,,,
,,133909,3.0,0.3614822030067444,0.8655999898910522,0.4949420690536499,0.44683098793029785,0.46545538306236267,5.667016506195068,87.0,0.588019609451294,6.616518020629883,81,,,,,,,,,,,,
,,133919,3.0,0.36559659242630005,0.8411333560943604,0.49760928750038147,0.4611559212207794,0.460576593875885,18.162845611572266,69.0,0.07589047402143478,18.604331970214844,81,,,,,,,,,,,,
,,133929,3.0,0.3354753851890564,0.8762666583061218,0.5004903078079224,0.5062586069107056,0.47546377778053284,5.7797698974609375,78.0,0.37011390924453735,6.485359191894531,81,,,,,,,,,,,,
,,133939,3.0,0.4865575432777405,0.8533333539962769,0.49703165888786316,0.4783722758293152,0.47017285227775574,8.1592378616333,102.0,2.2608869075775146,10.906682968139648,81,,,,,,,,,,,,
,,133949,3.0,0.6412807106971741,0.8052666783332825,0.49392786622047424,0.44976356625556946,0.45339733362197876,11.067712783813477,129.0,1.59589684009552,13.304890632629395,81,,,,,,,,,,,,
,,133959,3.0,0.3194538652896881,0.8987333178520203,0.5173850655555725,0.6134336590766907,0.5126286149024963,6.2709197998046875,94.0,0.5440248250961304,7.134398460388184,81,,,,,,,,,,,,
,,133969,3.0,0.43766242265701294,0.8751333355903625,0.5011740326881409,0.5047065019607544,0.48806628584861755,9.030095100402832,262.0,17.377349853515625,26.845108032226562,81,,,,,,,,,,,,
,,133979,3.0,0.4003732204437256,0.8439333438873291,0.5007645487785339,0.5207551717758179,0.46354782581329346,4.4392900466918945,44.0,0.5008074045181274,5.340470790863037,81,,,,,,,,,,,,
,,133989,3.0,0.5856421589851379,0.7904000282287598,0.5031412243843079,0.5145077109336853,0.47450000047683716,12.98255443572998,293.0,5.270435333251953,18.83863067626953,81,,,,,,,,,,,,
,,133999,3.0,0.5118251442909241,0.8464666604995728,0.5427317023277283,0.6366209387779236,0.5465607047080994,10.68857192993164,264.0,4.0356316566467285,15.236028671264648,81,,,,,,,,,,,,
,,134009,3.0,0.4143725633621216,0.8510000109672546,0.5087379217147827,0.5980409383773804,0.48385119438171387,5.651491165161133,99.0,0.7524678111076355,6.818331241607666,81,,,,,,,,,,,,
,,134019,3.0,0.591342031955719,0.8119333386421204,0.4945273995399475,0.46470463275909424,0.4597419500350952,7.348574638366699,142.0,3.945619583129883,11.885536193847656,81,,,,,,,,,,,,
,,134029,3.0,0.4069550633430481,0.8456000089645386,0.49893471598625183,0.4871416389942169,0.4661846458911896,6.941871166229248,98.0,0.07274842262268066,7.421574592590332,81,,,,,,,,,,,,
,,134039,3.0,0.7126827239990234,0.8198000192642212,0.48665547370910645,0.45844027400016785,0.46471652388572693,11.567237854003906,336.0,1.4735636711120605,13.753484725952148,81,,,,,,,,,,,,
,,134049,3.0,0.5002843737602234,0.8180666565895081,0.5053361058235168,0.5563254952430725,0.47080403566360474,8.538873672485352,134.0,0.5848520994186401,9.62401008605957,81,,,,,,,,,,,,
,,134059,3.0,0.6481527090072632,0.8180000185966492,0.513479471206665,0.5694077610969543,0.49294140934944153,9.573333740234375,309.0,0.7818966507911682,11.003382682800293,81,,,,,,,,,,,,
,,134069,3.0,0.427134245634079,0.8792666792869568,0.5311183333396912,0.6058920621871948,0.5345088839530945,13.804747581481934,241.0,9.532210350036621,23.76409149169922,81,,,,,,,,,,,,
,,134079,3.0,0.43520429730415344,0.8363333344459534,0.5026876926422119,0.5510721206665039,0.46649670600891113,15.335543632507324,84.0,0.0035365710500627756,15.774284362792969,81,,,,,,,,,,,,
,,134089,3.0,0.550270676612854,0.8256000280380249,0.5126935839653015,0.6052186489105225,0.48674115538597107,14.123247146606445,177.0,0.033337969332933426,14.706855773925781,81,,,,,,,,,,,,
,,134099,3.0,0.37968015670776367,0.8579333424568176,0.4977858066558838,0.4580998420715332,0.46408921480178833,4.199611186981201,50.0,0.18919029831886292,4.768481731414795,81,,,,,,,,,,,,
,,134109,3.0,0.5272899270057678,0.8405333161354065,0.49158167839050293,0.45094534754753113,0.46242037415504456,12.636856079101562,279.0,7.297718524932861,20.461864471435547,81,,,,,,,,,,,,
,,134119,3.0,0.6095759868621826,0.8099333047866821,0.5252271294593811,0.5813015103340149,0.5163097977638245,12.894134521484375,372.0,7.305227279663086,20.808937072753906,81,,,,,,,,,,,,
,,134129,3.0,0.4019589424133301,0.8740000128746033,0.51796555519104,0.6085658073425293,0.5092045664787292,9.385309219360352,127.0,0.8799739480018616,10.667242050170898,81,,,,,,,,,,,,
,,134139,3.0,0.4730967879295349,0.8241999745368958,0.5043840408325195,0.533593475818634,0.47473451495170593,16.516321182250977,171.0,0.5719432234764099,17.56136131286621,81,,,,,,,,,,,,
,,134149,3.0,0.49197065830230713,0.8521333336830139,0.4925682842731476,0.4505111873149872,0.4640812277793884,14.885748863220215,246.0,1.8023834228515625,17.180103302001953,81,,,,,,,,,,,,
,,134159,3.0,0.45472580194473267,0.8391333222389221,0.5012596845626831,0.5098739862442017,0.4729522466659546,11.789342880249023,150.0,0.09496263414621353,12.339032173156738,81,,,,,,,,,,,,
,,134169,3.0,0.7307868003845215,0.7848666906356812,0.4908062815666199,0.4665239155292511,0.4618818163871765,10.085627555847168,319.0,5.778126239776611,16.594539642333984,81,,,,,,,,,,,,
,,134179,3.0,0.6976064443588257,0.821399986743927,0.49098241329193115,0.47213074564933777,0.4711745083332062,12.40301513671875,295.0,3.9305949211120605,17.03121566772461,81,,,,,,,,,,,,
,,134189,3.0,0.3371720016002655,0.8668666481971741,0.5065819025039673,0.5720281600952148,0.48441842198371887,8.09033203125,101.0,0.8522753715515137,9.279779434204102,81,,,,,,,,,,,,
,,134199,3.0,0.2658899426460266,0.911133348941803,0.49536532163619995,0.48642244935035706,0.4870140850543976,9.708066940307617,245.0,0.3042285144329071,10.278185844421387,81,,,,,,,,,,,,
,,134209,3.0,0.4755447804927826,0.8550666570663452,0.5023221373558044,0.5128135681152344,0.4823646545410156,14.824801445007324,161.0,0.7681688070297241,16.06851577758789,81,,,,,,,,,,,,
,,134219,3.0,0.412144273519516,0.8623999953269958,0.5029446482658386,0.5656906962394714,0.4729743003845215,6.717160701751709,46.0,0.21675436198711395,7.346059322357178,81,,,,,,,,,,,,
,,134229,3.0,0.3223418891429901,0.884066641330719,0.5131697058677673,0.5872275829315186,0.5028756260871887,10.041882514953613,110.0,3.2751829624176025,13.63940715789795,81,,,,,,,,,,,,
,,134239,3.0,0.340790718793869,0.868066668510437,0.5171613097190857,0.6156934499740601,0.5057224631309509,20.546579360961914,194.0,0.16656829416751862,21.053937911987305,81,,,,,,,,,,,,
,,134249,3.0,0.680820107460022,0.8209333419799805,0.5015106797218323,0.5037363171577454,0.4904747009277344,15.046692848205566,321.0,6.130134582519531,21.857646942138672,81,,,,,,,,,,,,
,,134259,3.0,0.6103774905204773,0.782800018787384,0.49451905488967896,0.4592913091182709,0.45088502764701843,7.930985450744629,148.0,4.020534992218018,12.561897277832031,81,,,,,,,,,,,,
,,134269,3.0,0.5735021233558655,0.8631333112716675,0.5037392973899841,0.5104313492774963,0.4954284429550171,9.897810935974121,273.0,19.71300506591797,30.18431854248047,81,,,,,,,,,,,,
,,134279,3.0,0.523928165435791,0.8382666707038879,0.5176031589508057,0.5523733496665955,0.5111965537071228,16.14756202697754,322.0,4.46898889541626,21.140478134155273,81,,,,,,,,,,,,
,,134289,3.0,0.5845485925674438,0.8133333325386047,0.5156875848770142,0.5577971339225769,0.5011760592460632,11.030985832214355,347.0,1.543029546737671,13.158564567565918,81,,,,,,,,,,,,
,,134299,3.0,0.6072831749916077,0.8019333481788635,0.494897723197937,0.47608333826065063,0.46451327204704285,17.73049545288086,236.0,2.5337836742401123,20.87156105041504,81,,,,,,,,,,,,
,,134309,3.0,0.6340235471725464,0.772933304309845,0.5087885856628418,0.5594022870063782,0.470791757106781,12.405200958251953,166.0,2.9390578269958496,15.978282928466797,81,,,,,,,,,,,,
,,134319,3.0,0.4028351306915283,0.8550666570663452,0.49271130561828613,0.4645363390445709,0.46947190165519714,10.580615997314453,164.0,3.6881251335144043,14.671575546264648,81,,,,,,,,,,,,
,,134329,3.0,0.5411284565925598,0.8062000274658203,0.5181857347488403,0.6102588176727295,0.49446502327919006,9.889936447143555,163.0,0.3769676983356476,10.808032035827637,81,,,,,,,,,,,,
,,134339,3.0,0.4847189784049988,0.8446666598320007,0.5135515332221985,0.5979265570640564,0.4942098557949066,31.93327522277832,226.0,0.10244747996330261,32.520442962646484,81,,,,,,,,,,,,
,,134349,3.0,0.31354373693466187,0.8772000074386597,0.4980419874191284,0.47674721479415894,0.47210949659347534,9.052531242370605,88.0,0.06130063161253929,9.427374839782715,81,,,,,,,,,,,,
,,134359,3.0,0.6348558664321899,0.7717999815940857,0.5128248333930969,0.5847588777542114,0.47660428285598755,14.655760765075684,200.0,4.406915664672852,19.697532653808594,81,,,,,,,,,,,,
,,134369,3.0,0.5804791450500488,0.8136666417121887,0.5031960010528564,0.5179914832115173,0.47539961338043213,14.105398178100586,267.0,2.950590133666992,17.63646697998047,81,,,,,,,,,,,,
,,134379,3.0,0.43810132145881653,0.8494666814804077,0.5070627331733704,0.5450209379196167,0.4867240786552429,23.24360466003418,250.0,0.2825940251350403,23.96430015563965,81,,,,,,,,,,,,
,,134389,3.0,0.49261853098869324,0.8208000063896179,0.49320879578590393,0.4633595049381256,0.4626542329788208,11.15242862701416,313.0,0.28505295515060425,11.930100440979004,81,,,,,,,,,,,,
,,134399,3.0,0.576177716255188,0.8160666823387146,0.49791574478149414,0.49161091446876526,0.4745385944843292,9.699165344238281,272.0,3.043414354324341,13.318757057189941,81,,,,,,,,,,,,
,,134409,3.0,0.5722787976264954,0.8212666511535645,0.5006726384162903,0.5035771727561951,0.47415584325790405,13.783803939819336,223.0,0.21412628889083862,14.570209503173828,81,,,,,,,,,,,,
,,134419,3.0,0.33416634798049927,0.862333357334137,0.4976571202278137,0.4464532732963562,0.46400055289268494,11.51174545288086,48.0,0.0306476429104805,11.876559257507324,81,,,,,,,,,,,,
,,134429,3.0,0.47927290201187134,0.8781333565711975,0.5086084008216858,0.5268025398254395,0.5024933815002441,8.561556816101074,259.0,11.407513618469238,20.44834327697754,81,,,,,,,,,,,,
,,134439,3.0,0.7310875654220581,0.8321333527565002,0.5303906202316284,0.5843864679336548,0.5289515852928162,15.428781509399414,307.0,3.0749669075012207,19.234834671020508,81,,,,,,,,,,,,
,,134449,3.0,0.337502121925354,0.8580666780471802,0.4958803057670593,0.4574327766895294,0.46551385521888733,10.390907287597656,98.0,0.13308033347129822,10.861490249633789,81,,,,,,,,,,,,
,,134459,3.0,0.44796454906463623,0.8414000272750854,0.5077055096626282,0.5493433475494385,0.4859866797924042,15.40024185180664,205.0,0.36748006939888,16.215686798095703,81,,,,,,,,,,,,
,,134469,3.0,0.5366344451904297,0.816266655921936,0.5227483510971069,0.6366117000579834,0.5036904215812683,18.819307327270508,279.0,0.5128893852233887,19.868831634521484,81,,,,,,,,,,,,
,,134479,3.0,0.41575828194618225,0.8630666732788086,0.5199064016342163,0.645897626876831,0.5081530213356018,17.909046173095703,163.0,0.26314184069633484,18.58794593811035,81,,,,,,,,,,,,
,,134489,3.0,0.41343945264816284,0.8240666389465332,0.5088803768157959,0.6217712759971619,0.4753587543964386,15.894292831420898,134.0,0.21918144822120667,16.526912689208984,81,,,,,,,,,,,,
,,134499,3.0,0.4716123640537262,0.8489999771118164,0.5157583951950073,0.5874758958816528,0.5016462802886963,11.73840618133545,271.0,0.6568455100059509,12.866863250732422,81,,,,,,,,,,,,
,,134509,3.0,0.6663142442703247,0.8082666397094727,0.48669710755348206,0.43898123502731323,0.45409873127937317,11.03111743927002,322.0,4.104831695556641,15.802263259887695,81,,,,,,,,,,,,
,,134519,3.0,0.44957977533340454,0.8273333311080933,0.5017426609992981,0.5501827001571655,0.46028998494148254,3.9391462802886963,34.0,0.2619178891181946,4.650644302368164,81,,,,,,,,,,,,
,,134529,3.0,0.5363896489143372,0.8085333108901978,0.527306318283081,0.5902343392372131,0.5184646248817444,13.77956485748291,403.0,5.234564304351807,19.550518035888672,81,,,,,,,,,,,,
,,134539,3.0,0.576826810836792,0.8015999794006348,0.5152259469032288,0.561582088470459,0.4965660870075226,24.717790603637695,443.0,0.26008307933807373,25.554698944091797,81,,,,,,,,,,,,
,,134549,3.0,0.6071181893348694,0.8338000178337097,0.4943723976612091,0.47268590331077576,0.46860042214393616,21.83902931213379,242.0,0.5866603255271912,23.032808303833008,81,,,,,,,,,,,,
,,134559,3.0,0.6441341638565063,0.8076666593551636,0.503764808177948,0.5216727256774902,0.47459322214126587,10.372854232788086,192.0,3.0786287784576416,14.095617294311523,81,,,,,,,,,,,,
,,134569,3.0,0.3558450937271118,0.8673333525657654,0.5102097392082214,0.5613088607788086,0.49585047364234924,9.716984748840332,130.0,1.1741230487823486,11.246953010559082,81,,,,,,,,,,,,
,,134579,3.0,0.6451120972633362,0.8223999738693237,0.5060321688652039,0.5287537574768066,0.4842185974121094,11.247844696044922,258.0,2.4614129066467285,14.3543701171875,81,,,,,,,,,,,,
,,134589,3.0,0.5817950367927551,0.8231333494186401,0.48610422015190125,0.45093682408332825,0.4613719582557678,10.389005661010742,408.0,1.780227541923523,12.751028060913086,81,,,,,,,,,,,,
,,134599,3.0,0.4885667562484741,0.8252666592597961,0.5056877136230469,0.551654577255249,0.474847674369812,8.732309341430664,87.0,1.1751912832260132,10.396066665649414,81,,,,,,,,,,,,
,,134609,3.0,0.2722106873989105,0.8902666568756104,0.5067676901817322,0.5289481282234192,0.49788904190063477,5.757797718048096,206.0,0.14252322912216187,6.172531604766846,81,,,,,,,,,,,,
,,134619,3.0,0.39151039719581604,0.8569333553314209,0.5017969012260437,0.5174118876457214,0.4754316210746765,8.829866409301758,94.0,1.7957500219345093,11.017126083374023,81,,,,,,,,,,,,
,,134629,3.0,0.377154141664505,0.8497999906539917,0.5089777708053589,0.6207719445228577,0.4825149178504944,15.54150390625,77.0,0.007498817052692175,15.926156997680664,81,,,,,,,,,,,,
,,134639,3.0,0.5389792323112488,0.8462666869163513,0.4947011172771454,0.48195382952690125,0.47741031646728516,15.366814613342285,377.0,0.07111725211143494,15.976911544799805,81,,,,,,,,,,,,
,,134649,3.0,0.6290541887283325,0.8411333560943604,0.5011879801750183,0.5031497478485107,0.49060696363449097,12.608811378479004,332.0,13.821894645690918,27.05976104736328,81,,,,,,,,,,,,
,,134659,3.0,0.3646421432495117,0.8463333249092102,0.5365509986877441,0.603182852268219,0.5390675663948059,12.285260200500488,275.0,2.30501651763916,14.95491886138916,81,,,,,,,,,,,,
,,134669,3.0,0.5288797616958618,0.8376666903495789,0.5047110915184021,0.5357921719551086,0.4783812165260315,9.042033195495605,130.0,0.8460983633995056,10.417011260986328,81,,,,,,,,,,,,
,,134679,3.0,0.7250075340270996,0.7739999890327454,0.50126713514328,0.5038690567016602,0.4793764650821686,14.119330406188965,320.0,11.689445495605469,26.533782958984375,81,,,,,,,,,,,,
,,134689,3.0,0.5619621276855469,0.791266679763794,0.5105734467506409,0.5575371980667114,0.4819011092185974,14.68265438079834,342.0,0.4069649875164032,15.651581764221191,81,,,,,,,,,,,,
,,134699,3.0,0.5888125896453857,0.8239333629608154,0.509585976600647,0.5834178924560547,0.4810086488723755,12.529075622558594,139.0,0.15285877883434296,13.270747184753418,81,,,,,,,,,,,,
,,134709,3.0,0.49668094515800476,0.8216000199317932,0.4913891851902008,0.46068304777145386,0.46330055594444275,21.13311004638672,368.0,0.04750385507941246,21.677295684814453,81,,,,,,,,,,,,
,,134719,3.0,0.3608923554420471,0.8591333627700806,0.49086931347846985,0.446494460105896,0.4644565284252167,15.619505882263184,238.0,0.04598096013069153,16.026378631591797,81,,,,,,,,,,,,
,,134729,3.0,0.7751332521438599,0.7950000166893005,0.5218777656555176,0.565474271774292,0.5107995867729187,13.968790054321289,563.0,4.740489959716797,19.484413146972656,81,,,,,,,,,,,,
,,134739,3.0,0.5631754398345947,0.8464666604995728,0.5003045797348022,0.5011754035949707,0.4833958148956299,13.233402252197266,243.0,1.3386151790618896,15.13519287109375,81,,,,,,,,,,,,
,,134749,3.0,0.42385977506637573,0.8465999960899353,0.4948579967021942,0.4373650550842285,0.4597555994987488,7.865100383758545,82.0,0.04725910723209381,8.336219787597656,81,,,,,,,,,,,,
,,134759,3.0,0.49911725521087646,0.8263999819755554,0.4951837956905365,0.4588584005832672,0.4596002995967865,9.914372444152832,198.0,22.20277214050293,32.61626052856445,81,,,,,,,,,,,,
,,134769,3.0,0.5028753280639648,0.8452666401863098,0.49988800287246704,0.49958330392837524,0.48324209451675415,15.460076332092285,327.0,0.36246457695961,16.325416564941406,81,,,,,,,,,,,,
,,134779,3.0,0.5361203551292419,0.8482666611671448,0.5007167458534241,0.505033552646637,0.475404292345047,6.895017147064209,131.0,1.16385018825531,8.594987869262695,81,,,,,,,,,,,,
,,134789,3.0,0.44676053524017334,0.8468000292778015,0.48966050148010254,0.4418025612831116,0.46110227704048157,9.903594017028809,237.0,0.2728629410266876,10.623217582702637,81,,,,,,,,,,,,
,,134799,3.0,0.48753196001052856,0.8483333587646484,0.513115644454956,0.5483353137969971,0.5030941963195801,12.038105010986328,254.0,21.49302101135254,34.01865768432617,81,,,,,,,,,,,,
,,134809,3.0,0.29308047890663147,0.8901333212852478,0.5016427636146545,0.5194831490516663,0.481008917093277,4.401019096374512,65.0,1.4741700887680054,6.168269634246826,81,,,,,,,,,,,,
,,134819,3.0,0.5037963390350342,0.8158000111579895,0.5053048133850098,0.5499307513237,0.471503347158432,9.618904113769531,120.0,1.314929723739624,11.437630653381348,81,,,,,,,,,,,,
,,134829,3.0,0.5711537599563599,0.8107333183288574,0.5009416341781616,0.5049138069152832,0.47285300493240356,12.98227310180664,201.0,1.0218876600265503,14.57531452178955,81,,,,,,,,,,,,
,,134839,3.0,0.5949466824531555,0.8118000030517578,0.49765077233314514,0.49033403396606445,0.47300148010253906,13.495710372924805,302.0,1.0623679161071777,15.153024673461914,81,,,,,,,,,,,,
,,134849,3.0,0.42781585454940796,0.8525999784469604,0.4983850121498108,0.4915991723537445,0.47672462463378906,16.16533088684082,178.0,2.5488035678863525,19.141950607299805,81,,,,,,,,,,,,
,,134859,3.0,0.6611434817314148,0.7888666391372681,0.4987786114215851,0.4925437569618225,0.46212950348854065,12.387114524841309,166.0,1.4574462175369263,14.505703926086426,81,,,,,,,,,,,,
,,134869,3.0,0.7420651912689209,0.7837333083152771,0.4795403480529785,0.4401299059391022,0.4523833394050598,9.669523239135742,339.0,0.7559279203414917,11.167516708374023,81,,,,,,,,,,,,
,,134879,3.0,0.45920538902282715,0.8661999702453613,0.5090456008911133,0.5247908234596252,0.5033977627754211,9.160401344299316,282.0,8.453577041625977,18.073184967041016,81,,,,,,,,,,,,
,,134889,3.0,0.5692325234413147,0.8139333128929138,0.4942479729652405,0.47137323021888733,0.46449342370033264,10.466534614562988,378.0,5.683778762817383,16.719547271728516,81,,,,,,,,,,,,
,,134899,3.0,0.6036328673362732,0.8297333121299744,0.5321764349937439,0.6231222152709961,0.5267565846443176,16.655174255371094,264.0,1.2600507736206055,18.518856048583984,81,,,,,,,,,,,,
,,134909,3.0,0.5439399480819702,0.8333333134651184,0.5320554375648499,0.6105546951293945,0.5286362767219543,11.410807609558105,332.0,1.1446024179458618,13.099349975585938,81,,,,,,,,,,,,
,,134919,3.0,0.5753066539764404,0.8263333439826965,0.49300676584243774,0.4741671085357666,0.4707649350166321,15.288119316101074,242.0,1.7845499515533447,17.64797592163086,81,,,,,,,,,,,,
,,134929,3.0,0.4053531289100647,0.8583333492279053,0.5242676138877869,0.6644327044487,0.5145436525344849,13.634069442749023,167.0,0.036657072603702545,14.076080322265625,81,,,,,,,,,,,,
,,134939,3.0,0.36033177375793457,0.8676666617393494,0.5051156282424927,0.5704574584960938,0.48057860136032104,4.492493152618408,57.0,1.1013953685760498,5.954220771789551,81,,,,,,,,,,,,
,,134949,3.0,0.5874980092048645,0.8045333623886108,0.510535478591919,0.549717903137207,0.4874555766582489,19.300607681274414,323.0,0.10993269830942154,19.998037338256836,81,,,,,,,,,,,,
,,134959,3.0,0.5185160636901855,0.8288666605949402,0.5032512545585632,0.528168797492981,0.4725036025047302,10.434905052185059,146.0,0.5500063300132751,11.503426551818848,81,,,,,,,,,,,,
,,134969,3.0,0.5779668092727661,0.8139333128929138,0.5066614747047424,0.5332508087158203,0.4826882779598236,10.920936584472656,256.0,1.0147819519042969,12.51368522644043,81,,,,,,,,,,,,
,,134979,3.0,0.4155021905899048,0.8450666666030884,0.4998828172683716,0.49908536672592163,0.47212478518486023,9.386855125427246,146.0,0.4266117513179779,10.22896957397461,81,,,,,,,,,,,,
,,134989,3.0,0.35423195362091064,0.8826666474342346,0.5100946426391602,0.5489094853401184,0.500620424747467,13.880410194396973,227.0,0.175324946641922,14.409967422485352,81,,,,,,,,,,,,
,,134999,3.0,0.3468233048915863,0.8709999918937683,0.4963434934616089,0.4768490791320801,0.4741184711456299,10.139182090759277,186.0,2.889744758605957,13.375750541687012,81,,,,,,,,,,,,
,,135009,3.0,0.36048346757888794,0.8769333362579346,0.5063603520393372,0.5456803441047668,0.4898639917373657,14.111865043640137,154.0,0.23082929849624634,14.703177452087402,81,,,,,,,,,,,,
,,135019,3.0,0.6527401208877563,0.7706666588783264,0.5021427273750305,0.5119296908378601,0.46475473046302795,15.623587608337402,352.0,0.4430030584335327,16.719329833984375,81,,,,,,,,,,,,
,,135029,3.0,0.30573028326034546,0.8959333300590515,0.5144307017326355,0.5984643697738647,0.5070284605026245,12.73818302154541,83.0,2.007070541381836,15.050983428955078,81,,,,,,,,,,,,
,,135039,3.0,0.4040611684322357,0.8326666951179504,0.5051272511482239,0.5611571669578552,0.47297203540802,20.84517478942871,142.0,1.3783522844314575,22.627588272094727,81,,,,,,,,,,,,
,,135049,3.0,0.6287857294082642,0.8381333351135254,0.4907471239566803,0.4524020850658417,0.4628204107284546,7.126495838165283,255.0,4.6722283363342285,12.427509307861328,81,,,,,,,,,,,,
,,135059,3.0,0.7557488679885864,0.8161333203315735,0.5029770135879517,0.507160484790802,0.49256396293640137,11.250113487243652,397.0,5.189064979553223,17.194927215576172,81,,,,,,,,,,,,
,,135069,3.0,0.705119252204895,0.7674000263214111,0.49750596284866333,0.4829556345939636,0.4531368315219879,10.795612335205078,149.0,5.277860164642334,16.77859115600586,81,,,,,,,,,,,,
,,135079,3.0,0.3390112519264221,0.8734666705131531,0.5009280443191528,0.5053259134292603,0.48295310139656067,11.862253189086914,213.0,0.2692284882068634,12.47049331665039,81,,,,,,,,,,,,
,,135089,3.0,0.6100508570671082,0.7734666466712952,0.49908480048179626,0.4913070797920227,0.45127445459365845,12.544548034667969,157.0,0.15771551430225372,13.312314987182617,81,,,,,,,,,,,,
,,135099,3.0,0.6275241374969482,0.803600013256073,0.5016293525695801,0.5119839310646057,0.46642178297042847,6.53743839263916,138.0,3.365583658218384,10.530546188354492,81,,,,,,,,,,,,
,,135109,3.0,0.4954220950603485,0.8432000279426575,0.5008452534675598,0.5047394633293152,0.47770240902900696,15.549148559570312,192.0,1.6120716333389282,17.65664291381836,81,,,,,,,,,,,,
,,135119,3.0,0.5654633045196533,0.8636000156402588,0.5079010725021362,0.5170835852622986,0.5044173002243042,14.950788497924805,318.0,33.0054931640625,48.52174377441406,81,,,,,,,,,,,,
,,135129,3.0,0.34965431690216064,0.8677999973297119,0.5013669729232788,0.5187530517578125,0.47444647550582886,15.224255561828613,91.0,0.5819790363311768,16.1558895111084,81,,,,,,,,,,,,
,,135139,3.0,0.5057470202445984,0.8349999785423279,0.4980621635913849,0.48574399948120117,0.46791982650756836,11.6729736328125,114.0,1.4300734996795654,13.608794212341309,81,,,,,,,,,,,,
,,135149,3.0,0.3823878765106201,0.8845333456993103,0.5229610204696655,0.6161097884178162,0.520443856716156,8.12362003326416,227.0,0.553445041179657,9.059453010559082,81,,,,,,,,,,,,
,,135159,3.0,0.708489716053009,0.8145999908447266,0.5002001523971558,0.5008261203765869,0.4770813286304474,10.811843872070312,176.0,4.140447616577148,15.660780906677246,81,,,,,,,,,,,,
,,135169,3.0,0.49412086606025696,0.8381333351135254,0.5011729001998901,0.5098233222961426,0.4717906415462494,11.813028335571289,99.0,4.2606048583984375,16.567752838134766,81,,,,,,,,,,,,
,,135179,3.0,0.7807778716087341,0.7954666614532471,0.4871111810207367,0.4484570324420929,0.455883651971817,12.053302764892578,314.0,4.7745513916015625,17.608631134033203,81,,,,,,,,,,,,
,,135189,3.0,0.56755131483078,0.8187333345413208,0.4955172836780548,0.4703952670097351,0.4622417390346527,13.651071548461914,168.0,0.2636675536632538,14.482290267944336,81,,,,,,,,,,,,
,,135199,3.0,0.6133251190185547,0.8147333264350891,0.4997917115688324,0.49883830547332764,0.4707295000553131,13.909036636352539,158.0,2.5342564582824707,17.056617736816406,81,,,,,,,,,,,,
,,135209,3.0,0.32117512822151184,0.8759333491325378,0.4996250867843628,0.4911973476409912,0.4706488847732544,4.088329315185547,32.0,0.2902265787124634,4.69973087310791,81,,,,,,,,,,,,
,,135219,3.0,0.6440407037734985,0.8184666633605957,0.5039792060852051,0.5118138790130615,0.4898359179496765,13.647147178649902,373.0,3.303415060043335,17.594602584838867,81,,,,,,,,,,,,
,,135229,3.0,0.3570147454738617,0.8807333111763,0.5093217492103577,0.5524164438247681,0.4976242780685425,10.620597839355469,188.0,0.05653584003448486,11.034148216247559,81,,,,,,,,,,,,
,,135239,3.0,0.5135341286659241,0.8022000193595886,0.5093517899513245,0.5666584372520447,0.4780326783657074,19.8625545501709,262.0,0.12680849432945251,20.502897262573242,81,,,,,,,,,,,,
,,135249,3.0,0.3054686486721039,0.8763999938964844,0.5044997930526733,0.6037700176239014,0.47911593317985535,8.693995475769043,44.0,1.1420683860778809,10.141532897949219,81,,,,,,,,,,,,
,,135259,3.0,0.5886083245277405,0.8073333501815796,0.496432900428772,0.4730345606803894,0.45903587341308594,10.146136283874512,201.0,0.6012037396430969,11.335948944091797,81,,,,,,,,,,,,
,,135269,3.0,0.4552789628505707,0.8582666516304016,0.5102383494377136,0.561046838760376,0.49420231580734253,9.404376029968262,156.0,13.33959674835205,23.19925308227539,81,,,,,,,,,,,,
,,135279,3.0,0.31221523880958557,0.8763999938964844,0.5044989585876465,0.5124817490577698,0.4977916479110718,15.477238655090332,240.0,5.119484901428223,20.908939361572266,81,,,,,,,,,,,,
,,135289,3.0,0.5795726776123047,0.8342666625976562,0.5022324919700623,0.5081279277801514,0.48549550771713257,10.881924629211426,325.0,0.8606811165809631,12.322178840637207,81,,,,,,,,,,,,
,,135299,3.0,0.4061962962150574,0.8428666591644287,0.5009349584579468,0.5078259706497192,0.47247278690338135,19.843854904174805,209.0,0.037859559059143066,20.28791046142578,81,,,,,,,,,,,,
,,135309,3.0,0.36409232020378113,0.8593999743461609,0.5009074211120605,0.5228574872016907,0.46824583411216736,3.9489758014678955,52.0,0.3888451159000397,4.701912879943848,81,,,,,,,,,,,,
,,135319,3.0,0.6685361862182617,0.7746666669845581,0.5133761167526245,0.5633019804954529,0.4849523901939392,12.509610176086426,199.0,4.983997821807861,18.16214370727539,81,,,,,,,,,,,,
,,135329,3.0,0.47081664204597473,0.8109999895095825,0.5078561305999756,0.5516562461853027,0.4791620075702667,11.875211715698242,232.0,1.4828929901123047,13.8289213180542,81,,,,,,,,,,,,
,,135339,3.0,0.5330341458320618,0.843666672706604,0.4919503331184387,0.4574250876903534,0.46510717272758484,13.19682502746582,225.0,0.15993042290210724,13.889789581298828,81,,,,,,,,,,,,
,,135349,3.0,0.759829580783844,0.8266000151634216,0.5096792578697205,0.5323874950408936,0.4965739846229553,15.556334495544434,332.0,0.09026742726564407,16.406431198120117,81,,,,,,,,,,,,
,,135359,3.0,0.4917261004447937,0.8355333209037781,0.5053670406341553,0.5277853608131409,0.4843253195285797,10.417407035827637,143.0,4.104693412780762,15.013826370239258,81,,,,,,,,,,,,
,,135369,3.0,0.3232000768184662,0.876466691493988,0.4980928897857666,0.4904486835002899,0.48067089915275574,7.131024360656738,217.0,5.454103946685791,12.908329010009766,81,,,,,,,,,,,,
,,135379,3.0,0.6100211143493652,0.8330000042915344,0.5318511724472046,0.6065627336502075,0.5286934971809387,14.077714920043945,225.0,3.230557441711426,17.918292999267578,81,,,,,,,,,,,,
7.893269663304785e-06,7.893269663304783e-05,135381,,,,,,,,,,,,,,,,,,,,,,,
,,135389,3.0,0.41609030961990356,0.8624666929244995,0.5178988575935364,0.5784933567047119,0.5101791620254517,18.322612762451172,288.0,0.8224021196365356,19.561105728149414,82,,,,,,,,,,,,
,,135399,3.0,0.5340654850006104,0.8224666714668274,0.5024052262306213,0.5184894800186157,0.47127294540405273,11.659284591674805,156.0,2.0105512142181396,14.203901290893555,82,,,,,,,,,,,,
,,135409,3.0,0.6243724822998047,0.8069333434104919,0.5030397176742554,0.5148930549621582,0.47638219594955444,14.864642143249512,327.0,0.24065367877483368,15.729668617248535,82,,,,,,,,,,,,
,,135419,3.0,0.47519057989120483,0.8338000178337097,0.5014259815216064,0.508231520652771,0.47635987401008606,15.666241645812988,195.0,2.829149007797241,18.9705810546875,82,,,,,,,,,,,,
,,135429,3.0,0.6323835253715515,0.78493332862854,0.5045233368873596,0.5392582416534424,0.4635724723339081,12.728836059570312,148.0,4.675558090209961,18.03677749633789,82,,,,,,,,,,,,
,,135439,3.0,0.7130971550941467,0.8365333080291748,0.5003491044044495,0.5009595155715942,0.488343209028244,13.738693237304688,343.0,2.770766496658325,17.222557067871094,82,,,,,,,,,,,,
,,135449,3.0,0.5253190994262695,0.8376666903495789,0.5053125023841858,0.5263209939002991,0.4853247404098511,11.811683654785156,192.0,4.245604991912842,16.58260726928711,82,,,,,,,,,,,,
,,135459,3.0,0.6532284617424011,0.7829999923706055,0.506453275680542,0.529238760471344,0.47810763120651245,11.369996070861816,284.0,7.886963844299316,19.910188674926758,82,,,,,,,,,,,,
,,135469,3.0,0.45890942215919495,0.8361333608627319,0.49732497334480286,0.47943657636642456,0.46642395853996277,18.454431533813477,170.0,0.1125437319278717,19.0258846282959,82,,,,,,,,,,,,
,,135479,3.0,0.6283679604530334,0.8001333475112915,0.4901528060436249,0.4288784861564636,0.44873103499412537,12.387651443481445,218.0,0.873839795589447,13.889859199523926,82,,,,,,,,,,,,
,,135489,3.0,0.4811030626296997,0.8745333552360535,0.5258074402809143,0.5655692219734192,0.5281323194503784,10.453012466430664,405.0,5.991201400756836,16.925315856933594,82,,,,,,,,,,,,
,,135499,3.0,0.38034629821777344,0.8547999858856201,0.5016666650772095,0.5496395826339722,0.4676095247268677,3.709174871444702,41.0,0.3456295430660248,4.435151100158691,82,,,,,,,,,,,,
,,135509,3.0,0.6130534410476685,0.8132666945457458,0.4985937476158142,0.49354392290115356,0.4723639488220215,19.660232543945312,272.0,0.061622556298971176,20.334909439086914,82,,,,,,,,,,,,
,,135519,3.0,0.4775877594947815,0.8259333372116089,0.49321165680885315,0.4551657736301422,0.4601772427558899,6.944942474365234,192.0,10.7236909866333,18.146221160888672,82,,,,,,,,,,,,
,,135529,3.0,0.4052467346191406,0.8687333464622498,0.5007718801498413,0.5021716356277466,0.4916473925113678,10.142723083496094,289.0,12.50230884552002,23.050277709960938,82,,,,,,,,,,,,
,,135539,3.0,0.47087061405181885,0.8475333452224731,0.49192309379577637,0.4546022117137909,0.46474355459213257,9.72514820098877,184.0,0.39874371886253357,10.594762802124023,82,,,,,,,,,,,,
,,135549,3.0,0.40679579973220825,0.8744000196456909,0.49114346504211426,0.4643068015575409,0.47275662422180176,14.043290138244629,296.0,0.21669569611549377,14.666781425476074,82,,,,,,,,,,,,
,,135559,3.0,0.6859431862831116,0.7874666452407837,0.4931500256061554,0.4613977074623108,0.45524266362190247,7.641038417816162,337.0,5.470727920532227,13.797709465026855,82,,,,,,,,,,,,
,,135569,3.0,0.4929530620574951,0.8329333066940308,0.5029974579811096,0.5155118703842163,0.480293333530426,27.167192459106445,282.0,0.06298993527889252,27.723134994506836,82,,,,,,,,,,,,
,,135579,3.0,0.5612666606903076,0.8371999859809875,0.5005342364311218,0.5022145509719849,0.4811212122440338,13.829151153564453,228.0,2.18563175201416,16.5760498046875,82,,,,,,,,,,,,
,,135589,3.0,0.5334160327911377,0.8160666823387146,0.5039761066436768,0.5203752517700195,0.478696346282959,15.441431999206543,306.0,0.13375891745090485,16.108606338500977,82,,,,,,,,,,,,
,,135599,3.0,0.5972155332565308,0.8590666651725769,0.5076342225074768,0.5169499516487122,0.5034633874893188,13.269660949707031,280.0,22.455656051635742,36.322532653808594,82,,,,,,,,,,,,
,,135609,3.0,0.41195788979530334,0.8561999797821045,0.5104424953460693,0.5552124977111816,0.4955684542655945,14.939183235168457,206.0,20.637248992919922,35.98838806152344,82,,,,,,,,,,,,
,,135619,3.0,0.34357115626335144,0.8629999756813049,0.5039377212524414,0.5216917991638184,0.48630115389823914,15.639666557312012,201.0,0.042894817888736725,16.026132583618164,82,,,,,,,,,,,,
,,135629,3.0,0.41921675205230713,0.8614000082015991,0.5462507605552673,0.6435596346855164,0.5540080666542053,11.57750415802002,398.0,19.565773010253906,31.5624942779541,82,,,,,,,,,,,,
,,135639,3.0,0.5056867599487305,0.8638666868209839,0.492381751537323,0.4750702679157257,0.47675368189811707,16.50865364074707,357.0,0.05649053305387497,17.070829391479492,82,,,,,,,,,,,,
,,135649,3.0,0.572318434715271,0.7762666940689087,0.4960435926914215,0.4379041790962219,0.44138047099113464,7.485207557678223,109.0,0.23548157513141632,8.293006896972656,82,,,,,,,,,,,,
,,135659,3.0,0.47443392872810364,0.8613333106040955,0.5194449424743652,0.6195226311683655,0.5087135434150696,19.41899299621582,169.0,0.12359773367643356,20.017024993896484,82,,,,,,,,,,,,
,,135669,3.0,0.3770377039909363,0.8704666495323181,0.5017362236976624,0.524880588054657,0.4754103422164917,5.137794017791748,64.0,2.115175247192383,7.630006790161133,82,,,,,,,,,,,,
,,135679,3.0,0.5883491039276123,0.8368666768074036,0.528176486492157,0.5679120421409607,0.5281546115875244,11.282909393310547,388.0,2.726046562194824,14.597305297851562,82,,,,,,,,,,,,
,,135689,3.0,0.3094795346260071,0.8673999905586243,0.49982550740242004,0.497928261756897,0.4728563129901886,11.142288208007812,91.0,0.7307065725326538,12.182474136352539,82,,,,,,,,,,,,
,,135699,3.0,0.5525603294372559,0.8133999705314636,0.4983898401260376,0.4872066378593445,0.46262529492378235,11.023116111755371,186.0,1.734127163887024,13.309803009033203,82,,,,,,,,,,,,
,,135709,3.0,0.41903552412986755,0.8667333126068115,0.49869951605796814,0.491653174161911,0.476915180683136,8.208819389343262,190.0,14.088255882263184,22.716110229492188,82,,,,,,,,,,,,
,,135719,3.0,0.3117283880710602,0.885866641998291,0.5186437368392944,0.5764793157577515,0.5156819224357605,23.82790756225586,291.0,0.21076545119285583,24.350400924682617,82,,,,,,,,,,,,
,,135729,3.0,0.44330233335494995,0.8354666829109192,0.5093069076538086,0.5771962404251099,0.4839382469654083,11.957983016967773,124.0,7.273940563201904,19.67522621154785,82,,,,,,,,,,,,
,,135739,3.0,0.4661810100078583,0.8576666712760925,0.5305773019790649,0.6940196752548218,0.524653971195221,14.792496681213379,155.0,9.672529220581055,24.93120574951172,82,,,,,,,,,,,,
,,135749,3.0,0.5113238096237183,0.8324000239372253,0.4914567470550537,0.42910903692245483,0.45544812083244324,10.759032249450684,115.0,0.048300549387931824,11.318656921386719,82,,,,,,,,,,,,
,,135759,3.0,0.5686795115470886,0.7713333368301392,0.5059447288513184,0.5694341659545898,0.45786842703819275,10.199411392211914,106.0,0.1624269336462021,10.93051815032959,82,,,,,,,,,,,,
,,135769,3.0,0.5880976319313049,0.8497333526611328,0.4999266266822815,0.4997166395187378,0.4832848906517029,9.570412635803223,316.0,2.9655840396881104,13.124094009399414,82,,,,,,,,,,,,
,,135779,3.0,0.7210701107978821,0.8140000104904175,0.4873236119747162,0.45379477739334106,0.4611746668815613,11.598514556884766,356.0,0.2504372000694275,12.570021629333496,82,,,,,,,,,,,,
,,135789,3.0,0.6064005494117737,0.8023333549499512,0.49413615465164185,0.476325124502182,0.4668148159980774,12.903300285339355,287.0,2.6364171504974365,16.1461181640625,82,,,,,,,,,,,,
,,135799,3.0,0.4659960865974426,0.8361333608627319,0.5003935098648071,0.5077317357063293,0.46253615617752075,5.345985412597656,58.0,0.09308990091085434,5.90507173538208,82,,,,,,,,,,,,
,,135809,3.0,0.38409727811813354,0.8537333607673645,0.5078546404838562,0.5678175687789917,0.4854910373687744,9.2653226852417,106.0,0.46389269828796387,10.113312721252441,82,,,,,,,,,,,,
,,135819,3.0,0.5943358540534973,0.8163999915122986,0.5019582509994507,0.5085332989692688,0.47884875535964966,14.481465339660645,317.0,0.44153937697410583,15.517340660095215,82,,,,,,,,,,,,
,,135829,3.0,0.31533414125442505,0.8912666440010071,0.5288131237030029,0.5970011353492737,0.5328136086463928,10.458863258361816,244.0,3.6660025119781494,14.440199851989746,82,,,,,,,,,,,,
,,135839,3.0,0.6610841155052185,0.8055999875068665,0.5069447159767151,0.5250845551490784,0.4879983067512512,12.935375213623047,321.0,5.225727081298828,18.822185516357422,82,,,,,,,,,,,,
,,135849,3.0,0.5305427312850952,0.8241999745368958,0.49190419912338257,0.4437249004840851,0.4570184350013733,12.310245513916016,133.0,1.7863678932189941,14.627155303955078,82,,,,,,,,,,,,
,,135859,3.0,0.3469293415546417,0.8775333166122437,0.5163320302963257,0.6324278712272644,0.5049570202827454,15.979430198669434,175.0,0.018994633108377457,16.345354080200195,82,,,,,,,,,,,,
,,135869,3.0,0.567776620388031,0.7950666546821594,0.49659082293510437,0.45178598165512085,0.44831523299217224,6.577190399169922,96.0,0.14492730796337128,7.2898945808410645,82,,,,,,,,,,,,
,,135879,3.0,0.407029390335083,0.8559333086013794,0.5417589545249939,0.6145535111427307,0.5476638674736023,14.124173164367676,442.0,10.776792526245117,25.307994842529297,82,,,,,,,,,,,,
,,135889,3.0,0.37398985028266907,0.859666645526886,0.5002369284629822,0.5043262243270874,0.4687948226928711,8.21386432647705,56.0,0.12989670038223267,8.717751502990723,82,,,,,,,,,,,,
,,135899,3.0,0.5664536356925964,0.846666693687439,0.4893572926521301,0.4774217903614044,0.4791666865348816,13.821815490722656,308.0,18.41511344909668,32.803382873535156,82,,,,,,,,,,,,
,,135909,3.0,0.804777979850769,0.7547333240509033,0.4847889840602875,0.43264269828796387,0.4428249001502991,12.265121459960938,268.0,8.981239318847656,22.05113983154297,82,,,,,,,,,,,,
,,135919,3.0,0.7252838611602783,0.7343999743461609,0.508120596408844,0.6109742522239685,0.44784441590309143,10.544723510742188,135.0,0.016341961920261383,11.286349296569824,82,,,,,,,,,,,,
,,135929,3.0,0.4544680416584015,0.84006667137146,0.4969823360443115,0.47438666224479675,0.4654773473739624,5.3788251876831055,97.0,1.483185052871704,7.316478729248047,82,,,,,,,,,,,,
,,135939,3.0,0.7705617547035217,0.7553333044052124,0.5026385188102722,0.511504054069519,0.46796903014183044,11.973400115966797,350.0,0.3897709846496582,13.133733749389648,82,,,,,,,,,,,,
,,135949,3.0,0.5958291888237,0.7919333577156067,0.49319279193878174,0.45835256576538086,0.4545663595199585,9.646461486816406,232.0,0.5617350935935974,10.804025650024414,82,,,,,,,,,,,,
,,135959,3.0,0.47181397676467896,0.8450000286102295,0.5127369165420532,0.5994076132774353,0.4921731948852539,19.684101104736328,230.0,0.07032041251659393,20.226234436035156,82,,,,,,,,,,,,
,,135969,3.0,0.5423577427864075,0.8259333372116089,0.514352560043335,0.5655392408370972,0.4977840185165405,15.692329406738281,247.0,0.8711585402488708,17.105846405029297,82,,,,,,,,,,,,
,,135979,3.0,0.5678921341896057,0.8163999915122986,0.49901384115219116,0.49476027488708496,0.4707721471786499,15.321599006652832,233.0,0.5956771373748779,16.48516845703125,82,,,,,,,,,,,,
,,135989,3.0,0.5273230075836182,0.8384000062942505,0.5013351440429688,0.506636381149292,0.4794415533542633,10.915440559387207,147.0,2.3183658123016357,13.761129379272461,82,,,,,,,,,,,,
,,135999,3.0,0.45661771297454834,0.8651999831199646,0.51313716173172,0.5387126803398132,0.508201539516449,9.555685997009277,394.0,2.456556558609009,12.468859672546387,82,,,,,,,,,,,,
,,136009,3.0,0.6571996808052063,0.7956666946411133,0.4910043179988861,0.44945859909057617,0.45381197333335876,9.977726936340332,187.0,1.7248811721801758,12.359807968139648,82,,,,,,,,,,,,
,,136019,3.0,0.36729639768600464,0.8615999817848206,0.4973829984664917,0.4327618479728699,0.4628276824951172,4.711617946624756,38.0,0.3360741436481476,5.4149885177612305,82,,,,,,,,,,,,
,,136029,3.0,0.5103561878204346,0.8529333472251892,0.5032884478569031,0.5186572670936584,0.48308712244033813,7.88446044921875,196.0,9.144633293151855,17.53944969177246,82,,,,,,,,,,,,
,,136039,3.0,0.6024764776229858,0.8062666654586792,0.5113279223442078,0.558757483959198,0.48719924688339233,12.860267639160156,245.0,1.3472846746444702,14.810028076171875,82,,,,,,,,,,,,
,,136049,3.0,0.3540951907634735,0.86080002784729,0.5108795762062073,0.6710081696510315,0.48747149109840393,17.16525650024414,85.0,0.19182053208351135,17.711172103881836,82,,,,,,,,,,,,
,,136059,3.0,0.49652326107025146,0.8371999859809875,0.4969542622566223,0.4801468253135681,0.46835964918136597,15.596616744995117,175.0,0.8861982822418213,16.979337692260742,82,,,,,,,,,,,,
,,136069,3.0,0.32853934168815613,0.8676666617393494,0.5044949054718018,0.5446765422821045,0.4819824695587158,4.887686729431152,71.0,1.768908143043518,6.985134124755859,82,,,,,,,,,,,,
,,136079,3.0,0.44950827956199646,0.8348000049591064,0.5077117681503296,0.5490604639053345,0.48469120264053345,7.895336627960205,150.0,1.4137505292892456,9.75859546661377,82,,,,,,,,,,,,
,,136089,3.0,0.462652325630188,0.8496000170707703,0.5014205574989319,0.5159256458282471,0.47178980708122253,10.569374084472656,127.0,0.04038260504603386,11.072408676147461,82,,,,,,,,,,,,
,,136099,3.0,0.40153783559799194,0.8718000054359436,0.5014856457710266,0.5077593922615051,0.4846714437007904,15.978981971740723,230.0,3.0088560581207275,19.389375686645508,82,,,,,,,,,,,,
,,136109,3.0,0.5593599081039429,0.8450000286102295,0.49912530183792114,0.49519112706184387,0.4756985604763031,9.083906173706055,230.0,2.567434072494507,12.210700035095215,82,,,,,,,,,,,,
,,136119,3.0,0.49086064100265503,0.8637999892234802,0.5181685090065002,0.5756324529647827,0.5113833546638489,16.371185302734375,259.0,0.6941438913345337,17.556188583374023,82,,,,,,,,,,,,
,,136129,3.0,0.6866618394851685,0.8241999745368958,0.5090274214744568,0.5205357074737549,0.5023528933525085,10.239354133605957,392.0,3.4635276794433594,14.389543533325195,82,,,,,,,,,,,,
,,136139,3.0,0.6339553594589233,0.8209333419799805,0.49806922674179077,0.4917542338371277,0.4743475317955017,9.973716735839844,259.0,1.2569025754928589,11.864574432373047,82,,,,,,,,,,,,
,,136149,3.0,0.5211060047149658,0.8322666883468628,0.5462659001350403,0.7194689512252808,0.5445654392242432,12.116883277893066,322.0,0.3772991895675659,13.015288352966309,82,,,,,,,,,,,,
,,136159,3.0,0.4774695336818695,0.871999979019165,0.5070415735244751,0.5316199064254761,0.495076984167099,16.942968368530273,276.0,0.07875046133995056,17.499189376831055,82,,,,,,,,,,,,
,,136169,3.0,0.597070038318634,0.8109999895095825,0.48782214522361755,0.4446127116680145,0.4563881754875183,6.701071262359619,239.0,9.443513870239258,16.741655349731445,82,,,,,,,,,,,,
,,136179,3.0,0.4249947667121887,0.8546000123023987,0.5039966106414795,0.5223933458328247,0.4846515357494354,10.420801162719727,154.0,3.264927864074707,14.110723495483398,82,,,,,,,,,,,,
,,136189,3.0,0.4799909293651581,0.8298666477203369,0.5085189342498779,0.5729416608810425,0.48101386427879333,14.829622268676758,147.0,3.7661046981811523,19.07571792602539,82,,,,,,,,,,,,
,,136199,3.0,0.569331705570221,0.7857333421707153,0.4957040250301361,0.4693174362182617,0.4540026783943176,13.832056999206543,186.0,1.8531482219696045,16.25453758239746,82,,,,,,,,,,,,
,,136209,3.0,0.46405166387557983,0.8271333575248718,0.5183396339416504,0.5877120494842529,0.5030995011329651,9.331096649169922,258.0,1.8972835540771484,11.692431449890137,82,,,,,,,,,,,,
,,136219,3.0,0.44861549139022827,0.8590666651725769,0.5147643685340881,0.5936092734336853,0.5006828904151917,10.017074584960938,122.0,0.615895688533783,11.081584930419922,82,,,,,,,,,,,,
,,136229,3.0,0.45528653264045715,0.8597333431243896,0.5167515873908997,0.6110718250274658,0.5034422278404236,11.65699577331543,119.0,0.0927986204624176,12.20508098602295,82,,,,,,,,,,,,
,,136239,3.0,0.5170548558235168,0.8339999914169312,0.49123913049697876,0.4487178325653076,0.46064671874046326,13.59477424621582,301.0,0.07586736977100372,14.18769645690918,82,,,,,,,,,,,,
,,136249,3.0,0.3434743583202362,0.8686666488647461,0.4978618323802948,0.4892861247062683,0.4790860116481781,11.127671241760254,283.0,5.288867473602295,16.760013580322266,82,,,,,,,,,,,,
,,136259,3.0,0.8152018189430237,0.7985333204269409,0.5009642839431763,0.5024520754814148,0.48689156770706177,12.957341194152832,363.0,27.47467041015625,41.247215270996094,82,,,,,,,,,,,,
,,136269,3.0,0.49945348501205444,0.8554666638374329,0.5042950510978699,0.5142866969108582,0.4927954375743866,13.655789375305176,350.0,0.7393805980682373,14.894623756408691,82,,,,,,,,,,,,
,,136279,3.0,0.5377432703971863,0.8340666890144348,0.501710057258606,0.5148013234138489,0.4713207185268402,9.012755393981934,83.0,0.3313741385936737,9.88187313079834,82,,,,,,,,,,,,
,,136289,3.0,0.34726986289024353,0.881933331489563,0.4995291233062744,0.49672695994377136,0.48016780614852905,5.42288875579834,105.0,1.1020522117614746,6.87221097946167,82,,,,,,,,,,,,
,,136299,3.0,0.4173104166984558,0.835266649723053,0.5082674026489258,0.551331102848053,0.4859706461429596,18.562015533447266,294.0,0.8750167489051819,19.85434341430664,82,,,,,,,,,,,,
,,136309,3.0,0.5661656260490417,0.7953333258628845,0.508217990398407,0.5431721806526184,0.4801168739795685,11.048306465148926,242.0,1.41683828830719,13.03131103515625,82,,,,,,,,,,,,
,,136319,3.0,0.38422849774360657,0.8781333565711975,0.4971122145652771,0.4799608290195465,0.47559505701065063,8.7457275390625,80.0,0.7836349606513977,9.913591384887695,82,,,,,,,,,,,,
,,136329,3.0,0.31065240502357483,0.868399977684021,0.4966832101345062,0.4421970546245575,0.4652862548828125,10.490631103515625,63.0,0.14436644315719604,10.945650100708008,82,,,,,,,,,,,,
,,136339,3.0,0.7550451159477234,0.7640666961669922,0.48969992995262146,0.43448659777641296,0.44264858961105347,11.609649658203125,222.0,3.517232894897461,15.881927490234375,82,,,,,,,,,,,,
,,136349,3.0,0.41579052805900574,0.8428666591644287,0.5038466453552246,0.5353859066963196,0.47600796818733215,16.624540328979492,107.0,1.622791051864624,18.663122177124023,82,,,,,,,,,,,,
,,136359,3.0,0.4389449954032898,0.838866651058197,0.5079095959663391,0.6088078022003174,0.47777628898620605,13.420882225036621,115.0,0.055547140538692474,13.915373802185059,82,,,,,,,,,,,,
,,136369,3.0,0.402386337518692,0.8701333403587341,0.5063369274139404,0.5543756484985352,0.4867804944515228,7.593527793884277,96.0,0.9938229918479919,8.989736557006836,82,,,,,,,,,,,,
,,136379,3.0,0.47414523363113403,0.8308666944503784,0.49725666642189026,0.4741850197315216,0.46263745427131653,5.822365760803223,165.0,2.049208402633667,8.345719337463379,82,,,,,,,,,,,,
,,136389,3.0,0.6604719161987305,0.7775333523750305,0.4933703541755676,0.4638505280017853,0.4542211592197418,11.070684432983398,350.0,0.1959701031446457,11.92712688446045,82,,,,,,,,,,,,
,,136399,3.0,0.5575172901153564,0.8122666478157043,0.5132737755775452,0.5320163369178772,0.5058299899101257,11.833155632019043,459.0,14.857473373413086,27.248146057128906,82,,,,,,,,,,,,
,,136409,3.0,0.5528724789619446,0.8281999826431274,0.5059840679168701,0.5283147692680359,0.4853476285934448,7.680405139923096,230.0,2.8117051124572754,11.04498291015625,82,,,,,,,,,,,,
,,136419,3.0,0.5523645877838135,0.8399999737739563,0.5071964859962463,0.5302842259407043,0.49112004041671753,10.63093090057373,254.0,11.036260604858398,22.219554901123047,82,,,,,,,,,,,,
,,136429,3.0,0.4416545629501343,0.876800000667572,0.4951072037220001,0.4791052043437958,0.4782402515411377,8.199877738952637,192.0,1.7391151189804077,10.380646705627441,82,,,,,,,,,,,,
,,136439,3.0,0.7608115673065186,0.7160000205039978,0.49546319246292114,0.4487723112106323,0.4275224208831787,16.515932083129883,193.0,0.24003088474273682,17.516773223876953,82,,,,,,,,,,,,
,,136449,3.0,0.47318488359451294,0.8338666558265686,0.5098337531089783,0.5565773248672485,0.4891231060028076,16.129531860351562,237.0,0.5925072431564331,17.195222854614258,82,,,,,,,,,,,,
,,136459,3.0,0.410799115896225,0.8383333086967468,0.5035339593887329,0.5251273512840271,0.47754913568496704,20.2341251373291,216.0,0.09326381236314774,20.738187789916992,82,,,,,,,,,,,,
,,136469,3.0,0.5781084895133972,0.803600013256073,0.5006946325302124,0.503326952457428,0.4727867543697357,10.335765838623047,214.0,2.268205404281616,13.182080268859863,82,,,,,,,,,,,,
,,136479,3.0,0.5115587115287781,0.8158666491508484,0.5083889961242676,0.5703421235084534,0.47765305638313293,8.139758110046387,142.0,0.786628007888794,9.437944412231445,82,,,,,,,,,,,,
,,136489,3.0,0.6689831614494324,0.8082666397094727,0.4934569299221039,0.46348702907562256,0.46003374457359314,9.278066635131836,239.0,2.067413330078125,12.014463424682617,82,,,,,,,,,,,,
,,136499,3.0,0.4986107647418976,0.8421333432197571,0.5131545066833496,0.5561893582344055,0.5000107884407043,10.581921577453613,267.0,2.340825080871582,13.421357154846191,82,,,,,,,,,,,,
,,136509,3.0,0.5728287100791931,0.8209999799728394,0.49965038895606995,0.49672389030456543,0.464128315448761,7.497593402862549,94.0,5.158336639404297,13.228758811950684,82,,,,,,,,,,,,
,,136519,3.0,0.5167712569236755,0.8391333222389221,0.5069650411605835,0.5386470556259155,0.486378937959671,12.254220008850098,203.0,1.0383633375167847,13.809354782104492,82,,,,,,,,,,,,
,,136529,3.0,0.7026896476745605,0.8323333263397217,0.5073381662368774,0.5675637125968933,0.4789608418941498,11.571914672851562,145.0,0.034473966807127,12.30907917022705,82,,,,,,,,,,,,
,,136539,3.0,0.46320509910583496,0.8446666598320007,0.5038254261016846,0.5162131190299988,0.48677903413772583,6.186817169189453,215.0,3.0812466144561768,9.731268882751465,82,,,,,,,,,,,,
,,136549,3.0,0.6895774602890015,0.8204666376113892,0.5122193098068237,0.5646506547927856,0.4911668002605438,14.5172700881958,194.0,2.856557846069336,18.063404083251953,82,,,,,,,,,,,,
,,136559,3.0,0.41624704003334045,0.8604000210762024,0.49984806776046753,0.49770408868789673,0.4695029556751251,6.997008800506592,67.0,0.18525344133377075,7.598509311676025,82,,,,,,,,,,,,
,,136569,3.0,0.5003315806388855,0.8345999717712402,0.5048487782478333,0.5760864019393921,0.4707842171192169,5.376316547393799,79.0,5.817749500274658,11.69439697265625,82,,,,,,,,,,,,
,,136579,3.0,0.5408877730369568,0.8541333079338074,0.506187915802002,0.5163255929946899,0.49880197644233704,19.7100887298584,275.0,5.5187296867370605,25.76970672607422,82,,,,,,,,,,,,
,,136589,3.0,0.5294046401977539,0.8083333373069763,0.5060582756996155,0.5432826280593872,0.47458499670028687,16.657440185546875,217.0,0.15513211488723755,17.341976165771484,82,,,,,,,,,,,,
,,136599,3.0,0.43805456161499023,0.8378000259399414,0.5051949620246887,0.5361222624778748,0.4802875220775604,12.234980583190918,175.0,0.417170912027359,13.090205192565918,82,,,,,,,,,,,,
,,136609,3.0,0.5554379820823669,0.8321999907493591,0.4917992353439331,0.4509415626525879,0.4608153998851776,11.924060821533203,304.0,1.1343828439712524,13.613882064819336,82,,,,,,,,,,,,
,,136619,3.0,0.609067976474762,0.8090000152587891,0.5074006915092468,0.5480301976203918,0.47823554277420044,17.36435890197754,251.0,0.02552166022360325,17.99894905090332,82,,,,,,,,,,,,
,,136629,3.0,0.5903210043907166,0.7721999883651733,0.5048454403877258,0.5320169925689697,0.46543797850608826,10.873992919921875,200.0,0.8478199243545532,12.3121337890625,82,,,,,,,,,,,,
,,136639,3.0,0.5942460298538208,0.8244666457176208,0.5073323249816895,0.5245804786682129,0.4929215610027313,11.750354766845703,319.0,2.7390754222869873,15.0836763381958,82,,,,,,,,,,,,
,,136649,3.0,0.6629156470298767,0.8239333629608154,0.49973806738853455,0.49907374382019043,0.4810086488723755,12.24255657196045,202.0,13.401488304138184,26.306961059570312,82,,,,,,,,,,,,
,,136659,3.0,0.530616283416748,0.8311333060264587,0.4994087815284729,0.4971739649772644,0.47594693303108215,8.19736099243164,235.0,0.7843529582023621,9.512331008911133,82,,,,,,,,,,,,
,,136669,3.0,0.6183071732521057,0.7955333590507507,0.4997899532318115,0.4969747066497803,0.45314717292785645,14.15847110748291,93.0,0.2409612238407135,15.017739295959473,82,,,,,,,,,,,,
,,136679,3.0,0.6310980319976807,0.8099333047866821,0.495479017496109,0.45507192611694336,0.45433399081230164,11.387262344360352,134.0,0.16051700711250305,12.178876876831055,82,,,,,,,,,,,,
,,136689,3.0,0.48842284083366394,0.8475333452224731,0.4986383318901062,0.4942362904548645,0.47953513264656067,10.284676551818848,322.0,0.1088143140077591,10.881913185119629,82,,,,,,,,,,,,
,,136699,3.0,0.6973762512207031,0.8226666450500488,0.5154791474342346,0.5613466501235962,0.501189112663269,13.108514785766602,356.0,0.49797338247299194,14.303864479064941,82,,,,,,,,,,,,
,,136709,3.0,0.4546607732772827,0.8231333494186401,0.4975217878818512,0.43263253569602966,0.45261138677597046,3.8234128952026367,33.0,0.12781713902950287,4.405890941619873,82,,,,,,,,,,,,
,,136719,3.0,0.45590639114379883,0.8510666489601135,0.5043742060661316,0.5391610860824585,0.47900328040122986,10.068198204040527,116.0,0.19524987041950226,10.719354629516602,82,,,,,,,,,,,,
,,136729,3.0,0.42336180806159973,0.8755333423614502,0.5091421008110046,0.5538774728775024,0.4959295690059662,10.978472709655762,114.0,1.6525002717971802,13.05433464050293,82,,,,,,,,,,,,
,,136739,3.0,0.6220400929450989,0.8483333587646484,0.5133707523345947,0.5532359480857849,0.5023692846298218,20.37390899658203,339.0,0.09504972398281097,21.09099769592285,82,,,,,,,,,,,,
,,136749,3.0,0.4326728880405426,0.8602666854858398,0.5030999779701233,0.5144064426422119,0.48679763078689575,7.528937816619873,286.0,18.15288543701172,26.1144962310791,82,,,,,,,,,,,,
,,136759,3.0,0.5144249796867371,0.8460000157356262,0.5284709930419922,0.5770409107208252,0.5283397436141968,9.560991287231445,341.0,5.2154316902160645,15.290847778320312,82,,,,,,,,,,,,
,,136769,3.0,0.5719669461250305,0.7847999930381775,0.5062783360481262,0.6260507106781006,0.4570792317390442,7.650738716125488,89.0,0.0755460187792778,8.29825210571289,82,,,,,,,,,,,,
,,136779,3.0,0.4633648097515106,0.8440666794776917,0.5057626962661743,0.5323066115379333,0.48536455631256104,16.542341232299805,231.0,0.5138455033302307,17.51955223083496,82,,,,,,,,,,,,
,,136789,3.0,0.7255502343177795,0.809333324432373,0.5030233263969421,0.5136752128601074,0.4783896207809448,10.037310600280762,280.0,4.437839508056641,15.200700759887695,82,,,,,,,,,,,,
,,136799,3.0,1.0847399234771729,0.7659333348274231,0.4790150225162506,0.4479992091655731,0.455116868019104,13.625947952270508,418.0,3.1245694160461426,17.835256576538086,82,,,,,,,,,,,,
,,136809,3.0,0.470965713262558,0.8154000043869019,0.504820704460144,0.5325671434402466,0.47521084547042847,15.110551834106445,236.0,0.6048903465270996,16.1864070892334,82,,,,,,,,,,,,
,,136819,3.0,0.3550538718700409,0.8709999918937683,0.5214012861251831,0.6141574382781982,0.5150521993637085,21.129770278930664,254.0,0.05924350768327713,21.5440673828125,82,,,,,,,,,,,,
,,136829,3.0,0.8045167326927185,0.7487333416938782,0.47936660051345825,0.409144788980484,0.43431347608566284,8.604138374328613,307.0,4.9138031005859375,14.322458267211914,82,,,,,,,,,,,,
,,136839,3.0,0.4515584707260132,0.8360000252723694,0.5116938352584839,0.5574230551719666,0.4946618676185608,9.309016227722168,177.0,4.20556116104126,13.966135025024414,82,,,,,,,,,,,,
,,136849,3.0,0.4828536808490753,0.8290666937828064,0.5093813538551331,0.5724793076515198,0.48339155316352844,18.895139694213867,250.0,0.04213231801986694,19.420124053955078,82,,,,,,,,,,,,
,,136859,3.0,0.521329402923584,0.8238666653633118,0.5026603937149048,0.5135877728462219,0.47831058502197266,17.21878433227539,225.0,0.38274431228637695,18.12285804748535,82,,,,,,,,,,,,
,,136869,3.0,0.4068761467933655,0.8479999899864197,0.5018848180770874,0.5262358784675598,0.4703623056411743,4.62653923034668,69.0,1.3398892879486084,6.37330436706543,82,,,,,,,,,,,,
,,136879,3.0,0.5316852331161499,0.8593999743461609,0.5120172500610352,0.5739345550537109,0.4968245327472687,7.572065353393555,157.0,0.16574983298778534,8.269499778747559,82,,,,,,,,,,,,
,,136889,3.0,0.6747989058494568,0.8040666580200195,0.4936378598213196,0.47352084517478943,0.4656883776187897,16.085861206054688,281.0,1.8834630250930786,18.644123077392578,82,,,,,,,,,,,,
,,136899,3.0,0.7171508073806763,0.775866687297821,0.4997154176235199,0.49834924936294556,0.46161139011383057,9.289998054504395,155.0,7.34359073638916,17.350738525390625,82,,,,,,,,,,,,
,,136909,3.0,0.42738333344459534,0.8442000150680542,0.509417712688446,0.5753425359725952,0.4865589737892151,9.885945320129395,149.0,2.7816717624664307,13.095000267028809,82,,,,,,,,,,,,
,,136919,3.0,0.4223625063896179,0.8640666604042053,0.5182424187660217,0.5947464108467102,0.5091476440429688,10.777965545654297,223.0,0.700687825679779,11.901015281677246,82,,,,,,,,,,,,
,,136929,3.0,0.5061976909637451,0.8140666484832764,0.48777636885643005,0.45422548055648804,0.46119940280914307,8.433597564697266,284.0,2.131758451461792,11.071554183959961,82,,,,,,,,,,,,
,,136939,3.0,0.46497735381126404,0.8353999853134155,0.49506041407585144,0.45402562618255615,0.460327684879303,18.61479949951172,140.0,0.06916098296642303,19.148937225341797,82,,,,,,,,,,,,
,,136949,3.0,0.5630233287811279,0.8143333196640015,0.507390022277832,0.5508662462234497,0.47853362560272217,10.659680366516113,126.0,1.30131995677948,12.52402400970459,82,,,,,,,,,,,,
,,136959,3.0,0.3717775046825409,0.8829333186149597,0.5013549327850342,0.5058256983757019,0.48852795362472534,6.220736503601074,135.0,6.957699775695801,13.550213813781738,82,,,,,,,,,,,,
,,136969,3.0,0.5437677502632141,0.8474000096321106,0.5047667622566223,0.5189541578292847,0.48960569500923157,9.774078369140625,300.0,9.911758422851562,20.229604721069336,82,,,,,,,,,,,,
,,136979,3.0,0.39532068371772766,0.8518666625022888,0.531020998954773,0.6256015300750732,0.5285308361053467,16.04848861694336,411.0,0.10634180158376694,16.550151824951172,82,,,,,,,,,,,,
,,136989,3.0,0.5505444407463074,0.8022666573524475,0.49738848209381104,0.48909759521484375,0.47070759534835815,12.808568000793457,345.0,0.5560843348503113,13.915197372436523,82,,,,,,,,,,,,
,,136999,3.0,0.6268855333328247,0.8185999989509583,0.49365267157554626,0.47435733675956726,0.4686796963214874,13.36913013458252,299.0,0.2852433919906616,14.281258583068848,82,,,,,,,,,,,,
,,137009,3.0,0.2977009117603302,0.9089999794960022,0.4934268295764923,0.4720427393913269,0.47979357838630676,6.367255687713623,143.0,2.1948015689849854,8.859758377075195,82,,,,,,,,,,,,
,,137019,3.0,0.6166068911552429,0.8459333181381226,0.5053400993347168,0.511495053768158,0.49996012449264526,13.09627914428711,369.0,6.2365899085998535,19.94947624206543,82,,,,,,,,,,,,
,,137029,3.0,0.45105987787246704,0.8017333149909973,0.5008814930915833,0.5098329186439514,0.45916885137557983,9.410782814025879,83.0,4.5592265129089355,14.421070098876953,82,,,,,,,,,,,,
7.122819337828753e-06,7.122819337828752e-05,137032,,,,,,,,,,,,,,,,,,,,,,,
,,137039,3.0,0.45209407806396484,0.8339333534240723,0.503780722618103,0.5506354570388794,0.4701499938964844,18.921823501586914,131.0,0.13576830923557281,19.509685516357422,83,,,,,,,,,,,,
,,137049,3.0,0.37585318088531494,0.861133337020874,0.5469895601272583,0.6341249942779541,0.5553659796714783,16.77025032043457,554.0,0.35719263553619385,17.5032958984375,83,,,,,,,,,,,,
,,137059,3.0,0.5916466116905212,0.785266637802124,0.4969775676727295,0.4713469445705414,0.4512140452861786,8.003292083740234,132.0,0.9892897009849548,9.584227561950684,83,,,,,,,,,,,,
,,137069,3.0,0.5340830683708191,0.8294000029563904,0.5000601410865784,0.5003052353858948,0.47556430101394653,17.221059799194336,319.0,0.12918689846992493,17.884328842163086,83,,,,,,,,,,,,
,,137079,3.0,0.6631986498832703,0.8189333081245422,0.505903959274292,0.5247849225997925,0.48572632670402527,10.584567070007324,236.0,2.3085601329803467,13.556325912475586,83,,,,,,,,,,,,
,,137089,3.0,0.5310670137405396,0.8273333311080933,0.5222373008728027,0.6694215536117554,0.5025964975357056,16.1213321685791,184.0,0.1736532598733902,16.826051712036133,83,,,,,,,,,,,,
,,137099,3.0,0.5531332492828369,0.8413333296775818,0.5112608075141907,0.5680995583534241,0.49214860796928406,11.143149375915527,190.0,1.0025198459625244,12.69880199432373,83,,,,,,,,,,,,
,,137109,3.0,0.420586496591568,0.8519999980926514,0.5080896019935608,0.5754969120025635,0.4847044050693512,9.57673454284668,90.0,1.4206428527832031,11.417963981628418,83,,,,,,,,,,,,
,,137119,3.0,0.4514073431491852,0.8739333152770996,0.5143066048622131,0.5537543892860413,0.508284330368042,10.850931167602539,245.0,3.5251128673553467,14.827451705932617,83,,,,,,,,,,,,
,,137129,3.0,0.6537584066390991,0.8622666597366333,0.5114768743515015,0.5323387980461121,0.5060831308364868,10.18352222442627,281.0,2.8519794940948486,13.68925952911377,83,,,,,,,,,,,,
,,137139,3.0,0.6010743975639343,0.8404666781425476,0.5030690431594849,0.5091965198516846,0.4909951686859131,7.83870267868042,289.0,11.056568145751953,19.49634552001953,83,,,,,,,,,,,,
,,137149,3.0,0.3549400568008423,0.8787333369255066,0.5085655450820923,0.5364890098571777,0.4990132451057434,8.989176750183105,225.0,0.8951712846755981,10.239288330078125,83,,,,,,,,,,,,
,,137159,3.0,0.5045669078826904,0.8461333513259888,0.4971356689929962,0.4862217605113983,0.4749569892883301,12.708549499511719,211.0,0.7020246386528015,13.915141105651855,83,,,,,,,,,,,,
,,137169,3.0,0.5500010251998901,0.8546666502952576,0.49731695652008057,0.48752135038375854,0.47713032364845276,9.684489250183105,181.0,6.17551851272583,16.410009384155273,83,,,,,,,,,,,,
,,137179,3.0,0.4505547285079956,0.8383333086967468,0.5118864178657532,0.5994802117347717,0.4885115623474121,21.270187377929688,184.0,0.8766565918922424,22.59739875793457,83,,,,,,,,,,,,
,,137189,3.0,0.30733463168144226,0.8854666948318481,0.49614667892456055,0.48607248067855835,0.4831657409667969,8.334527969360352,220.0,2.3981008529663086,11.039963722229004,83,,,,,,,,,,,,
,,137199,3.0,0.317198246717453,0.8691999912261963,0.4983564019203186,0.4358494281768799,0.4650117754936218,3.472186326980591,28.0,0.4981130361557007,4.287497520446777,83,,,,,,,,,,,,
,,137209,3.0,0.6335870027542114,0.7681999802589417,0.49988922476768494,0.497024804353714,0.4405924379825592,4.3075432777404785,59.0,0.25966566801071167,5.200795650482178,83,,,,,,,,,,,,
,,137219,3.0,0.3473578095436096,0.8794000148773193,0.506135880947113,0.5685343742370605,0.4864623546600342,7.975542068481445,63.0,0.9380396008491516,9.260939598083496,83,,,,,,,,,,,,
,,137229,3.0,0.40085569024086,0.8525999784469604,0.4987550973892212,0.4919101595878601,0.47419217228889465,14.273343086242676,172.0,0.35393741726875305,15.028136253356934,83,,,,,,,,,,,,
,,137239,3.0,0.5205631256103516,0.8700000047683716,0.49021419882774353,0.46289747953414917,0.47178733348846436,9.434642791748047,253.0,4.5419464111328125,14.497152328491211,83,,,,,,,,,,,,
,,137249,3.0,0.48552975058555603,0.853866696357727,0.5126433968544006,0.5535399913787842,0.5013456344604492,18.198352813720703,291.0,0.4095023572444916,19.0933837890625,83,,,,,,,,,,,,
,,137259,3.0,0.43232935667037964,0.8775333166122437,0.5281405448913574,0.6084609627723694,0.5290756821632385,16.013797760009766,203.0,7.6765522956848145,24.122678756713867,83,,,,,,,,,,,,
,,137269,3.0,0.4360050559043884,0.8660666942596436,0.5093026161193848,0.5473254323005676,0.49607354402542114,12.239106178283691,126.0,2.202012300491333,14.87712287902832,83,,,,,,,,,,,,
,,137279,3.0,0.36870431900024414,0.884066641330719,0.5272261500358582,0.5770242214202881,0.5304881930351257,13.505533218383789,204.0,7.484189033508301,21.35842514038086,83,,,,,,,,,,,,
,,137289,3.0,0.6337725520133972,0.8493333458900452,0.49878695607185364,0.4971618056297302,0.4901634752750397,12.6058931350708,385.0,1.3269832134246826,14.566649436950684,83,,,,,,,,,,,,
,,137299,3.0,0.45882317423820496,0.8554666638374329,0.5023704171180725,0.5106198787689209,0.48545607924461365,9.654997825622559,319.0,0.6867315173149109,10.800552368164062,83,,,,,,,,,,,,
,,137309,3.0,0.5462334156036377,0.8438000082969666,0.5021377205848694,0.5077581405639648,0.4867461025714874,15.406647682189941,360.0,1.6979819536209106,17.650863647460938,83,,,,,,,,,,,,
,,137319,3.0,0.7598737478256226,0.8207333087921143,0.48071467876434326,0.4427998960018158,0.45766952633857727,9.163412094116211,293.0,3.6490867137908936,13.572372436523438,83,,,,,,,,,,,,
,,137329,3.0,0.4237663447856903,0.8326666951179504,0.501973569393158,0.5186415910720825,0.47039833664894104,13.769390106201172,111.0,1.280656099319458,15.473812103271484,83,,,,,,,,,,,,
,,137339,3.0,0.49542415142059326,0.8391333222389221,0.5043497085571289,0.5283454656600952,0.4801344871520996,7.5009660720825195,149.0,2.571197032928467,10.567586898803711,83,,,,,,,,,,,,
,,137349,3.0,0.6264544725418091,0.7742000222206116,0.4998660683631897,0.49883759021759033,0.45399636030197144,11.431252479553223,157.0,6.247686386108398,18.30539321899414,83,,,,,,,,,,,,
,,137359,3.0,0.4457665681838989,0.8776000142097473,0.5278113484382629,0.6571882963180542,0.5257741808891296,16.05644416809082,151.0,0.4663025438785553,16.96851348876953,83,,,,,,,,,,,,
,,137369,3.0,0.38608354330062866,0.8651333451271057,0.49993202090263367,0.49864572286605835,0.46919581294059753,4.941896438598633,51.0,0.7060319781303406,6.0340118408203125,83,,,,,,,,,,,,
,,137379,3.0,0.4249270260334015,0.853866696357727,0.4955095052719116,0.47111713886260986,0.4694906771183014,10.270445823669434,231.0,0.3530174791812897,11.04839038848877,83,,,,,,,,,,,,
,,137389,3.0,0.32056862115859985,0.8805999755859375,0.5012893080711365,0.5080279111862183,0.483873575925827,8.412989616394043,108.0,1.2834696769714355,10.01702880859375,83,,,,,,,,,,,,
,,137399,3.0,0.553044319152832,0.8155999779701233,0.48612913489341736,0.4248187243938446,0.4510003924369812,7.190460681915283,215.0,13.75780200958252,21.501306533813477,83,,,,,,,,,,,,
,,137409,3.0,0.5062479376792908,0.8289999961853027,0.5196948051452637,0.6098225116729736,0.5032303929328918,19.104082107543945,232.0,0.1283641755580902,19.73869514465332,83,,,,,,,,,,,,
,,137419,3.0,0.3838110864162445,0.847266674041748,0.5042070150375366,0.588284969329834,0.471330463886261,5.654213905334473,43.0,0.2191011756658554,6.2571258544921875,83,,,,,,,,,,,,
,,137429,3.0,0.5305666923522949,0.8238666653633118,0.5056257247924805,0.532579243183136,0.48064619302749634,10.037202835083008,211.0,0.7310783267021179,11.298848152160645,83,,,,,,,,,,,,
,,137439,3.0,0.3776935338973999,0.8775333166122437,0.49668002128601074,0.4771111309528351,0.4748605191707611,9.01557445526123,158.0,32.007347106933594,41.40061569213867,83,,,,,,,,,,,,
,,137449,3.0,0.370793879032135,0.8373333215713501,0.5008261203765869,0.5076208710670471,0.4699482321739197,5.571195125579834,106.0,2.898543119430542,8.840532302856445,83,,,,,,,,,,,,
,,137459,3.0,0.2850208282470703,0.8943333625793457,0.5103188157081604,0.5831283926963806,0.4988868534564972,14.857786178588867,114.0,1.5037962198257446,16.646602630615234,83,,,,,,,,,,,,
,,137469,3.0,0.45553353428840637,0.8598666787147522,0.5072504281997681,0.5583004951477051,0.48661503195762634,8.1410551071167,137.0,0.09887728095054626,8.695466041564941,83,,,,,,,,,,,,
,,137479,3.0,0.4930516481399536,0.8098666667938232,0.494147926568985,0.43099457025527954,0.45023155212402344,10.421591758728027,130.0,0.14213110506534576,11.056774139404297,83,,,,,,,,,,,,
,,137489,3.0,0.5496189594268799,0.8138666749000549,0.4974866211414337,0.4864591360092163,0.467763215303421,13.23299503326416,281.0,1.3722180128097534,15.154831886291504,83,,,,,,,,,,,,
,,137499,3.0,0.7226064205169678,0.7949333190917969,0.4940949082374573,0.4685499668121338,0.45930665731430054,6.06568717956543,270.0,2.157224178314209,8.945518493652344,83,,,,,,,,,,,,
,,137509,3.0,0.3556269109249115,0.8695999979972839,0.5178598761558533,0.6219264268875122,0.5070357918739319,9.2550687789917,125.0,1.5072524547576904,11.117948532104492,83,,,,,,,,,,,,
,,137519,3.0,0.3884618282318115,0.8729333281517029,0.5103050470352173,0.560001790523529,0.49738797545433044,12.567506790161133,161.0,13.370665550231934,26.32663345336914,83,,,,,,,,,,,,
,,137529,3.0,0.8185195922851562,0.7631999850273132,0.4828442633152008,0.4139949381351471,0.43831560015678406,14.665474891662598,252.0,1.2136094570159912,16.697603225708008,83,,,,,,,,,,,,
,,137539,3.0,0.3645218014717102,0.846666693687439,0.5021619200706482,0.6404141783714294,0.46403375267982483,3.487036943435669,14.0,0.09012207388877869,3.941680669784546,83,,,,,,,,,,,,
,,137549,3.0,0.3600858449935913,0.8704000115394592,0.5030127167701721,0.5162313580513,0.4864307641983032,14.857828140258789,219.0,0.0034648734144866467,15.221378326416016,83,,,,,,,,,,,,
,,137559,3.0,0.6534525156021118,0.8166666626930237,0.5151759386062622,0.5575847029685974,0.5004822015762329,12.010141372680664,277.0,7.874825954437256,20.538419723510742,83,,,,,,,,,,,,
,,137569,3.0,0.5939890742301941,0.8494666814804077,0.4975138306617737,0.4934229850769043,0.48633140325546265,11.490274429321289,317.0,16.652860641479492,28.737125396728516,83,,,,,,,,,,,,
,,137579,3.0,0.359506756067276,0.8835999965667725,0.5060065388679504,0.5250071287155151,0.4960775673389435,13.74275016784668,231.0,3.4029767513275146,17.505233764648438,83,,,,,,,,,,,,
,,137589,3.0,0.27524012327194214,0.9036666750907898,0.5021544694900513,0.515479326248169,0.48813048005104065,7.734201431274414,106.0,3.170606851577759,11.180047988891602,83,,,,,,,,,,,,
,,137599,3.0,0.33746543526649475,0.873533308506012,0.5093041658401489,0.5479024052619934,0.49723902344703674,8.40615177154541,212.0,2.347824811935425,11.091442108154297,83,,,,,,,,,,,,
,,137609,3.0,0.491572767496109,0.8355333209037781,0.49676841497421265,0.4799705445766449,0.4685005247592926,14.380803108215332,162.0,0.4845716655254364,15.35694694519043,83,,,,,,,,,,,,
,,137619,3.0,0.38312339782714844,0.8965333104133606,0.5128023624420166,0.5360277891159058,0.5112414360046387,10.618083000183105,325.0,1.0479952096939087,12.049201965332031,83,,,,,,,,,,,,
,,137629,3.0,0.5659597516059875,0.7965333461761475,0.4984431564807892,0.47675204277038574,0.4510132968425751,11.86716079711914,108.0,0.1397605985403061,12.572881698608398,83,,,,,,,,,,,,
,,137639,3.0,0.5456624627113342,0.8135333061218262,0.49292927980422974,0.44706985354423523,0.4552202522754669,13.512240409851074,240.0,4.532431602478027,18.590335845947266,83,,,,,,,,,,,,
,,137649,3.0,0.49453920125961304,0.7955999970436096,0.4958687424659729,0.45045918226242065,0.4491237998008728,7.4596381187438965,122.0,0.2710312008857727,8.225208282470703,83,,,,,,,,,,,,
,,137659,3.0,0.5815601348876953,0.7918000221252441,0.49620532989501953,0.4658033549785614,0.4524095952510834,13.329926490783691,168.0,3.7454288005828857,17.65691566467285,83,,,,,,,,,,,,
,,137669,3.0,0.26268869638442993,0.9079333543777466,0.5010207891464233,0.5055705904960632,0.48923030495643616,9.840928077697754,97.0,9.770439147949219,19.874055862426758,83,,,,,,,,,,,,
,,137679,3.0,0.46280863881111145,0.8445333242416382,0.5117910504341125,0.5901117324829102,0.4908296763896942,8.901336669921875,166.0,5.363640785217285,14.72778606414795,83,,,,,,,,,,,,
,,137689,3.0,0.9094560742378235,0.7694666385650635,0.4883008897304535,0.45169270038604736,0.4523894786834717,9.713525772094727,228.0,2.121485948562622,12.744467735290527,83,,,,,,,,,,,,
,,137699,3.0,0.534509003162384,0.8278666734695435,0.49028879404067993,0.44112536311149597,0.4574776589870453,9.475761413574219,279.0,5.423335075378418,15.433605194091797,83,,,,,,,,,,,,
,,137709,3.0,0.514807403087616,0.8733333349227905,0.5082855224609375,0.5358844995498657,0.4975956380367279,14.11365032196045,172.0,2.8325750827789307,17.46103286743164,83,,,,,,,,,,,,
,,137719,3.0,0.3779768943786621,0.8368666768074036,0.5019579529762268,0.545164942741394,0.4643554389476776,4.19767427444458,55.0,0.23984768986701965,4.8154988288879395,83,,,,,,,,,,,,
,,137729,3.0,0.41353440284729004,0.8930000066757202,0.491512656211853,0.48436814546585083,0.4862091839313507,13.872746467590332,376.0,1.8058788776397705,16.092159271240234,83,,,,,,,,,,,,
,,137739,3.0,0.29099300503730774,0.8733333349227905,0.5005548596382141,0.5156466960906982,0.47086286544799805,4.0221428871154785,49.0,1.430219292640686,5.7433552742004395,83,,,,,,,,,,,,
,,137749,3.0,0.32059141993522644,0.8751333355903625,0.5061310529708862,0.5910376906394958,0.48364537954330444,7.621675968170166,72.0,0.43970346450805664,8.38197135925293,83,,,,,,,,,,,,
,,137759,3.0,0.500676691532135,0.8558666706085205,0.5028159618377686,0.5167381763458252,0.482291579246521,10.847868919372559,166.0,8.157288551330566,19.505834579467773,83,,,,,,,,,,,,
,,137769,3.0,0.7696675658226013,0.800000011920929,0.4830687940120697,0.4526771903038025,0.46036696434020996,11.402475357055664,355.0,4.448814392089844,16.620956420898438,83,,,,,,,,,,,,
,,137779,3.0,0.5603671073913574,0.8546000123023987,0.5137118101119995,0.5297458171844482,0.5114973783493042,12.97441291809082,302.0,2.6012306213378906,16.136011123657227,83,,,,,,,,,,,,
,,137789,3.0,0.8084942102432251,0.7580666542053223,0.48554500937461853,0.44920623302459717,0.4513915479183197,13.833268165588379,330.0,2.9942328929901123,17.635995864868164,83,,,,,,,,,,,,
,,137799,3.0,0.64359450340271,0.8303999900817871,0.5013400316238403,0.5034921765327454,0.4901087284088135,14.555902481079102,371.0,9.145853042602539,24.34535026550293,83,,,,,,,,,,,,
,,137809,3.0,0.47625622153282166,0.8235333561897278,0.4977068305015564,0.4735206663608551,0.45934927463531494,6.729467391967773,82.0,0.7502123117446899,7.955935955047607,83,,,,,,,,,,,,
,,137819,3.0,0.5650965571403503,0.83160001039505,0.5178835988044739,0.5866854786872864,0.5031313896179199,11.450093269348145,168.0,9.641763687133789,21.656953811645508,83,,,,,,,,,,,,
,,137829,3.0,0.43297189474105835,0.8528000116348267,0.4973032772541046,0.453047513961792,0.46251630783081055,5.56959867477417,79.0,0.14570146799087524,6.1482720375061035,83,,,,,,,,,,,,
,,137839,3.0,0.4206317663192749,0.8424666523933411,0.4984896779060364,0.4735538363456726,0.46182742714881897,18.83603858947754,81.0,0.040277544409036636,19.296947479248047,83,,,,,,,,,,,,
,,137849,3.0,0.4740923047065735,0.837066650390625,0.5058516263961792,0.5474282503128052,0.4792291522026062,8.855393409729004,134.0,1.5371787548065186,10.86666488647461,83,,,,,,,,,,,,
,,137859,3.0,0.46231862902641296,0.8350666761398315,0.5032202005386353,0.5416887998580933,0.4698382019996643,10.958415031433105,111.0,0.7538957595825195,12.174629211425781,83,,,,,,,,,,,,
,,137869,3.0,0.4002818763256073,0.8537333607673645,0.4970739483833313,0.473156601190567,0.4676904082298279,5.170940399169922,119.0,5.536499977111816,11.107722282409668,83,,,,,,,,,,,,
,,137879,3.0,0.4362119734287262,0.8712000250816345,0.49984535574913025,0.49922189116477966,0.48249998688697815,12.65352725982666,194.0,0.609013020992279,13.698751449584961,83,,,,,,,,,,,,
,,137889,3.0,0.5052230954170227,0.8276000022888184,0.5027679800987244,0.5159093737602234,0.47723498940467834,9.892409324645996,199.0,1.0585441589355469,11.4561767578125,83,,,,,,,,,,,,
,,137899,3.0,0.5733104944229126,0.8353333473205566,0.5045319199562073,0.5166487097740173,0.4888068437576294,10.18765640258789,305.0,12.656675338745117,23.41764259338379,83,,,,,,,,,,,,
,,137909,3.0,0.5019505620002747,0.8648666739463806,0.5059484243392944,0.5293038487434387,0.49112096428871155,15.925034523010254,258.0,0.12477273494005203,16.5517578125,83,,,,,,,,,,,,
,,137919,3.0,0.543539822101593,0.8248666524887085,0.4947316646575928,0.4628179371356964,0.46126577258110046,11.403724670410156,189.0,0.08374961465597153,12.031014442443848,83,,,,,,,,,,,,
,,137929,3.0,0.400998055934906,0.8404666781425476,0.4985058605670929,0.45775046944618225,0.45872458815574646,4.571495056152344,31.0,0.300908625125885,5.273401737213135,83,,,,,,,,,,,,
,,137939,3.0,0.5226441025733948,0.8420666456222534,0.49627313017845154,0.483228474855423,0.47412264347076416,7.324361324310303,289.0,2.03728985786438,9.884295463562012,83,,,,,,,,,,,,
,,137949,3.0,0.5326432585716248,0.8461999893188477,0.4926084876060486,0.4643167555332184,0.46805232763290405,14.098401069641113,322.0,0.04500431567430496,14.676048278808594,83,,,,,,,,,,,,
,,137959,3.0,0.36884185671806335,0.880466639995575,0.4979769289493561,0.4853060841560364,0.4769481420516968,7.153270244598389,129.0,0.24273432791233063,7.764846324920654,83,,,,,,,,,,,,
,,137969,3.0,0.23594285547733307,0.9233999848365784,0.5142452120780945,0.5401372313499451,0.515596330165863,11.621866226196289,180.0,12.071304321289062,23.929113388061523,83,,,,,,,,,,,,
,,137979,3.0,0.5079972147941589,0.8285999894142151,0.5074112415313721,0.530591607093811,0.48986929655075073,13.719884872436523,216.0,2.4834482669830322,16.71133041381836,83,,,,,,,,,,,,
,,137989,3.0,0.6031756401062012,0.8521333336830139,0.5012431144714355,0.5037556886672974,0.4895660877227783,13.044150352478027,314.0,1.6496158838272095,15.296941757202148,83,,,,,,,,,,,,
,,137999,3.0,0.5025511980056763,0.8261333107948303,0.4999442398548126,0.49947354197502136,0.46570223569869995,6.117806911468506,98.0,0.8806178569793701,7.500975608825684,83,,,,,,,,,,,,
,,138009,3.0,0.48765861988067627,0.8435999751091003,0.5041190385818481,0.5248711705207825,0.48172903060913086,10.937532424926758,235.0,0.276260644197464,11.701451301574707,83,,,,,,,,,,,,
,,138019,3.0,0.28224921226501465,0.8931333422660828,0.5228041410446167,0.6397059559822083,0.520560085773468,15.349639892578125,186.0,0.24690546095371246,15.87879467010498,83,,,,,,,,,,,,
,,138029,3.0,0.4660203456878662,0.8544666767120361,0.5042590498924255,0.5205841660499573,0.4870527386665344,16.107040405273438,206.0,0.6086499094963074,17.181711196899414,83,,,,,,,,,,,,
,,138039,3.0,0.34799081087112427,0.86080002784729,0.4973885416984558,0.4625905156135559,0.46590813994407654,7.618772983551025,62.0,0.4531641900539398,8.419928550720215,83,,,,,,,,,,,,
,,138049,3.0,0.5085749626159668,0.810533344745636,0.5057632923126221,0.5352783203125,0.47710907459259033,14.761812210083008,231.0,0.604515790939331,15.874903678894043,83,,,,,,,,,,,,
,,138059,3.0,0.4395884573459625,0.8820666670799255,0.4945962131023407,0.4862968921661377,0.48553088307380676,10.294458389282227,377.0,0.98538738489151,11.71943473815918,83,,,,,,,,,,,,
,,138069,3.0,0.44104307889938354,0.871666669845581,0.5007635354995728,0.5032813549041748,0.48604491353034973,8.73276138305664,231.0,1.7275315523147583,10.901335716247559,83,,,,,,,,,,,,
,,138079,3.0,0.566712498664856,0.8097333312034607,0.4915730655193329,0.46146729588508606,0.46156466007232666,10.962345123291016,320.0,0.47966209053993225,12.008719444274902,83,,,,,,,,,,,,
,,138089,3.0,0.3654558062553406,0.8872666954994202,0.5028751492500305,0.5116731524467468,0.49209702014923096,9.865005493164062,282.0,1.010797381401062,11.24125862121582,83,,,,,,,,,,,,
,,138099,3.0,0.4039138853549957,0.8731333613395691,0.5037563443183899,0.5338868498802185,0.4828152358531952,11.104092597961426,89.0,2.434461832046509,13.94246768951416,83,,,,,,,,,,,,
,,138109,3.0,0.45975255966186523,0.8360666632652283,0.50071120262146,0.5097307562828064,0.4656274616718292,6.373978614807129,80.0,1.0298618078231812,7.863593101501465,83,,,,,,,,,,,,
,,138119,3.0,0.47179949283599854,0.817466676235199,0.4943980276584625,0.44270259141921997,0.45408400893211365,13.789063453674316,105.0,8.015032768249512,22.275896072387695,83,,,,,,,,,,,,
,,138129,3.0,0.68595290184021,0.772599995136261,0.4936465620994568,0.44239577651023865,0.4437977075576782,12.886528968811035,107.0,2.559675693511963,16.132158279418945,83,,,,,,,,,,,,
,,138139,3.0,0.34389010071754456,0.8718666434288025,0.5108945965766907,0.5602116584777832,0.49864909052848816,13.57435131072998,180.0,0.1836427003145218,14.101883888244629,83,,,,,,,,,,,,
,,138149,3.0,0.5040665864944458,0.8566666841506958,0.5110081434249878,0.5465667843818665,0.4993823170661926,8.414582252502441,274.0,1.087190866470337,10.005839347839355,83,,,,,,,,,,,,
,,138159,3.0,0.4284292757511139,0.8976666927337646,0.5131950974464417,0.5621336102485657,0.5080569386482239,8.229270935058594,128.0,0.4519965350627899,9.109697341918945,83,,,,,,,,,,,,
,,138169,3.0,0.6487762331962585,0.8342666625976562,0.4997619092464447,0.4986317455768585,0.47399309277534485,8.995598793029785,254.0,0.579318642616272,10.22369384765625,83,,,,,,,,,,,,
,,138179,3.0,0.6538820266723633,0.8262666463851929,0.5041288137435913,0.5147689580917358,0.4873952269554138,8.71929931640625,231.0,6.49182653427124,15.865007400512695,83,,,,,,,,,,,,
,,138189,3.0,0.3031848669052124,0.8607333302497864,0.4989878833293915,0.48245346546173096,0.4672922194004059,6.608414173126221,59.0,0.010364553891122341,6.921963691711426,83,,,,,,,,,,,,
,,138199,3.0,0.34686726331710815,0.8827333450317383,0.49762001633644104,0.48341330885887146,0.47720879316329956,11.133323669433594,140.0,0.40288597345352173,11.883077621459961,83,,,,,,,,,,,,
,,138209,3.0,0.6087454557418823,0.809333324432373,0.494092732667923,0.47229719161987305,0.4646514058113098,9.8890962600708,330.0,1.655364751815796,12.153206825256348,83,,,,,,,,,,,,
,,138219,3.0,0.24404817819595337,0.9017999768257141,0.49906685948371887,0.4914538860321045,0.48086217045783997,9.128531455993652,69.0,1.099234700202942,10.471814155578613,83,,,,,,,,,,,,
,,138229,3.0,0.4258533716201782,0.8473333120346069,0.5060315132141113,0.5388449430465698,0.4845665991306305,10.17249584197998,169.0,1.1065548658370972,11.704904556274414,83,,,,,,,,,,,,
,,138239,3.0,0.641610860824585,0.7824000120162964,0.4907210171222687,0.4418089985847473,0.44842761754989624,11.030231475830078,256.0,8.578756332397461,20.250598907470703,83,,,,,,,,,,,,
,,138249,3.0,0.5853530168533325,0.7884666919708252,0.48823246359825134,0.427480012178421,0.4463915526866913,15.105066299438477,286.0,0.4320777356624603,16.12249755859375,83,,,,,,,,,,,,
,,138259,3.0,0.5159227252006531,0.8317333459854126,0.4982052445411682,0.491828978061676,0.47512534260749817,14.953215599060059,351.0,0.05707675218582153,15.526214599609375,83,,,,,,,,,,,,
,,138269,3.0,0.4360518753528595,0.8271333575248718,0.5207537412643433,0.636143684387207,0.5021748542785645,10.978411674499512,191.0,1.0508538484573364,12.465317726135254,83,,,,,,,,,,,,
,,138279,3.0,0.6410970091819763,0.8547999858856201,0.5115152597427368,0.5365126729011536,0.5037710666656494,10.055598258972168,336.0,6.17661714553833,16.87331199645996,83,,,,,,,,,,,,
,,138289,3.0,0.4528728127479553,0.8658000230789185,0.5072475671768188,0.5298932194709778,0.49550387263298035,14.7571439743042,223.0,0.38275909423828125,15.59277629852295,83,,,,,,,,,,,,
,,138299,3.0,0.35872286558151245,0.8736666440963745,0.5015122890472412,0.507608950138092,0.4854752719402313,8.421343803405762,192.0,1.4816334247589111,10.261699676513672,83,,,,,,,,,,,,
,,138309,3.0,0.47677040100097656,0.8390666842460632,0.5046930313110352,0.543570339679718,0.47635379433631897,11.62498664855957,152.0,7.136049270629883,19.23780632019043,83,,,,,,,,,,,,
,,138319,3.0,0.36610904335975647,0.9079999923706055,0.4917369782924652,0.48206305503845215,0.4851151406764984,11.666399955749512,224.0,9.064931869506836,21.097440719604492,83,,,,,,,,,,,,
,,138329,3.0,0.4291170537471771,0.8511333465576172,0.504747211933136,0.5187166929244995,0.4902630150318146,16.52751350402832,319.0,1.2391153573989868,18.19574546813965,83,,,,,,,,,,,,
,,138339,3.0,0.7136088609695435,0.7534666657447815,0.49994516372680664,0.4996574819087982,0.45505452156066895,10.985633850097656,244.0,1.0247875452041626,12.724030494689941,83,,,,,,,,,,,,
,,138349,3.0,0.4670502841472626,0.8613333106040955,0.5242519378662109,0.6187272071838379,0.5183329582214355,15.739585876464844,179.0,0.07487522065639496,16.281511306762695,83,,,,,,,,,,,,
,,138359,3.0,0.6662225127220154,0.8306666612625122,0.48879483342170715,0.4711758494377136,0.47324225306510925,12.406946182250977,258.0,7.028435230255127,20.101604461669922,83,,,,,,,,,,,,
,,138369,3.0,0.4834368824958801,0.8479999899864197,0.49902093410491943,0.48271816968917847,0.4640471637248993,7.02070426940918,75.0,0.9589049816131592,8.463046073913574,83,,,,,,,,,,,,
,,138379,3.0,0.6242717504501343,0.782800018787384,0.48675549030303955,0.44611436128616333,0.45289120078086853,10.89213752746582,376.0,1.0116711854934692,12.528079986572266,83,,,,,,,,,,,,
,,138389,3.0,0.4718082547187805,0.8452666401863098,0.5101313591003418,0.5351465940475464,0.49923795461654663,10.541803359985352,386.0,2.1517367362976074,13.165348052978516,83,,,,,,,,,,,,
,,138399,3.0,0.5139306783676147,0.8288666605949402,0.49340054392814636,0.44050076603889465,0.45666420459747314,7.395201683044434,121.0,0.3971267640590668,8.306259155273438,83,,,,,,,,,,,,
,,138409,3.0,0.45938757061958313,0.8729333281517029,0.5235092639923096,0.573011040687561,0.5233433842658997,13.425156593322754,283.0,6.250304698944092,20.134849548339844,83,,,,,,,,,,,,
,,138419,3.0,0.6999165415763855,0.7762666940689087,0.49220386147499084,0.4531285762786865,0.45014432072639465,13.36489200592041,276.0,3.5529398918151855,17.617748260498047,83,,,,,,,,,,,,
,,138429,3.0,0.6311751008033752,0.7806666493415833,0.5092455744743347,0.5643913149833679,0.4728834331035614,11.170833587646484,195.0,5.987515449523926,17.78952407836914,83,,,,,,,,,,,,
,,138439,3.0,0.7375220060348511,0.7628666758537292,0.49374592304229736,0.4665398597717285,0.45208248496055603,11.45833683013916,237.0,2.7466063499450684,14.942464828491211,83,,,,,,,,,,,,
,,138449,3.0,0.49758943915367126,0.8398000001907349,0.5017486810684204,0.5185568332672119,0.4705047905445099,9.22636890411377,126.0,7.762938022613525,17.486896514892578,83,,,,,,,,,,,,
,,138459,3.0,0.39990437030792236,0.8600000143051147,0.5035120248794556,0.5297620296478271,0.48016640543937683,14.262943267822266,89.0,1.9382818937301636,16.60112953186035,83,,,,,,,,,,,,
,,138469,3.0,0.5492686629295349,0.8215333223342896,0.5062535405158997,0.5325936079025269,0.48283642530441284,10.7818603515625,199.0,6.819149017333984,18.150278091430664,83,,,,,,,,,,,,
,,138479,3.0,0.6506770849227905,0.7925333380699158,0.501857340335846,0.5085033774375916,0.4732822775840759,19.14959144592285,202.0,5.290818214416504,25.091087341308594,83,,,,,,,,,,,,
,,138489,3.0,0.36167100071907043,0.8766000270843506,0.500841498374939,0.5087205767631531,0.47765102982521057,8.9099702835083,71.0,0.6136929392814636,9.885334968566895,83,,,,,,,,,,,,
,,138499,3.0,0.3773609697818756,0.871066689491272,0.5056636929512024,0.524622917175293,0.4932370185852051,18.301979064941406,250.0,0.33433085680007935,19.013671875,83,,,,,,,,,,,,
,,138509,3.0,0.47127795219421387,0.8295999765396118,0.5056483149528503,0.5476299524307251,0.4767075777053833,6.501489162445068,136.0,0.9888639450073242,7.961630821228027,83,,,,,,,,,,,,
,,138519,3.0,0.5500842928886414,0.8135333061218262,0.4979747533798218,0.48311278223991394,0.46133750677108765,5.736508369445801,123.0,0.7376670837402344,7.024259567260742,83,,,,,,,,,,,,
,,138529,3.0,0.4215412139892578,0.8456000089645386,0.496180921792984,0.45303139090538025,0.4615771472454071,11.592634201049805,106.0,0.03918971121311188,12.053364753723145,83,,,,,,,,,,,,
,,138539,3.0,0.3880307078361511,0.8697999715805054,0.52410888671875,0.576808512210846,0.5236014723777771,13.23212718963623,236.0,4.050510883331299,17.670669555664062,83,,,,,,,,,,,,
,,138549,3.0,0.43991637229919434,0.8601333498954773,0.5058972239494324,0.5471370220184326,0.48458489775657654,13.164108276367188,181.0,0.1366117000579834,13.740636825561523,83,,,,,,,,,,,,
,,138559,3.0,0.437118262052536,0.8584666848182678,0.5296372175216675,0.5674933791160583,0.5325461626052856,10.103982925415039,367.0,8.892237663269043,19.433338165283203,83,,,,,,,,,,,,
,,138569,3.0,0.28923290967941284,0.9259333610534668,0.5464346408843994,0.5740448832511902,0.5556207299232483,19.581418991088867,256.0,3.01619815826416,22.88684844970703,83,,,,,,,,,,,,
,,138579,3.0,0.46575847268104553,0.8274666666984558,0.5111364722251892,0.5885549187660217,0.48533087968826294,6.766873359680176,182.0,6.008901596069336,13.241533279418945,83,,,,,,,,,,,,
,,138589,3.0,0.3243587911128998,0.884066641330719,0.5090388655662537,0.6241656541824341,0.49113595485687256,5.582337856292725,56.0,1.4214591979980469,7.328155994415283,83,,,,,,,,,,,,
,,138599,3.0,0.4316723644733429,0.8731333613395691,0.5059606432914734,0.5274045467376709,0.49332448840141296,15.101757049560547,259.0,0.05497310683131218,15.588401794433594,83,,,,,,,,,,,,
,,138609,3.0,0.46960851550102234,0.8615333437919617,0.5005130767822266,0.5022510290145874,0.48389342427253723,13.611571311950684,184.0,4.655079364776611,18.73625946044922,83,,,,,,,,,,,,
,,138619,3.0,0.33458951115608215,0.8944666385650635,0.5281293988227844,0.5892863869667053,0.5324535369873047,9.52490234375,199.0,10.934873580932617,20.79436492919922,83,,,,,,,,,,,,
,,138629,3.0,0.40421295166015625,0.8682000041007996,0.497853547334671,0.48395609855651855,0.4741067886352539,13.031208992004395,151.0,0.09390140324831009,13.52932357788086,83,,,,,,,,,,,,
,,138639,3.0,0.4563201367855072,0.8499333262443542,0.4970722794532776,0.48450711369514465,0.47400182485580444,9.652434349060059,233.0,0.8317831754684448,10.940537452697754,83,,,,,,,,,,,,
,,138649,3.0,0.607246994972229,0.8252666592597961,0.4994347095489502,0.4954780340194702,0.4668039083480835,10.38176441192627,145.0,0.9282339811325073,11.917245864868164,83,,,,,,,,,,,,
,,138659,3.0,0.3092082440853119,0.8955333232879639,0.5064980387687683,0.5592594742774963,0.4920016825199127,7.738838195800781,98.0,1.524134874343872,9.57218074798584,83,,,,,,,,,,,,
,,138669,3.0,0.33641088008880615,0.8668000102043152,0.5029999613761902,0.5300489068031311,0.4792933464050293,11.608534812927246,124.0,0.2803971469402313,12.225342750549316,83,,,,,,,,,,,,
,,138679,3.0,0.4001877009868622,0.864466667175293,0.5011963248252869,0.5088437795639038,0.47883012890815735,17.786441802978516,133.0,0.797387421131134,18.984018325805664,83,,,,,,,,,,,,
6.395177052675795e-06,6.395177052675794e-05,138683,,,,,,,,,,,,,,,,,,,,,,,
,,138689,3.0,0.43738558888435364,0.8357333540916443,0.5031722784042358,0.588019847869873,0.4651215076446533,4.428173065185547,54.0,0.7163682579994202,5.5819268226623535,84,,,,,,,,,,,,
,,138699,3.0,0.41576245427131653,0.8637333512306213,0.49944114685058594,0.4871021807193756,0.46730509400367737,5.004232406616211,54.0,0.18775911629199982,5.607753753662109,84,,,,,,,,,,,,
,,138709,3.0,0.609296441078186,0.7951333522796631,0.49102967977523804,0.43852582573890686,0.4499029815196991,10.517204284667969,246.0,6.851778984069824,17.97827911376953,84,,,,,,,,,,,,
,,138719,3.0,0.5738081932067871,0.8255333304405212,0.49180397391319275,0.46834883093833923,0.4679725766181946,11.577133178710938,307.0,0.6439188122749329,12.79486083984375,84,,,,,,,,,,,,
,,138729,3.0,0.3933789134025574,0.8790666460990906,0.5009443163871765,0.5052609443664551,0.4842744767665863,12.219514846801758,165.0,10.500187873840332,23.113082885742188,84,,,,,,,,,,,,
,,138739,3.0,0.5966184735298157,0.8309333324432373,0.4984254837036133,0.49481359124183655,0.48149949312210083,12.253081321716309,314.0,3.0277717113494873,15.877471923828125,84,,,,,,,,,,,,
,,138749,3.0,0.44229888916015625,0.8307333588600159,0.5064799189567566,0.5827724933624268,0.47398874163627625,12.213865280151367,85.0,0.09934669733047485,12.755511283874512,84,,,,,,,,,,,,
,,138759,3.0,0.4537036716938019,0.853866696357727,0.5034410357475281,0.524610161781311,0.4805961549282074,7.819577693939209,157.0,0.3682519197463989,8.641532897949219,84,,,,,,,,,,,,
,,138769,3.0,0.5491726398468018,0.829800009727478,0.49653035402297974,0.48551931977272034,0.47395843267440796,11.088683128356934,372.0,0.619243323802948,12.257099151611328,84,,,,,,,,,,,,
,,138779,3.0,0.6253913044929504,0.8332666754722595,0.4950175881385803,0.48568829894065857,0.47972989082336426,10.145194053649902,261.0,11.39155101776123,22.16213607788086,84,,,,,,,,,,,,
,,138789,3.0,0.5241873264312744,0.8161333203315735,0.4930252730846405,0.44194263219833374,0.4543526768684387,9.081769943237305,114.0,1.6198183298110962,11.225775718688965,84,,,,,,,,,,,,
,,138799,3.0,0.5821201801300049,0.826533317565918,0.509402334690094,0.5324860215187073,0.4955897927284241,9.653905868530273,299.0,33.52967071533203,43.76569747924805,84,,,,,,,,,,,,
,,138809,3.0,0.40739041566848755,0.8791333436965942,0.521445095539093,0.5502010583877563,0.5229991674423218,9.500006675720215,359.0,4.296830177307129,14.204227447509766,84,,,,,,,,,,,,
,,138819,3.0,0.3105226159095764,0.8681333065032959,0.5007767081260681,0.511381208896637,0.47311273217201233,5.044497966766357,66.0,1.2159515619277954,6.570971965789795,84,,,,,,,,,,,,
,,138829,3.0,0.6160597205162048,0.8020666837692261,0.49698880314826965,0.4863044321537018,0.4682183265686035,11.844718933105469,263.0,6.35298490524292,18.813762664794922,84,,,,,,,,,,,,
,,138839,3.0,0.5899912118911743,0.8011333346366882,0.4969233572483063,0.4795178771018982,0.4604969620704651,9.211213111877441,267.0,1.709273099899292,11.510478019714355,84,,,,,,,,,,,,
,,138849,3.0,0.23276890814304352,0.906000018119812,0.5000268220901489,0.5003232955932617,0.48162803053855896,6.69752836227417,58.0,0.6427311301231384,7.573028564453125,84,,,,,,,,,,,,
,,138859,3.0,0.30222848057746887,0.9190000295639038,0.4969125986099243,0.4751338064670563,0.48134785890579224,7.973670482635498,59.0,0.6106852889060974,8.886584281921387,84,,,,,,,,,,,,
,,138869,3.0,0.4533746540546417,0.8614000082015991,0.49028244614601135,0.45753175020217896,0.4684440493583679,13.60644245147705,296.0,0.03535216674208641,14.095169067382812,84,,,,,,,,,,,,
,,138879,3.0,0.4555533826351166,0.8325999975204468,0.5005753636360168,0.5073450207710266,0.465141624212265,5.810237407684326,94.0,0.0745641365647316,6.340354919433594,84,,,,,,,,,,,,
,,138889,3.0,1.0172632932662964,0.7345333099365234,0.48605331778526306,0.454850435256958,0.4509686231613159,10.806558609008789,339.0,5.510341644287109,17.334163665771484,84,,,,,,,,,,,,
,,138899,3.0,0.32575586438179016,0.8727999925613403,0.5115645527839661,0.5575951933860779,0.5009528994560242,7.938541889190674,244.0,1.4242185354232788,9.688515663146973,84,,,,,,,,,,,,
,,138909,3.0,0.35942932963371277,0.8661333322525024,0.5056625604629517,0.5751478672027588,0.48134779930114746,4.483388423919678,88.0,1.0201104879379272,5.86292839050293,84,,,,,,,,,,,,
,,138919,3.0,0.5551193952560425,0.8234000205993652,0.5133352875709534,0.5657268762588501,0.4945569634437561,10.921181678771973,231.0,1.6033527851104736,13.0796537399292,84,,,,,,,,,,,,
,,138929,3.0,0.5303195118904114,0.8323333263397217,0.5045248866081238,0.5318997502326965,0.4778916835784912,9.701066970825195,127.0,2.866152048110962,13.097537994384766,84,,,,,,,,,,,,
,,138939,3.0,0.6508080363273621,0.8555333614349365,0.5089465379714966,0.5154795050621033,0.5075978636741638,9.40182876586914,355.0,8.51494312286377,18.567581176757812,84,,,,,,,,,,,,
,,138949,3.0,0.43976089358329773,0.8590666651725769,0.5045611262321472,0.5285507440567017,0.48497098684310913,10.788857460021973,104.0,5.937432765960693,17.166051864624023,84,,,,,,,,,,,,
,,138959,3.0,0.34412604570388794,0.8865333199501038,0.5057147145271301,0.5387520790100098,0.49121853709220886,13.846476554870605,167.0,0.03184279054403305,14.222445487976074,84,,,,,,,,,,,,
,,138969,3.0,0.5064100623130798,0.8350666761398315,0.48779088258743286,0.4488999843597412,0.46178337931632996,19.445859909057617,298.0,0.3812503218650818,20.333520889282227,84,,,,,,,,,,,,
,,138979,3.0,0.4697642922401428,0.8568000197410583,0.5165715217590332,0.5884057283401489,0.5049070119857788,11.615687370300293,199.0,0.9912571907043457,13.076709747314453,84,,,,,,,,,,,,
,,138989,3.0,0.4430210590362549,0.8511999845504761,0.5184555053710938,0.5701030492782593,0.5108828544616699,16.399444580078125,307.0,0.9175032377243042,17.75996971130371,84,,,,,,,,,,,,
,,138999,3.0,0.4162185788154602,0.8669999837875366,0.503271222114563,0.5163147449493408,0.4872143864631653,7.979185581207275,217.0,1.7549854516983032,10.150389671325684,84,,,,,,,,,,,,
,,139009,3.0,0.2213166058063507,0.9100666642189026,0.4987247586250305,0.47849488258361816,0.47866714000701904,5.854413032531738,35.0,1.0827288627624512,7.158458709716797,84,,,,,,,,,,,,
,,139019,3.0,0.5005772709846497,0.8488666415214539,0.49760812520980835,0.4895547926425934,0.4776816666126251,13.048803329467773,338.0,0.07821387052536011,13.627593994140625,84,,,,,,,,,,,,
,,139029,3.0,0.5027099847793579,0.8425999879837036,0.5284184217453003,0.5659199357032776,0.5294052362442017,11.738746643066406,306.0,15.213257789611816,27.454715728759766,84,,,,,,,,,,,,
,,139039,3.0,0.5026176571846008,0.8751999735832214,0.5070194602012634,0.5253625512123108,0.49810534715652466,13.853338241577148,187.0,6.671330451965332,21.027286529541016,84,,,,,,,,,,,,
,,139049,3.0,0.6314179301261902,0.8412666916847229,0.5176160931587219,0.5531837940216064,0.5113850831985474,13.587332725524902,288.0,7.423739433288574,21.64249038696289,84,,,,,,,,,,,,
,,139059,3.0,0.502837061882019,0.8356666564941406,0.4971381723880768,0.47215086221694946,0.4631577134132385,10.418511390686035,70.0,1.4232443571090698,12.344593048095703,84,,,,,,,,,,,,
,,139069,3.0,0.7818958163261414,0.7910666465759277,0.48751863837242126,0.461947500705719,0.46303635835647583,10.950072288513184,360.0,6.951498031616211,18.6834659576416,84,,,,,,,,,,,,
,,139079,3.0,0.36023762822151184,0.8498666882514954,0.49579858779907227,0.46754318475723267,0.4668072760105133,6.772992134094238,160.0,3.2733166217803955,10.406546592712402,84,,,,,,,,,,,,
,,139089,3.0,0.5577912926673889,0.7929333448410034,0.4914315342903137,0.4349033534526825,0.4482163190841675,16.597381591796875,268.0,0.3637094795703888,17.518882751464844,84,,,,,,,,,,,,
,,139099,3.0,0.43906891345977783,0.8525333404541016,0.516269862651825,0.5953953862190247,0.5024985671043396,17.37978744506836,212.0,0.21309137344360352,18.03194808959961,84,,,,,,,,,,,,
,,139109,3.0,0.5872629284858704,0.8358666896820068,0.5126707553863525,0.584428608417511,0.49184751510620117,37.07136154174805,289.0,0.35257336497306824,38.01119613647461,84,,,,,,,,,,,,
,,139119,3.0,0.36085617542266846,0.8754666447639465,0.5334901809692383,0.5710185170173645,0.5391553640365601,12.204822540283203,280.0,9.218222618103027,21.78390121459961,84,,,,,,,,,,,,
,,139129,3.0,0.3024549186229706,0.8787999749183655,0.5036660432815552,0.5816649794578552,0.4784637987613678,6.510743618011475,45.0,0.4130447506904602,7.226243495941162,84,,,,,,,,,,,,
,,139139,3.0,0.5716844201087952,0.8433333039283752,0.4880748391151428,0.4477928876876831,0.46252238750457764,14.05264949798584,310.0,0.02822183072566986,14.652556419372559,84,,,,,,,,,,,,
,,139149,3.0,0.4676535725593567,0.8507333397865295,0.5103363990783691,0.5660200715065002,0.4920136034488678,9.519193649291992,181.0,0.5649963617324829,10.551843643188477,84,,,,,,,,,,,,
,,139159,3.0,0.5789830684661865,0.8276000022888184,0.5117908716201782,0.5403092503547668,0.4993203282356262,11.927231788635254,399.0,1.706827998161316,14.213043212890625,84,,,,,,,,,,,,
,,139169,3.0,0.46450015902519226,0.8544666767120361,0.5138956308364868,0.557590126991272,0.5035829544067383,14.004961967468262,249.0,22.89220428466797,37.36166763305664,84,,,,,,,,,,,,
,,139179,3.0,0.3163564205169678,0.8584666848182678,0.49972376227378845,0.492372065782547,0.46564021706581116,12.326017379760742,39.0,0.02012386918067932,12.662497520446777,84,,,,,,,,,,,,
,,139189,3.0,0.28857287764549255,0.8759333491325378,0.4976893961429596,0.43975499272346497,0.4669320285320282,5.587141036987305,40.0,0.07430723309516907,5.950021266937256,84,,,,,,,,,,,,
,,139199,3.0,0.2998088300228119,0.88673335313797,0.49902456998825073,0.49074071645736694,0.4774920344352722,9.180473327636719,93.0,4.604104995727539,14.084386825561523,84,,,,,,,,,,,,
,,139209,3.0,0.5026039481163025,0.8425999879837036,0.5130305886268616,0.5518268942832947,0.5009657740592957,17.25328826904297,219.0,2.850285530090332,20.606178283691406,84,,,,,,,,,,,,
,,139219,3.0,0.46136853098869324,0.8401333093643188,0.5027438998222351,0.5661778450012207,0.4662973880767822,12.221203804016113,63.0,0.1674201637506485,12.849992752075195,84,,,,,,,,,,,,
,,139229,3.0,0.5831407308578491,0.821066677570343,0.4923175573348999,0.46654176712036133,0.465546190738678,11.29790210723877,282.0,2.243969202041626,14.125011444091797,84,,,,,,,,,,,,
,,139239,3.0,0.33726972341537476,0.8899333477020264,0.515880823135376,0.5630226135253906,0.5123694539070129,16.70820426940918,186.0,0.9940140843391418,18.039487838745117,84,,,,,,,,,,,,
,,139249,3.0,0.4768628776073456,0.8612666726112366,0.5086581110954285,0.5224394798278809,0.5031023621559143,12.003211975097656,508.0,0.9797936081886292,13.459868431091309,84,,,,,,,,,,,,
,,139259,3.0,0.6491003632545471,0.8070666790008545,0.48862674832344055,0.45132455229759216,0.4582871198654175,10.472443580627441,271.0,11.084383964538574,22.205928802490234,84,,,,,,,,,,,,
,,139269,3.0,0.4029615819454193,0.8655999898910522,0.5154646635055542,0.5987735390663147,0.5030619502067566,16.26384925842285,235.0,0.054112326353788376,16.720922470092773,84,,,,,,,,,,,,
,,139279,3.0,0.44113385677337646,0.8351333141326904,0.5040536522865295,0.5536342263221741,0.4709932208061218,17.595083236694336,106.0,0.9197571873664856,18.955974578857422,84,,,,,,,,,,,,
,,139289,3.0,0.5029297471046448,0.8264666795730591,0.5058966875076294,0.5240960121154785,0.48749348521232605,9.92671012878418,323.0,0.7079893350601196,11.137629508972168,84,,,,,,,,,,,,
,,139299,3.0,0.3937810957431793,0.866266667842865,0.502524733543396,0.5163170099258423,0.48278480768203735,9.346345901489258,143.0,2.083486557006836,11.823613166809082,84,,,,,,,,,,,,
,,139309,3.0,0.3406285345554352,0.8815333247184753,0.4988340139389038,0.48273158073425293,0.47296252846717834,5.364276885986328,46.0,0.5108566880226135,6.215762138366699,84,,,,,,,,,,,,
,,139319,3.0,0.5239145755767822,0.840666651725769,0.5069373250007629,0.5363366603851318,0.4874741733074188,7.9160003662109375,258.0,8.780529975891113,17.220443725585938,84,,,,,,,,,,,,
,,139329,3.0,0.3668650984764099,0.8640666604042053,0.49851980805397034,0.4746644198894501,0.4674105942249298,6.2197160720825195,74.0,0.0072129592299461365,6.593794345855713,84,,,,,,,,,,,,
,,139339,3.0,0.7559539675712585,0.7999333143234253,0.4944319725036621,0.4795610010623932,0.4691046178340912,8.282588005065918,355.0,1.3736753463745117,10.412217140197754,84,,,,,,,,,,,,
,,139349,3.0,0.5874142646789551,0.798466682434082,0.4998929798603058,0.4986114799976349,0.4551409184932709,6.1523308753967285,100.0,0.37179574370384216,7.111540794372559,84,,,,,,,,,,,,
,,139359,3.0,0.5517364740371704,0.823199987411499,0.49716633558273315,0.48420450091362,0.46846240758895874,11.447362899780273,190.0,0.9921296834945679,12.991229057312012,84,,,,,,,,,,,,
,,139369,3.0,0.6042672991752625,0.7983999848365784,0.49522969126701355,0.47662046551704407,0.4633863866329193,10.112122535705566,305.0,7.420787811279297,18.137176513671875,84,,,,,,,,,,,,
,,139379,3.0,0.34227049350738525,0.8794000148773193,0.4969484508037567,0.4420872628688812,0.46791529655456543,8.080492973327637,72.0,0.012947079725563526,8.435710906982422,84,,,,,,,,,,,,
,,139389,3.0,0.6093105673789978,0.8453333377838135,0.505086362361908,0.5240007638931274,0.48709410429000854,10.968877792358398,195.0,5.518215179443359,17.096403121948242,84,,,,,,,,,,,,
