{"test/cls_loss": 0.03221812844276428, "test/cls_acc": 1.0, "test/cls_precision": 1.0, "test/cls_recall": 1.0, "test/cls_f1": 1.0, "test/mat_loss": 6.216014862060547, "test/n_critical_max": 430.1170654296875, "test/loss": 6.248232841491699, "test/mat_precision": 0.05555007979273796, "test/mat_recall": 0.0566786490380764, "test/mat_f1": 0.05592804402112961, "test/part_acc": 0.7650406360626221, "test/chamfer_distance": 0.08988728374242783, "test/trans_mse": 0.021515289321541786, "test/rot_mse": 2602.193115234375, "test/trans_rmse": 0.06623072922229767, "test/rot_rmse": 27.29578971862793, "test/trans_mae": 0.054674696177244186, "test/rot_mae": 23.84587860107422, "epoch": 0, "trainer/global_step": 0, "_timestamp": 1770827808.7341552, "_runtime": 608.0406920909882, "_step": 0, "_wandb": {"runtime": 606}}