{"test/cls_loss": 0.030815288424491882, "test/cls_acc": 1.0, "test/cls_precision": 1.0, "test/cls_recall": 1.0, "test/cls_f1": 1.0, "test/mat_loss": 8.06580924987793, "test/n_critical_max": 413.3138122558594, "test/loss": 8.096625328063965, "test/mat_precision": 0.06524772942066193, "test/mat_recall": 0.06711313873529434, "test/mat_f1": 0.06592801958322525, "test/part_acc": 0.7341463565826416, "test/chamfer_distance": 0.10698278248310089, "test/trans_mse": 0.025214236229658127, "test/rot_mse": 2629.7314453125, "test/trans_rmse": 0.07619966566562653, "test/rot_rmse": 28.2017879486084, "test/trans_mae": 0.06276272237300873, "test/rot_mae": 24.394697189331055, "epoch": 0, "trainer/global_step": 0, "_timestamp": 1770815902.456428, "_runtime": 613.118595123291, "_step": 0, "_wandb": {"runtime": 610}}