v -0.301684114845015 0.048562457397505 -0.483818297877253
v -0.299891474844618 -0.00260662965704961 -0.485765253504618
v -0.297758743784052 -0.0634832704091973 -0.488081576212529
v -0.296565137282412 0.0654932802240353 -0.484131880301032
v -0.29475896936891 0.00285668620778323 -0.498215808972277
v -0.294349114645416 0.000151656215605034 -0.499067904852316
v -0.294041818845878 0.00316397211856636 -0.498862352610063
v -0.293792312519828 0.00323937771250278 -0.499092571586749
v -0.293050347404568 -0.0120727826507566 -0.462219005849987
v -0.292058171228677 -0.0190408694112933 -0.459736856184341
v -0.291661554547348 -0.012942730915146 -0.459959748548932
v -0.291245909927993 0.0640940687737024 -0.49137609690519
v -0.289615563876467 -0.0130393933249994 -0.459471449030538
v -0.286957576179506 -0.101484240279912 -0.477995892863059
v -0.286630604878323 0.0644101120011619 -0.462787063487148
v -0.28574944919949 0.0713117508406494 -0.465420017783892
v -0.284544062437192 -0.108180314453181 -0.479315809354358
v -0.28449477217202 0.105415551934803 -0.484871296385773
v -0.283688174855875 0.072235391053346 -0.462568970409375
v -0.283068827497841 0.062705988385132 -0.49956762968204
v -0.281483538606248 0.104724432553244 -0.478166854575408
v -0.279728040217506 0.0812321761060494 -0.499715628960158
v -0.279406533911425 0.103765525331604 -0.491914428930113
v -0.279129813896541 0.123159946576699 -0.485199947292898
v -0.278883185514836 0.0630397194977052 -0.499729785785279
v -0.276277563314366 -0.131114963761056 -0.48383664067437
v -0.276091473181177 0.0733850564004771 -0.460763548062519
v -0.276086093519844 0.00280927444287976 -0.499776655314556
v -0.27473542134865 0.103098521258131 -0.466080811341298
v -0.274218125375775 -0.134202785476837 -0.485657547917379
v -0.274004284136614 -0.13571491407491 -0.4840532534948
v -0.273962240400079 -0.135801937708564 -0.484054326668593
v -0.273908115690971 -0.135137760635871 -0.485807279415793
v -0.273605234588821 -0.108103184593518 -0.467000169858646
v -0.273491407213241 -0.109679003834043 -0.493075605739907
v -0.273441392422421 -0.0967663328133266 -0.459998497554541
v -0.273105502236126 -0.138350675585066 -0.484541471127017
v -0.273001310189032 -0.138240122322207 -0.48547833341263
v -0.272654625691872 -0.1396059684522 -0.484977394283906
v -0.272510566137372 -0.109277585980968 -0.49443805442
v -0.272199083206622 -0.0129863121660028 -0.457414179440616
v -0.271634026301158 -0.0930581444605597 -0.499851256470049
v -0.271608750193097 0.104360154617786 -0.461673642778016
v -0.271276996173739 0.101219558481864 -0.499726911040311
v -0.270301459182707 0.0742475283992322 -0.459440668719847
v -0.268053237781968 0.0640104360503846 -0.499735476588571
v -0.268052794706711 -0.108031180743696 -0.460202846092039
v -0.265523402523311 -0.106635036897716 -0.499820158316105
v -0.264793099264611 0.0993525969111251 -0.499723582535602
v -0.264114261549859 -0.108201996687413 -0.459069117306905
v -0.263370876960451 0.0720235919636068 -0.457688150081512
v -0.263260785198556 -0.105865024028132 -0.499855403443811
v -0.260780501831793 0.133157463110121 -0.460871052404075
v -0.260436864728509 -0.0139544333784754 -0.456020930395227
v -0.256916350777271 -0.165387705800451 -0.483951781078687
v -0.256608804740603 0.00206269716287074 -0.499788760914002
v -0.255318650288146 0.071227980449897 -0.455744838524972
v -0.254533242450523 0.0963982102606429 -0.49972524986761
v -0.253811002759051 -0.104882600681213 -0.455503908396564
v -0.252765058496885 -0.104551273918406 -0.455142881396061
v -0.25045633768468 -0.103812209445402 -0.454495318673001
v -0.24948814463675 -0.105785079751656 -0.454373333179896
v -0.249415231830803 -0.10347012100155 -0.45437364833447
v -0.248881945809572 -0.103291560033818 -0.454375759655186
v -0.248227981841859 0.00749641653734623 -0.499789649874662
v -0.24779078153932 0.156766299219161 -0.499758264959973
v -0.246884107966031 -0.102624595740674 -0.45434549079262
v -0.246323537455698 -0.00530979301423894 -0.454387011715731
v -0.246284234004824 0.107494247362908 -0.455609509102532
v -0.243962782900971 0.069643424630931 -0.454397215720186
v -0.242956187954211 0.101602498891303 -0.454401566574577
v -0.242924417467113 0.0971695803653535 -0.499728150518177
v -0.242596578534389 0.0543375161088342 -0.499757826961929
v -0.241972736618988 0.183359762530704 -0.487941266962507
v -0.24105624269865 0.108004994022442 -0.454927531999714
v -0.239973627835164 -0.0979580358575658 -0.499857815121245
v -0.239880944676775 0.107943278447991 -0.454752244382123
v -0.238338202747387 0.187229477115336 -0.48790251758276
v -0.237568255571834 -0.168747193859673 -0.499677889131319
v -0.237146493783647 0.107776559270862 -0.454438613212521
v -0.236968398654814 0.0966383724694101 -0.499729410239358
v -0.235584313044128 0.186729011784963 -0.479287022470076
v -0.233959740539385 0.186351297508876 -0.475475851705072
v -0.23349354352386 0.107484391210243 -0.4543024308419
v -0.233306822430393 0.107469864545735 -0.454293810292411
v -0.232725477876115 -0.18188283434263 -0.461542542597313
v -0.231588895532555 0.0523651444940595 -0.499765832325945
v -0.231532572724105 0.182613870800411 -0.46564256205496
v -0.231173993565282 0.00453050553272422 -0.454447045067644
v -0.230336284066663 0.105754402223875 -0.454080915969123
v -0.230267113953112 0.183675926471713 -0.494816162472533
v -0.230219700587848 -0.0946940582714615 -0.499858835301177
v -0.227792799062148 0.18262919886949 -0.49627800908717
v -0.227025834521072 -0.00815010545172917 -0.0953112408330367
v -0.226847279267948 0.000305529791432686 -0.109960253938107
v -0.226663374914929 0.00901447619065315 -0.125048117388308
v -0.226390188381211 0.0664759210477086 -0.45446668231769
v -0.226159283735217 0.191699764365517 -0.466519160879208
v -0.225554775233794 0.175898796856391 -0.461167575627295
v -0.225320418493455 -0.00119834981414015 -0.124359773207485
v -0.225242367631042 0.00244104922425877 -0.0961463089420807
v -0.225234161322123 -0.00143729723809538 -0.12494194631631
v -0.224661805671881 0.00309617600134656 -0.0920636063622682
v -0.224563217080778 0.00647419868520121 -0.0964643058552479
v -0.224218505889468 -0.205418763964139 -0.488550929595241
v -0.223616507236542 0.0493193983258219 -0.49977284423621
v -0.223513208439051 0.178665633778771 -0.499765929426804
v -0.223473206243344 0.0249210455054684 -0.120557719670962
v -0.223452559981951 0.00294681058460661 -0.0811990755540876
v -0.223286728840478 0.00227855053851459 -0.0786990531809015
v -0.22285541446089 0.0037651781109863 -0.454479937908889
v -0.222674692727431 -0.0049655107392059 -0.134068625148058
v -0.222325285790037 0.028081844470639 -0.124793873932212
v -0.219865811513774 0.174912233370536 -0.499762173750434
v -0.219852089176533 0.00348690086938826 -0.454427943770138
v -0.21976640774454 -0.0935740626096785 -0.453885862202081
v -0.219733273586242 -0.00978720882098142 -0.052989664310026
v -0.219482291445752 -0.0130561244989026 -0.0552344315892628
v -0.218821029461708 -0.00477037762508857 -0.0500530148274264
v -0.218729029346443 -0.0100126511098042 -0.0471616431495217
v -0.218299304287518 -0.0312815628738179 -0.0690612736763566
v -0.217999993327585 -0.0126215988098125 -0.0457480608475741
v -0.217981245913169 -0.0336002895646678 -0.070883582081476
v -0.217896155472474 0.0173132781036777 -0.054749685607086
v -0.217781903943643 -0.0100999079889205 -0.147832096190344
v -0.216622974154166 0.0257201975173537 -0.0566651907675187
v -0.2155971721865 0.165307778781246 -0.458429297854654
v -0.21555210456906 -0.0722417340393493 -0.124222701586349
v -0.21532874987946 -0.0162851256957247 -0.153921872695172
v -0.21492830219548 -0.0735644046568471 -0.1232145409941
v -0.214611098902035 -0.0739366558411575 -0.125152894068064
v -0.214385887344094 -0.071098202036018 -0.112739301286342
v -0.213980392459268 0.0945855778983186 -0.499744577323417
v -0.213965840471036 -0.0584019704851588 -0.0854684195110548
v -0.213307837441545 0.0602524776857838 -0.141308549020645
v -0.213060598751183 -0.0664952553266378 -0.0934682947136746
v -0.213017346968838 0.061175103313692 -0.141780583391121
v -0.212887597545084 0.163600294240861 -0.457830364366946
v -0.212215080063852 -0.0278588671452224 -0.0282351063052423
v -0.212122697317809 -0.0784187182182031 -0.127612701193833
v -0.21167586312286 -0.0835188032705883 -0.453801035363367
v -0.211594341454876 -0.0753876452745308 -0.134301921922554
v -0.211240472078084 0.0681838447157574 -0.143825576374924
v -0.211239259358786 0.0681592415650346 -0.143845103912218
v -0.211222831896714 0.0682014471462593 -0.1438564137912
v -0.211185899427859 -0.21216886829368 -0.467061563703348
v -0.211024336163143 0.0511927200989744 -0.0471625987080058
v -0.210900956572429 0.0876078127020898 -0.102861350909324
v -0.210505659808241 -0.0829418924399158 -0.11606687058235
v -0.210183934254139 0.0698989174177533 -0.144233671942357
v -0.209501887908208 0.16149331566578 -0.457237259133572
v -0.209276897778902 0.059167154783158 -0.044234072099107
v -0.209210022377635 0.0598937166230587 -0.454534557293212
v -0.209151744725198 0.0594824257531553 -0.044119990878033
v -0.20888209016038 0.0203379615967936 -0.181800886021107
v -0.208722995180874 0.00385787066924355 -0.499815797751746
v -0.208208656896604 0.168005958846921 -0.499753716476722
v -0.208109242443412 -0.0549685887760378 -0.0345794201660979
v -0.207118907347076 -0.0235282381945261 -0.17732442071258
v -0.206954321119269 -0.0541623546708345 -0.453918561094689
v -0.206430146682036 -0.000703266629848239 -0.454180648313306
v -0.206395500027466 -0.0628350364804911 -0.033253860821194
v -0.20630780087952 -0.0631772502611994 -0.0331967439094518
v -0.20621620116883 -0.0634129182556201 -0.0331587127224818
v -0.205848346885522 0.0586328709893437 -0.454471548211563
v -0.205694182516174 0.0743556647929818 -0.454548630396237
v -0.205685111568109 0.157568443345855 -0.456401672955027
v -0.205439137164011 -0.0896579466780955 -0.0971907434239431
v -0.205436543855093 -0.0653837352559584 -0.173053143933239
v -0.20542685185543 -0.0651744623906321 -0.0328788114658674
v -0.204472534249877 0.22328650008797 -0.487541460650743
v -0.204388487137129 0.0890206700188913 -0.499754440194954
v -0.204129350029648 -0.0896822328217893 -0.0877670051208887
v -0.201576097743948 -0.0590175205921157 -0.499856363097854
v -0.201392447491277 -0.0802206383096811 -0.165355963650026
v -0.201346183085277 -0.0978291740318907 -0.13826538147991
v -0.201267547410727 -0.0946199898650133 -0.143531580136585
v -0.20062230856002 -0.0830461092265441 -0.163890148381616
v -0.199893146889467 -0.0804262978265714 -0.167645882526433
v -0.199634743942481 0.16292754239311 -0.499754466615575
v -0.199577049217055 0.087910338191182 -0.454073628066636
v -0.199482700832172 0.147802509859419 -0.454678783669019
v -0.199046308700461 -0.0831467375360377 -0.0388002260000026
v -0.199035237540174 -0.0715208108645986 -0.453642103567926
v -0.198678398590767 0.000738378049030282 -0.499824093323238
v -0.197829881988713 0.055957867726023 -0.453385623655308
v -0.197704530414151 -0.0779643351383595 -0.173671812523242
v -0.197507489692478 0.089631660280851 -0.150969732022949
v -0.197469909557978 -0.101237673283421 -0.0701966489200135
v -0.197461649201804 -0.101255177463902 -0.0701832709115282
v -0.197366004498182 -0.0472389167247684 -0.499854630206819
v -0.197153580659795 -0.110096789572508 -0.103922095486524
v -0.19698678804365 -0.10928490988447 -0.113164623701439
v -0.196720769258353 -0.0415840409909553 -0.452631966299751
v -0.196386534628476 0.089939939901729 -0.0294993287136971
v -0.196042923627806 -0.0537432227528381 -0.499856224509741
v -0.195741739119627 -0.114246364690979 -0.0922061036860827
v -0.195365861283163 -0.0284187933853115 -0.192707182879267
v -0.194913393917692 0.0860137686588504 -0.454050126127987
v -0.194786823330936 0.0920581625035024 -0.0284946554035411
v -0.194626189224209 -0.0518165003577511 -0.452289095824657
v -0.19415724470506 -0.0994529912659936 -0.048894894991067
v -0.194147086359474 -0.115923885414115 -0.0851068918754996
v -0.194063625359598 -0.115943410455954 -0.0845541184371833
v -0.193903552958047 0.0552655210419401 -0.452857723577113
v -0.193831510748578 -0.23699988874613 -0.48141667240567
v -0.193244553283818 -0.0852210721047336 -0.174028672710274
v -0.193218524437736 -0.119596427567816 -0.0881282006260737
v -0.192942562525 -0.0735375234439425 -0.182416487761619
v -0.192008634129478 -0.114647792511281 -0.147495631775635
v -0.191928515716326 -0.0651165074991899 -0.452496509998317
v -0.191608256002125 -0.215457629912302 -0.499890890438025
v -0.191004783319522 0.0974057216938574 -0.0274116293674315
v -0.190886492891274 0.0843863085773029 -0.453481714775567
v -0.190379238479345 0.134283844739784 -0.453850742283705
v -0.189746461151377 -0.0349332763187416 -0.451743201025194
v -0.188802462164051 -0.11621646318311 -0.0575483408363156
v -0.188472532485202 -0.11686924914777 -0.0572483023912579
v -0.188361701521626 0.0910136535624522 -0.183820753110436
v -0.1870150793943 -0.0684180760027228 -0.191466181419454
v -0.186127858485737 0.107306620171529 -0.156998603463503
v -0.18603179517541 -0.0245283680637365 -0.206146720198919
v -0.185830080899644 0.0538194362033643 -0.45185839468256
v -0.185380049733085 0.149078032346674 -0.499754381185243
v -0.185016779507946 0.126249390184593 -0.453214440893446
v -0.183906444383869 0.121029653749364 -0.452901211564235
v -0.183548449716058 -0.00807231590303669 -0.451083468182281
v -0.183326931199147 0.118497558782365 -0.452961873962467
v -0.182751122381312 0.0406735121028014 -0.499803557214935
v -0.182748304004334 0.0618482900987511 -0.451593920215756
v -0.181658083252018 -0.0637125379845452 -0.199685292890022
v -0.181350063037308 -0.00771023631029705 -0.0832727357719862
v -0.181111072781503 0.0107480368966834 -0.100018179193286
v -0.180877600407333 0.0287801397295719 -0.116376998589295
v -0.180639109029944 0.0110678411301014 -0.107361696964074
v -0.180408636865331 0.115270020144353 -0.162037321459461
v -0.180359616366058 0.0227122429161641 -0.119866362737993
v -0.180317484087251 0.0192606348167095 -0.118044069417678
v -0.180280017378905 0.230833179270727 -0.461548689614889
v -0.17989910918613 0.00990857393476348 -0.117693317484243
v -0.179192297291356 0.00645294892958792 -0.125889569215133
v -0.179182358597245 0.140144262533052 -0.499753626210558
v -0.178782592496307 0.118263869321407 -0.037519587847424
v -0.178699971939054 -0.00858556077627474 -0.068280037350317
v -0.178678994790976 -0.126519577627517 -0.0497781723538402
v -0.178576511876891 -0.00508520443351929 -0.0660300324886915
v -0.178333100168318 -0.00102727451821308 -0.133517850821947
v -0.17778772741975 -0.094614389335383 -0.186089256197971
v -0.177654449277759 0.03058329039394 -0.123882018953997
v -0.177504672580621 -0.0162769703175633 -0.0737987195704006
v -0.177239568938387 0.0321880485877211 -0.124355089388008
v -0.177215050086221 -0.0141246134124564 -0.141049518908315
v -0.177039359746663 -0.0421849266623278 -0.215727705562433
v -0.176821087513247 -0.0211503632455506 -0.0772665302764755
v -0.176413793377131 -0.00303829609326934 -0.0525847736058337
v -0.176048796029679 -0.0100099162605973 -0.142521700812668
v -0.176008638048098 -0.0274866852073402 -0.0822249191533482
v -0.175881645749734 0.117515824957949 -0.174887168111431
v -0.175878367343428 0.106597821009492 -0.453169945433705
v -0.175281472364128 -0.00971469038123034 -0.0489401236336711
v -0.175185410026007 0.0107159598858847 -0.0682203391402424
v -0.175065446567525 -0.0201814087441947 -0.217012783939996
v -0.174852159256096 -0.0128672675966164 -0.449893986148094
v -0.174787621235891 -0.035057507895087 -0.086675370003612
v -0.17473206264759 -0.0200532272487282 -0.217255803203668
v -0.174551931656155 0.0349063729387294 -0.499812746356659
v -0.174475933049504 0.119154258037216 -0.499749551337013
v -0.17411013595892 0.00881356216977658 -0.0605980593156346
v -0.174038473403003 0.00837062367952823 -0.0589730277025058
v -0.173812440853327 -0.0453306329717146 -0.0967288931736738
v -0.17369776206033 0.00975472954963658 -0.0593065484166526
v -0.173637654813122 0.0765118390198855 -0.499782057452037
v -0.172924040075247 0.112239423356322 -0.499755661794289
v -0.172635512984349 0.0173438569691046 -0.061023661726616
v -0.17212491276473 -0.0151904791656609 -0.147388645019043
v -0.171753335711171 -0.0195802597056035 -0.0436234050403245
v -0.171224160883022 0.0702767456027703 -0.499788168381445
v -0.171198734300669 -0.0226419913747267 -0.499854047330065
v -0.170830277146194 0.0245187477443065 -0.0583531941577026
v -0.170377163262373 -0.0148271952532007 -0.499852553100311
v -0.170163198715845 -0.0607621975972603 -0.113099845394441
v -0.170136812138947 0.0701067355816098 -0.450176265261988
v -0.170132858803022 0.133349505860736 -0.0447669086984373
v -0.169968574087412 -0.220759504048615 -0.455622571548336
v -0.169650890231385 -0.024208653719341 -0.0383502632899275
v -0.169423488386841 0.113577982862225 -0.45287147146944
v -0.169350739769839 -0.0039382571803611 -0.449215788026562
v -0.169328998351706 0.0437636737636248 -0.220747388705834
v -0.1692724531478 -0.0963363391791473 -0.195105509943507
v -0.169156396354069 -0.0625793911314914 -0.115362972535588
v -0.168966015259712 -0.0248617826046909 -0.221509808342068
v -0.168852675966509 0.070913191996483 -0.113980769627329
v -0.16879924864926 -0.0398318246588115 -0.2217402121564
v -0.168713967664233 -0.105992098007979 -0.0466578325934126
v -0.168475949197033 -0.0719651508594367 -0.106255594028022
v -0.168470986205645 -0.0719536846632797 -0.106392842553331
v -0.168448652514779 -0.0721013890508537 -0.106304324044463
v -0.168169498792332 -0.0719460589910535 -0.104421443593562
v -0.167998312000383 0.151816592008398 -0.100190614726417
v -0.167853493350298 -0.032023249684204 -0.0403352339333897
v -0.16712125410309 -0.141475557260201 -0.452527977060474
v -0.167064118728429 0.102843554850396 -0.499766188210781
v -0.16705326966414 -0.0166553481379495 -0.499853516989923
v -0.166980925733621 0.141294301707681 -0.0563115705203312
v -0.166706993946151 0.139155466742519 -0.0470227529598933
v -0.166673833111939 -0.0704425031010675 -0.116574452401137
v -0.166198551893444 0.149669873238829 -0.0824711815047398
v -0.165985992374346 -0.0196639984592898 -0.223652753089564
v -0.165678279306641 -0.0628336131792749 -0.217457688162766
v -0.165579205367287 -0.0648769402444932 -0.128776075734877
v -0.165576166548691 0.0454930155877227 -0.0506705527940379
v -0.165479127956695 0.0740503140044741 -0.499788741154762
v -0.165299235207372 0.139988229176111 -0.167311972471082
v -0.165297365248667 0.062713354424821 -0.132522473723706
v -0.165002921854547 0.0632936170785651 -0.132663891060687
v -0.164947576417408 -0.0627224660403391 -0.217964082065697
v -0.164935446858685 0.15322477672606 -0.0956221751130599
v -0.164561461643609 0.154595074437924 -0.100443116288021
v -0.16435382823826 -0.0715574258188135 -0.0838424085285286
v -0.164022642727071 -0.078332228607734 -0.107414099437271
v -0.16361913079956 -0.144030084852515 -0.0481248993709926
v -0.163491219235505 -0.0745070150780359 -0.12589829871988
v -0.16327264605727 -0.0187018768141194 -0.1584055156749
v -0.163257156566455 -0.0708742513330756 -0.131662578711861
v -0.163186287890361 0.155204771878126 -0.105246922546461
v -0.162992844464352 -0.0781274544472504 -0.0964499519473909
v -0.16293070167518 -0.0762467612639255 -0.122224223744264
v -0.162930267071194 0.136603872988252 -0.172376623375059
v -0.162920220638669 0.00510057735108185 -0.448414370689149
v -0.162868228450051 -0.0665929769914642 -0.138973708806365
v -0.162778375072339 -0.0490841130736271 -0.0375170512315623
v -0.162704617076779 0.0540569492897315 -0.0475556827495397
v -0.162549371156346 0.139741111101274 -0.170233397380175
v -0.162464269421638 0.145215693905599 -0.0457055211064763
v -0.162069894938488 0.11748038561564 -0.188591936649205
v -0.162059760533825 0.155725955333304 -0.108978636599787
v -0.162054779273933 -0.0648943471048145 -0.14489281978548
v -0.162001442494933 0.0836586829481264 -0.450103863517651
v -0.161807983057415 -0.077548267639701 -0.0886963060699492
v -0.161781750925502 0.14202919658723 -0.168198776830796
v -0.161666667397611 -0.0689601805257022 -0.21838826092852
v -0.161630390576957 -0.00806944758903503 -0.499852665105857
v -0.16152065886016 0.0757548768232164 -0.449543422110389
v -0.161316391210483 -0.146835672163391 -0.0483438656733606
v -0.160906011779616 -0.258705865530631 -0.489742771973989
v -0.160827813398562 0.144689289554711 -0.16577414518827
v -0.16079835051214 -0.0633128534863774 -0.149141695247558
v -0.160722256318279 0.107917020762296 -0.4997661389968
v -0.160603807241108 0.257606371369422 -0.485488785642025
v -0.16025608645991 -0.0709179304756534 -0.145348808847646
v -0.159740377253308 -0.095205843487892 -0.207299146726674
v -0.159625287815335 -0.164301649305571 -0.12010512901071
v -0.159519744418488 -0.0979250592368588 -0.205695422757843
v -0.159334412373174 0.0489606197394529 -0.163620545462752
v -0.159234559545113 0.0638482069319422 -0.0428447292215355
v -0.159127637712156 0.0789523437401353 -0.499788826335021
v -0.158734344777531 0.0654166748231099 -0.0424322946734027
v -0.158701589321874 0.0747377995985876 -0.136768514371071
v -0.158454531136413 -0.0769511000105822 -0.145805523588483
v -0.158315955596517 -0.0732407912588927 -0.148674735687266
v -0.158172477630294 -0.07333406911701 -0.148973995218503
v -0.157830454751732 -0.0661930841962893 -0.0346850140220885
v -0.157591205769321 -0.0163833562148331 -0.165496938113581
v -0.157412018652814 -0.0159269300893357 -0.499855048869583
v -0.157254125931013 -0.0162467845476451 -0.165895976280228
v -0.157012203195303 -0.0584548054831845 -0.16200803503916
v -0.156859076888304 -0.0677751972509894 -0.0344445798632573
v -0.156682378472734 0.068498997562168 -0.44852182073926
v -0.156607352354803 -0.0532630317040652 -0.166555960786174
v -0.156202345677607 -0.0975148240528922 -0.209950647897014
v -0.155632113555445 -0.0809774055546718 -0.0674547049018093
v -0.15537036760032 0.0665173544882322 -0.448335608333094
v -0.154855738253416 -0.147682722688488 -0.177100311714546
v -0.154539426536067 -0.0561322070534502 -0.166495258007312
v -0.154265706339781 0.0325693545622491 -0.44773874635714
v -0.153992410192786 -0.0943935688458487 -0.213946242551425
v -0.153643114322617 0.115007470315867 -0.198922759287961
v -0.153186358381346 0.131136452389616 -0.452120665669111
v -0.153166043962077 0.00216633529592565 -0.232875461669879
v -0.153035035365558 -0.0547967564385971 -0.168867919290932
v -0.152999712645458 -0.0109616628151534 -0.44699166000757
v -0.152983276662627 -0.0225738281599212 -0.233188304442822
v -0.1524625575605 0.155977194990363 -0.151329598653365
v -0.151460951198344 0.0737679917204485 -0.448256272515821
v -0.151399623528083 0.159319920928398 -0.140639220706257
v -0.150492224451551 0.0801099998557158 -0.0391219911725846
v -0.150450324696424 0.0171540240058449 -0.233000287947091
v -0.150008952751808 -0.0757588371312131 -0.224113925759797
v -0.149414090944196 -0.258864329925586 -0.467116922600007
v -0.148740681028593 0.00822358413125836 -0.234677487369125
v -0.148717062150154 -0.161908986605674 -0.0584446890083882
v -0.148421452533953 -0.0840352400323842 -0.0398415080761542
v -0.148342287257362 -0.160815250257478 -0.0495211467005192
v -0.148040980592461 -0.0354663660958242 -0.236457801197736
v -0.147575788515615 0.0917655646330153 -0.147534376372491
v -0.147474452770838 -0.09591894423833 -0.220229634311081
v -0.147455281293286 0.0845758990547359 -0.0381986117030073
v -0.147401454055491 -0.170574260809194 -0.0966136047257298
v -0.147382714146949 -0.16844482176959 -0.0890596448504359
v -0.147253021113509 -0.0963213947712038 -0.220263352311439
v -0.146317114111958 -0.0159931150438065 -0.178831467866955
v -0.145807654290112 -0.0960797315929766 -0.221271012252295
v -0.145781314996886 -0.0891981683993472 -0.0417536684124773
v -0.145383643842181 0.112367177210089 -0.206803103038613
v -0.144915187401818 0.0183976585493268 -0.499842705720332
v -0.144686145108938 0.0306393271216318 -0.446550074793702
v -0.144634688114492 -0.175950820322602 -0.105203114246804
v -0.144109937983267 0.171128875228895 -0.101945666915879
v -0.144069223423325 0.0952021670095355 -0.153064222145496
v -0.143836686350519 0.170066178420211 -0.113989537329337
v -0.143665006570168 0.0964431211271395 -0.150498122194197
v -0.14261365053522 -0.167284912394949 -0.0518178429442263
v -0.141970171330232 0.165998094189793 -0.071309130389393
v -0.141913038629136 0.16830692801586 -0.0814691170768888
v -0.141510777196172 0.095071370722316 -0.0432163409760489
v -0.141214684267198 -0.107296030967245 -0.221182826276456
v -0.141176923356624 0.0368046440913352 -0.499831104509819
v -0.141122264011668 -0.0288298043299516 -0.241912661087776
v -0.141067806765642 -0.0978449091771179 -0.223873267006684
v -0.141036288109466 0.164212668310789 -0.0599752045463754
v -0.140928300034527 -0.0460874080041319 -0.178576692052567
v -0.140822167672499 0.105600640376179 -0.213881510915835
v -0.140183342554378 -0.177995831500465 -0.112807410232829
v -0.140140233996838 -0.0761105872788373 -0.166072577951496
v -0.140050930773049 -0.0324120229307468 -0.242499976741555
v -0.140038602555608 -0.03161873952617 -0.242725799879769
v -0.13991764189427 -0.0293393381175302 -0.242591060007616
v -0.139905190831123 -0.103628298567362 -0.0547486443413898
v -0.139690788558457 0.16165982838459 -0.0419360924954516
v -0.139574406613461 0.0998217794998469 -0.152648272214182
v -0.139528509992745 -0.0322307631729626 -0.242767905108806
v -0.139463790801775 0.137666512478264 -0.194759260563676
v -0.139049440669475 -0.0320763854129176 -0.242931988475812
v -0.138600920224182 0.173686118290688 -0.120114952468619
v -0.138343864485013 0.0274517858040768 -0.49983980446459
v -0.137489992705243 0.102508700077829 -0.448481286305914
v -0.137384788973207 -0.172757175105166 -0.0513243486765431
v -0.137378922187296 -0.0301419295334643 -0.243573146454173
v -0.137021494001591 0.101240482272615 -0.153557324881942
v -0.136884002681053 0.0405813917768719 -0.238101660562174
v -0.136806166307397 0.0947853840752095 -0.447908959550832
v -0.136769815884959 -0.105909604038938 -0.0479624203018875
v -0.136719590397027 -0.00956002908755532 -0.445035381698083
v -0.136413756324861 0.118704609680645 -0.104464829034823
v -0.136158415725213 0.0415001011707337 -0.23840360230187
v -0.136075595555813 0.140014255962049 -0.195151809702336
v -0.13580413683391 -0.0347073802945837 -0.183722356112473
v -0.135173309761094 -0.10765124562561 -0.0486369254554721
v -0.135087863631567 0.106114680998892 -0.0474828290308424
v -0.134880692806992 -0.045211652130283 -0.182958370487837
v -0.134797912687262 -0.0404320974528153 -0.444381320371513
v -0.13476483991975 -0.0307267201424094 -0.244185634154502
v -0.134604174418193 0.0707884647212475 -0.236672309890884
v -0.13452840885272 0.0267040560202014 -0.192894537299156
v -0.134417430782201 -0.179946585259432 -0.128596584201026
v -0.133779706378124 0.167422279838189 -0.0485112115835996
v -0.133422892436721 0.167713007679282 -0.048619386782801
v -0.132995296424506 0.101138786821185 -0.157214066022744
v -0.132880880285287 0.0804981320109088 -0.233046816381538
v -0.131445289871631 0.0767347081964175 -0.235468033855499
v -0.130992718237799 0.0476696231927226 -0.239790766687914
v -0.130811386930146 -0.180051901802883 -0.135844718979132
v -0.130685272021074 0.176379859811546 -0.155407415211631
v -0.130408084414562 -0.257864367415246 -0.5
v -0.130096561941168 0.0245733195926423 -0.194932922881236
v -0.12992515706496 -0.0376359040909356 -0.187472671957192
v -0.129813789252802 0.0230581772547704 -0.195229749367069
v -0.129658330842458 0.141785129286574 -0.199130800185613
v -0.129606470436473 0.263373238794585 -0.499795575927121
v -0.128775622386423 -0.188274874898364 -0.0894377655390975
v -0.128753181934015 0.0651615972492496 -0.445087465389638
v -0.128639504597808 0.0261629442084763 -0.499846524195362
v -0.128490279577942 0.0760299435921066 -0.237218851520546
v -0.128430078904408 0.10358615357529 -0.158924835831513
v -0.128363924456478 0.106664995852685 -0.156057246964564
v -0.128342165827165 0.122210667936441 -0.0856170560387141
v -0.128262157076728 0.122640500583962 -0.0870472314904777
v -0.128046864379479 0.100810138303759 -0.160954383730363
v -0.127654115128641 0.114541223854733 -0.0513972586323317
v -0.127624888416495 -0.00982252136670702 -0.443928275788882
v -0.127126371065866 0.112615426700175 -0.151496332157437
v -0.126942407817559 0.181040863183086 -0.140365807336926
v -0.126881981146842 -0.0243134143456699 -0.2469173629767
v -0.126837711584144 0.126267058931018 -0.100762183995433
v -0.126510748815918 0.127030304666953 -0.103515750658204
v -0.126170256945565 0.114154115032333 -0.149704642366277
v -0.126127930156609 -0.0150753161023547 -0.193188953259326
v -0.126011143696347 -0.0663990893785823 -0.186357441179503
v -0.125964171968398 0.102027866174299 -0.447121272388445
v -0.125759575479707 -0.0778136577219483 -0.178536610033613
v -0.125329280981608 0.0658620473425623 -0.499818686488712
v -0.125309587081338 -0.0134618073779691 -0.193983260831213
v -0.125273237548037 0.0324037613239094 -0.195924129154027
v -0.125109044273106 0.0537962243955174 -0.241441258588562
v -0.124878777534133 -0.0153388191971347 -0.194034138535925
v -0.124426298500947 0.126010893917137 -0.118714254087669
v -0.12398237366333 -0.0693940667331775 -0.186170697220233
v -0.123605572299311 0.127915667931114 -0.111887287735594
v -0.122997139957119 0.136186727667001 -0.212253246831454
v -0.122657625406604 0.0990687388240045 -0.165903017667257
v -0.122451341977922 -0.13685539452077 -0.117837665771573
v -0.122338044333491 0.104134575347797 -0.446837667318335
v -0.121960050414669 -0.1819885095807 -0.148888590146901
v -0.121883190618305 -0.1019574808857 -0.230716384340649
v -0.121738551933786 -0.0175356519302563 -0.499861618948633
v -0.121624507028544 -0.00702426779477771 -0.196786111977482
v -0.121500485483111 -0.127930192718283 -0.0815942190227052
v -0.121466278531836 -0.130871798843261 -0.0923500385099933
v -0.121301716082045 0.131409662925214 -0.10301653056508
v -0.121273482159906 0.131333667289845 -0.103567860737723
v -0.120976877909133 0.126158100398553 -0.0714807080787157
v -0.120948506133792 0.123039565610058 -0.0586003080835784
v -0.120881660689114 -0.0196351693931531 -0.248723534975526
v -0.120690492420879 -0.0101407312488137 -0.443082536117311
v -0.120655393427476 -0.0770035871655431 -0.183959338816361
v -0.120581100853737 -0.0340635433272989 -0.194541685145585
v -0.120494969775883 -0.12586771691813 -0.070529994284497
v -0.120477832260447 0.130442378897675 -0.0934716553313615
v -0.120359307031511 0.18358027608997 -0.150037311098184
v -0.120212969821229 0.121631751338927 -0.0498131490935125
v -0.119983719422253 0.107305714570768 -0.162601414367109
v -0.119856605370015 -0.123644530925076 -0.0500110188228486
v -0.118388362077415 -0.104698482268184 -0.231408861032737
v -0.118312677029605 0.0612095077823373 -0.443766761683443
v -0.117862021541794 0.192348703581485 -0.103874072054983
v -0.117674124905519 0.106588070454308 -0.499792653395975
v -0.117632009281145 0.0259236569676435 -0.499853228520829
v -0.117184873621214 -0.182576084683849 -0.157218981381409
v -0.116688191634227 0.0626309325032924 -0.499826233917995
v -0.115941298020285 0.19329375794017 -0.105392539870353
v -0.115827743677051 0.193053395790243 -0.102266527525968
v -0.115811366875943 0.193018524735087 -0.107660665008057
v -0.115652933964726 -0.0114240993353378 -0.44245379538356
v -0.115621765573777 0.110963110540779 -0.227395993877164
v -0.11561930774574 0.192612108867879 -0.0990112799842339
v -0.11545027187245 0.063663097254062 -0.243668259651822
v -0.115392229528236 0.191251138967223 -0.0901671600770355
v -0.11490021426994 -0.142067422768358 -0.111262973306433
v -0.11462746586963 -0.0319098158356662 -0.19820192319161
v -0.114185198820013 0.129437372002985 -0.0569688645221623
v -0.114032563862512 0.187991988172038 -0.146747035608106
v -0.113861433918687 0.184481086158988 -0.0543378190723928
v -0.113854762797735 -0.0366468858129421 -0.248950497649894
v -0.1137372963988 -0.14232600015956 -0.112990200162928
v -0.113568463100159 -0.00196850876934952 -0.24998773833054
v -0.113505406161301 0.119614458886099 -0.224446236281452
v -0.112563614037487 -0.172579251764292 -0.189719566982639
v -0.112376485706689 0.184114582982188 -0.158983823377337
v -0.112219507467464 0.089978974522142 -0.238673350581698
v -0.112128569590082 0.274825239754235 -0.464845242220905
v -0.111798674485592 -0.182834367977889 -0.165953506745546
v -0.111754637933696 -0.0725199223231409 -0.195584071919534
v -0.11073885298359 0.127692182363047 -0.222073876712052
v -0.110554354336788 0.181026070482518 -0.169382275649192
v -0.110540399263754 -0.0774414640516562 -0.193262881651504
v -0.11018979317491 -0.0788625376340063 -0.192592648145122
v -0.110122338093136 -0.0791359459910017 -0.192463698142773
v -0.109908558230766 0.0629097582836401 -0.442770208101656
v -0.109660014924939 0.11124109427391 -0.4997939110106
v -0.109455698821027 0.0641108716879345 -0.499829410081213
v -0.109209201940809 0.188503428936698 -0.0558524427110324
v -0.108826743974509 0.0781036845556357 -0.189037780075149
v -0.108430299610372 -0.283014266349904 -0.490997144772574
v -0.108146515490834 -0.282597820566053 -0.488574615261937
v -0.108035835914197 -0.018437213580299 -0.203421533152855
v -0.108028524265666 0.0707650712073605 -0.244165824577191
v -0.10774507238514 -0.280853756449488 -0.492590788689187
v -0.107269549849929 -0.0788758403557226 -0.193755265914096
v -0.107122335317568 -0.28089416372464 -0.481125081005998
v -0.106786787374486 -0.0292325448975565 -0.203005551204676
v -0.106738707165698 0.0750350261208105 -0.192170664680645
v -0.106693119727293 0.173993547239247 -0.182087350141277
v -0.106533005046532 -0.0471204476873915 -0.249709967190318
v -0.105791393106067 -0.183293789034418 -0.175275869849252
v -0.105627019240175 -0.0191269025563237 -0.204738130532852
v -0.105556355658384 -0.144834914558011 -0.121667249604506
v -0.105547061711739 -0.159715138963131 -0.202933164461051
v -0.105464432875816 -0.131070571777295 -0.499865597937531
v -0.105311908982706 -0.168738150781421 -0.196521320713916
v -0.105311855619329 -0.139453792558448 -0.0557449800444648
v -0.105232168351953 0.171323041929999 -0.18670983095616
v -0.104549433506338 0.0570485865323995 -0.201271097234365
v -0.104509794057516 -0.11362705956064 -0.232682844261544
v -0.104386151031972 0.0678417836610752 -0.197520603307665
v -0.104357249864059 -0.176264679620202 -0.188950167081381
v -0.104280211709785 0.0254930934512365 -0.441577164479563
v -0.104236414554117 -0.269923313904626 -0.499898347554682
v -0.104210876169985 0.165412224658267 -0.194831134981803
v -0.103870333156406 -0.19303740510047 -0.0505157619539526
v -0.103826138544073 0.143270689048715 -0.214956006205427
v -0.103825208987216 0.066197869660975 -0.198700267069968
v -0.103605147405171 0.161540790635045 -0.200090113977773
v -0.103417560800211 -0.14064739402783 -0.49985789524194
v -0.103249309916866 -0.285414263775457 -0.491120990496103
v -0.10315188683598 0.00244016941609304 -0.208435734485866
v -0.103091388300655 -0.278094159821226 -0.465401567497929
v -0.102816198266203 -0.265976215334541 -0.499780509448782
v -0.10233587892168 -0.182586735326693 -0.179017049753091
v -0.102105125470119 -0.276351950569565 -0.464473348859869
v -0.102096630500426 0.143250359334948 -0.125093828079388
v -0.101929882144125 -0.145947074137724 -0.125513639766744
v -0.101929653639491 -0.082025268916631 -0.244568859698338
v -0.10151867845936 0.142812082709159 -0.0712981914044412
v -0.101482795798814 -0.262253055172099 -0.499781599955436
v -0.101409343125385 -0.19427902956773 -0.0495360406678763
v -0.100952538287672 0.1487532392347 -0.211740393290978
v -0.100950697972155 -0.0547579743392739 -0.250010257662851
v -0.100833874456897 -0.0274389032897169 -0.205084278421009
v -0.0998676770950415 0.0653361492936989 -0.202150146857577
v -0.0994298112979008 0.172759400453715 -0.190506859110862
v -0.0994100214497375 -0.154643781766295 -0.210009488210783
v -0.0993932977941476 -0.123705588235598 -0.445581242341442
v -0.099284181354167 0.0662060778657965 -0.24765276452879
v -0.0992015395530188 0.0770072854010111 -0.196602249379755
v -0.099144343713052 0.00309051814116556 -0.254814183014358
v -0.0990349932913523 0.141486743402651 -0.148896758659763
v -0.098980992456716 0.254607377300258 -0.455319652240343
v -0.0989595837911997 -0.080906521198022 -0.246116638366028
v -0.0989171807487303 0.145170549299001 -0.0720258628082791
v -0.0987396189498993 0.0732097459638839 -0.199334154850467
v -0.098551761368358 0.145131012608906 -0.130862629518083
v -0.0982582620792976 0.0699474312827625 -0.201301174064453
v -0.0978875145472752 0.0675431951453793 -0.20267891848111
v -0.0978851815175855 -0.0793805805105054 -0.197227836246378
v -0.0978574820407913 0.286032646595916 -0.483191838161607
v -0.0977451202776565 0.151214255762891 -0.10075892794441
v -0.0975345160078842 0.00444955889523132 -0.255290622278178
v -0.0975130587421979 -0.1458273577125 -0.0584879488226674
v -0.0972159238860232 0.0646720930478107 -0.203295933187124
v -0.0967800027797386 -0.280714189807537 -0.465167853428226
v -0.0967602865008737 -0.115218721092911 -0.444362238079591
v -0.0965377184871634 -0.0793928775473283 -0.197578835983227
v -0.0963753168511259 0.146023875071588 -0.216006435327023
v -0.0963522915558516 0.151810574620963 -0.1007299887856
v -0.0962682823164867 0.151632610001054 -0.102417985536619
v -0.0962137066061713 0.151517182446031 -0.0982587715308763
v -0.0961725480228864 -0.19624408732696 -0.0476577743953311
v -0.0956334410479036 -0.137862218818172 -0.164766106517307
v -0.0955251202512769 0.0637916928884249 -0.20408176383522
v -0.0953897103017182 0.149772619723918 -0.0868547917275057
v -0.0951669386620582 0.0666729907404371 -0.203877285028934
v -0.0951400949140997 0.113032655811697 -0.176713363443341
v -0.0950302893096052 -0.0962905165296198 -0.49987759307578
v -0.0949276975737868 0.147470317291586 -0.0734783329678726
v -0.0948958876685832 0.148725640581408 -0.12141571959338
v -0.0948616347696403 0.0252855751475209 -0.440431509913144
v -0.0946037798654368 0.0712031739767869 -0.203555788776897
v -0.0945908955612269 -0.247728573944264 -0.499784342698347
v -0.0943841710799561 0.12036692306442 -0.446380192686174
v -0.0939660068470929 0.146262271416173 -0.136902850947436
v -0.093946622658379 0.0556636098300352 -0.251522452770911
v -0.0936512303231019 -0.0859401786461085 -0.195182193586478
v -0.0935990851406314 0.197006543576946 -0.0621484689667288
v -0.0934556305429813 -0.148102943725546 -0.134107193912054
v -0.0934097574397586 -0.156900818836349 -0.092551444372225
v -0.0933255006389628 0.0683875206325457 -0.204178920611981
v -0.0928647768206464 0.144497363296102 -0.149140136410532
v -0.092840910702917 0.144626749676035 -0.148517455465346
v -0.0922903161053211 0.0693978130851558 -0.204471053842667
v -0.0922174861993201 -0.00506566069056241 -0.257961111465121
v -0.0920956816655976 -0.160478379526671 -0.449541816742221
v -0.0920022697112907 0.139026569280081 -0.157453427398972
v -0.0919939866796797 0.0244233522733851 -0.440071802029507
v -0.0917001566963871 -0.257590596477876 -0.455733380417374
v -0.0914321382517754 -0.0194127448939522 -0.499867307529929
v -0.0912689337995551 -0.128046781008237 -0.231121931196794
v -0.09123157155941 0.0253497218079646 -0.49985796153521
v -0.0907947375382531 -0.207020455165923 -0.143291214707497
v -0.0905166964538962 0.106667091141068 -0.184040356830983
v -0.0904395495904975 -0.0890894504673649 -0.499877903180879
v -0.0899071024219626 0.0608578477940103 -0.205845311420726
v -0.0897655052174777 0.196824411407878 -0.452796658910107
v -0.0894413560928704 -0.176642619877641 -0.499823325449691
v -0.0891468885373659 0.124645473022008 -0.173645820270081
v -0.088920852195927 0.12473967620843 -0.446418473670522
v -0.0888461472801896 0.0801113514231622 -0.499829615773107
v -0.0888211752411645 0.151025383577007 -0.0758856736679439
v -0.088692146908282 -0.185806378709538 -0.499817036499188
v -0.0884783633909699 -0.169963072242557 -0.450440804362032
v -0.0884778597466992 -0.0771548166609499 -0.249770555451895
v -0.0884102010250432 0.121477777773874 -0.176175454506543
v -0.0883261846942435 0.12830768121853 -0.499793745753873
v -0.0880805896794489 -0.250075206600858 -0.455423517802582
v -0.0880776731571531 0.0232369512503272 -0.439120751754617
v -0.0874396957716454 -0.143812848748431 -0.15995726984308
v -0.0874308792499745 0.0735637125922937 -0.204320751779022
v -0.0874210637887137 0.0674663129066987 -0.440467815847116
v -0.0872307896676783 0.111401952800268 -0.240907176139108
v -0.0872186406865902 -0.0233365671512644 -0.209838649497303
v -0.0871387676447199 -0.0797199507284348 -0.499880696482875
v -0.087105232666176 -0.143552995951296 -0.161466842842439
v -0.087104521092658 0.11557456783243 -0.18084163485553
v -0.0869907427090013 0.199894372358263 -0.0605293834342251
v -0.0868694510655042 0.0129863643308178 -0.257977537871895
v -0.0866581986407217 0.185618509213569 -0.187138419013897
v -0.0865627668749131 0.126030794404266 -0.17461419413241
v -0.0864517533925744 -0.0254825359879235 -0.434954924670428
v -0.0864226396857157 -0.196255721047049 -0.453495970876767
v -0.0864026494251142 -0.153869406725944 -0.0580099895034636
v -0.0860838605343036 -0.0188557085597348 -0.435392466889121
v -0.0859025431801723 -0.154066094084047 -0.0580147831526229
v -0.0858844706812606 -0.202933203694369 -0.453745592366116
v -0.0855923180800389 -0.0293437336428398 -0.434464657866179
v -0.0854470971702536 0.186820819037723 -0.186811705363972
v -0.0851619864469793 -0.242253883039542 -0.4551134801627
v -0.0846525550371935 -0.210816407036132 -0.454031842047701
v -0.084638173384764 -0.209926899041934 -0.453997371572173
v -0.0846273642405843 -0.0530667659608559 -0.499875549471923
v -0.0845188983061287 -0.148902816091441 -0.148169915737244
v -0.0844194443302084 -0.219977619536415 -0.499792262714162
v -0.0842659062893375 -0.210671433232787 -0.499797831693452
v -0.0840174004913111 0.187150792666851 -0.187804199192103
v -0.0840066040706752 0.187766228559616 -0.186216297090848
v -0.0838786014101667 0.0924833175381788 -0.246097043737878
v -0.0836898726803806 0.0703053950156232 -0.440218886571123
v -0.0836307459380812 0.209191531739929 -0.13093631693365
v -0.0834898167319407 -0.0211753176741146 -0.211281948131739
v -0.0829850612087383 -0.0215964967349283 -0.499869241075705
v -0.082530965869078 -0.1006180468788 -0.247472726987469
v -0.082416636133153 0.071295231033773 -0.440224697178022
v -0.0822019289805797 0.129506693396542 -0.499796475884037
v -0.0820233703369304 -0.0652032628683998 -0.499878547937681
v -0.0817947927948603 0.0339001525236133 -0.257627363412693
v -0.0815435755818393 0.135367928589851 -0.170178452077057
v -0.0813573883798482 0.154455888876415 -0.0740046330269318
v -0.0813467355673297 -0.00241046905355551 -0.277622523929862
v -0.0813257051429804 -0.138789367707926 -0.168966997221684
v -0.081014901484458 0.0327481035269004 -0.257995520029919
v -0.0809702860223991 -0.0125990703061564 -0.434761019662199
v -0.080879747813466 0.11227690091787 -0.187371142888042
v -0.0799397294426689 -0.0918883199947002 -0.249708601882137
v -0.0797192781403345 0.189827720105767 -0.184123138599441
v -0.0797190654902632 -0.0795463656880366 -0.201959915569667
v -0.0792867538817177 -0.0180864689804381 -0.433962990610182
v -0.0792663444567701 -0.0599659252100769 -0.438345616499809
v -0.0792186394727817 0.0250864412027043 -0.265915366627336
v -0.0791485769677832 0.110983202278944 -0.188525119920502
v -0.0791454285900794 0.0965549819379363 -0.2459876101989
v -0.0790130117146433 0.203800781456039 -0.06110360163912
v -0.0781784263809955 -0.011810101285276 -0.277174262438532
v -0.077848314634121 0.19067985688739 -0.183189432289172
v -0.0777033099931825 -0.0503372894844115 -0.209097043210211
v -0.0771964530968769 -0.100486244274729 -0.193477392499863
v -0.0769552454319293 -0.0856138552837568 -0.439359837061865
v -0.0761836698831413 0.0490556840810364 -0.258010359082678
v -0.076134404988985 0.0687014485969738 -0.43945787304784
v -0.0760668408107216 0.2068269313277 -0.0708463253111061
v -0.0760608156187921 0.0338208316671631 -0.267034920827296
v -0.0759726439304621 0.0228868794278637 -0.273511788762454
v -0.0757796106929372 -0.00105069327458029 -0.287691519356547
v -0.0754242845485323 -0.0816111476746015 -0.43876448893445
v -0.0750943512863767 -0.0992322048160049 -0.248741535282031
v -0.0750815276573928 -0.0755213168524675 -0.253900551059071
v -0.0749284915970867 -0.0802709209309664 -0.438648171703473
v -0.0747769167943947 0.131411481908751 -0.233089552031894
v -0.0743886632251175 -0.0211420990652458 -0.277798885001546
v -0.0742943415514301 0.127548258791989 -0.445574345465394
v -0.0740412198270337 0.132743468624068 -0.179306519208769
v -0.0737336079849968 0.206052224543853 -0.0615388541994084
v -0.0732575423573441 0.130626438007525 -0.234140375066119
v -0.0726738617614912 -0.14600318714524 -0.230009165056815
v -0.0724641387553481 -0.151339262995402 -0.227330963690333
v -0.0719904111079602 -0.0610642739353946 -0.209398030359995
v -0.0716145955096713 -0.0261938870790024 -0.431647653856168
v -0.07161286197669 -0.150888356615937 -0.228129420737586
v -0.0714669775246811 -0.063344104790353 -0.257019402667856
v -0.0714170448891008 -0.151162439095622 -0.227914852765294
v -0.0710175861964911 -0.151082812646115 -0.228115178190726
v -0.0706320308951255 0.148200375936018 -0.160057601264747
v -0.0702988095697223 -0.105807709396177 -0.247149764124128
v -0.0701464360060729 -0.106019731850599 -0.247098189419067
v -0.069759714869875 0.0581121708482051 -0.437833245637074
v -0.0693201195122448 -0.209508794752086 -0.0605209081356521
v -0.0691885213778639 -0.21103638965428 -0.0709019184229641
v -0.06892329456452 0.0496453910276373 -0.267916515258154
v -0.0685184218018934 -0.212600109442127 -0.090960221439795
v -0.0680949019335788 0.207297915789825 -0.062195635723272
v -0.0679823650369456 0.0177920360357286 -0.287750887139
v -0.067929407334371 -0.149924431606469 -0.229091973048591
v -0.06788138790991 -0.213105183174057 -0.104848455621161
v -0.0678564266836458 -0.208858913759809 -0.453718675808044
v -0.0677608207740204 -0.150055251900057 -0.229051215255272
v -0.0676294364242384 -0.149845932075331 -0.229170360790758
v -0.0674880009647613 -0.213422135195748 -0.113649898534102
v -0.0670900302354147 0.0991505320026316 -0.247587294708253
v -0.0670769787527174 -0.209592412506838 -0.0543682769905752
v -0.0667377357405916 0.0487735145016631 -0.214624462871318
v -0.0654557680684747 0.160782009298855 -0.0703018014269314
v -0.0653322288313643 0.125371957300293 -0.23749844635019
v -0.0648968267181296 0.0093478308836926 -0.43295451116237
v -0.0648932630273654 0.0995378500423861 -0.24789948632707
v -0.0648413617623107 0.0701656658256516 -0.438731204482666
v -0.0642860713895446 -0.153281765954799 -0.227954120210102
v -0.0642740772993326 0.0102469307508953 -0.432556016248167
v -0.0642357437223645 0.12947663786884 -0.444946322704723
v -0.0639784454836619 0.153352252306408 -0.157642455157626
v -0.0639564846200298 -0.124378140824031 -0.185042424992766
v -0.0639318581943572 -0.0738616301562462 -0.207776688815074
v -0.0635172748580656 0.0550149759086401 -0.265799492906087
v -0.0630759054101224 0.00175702848024034 -0.218924905209951
v -0.0629588963698665 -0.211027179828713 -0.0521116939194129
v -0.0629067381277645 0.15148132304886 -0.499791418034447
v -0.0617260561893078 0.0692634190648091 -0.499853834162316
v -0.0615780702145942 -0.0239321799550832 -0.429624940079981
v -0.0614980966441068 0.0692926606729667 -0.499853947335611
v -0.06148689675386 -0.00892196076164518 -0.218288444334221
v -0.0612952326095235 -0.11664478252383 -0.190630845509895
v -0.0610677796830419 0.0388245152255881 -0.217224396132948
v -0.0606001862411941 0.160183416660564 -0.499786253082013
v -0.0604591138250884 0.160715912874348 -0.49978641727415
v -0.0604479058340323 0.208956143166249 -0.0630914923213416
v -0.0603314641264699 0.0161338508312325 -0.499865291863005
v -0.0602849092612647 -0.290174557072539 -0.499727637087516
v -0.0596631379899383 -0.0373398396053412 -0.431465472962627
v -0.0594592803190878 -0.0563015527873659 -0.279447952425088
v -0.059426808093858 -0.216236136614849 -0.130106395794295
v -0.0593222260372955 0.135110135215407 -0.445045835968436
v -0.0587201450457585 0.121761501335347 -0.239955669655167
v -0.0586503705348589 -0.0819519926436467 -0.206800890005348
v -0.0585745016207219 -0.215090810212298 -0.0676001996922989
v -0.0585743233469956 0.0125984486737244 -0.293277234888988
v -0.0583622113171866 0.0613561879494792 -0.261430066084818
v -0.0583534480013028 0.156225876832727 -0.157683003844827
v -0.0583532735638617 0.00823522057944842 -0.499867292841646
v -0.0579191343176173 0.164117012052075 -0.0709031213505012
v -0.0574369831306554 0.0711376591825559 -0.43769291900033
v -0.0572994687495039 0.00829743855508521 -0.29472865950057
v -0.0571596607297992 -0.0733195484057241 -0.256710780227228
v -0.0570806806049285 -0.120465655402388 -0.190139884937904
v -0.0569788830119507 -0.00621878239039656 -0.220306255594336
v -0.0569260975830415 -0.12350955236203 -0.241800317533198
v -0.0567072824726049 -0.163812187187413 -0.047912216406435
v -0.0562466623198774 0.147154188163889 -0.445845789572907
v -0.0562426049730065 0.1569025890198 -0.157466284136046
v -0.0561080299487338 -0.167562234333319 -0.0718794927842693
v -0.0560788945233738 -0.131317061444061 -0.238667140018806
v -0.055991133808706 -0.0049170049730854 -0.222892531727264
v -0.0559401593677642 -0.169484250274296 -0.0849812683601154
v -0.0557413674506141 -0.171966122659526 -0.101945547713498
v -0.0556752866798524 0.00163967620220573 -0.229312144182745
v -0.0554268993067608 -0.0713337683399322 -0.257368108740954
v -0.0552236980107501 -0.0684231852780073 -0.435732430903502
v -0.0549766619139598 -0.0727691530020365 -0.210452764827394
v -0.0549110071169534 -0.0877615322507038 -0.206086193478485
v -0.0548058080309999 -0.0535722767220057 -0.288139929993332
v -0.0547458596126082 -0.215223194618298 -0.138302180795465
v -0.0546565727795882 0.0132210938052326 -0.499866893827791
v -0.0546153811464953 -0.170750469703519 -0.115693193136319
v -0.0546047912686058 -0.122435913764235 -0.189588317017839
v -0.0544789082067653 -0.056019397271346 -0.215481467474647
v -0.0543100796542689 0.050832315114419 -0.287854987137902
v -0.0542545486510309 -0.0606774204431042 -0.276032563210084
v -0.053658370027607 -0.101257792367006 -0.202469458761074
v -0.0532881737207208 0.163807886544925 -0.150701194226135
v -0.0529861478745847 0.299582853380515 -0.481983806254011
v -0.0528230302620468 -0.16548006638757 -0.0487880880085924
v -0.0526630970215817 0.210582500312561 -0.0635328806789395
v -0.0524859623208023 0.0340795529897537 -0.425228662508345
v -0.0523447189865632 0.197837070534532 -0.179982581136422
v -0.0523056624809996 -0.0674625286252919 -0.265652084829464
v -0.0521540709697268 0.0179310817514809 -0.499866343979626
v -0.0519962551478174 -0.0670736543499507 -0.266596802522368
v -0.0517345987255886 -0.118053287225082 -0.193658447434237
v -0.0516377163457656 0.210147880896184 -0.453448512329833
v -0.051620139997906 -0.117876495750968 -0.193805173991467
v -0.0515804410304086 -0.117983725043557 -0.193759907437474
v -0.0513444812673367 0.0357265151676769 -0.424498199646181
v -0.0509873845378915 -0.145490865546804 -0.233519225391679
v -0.0508679819057043 -0.171456703908719 -0.123034024183527
v -0.0508300746656397 -0.214187539124776 -0.1459595691384
v -0.0507849355767991 0.0238746787200297 -0.221739784683456
v -0.0505104935797992 0.201130098768453 -0.49979870173127
v -0.0503836514182383 -0.0674632898171605 -0.213212913252913
v -0.0502943377601167 0.171428370240865 -0.449160176093755
v -0.0502928604443942 0.217790889122904 -0.453830715046957
v -0.04999719864804 0.19832360151376 -0.452855718819778
v -0.0494674449124478 0.163357009953415 -0.22261958441944
v -0.0493727969531843 0.192922159076817 -0.499796944217925
v -0.0492638701604085 -0.127097657785057 -0.241465766540589
v -0.0488506703233321 -0.301716404556527 -0.477006794848899
v -0.0487402509763287 0.00152970671617734 -0.239045907772363
v -0.0485034954759741 -0.0180386325469437 -0.499874520122821
v -0.0483198790238252 0.161515772629339 -0.154404368166731
v -0.0482123102400608 -0.0644319610147866 -0.274411634812044
v -0.0479028759484512 -0.167427040545437 -0.0498685360362954
v -0.0475768273096536 -0.000856849460943345 -0.238522005428431
v -0.047559648675113 0.0111973332570643 -0.234435865812329
v -0.0474632494244973 0.180090338858307 -0.450340264038819
v -0.0474586141130187 0.223253053316775 -0.454103106262468
v -0.0474519802676457 -0.0181837016344641 -0.297222566205878
v -0.0472808974759748 0.215430223333154 -0.142338651254275
v -0.0472726147735593 0.0926093771167261 -0.207084971371715
v -0.0471424784681947 -0.170219690476937 -0.146006659721728
v -0.0469979575475122 -0.129495288161765 -0.187183013195236
v -0.0469215074817245 0.289097792580971 -0.46118901760974
v -0.046020187799755 0.210815959209459 -0.155262072456664
v -0.0458396517977327 -0.159307573898196 -0.227512771839875
v -0.0458209729148748 0.22822529335845 -0.499806475293409
v -0.0456941767980178 0.0330355198620323 -0.222905670906048
v -0.0456405193004928 0.0642168681055202 -0.275269298129609
v -0.0455185579354083 -0.279322462142145 -0.455798762226534
v -0.0453724352873807 0.0826884529304733 -0.21003457750408
v -0.0453536319175716 0.0912832700889653 -0.207799522409751
v -0.0451117072008705 -0.16823021981277 -0.0483598794779811
v -0.0446146755362622 0.218061651215411 -0.137537317253961
v -0.0439551448519607 -0.172567970160509 -0.138123854343309
v -0.043347050289005 -0.117708656717562 -0.246287712406845
v -0.0433432280570854 -0.0228162078681937 -0.499876422988543
v -0.0431407390836719 0.201916255232643 -0.175630200055222
v -0.0428884936463963 0.0684655994940825 -0.271274154476192
v -0.0428098784319209 0.0209955823477359 -0.234714246717091
v -0.0426721360162259 0.0211781251370736 -0.234679553673848
v -0.0424427489050731 -0.0583874077926686 -0.215632815610394
v -0.0420256224132269 0.126080601910243 -0.442896744149942
v -0.0415795744605027 0.00737356432600061 -0.245241915771011
v -0.0407866848796356 0.0719495796704368 -0.499857009250771
v -0.0407441218389634 0.00140291137595928 -0.250268983468373
v -0.0404636723948413 0.0224997461674865 -0.416619065997133
v -0.0402557780281157 -0.171651356680673 -0.216871110730366
v -0.040198783395351 0.237241985552018 -0.454745017313813
v -0.0401825266234158 -0.141455467539432 -0.181047035415001
v -0.0400050469985029 -0.213369804021794 -0.0402290993979602
v -0.0399064646991165 -0.0260008227547659 -0.499871396865696
v -0.0398131489904081 -0.0169167617074867 -0.403555418232972
v -0.0397702492462731 -0.017060885930859 -0.403650034787982
v -0.0393387313721877 -0.17053408925543 -0.146716705627369
v -0.0393331963495346 -0.0564369311967965 -0.430838522215497
v -0.0391941268696758 -0.0156448750885903 -0.236939985064272
v -0.038141194069712 -0.00407964637944024 -0.248966508921734
v -0.0381062196774681 0.00136108192369772 -0.253971446888928
v -0.0380770897469605 0.0519574541578186 -0.429115179772756
v -0.037771550368183 0.166396116536939 -0.149543854204872
v -0.0375138433779106 -0.052586713319979 -0.221171983472724
v -0.0374413983679655 0.172999745434621 -0.0712858798265889
v -0.0374238393229139 0.037090645066726 -0.499864902330998
v -0.0371784227160033 -0.169713033818449 -0.044170244599239
v -0.0370903015829127 -0.168231648059184 -0.150200490136573
v -0.0369571205139593 0.0185875626035321 -0.302474917934635
v -0.0368163378802815 -0.107647918840118 -0.250255431481256
v -0.0366723950894208 -0.10966006600584 -0.204482583055378
v -0.0364570030888109 -0.206758264306456 -0.182584078267844
v -0.0363911675989224 -0.200187676979828 -0.189534997562645
v -0.0363579017998294 -0.209580961879413 -0.177575112053778
v -0.0363270281322678 -0.209750740091246 -0.176878212840634
v -0.0361288458617189 -0.00628897990274114 -0.249807798757122
v -0.0361024222620964 0.0335961530733201 -0.230091850584096
v -0.0360908836613536 -0.177908035703333 -0.211880737761511
v -0.0360815997866331 -0.0609076108774154 -0.430969994359939
v -0.0358161878928559 0.247468472139599 -0.499813554483511
v -0.0357376515023841 0.0766100884926095 -0.213471179519479
v -0.0355328578322327 -0.10896273534508 -0.204986364290218
v -0.035146300699917 -0.292225923413449 -0.498013074111741
v -0.0351295677936602 -0.0628716511804321 -0.431115679459542
v -0.0349845354261022 -0.110494981800003 -0.20468262287093
v -0.0346574480690238 -0.291181825028718 -0.498500897893663
v -0.0345453006188769 -0.00178069649888325 -0.401411638258215
v -0.0343615078913585 0.0787052024649159 -0.262581037539671
v -0.0340987790781031 -0.0499507754097763 -0.22389091746045
v -0.0339002715181101 -0.0714184784471142 -0.27394420308338
v -0.0338812182699647 0.0618479907202474 -0.432666592705057
v -0.0338519894415648 -0.0324841277100509 -0.301555878609095
v -0.0338083483480517 0.0847494523502073 -0.2117222664603
v -0.0336825828080999 0.178641676371747 -0.099427884208344
v -0.0336064241194102 -0.00910471583820893 -0.318555837559914
v -0.0335618049379633 -0.301417217523616 -0.479163086240593
v -0.0335463120056722 0.0828885829119559 -0.257712014299392
v -0.0335385680856419 -0.0338301928212407 -0.303834832624971
v -0.033527620783624 -0.0378191861212923 -0.301459873788149
v -0.0334458491729979 0.082859444287899 -0.257798331293074
v -0.0334406816322497 0.0828872140227449 -0.257712641698511
v -0.0333932184187922 0.0830888315468599 -0.257650898296074
v -0.0333763728886757 0.0667237287656341 -0.278165302758602
v -0.0333192547075984 -0.100653474351599 -0.252898613802612
v -0.0329233677636536 -0.0107765552012375 -0.34299025713297
v -0.0328298986881076 0.0109606657805087 -0.39743895237607
v -0.0327868625970692 -0.0641796073613112 -0.287670790441755
v -0.032752473312947 0.0254780394052087 -0.239171624370502
v -0.0327157256140961 0.173565657581254 -0.0716250377679985
v -0.0327078737134757 -0.0113039954813107 -0.350698950556536
v -0.0325148582141785 -0.288443575692477 -0.499755332554641
v -0.0324897972880798 -0.0681573311800592 -0.431807032407769
v -0.0323544602890539 0.0700922639297783 -0.215819666049983
v -0.0323124751078143 0.220227792614311 -0.120112831880897
v -0.031957891710523 0.220179302284633 -0.116180045093046
v -0.031784183702956 -0.300771765268804 -0.475817244556599
v -0.0317464152255336 -0.181562796305457 -0.107929638377746
v -0.031633392798396 -0.15601595723859 -0.167737634463342
v -0.0316215997568273 -0.153827692553708 -0.170213474911499
v -0.0315746239475278 -0.162159080974102 -0.159328199020455
v -0.0315083612483578 -0.0142399057304821 -0.393608134562789
v -0.0311662254077845 -0.173773635411357 -0.217499659502289
v -0.0307990602536566 -0.026908849094187 -0.23858516006676
v -0.0307905849831377 -0.213718876198678 -0.0355317416480618
v -0.0304902748480752 0.0220784301620972 -0.391882928750632
v -0.0304096702450525 0.21632314272457 -0.073113279169864
v -0.0303723032853163 -0.0115528147503541 -0.249950196523787
v -0.0301799651708852 -0.299239002394838 -0.474341672217013
v -0.0301738158183442 -0.0373009153451309 -0.304762608605512
v -0.0301365954461204 0.0713907591310926 -0.273883866135557
v -0.029695253539326 0.219156987788307 -0.0936122986579975
v -0.0295042076790749 0.0766866299296943 -0.434037962433151
v -0.0294479667291959 -0.20990597957925 -0.18192693561989
v -0.0286028045556983 0.00148817576808259 -0.342439392907364
v -0.0285087127368272 0.0340400015622274 -0.235781087195305
v -0.0285063651473538 0.221723799561625 -0.140262629181629
v -0.0284742059107136 0.218059040867336 -0.0833703933238458
v -0.0284065203291966 0.0201476317226278 -0.335090871706503
v -0.0283976934342101 0.104398909637483 -0.249934471785641
v -0.0280439716687525 -0.0377568522952875 -0.301617703421975
v -0.0276706317616407 -0.0168786321787566 -0.350596945228008
v -0.0276078367776641 0.0437030653724581 -0.222814450567649
v -0.0275234365366565 -0.0447508813158593 -0.226979724978845
v -0.0274616780000166 0.00499432667960917 -0.340481702044224
v -0.0273402217744152 0.0444271783834657 -0.222676935792551
v -0.0269029571375394 -0.0386434961470916 -0.301309986353994
v -0.0267087385283085 -0.172896482444777 -0.0461839906290286
v -0.0266034150984691 -0.103005952960495 -0.20678087702153
v -0.0263916939590063 -0.0439600633751153 -0.22930480938509
v -0.0259873198455915 0.0446588661648708 -0.222806277321831
v -0.0258649537739752 0.0682096645111889 -0.280001318440621
v -0.0255663578409012 0.174898442086685 -0.0746969256040087
v -0.0255046906926185 -0.0473917007185828 -0.227437095013843
v -0.0246909773264637 -0.120706962638091 -0.441818771226053
v -0.0244252672420759 -0.0475665668789667 -0.499844328938201
v -0.0242732413239595 0.0240037249538344 -0.331434104034427
v -0.0241227063819385 0.09295946635943 -0.211446990804557
v -0.0241034788683173 0.176529422481627 -0.0826173723226877
v -0.02399885064755 -0.295213236067417 -0.470431828634657
v -0.0236741064297102 0.254402543648527 -0.499818098669491
v -0.0234984728285328 0.083992119844601 -0.434102792927452
v -0.0233003250878061 0.254576209314327 -0.45556633636813
v -0.0232473722591702 -0.0895703185415836 -0.257587479401649
v -0.022889028143961 0.17319240976633 -0.129851528305572
v -0.0227699111638023 -0.131952147326571 -0.443918292698748
v -0.0226263023511589 -0.110113779062726 -0.439181782736508
v -0.0225936834607189 0.17068313145912 -0.140850685774456
v -0.0223386010443786 -0.123331380792621 -0.441984800736527
v -0.0222810772594462 -0.0430958501009092 -0.2997376422472
v -0.0222442214742392 -0.0965115736655982 -0.208439069797547
v -0.0221742537258389 -0.178349048875623 -0.215648286923742
v -0.0218713382599025 -0.088048003728276 -0.258097595702568
v -0.0218524061172241 -0.214954354088151 -0.0375986296691098
v -0.0213742415829027 -0.0565871631858314 -0.427548808909746
v -0.0213615911219794 0.109901447267881 -0.24855879830109
v -0.0207963948488971 0.0477205374914702 -0.222780096351316
v -0.0207644040600588 0.0641977787144516 -0.287574892165513
v -0.0207422181339232 0.0777306830406227 -0.432794530734698
v -0.0206792243585502 -0.28337945577601 -0.45919756403746
v -0.0205871862635369 -0.0564522188500909 -0.426670851935377
v -0.0203804596496272 0.178754895550131 -0.101761726513374
v -0.0202053182495052 0.0216439526623894 -0.366374059099786
v -0.0201754551891171 -0.137737806921537 -0.190463444791431
v -0.0201364919054052 -0.0793169514656803 -0.432113109513917
v -0.0200984375372503 0.046549264257893 -0.22502348971245
v -0.0200218726610286 -0.0889692341412933 -0.258137802481958
v -0.0198625217033936 -0.0786787863841185 -0.273843540764207
v -0.0197713459563292 0.105047223211682 -0.209135565289207
v -0.0197497241793901 -0.167830251825083 -0.226888545172127
v -0.0196764245686429 -0.227914525291743 -0.113398196758099
v -0.0192550842769314 -0.0260291769152964 -0.39347942920706
v -0.0190921189258095 -0.0385067624806541 -0.238230831793433
v -0.0190920290372245 -0.0584408575961538 -0.427430955143962
v -0.0189775368646431 -0.127211596748161 -0.443104082988948
v -0.0189721895231102 -0.0263027807726712 -0.39320105525243
v -0.0188344169486112 0.1752832567462 -0.123455903946611
v -0.0187989509142924 -0.276597206505398 -0.455837659341392
v -0.0187299834314909 -0.0572703866810641 -0.425828370002917
v -0.0186957752020777 0.177507440256015 -0.113964281493004
v -0.0186516080600333 -0.274896451281768 -0.49976697554516
v -0.018503529451057 0.177893583917936 -0.110369589276384
v -0.0182559059695487 0.175239995132177 -0.0723553797255781
v -0.018083012865735 -0.136583390446977 -0.499784074680426
v -0.0179198470732513 0.25770185396315 -0.49979740841948
v -0.0178940620621218 -0.0841184701393071 -0.267134116694083
v -0.0176655893014543 0.0782824773870347 -0.271356624995967
v -0.017627200994465 0.0983753698814319 -0.211033156107663
v -0.0174102095223195 -0.057180194760862 -0.426160895425432
v -0.0173502787547387 -0.142935009334353 -0.18775080591153
v -0.0172886602494181 -0.027790156549958 -0.334957177986611
v -0.0170728053950879 -0.0606188083885752 -0.293231648469396
v -0.0169021461304326 0.0291612014363081 -0.335678196995405
v -0.0162114205451147 0.270738712386728 -0.499721487906075
v -0.0159447067520258 -0.130695373373102 -0.443995697170235
v -0.0158624145775961 -0.0858934822939739 -0.26602287387042
v -0.0157530936863345 0.0287889090177321 -0.397584661665897
v -0.0153172891280785 -0.262711701029967 -0.49976823941449
v -0.0152247951436076 -0.263545357131731 -0.455485735060091
v -0.0149060530218149 0.201734341696768 -0.189388735926234
v -0.0146329753398452 0.0638521986791845 -0.429894765560791
v -0.0145606372491913 -0.0308433027808256 -0.335811784425437
v -0.0143182849264316 -0.0847516605634011 -0.268950075512617
v -0.0141413780359902 0.294751629031265 -0.496972423719504
v -0.0140575914473704 0.175032407258822 -0.0710410432601218
v -0.0140080843194607 0.270315244072661 -0.456292239189595
v -0.0138998695163833 -0.239876606348783 -0.499765737804475
v -0.0138381745053463 0.293829698752238 -0.498005290777524
v -0.0138131044661721 -0.240835651114891 -0.454852601122943
v -0.0135188998811303 0.0368606802411161 -0.304238218517111
v -0.0134764923739231 0.109140198449452 -0.249700005513002
v -0.013425984347931 -0.138176962120133 -0.190111634502965
v -0.0133775226415776 -0.227790383294639 -0.454487282318333
v -0.0133050192691664 0.219031516303292 -0.067490937937574
v -0.013274242240954 0.0702703081640846 -0.499862168206165
v -0.0131913312371554 0.295777263190388 -0.496154268998659
v -0.0131406041398199 -0.220686633570199 -0.454280355326965
v -0.0122889142465227 -0.0433799764979333 -0.239370932679814
v -0.0119979729912427 -0.143307202162222 -0.499774510138835
v -0.0117570480059806 -0.138908933335114 -0.189705654342794
v -0.0117252170841781 0.0301570182307413 -0.39645816770487
v -0.0114032894192066 -0.0335836408420571 -0.393396955918272
v -0.0113706457980262 -0.0336437922992483 -0.38782864062818
v -0.0112782047592283 0.0306057682111918 -0.398043993990361
v -0.0112490623765157 -0.0321237250476094 -0.248199078466172
v -0.0110713553464105 -0.0341952861635051 -0.336775983550091
v -0.0109944055349748 -0.0343370793568176 -0.32364996394524
v -0.0108459851654301 0.10320650116704 -0.208504938351847
v -0.0106144427860031 0.103370123628929 -0.208415213122148
v -0.0105509203700748 0.0306778115779693 -0.396043363296718
v -0.0102604799980062 0.0303044791116301 -0.396296516238489
v -0.0101543458635439 -0.19736545083781 -0.499762196333893
v -0.0101226001412306 -0.0432289043061473 -0.238239461662853
v -0.00937882418779461 -0.0882026377607681 -0.257921919283867
v -0.00873411953393182 -0.0812948234060928 -0.499809615556596
v -0.00850362072960667 -0.164738077949572 -0.499758244436007
v -0.00837550999443055 -0.0701221586278675 -0.214963710092889
v -0.00826886284906138 -0.176036784956377 -0.050309334315713
v -0.00823639599787701 0.295303421254864 -0.49791866273491
v -0.00794667459422899 0.100398482646729 -0.438442177210586
v -0.00777430426703585 -0.0442118383774224 -0.2300229559358
v -0.00764666116633515 0.0514253148123776 -0.297424722794736
v -0.00749098140903785 -0.057033908610032 -0.427923038241022
v -0.00706241323935023 -0.0906054823022479 -0.499802411565786
v -0.00704109252244343 -0.176165670599602 -0.0506028232207189
v -0.00695227082272978 0.0294116604630256 -0.396799895242204
v -0.00692457930797553 0.291036446590253 -0.470284403088672
v -0.00673402216230335 0.299222660720428 -0.484320131128042
v -0.00673208875832382 0.289020392081424 -0.466161683994107
v -0.0067281370473755 0.0550688654981079 -0.22405663829829
v -0.00640122534362458 -0.133823092193577 -0.245170382997435
v -0.00615502590474874 -0.179162035166935 -0.499763094606099
v -0.00594460691504874 -0.182597534848416 -0.210173959626689
v -0.00592826756379681 0.285644057027096 -0.459318744926014
v -0.00581747847600994 -0.141237749030224 -0.18811390501519
v -0.0055335131550897 -0.141302874761729 -0.188013224143589
v -0.00524533145058769 -0.0375553851908393 -0.24838956262254
v -0.0052075709126072 -0.0589535820667653 -0.221569408702935
v -0.00511290453633025 0.0367431426336698 -0.251413392110397
v -0.00502130140785811 -0.0331291259497537 -0.336845157407261
v -0.00480548013539881 -0.0567655058348537 -0.294990641530275
v -0.00475793455777873 -0.0776821662404437 -0.287073601136255
v -0.00452696238052802 -0.0658470117380667 -0.216109585937377
v -0.00449582858741288 0.0354435425205109 -0.253771633079232
v -0.00449390450771739 0.0363100056165069 -0.252543325747464
v -0.00444796981471154 0.056995591774363 -0.223219218053753
v -0.00444715278544422 0.0573635212889981 -0.222697637247267
v -0.00402475533168965 0.0571872562746564 -0.222672122232212
v -0.00395186888416214 0.0475534530815089 -0.299123032100801
v -0.0038233699431019 0.10030246090963 -0.499857525528879
v -0.00380066344780899 -0.0650734507348441 -0.216860119865203
v -0.00361645960826619 0.0354518177709651 -0.253187123149689
v -0.0035246668229695 -0.178113904943785 -0.451026449642013
v -0.00347163366787724 0.0576538218265449 -0.222467049270568
v -0.00322418475401397 -0.0406573564050458 -0.499829605883646
v -0.00303730478299741 -0.215532021058864 -0.499772497490545
v -0.00249027269544281 0.0342912498250961 -0.253781617955777
v -0.00245774513502526 -0.0662541123825027 -0.216135605215181
v -0.00210592533853676 -0.205579154649396 -0.453881779396105
v -0.00202551931088119 0.0268736609930616 -0.340232587018464
v -0.00200775174654816 -0.182817395445039 -0.0894324047679557
v -0.00146459841444829 0.22666342852264 -0.107472042953072
v -0.000658874511816898 0.139527453027226 -0.189929030180391
v -0.000573817101492116 -0.0886930279293315 -0.499797781642911
v -0.000313264376459974 -0.148456395789076 -0.447275196197478
v -0.000234252210981845 -0.163471596268855 -0.449535157268477
v 0.000960935823358221 -0.158198796562512 -0.448789256399145
v 0.000999069048483459 0.0728689085244802 -0.287393174573262
v 0.00115758062695074 0.0824388468875072 -0.257918140538967
v 0.0012327840698665 -0.177180249272847 -0.0534779175026665
v 0.00149112530558015 -0.200776589325675 -0.453411900006841
v 0.0017887264036022 -0.0391066284887521 -0.25208303316999
v 0.00183302729950798 0.101770933510361 -0.20719977854438
v 0.00245475505627003 0.0572438371524897 -0.49986764641167
v 0.00252928900476593 -0.0719150486591481 -0.215177715306267
v 0.00286962924211094 -0.17714510504954 -0.0525973987894102
v 0.00310307619002215 -0.0996103488937142 -0.438363451361044
v 0.00359661332083816 -0.218852268617091 -0.0462915208405138
v 0.00362123664484487 -0.0385503595665767 -0.253737788744089
v 0.00370987320344576 0.0803117330811023 -0.43435789868634
v 0.00424814943434965 0.118533721931303 -0.499855115005692
v 0.00467764401478693 0.0284470244603002 -0.397029286462234
v 0.00512102058086857 -0.0306828255534695 -0.392643540268981
v 0.00514915302302265 -0.218903540393171 -0.0454443590034708
v 0.00519731166701237 -0.0654256041433978 -0.218120508237071
v 0.00554992495165346 0.0249420589770295 -0.253854169584132
v 0.00557746220588588 -0.141950536097866 -0.186022446381846
v 0.00563635721712866 -0.101832649618627 -0.438962377460028
v 0.00565430157291872 -0.065140848154657 -0.218429354292017
v 0.00575521179853051 0.113806016875334 -0.442028119491491
v 0.00594298949271731 -0.0296126973941282 -0.336601376011526
v 0.0066415176696704 -0.0746811742862009 -0.214802610654324
v 0.00671060840242763 0.12199063669017 -0.499854820772418
v 0.00698876506968182 -0.177110141103891 -0.0609424159084787
v 0.00720818457098023 0.217842055179667 -0.0610822000961959
v 0.00754850400139674 -0.0569171546135584 -0.295235642796596
v 0.00768600948461572 0.223186127369946 -0.0937394748848788
v 0.00775617515677131 0.11848607011126 -0.443168499966655
v 0.00782204876095613 0.0324978019058785 -0.345502575504357
v 0.00793165571289833 -0.106131551400933 -0.252261259555023
v 0.00846532280849753 -0.175396193988361 -0.0498181725168768
v 0.00862564391479393 -0.300337423419646 -0.485638861310496
v 0.00864659739369434 -0.300591243434683 -0.485116020765872
v 0.0092492924413571 0.0311124489127186 -0.345571180189901
v 0.00928202808881436 -0.0382823214345673 -0.250008638940301
v 0.00956497376471807 -0.177978549919025 -0.12711044046128
v 0.00971001040599762 0.075374516687442 -0.433479473378296
v 0.00975026695701811 -0.11109735335121 -0.44113440357175
v 0.00983588312334922 -0.298468072003967 -0.472916286453149
v 0.0106162659669417 -0.184196891576762 -0.207545630188836
v 0.0107324423472354 -0.293035920639296 -0.467770265717315
v 0.0109921550205076 -0.175583443230739 -0.139049892277118
v 0.0116031427235544 -0.116030877228198 -0.499770129322102
v 0.0117618229552875 -0.154883824693371 -0.172023500802955
v 0.0118034857244509 -0.174579231054045 -0.144062965130371
v 0.012158157629476 0.0492969938238541 -0.49987100725764
v 0.0122165900061652 0.218407612477313 -0.064012168774031
v 0.0128987473732104 -0.172638642274264 -0.151469679736837
v 0.012919815836783 -0.0692795148602184 -0.216328969653711
v 0.0130689699568634 -0.288891528355108 -0.46381537810239
v 0.0131456472557551 -0.229058299422584 -0.114123652047498
v 0.0131653201488421 0.130896163149122 -0.44453491821322
v 0.013255291799368 -0.16596964892218 -0.160478885200564
v 0.0132625602085934 -0.166501463077364 -0.159932748774874
v 0.0133685623405871 -0.296184844084507 -0.494704148411218
v 0.0134128336459636 0.21768574774364 -0.0602121627749334
v 0.0136824051864553 0.023715774472818 -0.390865552515643
v 0.0136916031930983 -0.0373154121530726 -0.24761895964511
v 0.0137546489338287 -0.176863570374497 -0.0730803297395919
v 0.0139070445727947 0.15384696380248 -0.446868645418087
v 0.0140047287004858 0.175032590808157 -0.145682011421373
v 0.014017468448826 0.174221889332676 -0.0671208807741168
v 0.0140271775747564 -0.298236081583601 -0.472624149257563
v 0.0141759770718615 0.185601824276625 -0.499811496599148
v 0.0142029706833537 0.0722655786619144 -0.215213103008475
v 0.0142199540144791 0.188570197955693 -0.451277783536933
v 0.0145369383423765 0.187255142549932 -0.499810469507931
v 0.0152134381647726 -0.110375503722589 -0.250793231478311
v 0.0153999156320048 -0.289272240330962 -0.464134324758399
v 0.0155310015087041 -0.0582768592772182 -0.429818687927393
v 0.0155885594632468 -0.300455396530297 -0.486095092310734
v 0.01559366371258 0.0906909453840066 -0.255415564581481
v 0.0158035919123993 0.153870940552665 -0.499836279929057
v 0.0158718083335892 0.165114187536866 -0.448047743676395
v 0.0161803035458186 -0.276086920599802 -0.457448555661007
v 0.0164772538493459 -0.0287814279158295 -0.384337648704193
v 0.0165268808788193 0.0190895616564914 -0.25390569554753
v 0.016558401966489 0.135661086760872 -0.445087029482106
v 0.0165858426578435 -0.127217514634563 -0.499777077568536
v 0.0167888998054371 -0.283186759250954 -0.461103648449834
v 0.0168177440573173 0.170857120613919 -0.448833590150942
v 0.0172869501783153 0.149379228062536 -0.23741902957248
v 0.0173543108665409 -0.11173354293265 -0.250331084558699
v 0.0173726364553103 0.217958294259391 -0.0676003270791561
v 0.0176110040821535 0.200872303164723 -0.452956123757547
v 0.0178095827749539 -0.184840073463736 -0.451886193107059
v 0.0179811189021561 0.216795037258894 -0.0596964270469956
v 0.0179829747301832 0.0445288220754615 -0.499862874568474
v 0.0180455396448241 -0.272839267419695 -0.455891295773247
v 0.0181634510269215 0.13806866035152 -0.499849540606186
v 0.0181814227066162 -0.296577584189206 -0.494375890298959
v 0.018377755300498 0.222473008339895 -0.102819631796778
v 0.0184902964948936 -0.186176923441921 -0.204977448825649
v 0.0185746600610448 -0.195178609818774 -0.452962769939709
v 0.0185842487484131 -0.0831900965126866 -0.265962210242724
v 0.0186140561400687 0.105582266863578 -0.250854289064046
v 0.018657026166312 0.204677315009287 -0.453146248761586
v 0.0191024570353097 0.178234544197806 -0.101470425143797
v 0.0192223315144475 -0.0372195659998308 -0.30297811565249
v 0.0200445011077263 -0.124068421810147 -0.444403849870958
v 0.0202394152998051 0.282666118428112 -0.49898302989726
v 0.0204451201992068 -0.223280955999282 -0.124269894137007
v 0.0206827707005117 0.0658009382885372 -0.432883751647454
v 0.0208855003328901 0.127901394054047 -0.444393527355181
v 0.0209982483074668 0.133029252722311 -0.499855003730745
v 0.021106296142599 -0.13272330882012 -0.499782582050581
v 0.021193904152141 0.217741339791069 -0.499819538282812
v 0.0216266343590666 0.0357542308671851 -0.303990682633988
v 0.0216881935216669 -0.214689297467746 -0.144275835971875
v 0.0216951122883206 -0.1729930318195 -0.152270041770057
v 0.0219532870265157 -0.0276739982121471 -0.396434761970504
v 0.0219816397022997 0.177214442671431 -0.0931707033712869
v 0.0220504809422176 0.0151125736526609 -0.253938719794516
v 0.0220661800894808 -0.181216791715107 -0.111451881642656
v 0.0220804335357148 0.289648667031702 -0.498468784909175
v 0.0221813725512684 0.176886936112428 -0.0904309032053074
v 0.0223350224933641 -0.221028936620965 -0.0700007234484318
v 0.0224132904878709 -0.0524901667782318 -0.226474442361592
v 0.022442770081557 0.0967610694370951 -0.253567298430196
v 0.0225762979297943 -0.285009596931342 -0.499810275748705
v 0.0226201489763183 -0.258988542782499 -0.499805841147593
v 0.0226217037109652 0.0339638267314424 -0.304791342883535
v 0.0226745870662255 0.273264518076127 -0.499696081264842
v 0.0226963458443641 -0.285002114024506 -0.499810395474198
v 0.0227796521626307 -0.284734723920578 -0.499810433426744
v 0.023033799931109 -0.187206316908451 -0.203462508389344
v 0.0232363386540257 -0.177842417815453 -0.21229734738845
v 0.0232687254241285 -0.18846950239097 -0.202239463468762
v 0.0233546134660732 -0.0811876087838106 -0.270627579826386
v 0.0233571444592245 0.0243564746676131 -0.328096545287271
v 0.0233677435462126 -0.171767223240095 -0.218029293603213
v 0.023455281224087 -0.221217697262097 -0.0719151018706892
v 0.0234794659339769 0.17731068920237 -0.0941372899400149
v 0.0235803774720308 -0.210396583768926 -0.161755207243951
v 0.0236571384312658 -0.0262321418227391 -0.379534356210534
v 0.0237785963293066 0.0346464791481951 -0.304103038301622
v 0.0238573358399109 -0.204284058176456 -0.453946185004721
v 0.0242929062452233 0.0207869083106927 -0.387814070158699
v 0.024336048100474 0.171406340794812 -0.0660853244123891
v 0.0243832801079379 -0.0228758336305305 -0.380079080121508
v 0.0244525565236503 0.020674935396098 -0.382916621579989
v 0.0248230793276514 -0.165410333060033 -0.223870086899148
v 0.0248506929242928 -0.224618952374561 -0.118801604891209
v 0.0249757221001439 0.0194137494095985 -0.382775819122439
v 0.0252090622437241 0.297026264029996 -0.49270884258502
v 0.0252986066736864 -0.22674748797938 -0.11345857069738
v 0.0253503026571191 0.022491885293895 -0.328009018974539
v 0.0254846517629988 -0.181523842559709 -0.107023147812859
v 0.0255836597449257 0.177424814228868 -0.121990843629412
v 0.0256761168219076 -0.181689831443038 -0.104671195541434
v 0.025755240423501 0.178238167957235 -0.118437826131255
v 0.0258522354214863 0.0956380425673221 -0.205912002671431
v 0.0258546550463307 0.232794888435032 -0.454551413668514
v 0.0260487374865753 0.0195554319639696 -0.333952008017998
v 0.0260606717660631 0.17915017280621 -0.109909769942242
v 0.0260919109045259 0.178858533053375 -0.10745481275737
v 0.0262521424179741 -0.159483889708873 -0.226882142451613
v 0.0263315067301461 0.0120106010587152 -0.253918982736808
v 0.0264713141594324 -0.179434291725179 -0.0946337225974623
v 0.0266272978115526 -0.204782065490518 -0.184421519475704
v 0.0268067485237915 -0.214844194898068 -0.0343034984704174
v 0.0268226562795271 -0.20504280002764 -0.183253931505183
v 0.0268428918808014 -0.078528285507426 -0.272263234918512
v 0.0269825467716633 -0.0871969551967638 -0.211513553472528
v 0.0270585468116913 0.240573881380439 -0.499826535532366
v 0.0270792044284716 0.106207577982798 -0.250679137851018
v 0.0272004197720301 0.298958393149572 -0.486034255172214
v 0.0272403631664552 -0.0182653414060601 -0.379363704210974
v 0.0273894226718621 0.051555901578869 -0.499858771426064
v 0.0275554326246687 -0.0432776159208985 -0.49980047379623
v 0.027826011941008 -0.0876839352614062 -0.211337848631472
v 0.0279790934444339 -0.221511531769645 -0.0798402596414571
v 0.0279911485633457 0.0106625539245299 -0.253575460561354
v 0.0280573248537759 0.0150164640333298 -0.328019632105517
v 0.0282523945212301 -0.134311330682038 -0.446263677994363
v 0.0282747536897717 -0.248560454110898 -0.499809746325651
v 0.028351812700517 0.2499968205762 -0.499829160127282
v 0.0283740970540454 0.0165581176030963 -0.253935279552957
v 0.0283875532790049 0.21264330365304 -0.154089208083739
v 0.0283956707798852 -0.0222222363085458 -0.332533121727789
v 0.0284621069385995 0.0315596121347623 -0.302601790160127
v 0.0285575824731871 -0.17127215834207 -0.0577236156968624
v 0.0285653675215023 0.251553022965669 -0.499820094869258
v 0.0287697119031259 0.278492903234786 -0.456839098344258
v 0.028849088873789 0.2782377076145 -0.456782775858791
v 0.0288631137750318 0.215491811874328 -0.146684681427333
v 0.0289797569776601 0.039478702174461 -0.418274364910336
v 0.0290498556721494 -0.0526023180044986 -0.429472995525604
v 0.0290626961690374 0.000127947894691757 -0.252669973645046
v 0.0291961534394225 0.179176860024083 -0.110459886618261
v 0.0292439795584929 0.284325619609983 -0.461097773860529
v 0.0293021403089999 0.176711017062155 -0.0984309877181794
v 0.029601675620985 0.282650611565108 -0.457697729306711
v 0.02965423457059 0.219129717001002 -0.129840781064225
v 0.0298356133111257 0.103603352634456 -0.202580759620709
v 0.0300238093234182 0.0107819527340899 -0.380637809235655
v 0.0301267911636284 0.219581968913308 -0.112704017166938
v 0.0302555847709641 -0.0206483145074368 -0.314084739996703
v 0.0305921702107179 0.272010505725827 -0.456513333955105
v 0.031029162393891 0.270456084438385 -0.456435316106901
v 0.0310293227391153 -0.0372525883500651 -0.235682211199444
v 0.0311393532847211 0.110030267116644 -0.249514686219798
v 0.0312248335124849 0.210337317246662 -0.159544085000141
v 0.031296923827069 0.170655116802934 -0.0710490391555748
v 0.031300994078504 -0.142305458878894 -0.447584195346139
v 0.0314690939023963 -0.124484876623843 -0.444912209717538
v 0.0315280999319438 -0.0347675082794606 -0.237026420571825
v 0.0315794236544171 -0.144037260710579 -0.180778106473029
v 0.0316044151555753 0.20856422081843 -0.164040049617685
v 0.0316941585732537 -0.121923286633793 -0.444535968343128
v 0.0319682899335018 -0.00813509990736383 -0.328358525304908
v 0.0320242083993813 -0.164544531302213 -0.499799064919873
v 0.0320702354877042 -0.00769748710533173 -0.328340086484003
v 0.0321454194286548 -0.139593973796661 -0.447209589984268
v 0.0322260610584177 -0.214547412407228 -0.0360067561559681
v 0.0323995009990575 0.00448435372943582 -0.327998441794603
v 0.0326786599588396 0.105657732059847 -0.25085877972199
v 0.0331751145405135 -0.136994725246819 -0.187808273992206
v 0.0332318116982763 -0.0159865451950716 -0.499812131652063
v 0.0332620781542527 -0.0635636505712666 -0.499782931679932
v 0.0334494775397915 -0.0642303730658991 -0.499783235344425
v 0.033553026835591 -0.0718935234752286 -0.43402004188211
v 0.0335927990631921 -0.20247459465442 -0.499807174738277
v 0.0336600469748546 -0.24413598223507 -0.455150904005866
v 0.0336739989623511 -0.182716280370559 -0.206443351169613
v 0.0337863273810907 0.197173900077808 -0.185941197385881
v 0.0339111505899981 -0.0911101018932859 -0.499788327332702
v 0.0339979442727784 -0.0609910900320388 -0.431730429514665
v 0.0341836264541037 0.00774236447133483 -0.499825830350044
v 0.0343464741611376 -0.0404520173549012 -0.227699837089793
v 0.0343803291935519 -0.0519558501546241 -0.42969909889172
v 0.0345480719727377 -0.0508073048619887 -0.428274044398094
v 0.0346176529532786 -0.135286987566524 -0.189386966164567
v 0.0347157901096694 -0.0877262523812262 -0.437436211920503
v 0.0347157901096694 -0.0818247996170145 -0.499787540235998
v 0.035075060093872 -0.214170547596188 -0.0370183498458869
v 0.0352928512437113 -0.00133424232951385 -0.306649457638275
v 0.0354461831786739 0.169873027868024 -0.141282699251261
v 0.0354669238632314 -0.240815040077941 -0.455060850496452
v 0.0355449822821447 0.176947553001914 -0.10737188841739
v 0.0355506270555024 0.108873868724129 -0.199938542497134
v 0.035749816482897 0.176817375315027 -0.107772239631568
v 0.035853539592138 0.194118970401377 -0.191436561948684
v 0.0359119121674441 0.168086565023925 -0.148079148497535
v 0.0359323001609079 -0.00149533587116093 -0.327913373229206
v 0.0360459280826846 -0.15246565235496 -0.499801039941589
v 0.0362247148102786 0.105959206457253 -0.499863337297911
v 0.0362304375757137 0.166087415645567 -0.15016968736892
v 0.0365702024189176 -0.00925012401934163 -0.250883978912781
v 0.0366096751505224 -0.0932341798935081 -0.209415910119681
v 0.0366276622339046 -0.00935972936009277 -0.250769790436961
v 0.0366416818389739 0.192958727535571 -0.193522892852138
v 0.0366669241028097 -0.00916411318246146 -0.250875601554466
v 0.036920550414539 -0.170542683316023 -0.0604948573493441
v 0.0370692631736203 0.114014170944554 -0.443328518338093
v 0.0371609635097136 -0.100165359091357 -0.208028219586372
v 0.037229087673361 0.028596867378738 -0.499835894250722
v 0.037276649968883 -0.00183401198109752 -0.372617711719281
v 0.0373381290725343 -0.102596261956047 -0.207362619357124
v 0.0373862620913321 -0.103534976816352 -0.206881366729088
v 0.0379569822232597 0.168304250342821 -0.0677491238502496
v 0.0382810121760418 -0.0334296523721205 -0.231986068400411
v 0.0383088210881586 -0.00209404229269605 -0.406941015685295
v 0.0384141395749444 0.168167660817068 -0.0676448098683641
v 0.0386087549943056 -0.230520660142934 -0.454772009515222
v 0.038636229744109 -0.130016998210358 -0.192111743095922
v 0.0389322430334902 -0.102422160798904 -0.207421691016659
v 0.0389878669213408 0.0815555823475083 -0.499866794172728
v 0.0391656340949025 -0.212514902556966 -0.499814520557388
v 0.039172867292904 -0.0844825420220943 -0.210851326900994
v 0.0393785763168884 -0.0480204446579277 -0.425684897168957
v 0.0395159578878839 0.0848431075556237 -0.49986833772998
v 0.0400669397546156 -0.098109561603514 -0.208141507045602
v 0.0401439917424111 -0.181100554879126 -0.112635144593757
v 0.0401677869123486 0.0461591666166057 -0.431430320523285
v 0.0404293211605496 0.102492334043703 -0.201459560817386
v 0.0405980046076647 0.0440064779740706 -0.431140791209996
v 0.040633147160039 0.216025966105971 -0.0844977982698648
v 0.0407277326198827 -0.0328346375892098 -0.229855487567603
v 0.0410051745856911 0.0825389454294475 -0.436942498588319
v 0.041034558782982 0.081922071613541 -0.258154992688087
v 0.0413685350969333 0.214807546920994 -0.0763514154082579
v 0.0414527930103659 -0.0317575571767653 -0.230369430650978
v 0.041534352526858 -0.0453125406197173 -0.42732147518799
v 0.0415705386428308 -0.139082141304192 -0.236246835645339
v 0.0417577950416448 -0.100363547213426 -0.207325731028851
v 0.0418851805364144 0.0202324393507435 -0.298844011916223
v 0.0419615433288437 -0.0510364175410293 -0.430020672205677
v 0.0420267094514976 0.117597098974412 -0.195989679616092
v 0.0420900743452951 0.100865838433425 -0.499865429540475
v 0.042292337409325 0.0907967798847774 -0.438277492961464
v 0.0428416478665181 0.172136890592984 -0.123121888449464
v 0.0428847705909703 -0.126398875256182 -0.242989180996336
v 0.0430233042452038 -0.128475192826538 -0.242279269232096
v 0.0430975460007987 0.168166149208972 -0.139159986531415
v 0.043386285500405 -0.13668578259409 -0.23742846437587
v 0.0434230584531308 -0.0784390282998784 -0.211601535168896
v 0.0438114769323582 0.0375164838565204 -0.42348581808374
v 0.0443697622082417 -0.128329501572657 -0.242200507467771
v 0.0445591558515354 -0.170219470541918 -0.0646426067392815
v 0.0446025304653202 -0.0548853190628061 -0.289937572217712
v 0.0446725174758749 -0.0359226749536845 -0.499789676264756
v 0.0447580055195573 -0.026016969509922 -0.231560745006852
v 0.0448143863608579 0.149171866138586 -0.166480793274964
v 0.0448515622092312 0.107439723764708 -0.442150492069407
v 0.0449920608497859 -0.0408223254460635 -0.430226619793845
v 0.0451412489551893 0.122597888378971 -0.193810965389628
v 0.0451481736005897 0.176001127471154 -0.209242696212377
v 0.0452180549656958 0.170098624124384 -0.128670269063155
v 0.0454829266765517 0.281312594820873 -0.456973164229833
v 0.0458027724274772 -0.169873389398604 -0.0654693320462948
v 0.0460331582046764 -0.0754339793018984 -0.211926288998853
v 0.0461131474775924 -0.0293007177164303 -0.227994075810592
v 0.0461667386421509 -0.20317777374019 -0.49981997084385
v 0.0465038353763719 -0.0308387456780599 -0.225577441204669
v 0.0465507567714085 0.124901050194418 -0.192514676283151
v 0.0469218648664673 0.0359274057237811 -0.219594679956423
v 0.0470235041433799 -0.139181283588007 -0.183912799498446
v 0.0470292947201514 -0.0841396796810585 -0.256777739104778
v 0.0470700526350337 0.124807529731821 -0.242928380545016
v 0.0475288931103467 -0.0168448705130503 -0.424648707678765
v 0.0476914441432863 0.126973537505652 -0.189848268379803
v 0.0481354913744421 -0.0549174316058444 -0.289320888874205
v 0.0481863739181783 0.169129913855936 -0.213608574704298
v 0.0482186738761571 0.142485659019628 -0.172925435719695
v 0.0482444856312312 -0.0298603144957675 -0.43044764773208
v 0.0482648408071221 0.164613114892067 -0.147606383926827
v 0.0484072884003764 0.216131202151582 -0.0957786457918314
v 0.0488791989913564 0.214500512908761 -0.0841844357971789
v 0.0491444910945709 -0.133722103177824 -0.238461864019238
v 0.0491661127644899 0.127631831681807 -0.241761326182086
v 0.049239169528588 -0.0569312300204476 -0.288138669984664
v 0.0492522703453518 0.16385678934261 -0.149538882800933
v 0.0497862365171656 0.0123502886593179 -0.416755859270492
v 0.0498567216810334 -0.0362888597928012 -0.430912237489547
v 0.0498635701613617 0.123874680323815 -0.192696117289956
v 0.0498819054071563 -0.0321874934221036 -0.219876344763195
v 0.0499197495612619 0.00910417997584447 -0.418142604293162
v 0.0499426663338189 -0.135157127922346 -0.237524534063531
v 0.0499964553461066 -0.0560565354059005 -0.288441856381378
v 0.0501438982997478 -0.0548359609395244 -0.288695094288277
v 0.0503006664045475 -0.137879134601924 -0.184376466022744
v 0.0503473450320319 -0.055568889047672 -0.288449134758285
v 0.0505579300336599 -0.212600034303755 -0.0458979174292443
v 0.0505822351406482 -0.0564150936585687 -0.288165161356174
v 0.0508708040147523 -0.0547494680804822 -0.288311273771779
v 0.0508976785589454 -0.0203421540453313 -0.230185179556058
v 0.0512179252524346 -0.0546612694174461 -0.288136567555078
v 0.0512452910539558 0.0508538654144096 -0.287761459550712
v 0.0518393002349554 -0.13275251045806 -0.189929173134288
v 0.0518393989432427 -0.10078566780425 -0.250735590332685
v 0.0522197550416343 -0.0518972915968068 -0.288091504526421
v 0.0523668358537951 -0.202430098314041 -0.185566577578989
v 0.054033593282993 -0.136331085205028 -0.18498118847615
v 0.0540748027695987 -0.0186348913636798 -0.228589088830979
v 0.0543885143723914 0.139004822841882 -0.175251670065496
v 0.0545355601868679 -0.0973392800596266 -0.251636526700701
v 0.0551896109939459 0.214698873009068 -0.094188403336062
v 0.0554635897409951 0.148447768833871 -0.164773525638481
v 0.0554976175580082 0.06199077147541 -0.434972030814288
v 0.0560091224599907 -0.299664408578821 -0.491795875844397
v 0.0560431454875048 -0.295910474978976 -0.46969559647317
v 0.0563988536108478 0.169624992740147 -0.097228802386959
v 0.0565632002071812 -0.0354128442955471 -0.218606217545158
v 0.0568800997347777 0.20999849358006 -0.154754868005877
v 0.0572272744917333 0.169180917020251 -0.0981406584858373
v 0.0575553118112191 0.212375007813324 -0.149896542477732
v 0.0576184179955046 -0.0244237848731888 -0.220618843699514
v 0.057628833285354 0.211129182731753 -0.152334182384017
v 0.0577455362248021 0.209151645545941 -0.1562035245827
v 0.0577871361078315 0.143292326778412 -0.169813210967049
v 0.0579957232839263 0.00679119687853474 -0.29468886432434
v 0.058053077280984 0.298718125256848 -0.487592709622859
v 0.0582144535533353 0.211973513190554 -0.150326269603223
v 0.0583420789225059 0.21208487933693 -0.149680789257113
v 0.058542727435862 0.00456672050898331 -0.294946597924047
v 0.0586942530116012 -0.0156973118002602 -0.220722355521018
v 0.058784359916767 -0.119160737926821 -0.193355229154379
v 0.0589181793047541 -0.17208226829677 -0.213497767328796
v 0.0589250245764553 0.189165156031141 -0.195310029298759
v 0.0589538835746936 0.212213907790732 -0.145427909282914
v 0.0590600644918234 0.135957769223941 -0.177458657819555
v 0.0590723981389637 0.213219148213353 -0.11362518739843
v 0.0591303016408727 -0.0206899358814746 -0.290002260248914
v 0.0594910812973326 -0.120457928963663 -0.192553465328541
v 0.0596403409581712 -0.0237176710569581 -0.220558259174114
v 0.0597207347364513 -0.153487640598332 -0.226837016427807
v 0.0598436972832892 -0.202488990543815 -0.454035454357084
v 0.0600854126100596 -0.0293053248967034 -0.49980407413318
v 0.0601132931077745 -0.0219201395916215 -0.220858285191524
v 0.0612463351376136 -0.0230888081680046 -0.220385976064228
v 0.0619244828059872 -0.163479989631181 -0.0661252574890855
v 0.0620030272796189 -0.0249059326148925 -0.287651445863793
v 0.0622209930752421 -0.124962663472146 -0.18892034875422
v 0.0623888143742246 0.212296176610133 -0.119712643093831
v 0.0628843242316179 -0.170777439981119 -0.214259931418649
v 0.0629759324268772 0.16258324192717 -0.0621683494225408
v 0.0633522506758091 -0.0274577254789431 -0.285028275799141
v 0.0633648525157654 0.1655372535439 -0.107931393977791
v 0.0635153235224235 -0.197769921905731 -0.45357479269113
v 0.0637338838132437 0.209376890890001 -0.0658014325651126
v 0.0639920365328271 -0.0832651038800838 -0.252617075976342
v 0.0645272171804517 0.102385775270514 -0.248895746973074
v 0.0649014583475451 -0.209773902734972 -0.0548316809797954
v 0.064988367197089 0.148870814133924 -0.223304143707735
v 0.0652745322667169 0.209055730478504 -0.065086111652607
v 0.0653996924847242 -0.163207372961607 -0.221122249562552
v 0.0654549943520526 -0.0809838057637353 -0.25265470704115
v 0.0655988278048226 0.08744090292071 -0.203103682379127
v 0.0656544534642646 -0.161823285765245 -0.0663196938750848
v 0.0658578954634617 0.166303575680812 -0.0926280319226059
v 0.0662188874061739 0.157130553844771 -0.217616619067746
v 0.0662690354982908 -0.128624663352742 -0.185083947905836
v 0.0663215945185043 0.145498547449911 -0.165427196101784
v 0.0664169842819764 -0.155755989661656 -0.224984621017992
v 0.0666137284559989 -0.218891668428871 -0.111197564465864
v 0.0673126657974831 0.0344073054587767 -0.431743481096795
v 0.0675696851332054 0.211351980918299 -0.113873846100693
v 0.0682981039708598 -0.0488700978350954 -0.213420093888289
v 0.068428528179912 -0.159807143041707 -0.152521569152036
v 0.068479193469598 0.211116697279739 -0.114993206467553
v 0.0685484712580457 0.0427986364173335 -0.433094545588623
v 0.0686257961489694 -0.0469653513576127 -0.270881683772674
v 0.0687858185038274 0.155307992494028 -0.218012238141891
v 0.0688333666116749 0.16252605772275 -0.114635542487033
v 0.0690188866948888 0.162399812085479 -0.115069747896669
v 0.0691239135596045 -0.171349690944794 -0.499837634340844
v 0.0694147069964845 -0.0415408228044725 -0.214799666675768
v 0.0698077373315413 -0.125913096938048 -0.184769025120215
v 0.069849183861758 0.158325441335233 -0.0604391236608334
v 0.0700625451055149 -0.189039078464272 -0.452720634297409
v 0.070473747487467 0.0989003799611407 -0.249510691547102
v 0.0705480698740065 -0.12549692114831 -0.24066919363888
v 0.0708325400622508 0.157861404222037 -0.21574950631894
v 0.0708637474469808 0.0275237120451026 -0.499805157611896
v 0.0712418883407799 -0.127202102520098 -0.183414160372656
v 0.0713534287455195 0.193730510218469 -0.179266353849569
v 0.0715871108674458 -0.0454144567781711 -0.268045114176968
v 0.0716227609802402 -0.0455822559337656 -0.267760136424336
v 0.0719052384347706 -0.201887338105158 -0.45406537474703
v 0.0719492324966087 0.202920751827424 -0.453036821457266
v 0.0722177508850693 -0.176897132440007 -0.451479615198487
v 0.0725918432893742 -0.071976116389609 -0.25245701172059
v 0.0725931571325318 -0.0448875719828961 -0.267081447522556
v 0.0728220781064659 -0.149464545870645 -0.499837595327525
v 0.0730003367636431 -0.114317283101145 -0.445004420670576
v 0.0735840653943234 -0.0650955953744044 -0.253441103128621
v 0.073746285743288 0.207535998542487 -0.0632268589286099
v 0.0737632197797892 0.0274295993666794 -0.499808096603802
v 0.0738998958592144 0.190293048575247 -0.184679812800707
v 0.0741055115045152 0.190035233819085 -0.185077639169423
v 0.0741185578853744 0.00851996292204765 -0.287106480532592
v 0.074241247157948 -0.156760823495708 -0.220734566040812
v 0.07425940321251 0.155927874612564 -0.152275223848827
v 0.0743150263713714 0.207195887886061 -0.0630846619507803
v 0.0745015966249704 -0.16397903221306 -0.450268764489327
v 0.0745692737686588 0.150529378665278 -0.219336184388172
v 0.07488364714275 -0.281749140284197 -0.499862442612498
v 0.0753095772645061 0.120774336044189 -0.178719306384921
v 0.0753889851127192 0.0957774011184257 -0.249242928089458
v 0.0754817779960584 0.146787842001875 -0.158540098583962
v 0.0755445861506844 -0.0162176487188061 -0.216529040908446
v 0.0758847991726831 0.0812691612869 -0.203709201313257
v 0.0762216261061923 -0.0472963900166213 -0.257809433062288
v 0.0762891712333003 -0.117007878916401 -0.186216462064307
v 0.0763688619445243 -0.206327738678847 -0.0550334053511725
v 0.0764472911490465 -0.0474017389236653 -0.257702140368193
v 0.0765587094322303 0.210186026263704 -0.0891780183080341
v 0.0767560918850223 0.153333809196561 -0.0546629914871259
v 0.0768325018836856 0.0476833266687035 -0.258472707724432
v 0.0770491907990539 -0.0820913715551807 -0.249504345842702
v 0.0771277192248155 -0.0466880478384764 -0.212195438303696
v 0.0773511628975044 -0.00600827230470835 -0.215448401890003
v 0.0774589720707851 -0.0825707670762315 -0.249313872828845
v 0.0774946200490904 -0.0120836318599649 -0.274735691371082
v 0.0778520582637467 -0.162811142990619 -0.214880452363407
v 0.0780039327133274 0.0414436491818767 -0.434674820126466
v 0.0781143337406685 0.107752482760743 -0.443552580891446
v 0.0785596185746095 0.154502811657322 -0.137901952944689
v 0.0785711713301209 0.147410904796217 -0.156597661000906
v 0.0786640971241734 -0.0154008987632692 -0.435150622805446
v 0.0787696410579137 0.124481754476884 -0.173683892012223
v 0.078960967425125 -0.039815981084563 -0.26169115598803
v 0.0790499373165325 -0.0731935958208878 -0.206059233895643
v 0.0792489750787439 -0.00971031103394676 -0.27201654150577
v 0.0792977001075723 0.152490890808327 -0.0581671176401547
v 0.0794875658200035 0.116835464191796 -0.179070429600521
v 0.0795631185887202 0.104142445114225 -0.246841757230668
v 0.0796681439994091 -0.000183412250791484 -0.214436800941316
v 0.0799009426619925 -0.16140624665196 -0.214732241751721
v 0.0800586845459806 0.0786749413523922 -0.203666914102284
v 0.0800898577800417 0.0152114265590728 -0.21314651610287
v 0.0801599089817233 0.0256821646030963 -0.211560852297527
v 0.0801606225732946 -0.00812233535861567 -0.258181607567263
v 0.0802358267398622 0.116180425030791 -0.179203868554752
v 0.0802511402790359 -0.0229392071630032 -0.499823306304232
v 0.0803150542675371 0.0885605752562557 -0.249780968483402
v 0.0803651120901485 0.17705527614667 -0.198433956880858
v 0.08041911870771 0.151338359045849 -0.0552916956174821
v 0.0804363871843713 0.0347804820813604 -0.210120974314098
v 0.0806334178584719 0.106165397139736 -0.246047523219215
v 0.0810205613170202 0.0780241493124121 -0.203487395813873
v 0.0816937784660822 -0.0377104581012048 -0.259348858749727
v 0.0817500087291223 0.105403678754145 -0.246199615318211
v 0.0818061677608425 0.150264568931517 -0.152914269488421
v 0.0818344990592185 0.171627710895735 -0.202146947286897
v 0.0818789849760185 -0.0369356989443342 -0.258031307859963
v 0.082057609777246 -0.0399308653510453 -0.258015684115345
v 0.0822514129593616 -0.0370548171887546 -0.258456556947766
v 0.0826180169902768 0.150965364286711 -0.0631184601873608
v 0.08334045102757 -0.0821376977197072 -0.200732961619755
v 0.0834001573214814 -0.0822570445786179 -0.200642799548522
v 0.0835165503120566 -0.136157930616465 -0.166810867087965
v 0.0836586769878172 0.149263600158494 -0.0559385230953143
v 0.083698243423931 0.0833700863395195 -0.201917499337047
v 0.0838334137532736 0.0836345553052691 -0.201830350432024
v 0.0838553373498464 0.083675771138922 -0.201813757302596
v 0.0838774101190704 0.0837168056332275 -0.201796375178944
v 0.0839110411780112 0.0837599217567648 -0.201741478925858
v 0.0839241945503901 0.0836615703721472 -0.201808892154115
v 0.084245062565489 0.111660329309731 -0.241418188431981
v 0.084308020412345 0.150413467883636 -0.143931098873742
v 0.0843123788453509 -0.00646998837305531 -0.263144941615964
v 0.0844199275653002 -0.0122092947145717 -0.214109947291033
v 0.0844461485862865 -0.0470180996164981 -0.210715122419963
v 0.0845943213928138 0.0846958110783059 -0.200713856803052
v 0.0847535345906117 -0.00572488377062772 -0.256734320113234
v 0.0849591371962403 0.150260997142234 -0.141023205347853
v 0.0849613689272058 -0.157785410096962 -0.214465209932646
v 0.0850017452883914 0.00376024144055498 -0.264713145672273
v 0.0850463602789566 -0.0113590236893752 -0.213994402364599
v 0.0855387908769564 0.149738054660419 -0.142909097301971
v 0.0860533621459817 0.150603876517961 -0.129212930978234
v 0.0860983898598479 0.202323522105103 -0.136608404950809
v 0.086293467721592 0.123521631242756 -0.170809755110008
v 0.0867513400501357 -0.158736563501417 -0.11875807518495
v 0.0868826398148936 -0.0345614869088709 -0.256457718808726
v 0.0870441040712416 0.0884766847978383 -0.196710736101908
v 0.0871140958361347 0.088115614036737 -0.196878063276115
v 0.0873350719077826 -0.159261562345372 -0.109827278263924
v 0.0873392255073392 0.173116128243056 -0.199450119956253
v 0.0873858231691028 0.277467778280936 -0.499653801399654
v 0.0874776712099623 -0.155882621114854 -0.0899552665715221
v 0.0875683130096536 -0.159646304760118 -0.112767380799298
v 0.08757066110511 0.115574904188084 -0.176154292197937
v 0.0876196259499647 0.173152895410379 -0.199233846731396
v 0.0876374217736049 0.172947699780991 -0.199493568638096
v 0.0876396745169811 0.0680927274000021 -0.203067342558594
v 0.0876783723601379 -0.0669071733622269 -0.205766199288882
v 0.0876969637562394 0.167320778101421 -0.203758865867891
v 0.0877853791166904 -0.054910946479769 -0.251656692528501
v 0.0879513957846997 0.145777770637501 -0.152868535648521
v 0.0880477209666847 0.0686647117981023 -0.202864391700088
v 0.0880713766344482 -0.201673984634504 -0.0555126285128005
v 0.0881208344776543 0.145525864330068 -0.153448983431731
v 0.0881232372467463 -0.156933781007915 -0.124299637510968
v 0.0882121895210167 0.201069968376201 -0.141489581885297
v 0.0886387837762226 -0.135237346130246 -0.448111497505417
v 0.0888593531262054 0.200367895773692 -0.143097843209258
v 0.088872607471582 -0.161087868170381 -0.210256743007409
v 0.0889399357327166 0.160729803285332 -0.20842157077107
v 0.089169670712827 0.0645842913105329 -0.203151577309711
v 0.0891707489390731 -0.0884850791647626 -0.194655991752982
v 0.0894822214855577 -0.150547179753193 -0.0634081701103428
v 0.0897623874951881 -0.0718191822513041 -0.202935460306867
v 0.0900488072160328 -0.140355397120885 -0.158544279910007
v 0.090520243030433 -0.140458031462587 -0.157479523841823
v 0.0906280220818227 -0.162404616241983 -0.208476450377665
v 0.0908237503785148 -0.149746379702832 -0.0622492988018966
v 0.0910502257437325 -0.144748624310856 -0.146802573708585
v 0.0910752908144392 -0.123943099932762 -0.447078920968049
v 0.0911797871393478 -0.00186853950226516 -0.211774043195102
v 0.091188227211035 0.0835193151628706 -0.196756750004693
v 0.0914121370056183 -0.139128810515365 -0.158924059513068
v 0.0914270919499314 -0.12751038096605 -0.170546712582796
v 0.0925001060539224 0.191089529917195 -0.172678783415161
v 0.0925329077849397 0.0135256245661931 -0.254082941588436
v 0.0927004528945954 -0.0795761954385431 -0.197530402727879
v 0.0928344007675136 -0.121025233139568 -0.176163813498897
v 0.0929094340911831 0.0975289457694166 -0.187126365933635
v 0.0929517335603492 0.0228756299593523 -0.253830736300667
v 0.0929568023378732 0.135172496523582 -0.223651031379345
v 0.0931985662150124 0.134112327245298 -0.224260032382683
v 0.0932590147643093 0.0254557404071811 -0.499828088950195
v 0.0933655927957822 -0.132483947560415 -0.499855381334881
v 0.093595674754678 -0.133822862436186 -0.162877634291482
v 0.0936353307577512 0.0768444584519841 -0.199028534461166
v 0.0939736390869406 -0.265095011269949 -0.45600182823739
v 0.0942059973334232 -0.0937029300028063 -0.189543370505043
v 0.0944508596475763 0.0447440029624213 -0.253080716445593
v 0.0946028052676853 0.127085298250608 -0.227653115288606
v 0.0946559643494293 0.0548136875889474 -0.251159410561576
v 0.0947275776962967 -0.120526510491587 -0.446939356098007
v 0.0949567643122546 0.0792648359275385 -0.196642613276221
v 0.0949811865801259 0.083445035729664 -0.194118742881811
v 0.0949961849764995 0.0861798466696474 -0.192465830780057
v 0.0956798211722721 -0.10367282652634 -0.239490950218457
v 0.0961269148461169 -0.104171828158673 -0.239254484307143
v 0.0961543293105273 -0.155762083830381 -0.112791321726358
v 0.0963834309872586 -0.0101573550914415 -0.437985235406823
v 0.0965895034913321 0.0641508735951098 -0.248790823705784
v 0.0967016480221029 -0.0100646539859158 -0.438047937491754
v 0.0967226782669942 -0.288616109424632 -0.487295043870585
v 0.0969713396337716 -0.0865886816368707 -0.19186449634428
v 0.0970846732729713 -0.0600540208481819 -0.2054467471895
v 0.0972822573195597 0.180277759138236 -0.184062514000616
v 0.0974433417669681 0.191175158511717 -0.0438278453610952
v 0.0978934889808743 0.144168600276896 -0.118661667733507
v 0.0986079333482313 0.0427878803391564 -0.203252424848471
v 0.0987120419969622 0.0732806624177138 -0.197575040982398
v 0.0990601729360764 0.07251058094 -0.197572500722758
v 0.0990812635412351 0.144445142874312 -0.106947047022873
v 0.0994092083951154 -0.0469968345713484 -0.205981352170321
v 0.099725937571446 0.0569910392068822 -0.249051683550542
v 0.0998746228908921 -0.12548144958748 -0.499860737431234
v 0.100275179896814 -0.115241261142171 -0.446923526745665
v 0.10030496062793 0.020904884046554 -0.49983597487121
v 0.100860198880034 -0.0821902545299931 -0.192247447110757
v 0.100860503115099 -0.196680426667767 -0.056637575792652
v 0.100860791865327 0.143941092541511 -0.100008994887466
v 0.100924238280522 0.143847146734596 -0.0996412308676799
v 0.10112943318272 -0.0638033832960978 -0.246661703404842
v 0.101256380021144 -0.0911938729628739 -0.187428938556704
v 0.101601816601029 0.0381817899008975 -0.438634690483155
v 0.101870151819875 0.137323401913382 -0.0575998402502177
v 0.102279293073206 0.0377251469775556 -0.438699887847615
v 0.102297624168881 -0.136304373366793 -0.219504353091975
v 0.102329033826456 -0.138058259548009 -0.0506553786213189
v 0.103062014730447 0.000863536230193485 -0.208680516834487
v 0.103397457236649 -0.195089971306568 -0.0569797606217237
v 0.10342230267339 -0.0103438265612953 -0.439393851882563
v 0.103423378854307 0.0699733552227262 -0.196226156423919
v 0.103575175270743 0.184199292343314 -0.172039914010737
v 0.10387855781351 -0.0756344438907578 -0.19415941884757
v 0.1040532317487 0.08326737330105 -0.187809126182821
v 0.104485628094918 -0.046612660770442 -0.203450852541566
v 0.104816120367753 0.163244755405703 -0.201996590621031
v 0.10525240451661 0.191079885301583 -0.151098426827538
v 0.105548302108452 -0.174574476678482 -0.0610730170747267
v 0.106216826554221 -0.0735180515341046 -0.24362065873567
v 0.106475500724265 0.00164469568615924 -0.207581352670815
v 0.106585001894515 -0.115197986137091 -0.229786186153176
v 0.106669381356442 -0.172866384808285 -0.18853598388447
v 0.107096696945434 -0.0255406682594488 -0.251146877301677
v 0.107156625963993 0.0793227100431009 -0.242441797984437
v 0.107442576581028 -0.00187246375216316 -0.2078288951926
v 0.10795985525775 0.281293367521711 -0.47190562798414
v 0.108300136552944 -0.128658266844128 -0.221144992326836
v 0.108612761444362 -0.196491543258439 -0.138295905203554
v 0.108895723896813 0.134335078241283 -0.0697862637703157
v 0.109279253242746 0.00227962119839234 -0.206297647624193
v 0.109419070880243 -0.0639870755857816 -0.244518566384543
v 0.109715390605457 0.0299650930729045 -0.20100083575241
v 0.109770508757631 0.132572325101026 -0.0657662234208696
v 0.110148461662232 -0.0229398767125907 -0.49985344420731
v 0.110474760840252 0.186749134636825 -0.153642695583623
v 0.110546028646272 0.130133089304887 -0.058712219021445
v 0.110564153616971 -0.198501439313444 -0.0940285512526711
v 0.111034179195885 -0.0489260881995154 -0.199817257254767
v 0.111715967716141 -0.0936079848175206 -0.181138382297209
v 0.111946936673339 -0.0807926147233067 -0.240854579851255
v 0.11196956582197 -0.174938993185458 -0.1787126291933
v 0.112267627993504 0.127405427151784 -0.155493687888542
v 0.112745238500433 -0.131656172707173 -0.217098444680777
v 0.112809389232474 -0.0493778357086767 -0.198340751398628
v 0.112932913675463 -0.193513312860218 -0.135911684190425
v 0.113067605221832 -0.128451770722724 -0.219032112141373
v 0.113360684758103 0.0415892198677711 -0.247293479437085
v 0.113529668261976 -0.122335774547066 -0.222376972329893
v 0.113798678261613 0.177838847720776 -0.171450167514437
v 0.113944578472277 -0.19248503043053 -0.139612483575303
v 0.113954531376366 -0.186808281202244 -0.152407120584275
v 0.114364287162039 -0.194637597469971 -0.107946496435765
v 0.114441986029896 -0.190545224867864 -0.14326892234514
v 0.114453989754759 0.186208490684151 -0.148323038663231
v 0.114582342706454 -0.0384861515553363 -0.199385675709554
v 0.114824710485656 0.167171816747944 -0.186312043534558
v 0.114964687680641 0.191072539862006 -0.13466260276233
v 0.115070654178984 0.191165632877551 -0.134124250813741
v 0.115104513926611 0.191180410094371 -0.133800916395498
v 0.115186798988557 -0.126163132497497 -0.0434066742821047
v 0.11528995259496 -0.194533911531985 -0.100555726458566
v 0.11532383935999 0.191072268234118 -0.134054820460805
v 0.115582374748321 0.0165287791968093 -0.201042700098611
v 0.11563003800645 0.162650818456542 -0.192246650725877
v 0.115644822819018 0.189888295474856 -0.113196525726988
v 0.11575828140692 0.162361695641221 -0.192550713054536
v 0.115925585427406 -0.194000502998807 -0.0929059114743552
v 0.115961265752194 -0.192780925073692 -0.0858496183568782
v 0.116019185305008 -0.0245300697298729 -0.499859635857384
v 0.116106263477299 -0.0448799368459236 -0.197770356986892
v 0.116344429833291 0.181154311508075 -0.0469912046740201
v 0.116642865603154 -0.107429776465057 -0.499858545112102
v 0.116698716382175 -0.0870211092267141 -0.238116703471635
v 0.116931087672602 0.18922078222767 -0.136202169303318
v 0.117256275749899 0.189505705736121 -0.134052355075844
v 0.117658562226221 0.189598484492722 -0.130080274812882
v 0.117864387329701 -0.12391783629005 -0.043031109855895
v 0.117985441280973 -0.111939873479952 -0.226343299641291
v 0.11811394043614 0.184289827551551 -0.0723528794363103
v 0.118381975433632 0.150331934721572 -0.201566540638175
v 0.118383623492868 0.123303395294838 -0.0583866793163759
v 0.118602871181037 -0.1663694835851 -0.189188538559459
v 0.118818069584494 -0.187773273977921 -0.0697903340106675
v 0.118906269141493 0.187811699947475 -0.107275492332998
v 0.119112279194402 -0.0253672284136439 -0.499859181138488
v 0.119286582346405 0.0973865111641061 -0.233181424088015
v 0.119924292299481 0.00465273620379299 -0.199291036735803
v 0.119931771300241 -0.0712711418047935 -0.184245314887672
v 0.120194097526147 0.132796778618033 -0.212011111496204
v 0.120224737936865 -0.184927188455417 -0.0610137198326384
v 0.120251352978225 -0.113182193419553 -0.166957732714024
v 0.120948031061337 -0.161439844045961 -0.193278426926955
v 0.12107971178662 -0.106137594994093 -0.447659478769043
v 0.121164140600335 0.0907952481942915 -0.171186615464225
v 0.121556591551427 0.101287461702348 -0.229864500717729
v 0.121788829841425 0.125605439640978 -0.215729112779349
v 0.121949546613743 0.12478370150445 -0.216127541014818
v 0.122061444305116 0.185366383477754 -0.0925151796728712
v 0.12212852636869 0.178834373483426 -0.0477405454588363
v 0.122180941640621 -0.183402324774864 -0.0599150186119896
v 0.122662983233546 0.0131646415319926 -0.196807903186054
v 0.122846966888196 -0.0507252069070034 -0.44366719417846
v 0.122905562107605 -0.153488545906447 -0.197472141431413
v 0.123026280867724 -0.0163589256873391 -0.443370216008655
v 0.123033695251131 0.0193314137790781 -0.499859157244182
v 0.123231215967958 0.0229177514849396 -0.443030804373509
v 0.123318734423408 -0.0973193829014187 -0.230629053887584
v 0.123318893441057 0.0397215093687159 -0.442885593745967
v 0.12375113277727 0.182821874974539 -0.0826535253155635
v 0.124658613776367 -0.0958863160849789 -0.170786657361223
v 0.124975335985438 -0.0801208882483284 -0.237658941950318
v 0.125282495148291 0.0961058871445007 -0.231101960462741
v 0.125430554849426 -0.0709150739369504 -0.239197660491892
v 0.125433541946811 -0.117470919723047 -0.0419629541470683
v 0.126011437812141 0.0441983786454315 -0.499857878776652
v 0.126099277446492 -0.0731999692846668 -0.178969349264585
v 0.126281374471161 0.179885408785112 -0.07326285175406
v 0.126334920820227 -0.0526262334355328 -0.242254573984993
v 0.126699706595711 0.0422548535302517 -0.499858907105334
v 0.126936623425166 0.178804655975117 -0.0688601185679168
v 0.127341582027413 0.101566526926933 -0.160349199171044
v 0.127493020787256 0.0472154192144017 -0.499858852976016
v 0.127584240066279 0.095031954515147 -0.164101707569827
v 0.127635136195215 -0.0263321971953232 -0.246649526970915
v 0.128074111874791 -0.161213094619862 -0.189706450962578
v 0.128390861174198 -0.0255884561656223 -0.194060516895314
v 0.128393535804364 0.0074153134711415 -0.243434812160434
v 0.12871947724333 -0.269931570471143 -0.467831156008483
v 0.128829664742988 0.104773185671186 -0.224435609525124
v 0.129055810725183 0.175997571291903 -0.0480081776696728
v 0.129356933466938 0.0510099810256981 -0.499858630875431
v 0.129509020182598 0.054239654183839 -0.187211735296037
v 0.129823212137675 0.0184450297540752 -0.443764808556605
v 0.129842594536038 0.125425336984328 -0.106120306640398
v 0.129943599350218 0.176009368700158 -0.0520943737457714
v 0.13050601143461 0.17498052502264 -0.0481546222067166
v 0.13062207549725 0.106016503473614 -0.222876041316991
v 0.130701166920302 0.113514370030954 -0.0616359419842625
v 0.130740845348579 0.0507967910709852 -0.188404998683216
v 0.131243604938462 -0.0700441423164385 -0.176507542989948
v 0.1313640439667 -0.016227987119554 -0.193779368272636
v 0.13173500693972 0.0448621331613099 -0.188280855498384
v 0.131841152939184 -0.0728755776664384 -0.23478816776454
v 0.131913054667154 -0.0874714637112612 -0.231361620498474
v 0.131993035533114 -0.0966385863764977 -0.162968641084309
v 0.131993291664785 0.0529407736119879 -0.186233604635069
v 0.131996641609697 0.0459116379901777 -0.187900971462978
v 0.132349315705783 -0.00416218326564236 -0.192110592599363
v 0.132594756567429 0.102620960981242 -0.156000625171887
v 0.13321007653966 -0.10758885022943 -0.221745521467691
v 0.13368060565365 0.0175161140493887 -0.241347013460109
v 0.133850254955342 0.0469711582989249 -0.186057362457305
v 0.134041329677061 -0.0998242031998014 -0.499856136056335
v 0.13414760148278 0.0785095963456529 -0.231869433425476
v 0.134536547328834 0.0165516063570067 -0.241243663789262
v 0.134551654616514 -0.0667446885363253 -0.445890002387882
v 0.134929657298301 -0.0982563545099526 -0.159205864097874
v 0.135114559121933 0.0184949724396702 -0.499857410608463
v 0.135296754641946 -0.105493235489427 -0.0403384548421202
v 0.135370295503479 -0.0513576952416457 -0.445178793916066
v 0.135494189026308 -0.0818309213024952 -0.230295182533158
v 0.135750821193495 0.0241109004213899 -0.444335803776668
v 0.136024758680823 0.100819604567311 -0.149988564976528
v 0.13609526056603 -0.0585466677851618 -0.445641813216353
v 0.136136425764452 0.0937876739360272 -0.227337670578398
v 0.136167413414184 -0.170716096977363 -0.0513896858229309
v 0.136235564292104 0.267317122385226 -0.493822962105531
v 0.136241683604227 -0.0191551098025117 -0.190914638936075
v 0.136599275111982 -0.11129437255366 -0.218000298055208
v 0.136731664070292 0.0109339904855998 -0.499857086855256
v 0.136790855879153 -0.0987546496361972 -0.153502684625508
v 0.136996010305245 0.0489263040103007 -0.181744439523956
v 0.13705685615909 -0.0464802291127344 -0.445121816897613
v 0.137356430664673 -0.0744797896527228 -0.230763370067688
v 0.13753140345826 -0.0898874045405505 -0.499855754380692
v 0.137573137218379 0.00952873938901381 -0.241202047071951
v 0.137766100191598 -0.12054013771964 -0.108019306209714
v 0.137940642367166 0.0178893831728346 -0.444623156678072
v 0.138168141620145 0.029181468607949 -0.44454329533258
v 0.138697354193286 0.169021258369706 -0.0476301546148354
v 0.138768776133116 -0.113760347912714 -0.215249944102796
v 0.138995467968338 0.176129654753115 -0.0937571175405182
v 0.139271818826211 -0.0795260004371438 -0.228326392555527
v 0.139553324862777 -0.101174419361413 -0.0428455432337492
v 0.140012460597718 0.00812978522312652 -0.240785685432013
v 0.14014712345782 -0.0213220660552944 -0.445215438359948
v 0.14056740157218 0.0749465737167438 -0.230179242356654
v 0.140706244604341 -0.0148926639563951 -0.187694657605792
v 0.140827643645154 0.100990466888626 -0.134672300354482
v 0.14100524461304 -0.0288178988034004 -0.499855992516318
v 0.141316204669413 -0.0977743904488145 -0.14396313236803
v 0.141416963481531 0.0988413154096986 -0.0667708386356353
v 0.14167310654812 -0.014463455328225 -0.187039862738695
v 0.142091920856863 0.1602365050717 -0.169818061502984
v 0.142343957055705 -0.0980221487519194 -0.499854964376621
v 0.142443095125393 0.0735373619740189 -0.22905614775157
v 0.142721030151927 -0.100177150258793 -0.135657240079434
v 0.143153925358553 -0.0233032185462382 -0.186854949576765
v 0.143362816303387 -0.0384204564077891 -0.234389027771614
v 0.143450071504662 -0.114761905366707 -0.212148726162597
v 0.143613465206704 0.0457657443074575 -0.175091214111447
v 0.143671879123046 -0.0210958796124677 -0.499855702458332
v 0.143678404789021 -0.0579479985043994 -0.499855256494576
v 0.143848481714271 0.0182125266924877 -0.499856151760852
v 0.144365806554337 -0.012370233939381 -0.445576606449169
v 0.144536819578374 0.100407749304917 -0.120101020593723
v 0.144568290419844 -0.100958176828484 -0.448868758319786
v 0.144582875858187 -0.10453616712689 -0.0871116477945785
v 0.145189779968417 0.0303237260167257 -0.237630789073871
v 0.145191986553743 -0.0910827648338886 -0.499854638793353
v 0.145615806405369 -0.105145842967532 -0.0958849966823
v 0.145623880897839 -0.103142879554582 -0.12244137598355
v 0.145659509606395 0.0956153276005983 -0.0796073205710961
v 0.146071162859036 -0.0202961183671377 -0.445828699277776
v 0.14620782862908 -0.105241941776698 -0.0999165648284594
v 0.146341179326538 0.101337685770581 -0.107768761712477
v 0.146395591753036 0.10145132702874 -0.108581680555521
v 0.14688054348979 -0.115080808238089 -0.208372707058799
v 0.146974330254048 -0.0952049783766597 -0.0651518930223428
v 0.147142446303568 -0.103607141390589 -0.217538002238587
v 0.14718316147753 0.0914877169251248 -0.0718006590648256
v 0.147238759440571 -0.0581085384746655 -0.165980265178288
v 0.147280539768184 -0.259178042252812 -0.499688360504283
v 0.147325693156262 0.0359227351870369 -0.236898695114797
v 0.147849035429318 0.0375502281644211 -0.23642310449887
v 0.147984667263489 -0.011379380885995 -0.180831986204834
v 0.148205393673408 0.13850595144556 -0.184812259448501
v 0.148398356605559 -0.0571798508012737 -0.227453887273638
v 0.148644234152095 -0.088968872122546 -0.0509183385826653
v 0.148647820270219 0.0518137679758348 -0.446347152760436
v 0.148678904156 0.0403589961305185 -0.235404708008813
v 0.148690705264799 0.0404052027804926 -0.235388693168571
v 0.1489088462905 0.00162297651111876 -0.2350595194739
v 0.14893244776252 -0.0548395973780105 -0.22764185898426
v 0.149192726834508 0.0823833838395408 -0.156414561155302
v 0.149843667405035 0.0355026539569692 -0.236128084404555
v 0.15001682031292 -0.16537909282815 -0.148519753494588
v 0.150139926241014 0.0481199769889832 -0.231402564599617
v 0.15016258230291 0.138631774729694 -0.182851833908459
v 0.150886243676463 0.119392359939863 -0.200536125678507
v 0.150898014795882 0.086685757864497 -0.0747716602525887
v 0.151100048057607 0.119520779576875 -0.200212506462547
v 0.151428564016235 0.081327497920732 -0.499855824355688
v 0.151647982213233 0.0855206936998309 -0.0754628045369672
v 0.151873000688336 0.0491281437442028 -0.229546539245299
v 0.152859726564671 -0.0203415210844582 -0.446542678044854
v 0.152909422365292 -0.155683698285308 -0.0420924842093475
v 0.152917250531662 -0.099086487523704 -0.449756094591069
v 0.153999947906096 0.0595696342372968 -0.447188239022891
v 0.154007907010649 -0.0584924961202844 -0.158913890769363
v 0.154245414051962 -0.0229694074871245 -0.230624834467242
v 0.154346308969928 0.0657346011501121 -0.221525091865502
v 0.154379193845306 0.000261048108218009 -0.173410211689985
v 0.154612007206913 -0.0584415521492665 -0.158059831659889
v 0.154811065160566 0.155263960975873 -0.45333916894967
v 0.15482268551692 0.017360023548448 -0.446402531807654
v 0.154840431820151 -0.0796415570171964 -0.0524532580999536
v 0.154976071746662 0.0782541162974134 -0.0733141775795245
v 0.155144480613258 -0.0845591229417745 -0.216646878927426
v 0.155210265000009 -0.0270053174093336 -0.229219872276983
v 0.156499633003468 0.0528698859156548 -0.157724897984166
v 0.156562373158703 -0.152660089521543 -0.0415826872014796
v 0.157035836245057 0.148696976427138 -0.0475474595556859
v 0.157496724484793 0.148213223677903 -0.0477130774917049
v 0.157541806241789 -0.261776336548355 -0.484741994483481
v 0.157612441515467 -0.0760030147595382 -0.0552421557038726
v 0.158164620633058 0.239003852214404 -0.499856760195088
v 0.158299466595088 -0.10688686158171 -0.450801007389697
v 0.158707228452076 0.0551931209192423 -0.150919181223277
v 0.158789364901938 -0.0739942773410675 -0.146605136212013
v 0.159011651794287 0.0879681332651784 -0.499854814535116
v 0.159956402354564 0.0651838867382988 -0.448060683133031
v 0.160454696726085 -0.0605935359509122 -0.14887693726671
v 0.160916018552414 0.109845399291499 -0.200218172663934
v 0.16119517868107 -0.0220911529609982 -0.22643969060088
v 0.161250423456247 -0.139537459800024 -0.452863597072433
v 0.161531620714797 0.0583797750954875 -0.142074650682744
v 0.161675184110708 -0.0865458832732269 -0.209531052323151
v 0.161882555622221 0.0592769870862859 -0.140654537542574
v 0.16201167680025 0.136982990930082 -0.167911487089731
v 0.162023879360401 -0.060823217160523 -0.143934589314092
v 0.162436526750974 -0.0681635600424904 -0.0613604714912839
v 0.162543583069391 0.0645740721382844 -0.131576699763263
v 0.162635255601892 -0.126352050843703 -0.499851705540923
v 0.163011229570459 0.0622194656410081 -0.0718817997495743
v 0.16302171703736 0.0265263816824403 -0.15889449380392
v 0.163149137117769 0.231889001016366 -0.457350312348904
v 0.163295095472636 -0.0647968255429425 -0.0641036941286704
v 0.163358656489173 0.14181903103265 -0.0499100510691899
v 0.1634760443751 0.141697429772053 -0.0499981902861548
v 0.163533039808479 -0.073844997734002 -0.0832870669001723
v 0.163697151968398 -0.0728754452834408 -0.449652538280228
v 0.164399876502128 0.0753753906795989 -0.111258855949253
v 0.164445715488952 -0.124273953370147 -0.182822233492079
v 0.1645862585281 -0.124292732617599 -0.182662835629941
v 0.164632915198376 -0.0608067216938195 -0.135936560615201
v 0.165015459246663 -0.0558160520459859 -0.0654757797549958
v 0.165114349507615 0.00850567454670442 -0.162452649594273
v 0.165963536730012 0.0221058904728872 -0.154641123332425
v 0.166234150637828 0.0575883715999933 -0.213366991833501
v 0.166474530672528 -0.151564528549305 -0.0823213775866659
v 0.167027864002474 0.010345058506301 -0.159612910297693
v 0.167135571914545 -0.0823165473198948 -0.205727842137648
v 0.167594934119656 0.0113874055472323 -0.157579226350855
v 0.167837632043436 -0.0596869480567863 -0.0984361350378413
v 0.168101811429124 -0.0572474218515872 -0.107498256454943
v 0.168377710368069 -0.136670752302665 -0.0395299485635238
v 0.168520915709772 0.00431443796120723 -0.159880657083299
v 0.169220460605319 0.147380053549815 -0.133986059636292
v 0.169439465975704 0.252093675973335 -0.491105051136575
v 0.169664419008176 -0.0146361007355208 -0.221648061419952
v 0.169828347315247 -0.0212294140307093 -0.499851941046854
v 0.170033523688386 -0.0965920176280766 -0.0367816150087312
v 0.170076013215316 0.0390723097853445 -0.0698963939494508
v 0.170427359590233 -0.133596019270007 -0.49985049800551
v 0.17047305825133 0.0515010164789816 -0.100621696096724
v 0.170475209724542 -0.118856716951346 -0.452866810201957
v 0.170585316661508 0.0566711959101774 -0.113028551174154
v 0.170639076662236 0.0560623974579327 -0.112041685219395
v 0.170698943868042 -0.0532890364848615 -0.0929045988209034
v 0.171121594786452 -0.050299882564118 -0.0909181437749423
v 0.171304991060331 0.016846350235663 -0.448478354072703
v 0.17151545902026 0.0164594442788881 -0.144886572745385
v 0.172139045828967 -0.131827311907196 -0.0397267067963764
v 0.172509924875814 0.0306733040931831 -0.0682589535376062
v 0.172669118690191 0.028718728559491 -0.0679066371210531
v 0.172892114203805 0.0339226741215869 -0.499852166668961
v 0.172955372442041 0.133116113279481 -0.15112577209548
v 0.173663401828943 -0.0259780816693982 -0.0698518525629515
v 0.174562069056794 -0.124042098458787 -0.166945326909041
v 0.174715991144302 0.133482850570571 -0.146678320977088
v 0.174843199624396 -0.0674870991367646 -0.450685441843712
v 0.175363908514031 0.00717742480080487 -0.0694776126828457
v 0.175455394659875 0.133301952137267 -0.14352516513012
v 0.175629303366091 -0.00474914400844742 -0.0704445647331681
v 0.176216097112913 -0.0188632045754849 -0.0735764561479429
v 0.176415112481855 -0.0152295265624141 -0.0753215614213087
v 0.177099371322338 -0.0102903783056649 -0.217335338917331
v 0.177135840568144 -0.0244426765151889 -0.499850851845407
v 0.177296819715372 -0.218287187874908 -0.456077164941171
v 0.177341191851414 0.132134840099208 -0.101028896354348
v 0.177428646868296 0.130785124553201 -0.0929487551590124
v 0.177882838099976 0.12539164062548 -0.0615164340693399
v 0.178041770936961 0.0204065707673396 -0.126638394121905
v 0.178196030740853 -0.126170626017878 -0.453298494023559
v 0.17821950717177 0.134789812047539 -0.125509221490868
v 0.178409423647229 0.00478907307949162 -0.0914795213758641
v 0.178422503839155 0.0210087846545393 -0.449467180270604
v 0.179178398489167 -0.11850485223324 -0.0397768336928076
v 0.17927361478915 0.0200075695258353 -0.123927033434784
v 0.180295144356821 0.0520161130603189 -0.202313511999609
v 0.180599596253706 -0.121849832898706 -0.151758755719044
v 0.180772046427275 0.0155921897590035 -0.109574354007696
v 0.180787003375034 -0.0243506417504219 -0.106444025740422
v 0.181345191399101 -0.116967880762444 -0.0519151763474379
v 0.181450851534375 -0.0325287561593883 -0.44965995757168
v 0.181498347308406 0.0178728439604342 -0.115052567468819
v 0.181591297738695 0.0233901345156859 -0.116177434948918
v 0.181641336319287 -0.12847590532671 -0.0850934603683579
v 0.181673310025855 0.0857618072024012 -0.451479926934865
v 0.182401756972772 -0.0329341631745792 -0.449763635117579
v 0.182519211484887 -0.0193963957534258 -0.213598371526386
v 0.182821963947943 -0.108428219938086 -0.0247619485804138
v 0.183038205608374 0.112437475092517 -0.165898980413493
v 0.183167867741768 -0.116967026539643 -0.0599313890827623
v 0.183206448743028 0.120101470577409 -0.0705631295231407
v 0.183641989887862 -0.128753076691249 -0.124307268829958
v 0.183897120275316 0.11796521204286 -0.0666390953469809
v 0.184127132689717 -0.129895216976513 -0.113550390411201
v 0.184163251179603 -0.129352850718958 -0.121045277527412
v 0.184507639940054 -0.130212877893933 -0.102514458016018
v 0.185461908447692 -0.00336093402444989 -0.207595687574644
v 0.186065541083164 0.0265574087303065 -0.499850184143387
v 0.186170959325683 -0.133783443076382 -0.453929325010239
v 0.186984258240158 -0.00190173555407556 -0.205349129645117
v 0.187099725115068 -0.0701294468948613 -0.499848867897786
v 0.187879537471333 -0.0838022506750745 -0.184883461176145
v 0.18917971945941 -0.0994243103609161 -0.177918472606227
v 0.189618061177101 0.0478481107653277 -0.193708006807149
v 0.190101964987487 0.0934435680529353 -0.452787440066924
v 0.19070523977049 0.114685432134662 -0.499850581453942
v 0.190883612520657 -0.0947767083557232 -0.0324118632492992
v 0.191744292640366 0.0972816692160053 -0.453192335426998
v 0.191984106347764 -0.0834069907531082 -0.178951740920605
v 0.193531798599254 -0.0839721396408477 -0.176484425088123
v 0.193723687771677 0.229231202161148 -0.472721894736684
v 0.19399312012927 -0.118981833025631 -0.113136090787733
v 0.194059906048212 0.0434916176353493 -0.190056993354306
v 0.19469435829818 0.0502814385837713 -0.188131590833267
v 0.194899925160833 -0.0322553111529644 -0.499848204044302
v 0.194971634653336 0.124211102088815 -0.499850083223096
v 0.1953694671592 0.0506277303042519 -0.187385674640855
v 0.19565609866577 -0.0883901968815169 -0.0357180228122912
v 0.195681822129334 0.0413973474465634 -0.188121892227384
v 0.195949232444539 -0.137007930307868 -0.454515530882994
v 0.196119530908716 0.00684753563397048 -0.191868934702526
v 0.196162052394819 0.0903461303398597 -0.453174771967984
v 0.19639612235285 -0.0868166912095147 -0.0366512977963938
v 0.196513647504781 0.225174635161105 -0.4946243259143
v 0.197318334991658 0.0612475786736945 -0.183410260994861
v 0.197771727041555 -0.0576615587244504 -0.452876317982749
v 0.198117421949083 0.126204159384099 -0.499849655107565
v 0.198730224934833 -0.0572407560714024 -0.452906758375054
v 0.199127397544419 0.0988568081715541 -0.078549421590055
v 0.199240039014387 0.0529978026391709 -0.181842132525721
v 0.199683904189527 0.0975710848575288 -0.0792589568802288
v 0.199937651579816 0.00946382301047421 -0.451947595575533
v 0.200315828044903 -0.224776437080683 -0.469382241530687
v 0.200733753763127 -0.226723504897904 -0.490174421266336
v 0.20090234800886 -0.0858292614207671 -0.158803134133315
v 0.201974867527037 -0.0771266751780338 -0.0500703513029663
v 0.202230445327479 0.101196974423654 -0.102891621397039
v 0.202358826691528 0.121460923595157 -0.45432648426012
v 0.20260619423905 -0.0894781045759986 -0.0927383336011159
v 0.203228779140256 0.0358743474612971 -0.178587283249558
v 0.204481352971655 0.0813981278563336 -0.0744654809713986
v 0.204615300221381 -0.0423191786430277 -0.452878701700527
v 0.204622560193388 -0.0623445771458355 -0.499846443129789
v 0.204831813195019 -0.0424131431001681 -0.452888870998408
v 0.205017081907481 -0.144780372704675 -0.499845390926545
v 0.205074097393701 0.127642899087632 -0.454608933771512
v 0.205982178270558 -0.0690596476135589 -0.0564574866789256
v 0.206678333523278 0.0814588772948836 -0.123301067849919
v 0.2068380121933 -0.0857869592419647 -0.133630542150861
v 0.207059342572671 0.0728629950080551 -0.0719359680237089
v 0.207278576296407 0.195770340847479 -0.499788356755317
v 0.208014264509616 0.00930119642196957 -0.452966662189138
v 0.208029366057547 0.0152656759731266 -0.174669959392944
v 0.208073702910014 -0.0846706701100979 -0.124263308057635
v 0.208107734967459 0.0786585445274637 -0.117838159394412
v 0.208122010631659 0.0612311576944314 -0.159916765133502
v 0.208213973007658 -0.0855563052135651 -0.12829537167176
v 0.208993737154029 0.0643765535738134 -0.157024938557522
v 0.209007925571841 -0.0625560790883677 -0.0616262741412499
v 0.209044690273557 -0.0624615543484707 -0.0616395538818687
v 0.20908770852515 0.0629967863670946 -0.157257349462086
v 0.209245064689106 0.0635176953875155 -0.156410045211674
v 0.20926633585855 0.0639285186676684 -0.155691254289791
v 0.209980809034739 -0.0635264900775715 -0.0730686781539523
v 0.210789954774532 -0.0583103151196212 -0.0695554127568349
v 0.210810675988419 0.0617236227789166 -0.0709741267940767
v 0.210999893872434 0.0653014135694296 -0.0797160302043704
v 0.211455399598372 -0.149401721654064 -0.499844409658624
v 0.211475569178451 0.0735144878077951 -0.100033595085735
v 0.211536974544061 0.0270345896566702 -0.163314897885385
v 0.211728136619189 -0.0512697674569206 -0.0633158423443129
v 0.21204955392484 0.0195084653488411 -0.164582614170948
v 0.212691885950896 0.132496884091089 -0.455028926430002
v 0.212860211209379 -0.0238351857358886 -0.452881573524995
v 0.213883153843231 0.0227672604862799 -0.155937009401661
v 0.214118991750452 -0.0108767723468838 -0.169700767830398
v 0.214464832966055 0.182246723487743 -0.45657646716533
v 0.214648473547741 -0.0407268892618214 -0.0687123570603533
v 0.214748601523231 -0.151822022382698 -0.499843907057673
v 0.215105981194629 -0.0693569243955078 -0.135642180534404
v 0.215811171268984 -0.151304492984869 -0.455943702632455
v 0.21593316643178 0.0456391338867765 -0.0678057841874107
v 0.216184577089787 -0.0517795430966805 -0.453499439599765
v 0.217120295433015 0.0272270549153629 -0.0645090217268605
v 0.217199864923976 0.0184511704117575 -0.499845610923687
v 0.217288456992129 0.0256910864327474 -0.0646229377003822
v 0.21777807592074 0.00939663655594624 -0.45339348942547
v 0.217993675562621 0.0261759656713751 -0.138257261847602
v 0.218249828710517 -0.153069048329592 -0.456449705911889
v 0.218276262636668 0.0176068158585377 -0.0652143752808053
v 0.220703995809163 -0.0164454624817658 -0.0810457983528983
v 0.221260789758096 0.0442148005244549 -0.0970086039304673
v 0.222131841256583 -0.00255869964813365 -0.0748718279529538
v 0.222162791734998 0.141431450028265 -0.499739897944749
v 0.222607326084964 0.00657628804540553 -0.453578942138991
v 0.222847861273278 -0.157772968810645 -0.49979322896756
v 0.222967979906953 0.0166225628223029 -0.122835812087924
v 0.223410824864779 0.0156156043452544 -0.121054087850413
v 0.22427197064699 0.2033584766604 -0.488633306778456
v 0.225125053212622 -0.15991197638073 -0.499777265398857
v 0.225194934110639 -0.00148000157975743 -0.0935781200845139
v 0.22523984835821 0.000272443027448964 -0.0949730217447733
v 0.226035658275588 0.147060399267983 -0.49971818880188
v 0.22615445578597 0.151940610756273 -0.456095156139624
v 0.226227664987104 0.00378979207262845 -0.103050813783189
v 0.226982869230408 0.006127269920433 -0.108566249810487
v 0.227925610136789 -0.048767976588082 -0.49984325743951
v 0.227978479291466 -0.000499748955087476 -0.11057721602932
v 0.229812538563506 0.156520473721646 -0.456363899161039
v 0.231913829957449 -0.163198593411217 -0.459305665113329
v 0.232553908674269 -0.0467694558655457 -0.454057222816455
v 0.23402290166441 0.161361891630005 -0.460637498793502
v 0.235796835580986 0.159364680597003 -0.499665862668202
v 0.236537486127538 -0.170604462472476 -0.499554549589496
v 0.236852270911478 0.0168431403600349 -0.499842766617072
v 0.237253120827253 0.161197275254551 -0.49968664518666
v 0.238136093627216 -0.167917952693783 -0.464094405183992
v 0.23867958461921 -0.00287760929132182 -0.454322507449641
v 0.238798596271712 -0.17237718814455 -0.497710841527266
v 0.240145499906026 -0.188888290070898 -0.485934229985445
v 0.24251331678094 0.177602615970545 -0.471613716126225
v 0.243125779973511 -0.171886987731601 -0.473972939122961
v 0.243619057928685 -0.175801345116505 -0.491931866184402
v 0.244495184958378 0.168228205414801 -0.469382857349517
v 0.244610343236238 0.175334116315653 -0.494739010678263
v 0.245303964396356 -0.175010894824869 -0.479568092153329
v 0.245815399831834 0.172487937073494 -0.495051798711846
v 0.246023846636047 0.17279436102077 -0.494647974688771
v 0.24636327012919 0.172909775309981 -0.494210302263608
v 0.24658319376035 0.0160323032823326 -0.499807198595333
v 0.246632398238525 0.169751574759677 -0.471989310852836
v 0.247031293844212 -0.177850774852944 -0.485892337324082
v 0.247570343771284 0.170748328610745 -0.475342332934653
v 0.248023796391622 -0.159206093381274 -0.499537329711978
v 0.249508124412633 -0.0540704171764532 -0.454852544494414
v 0.256321121750142 -0.0690653759468374 -0.499838930683506
v 0.256388064650471 0.111973839865689 -0.455995824173711
v 0.260360038681895 -0.134506769206544 -0.460987166707009
v 0.262698679437428 -0.0595142447913224 -0.455467194363593
v 0.263330835094853 0.13111886906027 -0.499598156595201
v 0.265380901194948 0.146607923813006 -0.488474306306386
v 0.265486393285509 0.0144100945740297 -0.499738164243968
v 0.267450134422651 -0.0614959729440924 -0.455764760109364
v 0.268628990149527 -0.00475819373646285 -0.455815369024236
v 0.269043516269233 -0.00474675194105407 -0.45592309563233
v 0.269089161725985 -0.0741720390992842 -0.499837033704156
v 0.270082363245967 0.0138785085627196 -0.499721553882661
v 0.270879551370644 -0.13962344656914 -0.485747246288014
v 0.271542206373324 -0.0633382349199446 -0.456518009889926
v 0.272413350845545 -0.0639100887839405 -0.457337086673132
v 0.273479167989735 -0.0510105071471766 -0.455743867930041
v 0.27404523500507 -0.0761500555544908 -0.499820904686703
v 0.275297338903619 -0.0766796010095763 -0.499816867689538
v 0.276330240513856 -0.094615948815929 -0.499835745972211
v 0.276611043002057 -0.0772362375803663 -0.499816453884376
v 0.278068415432095 0.0129649289370671 -0.499716327432118
v 0.279259401604279 0.0866786481092971 -0.499634502623543
v 0.280499882531227 0.0125172764810317 -0.4993186669967
v 0.281302794335593 -0.0790156443113115 -0.499047730627114
v 0.284751169117179 -0.0723076914215866 -0.468994462271764
v 0.28541334603527 -0.0795165861094779 -0.494481956682002
v 0.287454055064197 0.0919447837713304 -0.475711596802536
v 0.288849642596174 -0.00481170777887333 -0.461052727542388
v 0.290757791103543 -0.0836565312472738 -0.476055436663579
v 0.291069427901994 0.0133665428923603 -0.497594314604865
v 0.291077871727683 -0.0766602188780973 -0.475142662776275
v 0.292642785023936 -0.0780560686770732 -0.477837870332854
v 0.294424822037994 -0.00350268265436745 -0.465598164874967
v 0.295244256210695 0.0144084841136585 -0.463261384517786
v 0.295701244081306 0.059988833871096 -0.492514790993004
v 0.296586664482555 -0.00241544747069948 -0.468715162806913
v 0.29677376838137 0.0124019745385905 -0.494653241473782
v 0.297440725052334 0.0025534268425715 -0.480553617440988
v 0.297676402339312 -0.0276470156640661 -0.496452956427759
v 0.297945023041698 0.00888281061851724 -0.489356932639373
v 0.300709741082259 -0.0540885189829731 -0.485465913018486
f 5 2 1
f 2 9 1
f 12 1 4
f 1 15 4
f 5 1 7
f 8 7 1
f 8 1 20
f 1 9 11
f 1 11 15
f 20 1 12
f 6 3 2
f 3 10 2
f 6 2 5
f 2 10 9
f 3 6 42
f 14 10 3
f 14 3 42
f 22 12 4
f 4 15 16
f 4 16 18
f 22 4 18
f 6 5 8
f 8 5 7
f 6 8 28
f 6 28 42
f 8 20 28
f 9 10 11
f 10 13 11
f 10 54 13
f 14 36 10
f 36 61 10
f 54 10 63
f 10 61 63
f 11 13 15
f 20 12 22
f 13 57 15
f 41 13 54
f 13 41 68
f 13 68 57
f 17 34 14
f 40 17 14
f 34 36 14
f 42 40 14
f 16 15 19
f 15 27 19
f 51 27 15
f 15 57 51
f 18 16 21
f 21 16 19
f 26 34 17
f 35 26 17
f 17 40 35
f 18 21 24
f 22 18 23
f 23 18 24
f 29 21 19
f 19 27 43
f 29 19 43
f 20 22 25
f 20 25 28
f 24 21 43
f 43 21 29
f 22 23 44
f 25 22 46
f 22 44 49
f 46 22 81
f 58 22 49
f 72 22 58
f 81 22 72
f 23 24 44
f 24 43 53
f 44 24 66
f 74 24 53
f 24 74 66
f 28 25 46
f 26 30 31
f 26 40 30
f 31 34 26
f 35 40 26
f 27 71 43
f 27 51 45
f 45 71 27
f 42 28 56
f 56 28 46
f 30 32 31
f 32 30 37
f 33 38 30
f 40 33 30
f 39 37 30
f 38 39 30
f 31 32 47
f 31 47 34
f 32 37 47
f 38 33 79
f 33 40 48
f 79 33 48
f 34 47 36
f 47 59 36
f 59 60 36
f 36 60 61
f 39 86 37
f 37 86 47
f 39 38 79
f 55 39 79
f 55 86 39
f 40 42 48
f 41 54 68
f 48 42 52
f 52 42 76
f 42 56 65
f 42 65 156
f 191 76 42
f 42 156 185
f 42 185 280
f 191 42 280
f 43 69 53
f 43 71 69
f 44 66 49
f 51 57 45
f 57 71 45
f 46 73 56
f 81 73 46
f 50 59 47
f 86 50 47
f 79 48 52
f 49 157 58
f 49 66 114
f 49 114 157
f 59 50 62
f 86 62 50
f 212 52 76
f 79 52 212
f 53 69 75
f 74 53 82
f 53 75 77
f 53 77 138
f 82 53 83
f 83 53 88
f 53 99 88
f 53 127 99
f 127 53 138
f 54 63 68
f 105 55 79
f 105 86 55
f 73 65 56
f 57 68 70
f 57 70 71
f 72 58 157
f 59 62 60
f 60 62 61
f 61 62 63
f 62 64 63
f 62 67 64
f 116 67 62
f 86 301 62
f 301 116 62
f 63 64 68
f 67 160 64
f 68 64 111
f 64 160 111
f 73 87 65
f 87 106 65
f 65 106 156
f 74 91 66
f 66 91 93
f 66 93 107
f 114 66 107
f 116 141 67
f 141 160 67
f 68 89 70
f 68 111 89
f 69 71 77
f 75 69 77
f 70 166 71
f 89 153 70
f 70 153 97
f 70 97 166
f 71 80 77
f 71 84 80
f 90 84 71
f 166 90 71
f 157 81 72
f 81 87 73
f 74 82 78
f 74 78 91
f 92 76 191
f 212 76 92
f 77 80 182
f 77 182 138
f 78 82 171
f 78 171 91
f 105 79 212
f 80 84 182
f 81 106 87
f 133 106 81
f 267 133 81
f 180 81 157
f 267 81 180
f 82 83 98
f 82 98 171
f 83 88 98
f 90 85 84
f 85 215 84
f 84 215 182
f 85 90 215
f 146 86 105
f 146 284 86
f 86 284 301
f 88 99 98
f 111 153 89
f 166 181 90
f 181 226 90
f 90 226 215
f 91 171 93
f 174 92 191
f 212 92 174
f 107 93 171
f 95 94 101
f 128 94 95
f 94 103 101
f 94 109 103
f 94 110 109
f 94 119 110
f 118 117 94
f 94 117 119
f 121 118 94
f 123 121 94
f 134 123 94
f 128 132 94
f 94 132 136
f 136 134 94
f 100 95 96
f 96 95 108
f 100 128 95
f 95 101 104
f 104 108 95
f 102 100 96
f 112 102 96
f 113 96 108
f 112 96 155
f 135 96 113
f 155 96 135
f 153 166 97
f 99 239 98
f 98 239 171
f 99 127 138
f 99 138 239
f 128 100 102
f 101 103 104
f 112 128 102
f 104 103 148
f 103 109 148
f 108 104 148
f 206 146 105
f 105 212 206
f 172 106 133
f 106 229 156
f 229 106 172
f 157 114 107
f 157 107 469
f 107 171 469
f 148 113 108
f 109 110 148
f 110 119 124
f 110 124 126
f 110 126 148
f 115 111 161
f 111 115 165
f 153 111 165
f 111 160 161
f 129 112 125
f 125 112 155
f 169 128 112
f 169 112 129
f 148 135 113
f 115 161 165
f 301 141 116
f 118 122 117
f 119 117 120
f 122 120 117
f 121 162 118
f 118 158 122
f 162 158 118
f 119 120 122
f 119 122 255
f 124 119 126
f 269 126 119
f 119 255 269
f 121 123 163
f 121 163 162
f 122 158 139
f 276 122 139
f 122 260 255
f 276 260 122
f 123 134 163
f 159 129 125
f 159 125 155
f 126 147 148
f 147 126 274
f 274 126 269
f 131 130 128
f 128 130 132
f 128 142 131
f 169 142 128
f 169 129 159
f 131 140 130
f 130 149 132
f 130 140 149
f 142 140 131
f 132 163 136
f 132 149 168
f 132 173 163
f 132 168 173
f 267 172 133
f 134 136 163
f 137 135 143
f 155 135 137
f 143 135 148
f 144 137 143
f 155 137 144
f 138 167 151
f 138 151 617
f 138 182 167
f 138 617 239
f 139 158 300
f 276 139 285
f 285 139 300
f 142 176 140
f 149 140 193
f 176 193 140
f 184 160 141
f 301 184 141
f 169 175 142
f 175 178 142
f 142 177 176
f 142 178 177
f 144 143 145
f 150 145 143
f 150 143 148
f 219 144 145
f 155 144 219
f 188 145 150
f 219 145 188
f 206 389 146
f 146 389 284
f 147 152 148
f 152 147 154
f 147 279 154
f 147 274 279
f 188 150 148
f 152 154 148
f 154 195 148
f 221 188 148
f 148 195 243
f 221 148 313
f 148 243 304
f 148 307 299
f 148 299 313
f 148 304 307
f 168 149 197
f 193 192 149
f 192 197 149
f 151 167 617
f 153 165 166
f 195 154 332
f 279 311 154
f 311 332 154
f 155 222 159
f 288 155 219
f 222 155 262
f 262 155 288
f 229 185 156
f 180 157 469
f 162 170 158
f 170 300 158
f 159 198 169
f 159 222 198
f 160 194 161
f 184 211 160
f 160 201 194
f 211 201 160
f 186 165 161
f 186 161 205
f 161 194 216
f 329 205 161
f 161 216 263
f 227 161 263
f 161 227 287
f 161 287 329
f 163 164 162
f 162 164 170
f 163 190 164
f 163 173 189
f 163 189 190
f 164 183 170
f 202 183 164
f 202 164 190
f 165 205 166
f 165 186 205
f 166 199 181
f 166 214 199
f 205 230 166
f 166 343 214
f 230 282 166
f 166 282 343
f 182 617 167
f 197 173 168
f 175 169 187
f 187 169 209
f 198 253 169
f 169 220 209
f 169 231 220
f 253 231 169
f 367 170 183
f 331 300 170
f 331 170 362
f 362 170 367
f 171 239 349
f 171 349 469
f 272 229 172
f 267 272 172
f 189 173 204
f 203 173 197
f 204 173 203
f 196 174 191
f 212 174 196
f 178 175 179
f 179 175 187
f 177 210 176
f 210 193 176
f 178 210 177
f 207 178 179
f 210 178 207
f 207 179 187
f 224 267 180
f 224 180 469
f 181 199 226
f 182 215 617
f 294 183 202
f 367 183 294
f 184 451 211
f 301 451 184
f 280 185 229
f 351 207 187
f 209 351 187
f 219 188 236
f 236 188 221
f 189 204 190
f 217 202 190
f 217 190 204
f 278 196 191
f 278 191 280
f 193 208 192
f 192 208 197
f 210 208 193
f 201 451 194
f 194 451 216
f 213 195 200
f 195 332 200
f 243 195 213
f 278 212 196
f 197 208 203
f 222 253 198
f 199 214 338
f 226 199 228
f 199 259 228
f 199 338 259
f 200 355 213
f 332 355 200
f 211 451 201
f 294 202 217
f 203 208 204
f 218 204 208
f 218 217 204
f 223 230 205
f 205 375 223
f 329 375 205
f 206 212 345
f 345 389 206
f 210 207 373
f 248 207 351
f 373 207 248
f 210 352 208
f 218 208 344
f 208 391 344
f 407 208 352
f 399 391 208
f 398 399 208
f 407 398 208
f 209 220 309
f 209 309 376
f 376 351 209
f 210 373 352
f 303 212 278
f 364 212 303
f 345 212 464
f 505 212 364
f 464 212 597
f 212 505 690
f 593 212 578
f 578 212 643
f 593 673 212
f 597 212 604
f 648 604 212
f 643 212 690
f 710 648 212
f 673 678 212
f 678 711 212
f 711 710 212
f 213 415 243
f 355 357 213
f 357 386 213
f 386 397 213
f 397 415 213
f 338 214 343
f 226 225 215
f 225 378 215
f 378 672 215
f 215 672 617
f 263 216 381
f 216 451 381
f 294 217 218
f 294 218 245
f 218 344 245
f 219 236 258
f 219 258 377
f 219 453 288
f 422 219 377
f 459 219 422
f 453 219 459
f 220 231 309
f 236 221 313
f 253 222 262
f 223 372 230
f 406 372 223
f 406 223 375
f 242 267 224
f 242 224 469
f 378 225 226
f 228 286 226
f 286 378 226
f 227 263 287
f 259 286 228
f 266 229 277
f 266 280 229
f 272 277 229
f 230 372 282
f 253 309 231
f 241 233 232
f 233 268 232
f 232 247 241
f 232 246 244
f 250 232 244
f 246 232 268
f 252 247 232
f 254 232 250
f 252 232 281
f 257 232 254
f 264 232 257
f 270 232 264
f 281 232 270
f 237 234 233
f 233 234 274
f 235 238 233
f 233 240 235
f 238 237 233
f 241 240 233
f 233 261 268
f 261 233 274
f 237 249 234
f 249 251 234
f 251 292 234
f 234 279 274
f 234 311 279
f 234 292 311
f 240 238 235
f 258 236 313
f 241 237 238
f 247 237 241
f 247 354 237
f 237 354 249
f 240 241 238
f 349 239 550
f 617 550 239
f 469 267 242
f 304 243 283
f 415 283 243
f 244 246 260
f 331 250 244
f 260 331 244
f 294 245 321
f 245 344 321
f 255 260 246
f 255 246 269
f 269 246 268
f 252 256 247
f 247 256 354
f 289 248 351
f 416 248 289
f 373 248 416
f 249 354 251
f 362 254 250
f 362 250 331
f 251 314 292
f 354 314 251
f 256 252 275
f 275 252 323
f 290 252 281
f 310 252 290
f 330 252 310
f 252 369 323
f 337 252 330
f 337 369 252
f 253 262 291
f 253 291 293
f 316 253 293
f 316 309 253
f 362 257 254
f 256 275 363
f 256 363 354
f 362 264 257
f 258 313 328
f 328 335 258
f 377 258 335
f 259 436 286
f 259 338 441
f 436 259 441
f 276 331 260
f 261 271 268
f 261 274 271
f 308 262 265
f 265 262 379
f 262 288 379
f 291 262 308
f 287 263 381
f 298 270 264
f 298 264 362
f 308 265 379
f 266 277 312
f 342 280 266
f 417 266 312
f 405 342 266
f 405 266 435
f 435 266 417
f 273 272 267
f 348 273 267
f 526 348 267
f 809 267 469
f 526 267 559
f 559 267 682
f 682 267 809
f 269 268 271
f 269 271 274
f 281 270 296
f 296 270 295
f 295 270 298
f 302 272 273
f 312 277 272
f 312 272 302
f 302 273 348
f 275 323 363
f 285 300 276
f 276 300 331
f 303 278 280
f 303 280 342
f 306 290 281
f 306 281 296
f 282 368 343
f 372 368 282
f 304 283 305
f 479 305 283
f 449 283 415
f 449 479 283
f 284 698 301
f 389 599 284
f 599 664 284
f 284 664 706
f 284 702 698
f 284 706 702
f 286 502 378
f 286 436 502
f 287 381 329
f 288 387 379
f 288 440 387
f 440 288 445
f 288 453 445
f 289 351 370
f 353 289 370
f 416 289 353
f 306 310 290
f 293 291 426
f 382 291 308
f 418 291 382
f 426 291 418
f 311 292 332
f 314 315 292
f 315 358 292
f 332 292 357
f 292 386 357
f 358 395 292
f 386 292 449
f 395 444 292
f 292 444 449
f 316 293 394
f 394 293 426
f 294 321 522
f 392 367 294
f 403 392 294
f 442 403 294
f 448 442 294
f 294 522 448
f 296 295 297
f 297 295 298
f 297 306 296
f 326 297 298
f 322 306 297
f 320 297 326
f 320 327 297
f 327 322 297
f 319 326 298
f 319 298 362
f 299 307 317
f 313 299 336
f 299 317 318
f 325 299 318
f 336 299 325
f 301 751 451
f 612 631 301
f 698 612 301
f 631 751 301
f 312 302 348
f 364 303 342
f 304 305 334
f 304 334 307
f 305 479 334
f 322 310 306
f 317 307 420
f 307 334 420
f 308 379 382
f 341 309 316
f 396 309 341
f 309 396 376
f 322 324 310
f 330 310 324
f 312 348 356
f 356 491 312
f 491 417 312
f 328 313 333
f 333 313 340
f 385 313 336
f 313 346 340
f 313 383 346
f 383 313 385
f 314 358 315
f 354 358 314
f 388 341 316
f 388 316 425
f 425 316 394
f 318 317 408
f 414 408 317
f 414 317 413
f 317 420 413
f 325 318 408
f 339 326 319
f 371 339 319
f 371 319 362
f 501 320 326
f 320 501 327
f 522 321 344
f 359 324 322
f 327 501 322
f 501 359 322
f 323 369 363
f 359 330 324
f 408 336 325
f 428 326 339
f 501 326 428
f 328 333 432
f 432 335 328
f 329 406 375
f 381 443 329
f 329 586 406
f 329 443 480
f 514 329 480
f 329 514 663
f 329 663 586
f 350 337 330
f 359 350 330
f 355 332 357
f 340 432 333
f 420 334 429
f 334 479 429
f 377 335 499
f 499 335 432
f 385 336 463
f 408 410 336
f 434 336 410
f 482 336 434
f 463 336 482
f 337 350 347
f 337 347 369
f 343 441 338
f 428 339 371
f 340 346 463
f 340 446 432
f 572 446 340
f 340 463 572
f 388 396 341
f 527 364 342
f 342 405 472
f 342 472 527
f 368 384 343
f 343 384 715
f 441 343 715
f 391 393 344
f 344 393 522
f 564 389 345
f 345 464 563
f 563 564 345
f 346 383 463
f 350 361 347
f 361 366 347
f 366 369 347
f 356 348 526
f 469 349 625
f 349 550 625
f 359 360 350
f 350 360 361
f 400 370 351
f 376 396 351
f 396 400 351
f 352 373 462
f 352 423 407
f 352 455 423
f 352 462 455
f 353 370 416
f 358 354 395
f 363 454 354
f 354 409 395
f 354 562 409
f 609 354 454
f 354 571 562
f 354 584 571
f 584 354 591
f 609 591 354
f 526 491 356
f 359 361 360
f 424 361 359
f 638 424 359
f 501 638 359
f 424 366 361
f 392 362 367
f 392 371 362
f 363 401 365
f 363 365 454
f 369 401 363
f 505 364 527
f 401 454 365
f 374 369 366
f 424 374 366
f 372 471 368
f 368 471 384
f 380 369 374
f 380 421 369
f 447 401 369
f 421 447 369
f 400 416 370
f 403 371 392
f 428 371 403
f 406 524 372
f 372 524 471
f 547 373 416
f 462 373 503
f 503 373 528
f 551 528 373
f 547 574 373
f 373 574 551
f 488 380 374
f 424 488 374
f 404 422 377
f 404 377 499
f 502 649 378
f 649 675 378
f 757 672 378
f 675 757 378
f 382 379 418
f 379 387 390
f 379 390 427
f 418 379 427
f 421 380 450
f 488 450 380
f 381 480 443
f 451 533 381
f 381 514 480
f 381 533 514
f 383 385 463
f 384 471 687
f 715 384 687
f 397 386 415
f 415 386 449
f 390 387 440
f 402 396 388
f 419 402 388
f 419 388 425
f 389 564 569
f 389 569 596
f 389 596 599
f 390 445 427
f 390 440 445
f 391 412 393
f 470 391 399
f 391 437 412
f 391 470 437
f 412 628 393
f 393 580 522
f 393 628 580
f 426 425 394
f 409 411 395
f 411 444 395
f 402 400 396
f 470 399 398
f 470 398 407
f 419 400 402
f 416 400 419
f 447 487 401
f 492 454 401
f 487 492 401
f 442 428 403
f 422 404 499
f 472 405 435
f 406 772 524
f 586 646 406
f 646 772 406
f 407 423 470
f 525 410 408
f 408 414 537
f 408 537 525
f 409 430 411
f 409 458 430
f 409 500 458
f 409 562 500
f 434 410 525
f 430 481 411
f 411 496 444
f 411 481 486
f 411 486 496
f 412 437 628
f 414 413 537
f 413 420 542
f 537 413 542
f 416 419 504
f 416 504 523
f 583 416 523
f 547 416 577
f 577 416 611
f 666 416 583
f 762 611 416
f 765 416 666
f 762 416 765
f 491 435 417
f 418 427 426
f 419 425 602
f 602 504 419
f 420 429 456
f 420 456 457
f 420 457 542
f 450 447 421
f 459 422 499
f 423 455 668
f 423 668 470
f 497 488 424
f 490 515 424
f 490 424 638
f 515 497 424
f 425 426 431
f 618 425 431
f 602 425 618
f 426 427 438
f 431 426 433
f 426 452 433
f 426 438 452
f 438 427 483
f 427 445 545
f 513 483 427
f 513 427 545
f 448 428 442
f 522 428 448
f 508 501 428
f 507 508 428
f 517 507 428
f 522 517 428
f 456 429 603
f 479 520 429
f 429 520 540
f 603 429 540
f 430 458 439
f 430 439 481
f 573 431 433
f 607 431 573
f 607 618 431
f 499 432 446
f 433 452 543
f 433 543 573
f 482 434 525
f 491 472 435
f 489 436 441
f 502 436 489
f 437 470 589
f 628 437 589
f 438 483 452
f 481 439 458
f 489 441 715
f 444 476 449
f 444 477 476
f 444 484 477
f 444 485 484
f 498 485 444
f 496 498 444
f 445 453 461
f 445 461 627
f 545 445 627
f 499 446 468
f 572 468 446
f 450 466 447
f 466 516 447
f 447 495 487
f 516 495 447
f 449 476 479
f 450 516 466
f 552 450 488
f 552 516 450
f 451 697 533
f 451 703 697
f 451 735 703
f 754 735 451
f 451 751 754
f 452 483 543
f 453 459 460
f 453 460 473
f 461 453 494
f 453 473 566
f 494 453 536
f 453 566 536
f 467 465 454
f 465 493 454
f 454 506 467
f 454 492 506
f 493 582 454
f 582 609 454
f 455 462 668
f 456 644 457
f 619 456 603
f 619 644 456
f 644 542 457
f 475 458 474
f 458 478 474
f 481 458 475
f 458 500 478
f 473 460 459
f 473 459 549
f 459 499 534
f 549 459 534
f 627 461 494
f 462 503 668
f 463 482 519
f 548 463 519
f 554 463 548
f 572 463 554
f 563 464 567
f 567 464 587
f 464 597 587
f 465 467 493
f 595 493 467
f 467 506 595
f 499 468 588
f 588 468 572
f 469 625 855
f 810 809 469
f 898 810 469
f 469 855 1096
f 949 898 469
f 1029 949 469
f 469 1082 1029
f 469 1096 1082
f 589 470 605
f 605 470 774
f 668 776 470
f 470 776 774
f 524 558 471
f 471 558 687
f 527 472 491
f 473 549 566
f 481 475 474
f 474 478 521
f 481 474 616
f 674 474 521
f 474 674 616
f 476 477 511
f 479 476 511
f 477 484 518
f 518 511 477
f 478 500 669
f 478 669 521
f 479 511 512
f 479 512 520
f 481 616 486
f 519 482 541
f 482 525 532
f 532 541 482
f 483 513 660
f 483 660 543
f 485 509 484
f 509 518 484
f 498 510 485
f 485 510 509
f 486 616 496
f 495 492 487
f 552 488 497
f 489 715 502
f 556 515 490
f 556 490 557
f 557 490 638
f 526 529 491
f 527 491 529
f 492 495 565
f 506 492 565
f 595 582 493
f 494 536 651
f 694 627 494
f 651 723 494
f 694 494 728
f 728 494 723
f 495 516 539
f 570 495 539
f 565 495 575
f 495 570 575
f 496 600 498
f 496 621 600
f 616 621 496
f 555 497 515
f 552 497 555
f 600 510 498
f 534 499 546
f 546 499 553
f 553 499 590
f 499 588 592
f 590 499 592
f 500 562 614
f 500 614 669
f 538 501 508
f 501 538 544
f 501 544 576
f 501 576 601
f 501 601 654
f 501 654 638
f 715 649 502
f 503 528 668
f 523 504 719
f 504 602 719
f 665 505 527
f 690 505 665
f 506 565 575
f 506 575 595
f 655 508 507
f 655 507 517
f 655 538 508
f 510 626 509
f 509 626 518
f 600 626 510
f 511 540 512
f 511 518 619
f 511 603 540
f 511 619 603
f 512 540 520
f 513 545 660
f 514 533 663
f 515 556 555
f 516 552 539
f 517 522 580
f 655 517 580
f 518 626 619
f 541 548 519
f 521 669 642
f 521 642 681
f 674 521 681
f 583 523 719
f 524 772 558
f 525 531 530
f 532 525 530
f 525 535 531
f 525 537 535
f 559 529 526
f 527 529 560
f 527 560 676
f 667 665 527
f 805 667 527
f 527 676 803
f 527 803 805
f 551 668 528
f 559 560 529
f 530 531 716
f 532 530 716
f 531 535 747
f 531 747 716
f 541 532 716
f 533 684 663
f 533 729 684
f 533 697 700
f 533 700 729
f 534 546 688
f 549 534 688
f 653 535 537
f 747 535 653
f 536 566 613
f 536 613 651
f 537 542 561
f 537 561 653
f 538 655 544
f 539 552 570
f 548 541 716
f 542 653 561
f 644 677 542
f 677 653 542
f 573 543 766
f 543 660 766
f 576 544 655
f 615 545 627
f 545 615 660
f 688 546 553
f 547 585 574
f 547 577 579
f 579 585 547
f 713 554 548
f 713 548 716
f 566 549 714
f 549 688 714
f 617 895 550
f 625 550 895
f 574 668 551
f 555 568 552
f 568 624 552
f 552 742 570
f 552 624 632
f 763 552 632
f 552 763 742
f 688 553 590
f 572 554 695
f 695 554 704
f 704 554 713
f 556 568 555
f 557 568 556
f 638 568 557
f 558 772 687
f 676 560 559
f 676 559 682
f 571 620 562
f 562 620 614
f 594 564 563
f 563 567 594
f 564 594 569
f 613 566 714
f 594 567 587
f 568 652 624
f 568 638 652
f 569 594 630
f 596 569 630
f 570 608 575
f 570 742 608
f 584 622 571
f 571 622 620
f 588 572 581
f 610 581 572
f 610 572 695
f 607 573 766
f 574 585 598
f 574 598 668
f 575 717 595
f 575 608 689
f 575 689 717
f 601 576 893
f 576 655 893
f 579 577 611
f 593 578 1072
f 643 1072 578
f 579 762 585
f 579 611 762
f 628 655 580
f 610 588 581
f 595 639 582
f 582 629 609
f 582 639 629
f 666 583 719
f 623 584 591
f 622 584 623
f 598 585 668
f 585 941 668
f 762 941 585
f 586 663 646
f 594 587 813
f 587 597 813
f 592 588 610
f 605 701 589
f 628 589 699
f 699 589 701
f 606 590 592
f 633 590 606
f 688 590 633
f 609 623 591
f 592 633 606
f 695 592 610
f 633 592 712
f 592 695 712
f 1124 673 593
f 1107 593 1072
f 1124 593 1107
f 594 880 630
f 813 880 594
f 595 671 639
f 595 800 671
f 595 717 806
f 595 806 800
f 596 630 599
f 813 597 604
f 630 664 599
f 621 626 600
f 601 893 654
f 602 618 719
f 813 604 648
f 605 637 701
f 637 605 786
f 605 774 773
f 786 605 773
f 680 618 607
f 680 607 766
f 608 742 689
f 629 623 609
f 661 631 612
f 698 661 612
f 651 613 745
f 613 714 745
f 620 647 614
f 730 614 647
f 669 614 730
f 615 627 660
f 616 650 621
f 616 658 650
f 616 657 658
f 662 657 616
f 674 662 616
f 672 889 617
f 617 889 920
f 617 1094 895
f 920 1094 617
f 731 618 680
f 719 618 731
f 626 640 619
f 619 640 644
f 622 647 620
f 621 645 626
f 621 650 645
f 647 622 623
f 629 641 623
f 641 647 623
f 624 853 632
f 652 743 624
f 743 853 624
f 625 895 855
f 626 635 634
f 626 634 636
f 645 635 626
f 626 636 640
f 660 627 694
f 699 655 628
f 639 641 629
f 630 901 664
f 630 880 901
f 661 679 631
f 631 679 744
f 631 744 751
f 763 632 733
f 632 853 733
f 755 688 633
f 877 633 712
f 755 633 877
f 634 635 963
f 634 963 636
f 645 854 635
f 635 854 963
f 636 725 640
f 636 963 725
f 637 832 701
f 637 786 832
f 652 638 743
f 638 654 709
f 685 691 638
f 709 685 638
f 638 691 727
f 797 638 727
f 638 807 743
f 829 638 797
f 638 829 807
f 641 639 671
f 640 677 644
f 640 725 677
f 641 656 647
f 641 671 656
f 642 669 692
f 681 642 692
f 670 643 690
f 1132 643 670
f 1132 1072 643
f 650 854 645
f 663 772 646
f 656 659 647
f 647 659 686
f 647 686 892
f 647 737 730
f 647 892 737
f 813 648 710
f 649 715 675
f 658 854 650
f 723 651 745
f 653 677 693
f 739 653 693
f 653 739 747
f 654 893 709
f 655 699 701
f 655 701 856
f 655 835 838
f 655 856 835
f 655 838 839
f 839 848 655
f 848 869 655
f 869 893 655
f 659 656 671
f 657 854 658
f 724 657 662
f 724 769 657
f 769 796 657
f 796 854 657
f 659 671 787
f 659 899 686
f 787 899 659
f 726 660 694
f 740 660 726
f 756 660 740
f 766 660 756
f 698 679 661
f 674 696 662
f 696 724 662
f 663 684 772
f 706 664 683
f 664 901 683
f 718 665 667
f 708 690 665
f 718 708 665
f 761 666 719
f 765 666 761
f 718 667 812
f 805 812 667
f 668 780 776
f 668 784 780
f 668 816 784
f 668 846 816
f 870 846 668
f 943 870 668
f 941 943 668
f 692 669 730
f 1123 670 690
f 1132 670 1123
f 671 808 787
f 800 808 671
f 757 795 672
f 833 672 795
f 672 833 876
f 672 864 875
f 672 876 864
f 672 875 889
f 678 673 1124
f 674 681 696
f 715 720 675
f 675 720 757
f 721 676 682
f 803 676 721
f 677 725 693
f 678 1124 711
f 679 698 744
f 731 680 753
f 753 680 766
f 681 692 730
f 696 681 758
f 758 681 730
f 721 682 809
f 706 683 705
f 705 683 901
f 684 729 790
f 684 790 772
f 685 893 691
f 709 893 685
f 892 686 902
f 686 899 902
f 687 772 715
f 688 738 714
f 688 785 738
f 688 755 760
f 688 760 789
f 688 791 785
f 688 789 818
f 791 688 818
f 689 850 717
f 742 850 689
f 722 690 708
f 690 722 908
f 923 690 908
f 1024 690 923
f 1123 690 1024
f 691 893 727
f 693 725 788
f 693 788 739
f 736 726 694
f 736 694 728
f 695 704 712
f 696 758 724
f 764 700 697
f 703 764 697
f 702 707 698
f 707 781 698
f 781 744 698
f 700 734 729
f 764 734 700
f 856 701 832
f 702 706 707
f 703 735 814
f 703 814 764
f 712 704 713
f 706 705 781
f 705 901 781
f 706 781 707
f 722 708 718
f 1124 710 711
f 813 710 1124
f 712 713 732
f 712 732 741
f 712 741 859
f 712 859 1088
f 877 712 1088
f 713 716 732
f 714 738 745
f 715 746 720
f 772 746 715
f 732 716 891
f 716 747 1000
f 891 716 905
f 905 716 983
f 983 716 984
f 984 716 1000
f 717 850 806
f 722 718 882
f 718 812 824
f 882 718 824
f 731 752 719
f 719 752 770
f 761 719 771
f 719 770 771
f 746 757 720
f 802 803 721
f 802 721 809
f 908 722 882
f 728 723 745
f 758 769 724
f 788 725 825
f 825 725 934
f 725 963 934
f 749 726 736
f 740 726 750
f 750 726 749
f 797 727 921
f 727 893 921
f 748 736 728
f 748 728 745
f 729 734 804
f 729 804 790
f 730 737 758
f 753 752 731
f 732 896 741
f 732 891 896
f 763 733 798
f 733 853 798
f 764 804 734
f 754 842 735
f 735 842 814
f 749 736 748
f 737 892 758
f 738 785 745
f 747 739 759
f 739 788 759
f 756 740 750
f 741 896 859
f 763 850 742
f 743 807 853
f 744 781 751
f 748 745 775
f 775 745 799
f 785 791 745
f 791 966 745
f 799 745 822
f 822 745 966
f 746 792 757
f 772 792 746
f 747 759 777
f 747 777 811
f 747 811 857
f 747 857 995
f 747 995 1006
f 747 1006 1000
f 778 749 748
f 851 748 775
f 778 748 851
f 750 749 778
f 845 756 750
f 750 778 821
f 750 821 827
f 890 750 827
f 845 750 968
f 968 750 890
f 751 842 754
f 781 842 751
f 753 828 752
f 770 752 973
f 828 1032 752
f 752 1032 973
f 766 828 753
f 760 755 877
f 815 766 756
f 845 815 756
f 792 914 757
f 914 795 757
f 758 796 769
f 758 823 796
f 758 834 823
f 834 758 883
f 758 1171 883
f 892 1057 758
f 1057 1171 758
f 759 788 777
f 760 877 789
f 765 761 779
f 779 761 771
f 765 767 762
f 762 767 941
f 763 798 850
f 764 814 804
f 765 768 767
f 768 765 779
f 860 766 815
f 766 841 828
f 860 841 766
f 768 793 767
f 767 793 942
f 767 942 941
f 782 768 779
f 793 768 782
f 771 770 973
f 779 771 783
f 831 783 771
f 907 831 771
f 771 939 907
f 771 973 939
f 772 790 794
f 772 960 792
f 772 794 858
f 772 858 867
f 867 931 772
f 931 960 772
f 774 820 773
f 786 773 801
f 773 820 801
f 776 820 774
f 900 775 799
f 851 775 900
f 776 780 1059
f 776 1059 820
f 811 777 788
f 821 778 938
f 778 851 938
f 782 779 783
f 780 784 1059
f 781 1034 842
f 901 1101 781
f 781 1174 1034
f 1101 1105 781
f 1105 1167 781
f 781 1167 1161
f 781 1161 1174
f 783 793 782
f 868 793 783
f 783 831 836
f 783 836 868
f 816 1059 784
f 786 801 993
f 856 832 786
f 856 786 885
f 885 786 904
f 904 786 936
f 936 786 993
f 808 899 787
f 788 825 811
f 818 789 877
f 794 790 918
f 790 804 918
f 1008 791 818
f 966 791 1008
f 792 960 826
f 792 826 1001
f 792 1030 914
f 792 1001 1030
f 897 793 868
f 919 793 897
f 942 793 919
f 858 794 918
f 817 833 795
f 914 817 795
f 823 854 796
f 849 829 797
f 849 797 894
f 894 797 921
f 843 798 819
f 798 853 819
f 798 843 850
f 822 910 799
f 900 799 910
f 806 830 800
f 800 871 808
f 830 837 800
f 837 840 800
f 840 887 800
f 887 871 800
f 820 922 801
f 993 801 922
f 805 803 802
f 809 805 802
f 814 1043 804
f 804 956 918
f 804 925 924
f 804 924 956
f 804 1110 925
f 804 1043 1110
f 809 1201 805
f 824 812 805
f 847 824 805
f 861 847 805
f 916 861 805
f 1189 916 805
f 1189 805 1201
f 806 1012 830
f 806 850 1012
f 807 829 853
f 871 899 808
f 878 809 810
f 1245 809 878
f 1242 1201 809
f 1242 809 1245
f 872 878 810
f 898 872 810
f 811 825 857
f 813 952 880
f 952 813 955
f 955 813 980
f 813 1069 980
f 1069 813 1086
f 813 1095 1086
f 813 1120 1095
f 813 1124 1120
f 842 927 814
f 814 927 1043
f 852 815 845
f 852 860 815
f 846 1059 816
f 914 833 817
f 818 877 1260
f 1044 1008 818
f 1044 818 1260
f 819 844 843
f 819 853 844
f 820 1229 922
f 1059 1229 820
f 827 821 938
f 910 822 966
f 823 834 854
f 882 824 847
f 857 825 934
f 826 960 1001
f 890 827 938
f 828 841 1032
f 863 829 849
f 829 863 853
f 837 830 928
f 830 992 928
f 1012 992 830
f 836 831 879
f 879 831 907
f 876 833 874
f 833 914 874
f 834 883 854
f 986 838 835
f 835 856 885
f 835 885 904
f 986 835 904
f 868 836 879
f 837 886 840
f 928 886 837
f 839 838 986
f 839 986 848
f 886 881 840
f 881 887 840
f 860 959 841
f 959 1041 841
f 841 1041 1032
f 842 948 927
f 842 953 948
f 842 1023 953
f 842 1034 1023
f 853 843 844
f 843 873 850
f 873 843 853
f 845 884 852
f 976 884 845
f 845 968 976
f 870 1059 846
f 861 882 847
f 986 869 848
f 894 863 849
f 850 873 913
f 933 850 913
f 958 850 933
f 850 958 1012
f 851 900 972
f 938 851 1098
f 851 972 1046
f 851 1046 1098
f 852 862 860
f 852 884 862
f 853 863 865
f 865 940 853
f 853 940 873
f 883 932 854
f 963 854 932
f 895 1135 855
f 1096 855 1092
f 1092 855 1104
f 1104 855 1136
f 1135 1136 855
f 857 934 978
f 857 978 1021
f 857 1021 995
f 867 858 918
f 859 896 909
f 859 909 1088
f 884 860 862
f 959 860 884
f 908 882 861
f 908 861 935
f 935 861 916
f 863 866 865
f 866 863 894
f 875 864 876
f 865 866 940
f 954 866 894
f 866 954 940
f 918 931 867
f 868 879 907
f 1058 897 868
f 868 907 1139
f 1058 868 1139
f 906 893 869
f 986 906 869
f 943 944 870
f 944 1059 870
f 887 911 871
f 911 899 871
f 872 898 878
f 873 951 913
f 940 951 873
f 876 874 888
f 888 874 914
f 889 875 876
f 876 888 1244
f 889 876 1263
f 876 1244 1263
f 877 1088 1260
f 898 949 878
f 878 949 1029
f 878 1029 1245
f 880 985 901
f 952 965 880
f 965 985 880
f 886 917 881
f 881 915 887
f 917 915 881
f 883 1171 932
f 976 959 884
f 929 917 886
f 928 945 886
f 886 945 929
f 915 911 887
f 1244 888 914
f 920 889 1031
f 889 1377 1031
f 889 1263 1377
f 961 890 938
f 968 890 961
f 896 891 905
f 892 902 903
f 892 903 1057
f 926 893 906
f 921 893 987
f 987 893 926
f 1052 894 921
f 954 894 1052
f 1094 1142 895
f 895 1137 1135
f 895 1142 1137
f 896 905 1005
f 896 1005 909
f 919 897 991
f 897 1058 991
f 902 899 950
f 911 912 899
f 912 946 899
f 899 946 1011
f 950 899 982
f 899 1011 982
f 900 910 972
f 901 985 997
f 997 1048 901
f 1048 1066 901
f 901 1066 1101
f 903 902 962
f 902 950 962
f 903 962 1057
f 904 936 1016
f 904 1016 986
f 1005 905 983
f 926 906 986
f 907 939 1139
f 1397 923 908
f 908 935 1103
f 908 1103 1182
f 908 1182 1224
f 1266 908 1224
f 1435 908 1266
f 1397 908 1407
f 1407 908 1435
f 909 1005 1088
f 910 966 957
f 910 957 999
f 910 999 972
f 912 911 977
f 930 911 915
f 911 930 977
f 912 977 946
f 913 958 933
f 913 951 1017
f 1022 958 913
f 913 1017 1039
f 1022 913 1151
f 913 1039 1125
f 913 1125 1151
f 1030 1128 914
f 1128 1206 914
f 914 1206 1238
f 914 1238 1252
f 1244 914 1252
f 930 915 917
f 935 916 1103
f 1103 916 1158
f 1158 916 1189
f 929 930 917
f 931 918 960
f 956 975 918
f 918 1089 960
f 975 994 918
f 918 994 1085
f 918 1085 1112
f 918 1112 1089
f 947 942 919
f 919 991 947
f 1094 920 1031
f 988 921 987
f 921 988 1078
f 1052 921 1078
f 922 1229 993
f 1163 1024 923
f 1348 1163 923
f 1348 923 1397
f 924 925 990
f 924 990 956
f 925 1060 990
f 925 1110 1060
f 937 987 926
f 937 926 1226
f 1226 926 986
f 948 1043 927
f 992 945 928
f 945 930 929
f 996 930 945
f 930 1152 977
f 1113 930 996
f 1187 930 1113
f 930 1194 1152
f 1187 1291 930
f 930 1255 1194
f 930 1291 1255
f 1036 963 932
f 1036 932 1239
f 1171 1239 932
f 963 978 934
f 1016 936 993
f 989 987 937
f 989 937 1226
f 961 938 964
f 964 938 1013
f 1013 938 1007
f 1025 1007 938
f 1025 938 1098
f 939 973 1139
f 940 954 951
f 942 1002 941
f 941 1002 943
f 942 947 991
f 942 991 1002
f 1002 944 943
f 1002 1059 944
f 996 945 992
f 977 1004 946
f 1011 946 1004
f 953 1062 948
f 948 1062 1043
f 962 950 982
f 951 954 1017
f 980 952 955
f 952 1210 965
f 1233 952 980
f 952 1233 1210
f 953 1023 981
f 953 981 1062
f 1017 954 1200
f 1052 1100 954
f 1100 1108 954
f 1108 1437 954
f 954 1437 1200
f 956 1051 975
f 990 1051 956
f 957 966 969
f 999 957 969
f 958 1022 1012
f 1150 959 976
f 959 1056 1041
f 1150 1056 959
f 960 1089 1001
f 967 961 964
f 968 961 967
f 962 982 1026
f 962 1026 1057
f 963 1021 978
f 963 1027 1021
f 963 1050 1027
f 1033 963 1036
f 1068 963 1033
f 1068 1050 963
f 964 1115 967
f 974 964 1013
f 1079 964 974
f 1115 964 1079
f 1211 985 965
f 1210 1211 965
f 966 970 969
f 966 971 970
f 966 1008 971
f 967 998 968
f 967 1115 998
f 976 968 1080
f 998 1009 968
f 1009 1080 968
f 969 970 1075
f 999 969 1075
f 971 1099 970
f 970 1177 1075
f 970 1099 1177
f 971 1008 1044
f 971 1044 1099
f 972 999 1020
f 1046 972 1020
f 973 1032 1139
f 979 974 1003
f 1010 974 979
f 1003 974 1013
f 1079 974 1010
f 975 1051 994
f 976 1080 1150
f 977 1152 1004
f 1010 979 990
f 990 979 1051
f 979 1003 1051
f 980 1069 1303
f 1298 1233 980
f 980 1303 1298
f 1035 981 1023
f 1053 981 1035
f 981 1053 1062
f 982 1011 1014
f 1014 1019 982
f 1019 1045 982
f 982 1045 1026
f 1170 983 984
f 1005 983 1170
f 984 1000 1170
f 997 985 1028
f 1028 985 1217
f 1211 1217 985
f 986 1016 1126
f 986 1126 1169
f 986 1169 1292
f 1220 986 1214
f 1214 986 1292
f 1223 986 1220
f 1223 1226 986
f 988 987 1078
f 1078 987 989
f 1078 989 1226
f 1090 1010 990
f 1060 1064 990
f 1064 1111 990
f 1111 1090 990
f 991 1040 1002
f 991 1058 1040
f 1061 996 992
f 1018 992 1012
f 1061 992 1018
f 1126 1016 993
f 1133 993 1042
f 993 1229 1042
f 1133 1126 993
f 994 1051 1109
f 1085 994 1109
f 1006 995 1102
f 995 1021 1071
f 1203 995 1071
f 1102 995 1203
f 1113 996 1061
f 1048 997 1028
f 998 1115 1009
f 999 1075 1020
f 1000 1006 1170
f 1001 1047 1030
f 1001 1089 1047
f 1002 1040 1141
f 1002 1229 1059
f 1002 1141 1338
f 1002 1287 1229
f 1002 1312 1287
f 1002 1338 1312
f 1003 1013 1051
f 1011 1004 1019
f 1019 1004 1054
f 1004 1152 1054
f 1088 1005 1364
f 1005 1170 1364
f 1006 1102 1170
f 1013 1007 1051
f 1081 1007 1025
f 1051 1007 1081
f 1009 1015 1080
f 1277 1015 1009
f 1115 1277 1009
f 1079 1010 1090
f 1011 1019 1014
f 1022 1018 1012
f 1015 1038 1080
f 1277 1038 1015
f 1039 1017 1200
f 1061 1018 1022
f 1019 1054 1045
f 1046 1020 1075
f 1027 1071 1021
f 1106 1061 1022
f 1106 1022 1129
f 1022 1146 1129
f 1022 1151 1146
f 1037 1023 1034
f 1023 1037 1035
f 1024 1398 1123
f 1163 1348 1024
f 1348 1398 1024
f 1081 1025 1098
f 1076 1026 1045
f 1026 1076 1057
f 1027 1050 1071
f 1028 1217 1048
f 1029 1082 1073
f 1029 1073 1355
f 1029 1285 1245
f 1029 1355 1285
f 1047 1128 1030
f 1031 1377 1094
f 1041 1055 1032
f 1032 1055 1139
f 1065 1033 1036
f 1065 1068 1033
f 1037 1034 1063
f 1034 1083 1063
f 1174 1083 1034
f 1035 1037 1053
f 1065 1036 1239
f 1053 1037 1063
f 1038 1149 1080
f 1277 1149 1038
f 1125 1039 1183
f 1183 1039 1200
f 1040 1058 1141
f 1074 1055 1041
f 1074 1041 1056
f 1178 1133 1042
f 1186 1178 1042
f 1042 1229 1186
f 1043 1062 1049
f 1110 1043 1049
f 1099 1044 1260
f 1045 1054 1138
f 1045 1155 1076
f 1045 1138 1155
f 1046 1075 1176
f 1046 1130 1098
f 1046 1176 1130
f 1089 1188 1047
f 1047 1188 1128
f 1048 1228 1066
f 1048 1217 1219
f 1219 1228 1048
f 1049 1062 1067
f 1049 1067 1110
f 1068 1070 1050
f 1070 1239 1050
f 1071 1050 1093
f 1093 1050 1276
f 1239 1333 1050
f 1050 1333 1276
f 1051 1081 1168
f 1051 1118 1109
f 1051 1207 1118
f 1051 1168 1207
f 1078 1100 1052
f 1062 1053 1131
f 1053 1063 1185
f 1131 1053 1185
f 1054 1147 1138
f 1054 1152 1147
f 1084 1055 1074
f 1055 1084 1122
f 1055 1122 1139
f 1056 1091 1074
f 1150 1091 1056
f 1076 1116 1057
f 1057 1116 1117
f 1057 1117 1485
f 1057 1485 1171
f 1058 1139 1463
f 1141 1058 1218
f 1218 1058 1271
f 1271 1058 1320
f 1058 1335 1320
f 1058 1463 1335
f 1110 1064 1060
f 1106 1145 1061
f 1145 1113 1061
f 1062 1077 1067
f 1062 1131 1077
f 1063 1083 1185
f 1110 1111 1064
f 1068 1065 1239
f 1101 1066 1087
f 1066 1267 1087
f 1228 1253 1066
f 1253 1267 1066
f 1067 1077 1110
f 1068 1239 1070
f 1299 1069 1086
f 1299 1303 1069
f 1071 1093 1203
f 1221 1107 1072
f 1132 1221 1072
f 1301 1073 1082
f 1355 1073 1301
f 1091 1084 1074
f 1075 1177 1176
f 1155 1116 1076
f 1077 1289 1110
f 1077 1131 1289
f 1078 1108 1100
f 1143 1108 1078
f 1078 1232 1143
f 1078 1226 1232
f 1115 1079 1090
f 1149 1150 1080
f 1168 1081 1098
f 1096 1127 1082
f 1082 1127 1301
f 1174 1173 1083
f 1173 1278 1083
f 1185 1083 1216
f 1083 1278 1216
f 1122 1084 1091
f 1085 1109 1112
f 1086 1095 1354
f 1299 1086 1354
f 1101 1087 1097
f 1087 1267 1097
f 1260 1088 1430
f 1088 1364 1357
f 1088 1357 1387
f 1088 1387 1404
f 1088 1404 1421
f 1088 1421 1430
f 1089 1112 1365
f 1089 1215 1188
f 1281 1215 1089
f 1455 1281 1089
f 1089 1365 1455
f 1111 1114 1090
f 1114 1115 1090
f 1091 1273 1122
f 1091 1150 1273
f 1096 1092 1104
f 1093 1240 1203
f 1093 1290 1240
f 1290 1093 1276
f 1094 1363 1142
f 1377 1363 1094
f 1095 1120 1164
f 1447 1095 1164
f 1354 1095 1447
f 1096 1104 1127
f 1097 1267 1101
f 1157 1098 1130
f 1300 1098 1157
f 1168 1098 1300
f 1099 1274 1177
f 1099 1260 1274
f 1105 1101 1167
f 1167 1101 1402
f 1101 1267 1402
f 1170 1102 1203
f 1182 1103 1158
f 1127 1104 1136
f 1121 1106 1129
f 1180 1106 1121
f 1180 1145 1106
f 1124 1107 1221
f 1143 1438 1108
f 1108 1438 1437
f 1109 1118 1112
f 1110 1191 1111
f 1110 1289 1191
f 1114 1111 1254
f 1111 1191 1254
f 1112 1118 1119
f 1119 1134 1112
f 1365 1112 1134
f 1187 1113 1145
f 1114 1148 1115
f 1114 1254 1148
f 1115 1148 1358
f 1115 1376 1277
f 1115 1358 1376
f 1117 1116 1181
f 1155 1162 1116
f 1116 1162 1243
f 1116 1330 1181
f 1243 1330 1116
f 1485 1117 1181
f 1119 1118 1212
f 1118 1207 1212
f 1119 1235 1134
f 1119 1212 1332
f 1119 1319 1235
f 1332 1319 1119
f 1120 1124 1140
f 1401 1120 1140
f 1164 1120 1401
f 1129 1180 1121
f 1139 1122 1208
f 1122 1497 1208
f 1122 1273 1497
f 1172 1132 1123
f 1398 1172 1123
f 1140 1124 1390
f 1124 1221 1257
f 1124 1257 1284
f 1124 1284 1424
f 1390 1124 1424
f 1151 1125 1166
f 1166 1125 1183
f 1126 1133 1169
f 1127 1136 1323
f 1279 1127 1293
f 1301 1127 1279
f 1293 1127 1323
f 1128 1188 1198
f 1128 1198 1206
f 1146 1197 1129
f 1213 1180 1129
f 1129 1197 1296
f 1213 1129 1379
f 1129 1296 1379
f 1157 1130 1176
f 1131 1185 1248
f 1131 1248 1366
f 1131 1366 1289
f 1172 1221 1132
f 1133 1178 1169
f 1190 1134 1235
f 1365 1134 1190
f 1135 1345 1136
f 1137 1142 1135
f 1142 1369 1135
f 1369 1345 1135
f 1323 1136 1345
f 1138 1147 1154
f 1138 1154 1155
f 1208 1246 1139
f 1246 1261 1139
f 1139 1261 1472
f 1463 1139 1472
f 1140 1390 1401
f 1338 1141 1218
f 1142 1363 1362
f 1362 1371 1142
f 1142 1371 1369
f 1143 1144 1195
f 1143 1232 1144
f 1143 1195 1411
f 1143 1411 1438
f 1144 1232 1195
f 1187 1145 1180
f 1159 1146 1151
f 1146 1159 1193
f 1146 1193 1197
f 1147 1152 1153
f 1147 1153 1154
f 1199 1148 1313
f 1358 1148 1199
f 1148 1254 1313
f 1204 1150 1149
f 1277 1204 1149
f 1150 1204 1479
f 1273 1150 1307
f 1307 1150 1341
f 1150 1510 1341
f 1150 1479 1510
f 1159 1151 1166
f 1152 1160 1153
f 1165 1160 1152
f 1194 1165 1152
f 1153 1156 1154
f 1153 1160 1156
f 1154 1156 1155
f 1155 1156 1162
f 1160 1495 1156
f 1156 1495 1162
f 1286 1157 1176
f 1300 1157 1286
f 1189 1182 1158
f 1193 1159 1166
f 1165 1495 1160
f 1179 1161 1167
f 1161 1179 1174
f 1162 1641 1243
f 1162 1495 1641
f 1164 1401 1447
f 1194 1255 1165
f 1255 1356 1165
f 1356 1495 1165
f 1166 1183 1227
f 1193 1166 1227
f 1179 1167 1315
f 1402 1315 1167
f 1168 1300 1207
f 1178 1184 1169
f 1169 1184 1202
f 1169 1202 1237
f 1328 1169 1237
f 1292 1169 1328
f 1170 1203 1225
f 1170 1225 1205
f 1170 1205 1270
f 1170 1270 1375
f 1364 1170 1372
f 1170 1375 1372
f 1494 1239 1171
f 1485 1494 1171
f 1221 1172 1398
f 1173 1174 1175
f 1173 1175 1278
f 1278 1175 1174
f 1264 1174 1179
f 1383 1174 1264
f 1174 1383 1278
f 1177 1459 1176
f 1286 1176 1314
f 1314 1176 1527
f 1176 1459 1527
f 1177 1274 1250
f 1177 1250 1459
f 1178 1339 1184
f 1186 1339 1178
f 1264 1179 1272
f 1179 1315 1272
f 1187 1180 1213
f 1181 1330 1373
f 1485 1181 1373
f 1201 1182 1189
f 1224 1182 1201
f 1183 1200 1227
f 1202 1184 1209
f 1339 1209 1184
f 1185 1216 1196
f 1185 1196 1406
f 1406 1248 1185
f 1186 1229 1192
f 1192 1339 1186
f 1187 1213 1236
f 1187 1236 1385
f 1187 1336 1291
f 1187 1367 1336
f 1187 1427 1367
f 1187 1385 1429
f 1187 1429 1427
f 1188 1215 1198
f 1365 1190 1235
f 1254 1191 1289
f 1229 1295 1192
f 1192 1295 1339
f 1197 1193 1227
f 1195 1232 1222
f 1195 1222 1386
f 1195 1386 1396
f 1411 1195 1396
f 1406 1196 1216
f 1197 1227 1296
f 1198 1215 1206
f 1199 1313 1358
f 1200 1342 1227
f 1200 1437 1342
f 1224 1201 1283
f 1251 1201 1242
f 1268 1201 1251
f 1201 1268 1283
f 1360 1202 1209
f 1237 1202 1360
f 1225 1203 1234
f 1203 1240 1234
f 1204 1277 1479
f 1205 1225 1262
f 1205 1262 1456
f 1270 1205 1506
f 1456 1506 1205
f 1215 1433 1206
f 1238 1206 1230
f 1206 1282 1230
f 1206 1433 1282
f 1308 1212 1207
f 1207 1300 1308
f 1208 1497 1246
f 1360 1209 1339
f 1210 1233 1211
f 1211 1241 1217
f 1233 1249 1211
f 1249 1241 1211
f 1212 1308 1332
f 1213 1379 1236
f 1214 1223 1220
f 1292 1223 1214
f 1281 1469 1215
f 1215 1469 1433
f 1406 1216 1278
f 1219 1217 1241
f 1338 1218 1271
f 1219 1241 1228
f 1257 1221 1405
f 1221 1398 1399
f 1221 1399 1413
f 1221 1413 1405
f 1222 1232 1231
f 1231 1288 1222
f 1222 1288 1386
f 1288 1226 1223
f 1288 1223 1292
f 1347 1266 1224
f 1425 1224 1283
f 1347 1224 1446
f 1224 1425 1450
f 1446 1224 1450
f 1225 1234 1265
f 1262 1225 1265
f 1232 1226 1288
f 1227 1515 1296
f 1227 1342 1515
f 1241 1247 1228
f 1247 1258 1228
f 1228 1258 1253
f 1287 1280 1229
f 1280 1324 1229
f 1229 1310 1295
f 1229 1350 1310
f 1229 1324 1350
f 1238 1230 1256
f 1256 1230 1282
f 1232 1288 1231
f 1233 1269 1249
f 1269 1233 1298
f 1265 1234 1240
f 1319 1316 1235
f 1365 1235 1316
f 1236 1379 1385
f 1337 1328 1237
f 1337 1237 1360
f 1252 1238 1256
f 1239 1327 1329
f 1239 1416 1327
f 1239 1329 1333
f 1239 1422 1416
f 1426 1422 1239
f 1500 1426 1239
f 1500 1239 1494
f 1240 1317 1265
f 1290 1294 1240
f 1294 1317 1240
f 1241 1540 1247
f 1249 1540 1241
f 1242 1245 1251
f 1243 1587 1330
f 1243 1641 1587
f 1259 1244 1252
f 1263 1244 1259
f 1245 1268 1251
f 1283 1268 1245
f 1283 1245 2066
f 1343 1245 1285
f 2066 1245 1343
f 1246 1497 1261
f 1540 1258 1247
f 1366 1248 1406
f 1269 1539 1249
f 1539 1540 1249
f 1250 1274 1297
f 1250 1297 1459
f 1252 1256 1282
f 1259 1252 1619
f 1252 1282 1433
f 1252 1433 1619
f 1253 1258 1267
f 1254 1289 1313
f 1291 1356 1255
f 1257 1405 1284
f 1540 1267 1258
f 1263 1259 1619
f 1274 1260 1344
f 1344 1260 1380
f 1380 1260 1498
f 1486 1260 1430
f 1260 1486 1502
f 1498 1260 1509
f 1260 1502 1590
f 1260 1590 1509
f 1472 1261 1471
f 1261 1497 1471
f 1460 1262 1265
f 1456 1262 1460
f 1377 1263 1275
f 1263 1619 1275
f 1264 1272 1315
f 1383 1264 1315
f 1317 1460 1265
f 1435 1266 1347
f 1267 1766 1402
f 1540 1766 1267
f 1302 1269 1298
f 1539 1269 1302
f 1375 1270 1561
f 1270 1506 1561
f 1304 1271 1305
f 1306 1271 1304
f 1305 1271 1309
f 1338 1271 1306
f 1309 1271 1320
f 1273 1307 1497
f 1274 1344 1297
f 1331 1377 1275
f 1331 1275 1619
f 1276 1334 1290
f 1276 1333 1334
f 1277 1376 1415
f 1277 1415 1519
f 1479 1277 1501
f 1501 1277 1519
f 1278 1383 1353
f 1353 1388 1278
f 1400 1278 1388
f 1406 1278 1400
f 1301 1279 1293
f 1280 1287 1321
f 1280 1321 1324
f 1455 1453 1281
f 1281 1453 1458
f 1281 1458 1469
f 1468 1425 1283
f 1468 1283 2066
f 1793 1284 1405
f 1284 1623 1424
f 1763 1623 1284
f 1763 1284 1793
f 1355 1343 1285
f 1300 1286 1314
f 1287 1312 1340
f 1287 1594 1321
f 1340 1531 1287
f 1287 1531 1594
f 1288 1292 1452
f 1386 1288 1496
f 1288 1452 1598
f 1496 1288 1598
f 1289 1318 1313
f 1289 1346 1318
f 1289 1441 1346
f 1289 1366 1410
f 1410 1449 1289
f 1289 1462 1441
f 1289 1449 1462
f 1290 1311 1294
f 1290 1334 1311
f 1336 1356 1291
f 1326 1292 1328
f 1292 1326 1452
f 1301 1293 1720
f 1293 1323 1551
f 1720 1293 1551
f 1541 1294 1311
f 1294 1382 1317
f 1541 1382 1294
f 1295 1310 1339
f 1296 1440 1379
f 1296 1408 1457
f 1408 1296 1493
f 1296 1457 1440
f 1515 1493 1296
f 1297 1344 1395
f 1297 1395 1459
f 1298 1303 1302
f 1303 1299 1636
f 1299 1354 1636
f 1308 1300 1325
f 1359 1300 1314
f 1415 1325 1300
f 1465 1300 1359
f 1415 1300 1465
f 1355 1301 1361
f 1301 1720 1361
f 1302 1303 1636
f 1539 1302 1636
f 1320 1304 1305
f 1403 1306 1304
f 1403 1304 1320
f 1320 1305 1309
f 1338 1306 1531
f 1531 1306 1403
f 1307 1341 1497
f 1308 1325 1332
f 1339 1310 1393
f 1310 1350 1522
f 1393 1310 1522
f 1334 1368 1311
f 1368 1370 1311
f 1311 1370 1541
f 1312 1338 1340
f 1313 1318 1358
f 1359 1314 1527
f 1383 1315 1566
f 1402 1417 1315
f 1315 1417 1443
f 1443 1566 1315
f 1322 1316 1319
f 1374 1316 1322
f 1441 1365 1316
f 1441 1316 1374
f 1382 1460 1317
f 1436 1318 1346
f 1318 1391 1358
f 1391 1318 1436
f 1322 1319 1332
f 1320 1335 1463
f 1557 1403 1320
f 1320 1463 1565
f 1585 1557 1320
f 1320 1565 1585
f 1321 1594 1324
f 1394 1322 1332
f 1436 1374 1322
f 1436 1322 1394
f 1323 1345 1551
f 1324 1594 1350
f 1352 1332 1325
f 1415 1352 1325
f 1326 1328 1452
f 1329 1327 1470
f 1327 1416 1487
f 1327 1487 1470
f 1452 1328 1337
f 1329 1368 1333
f 1329 1470 1368
f 1373 1330 1454
f 1330 1587 1454
f 1378 1377 1331
f 1378 1331 1488
f 1331 1619 1488
f 1352 1394 1332
f 1333 1368 1334
f 1336 1351 1356
f 1336 1367 1351
f 1432 1337 1360
f 1452 1337 1432
f 1338 1531 1340
f 1393 1360 1339
f 1341 1510 1497
f 1342 1434 1349
f 1515 1342 1349
f 1437 1434 1342
f 2066 1343 1355
f 1344 1380 1395
f 1488 1345 1369
f 1488 1551 1345
f 1346 1441 1436
f 1613 1435 1347
f 1613 1347 1446
f 1480 1348 1397
f 1398 1348 1480
f 1349 1434 1428
f 1349 1428 1448
f 1448 1515 1349
f 1350 1594 1522
f 1351 1431 1356
f 1367 1431 1351
f 1415 1394 1352
f 1353 1383 1392
f 1353 1384 1388
f 1353 1392 1384
f 1354 1447 1636
f 1355 1361 1720
f 1355 1720 2066
f 1356 1431 1495
f 1357 1364 1381
f 1387 1357 1381
f 1358 1389 1376
f 1358 1391 1389
f 1465 1359 1527
f 1432 1360 1393
f 1362 1363 1371
f 1363 1488 1371
f 1377 1488 1363
f 1364 1372 1545
f 1381 1364 1545
f 1512 1365 1441
f 1455 1365 1476
f 1476 1365 1512
f 1366 1406 1409
f 1366 1409 1410
f 1427 1431 1367
f 1368 1418 1370
f 1368 1420 1418
f 1368 1470 1420
f 1371 1488 1369
f 1418 1541 1370
f 1372 1375 1573
f 1372 1559 1545
f 1372 1573 1559
f 1419 1373 1454
f 1373 1419 1467
f 1485 1373 1467
f 1441 1374 1436
f 1573 1375 1561
f 1389 1391 1376
f 1391 1415 1376
f 1377 1378 1488
f 1385 1379 1440
f 1395 1380 1498
f 1387 1381 1545
f 1439 1382 1442
f 1439 1584 1382
f 1382 1589 1442
f 1382 1579 1460
f 1541 1589 1382
f 1382 1584 1579
f 1383 1624 1392
f 1383 1566 1624
f 1384 1392 1388
f 1429 1385 1481
f 1461 1385 1440
f 1481 1385 1461
f 1411 1396 1386
f 1411 1386 1496
f 1404 1387 1421
f 1430 1421 1387
f 1430 1387 1543
f 1387 1545 1543
f 1392 1624 1388
f 1400 1388 1412
f 1412 1388 1466
f 1388 1624 1466
f 1401 1390 1605
f 1424 1623 1390
f 1605 1390 1623
f 1391 1423 1415
f 1391 1436 1423
f 1432 1393 1414
f 1414 1393 1522
f 1423 1394 1415
f 1423 1436 1394
f 1459 1395 1581
f 1581 1395 1498
f 1397 1407 1613
f 1480 1397 1613
f 1868 1399 1398
f 1868 1398 1480
f 1868 1413 1399
f 1406 1400 1412
f 1492 1447 1401
f 1605 1492 1401
f 1766 1417 1402
f 1531 1403 1557
f 1405 1413 1793
f 1409 1406 1466
f 1406 1412 1466
f 1613 1407 1435
f 1408 1493 1457
f 1410 1409 1449
f 1409 1466 1449
f 1411 1444 1438
f 1528 1444 1411
f 1411 1496 1528
f 1868 1793 1413
f 1582 1432 1414
f 1522 1582 1414
f 1415 1465 1550
f 1519 1415 1530
f 1530 1415 1562
f 1415 1550 1554
f 1562 1415 1554
f 1422 1505 1416
f 1416 1473 1487
f 1416 1505 1473
f 1443 1417 1566
f 1417 1766 1566
f 1418 1420 1577
f 1541 1418 1544
f 1544 1418 1577
f 1467 1419 1454
f 1420 1470 1604
f 1577 1420 1603
f 1603 1420 1604
f 1426 1482 1422
f 1482 1511 1422
f 1422 1511 1505
f 1450 1425 1468
f 1500 1482 1426
f 1427 1429 1431
f 1434 1445 1428
f 1428 1445 1451
f 1448 1428 1451
f 1431 1429 1533
f 1525 1429 1481
f 1533 1429 1525
f 1486 1430 1558
f 1430 1543 1558
f 1555 1495 1431
f 1533 1555 1431
f 1452 1432 1478
f 1582 1478 1432
f 1433 1469 1483
f 1483 1656 1433
f 1433 1656 1619
f 1437 1445 1434
f 1438 1445 1437
f 1444 1445 1438
f 1439 1442 1575
f 1439 1575 1633
f 1439 1633 1584
f 1457 1461 1440
f 1462 1504 1441
f 1441 1504 1499
f 1499 1516 1441
f 1516 1512 1441
f 1589 1575 1442
f 1528 1445 1444
f 1445 1464 1451
f 1528 1464 1445
f 1613 1446 1450
f 1447 1492 1636
f 1448 1451 1475
f 1515 1448 1475
f 1449 1466 1462
f 1450 1468 2066
f 1613 1450 2066
f 1451 1464 1490
f 1475 1451 1490
f 1478 1489 1452
f 1489 1570 1452
f 1452 1570 1721
f 1598 1452 1734
f 1714 1452 1722
f 1734 1452 1714
f 1452 1721 1718
f 1452 1718 1722
f 1600 1453 1455
f 1453 1538 1458
f 1453 1600 1538
f 1485 1467 1454
f 1485 1454 1514
f 1454 1587 1514
f 1455 1476 1595
f 1595 1600 1455
f 1507 1456 1460
f 1506 1456 1536
f 1507 1536 1456
f 1457 1491 1461
f 1457 1493 1491
f 1458 1538 1469
f 1527 1459 1648
f 1459 1581 1610
f 1648 1459 1610
f 1507 1460 1646
f 1460 1579 1646
f 1481 1461 1491
f 1466 1484 1462
f 1462 1484 1504
f 1474 1463 1472
f 1463 1474 1517
f 1463 1517 1565
f 1490 1464 1597
f 1528 1556 1464
f 1464 1556 1662
f 1464 1662 1597
f 1465 1527 1630
f 1550 1465 1630
f 1466 1901 1484
f 1466 1624 1901
f 1469 1656 1483
f 1469 1538 1656
f 1487 1632 1470
f 1470 1632 1604
f 1472 1471 1477
f 1477 1471 1529
f 1471 1497 1529
f 1474 1472 1477
f 1473 1632 1487
f 1505 1632 1473
f 1508 1474 1477
f 1517 1474 1508
f 1515 1475 1490
f 1595 1476 1512
f 1508 1477 1611
f 1477 1529 1535
f 1477 1535 1611
f 1582 1489 1478
f 1510 1479 1501
f 1480 1613 1567
f 1868 1480 1567
f 1481 1491 1568
f 1525 1481 1568
f 1500 1503 1482
f 1482 1503 1511
f 1484 1513 1504
f 1484 1901 1513
f 1485 1514 1494
f 1502 1486 1558
f 1488 1825 1551
f 1619 2086 1488
f 1488 2086 1825
f 1489 1582 1570
f 1515 1490 1542
f 1490 1597 1542
f 1493 1568 1491
f 1492 1605 1636
f 1515 1546 1493
f 1546 1568 1493
f 1514 1500 1494
f 1555 1667 1495
f 1641 1495 1669
f 1667 1670 1495
f 1495 1726 1669
f 1495 1670 1671
f 1495 1671 1678
f 1495 1678 1726
f 1528 1496 1520
f 1520 1496 1598
f 1510 1523 1497
f 1523 1601 1497
f 1529 1497 1535
f 1535 1497 1580
f 1497 1586 1580
f 1497 1621 1586
f 1497 1601 1617
f 1497 1617 1642
f 1497 1625 1621
f 1497 1642 1625
f 1581 1498 1509
f 1504 1595 1499
f 1499 1595 1516
f 1500 1534 1503
f 1514 1534 1500
f 1510 1501 1518
f 1518 1501 1521
f 1501 1519 1521
f 1590 1502 1558
f 1511 1503 1534
f 1513 1659 1504
f 1504 1659 1595
f 1511 1632 1505
f 1506 1536 1596
f 1561 1506 1596
f 1536 1507 1646
f 1517 1508 1611
f 1581 1509 1679
f 1509 1590 1583
f 1509 1583 1679
f 1510 1518 1523
f 1511 1534 1537
f 1537 1592 1511
f 1592 1632 1511
f 1516 1595 1512
f 1513 1901 1659
f 1514 1560 1534
f 1514 1696 1560
f 1587 1696 1514
f 1515 1542 1546
f 1517 1611 1565
f 1518 1521 1523
f 1521 1519 1524
f 1524 1519 1530
f 1528 1520 1532
f 1532 1520 1598
f 1523 1521 1526
f 1526 1521 1524
f 1594 1582 1522
f 1523 1526 1601
f 1526 1524 1530
f 1533 1525 1568
f 1526 1530 1601
f 1527 1648 1630
f 1532 1591 1528
f 1528 1563 1556
f 1528 1572 1563
f 1528 1591 1572
f 1530 1562 1571
f 1530 1571 1576
f 1616 1530 1576
f 1601 1530 1616
f 1574 1531 1557
f 1531 1574 1654
f 1531 1827 1594
f 1531 1654 1746
f 1531 1746 1821
f 1531 1821 1840
f 1531 1850 1827
f 1531 1840 1850
f 1598 1591 1532
f 1568 1555 1533
f 1537 1534 1549
f 1534 1560 1549
f 1535 1580 1652
f 1611 1535 1776
f 1652 1775 1535
f 1776 1535 1775
f 1536 1646 1596
f 1549 1592 1537
f 1600 1656 1538
f 1540 1539 1781
f 1539 1636 1781
f 1540 1927 1766
f 1781 1927 1540
f 1541 1544 1589
f 1546 1542 1564
f 1542 1569 1564
f 1542 1606 1569
f 1606 1542 1597
f 1543 1545 1547
f 1543 1547 1548
f 1543 1548 1558
f 1544 1577 1589
f 1545 1552 1547
f 1552 1545 1553
f 1545 1559 1553
f 1546 1564 1568
f 1547 1552 1548
f 1548 1552 1615
f 1548 1615 1558
f 1560 1592 1549
f 1554 1550 1630
f 1551 1825 1720
f 1553 1816 1552
f 1552 1754 1615
f 1754 1552 1816
f 1553 1559 1735
f 1737 1553 1735
f 1737 1816 1553
f 1562 1554 1630
f 1568 1709 1555
f 1555 1651 1667
f 1555 1709 1651
f 1556 1563 1662
f 1574 1557 1585
f 1590 1558 1612
f 1612 1558 1676
f 1558 1615 1628
f 1628 1629 1558
f 1676 1558 1629
f 1573 1599 1559
f 1559 1599 1712
f 1735 1559 1712
f 1560 1637 1592
f 1560 1696 1637
f 1573 1561 1599
f 1561 1596 1599
f 1571 1562 1630
f 1563 1572 1689
f 1563 1689 1662
f 1564 1569 1568
f 1565 1593 1585
f 1565 1611 1593
f 1566 1618 1578
f 1624 1566 1578
f 1766 1618 1566
f 1567 1613 1674
f 1868 1567 1674
f 1569 1640 1568
f 1640 1709 1568
f 1606 1650 1569
f 1569 1791 1640
f 1650 1703 1569
f 1703 1791 1569
f 1588 1570 1582
f 1721 1570 1588
f 1576 1571 1653
f 1571 1630 1653
f 1572 1591 1607
f 1689 1572 1607
f 1574 1585 1654
f 1589 1608 1575
f 1575 1608 1633
f 1616 1576 1622
f 1622 1576 1661
f 1576 1653 1681
f 1661 1576 1681
f 1577 1603 1589
f 1578 1618 1609
f 1578 1609 1624
f 1626 1579 1584
f 1646 1579 1626
f 1580 1586 1649
f 1580 1649 1652
f 1610 1581 1679
f 1588 1582 1644
f 1594 1644 1582
f 1583 1590 1602
f 1679 1583 1602
f 1626 1584 1633
f 1585 1593 1631
f 1585 1631 1654
f 1621 1649 1586
f 1641 1695 1587
f 1587 1695 1696
f 1588 1644 1732
f 1721 1588 1742
f 1588 1732 1817
f 1817 1742 1588
f 1603 1604 1589
f 1790 1589 1604
f 1589 1664 1608
f 1664 1589 1688
f 1688 1589 1799
f 1798 1589 1790
f 1799 1589 1798
f 1590 1612 1602
f 1598 1614 1591
f 1591 1614 1607
f 1592 1639 1632
f 1639 1592 1637
f 1593 1611 1631
f 1594 1836 1644
f 1594 1827 1836
f 1595 1655 1600
f 1595 1802 1655
f 1659 1778 1595
f 1595 1778 1780
f 1595 1780 1905
f 1595 1804 1802
f 1595 1905 1804
f 1596 1646 1599
f 1606 1597 1650
f 1597 1662 1650
f 1598 1691 1614
f 1598 1744 1691
f 1598 1734 1748
f 1598 1745 1744
f 1598 1748 1745
f 1599 1646 1858
f 1712 1599 1858
f 1600 1655 1907
f 1600 1907 1656
f 1601 1616 1617
f 1602 1612 1635
f 1679 1602 1635
f 1657 1604 1632
f 1711 1604 1657
f 1711 1790 1604
f 1605 1623 1763
f 1605 1793 1636
f 1605 1763 1793
f 1607 1614 1643
f 1643 1689 1607
f 1608 1785 1633
f 1608 1664 1647
f 1647 1785 1608
f 1609 1618 1620
f 1609 1620 1624
f 1638 1648 1610
f 1638 1610 1666
f 1610 1679 1666
f 1631 1611 1805
f 1611 1776 1820
f 1805 1611 1820
f 1612 1739 1635
f 1684 1612 1676
f 1739 1612 1684
f 1762 1613 1627
f 1918 1627 1613
f 1795 1674 1613
f 1795 1613 1762
f 1918 1613 1914
f 1914 1613 1921
f 1613 2066 1921
f 1614 1757 1643
f 1691 1757 1614
f 1615 1754 1628
f 1616 1622 1617
f 1617 1622 1642
f 1618 1634 1620
f 1618 1736 1634
f 1736 1618 1771
f 1766 2075 1618
f 1618 2075 1771
f 1656 2054 1619
f 1619 2054 2086
f 1620 1634 1624
f 1621 1625 1800
f 1649 1621 1818
f 1621 1800 1818
f 1622 1686 1642
f 1622 1661 1686
f 1634 1736 1624
f 1736 1749 1624
f 1749 1771 1624
f 1624 1771 1901
f 1625 1642 1645
f 1625 1645 1729
f 1625 1729 1800
f 1633 1878 1626
f 1626 1878 1646
f 1762 1627 1918
f 1628 1754 1629
f 1676 1629 1754
f 1708 1630 1648
f 1630 1663 1653
f 1663 1630 1701
f 1630 1708 1701
f 1654 1631 1668
f 1668 1631 1707
f 1631 1805 1707
f 1632 1639 1658
f 1700 1657 1632
f 1632 1658 1683
f 1632 1683 1700
f 1785 1878 1633
f 1679 1635 1699
f 1699 1635 1760
f 1635 1739 1760
f 1781 1636 2022
f 1793 2253 1636
f 1636 2253 2022
f 1637 1665 1639
f 1637 1696 1665
f 1648 1638 1675
f 1675 1638 1666
f 1658 1639 1660
f 1639 1665 1660
f 1640 1702 1709
f 1640 1791 1702
f 1641 1669 1693
f 1641 1693 1694
f 1641 1694 1695
f 1642 1686 1645
f 1690 1689 1643
f 1690 1643 1741
f 1643 1767 1741
f 1643 1757 1767
f 1732 1644 1797
f 1644 1836 1797
f 1729 1645 1686
f 1864 1858 1646
f 1883 1864 1646
f 1878 1908 1646
f 1897 1883 1646
f 1908 1897 1646
f 1647 1664 1677
f 1785 1647 1677
f 1708 1648 1672
f 1672 1648 1755
f 1648 1675 1779
f 1755 1648 1759
f 1759 1648 1768
f 1648 1770 1768
f 1770 1648 1779
f 1652 1649 1839
f 1818 1839 1649
f 1662 1727 1650
f 1650 1727 1703
f 1651 1750 1667
f 1709 1750 1651
f 1872 1775 1652
f 1872 1652 1839
f 1701 1653 1663
f 1681 1653 1687
f 1653 1701 1687
f 1654 1668 1746
f 1802 1907 1655
f 1907 2054 1656
f 1700 1706 1657
f 1706 1711 1657
f 1658 1660 1673
f 1683 1658 1673
f 1659 1901 1778
f 1660 1665 1673
f 1661 1681 1686
f 1689 1727 1662
f 1664 1692 1677
f 1688 1803 1664
f 1803 1692 1664
f 1665 1697 1673
f 1696 1697 1665
f 1675 1666 1682
f 1666 1679 1682
f 1667 1807 1670
f 1667 1750 1807
f 1668 1707 1738
f 1746 1668 1738
f 1669 1680 1693
f 1680 1669 1726
f 1671 1670 1819
f 1670 1807 1819
f 1671 1819 1678
f 1687 1672 1685
f 1685 1672 1715
f 1701 1672 1687
f 1708 1672 1701
f 1715 1672 1705
f 1705 1672 1755
f 1716 1683 1673
f 1673 1697 1704
f 1673 1704 1716
f 1904 1674 1795
f 1674 1833 1868
f 1833 1674 1904
f 1675 1682 1823
f 1779 1675 1823
f 1684 1676 1719
f 1719 1676 1754
f 1692 1785 1677
f 1726 1678 1740
f 1678 1819 1740
f 1679 1699 1682
f 1693 1680 1731
f 1731 1680 1726
f 1681 1687 1686
f 1682 1699 1769
f 1682 1769 1885
f 1823 1682 1885
f 1700 1683 1730
f 1713 1683 1716
f 1733 1683 1713
f 1683 1733 1730
f 1728 1684 1719
f 1739 1684 1728
f 1687 1685 1686
f 1686 1685 1715
f 1686 1715 1923
f 1729 1686 1923
f 1688 1799 1828
f 1828 1803 1688
f 1689 1690 1743
f 1689 1743 1727
f 1743 1690 1741
f 1691 1744 1753
f 1691 1753 1757
f 1870 1785 1692
f 1692 1803 1898
f 1870 1692 1898
f 1694 1693 1698
f 1693 1731 1698
f 1694 1698 1695
f 1695 1698 1696
f 1696 1698 1697
f 1697 1698 1704
f 1698 1751 1704
f 1731 1765 1698
f 1772 1751 1698
f 1765 1772 1698
f 1760 1761 1699
f 1699 1761 1769
f 1710 1706 1700
f 1700 1730 1710
f 1702 1824 1709
f 1791 1824 1702
f 1727 1783 1703
f 1783 1791 1703
f 1704 1717 1716
f 1751 1717 1704
f 1715 1705 1950
f 1950 1705 1755
f 1933 1706 1710
f 1786 1711 1706
f 1933 1786 1706
f 1707 1805 1738
f 1709 1824 1750
f 1710 1730 1841
f 1710 1841 1933
f 1790 1711 1786
f 1735 1712 1857
f 1857 1712 1858
f 1723 1713 1716
f 1733 1713 1723
f 1714 1722 1777
f 1734 1714 1777
f 1923 1715 1822
f 1822 1715 1926
f 1926 1715 1950
f 1774 1716 1717
f 1723 1716 1758
f 1774 1758 1716
f 1717 1751 1774
f 1718 1721 1777
f 1722 1718 1777
f 1725 1719 1724
f 1724 1719 1754
f 1725 1728 1719
f 1720 1825 1966
f 2066 1720 1966
f 1721 1742 1747
f 1777 1721 1747
f 1733 1723 1758
f 1724 1784 1725
f 1784 1724 1754
f 1739 1728 1725
f 1739 1725 1815
f 1815 1725 1784
f 1726 1740 1731
f 1743 1783 1727
f 1800 1729 1830
f 1830 1729 1917
f 1729 1923 1917
f 1733 1841 1730
f 1731 1740 1810
f 1731 1788 1765
f 1731 1789 1788
f 1789 1731 1810
f 1732 1797 1817
f 1733 1758 1841
f 1748 1734 1890
f 1734 1777 1890
f 1856 1737 1735
f 1856 1735 1857
f 1749 1736 1771
f 1816 1737 1856
f 1746 1738 1805
f 1739 1815 1760
f 1819 1787 1740
f 1740 1787 1938
f 1740 1938 1810
f 1743 1741 1756
f 1741 1767 1756
f 1747 1742 1817
f 1743 1756 1783
f 1744 1745 1752
f 1744 1752 1753
f 1745 1748 1890
f 1752 1745 1890
f 1746 1805 1891
f 1821 1746 1891
f 1777 1747 1876
f 1806 1747 1817
f 1876 1747 1806
f 1750 1824 1807
f 1772 1773 1751
f 1751 1773 1774
f 1753 1752 1764
f 1752 1890 1764
f 1753 1764 1757
f 1754 1811 1784
f 1754 1834 1811
f 1754 1816 1834
f 1950 1755 1759
f 1782 1756 1767
f 1756 1782 1783
f 1764 1890 1757
f 1767 1757 1782
f 1782 1757 1801
f 1801 1757 1838
f 1757 1890 1838
f 1758 1774 1893
f 1758 1948 1841
f 1758 1893 1922
f 1920 1758 1922
f 1758 1920 1948
f 1759 1768 1846
f 1846 1950 1759
f 1760 1815 1761
f 1769 1761 1815
f 1795 1762 1904
f 1762 1918 1904
f 1788 1772 1765
f 1766 1927 2139
f 1766 2139 2075
f 1768 1770 1846
f 1894 1769 1815
f 1769 1894 1885
f 1770 1779 1792
f 1846 1770 1792
f 1901 1771 1794
f 1771 2075 1794
f 1772 1813 1773
f 1788 2034 1772
f 1772 2034 1813
f 1773 1813 1774
f 1813 1893 1774
f 1776 1775 1872
f 1776 1872 1820
f 1777 1876 1976
f 1777 1976 1890
f 1780 1778 1809
f 1809 1778 1903
f 1778 1901 1903
f 1792 1779 2024
f 1779 1823 2024
f 1905 1780 1809
f 1781 2064 1927
f 2022 2064 1781
f 1783 1782 1796
f 1782 1801 1796
f 1783 1837 1791
f 1796 1812 1783
f 1812 1843 1783
f 1843 1837 1783
f 1784 1811 1815
f 1785 1870 1919
f 1878 1785 1919
f 1933 1790 1786
f 1819 1831 1787
f 1831 1938 1787
f 1789 1810 1788
f 1810 2034 1788
f 1933 1798 1790
f 1791 1837 1814
f 1791 1814 1854
f 1791 1854 1824
f 1846 1792 2024
f 1868 1871 1793
f 1793 1871 2083
f 1793 2083 2114
f 1793 2114 2219
f 1793 2219 2242
f 1793 2242 2253
f 1794 1892 1901
f 1794 2075 1892
f 1796 1801 1812
f 1797 1808 1817
f 1797 1889 1808
f 1836 1882 1797
f 1797 1882 1889
f 1799 1798 1933
f 1828 1799 1933
f 1818 1800 1912
f 1912 1800 1830
f 1801 1838 1812
f 1804 1907 1802
f 1828 1832 1803
f 1803 1832 1835
f 1898 1803 1835
f 1804 1905 1907
f 1826 1805 1820
f 1805 1826 1845
f 1805 1845 1842
f 1891 1805 1842
f 1817 1859 1806
f 1859 1876 1806
f 1807 1824 1819
f 1817 1808 1889
f 1809 1903 1905
f 1938 1931 1810
f 1810 1931 2034
f 1815 1811 1848
f 1811 1834 1848
f 1838 1915 1812
f 1812 1887 1843
f 1812 1915 1887
f 1813 2034 1893
f 1814 1837 1869
f 1814 1869 1854
f 1815 1848 1855
f 1815 1855 1863
f 1863 1865 1815
f 1879 1815 1865
f 1888 1815 1879
f 1895 1815 1888
f 1894 1815 1895
f 1816 1856 1834
f 1817 1965 1859
f 1817 1889 1899
f 1817 1899 1965
f 1839 1818 1910
f 1818 1912 1910
f 1824 1829 1819
f 1819 1829 1862
f 1819 1862 1831
f 1847 1826 1820
f 1847 1820 1877
f 1820 1872 1877
f 1821 1881 1840
f 1881 1821 1891
f 1822 1926 1923
f 1823 1885 1911
f 1911 1953 1823
f 1986 1823 1953
f 2031 1823 1986
f 2024 1823 2030
f 2031 2030 1823
f 1824 1947 1829
f 1824 1854 1925
f 1824 1925 1940
f 1824 1940 1947
f 1966 1825 2109
f 1825 2086 2109
f 1845 1826 1847
f 1827 1851 1836
f 1827 1849 1844
f 1827 1844 1851
f 1852 1849 1827
f 1850 1852 1827
f 1828 1937 1832
f 1933 1937 1828
f 1829 1886 1862
f 1829 1947 1886
f 1830 1917 1912
f 1862 1938 1831
f 1832 1937 1835
f 1833 1904 1868
f 1848 1834 1993
f 1834 1856 1853
f 1834 1853 1993
f 1835 1937 1880
f 2062 1835 1880
f 1929 1898 1835
f 1929 1835 1935
f 1979 1935 1835
f 2062 1979 1835
f 1836 1851 1860
f 1860 1866 1836
f 1866 1867 1836
f 1867 1882 1836
f 1843 1869 1837
f 1890 1909 1838
f 1838 1909 1915
f 1872 1839 1910
f 1840 1924 1850
f 1881 1924 1840
f 1988 1933 1841
f 1948 1962 1841
f 1962 1988 1841
f 1902 1842 1845
f 1891 1842 1902
f 1843 1939 1869
f 1843 1887 1939
f 1844 1849 2036
f 1844 2036 1851
f 1845 1847 1877
f 1845 1877 1949
f 1902 1845 1968
f 1968 1845 1949
f 1950 1846 2008
f 2008 1846 2023
f 2023 1846 2024
f 1855 1848 1865
f 1848 1993 1865
f 1852 2036 1849
f 1850 2036 1852
f 1924 2036 1850
f 1851 2036 1860
f 1853 1856 1873
f 1853 1873 1993
f 1869 1925 1854
f 1863 1855 1865
f 1856 1857 1861
f 1856 1861 1873
f 1857 1858 1861
f 1875 1861 1858
f 1864 1875 1858
f 1859 2106 1876
f 1965 2046 1859
f 2046 2061 1859
f 1859 2061 2106
f 1860 2100 1866
f 2036 2100 1860
f 1873 1861 1874
f 1874 1861 1875
f 1862 1886 1900
f 1862 1900 1941
f 1862 1941 1938
f 1883 1875 1864
f 1879 1865 1993
f 2100 1867 1866
f 1867 2100 1882
f 1868 2002 1871
f 1868 2001 1884
f 1868 1884 2002
f 1904 1969 1868
f 1969 2001 1868
f 1869 1997 1925
f 1939 1997 1869
f 1870 1898 1934
f 1919 1870 1934
f 1952 1871 1974
f 1994 1871 1952
f 1871 2002 1974
f 1994 2083 1871
f 1877 1872 1906
f 1872 1910 1906
f 2108 1873 1874
f 1993 1873 2108
f 2108 1874 1875
f 1981 1875 1883
f 2108 1875 1981
f 1976 1876 1913
f 1876 2106 1913
f 1877 1906 1949
f 1878 1916 1908
f 1878 1919 1916
f 1879 1895 1888
f 1936 1895 1879
f 2039 1936 1879
f 2039 1879 1993
f 2062 1880 1937
f 1881 1891 1924
f 1882 1899 1889
f 2100 1899 1882
f 1897 1981 1883
f 1884 2001 1989
f 1884 1989 2002
f 1885 1894 1911
f 1886 1947 1900
f 1887 1915 1939
f 1890 1956 1909
f 1890 1970 1956
f 1890 1990 1970
f 1890 1976 1996
f 1990 1890 1996
f 1891 1902 1924
f 1892 2006 1901
f 1892 2075 2006
f 1893 2034 1922
f 1896 1894 1895
f 1894 1896 1928
f 1911 1894 1928
f 1936 1896 1895
f 1928 1896 1936
f 1908 1981 1897
f 1934 1898 1929
f 2100 1965 1899
f 1900 1947 1941
f 1901 1972 1903
f 1955 1963 1901
f 2006 1955 1901
f 1963 1959 1901
f 1959 1972 1901
f 1902 1968 1924
f 1905 1903 1932
f 1932 1903 2004
f 1903 1972 1985
f 1903 1985 2013
f 2013 2004 1903
f 1918 1957 1904
f 1904 1957 1969
f 1905 1978 1907
f 1905 1932 1977
f 1905 1977 1961
f 1905 1961 1978
f 1906 1910 1943
f 1906 1943 1949
f 1907 1978 2029
f 1907 2029 2048
f 1907 2048 2071
f 1907 2071 2054
f 1916 1981 1908
f 1909 1939 1915
f 1909 2069 1939
f 1909 1956 1944
f 1909 1944 2069
f 1912 1942 1910
f 1910 1942 1973
f 1910 1960 1943
f 1910 1973 1960
f 1911 1928 1964
f 1953 1911 1964
f 1912 1917 2033
f 1942 1912 2033
f 1983 1913 1958
f 1913 2112 1958
f 1976 1913 1983
f 1913 2106 2112
f 1914 1921 1918
f 1919 1981 1916
f 1923 1998 1917
f 1917 1998 2033
f 1921 2126 1918
f 1918 2126 1957
f 1919 1934 1981
f 1920 1922 1948
f 2066 1930 1921
f 1921 1930 2126
f 1922 2034 1948
f 1926 1984 1923
f 1923 1984 2032
f 1923 2059 1998
f 1923 2032 2050
f 1923 2050 2059
f 1924 1968 1980
f 1980 1999 1924
f 1924 1999 2093
f 1924 2129 2036
f 1924 2093 2094
f 1924 2094 2129
f 1925 1967 1940
f 1925 1997 1967
f 1926 1950 1954
f 1926 1954 1975
f 1984 1926 1975
f 1927 2064 2207
f 1927 2207 2139
f 1928 1936 1964
f 1934 1929 1935
f 2066 2042 1930
f 1930 2042 2126
f 1938 1945 1931
f 1945 2034 1931
f 1932 2004 1977
f 2012 1937 1933
f 2005 1933 1988
f 2016 1933 2005
f 2015 2012 1933
f 2016 2015 1933
f 1979 1934 1935
f 1981 1934 1979
f 1964 1936 2039
f 2012 1991 1937
f 1937 1991 2062
f 1938 1941 1946
f 1938 1971 1945
f 1938 1946 1951
f 1938 1951 1971
f 1939 2021 1997
f 2021 1939 2049
f 1939 2069 2049
f 1947 1940 1992
f 1940 1967 1987
f 1992 1940 1987
f 1951 1946 1941
f 1947 1992 1941
f 1951 1941 2097
f 1941 1992 2052
f 2097 1941 2052
f 1973 1942 2027
f 1942 2033 2027
f 1949 1943 2019
f 1943 1960 2058
f 1943 2058 2019
f 1956 2069 1944
f 1945 1971 2060
f 1945 2060 2034
f 2034 1962 1948
f 1968 1949 2019
f 1950 2008 1954
f 1971 1951 2000
f 2000 1951 2085
f 2085 1951 2097
f 1952 1974 1994
f 1986 1953 1964
f 1954 2008 1975
f 1963 1955 2200
f 2006 2047 1955
f 2047 2091 1955
f 1955 2091 2131
f 2200 1955 2131
f 1956 1970 2069
f 1969 1957 2003
f 2126 2003 1957
f 1958 2112 1983
f 1959 1963 2200
f 1959 2216 1972
f 1959 2200 2216
f 1960 1973 1982
f 2058 1960 1982
f 1961 1977 2055
f 1961 2055 1978
f 2034 1988 1962
f 1986 1964 1995
f 1995 1964 2073
f 1964 2039 2073
f 1965 2061 2046
f 2100 2061 1965
f 2066 1966 2109
f 1967 1997 1987
f 1968 2019 1980
f 1969 2111 2001
f 1969 2003 2259
f 2111 1969 2289
f 2289 1969 2259
f 1970 1990 2069
f 1971 2000 2060
f 1985 1972 2013
f 1972 2155 2013
f 1972 2160 2155
f 2216 2160 1972
f 1982 1973 2058
f 1973 2027 2058
f 1974 2009 1994
f 2002 2175 1974
f 2175 2009 1974
f 1975 2008 1984
f 1976 1983 2007
f 1996 1976 2011
f 1976 2007 2010
f 1976 2010 2014
f 1976 2014 2011
f 1977 2004 2055
f 2029 1978 2147
f 1978 2055 2147
f 1981 1979 2063
f 2063 1979 2062
f 1980 2019 1999
f 1981 2063 2089
f 1981 2089 2108
f 2007 1983 2018
f 2018 1983 2028
f 1983 2112 2028
f 1984 2008 2035
f 2032 1984 2137
f 1984 2035 2137
f 2037 1986 1995
f 2037 2031 1986
f 1987 1997 1992
f 2092 2005 1988
f 2092 1988 2034
f 2001 2138 1989
f 2002 1989 2281
f 2138 2189 1989
f 2189 2281 1989
f 1990 1996 2069
f 2012 2020 1991
f 1991 2020 2088
f 1991 2063 2062
f 2088 2063 1991
f 1992 1997 2025
f 2052 1992 2025
f 2038 2026 1993
f 2026 2039 1993
f 2038 1993 2079
f 1993 2127 2079
f 1993 2108 2130
f 2127 1993 2130
f 2009 2328 1994
f 1994 2328 2083
f 2051 2037 1995
f 2051 1995 2073
f 1996 2011 2069
f 2021 2049 1997
f 2025 1997 2107
f 1997 2049 2053
f 1997 2053 2072
f 1997 2072 2107
f 1998 2059 2033
f 1999 2019 2017
f 2093 1999 2017
f 2000 2085 2060
f 2001 2111 2138
f 2002 2217 2175
f 2002 2281 2217
f 2126 2172 2003
f 2172 2259 2003
f 2004 2013 2045
f 2004 2045 2248
f 2004 2248 2055
f 2092 2016 2005
f 2006 2067 2047
f 2006 2116 2067
f 2075 2116 2006
f 2010 2007 2090
f 2007 2018 2090
f 2008 2023 2035
f 2175 2320 2009
f 2320 2328 2009
f 2014 2010 2090
f 2011 2014 2090
f 2011 2090 2069
f 2092 2012 2015
f 2012 2040 2020
f 2092 2040 2012
f 2155 2045 2013
f 2092 2015 2016
f 2017 2019 2177
f 2094 2093 2017
f 2094 2017 2177
f 2018 2028 2065
f 2018 2065 2090
f 2019 2058 2077
f 2019 2077 2177
f 2020 2040 2167
f 2088 2020 2089
f 2089 2020 2142
f 2020 2167 2142
f 2022 2208 2064
f 2022 2288 2208
f 2022 2253 2270
f 2270 2274 2022
f 2022 2274 2288
f 2023 2024 2035
f 2035 2024 2030
f 2052 2025 2107
f 2038 2041 2026
f 2026 2041 2039
f 2033 2161 2027
f 2027 2161 2058
f 2056 2065 2028
f 2112 2056 2028
f 2048 2029 2147
f 2035 2030 2031
f 2035 2031 2044
f 2044 2031 2037
f 2050 2032 2110
f 2110 2032 2137
f 2059 2161 2033
f 2060 2068 2034
f 2068 2078 2034
f 2034 2078 2082
f 2034 2082 2092
f 2035 2044 2150
f 2171 2137 2035
f 2178 2035 2150
f 2171 2035 2187
f 2187 2035 2178
f 2036 2168 2100
f 2036 2129 2151
f 2036 2151 2166
f 2036 2166 2169
f 2036 2169 2168
f 2044 2037 2051
f 2073 2041 2038
f 2073 2038 2163
f 2163 2038 2079
f 2073 2039 2041
f 2043 2040 2092
f 2167 2040 2043
f 2066 2070 2042
f 2070 2289 2042
f 2042 2289 2126
f 2084 2057 2043
f 2205 2043 2057
f 2084 2043 2092
f 2167 2043 2205
f 2044 2051 2099
f 2150 2044 2099
f 2045 2155 2248
f 2047 2067 2200
f 2047 2131 2091
f 2047 2200 2131
f 2071 2048 2147
f 2053 2049 2072
f 2049 2069 2072
f 2050 2074 2059
f 2050 2110 2074
f 2051 2073 2199
f 2099 2051 2199
f 2097 2052 2107
f 2054 2071 2159
f 2054 2251 2086
f 2159 2182 2054
f 2054 2182 2212
f 2054 2212 2251
f 2147 2055 2121
f 2121 2055 2206
f 2055 2248 2206
f 2112 2065 2056
f 2224 2057 2084
f 2215 2205 2057
f 2215 2057 2224
f 2077 2058 2102
f 2058 2161 2102
f 2074 2161 2059
f 2060 2157 2068
f 2085 2157 2060
f 2100 2123 2061
f 2061 2123 2106
f 2089 2063 2088
f 2208 2207 2064
f 2065 2081 2090
f 2112 2081 2065
f 2066 2190 2070
f 2066 2109 2198
f 2066 2201 2190
f 2066 2198 2225
f 2066 2277 2201
f 2066 2225 2287
f 2066 2287 2277
f 2067 2116 2200
f 2068 2076 2078
f 2068 2157 2076
f 2069 2080 2072
f 2069 2095 2080
f 2069 2090 2105
f 2069 2105 2095
f 2070 2190 2180
f 2180 2289 2070
f 2071 2147 2226
f 2071 2196 2159
f 2071 2226 2196
f 2072 2080 2095
f 2072 2095 2153
f 2072 2153 2107
f 2073 2163 2199
f 2074 2110 2161
f 2075 2144 2116
f 2139 2255 2075
f 2173 2144 2075
f 2075 2194 2173
f 2075 2255 2194
f 2076 2157 2078
f 2077 2102 2176
f 2077 2176 2177
f 2078 2157 2082
f 2079 2127 2163
f 2090 2081 2087
f 2081 2112 2087
f 2082 2117 2092
f 2082 2157 2117
f 2083 2328 2114
f 2115 2084 2092
f 2115 2113 2084
f 2113 2224 2084
f 2085 2097 2101
f 2101 2098 2085
f 2085 2098 2157
f 2185 2109 2086
f 2086 2251 2185
f 2090 2087 2096
f 2087 2128 2096
f 2112 2210 2087
f 2233 2128 2087
f 2087 2210 2221
f 2221 2233 2087
f 2089 2140 2108
f 2141 2140 2089
f 2165 2141 2089
f 2142 2165 2089
f 2090 2096 2128
f 2105 2090 2104
f 2104 2090 2119
f 2090 2120 2119
f 2090 2128 2120
f 2118 2115 2092
f 2117 2118 2092
f 2094 2177 2129
f 2095 2105 2153
f 2097 2107 2101
f 2101 2103 2098
f 2103 2122 2098
f 2098 2122 2143
f 2098 2143 2157
f 2150 2099 2199
f 2100 2154 2123
f 2164 2154 2100
f 2158 2164 2100
f 2170 2158 2100
f 2100 2168 2170
f 2107 2103 2101
f 2102 2161 2176
f 2107 2149 2103
f 2103 2149 2122
f 2105 2104 2153
f 2104 2119 2153
f 2123 2112 2106
f 2149 2107 2156
f 2107 2153 2156
f 2130 2108 2133
f 2133 2108 2145
f 2145 2108 2140
f 2198 2109 2185
f 2110 2137 2161
f 2289 2138 2111
f 2148 2112 2123
f 2148 2162 2112
f 2112 2162 2181
f 2112 2181 2197
f 2197 2210 2112
f 2115 2124 2113
f 2113 2124 2240
f 2240 2224 2113
f 2114 2328 2219
f 2157 2115 2118
f 2157 2124 2115
f 2144 2313 2116
f 2116 2313 2200
f 2157 2118 2117
f 2119 2120 2153
f 2120 2128 2135
f 2120 2135 2153
f 2147 2121 2206
f 2122 2149 2143
f 2123 2154 2148
f 2125 2124 2157
f 2124 2125 2240
f 2132 2125 2157
f 2132 2258 2125
f 2125 2258 2240
f 2126 2289 2172
f 2127 2130 2163
f 2135 2128 2245
f 2245 2128 2233
f 2129 2177 2151
f 2163 2130 2133
f 2132 2146 2134
f 2132 2134 2258
f 2152 2146 2132
f 2152 2132 2157
f 2133 2145 2211
f 2163 2133 2211
f 2136 2134 2146
f 2134 2136 2264
f 2258 2134 2260
f 2134 2264 2260
f 2153 2135 2136
f 2136 2135 2245
f 2153 2136 2146
f 2136 2245 2252
f 2265 2136 2252
f 2264 2136 2265
f 2161 2137 2171
f 2138 2289 2189
f 2139 2207 2291
f 2139 2263 2255
f 2139 2284 2263
f 2139 2291 2284
f 2211 2140 2141
f 2211 2145 2140
f 2211 2141 2165
f 2165 2142 2167
f 2143 2149 2157
f 2173 2194 2144
f 2194 2317 2144
f 2317 2313 2144
f 2156 2146 2152
f 2153 2146 2156
f 2147 2206 2226
f 2154 2181 2148
f 2148 2181 2162
f 2149 2156 2157
f 2188 2178 2150
f 2191 2188 2150
f 2191 2150 2199
f 2166 2151 2186
f 2151 2177 2186
f 2156 2152 2157
f 2164 2192 2154
f 2154 2192 2181
f 2160 2248 2155
f 2186 2164 2158
f 2186 2158 2170
f 2159 2179 2182
f 2159 2196 2179
f 2216 2248 2160
f 2161 2171 2250
f 2176 2161 2183
f 2183 2161 2250
f 2199 2163 2232
f 2232 2163 2211
f 2164 2186 2192
f 2203 2165 2167
f 2211 2165 2203
f 2169 2166 2186
f 2167 2205 2203
f 2169 2186 2168
f 2168 2186 2170
f 2171 2187 2174
f 2250 2171 2174
f 2172 2289 2259
f 2174 2187 2193
f 2174 2193 2195
f 2174 2195 2250
f 2217 2310 2175
f 2175 2310 2320
f 2177 2176 2184
f 2184 2176 2183
f 2177 2184 2209
f 2177 2209 2186
f 2187 2178 2188
f 2179 2196 2182
f 2190 2201 2180
f 2201 2289 2180
f 2197 2181 2192
f 2182 2196 2212
f 2184 2183 2250
f 2209 2184 2254
f 2184 2250 2254
f 2185 2273 2198
f 2185 2251 2295
f 2185 2295 2273
f 2192 2186 2210
f 2186 2209 2223
f 2210 2186 2221
f 2186 2213 2221
f 2186 2228 2213
f 2223 2231 2186
f 2186 2231 2228
f 2187 2188 2191
f 2187 2191 2204
f 2193 2187 2204
f 2289 2281 2189
f 2191 2199 2204
f 2197 2192 2210
f 2195 2193 2214
f 2193 2204 2214
f 2255 2317 2194
f 2227 2195 2214
f 2250 2195 2227
f 2196 2311 2212
f 2226 2261 2196
f 2261 2311 2196
f 2225 2198 2273
f 2204 2199 2230
f 2235 2230 2199
f 2235 2199 2232
f 2200 2202 2216
f 2200 2313 2202
f 2201 2277 2268
f 2201 2268 2314
f 2201 2314 2289
f 2216 2202 2218
f 2218 2202 2257
f 2202 2309 2257
f 2202 2313 2309
f 2205 2211 2203
f 2214 2204 2230
f 2215 2211 2205
f 2206 2248 2226
f 2208 2294 2207
f 2294 2291 2207
f 2288 2293 2208
f 2208 2293 2294
f 2209 2254 2223
f 2241 2211 2215
f 2229 2222 2211
f 2222 2232 2211
f 2243 2229 2211
f 2211 2241 2243
f 2212 2220 2251
f 2212 2311 2220
f 2221 2213 2238
f 2213 2228 2238
f 2227 2214 2244
f 2244 2214 2230
f 2240 2215 2224
f 2241 2215 2240
f 2216 2218 2285
f 2216 2325 2248
f 2216 2285 2325
f 2281 2310 2217
f 2218 2257 2285
f 2219 2328 2242
f 2220 2247 2278
f 2220 2311 2247
f 2220 2278 2251
f 2221 2238 2233
f 2229 2266 2222
f 2237 2232 2222
f 2266 2237 2222
f 2223 2254 2231
f 2225 2273 2299
f 2287 2225 2290
f 2225 2299 2290
f 2248 2269 2226
f 2226 2269 2261
f 2246 2227 2244
f 2250 2227 2246
f 2231 2254 2228
f 2238 2228 2254
f 2243 2266 2229
f 2244 2230 2235
f 2235 2232 2236
f 2236 2232 2237
f 2233 2238 2234
f 2233 2234 2245
f 2238 2239 2234
f 2234 2239 2245
f 2262 2235 2236
f 2262 2244 2235
f 2271 2236 2237
f 2262 2236 2271
f 2271 2237 2266
f 2239 2238 2252
f 2238 2282 2252
f 2254 2282 2238
f 2239 2252 2245
f 2241 2240 2256
f 2258 2256 2240
f 2243 2241 2266
f 2241 2256 2266
f 2242 2328 2253
f 2246 2244 2249
f 2262 2249 2244
f 2246 2249 2271
f 2250 2246 2282
f 2246 2271 2282
f 2247 2311 2278
f 2248 2292 2269
f 2292 2248 2318
f 2248 2325 2318
f 2262 2271 2249
f 2250 2282 2254
f 2278 2283 2251
f 2251 2283 2286
f 2251 2286 2298
f 2251 2298 2295
f 2252 2282 2265
f 2253 2328 2270
f 2255 2263 2312
f 2255 2312 2317
f 2258 2266 2256
f 2309 2285 2257
f 2258 2260 2266
f 2279 2260 2264
f 2260 2280 2266
f 2279 2280 2260
f 2269 2311 2261
f 2284 2312 2263
f 2264 2265 2267
f 2264 2267 2279
f 2265 2275 2267
f 2265 2282 2275
f 2272 2271 2266
f 2280 2272 2266
f 2275 2276 2267
f 2279 2267 2276
f 2268 2277 2314
f 2269 2292 2318
f 2269 2318 2311
f 2270 2328 2274
f 2282 2271 2272
f 2282 2272 2280
f 2273 2295 2299
f 2288 2274 2308
f 2274 2328 2308
f 2282 2276 2275
f 2282 2279 2276
f 2287 2314 2277
f 2278 2311 2283
f 2282 2280 2279
f 2320 2281 2289
f 2310 2281 2320
f 2286 2283 2298
f 2283 2311 2298
f 2284 2291 2312
f 2285 2309 2325
f 2287 2290 2314
f 2288 2308 2293
f 2289 2314 2304
f 2321 2289 2304
f 2321 2320 2289
f 2290 2299 2301
f 2290 2301 2314
f 2294 2300 2291
f 2291 2300 2296
f 2296 2312 2291
f 2293 2297 2294
f 2293 2308 2297
f 2297 2306 2294
f 2294 2306 2300
f 2305 2295 2298
f 2307 2299 2295
f 2305 2307 2295
f 2300 2312 2296
f 2308 2306 2297
f 2305 2298 2311
f 2301 2299 2302
f 2302 2299 2303
f 2303 2299 2307
f 2306 2322 2300
f 2300 2322 2312
f 2303 2301 2302
f 2301 2303 2315
f 2314 2301 2315
f 2315 2303 2307
f 2304 2314 2316
f 2321 2304 2316
f 2336 2307 2305
f 2336 2305 2311
f 2308 2322 2306
f 2336 2315 2307
f 2308 2328 2322
f 2313 2325 2309
f 2318 2343 2311
f 2311 2343 2336
f 2317 2312 2323
f 2312 2322 2338
f 2312 2338 2323
f 2317 2325 2313
f 2336 2314 2315
f 2316 2314 2321
f 2321 2314 2331
f 2331 2314 2336
f 2317 2323 2325
f 2318 2337 2319
f 2318 2319 2343
f 2325 2337 2318
f 2337 2343 2319
f 2326 2320 2321
f 2320 2326 2328
f 2326 2321 2327
f 2321 2330 2327
f 2330 2321 2331
f 2322 2328 2338
f 2323 2324 2325
f 2323 2338 2324
f 2324 2334 2325
f 2324 2338 2334
f 2325 2334 2340
f 2325 2342 2337
f 2325 2340 2342
f 2326 2327 2328
f 2328 2327 2329
f 2329 2327 2330
f 2328 2329 2333
f 2328 2333 2335
f 2328 2335 2338
f 2329 2330 2348
f 2333 2329 2348
f 2330 2331 2339
f 2332 2330 2339
f 2348 2330 2332
f 2344 2331 2336
f 2331 2344 2339
f 2332 2339 2348
f 2335 2333 2350
f 2333 2348 2350
f 2334 2338 2340
f 2335 2341 2338
f 2335 2350 2341
f 2336 2343 2344
f 2337 2342 2343
f 2338 2341 2340
f 2339 2344 2346
f 2339 2346 2348
f 2341 2350 2340
f 2340 2350 2342
f 2342 2345 2343
f 2342 2350 2345
f 2349 2344 2343
f 2345 2347 2343
f 2347 2349 2343
f 2346 2344 2349
f 2350 2347 2345
f 2348 2346 2349
f 2350 2349 2347
f 2348 2349 2350
