lr-Adam/pg1,lr-Adam/pg2,step,train/batch_size,train/cls_loss,train/cls_acc,train/cls_precision,train/cls_recall,train/cls_f1,train/mat_loss,train/n_critical_max,train/rig_loss,train/loss,epoch,val/cls_loss,val/cls_acc,val/cls_precision,val/cls_recall,val/cls_f1,val/mat_loss,val/n_critical_max,val/rig_loss,val/loss,val/mat_precision,val/mat_recall,val/mat_f1
1e-06,9.999999999999999e-06,0,,,,,,,,,,,,,,,,,,,,,,,
,,9,3.0,0.09340992569923401,0.972599983215332,0.7206624746322632,0.6112698316574097,0.6464688777923584,5.303694248199463,272.0,6.038867950439453,11.435972213745117,0,,,,,,,,,,,,
,,19,3.0,0.03523546829819679,0.9886000156402588,0.8177667260169983,0.7835551500320435,0.799648642539978,4.144023418426514,123.0,3.344811201095581,7.524069786071777,0,,,,,,,,,,,,
,,29,3.0,0.12516039609909058,0.9489333629608154,0.6524616479873657,0.724032998085022,0.6802783012390137,4.236464977264404,209.0,42.417850494384766,46.779476165771484,0,,,,,,,,,,,,
,,39,3.0,0.04358450695872307,0.9822666645050049,0.7140523791313171,0.8019447326660156,0.7500976324081421,3.9803073406219482,110.0,3.980588912963867,8.004480361938477,0,,,,,,,,,,,,
,,49,3.0,0.08666574954986572,0.9702666401863098,0.6650425791740417,0.6133139729499817,0.6338883638381958,4.818621635437012,209.0,10.0236234664917,14.928911209106445,0,,,,,,,,,,,,
,,59,3.0,0.07766421139240265,0.9673333168029785,0.7858387231826782,0.904674768447876,0.8335269689559937,3.7828071117401123,292.0,4.559686660766602,8.420158386230469,0,,,,,,,,,,,,
,,69,3.0,0.03536667302250862,0.9863333106040955,0.7545865774154663,0.8773880004882812,0.8034897446632385,2.9282703399658203,199.0,18.33070182800293,21.29433822631836,0,,,,,,,,,,,,
,,79,3.0,0.02092312090098858,0.9929333329200745,0.7790250778198242,0.8324927091598511,0.8033642172813416,3.2721047401428223,69.0,1.1463884115219116,4.439416408538818,0,,,,,,,,,,,,
,,89,3.0,0.058410562574863434,0.9750000238418579,0.7453370094299316,0.790247917175293,0.7657486796379089,5.58991003036499,265.0,52.519691467285156,58.16801071166992,0,,,,,,,,,,,,
,,99,3.0,0.044376783072948456,0.9796666502952576,0.7539727091789246,0.9062792062759399,0.8112579584121704,3.867495536804199,205.0,24.491920471191406,28.403793334960938,0,,,,,,,,,,,,
,,109,3.0,0.03661174699664116,0.9832000136375427,0.8254858255386353,0.8271957039833069,0.8263383507728577,4.366845607757568,259.0,27.59477996826172,31.99823760986328,0,,,,,,,,,,,,
,,119,3.0,0.09125703573226929,0.9619333148002625,0.8104944825172424,0.7570175528526306,0.7808722257614136,5.490886688232422,332.0,14.37783145904541,19.959976196289062,0,,,,,,,,,,,,
,,129,3.0,0.1416294425725937,0.9531999826431274,0.6679111123085022,0.6649778485298157,0.6664294600486755,5.045154094696045,353.0,11.752899169921875,16.939682006835938,0,,,,,,,,,,,,
,,139,3.0,0.04412810131907463,0.9814000129699707,0.782162606716156,0.7745411396026611,0.7782963514328003,4.619317054748535,164.0,12.858942031860352,17.52238655090332,0,,,,,,,,,,,,
,,149,3.0,0.06399282068014145,0.9753999710083008,0.7301729321479797,0.7218447327613831,0.7259260416030884,4.370205402374268,182.0,8.170581817626953,12.604780197143555,0,,,,,,,,,,,,
,,159,3.0,0.07076304405927658,0.9700000286102295,0.8173894286155701,0.8049243092536926,0.8110166788101196,5.037286281585693,277.0,23.467592239379883,28.575641632080078,0,,,,,,,,,,,,
,,169,3.0,0.056084513664245605,0.9764000177383423,0.7045939564704895,0.8593968152999878,0.759199857711792,4.820339679718018,205.0,4.668610572814941,9.545034408569336,0,,,,,,,,,,,,
,,179,3.0,0.04280561953783035,0.9885333180427551,0.6726993918418884,0.6289175152778625,0.647516131401062,3.9115610122680664,76.0,2.9640486240386963,6.918415069580078,0,,,,,,,,,,,,
,,189,3.0,0.05028330534696579,0.9804666638374329,0.6811163425445557,0.8557373881340027,0.7384544610977173,3.5664403438568115,100.0,12.216226577758789,15.832950592041016,0,,,,,,,,,,,,
,,199,3.0,0.027569349855184555,0.9908666610717773,0.6769900321960449,0.7547124624252319,0.7086689472198486,4.040282726287842,40.0,0.2552017867565155,4.32305383682251,0,,,,,,,,,,,,
,,209,3.0,0.08311929553747177,0.9687333106994629,0.8182746767997742,0.7993565797805786,0.8084888458251953,4.453624725341797,376.0,23.6962833404541,28.233028411865234,0,,,,,,,,,,,,
,,219,3.0,0.03916420415043831,0.9851999878883362,0.8083186149597168,0.7654595375061035,0.7852073907852173,4.598714351654053,163.0,1.2732234001159668,5.911101818084717,0,,,,,,,,,,,,
,,229,3.0,0.07430677860975266,0.9743333458900452,0.6639196276664734,0.7802398204803467,0.7056940793991089,4.614171981811523,110.0,12.428915977478027,17.117395401000977,0,,,,,,,,,,,,
,,239,3.0,0.04389582946896553,0.9840666651725769,0.8129187822341919,0.7246541976928711,0.7611738443374634,4.820486068725586,218.0,5.806396961212158,10.670778274536133,0,,,,,,,,,,,,
,,249,3.0,0.05449042469263077,0.9745333194732666,0.7120205163955688,0.7687164545059204,0.7367509603500366,3.7494544982910156,173.0,34.28202438354492,38.085968017578125,0,,,,,,,,,,,,
,,259,3.0,0.07909035682678223,0.9735333323478699,0.7381150722503662,0.7256172895431519,0.7316832542419434,4.529898166656494,228.0,21.358081817626953,25.967071533203125,0,,,,,,,,,,,,
,,269,3.0,0.04057804495096207,0.9847999811172485,0.679999828338623,0.7919434905052185,0.7221081256866455,3.5401320457458496,112.0,5.144330024719238,8.725040435791016,0,,,,,,,,,,,,
,,279,3.0,0.11334282159805298,0.9602000117301941,0.7999438047409058,0.6993401646614075,0.7381657958030701,5.594345569610596,333.0,18.136070251464844,23.84375762939453,0,,,,,,,,,,,,
,,289,3.0,0.05688067898154259,0.9756666421890259,0.6960689425468445,0.8709472417831421,0.754570484161377,3.9902493953704834,164.0,9.884991645812988,13.932121276855469,0,,,,,,,,,,,,
,,299,3.0,0.03833635151386261,0.9872666597366333,0.6395748853683472,0.7213311195373535,0.670846700668335,4.737032890319824,59.0,0.9583702683448792,5.733739376068115,0,,,,,,,,,,,,
,,309,3.0,0.03740883246064186,0.9855333566665649,0.7923268675804138,0.7276023626327515,0.7557516098022461,3.7251172065734863,180.0,5.393772602081299,9.156298637390137,0,,,,,,,,,,,,
,,319,3.0,0.021195143461227417,0.9920666813850403,0.7948567867279053,0.902661919593811,0.840166449546814,4.2181172370910645,131.0,2.0147743225097656,6.254086494445801,0,,,,,,,,,,,,
,,329,3.0,0.053480640053749084,0.9825999736785889,0.8625410795211792,0.8574808835983276,0.8599916696548462,5.300549030303955,264.0,6.188444137573242,11.542473793029785,0,,,,,,,,,,,,
,,339,3.0,0.10514000803232193,0.9651333093643188,0.7385462522506714,0.6732392311096191,0.7001352906227112,4.901501178741455,337.0,22.333053588867188,27.33969497680664,0,,,,,,,,,,,,
,,349,3.0,0.04584623873233795,0.9821333289146423,0.8455239534378052,0.8642743825912476,0.8546306490898132,4.3971734046936035,246.0,15.022464752197266,19.465484619140625,0,,,,,,,,,,,,
,,359,3.0,0.048465121537446976,0.9854000210762024,0.808423638343811,0.8336432576179504,0.8205101490020752,4.249473571777344,162.0,21.999971389770508,26.297910690307617,0,,,,,,,,,,,,
,,369,3.0,0.03621654957532883,0.9845333099365234,0.7173284292221069,0.8903099894523621,0.7780184149742126,4.101290225982666,99.0,2.7662878036499023,6.903794765472412,0,,,,,,,,,,,,
,,379,3.0,0.0696706473827362,0.9753333330154419,0.6889283657073975,0.8414130806922913,0.7416350841522217,4.422913551330566,106.0,9.644951820373535,14.13753604888916,0,,,,,,,,,,,,
,,389,3.0,0.045079488307237625,0.9851999878883362,0.6417803168296814,0.6179428100585938,0.6287127137184143,4.673712730407715,65.0,0.2554872930049896,4.974279880523682,0,,,,,,,,,,,,
,,399,3.0,0.04469909518957138,0.981333315372467,0.7599747180938721,0.8818269371986389,0.8085470199584961,3.3233225345611572,149.0,9.54780101776123,12.915822982788086,0,,,,,,,,,,,,
,,409,3.0,0.06584672629833221,0.9746666550636292,0.7997246980667114,0.9211519360542297,0.8489992022514343,3.9215686321258545,297.0,32.27642059326172,36.26383590698242,0,,,,,,,,,,,,
,,419,3.0,0.07848860323429108,0.9688666462898254,0.7865502834320068,0.7850961089134216,0.7858211398124695,4.270878314971924,253.0,12.22240161895752,16.57176971435547,0,,,,,,,,,,,,
,,429,3.0,0.036666322499513626,0.9849333167076111,0.8011711835861206,0.9321242570877075,0.8541709184646606,3.7351908683776855,166.0,3.2635498046875,7.035407066345215,0,,,,,,,,,,,,
,,439,3.0,0.06335579603910446,0.9771999716758728,0.8268475532531738,0.8640386462211609,0.8443371057510376,5.335204601287842,414.0,53.82217025756836,59.22072982788086,0,,,,,,,,,,,,
,,449,3.0,0.05128847807645798,0.98580002784729,0.732499361038208,0.7959786653518677,0.76025390625,4.152066230773926,102.0,2.069636106491089,6.272991180419922,0,,,,,,,,,,,,
,,459,3.0,0.06694508343935013,0.972000002861023,0.7813594937324524,0.8809531927108765,0.8227962851524353,4.3403801918029785,251.0,10.038006782531738,14.445331573486328,0,,,,,,,,,,,,
,,469,3.0,0.04996860772371292,0.9810666441917419,0.6997690200805664,0.6868178248405457,0.6930636763572693,4.317071437835693,138.0,2.6411852836608887,7.008225440979004,0,,,,,,,,,,,,
,,479,3.0,0.043141573667526245,0.9814666509628296,0.7793594598770142,0.8650956153869629,0.816119909286499,3.5719523429870605,164.0,15.842529296875,19.457622528076172,0,,,,,,,,,,,,
,,489,3.0,0.05545094236731529,0.9765999913215637,0.6837586164474487,0.907895028591156,0.7505940198898315,3.494976282119751,112.0,23.129226684570312,26.67965316772461,0,,,,,,,,,,,,
,,499,3.0,0.07526689767837524,0.9736666679382324,0.7560855150222778,0.8063639998435974,0.7787673473358154,4.180070400238037,160.0,7.82814884185791,12.083486557006836,0,,,,,,,,,,,,
,,509,3.0,0.02432316355407238,0.9922000169754028,0.6002014875411987,0.7873882055282593,0.6477397084236145,3.3319664001464844,19.0,0.040724221616983414,3.3970139026641846,0,,,,,,,,,,,,
,,519,3.0,0.04264773800969124,0.9843999743461609,0.7423191666603088,0.9346660375595093,0.8097108602523804,3.0627291202545166,194.0,23.145212173461914,26.25058937072754,0,,,,,,,,,,,,
,,529,3.0,0.07935670018196106,0.9715333580970764,0.7983721494674683,0.7862118482589722,0.792151927947998,4.666895389556885,279.0,10.2024507522583,14.948702812194824,0,,,,,,,,,,,,
,,539,3.0,0.04592080041766167,0.980400025844574,0.7693343162536621,0.9193731546401978,0.8267607688903809,3.7793149948120117,131.0,6.580418586730957,10.405654907226562,0,,,,,,,,,,,,
,,549,3.0,0.06915387511253357,0.9691333174705505,0.7727084159851074,0.8953225016593933,0.8213208913803101,4.261627674102783,343.0,16.41229820251465,20.743080139160156,0,,,,,,,,,,,,
,,559,3.0,0.12723609805107117,0.9501333236694336,0.643030047416687,0.7513027191162109,0.6799449920654297,4.881077289581299,216.0,23.671083450317383,28.679397583007812,0,,,,,,,,,,,,
,,569,3.0,0.03324838727712631,0.9862666726112366,0.7334927320480347,0.8546233177185059,0.7810299396514893,3.6268632411956787,140.0,8.046350479125977,11.706461906433105,0,,,,,,,,,,,,
,,579,3.0,0.06776601076126099,0.9808666706085205,0.8446427583694458,0.6686494946479797,0.7248856425285339,6.180113792419434,329.0,7.948263168334961,14.19614315032959,0,,,,,,,,,,,,
,,589,3.0,0.10551446676254272,0.966533362865448,0.7540065050125122,0.7005226612091064,0.7237726449966431,5.944177627563477,330.0,7.947054862976074,13.996747016906738,0,,,,,,,,,,,,
,,599,3.0,0.05421395227313042,0.9799333214759827,0.8018609285354614,0.7699606418609619,0.7849581241607666,4.8018107414245605,198.0,10.46300983428955,15.319034576416016,0,,,,,,,,,,,,
,,609,3.0,0.08622273802757263,0.966533362865448,0.8192511796951294,0.8150743842124939,0.8171470761299133,5.017263889312744,297.0,26.597551345825195,31.701038360595703,0,,,,,,,,,,,,
,,619,3.0,0.031834281980991364,0.9872666597366333,0.7837470769882202,0.8143268823623657,0.7982200980186462,3.9140377044677734,99.0,5.3535380363464355,9.299409866333008,0,,,,,,,,,,,,
,,629,3.0,0.02498541958630085,0.9905999898910522,0.7382904291152954,0.9120289087295532,0.8012427091598511,3.0353505611419678,100.0,5.35382604598999,8.414161682128906,0,,,,,,,,,,,,
,,639,3.0,0.025487089529633522,0.9894000291824341,0.7291864156723022,0.9091269969940186,0.7929450273513794,3.1097559928894043,75.0,2.2918334007263184,5.42707633972168,0,,,,,,,,,,,,
,,649,3.0,0.04141009598970413,0.987933337688446,0.7957220673561096,0.8021622896194458,0.7989060878753662,3.765286445617676,117.0,1.4259746074676514,5.23267126083374,0,,,,,,,,,,,,
,,659,3.0,0.032684653997421265,0.9868666529655457,0.8475723266601562,0.9191304445266724,0.8797771334648132,4.50370454788208,207.0,17.77446746826172,22.310855865478516,0,,,,,,,,,,,,
,,669,3.0,0.06495082378387451,0.9765333533287048,0.6775488257408142,0.7889151573181152,0.7190054655075073,4.365207672119141,148.0,12.741640090942383,17.171798706054688,0,,,,,,,,,,,,
,,679,3.0,0.036962781101465225,0.9853333234786987,0.7303525805473328,0.8843280076980591,0.7871423959732056,3.255357503890991,104.0,6.876683712005615,10.169004440307617,0,,,,,,,,,,,,
,,689,3.0,0.03416404873132706,0.9839333295822144,0.7869294881820679,0.9422504901885986,0.8469226956367493,3.5655879974365234,154.0,1.083675503730774,4.683427333831787,0,,,,,,,,,,,,
,,699,3.0,0.08230504393577576,0.9672666788101196,0.8117055296897888,0.7669820785522461,0.7874016761779785,3.9014430046081543,305.0,9.176769256591797,13.160516738891602,0,,,,,,,,,,,,
,,709,3.0,0.10041940212249756,0.9779333472251892,0.6819573044776917,0.5824613571166992,0.6121854782104492,5.056305408477783,250.0,7.413753509521484,12.570478439331055,0,,,,,,,,,,,,
,,719,3.0,0.030640404671430588,0.9874666929244995,0.7704729437828064,0.9303678274154663,0.8313132524490356,4.130005836486816,128.0,16.162368774414062,20.323015213012695,0,,,,,,,,,,,,
,,729,3.0,0.030163981020450592,0.9877333045005798,0.6682119369506836,0.7661901712417603,0.7057614326477051,2.7030348777770996,52.0,0.9068349003791809,3.640033721923828,0,,,,,,,,,,,,
,,739,3.0,0.11089178919792175,0.9571333527565002,0.71125328540802,0.6956117749214172,0.7030880451202393,5.796492576599121,342.0,18.831762313842773,24.739147186279297,0,,,,,,,,,,,,
,,749,3.0,0.04042975977063179,0.9898666739463806,0.838569700717926,0.7769078016281128,0.8045395612716675,4.061202049255371,104.0,1.822649359703064,5.924281120300293,0,,,,,,,,,,,,
,,759,3.0,0.054801616817712784,0.977066695690155,0.885142982006073,0.9110342264175415,0.8975991010665894,4.467843055725098,524.0,23.49312400817871,28.01576805114746,0,,,,,,,,,,,,
,,769,3.0,0.03389137238264084,0.9887333512306213,0.6754025220870972,0.5747783780097961,0.6041397452354431,5.006647109985352,82.0,0.8218939304351807,5.862432479858398,0,,,,,,,,,,,,
,,779,3.0,0.020612305030226707,0.9919999837875366,0.849846363067627,0.8934240341186523,0.8703085780143738,3.8341031074523926,150.0,2.0670065879821777,5.921721935272217,0,,,,,,,,,,,,
,,789,3.0,0.048552993685007095,0.9828000068664551,0.648793637752533,0.6175639629364014,0.6312418580055237,4.261450290679932,143.0,1.277573823928833,5.587576866149902,0,,,,,,,,,,,,
,,799,3.0,0.02982836216688156,0.9859333038330078,0.6101973056793213,0.8934025764465332,0.6698196530342102,3.1516475677490234,32.0,0.1055774912238121,3.287053346633911,0,,,,,,,,,,,,
,,809,3.0,0.035664644092321396,0.989466667175293,0.8446027040481567,0.9070496559143066,0.8730957508087158,4.636244773864746,228.0,8.00144100189209,12.67335033416748,0,,,,,,,,,,,,
,,819,3.0,0.025486618280410767,0.9932666420936584,0.8835147619247437,0.8951020240783691,0.8892189860343933,3.5612123012542725,175.0,2.021367073059082,5.608066082000732,0,,,,,,,,,,,,
,,829,3.0,0.10915429890155792,0.9538666605949402,0.741997480392456,0.6625325083732605,0.6932780146598816,5.544648170471191,336.0,11.507880210876465,17.16168212890625,0,,,,,,,,,,,,
,,839,3.0,0.07899697124958038,0.9679999947547913,0.7921122312545776,0.6076321601867676,0.6537779569625854,4.894296169281006,373.0,12.621194839477539,17.5944881439209,0,,,,,,,,,,,,
,,849,3.0,0.0735098123550415,0.972266674041748,0.791695773601532,0.6652107238769531,0.7095140218734741,4.647216320037842,273.0,8.688882827758789,13.409608840942383,0,,,,,,,,,,,,
,,859,3.0,0.061341334134340286,0.9779333472251892,0.7939563989639282,0.8841853141784668,0.8325095176696777,3.950248956680298,225.0,17.042232513427734,21.053823471069336,0,,,,,,,,,,,,
,,869,3.0,0.031810738146305084,0.9880666732788086,0.8437268733978271,0.8604878187179565,0.8518972992897034,4.0094194412231445,231.0,32.75918960571289,36.800418853759766,0,,,,,,,,,,,,
,,879,3.0,0.06183818355202675,0.9698666930198669,0.6573736667633057,0.874017596244812,0.7179820537567139,3.606847047805786,146.0,11.578123092651367,15.246808052062988,0,,,,,,,,,,,,
,,889,3.0,0.040149495005607605,0.9804666638374329,0.7634967565536499,0.9009784460067749,0.8169716596603394,3.3959922790527344,222.0,16.081037521362305,19.517179489135742,0,,,,,,,,,,,,
,,899,3.0,0.1064094677567482,0.9628666639328003,0.8064890503883362,0.7302306890487671,0.7622311115264893,6.270740509033203,338.0,7.506674289703369,13.883824348449707,0,,,,,,,,,,,,
,,909,3.0,0.040188346058130264,0.9839333295822144,0.7329704761505127,0.7805248498916626,0.7544324398040771,3.9636270999908447,92.0,2.5310027599334717,6.534818649291992,0,,,,,,,,,,,,
,,919,3.0,0.0942389965057373,0.9652000069618225,0.7454222440719604,0.7293841242790222,0.7371002435684204,4.461153984069824,246.0,10.141921997070312,14.697315216064453,0,,,,,,,,,,,,
,,929,3.0,0.07934674620628357,0.974399983882904,0.8133326768875122,0.6952084302902222,0.7394663095474243,5.935145854949951,340.0,4.94463586807251,10.959128379821777,0,,,,,,,,,,,,
,,939,3.0,0.027311408892273903,0.9887333512306213,0.8847924470901489,0.9177090525627136,0.90052729845047,4.238184452056885,197.0,9.041871070861816,13.307367324829102,0,,,,,,,,,,,,
,,949,3.0,0.02312067337334156,0.990933358669281,0.8574943542480469,0.8872817754745483,0.8717658519744873,4.148131370544434,138.0,6.621271133422852,10.792523384094238,0,,,,,,,,,,,,
,,959,3.0,0.04386505112051964,0.9800666570663452,0.7798333168029785,0.8235002756118774,0.7999706268310547,4.267760753631592,197.0,11.361530303955078,15.67315673828125,0,,,,,,,,,,,,
,,969,3.0,0.03658096864819527,0.9871333241462708,0.7239173650741577,0.8404848575592041,0.7696782946586609,2.697347640991211,74.0,1.7723243236541748,4.506253242492676,0,,,,,,,,,,,,
,,979,3.0,0.07343819737434387,0.9699333310127258,0.751985490322113,0.7368761301040649,0.7441736459732056,3.8130528926849365,290.0,14.88581657409668,18.772308349609375,0,,,,,,,,,,,,
,,989,3.0,0.05595096945762634,0.9723333120346069,0.688927948474884,0.7466636300086975,0.7136344909667969,5.380828380584717,225.0,4.769397735595703,10.2061767578125,0,,,,,,,,,,,,
,,999,3.0,0.03227104991674423,0.9864000082015991,0.7147337198257446,0.8510289192199707,0.765779972076416,3.328389883041382,85.0,5.817110538482666,9.17777156829834,0,,,,,,,,,,,,
,,1009,3.0,0.07328551262617111,0.9709333181381226,0.7648814916610718,0.7191008925437927,0.7396181225776672,4.4274001121521,297.0,5.0669121742248535,9.567598342895508,0,,,,,,,,,,,,
,,1019,3.0,0.042602069675922394,0.9883333444595337,0.7664922475814819,0.6223441362380981,0.6668686866760254,4.370910167694092,132.0,1.2877556085586548,5.701267719268799,0,,,,,,,,,,,,
,,1029,3.0,0.05315181612968445,0.9787333607673645,0.7402005195617676,0.7304597496986389,0.7352224588394165,4.4297075271606445,140.0,7.178988456726074,11.661848068237305,0,,,,,,,,,,,,
,,1039,3.0,0.06813167035579681,0.9780666828155518,0.7330623269081116,0.824009120464325,0.7705694437026978,4.365645408630371,195.0,8.97252082824707,13.40629768371582,0,,,,,,,,,,,,
,,1049,3.0,0.06791906803846359,0.9761333465576172,0.7023674845695496,0.6346642971038818,0.6612106561660767,5.292352199554443,213.0,12.968687057495117,18.32895851135254,0,,,,,,,,,,,,
,,1059,3.0,0.06876272708177567,0.9684000015258789,0.689731776714325,0.7788527011871338,0.7249671220779419,4.054146766662598,201.0,44.48027038574219,48.603179931640625,0,,,,,,,,,,,,
,,1069,3.0,0.03710168972611427,0.986466646194458,0.6602399349212646,0.7767709493637085,0.7023743987083435,4.095547676086426,46.0,1.4591318368911743,5.591781139373779,0,,,,,,,,,,,,
,,1079,3.0,0.037164606153964996,0.9850000143051147,0.8244181275367737,0.9418569803237915,0.8734490871429443,4.873457908630371,210.0,9.76283073425293,14.673453330993652,0,,,,,,,,,,,,
,,1089,3.0,0.06834329664707184,0.9725333452224731,0.7790271043777466,0.662885844707489,0.7044505476951599,5.267817974090576,326.0,7.20714807510376,12.543309211730957,0,,,,,,,,,,,,
,,1099,3.0,0.05599264055490494,0.977066695690155,0.7123653888702393,0.9147766828536987,0.7785711288452148,4.5724263191223145,117.0,1.4994088411331177,6.1278276443481445,0,,,,,,,,,,,,
,,1109,3.0,0.09579387307167053,0.9703333377838135,0.7334383130073547,0.683647632598877,0.705289900302887,4.216516017913818,263.0,5.226180553436279,9.538490295410156,0,,,,,,,,,,,,
,,1119,3.0,0.05540883541107178,0.9805999994277954,0.762560248374939,0.7485414743423462,0.755346417427063,3.667428731918335,169.0,26.70016860961914,30.423006057739258,0,,,,,,,,,,,,
,,1129,3.0,0.07779653370380402,0.9739999771118164,0.8328531980514526,0.7591866254806519,0.7910020351409912,5.54625129699707,366.0,9.777271270751953,15.40131950378418,0,,,,,,,,,,,,
,,1139,3.0,0.062282487750053406,0.9790666699409485,0.8117090463638306,0.8429160714149475,0.8265042901039124,4.102115631103516,279.0,17.63347625732422,21.797874450683594,0,,,,,,,,,,,,
,,1149,3.0,0.0612315759062767,0.9782666563987732,0.6455898284912109,0.7123813629150391,0.6723390817642212,3.8039498329162598,93.0,14.012218475341797,17.877399444580078,0,,,,,,,,,,,,
,,1159,3.0,0.06323231011629105,0.9735333323478699,0.6992552876472473,0.8189786672592163,0.7441437840461731,3.3458120822906494,219.0,26.620615005493164,30.029659271240234,0,,,,,,,,,,,,
,,1169,3.0,0.05807342752814293,0.9748666882514954,0.7477737665176392,0.9044170379638672,0.8055631518363953,4.217504024505615,171.0,48.017147064208984,52.292724609375,0,,,,,,,,,,,,
,,1179,3.0,0.047517646104097366,0.9797999858856201,0.730048418045044,0.8948262929916382,0.789259672164917,3.1796557903289795,194.0,26.852344512939453,30.079517364501953,0,,,,,,,,,,,,
,,1189,3.0,0.07908457517623901,0.9685999751091003,0.7318083047866821,0.9556224346160889,0.8032581806182861,4.273688316345215,215.0,36.31981658935547,40.67258834838867,0,,,,,,,,,,,,
,,1199,3.0,0.031056998297572136,0.989466667175293,0.7559276223182678,0.8658210039138794,0.8008134961128235,3.6190762519836426,133.0,4.822906970977783,8.473039627075195,0,,,,,,,,,,,,
,,1209,3.0,0.0527365542948246,0.9819999933242798,0.7101250886917114,0.771813154220581,0.7367995977401733,4.022660255432129,134.0,12.771124839782715,16.846521377563477,0,,,,,,,,,,,,
,,1219,3.0,0.02681761421263218,0.9886000156402588,0.6189651489257812,0.7310701608657837,0.6564885377883911,4.743943691253662,38.0,0.3882119357585907,5.158973217010498,0,,,,,,,,,,,,
,,1229,3.0,0.1556365042924881,0.9552666544914246,0.777746319770813,0.644162118434906,0.6869481801986694,6.583570957183838,339.0,14.569358825683594,21.30856704711914,0,,,,,,,,,,,,
,,1239,3.0,0.09159041196107864,0.9703333377838135,0.7091903686523438,0.730703592300415,0.7193700671195984,4.955173969268799,238.0,18.341814041137695,23.388578414916992,0,,,,,,,,,,,,
,,1249,3.0,0.10381289571523666,0.9608666896820068,0.7835853695869446,0.7937229871749878,0.788551390171051,5.067849159240723,313.0,9.776265144348145,14.947927474975586,0,,,,,,,,,,,,
,,1259,3.0,0.0339774489402771,0.9871333241462708,0.8764495849609375,0.8389333486557007,0.85664963722229,5.389495849609375,342.0,8.732544898986816,14.156018257141113,0,,,,,,,,,,,,
,,1269,3.0,0.044582121074199677,0.9789999723434448,0.833759069442749,0.8168108463287354,0.825045108795166,5.37430477142334,345.0,44.765098571777344,50.18398666381836,0,,,,,,,,,,,,
,,1279,3.0,0.015439262613654137,0.9938666820526123,0.7011869549751282,0.9502460360527039,0.7773021459579468,2.284625768661499,57.0,2.2150330543518066,4.5150980949401855,0,,,,,,,,,,,,
,,1289,3.0,0.06326434016227722,0.9760666489601135,0.7685816884040833,0.8079432249069214,0.7868028879165649,6.488612174987793,366.0,8.915462493896484,15.467338562011719,0,,,,,,,,,,,,
,,1299,3.0,0.06119147315621376,0.977066695690155,0.733691394329071,0.9312649965286255,0.800832986831665,3.7104532718658447,169.0,9.891718864440918,13.663363456726074,0,,,,,,,,,,,,
,,1309,3.0,0.041213762015104294,0.9839333295822144,0.7596607208251953,0.9464852213859558,0.8268813490867615,4.809669017791748,177.0,15.277202606201172,20.12808609008789,0,,,,,,,,,,,,
,,1319,3.0,0.075260691344738,0.9683333039283752,0.8043040037155151,0.829715371131897,0.8164321184158325,6.112459659576416,373.0,93.89997863769531,100.08769989013672,0,,,,,,,,,,,,
,,1329,3.0,0.08085405081510544,0.962933361530304,0.7615793943405151,0.7648739814758301,0.7632149457931519,5.900753498077393,335.0,8.43276596069336,14.414373397827148,0,,,,,,,,,,,,
,,1339,3.0,0.052133385092020035,0.9800666570663452,0.7149870991706848,0.8053362965583801,0.7518229484558105,4.454188346862793,164.0,22.449790954589844,26.956111907958984,0,,,,,,,,,,,,
,,1349,3.0,0.047348689287900925,0.9768666625022888,0.7576216459274292,0.8643263578414917,0.8010457754135132,4.189311981201172,130.0,6.164473533630371,10.401134490966797,0,,,,,,,,,,,,
,,1359,3.0,0.054617516696453094,0.9762666821479797,0.7779938578605652,0.9570605158805847,0.8434849977493286,4.531943321228027,213.0,22.487159729003906,27.073720932006836,0,,,,,,,,,,,,
,,1369,3.0,0.04389626905322075,0.978866696357727,0.8403353691101074,0.7581533789634705,0.7931766510009766,5.124960422515869,317.0,6.025746822357178,11.194602966308594,0,,,,,,,,,,,,
,,1379,3.0,0.06569419801235199,0.973466694355011,0.7361090183258057,0.9106915593147278,0.7976523637771606,3.56447172164917,192.0,46.33287811279297,49.963043212890625,0,,,,,,,,,,,,
,,1389,3.0,0.06937199085950851,0.9784666895866394,0.6090579628944397,0.6055068969726562,0.6072506308555603,4.872358798980713,150.0,6.085360527038574,11.027091979980469,0,,,,,,,,,,,,
,,1399,3.0,0.04072682559490204,0.9857333302497864,0.6241618394851685,0.6478155255317688,0.634911298751831,3.6769959926605225,56.0,3.2509007453918457,6.968623638153076,0,,,,,,,,,,,,
,,1409,3.0,0.10539176315069199,0.9635999798774719,0.784340500831604,0.6952949166297913,0.7305699586868286,4.230894565582275,371.0,7.283578872680664,11.619865417480469,0,,,,,,,,,,,,
,,1419,3.0,0.03510856255888939,0.9870666861534119,0.6074737310409546,0.5624040961265564,0.5786380171775818,4.881269454956055,106.0,4.979216575622559,9.895594596862793,0,,,,,,,,,,,,
,,1429,3.0,0.1419762521982193,0.9583333134651184,0.6908543109893799,0.661068856716156,0.6745238304138184,6.169944763183594,274.0,20.01706886291504,26.328990936279297,0,,,,,,,,,,,,
,,1439,3.0,0.046850819140672684,0.9824000000953674,0.8388270139694214,0.9180078506469727,0.8738877773284912,4.121119976043701,301.0,5.878896713256836,10.046867370605469,0,,,,,,,,,,,,
,,1449,3.0,0.057833556085824966,0.9805333614349365,0.7391388416290283,0.6785871982574463,0.7042138576507568,4.391618728637695,176.0,4.498870849609375,8.948323249816895,0,,,,,,,,,,,,
,,1459,3.0,0.07861330360174179,0.9742000102996826,0.8224067687988281,0.8262147903442383,0.8242984414100647,4.66009521484375,259.0,57.82545852661133,62.56416702270508,0,,,,,,,,,,,,
,,1469,3.0,0.03196904435753822,0.9922000169754028,0.6322203278541565,0.6903789043426514,0.6559335589408875,3.26819109916687,29.0,0.10650382936000824,3.4066638946533203,0,,,,,,,,,,,,
,,1479,3.0,0.053610268980264664,0.9772666692733765,0.7602393627166748,0.7100704908370972,0.7322858572006226,5.801917552947998,284.0,8.597037315368652,14.45256519317627,0,,,,,,,,,,,,
,,1489,3.0,0.06494282186031342,0.9709333181381226,0.7549903988838196,0.8629089593887329,0.7985002994537354,3.326136827468872,238.0,19.950632095336914,23.341711044311523,0,,,,,,,,,,,,
,,1499,3.0,0.05301463603973389,0.9778666496276855,0.6917531490325928,0.7375574707984924,0.7120431065559387,4.300893306732178,181.0,2.939946413040161,7.293854713439941,0,,,,,,,,,,,,
,,1509,3.0,0.02422589249908924,0.990933358669281,0.7107287645339966,0.870172381401062,0.7679809927940369,3.4350671768188477,72.0,7.821241855621338,11.280534744262695,0,,,,,,,,,,,,
,,1519,3.0,0.13536711037158966,0.9506000280380249,0.7470755577087402,0.9228405952453613,0.8071452379226685,5.53083610534668,362.0,22.696380615234375,28.36258316040039,0,,,,,,,,,,,,
,,1529,3.0,0.026547027751803398,0.9895333051681519,0.7887805104255676,0.8199114799499512,0.8035203814506531,3.4981892108917236,157.0,34.773502349853516,38.29823684692383,0,,,,,,,,,,,,
,,1539,3.0,0.07779552042484283,0.970466673374176,0.7744859457015991,0.7729214429855347,0.7737011909484863,4.7378363609313965,279.0,4.984643936157227,9.800275802612305,0,,,,,,,,,,,,
,,1549,3.0,0.04180440306663513,0.9793999791145325,0.7260974049568176,0.8559925556182861,0.7755771279335022,3.9401469230651855,144.0,9.695810317993164,13.67776107788086,0,,,,,,,,,,,,
,,1559,3.0,0.030836928635835648,0.9858666658401489,0.7753599286079407,0.9131745100021362,0.8297234773635864,4.956873893737793,214.0,65.6658935546875,70.65360260009766,0,,,,,,,,,,,,
,,1569,3.0,0.03327096626162529,0.9865333437919617,0.8199725151062012,0.7633044123649597,0.7887589931488037,4.384761810302734,184.0,1.2946172952651978,5.712649822235107,0,,,,,,,,,,,,
,,1579,3.0,0.025684405118227005,0.992733359336853,0.7215176224708557,0.8219187259674072,0.7622385025024414,3.964564800262451,43.0,0.3626270294189453,4.35287618637085,0,,,,,,,,,,,,
,,1589,3.0,0.022524582222104073,0.9918666481971741,0.8089009523391724,0.9135627746582031,0.8533878922462463,4.286669731140137,151.0,14.687536239624023,18.99673080444336,0,,,,,,,,,,,,
,,1599,3.0,0.01858811266720295,0.9949333071708679,0.6832724213600159,0.7483940124511719,0.7108489274978638,3.2983572483062744,29.0,0.5646624565124512,3.8816077709198,0,,,,,,,,,,,,
,,1609,3.0,0.06057552248239517,0.9769999980926514,0.7429325580596924,0.8437160849571228,0.7839785814285278,4.257993221282959,143.0,5.95371675491333,10.272285461425781,0,,,,,,,,,,,,
,,1619,3.0,0.023281430825591087,0.9901333451271057,0.7605530023574829,0.7933487296104431,0.775948703289032,3.8968732357025146,87.0,1.2431426048278809,5.163297176361084,0,,,,,,,,,,,,
,,1629,3.0,0.033533476293087006,0.9855333566665649,0.8403944969177246,0.8336271643638611,0.8369747996330261,5.096683025360107,322.0,5.1828932762146,10.3131103515625,0,,,,,,,,,,,,
,,1639,3.0,0.0671820193529129,0.973466694355011,0.6666305065155029,0.7015252709388733,0.6822845935821533,4.291611671447754,125.0,9.831955909729004,14.190750122070312,0,,,,,,,,,,,,
,,1649,3.0,0.022040553390979767,0.9901999831199646,0.8745756149291992,0.9462406039237976,0.9070758819580078,3.888592004776001,338.0,2.9637839794158936,6.874416351318359,0,,,,,,,,,,,,
9.997557473810373e-05,0.0009997557473810372,1651,,,,,,,,,,,,,,,,,,,,,,,
,,1659,3.0,0.06803809851408005,0.9732666611671448,0.824028730392456,0.7179638743400574,0.7597087025642395,4.11933708190918,356.0,9.409226417541504,13.596601486206055,1,,,,,,,,,,,,
,,1669,3.0,0.09427211433649063,0.9744666814804077,0.7906818389892578,0.6336492300033569,0.681085467338562,5.313194274902344,250.0,9.466146469116211,14.873613357543945,1,,,,,,,,,,,,
,,1679,3.0,0.047008417546749115,0.9796000123023987,0.7491518259048462,0.9289907217025757,0.8134727478027344,3.510128974914551,122.0,13.031546592712402,16.58868408203125,1,,,,,,,,,,,,
,,1689,3.0,0.06950625777244568,0.9711999893188477,0.8405494093894958,0.7471283674240112,0.7856438755989075,4.079793930053711,342.0,5.832381248474121,9.981681823730469,1,,,,,,,,,,,,
,,1699,3.0,0.029323751106858253,0.9899333119392395,0.7347702980041504,0.8087590932846069,0.7665687799453735,3.6500062942504883,83.0,1.4766908884048462,5.1560211181640625,1,,,,,,,,,,,,
,,1709,3.0,0.0888577476143837,0.9721999764442444,0.8015968799591064,0.5729846954345703,0.6131390333175659,5.2395477294921875,340.0,21.509113311767578,26.8375186920166,1,,,,,,,,,,,,
,,1719,3.0,0.05254536122083664,0.9817333221435547,0.7811912298202515,0.7278690934181213,0.751573920249939,4.4998087882995605,222.0,7.760797023773193,12.313151359558105,1,,,,,,,,,,,,
,,1729,3.0,0.04679812863469124,0.9791333079338074,0.7708110809326172,0.933363676071167,0.831759512424469,3.684398889541626,226.0,6.188323497772217,9.919520378112793,1,,,,,,,,,,,,
,,1739,3.0,0.08170592784881592,0.9796666502952576,0.7284435033798218,0.6904767751693726,0.7076311111450195,4.265002250671387,112.0,1.9653207063674927,6.312028884887695,1,,,,,,,,,,,,
,,1749,3.0,0.027936888858675957,0.9923333525657654,0.6150068044662476,0.6196451783180237,0.6172789335250854,3.280853509902954,27.0,2.336604356765747,5.645394802093506,1,,,,,,,,,,,,
,,1759,3.0,0.04408365860581398,0.9825999736785889,0.748216986656189,0.8932931423187256,0.8033548593521118,3.679216146469116,144.0,9.335803031921387,13.059103012084961,1,,,,,,,,,,,,
,,1769,3.0,0.09033261984586716,0.9681333303451538,0.7760534882545471,0.6910719275474548,0.7250469923019409,5.0461883544921875,347.0,9.700543403625488,14.837064743041992,1,,,,,,,,,,,,
,,1779,3.0,0.035633817315101624,0.9852666854858398,0.8536320924758911,0.9063472747802734,0.8780163526535034,4.479091644287109,222.0,9.565506935119629,14.080232620239258,1,,,,,,,,,,,,
,,1789,3.0,0.06780942529439926,0.9710000157356262,0.7009482383728027,0.8938425183296204,0.7633245587348938,3.42708158493042,132.0,11.787714004516602,15.282605171203613,1,,,,,,,,,,,,
,,1799,3.0,0.03732824698090553,0.9872666597366333,0.880878210067749,0.8146429061889648,0.8444361090660095,5.231932640075684,283.0,3.257610559463501,8.526871681213379,1,,,,,,,,,,,,
,,1809,3.0,0.08380317687988281,0.9642666578292847,0.8147033452987671,0.7523587942123413,0.7796481847763062,4.429739475250244,327.0,17.215137481689453,21.728679656982422,1,,,,,,,,,,,,
,,1819,3.0,0.0547485314309597,0.9748666882514954,0.846009373664856,0.8180607557296753,0.8313823938369751,5.35444450378418,354.0,16.25111198425293,21.66030502319336,1,,,,,,,,,,,,
,,1829,3.0,0.0424511544406414,0.9832666516304016,0.8013942241668701,0.9475919604301453,0.8591229915618896,4.204071521759033,196.0,13.997299194335938,18.24382209777832,1,,,,,,,,,,,,
,,1839,3.0,0.209153413772583,0.9209333062171936,0.6682910323143005,0.6969154477119446,0.6811367273330688,8.391538619995117,344.0,3.955349922180176,12.556041717529297,1,,,,,,,,,,,,
,,1849,3.0,0.023759396746754646,0.995199978351593,0.8490368723869324,0.7099560499191284,0.7619518041610718,4.006009101867676,59.0,0.443219929933548,4.472988605499268,1,,,,,,,,,,,,
,,1859,3.0,0.014601617120206356,0.9963333606719971,0.9427403211593628,0.6926369667053223,0.7679872512817383,4.261282920837402,44.0,0.4788976311683655,4.754782199859619,1,,,,,,,,,,,,
,,1869,3.0,0.08464958518743515,0.9710666537284851,0.6075332760810852,0.550243616104126,0.5671513676643372,8.314456939697266,285.0,0.025854341685771942,8.42496109008789,1,,,,,,,,,,,,
,,1879,3.0,0.049511898308992386,0.977733314037323,0.7112023234367371,0.7056059837341309,0.7083638906478882,5.338644504547119,134.0,9.133828163146973,14.521984100341797,1,,,,,,,,,,,,
,,1889,3.0,0.04999707266688347,0.981333315372467,0.7704907655715942,0.7021558284759521,0.731098473072052,5.079052448272705,218.0,10.418882369995117,15.547931671142578,1,,,,,,,,,,,,
,,1899,3.0,0.044744618237018585,0.9844666719436646,0.8407118320465088,0.76029372215271,0.7948312759399414,4.464961051940918,225.0,5.6400299072265625,10.149735450744629,1,,,,,,,,,,,,
,,1909,3.0,0.033076416701078415,0.984666645526886,0.7745043039321899,0.7320727109909058,0.7514247894287109,5.3485107421875,156.0,1.0281177759170532,6.409704685211182,1,,,,,,,,,,,,
,,1919,3.0,0.0372801274061203,0.9869999885559082,0.666062593460083,0.5290210247039795,0.5474175810813904,8.233123779296875,118.0,0.08831222355365753,8.358716011047363,1,,,,,,,,,,,,
,,1929,3.0,0.0816841870546341,0.9648666381835938,0.8034867644309998,0.8556044101715088,0.8271552324295044,9.426239013671875,380.0,1.9784765243530273,11.48639965057373,1,,,,,,,,,,,,
,,1939,3.0,0.04102163761854172,0.9859333038330078,0.7646309733390808,0.7726263999938965,0.7685664892196655,4.9732537269592285,133.0,1.6313103437423706,6.645586013793945,1,,,,,,,,,,,,
,,1949,3.0,0.05727187916636467,0.9789999723434448,0.5850495100021362,0.5508278012275696,0.5631784796714783,6.218177318572998,145.0,0.09245717525482178,6.36790657043457,1,,,,,,,,,,,,
,,1959,3.0,0.04570583254098892,0.9823333621025085,0.883814811706543,0.8768353462219238,0.8802898526191711,6.248354434967041,454.0,1.4753090143203735,7.769369125366211,1,,,,,,,,,,,,
,,1969,3.0,0.03721533715724945,0.9831333160400391,0.6738621592521667,0.6871849298477173,0.6802648305892944,5.225337505340576,99.0,0.3146747946739197,5.577227592468262,1,,,,,,,,,,,,
,,1979,3.0,0.036725934594869614,0.9841333627700806,0.7468942403793335,0.7367242574691772,0.7416969537734985,4.275007247924805,138.0,0.8784542083740234,5.190187454223633,1,,,,,,,,,,,,
,,1989,3.0,0.08301267772912979,0.9648666381835938,0.6988615989685059,0.6537892818450928,0.6731142401695251,6.024487018585205,254.0,0.9206562042236328,7.02815580368042,1,,,,,,,,,,,,
,,1999,3.0,0.046464987099170685,0.9812666773796082,0.6699800491333008,0.7101104259490967,0.6878044009208679,5.008584976196289,100.0,0.5827623605728149,5.63781213760376,1,,,,,,,,,,,,
,,2009,3.0,0.05699276924133301,0.9749333262443542,0.7476658225059509,0.8005324602127075,0.7713292837142944,5.308022975921631,229.0,2.4271678924560547,7.792183876037598,1,,,,,,,,,,,,
,,2019,3.0,0.024839119985699654,0.9918666481971741,0.5889160633087158,0.6345194578170776,0.6069303750991821,3.447930097579956,41.0,0.48083046078681946,3.953599691390991,1,,,,,,,,,,,,
,,2029,3.0,0.037096232175827026,0.9836000204086304,0.8397075533866882,0.723360538482666,0.7688872814178467,6.01192569732666,217.0,0.9578426480293274,7.006864547729492,1,,,,,,,,,,,,
,,2039,3.0,0.09787148982286453,0.9724666476249695,0.7894101142883301,0.575324296951294,0.6154751181602478,6.253421306610107,187.0,0.551031768321991,6.902324199676514,1,,,,,,,,,,,,
,,2049,3.0,0.1325894296169281,0.951533317565918,0.8792519569396973,0.5701786875724792,0.6084425449371338,6.8827643394470215,449.0,1.1776957511901855,8.193049430847168,1,,,,,,,,,,,,
,,2059,3.0,0.12018366903066635,0.9631999731063843,0.8936029672622681,0.5355852842330933,0.5566384792327881,7.732082843780518,486.0,0.1009320542216301,7.953198432922363,1,,,,,,,,,,,,
,,2069,3.0,0.05642497166991234,0.9760666489601135,0.7290772199630737,0.7021786570549011,0.7147254347801208,6.292385578155518,279.0,0.8874011635780334,7.236211776733398,1,,,,,,,,,,,,
,,2079,3.0,0.07976816594600677,0.9690666794776917,0.7984769940376282,0.6835221648216248,0.7259801030158997,6.799878120422363,364.0,0.40130776166915894,7.280953884124756,1,,,,,,,,,,,,
,,2089,3.0,0.04277019202709198,0.9821333289146423,0.8748073577880859,0.8096001148223877,0.838860034942627,5.774177074432373,272.0,3.5290820598602295,9.346029281616211,1,,,,,,,,,,,,
,,2099,3.0,0.01840886101126671,0.9962000250816345,0.5697277784347534,0.5094146728515625,0.5159972906112671,4.394558429718018,35.0,0.02617543935775757,4.43914270401001,1,,,,,,,,,,,,
,,2109,3.0,0.04971151798963547,0.9824000000953674,0.8296301364898682,0.8499088883399963,0.8394439220428467,6.553289413452148,244.0,0.965901792049408,7.568902969360352,1,,,,,,,,,,,,
,,2119,3.0,0.025784920901060104,0.9915333390235901,0.7744638919830322,0.6296552419662476,0.6755343079566956,4.718120574951172,99.0,0.9388378858566284,5.682743549346924,1,,,,,,,,,,,,
,,2129,3.0,0.05571383982896805,0.9733333587646484,0.9026286602020264,0.747970700263977,0.8051182627677917,6.32819128036499,366.0,1.258118748664856,7.64202356338501,1,,,,,,,,,,,,
,,2139,3.0,0.04812952131032944,0.9804666638374329,0.5998116135597229,0.6886208057403564,0.6297138929367065,4.500080585479736,73.0,0.4319712817668915,4.9801812171936035,1,,,,,,,,,,,,
,,2149,3.0,0.06923867017030716,0.9707333445549011,0.7936919331550598,0.6271411180496216,0.6748552322387695,6.185067653656006,334.0,1.0273441076278687,7.281650543212891,1,,,,,,,,,,,,
,,2159,3.0,0.02557288482785225,0.9940666556358337,0.9346925020217896,0.6468908190727234,0.7186345458030701,4.295816421508789,73.0,0.04115323722362518,4.362542629241943,1,,,,,,,,,,,,
,,2169,3.0,0.061872970312833786,0.9715999960899353,0.7075659036636353,0.7317522168159485,0.718932032585144,5.245962619781494,173.0,1.6169042587280273,6.924739837646484,1,,,,,,,,,,,,
,,2179,3.0,0.05157514661550522,0.9767333269119263,0.7948278188705444,0.7646443247795105,0.7788552641868591,7.627706050872803,304.0,0.20889832079410553,7.888179779052734,1,,,,,,,,,,,,
,,2189,3.0,0.04716894030570984,0.9780666828155518,0.781726598739624,0.7681350708007812,0.7747501134872437,5.810145854949951,214.0,0.7611761093139648,6.618490695953369,1,,,,,,,,,,,,
,,2199,3.0,0.05184348672628403,0.9844666719436646,0.611791729927063,0.5304434299468994,0.5462759137153625,5.267460346221924,119.0,0.46144747734069824,5.7807512283325195,1,,,,,,,,,,,,
,,2209,3.0,0.09076980501413345,0.9610000252723694,0.7711304426193237,0.9190483093261719,0.8264957666397095,6.676188945770264,304.0,2.2320778369903564,8.99903678894043,1,,,,,,,,,,,,
,,2219,3.0,0.03886125236749649,0.9841333627700806,0.7576147317886353,0.6367084383964539,0.6778014898300171,4.490479946136475,106.0,1.547986388206482,6.077327728271484,1,,,,,,,,,,,,
,,2229,3.0,0.033520255237817764,0.9898666739463806,0.8683267831802368,0.7316927909851074,0.783953070640564,4.781702995300293,130.0,0.48637720942497253,5.301600456237793,1,,,,,,,,,,,,
,,2239,3.0,0.031249817460775375,0.9899333119392395,0.8064919710159302,0.6878825426101685,0.7325469255447388,4.435998439788818,86.0,0.312267929315567,4.779516220092773,1,,,,,,,,,,,,
,,2249,3.0,0.05202248692512512,0.9803333282470703,0.7750272750854492,0.6416037678718567,0.6857795715332031,4.919327259063721,175.0,6.370790958404541,11.342140197753906,1,,,,,,,,,,,,
,,2259,3.0,0.04931258782744408,0.9804666638374329,0.8759396076202393,0.6101661920547485,0.6673023104667664,6.268991470336914,232.0,0.2212388813495636,6.539543151855469,1,,,,,,,,,,,,
,,2269,3.0,0.06272779405117035,0.981333315372467,0.7277863621711731,0.6115941405296326,0.648734986782074,4.949666976928711,138.0,0.6903886198997498,5.702783584594727,1,,,,,,,,,,,,
,,2279,3.0,0.03628284111618996,0.9881333112716675,0.7767006158828735,0.6862194538116455,0.7223095893859863,4.43440580368042,120.0,0.8593687415122986,5.330057621002197,1,,,,,,,,,,,,
,,2289,3.0,0.058350201696157455,0.9825999736785889,0.8273223638534546,0.6574960947036743,0.7112686634063721,6.066169738769531,209.0,0.34698036313056946,6.471500396728516,1,,,,,,,,,,,,
,,2299,3.0,0.08236940205097198,0.972266674041748,0.74082350730896,0.6316515207290649,0.6689274907112122,5.647932052612305,201.0,2.8636133670806885,8.593914985656738,1,,,,,,,,,,,,
,,2309,3.0,0.07931294292211533,0.9657999873161316,0.6878901124000549,0.6074333786964417,0.6354835629463196,6.123936176300049,229.0,0.5585747957229614,6.761823654174805,1,,,,,,,,,,,,
,,2319,3.0,0.02872171439230442,0.9923333525657654,0.9961658716201782,0.5127118825912476,0.5228689908981323,4.252650260925293,56.0,0.5652326345443726,4.846604824066162,1,,,,,,,,,,,,
,,2329,3.0,0.05820469930768013,0.9772666692733765,0.8313208818435669,0.745168924331665,0.7813018560409546,6.511129379272461,217.0,0.2637024223804474,6.833036422729492,1,,,,,,,,,,,,
,,2339,3.0,0.07908900827169418,0.962933361530304,0.7804393768310547,0.6686623096466064,0.7090412378311157,7.144929885864258,313.0,0.3469632565975189,7.570982456207275,1,,,,,,,,,,,,
,,2349,3.0,0.053933706134557724,0.9839333295822144,0.748317539691925,0.6113729476928711,0.6526309251785278,5.387676239013672,110.0,0.20167243480682373,5.643282413482666,1,,,,,,,,,,,,
,,2359,3.0,0.06245876103639603,0.978866696357727,0.773345947265625,0.6688732504844666,0.7079989910125732,5.3693318367004395,141.0,0.9698957204818726,6.401686668395996,1,,,,,,,,,,,,
,,2369,3.0,0.06933242082595825,0.9685999751091003,0.7406309843063354,0.7729690670967102,0.755671501159668,8.699629783630371,278.0,0.03281388431787491,8.801775932312012,1,,,,,,,,,,,,
,,2379,3.0,0.0320613756775856,0.994866669178009,0.8505384922027588,0.5712609887123108,0.6175242066383362,3.97503662109375,47.0,0.162917360663414,4.170015335083008,1,,,,,,,,,,,,
,,2389,3.0,0.02668052725493908,0.9895333051681519,0.7040195465087891,0.566171407699585,0.5988888740539551,4.059477806091309,64.0,0.30709272623062134,4.393250942230225,1,,,,,,,,,,,,
,,2399,3.0,0.0672168955206871,0.9698666930198669,0.7204973697662354,0.6187317371368408,0.6529562473297119,6.08627986907959,238.0,1.495725154876709,7.649221897125244,1,,,,,,,,,,,,
,,2409,3.0,0.05118085443973541,0.9806666374206543,0.7113204002380371,0.6054783463478088,0.6397078633308411,4.900611400604248,125.0,0.4310535192489624,5.382845878601074,1,,,,,,,,,,,,
,,2419,3.0,0.08976395428180695,0.96506667137146,0.7130484580993652,0.6434914469718933,0.6707284450531006,6.6717658042907715,312.0,0.4186297357082367,7.180159568786621,1,,,,,,,,,,,,
,,2429,3.0,0.041334543377161026,0.9824000000953674,0.8939105272293091,0.7324581742286682,0.7911688089370728,6.296288013458252,262.0,0.5597237944602966,6.897346496582031,1,,,,,,,,,,,,
,,2439,3.0,0.07589640468358994,0.9648666381835938,0.8158292770385742,0.6017674207687378,0.6492210626602173,6.258315563201904,323.0,0.388588011264801,6.722799777984619,1,,,,,,,,,,,,
,,2449,3.0,0.05368684232234955,0.9742000102996826,0.7846457958221436,0.695093035697937,0.7308366894721985,5.507699012756348,185.0,1.4256525039672852,6.9870381355285645,1,,,,,,,,,,,,
,,2459,3.0,0.021844904869794846,0.9950666427612305,0.7587662935256958,0.579631507396698,0.6212116479873657,3.7626595497131348,39.0,0.6229922771453857,4.407496452331543,1,,,,,,,,,,,,
,,2469,3.0,0.07205411791801453,0.9792666435241699,0.5672730207443237,0.5060780048370361,0.5073001384735107,6.6146135330200195,128.0,0.20423442125320435,6.890902042388916,1,,,,,,,,,,,,
,,2479,3.0,0.08450938016176224,0.9678666591644287,0.8091455101966858,0.513078510761261,0.5174188613891602,5.614335536956787,227.0,1.5247551202774048,7.223599910736084,1,,,,,,,,,,,,
,,2489,3.0,0.0449090301990509,0.9830666780471802,0.8342525959014893,0.737842857837677,0.7774698734283447,5.5959320068359375,178.0,0.7298473119735718,6.370688438415527,1,,,,,,,,,,,,
,,2499,3.0,0.046583935618400574,0.9849333167076111,0.6993414163589478,0.6592953205108643,0.6769793033599854,4.355215549468994,80.0,0.2574561834335327,4.6592559814453125,1,,,,,,,,,,,,
,,2509,3.0,0.055353689938783646,0.9746000170707703,0.649238109588623,0.5236328840255737,0.5367259383201599,5.110318183898926,227.0,3.0314910411834717,8.197162628173828,1,,,,,,,,,,,,
,,2519,3.0,0.06338948011398315,0.9723333120346069,0.9493595957756042,0.6797283887863159,0.7524381279945374,6.662281513214111,305.0,2.5822839736938477,9.307954788208008,1,,,,,,,,,,,,
,,2529,3.0,0.05492537468671799,0.9757999777793884,0.7729083299636841,0.5384373068809509,0.5627474784851074,5.221694469451904,273.0,0.7621359825134277,6.038755893707275,1,,,,,,,,,,,,
,,2539,3.0,0.05102444440126419,0.9835333228111267,0.8374439477920532,0.6230384707450867,0.6783485412597656,6.564752578735352,210.0,0.10890723019838333,6.724684238433838,1,,,,,,,,,,,,
,,2549,3.0,0.03059478849172592,0.9914000034332275,0.9087485074996948,0.6525703072547913,0.7210091352462769,4.699923992156982,107.0,0.9254310131072998,5.655949592590332,1,,,,,,,,,,,,
,,2559,3.0,0.05734686926007271,0.9771999716758728,0.7366799116134644,0.6578337550163269,0.6888344287872314,6.492990970611572,291.0,0.4145958423614502,6.964933395385742,1,,,,,,,,,,,,
,,2569,3.0,0.05380420386791229,0.9785333275794983,0.8029416799545288,0.7122722268104553,0.7490864992141724,6.881742477416992,293.0,1.493246078491211,8.428792953491211,1,,,,,,,,,,,,
,,2579,3.0,0.05936405807733536,0.9786666631698608,0.7916439771652222,0.7100523114204407,0.7437670826911926,6.0091729164123535,235.0,0.29806336760520935,6.366600036621094,1,,,,,,,,,,,,
,,2589,3.0,0.06830193847417831,0.9800000190734863,0.8387607336044312,0.6692450046539307,0.7241477966308594,5.96091890335083,290.0,2.0033087730407715,8.032529830932617,1,,,,,,,,,,,,
,,2599,3.0,0.04369227588176727,0.982866644859314,0.665471613407135,0.7249059677124023,0.6904300451278687,5.676283836364746,147.0,0.1107950210571289,5.830770969390869,1,,,,,,,,,,,,
,,2609,3.0,0.05940274894237518,0.9814000129699707,0.8302217721939087,0.6027784943580627,0.6542099118232727,7.298133373260498,176.0,0.03521231561899185,7.392748832702637,1,,,,,,,,,,,,
,,2619,3.0,0.01863035000860691,0.9951333403587341,0.8081939816474915,0.6817160248756409,0.7284075021743774,4.4954705238342285,58.0,0.13588830828666687,4.649989128112793,1,,,,,,,,,,,,
,,2629,3.0,0.06892181932926178,0.9711999893188477,0.8761820793151855,0.5974438190460205,0.6497884392738342,6.34772253036499,324.0,0.23109591007232666,6.647740364074707,1,,,,,,,,,,,,
,,2639,3.0,0.041954319924116135,0.9877333045005798,0.6006121635437012,0.5382198691368103,0.5546042323112488,4.689116477966309,61.0,0.22409042716026306,4.9551615715026855,1,,,,,,,,,,,,
,,2649,3.0,0.03270021453499794,0.9884666800498962,0.9244580268859863,0.7973906993865967,0.8491960763931274,6.839301586151123,304.0,0.2014375776052475,7.073439121246338,1,,,,,,,,,,,,
,,2659,3.0,0.030328476801514626,0.9909999966621399,0.8374203443527222,0.6354022026062012,0.6923034191131592,5.167890548706055,113.0,0.6102263331413269,5.808444976806641,1,,,,,,,,,,,,
,,2669,3.0,0.040616218000650406,0.9881333112716675,0.8039087057113647,0.7577451467514038,0.7788552045822144,7.551451206207275,205.0,0.02703867480158806,7.619105815887451,1,,,,,,,,,,,,
,,2679,3.0,0.03365793824195862,0.9903333187103271,0.7956409454345703,0.6913217306137085,0.7319933772087097,4.342493057250977,114.0,0.31796902418136597,4.694119930267334,1,,,,,,,,,,,,
,,2689,3.0,0.07298978418111801,0.9713333249092102,0.6409152150154114,0.5359377861022949,0.5539388656616211,5.687436580657959,298.0,1.1441516876220703,6.90457820892334,1,,,,,,,,,,,,
,,2699,3.0,0.06234537437558174,0.9796666502952576,0.7982582449913025,0.7007348537445068,0.7393695712089539,5.465724945068359,192.0,0.6853616833686829,6.213432312011719,1,,,,,,,,,,,,
,,2709,3.0,0.051853958517313004,0.9818000197410583,0.7607787847518921,0.6454070210456848,0.6858583092689514,6.170357704162598,208.0,0.22835393249988556,6.450565814971924,1,,,,,,,,,,,,
,,2719,3.0,0.047220055013895035,0.9881333112716675,0.7554839849472046,0.6037914752960205,0.6466143131256104,5.566869735717773,118.0,0.10579216480255127,5.719882011413574,1,,,,,,,,,,,,
,,2729,3.0,0.036840829998254776,0.9862666726112366,0.7563402652740479,0.6034096479415894,0.6461925506591797,5.1494622230529785,94.0,0.4444105327129364,5.63071346282959,1,,,,,,,,,,,,
,,2739,3.0,0.022836845368146896,0.993399977684021,0.7952232360839844,0.7050655484199524,0.7418626546859741,3.8399016857147217,60.0,0.1857922226190567,4.0485310554504395,1,,,,,,,,,,,,
,,2749,3.0,0.04762770235538483,0.9801999926567078,0.9432529211044312,0.6049178838729858,0.6657061576843262,5.527487277984619,214.0,0.41926953196525574,5.994384765625,1,,,,,,,,,,,,
,,2759,3.0,0.034598950296640396,0.9890666604042053,0.8056868314743042,0.7491027116775513,0.7744066715240479,5.6482343673706055,165.0,0.1444319486618042,5.82726526260376,1,,,,,,,,,,,,
,,2769,3.0,0.048909611999988556,0.9778000116348267,0.7584437131881714,0.8072221279144287,0.7805664539337158,4.9448957443237305,147.0,0.6710929274559021,5.66489839553833,1,,,,,,,,,,,,
,,2779,3.0,0.08341478556394577,0.9638000130653381,0.8008689880371094,0.6677412390708923,0.7133209109306335,7.442973613739014,302.0,0.34111785888671875,7.86750602722168,1,,,,,,,,,,,,
,,2789,3.0,0.03109608218073845,0.994533360004425,0.8123266696929932,0.7392227649688721,0.7708473205566406,5.763714790344238,53.0,0.12238018214702606,5.917191028594971,1,,,,,,,,,,,,
,,2799,3.0,0.025186965242028236,0.9922666549682617,0.8429399728775024,0.6589014530181885,0.716499924659729,6.447403907775879,100.0,0.04112214595079422,6.5137128829956055,1,,,,,,,,,,,,
,,2809,3.0,0.05430411547422409,0.9784666895866394,0.7669727802276611,0.7289762496948242,0.7464174032211304,5.08172082901001,198.0,0.39192864298820496,5.527953624725342,1,,,,,,,,,,,,
,,2819,3.0,0.09880632907152176,0.96506667137146,0.8703882694244385,0.6175166368484497,0.6730588674545288,6.739341735839844,341.0,0.7274797558784485,7.5656280517578125,1,,,,,,,,,,,,
,,2829,3.0,0.04814799875020981,0.9831333160400391,0.8263692855834961,0.652281641960144,0.7062473297119141,5.590403079986572,148.0,0.32562536001205444,5.964176654815674,1,,,,,,,,,,,,
,,2839,3.0,0.04894115775823593,0.977733314037323,0.7800444960594177,0.7559072375297546,0.7673911452293396,6.221121788024902,198.0,0.07371269911527634,6.343775749206543,1,,,,,,,,,,,,
,,2849,3.0,0.0487266406416893,0.9768000245094299,0.7220291495323181,0.7139037251472473,0.7178851366043091,6.49967622756958,165.0,0.2904297411441803,6.838832378387451,1,,,,,,,,,,,,
,,2859,3.0,0.03407197818160057,0.9874666929244995,0.7701658010482788,0.6933482885360718,0.7251538038253784,4.699609756469727,121.0,0.42144396901130676,5.155125617980957,1,,,,,,,,,,,,
,,2869,3.0,0.11387092620134354,0.9629999995231628,0.6857306361198425,0.5908132195472717,0.6200191378593445,6.3300347328186035,182.0,1.4662933349609375,7.910199165344238,1,,,,,,,,,,,,
,,2879,3.0,0.031210241839289665,0.9874666929244995,0.7755135297775269,0.6929928064346313,0.7267149686813354,4.711812973022461,94.0,0.3301214575767517,5.073144912719727,1,,,,,,,,,,,,
,,2889,3.0,0.08261941373348236,0.970466673374176,0.8902060985565186,0.5897075533866882,0.6403123140335083,6.382730960845947,266.0,0.16876725852489471,6.634117603302002,1,,,,,,,,,,,,
,,2899,3.0,0.037871405482292175,0.9845333099365234,0.8004282712936401,0.8744349479675293,0.8331179618835449,4.998778343200684,249.0,1.8605871200561523,6.8972368240356445,1,,,,,,,,,,,,
,,2909,3.0,0.03030896931886673,0.989799976348877,0.7584472298622131,0.6723662614822388,0.7065529227256775,4.902922630310059,85.0,0.28479230403900146,5.218024253845215,1,,,,,,,,,,,,
,,2919,3.0,0.0814439058303833,0.9684000015258789,0.743643581867218,0.7317928671836853,0.7375548481941223,6.384937763214111,249.0,0.1400810182094574,6.606462478637695,1,,,,,,,,,,,,
,,2929,3.0,0.07382583618164062,0.9666000008583069,0.7582147717475891,0.5671644806861877,0.601887047290802,6.502495765686035,328.0,0.16876940429210663,6.745090961456299,1,,,,,,,,,,,,
,,2939,3.0,0.04527614638209343,0.980733335018158,0.7915488481521606,0.7955426573753357,0.7935311794281006,6.409350395202637,201.0,0.2060007005929947,6.660627365112305,1,,,,,,,,,,,,
,,2949,3.0,0.08383475244045258,0.977066695690155,0.6615594625473022,0.5142775774002075,0.5216687917709351,5.911339282989502,253.0,0.33385246992111206,6.329026222229004,1,,,,,,,,,,,,
,,2959,3.0,0.032384488731622696,0.9876000285148621,0.794539213180542,0.8070268630981445,0.8006476759910583,4.935053825378418,156.0,0.33780017495155334,5.305238246917725,1,,,,,,,,,,,,
,,2969,3.0,0.07080244272947311,0.9794666767120361,0.7989678382873535,0.532785177230835,0.5548060536384583,5.68739128112793,243.0,0.5356045365333557,6.293797969818115,1,,,,,,,,,,,,
,,2979,3.0,0.09309529513120651,0.9600666761398315,0.810508131980896,0.6910558342933655,0.7347161173820496,7.788069725036621,404.0,0.34231114387512207,8.22347640991211,1,,,,,,,,,,,,
,,2989,3.0,0.027580590918660164,0.9901999831199646,0.8314963579177856,0.6416325569152832,0.6975298523902893,4.488663196563721,80.0,0.2881868779659271,4.804430961608887,1,,,,,,,,,,,,
,,2999,3.0,0.04506392031908035,0.9797333478927612,0.7278921008110046,0.8692452311515808,0.7807260155677795,6.964809894561768,217.0,0.19382832944393158,7.203701972961426,1,,,,,,,,,,,,
,,3009,3.0,0.04121173918247223,0.9824666380882263,0.8649141788482666,0.7438756227493286,0.7916443943977356,6.345335483551025,155.0,0.6184266805648804,7.004973888397217,1,,,,,,,,,,,,
,,3019,3.0,0.08152439445257187,0.9739999771118164,0.6754176616668701,0.5402283668518066,0.561984658241272,6.123593807220459,203.0,0.36717942357063293,6.5722975730896,1,,,,,,,,,,,,
,,3029,3.0,0.030283447355031967,0.9900000095367432,0.6998581886291504,0.6904928684234619,0.6950598359107971,5.56793737411499,88.0,0.1702195107936859,5.768440246582031,1,,,,,,,,,,,,
,,3039,3.0,0.04588134586811066,0.9800666570663452,0.7001975774765015,0.7855657935142517,0.7349193096160889,5.989171981811523,165.0,0.14224936068058014,6.177302837371826,1,,,,,,,,,,,,
,,3049,3.0,0.05272350832819939,0.9811999797821045,0.8002077341079712,0.8270325660705566,0.8130049705505371,5.26895809173584,218.0,1.3085803985595703,6.6302618980407715,1,,,,,,,,,,,,
,,3059,3.0,0.06153714656829834,0.9711999893188477,0.7851624488830566,0.7161329388618469,0.7454443573951721,6.700816631317139,272.0,0.2539326846599579,7.016286373138428,1,,,,,,,,,,,,
,,3069,3.0,0.027480224147439003,0.9906666874885559,0.903218150138855,0.6722683906555176,0.7402923703193665,5.628159999847412,166.0,0.11999846994876862,5.775638580322266,1,,,,,,,,,,,,
,,3079,3.0,0.06245126575231552,0.9789999723434448,0.7683093547821045,0.6552767753601074,0.6957946419715881,5.710865020751953,243.0,0.6239917874336243,6.397308349609375,1,,,,,,,,,,,,
,,3089,3.0,0.061104826629161835,0.9762666821479797,0.7713487148284912,0.5706098079681396,0.608692467212677,6.255381107330322,319.0,0.26152393221855164,6.578009605407715,1,,,,,,,,,,,,
,,3099,3.0,0.05435661971569061,0.978866696357727,0.8025181293487549,0.5908090472221375,0.6368496417999268,5.202727794647217,161.0,0.6061143279075623,5.863198757171631,1,,,,,,,,,,,,
,,3109,3.0,0.06312432885169983,0.9755333065986633,0.6262374520301819,0.6511102914810181,0.6374658346176147,5.306426048278809,106.0,0.48156777024269104,5.851118087768555,1,,,,,,,,,,,,
,,3119,3.0,0.03260066732764244,0.9926666617393494,0.5964654684066772,0.5045385956764221,0.5070883631706238,4.128490924835205,40.0,0.8930344581604004,5.054126262664795,1,,,,,,,,,,,,
,,3129,3.0,0.09236840158700943,0.9735333323478699,0.7562544941902161,0.5922989845275879,0.6330054402351379,8.121085166931152,376.0,0.06186402961611748,8.275317192077637,1,,,,,,,,,,,,
,,3139,3.0,0.05882405489683151,0.9771333336830139,0.8325339555740356,0.7848204374313354,0.8066717982292175,5.728956699371338,267.0,0.813095211982727,6.6008758544921875,1,,,,,,,,,,,,
,,3149,3.0,0.07347206771373749,0.975600004196167,0.7519441843032837,0.5840389728546143,0.6233525276184082,5.110592365264893,181.0,0.5619383454322815,5.746002674102783,1,,,,,,,,,,,,
,,3159,3.0,0.03328497335314751,0.9945999979972839,0.595956563949585,0.5703244805335999,0.5811198353767395,4.15767765045166,41.0,0.2964489758014679,4.487411975860596,1,,,,,,,,,,,,
,,3169,3.0,0.06219803914427757,0.9738666415214539,0.7446386218070984,0.8111025094985962,0.7735354900360107,5.796868801116943,253.0,2.8278167247772217,8.686883926391602,1,,,,,,,,,,,,
,,3179,3.0,0.023085270076990128,0.9926666617393494,0.7019479274749756,0.6480754017829895,0.6707754135131836,4.998878479003906,53.0,0.07231441885232925,5.094277858734131,1,,,,,,,,,,,,
,,3189,3.0,0.04285621643066406,0.9855999946594238,0.8927868008613586,0.803432822227478,0.8420282602310181,5.511676788330078,320.0,0.2216143161058426,5.776147365570068,1,,,,,,,,,,,,
,,3199,3.0,0.09642241150140762,0.9712666869163513,0.6904453039169312,0.5526162385940552,0.5790620446205139,6.333606719970703,194.0,1.432824730873108,7.862853527069092,1,,,,,,,,,,,,
,,3209,3.0,0.06599263846874237,0.9727333188056946,0.902518630027771,0.5785437226295471,0.6259089708328247,6.03600549697876,218.0,0.49911829829216003,6.60111665725708,1,,,,,,,,,,,,
,,3219,3.0,0.029386965557932854,0.9931333065032959,0.9965652823448181,0.5275229215621948,0.5504506826400757,5.676717281341553,57.0,0.09473174810409546,5.800836086273193,1,,,,,,,,,,,,
,,3229,3.0,0.03551909327507019,0.986466646194458,0.7557876110076904,0.5529826283454895,0.5856574177742004,5.696352005004883,111.0,0.026756908744573593,5.758627891540527,1,,,,,,,,,,,,
,,3239,3.0,0.03909796103835106,0.9864000082015991,0.8513592481613159,0.8331115245819092,0.8419780731201172,5.638856887817383,157.0,0.21809768676757812,5.896052360534668,1,,,,,,,,,,,,
,,3249,3.0,0.042061030864715576,0.9868666529655457,0.8801119327545166,0.5765847563743591,0.6249892711639404,5.796358585357666,188.0,0.8648979067802429,6.703317165374756,1,,,,,,,,,,,,
,,3259,3.0,0.03361666575074196,0.9914666414260864,0.8127588033676147,0.5694829225540161,0.6123126149177551,6.421738147735596,116.0,0.09682511538267136,6.55217981338501,1,,,,,,,,,,,,
,,3269,3.0,0.053857333958148956,0.978866696357727,0.9328526854515076,0.6521943211555481,0.7218068242073059,6.497042179107666,380.0,0.4345802664756775,6.985479831695557,1,,,,,,,,,,,,
,,3279,3.0,0.07546303421258926,0.9639999866485596,0.8682534694671631,0.674880862236023,0.7335307002067566,6.436758041381836,336.0,0.32031282782554626,6.832533836364746,1,,,,,,,,,,,,
,,3289,3.0,0.024892954155802727,0.9937999844551086,0.8602699637413025,0.7771594524383545,0.8131779432296753,4.77548360824585,116.0,1.2416222095489502,6.041998863220215,1,,,,,,,,,,,,
,,3299,3.0,0.04073934257030487,0.9869999885559082,0.6917338967323303,0.6365921497344971,0.6593481302261353,5.032989501953125,86.0,0.0746624693274498,5.1483917236328125,1,,,,,,,,,,,,
9.990232305719945e-05,0.0009990232305719944,3302,,,,,,,,,,,,,,,,,,,,,,,
,,3309,3.0,0.03709382191300392,0.9882000088691711,0.7318448424339294,0.8465850353240967,0.7774068713188171,5.781986713409424,90.0,0.036988504230976105,5.856069087982178,2,,,,,,,,,,,,
,,3319,3.0,0.04308248683810234,0.9815999865531921,0.7870463728904724,0.8731037378311157,0.8240571022033691,6.286486625671387,242.0,0.23133371770381927,6.560903072357178,2,,,,,,,,,,,,
,,3329,3.0,0.04840539023280144,0.9841333627700806,0.8812198638916016,0.7007662057876587,0.7617130279541016,6.0215744972229,187.0,0.060070887207984924,6.1300506591796875,2,,,,,,,,,,,,
,,3339,3.0,0.0534064844250679,0.9789999723434448,0.8650522232055664,0.5763087272644043,0.6223344802856445,6.193802356719971,278.0,0.7446720600128174,6.991881370544434,2,,,,,,,,,,,,
,,3349,3.0,0.04558197036385536,0.9841333627700806,0.7967810034751892,0.7416290044784546,0.7662339210510254,5.151258945465088,190.0,0.4135419428348541,5.610382556915283,2,,,,,,,,,,,,
,,3359,3.0,0.06563983857631683,0.9834666848182678,0.7981868386268616,0.5823832750320435,0.6267722249031067,5.581705093383789,155.0,0.7443254590034485,6.3916707038879395,2,,,,,,,,,,,,
,,3369,3.0,0.05194685980677605,0.9798666834831238,0.697638750076294,0.7290223836898804,0.7121039032936096,5.907615661621094,132.0,0.27638721466064453,6.235949516296387,2,,,,,,,,,,,,
,,3379,3.0,0.07268339395523071,0.9743333458900452,0.8825322389602661,0.6578795909881592,0.7203792333602905,5.868006706237793,288.0,0.7410886287689209,6.681778907775879,2,,,,,,,,,,,,
,,3389,3.0,0.0760875940322876,0.9717333316802979,0.766299843788147,0.6150919198989868,0.6583958864212036,6.705761909484863,328.0,0.0783693790435791,6.8602190017700195,2,,,,,,,,,,,,
,,3399,3.0,0.03588659688830376,0.9856666922569275,0.8396825194358826,0.862849235534668,0.8508593440055847,5.260951519012451,153.0,0.6274960041046143,5.924334526062012,2,,,,,,,,,,,,
,,3409,3.0,0.05387553200125694,0.9800666570663452,0.9005340337753296,0.6500052809715271,0.7154869437217712,5.507616996765137,221.0,0.8045517802238464,6.366044044494629,2,,,,,,,,,,,,
,,3419,3.0,0.05532730370759964,0.9814000129699707,0.7342648506164551,0.7230979800224304,0.7285370826721191,5.443390846252441,119.0,0.5224872827529907,6.021205425262451,2,,,,,,,,,,,,
,,3429,3.0,0.04399406909942627,0.989133358001709,0.6439664363861084,0.5554589033126831,0.5793168544769287,4.594416618347168,81.0,0.17760522663593292,4.816015720367432,2,,,,,,,,,,,,
,,3439,3.0,0.07060070335865021,0.9754666686058044,0.7885866761207581,0.6523096561431885,0.6979168653488159,5.6898298263549805,163.0,1.8180776834487915,7.578507900238037,2,,,,,,,,,,,,
,,3449,3.0,0.031979139894247055,0.9922666549682617,0.6774480938911438,0.5605486631393433,0.589606761932373,4.770475387573242,45.0,0.1534106284379959,4.955864906311035,2,,,,,,,,,,,,
,,3459,3.0,0.06178626790642738,0.9747333526611328,0.840846061706543,0.8030093908309937,0.8206996917724609,6.266706466674805,285.0,0.3331086337566376,6.6616010665893555,2,,,,,,,,,,,,
,,3469,3.0,0.04781609773635864,0.9824000000953674,0.8023253679275513,0.9121570587158203,0.8481431007385254,4.58292818069458,175.0,0.7759099006652832,5.406654357910156,2,,,,,,,,,,,,
,,3479,3.0,0.03959175571799278,0.982200026512146,0.6080866456031799,0.6002358794212341,0.6040032505989075,4.98003625869751,99.0,0.2821215093135834,5.3017497062683105,2,,,,,,,,,,,,
,,3489,3.0,0.05932479351758957,0.9764666557312012,0.7423697710037231,0.6769336462020874,0.7041754126548767,6.221656322479248,263.0,0.3485684096813202,6.629549503326416,2,,,,,,,,,,,,
,,3499,3.0,0.050587281584739685,0.9847333431243896,0.6675981879234314,0.7264319658279419,0.6924211978912354,4.386870384216309,105.0,0.6489005088806152,5.086358070373535,2,,,,,,,,,,,,
,,3509,3.0,0.048018235713243484,0.9773333072662354,0.7583321928977966,0.8245090246200562,0.7873610258102417,5.20411491394043,181.0,1.2427268028259277,6.4948601722717285,2,,,,,,,,,,,,
,,3519,3.0,0.04423612728714943,0.9805999994277954,0.7485564947128296,0.6629055142402649,0.6963019967079163,5.362926483154297,147.0,0.8300381302833557,6.237200736999512,2,,,,,,,,,,,,
,,3529,3.0,0.04226133972406387,0.9878666400909424,0.6161349415779114,0.5846662521362305,0.5978206396102905,4.600113391876221,60.0,0.45479947328567505,5.097174167633057,2,,,,,,,,,,,,
,,3539,3.0,0.0488160066306591,0.9816666841506958,0.8632291555404663,0.7013967037200928,0.7578480243682861,5.516058921813965,272.0,1.394543170928955,6.959418296813965,2,,,,,,,,,,,,
,,3549,3.0,0.08439213037490845,0.9783333539962769,0.8458005785942078,0.6373117566108704,0.6941142082214355,6.042361259460449,195.0,0.5349985361099243,6.661751747131348,2,,,,,,,,,,,,
,,3559,3.0,0.025208480656147003,0.9944000244140625,0.8306317329406738,0.534382164478302,0.5610954761505127,4.08464241027832,41.0,0.12224260717630386,4.232093334197998,2,,,,,,,,,,,,
,,3569,3.0,0.02879626303911209,0.9914666414260864,0.8244651556015015,0.8576048612594604,0.8402019143104553,6.2906036376953125,149.0,0.007885926403105259,6.3272857666015625,2,,,,,,,,,,,,
,,3579,3.0,0.049512751400470734,0.9793333411216736,0.6767851114273071,0.8971347212791443,0.7422823905944824,4.958425521850586,164.0,5.46510648727417,10.473045349121094,2,,,,,,,,,,,,
,,3589,3.0,0.02714080549776554,0.9929999709129333,0.5923006534576416,0.5211689472198486,0.5336416363716125,4.073379039764404,49.0,0.2770419716835022,4.377561569213867,2,,,,,,,,,,,,
,,3599,3.0,0.0405409075319767,0.9855999946594238,0.8006341457366943,0.6840000152587891,0.7276943922042847,4.972611427307129,159.0,0.7410698533058167,5.7542219161987305,2,,,,,,,,,,,,
,,3609,3.0,0.050949424505233765,0.9814000129699707,0.7634999752044678,0.6447786092758179,0.6859663724899292,5.297845840454102,143.0,0.1329032927751541,5.481698513031006,2,,,,,,,,,,,,
,,3619,3.0,0.030994035303592682,0.9889333248138428,0.7326207160949707,0.6097632050514221,0.6484717130661011,4.573244094848633,102.0,0.11904638260602951,4.7232842445373535,2,,,,,,,,,,,,
,,3629,3.0,0.026573507115244865,0.9949333071708679,0.8721082210540771,0.802275538444519,0.8335061073303223,5.144434928894043,99.0,0.26764634251594543,5.438654899597168,2,,,,,,,,,,,,
,,3639,3.0,0.0588383786380291,0.9762666821479797,0.7132594585418701,0.6619641780853271,0.6838464140892029,5.348562717437744,124.0,0.23475170135498047,5.642152786254883,2,,,,,,,,,,,,
,,3649,3.0,0.09904993325471878,0.9746666550636292,0.7510388493537903,0.5533875226974487,0.5840843915939331,6.327641010284424,244.0,0.22676388919353485,6.653454780578613,2,,,,,,,,,,,,
,,3659,3.0,0.1479874551296234,0.9552666544914246,0.7188432216644287,0.5177425742149353,0.5232153534889221,6.619307041168213,462.0,1.3396515846252441,8.106945991516113,2,,,,,,,,,,,,
,,3669,3.0,0.055637896060943604,0.9743333458900452,0.7622953653335571,0.7943994998931885,0.7773375511169434,6.124302387237549,218.0,0.1471169888973236,6.327057361602783,2,,,,,,,,,,,,
,,3679,3.0,0.05025909096002579,0.9768666625022888,0.8264318108558655,0.7911139726638794,0.8076726794242859,5.989683628082275,269.0,0.27459630370140076,6.314538955688477,2,,,,,,,,,,,,
,,3689,3.0,0.08559662103652954,0.9684666395187378,0.8119810223579407,0.6259333491325378,0.676160454750061,6.256292343139648,212.0,0.9306645393371582,7.272553443908691,2,,,,,,,,,,,,
,,3699,3.0,0.07772625982761383,0.9661999940872192,0.6909343004226685,0.7401090264320374,0.7124080657958984,6.354793071746826,208.0,0.7569628953933716,7.18948221206665,2,,,,,,,,,,,,
,,3709,3.0,0.05021278187632561,0.975266695022583,0.7735852599143982,0.8483348488807678,0.8060426712036133,5.250401020050049,193.0,1.3500699996948242,6.650683879852295,2,,,,,,,,,,,,
,,3719,3.0,0.02530059404671192,0.9904666543006897,0.7482788562774658,0.8185821175575256,0.778935968875885,4.477344036102295,83.0,0.39018693566322327,4.892831325531006,2,,,,,,,,,,,,
,,3729,3.0,0.0826987624168396,0.975600004196167,0.7890604138374329,0.5763516426086426,0.6172563433647156,5.686546325683594,198.0,0.24353672564029694,6.012782096862793,2,,,,,,,,,,,,
,,3739,3.0,0.05755084753036499,0.9782666563987732,0.7954357862472534,0.7681354880332947,0.7810739278793335,6.4112114906311035,261.0,0.6623303890228271,7.1310930252075195,2,,,,,,,,,,,,
,,3749,3.0,0.03122309222817421,0.987666666507721,0.787216305732727,0.7381517887115479,0.7603030204772949,4.314924240112305,96.0,0.35390400886535645,4.700051307678223,2,,,,,,,,,,,,
,,3759,3.0,0.02518409863114357,0.9897333383560181,0.7633736729621887,0.6956437826156616,0.7243593335151672,4.208784103393555,68.0,0.6565214395523071,4.89048957824707,2,,,,,,,,,,,,
,,3769,3.0,0.036076996475458145,0.9850000143051147,0.8357570171356201,0.6448456645011902,0.7009261846542358,4.490436553955078,145.0,0.9607586860656738,5.487272262573242,2,,,,,,,,,,,,
,,3779,3.0,0.06453747302293777,0.9754666686058044,0.7835898399353027,0.6244532465934753,0.6709408760070801,5.318627834320068,151.0,0.7184326648712158,6.101597785949707,2,,,,,,,,,,,,
,,3789,3.0,0.03941700607538223,0.9878000020980835,0.7566359043121338,0.6215769648551941,0.6641945242881775,5.453782558441162,104.0,0.1253909468650818,5.618590354919434,2,,,,,,,,,,,,
,,3799,3.0,0.024676620960235596,0.9929999709129333,0.8396486639976501,0.647428572177887,0.7049434185028076,5.186435699462891,53.0,0.05872924625873566,5.26984167098999,2,,,,,,,,,,,,
,,3809,3.0,0.03631511703133583,0.9883999824523926,0.7181688547134399,0.8047857284545898,0.754048228263855,4.305665016174316,78.0,0.22531740367412567,4.567297458648682,2,,,,,,,,,,,,
,,3819,3.0,0.05746017396450043,0.9774666428565979,0.7825922966003418,0.6995814442634583,0.7334398627281189,5.312104225158691,134.0,1.1842012405395508,6.553765773773193,2,,,,,,,,,,,,
,,3829,3.0,0.05769003927707672,0.9758666753768921,0.9063816070556641,0.6635313034057617,0.7299770712852478,5.956424236297607,324.0,0.5456922650337219,6.559806823730469,2,,,,,,,,,,,,
,,3839,3.0,0.013881799764931202,0.9965333342552185,0.9269684553146362,0.6665326952934265,0.739130437374115,3.611849784851074,44.0,0.22741135954856873,3.853142738342285,2,,,,,,,,,,,,
,,3849,3.0,0.049230825155973434,0.9831333160400391,0.7412219047546387,0.6585408449172974,0.6909049153327942,7.135410308837891,237.0,0.15334661304950714,7.337987899780273,2,,,,,,,,,,,,
,,3859,3.0,0.05985984951257706,0.9824666380882263,0.797213077545166,0.7131678462028503,0.7478917837142944,5.6650919914245605,258.0,0.30585479736328125,6.030806541442871,2,,,,,,,,,,,,
,,3869,3.0,0.05633310228586197,0.9769333600997925,0.787872314453125,0.6885520219802856,0.7271307110786438,6.493419170379639,261.0,0.7464694976806641,7.296221733093262,2,,,,,,,,,,,,
,,3879,3.0,0.10756481438875198,0.9562666416168213,0.6513206362724304,0.5158336162567139,0.5202340483665466,6.313382148742676,281.0,0.4956151247024536,6.916562080383301,2,,,,,,,,,,,,
,,3889,3.0,0.081814706325531,0.9683333039283752,0.7528059482574463,0.6103529930114746,0.6511489748954773,5.747039318084717,238.0,1.3453396558761597,7.174193859100342,2,,,,,,,,,,,,
,,3899,3.0,0.03797833248972893,0.9847999811172485,0.7444654107093811,0.7168459296226501,0.7297898530960083,4.701106071472168,108.0,0.6572601795196533,5.396344184875488,2,,,,,,,,,,,,
,,3909,3.0,0.014459278434515,0.9980000257492065,0.49900001287460327,0.5,0.49949949979782104,3.10819149017334,15.0,0.00805740524083376,3.1307082176208496,2,,,,,,,,,,,,
,,3919,3.0,0.07209361344575882,0.9737333059310913,0.869936466217041,0.7019577622413635,0.7592769861221313,5.732531547546387,412.0,0.7804839611053467,6.585108757019043,2,,,,,,,,,,,,
,,3929,3.0,0.03178698197007179,0.987933337688446,0.7540147304534912,0.835487961769104,0.7888929843902588,5.0688910484313965,142.0,0.25037407875061035,5.351052284240723,2,,,,,,,,,,,,
,,3939,3.0,0.06503002345561981,0.973466694355011,0.5682194828987122,0.5057423114776611,0.5055301189422607,5.3620829582214355,191.0,0.32336950302124023,5.750482559204102,2,,,,,,,,,,,,
,,3949,3.0,0.048930101096630096,0.9802666902542114,0.8007358312606812,0.5496780276298523,0.5815992951393127,5.7395782470703125,194.0,0.3685843050479889,6.157092571258545,2,,,,,,,,,,,,
,,3959,3.0,0.03090781532227993,0.9878666400909424,0.7563908100128174,0.7483519911766052,0.7523049116134644,4.653657913208008,139.0,0.6248498558998108,5.309415340423584,2,,,,,,,,,,,,
,,3969,3.0,0.0927986428141594,0.9654666781425476,0.8488068580627441,0.6776920557022095,0.7325853109359741,6.265681266784668,336.0,0.40599325299263,6.7644734382629395,2,,,,,,,,,,,,
,,3979,3.0,0.025638362392783165,0.991266667842865,0.7662460207939148,0.6761232614517212,0.711773693561554,4.978411674499512,92.0,0.2585664987564087,5.2626166343688965,2,,,,,,,,,,,,
,,3989,3.0,0.07133198529481888,0.9707333445549011,0.8082112669944763,0.7303334474563599,0.7630796432495117,5.811265468597412,356.0,0.6257723569869995,6.5083699226379395,2,,,,,,,,,,,,
,,3999,3.0,0.04096900671720505,0.9845333099365234,0.7305023074150085,0.7918256521224976,0.7573865652084351,5.609564304351807,150.0,0.5198906660079956,6.170423984527588,2,,,,,,,,,,,,
,,4009,3.0,0.07624205201864243,0.9801333546638489,0.8274941444396973,0.5488523840904236,0.581084132194519,6.200286865234375,178.0,0.28044506907463074,6.556973934173584,2,,,,,,,,,,,,
,,4019,3.0,0.07520294934511185,0.9679333567619324,0.7373679876327515,0.6563894748687744,0.6877207159996033,5.256500720977783,208.0,2.32511568069458,7.6568193435668945,2,,,,,,,,,,,,
,,4029,3.0,0.04450783506035805,0.9796000123023987,0.7189210653305054,0.6423667669296265,0.6720333099365234,5.111665725708008,170.0,0.22847020626068115,5.384644031524658,2,,,,,,,,,,,,
,,4039,3.0,0.026652228087186813,0.9932666420936584,0.6844634413719177,0.5305923223495483,0.5514076352119446,4.113498210906982,52.0,0.07909832149744034,4.2192487716674805,2,,,,,,,,,,,,
,,4049,3.0,0.10078736394643784,0.9564666748046875,0.9164454936981201,0.6857777833938599,0.7511393427848816,6.130584239959717,425.0,0.8898066282272339,7.121178150177002,2,,,,,,,,,,,,
,,4059,3.0,0.12294752895832062,0.9603999853134155,0.7114751935005188,0.5531716346740723,0.5796341896057129,6.153159141540527,271.0,0.3425012528896332,6.618607997894287,2,,,,,,,,,,,,
,,4069,3.0,0.05535416305065155,0.9833333492279053,0.7426372170448303,0.5589830279350281,0.5925639867782593,6.043642520904541,106.0,0.4775642454624176,6.576560974121094,2,,,,,,,,,,,,
,,4079,3.0,0.038740772753953934,0.9834666848182678,0.8701512217521667,0.730808436870575,0.7834558486938477,5.687569618225098,247.0,0.36094072461128235,6.08725118637085,2,,,,,,,,,,,,
,,4089,3.0,0.03945455700159073,0.9861999750137329,0.8495546579360962,0.794513463973999,0.819558322429657,5.725608825683594,288.0,0.2328505963087082,5.997913837432861,2,,,,,,,,,,,,
,,4099,3.0,0.0842394009232521,0.9564666748046875,0.7962680459022522,0.7430370450019836,0.7665976285934448,5.892687797546387,365.0,0.8617203831672668,6.838647842407227,2,,,,,,,,,,,,
,,4109,3.0,0.09841018915176392,0.9495333433151245,0.694752037525177,0.8011349439620972,0.7345535755157471,6.2785468101501465,332.0,0.40514424443244934,6.782101154327393,2,,,,,,,,,,,,
,,4119,3.0,0.05099494755268097,0.9833333492279053,0.7594524025917053,0.6278438568115234,0.6702584624290466,5.793613910675049,95.0,0.22192806005477905,6.066536903381348,2,,,,,,,,,,,,
,,4129,3.0,0.047858789563179016,0.9871333241462708,0.8771705627441406,0.8609788417816162,0.8688857555389404,6.5841264724731445,300.0,0.09129809588193893,6.723283290863037,2,,,,,,,,,,,,
,,4139,3.0,0.03883358836174011,0.9851333498954773,0.7222379446029663,0.6176556944847107,0.6531656980514526,5.209608554840088,132.0,0.06920359283685684,5.31764554977417,2,,,,,,,,,,,,
,,4149,3.0,0.10348886251449585,0.9617999792098999,0.9029011726379395,0.5225155353546143,0.5333083271980286,6.81902551651001,319.0,0.17207218706607819,7.0945868492126465,2,,,,,,,,,,,,
,,4159,3.0,0.053188249468803406,0.9765999913215637,0.8089689016342163,0.8906981945037842,0.844549834728241,7.237228870391846,294.0,0.08119124174118042,7.371608257293701,2,,,,,,,,,,,,
,,4169,3.0,0.04986147582530975,0.9867333173751831,0.971163272857666,0.6775707602500916,0.7557169198989868,5.86982536315918,174.0,0.1002754420042038,6.019962310791016,2,,,,,,,,,,,,
,,4179,3.0,0.055548083037137985,0.9860666394233704,0.9499952793121338,0.755133867263794,0.8242865800857544,6.230020523071289,286.0,0.31222519278526306,6.597794055938721,2,,,,,,,,,,,,
,,4189,3.0,0.036099519580602646,0.984000027179718,0.8263601660728455,0.7386481165885925,0.7753379344940186,5.349809169769287,159.0,0.5483447313308716,5.934253215789795,2,,,,,,,,,,,,
,,4199,3.0,0.03646820783615112,0.9870666861534119,0.7274212837219238,0.6831265091896057,0.7027913331985474,5.353976249694824,104.0,0.1378958374261856,5.5283403396606445,2,,,,,,,,,,,,
,,4209,3.0,0.03750574588775635,0.9860666394233704,0.7748234868049622,0.6849570274353027,0.7207465171813965,4.52262544631958,90.0,0.6689305901527405,5.229061603546143,2,,,,,,,,,,,,
,,4219,3.0,0.028292836621403694,0.9944000244140625,0.5319291353225708,0.5319291353225708,0.5319291353225708,3.2442843914031982,24.0,0.13769732415676117,3.4102745056152344,2,,,,,,,,,,,,
,,4229,3.0,0.032350510358810425,0.9897333383560181,0.783346951007843,0.7644588351249695,0.7735663652420044,4.8439202308654785,116.0,0.21782897412776947,5.094099521636963,2,,,,,,,,,,,,
,,4239,3.0,0.05009545385837555,0.9844666719436646,0.6604753732681274,0.6108195781707764,0.6308711767196655,5.298987865447998,89.0,0.19020771980285645,5.5392913818359375,2,,,,,,,,,,,,
,,4249,3.0,0.04994197189807892,0.9784666895866394,0.8566206693649292,0.7096484899520874,0.7627813220024109,5.719968318939209,192.0,0.3215819001197815,6.091492176055908,2,,,,,,,,,,,,
,,4259,3.0,0.03983937203884125,0.9869999885559082,0.7027895450592041,0.7891361117362976,0.7380879521369934,5.288634777069092,75.0,0.1404116302728653,5.468885898590088,2,,,,,,,,,,,,
,,4269,3.0,0.029397539794445038,0.9886666536331177,0.8069565892219543,0.667016327381134,0.7156808972358704,5.039176940917969,105.0,0.32355108857154846,5.392125606536865,2,,,,,,,,,,,,
,,4279,3.0,0.04206624627113342,0.9892666935920715,0.8875855207443237,0.5324432253837585,0.5574095249176025,5.545379638671875,89.0,0.05408495292067528,5.641530513763428,2,,,,,,,,,,,,
,,4289,3.0,0.05494112893939018,0.9794666767120361,0.8448280692100525,0.8819829225540161,0.8623570203781128,6.699093818664551,336.0,0.5719780325889587,7.326013088226318,2,,,,,,,,,,,,
,,4299,3.0,0.06274411082267761,0.9764666557312012,0.7909538745880127,0.628198504447937,0.675987720489502,6.228409767150879,141.0,0.17268730700016022,6.463841438293457,2,,,,,,,,,,,,
,,4309,3.0,0.051690295338630676,0.98253333568573,0.6552290916442871,0.6536412835121155,0.6544308662414551,5.446575164794922,111.0,0.28777649998664856,5.786041736602783,2,,,,,,,,,,,,
,,4319,3.0,0.06023998558521271,0.9876000285148621,0.5565301179885864,0.5025416016578674,0.5021995902061462,5.072475433349609,97.0,0.12360361963510513,5.256319046020508,2,,,,,,,,,,,,
,,4329,3.0,0.08195871114730835,0.9651333093643188,0.8160194158554077,0.6994923949241638,0.7430983781814575,6.363938808441162,315.0,1.4346808195114136,7.880578517913818,2,,,,,,,,,,,,
,,4339,3.0,0.03556171804666519,0.9923999905586243,0.506954550743103,0.5064926147460938,0.506713330745697,4.370401382446289,36.0,0.02591012418270111,4.431872844696045,2,,,,,,,,,,,,
,,4349,3.0,0.06193840876221657,0.9755333065986633,0.5412797927856445,0.5323970317840576,0.5361945033073425,4.52136754989624,80.0,0.37205076217651367,4.955356597900391,2,,,,,,,,,,,,
,,4359,3.0,0.03843187540769577,0.9853333234786987,0.927476167678833,0.7834365367889404,0.839995265007019,6.8071675300598145,373.0,0.040536876767873764,6.886136054992676,2,,,,,,,,,,,,
,,4369,3.0,0.029880428686738014,0.9897333383560181,0.849783718585968,0.9180271625518799,0.8807089328765869,5.062382221221924,211.0,0.6973208785057068,5.789583683013916,2,,,,,,,,,,,,
,,4379,3.0,0.04594946280121803,0.9787999987602234,0.7884527444839478,0.6212095618247986,0.668792724609375,5.7416768074035645,206.0,0.9988452792167664,6.786471366882324,2,,,,,,,,,,,,
,,4389,3.0,0.04488607123494148,0.9797333478927612,0.779259443283081,0.6842948794364929,0.7214564085006714,5.261197090148926,137.0,0.4199710488319397,5.7260541915893555,2,,,,,,,,,,,,
,,4399,3.0,0.05930106341838837,0.9769333600997925,0.8046466112136841,0.7006440758705139,0.7411748170852661,5.157308578491211,269.0,1.8188292980194092,7.035438537597656,2,,,,,,,,,,,,
,,4409,3.0,0.09314568340778351,0.9651333093643188,0.730235755443573,0.6647797226905823,0.691480278968811,7.69867467880249,272.0,0.14246122539043427,7.934281826019287,2,,,,,,,,,,,,
,,4419,3.0,0.0285695418715477,0.9902666807174683,0.7396305799484253,0.8382948637008667,0.7802771925926208,4.273780822753906,118.0,0.4708938002586365,4.773244380950928,2,,,,,,,,,,,,
,,4429,3.0,0.03050055168569088,0.991599977016449,0.812714695930481,0.6109051704406738,0.6627803444862366,4.834491729736328,92.0,0.09346231818199158,4.958454608917236,2,,,,,,,,,,,,
,,4439,3.0,0.03553415834903717,0.9863333106040955,0.8326426148414612,0.8576202392578125,0.8446528315544128,5.3303542137146,238.0,0.35065707564353943,5.716545581817627,2,,,,,,,,,,,,
,,4449,3.0,0.0747852772474289,0.9692666530609131,0.6865583658218384,0.5606614947319031,0.588489830493927,6.1700944900512695,295.0,0.6094844937324524,6.854364395141602,2,,,,,,,,,,,,
,,4459,3.0,0.06193114444613457,0.9831333160400391,0.7239878177642822,0.5492178201675415,0.5782485604286194,5.401700496673584,174.0,1.3459032773971558,6.809535026550293,2,,,,,,,,,,,,
,,4469,3.0,0.04394944757223129,0.9822666645050049,0.9010782241821289,0.8225029110908508,0.8571661710739136,6.106009483337402,357.0,0.31528857350349426,6.465247631072998,2,,,,,,,,,,,,
,,4479,3.0,0.06443031132221222,0.9733999967575073,0.7680177688598633,0.7674311399459839,0.7677241563796997,6.128605365753174,348.0,0.3971145749092102,6.590150356292725,2,,,,,,,,,,,,
,,4489,3.0,0.06490715593099594,0.9739999771118164,0.7247437238693237,0.7247437238693237,0.7247437238693237,4.424197673797607,197.0,0.37021955847740173,4.8593244552612305,2,,,,,,,,,,,,
,,4499,3.0,0.05229603126645088,0.9789333343505859,0.6361926198005676,0.6448826193809509,0.6403937339782715,5.446593284606934,182.0,0.2934095859527588,5.792299270629883,2,,,,,,,,,,,,
,,4509,3.0,0.03599712252616882,0.9923999905586243,0.6726682782173157,0.5623012781143188,0.590948224067688,4.3484272956848145,51.0,0.06371577084064484,4.4481401443481445,2,,,,,,,,,,,,
,,4519,3.0,0.03946549445390701,0.9869999885559082,0.6776065826416016,0.7601191997528076,0.7107888460159302,4.229950428009033,67.0,0.3384324908256531,4.607848167419434,2,,,,,,,,,,,,
,,4529,3.0,0.0629941076040268,0.9757333397865295,0.8263596892356873,0.8633692264556885,0.8437598943710327,7.235462188720703,276.0,0.06926323473453522,7.367719650268555,2,,,,,,,,,,,,
,,4539,3.0,0.08935467153787613,0.9674666523933411,0.8433315753936768,0.6756491661071777,0.7298033237457275,6.2440667152404785,315.0,0.3787856101989746,6.712206840515137,2,,,,,,,,,,,,
,,4549,3.0,0.037857536226511,0.9886666536331177,0.8713903427124023,0.665854811668396,0.7281491756439209,4.587529182434082,112.0,0.5536530613899231,5.17903995513916,2,,,,,,,,,,,,
,,4559,3.0,0.06652730703353882,0.9743333458900452,0.7320601344108582,0.599793016910553,0.6376429200172424,5.794701099395752,250.0,0.31150293350219727,6.172731399536133,2,,,,,,,,,,,,
,,4569,3.0,0.10763823986053467,0.9659333229064941,0.6216449737548828,0.5190956592559814,0.5276216268539429,6.629222869873047,252.0,0.2967245578765869,7.033585548400879,2,,,,,,,,,,,,
,,4579,3.0,0.07666897773742676,0.9654666781425476,0.6765649318695068,0.6927107572555542,0.6842447519302368,5.106303691864014,172.0,0.609079122543335,5.792052268981934,2,,,,,,,,,,,,
,,4589,3.0,0.05801020935177803,0.9723333120346069,0.760131299495697,0.7931960821151733,0.7755783796310425,5.712016582489014,223.0,0.1891162097454071,5.959142684936523,2,,,,,,,,,,,,
,,4599,3.0,0.046406108886003494,0.9797333478927612,0.8023567199707031,0.6925939917564392,0.7345587611198425,5.824502468109131,256.0,0.4093867838382721,6.280295372009277,2,,,,,,,,,,,,
,,4609,3.0,0.06740677356719971,0.9683333039283752,0.7774844765663147,0.7465369701385498,0.7609955072402954,5.598628520965576,272.0,0.5446100831031799,6.2106451988220215,2,,,,,,,,,,,,
,,4619,3.0,0.04473039507865906,0.9837999939918518,0.7434417605400085,0.6808351278305054,0.7072937488555908,5.111729145050049,160.0,0.15861636400222778,5.315075874328613,2,,,,,,,,,,,,
,,4629,3.0,0.09141296148300171,0.9634666442871094,0.7914595603942871,0.5295758247375488,0.5458700060844421,6.301394939422607,231.0,0.4010564684867859,6.7938642501831055,2,,,,,,,,,,,,
,,4639,3.0,0.0488455705344677,0.9830666780471802,0.7542784214019775,0.7523790597915649,0.7533249855041504,4.153161525726318,99.0,0.5938283205032349,4.795835494995117,2,,,,,,,,,,,,
,,4649,3.0,0.05299294367432594,0.9850000143051147,0.6179906129837036,0.511120617389679,0.5174970030784607,5.615166187286377,171.0,0.420925110578537,6.089084148406982,2,,,,,,,,,,,,
,,4659,3.0,0.05625282973051071,0.9787999987602234,0.798102080821991,0.7594783306121826,0.77735435962677,5.670974254608154,199.0,0.936323881149292,6.663551330566406,2,,,,,,,,,,,,
,,4669,3.0,0.04469066485762596,0.9839333295822144,0.8474919199943542,0.7949589490890503,0.8189443945884705,5.7848100662231445,228.0,0.1615045964717865,5.9910054206848145,2,,,,,,,,,,,,
,,4679,3.0,0.05152316763997078,0.984333336353302,0.8688836097717285,0.8304710984230042,0.8485485911369324,5.72096586227417,304.0,0.31069013476371765,6.083178997039795,2,,,,,,,,,,,,
,,4689,3.0,0.031148694455623627,0.9897333383560181,0.5530244708061218,0.5249701142311096,0.5335636138916016,4.084202766418457,60.0,1.1154462099075317,5.23079776763916,2,,,,,,,,,,,,
,,4699,3.0,0.040330659598112106,0.9851333498954773,0.8490591049194336,0.8408464193344116,0.8449007272720337,6.1367011070251465,298.0,0.4861045479774475,6.6631364822387695,2,,,,,,,,,,,,
,,4709,3.0,0.04884406179189682,0.9796666502952576,0.6878612041473389,0.6930935382843018,0.6904391050338745,5.694461345672607,200.0,0.45936691761016846,6.202672004699707,2,,,,,,,,,,,,
,,4719,3.0,0.06972070783376694,0.9696666598320007,0.5152450799942017,0.5626572966575623,0.5212780833244324,4.375920295715332,65.0,0.6912979483604431,5.13693904876709,2,,,,,,,,,,,,
,,4729,3.0,0.0520368255674839,0.9851333498954773,0.7758100032806396,0.6113775372505188,0.6573363542556763,5.557294845581055,147.0,0.35709038376808167,5.966422080993652,2,,,,,,,,,,,,
,,4739,3.0,0.09579546004533768,0.9781333208084106,0.7728122472763062,0.5251592993736267,0.5414279103279114,5.8102264404296875,196.0,0.7090346217155457,6.61505651473999,2,,,,,,,,,,,,
,,4749,3.0,0.10402429848909378,0.9575333595275879,0.6888065338134766,0.6809769868850708,0.684796929359436,6.472567558288574,305.0,0.7964308261871338,7.37302303314209,2,,,,,,,,,,,,
,,4759,3.0,0.046695560216903687,0.9868666529655457,0.9312868118286133,0.7387368083000183,0.8061368465423584,5.268238544464111,214.0,0.7980424761772156,6.112976551055908,2,,,,,,,,,,,,
,,4769,3.0,0.0579918697476387,0.9740666747093201,0.7365946769714355,0.7214072346687317,0.7287279963493347,6.661273956298828,226.0,0.29283756017684937,7.01210355758667,2,,,,,,,,,,,,
,,4779,3.0,0.05629913881421089,0.9806666374206543,0.7223556041717529,0.7044073343276978,0.7129812240600586,5.059030055999756,198.0,0.31851956248283386,5.433848857879639,2,,,,,,,,,,,,
,,4789,3.0,0.04896308854222298,0.982200026512146,0.7019543647766113,0.7205736637115479,0.7108311057090759,5.1729583740234375,166.0,0.358784019947052,5.580705642700195,2,,,,,,,,,,,,
,,4799,3.0,0.06961791217327118,0.9689333438873291,0.7798506021499634,0.7539114356040955,0.766181468963623,6.273554801940918,303.0,0.36688515543937683,6.710057735443115,2,,,,,,,,,,,,
,,4809,3.0,0.04347947984933853,0.9812666773796082,0.7039811015129089,0.8049933910369873,0.7438860535621643,5.916482448577881,150.0,0.2510751187801361,6.2110371589660645,2,,,,,,,,,,,,
,,4819,3.0,0.07099214941263199,0.9654666781425476,0.711314857006073,0.8265063166618347,0.7551552653312683,5.885886192321777,227.0,0.56341552734375,6.520293712615967,2,,,,,,,,,,,,
,,4829,3.0,0.05179235711693764,0.9779999852180481,0.7837719917297363,0.6228489875793457,0.6696021556854248,5.257265567779541,237.0,0.7167409658432007,6.025798797607422,2,,,,,,,,,,,,
,,4839,3.0,0.03761841729283333,0.9851999878883362,0.7746322154998779,0.7506428956985474,0.7620633840560913,5.112427711486816,112.0,0.5632314682006836,5.713277816772461,2,,,,,,,,,,,,
,,4849,3.0,0.051115650683641434,0.981333315372467,0.844327449798584,0.797162652015686,0.818884015083313,5.732543468475342,209.0,0.9293644428253174,6.7130231857299805,2,,,,,,,,,,,,
,,4859,3.0,0.04336182400584221,0.9911333322525024,0.7146746516227722,0.6635417938232422,0.685560941696167,4.129926681518555,79.0,0.12988679111003876,4.30317497253418,2,,,,,,,,,,,,
,,4869,3.0,0.0513787642121315,0.9823333621025085,0.8355726003646851,0.7210385203361511,0.7658606767654419,5.708239555358887,221.0,0.17618104815483093,5.9357991218566895,2,,,,,,,,,,,,
,,4879,3.0,0.053330954164266586,0.9843999743461609,0.7162588834762573,0.7600424885749817,0.7360405921936035,5.029655933380127,109.0,0.373028963804245,5.456015586853027,2,,,,,,,,,,,,
,,4889,3.0,0.0527043454349041,0.9895333051681519,0.6883907318115234,0.5866820812225342,0.6181380748748779,5.163146018981934,89.0,0.2553829252719879,5.471233367919922,2,,,,,,,,,,,,
,,4899,3.0,0.08460628241300583,0.9654666781425476,0.807785153388977,0.6362001299858093,0.6856909990310669,5.908988952636719,248.0,1.9069266319274902,7.900521755218506,2,,,,,,,,,,,,
,,4909,3.0,0.052887752652168274,0.9810000061988831,0.7272725105285645,0.8233635425567627,0.7664173245429993,4.744051456451416,115.0,0.2832803428173065,5.080219745635986,2,,,,,,,,,,,,
,,4919,3.0,0.06444887816905975,0.9808666706085205,0.8048044443130493,0.8404386043548584,0.8215622901916504,5.935602188110352,267.0,0.4737904369831085,6.473841667175293,2,,,,,,,,,,,,
,,4929,3.0,0.04904942587018013,0.9814666509628296,0.7857179045677185,0.7924224138259888,0.7890287637710571,5.823298454284668,122.0,0.2426338493824005,6.114981651306152,2,,,,,,,,,,,,
,,4939,3.0,0.03219956159591675,0.9919333457946777,0.750198483467102,0.6870123147964478,0.7139313220977783,6.282520294189453,100.0,0.08009088784456253,6.394810676574707,2,,,,,,,,,,,,
,,4949,3.0,0.03694026544690132,0.9946666955947876,0.7480941414833069,0.6429792046546936,0.6812007427215576,3.705902099609375,35.0,0.32974866032600403,4.072591304779053,2,,,,,,,,,,,,
9.978031724785247e-05,0.0009978031724785245,4953,,,,,,,,,,,,,,,,,,,,,,,
,,4959,3.0,0.08954472839832306,0.971666693687439,0.6642885208129883,0.681091845035553,0.6722437739372253,7.713958740234375,283.0,0.1818208396434784,7.985324382781982,3,,,,,,,,,,,,
,,4969,3.0,0.08071889728307724,0.9646000266075134,0.6245123744010925,0.7599359154701233,0.665932834148407,4.972933292388916,129.0,0.5473964810371399,5.601048946380615,3,,,,,,,,,,,,
,,4979,3.0,0.10442577302455902,0.9582666754722595,0.7108327150344849,0.6233583092689514,0.6541136503219604,6.234394550323486,324.0,0.8079175353050232,7.146738052368164,3,,,,,,,,,,,,
,,4989,3.0,0.08478695154190063,0.9678000211715698,0.7604951858520508,0.6787228584289551,0.7112243175506592,6.236848831176758,353.0,0.43362078070640564,6.755256652832031,3,,,,,,,,,,,,
,,4999,3.0,0.052807409316301346,0.9800000190734863,0.7523394823074341,0.5996999144554138,0.6411547660827637,5.473238468170166,262.0,0.4091002345085144,5.935145854949951,3,,,,,,,,,,,,
,,5009,3.0,0.06372852623462677,0.9778000116348267,0.6747536659240723,0.73361736536026,0.6996532082557678,5.163382530212402,169.0,0.3338114023208618,5.560922145843506,3,,,,,,,,,,,,
,,5019,3.0,0.0813838392496109,0.9739999771118164,0.6850998401641846,0.6218321323394775,0.6464008092880249,6.782919406890869,238.0,0.10455085337162018,6.968853950500488,3,,,,,,,,,,,,
,,5029,3.0,0.04655822739005089,0.9832666516304016,0.8580110669136047,0.6147962808609009,0.6714725494384766,5.4160075187683105,118.0,0.42014193534851074,5.882707595825195,3,,,,,,,,,,,,
,,5039,3.0,0.0732758566737175,0.9675333499908447,0.6101239323616028,0.5931916236877441,0.6008604764938354,5.52550745010376,196.0,0.1896262764930725,5.78840970993042,3,,,,,,,,,,,,
,,5049,3.0,0.0855197012424469,0.9595999717712402,0.6441029906272888,0.8869087100028992,0.7042186260223389,4.96262788772583,126.0,1.0081168413162231,6.056264400482178,3,,,,,,,,,,,,
,,5059,3.0,0.07295598834753036,0.9693333506584167,0.6887652277946472,0.9078783392906189,0.754474401473999,6.392327308654785,244.0,0.33077284693717957,6.796056270599365,3,,,,,,,,,,,,
,,5069,3.0,0.05625239759683609,0.9817333221435547,0.6518186330795288,0.5425835847854614,0.5645667910575867,5.067349433898926,100.0,0.36939573287963867,5.492997646331787,3,,,,,,,,,,,,
,,5079,3.0,0.046474505215883255,0.9811333417892456,0.704096257686615,0.874750554561615,0.7628375291824341,6.196826457977295,157.0,0.4086763858795166,6.6519775390625,3,,,,,,,,,,,,
,,5089,3.0,0.09814033657312393,0.9730666875839233,0.7536877393722534,0.5944186449050903,0.634981632232666,5.771787643432617,200.0,1.0314539670944214,6.901381969451904,3,,,,,,,,,,,,
,,5099,3.0,0.04851232469081879,0.9824000000953674,0.7349427342414856,0.7550724744796753,0.7445709109306335,4.606437683105469,108.0,0.3877122402191162,5.042662620544434,3,,,,,,,,,,,,
,,5109,3.0,0.06446905434131622,0.9753999710083008,0.8442524671554565,0.784895122051239,0.8115028142929077,5.226742744445801,331.0,0.6993935108184814,5.990605354309082,3,,,,,,,,,,,,
,,5119,3.0,0.05897203087806702,0.9751999974250793,0.8774601221084595,0.7546266317367554,0.8030177354812622,6.359647750854492,317.0,0.30713680386543274,6.725756645202637,3,,,,,,,,,,,,
,,5129,3.0,0.05542335286736488,0.9829999804496765,0.7631833553314209,0.6968432068824768,0.7249815464019775,6.030040740966797,163.0,0.14583814144134521,6.231302261352539,3,,,,,,,,,,,,
,,5139,3.0,0.05324474349617958,0.9786666631698608,0.7187960147857666,0.8178484439849854,0.7585551738739014,4.895966053009033,126.0,0.2778910994529724,5.227101802825928,3,,,,,,,,,,,,
,,5149,3.0,0.06787053495645523,0.9703333377838135,0.706428050994873,0.7483359575271606,0.7252646684646606,5.36118221282959,166.0,0.6369972229003906,6.066050052642822,3,,,,,,,,,,,,
,,5159,3.0,0.05300455167889595,0.9789999723434448,0.7987681031227112,0.7773828506469727,0.7876487970352173,5.885001182556152,340.0,0.5172752737998962,6.4552812576293945,3,,,,,,,,,,,,
,,5169,3.0,0.047032181173563004,0.9809333086013794,0.7649573087692261,0.8779664039611816,0.810828447341919,4.77211332321167,176.0,0.5175905227661133,5.33673620223999,3,,,,,,,,,,,,
,,5179,3.0,0.04642181470990181,0.9812666773796082,0.7146514058113098,0.7239668369293213,0.7192044258117676,4.715100288391113,168.0,1.2441051006317139,6.005627632141113,3,,,,,,,,,,,,
,,5189,3.0,0.038023415952920914,0.9859333038330078,0.6701215505599976,0.9411414861679077,0.7434361577033997,4.665865421295166,58.0,0.2588352859020233,4.962724208831787,3,,,,,,,,,,,,
,,5199,3.0,0.0807969719171524,0.9690666794776917,0.7197543382644653,0.7058060765266418,0.7125285863876343,5.961126327514648,180.0,0.862774133682251,6.904697418212891,3,,,,,,,,,,,,
,,5209,3.0,0.06755494326353073,0.9706666469573975,0.6188392043113708,0.5638615489006042,0.5820854902267456,5.284277439117432,234.0,0.46484142541885376,5.816673755645752,3,,,,,,,,,,,,
,,5219,3.0,0.05332343652844429,0.9793333411216736,0.8886189460754395,0.8644403219223022,0.876096248626709,7.137073993682861,306.0,0.7122266888618469,7.902624130249023,3,,,,,,,,,,,,
,,5229,3.0,0.048174742609262466,0.9882000088691711,0.5627222657203674,0.5155892372131348,0.5237694978713989,4.899653911590576,93.0,0.14563201367855072,5.093460559844971,3,,,,,,,,,,,,
,,5239,3.0,0.06997551769018173,0.9754666686058044,0.8067607879638672,0.8425810933113098,0.8235816955566406,5.909291744232178,267.0,0.21025840938091278,6.189525604248047,3,,,,,,,,,,,,
,,5249,3.0,0.0777600109577179,0.9705333113670349,0.8276374936103821,0.8064297437667847,0.816635251045227,5.9351325035095215,341.0,0.3873559236526489,6.4002485275268555,3,,,,,,,,,,,,
,,5259,3.0,0.060800276696681976,0.9745333194732666,0.6058729887008667,0.6286537647247314,0.6160537600517273,5.115238666534424,145.0,0.22893112897872925,5.404969692230225,3,,,,,,,,,,,,
,,5269,3.0,0.05248191952705383,0.982866644859314,0.7593239545822144,0.7621307373046875,0.7607194185256958,5.051313400268555,144.0,0.8955179452896118,5.9993133544921875,3,,,,,,,,,,,,
,,5279,3.0,0.030916079878807068,0.9926000237464905,0.513019323348999,0.5194989442825317,0.5155341625213623,3.926352024078369,44.0,0.3215109705924988,4.278779029846191,3,,,,,,,,,,,,
,,5289,3.0,0.05736047774553299,0.9829333424568176,0.8556599617004395,0.847995400428772,0.8517826795578003,5.7390923500061035,366.0,0.6127382516860962,6.409191131591797,3,,,,,,,,,,,,
,,5299,3.0,0.05686001479625702,0.978866696357727,0.6682889461517334,0.6542578935623169,0.6609474420547485,4.642608165740967,105.0,2.0076732635498047,6.707141399383545,3,,,,,,,,,,,,
,,5309,3.0,0.04358494281768799,0.9893333315849304,0.6672669649124146,0.5982509255409241,0.6234824061393738,5.067781448364258,64.0,0.6506137847900391,5.761980056762695,3,,,,,,,,,,,,
,,5319,3.0,0.04300467669963837,0.9845333099365234,0.6008628010749817,0.6397907733917236,0.6170085072517395,4.2179107666015625,61.0,0.30948570370674133,4.570401191711426,3,,,,,,,,,,,,
,,5329,3.0,0.06438156217336655,0.9833999872207642,0.5320764780044556,0.568845272064209,0.5430843234062195,3.8802945613861084,51.0,0.28459227085113525,4.229268550872803,3,,,,,,,,,,,,
,,5339,3.0,0.042134400457143784,0.9846000075340271,0.6810009479522705,0.7925432920455933,0.723045289516449,4.133258819580078,75.0,0.4340590536594391,4.609452247619629,3,,,,,,,,,,,,
,,5349,3.0,0.04891282320022583,0.9898666739463806,0.6392754316329956,0.570487380027771,0.593195378780365,5.17902946472168,62.0,0.13817191123962402,5.366114616394043,3,,,,,,,,,,,,
,,5359,3.0,0.06014423072338104,0.9737333059310913,0.8011029958724976,0.731692910194397,0.7614771127700806,5.97309684753418,231.0,0.8501328229904175,6.883374214172363,3,,,,,,,,,,,,
,,5369,3.0,0.084288589656353,0.9712666869163513,0.7158251404762268,0.8174479007720947,0.7560384273529053,5.544809818267822,323.0,1.6828879117965698,7.311986446380615,3,,,,,,,,,,,,
,,5379,3.0,0.03144614398479462,0.9901999831199646,0.5337105989456177,0.5780877470970154,0.5466163754463196,4.587510585784912,25.0,0.030660469084978104,4.6496171951293945,3,,,,,,,,,,,,
,,5389,3.0,0.06770535558462143,0.973466694355011,0.73350989818573,0.8503522872924805,0.7791759967803955,6.885834693908691,324.0,0.07876525819301605,7.0323052406311035,3,,,,,,,,,,,,
,,5399,3.0,0.04880313575267792,0.9823333621025085,0.6938719749450684,0.761278510093689,0.7223148941993713,4.743250370025635,90.0,0.3163795471191406,5.108433246612549,3,,,,,,,,,,,,
,,5409,3.0,0.07883414626121521,0.9649999737739563,0.7605468034744263,0.7352797985076904,0.7471915483474731,5.480248928070068,285.0,0.4035227298736572,5.9626054763793945,3,,,,,,,,,,,,
,,5419,3.0,0.05588410422205925,0.978600025177002,0.6516237854957581,0.81612229347229,0.7032613158226013,4.816043376922607,108.0,0.5751345753669739,5.447062015533447,3,,,,,,,,,,,,
,,5429,3.0,0.07981371879577637,0.9698666930198669,0.7040677070617676,0.7866494655609131,0.7377324104309082,5.799060821533203,216.0,1.1334733963012695,7.012348175048828,3,,,,,,,,,,,,
,,5439,3.0,0.06678565591573715,0.973466694355011,0.8712413311004639,0.8382456302642822,0.8538738489151001,5.79297399520874,393.0,1.111236572265625,6.970996379852295,3,,,,,,,,,,,,
,,5449,3.0,0.052487101405858994,0.9792666435241699,0.6947891712188721,0.6794910430908203,0.6868070960044861,5.350196838378906,224.0,0.5463290214538574,5.949012756347656,3,,,,,,,,,,,,
,,5459,3.0,0.03821612894535065,0.9884666800498962,0.8066867589950562,0.8583002686500549,0.8303992748260498,5.076229095458984,166.0,0.35172322392463684,5.466168403625488,3,,,,,,,,,,,,
,,5469,3.0,0.0472567193210125,0.9837999939918518,0.7183958888053894,0.7352343797683716,0.72648686170578,4.894953727722168,109.0,0.4012152850627899,5.343425750732422,3,,,,,,,,,,,,
,,5479,3.0,0.032575637102127075,0.9940666556358337,0.6364587545394897,0.5944497585296631,0.6115544438362122,3.805926561355591,34.0,0.3484780490398407,4.186980247497559,3,,,,,,,,,,,,
,,5489,3.0,0.07488332688808441,0.9674666523933411,0.7958510518074036,0.7381511330604553,0.7635284662246704,5.890651226043701,321.0,0.6691694259643555,6.634704113006592,3,,,,,,,,,,,,
,,5499,3.0,0.047196369618177414,0.9846000075340271,0.8063939213752747,0.7070090174674988,0.7466295957565308,5.308482646942139,196.0,0.7784560322761536,6.1341352462768555,3,,,,,,,,,,,,
,,5509,3.0,0.06372370570898056,0.9703333377838135,0.651057779788971,0.7467057704925537,0.6863468885421753,5.115201473236084,113.0,0.24843639135360718,5.427361488342285,3,,,,,,,,,,,,
,,5519,3.0,0.067084901034832,0.972266674041748,0.7015330791473389,0.6104782223701477,0.6415757536888123,5.515758037567139,186.0,0.39637842774391174,5.979221343994141,3,,,,,,,,,,,,
,,5529,3.0,0.08577081561088562,0.9675333499908447,0.7899856567382812,0.7995637655258179,0.794687032699585,6.168913841247559,294.0,0.42640113830566406,6.681085586547852,3,,,,,,,,,,,,
,,5539,3.0,0.06502240151166916,0.9822666645050049,0.594417154788971,0.5317875742912292,0.5461981892585754,5.834665298461914,152.0,0.28610581159591675,6.185793399810791,3,,,,,,,,,,,,
,,5549,3.0,0.07903742045164108,0.9639333486557007,0.7562620043754578,0.8022031784057617,0.7770892977714539,6.006735324859619,266.0,0.8927015662193298,6.978474140167236,3,,,,,,,,,,,,
,,5559,3.0,0.0922076553106308,0.9655333161354065,0.6430231332778931,0.6204364895820618,0.6306423544883728,6.462958335876465,278.0,0.1743369698524475,6.7295026779174805,3,,,,,,,,,,,,
,,5569,3.0,0.0451090969145298,0.9856666922569275,0.8733342885971069,0.8758022785186768,0.8745639324188232,5.64016580581665,348.0,0.8251054883003235,6.510380744934082,3,,,,,,,,,,,,
,,5579,3.0,0.09616617858409882,0.9590666890144348,0.7467881441116333,0.8068503141403198,0.7730610370635986,6.366430282592773,335.0,0.5313820838928223,6.993978500366211,3,,,,,,,,,,,,
,,5589,3.0,0.079149030148983,0.9620000123977661,0.5792193412780762,0.7669017314910889,0.617215096950531,4.8706254959106445,69.0,0.34138816595077515,5.291162967681885,3,,,,,,,,,,,,
,,5599,3.0,0.08531215041875839,0.9590666890144348,0.6796022057533264,0.8607473373413086,0.7360355257987976,5.858213424682617,256.0,1.102110505104065,7.045636177062988,3,,,,,,,,,,,,
,,5609,3.0,0.07419724017381668,0.9621333479881287,0.6201578378677368,0.6655791997909546,0.6387861371040344,6.47465181350708,245.0,0.39360150694847107,6.942450523376465,3,,,,,,,,,,,,
,,5619,3.0,0.07543664425611496,0.9675999879837036,0.6309003829956055,0.7633219957351685,0.6727912425994873,5.354269027709961,176.0,0.3568200170993805,5.786525726318359,3,,,,,,,,,,,,
,,5629,3.0,0.09834963083267212,0.95333331823349,0.6254857182502747,0.8236770629882812,0.6753808856010437,5.521176815032959,231.0,4.796607494354248,10.416133880615234,3,,,,,,,,,,,,
,,5639,3.0,0.07630179822444916,0.9685999751091003,0.7487254738807678,0.9295876026153564,0.812157392501831,6.475147247314453,304.0,1.9763994216918945,8.527848243713379,3,,,,,,,,,,,,
,,5649,3.0,0.17738640308380127,0.9274666905403137,0.7174819111824036,0.7548850774765015,0.7342708110809326,6.538965225219727,429.0,1.6640647649765015,8.380415916442871,3,,,,,,,,,,,,
,,5659,3.0,0.04653603211045265,0.9838666915893555,0.7231926321983337,0.7924326062202454,0.7529267072677612,5.623088836669922,166.0,0.10046982020139694,5.770094394683838,3,,,,,,,,,,,,
,,5669,3.0,0.09440505504608154,0.959933340549469,0.6289147138595581,0.9117698669433594,0.689437747001648,4.626213550567627,136.0,0.7272660732269287,5.447884559631348,3,,,,,,,,,,,,
,,5679,3.0,0.1147545576095581,0.9477999806404114,0.726353645324707,0.7743933200836182,0.7476208209991455,6.807830333709717,335.0,0.6062133312225342,7.5287981033325195,3,,,,,,,,,,,,
,,5689,3.0,0.06597151607275009,0.9732666611671448,0.751819372177124,0.89332115650177,0.8055112361907959,6.258363246917725,290.0,3.2248146533966064,9.549149513244629,3,,,,,,,,,,,,
,,5699,3.0,0.05855140462517738,0.9809333086013794,0.5781868696212769,0.6853071451187134,0.6086873412132263,3.9476890563964844,48.0,0.3731535077095032,4.379394054412842,3,,,,,,,,,,,,
,,5709,3.0,0.06652653217315674,0.97079998254776,0.6153408288955688,0.8167958855628967,0.6656675338745117,4.9465131759643555,81.0,0.3024483621120453,5.315487861633301,3,,,,,,,,,,,,
,,5719,3.0,0.10225459933280945,0.9531999826431274,0.6806971430778503,0.7990831136703491,0.7230530381202698,5.617691993713379,281.0,1.1141437292099,6.834090232849121,3,,,,,,,,,,,,
,,5729,3.0,0.13217240571975708,0.961733341217041,0.7344622611999512,0.6720204949378967,0.697848916053772,6.58014440536499,344.0,1.2187179327011108,7.931035041809082,3,,,,,,,,,,,,
,,5739,3.0,0.08214029669761658,0.9585999846458435,0.5193726420402527,0.5899542570114136,0.5266710519790649,4.307854652404785,63.0,0.34186455607414246,4.7318596839904785,3,,,,,,,,,,,,
,,5749,3.0,0.1386660784482956,0.9452666640281677,0.536934494972229,0.8051932454109192,0.5542178153991699,4.190063953399658,40.0,0.5211876630783081,4.849917888641357,3,,,,,,,,,,,,
,,5759,3.0,0.08532780408859253,0.9682000279426575,0.5436751842498779,0.6419932246208191,0.5637128949165344,4.503668785095215,53.0,0.6702785491943359,5.259274959564209,3,,,,,,,,,,,,
,,5769,3.0,0.10471445322036743,0.9522666931152344,0.6328888535499573,0.739022970199585,0.6685299277305603,5.900137901306152,230.0,1.6564538478851318,7.661306381225586,3,,,,,,,,,,,,
,,5779,3.0,0.10981521010398865,0.9537333250045776,0.6287474036216736,0.7628174424171448,0.6696485877037048,6.203568935394287,287.0,1.1276153326034546,7.440999507904053,3,,,,,,,,,,,,
,,5789,3.0,0.12316098809242249,0.9453333616256714,0.6523310542106628,0.8052531480789185,0.6989359855651855,5.750515460968018,288.0,3.867786169052124,9.741462707519531,3,,,,,,,,,,,,
,,5799,3.0,0.11168184876441956,0.9501333236694336,0.7526305913925171,0.9150081872940063,0.8098387122154236,6.172314643859863,333.0,1.23855721950531,7.52255392074585,3,,,,,,,,,,,,
,,5809,3.0,0.06630333513021469,0.9769999980926514,0.7292880415916443,0.8189487457275391,0.7662279605865479,5.309284210205078,157.0,0.4558466076850891,5.83143424987793,3,,,,,,,,,,,,
,,5819,3.0,0.10317587852478027,0.9624666571617126,0.6580407619476318,0.834691047668457,0.7113009691238403,5.855829238891602,175.0,0.5444237589836121,6.503428936004639,3,,,,,,,,,,,,
,,5829,3.0,0.11511184275150299,0.9552666544914246,0.5886384844779968,0.8203713297843933,0.6319189071655273,4.922183513641357,116.0,0.2318868339061737,5.269182205200195,3,,,,,,,,,,,,
,,5839,3.0,0.13974504172801971,0.9329333305358887,0.6397091150283813,0.793372392654419,0.6835426092147827,6.671513557434082,191.0,3.006307601928711,9.81756591796875,3,,,,,,,,,,,,
,,5849,3.0,0.18340706825256348,0.9189333319664001,0.6140276193618774,0.8507421612739563,0.6590321660041809,7.6321563720703125,176.0,0.20351794362068176,8.019081115722656,3,,,,,,,,,,,,
,,5859,3.0,0.145939901471138,0.9364666938781738,0.6443913578987122,0.761905312538147,0.6825997829437256,6.514665126800537,258.0,0.3037346303462982,6.964339733123779,3,,,,,,,,,,,,
,,5869,3.0,0.0992036759853363,0.9603333473205566,0.7054005861282349,0.7846894860267639,0.7377718091011047,6.677818775177002,282.0,0.5266047716140747,7.303627014160156,3,,,,,,,,,,,,
,,5879,3.0,0.09412109851837158,0.9616666436195374,0.6231493353843689,0.7525539994239807,0.6630511283874512,5.036482334136963,161.0,1.0770642757415771,6.207667350769043,3,,,,,,,,,,,,
,,5889,3.0,0.09219677746295929,0.9577999711036682,0.5909599661827087,0.649157702922821,0.6119116544723511,5.42314338684082,198.0,1.2140848636627197,6.729425430297852,3,,,,,,,,,,,,
,,5899,3.0,0.11198777705430984,0.9524666666984558,0.5878908038139343,0.6165639162063599,0.5998194813728333,6.0412492752075195,265.0,2.8353846073150635,8.988621711730957,3,,,,,,,,,,,,
,,5909,3.0,0.09619982540607452,0.9580000042915344,0.5382262468338013,0.6672108173370361,0.5565465688705444,5.329865455627441,68.0,0.06582324951887131,5.491888523101807,3,,,,,,,,,,,,
,,5919,3.0,0.07345195859670639,0.9692000150680542,0.5630853176116943,0.7324589490890503,0.5952404141426086,4.543044090270996,87.0,0.42050468921661377,5.03700065612793,3,,,,,,,,,,,,
,,5929,3.0,0.11797864735126495,0.9504666924476624,0.6611623764038086,0.7383154630661011,0.6910600662231445,6.598730564117432,307.0,1.0930395126342773,7.809748649597168,3,,,,,,,,,,,,
,,5939,3.0,0.12030581384897232,0.9526000022888184,0.6667033433914185,0.6652587056159973,0.6659773588180542,6.373011112213135,309.0,0.8685077428817749,7.361824989318848,3,,,,,,,,,,,,
,,5949,3.0,0.09501981735229492,0.9567999839782715,0.6040001511573792,0.6908921599388123,0.6328182220458984,5.229122638702393,128.0,0.7631824612617493,6.087325096130371,3,,,,,,,,,,,,
,,5959,3.0,0.17883209884166718,0.9269333481788635,0.607381284236908,0.6139023900032043,0.6105151176452637,6.915789604187012,320.0,1.3510518074035645,8.445672988891602,3,,,,,,,,,,,,
,,5969,3.0,0.12163539975881577,0.9606000185012817,0.6372989416122437,0.6363462805747986,0.6368206739425659,6.119032382965088,226.0,0.6297352910041809,6.870403289794922,3,,,,,,,,,,,,
,,5979,3.0,0.1095782220363617,0.9490666389465332,0.5971167683601379,0.7454421520233154,0.6343907713890076,6.031412124633789,123.0,0.47360578179359436,6.614595890045166,3,,,,,,,,,,,,
,,5989,3.0,0.19052287936210632,0.942466676235199,0.5243480205535889,0.52974534034729,0.526596188545227,6.696362018585205,283.0,0.8603169322013855,7.747201442718506,3,,,,,,,,,,,,
,,5999,3.0,0.11026233434677124,0.9598000049591064,0.64579176902771,0.7228550314903259,0.6752281188964844,6.595404624938965,178.0,1.4813189506530762,8.186985969543457,3,,,,,,,,,,,,
,,6009,3.0,0.11671636253595352,0.95333331823349,0.6749093532562256,0.778583824634552,0.7130906581878662,6.687593936920166,269.0,0.3147531747817993,7.119063377380371,3,,,,,,,,,,,,
,,6019,3.0,0.08264661580324173,0.9642666578292847,0.6428804397583008,0.859478771686554,0.7001109719276428,6.017601013183594,175.0,0.16638462245464325,6.266632556915283,3,,,,,,,,,,,,
,,6029,3.0,0.0688040480017662,0.9718666672706604,0.5744127631187439,0.714977502822876,0.6077992916107178,5.979983329772949,117.0,0.4936054050922394,6.542393207550049,3,,,,,,,,,,,,
,,6039,3.0,0.11021288484334946,0.9456666707992554,0.6127051711082458,0.7946597337722778,0.6569372415542603,5.790132999420166,201.0,0.8575562834739685,6.757902145385742,3,,,,,,,,,,,,
,,6049,3.0,0.0849849209189415,0.9652000069618225,0.7466205358505249,0.7732447385787964,0.7591667175292969,6.415603160858154,295.0,0.560822069644928,7.061409950256348,3,,,,,,,,,,,,
,,6059,3.0,0.1426917165517807,0.9344666600227356,0.5435048341751099,0.5603061318397522,0.5499327778816223,6.0564985275268555,345.0,9.152384757995605,15.351574897766113,3,,,,,,,,,,,,
,,6069,3.0,0.1546531468629837,0.9253333210945129,0.6153618693351746,0.8192688226699829,0.6594467163085938,6.863346099853516,232.0,0.5654404759407043,7.583439826965332,3,,,,,,,,,,,,
,,6079,3.0,0.16042424738407135,0.9294000267982483,0.58659827709198,0.6398593187332153,0.6051488518714905,7.095592021942139,378.0,1.4504642486572266,8.706480026245117,3,,,,,,,,,,,,
,,6089,3.0,0.12640221416950226,0.9480000138282776,0.5639281272888184,0.7204297780990601,0.5926169753074646,4.947152137756348,105.0,0.3993816673755646,5.472936153411865,3,,,,,,,,,,,,
,,6099,3.0,0.15628930926322937,0.949999988079071,0.6289456486701965,0.6214867234230042,0.6250838041305542,6.495570659637451,363.0,3.650510549545288,10.302370071411133,3,,,,,,,,,,,,
,,6109,3.0,0.11943935602903366,0.9441333413124084,0.5807375907897949,0.7785302400588989,0.6172928214073181,5.545365810394287,125.0,0.2757171094417572,5.940522193908691,3,,,,,,,,,,,,
,,6119,3.0,0.14398755133152008,0.9458666443824768,0.5565752983093262,0.6052315831184387,0.5717239379882812,6.320706367492676,222.0,0.6163495182991028,7.081043720245361,3,,,,,,,,,,,,
,,6129,3.0,0.10075108706951141,0.9625999927520752,0.6550405621528625,0.7485884428024292,0.6897068023681641,6.8252434730529785,177.0,0.508999764919281,7.434994220733643,3,,,,,,,,,,,,
,,6139,3.0,0.10087867081165314,0.9604666829109192,0.6659787893295288,0.6741488575935364,0.6699525713920593,6.532356262207031,275.0,2.085981845855713,8.719217300415039,3,,,,,,,,,,,,
,,6149,3.0,0.11783444136381149,0.9504666924476624,0.5751675963401794,0.667002260684967,0.6006303429603577,5.436985492706299,218.0,7.026158809661865,12.580978393554688,3,,,,,,,,,,,,
,,6159,3.0,0.12712039053440094,0.9487333297729492,0.6596267223358154,0.6526687741279602,0.6560559272766113,6.581794738769531,343.0,1.5016310214996338,8.210546493530273,3,,,,,,,,,,,,
,,6169,3.0,0.19106951355934143,0.9243999719619751,0.6303067207336426,0.6529846787452698,0.6404649019241333,7.455764293670654,535.0,0.2530807554721832,7.899914741516113,3,,,,,,,,,,,,
,,6179,3.0,0.08742441236972809,0.963533341884613,0.6070032715797424,0.7658116817474365,0.649185061454773,5.534421443939209,159.0,0.4350554049015045,6.056900978088379,3,,,,,,,,,,,,
,,6189,3.0,0.10345223546028137,0.9558666944503784,0.7154980301856995,0.8810272216796875,0.7717515230178833,6.277041912078857,373.0,1.688654899597168,8.069149017333984,3,,,,,,,,,,,,
,,6199,3.0,0.08088888972997665,0.9658666849136353,0.559829592704773,0.8363953828811646,0.5949940085411072,4.763927936553955,47.0,0.4292270541191101,5.274043560028076,3,,,,,,,,,,,,
,,6209,3.0,0.12172717601060867,0.9422000050544739,0.635083019733429,0.8285361528396606,0.6848187446594238,6.344101905822754,282.0,0.4800319969654083,6.945860862731934,3,,,,,,,,,,,,
,,6219,3.0,0.11801644414663315,0.9532666802406311,0.5403234958648682,0.8731527328491211,0.562106192111969,5.021608829498291,47.0,0.024555960670113564,5.164181232452393,3,,,,,,,,,,,,
,,6229,3.0,0.12023627758026123,0.959933340549469,0.6005591154098511,0.682503879070282,0.6280854344367981,6.184183120727539,147.0,0.850333571434021,7.1547532081604,3,,,,,,,,,,,,
,,6239,3.0,0.19219283759593964,0.9208666682243347,0.5202023983001709,0.6868797540664673,0.5203155279159546,4.481137752532959,64.0,0.23922979831695557,4.91256046295166,3,,,,,,,,,,,,
,,6249,3.0,0.16763104498386383,0.9483333230018616,0.5674519538879395,0.6559096574783325,0.5908355712890625,6.443795204162598,196.0,0.5152290463447571,7.126655578613281,3,,,,,,,,,,,,
,,6259,3.0,0.0957447811961174,0.9782000184059143,0.6092101335525513,0.8584452271461487,0.6641555428504944,5.438680171966553,82.0,0.3420206904411316,5.876445293426514,3,,,,,,,,,,,,
,,6269,3.0,0.33828943967819214,0.9276000261306763,0.5746670961380005,0.6201332211494446,0.590373158454895,8.411073684692383,282.0,2.2558646202087402,11.005228042602539,3,,,,,,,,,,,,
,,6279,3.0,0.22118030488491058,0.9385333061218262,0.6988680958747864,0.6462403535842896,0.6676617860794067,7.129495143890381,343.0,4.748879432678223,12.099555015563965,3,,,,,,,,,,,,
,,6289,3.0,0.151531383395195,0.9611999988555908,0.6116204857826233,0.6938307285308838,0.6402636766433716,6.760417461395264,193.0,1.1572884321212769,8.069236755371094,3,,,,,,,,,,,,
,,6299,3.0,0.24570484459400177,0.9351999759674072,0.547365128993988,0.5820074677467346,0.5583325624465942,11.123212814331055,275.0,3.3405940532684326,14.709511756896973,3,,,,,,,,,,,,
,,6309,3.0,0.1842314451932907,0.9695333242416382,0.6711876392364502,0.5742447972297668,0.6016335487365723,6.0284600257873535,230.0,6.178831100463867,12.391522407531738,3,,,,,,,,,,,,
,,6319,3.0,0.33017802238464355,0.9213333129882812,0.48941531777381897,0.49145305156707764,0.4902890622615814,6.878961086273193,308.0,8.532731056213379,15.741869926452637,3,,,,,,,,,,,,
,,6329,3.0,0.16630271077156067,0.9520000219345093,0.609883725643158,0.5999467968940735,0.604633092880249,8.317325592041016,273.0,12.425132751464844,20.90876007080078,3,,,,,,,,,,,,
,,6339,3.0,0.15625229477882385,0.9651333093643188,0.5697221159934998,0.5368531346321106,0.5471359491348267,8.543758392333984,228.0,10.332792282104492,19.03280258178711,3,,,,,,,,,,,,
,,6349,3.0,0.10501842200756073,0.9771999716758728,0.5857642292976379,0.5967992544174194,0.5909163951873779,6.6053338050842285,135.0,1.4623924493789673,8.172744750976562,3,,,,,,,,,,,,
,,6359,3.0,0.14358563721179962,0.9571333527565002,0.5153293609619141,0.5411456823348999,0.5196898579597473,6.323310375213623,125.0,4.117425918579102,10.584321975708008,3,,,,,,,,,,,,
,,6369,3.0,0.11260081827640533,0.9748666882514954,0.5414878129959106,0.6080374717712402,0.5582897663116455,5.229358196258545,69.0,2.266115427017212,7.608074188232422,3,,,,,,,,,,,,
,,6379,3.0,0.0746365487575531,0.9783333539962769,0.5489283204078674,0.5933110117912292,0.5634799003601074,5.301422119140625,57.0,1.3590019941329956,6.735060691833496,3,,,,,,,,,,,,
,,6389,3.0,0.18347102403640747,0.9619333148002625,0.49232324957847595,0.49693697690963745,0.4937756359577179,7.431110858917236,206.0,8.047645568847656,15.662227630615234,3,,,,,,,,,,,,
,,6399,3.0,0.06856000423431396,0.9822666645050049,0.56327223777771,0.5700833797454834,0.5664881467819214,5.660958766937256,109.0,13.830866813659668,19.560386657714844,3,,,,,,,,,,,,
,,6409,3.0,0.1439528912305832,0.9664000272750854,0.5487292408943176,0.5341491103172302,0.5398278832435608,6.819209575653076,251.0,3.9782791137695312,10.941441535949707,3,,,,,,,,,,,,
,,6419,3.0,0.16311226785182953,0.9630666375160217,0.5373532176017761,0.565459668636322,0.546660304069519,5.694509506225586,94.0,5.582438945770264,11.44006061553955,3,,,,,,,,,,,,
,,6429,3.0,0.11753953248262405,0.9742000102996826,0.5981103181838989,0.6938775777816772,0.6290270090103149,5.544755935668945,84.0,1.5238311290740967,7.186126708984375,3,,,,,,,,,,,,
,,6439,3.0,0.09753840416669846,0.9771999716758728,0.599750280380249,0.5970567464828491,0.598383367061615,5.53179407119751,169.0,8.3242826461792,13.953615188598633,3,,,,,,,,,,,,
,,6449,3.0,0.07005370408296585,0.9859333038330078,0.6587287187576294,0.5947819948196411,0.6183141469955444,6.3077497482299805,101.0,1.1815800666809082,7.559383392333984,3,,,,,,,,,,,,
,,6459,3.0,0.2531960606575012,0.9228000044822693,0.5021389126777649,0.5022006630897522,0.5021646618843079,7.300267696380615,257.0,4.383389949798584,11.936853408813477,3,,,,,,,,,,,,
,,6469,3.0,0.15939125418663025,0.9626666903495789,0.5580835938453674,0.5643254518508911,0.5610114932060242,6.3092265129089355,193.0,4.130818843841553,10.59943675994873,3,,,,,,,,,,,,
,,6479,3.0,0.10239730030298233,0.9755333065986633,0.526343584060669,0.5404644012451172,0.5315846800804138,7.120713233947754,124.0,4.465086460113525,11.688197135925293,3,,,,,,,,,,,,
,,6489,3.0,0.13254399597644806,0.962933361530304,0.5978882312774658,0.6253289580345154,0.6096802949905396,6.948787212371826,146.0,1.4603699445724487,8.541701316833496,3,,,,,,,,,,,,
,,6499,3.0,0.2700776159763336,0.9315999746322632,0.5544316172599792,0.5309230089187622,0.5376752018928528,7.542413234710693,329.0,9.598423957824707,17.41091537475586,3,,,,,,,,,,,,
,,6509,3.0,0.17910800874233246,0.9588666558265686,0.5770281553268433,0.5419666767120361,0.5531176924705505,8.739212989807129,191.0,9.539847373962402,18.458168029785156,3,,,,,,,,,,,,
,,6519,3.0,0.159528911113739,0.958733320236206,0.6416613459587097,0.7344551086425781,0.6751198768615723,5.993194580078125,182.0,4.980097770690918,11.132821083068848,3,,,,,,,,,,,,
,,6529,3.0,0.16203083097934723,0.9635999798774719,0.5256152749061584,0.5152139067649841,0.5184028744697571,19.72245216369629,337.0,0.25583285093307495,20.140316009521484,3,,,,,,,,,,,,
,,6539,3.0,0.2731248736381531,0.9475333094596863,0.5440905094146729,0.5061600208282471,0.5025081038475037,10.349714279174805,403.0,1.5574878454208374,12.180326461791992,3,,,,,,,,,,,,
,,6549,3.0,0.1368516981601715,0.9535333514213562,0.5234953761100769,0.6032382249832153,0.5325238108634949,5.3636956214904785,88.0,0.22509701550006866,5.725644588470459,3,,,,,,,,,,,,
,,6559,3.0,0.24652712047100067,0.9420666694641113,0.537301242351532,0.5441508889198303,0.5403003692626953,7.660341739654541,237.0,4.304076194763184,12.210945129394531,3,,,,,,,,,,,,
,,6569,3.0,0.07578755915164948,0.9764000177383423,0.5903297066688538,0.7708767652511597,0.6327775716781616,5.460779190063477,86.0,0.5465676188468933,6.083134174346924,3,,,,,,,,,,,,
,,6579,3.0,0.2081155925989151,0.9440666437149048,0.5293115377426147,0.5422211289405823,0.5340089797973633,7.466541767120361,238.0,1.1955071687698364,8.87016487121582,3,,,,,,,,,,,,
,,6589,3.0,0.12176031619310379,0.9586666822433472,0.6749905943870544,0.6191730499267578,0.6410361528396606,7.703387260437012,370.0,1.490287184715271,9.315434455871582,3,,,,,,,,,,,,
,,6599,3.0,0.16218897700309753,0.9477999806404114,0.5243017077445984,0.5637478828430176,0.5318605899810791,11.386174201965332,172.0,0.02687523514032364,11.575238227844238,3,,,,,,,,,,,,
9.960967771506667e-05,0.0009960967771506667,6604,,,,,,,,,,,,,,,,,,,,,,,
,,6609,3.0,0.19648364186286926,0.9444000124931335,0.6435253620147705,0.6691138744354248,0.6550617218017578,11.287507057189941,442.0,0.603821873664856,12.087812423706055,4,,,,,,,,,,,,
,,6619,3.0,0.23735833168029785,0.9431333541870117,0.579118549823761,0.5607702732086182,0.5683704018592834,7.2974724769592285,279.0,15.5626802444458,23.097511291503906,4,,,,,,,,,,,,
,,6629,3.0,0.2920913100242615,0.9261333346366882,0.5565712451934814,0.5604879856109619,0.5584326982498169,8.382819175720215,322.0,6.26090145111084,14.935811996459961,4,,,,,,,,,,,,
,,6639,3.0,0.159463569521904,0.9450666904449463,0.5421966910362244,0.5779513120651245,0.5530434846878052,7.153972625732422,151.0,2.058600664138794,9.372036933898926,4,,,,,,,,,,,,
,,6649,3.0,0.18828393518924713,0.9664000272750854,0.533161997795105,0.5185953974723816,0.5230451226234436,7.1262311935424805,248.0,10.607752799987793,17.92226791381836,4,,,,,,,,,,,,
,,6659,3.0,0.12261620908975601,0.9706666469573975,0.4951760768890381,0.4944847822189331,0.4948194622993469,7.998743534088135,123.0,1.0606967210769653,9.182056427001953,4,,,,,,,,,,,,
,,6669,3.0,0.28431031107902527,0.9522666931152344,0.49069860577583313,0.48770421743392944,0.489166796207428,6.144597053527832,244.0,2.84554386138916,9.27445125579834,4,,,,,,,,,,,,
,,6679,3.0,0.20664042234420776,0.9648000001907349,0.49031034111976624,0.4917765259742737,0.4910423457622528,6.378521919250488,195.0,17.486698150634766,24.071861267089844,4,,,,,,,,,,,,
,,6689,3.0,0.11926230788230896,0.9793333411216736,0.5044788718223572,0.5041027069091797,0.5042719841003418,7.241206645965576,140.0,1.0304694175720215,8.390937805175781,4,,,,,,,,,,,,
,,6699,3.0,0.1979130506515503,0.973800003528595,0.4913880228996277,0.4953540563583374,0.49336305260658264,6.710274696350098,133.0,3.6238105297088623,10.531998634338379,4,,,,,,,,,,,,
,,6709,3.0,0.13665227591991425,0.9589333534240723,0.4978405237197876,0.4914936423301697,0.49274247884750366,6.4676995277404785,71.0,0.5055554509162903,7.109907627105713,4,,,,,,,,,,,,
,,6719,3.0,0.40203171968460083,0.9500666856765747,0.4911420941352844,0.4964750111103058,0.49247753620147705,7.017946243286133,327.0,5.857091903686523,13.277070045471191,4,,,,,,,,,,,,
,,6729,3.0,0.1978330910205841,0.9717333316802979,0.48837363719940186,0.4973725378513336,0.4928320348262787,5.8566460609436035,152.0,7.877187728881836,13.93166732788086,4,,,,,,,,,,,,
,,6739,3.0,0.48863762617111206,0.9354000091552734,0.5535323023796082,0.5275880694389343,0.5342205762863159,6.8496012687683105,297.0,7.971488952636719,15.309727668762207,4,,,,,,,,,,,,
,,6749,3.0,0.5271706581115723,0.9344666600227356,0.47246190905570984,0.494147926568985,0.48306164145469666,7.492082118988037,541.0,14.921523094177246,22.940776824951172,4,,,,,,,,,,,,
,,6759,3.0,0.3098627030849457,0.9344666600227356,0.4900020956993103,0.47631508111953735,0.48306164145469666,6.573249816894531,214.0,0.8544620871543884,7.737574577331543,4,,,,,,,,,,,,
,,6769,3.0,0.4023094177246094,0.9368666410446167,0.4803130626678467,0.487139493227005,0.4837022125720978,6.853879451751709,349.0,2.3400588035583496,9.596247673034668,4,,,,,,,,,,,,
,,6779,3.0,0.3350638151168823,0.9593333601951599,0.4975559413433075,0.49950116872787476,0.4944903254508972,7.662854194641113,278.0,3.785266160964966,11.783184051513672,4,,,,,,,,,,,,
,,6789,3.0,0.4529167115688324,0.9353333115577698,0.48355966806411743,0.483026921749115,0.4832931458950043,7.187736988067627,235.0,11.978280067443848,19.618934631347656,4,,,,,,,,,,,,
,,6799,3.0,0.33665931224823,0.9455999732017517,0.4927395284175873,0.4794807732105255,0.48601973056793213,6.440134048461914,180.0,1.8077363967895508,8.584529876708984,4,,,,,,,,,,,,
,,6809,3.0,0.1281505525112152,0.9700000286102295,0.4915872812271118,0.493186891078949,0.49238577485084534,7.457751750946045,190.0,28.078636169433594,35.6645393371582,4,,,,,,,,,,,,
,,6819,3.0,0.3058546781539917,0.90993332862854,0.5167111754417419,0.533672571182251,0.5189713835716248,11.85068416595459,323.0,0.06252188235521317,12.219060897827148,4,,,,,,,,,,,,
,,6829,3.0,0.1476811319589615,0.972266674041748,0.4959888756275177,0.49481773376464844,0.4953610599040985,8.151890754699707,162.0,0.456949383020401,8.756521224975586,4,,,,,,,,,,,,
,,6839,3.0,0.4655751585960388,0.9348000288009644,0.5324620008468628,0.5349671244621277,0.533638060092926,6.390358924865723,305.0,3.3404531478881836,10.19638729095459,4,,,,,,,,,,,,
,,6849,3.0,0.3204226791858673,0.864799976348877,0.49668943881988525,0.4609448313713074,0.46715933084487915,4.974796772003174,84.0,0.27097806334495544,5.566197395324707,4,,,,,,,,,,,,
,,6859,3.0,0.06480803340673447,0.9870666861534119,0.4969123303890228,0.49657902121543884,0.49674561619758606,4.7907633781433105,65.0,0.05787744000554085,4.913448810577393,4,,,,,,,,,,,,
,,6869,3.0,0.2319616824388504,0.9607333540916443,0.4958789348602295,0.4944254159927368,0.49502670764923096,6.017730712890625,151.0,2.3636398315429688,8.613332748413086,4,,,,,,,,,,,,
,,6879,3.0,0.1527595818042755,0.9580666422843933,0.49463069438934326,0.4840676486492157,0.4892921447753906,5.635776042938232,70.0,0.6544917821884155,6.443027496337891,4,,,,,,,,,,,,
,,6889,3.0,0.22099021077156067,0.9387999773025513,0.5182371139526367,0.5703549385070801,0.5224050283432007,8.636630058288574,117.0,8.780977249145508,17.63859748840332,4,,,,,,,,,,,,
,,6899,3.0,0.21440646052360535,0.9717333316802979,0.4870680868625641,0.4987339973449707,0.4928320348262787,6.980693340301514,327.0,1.0260355472564697,8.221135139465332,4,,,,,,,,,,,,
,,6909,3.0,0.3798142075538635,0.9311333298683167,0.5386703610420227,0.54578697681427,0.5417588353157043,6.866559982299805,251.0,4.931422710418701,12.177797317504883,4,,,,,,,,,,,,
,,6919,3.0,0.1215696781873703,0.9706666469573975,0.4956764578819275,0.48947757482528687,0.49255749583244324,6.072423458099365,84.0,0.9319855570793152,7.125978469848633,4,,,,,,,,,,,,
,,6929,3.0,0.30407118797302246,0.9571333527565002,0.4791736304759979,0.49933916330337524,0.4890486001968384,6.545543670654297,318.0,8.35349178314209,15.203106880187988,4,,,,,,,,,,,,
,,6939,3.0,0.1425442397594452,0.9798666834831238,0.4948488175868988,0.49498215317726135,0.4949154853820801,7.069527626037598,144.0,0.404950886964798,7.61702299118042,4,,,,,,,,,,,,
,,6949,3.0,0.26692745089530945,0.9553999900817871,0.5116044878959656,0.5047224760055542,0.5045060515403748,7.486703872680664,225.0,15.384803771972656,23.13843536376953,4,,,,,,,,,,,,
,,6959,3.0,0.13321103155612946,0.9784666895866394,0.5200127959251404,0.516694188117981,0.518153965473175,7.296716690063477,107.0,0.6583402752876282,8.088268280029297,4,,,,,,,,,,,,
,,6969,3.0,0.13890373706817627,0.9769999980926514,0.4931686520576477,0.4952017366886139,0.49418309330940247,5.614024639129639,85.0,1.591658592224121,7.3445868492126465,4,,,,,,,,,,,,
,,6979,3.0,0.247593954205513,0.9333333373069763,0.510617733001709,0.5213286876678467,0.5119118690490723,6.0422539710998535,212.0,34.574737548828125,40.864585876464844,4,,,,,,,,,,,,
,,6989,3.0,0.2973838448524475,0.9562666416168213,0.48492223024368286,0.4927854835987091,0.48882225155830383,6.640255928039551,273.0,3.9734089374542236,10.911048889160156,4,,,,,,,,,,,,
,,6999,3.0,0.3187597990036011,0.9541333317756653,0.494621604681015,0.4983659088611603,0.4940081238746643,6.283511161804199,268.0,9.794394493103027,16.396665573120117,4,,,,,,,,,,,,
,,7009,3.0,0.1738450527191162,0.9692666530609131,0.4919802248477936,0.4924134612083435,0.4921967685222626,5.579650402069092,111.0,0.25537896156311035,6.00887393951416,4,,,,,,,,,,,,
,,7019,3.0,0.3082473576068878,0.9444000124931335,0.48754099011421204,0.4862625300884247,0.486897736787796,6.605062961578369,287.0,7.210598945617676,14.123908996582031,4,,,,,,,,,,,,
,,7029,3.0,0.24902217090129852,0.9614666700363159,0.49878787994384766,0.49957478046417236,0.49700066447257996,6.283348083496094,264.0,2.147944688796997,8.680315017700195,4,,,,,,,,,,,,
,,7039,3.0,0.3416444957256317,0.9407333135604858,0.4843481779098511,0.48511412739753723,0.48473086953163147,6.853727340698242,379.0,20.771900177001953,27.96727180480957,4,,,,,,,,,,,,
,,7049,3.0,0.3406241536140442,0.9459333419799805,0.48245495557785034,0.4898163378238678,0.4861077666282654,7.177105903625488,273.0,7.312837600708008,14.830568313598633,4,,,,,,,,,,,,
,,7059,3.0,0.20099756121635437,0.9521999955177307,0.49183884263038635,0.4837431311607361,0.4877574145793915,8.40769100189209,114.0,1.0887478590011597,9.697436332702637,4,,,,,,,,,,,,
,,7069,3.0,0.3905179500579834,0.9462666511535645,0.4772054851055145,0.4955313503742218,0.48619580268859863,6.556479454040527,329.0,3.74868106842041,10.6956787109375,4,,,,,,,,,,,,
,,7079,3.0,0.3190552294254303,0.9480000138282776,0.5015274882316589,0.5016909837722778,0.5015673637390137,6.76833438873291,207.0,5.158155918121338,12.245545387268066,4,,,,,,,,,,,,
,,7089,3.0,0.31276005506515503,0.9621999859809875,0.48325854539871216,0.4976896643638611,0.49036794900894165,7.138726234436035,264.0,7.01920747756958,14.470693588256836,4,,,,,,,,,,,,
,,7099,3.0,0.17710189521312714,0.9732666611671448,0.4934762120246887,0.4929763078689575,0.4932261109352112,8.033143997192383,116.0,0.048679765313863754,8.258925437927246,4,,,,,,,,,,,,
,,7109,3.0,0.25851890444755554,0.9445333480834961,0.49142059683799744,0.487509161233902,0.4893147945404053,5.747738838195801,165.0,7.154102802276611,13.160360336303711,4,,,,,,,,,,,,
,,7119,3.0,0.18480929732322693,0.9467333555221558,0.49415409564971924,0.47872841358184814,0.486318975687027,6.474627494812012,91.0,3.2191050052642822,9.878541946411133,4,,,,,,,,,,,,
,,7129,3.0,0.19906505942344666,0.9546666741371155,0.4902430772781372,0.4865783154964447,0.4884038269519806,9.459200859069824,253.0,16.33216667175293,25.990432739257812,4,,,,,,,,,,,,
,,7139,3.0,0.22281549870967865,0.9663333296775818,0.48627886176109314,0.49671030044555664,0.49143922328948975,7.081213474273682,210.0,1.7050786018371582,9.00910758972168,4,,,,,,,,,,,,
,,7149,3.0,0.16988542675971985,0.9546666741371155,0.49464595317840576,0.4823172688484192,0.4884038269519806,5.541785717010498,87.0,1.7018123865127563,7.413483619689941,4,,,,,,,,,,,,
,,7159,3.0,0.23516741394996643,0.9449333548545837,0.49695783853530884,0.4938078224658966,0.49417009949684143,6.2327752113342285,161.0,1.1590038537979126,7.626946449279785,4,,,,,,,,,,,,
,,7169,3.0,0.3786115348339081,0.9531999826431274,0.48199838399887085,0.49419328570365906,0.4880196452140808,8.295736312866211,282.0,7.848856449127197,16.523204803466797,4,,,,,,,,,,,,
,,7179,3.0,0.26668205857276917,0.9614666700363159,0.5318112373352051,0.5340547561645508,0.5328809022903442,6.520496368408203,191.0,5.271053314208984,12.058231353759766,4,,,,,,,,,,,,
,,7189,3.0,0.12987162172794342,0.9641333222389221,0.5360749959945679,0.5946815609931946,0.5498636364936829,5.525508403778076,117.0,9.587986946105957,15.243367195129395,4,,,,,,,,,,,,
,,7199,3.0,0.23612123727798462,0.9574000239372253,0.4866485893726349,0.4916130304336548,0.48911821842193604,6.725137233734131,355.0,2.0932013988494873,9.054459571838379,4,,,,,,,,,,,,
,,7209,3.0,0.20261012017726898,0.9245333075523376,0.49431338906288147,0.4847261309623718,0.48735129833221436,8.155729293823242,206.0,25.350250244140625,33.708587646484375,4,,,,,,,,,,,,
,,7219,3.0,0.2539358139038086,0.8966000080108643,0.4938260614871979,0.4754383862018585,0.4797126054763794,7.009329795837402,208.0,7.018123626708984,14.281389236450195,4,,,,,,,,,,,,
,,7229,3.0,0.28797611594200134,0.9380000233650208,0.5465103983879089,0.5845063924789429,0.558090329170227,6.73993444442749,147.0,1.724902629852295,8.752813339233398,4,,,,,,,,,,,,
,,7239,3.0,0.12006083130836487,0.9758666753768921,0.49946725368499756,0.4976319968700409,0.49663981795310974,6.291749000549316,53.0,0.09155795723199844,6.503367900848389,4,,,,,,,,,,,,
,,7249,3.0,0.17420239746570587,0.9341333508491516,0.5019801259040833,0.5125101208686829,0.4938507080078125,4.287683010101318,56.0,2.3253045082092285,6.787189960479736,4,,,,,,,,,,,,
,,7259,3.0,0.22533157467842102,0.9596666693687439,0.4909014105796814,0.4918213486671448,0.49135586619377136,7.434275150299072,214.0,1.1008501052856445,8.760457038879395,4,,,,,,,,,,,,
,,7269,3.0,0.2572331428527832,0.959933340549469,0.5247737169265747,0.5098845958709717,0.5120263695716858,6.4505414962768555,243.0,9.16153335571289,15.869308471679688,4,,,,,,,,,,,,
,,7279,3.0,0.23998665809631348,0.911466658115387,0.49851369857788086,0.491849809885025,0.48569783568382263,7.045933246612549,115.0,6.612118244171143,13.898038864135742,4,,,,,,,,,,,,
,,7289,3.0,0.2152232974767685,0.9607333540916443,0.4948168992996216,0.4952581822872162,0.49502670764923096,7.845097064971924,107.0,4.837851524353027,12.898171424865723,4,,,,,,,,,,,,
,,7299,3.0,0.29285311698913574,0.9574666619300842,0.48480960726737976,0.4935395121574402,0.48913562297821045,7.858592510223389,305.0,4.109438896179199,12.260884284973145,4,,,,,,,,,,,,
,,7309,3.0,0.19046643376350403,0.9617999792098999,0.4906475245952606,0.48988115787506104,0.49026405811309814,9.687492370605469,207.0,7.883169651031494,17.76112937927246,4,,,,,,,,,,,,
,,7319,3.0,0.35090288519859314,0.9545333385467529,0.48237988352775574,0.4945085346698761,0.4883689284324646,6.199784755706787,263.0,2.7511672973632812,9.301855087280273,4,,,,,,,,,,,,
,,7329,3.0,0.0808214619755745,0.9775999784469604,0.5153763890266418,0.5305089354515076,0.5197568535804749,6.563448429107666,85.0,1.0959609746932983,7.740231037139893,4,,,,,,,,,,,,
,,7339,3.0,0.5225467085838318,0.9390000104904175,0.5269976854324341,0.513519287109375,0.5159664154052734,7.172181606292725,341.0,1.9274057149887085,9.6221342086792,4,,,,,,,,,,,,
,,7349,3.0,0.3722256124019623,0.9417999982833862,0.493156373500824,0.48499736189842224,0.48842376470565796,6.285732746124268,248.0,1.6375775337219238,8.295536041259766,4,,,,,,,,,,,,
,,7359,3.0,0.582868218421936,0.8769999742507935,0.48696139454841614,0.46911850571632385,0.47572189569473267,7.121870517730713,321.0,3.8248791694641113,11.529617309570312,4,,,,,,,,,,,,
,,7369,3.0,0.4051598310470581,0.9354666471481323,0.5111680030822754,0.5120408535003662,0.5115604996681213,6.101144313812256,223.0,14.299138069152832,20.805442810058594,4,,,,,,,,,,,,
,,7379,3.0,0.13868975639343262,0.948199987411499,0.5627753138542175,0.6260429620742798,0.5815128684043884,7.319819450378418,159.0,27.818111419677734,35.27661895751953,4,,,,,,,,,,,,
,,7389,3.0,0.2509712874889374,0.9656000137329102,0.4868244230747223,0.49575576186180115,0.4912495017051697,8.91743278503418,295.0,2.140133857727051,11.308537483215332,4,,,,,,,,,,,,
,,7399,3.0,0.09760215133428574,0.9824000000953674,0.49929308891296387,0.4993819296360016,0.49932003021240234,6.903029441833496,97.0,0.5621482729911804,7.562779903411865,4,,,,,,,,,,,,
,,7409,3.0,0.3066096305847168,0.9453333616256714,0.5016622543334961,0.5013383626937866,0.5013031959533691,6.204642295837402,317.0,3.364389181137085,9.875640869140625,4,,,,,,,,,,,,
,,7419,3.0,0.2541258931159973,0.9488000273704529,0.4851377010345459,0.48860204219818115,0.4868637025356293,10.053955078125,237.0,12.811755180358887,23.119834899902344,4,,,,,,,,,,,,
,,7429,3.0,0.09911993891000748,0.9721333384513855,0.552558422088623,0.592896044254303,0.5663870573043823,8.247183799743652,149.0,2.244920015335083,10.59122371673584,4,,,,,,,,,,,,
,,7439,3.0,0.17849430441856384,0.978866696357727,0.49005407094955444,0.49935382604599,0.49466022849082947,7.4515509605407715,117.0,0.6073362231254578,8.237381935119629,4,,,,,,,,,,,,
,,7449,3.0,0.309232234954834,0.9363333582878113,0.48791077733039856,0.4792861044406891,0.4835599958896637,6.847355365753174,255.0,14.926370620727539,22.082958221435547,4,,,,,,,,,,,,
,,7459,3.0,0.4107339382171631,0.9524666666984558,0.48387861251831055,0.49184107780456543,0.4878273606300354,7.903480052947998,341.0,18.339763641357422,26.653976440429688,4,,,,,,,,,,,,
,,7469,3.0,0.26751503348350525,0.9451333284378052,0.49150604009628296,0.48041340708732605,0.48589643836021423,11.605976104736328,230.0,0.36217936873435974,12.235671043395996,4,,,,,,,,,,,,
,,7479,3.0,0.19511418044567108,0.9725333452224731,0.4885138273239136,0.49764618277549744,0.49303773045539856,6.93743896484375,270.0,1.8008887767791748,8.933442115783691,4,,,,,,,,,,,,
,,7489,3.0,0.2144022285938263,0.9663333296775818,0.4884418249130249,0.4944736361503601,0.49143922328948975,7.4939284324646,203.0,4.984253406524658,12.692584037780762,4,,,,,,,,,,,,
,,7499,3.0,0.06963668763637543,0.9891999959945679,0.497452050447464,0.49711874127388,0.4972853362560272,4.5458526611328125,46.0,0.29536134004592896,4.910851001739502,4,,,,,,,,,,,,
,,7509,3.0,0.2904723286628723,0.9576666951179504,0.4920501708984375,0.492590993642807,0.49231624603271484,9.28194808959961,274.0,5.690886497497559,15.263306617736816,4,,,,,,,,,,,,
,,7519,3.0,0.4078018367290497,0.9567999839782715,0.4897751808166504,0.49549445509910583,0.49202755093574524,9.56200885772705,391.0,0.6437810659408569,10.613591194152832,4,,,,,,,,,,,,
,,7529,3.0,0.24356085062026978,0.9489333629608154,0.5304372310638428,0.5196901559829712,0.5231914520263672,8.543866157531738,243.0,3.3618481159210205,12.149274826049805,4,,,,,,,,,,,,
,,7539,3.0,0.3060004413127899,0.9549999833106995,0.4833648204803467,0.4937271773815155,0.4884910583496094,7.255289554595947,324.0,9.340556144714355,16.901845932006836,4,,,,,,,,,,,,
,,7549,3.0,0.1790623813867569,0.9476000070571899,0.5031904578208923,0.5120323896408081,0.5001512765884399,6.340592384338379,89.0,0.3937051594257355,6.913360118865967,4,,,,,,,,,,,,
,,7559,3.0,0.3705058693885803,0.9452666640281677,0.47937655448913574,0.4926685094833374,0.4859316647052765,7.457396984100342,276.0,37.52013397216797,45.34803771972656,4,,,,,,,,,,,,
,,7569,3.0,0.14660662412643433,0.9608666896820068,0.4930892884731293,0.4869914948940277,0.49002140760421753,13.250471115112305,165.0,9.396416664123535,22.793495178222656,4,,,,,,,,,,,,
,,7579,3.0,0.433604896068573,0.9385333061218262,0.5077481865882874,0.5033468008041382,0.5019099712371826,13.617526054382324,350.0,17.537778854370117,31.588909149169922,4,,,,,,,,,,,,
,,7589,3.0,0.36147478222846985,0.9493333101272583,0.48114609718322754,0.49300649762153625,0.4870041012763977,9.036983489990234,280.0,5.2396721839904785,14.638130187988281,4,,,,,,,,,,,,
,,7599,3.0,0.22108766436576843,0.9397333264350891,0.49970129132270813,0.4994858503341675,0.4984298050403595,8.536020278930664,212.0,11.257806777954102,20.014915466308594,4,,,,,,,,,,,,
,,7609,3.0,0.34391412138938904,0.9405999779701233,0.4799306094646454,0.48955586552619934,0.4846954643726349,8.921438217163086,307.0,10.517024993896484,19.782377243041992,4,,,,,,,,,,,,
,,7619,3.0,0.1671946942806244,0.944266676902771,0.49451854825019836,0.4771272540092468,0.48566725850105286,6.454887390136719,89.0,7.103160858154297,13.725242614746094,4,,,,,,,,,,,,
,,7629,3.0,0.26087868213653564,0.9631333351135254,0.48483118414878845,0.4965287446975708,0.4906102418899536,10.383055686950684,313.0,2.6614694595336914,13.305403709411621,4,,,,,,,,,,,,
,,7639,3.0,0.40603315830230713,0.9509333372116089,0.5255276560783386,0.508647620677948,0.5094881057739258,14.439456939697266,350.0,1.7761201858520508,16.621610641479492,4,,,,,,,,,,,,
,,7649,3.0,0.1591411978006363,0.9459333419799805,0.49584147334098816,0.47674888372421265,0.4861077666282654,5.5862298011779785,62.0,0.6209067702293396,6.366277694702148,4,,,,,,,,,,,,
,,7659,3.0,0.3026597797870636,0.9682000279426575,0.4885293245315552,0.49536120891571045,0.4919215440750122,13.113452911376953,288.0,2.113863229751587,15.529975891113281,4,,,,,,,,,,,,
,,7669,3.0,0.5750334858894348,0.9469333291053772,0.48501670360565186,0.4989493787288666,0.487623929977417,12.830208778381348,353.0,1.1943525075912476,14.599594116210938,4,,,,,,,,,,,,
,,7679,3.0,0.2311825007200241,0.9617999792098999,0.48972514271736145,0.49474164843559265,0.4920025169849396,7.673285007476807,166.0,10.65080451965332,18.55527114868164,4,,,,,,,,,,,,
,,7689,3.0,0.20013360679149628,0.9517999887466431,0.4903826415538788,0.484952449798584,0.48765242099761963,7.883193492889404,107.0,5.556174278259277,13.639501571655273,4,,,,,,,,,,,,
,,7699,3.0,0.11674574017524719,0.970466673374176,0.5232290625572205,0.5079775452613831,0.5099311470985413,5.779607772827148,225.0,15.868362426757812,21.76471710205078,4,,,,,,,,,,,,
,,7709,3.0,0.12405222654342651,0.9729999899864197,0.4963369369506836,0.49501651525497437,0.4956141710281372,7.639404296875,94.0,1.688886284828186,9.452342987060547,4,,,,,,,,,,,,
,,7719,3.0,0.10514649748802185,0.964733362197876,0.5078238248825073,0.5249744653701782,0.5092338919639587,4.442625999450684,99.0,1.5658382177352905,6.113610744476318,4,,,,,,,,,,,,
,,7729,3.0,0.16200539469718933,0.9493333101272583,0.49351075291633606,0.48386093974113464,0.48831555247306824,6.2066450119018555,128.0,2.7082018852233887,9.076852798461914,4,,,,,,,,,,,,
,,7739,3.0,0.2040248066186905,0.9483333230018616,0.49323856830596924,0.4804120361804962,0.4867407977581024,7.901673793792725,145.0,1.2417248487472534,9.347423553466797,4,,,,,,,,,,,,
,,7749,3.0,0.6276693344116211,0.8842666745185852,0.4754830002784729,0.46442413330078125,0.46986275911331177,9.917197227478027,287.0,23.795095443725586,34.339962005615234,4,,,,,,,,,,,,
,,7759,3.0,0.10702718049287796,0.9829999804496765,0.49459949135780334,0.4968326687812805,0.49571356177330017,5.301148891448975,75.0,1.3979569673538208,6.806132793426514,4,,,,,,,,,,,,
,,7769,3.0,0.0898161232471466,0.9642666578292847,0.4981745481491089,0.4838429093360901,0.49090415239334106,6.009796619415283,35.0,0.08311092108488083,6.182723522186279,4,,,,,,,,,,,,
,,7779,3.0,0.14504289627075195,0.9463333487510681,0.4982450008392334,0.4747491776943207,0.4862133860588074,7.271129608154297,44.0,0.15610019862651825,7.572272777557373,4,,,,,,,,,,,,
,,7789,3.0,0.18861481547355652,0.9689333438873291,0.4960613250732422,0.496753454208374,0.4963650405406952,9.390524864196777,191.0,1.3876782655715942,10.966817855834961,4,,,,,,,,,,,,
,,7799,3.0,0.38577136397361755,0.9419333338737488,0.48383671045303345,0.48626789450645447,0.4850492775440216,7.609589099884033,294.0,8.949819564819336,16.945178985595703,4,,,,,,,,,,,,
,,7809,3.0,0.2734125256538391,0.9657333493232727,0.48506563901901245,0.4976638853549957,0.49128401279449463,11.406365394592285,208.0,2.198922872543335,13.878701210021973,4,,,,,,,,,,,,
,,7819,3.0,0.348046213388443,0.9565333127975464,0.5249877572059631,0.5029075145721436,0.49792352318763733,11.236021995544434,312.0,7.555431842803955,19.13949966430664,4,,,,,,,,,,,,
,,7829,3.0,0.12242767214775085,0.9703999757766724,0.49516940116882324,0.489837110042572,0.492488831281662,6.910275936126709,61.0,0.24923759698867798,7.281940937042236,4,,,,,,,,,,,,
,,7839,3.0,0.18159911036491394,0.9720666408538818,0.48982128500938416,0.4960536062717438,0.4929177463054657,7.892605304718018,213.0,0.9292531609535217,9.003458023071289,4,,,,,,,,,,,,
,,7849,3.0,0.2589435875415802,0.928933322429657,0.49054959416389465,0.4752611219882965,0.48251381516456604,7.572122573852539,196.0,2.2072715759277344,10.038337707519531,4,,,,,,,,,,,,
,,7859,3.0,0.158943772315979,0.9345999956130981,0.5007041096687317,0.5035833120346069,0.4930756390094757,4.5285749435424805,75.0,0.6994702816009521,5.386988639831543,4,,,,,,,,,,,,
,,7869,3.0,0.21009722352027893,0.9618666768074036,0.48733365535736084,0.49326494336128235,0.4902813732624054,7.238685131072998,166.0,3.3615386486053467,10.810320854187012,4,,,,,,,,,,,,
,,7879,3.0,0.1486147940158844,0.9678000211715698,0.49173498153686523,0.49190160632133484,0.49181827902793884,5.837485313415527,135.0,2.217851161956787,8.203950881958008,4,,,,,,,,,,,,
,,7889,3.0,0.161917045712471,0.968999981880188,0.505245566368103,0.5026676058769226,0.5026516318321228,7.285891532897949,176.0,11.98304271697998,19.430850982666016,4,,,,,,,,,,,,
,,7899,3.0,0.21384862065315247,0.9751999974250793,0.48929622769355774,0.49822887778282166,0.493722140789032,11.597742080688477,242.0,2.12469744682312,13.936288833618164,4,,,,,,,,,,,,
,,7909,3.0,0.1867668628692627,0.9516000151634216,0.49294912815093994,0.4854666292667389,0.4889726936817169,8.388555526733398,134.0,0.4600459635257721,9.035367965698242,4,,,,,,,,,,,,
,,7919,3.0,0.1752799153327942,0.964733362197876,0.5773745775222778,0.534907341003418,0.546467125415802,6.492873668670654,206.0,10.232513427734375,16.900667190551758,4,,,,,,,,,,,,
,,7929,3.0,0.15940824151039124,0.9764666557312012,0.498958021402359,0.4998016059398651,0.49686312675476074,6.323750972747803,148.0,24.6759033203125,31.159061431884766,4,,,,,,,,,,,,
,,7939,3.0,0.35206836462020874,0.9470666646957397,0.4877094328403473,0.4851113259792328,0.4864068925380707,9.872220039367676,285.0,7.906040191650391,18.130329132080078,4,,,,,,,,,,,,
,,7949,3.0,0.1566447913646698,0.9769999980926514,0.49069175124168396,0.4977245032787323,0.49418309330940247,6.342087268829346,160.0,14.757088661193848,21.255821228027344,4,,,,,,,,,,,,
,,7959,3.0,0.26025840640068054,0.966866672039032,0.4914795756340027,0.4968861937522888,0.49358054995536804,8.67647933959961,213.0,3.6764943599700928,12.613232612609863,4,,,,,,,,,,,,
,,7969,3.0,0.35791394114494324,0.8876000046730042,0.4813920259475708,0.4609041213989258,0.47081705927848816,6.885456085205078,193.0,12.782644271850586,20.02601432800293,4,,,,,,,,,,,,
,,7979,3.0,0.2222118228673935,0.9416000247001648,0.5123757719993591,0.5174016952514648,0.5139651894569397,6.411216735839844,150.0,2.8788211345672607,9.512249946594238,4,,,,,,,,,,,,
,,7989,3.0,0.09749677032232285,0.9863333106040955,0.49504783749580383,0.4980810582637787,0.49655982851982117,6.326035022735596,66.0,0.07931219786405563,6.502844333648682,4,,,,,,,,,,,,
,,7999,3.0,0.07074177265167236,0.9747999906539917,0.49849992990493774,0.4888339042663574,0.4936196208000183,8.398560523986816,22.0,0.023866338655352592,8.493168830871582,4,,,,,,,,,,,,
,,8009,3.0,0.5547174215316772,0.9300666451454163,0.4719234108924866,0.49227240681648254,0.48188316822052,10.792535781860352,373.0,5.991286277770996,17.338539123535156,4,,,,,,,,,,,,
,,8019,3.0,0.4141921401023865,0.9392666816711426,0.4809045195579529,0.49035894870758057,0.4854353666305542,8.527441024780273,342.0,2.5725855827331543,11.514219284057617,4,,,,,,,,,,,,
,,8029,3.0,0.3256071209907532,0.9678666591644287,0.48506516218185425,0.4987975060939789,0.49183550477027893,7.326960563659668,247.0,2.2514190673828125,9.903986930847168,4,,,,,,,,,,,,
,,8039,3.0,0.22715677320957184,0.9700000286102295,0.489602267742157,0.49520114064216614,0.49238577485084534,8.401017189025879,251.0,1.395247220993042,10.023421287536621,4,,,,,,,,,,,,
,,8049,3.0,0.1739431470632553,0.9743333458900452,0.49116143584251404,0.495860755443573,0.49349990487098694,7.446745872497559,140.0,7.829547882080078,15.450237274169922,4,,,,,,,,,,,,
,,8059,3.0,0.10978790372610092,0.9832666516304016,0.49370691180229187,0.49787333607673645,0.4957813620567322,8.319223403930664,114.0,0.029599899426102638,8.458611488342285,4,,,,,,,,,,,,
,,8069,3.0,0.09627476334571838,0.9746000170707703,0.4900442361831665,0.4971434473991394,0.4935683310031891,6.895510196685791,195.0,10.70936107635498,17.70114517211914,4,,,,,,,,,,,,
,,8079,3.0,0.07936913520097733,0.9876000285148621,0.4955177903175354,0.4982510507106781,0.4968806505203247,5.478503704071045,77.0,1.9613741636276245,7.519247055053711,4,,,,,,,,,,,,
,,8089,3.0,0.14534708857536316,0.9747999906539917,0.49229007959365845,0.4949563443660736,0.4936196208000183,7.188337326049805,208.0,3.52577805519104,10.85946273803711,4,,,,,,,,,,,,
,,8099,3.0,0.17257262766361237,0.9620000123977661,0.49245786666870117,0.48819270730018616,0.4903160035610199,7.496542930603027,109.0,0.6515717506408691,8.320687294006348,4,,,,,,,,,,,,
,,8109,3.0,0.11167514324188232,0.977733314037323,0.5678697824478149,0.5070937275886536,0.5089036226272583,6.667690277099609,150.0,7.638583183288574,14.417948722839355,4,,,,,,,,,,,,
,,8119,3.0,0.41794338822364807,0.9455999732017517,0.4800974726676941,0.4920899271965027,0.48601973056793213,9.957094192504883,374.0,3.322115421295166,13.697153091430664,4,,,,,,,,,,,,
,,8129,3.0,0.43284162878990173,0.942466676235199,0.47721442580223083,0.4934380352497101,0.48519065976142883,10.06963062286377,397.0,4.5315704345703125,15.034042358398438,4,,,,,,,,,,,,
,,8139,3.0,0.13224565982818604,0.9758666753768921,0.49529674649238586,0.49249714612960815,0.49389296770095825,8.161602020263672,106.0,1.8086163997650146,10.10246467590332,4,,,,,,,,,,,,
,,8149,3.0,0.12757228314876556,0.9852666854858398,0.49348869919776917,0.49912190437316895,0.49628934264183044,7.317260265350342,101.0,0.16426417231559753,7.609096527099609,4,,,,,,,,,,,,
,,8159,3.0,0.24881011247634888,0.9672666788101196,0.48825547099113464,0.49515390396118164,0.4916805028915405,11.063767433166504,282.0,12.513742446899414,23.82632064819336,4,,,,,,,,,,,,
,,8169,3.0,0.23336179554462433,0.9674666523933411,0.4900384843349457,0.49343761801719666,0.4917321801185608,7.740593433380127,234.0,2.641123056411743,10.61507797241211,4,,,,,,,,,,,,
,,8179,3.0,0.4088975191116333,0.9545333385467529,0.4783509373664856,0.49881550669670105,0.4883689284324646,9.51987075805664,354.0,5.621713161468506,15.550481796264648,4,,,,,,,,,,,,
,,8189,3.0,0.06055552884936333,0.9859333038330078,0.5616059303283691,0.5342424511909485,0.5436661243438721,7.049633979797363,87.0,0.41594842076301575,7.526137828826904,4,,,,,,,,,,,,
,,8199,3.0,0.20770972967147827,0.9657999873161316,0.4874495267868042,0.4952143430709839,0.4913012385368347,14.230599403381348,238.0,0.028182363137602806,14.466490745544434,4,,,,,,,,,,,,
,,8209,3.0,0.028151532635092735,0.9944666624069214,0.7247042059898376,0.5302866697311401,0.5523757934570312,4.5594000816345215,37.0,0.06921613216400146,4.656767845153809,4,,,,,,,,,,,,
,,8219,3.0,0.11757859587669373,0.9832666516304016,0.4920926094055176,0.49952584505081177,0.4957813620567322,6.196875095367432,161.0,0.7491734623908997,7.063627243041992,4,,,,,,,,,,,,
,,8229,3.0,0.0895918607711792,0.9810666441917419,0.5092744827270508,0.501022219657898,0.49871760606765747,7.411998748779297,152.0,2.7200875282287598,10.221677780151367,4,,,,,,,,,,,,
,,8239,3.0,0.4713490605354309,0.9518666863441467,0.4777807593345642,0.4979771077632904,0.4876699149608612,7.842794895172119,249.0,4.754660129547119,13.068803787231445,4,,,,,,,,,,,,
,,8249,3.0,0.3038562834262848,0.966866672039032,0.4857650101184845,0.4975300133228302,0.4915771186351776,7.809471607208252,345.0,4.045898914337158,12.15922737121582,4,,,,,,,,,,,,
,,8254,,,,,,,,,,,4,0.21815887093544006,0.9645940065383911,0.4907792806625366,0.49273547530174255,0.49104514718055725,6.043570041656494,202.03622436523438,23.819660186767578,6.261728763580322,0.03474805876612663,0.03474805876612663,0.034748006612062454
9.939057285945933e-05,0.0009939057285945933,8255,,,,,,,,,,,,,,,,,,,,,,,
,,8259,3.0,0.3989631235599518,0.9360666871070862,0.4804382026195526,0.48888659477233887,0.4845283031463623,11.345187187194824,266.0,4.729058742523193,16.473209381103516,5,,,,,,,,,,,,
,,8269,3.0,0.1547461748123169,0.9693999886512756,0.4924478530883789,0.492014616727829,0.4922311305999756,8.165210723876953,155.0,2.5765929222106934,10.896549224853516,5,,,,,,,,,,,,
,,8279,3.0,0.0952911525964737,0.979200005531311,0.49447885155677795,0.4950121343135834,0.4947453439235687,7.428652763366699,89.0,0.1938827931880951,7.717826843261719,5,,,,,,,,,,,,
,,8289,3.0,0.24724413454532623,0.9606000185012817,0.4899687170982361,0.48993539810180664,0.48995205760002136,11.23716926574707,184.0,8.965129852294922,20.449542999267578,5,,,,,,,,,,,,
,,8299,3.0,0.0303505826741457,0.9913333058357239,0.4990267753601074,0.4966268241405487,0.49782389402389526,5.623239517211914,16.0,0.012565637938678265,5.666155815124512,5,,,,,,,,,,,,
,,8309,3.0,0.2397264540195465,0.9709333181381226,0.48666712641716003,0.49873295426368713,0.4926261603832245,6.55756950378418,210.0,1.873295783996582,8.670591354370117,5,,,,,,,,,,,,
,,8319,3.0,0.30904752016067505,0.9636666774749756,0.4861437976360321,0.4954414665699005,0.4907486140727997,9.989692687988281,253.0,0.9977194666862488,11.296460151672363,5,,,,,,,,,,,,
,,8329,3.0,0.08304908126592636,0.9793333411216736,0.4960826635360718,0.49348294734954834,0.4947793781757355,11.074570655822754,78.0,0.02237677201628685,11.179996490478516,5,,,,,,,,,,,,
,,8339,3.0,0.1596282571554184,0.9787999987602234,0.6714439392089844,0.5061109066009521,0.5069116950035095,7.775359630584717,211.0,7.218239784240723,15.153227806091309,5,,,,,,,,,,,,
,,8349,3.0,0.08394209295511246,0.9796000123023987,0.6132868528366089,0.6272411942481995,0.6198296546936035,6.898656368255615,124.0,0.4886772930622101,7.471275806427002,5,,,,,,,,,,,,
,,8359,3.0,0.2812406122684479,0.9566666483879089,0.4893936216831207,0.4884607493877411,0.4889267385005951,9.9093599319458,220.0,0.8869585394859314,11.077558517456055,5,,,,,,,,,,,,
,,8369,3.0,0.11045942455530167,0.9829333424568176,0.4932093322277069,0.4982090890407562,0.4956966042518616,8.76163101196289,149.0,2.517991065979004,11.390081405639648,5,,,,,,,,,,,,
,,8379,3.0,0.15390978753566742,0.9709333181381226,0.537117600440979,0.5240454077720642,0.5287878513336182,7.671272277832031,201.0,0.4122043251991272,8.237386703491211,5,,,,,,,,,,,,
,,8389,3.0,0.15989646315574646,0.9670000076293945,0.610378623008728,0.5684847831726074,0.5838366150856018,7.568402290344238,245.0,4.142292499542236,11.870591163635254,5,,,,,,,,,,,,
,,8399,3.0,0.16670092940330505,0.9661999940872192,0.5336782336235046,0.5014163255691528,0.4953174591064453,7.511939525604248,254.0,1.8596631288528442,9.53830337524414,5,,,,,,,,,,,,
,,8409,3.0,0.2407441884279251,0.9535333514213562,0.47839319705963135,0.4982234835624695,0.48810702562332153,9.042101860046387,411.0,0.6976730227470398,9.98051929473877,5,,,,,,,,,,,,
,,8419,3.0,0.11501692235469818,0.9684000015258789,0.4919065237045288,0.49203982949256897,0.4919731616973877,6.751577377319336,172.0,1.6573636531829834,8.523958206176758,5,,,,,,,,,,,,
,,8429,3.0,0.08952594548463821,0.9836666584014893,0.5691162943840027,0.5038647651672363,0.5039145946502686,7.758907318115234,176.0,2.4335854053497314,10.282018661499023,5,,,,,,,,,,,,
,,8439,3.0,0.10549640655517578,0.9727333188056946,0.4930391311645508,0.4931391179561615,0.49308910965919495,7.036047458648682,102.0,1.462632656097412,8.60417652130127,5,,,,,,,,,,,,
,,8449,3.0,0.11387360841035843,0.979200005531311,0.5148600935935974,0.5057803392410278,0.5072439312934875,8.037652015686035,153.0,3.037579298019409,11.189105033874512,5,,,,,,,,,,,,
,,8459,3.0,0.20216891169548035,0.9593999981880188,0.5057308673858643,0.5021577477455139,0.5008707046508789,10.53024959564209,278.0,1.4983091354370117,12.230727195739746,5,,,,,,,,,,,,
,,8469,3.0,0.2960410714149475,0.9513333439826965,0.47773686051368713,0.49773281812667847,0.4875299036502838,7.4405293464660645,349.0,2.0913524627685547,9.827922821044922,5,,,,,,,,,,,,
,,8479,3.0,0.31287723779678345,0.9200666546821594,0.604487419128418,0.5645987391471863,0.577965259552002,8.009123802185059,546.0,10.068366050720215,18.39036750793457,5,,,,,,,,,,,,
,,8489,3.0,0.13786549866199493,0.9692000150680542,0.5603699684143066,0.5176177024841309,0.524559736251831,7.141830921173096,205.0,7.444188117980957,14.723884582519531,5,,,,,,,,,,,,
,,8499,3.0,0.2944236099720001,0.9368000030517578,0.5045230984687805,0.5037171840667725,0.5039048194885254,8.836925506591797,352.0,2.2141268253326416,11.345476150512695,5,,,,,,,,,,,,
,,8509,3.0,0.06301701068878174,0.9847333431243896,0.5187286138534546,0.5242075324058533,0.5210487246513367,9.204249382019043,59.0,0.01755085028707981,9.28481674194336,5,,,,,,,,,,,,
,,8519,3.0,0.15142197906970978,0.9524666666984558,0.48961618542671204,0.4860515892505646,0.4878273606300354,6.97491455078125,238.0,4.9916534423828125,12.117990493774414,5,,,,,,,,,,,,
,,8529,3.0,0.16285276412963867,0.9664666652679443,0.5117200016975403,0.5046831369400024,0.5050092935562134,7.901124954223633,266.0,10.736276626586914,18.800254821777344,5,,,,,,,,,,,,
,,8539,3.0,0.14579196274280548,0.9700666666030884,0.4911232590675354,0.4936893582344055,0.49240297079086304,11.739114761352539,200.0,0.016702845692634583,11.901609420776367,5,,,,,,,,,,,,
,,8549,3.0,0.07321847975254059,0.9799333214759827,0.4963530898094177,0.49352002143859863,0.49493250250816345,7.654755592346191,66.0,0.3385610580444336,8.066534996032715,5,,,,,,,,,,,,
,,8559,3.0,0.2707643508911133,0.9278666377067566,0.48065996170043945,0.4904487431049347,0.4849565029144287,7.330599784851074,301.0,4.082773685455322,11.684137344360352,5,,,,,,,,,,,,
,,8569,3.0,0.18435558676719666,0.9309333562850952,0.5090968012809753,0.5267179608345032,0.5085880756378174,10.12844181060791,201.0,1.7933098077774048,12.106107711791992,5,,,,,,,,,,,,
,,8579,3.0,0.10029321908950806,0.9740666747093201,0.6093435287475586,0.571001410484314,0.5856550931930542,9.390209197998047,222.0,0.15202733874320984,9.642529487609863,5,,,,,,,,,,,,
,,8589,3.0,0.06583248823881149,0.9819333553314209,0.5588773488998413,0.5734233856201172,0.5652766823768616,4.968080997467041,73.0,1.0282543897628784,6.062168121337891,5,,,,,,,,,,,,
,,8599,3.0,0.1552298367023468,0.9538666605949402,0.5035088062286377,0.505802571773529,0.5035916566848755,6.150030136108398,116.0,3.8200056552886963,10.125266075134277,5,,,,,,,,,,,,
,,8609,3.0,0.1444934904575348,0.9684000015258789,0.4913408160209656,0.4926071763038635,0.4919731616973877,7.525643348693848,103.0,0.43486684560775757,8.105003356933594,5,,,,,,,,,,,,
,,8619,3.0,0.10954676568508148,0.9682000279426575,0.5111675262451172,0.5093346834182739,0.5100984573364258,7.936976432800293,107.0,1.14321768283844,9.189741134643555,5,,,,,,,,,,,,
,,8629,3.0,0.2490597367286682,0.9416000247001648,0.5161945223808289,0.5095878839492798,0.5109100341796875,9.868789672851562,348.0,0.4705559015274048,10.58840560913086,5,,,,,,,,,,,,
,,8639,3.0,0.21429435908794403,0.9419999718666077,0.49092134833335876,0.4863947033882141,0.48848849534988403,6.987513065338135,175.0,1.9957188367843628,9.197525978088379,5,,,,,,,,,,,,
,,8649,3.0,0.2777840197086334,0.9430000185966492,0.5079990029335022,0.5034484267234802,0.502265989780426,8.170778274536133,350.0,1.8306703567504883,10.2792329788208,5,,,,,,,,,,,,
,,8659,3.0,0.2950938045978546,0.9465333223342896,0.5635020136833191,0.5218137502670288,0.5284687280654907,8.763862609863281,357.0,1.3562461137771606,10.415202140808105,5,,,,,,,,,,,,
,,8669,3.0,0.056015998125076294,0.9919999837875366,0.5073073506355286,0.5054348707199097,0.5061885714530945,5.090860366821289,45.0,0.2599126994609833,5.4067888259887695,5,,,,,,,,,,,,
,,8679,3.0,0.15118345618247986,0.9679333567619324,0.4891516864299774,0.49458372592926025,0.49185270071029663,7.276575088500977,190.0,3.4860358238220215,10.91379451751709,5,,,,,,,,,,,,
,,8689,3.0,0.17713457345962524,0.9640666842460632,0.5564104318618774,0.5163440704345703,0.5221454501152039,10.140630722045898,397.0,3.797337055206299,14.115102767944336,5,,,,,,,,,,,,
,,8699,3.0,0.08588366955518723,0.9783333539962769,0.5333192348480225,0.5133777260780334,0.5179814696311951,6.068203926086426,174.0,0.47519925236701965,6.629286766052246,5,,,,,,,,,,,,
,,8709,3.0,0.06740369647741318,0.9821333289146423,0.5179970264434814,0.53730708360672,0.5236596465110779,6.402602672576904,53.0,0.02231188863515854,6.492318153381348,5,,,,,,,,,,,,
,,8719,3.0,0.09237993508577347,0.9787999987602234,0.49255234003067017,0.49675193428993225,0.4946432113647461,6.821438312530518,178.0,3.8493876457214355,10.763206481933594,5,,,,,,,,,,,,
,,8729,3.0,0.060318972915410995,0.986466646194458,0.575118362903595,0.5757392644882202,0.5754274725914001,6.609545707702637,73.0,0.05430501699447632,6.724169731140137,5,,,,,,,,,,,,
,,8739,3.0,0.12876367568969727,0.9675333499908447,0.4930357336997986,0.490469753742218,0.4917494058609009,7.77402925491333,120.0,0.07220534235239029,7.974998474121094,5,,,,,,,,,,,,
,,8749,3.0,0.06753326952457428,0.9839333295822144,0.54671311378479,0.5370056629180908,0.5412305593490601,9.008747100830078,117.0,0.054005857557058334,9.13028621673584,5,,,,,,,,,,,,
,,8759,3.0,0.15940901637077332,0.9720666408538818,0.54795902967453,0.5115580558776855,0.5156919956207275,8.9680814743042,216.0,1.4421119689941406,10.569602012634277,5,,,,,,,,,,,,
,,8769,3.0,0.09555258601903915,0.9764666557312012,0.53423011302948,0.5136595368385315,0.5183017253875732,6.4176154136657715,106.0,0.3195580840110779,6.832726001739502,5,,,,,,,,,,,,
,,8779,3.0,0.16560153663158417,0.9479333162307739,0.48963499069213867,0.4836723506450653,0.4866354167461395,7.784019947052002,214.0,1.6775777339935303,9.627199172973633,5,,,,,,,,,,,,
,,8789,3.0,0.1170816719532013,0.974133312702179,0.4916885495185852,0.4952213168144226,0.4934486150741577,8.111679077148438,147.0,1.350378155708313,9.57913875579834,5,,,,,,,,,,,,
,,8799,3.0,0.14694377779960632,0.9744666814804077,0.48945218324661255,0.4976847171783447,0.493534117937088,6.006476879119873,135.0,1.9163281917572021,8.069748878479004,5,,,,,,,,,,,,
,,8809,3.0,0.14938001334667206,0.9815999865531921,0.5016636848449707,0.500415027141571,0.49895408749580383,9.383482933044434,205.0,0.4630337655544281,9.995896339416504,5,,,,,,,,,,,,
,,8819,3.0,0.24698619544506073,0.9552000164985657,0.4876112937927246,0.4926997125148773,0.4900262653827667,10.157306671142578,330.0,1.130677342414856,11.5349702835083,5,,,,,,,,,,,,
,,8829,3.0,0.2949940860271454,0.9489333629608154,0.4828130602836609,0.49496889114379883,0.48820000886917114,8.478395462036133,312.0,1.95550537109375,10.72889518737793,5,,,,,,,,,,,,
,,8839,3.0,0.15888206660747528,0.9705333113670349,0.5101327896118164,0.5036325454711914,0.5035825967788696,5.768822193145752,172.0,11.105504989624023,17.0332088470459,5,,,,,,,,,,,,
,,8849,3.0,0.25289055705070496,0.9480000138282776,0.5591498017311096,0.5205490589141846,0.5267161726951599,8.123727798461914,318.0,2.878983497619629,11.25560188293457,5,,,,,,,,,,,,
,,8859,3.0,0.12198606878519058,0.9667333364486694,0.4928959906101227,0.49019673466682434,0.49154266715049744,9.110650062561035,108.0,0.37149930000305176,9.604135513305664,5,,,,,,,,,,,,
,,8869,3.0,0.263579398393631,0.9382666945457458,0.4777000844478607,0.4906226098537445,0.484075129032135,8.350196838378906,394.0,13.77795124053955,22.391727447509766,5,,,,,,,,,,,,
,,8879,3.0,0.11026760935783386,0.9691333174705505,0.4920124411582947,0.49231237173080444,0.4921623766422272,6.713293552398682,94.0,0.9391095042228699,7.762670516967773,5,,,,,,,,,,,,
,,8889,3.0,0.14355047047138214,0.9628000259399414,0.5499235987663269,0.5231549739837646,0.5301122069358826,6.743183612823486,288.0,4.97257137298584,11.859305381774902,5,,,,,,,,,,,,
,,8899,3.0,0.1366889774799347,0.9681333303451538,0.4894506335258484,0.4943827986717224,0.4919043481349945,7.870187282562256,294.0,5.2094035148620605,13.216279983520508,5,,,,,,,,,,,,
,,8909,3.0,0.2525123655796051,0.9576666951179504,0.4865533113479614,0.49185100197792053,0.4891878068447113,8.250897407531738,332.0,8.25217056274414,16.75558090209961,5,,,,,,,,,,,,
,,8919,3.0,0.4125064015388489,0.9240000247955322,0.493423730134964,0.49811646342277527,0.49054232239723206,10.220439910888672,447.0,1.2053451538085938,11.83829116821289,5,,,,,,,,,,,,
,,8929,3.0,0.18716400861740112,0.958466649055481,0.49028098583221436,0.48851510882377625,0.48939645290374756,8.67050838470459,211.0,0.571524441242218,9.429197311401367,5,,,,,,,,,,,,
,,8939,3.0,0.20936860144138336,0.9571333527565002,0.496847927570343,0.49835312366485596,0.49670183658599854,7.876718997955322,216.0,0.8699398040771484,8.956027030944824,5,,,,,,,,,,,,
,,8949,3.0,0.1438663899898529,0.9593333601951599,0.5337082147598267,0.5106513500213623,0.5130492448806763,9.312724113464355,412.0,1.129226803779602,10.585817337036133,5,,,,,,,,,,,,
,,8959,3.0,0.06722870469093323,0.9825999736785889,0.49770379066467285,0.49353736639022827,0.4956118166446686,7.151967525482178,35.0,0.0177101232111454,7.2369065284729,5,,,,,,,,,,,,
,,8969,3.0,0.2773785889148712,0.9218000173568726,0.5157473087310791,0.5118215084075928,0.5130079388618469,8.942802429199219,417.0,3.243635892868042,12.463817596435547,5,,,,,,,,,,,,
,,8979,3.0,0.057609956711530685,0.9892666935920715,0.656879186630249,0.6257143020629883,0.6395186185836792,5.845742702484131,55.0,0.29606911540031433,6.1994218826293945,5,,,,,,,,,,,,
,,8989,3.0,0.1816251575946808,0.9583333134651184,0.48811545968055725,0.4906143248081207,0.4893617033958435,11.870858192443848,318.0,0.011003702878952026,12.06348705291748,5,,,,,,,,,,,,
,,8999,3.0,0.2017839252948761,0.9539999961853027,0.509964644908905,0.5029875040054321,0.5009338855743408,10.191655158996582,399.0,1.4608286619186401,11.854268074035645,5,,,,,,,,,,,,
,,9009,3.0,0.08145038783550262,0.9811999797821045,0.49900349974632263,0.49951159954071045,0.4987761974334717,7.364543914794922,112.0,1.0120998620986938,8.458094596862793,5,,,,,,,,,,,,
,,9019,3.0,0.14949126541614532,0.967199981212616,0.5313858389854431,0.5145201086997986,0.5185784101486206,8.918489456176758,186.0,7.492372035980225,16.560352325439453,5,,,,,,,,,,,,
,,9029,3.0,0.137666717171669,0.9714666604995728,0.5125067234039307,0.5072242021560669,0.5085971355438232,8.703213691711426,242.0,1.790135145187378,10.63101577758789,5,,,,,,,,,,,,
,,9039,3.0,0.19178976118564606,0.9337999820709229,0.5175566077232361,0.5329481959342957,0.5209744572639465,6.992928504943848,248.0,6.669244289398193,13.853961944580078,5,,,,,,,,,,,,
,,9049,3.0,0.09506995975971222,0.9746000170707703,0.4990704655647278,0.4987257421016693,0.49876224994659424,7.807451248168945,102.0,0.28473609685897827,8.187256813049316,5,,,,,,,,,,,,
,,9059,3.0,0.1614309847354889,0.9610000252723694,0.48673015832901,0.4934278130531311,0.4900560975074768,6.443641185760498,253.0,2.5977931022644043,9.202865600585938,5,,,,,,,,,,,,
,,9069,3.0,0.12975189089775085,0.9760000109672546,0.49035370349884033,0.4975530207157135,0.49392712116241455,5.846953392028809,124.0,4.644991874694824,10.621696472167969,5,,,,,,,,,,,,
,,9079,3.0,0.27860334515571594,0.9311333298683167,0.4825237989425659,0.48374930024147034,0.48313432931900024,9.537714958190918,327.0,0.1868990808725357,10.003217697143555,5,,,,,,,,,,,,
,,9089,3.0,0.17162686586380005,0.9618666768074036,0.5529999732971191,0.5478416681289673,0.550255537033081,7.523437976837158,263.0,0.8353851437568665,8.530449867248535,5,,,,,,,,,,,,
,,9099,3.0,0.1660461276769638,0.9548666477203369,0.5109834671020508,0.5073505640029907,0.5083032846450806,8.042258262634277,277.0,6.353189468383789,14.561493873596191,5,,,,,,,,,,,,
,,9109,3.0,0.46038421988487244,0.9349333047866821,0.49846675992012024,0.4998411238193512,0.4882515072822571,12.113582611083984,652.0,5.292709827423096,17.866676330566406,5,,,,,,,,,,,,
,,9119,3.0,0.16667486727237701,0.9669333100318909,0.4864502251148224,0.496848464012146,0.4915943741798401,6.45006799697876,229.0,4.672761917114258,11.289505004882812,5,,,,,,,,,,,,
,,9129,3.0,0.16604052484035492,0.9498666524887085,0.5039154291152954,0.5037806034088135,0.5038425326347351,7.791150093078613,190.0,4.1702165603637695,12.12740707397461,5,,,,,,,,,,,,
,,9139,3.0,0.15659236907958984,0.9576666951179504,0.49020740389823914,0.4955938756465912,0.49231624603271484,9.25634765625,339.0,0.461658775806427,9.874598503112793,5,,,,,,,,,,,,
,,9149,3.0,0.15224549174308777,0.9602000117301941,0.5576469898223877,0.522394597530365,0.5298916101455688,12.15656566619873,328.0,0.24141015112400055,12.55022144317627,5,,,,,,,,,,,,
,,9159,3.0,0.12701059877872467,0.9684000015258789,0.5007185339927673,0.5004871487617493,0.5002697706222534,7.06285285949707,231.0,2.858323335647583,10.048187255859375,5,,,,,,,,,,,,
,,9169,3.0,0.1959955096244812,0.9632666707038879,0.4852565824985504,0.4961540997028351,0.4906448423862457,6.4293975830078125,174.0,7.421665191650391,14.04705810546875,5,,,,,,,,,,,,
,,9179,3.0,0.3232664167881012,0.951200008392334,0.4786955714225769,0.4966237246990204,0.48749488592147827,8.319880485534668,287.0,1.9736324548721313,10.616779327392578,5,,,,,,,,,,,,
,,9189,3.0,0.11342577636241913,0.9710000157356262,0.4943656325340271,0.49093300104141235,0.4926433265209198,7.376763343811035,72.0,1.210008978843689,8.70019817352295,5,,,,,,,,,,,,
,,9199,3.0,0.07909894734621048,0.9718666672706604,0.5028998851776123,0.5103361010551453,0.502166748046875,8.535202980041504,55.0,0.02375570870935917,8.638057708740234,5,,,,,,,,,,,,
,,9209,3.0,0.053249791264534,0.9847999811172485,0.589053750038147,0.6308223605155945,0.6057516932487488,4.387664318084717,63.0,1.1422051191329956,5.5831193923950195,5,,,,,,,,,,,,
,,9219,3.0,0.06668154150247574,0.984000027179718,0.5076841711997986,0.5087438225746155,0.5081620812416077,6.7041144371032715,70.0,0.6990975737571716,7.469893455505371,5,,,,,,,,,,,,
,,9229,3.0,0.1679554581642151,0.9628000259399414,0.6475716829299927,0.5631471872329712,0.5861332416534424,6.59333610534668,191.0,4.449930191040039,11.211221694946289,5,,,,,,,,,,,,
,,9239,3.0,0.1302822083234787,0.9628666639328003,0.5062195062637329,0.5061562061309814,0.5061874389648438,9.533426284790039,214.0,0.3538956046104431,10.017603874206543,5,,,,,,,,,,,,
,,9249,3.0,0.1304413229227066,0.9572666883468628,0.6409557461738586,0.6143152117729187,0.6260255575180054,6.758694171905518,240.0,1.4788686037063599,8.368003845214844,5,,,,,,,,,,,,
,,9259,3.0,0.09762544929981232,0.9736666679382324,0.49484989047050476,0.49181708693504333,0.49332883954048157,8.352765083312988,84.0,0.12476270645856857,8.575153350830078,5,,,,,,,,,,,,
,,9269,3.0,0.21932844817638397,0.958466649055481,0.48781540989875793,0.49494311213493347,0.49099573493003845,8.671177864074707,290.0,7.973516941070557,16.864023208618164,5,,,,,,,,,,,,
,,9279,3.0,0.2041393518447876,0.9498666524887085,0.5056970119476318,0.5036965608596802,0.5038425326347351,9.900264739990234,262.0,3.886598587036133,13.991003036499023,5,,,,,,,,,,,,
,,9289,3.0,0.12326795607805252,0.97079998254776,0.49983397126197815,0.4999029338359833,0.49934709072113037,9.083785057067871,227.0,0.27669793367385864,9.48375129699707,5,,,,,,,,,,,,
,,9299,3.0,0.2464810609817505,0.9498666524887085,0.49950772523880005,0.4996986985206604,0.4988248348236084,9.218683242797852,332.0,0.8460317254066467,10.311196327209473,5,,,,,,,,,,,,
,,9309,3.0,0.14676222205162048,0.9658666849136353,0.5320085287094116,0.5269920229911804,0.529212236404419,7.19775390625,246.0,1.9815534353256226,9.326069831848145,5,,,,,,,,,,,,
,,9319,3.0,0.20027361810207367,0.9689333438873291,0.4961250126361847,0.49835142493247986,0.4963650405406952,10.879077911376953,286.0,0.5525975227355957,11.631948471069336,5,,,,,,,,,,,,
,,9329,3.0,0.08521956950426102,0.9828000068664551,0.592983603477478,0.5619101524353027,0.5740870833396912,6.733741283416748,103.0,0.7985484004020691,7.617508888244629,5,,,,,,,,,,,,
,,9339,3.0,0.16314321756362915,0.9627333283424377,0.5092101097106934,0.5026382207870483,0.5010104179382324,10.892273902893066,361.0,0.29580581188201904,11.35122299194336,5,,,,,,,,,,,,
,,9349,3.0,0.2617051899433136,0.9466666579246521,0.5248655676841736,0.5032909512519836,0.4972953796386719,7.385565757751465,381.0,6.081414222717285,13.72868537902832,5,,,,,,,,,,,,
,,9359,3.0,0.336539089679718,0.9190666675567627,0.4926030933856964,0.49884024262428284,0.4862053692340851,9.540566444396973,443.0,2.9959616661071777,12.873067855834961,5,,,,,,,,,,,,
,,9369,3.0,0.1156219020485878,0.9761999845504761,0.4945622682571411,0.49339577555656433,0.493978351354599,8.751185417175293,100.0,0.15959300100803375,9.026399612426758,5,,,,,,,,,,,,
,,9379,3.0,0.22757406532764435,0.9435333609580994,0.5390472412109375,0.5182682275772095,0.5225977301597595,8.466361045837402,272.0,2.63659405708313,11.33052921295166,5,,,,,,,,,,,,
,,9389,3.0,0.19060726463794708,0.9545333385467529,0.4860149323940277,0.49074581265449524,0.4883689284324646,8.718624114990234,239.0,3.144559144973755,12.053790092468262,5,,,,,,,,,,,,
,,9399,3.0,0.2111825793981552,0.9618666768074036,0.48556235432624817,0.4950929880142212,0.4902813732624054,10.499519348144531,329.0,1.2002992630004883,11.911001205444336,5,,,,,,,,,,,,
,,9409,3.0,0.0773288682103157,0.9732000231742859,0.5130022764205933,0.5171015858650208,0.5146334171295166,6.942061901092529,100.0,0.07184229046106339,7.091232776641846,5,,,,,,,,,,,,
,,9419,3.0,0.14378155767917633,0.974399983882904,0.5976824164390564,0.5155292749404907,0.5229235291481018,9.204975128173828,304.0,1.8093262910842896,11.158082962036133,5,,,,,,,,,,,,
,,9429,3.0,0.1893334835767746,0.9507333040237427,0.48782241344451904,0.4869229793548584,0.4873722791671753,6.962422847747803,242.0,3.182831048965454,10.334587097167969,5,,,,,,,,,,,,
,,9439,3.0,0.11867092549800873,0.9674666523933411,0.4927339255809784,0.4907344877719879,0.4917321801185608,7.485333442687988,106.0,2.212099313735962,9.8161039352417,5,,,,,,,,,,,,
,,9449,3.0,0.19523632526397705,0.9525333046913147,0.5465748310089111,0.5317113995552063,0.5371794700622559,12.989375114440918,435.0,4.093448162078857,17.278059005737305,5,,,,,,,,,,,,
,,9459,3.0,0.20676793158054352,0.9462666511535645,0.5649838447570801,0.5194181203842163,0.5250651836395264,8.048556327819824,364.0,1.226397156715393,9.481721878051758,5,,,,,,,,,,,,
,,9469,3.0,0.10651491582393646,0.9763333201408386,0.49671900272369385,0.4969128668308258,0.49681320786476135,6.41737699508667,148.0,5.2350687980651855,11.758960723876953,5,,,,,,,,,,,,
,,9479,3.0,0.1142016127705574,0.974133312702179,0.5435022115707397,0.5185975432395935,0.5248438119888306,7.986448287963867,143.0,1.1997952461242676,9.300445556640625,5,,,,,,,,,,,,
,,9489,3.0,0.2545108199119568,0.9367333054542542,0.5139415860176086,0.5128892064094543,0.5133652687072754,9.874313354492188,260.0,0.14160136878490448,10.270425796508789,5,,,,,,,,,,,,
,,9499,3.0,0.12091225385665894,0.9611999988555908,0.4952599108219147,0.48909661173820496,0.49181973934173584,7.345365524291992,139.0,2.770947217941284,10.237224578857422,5,,,,,,,,,,,,
,,9509,3.0,0.12409137934446335,0.9608666896820068,0.4884369969367981,0.4968123137950897,0.4917185306549072,12.743146896362305,281.0,0.14473426342010498,13.011972427368164,5,,,,,,,,,,,,
,,9519,3.0,0.15045469999313354,0.9636666774749756,0.49442052841186523,0.4943603575229645,0.4943903088569641,9.70051097869873,141.0,0.04999106377363205,9.900956153869629,5,,,,,,,,,,,,
,,9529,3.0,0.09936276078224182,0.9710666537284851,0.4964553415775299,0.48892319202423096,0.4926604926586151,6.287052631378174,57.0,1.2060123682022095,7.592427730560303,5,,,,,,,,,,,,
,,9539,3.0,0.2451178878545761,0.9556000232696533,0.5178291201591492,0.5077244639396667,0.5088100433349609,8.70318603515625,340.0,0.547791063785553,9.496095657348633,5,,,,,,,,,,,,
,,9549,3.0,0.14033691585063934,0.9518666863441467,0.49427586793899536,0.4875708520412445,0.4904230535030365,6.070671081542969,118.0,0.7579819560050964,6.968989849090576,5,,,,,,,,,,,,
,,9559,3.0,0.10181185603141785,0.977400004863739,0.4938691556453705,0.49470239877700806,0.4942854344844818,5.551898002624512,96.0,0.47295108437538147,6.1266608238220215,5,,,,,,,,,,,,
,,9569,3.0,0.08255232125520706,0.9812666773796082,0.5600602626800537,0.586840808391571,0.570793092250824,4.786117076873779,69.0,0.10314648598432541,4.971816062927246,5,,,,,,,,,,,,
,,9579,3.0,0.1698821485042572,0.968666672706604,0.49636781215667725,0.4986933171749115,0.49626031517982483,6.39817476272583,138.0,12.148448944091797,18.716506958007812,5,,,,,,,,,,,,
,,9589,3.0,0.07212229818105698,0.9826666712760925,0.5505804419517517,0.5394357442855835,0.5442357659339905,5.826813220977783,71.0,0.2486138641834259,6.147549152374268,5,,,,,,,,,,,,
,,9599,3.0,0.09732110053300858,0.975600004196167,0.5089903473854065,0.5106303095817566,0.5096951723098755,5.665111064910889,111.0,1.0046370029449463,6.767068862915039,5,,,,,,,,,,,,
,,9609,3.0,0.3395155966281891,0.9423999786376953,0.47831088304519653,0.49223482608795166,0.48517298698425293,7.38359260559082,373.0,48.356807708740234,56.079917907714844,5,,,,,,,,,,,,
,,9619,3.0,0.07134947925806046,0.9773333072662354,0.519476056098938,0.535776674747467,0.5246508717536926,5.327392578125,70.0,0.9085866212844849,6.307328701019287,5,,,,,,,,,,,,
,,9629,3.0,0.23324739933013916,0.9595333337783813,0.4807281196117401,0.4989599883556366,0.4896744191646576,8.992633819580078,336.0,1.1542797088623047,10.38016128540039,5,,,,,,,,,,,,
,,9639,3.0,0.08349630236625671,0.9746000170707703,0.5733740925788879,0.6035985946655273,0.5856266617774963,4.96460485458374,84.0,0.6702156662940979,5.718316555023193,5,,,,,,,,,,,,
,,9649,3.0,0.11259583383798599,0.98253333568573,0.4924156367778778,0.4988154172897339,0.49559485912323,8.999185562133789,177.0,0.2144164741039276,9.326197624206543,5,,,,,,,,,,,,
,,9659,3.0,0.13933202624320984,0.9611999988555908,0.4932045042514801,0.493853896856308,0.49351972341537476,6.665454387664795,248.0,2.537829637527466,9.342616081237793,5,,,,,,,,,,,,
,,9669,3.0,0.08561398088932037,0.9736666679382324,0.5257323384284973,0.5394273400306702,0.5307922959327698,5.369222164154053,102.0,1.8610056638717651,7.315842151641846,5,,,,,,,,,,,,
,,9679,3.0,0.17976368963718414,0.9603333473205566,0.5185996890068054,0.5182002186775208,0.5183964371681213,6.893097877502441,223.0,8.811538696289062,15.884400367736816,5,,,,,,,,,,,,
,,9689,3.0,0.11395131051540375,0.974399983882904,0.5303774476051331,0.5189275145530701,0.5229235291481018,9.560197830200195,212.0,0.05883925035595894,9.732988357543945,5,,,,,,,,,,,,
,,9699,3.0,0.14307914674282074,0.9652000069618225,0.5129128694534302,0.5054025650024414,0.5060110092163086,6.570798873901367,214.0,1.628360390663147,8.342238426208496,5,,,,,,,,,,,,
,,9709,3.0,0.20641733705997467,0.942466676235199,0.4848411977291107,0.48554059863090515,0.48519065976142883,8.136347770690918,282.0,9.848702430725098,18.19146728515625,5,,,,,,,,,,,,
,,9719,3.0,0.054950207471847534,0.9890666604042053,0.6842654943466187,0.6842654943466187,0.6842654943466187,4.484218597412109,53.0,0.22677403688430786,4.7659430503845215,5,,,,,,,,,,,,
,,9729,3.0,0.17342135310173035,0.9642000198364258,0.5181398987770081,0.5087324976921082,0.5105580687522888,6.710816383361816,183.0,32.79134750366211,39.67558670043945,5,,,,,,,,,,,,
,,9739,3.0,0.3037252724170685,0.9366000294685364,0.48099836707115173,0.48629283905029297,0.48363110423088074,7.806915283203125,241.0,0.7783183455467224,8.888958930969238,5,,,,,,,,,,,,
,,9749,3.0,0.13924355804920197,0.9662666916847229,0.5050092339515686,0.5019692778587341,0.5011090040206909,7.932516574859619,196.0,0.5948327779769897,8.666592597961426,5,,,,,,,,,,,,
,,9759,3.0,0.16629280149936676,0.9709333181381226,0.641278862953186,0.5099021196365356,0.5124454498291016,8.549360275268555,335.0,1.1752499341964722,9.89090347290039,5,,,,,,,,,,,,
,,9769,3.0,0.19728650152683258,0.9614666700363159,0.4850013554096222,0.49546515941619873,0.4901774227619171,8.580851554870605,357.0,6.638904094696045,15.417041778564453,5,,,,,,,,,,,,
,,9779,3.0,0.16588720679283142,0.9554666876792908,0.4929008185863495,0.4904268980026245,0.49158775806427,7.334253311157227,176.0,3.743978500366211,11.244119644165039,5,,,,,,,,,,,,
,,9789,3.0,0.12954457104206085,0.9693333506584167,0.5295612812042236,0.5275243520736694,0.5284947752952576,9.128549575805664,135.0,0.8584379553794861,10.116531372070312,5,,,,,,,,,,,,
,,9799,3.0,0.39153313636779785,0.9282666444778442,0.49023106694221497,0.49372410774230957,0.49140357971191406,7.276742935180664,374.0,7.828458309173584,15.496734619140625,5,,,,,,,,,,,,
,,9809,3.0,0.2837422490119934,0.9568666815757751,0.4897521734237671,0.49647217988967896,0.4920496940612793,8.465242385864258,368.0,2.0477495193481445,10.796733856201172,5,,,,,,,,,,,,
,,9819,3.0,0.09501957893371582,0.9708666801452637,0.49699679017066956,0.4882980287075043,0.4926089942455292,5.650171756744385,55.0,0.02600688859820366,5.771198272705078,5,,,,,,,,,,,,
,,9829,3.0,0.14398899674415588,0.9654666781425476,0.5325728058815002,0.5144863128662109,0.518578290939331,7.391176223754883,151.0,0.5819028615951538,8.11706829071045,5,,,,,,,,,,,,
,,9839,3.0,0.2552449703216553,0.9492666721343994,0.4777226150035858,0.4966168999671936,0.48698654770851135,7.872683525085449,297.0,4.66840124130249,12.796329498291016,5,,,,,,,,,,,,
,,9849,3.0,0.12118586897850037,0.9430666565895081,0.5068060755729675,0.5572099089622498,0.5023028254508972,4.918532371520996,56.0,0.142719104886055,5.182437419891357,5,,,,,,,,,,,,
,,9859,3.0,0.14322954416275024,0.9675999879837036,0.48984137177467346,0.4937070608139038,0.49176663160324097,7.296819686889648,145.0,0.5710458755493164,8.01109504699707,5,,,,,,,,,,,,
,,9869,3.0,0.30062809586524963,0.9448000192642212,0.49872109293937683,0.4995983839035034,0.4952791929244995,7.206435203552246,291.0,7.452895164489746,14.959959030151367,5,,,,,,,,,,,,
,,9879,3.0,0.15619660913944244,0.9744666814804077,0.4890918731689453,0.4980577826499939,0.493534117937088,9.257929801940918,219.0,5.543918132781982,14.958044052124023,5,,,,,,,,,,,,
,,9889,3.0,0.13501234352588654,0.9692000150680542,0.49421507120132446,0.4944554269313812,0.49433422088623047,7.138335227966309,175.0,0.7182548642158508,7.991602420806885,5,,,,,,,,,,,,
,,9899,3.0,0.16992433369159698,0.9565333127975464,0.49279677867889404,0.49422410130500793,0.4934489130973816,7.025897026062012,238.0,8.51012134552002,15.705942153930664,5,,,,,,,,,,,,
9.91232189110701e-05,0.000991232189110701,9906,,,,,,,,,,,,,,,,,,,,,,,
,,9909,3.0,0.18211157619953156,0.9430666565895081,0.4896165132522583,0.48115646839141846,0.4853496253490448,15.6766996383667,234.0,0.16040493547916412,16.019216537475586,6,,,,,,,,,,,,
,,9919,3.0,0.07093481719493866,0.9863333106040955,0.4959771931171417,0.49714380502700806,0.49655982851982117,6.128081798553467,99.0,2.3467423915863037,8.545759201049805,6,,,,,,,,,,,,
,,9929,3.0,0.07405952364206314,0.9778666496276855,0.6118969917297363,0.6118969917297363,0.6118969917297363,5.257664680480957,132.0,1.5691015720367432,6.900825500488281,6,,,,,,,,,,,,
,,9939,3.0,0.09118463844060898,0.9779999852180481,0.6225712299346924,0.5767415165901184,0.5939379930496216,5.422208309173584,108.0,1.1198211908340454,6.633213996887207,6,,,,,,,,,,,,
,,9949,3.0,0.15831218659877777,0.9674666523933411,0.4932648837566376,0.4943121671676636,0.4937724173069,7.694434642791748,232.0,11.212830543518066,19.06557846069336,6,,,,,,,,,,,,
,,9959,3.0,0.36847037076950073,0.9303333163261414,0.5513504147529602,0.5179864764213562,0.5215460658073425,7.955873012542725,374.0,4.045891761779785,12.370235443115234,6,,,,,,,,,,,,
,,9969,3.0,0.12755493819713593,0.9535333514213562,0.5022486448287964,0.5059055685997009,0.5006871223449707,6.229259967803955,117.0,2.459240674972534,8.816055297851562,6,,,,,,,,,,,,
,,9979,3.0,0.09062167257070541,0.9729333519935608,0.514953076839447,0.5283258557319641,0.5188363194465637,4.41335916519165,60.0,2.671135425567627,7.175116062164307,6,,,,,,,,,,,,
,,9989,3.0,0.09786120802164078,0.9860000014305115,0.5247430801391602,0.5020444393157959,0.5011920928955078,5.98121976852417,136.0,0.43938449025154114,6.518465518951416,6,,,,,,,,,,,,
,,9999,3.0,0.14929288625717163,0.9625999927520752,0.49631941318511963,0.49265602231025696,0.4940103590488434,6.553084850311279,90.0,0.579168975353241,7.281546592712402,6,,,,,,,,,,,,
,,10009,3.0,0.2489681839942932,0.9398000240325928,0.5135788917541504,0.5106567144393921,0.5116803050041199,8.648937225341797,307.0,22.70748519897461,31.605390548706055,6,,,,,,,,,,,,
,,10019,3.0,0.22519715130329132,0.9513999819755554,0.4994472563266754,0.4997929632663727,0.49696269631385803,7.743258476257324,297.0,5.572195053100586,13.540651321411133,6,,,,,,,,,,,,
,,10029,3.0,0.18590128421783447,0.9703333377838135,0.5286229848861694,0.5107932090759277,0.5139719247817993,8.529338836669922,174.0,3.101996898651123,11.817237854003906,6,,,,,,,,,,,,
,,10039,3.0,0.20132723450660706,0.9557333588600159,0.48592832684516907,0.4971916079521179,0.490183562040329,9.238201141357422,347.0,1.0262166261672974,10.465744972229004,6,,,,,,,,,,,,
,,10049,3.0,0.23831374943256378,0.9513333439826965,0.48900485038757324,0.49826276302337646,0.4902529716491699,7.908193111419678,297.0,1.084581971168518,9.23108959197998,6,,,,,,,,,,,,
,,10059,3.0,0.2213006466627121,0.9566666483879089,0.4884568750858307,0.49265411496162415,0.49045974016189575,7.966480255126953,285.0,1.7795863151550293,9.967367172241211,6,,,,,,,,,,,,
,,10069,3.0,0.15484333038330078,0.9571333527565002,0.49744611978530884,0.4964272081851959,0.49670183658599854,5.621424198150635,104.0,3.777289867401123,9.553557395935059,6,,,,,,,,,,,,
,,10079,3.0,0.22682328522205353,0.9444666504859924,0.4842756688594818,0.48717331886291504,0.485720157623291,7.817666053771973,218.0,0.5049822926521301,8.549470901489258,6,,,,,,,,,,,,
,,10089,3.0,0.04270030930638313,0.9902666807174683,0.49808865785598755,0.49702200293540955,0.4975547790527344,3.6561648845672607,29.0,0.08574189990758896,3.784607172012329,6,,,,,,,,,,,,
,,10099,3.0,0.07892394065856934,0.9786666631698608,0.6048543453216553,0.5626296401023865,0.5779308676719666,6.690857410430908,111.0,1.480729579925537,8.250511169433594,6,,,,,,,,,,,,
,,10109,3.0,0.0803837701678276,0.9800000190734863,0.5199390053749084,0.5042335987091064,0.5047523975372314,6.630302429199219,189.0,3.628535270690918,10.339221954345703,6,,,,,,,,,,,,
,,10119,3.0,0.13660411536693573,0.9667333364486694,0.48801910877227783,0.4951174557209015,0.49154266715049744,6.4351325035095215,153.0,6.813297748565674,13.385034561157227,6,,,,,,,,,,,,
,,10129,3.0,0.1490316241979599,0.9559999704360962,0.49831923842430115,0.4964533746242523,0.4962114095687866,5.169693946838379,98.0,0.5995878577232361,5.918313503265381,6,,,,,,,,,,,,
,,10139,3.0,0.20332364737987518,0.961733341217041,0.48673999309539795,0.49380433559417725,0.4902467131614685,7.457895755767822,184.0,2.5583951473236084,10.21961498260498,6,,,,,,,,,,,,
,,10149,3.0,0.11668580770492554,0.9733333587646484,0.4910203814506531,0.495486319065094,0.4932432472705841,8.56711196899414,199.0,0.7780065536499023,9.461804389953613,6,,,,,,,,,,,,
,,10159,3.0,0.18375776708126068,0.9555333256721497,0.4927111566066742,0.49349236488342285,0.4930858910083771,6.460519790649414,176.0,7.526379585266113,14.17065715789795,6,,,,,,,,,,,,
,,10169,3.0,0.13730904459953308,0.9645333290100098,0.5154321193695068,0.5063751339912415,0.507331371307373,7.381240367889404,304.0,3.5060946941375732,11.024643898010254,6,,,,,,,,,,,,
,,10179,3.0,0.18469716608524323,0.9645333290100098,0.48508012294769287,0.49701133370399475,0.49097326397895813,7.909560203552246,260.0,1.3608307838439941,9.455087661743164,6,,,,,,,,,,,,
,,10189,3.0,0.21301956474781036,0.9545999765396118,0.523852527141571,0.5133995413780212,0.5161097645759583,7.003721237182617,264.0,6.070470333099365,13.287210464477539,6,,,,,,,,,,,,
,,10199,3.0,0.1721998155117035,0.9649999737739563,0.5260181427001953,0.518713653087616,0.5214952826499939,7.283043384552002,232.0,2.3053464889526367,9.760589599609375,6,,,,,,,,,,,,
,,10209,3.0,0.1329367309808731,0.9767333269119263,0.511991560459137,0.5017833709716797,0.4997797906398773,8.22309398651123,184.0,4.168568134307861,12.524599075317383,6,,,,,,,,,,,,
,,10219,3.0,0.19276797771453857,0.9523333311080933,0.49150151014328003,0.4841388165950775,0.48779237270355225,7.016927719116211,199.0,2.053455352783203,9.263151168823242,6,,,,,,,,,,,,
,,10229,3.0,0.0793314129114151,0.9769999980926514,0.5046390295028687,0.510426938533783,0.5055130124092102,6.087612628936768,90.0,0.20275156199932098,6.369695663452148,6,,,,,,,,,,,,
,,10239,3.0,0.06945145130157471,0.987666666507721,0.5337801575660706,0.5231549739837646,0.5273531675338745,5.737938404083252,82.0,0.2411869466304779,6.048576831817627,6,,,,,,,,,,,,
,,10249,3.0,0.2501179873943329,0.9710666537284851,0.4865063428878784,0.4989723265171051,0.4926604926586151,6.43747091293335,223.0,1.0525832176208496,7.740171909332275,6,,,,,,,,,,,,
,,10259,3.0,0.29062575101852417,0.9682000279426575,0.4863045811653137,0.4976697862148285,0.4919215440750122,6.83791446685791,296.0,9.793354034423828,16.921894073486328,6,,,,,,,,,,,,
,,10269,3.0,0.15148968994617462,0.9806666374206543,0.509411096572876,0.5023407936096191,0.501921534538269,6.180912017822266,149.0,2.2640304565429688,8.596431732177734,6,,,,,,,,,,,,
,,10279,3.0,0.05062439665198326,0.9883999824523926,0.5391485691070557,0.5502528548240662,0.5439562797546387,5.727950572967529,42.0,0.2188432514667511,5.997418403625488,6,,,,,,,,,,,,
,,10289,3.0,0.2659621238708496,0.967199981212616,0.4874344766139984,0.4959660768508911,0.49166327714920044,6.607731819152832,313.0,1.441640853881836,8.31533432006836,6,,,,,,,,,,,,
,,10299,3.0,0.16540779173374176,0.9682000279426575,0.48770904541015625,0.49620747566223145,0.4919215440750122,5.232186317443848,193.0,4.985342979431152,10.382936477661133,6,,,,,,,,,,,,
,,10309,3.0,0.11172030121088028,0.9745333194732666,0.5087830424308777,0.503534197807312,0.5038058757781982,5.848369598388672,116.0,1.905651330947876,7.865740776062012,6,,,,,,,,,,,,
,,10319,3.0,0.3187645971775055,0.96506667137146,0.48427674174308777,0.4981417655944824,0.4911114275455475,9.231254577636719,233.0,3.5679519176483154,13.117971420288086,6,,,,,,,,,,,,
,,10329,3.0,0.2278275489807129,0.9663333296775818,0.48817864060401917,0.494743674993515,0.49143922328948975,8.977851867675781,183.0,6.011411666870117,15.217090606689453,6,,,,,,,,,,,,
,,10339,3.0,0.23384027183055878,0.9707333445549011,0.48941248655319214,0.49577799439430237,0.49257466197013855,10.405061721801758,283.0,0.5203312635421753,11.159233093261719,6,,,,,,,,,,,,
,,10349,3.0,0.2706913352012634,0.9639333486557007,0.490038126707077,0.4965102970600128,0.4926587641239166,9.210198402404785,341.0,1.2889682054519653,10.769857406616211,6,,,,,,,,,,,,
,,10359,3.0,0.1326693892478943,0.979533314704895,0.49275603890419006,0.4969223439693451,0.4948304295539856,7.463911056518555,121.0,0.9020718932151794,8.498652458190918,6,,,,,,,,,,,,
,,10369,3.0,0.060599520802497864,0.9852666854858398,0.5896366238594055,0.5998784303665161,0.5944644212722778,4.344931125640869,48.0,0.5011743903160095,4.906704902648926,6,,,,,,,,,,,,
,,10379,3.0,0.3148070275783539,0.9529333114624023,0.4905143976211548,0.4967603087425232,0.49216076731681824,7.318437099456787,248.0,8.634492874145508,16.267736434936523,6,,,,,,,,,,,,
,,10389,3.0,0.12579159438610077,0.9782666563987732,0.533018171787262,0.5158596634864807,0.5206664204597473,6.655815601348877,120.0,2.899853467941284,9.6814603805542,6,,,,,,,,,,,,
,,10399,3.0,0.3449113070964813,0.9542666673660278,0.5022356510162354,0.5004615187644958,0.495479017496109,6.793546676635742,326.0,1.679542899131775,8.818000793457031,6,,,,,,,,,,,,
,,10409,3.0,0.08124122768640518,0.984666645526886,0.5736007690429688,0.5616014003753662,0.5670276284217834,6.430899620056152,87.0,2.278388261795044,8.790529251098633,6,,,,,,,,,,,,
,,10419,3.0,0.12174951285123825,0.9732000231742859,0.5008172392845154,0.5013810396194458,0.5005605816841125,5.432171821594238,72.0,0.7653607130050659,6.319282054901123,6,,,,,,,,,,,,
,,10429,3.0,0.24009555578231812,0.9624666571617126,0.49022072553634644,0.4906539022922516,0.49043720960617065,6.48118782043457,241.0,5.159807205200195,11.88109016418457,6,,,,,,,,,,,,
,,10439,3.0,0.25485190749168396,0.9706000089645386,0.48741212487220764,0.4977776110172272,0.4925403296947479,7.2764716148376465,269.0,1.3461720943450928,8.877495765686035,6,,,,,,,,,,,,
,,10449,3.0,0.2762630581855774,0.9728000164031982,0.6287248134613037,0.5360018610954285,0.5534380078315735,6.364161014556885,217.0,2.323119878768921,8.963543891906738,6,,,,,,,,,,,,
,,10459,3.0,0.11510465294122696,0.9761333465576172,0.49226734042167664,0.49566689133644104,0.49396127462387085,11.587411880493164,151.0,0.3919580578804016,12.094474792480469,6,,,,,,,,,,,,
,,10469,3.0,0.17417989671230316,0.9634000062942505,0.4881435036659241,0.4932418465614319,0.49067944288253784,8.079811096191406,262.0,3.7578086853027344,12.011799812316895,6,,,,,,,,,,,,
,,10479,3.0,0.27641761302948,0.9572666883468628,0.4880361557006836,0.49013516306877136,0.4890834093093872,6.265729904174805,254.0,1.9679875373840332,8.510135650634766,6,,,,,,,,,,,,
,,10489,3.0,0.0817401334643364,0.9823333621025085,0.5100855231285095,0.5103075504302979,0.5101947784423828,6.163196086883545,89.0,0.10364488512277603,6.348580837249756,6,,,,,,,,,,,,
,,10499,3.0,0.32245510816574097,0.965666651725769,0.4851621091365814,0.49752697348594666,0.49126675724983215,6.717997074127197,278.0,1.6428430080413818,8.683295249938965,6,,,,,,,,,,,,
,,10509,3.0,0.14683280885219574,0.9768666625022888,0.49059194326400757,0.49775800108909607,0.49414899945259094,7.634016036987305,113.0,1.2379612922668457,9.018810272216797,6,,,,,,,,,,,,
,,10519,3.0,0.39918506145477295,0.9552666544914246,0.4828806221485138,0.49437621235847473,0.4885607957839966,6.633292198181152,393.0,1.4444949626922607,8.476972579956055,6,,,,,,,,,,,,
,,10529,3.0,0.32376086711883545,0.9625999927520752,0.48362138867378235,0.4975191354751587,0.49047181010246277,7.518985748291016,252.0,1.1203219890594482,8.963068962097168,6,,,,,,,,,,,,
,,10539,3.0,0.16221599280834198,0.9732000231742859,0.49411046504974365,0.4923107922077179,0.49320900440216064,7.237194061279297,94.0,1.2038391828536987,8.603249549865723,6,,,,,,,,,,,,
,,10549,3.0,0.2770397663116455,0.963533341884613,0.4873221516609192,0.4941534399986267,0.49071401357650757,7.864815711975098,207.0,3.710451602935791,11.852306365966797,6,,,,,,,,,,,,
,,10559,3.0,0.39653947949409485,0.9517999887466431,0.47899752855300903,0.4966258406639099,0.48765242099761963,9.144268989562988,410.0,4.058316707611084,13.599124908447266,6,,,,,,,,,,,,
,,10569,3.0,0.2585689127445221,0.9661999940872192,0.4883744418621063,0.494472861289978,0.4914047420024872,7.397035121917725,217.0,2.3316900730133057,9.98729419708252,6,,,,,,,,,,,,
,,10579,3.0,0.5241520404815674,0.9153333306312561,0.4951801002025604,0.49644458293914795,0.49533942341804504,7.138508319854736,275.0,4.670292854309082,12.332953453063965,6,,,,,,,,,,,,
,,10589,3.0,0.12426965683698654,0.9746666550636292,0.5116669535636902,0.5075922012329102,0.5088889598846436,11.462265968322754,206.0,0.05643514171242714,11.64297103881836,6,,,,,,,,,,,,
,,10599,3.0,0.43361523747444153,0.9525333046913147,0.47833946347236633,0.4977356791496277,0.487844854593277,6.691051006317139,291.0,7.967538356781006,15.092205047607422,6,,,,,,,,,,,,
,,10609,3.0,0.10192976146936417,0.9695333242416382,0.5062437653541565,0.5045451521873474,0.5050555467605591,6.285486698150635,127.0,4.6791815757751465,11.066597938537598,6,,,,,,,,,,,,
,,10619,3.0,0.06557545065879822,0.9886000156402588,0.5136624574661255,0.5066267251968384,0.5085618495941162,4.350641250610352,54.0,0.9279175400733948,5.344134330749512,6,,,,,,,,,,,,
,,10629,3.0,0.11360840499401093,0.9746666550636292,0.49123042821884155,0.49596309661865234,0.49358540773391724,11.278477668762207,217.0,0.47046300768852234,11.862548828125,6,,,,,,,,,,,,
,,10639,3.0,0.3284009099006653,0.9567999839782715,0.4831347167491913,0.4949306845664978,0.4889615774154663,12.514678955078125,377.0,2.682325839996338,15.525405883789062,6,,,,,,,,,,,,
,,10649,3.0,0.1927567422389984,0.9666000008583069,0.4917248785495758,0.49129167199134827,0.4915081858634949,8.678367614746094,174.0,0.7342602610588074,9.605384826660156,6,,,,,,,,,,,,
,,10659,3.0,0.6303550004959106,0.9258000254631042,0.4662257432937622,0.49617692828178406,0.48073527216911316,6.876802444458008,405.0,4.556370258331299,12.063528060913086,6,,,,,,,,,,,,
,,10669,3.0,0.04155769571661949,0.9936000108718872,0.4975629150867462,0.4992295801639557,0.4983948767185211,3.9130918979644775,42.0,0.22029361128807068,4.174943447113037,6,,,,,,,,,,,,
,,10679,3.0,0.34743502736091614,0.9571999907493591,0.48405367136001587,0.4941832423210144,0.4890660047531128,7.402877330780029,242.0,3.3954014778137207,11.145713806152344,6,,,,,,,,,,,,
,,10689,3.0,0.11162889748811722,0.9729999899864197,0.49427661299705505,0.49204370379447937,0.49315762519836426,5.476036071777344,89.0,0.9557301998138428,6.543395042419434,6,,,,,,,,,,,,
,,10699,3.0,0.4404500424861908,0.9560666680335999,0.4846242368221283,0.4929872751235962,0.4887699782848358,7.1400933265686035,373.0,6.091801166534424,13.672344207763672,6,,,,,,,,,,,,
,,10709,3.0,0.20938846468925476,0.9776666760444641,0.49145442247390747,0.49728721380233765,0.49435362219810486,7.965701103210449,224.0,3.166433095932007,11.341523170471191,6,,,,,,,,,,,,
,,10719,3.0,0.12549389898777008,0.972000002861023,0.4951436519622803,0.4906778037548065,0.4929006099700928,6.379683017730713,81.0,0.34899646043777466,6.85417366027832,6,,,,,,,,,,,,
,,10729,3.0,0.3043425679206848,0.9675333499908447,0.4842832386493683,0.49944937229156494,0.4917494058609009,7.018052577972412,340.0,3.132193088531494,10.454587936401367,6,,,,,,,,,,,,
,,10739,3.0,0.3761601746082306,0.9517999887466431,0.535994827747345,0.5061071515083313,0.5037065744400024,7.207221508026123,234.0,8.9251127243042,16.508495330810547,6,,,,,,,,,,,,
,,10749,3.0,0.24212124943733215,0.9568666815757751,0.4884501099586487,0.498735636472702,0.49051907658576965,9.685347557067871,274.0,0.41129356622695923,10.338763236999512,6,,,,,,,,,,,,
,,10759,3.0,0.2524588108062744,0.9621999859809875,0.4851754605770111,0.4956727921962738,0.49036794900894165,9.576313972473145,293.0,0.808615505695343,10.637388229370117,6,,,,,,,,,,,,
,,10769,3.0,0.21179459989070892,0.9604666829109192,0.6104609966278076,0.5432624220848083,0.5595505237579346,6.498105525970459,215.0,4.454012393951416,11.163911819458008,6,,,,,,,,,,,,
,,10779,3.0,0.25493359565734863,0.9629999995231628,0.48797377943992615,0.49320539832115173,0.4905756413936615,10.257543563842773,228.0,14.403827667236328,24.916305541992188,6,,,,,,,,,,,,
,,10789,3.0,0.47112706303596497,0.944599986076355,0.4789089560508728,0.4928005039691925,0.48575541377067566,6.449337482452393,329.0,2.5880250930786133,9.508489608764648,6,,,,,,,,,,,,
,,10799,3.0,0.5268137454986572,0.9223333597183228,0.4806155860424042,0.47898489236831665,0.4797988533973694,7.147075176239014,279.0,3.3910112380981445,11.064900398254395,6,,,,,,,,,,,,
,,10809,3.0,0.2708456516265869,0.9605333209037781,0.485870361328125,0.49406760931015015,0.4899347126483917,7.4632391929626465,330.0,2.5071656703948975,10.241250991821289,6,,,,,,,,,,,,
,,10819,3.0,0.4560230076313019,0.9509333372116089,0.4934559762477875,0.4968581199645996,0.4941229522228241,6.8594183921813965,358.0,1.4584109783172607,8.773852348327637,6,,,,,,,,,,,,
,,10829,3.0,0.09691043943166733,0.9797999858856201,0.49345284700393677,0.49635258316993713,0.4948984682559967,5.740690231323242,109.0,1.7647589445114136,7.602359771728516,6,,,,,,,,,,,,
,,10839,3.0,0.19125406444072723,0.9793999791145325,0.4905175268650055,0.4991505742073059,0.49479639530181885,7.884052753448486,220.0,5.478886604309082,13.554193496704102,6,,,,,,,,,,,,
,,10849,3.0,0.28702208399772644,0.9646000266075134,0.4876314401626587,0.49439623951911926,0.4909905195236206,6.7014851570129395,309.0,0.9706718921661377,7.959178924560547,6,,,,,,,,,,,,
,,10859,3.0,0.05201231688261032,0.9857333302497864,0.5043302774429321,0.5160550475120544,0.5055815577507019,4.100039482116699,23.0,0.07899939268827438,4.231051445007324,6,,,,,,,,,,,,
,,10869,3.0,0.04369897395372391,0.9926000237464905,0.6268565654754639,0.5972237586975098,0.6100292205810547,4.293656349182129,39.0,0.1094932034611702,4.446848392486572,6,,,,,,,,,,,,
,,10879,3.0,0.20492804050445557,0.955133318901062,0.49874207377433777,0.4986872375011444,0.49870967864990234,6.8279595375061035,166.0,1.285444974899292,8.31833267211914,6,,,,,,,,,,,,
,,10889,3.0,0.07527141273021698,0.9685333371162415,0.49956125020980835,0.49620452523231506,0.49411675333976746,3.8394715785980225,18.0,0.4290442168712616,4.34378719329834,6,,,,,,,,,,,,
,,10899,3.0,0.174964040517807,0.9685999751091003,0.4924083352088928,0.4916418492794037,0.4920247793197632,6.019592761993408,168.0,0.4312022924423218,6.625759124755859,6,,,,,,,,,,,,
,,10909,3.0,0.26775211095809937,0.9509333372116089,0.48695889115333557,0.48789164423942566,0.4874248206615448,6.876129150390625,162.0,4.653139114379883,11.797019958496094,6,,,,,,,,,,,,
,,10919,3.0,0.11132721602916718,0.977733314037323,0.4955734312534332,0.4931737184524536,0.4943706691265106,8.043675422668457,116.0,5.7974162101745605,13.95241928100586,6,,,,,,,,,,,,
,,10929,3.0,0.1579161137342453,0.9666666388511658,0.586883544921875,0.5199626684188843,0.528550922870636,9.701519966125488,317.0,0.23428034782409668,10.093716621398926,6,,,,,,,,,,,,
,,10939,3.0,0.07076504081487656,0.9841333627700806,0.5499241948127747,0.5710903406143188,0.5584970712661743,4.981101036071777,39.0,0.7934765219688416,5.845342636108398,6,,,,,,,,,,,,
,,10949,3.0,0.1406591832637787,0.982200026512146,0.49370014667510986,0.49733322858810425,0.4955100417137146,6.660774230957031,114.0,1.4369663000106812,8.238399505615234,6,,,,,,,,,,,,
,,10959,3.0,0.0991174578666687,0.9836666584014893,0.49569979310035706,0.4960664212703705,0.495883047580719,5.1273274421691895,60.0,0.306791752576828,5.533236503601074,6,,,,,,,,,,,,
,,10969,3.0,0.42322686314582825,0.9525333046913147,0.482051283121109,0.49377936124801636,0.487844854593277,7.342434406280518,238.0,4.878223419189453,12.643884658813477,6,,,,,,,,,,,,
,,10979,3.0,0.08812680840492249,0.9818666577339172,0.5936329960823059,0.579217255115509,0.5857774019241333,4.967686176300049,84.0,0.47560635209083557,5.531419277191162,6,,,,,,,,,,,,
,,10989,3.0,0.5875160098075867,0.9355999827384949,0.4741857051849365,0.49290531873703003,0.4833643436431885,8.443105697631836,409.0,7.10496711730957,16.135589599609375,6,,,,,,,,,,,,
,,10999,3.0,0.09279396384954453,0.9735999703407288,0.4966333508491516,0.49003422260284424,0.49331170320510864,6.2375102043151855,75.0,0.32145336270332336,6.651757717132568,6,,,,,,,,,,,,
,,11009,3.0,0.5409987568855286,0.9449999928474426,0.4733836352825165,0.499014288187027,0.4858611822128296,8.535370826721191,335.0,4.764122009277344,13.84049129486084,6,,,,,,,,,,,,
,,11019,3.0,0.2699984908103943,0.9488000273704529,0.4897453486919403,0.4840157926082611,0.4868637025356293,7.861387729644775,164.0,1.8411043882369995,9.972490310668945,6,,,,,,,,,,,,
,,11029,3.0,0.5598676800727844,0.9314000010490417,0.468794047832489,0.49648186564445496,0.48224085569381714,9.709165573120117,384.0,4.723484039306641,14.992517471313477,6,,,,,,,,,,,,
,,11039,3.0,0.08195428550243378,0.9839333295822144,0.5153030157089233,0.5101346969604492,0.5120139718055725,8.30469036102295,104.0,1.583510398864746,9.970154762268066,6,,,,,,,,,,,,
,,11049,3.0,0.15797480940818787,0.9701333045959473,0.4990161657333374,0.49921560287475586,0.49902650713920593,6.129404544830322,95.0,1.0219519138336182,7.309330940246582,6,,,,,,,,,,,,
,,11059,3.0,0.19896230101585388,0.9495999813079834,0.4907173216342926,0.4862048327922821,0.4883926510810852,6.406559944152832,143.0,7.362349987030029,13.967872619628906,6,,,,,,,,,,,,
,,11069,3.0,0.1563185602426529,0.9721999764442444,0.4896910786628723,0.4962567090988159,0.49295201897621155,6.981228828430176,185.0,3.9061450958251953,11.043692588806152,6,,,,,,,,,,,,
,,11079,3.0,0.2687643766403198,0.9613333344459534,0.48591455817222595,0.49444520473480225,0.4901427626609802,6.30187463760376,242.0,4.035808563232422,10.606447219848633,6,,,,,,,,,,,,
,,11089,3.0,0.15790054202079773,0.9661333560943604,0.5425484776496887,0.5342099070549011,0.5378008484840393,5.5453619956970215,151.0,4.608291149139404,10.311553955078125,6,,,,,,,,,,,,
,,11099,3.0,0.16039921343326569,0.9709333181381226,0.5662263035774231,0.5321651101112366,0.5422009825706482,6.405313968658447,236.0,7.875971794128418,14.44168472290039,6,,,,,,,,,,,,
,,11109,3.0,0.09234246611595154,0.9793999791145325,0.4956812262535095,0.49391475319862366,0.49479639530181885,4.325839042663574,60.0,0.27866479754447937,4.696846008300781,6,,,,,,,,,,,,
,,11119,3.0,0.62959885597229,0.9244666695594788,0.47476717829704285,0.4861179292201996,0.4803755283355713,7.651564598083496,347.0,8.516031265258789,16.797195434570312,6,,,,,,,,,,,,
,,11129,3.0,0.3284262716770172,0.9621333479881287,0.4902351200580597,0.4985238015651703,0.49210435152053833,7.633329391479492,244.0,1.490786075592041,9.45254135131836,6,,,,,,,,,,,,
,,11139,3.0,0.2924985885620117,0.9618666768074036,0.4884224832057953,0.49215444922447205,0.4902813732624054,6.341368675231934,266.0,1.778017520904541,8.411884307861328,6,,,,,,,,,,,,
,,11149,3.0,0.12392273545265198,0.9691333174705505,0.5372809767723083,0.570446252822876,0.5478091239929199,6.655064582824707,128.0,0.31647101044654846,7.095458507537842,6,,,,,,,,,,,,
,,11159,3.0,0.2585969865322113,0.9666000008583069,0.48621729016304016,0.4969154894351959,0.4915081858634949,6.840233325958252,227.0,1.944895625114441,9.043725967407227,6,,,,,,,,,,,,
,,11169,3.0,0.3536094129085541,0.9407333135604858,0.4816698431968689,0.4878310263156891,0.48473086953163147,9.678750991821289,301.0,2.8687527179718018,12.90111255645752,6,,,,,,,,,,,,
,,11179,3.0,0.38295799493789673,0.9475333094596863,0.4788101315498352,0.49450281262397766,0.48652997612953186,7.1955952644348145,330.0,1.4725964069366455,9.051149368286133,6,,,,,,,,,,,,
,,11189,3.0,0.4002237617969513,0.9284666776657104,0.4993400573730469,0.49976688623428345,0.495033323764801,10.119952201843262,411.0,0.2733866572380066,10.793562889099121,6,,,,,,,,,,,,
,,11199,3.0,0.3009263277053833,0.962933361530304,0.70948725938797,0.5172854065895081,0.5241025686264038,8.755119323730469,262.0,1.3518855571746826,10.407931327819824,6,,,,,,,,,,,,
,,11209,3.0,0.4066823124885559,0.9435333609580994,0.48356565833091736,0.4873958230018616,0.4854731857776642,12.524344444274902,295.0,1.7156747579574585,14.646700859069824,6,,,,,,,,,,,,
,,11219,3.0,0.1465383619070053,0.9748666882514954,0.4895875155925751,0.49775341153144836,0.49363669753074646,6.202124118804932,155.0,24.59233856201172,30.941001892089844,6,,,,,,,,,,,,
,,11229,3.0,0.2219187468290329,0.9750666618347168,0.48965516686439514,0.4977877736091614,0.4936879873275757,7.292498588562012,246.0,3.8153443336486816,11.329761505126953,6,,,,,,,,,,,,
,,11239,3.0,0.32909053564071655,0.9534000158309937,0.4817746877670288,0.49453628063201904,0.48807206749916077,6.218038558959961,205.0,6.035889625549316,12.583019256591797,6,,,,,,,,,,,,
,,11249,3.0,0.4416256546974182,0.9288666844367981,0.4846597909927368,0.47850126028060913,0.4815608561038971,7.686925888061523,248.0,6.409223556518555,14.537775039672852,6,,,,,,,,,,,,
,,11259,3.0,0.3840502202510834,0.9401999711990356,0.48651036620140076,0.4871062636375427,0.48680686950683594,6.7466816902160645,238.0,3.694871187210083,10.825603485107422,6,,,,,,,,,,,,
,,11269,3.0,0.40042844414711,0.9589333534240723,0.6107707023620605,0.51778244972229,0.5242449045181274,6.532963752746582,386.0,3.8378889560699463,10.771281242370605,6,,,,,,,,,,,,
,,11279,3.0,0.22820356488227844,0.9700000286102295,0.48881274461746216,0.4960114657878876,0.49238577485084534,8.49592399597168,174.0,2.1845693588256836,10.908697128295898,6,,,,,,,,,,,,
,,11289,3.0,0.13270922005176544,0.9817333221435547,0.5153566598892212,0.5048781633377075,0.506104588508606,8.658937454223633,162.0,0.8034307360649109,9.595077514648438,6,,,,,,,,,,,,
,,11299,3.0,0.1457689255475998,0.9744666814804077,0.4963047206401825,0.49596795439720154,0.4961310625076294,7.157959461212158,127.0,4.391228199005127,11.69495677947998,6,,,,,,,,,,,,
,,11309,3.0,0.29491758346557617,0.9496666789054871,0.4907507300376892,0.4953032433986664,0.49233075976371765,6.760601997375488,198.0,3.8853766918182373,10.940896034240723,6,,,,,,,,,,,,
,,11319,3.0,0.4192512333393097,0.962933361530304,0.5089141726493835,0.5015144348144531,0.4976480007171631,6.882657527923584,346.0,1.7068911790847778,9.008800506591797,6,,,,,,,,,,,,
,,11329,3.0,0.2909035384654999,0.9681333303451538,0.4879704415798187,0.4959022104740143,0.4919043481349945,8.580322265625,199.0,7.483677387237549,16.354902267456055,6,,,,,,,,,,,,
,,11339,3.0,0.08214685320854187,0.9791333079338074,0.4958474040031433,0.4936143159866333,0.49472832679748535,5.579981803894043,95.0,0.32489776611328125,5.987026214599609,6,,,,,,,,,,,,
,,11349,3.0,0.06383830308914185,0.9911333322525024,0.4972573518753052,0.49829065799713135,0.4977734684944153,6.526883125305176,50.0,1.5784645080566406,8.169185638427734,6,,,,,,,,,,,,
,,11359,3.0,0.2932945191860199,0.9614666700363159,0.48243793845176697,0.4981692433357239,0.4901774227619171,6.689735412597656,236.0,4.441281318664551,11.424310684204102,6,,,,,,,,,,,,
,,11369,3.0,0.2692757844924927,0.9493333101272583,0.48860830068588257,0.4854104220867157,0.4870041012763977,6.934539318084717,184.0,9.924363136291504,17.128177642822266,6,,,,,,,,,,,,
,,11379,3.0,0.025937838479876518,0.9919999837875366,0.5583655834197998,0.6365597248077393,0.5813236832618713,3.4813027381896973,21.0,0.03956722095608711,3.5468077659606934,6,,,,,,,,,,,,
,,11389,3.0,0.15986268222332,0.970466673374176,0.5669107437133789,0.5312475562095642,0.5413736701011658,9.817863464355469,169.0,1.0836281776428223,11.06135368347168,6,,,,,,,,,,,,
,,11399,3.0,0.10451950132846832,0.9687333106994629,0.494790256023407,0.489358127117157,0.49205920100212097,5.635688781738281,109.0,1.778288722038269,7.518496990203857,6,,,,,,,,,,,,
,,11409,3.0,0.0844726413488388,0.984666645526886,0.49454230070114136,0.4977421164512634,0.4961370527744293,6.861401557922363,107.0,0.4927767515182495,7.438651084899902,6,,,,,,,,,,,,
,,11419,3.0,0.28221234679222107,0.96506667137146,0.48616334795951843,0.49616122245788574,0.4911114275455475,8.954233169555664,206.0,11.347978591918945,20.584423065185547,6,,,,,,,,,,,,
,,11429,3.0,0.18872852623462677,0.9621333479881287,0.5162334442138672,0.5064978003501892,0.5073508620262146,7.856360912322998,248.0,1.2574013471603394,9.302491188049316,6,,,,,,,,,,,,
,,11439,3.0,0.19853897392749786,0.9667333364486694,0.48801910877227783,0.4951174557209015,0.49154266715049744,8.462177276611328,290.0,3.0908782482147217,11.751594543457031,6,,,,,,,,,,,,
,,11449,3.0,0.230179101228714,0.9638000130653381,0.4973065257072449,0.49954676628112793,0.4944382309913635,7.771449089050293,316.0,7.086113452911377,15.08774185180664,6,,,,,,,,,,,,
,,11459,3.0,0.31909000873565674,0.9571333527565002,0.4899372160434723,0.49555015563964844,0.4921382963657379,7.1434760093688965,304.0,1.2672181129455566,8.72978401184082,6,,,,,,,,,,,,
,,11469,3.0,0.08560359477996826,0.9783999919891357,0.5243756175041199,0.5481646060943604,0.531679093837738,5.008579254150391,69.0,0.2875029742717743,5.381685733795166,6,,,,,,,,,,,,
,,11479,3.0,0.2466539591550827,0.9645333290100098,0.48822298645973206,0.49375468492507935,0.49097326397895813,6.00197696685791,162.0,2.6170122623443604,8.865643501281738,6,,,,,,,,,,,,
,,11489,3.0,0.2706628143787384,0.9669333100318909,0.4876277446746826,0.4956260323524475,0.4915943741798401,10.683710098266602,193.0,2.540264368057251,13.494637489318848,6,,,,,,,,,,,,
,,11499,3.0,0.2259269505739212,0.9627333283424377,0.49011948704719543,0.4982868731021881,0.4922883212566376,8.487870216369629,314.0,0.592129647731781,9.305927276611328,6,,,,,,,,,,,,
,,11509,3.0,0.2892979085445404,0.9531999826431274,0.48313847184181213,0.49300047755241394,0.4880196452140808,8.5153226852417,337.0,6.4591240882873535,15.263744354248047,6,,,,,,,,,,,,
,,11519,3.0,0.3503975570201874,0.9483333230018616,0.5863333940505981,0.5432829260826111,0.5556498169898987,8.063438415527344,310.0,9.884847640991211,18.298683166503906,6,,,,,,,,,,,,
,,11529,3.0,0.36335206031799316,0.9577999711036682,0.4835745394229889,0.49500414729118347,0.48922258615493774,7.724786758422852,240.0,8.605036735534668,16.69317626953125,6,,,,,,,,,,,,
,,11539,3.0,0.27855220437049866,0.9631999731063843,0.4854186177253723,0.49594947695732117,0.49062755703926086,13.298139572143555,319.0,6.707240104675293,20.283931732177734,6,,,,,,,,,,,,
,,11549,3.0,0.0718800500035286,0.9878666400909424,0.49532023072242737,0.4985868036746979,0.49694815278053284,4.951474666595459,62.0,0.4505021870136261,5.4738569259643555,6,,,,,,,,,,,,
9.8807879715968e-05,0.00098807879715968,11557,,,,,,,,,,,,,,,,,,,,,,,
,,11559,3.0,0.26322677731513977,0.9772666692733765,0.49772194027900696,0.49935415387153625,0.49716636538505554,6.152438640594482,214.0,0.9181208610534668,7.333786487579346,7,,,,,,,,,,,,
,,11569,3.0,0.09250397980213165,0.9796000123023987,0.5110825896263123,0.5062675476074219,0.5075849294662476,6.6547160148620605,160.0,3.74169659614563,10.488916397094727,7,,,,,,,,,,,,
,,11579,3.0,0.1077718660235405,0.9818666577339172,0.4931029975414276,0.4977693557739258,0.49542519450187683,6.1514973640441895,96.0,1.37850821018219,7.637777328491211,7,,,,,,,,,,,,
,,11589,3.0,0.21461693942546844,0.956333339214325,0.4905279576778412,0.4871629476547241,0.48883965611457825,12.421623229980469,144.0,1.263083577156067,13.899323463439941,7,,,,,,,,,,,,
,,11599,3.0,0.2566903233528137,0.9520000219345093,0.4912280738353729,0.48423194885253906,0.48770493268966675,9.204224586486816,122.0,1.6884199380874634,11.149334907531738,7,,,,,,,,,,,,
,,11609,3.0,0.4421006143093109,0.948199987411499,0.5902265310287476,0.5268557667732239,0.536492645740509,7.32887077331543,338.0,1.1668246984481812,8.937795639038086,7,,,,,,,,,,,,
,,11619,3.0,0.1269162893295288,0.9694666862487793,0.49251505732536316,0.4919818639755249,0.4922483265399933,7.514161586761475,136.0,0.08764100819826126,7.728719234466553,7,,,,,,,,,,,,
,,11629,3.0,0.23230020701885223,0.9691333174705505,0.7052522897720337,0.5414231419563293,0.5642303824424744,6.965071201324463,183.0,1.1079380512237549,8.305309295654297,7,,,,,,,,,,,,
,,11639,3.0,0.11685674637556076,0.9714666604995728,0.4932972192764282,0.49223077297210693,0.4927634298801422,7.190269470214844,125.0,0.483760267496109,7.790886402130127,7,,,,,,,,,,,,
,,11649,3.0,0.12213407456874847,0.9645333290100098,0.4954794645309448,0.4865483045578003,0.49097326397895813,5.088984489440918,114.0,0.8509979248046875,6.062116622924805,7,,,,,,,,,,,,
,,11659,3.0,0.14891546964645386,0.9676666855812073,0.5726412534713745,0.5326153635978699,0.5435242056846619,9.308056831359863,184.0,0.699357807636261,10.156330108642578,7,,,,,,,,,,,,
,,11669,3.0,0.31108441948890686,0.9625333547592163,0.48553940653800964,0.4954701364040375,0.4904545247554779,7.168588638305664,240.0,0.5262752771377563,8.005948066711426,7,,,,,,,,,,,,
,,11679,3.0,0.11352686583995819,0.9719333052635193,0.49551355838775635,0.4902811348438263,0.49288347363471985,10.533548355102539,118.0,0.046401187777519226,10.693476676940918,7,,,,,,,,,,,,
,,11689,3.0,0.20139044523239136,0.9636666774749756,0.4952460825443268,0.4904296100139618,0.49257612228393555,8.13592529296875,111.0,1.6605101823806763,9.997825622558594,7,,,,,,,,,,,,
,,11699,3.0,0.45300403237342834,0.9574666619300842,0.5347973108291626,0.5010461211204529,0.49224939942359924,8.129530906677246,317.0,11.145195960998535,19.72772979736328,7,,,,,,,,,,,,
,,11709,3.0,0.1672746241092682,0.9603999853134155,0.4954068660736084,0.48859676718711853,0.4915771782398224,6.014449596405029,114.0,0.14602097868919373,6.327744960784912,7,,,,,,,,,,,,
,,11719,3.0,0.5317339897155762,0.9359333515167236,0.476168155670166,0.4948527216911316,0.4844905734062195,7.8835673332214355,328.0,6.555344104766846,14.970645904541016,7,,,,,,,,,,,,
,,11729,3.0,0.4184923768043518,0.918666660785675,0.48459699749946594,0.47314929962158203,0.47880473732948303,6.993589878082275,224.0,10.51767349243164,17.92975616455078,7,,,,,,,,,,,,
,,11739,3.0,0.40119341015815735,0.9509999752044678,0.4794313311576843,0.4957256019115448,0.48744234442710876,8.665862083435059,257.0,0.862104594707489,9.929160118103027,7,,,,,,,,,,,,
,,11749,3.0,0.23420314490795135,0.9644666910171509,0.4961971640586853,0.49787357449531555,0.4965199828147888,9.406712532043457,182.0,4.394100189208984,14.035016059875488,7,,,,,,,,,,,,
,,11759,3.0,0.14180442690849304,0.9549999833106995,0.49553757905960083,0.48164212703704834,0.4884910583496094,4.975092887878418,64.0,0.8779999017715454,5.99489688873291,7,,,,,,,,,,,,
,,11769,3.0,0.24970650672912598,0.9646666646003723,0.5764255523681641,0.5208798050880432,0.5293219089508057,7.285369873046875,264.0,4.374929428100586,11.910005569458008,7,,,,,,,,,,,,
,,11779,3.0,0.47597476840019226,0.9387999773025513,0.4870903491973877,0.4941929280757904,0.4895995557308197,7.806933403015137,387.0,5.563215255737305,13.846123695373535,7,,,,,,,,,,,,
,,11789,3.0,0.048693351447582245,0.9836000204086304,0.5287445783615112,0.6072760820388794,0.543656587600708,4.189782619476318,30.0,0.7603707909584045,4.998846530914307,7,,,,,,,,,,,,
,,11799,3.0,0.24088342487812042,0.9593999981880188,0.48862555623054504,0.4906580150127411,0.4896396994590759,7.013086795806885,157.0,1.207750916481018,8.461721420288086,7,,,,,,,,,,,,
,,11809,3.0,0.1687777191400528,0.9728666543960571,0.4903232455253601,0.4959556758403778,0.4931233823299408,5.394590854644775,144.0,1.5980440378189087,7.161412715911865,7,,,,,,,,,,,,
,,11819,3.0,0.2436383068561554,0.9634000062942505,0.48794570565223694,0.49344396591186523,0.49067944288253784,8.628031730651855,221.0,3.6346068382263184,12.506277084350586,7,,,,,,,,,,,,
,,11829,3.0,0.4985659420490265,0.9400666952133179,0.4761277735233307,0.4932834208011627,0.4845537841320038,8.043190956115723,321.0,7.940193176269531,16.481948852539062,7,,,,,,,,,,,,
,,11839,3.0,0.25250592827796936,0.9527333378791809,0.49133604764938354,0.48450636863708496,0.4878973066806793,7.223544120788574,140.0,2.3372037410736084,9.813253402709961,7,,,,,,,,,,,,
,,11849,3.0,0.32390180230140686,0.949733316898346,0.49043697118759155,0.4917178750038147,0.49105408787727356,8.369327545166016,252.0,7.666835784912109,16.360065460205078,7,,,,,,,,,,,,
,,11859,3.0,0.17195995151996613,0.9723333120346069,0.4887734651565552,0.49727243185043335,0.4929863214492798,6.196303844451904,308.0,3.256455421447754,9.624719619750977,7,,,,,,,,,,,,
,,11869,3.0,0.09445081651210785,0.980733335018158,0.49458715319633484,0.4956870377063751,0.49513646960258484,5.418506145477295,109.0,1.1251678466796875,6.638124942779541,7,,,,,,,,,,,,
,,11879,3.0,0.35902878642082214,0.951533317565918,0.47863849997520447,0.49686694145202637,0.48758241534233093,8.230864524841309,351.0,1.4184184074401855,10.008312225341797,7,,,,,,,,,,,,
,,11889,3.0,0.2502498924732208,0.9649333357810974,0.513319730758667,0.5034586191177368,0.5022256374359131,8.67885971069336,235.0,2.1505119800567627,11.079621315002441,7,,,,,,,,,,,,
,,11899,3.0,0.35471704602241516,0.9503999948501587,0.49258580803871155,0.4992639422416687,0.48995673656463623,8.556262016296387,393.0,4.838979244232178,13.749958038330078,7,,,,,,,,,,,,
,,11909,3.0,0.0859827846288681,0.9814666509628296,0.5262549519538879,0.5252218842506409,0.5257259011268616,4.895659923553467,83.0,5.72727632522583,10.708919525146484,7,,,,,,,,,,,,
,,11919,3.0,0.49705296754837036,0.9433333277702332,0.4981044828891754,0.49963659048080444,0.49237480759620667,7.031191825866699,345.0,2.3157238960266113,9.843969345092773,7,,,,,,,,,,,,
,,11929,3.0,0.4343123733997345,0.9557333588600159,0.4856039583683014,0.49180102348327637,0.4886828362941742,6.428590774536133,339.0,6.094478130340576,12.957381248474121,7,,,,,,,,,,,,
,,11939,3.0,0.4580889046192169,0.9545333385467529,0.4784788191318512,0.49867650866508484,0.4883689284324646,10.347922325134277,337.0,1.0189732313156128,11.824984550476074,7,,,,,,,,,,,,
,,11949,3.0,0.22006839513778687,0.9621333479881287,0.48977500200271606,0.4982337951660156,0.49210435152053833,6.417405128479004,281.0,12.59659481048584,19.234067916870117,7,,,,,,,,,,,,
,,11959,3.0,0.3971186876296997,0.962066650390625,0.48549991846084595,0.4952639043331146,0.49033331871032715,6.825448989868164,365.0,1.5205694437026978,8.74313735961914,7,,,,,,,,,,,,
,,11969,3.0,0.2860257625579834,0.9623333215713501,0.4876359701156616,0.49320077896118164,0.49040257930755615,6.692777633666992,278.0,2.1188127994537354,9.097616195678711,7,,,,,,,,,,,,
,,11979,3.0,0.2627769708633423,0.9445333480834961,0.49027615785598755,0.48128268122673035,0.48573780059814453,10.037703514099121,252.0,0.3900102972984314,10.69049072265625,7,,,,,,,,,,,,
,,11989,3.0,0.22873535752296448,0.9589333534240723,0.4919288754463196,0.4871308505535126,0.48951810598373413,6.909502983093262,154.0,1.1791852712631226,8.317423820495605,7,,,,,,,,,,,,
,,11999,3.0,0.11472183465957642,0.9702666401863098,0.6828396320343018,0.6225008368492126,0.6461303234100342,9.717663764953613,251.0,0.29935938119888306,10.131745338439941,7,,,,,,,,,,,,
,,12009,3.0,0.07060541212558746,0.984333336353302,0.4955695867538452,0.4965361952781677,0.49605241417884827,5.871941566467285,60.0,0.35445383191108704,6.297000885009766,7,,,,,,,,,,,,
,,12019,3.0,0.2205018550157547,0.9620000123977661,0.49001631140708923,0.4906160831451416,0.4903160035610199,7.0157246589660645,149.0,3.3104424476623535,10.546669006347656,7,,,,,,,,,,,,
,,12029,3.0,0.09058383107185364,0.9833999872207642,0.7382736206054688,0.6298093795776367,0.667300820350647,6.42919397354126,143.0,2.2438015937805176,8.763579368591309,7,,,,,,,,,,,,
,,12039,3.0,0.06923419237136841,0.9815333485603333,0.4977013170719147,0.4930016100406647,0.4953403174877167,4.086611747741699,35.0,0.19423802196979523,4.35008430480957,7,,,,,,,,,,,,
,,12049,3.0,0.32403287291526794,0.9506000280380249,0.48732057213783264,0.4873538911342621,0.48733723163604736,6.42065954208374,259.0,1.5642600059509277,8.308952331542969,7,,,,,,,,,,,,
,,12059,3.0,0.15252968668937683,0.9740666747093201,0.49371492862701416,0.4931483864784241,0.4934315085411072,6.2162766456604,90.0,1.8299676179885864,8.198774337768555,7,,,,,,,,,,,,
,,12069,3.0,0.40306758880615234,0.9556666612625122,0.5401240587234497,0.5144468545913696,0.5183521509170532,7.502160549163818,320.0,5.29255485534668,13.197782516479492,7,,,,,,,,,,,,
,,12079,3.0,0.18948368728160858,0.9783333539962769,0.4905073940753937,0.49860695004463196,0.4945240020751953,7.174886226654053,170.0,0.640571653842926,8.004941940307617,7,,,,,,,,,,,,
,,12089,3.0,0.438985675573349,0.9527999758720398,0.47690871357917786,0.49944087862968445,0.4879148006439209,6.788751125335693,320.0,3.74788236618042,10.975619316101074,7,,,,,,,,,,,,
,,12099,3.0,0.06091233715415001,0.9850666522979736,0.4962385892868042,0.4962385892868042,0.4962385892868042,6.0352020263671875,95.0,1.5429412126541138,7.639055252075195,7,,,,,,,,,,,,
,,12109,3.0,0.3020063042640686,0.9693999886512756,0.48710304498672485,0.49746835231781006,0.4922311305999756,7.794582843780518,212.0,5.898721694946289,13.99531078338623,7,,,,,,,,,,,,
,,12119,3.0,0.17562365531921387,0.9692000150680542,0.5953159928321838,0.5481095314025879,0.5627913475036621,5.961409568786621,163.0,5.539592266082764,11.676626205444336,7,,,,,,,,,,,,
,,12129,3.0,0.2566952407360077,0.9671333432197571,0.4915961027145386,0.4971437454223633,0.4936656951904297,8.145503044128418,254.0,6.745630741119385,15.147829055786133,7,,,,,,,,,,,,
,,12139,3.0,0.14521363377571106,0.9726666808128357,0.49867141246795654,0.4977954924106598,0.497901976108551,6.329220294952393,108.0,1.734426736831665,8.208860397338867,7,,,,,,,,,,,,
,,12149,3.0,0.11078813672065735,0.9801999926567078,0.49870654940605164,0.4994732737541199,0.49834463000297546,6.640082836151123,110.0,0.37873801589012146,7.129609107971191,7,,,,,,,,,,,,
,,12159,3.0,0.121300607919693,0.9725333452224731,0.5646423697471619,0.5294610857963562,0.5392833352088928,6.136909484863281,257.0,5.598302841186523,11.856513023376465,7,,,,,,,,,,,,
,,12169,3.0,0.25980275869369507,0.9611999988555908,0.48666712641716003,0.493598073720932,0.49010810256004333,6.424347400665283,159.0,3.7382142543792725,10.422364234924316,7,,,,,,,,,,,,
,,12179,3.0,0.24615386128425598,0.9564666748046875,0.4899322986602783,0.490877628326416,0.4904004633426666,8.56958293914795,191.0,1.7348403930664062,10.550577163696289,7,,,,,,,,,,,,
,,12189,3.0,0.11489059776067734,0.9632666707038879,0.49622225761413574,0.4851914048194885,0.4906448423862457,5.806343078613281,42.0,0.18074771761894226,6.101981163024902,7,,,,,,,,,,,,
,,12199,3.0,0.19307295978069305,0.9697333574295044,0.48930302262306213,0.49536848068237305,0.4923170506954193,8.218953132629395,155.0,0.5411087870597839,8.95313549041748,7,,,,,,,,,,,,
,,12209,3.0,0.15820854902267456,0.9735999703407288,0.49489283561706543,0.4979763329029083,0.49582383036613464,7.225387096405029,178.0,1.0633609294891357,8.446956634521484,7,,,,,,,,,,,,
,,12219,3.0,0.21444392204284668,0.97079998254776,0.5139042735099792,0.502052366733551,0.49934709072113037,8.282120704650879,282.0,8.991480827331543,17.48804473876953,7,,,,,,,,,,,,
,,12229,3.0,0.31812962889671326,0.9521999955177307,0.48421263694763184,0.49726608395576477,0.4891473948955536,8.084772109985352,352.0,4.935310363769531,13.338212013244629,7,,,,,,,,,,,,
,,12239,3.0,0.35344672203063965,0.9621333479881287,0.4907349944114685,0.49875006079673767,0.49210435152053833,6.824656963348389,331.0,1.6408421993255615,8.81894588470459,7,,,,,,,,,,,,
,,12249,3.0,0.3635483682155609,0.9510666728019714,0.4850960969924927,0.49844467639923096,0.4888176918029785,6.5296735763549805,249.0,14.320301055908203,21.213523864746094,7,,,,,,,,,,,,
,,12259,3.0,0.17241910099983215,0.9628000259399414,0.48919451236724854,0.4918602406978607,0.4905237555503845,6.7634148597717285,242.0,1.4670261144638062,8.402859687805176,7,,,,,,,,,,,,
,,12269,3.0,0.16441725194454193,0.9594666957855225,0.4933497905731201,0.48601919412612915,0.48965704441070557,7.386620998382568,148.0,0.08495263010263443,7.635991096496582,7,,,,,,,,,,,,
,,12279,3.0,0.2737092673778534,0.9490666389465332,0.4915933907032013,0.4877050518989563,0.4895362854003906,8.740471839904785,232.0,6.471670627593994,15.485851287841797,7,,,,,,,,,,,,
,,12289,3.0,0.32960718870162964,0.9398000240325928,0.49014660716056824,0.48359888792037964,0.4866858720779419,13.2618408203125,203.0,6.779575347900391,20.371023178100586,7,,,,,,,,,,,,
,,12299,3.0,0.20712921023368835,0.951200008392334,0.49448949098587036,0.48069536685943604,0.48749488592147827,8.323468208312988,101.0,0.07821309566497803,8.608810424804688,7,,,,,,,,,,,,
,,12309,3.0,0.3819201588630676,0.9446666836738586,0.4827938675880432,0.48878923058509827,0.4857730567455292,11.946586608886719,322.0,4.816157341003418,17.144664764404297,7,,,,,,,,,,,,
,,12319,3.0,0.12628670036792755,0.972266674041748,0.4944734573364258,0.4914740324020386,0.49296918511390686,9.18914794921875,85.0,0.2324894219636917,9.547924041748047,7,,,,,,,,,,,,
,,12329,3.0,0.2675381898880005,0.9616666436195374,0.4893147945404053,0.4911474287509918,0.49022939801216125,7.086476802825928,129.0,1.354507565498352,8.70852279663086,7,,,,,,,,,,,,
,,12339,3.0,0.21672378480434418,0.9552666544914246,0.4955829381942749,0.49148693680763245,0.49298977851867676,9.027667045593262,132.0,1.9048207998275757,11.149210929870605,7,,,,,,,,,,,,
,,12349,3.0,0.1163041740655899,0.9753333330154419,0.5377083420753479,0.5239446759223938,0.5289263129234314,5.618264198303223,139.0,2.6936094760894775,8.428177833557129,7,,,,,,,,,,,,
,,12359,3.0,0.17080584168434143,0.9518666863441467,0.49987590312957764,0.4997602701187134,0.49850329756736755,6.355631351470947,175.0,2.5517187118530273,9.078155517578125,7,,,,,,,,,,,,
,,12369,3.0,0.13388510048389435,0.9769333600997925,0.4901331067085266,0.4982658922672272,0.4941660463809967,7.6935133934021,131.0,2.1526803970336914,9.98007869720459,7,,,,,,,,,,,,
,,12379,3.0,0.3840516209602356,0.9467999935150146,0.4915510416030884,0.4966582953929901,0.4925200045108795,7.424280166625977,284.0,5.410845756530762,13.21917724609375,7,,,,,,,,,,,,
,,12389,3.0,0.07411368191242218,0.987333357334137,0.49664655327796936,0.49697986245155334,0.4968131482601166,4.7260823249816895,58.0,0.5658855438232422,5.366081714630127,7,,,,,,,,,,,,
,,12399,3.0,0.18071527779102325,0.9542666673660278,0.4921944737434387,0.4844649136066437,0.48829910159111023,11.469590187072754,146.0,1.8074227571487427,13.457728385925293,7,,,,,,,,,,,,
,,12409,3.0,0.1315305233001709,0.9730666875839233,0.494841992855072,0.4983794093132019,0.49563732743263245,7.00872278213501,252.0,4.916537284851074,12.056790351867676,7,,,,,,,,,,,,
,,12419,3.0,0.22435709834098816,0.9539333581924438,0.48502036929130554,0.49599558115005493,0.489654004573822,8.202773094177246,325.0,5.635204792022705,14.062334060668945,7,,,,,,,,,,,,
,,12429,3.0,0.10894563049077988,0.9761999845504761,0.4960365891456604,0.4919371008872986,0.493978351354599,7.043753623962402,58.0,3.257805585861206,10.410505294799805,7,,,,,,,,,,,,
,,12439,3.0,0.2496737688779831,0.9621999859809875,0.49115225672721863,0.4895861744880676,0.49036794900894165,8.263975143432617,177.0,1.5996562242507935,10.11330509185791,7,,,,,,,,,,,,
,,12449,3.0,0.18889392912387848,0.9696666598320007,0.49105334281921387,0.4935527741909027,0.492299884557724,8.80530071258545,192.0,1.4324427843093872,10.426637649536133,7,,,,,,,,,,,,
,,12459,3.0,0.45287656784057617,0.9470000267028809,0.47967177629470825,0.49329766631126404,0.48638930916786194,6.903558731079102,370.0,1.7429741621017456,9.099409103393555,7,,,,,,,,,,,,
,,12469,3.0,0.22405125200748444,0.9714000225067139,0.6759286522865295,0.5124158263206482,0.5171310901641846,6.524753570556641,263.0,4.4766459465026855,11.22545051574707,7,,,,,,,,,,,,
,,12479,3.0,0.2050522416830063,0.954800009727478,0.4926799237728119,0.48740795254707336,0.48990851640701294,8.175514221191406,188.0,0.41759487986564636,8.798161506652832,7,,,,,,,,,,,,
,,12489,3.0,0.44018837809562683,0.9354666471481323,0.481372207403183,0.4853012263774872,0.4833287298679352,7.780793190002441,300.0,2.1396734714508057,10.360654830932617,7,,,,,,,,,,,,
,,12499,3.0,0.16208593547344208,0.966533362865448,0.49132439494132996,0.4916576147079468,0.4914909601211548,6.045905113220215,104.0,1.4356211423873901,7.643612384796143,7,,,,,,,,,,,,
,,12509,3.0,0.3918488025665283,0.9464666843414307,0.482694149017334,0.4898557662963867,0.48624858260154724,6.5360493659973145,368.0,1.367714285850525,8.295612335205078,7,,,,,,,,,,,,
,,12519,3.0,0.11160577088594437,0.9831333160400391,0.4951648712158203,0.49633145332336426,0.49574747681617737,6.107478618621826,63.0,0.9756296277046204,7.194714069366455,7,,,,,,,,,,,,
,,12529,3.0,0.3356887698173523,0.9571333527565002,0.48181086778640747,0.4965071380138397,0.4890486001968384,6.284643650054932,309.0,2.289273977279663,8.909605979919434,7,,,,,,,,,,,,
,,12539,3.0,0.10788308829069138,0.9826666712760925,0.4918908178806305,0.499424010515213,0.4956287741661072,5.8191237449646,162.0,1.6200400590896606,7.547046661376953,7,,,,,,,,,,,,
,,12549,3.0,0.16583451628684998,0.9753999710083008,0.4917322099208832,0.4958316385746002,0.4937734007835388,10.00446605682373,192.0,1.748008370399475,11.918309211730957,7,,,,,,,,,,,,
,,12559,3.0,0.11025504022836685,0.9818000197410583,0.4941283166408539,0.49669477343559265,0.49540820717811584,5.69346284866333,126.0,7.656585693359375,13.460304260253906,7,,,,,,,,,,,,
,,12569,3.0,0.19994816184043884,0.9768666625022888,0.4903292655944824,0.4980286955833435,0.49414899945259094,7.1847333908081055,210.0,15.479548454284668,22.86423110961914,7,,,,,,,,,,,,
,,12579,3.0,0.1307438611984253,0.9709333181381226,0.49520570039749146,0.4900733530521393,0.4926261603832245,7.020988464355469,98.0,0.3592773377895355,7.511009693145752,7,,,,,,,,,,,,
,,12589,3.0,0.4628196060657501,0.9449999928474426,0.4733836352825165,0.499014288187027,0.4858611822128296,7.319789409637451,336.0,8.43408203125,16.216690063476562,7,,,,,,,,,,,,
,,12599,3.0,0.08072876185178757,0.9859333038330078,0.49590906500816345,0.4970090091228485,0.49645841121673584,6.517453193664551,60.0,0.16410307586193085,6.762284755706787,7,,,,,,,,,,,,
,,12609,3.0,0.18528896570205688,0.9762666821479797,0.500899612903595,0.5001283884048462,0.49678829312324524,11.839378356933594,220.0,0.3563653528690338,12.381032943725586,7,,,,,,,,,,,,
,,12619,3.0,0.41388845443725586,0.9517333507537842,0.4838810861110687,0.4960644245147705,0.4890114963054657,6.7825026512146,333.0,5.318213939666748,12.514604568481445,7,,,,,,,,,,,,
,,12629,3.0,0.16296233236789703,0.974399983882904,0.48945146799087524,0.4976506531238556,0.4935170114040375,10.710624694824219,222.0,1.4867347478866577,12.360321044921875,7,,,,,,,,,,,,
,,12639,3.0,0.16277527809143066,0.955133318901062,0.495709627866745,0.48154744505882263,0.488525927066803,6.168280601501465,69.0,1.6362042427062988,7.967259883880615,7,,,,,,,,,,,,
,,12649,3.0,0.2324659377336502,0.9756666421890259,0.4899892807006836,0.4977552592754364,0.4938417375087738,6.1660542488098145,246.0,0.8848057985305786,7.283325672149658,7,,,,,,,,,,,,
,,12659,3.0,0.15919668972492218,0.9674666523933411,0.5088339447975159,0.5036951303482056,0.5037288069725037,10.125129699707031,255.0,0.7339929342269897,11.018319129943848,7,,,,,,,,,,,,
,,12669,3.0,0.2871001958847046,0.9542666673660278,0.4880993068218231,0.48849907517433167,0.48829910159111023,9.87052059173584,130.0,0.563474178314209,10.721094131469727,7,,,,,,,,,,,,
,,12679,3.0,0.08927763998508453,0.9805999994277954,0.5114513039588928,0.5119909644126892,0.5117121338844299,6.194123268127441,72.0,1.299134373664856,7.582535266876221,7,,,,,,,,,,,,
,,12689,3.0,0.3580266535282135,0.939466655254364,0.4832647442817688,0.48552921414375305,0.4843943417072296,7.680430889129639,381.0,8.844173431396484,16.882631301879883,7,,,,,,,,,,,,
,,12699,3.0,0.14223553240299225,0.960266649723053,0.5226290225982666,0.526212751865387,0.524225115776062,9.091294288635254,184.0,0.24423842132091522,9.477768898010254,7,,,,,,,,,,,,
,,12709,3.0,0.03829163312911987,0.9924666881561279,0.498259574174881,0.49795958399772644,0.4981095492839813,4.805918216705322,38.0,0.08320726454257965,4.927416801452637,7,,,,,,,,,,,,
,,12719,3.0,0.36905035376548767,0.9556000232696533,0.4935302138328552,0.4984338879585266,0.49310997128486633,9.060439109802246,323.0,1.0376880168914795,10.467177391052246,7,,,,,,,,,,,,
,,12729,3.0,0.21908381581306458,0.9694666862487793,0.4882815182209015,0.49628010392189026,0.4922483265399933,8.026004791259766,164.0,0.6887114644050598,8.933799743652344,7,,,,,,,,,,,,
,,12739,3.0,0.263022780418396,0.9699333310127258,0.49387842416763306,0.4987008571624756,0.4945756196975708,7.5139594078063965,287.0,8.610577583312988,16.38755989074707,7,,,,,,,,,,,,
,,12749,3.0,0.30787450075149536,0.9659333229064941,0.48357918858528137,0.49934518337249756,0.49133574962615967,7.593331813812256,282.0,2.792389392852783,10.693595886230469,7,,,,,,,,,,,,
,,12759,3.0,0.34251540899276733,0.9671333432197571,0.4870081841945648,0.49637308716773987,0.49164605140686035,6.676588535308838,309.0,2.311572790145874,9.330677032470703,7,,,,,,,,,,,,
,,12769,3.0,0.2525324821472168,0.9696000218391418,0.4929337203502655,0.4978363513946533,0.49446558952331543,6.667001247406006,251.0,1.0997575521469116,8.019290924072266,7,,,,,,,,,,,,
,,12779,3.0,0.1428353488445282,0.9643999934196472,0.5254162549972534,0.5127362608909607,0.5158411264419556,6.248198986053467,206.0,6.513928413391113,12.904962539672852,7,,,,,,,,,,,,
,,12789,3.0,0.10501530021429062,0.982866644859314,0.4998672902584076,0.49992650747299194,0.49954038858413696,4.771620750427246,80.0,0.6186994314193726,5.495335578918457,7,,,,,,,,,,,,
,,12799,3.0,0.08767776191234589,0.9719333052635193,0.4967629909515381,0.4890640676021576,0.49288347363471985,3.9339675903320312,59.0,0.44716182351112366,4.468807220458984,7,,,,,,,,,,,,
,,12809,3.0,0.3687051236629486,0.9541333317756653,0.4884070158004761,0.49648070335388184,0.4911527633666992,6.737672805786133,373.0,6.907409191131592,14.013787269592285,7,,,,,,,,,,,,
,,12819,3.0,0.14417718350887299,0.9826666712760925,0.49307551980018616,0.498208612203598,0.4956287741661072,6.195155620574951,130.0,0.621253490447998,6.960586071014404,7,,,,,,,,,,,,
,,12829,3.0,0.33347904682159424,0.9692666530609131,0.4864819645881653,0.498047411441803,0.4921967685222626,9.81635570526123,260.0,5.3863205909729,15.536155700683594,7,,,,,,,,,,,,
,,12839,3.0,0.10989652574062347,0.9769333600997925,0.4946998953819275,0.49363335967063904,0.4941660463809967,5.452022552490234,107.0,2.20271372795105,7.7646331787109375,7,,,,,,,,,,,,
,,12849,3.0,0.07686483860015869,0.9829999804496765,0.5122119188308716,0.5099560022354126,0.5109215378761292,6.70582389831543,111.0,0.1340527981519699,6.916741371154785,7,,,,,,,,,,,,
,,12859,3.0,0.2718122601509094,0.9674000144004822,0.4857075810432434,0.4978727698326111,0.4917149543762207,7.15920352935791,310.0,1.2333307266235352,8.664346694946289,7,,,,,,,,,,,,
,,12869,3.0,0.0865267664194107,0.9869333505630493,0.5954439043998718,0.547648549079895,0.5630801916122437,6.095248222351074,92.0,1.0096515417099,7.191426753997803,7,,,,,,,,,,,,
,,12879,3.0,0.1608312875032425,0.9610000252723694,0.49063989520072937,0.4894736707210541,0.4900560975074768,6.824667453765869,146.0,4.647797584533691,11.633296966552734,7,,,,,,,,,,,,
,,12889,3.0,0.3624730408191681,0.9381999969482422,0.48089802265167236,0.4872584939002991,0.48405736684799194,6.298949241638184,240.0,5.681722164154053,12.343144416809082,7,,,,,,,,,,,,
,,12899,3.0,0.09365667402744293,0.9724666476249695,0.4965279996395111,0.48956236243247986,0.49302059412002563,4.504776477813721,56.0,0.13456375896930695,4.732996940612793,7,,,,,,,,,,,,
,,12909,3.0,0.24651600420475006,0.9744666814804077,0.5251515507698059,0.5150161385536194,0.5183436274528503,5.977566719055176,200.0,0.5621450543403625,6.786228179931641,7,,,,,,,,,,,,
,,12919,3.0,0.41470226645469666,0.9336666464805603,0.47743234038352966,0.48838749527931213,0.48284777998924255,7.762332439422607,231.0,5.342128276824951,13.519163131713867,7,,,,,,,,,,,,
,,12929,3.0,0.1462087631225586,0.979533314704895,0.6186543703079224,0.6027762293815613,0.6101025938987732,8.945115089416504,122.0,0.8386973738670349,9.930021286010742,7,,,,,,,,,,,,
,,12939,3.0,0.12993982434272766,0.9685333371162415,0.4951264262199402,0.48892778158187866,0.4920075833797455,9.369159698486328,109.0,0.8140264749526978,10.313126564025879,7,,,,,,,,,,,,
,,12949,3.0,0.11169130355119705,0.9742000102996826,0.4990249574184418,0.4985542893409729,0.4985799193382263,5.155725002288818,82.0,2.981684684753418,8.249101638793945,7,,,,,,,,,,,,
,,12959,3.0,0.3377961814403534,0.9495333433151245,0.481052428483963,0.49321281909942627,0.4870567321777344,7.130239963531494,270.0,2.872501850128174,10.340538024902344,7,,,,,,,,,,,,
,,12969,3.0,0.34924426674842834,0.9498000144958496,0.4848557114601135,0.48941943049430847,0.487126886844635,7.857977867126465,271.0,7.020358562469482,15.227581024169922,7,,,,,,,,,,,,
,,12979,3.0,0.3069535195827484,0.9634666442871094,0.48315057158470154,0.498482346534729,0.4906967282295227,7.963866710662842,269.0,5.767266273498535,14.038086891174316,7,,,,,,,,,,,,
,,12989,3.0,0.3586709201335907,0.9423999786376953,0.4857397973537445,0.4846074879169464,0.48517298698425293,6.977941989898682,342.0,14.036595344543457,21.373207092285156,7,,,,,,,,,,,,
,,12999,3.0,0.33001089096069336,0.9437999725341797,0.47679510712623596,0.4946195185184479,0.48554378747940063,8.293867111206055,346.0,7.275538444519043,15.89941692352295,7,,,,,,,,,,,,
,,13009,3.0,0.3644333779811859,0.9597333073616028,0.4828280210494995,0.4968249499797821,0.4897264838218689,6.766526222229004,285.0,4.702243804931641,11.833203315734863,7,,,,,,,,,,,,
,,13019,3.0,0.10466966032981873,0.9720666408538818,0.4959857761859894,0.4946984648704529,0.4952925741672516,5.973271369934082,91.0,0.4745279848575592,6.552468776702881,7,,,,,,,,,,,,
,,13029,3.0,0.3388005197048187,0.9550666809082031,0.49135279655456543,0.49598705768585205,0.49291789531707764,7.9953484535217285,333.0,8.187792778015137,16.521942138671875,7,,,,,,,,,,,,
,,13039,3.0,0.07922292500734329,0.975266695022583,0.581309974193573,0.5914015173912048,0.5860291719436646,4.857848644256592,121.0,3.0470833778381348,7.984155178070068,7,,,,,,,,,,,,
,,13049,3.0,0.2522856295108795,0.9489333629608154,0.48629996180534363,0.4874991476535797,0.486898809671402,8.681078910827637,328.0,3.0304980278015137,11.963863372802734,7,,,,,,,,,,,,
,,13059,3.0,0.20040562748908997,0.9661999940872192,0.4882757365703583,0.4945741295814514,0.4914047420024872,5.560240268707275,166.0,5.744041442871094,11.504687309265137,7,,,,,,,,,,,,
,,13069,3.0,0.1751553863286972,0.9736666679382324,0.49181708693504333,0.49484989047050476,0.49332883954048157,7.903181552886963,119.0,2.6479222774505615,10.726259231567383,7,,,,,,,,,,,,
,,13079,3.0,0.403684139251709,0.9410666823387146,0.4871008098125458,0.4921592175960541,0.489299476146698,7.831478118896484,256.0,5.566163539886475,13.801326751708984,7,,,,,,,,,,,,
,,13089,3.0,0.4674099087715149,0.9380666613578796,0.4815220534801483,0.49740609526634216,0.48616328835487366,8.941009521484375,467.0,6.489113807678223,15.897533416748047,7,,,,,,,,,,,,
,,13099,3.0,0.5137426257133484,0.9387999773025513,0.48255252838134766,0.4977940320968628,0.4863840639591217,7.049148082733154,325.0,3.3243181705474854,10.887208938598633,7,,,,,,,,,,,,
,,13109,3.0,0.3393097221851349,0.9537333250045776,0.4852452278137207,0.49110883474349976,0.4881594181060791,6.957249164581299,235.0,1.1079739332199097,8.404532432556152,7,,,,,,,,,,,,
,,13119,3.0,0.28660234808921814,0.9440000057220459,0.4903542399406433,0.49026548862457275,0.4903097450733185,8.306219100952148,195.0,4.028635501861572,12.621456146240234,7,,,,,,,,,,,,
,,13129,3.0,0.2727721333503723,0.9657333493232727,0.4897890090942383,0.4927881360054016,0.49128401279449463,6.6395063400268555,263.0,3.460444450378418,10.372722625732422,7,,,,,,,,,,,,
,,13139,3.0,0.2592751681804657,0.9660666584968567,0.4885375201702118,0.494236022233963,0.4913702607154846,6.204012393951416,297.0,2.1795032024383545,8.642790794372559,7,,,,,,,,,,,,
,,13149,3.0,0.10127098113298416,0.9700000286102295,0.49770814180374146,0.4871760606765747,0.49238577485084534,4.293320178985596,43.0,0.030038515105843544,4.4246296882629395,7,,,,,,,,,,,,
,,13159,3.0,0.3559347987174988,0.9560666680335999,0.48156481981277466,0.4961940348148346,0.4887699782848358,7.0254316329956055,242.0,7.172051429748535,14.553417205810547,7,,,,,,,,,,,,
,,13169,3.0,0.28417620062828064,0.9535999894142151,0.4881244897842407,0.4881244897842407,0.4881244897842407,6.628499984741211,168.0,2.721642255783081,9.634318351745605,7,,,,,,,,,,,,
,,13179,3.0,0.18356481194496155,0.96506667137146,0.48984840512275696,0.49238094687461853,0.4911114275455475,6.525286674499512,140.0,1.2319973707199097,7.9408488273620605,7,,,,,,,,,,,,
,,13189,3.0,0.10666123032569885,0.9733333587646484,0.49585655331611633,0.49065735936164856,0.4932432472705841,5.327516078948975,79.0,0.5627954602241516,5.996973037719727,7,,,,,,,,,,,,
,,13199,3.0,0.41433700919151306,0.9345333576202393,0.4825805425643921,0.4835794270038605,0.4830794632434845,8.205626487731934,215.0,3.4934256076812744,12.113389015197754,7,,,,,,,,,,,,
9.844486647586725e-05,0.0009844486647586723,13208,,,,,,,,,,,,,,,,,,,,,,,
,,13209,3.0,0.34557148814201355,0.9506666660308838,0.48453959822654724,0.49020281434059143,0.48735475540161133,8.235088348388672,273.0,12.54947566986084,21.13013458251953,8,,,,,,,,,,,,
,,13219,3.0,0.2947741150856018,0.9580000042915344,0.4870525896549225,0.4915173053741455,0.4892747700214386,8.583560943603516,210.0,4.569232940673828,13.4475679397583,8,,,,,,,,,,,,
,,13229,3.0,0.2649391293525696,0.9510666728019714,0.4856014847755432,0.48933249711990356,0.48745983839035034,9.012375831604004,250.0,5.937657833099365,15.214973449707031,8,,,,,,,,,,,,
,,13239,3.0,0.21061527729034424,0.9619333148002625,0.4874991476535797,0.49313056468963623,0.49029868841171265,10.266973495483398,297.0,7.246032238006592,17.723621368408203,8,,,,,,,,,,,,
,,13249,3.0,0.3438388407230377,0.9434666633605957,0.48695892095565796,0.48396143317222595,0.48545554280281067,8.791017532348633,245.0,5.190616130828857,14.325471878051758,8,,,,,,,,,,,,
,,13259,3.0,0.2776634395122528,0.9570000171661377,0.5349132418632507,0.5058649182319641,0.5040438771247864,9.580670356750488,296.0,6.108579158782959,15.966913223266602,8,,,,,,,,,,,,
,,13269,3.0,0.06942657381296158,0.9868666529655457,0.49478575587272644,0.4986189603805542,0.496694952249527,5.326574802398682,90.0,1.3896276950836182,6.7856292724609375,8,,,,,,,,,,,,
,,13279,3.0,0.08589623868465424,0.9861999750137329,0.4957439601421356,0.4973105490207672,0.4965260326862335,6.767129421234131,83.0,1.4321457147598267,8.285171508789062,8,,,,,,,,,,,,
,,13289,3.0,0.47098222374916077,0.9344000220298767,0.4808233380317688,0.4852849543094635,0.4830438494682312,6.951270580291748,275.0,9.344246864318848,16.766498565673828,8,,,,,,,,,,,,
,,13299,3.0,0.2798840403556824,0.9706666469573975,0.4871194362640381,0.4981183707714081,0.49255749583244324,6.220562934875488,285.0,1.2824897766113281,7.7829365730285645,8,,,,,,,,,,,,
,,13309,3.0,0.20129548013210297,0.9581999778747559,0.49425721168518066,0.48449403047561646,0.48932692408561707,6.729121685028076,113.0,0.6595675349235535,7.58998441696167,8,,,,,,,,,,,,
,,13319,3.0,0.19920778274536133,0.9539333581924438,0.49331173300743103,0.483216255903244,0.48821181058883667,7.325886249542236,126.0,0.6284303069114685,8.153524398803711,8,,,,,,,,,,,,
,,13329,3.0,0.5631754994392395,0.9421333074569702,0.5100268721580505,0.5025935173034668,0.4985429346561432,7.389990329742432,339.0,3.599294900894165,11.552460670471191,8,,,,,,,,,,,,
,,13339,3.0,0.15492300689220428,0.9632666707038879,0.5424028635025024,0.5138064026832581,0.5180789232254028,7.752106666564941,246.0,2.2631170749664307,10.170146942138672,8,,,,,,,,,,,,
,,13349,3.0,0.11232523620128632,0.9622666835784912,0.49717554450035095,0.4837779998779297,0.4903852641582489,8.684708595275879,68.0,0.13118863105773926,8.92822265625,8,,,,,,,,,,,,
,,13359,3.0,0.20646055042743683,0.9679333567619324,0.48786962032318115,0.49590134620666504,0.49185270071029663,7.637768268585205,133.0,8.076970100402832,15.921198844909668,8,,,,,,,,,,,,
,,13369,3.0,0.22753843665122986,0.9695333242416382,0.49881744384765625,0.4998873174190521,0.4944436252117157,7.230358123779297,259.0,2.3110885620117188,9.768985748291016,8,,,,,,,,,,,,
,,13379,3.0,0.186709463596344,0.9711999893188477,0.521779477596283,0.5024280548095703,0.4995426535606384,6.786585330963135,192.0,3.0849196910858154,10.05821418762207,8,,,,,,,,,,,,
,,13389,3.0,0.12469210475683212,0.9753333330154419,0.49573028087615967,0.49789831042289734,0.49644407629966736,7.1553168296813965,112.0,0.3328202962875366,7.612829208374023,8,,,,,,,,,,,,
,,13399,3.0,0.23377016186714172,0.9670666456222534,0.4900013506412506,0.49326714873313904,0.49162882566452026,11.037793159484863,218.0,35.180049896240234,46.45161437988281,8,,,,,,,,,,,,
,,13409,3.0,0.12218208611011505,0.972599983215332,0.49300485849380493,0.49310484528541565,0.4930548369884491,6.276850700378418,144.0,0.49842146039009094,6.897454261779785,8,,,,,,,,,,,,
,,13419,3.0,0.27490270137786865,0.9706000089645386,0.569848358631134,0.5199375152587891,0.5283212065696716,6.181171417236328,210.0,2.7664740085601807,9.222548484802246,8,,,,,,,,,,,,
,,13429,3.0,0.1079912856221199,0.9796000123023987,0.4952477216720581,0.49444779753685,0.49484744668006897,4.606091022491455,50.0,0.9019839763641357,5.616065979003906,8,,,,,,,,,,,,
,,13439,3.0,0.403084397315979,0.9519333243370056,0.48016005754470825,0.4954545497894287,0.4876874089241028,7.426557540893555,355.0,3.6978228092193604,11.527464866638184,8,,,,,,,,,,,,
,,13449,3.0,0.4731297791004181,0.9441333413124084,0.4842076003551483,0.49270886182785034,0.48800531029701233,8.095449447631836,302.0,6.938375473022461,15.50695514678955,8,,,,,,,,,,,,
,,13459,3.0,0.2559661567211151,0.9703999757766724,0.48871877789497375,0.4963175058364868,0.492488831281662,6.342235088348389,184.0,2.0645382404327393,8.662739753723145,8,,,,,,,,,,,,
,,13469,3.0,0.3621165156364441,0.9621999859809875,0.4913319945335388,0.49894657731056213,0.4921247661113739,6.524892330169678,361.0,1.352376937866211,8.239385604858398,8,,,,,,,,,,,,
,,13479,3.0,0.288778156042099,0.9678000211715698,0.4920204281806946,0.49661821126937866,0.4938795566558838,6.681726932525635,307.0,7.667216777801514,14.63772201538086,8,,,,,,,,,,,,
,,13489,3.0,0.5026830434799194,0.9051333069801331,0.47739100456237793,0.4728355407714844,0.47510236501693726,8.726500511169434,261.0,3.8782644271850586,13.107447624206543,8,,,,,,,,,,,,
,,13499,3.0,0.42207902669906616,0.9491333365440369,0.4808822572231293,0.49317583441734314,0.48695147037506104,9.408241271972656,285.0,3.070512056350708,12.900832176208496,8,,,,,,,,,,,,
,,13509,3.0,0.12282266467809677,0.9820666909217834,0.4944283962249756,0.4965282380580902,0.495476096868515,5.577812671661377,74.0,1.5243325233459473,7.224967956542969,8,,,,,,,,,,,,
,,13519,3.0,0.50746750831604,0.9329333305358887,0.4750169813632965,0.4905356168746948,0.48265159130096436,7.549967288970947,316.0,1.5938844680786133,9.65131950378418,8,,,,,,,,,,,,
,,13529,3.0,0.17628668248653412,0.9681333303451538,0.4920710325241089,0.4917377829551697,0.4919043481349945,9.134777069091797,158.0,0.019999010488390923,9.331062316894531,8,,,,,,,,,,,,
,,13539,3.0,0.3385571539402008,0.9611999988555908,0.5301295518875122,0.5051397085189819,0.5034806132316589,7.10687780380249,334.0,2.0578155517578125,9.503250122070312,8,,,,,,,,,,,,
,,13549,3.0,0.10671830922365189,0.972599983215332,0.534304141998291,0.5535116791725159,0.5413961410522461,4.861217498779297,91.0,1.4687223434448242,6.4366583824157715,8,,,,,,,,,,,,
,,13559,3.0,0.2514651417732239,0.9681333303451538,0.48591312766075134,0.4980451464653015,0.4919043481349945,6.945854663848877,297.0,0.7273666262626648,7.924686431884766,8,,,,,,,,,,,,
,,13569,3.0,0.25439217686653137,0.9628000259399414,0.48515182733535767,0.4960159361362457,0.4905237555503845,8.095677375793457,240.0,3.883417844772339,12.233488082885742,8,,,,,,,,,,,,
,,13579,3.0,0.4095802307128906,0.9490000009536743,0.47742822766304016,0.49678927659988403,0.48691636323928833,8.722041130065918,366.0,1.2512222528457642,10.382843971252441,8,,,,,,,,,,,,
,,13589,3.0,0.07931113243103027,0.9850000143051147,0.6227777600288391,0.5453647375106812,0.565182626247406,5.466607570648193,109.0,2.3861191272735596,7.932037353515625,8,,,,,,,,,,,,
,,13599,3.0,0.10079547762870789,0.9771999716758728,0.4963093400001526,0.49217647314071655,0.49423426389694214,5.580241680145264,74.0,1.3912166357040405,7.072253704071045,8,,,,,,,,,,,,
,,13609,3.0,0.11317943036556244,0.9694666862487793,0.49435681104660034,0.49015775322914124,0.4922483265399933,5.4571428298950195,99.0,0.5777357220649719,6.14805793762207,8,,,,,,,,,,,,
,,13619,3.0,0.3353061079978943,0.9557333588600159,0.4867911636829376,0.49058929085731506,0.4886828362941742,7.385548114776611,358.0,1.1949660778045654,8.915820121765137,8,,,,,,,,,,,,
,,13629,3.0,0.14265915751457214,0.9715999960899353,0.5126768946647644,0.50730299949646,0.5087034106254578,10.082938194274902,188.0,0.09990587830543518,10.3255033493042,8,,,,,,,,,,,,
,,13639,3.0,0.29611340165138245,0.9659333229064941,0.5097998380661011,0.5008270740509033,0.49521806836128235,6.548063278198242,220.0,1.0846269130706787,7.928803443908691,8,,,,,,,,,,,,
,,13649,3.0,0.15146349370479584,0.9676666855812073,0.5173429250717163,0.5214281678199768,0.5190665125846863,9.70035171508789,168.0,8.887613296508789,18.739429473876953,8,,,,,,,,,,,,
,,13659,3.0,0.12856419384479523,0.9703333377838135,0.6180907487869263,0.6240304708480835,0.6209797859191895,5.804418087005615,178.0,17.622222900390625,23.555206298828125,8,,,,,,,,,,,,
,,13669,3.0,0.22287343442440033,0.9541333317756653,0.53047114610672,0.5229145884513855,0.5258761644363403,7.786442279815674,239.0,2.858872413635254,10.86818790435791,8,,,,,,,,,,,,
,,13679,3.0,0.09823696315288544,0.9606000185012817,0.6138972043991089,0.7373019456863403,0.6513668298721313,5.3533477783203125,186.0,5.696176052093506,11.147760391235352,8,,,,,,,,,,,,
,,13689,3.0,0.1428537666797638,0.9633333086967468,0.5623472332954407,0.5461136102676392,0.5527392625808716,7.154494285583496,255.0,2.6020634174346924,9.89941120147705,8,,,,,,,,,,,,
,,13699,3.0,0.09152907878160477,0.9674000144004822,0.6085014343261719,0.8927313089370728,0.6643326282501221,4.6851348876953125,120.0,1.4523226022720337,6.2289862632751465,8,,,,,,,,,,,,
,,13709,3.0,0.1798219382762909,0.9594666957855225,0.5323278307914734,0.5449146032333374,0.5372535586357117,6.312709331512451,177.0,13.034461975097656,19.526992797851562,8,,,,,,,,,,,,
,,13719,3.0,0.22114500403404236,0.9489333629608154,0.6011341214179993,0.6187134385108948,0.6090747117996216,7.664271354675293,258.0,6.65976619720459,14.545183181762695,8,,,,,,,,,,,,
,,13729,3.0,0.16716891527175903,0.9531333446502686,0.5680437088012695,0.6378905773162842,0.5889503955841064,6.293773174285889,131.0,1.0745737552642822,7.535515785217285,8,,,,,,,,,,,,
,,13739,3.0,0.10373257845640182,0.965666651725769,0.5722317099571228,0.5880475044250488,0.5792340040206909,6.315126419067383,217.0,7.006408214569092,13.425267219543457,8,,,,,,,,,,,,
,,13749,3.0,0.0971662849187851,0.9574000239372253,0.5241724252700806,0.6408389210700989,0.5346136093139648,4.014620780944824,65.0,3.3674025535583496,7.479189395904541,8,,,,,,,,,,,,
,,13759,3.0,0.18570446968078613,0.956333339214325,0.6098830103874207,0.5955178737640381,0.6021073460578918,9.182637214660645,334.0,7.704061508178711,17.072402954101562,8,,,,,,,,,,,,
,,13769,3.0,0.14243237674236298,0.9560666680335999,0.5470264554023743,0.5899965763092041,0.5602491497993469,6.435049057006836,148.0,2.5266635417938232,9.104145050048828,8,,,,,,,,,,,,
,,13779,3.0,0.2657473087310791,0.9534666538238525,0.5330309271812439,0.5186364650726318,0.522735059261322,12.603260040283203,344.0,4.1033501625061035,16.97235679626465,8,,,,,,,,,,,,
,,13789,3.0,0.16798940300941467,0.9379333257675171,0.5601821541786194,0.7225270867347717,0.5863295793533325,5.384767532348633,125.0,7.03708553314209,12.589841842651367,8,,,,,,,,,,,,
,,13799,3.0,0.08728198707103729,0.97079998254776,0.6043714284896851,0.8001787066459656,0.6514188647270203,4.946425914764404,71.0,0.2501431405544281,5.283851146697998,8,,,,,,,,,,,,
,,13809,3.0,0.22962869703769684,0.9516666531562805,0.5665186643600464,0.5959130525588989,0.5779448747634888,5.971714973449707,257.0,22.00821304321289,28.209556579589844,8,,,,,,,,,,,,
,,13819,3.0,0.15588797628879547,0.9617999792098999,0.5238338708877563,0.5250000357627869,0.5243964791297913,6.483784198760986,145.0,3.1966683864593506,9.83634090423584,8,,,,,,,,,,,,
,,13829,3.0,0.12358104437589645,0.9680666923522949,0.5756734609603882,0.6103041768074036,0.5893341302871704,5.388981819152832,95.0,5.3310160636901855,10.843578338623047,8,,,,,,,,,,,,
,,13839,3.0,0.13644438982009888,0.9545333385467529,0.5370128154754639,0.6420217156410217,0.5533792972564697,4.549526691436768,65.0,0.5948504209518433,5.280821800231934,8,,,,,,,,,,,,
,,13849,3.0,0.30195194482803345,0.9598666429519653,0.5127672553062439,0.5113440155982971,0.5119736790657043,14.171005249023438,289.0,3.9884047508239746,18.461362838745117,8,,,,,,,,,,,,
,,13859,3.0,0.17192022502422333,0.9543333053588867,0.5036359429359436,0.5044016242027283,0.5038664937019348,9.401121139526367,300.0,12.872397422790527,22.445438385009766,8,,,,,,,,,,,,
,,13869,3.0,0.0811595469713211,0.9727333188056946,0.5776851773262024,0.5979386568069458,0.5865064263343811,4.961434364318848,138.0,2.653496742248535,7.6960906982421875,8,,,,,,,,,,,,
,,13879,3.0,0.14792056381702423,0.9473999738693237,0.5296719074249268,0.6434053778648376,0.541691780090332,5.034253120422363,76.0,0.3327085077762604,5.5148820877075195,8,,,,,,,,,,,,
,,13889,3.0,0.20923519134521484,0.9655333161354065,0.5558578968048096,0.5379053354263306,0.5447543859481812,6.363150596618652,241.0,9.689867973327637,16.262252807617188,8,,,,,,,,,,,,
,,13899,3.0,0.04661620780825615,0.9840666651725769,0.5634786486625671,0.8435402512550354,0.6041724681854248,3.745382070541382,32.0,0.018554596230387688,3.8105530738830566,8,,,,,,,,,,,,
,,13909,3.0,0.1731417179107666,0.9585999846458435,0.5513504147529602,0.5568278431892395,0.5539141893386841,7.482896327972412,208.0,5.428766250610352,13.08480453491211,8,,,,,,,,,,,,
,,13919,3.0,0.07221779227256775,0.9768666625022888,0.5901398062705994,0.5930720567703247,0.5915801525115967,6.035336494445801,155.0,5.6465559005737305,11.754110336303711,8,,,,,,,,,,,,
,,13929,3.0,0.33216792345046997,0.9001333117485046,0.526429295539856,0.5779404044151306,0.5308696627616882,7.587989807128906,245.0,27.38020896911621,35.30036544799805,8,,,,,,,,,,,,
,,13939,3.0,0.17639374732971191,0.9555333256721497,0.5087555050849915,0.5228632688522339,0.5101397037506104,8.506415367126465,123.0,1.9871277809143066,10.669937133789062,8,,,,,,,,,,,,
,,13949,3.0,0.1834566444158554,0.9733333587646484,0.5054706931114197,0.5009538531303406,0.49819281697273254,6.7372918128967285,304.0,8.817200660705566,15.73794937133789,8,,,,,,,,,,,,
,,13959,3.0,0.2453402280807495,0.9599999785423279,0.5693820714950562,0.5121868848800659,0.5151012539863586,7.765102386474609,247.0,3.235684871673584,11.24612808227539,8,,,,,,,,,,,,
,,13969,3.0,0.3553542196750641,0.9457333087921143,0.5713765025138855,0.5211861729621887,0.5276861786842346,7.732224941253662,309.0,18.687393188476562,26.77497100830078,8,,,,,,,,,,,,
,,13979,3.0,0.08761613816022873,0.9757999777793884,0.5466667413711548,0.5596828460693359,0.5522601008415222,5.628082275390625,80.0,0.5163772702217102,6.2320756912231445,8,,,,,,,,,,,,
,,13989,3.0,0.15895020961761475,0.9529333114624023,0.5921218991279602,0.630757212638855,0.6074697971343994,5.7153801918029785,163.0,26.39438247680664,32.268714904785156,8,,,,,,,,,,,,
,,13999,3.0,0.27232626080513,0.9619333148002625,0.5055383443832397,0.5004627704620361,0.4937756359577179,7.193007469177246,282.0,12.689632415771484,20.154966354370117,8,,,,,,,,,,,,
,,14009,3.0,0.36674076318740845,0.9552666544914246,0.5072324872016907,0.5009034872055054,0.494448721408844,6.201267242431641,282.0,6.815110206604004,13.38311767578125,8,,,,,,,,,,,,
,,14019,3.0,0.29596152901649475,0.9451333284378052,0.5372138619422913,0.512384295463562,0.5145090818405151,8.014286041259766,418.0,2.067854642868042,10.37810230255127,8,,,,,,,,,,,,
,,14029,3.0,0.10805434733629227,0.9782000184059143,0.5423312783241272,0.5665274858474731,0.551392674446106,5.76873254776001,99.0,2.5853848457336426,8.46217155456543,8,,,,,,,,,,,,
,,14039,3.0,0.4706387221813202,0.8629999756813049,0.5106605291366577,0.5418899655342102,0.5007957220077515,6.047323226928711,306.0,3.4714910984039307,9.989453315734863,8,,,,,,,,,,,,
,,14049,3.0,0.27707499265670776,0.9426666498184204,0.5761836171150208,0.5750729441642761,0.5756229758262634,7.85309362411499,230.0,4.957915782928467,13.088085174560547,8,,,,,,,,,,,,
,,14059,3.0,0.1655646413564682,0.9538666605949402,0.5127506256103516,0.5255374312400818,0.5155006051063538,6.539000034332275,204.0,26.76906967163086,33.4736328125,8,,,,,,,,,,,,
,,14069,3.0,0.30535972118377686,0.9492666721343994,0.6306631565093994,0.5774197578430176,0.5958329439163208,6.289220809936523,322.0,15.541409492492676,22.135990142822266,8,,,,,,,,,,,,
,,14079,3.0,0.10418115556240082,0.9643999934196472,0.5727207660675049,0.7044607400894165,0.6039339303970337,4.81626033782959,134.0,8.666958808898926,13.587400436401367,8,,,,,,,,,,,,
,,14089,3.0,0.2548006772994995,0.8924000263214111,0.5337565541267395,0.7186604738235474,0.5374510288238525,5.4023942947387695,167.0,2.5524489879608154,8.209644317626953,8,,,,,,,,,,,,
,,14099,3.0,0.059108246117830276,0.9865999817848206,0.57977294921875,0.572806715965271,0.5761210322380066,5.039432525634766,51.0,0.3447203040122986,5.44326114654541,8,,,,,,,,,,,,
,,14109,3.0,0.2517939507961273,0.9473999738693237,0.55449378490448,0.5921180844306946,0.5671893358230591,6.284675598144531,261.0,9.023246765136719,15.55971622467041,8,,,,,,,,,,,,
,,14119,3.0,0.0851193368434906,0.9746666550636292,0.548957109451294,0.6051336526870728,0.5656436085700989,4.317790985107422,80.0,3.49200439453125,7.894914627075195,8,,,,,,,,,,,,
,,14129,3.0,0.29989445209503174,0.9251999855041504,0.5323899388313293,0.6035159826278687,0.5421853065490723,6.090637683868408,214.0,3.3079442977905273,9.698476791381836,8,,,,,,,,,,,,
,,14139,3.0,0.08617063611745834,0.9765333533287048,0.5871581435203552,0.5318673849105835,0.5450760722160339,5.880910396575928,180.0,1.7345179319381714,7.70159912109375,8,,,,,,,,,,,,
,,14149,3.0,0.21872682869434357,0.9535999894142151,0.5378932952880859,0.5367634892463684,0.5373164415359497,6.2914605140686035,292.0,32.85566711425781,39.36585235595703,8,,,,,,,,,,,,
,,14159,3.0,0.1629052460193634,0.9463333487510681,0.533448338508606,0.5594832897186279,0.5414146184921265,5.705097675323486,142.0,6.6802978515625,12.548300743103027,8,,,,,,,,,,,,
,,14169,3.0,0.274209201335907,0.9603333473205566,0.5028924942016602,0.5030741691589355,0.5029704570770264,19.2104549407959,265.0,5.6306610107421875,25.115325927734375,8,,,,,,,,,,,,
,,14179,3.0,0.03963330760598183,0.9878000020980835,0.5380034446716309,0.5594710111618042,0.5461903214454651,5.207170009613037,33.0,0.43826261162757874,5.685065746307373,8,,,,,,,,,,,,
,,14189,3.0,0.04925486817955971,0.9865999817848206,0.5552144050598145,0.5697034001350403,0.5615590810775757,4.255611419677734,48.0,0.30712851881980896,4.611994743347168,8,,,,,,,,,,,,
,,14199,3.0,0.13583602011203766,0.9509333372116089,0.6112983822822571,0.7868556976318359,0.6551329493522644,6.75049352645874,205.0,1.4218668937683105,8.308197021484375,8,,,,,,,,,,,,
,,14209,3.0,0.39133405685424805,0.9434666633605957,0.48857420682907104,0.49819913506507874,0.4889654517173767,9.08180046081543,339.0,5.116228103637695,14.589363098144531,8,,,,,,,,,,,,
,,14219,3.0,0.29974159598350525,0.9493333101272583,0.5231020450592041,0.5218209028244019,0.5224305987358093,19.00311851501465,337.0,6.317867755889893,25.6207275390625,8,,,,,,,,,,,,
,,14229,3.0,0.05448734387755394,0.9869333505630493,0.5297980308532715,0.5410876274108887,0.5344459414482117,3.9380757808685303,64.0,5.206650257110596,9.199213027954102,8,,,,,,,,,,,,
,,14239,3.0,0.25172144174575806,0.9649333357810974,0.504453182220459,0.503793478012085,0.5040355920791626,16.60710334777832,282.0,2.383978843688965,19.24280548095703,8,,,,,,,,,,,,
,,14249,3.0,0.24124518036842346,0.9592000246047974,0.5548343658447266,0.5173695683479309,0.5231086015701294,11.413727760314941,263.0,3.978193521499634,15.633166313171387,8,,,,,,,,,,,,
,,14259,3.0,0.1964612901210785,0.9670666456222534,0.6092008352279663,0.5577120184898376,0.5743712186813354,6.867072105407715,216.0,0.9530081152915955,8.016541481018066,8,,,,,,,,,,,,
,,14269,3.0,0.23407959938049316,0.9623333215713501,0.5295773148536682,0.5089879035949707,0.5107682347297668,7.10390043258667,295.0,2.0771844387054443,9.415164947509766,8,,,,,,,,,,,,
,,14279,3.0,0.24079090356826782,0.967199981212616,0.6405498385429382,0.5096591114997864,0.5111888647079468,11.232157707214355,222.0,7.027335166931152,18.50028419494629,8,,,,,,,,,,,,
,,14289,3.0,0.44246652722358704,0.9456666707992554,0.49942654371261597,0.49993273615837097,0.49089381098747253,10.689839363098145,349.0,3.803187131881714,14.935493469238281,8,,,,,,,,,,,,
,,14299,3.0,0.137577623128891,0.9696000218391418,0.555878758430481,0.5318848490715027,0.5398892164230347,6.3515448570251465,155.0,5.378262042999268,11.86738395690918,8,,,,,,,,,,,,
,,14309,3.0,0.23847664892673492,0.966533362865448,0.5660096406936646,0.5243940353393555,0.5334484577178955,11.961908340454102,322.0,2.9554295539855957,15.155815124511719,8,,,,,,,,,,,,
,,14319,3.0,0.4233441650867462,0.9192666411399841,0.5059158205986023,0.5070051550865173,0.5062388181686401,9.22021198272705,528.0,2.913572072982788,12.55712890625,8,,,,,,,,,,,,
,,14329,3.0,0.3357226550579071,0.9516666531562805,0.5075966715812683,0.501599133014679,0.49708375334739685,11.00030517578125,317.0,1.1901638507843018,12.526191711425781,8,,,,,,,,,,,,
,,14339,3.0,0.24222509562969208,0.9227333068847656,0.5293483138084412,0.5543863773345947,0.5357435345649719,7.122771263122559,155.0,6.89339542388916,14.258392333984375,8,,,,,,,,,,,,
,,14349,3.0,0.13938383758068085,0.9641333222389221,0.5213571786880493,0.5413112044334412,0.5270634293556213,6.9355387687683105,154.0,1.625092625617981,8.7000150680542,8,,,,,,,,,,,,
,,14359,3.0,0.06826457381248474,0.9780666828155518,0.5214138031005859,0.5714996457099915,0.5310707092285156,4.368776321411133,50.0,0.14530183374881744,4.582342624664307,8,,,,,,,,,,,,
,,14369,3.0,0.21101999282836914,0.9642666578292847,0.5216684341430664,0.5172341465950012,0.5190632939338684,6.476983547210693,270.0,47.19003677368164,53.8780403137207,8,,,,,,,,,,,,
,,14379,3.0,0.11963365972042084,0.9718666672706604,0.6065101027488708,0.5954532623291016,0.6006449460983276,8.975224494934082,193.0,0.20891505479812622,9.303772926330566,8,,,,,,,,,,,,
,,14389,3.0,0.14022517204284668,0.9491333365440369,0.5434196591377258,0.5670282244682312,0.5518946647644043,5.891214847564697,142.0,3.0985569953918457,9.129997253417969,8,,,,,,,,,,,,
,,14399,3.0,0.14980363845825195,0.9700666666030884,0.5273013710975647,0.5078082084655762,0.5096031427383423,6.608147621154785,189.0,0.9278063774108887,7.685757637023926,8,,,,,,,,,,,,
,,14409,3.0,0.17105960845947266,0.9661333560943604,0.6721640825271606,0.5924147367477417,0.618902325630188,8.891743659973145,325.0,2.448141098022461,11.510944366455078,8,,,,,,,,,,,,
,,14419,3.0,0.18912212550640106,0.9498000144958496,0.5171358585357666,0.5291500091552734,0.5205603241920471,8.774663925170898,225.0,0.9136054515838623,9.877391815185547,8,,,,,,,,,,,,
,,14429,3.0,0.12236400693655014,0.9586666822433472,0.5175175070762634,0.5410589575767517,0.5225653052330017,6.03109884262085,109.0,5.519681930541992,11.673145294189453,8,,,,,,,,,,,,
,,14439,3.0,0.23007623851299286,0.9487333297729492,0.5099508166313171,0.5061675906181335,0.5068067908287048,7.694857597351074,243.0,3.749314546585083,11.674248695373535,8,,,,,,,,,,,,
,,14449,3.0,0.15965312719345093,0.9595333337783813,0.5291317105293274,0.5355188250541687,0.5318869948387146,7.8672356605529785,189.0,2.9820170402526855,11.008905410766602,8,,,,,,,,,,,,
,,14459,3.0,0.11444112658500671,0.9773333072662354,0.5060484409332275,0.5055227279663086,0.5057610869407654,8.75635814666748,165.0,3.4859325885772705,12.356731414794922,8,,,,,,,,,,,,
,,14469,3.0,0.1255011111497879,0.9732666611671448,0.57447749376297,0.5258828997612,0.5364975929260254,7.374316692352295,178.0,1.6195930242538452,9.119410514831543,8,,,,,,,,,,,,
,,14479,3.0,0.10664971172809601,0.9758666753768921,0.6374799609184265,0.5949902534484863,0.6120132803916931,5.047173976898193,123.0,4.642815589904785,9.796639442443848,8,,,,,,,,,,,,
,,14489,3.0,0.28101593255996704,0.9552666544914246,0.6382496356964111,0.5916004180908203,0.6093806624412537,14.570472717285156,368.0,2.972712993621826,17.824201583862305,8,,,,,,,,,,,,
,,14499,3.0,0.08571405708789825,0.9700000286102295,0.552734375,0.7091279625892639,0.5802730917930603,4.057963848114014,71.0,2.1895298957824707,6.333207607269287,8,,,,,,,,,,,,
,,14509,3.0,0.33646026253700256,0.9413333535194397,0.5369284749031067,0.5231382846832275,0.5274669528007507,8.628124237060547,307.0,7.82565450668335,16.790239334106445,8,,,,,,,,,,,,
,,14519,3.0,0.3322969079017639,0.9538666605949402,0.48513826727867126,0.49747180938720703,0.4896344542503357,11.30045223236084,331.0,1.3524000644683838,12.985149383544922,8,,,,,,,,,,,,
,,14529,3.0,0.25865569710731506,0.9487333297729492,0.5145289897918701,0.5116133689880371,0.5127211809158325,6.988931179046631,306.0,8.07933235168457,15.326919555664062,8,,,,,,,,,,,,
,,14539,3.0,0.22112224996089935,0.9405999779701233,0.5648173093795776,0.620595395565033,0.5821419954299927,6.1005964279174805,223.0,5.008836269378662,11.330554962158203,8,,,,,,,,,,,,
,,14549,3.0,0.13809716701507568,0.9712666869163513,0.50868821144104,0.5163754820823669,0.5106050968170166,5.047264099121094,137.0,6.430517673492432,11.61587905883789,8,,,,,,,,,,,,
,,14559,3.0,0.2151375263929367,0.9503999948501587,0.5902392268180847,0.5909870862960815,0.5906112790107727,6.7403693199157715,253.0,1.6344115734100342,8.58991813659668,8,,,,,,,,,,,,
,,14569,3.0,0.2147921621799469,0.9547333121299744,0.6909399032592773,0.722985565662384,0.7055302858352661,7.3962602615356445,463.0,2.3139164447784424,9.924968719482422,8,,,,,,,,,,,,
,,14579,3.0,0.38770726323127747,0.9291999936103821,0.5069839954376221,0.5064303278923035,0.5066595673561096,9.050538063049316,342.0,3.3168141841888428,12.755060195922852,8,,,,,,,,,,,,
,,14589,3.0,0.07221093773841858,0.972000002861023,0.5811475515365601,0.6940180659294128,0.6124340295791626,4.5865349769592285,84.0,0.6247353553771973,5.283481121063232,8,,,,,,,,,,,,
,,14599,3.0,0.11842377483844757,0.95660001039505,0.5764994025230408,0.7191644310951233,0.6090176105499268,5.1436309814453125,138.0,6.032370567321777,11.294425964355469,8,,,,,,,,,,,,
,,14609,3.0,0.08934582769870758,0.9767333269119263,0.535936176776886,0.5477372407913208,0.5408609509468079,5.537086009979248,109.0,5.0051679611206055,10.631599426269531,8,,,,,,,,,,,,
,,14619,3.0,0.16168320178985596,0.9688000082969666,0.6172654032707214,0.5604786276817322,0.5786224603652954,11.003207206726074,216.0,2.167503833770752,13.332393646240234,8,,,,,,,,,,,,
,,14629,3.0,0.14403867721557617,0.9680666923522949,0.5238936543464661,0.5262971520423889,0.525016188621521,8.898293495178223,218.0,0.6091402173042297,9.651472091674805,8,,,,,,,,,,,,
,,14639,3.0,0.1735963672399521,0.965399980545044,0.6232956051826477,0.5554144382476807,0.5746336579322815,8.455469131469727,227.0,17.137529373168945,25.76659393310547,8,,,,,,,,,,,,
,,14649,3.0,0.0674474760890007,0.9840666651725769,0.7206194996833801,0.6533737182617188,0.6806622743606567,6.472268581390381,177.0,0.2020660936832428,6.741782188415527,8,,,,,,,,,,,,
,,14659,3.0,0.3347489833831787,0.9182666540145874,0.5149194002151489,0.525371253490448,0.5170238614082336,8.674737930297852,248.0,1.658166766166687,10.667654037475586,8,,,,,,,,,,,,
,,14669,3.0,0.15069182217121124,0.9672666788101196,0.5956251621246338,0.5568615198135376,0.5705567002296448,6.552952766418457,214.0,3.2151525020599365,9.918797492980957,8,,,,,,,,,,,,
,,14679,3.0,0.10040406137704849,0.9819333553314209,0.6448285579681396,0.5697959661483765,0.5933548808097839,6.197068214416504,119.0,2.182997941970825,8.480470657348633,8,,,,,,,,,,,,
,,14689,3.0,0.2906535267829895,0.9223333597183228,0.5197522044181824,0.5415999293327332,0.5235728621482849,7.894104480743408,315.0,2.542018175125122,10.726776123046875,8,,,,,,,,,,,,
,,14699,3.0,0.2634623944759369,0.9611333608627319,0.7453621029853821,0.5401401519775391,0.562010645866394,7.784156322479248,317.0,1.8206473588943481,9.868266105651855,8,,,,,,,,,,,,
,,14709,3.0,0.2549422085285187,0.9490666389465332,0.6006353497505188,0.5840007662773132,0.5913978815078735,7.057746887207031,288.0,3.934230327606201,11.246919631958008,8,,,,,,,,,,,,
,,14719,3.0,0.19535301625728607,0.9693999886512756,0.7129201292991638,0.5265018343925476,0.5413338541984558,8.698288917541504,232.0,0.677578330039978,9.571219444274902,8,,,,,,,,,,,,
,,14729,3.0,0.09787308424711227,0.9625999927520752,0.5525074005126953,0.7253900766372681,0.5797440409660339,4.5748186111450195,75.0,1.1037386655807495,5.776430606842041,8,,,,,,,,,,,,
,,14739,3.0,0.13673220574855804,0.9567999839782715,0.523974597454071,0.5720495581626892,0.5326001644134521,6.076967239379883,141.0,5.793795108795166,12.00749397277832,8,,,,,,,,,,,,
,,14749,3.0,0.19366399943828583,0.9641333222389221,0.4982879161834717,0.4989125430583954,0.4981931149959564,11.491045951843262,209.0,2.995314836502075,14.680024147033691,8,,,,,,,,,,,,
,,14759,3.0,0.20849333703517914,0.9365333318710327,0.5175768733024597,0.5407710671424866,0.5214332938194275,5.334518909454346,167.0,10.4143705368042,15.957382202148438,8,,,,,,,,,,,,
,,14769,3.0,0.14652900397777557,0.9621999859809875,0.5537106990814209,0.5725834369659424,0.5614414811134338,5.265000820159912,142.0,6.79454231262207,12.206071853637695,8,,,,,,,,,,,,
,,14779,3.0,0.07456410676240921,0.9785333275794983,0.576806902885437,0.543117344379425,0.554676353931427,6.357179164886475,106.0,3.001864194869995,9.43360710144043,8,,,,,,,,,,,,
,,14789,3.0,0.2219811975955963,0.9609333276748657,0.6985398530960083,0.6191377639770508,0.6476567983627319,6.387145519256592,200.0,5.62045955657959,12.229585647583008,8,,,,,,,,,,,,
,,14799,3.0,0.2888528108596802,0.9617999792098999,0.5032160878181458,0.5004927515983582,0.4954434037208557,12.105104446411133,324.0,2.684295654296875,15.078252792358398,8,,,,,,,,,,,,
,,14809,3.0,0.1462564617395401,0.9536666870117188,0.5883545279502869,0.5917567610740662,0.590016782283783,6.532220363616943,264.0,3.1499757766723633,9.828453063964844,8,,,,,,,,,,,,
,,14819,3.0,0.0691618099808693,0.977066695690155,0.5418733954429626,0.5992595553398132,0.5576421618461609,4.930270671844482,83.0,1.2016125917434692,6.201045036315918,8,,,,,,,,,,,,
,,14829,3.0,0.3583614230155945,0.9589333534240723,0.49965059757232666,0.49996545910835266,0.49274247884750366,10.704554557800293,483.0,17.566923141479492,28.629838943481445,8,,,,,,,,,,,,
,,14839,3.0,0.26236626505851746,0.9660666584968567,0.5084401369094849,0.5012295842170715,0.49719375371932983,7.499169826507568,351.0,3.1534712314605713,10.915007591247559,8,,,,,,,,,,,,
,,14849,3.0,0.21784918010234833,0.9707333445549011,0.6076130270957947,0.5325851440429688,0.5473278164863586,9.956307411193848,284.0,1.1845148801803589,11.358671188354492,8,,,,,,,,,,,,
9.803453744100869e-05,0.0009803453744100868,14859,,,,,,,,,,,,,,,,,,,,,,,
,,14859,3.0,0.29540738463401794,0.9618666768074036,0.5046805739402771,0.5013226866722107,0.4988691210746765,15.473108291625977,363.0,3.313664436340332,19.08218002319336,9,,,,,,,,,,,,
,,14869,3.0,0.0907711535692215,0.9805999994277954,0.7054961323738098,0.648973822593689,0.6724595427513123,5.181997299194336,114.0,8.6082763671875,13.881044387817383,9,,,,,,,,,,,,
,,14879,3.0,0.09412360936403275,0.9654666781425476,0.5878356695175171,0.6520378589630127,0.6102840900421143,5.395722389221191,123.0,2.6462948322296143,8.136140823364258,9,,,,,,,,,,,,
,,14889,3.0,0.3602047860622406,0.9093999862670898,0.49463406205177307,0.4946844279766083,0.49465876817703247,7.890820503234863,361.0,5.08808708190918,13.339112281799316,9,,,,,,,,,,,,
,,14899,3.0,0.27011755108833313,0.9485999941825867,0.5364277958869934,0.5132352113723755,0.516093373298645,7.5839433670043945,335.0,2.5304811000823975,10.384542465209961,9,,,,,,,,,,,,
,,14909,3.0,0.06003335118293762,0.9847999811172485,0.6244325637817383,0.6276726722717285,0.6260307431221008,4.571547985076904,65.0,0.5561054348945618,5.187686920166016,9,,,,,,,,,,,,
,,14919,3.0,0.3591255247592926,0.9489333629608154,0.558113157749176,0.5009682178497314,0.4894944131374359,8.36313533782959,358.0,0.9664494395256042,9.68871021270752,9,,,,,,,,,,,,
,,14929,3.0,0.21290330588817596,0.9570000171661377,0.5707935690879822,0.5262216925621033,0.5354025363922119,6.805148601531982,322.0,2.396439790725708,9.414491653442383,9,,,,,,,,,,,,
,,14939,3.0,0.2675706148147583,0.9639333486557007,0.6687631607055664,0.5270851254463196,0.5407158136367798,7.802879810333252,296.0,2.472832202911377,10.543283462524414,9,,,,,,,,,,,,
,,14949,3.0,0.16076518595218658,0.9667333364486694,0.562743067741394,0.520732581615448,0.5286369323730469,8.01914119720459,223.0,6.666865825653076,14.846773147583008,9,,,,,,,,,,,,
,,14959,3.0,0.19765138626098633,0.9634666442871094,0.5176067352294922,0.5097227096557617,0.5116681456565857,6.939492225646973,234.0,8.906353950500488,16.04349708557129,9,,,,,,,,,,,,
,,14969,3.0,0.08324075490236282,0.9664666652679443,0.5765845775604248,0.7155547142028809,0.6097895503044128,4.254439830780029,82.0,4.4487810134887695,8.78646183013916,9,,,,,,,,,,,,
,,14979,3.0,0.21690914034843445,0.9604666829109192,0.5557026863098145,0.5338269472122192,0.5413312315940857,6.802560806274414,241.0,5.17442512512207,12.19389533996582,9,,,,,,,,,,,,
,,14989,3.0,0.33767014741897583,0.9398666620254517,0.5217717885971069,0.5126071572303772,0.5146780610084534,8.333148956298828,316.0,3.9664955139160156,12.637314796447754,9,,,,,,,,,,,,
,,14999,3.0,0.12524788081645966,0.9558666944503784,0.6221080422401428,0.7022291421890259,0.6508389711380005,6.0250067710876465,200.0,2.5564281940460205,8.706683158874512,9,,,,,,,,,,,,
,,15009,3.0,0.129830002784729,0.9481333494186401,0.5461058020591736,0.6754144430160522,0.5665339231491089,4.439945697784424,94.0,3.095963954925537,7.6657395362854,9,,,,,,,,,,,,
,,15019,3.0,0.1523820161819458,0.962066650390625,0.5714610815048218,0.545080304145813,0.5546241998672485,6.780186176300049,155.0,2.6994590759277344,9.632026672363281,9,,,,,,,,,,,,
,,15029,3.0,0.0708962231874466,0.9697999954223633,0.5477350950241089,0.6842532753944397,0.5720892548561096,4.554127216339111,64.0,2.1698834896087646,6.7949066162109375,9,,,,,,,,,,,,
,,15039,3.0,0.06306774169206619,0.978600025177002,0.5969748497009277,0.689469039440155,0.6272940039634705,5.382287502288818,93.0,1.8132867813110352,7.258642196655273,9,,,,,,,,,,,,
,,15049,3.0,0.38183721899986267,0.9380666613578796,0.6143792271614075,0.5276380777359009,0.5368967056274414,7.085960865020752,298.0,5.463659763336182,12.93145751953125,9,,,,,,,,,,,,
,,15059,3.0,0.16064421832561493,0.9744666814804077,0.5409687161445618,0.5045050978660583,0.5037625432014465,6.8254289627075195,168.0,10.886611938476562,17.872684478759766,9,,,,,,,,,,,,
,,15069,3.0,0.22026236355304718,0.9526666402816772,0.6145232915878296,0.5989655256271362,0.6060676574707031,5.914196491241455,195.0,18.887094497680664,25.02155303955078,9,,,,,,,,,,,,
,,15079,3.0,0.09458648413419724,0.9598000049591064,0.5635771155357361,0.7033383846282959,0.5924559235572815,4.5399088859558105,75.0,1.5420836210250854,6.176578998565674,9,,,,,,,,,,,,
,,15089,3.0,0.30839627981185913,0.9465333223342896,0.4818812608718872,0.49434441328048706,0.48750901222229004,7.445646286010742,345.0,6.957010269165039,14.711052894592285,9,,,,,,,,,,,,
,,15099,3.0,0.2383972704410553,0.9580000042915344,0.598846971988678,0.5326460003852844,0.5455834865570068,6.80502986907959,335.0,3.8800113201141357,10.92343807220459,9,,,,,,,,,,,,
,,15109,3.0,0.09344153106212616,0.9702666401863098,0.5970215797424316,0.6120206117630005,0.6039199233055115,5.03726863861084,138.0,3.6453938484191895,8.776103973388672,9,,,,,,,,,,,,
,,15119,3.0,0.05089555308222771,0.9849333167076111,0.5609553456306458,0.5444883704185486,0.5513192415237427,4.813864231109619,118.0,8.699272155761719,13.564031600952148,9,,,,,,,,,,,,
,,15129,3.0,0.2273428738117218,0.9688000082969666,0.49243634939193726,0.4972779452800751,0.49420350790023804,16.606721878051758,245.0,2.226470708847046,19.060535430908203,9,,,,,,,,,,,,
,,15139,3.0,0.32416537404060364,0.9567999839782715,0.5483947396278381,0.5055208206176758,0.5024682879447937,7.902111053466797,281.0,14.49359130859375,22.719867706298828,9,,,,,,,,,,,,
,,15149,3.0,0.08488686382770538,0.9831333160400391,0.5649691820144653,0.543479323387146,0.5518832206726074,5.712529182434082,101.0,7.987331390380859,13.784748077392578,9,,,,,,,,,,,,
,,15159,3.0,0.042222581803798676,0.9829999804496765,0.6029214262962341,0.7502949237823486,0.6444582939147949,3.9810495376586914,43.0,1.4843031167984009,5.507575035095215,9,,,,,,,,,,,,
,,15169,3.0,0.09304032474756241,0.9661999940872192,0.5936046838760376,0.7490795850753784,0.6327887773513794,4.6726884841918945,82.0,1.0860440731048584,5.851773262023926,9,,,,,,,,,,,,
,,15179,3.0,0.1975831538438797,0.9672666788101196,0.4933970272541046,0.49897223711013794,0.4937083423137665,11.149540901184082,287.0,3.3693103790283203,14.716434478759766,9,,,,,,,,,,,,
,,15189,3.0,0.15173585712909698,0.9646666646003723,0.5390338897705078,0.5385150909423828,0.5387722849845886,6.975496768951416,186.0,3.823556423187256,10.950788497924805,9,,,,,,,,,,,,
,,15199,3.0,0.07622181624174118,0.9825999736785889,0.5097364187240601,0.5056729912757874,0.5068469047546387,6.3676066398620605,103.0,0.436168372631073,6.8799967765808105,9,,,,,,,,,,,,
,,15209,3.0,0.06714353710412979,0.9908000230789185,0.49579665064811707,0.49959662556648254,0.4976893663406372,6.423336505889893,93.0,0.3004102408885956,6.790890216827393,9,,,,,,,,,,,,
,,15219,3.0,0.12158627808094025,0.9703999757766724,0.6218053102493286,0.5726572871208191,0.5902873873710632,5.998627185821533,223.0,11.93155574798584,18.051769256591797,9,,,,,,,,,,,,
,,15229,3.0,0.10961330682039261,0.9789333343505859,0.6304589509963989,0.5491824150085449,0.5699360370635986,5.862951755523682,123.0,2.7239789962768555,8.696544647216797,9,,,,,,,,,,,,
,,15239,3.0,0.09898915886878967,0.9766666889190674,0.5225080847740173,0.5129349827766418,0.5159525275230408,7.277342796325684,203.0,2.8480212688446045,10.224352836608887,9,,,,,,,,,,,,
,,15249,3.0,0.26545050740242004,0.9588666558265686,0.6493540406227112,0.5840701460838318,0.6062033176422119,8.563005447387695,346.0,1.3395308256149292,10.167986869812012,9,,,,,,,,,,,,
,,15259,3.0,0.2970852553844452,0.9532666802406311,0.5179578065872192,0.5047988295555115,0.503242552280426,8.123050689697266,344.0,6.4244890213012695,14.844624519348145,9,,,,,,,,,,,,
,,15269,3.0,0.04872395843267441,0.98253333568573,0.5012540817260742,0.5113170742988586,0.4993824362754822,4.376180171966553,19.0,0.009101112373173237,4.434005260467529,9,,,,,,,,,,,,
,,15279,3.0,0.22996565699577332,0.9696666598320007,0.5982003211975098,0.5222932696342468,0.5326935052871704,7.140153408050537,234.0,7.230752468109131,14.600872039794922,9,,,,,,,,,,,,
,,15289,3.0,0.20520466566085815,0.9559333324432373,0.5781133770942688,0.5470695495605469,0.5577946901321411,6.995660781860352,229.0,5.784590721130371,12.985456466674805,9,,,,,,,,,,,,
,,15299,3.0,0.08006713539361954,0.9850666522979736,0.79053795337677,0.5855495929718018,0.6302151083946228,5.836329936981201,115.0,0.9160958528518677,6.832492828369141,9,,,,,,,,,,,,
,,15309,3.0,0.24984495341777802,0.9459333419799805,0.55887770652771,0.5663443207740784,0.562317967414856,6.007000923156738,244.0,4.438372611999512,10.695219039916992,9,,,,,,,,,,,,
,,15319,3.0,0.09487706422805786,0.9585333466529846,0.5375056862831116,0.6882859468460083,0.5562314987182617,4.40696382522583,68.0,1.8581745624542236,6.360015869140625,9,,,,,,,,,,,,
,,15329,3.0,0.18119552731513977,0.9610666632652283,0.5664920806884766,0.5397781729698181,0.5489594340324402,5.791090965270996,188.0,5.730485916137695,11.70277214050293,9,,,,,,,,,,,,
,,15339,3.0,0.2597007155418396,0.9623333215713501,0.5230234265327454,0.5100827813148499,0.512390673160553,7.862071990966797,240.0,11.615777969360352,19.737550735473633,9,,,,,,,,,,,,
,,15349,3.0,0.12827396392822266,0.979200005531311,0.5406213402748108,0.5248206257820129,0.5304554104804993,9.04544448852539,162.0,0.20183168351650238,9.375550270080566,9,,,,,,,,,,,,
,,15359,3.0,0.23048818111419678,0.9720666408538818,0.5447532534599304,0.5198854207992554,0.5263181328773499,13.025728225708008,260.0,2.0086207389831543,15.264837265014648,9,,,,,,,,,,,,
,,15369,3.0,0.28491631150245667,0.9443333148956299,0.5008100271224976,0.5007621645927429,0.5007708668708801,10.216780662536621,224.0,3.5036978721618652,14.005393981933594,9,,,,,,,,,,,,
,,15379,3.0,0.0621802993118763,0.9887999892234802,0.8219056725502014,0.5917838215827942,0.6412456035614014,5.163433074951172,111.0,0.20138265192508698,5.426996231079102,9,,,,,,,,,,,,
,,15389,3.0,0.0752868801355362,0.9779333472251892,0.5758404731750488,0.5793106555938721,0.5775327682495117,4.940291881561279,128.0,1.4962990283966064,6.51187801361084,9,,,,,,,,,,,,
,,15399,3.0,0.056190941482782364,0.9787333607673645,0.6015536785125732,0.8223487138748169,0.6515889167785645,5.234720706939697,85.0,2.0687577724456787,7.3596696853637695,9,,,,,,,,,,,,
,,15409,3.0,0.08077507466077805,0.9764000177383423,0.5381696224212646,0.5481688380241394,0.5424912571907043,5.974904537200928,139.0,0.8965164422988892,6.95219612121582,9,,,,,,,,,,,,
,,15419,3.0,0.2765556275844574,0.9503999948501587,0.5254746675491333,0.513603925704956,0.5163785815238953,7.2198967933654785,305.0,5.893795490264893,13.390247344970703,9,,,,,,,,,,,,
,,15429,3.0,0.31264784932136536,0.9620000123977661,0.5018360614776611,0.500313401222229,0.4955223798751831,7.725986480712891,260.0,6.7361321449279785,14.77476692199707,9,,,,,,,,,,,,
,,15439,3.0,0.3179861903190613,0.9519333243370056,0.7204475402832031,0.5642872452735901,0.593616247177124,8.238553047180176,502.0,4.795591831207275,13.352130889892578,9,,,,,,,,,,,,
,,15449,3.0,0.10305200517177582,0.9771999716758728,0.6453278064727783,0.5713561177253723,0.5946847796440125,4.9142231941223145,113.0,2.665062189102173,7.682337760925293,9,,,,,,,,,,,,
,,15459,3.0,0.126933291554451,0.9685333371162415,0.5585471391677856,0.5904099345207214,0.5705550909042358,4.910508155822754,116.0,2.5708909034729004,7.60833215713501,9,,,,,,,,,,,,
,,15469,3.0,0.17043077945709229,0.9746666550636292,0.6023269891738892,0.5380746722221375,0.5537593364715576,8.826189041137695,195.0,1.8218529224395752,10.818472862243652,9,,,,,,,,,,,,
,,15479,3.0,0.2113359123468399,0.9692666530609131,0.496845006942749,0.49889808893203735,0.4964967668056488,7.143197536468506,268.0,2.0956289768218994,9.450162887573242,9,,,,,,,,,,,,
,,15489,3.0,0.1885194033384323,0.9628666639328003,0.5111120939254761,0.5086072087287903,0.5095322728157043,6.4131083488464355,220.0,10.51097583770752,17.11260414123535,9,,,,,,,,,,,,
,,15499,3.0,0.10856972634792328,0.9810000061988831,0.5941811800003052,0.544276773929596,0.5594178438186646,7.075991153717041,146.0,1.6066421270370483,8.791202545166016,9,,,,,,,,,,,,
,,15509,3.0,0.07692873477935791,0.9842666387557983,0.5487868189811707,0.523820698261261,0.5314661264419556,5.421572208404541,111.0,3.096059799194336,8.594560623168945,9,,,,,,,,,,,,
,,15519,3.0,0.21333180367946625,0.9521333575248718,0.5450208783149719,0.5509674549102783,0.5477477312088013,6.782277584075928,328.0,33.64740753173828,40.64301681518555,9,,,,,,,,,,,,
,,15529,3.0,0.05427712947130203,0.9796666502952576,0.5784884095191956,0.8078560829162598,0.6219857931137085,3.9726152420043945,57.0,1.3119796514511108,5.338871955871582,9,,,,,,,,,,,,
,,15539,3.0,0.14079564809799194,0.9690666794776917,0.5388591289520264,0.620373010635376,0.5560368299484253,4.808207988739014,56.0,0.6775683164596558,5.626572132110596,9,,,,,,,,,,,,
,,15549,3.0,0.20821356773376465,0.9682000279426575,0.7546422481536865,0.54917311668396,0.5771120190620422,6.741387367248535,285.0,2.5199899673461914,9.46959114074707,9,,,,,,,,,,,,
,,15559,3.0,0.20692411065101624,0.9749333262443542,0.5484793782234192,0.5088015794754028,0.5115995407104492,7.045810699462891,213.0,1.319523572921753,8.572257995605469,9,,,,,,,,,,,,
,,15569,3.0,0.11535435169935226,0.9624666571617126,0.5672606229782104,0.6524311900138855,0.5911000370979309,6.7563796043396,172.0,0.5483796000480652,7.420113563537598,9,,,,,,,,,,,,
,,15579,3.0,0.07681092619895935,0.9807999730110168,0.5956757068634033,0.6136538982391357,0.6038360595703125,4.8557538986206055,93.0,6.6744384765625,11.607003211975098,9,,,,,,,,,,,,
,,15589,3.0,0.06364937126636505,0.9796000123023987,0.5924745798110962,0.6510924696922302,0.6142337322235107,4.837802410125732,97.0,4.04913330078125,8.950584411621094,9,,,,,,,,,,,,
,,15599,3.0,0.28500041365623474,0.9413999915122986,0.5314229726791382,0.5467698574066162,0.5368425250053406,9.979838371276855,281.0,5.963964462280273,16.228803634643555,9,,,,,,,,,,,,
,,15609,3.0,0.20092013478279114,0.9750666618347168,0.5997284650802612,0.5285409688949585,0.5419886112213135,8.77867317199707,266.0,5.9214091300964355,14.901002883911133,9,,,,,,,,,,,,
,,15619,3.0,0.10022731125354767,0.9801333546638489,0.5592289566993713,0.5418654084205627,0.5488696098327637,4.807507514953613,99.0,0.8428359627723694,5.750570774078369,9,,,,,,,,,,,,
,,15629,3.0,0.12711256742477417,0.9606666564941406,0.5186701416969299,0.5270576477050781,0.5217017531394958,6.782186031341553,225.0,2.85876727104187,9.768065452575684,9,,,,,,,,,,,,
,,15639,3.0,0.0605965331196785,0.9837333559989929,0.6216234564781189,0.6573143005371094,0.637063205242157,4.80745792388916,72.0,4.037942409515381,8.905996322631836,9,,,,,,,,,,,,
,,15649,3.0,0.2109082043170929,0.958466649055481,0.6333643794059753,0.5494548082351685,0.5689758658409119,6.788402080535889,205.0,15.356657028198242,22.355968475341797,9,,,,,,,,,,,,
,,15659,3.0,0.2300083339214325,0.9642000198364258,0.6069265604019165,0.5329127907752991,0.5470641255378723,7.223897457122803,216.0,5.679450511932373,13.133356094360352,9,,,,,,,,,,,,
,,15669,3.0,0.2556628882884979,0.9393333196640015,0.5575908422470093,0.5486524105072021,0.5525922775268555,6.174699783325195,215.0,9.418929100036621,15.849291801452637,9,,,,,,,,,,,,
,,15679,3.0,0.19908906519412994,0.9747333526611328,0.750222384929657,0.542167603969574,0.567745566368103,8.511157989501953,203.0,5.528581142425537,14.238828659057617,9,,,,,,,,,,,,
,,15689,3.0,0.3248516023159027,0.9163333177566528,0.4964629113674164,0.49668869376182556,0.49655261635780334,7.599802017211914,264.0,13.795683860778809,21.7203369140625,9,,,,,,,,,,,,
,,15699,3.0,0.2025156468153,0.9640666842460632,0.5155746936798096,0.5073773860931396,0.508735179901123,8.836603164672852,215.0,4.5057148933410645,13.54483413696289,9,,,,,,,,,,,,
,,15709,3.0,0.06942679733037949,0.9780666828155518,0.6134469509124756,0.6929606795310974,0.6421815156936646,4.562756061553955,64.0,2.120119571685791,6.752302646636963,9,,,,,,,,,,,,
,,15719,3.0,0.17059244215488434,0.9688666462898254,0.5478834509849548,0.5329205989837646,0.5386826395988464,7.579344749450684,223.0,1.3174339532852173,9.067371368408203,9,,,,,,,,,,,,
,,15729,3.0,0.2821669578552246,0.9602000117301941,0.5334459543228149,0.515625536441803,0.5197560787200928,12.573442459106445,295.0,3.2708685398101807,16.12647819519043,9,,,,,,,,,,,,
,,15739,3.0,0.2868984043598175,0.9589333534240723,0.5010595917701721,0.5007745623588562,0.5006242394447327,7.191666603088379,311.0,1.5722391605377197,9.050804138183594,9,,,,,,,,,,,,
,,15749,3.0,0.07270216196775436,0.9820666909217834,0.6674540042877197,0.7704272270202637,0.7061987519264221,4.604382038116455,85.0,0.4551418423652649,5.13222599029541,9,,,,,,,,,,,,
,,15759,3.0,0.45097431540489197,0.9403333067893982,0.5112631916999817,0.5013172626495361,0.4923180043697357,8.435773849487305,298.0,7.900741100311279,16.78748893737793,9,,,,,,,,,,,,
,,15769,3.0,0.2758345901966095,0.9578666687011719,0.5585819482803345,0.5295122265815735,0.5377864241600037,7.985444068908691,298.0,1.5520896911621094,9.813368797302246,9,,,,,,,,,,,,
,,15779,3.0,0.2205621749162674,0.958133339881897,0.6510230302810669,0.5303576588630676,0.5445218682289124,7.123325347900391,262.0,6.484686374664307,13.828573226928711,9,,,,,,,,,,,,
,,15789,3.0,0.10835001617670059,0.9628666639328003,0.6083855628967285,0.7324902415275574,0.645354688167572,6.814210891723633,191.0,0.9826744794845581,7.905235290527344,9,,,,,,,,,,,,
,,15799,3.0,0.28788816928863525,0.9557333588600159,0.6107544302940369,0.5638329386711121,0.5797584652900696,11.112598419189453,273.0,3.6129953861236572,15.013482093811035,9,,,,,,,,,,,,
,,15809,3.0,0.20928992331027985,0.9596666693687439,0.5370887517929077,0.5201248526573181,0.5250232815742493,6.181851387023926,228.0,8.123889923095703,14.515031814575195,9,,,,,,,,,,,,
,,15819,3.0,0.49738043546676636,0.9318666458129883,0.6619702577590942,0.5312449336051941,0.5417643189430237,9.881683349609375,458.0,17.778043746948242,28.157108306884766,9,,,,,,,,,,,,
,,15829,3.0,0.1571824848651886,0.9674666523933411,0.7128419280052185,0.6030991077423096,0.6370245814323425,9.20468807220459,249.0,2.3156168460845947,11.67748737335205,9,,,,,,,,,,,,
,,15839,3.0,0.3256472051143646,0.9557999968528748,0.5140573382377625,0.5010047554969788,0.4931822717189789,9.765266418457031,284.0,5.979618549346924,16.070531845092773,9,,,,,,,,,,,,
,,15849,3.0,0.362212598323822,0.9523333311080933,0.8651079535484314,0.5047910809516907,0.4973887503147125,9.819174766540527,335.0,7.022063255310059,17.203449249267578,9,,,,,,,,,,,,
,,15859,3.0,0.10937997698783875,0.9775333404541016,0.5901973843574524,0.5165951251983643,0.5249559879302979,5.492055892944336,116.0,3.5550389289855957,9.156475067138672,9,,,,,,,,,,,,
,,15869,3.0,0.11179883778095245,0.9794666767120361,0.6904109716415405,0.5225414633750916,0.5364751815795898,5.676217079162598,149.0,5.110939979553223,10.898956298828125,9,,,,,,,,,,,,
