v -0.0281736088205303 -0.378623962054837 0.350881432473101
v -0.0281730255811136 -0.378622999008309 0.342600475972199
v -0.0281721413378319 -0.378621538943371 0.33004580298257
v -0.028169160567892 -0.378616617087852 0.287724201419913
v -0.0281648424697914 -0.378609487032397 0.226414931999055
v -0.0281639173932767 -0.378607959543513 0.213280500138258
v -0.0281256152151777 -0.378704871359083 0.379194899745159
v -0.0281253965419762 -0.377400961770493 0.37908092952502
v -0.0281070211948645 -0.376341836030794 0.341896226744082
v -0.0280942752576183 -0.379010861054578 0.34267883790277
v -0.0280269968531613 -0.373875691821054 0.211900321091809
v -0.028024728498387 -0.373754869996173 0.230166133392844
v -0.0280190071019357 -0.379327424448732 0.225841707205449
v -0.0280177159707965 -0.373381354181932 0.286634157784688
v -0.0280125377089877 -0.373105538842753 0.328331849573173
v -0.0280108643238914 -0.373016407529009 0.341806698579928
v -0.0280093493398695 -0.372935713302399 0.354006030931528
v -0.028008089999018 -0.372916486679645 0.341804021732862
v -0.0280066928121196 -0.372895155532178 0.328266394197996
v -0.0280023841670527 -0.372829374537948 0.286519057344274
v -0.027996648917396 -0.372741813270143 0.23094905897036
v -0.0279953627478336 -0.372850386067372 0.378649485690772
v -0.0279946479443266 -0.372711263991683 0.211561224635387
v -0.0279757525582462 -0.379588880144487 0.330424331554564
v -0.0279326201904045 -0.379030229145032 0.493050866127402
v -0.0279303784357056 -0.372453939838029 0.493147567273275
v -0.0279294069123037 -0.372354939233801 0.378589010981558
v -0.0279290947582022 -0.372323129969506 0.341780918519054
v -0.027928978787848 -0.372311312307565 0.328106110155099
v -0.0279286252592554 -0.37227528688171 0.286419286040021
v -0.0279281581579794 -0.372227688122418 0.231340378307952
v -0.0279279890116597 -0.372210451699883 0.211395250734459
v -0.0278565743031314 -0.371029757083589 0.378454255853518
v -0.0277918229594987 -0.369851779150869 0.378568833593527
v -0.0277472170601384 -0.369014051758865 0.341681894128833
v -0.0277294759636689 -0.368680862591293 0.327010858214491
v -0.0276792864402346 -0.367738271158869 0.28550652943211
v -0.0276190183453039 -0.366606397691201 0.235667705392113
v -0.0275874063653202 -0.366012704436998 0.209526114061329
v -0.0275704920399007 -0.381565280591247 0.288522926835882
v -0.0273759596119645 -0.362020486827243 0.379332763020532
v -0.0273258084762973 -0.382240883314202 0.288734978300423
v -0.0273039311999353 -0.360674598249493 0.207919996895071
v -0.0272925544425234 -0.360452181295791 0.341427515482084
v -0.0272921202862216 -0.360445041165887 0.324520945840262
v -0.0272917033837035 -0.382903800695399 0.214153069440173
v -0.0272787322912974 -0.38297283097143 0.225274372862346
v -0.0272442995999181 -0.383156076770316 0.254796667244428
v -0.0272214001153204 -0.383162733402019 0.225249515991113
v -0.0272128337276892 -0.383165223557955 0.214196326127653
v -0.0271278410368551 -0.357356456427473 0.242790347664874
v -0.0270028587174933 -0.383319243093311 0.225271902698518
v -0.0269736038250233 -0.35444951756211 0.282826446877561
v -0.0269183564476787 -0.353406975098545 0.318134854351136
v -0.0269118425663388 -0.383380752024888 0.2141419299875
v -0.0269067369450792 -0.383397201869363 0.289137175784772
v -0.0269006408229034 -0.383395877422042 0.225281665356972
v -0.0268820831357579 -0.382600560778717 0.331770364659847
v -0.0268592496915995 -0.352290129129355 0.379995058349003
v -0.0268247815833389 -0.351643223584663 0.344510332719813
v -0.0267706533437998 -0.383486581004461 0.214117740709341
v -0.0267180995539545 -0.349642410197003 0.211500030202968
v -0.0266775640456896 -0.348879051527417 0.211868015488682
v -0.0266733013192373 -0.348796713600681 0.245584418944607
v -0.0266689955268165 -0.348713543820763 0.279641456402337
v -0.0266642711230454 -0.348622288232131 0.31700953653141
v -0.0266607160667949 -0.348553619514029 0.345128561336649
v -0.0266562385591756 -0.348467132919489 0.380543795004058
v -0.0266419808715147 -0.34819173442625 0.493316208365393
v -0.0266216464404357 -0.38359389722649 0.225310612927257
v -0.0264889191089756 -0.346541183071819 0.278449423738978
v -0.0264833644199933 -0.383699621999615 0.33220718843293
v -0.0263837971223603 -0.383761141695349 0.214047138543056
v -0.0263743633190263 -0.383777482808239 0.343295954281308
v -0.0263156634045039 -0.383467266785974 0.379139200733112
v -0.026239975457413 -0.343595203549531 0.21440342682806
v -0.0262147873743089 -0.343260989650605 0.247372117159589
v -0.026193248999091 -0.342975202743822 0.275563703627974
v -0.0261906303488021 -0.342940456577576 0.278991255859889
v -0.0261626626504562 -0.342569360711743 0.315598185503623
v -0.0261421714716131 -0.383943340261374 0.366917009527763
v -0.0261391369147414 -0.342257204053142 0.346391028785769
v -0.0261292747202087 -0.383942600768748 0.379132145928687
v -0.0261123535998063 -0.34190182345218 0.38144771859014
v -0.0260328442794993 -0.340901655803447 0.215697093938645
v -0.0260321408182651 -0.340885917170759 0.248140768057919
v -0.0260315831823937 -0.340873441108502 0.273858967738298
v -0.0260314651418631 -0.340870800171855 0.279303004056008
v -0.0260306868606569 -0.340853387581883 0.315197379751517
v -0.0260300043361924 -0.340838117370357 0.346675448800724
v -0.0260292471316586 -0.340821176331609 0.381597767103602
v -0.0260268230025634 -0.340766940965734 0.493398745697487
v -0.0260088889649727 -0.38393569791581 0.49315531151678
v -0.0258887235526324 -0.335582253961331 0.249888177948463
v -0.0257957958489754 -0.332135880692088 0.219939788299438
v -0.025792977188018 -0.384190348385434 0.213942087277696
v -0.0257837205052299 -0.331699488664172 0.252162727848256
v -0.0257784902693723 -0.331510472659288 0.266119562321672
v -0.0257730058123692 -0.331312269331577 0.280754783495874
v -0.0257663751452117 -0.331127228311501 0.220427822744013
v -0.0257609845008254 -0.330877829978684 0.312833538629821
v -0.0257564959968615 -0.330724024755023 0.312797114877056
v -0.0257481321343206 -0.381265462375663 0.497545788094469
v -0.0257475204821678 -0.330391252492383 0.348762143929424
v -0.0257346084741642 -0.329924624173066 0.383217714066573
v -0.0256949414091935 -0.328491092234857 0.489068898394608
v -0.0256910245368208 -0.328430753748544 0.383439173856682
v -0.0256897533404983 -0.328411171271862 0.349157710331801
v -0.0256883846413562 -0.328390086787458 0.312246802953008
v -0.025687233432602 -0.328372352690697 0.281201149170902
v -0.0256865777717012 -0.32836225239063 0.263519367956435
v -0.0256862292792186 -0.328356883946911 0.254121266248837
v -0.0256850227966825 -0.328338298370699 0.221584996023529
v -0.025672252774677 -0.328069798784919 0.263279620961299
v -0.0256294269032708 -0.327179336501544 0.34940413053046
v -0.0255434160248148 -0.32544050098512 0.255833471336635
v -0.0255007888064006 -0.324546278360561 0.383999892315833
v -0.025400242547424 -0.322492951993488 0.385613011602514
v -0.0253642002576416 -0.384507553561545 0.225436711277522
v -0.0253445653445924 -0.384455208981377 0.343022541454688
v -0.0253293473610115 -0.32107530178667 0.224583745001329
v -0.025290774664404 -0.320264902280851 0.347183623565205
v -0.0252794491103804 -0.320045682321115 0.282461232797597
v -0.0251975643616497 -0.318367253107755 0.388854187556952
v -0.0251843835501203 -0.318099475444529 0.309834354521779
v -0.0251501770590848 -0.317407494295927 0.27502543669347
v -0.0251132879961707 -0.316652270625039 0.30949509821779
v -0.0251091615458518 -0.316568447709539 0.283427197360917
v -0.0250969993539705 -0.384519826150775 0.378913516306552
v -0.0250914888145579 -0.316208746555239 0.277223074015894
v -0.0250305603127828 -0.314968640990702 0.255833740700516
v -0.0250251651319494 -0.314858218583151 0.345447156474133
v -0.0250086811516322 -0.384670764762727 0.332960213880909
v -0.0249706508455848 -0.342282163346271 0.497098761827931
v -0.0249342319984286 -0.313008026907424 0.222017080789221
v -0.024892392501006 -0.312155931548042 0.284653002645727
v -0.0248064486768898 -0.310405749720349 0.393277103066181
v -0.024799617561133 -0.310267615841225 0.255833880914633
v -0.0247629100863745 -0.309520163102632 0.292120050924827
v -0.0246479185662641 -0.385022440227431 0.214251132704167
v -0.0244126360808431 -0.302390311702855 0.253646509309725
v -0.0243689867094498 -0.301501396464717 0.313057981937443
v -0.0243646974750713 -0.301414719030035 0.218328677913294
v -0.0239755913663705 -0.293493038312832 0.384857234339442
v -0.0238850670625884 -0.291650986577268 0.288665135353104
v -0.0238494874121869 -0.290927226405769 0.215053126554885
v -0.0238443861813012 -0.290822592309456 0.333872544695623
v -0.0238438159478069 -0.290811043505734 0.32508469947135
v -0.0237861653945765 -0.385605811308086 0.214451587128701
v -0.0237563334765324 -0.28903046113473 0.296132791741924
v -0.0236873004475869 -0.385643286226468 0.225621946420628
v -0.0236670296929652 -0.287212942736022 0.246504369756061
v -0.0236280739948222 -0.286419084504104 0.378675350096417
v -0.0235954975244629 -0.385577684193084 0.290624441979408
v -0.0235484612850492 -0.284797764685251 0.489229897141162
v -0.0235168649793538 -0.28415516360497 0.404413960239737
v -0.0235075856836201 -0.28396644263486 0.379504967111648
v -0.0234919270527572 -0.283647979672603 0.337471526239594
v -0.0234892378965564 -0.283593288004015 0.330252856283535
v -0.0234754097278593 -0.283312052715663 0.293133039334439
v -0.0234744387026612 -0.283292304146091 0.290526455744451
v -0.0234583073358814 -0.282964226749352 0.247224020323049
v -0.0234553300492393 -0.282903675125661 0.239231903826782
v -0.0234518510949164 -0.282832920657474 0.229893129440229
v -0.023446662161424 -0.282727388881075 0.215964151163033
v -0.0233665129102746 -0.281102019348335 0.405709289357741
v -0.0233243709461921 -0.280245359479852 0.328576500279233
v -0.0233240266572469 -0.280238491054298 0.33918191312374
v -0.0233229078128263 -0.280214559551545 0.234693436210739
v -0.0233033430899311 -0.279817920246015 0.291300156581921
v -0.0232133189575718 -0.385822949678415 0.279175240104665
v -0.0231561918968065 -0.276829261339171 0.24826330437655
v -0.0231142157978262 -0.275978416845161 0.382206832031421
v -0.0230922882192115 -0.385888631083361 0.290845498614174
v -0.0230746415895194 -0.385463043791969 0.21414888076983
v -0.0230591849171004 -0.274859002196109 0.216838297219312
v -0.02301563695231 -0.338539248182727 0.497855150242909
v -0.0229973633874795 -0.273603861546093 0.238627856281788
v -0.0229161637989749 -0.271955483108875 0.283470448088798
v -0.0228866693260296 -0.271358529317012 0.454473043298873
v -0.0228589661055273 -0.270793755334439 0.263675221564473
v -0.0228481629936945 -0.270576031278311 0.406150919622729
v -0.02284284099566 -0.270468611818763 0.462467798800097
v -0.0227336134254943 -0.268247754618243 0.220777450716757
v -0.0226432735175545 -0.386132304028316 0.334141257310638
v -0.0226016895945048 -0.265569723201615 0.299314772104473
v -0.0225591745498277 -0.386177943164536 0.342250409638807
v -0.0225366882169262 -0.26424985474812 0.307693732433802
v -0.0225308347999053 -0.264132990865789 0.480189063777577
v -0.0224575518331177 -0.262642633244404 0.288708519342896
v -0.0224537666065651 -0.262565433116881 0.259853345600476
v -0.0224002360489102 -0.261478534494595 0.271247463049725
v -0.0223741894146177 -0.386278331576103 0.36008740193979
v -0.0223628626480986 -0.26072145482218 0.430985630079914
v -0.0223400564350853 -0.260257499868537 0.358940582083009
v -0.0223187383804323 -0.385613327790104 0.291002225954545
v -0.0223008623403682 -0.259460972376921 0.305163338404017
v -0.0222941285255069 -0.259323593656015 0.250225568963733
v -0.0222431661948397 -0.385358808357717 0.226042134435896
v -0.022234583411615 -0.258117223156315 0.491405172033152
v -0.0222252886555302 -0.257928482993866 0.491919639756495
v -0.0222099765376708 -0.257636698787128 0.49271461287789
v -0.0221871013872958 -0.257151207200311 0.335186624087787
v -0.0221865662466579 -0.257140217237856 0.324577195637935
v -0.0221745126114967 -0.256895968810956 0.369559510152999
v -0.0221529427842051 -0.257340645514617 0.493504846423032
v -0.0221495723907223 -0.25639008769471 0.419006230828105
v -0.022105148077831 -0.386349237165092 0.378293527022179
v -0.0220304723629909 -0.253969298415463 0.224347363588673
v -0.0220166146403557 -0.253688777817948 0.300635078206365
v -0.0219875821973013 -0.253098345258732 0.224862504867901
v -0.0219302074276538 -0.251933596062377 0.254612081692277
v -0.0219265523353734 -0.251859372690795 0.254578466919722
v -0.021832499961024 -0.374732581591464 0.499292318800751
v -0.0218319613558488 -0.249939072937477 0.300635624337463
v -0.0217778317462175 -0.24884018299528 0.326991794495329
v -0.0216830176270687 -0.257019114609284 0.4942021367417
v -0.0216636251381189 -0.246576197720726 0.228720694559382
v -0.0216610233869177 -0.246488759711754 0.327675819985011
v -0.0216469108590575 -0.246182346607696 0.39073829484353
v -0.0216455045027668 -0.246153796045564 0.391423061756736
v -0.0216292884224661 -0.245824591980252 0.39931881002854
v -0.0216267935954692 -0.245777131694897 0.391539438011607
v -0.0216265596821169 -0.245769195583623 0.400647457056455
v -0.0215805737840493 -0.244844133686887 0.39904821449495
v -0.0214829900238859 -0.386513206329778 0.420395188746065
v -0.0214610819666017 -0.386274867046114 0.493558827362573
v -0.0214358112772693 -0.241896795523746 0.493524487756504
v -0.0214307932471308 -0.241829799606354 0.397557350002556
v -0.0214305294525789 -0.241826277674935 0.392512420537853
v -0.0214302707015941 -0.241822823080377 0.387563946590336
v -0.021427128002057 -0.241780864775472 0.327461501791647
v -0.0214257253495645 -0.241762137906976 0.30063652441
v -0.0214230769997285 -0.241726779684338 0.249988252773401
v -0.021422106703114 -0.241713825216144 0.231431849903327
v -0.0213456655246253 -0.240708584983824 0.397002776082282
v -0.0213417366691798 -0.240656798767465 0.392796034872625
v -0.0213356575267349 -0.240576669633092 0.38628691805803
v -0.0212806377177893 -0.239851453913258 0.327375588575954
v -0.0212556607134246 -0.239522232192087 0.300631974561328
v -0.0212071389605329 -0.238882667303998 0.24867830502975
v -0.021192620847846 -0.238691304161439 0.233133334293801
v -0.0211639633606826 -0.238354190478758 0.384007186521005
v -0.0211254498541993 -0.23784562404542 0.338656817378451
v -0.0211155932952776 -0.23772044360121 0.349283732965576
v -0.0209033048704018 -0.234983169188062 0.394170869387848
v -0.0208410256097864 -0.385554109390949 0.341275908899906
v -0.0207174307942302 -0.23259972929793 0.492670786808007
v -0.0207121383948418 -0.232509770482081 0.396718783654073
v -0.0207119748344528 -0.232506990325514 0.39375340900852
v -0.0207117140863225 -0.385961561782909 0.377896466667388
v -0.0207102511477869 -0.232477691551938 0.362502708472919
v -0.0207101513262526 -0.232475994811694 0.360692928923819
v -0.0207086092268039 -0.232449782609979 0.332734432161897
v -0.0207082954794878 -0.232444449615441 0.327046145761905
v -0.0207068377212087 -0.232419671022792 0.300616767189738
v -0.0207038073304661 -0.232368161236256 0.245675323669321
v -0.020703312244741 -0.232359745899033 0.236699344425652
v -0.020701545913205 -0.232163691942562 0.361365796066894
v -0.0206798234561119 -0.231460762840072 0.282458796891921
v -0.0206793428807341 -0.231452774657654 0.273575535372162
v -0.0205571087292462 -0.226998184004989 0.300627123654863
v -0.0205564472591581 -0.226946509370439 0.326791263590714
v -0.0205559694360975 -0.226946131913952 0.310819467507882
v -0.0204689999871459 -0.223870653885958 0.241394455809231
v -0.0204688264174751 -0.223863858016679 0.241876856641533
v -0.020462639670656 -0.223465760491881 0.406167915075418
v -0.0204599006319045 -0.223514381799526 0.266684222866095
v -0.0204582780266897 -0.223383747018422 0.24166319776699
v -0.0204483867394401 -0.223063572002299 0.29868469439616
v -0.0204467333113672 -0.222998834418849 0.303280054144032
v -0.0204387232332609 -0.222685211402304 0.325542401754649
v -0.0204148209218786 -0.221749350990129 0.391973909366317
v -0.0204137805365029 -0.221361062995782 0.241916397092384
v -0.0204105683292372 -0.221266862691054 0.264736757926762
v -0.0204092950779489 -0.221532994567733 0.407331844304389
v -0.0204059236978088 -0.221130655510218 0.297733434783217
v -0.0204049661511226 -0.221102574760074 0.304536096968016
v -0.0204020779993195 -0.221017877616503 0.325054283013157
v -0.0203940629091691 -0.220919001619029 0.26443283930087
v -0.0203926817505169 -0.22074232581448 0.391807692875721
v -0.0203904236781787 -0.220676106207597 0.407849629552289
v -0.0203784163450003 -0.220323982464995 0.4931528659662
v -0.0203492524298927 -0.219935758494812 0.297137107449551
v -0.0202223836349901 -0.217128538557948 0.409960190624971
v -0.0201869811621198 -0.21640351996268 0.391084491859126
v -0.0201843116940092 -0.216425249859968 0.323703221740554
v -0.0201834381103853 -0.216425408996383 0.307654599586924
v -0.0200787531163232 -0.214194881961344 0.411703797223716
v -0.0200586710077683 -0.213775815163426 0.322672778614883
v -0.0200563341955906 -0.25560320535801 0.497447403905653
v -0.0200341182843436 -0.213272992066502 0.309581890502523
v -0.0200173897019586 -0.21293245662023 0.298888858326971
v -0.0200141413948629 -0.212863878940358 0.298930720752359
v -0.020011354261519 -0.212869888996991 0.24297786094699
v -0.019997830583792 -0.212529844609659 0.290234210835404
v -0.0199235436174758 -0.211022394352218 0.390187022987589
v -0.0199171325151349 -0.21087720298225 0.247208051602469
v -0.0199079323511613 -0.210688789873796 0.242302757997707
v -0.0198431370401947 -0.209366073622854 0.250415122613835
v -0.0195774992086508 -0.20395339613253 0.3840101026305
v -0.0194693953700827 -0.201746407729659 0.39571639392605
v -0.0194257974879065 -0.200858519249358 0.422349868501624
v -0.0194031752559149 -0.20038598864813 0.317464459871443
v -0.0194003430144751 -0.200324292018785 0.278853121545588
v -0.019296464008985 -0.234307436888746 0.497342705498342
v -0.0192309867828206 -0.196867952641755 0.308682782183656
v -0.0191437126195241 -0.195097536069145 0.431866767513557
v -0.0191231592087651 -0.194673865353872 0.393281735271052
v -0.0190967414291235 -0.194118705859332 0.237175542786978
v -0.0190566195809989 -0.193303492712561 0.280611498963201
v -0.019056492650033 -0.1933000261624 0.271835654369161
v -0.0190154499228659 -0.1924665281322 0.320546232928448
v -0.0189928319029641 -0.384833987377435 0.334973054130601
v -0.0189399835897844 -0.385308678371525 0.212896175082792
v -0.0188425300703056 -0.385220336359965 0.226921875759387
v -0.018820142414756 -0.188472630781421 0.27534283714363
v -0.0187126185427401 -0.186277022966477 0.282369672196123
v -0.0187098200083825 -0.186226441688146 0.348474886705598
v -0.0187072246851724 -0.186175905063515 0.373341781648453
v -0.0186875899334435 -0.185782589606496 0.451160054827224
v -0.0186760613377387 -0.38520452249571 0.212745503126886
v -0.0186667874761319 -0.185346352261594 0.337458092251908
v -0.0186659661492167 -0.185340124321256 0.44339819058399
v -0.0186000982589001 -0.183990385899278 0.400156618227189
v -0.0185835037457873 -0.183638469599947 0.270070577077098
v -0.018559770961762 -0.183172734470587 0.46125081367868
v -0.0185376505446369 -0.384727327364581 0.340990872560416
v -0.0185179958130348 -0.182296896347932 0.234989863347621
v -0.0184938809728935 -0.181827899692305 0.471789730595995
v -0.0184740457283313 -0.384886303806061 0.279954861250159
v -0.0184508506469419 -0.18092545615112 0.235818444446553
v -0.0184152677913633 -0.180201840283736 0.26803405670282
v -0.0183890948802963 -0.179669585819173 0.291730197466075
v -0.0183756337818798 -0.179395839818516 0.303917457877799
v -0.0183614526440606 -0.179112734099169 0.369814293460283
v -0.0183612920035349 -0.179104184238657 0.316902058543201
v -0.0183513003881855 -0.178900993930007 0.325948156746318
v -0.0183335927451777 -0.178540889850499 0.341980106735601
v -0.0183313751140465 -0.384824428199071 0.291963262994618
v -0.0183036973380078 -0.177932934400095 0.369046479851643
v -0.0182939965887801 -0.177735659168735 0.37782923690235
v -0.0182772208225445 -0.177394564561159 0.342741727097367
v -0.0182721286367968 -0.177290950704927 0.397627801420995
v -0.0182718815650517 -0.177285926233669 0.397851492505085
v -0.0182707272326968 -0.177262563303878 0.303335399953981
v -0.0182534652845624 -0.1769114485191 0.382626524142571
v -0.0182534619049166 -0.176911362153338 0.397722714440711
v -0.0182321781857579 -0.176478515058301 0.433797698951757
v -0.0182060974894671 -0.175950070131285 0.476835985374192
v -0.0181796978225052 -0.175411270089954 0.481311789828504
v -0.0181748282380404 -0.175312241821171 0.485720560356216
v -0.0181707974563421 -0.175230271514196 0.489369904911898
v -0.0181658831126983 -0.175130342028223 0.486109492393581
v -0.0181629229562317 -0.175070149470367 0.48414558186975
v -0.0181462249898 -0.174730946228989 0.486963476435688
v -0.0181445564095108 -0.174696726391672 0.431867280318906
v -0.018143221831207 -0.1746699873117 0.489421954229219
v -0.0181328180868975 -0.174574833556861 0.493306185581444
v -0.0180788527838278 -0.173360655548757 0.41991920955158
v -0.0180555102911052 -0.172886107760466 0.315206705456061
v -0.0180358261673294 -0.172485731752681 0.399823444142063
v -0.0179830396523749 -0.171412357628269 0.364802325020102
v -0.0179522780136872 -0.170786842816006 0.344393570742732
v -0.0179276382192713 -0.170286685657645 0.364069622937856
v -0.0179253299980736 -0.170238900199504 0.305090347414414
v -0.017906960282671 -0.16986534080187 0.314327602992785
v -0.0178938931574342 -0.169599630627184 0.305658242079416
v -0.0178925902157078 -0.169573136286045 0.304793807716818
v -0.0178904728933725 -0.169530082127049 0.30338907399293
v -0.0178386916149205 -0.168480370089253 0.401724703505875
v -0.0178264889863546 -0.16822901744735 0.260939065094066
v -0.017816581202918 -0.384601164383426 0.335292803078382
v -0.0178006648440654 -0.167703902914932 0.243806083988735
v -0.017796770317452 -0.384804284986476 0.227269517989759
v -0.0177547481638246 -0.230291027651942 0.497700367270748
v -0.0177500052464936 -0.38457229068904 0.340896415534059
v -0.0177122148596335 -0.384289683020203 0.292012298339581
v -0.0176019012525397 -0.384508058649602 0.353362137843255
v -0.0175358557436042 -0.162324876259309 0.301565255974613
v -0.0175353200970114 -0.162314249404244 0.312130183064702
v -0.0174869107924461 -0.161329972250775 0.283707348217271
v -0.0174654589426297 -0.160893241713963 0.2479206212313
v -0.0174301013242555 -0.307227335630724 0.49931004904246
v -0.0174012060398776 -0.159587933852536 0.255818435011475
v -0.0172904090421897 -0.174699705017956 0.495198947191972
v -0.0171342916019487 -0.347246936718627 0.499920927197895
v -0.0170977049081627 -0.153421946672265 0.280199133414045
v -0.0170529825189124 -0.152514940180652 0.348961244700242
v -0.0168832920176852 -0.149064755447737 0.250555131274993
v -0.0168394024416307 -0.148173379977119 0.266173235336328
v -0.0168356839551791 -0.148101505258949 0.417673181082357
v -0.016791898470196 -0.147210380003895 0.356482181508944
v -0.0167806038492355 -0.385565249785989 0.368840842651136
v -0.0167664803705817 -0.385508537386621 0.376828582783992
v -0.0167474137483809 -0.146305758637284 0.324581101059886
v -0.0167473857752203 -0.146304801612899 0.308571869656211
v -0.0167151853712055 -0.38464470378829 0.496549837620536
v -0.0166883862127603 -0.385194952668916 0.420995877107415
v -0.0166298110036415 -0.143954354308737 0.49340880432319
v -0.0166269850444383 -0.143862942513617 0.492283869027543
v -0.0165790998491486 -0.142889713007074 0.480284582831701
v -0.0165754901239711 -0.142813149967709 0.347645288107471
v -0.016574096205553 -0.142787862401709 0.47262870348615
v -0.0165733747803256 -0.142770977792654 0.380914050143529
v -0.0164432255395238 -0.140128401080145 0.455635463966194
v -0.0164058201733468 -0.139363358027045 0.248219384043806
v -0.0164002919461401 -0.139253059802963 0.331633799894207
v -0.0163911788273827 -0.13906609248492 0.257256764137104
v -0.0163158081541405 -0.137535829891814 0.303779360054538
v -0.0162760679013204 -0.254399482898789 0.499260584750477
v -0.016271536231692 -0.136627920941853 0.303283062177839
v -0.016265597605929 -0.136516397261027 0.33477185282071
v -0.0162539950512551 -0.136280828774795 0.341933537060526
v -0.0161785399966442 -0.134748852973531 0.388508217431458
v -0.016124037988773 -0.133642290164592 0.422149616397544
v -0.0160877440684778 -0.132871063767979 0.338951915371005
v -0.0160832828757147 -0.13281483271585 0.447305735811371
v -0.0160502444421692 -0.132137164604171 0.446533909199838
v -0.0160405677745223 -0.131920753778876 0.391185933675166
v -0.0160282536309105 -0.131621161270097 0.246355613968605
v -0.0160279654916307 -0.131616426920085 0.249964140091192
v -0.0160235135477221 -0.131543278057095 0.305718273666371
v -0.0160209555007074 -0.131501247376914 0.337754098438138
v -0.0160207149917765 -0.131497295630173 0.340766123596924
v -0.016016649933878 -0.131430503601932 0.391675071624958
v -0.0160141608581893 -0.131389606173693 0.422847130679326
v -0.0160123543569609 -0.131359923968894 0.445470935664753
v -0.016008523151365 -0.131296974313873 0.493451223137028
v -0.0159679830629639 -0.130725986833712 0.444604969810204
v -0.015950158442017 -0.130474935693945 0.423128303513509
v -0.0159251270197309 -0.130122380253153 0.392968251023705
v -0.0158839426178584 -0.129542317930289 0.343345672329003
v -0.0158778218023788 -0.129456109213311 0.335970777125872
v -0.0158536696033453 -0.129115937205543 0.306870089906899
v -0.0158288539450117 -0.128916905742651 0.423605952851883
v -0.0158038226724918 -0.128413867363952 0.246810136708331
v -0.0158027973214862 -0.12839942579241 0.245574703907276
v -0.0157797691358061 -0.254273765469024 0.499409918377909
v -0.015758066273768 -0.174954592778591 0.497534026635464
v -0.0157318702419393 -0.365765562796084 0.498427510976701
v -0.0156750766383495 -0.126758061173925 0.245175851056807
v -0.0155524918194668 -0.125380264686797 0.437305785238942
v -0.0155390908342801 -0.384069440909199 0.211031786400998
v -0.015532246203412 -0.125029830954566 0.349297875008627
v -0.0154928176726898 -0.124670347424086 0.492629721937842
v -0.0154902305612602 -0.124579833134239 0.436819619705186
v -0.015489758203202 -0.124563306921371 0.426629741054461
v -0.0154895987510292 -0.124557728228463 0.423189981188554
v -0.0154884537534706 -0.124517668631605 0.398489680276374
v -0.0154861755237934 -0.124437961070893 0.349342886774689
v -0.0154853518574457 -0.124409143767672 0.331574458811063
v -0.015484310643863 -0.124372715221555 0.309113023313935
v -0.0154816254064809 -0.12427876783609 0.251186112588966
v -0.0154813855083947 -0.124270374612411 0.246010944420823
v -0.0154700944318787 -0.244337353105202 0.499428658245617
v -0.0154176648597035 -0.122361911928809 0.255778082151001
v -0.0153586061555948 -0.120596680508966 0.280377524809303
v -0.0153585957358521 -0.120598416195522 0.289213021447111
v -0.015302949371987 -0.118956430787836 0.404075397823116
v -0.0153004499700965 -0.118845261053767 0.247813330109336
v -0.0152687259473288 -0.117912081602099 0.325881610108721
v -0.0152365585747307 -0.144354749720476 0.496559806953601
v -0.0152291758104637 -0.116750783947506 0.432230193084379
v -0.0152248035897787 -0.116609756067994 0.389425201020275
v -0.0152095130348197 -0.116164463342831 0.446410946306983
v -0.0151796916463331 -0.115239433589936 0.313516632459147
v -0.0151706743738815 -0.114994223267223 0.422147905074996
v -0.0151607561601167 -0.114656740167777 0.24926452641247
v -0.0151136905838203 -0.113260404694784 0.313854629285258
v -0.0150870682685481 -0.112470577264355 0.350389570901988
v -0.0150723268277907 -0.11206159065968 0.492965307594147
v -0.0150619300045483 -0.111724778476483 0.384887885499578
v -0.0150471263809439 -0.111302562693896 0.478437718784605
v -0.0150466065896787 -0.383552459760248 0.272696365229121
v -0.0150396338814442 -0.111063299959692 0.415485808616234
v -0.0150360446657543 -0.110956815569562 0.420411442782136
v -0.0150320705335582 -0.110849142234485 0.469999848989376
v -0.0150307473181115 -0.110799654540027 0.427681219466595
v -0.0150262682872792 -0.110666771228531 0.433827985000833
v -0.0149874257017591 -0.254246659360038 0.499171752375962
v -0.014983124172525 -0.109386777172946 0.493036498517742
v -0.0149620486683615 -0.382135915849962 0.335538961801508
v -0.0149102475701177 -0.10818570381123 0.410612619415615
v -0.0148933248274774 -0.108121279087788 0.350757476358669
v -0.0148372488720484 -0.106419659646902 0.434920041416728
v -0.0148338678035225 -0.106350888390581 0.433573029802705
v -0.014795047442419 -0.105561278542845 0.418107067824561
v -0.0147850875867808 -0.105543086807551 0.379134844409259
v -0.0147729522343532 -0.105111859903231 0.40930437670758
v -0.0147713856053044 -0.105077757986179 0.435262059646392
v -0.0147640705643297 -0.383692462464063 0.228258122641505
v -0.0147324652860691 -0.104698623149421 0.315290420423949
v -0.0146822248070179 -0.103266455377174 0.373158732987288
v -0.014659802006187 -0.383744129787 0.211858403436569
v -0.014658688894869 -0.144486231728372 0.497442439120931
v -0.014650120362156 -0.381891632087218 0.340475826508647
v -0.0146265143982231 -0.102133300348336 0.350963806414877
v -0.0145353566181775 -0.100279142407102 0.314646710949531
v -0.0144850514858182 -0.0992457663807867 0.415417187686573
v -0.0144446286177688 -0.0984268306939528 0.360456173859244
v -0.0143864184290868 -0.0972497254344942 0.255310004538571
v -0.0143086856046299 -0.095665980418697 0.255860584930404
v -0.0142909374965109 -0.144539100547493 0.497626245894749
v -0.0142716198288757 -0.0949027946233419 0.351203437571775
v -0.0142716121065647 -0.112229835375403 0.494193970886558
v -0.0142253762864892 -0.38199281935779 0.375859113041831
v -0.0140536125024552 -0.0904528431056721 0.450493492575784
v -0.0139887021677055 -0.125918087709875 0.497386623510851
v -0.0139466053243257 -0.0882802396899612 0.361119651168309
v -0.0139222237449694 -0.08779246536727 0.254549014508935
v -0.0138904763832842 -0.0871300376668306 0.440187088992573
v -0.0138322355382111 -0.0860175594168694 0.49315865856874
v -0.0137939704792935 -0.0851595376555347 0.491600595129385
v -0.0137477753326775 -0.0842260497002596 0.400390458132478
v -0.0137032705828576 -0.0833267499588859 0.312166864228036
v -0.0135316512022011 -0.0798171872260642 0.467334322228132
v -0.0134549337794513 -0.078258997612886 0.410027362492897
v -0.0133861796434204 -0.380901788624746 0.360480116603852
v -0.0133822691385833 -0.0863707205507717 0.493800245596402
v -0.0133820004784705 -0.175410704442772 0.498724011385557
v -0.013351096631387 -0.381361668009423 0.208399790694587
v -0.0133126136952101 -0.0753540576475835 0.473795060220169
v -0.0133108012787993 -0.0753278961444871 0.345862201815571
v -0.0132920810377246 -0.074944128870059 0.374009848342893
v -0.01328212126318 -0.380819705020628 0.37551077152746
v -0.0132702788474673 -0.0744978314339882 0.399063915519042
v -0.0132365585373533 -0.380676236807632 0.340284201031972
v -0.0132025453600508 -0.38062496239757 0.335693089021178
v -0.0131850036638411 -0.0727674828781243 0.315685535449932
v -0.0130957870820285 -0.0709371061457643 0.46677579681808
v -0.0130209823458832 -0.0694263312109785 0.309081735317321
v -0.0130013166638746 -0.379464444971377 0.375319181799721
v -0.0130009035290416 -0.37994354038893 0.493707394560342
v -0.0129760923610893 -0.0685013262180648 0.433089152216408
v -0.012970741738548 -0.361191873720735 0.497358397781234
v -0.0129248876651625 -0.380537911077947 0.427111180129983
v -0.0128962609590205 -0.380978004515442 0.229286039497048
v -0.0128818135892589 -0.380141463540959 0.292400588822522
v -0.0128376880152462 -0.06567670340573 0.490445883809758
v -0.0128268331121752 -0.0654755479193105 0.252762363681229
v -0.0128145321952149 -0.380040037738921 0.283318919869599
v -0.0127517018802565 -0.0640734245169437 0.49320586472097
v -0.0127496812625047 -0.0640358959896055 0.493273565329991
v -0.0127485816055056 -0.0638733745138309 0.346742651014011
v -0.0127181704261134 -0.379606763548933 0.292317941659479
v -0.0127042962053983 -0.0629630342683954 0.442853270983129
v -0.0127025463582134 -0.335264248363595 0.497780662848143
v -0.0125741826778053 -0.0603282045068441 0.252055915500357
v -0.0125609231277907 -0.0600576050541112 0.257457499033353
v -0.0125069738681793 -0.0589484328905239 0.376674994670479
v -0.0124970188362986 -0.0587426576215785 0.411799278565002
v -0.012485758873058 -0.0585155929881197 0.383969529424034
v -0.012456029794821 -0.057916953337743 0.300188217607363
v -0.0124428102382097 -0.0576367683624903 0.429200700385273
v -0.0124280333055458 -0.205625815884075 0.499343165873238
v -0.0124135883461491 -0.0570508128751184 0.317477720645608
v -0.0123905348633105 -0.307561458978793 0.497789527968998
v -0.0123637113688328 -0.0560329289536472 0.337796257779331
v -0.0123538800227587 -0.0558553329536283 0.261099516814524
v -0.0123536572723578 -0.0558535704123386 0.251441601514265
v -0.0123417607909706 -0.0555775582966449 0.434756631285537
v -0.0122636832262784 -0.0539915655134566 0.378545028820914
v -0.0122596018678434 -0.377544888569974 0.335142689342152
v -0.0122544480988093 -0.0538030960377716 0.382307171005794
v -0.0122225057306282 -0.0531825451542935 0.285601398084949
v -0.0122066688076974 -0.377306884131365 0.340085995864029
v -0.0121875715070561 -0.0524382858361285 0.40955089318041
v -0.0121751385064611 -0.375500874294212 0.375612789910117
v -0.0121691881153469 -0.0520631195800777 0.417039791810296
v -0.0121256972471271 -0.051175562677601 0.434756800106487
v -0.0120988961708768 -0.37977375123587 0.229734240129307
v -0.0120928909780684 -0.376795301608225 0.350711466707752
v -0.01207549876994 -0.380059191657638 0.207547460818786
v -0.0120582792391471 -0.0498477451900161 0.293953312635221
v -0.012024925051517 -0.121207142108193 0.497848832570576
v -0.0120188111750657 -0.373581440553607 0.487702956497425
v -0.0120059446685224 -0.376577944218767 0.340045661464405
v -0.0120052366421145 -0.0487467103703516 0.380523692998944
v -0.0119920120166204 -0.374270576327621 0.363034290389363
v -0.0119915025269161 -0.0484369314413331 0.489424114616434
v -0.0119643292346776 -0.376473909647216 0.334940647636644
v -0.0119632445031575 -0.0478867992912391 0.407927857180375
v -0.0119543334852156 -0.372779382074687 0.375866740177288
v -0.0119381935825629 -0.0474039866467971 0.318577869192368
v -0.0118983926119061 -0.112710429975099 0.497491357423954
v -0.01189698005309 -0.375395251679848 0.34000520159504
v -0.0118951459782218 -0.046528091991559 0.32695112186888
v -0.0118544495206358 -0.375298430340622 0.334648841760918
v -0.0118528630044695 -0.0456393240681535 0.434756907356679
v -0.0118306319468905 -0.0451988900800874 0.397387253373896
v -0.011809075066315 -0.379676394493477 0.207338361383917
v -0.0118022780507454 -0.374180192854081 0.438031480553644
v -0.0117996937392876 -0.379662418705781 0.207330859180094
v -0.0117956573630805 -0.374671163296792 0.334468054642694
v -0.0117956517760089 -0.37964824657076 0.207325339688809
v -0.0117795408406224 -0.0441597558860345 0.405845108924111
v -0.0117736447293647 -0.36562830626975 0.437405215809139
v -0.0117734719820601 -0.0440634102276848 0.311973693668281
v -0.0117559436577187 -0.0436835882556735 0.396540459962686
v -0.0117447174048514 -0.112746957225424 0.497807918835453
v -0.0117371679204186 -0.0433335200508027 0.288238184013133
v -0.0117286592821966 -0.378438347408883 0.230102610901512
v -0.0117219207858468 -0.0429970406138051 0.383124838245525
v -0.0116115278206961 -0.375591940133613 0.291662086525182
v -0.0116031873853677 -0.0406051715259572 0.322112577740216
v -0.0115686565290052 -0.0399043206778272 0.322690924838897
v -0.0115667078486188 -0.039864998249988 0.321922537061094
v -0.0115645501547269 -0.375474500498841 0.285899281425911
v -0.0115325635950925 -0.0881448414560206 0.496457829722868
v -0.0114836386680223 -0.175782111013709 0.499395441525424
v -0.0114665884843842 -0.0378446892743245 0.282444284837369
v -0.0114318807085032 -0.0371443454150298 0.268672915847962
v -0.0114316663626399 -0.0371399956663613 0.268674078234944
v -0.0114308604410506 -0.0371309805060154 0.242971641121424
v -0.0113666314420128 -0.0358276557920614 0.243030038048542
v -0.0112478015270137 -0.0334354593737648 0.434756795963677
v -0.0112173242129726 -0.0328199052032933 0.399508889159016
v -0.0111752192367598 -0.370914260671212 0.290651326969076
v -0.0111588130151432 -0.0630473162903713 0.495401922290922
v -0.0111150552498561 -0.363454032350203 0.376724422997733
v -0.0111138296888658 -0.374117825834002 0.231148499527314
v -0.011091947505034 -0.237399937495803 0.499881390796843
v -0.0110830278181646 -0.030110945971381 0.388954350143019
v -0.0109887248909463 -0.355289333598676 0.49296618893855
v -0.0109868000237382 -0.368890777847958 0.290265103151775
v -0.0109779038147909 -0.0279916753175736 0.432750531588802
v -0.0109668168336621 -0.35923329339953 0.432766821541347
v -0.010956745393796 -0.0889560686636634 0.497692865308081
v -0.0109485128688036 -0.0273943688559964 0.243408111116381
v -0.0109484917888794 -0.0273943255748031 0.259469448836086
v -0.0109434366434629 -0.0272926466279386 0.271306596832576
v -0.0109386926015466 -0.144745883228823 0.499295980753297
v -0.0109289629123717 -0.361914575237435 0.376858828405299
v -0.0109006423164656 -0.373476128975514 0.205251793666576
v -0.010898189326424 -0.361660402662908 0.376873521483165
v -0.0108822239264256 -0.373279994801263 0.205189726909047
v -0.0108778401098177 -0.3638527761497 0.339615440727136
v -0.0108755926052165 -0.3714900093362 0.231750659304817
v -0.0108703194836709 -0.3626460592347 0.354175079615409
v -0.0108687494995361 -0.363746701845687 0.339652433304737
v -0.0108678665128945 -0.364365722574081 0.331484642045612
v -0.010863394421159 -0.372874546720367 0.205068767643668
v -0.0108633817888082 -0.367509753343878 0.290000107098617
v -0.0108626771381067 -0.368003751066999 0.28348195657497
v -0.0108444420036559 -0.363856153169561 0.33132932228448
v -0.0107658780351799 -0.361391000109723 0.340477676719032
v -0.0107350135171699 -0.368364935532304 0.232431038253087
v -0.0107279283284301 -0.0229488456499124 0.394176042360986
v -0.0107066495895872 -0.369724066422906 0.204124888077434
v -0.0106993996472647 -0.0223716080285007 0.317432416922766
v -0.0106930338103291 -0.357081970160551 0.377190882158432
v -0.0106920215316595 -0.022221540906255 0.26472310289688
v -0.0106778029148419 -0.0219352523835643 0.285570161590847
v -0.0106711618857346 -0.360252808621943 0.32805573812578
v -0.0106553983678571 -0.021484605078425 0.337891994420245
v -0.0106268223012047 -0.112914945526105 0.498248286523977
v -0.0105685303700548 -0.364530851484709 0.2353874755596
v -0.0105587569822603 -0.0195364285850372 0.381810922101234
v -0.0105451505490621 -0.0192600854350563 0.301630661713523
v -0.0105434721370723 -0.0192249667536429 0.248397371141628
v -0.0105401916497368 -0.0191591604023837 0.263531924741676
v -0.0105318288500847 -0.0189914032141571 0.302113765376002
v -0.0105287739447902 -0.0189301220231897 0.316207594491648
v -0.0105234605502427 -0.0188235356924979 0.340720981178809
v -0.0105146287952073 -0.0186463712914028 0.381466351087465
v -0.0105122413337061 -0.0185984789772132 0.392480923119865
v -0.010510766196815 -0.0185688878322141 0.399286478533678
v -0.0105053475793635 -0.0184601907372756 0.424285311899133
v -0.0105023568574721 -0.14477273888776 0.499449759015788
v -0.0104903420622166 -0.0181591810910844 0.493513380880951
v -0.0104600783737822 -0.331695171087152 0.494237365750737
v -0.0103769229131154 -0.356845130883045 0.287827682469748
v -0.010363181865934 -0.356551853304434 0.28766443298598
v -0.0103599440024454 -0.253900237332393 0.498297224045433
v -0.0103312793765395 -0.345728351706042 0.424155018967792
v -0.0102512894929671 -0.251028888983314 0.498324390260554
v -0.010250603889275 -0.357593815471375 0.240734726362317
v -0.010229992823328 -0.354951338128854 0.270196808739909
v -0.0102134853569093 -0.135644144266697 0.499465749096089
v -0.0101867846604759 -0.0148781114629471 0.251067791842007
v -0.0101720042726764 -0.0146798428601538 0.261793122382786
v -0.0101367355260955 -0.351926410901376 0.285091870894371
v -0.0101360216872128 -0.349575739613466 0.318360626318917
v -0.0101336065190739 -0.253961910220554 0.498038628169458
v -0.0101034975731352 -0.0137608732238871 0.311504740697748
v -0.0100995283093055 -0.0137076283155464 0.314385021455882
v -0.010099257765209 -0.337843183348735 0.488865408206717
v -0.0100632379484865 -0.0619787956612975 0.49756240231971
v -0.0100596476922952 -0.346024326160499 0.345859572104699
v -0.0100547858709458 -0.0131074396831863 0.346852196682777
v -0.0100373758704149 -0.345544903030197 0.345955460969807
v -0.010029490918906 -0.0124140111524267 0.313925875083589
v -0.0100132648980531 -0.342526360809955 0.378195668524089
v -0.0100104882542442 -0.0125132180234016 0.378996588814934
v -0.0100047109642039 -0.342353494866106 0.37820752904857
v -0.00999659127052133 -0.0113885070355693 0.253200890120031
v -0.00999522483010802 -0.0123084698247508 0.390072432782263
v -0.00999228680810056 -0.0115448051613044 0.287320795747426
v -0.0099814631990152 -0.0120921762599379 0.418598473497856
v -0.00997363401909483 -0.0115255953259461 0.334309292578887
v -0.00997255979597137 -0.351734868701683 0.24265107787368
v -0.00997196421450827 -0.0119964448753635 0.406951407425757
v -0.00996796444819529 -0.0115194195447547 0.348542798686885
v -0.00995695027931267 -0.264140674530505 0.278405010970484
v -0.00995600036544718 -0.0117823009644272 0.418535511997681
v -0.00993464193797009 -0.345371230605993 0.317370273180048
v -0.00985847293096486 -0.0104740383916796 0.489305913005041
v -0.00984496845268174 -0.00967523447623751 0.409659539361786
v -0.00984122959506849 -0.00887182094801851 0.303288455467083
v -0.00983434210148527 -0.00953752651777092 0.418071005532734
v -0.00983155923668722 -0.00942952418287171 0.409855908054868
v -0.00983072004343503 -0.00939695528813705 0.407378585270677
v -0.00982444212655717 -0.00915331079574594 0.388845992833617
v -0.00982064310415578 -0.009005871620845 0.37763116868192
v -0.00981397225794069 -0.00874697763235886 0.357938637461814
v -0.00979999379050019 -0.00820447656549133 0.316673796749603
v -0.00979887698158727 -0.00816113347159902 0.313376944494974
v -0.00979736554902559 -0.340352536041513 0.346993963841494
v -0.00978757269187614 -0.00772241661980038 0.280006353886247
v -0.00978045006546311 -0.0074459891470168 0.258980154437908
v -0.00977986106360806 -0.0074231301221549 0.257241403903813
v -0.00977206347711846 -0.340097777188128 0.343337316523842
v -0.00976553924144289 -0.00701567969194441 0.388003333618524
v -0.00974576124850484 -0.00618711031607371 0.258489818044638
v -0.00974190572335117 -0.346881918401126 0.244238345728565
v -0.00974042725634765 -0.339191214683651 0.347226279198885
v -0.00967827231878871 -0.348057925292842 0.211161864049751
v -0.00967007773373204 -0.00354182062768359 0.37557324144401
v -0.00962877722973483 -0.347016734079664 0.211500030202968
v -0.00961880897407013 -0.0103616449629148 0.493779130710705
v -0.0096084403781307 -0.00134067048928348 0.416345622186566
v -0.00959999178173554 -0.000905950185641979 0.266814410184185
v -0.00958795373405681 -0.338379479153783 0.315724200382465
v -0.00958640161059541 -0.00040402736301344 0.256444612197968
v -0.00958407865396809 -0.000326137467968216 0.263889221593399
v -0.00957146253298119 -0.34078799290184 0.278901329442558
v -0.00956898541050043 0.000179946518174853 0.312260035239131
v -0.00956588449843293 0.000283921647388153 0.322197835558198
v -0.00955030795799573 0.000806210822121772 0.372117518915025
v -0.00954617005693585 0.000944956709785679 0.385378660662366
v -0.00953663087618485 0.00126481020114098 0.415949818904685
v -0.00953485598340846 0.00132432324173932 0.421637993743435
v -0.00951768688656325 -0.144832782076438 0.499198478991489
v -0.00951365029910612 0.0020353604196402 0.489597952503536
v -0.00950820874402628 0.00127435868744113 0.255852065883393
v -0.0094942263621348 -0.336489110651623 0.315281115796175
v -0.0094823566510764 -0.333921905655019 0.348280369004881
v -0.00947578458723684 -0.331607656500813 0.379758150494506
v -0.0093490268853368 0.00534827825040212 0.429598713126463
v -0.00934543884160742 -0.340983159636573 0.214411346867171
v -0.00934451152281653 0.00527394556273901 0.383970264596087
v -0.00932662531942109 -0.328573993488063 0.380195939139859
v -0.00930957502460303 0.00614221618358561 0.415219946571707
v -0.00922396538275013 0.0078650434685126 0.38401834968516
v -0.00920741341890435 -0.33797255067098 0.21586427450436
v -0.0092059979563564 0.00803801466765653 0.327254902549684
v -0.00920311451511898 0.00803981612236804 0.311234607028308
v -0.00918849396983271 -0.32337510231827 0.415074078274534
v -0.00917347733723132 0.00888107601461171 0.365617295671008
v -0.00914716138894191 -0.331981283269281 0.280234233906351
v -0.00913283575716692 0.00975797115093696 0.438317446086131
v -0.00910196356761635 -0.331707904619355 0.271465359088781
v -0.00907535790748826 0.0108556530258471 0.329856336656118
v -0.00907117385219724 -0.332481868416 0.25269056956225
v -0.009066400020689 0.0110359235124303 0.326591513129045
v -0.00904453976631446 -0.322567065614832 0.384915529215967
v -0.00903456358176492 0.0115726869169732 0.287320795747426
v -0.00902260270933977 -0.330363462198335 0.267656204806471
v -0.00902188755095665 0.0119317022555088 0.31036833888192
v -0.00898857020987206 -0.329921433630661 0.264219577427201
v -0.00898512168145236 -0.329734748400679 0.265874848834427
v -0.00896672237150307 0.0130418584748728 0.290262639871496
v -0.00895396589302619 -0.328048137527935 0.2808294264035
v -0.00895074683179609 -0.329834767465149 0.254244137327226
v -0.00894394679018395 -0.329035487837705 0.2638936750398
v -0.00894078007561031 -0.314033608590241 0.488616165843382
v -0.00893993179642697 -0.327759220397738 0.280873151428881
v -0.00893750870228149 0.0137493381171118 0.456934799478056
v -0.0089374240782305 0.0137450716563278 0.448051941079275
v -0.00893027899910979 0.0137729767289292 0.276374347240021
v -0.00888805334716129 -0.324479978218809 0.312467023450592
v -0.00887230652413869 0.0149419037787456 0.255851501763632
v -0.00885057523927642 -0.321478313406275 0.344279767554744
v -0.00884315276484036 -0.327611346463944 0.255549429496157
v -0.00883052650360347 -0.321365776822518 0.340079537456715
v -0.00882452073852593 0.0159622664304103 0.325496977581412
v -0.00882399024176088 0.0159622664304103 0.309472592698474
v -0.00882354802884757 0.0159622664304103 0.296114943057738
v -0.00881844758593207 -0.329531625098641 0.21935187572812
v -0.00880548336616166 0.0164095293657969 0.413686629242077
v -0.00879663109046943 -0.320371960973827 0.34392452101378
v -0.00878832888505847 0.0168068341385071 0.484669371918599
v -0.00878416513643202 -0.326351457186777 0.256288949437463
v -0.00877917373224893 0.0169086756051472 0.359144607191932
v -0.00875571623858749 -0.316132735796946 0.389971446212356
v -0.00868780230698305 -0.323950038787256 0.262022951119977
v -0.00865167146707294 0.0194915259963971 0.337834390117286
v -0.00864323808830903 -0.291106469999565 0.494419661166929
v -0.00862471866124421 -0.322405760272315 0.265710486464746
v -0.00861430630716626 0.0203550083692934 0.489613729280386
v -0.00860928567200259 0.0203989179592154 0.40307142505113
v -0.00857934136842267 0.0209096033379303 0.255850424979482
v -0.00847887902972797 0.023004174299247 0.32725595525484
v -0.00842635285735198 -0.315228769532352 0.310298833327322
v -0.00841990159458263 -0.318917651583657 0.256289145953708
v -0.00841692276166652 -0.0122723332519168 0.497322020216348
v -0.00840113154042903 -0.308775886914305 0.388788681858157
v -0.00838498229191366 -0.113242857517432 0.498960386282123
v -0.00834688452305236 -0.30718536062687 0.394942284087706
v -0.00834654409538791 0.0257270082942232 0.367547959592624
v -0.00830818847845263 -0.319112956656814 0.223653534888767
v -0.00827156277338417 0.0219950141336441 0.491798635833794
v -0.0082390089569309 -0.304022441594902 0.407179331510787
v -0.00822758058694811 -0.317414736140515 0.224354959648444
v -0.008222479648485 -0.309007334872066 0.340271374729713
v -0.00821580563002433 0.0283821041977013 0.355615678503283
v -0.00821208110683249 0.0284268558714949 0.309472934045345
v -0.00817497209563832 0.0292476707515288 0.405718594686913
v -0.00817267867729286 0.0292800251586303 0.384420615690049
v -0.00816698872328627 -0.311702449051713 0.28533322639022
v -0.00815706712902309 -0.309869491260674 0.309042912926832
v -0.00815549914085657 -0.303120726108194 0.39720040493322
v -0.00815125958025026 -0.303767520776408 0.3879842507414
v -0.00812681982805921 -0.310680634339808 0.288228357913894
v -0.00812115491305056 0.0233654586467314 0.493676488714766
v -0.00809165875830654 -0.310146745642701 0.285637586781514
v -0.00806660568287969 -0.302160879571668 0.386578165152596
v -0.0080392003701531 0.0320699232341953 0.489623818098585
v -0.00801012380300839 -0.300140313211594 0.398856144647026
v -0.00799925409640046 0.0327980228018918 0.362679873874354
v -0.00799854513930799 0.0327407178008411 0.256288098868887
v -0.00795413213226238 -0.306350093210548 0.300498092782478
v -0.00789745874858188 0.030979828038493 0.491248690987651
v -0.00788787925928784 0.0350238879112615 0.299152548512764
v -0.00785588571329782 0.0293393093625755 0.493658308441476
v -0.00782536310799051 0.036351566301397 0.379561082925556
v -0.00779385605604057 -0.302405123357824 0.310798664704676
v -0.00774622485734912 -0.307822759944068 0.221303839766238
v -0.00773855434938542 0.0381249291166421 0.387076915161995
v -0.00771443835740112 -0.289315002301365 0.47635030311071
v -0.00767574531098854 -0.301622716913467 0.287305353943622
v -0.00767031654901021 -0.303749049419584 0.254591852383306
v -0.00766703251878474 -0.303870315276428 0.252109216755915
v -0.00765951536727941 -0.247307576183231 0.49779808739603
v -0.00765275278572151 0.0399062008351979 0.436744454122394
v -0.00764227817721118 -0.300935531806494 0.287458362037246
v -0.00763257611262366 -0.297474350447462 0.334714211695641
v -0.00762596597516138 -0.299298679705938 0.30657948468978
v -0.00762528727094668 -0.305411797205856 0.220550968980559
v -0.00761868297206754 -0.298567864891598 0.315116602793825
v -0.00761769507935395 -0.302845732576069 0.25182482581687
v -0.00761445005378263 -0.297130340229866 0.334548374829952
v -0.00760479617303942 -0.297174390479635 0.331394674059566
v -0.00760414547063513 0.04082903073627 0.336944608116824
v -0.00760395150853311 -0.29713068544597 0.33176021435612
v -0.00760312072037729 -0.297130660981569 0.331500915849696
v -0.00760269006145884 -0.297130661756351 0.331376548959553
v -0.00760193308916039 -0.2971306488884 0.331147324330211
v -0.00759787272704814 -0.296816154235696 0.334390891471264
v -0.00759709822085652 -0.296776079367005 0.334726069782715
v -0.00757760886423601 -0.254679163425994 0.495061268067852
v -0.00756874069801523 0.0289112157704057 0.494344541554419
v -0.00756327183108221 -0.296090600604619 0.334027765714856
v -0.00755574120348088 -0.297129295728651 0.316735580462496
v -0.00754258672125709 -0.29555071697166 0.335339425033273
v -0.0075009111478072 0.0244383650245016 0.494954249689171
v -0.00749850152496184 -0.291674442112005 0.377395159329692
v -0.00748927222939078 0.0432440170525003 0.448188250817077
v -0.00747446238948705 0.043420484799316 0.262518102695358
v -0.00746937816944759 -0.296269947683573 0.302467342472161
v -0.00746519891770072 -0.0617391984859914 0.498574626084459
v -0.00744667461914411 0.044127855309664 0.472099670230012
v -0.00743751798414314 -0.288519002662849 0.403786633612608
v -0.00743014826642141 0.0443662201993117 0.326366260469936
v -0.00742871653123921 -0.288063593689705 0.407595584599186
v -0.00740527114212663 0.0448457842089159 0.286056960011618
v -0.00739479823560435 -0.289553003042958 0.375541431557564
v -0.0073474327586371 0.0461124163384464 0.417239299263273
v -0.00730522787679313 -0.285561557091637 0.405040358696246
v -0.00730336184875938 0.0470017727901872 0.404830525958158
v -0.00729197649994552 0.0471795878729898 0.324599789036027
v -0.0072823675327034 0.0473775270034366 0.327868758992453
v -0.00726905154109971 0.0476518286773479 0.332398858366886
v -0.00725553354701855 0.0479446458003104 0.358283484274507
v -0.00725442666585686 -0.295409841196075 0.248325902747184
v -0.00724349772372396 0.0286680259731594 0.495097075937067
v -0.00724211634411066 -0.284188165329714 0.405098114762194
v -0.00724177578669842 -0.291628241634485 0.300032339560892
v -0.00722414872036784 -0.254865415979465 0.49464507540246
v -0.00719229042373913 0.0492330630014579 0.358512984906268
v -0.00717641722967826 -0.220661162751289 0.497764461075547
v -0.00716551919677455 0.0497845346896052 0.367620554371201
v -0.00712481093328053 -0.289841277290016 0.289927422604425
v -0.00711262911870203 -0.252017400907564 0.494662789653813
v -0.00710413442048156 -0.176705889579253 0.498271385231503
v -0.00710411023872083 0.0510495234706602 0.388511877431723
v -0.00710148159735301 0.0510670132135285 0.27776304496416
v -0.00709965086370459 -0.292083830422762 0.248887619768505
v -0.0070854503802378 0.0514339056908641 0.39485995992958
v -0.00708499401275082 0.0514219212681282 0.329886839561859
v -0.00708497843754237 0.0514196303052556 0.321937969780313
v -0.00705985869362378 0.0519610795345676 0.403566249853101
v -0.00704063867828004 0.0523475555008603 0.381339947251172
v -0.00704051264239013 0.0523448855629984 0.365344757955167
v -0.00700772856270541 -0.292620580913786 0.216555274738811
v -0.00699848085819292 0.0531974293822266 0.339180442221095
v -0.00697205357685857 -0.25563001644439 0.493164435678268
v -0.00695496867692864 0.0541052040063465 0.38885094643525
v -0.00695105893243701 0.0541458781479624 0.268775447779296
v -0.00691836224984068 -0.0901616194703862 0.499294342022441
v -0.00690526680905885 -0.0908422690185118 0.499311577511573
v -0.00690241366671486 -0.00823544252900088 0.497698838801635
v -0.00688507345236101 -0.0901752131645482 0.49931330020496
v -0.0068430992564259 -0.277294017494859 0.379694483291038
v -0.00682502872087418 -0.0901704078744821 0.499301321261537
v -0.00680683339819137 0.0571732532986147 0.489645436943975
v -0.00678983355158512 0.0574928136924565 0.402156544004693
v -0.00676300161610512 -0.0901618900153904 0.499283350857937
v -0.00676115898658097 -0.286151288224674 0.232673405683223
v -0.00674996613655415 -0.271358529317012 0.448044923433746
v -0.00673766375619618 0.0585283102448433 0.300611026856369
v -0.00670642458522354 -0.269582396546835 0.464018675525971
v -0.00670586420764375 -0.286345217719986 0.214594925686306
v -0.00666781175018633 -0.282859340222792 0.250446000113848
v -0.00665254639674832 0.0602970784717446 0.376468738877071
v -0.00665225294888535 0.0602978419268907 0.360484223661149
v -0.00665106025314254 -0.275736302221185 0.345259868048442
v -0.00659376480386022 -0.257776570626838 0.469256881753859
v -0.00659091166151624 -0.281684476898259 0.243802388915705
v -0.00658773113218652 -0.262286359437241 0.480618636991456
v -0.00658551962624676 -0.281079602536396 0.250746472313732
v -0.00658326931595199 -0.265621285501625 0.489020496872701
v -0.0065830185206742 -0.266474616434286 0.472713107181128
v -0.00658252971666893 -0.268137772062233 0.44092974400443
v -0.00658198783827276 -0.269981513305211 0.405695339872481
v -0.00658184274478 -0.270475193914329 0.396260967148002
v -0.00658176070556888 -0.266413654875425 0.472883722372437
v -0.00657656509871505 -0.275729891355489 0.323835258748652
v -0.00657168170241595 -0.271335962215696 0.381712514704289
v -0.00656995465074796 -0.282544511092472 0.22657647452885
v -0.0065657512297532 0.0620790905908202 0.387974009784538
v -0.00656551474355609 0.0620517765772406 0.290034507453141
v -0.00656528929189633 0.0620514289101285 0.274908706091457
v -0.00656326230402921 -0.282819151740477 0.221075604538426
v -0.00655968370625394 -0.277572218514791 0.292657571659437
v -0.00655581378330126 -0.283124824271411 0.214953186518642
v -0.00655307790897428 -0.277440315689738 0.292526241743356
v -0.00655291010060688 -0.277421491076383 0.292742352217394
v -0.00654786697465059 -0.273353369685488 0.347614887517914
v -0.00654559824113235 -0.264756716395907 0.475981640947272
v -0.00654345307509138 -0.269380020908119 0.382382708295535
v -0.00653551919516636 -0.281126314963037 0.224208248978577
v -0.00653114290127526 -0.274770109397366 0.323669569956106
v -0.00653007859082484 -0.274860269901152 0.322145703661835
v -0.00652552274393627 -0.266029918637052 0.436294093894786
v -0.00652461961517177 -0.268592821687039 0.382651492548657
v -0.00652194133229173 -0.279947290578563 0.228952385483508
v -0.00651102367588466 -0.184538444615565 0.498043559535553
v -0.00646960913104845 -0.274730248612147 0.294255898160463
v -0.00646426621693784 -0.267120993669809 0.353755847890581
v -0.0064618681876039 -0.278493440264991 0.215475382943481
v -0.00645994333356187 -0.274709465237314 0.289797826054091
v -0.00645966461466692 -0.278378699227617 0.215543583744079
v -0.00645628979789927 0.0643261082613756 0.401384740091532
v -0.0064492808183089 -0.264490665484648 0.405929789708258
v -0.00644303527069398 -0.276036315315791 0.244675552546071
v -0.00643322172388938 -0.265792782860565 0.355065883988589
v -0.0064182164185369 -0.272151711003303 0.295705898297152
v -0.00640723205369153 0.0653271333230963 0.389032865214408
v -0.0064021606528657 -0.267814754868815 0.31348669512993
v -0.00639948254928937 0.0654598901698136 0.401256299098506
v -0.00639636007165945 -0.270508034434775 0.296630132249983
v -0.00639420123048503 -0.259001238435443 0.416979711370657
v -0.00639293848101642 -0.261253102206123 0.423142463214956
v -0.00638500108012382 -0.264222635529815 0.343141980958479
v -0.00637828653573156 -0.271184874429773 0.286268048950814
v -0.00637763120543223 -0.274532477894616 0.251833715701048
v -0.00637640880526235 -0.264614614572441 0.32199449356714
v -0.00637576318497748 -0.264701072274692 0.320769874738625
v -0.00637539751660452 -0.274527675022196 0.250803490738139
v -0.00637502249167251 -0.274510940363042 0.250792857261563
v -0.00637402226574008 -0.264546531838615 0.32113173508236
v -0.00637295196602396 -0.264515998537153 0.320744810770938
v -0.00637254134395505 -0.264479841836689 0.321288529286183
v -0.00637203087609944 -0.264434893367649 0.321964456971376
v -0.00637156741651037 -0.274240324585935 0.251881618611318
v -0.00636948504455085 -0.264210724050649 0.325335478293521
v -0.00635702137105141 -0.273707680120141 0.250282452544086
v -0.00635250027828069 -0.264214705197419 0.321924262653099
v -0.0063483035292057 -0.061529446350245 0.499201064527167
v -0.00634649037305378 -0.259294027095361 0.404481495484468
v -0.00633962212049221 -0.260029466343349 0.404688401400371
v -0.0063387061677736 -0.272051449119289 0.245291583122368
v -0.00633638370355451 -0.261296035917784 0.369166079085645
v -0.00633185899724603 0.0668651232918346 0.370055258776194
v -0.00633097932808076 -0.265165601033855 0.301720459541414
v -0.0063242286401679 -0.260225740336373 0.385261008017985
v -0.00631578722120341 -0.259482444054719 0.396438575258915
v -0.00629385375636042 0.0676406216197261 0.360486209328951
v -0.00629163218795632 -0.266245071011946 0.281314972514303
v -0.00628923976203832 -0.269028752961019 0.265220903909309
v -0.00628581229531834 -0.25845830086865 0.487734310163941
v -0.00627950978856258 -0.265962185261426 0.27839158040971
v -0.00626665433955746 -0.266161146589071 0.272564770633833
v -0.00626355525918999 0.0682588635607261 0.352857582043742
v -0.00625361530977235 -0.268166165321315 0.256800688523977
v -0.00625052740612656 -0.26641074005601 0.265255140815958
v -0.0062456086941074 -0.257371778778417 0.412433265514524
v -0.00624079832015888 -0.267151158107694 0.2576220506072
v -0.00623387462433909 -0.176887976005192 0.498107091306954
v -0.00623318291268245 -0.266679177466606 0.257393644580591
v -0.00623085489187513 -0.266715207799768 0.256338455112443
v -0.00622945967233179 -0.113457960003783 0.499644541766723
v -0.00622223115454025 -0.265564943561415 0.274084493876901
v -0.00622140286749616 -0.269034217375324 0.221100653316903
v -0.00621491831055655 -0.268068822804714 0.233344728063881
v -0.00620818299565884 -0.26706609640503 0.246062281448023
v -0.00619577393546609 -0.2587359437748 0.385715137276911
v -0.0061758215671374 -0.259054298615414 0.376289829103948
v -0.00617517480957831 -0.267732678561426 0.232356347632307
v -0.00617232272808451 0.0701204666889512 0.329886839561859
v -0.00613455061975219 -0.265784722275367 0.25352637597661
v -0.00610940343776367 -0.258198706582139 0.377997752739886
v -0.00610353439301833 -0.265244967988653 0.256670482701552
v -0.00602022185435124 -0.0616061976266806 0.49938708061459
v -0.00596743685087381 0.0263906940564196 0.497124343493644
v -0.00596485071289328 -0.250729309037196 0.486346491108742
v -0.00595946580529859 0.0744638199700797 0.27629322005405
v -0.00593178144779047 0.0749203127807309 0.329886839561859
v -0.0058488738924013 -0.265027580515799 0.223496294527443
v -0.00584197132939535 0.076657641336685 0.360487681499553
v -0.00580953835552976 -0.253508827260921 0.387315800526174
v -0.00577456630569582 -0.262738214461521 0.244276257630146
v -0.00576900287056689 -0.128867014118265 0.499871404798639
v -0.00576855887560749 -0.252070597899583 0.398782312812974
v -0.00575457866360336 -0.25161953748751 0.402382502719036
v -0.00575277466994651 -0.258179933348711 0.30843768594395
v -0.00575211600816343 0.0783919257517034 0.393293111283902
v -0.00565883867515321 0.0262380717066306 0.497592015878138
v -0.00563253088112593 -0.262760392285388 0.224075117832815
v -0.00562094376669543 0.0272885677965663 0.49758876071063
v -0.00561224599370682 0.0275296813626766 0.497588013573107
v -0.00560512914073674 -0.256571560557501 0.307193691694434
v -0.00558618652059161 -0.261985511844752 0.22813931502189
v -0.00556539979581103 -0.249205398740422 0.401188418009354
v -0.00555024963526053 -0.249050646038305 0.401111870872823
v -0.00554360462539209 -0.249023741303138 0.399745774827357
v -0.00553729480595137 -0.248819027278264 0.400997312665984
v -0.00553286805759894 -0.24978346143583 0.388220136311886
v -0.00552873463264021 -0.250075942815226 0.383782930416766
v -0.00552541008387029 -0.260643120040364 0.23791338120288
v -0.00551335660830154 -0.254491207680625 0.324739722424
v -0.00549170693461794 0.0837231205580906 0.317928654725945
v -0.00548982667260756 -0.260374369505004 0.236589651131859
v -0.00548965830958408 0.0837353084774093 0.333957502711093
v -0.005488761281773 0.083714960756387 0.35532514908996
v -0.00547387780362608 -0.253957615079641 0.324894466849752
v -0.00547013621003448 -0.25422237044976 0.320877889481697
v -0.00546043862823724 -0.255161917673865 0.306107373473767
v -0.00545512458746045 -0.261066795581001 0.224509308120202
v -0.00544968406921266 -0.260784790113337 0.227256647265523
v -0.00543475973803545 -0.26001119781909 0.234793098278714
v -0.00542574308340935 -0.258523384843046 0.25326212699898
v -0.005419182573304 -0.252874981655648 0.325209369654689
v -0.00541888154578361 -0.259188162801525 0.242811227644993
v -0.00538807881010979 0.0273893671978492 0.497676110623812
v -0.00533052241564947 0.086795854550108 0.398153206861527
v -0.00530903876510575 -0.258046286465389 0.22526419440133
v -0.00527253299412099 -0.257274815838926 0.225720202765859
v -0.0052667608909195 0.0881261220425069 0.365779722015492
v -0.00526567579207999 0.0881095675816766 0.387124784635356
v -0.00525108745527883 0.0885962330890966 0.277868630975546
v -0.00524017936428226 0.0887627233893706 0.306457809292605
v -0.00522981002292775 0.0889209907485536 0.333634970640785
v -0.00522221083653377 0.089036977205301 0.353551791553831
v -0.00522023894150584 0.0889918538495077 0.305943439916241
v -0.00521733633732165 0.0891113767347664 0.366327439210729
v -0.00520963859873163 0.0892288673946524 0.386502557043662
v -0.00520603173423383 -0.250098785037465 0.302136686896209
v -0.00520287654425772 0.0893320766986621 0.404225326426967
v -0.00517864215714493 -0.177134413197993 0.496883787924668
v -0.00516882399892151 0.0898518210333858 0.493474150173721
v -0.00512909903702754 0.0900026763832802 0.27802275924344
v -0.0050824377369973 -0.145103520260862 0.498371038900139
v -0.0050737532201023 -0.233780013146872 0.492939695473928
v -0.00503459653134809 0.0912785402319093 0.408864995023842
v -0.00502138033441066 -0.24645374823015 0.299278510158653
v -0.00499692562775432 0.0916789486010351 0.385119457806894
v -0.00498010901245509 -0.142278821093811 0.498394496043864
v -0.00496964491602457 0.0919689184252287 0.367923290635827
v -0.00494560105146412 -0.242819092843561 0.328135566500861
v -0.00494508529018829 0.0922299655143427 0.352442337069685
v -0.00491773283731461 0.0267250073379542 0.497867205203794
v -0.00491494423248069 0.0925503382850776 0.33344317487087
v -0.00490912540990158 0.0926225632496665 0.333439244004682
v -0.00488445234898146 -0.2386064145999 0.37219697018983
v -0.00487343632934491 -0.238443580469725 0.371602310117357
v -0.00486723236073193 -0.236658424389205 0.391450506552008
v -0.00486162964127839 0.0931170252099289 0.29983677075451
v -0.0048291082421608 0.0270564218542445 0.497628697280858
v -0.00482488345178194 0.0935076046865065 0.276674119290709
v -0.00481737800090709 -0.0218721382600172 0.49948969511219
v -0.00481324315935429 -0.238292466448614 0.354921225593334
v -0.00478815964554041 -0.245558587452589 0.246870999808963
v -0.0047577384964173 -0.238546770039544 0.333583093553726
v -0.00472872679236185 -0.213422027339014 0.494219329815205
v -0.00470324051380626 0.0954200426718557 0.418744619441292
v -0.00469888287445577 -0.235514227828308 0.360922951762786
v -0.00468493070269694 -0.233057523016442 0.393201732347886
v -0.00468156317854275 -0.233051265655162 0.392337919207232
v -0.00466860700725646 -0.233027191159824 0.389014495083985
v -0.00462660039600046 -0.0617978263768294 0.499106432540447
v -0.0046259419389808 -0.231889889573774 0.392624229580704
v -0.00461798062772013 -0.242925080241409 0.234197370778357
v -0.00461161640382167 -0.231599651474263 0.392575815956455
v -0.00460200950000342 -0.231359011164644 0.393176147678278
v -0.00456054103986066 -0.145134905950929 0.497770531594586
v -0.00454198105994409 0.0970158141007897 0.275331995291487
v -0.00451708476920269 0.0979405814765236 0.492743745733661
v -0.00451322777668178 0.0977870697609236 0.421629097888585
v -0.00451106372434566 0.0977009385628555 0.381728626480649
v -0.00451048776370469 0.097678014819645 0.371109150831293
v -0.00450937421202229 0.0976336944772418 0.350577652436783
v -0.00450858106130859 0.0976021263769331 0.33595365890109
v -0.00450837505956702 0.0975939273253161 0.332155429781383
v -0.00450626870512051 0.0975100925543146 0.293318783381867
v -0.00450531161178586 0.0974719993926105 0.275672040465161
v -0.00449455158633594 -0.240225667789362 0.235700332047045
v -0.00447924520421719 -0.233136237827378 0.327694215045121
v -0.00447433140933103 0.0998716474900107 0.424211326897178
v -0.00446418334398532 -0.235482510557645 0.290278861898313
v -0.00445457043173036 -0.233145459362917 0.319779352645412
v -0.00444827033580883 0.100575485080308 0.288665147521644
v -0.00444665827393584 0.101121576183537 0.379852078615534
v -0.00444245909818992 0.101311242810721 0.373120919430578
v -0.00444183860304081 0.101230265142023 0.425891954930396
v -0.0044340197215957 -0.233190275704079 0.312625441784377
v -0.00443210038266581 0.101506425842104 0.491021766519533
v -0.00442854602552061 0.101651656338004 0.492876425532164
v -0.00442752396840816 0.101985826553733 0.349180331541047
v -0.00442076421163665 0.102291148441886 0.338344633862819
v -0.00441604055836393 0.10250450445231 0.330772752132436
v -0.00440070542451597 -0.235481960746033 0.272456317014279
v -0.00439060980648342 -0.233275837384995 0.29928191221629
v -0.00438505546786562 0.103904026159276 0.281104534100196
v -0.00438469828470292 0.103920159260116 0.28053197965814
v -0.00438231564451721 0.103613709662543 0.480949593656322
v -0.00438046056158796 0.104097524258437 0.280665535011773
v -0.00437321267045907 -0.237095595553257 0.243038745659347
v -0.00436733232285719 -0.22613366891693 0.398608841204445
v -0.00434711029167243 -0.23043697648675 0.326899912702338
v -0.00432317127679939 0.106106246811872 0.474370174414099
v -0.00430295904979329 -0.235998693259344 0.238053455905093
v -0.00429907778376588 0.107314719316167 0.376447295144081
v -0.00428557997983879 0.108079846219827 0.278128971996235
v -0.00428529717858967 0.108083245801087 0.282299265415387
v -0.00428211656029208 0.10812148032231 0.329201857241136
v -0.0042812947764424 0.108131359065718 0.341320190490802
v -0.00428089647780333 0.108136147052312 0.347193651794609
v -0.00427889596681208 0.10816019538908 0.376693938118371
v -0.00427490142479606 0.108208214166311 0.435598954746663
v -0.00427249887788613 0.108237095415873 0.471027813702671
v -0.004271001242034 0.108255098641792 0.493112514381621
v -0.00426631393675459 -0.229786021457057 0.311289700838855
v -0.00426319494687783 -0.230475144942608 0.301148371899621
v -0.0042622235051365 -0.230689779598456 0.297989749834989
v -0.00425359438152733 -0.232596336520325 0.269932338802777
v -0.00424496210779815 -0.234503589443713 0.241864685222618
v -0.00424400996177684 -0.23471396081742 0.23876880277935
v -0.00423320929893451 0.10914171276384 0.346859624822659
v -0.00418119326961103 -0.233416305492479 0.239492013333469
v -0.00416340574711776 -0.23294083942815 0.24115560994112
v -0.00414449212152267 -0.226344106842447 0.325695391149511
v -0.0040930979109238 -0.23155658377767 0.240528081550428
v -0.0040404728304163 -0.219955096174466 0.390633658078701
v -0.00391471850321237 -0.2262933512716 0.26441434400504
v -0.00385485557107913 0.11705627626186 0.447828990462313
v -0.00385477429490871 0.117052267835863 0.45714084927312
v -0.00383356418139261 -0.221524191509131 0.307117404561673
v -0.00381601333396252 0.117917126260683 0.379539713495325
v -0.00381480161304229 0.117963090672278 0.346310774342047
v -0.00377425814625126 0.118863932012411 0.271307939771332
v -0.00377322947594738 0.118851829699349 0.32629642114254
v -0.00367102616627033 -0.212966951135148 0.381683753422879
v -0.00366847786697907 -0.212728562428786 0.384310858689253
v -0.00365758414007767 -0.211709474336431 0.395541473323564
v -0.00365168891441086 -0.219029943140278 0.292155122999615
v -0.00364563451086892 -0.210591608527519 0.407860643969299
v -0.00362334935492344 -0.218504962402037 0.291664947727447
v -0.00361619822858586 -0.218313810548454 0.292333764282454
v -0.00359908622002557 -0.206237101631274 0.455848437410362
v -0.00355954547386312 0.123271760123635 0.464694494796248
v -0.00355585721291019 0.123472933917335 0.263846657938527
v -0.0035352053825703 -0.214540059364008 0.322220091136587
v -0.00351805480188353 0.124153032621961 0.454036143490062
v -0.00351091933426604 -0.214821346081646 0.311587422591375
v -0.00350230696389401 -0.207506307161045 0.409697224783626
v -0.00349321425947556 -0.215026410417801 0.303835968363135
v -0.00348092942575402 0.125005159172681 0.341038746676974
v -0.00347500505493268 -0.215397232057411 0.293062360331755
v -0.00346989991338902 0.125287374695919 0.260178330773385
v -0.00346948764916979 -0.0620733069305335 0.498872406901609
v -0.00346796698192434 -0.215540559008707 0.288898233353582
v -0.0034459024987285 -0.208406616625699 0.380529361814995
v -0.00343923742576518 0.125896437201278 0.321004859225644
v -0.00341596596654543 -0.212760990107962 0.312960711749557
v -0.00341515247357346 -0.113736704192434 0.498668573635652
v -0.00341235727419448 -0.216673023798702 0.255996346156365
v -0.00340509875853024 -0.211912300436522 0.321446747028831
v -0.00338925835022521 -0.217143422208438 0.242329700136466
v -0.00337706670663439 -0.211904955201585 0.313531189520163
v -0.00335310459079774 -0.199460175278724 0.488991863551321
v -0.00334790332349986 -0.21076495255104 0.321000425359206
v -0.00333416488927851 0.128094309416293 0.349174578165274
v -0.00330844408078623 -0.205741828443525 0.378197697619765
v -0.00328184496188114 -0.214094678200745 0.253741399278891
v -0.00326271133097591 0.12963640409849 0.29110606717733
v -0.00321540369139331 -0.201235680722803 0.41471199408864
v -0.00320274670073651 0.130777476862139 0.491481192235887
v -0.0031971121301049 -0.200858519249358 0.415013151152876
v -0.00319704011679144 0.130899120039309 0.489309169060614
v -0.00319558384716725 -0.213047775939457 0.242841691215836
v -0.00318656284422442 0.130678377597306 0.4931487697338
v -0.00318152243146561 0.13134048704354 0.29180235128595
v -0.00317403054063726 -0.201300434443126 0.40173703329425
v -0.00315533221090914 -0.209387909640313 0.283158339915814
v -0.00314188435328196 -0.211620688087062 0.247156932284167
v -0.00314171882942116 0.132135059006715 0.375988195029836
v -0.00313728475206346 0.0961388220862971 0.497375414737357
v -0.00309809582212453 -0.199706536218411 0.402134855034201
v -0.00308888663218084 -0.199586491567698 0.401147493630209
v -0.00306759614512151 0.133731144997811 0.243107227531509
v -0.00305594698024305 0.133905181641042 0.438080512842138
v -0.00305480936503204 0.1339024690762 0.481525962833251
v -0.00305428470336734 -0.210135496197272 0.243205727013633
v -0.00304675265301724 0.134169523777401 0.323342945234312
v -0.00304127081456452 -0.177636277528402 0.494297933919257
v -0.00301603422717088 -0.203992445275251 0.318366074028223
v -0.00299417925078804 0.135271942215786 0.229541205673447
v -0.00297746808113745 -0.204782075605493 0.295719265710129
v -0.00297579411035739 0.135658991897685 0.333935165507417
v -0.00296020219435681 0.135891126181445 0.491110804646331
v -0.00291403960796768 0.136313427555687 0.493157880833082
v -0.00290972284557031 0.137045366572959 0.298389741637322
v -0.00290430184163406 -0.197755683758497 0.373399637488374
v -0.00286898747378803 -0.196720037751149 0.377571050631966
v -0.00286246378974889 -0.196914140646008 0.372894355165849
v -0.00285750129961838 0.138142038530974 0.351593131146292
v -0.00284823655307441 -0.19662599738183 0.372750407592823
v -0.00281234958061993 0.130524102043742 0.49403751572087
v -0.00278431117526411 -0.202118022386312 0.275891178197403
v -0.00276499764352131 0.140078878039546 0.373335382266223
v -0.00276148019606418 -0.20299486676595 0.258379131184966
v -0.00275897513352114 -0.199997657937807 0.298643832321683
v -0.00275256936351537 -0.123615613285674 0.393902990030131
v -0.00273456973556962 -0.192466632763518 0.403948623403297
v -0.00273300156925443 -0.177756970589214 0.491996065882615
v -0.00272039010494284 0.14098606189595 0.427447050993335
v -0.0027097182678925 0.141244104980251 0.373653201237802
v -0.0026984986560159 -0.116516112468921 0.426125869810024
v -0.00266842757474575 -0.189321400371076 0.434088358166661
v -0.00266559250407583 -0.191456791989979 0.398358518821066
v -0.00263545423898776 0.142756544769736 0.460270939530319
v -0.00262813136092265 -0.195628510386208 0.321617805957016
v -0.00261968714706031 0.143132148741148 0.228234305649943
v -0.00261903992870047 0.143145864758991 0.240035067748303
v -0.00261839808141855 -0.190235543276929 0.403181905363414
v -0.00261617534698567 -0.196867952641755 0.300556986229966
v -0.0025938596343017 -0.200954551842336 0.240365604245713
v -0.00259316407052386 0.14365467883293 0.449602408029757
v -0.00258667491108435 -0.196470935779159 0.29742541973205
v -0.00255644295656827 -0.19606232347149 0.294202454977482
v -0.00255569659783983 -0.195300245825523 0.304790497845427
v -0.00253552639586473 -0.195208837195074 0.300104761482627
v -0.0025312382206313 -0.185339169782005 0.45537254315989
v -0.0025220249851713 -0.195147650625791 0.296968250945282
v -0.00250094130256129 -0.19451719620194 0.299915769239766
v -0.002497518924216 -0.184483063543902 0.458681326274048
v -0.00249582196200651 -0.184997814777987 0.449398309820219
v -0.00248349093732275 -0.184034118517063 0.460415897594881
v -0.00248190768222391 -0.195114363506838 0.286723187893886
v -0.00246539821599151 0.146371620320361 0.326791539651765
v -0.00244634239998954 -0.181349849282865 0.481416779199729
v -0.00244569195581817 -0.187081599842825 0.39685456609978
v -0.00243811281834938 -0.184451939044513 0.439845449477017
v -0.00242076138088982 0.136502416937305 0.494285840676557
v -0.00241491565468274 -0.195114599288233 0.268886973039682
v -0.0024058711608723 -0.19491907542656 0.269029075858081
v -0.00240513065957403 -0.194917618218992 0.268850958645415
v -0.00238642294401934 0.14803029393363 0.421912581368321
v -0.00238594849946641 0.148038865389498 0.297511973488607
v -0.00238263311210423 -0.190979487755503 0.316455363494228
v -0.00234310068504608 -0.180410943463264 0.468231686398847
v -0.00232824576679477 -0.189353171182346 0.324058764581851
v -0.00231415483730586 -0.177917557066671 0.489004250433628
v -0.00231326088003933 -0.177924832611782 0.488721053398449
v -0.00228879147059384 -0.181706322521216 0.436868514954254
v -0.00228188168206447 -0.194675080706695 0.239205143858517
v -0.00227900141245242 -0.186226441688146 0.355205334049459
v -0.0022693873381554 0.150486950980663 0.439382879807928
v -0.00225743169954532 -0.187961629095829 0.324600642061182
v -0.002256809704229 0.150750938749752 0.438987975214296
v -0.00225026317690675 -0.160861439078125 0.494334780182196
v -0.00219181478727397 0.152114181472416 0.354956016441765
v -0.00219150007834016 -0.185264135797807 0.343175938078874
v -0.00218402951534996 -0.178995400428848 0.447575445490155
v -0.00216168970057975 -0.188187124289391 0.298174953081712
v -0.00215727614552187 -0.145280847904287 0.496513249942628
v -0.00215485151119015 -0.179143537461321 0.43409068585373
v -0.00214821467403716 -0.179053461577012 0.433280052440224
v -0.00214105627621407 -0.18269512321236 0.365784105707944
v -0.00212064899613715 -0.139143727147476 0.497371338819722
v -0.00211191622944781 0.101708784155834 0.496793106081373
v -0.00210973253674352 -0.181639596885123 0.371906641704852
v -0.00210968171539018 -0.187213919101424 0.297907387700775
v -0.00210699996389392 -0.184446455894569 0.332958610416782
v -0.0020904417611033 -0.191069970910344 0.238540322027325
v -0.00206329697961224 -0.179191125703309 0.399385393851743
v -0.0020618968207651 -0.179193395567625 0.398826524390965
v -0.00204504417114981 0.155193810286179 0.270435974581788
v -0.00204499979027066 0.155194644207989 0.261681067358529
v -0.00203905709272695 -0.180705712279363 0.364487608211269
v -0.00202925717766818 -0.179246309250456 0.385798502767061
v -0.00201992608004959 -0.178250487018988 0.399061839306361
v -0.00200425238077524 0.156050524901762 0.318435226788291
v -0.00200402493477321 0.1560554066328 0.328111819591964
v -0.00199984437296295 -0.178252186623235 0.391564778170138
v -0.00199225759065783 -0.179306291046401 0.371030221808381
v -0.00196955944918916 -0.176477482247831 0.410123468497346
v -0.00196146040800084 -0.179298271835405 0.363568271329173
v -0.00193336058084272 0.157540381389727 0.489542723819591
v -0.00192717162571234 -0.185288495249864 0.276025151900392
v -0.00190706539566673 -0.185537681048085 0.267129711037086
v -0.00189790421951876 0.158283764365871 0.416769308550039
v -0.00189647359591141 0.158313759018319 0.41383298451722
v -0.00187921372449346 0.15867563187 0.378407471483851
v -0.00186871369980234 0.158895776840128 0.356856397751094
v -0.00185484349980833 0.159186581371846 0.328388112051572
v -0.00184932049379186 -0.179269071968547 0.336397523410774
v -0.00184754115935533 0.159339683251906 0.313400216103354
v -0.00183957619556538 0.159506677784508 0.297052300077872
v -0.00183181921327706 0.159635934314325 0.378669278106033
v -0.00183156173857379 0.159629472523791 0.412799108983861
v -0.00182990769705659 0.159709388861672 0.277207915861907
v -0.00181448217201127 -0.181480184252872 0.2993376925758
v -0.00181322425018992 0.160059176316476 0.242965501761288
v -0.00180543177288296 -0.113895620343499 0.49764796946991
v -0.00179682722232006 -0.179255403360463 0.323678756354164
v -0.00179516408238578 0.160437828292894 0.205897397692732
v -0.00179088386469943 -0.179253855782578 0.322238720726901
v -0.00177031120628569 -0.181411937723786 0.288450445089271
v -0.00175164473238545 0.161320084580665 0.204758661076871
v -0.00174821402619395 -0.180831848177961 0.290310552096043
v -0.00174731428227219 -0.178303656101042 0.32197864088178
v -0.00169891975062522 0.162356182602519 0.203421376241101
v -0.00169876410047336 0.162339268420175 0.357820805815081
v -0.00169868295255192 -0.179229847788833 0.299899059068718
v -0.00169797633746397 -0.179229663794877 0.29972785097956
v -0.00169629128414596 -0.179175135324507 0.299912782444218
v -0.00166397652719517 0.163041067091807 0.202024147956174
v -0.00166282154786844 -0.102472899987884 0.49777312240052
v -0.00165415950219846 -0.145308881640668 0.493565791067119
v -0.00165065292324098 -0.178542070055311 0.293554202963208
v -0.00161091226303405 -0.168935330517607 0.403477552558667
v -0.00160301356419419 0.164249062586633 0.203345064666255
v -0.00158759396156241 -0.175657680612302 0.31184211124051
v -0.00157557847591065 0.163639888658657 0.200792549616265
v -0.0015694830340438 0.100064134563975 0.497717791818635
v -0.00156864645966712 0.165014952758401 0.243826231783332
v -0.00153918228419264 -0.175599105314149 0.297722954908318
v -0.00152792812398953 0.0290602964940725 0.499124090741769
v -0.00152537590213098 0.0289539190285252 0.499126863905308
v -0.00151002258305791 0.101715874246614 0.497711973668559
v -0.00150903757000367 -0.173115589021685 0.320463528968938
v -0.00148417367779303 0.166679867991882 0.38065525923517
v -0.00147666071037016 0.166879436527691 0.242351606080697
v -0.00146875999816579 0.165826676826937 0.203298552698056
v -0.00145288381157128 0.167360134088454 0.245602135483668
v -0.00144475983554852 0.167468753993135 0.409257013909728
v -0.0014402378973913 -0.172948597937376 0.30147741709725
v -0.0014362776398102 -0.175443507633484 0.265290182596661
v -0.00143627543402506 0.167681774709712 0.289167159617386
v -0.00143375814886911 -0.175390659882329 0.265258865115261
v -0.00142582185350067 -0.176822081153978 0.235902332546613
v -0.00139276303127233 -0.168403148647111 0.343640868688772
v -0.00136813270291115 0.0223999695936545 0.499297719391616
v -0.00133784427441743 -0.0895133585592016 0.497863494137676
v -0.00132714527995123 0.167962464683323 0.191969294968972
v -0.00130707851113277 0.170297242234809 0.296621095506141
v -0.00129977020764174 -0.170125351562014 0.294700194787291
v -0.00129262370846224 -0.166112417839797 0.344214547384488
v -0.00129095020562537 0.101698860267875 0.497796844268329
v -0.00127964753807232 -0.164910636997591 0.354213533727757
v -0.00127888952031782 -0.16134765199711 0.407074242074982
v -0.00126300294497161 0.171179147144388 0.329446261202845
v -0.00126281985908166 0.171186168473345 0.319769686361124
v -0.00123389219913477 0.171658380043391 0.238571453747364
v -0.00122914698732097 -0.172417726588404 0.238566004670688
v -0.00122314806565918 0.171907050742291 0.249047622351005
v -0.00122249312424909 -0.168555949429803 0.2909333253963
v -0.00121232913536817 -0.163514078545127 0.353026727300519
v -0.00117099809688345 0.0291194410339731 0.499325334729541
v -0.00116861653471393 -0.156906779993481 0.441110938224272
v -0.00116380112757026 0.0293647547854816 0.499326342907372
v -0.00114269774440737 0.173631165778914 0.288007536635293
v -0.00113190266345839 -0.157925027090248 0.409753092590073
v -0.00109677848641003 -0.152675264203528 0.489018764607707
v -0.0010942853147664 0.174578257400878 0.285559675055225
v -0.00109326977549567 0.173039770373326 0.20301091055184
v -0.00109186416928657 -0.113964761799899 0.496034512787546
v -0.00108539082695189 0.174774913709626 0.339167619744828
v -0.00108220708086753 -0.159303317664487 0.367307380539185
v -0.00107809802508332 0.174937178298367 0.296838935921745
v -0.0010780553019376 -0.160510396341901 0.350477566120156
v -0.00107683471105677 -0.160865268133239 0.345529730902348
v -0.00106991114541743 -0.162878209717069 0.317464092824159
v -0.00106805792374106 -0.16341701113396 0.309951800523197
v -0.00106502064695395 -0.164300062016247 0.297639775839533
v -0.00106355975769077 -0.164724797607762 0.291717857644704
v -0.00106331279817852 -0.164889808805021 0.289301784497532
v -0.00106033950430772 -0.166876477700457 0.260213228991449
v -0.00105998177010882 0.172958444919214 0.189150850407911
v -0.00105873554996338 0.0292614458606198 0.49929921819368
v -0.00105838908332994 -0.168179692538251 0.241131721633774
v -0.00104634120149017 -0.163500323816274 0.297289551090835
v -0.00103801449218559 -0.0627823114172556 0.498147463538897
v -0.00102085810834448 -0.16633123993807 0.242256039747855
v -0.000997975195563443 -0.160060842249627 0.312940140785919
v -0.000988860910472302 -0.163652311669903 0.258302221455421
v -0.000987301362717323 -0.159301787400746 0.316394049686349
v -0.000974145289979896 -0.164095231384261 0.242770934633411
v -0.000971009575659279 -0.156070500737937 0.346739019351939
v -0.000965209964455148 -0.151184831661535 0.41503032988014
v -0.000948109390700242 -0.149947150632975 0.446123705526771
v -0.000936612257400718 -0.156967550728327 0.315694648848646
v -0.000930862236035599 -0.161019241089987 0.256983313833685
v -0.000923237492906391 0.136835125286068 0.49655356962022
v -0.00090965945994227 0.178327689012556 0.363150068939673
v -0.000903283408084808 -0.15697785848189 0.294435898938054
v -0.000897390662824199 -0.148544390744336 0.415854332650923
v -0.000894879528854989 -0.152729336609445 0.346300513388109
v -0.000871758880351187 -0.151085143693077 0.353782044605831
v -0.000871059269558083 0.179107225595047 0.37089191382169
v -0.00084895880574086 -0.154808619372728 0.289211679359389
v -0.000846012968971594 -0.15498927097048 0.284844332141932
v -0.000839309574375207 0.179651533628762 0.297060841969148
v -0.000837550124870828 -0.148652435396451 0.3648515382666
v -0.000837070785931232 -0.149260750749294 0.356359158750768
v -0.000836482907733682 -0.150006810173284 0.345943804707379
v -0.000836398749640928 -0.154306018689201 0.288001247340612
v -0.000834998736165248 -0.151890329905881 0.319648949053951
v -0.000834952557606788 -0.157215493403242 0.244356368122179
v -0.000834714237677203 -0.152251378808532 0.314608529983886
v -0.000834562529555127 -0.15648934474849 0.254714189864817
v -0.000833438032513766 -0.15439577222113 0.284577016025518
v -0.00083332075505956 -0.154177426732282 0.287691507303575
v -0.00083327041135485 -0.154083697542048 0.289028465291676
v -0.000831723086685381 0.179918140404612 0.330520745656129
v -0.000813399960198647 -0.144779238986374 0.417030664059225
v -0.000806134207398201 0.178408458893311 0.19996697410139
v -0.000802395335275301 -0.143014320430914 0.44080738425846
v -0.000798258563105799 0.180542712065298 0.320211417157123
v -0.000786936475324427 -0.145359207565186 0.490621023664265
v -0.000783104011725693 0.18088284941689 0.390419520880839
v -0.000763972336523646 -0.145355369240854 0.490544917471994
v -0.000744462976394088 0.181663211327348 0.398168218892111
v -0.000731873643828829 -0.144744827310801 0.483014731440893
v -0.000729840574180638 0.181930120959284 0.330768140675989
v -0.000714062427930379 -0.144543287309948 0.467797575462651
v -0.00068450776737028 0.182592441617304 0.264185167487291
v -0.000684222877230461 -0.14319823872239 0.459239659000696
v -0.00067527983880082 -0.143755110713228 0.46276134307617
v -0.000670059131791945 -0.0628832218440624 0.498049196056905
v -0.000650342654604052 0.183551013562596 0.454952185643188
v -0.000625303015943205 -0.140019206645935 0.455618265672999
v -0.000617042980857147 -0.0607690278355623 0.498063939123725
v -0.000608106660048058 0.184410537890568 0.44424687302835
v -0.000607923351380753 0.184442699632058 0.361116309280222
v -0.000599653979924539 -0.150189921692816 0.314189215173043
v -0.000586054069454639 -0.152525507278136 0.283784890990561
v -0.000560196138493648 -0.155046263775023 0.244794745832357
v -0.00053848893842699 0.185342869198979 0.226410681841807
v -0.000534340454262495 0.184243770987091 0.211547762278512
v -0.000531884917043545 -0.0630166606286619 0.497841087913597
v -0.000528127271727451 -0.148997758251025 0.321892721316708
v -0.000526207479451632 -0.148981653873485 0.321905205823685
v -0.000503335988481176 0.12968041485593 0.497613470317349
v -0.000497544587827255 0.185709401361284 0.226083644404799
v -0.000497102434142513 0.186647029186349 0.481868577288378
v -0.000484864524624685 -0.153858830771688 0.25340448241956
v -0.000450793384043746 -0.145429084017451 0.361826069468277
v -0.000448799883059976 -0.145399684564379 0.361987716934059
v -0.000445031368563505 -0.148994567947133 0.313951402324678
v -0.000388158493077086 0.187721856125895 0.224294848832719
v -0.000385618517933028 0.188937036428805 0.391507505527327
v -0.000362131163817703 0.189411880264729 0.394718451403643
v -0.000321843094904907 0.189727069508668 0.257251297415888
v -0.0003111003373307 -0.145380485995759 0.34526676388916
v -0.000310898034220912 -0.140164687602215 0.41843026751658
v -0.000299265369406348 -0.143218440276275 0.373980438807645
v -0.000298843383176013 0.189299806643197 0.221581994725435
v -0.000287461609617817 0.190903286079692 0.45807844052991
v -0.000273726397465828 0.136058692630591 0.497591003231458
v -0.000267353894065602 -0.150430266215094 0.278264021965438
v -0.000241827454847798 0.191844060337574 0.411165118675134
v -0.000233906723236327 -0.015707210940252 0.49987741677715
v -0.000212124620202027 0.191928811808169 0.267544512727981
v -0.000211216175622736 -0.152365306075887 0.245334031315487
v -0.000210379336715648 -0.151852152654247 0.252405586347308
v -0.00020743820108515 -0.150048634916827 0.277259118240897
v -0.000206496177145899 -0.149470981555352 0.285219520262456
v -0.000194660451292579 -0.147108752181368 0.312958226514731
v -0.000189614000364484 -0.146101557965783 0.324785301731388
v -0.000187955732172566 0.188517597545319 0.180360234545408
v -0.000180939024050436 -0.14437016572828 0.345116342066637
v -0.000175417305184635 -0.132410413113613 0.493243860827385
v -0.000174602121657784 -0.14310541719004 0.359967773757225
v -0.000171984216449302 -0.142007342086152 0.375099894159502
v -0.000166967376999406 0.19334838582768 0.448052384352377
v -0.000165875724940625 -0.136178763380358 0.451246057324333
v -0.000164418114565289 -0.138833755783107 0.418833778913546
v -0.000161864879050708 -0.137762806252987 0.433592092964345
v -0.000148891487863851 0.193702077627563 0.484855721751735
v -0.000148596681655684 0.191789896989734 0.217297311426081
v -0.000118168207088553 0.193671623656512 0.235517993072878
v -0.000106281972789827 0.193719330685475 0.235262817706775
v -0.000105815949386126 0.194342572827027 0.357820805815081
v -0.000100920084806005 0.194671536832691 0.492520378528008
v -9.57358205560362e-05 0.194776586749531 0.49252880278456
v -9.25952112938068e-05 0.19479950884132 0.492690397773284
v -8.67185190497735e-05 0.19483997037014 0.392302881794769
v -8.50182090837891e-05 0.195014272844326 0.432602441865388
v -8.40629838914768e-05 0.19482975767404 0.493252493675428
v -7.40358601480585e-05 0.194788799816857 0.30596473186074
v -6.24281943093827e-05 0.194375553950965 0.231655347010143
v -4.67814192660274e-05 -0.141520280083923 0.344730797515316
v -9.97063934671365e-06 0.195081193338577 0.227780538552844
v -6.30768607165677e-06 0.196162644715354 0.316536531357413
v 6.14400858554395e-07 0.196745507311415 0.444309238400343
v 4.40298854608023e-05 0.193576910654509 0.191387612912221
v 5.14669584973984e-05 0.197659499160406 0.418591240318381
v 5.32404172647509e-05 0.197733005468398 0.429615134212369
v 6.99616488201709e-05 -0.14007251954402 0.330814340153151
v 0.000179252888401231 -0.143873820345877 0.247232622241563
v 0.000179697018700617 0.19957389338072 0.241971996204098
v 0.00018547962725382 0.199156723038673 0.2343548384707
v 0.000190021392732915 -0.143571109265548 0.248263520985211
v 0.000193137186015317 0.198604289586125 0.224267897187638
v 0.000199068218929994 -0.136527648021113 0.344053572709416
v 0.000200854792580103 0.198047524150457 0.214101857763144
v 0.000201477694390533 0.200110600468936 0.272543622846477
v 0.000215990108649074 0.200468207170884 0.29291342756273
v 0.000217528334750473 0.0293852258987944 0.498985382911763
v 0.000218244478607338 0.20114533457264 0.474061350846838
v 0.000219308794806406 0.196716211067433 0.189793270301803
v 0.000224244998801075 0.200671619503913 0.304500093802734
v 0.000225206938521603 0.196290705759841 0.182023923544272
v 0.000226698550533776 0.196183097526015 0.180059093334996
v 0.000242197568824034 0.201113996577984 0.329698543833703
v 0.000242956857390868 0.201132706537291 0.330764290686993
v 0.000249214873684628 -0.141813293719159 0.255270230322683
v 0.000255895382510104 -0.142239676677414 0.247597597141186
v 0.000256248571584282 0.201460233438829 0.349420705645984
v 0.000259667684226999 0.20150634384143 0.349464394421977
v 0.000260831336904777 -0.141580586344434 0.255042353052891
v 0.000262791719063341 0.201621465977308 0.358604748631778
v 0.000263001882734202 -0.137678578405965 0.307802813828834
v 0.000271370374084168 0.20151298470633 0.330764714310515
v 0.000274048006459426 -0.132204672194616 0.384394175785097
v 0.000280054162846833 0.19686795264175 0.180031305285625
v 0.000288121839482387 0.202245636474486 0.394158419935745
v 0.00031170056936702 -0.134757279314153 0.336129580383018
v 0.000312482322877271 -0.127262505909724 0.441091227640613
v 0.000318940683101155 0.203005056983578 0.437416131224245
v 0.000342526474749245 0.203586244718014 0.470521441022515
v 0.000358731700785663 0.203985564730107 0.493267297353782
v 0.000363793217101927 -0.114107018482874 0.493820586810465
v 0.000364352999857751 -0.114107046464703 0.493819737464039
v 0.00041495827613216 -0.0880073158361715 0.495363282031796
v 0.000418810316188378 0.204595454623198 0.469057525009843
v 0.000428057313485864 0.0303126617386097 0.498943913847087
v 0.000452551577337444 0.198891763885726 0.176992632124186
v 0.000453666529542128 -0.131602051522226 0.339748123148494
v 0.000460074155170718 0.20367551629331 0.28550615620893
v 0.000480417311333613 0.199503668679901 0.18091740165112
v 0.00048456885076619 0.202131111653102 0.220801752876466
v 0.000492057118914375 0.199759267691323 0.182556818796874
v 0.000503976890600776 0.20546002569587 0.434738102632741
v 0.000504756262201538 -0.127139749888556 0.389196320586469
v 0.0005075026944363 -0.13464646152777 0.278656885279528
v 0.000529179187766496 0.202136695320006 0.211992549691331
v 0.00052983801895968 0.200588900022887 0.187878097081462
v 0.000531856302301029 0.0871624286803576 0.499563876813134
v 0.000568116141317067 -0.123459256902212 0.423596123108479
v 0.000602147174626463 0.206456604322522 0.395178598618368
v 0.000603388656782364 -0.0279697110408762 0.498351800806644
v 0.0006057200480369 -0.124792258644902 0.393177473687202
v 0.000609358026845064 0.206640437438361 0.433457368478713
v 0.000626028164883405 -0.124097300420259 0.397175864019937
v 0.000626793481600107 -0.127704328546195 0.34489639472835
v 0.000636242002386633 0.206623959300724 0.359151960897906
v 0.000641600723014342 -0.134141156725543 0.247754716338178
v 0.000650778002484662 -0.134106575132981 0.245639861678337
v 0.000681732747030144 -0.129403686154866 0.303283062177839
v 0.00068579966602154 0.207305805135354 0.36146930357049
v 0.000685908736729719 -0.129315221977039 0.30332545974369
v 0.000687340461946876 0.204047502619592 0.210061642963969
v 0.000689718349290107 0.207345585767842 0.359890198772816
v 0.00068985739949291 0.207509463595359 0.420314840695832
v 0.000691335604111237 0.207362003379389 0.359238496486083
v 0.000702480361980625 -0.12179515359061 0.407719837145378
v 0.000706301216068821 -0.122471268783152 0.396890845674365
v 0.000707821365393488 0.206665024501671 0.246536037725706
v 0.00070959757498469 0.20391085268794 0.186187861245986
v 0.000710902685536328 0.206722102468286 0.24680601604492
v 0.000759651908973695 0.208055518427792 0.331709197133681
v 0.000764494982017051 -0.118998127493425 0.429792388353025
v 0.00077963045545412 -0.114029076780075 0.491308112246974
v 0.000784851085125428 0.207956743376175 0.277345544275743
v 0.00079249956326854 -0.131291565632321 0.244961860336997
v 0.000818438529805729 -0.118312650349709 0.423670410920945
v 0.000819310393457503 -0.0986796472415565 0.494305127881406
v 0.000832286388269288 0.208792869555401 0.30243981074254
v 0.000836801345583325 -0.124189718329768 0.333269024282785
v 0.000839806747949761 -0.117584642204766 0.427859757074629
v 0.000842367015286277 -0.1135126270998 0.48131080251228
v 0.000842677391511305 -0.118388819852462 0.41535275373631
v 0.000843586641670374 0.209094694806247 0.367541015777931
v 0.000847362112558586 0.208962113706004 0.302396405369724
v 0.000854565290419613 -0.115283126335791 0.452643441400403
v 0.000860331327372115 -0.117056831988668 0.429399290790531
v 0.000863733495546022 0.20884861554111 0.256916032209698
v 0.00086666161102531 -0.119684658464091 0.389694645198271
v 0.000874441097534692 -0.115835342440416 0.439251422106987
v 0.000879849210455726 -0.123519772951187 0.330142012345964
v 0.000883854687060712 0.209316366710354 0.281659425483392
v 0.000892884786045799 -0.11613000979299 0.432097950325354
v 0.000902101733581711 -0.116614547231351 0.423376382888594
v 0.000925653824736101 -0.115733635971307 0.429131353669237
v 0.000927281466978157 0.209316376976827 0.243856307943475
v 0.00094932182973928 -0.112617766309787 0.464472898754058
v 0.000964616857119016 0.210136226338152 0.249114838062264
v 0.00097048057704555 0.210297903867729 0.284779594059391
v 0.000972071918658979 -0.11524495193436 0.422397536613291
v 0.00097341378881999 0.210378779905357 0.302620194145002
v 0.000973873104476347 0.210167802614598 0.243004197627977
v 0.000978255173269231 0.210512269070477 0.332066824822079
v 0.000982786199601272 0.210637200880487 0.359625772141096
v 0.000983385855955228 0.21065373491675 0.363273046876912
v 0.000984358026266732 0.210680540101217 0.369186053872788
v 0.000985206988220313 0.210703948120884 0.374349673776989
v 0.000988801085981939 0.210803046450006 0.396209964054186
v 0.000991092948085714 -0.120195518872119 0.345523915279967
v 0.000991192113866372 0.21086897311198 0.410752852723674
v 0.000996558852110837 0.211016947604644 0.443394829555339
v 0.000999228909889419 0.211090567823699 0.459634854721011
v 0.00100127625395216 0.211166439785355 0.459524845199953
v 0.00100217764497041 0.208823582373548 0.162096476982654
v 0.00100466274787566 0.211240392425274 0.492684950621786
v 0.00102961318322861 0.212410853177669 0.332333293695031
v 0.00103298861596773 -0.119344265236729 0.345594902730156
v 0.00103346201188959 0.210371081085986 0.203665751601475
v 0.00103374349617948 0.212625737205038 0.292124107464547
v 0.00103810072834887 -0.11325149880963 0.430834684607102
v 0.00104328557646475 0.212803614133361 0.405286379598919
v 0.00105092441302456 -0.118407598081099 0.35379693635689
v 0.00105133491455705 0.213259270497125 0.30306915068453
v 0.00105184183392755 0.213293155641151 0.294229854213272
v 0.00105523527007283 -0.113224351849988 0.426925299625741
v 0.00105659179373194 0.21044998480986 0.188396304415611
v 0.00106231565146932 0.210469510877744 0.184617620119494
v 0.00106517461328934 -0.115862547608422 0.38613319961717
v 0.00106927498386347 0.213696421198921 0.449380002266168
v 0.00107415475867598 0.213697425148497 0.239504507867471
v 0.00107568728670202 -0.113221239965895 0.420951016875647
v 0.00108045320988145 -0.113133828098796 0.420803078809757
v 0.00108309804701502 -0.11266146673742 0.426804689190151
v 0.00108383744792124 -0.112529411566904 0.428482522618031
v 0.00109392534406604 0.21057734252412 0.163750041905528
v 0.0010966030718635 0.210379588103516 0.1597622643489
v 0.00109713608457345 -0.121498350831367 0.296330729889948
v 0.00109881913564578 0.214969356305038 0.332612922592443
v 0.0011037528827575 -0.117911527667411 0.345642257771914
v 0.00110962743596466 -0.112125306874852 0.426689800827495
v 0.00111088791746346 -0.111768764852873 0.431856052274098
v 0.00112435784745653 0.212803490428385 0.185408525568502
v 0.00112984494448621 0.213204873429855 0.189313633204556
v 0.00113368737517999 0.216158170077548 0.397595379020889
v 0.00114043705206529 0.211143517726811 0.158616406480983
v 0.00114096810203687 -0.111139702974871 0.43251102796875
v 0.00114332245246297 0.216572088512689 0.360302033017894
v 0.0011444598298709 0.214273957233207 0.19971488913408
v 0.00115847922077454 -0.122369754760573 0.266378458281672
v 0.00115875127851095 -0.121646562097821 0.276441077802623
v 0.00115875749697265 0.217127962652673 0.369905421763188
v 0.00115893916296634 -0.121498224889108 0.278505151019458
v 0.00116872715039526 0.217487007456124 0.376108348966479
v 0.00118658416925383 -0.118850584791467 0.308339374410854
v 0.00119573996218376 0.218025116236262 0.236210404921336
v 0.00119951681453287 0.218595859332913 0.395265087637686
v 0.00121457250604026 0.21940272318171 0.249613322788934
v 0.00121654455372161 -0.109947832685868 0.426222865774534
v 0.00122247061678192 0.214718260540155 0.186054818178494
v 0.00124572074758303 0.220466538267868 0.302937550435591
v 0.00124645606677345 0.220491651841192 0.304196380018272
v 0.00126344457026355 0.221071865214689 0.333279846134269
v 0.00127466228193511 0.221302130898228 0.442019156630345
v 0.00127956515450552 0.221622436285956 0.360877478017774
v 0.00128504865698877 0.221687853114182 0.441645861018219
v 0.00128624851615754 -0.109357821791066 0.41441246054348
v 0.00128769426665421 0.221900072252306 0.374794110396093
v 0.00129041732970874 -0.120986510066482 0.248397501261591
v 0.00129115375028425 0.222018225017717 0.380716572900906
v 0.0012976177089963 0.222238990507311 0.39178254609194
v 0.00130188476817003 0.22165783071807 0.304378954730683
v 0.00131215510253397 -0.107930492968118 0.426778059504568
v 0.00132630263789136 0.223218675349616 0.440889706004251
v 0.00134198674867782 -0.115674461687286 0.308868135514399
v 0.00134418850761137 -0.0873957623215387 0.494332047733301
v 0.00135682203147607 0.224261013205871 0.49313737747919
v 0.00142860551241207 0.195270090337266 0.496726909799334
v 0.00144711329206071 0.225276633137979 0.378251116444922
v 0.00153101557357008 0.221718416072207 0.200952255410325
v 0.0015593054522406 0.227697781021266 0.386530415874401
v 0.00156092360701184 -0.11361859865672 0.275072727107838
v 0.0015660700159467 0.221718161487506 0.192186019784924
v 0.00156733066581691 -0.115229866175291 0.25031663421199
v 0.0015742100614281 0.219028523114469 0.152491347612527
v 0.0016000072174429 0.225285988585202 0.230606744062012
v 0.00160957381441239 0.228351637520642 0.334090185237028
v 0.0016153972687013 -0.103291039584489 0.404144702282871
v 0.00162017628923205 0.2207119114557 0.165431931513156
v 0.00163424949148096 0.228792485502575 0.323968282722789
v 0.00166128089920267 0.222594473733641 0.179905670755468
v 0.00166443641134835 0.229717280753904 0.361811372422684
v 0.00171725170127591 -0.103302643663494 0.37442991380674
v 0.00175997023211094 -0.111221059392825 0.251709966586549
v 0.00176369085826947 0.232139277809532 0.405624213782159
v 0.0017765003322538 0.232135841717407 0.370104730080384
v 0.00177996490106371 -0.0985075721396701 0.423285712199832
v 0.00186171868472592 0.195378783949601 0.497382051907328
v 0.00188559342656094 0.234926495569312 0.435012871000922
v 0.00189505432681139 0.23406202482442 0.296475568762254
v 0.0019207846866826 -0.099773073040011 0.365168022070448
v 0.00192701551604503 -0.103518283321043 0.310894594552274
v 0.00193274373710836 0.235887963287617 0.434529785375636
v 0.00193330468784828 0.235888846446322 0.429768272784074
v 0.00193746630316171 0.235890294574045 0.418562629072864
v 0.00194057240876324 0.23494289688154 0.286619749210751
v 0.00194101808523468 0.235466773501062 0.353656525237158
v 0.00194141051817039 -0.0916688651147406 0.488953346129677
v 0.00194239527393025 0.228740644602674 0.190433306346878
v 0.00197904380060541 0.235914998845312 0.307944005602604
v 0.00201617446559155 0.23765903358023 0.46511823035032
v 0.00201846119220986 0.237658499087798 0.443844944599404
v 0.00207459978794286 0.238527012837969 0.386640788069357
v 0.00208596043621043 0.238967960042422 0.412987788595446
v 0.00209175502577594 -0.0904528431056721 0.454041629762192
v 0.0021022044272952 0.239433996456184 0.473553682455628
v 0.00210945740735062 -0.103865444119215 0.254266244766414
v 0.00212264425625856 -0.0897594311651179 0.455138909602858
v 0.00212682934437097 0.239433996456184 0.361811372422684
v 0.00213485868423875 -0.0960609040078148 0.355423602641407
v 0.00213726806251673 -0.0966436005405261 0.346350129934778
v 0.00218387787931075 -0.0844330829471433 0.489605331057143
v 0.00219639789964527 0.238584212271522 0.259742330846275
v 0.00220584660464211 0.238145430289599 0.251625082051498
v 0.002209854501333 -0.09136432133526 0.399052032200915
v 0.00221782262774969 -0.0974783774422956 0.311901422784503
v 0.00221924068461041 0.240770316592825 0.282905148641888
v 0.00223354507480057 0.238585078374185 0.250573490632929
v 0.00224595737168208 -0.0884602346054306 0.432131253531756
v 0.00226414065178871 -0.0940351779936479 0.346436913699949
v 0.00227940598799174 -0.0937959846301222 0.345375784830678
v 0.00227991880527722 -0.0937080844960988 0.346447834538494
v 0.002281020815538 -0.0935191929505932 0.348751598104024
v 0.00228273141555762 0.242968812631141 0.405740034731463
v 0.002292015335103 0.242969660528725 0.37020857459497
v 0.00230448688264315 -0.0840038684014358 0.488920630193069
v 0.0023049551301606 -0.0894166996793452 0.398786524234966
v 0.00230808978634506 -0.0878056228141547 0.420538640511452
v 0.00231364853214878 0.243560499264795 0.387959471386136
v 0.00231476457346898 -0.0877352989038532 0.419293264413642
v 0.00232227510392147 -0.0851284660235481 0.462465649997105
v 0.00233039834209686 -0.0926550084609375 0.346483086630726
v 0.00233077263281809 -0.0873335328464235 0.420417155345846
v 0.00234593193088147 0.233291574197382 0.145359553549827
v 0.00237056375323408 0.244955955960398 0.49319554632341
v 0.00237156711815383 -0.0653090688625495 0.494384739737959
v 0.00237173468261482 0.244979544648757 0.493053623831868
v 0.00238150772473005 0.209817897170916 0.497331191031025
v 0.00243296444892952 -0.0815137721540194 0.484990304471342
v 0.00243396276046199 0.245987274412001 0.374734086639489
v 0.00245175864208556 0.242094374194586 0.242181267358791
v 0.00245815477079029 0.239299658398787 0.200317792937776
v 0.00246321142406391 -0.0837997872523656 0.433415579816494
v 0.00247091650099591 0.245271414018397 0.280022482562549
v 0.0024712151824022 0.239552821683905 0.200434927164246
v 0.00247868481163308 0.246473537891259 0.315643359089718
v 0.00250083025740006 -0.0917320098155759 0.311060692729147
v 0.00250530134083467 0.247370279458636 0.359606849366447
v 0.0025106019584771 -0.0828202237934898 0.433042580080025
v 0.00255869785156539 0.248503219727182 0.361022744312163
v 0.0025590121322026 -0.0841808863053822 0.39807298341357
v 0.00256447075264246 0.24100068153446 0.196103433497628
v 0.0025726967646061 0.248785582127136 0.359483932040381
v 0.00258670223774449 0.237778806291996 0.143732179265695
v 0.00262188906438216 0.100025435435755 0.481869220772252
v 0.00262632410114708 0.249703942190318 0.332309716319937
v 0.00268337987642919 0.195537469976578 0.4976964948811
v 0.00269640981539174 -0.0919650232013507 0.252283373332933
v 0.0027098730165591 -0.0762123829484644 0.475363649883351
v 0.00271955502442751 0.251747758588666 0.34334072922396
v 0.00272584625433743 -0.0793719615250261 0.418374591833947
v 0.00273338794629749 -0.0869402553458555 0.310360111534551
v 0.00274114473844741 0.244718458386133 0.494059830125966
v 0.00276280613278861 -0.0671565360621027 0.491162045715879
v 0.0027927678140273 -0.0890107554295553 0.265817846629537
v 0.0027987334514431 0.24388872617756 0.175510170167998
v 0.00280261671325477 0.253776063767588 0.493220337668963
v 0.00280504376368936 -0.0829675023566113 0.343839953112361
v 0.00281348996105331 0.253659010191394 0.340473851819868
v 0.00282839058186095 0.253943005398746 0.331377122414083
v 0.00284870137035912 0.248331273104581 0.224808208363633
v 0.00285135282182484 0.246561492113633 0.198674692822402
v 0.00285903153165349 0.247439595742364 0.209217805898369
v 0.00286577689166899 0.242951149473664 0.141856795414391
v 0.00289191615152691 0.255224335760407 0.324394156958866
v 0.00289895932825907 -0.0878617507838642 0.251599648489481
v 0.00290214339993144 -0.0793144369625215 0.366499132804773
v 0.00290233658143795 -0.08779246536727 0.251588111064451
v 0.00291838463582292 -0.0789511179464474 0.366850622174579
v 0.00292691181968992 -0.0744977090082831 0.429868872569809
v 0.00293056434102487 0.256283344535189 0.446057462412178
v 0.0029392784137301 -0.0708448151235428 0.484592621258916
v 0.00295738794005262 0.254928002345581 0.287052238052068
v 0.00298050800656843 0.257181876380397 0.391526441544132
v 0.00298783135109624 0.257158974961584 0.313850803648619
v 0.00299040130607619 -0.0707783461343544 0.466728245799014
v 0.00302611409858891 0.257931149803118 0.309642622522848
v 0.00303986729466315 -0.0684790670298363 0.488854366835561
v 0.00306016148178042 0.258944729082224 0.45315424780222
v 0.00306721291843921 -0.0800999629509781 0.308842244712405
v 0.00308208654113334 0.259082414160301 0.313529459985633
v 0.00309130342519234 0.259609235984094 0.466114895325812
v 0.00309323492288775 -0.0792550701917708 0.312921680127029
v 0.00311620624731394 0.259882159530203 0.360033271285813
v 0.00315744522525143 0.260981691476554 0.476125123861666
v 0.00316037968995937 0.2607170183634 0.329886839561859
v 0.0031622394823927 0.250564798061182 0.172407915238195
v 0.00316734955099904 -0.0718213045134011 0.396387388598454
v 0.00317028542197295 0.250711008719988 0.172340009911366
v 0.00317255175587776 -0.0673982571398477 0.46135693427777
v 0.00317635491424931 -0.0751970054696474 0.344438108304399
v 0.00319602868077212 0.261602698740547 0.401042768394971
v 0.00319759513193655 -0.0696474590208696 0.41925460197064
v 0.00320248334289041 0.26155878539373 0.321890052773723
v 0.00320267042522092 0.2615989494019 0.338265184427606
v 0.00320271570307398 -0.0727063943238609 0.372890981069794
v 0.00321003988183507 0.251329589806782 0.170513110138122
v 0.00322675888036739 0.253380701909893 0.195468145968355
v 0.00325222562934971 -0.0740928968881489 0.337846444082843
v 0.00325703536954636 0.262498519075578 0.312962582796171
v 0.00325715824279289 0.262498546556693 0.312796763396998
v 0.00325964327787718 0.252387334120397 0.172340138317131
v 0.00326612152775581 0.262675737278328 0.312919127300942
v 0.00326655748697591 -0.0733374291833977 0.344581137374934
v 0.0032833101571077 0.128545465868193 0.499095098730001
v 0.00329459529409966 0.262498424364731 0.303478878143166
v 0.00329889619627893 0.262498408806027 0.302415782807602
v 0.00330521255859514 -0.0628772962318854 0.488830457213004
v 0.00330688020946072 0.26370606334017 0.329139578317667
v 0.00331864234669233 0.262907501400385 0.302926810111049
v 0.00332772252888926 -0.0701132683641617 0.373323245218026
v 0.00332886125882779 0.253403700950362 0.494451458939861
v 0.00333895543731139 0.258242000563697 0.235059891922632
v 0.00334206383250335 0.251658455976846 0.13679367387507
v 0.00334281289877123 -0.0251995136207486 0.497724720878613
v 0.00335818248044967 -0.0642195010317386 0.451830091468405
v 0.00336684737015221 0.265152350912554 0.429206825804022
v 0.00336899846519624 -0.0679375115518509 0.392719249464055
v 0.00337397360108933 -0.0732747061115036 0.314914984456475
v 0.00339442191062049 -0.0651377719186167 0.426516250636646
v 0.00339914916890214 0.265737453179015 0.395723886164509
v 0.00340273881618868 -0.0634063436410083 0.44939208422917
v 0.00340695692084481 -0.065455396530854 0.417760338853619
v 0.00341312247796227 -0.0656116255768315 0.413453595321091
v 0.00341457830490045 -0.0730018276916665 0.307267012069084
v 0.00343202290525481 -0.0768562884477961 0.250713830386102
v 0.00344308869257832 0.265024523520945 0.300069792644453
v 0.00345604318999907 -0.0644031635324157 0.417384508455032
v 0.00346350120989252 0.26694849624634 0.349471484336814
v 0.00348659956236618 0.267630233836651 0.444177390641539
v 0.00349721261117935 0.259352831471821 0.20837359082658
v 0.00350545247435439 0.267823448913173 0.357828059763501
v 0.00351591099102222 0.267782761434666 0.328120403794043
v 0.00354141793497501 0.268700839645586 0.422338326055055
v 0.00354330647365356 -0.0619462060132318 0.425376556385975
v 0.00358352631539391 -0.0638763402580889 0.388883547754839
v 0.00358988336122093 -0.0647640204215562 0.374214553791965
v 0.00360576448056122 0.259768033088059 0.185088724928406
v 0.00361570829398368 0.270281646751377 0.451273676652519
v 0.00362211515465917 0.00615519606641346 0.497785859643127
v 0.00364038549919985 0.269563221681444 0.311240921310942
v 0.0036525064910071 0.270894836965042 0.389089509834933
v 0.00366212134465617 0.271322346772746 0.493269656336566
v 0.00366221802396561 -0.0623270233324364 0.388337507367342
v 0.00366505986741056 -0.0720651329896187 0.250056724675033
v 0.00366714979897373 -0.0584593123667481 0.436718804241385
v 0.0036874672125845 -0.0711866236725031 0.255616502516658
v 0.00368804312239339 -0.0711640443741077 0.255759398989641
v 0.00368907015486113 -0.0711506045488306 0.255647639732115
v 0.00369775414561178 -0.0709646323658986 0.255808595341552
v 0.0037199533208882 0.272202322007456 0.35782419473566
v 0.00373176205264925 0.272683007035461 0.465783889169349
v 0.00374248036695988 -0.0704516744359389 0.249835666074065
v 0.00374464454492593 0.272837765340063 0.417021631142356
v 0.00374795463563466 -0.065542638150979 0.317491746631718
v 0.00378701054699401 -0.0606814949085067 0.375754785457456
v 0.00379098684404393 0.273914257533227 0.475794478089213
v 0.00379522019599748 0.273750442236819 0.363050875876995
v 0.00383800244291146 0.253211462528863 0.495238655420483
v 0.00388062896709548 0.265629251690903 0.195212732604828
v 0.00391831008453718 0.262097662831702 0.130725287709841
v 0.00393275934212844 -0.059828916821011 0.345619190543783
v 0.00394859615716371 0.213908284312781 0.497688750905491
v 0.00394903429821403 0.276686002801354 0.357819462213573
v 0.00396477547544098 0.277111576931345 0.36601288002771
v 0.00399220847585035 -0.030468350448621 0.494467858892954
v 0.00399787469411231 0.278011194165039 0.418786017801369
v 0.00399831152024162 -0.0527422194317696 0.422081356486043
v 0.00400024232134627 0.133241699519622 0.49929006659164
v 0.00400942922785511 0.132807101797368 0.499301183921605
v 0.00401058671653088 0.274964495924577 0.290838567920446
v 0.00402153427900613 0.133226144967999 0.499301933242268
v 0.00402999359905852 -0.0607752912041754 0.304550992489975
v 0.00405951083144418 0.133211583664501 0.499293610726572
v 0.00407035136202968 0.267612801734496 0.172341041226628
v 0.00408816395872085 0.26790720237352 0.171759996494559
v 0.00412684918023649 -0.0578327343292697 0.318370941481308
v 0.00412693053008462 -0.05619927129075 0.341480948251125
v 0.00412716449155346 0.280578009851732 0.386101746356702
v 0.0041323936460579 -0.0587419796090532 0.30409930130015
v 0.00413621187591078 0.128293046819477 0.499372131670923
v 0.00413650609879076 0.133183342007866 0.499273872729705
v 0.00415259978944264 -0.0486387731965016 0.433211877486169
v 0.00418339020875549 0.275135635334863 0.250175176943142
v 0.004191272047008 0.275439666321004 0.252418237531583
v 0.00419363550361177 0.281945213130522 0.390717625316287
v 0.00422178453660027 -0.0549485155558925 0.331916901006456
v 0.0042300917585164 0.273081206797598 0.208084399030634
v 0.00423193230007759 -0.0541889261690503 0.339188368797823
v 0.00423584645243847 -0.0424472685798413 0.488803148564854
v 0.00424149653848296 -0.0555010270060263 0.318636839956535
v 0.00425606428709443 -0.0537721733203764 0.318829817610741
v 0.00426600210276589 -0.0561878981284462 0.302127335154496
v 0.00426761684240454 0.278691466319108 0.276402501707449
v 0.00427244769715823 -0.0478867992912391 0.411495381224329
v 0.00427475357101883 -0.0530181205914061 0.318914717229045
v 0.00428089017990866 0.269139485441831 0.13432556412711
v 0.0042886155983421 -0.0499460176829415 0.37980527700229
v 0.00428881536605587 -0.0476276538860241 0.410479932767916
v 0.00429422212936399 -0.049526352653228 0.383822685354204
v 0.0042949972638016 0.271358529317008 0.164948600793042
v 0.00430341681181799 -0.0455003515273609 0.433212306435891
v 0.00430728328136814 0.284282767645856 0.398609552487323
v 0.0043084250997637 -0.0519753622426736 0.298839872754325
v 0.00430980856224506 -0.0558994812101313 0.279714703297301
v 0.00431251730967501 0.279814830150988 0.280109602352652
v 0.00431763217843584 -0.0576350473398093 0.26734392954255
v 0.00432056663939028 -0.0572200170237598 0.26769548982016
v 0.00432798610159896 -0.0469990218749103 0.408016552028759
v 0.00432832775234673 -0.0512923837934518 0.291241577247643
v 0.00433000014978998 -0.0579817115613709 0.25901157367002
v 0.00433059646786493 0.277120937310937 0.239026347504945
v 0.00433060003378888 -0.0467285917235074 0.410848385109778
v 0.00433100092466573 0.0297527584746979 0.497929503291341
v 0.00433122292508025 -0.0467567362945486 0.410335925922643
v 0.004332509026767 -0.0586373647446999 0.248212032027546
v 0.0043372247531598 -0.0467964566039871 0.407222028789322
v 0.0043453876000558 -0.0572184205523584 0.248029476164216
v 0.00434667685533296 -0.0512442810064256 0.335822048825415
v 0.00434847887859383 -0.04468777671565 0.409689761332208
v 0.00435431120347605 -0.0389921046432375 0.433238241398507
v 0.00435904648805628 0.274601209172487 0.195025865025653
v 0.00436233364521724 -0.0508343698887675 0.335485799147207
v 0.00437972711332598 -0.0491380465486635 0.296634043505835
v 0.00438212133452609 -0.0494464058675607 0.27070463966826
v 0.00438398148191038 -0.0471058942802565 0.382963479279043
v 0.00438754018271276 -0.0402779367131274 0.407186274536787
v 0.00438802175162846 -0.0471326329274303 0.380867287231179
v 0.00439526851254474 -0.0375268113413225 0.433241259111139
v 0.00440014347997055 0.282000040270616 0.287320795747426
v 0.00440421992061082 -0.0425201726122224 0.390420994510967
v 0.0044078244602567 -0.044280082090783 0.381945399257321
v 0.00440937864571727 -0.0373859978574939 0.4074093151633
v 0.00440995369339977 -0.0502909731773373 0.244962093485789
v 0.00441085179372751 -0.0376351967593466 0.405733933789029
v 0.00441358218322939 -0.037452999260107 0.405634062081926
v 0.00442109690891578 -0.0481089219697157 0.255824817467671
v 0.0044221002344943 -0.0478262488385422 0.27134339170384
v 0.00442504424753458 -0.0467589681728228 0.332114437486054
v 0.00442547224771065 -0.0401084045102744 0.389106387801456
v 0.00443043899947834 -0.0409485842326655 0.383457801682217
v 0.00443308392745211 0.0331509223693608 0.497950188676154
v 0.00444666641482746 -0.0485650743883719 0.244192930791939
v 0.004447993341779 -0.04624804275368 0.305635373222564
v 0.00444894310031254 0.271787974577184 0.126350708949354
v 0.00445529625115318 -0.0381178918777009 0.3880172268795
v 0.00445559667388099 -0.0464716743867378 0.27169415938607
v 0.00446304851254261 0.27400882829557 0.157002601605087
v 0.00446318592486595 -0.0382436476734777 0.384685231499602
v 0.00446474215437091 -0.0350540842919528 0.432340090298766
v 0.00447021171640866 -0.0476765690066611 0.338225096831066
v 0.00450060543336539 -0.0443357038155471 0.292397471257942
v 0.00450747405858318 0.270821176383169 0.495236835421214
v 0.00451247110822684 -0.0478578413769046 0.243865546193998
v 0.00452350290981981 0.279337915039487 0.21889153088531
v 0.00455440892935003 0.289365750223248 0.415770447794479
v 0.00455933698319148 -0.0415484938709496 0.319413047930059
v 0.00457175581904926 -0.0409591359720753 0.325125514454232
v 0.00457618032307669 -0.0407491632800267 0.327160715775211
v 0.00458423551222719 -0.0300210184882604 0.486149216695244
v 0.00458729245045289 -0.0402218175515331 0.332272117228282
v 0.00462810624190946 0.280545199281325 0.207926992093062
v 0.0046399363085093 -0.0400868202364854 0.326629110833809
v 0.00464955107334398 -0.0400621646074069 0.32559848387282
v 0.00465316961137734 0.290899974235679 0.387956185277988
v 0.00466548409064376 -0.040021306763102 0.323890590078075
v 0.00469490024371388 0.289626363335492 0.315239001398339
v 0.00471852342560726 -0.0393018403039355 0.32599999780473
v 0.0047376091005169 0.27717109827527 0.125719353208557
v 0.00474459238891182 0.289625730991388 0.302864644618176
v 0.00476477767466197 -0.0349251920265901 0.386181390253455
v 0.00478952320979534 0.292791107312529 0.33371612057521
v 0.00481574091186904 0.29335138814033 0.337003081542864
v 0.00481884336107617 0.279035926929083 0.131026076431371
v 0.00489751383773984 0.101187137902326 0.499798157326411
v 0.00490460688558459 0.29560840185015 0.37310764758004
v 0.00491520583326612 0.296054428891896 0.389747300038968
v 0.00492158150980418 0.296058416886864 0.38132191485946
v 0.0049255504720977 0.285399639108223 0.197332139938428
v 0.00494296392293554 0.295987480992579 0.347184998411531
v 0.00494566750844556 0.0502139296319314 0.498054055023461
v 0.00495617252777144 -0.0329648450351858 0.384821828989803
v 0.00496182789837574 0.28440061450782 0.173000549709237
v 0.00496555077476477 0.284470735055793 0.173003304177935
v 0.00497450256524808 -0.0297512523650884 0.430338674004738
v 0.00497797442501266 -0.0325359366207388 0.387927671474464
v 0.00500118119927471 -0.0391604616425581 0.287906507593452
v 0.00500497202616542 -0.0360675373340361 0.328690949949439
v 0.00501864874685844 0.243557155888964 0.497598633283254
v 0.00502281301766313 0.283718291949618 0.144350633162818
v 0.00503661648495507 0.128065292070556 0.498982055554898
v 0.00505574335725186 0.289591395000152 0.222624578063031
v 0.00507048420836176 0.298345285528795 0.337551710404476
v 0.00507676686784867 -0.0305923942974578 0.402001390047142
v 0.00509667949396016 0.29669021411756 0.309055523318262
v 0.00510360931677329 0.0938491753552494 0.499913488648213
v 0.00512480408847147 -0.0296473587391393 0.408844649558206
v 0.00513241716372056 -0.0388239266032966 0.273839047230663
v 0.00513478731065083 0.295265158357983 0.280649230698181
v 0.00514603574680091 -0.0298891524563888 0.401629319869684
v 0.00514807353743447 -0.0281758736768996 0.429739865825176
v 0.00517719997762046 -0.0404809813936475 0.244221208115795
v 0.00518153036229985 -0.030293377830152 0.389566891724962
v 0.00520050892080957 -0.0305095124409723 0.383117251544447
v 0.00521345529701671 -0.0240413416249726 0.48845058168949
v 0.00522766260868676 -0.0267202228934863 0.42920198143993
v 0.00523250388511464 0.299784080904596 0.316338442182947
v 0.00525154516636044 0.301924589538475 0.340023496782373
v 0.00529273189500314 -0.0384128234075058 0.256654572400066
v 0.00531258324485197 -0.0368752485122791 0.274388173953335
v 0.00531271147264065 -0.0390121181671595 0.244292289735142
v 0.00532459508597814 -0.0359448782602969 0.285118588059917
v 0.00532785454393716 -0.0358824671321936 0.285063869719986
v 0.00532905888167748 0.289007185321772 0.137458323534145
v 0.00533653955778252 0.304615982924028 0.411709297053166
v 0.00534363493508259 0.303506692484313 0.338115344644926
v 0.0053512550341816 -0.0322262630851081 0.331887955633343
v 0.005355636560993 0.304455948737243 0.374478011811921
v 0.00536850828189946 -0.0325436069043463 0.324347110318067
v 0.00536986863623159 -0.0324382414412608 0.325562341618757
v 0.00538930584087201 -0.0321298132849281 0.324240972977707
v 0.00539270463156843 0.253921445452757 0.497567131068094
v 0.00540787150998474 0.292557765651129 0.169505030202644
v 0.00545621682899811 -0.0300489121011517 0.333684320541997
v 0.00546370891648496 -0.0298836458071001 0.333820586939518
v 0.00546636598622279 0.29944355572457 0.253619746027534
v 0.00546868597295131 0.29739346078547 0.223302932788166
v 0.00547068498595049 0.295626999631861 0.197180497252545
v 0.00547247986267419 0.294040926900353 0.173725646519508
v 0.00547753264833855 -0.030336973927841 0.323780623915436
v 0.00548483143022096 0.293959737724001 0.168898553284163
v 0.00550693999588749 0.307572648629756 0.385307622059257
v 0.00550834577105354 0.301566796470364 0.271367224077449
v 0.00553793088082833 0.294580679911211 0.168628971799787
v 0.00557322752171359 0.293378693590628 0.134352640495409
v 0.00559145823488908 0.293258859684411 0.127227929246273
v 0.00560012701204395 0.2932018781819 0.123840100502711
v 0.00561793247452825 0.302720163293079 0.269701286313287
v 0.00562431723297072 0.30743236567908 0.320395607216843
v 0.0056527065343763 -0.0206095864489263 0.3966266701793
v 0.00565926337983242 0.309199861230198 0.335169527017945
v 0.00566446458391803 0.299751363044667 0.223506181513641
v 0.00566638181662163 0.303213279782928 0.268990297208301
v 0.00567209792881227 0.312354840014629 0.493384989475471
v 0.00567412344732203 -0.0187565062070915 0.422121408848626
v 0.00567892399590545 0.311346343650539 0.413728419727324
v 0.0056793165210347 0.311288351228217 0.409147860393592
v 0.00568125433851362 0.311002054323267 0.386534561833589
v 0.00568242965282585 0.310828411111976 0.372819269380364
v 0.00568286768434235 0.310763695487926 0.367707674728666
v 0.00568473327347848 0.310488069738136 0.345937242484798
v 0.00570152304789393 0.29838644974361 0.197118148738602
v 0.00572797647943962 0.294719941886302 0.123676663950494
v 0.00574368829280641 -0.0280051918463733 0.276756505742208
v 0.00577082141617751 -0.0180751464026993 0.399583927080514
v 0.0057842565079054 0.311787806001531 0.366605029527957
v 0.00580966078195584 -0.0282157823452954 0.25264431773294
v 0.00581240542154791 0.312155420298304 0.372450656993842
v 0.00581664802669243 -0.0282161309410398 0.250433260209936
v 0.00582368852491319 0.304099998351131 0.259140371410842
v 0.00583916213069004 -0.0282172501298637 0.24477550445422
v 0.00583990820155846 0.196173187850704 0.499414493291439
v 0.00585165308363751 -0.0253735549931139 0.28375310095502
v 0.00585178937626679 -0.0154810899106121 0.4214436540118
v 0.00587910644994659 0.304476483960339 0.254952816699641
v 0.00588381671394837 0.313088025100422 0.387280494391195
v 0.00588594246333124 -0.0242492193072416 0.290478913512127
v 0.00589141552572453 -0.0240525511732644 0.291654797074674
v 0.00589163810967796 -0.0180004278433586 0.374640388655372
v 0.00591733676595967 0.300785383746956 0.165942910839412
v 0.00592222285947871 0.297406656379495 0.131458067841219
v 0.00593540220798572 0.199478924499842 0.499420404512408
v 0.00595394763322163 0.00397559911149076 0.494195078105281
v 0.00596669474948441 0.303417421023288 0.224200507080522
v 0.00597735285038943 0.27012079875932 0.497517893200878
v 0.00597845514850905 -0.0139699394891335 0.404373719915188
v 0.00598313766671571 0.314385119640908 0.407906274014812
v 0.00600977699074532 -0.0133624285518509 0.404859446773844
v 0.00601612154910426 0.314815876823337 0.414755969575739
v 0.00602048677513635 0.29856015959244 0.131052315290337
v 0.00605479834737581 -0.0235811418007574 0.247605312369556
v 0.00606043531809116 -0.0128872459783709 0.395432283066834
v 0.00608122924584574 -0.0126586577111464 0.393535687949768
v 0.00608848223963738 -0.0125535801436962 0.393155702334456
v 0.00608953489708832 0.315700247880685 0.415018927190725
v 0.00609184054650406 -0.0124606528817285 0.393471587319597
v 0.00610577556509796 -0.0120750588384185 0.394782326128232
v 0.00610847506471962 -0.0137228542629822 0.371748966543832
v 0.00611484295135872 -0.0119953677927334 0.393320515858807
v 0.00611944718341543 -0.010956919444707 0.406784394549092
v 0.00612748321107108 0.313735776431326 0.323765748642412
v 0.00612959353504804 0.316143337961878 0.407210848098373
v 0.00613167282679872 -0.0118474541234583 0.390607265971374
v 0.00613477905317529 -0.00970299564727076 0.420243967922514
v 0.00616073277696255 0.299716722223264 0.120131350694093
v 0.00618698822396067 -0.00543304535956263 0.466077462203252
v 0.00620440972764861 0.315398795804903 0.331927822523091
v 0.00620904900422943 -0.0203347250158102 0.249587235713396
v 0.00623047652398667 0.308422021905146 0.251140910216642
v 0.006255771211793 -0.0107567836938966 0.370600586164569
v 0.00625849502226108 0.0285511363196025 0.495494501961907
v 0.00627824664128095 -0.0180241650072528 0.263809521071941
v 0.00629653670463593 -0.017677622759148 0.263359927452748
v 0.00634462433846584 0.318429995248499 0.346804903451192
v 0.00634884648055752 0.318543007336924 0.359339204593756
v 0.00635237143234864 -0.0099077879228878 0.355027058096396
v 0.00635266782416248 0.318645291441061 0.3706836526189
v 0.00635473859339788 0.317055657263941 0.331060590229988
v 0.00635845755929536 0.31655031938878 0.325271477305468
v 0.00635894817239582 0.318813394563712 0.389328163942176
v 0.0063598208432483 -0.00974386596705833 0.355201124603246
v 0.0063642041009649 0.31952134235581 0.35829163699383
v 0.00636424293357747 0.318955116942035 0.405046756468809
v 0.00636801056305801 0.319055963305507 0.416231743017664
v 0.00637101975668426 -0.00974389234991418 0.352020644645219
v 0.00637445115907833 0.303109137595596 0.117721714924295
v 0.00638448215309348 0.320651611098012 0.370188031629667
v 0.00639394294184043 0.319750083072296 0.493217367362762
v 0.00639526761507156 0.31154852160863 0.26797125581366
v 0.00641941690504702 0.32259882268911 0.390682978240371
v 0.00641943002228854 -0.015783877336544 0.254211675303889
v 0.00642943320479207 0.31965932663372 0.329725192126107
v 0.00643790357571418 0.323629242468583 0.401528434616788
v 0.006442906074779 0.319854620152446 0.327011882302908
v 0.00644682711605491 0.312633646342247 0.24706932377513
v 0.00645000661028744 0.304356841786392 0.117292380164113
v 0.00646130201893334 -0.00974396566397296 0.326737366515501
v 0.00646153765621712 0.305359255886753 0.124317132689254
v 0.0064668486654854 0.325242599116509 0.418509464574923
v 0.0064684258384399 0.305958057680455 0.128513436802354
v 0.00647533753057043 -0.0101485990046104 0.317336469107883
v 0.00647632112635923 -0.0101800251171745 0.316606658325892
v 0.00649377647516587 0.306704876594243 0.128264045857532
v 0.0064983841457962 0.313718719065937 0.226168393564245
v 0.00650119829771005 0.308262151436807 0.14260961824952
v 0.00650787626517153 -0.00576947179672738 0.368667522819975
v 0.00650978615537482 -0.00945400910411077 0.317080134445491
v 0.00651508623369855 0.310014327894003 0.156939108802622
v 0.00655048469934202 0.314848593139024 0.196881354515878
v 0.00656231155741327 0.322351314639461 0.328335053093386
v 0.00657043158052098 0.315235034234285 0.196960768287687
v 0.00657664594979631 0.315365822269 0.194441497895655
v 0.00658125832620082 0.315647709033606 0.197046679222305
v 0.00658144211820628 -0.00789454155102045 0.318097134590221
v 0.00658610357195548 0.323673277026399 0.353834750066865
v 0.00658663194800026 0.331919142761155 0.488781953793156
v 0.00659152304916137 -0.00780594270829027 0.316471924416999
v 0.00659157521815959 -0.00781710780549694 0.316299336794458
v 0.00659329187232768 -0.00818450245200717 0.310620230970139
v 0.00659386856518644 -0.00777045574055943 0.316293272449266
v 0.00659987516508275 0.312375198832952 0.154629610093151
v 0.00660799359288029 -0.00732826156088659 0.318466471337503
v 0.00660831561528031 -0.0113998517249945 0.260918067487659
v 0.00660904469022708 -0.0115558867827975 0.258506111804623
v 0.00663458430331685 0.318906742087374 0.227166475965773
v 0.00664268450894222 -0.0067675052823191 0.316162809623927
v 0.00665675963005735 0.320261993818967 0.239691634814536
v 0.00668464710683487 0.317593618241048 0.197446252982456
v 0.00668860622216531 -0.00979573543314115 0.260294130603171
v 0.00669587289176331 0.315547279394564 0.157390797935849
v 0.00670528724754353 0.326075920432187 0.354269407545272
v 0.00671266653132174 0.315572838429391 0.1521720437663
v 0.0067145138637753 0.323791661100492 0.272312617583855
v 0.00675178643251403 0.00265898311543411 0.417678840054805
v 0.00675376191983149 0.321937335493576 0.23807217844006
v 0.00678636771022175 0.315685007741571 0.12926882893031
v 0.00679670927496344 0.314560824867335 0.113776843577479
v 0.00680972560622796 0.328997016873085 0.368016756115169
v 0.00680974219759326 0.00402657631495188 0.420386508966783
v 0.00681850470767133 -0.00437177696184182 0.299183310952615
v 0.00682405611607122 0.315413820073754 0.113482938403679
v 0.00683200218958295 0.315754461015427 0.115087559372109
v 0.00683688170997677 0.315732976495739 0.113373012515073
v 0.00684247707144162 0.32281524251472 0.227912800294553
v 0.0068506947902946 0.00464864546255668 0.417381850502519
v 0.00685538930353641 0.100908458163208 0.498943878471057
v 0.00685984517474685 -0.00436409300511088 0.287320795747426
v 0.00688952673012639 -0.00329723464701453 0.293773744815225
v 0.0068959784947181 -0.00305570188681415 0.295235367536185
v 0.00692905874516726 0.332986145660242 0.394399324244454
v 0.006931667373651 0.322356452357268 0.198424892588934
v 0.00694306836067919 -6.41994275971097e-05 0.323203795502057
v 0.00696405276423017 0.00299821924124535 0.361584460388327
v 0.00696867928344795 -7.54459742824746e-05 0.31529236314717
v 0.00697568297516372 0.331669779633885 0.355279930443727
v 0.00699018100806262 0.00820288320299615 0.428653685266785
v 0.00701863947212626 0.027933031427365 0.494330531565248
v 0.00703314829955439 0.00435429856279886 0.360489719017898
v 0.00706931738203709 -0.000577054953304613 0.280079549848994
v 0.00707312048894889 0.035471346682634 0.49478648626836
v 0.00708840534006075 0.321475637421198 0.129880584907054
v 0.00712860441833245 0.338736192566936 0.423432429101846
v 0.00715096529383067 0.000907340945892222 0.277240834190506
v 0.00716994675118321 0.00896958713350991 0.38651777313355
v 0.00718446131719532 0.334974862972444 0.32246862121845
v 0.00719579683173632 0.0115124052893591 0.416357787829225
v 0.00720591717008323 0.336983559840757 0.36945594277275
v 0.00720820938722553 0.0100792857688012 0.391151294903748
v 0.00723163206044625 0.324165052501329 0.13016377039521
v 0.00723342890985883 0.0121541000623339 0.414646454122174
v 0.00723395291050064 0.339647530967088 0.403949805815274
v 0.00723476505965025 0.0122640253264177 0.415891245807785
v 0.00723799447400196 0.0103482687979704 0.386070109426474
v 0.00724655808050819 0.326587592233066 0.167059302419759
v 0.00725212634908672 0.330773069163659 0.232781363177199
v 0.00726376538763634 0.0161845316261044 0.46590073921571
v 0.0072658220556242 0.0148190895160878 0.444824746091025
v 0.00726717687951937 0.325702404519841 0.14440888774746
v 0.00728242026373228 0.0161846268393123 0.460288065833842
v 0.00729236993834057 0.338004673306777 0.349287588186204
v 0.00729363961134776 0.017711676916548 0.479789912545775
v 0.00730368661365955 0.0179342129612195 0.480100347168461
v 0.00731306236836697 0.0187055578499575 0.488835042620342
v 0.00731917079629238 0.0119895113742215 0.385537229952099
v 0.0073203254649868 0.0161844730993635 0.448162822963049
v 0.00732526104342874 0.326760647605964 0.143545832239199
v 0.00733807942207171 0.339490889095413 0.367366068329013
v 0.00736556126419091 0.035739379751441 0.494374668051841
v 0.00738181392948095 0.025424659885984 0.490648980085285
v 0.00738439902417096 0.0148550366632318 0.407448071352189
v 0.00739460089965772 0.00434438901459207 0.255303534732199
v 0.00740141150422356 0.0118240545875764 0.358191988844389
v 0.00741110800578053 0.00704614195266393 0.287320795747426
v 0.00741701555216382 0.0205576800392256 0.483762004773078
v 0.00744518747891184 0.00536708130543526 0.254942571968283
v 0.0074469226608684 0.0165497862470188 0.413231236285534
v 0.00747020811861131 0.0217344479685824 0.485403554769388
v 0.00747994040235616 0.345849105992266 0.425209804787273
v 0.00748980795528434 0.0359789348274824 0.493498288613275
v 0.00752378731005842 0.0392997430847217 0.49439479806936
v 0.00753562521281771 0.0130361111501328 0.335295807541357
v 0.00754507664873157 0.023370516760191 0.487685463214847
v 0.00756348164296643 0.345417616200609 0.390847280826298
v 0.00756804775061824 0.334321390509427 0.195537392372406
v 0.00757820081047584 0.0823309378146417 0.498061187879321
v 0.00758270365505369 0.0241927630453311 0.488832291974086
v 0.0076246125584152 0.013839737674917 0.320115015505897
v 0.00763709853026227 0.0185681919531316 0.385660362564842
v 0.0076509828343085 0.0195071354682395 0.395045382632348
v 0.00767056597866137 0.344990274509355 0.322928313273656
v 0.00767156311212967 0.014263738526554 0.312105488003943
v 0.00768101513213171 0.0102586864683278 0.254941923154597
v 0.0076816278990336 0.0109473629340263 0.264115019165245
v 0.00768180756469856 0.0111492855815563 0.266804606982999
v 0.00768406503408915 0.0136864102802524 0.300598833461354
v 0.00768468415867099 0.0143822320152937 0.309867103686555
v 0.00769479189804962 0.0147366162272459 0.312000397895782
v 0.00769856045009041 0.335207595038658 0.167164342389496
v 0.00770558961026886 0.0115041025798992 0.265029976494871
v 0.00771148331711628 0.318169849805492 0.497371848309427
v 0.00772887547910943 0.0159622664304103 0.319643414607066
v 0.00772974986853794 0.0159622664304103 0.319378470599824
v 0.00773105966371889 0.0160081887396064 0.319654910105248
v 0.00773274895317067 0.0160674163758468 0.320011443972042
v 0.00775673245284353 0.0159622664304103 0.311728251066635
v 0.00775769610220548 0.0154499331663866 0.304125835502357
v 0.0077647104922332 0.0159622664304103 0.309466282676795
v 0.0077771484043488 0.336843703537782 0.16961720170776
v 0.00777964750323213 0.0159622664304103 0.305150794269891
v 0.00779567393367386 0.340511345768586 0.228356695065273
v 0.00780038290297906 0.333301064901826 0.1073262280785
v 0.00783394188759735 0.0196153094287433 0.341368771554457
v 0.00783760931983424 0.0221479063783665 0.37739048986123
v 0.00787398820748773 0.0232568959659328 0.3826275387908
v 0.00789554912259409 0.0239204026731276 0.385760521311425
v 0.0078989725891715 0.0218953300215553 0.355093860211113
v 0.00791315863226143 0.0149989815404728 0.254941098549103
v 0.00793576068494166 0.0298001037524834 0.458446631106323
v 0.00795595617299275 0.340529443956295 0.17514253676557
v 0.00796250973928159 0.0241229856850028 0.368503726584122
v 0.00797653501575941 0.338310437902655 0.134127843226511
v 0.00797850832024175 0.351818302552742 0.339231520608011
v 0.00799242375298649 0.0273655668613793 0.406518062057092
v 0.00799528104503015 0.023085174015659 0.344572480153402
v 0.00800812649967956 0.352938751295065 0.356160836621205
v 0.00801425305284267 0.0264276678446017 0.386512715647306
v 0.00801687016194562 0.0263152233745257 0.384114279850388
v 0.00802053977173435 0.0261575580606825 0.3807512853661
v 0.00806260005324501 0.0221099476869025 0.3117289726827
v 0.00809690847984723 0.338598467282426 0.103798605183572
v 0.00811695456932566 0.344425868616402 0.189222113995567
v 0.00812716078973753 0.347622665016867 0.241207576234526
v 0.00818132937738637 0.354494745954693 0.323344817979654
v 0.00818304075223333 0.357403768271279 0.384853914041955
v 0.00818315257573074 0.0274850773979548 0.353373111503916
v 0.00822346124314031 0.0250198096431128 0.307168577271312
v 0.00822708171054815 0.0373058684504469 0.488825718588726
v 0.00825131879485942 0.0290304234028914 0.355845593180701
v 0.00825457824564201 0.357939621183026 0.353847325662562
v 0.00827195214449817 0.0292872787889146 0.353618840298668
v 0.00828253779304356 0.0381989317964512 0.484047083559016
v 0.00828551140170837 0.0314743326979248 0.380566773437828
v 0.00829070544635063 0.357336613894468 0.335228357688295
v 0.00830502885984757 0.029699036096293 0.350049198310238
v 0.00832188937324159 0.350288850783106 0.223910500800708
v 0.00832672762423218 0.351465666122251 0.243131409724119
v 0.00834759918782936 0.362687817424494 0.417680938757178
v 0.00836822797584157 0.343713207615738 0.104651117817104
v 0.00837869475745883 0.0245312005172269 0.255293827350814
v 0.00842509390432992 0.0302091126363466 0.323203177440221
v 0.00847000008463979 0.361813773558828 0.352056253859185
v 0.00850605595105953 0.0372731576338505 0.400368270098698
v 0.00852171999296257 0.0336376975806145 0.34413594127248
v 0.00853777901148767 0.355604688129364 0.24520289891899
v 0.00854788916451953 0.100639481530202 0.497847871463715
v 0.00855479466546449 0.0328082594429786 0.323094450912065
v 0.00857526877038232 0.0363822317319226 0.367608161153146
v 0.00857844474913749 0.0412370688606634 0.434526340746618
v 0.00859729672626534 0.365800299985062 0.380655987910569
v 0.00863311576679079 0.0381407286125894 0.375982758303171
v 0.00864171452533354 0.363452018804507 0.329427011119078
v 0.00865403432940994 0.0402392413538754 0.400219187132858
v 0.00866047762446392 0.0371788759522197 0.354694894325143
v 0.00866384790419805 0.100609670185884 0.497627799528536
v 0.00866839636030772 0.0391570911768691 0.380300153037656
v 0.00867479267214504 0.356873025315308 0.221406247786417
v 0.00871780644725757 0.0313622816078698 0.255546377543581
v 0.00872380057695792 0.0340847750210972 0.292962138099849
v 0.00872567352246203 0.0349354542778335 0.304653189848805
v 0.00873998537862507 0.355603216381797 0.182236239871311
v 0.00875783485940406 0.0416992118277734 0.391097983212018
v 0.00876336559640996 0.0418282236994445 0.391356158017396
v 0.0087642545100908 0.0443342975938983 0.424796303927603
v 0.00876631483817703 0.0418710869464302 0.391117075306957
v 0.00876827304218271 0.0370896390187086 0.32291539194156
v 0.00878243286182447 0.0468713658611224 0.453873875101334
v 0.00878699039756793 0.0380361436184028 0.3309394290417
v 0.00879565900099616 0.035476257743122 0.290783706623344
v 0.00880904867994056 0.0475397970812301 0.456168178607941
v 0.00880919775049124 0.0391591314153616 0.340459610717218
v 0.00881571273320898 0.0483244748559758 0.469338736317965
v 0.00882333388365025 0.0478896851467307 0.457368975860438
v 0.00882424136805905 0.359594875078423 0.220371828832941
v 0.00882908163915495 0.370678126910417 0.384262915446884
v 0.00884379571658532 0.372471576260056 0.415899488808936
v 0.00884395699167798 0.0409168467008821 0.355360724422379
v 0.00886033490808241 0.355160739399964 0.139891927212962
v 0.00888228149918532 0.0428548513970663 0.371790250055378
v 0.00890175316426224 0.043839500145765 0.380137655966262
v 0.00891039811253445 0.0448587332137638 0.391448209121937
v 0.00891596835822591 0.0455154611000212 0.39873599824451
v 0.00891689645140015 0.0456248826053421 0.399950261979826
v 0.00891918419069433 0.0458946053921267 0.402943408506375
v 0.00893593304314684 0.269227025575787 0.498672190841564
v 0.0089389613471693 0.0461101359812501 0.399926523509004
v 0.00894873314920395 0.0407623539023443 0.322762394172969
v 0.00894891421295182 0.0384875064275604 0.286766324342968
v 0.00895738943996994 0.050398976292527 0.452928959506879
v 0.00895748638342231 0.242319804467526 0.499136184429672
v 0.00896839441758245 0.0780210625081709 0.494716184174822
v 0.00897511333931499 0.375091926374092 0.415937546899853
v 0.00900871979018419 0.0452837203073144 0.369630369445684
v 0.00901599333094033 0.0460868640724667 0.376868024802319
v 0.00902525346858044 0.1096525270027 0.497742858712085
v 0.00902999230019423 0.0465853770188409 0.37898430570157
v 0.00903360909973067 0.380359793477329 0.493379079394902
v 0.00904707952117784 0.0460734436821528 0.368928439029936
v 0.00905937590133549 0.365454310267538 0.243594545859685
v 0.00907751983931898 0.0391037415527787 0.25583359717232
v 0.00909235337955577 0.364085619596458 0.212334763032334
v 0.00910175263494036 0.196703401999442 0.498713964386632
v 0.00911384186899288 0.373866204071328 0.353628113234134
v 0.00912539072915883 0.0496423915796721 0.391974915133923
v 0.00912613291173021 0.363205221875752 0.18853360896397
v 0.0091427825434526 0.0470937814316537 0.356461441771395
v 0.00918022477639689 0.0513377812084629 0.39859869678537
v 0.00920699425080709 0.0433646728892702 0.280254978598479
v 0.00923866865785343 0.380286989102545 0.416012906876326
v 0.00926206428313118 0.380278682716408 0.407186056774883
v 0.00927954218695263 0.25549252788961 0.499037097276367
v 0.00929885719519264 0.0440555581999464 0.258727605038168
v 0.00932073663026891 0.380285612622612 0.391369833950466
v 0.0093495618397874 0.380341726154307 0.391413283625669
v 0.00936401584640309 0.126927096049372 0.497875702426248
v 0.00938131076213928 0.050314293059057 0.333030915517228
v 0.00943371371809249 0.0510218165960491 0.327883395269862
v 0.00944852280102303 0.131236373932852 0.497908841341485
v 0.0094515948648197 0.380301068545814 0.356094562088471
v 0.00949479779393592 0.364662592228906 0.103800529703284
v 0.00952081245019554 0.0587936239146558 0.397762679513451
v 0.00952811980670776 0.245556561967551 0.499301082023665
v 0.00956264060711995 0.0527625353566386 0.315218961372444
v 0.00956361754681162 0.10034836081947 0.495917545091834
v 0.00956406370151384 0.0496077537327579 0.261968261156489
v 0.00956558384976069 0.3803145320088 0.325366710326831
v 0.00956862507498302 0.368602855509273 0.143534970138622
v 0.00959143734093674 0.0598458902587057 0.390847604292128
v 0.00960627116081136 0.0550318210927389 0.329886839561859
v 0.00962230864270479 0.242116827821154 0.499360806644734
v 0.00965328570223554 0.380931898570025 0.391710772067369
v 0.00967094335622804 0.0550411617903784 0.313789523938787
v 0.00969177686498999 0.0585915173226862 0.348620096116899
v 0.00970024539732077 0.37728525636939 0.241664895373069
v 0.00971500063023876 0.0650016645028639 0.296598361419972
v 0.00972180371280287 0.0635369317346829 0.288233389564819
v 0.00972620940373299 0.380333503808588 0.282067103666176
v 0.00973587737077345 0.0609193445493561 0.296113959894303
v 0.00973628668679943 0.0604186854994539 0.270425334360645
v 0.00974433434897889 0.0639796490361783 0.329886839561859
v 0.00975350442524177 0.0585283102448433 0.303313246571732
v 0.00975528136071466 0.0647002563155228 0.28473756735953
v 0.00976370784596823 0.0554772639709974 0.295468211357932
v 0.00976455204775661 0.0632752446258587 0.352830279832891
v 0.00976681009361784 0.056723168930461 0.308745531649375
v 0.00976696858007563 0.0763229333237957 0.447779954657454
v 0.00976902669948994 0.0539456387280333 0.265334983187305
v 0.0097701185554195 0.0630813020515364 0.359147261675684
v 0.00977174976301963 0.0587070075213463 0.329886839561859
v 0.00977528667539787 0.0620866990716161 0.359142580802605
v 0.00977547322703186 0.0620863563714638 0.367075029903545
v 0.00977645347237151 0.0628605873456215 0.36633624941896
v 0.00977656023038012 0.0606389568106005 0.350475175217333
v 0.00977685734773512 0.0671284395603999 0.396860698490813
v 0.009778132351166 0.0659429519953962 0.390295449053687
v 0.00977855767399185 0.0614411574029404 0.359024040940661
v 0.00977867094090278 0.061486646938919 0.35950881237889
v 0.00977990451627965 0.0673103850339018 0.396841673145929
v 0.00978031721032785 0.0689142397379349 0.488809873828951
v 0.00978041573850611 0.0621873814491094 0.36697637758954
v 0.00978148368735957 0.0656343787583781 0.390196064889262
v 0.00978164188355899 0.0626798180225054 0.372224159981397
v 0.00978906649497569 0.0667923612329644 0.329886839561859
v 0.00979223926940807 0.322128177216008 0.497950730511433
v 0.00979326326362381 0.0644160495404131 0.273553670664836
v 0.00979654838868176 0.370285647979361 0.103572119836329
v 0.00980612955083747 0.0635260255258584 0.390448541741393
v 0.00981517483559467 0.0638385986976703 0.397180286364857
v 0.00981649097933194 0.150000239460161 0.498053137941994
v 0.00982262220162085 0.0688229332512584 0.330808642120925
v 0.00982532006758017 0.255717863718815 0.499344423728375
v 0.00985901282621004 0.380322211174357 0.242856931503248
v 0.00987104878744716 0.0655967554820606 0.282058304917296
v 0.0098799733964856 0.0660778086562505 0.44540512124785
v 0.00988532037640713 0.0703232223859932 0.359168791063756
v 0.00989987846443245 0.0738513086052067 0.392856191453149
v 0.00990659111748558 0.0743108848740669 0.393119717303995
v 0.00990796977319462 0.0742910175794771 0.392579993204412
v 0.00990835091149458 0.0718668624159574 0.358059714477959
v 0.0099143725389501 0.0720806695227925 0.359973843428916
v 0.00991930891328642 0.0656069657028448 0.274464263992367
v 0.00995680444389148 0.0735872793056185 0.373461914268983
v 0.00999168183627798 0.380310929969576 0.203686444565319
v 0.0100005116372937 0.380310179147712 0.201079448363455
v 0.0101303100737153 0.0762031214130949 0.39133980744669
v 0.0101501555929238 0.268827019821473 0.499367051610494
v 0.0101609820981765 0.0766655454461851 0.394500230410585
v 0.0101921425581516 0.380293884252172 0.144500474279589
v 0.0101970165110959 0.0719186594688061 0.332289207195349
v 0.0102070228012421 0.268768312075206 0.499400088710368
v 0.0102558749003056 0.38028846491873 0.125683518650023
v 0.010338199858076 0.380269879290121 0.101461010740851
v 0.010404136404252 0.0858222669622115 0.493067781185585
v 0.0104464214530506 0.382017920282286 0.325015880816748
v 0.0104997623647582 0.0762631045979118 0.354706011291053
v 0.0105151594806896 0.0710281278347674 0.275051875801633
v 0.010530463845993 0.380966803226958 0.144514213326586
v 0.0105401205425468 0.382412631855432 0.356630837860855
v 0.0105603168067278 0.24194676527618 0.498986408721915
v 0.0106071192368325 0.0778036906515853 0.362655246401978
v 0.0106303498329536 0.205303614595087 0.5
v 0.0106669311937211 0.078662000556159 0.367084020252827
v 0.0106679240709411 0.0783771008887769 0.362923045717553
v 0.0106692612678874 0.0802121029547477 0.388724378477275
v 0.0106701450984928 0.0808000790634619 0.396932877239407
v 0.0106701508114804 0.0777381521585521 0.353591166111513
v 0.010674723155777 0.0764261476699808 0.334429271970764
v 0.0106755925186939 0.0844240234177772 0.447525311703254
v 0.0106778903460035 0.131512470849681 0.495967334412906
v 0.0106849671292528 0.0723207998732443 0.275190561699032
v 0.0106849671292528 0.0734867060379931 0.291498573275981
v 0.0107467938121978 0.381179522015591 0.10133861851805
v 0.0108668694968106 0.0999845943874941 0.493611834179583
v 0.0109049639867334 0.126638906867884 0.495417495372477
v 0.0109181569817448 0.382145884029264 0.202613633531455
v 0.0109216569164987 0.083891130225017 0.365465169177019
v 0.0110060270258409 0.0844302890919598 0.34869542013533
v 0.0110115929044268 0.0793504966269101 0.275975524102295
v 0.0110435848019625 0.0844419901418249 0.338123173971327
v 0.0110709981493449 0.0844371940547984 0.330225009926665
v 0.0111204588793032 0.0906371044788409 0.402615799008993
v 0.0111533789464053 0.126586326720056 0.495129107147896
v 0.0111574671060031 0.0915679433063935 0.404847240620476
v 0.011170140462002 0.0862210148678881 0.326173300121565
v 0.0111916996331906 0.0997167416674193 0.490973356981465
v 0.0112095183705867 0.339245400291616 0.105329668961855
v 0.0112155605711475 0.0990018439082925 0.482681861045597
v 0.0112857949260097 0.094933959930979 0.412917982361979
v 0.0112957143812656 0.0852599191430386 0.273784073895051
v 0.0113136163264248 0.383704124815843 0.326034181105772
v 0.0113208830900887 0.0932999255043176 0.380417547024604
v 0.0113320495217673 0.0904706300677294 0.337744736641732
v 0.0113569061446254 0.093319580256862 0.369812090331136
v 0.0113637504682091 0.383327855214355 0.244730485512064
v 0.011381847146771 0.308935654609185 0.499571417260757
v 0.0113867149083431 0.38308206644558 0.203233992745355
v 0.0113944824914373 0.116132624653534 0.494232168955753
v 0.0113992333227731 0.197096038194168 0.498595297127729
v 0.0114392156874733 0.0892987190104162 0.287421738560249
v 0.0114435314073933 0.093396686931688 0.345712206556882
v 0.0114496110622931 0.0958990557465274 0.378972996862216
v 0.0114811117449809 0.0891244449904595 0.27235109963176
v 0.0114815033329288 0.101196730176596 0.440225037526464
v 0.0115022905128635 0.384888647458701 0.483901450017888
v 0.011511036710401 0.092511716516962 0.311877459046755
v 0.0115192380379431 0.103329843300821 0.474416057258123
v 0.0115257981120947 0.100619673427074 0.419917314345271
v 0.0115294396733656 0.0970825362979836 0.371902835397973
v 0.0115600926387078 0.104134648605365 0.472881063003729
v 0.0115686890178814 0.384684353468527 0.416015360397824
v 0.0115860054711082 0.0958655317566013 0.337405013268911
v 0.0115876382310135 0.384719467070652 0.416015369985339
v 0.0115883942728874 0.384717968407766 0.415414009805231
v 0.0116070720197404 0.0968079684620085 0.344578367308777
v 0.0116072453919458 0.383681462553373 0.497397118998759
v 0.0116180257555226 0.0970297618277014 0.344504523251743
v 0.0116193482961332 0.0994009346471331 0.377027581587241
v 0.0116278513159881 0.0992901603055289 0.373129222081457
v 0.0116448457321219 0.19447420713467 0.498146578353759
v 0.011654729832385 0.0989399964804452 0.360806291912534
v 0.0116558331342081 0.384724675357076 0.393620526479738
v 0.0116573138648661 0.095124640863321 0.305943439916241
v 0.0116891579932639 0.384758903735485 0.416013044955554
v 0.011708162425891 0.0937087519408628 0.270648663902342
v 0.0117158576903397 0.104924638037204 0.425214167734193
v 0.0117509649764321 0.107940471047114 0.46688254081213
v 0.0117684966183531 0.384735879998768 0.357212293674207
v 0.0117822779823896 0.106457357321803 0.427100441856018
v 0.011793673615555 0.102852314022048 0.375108573555845
v 0.0117979949652317 0.100743027753883 0.344272762757695
v 0.0118605786246979 0.101530660396813 0.337050288329755
v 0.0118630210058981 0.384745280665734 0.326665875430025
v 0.0118964591131138 0.102239804696943 0.337006270246631
v 0.0118969395558832 0.126806655875195 0.494288301946414
v 0.0119415662514359 0.384481463287209 0.245371291332845
v 0.0119418782297189 0.384753123197362 0.301182444085288
v 0.0119604845061743 0.103954331601942 0.344071035654701
v 0.0119621078722813 0.100837203386767 0.297380344627857
v 0.0119734665913845 0.113508956472359 0.488894347221921
v 0.0119888529225207 0.384574057274374 0.245423182609733
v 0.0119895664660398 0.384571337270874 0.24457620187857
v 0.0120166047545756 0.11193671840437 0.434683880808253
v 0.0120587234341015 0.105565436676799 0.338694000487975
v 0.0120878932238823 0.114399342065213 0.456698694978012
v 0.0120939827767974 0.384587301617508 0.204222854184631
v 0.0121022733037634 0.384619385352821 0.245494015837823
v 0.0121077092861948 0.256574009255062 0.498790470165788
v 0.0121100655011122 0.106407439602318 0.335883830368312
v 0.0121205696344361 0.131557379090138 0.494313285225581
v 0.0121290289648383 0.114400479315908 0.438091068327155
v 0.0122012295694265 0.127499573745938 0.492392685129539
v 0.012202837332929 0.116897937101191 0.459732634455239
v 0.0122269630824838 0.105040212130272 0.279147905634739
v 0.0122370365429141 0.117403234591971 0.455384618959813
v 0.0122482484365103 0.384610887496453 0.144604430985531
v 0.0123261353646892 0.384622795731006 0.114503786068942
v 0.0123340470721073 0.107489391601698 0.282409607630994
v 0.0123454584331375 0.107633006732616 0.281092678197155
v 0.0123571822382022 0.384603056965169 0.100892118703033
v 0.0123613716992297 0.107964365158227 0.281341116225258
v 0.0124338414881746 0.1203110516163 0.430363252912422
v 0.0124364867198119 0.116387785781633 0.379056423327614
v 0.0124897945279773 0.114820167824391 0.343392345983295
v 0.0125477905467312 0.115252104167126 0.333495872206984
v 0.0125611431257694 0.132570703452181 0.491572037390252
v 0.0126420306407723 0.113320296385567 0.277958476142541
v 0.0126595974886287 0.126806972081244 0.471764918711465
v 0.0126876125406663 0.121751067212611 0.380620723436124
v 0.012716621469926 0.128752336804841 0.488978288180222
v 0.0127429157616055 0.115237358702473 0.276747799736239
v 0.0127927347916612 0.128578340195714 0.45049589743106
v 0.0128055094448438 0.124171575631508 0.381326699029846
v 0.0128213593572522 0.122510009179986 0.354404553778218
v 0.0128284594375247 0.129260642184113 0.449380353236221
v 0.0128601721641228 0.122630594267998 0.345600148143493
v 0.0128960932818899 0.122742195347556 0.337451701350422
v 0.0129009136844375 0.132135859113121 0.480201005360942
v 0.012938737259199 0.122874683259965 0.327778222301109
v 0.0129496138266987 0.133531409393073 0.489004605173178
v 0.012965379295357 0.133824394186366 0.488332221472912
v 0.0130082462976419 0.12113748267141 0.286722567812609
v 0.013019406842629 0.121375197622228 0.286819706575294
v 0.0130232763766728 0.128467868629277 0.380256396513951
v 0.0130571615076121 0.133461888784488 0.442513441407681
v 0.0131089832816074 0.123403610004798 0.289159138554324
v 0.0131115171275832 0.121811480407089 0.266103809882082
v 0.0131402912806397 0.136564905866439 0.469558397885265
v 0.0131551770114985 0.123547126422024 0.278680423703866
v 0.0131633907534341 0.131240726067328 0.379565526787386
v 0.0131650769322562 0.136894833078803 0.465602343844092
v 0.0132266862995635 0.129053839045518 0.332716460271697
v 0.0132653568899822 0.124609077024397 0.261574371724401
v 0.0132777561329133 0.12713111597034 0.293459817479005
v 0.0132847417626083 0.138336288016653 0.448272810325688
v 0.0132859140581188 0.129503151121216 0.322808216185613
v 0.0133298161495783 0.125753083752563 0.259261502890994
v 0.0133879119084149 0.139226977765156 0.426941418160516
v 0.0134122499269726 0.140029438345431 0.432661096370698
v 0.0134307440620238 0.385392918249321 0.393898824283596
v 0.0134361975226711 0.134500856762932 0.348953939672388
v 0.0134582067838727 0.141544704100046 0.443461418196269
v 0.0134741533412281 0.13528180078162 0.349174578165274
v 0.0135331120493457 0.134597256411154 0.324248140956987
v 0.0135380688849085 0.132973837779917 0.300199309989785
v 0.0135454249923204 0.129630706118935 0.251422006369231
v 0.0135671091065955 0.135591268249795 0.328347174222119
v 0.0135933788476494 0.139699113209503 0.376746664739593
v 0.0136523370649378 0.147945467482788 0.489083979289855
v 0.0136555977990452 0.164167008279513 0.494484773951136
v 0.0137016473825164 0.139947899768589 0.350297093674102
v 0.0137017218287089 0.145324576754484 0.424718308110219
v 0.0137173479512043 0.13998397756778 0.346461507390505
v 0.013756051917613 0.14105204501344 0.350562655892417
v 0.0137715609344703 0.139607912814817 0.325664255067508
v 0.013793663408584 0.132758916923618 0.223715556132513
v 0.0138312788612471 0.147655747299219 0.421222011283617
v 0.0138503736181475 0.385255257766166 0.144440785965643
v 0.0138621100614542 0.141490502610692 0.325920915311052
v 0.013876295660233 0.141638130741921 0.323908091669459
v 0.0139795167811832 0.147218739752381 0.374241432914526
v 0.0139809557625318 0.147248318790829 0.374231562360133
v 0.0140433853721468 0.147173294136794 0.352036401197988
v 0.0140490787510325 0.197518253955585 0.497859778043322
v 0.0140492664270652 0.143438220499349 0.299364915578432
v 0.0140586960006158 0.152529128392362 0.426985195126673
v 0.0140753889335784 0.138489953307994 0.222759465059129
v 0.0141221450300514 0.140233712215297 0.233681535563917
v 0.0141568197953214 0.385609354457016 0.327577369966129
v 0.014169752351219 0.154418815835131 0.421402659715602
v 0.0141802957543067 0.142402431399218 0.24726535367814
v 0.0142695328927063 0.145730511942388 0.268110855992633
v 0.014290320072641 0.197823694348567 0.497831000430926
v 0.0143239403210491 0.15695286123148 0.413914363688991
v 0.0143516426647113 0.157487856299447 0.41367262437541
v 0.0143624508172984 0.197556447787373 0.497543455742641
v 0.0143786040480521 0.15032690220374 0.298814994737975
v 0.0144020923919566 0.197556478633798 0.497409641360966
v 0.0144086235819755 0.159060291075544 0.419710434583509
v 0.0144194984674251 0.15887266845705 0.413046914619598
v 0.0144338998788208 0.152657135318378 0.314381079598618
v 0.0144353652884133 0.156948582225881 0.37687771004707
v 0.0144365436177702 0.228390834850848 0.497804710762185
v 0.0144640369647317 0.385437675859384 0.101117040922672
v 0.0144781064162153 0.157861515110418 0.377135250205545
v 0.0144812685354042 0.154653307735574 0.327715620699834
v 0.0144959797592696 0.148685642076968 0.24522182724151
v 0.0144982756830122 0.148715603866864 0.244989757505448
v 0.0145030242973464 0.14884926095741 0.24516812432688
v 0.014514465395028 0.157234219600757 0.354856506920517
v 0.0145275384789552 0.339272200071308 0.499420098818585
v 0.0145343656409926 0.156890883914707 0.342662752155371
v 0.0145569552336842 0.150463113917944 0.248074426986185
v 0.0145872467064703 0.267164133397888 0.498299662919554
v 0.0145901055187479 0.148850621724673 0.221029029690702
v 0.0145932049237862 0.151059989423189 0.245547433643347
v 0.0146109647420616 0.155289945246966 0.298418358470791
v 0.0146517510011958 0.158353053735838 0.328220112905976
v 0.0146562438783083 0.160212946765781 0.355691237578992
v 0.0146700638270319 0.154739622182238 0.273615291309374
v 0.0146866673026453 0.159211926059635 0.328337285265309
v 0.0146967684513162 0.154739642839726 0.265796834647331
v 0.0147303400946533 0.154739688006105 0.25576663673403
v 0.0147585269834676 0.159215702878599 0.308713608716577
v 0.0147806549932871 0.152400652027783 0.216447131812745
v 0.0148266846554886 0.160532053822086 0.306696954846436
v 0.0148298694461824 0.241072402814719 0.497878271923995
v 0.0148720067154737 0.302908834400748 0.276804916490136
v 0.0148790776442168 0.166286777434762 0.379511622046066
v 0.0148959629450647 0.161394994687133 0.298173222905508
v 0.0149247203561327 0.160886586970117 0.282824984393764
v 0.0149721501281539 0.167797292875605 0.357820805815081
v 0.0149835612091189 0.159548885022028 0.247014771296217
v 0.0149837350321848 0.162488297094712 0.287374085873021
v 0.0149919694492399 0.166686713372056 0.328997017825612
v 0.0150569563897982 0.158228408615988 0.208925074889809
v 0.0150692116495259 0.166679682767379 0.309404769237404
v 0.0150807451521539 0.171128715368657 0.380879119530362
v 0.0150958546296343 0.166228673627564 0.297977285041889
v 0.0150982288793252 0.170165180850759 0.338354714004233
v 0.0151080508348823 0.172701754863804 0.40679835470133
v 0.0151135535368215 0.17052594927867 0.338237630277791
v 0.0151137573327032 0.178814123992064 0.489355231608415
v 0.0151153898710143 0.170612554676103 0.339560709929126
v 0.0151167534810255 0.180336311385381 0.46855403974412
v 0.0151194781386832 0.159725431531933 0.208860529374175
v 0.015120905227005 0.182445597946142 0.439729944471884
v 0.0151214346924279 0.16986711590626 0.329387885452918
v 0.0151243547185523 0.184198105493104 0.415781351882019
v 0.0151310313751347 0.173154337617008 0.406444859537738
v 0.0151314399315602 0.179591313629267 0.462211635520957
v 0.015132579217934 0.181316792838032 0.440941126351494
v 0.0151341579154676 0.171131380473019 0.329543019588496
v 0.0151426352596397 0.171897504724568 0.359191025273145
v 0.0151493538174526 0.167533187709266 0.298037516986566
v 0.015149745775471 0.183770426044426 0.406264084592869
v 0.0151519170516366 0.167318911490639 0.295159262884247
v 0.0151621129260833 0.181164636683978 0.475766778071669
v 0.0151675987035354 0.183469716607386 0.399572315564645
v 0.015174927998368 0.17342049845994 0.382457958745014
v 0.0151803985860234 0.164937968100035 0.26317736528812
v 0.0151871605981335 0.173957183321636 0.348536775881668
v 0.0151993914235647 0.164450084740582 0.250714866087385
v 0.0152022432576894 0.161088214829789 0.203090910264075
v 0.0152025360090755 0.182881242971983 0.386476851431287
v 0.0152062680547645 0.17977364365618 0.401248685845002
v 0.0152063244202537 0.17490122000069 0.4050790955093
v 0.0152082267100054 0.173307789648524 0.298287559582057
v 0.0152105911251808 0.164162389548251 0.243365976163172
v 0.0152216672520703 0.175624820341193 0.416133613063561
v 0.0152251306646612 0.175733422300532 0.360481463130503
v 0.0152389692375846 0.176417557169201 0.403890307512937
v 0.0152470376835233 0.186432089996408 0.435381944778782
v 0.0152576477683264 0.178196869115174 0.3857681580748
v 0.0152585682642313 0.177302339314598 0.376000074426164
v 0.0152615587723875 0.174874878604695 0.275782560638212
v 0.0152622863782252 0.174905547436561 0.275703756934913
v 0.0152633725565861 0.162806553064376 0.208732470491697
v 0.0152651511493346 0.17761715161198 0.385363350292257
v 0.0152700413440743 0.177841208987542 0.381902929616751
v 0.0152762825685925 0.162474923837591 0.200261328991028
v 0.0152769801627789 0.181627327677512 0.358573132764637
v 0.0152804437718889 0.162767112571489 0.199667084526616
v 0.0152805646542145 0.17357649495768 0.257465019868897
v 0.0152812687648138 0.164523630704357 0.208641506332702
v 0.0152840114909391 0.170363254327046 0.238477375714378
v 0.0152854884345566 0.173507860986186 0.25454383471943
v 0.0152858462374497 0.174269670270581 0.258436079112484
v 0.0152864743424551 0.175606988201543 0.265268718626261
v 0.0152910435271691 0.176113995091144 0.27249888482639
v 0.0152955358673309 0.176612475138474 0.27960745408565
v 0.0153019612724894 0.179303706039178 0.359315612316194
v 0.0153065732362041 0.175252550567073 0.259817861500727
v 0.0153074707037634 0.177936791110885 0.298492847516018
v 0.0153277962416052 0.18019215795768 0.330655481750502
v 0.0153323284158406 0.180695058082336 0.33782708347408
v 0.0153416347815164 0.175742228920505 0.260515393445827
v 0.0153483205855791 0.25778824725023 0.497975234455821
v 0.0153590540749346 0.176735505416917 0.270821345366827
v 0.0153746818357029 0.173085077615272 0.236327619233001
v 0.0153951691362432 0.173690189890619 0.235790489693463
v 0.0154069020120159 0.165907925443888 0.193265342861774
v 0.0154370860232911 0.188089721558405 0.433515959691959
v 0.0154965561245146 0.171902262418701 0.208294151120912
v 0.0155050548707659 0.168639584134734 0.187699591503211
v 0.0155158494476723 0.183803539052887 0.357820805815081
v 0.0155303693154521 0.177943294666485 0.263662221583429
v 0.0155338124779235 0.187897108806071 0.414042813194437
v 0.0155400955418025 0.169712908192357 0.185513301217064
v 0.0155460121083614 0.184087179457961 0.35785246414136
v 0.0155494971627273 0.187870482945903 0.411565784277523
v 0.0155624943189002 0.170353636931502 0.18515570700873
v 0.0155722881709512 0.170533391241347 0.187301029889938
v 0.0155732151480256 0.170550404784475 0.187504082286256
v 0.0155771355312892 0.180126378728825 0.287505409702813
v 0.0155805435584525 0.170639778293191 0.18753033873899
v 0.0155963618875339 0.192793077918188 0.491192150485967
v 0.0156051092035137 0.192952361387976 0.492589676047085
v 0.0156126000907064 0.192955742979994 0.491408679167884
v 0.0156143905549237 0.178884688133318 0.265009332900171
v 0.0156275711986755 0.266791814707855 0.498027460874865
v 0.0156395684043883 0.193873170778001 0.492625128366128
v 0.0156540287460364 0.193712009187612 0.492412855384466
v 0.0156577941918162 0.176517379131108 0.233271076475485
v 0.0157237359527129 0.182405818094416 0.298720901856986
v 0.0157605298709271 0.197105470175348 0.492749575956171
v 0.0157997342705498 0.272342677476408 0.498059659410209
v 0.0158331111234752 0.194207493075916 0.468415527954782
v 0.0158381858657511 0.195606958636149 0.481890453623607
v 0.0158593656486034 0.189061509644055 0.387218410848653
v 0.0158637219910519 0.196968233672961 0.491654914966008
v 0.0159393344495234 0.315210733603016 0.499893210957982
v 0.0159494675801537 0.177232495243525 0.208136786668488
v 0.0159578491472565 0.190624885758473 0.396447798111242
v 0.0159591898126274 0.185606639918223 0.310328843131496
v 0.0159682734647267 0.37969368663795 0.499275709436391
v 0.0159990677750654 0.266997872004079 0.497506743445183
v 0.0159991703484469 0.185184886017672 0.298864262577747
v 0.0160188277188634 0.177402550362483 0.202159834717823
v 0.0160281866652852 0.187139617167977 0.322012544166236
v 0.0160629568230858 0.176308064934122 0.181737211450852
v 0.0160895545860856 0.188408105686172 0.331667885987777
v 0.0161190824171944 0.193184382999307 0.411557784131454
v 0.0161261079641281 0.180927420350723 0.229337663286024
v 0.0161375268063376 0.192498624034514 0.395625768997099
v 0.0161468178614429 0.192153184330258 0.387600280627601
v 0.0161544133695539 0.189102272635844 0.331669369144119
v 0.0161643251029348 0.177759276508316 0.189621929089019
v 0.0161649757077643 0.189266502787952 0.332477428358263
v 0.0161692091613661 0.177294401869031 0.181163332611454
v 0.0161763486974244 0.179387315551541 0.206435694057156
v 0.0161775233797046 0.179546371865123 0.2080783668692
v 0.0161803830917825 0.190905235296439 0.358607086350175
v 0.0161920040203663 0.181507104022913 0.228328059162355
v 0.016205505262792 0.180130194183974 0.208054327129606
v 0.0162069184422128 0.189918655892794 0.335686207736683
v 0.0162071775924391 0.189721509209199 0.332905825682171
v 0.016207292716272 0.189633929575622 0.331670680169722
v 0.0162102298873507 0.187399497657301 0.30015823322189
v 0.0162132951529418 0.18506761875367 0.267271480380204
v 0.0162140209813715 0.184515449960253 0.259484181216538
v 0.0162140512980728 0.184492386746298 0.259158918092499
v 0.0162174714817703 0.184581498261236 0.259419975712917
v 0.0162338372402378 0.184899447315116 0.259110938902463
v 0.0162661086015162 0.199134827950154 0.448495807065055
v 0.0162729424067481 0.386154356211385 0.101349432597538
v 0.0162798773678661 0.386585350071904 0.49324926141825
v 0.0162907982365687 0.19156378882792 0.334668338695302
v 0.016292432549694 0.179738783404324 0.17978679560265
v 0.0163071528525968 0.180040994180116 0.179775011311348
v 0.0163308046259654 0.258102884980338 0.496586563962584
v 0.0163321115340494 0.187568398859198 0.268170283269347
v 0.0163382519456666 0.200169875924519 0.447364234910708
v 0.016385985897753 0.195474246550132 0.359097361730674
v 0.0164268141985814 0.38668357968689 0.444178168141996
v 0.0164481729918601 0.386288718720008 0.144174417752365
v 0.0164553112539281 0.192647753201956 0.30324708376974
v 0.0164704202858408 0.204399950325135 0.469136135621796
v 0.0164712745983669 0.204409647784268 0.46909658566057
v 0.0164855332201094 0.386642631329373 0.415903525094647
v 0.0165154295025155 0.195439725337514 0.324667323937461
v 0.0165301656184262 0.386611506433972 0.394411935181941
v 0.0165379961107557 0.196412076397544 0.331668628632083
v 0.0165833254439314 0.198082919139869 0.340906287021921
v 0.0165912080200717 0.38655041734036 0.356587388900872
v 0.0165932135360002 0.208296153322163 0.489018153220062
v 0.0166069507367133 0.197764482266721 0.330831874327173
v 0.016608294431247 0.386557022444346 0.356791003553079
v 0.0166086832113312 0.386557141476134 0.356585183890295
v 0.016610853438661 0.205779530993204 0.441181448500079
v 0.0166142988322475 0.18925749167713 0.215009827904984
v 0.0166148614092853 0.202575138500189 0.389020386156145
v 0.016619031038258 0.198079916547764 0.331668105338167
v 0.0166294954922362 0.203029162791065 0.390933635933949
v 0.0166431967533042 0.207440339371241 0.456842694194012
v 0.0166615778678075 0.386573336095628 0.328582822656562
v 0.0166629195490212 0.207102645148334 0.444146632601721
v 0.0166729080010651 0.19336855947214 0.250878689979812
v 0.0166752686532911 0.196509220014459 0.294362964394712
v 0.0166883702245892 0.206666878017159 0.427763390123699
v 0.0166973188352506 0.386440287636188 0.206134827402071
v 0.0167037946331043 0.197019249831987 0.293189774797579
v 0.0167054167333358 0.190130015085812 0.202365931279692
v 0.0167259865529363 0.206022810261653 0.403548809776007
v 0.0167470794266937 0.386599513885684 0.283318410379895
v 0.0167605024948559 0.209337538369808 0.449160974061879
v 0.0167674090145836 0.207509463595359 0.415020405105129
v 0.0167709516215612 0.199002201389282 0.301666305448994
v 0.0167714581811511 0.193706757793798 0.229170988183689
v 0.0167889601301679 0.206198629719612 0.38952299427697
v 0.0167890134454356 0.206198778573494 0.389511119612376
v 0.0167900200809187 0.206219140007075 0.389513869628853
v 0.016803771833845 0.199671377385292 0.30149991833483
v 0.0168145644439066 0.197832142189778 0.271858484929926
v 0.0168169268083809 0.386565603454729 0.248457226413005
v 0.0168540182542326 0.195993880762618 0.236451069081239
v 0.0169015511118779 0.386524518928273 0.206220805504757
v 0.0169051231329622 0.386522784736218 0.20443799158751
v 0.0169202117371476 0.206565078433659 0.360289926943361
v 0.0169224284469265 0.210167148601975 0.407483434208408
v 0.016934651754378 0.206605394326673 0.357073768256176
v 0.0169665805104816 0.241055583098027 0.49482303385468
v 0.0170113852421684 0.208405318939383 0.360487980626901
v 0.0170323392200563 0.386521242277888 0.144263974437671
v 0.0170333031287706 0.195482549386084 0.183899121172171
v 0.0170430857334235 0.206908137227081 0.332922766347466
v 0.0170487031019896 0.212391030116625 0.40236873067524
v 0.0170781458365368 0.207006023492978 0.325113990678988
v 0.0170816103665259 0.38652064487946 0.120958409234562
v 0.0170937643120959 0.201694411908719 0.245632289981533
v 0.0171159502278406 0.19686795264175 0.179119453488014
v 0.017126216556593 0.386494629185377 0.10145862899178
v 0.0171334646002802 0.199691006587085 0.209695406785361
v 0.0171374462362623 0.208817858382024 0.333194396190658
v 0.0171400781136953 0.216505252033003 0.442171808445351
v 0.0171662508102296 0.204082198129279 0.25684991703686
v 0.0171783817676041 0.2057135099885 0.276672574259441
v 0.0171855462661996 0.235184370567758 0.494215661489334
v 0.0171877199752336 0.207722968438505 0.302760502570906
v 0.0171912827998363 0.213295293866613 0.377158176784557
v 0.0172333877259775 0.206151925183232 0.26657917265876
v 0.0172755796489478 0.208297835370924 0.28483683741682
v 0.0172779306660596 0.208362354897784 0.285040634646089
v 0.0172785504919446 0.200484500886417 0.182284001445514
v 0.0173094398906806 0.216821721145186 0.392176378635174
v 0.0173434327352347 0.215111467316161 0.361262578687396
v 0.0174014588455533 0.216884368201101 0.369169346665499
v 0.0174028646789417 0.204144400257618 0.195201953400442
v 0.0174157337145947 0.209214865156926 0.256244942677823
v 0.0174227452214738 0.203425429728116 0.181334381644802
v 0.0174362279655269 0.217677231820775 0.369981179717376
v 0.0174602939021588 0.241032754304059 0.494229662821324
v 0.0174812522539428 0.209153404013383 0.238174598211626
v 0.0174876329102754 0.203877009612193 0.168607855138583
v 0.0175125208213789 0.22027770051553 0.384302900667694
v 0.0175253078607192 0.205633596877496 0.182080277826081
v 0.0175350448454433 0.209102942659685 0.223338329457548
v 0.0175399327353579 0.221115230487546 0.388038109567236
v 0.0175451843212098 0.206497055079466 0.187545299730482
v 0.0175475698206178 0.267578433754245 0.495683971229208
v 0.0175613271131836 0.241110710248326 0.493617159327928
v 0.0175661259563143 0.219870472254268 0.361811372422684
v 0.017593179376959 0.225237078596914 0.433660103682071
v 0.0175982657692194 0.210281856714383 0.22216021038668
v 0.0176017795207728 0.209040340692355 0.204932568537944
v 0.0176128453706224 0.222565234536481 0.386641992971897
v 0.0176141810617372 0.207637625078847 0.183833344457439
v 0.0176295155945118 0.223852300565095 0.400244870941673
v 0.0176440088737047 0.206968879320572 0.166202536056672
v 0.01764605445172 0.208998807594801 0.192721318693355
v 0.0176569166117918 0.20898861810056 0.189725480017817
v 0.0176581270339449 0.219965510418271 0.334777447508167
v 0.0176609950570214 0.224010903019154 0.39283184141654
v 0.0176660790748404 0.210282400520967 0.204299383668201
v 0.0176740454618075 0.208972549996478 0.185001256566374
v 0.0176872120196341 0.224142991507229 0.386658066440314
v 0.0176889351413425 0.224786221982088 0.396154369155906
v 0.0176927777216377 0.224885456463514 0.396495922115495
v 0.0176938131951923 0.208954006428334 0.179549215737403
v 0.0176971005301327 0.22729808886521 0.432623461898917
v 0.0177143095736684 0.224279516664465 0.380276922923206
v 0.0177284239868098 0.225846535387728 0.399802305439967
v 0.0177439886718544 0.224762033395946 0.378484057718408
v 0.0177577000177441 0.211155391383009 0.191621265267288
v 0.0177642625037176 0.219661390322681 0.298720982755697
v 0.0177747201602325 0.23125549166215 0.469809474287125
v 0.0177893066398358 0.211450656381299 0.187170308737131
v 0.0177927236151517 0.224674588829629 0.361811372422684
v 0.0177947392941728 0.241323574260501 0.492007384632049
v 0.0178146820703288 0.221172626375161 0.304865736356895
v 0.0178461718185206 0.215957725921301 0.231367425085376
v 0.0178533983452566 0.213126316463741 0.192285307461347
v 0.0178581943832673 0.227586933752118 0.386693238778394
v 0.0178846455844058 0.211608804352341 0.162594456225967
v 0.0179050315039038 0.225240427803554 0.335364234229968
v 0.0179086149363297 0.386207923724405 0.143965133515609
v 0.0179393970143727 0.21537472811132 0.199148646171492
v 0.0179513685679695 0.232335758184834 0.430089528997158
v 0.0179595630249464 0.225515173061934 0.322522726043004
v 0.0179760237511306 0.232331975569987 0.422120948076922
v 0.0180158754367407 0.22526793691306 0.305507112916618
v 0.01803635341011 0.227902815800007 0.33566106125925
v 0.0180363603941124 0.235889615975692 0.459367623135571
v 0.0180456087892921 0.235231152794535 0.445282380040092
v 0.0180679319501707 0.235885987948872 0.448719350231451
v 0.0180690215965153 0.226642267219508 0.309286329219377
v 0.0180968394716978 0.226928707688672 0.305922422405802
v 0.0181127597348725 0.228524568565771 0.321363483958429
v 0.0181145158458571 0.219903094166325 0.212411474941203
v 0.0181166729785871 0.220009559636877 0.213296597530229
v 0.0181387515485134 0.232168810829075 0.370067265180762
v 0.0181457421383502 0.38597537479119 0.41584453001084
v 0.0181467847687328 0.221655632614545 0.226976388091354
v 0.0181510541598803 0.228792485502575 0.315199722381068
v 0.0181624535530644 0.239433996456184 0.476204630593741
v 0.018175551745485 0.219903702579675 0.194567497101453
v 0.018180799174973 0.231432073308753 0.345362974841855
v 0.0181939600304128 0.240236508578851 0.479025285179157
v 0.0182420396714624 0.241727679964964 0.488945172391115
v 0.0182737770965133 0.24221737419166 0.485987932708026
v 0.0182780666902813 0.234444015078373 0.361811372422684
v 0.0182927475211935 0.258752681865184 0.494272085240886
v 0.018308625987025 0.221282153187085 0.175273238637422
v 0.0183129717941694 0.219935357501738 0.156118685161602
v 0.0183345694121554 0.231391490132383 0.301610825278011
v 0.0183490478662209 0.221687855022094 0.169592882911618
v 0.0183568540270607 0.232309614238399 0.307267995988808
v 0.0183885603126693 0.236248525026017 0.355263458927343
v 0.0184268132073508 0.386022573701152 0.143876779184071
v 0.018451526283402 0.304083172767653 0.49812171525619
v 0.0184900146637545 0.241753416826943 0.405044497760889
v 0.018503919821035 0.233171854462222 0.281575389768052
v 0.0185217736140265 0.239433996456184 0.361811372422684
v 0.0185295895647638 0.38598597467993 0.101843461916143
v 0.0185637539018612 0.238462532531858 0.334782826444799
v 0.0185661614668657 0.231761313040562 0.24916914966474
v 0.0185893250686685 0.228687591661647 0.19862405549387
v 0.0185905150747304 0.24322839781486 0.395944879735465
v 0.0185938124315699 0.243635668133446 0.401632701852907
v 0.0186444190854436 0.249886307372489 0.488927362154758
v 0.0186453244261585 0.243715195262719 0.38685781699471
v 0.0186460564733592 0.234961806059817 0.268345545599075
v 0.0186569904317949 0.234538673241307 0.26052621496358
v 0.0186669033056591 0.226953328701326 0.152603262688177
v 0.0186681205328382 0.234069501954826 0.251851522514541
v 0.0186755143433824 0.24433391832661 0.386864130588151
v 0.0186822744884801 0.258788872835289 0.491831838356084
v 0.0187039466472397 0.267505624443757 0.494293040236395
v 0.0187249368267994 0.244422284699834 0.373658557001354
v 0.0187477194931453 0.242114079072938 0.333979486205761
v 0.0187500006264403 0.25879218141394 0.491343884895596
v 0.0187505388982999 0.235488358166852 0.248461740358297
v 0.0187514710179166 0.246536295630041 0.39637539185935
v 0.0187680774540557 0.238257826609512 0.278325646899109
v 0.0187993570305076 0.245083258863737 0.361320132213332
v 0.0188038249227518 0.239028565552626 0.278886095021888
v 0.0188059572866581 0.245141880025375 0.36022584920902
v 0.0188115174833868 0.246548725664997 0.378708854293617
v 0.0188132440595008 0.233676144859288 0.204166202222856
v 0.0188517120671743 0.245548257948162 0.352639980184717
v 0.0188824816859381 0.234173660882333 0.190999245542676
v 0.0188827756482183 0.243650757820248 0.315536760571397
v 0.0188853791124229 0.23423517450645 0.19102772103425
v 0.0188858901641946 0.23423913503715 0.190934639462702
v 0.0188955443285526 0.231532344877626 0.150937539586805
v 0.0189015882659446 0.246472704899977 0.351253309756994
v 0.0189234709811353 0.249845613328886 0.393062559462462
v 0.0189702179661607 0.246600785804808 0.33299241072475
v 0.0189982087360977 0.235109577479169 0.17047724206294
v 0.0190092707413467 0.385781340912931 0.249322604277579
v 0.0190110830141415 0.254508553518639 0.441176787116665
v 0.0190198899122117 0.249572405479131 0.36092977163808
v 0.0190226023323109 0.246603286748375 0.317689776326492
v 0.0190590581424892 0.247389833111102 0.318263240698792
v 0.0190642913431471 0.255799334626509 0.444618841983227
v 0.0190847200878849 0.247617753515199 0.314008643594731
v 0.0191096501292127 0.23585337299139 0.149365174919244
v 0.0191201478718799 0.253609870180971 0.389293937669491
v 0.0191223762631417 0.248756263752955 0.319259492091937
v 0.019131442754499 0.242094374194586 0.232680950518526
v 0.0191392035336323 0.256854316983334 0.436713465425697
v 0.0191466606938223 0.259921540914283 0.488882248613592
v 0.0191543038931701 0.254433221169089 0.391064293718454
v 0.0191563993039863 0.241054991194394 0.212371279403109
v 0.0192091805514251 0.260162177840026 0.461857243035135
v 0.0192131312765964 0.251500183209496 0.331914543295718
v 0.0192152689138949 0.25983054401351 0.455368785130433
v 0.0192285298435853 0.255908398816285 0.39042173727915
v 0.0192415384643555 0.261624604237455 0.472543329395466
v 0.0192484093246588 0.258932839056992 0.432760832578629
v 0.0192585910254681 0.267877807487313 0.490913945132388
v 0.019276973096528 0.25343039957092 0.340816767750579
v 0.0192815010238353 0.260182108592053 0.440239167077679
v 0.0192815167224957 0.241628439904122 0.183647200752372
v 0.0192997436827439 0.262897191079117 0.481826759000195
v 0.0193093749889855 0.242944644778065 0.195057845486833
v 0.0193131171697324 0.245166939347306 0.224130136844217
v 0.0193186423763839 0.255441394076535 0.357364873083698
v 0.0193202813003985 0.244727318755825 0.21645054452914
v 0.0193257111219475 0.250404212346548 0.287156802707526
v 0.0193633383221297 0.253683729118104 0.322853550316563
v 0.0193946813255319 0.256989232162797 0.357230226450513
v 0.0194057695924054 0.257324478779544 0.35877639541357
v 0.0194369781480128 0.261047852941193 0.405289735313083
v 0.0194553054756679 0.245761463031841 0.193736231234052
v 0.0194808720828838 0.265504807373614 0.454425711228817
v 0.019491277898143 0.385421008903955 0.393665634416398
v 0.0194936235279463 0.262494342546533 0.408398829794354
v 0.0195129226595803 0.266716707896725 0.461695869389103
v 0.01952070807687 0.267112578507096 0.464883346754856
v 0.0195284166584126 0.261868394255182 0.387825688284808
v 0.0195467835221187 0.262594233198077 0.393702130882816
v 0.0195567612102171 0.268115713577352 0.488845411588902
v 0.0196050754951338 0.263415154368277 0.387550662156821
v 0.019609086891533 0.263471646541314 0.387127345219321
v 0.0196091034694682 0.263501139240589 0.387535414409247
v 0.0196093819515459 0.263996568139538 0.394390306448044
v 0.0196103418151437 0.26570419747559 0.418017540882164
v 0.0196103996969263 0.265807171096216 0.419442312537055
v 0.0196121438297587 0.268910041542772 0.462374491032523
v 0.019614215155043 0.269179077249836 0.481668563519182
v 0.0196221418231712 0.266033423230419 0.419004055536096
v 0.0196409809470211 0.287451696554861 0.494340792160706
v 0.0196613757630937 0.246567127896572 0.1454727738373
v 0.0196737084407637 0.249200359588091 0.180120086234679
v 0.0196913163976324 0.257863819974199 0.292585125121386
v 0.0196995207362181 0.2607170183634 0.329886839561859
v 0.0197058899353468 0.254800029876476 0.24479630143082
v 0.0197060104038977 0.385351469035728 0.328618815554258
v 0.0197076070984598 0.247451675872159 0.144957685340968
v 0.0197229521894394 0.262498868927812 0.346814419923772
v 0.0197269221205186 0.254380332621372 0.233653945485414
v 0.0197438721351193 0.263702693437096 0.357002180709865
v 0.0197454745789812 0.263705440322958 0.356644026629565
v 0.0197606288857661 0.253707714120858 0.215796895773907
v 0.0197718697396821 0.263750686521884 0.350744578461419
v 0.0197790649639634 0.261594989404019 0.321546114675976
v 0.0197810206668617 0.261594981599668 0.321066243133407
v 0.0197955828895485 0.253010206975381 0.197279088485807
v 0.0197965791027092 0.336317465480289 0.497792075417519
v 0.0198084570754464 0.252753302595789 0.190458648260066
v 0.0198129232109301 0.262235379077973 0.321389602594964
v 0.0198199448813697 0.263799775021962 0.339575503345911
v 0.0198203919804315 0.263833862638225 0.339899619131669
v 0.0198307088346526 0.252309268740828 0.178670190738337
v 0.0198313830721853 0.265579337305993 0.356481592799194
v 0.01984248272911 0.261275809308086 0.299509559703127
v 0.019848547052546 0.251953307102765 0.16921992337071
v 0.0198492184900895 0.261595147548455 0.302207618802579
v 0.0198556871320199 0.261595217110915 0.300157803569823
v 0.0198687699895788 0.26391679151486 0.329086896273994
v 0.0198961393859444 0.263819638049882 0.321002132206597
v 0.0198992922270926 0.263969112288576 0.322265026150578
v 0.0199084432717389 0.270793900006619 0.397726127003849
v 0.0199097236399136 0.264099614006597 0.320933090769827
v 0.0199460376470285 0.254657040055567 0.177573885369527
v 0.0199717864180711 0.268934001869749 0.35943678842001
v 0.0199842760521543 0.255457586783865 0.177199601738669
v 0.0199991573539313 0.266001115491206 0.320462758581229
v 0.0200057591550332 0.256769406640638 0.188577779682506
v 0.0200105252251323 0.269517419033778 0.35647924627072
v 0.0200236918106819 0.261185239536552 0.240686737979365
v 0.0200328503813314 0.265639985532985 0.305211647660862
v 0.0200347740088677 0.274322910661475 0.408348313563822
v 0.0200564486970306 0.257719099486311 0.187035000268482
v 0.0200687033815114 0.273455469124255 0.385771386939705
v 0.0200741431892887 0.25820982561282 0.188551240031894
v 0.0200982904890199 0.255076062726121 0.140515174664909
v 0.0201087053214402 0.266588965328389 0.29552610647199
v 0.0201431477900772 0.256009513573298 0.139970255102232
v 0.0201663507738136 0.26775873598875 0.29444144788836
v 0.0202038332330134 0.26523505306694 0.244872723661053
v 0.0202404315079283 0.279235160786343 0.413974785556675
v 0.0203269578848678 0.300612427004136 0.493104770138115
v 0.0203395943234855 0.272928148323652 0.314318887051118
v 0.0203692472228172 0.263784307819195 0.177182960001863
v 0.0203809602951609 0.266718867167373 0.21484237567065
v 0.0203845744194641 0.27500493231192 0.32631486107473
v 0.0203851416090969 0.289442986115081 0.375883416935499
v 0.0204036472613876 0.275437945784835 0.326466061037502
v 0.0204110692253409 0.289033051244235 0.376763040965235
v 0.0204242497989398 0.281150110030917 0.384407754739642
v 0.0204588840023274 0.275885856711576 0.31801517312894
v 0.0204624572929329 0.286130770722791 0.354935784672659
v 0.0204647597551909 0.27104336820853 0.250063281260754
v 0.0204787325724282 0.268822864409523 0.214686946118382
v 0.0204922494930736 0.267242993536916 0.188389218859912
v 0.0204928204993661 0.283333884916628 0.393846125213097
v 0.0204936629161092 0.286633557987724 0.460092792340862
v 0.020500913331565 0.283515852551089 0.393908748956124
v 0.02050621770666 0.283603023296708 0.393500130100056
v 0.0205113168095892 0.277059479002544 0.318245951768299
v 0.0205145658427673 0.28467926037415 0.41189568271862
v 0.0205513793940459 0.289604460441906 0.353008876812513
v 0.0205589543376614 0.281996822977618 0.328791223735816
v 0.0205736840030829 0.273560971807454 0.252312220301768
v 0.020579474742281 0.285975580510263 0.411550969460622
v 0.0205878166134607 0.26707791656617 0.157032725848379
v 0.0205880847490532 0.265361818981276 0.135721904812725
v 0.0205891232346735 0.267955105563329 0.168956584545479
v 0.0205900441894289 0.268573380676529 0.177360959326284
v 0.0205907713737028 0.286191826802846 0.382859641840798
v 0.0205913041098972 0.269419217527543 0.188858640128203
v 0.0205918576718831 0.269790846641257 0.193910291544267
v 0.0205937266940303 0.298120614758429 0.459354949351119
v 0.0205941278693284 0.271314924316434 0.214627476667494
v 0.02059551116039 0.280430723255966 0.318886650158729
v 0.0205961722446109 0.272687398210326 0.233283872072842
v 0.0206038972095 0.274027547190615 0.249693860487459
v 0.0206092966723384 0.285746915544285 0.394681373376137
v 0.0206110680095159 0.275271558065367 0.26492664754515
v 0.0206113586678017 0.275318380540007 0.265271318636417
v 0.020612200638336 0.292061008617459 0.379213030029013
v 0.0206129527421541 0.284258455511365 0.372936418652104
v 0.0206139261644359 0.28341664893376 0.356473332987092
v 0.020615944657031 0.289998031659881 0.41053348840298
v 0.0206161402787127 0.285694440972191 0.390810098945715
v 0.0206171632204274 0.289303487834048 0.488750161635609
v 0.0206197028231246 0.27398573985396 0.214524964100435
v 0.0206227180048402 0.277292632539936 0.289674499612767
v 0.0206229064239867 0.287452904970786 0.395235792860547
v 0.0206232351693987 0.268736562621505 0.134139702404681
v 0.0206250847621093 0.270978515618805 0.157022687904326
v 0.0206251221469504 0.27225129622866 0.177456972885109
v 0.020625410228599 0.286537548282811 0.389733965393424
v 0.020625604001936 0.271358529317008 0.16226722794169
v 0.0206259177228671 0.277009970490797 0.233026402321506
v 0.0206267067510014 0.270257230035212 0.147067852491647
v 0.0206279644021582 0.285603777397427 0.384121457861992
v 0.0206280189544722 0.285508972653554 0.383063741609397
v 0.0206285258885859 0.284627987865872 0.373234782739293
v 0.0206293904823789 0.283125437615945 0.356471150933975
v 0.02063084509124 0.280597518811201 0.328267701446308
v 0.0206313347170681 0.279746613546393 0.318774333380152
v 0.0206318365239107 0.278874539281198 0.309044787303843
v 0.0206321349508054 0.277564955606818 0.229923972439391
v 0.0206323667533355 0.274684494793425 0.204429100913
v 0.0206416009351852 0.280020820310139 0.288310405727665
v 0.0206445963326986 0.280372461310005 0.281949785177408
v 0.0206454941912722 0.273114629242484 0.157017190751515
v 0.0206501214342708 0.275664140985051 0.190274819684845
v 0.020656105580392 0.279287845144268 0.21431577622517
v 0.0206573392320503 0.289707384055317 0.338428662292691
v 0.0206678064970331 0.283097189950295 0.232663823102729
v 0.0206682314252099 0.287711676414933 0.330823984470288
v 0.0206685918654819 0.276683279974915 0.175549932275059
v 0.0206721721010574 0.282165836427339 0.218928837414286
v 0.020680944670382 0.280294305408894 0.191328735927345
v 0.0206846799178869 0.282000040270616 0.287320795747426
v 0.0206862974712315 0.279152344319182 0.174487849156275
v 0.0206881891556458 0.276640620617391 0.146475432317802
v 0.0206907369548911 0.275518410981914 0.130958895096374
v 0.0206918544110752 0.277966832424047 0.157004703914644
v 0.0206938270238064 0.277170062519888 0.145796529189667
v 0.0206963680591757 0.276143697600084 0.131358637782484
v 0.0206964520587044 0.276109768843868 0.130881361437222
v 0.0207048553365225 0.285814163978239 0.319901365990144
v 0.0207108155497238 0.289759328036645 0.331070249915952
v 0.0207140771985131 0.293235659667022 0.380706956651638
v 0.0207300992174208 0.293420395795661 0.380941904912092
v 0.020760911094317 0.293717549971143 0.380556103299176
v 0.0207751237755366 0.28581986584398 0.295106948320236
v 0.0207828536734958 0.292812957000287 0.364191986248775
v 0.0207849741733816 0.285805312716167 0.308613124559969
v 0.020789113388517 0.289835382291187 0.32029636324772
v 0.0208100884341613 0.287762393093527 0.284422675169717
v 0.0208214126394234 0.289727293059927 0.385624531489238
v 0.0208471280237536 0.288976863554627 0.297896814452803
v 0.0208478450289719 0.283857093377674 0.221726835520615
v 0.0208503303972773 0.292632196963215 0.351361402137927
v 0.0208572820877007 0.278754679608749 0.143699847236165
v 0.020870188125677 0.292768336277921 0.350314619579884
v 0.0208758820922623 0.289919664682408 0.30835687430512
v 0.0208854574824504 0.292988048154945 0.351167772454481
v 0.0208906692472055 0.280838535973171 0.173752723443907
v 0.0209163036638155 0.293684729991913 0.397388989973037
v 0.0209195963088897 0.384568382230589 0.494989270656317
v 0.0209559349578514 0.289956518699787 0.298738969833572
v 0.0209847078908434 0.279361543359194 0.13345136836891
v 0.0210008089677525 0.37683758925368 0.4979873118722
v 0.0210211057897611 0.27953488788519 0.130523993467829
v 0.0210361318591782 0.298007125955304 0.408397677799726
v 0.0210845267338026 0.290015718623623 0.283289386513547
v 0.021107793298863 0.283974699862552 0.192043098187624
v 0.0211081658224388 0.299524325986131 0.408853267742032
v 0.0211188661295346 0.299553523106608 0.407802835393036
v 0.0212254596530302 0.295203983563186 0.331586795796802
v 0.0213064008923814 0.300065235061736 0.389392842138385
v 0.0213355029385917 0.299906808468499 0.382699269873069
v 0.0213443926365307 0.30140160936054 0.407045760651222
v 0.021349588364436 0.301584371099749 0.409459963088676
v 0.0213663706776271 0.299738769743628 0.375599582091405
v 0.0213955243349639 0.384638850466103 0.354484801011395
v 0.0214027399399288 0.284150992387744 0.136564666148572
v 0.021424165841292 0.296566260443665 0.32111217514228
v 0.0214446763981238 0.304929129472645 0.45364275458258
v 0.0214590440077846 0.384625139383646 0.438180047751413
v 0.0214655223019283 0.289141777268456 0.222177933424953
v 0.0214710600176463 0.384608464402809 0.35445161122039
v 0.0215040371878593 0.298989336660423 0.343935803946942
v 0.0215100493039885 0.384599951583051 0.415724608316397
v 0.0215405623604699 0.290225664198801 0.22849925425992
v 0.0215562835026268 0.298704916602878 0.331918969083666
v 0.0215574589339925 0.290138328219177 0.222263607116162
v 0.021561355981257 0.384574614952301 0.393136483753612
v 0.0215742913507915 0.289056827641854 0.193067226357023
v 0.0215968100238227 0.310725695736213 0.492897204032591
v 0.021602273849958 0.29845455296876 0.321341028579281
v 0.0216157356601523 0.295368759775844 0.280597125349861
v 0.0216366170006104 0.289729171458256 0.193050478705896
v 0.0216406261383911 0.384535469195692 0.358237241027657
v 0.0216507944522113 0.384536086849293 0.354433173756923
v 0.021651753356019 0.297832965193057 0.305558717885314
v 0.0216565222171647 0.298159234078014 0.308863714662941
v 0.0216663918790875 0.296449235911991 0.280053710147751
v 0.0216771158046575 0.298427050235691 0.306080495223013
v 0.0216989977300319 0.289406734361388 0.170028993508245
v 0.0217068091862345 0.286942749022713 0.129745899653035
v 0.0217087160427938 0.30714770777212 0.385205756532047
v 0.0217197368476914 0.384540274615283 0.328641138337017
v 0.0217233793778263 0.287113944844176 0.129624490578091
v 0.0217268426492834 0.287496537303825 0.134151394522341
v 0.0217421164874842 0.289183859651483 0.154116101087241
v 0.0217452046461101 0.300023078979041 0.307482280112629
v 0.0217564427944695 0.300317508473465 0.308176326238427
v 0.0217710701844106 0.301646733961608 0.321686493103065
v 0.0218301925996976 0.299755403087985 0.275492142201917
v 0.0218404879072412 0.29242912365506 0.168722787505516
v 0.0218436068365774 0.384547798846536 0.282300144256915
v 0.02186823507331 0.304604992819216 0.332563367415833
v 0.0218832671018795 0.384741894721645 0.206132701470258
v 0.0218991761153411 0.305547016349412 0.336026983019064
v 0.0219029323670553 0.384611803573784 0.250424035388645
v 0.0219090116459225 0.311760758941257 0.412509442657315
v 0.0219224564565338 0.301617664339744 0.272922752700238
v 0.0219777982132656 0.306254173807393 0.322173567183166
v 0.0219853724742278 0.384700745999268 0.206128269127901
v 0.0219883019125938 0.384703906491928 0.204554257138027
v 0.0219941653866495 0.310550387778417 0.36677667162365
v 0.0220036300922692 0.297811169190686 0.19294696505813
v 0.0220231027608094 0.313439348336018 0.402402638492017
v 0.0220247246444571 0.308094386980586 0.332954120116227
v 0.0220322705321691 0.303835243292545 0.269863168790669
v 0.0221413024788752 0.305211699444744 0.254508395073998
v 0.022145182203906 0.295813998610015 0.128254644079564
v 0.0221489225734409 0.313150736995813 0.363984209807248
v 0.022166536035604 0.313686992232114 0.365955903660139
v 0.0221672613066382 0.384611235312978 0.143232414152592
v 0.0221834270896943 0.315798153563358 0.388200247739873
v 0.0221912772798274 0.304199168135034 0.223488871794491
v 0.0222098555939997 0.304614529343861 0.223568371587295
v 0.0222197121362791 0.384584074513481 0.125259725114001
v 0.0222274652859447 0.31677851588935 0.388539588743352
v 0.0222369178710074 0.297322983858711 0.122368710560153
v 0.0222469188864878 0.305837243921559 0.229071716891652
v 0.0222518317937399 0.307501718123131 0.252294403624307
v 0.0222629168632023 0.311257297293662 0.304692114862212
v 0.0222668950347882 0.384578510927403 0.102878463414662
v 0.0222691288386486 0.312960356376884 0.3257233329184
v 0.0222704670620143 0.313327240225373 0.33025401203275
v 0.0222746351264008 0.338514385085158 0.494241237872489
v 0.0222795819104928 0.315826143453141 0.361113175524052
v 0.0222808230975628 0.316166424082356 0.365315329274219
v 0.0222831506412856 0.303701615205361 0.192868442459759
v 0.0222849268184274 0.317291489555308 0.379208856235354
v 0.0222855458067153 0.320112298741892 0.415018927190725
v 0.0222982589033999 0.30650849791293 0.223930679322871
v 0.0223181787551243 0.318799844556718 0.389262805874237
v 0.0223528650469929 0.320373263942704 0.399750442572993
v 0.0223840483534682 0.320997489389739 0.399511133062644
v 0.0224054372919492 0.301025390157822 0.124560468269622
v 0.0224066244684204 0.32281186753209 0.416004969958106
v 0.0224191818800908 0.383151565628843 0.415674993088403
v 0.0224595583464965 0.305051873740015 0.163266095302794
v 0.0224615169594327 0.319860847133985 0.364356958998912
v 0.0224770175814044 0.317472116596678 0.328113271364169
v 0.0225028977917942 0.320134620188905 0.356488742694986
v 0.0225062491459679 0.327330984178205 0.44612717005676
v 0.0225528082228991 0.321189120039362 0.356679019246059
v 0.0225634805558438 0.303861298469366 0.117721714924295
v 0.0225893678736402 0.31391547988107 0.246094034052565
v 0.0225947064888739 0.310384453492041 0.194245294202973
v 0.0226072724045194 0.32280360915084 0.363592893456423
v 0.0226309826944498 0.305658410081086 0.12298958537536
v 0.0226655025289291 0.314060074689052 0.225374476814449
v 0.0226749186042801 0.3083715347064 0.147991198940719
v 0.0226798199532176 0.30876628581284 0.151628451858997
v 0.0227449682177721 0.315689427782657 0.225685983190783
v 0.0227542395691723 0.310817302986739 0.157634123510847
v 0.022784213342792 0.330847066188532 0.418938168732655
v 0.0228189559227658 0.329450011179453 0.393073273814158
v 0.0228247303517302 0.331676752378088 0.419240886489717
v 0.0229262529975621 0.314719316054778 0.161045206639999
v 0.0229318768449259 0.337534534485881 0.488889252324878
v 0.0229444917007621 0.326888050379188 0.32373696070692
v 0.0229900319437858 0.333450549257983 0.398806071581721
v 0.0229973153895761 0.315648433673838 0.153929228713907
v 0.0230032832089005 0.318794933500968 0.195976348375228
v 0.0230412592321267 0.314357246282999 0.123922439165364
v 0.0230630127229216 0.334373712771669 0.391667474153602
v 0.0230733823444454 0.317903516300734 0.163830607521841
v 0.0230754079139108 0.31437316842934 0.114102584557529
v 0.0230779793682132 0.31514570869523 0.12414442326029
v 0.0230833990829797 0.316773949913698 0.145309062059005
v 0.023091473209115 0.317458117334803 0.152541765646214
v 0.0231199243002004 0.318003113600334 0.152097164578176
v 0.023181674830613 0.325437834797552 0.239183097036839
v 0.0231832127320839 0.320132925499475 0.163859130600361
v 0.0232681146175074 0.336091578413603 0.359370094314966
v 0.0232697704168064 0.336989074808475 0.371443519856495
v 0.023270396808218 0.336618877484227 0.366086987699567
v 0.02327118882353 0.336150796434831 0.359314137036115
v 0.023275044753001 0.32687894957764 0.232525661534745
v 0.023275707569994 0.333480217274618 0.320672466196493
v 0.0232786355376609 0.331749788383451 0.295634203103587
v 0.0232923684183992 0.382475881193364 0.250475236519169
v 0.023326448276153 0.320277608533444 0.125587235500471
v 0.0233471494417829 0.325649800300001 0.194326278416842
v 0.02336108096728 0.382904176767889 0.103423987793727
v 0.0233759621001852 0.338752142973394 0.366471458736425
v 0.0233806599457222 0.340570219098264 0.389896740701392
v 0.0234066135049988 0.342739726320699 0.412122036392673
v 0.0234298993680558 0.330388335696955 0.236212624112865
v 0.023433881924752 0.330352490627456 0.234648140345078
v 0.0234514194753415 0.381567336662404 0.391479964253086
v 0.0234757061552776 0.329976050926961 0.218218159619252
v 0.0234787172254941 0.382410354515986 0.205101796558793
v 0.0234959721770648 0.331662183409669 0.235448705915228
v 0.0235038856633484 0.322835444759912 0.111189370897105
v 0.0235228954277899 0.345163671603582 0.413566268277498
v 0.023522905421734 0.345849105992266 0.422782556713201
v 0.0235489770943458 0.323727421950625 0.110882298672695
v 0.0235755505979297 0.346864154631309 0.422328659936253
v 0.0235860996128299 0.339472734737766 0.317885296432585
v 0.023601289733399 0.381548287160413 0.327554945415021
v 0.0236509241549961 0.334680542837729 0.234074724804003
v 0.0236596472400836 0.331876991123456 0.192827275502196
v 0.0236698217326094 0.349908612831743 0.438016399658397
v 0.0236787802869142 0.328704032708359 0.143367509280805
v 0.0236883079852309 0.335684274915572 0.237457819816646
v 0.0237380179001617 0.382371403031107 0.103603459111451
v 0.0237540546065717 0.342744811547306 0.316363661623916
v 0.0238001494596411 0.346738173083506 0.359814748781588
v 0.0238181223643737 0.351550592739706 0.420233111018983
v 0.02384074194356 0.35180103600558 0.417520711882274
v 0.0238682154228836 0.334032440205494 0.164036912731622
v 0.0238955859693856 0.340085242305127 0.239655753911521
v 0.0239254598908862 0.335207595038658 0.164052072103208
v 0.0239459560021352 0.348760395678875 0.34740924233167
v 0.023959234977389 0.354294879751027 0.419006139442462
v 0.0239863635584828 0.349526647469341 0.346852291702065
v 0.0239904164225765 0.341419824905761 0.231005721502584
v 0.0240261588317849 0.335664707271162 0.14223469928542
v 0.02402760940991 0.335382584389875 0.137919246840203
v 0.0240303779623536 0.3348441287363 0.129682836676466
v 0.0240379298747283 0.333375357601838 0.107215988348685
v 0.0240808614574934 0.354256453940633 0.385985920069285
v 0.0240876003796869 0.336556377970269 0.13696156952977
v 0.0241057155687964 0.354734815609903 0.385746724115993
v 0.0241253470233303 0.353017662940219 0.356910488080977
v 0.0241631997233333 0.337653513734309 0.13047336794466
v 0.0241995688905763 0.342757383016774 0.190209397104607
v 0.0242376574215111 0.352500275221643 0.316807386132435
v 0.0242603202998734 0.379542062501955 0.493978952572724
v 0.0242630715442765 0.3564770559973 0.366877575024652
v 0.024263963841958 0.355718632711298 0.355661229580536
v 0.0242649731378351 0.354860764859015 0.342974195368636
v 0.0242670212584745 0.353119930586147 0.317228943441618
v 0.0242691854207279 0.351280464809495 0.290025027153254
v 0.0242872713278291 0.380921386802515 0.250504292156368
v 0.0242984021326689 0.33862820991394 0.105220003450594
v 0.0243796675990494 0.360042034341539 0.383092996349974
v 0.0243872148175151 0.345855120801995 0.180024407207462
v 0.0244040158556074 0.342750717566852 0.131907703394412
v 0.0244383990140547 0.346942528174582 0.180535349669085
v 0.0244425141206887 0.358181294642838 0.340561565492379
v 0.0244541871107343 0.34187646930778 0.105499806837908
v 0.0245025623317 0.348697869929453 0.18649667246654
v 0.024532001008197 0.35359824693585 0.246411480774502
v 0.0245354447401862 0.379813518616397 0.436492617850828
v 0.0246128788884341 0.364473260869245 0.380877161096538
v 0.0246149251340544 0.371212007734869 0.489067573721377
v 0.024615079712939 0.37971569949706 0.415556153054817
v 0.0246152105701288 0.379818016356689 0.353660214994217
v 0.024620725081825 0.367412478457218 0.416617703977893
v 0.0246489931874216 0.356047066192245 0.247635978264838
v 0.0246553051038981 0.354685671132696 0.22594949467871
v 0.0246888508876144 0.361814931661515 0.32314109124789
v 0.0247107863206192 0.379598138885754 0.390394368562667
v 0.0247238270206299 0.364471682782808 0.351613268988522
v 0.0247390631016706 0.353389761856209 0.183564312586664
v 0.0247528949459742 0.355546320205516 0.209754720447585
v 0.0248002428929631 0.351176023130921 0.134800345313628
v 0.0248031497977502 0.351237510647993 0.13481709219495
v 0.0248079198340368 0.373136044654123 0.442651533192083
v 0.0248115669354889 0.38087908714421 0.142530887636291
v 0.0248149521495513 0.375192200830932 0.415478035789253
v 0.0248217725586093 0.377186398358607 0.389123363926207
v 0.024824798335216 0.365227492363734 0.333868789244287
v 0.0248295221974984 0.37945229041606 0.359178064715586
v 0.0248458521280609 0.379458102159907 0.353601029748801
v 0.024856422338835 0.355974601667018 0.185702813590881
v 0.0248690282886965 0.37898216644617 0.353536577076902
v 0.0248730578567845 0.37380740897382 0.415454211237681
v 0.0248777863621737 0.35906801551496 0.224279834778964
v 0.0249070082687578 0.372984975930136 0.415603004047341
v 0.0249242928536195 0.379486018837344 0.326811775037357
v 0.0249287388446753 0.360037265952581 0.223910955826211
v 0.0249300619333468 0.379370027920393 0.326755512680159
v 0.0249613164708187 0.37177228261881 0.386274570106681
v 0.0250124327864798 0.372824247310151 0.386824891362413
v 0.0250521040461174 0.3768035580529 0.327393276357662
v 0.0250607153909528 0.371149495958464 0.35248515145479
v 0.02506286848206 0.379535337237859 0.27948511174281
v 0.0250659624011126 0.354641076509204 0.106599345275133
v 0.025066850289271 0.364399250963361 0.246268336796119
v 0.0250688678144427 0.356853465282421 0.136346612780215
v 0.0250871201919839 0.356928973364999 0.132106145862215
v 0.0250955959247111 0.370382208697805 0.328969244351475
v 0.0251208484104074 0.372658958495033 0.357230285576112
v 0.0251359590948489 0.372679425098076 0.352685000285223
v 0.0251462429777502 0.356266367443081 0.106739336951562
v 0.0251668984118658 0.379547458009001 0.250454861481446
v 0.0251898868117417 0.362722724854732 0.191291014538262
v 0.0251949622831331 0.359311700649174 0.137013689672283
v 0.025197497436268 0.366924095754084 0.245855576462111
v 0.0252167306885033 0.372788825843684 0.328388950825551
v 0.0253269879447603 0.379566110415997 0.205780802652118
v 0.025331839304768 0.379574725545186 0.203831764363271
v 0.0253525327775387 0.37921550086379 0.203631035571244
v 0.0253526084746885 0.375813343294767 0.249185299373648
v 0.0253718230387372 0.37299889002573 0.281737260031623
v 0.0254071067582441 0.37816740731379 0.203044298441225
v 0.0254335689108575 0.362029389093239 0.106501702737863
v 0.0254478011033162 0.368998800363842 0.207868235061985
v 0.0254702680679546 0.368566356150534 0.196128549186577
v 0.0254848866421976 0.379846509659708 0.142344857561418
v 0.0254979586635514 0.372977057734289 0.248223200113338
v 0.025523345276791 0.379914805169609 0.1268940661874
v 0.0256060630463743 0.377695860767431 0.142134618432035
v 0.0256308957458602 0.37969613620643 0.104565938918366
v 0.025637027032309 0.377151609626434 0.141972302006963
v 0.0256577624888593 0.372949397953853 0.205763546193757
v 0.0256819479509258 0.372945211792669 0.199337502591538
v 0.0258110031638292 0.372922874161851 0.165047712182337
v 0.0258233110197935 0.374297281086559 0.141115097388021
v 0.0258417041988768 0.37635123043183 0.105349577290786
v 0.0258809775581747 0.372766982986876 0.140666006321873
v 0.0259486206857235 0.37340642835933 0.106024161563448
v 0.0259802617224006 0.372545794576995 0.106071676333082
f 8 7 25
f 8 533 7
f 75 25 7
f 7 526 75
f 7 533 526
f 8 26 22
f 22 533 8
f 8 25 26
f 27 22 26
f 533 22 27
f 25 103 26
f 75 83 25
f 83 93 25
f 93 103 25
f 27 26 34
f 34 26 41
f 41 26 68
f 68 26 69
f 26 103 69
f 33 27 34
f 533 27 33
f 34 584 33
f 569 533 33
f 584 569 33
f 34 41 621
f 621 584 34
f 59 41 68
f 41 59 652
f 634 621 41
f 634 41 636
f 41 652 636
f 59 68 696
f 652 59 694
f 694 59 696
f 84 68 69
f 696 68 84
f 84 69 92
f 69 134 92
f 69 103 134
f 75 507 83
f 75 526 507
f 83 226 93
f 83 129 226
f 83 395 129
f 83 507 395
f 84 92 91
f 696 84 91
f 92 106 91
f 91 106 105
f 91 105 749
f 749 696 91
f 106 92 206
f 92 134 177
f 92 177 206
f 93 227 103
f 93 226 227
f 103 214 134
f 103 398 214
f 227 398 103
f 105 106 107
f 753 105 107
f 749 105 753
f 107 106 118
f 118 106 124
f 124 106 137
f 137 106 156
f 156 106 155
f 106 201 155
f 106 202 201
f 106 206 202
f 117 107 118
f 107 117 753
f 117 118 753
f 753 118 124
f 796 124 137
f 753 124 796
f 129 208 226
f 251 208 129
f 395 251 129
f 134 214 177
f 137 156 830
f 810 796 137
f 810 137 823
f 823 137 830
f 156 155 180
f 183 180 155
f 189 183 155
f 200 189 155
f 201 200 155
f 194 166 156
f 830 156 166
f 180 194 156
f 207 182 166
f 880 166 182
f 194 207 166
f 880 830 166
f 206 177 217
f 214 387 177
f 217 177 291
f 177 411 291
f 177 387 384
f 177 384 411
f 180 183 921
f 921 194 180
f 224 182 207
f 222 182 224
f 966 182 222
f 880 182 966
f 183 189 923
f 183 923 921
f 200 862 189
f 189 862 938
f 189 938 923
f 194 956 207
f 956 194 921
f 201 206 200
f 206 217 200
f 217 291 200
f 291 411 200
f 200 411 481
f 200 481 862
f 202 206 201
f 224 207 1009
f 207 956 974
f 207 974 1009
f 208 399 226
f 208 251 399
f 214 441 387
f 214 398 441
f 222 224 225
f 225 966 222
f 1009 225 224
f 992 966 225
f 992 225 1037
f 1037 225 1009
f 226 398 227
f 226 399 398
f 251 395 399
f 387 558 384
f 411 384 439
f 384 481 439
f 384 558 481
f 441 536 387
f 387 536 548
f 387 548 558
f 395 507 399
f 399 537 398
f 534 441 398
f 398 537 534
f 399 507 526
f 399 526 537
f 439 481 411
f 534 536 441
f 481 558 675
f 481 675 685
f 862 481 685
f 526 533 569
f 526 569 537
f 577 536 534
f 537 577 534
f 625 548 536
f 577 625 536
f 569 584 537
f 537 593 577
f 584 598 537
f 537 598 593
f 672 558 548
f 625 672 548
f 672 799 558
f 799 675 558
f 593 598 577
f 598 625 577
f 584 621 598
f 598 621 628
f 598 628 625
f 628 621 634
f 628 676 625
f 625 688 672
f 625 676 688
f 628 634 636
f 628 636 676
f 676 636 652
f 652 694 676
f 688 777 672
f 777 799 672
f 799 685 675
f 676 759 688
f 694 759 676
f 799 890 685
f 685 890 862
f 759 777 688
f 694 696 749
f 694 749 759
f 749 753 767
f 749 767 759
f 753 796 767
f 767 796 759
f 759 814 777
f 796 810 759
f 810 814 759
f 777 933 799
f 814 876 777
f 777 876 841
f 841 933 777
f 933 890 799
f 810 823 814
f 814 823 830
f 814 830 874
f 814 874 876
f 874 830 880
f 841 876 933
f 862 890 938
f 874 880 876
f 880 888 876
f 876 888 936
f 876 921 923
f 921 876 935
f 876 923 933
f 935 876 936
f 888 880 966
f 936 888 966
f 933 908 890
f 890 908 938
f 908 931 938
f 908 1003 931
f 933 1003 908
f 921 935 956
f 923 934 933
f 923 938 934
f 933 951 931
f 933 931 1003
f 931 951 938
f 934 938 933
f 938 951 933
f 935 936 956
f 956 936 975
f 936 966 975
f 974 956 975
f 975 966 993
f 993 966 992
f 975 993 974
f 974 993 992
f 992 1009 974
f 992 1037 1009
f 1763 1802 1814
f 3059 1802 1763
f 3062 1763 1814
f 3059 1763 3035
f 3035 1763 3062
f 1802 1807 1814
f 3100 1807 1802
f 3100 1802 3059
f 1896 1814 1807
f 1896 1807 3104
f 3104 1807 3100
f 1859 1823 1814
f 3068 1814 1823
f 1896 1859 1814
f 3068 3062 1814
f 1850 1823 1859
f 1823 1850 3068
f 1859 3129 1850
f 3068 1850 3094
f 1850 3129 3094
f 1859 1896 3133
f 1859 3133 3129
f 1896 3104 3136
f 3133 1896 3148
f 1896 3136 3148
f 3059 3035 3062
f 3062 3100 3059
f 3068 3104 3062
f 3104 3100 3062
f 3094 3104 3068
f 3104 3094 3133
f 3094 3129 3133
f 3104 3133 3138
f 3136 3104 3138
f 3138 3133 3148
f 3136 3138 3148
f 523 581 531
f 1813 523 531
f 523 543 540
f 523 540 581
f 1813 543 523
f 547 531 571
f 531 547 1854
f 531 581 571
f 1840 1813 531
f 1840 531 1854
f 540 543 671
f 540 671 581
f 543 620 544
f 544 671 543
f 543 1836 620
f 1836 543 1813
f 544 620 671
f 547 562 555
f 555 1886 547
f 547 571 562
f 1854 547 1886
f 1947 555 562
f 555 1910 1886
f 1932 1910 555
f 1947 1932 555
f 1947 562 571
f 571 581 590
f 590 1947 571
f 590 581 617
f 617 581 671
f 1985 590 617
f 1966 1947 590
f 1985 1966 590
f 627 617 671
f 1993 617 627
f 1993 1985 617
f 671 620 689
f 620 872 689
f 1836 872 620
f 669 627 671
f 627 669 700
f 627 700 2070
f 2014 1993 627
f 2070 2014 627
f 671 708 669
f 700 669 706
f 669 708 706
f 671 689 807
f 671 731 708
f 671 807 731
f 689 872 807
f 706 2109 700
f 2070 700 2109
f 706 708 711
f 706 711 2109
f 708 743 711
f 708 731 745
f 708 745 743
f 711 743 732
f 711 732 2109
f 745 731 813
f 731 807 913
f 813 731 826
f 731 867 826
f 731 913 867
f 732 743 750
f 732 750 762
f 732 762 2228
f 732 2158 2109
f 732 2228 2158
f 743 745 750
f 750 745 762
f 762 745 779
f 779 745 793
f 793 745 801
f 745 813 801
f 780 762 779
f 762 780 2250
f 2228 762 2233
f 2233 762 2250
f 779 2279 780
f 779 793 2270
f 2270 2273 779
f 2273 2279 779
f 2250 780 2279
f 813 793 801
f 793 813 867
f 793 867 1027
f 793 1027 1101
f 2275 793 1101
f 2270 793 2275
f 807 872 1103
f 807 1103 913
f 813 826 867
f 867 913 1040
f 1027 867 1040
f 1103 872 991
f 1113 991 872
f 1836 1113 872
f 913 1387 1040
f 1103 1507 913
f 913 1507 1387
f 991 1026 1103
f 1026 991 1113
f 1026 1597 1103
f 1026 1113 1597
f 1027 1040 1094
f 1101 1027 1094
f 1040 1387 1094
f 1101 1094 1373
f 1094 1387 1373
f 1101 1373 1424
f 1424 2296 1101
f 2288 2275 1101
f 2291 2288 1101
f 2296 2291 1101
f 1103 1597 1507
f 1203 1597 1113
f 1113 1836 1203
f 1427 1477 1203
f 1836 1427 1203
f 1203 1477 1597
f 1373 1387 1403
f 1424 1373 1403
f 1387 1554 1403
f 1507 1904 1387
f 1387 1978 1554
f 1387 1904 1978
f 1403 1554 1424
f 1424 1554 2296
f 1427 1474 1477
f 1474 1427 1485
f 1485 1427 1836
f 1485 1477 1474
f 1485 1790 1477
f 1930 1597 1477
f 1790 1930 1477
f 1790 1485 1836
f 1597 1879 1507
f 1507 1879 1904
f 1554 1978 2296
f 1930 1879 1597
f 1818 1790 1836
f 1818 1930 1790
f 1813 1872 1836
f 1840 1872 1813
f 1842 1818 1836
f 1842 1872 1818
f 1818 1872 1930
f 1836 1872 1842
f 1840 1854 1872
f 1854 1880 1872
f 1880 1854 1886
f 1880 1954 1872
f 1872 1954 1930
f 1930 1904 1879
f 1880 1886 1954
f 1886 1910 1954
f 1930 2137 1904
f 2165 1978 1904
f 2137 2251 1904
f 2251 2165 1904
f 1910 1932 1947
f 1910 1947 1966
f 1910 1966 1954
f 1954 2024 1930
f 2024 2069 1930
f 2069 2137 1930
f 1966 1985 1954
f 1985 2024 1954
f 2296 1978 2165
f 1985 1993 2024
f 1993 2014 2024
f 2014 2049 2024
f 2070 2049 2014
f 2024 2049 2065
f 2024 2065 2069
f 2070 2065 2049
f 2065 2070 2069
f 2070 2128 2069
f 2128 2160 2069
f 2069 2277 2137
f 2160 2277 2069
f 2070 2109 2128
f 2109 2158 2128
f 2128 2158 2160
f 2277 2251 2137
f 2160 2158 2233
f 2158 2228 2233
f 2233 2250 2160
f 2250 2271 2160
f 2160 2273 2270
f 2270 2275 2160
f 2160 2271 2273
f 2275 2277 2160
f 2251 2296 2165
f 2250 2279 2271
f 2277 2283 2251
f 2283 2296 2251
f 2271 2279 2273
f 2275 2276 2277
f 2288 2276 2275
f 2276 2288 2277
f 2277 2300 2283
f 2288 2291 2277
f 2291 2296 2277
f 2296 2300 2277
f 2300 2296 2283
f 366 368 369
f 1381 368 366
f 369 1381 366
f 368 410 369
f 381 397 368
f 381 368 1381
f 368 397 410
f 369 410 380
f 369 380 1381
f 388 380 410
f 388 1440 380
f 1381 380 1440
f 397 381 1454
f 381 1381 1436
f 1454 381 1436
f 391 388 409
f 1481 388 391
f 409 388 410
f 388 1457 1440
f 1481 1457 388
f 442 391 409
f 442 1562 391
f 1481 391 1562
f 410 397 1494
f 397 1454 1480
f 397 1480 1494
f 409 410 412
f 423 409 412
f 422 409 423
f 437 409 422
f 437 442 409
f 1494 412 410
f 435 423 412
f 453 435 412
f 453 412 1605
f 1605 412 1494
f 422 423 435
f 437 422 435
f 437 435 454
f 435 453 454
f 442 437 454
f 442 454 1621
f 1566 1562 442
f 1566 442 1603
f 1603 442 1621
f 454 453 458
f 459 458 453
f 467 459 453
f 467 453 1605
f 458 457 454
f 1621 454 457
f 457 458 1694
f 1621 457 1694
f 459 1697 458
f 1695 1694 458
f 1695 458 1697
f 467 1682 459
f 1682 1697 459
f 1607 467 1605
f 467 1607 1699
f 1699 1682 467
f 1381 1419 1418
f 1429 1381 1418
f 1426 1419 1381
f 1381 1440 1426
f 1436 1381 1429
f 1419 1426 1418
f 1426 1429 1418
f 1429 1426 1454
f 1426 1440 1454
f 1429 1454 1436
f 1457 1445 1440
f 1445 1458 1440
f 1440 1458 1454
f 1457 1451 1445
f 1451 1458 1445
f 1451 1457 1458
f 1458 1480 1454
f 1457 1512 1458
f 1481 1512 1457
f 1458 1513 1480
f 1458 1512 1513
f 1480 1513 1494
f 1505 1512 1481
f 1505 1481 1562
f 1513 1568 1494
f 1568 1605 1494
f 1505 1511 1512
f 1511 1505 1562
f 1511 1591 1512
f 1511 1562 1591
f 1513 1512 1568
f 1512 1591 1568
f 1562 1566 1591
f 1566 1603 1591
f 1568 1591 1605
f 1591 1603 1694
f 1605 1591 1607
f 1591 1682 1607
f 1591 1697 1682
f 1695 1591 1694
f 1591 1695 1697
f 1694 1603 1621
f 1607 1682 1699
f 2063 1994 2034
f 2034 1994 3264
f 3268 1994 2063
f 3264 1994 3251
f 3251 1994 3268
f 2063 2034 2059
f 2059 2034 3264
f 2103 2063 2059
f 2103 2059 2071
f 2059 3326 2071
f 3270 2059 3264
f 3326 2059 3270
f 2102 2063 2097
f 2097 2063 2103
f 2107 2063 2102
f 2730 2063 2107
f 2730 3317 2063
f 3285 3268 2063
f 3311 3285 2063
f 3317 3311 2063
f 2155 2103 2071
f 2173 2155 2071
f 2173 2071 3338
f 2071 3326 3338
f 2102 2097 2155
f 2155 2097 2103
f 2107 2102 2183
f 2102 2155 2183
f 2124 2107 2183
f 2730 2107 2124
f 2163 2129 2124
f 2730 2124 2129
f 2163 2124 2183
f 2129 2163 3346
f 2730 2129 3346
f 2183 2155 2173
f 2163 2183 2189
f 3346 2163 2189
f 2183 2173 2227
f 2204 2188 2173
f 2227 2173 2188
f 2204 2173 3338
f 2189 2183 2227
f 2204 2259 2188
f 2188 2259 2227
f 2221 2189 2227
f 2189 2221 2229
f 3346 2189 2229
f 2259 2204 3378
f 3361 2204 3338
f 3361 3378 2204
f 2221 2227 2360
f 2229 2221 2346
f 2360 2346 2221
f 2259 2304 2227
f 2227 2304 2460
f 2360 2227 2460
f 2346 2269 2229
f 3383 2229 2269
f 3358 3346 2229
f 3358 2229 3383
f 2304 2259 3444
f 2259 3378 3397
f 2259 3397 3416
f 2259 3416 3436
f 2259 3436 3444
f 2269 2346 3430
f 3409 3383 2269
f 3409 2269 3425
f 3425 2269 3430
f 2304 2347 2460
f 2347 2304 3465
f 3465 2304 3444
f 2346 2360 3449
f 3430 2346 3442
f 3442 2346 3449
f 2347 2375 2449
f 2375 2347 3465
f 2347 2449 2460
f 2368 2360 2460
f 3449 2360 2368
f 2422 2368 2460
f 2368 2422 3488
f 3449 2368 3481
f 2368 3488 3481
f 2517 2449 2375
f 3521 2517 2375
f 2375 3465 3470
f 2375 3470 3490
f 2375 3490 3521
f 2457 2422 2495
f 3488 2422 2457
f 2422 2460 2495
f 2460 2449 2599
f 2449 2517 2599
f 2457 2495 3525
f 3518 3488 2457
f 3518 2457 3528
f 2457 3525 3533
f 3528 2457 3540
f 2457 3533 3540
f 2495 2460 2557
f 2557 2460 2598
f 2460 2603 2598
f 2460 2599 2603
f 2495 2557 3472
f 2495 3472 3525
f 2517 2553 2599
f 2553 2517 2691
f 2691 2517 3131
f 3131 2517 3511
f 2517 3521 3511
f 2553 2595 2599
f 2595 2553 2691
f 3335 2557 2598
f 3418 2557 3335
f 3472 2557 3418
f 2599 2595 2691
f 2603 3335 2598
f 2603 2599 2907
f 2599 2691 2898
f 2599 2898 2907
f 2609 2603 2907
f 2609 3335 2603
f 2609 2907 2917
f 3072 2609 2917
f 3072 3335 2609
f 2898 2691 3131
f 3329 3317 2730
f 2730 3337 3329
f 2730 3345 3337
f 2730 3346 3345
f 2907 2898 3131
f 2917 2907 3072
f 3072 2907 3335
f 2907 3131 3322
f 2907 3322 3331
f 2907 3331 3335
f 3131 3437 3322
f 3131 3511 3437
f 3251 3268 3264
f 3268 3270 3264
f 3268 3285 3270
f 3270 3285 3280
f 3280 3326 3270
f 3285 3311 3280
f 3280 3311 3315
f 3280 3315 3318
f 3280 3318 3326
f 3311 3317 3315
f 3315 3317 3318
f 3318 3317 3329
f 3326 3318 3359
f 3329 3337 3318
f 3318 3337 3359
f 3437 3331 3322
f 3338 3326 3327
f 3327 3326 3359
f 3327 3359 3338
f 3418 3335 3331
f 3418 3331 3516
f 3509 3331 3437
f 3516 3331 3509
f 3337 3345 3359
f 3338 3359 3361
f 3345 3346 3358
f 3345 3358 3359
f 3358 3409 3359
f 3358 3383 3409
f 3361 3359 3397
f 3359 3417 3397
f 3359 3409 3417
f 3378 3361 3397
f 3397 3417 3416
f 3417 3409 3425
f 3417 3436 3416
f 3425 3471 3417
f 3417 3444 3436
f 3444 3417 3465
f 3417 3471 3465
f 3472 3418 3516
f 3425 3430 3442
f 3425 3442 3471
f 3437 3511 3509
f 3442 3449 3471
f 3449 3481 3471
f 3465 3471 3470
f 3471 3490 3470
f 3471 3481 3488
f 3471 3488 3534
f 3471 3534 3490
f 3525 3472 3516
f 3488 3518 3534
f 3521 3490 3529
f 3490 3534 3529
f 3511 3516 3509
f 3514 3511 3521
f 3514 3534 3511
f 3534 3516 3511
f 3529 3514 3521
f 3534 3514 3529
f 3516 3533 3525
f 3534 3533 3516
f 3518 3528 3540
f 3518 3540 3534
f 3540 3533 3534
f 180 183 228
f 180 921 183
f 194 180 228
f 194 921 180
f 183 189 228
f 923 189 183
f 183 921 923
f 189 200 228
f 200 189 862
f 862 189 938
f 189 923 938
f 207 194 228
f 207 956 194
f 921 194 956
f 200 206 201
f 200 201 228
f 200 217 206
f 200 291 217
f 411 291 200
f 411 200 481
f 200 862 481
f 201 206 202
f 202 228 201
f 202 206 228
f 206 217 228
f 224 207 228
f 224 1009 207
f 207 974 956
f 1009 974 207
f 228 217 291
f 225 224 229
f 225 1009 224
f 224 228 229
f 236 225 229
f 246 225 236
f 1037 225 246
f 1037 1009 225
f 229 228 236
f 228 248 236
f 228 306 248
f 228 291 306
f 236 249 246
f 236 248 249
f 246 249 1114
f 1037 246 1114
f 249 248 267
f 267 248 276
f 276 248 283
f 248 376 283
f 248 306 376
f 1114 249 267
f 267 276 285
f 267 285 289
f 267 289 1151
f 1117 1114 267
f 1117 267 1151
f 276 283 282
f 276 282 285
f 282 283 285
f 283 308 285
f 308 283 321
f 283 327 321
f 327 283 330
f 330 283 352
f 283 353 352
f 353 283 358
f 358 283 359
f 283 386 359
f 283 376 440
f 283 440 386
f 289 285 303
f 303 285 308
f 289 303 1198
f 1151 289 1189
f 289 1198 1189
f 291 456 306
f 411 456 291
f 308 1221 303
f 1198 303 1219
f 303 1221 1219
f 306 456 376
f 308 321 324
f 324 1262 308
f 1262 1221 308
f 1276 324 321
f 327 1276 321
f 324 1286 1262
f 1276 1280 324
f 1280 1286 324
f 330 1281 327
f 1281 1276 327
f 330 352 1284
f 1284 1281 330
f 352 353 354
f 352 354 1284
f 353 356 354
f 353 358 356
f 354 356 1284
f 1297 356 358
f 356 1297 1284
f 359 1258 358
f 1258 1296 358
f 358 1296 1297
f 386 1238 359
f 359 1238 1258
f 376 521 440
f 456 623 376
f 376 556 521
f 376 623 556
f 386 440 1082
f 1238 386 1082
f 411 439 456
f 411 481 439
f 439 481 456
f 521 896 440
f 440 896 1011
f 1082 440 1011
f 456 481 677
f 456 677 623
f 481 675 677
f 481 685 675
f 481 862 685
f 521 556 611
f 611 896 521
f 556 959 611
f 623 892 556
f 556 892 959
f 611 959 896
f 677 845 623
f 623 845 892
f 685 677 675
f 685 895 677
f 895 845 677
f 685 862 895
f 1086 892 845
f 895 1086 845
f 890 895 862
f 862 938 890
f 908 895 890
f 890 938 908
f 1107 959 892
f 1086 1107 892
f 908 1028 895
f 1028 1086 895
f 896 959 1011
f 908 938 931
f 908 931 1003
f 1003 1028 908
f 923 921 935
f 921 956 935
f 923 935 934
f 934 938 923
f 931 951 929
f 931 929 1028
f 951 975 929
f 929 975 974
f 974 1046 929
f 1047 1028 929
f 1046 1047 929
f 931 938 951
f 1003 931 1028
f 935 956 934
f 938 934 951
f 934 956 951
f 951 956 975
f 974 975 956
f 1082 1011 959
f 1238 1082 959
f 1107 1238 959
f 974 1009 1046
f 1009 1037 1046
f 1047 1086 1028
f 1046 1037 1110
f 1110 1037 1114
f 1047 1046 1049
f 1110 1049 1046
f 1049 1086 1047
f 1049 1110 1086
f 1086 1213 1107
f 1110 1192 1086
f 1086 1192 1213
f 1213 1238 1107
f 1110 1114 1117
f 1110 1117 1192
f 1117 1151 1192
f 1151 1189 1192
f 1189 1219 1192
f 1189 1198 1219
f 1192 1279 1213
f 1219 1221 1192
f 1221 1262 1192
f 1262 1286 1192
f 1192 1276 1279
f 1192 1280 1276
f 1286 1280 1192
f 1213 1258 1238
f 1213 1296 1258
f 1279 1281 1213
f 1281 1284 1213
f 1284 1297 1213
f 1297 1296 1213
f 1281 1279 1276
f 215 190 186
f 190 973 186
f 197 210 186
f 197 186 973
f 210 215 186
f 215 192 190
f 190 192 705
f 705 1001 190
f 1001 973 190
f 212 191 192
f 191 1008 192
f 191 212 1010
f 1010 1008 191
f 212 192 213
f 213 192 215
f 1015 705 192
f 1008 1015 192
f 210 197 1038
f 197 973 997
f 197 997 1038
f 1088 215 210
f 1088 210 1038
f 212 213 257
f 212 257 1105
f 1010 212 1012
f 1012 212 1105
f 213 215 233
f 234 213 233
f 213 234 241
f 257 213 241
f 1088 233 215
f 234 233 240
f 1088 240 233
f 241 234 240
f 240 256 241
f 240 1145 256
f 1088 1145 240
f 241 256 257
f 261 257 256
f 261 256 260
f 260 256 262
f 1145 262 256
f 268 257 261
f 266 257 268
f 1105 257 266
f 260 1144 261
f 262 1132 260
f 1132 1144 260
f 261 1144 268
f 262 1145 1132
f 266 268 275
f 269 266 274
f 269 1105 266
f 274 266 275
f 280 275 268
f 280 268 1144
f 274 295 269
f 295 1175 269
f 1150 1105 269
f 1150 269 1169
f 1169 269 1175
f 274 275 280
f 295 274 280
f 295 280 1217
f 280 1144 1168
f 280 1168 1177
f 280 1177 1209
f 280 1209 1217
f 295 1211 1175
f 1223 1211 295
f 1228 295 1217
f 1236 1223 295
f 295 1228 1236
f 1004 1001 705
f 1015 1004 705
f 1001 997 973
f 1004 997 1001
f 1004 1044 997
f 997 1044 1038
f 1004 1015 1044
f 1012 1008 1010
f 1012 1025 1008
f 1008 1025 1015
f 1025 1012 1105
f 1025 1044 1015
f 1044 1025 1060
f 1025 1064 1060
f 1025 1105 1064
f 1044 1080 1038
f 1080 1088 1038
f 1060 1080 1044
f 1060 1064 1080
f 1064 1105 1080
f 1088 1080 1144
f 1105 1150 1080
f 1144 1080 1150
f 1132 1088 1144
f 1145 1088 1132
f 1144 1150 1168
f 1168 1150 1169
f 1168 1169 1177
f 1173 1169 1175
f 1169 1173 1177
f 1173 1175 1211
f 1177 1173 1209
f 1209 1173 1211
f 1209 1211 1217
f 1211 1228 1217
f 1211 1223 1228
f 1223 1236 1228
f 555 562 571
f 562 555 1947
f 555 571 570
f 570 1932 555
f 1932 1947 555
f 1947 571 562
f 570 571 590
f 597 583 570
f 570 583 1932
f 597 570 590
f 590 571 1947
f 583 597 1959
f 583 1959 1932
f 669 597 590
f 617 627 590
f 617 590 1985
f 627 669 590
f 1966 590 1947
f 1966 1985 590
f 668 618 597
f 1959 597 618
f 668 597 669
f 1993 627 617
f 617 1985 1993
f 668 649 618
f 1991 618 649
f 1991 1959 618
f 700 669 627
f 700 627 2070
f 1993 2014 627
f 2014 2070 627
f 649 668 703
f 2104 649 703
f 1999 1991 649
f 1999 649 2000
f 2000 649 2104
f 668 669 703
f 669 700 703
f 700 706 703
f 700 2109 706
f 2109 700 2070
f 703 706 709
f 2104 703 709
f 709 706 712
f 712 706 711
f 2109 711 706
f 712 2140 709
f 2119 2104 709
f 2119 709 2140
f 711 732 712
f 732 711 2109
f 732 2140 712
f 732 2109 2158
f 732 2154 2140
f 2228 2154 732
f 732 2158 2228
f 1947 1932 1966
f 1932 1959 1977
f 1932 1977 1966
f 1984 1977 1959
f 1984 1959 1991
f 1966 1977 1985
f 1984 1997 1977
f 1977 1997 1985
f 1991 1997 1984
f 1985 2014 1993
f 1997 2014 1985
f 1999 1997 1991
f 1999 2000 1997
f 1997 2000 2061
f 2014 1997 2049
f 1997 2061 2049
f 2061 2000 2058
f 2058 2000 2104
f 2014 2049 2070
f 2049 2061 2065
f 2049 2065 2070
f 2058 2064 2061
f 2064 2058 2104
f 2061 2064 2119
f 2061 2109 2065
f 2109 2061 2128
f 2061 2119 2140
f 2061 2142 2128
f 2061 2140 2142
f 2119 2064 2104
f 2070 2065 2109
f 2158 2109 2128
f 2142 2154 2128
f 2128 2154 2158
f 2154 2142 2140
f 2154 2228 2158
f 2190 2180 2192
f 2190 2549 2180
f 2180 3382 2192
f 2549 3382 2180
f 2190 2192 2236
f 2231 2190 2236
f 2325 2190 2231
f 2549 2190 2325
f 2192 2197 2230
f 2192 3382 2197
f 2192 2230 2236
f 2230 2197 3401
f 2197 3382 3386
f 3386 3401 2197
f 2236 2230 2255
f 3401 2255 2230
f 2231 2236 2235
f 2237 2231 2235
f 2325 2231 2237
f 2235 2236 2237
f 2237 2236 2514
f 2236 2255 2514
f 2443 2325 2237
f 2443 2237 2514
f 2514 2255 2263
f 3401 2263 2255
f 2514 2263 2335
f 2335 2263 3401
f 2362 2344 2325
f 2549 2325 2344
f 2443 2362 2325
f 2514 2335 2401
f 3476 2401 2335
f 3405 2335 3401
f 3419 2335 3405
f 3457 2335 3419
f 3463 2335 3457
f 3476 2335 3463
f 2549 2344 2362
f 2443 3524 2362
f 2549 2362 3524
f 2401 2450 2511
f 3495 2450 2401
f 2401 2511 2514
f 3495 2401 3476
f 2443 2514 2489
f 3552 2443 2489
f 3536 3524 2443
f 3536 2443 3552
f 3542 2511 2450
f 3495 3542 2450
f 2489 2514 2515
f 2535 2489 2515
f 2535 2622 2489
f 2622 2706 2489
f 2706 3551 2489
f 3552 2489 3551
f 2514 2511 2520
f 3498 2520 2511
f 3539 3498 2511
f 3542 3539 2511
f 2515 2514 2535
f 2514 2520 2618
f 2514 2619 2535
f 2514 2618 2619
f 3350 2618 2520
f 3498 3350 2520
f 2535 2619 2622
f 2549 3404 3382
f 2549 3431 3404
f 2549 3434 3431
f 3458 3434 2549
f 3473 3458 2549
f 2549 3479 3473
f 2549 3517 3479
f 2549 3524 3517
f 2619 2618 2680
f 2618 3350 2680
f 2868 2622 2619
f 2619 2680 2931
f 2868 2619 2931
f 2868 2706 2622
f 2931 2680 2878
f 2680 3031 2878
f 3350 3031 2680
f 2868 3036 2706
f 3036 3360 2706
f 3360 3421 2706
f 3421 3443 2706
f 2706 3443 3551
f 2868 2931 2934
f 2934 3036 2868
f 2931 2878 2926
f 2878 2998 2926
f 2998 2878 3031
f 2931 2926 2998
f 2934 2931 3036
f 2931 2998 3031
f 2931 3031 3354
f 3036 2931 3360
f 2931 3354 3360
f 3354 3031 3350
f 3541 3354 3350
f 3498 3541 3350
f 3421 3360 3354
f 3421 3354 3543
f 3543 3354 3541
f 3382 3401 3386
f 3382 3404 3401
f 3401 3404 3405
f 3405 3404 3419
f 3419 3404 3431
f 3419 3431 3457
f 3443 3421 3543
f 3431 3434 3457
f 3434 3458 3457
f 3443 3543 3551
f 3457 3458 3479
f 3457 3479 3463
f 3479 3458 3473
f 3476 3463 3520
f 3463 3479 3517
f 3463 3517 3520
f 3495 3476 3520
f 3496 3495 3520
f 3495 3496 3542
f 3496 3520 3519
f 3542 3496 3519
f 3541 3498 3539
f 3517 3524 3520
f 3520 3527 3519
f 3542 3519 3527
f 3524 3536 3520
f 3527 3520 3550
f 3520 3536 3552
f 3520 3552 3550
f 3544 3542 3527
f 3544 3527 3548
f 3527 3550 3548
f 3544 3541 3539
f 3542 3544 3539
f 3541 3549 3543
f 3544 3548 3541
f 3548 3549 3541
f 3543 3549 3551
f 3550 3549 3548
f 3550 3551 3549
f 3550 3552 3551
f 1039 1068 1072
f 1039 2499 1068
f 1072 2499 1039
f 1072 1068 1079
f 1079 1068 1081
f 1068 1087 1081
f 1068 1108 1087
f 2544 1108 1068
f 1068 2499 2500
f 1068 2500 2544
f 1079 1089 1072
f 1089 1122 1072
f 1122 2554 1072
f 1072 2501 2499
f 1072 2554 2501
f 1089 1079 1081
f 1089 1081 1087
f 1122 1089 1087
f 1121 1087 1108
f 1122 1087 1121
f 1108 2551 1121
f 2551 1108 2544
f 1122 1121 1135
f 1135 1121 1131
f 1131 1121 1137
f 1121 2551 1137
f 1135 1155 1122
f 1122 1155 2554
f 1135 1131 1161
f 1131 1137 1161
f 1135 1161 1155
f 1137 1162 1161
f 1178 1162 1137
f 1178 1137 2591
f 2551 2570 1137
f 1137 2570 2591
f 1161 1181 1155
f 1181 2592 1155
f 2554 1155 2580
f 1155 2592 2580
f 1161 1162 1181
f 1234 1162 1178
f 1162 1291 1181
f 1259 1162 1234
f 1259 1291 1162
f 1178 1179 1196
f 2607 1179 1178
f 1234 1178 1196
f 2605 1178 2591
f 2605 2613 1178
f 2613 2607 1178
f 1196 1179 2607
f 1291 1229 1181
f 2635 1181 1229
f 1181 2625 2592
f 2631 2625 1181
f 2635 2631 1181
f 1234 1196 2634
f 2617 1196 2607
f 2634 1196 2617
f 1260 1253 1229
f 1229 1253 2652
f 1260 1229 1291
f 2646 2635 1229
f 2652 2646 1229
f 1234 2647 1259
f 1234 2634 2637
f 2637 2647 1234
f 1260 2684 1253
f 2652 1253 2670
f 2670 1253 2684
f 1291 1259 2679
f 1259 2647 2661
f 1259 2661 2674
f 1259 2674 2679
f 1260 1291 1336
f 1260 1336 1337
f 1260 1337 2684
f 1336 1291 2679
f 1336 1344 1337
f 1344 1336 2679
f 1337 1465 1343
f 1337 1343 2684
f 1344 1380 1337
f 1467 1337 1380
f 1465 1337 1467
f 1376 1343 1465
f 1343 1376 2704
f 1343 2704 2684
f 1380 1344 2696
f 2696 1344 2679
f 1465 2740 1376
f 1376 2707 2704
f 2740 2707 1376
f 2743 1467 1380
f 1380 2696 2702
f 1380 2702 2743
f 1467 2768 1465
f 2776 2740 1465
f 1465 2768 2776
f 1467 2743 2768
f 2499 2501 2500
f 2501 2508 2500
f 2500 2508 2510
f 2544 2500 2510
f 2501 2554 2508
f 2508 2527 2510
f 2508 2554 2527
f 2510 2527 2528
f 2544 2510 2528
f 2527 2544 2528
f 2527 2554 2544
f 2544 2546 2551
f 2544 2564 2546
f 2544 2554 2564
f 2570 2551 2546
f 2546 2564 2580
f 2570 2546 2580
f 2554 2580 2564
f 2570 2580 2625
f 2570 2588 2591
f 2570 2625 2588
f 2625 2580 2592
f 2591 2588 2624
f 2588 2631 2624
f 2588 2625 2631
f 2605 2591 2624
f 2605 2624 2613
f 2607 2613 2617
f 2613 2624 2617
f 2624 2637 2617
f 2617 2637 2634
f 2631 2635 2624
f 2635 2660 2624
f 2624 2647 2637
f 2647 2624 2661
f 2624 2660 2661
f 2635 2646 2660
f 2646 2652 2660
f 2652 2670 2660
f 2660 2674 2661
f 2660 2670 2679
f 2679 2674 2660
f 2679 2670 2696
f 2670 2684 2683
f 2670 2683 2697
f 2670 2697 2696
f 2683 2684 2704
f 2697 2683 2702
f 2683 2704 2702
f 2702 2696 2697
f 2702 2704 2707
f 2752 2702 2707
f 2752 2743 2702
f 2740 2731 2707
f 2752 2707 2731
f 2731 2740 2762
f 2752 2731 2769
f 2731 2762 2769
f 2776 2762 2740
f 2752 2768 2743
f 2769 2768 2752
f 2769 2762 2774
f 2762 2781 2774
f 2776 2781 2762
f 2768 2769 2774
f 2774 2781 2768
f 2768 2781 2776
f 9 3 2
f 24 2 3
f 247 9 2
f 24 10 2
f 10 247 2
f 16 3 9
f 15 3 16
f 15 589 3
f 589 24 3
f 587 16 9
f 9 247 328
f 9 328 497
f 9 497 528
f 9 528 567
f 578 9 567
f 587 9 578
f 24 58 10
f 10 58 72
f 72 74 10
f 74 247 10
f 15 16 18
f 15 18 19
f 595 15 19
f 595 589 15
f 18 16 587
f 28 19 18
f 28 18 587
f 29 19 28
f 595 19 29
f 58 24 589
f 29 28 35
f 587 35 28
f 29 35 36
f 36 595 29
f 36 35 44
f 44 35 638
f 587 638 35
f 45 36 44
f 36 45 642
f 642 595 36
f 67 45 44
f 60 67 44
f 60 44 638
f 66 54 45
f 646 45 54
f 66 45 67
f 642 45 646
f 54 66 80
f 54 80 89
f 54 89 684
f 655 646 54
f 655 54 684
f 58 483 72
f 529 483 58
f 564 529 58
f 582 564 58
f 589 582 58
f 82 67 60
f 90 82 60
f 60 690 90
f 647 60 638
f 690 60 647
f 82 66 67
f 80 66 82
f 74 72 133
f 72 373 133
f 483 373 72
f 74 133 120
f 74 120 247
f 80 82 90
f 80 90 89
f 89 90 104
f 89 101 102
f 89 104 101
f 684 89 102
f 104 90 115
f 90 690 115
f 102 101 108
f 101 104 108
f 102 108 109
f 102 109 125
f 127 102 125
f 734 102 127
f 707 684 102
f 707 102 734
f 108 104 115
f 109 108 122
f 122 108 115
f 109 122 125
f 748 122 115
f 115 690 692
f 115 692 719
f 115 719 727
f 727 748 115
f 120 133 185
f 120 185 187
f 120 187 247
f 122 148 125
f 148 122 132
f 122 748 132
f 125 142 127
f 125 148 142
f 127 142 822
f 734 127 747
f 127 782 747
f 127 805 782
f 127 822 805
f 147 148 132
f 147 132 816
f 748 784 132
f 132 784 792
f 792 816 132
f 133 314 185
f 133 373 314
f 142 148 838
f 822 142 838
f 147 859 148
f 848 147 816
f 147 848 853
f 147 853 856
f 147 856 857
f 147 857 858
f 147 858 859
f 838 148 865
f 148 859 865
f 187 185 247
f 185 314 247
f 314 328 247
f 328 314 373
f 328 373 377
f 497 328 377
f 373 497 377
f 373 483 497
f 497 483 528
f 528 483 529
f 529 567 528
f 529 564 567
f 567 564 578
f 578 564 582
f 578 582 587
f 582 589 587
f 587 589 595
f 638 587 595
f 638 595 642
f 638 642 641
f 641 647 638
f 642 646 641
f 641 646 647
f 647 646 655
f 655 723 647
f 647 723 690
f 655 684 707
f 655 707 723
f 690 723 692
f 692 723 719
f 707 734 723
f 723 727 719
f 723 784 727
f 734 747 723
f 747 786 723
f 723 786 784
f 748 727 784
f 747 782 786
f 782 805 786
f 786 792 784
f 786 816 792
f 786 805 854
f 786 848 816
f 786 854 848
f 838 805 822
f 851 805 838
f 854 805 851
f 851 838 865
f 853 848 856
f 848 854 856
f 851 859 854
f 851 865 859
f 854 857 856
f 854 858 857
f 859 858 854
f 1149 1157 1156
f 1149 1156 1183
f 1149 1218 1157
f 2623 1149 1183
f 1149 1225 1218
f 2623 1225 1149
f 1218 1156 1157
f 1218 1183 1156
f 1218 1194 1183
f 1194 2633 1183
f 2623 1183 2629
f 2629 1183 2633
f 1202 1194 1218
f 1194 1202 2655
f 2649 2633 1194
f 2649 1194 2655
f 1321 1202 1218
f 1233 1202 1322
f 2655 1202 1233
f 1322 1202 1321
f 1342 1218 1225
f 1345 1321 1218
f 1342 1345 1218
f 1292 1225 1245
f 1245 1225 2645
f 1342 1225 1292
f 2645 1225 2623
f 1267 1233 1322
f 1233 1267 2693
f 2655 1233 2659
f 2659 1233 2668
f 1233 2693 2668
f 1292 1245 2687
f 1245 2645 2648
f 1245 2648 2656
f 1245 2656 2667
f 1245 2667 2687
f 1267 1322 2711
f 1267 2709 2693
f 1267 2711 2709
f 1342 1292 2719
f 1292 2687 2699
f 1292 2699 2719
f 2724 1322 1321
f 1321 1345 2722
f 2724 1321 2722
f 2711 1322 2715
f 2715 1322 2725
f 2725 1322 2724
f 1345 1342 1383
f 1342 1390 1383
f 1390 1342 2741
f 2719 2732 1342
f 2741 1342 2732
f 2722 1345 1383
f 2733 1383 1390
f 2722 1383 2733
f 2741 2733 1390
f 2629 2651 2623
f 2623 2644 2645
f 2623 2651 2644
f 2629 2633 2651
f 2633 2649 2651
f 2644 2651 2645
f 2645 2651 2648
f 2651 2656 2648
f 2649 2655 2651
f 2655 2659 2651
f 2651 2687 2656
f 2659 2694 2651
f 2651 2694 2687
f 2656 2687 2667
f 2659 2668 2693
f 2659 2693 2694
f 2694 2699 2687
f 2693 2709 2694
f 2694 2733 2699
f 2709 2715 2694
f 2694 2715 2725
f 2694 2724 2722
f 2694 2722 2733
f 2694 2725 2724
f 2719 2699 2736
f 2699 2733 2736
f 2709 2711 2715
f 2719 2736 2732
f 2732 2736 2741
f 2736 2733 2741
f 1735 1727 1753
f 1727 1735 3018
f 1753 1727 3018
f 1729 1733 1861
f 1733 1729 3026
f 1788 1729 1861
f 1729 1788 3026
f 1733 1735 1820
f 1735 1733 3026
f 1733 1820 1851
f 1861 1733 1851
f 1820 1735 1753
f 3025 3018 1735
f 1735 3028 3025
f 1735 3026 3028
f 1753 3063 1820
f 3063 1753 3018
f 1808 1788 1861
f 1788 1808 3046
f 3026 1788 3046
f 1828 1808 1861
f 3046 1808 1828
f 1820 3096 1851
f 1820 3063 3066
f 1820 3066 3096
f 1878 1828 1861
f 3126 1828 1878
f 3046 1828 3067
f 3067 1828 3079
f 3079 1828 3126
f 1861 1851 1853
f 1851 3096 1853
f 1861 1853 1866
f 1866 1853 3160
f 1853 3096 3127
f 1853 3127 3160
f 1861 1866 1940
f 1878 1861 1965
f 1965 1861 1940
f 1940 1866 1939
f 1939 1866 3178
f 3178 1866 3160
f 1925 1878 1961
f 1925 3126 1878
f 1961 1878 1965
f 2009 1925 1961
f 1925 2009 3172
f 1925 3132 3126
f 1925 3172 3132
f 1940 1939 3178
f 3178 1965 1940
f 1965 3230 1961
f 3230 2009 1961
f 3228 1965 3178
f 1965 3228 3225
f 3230 1965 3225
f 2009 3254 3172
f 3230 3254 2009
f 3018 3025 3066
f 3063 3018 3066
f 3028 3071 3025
f 3025 3071 3066
f 3026 3071 3028
f 3046 3071 3026
f 3067 3071 3046
f 3071 3096 3066
f 3067 3079 3071
f 3079 3150 3071
f 3096 3071 3127
f 3071 3150 3127
f 3079 3126 3150
f 3126 3132 3150
f 3127 3150 3147
f 3127 3147 3160
f 3132 3170 3150
f 3172 3170 3132
f 3150 3158 3147
f 3147 3158 3160
f 3150 3160 3158
f 3150 3178 3160
f 3170 3200 3150
f 3150 3202 3178
f 3150 3200 3202
f 3170 3172 3200
f 3172 3201 3200
f 3172 3224 3201
f 3172 3254 3224
f 3178 3202 3228
f 3201 3224 3200
f 3200 3228 3202
f 3200 3224 3230
f 3200 3225 3228
f 3225 3200 3230
f 3230 3224 3254
f 1126 1096 1125
f 2596 1125 1096
f 1096 1126 2596
f 1143 1126 1125
f 1143 1125 1142
f 1125 1159 1142
f 1125 1182 1159
f 2596 1182 1125
f 2596 1126 1143
f 1143 1142 1158
f 1142 1159 1158
f 2611 1143 1158
f 2596 1143 2611
f 1158 1159 1242
f 1242 1184 1158
f 1158 1184 2627
f 2611 1158 2627
f 1200 1159 1182
f 1242 1159 1200
f 2626 1200 1182
f 2596 2626 1182
f 1237 1206 1184
f 1184 1206 2627
f 1242 1237 1184
f 1242 1200 2654
f 2626 2639 1200
f 2639 2654 1200
f 2658 1206 1237
f 2627 1206 2641
f 1206 2658 2641
f 1237 1242 1283
f 1237 1283 2658
f 1283 1242 2654
f 2669 1283 2654
f 1283 2666 2658
f 2677 2666 1283
f 2669 2677 1283
f 2596 2611 2606
f 2596 2606 2626
f 2639 2606 2611
f 2626 2606 2639
f 2627 2639 2611
f 2639 2627 2641
f 2639 2641 2654
f 2641 2669 2654
f 2641 2658 2666
f 2641 2666 2669
f 2669 2666 2677
f 2020 1881 1894
f 3095 1894 1881
f 1898 1881 1931
f 1881 1898 3092
f 1931 1881 2020
f 3095 1881 3092
f 2020 1894 1903
f 3095 1903 1894
f 1931 3124 1898
f 3092 1898 3121
f 1898 3124 3121
f 2108 1903 1916
f 3111 1916 1903
f 2108 2020 1903
f 3095 3108 1903
f 3108 3111 1903
f 1921 1907 2108
f 1907 1921 3123
f 1907 2017 2108
f 3050 2017 1907
f 3050 1907 3093
f 3093 1907 3115
f 3115 1907 3123
f 1916 1921 2108
f 1921 1916 3112
f 3111 3112 1916
f 3112 3123 1921
f 1931 2020 3195
f 1931 3175 3124
f 3195 3175 1931
f 2017 2314 2108
f 2017 2139 2314
f 2962 2139 2017
f 3050 2962 2017
f 2079 2020 2110
f 2020 2079 3284
f 2020 2108 2110
f 3195 2020 3199
f 3199 2020 3218
f 3284 3218 2020
f 2079 2110 2143
f 2079 2143 2149
f 2079 2149 3284
f 2143 2110 2108
f 2143 2108 2182
f 2108 2314 2182
f 2139 2408 2314
f 2962 2408 2139
f 2149 2143 2178
f 2143 2182 2178
f 2178 3368 2149
f 3284 2149 3287
f 3287 2149 3368
f 2193 2178 2182
f 2193 2256 2178
f 2178 2256 3368
f 2193 2182 2210
f 2210 2182 2420
f 2182 2314 2487
f 2182 2487 2420
f 2193 2210 2256
f 2256 2210 2292
f 2292 2210 2415
f 2432 2415 2210
f 2432 2210 2420
f 2292 3394 2256
f 3368 2256 3374
f 2256 3392 3374
f 2256 3394 3392
f 2361 2292 2415
f 2292 2361 3433
f 2292 3433 3394
f 2314 2408 2558
f 2314 2558 2487
f 2361 2415 2399
f 2361 2399 3452
f 3433 2361 3435
f 3435 2361 3446
f 3446 2361 3452
f 2399 2415 3506
f 3452 2399 3506
f 2558 2408 2509
f 2509 2408 2962
f 2415 2432 3485
f 2415 3485 3499
f 3499 3506 2415
f 2432 2420 2573
f 2420 2487 2578
f 2420 2567 2573
f 2420 2578 2567
f 2573 3375 2432
f 3375 3485 2432
f 2558 2834 2487
f 2487 2713 2578
f 2487 2834 2713
f 2509 2513 2558
f 2716 2513 2509
f 2716 2509 2962
f 2513 2829 2558
f 2716 2829 2513
f 2558 2829 3032
f 2558 3032 2834
f 2573 2567 2575
f 2575 2567 2877
f 2567 2578 2869
f 2567 2869 2877
f 3303 2573 2575
f 3375 2573 3303
f 2586 2575 2877
f 3303 2575 2586
f 2578 2713 2838
f 2838 3279 2578
f 2869 2578 3279
f 2586 2877 2882
f 3014 2586 2882
f 3014 3303 2586
f 2834 3142 2713
f 2713 3142 2838
f 2716 2823 2829
f 2823 2716 2839
f 2839 2716 2962
f 2839 2829 2823
f 2839 2962 2829
f 2962 3050 2829
f 3125 3032 2829
f 3050 3125 2829
f 2834 3032 3142
f 2838 3142 3282
f 2838 3282 3279
f 2877 2869 3299
f 2869 3279 3299
f 2882 2877 3014
f 2877 3299 3014
f 3014 3299 3303
f 3125 3176 3032
f 3309 3142 3032
f 3176 3309 3032
f 3093 3125 3050
f 3121 3095 3092
f 3115 3220 3093
f 3220 3125 3093
f 3108 3095 3121
f 3111 3108 3122
f 3108 3121 3122
f 3112 3111 3122
f 3112 3122 3220
f 3123 3112 3220
f 3115 3123 3220
f 3121 3175 3122
f 3121 3124 3175
f 3122 3175 3191
f 3122 3191 3220
f 3220 3176 3125
f 3363 3282 3142
f 3309 3363 3142
f 3191 3175 3199
f 3199 3175 3195
f 3220 3207 3176
f 3207 3309 3176
f 3191 3199 3207
f 3191 3207 3220
f 3207 3199 3218
f 3287 3207 3218
f 3287 3298 3207
f 3207 3298 3309
f 3284 3287 3218
f 3466 3279 3282
f 3466 3299 3279
f 3363 3466 3282
f 3287 3293 3298
f 3293 3287 3336
f 3287 3368 3336
f 3293 3336 3298
f 3298 3380 3309
f 3298 3336 3380
f 3375 3303 3299
f 3375 3299 3482
f 3482 3299 3466
f 3309 3396 3363
f 3380 3396 3309
f 3336 3368 3374
f 3336 3374 3380
f 3396 3484 3363
f 3484 3466 3363
f 3374 3392 3380
f 3485 3375 3482
f 3392 3394 3380
f 3380 3394 3440
f 3380 3440 3396
f 3394 3433 3440
f 3440 3484 3396
f 3433 3435 3440
f 3435 3446 3440
f 3440 3446 3497
f 3440 3497 3484
f 3446 3452 3487
f 3446 3487 3497
f 3452 3506 3487
f 3497 3482 3466
f 3497 3466 3484
f 3482 3499 3485
f 3497 3499 3482
f 3487 3508 3497
f 3487 3506 3508
f 3508 3499 3497
f 3508 3506 3499
f 1881 1748 1747
f 1747 1748 3000
f 1756 1835 1747
f 1756 1747 3000
f 1835 1881 1747
f 1749 1748 1758
f 1748 1749 3002
f 1748 1898 1758
f 1898 1748 1881
f 3002 3000 1748
f 1749 1758 3002
f 1755 1843 1756
f 3005 1755 1756
f 1760 1846 1755
f 1760 1755 3005
f 1846 1843 1755
f 1756 1843 1835
f 1756 3000 3006
f 3007 3005 1756
f 1756 3006 3007
f 1856 1778 1758
f 3002 1758 1778
f 1856 1758 1898
f 1849 1760 1791
f 1791 1760 3017
f 1846 1760 1849
f 3017 1760 3005
f 1838 1778 1856
f 1778 1838 3055
f 3033 3002 1778
f 3041 3033 1778
f 3055 3041 1778
f 1791 1789 1821
f 2963 1789 1791
f 1789 1817 1876
f 1817 1789 2963
f 1789 1876 1821
f 1821 1849 1791
f 2963 1791 2991
f 2991 1791 3021
f 3020 1791 3017
f 1791 3020 3022
f 1791 3022 3021
f 1817 1923 1876
f 1923 1817 2086
f 1817 2053 2086
f 2053 1817 2924
f 2924 1817 2954
f 2954 1817 2963
f 1849 1821 1876
f 3073 1835 1843
f 1881 1835 3073
f 3080 1838 1856
f 3055 1838 3069
f 3069 1838 3080
f 1846 3089 1843
f 3089 3073 1843
f 1846 1849 3087
f 1846 3087 3089
f 1849 1876 1923
f 1849 1923 3053
f 1849 3053 3097
f 3087 1849 3091
f 1849 3097 3091
f 1856 1898 3110
f 3085 3080 1856
f 3110 3085 1856
f 1881 3092 1898
f 1881 3073 3092
f 3092 3121 1898
f 3110 1898 3124
f 3121 3124 1898
f 2086 2873 1923
f 2873 3024 1923
f 1923 3024 3049
f 1923 3049 3053
f 2053 2445 2086
f 2413 2445 2053
f 2522 2413 2053
f 2522 2053 2729
f 2053 2924 2729
f 2086 2445 2434
f 2434 2610 2086
f 2610 2800 2086
f 2800 2873 2086
f 2413 2453 2445
f 2453 2413 2522
f 2434 2445 2494
f 2494 2610 2434
f 2453 2522 2445
f 2445 2610 2494
f 2445 2522 2729
f 2445 2800 2610
f 2445 2729 2800
f 2924 2800 2729
f 2924 2873 2800
f 2924 2954 2873
f 2873 2954 3024
f 2963 3024 2954
f 3042 2963 2991
f 3049 3024 2963
f 3042 3049 2963
f 3021 3042 2991
f 3002 3033 3000
f 3000 3033 3006
f 3007 3042 3005
f 3005 3042 3017
f 3006 3041 3007
f 3033 3041 3006
f 3041 3042 3007
f 3017 3042 3020
f 3022 3020 3042
f 3021 3022 3042
f 3041 3073 3042
f 3041 3055 3106
f 3041 3083 3073
f 3041 3106 3083
f 3042 3053 3049
f 3042 3084 3053
f 3073 3077 3042
f 3042 3077 3087
f 3042 3097 3084
f 3042 3087 3091
f 3042 3091 3097
f 3097 3053 3084
f 3069 3085 3055
f 3106 3055 3085
f 3080 3085 3069
f 3089 3077 3073
f 3083 3092 3073
f 3087 3077 3089
f 3092 3083 3106
f 3110 3106 3085
f 3092 3106 3110
f 3120 3092 3110
f 3121 3092 3120
f 3120 3110 3124
f 3120 3124 3121
f 869 762 780
f 2250 780 762
f 879 791 762
f 2250 762 791
f 869 846 762
f 846 879 762
f 869 780 779
f 2279 779 780
f 873 779 793
f 2270 793 779
f 869 779 873
f 2273 2270 779
f 2279 2273 779
f 2250 2279 780
f 881 819 791
f 819 2260 791
f 881 791 879
f 2250 791 2260
f 793 813 801
f 793 801 829
f 867 813 793
f 829 873 793
f 1027 867 793
f 1027 793 1101
f 793 2275 1101
f 2275 793 2270
f 801 813 829
f 834 813 826
f 867 826 813
f 829 813 834
f 2366 819 881
f 819 2290 2260
f 2337 2290 819
f 2366 2337 819
f 836 834 826
f 826 867 836
f 834 873 829
f 836 873 834
f 836 867 863
f 873 836 863
f 846 869 2372
f 2372 879 846
f 863 867 887
f 873 863 1101
f 1101 863 887
f 887 867 1027
f 869 873 2396
f 2372 869 2390
f 2390 869 2393
f 869 2396 2393
f 2395 873 1101
f 873 2395 2396
f 881 879 2407
f 2387 879 2372
f 2407 879 2387
f 2376 2366 881
f 2406 2376 881
f 2409 2406 881
f 881 2407 2409
f 887 1027 1042
f 887 1042 1043
f 1101 887 1043
f 1027 1067 1042
f 1101 1067 1027
f 1042 1067 1043
f 1067 1101 1043
f 1424 1582 1101
f 1424 1101 2296
f 1582 2006 1101
f 2006 2254 1101
f 2254 2282 1101
f 2275 2288 1101
f 2282 2293 1101
f 2288 2291 1101
f 2291 2296 1101
f 2293 2351 1101
f 2351 2355 1101
f 2355 2395 1101
f 1554 1582 1424
f 1424 2296 1554
f 1554 1978 1582
f 1554 2296 1978
f 1582 1978 2006
f 2165 2006 1978
f 1978 2296 2165
f 2254 2006 2165
f 2251 2254 2165
f 2165 2296 2251
f 2260 2266 2250
f 2266 2271 2250
f 2250 2271 2279
f 2251 2282 2254
f 2293 2282 2251
f 2283 2293 2251
f 2251 2296 2283
f 2290 2266 2260
f 2266 2290 2271
f 2270 2273 2276
f 2270 2276 2275
f 2271 2332 2279
f 2271 2290 2332
f 2273 2332 2276
f 2273 2279 2332
f 2288 2275 2276
f 2276 2332 2288
f 2283 2351 2293
f 2283 2296 2300
f 2283 2300 2351
f 2288 2393 2291
f 2332 2393 2288
f 2290 2337 2332
f 2291 2355 2296
f 2291 2395 2355
f 2393 2396 2291
f 2291 2396 2395
f 2296 2351 2300
f 2296 2355 2351
f 2337 2376 2332
f 2332 2376 2372
f 2372 2390 2332
f 2332 2390 2393
f 2337 2366 2376
f 2372 2376 2387
f 2376 2407 2387
f 2376 2406 2407
f 2406 2409 2407
f 1986 2026 2043
f 2026 1986 3189
f 1986 2043 3250
f 1986 3205 3189
f 1986 3243 3205
f 1986 3250 3243
f 2043 2026 2092
f 2026 2056 2091
f 2026 3244 2056
f 2026 2091 2092
f 3244 2026 3189
f 2043 2092 3312
f 2043 3286 3250
f 2043 3308 3286
f 2043 3312 3308
f 2106 2091 2056
f 2106 2056 3271
f 2056 3244 3249
f 3249 3271 2056
f 2116 2092 2091
f 2106 2116 2091
f 3342 2092 2116
f 3342 3312 2092
f 2138 2116 2106
f 2106 3352 2138
f 2106 3271 3352
f 2116 2138 2205
f 2203 2116 2205
f 2116 2203 3366
f 3342 2116 3366
f 2205 2138 2198
f 2138 3352 2198
f 2207 2205 2198
f 2207 2198 2219
f 2198 2238 2219
f 3352 2238 2198
f 2203 2205 3366
f 2205 2207 2222
f 2205 2222 2245
f 3366 2205 2245
f 2207 2219 2222
f 2222 2219 2324
f 2324 2219 2238
f 2222 2359 2245
f 2359 2222 2324
f 2324 2238 2269
f 2238 3390 2269
f 3352 3353 2238
f 3353 3369 2238
f 3369 3387 2238
f 3390 2238 3387
f 2245 2380 2298
f 3400 2245 2298
f 2359 2380 2245
f 3366 2245 3384
f 2245 3400 3384
f 2269 3430 2324
f 3390 3415 2269
f 3415 3426 2269
f 3426 3430 2269
f 2345 2298 2380
f 2298 2345 3464
f 3420 3400 2298
f 3420 2298 3439
f 3439 2298 3464
f 2324 3430 2359
f 2424 2345 2380
f 2384 2345 2428
f 3464 2345 2384
f 2506 2345 2424
f 2428 2345 2507
f 2507 2345 2506
f 2380 2359 3454
f 2359 3430 3438
f 3438 3454 2359
f 2424 2380 2397
f 2380 3454 2397
f 3493 2384 2428
f 3464 2384 3480
f 3480 2384 3493
f 2397 3510 2424
f 3454 3489 2397
f 3489 3507 2397
f 3507 3510 2397
f 2538 2506 2424
f 2538 2424 3537
f 2424 3510 3537
f 2428 2507 2538
f 3538 2428 2538
f 3504 3493 2428
f 3526 3504 2428
f 3526 2428 3538
f 2507 2506 2538
f 3535 2538 3537
f 3538 2538 3535
f 3189 3205 3206
f 3206 3244 3189
f 3206 3205 3243
f 3206 3243 3239
f 3206 3239 3244
f 3243 3250 3239
f 3239 3250 3244
f 3250 3249 3244
f 3250 3286 3249
f 3249 3300 3271
f 3286 3300 3249
f 3352 3271 3300
f 3286 3308 3300
f 3300 3312 3306
f 3306 3352 3300
f 3300 3308 3312
f 3306 3312 3342
f 3352 3306 3342
f 3353 3352 3342
f 3342 3384 3353
f 3342 3366 3384
f 3353 3384 3369
f 3369 3384 3428
f 3387 3369 3428
f 3428 3384 3400
f 3387 3428 3390
f 3390 3428 3415
f 3428 3400 3420
f 3415 3428 3426
f 3420 3439 3428
f 3428 3438 3426
f 3426 3438 3430
f 3438 3428 3454
f 3439 3494 3428
f 3454 3428 3489
f 3428 3494 3489
f 3439 3464 3494
f 3464 3480 3494
f 3480 3493 3504
f 3480 3504 3494
f 3489 3494 3507
f 3504 3526 3494
f 3494 3510 3507
f 3494 3537 3510
f 3494 3526 3538
f 3494 3545 3537
f 3494 3538 3546
f 3494 3546 3545
f 3545 3535 3537
f 3546 3538 3535
f 3546 3535 3545
f 336 342 341
f 1312 336 341
f 342 336 1315
f 1315 336 1312
f 363 341 342
f 1312 341 363
f 363 342 347
f 1324 347 342
f 1324 342 1315
f 347 348 362
f 348 347 1328
f 363 347 362
f 1328 347 1324
f 362 348 1325
f 1328 1325 348
f 363 362 405
f 362 371 415
f 1325 371 362
f 405 362 415
f 365 363 405
f 1312 363 365
f 389 365 393
f 1394 365 389
f 393 365 405
f 1312 365 1394
f 371 392 415
f 392 371 1395
f 1365 371 1325
f 1365 1395 371
f 389 393 1433
f 1394 389 1433
f 392 416 415
f 436 416 392
f 436 392 1434
f 392 1395 1434
f 393 405 1492
f 1433 393 1449
f 393 1492 1449
f 405 415 1256
f 405 1256 1501
f 1492 405 1493
f 405 1501 1493
f 415 416 420
f 420 1256 415
f 420 416 426
f 426 416 427
f 431 427 416
f 436 431 416
f 432 420 426
f 450 420 432
f 1256 420 450
f 432 426 427
f 432 427 431
f 432 431 450
f 431 436 449
f 431 449 450
f 449 436 1261
f 436 1434 1261
f 450 449 460
f 460 449 468
f 468 449 1261
f 1256 450 460
f 1256 460 468
f 1256 468 1261
f 1261 1612 1256
f 1501 1256 1570
f 1570 1256 1590
f 1590 1256 1598
f 1600 1598 1256
f 1612 1600 1256
f 1434 1460 1261
f 1460 1500 1261
f 1500 1595 1261
f 1261 1595 1626
f 1261 1622 1612
f 1261 1626 1622
f 1315 1312 1329
f 1312 1323 1329
f 1323 1312 1394
f 1315 1329 1324
f 1323 1331 1329
f 1331 1323 1394
f 1324 1365 1328
f 1329 1365 1324
f 1328 1365 1325
f 1331 1413 1329
f 1329 1413 1365
f 1331 1394 1413
f 1365 1413 1395
f 1394 1402 1413
f 1402 1394 1433
f 1395 1413 1407
f 1407 1434 1395
f 1402 1415 1413
f 1415 1402 1433
f 1413 1441 1407
f 1407 1441 1434
f 1415 1443 1413
f 1413 1448 1441
f 1443 1448 1413
f 1415 1433 1443
f 1433 1449 1443
f 1460 1434 1441
f 1441 1448 1460
f 1443 1449 1448
f 1449 1492 1448
f 1448 1500 1460
f 1492 1493 1448
f 1448 1493 1501
f 1500 1448 1501
f 1500 1501 1519
f 1500 1519 1522
f 1500 1522 1595
f 1519 1501 1570
f 1519 1570 1522
f 1570 1612 1522
f 1522 1622 1595
f 1522 1612 1622
f 1570 1590 1598
f 1570 1598 1600
f 1570 1600 1612
f 1595 1622 1626
f 834 829 873
f 829 834 917
f 873 829 917
f 836 834 873
f 917 834 836
f 863 836 873
f 836 863 887
f 836 887 1083
f 917 836 1083
f 879 846 869
f 869 846 2372
f 846 879 2372
f 863 873 1101
f 887 863 1101
f 917 869 873
f 873 869 2396
f 903 879 869
f 917 903 869
f 2390 869 2372
f 2393 869 2390
f 2396 869 2393
f 873 2395 1101
f 2396 2395 873
f 903 881 879
f 879 881 2407
f 879 2387 2372
f 2387 879 2407
f 2430 881 903
f 2407 881 2409
f 2409 881 2430
f 1043 887 1101
f 887 1043 1230
f 887 1230 1083
f 903 917 965
f 918 903 965
f 2430 903 918
f 917 1081 965
f 917 1083 1081
f 965 2444 918
f 2444 2430 918
f 972 965 1081
f 965 972 2491
f 965 2491 2444
f 1039 972 1068
f 972 1039 2481
f 1068 972 1081
f 2481 2477 972
f 972 2477 2491
f 2499 1039 1068
f 2481 1039 2499
f 1067 1043 1101
f 1043 1067 1372
f 1043 1372 1230
f 1101 1372 1067
f 1068 1081 1087
f 1108 1068 1087
f 1108 2544 1068
f 2500 2499 1068
f 2544 2500 1068
f 1081 1083 1087
f 1087 1083 1108
f 1108 1083 1121
f 1121 1083 1120
f 1083 1230 1120
f 1101 1424 1372
f 1101 1582 1424
f 1101 2006 1582
f 1101 2254 2006
f 1101 2282 2254
f 2293 2282 1101
f 2351 2293 1101
f 2355 2351 1101
f 2395 2355 1101
f 1108 1121 2551
f 2551 2544 1108
f 1121 1120 1131
f 1131 1120 1148
f 1120 1140 1139
f 1120 1139 1148
f 1120 1369 1140
f 1120 1230 1369
f 1121 1131 1137
f 2551 1121 1137
f 1131 1153 1137
f 1131 1148 1153
f 1137 1153 1162
f 1162 1178 1137
f 1137 1178 2591
f 2551 1137 2570
f 1137 2591 2570
f 2378 1139 1140
f 1809 1148 1139
f 1809 1139 2378
f 1140 1369 1314
f 2378 1140 1314
f 1809 1153 1148
f 1162 1153 1163
f 1163 1153 1179
f 1809 1179 1153
f 1162 1163 1179
f 1178 1162 1179
f 2607 1178 1179
f 2591 1178 2605
f 1178 2613 2605
f 2607 2613 1178
f 1809 2607 1179
f 1230 1594 1369
f 1230 1372 1594
f 1314 1369 1374
f 1374 2378 1314
f 1369 1393 1374
f 1369 2039 1393
f 1594 2060 1369
f 1369 2060 2039
f 1372 1424 1405
f 1594 1372 1405
f 1374 1393 2369
f 1374 2369 2378
f 2039 2240 1393
f 1393 2240 2369
f 1405 1424 1582
f 1582 2045 1405
f 1405 2045 1594
f 1582 2006 2045
f 1594 2045 2299
f 1594 2299 2060
f 1809 2378 2447
f 1809 2447 2536
f 1809 2536 2548
f 1809 2548 2550
f 1809 2550 2572
f 1809 2572 2589
f 1809 2589 2607
f 2294 2045 2006
f 2294 2006 2254
f 2060 2240 2039
f 2294 2414 2045
f 2414 2299 2045
f 2060 2369 2240
f 2060 2299 2369
f 2282 2294 2254
f 2293 2294 2282
f 2293 2351 2294
f 2351 2482 2294
f 2482 2414 2294
f 2516 2369 2299
f 2414 2516 2299
f 2355 2482 2351
f 2395 2482 2355
f 2369 2447 2378
f 2516 2447 2369
f 2387 2412 2372
f 2372 2412 2390
f 2407 2412 2387
f 2390 2412 2393
f 2412 2396 2393
f 2412 2395 2396
f 2412 2482 2395
f 2407 2409 2444
f 2407 2444 2412
f 2409 2430 2444
f 2444 2497 2412
f 2412 2497 2482
f 2482 2516 2414
f 2444 2491 2497
f 2516 2536 2447
f 2477 2481 2469
f 2497 2477 2469
f 2481 2500 2469
f 2497 2469 2482
f 2482 2469 2516
f 2500 2510 2469
f 2510 2531 2469
f 2469 2531 2516
f 2497 2491 2477
f 2481 2499 2500
f 2544 2510 2500
f 2510 2528 2531
f 2544 2528 2510
f 2531 2569 2516
f 2516 2548 2536
f 2550 2548 2516
f 2569 2550 2516
f 2528 2546 2531
f 2528 2544 2546
f 2531 2546 2551
f 2531 2551 2570
f 2531 2570 2566
f 2531 2566 2589
f 2531 2572 2569
f 2531 2589 2572
f 2546 2544 2551
f 2572 2550 2569
f 2570 2588 2566
f 2566 2588 2591
f 2566 2607 2589
f 2566 2591 2605
f 2566 2605 2613
f 2566 2613 2607
f 2570 2591 2588
f 1876 1821 1849
f 1849 1821 1907
f 1821 1876 2017
f 1821 2017 1907
f 1903 1835 1843
f 1843 1835 3073
f 1894 1881 1835
f 1835 1881 3073
f 1903 1894 1835
f 1846 1916 1843
f 1846 1843 3089
f 1916 1903 1843
f 3089 1843 3073
f 1849 1921 1846
f 1846 3087 1849
f 1921 1916 1846
f 1846 3089 3087
f 1923 1876 1849
f 1907 1921 1849
f 1849 3053 1923
f 1849 3097 3053
f 3087 3091 1849
f 3091 3097 1849
f 1876 1923 2086
f 1876 2139 2017
f 1876 2086 2139
f 3095 1881 1894
f 3073 1881 3092
f 3092 1881 3095
f 1894 1903 3095
f 1916 3111 1903
f 3095 1903 3108
f 3111 3108 1903
f 1921 1907 3123
f 1907 2017 3050
f 3093 1907 3050
f 3115 1907 3093
f 3123 1907 3115
f 1916 1921 3112
f 1916 3112 3111
f 1921 3123 3112
f 1923 2873 2086
f 1923 3024 2873
f 3049 3024 1923
f 3053 3049 1923
f 2017 2139 2962
f 3050 2017 2962
f 2139 2086 2434
f 2434 2086 2610
f 2610 2086 2800
f 2086 2873 2800
f 2139 2434 2408
f 2962 2139 2408
f 2408 2434 2494
f 2513 2408 2494
f 2509 2408 2513
f 2408 2509 2962
f 2434 2610 2494
f 2494 2610 2513
f 2509 2513 2716
f 2962 2509 2716
f 2610 2716 2513
f 2610 2800 2716
f 2716 2800 2823
f 2839 2716 2823
f 2962 2716 2839
f 2873 2823 2800
f 2873 2839 2823
f 2873 3024 2839
f 2839 3050 2962
f 2839 3024 3050
f 3049 3050 3024
f 3049 3093 3050
f 3053 3084 3049
f 3084 3093 3049
f 3053 3097 3084
f 3073 3083 3077
f 3077 3089 3073
f 3083 3073 3092
f 3077 3083 3095
f 3089 3077 3108
f 3108 3077 3095
f 3083 3092 3095
f 3084 3115 3093
f 3084 3097 3115
f 3087 3089 3111
f 3091 3087 3112
f 3111 3112 3087
f 3111 3089 3108
f 3097 3091 3123
f 3112 3123 3091
f 3123 3115 3097
f 145 136 139
f 821 139 136
f 821 136 145
f 142 150 139
f 833 142 139
f 161 145 139
f 150 160 139
f 161 139 160
f 821 825 139
f 825 833 139
f 150 142 838
f 838 142 833
f 842 145 161
f 827 821 145
f 827 145 842
f 150 871 160
f 150 838 871
f 170 161 160
f 170 160 871
f 170 842 161
f 894 842 170
f 170 871 889
f 170 889 946
f 894 170 946
f 821 827 825
f 825 827 842
f 847 833 825
f 847 825 842
f 838 833 849
f 833 847 849
f 849 871 838
f 847 842 894
f 849 847 871
f 871 847 889
f 889 847 894
f 894 946 889
f 2324 2269 2346
f 3430 2269 2324
f 2346 2269 3430
f 2324 2346 2360
f 2422 2359 2324
f 2359 3430 2324
f 2422 2324 2360
f 3449 2360 2346
f 2346 3430 3442
f 3442 3449 2346
f 2380 2359 2422
f 2359 2380 3454
f 2359 3438 3430
f 3454 3438 2359
f 2368 2422 2360
f 3449 2368 2360
f 3488 2422 2368
f 3481 2368 3449
f 3481 3488 2368
f 2397 2380 2457
f 2380 2397 3454
f 2380 2422 2457
f 2506 2424 2397
f 2397 2424 3510
f 2495 2397 2457
f 2506 2397 2495
f 3454 2397 3489
f 3489 2397 3507
f 2397 3510 3507
f 2457 2422 3488
f 2538 2424 2506
f 2538 3537 2424
f 3510 2424 3537
f 2495 2457 3525
f 3518 2457 3488
f 3528 2457 3518
f 3533 3525 2457
f 3528 3540 2457
f 3540 3533 2457
f 2559 2506 2495
f 2604 2495 2557
f 2495 3472 2557
f 2559 2495 2604
f 2495 3525 3472
f 2559 2538 2506
f 2538 2559 2903
f 2538 2903 3535
f 2538 3535 3537
f 2604 2557 2598
f 3335 2598 2557
f 2557 3418 3335
f 2557 3472 3418
f 2559 2604 2608
f 2559 2608 2903
f 2598 2603 2604
f 2603 2598 3335
f 2604 2603 2609
f 2609 2603 3335
f 2608 2604 2903
f 2604 2609 2917
f 2604 2919 2903
f 2604 2917 2919
f 2917 2609 3072
f 2609 3335 3072
f 3535 2903 2919
f 2919 2917 3333
f 3333 2917 3072
f 3535 2919 3333
f 3072 3339 3333
f 3072 3335 3339
f 3333 3339 3429
f 3535 3333 3429
f 3418 3339 3335
f 3418 3530 3339
f 3530 3429 3339
f 3525 3418 3472
f 3530 3418 3525
f 3531 3429 3530
f 3531 3535 3429
f 3438 3442 3430
f 3442 3438 3454
f 3449 3442 3454
f 3449 3454 3489
f 3449 3489 3481
f 3488 3481 3518
f 3518 3481 3489
f 3518 3489 3507
f 3507 3510 3528
f 3518 3507 3528
f 3528 3510 3540
f 3510 3537 3545
f 3510 3545 3540
f 3533 3530 3525
f 3532 3531 3530
f 3545 3532 3530
f 3540 3530 3533
f 3545 3530 3540
f 3532 3535 3531
f 3545 3535 3532
f 3535 3545 3537
f 389 393 403
f 389 1433 393
f 389 403 1450
f 389 1442 1433
f 1442 389 1450
f 403 393 414
f 393 405 415
f 405 393 1492
f 393 415 414
f 1433 1449 393
f 1449 1492 393
f 414 1550 403
f 1450 403 1499
f 1499 403 1516
f 1516 403 1537
f 1537 403 1550
f 1256 415 405
f 1256 405 1501
f 1493 405 1492
f 405 1493 1501
f 425 414 415
f 417 414 425
f 414 417 1550
f 425 415 420
f 1256 420 415
f 425 433 417
f 433 445 417
f 445 1584 417
f 417 1584 1550
f 425 420 426
f 420 432 426
f 420 450 432
f 1256 450 420
f 433 425 426
f 433 426 432
f 432 445 433
f 445 432 451
f 451 432 450
f 1601 445 451
f 445 1601 1584
f 451 450 465
f 465 450 460
f 1256 460 450
f 473 451 465
f 471 451 473
f 1662 451 471
f 1654 1601 451
f 1662 1654 451
f 1256 465 460
f 473 465 489
f 1256 489 465
f 494 471 473
f 485 471 494
f 1662 471 485
f 494 473 489
f 498 485 494
f 498 1765 485
f 1684 1662 485
f 1765 1684 485
f 494 489 501
f 489 1737 501
f 1256 1737 489
f 494 501 498
f 498 501 505
f 498 505 1765
f 501 1745 505
f 1737 1745 501
f 505 1745 1764
f 505 1764 1777
f 1774 1765 505
f 1776 1774 505
f 1786 1776 505
f 505 1777 1786
f 1256 1501 1570
f 1256 1570 1590
f 1256 1590 1598
f 1256 1598 1634
f 1256 1634 1673
f 1256 1673 1737
f 1442 1443 1433
f 1433 1443 1449
f 1443 1442 1450
f 1443 1450 1449
f 1450 1499 1449
f 1449 1518 1492
f 1499 1518 1449
f 1492 1518 1493
f 1493 1518 1501
f 1499 1516 1518
f 1501 1518 1519
f 1519 1570 1501
f 1516 1537 1518
f 1518 1570 1519
f 1518 1537 1667
f 1570 1518 1673
f 1518 1667 1673
f 1601 1537 1550
f 1654 1537 1601
f 1537 1654 1667
f 1601 1550 1584
f 1590 1570 1673
f 1598 1590 1634
f 1634 1590 1673
f 1654 1662 1667
f 1662 1684 1667
f 1673 1667 1737
f 1667 1684 1765
f 1737 1667 1745
f 1745 1667 1764
f 1764 1667 1774
f 1667 1765 1774
f 1764 1774 1777
f 1774 1776 1777
f 1776 1786 1777
f 1939 1986 2093
f 1986 1939 3189
f 2047 1939 2093
f 2047 3226 1939
f 3189 1939 3178
f 3203 3178 1939
f 1939 3226 3203
f 1986 2043 2092
f 3250 2043 1986
f 1986 2092 2093
f 3205 1986 3189
f 3243 1986 3205
f 3243 3250 1986
f 2092 2043 3312
f 3286 2043 3250
f 3308 2043 3286
f 3312 2043 3308
f 2048 2047 2093
f 2048 3226 2047
f 2087 2048 2093
f 2087 2098 2048
f 2098 2134 2048
f 2134 3226 2048
f 2087 2093 2095
f 2095 2098 2087
f 2093 2092 2116
f 3342 2116 2092
f 3312 3342 2092
f 2095 2093 2098
f 2098 2093 2134
f 2093 2116 2206
f 2134 2093 2206
f 2116 2203 2206
f 2203 2116 3366
f 3366 2116 3342
f 2202 2134 2206
f 2134 2202 3376
f 2134 3252 3226
f 2134 3376 3252
f 2202 2206 2224
f 2215 2202 2224
f 3376 2202 2215
f 2203 2205 2206
f 2203 3366 2205
f 2206 2205 2207
f 2207 2205 2222
f 2222 2205 2245
f 2205 3366 2245
f 2206 2207 2222
f 2298 2206 2222
f 2224 2206 2268
f 2268 2206 2322
f 2345 2206 2298
f 2322 2206 2345
f 2268 2215 2224
f 3391 2215 2268
f 3376 2215 3391
f 2298 2222 2245
f 2298 2245 3400
f 3366 3384 2245
f 3384 3400 2245
f 2312 2268 2322
f 3448 2268 2312
f 3395 3391 2268
f 3403 3395 2268
f 3410 3403 2268
f 3448 3410 2268
f 2298 3464 2345
f 2298 3400 3420
f 2298 3420 3439
f 2298 3439 3464
f 2312 2322 3450
f 3450 3448 2312
f 2322 2345 2333
f 3450 2322 2333
f 2333 2345 2384
f 2333 2384 3475
f 3475 3450 2333
f 3464 2384 2345
f 3464 3480 2384
f 3475 2384 3477
f 3477 2384 3493
f 3493 2384 3480
f 3189 3178 3203
f 3189 3203 3205
f 3203 3226 3205
f 3205 3226 3243
f 3243 3226 3248
f 3226 3252 3248
f 3243 3248 3250
f 3248 3252 3250
f 3250 3252 3286
f 3252 3277 3286
f 3252 3376 3277
f 3277 3312 3286
f 3277 3319 3312
f 3277 3330 3319
f 3277 3376 3330
f 3308 3286 3312
f 3342 3312 3319
f 3342 3319 3330
f 3330 3366 3342
f 3330 3384 3366
f 3330 3376 3395
f 3330 3395 3384
f 3376 3391 3395
f 3384 3395 3403
f 3420 3400 3384
f 3410 3384 3403
f 3384 3410 3420
f 3420 3410 3439
f 3410 3448 3439
f 3448 3475 3439
f 3439 3480 3464
f 3439 3475 3480
f 3448 3450 3475
f 3475 3477 3480
f 3480 3477 3493
f 541 550 549
f 1980 541 549
f 541 1890 550
f 1890 541 1909
f 1909 541 1917
f 1980 1917 541
f 549 550 561
f 549 561 1980
f 561 550 560
f 550 1890 560
f 614 561 560
f 614 560 613
f 613 560 2002
f 1890 1911 560
f 1911 1913 560
f 1913 1914 560
f 1914 1972 560
f 560 1972 1989
f 2002 560 1989
f 561 614 616
f 615 561 616
f 1982 561 615
f 1980 561 1982
f 614 613 2074
f 2002 2011 613
f 613 2011 2062
f 2074 613 2062
f 631 616 614
f 631 614 632
f 614 2118 632
f 614 2074 2118
f 2075 615 616
f 1998 1982 615
f 2007 1998 615
f 2018 2007 615
f 2018 615 2066
f 2075 2066 615
f 630 616 631
f 616 630 2125
f 2125 2075 616
f 630 631 2123
f 630 2123 2125
f 632 2118 631
f 631 2118 2121
f 2123 631 2121
f 1909 1911 1890
f 1911 1909 1917
f 1911 1917 1913
f 1914 1913 1975
f 1913 1917 1980
f 1913 1980 1975
f 1914 1971 1972
f 1914 1975 1971
f 1972 1971 1989
f 1975 2001 1971
f 1971 2001 1989
f 1980 2001 1975
f 1980 1982 2001
f 1982 1998 2001
f 2001 2011 1989
f 1989 2011 2002
f 1998 2007 2001
f 2001 2007 2066
f 2001 2073 2011
f 2001 2066 2073
f 2007 2018 2066
f 2011 2073 2062
f 2062 2073 2074
f 2066 2075 2073
f 2074 2073 2118
f 2073 2075 2123
f 2073 2121 2118
f 2073 2123 2121
f 2075 2125 2123
f 1530 1577 1524
f 1524 2833 1530
f 1524 1577 1555
f 1657 1524 1555
f 2831 1524 1657
f 2831 2833 1524
f 1530 1531 1577
f 1530 2828 1531
f 1530 2833 2828
f 1531 1534 1577
f 1534 1531 2700
f 1531 2828 2700
f 1534 1722 1577
f 1534 2700 1722
f 1555 1577 1576
f 1581 1555 1576
f 1657 1555 1581
f 1576 1577 1581
f 1577 1660 1581
f 1577 1792 1660
f 1722 1792 1577
f 1581 1660 1657
f 1658 1657 1721
f 1658 2831 1657
f 1657 1660 1721
f 1708 1674 1658
f 2897 1658 1674
f 1708 1658 1721
f 2880 2831 1658
f 2880 1658 2881
f 2881 1658 2897
f 1660 1927 1721
f 1660 1792 1927
f 1674 1708 2908
f 2897 1674 2908
f 1710 1708 1718
f 2908 1708 1710
f 1708 1721 1718
f 1718 1743 1710
f 1743 1747 1710
f 1747 2965 1710
f 2908 1710 2937
f 1710 2965 2937
f 1718 1721 1743
f 1755 1743 1721
f 1755 1721 1760
f 1760 1721 1791
f 1791 1721 1789
f 1721 1817 1789
f 1721 2053 1817
f 1721 1927 2053
f 1722 1742 1792
f 1722 2700 1742
f 1742 1811 1792
f 1742 2698 1811
f 1742 2700 2698
f 1747 1743 1756
f 1756 1743 1755
f 1756 3000 1747
f 2965 1747 2982
f 1747 3000 2982
f 3005 1756 1755
f 3005 1755 1760
f 1756 3006 3000
f 3007 1756 3005
f 3007 3006 1756
f 1760 1791 3017
f 3017 3005 1760
f 2963 1791 1789
f 2963 1789 1817
f 2991 1791 2963
f 3021 1791 2991
f 3017 1791 3020
f 3020 1791 3022
f 3022 1791 3021
f 1792 1811 2136
f 1792 2136 1927
f 1811 2126 2136
f 1811 2425 2126
f 1811 2561 2425
f 1811 2686 2561
f 1811 2698 2686
f 2924 1817 2053
f 2954 1817 2924
f 2954 2963 1817
f 1927 2413 2053
f 2136 2524 1927
f 1927 2453 2413
f 1927 2524 2453
f 2522 2053 2413
f 2729 2053 2522
f 2924 2053 2729
f 2126 2425 2136
f 2136 2425 2524
f 2522 2413 2453
f 2425 2561 2524
f 2453 2705 2522
f 2524 2705 2453
f 2522 2705 2729
f 2561 2695 2524
f 2524 2695 2705
f 2686 2695 2561
f 2698 2695 2686
f 2698 2700 2695
f 2700 2828 2695
f 2940 2705 2695
f 2828 2940 2695
f 2940 2729 2705
f 2940 2924 2729
f 2888 2828 2833
f 2888 2940 2828
f 2831 2888 2833
f 2831 2880 2888
f 2881 2888 2880
f 2881 2897 2888
f 2897 2937 2888
f 2937 2988 2888
f 2888 3021 2940
f 2888 2988 3020
f 2888 3020 3022
f 2888 3022 3021
f 2897 2908 2937
f 2940 2954 2924
f 2965 2982 2937
f 2982 2988 2937
f 2963 2954 2940
f 2991 2963 2940
f 3021 2991 2940
f 2982 3006 2988
f 2982 3000 3006
f 3007 3005 2988
f 3005 3017 2988
f 3006 3007 2988
f 3017 3020 2988
f 476 468 477
f 468 476 484
f 468 488 477
f 468 484 1261
f 500 488 468
f 500 468 1261
f 476 477 488
f 484 476 488
f 484 488 490
f 490 515 484
f 484 515 1732
f 484 1732 1261
f 490 488 500
f 500 518 490
f 568 515 490
f 490 518 568
f 500 1782 518
f 1261 1703 500
f 500 1703 1741
f 500 1741 1782
f 527 515 568
f 515 527 1805
f 515 1769 1732
f 515 1781 1769
f 515 1805 1781
f 568 518 552
f 552 518 1857
f 1782 1787 518
f 1787 1815 518
f 1857 518 1815
f 553 527 568
f 527 553 1852
f 527 1852 1805
f 568 552 1857
f 553 568 565
f 553 565 1900
f 1852 553 1882
f 1882 553 1900
f 565 568 591
f 579 565 604
f 1900 565 579
f 565 591 600
f 565 600 604
f 591 568 583
f 1857 583 568
f 579 604 1996
f 1996 1900 579
f 1959 591 583
f 1892 583 1857
f 1959 583 1892
f 591 1995 600
f 1959 1995 591
f 604 600 624
f 1995 624 600
f 1996 604 624
f 1995 2004 624
f 1996 624 2005
f 2010 624 2004
f 2005 624 2013
f 2035 624 2010
f 2013 624 2035
f 1639 1626 1261
f 1261 1626 1670
f 1645 1639 1261
f 1676 1645 1261
f 1261 1670 1678
f 1677 1676 1261
f 1261 1711 1677
f 1261 1678 1685
f 1261 1685 1703
f 1261 1732 1711
f 1639 1670 1626
f 1639 1645 1670
f 1670 1645 1678
f 1678 1645 1676
f 1678 1676 1677
f 1678 1677 1685
f 1685 1677 1711
f 1703 1685 1711
f 1741 1703 1711
f 1784 1711 1732
f 1741 1711 1784
f 1781 1732 1769
f 1784 1732 1781
f 1741 1784 1782
f 1781 1805 1784
f 1784 1787 1782
f 1815 1787 1784
f 1784 1805 1888
f 1784 1888 1815
f 1805 1852 1888
f 1857 1815 1887
f 1815 1888 1887
f 1852 1882 1888
f 1887 1892 1857
f 1882 1908 1888
f 1882 1900 1908
f 1888 1892 1887
f 1888 1959 1892
f 1908 1973 1888
f 1888 1963 1959
f 1888 1973 1963
f 1908 1900 1996
f 1908 1964 1973
f 1908 1996 1964
f 1959 1963 1995
f 1963 1973 1995
f 1973 1964 1981
f 1964 1990 1981
f 1964 1996 1990
f 1973 1981 1995
f 1990 1995 1981
f 1990 2004 1995
f 1990 1996 2005
f 1990 2005 2004
f 2004 2005 2010
f 2005 2013 2010
f 2010 2013 2035
f 1389 1410 1461
f 2811 1410 1389
f 1389 1461 1423
f 1389 1423 2811
f 1461 1410 2857
f 2811 2815 1410
f 2815 2841 1410
f 2841 2857 1410
f 1423 1461 1541
f 1515 1423 1558
f 2811 1423 1515
f 1558 1423 1541
f 1461 2857 1541
f 1515 1558 1559
f 2933 1515 1559
f 2814 2811 1515
f 2871 2814 1515
f 2872 2871 1515
f 2933 2872 1515
f 1571 1558 1541
f 1571 1541 2905
f 2857 2905 1541
f 1571 1559 1558
f 2933 1559 1571
f 1571 2905 2933
f 2811 2814 2815
f 2814 2850 2815
f 2814 2843 2850
f 2871 2843 2814
f 2815 2818 2841
f 2815 2850 2818
f 2818 2850 2841
f 2841 2850 2853
f 2853 2857 2841
f 2843 2852 2850
f 2852 2843 2871
f 2852 2872 2850
f 2853 2850 2905
f 2927 2850 2872
f 2850 2927 2905
f 2852 2871 2872
f 2857 2853 2905
f 2927 2872 2933
f 2933 2905 2927
f 2082 2113 2114
f 2113 2082 3341
f 2082 2114 2120
f 2169 2082 2120
f 2169 3341 2082
f 2122 2114 2113
f 2122 2113 3341
f 2120 2114 2122
f 2120 2122 2171
f 2120 2171 2169
f 2171 2122 3365
f 3349 2122 3341
f 3365 2122 3349
f 2181 2169 2171
f 2176 2169 2181
f 2176 2209 2169
f 2209 3341 2169
f 2181 2171 3377
f 3377 2171 3365
f 2232 2176 2181
f 2225 2209 2176
f 2225 2176 2281
f 2281 2176 2232
f 2232 2181 3385
f 3385 2181 3377
f 3381 2209 2225
f 3379 3341 2209
f 3379 2209 3381
f 2225 2281 2249
f 2249 3411 2225
f 3381 2225 3411
f 2281 2232 2261
f 2261 2232 3413
f 3413 2232 3385
f 2274 2249 2353
f 2274 3411 2249
f 2249 2281 2339
f 2353 2249 2339
f 2281 2261 3422
f 3422 2261 3413
f 2274 2353 2336
f 2274 2336 2357
f 2274 2357 3451
f 2274 3414 3411
f 2274 3451 3414
f 2339 2281 3422
f 2336 2353 2365
f 2357 2336 2426
f 2336 2365 2426
f 2365 2353 2339
f 2365 2339 3445
f 2339 3422 3445
f 2375 2357 2449
f 3478 2357 2375
f 2449 2357 2426
f 3451 2357 3453
f 3453 2357 3469
f 3469 2357 3478
f 3301 2426 2365
f 3492 3301 2365
f 2365 3445 3462
f 2365 3462 3468
f 2365 3468 3492
f 2517 2375 2449
f 2517 3521 2375
f 3501 3478 2375
f 3501 2375 3521
f 2449 2426 2442
f 2521 2442 2426
f 2590 2521 2426
f 2590 2426 2887
f 2887 2426 2891
f 2891 2426 3295
f 3295 2426 3301
f 2553 2449 2442
f 2553 2442 2521
f 2553 2517 2449
f 2517 2553 2691
f 3131 2517 2691
f 3511 2517 3131
f 2517 3511 3521
f 2553 2521 2595
f 2521 2590 2595
f 2553 2595 2691
f 2691 2595 2590
f 2691 2590 2887
f 2691 2887 2898
f 3131 2691 2898
f 2898 2887 2891
f 3295 2898 2891
f 3131 2898 3295
f 3131 3295 3301
f 3131 3301 3314
f 3131 3314 3322
f 3437 3131 3322
f 3437 3511 3131
f 3492 3314 3301
f 3314 3486 3322
f 3486 3314 3492
f 3486 3437 3322
f 3341 3348 3349
f 3348 3341 3364
f 3364 3341 3379
f 3349 3348 3365
f 3348 3364 3365
f 3365 3364 3377
f 3364 3381 3377
f 3364 3379 3381
f 3385 3377 3381
f 3411 3385 3381
f 3413 3385 3411
f 3413 3411 3414
f 3414 3445 3413
f 3422 3413 3445
f 3414 3462 3445
f 3414 3451 3462
f 3503 3437 3486
f 3509 3437 3503
f 3509 3511 3437
f 3451 3453 3462
f 3462 3453 3468
f 3468 3453 3469
f 3469 3492 3468
f 3469 3478 3515
f 3469 3515 3492
f 3478 3501 3515
f 3503 3486 3492
f 3505 3503 3492
f 3515 3505 3492
f 3515 3501 3523
f 3501 3521 3529
f 3501 3529 3523
f 3505 3514 3503
f 3514 3509 3503
f 3529 3514 3505
f 3523 3505 3515
f 3523 3529 3505
f 3514 3511 3509
f 3511 3514 3521
f 3514 3529 3521
f 246 249 250
f 249 246 1114
f 1114 246 250
f 273 250 249
f 273 249 267
f 267 249 1114
f 286 250 273
f 297 250 286
f 297 1114 250
f 276 273 267
f 276 267 285
f 285 267 289
f 267 1151 289
f 1117 267 1114
f 267 1117 1151
f 281 273 276
f 286 273 281
f 281 276 282
f 282 276 285
f 281 282 286
f 286 282 285
f 285 302 286
f 285 289 325
f 302 285 325
f 286 302 297
f 289 303 325
f 303 289 1198
f 1151 1189 289
f 1189 1198 289
f 297 302 1176
f 297 1116 1114
f 1176 1116 297
f 302 325 1257
f 1176 302 1187
f 302 1226 1187
f 302 1231 1226
f 1231 302 1257
f 303 308 349
f 1221 308 303
f 325 303 345
f 303 349 345
f 1219 303 1198
f 303 1219 1221
f 308 324 349
f 324 308 1262
f 1221 1262 308
f 349 324 1286
f 324 1262 1286
f 1257 325 345
f 348 345 360
f 348 1257 345
f 360 345 349
f 1325 348 360
f 348 1268 1257
f 1325 1268 348
f 360 349 357
f 357 349 1286
f 357 1311 360
f 357 1286 1310
f 357 1310 1311
f 1311 1330 360
f 1330 1325 360
f 1116 1117 1114
f 1117 1116 1187
f 1116 1176 1187
f 1151 1117 1187
f 1151 1187 1189
f 1189 1187 1226
f 1198 1189 1231
f 1231 1189 1226
f 1198 1231 1219
f 1219 1257 1221
f 1231 1257 1219
f 1257 1268 1221
f 1221 1298 1262
f 1268 1298 1221
f 1262 1298 1286
f 1268 1311 1298
f 1268 1319 1311
f 1319 1268 1325
f 1298 1310 1286
f 1298 1311 1310
f 1319 1330 1311
f 1319 1325 1330
f 1643 1614 1616
f 1616 1614 2932
f 1641 1614 1643
f 1614 1641 2932
f 1616 1633 1643
f 2938 1633 1616
f 2932 2938 1616
f 1633 1620 1637
f 1620 1633 2943
f 1644 1637 1620
f 1620 2939 1644
f 1620 2943 2939
f 1633 1637 1643
f 2943 1633 2938
f 1637 1644 1643
f 1641 1643 1647
f 2932 1641 1647
f 1643 1644 1664
f 1647 1643 1702
f 1643 1664 1702
f 1644 2939 1664
f 1675 1647 1702
f 2932 1647 1675
f 1664 1669 1705
f 1664 2939 1669
f 1664 1705 1702
f 1716 1705 1669
f 1669 2945 1716
f 1669 2939 2945
f 1700 1675 1702
f 1730 1675 1700
f 2993 1675 1730
f 2932 1675 2955
f 1675 2993 2955
f 1700 1702 1730
f 1702 1705 1750
f 1730 1702 1796
f 1702 1750 1771
f 1702 1767 1768
f 1702 1771 1767
f 1702 1768 1772
f 1795 1702 1772
f 1825 1702 1795
f 1796 1702 1825
f 1754 1705 1716
f 1750 1705 1744
f 1754 1744 1705
f 1716 3003 1754
f 1716 2945 2987
f 1716 2987 3003
f 1727 1724 1796
f 1724 1727 3018
f 1724 1730 1796
f 3012 1730 1724
f 3011 3012 1724
f 3018 3011 1724
f 1727 1796 3018
f 3015 2993 1730
f 3015 1730 3012
f 1750 1744 3034
f 1754 3027 1744
f 3034 1744 3027
f 1750 1798 1771
f 3034 1798 1750
f 1754 3003 3009
f 3009 3029 1754
f 1754 3029 3027
f 3047 1768 1767
f 1767 1771 1798
f 1767 1798 3044
f 3045 1767 3044
f 3045 3047 1767
f 1772 1768 3047
f 1795 1772 3047
f 3082 1825 1795
f 3054 1795 3047
f 3082 1795 3054
f 1799 1796 1827
f 3018 1796 1799
f 1827 1796 1825
f 3056 1798 3034
f 3044 1798 3056
f 1799 1827 3039
f 3018 1799 3039
f 3101 1827 1825
f 3099 1825 3082
f 3099 3101 1825
f 3039 1827 3061
f 3061 1827 3101
f 2938 2932 2951
f 2932 2955 2951
f 2938 2951 2943
f 2939 2943 2944
f 2945 2939 2944
f 2943 2951 2944
f 2945 2944 2987
f 2987 2944 2951
f 2951 2955 3038
f 2951 3038 2987
f 2955 2993 3038
f 3003 2987 3009
f 2987 3038 3009
f 2993 3015 3038
f 3029 3009 3027
f 3009 3034 3027
f 3038 3034 3009
f 3012 3011 3061
f 3011 3018 3039
f 3061 3011 3039
f 3015 3012 3038
f 3012 3061 3038
f 3038 3044 3034
f 3034 3044 3056
f 3038 3045 3044
f 3038 3047 3045
f 3038 3054 3047
f 3054 3038 3082
f 3061 3086 3038
f 3038 3086 3082
f 3061 3101 3086
f 3082 3086 3099
f 3099 3086 3101
f 216 203 195
f 195 203 976
f 205 216 195
f 195 968 205
f 195 976 968
f 216 204 203
f 203 204 988
f 976 203 988
f 204 216 990
f 988 204 990
f 220 216 205
f 220 205 1020
f 205 968 995
f 205 995 1020
f 219 216 231
f 990 216 219
f 216 220 231
f 219 231 232
f 232 239 219
f 219 239 255
f 219 255 1092
f 990 219 1092
f 231 220 223
f 223 220 1020
f 231 223 238
f 238 223 243
f 1033 243 223
f 223 1020 1033
f 232 231 238
f 232 238 239
f 239 238 245
f 238 243 252
f 238 252 245
f 244 239 245
f 239 244 254
f 239 254 255
f 252 243 1097
f 1033 1097 243
f 244 245 1106
f 244 1106 254
f 245 252 253
f 1104 245 253
f 1106 245 1104
f 259 253 252
f 259 252 1097
f 259 1104 253
f 263 255 254
f 254 1106 263
f 255 263 1092
f 259 1097 1109
f 1109 1104 259
f 263 1130 1092
f 263 1106 1130
f 976 995 968
f 988 995 976
f 988 990 1053
f 995 988 1053
f 990 1092 1053
f 1020 995 1024
f 995 1053 1024
f 1024 1033 1020
f 1024 1051 1033
f 1058 1051 1024
f 1053 1058 1024
f 1033 1051 1097
f 1058 1098 1051
f 1051 1098 1097
f 1053 1065 1058
f 1053 1092 1065
f 1065 1098 1058
f 1065 1092 1106
f 1098 1065 1104
f 1104 1065 1106
f 1106 1092 1130
f 1098 1109 1097
f 1098 1104 1109
f 477 468 479
f 488 468 477
f 468 487 479
f 468 491 487
f 500 468 488
f 1261 491 468
f 1261 468 500
f 488 477 479
f 488 479 487
f 487 555 488
f 487 491 535
f 487 535 555
f 488 570 500
f 570 488 555
f 491 512 535
f 491 1773 512
f 1261 1703 491
f 491 1703 1717
f 491 1717 1773
f 552 518 500
f 518 1782 500
f 552 500 570
f 500 1703 1261
f 500 1741 1703
f 500 1782 1741
f 535 512 1797
f 1773 1797 512
f 1857 518 552
f 518 1787 1782
f 518 1815 1787
f 1857 1815 518
f 535 1834 555
f 1803 535 1797
f 535 1803 1834
f 552 570 568
f 552 568 1857
f 570 555 1932
f 1834 1899 555
f 1899 1932 555
f 568 570 583
f 1857 568 583
f 570 1932 583
f 1857 583 1892
f 583 1959 1892
f 583 1932 1959
f 1717 1703 1741
f 1773 1717 1741
f 1773 1741 1782
f 1782 1803 1773
f 1773 1803 1797
f 1787 1803 1782
f 1803 1787 1834
f 1787 1815 1857
f 1834 1787 1884
f 1787 1857 1884
f 1834 1884 1899
f 1884 1857 1887
f 1857 1892 1887
f 1887 1899 1884
f 1887 1892 1899
f 1892 1932 1899
f 1892 1959 1932
f 11 6 5
f 6 13 5
f 12 11 5
f 13 12 5
f 635 6 11
f 46 13 6
f 522 46 6
f 574 522 6
f 592 574 6
f 594 592 6
f 596 594 6
f 635 596 6
f 11 12 23
f 11 23 637
f 635 11 637
f 13 21 12
f 23 12 21
f 13 31 21
f 13 38 31
f 51 38 13
f 47 13 46
f 47 538 13
f 51 13 648
f 538 572 13
f 572 603 13
f 603 622 13
f 622 639 13
f 639 648 13
f 32 23 21
f 31 32 21
f 23 32 643
f 637 23 643
f 32 31 39
f 39 31 38
f 32 39 650
f 643 32 650
f 38 63 39
f 51 64 38
f 64 63 38
f 62 43 39
f 650 39 43
f 63 62 39
f 62 650 43
f 46 50 47
f 522 50 46
f 50 49 47
f 47 49 492
f 492 538 47
f 49 50 52
f 52 492 49
f 52 50 55
f 522 55 50
f 77 64 51
f 86 77 51
f 86 51 678
f 658 51 648
f 51 658 678
f 57 52 55
f 57 492 52
f 57 55 61
f 522 61 55
f 70 57 61
f 57 70 492
f 70 61 73
f 522 73 61
f 62 63 76
f 730 62 76
f 62 728 650
f 730 728 62
f 76 63 64
f 77 76 64
f 70 73 140
f 119 70 140
f 70 119 492
f 140 73 96
f 522 96 73
f 76 77 85
f 730 76 85
f 85 77 86
f 85 86 95
f 85 95 100
f 730 85 100
f 86 94 95
f 94 86 678
f 94 97 95
f 94 116 97
f 726 116 94
f 702 94 678
f 94 702 726
f 100 95 97
f 175 140 96
f 322 175 96
f 322 96 522
f 100 97 113
f 113 97 112
f 97 116 112
f 100 113 121
f 100 121 756
f 730 100 751
f 751 100 756
f 121 113 112
f 131 112 116
f 121 112 131
f 806 131 116
f 765 116 726
f 775 116 765
f 794 116 775
f 806 116 794
f 119 140 149
f 119 149 151
f 199 119 151
f 199 375 119
f 119 375 492
f 121 131 135
f 121 135 815
f 756 121 790
f 121 812 790
f 121 815 812
f 163 135 131
f 141 131 138
f 138 131 806
f 152 131 141
f 163 131 152
f 164 143 135
f 815 135 143
f 164 135 163
f 138 806 141
f 175 149 140
f 152 141 852
f 806 844 141
f 844 852 141
f 146 143 164
f 143 146 839
f 815 143 839
f 164 924 146
f 839 146 850
f 850 146 906
f 906 146 924
f 149 199 151
f 175 199 149
f 163 152 886
f 152 852 886
f 169 164 163
f 163 886 169
f 164 169 924
f 886 953 169
f 924 169 953
f 199 175 316
f 175 315 316
f 322 315 175
f 199 316 375
f 315 375 316
f 322 375 315
f 322 495 375
f 444 495 322
f 444 322 522
f 375 495 492
f 444 522 495
f 492 495 538
f 522 574 495
f 495 592 538
f 495 574 592
f 538 592 572
f 592 594 572
f 594 603 572
f 596 603 594
f 603 596 622
f 596 635 622
f 635 639 622
f 637 639 635
f 637 648 639
f 637 643 648
f 643 658 648
f 643 650 728
f 658 643 728
f 658 702 678
f 658 728 702
f 726 702 751
f 751 702 728
f 765 726 751
f 751 728 730
f 751 756 765
f 765 756 790
f 765 790 775
f 785 794 775
f 775 812 785
f 775 790 812
f 806 794 785
f 844 806 785
f 785 812 815
f 785 815 844
f 844 815 839
f 839 850 844
f 850 920 844
f 844 886 852
f 844 920 886
f 850 906 920
f 886 920 953
f 941 920 906
f 906 924 945
f 941 906 945
f 920 941 953
f 924 953 945
f 945 953 941
f 1244 1243 1235
f 1235 1243 1332
f 1287 1244 1235
f 1264 1235 1332
f 2640 1235 1264
f 1287 1235 1438
f 1235 2640 1438
f 1529 1243 1244
f 1332 1243 1529
f 1244 1287 1534
f 1531 1529 1244
f 1531 1244 1534
f 1301 1271 1264
f 1271 2657 1264
f 1301 1264 1332
f 2640 1264 2650
f 1264 2653 2650
f 2657 2653 1264
f 1301 2657 1271
f 1287 1438 1722
f 1534 1287 1722
f 1301 1332 1303
f 1301 1303 2657
f 1303 1332 1335
f 1335 1344 1303
f 1344 2688 1303
f 1303 2664 2657
f 2688 2664 1303
f 1332 1475 1335
f 1475 1332 1490
f 1490 1332 1529
f 1335 1506 1344
f 1478 1335 1475
f 1533 1335 1478
f 1506 1335 1533
f 1380 1344 1506
f 2696 1344 1380
f 1344 2692 2688
f 1344 2696 2692
f 1467 1380 1506
f 2743 1380 1467
f 2702 2696 1380
f 2743 2702 1380
f 1438 1504 1742
f 2441 1504 1438
f 1722 1438 1742
f 2532 2441 1438
f 2612 2532 1438
f 1438 2628 2612
f 1438 2642 2628
f 2640 2643 1438
f 2643 2642 1438
f 1467 1506 2768
f 2768 2743 1467
f 2754 1478 1475
f 1475 1490 2747
f 1475 2747 2753
f 2753 2754 1475
f 1533 1478 2754
f 1490 1529 1531
f 2760 1490 1531
f 2747 1490 2760
f 1504 1811 1742
f 1504 1933 1811
f 1933 1504 1946
f 2441 1946 1504
f 1506 1533 1542
f 2768 1506 1542
f 1534 2700 1531
f 2760 1531 2700
f 1533 1543 1542
f 1543 1533 2754
f 1534 1722 2700
f 1542 1543 2805
f 2758 2768 1542
f 2758 1542 2813
f 1542 2805 2810
f 1542 2810 2813
f 2749 1543 2754
f 1543 2749 2775
f 1543 2775 2805
f 2700 1722 1742
f 2698 1742 1811
f 2698 2700 1742
f 1811 1933 2126
f 1811 2126 2425
f 2561 1811 2425
f 2686 1811 2561
f 2698 1811 2686
f 1936 1933 1938
f 1933 1936 2126
f 1946 1938 1933
f 1938 2582 1936
f 1936 2582 2126
f 1946 2492 1938
f 1938 2492 2582
f 1946 2441 2492
f 2126 2582 2425
f 2425 2582 2561
f 2532 2492 2441
f 2532 2612 2492
f 2672 2582 2492
f 2612 2672 2492
f 2582 2686 2561
f 2672 2820 2582
f 2698 2686 2582
f 2820 2698 2582
f 2671 2612 2628
f 2671 2672 2612
f 2642 2671 2628
f 2640 2671 2643
f 2650 2671 2640
f 2643 2671 2642
f 2653 2671 2650
f 2653 2657 2664
f 2653 2664 2671
f 2664 2688 2671
f 2671 2745 2672
f 2688 2701 2671
f 2671 2701 2745
f 2745 2820 2672
f 2692 2701 2688
f 2696 2701 2692
f 2696 2697 2701
f 2702 2697 2696
f 2697 2702 2701
f 2698 2824 2700
f 2820 2824 2698
f 2819 2760 2700
f 2819 2700 2824
f 2701 2702 2772
f 2701 2772 2745
f 2772 2702 2743
f 2768 2752 2743
f 2772 2743 2752
f 2753 2747 2745
f 2747 2760 2745
f 2772 2753 2745
f 2760 2819 2745
f 2819 2820 2745
f 2772 2751 2749
f 2751 2775 2749
f 2772 2749 2754
f 2772 2758 2751
f 2751 2758 2813
f 2775 2751 2805
f 2751 2810 2805
f 2751 2813 2810
f 2768 2769 2752
f 2752 2769 2772
f 2772 2754 2753
f 2758 2774 2768
f 2772 2774 2758
f 2768 2774 2769
f 2769 2774 2772
f 2819 2821 2820
f 2824 2821 2819
f 2821 2825 2820
f 2825 2824 2820
f 2825 2821 2824
f 1370 1379 1377
f 1398 1370 1377
f 1379 1370 1400
f 2735 1370 1398
f 2735 1400 1370
f 1377 1379 1398
f 1398 1379 1400
f 1398 1400 2802
f 2788 2735 1398
f 2788 1398 2802
f 2735 2786 1400
f 1400 2786 2789
f 2802 1400 2789
f 2735 2771 2765
f 2735 2765 2786
f 2771 2735 2788
f 2771 2789 2765
f 2765 2789 2786
f 2771 2788 2789
f 2789 2788 2802
f 1948 1949 2090
f 3198 1949 1948
f 1976 1948 2090
f 3198 1948 1976
f 1949 1958 2090
f 3198 1958 1949
f 1958 1970 2090
f 3241 1970 1958
f 3214 1958 3198
f 3241 1958 3214
f 2063 1970 1994
f 1994 1970 3241
f 2097 1970 2063
f 2090 1970 2097
f 2019 1976 2090
f 1976 2019 3238
f 3238 3198 1976
f 2063 1994 3268
f 3251 1994 3241
f 3268 1994 3251
f 2026 2019 2056
f 3238 2019 2026
f 2056 2019 2090
f 3244 2026 2056
f 3238 2026 3244
f 2056 2090 2091
f 2056 2091 2106
f 2056 2106 3271
f 3249 3244 2056
f 3271 3249 2056
f 2102 2097 2063
f 2107 2102 2063
f 2107 2063 2730
f 2730 2063 3317
f 2063 3268 3285
f 3311 2063 3285
f 3317 2063 3311
f 2091 2090 2163
f 2090 2097 2102
f 2090 2102 2107
f 2090 2107 2124
f 2129 2090 2124
f 2163 2090 2129
f 2138 2106 2091
f 2138 2091 2163
f 3352 2106 2138
f 3271 2106 3352
f 2730 2124 2107
f 2124 2730 2129
f 3346 2163 2129
f 2730 3346 2129
f 2138 2163 2189
f 2138 2189 2198
f 2198 3352 2138
f 2189 2163 3346
f 2221 2198 2189
f 2229 2221 2189
f 2229 2189 3346
f 2219 2198 2221
f 2238 2198 2219
f 2198 2238 3352
f 2229 2219 2221
f 2269 2219 2229
f 2269 2238 2219
f 3383 2269 2229
f 3358 2229 3346
f 2229 3358 3383
f 2269 3390 2238
f 2238 3353 3352
f 3369 3353 2238
f 3387 3369 2238
f 3390 3387 2238
f 3409 2269 3383
f 2269 3415 3390
f 3425 2269 3409
f 3426 3415 2269
f 3430 2269 3425
f 3430 3426 2269
f 2730 3317 3329
f 3329 3337 2730
f 3337 3345 2730
f 2730 3345 3346
f 3198 3211 3213
f 3229 3211 3198
f 3198 3213 3214
f 3229 3198 3238
f 3211 3246 3213
f 3229 3246 3211
f 3213 3246 3214
f 3214 3246 3241
f 3238 3246 3229
f 3244 3249 3238
f 3249 3246 3238
f 3241 3246 3268
f 3241 3268 3251
f 3249 3271 3246
f 3268 3246 3285
f 3271 3304 3246
f 3246 3304 3285
f 3300 3304 3271
f 3271 3352 3300
f 3304 3311 3285
f 3300 3306 3304
f 3300 3352 3306
f 3304 3306 3353
f 3304 3329 3311
f 3304 3337 3329
f 3304 3357 3337
f 3304 3353 3357
f 3353 3306 3352
f 3311 3329 3317
f 3345 3337 3346
f 3337 3357 3346
f 3346 3357 3358
f 3353 3369 3357
f 3357 3383 3358
f 3357 3369 3387
f 3357 3409 3383
f 3357 3387 3390
f 3357 3390 3415
f 3357 3415 3409
f 3409 3415 3425
f 3425 3415 3426
f 3426 3430 3425
f 473 465 460
f 460 465 1256
f 476 460 468
f 468 460 1256
f 476 473 460
f 465 473 489
f 465 489 1256
f 476 468 484
f 1261 484 468
f 1261 468 1256
f 473 476 484
f 490 473 484
f 490 489 473
f 490 484 515
f 484 1732 515
f 1261 1732 484
f 489 490 494
f 501 489 494
f 501 1737 489
f 489 1737 1256
f 494 490 515
f 510 501 494
f 510 494 525
f 553 494 515
f 494 551 525
f 551 494 563
f 565 494 553
f 563 494 565
f 505 501 510
f 1745 501 505
f 1745 1737 501
f 1786 505 510
f 1764 1745 505
f 1777 1764 505
f 1777 505 1786
f 510 525 1831
f 1786 510 1831
f 553 515 527
f 515 1805 527
f 1732 1769 515
f 1769 1781 515
f 515 1781 1805
f 551 1860 525
f 1831 525 1833
f 525 1860 1833
f 1852 553 527
f 527 1805 1852
f 563 1901 551
f 551 1875 1860
f 551 1901 1875
f 565 553 1900
f 1852 1882 553
f 1900 553 1882
f 563 565 579
f 563 579 1901
f 1900 579 565
f 1996 579 1900
f 579 1996 1901
f 1256 1613 1261
f 1256 1598 1613
f 1256 1634 1598
f 1673 1634 1256
f 1256 1737 1673
f 1261 1613 1628
f 1628 1639 1261
f 1639 1645 1261
f 1645 1676 1261
f 1261 1676 1677
f 1261 1677 1711
f 1261 1711 1732
f 1613 1598 1634
f 1628 1613 1677
f 1613 1634 1673
f 1613 1673 1677
f 1628 1645 1639
f 1628 1677 1645
f 1645 1677 1676
f 1677 1673 1711
f 1673 1737 1711
f 1711 1764 1732
f 1737 1745 1711
f 1745 1764 1711
f 1732 1764 1769
f 1769 1764 1781
f 1764 1777 1781
f 1777 1831 1781
f 1786 1831 1777
f 1781 1833 1805
f 1781 1831 1833
f 1805 1833 1860
f 1852 1805 1882
f 1882 1805 1860
f 1860 1875 1882
f 1882 1875 1900
f 1900 1875 1908
f 1875 1901 1920
f 1875 1920 1908
f 1908 1996 1900
f 1901 1996 1920
f 1920 1962 1908
f 1962 1964 1908
f 1908 1964 1996
f 1920 1996 1962
f 1964 1962 1992
f 1962 1996 1992
f 1964 1992 1990
f 1996 1964 1990
f 1992 1996 1990
f 1326 1283 1339
f 1283 1326 2677
f 1339 1283 1327
f 1327 1283 2677
f 1326 1339 1341
f 1326 1341 2726
f 2677 1326 2682
f 2682 1326 2703
f 2703 1326 2726
f 1339 1327 2723
f 2681 1327 2677
f 2708 1327 2681
f 2723 1327 2708
f 1341 1339 1397
f 1339 1396 1397
f 1396 1339 2723
f 1390 1341 1397
f 2726 1341 1390
f 2739 1390 1397
f 2741 2726 1390
f 2741 1390 2739
f 1397 1396 2737
f 2737 1396 2723
f 2737 2739 1397
f 2677 2682 2681
f 2682 2708 2681
f 2682 2703 2708
f 2708 2703 2720
f 2720 2703 2726
f 2720 2723 2708
f 2723 2720 2737
f 2720 2726 2728
f 2720 2728 2739
f 2737 2720 2739
f 2728 2726 2741
f 2739 2728 2741
f 732 743 742
f 754 732 742
f 750 743 732
f 762 750 732
f 754 791 732
f 762 732 2228
f 732 791 2228
f 754 742 743
f 754 743 750
f 754 750 791
f 791 750 762
f 791 762 2250
f 2233 762 2228
f 2233 2250 762
f 791 2239 2228
f 2260 2239 791
f 791 2250 2260
f 2228 2239 2233
f 2239 2260 2233
f 2233 2260 2250
f 223 230 231
f 223 237 230
f 223 231 238
f 223 246 237
f 223 238 243
f 223 243 1033
f 246 223 1033
f 231 230 237
f 231 237 238
f 250 238 237
f 237 246 250
f 243 238 250
f 243 250 252
f 243 252 1097
f 1033 243 1097
f 244 245 254
f 1106 245 244
f 254 1106 244
f 245 253 254
f 245 1104 253
f 1106 1104 245
f 246 1114 250
f 1114 246 1033
f 273 252 250
f 273 250 286
f 286 250 297
f 250 1114 297
f 252 273 259
f 1097 252 259
f 272 254 253
f 272 253 259
f 253 1104 259
f 272 263 254
f 254 263 1106
f 273 272 259
f 1109 1097 259
f 1104 1109 259
f 263 272 287
f 263 287 1130
f 263 1130 1106
f 272 273 281
f 279 272 281
f 272 279 287
f 281 273 286
f 279 281 286
f 287 279 286
f 287 286 290
f 286 319 290
f 286 297 301
f 286 301 319
f 290 1210 287
f 1130 287 1152
f 1152 287 1174
f 1174 287 1195
f 1195 287 1210
f 313 304 290
f 290 304 1210
f 313 290 323
f 290 319 323
f 297 1176 301
f 297 1114 1116
f 1116 1176 297
f 301 320 319
f 1216 320 301
f 1176 1186 301
f 1186 1205 301
f 1205 1216 301
f 304 313 1239
f 1210 304 1214
f 304 1239 1214
f 323 1302 313
f 1239 313 1265
f 313 1295 1265
f 313 1302 1295
f 319 320 336
f 319 1300 323
f 319 336 1300
f 336 320 1248
f 1216 1246 320
f 1248 320 1246
f 1300 1306 323
f 323 1317 1302
f 1306 1317 323
f 1250 336 1248
f 1312 336 1250
f 1300 336 1312
f 1033 1051 1050
f 1050 1099 1033
f 1051 1033 1097
f 1099 1114 1033
f 1051 1112 1050
f 1050 1112 1099
f 1051 1097 1112
f 1098 1097 1109
f 1098 1112 1097
f 1098 1109 1112
f 1099 1112 1111
f 1099 1111 1114
f 1104 1106 1152
f 1109 1104 1152
f 1106 1130 1152
f 1109 1152 1112
f 1112 1116 1111
f 1111 1116 1114
f 1112 1176 1116
f 1112 1152 1185
f 1176 1112 1186
f 1112 1185 1186
f 1185 1152 1174
f 1174 1195 1185
f 1185 1205 1186
f 1195 1246 1185
f 1216 1205 1185
f 1246 1216 1185
f 1195 1210 1246
f 1210 1214 1246
f 1214 1239 1265
f 1246 1214 1248
f 1248 1214 1250
f 1214 1265 1250
f 1250 1265 1306
f 1300 1250 1306
f 1300 1312 1250
f 1306 1265 1295
f 1295 1302 1317
f 1295 1317 1306
f 1804 1763 1779
f 1779 1763 3035
f 3057 1763 1804
f 3035 1763 3057
f 1804 1779 1794
f 1794 1779 3060
f 3035 3051 1779
f 3060 1779 3051
f 1804 1794 1922
f 1906 1794 1838
f 1794 3060 1838
f 1943 1794 1906
f 1922 1794 1943
f 1922 1848 1804
f 3074 1804 1848
f 3074 3057 1804
f 1906 1838 3118
f 3060 3080 1838
f 1838 3080 3113
f 3116 1838 3113
f 3118 1838 3116
f 1922 1896 1848
f 1896 3074 1848
f 1922 1929 1896
f 1929 3148 1896
f 1896 3105 3074
f 3148 3105 1896
f 1943 1906 3184
f 3168 1906 3118
f 1906 3168 3184
f 1922 1943 1929
f 1929 1943 2042
f 1929 2042 3216
f 1929 3159 3148
f 1929 3216 3159
f 2042 1943 3184
f 3215 3183 2042
f 3216 2042 3183
f 3261 2042 3184
f 3215 2042 3263
f 3263 2042 3261
f 3051 3035 3057
f 3057 3074 3051
f 3060 3051 3117
f 3051 3074 3105
f 3051 3105 3117
f 3060 3117 3080
f 3080 3117 3113
f 3105 3135 3117
f 3148 3135 3105
f 3113 3117 3116
f 3116 3117 3118
f 3117 3168 3118
f 3135 3159 3117
f 3117 3159 3216
f 3117 3232 3168
f 3117 3216 3233
f 3117 3233 3232
f 3135 3148 3159
f 3168 3232 3184
f 3183 3215 3204
f 3232 3183 3204
f 3183 3233 3216
f 3232 3233 3183
f 3232 3204 3184
f 3261 3184 3204
f 3215 3261 3204
f 3215 3263 3261
f 2040 2042 2082
f 2040 3263 2042
f 2044 2040 2114
f 2044 3265 2040
f 2040 2082 2114
f 3265 3263 2040
f 2082 2042 3263
f 2080 2044 2072
f 2072 2044 2115
f 3276 2044 2080
f 2044 2114 2115
f 2044 3276 3265
f 2080 2072 2115
f 2105 2080 2115
f 2161 2080 2105
f 2172 2080 2161
f 3344 2080 2172
f 3344 3276 2080
f 2120 2114 2082
f 2169 2120 2082
f 2169 2082 3341
f 2082 3263 3341
f 2105 2115 2168
f 2161 2105 2168
f 2115 2114 2120
f 2115 2120 2169
f 2115 2169 2168
f 2161 2168 2172
f 2168 2169 2176
f 2172 2168 2186
f 2168 2176 2209
f 2186 2168 2336
f 2168 2209 2225
f 2168 2225 2274
f 2168 2274 2336
f 2209 2176 2169
f 2209 2169 3341
f 2204 2172 2186
f 2204 3344 2172
f 2186 2336 2204
f 2204 2304 2259
f 2204 2259 3378
f 2204 2336 2304
f 2204 3362 3344
f 3378 3362 2204
f 3381 2225 2209
f 2209 3341 3379
f 3379 3381 2209
f 2274 2225 2249
f 2225 3411 2249
f 2225 3381 3411
f 2249 3411 2274
f 3444 2259 2304
f 3378 2259 3397
f 2259 3416 3397
f 2259 3436 3416
f 2259 3444 3436
f 2274 2357 2336
f 3451 2357 2274
f 2274 3411 3414
f 2274 3414 3451
f 2304 2336 2357
f 2347 2304 2375
f 3465 2304 2347
f 2304 2357 2375
f 3465 3444 2304
f 3465 2347 2375
f 3478 2375 2357
f 3451 3453 2357
f 2357 3453 3469
f 3469 3478 2357
f 3470 3465 2375
f 3490 3470 2375
f 3501 2375 3478
f 3490 2375 3521
f 3521 2375 3501
f 3263 3265 3294
f 3341 3263 3294
f 3265 3276 3302
f 3265 3302 3294
f 3344 3302 3276
f 3302 3341 3294
f 3334 3302 3344
f 3302 3334 3348
f 3302 3348 3341
f 3334 3344 3362
f 3348 3334 3364
f 3364 3334 3362
f 3348 3364 3341
f 3379 3341 3364
f 3362 3379 3364
f 3362 3378 3381
f 3362 3381 3379
f 3378 3397 3381
f 3381 3397 3414
f 3411 3381 3414
f 3414 3397 3416
f 3416 3451 3414
f 3416 3436 3453
f 3416 3453 3451
f 3436 3444 3470
f 3453 3436 3469
f 3436 3470 3469
f 3444 3465 3470
f 3470 3478 3469
f 3470 3490 3478
f 3478 3490 3501
f 3490 3521 3501
f 1940 1939 2047
f 1940 3178 1939
f 2047 1939 3226
f 1939 3178 3203
f 1939 3203 3226
f 2087 1965 1940
f 1940 1965 3178
f 2048 1940 2047
f 2048 2087 1940
f 2087 2012 1965
f 3228 1965 2012
f 1965 3228 3178
f 2054 2012 2087
f 2012 2054 3253
f 3242 3228 2012
f 3242 2012 3253
f 2047 3226 2048
f 2087 2048 2098
f 2098 2048 2134
f 3226 2134 2048
f 2078 2054 2099
f 3253 2054 2078
f 2054 2087 2095
f 2054 2095 2099
f 2135 2078 2099
f 2135 3296 2078
f 3256 3253 2078
f 3273 3256 2078
f 3273 2078 3296
f 2095 2087 2098
f 2099 2095 2098
f 2099 2098 2144
f 2202 2098 2134
f 2202 2144 2098
f 2135 2099 2144
f 3376 2202 2134
f 3226 3252 2134
f 3252 3376 2134
f 3373 2135 2144
f 3373 3296 2135
f 2194 2144 2202
f 2194 3373 2144
f 2197 2194 2199
f 3386 2194 2197
f 2194 2202 2199
f 3386 3373 2194
f 2199 3386 2197
f 2199 2202 2215
f 2199 2215 3389
f 2199 3389 3386
f 3376 2215 2202
f 3391 2215 3376
f 3389 2215 3391
f 3178 3202 3203
f 3228 3202 3178
f 3203 3202 3248
f 3202 3228 3248
f 3226 3203 3248
f 3226 3248 3252
f 3242 3255 3228
f 3248 3228 3255
f 3242 3253 3255
f 3255 3252 3248
f 3255 3277 3252
f 3252 3277 3376
f 3253 3256 3255
f 3256 3273 3255
f 3255 3273 3325
f 3277 3255 3319
f 3255 3325 3319
f 3325 3273 3296
f 3330 3277 3319
f 3376 3277 3330
f 3325 3296 3324
f 3347 3324 3296
f 3373 3347 3296
f 3319 3325 3330
f 3324 3347 3325
f 3325 3376 3330
f 3347 3388 3325
f 3325 3391 3376
f 3325 3388 3389
f 3325 3389 3391
f 3347 3373 3386
f 3386 3388 3347
f 3389 3388 3386
f 2082 2042 2096
f 2082 3263 2042
f 2042 3263 2096
f 2113 2082 2096
f 2082 2113 3341
f 3341 3263 2082
f 2112 2113 2096
f 2112 2096 2130
f 2130 2096 2174
f 2096 3355 2174
f 2096 3263 3355
f 2122 2113 2112
f 2130 2122 2112
f 3341 2113 2122
f 2122 2130 2171
f 3365 2122 2171
f 3349 3341 2122
f 3349 2122 3365
f 2171 2130 2174
f 2181 2171 2174
f 2171 2181 3377
f 3377 3365 2171
f 2184 2181 2174
f 2184 2174 2244
f 2174 3355 2244
f 2348 2181 2184
f 2232 2181 2261
f 2181 2232 3385
f 2348 2261 2181
f 3377 2181 3385
f 2297 2184 2244
f 2297 2348 2184
f 3413 2232 2261
f 3413 3385 2232
f 2244 3393 2297
f 2244 3355 3370
f 3370 3393 2244
f 2281 2261 2348
f 2261 2281 3422
f 3422 3413 2261
f 2339 2281 2373
f 3422 2281 2339
f 2281 2348 2373
f 2348 2297 3459
f 2297 3393 3402
f 2297 3402 3423
f 2297 3423 3459
f 2365 2339 2353
f 2339 2373 2353
f 3445 2339 2365
f 3422 2339 3445
f 2373 2348 3459
f 2426 2365 2353
f 2353 2373 2398
f 2353 2398 2442
f 2426 2353 2442
f 2426 3301 2365
f 2365 3301 3492
f 3462 3445 2365
f 3462 2365 3468
f 3468 2365 3492
f 2437 2398 2373
f 2437 2373 3483
f 3461 2373 3459
f 2373 3461 3474
f 3483 2373 3474
f 2437 2436 2398
f 2442 2398 2436
f 2426 2442 2521
f 2426 2521 2590
f 2426 2590 2887
f 2426 2887 2891
f 2426 2891 3295
f 2426 3295 3301
f 2436 2437 2454
f 2442 2436 2521
f 2521 2436 2454
f 2662 2454 2437
f 3512 2662 2437
f 3512 2437 3483
f 2521 2454 2590
f 2454 2584 2590
f 2584 2454 2662
f 2590 2584 2890
f 2890 2584 2662
f 2887 2590 2890
f 2662 2884 2890
f 2662 3512 2884
f 2890 2884 3313
f 3313 2884 3109
f 2884 3512 3109
f 2887 2890 2891
f 2891 2890 3313
f 3295 2891 3313
f 3109 3307 3313
f 3512 3307 3109
f 3263 3294 3291
f 3321 3263 3291
f 3341 3294 3263
f 3355 3263 3321
f 3294 3367 3291
f 3291 3367 3321
f 3294 3341 3367
f 3301 3295 3314
f 3295 3313 3314
f 3301 3314 3492
f 3427 3313 3307
f 3512 3427 3307
f 3313 3486 3314
f 3502 3313 3427
f 3502 3486 3313
f 3314 3486 3492
f 3351 3355 3321
f 3321 3367 3351
f 3341 3349 3367
f 3349 3365 3367
f 3351 3367 3355
f 3355 3367 3370
f 3365 3377 3367
f 3367 3402 3370
f 3367 3377 3412
f 3367 3412 3402
f 3370 3402 3393
f 3377 3385 3413
f 3377 3413 3412
f 3412 3423 3402
f 3413 3422 3412
f 3422 3467 3412
f 3412 3461 3423
f 3412 3467 3461
f 3422 3445 3467
f 3423 3461 3459
f 3502 3427 3491
f 3512 3491 3427
f 3462 3467 3445
f 3461 3467 3474
f 3462 3468 3467
f 3468 3522 3467
f 3467 3483 3474
f 3467 3522 3483
f 3468 3492 3515
f 3468 3515 3522
f 3512 3483 3513
f 3483 3522 3513
f 3492 3486 3503
f 3503 3486 3502
f 3500 3502 3491
f 3512 3500 3491
f 3492 3503 3505
f 3492 3505 3515
f 3513 3502 3500
f 3512 3513 3500
f 3505 3503 3502
f 3505 3502 3522
f 3522 3502 3513
f 3505 3523 3515
f 3523 3505 3522
f 3515 3523 3522
f 1222 1220 1243
f 1222 2545 1220
f 1220 1224 1244
f 1224 1220 2545
f 1243 1220 1244
f 1243 1235 1222
f 1222 1235 2545
f 1224 1287 1244
f 1251 1287 1224
f 1251 1224 2545
f 1243 1244 1235
f 1244 1287 1235
f 1287 1438 1235
f 1235 1438 2640
f 1235 2640 2545
f 1251 1504 1287
f 1251 1488 1504
f 1488 1251 2537
f 2537 1251 2545
f 1438 1287 1504
f 1504 2441 1438
f 1438 2441 2532
f 1438 2532 2612
f 2612 2628 1438
f 2628 2642 1438
f 1438 2643 2640
f 2642 2643 1438
f 1488 1934 1504
f 1869 1934 1488
f 1488 2055 1869
f 1488 2438 2055
f 2438 1488 2537
f 1504 1934 1933
f 1933 1946 1504
f 1504 1946 2441
f 1869 1945 1934
f 1869 2055 1945
f 1933 1934 1936
f 1936 1938 1933
f 1938 1946 1933
f 1934 1938 1936
f 1934 1946 1938
f 1945 2055 1934
f 1934 2441 1946
f 1934 2055 2441
f 2441 2055 2438
f 2537 2441 2438
f 2537 2532 2441
f 2537 2597 2532
f 2532 2597 2612
f 2537 2545 2597
f 2597 2545 2640
f 2614 2612 2597
f 2597 2640 2614
f 2628 2612 2614
f 2632 2628 2614
f 2614 2640 2632
f 2632 2642 2628
f 2632 2640 2643
f 2643 2642 2632
f 1215 1200 1182
f 1182 1200 2626
f 1215 1182 2626
f 1249 1200 1215
f 1242 1200 1249
f 2654 1200 1242
f 2626 1200 2639
f 1200 2654 2639
f 1249 1215 2665
f 2638 1215 2626
f 2663 1215 2638
f 2665 1215 2663
f 1242 1249 1305
f 1283 1242 1327
f 1242 1283 2654
f 1339 1242 1305
f 1327 1242 1339
f 1305 1249 2665
f 1283 1327 2677
f 1283 2669 2654
f 2677 2669 1283
f 1305 1338 1339
f 1305 1357 1338
f 1357 1305 2685
f 2673 1305 2665
f 2673 2685 1305
f 2723 1327 1339
f 1327 2681 2677
f 1327 2708 2681
f 2723 2708 1327
f 1339 1338 1412
f 1338 1357 1412
f 1396 1339 1412
f 1396 2723 1339
f 1357 1439 1412
f 1439 1357 2734
f 2734 1357 2685
f 1396 1412 2737
f 1396 2737 2723
f 2764 1412 1439
f 2737 1412 2764
f 1439 2734 2773
f 2773 2764 1439
f 2638 2626 2639
f 2639 2675 2638
f 2638 2675 2663
f 2639 2654 2675
f 2654 2669 2675
f 2663 2675 2665
f 2665 2675 2673
f 2669 2681 2675
f 2669 2677 2681
f 2675 2676 2673
f 2676 2685 2673
f 2675 2685 2676
f 2681 2714 2675
f 2675 2714 2685
f 2681 2708 2714
f 2685 2714 2712
f 2712 2734 2685
f 2708 2720 2714
f 2723 2720 2708
f 2712 2714 2721
f 2721 2734 2712
f 2714 2720 2742
f 2714 2746 2721
f 2714 2742 2746
f 2742 2720 2723
f 2734 2721 2746
f 2742 2723 2737
f 2734 2746 2756
f 2756 2773 2734
f 2742 2737 2764
f 2746 2742 2764
f 2746 2764 2756
f 2756 2764 2773
f 1054 1056 1075
f 1054 2543 1056
f 1054 1075 1074
f 1074 1077 1054
f 1077 2543 1054
f 1075 1056 2542
f 2543 2542 1056
f 1074 1075 1095
f 1100 1077 1074
f 1100 1074 1095
f 1075 2555 1095
f 2542 2555 1075
f 2585 1077 1100
f 1077 2547 2543
f 1077 2568 2547
f 1077 2585 2568
f 1126 1095 1096
f 2555 1096 1095
f 1100 1095 1126
f 2596 1126 1096
f 2574 1096 2555
f 2594 1096 2574
f 2596 1096 2594
f 1127 1100 1126
f 1127 2585 1100
f 1127 1126 1143
f 1143 1126 2596
f 1134 1127 1143
f 1134 2585 1127
f 1146 1134 1143
f 1149 1134 1146
f 2601 1134 1149
f 2601 2585 1134
f 1143 1157 1146
f 1143 1158 1157
f 1158 1143 2611
f 2611 1143 2596
f 1146 1157 1149
f 1149 1157 1218
f 1149 1218 1225
f 1149 1225 2623
f 2620 2601 1149
f 2620 1149 2623
f 1157 1158 1206
f 1218 1157 1206
f 1206 1158 1184
f 1184 1158 2627
f 2611 2627 1158
f 1184 2627 1206
f 1237 1218 1206
f 2658 1237 1206
f 2627 2641 1206
f 2641 2658 1206
f 1225 1218 1245
f 1218 1237 1245
f 1225 1245 2645
f 2623 1225 2645
f 1245 1237 1341
f 1237 1283 1326
f 1283 1237 2658
f 1237 1326 1341
f 1245 1342 1292
f 1292 2687 1245
f 1245 1341 1342
f 2645 1245 2648
f 2648 1245 2656
f 1245 2667 2656
f 2687 2667 1245
f 2677 1326 1283
f 2666 1283 2658
f 1283 2666 2677
f 1292 1342 2719
f 2699 2687 1292
f 2719 2699 1292
f 1326 2726 1341
f 2677 2682 1326
f 2682 2703 1326
f 2703 2726 1326
f 1342 1341 1390
f 2726 1390 1341
f 1342 1390 2741
f 2732 2719 1342
f 2732 1342 2741
f 2741 1390 2726
f 2543 2555 2542
f 2547 2555 2543
f 2555 2547 2574
f 2574 2547 2568
f 2574 2568 2594
f 2594 2568 2585
f 2594 2585 2601
f 2594 2611 2596
f 2601 2620 2594
f 2594 2644 2611
f 2620 2644 2594
f 2627 2611 2641
f 2611 2648 2641
f 2611 2644 2648
f 2620 2623 2644
f 2644 2623 2645
f 2648 2656 2641
f 2641 2656 2658
f 2644 2645 2648
f 2658 2656 2666
f 2656 2667 2666
f 2666 2667 2682
f 2666 2682 2677
f 2667 2687 2682
f 2682 2687 2703
f 2687 2699 2703
f 2699 2726 2703
f 2699 2719 2732
f 2726 2699 2728
f 2699 2732 2728
f 2726 2728 2741
f 2728 2732 2741
f 2078 2099 2100
f 2135 2099 2078
f 2100 2117 2078
f 2117 3296 2078
f 2078 3296 2135
f 2100 2099 2135
f 2117 2100 2144
f 2144 2100 2135
f 2159 2117 2144
f 2159 3320 2117
f 2117 3320 3296
f 2144 2135 3373
f 2135 3296 3373
f 2159 2144 2192
f 2192 2144 2194
f 2194 2144 3373
f 2192 2180 2159
f 2159 2180 3320
f 2192 3382 2180
f 3320 2180 3356
f 2180 3382 3356
f 2192 2194 2197
f 2192 2197 3382
f 2197 2194 3386
f 3373 3386 2194
f 2197 3386 3382
f 3324 3296 3320
f 3347 3296 3324
f 3373 3296 3347
f 3320 3323 3324
f 3320 3356 3323
f 3324 3323 3347
f 3347 3323 3356
f 3347 3356 3373
f 3356 3386 3373
f 3356 3382 3386
f 2197 2199 2230
f 2199 2197 3386
f 2197 2230 3401
f 2197 3401 3386
f 2226 2199 2215
f 3389 2215 2199
f 2199 2226 2230
f 2199 3386 3389
f 2272 2226 2215
f 2272 2215 3391
f 3389 3391 2215
f 2272 2230 2226
f 2255 2230 2280
f 2230 2255 3401
f 2280 2230 2272
f 2263 2255 2335
f 2255 2263 3401
f 2255 2280 2335
f 2263 2335 3401
f 2280 2272 3407
f 2272 3391 3399
f 2272 3399 3407
f 2280 3407 2335
f 3401 2335 3405
f 3405 2335 3419
f 3407 3408 2335
f 3408 3441 2335
f 3419 2335 3457
f 3441 3456 2335
f 3456 3460 2335
f 3457 2335 3463
f 3460 3476 2335
f 2335 3476 3463
f 3389 3386 3388
f 3386 3406 3388
f 3386 3401 3405
f 3405 3406 3386
f 3388 3406 3389
f 3391 3389 3399
f 3389 3406 3399
f 3399 3406 3407
f 3405 3419 3406
f 3407 3406 3408
f 3406 3441 3408
f 3406 3419 3456
f 3441 3406 3456
f 3456 3419 3457
f 3456 3457 3460
f 3457 3463 3460
f 3460 3463 3476
f 653 632 662
f 653 2118 632
f 662 632 654
f 632 2118 654
f 653 662 682
f 653 682 2167
f 653 2166 2118
f 2167 2166 653
f 663 654 660
f 2132 660 654
f 662 654 663
f 2118 2127 654
f 2127 2131 654
f 2131 2132 654
f 660 686 663
f 686 660 2132
f 662 663 682
f 682 663 686
f 699 682 686
f 720 682 699
f 721 682 720
f 2167 682 721
f 710 686 693
f 2132 693 686
f 699 686 710
f 710 693 2196
f 2132 2196 693
f 699 710 2243
f 2241 720 699
f 699 2242 2241
f 699 2243 2242
f 2213 710 2196
f 2234 710 2213
f 2243 710 2234
f 720 733 721
f 733 720 2241
f 721 736 725
f 2167 721 725
f 721 733 736
f 725 736 735
f 746 725 735
f 2223 725 746
f 2217 2167 725
f 2217 725 2223
f 733 2289 736
f 2253 733 2241
f 2257 733 2253
f 2257 2289 733
f 735 736 746
f 746 736 2289
f 2285 2223 746
f 2285 746 2289
f 2127 2118 2166
f 2127 2166 2131
f 2131 2213 2132
f 2166 2217 2131
f 2217 2213 2131
f 2196 2132 2213
f 2167 2217 2166
f 2217 2241 2213
f 2234 2213 2241
f 2217 2223 2253
f 2241 2217 2253
f 2223 2285 2253
f 2234 2241 2242
f 2234 2242 2243
f 2257 2253 2285
f 2257 2285 2289
f 1032 1071 1057
f 2498 1032 1057
f 1032 2498 1071
f 1057 1071 1076
f 1076 2540 1057
f 2502 2498 1057
f 2502 1057 2540
f 1071 1078 1076
f 1071 1091 1078
f 2556 1091 1071
f 2498 2503 1071
f 2503 2556 1071
f 1093 1076 1078
f 1076 1093 2563
f 2540 1076 2563
f 1093 1078 1091
f 1124 1093 1091
f 1124 1091 1123
f 2556 1123 1091
f 2563 1093 1124
f 1141 1124 1123
f 1141 1123 1136
f 1123 1155 1136
f 2556 1155 1123
f 1141 2579 1124
f 2563 1124 2577
f 1124 2579 2577
f 1141 1136 1160
f 1136 1155 1161
f 1136 1161 1160
f 1160 2579 1141
f 1155 1181 1161
f 1181 1155 2592
f 2556 2581 1155
f 1155 2581 2592
f 1161 1249 1160
f 1171 1160 1182
f 1171 2579 1160
f 1182 1160 1215
f 1249 1215 1160
f 1229 1161 1181
f 1253 1161 1229
f 1253 1249 1161
f 2626 1171 1182
f 2593 2579 1171
f 2600 2593 1171
f 2626 2600 1171
f 1229 1181 2635
f 2625 1181 2592
f 2625 2631 1181
f 2631 2635 1181
f 1182 1215 2626
f 1215 1249 2665
f 2626 1215 2638
f 2638 1215 2663
f 1215 2665 2663
f 2652 1253 1229
f 2646 1229 2635
f 1229 2646 2652
f 1249 1253 1260
f 1305 1249 1260
f 1305 2665 1249
f 2684 1260 1253
f 2670 1253 2652
f 2684 1253 2670
f 1305 1260 1338
f 1338 1260 1337
f 2684 1337 1260
f 1305 1338 1357
f 1305 1357 2685
f 2673 2665 1305
f 2673 1305 2685
f 1337 1357 1338
f 1337 1343 1444
f 2684 1343 1337
f 1337 1444 1357
f 1343 1376 1444
f 1376 1343 2704
f 2684 2704 1343
f 1357 1444 1439
f 2734 1357 1439
f 1357 2734 2685
f 1376 1465 1444
f 2740 1465 1376
f 2707 1376 2704
f 2707 2740 1376
f 1444 2773 1439
f 2734 1439 2773
f 2782 1444 1465
f 2777 2773 1444
f 2777 1444 2782
f 2776 1465 2740
f 2776 2782 1465
f 2498 2502 2503
f 2503 2502 2523
f 2502 2518 2523
f 2518 2502 2540
f 2523 2539 2503
f 2503 2539 2556
f 2523 2518 2526
f 2518 2529 2526
f 2529 2518 2540
f 2526 2539 2523
f 2529 2583 2526
f 2526 2583 2539
f 2529 2540 2583
f 2539 2583 2556
f 2540 2563 2583
f 2556 2571 2581
f 2556 2583 2571
f 2563 2577 2583
f 2571 2583 2581
f 2577 2579 2593
f 2577 2593 2583
f 2583 2636 2581
f 2592 2581 2625
f 2581 2636 2625
f 2593 2600 2583
f 2583 2600 2636
f 2638 2600 2626
f 2636 2600 2638
f 2625 2636 2631
f 2631 2646 2635
f 2636 2646 2631
f 2638 2663 2636
f 2636 2670 2646
f 2636 2663 2665
f 2636 2665 2673
f 2636 2673 2670
f 2646 2670 2652
f 2670 2673 2683
f 2683 2684 2670
f 2673 2676 2683
f 2676 2673 2685
f 2676 2684 2683
f 2676 2685 2684
f 2684 2685 2712
f 2704 2684 2712
f 2685 2734 2712
f 2707 2704 2712
f 2707 2712 2721
f 2731 2707 2721
f 2731 2740 2707
f 2712 2734 2721
f 2721 2756 2731
f 2721 2734 2756
f 2731 2756 2740
f 2756 2734 2773
f 2740 2756 2762
f 2762 2776 2740
f 2762 2756 2777
f 2756 2773 2777
f 2776 2762 2781
f 2762 2777 2782
f 2781 2762 2782
f 2781 2782 2776
f 10 1 2
f 16 2 1
f 1 7 8
f 81 7 1
f 1 8 17
f 10 74 1
f 16 1 17
f 74 81 1
f 16 9 2
f 9 247 2
f 2 247 10
f 8 7 533
f 81 75 7
f 526 7 75
f 533 7 526
f 17 8 22
f 22 8 533
f 587 9 16
f 9 328 247
f 497 328 9
f 528 497 9
f 528 9 567
f 567 9 578
f 587 578 9
f 74 10 247
f 16 17 18
f 587 16 18
f 28 18 17
f 27 17 22
f 28 17 27
f 28 587 18
f 22 533 27
f 28 27 33
f 27 533 33
f 28 33 35
f 35 587 28
f 35 33 34
f 34 33 584
f 533 569 33
f 33 569 584
f 35 34 67
f 59 34 41
f 41 34 621
f 67 34 59
f 34 584 621
f 44 35 60
f 35 44 638
f 60 35 67
f 638 587 35
f 59 41 652
f 621 634 41
f 636 41 634
f 652 41 636
f 638 44 60
f 67 59 68
f 68 59 696
f 694 59 652
f 696 59 694
f 60 67 82
f 90 60 82
f 60 90 690
f 647 638 60
f 690 647 60
f 82 67 68
f 82 68 84
f 696 84 68
f 74 120 81
f 74 247 120
f 81 83 75
f 75 83 507
f 526 75 507
f 81 129 83
f 81 120 193
f 129 81 208
f 81 193 208
f 90 82 84
f 129 395 83
f 83 395 507
f 90 84 91
f 696 91 84
f 90 91 104
f 90 104 115
f 90 115 690
f 91 105 104
f 749 105 91
f 749 91 696
f 108 104 105
f 115 104 108
f 108 105 107
f 107 105 753
f 749 753 105
f 108 107 115
f 115 107 117
f 117 107 753
f 115 117 122
f 748 115 122
f 690 115 692
f 115 719 692
f 727 719 115
f 727 115 748
f 122 117 118
f 118 117 753
f 122 118 153
f 144 118 124
f 753 124 118
f 153 118 144
f 193 120 187
f 120 247 187
f 153 132 122
f 748 122 132
f 144 124 796
f 796 124 753
f 208 251 129
f 251 395 129
f 158 147 132
f 147 816 132
f 158 132 153
f 784 748 132
f 784 132 792
f 132 816 792
f 153 144 824
f 808 144 796
f 144 808 824
f 158 853 147
f 147 848 816
f 853 848 147
f 158 153 157
f 878 157 153
f 828 153 824
f 878 153 828
f 158 157 168
f 157 195 168
f 205 157 173
f 157 878 173
f 205 195 157
f 158 168 853
f 168 195 928
f 168 866 853
f 928 866 168
f 220 205 173
f 221 220 173
f 221 173 957
f 878 957 173
f 187 379 193
f 247 328 187
f 328 379 187
f 193 251 208
f 193 394 251
f 193 379 394
f 968 195 205
f 928 195 961
f 195 968 961
f 1020 205 220
f 995 968 205
f 995 205 1020
f 220 221 223
f 1020 220 223
f 223 221 957
f 998 223 957
f 223 998 1033
f 1020 223 1033
f 251 394 395
f 328 377 379
f 377 328 497
f 377 497 379
f 379 519 394
f 497 519 379
f 395 394 507
f 394 519 507
f 497 528 519
f 507 519 526
f 519 580 526
f 528 573 519
f 519 573 580
f 526 580 533
f 528 567 573
f 533 580 569
f 567 578 573
f 580 584 569
f 578 587 573
f 573 640 580
f 573 587 641
f 573 641 640
f 584 580 621
f 580 640 621
f 641 587 638
f 634 621 636
f 621 640 636
f 636 640 652
f 647 641 638
f 641 647 640
f 647 690 640
f 652 640 694
f 690 692 640
f 640 692 719
f 640 719 694
f 694 727 696
f 719 727 694
f 727 749 696
f 727 748 749
f 749 748 753
f 753 748 784
f 753 784 767
f 767 796 753
f 784 808 767
f 767 808 796
f 792 808 784
f 808 792 828
f 792 816 828
f 824 808 828
f 828 816 848
f 868 828 848
f 868 878 828
f 861 848 853
f 868 848 861
f 866 861 853
f 861 866 878
f 861 878 868
f 878 866 915
f 866 950 915
f 866 928 950
f 878 915 957
f 915 950 940
f 915 940 952
f 957 915 952
f 928 961 950
f 950 961 940
f 940 961 952
f 952 995 957
f 952 961 995
f 995 998 957
f 961 968 995
f 995 1020 998
f 998 1024 1019
f 1033 998 1019
f 998 1020 1024
f 1024 1033 1019
f 1024 1020 1033
f 819 802 791
f 802 2260 791
f 791 2260 819
f 881 802 819
f 840 820 802
f 2303 802 820
f 881 840 802
f 802 2284 2260
f 2303 2284 802
f 881 819 2366
f 819 2260 2290
f 819 2290 2337
f 819 2337 2366
f 2329 820 840
f 2329 2303 820
f 840 881 2385
f 2340 2329 840
f 2385 2340 840
f 881 2366 2376
f 881 2376 2406
f 2385 881 2409
f 881 2406 2409
f 2264 2266 2260
f 2284 2264 2260
f 2290 2260 2266
f 2264 2290 2266
f 2284 2290 2264
f 2290 2284 2337
f 2337 2284 2303
f 2303 2329 2340
f 2303 2340 2337
f 2340 2366 2337
f 2366 2340 2386
f 2340 2385 2386
f 2366 2386 2376
f 2386 2405 2376
f 2405 2406 2376
f 2409 2386 2385
f 2405 2386 2409
f 2406 2405 2409
f 729 724 741
f 729 2147 724
f 752 741 724
f 724 2147 752
f 729 741 740
f 740 760 729
f 729 760 795
f 2200 729 795
f 729 2157 2147
f 729 2200 2157
f 740 741 752
f 755 740 752
f 760 740 755
f 2278 755 752
f 752 2147 2153
f 752 2153 2258
f 2267 752 2258
f 2278 752 2267
f 760 755 811
f 811 755 820
f 755 2302 820
f 2278 2302 755
f 795 760 811
f 817 795 811
f 795 817 2252
f 2200 795 2247
f 795 2252 2247
f 811 2327 817
f 811 820 2327
f 2252 817 2286
f 2286 817 2330
f 2327 2334 817
f 817 2349 2330
f 2334 2349 817
f 2329 820 2302
f 2327 820 2328
f 2328 820 2329
f 2147 2148 2150
f 2147 2157 2148
f 2153 2147 2150
f 2150 2148 2153
f 2153 2148 2157
f 2157 2258 2153
f 2157 2200 2258
f 2200 2247 2258
f 2247 2252 2286
f 2258 2247 2267
f 2247 2286 2267
f 2278 2267 2327
f 2327 2267 2286
f 2302 2278 2328
f 2328 2278 2327
f 2327 2286 2334
f 2334 2286 2330
f 2302 2328 2329
f 2334 2330 2349
f 442 454 455
f 454 442 1621
f 442 455 1621
f 455 454 461
f 469 454 457
f 1621 457 454
f 461 454 469
f 1621 455 461
f 469 457 458
f 1694 458 457
f 1694 457 1621
f 470 458 459
f 459 458 1697
f 469 458 470
f 1694 1695 458
f 1695 1697 458
f 467 470 459
f 467 459 1682
f 1682 459 1697
f 461 469 502
f 461 502 503
f 461 503 1728
f 1621 461 1713
f 461 1728 1713
f 1719 470 467
f 467 1682 1699
f 1719 467 1699
f 469 470 502
f 470 493 499
f 1746 493 470
f 470 499 502
f 1746 470 1719
f 499 493 1770
f 1770 493 1746
f 503 502 499
f 554 503 499
f 499 516 532
f 1801 516 499
f 554 499 532
f 1801 499 1770
f 550 511 503
f 503 511 1812
f 550 503 554
f 1728 503 1738
f 1738 503 1761
f 503 1812 1761
f 541 511 550
f 511 541 1890
f 511 1830 1812
f 511 1832 1830
f 511 1890 1832
f 1816 532 516
f 516 1801 1816
f 532 1944 554
f 1816 1844 532
f 1844 1889 532
f 1889 1937 532
f 1937 1944 532
f 1890 541 550
f 550 554 566
f 560 550 566
f 560 1890 550
f 566 554 575
f 554 1944 575
f 560 566 1972
f 560 1911 1890
f 1913 1911 560
f 1914 1913 560
f 1914 560 1972
f 566 575 1969
f 1972 566 1969
f 575 1944 1988
f 1969 575 1974
f 575 1988 1974
f 1694 1621 1713
f 1682 1697 1726
f 1699 1682 1719
f 1682 1726 1719
f 1695 1694 1726
f 1694 1713 1726
f 1695 1726 1697
f 1713 1728 1726
f 1719 1726 1746
f 1728 1738 1726
f 1726 1738 1761
f 1726 1801 1746
f 1726 1761 1819
f 1726 1819 1801
f 1746 1801 1770
f 1819 1761 1812
f 1816 1801 1844
f 1801 1819 1844
f 1812 1830 1819
f 1830 1912 1819
f 1844 1819 1889
f 1819 1912 1889
f 1830 1832 1890
f 1830 1890 1911
f 1911 1912 1830
f 1912 1937 1889
f 1911 1913 1912
f 1912 1913 1914
f 1912 1914 1971
f 1912 1971 1937
f 1971 1914 1972
f 1937 1957 1944
f 1937 1971 1957
f 1968 1944 1957
f 1944 1968 1988
f 1957 1974 1968
f 1971 1969 1957
f 1957 1969 1974
f 1974 1988 1968
f 1971 1972 1969
f 901 907 1022
f 907 901 2452
f 2472 901 1022
f 2452 901 2472
f 1022 907 1006
f 1006 907 2456
f 2452 2456 907
f 1022 1006 1056
f 1006 1032 1057
f 1032 1006 2456
f 1056 1006 1057
f 1030 1022 1056
f 1030 2486 1022
f 2463 2472 1022
f 2486 2463 1022
f 1030 1056 2486
f 1032 2498 1057
f 1032 2456 2467
f 1032 2467 2498
f 2540 1056 1057
f 2486 1056 2493
f 2493 1056 2542
f 2542 1056 2540
f 1057 2498 2502
f 1057 2502 2540
f 2456 2452 2472
f 2476 2467 2456
f 2476 2456 2472
f 2476 2463 2467
f 2467 2463 2493
f 2472 2463 2476
f 2463 2486 2493
f 2502 2467 2493
f 2467 2502 2498
f 2502 2493 2518
f 2493 2512 2518
f 2493 2542 2512
f 2540 2502 2518
f 2518 2512 2529
f 2512 2530 2529
f 2512 2542 2530
f 2529 2540 2518
f 2529 2530 2540
f 2530 2542 2540
f 323 319 339
f 319 323 1300
f 319 336 341
f 336 319 1300
f 319 341 339
f 339 1317 323
f 1300 323 1306
f 323 1317 1306
f 341 336 1312
f 336 1300 1312
f 343 339 341
f 339 343 1317
f 343 341 363
f 341 1312 363
f 343 363 364
f 343 364 1386
f 343 1386 1317
f 364 363 365
f 363 1312 365
f 364 365 389
f 1386 364 389
f 389 365 1394
f 365 1312 1394
f 1433 1386 389
f 389 1394 1433
f 1300 1306 1323
f 1312 1300 1323
f 1306 1317 1340
f 1323 1306 1331
f 1331 1306 1340
f 1312 1323 1394
f 1386 1340 1317
f 1323 1331 1394
f 1340 1386 1331
f 1331 1386 1394
f 1386 1392 1402
f 1392 1386 1433
f 1386 1402 1394
f 1402 1392 1415
f 1415 1392 1416
f 1416 1392 1433
f 1433 1394 1402
f 1402 1415 1433
f 1416 1433 1415
f 900 840 881
f 2385 881 840
f 897 840 900
f 840 897 2404
f 840 2388 2385
f 840 2404 2388
f 900 881 2409
f 2409 881 2385
f 897 900 909
f 897 909 2427
f 2404 897 2427
f 909 900 2409
f 909 2409 2427
f 2385 2388 2386
f 2385 2386 2409
f 2388 2404 2386
f 2404 2405 2386
f 2386 2405 2409
f 2404 2427 2405
f 2405 2427 2409
f 602 575 599
f 599 575 1988
f 575 602 1988
f 612 602 599
f 599 606 608
f 2008 606 599
f 599 608 612
f 599 1988 2008
f 602 612 2077
f 1988 602 2016
f 602 2051 2016
f 602 2077 2051
f 2032 608 606
f 2021 606 2008
f 2030 606 2021
f 2032 606 2030
f 612 608 660
f 664 608 651
f 651 608 2032
f 663 660 608
f 664 663 608
f 654 632 612
f 2077 612 632
f 660 654 612
f 2118 632 654
f 2077 632 2118
f 687 664 651
f 651 2094 687
f 651 2032 2094
f 660 2132 654
f 2127 2118 654
f 2131 2127 654
f 654 2132 2131
f 686 660 663
f 2132 660 686
f 663 664 686
f 664 687 686
f 686 687 693
f 693 2132 686
f 693 687 2094
f 693 2094 2196
f 2196 2132 693
f 1988 2016 2008
f 2016 2021 2008
f 2016 2051 2021
f 2021 2051 2030
f 2032 2030 2083
f 2030 2051 2083
f 2083 2085 2032
f 2094 2032 2085
f 2051 2077 2076
f 2083 2051 2076
f 2076 2077 2127
f 2076 2131 2083
f 2131 2076 2127
f 2077 2118 2127
f 2083 2131 2085
f 2085 2196 2094
f 2131 2132 2085
f 2085 2132 2196
f 1535 1539 1557
f 1539 1535 2879
f 1624 1535 1557
f 1624 1630 1535
f 1535 1630 2879
f 1557 1539 1560
f 1539 1569 1560
f 2883 1569 1539
f 2883 1539 2879
f 1624 1557 1560
f 1617 1560 1569
f 1624 1560 1617
f 1648 1617 1569
f 1569 2895 1648
f 2895 1569 2883
f 1624 1617 1646
f 1617 1648 1646
f 1630 1624 1646
f 2915 1630 1646
f 1630 2910 2879
f 2915 2910 1630
f 1668 1646 1648
f 1716 1646 1668
f 1716 2915 1646
f 1683 1648 1661
f 1661 1648 2895
f 1668 1648 1683
f 1731 1683 1661
f 1731 1661 2974
f 1661 2895 2928
f 1661 2928 2974
f 1706 1668 1683
f 1706 1716 1668
f 1706 1683 1707
f 1683 1731 1707
f 1706 1707 1734
f 1716 1706 1734
f 1734 1707 1731
f 3003 1716 1734
f 2941 2915 1716
f 2941 1716 2992
f 2992 1716 3003
f 3004 1734 1731
f 2997 1731 2974
f 1731 2997 3004
f 3016 3003 1734
f 3004 3010 1734
f 3010 3016 1734
f 2879 2930 2883
f 2879 2910 2930
f 2889 2895 2883
f 2883 2930 2889
f 2895 2889 2928
f 2889 2930 2928
f 2910 2915 2941
f 2910 2941 2930
f 2930 2936 2928
f 2974 2928 2936
f 2930 2997 2936
f 2930 2941 2992
f 2930 2992 3001
f 2930 3001 2997
f 2936 2997 2974
f 2992 3008 3001
f 2992 3003 3008
f 3001 3004 2997
f 3001 3010 3004
f 3008 3016 3001
f 3016 3010 3001
f 3008 3003 3016
f 424 417 425
f 424 434 417
f 433 425 417
f 433 417 445
f 434 452 417
f 417 1584 445
f 417 452 1584
f 434 424 425
f 434 425 433
f 434 433 452
f 433 445 451
f 433 451 452
f 451 445 1601
f 1584 1601 445
f 471 452 451
f 1662 471 451
f 1654 451 1601
f 1654 1662 451
f 471 462 452
f 452 462 1584
f 470 467 462
f 467 1636 462
f 470 462 471
f 462 1625 1584
f 1636 1625 462
f 467 470 1719
f 1699 1636 467
f 1699 467 1719
f 470 471 493
f 470 493 1746
f 470 1746 1719
f 471 485 498
f 485 471 1662
f 493 471 498
f 485 1765 498
f 1662 1684 485
f 1684 1765 485
f 493 498 499
f 499 1770 493
f 493 1770 1746
f 499 498 559
f 505 524 498
f 505 498 1765
f 498 524 559
f 516 499 530
f 516 1801 499
f 530 499 557
f 499 559 557
f 499 1801 1770
f 1786 524 505
f 1765 1774 505
f 1774 1776 505
f 1776 1786 505
f 530 1816 516
f 516 1816 1801
f 524 545 559
f 545 524 1868
f 1822 524 1786
f 524 1822 1855
f 524 1855 1868
f 530 557 1919
f 530 1847 1816
f 1883 1847 530
f 1919 1883 530
f 1926 559 545
f 545 1868 1926
f 557 559 588
f 606 585 557
f 1919 557 585
f 606 557 588
f 588 559 1926
f 1960 585 606
f 1960 1919 585
f 1983 606 588
f 588 1926 1983
f 2022 1960 606
f 2003 606 1983
f 2023 606 2003
f 2022 606 2028
f 2027 606 2023
f 2032 606 2027
f 2028 606 2032
f 1654 1601 1584
f 1654 1584 1625
f 1625 1636 1654
f 1654 1636 1684
f 1636 1719 1684
f 1636 1699 1719
f 1662 1654 1684
f 1684 1719 1746
f 1775 1684 1746
f 1765 1684 1775
f 1746 1770 1775
f 1765 1775 1774
f 1770 1801 1775
f 1774 1775 1776
f 1775 1786 1776
f 1822 1786 1775
f 1775 1801 1863
f 1775 1863 1822
f 1847 1801 1816
f 1863 1801 1847
f 1822 1863 1855
f 1847 1883 1863
f 1855 1863 1868
f 1868 1863 1942
f 1883 1919 1863
f 1919 1951 1863
f 1863 1951 1942
f 1926 1868 1942
f 1941 1951 1919
f 1941 1919 1960
f 1942 1983 1926
f 1941 1955 1951
f 1955 1941 1956
f 1956 1941 1960
f 1951 1953 1942
f 1953 1983 1942
f 1951 1983 1953
f 1955 1956 1951
f 1956 2022 1951
f 1951 1987 1983
f 1951 2003 1987
f 1951 2023 2003
f 2022 2023 1951
f 1956 1960 2022
f 1987 2003 1983
f 2023 2022 2027
f 2022 2028 2027
f 2027 2028 2032
f 613 560 566
f 566 560 1972
f 2002 560 613
f 1989 1972 560
f 2002 1989 560
f 566 575 602
f 1969 575 566
f 566 602 612
f 566 612 614
f 613 566 614
f 1969 566 1972
f 575 1988 602
f 1969 1974 575
f 1974 1988 575
f 602 2077 612
f 602 1988 2016
f 602 2016 2051
f 602 2051 2077
f 614 612 632
f 612 2077 632
f 613 614 2074
f 613 2011 2002
f 613 2062 2011
f 613 2074 2062
f 632 2118 614
f 2118 2074 614
f 2077 2118 632
f 1969 1972 1989
f 1969 1989 1974
f 1974 2016 1988
f 1989 2002 1974
f 1974 2002 2011
f 1974 2011 2016
f 2016 2011 2051
f 2051 2011 2062
f 2051 2062 2076
f 2077 2051 2076
f 2076 2062 2074
f 2076 2074 2077
f 2077 2074 2118
f 178 169 172
f 172 169 953
f 184 176 169
f 169 176 953
f 209 169 178
f 209 184 169
f 987 178 172
f 172 953 958
f 172 958 967
f 172 967 987
f 962 176 184
f 953 176 962
f 178 1021 209
f 994 178 987
f 1017 178 994
f 1021 178 1017
f 1031 184 209
f 964 962 184
f 1016 964 184
f 1016 184 1031
f 1021 1069 209
f 1069 1031 209
f 953 964 958
f 953 962 964
f 958 964 1016
f 967 958 1017
f 958 1016 1017
f 987 967 982
f 982 967 989
f 967 994 989
f 994 967 1017
f 982 989 987
f 989 994 987
f 1016 1021 1017
f 1016 1031 1021
f 1031 1045 1021
f 1069 1021 1045
f 1041 1045 1031
f 1069 1041 1031
f 1045 1041 1062
f 1062 1041 1061
f 1069 1061 1041
f 1045 1062 1069
f 1062 1061 1069
f 78 71 79
f 737 71 78
f 79 71 737
f 78 79 88
f 78 88 87
f 87 737 78
f 88 79 737
f 87 88 99
f 87 99 98
f 114 87 98
f 114 737 87
f 123 99 88
f 123 88 737
f 98 99 110
f 98 110 111
f 111 114 98
f 123 110 99
f 126 111 110
f 110 123 130
f 126 110 130
f 114 111 126
f 116 114 126
f 116 763 114
f 763 737 114
f 116 126 794
f 116 769 763
f 116 776 769
f 794 776 116
f 123 128 130
f 778 128 123
f 761 123 737
f 761 774 123
f 123 774 778
f 126 130 800
f 797 794 126
f 797 126 800
f 136 130 128
f 128 778 136
f 800 130 136
f 778 821 136
f 800 136 821
f 737 763 761
f 763 769 761
f 769 774 761
f 772 774 769
f 769 776 772
f 772 800 774
f 772 776 800
f 774 800 778
f 776 794 797
f 776 797 800
f 778 800 821
f 324 321 349
f 1276 321 324
f 321 327 349
f 327 321 1276
f 1286 324 349
f 1280 1276 324
f 1280 324 1286
f 327 350 349
f 327 1281 350
f 327 1276 1281
f 362 348 360
f 1325 360 348
f 1325 348 362
f 350 351 349
f 357 349 351
f 357 1286 349
f 351 350 1297
f 1281 1294 350
f 350 1294 1297
f 357 351 355
f 355 351 1297
f 355 356 402
f 356 355 1297
f 360 357 355
f 360 355 362
f 355 392 362
f 355 406 392
f 355 402 404
f 355 404 406
f 356 358 401
f 358 356 1297
f 356 401 402
f 357 360 1311
f 357 1310 1286
f 357 1311 1310
f 358 359 401
f 1258 359 358
f 1296 1258 358
f 1296 358 1297
f 359 386 463
f 1238 386 359
f 401 359 400
f 359 463 400
f 1238 359 1258
f 1330 1311 360
f 1330 360 1325
f 362 392 371
f 1325 362 371
f 371 392 1395
f 1365 1325 371
f 1365 371 1395
f 386 440 496
f 1082 440 386
f 386 496 463
f 1082 386 1238
f 392 406 418
f 392 418 416
f 392 416 436
f 436 1434 392
f 1395 392 1434
f 1464 401 400
f 1464 400 463
f 1468 402 401
f 1464 1466 401
f 1466 1468 401
f 1468 404 402
f 404 1473 406
f 1468 1470 404
f 1470 1473 404
f 418 406 1472
f 1472 406 1473
f 416 418 428
f 416 428 427
f 431 416 427
f 416 431 436
f 428 418 419
f 418 1472 419
f 419 430 428
f 419 443 430
f 1261 443 419
f 1261 419 1574
f 1472 1476 419
f 1476 1574 419
f 427 428 430
f 427 430 431
f 431 430 443
f 436 431 448
f 431 443 448
f 1261 436 448
f 1261 1434 436
f 440 504 496
f 440 633 504
f 440 521 633
f 521 440 896
f 1011 896 440
f 1082 1011 440
f 448 443 447
f 447 443 1261
f 464 448 447
f 464 447 1261
f 1261 448 464
f 504 463 496
f 1464 463 504
f 504 633 744
f 504 744 1085
f 504 1085 1118
f 504 1118 1309
f 1363 504 1309
f 1464 504 1363
f 521 611 670
f 896 611 521
f 521 670 633
f 611 744 670
f 611 896 744
f 633 670 744
f 744 896 1085
f 896 1011 1085
f 1304 1011 1082
f 1304 1085 1011
f 1238 1304 1082
f 1304 1118 1085
f 1304 1309 1118
f 1258 1304 1238
f 1258 1296 1304
f 1261 1460 1434
f 1261 1500 1460
f 1261 1595 1500
f 1618 1261 1574
f 1261 1626 1595
f 1261 1618 1626
f 1281 1276 1279
f 1276 1307 1279
f 1280 1307 1276
f 1307 1281 1279
f 1286 1307 1280
f 1281 1307 1294
f 1298 1307 1286
f 1310 1298 1286
f 1294 1408 1297
f 1307 1408 1294
f 1297 1408 1296
f 1296 1408 1304
f 1298 1310 1307
f 1408 1309 1304
f 1310 1311 1307
f 1311 1404 1307
f 1307 1404 1408
f 1408 1363 1309
f 1311 1330 1404
f 1325 1365 1330
f 1365 1404 1330
f 1408 1464 1363
f 1365 1395 1407
f 1365 1407 1404
f 1407 1395 1434
f 1407 1434 1404
f 1404 1435 1408
f 1434 1441 1404
f 1404 1462 1435
f 1441 1462 1404
f 1435 1470 1408
f 1408 1466 1464
f 1408 1468 1466
f 1408 1470 1468
f 1434 1460 1441
f 1435 1462 1476
f 1435 1473 1470
f 1473 1435 1472
f 1472 1435 1476
f 1441 1460 1462
f 1460 1523 1462
f 1460 1500 1523
f 1476 1462 1521
f 1462 1523 1521
f 1476 1521 1574
f 1500 1522 1523
f 1500 1595 1522
f 1523 1574 1521
f 1522 1595 1523
f 1523 1618 1574
f 1595 1626 1523
f 1626 1618 1523
f 163 152 162
f 925 162 152
f 152 163 886
f 899 152 886
f 899 925 152
f 163 162 172
f 932 172 162
f 925 932 162
f 172 169 163
f 886 163 169
f 172 953 169
f 886 169 953
f 978 172 932
f 172 958 953
f 172 967 958
f 172 987 967
f 987 172 978
f 886 930 899
f 920 930 886
f 886 953 920
f 899 930 925
f 920 941 930
f 920 953 941
f 930 932 925
f 930 981 932
f 941 958 930
f 930 958 967
f 930 967 982
f 930 982 981
f 932 981 978
f 941 953 958
f 967 987 982
f 981 987 978
f 981 982 987
f 1768 1767 1949
f 1767 1768 3047
f 1767 1798 1958
f 3044 1798 1767
f 1949 1767 1958
f 3044 1767 3045
f 3045 1767 3047
f 1772 1768 1949
f 3047 1768 1772
f 1795 1772 1948
f 1795 3047 1772
f 1948 1772 1949
f 1825 1795 1877
f 1795 1825 3082
f 1877 1795 1948
f 3054 3047 1795
f 3082 3054 1795
f 1970 1798 1837
f 3056 1837 1798
f 1798 1970 1958
f 3056 1798 3044
f 1825 1877 3099
f 3082 1825 3099
f 1837 1871 1891
f 3128 1871 1837
f 1837 1891 1970
f 3056 3058 1837
f 3058 3102 1837
f 3102 3128 1837
f 3152 1891 1871
f 3152 1871 3128
f 1877 1948 3174
f 3099 1877 3134
f 1877 3164 3134
f 1877 3174 3164
f 1970 1891 1935
f 1935 1891 3152
f 1970 1935 1994
f 3222 1994 1935
f 1935 3152 3173
f 3222 1935 3173
f 1948 1949 3198
f 3174 1948 3198
f 3198 1949 1958
f 1958 1970 3241
f 3198 1958 3214
f 1958 3241 3214
f 1970 1994 3241
f 3240 1994 3222
f 3251 1994 3240
f 1994 3251 3241
f 3045 3058 3044
f 3044 3058 3056
f 3047 3130 3045
f 3045 3130 3058
f 3054 3130 3047
f 3054 3082 3130
f 3058 3130 3102
f 3082 3099 3134
f 3082 3134 3130
f 3130 3128 3102
f 3130 3149 3128
f 3128 3149 3152
f 3134 3164 3130
f 3130 3171 3149
f 3130 3164 3174
f 3130 3187 3171
f 3130 3174 3187
f 3149 3171 3152
f 3171 3173 3152
f 3173 3171 3213
f 3171 3187 3213
f 3173 3213 3222
f 3187 3174 3198
f 3213 3187 3198
f 3213 3198 3214
f 3213 3214 3222
f 3222 3214 3241
f 3222 3241 3240
f 3241 3251 3240
f 15 4 3
f 40 3 4
f 3 589 15
f 40 24 3
f 24 589 3
f 14 4 15
f 619 4 14
f 619 40 4
f 14 15 19
f 14 19 20
f 619 14 20
f 15 595 19
f 15 589 595
f 29 20 19
f 19 595 29
f 30 20 29
f 30 619 20
f 40 56 24
f 24 56 72
f 58 24 72
f 58 589 24
f 30 29 36
f 595 36 29
f 30 36 37
f 37 619 30
f 37 36 54
f 54 36 45
f 36 642 45
f 595 642 36
f 66 53 37
f 673 37 53
f 66 37 54
f 619 37 626
f 644 626 37
f 644 37 673
f 40 42 56
f 42 40 619
f 42 378 56
f 539 378 42
f 539 42 546
f 546 42 605
f 605 42 619
f 646 54 45
f 642 646 45
f 65 53 66
f 53 65 71
f 673 53 71
f 54 80 66
f 54 89 80
f 684 89 54
f 655 54 646
f 684 54 655
f 56 154 72
f 340 154 56
f 378 340 56
f 72 483 58
f 483 529 58
f 529 564 58
f 564 582 58
f 582 589 58
f 65 66 80
f 79 71 65
f 79 65 80
f 71 79 737
f 674 673 71
f 683 674 71
f 71 737 683
f 72 154 133
f 72 133 373
f 72 373 483
f 79 80 89
f 88 79 89
f 737 79 88
f 89 101 88
f 88 101 99
f 123 88 99
f 737 88 123
f 89 102 101
f 684 102 89
f 99 101 102
f 99 102 109
f 99 109 110
f 110 123 99
f 102 125 109
f 102 127 125
f 127 102 734
f 684 707 102
f 734 102 707
f 110 109 125
f 123 110 128
f 128 110 125
f 128 778 123
f 761 737 123
f 761 123 774
f 774 123 778
f 139 125 127
f 128 125 139
f 139 127 142
f 142 127 822
f 747 127 734
f 782 127 747
f 805 127 782
f 822 127 805
f 136 128 139
f 128 136 778
f 133 154 174
f 185 133 174
f 133 185 314
f 373 133 314
f 136 139 821
f 136 821 778
f 833 139 142
f 821 139 825
f 825 139 833
f 142 822 838
f 838 833 142
f 196 174 154
f 340 196 154
f 174 196 185
f 185 196 314
f 196 340 314
f 314 340 373
f 340 378 373
f 373 378 483
f 378 539 483
f 483 539 529
f 529 539 564
f 539 546 564
f 564 546 582
f 546 605 582
f 582 595 589
f 605 595 582
f 605 626 595
f 642 595 626
f 605 619 626
f 642 626 644
f 642 644 655
f 646 642 655
f 644 673 655
f 655 673 674
f 674 684 655
f 674 683 707
f 674 707 684
f 683 734 707
f 683 747 734
f 683 737 761
f 683 761 747
f 761 782 747
f 761 774 782
f 778 821 774
f 782 774 825
f 774 821 825
f 782 825 805
f 822 805 833
f 805 825 833
f 838 822 833
f 1361 1356 1366
f 1368 1356 1361
f 2780 1366 1356
f 2738 1356 1368
f 2748 1356 2738
f 2748 2780 1356
f 1378 1361 1366
f 1378 1368 1361
f 2787 1378 1366
f 2787 1366 2780
f 1368 1378 1410
f 1368 1410 1389
f 1389 2738 1368
f 1410 1378 2806
f 2806 1378 2787
f 2811 1389 1410
f 1389 2811 2738
f 2835 1410 2806
f 2815 2811 1410
f 2841 2815 1410
f 2854 1410 2835
f 2857 2841 1410
f 2857 1410 2854
f 2738 2766 2748
f 2738 2811 2766
f 2748 2766 2780
f 2780 2766 2783
f 2785 2783 2766
f 2804 2785 2766
f 2811 2804 2766
f 2783 2787 2780
f 2783 2785 2787
f 2787 2785 2806
f 2785 2804 2806
f 2804 2816 2806
f 2807 2804 2811
f 2807 2816 2804
f 2816 2841 2806
f 2806 2841 2835
f 2807 2811 2815
f 2807 2815 2816
f 2815 2818 2816
f 2841 2818 2815
f 2816 2818 2841
f 2835 2841 2853
f 2854 2835 2853
f 2857 2853 2841
f 2853 2857 2854
f 516 530 532
f 530 516 1816
f 516 532 1816
f 532 530 557
f 1919 557 530
f 1847 530 1816
f 1883 530 1847
f 1919 530 1883
f 532 557 554
f 554 1944 532
f 1816 532 1844
f 532 1889 1844
f 532 1937 1889
f 532 1944 1937
f 599 554 557
f 575 554 599
f 554 575 1944
f 599 557 585
f 1919 585 557
f 575 599 1988
f 1944 575 1988
f 599 585 606
f 606 585 1960
f 1919 1960 585
f 2008 599 606
f 599 2008 1988
f 2022 606 1960
f 2021 2008 606
f 2021 606 2030
f 2028 606 2022
f 2032 606 2028
f 2030 606 2032
f 1816 1844 1847
f 1847 1844 1889
f 1847 1889 1883
f 1889 1937 1883
f 1883 1941 1919
f 1937 1941 1883
f 1941 1960 1919
f 1941 1937 1955
f 1955 1937 1944
f 1955 1956 1941
f 1960 1941 1956
f 1955 1944 1957
f 1944 1968 1957
f 1944 1988 1968
f 1955 1957 1956
f 1956 1957 1968
f 1956 2021 1960
f 1968 2008 1956
f 1956 2008 2021
f 2021 2022 1960
f 1968 1988 2008
f 2022 2021 2030
f 2022 2030 2028
f 2030 2032 2028
f 661 630 631
f 2123 631 630
f 661 681 630
f 681 2125 630
f 2125 2123 630
f 632 653 631
f 631 2118 632
f 653 662 631
f 662 661 631
f 631 2121 2118
f 2121 631 2123
f 653 632 2118
f 682 662 653
f 2167 682 653
f 653 2118 2166
f 653 2166 2167
f 661 662 681
f 681 662 682
f 697 681 682
f 2125 681 697
f 697 682 722
f 722 682 721
f 2167 721 682
f 722 2162 697
f 2125 697 2145
f 697 2162 2145
f 721 725 722
f 725 721 2167
f 725 2162 722
f 725 2218 2162
f 2217 725 2167
f 2223 725 2217
f 2223 2218 725
f 2118 2121 2166
f 2121 2123 2162
f 2121 2162 2185
f 2166 2121 2185
f 2125 2145 2123
f 2123 2145 2162
f 2218 2185 2162
f 2185 2167 2166
f 2185 2218 2167
f 2167 2218 2217
f 2218 2223 2217
f 505 510 545
f 1786 510 505
f 524 505 545
f 505 524 1786
f 551 510 525
f 1831 525 510
f 545 510 551
f 1786 1831 510
f 1868 524 545
f 1786 524 1822
f 1822 524 1855
f 1855 524 1868
f 1860 551 525
f 1831 1833 525
f 1860 525 1833
f 545 551 563
f 545 563 559
f 545 559 1926
f 1868 545 1926
f 563 551 1901
f 1860 1875 551
f 1901 551 1875
f 559 563 579
f 604 559 579
f 607 588 559
f 1926 559 588
f 607 559 604
f 563 1901 579
f 1996 604 579
f 1901 1996 579
f 606 588 607
f 588 606 1983
f 1926 588 1983
f 607 604 656
f 659 604 624
f 624 604 1996
f 656 604 665
f 666 604 659
f 665 604 666
f 2032 606 607
f 1983 606 2003
f 2003 606 2023
f 2023 606 2027
f 606 2032 2027
f 656 2032 607
f 659 624 2035
f 2005 624 1996
f 624 2005 2013
f 624 2013 2035
f 691 656 665
f 2089 656 691
f 2089 2032 656
f 2152 666 659
f 659 2035 2152
f 665 666 691
f 666 695 691
f 666 2152 695
f 691 695 716
f 704 691 716
f 704 2089 691
f 716 695 715
f 695 2164 715
f 695 2152 2164
f 2175 704 716
f 2170 2089 704
f 2170 704 2175
f 715 729 716
f 2200 729 715
f 715 2164 2200
f 729 2175 716
f 2200 2175 729
f 1786 1822 1855
f 1831 1786 1855
f 1831 1855 1833
f 1833 1855 1868
f 1860 1833 1875
f 1833 1868 1875
f 1868 1926 1875
f 1875 1926 1901
f 1901 1926 1920
f 1901 1920 1996
f 1926 1942 1920
f 1942 1962 1920
f 1996 1920 1962
f 1942 1926 1983
f 1942 1953 1962
f 1953 1942 1983
f 1953 2015 1962
f 1953 1983 2015
f 1996 1962 1992
f 1962 2015 1992
f 1987 1983 2003
f 1987 2015 1983
f 2003 2025 1987
f 1987 2025 2015
f 2015 1996 1992
f 2015 2005 1996
f 2023 2025 2003
f 2005 2015 2013
f 2015 2025 2013
f 2013 2025 2046
f 2035 2013 2046
f 2023 2027 2025
f 2025 2027 2052
f 2046 2025 2068
f 2025 2052 2081
f 2025 2081 2068
f 2052 2027 2032
f 2089 2052 2032
f 2133 2035 2046
f 2152 2035 2133
f 2046 2068 2133
f 2081 2052 2088
f 2089 2088 2052
f 2068 2081 2088
f 2068 2088 2133
f 2088 2089 2133
f 2133 2089 2170
f 2152 2133 2170
f 2152 2170 2164
f 2170 2175 2164
f 2175 2200 2164
f 1347 1267 1322
f 2711 1322 1267
f 2718 1267 1347
f 2711 1267 2718
f 1322 1321 1345
f 1322 2724 1321
f 1321 2722 1345
f 2724 2722 1321
f 1322 1345 1347
f 2711 2715 1322
f 2725 1322 2715
f 2725 2724 1322
f 1347 1345 1379
f 1345 1406 1379
f 1345 1383 1406
f 1345 2722 1383
f 1370 1347 1379
f 2735 1347 1370
f 2735 2718 1347
f 1400 1370 1379
f 2735 1370 1400
f 1471 1400 1379
f 1379 1406 1409
f 1471 1379 1409
f 1383 1390 1406
f 1390 1383 2733
f 1383 2722 2733
f 1390 1409 1406
f 1409 1390 2741
f 2741 1390 2733
f 2786 1400 1471
f 2786 2735 1400
f 2779 1471 1409
f 2778 1409 2741
f 2778 2779 1409
f 2779 2792 1471
f 2790 2786 1471
f 2795 2790 1471
f 2792 2801 1471
f 2799 2795 1471
f 2809 2799 1471
f 2822 1471 2801
f 2822 2809 1471
f 2711 2718 2715
f 2715 2718 2735
f 2725 2715 2765
f 2765 2715 2735
f 2724 2763 2722
f 2722 2763 2733
f 2724 2725 2763
f 2763 2725 2765
f 2736 2741 2733
f 2733 2763 2736
f 2765 2735 2786
f 2741 2736 2759
f 2736 2763 2759
f 2759 2778 2741
f 2759 2763 2778
f 2765 2786 2763
f 2763 2791 2778
f 2786 2790 2763
f 2790 2791 2763
f 2778 2791 2779
f 2779 2791 2792
f 2790 2795 2791
f 2791 2801 2792
f 2795 2799 2791
f 2791 2799 2809
f 2791 2822 2801
f 2791 2809 2822
f 942 904 909
f 909 904 2419
f 926 904 942
f 926 2417 904
f 904 2417 2419
f 909 2451 942
f 909 2419 2427
f 2427 2451 909
f 926 942 970
f 926 970 996
f 926 996 2474
f 926 2474 2417
f 2484 970 942
f 2451 2490 942
f 2490 2484 942
f 996 970 1079
f 1072 970 1039
f 1039 970 2484
f 1079 970 1072
f 1032 996 1071
f 2474 996 1032
f 1071 996 1078
f 996 1079 1078
f 1032 1071 2498
f 2475 2474 1032
f 2475 1032 2498
f 2499 1072 1039
f 2478 1039 2484
f 1039 2478 2499
f 1071 1078 1091
f 1071 1091 2556
f 2498 1071 2503
f 2503 1071 2556
f 1072 1089 1079
f 1072 1122 1089
f 2554 1122 1072
f 2499 2501 1072
f 2501 2554 1072
f 1078 1079 1089
f 1078 1089 1091
f 1122 1091 1089
f 1123 1091 1122
f 2556 1091 1123
f 1123 1122 1135
f 1122 1155 1135
f 2554 1155 1122
f 1123 1135 1136
f 1123 1136 1155
f 1155 2556 1123
f 1136 1135 1155
f 2580 1155 2554
f 2581 2556 1155
f 2592 1155 2580
f 2581 1155 2592
f 2419 2417 2485
f 2417 2474 2485
f 2427 2419 2451
f 2419 2485 2451
f 2485 2490 2451
f 2483 2474 2475
f 2474 2483 2485
f 2483 2475 2485
f 2475 2505 2485
f 2475 2498 2503
f 2475 2503 2505
f 2484 2485 2478
f 2485 2505 2478
f 2478 2501 2499
f 2478 2505 2501
f 2490 2485 2484
f 2505 2508 2501
f 2501 2508 2554
f 2503 2525 2505
f 2503 2523 2525
f 2523 2503 2539
f 2539 2503 2556
f 2508 2505 2527
f 2505 2525 2527
f 2508 2527 2554
f 2523 2526 2525
f 2523 2539 2526
f 2526 2539 2525
f 2527 2525 2554
f 2525 2539 2556
f 2554 2525 2564
f 2525 2556 2571
f 2564 2525 2571
f 2554 2564 2580
f 2571 2556 2581
f 2564 2571 2580
f 2580 2571 2581
f 2580 2581 2592
f 1740 1725 1794
f 1725 1740 2985
f 1794 1725 1757
f 1757 1725 2995
f 1725 2968 2978
f 2968 1725 2983
f 1725 2978 2995
f 1725 2985 2983
f 1763 1740 1779
f 1740 1763 3013
f 1779 1740 1794
f 2985 1740 3013
f 1794 1757 1783
f 3048 1783 1757
f 1757 2995 3043
f 1757 3043 3048
f 1763 1779 3035
f 3013 1763 3035
f 3060 1779 1794
f 3035 1779 3051
f 1779 3060 3051
f 1794 1783 1838
f 1838 1783 3048
f 1838 3060 1794
f 1838 3048 3080
f 3080 3060 1838
f 2968 2983 2978
f 2978 2983 2995
f 2983 2985 2995
f 2995 2985 3013
f 2995 3013 3051
f 2995 3051 3043
f 3051 3013 3035
f 3043 3060 3048
f 3051 3060 3043
f 3048 3060 3080
f 1783 1725 1739
f 2979 1739 1725
f 1757 1725 1783
f 1725 1757 2995
f 2968 2975 1725
f 1725 2978 2968
f 2975 2979 1725
f 2978 1725 2995
f 1758 1739 1749
f 1739 2979 1749
f 1783 1739 1758
f 1749 3002 1758
f 2979 2984 1749
f 2984 3002 1749
f 3048 1757 1783
f 2995 1757 3043
f 3043 1757 3048
f 1778 1783 1758
f 1778 1758 3002
f 1838 1783 1778
f 1778 3055 1838
f 1778 3002 3033
f 3041 1778 3033
f 3055 1778 3041
f 1838 3048 1783
f 1838 3080 3048
f 3055 3069 1838
f 3069 3080 1838
f 2968 2978 2975
f 2975 2978 2995
f 2979 2975 2995
f 2979 2980 2984
f 2979 2995 2980
f 2984 2980 3040
f 2980 2995 3040
f 3002 2984 3033
f 2984 3040 3033
f 3040 2995 3043
f 3040 3041 3033
f 3040 3055 3041
f 3043 3069 3040
f 3040 3069 3055
f 3043 3048 3080
f 3043 3080 3069
f 902 901 1022
f 902 2452 901
f 1022 901 2472
f 2472 901 2452
f 922 902 1022
f 922 2455 902
f 2455 2452 902
f 922 1029 943
f 2464 922 943
f 1029 922 1022
f 922 2464 2455
f 1029 944 943
f 2496 943 944
f 2459 2461 943
f 2465 2459 943
f 2461 2464 943
f 2465 943 2496
f 944 1029 2504
f 2504 2496 944
f 1022 1074 1029
f 1022 1030 1054
f 1030 1022 2486
f 1022 1054 1074
f 1022 2472 2463
f 2486 1022 2463
f 1029 1074 1073
f 1029 1073 1084
f 2504 1029 1084
f 1030 1056 1054
f 1056 1030 2486
f 1056 2543 1054
f 1077 1074 1054
f 1054 2543 1077
f 2493 1056 2486
f 2542 1056 2493
f 1056 2542 2543
f 1073 1074 1077
f 1100 1073 1077
f 1084 1073 1100
f 1100 1077 2585
f 1077 2543 2547
f 1077 2547 2568
f 1077 2568 2585
f 1084 1100 1102
f 2587 1084 1102
f 2504 1084 2541
f 1084 2552 2541
f 1084 2565 2552
f 2587 2565 1084
f 1102 1100 1127
f 1127 1100 2585
f 1128 1119 1102
f 1119 2587 1102
f 1128 1102 1127
f 2587 1119 1128
f 1128 1127 1134
f 1134 1127 2585
f 1128 1134 1146
f 1128 1146 1147
f 1149 1128 1147
f 1149 2587 1128
f 1149 1146 1134
f 1149 1134 2601
f 1134 2585 2601
f 1147 1146 1149
f 2616 2587 1149
f 1149 2601 2620
f 2616 1149 2621
f 1149 2620 2623
f 2621 1149 2623
f 2452 2455 2472
f 2455 2464 2468
f 2455 2468 2472
f 2461 2459 2458
f 2459 2465 2458
f 2461 2458 2464
f 2468 2458 2463
f 2458 2486 2463
f 2464 2458 2468
f 2465 2534 2458
f 2458 2493 2486
f 2458 2512 2493
f 2512 2458 2530
f 2458 2534 2530
f 2472 2468 2463
f 2465 2496 2534
f 2512 2542 2493
f 2504 2519 2496
f 2519 2534 2496
f 2519 2504 2541
f 2512 2530 2542
f 2519 2533 2534
f 2533 2519 2541
f 2534 2547 2530
f 2530 2543 2542
f 2530 2547 2543
f 2533 2562 2534
f 2533 2541 2562
f 2547 2534 2568
f 2534 2562 2568
f 2541 2552 2562
f 2552 2565 2562
f 2562 2565 2616
f 2562 2585 2568
f 2585 2562 2601
f 2601 2562 2620
f 2562 2616 2621
f 2562 2621 2620
f 2616 2565 2587
f 2621 2623 2620
f 1447 1463 1535
f 1463 1447 2837
f 2840 1447 1535
f 2837 1447 2840
f 1463 1469 1560
f 1469 1463 2842
f 1535 1463 1539
f 1539 1463 1560
f 2842 1463 2837
f 1469 1561 1560
f 2860 1561 1469
f 2844 1469 2842
f 2849 1469 2844
f 2860 1469 2849
f 2879 1535 1539
f 2879 2840 1535
f 1539 1560 1569
f 2883 1539 1569
f 2883 2879 1539
f 1560 1561 1569
f 1569 1561 2895
f 2885 1561 2860
f 2895 1561 2885
f 2895 2883 1569
f 2837 2840 2861
f 2842 2837 2861
f 2879 2861 2840
f 2842 2849 2844
f 2849 2842 2860
f 2842 2861 2860
f 2860 2861 2883
f 2889 2860 2883
f 2860 2889 2885
f 2861 2879 2883
f 2889 2883 2895
f 2885 2889 2895
f 1140 1164 1139
f 1139 2378 1140
f 1139 1164 1148
f 1148 1809 1139
f 1809 2378 1139
f 1140 1314 1164
f 1140 2378 1314
f 1148 1164 1153
f 1809 1148 1153
f 1153 1164 1163
f 1179 1153 1163
f 1809 1153 1179
f 1163 1164 1235
f 1179 1163 1193
f 1193 1163 1235
f 1222 1164 1220
f 1220 1164 1224
f 1235 1164 1222
f 1164 1251 1224
f 1164 1488 1251
f 1164 1314 1374
f 1164 1374 1488
f 2607 1179 1193
f 1809 1179 2607
f 2630 1193 1235
f 2615 2607 1193
f 2615 1193 2630
f 2545 1222 1220
f 1224 2545 1220
f 1235 1222 2545
f 1224 1251 2545
f 2640 1235 2545
f 2640 2630 1235
f 1488 2537 1251
f 1251 2537 2545
f 1314 2378 1374
f 1393 1869 1374
f 1374 2369 1393
f 1374 1869 1488
f 1374 2378 2369
f 1393 1945 1869
f 1393 2039 1945
f 1393 2240 2039
f 1393 2369 2240
f 1869 2055 1488
f 2055 2438 1488
f 2438 2537 1488
f 1809 2447 2378
f 1809 2536 2447
f 1809 2548 2536
f 1809 2550 2548
f 1809 2572 2550
f 1809 2589 2572
f 2589 1809 2607
f 1869 1945 2055
f 2039 2418 1945
f 1945 2418 2055
f 2240 2418 2039
f 2055 2418 2438
f 2240 2369 2418
f 2378 2418 2369
f 2447 2418 2378
f 2560 2438 2418
f 2447 2536 2418
f 2536 2560 2418
f 2560 2537 2438
f 2548 2602 2536
f 2536 2602 2560
f 2560 2545 2537
f 2560 2597 2545
f 2597 2640 2545
f 2550 2602 2548
f 2550 2572 2569
f 2569 2602 2550
f 2614 2597 2560
f 2602 2632 2560
f 2632 2614 2560
f 2569 2572 2602
f 2572 2589 2602
f 2589 2615 2602
f 2589 2607 2615
f 2597 2614 2640
f 2615 2630 2602
f 2630 2640 2602
f 2640 2632 2602
f 2614 2632 2640
f 1814 1731 1751
f 1751 1731 3004
f 1810 1731 1814
f 1731 1810 3037
f 1731 3037 3004
f 1751 1763 1814
f 3030 1763 1751
f 1751 3004 3019
f 3030 1751 3019
f 1763 3062 1814
f 3035 1763 3030
f 3035 3062 1763
f 1810 1814 1824
f 3037 1810 1824
f 1824 1814 1823
f 3068 1823 1814
f 3062 3068 1814
f 1850 1824 1823
f 1850 1823 3068
f 1850 3037 1824
f 1850 3052 3037
f 3070 3052 1850
f 1850 3068 3094
f 3088 3070 1850
f 3129 3088 1850
f 1850 3094 3129
f 3019 3004 3037
f 3019 3052 3030
f 3019 3037 3052
f 3035 3030 3062
f 3030 3052 3062
f 3062 3052 3070
f 3062 3070 3068
f 3070 3094 3068
f 3070 3088 3094
f 3088 3129 3094
f 268 261 260
f 1144 260 261
f 270 260 262
f 1132 262 260
f 268 260 270
f 1144 1132 260
f 268 1144 261
f 262 284 270
f 284 262 1145
f 1145 262 1132
f 268 270 277
f 268 277 275
f 268 275 280
f 1144 268 280
f 270 284 277
f 296 275 277
f 296 280 275
f 296 277 284
f 295 280 298
f 1217 280 295
f 298 280 296
f 1168 1144 280
f 1168 280 1177
f 280 1209 1177
f 1217 1209 280
f 1188 296 284
f 1167 284 1145
f 1188 284 1167
f 300 295 298
f 1236 295 300
f 1228 1217 295
f 1228 295 1236
f 300 298 296
f 296 305 300
f 305 296 1188
f 300 305 312
f 1254 300 312
f 1236 300 1254
f 305 1227 312
f 1227 305 1188
f 312 1227 1252
f 312 1252 1288
f 1254 312 1288
f 1132 1144 1168
f 1145 1132 1167
f 1167 1132 1168
f 1168 1190 1167
f 1188 1167 1190
f 1168 1177 1190
f 1190 1177 1204
f 1177 1209 1204
f 1190 1204 1188
f 1204 1227 1188
f 1209 1227 1204
f 1209 1217 1252
f 1227 1209 1252
f 1217 1228 1252
f 1228 1236 1254
f 1252 1228 1254
f 1288 1252 1254
f 131 116 126
f 126 116 794
f 116 131 806
f 794 116 806
f 126 130 131
f 800 130 126
f 797 126 794
f 126 797 800
f 138 131 130
f 145 130 136
f 130 800 136
f 141 138 130
f 161 141 130
f 161 130 145
f 806 131 138
f 145 136 821
f 800 821 136
f 138 141 806
f 162 152 141
f 852 141 152
f 162 141 161
f 806 141 844
f 141 852 844
f 161 145 842
f 827 145 821
f 145 827 842
f 152 162 925
f 852 152 886
f 152 899 886
f 152 925 899
f 161 181 162
f 179 161 170
f 842 170 161
f 181 161 179
f 172 162 181
f 162 172 932
f 925 162 932
f 705 179 170
f 705 170 946
f 894 170 842
f 946 170 894
f 705 172 181
f 705 987 172
f 932 172 978
f 172 987 978
f 192 181 179
f 705 192 179
f 181 192 705
f 705 946 1001
f 705 1005 987
f 1001 1004 705
f 1004 1015 705
f 705 1015 1005
f 797 794 806
f 797 843 800
f 797 806 843
f 821 800 827
f 800 843 827
f 806 844 843
f 827 843 842
f 842 843 847
f 847 894 842
f 844 852 843
f 843 925 847
f 852 899 843
f 843 899 925
f 847 925 894
f 852 886 899
f 925 932 894
f 894 932 948
f 894 948 946
f 948 932 963
f 932 978 963
f 948 963 946
f 1001 946 963
f 977 1001 963
f 963 1002 977
f 978 1002 963
f 977 1004 1001
f 1002 1005 977
f 1005 1004 977
f 978 987 1002
f 987 1005 1002
f 1005 1015 1004
f 401 400 429
f 1464 400 401
f 400 463 429
f 1464 463 400
f 401 429 402
f 1468 401 402
f 1466 1464 401
f 1468 1466 401
f 402 429 404
f 1468 402 404
f 406 404 418
f 1473 404 406
f 404 429 418
f 1470 1468 404
f 1470 404 1473
f 1472 406 418
f 1472 1473 406
f 418 429 419
f 419 1472 418
f 419 429 428
f 430 419 428
f 419 430 443
f 419 443 1261
f 1574 419 1261
f 1476 1472 419
f 1476 419 1574
f 428 429 430
f 429 446 430
f 429 509 446
f 463 509 429
f 443 430 447
f 430 446 447
f 1261 443 447
f 447 446 478
f 474 446 472
f 446 576 472
f 478 446 474
f 446 509 576
f 464 447 466
f 1261 447 464
f 478 466 447
f 463 504 496
f 463 496 509
f 1464 504 463
f 1261 464 466
f 478 1631 466
f 1261 466 1631
f 1627 474 472
f 472 576 506
f 1579 472 506
f 1579 1619 472
f 1619 1627 472
f 478 474 1627
f 1627 1642 478
f 1642 1631 478
f 496 504 633
f 496 680 509
f 633 680 496
f 633 504 744
f 744 504 1085
f 504 1118 1085
f 504 1309 1118
f 504 1363 1309
f 1464 1363 504
f 506 576 586
f 1578 506 586
f 1578 1579 506
f 509 680 576
f 586 576 601
f 576 657 601
f 576 809 657
f 680 1035 576
f 809 576 1014
f 576 1035 1014
f 657 586 601
f 1578 586 657
f 633 670 680
f 633 744 670
f 809 1578 657
f 670 744 680
f 680 744 1090
f 680 1090 1035
f 744 1085 1090
f 809 1014 1208
f 809 1208 1348
f 809 1348 1411
f 809 1411 1578
f 1035 1208 1014
f 1090 1313 1035
f 1035 1348 1208
f 1035 1313 1348
f 1118 1090 1085
f 1118 1309 1090
f 1309 1313 1090
f 1618 1574 1261
f 1626 1618 1261
f 1261 1632 1626
f 1635 1261 1631
f 1261 1638 1632
f 1638 1261 1635
f 1363 1313 1309
f 1517 1348 1313
f 1363 1466 1313
f 1466 1517 1313
f 1517 1411 1348
f 1363 1464 1466
f 1517 1578 1411
f 1468 1517 1466
f 1470 1517 1468
f 1473 1517 1470
f 1473 1472 1476
f 1473 1476 1517
f 1476 1521 1517
f 1521 1476 1574
f 1521 1635 1517
f 1517 1579 1578
f 1517 1619 1579
f 1627 1619 1517
f 1642 1627 1517
f 1635 1631 1517
f 1631 1642 1517
f 1521 1574 1635
f 1574 1618 1638
f 1574 1638 1635
f 1626 1632 1618
f 1618 1632 1638
f 212 198 191
f 198 1010 191
f 212 191 1010
f 211 209 198
f 198 209 1052
f 213 211 198
f 213 198 212
f 198 1013 1010
f 198 1023 1013
f 198 1034 1023
f 1052 1034 198
f 209 211 1069
f 1052 209 1055
f 1055 209 1063
f 1063 209 1069
f 211 213 218
f 1069 211 218
f 213 212 257
f 212 1105 257
f 212 1010 1012
f 212 1012 1105
f 218 213 235
f 235 213 234
f 234 213 241
f 241 213 257
f 242 218 235
f 242 258 218
f 1115 218 258
f 1069 218 1070
f 218 1115 1070
f 242 235 234
f 242 234 241
f 242 241 258
f 241 257 258
f 265 258 257
f 265 257 266
f 257 1105 266
f 1115 258 265
f 265 266 269
f 269 1115 265
f 266 1105 269
f 269 1105 1150
f 1129 1115 269
f 1129 269 1154
f 1169 269 1150
f 269 1170 1154
f 1175 269 1169
f 1175 1170 269
f 1013 1012 1010
f 1013 1025 1012
f 1105 1012 1025
f 1023 1025 1013
f 1023 1064 1025
f 1023 1034 1064
f 1105 1025 1064
f 1052 1066 1034
f 1034 1066 1064
f 1055 1066 1052
f 1055 1063 1066
f 1063 1070 1066
f 1063 1069 1070
f 1066 1105 1064
f 1066 1070 1115
f 1066 1150 1105
f 1066 1115 1129
f 1066 1129 1154
f 1066 1154 1150
f 1150 1154 1170
f 1150 1170 1169
f 1170 1172 1169
f 1172 1173 1169
f 1175 1169 1173
f 1175 1172 1170
f 1172 1175 1173
f 137 144 124
f 137 124 796
f 124 144 796
f 156 144 137
f 156 137 830
f 137 796 810
f 137 810 823
f 137 823 830
f 157 153 144
f 824 144 153
f 157 144 156
f 796 144 808
f 808 144 824
f 153 157 878
f 828 824 153
f 878 828 153
f 157 156 173
f 156 166 182
f 166 156 830
f 221 173 156
f 222 156 182
f 221 156 222
f 878 157 173
f 182 166 880
f 166 830 880
f 173 221 957
f 957 878 173
f 182 966 222
f 966 182 880
f 221 222 223
f 957 221 223
f 222 225 223
f 222 966 225
f 223 225 1036
f 998 957 223
f 1033 998 223
f 223 1036 1033
f 966 992 225
f 992 1037 225
f 225 1037 1036
f 796 808 810
f 808 824 810
f 810 824 823
f 823 824 828
f 823 828 830
f 830 828 874
f 874 828 868
f 878 868 828
f 874 880 830
f 868 937 874
f 868 878 915
f 868 915 937
f 880 874 888
f 874 937 888
f 915 878 957
f 888 966 880
f 888 937 936
f 936 966 888
f 915 940 937
f 915 952 940
f 915 957 952
f 937 993 936
f 966 936 993
f 940 952 937
f 952 957 937
f 957 998 937
f 937 999 993
f 998 999 937
f 966 993 992
f 993 999 992
f 999 1036 992
f 992 1036 1037
f 998 1019 999
f 1019 998 1033
f 1019 1033 999
f 1033 1036 999
f 295 298 299
f 298 295 300
f 295 299 1236
f 1236 300 295
f 299 298 332
f 298 300 332
f 310 299 332
f 1236 299 310
f 333 300 312
f 312 300 1254
f 332 300 333
f 1236 1254 300
f 310 332 329
f 329 1270 310
f 1270 1236 310
f 333 312 326
f 326 312 1334
f 312 1254 1288
f 312 1288 1290
f 312 1290 1334
f 333 326 1382
f 326 1334 1382
f 329 332 1385
f 329 1299 1270
f 1385 1299 329
f 374 332 333
f 1385 332 374
f 374 333 372
f 372 333 1382
f 372 383 374
f 383 372 385
f 385 372 1382
f 1385 374 383
f 383 385 390
f 1482 383 390
f 1428 1385 383
f 1428 383 1432
f 1432 383 1453
f 1453 383 1482
f 390 385 1430
f 1430 385 1382
f 390 1430 1455
f 390 1455 1563
f 1482 390 1509
f 1509 390 1545
f 1545 390 1563
f 1254 1236 1299
f 1236 1270 1299
f 1288 1254 1290
f 1290 1254 1299
f 1290 1299 1334
f 1299 1318 1334
f 1385 1318 1299
f 1318 1384 1334
f 1318 1399 1384
f 1318 1385 1399
f 1382 1334 1384
f 1384 1430 1382
f 1384 1399 1422
f 1384 1422 1430
f 1399 1385 1428
f 1422 1399 1425
f 1425 1399 1428
f 1425 1428 1422
f 1422 1428 1430
f 1428 1437 1430
f 1432 1437 1428
f 1455 1430 1437
f 1437 1432 1455
f 1432 1453 1455
f 1455 1453 1491
f 1453 1482 1491
f 1548 1455 1491
f 1563 1455 1548
f 1491 1482 1510
f 1482 1509 1510
f 1548 1491 1510
f 1510 1509 1548
f 1509 1545 1548
f 1545 1563 1548
f 312 317 326
f 317 312 1288
f 312 326 1334
f 1288 312 1290
f 1290 312 1334
f 317 318 333
f 1333 318 317
f 326 317 333
f 1289 317 1288
f 1333 317 1289
f 333 318 334
f 334 318 1354
f 1333 1354 318
f 1382 326 333
f 1334 326 1382
f 333 334 372
f 372 1382 333
f 334 366 370
f 366 334 1354
f 334 370 372
f 1381 370 366
f 1381 366 1354
f 370 382 372
f 382 370 1381
f 372 382 388
f 409 385 372
f 385 1382 372
f 388 391 372
f 391 409 372
f 382 1401 388
f 1391 382 1381
f 1391 1401 382
f 390 385 409
f 390 1430 385
f 1430 1382 385
f 388 1481 391
f 388 1401 1456
f 388 1456 1481
f 390 409 407
f 390 407 442
f 390 442 1563
f 390 1455 1430
f 1563 1455 390
f 442 409 391
f 442 391 1562
f 391 1481 1562
f 407 409 422
f 407 422 421
f 421 438 407
f 438 442 407
f 422 409 437
f 442 437 409
f 421 422 437
f 421 437 438
f 438 437 442
f 1566 442 1562
f 442 1604 1563
f 1566 1603 442
f 1621 442 1603
f 1621 1604 442
f 1288 1290 1289
f 1290 1334 1289
f 1289 1334 1333
f 1333 1334 1352
f 1333 1352 1354
f 1334 1382 1352
f 1354 1352 1364
f 1364 1352 1384
f 1352 1382 1384
f 1364 1371 1354
f 1381 1354 1371
f 1391 1371 1364
f 1364 1384 1421
f 1391 1364 1401
f 1401 1364 1421
f 1371 1391 1381
f 1430 1384 1382
f 1421 1384 1422
f 1430 1422 1384
f 1446 1401 1421
f 1456 1401 1446
f 1422 1446 1421
f 1422 1430 1437
f 1422 1437 1446
f 1455 1437 1430
f 1446 1437 1456
f 1437 1455 1456
f 1456 1455 1505
f 1455 1491 1505
f 1548 1491 1455
f 1563 1548 1455
f 1456 1505 1481
f 1562 1481 1505
f 1505 1491 1511
f 1511 1491 1510
f 1548 1510 1491
f 1562 1505 1511
f 1511 1510 1562
f 1510 1548 1566
f 1510 1566 1562
f 1603 1548 1563
f 1566 1548 1603
f 1603 1563 1604
f 1603 1604 1621
f 1611 1602 1609
f 1602 1650 1609
f 1602 1611 1649
f 1602 1649 2925
f 1602 2925 1650
f 1611 1609 1649
f 1609 1650 1649
f 1692 1649 1650
f 1736 1649 1692
f 2925 1649 1736
f 1692 1650 1696
f 1650 1723 1696
f 2925 1723 1650
f 1709 1692 1696
f 1736 1692 1709
f 1709 1696 1712
f 1696 1723 1712
f 1709 1712 1740
f 1736 1709 1740
f 1740 1712 1723
f 1723 1725 1740
f 1723 2968 1725
f 2953 1723 2925
f 2953 2968 1723
f 1725 2985 1740
f 1725 2968 2983
f 2985 1725 2983
f 1736 1740 1763
f 1736 1763 3023
f 2964 2925 1736
f 1736 2990 2964
f 1736 3023 2990
f 1740 3013 1763
f 2985 3013 1740
f 3013 3035 1763
f 3023 1763 3035
f 2948 2949 2925
f 2948 2925 2964
f 2925 2949 2953
f 2948 2964 2949
f 2953 2949 2990
f 2990 2949 2964
f 2953 2983 2968
f 2953 2990 2983
f 2990 2985 2983
f 3013 2985 2990
f 3013 2990 3023
f 3013 3023 3035
f 480 464 466
f 1261 466 464
f 1261 464 480
f 480 466 478
f 1631 478 466
f 1261 1631 466
f 482 474 472
f 1627 472 474
f 472 506 482
f 506 472 1579
f 472 1619 1579
f 1627 1619 472
f 478 474 482
f 474 478 1627
f 480 478 482
f 478 1642 1627
f 1642 478 1631
f 480 482 486
f 1261 480 486
f 486 482 508
f 482 506 586
f 482 517 508
f 482 513 514
f 482 610 513
f 482 514 523
f 482 523 517
f 482 586 610
f 486 508 491
f 1261 486 491
f 1261 491 508
f 506 1578 586
f 1579 1578 506
f 508 517 1759
f 1261 508 1759
f 514 513 520
f 520 513 610
f 523 514 520
f 1785 517 523
f 1759 517 1785
f 523 520 1793
f 520 610 1793
f 1785 523 1813
f 523 1793 1813
f 629 586 601
f 586 657 601
f 610 586 629
f 586 1578 657
f 601 912 629
f 657 912 601
f 610 629 911
f 1793 610 911
f 629 912 911
f 657 809 1014
f 1578 809 657
f 657 1014 912
f 1208 1014 809
f 1348 1208 809
f 1348 809 1411
f 1411 809 1578
f 911 912 914
f 911 914 916
f 919 911 916
f 919 1793 911
f 912 916 914
f 912 919 916
f 912 1388 919
f 1014 1362 912
f 912 1362 1388
f 1388 1793 919
f 1208 1362 1014
f 1208 1348 1362
f 1261 1626 1632
f 1640 1626 1261
f 1261 1635 1631
f 1261 1632 1638
f 1261 1638 1635
f 1665 1640 1261
f 1686 1665 1261
f 1261 1691 1686
f 1691 1261 1759
f 1411 1362 1348
f 1623 1388 1362
f 1411 1579 1362
f 1579 1623 1362
f 1623 1580 1388
f 1388 1580 1793
f 1411 1578 1579
f 1579 1619 1623
f 1623 1720 1580
f 1580 1720 1793
f 1619 1752 1623
f 1627 1752 1619
f 1752 1720 1623
f 1626 1640 1632
f 1642 1752 1627
f 1635 1691 1631
f 1631 1752 1642
f 1691 1752 1631
f 1638 1632 1665
f 1632 1640 1665
f 1638 1665 1635
f 1635 1665 1691
f 1665 1686 1691
f 1691 1759 1752
f 1752 1766 1720
f 1720 1766 1793
f 1752 1759 1762
f 1762 1785 1752
f 1752 1780 1766
f 1793 1780 1752
f 1785 1813 1752
f 1752 1813 1793
f 1762 1759 1785
f 1766 1780 1793
f 2019 1827 1825
f 1825 1827 3101
f 1877 2019 1825
f 3099 1877 1825
f 1825 3101 3099
f 1895 1827 1952
f 1827 1895 3137
f 1952 1827 2019
f 1827 3137 3101
f 1976 1877 1948
f 1877 3174 1948
f 2019 1877 1976
f 3134 1877 3099
f 3164 1877 3134
f 3174 1877 3164
f 1895 1952 3188
f 1895 3179 3137
f 1895 3188 3179
f 1948 3198 1976
f 3174 3198 1948
f 1952 2019 2026
f 1952 2026 3244
f 3188 1952 3208
f 3208 1952 3221
f 3221 1952 3244
f 2019 1976 3238
f 1976 3198 3238
f 2026 2019 3238
f 2026 3238 3244
f 3099 3101 3137
f 3099 3137 3134
f 3137 3210 3134
f 3134 3210 3164
f 3137 3179 3210
f 3164 3210 3174
f 3174 3187 3198
f 3174 3210 3187
f 3179 3188 3208
f 3179 3208 3210
f 3198 3187 3211
f 3187 3210 3211
f 3229 3198 3211
f 3238 3198 3229
f 3208 3221 3210
f 3210 3229 3211
f 3210 3221 3238
f 3210 3238 3229
f 3221 3244 3238
f 1750 1744 1771
f 1750 3034 1744
f 1744 1754 1841
f 3027 1754 1744
f 1771 1744 1841
f 1744 3034 3027
f 1750 1771 1798
f 1750 1798 3034
f 1754 1800 1839
f 1754 3029 1800
f 1754 1839 1841
f 3029 1754 3027
f 1837 1798 1771
f 1837 1771 1871
f 1771 1841 1871
f 1798 1837 3056
f 3034 1798 3056
f 1800 3103 1839
f 3029 3064 1800
f 3064 3081 1800
f 3081 3103 1800
f 3128 1837 1871
f 3056 1837 3058
f 3058 1837 3102
f 1837 3128 3102
f 1841 1839 1845
f 1839 3139 1845
f 3103 3139 1839
f 1841 1845 1865
f 1870 1841 1865
f 1871 1841 1870
f 1865 1845 1864
f 1845 3139 1864
f 1865 1864 3140
f 1864 3139 3140
f 1870 1865 3151
f 3151 1865 3140
f 1871 1870 3151
f 1871 3152 3128
f 1871 3151 3152
f 3027 3078 3029
f 3027 3034 3058
f 3027 3058 3078
f 3029 3078 3064
f 3034 3056 3058
f 3058 3102 3078
f 3064 3075 3076
f 3064 3078 3075
f 3064 3076 3081
f 3075 3078 3076
f 3078 3081 3076
f 3078 3140 3081
f 3102 3149 3078
f 3078 3151 3140
f 3149 3151 3078
f 3081 3140 3103
f 3102 3128 3149
f 3103 3140 3139
f 3152 3149 3128
f 3149 3152 3151
f 197 186 188
f 188 186 973
f 973 186 197
f 216 197 188
f 204 216 188
f 188 971 204
f 973 971 188
f 215 210 197
f 197 210 1038
f 215 197 216
f 997 973 197
f 997 197 1038
f 216 204 990
f 971 980 204
f 980 983 204
f 983 985 204
f 990 204 985
f 210 215 1088
f 1038 210 1088
f 215 216 233
f 1088 215 233
f 216 219 232
f 990 219 216
f 216 232 233
f 219 239 232
f 219 255 239
f 1092 255 219
f 1092 219 990
f 233 232 239
f 233 239 240
f 240 1088 233
f 240 239 255
f 240 255 256
f 240 256 1145
f 1145 1088 240
f 264 256 255
f 263 264 255
f 1092 263 255
f 262 256 264
f 256 262 1145
f 264 1145 262
f 264 263 1133
f 1130 263 1092
f 1133 263 1130
f 1133 1138 264
f 1138 1145 264
f 973 997 971
f 971 984 980
f 997 984 971
f 980 984 983
f 984 985 983
f 984 1059 985
f 997 1038 984
f 1038 1059 984
f 985 1059 990
f 990 1059 1053
f 1053 1092 990
f 1044 1059 1038
f 1044 1038 1080
f 1080 1038 1088
f 1044 1060 1059
f 1060 1044 1080
f 1059 1058 1053
f 1065 1053 1058
f 1065 1092 1053
f 1059 1065 1058
f 1060 1080 1059
f 1059 1133 1065
f 1059 1080 1138
f 1059 1138 1133
f 1065 1130 1092
f 1065 1133 1130
f 1145 1080 1088
f 1145 1138 1080
f 190 179 170
f 705 170 179
f 190 170 186
f 946 186 170
f 705 946 170
f 192 179 190
f 705 179 192
f 190 186 973
f 973 186 946
f 192 190 705
f 705 190 1001
f 1001 190 973
f 705 1001 946
f 948 949 946
f 946 963 948
f 949 973 946
f 946 1001 963
f 949 948 960
f 948 963 960
f 949 960 973
f 960 963 969
f 969 973 960
f 969 963 977
f 963 1001 977
f 977 973 969
f 977 1001 973
f 717 693 701
f 2191 701 693
f 693 717 2196
f 2195 2191 693
f 2196 2195 693
f 701 704 716
f 704 701 2179
f 701 716 717
f 701 2191 2179
f 2175 716 704
f 704 2179 2175
f 717 716 739
f 716 729 740
f 2175 729 716
f 739 716 740
f 717 739 757
f 2196 717 757
f 760 740 729
f 795 760 729
f 795 729 2200
f 2175 2200 729
f 739 740 760
f 757 739 764
f 764 739 760
f 798 757 764
f 2246 757 798
f 2201 2196 757
f 2201 757 2208
f 2208 757 2216
f 2216 757 2246
f 764 760 795
f 795 798 764
f 817 798 795
f 817 795 2252
f 2247 795 2200
f 2247 2252 795
f 798 817 2338
f 2295 2246 798
f 2326 2295 798
f 2326 798 2338
f 2286 817 2252
f 2330 817 2286
f 2349 817 2330
f 2338 817 2349
f 2179 2247 2175
f 2175 2247 2200
f 2191 2208 2179
f 2208 2216 2179
f 2216 2247 2179
f 2191 2195 2208
f 2196 2201 2195
f 2195 2201 2208
f 2247 2216 2246
f 2252 2247 2246
f 2252 2246 2295
f 2252 2295 2286
f 2286 2295 2326
f 2286 2326 2330
f 2330 2326 2338
f 2330 2338 2349
f 783 746 781
f 781 746 2289
f 746 783 2306
f 2289 746 2306
f 781 768 773
f 773 768 789
f 2287 768 781
f 768 2287 789
f 783 781 773
f 783 773 870
f 877 773 789
f 870 773 877
f 2308 2287 781
f 2307 781 2289
f 781 2307 2313
f 2308 781 2313
f 832 803 783
f 783 803 2331
f 832 783 870
f 2306 783 2331
f 788 835 789
f 789 2323 788
f 818 835 788
f 788 2343 818
f 2321 2319 788
f 788 2319 2343
f 788 2323 2321
f 835 877 789
f 2287 2309 789
f 2309 2320 789
f 2320 2323 789
f 803 832 2363
f 803 2363 2331
f 835 818 2343
f 832 870 2423
f 2363 832 2381
f 832 2423 2381
f 877 835 2392
f 835 2343 2350
f 835 2350 2392
f 870 877 898
f 910 870 898
f 2423 870 910
f 898 877 2392
f 910 898 2431
f 2411 898 2392
f 898 2411 2431
f 2435 2423 910
f 2448 910 2431
f 2435 910 2448
f 2287 2308 2309
f 2289 2306 2307
f 2363 2307 2306
f 2363 2306 2331
f 2313 2307 2363
f 2309 2308 2363
f 2363 2308 2313
f 2309 2363 2320
f 2319 2321 2343
f 2320 2350 2323
f 2350 2320 2382
f 2320 2363 2382
f 2321 2323 2350
f 2321 2350 2343
f 2392 2350 2382
f 2382 2363 2381
f 2392 2382 2381
f 2392 2381 2411
f 2411 2381 2435
f 2435 2381 2423
f 2411 2435 2431
f 2431 2435 2448
f 311 307 334
f 307 311 1269
f 334 307 335
f 1308 335 307
f 1275 307 1269
f 1278 307 1275
f 1308 307 1278
f 312 311 317
f 311 312 1288
f 317 311 318
f 311 334 318
f 1269 311 1273
f 1273 311 1282
f 1288 1282 311
f 1288 312 317
f 317 318 1333
f 1289 1288 317
f 1333 1289 317
f 318 334 1354
f 1333 318 1354
f 334 335 346
f 334 346 366
f 1354 334 366
f 346 335 1316
f 1316 335 1308
f 366 346 1316
f 366 1316 1381
f 1381 1354 366
f 1272 1269 1273
f 1269 1272 1275
f 1273 1277 1272
f 1272 1277 1275
f 1273 1282 1277
f 1275 1277 1278
f 1277 1308 1278
f 1282 1289 1277
f 1289 1333 1277
f 1277 1316 1308
f 1352 1316 1277
f 1333 1352 1277
f 1282 1288 1289
f 1316 1359 1346
f 1381 1316 1346
f 1352 1359 1316
f 1333 1354 1352
f 1358 1346 1359
f 1360 1346 1358
f 1381 1346 1360
f 1352 1354 1359
f 1354 1364 1359
f 1364 1354 1371
f 1371 1354 1381
f 1359 1360 1358
f 1359 1381 1360
f 1359 1364 1371
f 1359 1371 1381
f 1266 1240 1267
f 1240 1266 2689
f 2678 1267 1240
f 1240 2689 2678
f 1266 1267 1347
f 1266 1347 1350
f 1350 2717 1266
f 1266 2717 2689
f 1267 2718 1347
f 2690 1267 2678
f 2711 1267 2690
f 1267 2711 2718
f 1347 1377 1350
f 1347 1370 1377
f 1347 2735 1370
f 2718 2735 1347
f 1350 1353 1356
f 1350 1377 1353
f 1356 2717 1350
f 1366 1356 1353
f 1366 1353 1483
f 1353 1377 1398
f 1483 1353 1398
f 1366 2780 1356
f 2738 2717 1356
f 2738 1356 2748
f 2780 2748 1356
f 1378 1366 1489
f 2787 1366 1378
f 1489 1366 1483
f 2787 2780 1366
f 1370 1398 1377
f 1398 1370 2735
f 1410 1378 1484
f 1378 1410 2806
f 1378 1502 1484
f 1378 1489 1502
f 2787 1378 2806
f 1489 1483 1398
f 1489 1398 2802
f 2788 1398 2735
f 2788 2802 1398
f 1410 1484 2857
f 2835 2806 1410
f 2854 2835 1410
f 2854 1410 2857
f 1484 1502 1525
f 2857 1484 1525
f 1489 1495 1502
f 1495 1489 2802
f 1495 1525 1502
f 1525 1495 2846
f 2803 1495 2802
f 1495 2803 2826
f 2846 1495 2826
f 2893 1525 2846
f 2857 1525 2893
f 2689 2690 2678
f 2689 2717 2690
f 2710 2711 2690
f 2690 2717 2710
f 2710 2718 2711
f 2717 2727 2710
f 2727 2718 2710
f 2738 2727 2717
f 2727 2748 2718
f 2735 2718 2771
f 2718 2748 2771
f 2727 2738 2748
f 2771 2788 2735
f 2771 2748 2780
f 2780 2788 2771
f 2780 2787 2788
f 2787 2802 2788
f 2787 2803 2802
f 2787 2806 2803
f 2803 2806 2826
f 2806 2835 2826
f 2856 2826 2835
f 2856 2846 2826
f 2856 2835 2854
f 2856 2893 2846
f 2856 2854 2893
f 2854 2857 2893
f 1461 1410 1484
f 1461 2857 1410
f 1410 2857 1484
f 1461 1484 1541
f 1461 1541 2857
f 1541 1484 1525
f 1484 2857 1525
f 1525 2905 1541
f 2857 2893 1525
f 1525 2893 2905
f 2857 1541 2905
f 2857 2905 2893
f 1871 1874 1891
f 1874 1871 3152
f 3152 1871 1891
f 2034 1891 1874
f 1905 2034 1874
f 1874 3152 1905
f 2034 1935 1891
f 1935 3152 1891
f 1905 2031 2034
f 1905 3236 2031
f 3152 3185 1905
f 1905 3185 3194
f 1905 3194 3236
f 2034 1994 1935
f 1935 1994 3222
f 3173 3152 1935
f 1935 3222 3173
f 3264 1994 2034
f 1994 3240 3222
f 1994 3251 3240
f 3251 1994 3264
f 2034 2031 3266
f 2031 3236 3209
f 2031 3209 3259
f 2031 3259 3266
f 2034 3266 3264
f 3152 3171 3165
f 3152 3165 3185
f 3173 3171 3152
f 3165 3171 3237
f 3185 3165 3177
f 3177 3165 3237
f 3171 3173 3222
f 3171 3222 3237
f 3185 3177 3194
f 3177 3237 3194
f 3194 3237 3236
f 3237 3209 3236
f 3237 3266 3209
f 3266 3259 3209
f 3222 3240 3237
f 3240 3264 3237
f 3264 3266 3237
f 3240 3251 3264
f 1549 1538 1547
f 1538 1614 1547
f 1538 1549 1587
f 2918 1538 1587
f 2918 1614 1538
f 1587 1549 1547
f 1587 1547 1641
f 1547 1614 1641
f 1608 1592 1587
f 2966 1587 1592
f 1608 1587 1641
f 2918 1587 2959
f 1587 2966 2959
f 2976 1592 1608
f 2966 1592 2976
f 1608 1641 1647
f 1663 1608 1647
f 1663 2976 1608
f 1614 2932 1641
f 2918 2932 1614
f 2932 1647 1641
f 1663 1647 1675
f 2932 1675 1647
f 1700 1663 1675
f 1693 1663 1700
f 1693 1727 1663
f 1727 2976 1663
f 1675 1730 1700
f 2993 1730 1675
f 2955 1675 2932
f 2993 1675 2955
f 1693 1700 1730
f 1727 1693 1724
f 1724 1693 1730
f 1727 1724 3018
f 1724 1730 3012
f 3011 1724 3012
f 3011 3018 1724
f 1727 2999 2976
f 3018 2999 1727
f 3015 1730 2993
f 3015 3012 1730
f 2932 2918 2955
f 2955 2918 2959
f 2955 2959 2993
f 3015 2959 2966
f 2993 2959 3015
f 2966 2976 3012
f 3015 2966 3012
f 3012 2976 2999
f 2999 3011 3012
f 2999 3018 3011
f 2215 2224 2226
f 2224 2215 2268
f 2272 2215 2226
f 2215 3391 2268
f 3391 2215 2272
f 2224 2312 2226
f 2268 2312 2224
f 2312 2272 2226
f 2312 2268 3448
f 2268 3391 3395
f 3395 3403 2268
f 2268 3403 3410
f 3410 3448 2268
f 2280 2272 2312
f 3407 2272 2280
f 3399 3391 2272
f 3407 3399 2272
f 2322 2280 2312
f 2280 2322 2511
f 2335 2280 2401
f 2335 3407 2280
f 2401 2280 2450
f 2450 2280 2511
f 2322 2312 3450
f 2312 3448 3450
f 2384 2322 2333
f 3450 2333 2322
f 2511 2322 2384
f 2333 3475 2384
f 3450 3475 2333
f 2335 2401 3476
f 2335 3408 3407
f 2335 3441 3408
f 2335 3456 3441
f 3456 2335 3460
f 3460 2335 3476
f 2384 2428 2511
f 2428 2384 3493
f 2384 3475 3477
f 3477 3493 2384
f 2401 2450 3495
f 3476 2401 3495
f 2511 2428 2507
f 2428 2538 2507
f 3538 2538 2428
f 2428 3493 3504
f 2428 3504 3526
f 2428 3526 3538
f 2511 3542 2450
f 3495 2450 3542
f 2520 2511 2507
f 2520 2507 2559
f 2559 2507 2538
f 2511 2520 3498
f 2511 3498 3539
f 2511 3539 3542
f 2520 2559 2618
f 2618 3350 2520
f 2520 3350 3498
f 2559 2538 2903
f 2538 3535 2903
f 3535 2538 3538
f 2618 2559 2608
f 2559 2903 2608
f 2618 2608 2920
f 2920 2608 2903
f 2680 2618 2920
f 2680 3350 2618
f 2878 2680 2926
f 2878 3031 2680
f 2680 2920 2926
f 3031 3350 2680
f 2878 2926 2998
f 2878 2998 3031
f 2903 2919 2920
f 2903 3535 2919
f 2920 2919 3340
f 2919 3333 3340
f 2919 3535 3333
f 2926 2920 3340
f 3031 2998 2926
f 3031 2926 3340
f 3031 3340 3350
f 3333 3339 3340
f 3429 3339 3333
f 3535 3429 3333
f 3429 3340 3339
f 3498 3350 3340
f 3531 3340 3429
f 3531 3498 3340
f 3391 3399 3395
f 3395 3399 3410
f 3403 3395 3410
f 3410 3399 3407
f 3408 3410 3407
f 3410 3408 3448
f 3441 3455 3408
f 3408 3455 3448
f 3535 3531 3429
f 3441 3456 3455
f 3455 3450 3448
f 3455 3477 3450
f 3450 3477 3475
f 3456 3460 3455
f 3455 3460 3496
f 3455 3519 3477
f 3455 3496 3519
f 3495 3460 3476
f 3496 3460 3495
f 3477 3519 3493
f 3493 3519 3504
f 3496 3495 3542
f 3519 3496 3542
f 3539 3498 3531
f 3519 3547 3504
f 3504 3547 3526
f 3527 3519 3542
f 3527 3547 3519
f 3526 3547 3538
f 3527 3542 3544
f 3527 3544 3548
f 3527 3550 3547
f 3527 3548 3550
f 3535 3532 3531
f 3532 3547 3531
f 3547 3539 3531
f 3546 3532 3535
f 3547 3532 3546
f 3538 3546 3535
f 3538 3547 3546
f 3547 3542 3539
f 3547 3544 3542
f 3547 3548 3544
f 3550 3548 3547
f 1820 1753 1806
f 1806 1753 3063
f 1753 1820 3063
f 1820 1806 1851
f 1862 1806 1826
f 1826 1806 3063
f 1902 1851 1806
f 1902 1806 1862
f 3096 1820 1851
f 3063 1820 3066
f 3066 1820 3096
f 1862 1826 3098
f 3065 1826 3063
f 3098 1826 3065
f 1866 1853 1851
f 1853 3096 1851
f 1902 1866 1851
f 3160 1853 1866
f 1853 3127 3096
f 3127 1853 3160
f 1902 1862 3162
f 3107 1862 3098
f 3107 3143 1862
f 1862 3143 3162
f 1866 1902 1939
f 3178 1866 1939
f 3160 1866 3178
f 1939 1902 3162
f 1939 3162 3178
f 3063 3066 3065
f 3066 3107 3065
f 3065 3107 3098
f 3066 3096 3107
f 3107 3096 3127
f 3107 3127 3143
f 3143 3127 3147
f 3147 3127 3160
f 3147 3167 3143
f 3143 3167 3162
f 3158 3147 3160
f 3158 3167 3147
f 3158 3160 3178
f 3158 3178 3167
f 3167 3178 3162
f 1599 1656 1610
f 1599 1610 2892
f 1656 1599 2892
f 1610 1656 1655
f 1610 1655 2909
f 2892 1610 2902
f 1610 2909 2902
f 1655 1656 1708
f 1666 1655 1708
f 2909 1655 1666
f 1708 1656 1674
f 1674 1656 2892
f 1701 1689 1666
f 1689 2922 1666
f 1701 1666 1708
f 2909 1666 2922
f 2908 1708 1674
f 2899 1674 2892
f 2899 2908 1674
f 1689 1701 1725
f 2947 1689 1725
f 1689 2929 2922
f 2947 2929 1689
f 1701 1708 1710
f 1718 1701 1710
f 1715 1701 1718
f 1725 1701 1715
f 1708 2908 1710
f 1743 1718 1710
f 1747 1743 1710
f 1747 1710 2965
f 2908 2937 1710
f 2937 2965 1710
f 1739 1715 1718
f 1725 1715 1739
f 1739 1718 1749
f 1748 1718 1743
f 1749 1718 1748
f 1725 1739 2979
f 2947 1725 2968
f 2968 1725 2975
f 1725 2979 2975
f 1739 1749 2979
f 1748 1743 1747
f 3000 1748 1747
f 2982 1747 2965
f 2982 3000 1747
f 3002 1749 1748
f 3000 3002 1748
f 2979 1749 2984
f 1749 3002 2984
f 2892 2902 2899
f 2899 2902 2937
f 2908 2899 2937
f 2909 2970 2902
f 2902 2970 2937
f 2922 2970 2909
f 2929 2970 2922
f 2947 2970 2929
f 2970 2965 2937
f 2960 2947 2968
f 2947 2960 2970
f 2960 2968 2975
f 2960 2975 2970
f 2970 2982 2965
f 2975 2979 2970
f 2979 2980 2970
f 2970 2980 2984
f 2970 3002 2982
f 2970 2984 3002
f 2979 2984 2980
f 2982 3002 3000
f 1520 1503 1540
f 2867 1503 1520
f 1503 1524 1555
f 1524 1503 2830
f 1503 1555 1540
f 2867 2830 1503
f 1520 1540 1599
f 1520 1599 2867
f 1657 1555 1524
f 1657 1524 2831
f 2831 1524 2830
f 1540 1555 1576
f 1540 1576 1575
f 1589 1540 1575
f 1599 1540 1589
f 1581 1576 1555
f 1657 1581 1555
f 1575 1576 1581
f 1575 1581 1589
f 1589 1581 1656
f 1581 1657 1656
f 1589 1656 1599
f 1599 1656 2892
f 2867 1599 2892
f 1656 1657 1658
f 1674 1656 1658
f 2892 1656 1674
f 1658 1657 2831
f 1674 1658 2897
f 2880 1658 2831
f 1658 2880 2881
f 2897 1658 2881
f 2899 2892 1674
f 1674 2897 2908
f 2899 1674 2908
f 2830 2880 2831
f 2867 2881 2830
f 2830 2881 2880
f 2875 2881 2867
f 2875 2867 2892
f 2881 2875 2897
f 2875 2892 2899
f 2875 2899 2897
f 2899 2908 2897
f 1753 1727 1806
f 1727 1753 3018
f 1806 1727 1796
f 1796 1727 3018
f 1806 3063 1753
f 1753 3063 3018
f 1799 1826 1796
f 1799 1796 3018
f 1826 1806 1796
f 1827 1826 1799
f 3039 1827 1799
f 1799 3018 3039
f 1806 1826 3063
f 1862 1826 1827
f 1862 3098 1826
f 3063 1826 3065
f 1826 3098 3065
f 3101 1862 1827
f 3061 1827 3039
f 3101 1827 3061
f 1862 3107 3098
f 3141 1862 3101
f 1862 3143 3107
f 3162 1862 3141
f 1862 3162 3143
f 3039 3018 3065
f 3018 3063 3065
f 3039 3065 3061
f 3065 3098 3061
f 3061 3098 3086
f 3086 3101 3061
f 3086 3098 3107
f 3101 3086 3141
f 3086 3107 3141
f 3141 3107 3143
f 3143 3162 3141
f 1467 1506 1497
f 2768 1467 1497
f 2768 1506 1467
f 1478 1475 1520
f 2754 1475 1478
f 1475 1490 1503
f 2747 1490 1475
f 1475 1503 1520
f 2753 2747 1475
f 2754 2753 1475
f 1478 1520 1540
f 1478 1540 1533
f 1478 1533 2754
f 1503 1490 1524
f 1490 1529 1524
f 1529 1490 1531
f 1531 1490 2760
f 2760 1490 2747
f 1497 1506 1572
f 1532 1497 1572
f 1532 2768 1497
f 1520 1503 2867
f 1503 1524 2830
f 2830 2867 1503
f 1572 1506 1542
f 2768 1542 1506
f 1520 1599 1540
f 1599 1520 2867
f 1529 1530 1524
f 1524 1530 2833
f 2830 1524 2831
f 1524 2833 2831
f 1529 1531 1530
f 1530 1531 2828
f 2833 1530 2828
f 1531 2760 2700
f 1531 2700 2828
f 1532 1572 2914
f 1532 2761 2768
f 2914 2761 1532
f 1533 1540 1575
f 1543 1533 1575
f 2754 1533 1543
f 1589 1575 1540
f 1599 1589 1540
f 1542 1543 1575
f 1542 2805 1543
f 1542 1575 1572
f 2768 2758 1542
f 1542 2758 2813
f 1542 2810 2805
f 2813 2810 1542
f 2754 1543 2749
f 2749 1543 2775
f 1543 2805 2775
f 1572 1575 1589
f 1572 1589 1596
f 2914 1572 1596
f 1596 1589 1610
f 1589 1599 1610
f 1596 1610 1655
f 1596 1655 1653
f 2914 1596 1653
f 1599 2892 1610
f 2867 2892 1599
f 1655 1610 2909
f 2892 2902 1610
f 2902 2909 1610
f 1666 1653 1655
f 1689 1653 1666
f 1653 1689 2947
f 2947 2914 1653
f 1666 1655 2909
f 1689 1666 2922
f 1666 2909 2922
f 2929 1689 2922
f 2947 1689 2929
f 2760 2819 2700
f 2819 2824 2700
f 2824 2828 2700
f 2753 2749 2747
f 2749 2775 2747
f 2747 2819 2760
f 2747 2775 2819
f 2753 2754 2749
f 2768 2761 2758
f 2758 2761 2836
f 2813 2758 2845
f 2758 2836 2845
f 2896 2836 2761
f 2912 2896 2761
f 2914 2912 2761
f 2775 2805 2819
f 2810 2845 2805
f 2819 2805 2821
f 2821 2805 2845
f 2810 2813 2845
f 2819 2821 2824
f 2824 2821 2825
f 2821 2833 2825
f 2821 2830 2831
f 2845 2830 2821
f 2831 2833 2821
f 2833 2824 2825
f 2833 2828 2824
f 2845 2867 2830
f 2836 2847 2845
f 2896 2847 2836
f 2847 2906 2845
f 2845 2875 2867
f 2845 2902 2875
f 2845 2906 2902
f 2847 2896 2906
f 2875 2892 2867
f 2875 2902 2892
f 2896 2912 2906
f 2906 2909 2902
f 2906 2922 2909
f 2912 2947 2906
f 2906 2929 2922
f 2906 2947 2929
f 2912 2914 2947
f 710 693 718
f 693 710 2196
f 718 693 2196
f 720 699 710
f 710 699 2243
f 699 720 2241
f 2241 2242 699
f 2243 699 2242
f 710 718 720
f 2196 710 2213
f 2213 710 2234
f 710 2243 2234
f 720 718 738
f 738 718 2220
f 2196 2212 718
f 2214 718 2212
f 2220 718 2214
f 733 720 738
f 2241 720 733
f 733 738 736
f 736 2289 733
f 2253 2241 733
f 2253 733 2257
f 2289 2257 733
f 736 738 768
f 746 736 781
f 2289 736 746
f 736 768 781
f 738 758 770
f 758 738 2248
f 768 738 773
f 738 770 773
f 2248 738 2220
f 2289 746 781
f 788 770 758
f 788 758 2248
f 768 773 789
f 768 2287 781
f 768 789 2287
f 789 773 770
f 789 770 788
f 781 2287 2308
f 2307 2289 781
f 2307 781 2313
f 781 2308 2313
f 789 788 2323
f 788 2248 2305
f 788 2305 2311
f 788 2311 2319
f 788 2319 2321
f 2323 788 2321
f 2287 789 2309
f 2309 789 2320
f 789 2323 2320
f 2213 2212 2196
f 2214 2212 2213
f 2214 2213 2234
f 2220 2214 2310
f 2214 2234 2310
f 2220 2310 2248
f 2309 2234 2243
f 2310 2234 2309
f 2241 2253 2242
f 2243 2242 2309
f 2287 2242 2253
f 2309 2242 2287
f 2248 2310 2305
f 2287 2253 2257
f 2287 2257 2308
f 2257 2289 2307
f 2308 2257 2307
f 2305 2310 2311
f 2308 2307 2313
f 2309 2320 2310
f 2310 2319 2311
f 2310 2321 2319
f 2310 2320 2323
f 2310 2323 2321
f 2111 2079 2110
f 2079 2143 2110
f 2079 2111 2141
f 2079 2141 2156
f 2079 2149 2143
f 2149 2079 3284
f 2079 2156 3284
f 2111 2110 2143
f 2141 2111 2143
f 2141 2143 2149
f 2156 2141 2149
f 2178 2156 2149
f 3368 2178 2149
f 3287 2149 3284
f 3368 2149 3287
f 2177 2156 2178
f 2156 2177 3372
f 3284 2156 3288
f 3372 3288 2156
f 2177 2178 2193
f 2187 2177 2193
f 2244 2177 2187
f 3372 2177 2244
f 2256 2193 2178
f 2256 2178 3368
f 2187 2193 2265
f 2244 2187 2265
f 2361 2193 2256
f 2361 2265 2193
f 3393 2244 2265
f 3372 2244 3393
f 2361 2256 2292
f 2256 3394 2292
f 3374 2256 3368
f 2256 3374 3392
f 2256 3392 3394
f 2265 2361 3424
f 3398 3393 2265
f 3398 2265 3424
f 2361 2292 3433
f 2292 3394 3433
f 3424 2361 3432
f 3432 2361 3447
f 3435 2361 3433
f 2361 3435 3446
f 2361 3446 3452
f 3447 2361 3452
f 3288 3287 3284
f 3288 3293 3287
f 3293 3336 3287
f 3336 3368 3287
f 3288 3292 3293
f 3292 3288 3343
f 3343 3288 3371
f 3288 3372 3371
f 3293 3292 3336
f 3336 3292 3343
f 3368 3336 3343
f 3368 3343 3371
f 3368 3371 3374
f 3398 3371 3372
f 3374 3371 3398
f 3398 3372 3393
f 3374 3398 3392
f 3392 3432 3394
f 3398 3424 3392
f 3424 3432 3392
f 3432 3435 3394
f 3394 3435 3433
f 3432 3447 3435
f 3435 3447 3446
f 3446 3447 3452
f 2112 2029 2041
f 2029 3278 2041
f 2029 2096 2042
f 2029 2042 3190
f 2029 2112 2096
f 3190 3192 2029
f 2029 3192 3212
f 2029 3212 3223
f 2029 3223 3278
f 2041 2079 2111
f 2079 2041 3278
f 2041 2111 2112
f 2042 2096 3263
f 3190 2042 3262
f 2042 3263 3262
f 2111 2079 2141
f 2141 2079 2156
f 3284 2156 2079
f 3284 2079 3278
f 2130 2096 2112
f 2130 2174 2096
f 2174 3355 2096
f 3263 2096 3355
f 2141 2112 2111
f 2130 2112 2141
f 2177 2130 2141
f 2174 2130 2177
f 2177 2141 2156
f 2177 2156 3372
f 3284 3288 2156
f 3288 3372 2156
f 2187 2174 2177
f 2184 2174 2187
f 2184 2244 2174
f 2244 3355 2174
f 2244 2187 2177
f 2244 2177 3372
f 2184 2187 2244
f 2244 3370 3355
f 3393 3370 2244
f 2244 3372 3393
f 3190 3193 3192
f 3190 3262 3193
f 3192 3193 3212
f 3193 3219 3212
f 3193 3227 3219
f 3193 3262 3227
f 3212 3219 3223
f 3219 3227 3223
f 3290 3223 3227
f 3290 3278 3223
f 3227 3262 3269
f 3290 3227 3269
f 3262 3263 3291
f 3262 3290 3269
f 3262 3291 3290
f 3291 3263 3321
f 3263 3355 3321
f 3278 3288 3284
f 3290 3288 3278
f 3290 3292 3288
f 3288 3292 3343
f 3288 3343 3371
f 3288 3371 3372
f 3291 3321 3290
f 3292 3290 3343
f 3290 3321 3351
f 3290 3351 3343
f 3321 3355 3351
f 3371 3343 3351
f 3371 3351 3355
f 3370 3371 3355
f 3370 3372 3371
f 3370 3393 3372
f 1553 1409 1447
f 2779 1447 1409
f 1471 1409 1508
f 2779 1409 1471
f 1508 1409 1552
f 1409 1553 1552
f 1553 1447 1535
f 2840 1535 1447
f 2779 2793 1447
f 2793 2817 1447
f 2817 2840 1447
f 2822 1471 1508
f 2792 2779 1471
f 2801 2792 1471
f 2801 1471 2822
f 1508 1552 1620
f 1508 1620 2916
f 2916 2822 1508
f 1585 1553 1535
f 1585 1535 2879
f 2879 1535 2840
f 1552 1553 1585
f 1552 1585 1620
f 1585 2904 1620
f 1585 2879 2904
f 1620 2904 2939
f 2916 1620 2939
f 2779 2792 2793
f 2792 2801 2793
f 2801 2817 2793
f 2817 2801 2862
f 2801 2822 2862
f 2817 2861 2840
f 2817 2862 2861
f 2862 2822 2874
f 2874 2822 2916
f 2840 2861 2879
f 2862 2901 2861
f 2861 2901 2879
f 2862 2874 2901
f 2901 2874 2904
f 2904 2874 2939
f 2874 2916 2939
f 2901 2904 2879
f 1850 1858 1864
f 1858 1850 1873
f 1850 1864 3129
f 1873 1850 1897
f 3129 1897 1850
f 1867 1864 1858
f 1867 1858 2036
f 1858 1873 1897
f 2036 1858 1897
f 1864 1867 3144
f 3129 1864 3139
f 1864 3144 3139
f 2031 1905 1867
f 1867 1905 3161
f 2031 1867 2036
f 1867 3154 3144
f 1867 3157 3154
f 1867 3161 3157
f 2037 2036 1897
f 3180 2037 1897
f 3129 3180 1897
f 1905 2031 3236
f 1905 3185 3161
f 3185 1905 3194
f 3194 1905 3236
f 2031 2036 3259
f 3236 2031 3209
f 3209 2031 3259
f 2036 2037 3247
f 3259 2036 3247
f 3247 2037 3180
f 3139 3155 3129
f 3129 3155 3153
f 3129 3153 3180
f 3144 3155 3139
f 3154 3155 3144
f 3155 3180 3153
f 3154 3157 3155
f 3155 3157 3161
f 3155 3161 3194
f 3155 3194 3180
f 3194 3161 3185
f 3180 3194 3182
f 3180 3182 3197
f 3197 3247 3180
f 3182 3194 3236
f 3235 3197 3182
f 3235 3182 3236
f 3209 3197 3235
f 3209 3259 3197
f 3197 3259 3247
f 3236 3209 3235
f 1617 1569 1565
f 1565 1569 2886
f 1611 1565 1602
f 1602 1565 2886
f 1617 1565 1611
f 1569 1617 1648
f 2895 1569 1648
f 2895 2886 1569
f 1602 1649 1611
f 2925 1649 1602
f 2923 1602 2886
f 2925 1602 2923
f 1617 1611 1648
f 1611 1649 1648
f 1648 1649 1661
f 2895 1648 1661
f 1661 1649 1683
f 1683 1649 1692
f 1649 1736 1692
f 2925 1736 1649
f 1661 1683 1731
f 1731 2974 1661
f 2895 1661 2928
f 1661 2974 2928
f 1707 1683 1692
f 1731 1683 1707
f 1707 1692 1709
f 1692 1736 1709
f 1707 1709 1751
f 1731 1707 1751
f 1709 1736 1763
f 1751 1709 1763
f 1751 3004 1731
f 2997 2974 1731
f 2997 1731 3004
f 1763 1736 3023
f 2925 2964 1736
f 2990 1736 2964
f 2990 3023 1736
f 3030 1751 1763
f 1751 3019 3004
f 3019 1751 3030
f 3035 1763 3023
f 3030 1763 3035
f 2886 2895 2928
f 2886 2928 2923
f 2923 2948 2925
f 2928 2936 2923
f 2936 2948 2923
f 2925 2948 2964
f 2928 2974 2936
f 2936 2974 2948
f 2948 2990 2964
f 2974 2997 2948
f 2948 2997 2990
f 2997 3019 2990
f 2990 3019 3030
f 2990 3030 3023
f 2997 3004 3019
f 3023 3030 3035
f 514 520 513
f 513 543 514
f 513 520 620
f 513 544 543
f 513 620 544
f 523 520 514
f 514 540 523
f 543 540 514
f 1793 520 523
f 520 610 620
f 520 1793 610
f 543 523 540
f 543 1813 523
f 1813 1793 523
f 543 544 620
f 1836 543 620
f 1836 1813 543
f 620 610 689
f 689 610 629
f 610 911 629
f 610 1793 911
f 620 689 872
f 872 1836 620
f 629 872 689
f 629 911 872
f 872 911 1026
f 991 872 1026
f 872 991 1113
f 1113 1836 872
f 914 911 916
f 911 914 1026
f 916 911 919
f 911 1793 919
f 914 916 1203
f 914 1203 1026
f 919 1427 916
f 916 1427 1203
f 919 1388 1474
f 1793 1388 919
f 919 1474 1427
f 991 1026 1113
f 1026 1203 1113
f 1203 1836 1113
f 1203 1427 1836
f 1485 1474 1388
f 1580 1485 1388
f 1793 1580 1388
f 1427 1474 1485
f 1836 1427 1485
f 1580 1790 1485
f 1836 1485 1790
f 1580 1720 1790
f 1793 1720 1580
f 1766 1790 1720
f 1793 1766 1720
f 1793 1780 1766
f 1766 1780 1818
f 1766 1818 1790
f 1793 1842 1780
f 1780 1842 1818
f 1790 1818 1836
f 1813 1836 1793
f 1836 1842 1793
f 1836 1818 1842
f 1409 1390 1406
f 1390 1414 1406
f 2741 1390 1409
f 1414 1390 2770
f 2757 1390 2741
f 2757 2770 1390
f 1409 1406 1447
f 1447 1406 1414
f 2779 1409 1447
f 2778 2741 1409
f 2778 1409 2779
f 1447 1414 2796
f 2796 1414 2770
f 2793 2779 1447
f 2817 2793 1447
f 2827 1447 2796
f 2817 1447 2840
f 2840 1447 2827
f 2757 2741 2759
f 2759 2741 2778
f 2757 2759 2770
f 2759 2778 2770
f 2770 2778 2793
f 2796 2770 2793
f 2778 2779 2793
f 2793 2817 2796
f 2796 2817 2827
f 2817 2840 2827
f 1918 1898 1931
f 1918 3124 1898
f 1898 3124 1931
f 2020 1918 1931
f 1967 1918 2020
f 1918 1967 2029
f 1918 2029 3166
f 1918 3166 3124
f 3195 2020 1931
f 3124 3175 1931
f 3175 3195 1931
f 1967 2020 2079
f 2029 1967 2041
f 2041 1967 2079
f 3284 2079 2020
f 3195 3199 2020
f 3218 2020 3199
f 3218 3284 2020
f 2029 2041 3278
f 3166 2029 3190
f 3190 2029 3192
f 3192 2029 3212
f 3212 2029 3223
f 3278 3223 2029
f 2041 2079 3278
f 3278 2079 3284
f 3166 3175 3124
f 3166 3192 3175
f 3166 3190 3192
f 3175 3192 3195
f 3195 3192 3212
f 3195 3212 3199
f 3199 3212 3223
f 3199 3223 3218
f 3278 3218 3223
f 3278 3284 3218
f 1264 1179 1193
f 1193 1179 2607
f 1264 1196 1179
f 1179 1196 2607
f 1235 1264 1193
f 1235 1193 2630
f 2615 1193 2607
f 2630 1193 2615
f 1271 1234 1196
f 1234 2634 1196
f 1271 1196 1264
f 2607 1196 2617
f 1196 2634 2617
f 1301 1259 1234
f 1259 2647 1234
f 1301 1234 1271
f 1234 2637 2634
f 2647 2637 1234
f 2640 1264 1235
f 1235 2630 2640
f 1291 1259 1301
f 2679 1259 1291
f 1259 2661 2647
f 1259 2674 2661
f 2679 2674 1259
f 1264 2657 1271
f 2650 1264 2640
f 2650 2653 1264
f 1264 2653 2657
f 1271 2657 1301
f 1291 1301 1303
f 1291 1303 1335
f 1291 1335 1336
f 1336 2679 1291
f 1303 1301 2657
f 1344 1335 1303
f 1344 1303 2688
f 1303 2657 2664
f 1303 2664 2688
f 1336 1335 1344
f 1344 2679 1336
f 2696 2679 1344
f 2692 1344 2688
f 2692 2696 1344
f 2607 2617 2615
f 2615 2617 2653
f 2615 2653 2630
f 2653 2617 2634
f 2630 2650 2640
f 2650 2630 2653
f 2634 2637 2653
f 2637 2647 2657
f 2653 2637 2657
f 2657 2647 2664
f 2664 2647 2661
f 2661 2688 2664
f 2661 2674 2688
f 2674 2679 2692
f 2674 2692 2688
f 2679 2696 2692
f 885 817 831
f 2349 831 817
f 817 885 2349
f 893 831 837
f 837 831 2371
f 891 885 831
f 891 831 893
f 2352 831 2349
f 2371 831 2352
f 893 837 2374
f 837 2371 2374
f 885 891 2377
f 2349 885 2354
f 2354 885 2377
f 891 893 905
f 891 905 927
f 891 927 2377
f 905 893 2374
f 905 2421 927
f 2374 2421 905
f 927 2473 2377
f 927 2421 2473
f 2349 2354 2352
f 2354 2377 2352
f 2352 2400 2371
f 2377 2400 2352
f 2371 2402 2374
f 2400 2402 2371
f 2402 2421 2374
f 2377 2473 2400
f 2402 2400 2416
f 2416 2400 2429
f 2400 2473 2429
f 2402 2416 2421
f 2416 2429 2421
f 2421 2429 2480
f 2473 2421 2480
f 2429 2473 2479
f 2480 2429 2479
f 2479 2473 2480
f 882 788 787
f 787 788 2316
f 875 787 804
f 787 2317 804
f 875 882 787
f 2316 2315 787
f 787 2315 2317
f 788 882 818
f 788 818 2343
f 788 2319 2316
f 2343 2319 788
f 875 804 2370
f 2317 2364 804
f 2370 804 2364
f 882 835 818
f 835 2343 818
f 877 835 882
f 835 877 2392
f 835 2350 2343
f 2392 2350 835
f 2410 882 875
f 875 2370 2389
f 875 2389 2410
f 877 882 922
f 943 898 877
f 2392 877 898
f 943 877 922
f 922 882 902
f 902 882 2410
f 944 910 898
f 2431 898 910
f 944 898 943
f 2411 2392 898
f 2411 898 2431
f 2455 922 902
f 902 2410 2455
f 910 944 2448
f 2448 2431 910
f 922 2464 943
f 2464 922 2455
f 944 943 2496
f 943 2461 2459
f 943 2459 2465
f 943 2464 2461
f 943 2465 2496
f 2448 944 2488
f 944 2504 2488
f 944 2496 2504
f 2315 2316 2317
f 2317 2316 2370
f 2319 2343 2316
f 2316 2343 2370
f 2364 2317 2370
f 2350 2383 2343
f 2343 2383 2370
f 2350 2382 2383
f 2392 2382 2350
f 2383 2389 2370
f 2382 2392 2383
f 2389 2383 2446
f 2392 2411 2383
f 2383 2411 2466
f 2383 2466 2446
f 2410 2389 2446
f 2455 2410 2446
f 2411 2431 2466
f 2431 2448 2470
f 2431 2470 2466
f 2455 2446 2468
f 2446 2466 2468
f 2448 2462 2470
f 2448 2488 2462
f 2455 2468 2464
f 2461 2466 2459
f 2459 2462 2465
f 2466 2462 2459
f 2466 2461 2464
f 2465 2462 2488
f 2466 2470 2462
f 2466 2464 2468
f 2465 2488 2496
f 2488 2504 2496
f 323 339 338
f 1317 323 338
f 339 323 1317
f 338 339 364
f 361 338 367
f 361 1317 338
f 338 364 367
f 364 339 343
f 339 1317 343
f 364 343 1386
f 1317 1386 343
f 361 367 1375
f 1355 1317 361
f 1375 1355 361
f 364 396 367
f 364 389 403
f 389 364 1386
f 396 364 408
f 364 403 414
f 408 364 413
f 413 364 414
f 396 381 367
f 367 381 1417
f 1375 367 1417
f 381 396 1436
f 1417 381 1431
f 381 1436 1431
f 389 1450 403
f 389 1386 1433
f 1433 1442 389
f 1442 1450 389
f 408 1487 396
f 1436 396 1452
f 1452 396 1486
f 396 1487 1486
f 403 1550 414
f 1450 1499 403
f 1499 1516 403
f 1516 1537 403
f 1537 1550 403
f 1573 408 413
f 408 1573 1487
f 413 414 417
f 417 1573 413
f 414 1550 417
f 1550 1584 417
f 1584 1573 417
f 1317 1349 1340
f 1317 1340 1386
f 1355 1349 1317
f 1349 1375 1340
f 1375 1392 1340
f 1340 1392 1386
f 1355 1375 1349
f 1392 1375 1416
f 1375 1417 1416
f 1433 1386 1392
f 1392 1416 1433
f 1417 1442 1416
f 1416 1442 1433
f 1417 1431 1442
f 1431 1436 1452
f 1431 1452 1442
f 1442 1452 1450
f 1452 1486 1450
f 1450 1486 1499
f 1486 1487 1514
f 1486 1514 1499
f 1487 1544 1514
f 1573 1544 1487
f 1499 1514 1516
f 1514 1544 1516
f 1516 1544 1537
f 1537 1544 1573
f 1584 1550 1537
f 1584 1537 1573
f 709 712 713
f 2140 712 709
f 713 2140 709
f 713 712 742
f 712 732 742
f 732 712 2140
f 724 713 741
f 713 724 2146
f 713 742 741
f 2146 2140 713
f 752 724 741
f 752 2147 724
f 724 2147 2146
f 732 754 742
f 732 791 754
f 2228 791 732
f 732 2140 2154
f 732 2154 2228
f 741 742 754
f 752 741 755
f 755 741 754
f 752 755 2278
f 2153 2147 752
f 2258 2153 752
f 2267 2258 752
f 2267 752 2278
f 755 754 802
f 802 754 791
f 820 755 802
f 2302 755 820
f 755 2302 2278
f 802 791 2260
f 2228 2239 791
f 2260 791 2239
f 820 802 2303
f 2284 802 2260
f 2303 802 2284
f 2302 820 2329
f 820 2303 2329
f 2140 2146 2142
f 2154 2140 2142
f 2146 2151 2142
f 2151 2154 2142
f 2146 2147 2151
f 2147 2150 2151
f 2150 2147 2153
f 2150 2153 2151
f 2153 2262 2151
f 2151 2262 2154
f 2153 2258 2262
f 2228 2154 2239
f 2154 2262 2239
f 2239 2264 2260
f 2262 2264 2239
f 2258 2267 2262
f 2264 2284 2260
f 2262 2284 2264
f 2262 2267 2302
f 2262 2303 2284
f 2262 2302 2329
f 2303 2262 2329
f 2302 2267 2278
f 897 837 840
f 840 837 2374
f 893 837 897
f 893 2374 837
f 2404 897 840
f 840 2374 2379
f 840 2379 2385
f 2388 840 2385
f 2404 840 2388
f 893 897 904
f 893 904 926
f 905 893 996
f 905 2374 893
f 893 926 996
f 904 897 909
f 909 897 2427
f 2427 897 2404
f 909 2419 904
f 926 904 2417
f 2419 2417 904
f 905 1000 927
f 2421 905 927
f 905 996 1000
f 2421 2374 905
f 2427 2419 909
f 926 2474 996
f 2474 926 2417
f 2471 927 1000
f 2473 2421 927
f 927 2471 2473
f 1000 996 1032
f 2474 1032 996
f 1000 1032 2498
f 2471 1000 2498
f 2474 2475 1032
f 2475 2498 1032
f 2374 2403 2379
f 2402 2403 2374
f 2421 2402 2374
f 2379 2403 2385
f 2385 2403 2388
f 2403 2404 2388
f 2402 2416 2403
f 2421 2416 2402
f 2403 2427 2404
f 2403 2416 2417
f 2403 2417 2419
f 2403 2419 2427
f 2474 2417 2416
f 2416 2421 2474
f 2480 2421 2473
f 2474 2421 2483
f 2421 2480 2483
f 2480 2473 2471
f 2475 2480 2471
f 2471 2498 2475
f 2474 2483 2475
f 2483 2480 2475
f 1056 1057 1076
f 1056 2540 1057
f 1075 1056 1076
f 2542 1056 1075
f 2542 2540 1056
f 1076 1057 2540
f 1075 1076 1093
f 1075 1093 1095
f 2555 1075 1095
f 2555 2542 1075
f 1076 2563 1093
f 2563 1076 2540
f 1125 1095 1093
f 1125 1093 1124
f 1093 2563 1124
f 1096 1095 1125
f 1096 2555 1095
f 1096 1125 2596
f 1096 2574 2555
f 2594 2574 1096
f 2594 1096 2596
f 1125 1124 1142
f 1142 1124 1141
f 1141 1124 2579
f 2577 1124 2563
f 2577 2579 1124
f 1159 1125 1142
f 1182 1125 1159
f 2596 1125 1182
f 1142 1141 1159
f 1159 1141 1160
f 1141 2579 1160
f 1159 1160 1171
f 1182 1159 1171
f 1171 1160 2579
f 2626 1182 1171
f 2593 1171 2579
f 2600 1171 2593
f 2600 2626 1171
f 2596 1182 2626
f 2542 2563 2540
f 2542 2555 2563
f 2563 2555 2577
f 2555 2574 2577
f 2577 2574 2579
f 2579 2574 2593
f 2574 2594 2593
f 2594 2606 2593
f 2593 2606 2600
f 2594 2596 2606
f 2606 2596 2626
f 2600 2606 2626
f 1390 1397 1414
f 1390 2739 1397
f 1414 2770 1390
f 1390 2741 2739
f 2757 2741 1390
f 1390 2770 2757
f 1397 1396 1459
f 1396 1397 2737
f 1459 1396 2737
f 1397 1459 1414
f 2739 2737 1397
f 1447 1414 1463
f 1414 1447 2796
f 1414 1459 1463
f 2796 2770 1414
f 1447 1463 2837
f 2827 2796 1447
f 2840 2827 1447
f 1447 2837 2840
f 1463 1459 1469
f 2737 1469 1459
f 1463 1469 2842
f 1463 2842 2837
f 2737 2797 1469
f 2797 2844 1469
f 1469 2844 2842
f 2737 2739 2750
f 2737 2750 2755
f 2737 2755 2797
f 2739 2741 2757
f 2739 2757 2750
f 2750 2770 2755
f 2757 2770 2750
f 2755 2770 2796
f 2797 2755 2796
f 2796 2842 2797
f 2796 2827 2842
f 2797 2842 2844
f 2827 2840 2837
f 2827 2837 2842
f 491 508 512
f 508 491 1261
f 491 512 1773
f 1261 491 1703
f 1703 491 1717
f 1717 491 1773
f 512 508 547
f 508 517 531
f 517 508 1759
f 547 508 531
f 1759 508 1261
f 535 512 547
f 512 535 1797
f 1773 512 1797
f 531 517 523
f 1785 523 517
f 517 1759 1785
f 1813 531 523
f 1813 523 1785
f 547 531 1854
f 1840 531 1813
f 1854 531 1840
f 535 547 555
f 535 555 1834
f 1797 535 1803
f 1803 535 1834
f 547 1886 555
f 547 1854 1886
f 1834 555 1899
f 1886 1910 555
f 555 1932 1899
f 1910 1932 555
f 1261 1626 1640
f 1670 1626 1261
f 1261 1640 1665
f 1261 1665 1686
f 1678 1670 1261
f 1685 1678 1261
f 1703 1685 1261
f 1686 1691 1261
f 1691 1759 1261
f 1626 1679 1640
f 1670 1679 1626
f 1640 1679 1665
f 1679 1686 1665
f 1670 1678 1679
f 1678 1685 1679
f 1679 1685 1717
f 1679 1691 1686
f 1691 1679 1773
f 1679 1717 1773
f 1717 1685 1703
f 1759 1691 1773
f 1759 1773 1762
f 1762 1785 1759
f 1762 1773 1797
f 1762 1840 1785
f 1762 1797 1803
f 1762 1803 1840
f 1785 1840 1813
f 1803 1834 1880
f 1803 1854 1840
f 1854 1803 1880
f 1834 1884 1880
f 1834 1899 1884
f 1880 1886 1854
f 1880 1884 1886
f 1884 1910 1886
f 1884 1899 1910
f 1899 1932 1910
f 606 607 608
f 606 2032 607
f 606 608 2032
f 651 608 607
f 656 651 607
f 607 2032 656
f 2032 608 651
f 664 651 656
f 687 651 664
f 2094 651 687
f 2094 2032 651
f 664 656 665
f 691 665 656
f 656 2089 691
f 656 2032 2089
f 664 665 687
f 687 665 691
f 701 687 691
f 693 687 701
f 693 2094 687
f 701 691 704
f 704 691 2089
f 701 2191 693
f 2196 2094 693
f 2191 2195 693
f 2196 693 2195
f 704 2179 701
f 2179 2191 701
f 704 2089 2170
f 2175 704 2170
f 2175 2179 704
f 2052 2032 2084
f 2032 2052 2089
f 2032 2083 2084
f 2083 2032 2085
f 2085 2032 2094
f 2052 2084 2081
f 2052 2081 2088
f 2088 2089 2052
f 2081 2084 2088
f 2083 2085 2084
f 2085 2094 2084
f 2088 2084 2191
f 2094 2195 2084
f 2084 2195 2191
f 2089 2088 2191
f 2089 2179 2170
f 2089 2191 2179
f 2094 2196 2195
f 2179 2175 2170
f 1396 1412 1459
f 2737 1412 1396
f 1396 1459 2737
f 1412 1439 1479
f 1439 1412 2764
f 1459 1412 1479
f 2764 1412 2737
f 1439 2773 1479
f 2773 1439 2764
f 1469 1459 1564
f 2737 1459 1469
f 1459 1479 1564
f 1564 1565 1469
f 1565 2844 1469
f 2797 2737 1469
f 2797 1469 2844
f 1479 1528 1564
f 2773 1528 1479
f 1528 1567 1564
f 1602 1567 1528
f 1602 1528 2808
f 2784 1528 2773
f 2808 1528 2784
f 1565 1564 1567
f 1565 1567 1602
f 2886 1565 1602
f 1565 2886 2844
f 1602 2808 2925
f 2923 2886 1602
f 2923 1602 2925
f 2742 2737 2744
f 2742 2764 2737
f 2737 2750 2744
f 2750 2737 2755
f 2755 2737 2797
f 2742 2744 2746
f 2746 2764 2742
f 2744 2798 2746
f 2750 2755 2744
f 2744 2755 2797
f 2744 2797 2798
f 2746 2798 2764
f 2773 2764 2794
f 2764 2798 2794
f 2773 2794 2784
f 2794 2798 2784
f 2784 2798 2808
f 2797 2858 2798
f 2797 2844 2851
f 2797 2851 2858
f 2808 2798 2812
f 2812 2798 2855
f 2798 2858 2855
f 2921 2808 2812
f 2925 2808 2921
f 2812 2855 2876
f 2921 2812 2876
f 2851 2844 2870
f 2844 2886 2870
f 2851 2859 2858
f 2870 2859 2851
f 2858 2876 2855
f 2859 2870 2858
f 2858 2870 2886
f 2858 2886 2876
f 2876 2886 2923
f 2876 2923 2921
f 2923 2925 2921
f 1873 1850 1893
f 1850 1873 1897
f 1893 1850 3129
f 3129 1850 1897
f 1915 1873 1893
f 2037 1897 1873
f 1873 1915 2044
f 2037 1873 2044
f 1893 1896 1915
f 1896 1893 3148
f 1893 3129 3145
f 1893 3145 3146
f 3148 1893 3146
f 1915 1896 3163
f 3148 3163 1896
f 1897 2037 3180
f 3129 1897 3180
f 2044 1915 1928
f 1915 3163 1928
f 2044 1928 3186
f 3163 3234 1928
f 3186 1928 3217
f 3234 3217 1928
f 3247 2037 2044
f 3247 3180 2037
f 2044 3186 3196
f 2044 3196 3272
f 3245 3247 2044
f 3274 3245 2044
f 2044 3272 3276
f 3274 2044 3276
f 3145 3129 3153
f 3129 3180 3153
f 3145 3153 3146
f 3148 3146 3163
f 3146 3153 3182
f 3146 3182 3163
f 3153 3180 3182
f 3163 3182 3235
f 3234 3163 3235
f 3197 3182 3180
f 3197 3180 3247
f 3235 3182 3197
f 3186 3245 3196
f 3235 3197 3186
f 3186 3197 3245
f 3234 3186 3217
f 3235 3186 3234
f 3245 3274 3196
f 3196 3274 3272
f 3197 3247 3245
f 3272 3274 3276
f 1498 1471 1508
f 2822 1471 1498
f 2822 1508 1471
f 1498 1508 1552
f 1498 1526 1527
f 1526 1498 1546
f 1498 1527 1538
f 1498 1538 2900
f 1498 1552 1546
f 2822 1498 2900
f 1620 1552 1508
f 1620 1508 2916
f 2916 1508 2822
f 1527 1526 1546
f 1527 1536 1538
f 1527 1546 1536
f 1538 1536 1547
f 1536 1546 1547
f 1614 1538 1547
f 2918 1538 1614
f 2900 1538 2918
f 1547 1546 1614
f 1546 1552 1633
f 1614 1546 1616
f 1546 1633 1616
f 1633 1552 1620
f 1614 1616 2932
f 2932 2918 1614
f 1616 1633 2938
f 2938 2932 1616
f 1633 1620 2943
f 1620 2916 2939
f 2943 1620 2939
f 1633 2943 2938
f 2822 2863 2862
f 2862 2874 2822
f 2865 2863 2822
f 2865 2822 2866
f 2866 2822 2900
f 2874 2916 2822
f 2863 2874 2862
f 2863 2865 2874
f 2866 2938 2865
f 2865 2943 2874
f 2865 2938 2943
f 2866 2900 2938
f 2874 2943 2916
f 2900 2918 2932
f 2932 2938 2900
f 2916 2943 2939
f 804 787 798
f 2315 798 787
f 2317 787 804
f 2315 787 2317
f 855 804 798
f 855 798 817
f 817 798 2338
f 2315 2318 798
f 2318 2338 798
f 875 804 855
f 804 875 2370
f 2364 2317 804
f 804 2370 2364
f 2349 855 817
f 817 2338 2349
f 875 855 2367
f 2349 2358 855
f 2367 855 2358
f 875 2367 2391
f 2370 875 2389
f 2389 875 2410
f 875 2391 2410
f 2315 2317 2318
f 2317 2364 2318
f 2318 2364 2338
f 2349 2338 2358
f 2338 2370 2358
f 2338 2364 2370
f 2370 2367 2358
f 2370 2391 2367
f 2370 2389 2391
f 2389 2410 2391
f 381 396 397
f 1436 396 381
f 381 397 1454
f 1436 381 1454
f 397 396 410
f 396 408 410
f 408 396 1487
f 1436 1452 396
f 1486 396 1452
f 1487 396 1486
f 397 410 1494
f 1480 1454 397
f 1480 397 1494
f 410 408 413
f 408 1573 413
f 1573 408 1487
f 412 410 423
f 1494 410 412
f 410 413 423
f 435 412 423
f 435 453 412
f 412 453 1605
f 1494 412 1605
f 413 417 424
f 413 1573 417
f 413 424 423
f 424 417 434
f 434 417 452
f 417 1584 452
f 1573 1584 417
f 423 424 434
f 435 423 434
f 434 452 435
f 435 452 453
f 453 452 462
f 452 1584 462
f 467 453 462
f 1605 453 467
f 467 462 1636
f 1584 1625 462
f 462 1625 1636
f 1605 467 1607
f 467 1699 1607
f 467 1636 1699
f 1436 1454 1452
f 1454 1480 1452
f 1480 1486 1452
f 1480 1494 1486
f 1486 1513 1487
f 1486 1494 1513
f 1487 1513 1514
f 1514 1544 1487
f 1544 1573 1487
f 1494 1568 1513
f 1494 1605 1568
f 1513 1568 1514
f 1514 1568 1544
f 1544 1568 1636
f 1625 1573 1544
f 1625 1544 1636
f 1607 1568 1605
f 1636 1568 1607
f 1625 1584 1573
f 1636 1607 1699
f 307 313 337
f 307 1269 313
f 307 337 335
f 307 335 1308
f 1275 1269 307
f 307 1278 1275
f 307 1308 1278
f 337 313 1302
f 313 1269 1274
f 313 1274 1293
f 313 1293 1302
f 335 337 361
f 346 335 366
f 346 1316 335
f 366 335 361
f 1308 335 1316
f 361 337 1355
f 1302 1351 337
f 1355 337 1351
f 366 1316 346
f 361 1355 366
f 1381 1316 366
f 1355 1381 366
f 1269 1275 1274
f 1274 1275 1278
f 1274 1278 1293
f 1293 1278 1358
f 1308 1346 1278
f 1346 1358 1278
f 1302 1293 1351
f 1351 1293 1358
f 1316 1346 1308
f 1381 1346 1316
f 1360 1358 1346
f 1381 1360 1346
f 1351 1367 1355
f 1358 1367 1351
f 1355 1367 1381
f 1358 1360 1367
f 1360 1381 1367
f 313 323 338
f 1302 323 313
f 313 338 337
f 313 337 1302
f 1317 338 323
f 1317 323 1302
f 337 338 361
f 337 361 1355
f 1351 1302 337
f 1351 337 1355
f 361 338 1317
f 361 1317 1355
f 1317 1302 1349
f 1302 1351 1349
f 1349 1355 1317
f 1351 1355 1349
f 591 583 597
f 1959 583 591
f 597 583 1959
f 600 591 597
f 1995 591 600
f 1959 591 1995
f 600 597 618
f 618 597 1959
f 649 600 618
f 649 624 600
f 624 1995 600
f 618 1991 649
f 1991 618 1959
f 2035 624 649
f 624 2004 1995
f 624 2010 2004
f 2035 2010 624
f 649 1991 1999
f 649 1999 2000
f 649 2000 2104
f 2035 649 2104
f 1959 1963 1977
f 1963 1959 1995
f 1984 1959 1977
f 1984 1991 1959
f 1973 1979 1963
f 1973 1963 1995
f 1963 1979 1977
f 1973 1981 1979
f 1981 1973 1995
f 1979 1984 1977
f 1979 1981 1984
f 1984 1981 1991
f 1981 1999 1991
f 1981 1995 1999
f 1995 2004 1999
f 1999 2004 2000
f 2004 2010 2000
f 2058 2000 2010
f 2104 2000 2058
f 2050 2010 2035
f 2058 2010 2050
f 2050 2035 2104
f 2050 2067 2058
f 2067 2050 2104
f 2058 2067 2064
f 2104 2058 2064
f 2064 2067 2104
f 12 5 4
f 48 4 5
f 14 12 4
f 14 4 619
f 48 40 4
f 4 40 619
f 5 12 13
f 47 5 13
f 48 5 47
f 12 21 13
f 12 14 21
f 21 31 13
f 31 38 13
f 38 51 13
f 47 13 538
f 51 648 13
f 538 13 572
f 572 13 603
f 603 13 622
f 622 13 639
f 639 13 648
f 21 14 20
f 20 14 619
f 31 21 20
f 30 31 20
f 30 20 619
f 31 30 38
f 38 30 37
f 37 30 619
f 51 38 37
f 51 37 65
f 65 37 53
f 53 37 673
f 37 619 626
f 37 626 644
f 644 673 37
f 48 42 40
f 40 42 619
f 48 56 42
f 378 42 56
f 539 42 378
f 539 546 42
f 546 605 42
f 619 42 605
f 49 48 47
f 49 47 492
f 492 47 538
f 49 52 48
f 48 52 57
f 48 171 56
f 48 57 70
f 48 70 119
f 48 119 151
f 48 151 171
f 52 49 492
f 64 51 65
f 64 77 51
f 77 86 51
f 86 678 51
f 51 658 648
f 51 678 658
f 57 52 492
f 53 71 65
f 673 71 53
f 56 171 154
f 340 56 154
f 378 56 340
f 70 57 492
f 78 64 65
f 77 64 78
f 71 78 65
f 119 70 492
f 78 71 737
f 674 71 673
f 683 71 674
f 737 71 683
f 77 78 87
f 77 87 86
f 87 78 737
f 86 87 98
f 94 86 97
f 86 94 678
f 97 86 98
f 98 87 114
f 87 737 114
f 97 116 94
f 116 726 94
f 678 94 702
f 94 726 702
f 97 98 111
f 112 97 111
f 97 112 116
f 111 98 114
f 112 111 114
f 112 114 116
f 116 114 763
f 114 737 763
f 116 765 726
f 116 763 769
f 775 765 116
f 116 769 776
f 794 775 116
f 116 776 794
f 199 151 119
f 375 199 119
f 375 119 492
f 151 199 171
f 154 171 174
f 154 174 196
f 196 340 154
f 171 196 174
f 171 331 196
f 199 331 171
f 196 331 340
f 199 316 331
f 316 199 375
f 316 475 331
f 316 375 475
f 331 378 340
f 331 542 378
f 331 475 542
f 375 492 475
f 378 542 539
f 492 538 475
f 475 538 572
f 475 572 542
f 542 546 539
f 542 609 546
f 572 603 542
f 603 609 542
f 546 609 605
f 603 622 609
f 609 619 605
f 619 609 626
f 622 645 609
f 609 645 626
f 622 639 645
f 626 645 644
f 639 679 645
f 639 648 658
f 639 658 679
f 645 674 644
f 644 674 673
f 645 679 674
f 658 678 679
f 679 683 674
f 678 702 679
f 679 737 683
f 679 702 765
f 679 763 737
f 763 679 769
f 679 765 771
f 679 771 769
f 765 702 726
f 765 775 771
f 771 772 769
f 776 769 772
f 771 776 772
f 775 785 771
f 776 771 794
f 771 785 794
f 794 785 775
f 900 881 903
f 881 900 2409
f 2430 903 881
f 2430 881 2409
f 900 903 918
f 909 900 970
f 2409 900 909
f 965 900 918
f 970 900 965
f 918 903 2430
f 942 909 970
f 942 2451 909
f 2409 909 2427
f 2451 2427 909
f 965 918 2444
f 918 2430 2444
f 2484 942 970
f 2490 2451 942
f 2484 2490 942
f 970 965 1039
f 1039 965 972
f 972 965 2491
f 965 2444 2491
f 1039 2484 970
f 972 2481 1039
f 972 2477 2481
f 972 2491 2477
f 1039 2478 2484
f 2499 2478 1039
f 2481 2499 1039
f 2409 2427 2430
f 2427 2444 2430
f 2427 2451 2444
f 2444 2451 2491
f 2451 2490 2491
f 2477 2490 2478
f 2478 2499 2477
f 2481 2477 2499
f 2477 2491 2490
f 2478 2490 2484
f 1862 1827 1895
f 1827 1862 3101
f 3137 1895 1827
f 3137 1827 3101
f 1862 1895 1952
f 1924 1862 1952
f 1862 1924 3169
f 3101 1862 3141
f 1862 3162 3141
f 1862 3169 3162
f 1895 3188 1952
f 3179 1895 3137
f 3188 1895 3179
f 1924 1952 2026
f 1986 1924 2026
f 1924 1986 3189
f 3189 3169 1924
f 1952 3244 2026
f 1952 3188 3208
f 3208 3221 1952
f 1952 3221 3244
f 1986 2026 3189
f 3189 2026 3244
f 3137 3101 3141
f 3141 3179 3137
f 3141 3162 3169
f 3141 3169 3179
f 3169 3206 3179
f 3169 3189 3206
f 3179 3206 3188
f 3188 3206 3208
f 3206 3189 3244
f 3208 3206 3239
f 3239 3206 3244
f 3208 3239 3221
f 3239 3244 3221
f 160 142 148
f 142 838 148
f 160 150 142
f 142 150 838
f 159 148 147
f 147 148 859
f 147 853 159
f 147 856 853
f 147 857 856
f 147 858 857
f 147 859 858
f 159 160 148
f 838 865 148
f 865 859 148
f 871 150 160
f 150 871 838
f 160 159 167
f 167 159 853
f 188 160 167
f 186 170 160
f 170 871 160
f 188 186 160
f 188 167 204
f 979 204 167
f 167 853 864
f 167 864 939
f 954 167 939
f 954 979 167
f 946 170 186
f 889 871 170
f 889 170 946
f 186 188 973
f 946 186 973
f 971 188 204
f 188 971 973
f 980 971 204
f 204 979 986
f 983 980 204
f 985 983 204
f 985 204 990
f 204 986 990
f 838 849 851
f 838 871 849
f 865 838 851
f 851 849 889
f 849 871 889
f 865 851 889
f 853 856 860
f 853 860 864
f 857 864 856
f 856 864 860
f 939 857 858
f 939 864 857
f 859 955 858
f 858 955 939
f 865 889 859
f 859 889 955
f 889 946 949
f 955 889 949
f 939 955 954
f 949 946 973
f 949 960 955
f 960 949 973
f 955 979 954
f 960 969 955
f 969 971 955
f 971 980 955
f 955 983 979
f 955 980 983
f 969 960 973
f 969 973 971
f 983 985 979
f 979 985 986
f 985 990 986
f 159 147 158
f 147 853 158
f 159 853 147
f 159 158 203
f 203 158 168
f 168 158 853
f 203 167 159
f 159 167 853
f 204 167 203
f 979 167 204
f 853 167 864
f 167 939 864
f 939 167 954
f 979 954 167
f 195 203 168
f 928 195 168
f 168 853 866
f 168 866 928
f 976 203 195
f 961 195 928
f 968 195 961
f 968 976 195
f 204 203 988
f 988 203 976
f 986 979 204
f 990 986 204
f 204 988 990
f 853 860 861
f 864 860 853
f 866 853 861
f 860 864 861
f 864 866 861
f 864 954 866
f 864 939 954
f 866 954 928
f 928 954 950
f 928 950 961
f 954 979 950
f 950 979 961
f 961 976 968
f 961 988 976
f 979 988 961
f 979 986 988
f 990 988 986
f 198 178 172
f 172 178 987
f 198 172 191
f 987 191 172
f 209 178 198
f 1021 178 209
f 987 178 994
f 994 178 1017
f 178 1021 1017
f 1010 198 191
f 1010 191 987
f 198 1052 209
f 1013 198 1010
f 1023 198 1013
f 1034 198 1023
f 1052 198 1034
f 1069 1021 209
f 209 1052 1055
f 1055 1063 209
f 1063 1069 209
f 987 994 989
f 987 989 1007
f 1007 1010 987
f 994 1018 989
f 989 1018 1007
f 994 1017 1018
f 1007 1013 1010
f 1018 1013 1007
f 1018 1023 1013
f 1017 1052 1018
f 1017 1021 1055
f 1017 1055 1052
f 1018 1034 1023
f 1052 1034 1018
f 1021 1045 1055
f 1069 1045 1021
f 1055 1045 1063
f 1063 1045 1062
f 1069 1062 1045
f 1063 1062 1069
f 1256 1612 1261
f 1261 1613 1256
f 1256 1598 1600
f 1256 1613 1598
f 1256 1600 1612
f 1612 1622 1261
f 1261 1628 1613
f 1622 1626 1261
f 1261 1626 1639
f 1261 1639 1628
f 1600 1598 1613
f 1612 1600 1613
f 1628 1612 1613
f 1622 1612 1628
f 1639 1626 1622
f 1628 1639 1622
f 229 223 225
f 225 223 1036
f 223 229 230
f 223 230 237
f 223 237 246
f 223 246 1033
f 1036 223 1033
f 229 225 236
f 236 225 246
f 1037 246 225
f 1037 225 1036
f 230 229 236
f 230 236 237
f 237 236 246
f 1033 246 1114
f 1037 1114 246
f 1033 1050 1036
f 1033 1099 1050
f 1033 1114 1099
f 1037 1036 1046
f 1036 1048 1046
f 1050 1048 1036
f 1037 1046 1110
f 1037 1110 1114
f 1048 1047 1046
f 1046 1047 1049
f 1110 1046 1049
f 1048 1049 1047
f 1049 1048 1110
f 1050 1099 1048
f 1048 1099 1110
f 1110 1099 1111
f 1099 1114 1111
f 1111 1114 1110
f 366 361 368
f 361 366 1355
f 368 361 367
f 361 1375 367
f 1355 1375 361
f 366 368 1381
f 1355 366 1381
f 367 381 368
f 367 1417 381
f 367 1375 1417
f 1381 368 381
f 1381 381 1436
f 1417 1431 381
f 1431 1436 381
f 1367 1375 1355
f 1355 1381 1367
f 1375 1367 1417
f 1367 1381 1418
f 1367 1418 1417
f 1418 1381 1429
f 1381 1436 1429
f 1418 1429 1417
f 1417 1429 1431
f 1429 1436 1431
f 718 693 717
f 2196 717 693
f 718 2196 693
f 718 717 738
f 717 739 738
f 717 757 739
f 2196 757 717
f 738 2220 718
f 2212 2196 718
f 718 2214 2212
f 718 2220 2214
f 738 739 758
f 758 2248 738
f 738 2248 2220
f 766 739 757
f 758 739 770
f 770 739 766
f 757 2301 766
f 2196 2201 757
f 2208 757 2201
f 2216 757 2208
f 2246 757 2216
f 2246 2301 757
f 758 770 788
f 758 788 2248
f 770 766 787
f 2301 787 766
f 788 770 787
f 788 787 2316
f 2315 787 2301
f 2316 787 2315
f 2248 788 2305
f 2305 788 2311
f 788 2319 2311
f 788 2316 2319
f 2196 2211 2201
f 2212 2211 2196
f 2201 2211 2208
f 2211 2216 2208
f 2212 2214 2211
f 2211 2214 2220
f 2216 2211 2301
f 2211 2220 2248
f 2211 2248 2301
f 2246 2216 2301
f 2301 2248 2305
f 2301 2305 2316
f 2315 2301 2316
f 2305 2311 2316
f 2311 2319 2316
f 1467 1497 1465
f 2768 1467 1465
f 1465 1497 1496
f 2767 1465 1496
f 2776 1465 2767
f 2776 2768 1465
f 1467 2768 1497
f 1496 1497 1532
f 2848 1496 1532
f 2832 2767 1496
f 2848 2832 1496
f 1532 1497 2768
f 2761 1532 2768
f 2914 1532 2761
f 2894 2848 1532
f 2913 2894 1532
f 2914 2913 1532
f 2776 2767 2761
f 2761 2767 2836
f 2768 2776 2761
f 2836 2896 2761
f 2896 2912 2761
f 2912 2914 2761
f 2836 2767 2832
f 2836 2832 2847
f 2847 2832 2848
f 2836 2847 2896
f 2848 2896 2847
f 2848 2894 2896
f 2896 2894 2912
f 2912 2894 2913
f 2913 2914 2912
f 271 262 264
f 1145 264 262
f 288 262 271
f 288 1145 262
f 272 264 263
f 263 264 1133
f 263 287 272
f 287 263 1130
f 1133 1130 263
f 271 264 272
f 1138 1133 264
f 1145 1138 264
f 278 271 272
f 278 288 271
f 278 272 279
f 272 287 279
f 278 279 288
f 290 279 287
f 288 279 292
f 292 279 290
f 1210 290 287
f 1152 287 1130
f 1174 287 1152
f 1195 287 1174
f 1195 1210 287
f 288 292 1212
f 288 1166 1145
f 1180 1166 288
f 1180 288 1212
f 290 304 292
f 1210 304 290
f 1212 292 304
f 1210 1214 304
f 1212 304 1239
f 304 1214 1239
f 1130 1133 1152
f 1138 1165 1133
f 1133 1165 1152
f 1138 1145 1166
f 1138 1166 1165
f 1152 1165 1174
f 1166 1180 1165
f 1174 1165 1195
f 1165 1180 1197
f 1165 1197 1195
f 1197 1180 1212
f 1197 1207 1195
f 1195 1207 1214
f 1210 1195 1214
f 1207 1197 1212
f 1207 1212 1214
f 1214 1212 1239
f 301 297 309
f 301 1176 297
f 309 297 302
f 297 1176 302
f 342 301 309
f 320 301 342
f 301 320 1216
f 301 1186 1176
f 1205 1186 301
f 1216 1205 301
f 309 302 1232
f 302 1176 1187
f 302 1187 1226
f 302 1226 1232
f 342 309 344
f 344 309 1285
f 309 1232 1263
f 309 1263 1285
f 336 320 342
f 320 336 1248
f 1246 1216 320
f 1246 320 1248
f 336 342 1315
f 1248 336 1250
f 336 1312 1250
f 1315 1312 336
f 347 342 344
f 347 1324 342
f 1324 1315 342
f 347 344 348
f 348 344 1285
f 347 348 1328
f 1328 1324 347
f 348 1285 1325
f 1328 348 1325
f 1176 1186 1187
f 1186 1247 1187
f 1205 1247 1186
f 1187 1232 1226
f 1187 1247 1232
f 1216 1247 1205
f 1246 1247 1216
f 1247 1263 1232
f 1246 1250 1247
f 1246 1248 1250
f 1315 1247 1250
f 1247 1324 1263
f 1247 1315 1324
f 1315 1250 1312
f 1263 1324 1285
f 1285 1324 1320
f 1320 1325 1285
f 1324 1328 1320
f 1320 1328 1325
f 885 855 817
f 817 855 2349
f 2349 885 817
f 884 855 891
f 855 884 2367
f 891 855 885
f 2349 855 2358
f 2358 855 2367
f 907 884 891
f 901 884 907
f 2367 884 901
f 891 885 2377
f 2349 2354 885
f 2377 885 2354
f 907 891 1006
f 1000 891 927
f 2377 927 891
f 1006 891 1000
f 907 2452 901
f 2367 901 2394
f 901 2452 2394
f 1006 2456 907
f 2456 2452 907
f 1000 927 2471
f 2473 927 2377
f 927 2473 2471
f 1006 1000 1032
f 1000 2498 1032
f 1000 2471 2498
f 1006 1032 2456
f 2456 1032 2467
f 1032 2498 2467
f 2349 2358 2354
f 2358 2377 2354
f 2367 2400 2358
f 2358 2400 2377
f 2394 2400 2367
f 2400 2473 2377
f 2400 2394 2429
f 2394 2439 2429
f 2394 2452 2439
f 2400 2429 2473
f 2429 2439 2456
f 2476 2429 2456
f 2429 2479 2473
f 2479 2429 2476
f 2456 2439 2452
f 2456 2467 2476
f 2479 2467 2471
f 2467 2498 2471
f 2476 2467 2479
f 2473 2479 2471
f 882 875 883
f 882 2410 875
f 2410 883 875
f 882 883 901
f 882 901 902
f 882 902 2410
f 901 883 2410
f 901 2452 902
f 901 2410 2452
f 902 2455 2410
f 2452 2455 902
f 2410 2446 2440
f 2452 2410 2440
f 2455 2446 2410
f 2452 2440 2446
f 2452 2446 2455
f 667 649 668
f 649 667 698
f 649 703 668
f 649 698 2104
f 649 2104 703
f 667 668 698
f 668 703 698
f 698 703 713
f 714 698 713
f 2104 698 714
f 713 703 709
f 2104 709 703
f 713 709 2140
f 2104 2119 709
f 2119 2140 709
f 714 713 724
f 724 713 2146
f 2146 713 2140
f 2104 714 724
f 2104 724 2147
f 724 2146 2147
f 2119 2104 2146
f 2147 2146 2104
f 2119 2146 2140
f 302 344 309
f 302 309 1232
f 302 325 345
f 325 302 1257
f 302 345 344
f 1231 302 1226
f 302 1232 1226
f 1257 302 1231
f 344 1285 309
f 1263 1232 309
f 309 1285 1263
f 1257 345 325
f 344 345 348
f 344 348 1285
f 345 1257 348
f 1257 1268 348
f 1268 1325 348
f 1285 348 1325
f 1226 1232 1231
f 1231 1232 1268
f 1231 1268 1257
f 1232 1263 1268
f 1268 1263 1319
f 1263 1285 1320
f 1263 1320 1319
f 1268 1319 1325
f 1285 1325 1320
f 1320 1325 1319
f 327 330 350
f 330 327 1281
f 327 350 1281
f 350 330 351
f 351 330 352
f 1284 352 330
f 330 1281 1284
f 1297 350 351
f 1281 350 1294
f 1297 1294 350
f 355 351 352
f 1297 351 355
f 355 352 354
f 1284 354 352
f 356 355 354
f 1284 356 354
f 355 356 1297
f 1284 1297 356
f 1284 1281 1294
f 1294 1297 1284
f 757 764 766
f 764 757 798
f 2301 757 766
f 2246 798 757
f 2246 757 2301
f 764 787 766
f 787 764 798
f 766 787 2301
f 787 798 2315
f 2301 787 2315
f 2246 2295 798
f 798 2295 2326
f 2315 798 2318
f 798 2338 2318
f 798 2326 2338
f 2246 2301 2295
f 2295 2301 2318
f 2326 2295 2318
f 2318 2301 2315
f 2318 2338 2326
f 296 284 293
f 293 284 1201
f 1188 284 296
f 1191 284 1188
f 1201 284 1191
f 296 293 294
f 1241 294 293
f 1241 293 1201
f 294 311 296
f 311 294 307
f 294 1241 307
f 305 296 311
f 305 1188 296
f 305 311 312
f 1227 305 312
f 305 1227 1188
f 311 307 1269
f 1241 1255 307
f 1269 307 1255
f 312 311 1288
f 311 1269 1273
f 311 1273 1282
f 1282 1288 311
f 1252 1227 312
f 1252 312 1288
f 1190 1191 1188
f 1204 1190 1188
f 1227 1204 1188
f 1191 1190 1201
f 1201 1190 1204
f 1204 1273 1201
f 1201 1273 1241
f 1227 1273 1204
f 1252 1273 1227
f 1241 1272 1255
f 1273 1272 1241
f 1273 1252 1282
f 1252 1288 1282
f 1255 1272 1269
f 1273 1269 1272
f 366 369 370
f 1381 369 366
f 366 370 1381
f 370 369 380
f 369 1381 380
f 370 380 382
f 1381 370 382
f 382 380 388
f 388 380 1440
f 1381 1440 380
f 382 388 1401
f 1381 382 1391
f 1391 382 1401
f 1401 388 1456
f 1440 1457 388
f 388 1481 1456
f 1457 1481 388
f 1381 1391 1419
f 1381 1419 1426
f 1381 1426 1440
f 1391 1401 1420
f 1391 1420 1419
f 1420 1401 1421
f 1401 1446 1421
f 1401 1456 1446
f 1420 1426 1419
f 1420 1421 1445
f 1420 1440 1426
f 1420 1445 1440
f 1421 1451 1445
f 1421 1446 1451
f 1457 1440 1445
f 1445 1451 1457
f 1451 1446 1457
f 1457 1446 1456
f 1456 1481 1457
f 667 624 649
f 624 2035 649
f 659 624 667
f 624 659 2035
f 698 667 649
f 698 649 2104
f 649 2035 2104
f 666 659 667
f 666 2152 659
f 2035 659 2152
f 667 698 666
f 666 698 695
f 666 695 2152
f 695 698 714
f 715 695 714
f 695 715 2164
f 695 2164 2152
f 714 698 2104
f 714 724 715
f 724 714 2104
f 715 724 729
f 729 2200 715
f 2200 2164 715
f 2147 729 724
f 724 2104 2147
f 2147 2157 729
f 2157 2200 729
f 2035 2046 2050
f 2133 2046 2035
f 2104 2035 2050
f 2133 2035 2152
f 2050 2046 2068
f 2068 2046 2133
f 2050 2068 2067
f 2104 2050 2067
f 2067 2068 2148
f 2104 2067 2147
f 2148 2147 2067
f 2148 2068 2133
f 2148 2133 2157
f 2133 2152 2164
f 2133 2164 2157
f 2147 2148 2157
f 2200 2157 2164
f 270 262 271
f 270 284 262
f 288 271 262
f 284 1145 262
f 262 1145 288
f 270 271 277
f 277 284 270
f 277 271 278
f 288 278 271
f 294 277 278
f 293 284 277
f 294 293 277
f 294 278 288
f 284 293 1201
f 284 1167 1145
f 284 1188 1167
f 284 1191 1188
f 1191 284 1201
f 294 288 292
f 1212 292 288
f 288 1145 1166
f 288 1166 1180
f 1212 288 1180
f 292 307 294
f 292 304 307
f 304 292 1212
f 1241 293 294
f 293 1241 1201
f 307 1241 294
f 304 313 307
f 1239 313 304
f 304 1212 1239
f 313 1269 307
f 307 1255 1241
f 1269 1255 307
f 1265 313 1239
f 1295 313 1265
f 313 1274 1269
f 313 1293 1274
f 1302 1293 313
f 1302 313 1295
f 1145 1167 1166
f 1167 1199 1166
f 1166 1199 1180
f 1167 1188 1191
f 1167 1191 1199
f 1180 1199 1197
f 1197 1212 1180
f 1191 1201 1199
f 1199 1207 1197
f 1197 1207 1212
f 1201 1241 1199
f 1199 1274 1207
f 1241 1255 1199
f 1199 1255 1269
f 1199 1269 1274
f 1207 1274 1212
f 1212 1274 1239
f 1239 1274 1265
f 1265 1274 1293
f 1295 1265 1293
f 1293 1302 1295
f 2103 2031 2036
f 2031 3259 2036
f 2103 2071 2031
f 2071 3297 2031
f 3267 3259 2031
f 2031 3297 3267
f 2036 2037 2057
f 2036 3247 2037
f 2057 2105 2036
f 2105 2103 2036
f 2036 3259 3247
f 2057 2037 3289
f 2037 3247 3260
f 2037 3260 3289
f 2057 2080 2105
f 2080 2057 3305
f 2057 3289 3305
f 2071 2103 2155
f 2071 2155 2173
f 2071 2173 3338
f 2071 3310 3297
f 2071 3328 3310
f 2071 3338 3328
f 2080 2161 2105
f 2080 2172 2161
f 3344 2172 2080
f 2080 3305 3332
f 2080 3332 3344
f 2155 2103 2105
f 2161 2155 2105
f 2155 2161 2173
f 2173 2161 2172
f 2173 2172 2188
f 2188 2172 2186
f 2172 2204 2186
f 3344 2204 2172
f 2173 2188 2204
f 3338 2173 2204
f 2188 2186 2204
f 3361 3338 2204
f 3344 3362 2204
f 3361 2204 3378
f 3378 2204 3362
f 3247 3259 3267
f 3247 3267 3260
f 3267 3297 3260
f 3260 3297 3289
f 3289 3297 3310
f 3305 3289 3310
f 3310 3328 3305
f 3305 3328 3332
f 3328 3361 3332
f 3328 3338 3361
f 3332 3362 3344
f 3332 3361 3362
f 3361 3378 3362
f 165 146 164
f 164 146 924
f 924 146 165
f 165 164 176
f 176 164 169
f 169 164 924
f 176 924 165
f 176 169 953
f 953 169 924
f 176 962 924
f 176 953 962
f 924 947 945
f 945 953 924
f 962 947 924
f 947 962 945
f 953 945 962
f 1754 1716 1734
f 1734 1716 3003
f 1754 3003 1716
f 1754 1734 3016
f 1734 3003 3016
f 1754 3009 3003
f 3029 3009 1754
f 1754 3016 3029
f 3003 3009 3008
f 3008 3016 3003
f 3009 3029 3008
f 3008 3029 3016
f 1535 1557 1553
f 1535 1553 1585
f 1535 1624 1557
f 1535 1585 2879
f 1535 1630 1624
f 2879 1630 1535
f 1553 1557 1624
f 1585 1553 1637
f 1553 1624 1637
f 1620 1585 1637
f 1620 2904 1585
f 2879 1585 2904
f 1620 1637 1644
f 1620 1644 2939
f 1620 2939 2904
f 1624 1630 1644
f 1637 1624 1644
f 1630 1646 1644
f 2915 1646 1630
f 2879 2910 1630
f 2915 1630 2910
f 1664 1644 1646
f 2939 1644 1664
f 1668 1664 1646
f 1716 1668 1646
f 1716 1646 2915
f 1664 1668 1669
f 2939 1664 1669
f 1669 1668 1705
f 1705 1668 1706
f 1716 1706 1668
f 1705 1716 1669
f 1716 2945 1669
f 2939 1669 2945
f 1705 1706 1716
f 1716 2915 2941
f 1716 2941 2992
f 1716 2987 2945
f 3003 2987 1716
f 1716 2992 3003
f 2901 2879 2904
f 2879 2901 2910
f 2901 2904 2941
f 2910 2901 2915
f 2915 2901 2941
f 2904 2939 2944
f 2941 2904 2944
f 2944 2939 2945
f 2941 2944 2945
f 2987 2941 2945
f 2992 2941 2987
f 2987 3003 2992
f 1561 1469 1564
f 2860 1469 1561
f 1565 1564 1469
f 1565 1469 2844
f 2844 1469 2849
f 2860 2849 1469
f 1561 1564 1569
f 2895 1561 1569
f 2885 2860 1561
f 2895 2885 1561
f 1569 1564 1565
f 1569 1565 2886
f 1565 2844 2886
f 1569 2886 2895
f 2849 2851 2844
f 2851 2870 2844
f 2870 2886 2844
f 2851 2849 2860
f 2851 2860 2859
f 2870 2851 2859
f 2859 2860 2885
f 2859 2885 2870
f 2870 2885 2895
f 2886 2870 2895
f 1734 1731 1824
f 1731 1734 3004
f 1824 1731 1810
f 1810 1731 3037
f 3037 1731 3004
f 1754 1734 1800
f 1754 3016 1734
f 1800 1734 1829
f 1734 1824 1829
f 3004 1734 3010
f 1734 3016 3010
f 3029 1754 1800
f 1754 3029 3016
f 1800 1829 3103
f 3064 3029 1800
f 3064 1800 3081
f 3081 1800 3103
f 3037 1824 1810
f 1829 1824 1850
f 1824 3037 1850
f 3103 1829 1850
f 1850 3037 3052
f 1850 3052 3070
f 1850 3070 3088
f 1850 3088 3129
f 3103 1850 3129
f 3004 3010 3052
f 3037 3004 3052
f 3016 3064 3010
f 3010 3075 3052
f 3010 3064 3075
f 3029 3064 3016
f 3052 3076 3070
f 3052 3075 3076
f 3075 3064 3076
f 3076 3064 3081
f 3076 3081 3070
f 3081 3088 3070
f 3081 3103 3088
f 3088 3103 3129
f 884 875 855
f 875 2367 855
f 855 2367 884
f 883 875 884
f 875 883 2410
f 875 2391 2367
f 2410 2391 875
f 883 884 901
f 2410 883 901
f 901 884 2367
f 901 2367 2394
f 901 2394 2452
f 2410 901 2452
f 2391 2394 2367
f 2394 2391 2439
f 2391 2410 2440
f 2391 2440 2439
f 2452 2394 2439
f 2410 2452 2440
f 2439 2440 2452
f 1915 1896 1922
f 3163 1896 1915
f 1896 1929 1922
f 1929 1896 3148
f 3148 1896 3163
f 1928 1915 1922
f 3163 1915 1928
f 1928 1922 1929
f 1928 1929 2040
f 2040 2044 1928
f 3186 1928 2044
f 3234 3163 1928
f 3217 1928 3186
f 3217 3234 1928
f 2040 1929 2042
f 2042 1929 3216
f 3159 1929 3148
f 3216 1929 3159
f 2040 2042 3263
f 2044 2040 3265
f 3263 3265 2040
f 2042 3183 3215
f 2042 3216 3183
f 2042 3215 3263
f 3196 3186 2044
f 3272 3196 2044
f 2044 3265 3276
f 3276 3272 2044
f 3148 3163 3159
f 3234 3159 3163
f 3216 3159 3234
f 3181 3215 3183
f 3233 3181 3183
f 3186 3196 3181
f 3186 3181 3233
f 3196 3272 3181
f 3181 3263 3215
f 3181 3265 3263
f 3181 3272 3265
f 3233 3183 3216
f 3217 3186 3233
f 3216 3234 3233
f 3234 3217 3233
f 3265 3272 3276
f 840 837 820
f 837 2329 820
f 820 2329 840
f 2374 837 840
f 837 2341 2329
f 837 2356 2341
f 2374 2356 837
f 840 2329 2340
f 840 2340 2385
f 2379 2374 840
f 2379 840 2385
f 2329 2341 2340
f 2341 2379 2340
f 2340 2379 2385
f 2356 2379 2341
f 2374 2379 2356
f 817 811 831
f 2327 811 817
f 837 811 820
f 820 811 2327
f 837 831 811
f 2349 817 831
f 2334 2327 817
f 2334 817 2349
f 2329 837 820
f 820 2327 2328
f 2329 820 2328
f 831 837 2371
f 2352 2349 831
f 2352 831 2371
f 2329 2341 837
f 2341 2356 837
f 2356 2374 837
f 837 2374 2371
f 2328 2327 2342
f 2327 2334 2342
f 2329 2328 2341
f 2328 2342 2341
f 2334 2352 2342
f 2334 2349 2352
f 2342 2356 2341
f 2352 2371 2342
f 2342 2374 2356
f 2371 2374 2342
f 1439 1444 1479
f 1444 1439 2773
f 1479 2773 1439
f 1444 1465 1496
f 1444 2782 1465
f 1444 1496 1479
f 2777 1444 2773
f 2777 2782 1444
f 1496 1465 2767
f 2776 2767 1465
f 2776 1465 2782
f 1479 1496 1532
f 1528 1479 1567
f 1479 1528 2773
f 1479 1532 1567
f 1496 2848 1532
f 1496 2767 2832
f 2832 2848 1496
f 1567 1602 1528
f 1528 1602 2808
f 2773 1528 2784
f 1528 2808 2784
f 1567 1532 1572
f 2914 1572 1532
f 2848 2894 1532
f 2894 2913 1532
f 2913 2914 1532
f 1606 1567 1572
f 1606 1602 1567
f 1606 1572 1596
f 2914 1596 1572
f 1596 1629 1606
f 1596 1652 1629
f 1596 1653 1652
f 2914 1653 1596
f 1629 1602 1606
f 2925 1602 1629
f 2808 1602 2925
f 1629 1652 2942
f 2925 1629 2942
f 1652 1653 1689
f 2942 1652 1689
f 2947 1689 1653
f 2914 2947 1653
f 2942 1689 2947
f 2776 2782 2767
f 2782 2784 2767
f 2767 2784 2832
f 2773 2794 2777
f 2773 2784 2794
f 2777 2794 2782
f 2782 2794 2784
f 2784 2808 2812
f 2784 2812 2832
f 2808 2921 2812
f 2808 2925 2921
f 2832 2812 2855
f 2812 2876 2855
f 2812 2921 2876
f 2832 2855 2848
f 2855 2876 2848
f 2876 2894 2848
f 2894 2876 2921
f 2894 2921 2913
f 2913 2942 2914
f 2921 2942 2913
f 2942 2947 2914
f 2925 2942 2921
f 2433 2244 2265
f 3393 2265 2244
f 2297 2244 2433
f 3393 2244 2297
f 2265 2361 2399
f 3424 2361 2265
f 2265 2399 2433
f 3398 2265 3393
f 3424 2265 3398
f 2348 2297 2433
f 2297 2348 3459
f 3402 3393 2297
f 3423 3402 2297
f 3459 3423 2297
f 2373 2348 2398
f 3459 2348 2373
f 2348 2433 2398
f 2361 3452 2399
f 3424 3432 2361
f 3447 2361 3432
f 3452 2361 3447
f 2437 2373 2398
f 3483 2373 2437
f 3461 3459 2373
f 3474 3461 2373
f 3483 3474 2373
f 2398 2433 2436
f 2437 2398 2436
f 2399 2415 2433
f 3506 2415 2399
f 3452 3506 2399
f 2433 2415 2432
f 2415 3485 2432
f 3499 3485 2415
f 3506 3499 2415
f 2433 2432 2576
f 2576 2432 2573
f 2432 3375 2573
f 2432 3485 3375
f 2436 2433 2437
f 2437 2433 2454
f 2454 2433 2584
f 2433 2576 2584
f 2437 2454 2662
f 2437 2662 3512
f 3483 2437 3512
f 2584 2662 2454
f 2573 2575 2576
f 2573 3303 2575
f 3375 3303 2573
f 2576 2575 2586
f 2575 3303 2586
f 2584 2576 2662
f 2576 2586 2882
f 2662 2576 2884
f 2576 2882 2884
f 2586 3014 2882
f 2586 3303 3014
f 3512 2662 2884
f 2884 2882 3014
f 3109 2884 3014
f 3512 2884 3109
f 3014 3303 3109
f 3109 3303 3307
f 3512 3109 3307
f 3375 3307 3303
f 3375 3427 3307
f 3512 3307 3427
f 3427 3375 3485
f 3393 3402 3398
f 3402 3423 3398
f 3398 3423 3424
f 3423 3432 3424
f 3423 3459 3432
f 3491 3427 3485
f 3512 3427 3491
f 3432 3459 3447
f 3487 3452 3447
f 3447 3459 3461
f 3487 3447 3461
f 3452 3487 3506
f 3487 3461 3474
f 3474 3483 3512
f 3474 3513 3487
f 3474 3512 3513
f 3499 3491 3485
f 3487 3508 3506
f 3487 3513 3508
f 3499 3500 3491
f 3512 3491 3500
f 3506 3500 3499
f 3506 3508 3500
f 3508 3513 3500
f 3512 3500 3513
f 2072 2037 2044
f 3247 2044 2037
f 2057 2037 2072
f 3289 2037 2057
f 3247 2037 3260
f 3289 3260 2037
f 2044 2080 2072
f 3276 2080 2044
f 3245 2044 3247
f 3274 2044 3245
f 3276 2044 3274
f 2080 2057 2072
f 2057 2080 3305
f 3305 3289 2057
f 3276 3344 2080
f 3332 3305 2080
f 3332 2080 3344
f 3247 3260 3245
f 3245 3260 3289
f 3245 3289 3274
f 3276 3274 3302
f 3274 3289 3302
f 3302 3344 3276
f 3302 3289 3305
f 3302 3305 3334
f 3302 3334 3344
f 3305 3332 3334
f 3332 3344 3334
f 1893 1850 1859
f 1850 3129 1859
f 1893 3129 1850
f 1896 1893 1859
f 1896 1859 3133
f 1859 3129 3133
f 3148 1893 1896
f 1893 3145 3129
f 3146 3145 1893
f 3148 3146 1893
f 1896 3133 3148
f 3133 3129 3145
f 3133 3146 3138
f 3138 3148 3133
f 3133 3145 3146
f 3138 3146 3148
f 1629 1652 1651
f 2942 1629 1651
f 1652 1629 2942
f 1698 1651 1652
f 1698 1725 1651
f 1725 2942 1651
f 1701 1652 1689
f 1689 1652 2942
f 1698 1652 1701
f 1725 1701 1689
f 1725 1689 2947
f 2947 1689 2942
f 1714 1698 1701
f 1714 1725 1698
f 1714 1701 1715
f 1725 1715 1701
f 1714 1715 1725
f 2968 2942 1725
f 2968 1725 2947
f 2942 2957 2947
f 2968 2957 2942
f 2957 2960 2947
f 2960 2968 2947
f 2960 2957 2968
f 1802 1763 1804
f 1802 3059 1763
f 1804 1763 3057
f 1763 3035 3057
f 3059 3035 1763
f 1807 1802 1804
f 1802 1807 3100
f 3100 3059 1802
f 1848 1807 1804
f 1804 3074 1848
f 1804 3057 3074
f 1896 1807 1848
f 1807 1896 3104
f 3100 1807 3104
f 1896 1848 3074
f 1896 3074 3105
f 3104 1896 3136
f 1896 3105 3148
f 3136 1896 3148
f 3057 3035 3059
f 3059 3074 3057
f 3059 3105 3074
f 3059 3100 3105
f 3105 3100 3104
f 3105 3104 3135
f 3104 3136 3135
f 3148 3105 3135
f 3136 3148 3135
f 2034 2031 2059
f 2031 2034 3266
f 2071 2059 2031
f 2071 2031 3297
f 3266 3259 2031
f 2031 3259 3267
f 3297 2031 3267
f 3264 2034 2059
f 3264 3266 2034
f 3326 2059 2071
f 3270 3264 2059
f 3326 3270 2059
f 2071 3297 3310
f 3328 2071 3310
f 3338 3326 2071
f 2071 3328 3338
f 3266 3275 3259
f 3259 3275 3267
f 3264 3270 3266
f 3270 3275 3266
f 3275 3316 3267
f 3267 3316 3297
f 3270 3280 3275
f 3326 3280 3270
f 3280 3315 3275
f 3315 3316 3275
f 3318 3315 3280
f 3326 3318 3280
f 3297 3316 3310
f 3316 3328 3310
f 3315 3318 3316
f 3316 3318 3326
f 3316 3326 3327
f 3316 3327 3338
f 3316 3338 3328
f 3338 3327 3326
f 1602 1606 1609
f 1602 1629 1606
f 1602 1609 1650
f 1629 1602 2925
f 1602 1650 2925
f 1609 1606 1650
f 1650 1606 1629
f 1650 1629 1651
f 1629 2942 1651
f 2942 1629 2925
f 1696 1650 1651
f 1723 1650 1696
f 2925 1650 1723
f 1698 1696 1651
f 1651 1725 1698
f 2942 1725 1651
f 1696 1698 1712
f 1723 1696 1712
f 1712 1698 1714
f 1698 1725 1714
f 1712 1714 1723
f 1723 1714 1725
f 1723 1725 2968
f 2925 1723 2953
f 2953 1723 2968
f 2942 2968 1725
f 2925 2949 2942
f 2949 2925 2953
f 2942 2949 2957
f 2942 2957 2968
f 2949 2953 2957
f 2957 2953 2968
f 1839 1800 1829
f 1800 3103 1829
f 3103 1800 1839
f 1839 1829 1858
f 1858 1829 1850
f 3103 1850 1829
f 1845 1839 1858
f 3139 1839 1845
f 3103 1839 3139
f 1845 1858 1864
f 1845 1864 3139
f 1864 1858 1850
f 1864 1850 3129
f 3103 3129 1850
f 3139 1864 3129
f 3139 3129 3103
f 1865 1864 1867
f 3140 1864 1865
f 1867 1864 3144
f 3139 1864 3140
f 3139 3144 1864
f 1867 1905 1865
f 1905 1870 1865
f 3151 1865 1870
f 3140 1865 3151
f 1867 3161 1905
f 1867 3144 3154
f 1867 3154 3157
f 1867 3157 3161
f 1871 1870 1874
f 1871 3151 1870
f 1874 1870 1905
f 1871 1874 3152
f 3151 1871 3152
f 3152 1874 1905
f 3152 1905 3185
f 3161 3185 1905
f 3140 3144 3139
f 3140 3154 3144
f 3151 3154 3140
f 3151 3152 3165
f 3154 3151 3165
f 3152 3185 3165
f 3157 3154 3165
f 3161 3157 3177
f 3177 3157 3165
f 3161 3177 3185
f 3165 3185 3177
f 1400 1526 1398
f 1400 1398 2802
f 1483 1489 1398
f 1483 1398 1526
f 1489 2802 1398
f 1498 1400 1471
f 2786 1471 1400
f 1498 1526 1400
f 2786 1400 2789
f 2789 1400 2802
f 1471 2822 1498
f 2786 2790 1471
f 2790 2795 1471
f 2795 2799 1471
f 2799 2809 1471
f 2809 2822 1471
f 1489 1483 1527
f 1527 1483 1526
f 1495 1489 1536
f 1489 1495 2802
f 1489 1527 1536
f 1525 1495 1502
f 1495 1536 1502
f 2846 1495 1525
f 2802 1495 2803
f 1495 2826 2803
f 1495 2846 2826
f 1527 1526 1498
f 1538 1527 1498
f 1538 1498 2900
f 1498 2822 2900
f 1502 1538 1525
f 1502 1536 1538
f 2893 1525 1538
f 2893 2846 1525
f 1538 1536 1527
f 2911 2893 1538
f 1538 2900 2918
f 2911 1538 2918
f 2789 2790 2786
f 2790 2789 2795
f 2789 2803 2795
f 2789 2802 2803
f 2795 2826 2799
f 2803 2826 2795
f 2809 2799 2864
f 2799 2826 2864
f 2822 2809 2863
f 2809 2864 2863
f 2865 2822 2863
f 2866 2822 2865
f 2900 2822 2866
f 2826 2846 2864
f 2846 2856 2864
f 2893 2856 2846
f 2864 2856 2911
f 2856 2893 2911
f 2864 2865 2863
f 2864 2866 2865
f 2864 2900 2866
f 2864 2918 2900
f 2864 2911 2918
f 1902 1862 1924
f 1862 1902 3162
f 3169 1924 1862
f 3169 1862 3162
f 1902 1924 1986
f 1986 1939 1902
f 1939 3162 1902
f 1986 1924 3189
f 3189 1924 3169
f 3189 1939 1986
f 3178 3162 1939
f 3178 1939 3189
f 3167 3169 3162
f 3167 3162 3178
f 3167 3189 3169
f 3167 3178 3189
f 2033 2009 2038
f 3254 2009 2033
f 2038 2009 3254
f 2033 2038 2100
f 2033 2100 2101
f 3320 2033 2101
f 3258 3254 2033
f 3283 3258 2033
f 3320 3283 2033
f 2100 2038 2078
f 2078 2038 3254
f 2117 2100 2078
f 2117 2078 3296
f 3257 2078 3254
f 2078 3257 3281
f 2078 3281 3296
f 2101 2100 2117
f 3320 2101 2117
f 3320 2117 3296
f 3254 3258 3257
f 3257 3258 3283
f 3257 3283 3281
f 3281 3283 3320
f 3296 3281 3320
f 2054 2009 2012
f 2012 2009 3253
f 2038 2009 2054
f 3254 2009 2038
f 3253 2009 3254
f 2054 2012 3253
f 2038 2054 2078
f 2078 3254 2038
f 2078 2054 3253
f 3256 2078 3253
f 2078 3257 3254
f 2078 3256 3273
f 3281 3257 2078
f 2078 3273 3296
f 3296 3281 2078
f 3253 3254 3256
f 3256 3254 3257
f 3256 3257 3273
f 3257 3281 3273
f 3273 3281 3296
f 1961 1965 2012
f 3230 1965 1961
f 2012 2009 1961
f 3230 1961 2009
f 1965 3228 2012
f 3228 1965 3225
f 3225 1965 3230
f 3253 2009 2012
f 3254 3230 2009
f 3254 2009 3253
f 2012 3228 3242
f 2012 3242 3253
f 3225 3242 3228
f 3225 3230 3242
f 3253 3242 3230
f 3230 3254 3253
f 1583 1571 1586
f 1571 1583 2933
f 2933 1586 1571
f 1583 1586 1672
f 1659 1583 1680
f 1681 1583 1659
f 1583 1672 1680
f 2933 1583 1681
f 1672 1586 2933
f 1659 1680 1681
f 1680 1672 1687
f 1704 1687 1672
f 1704 1672 2933
f 1681 1680 1733
f 1680 1687 1735
f 1680 1735 1733
f 1690 1681 1733
f 2933 1681 1690
f 1735 1687 1704
f 1729 1690 1733
f 1690 1729 2956
f 2933 1690 2956
f 1735 1704 1727
f 1727 1704 2958
f 2952 1704 2933
f 2958 1704 2952
f 1727 3018 1735
f 2969 1727 2958
f 2977 1727 2969
f 2989 1727 2977
f 2989 3018 1727
f 1729 1733 3026
f 2956 1729 2971
f 2971 1729 2996
f 1729 3026 2996
f 3026 1733 1735
f 3018 3025 1735
f 3025 3028 1735
f 3026 1735 3028
f 2952 2933 2981
f 2933 2956 2981
f 2952 2981 2958
f 2956 2971 2981
f 2958 2981 2969
f 2969 2981 2977
f 2971 2996 2981
f 2977 2981 2989
f 2981 3025 2989
f 2996 3028 2981
f 3028 3025 2981
f 2989 3025 3018
f 2996 3026 3028
f 1525 1538 1549
f 1538 1525 2893
f 1525 1549 1551
f 1551 1592 1525
f 1525 1592 2893
f 1538 1587 1549
f 1587 1538 2918
f 2911 1538 2893
f 2918 1538 2911
f 1587 1551 1549
f 1592 1551 1587
f 1587 2966 1592
f 2959 1587 2918
f 2966 1587 2959
f 1592 2935 2893
f 1592 2967 2935
f 2966 2976 1592
f 2976 2967 1592
f 2893 2935 2911
f 2918 2911 2959
f 2959 2911 2935
f 2959 2935 2967
f 2959 2967 2966
f 2966 2967 2976
f 1541 1525 1551
f 1525 1541 2905
f 1592 1551 1525
f 1592 1525 2893
f 1525 2905 2893
f 1541 1551 1556
f 2905 1541 1556
f 1556 1551 1608
f 1608 1551 1592
f 1593 1556 1608
f 2950 1556 1593
f 2950 2905 1556
f 1608 1592 2976
f 1592 2893 2935
f 2967 1592 2935
f 2976 1592 2967
f 1593 1608 1663
f 1615 1593 1671
f 2950 1593 1615
f 1671 1593 1663
f 1663 1608 2976
f 1615 1671 2986
f 2972 2950 1615
f 2972 1615 2986
f 1671 1663 1693
f 1727 1693 1663
f 1727 1663 2976
f 1688 1671 1693
f 1727 1671 1688
f 2986 1671 1727
f 1688 1693 1727
f 2999 1727 2976
f 2994 2986 1727
f 2994 1727 3018
f 2999 3018 1727
f 2893 2905 2935
f 2935 2905 2950
f 2967 2935 2950
f 2967 2950 2972
f 2967 2972 2976
f 2976 2972 2999
f 2994 2972 2986
f 2999 2972 2994
f 2999 2994 3018
f 1240 1233 1267
f 2678 1233 1240
f 1267 1233 2693
f 2678 2668 1233
f 1233 2668 2693
f 1240 1267 2678
f 2678 1267 2690
f 1267 2711 2690
f 1267 2693 2709
f 1267 2709 2711
f 2678 2690 2668
f 2690 2693 2668
f 2693 2690 2710
f 2690 2711 2710
f 2693 2710 2709
f 2709 2710 2711
f 479 468 464
f 1261 464 468
f 480 479 464
f 480 464 1261
f 487 468 479
f 491 468 487
f 1261 468 491
f 487 479 480
f 487 480 486
f 486 480 1261
f 486 491 487
f 491 486 1261
f 1541 1556 1558
f 2905 1556 1541
f 1571 1541 1558
f 1571 2905 1541
f 1558 1556 1593
f 1593 1556 2950
f 2905 2950 1556
f 1571 1558 1588
f 1588 1558 1593
f 1571 1588 2933
f 2933 2905 1571
f 1588 1593 1615
f 2933 1588 1615
f 1593 2950 1615
f 2933 1615 2946
f 1615 2961 2946
f 2950 2972 1615
f 1615 2973 2961
f 2972 2986 1615
f 1615 2986 2973
f 2927 2905 2933
f 2905 2927 2950
f 2927 2933 2946
f 2927 2946 2961
f 2950 2927 2961
f 2950 2961 2973
f 2972 2950 2973
f 2972 2973 2986
f 1586 1571 1588
f 1571 1586 2933
f 1588 1571 2933
f 1586 1588 1672
f 2933 1586 1672
f 1672 1588 1615
f 1588 2933 1615
f 1672 1615 1671
f 1615 2986 1671
f 2933 2946 1615
f 2946 2961 1615
f 2961 2973 1615
f 2973 2986 1615
f 1687 1672 1671
f 1688 1687 1671
f 1688 1671 1727
f 1671 2986 1727
f 1704 1672 1687
f 1704 2933 1672
f 1704 1687 1688
f 1704 1688 1727
f 1704 1727 2958
f 2952 2933 1704
f 2958 2952 1704
f 2958 1727 2969
f 2969 1727 2977
f 2977 1727 2989
f 1727 2986 2994
f 1727 3018 2989
f 2994 3018 1727
f 2946 2933 2952
f 2946 2952 2958
f 2969 2946 2958
f 2946 2969 2961
f 2961 2969 2977
f 2961 2977 2973
f 2973 2977 2989
f 2986 2973 2994
f 2994 2973 2989
f 2989 3018 2994
f 1885 1838 1856
f 1838 3080 1856
f 1885 3080 1838
f 1967 1885 1856
f 1918 1856 1898
f 3110 1898 1856
f 1967 1856 1918
f 1856 3080 3085
f 1856 3085 3110
f 1950 1885 1967
f 3156 1885 1950
f 1885 3090 3080
f 1885 3156 3090
f 1918 1898 3124
f 3124 1898 3110
f 1918 2029 1967
f 3166 2029 1918
f 3166 1918 3124
f 1950 1967 2029
f 2029 3156 1950
f 3190 3156 2029
f 3166 3190 2029
f 3080 3090 3085
f 3085 3090 3114
f 3110 3085 3106
f 3085 3114 3106
f 3119 3114 3090
f 3090 3156 3119
f 3110 3106 3119
f 3106 3114 3119
f 3110 3119 3120
f 3110 3120 3124
f 3120 3119 3166
f 3166 3119 3156
f 3124 3120 3166
f 3166 3156 3190
f 1950 1838 1885
f 1838 3080 1885
f 1950 1906 1838
f 1838 1906 3118
f 3113 3080 1838
f 1838 3116 3113
f 1838 3118 3116
f 3156 1950 1885
f 1885 3080 3090
f 3156 1885 3090
f 1943 1906 1950
f 1906 1943 3184
f 1906 3168 3118
f 3184 3168 1906
f 1943 1950 2029
f 1943 2029 2042
f 3184 1943 2042
f 1950 3156 2029
f 2042 2029 3190
f 3156 3190 2029
f 3261 3184 2042
f 3262 2042 3190
f 3261 2042 3263
f 3263 2042 3262
f 3080 3113 3090
f 3090 3113 3116
f 3114 3090 3116
f 3090 3114 3119
f 3156 3090 3119
f 3114 3116 3118
f 3114 3118 3119
f 3118 3193 3119
f 3118 3168 3193
f 3119 3190 3156
f 3190 3119 3193
f 3168 3184 3231
f 3168 3231 3193
f 3232 3184 3204
f 3204 3184 3261
f 3184 3232 3231
f 3193 3262 3190
f 3219 3227 3193
f 3193 3231 3219
f 3193 3227 3262
f 3232 3204 3231
f 3204 3269 3231
f 3204 3261 3269
f 3219 3231 3227
f 3269 3227 3231
f 3269 3262 3227
f 3262 3261 3263
f 3261 3262 3269
f 181 191 172
f 181 172 705
f 191 987 172
f 172 987 705
f 192 191 181
f 705 192 181
f 192 1008 191
f 191 1010 987
f 1008 1010 191
f 705 1015 192
f 192 1015 1008
f 987 1005 705
f 1005 1015 705
f 987 1002 1005
f 987 1007 1002
f 987 1010 1007
f 1008 1005 1002
f 1007 1010 1002
f 1002 1010 1008
f 1008 1015 1005
f 436 448 449
f 1261 448 436
f 1261 436 449
f 449 448 468
f 468 448 464
f 1261 464 448
f 1261 449 468
f 468 464 1261
