{"test/cls_loss": 0.06669802963733673, "test/cls_acc": 1.0, "test/cls_precision": 1.0, "test/cls_recall": 1.0, "test/cls_f1": 1.0, "test/mat_loss": 6.807528018951416, "test/n_critical_max": 1024.88232421875, "test/loss": 6.874226093292236, "test/mat_precision": 0.04717426374554634, "test/mat_recall": 0.04802236333489418, "test/mat_f1": 0.04729172959923744, "test/part_acc": 0.5444496870040894, "test/chamfer_distance": 0.41705164313316345, "test/trans_mse": 0.031361863017082214, "test/rot_mse": 4280.36376953125, "test/trans_rmse": 0.10973423719406128, "test/rot_rmse": 45.16443634033203, "test/trans_mae": 0.090601846575737, "test/rot_mae": 39.07538986206055, "epoch": 0, "trainer/global_step": 0, "_timestamp": 1768068213.528711, "_runtime": 775.8689000606537, "_step": 0, "_wandb": {"runtime": 774}}