{"test/cls_loss": 0.03203146904706955, "test/cls_acc": 1.0, "test/cls_precision": 1.0, "test/cls_recall": 1.0, "test/cls_f1": 1.0, "test/mat_loss": 6.634606838226318, "test/n_critical_max": 437.88616943359375, "test/loss": 6.666637897491455, "test/mat_precision": 0.057399850338697433, "test/mat_recall": 0.06005834415555, "test/mat_f1": 0.05838518962264061, "test/part_acc": 0.7601625919342041, "test/chamfer_distance": 0.08931919187307358, "test/trans_mse": 0.021380016580224037, "test/rot_mse": 2531.74560546875, "test/trans_rmse": 0.067087322473526, "test/rot_rmse": 27.222850799560547, "test/trans_mae": 0.0551740825176239, "test/rot_mae": 23.529930114746094, "epoch": 0, "trainer/global_step": 0, "_timestamp": 1770826840.9539683, "_runtime": 585.960155248642, "_step": 0, "_wandb": {"runtime": 584}}