epoch,lr-Adam/pg1,lr-Adam/pg2,step,train/batch_size,train/cls_acc,train/cls_f1,train/cls_loss,train/cls_precision,train/cls_recall,train/loss,train/mat_loss,train/n_critical_max,train/rig_loss,val/cls_acc,val/cls_f1,val/cls_loss,val/cls_precision,val/cls_recall,val/loss,val/mat_f1,val/mat_loss,val/mat_precision,val/mat_recall,val/n_critical_max,val/rig_loss
,1e-06,9.999999999999999e-06,0,,,,,,,,,,,,,,,,,,,,,,
0,,,9,2.0,0.9905999898910522,0.8507367968559265,0.0218020211905241,0.8713292479515076,0.83238685131073,7.307406425476074,3.198293447494507,108.0,4.087310791015625,,,,,,,,,,,,
0,,,19,2.0,0.9699000120162964,0.9538356065750122,0.09014876186847687,0.9440189599990845,0.9645746946334839,20.256010055541992,3.799006223678589,1375.0,16.36685562133789,,,,,,,,,,,,
0,,,29,2.0,0.9573000073432922,0.9236459732055664,0.1090351939201355,0.9237465858459473,0.9235454201698303,7.108451843261719,3.8974597454071045,1521.0,3.101957082748413,,,,,,,,,,,,
0,,,39,2.0,0.9455999732017517,0.8867721557617188,0.12494588643312454,0.9106043577194214,0.8667229413986206,8.507951736450195,5.140329837799072,961.0,3.24267578125,,,,,,,,,,,,
0,,,49,2.0,0.9860000014305115,0.7830269932746887,0.03949150815606117,0.8286168575286865,0.7489421367645264,5.381577014923096,5.055088996887207,118.0,0.28699615597724915,,,,,,,,,,,,
0,,,59,2.0,0.9610000252723694,0.8320945501327515,0.10310334712266922,0.8907261490821838,0.7908114790916443,8.266216278076172,5.581613063812256,645.0,2.5815000534057617,,,,,,,,,,,,
0,,,69,2.0,0.9787999987602234,0.890493631362915,0.06301765143871307,0.8833982348442078,0.8978947401046753,3.7718467712402344,2.9278242588043213,338.0,0.7810050249099731,,,,,,,,,,,,
0,,,79,2.0,0.9824000000953674,0.9723963141441345,0.04214078187942505,0.9885269403457642,0.9581239819526672,4.144218444824219,3.266444683074951,1138.0,0.8356330394744873,,,,,,,,,,,,
0,,,89,2.0,0.9897000193595886,0.8937376737594604,0.027887362986803055,0.8960683345794678,0.8914358615875244,5.011137962341309,4.296788692474365,161.0,0.6864619851112366,,,,,,,,,,,,
0,,,99,2.0,0.9836000204086304,0.8987921476364136,0.04230857640504837,0.8800063729286194,0.9197697639465332,35.96250915527344,3.8634729385375977,242.0,32.05672836303711,,,,,,,,,,,,
0,,,109,2.0,0.9797000288963318,0.9546975493431091,0.06128509342670441,0.9437799453735352,0.9664179086685181,23.713468551635742,3.7493700981140137,625.0,19.902812957763672,,,,,,,,,,,,
0,,,119,2.0,0.9850999712944031,0.8813580870628357,0.034034162759780884,0.8819268941879272,0.8807910680770874,6.3371710777282715,5.892688751220703,277.0,0.41044798493385315,,,,,,,,,,,,
0,,,129,2.0,0.9959999918937683,0.9183422327041626,0.012047343887388706,0.8962879180908203,0.9430784583091736,4.704807758331299,4.418849945068359,79.0,0.2739107012748718,,,,,,,,,,,,
0,,,139,2.0,0.9807000160217285,0.9646079540252686,0.04012206569314003,0.9715503454208374,0.95798659324646,6.034204483032227,3.3839025497436523,1565.0,2.610179901123047,,,,,,,,,,,,
0,,,149,2.0,0.9761999845504761,0.8970685005187988,0.0546996109187603,0.8719836473464966,0.9265048503875732,8.932220458984375,3.607372760772705,328.0,5.270147800445557,,,,,,,,,,,,
0,,,159,2.0,0.9846000075340271,0.9726117849349976,0.03822940215468407,0.9806143045425415,0.9650354385375977,7.831469535827637,3.8323495388031006,1155.0,3.960890293121338,,,,,,,,,,,,
0,,,169,2.0,0.9542999863624573,0.9046800136566162,0.11171965301036835,0.9545502066612244,0.8683868646621704,17.059640884399414,4.6830291748046875,1028.0,12.264892578125,,,,,,,,,,,,
0,,,179,2.0,0.9711999893188477,0.9281104207038879,0.07083314657211304,0.9654320478439331,0.8979549407958984,9.075333595275879,6.245944499969482,1124.0,2.7585556507110596,,,,,,,,,,,,
0,,,189,2.0,0.9559000134468079,0.9141644239425659,0.10248620808124542,0.9136034250259399,0.9147276878356934,16.84699249267578,3.9011001586914062,1018.0,12.843405723571777,,,,,,,,,,,,
0,,,199,2.0,0.9595000147819519,0.8847768306732178,0.09010029584169388,0.8753916025161743,0.8948037028312683,15.096778869628906,5.437778949737549,689.0,9.568900108337402,,,,,,,,,,,,
0,,,209,2.0,0.9721999764442444,0.8386197090148926,0.07014647871255875,0.8296003341674805,0.8482162952423096,20.346912384033203,4.237802028656006,306.0,16.038963317871094,,,,,,,,,,,,
0,,,219,2.0,0.9839000105857849,0.9394885301589966,0.035866931080818176,0.9532872438430786,0.9266519546508789,6.3216400146484375,3.556928873062134,581.0,2.728843927383423,,,,,,,,,,,,
0,,,229,2.0,0.988099992275238,0.9733372330665588,0.030499545857310295,0.9819155931472778,0.9651771783828735,10.862818717956543,3.4356348514556885,835.0,7.396684646606445,,,,,,,,,,,,
0,,,239,2.0,0.9889000058174133,0.9134194850921631,0.030374277383089066,0.9439764022827148,0.8870735168457031,4.841955661773682,4.194477081298828,291.0,0.6171045899391174,,,,,,,,,,,,
0,,,249,2.0,0.9878000020980835,0.9626096487045288,0.02847101166844368,0.9682811498641968,0.9571070671081543,3.95198392868042,2.9496266841888428,779.0,0.9738863706588745,,,,,,,,,,,,
0,,,259,2.0,0.9351000189781189,0.9162623286247253,0.137395977973938,0.9142036437988281,0.9183817505836487,10.861011505126953,4.162511348724365,1876.0,6.561103820800781,,,,,,,,,,,,
0,,,269,2.0,0.9929999709129333,0.8758469820022583,0.021196644753217697,0.8811023235321045,0.8707395195960999,4.844386577606201,4.686959743499756,86.0,0.13623009622097015,,,,,,,,,,,,
0,,,279,2.0,0.9527999758720398,0.9403125047683716,0.1539343148469925,0.9323351383209229,0.9492707252502441,8.773195266723633,3.7785825729370117,2150.0,4.840678691864014,,,,,,,,,,,,
0,,,289,2.0,0.9661999940872192,0.8778989315032959,0.0790671780705452,0.8492807149887085,0.9130207300186157,10.000585556030273,3.854688882827759,590.0,6.066829681396484,,,,,,,,,,,,
0,,,299,2.0,0.9746999740600586,0.9220291376113892,0.05637233704328537,0.9535856246948242,0.8954848051071167,11.282098770141602,4.6924519538879395,697.0,6.5332746505737305,,,,,,,,,,,,
0,,,309,2.0,0.9656999707221985,0.9216268658638,0.07772836089134216,0.9646919369697571,0.8882805109024048,7.480844497680664,4.546931266784668,1080.0,2.856184959411621,,,,,,,,,,,,
0,,,319,2.0,0.9866999983787537,0.8901677131652832,0.040761202573776245,0.9311795234680176,0.8567366600036621,8.905080795288086,4.299165725708008,285.0,4.5651535987854,,,,,,,,,,,,
0,,,329,2.0,0.9789000153541565,0.941622257232666,0.05166023597121239,0.9437839984893799,0.9394877552986145,6.050978183746338,4.230926990509033,636.0,1.7683911323547363,,,,,,,,,,,,
0,,,339,2.0,0.9900000095367432,0.885835587978363,0.027953604236245155,0.8980084657669067,0.874422550201416,4.571168899536133,2.9939990043640137,154.0,1.5492161512374878,,,,,,,,,,,,
0,,,349,2.0,0.9783999919891357,0.9517483711242676,0.05068471282720566,0.9645415544509888,0.939911961555481,14.954710006713867,4.027740478515625,908.0,10.8762845993042,,,,,,,,,,,,
0,,,359,2.0,0.9800999760627747,0.8366758823394775,0.04683559760451317,0.9199270009994507,0.7825207710266113,7.617344856262207,4.782133102416992,205.0,2.7883763313293457,,,,,,,,,,,,
0,,,369,2.0,0.9907000064849854,0.9069705009460449,0.024102993309497833,0.8957244157791138,0.9189177751541138,4.795652866363525,3.7269375324249268,217.0,1.0446125268936157,,,,,,,,,,,,
0,,,379,2.0,0.984000027179718,0.890301525592804,0.04427967965602875,0.8539168834686279,0.9360460042953491,10.95760440826416,3.3192973136901855,258.0,7.594027519226074,,,,,,,,,,,,
0,,,389,2.0,0.9776999950408936,0.9650973081588745,0.051854755729436874,0.9794439673423767,0.9522693157196045,7.86553955078125,3.485100507736206,1908.0,4.32858419418335,,,,,,,,,,,,
0,,,399,2.0,0.9815999865531921,0.9220748543739319,0.054968755692243576,0.9390850067138672,0.9065293073654175,5.4789533615112305,4.261557102203369,352.0,1.1624274253845215,,,,,,,,,,,,
0,,,409,2.0,0.9876999855041504,0.9587142467498779,0.03155886009335518,0.9878958463668823,0.9334588050842285,4.496445178985596,4.169835090637207,713.0,0.2950512766838074,,,,,,,,,,,,
0,,,419,2.0,0.9745000004768372,0.8428118228912354,0.05273862183094025,0.7982707619667053,0.9056204557418823,27.489803314208984,3.7776455879211426,212.0,23.659420013427734,,,,,,,,,,,,
0,,,429,2.0,0.9678999781608582,0.8982807993888855,0.10200552642345428,0.9482142925262451,0.8603402376174927,5.980093955993652,4.360642433166504,801.0,1.5174459218978882,,,,,,,,,,,,
0,,,439,2.0,0.9854999780654907,0.9133520126342773,0.040344759821891785,0.8838932514190674,0.9483538866043091,12.527519226074219,3.308596134185791,258.0,9.17857837677002,,,,,,,,,,,,
0,,,449,2.0,0.9779999852180481,0.962525486946106,0.05278923362493515,0.9643605947494507,0.9607152938842773,5.964117050170898,3.1632368564605713,1493.0,2.748091220855713,,,,,,,,,,,,
0,,,459,2.0,0.9933000206947327,0.8532837629318237,0.01906655542552471,0.9288530349731445,0.8008116483688354,5.616856575012207,4.487186431884766,83.0,1.1106038093566895,,,,,,,,,,,,
0,,,469,2.0,0.9873999953269958,0.9652162790298462,0.02726616896688938,0.9568033218383789,0.9740424156188965,4.130942344665527,3.151688575744629,927.0,0.9519873857498169,,,,,,,,,,,,
0,,,479,2.0,0.9955000281333923,0.9502522349357605,0.014086070470511913,0.9493049383163452,0.9512037634849548,4.775808811187744,3.7680561542510986,168.0,0.9936664700508118,,,,,,,,,,,,
0,,,489,2.0,0.9919000267982483,0.937185525894165,0.021588636562228203,0.927910566329956,0.9469056129455566,7.035767555236816,4.017315864562988,263.0,2.9968631267547607,,,,,,,,,,,,
0,,,499,2.0,0.9909999966621399,0.9834096431732178,0.02119423635303974,0.9860851764678955,0.9807807207107544,4.08150053024292,3.005934953689575,1590.0,1.0543712377548218,,,,,,,,,,,,
0,,,509,2.0,0.9962000250816345,0.8633290529251099,0.014455893076956272,0.8533104658126831,0.8739428520202637,3.544260025024414,3.3361763954162598,36.0,0.1936279535293579,,,,,,,,,,,,
0,,,519,2.0,0.988099992275238,0.9794078469276428,0.03144443780183792,0.9893360137939453,0.97013258934021,4.219333648681641,3.3821651935577393,1377.0,0.8057238459587097,,,,,,,,,,,,
0,,,529,2.0,0.9937999844551086,0.8791987895965576,0.016498059034347534,0.8707616329193115,0.8880419135093689,4.518113136291504,3.4882054328918457,100.0,1.0134097337722778,,,,,,,,,,,,
0,,,539,2.0,0.9901999831199646,0.6619155406951904,0.027943039312958717,0.6409410834312439,0.6905297040939331,3.8825833797454834,3.812861919403076,31.0,0.04177822545170784,,,,,,,,,,,,
0,,,549,2.0,0.9776999950408936,0.7426057457923889,0.05355444923043251,0.7722511887550354,0.7191175222396851,9.82764720916748,4.072610378265381,133.0,5.70148229598999,,,,,,,,,,,,
0,,,559,2.0,0.9757999777793884,0.9510595798492432,0.07275035977363586,0.9606993198394775,0.9420064687728882,9.580595970153809,4.050533771514893,741.0,5.457311630249023,,,,,,,,,,,,
0,,,569,2.0,0.9789000153541565,0.9478341341018677,0.04863579571247101,0.9564248323440552,0.9396693110466003,10.562164306640625,4.14090633392334,733.0,6.372622013092041,,,,,,,,,,,,
0,,,579,2.0,0.991599977016449,0.9743075370788574,0.020897557958960533,0.9896597862243652,0.9601041078567505,4.776437282562256,3.3738181591033936,898.0,1.3817213773727417,,,,,,,,,,,,
0,,,589,2.0,0.9884999990463257,0.9750117063522339,0.028540683910250664,0.9880944490432739,0.9628889560699463,3.799650192260742,3.430532693862915,1286.0,0.3405769467353821,,,,,,,,,,,,
0,,,599,2.0,0.9779000282287598,0.9584805965423584,0.050401847809553146,0.9665954113006592,0.9507993459701538,5.435439586639404,3.3933098316192627,1187.0,1.9917277097702026,,,,,,,,,,,,
0,,,609,2.0,0.9810000061988831,0.9719693660736084,0.04392118379473686,0.9783053398132324,0.9659690856933594,5.438460350036621,4.0075578689575195,2062.0,1.3869813680648804,,,,,,,,,,,,
0,,,619,2.0,0.991100013256073,0.9436089992523193,0.02779245376586914,0.9851255416870117,0.9091794490814209,11.969051361083984,4.177137851715088,390.0,7.7641215324401855,,,,,,,,,,,,
0,,,629,2.0,0.9835000038146973,0.9252855181694031,0.03966398537158966,0.9222509860992432,0.9283708333969116,13.832747459411621,3.4322519302368164,317.0,10.360831260681152,,,,,,,,,,,,
0,,,639,2.0,0.9646000266075134,0.9325718879699707,0.08750542253255844,0.9267927408218384,0.9386083483695984,8.494306564331055,4.2387919425964355,973.0,4.168009281158447,,,,,,,,,,,,
0,,,649,2.0,0.9848999977111816,0.9213454723358154,0.03802774101495743,0.9058425426483154,0.9382542967796326,29.400428771972656,3.6231203079223633,393.0,25.739280700683594,,,,,,,,,,,,
0,,,659,2.0,0.9821000099182129,0.9212089776992798,0.0467718280851841,0.9281859397888184,0.9144903421401978,8.565305709838867,4.613051414489746,473.0,3.905482053756714,,,,,,,,,,,,
0,,,669,2.0,0.9858999848365784,0.9418743252754211,0.038767457008361816,0.915630578994751,0.9723571538925171,25.5814208984375,4.429759979248047,326.0,21.11289405822754,,,,,,,,,,,,
0,,,679,2.0,0.9909999966621399,0.7893921136856079,0.036873187869787216,0.8715207576751709,0.7375723123550415,4.287917613983154,4.155698299407959,115.0,0.09534595161676407,,,,,,,,,,,,
0,,,689,2.0,0.9836000204086304,0.8869860172271729,0.03803368657827377,0.8539330363273621,0.9276641011238098,6.639557838439941,2.9225564002990723,193.0,3.6789679527282715,,,,,,,,,,,,
0,,,699,2.0,0.9625999927520752,0.9137440919876099,0.0929231196641922,0.933679461479187,0.8962126970291138,8.44497013092041,5.088598728179932,725.0,3.263448476791382,,,,,,,,,,,,
0,,,709,2.0,0.9815999865531921,0.8913493156433105,0.043705299496650696,0.8880115747451782,0.894751787185669,47.59814453125,5.014726161956787,285.0,42.53971481323242,,,,,,,,,,,,
0,,,719,2.0,0.9778000116348267,0.9104709625244141,0.05243440717458725,0.8998944163322449,0.9217340350151062,13.503021240234375,3.9997940063476562,505.0,9.45079231262207,,,,,,,,,,,,
0,,,729,2.0,0.9739000201225281,0.9515855312347412,0.06411632150411606,0.9611096382141113,0.9426692724227905,4.32584810256958,3.4587669372558594,1481.0,0.8029651045799255,,,,,,,,,,,,
0,,,739,2.0,0.9832000136375427,0.8627516031265259,0.044371288269758224,0.8168133497238159,0.926054060459137,32.50505828857422,3.9722890853881836,249.0,28.4883975982666,,,,,,,,,,,,
0,,,749,2.0,0.9819999933242798,0.9733102321624756,0.04263114184141159,0.9817770719528198,0.9654260277748108,7.949975967407227,3.533531904220581,1997.0,4.373812675476074,,,,,,,,,,,,
0,,,759,2.0,0.9864000082015991,0.9706822633743286,0.05804179236292839,0.9589411020278931,0.9833364486694336,14.762642860412598,3.0850398540496826,893.0,11.619561195373535,,,,,,,,,,,,
0,,,769,2.0,0.9879000186920166,0.9295356273651123,0.029674625024199486,0.9364880323410034,0.9228248596191406,5.154786109924316,3.722694158554077,380.0,1.4024171829223633,,,,,,,,,,,,
0,,,779,2.0,0.9724000096321106,0.8774683475494385,0.0653093010187149,0.8711063861846924,0.8840913772583008,8.641414642333984,4.483078956604004,510.0,4.093026638031006,,,,,,,,,,,,
0,,,789,2.0,0.9779999852180481,0.9588269591331482,0.051484864205121994,0.979133665561676,0.9410396218299866,4.695864677429199,3.545532703399658,1307.0,1.0988470315933228,,,,,,,,,,,,
0,,,799,2.0,0.984000027179718,0.8634251356124878,0.033703625202178955,0.8289118409156799,0.9068332314491272,32.45187759399414,4.060312271118164,246.0,28.35786247253418,,,,,,,,,,,,
0,,,809,2.0,0.989300012588501,0.9719004034996033,0.026787754148244858,0.9875707030296326,0.9574902653694153,9.261407852172852,3.541877269744873,848.0,5.692742824554443,,,,,,,,,,,,
0,,,819,2.0,0.9897000193595886,0.9673610925674438,0.03098485991358757,0.9746034741401672,0.9603865146636963,32.07560729980469,3.4602530002593994,825.0,28.584367752075195,,,,,,,,,,,,
0,,,829,2.0,0.973800003528595,0.8659098744392395,0.0567624568939209,0.8542570471763611,0.8784782886505127,37.42752456665039,3.3330724239349365,408.0,34.037689208984375,,,,,,,,,,,,
0,,,839,2.0,0.9835000038146973,0.957474946975708,0.04373524710536003,0.9536442756652832,0.9613929986953735,11.955780029296875,3.3757951259613037,712.0,8.536249160766602,,,,,,,,,,,,
0,,,849,2.0,0.9933000206947327,0.9526828527450562,0.021600108593702316,0.9825135469436646,0.9265896081924438,5.8551177978515625,4.070187568664551,226.0,1.7633302211761475,,,,,,,,,,,,
0,,,859,2.0,0.9779000282287598,0.8646860718727112,0.06258399039506912,0.913993239402771,0.826807975769043,22.61403465270996,4.380630970001221,274.0,18.170820236206055,,,,,,,,,,,,
0,,,869,2.0,0.9943000078201294,0.9425456523895264,0.017705556005239487,0.9906865358352661,0.9034171104431152,5.294346809387207,4.478213310241699,242.0,0.7984281182289124,,,,,,,,,,,,
0,,,879,2.0,0.9758999943733215,0.9565120935440063,0.05844384804368019,0.963388204574585,0.94996178150177,7.751319885253906,3.9247379302978516,999.0,3.7681381702423096,,,,,,,,,,,,
0,,,889,2.0,0.9890000224113464,0.9739208221435547,0.026891836896538734,0.9859431982040405,0.9626823663711548,3.751260757446289,3.3564751148223877,1081.0,0.367893785238266,,,,,,,,,,,,
0,,,899,2.0,0.9901999831199646,0.9303338527679443,0.025293439626693726,0.9280781745910645,0.9326156377792358,15.727434158325195,4.023766994476318,201.0,11.678374290466309,,,,,,,,,,,,
0,,,909,2.0,0.9916999936103821,0.8469870090484619,0.03151482343673706,0.9177651405334473,0.7972218990325928,5.3302106857299805,5.240185260772705,106.0,0.05851071700453758,,,,,,,,,,,,
0,,,919,2.0,0.9769999980926514,0.8876364827156067,0.05638033524155617,0.8498818874359131,0.936259925365448,68.1279296875,5.032672882080078,350.0,63.03887939453125,,,,,,,,,,,,
0,,,929,2.0,0.9743000268936157,0.8970040082931519,0.058362361043691635,0.8760823011398315,0.9209201335906982,58.229515075683594,4.422170639038086,407.0,53.74898147583008,,,,,,,,,,,,
0,,,939,2.0,0.9708999991416931,0.8736675977706909,0.09602950513362885,0.8952391147613525,0.8546729683876038,14.106932640075684,4.031310081481934,566.0,9.979593276977539,,,,,,,,,,,,
0,,,949,2.0,0.9609000086784363,0.878014326095581,0.08939100056886673,0.8491083383560181,0.9139180183410645,24.40706443786621,4.548229217529297,575.0,19.76944351196289,,,,,,,,,,,,
0,,,959,2.0,0.9857000112533569,0.9706830978393555,0.03796908259391785,0.9680804014205933,0.9733294248580933,3.7614288330078125,3.451159715652466,1247.0,0.2722999155521393,,,,,,,,,,,,
0,,,969,2.0,0.98580002784729,0.958940863609314,0.03429501876235008,0.9659433364868164,0.9522008895874023,5.309564113616943,4.216370105743408,812.0,1.0588988065719604,,,,,,,,,,,,
0,,,979,2.0,0.9710999727249146,0.8665730953216553,0.06124282255768776,0.8124489784240723,0.94904625415802,33.754180908203125,3.9921634197235107,403.0,29.700773239135742,,,,,,,,,,,,
0,,,989,2.0,0.965399980545044,0.922346830368042,0.08821485191583633,0.9353126287460327,0.9104335308074951,7.309950828552246,4.25692081451416,830.0,2.964815378189087,,,,,,,,,,,,
0,,,999,2.0,0.98580002784729,0.782534658908844,0.02944904752075672,0.7207874655723572,0.8965213298797607,12.29978084564209,4.270505428314209,98.0,7.999826431274414,,,,,,,,,,,,
0,,,1009,2.0,0.9876000285148621,0.9374555349349976,0.03910848870873451,0.9447011947631836,0.9304717779159546,10.664831161499023,4.014016151428223,289.0,6.6117072105407715,,,,,,,,,,,,
0,,,1019,2.0,0.9855999946594238,0.864430844783783,0.030734833329916,0.9116840362548828,0.8274452686309814,28.310718536376953,3.69390606880188,242.0,24.586076736450195,,,,,,,,,,,,
0,,,1029,2.0,0.982200026512146,0.9692190885543823,0.04186174273490906,0.9801731109619141,0.9590742588043213,5.224445819854736,3.7648158073425293,940.0,1.417768120765686,,,,,,,,,,,,
0,,,1039,2.0,0.977400004863739,0.9045701026916504,0.05344318971037865,0.9482370018959045,0.8697301149368286,6.079503536224365,4.460842132568359,544.0,1.5652185678482056,,,,,,,,,,,,
0,,,1049,2.0,0.9840999841690063,0.9186993837356567,0.038883015513420105,0.936826229095459,0.9021924138069153,9.819087982177734,3.832458257675171,319.0,5.947747230529785,,,,,,,,,,,,
0,,,1059,2.0,0.9793000221252441,0.9478243589401245,0.045288942754268646,0.9459067583084106,0.9497644305229187,5.558311462402344,3.4858169555664062,748.0,2.027205467224121,,,,,,,,,,,,
0,,,1069,2.0,0.9531000256538391,0.8418651819229126,0.10565737634897232,0.8284531831741333,0.8567482233047485,6.219074249267578,5.157410621643066,461.0,0.9560058116912842,,,,,,,,,,,,
0,,,1079,2.0,0.9843000173568726,0.8699455857276917,0.03186050057411194,0.8705213069915771,0.8693718314170837,6.514686584472656,4.385015487670898,236.0,2.0978105068206787,,,,,,,,,,,,
0,,,1089,2.0,0.9811000227928162,0.8715577125549316,0.043026942759752274,0.9071105718612671,0.8421931862831116,10.34832763671875,4.794004440307617,351.0,5.51129674911499,,,,,,,,,,,,
0,,,1099,2.0,0.9556000232696533,0.8858909606933594,0.10857225209474564,0.861304521560669,0.9156596064567566,30.900554656982422,4.419701099395752,786.0,26.372282028198242,,,,,,,,,,,,
0,,,1109,2.0,0.9663000106811523,0.9204181432723999,0.08545099198818207,0.8914708495140076,0.9562969207763672,7.700509548187256,3.7686805725097656,667.0,3.8463780879974365,,,,,,,,,,,,
0,,,1119,2.0,0.9854999780654907,0.9694054126739502,0.035538624972105026,0.9721585512161255,0.9666987657546997,5.775524139404297,3.1941840648651123,799.0,2.5458014011383057,,,,,,,,,,,,
0,,,1129,2.0,0.9782999753952026,0.954901397228241,0.05066841095685959,0.9544933438301086,0.955310583114624,16.89855194091797,3.6121537685394287,827.0,13.235729217529297,,,,,,,,,,,,
0,,,1139,2.0,0.9653000235557556,0.8354851007461548,0.09908423572778702,0.8563913106918335,0.8172324895858765,24.224803924560547,4.679189682006836,393.0,19.446529388427734,,,,,,,,,,,,
0,,,1149,2.0,0.9884999990463257,0.8254342079162598,0.037160299718379974,0.915084958076477,0.7685359716415405,15.185766220092773,5.664207935333252,154.0,9.484397888183594,,,,,,,,,,,,
0,,,1159,2.0,0.9851999878883362,0.9675819873809814,0.038950834423303604,0.9642934203147888,0.9709382653236389,6.807318210601807,3.5325586795806885,1228.0,3.2358086109161377,,,,,,,,,,,,
0,,,1169,2.0,0.9871000051498413,0.8237914443016052,0.029716959223151207,0.7831562757492065,0.8789734840393066,36.856082916259766,4.184840679168701,123.0,32.64152526855469,,,,,,,,,,,,
0,,,1179,2.0,0.9711999893188477,0.9133011102676392,0.06724891811609268,0.9116824269294739,0.9149361252784729,18.83270263671875,4.634718418121338,527.0,14.13073444366455,,,,,,,,,,,,
0,,,1189,2.0,0.982699990272522,0.9563601016998291,0.05991720035672188,0.9707114696502686,0.9431275129318237,7.23307991027832,3.671553373336792,757.0,3.5016095638275146,,,,,,,,,,,,
0,,,1199,2.0,0.9778000116348267,0.9500091075897217,0.052544966340065,0.9606270790100098,0.9400586485862732,18.07234001159668,3.9823389053344727,1206.0,14.037455558776855,,,,,,,,,,,,
0,,,1209,2.0,0.982200026512146,0.9271957874298096,0.04376356676220894,0.9071147441864014,0.9497721195220947,13.779781341552734,3.9600918292999268,571.0,9.775925636291504,,,,,,,,,,,,
0,,,1219,2.0,0.9911999702453613,0.9766287803649902,0.02007528394460678,0.9929143190383911,0.9616808891296387,4.03150749206543,3.188098192214966,843.0,0.8233338594436646,,,,,,,,,,,,
0,,,1229,2.0,0.954200029373169,0.9479056596755981,0.11107542365789413,0.9629498720169067,0.9365905523300171,20.252761840820312,3.9266583919525146,1810.0,16.215028762817383,,,,,,,,,,,,
0,,,1239,2.0,0.9750000238418579,0.9192953109741211,0.06535997241735458,0.9046700596809387,0.9353129267692566,37.0317268371582,3.856166362762451,576.0,33.110198974609375,,,,,,,,,,,,
0,,,1249,2.0,0.9901000261306763,0.9781239032745361,0.022564101964235306,0.9899354577064514,0.9670881032943726,3.7328171730041504,3.3243250846862793,1104.0,0.38592782616615295,,,,,,,,,,,,
0,,,1259,2.0,0.9866999983787537,0.9116097688674927,0.03402829170227051,0.9214417338371277,0.9022678136825562,11.018152236938477,4.139098644256592,260.0,6.845024585723877,,,,,,,,,,,,
0,,,1269,2.0,0.9884999990463257,0.729651927947998,0.029517754912376404,0.7623737454414368,0.7043846249580383,4.5424113273620605,4.361133575439453,61.0,0.15175993740558624,,,,,,,,,,,,
0,,,1279,2.0,0.9934999942779541,0.8657017946243286,0.01635734923183918,0.8397437334060669,0.8961060643196106,9.941473960876465,3.927563428878784,95.0,5.997552871704102,,,,,,,,,,,,
0,,,1289,2.0,0.9810000061988831,0.8939518928527832,0.04815930873155594,0.8667675852775574,0.9261267185211182,7.090210437774658,3.5325002670288086,270.0,3.5095508098602295,,,,,,,,,,,,
0,,,1299,2.0,0.9668999910354614,0.9431055784225464,0.09428133070468903,0.9391299486160278,0.9472092390060425,13.854681968688965,3.4844512939453125,1054.0,10.275949478149414,,,,,,,,,,,,
0,,,1309,2.0,0.984000027179718,0.9340890645980835,0.03585956245660782,0.9614859819412231,0.9102243185043335,14.65814208984375,4.3693060874938965,573.0,10.252976417541504,,,,,,,,,,,,
0,,,1319,2.0,0.9901000261306763,0.9189974665641785,0.02509012259542942,0.9222361445426941,0.9158117771148682,3.465038776397705,2.9965972900390625,289.0,0.4433511793613434,,,,,,,,,,,,
0,,,1329,2.0,0.9789999723434448,0.9427825212478638,0.05345417931675911,0.9408737421035767,0.9447131156921387,22.956035614013672,4.660726547241211,856.0,18.241853713989258,,,,,,,,,,,,
0,,,1339,2.0,0.9855999946594238,0.9138556122779846,0.03845292702317238,0.9606118202209473,0.8764808177947998,10.244518280029297,3.8147292137145996,448.0,6.391335964202881,,,,,,,,,,,,
0,,,1349,2.0,0.9829999804496765,0.8525222539901733,0.03957032784819603,0.8095908164978027,0.9107560515403748,9.515419006347656,4.441244125366211,136.0,5.034604549407959,,,,,,,,,,,,
0,,,1359,2.0,0.9860000014305115,0.976389467716217,0.036688338965177536,0.9868156909942627,0.9667037725448608,4.60122537612915,3.440108299255371,1568.0,1.1244287490844727,,,,,,,,,,,,
0,,,1369,2.0,0.9767000079154968,0.9639238119125366,0.067599818110466,0.9690761566162109,0.9589851498603821,17.7596435546875,4.732260227203369,1995.0,12.959784507751465,,,,,,,,,,,,
0,,,1379,2.0,0.953000009059906,0.9257510900497437,0.11536998301744461,0.9354445934295654,0.916843831539154,13.467529296875,3.750202178955078,1282.0,9.601957321166992,,,,,,,,,,,,
0,,,1389,2.0,0.9749000072479248,0.9528928995132446,0.057880956679582596,0.9621291756629944,0.9442223906517029,6.393562316894531,3.683938980102539,1099.0,2.651742458343506,,,,,,,,,,,,
0,,,1399,2.0,0.9789000153541565,0.9721359014511108,0.05287694185972214,0.9842382669448853,0.9614613056182861,4.359989643096924,3.398686408996582,1478.0,0.9084264636039734,,,,,,,,,,,,
0,,,1409,2.0,0.9919999837875366,0.9373257160186768,0.019614340737462044,0.9617501497268677,0.9155269861221313,10.325679779052734,6.3116679191589355,305.0,3.9943978786468506,,,,,,,,,,,,
0,,,1419,2.0,0.9886000156402588,0.9733179807662964,0.02941686101257801,0.9829716682434082,0.9641799926757812,4.051262378692627,3.596343994140625,1213.0,0.42550140619277954,,,,,,,,,,,,
0,,,1429,2.0,0.9606999754905701,0.8863112926483154,0.09515588730573654,0.8548662662506104,0.9262280464172363,12.399409294128418,4.530420303344727,695.0,7.773833274841309,,,,,,,,,,,,
0,,,1439,2.0,0.9930999875068665,0.9765223264694214,0.018893014639616013,0.9806525707244873,0.9724770784378052,5.077286243438721,3.4326956272125244,710.0,1.6256974935531616,,,,,,,,,,,,
0,,,1449,2.0,0.9722999930381775,0.8449224233627319,0.07258128374814987,0.8727993965148926,0.8213614225387573,10.117877960205078,5.80462121963501,383.0,4.24067497253418,,,,,,,,,,,,
0,,,1459,2.0,0.9476000070571899,0.9276407957077026,0.16675227880477905,0.9155408143997192,0.9416676759719849,22.04371452331543,3.792731285095215,1837.0,18.084230422973633,,,,,,,,,,,,
0,,,1469,2.0,0.9959999918937683,0.9740206003189087,0.012475612573325634,0.9728907942771912,0.9751562476158142,5.1653571128845215,4.324810028076172,200.0,0.8280717134475708,,,,,,,,,,,,
0,,,1479,2.0,0.9868999719619751,0.9217180013656616,0.0327858068048954,0.920343279838562,0.9231027364730835,26.11748504638672,4.409382343292236,224.0,21.675315856933594,,,,,,,,,,,,
0,,,1489,2.0,0.9857000112533569,0.8990097045898438,0.03238239884376526,0.8873831033706665,0.9114271402359009,10.913232803344727,3.5962061882019043,234.0,7.28464412689209,,,,,,,,,,,,
0,,,1499,2.0,0.9682999849319458,0.9141125082969666,0.07572896778583527,0.8893567323684692,0.9435208439826965,10.738962173461914,4.185183525085449,725.0,6.478050231933594,,,,,,,,,,,,
0,,,1509,2.0,0.984000027179718,0.8785567283630371,0.0392790287733078,0.8851032257080078,0.8722476959228516,3.9842562675476074,3.6106505393981934,291.0,0.33432668447494507,,,,,,,,,,,,
0,,,1519,2.0,0.9664999842643738,0.9097788333892822,0.08258192241191864,0.9149386882781982,0.9047858715057373,6.360452175140381,4.167177200317383,939.0,2.1106929779052734,,,,,,,,,,,,
0,,,1529,2.0,0.989799976348877,0.9684211015701294,0.026974741369485855,0.9777133464813232,0.9595667719841003,4.324517250061035,3.151418924331665,721.0,1.1461237668991089,,,,,,,,,,,,
0,,,1539,2.0,0.9882000088691711,0.9679048657417297,0.029864730313420296,0.9740810394287109,0.9619337320327759,4.417247295379639,3.198930025100708,732.0,1.1884526014328003,,,,,,,,,,,,
0,,,1549,2.0,0.9750000238418579,0.9516417384147644,0.0636521577835083,0.9485187530517578,0.9548338651657104,13.735081672668457,4.1426286697387695,1141.0,9.528800964355469,,,,,,,,,,,,
0,,,1559,2.0,0.9771999716758728,0.8912623524665833,0.05821232125163078,0.8494341373443604,0.9467498064041138,75.9176025390625,3.695878028869629,427.0,72.16351318359375,,,,,,,,,,,,
0,,,1569,2.0,0.9815999865531921,0.9214933514595032,0.042920853942632675,0.920864999294281,0.922123908996582,21.146211624145508,4.1692352294921875,440.0,16.93405532836914,,,,,,,,,,,,
0,,,1579,2.0,0.972599983215332,0.8342759013175964,0.062155842781066895,0.8020304441452026,0.875447154045105,9.358283996582031,4.476297855377197,364.0,4.819830417633057,,,,,,,,,,,,
0,,,1589,2.0,0.9779999852180481,0.9336410760879517,0.0626087412238121,0.9535496830940247,0.9158072471618652,11.17376708984375,4.735949993133545,664.0,6.375207901000977,,,,,,,,,,,,
0,,,1599,2.0,0.9747999906539917,0.9454345703125,0.06488887965679169,0.944025993347168,0.9468562602996826,7.2395429611206055,4.808846950531006,1009.0,2.365806818008423,,,,,,,,,,,,
0,,,1609,2.0,0.9761000275611877,0.9614164233207703,0.054857466369867325,0.962246298789978,0.9605919718742371,4.635624408721924,3.6029138565063477,1262.0,0.9778530597686768,,,,,,,,,,,,
0,,,1619,2.0,0.9889000058174133,0.9383572340011597,0.028418462723493576,0.9534648656845093,0.9243301153182983,6.730331897735596,5.057614326477051,386.0,1.6442991495132446,,,,,,,,,,,,
0,,,1629,2.0,0.9697999954223633,0.9503390789031982,0.0737193152308464,0.9716426730155945,0.9321655035018921,6.302037715911865,4.048488140106201,1856.0,2.1798300743103027,,,,,,,,,,,,
0,,,1639,2.0,0.9886999726295471,0.9437650442123413,0.028352484107017517,0.9776405096054077,0.9148881435394287,9.533926010131836,4.283516883850098,297.0,5.2220563888549805,,,,,,,,,,,,
0,,,1649,2.0,0.9824000000953674,0.9445483684539795,0.04045828431844711,0.9277908802032471,0.9630447626113892,10.188581466674805,3.3830008506774902,574.0,6.765121936798096,,,,,,,,,,,,
0,,,1659,2.0,0.9811999797821045,0.8826547861099243,0.04835546389222145,0.8605389595031738,0.9080260992050171,29.814556121826172,3.760624408721924,251.0,26.005577087402344,,,,,,,,,,,,
0,,,1669,2.0,0.9492999911308289,0.9217299818992615,0.19462619721889496,0.9054489135742188,0.9409977197647095,14.856167793273926,5.26007604598999,1870.0,9.40146541595459,,,,,,,,,,,,
0,,,1679,2.0,0.9833999872207642,0.9413983225822449,0.04330017790198326,0.9403460025787354,0.9424567818641663,24.521076202392578,3.823962688446045,551.0,20.6538143157959,,,,,,,,,,,,
0,,,1689,2.0,0.987500011920929,0.977795422077179,0.028542883694171906,0.9867013692855835,0.9694082140922546,11.12165355682373,3.6278231143951416,1607.0,7.465287685394287,,,,,,,,,,,,
0,,,1699,2.0,0.9828000068664551,0.9140208959579468,0.04577912762761116,0.9359999895095825,0.8944112658500671,21.200458526611328,4.803891181945801,319.0,16.350788116455078,,,,,,,,,,,,
0,,,1709,2.0,0.9778000116348267,0.8953651189804077,0.05631210282444954,0.8973613977432251,0.8933917284011841,11.404342651367188,4.448466777801514,483.0,6.899564266204834,,,,,,,,,,,,
0,,,1719,2.0,0.9803000092506409,0.890377402305603,0.04817146062850952,0.8971980810165405,0.883814811706543,40.13776397705078,4.693037509918213,437.0,35.39655303955078,,,,,,,,,,,,
0,,,1729,2.0,0.9857000112533569,0.8796725273132324,0.035757970064878464,0.8731962442398071,0.8863959312438965,6.071619987487793,5.643240451812744,201.0,0.39262157678604126,,,,,,,,,,,,
0,,,1739,2.0,0.9843000173568726,0.8839495182037354,0.03977730870246887,0.892048716545105,0.8762064576148987,14.322229385375977,5.552407264709473,191.0,8.730045318603516,,,,,,,,,,,,
0,,,1749,2.0,0.9843000173568726,0.936905026435852,0.04960864037275314,0.9557710886001587,0.9197804927825928,12.252561569213867,6.425808429718018,687.0,5.777144432067871,,,,,,,,,,,,
0,,,1759,2.0,0.958299994468689,0.9343372583389282,0.14817088842391968,0.9158210754394531,0.9565201997756958,72.55879974365234,3.545471668243408,1599.0,68.86515808105469,,,,,,,,,,,,
0,,,1769,2.0,0.9876000285148621,0.8207080960273743,0.025461971759796143,0.8189289569854736,0.8225082159042358,4.52585506439209,3.9277398586273193,122.0,0.5726531744003296,,,,,,,,,,,,
0,,,1779,2.0,0.9868000149726868,0.9717581868171692,0.03383718058466911,0.9901137351989746,0.9552662968635559,4.068734645843506,3.43617844581604,1182.0,0.59871906042099,,,,,,,,,,,,
0,,,1789,2.0,0.9764999747276306,0.953159749507904,0.06008736416697502,0.9611468315124512,0.945581316947937,7.137074947357178,3.6724605560302734,1139.0,3.404526948928833,,,,,,,,,,,,
0,,,1799,2.0,0.9843999743461609,0.9635908603668213,0.03545025736093521,0.9726641178131104,0.9549856185913086,3.974297046661377,3.526750087738037,986.0,0.41209667921066284,,,,,,,,,,,,
0,,,1809,2.0,0.9596999883651733,0.8307046890258789,0.12170054018497467,0.8728283643722534,0.7984217405319214,11.339949607849121,5.035172939300537,462.0,6.183075904846191,,,,,,,,,,,,
0,,,1819,2.0,0.9818000197410583,0.9234879016876221,0.0439460389316082,0.9417709112167358,0.9068827629089355,7.649150848388672,4.060514450073242,581.0,3.5446903705596924,,,,,,,,,,,,
0,,,1829,2.0,0.9785000085830688,0.9627789258956909,0.05831383541226387,0.9721496105194092,0.9540157318115234,4.850514888763428,3.2856671810150146,1186.0,1.5065338611602783,,,,,,,,,,,,
0,,,1839,2.0,0.9430999755859375,0.7630540132522583,0.15657803416252136,0.785151481628418,0.7447395324707031,5.142237663269043,4.534328937530518,467.0,0.45133063197135925,,,,,,,,,,,,
0,,,1849,2.0,0.9804999828338623,0.9145627617835999,0.04968080297112465,0.8984178900718689,0.93231600522995,18.188087463378906,3.839114189147949,310.0,14.29929256439209,,,,,,,,,,,,
0,,,1859,2.0,0.9693999886512756,0.8787959814071655,0.10497254878282547,0.9230856895446777,0.8441871404647827,7.312180042266846,4.192859172821045,559.0,3.0143485069274902,,,,,,,,,,,,
0,,,1869,2.0,0.954200029373169,0.8917278051376343,0.10974635183811188,0.9074812531471252,0.8775864839553833,16.399368286132812,5.001760005950928,789.0,11.287860870361328,,,,,,,,,,,,
0,,,1879,2.0,0.993399977684021,0.7783375382423401,0.016455283388495445,0.8934617638587952,0.715939462184906,4.237144947052002,4.0236945152282715,69.0,0.196995347738266,,,,,,,,,,,,
0,,,1889,2.0,0.9860000014305115,0.9732491374015808,0.03307875618338585,0.9854552745819092,0.961954653263092,7.874187469482422,3.9317519664764404,1566.0,3.9093565940856934,,,,,,,,,,,,
0,,,1899,2.0,0.9848999977111816,0.9036529660224915,0.0354248471558094,0.941764235496521,0.8721165060997009,4.824350833892822,4.016495704650879,418.0,0.7724304795265198,,,,,,,,,,,,
0,,,1909,2.0,0.9783999919891357,0.9139726161956787,0.05732766166329384,0.9045330286026001,0.9239515066146851,17.43824005126953,3.97975754737854,556.0,13.401154518127441,,,,,,,,,,,,
0,,,1919,2.0,0.9783999919891357,0.963774561882019,0.05511011183261871,0.9788097143173218,0.950285792350769,10.256316184997559,3.856334924697876,1423.0,6.3448710441589355,,,,,,,,,,,,
0,,,1929,2.0,0.9746999740600586,0.8725042343139648,0.07940270751714706,0.9103723764419556,0.8417874574661255,26.839767456054688,4.552138805389404,299.0,22.20822525024414,,,,,,,,,,,,
0,,,1939,2.0,0.9697999954223633,0.8940204381942749,0.07211869955062866,0.895902156829834,0.8921605348587036,8.201921463012695,3.875911235809326,626.0,4.253891944885254,,,,,,,,,,,,
0,,,1949,2.0,0.9631999731063843,0.9211667776107788,0.09018360823392868,0.9361366629600525,0.9076209664344788,27.4326171875,5.231077671051025,823.0,22.11135482788086,,,,,,,,,,,,
0,,,1959,2.0,0.9858999848365784,0.9707138538360596,0.04140787199139595,0.9893319010734558,0.9540458917617798,6.1696391105651855,3.561089277267456,1410.0,2.5671420097351074,,,,,,,,,,,,
0,,,1969,2.0,0.9733999967575073,0.9594740867614746,0.07505479454994202,0.9788278341293335,0.9429103136062622,10.993839263916016,3.3759138584136963,1724.0,7.542870998382568,,,,,,,,,,,,
0,,,1979,2.0,0.9713000059127808,0.9322255849838257,0.07249916344881058,0.9153808355331421,0.9511274099349976,32.70443344116211,3.82177996635437,923.0,28.81015396118164,,,,,,,,,,,,
0,,,1989,2.0,0.9312999844551086,0.8862073421478271,0.20886476337909698,0.9223837852478027,0.859457790851593,4.8890275955200195,4.324645519256592,1095.0,0.35551732778549194,,,,,,,,,,,,
0,,,1999,2.0,0.9453999996185303,0.8499316573143005,0.12473645061254501,0.8413295745849609,0.8591439723968506,11.57076644897461,4.917283058166504,672.0,6.528746604919434,,,,,,,,,,,,
0,,,2009,2.0,0.9796000123023987,0.9172669053077698,0.048203323036432266,0.9042524099349976,0.9313153624534607,11.227302551269531,4.608919143676758,613.0,6.570180416107178,,,,,,,,,,,,
0,,,2019,2.0,0.9628999829292297,0.8673617839813232,0.08038553595542908,0.8880916833877563,0.8491575717926025,8.775931358337402,5.117985725402832,571.0,3.5775599479675293,,,,,,,,,,,,
0,,,2029,2.0,0.9811999797821045,0.9251242876052856,0.04663710668683052,0.9274840950965881,0.9227950572967529,21.42296600341797,4.4544453620910645,531.0,16.921884536743164,,,,,,,,,,,,
0,,,2039,2.0,0.9775999784469604,0.8633084297180176,0.06490189582109451,0.8428001403808594,0.8867746591567993,7.469433784484863,3.7797818183898926,340.0,3.6247498989105225,,,,,,,,,,,,
0,,,2049,2.0,0.9642999768257141,0.933475911617279,0.10311992466449738,0.9230203628540039,0.9448200464248657,10.00147533416748,3.7935659885406494,1022.0,6.1047892570495605,,,,,,,,,,,,
0,,,2059,2.0,0.9871000051498413,0.9715133905410767,0.027145059779286385,0.9878323078155518,0.9566609859466553,3.896348476409912,3.6402828693389893,1267.0,0.22892054915428162,,,,,,,,,,,,
0,,,2069,2.0,0.960099995136261,0.8364551067352295,0.09755882620811462,0.8606688976287842,0.8158093690872192,13.659605026245117,5.405335903167725,479.0,8.156710624694824,,,,,,,,,,,,
0,,,2079,2.0,0.9692000150680542,0.7436665296554565,0.10025494545698166,0.820189356803894,0.698489248752594,18.194631576538086,5.780521869659424,255.0,12.313854217529297,,,,,,,,,,,,
0,,,2089,2.0,0.9869999885559082,0.8120326995849609,0.034833017736673355,0.8385775089263916,0.7895058393478394,8.594430923461914,4.22996187210083,118.0,4.329636096954346,,,,,,,,,,,,
0,,,2099,2.0,0.9779000282287598,0.8439240455627441,0.05313623696565628,0.8289300203323364,0.8605107069015503,6.43748140335083,3.946516752243042,336.0,2.437828302383423,,,,,,,,,,,,
0,,,2109,2.0,0.9815000295639038,0.9623810648918152,0.05015972629189491,0.9750795960426331,0.9506512880325317,11.847827911376953,3.5136213302612305,899.0,8.28404712677002,,,,,,,,,,,,
0,,,2119,2.0,0.9769999980926514,0.9025935530662537,0.05177190527319908,0.9181690812110901,0.8883143663406372,6.788637638092041,4.272525310516357,405.0,2.4643402099609375,,,,,,,,,,,,
0,,,2129,2.0,0.9853000044822693,0.8623415231704712,0.036948367953300476,0.836847722530365,0.8923598527908325,7.607879638671875,3.9484801292419434,138.0,3.622451066970825,,,,,,,,,,,,
0,,,2139,2.0,0.9731000065803528,0.9524166584014893,0.06228630244731903,0.9590106010437012,0.9461313486099243,6.376240253448486,4.337405204772949,1179.0,1.9765485525131226,,,,,,,,,,,,
0,,,2149,2.0,0.9847999811172485,0.7207845449447632,0.03462032601237297,0.713181734085083,0.728978157043457,5.014771461486816,4.918133735656738,70.0,0.06201748922467232,,,,,,,,,,,,
0,,,2159,2.0,0.9872000217437744,0.9643493294715881,0.03037593699991703,0.9858468770980835,0.9451470375061035,4.551384449005127,3.3251891136169434,899.0,1.19581937789917,,,,,,,,,,,,
0,,,2169,2.0,0.9713000059127808,0.8932307958602905,0.06690214574337006,0.8732788562774658,0.9159724116325378,21.80084991455078,4.353957176208496,412.0,17.379989624023438,,,,,,,,,,,,
0,,,2179,2.0,0.9869999885559082,0.9742403626441956,0.02942769229412079,0.9851915836334229,0.9640090465545654,6.443592548370361,3.711822032928467,1396.0,2.7023427486419678,,,,,,,,,,,,
0,,,2189,2.0,0.9842000007629395,0.9597169160842896,0.03247939795255661,0.9810551404953003,0.9407346248626709,3.9222071170806885,3.437915802001953,1105.0,0.45181211829185486,,,,,,,,,,,,
0,,,2199,2.0,0.9872000217437744,0.9222376346588135,0.03145044669508934,0.9482808113098145,0.8993250131607056,14.576639175415039,4.695830821990967,254.0,9.849357604980469,,,,,,,,,,,,
0,,,2209,2.0,0.9883999824523926,0.9269264936447144,0.03064914606511593,0.9566672444343567,0.9011455774307251,7.3393754959106445,3.7220427989959717,430.0,3.586683750152588,,,,,,,,,,,,
0,,,2219,2.0,0.978600025177002,0.8815145492553711,0.05627749487757683,0.9017757177352905,0.8634201288223267,32.85704040527344,4.985233306884766,378.0,27.81553077697754,,,,,,,,,,,,
0,,,2229,2.0,0.9912999868392944,0.7935762405395508,0.021083679050207138,0.8673104047775269,0.7449795007705688,6.754336357116699,4.551382064819336,75.0,2.181870222091675,,,,,,,,,,,,
0,,,2239,2.0,0.9908999800682068,0.924618124961853,0.026957940310239792,0.9447196125984192,0.9063732624053955,10.313278198242188,3.696300745010376,222.0,6.590019702911377,,,,,,,,,,,,
0,,,2249,2.0,0.9854999780654907,0.8172876834869385,0.05221153050661087,0.8837298154830933,0.7712141275405884,5.6988139152526855,3.512021780014038,148.0,2.134580612182617,,,,,,,,,,,,
0,,,2259,2.0,0.9882000088691711,0.9617018103599548,0.029422631487250328,0.9756629467010498,0.9487087726593018,3.8407187461853027,3.4683046340942383,798.0,0.3429916501045227,,,,,,,,,,,,
0,,,2269,2.0,0.984499990940094,0.9731903076171875,0.036897845566272736,0.9798297882080078,0.9668540358543396,4.384638786315918,3.0693094730377197,1601.0,1.2784315347671509,,,,,,,,,,,,
0,,,2279,2.0,0.9758999943733215,0.9209691882133484,0.064034603536129,0.9406896829605103,0.9033013582229614,9.8209228515625,4.656192779541016,667.0,5.1006951332092285,,,,,,,,,,,,
0,,,2289,2.0,0.9740999937057495,0.8810069561004639,0.06186217814683914,0.9045613408088684,0.8604090213775635,7.8465118408203125,5.178901195526123,496.0,2.605748414993286,,,,,,,,,,,,
0,,,2299,2.0,0.9883000254631042,0.9400650262832642,0.02862265333533287,0.9249062538146973,0.9565029740333557,7.886926174163818,3.682760715484619,317.0,4.175542831420898,,,,,,,,,,,,
0,,,2309,2.0,0.9399999976158142,0.8067233562469482,0.1428755670785904,0.8270137310028076,0.7894034385681152,29.131755828857422,4.1102800369262695,481.0,24.87860107421875,,,,,,,,,,,,
0,,,2319,2.0,0.9746000170707703,0.910009503364563,0.05466536432504654,0.8999810218811035,0.9206736087799072,49.66889572143555,4.717191696166992,456.0,44.897037506103516,,,,,,,,,,,,
0,,,2329,2.0,0.9725000262260437,0.897039532661438,0.06719323992729187,0.9372603297233582,0.8647171258926392,7.090633392333984,5.112044334411621,754.0,1.9113962650299072,,,,,,,,,,,,
0,,,2339,2.0,0.9904000163078308,0.9727253317832947,0.022130193188786507,0.9815813302993774,0.9642744064331055,4.399420738220215,3.230775833129883,904.0,1.146514654159546,,,,,,,,,,,,
0,,,2349,2.0,0.9836999773979187,0.7099012136459351,0.035428088158369064,0.8358860015869141,0.6541842818260193,7.763401985168457,4.891563415527344,147.0,2.8364107608795166,,,,,,,,,,,,
0,,,2359,2.0,0.9879999756813049,0.9719533920288086,0.034731678664684296,0.9836890697479248,0.9609739780426025,6.6938796043396,4.05219841003418,874.0,2.6069493293762207,,,,,,,,,,,,
0,,,2369,2.0,0.9761000275611877,0.9418846368789673,0.05908763408660889,0.9407345056533813,0.9430429935455322,9.303186416625977,3.944714307785034,1140.0,5.299385070800781,,,,,,,,,,,,
0,,,2379,2.0,0.9940999746322632,0.947176992893219,0.016947871074080467,0.9588109850883484,0.9361547231674194,5.222450256347656,4.181889057159424,237.0,1.023613691329956,,,,,,,,,,,,
0,,,2389,2.0,0.9772999882698059,0.8980256915092468,0.05300452932715416,0.8964563608169556,0.8996095061302185,8.467246055603027,4.6019206047058105,348.0,3.8123204708099365,,,,,,,,,,,,
0,,,2399,2.0,0.9578999876976013,0.8643116354942322,0.09710238873958588,0.8373148441314697,0.8975510597229004,14.583585739135742,4.7674665451049805,485.0,9.719017028808594,,,,,,,,,,,,
0,,,2409,2.0,0.9850999712944031,0.9370373487472534,0.0352616012096405,0.9466350078582764,0.9279073476791382,23.91974639892578,4.206657886505127,333.0,19.677825927734375,,,,,,,,,,,,
0,,,2419,2.0,0.9624999761581421,0.8981349468231201,0.09375347942113876,0.8854598999023438,0.9119812846183777,6.100245952606201,4.14072847366333,669.0,1.8657640218734741,,,,,,,,,,,,
0,,,2429,2.0,0.9846000075340271,0.9562468528747559,0.049952466040849686,0.9591928720474243,0.9533489942550659,5.457823753356934,4.3245344161987305,630.0,1.0833369493484497,,,,,,,,,,,,
0,,,2439,2.0,0.992900013923645,0.9759243726730347,0.016623232513666153,0.9873597025871277,0.9651196002960205,4.383970737457275,3.4218921661376953,754.0,0.9454551935195923,,,,,,,,,,,,
0,,,2449,2.0,0.9945999979972839,0.9236252307891846,0.01738314889371395,0.940466582775116,0.9080718755722046,7.6572675704956055,3.46500301361084,150.0,4.174881458282471,,,,,,,,,,,,
0,,,2459,2.0,0.9866999983787537,0.9126789569854736,0.03198404237627983,0.8845365643501282,0.945785403251648,9.144591331481934,3.4002819061279297,231.0,5.712325096130371,,,,,,,,,,,,
0,,,2469,2.0,0.9818000197410583,0.9286920428276062,0.048062585294246674,0.9750834703445435,0.891775369644165,4.083994388580322,3.580979108810425,621.0,0.45495283603668213,,,,,,,,,,,,
0,,,2479,2.0,0.9799000024795532,0.9494553804397583,0.04873448610305786,0.9458116888999939,0.9531806707382202,10.039375305175781,4.262175559997559,937.0,5.728464603424072,,,,,,,,,,,,
0,,,2489,2.0,0.9908999800682068,0.9498671889305115,0.028336741030216217,0.9530308842658997,0.9467524290084839,72.59750366210938,4.654292106628418,477.0,67.91487121582031,,,,,,,,,,,,
0,,,2499,2.0,0.9922999739646912,0.9619513154029846,0.020819811150431633,0.9575151205062866,0.9664862155914307,4.916762351989746,3.323957920074463,412.0,1.5719845294952393,,,,,,,,,,,,
0,,,2509,2.0,0.9940000176429749,0.9848588705062866,0.015820246189832687,0.9930233955383301,0.9770451784133911,4.385013580322266,3.405482053756714,897.0,0.9637113213539124,,,,,,,,,,,,
0,,,2519,2.0,0.9779999852180481,0.9629614949226379,0.051423363387584686,0.9814348220825195,0.9467652440071106,13.659883499145508,3.9109084606170654,1676.0,9.697551727294922,,,,,,,,,,,,
0,,,2529,2.0,0.974399983882904,0.9261849522590637,0.06522620469331741,0.9513919353485107,0.904312252998352,19.502180099487305,5.299615859985352,857.0,14.137338638305664,,,,,,,,,,,,
0,,,2539,2.0,0.9921000003814697,0.976438045501709,0.017969204112887383,0.9906184673309326,0.9632458686828613,4.217362880706787,3.390280246734619,902.0,0.8091136813163757,,,,,,,,,,,,
0,,,2549,2.0,0.9837999939918518,0.9673694968223572,0.03552301600575447,0.985159158706665,0.9514145851135254,4.863706588745117,3.458772897720337,1396.0,1.369410753250122,,,,,,,,,,,,
0,,,2559,2.0,0.994700014591217,0.8742476105690002,0.01581917330622673,0.9574499130249023,0.8171058893203735,5.0440850257873535,4.840388298034668,64.0,0.18787753582000732,,,,,,,,,,,,
0,,,2569,2.0,0.983299970626831,0.9270552396774292,0.03577691689133644,0.9287005662918091,0.9254245758056641,4.623899936676025,3.4582624435424805,561.0,1.129860520362854,,,,,,,,,,,,
0,,,2579,2.0,0.9793999791145325,0.9616815447807312,0.04749010503292084,0.9743577241897583,0.9500325918197632,4.681889533996582,3.6147286891937256,1603.0,1.0196706056594849,,,,,,,,,,,,
0,,,2589,2.0,0.9599999785423279,0.8675965070724487,0.09223271161317825,0.8540292978286743,0.8825494647026062,18.821727752685547,3.9481332302093506,599.0,14.781362533569336,,,,,,,,,,,,
0,,,2599,2.0,0.9861000180244446,0.9285324215888977,0.045014169067144394,0.9673107266426086,0.8963423371315002,4.464594841003418,4.175792217254639,297.0,0.24378809332847595,,,,,,,,,,,,
0,,,2609,2.0,0.9825999736785889,0.9634318351745605,0.052765313535928726,0.9822508096694946,0.9466226100921631,4.317580223083496,3.8172125816345215,1228.0,0.4476022720336914,,,,,,,,,,,,
0,,,2619,2.0,0.9761999845504761,0.9126256108283997,0.05493715777993202,0.9602482318878174,0.8753821849822998,11.452198028564453,4.152554512023926,500.0,7.244706630706787,,,,,,,,,,,,
0,,,2629,2.0,0.9825999736785889,0.9720156192779541,0.04086071625351906,0.9819036722183228,0.9628376960754395,5.110036849975586,3.2887723445892334,1757.0,1.7804036140441895,,,,,,,,,,,,
0,,,2639,2.0,0.9805999994277954,0.9542365074157715,0.04712842032313347,0.9605358839035034,0.9481704235076904,5.068627834320068,3.591508150100708,913.0,1.4299911260604858,,,,,,,,,,,,
0,,,2649,2.0,0.9793000221252441,0.9204543828964233,0.049929179251194,0.9630870819091797,0.8861252665519714,9.09146499633789,4.108151912689209,695.0,4.933383941650391,,,,,,,,,,,,
0,,,2659,2.0,0.9927999973297119,0.9317291975021362,0.019730323925614357,0.9512041807174683,0.9139593839645386,6.8351545333862305,4.517215251922607,161.0,2.2982091903686523,,,,,,,,,,,,
0,,,2669,2.0,0.989300012588501,0.8683526515960693,0.02593335323035717,0.8837717175483704,0.8541818261146545,6.398677825927734,3.7925984859466553,172.0,2.580145835876465,,,,,,,,,,,,
0,,,2679,2.0,0.9846000075340271,0.918171763420105,0.031022662296891212,0.9028205275535583,0.9349081516265869,5.346142768859863,4.222051620483398,366.0,1.0930683612823486,,,,,,,,,,,,
0,,,2689,2.0,0.9674999713897705,0.8974432945251465,0.07273692637681961,0.8955883979797363,0.8993201851844788,12.91884994506836,4.139341831207275,502.0,8.706771850585938,,,,,,,,,,,,
0,,,2699,2.0,0.9740999937057495,0.9307198524475098,0.06057804077863693,0.9461854696273804,0.9165956974029541,8.317432403564453,4.125380992889404,590.0,4.131473064422607,,,,,,,,,,,,
0,,,2709,2.0,0.9692000150680542,0.9622052311897278,0.07377468049526215,0.9597132205963135,0.9647890329360962,17.407373428344727,4.312168121337891,1951.0,13.021430015563965,,,,,,,,,,,,
0,,,2719,2.0,0.9904999732971191,0.9756921529769897,0.023524152114987373,0.9892975091934204,0.963047981262207,4.879354000091553,3.0280652046203613,928.0,1.8277647495269775,,,,,,,,,,,,
0,,,2729,2.0,0.982699990272522,0.9649633169174194,0.04249872639775276,0.9702788591384888,0.9598246812820435,6.474530220031738,2.996281385421753,1070.0,3.4357497692108154,,,,,,,,,,,,
0,,,2739,2.0,0.9815000295639038,0.9227368831634521,0.047020073980093,0.9358189105987549,0.9105395078659058,12.2423677444458,4.027740478515625,611.0,8.167607307434082,,,,,,,,,,,,
0,,,2749,2.0,0.9682000279426575,0.819586992263794,0.08709274232387543,0.861947774887085,0.7870396971702576,7.310089111328125,4.788822174072266,331.0,2.4341742992401123,,,,,,,,,,,,
0,,,2759,2.0,0.972100019454956,0.9519152641296387,0.07189803570508957,0.9514116048812866,0.9524208307266235,5.167963027954102,3.565415143966675,1211.0,1.5306499004364014,,,,,,,,,,,,
0,,,2769,2.0,0.9850000143051147,0.9787996411323547,0.039207231253385544,0.98101806640625,0.9766262173652649,5.480219841003418,3.9321608543395996,1575.0,1.5088520050048828,,,,,,,,,,,,
0,,,2779,2.0,0.9902999997138977,0.9723272323608398,0.023025359958410263,0.9747318029403687,0.9699535369873047,8.263379096984863,3.471683979034424,949.0,4.768669605255127,,,,,,,,,,,,
0,,,2789,2.0,0.9889000058174133,0.9805282950401306,0.025776199996471405,0.9878970384597778,0.9735198616981506,7.576996803283691,3.530172109603882,909.0,4.021048545837402,,,,,,,,,,,,
0,,,2799,2.0,0.9879999756813049,0.876441478729248,0.03173229843378067,0.8720763325691223,0.8809168934822083,5.2242302894592285,4.3641357421875,211.0,0.8283626437187195,,,,,,,,,,,,
0,,,2809,2.0,0.9812999963760376,0.8528527021408081,0.04504934325814247,0.8523346781730652,0.85337233543396,5.507110595703125,5.008518695831299,257.0,0.45354288816452026,,,,,,,,,,,,
0,,,2819,2.0,0.9817000031471252,0.7800315618515015,0.03590904921293259,0.722326934337616,0.8827552795410156,5.057864189147949,4.242649078369141,99.0,0.7793056964874268,,,,,,,,,,,,
0,,,2829,2.0,0.9860000014305115,0.7186775803565979,0.03144625201821327,0.7836613059043884,0.6785628795623779,4.751908302307129,4.44551944732666,86.0,0.274942547082901,,,,,,,,,,,,
0,,,2839,2.0,0.9836000204086304,0.9059880971908569,0.036315493285655975,0.9173265695571899,0.8953160047531128,17.28942108154297,3.714582920074463,293.0,13.538522720336914,,,,,,,,,,,,
0,,,2849,2.0,0.9681000113487244,0.8448325395584106,0.11153542250394821,0.8189213275909424,0.876206636428833,11.202299118041992,4.324710369110107,413.0,6.766053199768066,,,,,,,,,,,,
0,,,2859,2.0,0.9739000201225281,0.8326818943023682,0.06919623166322708,0.8934135437011719,0.7895305156707764,7.111516952514648,4.818376541137695,318.0,2.2239444255828857,,,,,,,,,,,,
0,,,2869,2.0,0.921500027179718,0.7889466285705566,0.17845910787582397,0.8865688443183899,0.7390169501304626,11.82785415649414,5.506411552429199,1048.0,6.1429829597473145,,,,,,,,,,,,
0,,,2879,2.0,0.9580000042915344,0.9449138045310974,0.10235688835382462,0.9373269081115723,0.9532721042633057,12.044499397277832,4.147333145141602,2150.0,7.794809341430664,,,,,,,,,,,,
0,,,2889,2.0,0.9879000186920166,0.9681183695793152,0.02792123705148697,0.9675363898277283,0.9687022566795349,6.144220352172852,4.066317081451416,774.0,2.0499823093414307,,,,,,,,,,,,
0,,,2899,2.0,0.9783999919891357,0.9341976642608643,0.04692462831735611,0.9196652770042419,0.9500720500946045,4.735015392303467,3.316410541534424,787.0,1.3716801404953003,,,,,,,,,,,,
0,,,2909,2.0,0.9921000003814697,0.9158557653427124,0.023896703496575356,0.9116841554641724,0.9201177358627319,11.019716262817383,3.2642087936401367,175.0,7.731611251831055,,,,,,,,,,,,
0,,,2919,2.0,0.9944999814033508,0.8499635457992554,0.018883774057030678,0.8305217623710632,0.8718987703323364,4.179306983947754,4.050903797149658,71.0,0.10951955616474152,,,,,,,,,,,,
0,,,2929,2.0,0.9718000292778015,0.955123245716095,0.08172856271266937,0.9592543840408325,0.9511289596557617,4.819424152374268,3.425337791442871,1835.0,1.312357783317566,,,,,,,,,,,,
0,,,2939,2.0,0.982200026512146,0.9294956922531128,0.041490498930215836,0.9441850185394287,0.9159058332443237,9.784915924072266,4.299657344818115,501.0,5.443767547607422,,,,,,,,,,,,
0,,,2949,2.0,0.9908000230789185,0.9723860025405884,0.020623745396733284,0.9789835214614868,0.9660123586654663,8.465570449829102,3.45644211769104,879.0,4.988504409790039,,,,,,,,,,,,
0,,,2959,2.0,0.9901999831199646,0.9749544858932495,0.027178017422556877,0.9887209534645081,0.9621734619140625,13.97667121887207,3.507988214492798,1064.0,10.441505432128906,,,,,,,,,,,,
0,,,2969,2.0,0.9804999828338623,0.9435895681381226,0.04688834026455879,0.9663671255111694,0.9234603643417358,10.974481582641602,5.423748970031738,743.0,5.503844738006592,,,,,,,,,,,,
0,,,2979,2.0,0.9851999878883362,0.9748119115829468,0.044789258390665054,0.9809659123420715,0.9689222574234009,10.835892677307129,3.510638475418091,1042.0,7.280465126037598,,,,,,,,,,,,
0,,,2989,2.0,0.9605000019073486,0.8594634532928467,0.08713168650865555,0.8314696550369263,0.8941178321838379,22.018754959106445,5.003513336181641,528.0,16.928110122680664,,,,,,,,,,,,
0,,,2999,2.0,0.9768999814987183,0.9560118317604065,0.061173658818006516,0.9544643759727478,0.9575760364532471,5.999058246612549,3.3927860260009766,951.0,2.5450985431671143,,,,,,,,,,,,
0,,,3009,2.0,0.9890999794006348,0.9512659311294556,0.03248443827033043,0.9509106874465942,0.9516217708587646,7.780097007751465,3.7189595699310303,472.0,4.028653144836426,,,,,,,,,,,,
0,,,3019,2.0,0.9873999953269958,0.9692584276199341,0.02937292866408825,0.9706714153289795,0.9678569436073303,3.894132614135742,3.1305832862854004,845.0,0.7341762781143188,,,,,,,,,,,,
0,,,3029,2.0,0.9882000088691711,0.9286297559738159,0.02987941913306713,0.9592939615249634,0.9021593928337097,4.712155342102051,3.3383662700653076,358.0,1.3439099788665771,,,,,,,,,,,,
0,,,3039,2.0,0.9937000274658203,0.9362538456916809,0.014231327921152115,0.9601947069168091,0.9148056507110596,4.45622444152832,3.6637163162231445,205.0,0.778276801109314,,,,,,,,,,,,
0,,,3049,2.0,0.979200005531311,0.9486737251281738,0.05091051757335663,0.9577981233596802,0.9400277137756348,5.714004993438721,4.344029426574707,1012.0,1.319064974784851,,,,,,,,,,,,
0,,,3059,2.0,0.9800000190734863,0.8578242659568787,0.048537902534008026,0.8559487462043762,0.8597216606140137,10.68543529510498,5.0242390632629395,310.0,5.612658500671387,,,,,,,,,,,,
0,,,3069,2.0,0.9872999787330627,0.9147615432739258,0.04536489397287369,0.935908854007721,0.8957410454750061,6.1236491203308105,4.476924896240234,267.0,1.601359486579895,,,,,,,,,,,,
0,,,3079,2.0,0.9968000054359436,0.9603482484817505,0.010653464123606682,0.9625468254089355,0.9581713676452637,6.9228010177612305,5.8069024085998535,193.0,1.1052451133728027,,,,,,,,,,,,
0,,,3089,2.0,0.9869999885559082,0.949407696723938,0.025865593925118446,0.9657589197158813,0.9343521595001221,6.851861000061035,3.6098923683166504,655.0,3.2161030769348145,,,,,,,,,,,,
0,,,3099,2.0,0.977400004863739,0.8817247152328491,0.049488212913274765,0.8824449777603149,0.8810075521469116,6.016256809234619,5.687316417694092,480.0,0.27945229411125183,,,,,,,,,,,,
0,,,3109,2.0,0.9778000116348267,0.92134690284729,0.05895688012242317,0.9474424123764038,0.898665189743042,5.431938171386719,4.135952472686768,595.0,1.2370284795761108,,,,,,,,,,,,
0,,,3119,2.0,0.9772999882698059,0.9046400785446167,0.05030112713575363,0.8731256127357483,0.9432131052017212,5.58086633682251,3.2383830547332764,522.0,2.292182207107544,,,,,,,,,,,,
0,,,3129,2.0,0.9933000206947327,0.9828015565872192,0.01453254371881485,0.9901100397109985,0.975774884223938,9.391059875488281,3.8696048259735107,828.0,5.506922245025635,,,,,,,,,,,,
0,,,3139,2.0,0.9914000034332275,0.9051265716552734,0.01951814815402031,0.8935533761978149,0.9174424409866333,6.7588677406311035,4.032103061676025,126.0,2.7072463035583496,,,,,,,,,,,,
0,,,3149,2.0,0.9872000217437744,0.9720709323883057,0.029023373499512672,0.9853162169456482,0.9598131775856018,4.646434307098389,3.4133663177490234,1019.0,1.2040445804595947,,,,,,,,,,,,
0,,,3159,2.0,0.9966999888420105,0.894072949886322,0.012445786036550999,0.9016904234886169,0.8867439031600952,4.873339653015137,3.6853439807891846,53.0,1.1755502223968506,,,,,,,,,,,,
0,,,3169,2.0,0.9894000291824341,0.9773633480072021,0.024656182155013084,0.9797594547271729,0.9750016927719116,4.032562255859375,3.1058311462402344,1241.0,0.9020746350288391,,,,,,,,,,,,
0,,,3179,2.0,0.9854000210762024,0.8000442981719971,0.03963305056095123,0.9122337102890015,0.737269937992096,6.142724990844727,4.763857841491699,205.0,1.3392339944839478,,,,,,,,,,,,
0,,,3189,2.0,0.972100019454956,0.931336522102356,0.06358204782009125,0.9378477334976196,0.9250838756561279,5.035588264465332,3.688901662826538,850.0,1.2831045389175415,,,,,,,,,,,,
0,,,3199,2.0,0.9850000143051147,0.8535631895065308,0.03544791042804718,0.8548763990402222,0.8522602319717407,10.113760948181152,3.492292881011963,216.0,6.586020469665527,,,,,,,,,,,,
0,,,3209,2.0,0.9847000241279602,0.9458256959915161,0.044216517359018326,0.9346744418144226,0.9576946496963501,4.6994524002075195,3.022005558013916,661.0,1.633230209350586,,,,,,,,,,,,
0,,,3219,2.0,0.9832000136375427,0.8162121772766113,0.03750695660710335,0.8783431053161621,0.7724121809005737,5.107389450073242,4.336538314819336,174.0,0.7333439588546753,,,,,,,,,,,,
0,,,3229,2.0,0.9682000279426575,0.9058418273925781,0.0809185579419136,0.8800104856491089,0.9367243051528931,11.317479133605957,3.7001917362213135,728.0,7.5363688468933105,,,,,,,,,,,,
0,,,3239,2.0,0.9879999756813049,0.9222475290298462,0.03077477030456066,0.9004207849502563,0.9468739032745361,79.85652923583984,3.4520559310913086,372.0,76.37369537353516,,,,,,,,,,,,
0,,,3249,2.0,0.993399977684021,0.8751932382583618,0.016404427587985992,0.8895480632781982,0.8618896007537842,5.941404819488525,4.127566814422607,77.0,1.7974334955215454,,,,,,,,,,,,
0,,,3259,2.0,0.9847000241279602,0.9262173771858215,0.039384275674819946,0.9295405149459839,0.92295241355896,11.109148979187012,3.7142646312713623,327.0,7.355499744415283,,,,,,,,,,,,
0,,,3269,2.0,0.9679999947547913,0.9579757452011108,0.07539841532707214,0.9745328426361084,0.9441030025482178,11.950973510742188,4.303336143493652,1746.0,7.572238445281982,,,,,,,,,,,,
0,,,3279,2.0,0.9656999707221985,0.9339892864227295,0.08037318289279938,0.9143500328063965,0.9569123983383179,19.759790420532227,4.205226898193359,859.0,15.474189758300781,,,,,,,,,,,,
0,,,3289,2.0,0.9650999903678894,0.9159510135650635,0.10197454690933228,0.9040396213531494,0.9288934469223022,12.776329040527344,3.229236364364624,756.0,9.445117950439453,,,,,,,,,,,,
0,,,3299,2.0,0.989799976348877,0.9838243722915649,0.0247990470379591,0.9897381067276001,0.9781689643859863,3.7791967391967773,3.2927608489990234,1254.0,0.46163684129714966,,,,,,,,,,,,
0,,,3309,2.0,0.9538999795913696,0.8836198449134827,0.13889172673225403,0.8518534898757935,0.9247874617576599,5.710324287414551,3.670206069946289,819.0,1.9012267589569092,,,,,,,,,,,,
0,,,3319,2.0,0.9897000193595886,0.977604866027832,0.024624774232506752,0.9836655855178833,0.9717572927474976,5.171082496643066,4.069955825805664,1277.0,1.0765019655227661,,,,,,,,,,,,
0,,,3329,2.0,0.9758999943733215,0.9192883372306824,0.06072450429201126,0.9317206144332886,0.9077033996582031,12.76510238647461,4.251413345336914,551.0,8.452963829040527,,,,,,,,,,,,
0,,,3339,2.0,0.9922000169754028,0.9776551723480225,0.019072651863098145,0.9890286922454834,0.9669324159622192,4.928154945373535,3.7743916511535645,956.0,1.1346909999847412,,,,,,,,,,,,
0,,,3349,2.0,0.987500011920929,0.9678876399993896,0.03762757405638695,0.9680755734443665,0.9676998257637024,6.071893692016602,3.3040804862976074,843.0,2.7301857471466064,,,,,,,,,,,,
0,,,3359,2.0,0.9912999868392944,0.9369052052497864,0.020267365500330925,0.9316784143447876,0.9422714114189148,5.107359886169434,3.35908579826355,248.0,1.7280070781707764,,,,,,,,,,,,
0,,,3369,2.0,0.9628000259399414,0.9075709581375122,0.09042930603027344,0.9044725894927979,0.9107354879379272,8.456795692443848,4.678338527679443,767.0,3.6880276203155518,,,,,,,,,,,,
0,,,3379,2.0,0.9717000126838684,0.9539264440536499,0.06569698452949524,0.9667593836784363,0.9423010945320129,5.913995742797852,4.2387495040893555,1178.0,1.6095491647720337,,,,,,,,,,,,
0,,,3389,2.0,0.9815000295639038,0.920050859451294,0.04608175531029701,0.9248892068862915,0.9153389930725098,33.94026565551758,4.307169437408447,366.0,29.587013244628906,,,,,,,,,,,,
0,,,3399,2.0,0.926800012588501,0.8941818475723267,0.1838245540857315,0.8869136571884155,0.9021153450012207,17.711292266845703,4.98677921295166,1592.0,12.540687561035156,,,,,,,,,,,,
0,,,3409,2.0,0.9868000149726868,0.786456286907196,0.024421371519565582,0.8479517698287964,0.7440101504325867,6.328555583953857,4.78554630279541,134.0,1.5185881853103638,,,,,,,,,,,,
0,,,3419,2.0,0.9869999885559082,0.9782809019088745,0.03108370676636696,0.9855574369430542,0.9713747501373291,3.4606845378875732,3.1113932132720947,1174.0,0.3182074725627899,,,,,,,,,,,,
0,,,3429,2.0,0.992900013923645,0.785635232925415,0.01937950775027275,0.8403898477554321,0.7463119029998779,5.698052406311035,4.5082902908325195,74.0,1.1703822612762451,,,,,,,,,,,,
0,,,3439,2.0,0.9695000052452087,0.9337690472602844,0.07698158174753189,0.9364215135574341,0.9311631321907043,13.7012939453125,4.0091986656188965,1034.0,9.615114212036133,,,,,,,,,,,,
0,,,3449,2.0,0.9819999933242798,0.7243397235870361,0.03926757723093033,0.732621967792511,0.7166567444801331,4.138740539550781,3.964155435562134,118.0,0.13531756401062012,,,,,,,,,,,,
0,,,3459,2.0,0.9569000005722046,0.8993725776672363,0.10865743458271027,0.9085439443588257,0.890763521194458,7.463532447814941,4.976402759552002,670.0,2.3784725666046143,,,,,,,,,,,,
0,,,3469,2.0,0.989300012588501,0.9318872094154358,0.05136201158165932,0.9629292488098145,0.9050854444503784,14.193068504333496,4.59703254699707,385.0,9.544673919677734,,,,,,,,,,,,
0,,,3479,2.0,0.9821000099182129,0.9011901617050171,0.08556157350540161,0.8591628670692444,0.9561689496040344,7.924735069274902,2.8109731674194336,365.0,5.028200149536133,,,,,,,,,,,,
0,,,3489,2.0,0.9868000149726868,0.9255713224411011,0.03506964072585106,0.9438143372535706,0.9089229702949524,5.772174835205078,4.881801605224609,258.0,0.8553035855293274,,,,,,,,,,,,
0,,,3499,2.0,0.9847999811172485,0.9617623090744019,0.03598587587475777,0.9760328531265259,0.9485860466957092,5.581011772155762,3.4287636280059814,881.0,2.1162619590759277,,,,,,,,,,,,
0,,,3509,2.0,0.973800003528595,0.9029631614685059,0.0628897175192833,0.9102597236633301,0.8959722518920898,10.263629913330078,5.285949230194092,591.0,4.914791584014893,,,,,,,,,,,,
0,,,3519,2.0,0.984499990940094,0.9775679111480713,0.03860306739807129,0.9874309301376343,0.9685077667236328,4.316591262817383,3.5066514015197754,1419.0,0.7713366150856018,,,,,,,,,,,,
0,,,3529,2.0,0.9839000105857849,0.9062416553497314,0.04123392701148987,0.9049543142318726,0.9075380563735962,14.664939880371094,4.044083595275879,265.0,10.579622268676758,,,,,,,,,,,,
0,,,3539,2.0,0.9933000206947327,0.9726932048797607,0.017845293506979942,0.984756350517273,0.9613083600997925,4.762833118438721,4.558528900146484,450.0,0.18645885586738586,,,,,,,,,,,,
0,,,3549,2.0,0.9887999892234802,0.9168695211410522,0.02906688302755356,0.9275180101394653,0.9067806005477905,6.085833549499512,3.8213818073272705,278.0,2.2353851795196533,,,,,,,,,,,,
0,,,3559,2.0,0.991100013256073,0.9239081144332886,0.024687180295586586,0.9372872710227966,0.9113770723342896,7.596524238586426,2.8031013011932373,277.0,4.768735885620117,,,,,,,,,,,,
0,,,3569,2.0,0.9902999997138977,0.9701966047286987,0.025677582249045372,0.957584023475647,0.9837149977684021,4.82620906829834,3.100343942642212,757.0,1.7001875638961792,,,,,,,,,,,,
0,,,3579,2.0,0.9882000088691711,0.8969603776931763,0.028130577877163887,0.8819403648376465,0.913307785987854,10.617883682250977,3.776653528213501,191.0,6.813099384307861,,,,,,,,,,,,
0,,,3589,2.0,0.9884999990463257,0.8994146585464478,0.02754412591457367,0.8898062705993652,0.9095459580421448,15.431875228881836,4.058186054229736,208.0,11.346145629882812,,,,,,,,,,,,
0,,,3599,2.0,0.9861999750137329,0.7618046402931213,0.03501371294260025,0.8523892164230347,0.7092316150665283,5.57879114151001,3.4791643619537354,101.0,2.064613103866577,,,,,,,,,,,,
0,,,3609,2.0,0.9926000237464905,0.968332052230835,0.02067963033914566,0.9866693615913391,0.9515188932418823,5.519435405731201,5.018215179443359,458.0,0.4805409014225006,,,,,,,,,,,,
0,,,3619,2.0,0.9872000217437744,0.9462682008743286,0.030830472707748413,0.9591103196144104,0.934233546257019,6.737870693206787,5.065844535827637,501.0,1.6411956548690796,,,,,,,,,,,,
0,,,3629,2.0,0.9664999842643738,0.9210602641105652,0.09619031101465225,0.9009912014007568,0.944229245185852,8.068988800048828,4.872823238372803,766.0,3.099975347518921,,,,,,,,,,,,
0,,,3639,2.0,0.9811999797821045,0.9281827211380005,0.05839594081044197,0.9183419942855835,0.9385939836502075,10.083312034606934,4.069188117980957,641.0,5.955728054046631,,,,,,,,,,,,
0,,,3649,2.0,0.9959999918937683,0.9661816358566284,0.010986313223838806,0.9830969572067261,0.9504846930503845,3.7886240482330322,3.4209115505218506,272.0,0.3567262589931488,,,,,,,,,,,,
0,,,3659,2.0,0.9819999933242798,0.9210740923881531,0.05821908637881279,0.9409168362617493,0.9031894207000732,7.420038223266602,3.8294005393981934,339.0,3.5324182510375977,,,,,,,,,,,,
0,,,3669,2.0,0.9821000099182129,0.9707870483398438,0.04885851964354515,0.9680433869361877,0.9735901355743408,15.281691551208496,4.0786333084106445,1256.0,11.154199600219727,,,,,,,,,,,,
0,,,3679,2.0,0.9824000000953674,0.9372676014900208,0.05744567885994911,0.9504183530807495,0.9250083565711975,9.664525985717773,3.045870780944824,685.0,6.561209201812744,,,,,,,,,,,,
0,,,3689,2.0,0.9707000255584717,0.9575140476226807,0.06772405654191971,0.9697766900062561,0.946526050567627,5.972842216491699,4.534607410430908,1370.0,1.3705108165740967,,,,,,,,,,,,
0,,,3699,2.0,0.9848999977111816,0.9612082242965698,0.051097322255373,0.9482004642486572,0.9752728939056396,5.841480255126953,2.899829864501953,1028.0,2.8905532360076904,,,,,,,,,,,,
0,,,3709,2.0,0.9384999871253967,0.8858047723770142,0.17154711484909058,0.8681351542472839,0.9066684246063232,36.253082275390625,4.969779968261719,1345.0,31.11175537109375,,,,,,,,,,,,
0,,,3719,2.0,0.9772999882698059,0.8136955499649048,0.0569503977894783,0.9523496627807617,0.7430976629257202,6.616145133972168,4.364985942840576,207.0,2.194208860397339,,,,,,,,,,,,
0,,,3729,2.0,0.9818000197410583,0.9697466492652893,0.048805736005306244,0.9660534858703613,0.9735461473464966,6.443767547607422,4.032479763031006,1784.0,2.3624820709228516,,,,,,,,,,,,
0,,,3739,2.0,0.9876000285148621,0.9562774896621704,0.03374271094799042,0.9686517715454102,0.9446638822555542,4.89108943939209,3.570314645767212,762.0,1.2870322465896606,,,,,,,,,,,,
0,,,3749,2.0,0.9886000156402588,0.9494680762290955,0.027798529714345932,0.947375476360321,0.9515833854675293,8.656230926513672,4.301392078399658,387.0,4.32703971862793,,,,,,,,,,,,
0,,,3759,2.0,0.9865999817848206,0.9300039410591125,0.03436030447483063,0.9152495861053467,0.9459962844848633,18.611112594604492,4.4606523513793945,262.0,14.11609935760498,,,,,,,,,,,,
0,,,3769,2.0,0.9811999797821045,0.8619835376739502,0.045095354318618774,0.8732190132141113,0.8514624834060669,43.101348876953125,5.345093727111816,274.0,37.711158752441406,,,,,,,,,,,,
0,,,3779,2.0,0.98580002784729,0.9687954187393188,0.033282261341810226,0.9759438633918762,0.9619458913803101,4.013619899749756,3.1861987113952637,1092.0,0.7941387891769409,,,,,,,,,,,,
0,,,3789,2.0,0.9869999885559082,0.9527475833892822,0.038100700825452805,0.9434552192687988,0.9625211954116821,10.389162063598633,3.362661838531494,388.0,6.988399505615234,,,,,,,,,,,,
0,,,3799,2.0,0.9470999836921692,0.8755239248275757,0.19133292138576508,0.8903827667236328,0.8621765375137329,11.115169525146484,4.700593948364258,717.0,6.22324275970459,,,,,,,,,,,,
0,,,3809,2.0,0.9886000156402588,0.9805301427841187,0.030233725905418396,0.9887969493865967,0.972725510597229,4.462469100952148,3.2141342163085938,1475.0,1.2181010246276855,,,,,,,,,,,,
0,,,3819,2.0,0.940500020980835,0.8687795400619507,0.1587446928024292,0.8274292945861816,0.9309496879577637,27.137475967407227,4.73114013671875,681.0,22.247591018676758,,,,,,,,,,,,
0,,,3829,2.0,0.9592999815940857,0.9289625883102417,0.09910494834184647,0.9322342276573181,0.9257749319076538,10.799128532409668,5.695850372314453,1228.0,5.004173278808594,,,,,,,,,,,,
0,,,3839,2.0,0.9866999983787537,0.9445348978042603,0.03218818083405495,0.952791690826416,0.9366213083267212,4.2146315574646,3.968034029006958,620.0,0.2144094854593277,,,,,,,,,,,,
0,,,3849,2.0,0.9584000110626221,0.8784617185592651,0.10416380316019058,0.8584399223327637,0.9016831517219543,18.754941940307617,5.437905311584473,759.0,13.212872505187988,,,,,,,,,,,,
0,,,3859,2.0,0.9909999966621399,0.9750885367393494,0.024463403970003128,0.9802030920982361,0.9701122045516968,4.017388820648193,3.1093528270721436,793.0,0.8835723996162415,,,,,,,,,,,,
0,,,3869,2.0,0.9850000143051147,0.9667564630508423,0.03428973630070686,0.9804854989051819,0.954089879989624,4.864656448364258,3.750553607940674,1007.0,1.0798131227493286,,,,,,,,,,,,
0,,,3879,2.0,0.9592000246047974,0.8694096803665161,0.10931838303804398,0.9291951656341553,0.827025830745697,6.134525775909424,4.23268461227417,542.0,1.79252290725708,,,,,,,,,,,,
0,,,3889,2.0,0.9735999703407288,0.9378129839897156,0.07271373271942139,0.9168102741241455,0.9620623588562012,11.087646484375,4.087273597717285,958.0,6.927659511566162,,,,,,,,,,,,
0,,,3899,2.0,0.9782000184059143,0.9138878583908081,0.05162929743528366,0.8882479667663574,0.943949818611145,7.6232194900512695,3.4054718017578125,590.0,4.166118621826172,,,,,,,,,,,,
0,,,3909,2.0,0.9678999781608582,0.937350869178772,0.11950536072254181,0.9236425161361694,0.952548623085022,9.574295043945312,3.1571462154388428,1391.0,6.297643661499023,,,,,,,,,,,,
0,,,3919,2.0,0.9799000024795532,0.9094184637069702,0.050288066267967224,0.9071545600891113,0.9117118120193481,7.138886451721191,4.975667476654053,438.0,2.1129305362701416,,,,,,,,,,,,
0,,,3929,2.0,0.9902999997138977,0.9446834325790405,0.024301083758473396,0.9517134428024292,0.9378924369812012,9.978782653808594,4.790392875671387,326.0,5.164088726043701,,,,,,,,,,,,
0,,,3939,2.0,0.9799000024795532,0.9463704824447632,0.04926135390996933,0.9586642980575562,0.9349086284637451,9.147846221923828,4.017027378082275,982.0,5.081557750701904,,,,,,,,,,,,
0,,,3949,2.0,0.9872999787330627,0.9130370616912842,0.03120308183133602,0.9580630660057068,0.8766858577728271,11.541603088378906,3.9167661666870117,369.0,7.593634128570557,,,,,,,,,,,,
0,,,3959,2.0,0.9814000129699707,0.9546196460723877,0.0584108904004097,0.9591100215911865,0.9502471685409546,6.760532855987549,3.826972723007202,633.0,2.8751492500305176,,,,,,,,,,,,
0,,,3969,2.0,0.9688000082969666,0.9033070802688599,0.11504010111093521,0.8829096555709839,0.926702618598938,17.367420196533203,2.9326112270355225,736.0,14.319769859313965,,,,,,,,,,,,
0,,,3979,2.0,0.9700000286102295,0.839672863483429,0.0679030790925026,0.8805859088897705,0.8075894117355347,7.33056116104126,5.006568908691406,394.0,2.256089210510254,,,,,,,,,,,,
0,,,3989,2.0,0.9818999767303467,0.9213021993637085,0.054300982505083084,0.9209810495376587,0.921623945236206,8.78579044342041,4.273569107055664,570.0,4.457920551300049,,,,,,,,,,,,
0,,,3999,2.0,0.9818000197410583,0.9578199982643127,0.0611954964697361,0.9660194516181946,0.9500112533569336,9.043194770812988,3.5250163078308105,696.0,5.456982612609863,,,,,,,,,,,,
,9.997557473810373e-05,0.0009997557473810372,4000,,,,,,,,,,,,,,,,,,,,,,
1,,,4009,2.0,0.9886999726295471,0.8094241619110107,0.0366869680583477,0.7640097141265869,0.8748301267623901,4.896872043609619,2.8626489639282227,90.0,1.9975361824035645,,,,,,,,,,,,
1,,,4019,2.0,0.9829999804496765,0.8980791568756104,0.042753491550683975,0.9024899005889893,0.8937746286392212,4.915740489959717,3.8588905334472656,320.0,1.0140964984893799,,,,,,,,,,,,
1,,,4029,2.0,0.9882000088691711,0.9128971099853516,0.03686753660440445,0.9270038604736328,0.8997653722763062,8.403848648071289,4.4698052406311035,221.0,3.8971753120422363,,,,,,,,,,,,
1,,,4039,2.0,0.9724000096321106,0.8703471422195435,0.06911437213420868,0.8226761221885681,0.9382986426353455,19.898468017578125,4.328836917877197,380.0,15.500517845153809,,,,,,,,,,,,
1,,,4049,2.0,0.9718000292778015,0.8109643459320068,0.05632106214761734,0.8117356300354004,0.8101973533630371,64.90869140625,5.541293621063232,358.0,59.311073303222656,,,,,,,,,,,,
1,,,4059,2.0,0.9829000234603882,0.7097069621086121,0.04328613355755806,0.7872085571289062,0.6661274433135986,6.548323631286621,4.149762153625488,153.0,2.3552753925323486,,,,,,,,,,,,
1,,,4069,2.0,0.9739000201225281,0.9467723369598389,0.06323885917663574,0.9535584449768066,0.9402838945388794,4.971364498138428,3.7186782360076904,1080.0,1.1894475221633911,,,,,,,,,,,,
1,,,4079,2.0,0.9538999795913696,0.8857645988464355,0.10588915646076202,0.8674399852752686,0.906874418258667,8.505694389343262,4.229605674743652,631.0,4.170199394226074,,,,,,,,,,,,
1,,,4089,2.0,0.9794999957084656,0.8840541839599609,0.04937218502163887,0.8363246917724609,0.9502836465835571,17.64389991760254,3.6203267574310303,206.0,13.974201202392578,,,,,,,,,,,,
1,,,4099,2.0,0.9872999787330627,0.9185847043991089,0.04366119205951691,0.9020793437957764,0.93666011095047,12.499025344848633,4.546136379241943,212.0,7.90922737121582,,,,,,,,,,,,
1,,,4109,2.0,0.9745000004768372,0.9550814032554626,0.05974450707435608,0.9512369632720947,0.9590387940406799,8.83702278137207,4.318021774291992,1296.0,4.459256649017334,,,,,,,,,,,,
1,,,4119,2.0,0.9829999804496765,0.9691375494003296,0.04420569911599159,0.968227207660675,0.9700537919998169,5.195828437805176,4.050762176513672,1317.0,1.1008604764938354,,,,,,,,,,,,
1,,,4129,2.0,0.9894000291824341,0.91444993019104,0.0381331630051136,0.9095050096511841,0.9195253849029541,9.517168998718262,3.8441131114959717,254.0,5.634922504425049,,,,,,,,,,,,
1,,,4139,2.0,0.9921000003814697,0.981044352054596,0.020185358822345734,0.9791157245635986,0.9829943180084229,3.8709828853607178,3.4830679893493652,1061.0,0.3677294850349426,,,,,,,,,,,,
1,,,4149,2.0,0.989799976348877,0.9807828664779663,0.028004785999655724,0.9766213297843933,0.9850610494613647,6.69901180267334,3.672044515609741,1341.0,2.998962163925171,,,,,,,,,,,,
1,,,4159,2.0,0.9722999930381775,0.9160752892494202,0.06684407591819763,0.9341421127319336,0.8998048305511475,7.674717903137207,5.030320644378662,752.0,2.5775535106658936,,,,,,,,,,,,
1,,,4169,2.0,0.9595999717712402,0.832129716873169,0.09783967584371567,0.8162639141082764,0.8500473499298096,23.044513702392578,4.149042129516602,382.0,18.797632217407227,,,,,,,,,,,,
1,,,4179,2.0,0.989300012588501,0.9155550003051758,0.024362962692975998,0.9125144481658936,0.9186444282531738,9.479179382324219,4.955113887786865,267.0,4.499702453613281,,,,,,,,,,,,
1,,,4189,2.0,0.9684000015258789,0.9337902069091797,0.09221726655960083,0.9613710641860962,0.910608172416687,4.702363967895508,3.8856301307678223,1207.0,0.7245166897773743,,,,,,,,,,,,
1,,,4199,2.0,0.9807999730110168,0.9391905069351196,0.04788856953382492,0.9462319016456604,0.9324197769165039,7.043614387512207,5.109886169433594,572.0,1.8858394622802734,,,,,,,,,,,,
1,,,4209,2.0,0.9664999842643738,0.8308762311935425,0.0783754363656044,0.8095659017562866,0.8559116721153259,72.1444091796875,4.47902774810791,407.0,67.58700561523438,,,,,,,,,,,,
1,,,4219,2.0,0.9865000247955322,0.8654678463935852,0.03374525532126427,0.8675531148910522,0.8634076118469238,11.274612426757812,4.161837577819824,189.0,7.079029560089111,,,,,,,,,,,,
1,,,4229,2.0,0.9765999913215637,0.8917001485824585,0.052539318799972534,0.8829444646835327,0.9009333848953247,4.557039260864258,3.828484058380127,325.0,0.6760158538818359,,,,,,,,,,,,
1,,,4239,2.0,0.9828000068664551,0.9285304546356201,0.044554583728313446,0.9108166694641113,0.9481441974639893,12.075506210327148,4.856395721435547,499.0,7.174555778503418,,,,,,,,,,,,
1,,,4249,2.0,0.9564999938011169,0.937859296798706,0.10235725343227386,0.9434250593185425,0.9325947761535645,9.909261703491211,3.8409411907196045,1810.0,5.965963840484619,,,,,,,,,,,,
1,,,4259,2.0,0.9800000190734863,0.9397923946380615,0.05227673798799515,0.9134213924407959,0.9708837866783142,7.013465881347656,3.8792247772216797,546.0,3.0819640159606934,,,,,,,,,,,,
1,,,4269,2.0,0.9837999939918518,0.9204409122467041,0.05210050567984581,0.9326223134994507,0.9090142250061035,10.840871810913086,4.090014457702637,403.0,6.698757171630859,,,,,,,,,,,,
1,,,4279,2.0,0.9855999946594238,0.7858110666275024,0.034789059311151505,0.7942777872085571,0.7778400182723999,5.046576023101807,4.101141452789307,134.0,0.910645604133606,,,,,,,,,,,,
1,,,4289,2.0,0.9696999788284302,0.935474157333374,0.08256730437278748,0.9246760606765747,0.947124719619751,9.250642776489258,4.414611339569092,1056.0,4.7534637451171875,,,,,,,,,,,,
1,,,4299,2.0,0.9907000064849854,0.9755769968032837,0.02217208966612816,0.9699655771255493,0.9813681840896606,4.826022624969482,3.281848192214966,901.0,1.5220023393630981,,,,,,,,,,,,
1,,,4309,2.0,0.9872000217437744,0.9698487520217896,0.030369048938155174,0.9739269018173218,0.965865969657898,4.85596227645874,3.6258599758148193,992.0,1.1997333765029907,,,,,,,,,,,,
1,,,4319,2.0,0.9460999965667725,0.8711416721343994,0.14179806411266327,0.8699291944503784,0.8723654747009277,7.922719955444336,4.812921047210693,611.0,2.968000650405884,,,,,,,,,,,,
1,,,4329,2.0,0.993399977684021,0.8381386399269104,0.02228819578886032,0.8782143592834473,0.8059048652648926,6.2028961181640625,4.560511589050293,66.0,1.6200964450836182,,,,,,,,,,,,
1,,,4339,2.0,0.965399980545044,0.8631397485733032,0.07868790626525879,0.8646370768547058,0.8616571426391602,32.708099365234375,4.907665252685547,500.0,27.721744537353516,,,,,,,,,,,,
1,,,4349,2.0,0.9634000062942505,0.8721678256988525,0.07315687835216522,0.846847414970398,0.9026042222976685,12.130258560180664,4.225170135498047,381.0,7.8319315910339355,,,,,,,,,,,,
1,,,4359,2.0,0.9648000001907349,0.8971599340438843,0.08830815553665161,0.9273010492324829,0.8719676733016968,9.335947036743164,5.981211185455322,830.0,3.266427755355835,,,,,,,,,,,,
1,,,4369,2.0,0.963100016117096,0.9130484461784363,0.08905166387557983,0.8885856866836548,0.94240802526474,12.341508865356445,5.088003635406494,755.0,7.164453983306885,,,,,,,,,,,,
1,,,4379,2.0,0.9897000193595886,0.9664797186851501,0.027197739109396935,0.9622318744659424,0.9708248376846313,7.738874435424805,5.343887805938721,635.0,2.367788553237915,,,,,,,,,,,,
1,,,4389,2.0,0.9794999957084656,0.8753201961517334,0.05312309414148331,0.8961427211761475,0.8567897081375122,11.63229751586914,3.9969122409820557,341.0,7.58226203918457,,,,,,,,,,,,
1,,,4399,2.0,0.9818999767303467,0.9176453351974487,0.05627845972776413,0.92978835105896,0.9062663316726685,62.6967658996582,5.363043785095215,483.0,57.277442932128906,,,,,,,,,,,,
1,,,4409,2.0,0.9537000060081482,0.8598605394363403,0.12451774626970291,0.8284736275672913,0.900411069393158,7.567479133605957,4.606810569763184,434.0,2.836150646209717,,,,,,,,,,,,
1,,,4419,2.0,0.9828000068664551,0.8796314001083374,0.04363058879971504,0.9450500011444092,0.832156777381897,15.247130393981934,3.8426058292388916,325.0,11.360894203186035,,,,,,,,,,,,
1,,,4429,2.0,0.9190000295639038,0.8543630838394165,0.16067658364772797,0.8578165173530579,0.8510238528251648,6.976924419403076,5.235506534576416,1097.0,1.58074152469635,,,,,,,,,,,,
1,,,4439,2.0,0.9609000086784363,0.9303475618362427,0.09673228859901428,0.9585838317871094,0.9072458744049072,7.665747165679932,6.467922210693359,1137.0,1.10109281539917,,,,,,,,,,,,
1,,,4449,2.0,0.9785000085830688,0.9560510516166687,0.05473810434341431,0.9641206860542297,0.9483886957168579,5.752945899963379,4.974114418029785,1160.0,0.7240936756134033,,,,,,,,,,,,
1,,,4459,2.0,0.9631999731063843,0.8147187232971191,0.07585743069648743,0.7780090570449829,0.8650603890419006,6.611774444580078,5.419134616851807,231.0,1.1167819499969482,,,,,,,,,,,,
1,,,4469,2.0,0.9760000109672546,0.9467753767967224,0.059444304555654526,0.9780739545822144,0.9207186102867126,6.72434663772583,6.309566974639893,936.0,0.35533517599105835,,,,,,,,,,,,
1,,,4479,2.0,0.9886000156402588,0.9681633710861206,0.026921633630990982,0.9681633710861206,0.9681633710861206,7.671957969665527,4.943920135498047,739.0,2.7011163234710693,,,,,,,,,,,,
1,,,4489,2.0,0.9743000268936157,0.7097616195678711,0.056360792368650436,0.6796389222145081,0.7534720301628113,6.779812335968018,6.580870628356934,136.0,0.1425808221101761,,,,,,,,,,,,
1,,,4499,2.0,0.9842000007629395,0.8646981716156006,0.04048939049243927,0.822594165802002,0.9207628965377808,8.564502716064453,8.450567245483398,236.0,0.07344663143157959,,,,,,,,,,,,
1,,,4509,2.0,0.9896000027656555,0.8003954887390137,0.026413457468152046,0.9711481332778931,0.7220185399055481,5.205912113189697,4.529095649719238,153.0,0.6504029631614685,,,,,,,,,,,,
1,,,4519,2.0,0.9772999882698059,0.9195271730422974,0.06616688519716263,0.914804220199585,0.9243829250335693,10.460821151733398,5.086905479431152,722.0,5.307748794555664,,,,,,,,,,,,
1,,,4529,2.0,0.9818000197410583,0.9132006168365479,0.04239805415272713,0.909044623374939,0.9174548387527466,6.661805152893066,6.427419185638428,535.0,0.19198811054229736,,,,,,,,,,,,
1,,,4539,2.0,0.9714999794960022,0.9012157917022705,0.07520382851362228,0.9699807167053223,0.8528279066085815,8.031132698059082,7.642635822296143,689.0,0.31329289078712463,,,,,,,,,,,,
1,,,4549,2.0,0.989799976348877,0.9562183618545532,0.025205302983522415,0.9610797166824341,0.9514742493629456,6.159275531768799,5.771068572998047,473.0,0.36300185322761536,,,,,,,,,,,,
1,,,4559,2.0,0.9839000105857849,0.9137082695960999,0.04201659932732582,0.9002246856689453,0.9282605648040771,6.742029190063477,5.599937438964844,292.0,1.1000750064849854,,,,,,,,,,,,
1,,,4569,2.0,0.9002000093460083,0.8449325561523438,0.21116220951080322,0.8806452751159668,0.8201195597648621,8.295524597167969,6.7520952224731445,1717.0,1.332267165184021,,,,,,,,,,,,
1,,,4579,2.0,0.9850999712944031,0.9172543287277222,0.0383354052901268,0.8947842717170715,0.9428089261054993,6.293341636657715,5.166889190673828,240.0,1.0881171226501465,,,,,,,,,,,,
1,,,4589,2.0,0.9724000096321106,0.8490021228790283,0.06332743167877197,0.8887278437614441,0.8174399733543396,7.009330749511719,5.950234889984131,372.0,0.9957683086395264,,,,,,,,,,,,
1,,,4599,2.0,0.9850999712944031,0.8754109144210815,0.03781544417142868,0.8736525774002075,0.8771871328353882,7.2994585037231445,5.721531867980957,200.0,1.5401109457015991,,,,,,,,,,,,
1,,,4609,2.0,0.9878000020980835,0.9052533507347107,0.033428072929382324,0.9651820063591003,0.8598594069480896,11.341079711914062,6.642296314239502,343.0,4.665355682373047,,,,,,,,,,,,
1,,,4619,2.0,0.9871000051498413,0.9634332656860352,0.030591372400522232,0.9795476198196411,0.9486392736434937,4.952220439910889,4.205540180206299,949.0,0.7160889506340027,,,,,,,,,,,,
1,,,4629,2.0,0.9873999953269958,0.9327921271324158,0.03430486097931862,0.8945860862731934,0.9804617166519165,6.887943267822266,5.152647972106934,276.0,1.7009904384613037,,,,,,,,,,,,
1,,,4639,2.0,0.989300012588501,0.8658198118209839,0.027427325025200844,0.8141528964042664,0.9393113255500793,5.153553009033203,5.012192249298096,127.0,0.11393378674983978,,,,,,,,,,,,
1,,,4649,2.0,0.9505000114440918,0.9187859296798706,0.1079883798956871,0.9257779121398926,0.9122019410133362,8.337420463562012,5.704732894897461,1002.0,2.5246989727020264,,,,,,,,,,,,
1,,,4659,2.0,0.9815000295639038,0.8773516416549683,0.04979560524225235,0.851373016834259,0.907983660697937,6.05682373046875,5.617835998535156,315.0,0.38919225335121155,,,,,,,,,,,,
1,,,4669,2.0,0.9836999773979187,0.8927230834960938,0.042842231690883636,0.9198673963546753,0.8691667318344116,9.2878999710083,5.979548454284668,372.0,3.2655093669891357,,,,,,,,,,,,
1,,,4679,2.0,0.9424999952316284,0.8373055458068848,0.13892623782157898,0.9396936297416687,0.7809300422668457,8.784137725830078,7.274728775024414,884.0,1.3704833984375,,,,,,,,,,,,
1,,,4689,2.0,0.9474999904632568,0.794164776802063,0.12413957715034485,0.828473687171936,0.7675125598907471,7.196952819824219,6.533889293670654,483.0,0.5389239192008972,,,,,,,,,,,,
1,,,4699,2.0,0.9564999938011169,0.8603969812393188,0.10135697573423386,0.890737771987915,0.8354029655456543,8.779780387878418,7.027235984802246,645.0,1.6511874198913574,,,,,,,,,,,,
1,,,4709,2.0,0.9761999845504761,0.9216529726982117,0.06486120074987411,0.9130733013153076,0.9306879043579102,7.205404758453369,5.2890729904174805,411.0,1.8514704704284668,,,,,,,,,,,,
1,,,4719,2.0,0.9817000031471252,0.956345796585083,0.04611673951148987,0.9818795919418335,0.9342244863510132,4.673295021057129,4.271728515625,1137.0,0.3554498851299286,,,,,,,,,,,,
1,,,4729,2.0,0.9574999809265137,0.9143707752227783,0.10988324880599976,0.8773379921913147,0.9655591249465942,8.738578796386719,5.972407817840576,848.0,2.65628719329834,,,,,,,,,,,,
1,,,4739,2.0,0.9761999845504761,0.8970685005187988,0.05940134823322296,0.8649309873580933,0.9367150068283081,10.935084342956543,6.404288291931152,294.0,4.4713945388793945,,,,,,,,,,,,
1,,,4749,2.0,0.9853000044822693,0.7701104879379272,0.03249926120042801,0.7330544590950012,0.8221369981765747,6.749685287475586,4.182519435882568,86.0,2.5346662998199463,,,,,,,,,,,,
1,,,4759,2.0,0.9829000234603882,0.9631256461143494,0.04351549595594406,0.9770094156265259,0.950352132320404,5.305441856384277,5.070868492126465,1204.0,0.19105777144432068,,,,,,,,,,,,
1,,,4769,2.0,0.9824000000953674,0.7397090196609497,0.0452612079679966,0.7857819199562073,0.7069387435913086,6.203723907470703,6.110222339630127,126.0,0.04824020341038704,,,,,,,,,,,,
1,,,4779,2.0,0.9836000204086304,0.959896981716156,0.036228422075510025,0.9765846729278564,0.9447094798088074,5.197311878204346,4.225844383239746,1092.0,0.9352390170097351,,,,,,,,,,,,
1,,,4789,2.0,0.9657999873161316,0.8739714622497559,0.07727870345115662,0.8423622846603394,0.9137756824493408,7.781970977783203,5.463992118835449,504.0,2.2407004833221436,,,,,,,,,,,,
1,,,4799,2.0,0.9596999883651733,0.8463537693023682,0.11091524362564087,0.89115309715271,0.8122859001159668,6.418237686157227,6.086827754974365,485.0,0.22049479186534882,,,,,,,,,,,,
1,,,4809,2.0,0.9682000279426575,0.7646187543869019,0.09592243283987045,0.745222806930542,0.7877960205078125,8.046045303344727,6.984615325927734,167.0,0.9655076861381531,,,,,,,,,,,,
1,,,4819,2.0,0.9556000232696533,0.9162622690200806,0.11097762733697891,0.9053459167480469,0.9281932711601257,8.309371948242188,7.441073894500732,1353.0,0.7573204040527344,,,,,,,,,,,,
1,,,4829,2.0,0.9746999740600586,0.954412579536438,0.07041722536087036,0.9654297828674316,0.9442138671875,5.748798847198486,5.134160995483398,1641.0,0.5442205667495728,,,,,,,,,,,,
1,,,4839,2.0,0.9726999998092651,0.906033992767334,0.07244343310594559,0.9405837059020996,0.8774593472480774,7.076766490936279,6.8967132568359375,528.0,0.1076098158955574,,,,,,,,,,,,
1,,,4849,2.0,0.9839000105857849,0.8809928894042969,0.03889144957065582,0.9086835384368896,0.857090950012207,5.68102502822876,5.381877422332764,252.0,0.2602560818195343,,,,,,,,,,,,
1,,,4859,2.0,0.9807000160217285,0.9686926007270813,0.06475963443517685,0.9684103727340698,0.9689754247665405,8.876909255981445,6.136453151702881,1687.0,2.675696611404419,,,,,,,,,,,,
1,,,4869,2.0,0.9829000234603882,0.9185158610343933,0.04687843099236488,0.9253786206245422,0.9119016528129578,7.229855537414551,5.48472261428833,374.0,1.6982548236846924,,,,,,,,,,,,
1,,,4879,2.0,0.9544000029563904,0.86972975730896,0.110125333070755,0.8986152410507202,0.8457745313644409,7.626166343688965,6.145411014556885,921.0,1.3706297874450684,,,,,,,,,,,,
1,,,4889,2.0,0.8927000164985657,0.6930407285690308,0.20868241786956787,0.8072763681411743,0.6521264910697937,10.17814826965332,7.27325963973999,669.0,2.696206569671631,,,,,,,,,,,,
1,,,4899,2.0,0.9420999884605408,0.9068979024887085,0.135221928358078,0.9028725624084473,0.9110819101333618,8.366625785827637,6.9709882736206055,1385.0,1.2604159116744995,,,,,,,,,,,,
1,,,4909,2.0,0.9914000034332275,0.9760472178459167,0.025032125413417816,0.9812134504318237,0.9710213541984558,6.3503851890563965,5.823695182800293,809.0,0.5016579031944275,,,,,,,,,,,,
1,,,4919,2.0,0.9940000176429749,0.9394057989120483,0.018125122413039207,0.9533366560935974,0.9263513088226318,6.910827159881592,5.09839391708374,215.0,1.7943081855773926,,,,,,,,,,,,
1,,,4929,2.0,0.9782999753952026,0.9569892287254333,0.05161270126700401,0.9652437567710876,0.9491678476333618,5.435035228729248,4.268283843994141,1113.0,1.1151385307312012,,,,,,,,,,,,
1,,,4939,2.0,0.9380999803543091,0.8448271155357361,0.16323041915893555,0.8354208469390869,0.8550151586532593,9.895004272460938,5.570657253265381,702.0,4.161116600036621,,,,,,,,,,,,
1,,,4949,2.0,0.989300012588501,0.929578959941864,0.02117527462542057,0.9703838229179382,0.8958112001419067,5.428348064422607,5.0002875328063965,301.0,0.4068852961063385,,,,,,,,,,,,
1,,,4959,2.0,0.972000002861023,0.8974634408950806,0.08206640928983688,0.9344291687011719,0.8672995567321777,6.130819320678711,5.79512882232666,466.0,0.25362393260002136,,,,,,,,,,,,
1,,,4969,2.0,0.9686999917030334,0.6638915538787842,0.07396403700113297,0.650762140750885,0.6798426508903503,6.105904579162598,6.0046563148498535,122.0,0.027284132316708565,,,,,,,,,,,,
1,,,4979,2.0,0.982200026512146,0.8222808837890625,0.046919990330934525,0.8445696830749512,0.8028678894042969,6.048792839050293,5.101358890533447,211.0,0.9005141258239746,,,,,,,,,,,,
1,,,4989,2.0,0.9650999903678894,0.8603278398513794,0.08460115641355515,0.9175635576248169,0.8188835382461548,6.597270965576172,5.961649417877197,742.0,0.5510206818580627,,,,,,,,,,,,
1,,,4999,2.0,0.9829000234603882,0.8148603439331055,0.03555234521627426,0.7872018814086914,0.8488914966583252,5.823145866394043,5.569248676300049,164.0,0.21834471821784973,,,,,,,,,,,,
1,,,5009,2.0,0.9473000168800354,0.9083520174026489,0.1395455300807953,0.9518669843673706,0.8766998648643494,6.48325252532959,5.453217506408691,1182.0,0.8904896974563599,,,,,,,,,,,,
1,,,5019,2.0,0.9735000133514404,0.9546713829040527,0.06314875930547714,0.958846926689148,0.9506251215934753,9.329451560974121,5.942326545715332,1648.0,3.3239758014678955,,,,,,,,,,,,
1,,,5029,2.0,0.8575000166893005,0.7774689197540283,0.2725665271282196,0.8092358112335205,0.7565757036209106,9.371201515197754,7.28693151473999,2150.0,1.8117035627365112,,,,,,,,,,,,
1,,,5039,2.0,0.9882000088691711,0.9096686840057373,0.028873754665255547,0.9168190956115723,0.9027788639068604,5.808475017547607,5.368574142456055,286.0,0.4110270142555237,,,,,,,,,,,,
1,,,5049,2.0,0.9947999715805054,0.9423922300338745,0.023924177512526512,0.9500069618225098,0.9350437521934509,6.352492809295654,6.257845878601074,203.0,0.07072246074676514,,,,,,,,,,,,
1,,,5059,2.0,0.9836000204086304,0.9476743936538696,0.0420694500207901,0.9388991594314575,0.95689857006073,7.492817401885986,6.814877510070801,544.0,0.6358704566955566,,,,,,,,,,,,
1,,,5069,2.0,0.98580002784729,0.9139235019683838,0.04182027280330658,0.8812998533248901,0.9534592628479004,5.268301010131836,4.8474555015563965,197.0,0.37902525067329407,,,,,,,,,,,,
1,,,5079,2.0,0.9878000020980835,0.7622944116592407,0.038276225328445435,0.9256552457809448,0.6911065578460693,6.386490821838379,6.063507556915283,109.0,0.28470730781555176,,,,,,,,,,,,
1,,,5089,2.0,0.9670000076293945,0.908819317817688,0.0801658183336258,0.9034982919692993,0.9143288731575012,7.578415870666504,4.555862903594971,585.0,2.9423868656158447,,,,,,,,,,,,
1,,,5099,2.0,0.9721999764442444,0.9174468517303467,0.056948497891426086,0.906897783279419,0.9287249445915222,5.808513641357422,5.5560197830200195,735.0,0.1955452263355255,,,,,,,,,,,,
1,,,5109,2.0,0.9706000089645386,0.9451736807823181,0.07825704663991928,0.9655470848083496,0.9274234771728516,6.536876678466797,4.9778642654418945,1021.0,1.4807555675506592,,,,,,,,,,,,
1,,,5119,2.0,0.9936000108718872,0.7225285768508911,0.01762491650879383,0.7866287231445312,0.6821417808532715,3.657843828201294,3.6289522647857666,37.0,0.011266694404184818,,,,,,,,,,,,
1,,,5129,2.0,0.9896000027656555,0.9749446511268616,0.02970212697982788,0.9721666574478149,0.9777676463127136,6.352819919586182,6.129682540893555,723.0,0.1934351921081543,,,,,,,,,,,,
1,,,5139,2.0,0.9246000051498413,0.9011576175689697,0.21489687263965607,0.8999388813972473,0.9023975729942322,8.541736602783203,7.255131721496582,1684.0,1.0717084407806396,,,,,,,,,,,,
1,,,5149,2.0,0.9944000244140625,0.8735841512680054,0.02466084435582161,0.9352786540985107,0.8275172114372253,6.944365978240967,6.918173313140869,100.0,0.0015314199263229966,,,,,,,,,,,,
1,,,5159,2.0,0.9763000011444092,0.968429446220398,0.06757516413927078,0.962348461151123,0.9749429225921631,6.981073379516602,6.582772731781006,2158.0,0.33072569966316223,,,,,,,,,,,,
1,,,5169,2.0,0.9703999757766724,0.9217159152030945,0.0671476200222969,0.931134045124054,0.9128267765045166,7.003732681274414,6.329030990600586,644.0,0.6075541973114014,,,,,,,,,,,,
1,,,5179,2.0,0.987500011920929,0.8236873745918274,0.04073381796479225,0.8210693001747131,0.8263506293296814,6.22768497467041,6.007972240447998,146.0,0.1789788156747818,,,,,,,,,,,,
1,,,5189,2.0,0.9678999781608582,0.9597355723381042,0.09713604301214218,0.9538044929504395,0.9661740064620972,7.089902877807617,5.463534355163574,1742.0,1.5292322635650635,,,,,,,,,,,,
1,,,5199,2.0,0.9757999777793884,0.7697080373764038,0.04565003886818886,0.8682776689529419,0.7147159576416016,5.86800479888916,5.533660411834717,320.0,0.2886945605278015,,,,,,,,,,,,
1,,,5209,2.0,0.9574999809265137,0.9283714294433594,0.10896553844213486,0.9213138818740845,0.9358715415000916,7.7816162109375,6.904203414916992,1199.0,0.76844722032547,,,,,,,,,,,,
1,,,5219,2.0,0.9822999835014343,0.8896469473838806,0.04226648807525635,0.8830937147140503,0.8964540958404541,7.086585998535156,5.6247053146362305,221.0,1.419614315032959,,,,,,,,,,,,
1,,,5229,2.0,0.9660000205039978,0.9052183628082275,0.08471068739891052,0.9406574964523315,0.8763978481292725,7.314688205718994,6.977270126342773,901.0,0.25270748138427734,,,,,,,,,,,,
1,,,5239,2.0,0.9721999764442444,0.8875724077224731,0.05988031625747681,0.9178687334060669,0.8620223999023438,7.0488715171813965,6.088893413543701,585.0,0.9000980257987976,,,,,,,,,,,,
1,,,5249,2.0,0.957099974155426,0.8475505113601685,0.08718059211969376,0.877400815486908,0.8229385614395142,7.413463592529297,6.838746547698975,502.0,0.4875365197658539,,,,,,,,,,,,
1,,,5259,2.0,0.9832000136375427,0.9351409673690796,0.051715996116399765,0.9006005525588989,0.9777100086212158,6.0734333992004395,5.394874572753906,382.0,0.6268430948257446,,,,,,,,,,,,
1,,,5269,2.0,0.9868000149726868,0.8959783315658569,0.049667198210954666,0.9304216504096985,0.8669923543930054,6.4844512939453125,6.306941986083984,287.0,0.12784218788146973,,,,,,,,,,,,
1,,,5279,2.0,0.9878000020980835,0.650331974029541,0.03255746141076088,0.7066601514816284,0.6186647415161133,7.540343761444092,5.481974124908447,58.0,2.0258121490478516,,,,,,,,,,,,
1,,,5289,2.0,0.993399977684021,0.8209151029586792,0.017095638439059258,0.9806510210037231,0.7418342232704163,7.4296183586120605,7.387661933898926,63.0,0.024860989302396774,,,,,,,,,,,,
1,,,5299,2.0,0.9817000031471252,0.8450350165367126,0.03773817420005798,0.866715669631958,0.8259495496749878,5.933239459991455,5.560012340545654,273.0,0.33548861742019653,,,,,,,,,,,,
1,,,5309,2.0,0.9567999839782715,0.717395544052124,0.11841744184494019,0.8990645408630371,0.6553099751472473,8.060020446777344,6.086984157562256,389.0,1.8546193838119507,,,,,,,,,,,,
1,,,5319,2.0,0.9832000136375427,0.6978676319122314,0.04864659532904625,0.9238153696060181,0.6314845085144043,5.116561412811279,4.660301685333252,168.0,0.40761345624923706,,,,,,,,,,,,
1,,,5329,2.0,0.960099995136261,0.7770735025405884,0.1095702275633812,0.8951659202575684,0.7175524234771729,7.389954090118408,5.954400539398193,339.0,1.3259835243225098,,,,,,,,,,,,
1,,,5339,2.0,0.9821000099182129,0.8745701313018799,0.049277275800704956,0.8339327573776245,0.9279059171676636,6.338354587554932,6.045610427856445,207.0,0.24346689879894257,,,,,,,,,,,,
1,,,5349,2.0,0.9828000068664551,0.9197368621826172,0.03761172667145729,0.9489774703979492,0.8945326805114746,7.190382480621338,5.801560878753662,485.0,1.3512097597122192,,,,,,,,,,,,
1,,,5359,2.0,0.9660000205039978,0.9483106136322021,0.0801486000418663,0.9362592101097107,0.961828351020813,5.8064398765563965,5.1056389808654785,1701.0,0.6206523776054382,,,,,,,,,,,,
1,,,5369,2.0,0.9937999844551086,0.8659530282020569,0.018604855984449387,0.8925239443778992,0.8428354263305664,6.098809242248535,6.058435916900635,118.0,0.021768707782030106,,,,,,,,,,,,
1,,,5379,2.0,0.9311000108718872,0.7671598792076111,0.1484593152999878,0.9091325998306274,0.7078363299369812,8.952844619750977,5.546412944793701,643.0,3.257972478866577,,,,,,,,,,,,
1,,,5389,2.0,0.9771000146865845,0.9613049626350403,0.058036986738443375,0.9728398323059082,0.950701117515564,6.665884971618652,6.163395881652832,1604.0,0.4444523751735687,,,,,,,,,,,,
1,,,5399,2.0,0.9660000205039978,0.8745505809783936,0.08841142058372498,0.8842875957489014,0.8653930425643921,10.589820861816406,6.292823791503906,628.0,4.2085862159729,,,,,,,,,,,,
1,,,5409,2.0,0.9851999878883362,0.9005438089370728,0.035928770899772644,0.9773898124694824,0.8464829921722412,7.628228187561035,7.357799530029297,399.0,0.23450015485286713,,,,,,,,,,,,
1,,,5419,2.0,0.9800999760627747,0.8963427543640137,0.04642250016331673,0.8686745166778564,0.9292177557945251,6.213136196136475,5.75321102142334,305.0,0.41350287199020386,,,,,,,,,,,,
1,,,5429,2.0,0.9819999933242798,0.8428208231925964,0.04964114725589752,0.8351247310638428,0.8509089946746826,5.516618728637695,5.258094310760498,197.0,0.20888307690620422,,,,,,,,,,,,
1,,,5439,2.0,0.9728000164031982,0.7492772340774536,0.05534309521317482,0.7052850723266602,0.820848822593689,5.137105941772461,4.146584510803223,124.0,0.9351784586906433,,,,,,,,,,,,
1,,,5449,2.0,0.989300012588501,0.6430000066757202,0.02808021940290928,0.5941699743270874,0.809569239616394,3.589411973953247,3.5285511016845703,23.0,0.03278075158596039,,,,,,,,,,,,
1,,,5459,2.0,0.9839000105857849,0.9166049957275391,0.04742036759853363,0.9357720613479614,0.8992455005645752,7.863887310028076,5.640247821807861,487.0,2.1762189865112305,,,,,,,,,,,,
1,,,5469,2.0,0.9853000044822693,0.6666871309280396,0.05400824546813965,0.9452008008956909,0.604768693447113,6.886852741241455,6.567493438720703,106.0,0.2653506100177765,,,,,,,,,,,,
1,,,5479,2.0,0.9850000143051147,0.8645610809326172,0.043172888457775116,0.8696012496948242,0.8596661686897278,5.620199203491211,5.504499912261963,208.0,0.07252635061740875,,,,,,,,,,,,
1,,,5489,2.0,0.9861999750137329,0.5953572988510132,0.03315712884068489,0.5680017471313477,0.6647236347198486,5.043792247772217,4.907331943511963,28.0,0.10330275446176529,,,,,,,,,,,,
1,,,5499,2.0,0.9972000122070312,0.8503605127334595,0.012025534175336361,0.9701240062713623,0.7795604467391968,4.339478015899658,4.087653160095215,47.0,0.239799365401268,,,,,,,,,,,,
1,,,5509,2.0,0.974399983882904,0.9639281630516052,0.05969623848795891,0.9650614261627197,0.962807297706604,7.663134574890137,4.580394744873047,1671.0,3.023043632507324,,,,,,,,,,,,
1,,,5519,2.0,0.9740999937057495,0.838153064250946,0.06892936676740646,0.949410080909729,0.7740683555603027,6.0825605392456055,4.941849708557129,274.0,1.0717813968658447,,,,,,,,,,,,
1,,,5529,2.0,0.9789000153541565,0.9608997106552124,0.0583508126437664,0.9666931629180908,0.9553316831588745,6.694637775421143,6.188711643218994,1272.0,0.4475748836994171,,,,,,,,,,,,
1,,,5539,2.0,0.9668999910354614,0.8736386299133301,0.07261575758457184,0.8685762882232666,0.878872275352478,6.193068981170654,5.685514450073242,406.0,0.4349389970302582,,,,,,,,,,,,
1,,,5549,2.0,0.9796000123023987,0.9394799470901489,0.054539911448955536,0.9194875955581665,0.9620884656906128,7.407207012176514,6.39303731918335,539.0,0.9596299529075623,,,,,,,,,,,,
1,,,5559,2.0,0.9805999994277954,0.8871437311172485,0.04294268786907196,0.9273807406425476,0.8544996976852417,5.923925876617432,5.479891777038574,358.0,0.4010915458202362,,,,,,,,,,,,
1,,,5569,2.0,0.9815999865531921,0.9535306692123413,0.05865800008177757,0.9441841840744019,0.9634255766868591,5.683403015136719,5.198147296905518,854.0,0.4265977740287781,,,,,,,,,,,,
1,,,5579,2.0,0.9781000018119812,0.9438742399215698,0.04770592227578163,0.978996753692627,0.9148993492126465,6.864316940307617,6.5905985832214355,859.0,0.22601206600666046,,,,,,,,,,,,
1,,,5589,2.0,0.9711999893188477,0.8789259791374207,0.06341361999511719,0.8739965558052063,0.8840116262435913,8.068582534790039,6.909485340118408,420.0,1.0956839323043823,,,,,,,,,,,,
1,,,5599,2.0,0.9804999828338623,0.9481462836265564,0.040353041142225266,0.9405995011329651,0.9560438394546509,5.556318759918213,4.633198261260986,855.0,0.8827675580978394,,,,,,,,,,,,
1,,,5609,2.0,0.9897000193595886,0.9835029244422913,0.02809078060090542,0.9815245866775513,0.9855116605758667,4.8451128005981445,4.304422378540039,1030.0,0.512599527835846,,,,,,,,,,,,
1,,,5619,2.0,0.9617000222206116,0.9203065633773804,0.08223609626293182,0.9508699178695679,0.8952394723892212,7.039055347442627,5.289468288421631,1119.0,1.6673508882522583,,,,,,,,,,,,
1,,,5629,2.0,0.98089998960495,0.8382605910301208,0.037321992218494415,0.8859740495681763,0.8017134666442871,6.576613426208496,4.975797176361084,213.0,1.5634942054748535,,,,,,,,,,,,
1,,,5639,2.0,0.9904000163078308,0.9664306640625,0.020300958305597305,0.9855176210403442,0.949060320854187,4.565272331237793,4.346982002258301,747.0,0.19798947870731354,,,,,,,,,,,,
1,,,5649,2.0,0.9921000003814697,0.9498283863067627,0.019688749685883522,0.970196008682251,0.931303858757019,6.547338962554932,6.436424255371094,376.0,0.0912262573838234,,,,,,,,,,,,
1,,,5659,2.0,0.9782000184059143,0.9303715825080872,0.05071621015667915,0.9431281685829163,0.9184927344322205,4.889300346374512,4.147984981536865,710.0,0.6905991435050964,,,,,,,,,,,,
1,,,5669,2.0,0.9639999866485596,0.9565273523330688,0.09680123627185822,0.9535799026489258,0.9596152901649475,7.619539260864258,5.634810924530029,1742.0,1.8879269361495972,,,,,,,,,,,,
1,,,5679,2.0,0.9717000126838684,0.9476625919342041,0.053459521383047104,0.9711237549781799,0.9276143908500671,8.722954750061035,5.287403106689453,1513.0,3.382091999053955,,,,,,,,,,,,
1,,,5689,2.0,0.9872999787330627,0.8827304840087891,0.031913746148347855,0.9155088663101196,0.8550292253494263,6.130611419677734,4.950085163116455,185.0,1.1486124992370605,,,,,,,,,,,,
1,,,5699,2.0,0.9685999751091003,0.8608156442642212,0.07486915588378906,0.9294736385345459,0.8133640289306641,7.109971523284912,6.979107856750488,574.0,0.055994659662246704,,,,,,,,,,,,
1,,,5709,2.0,0.9520000219345093,0.8654693365097046,0.11787252128124237,0.8593650460243225,0.8718571662902832,7.066014289855957,5.988374710083008,519.0,0.9597669839859009,,,,,,,,,,,,
1,,,5719,2.0,0.987500011920929,0.891383171081543,0.03117847815155983,0.849006175994873,0.9466044902801514,6.221436977386475,6.087207794189453,230.0,0.103050597012043,,,,,,,,,,,,
1,,,5729,2.0,0.9519000053405762,0.8852586150169373,0.10495500266551971,0.8695622682571411,0.9030005931854248,7.554243087768555,6.117894649505615,898.0,1.3313934803009033,,,,,,,,,,,,
1,,,5739,2.0,0.9922000169754028,0.8730190992355347,0.02607578970491886,0.912155032157898,0.8408843874931335,5.197248935699463,4.39255952835083,125.0,0.7786135077476501,,,,,,,,,,,,
1,,,5749,2.0,0.9930999875068665,0.9558704495429993,0.02028723992407322,0.9651792049407959,0.9469609260559082,6.7773261070251465,4.878695011138916,302.0,1.878343939781189,,,,,,,,,,,,
1,,,5759,2.0,0.9904999732971191,0.8448543548583984,0.022681759670376778,0.8332693576812744,0.8573096990585327,5.497131824493408,5.155323028564453,86.0,0.3191269636154175,,,,,,,,,,,,
1,,,5769,2.0,0.9907000064849854,0.9792042970657349,0.02184801734983921,0.9800028800964355,0.978409469127655,4.541558265686035,4.282999038696289,1065.0,0.23671118915081024,,,,,,,,,,,,
1,,,5779,2.0,0.9645000100135803,0.8865542411804199,0.07665880024433136,0.8973650336265564,0.8764557838439941,7.628268718719482,6.362099647521973,450.0,1.189510464668274,,,,,,,,,,,,
1,,,5789,2.0,0.9696999788284302,0.946601390838623,0.08165664970874786,0.9526368975639343,0.9408303499221802,6.984283447265625,5.17011833190918,1147.0,1.7325084209442139,,,,,,,,,,,,
1,,,5799,2.0,0.9822999835014343,0.95023512840271,0.05906173214316368,0.9251712560653687,0.9795082807540894,9.401432037353516,4.969380855560303,735.0,4.372989177703857,,,,,,,,,,,,
1,,,5809,2.0,0.989799976348877,0.7634769678115845,0.026518527418375015,0.741622805595398,0.789848804473877,4.220695495605469,3.9681172370910645,58.0,0.2260596752166748,,,,,,,,,,,,
1,,,5819,2.0,0.9639000296592712,0.8133560419082642,0.0741891860961914,0.8160005807876587,0.8107620477676392,9.183042526245117,8.574435234069824,260.0,0.5344179272651672,,,,,,,,,,,,
1,,,5829,2.0,0.9645000100135803,0.9143798351287842,0.08427029103040695,0.891405463218689,0.9415450096130371,8.190140724182129,6.41015100479126,849.0,1.6957191228866577,,,,,,,,,,,,
1,,,5839,2.0,0.979200005531311,0.9667051434516907,0.06465812027454376,0.9692943692207336,0.9641683101654053,6.738178253173828,6.35462760925293,1765.0,0.3188924193382263,,,,,,,,,,,,
1,,,5849,2.0,0.947700023651123,0.785629153251648,0.12300772964954376,0.922428548336029,0.7227118015289307,7.381251811981201,7.064198970794678,701.0,0.19404517114162445,,,,,,,,,,,,
1,,,5859,2.0,0.9599000215530396,0.8697808384895325,0.0934603363275528,0.8339323401451111,0.9172471761703491,8.441624641418457,7.878785133361816,473.0,0.4693792164325714,,,,,,,,,,,,
1,,,5869,2.0,0.9918000102043152,0.7622998356819153,0.035760000348091125,0.8166241645812988,0.724176824092865,4.821356296539307,4.570889949798584,52.0,0.21470649540424347,,,,,,,,,,,,
1,,,5879,2.0,0.9912999868392944,0.9193845391273499,0.03043166548013687,0.9171945452690125,0.9215991497039795,5.398792743682861,4.419844627380371,240.0,0.9485165476799011,,,,,,,,,,,,
1,,,5889,2.0,0.9797999858856201,0.9170253872871399,0.04922880977392197,0.9194254875183105,0.9146573543548584,16.309892654418945,6.143357753753662,409.0,10.117305755615234,,,,,,,,,,,,
1,,,5899,2.0,0.9753000140190125,0.9438696503639221,0.06881480664014816,0.9605570435523987,0.9287900328636169,7.575204372406006,6.354968070983887,1284.0,1.1514214277267456,,,,,,,,,,,,
1,,,5909,2.0,0.9912999868392944,0.9457587003707886,0.02059760130941868,0.9432280659675598,0.9483213424682617,6.229758262634277,5.934420108795166,307.0,0.27474093437194824,,,,,,,,,,,,
1,,,5919,2.0,0.9848999977111816,0.8264762163162231,0.045639824122190475,0.8754756450653076,0.7893072366714478,5.736495494842529,4.970032691955566,223.0,0.7208226919174194,,,,,,,,,,,,
1,,,5929,2.0,0.9708999991416931,0.8538818955421448,0.061535272747278214,0.8767657279968262,0.8339610695838928,7.032196521759033,6.429825305938721,319.0,0.540835976600647,,,,,,,,,,,,
1,,,5939,2.0,0.9805999994277954,0.9556875228881836,0.05390062928199768,0.9838166236877441,0.9317259788513184,5.6046342849731445,5.3715386390686035,1121.0,0.1791950911283493,,,,,,,,,,,,
1,,,5949,2.0,0.9873999953269958,0.9104292988777161,0.028216330334544182,0.9321691989898682,0.8909412622451782,5.941072940826416,5.055638313293457,238.0,0.8572182655334473,,,,,,,,,,,,
1,,,5959,2.0,0.9864000082015991,0.886813759803772,0.0322740264236927,0.8695687055587769,0.9058933258056641,5.602992534637451,5.504780292510986,193.0,0.06593810766935349,,,,,,,,,,,,
1,,,5969,2.0,0.9628000259399414,0.9266961812973022,0.0923660397529602,0.9680999517440796,0.894923210144043,5.410492897033691,5.089439868927002,1256.0,0.2286868691444397,,,,,,,,,,,,
1,,,5979,2.0,0.9850000143051147,0.965333104133606,0.047003019601106644,0.9805746674537659,0.9513683319091797,5.447290420532227,4.945328235626221,1193.0,0.4549594521522522,,,,,,,,,,,,
1,,,5989,2.0,0.9537000060081482,0.8324342966079712,0.10943809896707535,0.9301213026046753,0.7759519815444946,7.638056755065918,5.833848476409912,694.0,1.6947702169418335,,,,,,,,,,,,
1,,,5999,2.0,0.9793000221252441,0.9730659127235413,0.054288994520902634,0.972182035446167,0.9739588499069214,8.414724349975586,6.857081413269043,2483.0,1.503354549407959,,,,,,,,,,,,
1,,,6009,2.0,0.9794999957084656,0.8410249948501587,0.043318428099155426,0.8228936195373535,0.8615366220474243,6.855489253997803,5.913096904754639,160.0,0.8990738987922668,,,,,,,,,,,,
1,,,6019,2.0,0.9879999756813049,0.9706783294677734,0.03165228292346001,0.9731712341308594,0.9682208299636841,6.096424102783203,5.701694488525391,1126.0,0.3630770742893219,,,,,,,,,,,,
1,,,6029,2.0,0.9550999999046326,0.8421533107757568,0.09053494781255722,0.8756623268127441,0.8152137994766235,8.88983154296875,8.166038513183594,436.0,0.6332581639289856,,,,,,,,,,,,
1,,,6039,2.0,0.9832000136375427,0.8316271305084229,0.039802610874176025,0.8051061630249023,0.8636211156845093,6.123725414276123,6.014134883880615,192.0,0.06978819519281387,,,,,,,,,,,,
1,,,6049,2.0,0.9742000102996826,0.9433777332305908,0.06113201379776001,0.9543814659118652,0.9331105947494507,6.116794109344482,5.730666637420654,746.0,0.3249957263469696,,,,,,,,,,,,
1,,,6059,2.0,0.9768999814987183,0.9491550326347351,0.055778663605451584,0.9620803594589233,0.9372189044952393,7.870507717132568,4.722349166870117,875.0,3.0923800468444824,,,,,,,,,,,,
1,,,6069,2.0,0.982699990272522,0.905632734298706,0.0483768992125988,0.9092682003974915,0.9020691514015198,5.707485675811768,5.258595943450928,271.0,0.40051260590553284,,,,,,,,,,,,
1,,,6079,2.0,0.9904999732971191,0.9685715436935425,0.027988193556666374,0.9878808259963989,0.9510316252708435,5.20817756652832,4.4905548095703125,792.0,0.6896348595619202,,,,,,,,,,,,
1,,,6089,2.0,0.9743000268936157,0.8575639724731445,0.1018768772482872,0.9186856746673584,0.8134994506835938,5.346444129943848,4.515474319458008,291.0,0.729093074798584,,,,,,,,,,,,
1,,,6099,2.0,0.9793999791145325,0.5955578684806824,0.05637034401297569,0.622096061706543,0.5789927244186401,5.60455846786499,4.932057857513428,120.0,0.6161302924156189,,,,,,,,,,,,
1,,,6109,2.0,0.9603999853134155,0.8202540874481201,0.08318198472261429,0.847957968711853,0.7972507476806641,8.955101013183594,7.268123626708984,381.0,1.6037957668304443,,,,,,,,,,,,
1,,,6119,2.0,0.9767000079154968,0.9349013566970825,0.054075323045253754,0.9323889017105103,0.9374520778656006,6.091579914093018,5.782098293304443,765.0,0.2554062306880951,,,,,,,,,,,,
1,,,6129,2.0,0.9624999761581421,0.9305089712142944,0.0820404440164566,0.9708936214447021,0.8996111154556274,5.375778675079346,4.841694355010986,1071.0,0.4520440101623535,,,,,,,,,,,,
1,,,6139,2.0,0.9664000272750854,0.9014607071876526,0.075432188808918,0.940071702003479,0.8705304861068726,8.049924850463867,6.775426387786865,559.0,1.1990665197372437,,,,,,,,,,,,
1,,,6149,2.0,0.9825999736785889,0.9713637828826904,0.05687084421515465,0.9673448801040649,0.9755098819732666,10.876143455505371,4.605539798736572,1096.0,6.213732719421387,,,,,,,,,,,,
1,,,6159,2.0,0.9671000242233276,0.9293222427368164,0.06836645305156708,0.9383575916290283,0.9208137392997742,6.107341766357422,5.73523473739624,867.0,0.3037404417991638,,,,,,,,,,,,
1,,,6169,2.0,0.9848999977111816,0.9278014898300171,0.041067782789468765,0.9168541431427002,0.9394292235374451,5.326762676239014,4.916884422302246,471.0,0.36881065368652344,,,,,,,,,,,,
1,,,6179,2.0,0.9528999924659729,0.8934007287025452,0.11675111204385757,0.8943352103233337,0.8924726247787476,7.527550220489502,6.468087673187256,1050.0,0.9427112936973572,,,,,,,,,,,,
1,,,6189,2.0,0.9883999824523926,0.9572534561157227,0.023897791281342506,0.9642840027809143,0.9504721164703369,6.355321884155273,5.250805854797363,629.0,1.0806183815002441,,,,,,,,,,,,
1,,,6199,2.0,0.9864000082015991,0.9460576772689819,0.03326641768217087,0.968070387840271,0.9263390898704529,7.713680267333984,5.879307270050049,567.0,1.8011066913604736,,,,,,,,,,,,
1,,,6209,2.0,0.9656999707221985,0.8957685232162476,0.08890019357204437,0.8788281679153442,0.9147893190383911,6.332137584686279,5.902554035186768,794.0,0.34068357944488525,,,,,,,,,,,,
1,,,6219,2.0,0.988099992275238,0.7202484607696533,0.03882933035492897,0.8531752228736877,0.6611979007720947,6.549056529998779,5.163651943206787,84.0,1.3465752601623535,,,,,,,,,,,,
1,,,6229,2.0,0.9890000224113464,0.896070122718811,0.04304744675755501,0.9708117246627808,0.8427864909172058,6.152975559234619,6.041609764099121,210.0,0.06831832230091095,,,,,,,,,,,,
1,,,6239,2.0,0.9879999756813049,0.6073663234710693,0.03263239562511444,0.7603581547737122,0.5689128637313843,6.569138050079346,4.393775939941406,71.0,2.1427297592163086,,,,,,,,,,,,
1,,,6249,2.0,0.9878000020980835,0.9331222176551819,0.032641809433698654,0.9383441209793091,0.9280376434326172,5.424876689910889,5.070474147796631,386.0,0.32176071405410767,,,,,,,,,,,,
1,,,6259,2.0,0.9635000228881836,0.8039906024932861,0.07589026540517807,0.884764552116394,0.7538896799087524,6.28338623046875,5.992159366607666,524.0,0.2153368443250656,,,,,,,,,,,,
1,,,6269,2.0,0.978600025177002,0.9732444286346436,0.05549595504999161,0.9802080392837524,0.966855525970459,6.537326812744141,4.228208065032959,1824.0,2.2536230087280273,,,,,,,,,,,,
1,,,6279,2.0,0.9890999794006348,0.9273819923400879,0.026165973395109177,0.9098360538482666,0.9466626644134521,5.7379045486450195,5.162202835083008,253.0,0.5495355725288391,,,,,,,,,,,,
1,,,6289,2.0,0.9782000184059143,0.8191338777542114,0.05633821338415146,0.8759683966636658,0.7781734466552734,6.117509841918945,5.139204502105713,260.0,0.9219669103622437,,,,,,,,,,,,
1,,,6299,2.0,0.9735999703407288,0.9149582386016846,0.07097221165895462,0.9167437553405762,0.9131917357444763,6.26693058013916,6.122560501098633,736.0,0.07339762151241302,,,,,,,,,,,,
1,,,6309,2.0,0.9215999841690063,0.7941964268684387,0.16400189697742462,0.8441500663757324,0.7604848742485046,6.693844795227051,6.247814178466797,1087.0,0.28202882409095764,,,,,,,,,,,,
1,,,6319,2.0,0.9876000285148621,0.9663020372390747,0.03617488965392113,0.9827343225479126,0.9512506723403931,5.152754783630371,4.220433235168457,826.0,0.8961467742919922,,,,,,,,,,,,
1,,,6329,2.0,0.9708999991416931,0.927445650100708,0.0667317658662796,0.9736891388893127,0.891741931438446,6.440460205078125,6.190482139587402,1014.0,0.18324635922908783,,,,,,,,,,,,
1,,,6339,2.0,0.9873999953269958,0.9637029767036438,0.0326162688434124,0.9585952162742615,0.9689584970474243,5.2288384437561035,4.975194931030273,787.0,0.22102755308151245,,,,,,,,,,,,
1,,,6349,2.0,0.989300012588501,0.9712076783180237,0.030829619616270065,0.9913623332977295,0.9530768394470215,5.9043660163879395,5.670048236846924,927.0,0.2034883052110672,,,,,,,,,,,,
1,,,6359,2.0,0.9646999835968018,0.9056555032730103,0.08273117989301682,0.9000985622406006,0.9114233255386353,7.556490898132324,6.386961936950684,533.0,1.0867979526519775,,,,,,,,,,,,
1,,,6369,2.0,0.9785000085830688,0.9047728776931763,0.08259671926498413,0.8865404725074768,0.9251390695571899,7.058025360107422,6.711000919342041,459.0,0.2644277513027191,,,,,,,,,,,,
1,,,6379,2.0,0.9902999997138977,0.9702566266059875,0.024677198380231857,0.9594504833221436,0.9817212224006653,4.875024318695068,4.655606746673584,486.0,0.19474036991596222,,,,,,,,,,,,
1,,,6389,2.0,0.9639999866485596,0.9122984409332275,0.08739174902439117,0.9215199947357178,0.9036150574684143,7.934193134307861,7.383062839508057,1175.0,0.46373841166496277,,,,,,,,,,,,
1,,,6399,2.0,0.958899974822998,0.8424779772758484,0.09591178596019745,0.8794436454772949,0.8132055401802063,6.626955509185791,6.2278151512146,513.0,0.3032284379005432,,,,,,,,,,,,
1,,,6409,2.0,0.9786999821662903,0.9115581512451172,0.07079216837882996,0.8789178133010864,0.9516819715499878,6.1647748947143555,5.798448085784912,327.0,0.2955347001552582,,,,,,,,,,,,
1,,,6419,2.0,0.9175000190734863,0.7099698781967163,0.17003796994686127,0.7558267712593079,0.6810394525527954,6.9456329345703125,6.521097660064697,538.0,0.25449737906455994,,,,,,,,,,,,
1,,,6429,2.0,0.9467999935150146,0.9107401371002197,0.10975129157304764,0.9021488428115845,0.9200387001037598,6.49776029586792,5.443281650543213,894.0,0.9447275996208191,,,,,,,,,,,,
1,,,6439,2.0,0.9729999899864197,0.8835820555686951,0.06178150698542595,0.9098799228668213,0.8609305024147034,6.143661022186279,5.900575637817383,614.0,0.18130406737327576,,,,,,,,,,,,
1,,,6449,2.0,0.9778000116348267,0.8300546407699585,0.04873340576887131,0.8272539377212524,0.8329083919525146,6.734448432922363,6.004249572753906,218.0,0.681465744972229,,,,,,,,,,,,
1,,,6459,2.0,0.9642999768257141,0.9021785259246826,0.09430472552776337,0.8992217183113098,0.9051938652992249,6.91514778137207,5.931234836578369,547.0,0.8896082043647766,,,,,,,,,,,,
1,,,6469,2.0,0.970300018787384,0.877389132976532,0.08413702249526978,0.8549625277519226,0.9034953117370605,6.286587238311768,6.030277252197266,472.0,0.17217305302619934,,,,,,,,,,,,
1,,,6479,2.0,0.9671000242233276,0.9079146385192871,0.074748195707798,0.8904699683189392,0.927559494972229,10.246308326721191,8.637547492980957,476.0,1.5340125560760498,,,,,,,,,,,,
1,,,6489,2.0,0.9771999716758728,0.862098217010498,0.05010214447975159,0.8303586840629578,0.901574969291687,6.1442766189575195,5.999377250671387,252.0,0.09479700028896332,,,,,,,,,,,,
1,,,6499,2.0,0.9779000282287598,0.8067011833190918,0.048291001468896866,0.8002864718437195,0.8134210109710693,6.413363933563232,6.252024173736572,226.0,0.11304868757724762,,,,,,,,,,,,
1,,,6509,2.0,0.9661999940872192,0.9344786405563354,0.08047103881835938,0.9105558395385742,0.9634186029434204,5.415642261505127,4.944946765899658,796.0,0.3902246356010437,,,,,,,,,,,,
1,,,6519,2.0,0.9854999780654907,0.8865687847137451,0.03524346277117729,0.8688572645187378,0.9062337875366211,6.141909122467041,5.415279388427734,247.0,0.6913862824440002,,,,,,,,,,,,
1,,,6529,2.0,0.9506999850273132,0.8441039323806763,0.1017812043428421,0.8239842057228088,0.8677781820297241,8.314778327941895,6.141148090362549,554.0,2.0718486309051514,,,,,,,,,,,,
1,,,6539,2.0,0.9779000282287598,0.9358881115913391,0.0526784248650074,0.9389868974685669,0.9328447580337524,7.219532489776611,7.087250709533691,880.0,0.07960306107997894,,,,,,,,,,,,
1,,,6549,2.0,0.989300012588501,0.6430000066757202,0.03302321583032608,0.9347869753837585,0.5871496796607971,7.441277503967285,4.428975582122803,67.0,2.979278326034546,,,,,,,,,,,,
1,,,6559,2.0,0.9882000088691711,0.9014866352081299,0.029302645474672318,0.8724927306175232,0.935818076133728,5.621601581573486,4.794043064117432,239.0,0.7982558608055115,,,,,,,,,,,,
1,,,6569,2.0,0.9818999767303467,0.816856324672699,0.05227771773934364,0.8426588177680969,0.7948851585388184,6.159918308258057,5.799734115600586,228.0,0.3079066574573517,,,,,,,,,,,,
1,,,6579,2.0,0.9376999735832214,0.9004122018814087,0.1510717123746872,0.922254741191864,0.8823891878128052,7.087733745574951,6.140177249908447,1050.0,0.7964850068092346,,,,,,,,,,,,
1,,,6589,2.0,0.9740999937057495,0.9526686668395996,0.06696867197751999,0.9494774341583252,0.9559351801872253,8.67691421508789,6.097491264343262,876.0,2.5124545097351074,,,,,,,,,,,,
1,,,6599,2.0,0.9761999845504761,0.8325754404067993,0.05088469758629799,0.965495228767395,0.7619750499725342,7.310077667236328,6.909125804901123,455.0,0.35006728768348694,,,,,,,,,,,,
1,,,6609,2.0,0.979200005531311,0.8464627265930176,0.04691300541162491,0.8417773842811584,0.8512910604476929,6.906407833099365,4.600767612457275,191.0,2.2587270736694336,,,,,,,,,,,,
1,,,6619,2.0,0.9754999876022339,0.8909753561019897,0.051928166300058365,0.9020517468452454,0.8805848360061646,7.558060169219971,7.225901126861572,556.0,0.2802309989929199,,,,,,,,,,,,
1,,,6629,2.0,0.9641000032424927,0.8743903636932373,0.08701661974191666,0.9147048592567444,0.842540442943573,6.9415764808654785,6.397289752960205,651.0,0.4572702646255493,,,,,,,,,,,,
1,,,6639,2.0,0.9846000075340271,0.9698370099067688,0.03355565294623375,0.9835543632507324,0.9572504162788391,5.913201332092285,4.043842315673828,1455.0,1.8358036279678345,,,,,,,,,,,,
1,,,6649,2.0,0.9678999781608582,0.9067028760910034,0.078033447265625,0.9119586944580078,0.9016169309616089,7.102044582366943,6.884291648864746,597.0,0.13971951603889465,,,,,,,,,,,,
1,,,6659,2.0,0.979200005531311,0.8562989234924316,0.05560147017240524,0.8474428653717041,0.8656681776046753,6.025880813598633,5.572962284088135,197.0,0.39731714129447937,,,,,,,,,,,,
1,,,6669,2.0,0.9825000166893005,0.9438976049423218,0.04064315930008888,0.9422526359558105,0.9455578923225403,6.907273292541504,5.6895012855529785,469.0,1.177128553390503,,,,,,,,,,,,
1,,,6679,2.0,0.982699990272522,0.9598073959350586,0.04093630611896515,0.970974326133728,0.9493489265441895,4.703385829925537,4.047063827514648,936.0,0.6153856515884399,,,,,,,,,,,,
1,,,6689,2.0,0.967199981212616,0.8693658113479614,0.10191066563129425,0.926567018032074,0.8276432156562805,6.698212146759033,5.955415725708008,733.0,0.6408859491348267,,,,,,,,,,,,
1,,,6699,2.0,0.9509999752044678,0.7360969185829163,0.10175228863954544,0.7685608863830566,0.7115770578384399,6.6612653732299805,6.213675022125244,434.0,0.3458380103111267,,,,,,,,,,,,
1,,,6709,2.0,0.9851999878883362,0.692975640296936,0.07977913320064545,0.7138339877128601,0.6759623289108276,5.6321330070495605,5.211978912353516,105.0,0.34037476778030396,,,,,,,,,,,,
1,,,6719,2.0,0.9833999872207642,0.9004772901535034,0.03874635323882103,0.8692692518234253,0.9382321834564209,6.638139247894287,6.4341840744018555,374.0,0.16520895063877106,,,,,,,,,,,,
1,,,6729,2.0,0.972000002861023,0.9414395093917847,0.0713147222995758,0.9441314935684204,0.9387955665588379,7.603753566741943,6.332137584686279,1252.0,1.200301170349121,,,,,,,,,,,,
1,,,6739,2.0,0.9891999959945679,0.9719045162200928,0.036611806601285934,0.9684703350067139,0.9754059314727783,6.619868278503418,4.820131778717041,895.0,1.7631244659423828,,,,,,,,,,,,
1,,,6749,2.0,0.9847999811172485,0.962577760219574,0.0410827100276947,0.9712152481079102,0.9543566107749939,4.814056396484375,4.307172775268555,1133.0,0.4658009111881256,,,,,,,,,,,,
1,,,6759,2.0,0.9790999889373779,0.9149395823478699,0.04328356683254242,0.923656702041626,0.9066341519355774,5.858150005340576,5.213228702545166,419.0,0.6016378998756409,,,,,,,,,,,,
1,,,6769,2.0,0.983299970626831,0.9723846912384033,0.04151288419961929,0.9659650325775146,0.9791321158409119,5.457175254821777,5.016312122344971,1711.0,0.3993501663208008,,,,,,,,,,,,
1,,,6779,2.0,0.9660999774932861,0.899186372756958,0.09318874031305313,0.9323228001594543,0.8718786239624023,7.99658727645874,7.105126857757568,746.0,0.7982717156410217,,,,,,,,,,,,
1,,,6789,2.0,0.9805999994277954,0.7962582111358643,0.04163060709834099,0.893592119216919,0.739126980304718,5.6074090003967285,5.209468841552734,250.0,0.35630956292152405,,,,,,,,,,,,
1,,,6799,2.0,0.9897000193595886,0.9266828894615173,0.027846185490489006,0.9461900591850281,0.9089418649673462,5.5279221534729,4.899829864501953,330.0,0.6002458333969116,,,,,,,,,,,,
1,,,6809,2.0,0.9883999824523926,0.8180398941040039,0.02762790583074093,0.7707730531692505,0.8865687847137451,6.362623691558838,6.161081314086914,108.0,0.17391425371170044,,,,,,,,,,,,
1,,,6819,2.0,0.9746999740600586,0.9355216026306152,0.05388132482767105,0.9192598462104797,0.9536020755767822,5.114650726318359,4.5162811279296875,873.0,0.5444884300231934,,,,,,,,,,,,
1,,,6829,2.0,0.9692000150680542,0.920651912689209,0.08067765086889267,0.9226996898651123,0.9186307191848755,5.928816795349121,5.332723140716553,963.0,0.5154163241386414,,,,,,,,,,,,
1,,,6839,2.0,0.9757999777793884,0.853630542755127,0.054397307336330414,0.8176555037498474,0.9002188444137573,7.068863391876221,6.8085527420043945,276.0,0.20591343939304352,,,,,,,,,,,,
1,,,6849,2.0,0.9887999892234802,0.9524264335632324,0.027531597763299942,0.9744358062744141,0.9326527118682861,6.272443771362305,5.932461261749268,565.0,0.3124510943889618,,,,,,,,,,,,
1,,,6859,2.0,0.9815000295639038,0.9590131044387817,0.042678218334913254,0.9841674566268921,0.9372673630714417,5.465192794799805,4.826918601989746,1232.0,0.5955957770347595,,,,,,,,,,,,
1,,,6869,2.0,0.983299970626831,0.9645898342132568,0.0411171019077301,0.9630222916603088,0.9661730527877808,4.927950382232666,4.526272296905518,924.0,0.36056071519851685,,,,,,,,,,,,
1,,,6879,2.0,0.9477999806404114,0.8081233501434326,0.11612267047166824,0.8542945384979248,0.7745046615600586,7.450683116912842,6.927972793579102,813.0,0.40658774971961975,,,,,,,,,,,,
1,,,6889,2.0,0.9743000268936157,0.8012748956680298,0.057692937552928925,0.9194881319999695,0.7378107309341431,6.459826946258545,6.099545001983643,382.0,0.30258873105049133,,,,,,,,,,,,
1,,,6899,2.0,0.993399977684021,0.9596347212791443,0.018180817365646362,0.9466812610626221,0.9734460711479187,5.480607032775879,4.901413917541504,380.0,0.5610124468803406,,,,,,,,,,,,
1,,,6909,2.0,0.9585000276565552,0.9416215419769287,0.10451488941907883,0.9572664499282837,0.9281803965568542,12.74139404296875,7.033529281616211,2371.0,5.603349685668945,,,,,,,,,,,,
1,,,6919,2.0,0.9890999794006348,0.8834294080734253,0.03448228910565376,0.9403201937675476,0.8401464223861694,6.614248275756836,6.412466049194336,242.0,0.16729950904846191,,,,,,,,,,,,
1,,,6929,2.0,0.9805999994277954,0.9127810597419739,0.06122387573122978,0.8774374723434448,0.9568698406219482,5.5186028480529785,4.801516056060791,365.0,0.6558626294136047,,,,,,,,,,,,
1,,,6939,2.0,0.9782000184059143,0.6601038575172424,0.05112037807703018,0.8810838460922241,0.6042885780334473,5.461197853088379,4.829046726226807,165.0,0.5810310244560242,,,,,,,,,,,,
1,,,6949,2.0,0.9811000227928162,0.8444043397903442,0.04355883598327637,0.8396918177604675,0.8492611050605774,6.277587890625,6.103723049163818,296.0,0.1303064525127411,,,,,,,,,,,,
1,,,6959,2.0,0.9575999975204468,0.9298722147941589,0.10505920648574829,0.9380097389221191,0.9222612380981445,7.115318775177002,6.355725288391113,1254.0,0.6545343995094299,,,,,,,,,,,,
1,,,6969,2.0,0.9552000164985657,0.7877790927886963,0.11413396894931793,0.916540265083313,0.7253007888793945,6.60189151763916,6.231136322021484,584.0,0.25662121176719666,,,,,,,,,,,,
1,,,6979,2.0,0.9815000295639038,0.9289084672927856,0.04650942608714104,0.91448575258255,0.9445865154266357,6.145155906677246,5.312599182128906,430.0,0.7860473990440369,,,,,,,,,,,,
1,,,6989,2.0,0.9571999907493591,0.9204272031784058,0.10595424473285675,0.9408153295516968,0.9028339385986328,6.700913429260254,6.455654621124268,1630.0,0.13930444419384003,,,,,,,,,,,,
1,,,6999,2.0,0.992900013923645,0.8020762205123901,0.021151049062609673,0.9014918804168701,0.7427054047584534,4.8631134033203125,4.677238464355469,59.0,0.1647236943244934,,,,,,,,,,,,
1,,,7009,2.0,0.9900000095367432,0.9020128846168518,0.036092884838581085,0.8932617902755737,0.9111889600753784,6.600180625915527,6.537698268890381,229.0,0.02638956718146801,,,,,,,,,,,,
1,,,7019,2.0,0.9883999824523926,0.9019268155097961,0.027546776458621025,0.9806284308433533,0.8465471863746643,5.811532497406006,5.1480913162231445,309.0,0.6358941793441772,,,,,,,,,,,,
1,,,7029,2.0,0.9919999837875366,0.8862316608428955,0.02252008579671383,0.9788340926170349,0.824510931968689,6.151096343994141,5.857719421386719,175.0,0.27085694670677185,,,,,,,,,,,,
1,,,7039,2.0,0.9805999994277954,0.9377734065055847,0.04639580100774765,0.9473450779914856,0.9286950826644897,6.265902996063232,5.764120578765869,577.0,0.4553866386413574,,,,,,,,,,,,
1,,,7049,2.0,0.9753999710083008,0.9378725290298462,0.05505319684743881,0.9169838428497314,0.96185302734375,5.558101177215576,4.528042316436768,749.0,0.975005567073822,,,,,,,,,,,,
1,,,7059,2.0,0.995199978351593,0.9432179927825928,0.017151441425085068,0.9756219387054443,0.9151237607002258,4.979569435119629,4.661434173583984,181.0,0.30098405480384827,,,,,,,,,,,,
1,,,7069,2.0,0.9860000014305115,0.9693936109542847,0.03787829354405403,0.9780832529067993,0.9611424207687378,4.507815837860107,4.296864986419678,1105.0,0.17307212948799133,,,,,,,,,,,,
1,,,7079,2.0,0.9733999967575073,0.9457368850708008,0.0677044466137886,0.9537374973297119,0.9381476640701294,5.2342305183410645,4.6623334884643555,1165.0,0.5041922926902771,,,,,,,,,,,,
1,,,7089,2.0,0.988099992275238,0.8901175260543823,0.027340207248926163,0.921913206577301,0.8630412817001343,5.737890720367432,4.675249099731445,168.0,1.0353012084960938,,,,,,,,,,,,
1,,,7099,2.0,0.9521999955177307,0.8421269655227661,0.11364327371120453,0.8843534588813782,0.8099663257598877,6.797441482543945,5.9102020263671875,610.0,0.7735962271690369,,,,,,,,,,,,
1,,,7109,2.0,0.9790999889373779,0.8800672292709351,0.04843152314424515,0.9284928441047668,0.8424110412597656,6.395343780517578,5.245569705963135,378.0,1.1013426780700684,,,,,,,,,,,,
1,,,7119,2.0,0.9832000136375427,0.9510100483894348,0.03691926598548889,0.9675201177597046,0.9359097480773926,4.888805866241455,4.263320446014404,795.0,0.5885664224624634,,,,,,,,,,,,
1,,,7129,2.0,0.948199987411499,0.8963726758956909,0.11008709669113159,0.9130948781967163,0.8816016912460327,7.733817100524902,6.5493903160095215,1250.0,1.0743399858474731,,,,,,,,,,,,
1,,,7139,2.0,0.9848999977111816,0.9653549790382385,0.03541506081819534,0.9564588069915771,0.9747545123100281,4.981246471405029,4.0189595222473145,923.0,0.9268718957901001,,,,,,,,,,,,
1,,,7149,2.0,0.9876000285148621,0.873803973197937,0.02933334745466709,0.8626125454902649,0.8857567310333252,4.785255432128906,4.416759490966797,170.0,0.3391629755496979,,,,,,,,,,,,
1,,,7159,2.0,0.9718000292778015,0.8956878185272217,0.0664672702550888,0.9147334694862366,0.8786288499832153,7.874728679656982,7.527462005615234,606.0,0.28079932928085327,,,,,,,,,,,,
1,,,7169,2.0,0.988099992275238,0.9608049392700195,0.025709958747029305,0.9709503054618835,0.9511797428131104,4.865123748779297,4.55983304977417,703.0,0.27958062291145325,,,,,,,,,,,,
1,,,7179,2.0,0.9753999710083008,0.8515393137931824,0.05444652587175369,0.8546707630157471,0.8484691977500916,6.420467853546143,5.8071722984313965,383.0,0.5588486790657043,,,,,,,,,,,,
1,,,7189,2.0,0.973800003528595,0.871555507183075,0.07597390562295914,0.9183866381645203,0.8352526426315308,6.177334785461426,5.633958339691162,466.0,0.46740227937698364,,,,,,,,,,,,
1,,,7199,2.0,0.9815999865531921,0.9727447628974915,0.04539294168353081,0.9682073593139648,0.9774699211120605,5.143904685974121,4.238268852233887,1873.0,0.8602426648139954,,,,,,,,,,,,
1,,,7209,2.0,0.9914000034332275,0.9625791311264038,0.026612384244799614,0.954954981803894,0.9705050587654114,5.920947074890137,4.604718208312988,435.0,1.2896164655685425,,,,,,,,,,,,
1,,,7219,2.0,0.9918000102043152,0.9230747222900391,0.03421454876661301,0.9644871950149536,0.8888074159622192,4.252732276916504,3.9516353607177734,223.0,0.2668823301792145,,,,,,,,,,,,
1,,,7229,2.0,0.9872000217437744,0.9682208895683289,0.03162789344787598,0.9678618907928467,0.9685806035995483,5.3481764793396,4.888844013214111,794.0,0.42770424485206604,,,,,,,,,,,,
1,,,7239,2.0,0.9804999828338623,0.9473932981491089,0.05481187626719475,0.9499010443687439,0.9449218511581421,6.788893699645996,6.550372123718262,982.0,0.18370963633060455,,,,,,,,,,,,
1,,,7249,2.0,0.9735999703407288,0.9076842069625854,0.06421095132827759,0.9398881196975708,0.8806955218315125,7.53935432434082,6.818629264831543,633.0,0.6565142869949341,,,,,,,,,,,,
1,,,7259,2.0,0.963100016117096,0.8868526220321655,0.08986232429742813,0.8987935781478882,0.8757843971252441,7.997887134552002,6.942105770111084,555.0,0.9659190773963928,,,,,,,,,,,,
1,,,7269,2.0,0.9621000289916992,0.8054940700531006,0.0831034854054451,0.8940932750701904,0.7525396347045898,7.201267242431641,6.260532379150391,463.0,0.8576313257217407,,,,,,,,,,,,
1,,,7279,2.0,0.9678000211715698,0.9476511478424072,0.08596119284629822,0.9437422752380371,0.9516901969909668,7.143690586090088,6.270613193511963,1251.0,0.7871160507202148,,,,,,,,,,,,
1,,,7289,2.0,0.9199000000953674,0.8713024854660034,0.1710088700056076,0.8884541988372803,0.8567912578582764,8.125086784362793,7.257197856903076,1974.0,0.6968798041343689,,,,,,,,,,,,
1,,,7299,2.0,0.9772999882698059,0.9391248226165771,0.056026048958301544,0.9206379652023315,0.9599196314811707,7.432694911956787,5.441132545471191,613.0,1.9355363845825195,,,,,,,,,,,,
1,,,7309,2.0,0.9731000065803528,0.9049803018569946,0.07300025224685669,0.8651989698410034,0.9573167562484741,6.894157409667969,6.2106122970581055,607.0,0.6105448007583618,,,,,,,,,,,,
1,,,7319,2.0,0.9728000164031982,0.920832633972168,0.06880045682191849,0.9608627557754517,0.8886749148368835,8.03419303894043,7.630861282348633,971.0,0.33453118801116943,,,,,,,,,,,,
1,,,7329,2.0,0.9750000238418579,0.8720514178276062,0.06157108023762703,0.906807541847229,0.8434088230133057,6.703832149505615,6.05645227432251,284.0,0.5858086943626404,,,,,,,,,,,,
1,,,7339,2.0,0.9767000079154968,0.835878849029541,0.051236387342214584,0.8294434547424316,0.8425982594490051,5.786741733551025,5.661309242248535,237.0,0.07419642060995102,,,,,,,,,,,,
1,,,7349,2.0,0.9661999940872192,0.8368630409240723,0.07443578541278839,0.8627064824104309,0.8149311542510986,10.981864929199219,7.078732490539551,352.0,3.8286962509155273,,,,,,,,,,,,
1,,,7359,2.0,0.987500011920929,0.8569825291633606,0.03114248625934124,0.8117413520812988,0.9187912344932556,4.72400426864624,4.4680657386779785,161.0,0.22479599714279175,,,,,,,,,,,,
1,,,7369,2.0,0.9753999710083008,0.8089534640312195,0.05691992864012718,0.8821321725845337,0.7607989311218262,6.596253395080566,4.696355819702148,234.0,1.8429776430130005,,,,,,,,,,,,
1,,,7379,2.0,0.9865999817848206,0.844990611076355,0.030730394646525383,0.795808732509613,0.9154171347618103,5.10352897644043,4.715683460235596,147.0,0.35711535811424255,,,,,,,,,,,,
1,,,7389,2.0,0.9702000021934509,0.8177446126937866,0.057627253234386444,0.8749077916145325,0.7770634889602661,7.734011173248291,7.572266578674316,382.0,0.1041174903512001,,,,,,,,,,,,
1,,,7399,2.0,0.9782999753952026,0.8491168022155762,0.04965170845389366,0.809471607208252,0.9020013809204102,5.873223304748535,4.746852874755859,173.0,1.0767185688018799,,,,,,,,,,,,
1,,,7409,2.0,0.9835000038146973,0.7509971857070923,0.04760415479540825,0.7760696411132812,0.7302829027175903,6.0924296379089355,6.016998291015625,145.0,0.027827421203255653,,,,,,,,,,,,
1,,,7419,2.0,0.9667999744415283,0.8855272531509399,0.07585158944129944,0.935875415802002,0.8474597930908203,6.755209445953369,6.512120723724365,624.0,0.16723749041557312,,,,,,,,,,,,
1,,,7429,2.0,0.9775999784469604,0.9535161852836609,0.05504666641354561,0.9568027853965759,0.9502989649772644,5.358107089996338,5.139952659606934,981.0,0.1631077527999878,,,,,,,,,,,,
1,,,7439,2.0,0.9381999969482422,0.840273380279541,0.13876011967658997,0.8657766580581665,0.8191683888435364,8.218324661254883,7.480586528778076,1025.0,0.5989785194396973,,,,,,,,,,,,
1,,,7449,2.0,0.9907000064849854,0.756719708442688,0.0268644317984581,0.7339792251586914,0.7845317125320435,3.9088754653930664,3.8180413246154785,48.0,0.0639696717262268,,,,,,,,,,,,
1,,,7459,2.0,0.9824000000953674,0.953607439994812,0.03677522763609886,0.9652937650680542,0.9426660537719727,4.836007118225098,4.131761074066162,926.0,0.6674708127975464,,,,,,,,,,,,
1,,,7469,2.0,0.973800003528595,0.8840461373329163,0.07068268954753876,0.8659635186195374,0.9043635129928589,6.481686592102051,6.1298604011535645,454.0,0.28114384412765503,,,,,,,,,,,,
1,,,7479,2.0,0.9736999869346619,0.9323811531066895,0.058768048882484436,0.9592853784561157,0.9093309044837952,5.6756911277771,5.374926567077637,1086.0,0.24199630320072174,,,,,,,,,,,,
1,,,7489,2.0,0.987500011920929,0.9652931690216064,0.030596783384680748,0.9696862697601318,0.9610047340393066,4.68353271484375,4.410382270812988,739.0,0.2425536811351776,,,,,,,,,,,,
1,,,7499,2.0,0.9718999862670898,0.9377033114433289,0.0843111127614975,0.9210009574890137,0.9564684629440308,6.259031295776367,5.3887939453125,881.0,0.7859265804290771,,,,,,,,,,,,
1,,,7509,2.0,0.9545000195503235,0.8581932783126831,0.09896894544363022,0.8375921845436096,0.8823618292808533,6.753347873687744,5.962710380554199,436.0,0.6916684508323669,,,,,,,,,,,,
1,,,7519,2.0,0.9818000197410583,0.8298667669296265,0.046970002353191376,0.9727550148963928,0.7559043765068054,5.689395427703857,5.483223915100098,339.0,0.15920177102088928,,,,,,,,,,,,
1,,,7529,2.0,0.9675999879837036,0.7761580348014832,0.07918117195367813,0.8071069121360779,0.7514150738716125,6.505416393280029,6.182430744171143,397.0,0.24380433559417725,,,,,,,,,,,,
1,,,7539,2.0,0.9843000173568726,0.959924042224884,0.03954609856009483,0.9491065144538879,0.9714670777320862,4.534882545471191,3.9055495262145996,890.0,0.5897867679595947,,,,,,,,,,,,
1,,,7549,2.0,0.9865000247955322,0.8106122016906738,0.029729088768363,0.8293654918670654,0.7939692139625549,5.777421951293945,5.501840114593506,104.0,0.2458527684211731,,,,,,,,,,,,
1,,,7559,2.0,0.9768999814987183,0.8706753849983215,0.06170743331313133,0.8552619218826294,0.8876840472221375,6.423415660858154,6.178831100463867,293.0,0.18287701904773712,,,,,,,,,,,,
1,,,7569,2.0,0.9824000000953674,0.8463137149810791,0.04648358374834061,0.7988526225090027,0.9137089252471924,4.9809889793396,4.627742767333984,236.0,0.30676284432411194,,,,,,,,,,,,
1,,,7579,2.0,0.9704999923706055,0.9356942176818848,0.08952555060386658,0.9450600147247314,0.9268797636032104,5.204272270202637,4.349556922912598,1197.0,0.7651894092559814,,,,,,,,,,,,
1,,,7589,2.0,0.9853000044822693,0.9161697626113892,0.04384229704737663,0.9328294992446899,0.9008775949478149,5.262272357940674,4.83287239074707,374.0,0.38555771112442017,,,,,,,,,,,,
1,,,7599,2.0,0.9666000008583069,0.7443164587020874,0.1103886142373085,0.8958922624588013,0.6807515025138855,6.401468276977539,6.007904529571533,349.0,0.28317493200302124,,,,,,,,,,,,
1,,,7609,2.0,0.9855999946594238,0.9630510210990906,0.03809083253145218,0.9526091814041138,0.9741603136062622,5.062695026397705,4.653591156005859,801.0,0.3710130751132965,,,,,,,,,,,,
1,,,7619,2.0,0.9710000157356262,0.8644482493400574,0.06601526588201523,0.8579409122467041,0.8712371587753296,6.362874984741211,5.771052360534668,479.0,0.5258073806762695,,,,,,,,,,,,
1,,,7629,2.0,0.9650999903678894,0.8042160868644714,0.09139496088027954,0.8598142266273499,0.7650086879730225,7.196956634521484,6.9020466804504395,524.0,0.20351509749889374,,,,,,,,,,,,
1,,,7639,2.0,0.9746000170707703,0.9309735298156738,0.05583416298031807,0.9536569714546204,0.911047637462616,4.40391731262207,4.178400039672852,847.0,0.16968290507793427,,,,,,,,,,,,
1,,,7649,2.0,0.9629999995231628,0.8681193590164185,0.08245483785867691,0.9039604663848877,0.8392049074172974,8.12304401397705,7.189151287078857,736.0,0.8514384627342224,,,,,,,,,,,,
1,,,7659,2.0,0.9301999807357788,0.887518048286438,0.15458500385284424,0.8794037699699402,0.8963486552238464,7.500409126281738,6.855473518371582,1462.0,0.49035072326660156,,,,,,,,,,,,
1,,,7669,2.0,0.9797000288963318,0.9678506851196289,0.06350357830524445,0.9681209325790405,0.9675811529159546,6.3763933181762695,5.714831829071045,1466.0,0.5980576872825623,,,,,,,,,,,,
1,,,7679,2.0,0.9631999731063843,0.8099133968353271,0.08238319307565689,0.8652766942977905,0.7707451581954956,6.056270599365234,5.77290678024292,507.0,0.20098066329956055,,,,,,,,,,,,
1,,,7689,2.0,0.957099974155426,0.8757807612419128,0.11007703840732574,0.8474275469779968,0.9111063480377197,6.986285209655762,5.64050817489624,470.0,1.2357003688812256,,,,,,,,,,,,
1,,,7699,2.0,0.9696000218391418,0.9453673362731934,0.0764613151550293,0.9490417242050171,0.941791296005249,7.529362678527832,6.172007083892822,1050.0,1.28089439868927,,,,,,,,,,,,
1,,,7709,2.0,0.993399977684021,0.9259430766105652,0.0200460497289896,0.9490892291069031,0.9051741361618042,7.37199592590332,5.79322624206543,215.0,1.5587233304977417,,,,,,,,,,,,
1,,,7719,2.0,0.9789999723434448,0.8487206101417542,0.04226847365498543,0.8583271503448486,0.8396620750427246,5.363245487213135,5.064822196960449,228.0,0.25615498423576355,,,,,,,,,,,,
1,,,7729,2.0,0.963100016117096,0.9272269010543823,0.0978328213095665,0.9338913559913635,0.9208714365959167,4.733181953430176,4.4033942222595215,1078.0,0.23195503652095795,,,,,,,,,,,,
1,,,7739,2.0,0.9884999990463257,0.9694195985794067,0.03421209007501602,0.9672634601593018,0.9716020226478577,4.5647993087768555,4.2163004875183105,950.0,0.3142865002155304,,,,,,,,,,,,
1,,,7749,2.0,0.9829999804496765,0.9142534732818604,0.04280070587992668,0.9142534732818604,0.9142534732818604,7.452642440795898,7.383803367614746,497.0,0.026038264855742455,,,,,,,,,,,,
1,,,7759,2.0,0.9588000178337097,0.8712640404701233,0.1005711704492569,0.8904218673706055,0.8543358445167542,8.708059310913086,7.449490547180176,463.0,1.1579973697662354,,,,,,,,,,,,
1,,,7769,2.0,0.972599983215332,0.8758294582366943,0.05958609655499458,0.8659201264381409,0.886387288570404,5.843501091003418,4.852158069610596,350.0,0.9317569732666016,,,,,,,,,,,,
1,,,7779,2.0,0.9829000234603882,0.8551966547966003,0.04209689795970917,0.8965085744857788,0.82218337059021,9.063037872314453,8.95599365234375,169.0,0.06494679301977158,,,,,,,,,,,,
1,,,7789,2.0,0.9769999980926514,0.9549514055252075,0.07116004079580307,0.9567073583602905,0.9532161951065063,8.87950611114502,8.038130760192871,1481.0,0.7702154517173767,,,,,,,,,,,,
1,,,7799,2.0,0.9814000129699707,0.9251984357833862,0.04728517681360245,0.8928489685058594,0.9646288156509399,7.175195217132568,7.012337684631348,456.0,0.11557238548994064,,,,,,,,,,,,
1,,,7809,2.0,0.9768999814987183,0.8576059937477112,0.048659052699804306,0.8368555903434753,0.8814440965652466,5.549165725708008,5.247159004211426,364.0,0.2533480226993561,,,,,,,,,,,,
1,,,7819,2.0,0.9865000247955322,0.9317221641540527,0.03672024980187416,0.9501734972000122,0.9148999452590942,5.879351615905762,5.506070137023926,527.0,0.3365609645843506,,,,,,,,,,,,
1,,,7829,2.0,0.9775999784469604,0.867157518863678,0.05964934825897217,0.8786648511886597,0.8564049005508423,7.057705879211426,6.288955211639404,379.0,0.7091009616851807,,,,,,,,,,,,
1,,,7839,2.0,0.9549000263214111,0.7698147296905518,0.10373731702566147,0.7905306816101074,0.7522627115249634,7.124451160430908,5.809454917907715,318.0,1.211258888244629,,,,,,,,,,,,
1,,,7849,2.0,0.9725000262260437,0.9132212400436401,0.06238200515508652,0.9227573871612549,0.9042077660560608,7.518701076507568,7.324530124664307,574.0,0.13178890943527222,,,,,,,,,,,,
1,,,7859,2.0,0.9455000162124634,0.8352042436599731,0.12712380290031433,0.8301645517349243,0.8404502868652344,8.217245101928711,7.942087650299072,638.0,0.14803388714790344,,,,,,,,,,,,
1,,,7869,2.0,0.9891999959945679,0.9457218050956726,0.027739746496081352,0.9281046390533447,0.9650700092315674,5.377076148986816,5.063926696777344,291.0,0.2854101359844208,,,,,,,,,,,,
1,,,7879,2.0,0.9731000065803528,0.9330857992172241,0.11615611612796783,0.9213738441467285,0.9457292556762695,7.37311315536499,6.496642589569092,553.0,0.7603145837783813,,,,,,,,,,,,
1,,,7889,2.0,0.98089998960495,0.9130953550338745,0.04546823352575302,0.9301384687423706,0.8975359797477722,5.7443623542785645,4.994653224945068,344.0,0.7042409777641296,,,,,,,,,,,,
1,,,7899,2.0,0.9682999849319458,0.8842751383781433,0.07354757934808731,0.9155106544494629,0.8581995964050293,6.086404323577881,5.734711170196533,513.0,0.278145968914032,,,,,,,,,,,,
1,,,7909,2.0,0.9404000043869019,0.8497157096862793,0.11691917479038239,0.8780266046524048,0.8266364336013794,7.185835361480713,6.673092365264893,736.0,0.3958238363265991,,,,,,,,,,,,
1,,,7919,2.0,0.9761999845504761,0.8710663318634033,0.06670338660478592,0.8646595478057861,0.8777339458465576,5.681966304779053,5.217514514923096,380.0,0.3977486789226532,,,,,,,,,,,,
1,,,7929,2.0,0.9463000297546387,0.822346568107605,0.13455940783023834,0.8454632759094238,0.8028074502944946,6.575249671936035,6.026533126831055,463.0,0.4141567349433899,,,,,,,,,,,,
1,,,7939,2.0,0.9850000143051147,0.9232308864593506,0.035650238394737244,0.916364848613739,0.9303587675094604,5.945464134216309,5.6194963455200195,378.0,0.2903175950050354,,,,,,,,,,,,
1,,,7949,2.0,0.9828000068664551,0.8757627010345459,0.03924158215522766,0.8808761835098267,0.8707970380783081,6.120020866394043,5.918010234832764,246.0,0.1627686619758606,,,,,,,,,,,,
1,,,7959,2.0,0.991100013256073,0.658065676689148,0.02664010226726532,0.7250460982322693,0.6222686767578125,3.953087329864502,3.8424460887908936,51.0,0.08400098234415054,,,,,,,,,,,,
1,,,7969,2.0,0.9614999890327454,0.8956886529922485,0.08535116910934448,0.9185988903045654,0.8758387565612793,6.087761878967285,5.767418384552002,741.0,0.23499228060245514,,,,,,,,,,,,
1,,,7979,2.0,0.9473000168800354,0.8630719184875488,0.1174602285027504,0.8815810680389404,0.8468343615531921,7.749424934387207,6.476011276245117,837.0,1.155953288078308,,,,,,,,,,,,
1,,,7989,2.0,0.9556999802589417,0.817639946937561,0.09825054556131363,0.8472187519073486,0.7934889197349548,7.202696323394775,6.443880558013916,657.0,0.6605654358863831,,,,,,,,,,,,
1,,,7999,2.0,0.9708999991416931,0.9441456198692322,0.06954911351203918,0.9265751838684082,0.9642239809036255,7.211404323577881,6.714964866638184,1106.0,0.4268902838230133,,,,,,,,,,,,
,9.990232305719945e-05,0.0009990232305719944,8000,,,,,,,,,,,,,,,,,,,,,,
2,,,8009,2.0,0.9591000080108643,0.9076825380325317,0.10434472560882568,0.9204541444778442,0.8959698677062988,6.417078971862793,6.142090797424316,819.0,0.17064327001571655,,,,,,,,,,,,
2,,,8019,2.0,0.9865000247955322,0.9437825679779053,0.04395628720521927,0.97553551197052,0.9165772199630737,5.732572555541992,5.593141078948975,669.0,0.09547539800405502,,,,,,,,,,,,
2,,,8029,2.0,0.9764999747276306,0.9079887866973877,0.06013955548405647,0.9350427389144897,0.8846249580383301,7.082932472229004,6.4725213050842285,473.0,0.5502713918685913,,,,,,,,,,,,
2,,,8039,2.0,0.9839000105857849,0.9173734784126282,0.03995012864470482,0.945054292678833,0.8933092355728149,5.896535396575928,5.542577266693115,515.0,0.31400835514068604,,,,,,,,,,,,
2,,,8049,2.0,0.9873999953269958,0.9624384045600891,0.030531296506524086,0.9665292501449585,0.9584369659423828,5.086066246032715,4.879917144775391,734.0,0.17561762034893036,,,,,,,,,,,,
2,,,8059,2.0,0.9914000034332275,0.9517061710357666,0.026494698598980904,0.9582489728927612,0.9453678131103516,5.616129398345947,5.467926502227783,260.0,0.1217082068324089,,,,,,,,,,,,
2,,,8069,2.0,0.9787999987602234,0.9281530380249023,0.06334145367145538,0.9049654006958008,0.9548947811126709,5.336379051208496,5.098148822784424,665.0,0.17488865554332733,,,,,,,,,,,,
2,,,8079,2.0,0.989799976348877,0.8428617715835571,0.02965204231441021,0.862337052822113,0.8254489898681641,5.364406585693359,5.123927593231201,127.0,0.2108267992734909,,,,,,,,,,,,
2,,,8089,2.0,0.9761000275611877,0.9427371025085449,0.04857892543077469,0.9481713771820068,0.9374810457229614,4.962079048156738,4.330582618713379,1023.0,0.5829176902770996,,,,,,,,,,,,
2,,,8099,2.0,0.9629999995231628,0.8464797735214233,0.10568001866340637,0.8781164884567261,0.8205069899559021,6.616690158843994,5.565598011016846,438.0,0.9454122185707092,,,,,,,,,,,,
2,,,8109,2.0,0.9445000290870667,0.8291304111480713,0.12238985300064087,0.7971073389053345,0.8720422983169556,7.27059268951416,6.954825401306152,412.0,0.19337764382362366,,,,,,,,,,,,
2,,,8119,2.0,0.9771000146865845,0.9665883779525757,0.05367354676127434,0.9694507122039795,0.963798999786377,5.76967716217041,5.455109119415283,1917.0,0.2608945369720459,,,,,,,,,,,,
2,,,8129,2.0,0.9847000241279602,0.8720661997795105,0.036777082830667496,0.8217713832855225,0.9430942535400391,5.982110023498535,5.850982666015625,211.0,0.09435050934553146,,,,,,,,,,,,
2,,,8139,2.0,0.9617000222206116,0.9014493227005005,0.09149208664894104,0.8913114070892334,0.9123330116271973,6.546401023864746,6.159175872802734,909.0,0.2957327961921692,,,,,,,,,,,,
2,,,8149,2.0,0.9818000197410583,0.9579082131385803,0.05567203462123871,0.9670937061309814,0.9492107033729553,6.207780361175537,5.9907097816467285,1001.0,0.1613982915878296,,,,,,,,,,,,
2,,,8159,2.0,0.9857000112533569,0.9078935384750366,0.03396943211555481,0.9398890137672424,0.8806153535842896,8.472465515136719,5.099678993225098,377.0,3.3388173580169678,,,,,,,,,,,,
2,,,8169,2.0,0.9286999702453613,0.8890299797058105,0.16393499076366425,0.8615226745605469,0.9276794791221619,8.00040054321289,7.2882080078125,1557.0,0.5482571125030518,,,,,,,,,,,,
2,,,8179,2.0,0.977400004863739,0.9480934739112854,0.06733566522598267,0.9756187796592712,0.9246283769607544,5.676365375518799,4.355367660522461,1252.0,1.253662109375,,,,,,,,,,,,
2,,,8189,2.0,0.9739999771118164,0.8727586269378662,0.06513559818267822,0.9002859592437744,0.849229097366333,6.425044536590576,5.721251964569092,405.0,0.6386569738388062,,,,,,,,,,,,
2,,,8199,2.0,0.982699990272522,0.8119188547134399,0.052399810403585434,0.8717969655990601,0.7694302201271057,6.666889667510986,5.508202075958252,187.0,1.1062878370285034,,,,,,,,,,,,
2,,,8209,2.0,0.9775999784469604,0.9236515760421753,0.05055344104766846,0.9300805330276489,0.9174531698226929,6.948666572570801,5.9806036949157715,771.0,0.9175097942352295,,,,,,,,,,,,
2,,,8219,2.0,0.9800999760627747,0.5854988098144531,0.08167040348052979,0.7204749584197998,0.5550844073295593,6.766200542449951,5.58716344833374,147.0,1.0973668098449707,,,,,,,,,,,,
2,,,8229,2.0,0.9839000105857849,0.9399522542953491,0.03671281039714813,0.9210482835769653,0.9610210657119751,5.0878496170043945,4.534611701965332,443.0,0.5165254473686218,,,,,,,,,,,,
2,,,8239,2.0,0.9848999977111816,0.8753032684326172,0.0355621874332428,0.9392220377922058,0.8285795450210571,5.850897789001465,5.320910453796387,276.0,0.49442553520202637,,,,,,,,,,,,
2,,,8249,2.0,0.98580002784729,0.9259641170501709,0.026899022981524467,0.9077266454696655,0.9461534023284912,6.228409767150879,5.049871921539307,307.0,1.1516392230987549,,,,,,,,,,,,
2,,,8259,2.0,0.972599983215332,0.9585649371147156,0.06738739460706711,0.9690276980400085,0.9489856362342834,6.8190693855285645,4.385733127593994,1598.0,2.3659486770629883,,,,,,,,,,,,
2,,,8269,2.0,0.9679999947547913,0.8900479674339294,0.07340820878744125,0.9061733484268188,0.8754158020019531,6.929464340209961,5.466183185577393,448.0,1.3898732662200928,,,,,,,,,,,,
2,,,8279,2.0,0.9753999710083008,0.7913545370101929,0.057729121297597885,0.8295176029205322,0.7616733312606812,6.559424877166748,6.393002986907959,232.0,0.10869261622428894,,,,,,,,,,,,
2,,,8289,2.0,0.9652000069618225,0.6814399361610413,0.07586754113435745,0.7191886305809021,0.6556578874588013,5.986571788787842,5.884809970855713,269.0,0.025894103571772575,,,,,,,,,,,,
2,,,8299,2.0,0.9821000099182129,0.7896783351898193,0.050048328936100006,0.8055233955383301,0.775484561920166,5.609519004821777,5.322422504425049,145.0,0.2370481938123703,,,,,,,,,,,,
2,,,8309,2.0,0.9284999966621399,0.854944109916687,0.15265527367591858,0.8727425336837769,0.8395885229110718,6.486313343048096,5.761086463928223,975.0,0.5725715756416321,,,,,,,,,,,,
2,,,8319,2.0,0.9886000156402588,0.9758946895599365,0.030084505677223206,0.9756026864051819,0.9761871099472046,4.861934185028076,4.5408525466918945,1040.0,0.29099714756011963,,,,,,,,,,,,
2,,,8329,2.0,0.9851999878883362,0.8426816463470459,0.04261147230863571,0.9056140184402466,0.797431468963623,6.12665319442749,5.961785316467285,224.0,0.12225645035505295,,,,,,,,,,,,
2,,,8339,2.0,0.9868999719619751,0.9206793308258057,0.0341276079416275,0.9428451061248779,0.9008314609527588,6.246520519256592,6.113065719604492,322.0,0.09932728111743927,,,,,,,,,,,,
2,,,8349,2.0,0.9843999743461609,0.945385217666626,0.03633715584874153,0.9407013654708862,0.9501916170120239,5.58076286315918,5.365924835205078,555.0,0.1785004734992981,,,,,,,,,,,,
2,,,8359,2.0,0.9725000262260437,0.9063223600387573,0.07275521755218506,0.919633150100708,0.8940054178237915,6.938716411590576,6.607098579406738,528.0,0.25886261463165283,,,,,,,,,,,,
2,,,8369,2.0,0.9623000025749207,0.9399235248565674,0.13059185445308685,0.940868616104126,0.9389861226081848,7.633497714996338,7.055334568023682,1408.0,0.44757139682769775,,,,,,,,,,,,
2,,,8379,2.0,0.991100013256073,0.7806787490844727,0.025927908718585968,0.7273336052894592,0.868317723274231,4.316600322723389,4.24020528793335,45.0,0.05046691372990608,,,,,,,,,,,,
2,,,8389,2.0,0.9817000031471252,0.8415032029151917,0.047183550894260406,0.8099678754806519,0.8809000253677368,5.705634593963623,5.4729390144348145,238.0,0.18551206588745117,,,,,,,,,,,,
2,,,8399,2.0,0.9574000239372253,0.8674356937408447,0.08934760838747025,0.9082226753234863,0.8356750011444092,6.522570610046387,5.598587989807129,644.0,0.8346349000930786,,,,,,,,,,,,
2,,,8409,2.0,0.9890000224113464,0.9769940972328186,0.025997832417488098,0.9769940972328186,0.9769940972328186,4.333279132843018,3.834662675857544,1272.0,0.47261857986450195,,,,,,,,,,,,
2,,,8419,2.0,0.9850999712944031,0.9695601463317871,0.03546572104096413,0.9724653959274292,0.9667075872421265,4.101798057556152,3.6794049739837646,880.0,0.38692718744277954,,,,,,,,,,,,
2,,,8429,2.0,0.9753999710083008,0.9497582912445068,0.06306053698062897,0.934335470199585,0.9669585824012756,6.708256244659424,5.2966203689575195,925.0,1.3485751152038574,,,,,,,,,,,,
2,,,8439,2.0,0.9679999947547913,0.9111900329589844,0.07007584720849991,0.9122891426086426,0.9100986123085022,10.379755020141602,5.754217624664307,713.0,4.555461883544922,,,,,,,,,,,,
2,,,8449,2.0,0.9581999778747559,0.9483444094657898,0.12672582268714905,0.938739538192749,0.9595032930374146,6.732903480529785,5.913276672363281,1814.0,0.692901074886322,,,,,,,,,,,,
2,,,8459,2.0,0.9800000190734863,0.8991217613220215,0.05412435904145241,0.8556159734725952,0.9570071697235107,7.05545711517334,4.625227451324463,285.0,2.3761050701141357,,,,,,,,,,,,
2,,,8469,2.0,0.9858999848365784,0.9732342958450317,0.034698814153671265,0.9745999574661255,0.9718809127807617,5.930510520935059,4.665520668029785,1120.0,1.2302907705307007,,,,,,,,,,,,
2,,,8479,2.0,0.9872000217437744,0.9670242071151733,0.035182077437639236,0.975504994392395,0.9589337110519409,4.53800106048584,4.213920593261719,984.0,0.28889867663383484,,,,,,,,,,,,
2,,,8489,2.0,0.9758999943733215,0.8500878214836121,0.05985622480511665,0.8821768164634705,0.8234502077102661,5.770673751831055,5.140851020812988,247.0,0.5699664950370789,,,,,,,,,,,,
2,,,8499,2.0,0.9771000146865845,0.9209954738616943,0.06536982953548431,0.9031310081481934,0.9409294128417969,8.398185729980469,6.660614490509033,375.0,1.6722016334533691,,,,,,,,,,,,
2,,,8509,2.0,0.9886999726295471,0.9451298713684082,0.03072201833128929,0.9182353019714355,0.9763113260269165,6.349274635314941,6.238909721374512,399.0,0.0796428993344307,,,,,,,,,,,,
2,,,8519,2.0,0.9632999897003174,0.8484909534454346,0.08327624201774597,0.8714433908462524,0.8286594152450562,6.260589122772217,5.999911308288574,556.0,0.17740176618099213,,,,,,,,,,,,
2,,,8529,2.0,0.978600025177002,0.9264695644378662,0.06345910578966141,0.9127240180969238,0.9413915276527405,6.486371040344238,5.69680643081665,514.0,0.7261055111885071,,,,,,,,,,,,
2,,,8539,2.0,0.9837999939918518,0.9633228778839111,0.03848486766219139,0.9642661213874817,0.9623849987983704,4.21365213394165,3.8653488159179688,1134.0,0.3098185062408447,,,,,,,,,,,,
2,,,8549,2.0,0.9763000011444092,0.9407721757888794,0.05495539680123329,0.922885537147522,0.9608711004257202,5.270420551300049,4.756424427032471,599.0,0.4590407609939575,,,,,,,,,,,,
2,,,8559,2.0,0.9649999737739563,0.9538578987121582,0.12684378027915955,0.9393894672393799,0.9712781310081482,7.6980180740356445,4.831746578216553,1771.0,2.7394275665283203,,,,,,,,,,,,
2,,,8569,2.0,0.9632999897003174,0.9084967374801636,0.08788248151540756,0.9131395220756531,0.9039944410324097,6.857293128967285,6.330986976623535,648.0,0.4384237229824066,,,,,,,,,,,,
2,,,8579,2.0,0.978600025177002,0.7445330023765564,0.05678635835647583,0.8897767066955566,0.6805818676948547,5.766170024871826,4.965705871582031,204.0,0.7436774969100952,,,,,,,,,,,,
2,,,8589,2.0,0.9851999878883362,0.8997980952262878,0.04195644333958626,0.9018082618713379,0.8978098630905151,4.752099514007568,4.448868751525879,277.0,0.2612742781639099,,,,,,,,,,,,
2,,,8599,2.0,0.9866999983787537,0.7316925525665283,0.029984628781676292,0.9544962644577026,0.6574992537498474,5.495340347290039,5.415390491485596,121.0,0.04996538907289505,,,,,,,,,,,,
2,,,8609,2.0,0.9898999929428101,0.983150839805603,0.023305263370275497,0.9848963022232056,0.9814273715019226,4.957969665527344,3.909843683242798,1061.0,1.0248208045959473,,,,,,,,,,,,
2,,,8619,2.0,0.991100013256073,0.9791914224624634,0.02283347398042679,0.9710804224014282,0.9877004623413086,4.383987903594971,3.9111557006835938,715.0,0.4499985873699188,,,,,,,,,,,,
2,,,8629,2.0,0.9904000163078308,0.9749237298965454,0.02387041412293911,0.967292845249176,0.9828922748565674,7.040228843688965,6.0666823387146,1021.0,0.9496761560440063,,,,,,,,,,,,
2,,,8639,2.0,0.9833999872207642,0.8987017869949341,0.041731495410203934,0.9022970199584961,0.8951772451400757,6.2121124267578125,5.776364803314209,267.0,0.394016295671463,,,,,,,,,,,,
2,,,8649,2.0,0.9800999760627747,0.9088690876960754,0.05388295277953148,0.9265964031219482,0.8927559852600098,9.25229263305664,9.142093658447266,315.0,0.05631602555513382,,,,,,,,,,,,
2,,,8659,2.0,0.9645000100135803,0.8115502595901489,0.09628695249557495,0.874092698097229,0.768782377243042,7.67702054977417,6.863315582275391,384.0,0.717418372631073,,,,,,,,,,,,
2,,,8669,2.0,0.9878000020980835,0.8927624225616455,0.028833191841840744,0.920744776725769,0.8684908151626587,5.778819561004639,5.596467018127441,245.0,0.15351900458335876,,,,,,,,,,,,
2,,,8679,2.0,0.989799976348877,0.9756593108177185,0.024226659908890724,0.9712181091308594,0.9802170991897583,4.301646709442139,3.7022297382354736,985.0,0.5751903057098389,,,,,,,,,,,,
2,,,8689,2.0,0.9598000049591064,0.8982348442077637,0.09186947345733643,0.8859237432479858,0.9116837978363037,6.7135419845581055,6.158222675323486,586.0,0.4634499251842499,,,,,,,,,,,,
2,,,8699,2.0,0.9843000173568726,0.8589609861373901,0.03290219604969025,0.84003746509552,0.8803033828735352,5.878656387329102,5.310279369354248,259.0,0.5354745388031006,,,,,,,,,,,,
2,,,8709,2.0,0.9884999990463257,0.7784554958343506,0.0302298404276371,0.8235901594161987,0.7446869611740112,5.916310787200928,5.729894161224365,104.0,0.15618664026260376,,,,,,,,,,,,
2,,,8719,2.0,0.9801999926567078,0.8596160411834717,0.04597428813576698,0.9862115979194641,0.7882320880889893,6.600323677062988,6.0229597091674805,389.0,0.531389594078064,,,,,,,,,,,,
2,,,8729,2.0,0.9927999973297119,0.8748856782913208,0.016735026612877846,0.8490484952926636,0.9050252437591553,4.6768798828125,4.392537593841553,114.0,0.26760706305503845,,,,,,,,,,,,
2,,,8739,2.0,0.9817000031471252,0.9641275405883789,0.04706362262368202,0.9723689556121826,0.9563136100769043,5.855286598205566,5.4883317947387695,1370.0,0.31989094614982605,,,,,,,,,,,,
2,,,8749,2.0,0.9745000004768372,0.9409222602844238,0.06250683218240738,0.9371184706687927,0.9448206424713135,4.956981658935547,4.611612796783447,858.0,0.2828620672225952,,,,,,,,,,,,
2,,,8759,2.0,0.9714999794960022,0.8963439464569092,0.06273896992206573,0.894634485244751,0.8980715274810791,7.830895900726318,6.229586601257324,702.0,1.5385704040527344,,,,,,,,,,,,
2,,,8769,2.0,0.9828000068664551,0.8852691054344177,0.05230521410703659,0.927757203578949,0.8510850667953491,6.1275835037231445,5.8351731300354,332.0,0.24010531604290009,,,,,,,,,,,,
2,,,8779,2.0,0.9660999774932861,0.8484325408935547,0.10841700434684753,0.9103081226348877,0.8047855496406555,6.115607738494873,5.580231189727783,442.0,0.42695945501327515,,,,,,,,,,,,
2,,,8789,2.0,0.9760000109672546,0.7538461685180664,0.047110557556152344,0.7275131940841675,0.7877858281135559,5.679584503173828,4.852249622344971,129.0,0.7802245020866394,,,,,,,,,,,,
2,,,8799,2.0,0.9868000149726868,0.9770808815956116,0.03086935728788376,0.9738812446594238,0.980354905128479,5.174715995788574,4.300231456756592,1623.0,0.8436149954795837,,,,,,,,,,,,
2,,,8809,2.0,0.9783999919891357,0.9620829224586487,0.05638476461172104,0.9761731624603271,0.9493088722229004,5.805312156677246,4.6384596824646,1669.0,1.1104681491851807,,,,,,,,,,,,
2,,,8819,2.0,0.9921000003814697,0.9798983931541443,0.01755332015454769,0.9752036333084106,0.9847186803817749,4.405976295471191,3.6512115001678467,840.0,0.7372115254402161,,,,,,,,,,,,
2,,,8829,2.0,0.9799000024795532,0.9769772291183472,0.057873308658599854,0.9790003895759583,0.9750288724899292,6.8641767501831055,6.370804309844971,2316.0,0.4354992210865021,,,,,,,,,,,,
2,,,8839,2.0,0.9793000221252441,0.9642922878265381,0.05542706325650215,0.9585006237030029,0.9703430533409119,7.606550216674805,5.0873236656188965,1510.0,2.4637997150421143,,,,,,,,,,,,
2,,,8849,2.0,0.9908000230789185,0.8379441499710083,0.030704207718372345,0.8474645018577576,0.8289495706558228,4.6704487800598145,4.574723720550537,102.0,0.0650210753083229,,,,,,,,,,,,
2,,,8859,2.0,0.979200005531311,0.7583193778991699,0.04764038696885109,0.7538139820098877,0.7629992961883545,6.045600414276123,5.880649566650391,132.0,0.11731063574552536,,,,,,,,,,,,
2,,,8869,2.0,0.9890000224113464,0.9846714735031128,0.027423592284321785,0.9861168265342712,0.9832454919815063,8.878204345703125,4.4007039070129395,1487.0,4.450077056884766,,,,,,,,,,,,
2,,,8879,2.0,0.9810000061988831,0.9502063989639282,0.054581135511398315,0.940824568271637,0.960136890411377,7.9715256690979,5.559832572937012,998.0,2.357111930847168,,,,,,,,,,,,
2,,,8889,2.0,0.9925000071525574,0.8617352247238159,0.02015921100974083,0.8409942388534546,0.8852668404579163,4.845252513885498,4.656109809875488,90.0,0.16898362338542938,,,,,,,,,,,,
2,,,8899,2.0,0.9714000225067139,0.9322428703308105,0.07393902540206909,0.9138058423995972,0.9531686902046204,18.605628967285156,5.085632801055908,568.0,13.44605827331543,,,,,,,,,,,,
2,,,8909,2.0,0.9889000058174133,0.9495762586593628,0.029385773465037346,0.9535846710205078,0.9456483125686646,4.898211479187012,4.568264007568359,516.0,0.3005617558956146,,,,,,,,,,,,
2,,,8919,2.0,0.973800003528595,0.950663685798645,0.06462384760379791,0.9300159215927124,0.9748541116714478,4.7083635330200195,4.34181022644043,751.0,0.3019295930862427,,,,,,,,,,,,
2,,,8929,2.0,0.9793000221252441,0.9571335315704346,0.050870899111032486,0.9521777033805847,0.9622547030448914,5.9058427810668945,5.629493713378906,1069.0,0.22547835111618042,,,,,,,,,,,,
2,,,8939,2.0,0.9645000100135803,0.8589041233062744,0.08175880461931229,0.8769564628601074,0.8427979946136475,7.724361419677734,6.330941677093506,543.0,1.3116610050201416,,,,,,,,,,,,
2,,,8949,2.0,0.968999981880188,0.9362775087356567,0.09759103506803513,0.9225723743438721,0.9514176249504089,6.802160263061523,5.721977233886719,712.0,0.9825918674468994,,,,,,,,,,,,
2,,,8959,2.0,0.9872000217437744,0.7365975379943848,0.028950974345207214,0.7026796936988831,0.7849218845367432,4.742259979248047,4.178104400634766,69.0,0.5352043509483337,,,,,,,,,,,,
2,,,8969,2.0,0.989799976348877,0.9747148156166077,0.02340920828282833,0.9732664823532104,0.9761751890182495,4.4053497314453125,4.0038676261901855,909.0,0.37807294726371765,,,,,,,,,,,,
2,,,8979,2.0,0.9567000269889832,0.8774839639663696,0.10547548532485962,0.8887275457382202,0.8670588135719299,7.633791923522949,6.431279182434082,653.0,1.097037434577942,,,,,,,,,,,,
2,,,8989,2.0,0.9824000000953674,0.945950984954834,0.04769837111234665,0.9658993482589722,0.9280180335044861,6.1317901611328125,5.726773738861084,706.0,0.35731810331344604,,,,,,,,,,,,
2,,,8999,2.0,0.9692000150680542,0.9127331972122192,0.07497883588075638,0.9184792637825012,0.9071881175041199,5.935651779174805,5.571013927459717,581.0,0.2896592319011688,,,,,,,,,,,,
2,,,9009,2.0,0.9532999992370605,0.8290903568267822,0.12156052142381668,0.9471673965454102,0.7666047811508179,7.191782474517822,5.692501544952393,548.0,1.3777202367782593,,,,,,,,,,,,
2,,,9019,2.0,0.9927999973297119,0.9684782028198242,0.01783899776637554,0.9620944261550903,0.9750690460205078,5.387425422668457,5.168331623077393,599.0,0.20125502347946167,,,,,,,,,,,,
2,,,9029,2.0,0.9878000020980835,0.8153502941131592,0.02585301548242569,0.8526564836502075,0.7854436635971069,5.656006813049316,5.365054607391357,148.0,0.26509925723075867,,,,,,,,,,,,
2,,,9039,2.0,0.9800999760627747,0.8336024284362793,0.04813379794359207,0.914823055267334,0.7804594039916992,8.136465072631836,6.222964286804199,317.0,1.8653665781021118,,,,,,,,,,,,
2,,,9049,2.0,0.9916999936103821,0.9160169959068298,0.025270892307162285,0.9517616629600525,0.8857817649841309,5.995936870574951,5.814648628234863,265.0,0.1560172438621521,,,,,,,,,,,,
2,,,9059,2.0,0.9829999804496765,0.968281626701355,0.05252707377076149,0.9557538032531738,0.9819802045822144,4.944377422332764,4.333823204040527,821.0,0.5580273866653442,,,,,,,,,,,,
2,,,9069,2.0,0.9843999743461609,0.9658737182617188,0.04588336870074272,0.9777007102966309,0.9548507928848267,6.056830406188965,5.10378885269165,1308.0,0.9071584343910217,,,,,,,,,,,,
2,,,9079,2.0,0.9761000275611877,0.9383035898208618,0.058305393904447556,0.9127011299133301,0.9686529040336609,5.600108623504639,5.316738605499268,848.0,0.22506485879421234,,,,,,,,,,,,
2,,,9089,2.0,0.9740999937057495,0.9503140449523926,0.05751577019691467,0.9372047185897827,0.9647468328475952,5.43902587890625,4.9888997077941895,1389.0,0.3926103711128235,,,,,,,,,,,,
2,,,9099,2.0,0.9799000024795532,0.9351482391357422,0.05440358445048332,0.9382070302963257,0.932141900062561,6.452365875244141,5.51041841506958,743.0,0.8875436782836914,,,,,,,,,,,,
2,,,9109,2.0,0.972599983215332,0.802087128162384,0.058866627514362335,0.7705889940261841,0.8430366516113281,6.548465728759766,6.432449817657471,222.0,0.05714956670999527,,,,,,,,,,,,
2,,,9119,2.0,0.9178000092506409,0.7762284278869629,0.17949055135250092,0.824051558971405,0.7441042065620422,7.298614501953125,6.8220367431640625,693.0,0.2970871329307556,,,,,,,,,,,,
2,,,9129,2.0,0.9894999861717224,0.8217499256134033,0.026966333389282227,0.8871800899505615,0.7757688164710999,5.871989727020264,5.734643459320068,139.0,0.11037953943014145,,,,,,,,,,,,
2,,,9139,2.0,0.9684000015258789,0.8942298889160156,0.07322216778993607,0.8565347790718079,0.9436689615249634,6.145892143249512,5.739255905151367,492.0,0.33341413736343384,,,,,,,,,,,,
2,,,9149,2.0,0.964900016784668,0.8627558946609497,0.07474816590547562,0.832229495048523,0.9010449647903442,6.831587314605713,5.437317371368408,326.0,1.3195220232009888,,,,,,,,,,,,
2,,,9159,2.0,0.9704999923706055,0.8685193061828613,0.06604832410812378,0.9000005125999451,0.8422847986221313,6.965254306793213,6.35556697845459,375.0,0.5436391234397888,,,,,,,,,,,,
2,,,9169,2.0,0.9854999780654907,0.9244707822799683,0.03972402215003967,0.9224938154220581,0.9264688491821289,5.707732677459717,5.4740400314331055,481.0,0.19396860897541046,,,,,,,,,,,,
2,,,9179,2.0,0.9797000288963318,0.9673191905021667,0.06662261486053467,0.9586477279663086,0.9766294956207275,5.537209510803223,5.2734375,1213.0,0.1971493661403656,,,,,,,,,,,,
2,,,9189,2.0,0.9733999967575073,0.8842563629150391,0.10129835456609726,0.9035145044326782,0.8670223355293274,7.527663230895996,5.355874061584473,414.0,2.070490837097168,,,,,,,,,,,,
2,,,9199,2.0,0.9868999719619751,0.974278450012207,0.03205428272485733,0.9720762968063354,0.9765123128890991,5.428043365478516,4.985079765319824,1486.0,0.41090917587280273,,,,,,,,,,,,
2,,,9209,2.0,0.9890999794006348,0.90073561668396,0.03343456611037254,0.8793123960494995,0.9249244332313538,5.163850784301758,5.085991859436035,235.0,0.0444246344268322,,,,,,,,,,,,
2,,,9219,2.0,0.9835000038146973,0.9488382339477539,0.04137657210230827,0.9307861328125,0.9689112901687622,4.984551906585693,4.732112407684326,635.0,0.2110627442598343,,,,,,,,,,,,
2,,,9229,2.0,0.9708999991416931,0.8843411207199097,0.07679308205842972,0.8361741304397583,0.9530799388885498,5.553164958953857,4.864583969116211,439.0,0.6117876768112183,,,,,,,,,,,,
2,,,9239,2.0,0.9958000183105469,0.9586919546127319,0.012970281764864922,0.9536210298538208,0.9638844728469849,4.213033676147461,3.800849437713623,198.0,0.3992139399051666,,,,,,,,,,,,
2,,,9249,2.0,0.9810000061988831,0.8307487964630127,0.039978113025426865,0.8681012392044067,0.8007181882858276,6.314273834228516,5.455356597900391,233.0,0.8189390301704407,,,,,,,,,,,,
2,,,9259,2.0,0.9894000291824341,0.833726167678833,0.023709850385785103,0.8399220705032349,0.8277611136436462,5.198490619659424,5.141371250152588,95.0,0.033409468829631805,,,,,,,,,,,,
2,,,9269,2.0,0.9670000076293945,0.9482430815696716,0.09786175191402435,0.9468966722488403,0.9496053457260132,6.764084339141846,5.784376621246338,1650.0,0.8818459510803223,,,,,,,,,,,,
2,,,9279,2.0,0.9717000126838684,0.9359499216079712,0.080854631960392,0.922562837600708,0.9506210088729858,7.12497091293335,5.057972431182861,1027.0,1.9861441850662231,,,,,,,,,,,,
2,,,9289,2.0,0.9904999732971191,0.9767082333564758,0.020893096923828125,0.9808944463729858,0.9726192355155945,4.638725280761719,4.239956378936768,1130.0,0.3778759837150574,,,,,,,,,,,,
2,,,9299,2.0,0.9878000020980835,0.9678148031234741,0.029925167560577393,0.9579815864562988,0.9782238006591797,5.341504096984863,4.303417682647705,877.0,1.008160948753357,,,,,,,,,,,,
2,,,9309,2.0,0.9728000164031982,0.8781001567840576,0.0645468533039093,0.8722343444824219,0.8841862678527832,10.19466495513916,4.839704513549805,304.0,5.2904133796691895,,,,,,,,,,,,
2,,,9319,2.0,0.9894999861717224,0.6496729254722595,0.022984251379966736,0.661365270614624,0.6396061182022095,4.858918190002441,4.500307559967041,58.0,0.33562660217285156,,,,,,,,,,,,
2,,,9329,2.0,0.9869999885559082,0.9679940938949585,0.032838623970746994,0.954025387763977,0.9831910133361816,6.921597957611084,5.752513408660889,965.0,1.136245608329773,,,,,,,,,,,,
2,,,9339,2.0,0.9828000068664551,0.9352290034294128,0.046370722353458405,0.9053391218185425,0.970984697341919,5.406054496765137,4.833284854888916,512.0,0.5263991355895996,,,,,,,,,,,,
2,,,9349,2.0,0.9840999841690063,0.9149446487426758,0.04946788400411606,0.8766067028045654,0.9633650183677673,8.8949613571167,5.580323219299316,387.0,3.265169858932495,,,,,,,,,,,,
2,,,9359,2.0,0.9861999750137329,0.87788987159729,0.030779210850596428,0.8657292127609253,0.8909536004066467,5.786606311798096,5.213840484619141,147.0,0.5419866442680359,,,,,,,,,,,,
2,,,9369,2.0,0.9886000156402588,0.7991917133331299,0.02851646952331066,0.7971588373184204,0.8012536764144897,7.801473140716553,7.7621378898620605,79.0,0.010818824172019958,,,,,,,,,,,,
2,,,9379,2.0,0.984499990940094,0.9645835757255554,0.046407412737607956,0.960030198097229,0.9692658185958862,4.931610107421875,4.5518951416015625,976.0,0.3333079218864441,,,,,,,,,,,,
2,,,9389,2.0,0.9753000140190125,0.903290331363678,0.057214099913835526,0.924418568611145,0.8845081329345703,7.6516642570495605,6.684075355529785,394.0,0.9103747010231018,,,,,,,,,,,,
2,,,9399,2.0,0.9726999998092651,0.9290676116943359,0.058885492384433746,0.9194020628929138,0.9393535256385803,5.5962018966674805,5.192081451416016,616.0,0.34523504972457886,,,,,,,,,,,,
2,,,9409,2.0,0.9610000252723694,0.9430141448974609,0.13149912655353546,0.9200485348701477,0.9726137518882751,11.266462326049805,4.4579949378967285,1096.0,6.676968097686768,,,,,,,,,,,,
2,,,9419,2.0,0.9818000197410583,0.8610720634460449,0.04191701486706734,0.8580172657966614,0.8641842007637024,5.777350902557373,5.492775917053223,208.0,0.24265825748443604,,,,,,,,,,,,
2,,,9429,2.0,0.9768000245094299,0.9124082922935486,0.05193917825818062,0.8966180682182312,0.9297953248023987,6.2223734855651855,5.989689350128174,620.0,0.18074527382850647,,,,,,,,,,,,
2,,,9439,2.0,0.9876999855041504,0.9599709510803223,0.03629821911454201,0.9577417373657227,0.9622271060943604,6.231927394866943,4.829198837280273,475.0,1.3664301633834839,,,,,,,,,,,,
2,,,9449,2.0,0.9868999719619751,0.9772080779075623,0.033915746957063675,0.9830656051635742,0.9715842008590698,6.922550201416016,4.433021068572998,1741.0,2.455613851547241,,,,,,,,,,,,
2,,,9459,2.0,0.9542999863624573,0.7745765447616577,0.09289339929819107,0.7427215576171875,0.8184390068054199,7.342747211456299,7.0310797691345215,302.0,0.2187740057706833,,,,,,,,,,,,
2,,,9469,2.0,0.9750000238418579,0.8983249664306641,0.05855041369795799,0.8977632522583008,0.8988886475563049,6.849031448364258,6.6785383224487305,602.0,0.11194279044866562,,,,,,,,,,,,
2,,,9479,2.0,0.9805999994277954,0.8294745683670044,0.042855702340602875,0.8773871064186096,0.793021559715271,5.737819194793701,5.508187770843506,186.0,0.18677563965320587,,,,,,,,,,,,
2,,,9489,2.0,0.9810000061988831,0.955115795135498,0.05027000978589058,0.9428576827049255,0.9683624505996704,26.454553604125977,4.991438388824463,1126.0,21.412845611572266,,,,,,,,,,,,
2,,,9499,2.0,0.9847999811172485,0.9068290591239929,0.03892681747674942,0.9840035438537598,0.8525068759918213,6.680156230926514,6.473432540893555,344.0,0.16779695451259613,,,,,,,,,,,,
2,,,9509,2.0,0.9763000011444092,0.9610677361488342,0.06325739622116089,0.97431480884552,0.949069619178772,7.1959547996521,5.2154059410095215,1042.0,1.9172917604446411,,,,,,,,,,,,
2,,,9519,2.0,0.9932000041007996,0.8212001919746399,0.019954286515712738,0.9160979986190796,0.7621046900749207,5.372519493103027,5.330658912658691,77.0,0.021906312555074692,,,,,,,,,,,,
2,,,9529,2.0,0.9887999892234802,0.9101502895355225,0.025668518617749214,0.9101502895355225,0.9101502895355225,5.377758502960205,4.522098064422607,168.0,0.8299917578697205,,,,,,,,,,,,
2,,,9539,2.0,0.9883999824523926,0.8146631717681885,0.030021686106920242,0.8146631717681885,0.8146631717681885,4.429038047790527,4.280289649963379,103.0,0.11872674524784088,,,,,,,,,,,,
2,,,9549,2.0,0.9760000109672546,0.9391487836837769,0.05835886672139168,0.9761366248130798,0.9090090394020081,6.822463512420654,6.598237037658691,1148.0,0.16586777567863464,,,,,,,,,,,,
2,,,9559,2.0,0.9840999841690063,0.8609298467636108,0.03195488452911377,0.8500086665153503,0.8726124167442322,6.154082298278809,5.174911975860596,255.0,0.9472154378890991,,,,,,,,,,,,
2,,,9569,2.0,0.9832000136375427,0.7157360315322876,0.039418455213308334,0.7884737849235535,0.6731878519058228,5.865541458129883,5.775169849395752,116.0,0.05095330998301506,,,,,,,,,,,,
2,,,9579,2.0,0.9732000231742859,0.9361388683319092,0.06477974355220795,0.9439268708229065,0.9287187457084656,5.344616889953613,4.891789436340332,947.0,0.3880479335784912,,,,,,,,,,,,
2,,,9589,2.0,0.984499990940094,0.9727721214294434,0.03393503278493881,0.9755239486694336,0.9700731039047241,5.681424617767334,4.4021430015563965,1689.0,1.2453465461730957,,,,,,,,,,,,
2,,,9599,2.0,0.9837999939918518,0.9051564931869507,0.036076366901397705,0.9131020903587341,0.8975437879562378,6.215725898742676,5.310660362243652,254.0,0.868989109992981,,,,,,,,,,,,
2,,,9609,2.0,0.9761999845504761,0.9081164002418518,0.057104192674160004,0.9487403035163879,0.8752979040145874,6.6782612800598145,6.503749370574951,428.0,0.11740776151418686,,,,,,,,,,,,
2,,,9619,2.0,0.9708999991416931,0.9193458557128906,0.06960870325565338,0.9104921817779541,0.9287176132202148,5.864177703857422,5.573363304138184,737.0,0.2212056964635849,,,,,,,,,,,,
2,,,9629,2.0,0.9513999819755554,0.9125759601593018,0.11534827947616577,0.9400056600570679,0.8901897072792053,8.348801612854004,7.683051109313965,1326.0,0.5504022836685181,,,,,,,,,,,,
2,,,9639,2.0,0.9843999743461609,0.817113995552063,0.053953059017658234,0.8468103408813477,0.7923370599746704,5.645047187805176,5.492265701293945,138.0,0.09882832318544388,,,,,,,,,,,,
2,,,9649,2.0,0.9907000064849854,0.9523593783378601,0.027486514300107956,0.9683545827865601,0.9375455379486084,6.20798397064209,4.62280797958374,312.0,1.557689905166626,,,,,,,,,,,,
2,,,9659,2.0,0.9857000112533569,0.7841975688934326,0.031629789620637894,0.7514289617538452,0.8274221420288086,4.876631736755371,4.717336177825928,84.0,0.1276661604642868,,,,,,,,,,,,
2,,,9669,2.0,0.9521999955177307,0.9027726054191589,0.1005072072148323,0.9037106037139893,0.9018412828445435,5.815877437591553,5.2164130210876465,872.0,0.4989570677280426,,,,,,,,,,,,
2,,,9679,2.0,0.986299991607666,0.8345624208450317,0.04369000717997551,0.81360924243927,0.858710765838623,5.045246601104736,4.800525188446045,155.0,0.20103110373020172,,,,,,,,,,,,
2,,,9689,2.0,0.972599983215332,0.9174343943595886,0.06607220321893692,0.9426629543304443,0.8955703377723694,6.469730377197266,6.277268409729004,656.0,0.12639011442661285,,,,,,,,,,,,
2,,,9699,2.0,0.993399977684021,0.8246499300003052,0.016650624573230743,0.8502549529075623,0.8026081919670105,4.463562965393066,4.228250503540039,68.0,0.2186618596315384,,,,,,,,,,,,
2,,,9709,2.0,0.9800999760627747,0.9316631555557251,0.062474481761455536,0.9064180850982666,0.9611176252365112,5.09959077835083,4.770923614501953,627.0,0.26619288325309753,,,,,,,,,,,,
2,,,9719,2.0,0.8565999865531921,0.8010525703430176,0.3948538899421692,0.8450443744659424,0.7768664360046387,8.573257446289062,7.427648544311523,1931.0,0.7507550716400146,,,,,,,,,,,,
2,,,9729,2.0,0.9704999923706055,0.9010925889015198,0.06733608990907669,0.9058940410614014,0.8964294195175171,6.076183795928955,5.886313438415527,535.0,0.12253431230783463,,,,,,,,,,,,
2,,,9739,2.0,0.9726999998092651,0.9541858434677124,0.0727476179599762,0.9396688938140869,0.9705612659454346,5.7318525314331055,4.148654937744141,1666.0,1.510449767112732,,,,,,,,,,,,
2,,,9749,2.0,0.9833999872207642,0.9176093339920044,0.04108033329248428,0.9267202615737915,0.9089295864105225,7.025472640991211,5.6296916007995605,390.0,1.3547003269195557,,,,,,,,,,,,
2,,,9759,2.0,0.9635999798774719,0.8202921748161316,0.09564019739627838,0.9056894183158875,0.7675915956497192,6.7851152420043945,6.258642673492432,446.0,0.43083253502845764,,,,,,,,,,,,
2,,,9769,2.0,0.9591000080108643,0.890781044960022,0.09642264246940613,0.9319308996200562,0.8586989641189575,6.919306755065918,6.617314338684082,878.0,0.20556975901126862,,,,,,,,,,,,
2,,,9779,2.0,0.9674000144004822,0.9267374277114868,0.09595590829849243,0.9618033170700073,0.8983680009841919,5.085111141204834,4.507702350616455,1063.0,0.48145291209220886,,,,,,,,,,,,
2,,,9789,2.0,0.9825000166893005,0.9193370342254639,0.038904059678316116,0.9295345544815063,0.9096804857254028,6.026954650878906,5.594985008239746,358.0,0.39306554198265076,,,,,,,,,,,,
2,,,9799,2.0,0.9072999954223633,0.8891007900238037,0.21709506213665009,0.9162410497665405,0.8716895580291748,7.376954078674316,6.374007225036621,2184.0,0.7858517169952393,,,,,,,,,,,,
2,,,9809,2.0,0.9911999702453613,0.978657603263855,0.022444723173975945,0.980446457862854,0.9768866300582886,4.578505516052246,3.75469708442688,1041.0,0.8013637661933899,,,,,,,,,,,,
2,,,9819,2.0,0.9629999995231628,0.927291214466095,0.08923716098070145,0.9466787576675415,0.9103116989135742,6.382020950317383,5.752090930938721,978.0,0.5406926870346069,,,,,,,,,,,,
2,,,9829,2.0,0.9746999740600586,0.9357766509056091,0.060505058616399765,0.9677199125289917,0.9091091156005859,7.0635666847229,6.428206443786621,1102.0,0.5748552083969116,,,,,,,,,,,,
2,,,9839,2.0,0.9659000039100647,0.8484928607940674,0.07318383455276489,0.8367155194282532,0.8612879514694214,7.384917259216309,6.761131286621094,399.0,0.5506020784378052,,,,,,,,,,,,
2,,,9849,2.0,0.9958999752998352,0.9825717210769653,0.01267217192798853,0.974480152130127,0.9909898042678833,6.429447650909424,6.164839267730713,556.0,0.25193631649017334,,,,,,,,,,,,
2,,,9859,2.0,0.9707000255584717,0.9486489295959473,0.06883735954761505,0.9471122026443481,0.9502037763595581,5.77642297744751,5.526716232299805,1115.0,0.18086978793144226,,,,,,,,,,,,
2,,,9869,2.0,0.9822999835014343,0.9263995885848999,0.04291902482509613,0.9597814083099365,0.8981940746307373,6.853585243225098,5.935573577880859,477.0,0.8750925660133362,,,,,,,,,,,,
2,,,9879,2.0,0.9599000215530396,0.880400538444519,0.08093229681253433,0.8949567079544067,0.8671541810035706,6.257484436035156,5.5297722816467285,640.0,0.646780252456665,,,,,,,,,,,,
2,,,9889,2.0,0.9782000184059143,0.8386380672454834,0.05338839814066887,0.889646053314209,0.8002983331680298,5.878499984741211,5.620006561279297,284.0,0.20510470867156982,,,,,,,,,,,,
2,,,9899,2.0,0.9710999727249146,0.8596683740615845,0.06378995627164841,0.870289146900177,0.8497258424758911,8.725948333740234,6.762094497680664,469.0,1.9000643491744995,,,,,,,,,,,,
2,,,9909,2.0,0.9846000075340271,0.9126302003860474,0.04173419624567032,0.9276653528213501,0.8987280130386353,4.94490385055542,4.348544597625732,407.0,0.5546249151229858,,,,,,,,,,,,
2,,,9919,2.0,0.9528999924659729,0.8869859576225281,0.10687817633152008,0.8566765189170837,0.9258930683135986,7.589626789093018,6.642265319824219,538.0,0.8404831290245056,,,,,,,,,,,,
2,,,9929,2.0,0.9125000238418579,0.797706127166748,0.2517479360103607,0.8333842158317566,0.7715264558792114,7.725647926330566,6.92907190322876,1094.0,0.5448280572891235,,,,,,,,,,,,
2,,,9939,2.0,0.9726999998092651,0.8911959528923035,0.06886367499828339,0.8593107461929321,0.9307630062103271,5.814526081085205,5.243772029876709,566.0,0.5018901824951172,,,,,,,,,,,,
2,,,9949,2.0,0.9894000291824341,0.9694644212722778,0.02440187893807888,0.9626015424728394,0.9765928983688354,5.458940505981445,4.250406265258789,867.0,1.184132695198059,,,,,,,,,,,,
2,,,9959,2.0,0.9646000266075134,0.8901786804199219,0.0775017961859703,0.865972638130188,0.9189192056655884,7.02241325378418,6.585888385772705,639.0,0.35902321338653564,,,,,,,,,,,,
2,,,9969,2.0,0.9689000248908997,0.9543546438217163,0.07111693173646927,0.9538289308547974,0.9548829793930054,6.178995609283447,5.582998752593994,2070.0,0.5248798727989197,,,,,,,,,,,,
2,,,9979,2.0,0.9531999826431274,0.805254340171814,0.11013033241033554,0.8866861462593079,0.7557708024978638,7.350127696990967,6.191771507263184,429.0,1.0482257604599,,,,,,,,,,,,
2,,,9989,2.0,0.9930999875068665,0.9474043846130371,0.019474100321531296,0.9737732410430908,0.9240131378173828,4.84114933013916,4.442695140838623,223.0,0.3789801001548767,,,,,,,,,,,,
2,,,9999,2.0,0.9617000222206116,0.9505468606948853,0.08845648914575577,0.9578778147697449,0.943830668926239,11.266010284423828,4.90523099899292,1752.0,6.272323131561279,,,,,,,,,,,,
2,,,10009,2.0,0.9810000061988831,0.9001891016960144,0.047483716160058975,0.8842939138412476,0.9176552295684814,7.9615478515625,5.718520164489746,278.0,2.1955440044403076,,,,,,,,,,,,
2,,,10019,2.0,0.9593999981880188,0.8830429315567017,0.08917196094989777,0.865297257900238,0.9032330513000488,6.070417404174805,5.716129302978516,586.0,0.2651163637638092,,,,,,,,,,,,
2,,,10029,2.0,0.972000002861023,0.9501092433929443,0.07041575014591217,0.9553073644638062,0.945104718208313,6.217009544372559,5.7504777908325195,902.0,0.39611566066741943,,,,,,,,,,,,
2,,,10039,2.0,0.9778000116348267,0.8743101358413696,0.049340736120939255,0.9054162502288818,0.848105251789093,7.710385322570801,7.493191242218018,439.0,0.16785314679145813,,,,,,,,,,,,
2,,,10049,2.0,0.9577999711036682,0.9016474485397339,0.098148874938488,0.8848941326141357,0.9206558465957642,6.487715721130371,6.19842004776001,1094.0,0.19114673137664795,,,,,,,,,,,,
2,,,10059,2.0,0.9825999736785889,0.9548822641372681,0.04721812903881073,0.9469363689422607,0.9632151126861572,6.3341193199157715,5.57003927230835,824.0,0.7168618440628052,,,,,,,,,,,,
2,,,10069,2.0,0.9807000160217285,0.8756885528564453,0.04681949317455292,0.8575854897499084,0.8959537744522095,6.353796005249023,5.906448841094971,216.0,0.4005274176597595,,,,,,,,,,,,
2,,,10079,2.0,0.9775000214576721,0.8508330583572388,0.04742656648159027,0.8887224793434143,0.8202592730522156,6.21806526184082,5.982906818389893,364.0,0.18773169815540314,,,,,,,,,,,,
2,,,10089,2.0,0.9800000190734863,0.9235986471176147,0.05873164162039757,0.9435651302337646,0.9056510925292969,6.575625419616699,6.220952987670898,515.0,0.2959410548210144,,,,,,,,,,,,
2,,,10099,2.0,0.9872000217437744,0.9534168243408203,0.0305841825902462,0.9511817693710327,0.9556787014007568,4.7678117752075195,4.5578293800354,667.0,0.17939813435077667,,,,,,,,,,,,
2,,,10109,2.0,0.9578999876976013,0.7609051465988159,0.08278358727693558,0.7354130744934082,0.7938365936279297,7.445591449737549,5.50363826751709,224.0,1.859169602394104,,,,,,,,,,,,
2,,,10119,2.0,0.9671000242233276,0.9027253985404968,0.11528711020946503,0.95424485206604,0.8639698028564453,5.922458648681641,5.566963195800781,630.0,0.24020801484584808,,,,,,,,,,,,
2,,,10129,2.0,0.9830999970436096,0.875421941280365,0.043627817183732986,0.9087066054344177,0.8475347757339478,4.941421985626221,4.7523884773254395,304.0,0.14540593326091766,,,,,,,,,,,,
2,,,10139,2.0,0.9955999851226807,0.9506287574768066,0.015195304527878761,0.9666481018066406,0.9357237815856934,5.5512189865112305,4.748445510864258,222.0,0.7875780463218689,,,,,,,,,,,,
2,,,10149,2.0,0.9532999992370605,0.8603081703186035,0.10950066149234772,0.8546237945556641,0.866235613822937,6.689628601074219,6.136425971984863,498.0,0.44370168447494507,,,,,,,,,,,,
2,,,10159,2.0,0.9954000115394592,0.8724658489227295,0.014109406620264053,0.9834988117218018,0.8034703135490417,4.74121618270874,4.682189464569092,70.0,0.04491700977087021,,,,,,,,,,,,
2,,,10169,2.0,0.9790999889373779,0.8997284173965454,0.04754124954342842,0.8875453472137451,0.9128283262252808,5.557971477508545,5.379436492919922,323.0,0.13099361956119537,,,,,,,,,,,,
2,,,10179,2.0,0.9725000262260437,0.8319992423057556,0.06190449744462967,0.869127631187439,0.802323043346405,5.618349552154541,5.3240580558776855,280.0,0.232386976480484,,,,,,,,,,,,
2,,,10189,2.0,0.9782000184059143,0.8819010257720947,0.06267531961202621,0.9315586090087891,0.8435282707214355,5.825972557067871,5.035848617553711,343.0,0.7274485230445862,,,,,,,,,,,,
2,,,10199,2.0,0.9865000247955322,0.9260692000389099,0.034916963428258896,0.9012341499328613,0.9546393156051636,5.419052600860596,5.081097602844238,312.0,0.30303817987442017,,,,,,,,,,,,
2,,,10209,2.0,0.9722999930381775,0.9526396989822388,0.06845366209745407,0.9677136540412903,0.939132809638977,5.535952091217041,5.17805814743042,1689.0,0.2894400358200073,,,,,,,,,,,,
2,,,10219,2.0,0.9843999743461609,0.9134539365768433,0.04045448824763298,0.9308498501777649,0.8975580930709839,6.382823944091797,6.204885959625244,378.0,0.1374835968017578,,,,,,,,,,,,
2,,,10229,2.0,0.9814000129699707,0.9566502571105957,0.044945064932107925,0.9384349584579468,0.9771445393562317,6.8966145515441895,6.16748571395874,607.0,0.6841837167739868,,,,,,,,,,,,
2,,,10239,2.0,0.9848999977111816,0.9608620405197144,0.03637751564383507,0.948757529258728,0.9738738536834717,5.210216522216797,4.833734512329102,819.0,0.3401046693325043,,,,,,,,,,,,
2,,,10249,2.0,0.9700000286102295,0.957638144493103,0.0687611848115921,0.9503741264343262,0.9654663801193237,6.576474666595459,6.320300102233887,1959.0,0.1874132752418518,,,,,,,,,,,,
2,,,10259,2.0,0.9607999920845032,0.9199399948120117,0.10858243703842163,0.9456188678741455,0.8983004689216614,6.537234783172607,5.601887226104736,875.0,0.826765239238739,,,,,,,,,,,,
2,,,10269,2.0,0.9869999885559082,0.813075602054596,0.03050943836569786,0.7778571844100952,0.8591675758361816,5.188591957092285,4.917200088500977,91.0,0.24088257551193237,,,,,,,,,,,,
2,,,10279,2.0,0.9915000200271606,0.9159301519393921,0.024104740470647812,0.9105448722839355,0.921467661857605,6.206721305847168,5.505670547485352,155.0,0.6769461631774902,,,,,,,,,,,,
2,,,10289,2.0,0.9894000291824341,0.848425567150116,0.023425405845046043,0.8624448776245117,0.8354945182800293,5.425110340118408,5.279510498046875,151.0,0.12217416614294052,,,,,,,,,,,,
2,,,10299,2.0,0.9854999780654907,0.9033979773521423,0.039882417768239975,0.8923446536064148,0.9151595830917358,5.724557399749756,4.504634380340576,312.0,1.180040717124939,,,,,,,,,,,,
2,,,10309,2.0,0.9732999801635742,0.9062471985816956,0.06155785545706749,0.9221718311309814,0.8917149901390076,7.042592525482178,5.95244026184082,534.0,1.0285946130752563,,,,,,,,,,,,
2,,,10319,2.0,0.9679999947547913,0.9161370992660522,0.0765736997127533,0.9369900226593018,0.8977527618408203,6.570486545562744,5.828037738800049,660.0,0.6658747792243958,,,,,,,,,,,,
2,,,10329,2.0,0.9921000003814697,0.8125576972961426,0.020281167700886726,0.8199933171272278,0.8054690361022949,4.831502914428711,4.653753757476807,95.0,0.15746787190437317,,,,,,,,,,,,
2,,,10339,2.0,0.9722999930381775,0.911760687828064,0.06294512003660202,0.8801860809326172,0.9508511424064636,5.402415752410889,4.926687717437744,422.0,0.4127831757068634,,,,,,,,,,,,
2,,,10349,2.0,0.988099992275238,0.9646453857421875,0.03096097707748413,0.9569401144981384,0.9726876616477966,4.102558612823486,3.720062017440796,739.0,0.35153576731681824,,,,,,,,,,,,
2,,,10359,2.0,0.9811000227928162,0.9700217843055725,0.05054808780550957,0.9702939987182617,0.969750165939331,6.033644199371338,4.813734531402588,1695.0,1.1693614721298218,,,,,,,,,,,,
2,,,10369,2.0,0.9718000292778015,0.8909845352172852,0.06428654491901398,0.8843553066253662,0.8978947401046753,6.786510944366455,6.64383602142334,657.0,0.07838810235261917,,,,,,,,,,,,
2,,,10379,2.0,0.9771000146865845,0.9563238620758057,0.05472379922866821,0.9559641480445862,0.9566844701766968,5.324416637420654,4.817996978759766,851.0,0.4516957402229309,,,,,,,,,,,,
2,,,10389,2.0,0.9894000291824341,0.9749413728713989,0.031137486919760704,0.9735821485519409,0.9763113260269165,13.048332214355469,6.072254180908203,630.0,6.94494104385376,,,,,,,,,,,,
2,,,10399,2.0,0.9703999757766724,0.8536057472229004,0.06637261062860489,0.8416000604629517,0.8666312098503113,5.5472893714904785,5.145931720733643,301.0,0.33498507738113403,,,,,,,,,,,,
2,,,10409,2.0,0.9661999940872192,0.7899890542030334,0.07677867263555527,0.794012188911438,0.7860882878303528,6.24726676940918,5.828667640686035,283.0,0.3418201208114624,,,,,,,,,,,,
2,,,10419,2.0,0.9674999713897705,0.9044591784477234,0.07779364287853241,0.9146281480789185,0.8949088454246521,7.11102819442749,6.646421909332275,722.0,0.38681259751319885,,,,,,,,,,,,
2,,,10429,2.0,0.9763000011444092,0.9429657459259033,0.051857396960258484,0.9528772234916687,0.933630108833313,5.177377700805664,4.775232791900635,853.0,0.350287526845932,,,,,,,,,,,,
2,,,10439,2.0,0.9822999835014343,0.9653416872024536,0.06085902079939842,0.9553604125976562,0.976029634475708,6.83905029296875,5.76717472076416,935.0,1.0110162496566772,,,,,,,,,,,,
2,,,10449,2.0,0.932699978351593,0.8280724287033081,0.13924598693847656,0.829255223274231,0.8269015550613403,6.66700553894043,6.064660549163818,845.0,0.4630991220474243,,,,,,,,,,,,
2,,,10459,2.0,0.9799000024795532,0.9635717868804932,0.058319419622421265,0.9701319932937622,0.9573025703430176,6.9703569412231445,3.6230030059814453,1657.0,3.289034366607666,,,,,,,,,,,,
2,,,10469,2.0,0.9900000095367432,0.8318987488746643,0.022816317155957222,0.8430996537208557,0.8214322924613953,4.334737777709961,4.259459018707275,93.0,0.052462466061115265,,,,,,,,,,,,
2,,,10479,2.0,0.9878000020980835,0.9526481032371521,0.03856637328863144,0.9314903020858765,0.9764358997344971,19.69781494140625,6.046036720275879,633.0,13.613210678100586,,,,,,,,,,,,
2,,,10489,2.0,0.9837999939918518,0.9413340091705322,0.03738081827759743,0.9277194142341614,0.9560405015945435,5.109725475311279,4.775217533111572,585.0,0.2971273958683014,,,,,,,,,,,,
2,,,10499,2.0,0.9538999795913696,0.8616976737976074,0.10069742798805237,0.889106273651123,0.8387950658798218,7.165867328643799,6.064809799194336,505.0,1.000360131263733,,,,,,,,,,,,
2,,,10509,2.0,0.9858999848365784,0.9755789041519165,0.03648718073964119,0.9752579927444458,0.9759005308151245,6.145461082458496,4.724912166595459,1528.0,1.3840616941452026,,,,,,,,,,,,
2,,,10519,2.0,0.949400007724762,0.8328791856765747,0.13516166806221008,0.8914718627929688,0.792418360710144,6.5350494384765625,5.8281660079956055,639.0,0.5717214941978455,,,,,,,,,,,,
2,,,10529,2.0,0.9804999828338623,0.8811377882957458,0.04187850281596184,0.894832968711853,0.8684572577476501,4.994271755218506,4.858944416046143,239.0,0.09344858676195145,,,,,,,,,,,,
2,,,10539,2.0,0.9822999835014343,0.9083173274993896,0.047605693340301514,0.914894700050354,0.9019714593887329,7.035335540771484,6.041074275970459,270.0,0.9466555714607239,,,,,,,,,,,,
2,,,10549,2.0,0.9746000170707703,0.9392542839050293,0.06497016549110413,0.9211330413818359,0.9597122669219971,7.354499340057373,7.002438068389893,568.0,0.28709107637405396,,,,,,,,,,,,
2,,,10559,2.0,0.9402999877929688,0.8849223852157593,0.1416866034269333,0.8730955719947815,0.8980568051338196,6.718250274658203,5.949107646942139,994.0,0.6274561285972595,,,,,,,,,,,,
2,,,10569,2.0,0.9825000166893005,0.9051029682159424,0.0419347882270813,0.9501602053642273,0.8690735101699829,6.920196533203125,6.04619836807251,506.0,0.8320634365081787,,,,,,,,,,,,
2,,,10579,2.0,0.9896000027656555,0.7672817707061768,0.0344402939081192,0.891669750213623,0.7038858532905579,5.416400909423828,5.143340110778809,81.0,0.23862025141716003,,,,,,,,,,,,
2,,,10589,2.0,0.9810000061988831,0.9424628615379333,0.048642389476299286,0.9734699130058289,0.9161183834075928,6.522361755371094,5.543765544891357,932.0,0.9299541115760803,,,,,,,,,,,,
2,,,10599,2.0,0.9745000004768372,0.9324747920036316,0.06675606220960617,0.9485872983932495,0.9178123474121094,6.482483863830566,5.885777950286865,598.0,0.529949426651001,,,,,,,,,,,,
2,,,10609,2.0,0.935699999332428,0.8559314012527466,0.13012710213661194,0.8766613006591797,0.8382591009140015,7.661348819732666,5.974842548370361,779.0,1.5563791990280151,,,,,,,,,,,,
2,,,10619,2.0,0.9789999723434448,0.8235739469528198,0.04807636886835098,0.8490467071533203,0.801820695400238,8.152114868164062,7.016117095947266,186.0,1.0879220962524414,,,,,,,,,,,,
2,,,10629,2.0,0.9887999892234802,0.889432966709137,0.03695179149508476,0.9193938970565796,0.8636883497238159,5.093819618225098,4.757576942443848,180.0,0.2992905080318451,,,,,,,,,,,,
2,,,10639,2.0,0.9815999865531921,0.9580864906311035,0.049031149595975876,0.9552969932556152,0.9609246253967285,6.232499599456787,5.973181247711182,947.0,0.2102871835231781,,,,,,,,,,,,
2,,,10649,2.0,0.9775999784469604,0.9147660732269287,0.058088403195142746,0.9366558790206909,0.8953310251235962,6.706095218658447,6.469449996948242,527.0,0.17855703830718994,,,,,,,,,,,,
2,,,10659,2.0,0.9593999981880188,0.9347804188728333,0.09015387296676636,0.9241472482681274,0.9464949369430542,5.495846271514893,5.127653121948242,1143.0,0.2780396342277527,,,,,,,,,,,,
2,,,10669,2.0,0.9793000221252441,0.9106787443161011,0.061472028493881226,0.8850584030151367,0.9406667947769165,5.976161956787109,4.589608192443848,500.0,1.325081706047058,,,,,,,,,,,,
2,,,10679,2.0,0.9736999869346619,0.7588323950767517,0.05596015602350235,0.7919946908950806,0.7329092025756836,6.32816219329834,5.9326491355896,159.0,0.33955276012420654,,,,,,,,,,,,
2,,,10689,2.0,0.9703999757766724,0.8086664080619812,0.06247676536440849,0.7851870656013489,0.8369678258895874,6.261751174926758,6.001336574554443,271.0,0.19793793559074402,,,,,,,,,,,,
2,,,10699,2.0,0.9575999975204468,0.8785357475280762,0.09726814925670624,0.9164658784866333,0.848501443862915,7.045627593994141,6.6688551902771,645.0,0.2795044183731079,,,,,,,,,,,,
2,,,10709,2.0,0.9685999751091003,0.9137725830078125,0.07262059301137924,0.9152289628982544,0.9123295545578003,6.654485702514648,6.373047351837158,834.0,0.20881803333759308,,,,,,,,,,,,
2,,,10719,2.0,0.9692999720573425,0.9085253477096558,0.07142340391874313,0.892154335975647,0.9267693161964417,6.395530700683594,6.121850967407227,613.0,0.2022561877965927,,,,,,,,,,,,
2,,,10729,2.0,0.9767000079154968,0.8999137282371521,0.059659600257873535,0.8814177513122559,0.9206559658050537,6.969566345214844,6.201776027679443,478.0,0.708130955696106,,,,,,,,,,,,
2,,,10739,2.0,0.9822999835014343,0.8702360391616821,0.03741292282938957,0.8157333135604858,0.9505997896194458,4.80097770690918,4.218361854553223,170.0,0.5452026724815369,,,,,,,,,,,,
2,,,10749,2.0,0.972100019454956,0.9544670581817627,0.06519874185323715,0.9484337568283081,0.9608085751533508,5.838313579559326,5.5688958168029785,1656.0,0.2042189985513687,,,,,,,,,,,,
2,,,10759,2.0,0.9735999703407288,0.9187625646591187,0.0676150694489479,0.9243607521057129,0.9133474826812744,7.661167144775391,6.943912029266357,640.0,0.6496402621269226,,,,,,,,,,,,
2,,,10769,2.0,0.9675999879837036,0.9422420263290405,0.09890488535165787,0.9225621223449707,0.9653862714767456,6.767926216125488,5.594573974609375,1461.0,1.0744473934173584,,,,,,,,,,,,
2,,,10779,2.0,0.9639000296592712,0.8870251178741455,0.08317571133375168,0.8738373517990112,0.9014614820480347,7.351059913635254,6.3477654457092285,601.0,0.9201188683509827,,,,,,,,,,,,
2,,,10789,2.0,0.9922999739646912,0.8750412464141846,0.033921800553798676,0.9128047823905945,0.8438083529472351,4.613065242767334,4.424548625946045,91.0,0.15459468960762024,,,,,,,,,,,,
2,,,10799,2.0,0.9944000244140625,0.9619907140731812,0.014840642921626568,0.9518173933029175,0.9726770520210266,3.9999661445617676,3.7915046215057373,323.0,0.19362081587314606,,,,,,,,,,,,
2,,,10809,2.0,0.9470000267028809,0.9029292464256287,0.13476890325546265,0.8883715867996216,0.9194908738136292,6.297248363494873,5.796570777893066,1069.0,0.3659086227416992,,,,,,,,,,,,
2,,,10819,2.0,0.9677000045776367,0.9386856555938721,0.07127045094966888,0.9460967779159546,0.9316537380218506,5.235282897949219,4.611371040344238,1013.0,0.5526415705680847,,,,,,,,,,,,
2,,,10829,2.0,0.9961000084877014,0.860720157623291,0.009972033090889454,0.8738924264907837,0.8484588265419006,4.729060649871826,4.595163822174072,60.0,0.1239248514175415,,,,,,,,,,,,
2,,,10839,2.0,0.982200026512146,0.8841145634651184,0.05513903871178627,0.8708385825157166,0.8984878659248352,5.755128860473633,5.2926130294799805,250.0,0.40737685561180115,,,,,,,,,,,,
2,,,10849,2.0,0.9696000218391418,0.8098151087760925,0.0677926316857338,0.8091062903404236,0.8105275630950928,6.069108009338379,5.635954856872559,247.0,0.36536094546318054,,,,,,,,,,,,
2,,,10859,2.0,0.9646000266075134,0.909745454788208,0.07835236936807632,0.8707578182220459,0.9623415470123291,6.125846862792969,5.309928894042969,749.0,0.7375653982162476,,,,,,,,,,,,
2,,,10869,2.0,0.9775000214576721,0.860358715057373,0.05182451754808426,0.8583232164382935,0.8624202013015747,6.4430646896362305,6.002546310424805,283.0,0.3886939287185669,,,,,,,,,,,,
2,,,10879,2.0,0.9850000143051147,0.9767621755599976,0.036357492208480835,0.9769381880760193,0.9765863418579102,6.95583438873291,6.0305562019348145,1830.0,0.8889206051826477,,,,,,,,,,,,
2,,,10889,2.0,0.9463000297546387,0.6704672574996948,0.1500948965549469,0.7876543402671814,0.6261656284332275,7.379734516143799,7.022394180297852,561.0,0.2072453796863556,,,,,,,,,,,,
2,,,10899,2.0,0.9693999886512756,0.6444506645202637,0.10190928727388382,0.6661154627799988,0.6281798481941223,6.6711225509643555,5.4720635414123535,168.0,1.0971499681472778,,,,,,,,,,,,
2,,,10909,2.0,0.9296000003814697,0.8852697610855103,0.16413086652755737,0.8820441961288452,0.888602077960968,8.360881805419922,7.016310214996338,1681.0,1.1804413795471191,,,,,,,,,,,,
2,,,10919,2.0,0.9934999942779541,0.9062777757644653,0.017569908872246742,0.9770050644874573,0.854373574256897,4.794084548950195,4.405896186828613,137.0,0.37061843276023865,,,,,,,,,,,,
2,,,10929,2.0,0.9745000004768372,0.7819840312004089,0.055034782737493515,0.8073502779006958,0.7607825994491577,6.555610656738281,6.124849796295166,282.0,0.3757261335849762,,,,,,,,,,,,
2,,,10939,2.0,0.9839000105857849,0.9677823781967163,0.03671069070696831,0.9614282846450806,0.9744095802307129,4.395923137664795,3.937250852584839,1150.0,0.42196139693260193,,,,,,,,,,,,
2,,,10949,2.0,0.9484999775886536,0.8748656511306763,0.14211076498031616,0.9249250888824463,0.8385016918182373,7.542269229888916,7.181080341339111,1238.0,0.2190779596567154,,,,,,,,,,,,
2,,,10959,2.0,0.98580002784729,0.9068825840950012,0.03867712244391441,0.9483860731124878,0.8729876279830933,6.799792289733887,6.705848217010498,399.0,0.055266786366701126,,,,,,,,,,,,
2,,,10969,2.0,0.9886999726295471,0.8379690647125244,0.030283978208899498,0.8790503740310669,0.8052194118499756,5.2006096839904785,4.8277716636657715,116.0,0.3425540328025818,,,,,,,,,,,,
2,,,10979,2.0,0.9819999933242798,0.9103424549102783,0.041580937802791595,0.8718674182891846,0.9592730402946472,4.699764251708984,4.083307266235352,251.0,0.5748759508132935,,,,,,,,,,,,
2,,,10989,2.0,0.9883999824523926,0.9383631348609924,0.03173414617776871,0.935033917427063,0.9417501091957092,5.478438377380371,5.2251362800598145,362.0,0.22156819701194763,,,,,,,,,,,,
2,,,10999,2.0,0.9606999754905701,0.8685305118560791,0.10703476518392563,0.9054065942764282,0.8390411138534546,6.853479385375977,5.602993965148926,716.0,1.1434509754180908,,,,,,,,,,,,
2,,,11009,2.0,0.9527000188827515,0.8510512113571167,0.10322876274585724,0.8530751466751099,0.8490567207336426,6.194769859313965,5.996422290802002,540.0,0.0951191708445549,,,,,,,,,,,,
2,,,11019,2.0,0.9714999794960022,0.9431296586990356,0.06400192528963089,0.945015549659729,0.9412682056427002,7.097628593444824,5.222846984863281,832.0,1.8107795715332031,,,,,,,,,,,,
2,,,11029,2.0,0.9790999889373779,0.9518482685089111,0.057788532227277756,0.9520049691200256,0.951691746711731,6.874849319458008,6.199794769287109,688.0,0.6172663569450378,,,,,,,,,,,,
2,,,11039,2.0,0.9819999933242798,0.9618216156959534,0.04880710318684578,0.9609693884849548,0.9626784920692444,4.685414791107178,4.360687732696533,1200.0,0.2759197950363159,,,,,,,,,,,,
2,,,11049,2.0,0.9805999994277954,0.9663614630699158,0.045714784413576126,0.9732644557952881,0.9597904086112976,4.871824741363525,4.365823268890381,1474.0,0.46028661727905273,,,,,,,,,,,,
2,,,11059,2.0,0.97079998254776,0.9438492059707642,0.06538514047861099,0.960098147392273,0.9292817115783691,5.509885787963867,5.203258991241455,1237.0,0.2412414401769638,,,,,,,,,,,,
2,,,11069,2.0,0.98089998960495,0.924707293510437,0.051915038377046585,0.943261981010437,0.9078936576843262,8.148114204406738,7.800808906555176,639.0,0.2953903377056122,,,,,,,,,,,,
2,,,11079,2.0,0.9840999841690063,0.9633678197860718,0.03386494144797325,0.9628866910934448,0.9638503789901733,5.196781635284424,4.918213367462158,705.0,0.24470339715480804,,,,,,,,,,,,
2,,,11089,2.0,0.9650999903678894,0.9531718492507935,0.09350736439228058,0.9614487886428833,0.9455976486206055,7.973910808563232,7.11042594909668,2191.0,0.7699775695800781,,,,,,,,,,,,
2,,,11099,2.0,0.9768999814987183,0.9452928304672241,0.06290192157030106,0.9316369295120239,0.9602193832397461,7.893589973449707,4.535459995269775,803.0,3.2952280044555664,,,,,,,,,,,,
2,,,11109,2.0,0.9659000039100647,0.9444388151168823,0.09310990571975708,0.9375337362289429,0.9517637491226196,7.6598615646362305,6.936008453369141,1780.0,0.630743145942688,,,,,,,,,,,,
2,,,11119,2.0,0.9689000248908997,0.8554706573486328,0.07641102373600006,0.874428391456604,0.8386082649230957,6.346210956573486,6.128304958343506,356.0,0.1414947658777237,,,,,,,,,,,,
2,,,11129,2.0,0.9768000245094299,0.954283595085144,0.060761675238609314,0.9493423700332642,0.9593963623046875,5.717953205108643,5.277906894683838,953.0,0.37928497791290283,,,,,,,,,,,,
2,,,11139,2.0,0.979200005531311,0.9360594749450684,0.0540197379887104,0.9134326577186584,0.96208655834198,6.057154655456543,5.763794422149658,570.0,0.23934030532836914,,,,,,,,,,,,
2,,,11149,2.0,0.9837999939918518,0.9152185916900635,0.04250742867588997,0.8952621221542358,0.9376074075698853,6.300588130950928,5.62287712097168,403.0,0.6352032423019409,,,,,,,,,,,,
2,,,11159,2.0,0.9882000088691711,0.9195053577423096,0.027577903121709824,0.9643654823303223,0.8831522464752197,7.374667167663574,6.857993125915527,388.0,0.4890962243080139,,,,,,,,,,,,
2,,,11169,2.0,0.9491999745368958,0.8976771831512451,0.12056750804185867,0.9105664491653442,0.885969340801239,6.467912673950195,5.9943156242370605,927.0,0.3530299663543701,,,,,,,,,,,,
2,,,11179,2.0,0.9812999963760376,0.8093197345733643,0.04527390003204346,0.7778462171554565,0.8495662212371826,4.932801246643066,4.578177452087402,114.0,0.30935007333755493,,,,,,,,,,,,
2,,,11189,2.0,0.9678999781608582,0.8060630559921265,0.07522443681955338,0.807762861251831,0.8043844103813171,5.939209938049316,5.332346439361572,286.0,0.5316391587257385,,,,,,,,,,,,
2,,,11199,2.0,0.982200026512146,0.9008501768112183,0.04541515186429024,0.9296936392784119,0.8760196566581726,6.07826566696167,5.034571170806885,322.0,0.9982795119285583,,,,,,,,,,,,
2,,,11209,2.0,0.9900000095367432,0.9058547616004944,0.023273738101124763,0.9029866456985474,0.9087666869163513,5.017341613769531,4.843320369720459,221.0,0.15074710547924042,,,,,,,,,,,,
2,,,11219,2.0,0.9824000000953674,0.8507251739501953,0.04069415107369423,0.8185312151908875,0.8908910751342773,6.565839767456055,5.698299407958984,188.0,0.8268461227416992,,,,,,,,,,,,
2,,,11229,2.0,0.9836000204086304,0.9138474464416504,0.0416259728372097,0.8785244822502136,0.9576115608215332,5.608808994293213,5.136646747589111,230.0,0.4305363893508911,,,,,,,,,,,,
2,,,11239,2.0,0.9783999919891357,0.9621003866195679,0.06277000904083252,0.9631679654121399,0.9610410928726196,7.346251010894775,7.027338027954102,1364.0,0.2561432123184204,,,,,,,,,,,,
2,,,11249,2.0,0.9905999898910522,0.9463387131690979,0.02355223149061203,0.9236387610435486,0.9719353914260864,4.829238414764404,4.384721279144287,285.0,0.42096465826034546,,,,,,,,,,,,
2,,,11259,2.0,0.9807000160217285,0.9641811847686768,0.0425608791410923,0.9770060777664185,0.9524022936820984,4.489391326904297,4.114309787750244,1496.0,0.3325206935405731,,,,,,,,,,,,
2,,,11269,2.0,0.9684000015258789,0.9384775161743164,0.09708625078201294,0.9522098302841187,0.9259713888168335,6.062380313873291,5.2535786628723145,1242.0,0.7117152214050293,,,,,,,,,,,,
2,,,11279,2.0,0.995199978351593,0.9544861316680908,0.017499784007668495,0.9561227560043335,0.9528619050979614,4.516186714172363,4.403672695159912,244.0,0.095014289021492,,,,,,,,,,,,
2,,,11289,2.0,0.979200005531311,0.915644645690918,0.049196381121873856,0.9191915988922119,0.9121677875518799,6.010880470275879,5.783738136291504,434.0,0.17794615030288696,,,,,,,,,,,,
2,,,11299,2.0,0.9639999866485596,0.9161564111709595,0.08469350636005402,0.9422680139541626,0.8939814567565918,5.798833847045898,5.31795072555542,993.0,0.3961895704269409,,,,,,,,,,,,
2,,,11309,2.0,0.9556000232696533,0.9239357709884644,0.10468646138906479,0.9302831888198853,0.9179068207740784,7.145695209503174,6.400540828704834,1744.0,0.6404682993888855,,,,,,,,,,,,
2,,,11319,2.0,0.954800009727478,0.8807563781738281,0.09807905554771423,0.9077883958816528,0.8580820560455322,6.837983131408691,6.0429253578186035,574.0,0.6969784498214722,,,,,,,,,,,,
2,,,11329,2.0,0.9769999980926514,0.9141626358032227,0.055663079023361206,0.9575901031494141,0.8794796466827393,6.152639389038086,5.793905258178711,749.0,0.30307093262672424,,,,,,,,,,,,
2,,,11339,2.0,0.9864000082015991,0.8454105854034424,0.03236180171370506,0.9692502021789551,0.7750268578529358,6.4441986083984375,5.956197261810303,250.0,0.45563921332359314,,,,,,,,,,,,
2,,,11349,2.0,0.9829999804496765,0.8929094672203064,0.0405217669904232,0.9425508975982666,0.8541209697723389,6.775754928588867,6.647686004638672,325.0,0.08754734694957733,,,,,,,,,,,,
2,,,11359,2.0,0.954200029373169,0.9477142095565796,0.13119728863239288,0.938278317451477,0.9595251083374023,7.827226161956787,5.323822498321533,2089.0,2.372206211090088,,,,,,,,,,,,
2,,,11369,2.0,0.968500018119812,0.9438861608505249,0.0802418664097786,0.9425315260887146,0.9452548027038574,5.989809989929199,4.759177207946777,1280.0,1.1503909826278687,,,,,,,,,,,,
2,,,11379,2.0,0.9843999743461609,0.9675107598304749,0.035810310393571854,0.9652801752090454,0.9697732329368591,4.8215413093566895,4.490031719207764,1270.0,0.29569897055625916,,,,,,,,,,,,
2,,,11389,2.0,0.9869999885559082,0.9055932760238647,0.03150523826479912,0.8908827304840088,0.9215656518936157,5.835047245025635,4.9011430740356445,189.0,0.9023990631103516,,,,,,,,,,,,
2,,,11399,2.0,0.9811000227928162,0.7789223194122314,0.04133637621998787,0.7872934341430664,0.7710542678833008,6.370265483856201,5.356196403503418,164.0,0.9727323651313782,,,,,,,,,,,,
2,,,11409,2.0,0.9926000237464905,0.9340810775756836,0.021921608597040176,0.9269229769706726,0.9415005445480347,4.406286716461182,4.1114115715026855,233.0,0.2729533314704895,,,,,,,,,,,,
2,,,11419,2.0,0.9609000086784363,0.9402910470962524,0.11189163476228714,0.9238919019699097,0.9595875144004822,7.0988969802856445,5.726902961730957,1790.0,1.2601021528244019,,,,,,,,,,,,
2,,,11429,2.0,0.9837999939918518,0.8869225978851318,0.03692729398608208,0.9014981985092163,0.8734585046768188,5.709792613983154,4.837494373321533,282.0,0.835371196269989,,,,,,,,,,,,
2,,,11439,2.0,0.9876000285148621,0.9184893369674683,0.04703740403056145,0.9527081251144409,0.8894815444946289,5.742088794708252,5.237476348876953,342.0,0.457574725151062,,,,,,,,,,,,
2,,,11449,2.0,0.9783999919891357,0.9091944694519043,0.05622835084795952,0.9508436918258667,0.8755764961242676,6.543625831604004,5.410341739654541,622.0,1.0770556926727295,,,,,,,,,,,,
2,,,11459,2.0,0.9916999936103821,0.9739173650741577,0.02245143987238407,0.9645612239837646,0.9837551116943359,4.391683101654053,3.7460169792175293,759.0,0.623214840888977,,,,,,,,,,,,
2,,,11469,2.0,0.9861999750137329,0.8925158977508545,0.03748517110943794,0.8983156085014343,0.8868961334228516,6.290394306182861,5.772824764251709,286.0,0.4800844192504883,,,,,,,,,,,,
2,,,11479,2.0,0.9797000288963318,0.8868104815483093,0.05107833817601204,0.9426026940345764,0.8446921110153198,6.18146276473999,5.624896049499512,378.0,0.5054882764816284,,,,,,,,,,,,
2,,,11489,2.0,0.9805999994277954,0.9614942073822021,0.05276459828019142,0.9801121354103088,0.9449213147163391,4.664546489715576,4.280392169952393,1433.0,0.3313899040222168,,,,,,,,,,,,
2,,,11499,2.0,0.992900013923645,0.8825621604919434,0.01567409560084343,0.9543251395225525,0.8309007287025452,5.010157585144043,4.917332172393799,121.0,0.07715119421482086,,,,,,,,,,,,
2,,,11509,2.0,0.9760000109672546,0.895088791847229,0.061471324414014816,0.9116305708885193,0.8800206780433655,6.6431708335876465,6.220702171325684,467.0,0.3609970211982727,,,,,,,,,,,,
2,,,11519,2.0,0.9620000123977661,0.8770650625228882,0.08693947643041611,0.9113748073577881,0.8491572141647339,7.162388801574707,6.703906059265137,566.0,0.3715432286262512,,,,,,,,,,,,
2,,,11529,2.0,0.9758999943733215,0.9259524345397949,0.06998327374458313,0.9177722930908203,0.9345492720603943,4.964121341705322,4.600016117095947,584.0,0.29412174224853516,,,,,,,,,,,,
2,,,11539,2.0,0.9757999777793884,0.9461191296577454,0.05628183111548424,0.9252331256866455,0.9702411890029907,5.5800580978393555,4.1594061851501465,860.0,1.3643699884414673,,,,,,,,,,,,
2,,,11549,2.0,0.9768000245094299,0.9135266542434692,0.08757196366786957,0.9420669078826904,0.8890496492385864,6.845000267028809,6.176912784576416,681.0,0.5805155634880066,,,,,,,,,,,,
2,,,11559,2.0,0.9763000011444092,0.9616013765335083,0.057069770991802216,0.969719409942627,0.9539768695831299,6.780244827270508,5.268823623657227,1785.0,1.4543514251708984,,,,,,,,,,,,
2,,,11569,2.0,0.9793999791145325,0.8218730688095093,0.04733917862176895,0.8408015966415405,0.8050839900970459,6.133937835693359,5.969040393829346,245.0,0.1175585687160492,,,,,,,,,,,,
2,,,11579,2.0,0.9714000225067139,0.9364485740661621,0.07403923571109772,0.9341644644737244,0.938767671585083,7.152684688568115,6.914403915405273,750.0,0.16424140334129333,,,,,,,,,,,,
2,,,11589,2.0,0.9772999882698059,0.958699107170105,0.052976008504629135,0.9638317227363586,0.9537479281425476,4.8258256912231445,4.5804009437561035,1281.0,0.19244876503944397,,,,,,,,,,,,
2,,,11599,2.0,0.9702000021934509,0.8050552606582642,0.0773649737238884,0.811062216758728,0.7993019223213196,6.597103595733643,6.19247579574585,279.0,0.3272627890110016,,,,,,,,,,,,
2,,,11609,2.0,0.9739000201225281,0.9137498140335083,0.0671916976571083,0.9395663738250732,0.8913921117782593,5.792743682861328,5.4986371994018555,524.0,0.22691470384597778,,,,,,,,,,,,
2,,,11619,2.0,0.9846000075340271,0.8676975965499878,0.036954235285520554,0.8269419074058533,0.9212476015090942,5.546319007873535,5.249747276306152,141.0,0.2596174478530884,,,,,,,,,,,,
2,,,11629,2.0,0.963699996471405,0.8983981609344482,0.09737693518400192,0.9051605463027954,0.8919245004653931,7.9004435539245605,7.7086944580078125,595.0,0.0943724662065506,,,,,,,,,,,,
2,,,11639,2.0,0.9771000146865845,0.9098504781723022,0.057904284447431564,0.9352760910987854,0.8876936435699463,6.519623756408691,5.845767974853516,495.0,0.6159515380859375,,,,,,,,,,,,
2,,,11649,2.0,0.968500018119812,0.9485918283462524,0.07173705846071243,0.9563935995101929,0.9412584900856018,5.122892379760742,4.764641284942627,1408.0,0.28651368618011475,,,,,,,,,,,,
2,,,11659,2.0,0.9664999842643738,0.8864036798477173,0.07606589049100876,0.8521901369094849,0.9302472472190857,7.355617046356201,6.982031345367432,436.0,0.29751959443092346,,,,,,,,,,,,
2,,,11669,2.0,0.9678999781608582,0.9323940277099609,0.1238570585846901,0.9437746405601501,0.9218398332595825,7.045239448547363,5.968385219573975,918.0,0.9529974460601807,,,,,,,,,,,,
2,,,11679,2.0,0.9724000096321106,0.9641013741493225,0.06979628652334213,0.9693650007247925,0.9591444730758667,6.5468525886535645,6.156158447265625,2483.0,0.3208981156349182,,,,,,,,,,,,
2,,,11689,2.0,0.9742000102996826,0.8453202247619629,0.058181487023830414,0.8903281688690186,0.8105016946792603,7.447111129760742,6.706352710723877,418.0,0.6825772523880005,,,,,,,,,,,,
2,,,11699,2.0,0.9861000180244446,0.9605265855789185,0.040676914155483246,0.9698128700256348,0.9516972899436951,8.102314949035645,5.9032511711120605,889.0,2.158386468887329,,,,,,,,,,,,
2,,,11709,2.0,0.9854000210762024,0.95074462890625,0.036616552621126175,0.9559181928634644,0.9457122683525085,5.435787677764893,5.219118595123291,589.0,0.18005266785621643,,,,,,,,,,,,
2,,,11719,2.0,0.98089998960495,0.9157965183258057,0.04258918762207031,0.9024533033370972,0.9302145838737488,6.709481239318848,5.446811676025391,523.0,1.2200801372528076,,,,,,,,,,,,
2,,,11729,2.0,0.9560999870300293,0.8283471465110779,0.10160520672798157,0.9222812652587891,0.7729998826980591,7.228606224060059,6.833408832550049,721.0,0.29359200596809387,,,,,,,,,,,,
2,,,11739,2.0,0.9857000112533569,0.9734204411506653,0.03312325477600098,0.9728235602378845,0.9740197658538818,5.039666652679443,4.859970569610596,1220.0,0.14657260477542877,,,,,,,,,,,,
2,,,11749,2.0,0.986299991607666,0.9768405556678772,0.03846943750977516,0.9807063937187195,0.9730808734893799,6.223904132843018,4.723316669464111,1668.0,1.4621180295944214,,,,,,,,,,,,
2,,,11759,2.0,0.9865999817848206,0.9334918260574341,0.03860250115394592,0.9589134454727173,0.9110589027404785,6.694281101226807,6.587503910064697,373.0,0.06817477196455002,,,,,,,,,,,,
2,,,11769,2.0,0.9686999917030334,0.8981374502182007,0.07491028308868408,0.9296270608901978,0.8718478083610535,6.882302761077881,6.3857269287109375,769.0,0.4216654896736145,,,,,,,,,,,,
2,,,11779,2.0,0.9757999777793884,0.8887268304824829,0.054859038442373276,0.8919191956520081,0.8855941295623779,7.052781581878662,6.258072853088379,368.0,0.7398494482040405,,,,,,,,,,,,
2,,,11789,2.0,0.9506000280380249,0.8587437868118286,0.10140654444694519,0.8813002109527588,0.839402973651886,7.785317897796631,6.777683734893799,815.0,0.9062277674674988,,,,,,,,,,,,
2,,,11799,2.0,0.9857000112533569,0.8312188386917114,0.03303573280572891,0.8545222282409668,0.8109354376792908,5.703025817871094,5.493745803833008,165.0,0.17624416947364807,,,,,,,,,,,,
2,,,11809,2.0,0.9843000173568726,0.9014403223991394,0.03753793612122536,0.9104384183883667,0.8928674459457397,5.637298583984375,5.182406902313232,226.0,0.4173535406589508,,,,,,,,,,,,
2,,,11819,2.0,0.9575999975204468,0.918072521686554,0.10237008333206177,0.9300336837768555,0.9071083664894104,7.031665325164795,6.349254608154297,844.0,0.5800406336784363,,,,,,,,,,,,
2,,,11829,2.0,0.9751999974250793,0.9533721208572388,0.05954030901193619,0.960791826248169,0.9463210105895996,4.976078033447266,4.571335792541504,1143.0,0.3452018201351166,,,,,,,,,,,,
2,,,11839,2.0,0.942300021648407,0.9013903141021729,0.1425287425518036,0.8988567590713501,0.9039825201034546,7.018735885620117,6.300607681274414,1261.0,0.5755999088287354,,,,,,,,,,,,
2,,,11849,2.0,0.9796000123023987,0.8755130767822266,0.04504553973674774,0.9137507677078247,0.8443478941917419,5.842634201049805,5.5749359130859375,302.0,0.222652867436409,,,,,,,,,,,,
2,,,11859,2.0,0.9629999995231628,0.9290012121200562,0.09853357821702957,0.9149712324142456,0.9446592926979065,6.792407989501953,6.128825664520264,1119.0,0.5650485157966614,,,,,,,,,,,,
2,,,11869,2.0,0.9484999775886536,0.8920621871948242,0.12237026542425156,0.8722391724586487,0.9154852032661438,7.8031158447265625,7.1533732414245605,1023.0,0.5273723006248474,,,,,,,,,,,,
2,,,11879,2.0,0.9817000031471252,0.923794150352478,0.04552207514643669,0.9234867095947266,0.9241020679473877,5.673689842224121,5.4047532081604,444.0,0.22341428697109222,,,,,,,,,,,,
2,,,11889,2.0,0.9453999996185303,0.8488703966140747,0.11414927989244461,0.8539050817489624,0.8440237045288086,5.941925525665283,5.424233913421631,691.0,0.40354254841804504,,,,,,,,,,,,
2,,,11899,2.0,0.980400025844574,0.8378908634185791,0.04771546646952629,0.8848991394042969,0.8017860054969788,5.52379035949707,5.100271701812744,195.0,0.37580278515815735,,,,,,,,,,,,
2,,,11909,2.0,0.9812999963760376,0.8884971141815186,0.041741956025362015,0.8923431634902954,0.8847342729568481,7.223110198974609,6.274114608764648,377.0,0.9072539806365967,,,,,,,,,,,,
2,,,11919,2.0,0.9865999817848206,0.9294736385345459,0.0346083901822567,0.9546230435371399,0.9072566032409668,6.658627510070801,6.464942932128906,475.0,0.1590760499238968,,,,,,,,,,,,
2,,,11929,2.0,0.963699996471405,0.9231254458427429,0.07850578427314758,0.9307445287704468,0.9158939123153687,5.033550262451172,4.653383731842041,1029.0,0.3016604483127594,,,,,,,,,,,,
2,,,11939,2.0,0.9544000029563904,0.8903841972351074,0.1601909101009369,0.913676381111145,0.8704397678375244,7.3194966316223145,6.649970054626465,838.0,0.5093355178833008,,,,,,,,,,,,
2,,,11949,2.0,0.984000027179718,0.9297353625297546,0.04267698526382446,0.9061405658721924,0.9567728638648987,6.272122859954834,5.130524158477783,313.0,1.098921775817871,,,,,,,,,,,,
2,,,11959,2.0,0.9745000004768372,0.9030336141586304,0.05938537046313286,0.9097433090209961,0.8965816497802734,7.15609073638916,6.940431594848633,665.0,0.1562739461660385,,,,,,,,,,,,
2,,,11969,2.0,0.9891999959945679,0.9311702251434326,0.023645279929041862,0.924230694770813,0.938364565372467,5.202683925628662,4.858845233917236,263.0,0.3201931118965149,,,,,,,,,,,,
2,,,11979,2.0,0.9684000015258789,0.914124608039856,0.11069031804800034,0.8882228136062622,0.9451571106910706,5.6066460609436035,4.943981170654297,857.0,0.5519749522209167,,,,,,,,,,,,
2,,,11989,2.0,0.9757000207901001,0.858188271522522,0.051665257662534714,0.889519453048706,0.8320052027702332,7.748203277587891,5.480052471160889,296.0,2.2164857387542725,,,,,,,,,,,,
2,,,11999,2.0,0.9697999954223633,0.8005159497261047,0.07250388711690903,0.7879672050476074,0.8143581748008728,6.515052795410156,5.884269714355469,266.0,0.5582789182662964,,,,,,,,,,,,
,9.978031724785247e-05,0.0009978031724785245,12000,,,,,,,,,,,,,,,,,,,,,,
3,,,12009,2.0,0.9840999841690063,0.959891676902771,0.04450354352593422,0.970482349395752,0.9499177932739258,4.356482028961182,3.9788970947265625,1076.0,0.3330812454223633,,,,,,,,,,,,
3,,,12019,2.0,0.9749000072479248,0.906145453453064,0.06236235424876213,0.8731199502944946,0.9472110271453857,8.985395431518555,6.134487628936768,623.0,2.7885451316833496,,,,,,,,,,,,
3,,,12029,2.0,0.9811999797821045,0.9700239896774292,0.04519737884402275,0.9746842384338379,0.9655301570892334,6.310362815856934,5.541385650634766,1843.0,0.7237797975540161,,,,,,,,,,,,
3,,,12039,2.0,0.9713000059127808,0.8718836903572083,0.06474342197179794,0.8518840074539185,0.8947604894638062,6.011582374572754,5.472665786743164,534.0,0.47417330741882324,,,,,,,,,,,,
3,,,12049,2.0,0.972000002861023,0.9138391017913818,0.09228276461362839,0.8869798183441162,0.9459805488586426,5.50308895111084,5.212056636810303,543.0,0.1987495869398117,,,,,,,,,,,,
3,,,12059,2.0,0.9800000190734863,0.9396141171455383,0.05286826193332672,0.9431226253509521,0.9361749887466431,7.189990997314453,6.502610206604004,475.0,0.6345126628875732,,,,,,,,,,,,
3,,,12069,2.0,0.9882000088691711,0.9775121212005615,0.032331205904483795,0.9795329570770264,0.975517749786377,5.2970170974731445,4.764578819274902,1442.0,0.5001074075698853,,,,,,,,,,,,
3,,,12079,2.0,0.9830999970436096,0.9124611616134644,0.03946390375494957,0.931438148021698,0.8952748775482178,7.0388922691345215,5.998282432556152,348.0,1.0011459589004517,,,,,,,,,,,,
3,,,12089,2.0,0.9731000065803528,0.7778580188751221,0.055337220430374146,0.8472769260406494,0.7330134510993958,5.905989646911621,5.575661659240723,318.0,0.2749903202056885,,,,,,,,,,,,
3,,,12099,2.0,0.9453999996185303,0.8134729862213135,0.11622726172208786,0.8271545171737671,0.8011554479598999,7.676270008087158,6.689303398132324,432.0,0.8707393407821655,,,,,,,,,,,,
3,,,12109,2.0,0.973800003528595,0.9157826900482178,0.064576156437397,0.9009486436843872,0.9320678114891052,6.333645343780518,6.001043796539307,584.0,0.2680254578590393,,,,,,,,,,,,
3,,,12119,2.0,0.9757999777793884,0.91159987449646,0.0569862425327301,0.9045729041099548,0.9189292192459106,7.323734760284424,7.166351795196533,455.0,0.10039671510457993,,,,,,,,,,,,
3,,,12129,2.0,0.9836999773979187,0.9415119886398315,0.04674152657389641,0.9364696145057678,0.9466971158981323,6.5614013671875,5.752090930938721,537.0,0.7625687718391418,,,,,,,,,,,,
3,,,12139,2.0,0.9689000248908997,0.9053984880447388,0.07323410362005234,0.9186558723449707,0.8931605219841003,6.797168254852295,6.279053688049316,776.0,0.4448806047439575,,,,,,,,,,,,
3,,,12149,2.0,0.9591000080108643,0.8973908424377441,0.14870008826255798,0.8920785188674927,0.9029057025909424,6.349944114685059,5.372710227966309,980.0,0.8285338878631592,,,,,,,,,,,,
3,,,12159,2.0,0.9684000015258789,0.8932717442512512,0.07520687580108643,0.9062614440917969,0.8812646865844727,7.160446643829346,6.85708475112915,590.0,0.2281550019979477,,,,,,,,,,,,
3,,,12169,2.0,0.965399980545044,0.8377346992492676,0.08679984509944916,0.8802079558372498,0.8049077391624451,6.6620893478393555,6.318464756011963,354.0,0.2568250894546509,,,,,,,,,,,,
3,,,12179,2.0,0.9815999865531921,0.9305307269096375,0.058001935482025146,0.913032054901123,0.9499116539955139,7.126740455627441,6.862880706787109,562.0,0.2058577984571457,,,,,,,,,,,,
3,,,12189,2.0,0.9725000262260437,0.886796772480011,0.06683515012264252,0.8450734615325928,0.9428387880325317,5.95678186416626,5.343861103057861,395.0,0.5460856556892395,,,,,,,,,,,,
3,,,12199,2.0,0.9817000031471252,0.9742103815078735,0.04643630236387253,0.9775019884109497,0.9710185527801514,4.5685930252075195,4.147834300994873,1165.0,0.37432265281677246,,,,,,,,,,,,
3,,,12209,2.0,0.9645000100135803,0.9178119897842407,0.08363030105829239,0.9266718626022339,0.9094544649124146,6.138689994812012,5.744657039642334,679.0,0.31040307879447937,,,,,,,,,,,,
3,,,12219,2.0,0.9839000105857849,0.8986960053443909,0.03682832419872284,0.8841269016265869,0.9145469665527344,6.4452223777771,5.776196002960205,342.0,0.6321979761123657,,,,,,,,,,,,
3,,,12229,2.0,0.9900000095367432,0.97061687707901,0.023605093359947205,0.9688284993171692,0.9724225997924805,4.891034126281738,3.808147668838501,907.0,1.0592812299728394,,,,,,,,,,,,
3,,,12239,2.0,0.9743000268936157,0.8935964107513428,0.06002255901694298,0.9235864281654358,0.8681800961494446,6.802685737609863,6.572511196136475,488.0,0.1701524257659912,,,,,,,,,,,,
3,,,12249,2.0,0.9682999849319458,0.9395718574523926,0.06626293063163757,0.9514995813369751,0.9285914897918701,5.646585464477539,4.503697395324707,1073.0,1.0766254663467407,,,,,,,,,,,,
3,,,12259,2.0,0.9492999911308289,0.852642834186554,0.1353151798248291,0.9069046974182129,0.8140437602996826,7.17695426940918,5.6460676193237305,662.0,1.3955719470977783,,,,,,,,,,,,
3,,,12269,2.0,0.9829999804496765,0.8960288166999817,0.040536534041166306,0.87834632396698,0.9156579971313477,6.652637004852295,6.24025821685791,264.0,0.3718423843383789,,,,,,,,,,,,
3,,,12279,2.0,0.9851999878883362,0.9403139352798462,0.032020241022109985,0.9272376298904419,0.9543722867965698,5.449944496154785,5.019219875335693,485.0,0.39870432019233704,,,,,,,,,,,,
3,,,12289,2.0,0.9768000245094299,0.9349768161773682,0.05865230783820152,0.9196792840957642,0.951811671257019,7.134052276611328,6.785175323486328,930.0,0.2902246415615082,,,,,,,,,,,,
3,,,12299,2.0,0.9714999794960022,0.9110846519470215,0.06892533600330353,0.9217836856842041,0.9010448455810547,7.033710479736328,5.697750091552734,547.0,1.267034888267517,,,,,,,,,,,,
3,,,12309,2.0,0.9739000201225281,0.9481813907623291,0.06954104453325272,0.9669824838638306,0.9315280914306641,6.175779342651367,4.673189163208008,1147.0,1.4330490827560425,,,,,,,,,,,,
3,,,12319,2.0,0.9822999835014343,0.8471976518630981,0.04222995787858963,0.8336986303329468,0.8619341850280762,6.358634948730469,6.206223011016846,260.0,0.1101817786693573,,,,,,,,,,,,
3,,,12329,2.0,0.9904000163078308,0.9428200721740723,0.022763922810554504,0.9361951351165771,0.9496721029281616,6.902158260345459,6.535315036773682,248.0,0.3440796434879303,,,,,,,,,,,,
3,,,12339,2.0,0.972000002861023,0.8743162751197815,0.06152868643403053,0.888546347618103,0.8612463474273682,6.831424713134766,5.929419994354248,323.0,0.8404757976531982,,,,,,,,,,,,
3,,,12349,2.0,0.9818000197410583,0.9657105207443237,0.04540655389428139,0.9814026355743408,0.9515343308448792,5.133730888366699,4.463658809661865,1141.0,0.6246659755706787,,,,,,,,,,,,
3,,,12359,2.0,0.9699000120162964,0.9546651244163513,0.07685566693544388,0.9640064239501953,0.9460455179214478,5.288135528564453,4.529878616333008,1090.0,0.6814013123512268,,,,,,,,,,,,
3,,,12369,2.0,0.9664000272750854,0.9536956548690796,0.09137199819087982,0.9551476240158081,0.9522655010223389,7.472276210784912,6.6077752113342285,2211.0,0.7731289267539978,,,,,,,,,,,,
3,,,12379,2.0,0.9661999940872192,0.9199234247207642,0.07725786417722702,0.9211384057998657,0.9187182188034058,6.172949314117432,5.6985273361206055,628.0,0.39716455340385437,,,,,,,,,,,,
3,,,12389,2.0,0.9559999704360962,0.8715716004371643,0.10225606709718704,0.8806441426277161,0.8630428314208984,7.230764865875244,6.562723636627197,520.0,0.5657849311828613,,,,,,,,,,,,
3,,,12399,2.0,0.9817000031471252,0.8662018775939941,0.0451042540371418,0.8647159337997437,0.8677011132240295,5.75180196762085,5.544845104217529,274.0,0.16185295581817627,,,,,,,,,,,,
3,,,12409,2.0,0.9872000217437744,0.9684386253356934,0.030025992542505264,0.980604350566864,0.9570715427398682,4.422370433807373,4.193881988525391,1102.0,0.1984623223543167,,,,,,,,,,,,
3,,,12419,2.0,0.9887999892234802,0.9720860719680786,0.024844517931342125,0.9688388109207153,0.9753944873809814,3.935486316680908,3.628448963165283,1084.0,0.28219303488731384,,,,,,,,,,,,
3,,,12429,2.0,0.9843999743461609,0.9041621685028076,0.03579441085457802,0.8952959775924683,0.9134817719459534,5.95688009262085,5.337377071380615,290.0,0.5837089419364929,,,,,,,,,,,,
3,,,12439,2.0,0.9699000120162964,0.9423791766166687,0.07133729010820389,0.9306120872497559,0.9552282094955444,5.364304065704346,5.058253288269043,971.0,0.2347133457660675,,,,,,,,,,,,
3,,,12449,2.0,0.9829999804496765,0.9045354127883911,0.039899565279483795,0.8709389567375183,0.9458202719688416,6.704309940338135,6.249668598175049,302.0,0.41474202275276184,,,,,,,,,,,,
3,,,12459,2.0,0.9904999732971191,0.7435919046401978,0.03246251121163368,0.8345602750778198,0.6921640634536743,4.9399495124816895,4.716498374938965,60.0,0.19098857045173645,,,,,,,,,,,,
3,,,12469,2.0,0.9366000294685364,0.7824093103408813,0.12321095913648605,0.7570711374282837,0.8153454065322876,7.7521843910217285,7.445401191711426,385.0,0.1835722178220749,,,,,,,,,,,,
3,,,12479,2.0,0.9613999724388123,0.9248082637786865,0.0889856293797493,0.9160960912704468,0.9341219067573547,6.919764995574951,6.321788787841797,990.0,0.5089908838272095,,,,,,,,,,,,
3,,,12489,2.0,0.98089998960495,0.9387682676315308,0.04576176404953003,0.9175060987472534,0.9629416465759277,6.579107284545898,5.415992736816406,554.0,1.1173529624938965,,,,,,,,,,,,
3,,,12499,2.0,0.9739999771118164,0.8194506168365479,0.05298268422484398,0.82110196352005,0.8178180456161499,5.340593338012695,5.133387088775635,316.0,0.1542235165834427,,,,,,,,,,,,
3,,,12509,2.0,0.9589999914169312,0.9145088791847229,0.10070674121379852,0.9439951181411743,0.8902353048324585,7.471771240234375,6.608849048614502,1030.0,0.7622156739234924,,,,,,,,,,,,
3,,,12519,2.0,0.9711999893188477,0.7730436325073242,0.06074557453393936,0.8809772729873657,0.7153993248939514,7.907154560089111,6.4878058433532715,328.0,1.3586028814315796,,,,,,,,,,,,
3,,,12529,2.0,0.9771999716758728,0.9657137989997864,0.05702764913439751,0.9783602952957153,0.9543231725692749,5.801906585693359,5.20007848739624,1800.0,0.5448001623153687,,,,,,,,,,,,
3,,,12539,2.0,0.9686999917030334,0.9175293445587158,0.09058251976966858,0.9468808174133301,0.8928205966949463,8.037527084350586,6.915234565734863,1094.0,1.0317096710205078,,,,,,,,,,,,
3,,,12549,2.0,0.9815000295639038,0.9514967203140259,0.042641278356313705,0.942611813545227,0.9608705043792725,4.734353065490723,4.49210786819458,696.0,0.1996040940284729,,,,,,,,,,,,
3,,,12559,2.0,0.9896000027656555,0.6914953589439392,0.03225211426615715,0.7905700206756592,0.6435735821723938,4.987700939178467,4.661658763885498,85.0,0.2937897741794586,,,,,,,,,,,,
3,,,12569,2.0,0.9711999893188477,0.961942732334137,0.08297009766101837,0.9543451070785522,0.9702572226524353,6.410283088684082,4.917842864990234,1688.0,1.4094702005386353,,,,,,,,,,,,
3,,,12579,2.0,0.9628999829292297,0.8578085899353027,0.08048699051141739,0.9031397700309753,0.8231279850006104,7.478823661804199,6.508084774017334,583.0,0.8902521133422852,,,,,,,,,,,,
3,,,12589,2.0,0.9850999712944031,0.9167517423629761,0.03706875443458557,0.9267163276672363,0.9072937369346619,6.33908748626709,5.491233825683594,371.0,0.8107849359512329,,,,,,,,,,,,
3,,,12599,2.0,0.9889000058174133,0.9506824016571045,0.027915285900235176,0.9461525678634644,0.9553197622299194,5.202795505523682,4.947578430175781,397.0,0.22730155289173126,,,,,,,,,,,,
3,,,12609,2.0,0.9787999987602234,0.9470812678337097,0.0492849126458168,0.9354153275489807,0.9596343040466309,6.520268440246582,5.7612624168396,911.0,0.7097212076187134,,,,,,,,,,,,
3,,,12619,2.0,0.9832000136375427,0.9666547775268555,0.03625963628292084,0.9711564779281616,0.9622818827629089,4.962209224700928,4.213505268096924,886.0,0.7124443650245667,,,,,,,,,,,,
3,,,12629,2.0,0.9699000120162964,0.8816673755645752,0.06678250432014465,0.91640305519104,0.8531469106674194,7.1619343757629395,6.706606864929199,695.0,0.38854509592056274,,,,,,,,,,,,
3,,,12639,2.0,0.9627000093460083,0.9403284788131714,0.09267684072256088,0.9269316792488098,0.9554675221443176,6.54241943359375,5.8040852546691895,1652.0,0.6456574201583862,,,,,,,,,,,,
3,,,12649,2.0,0.9871000051498413,0.9711735248565674,0.03195437416434288,0.9691511392593384,0.9732208251953125,5.74215841293335,4.458408355712891,1004.0,1.251795768737793,,,,,,,,,,,,
3,,,12659,2.0,0.9690999984741211,0.8314480781555176,0.06717528402805328,0.8050311207771301,0.8637372255325317,5.954586029052734,5.440742492675781,294.0,0.4466681182384491,,,,,,,,,,,,
3,,,12669,2.0,0.989300012588501,0.9305879473686218,0.02632923796772957,0.9115269184112549,0.9517024159431458,6.387809753417969,5.100182056427002,196.0,1.2612985372543335,,,,,,,,,,,,
3,,,12679,2.0,0.9724000096321106,0.7030158042907715,0.10031338781118393,0.7754852771759033,0.662246584892273,6.705075740814209,6.305934429168701,263.0,0.2988281846046448,,,,,,,,,,,,
3,,,12689,2.0,0.9635999798774719,0.9189561009407043,0.09236503392457962,0.9495145082473755,0.8937268257141113,7.839620590209961,6.69997501373291,1215.0,1.0472803115844727,,,,,,,,,,,,
3,,,12699,2.0,0.9789000153541565,0.9163674116134644,0.05006793513894081,0.9236502647399902,0.9093745946884155,6.758327484130859,6.449525833129883,598.0,0.25873351097106934,,,,,,,,,,,,
3,,,12709,2.0,0.91839998960495,0.7675271034240723,0.1538476198911667,0.8668245077133179,0.7187961339950562,7.7677202224731445,6.427779674530029,838.0,1.1860928535461426,,,,,,,,,,,,
3,,,12719,2.0,0.9635000228881836,0.7574253082275391,0.0748869851231575,0.8331024646759033,0.7119719982147217,6.158893585205078,5.63503360748291,370.0,0.448973149061203,,,,,,,,,,,,
3,,,12729,2.0,0.9890999794006348,0.9578908681869507,0.021990206092596054,0.9440878629684448,0.9727535247802734,5.100798606872559,4.946665287017822,626.0,0.1321428120136261,,,,,,,,,,,,
3,,,12739,2.0,0.9797000288963318,0.9705548286437988,0.0644204393029213,0.9738752841949463,0.9673318862915039,6.578265190124512,6.222424030303955,2139.0,0.2914210557937622,,,,,,,,,,,,
3,,,12749,2.0,0.9685999751091003,0.809661865234375,0.06717707961797714,0.7626364231109619,0.881245493888855,5.361564636230469,5.135155200958252,220.0,0.15923231840133667,,,,,,,,,,,,
3,,,12759,2.0,0.9764000177383423,0.915058970451355,0.05369207262992859,0.9321137070655823,0.8995492458343506,5.993103981018066,5.749497413635254,537.0,0.1899145096540451,,,,,,,,,,,,
3,,,12769,2.0,0.9775999784469604,0.9111537933349609,0.07659035176038742,0.888002872467041,0.9378763437271118,6.849053382873535,6.09459924697876,504.0,0.6778636574745178,,,,,,,,,,,,
3,,,12779,2.0,0.9474999904632568,0.9096390008926392,0.12229888886213303,0.9153429865837097,0.904202938079834,8.012595176696777,6.780701160430908,1787.0,1.1095952987670898,,,,,,,,,,,,
3,,,12789,2.0,0.9925000071525574,0.9536635875701904,0.018540119752287865,0.9758342504501343,0.933647871017456,5.842346668243408,5.265445232391357,298.0,0.5583617091178894,,,,,,,,,,,,
3,,,12799,2.0,0.9884999990463257,0.9133254885673523,0.02542710490524769,0.8790203332901001,0.9551626443862915,5.473673343658447,5.2039971351623535,162.0,0.2442488968372345,,,,,,,,,,,,
3,,,12809,2.0,0.9934999942779541,0.7540032267570496,0.019825875759124756,0.7961335778236389,0.722525417804718,5.157082557678223,4.394445896148682,45.0,0.7428104877471924,,,,,,,,,,,,
3,,,12819,2.0,0.9704999923706055,0.862225353717804,0.07660754024982452,0.9094744920730591,0.8259704113006592,7.53794527053833,7.403964996337891,322.0,0.05737242102622986,,,,,,,,,,,,
3,,,12829,2.0,0.9642999768257141,0.9229680299758911,0.09356723725795746,0.9413015842437744,0.9067086577415466,4.97688627243042,4.67889404296875,946.0,0.2044248729944229,,,,,,,,,,,,
3,,,12839,2.0,0.9853000044822693,0.8983120918273926,0.04186583310365677,0.9040063619613647,0.8927907943725586,5.409548759460449,5.103300094604492,332.0,0.2643827497959137,,,,,,,,,,,,
3,,,12849,2.0,0.9807000160217285,0.8741982579231262,0.041461724787950516,0.8543448448181152,0.896691083908081,5.474301338195801,5.295633316040039,333.0,0.13720597326755524,,,,,,,,,,,,
3,,,12859,2.0,0.9857000112533569,0.969528317451477,0.03208211809396744,0.958683967590332,0.9811548590660095,5.256007194519043,4.633723258972168,742.0,0.5902016162872314,,,,,,,,,,,,
3,,,12869,2.0,0.9822999835014343,0.8967050313949585,0.04843508452177048,0.9014027118682861,0.8921283483505249,5.783527851104736,5.352598190307617,370.0,0.3824944496154785,,,,,,,,,,,,
3,,,12879,2.0,0.9829999804496765,0.9029529094696045,0.04087952896952629,0.8780685663223267,0.9318281412124634,4.982222080230713,4.529466152191162,234.0,0.4118763208389282,,,,,,,,,,,,
3,,,12889,2.0,0.9853000044822693,0.8082721829414368,0.04676050692796707,0.8325355052947998,0.7874629497528076,5.731435775756836,5.5916290283203125,173.0,0.09304597228765488,,,,,,,,,,,,
3,,,12899,2.0,0.9884999990463257,0.8799446821212769,0.026551105082035065,0.8356831073760986,0.9387477040290833,5.256827354431152,5.173365592956543,178.0,0.056910403072834015,,,,,,,,,,,,
3,,,12909,2.0,0.9807000160217285,0.8449369668960571,0.05079412832856178,0.8630247116088867,0.8287003040313721,6.286241054534912,5.467082500457764,173.0,0.7683645486831665,,,,,,,,,,,,
3,,,12919,2.0,0.9876999855041504,0.9243505001068115,0.034262772649526596,0.9326461553573608,0.9163986444473267,7.107299327850342,6.584927082061768,388.0,0.48810943961143494,,,,,,,,,,,,
3,,,12929,2.0,0.98089998960495,0.8497051000595093,0.0455777682363987,0.8699240684509277,0.8317464590072632,5.693302154541016,5.088647365570068,227.0,0.5590766668319702,,,,,,,,,,,,
3,,,12939,2.0,0.9721999764442444,0.6522189974784851,0.06440609693527222,0.873845100402832,0.5993268489837646,6.952808380126953,5.9353837966918945,168.0,0.953018844127655,,,,,,,,,,,,
3,,,12949,2.0,0.979200005531311,0.9707889556884766,0.056518688797950745,0.9630094170570374,0.9792012572288513,7.353418350219727,6.4727067947387695,1838.0,0.8241928219795227,,,,,,,,,,,,
3,,,12959,2.0,0.9657999873161316,0.9235000610351562,0.08532281219959259,0.90777587890625,0.9411085844039917,6.547860622406006,5.7681756019592285,863.0,0.6943619847297668,,,,,,,,,,,,
3,,,12969,2.0,0.9937999844551086,0.8139130473136902,0.018702764064073563,0.8336287140846252,0.7964411377906799,4.558774948120117,4.053935527801514,53.0,0.48613637685775757,,,,,,,,,,,,
3,,,12979,2.0,0.9872000217437744,0.981046199798584,0.03513750433921814,0.9866986274719238,0.9756549596786499,4.611616134643555,3.868320941925049,1111.0,0.708158016204834,,,,,,,,,,,,
3,,,12989,2.0,0.9785000085830688,0.9572902917861938,0.04860363528132439,0.97276771068573,0.9432660341262817,4.825187683105469,4.517321586608887,1301.0,0.25926241278648376,,,,,,,,,,,,
3,,,12999,2.0,0.9825000166893005,0.9534646272659302,0.041873134672641754,0.9458280205726624,0.9614557027816772,6.382938861846924,5.9791646003723145,817.0,0.36190110445022583,,,,,,,,,,,,
3,,,13009,2.0,0.9835000038146973,0.9496588706970215,0.05361734703183174,0.9299018979072571,0.9718704223632812,5.526876926422119,5.2820563316345215,598.0,0.1912030726671219,,,,,,,,,,,,
3,,,13019,2.0,0.984499990940094,0.9634233713150024,0.035129204392433167,0.9625952243804932,0.9642555117607117,4.67896032333374,4.32271671295166,921.0,0.3211146295070648,,,,,,,,,,,,
3,,,13029,2.0,0.9824000000953674,0.9618908166885376,0.04910583421587944,0.9595601558685303,0.9642560482025146,5.433396339416504,4.625826358795166,745.0,0.758464515209198,,,,,,,,,,,,
3,,,13039,2.0,0.9388999938964844,0.8597170114517212,0.1323186457157135,0.8638813495635986,0.8556890487670898,7.637520790100098,6.919242858886719,641.0,0.5859594345092773,,,,,,,,,,,,
3,,,13049,2.0,0.984000027179718,0.970476508140564,0.038277965039014816,0.970476508140564,0.970476508140564,5.094658851623535,4.127012252807617,1536.0,0.9293687343597412,,,,,,,,,,,,
3,,,13059,2.0,0.9746000170707703,0.8925883769989014,0.059923235327005386,0.8698861598968506,0.9188649654388428,6.9580230712890625,6.564011573791504,330.0,0.33408835530281067,,,,,,,,,,,,
3,,,13069,2.0,0.9783999919891357,0.9343287944793701,0.06004758179187775,0.9727655649185181,0.9029187560081482,6.515664577484131,6.149188995361328,566.0,0.3064279854297638,,,,,,,,,,,,
3,,,13079,2.0,0.9916999936103821,0.9777982234954834,0.024609887972474098,0.9716338515281677,0.9841775894165039,5.198981285095215,4.486403465270996,933.0,0.6879675388336182,,,,,,,,,,,,
3,,,13089,2.0,0.9869999885559082,0.9679698348045349,0.03573429211974144,0.9566254615783691,0.980110764503479,5.290771484375,4.659757137298584,888.0,0.5952802300453186,,,,,,,,,,,,
3,,,13099,2.0,0.982699990272522,0.8721227645874023,0.03541046753525734,0.8560396432876587,0.8898816108703613,6.327458381652832,6.118659496307373,285.0,0.17338837683200836,,,,,,,,,,,,
3,,,13109,2.0,0.9557999968528748,0.8620321750640869,0.0993364080786705,0.8724631071090698,0.8523182272911072,7.548857688903809,6.875048637390137,839.0,0.5744723081588745,,,,,,,,,,,,
3,,,13119,2.0,0.9629999995231628,0.9399926662445068,0.10854852199554443,0.9368537068367004,0.9432171583175659,6.200455665588379,5.570688724517822,1565.0,0.5212181806564331,,,,,,,,,,,,
3,,,13129,2.0,0.992900013923645,0.9644131660461426,0.021027633920311928,0.9464889764785767,0.9840492606163025,4.451839923858643,4.06028938293457,479.0,0.3705228567123413,,,,,,,,,,,,
3,,,13139,2.0,0.9909999966621399,0.9412655234336853,0.022048529237508774,0.9192270040512085,0.9660147428512573,4.824659824371338,4.453807353973389,265.0,0.3488037884235382,,,,,,,,,,,,
3,,,13149,2.0,0.9871000051498413,0.9520705938339233,0.03723582625389099,0.9540916681289673,0.9500709772109985,7.075352191925049,5.482831954956055,448.0,1.5552845001220703,,,,,,,,,,,,
3,,,13159,2.0,0.9822999835014343,0.9142014980316162,0.04227936640381813,0.9034414291381836,0.9256410598754883,6.3094801902771,5.847242832183838,509.0,0.4199582040309906,,,,,,,,,,,,
3,,,13169,2.0,0.9891999959945679,0.8913469910621643,0.03488602116703987,0.9443132877349854,0.8502147197723389,6.544079303741455,6.2650837898254395,188.0,0.2441096156835556,,,,,,,,,,,,
3,,,13179,2.0,0.9929999709129333,0.9836279153823853,0.017581578344106674,0.989899754524231,0.9775727391242981,4.683699607849121,4.0981340408325195,958.0,0.5679841637611389,,,,,,,,,,,,
3,,,13189,2.0,0.9810000061988831,0.921392560005188,0.04981613904237747,0.9035100340843201,0.9412546157836914,5.544674396514893,4.9026079177856445,542.0,0.592250406742096,,,,,,,,,,,,
3,,,13199,2.0,0.9837999939918518,0.903718113899231,0.038475535809993744,0.94031822681427,0.8732650279998779,6.760613918304443,5.97818660736084,351.0,0.743951678276062,,,,,,,,,,,,
3,,,13209,2.0,0.9922999739646912,0.7170398235321045,0.015544996596872807,0.6838745474815369,0.765292763710022,4.040507793426514,3.943495273590088,31.0,0.0814676284790039,,,,,,,,,,,,
3,,,13219,2.0,0.9815000295639038,0.9586596488952637,0.041871875524520874,0.9582031965255737,0.9591174125671387,4.576258182525635,4.323401927947998,932.0,0.21098414063453674,,,,,,,,,,,,
3,,,13229,2.0,0.9769999980926514,0.9548771977424622,0.05910118296742439,0.9502038955688477,0.9597036838531494,4.791783809661865,4.437551021575928,979.0,0.2951318323612213,,,,,,,,,,,,
3,,,13239,2.0,0.9718999862670898,0.9328704476356506,0.06642227619886398,0.9479073286056519,0.9191561937332153,6.825283050537109,6.053798198699951,684.0,0.7050623297691345,,,,,,,,,,,,
3,,,13249,2.0,0.9908000230789185,0.9752545356750488,0.02776714414358139,0.9801834225654602,0.9704554080963135,4.122348785400391,3.938190221786499,1004.0,0.15639141201972961,,,,,,,,,,,,
3,,,13259,2.0,0.9677000045776367,0.853271484375,0.07075543701648712,0.8339158892631531,0.8754749298095703,5.902374744415283,5.732535362243652,487.0,0.09908400475978851,,,,,,,,,,,,
3,,,13269,2.0,0.9847999811172485,0.9174942970275879,0.036357633769512177,0.9040800333023071,0.9319530725479126,5.477807998657227,5.088648796081543,268.0,0.35280194878578186,,,,,,,,,,,,
3,,,13279,2.0,0.9639000296592712,0.9222031831741333,0.1026686504483223,0.8988707065582275,0.9500753879547119,6.546223163604736,6.207566261291504,1106.0,0.23598796129226685,,,,,,,,,,,,
3,,,13289,2.0,0.9667999744415283,0.9415583610534668,0.08072027564048767,0.9369428157806396,0.9463441371917725,6.191996097564697,5.523067474365234,1615.0,0.5882083177566528,,,,,,,,,,,,
3,,,13299,2.0,0.9855999946594238,0.977084219455719,0.03541310504078865,0.9825671911239624,0.9718266725540161,4.6487956047058105,4.353461265563965,1443.0,0.25992125272750854,,,,,,,,,,,,
3,,,13309,2.0,0.9830999970436096,0.9451196193695068,0.04545755684375763,0.935067892074585,0.9557656645774841,6.286611557006836,5.206724643707275,435.0,1.034429669380188,,,,,,,,,,,,
3,,,13319,2.0,0.9836999773979187,0.901084303855896,0.0436859093606472,0.88615882396698,0.917354941368103,5.684979438781738,4.670451641082764,372.0,0.9708421230316162,,,,,,,,,,,,
3,,,13329,2.0,0.9915000200271606,0.976688802242279,0.02111729234457016,0.9867507219314575,0.9671480655670166,4.20598840713501,3.860823631286621,974.0,0.32404759526252747,,,,,,,,,,,,
3,,,13339,2.0,0.9768000245094299,0.8548588752746582,0.0531066469848156,0.8408541679382324,0.8702145218849182,5.790309906005859,5.620261192321777,284.0,0.11694169789552689,,,,,,,,,,,,
3,,,13349,2.0,0.9828000068664551,0.9615007638931274,0.04359825327992439,0.9749386310577393,0.9490896463394165,5.461494445800781,4.519753932952881,829.0,0.8981420993804932,,,,,,,,,,,,
3,,,13359,2.0,0.9896000027656555,0.935528039932251,0.02827337384223938,0.9563493728637695,0.9166935682296753,5.223482131958008,4.649134635925293,245.0,0.5460739731788635,,,,,,,,,,,,
3,,,13369,2.0,0.9376999735832214,0.9027837514877319,0.14454717934131622,0.8927043080329895,0.913985013961792,7.783773422241211,7.454280376434326,1509.0,0.1849461942911148,,,,,,,,,,,,
3,,,13379,2.0,0.9839000105857849,0.9681774973869324,0.04515138640999794,0.9621835947036743,0.9744157195091248,5.144101619720459,4.923666954040527,1200.0,0.17528334259986877,,,,,,,,,,,,
3,,,13389,2.0,0.9466000199317932,0.7927384376525879,0.14553628861904144,0.8945502042770386,0.7380315065383911,6.649187088012695,5.44051456451416,596.0,1.0631362199783325,,,,,,,,,,,,
3,,,13399,2.0,0.9936000108718872,0.9797089099884033,0.01999508962035179,0.9767121076583862,0.9827526807785034,5.0290350914001465,4.5216755867004395,787.0,0.4873645007610321,,,,,,,,,,,,
3,,,13409,2.0,0.948199987411499,0.8983197212219238,0.12220364809036255,0.8991989493370056,0.8974465131759644,7.310693740844727,6.68518590927124,882.0,0.5033040642738342,,,,,,,,,,,,
3,,,13419,2.0,0.9916999936103821,0.9750995635986328,0.020608684048056602,0.9767359495162964,0.9734772443771362,4.315919876098633,3.834540367126465,857.0,0.460770845413208,,,,,,,,,,,,
3,,,13429,2.0,0.9624999761581421,0.8866084218025208,0.08462364971637726,0.8867998123168945,0.8864172697067261,6.671163082122803,5.588493347167969,725.0,0.9980461001396179,,,,,,,,,,,,
3,,,13439,2.0,0.9908999800682068,0.9406841397285461,0.02101384475827217,0.932908833026886,0.9487724900245667,6.031636714935303,5.60606050491333,314.0,0.40456265211105347,,,,,,,,,,,,
3,,,13449,2.0,0.9850999712944031,0.8345819115638733,0.03211508318781853,0.832470178604126,0.8367223143577576,6.901641368865967,6.364876747131348,159.0,0.5046494603157043,,,,,,,,,,,,
3,,,13459,2.0,0.9937000274658203,0.9797600507736206,0.01643664576113224,0.9805290699005127,0.9789941310882568,4.319846153259277,4.09325647354126,706.0,0.21015286445617676,,,,,,,,,,,,
3,,,13469,2.0,0.9779000282287598,0.9640202522277832,0.05121060088276863,0.9605951905250549,0.9675403237342834,4.724165916442871,4.251775741577148,1397.0,0.4211796522140503,,,,,,,,,,,,
3,,,13479,2.0,0.982699990272522,0.8646648526191711,0.04181960970163345,0.845099925994873,0.8868128061294556,6.462873935699463,5.017158031463623,240.0,1.4038963317871094,,,,,,,,,,,,
3,,,13489,2.0,0.9864000082015991,0.947634220123291,0.028553925454616547,0.9530494213104248,0.9423701167106628,6.237216472625732,4.958217620849609,581.0,1.250445008277893,,,,,,,,,,,,
3,,,13499,2.0,0.9889000058174133,0.9364361763000488,0.03024756722152233,0.9405662417411804,0.9323914051055908,6.20755672454834,5.650155067443848,256.0,0.5271539092063904,,,,,,,,,,,,
3,,,13509,2.0,0.9804999828338623,0.9718062281608582,0.054479893296957016,0.9762107133865356,0.9675720930099487,6.333487510681152,5.878817558288574,1239.0,0.4001900255680084,,,,,,,,,,,,
3,,,13519,2.0,0.9700000286102295,0.9377076625823975,0.0642443597316742,0.9679787158966064,0.9126337766647339,5.352075576782227,4.703938007354736,937.0,0.5838934779167175,,,,,,,,,,,,
3,,,13529,2.0,0.9794999957084656,0.9695569276809692,0.05598582327365875,0.9680526256561279,0.9710813760757446,6.344545364379883,5.228325843811035,1288.0,1.06023371219635,,,,,,,,,,,,
3,,,13539,2.0,0.9894999861717224,0.8050310015678406,0.024991154670715332,0.7975152134895325,0.8129516839981079,4.536839962005615,4.170923233032227,79.0,0.34092551469802856,,,,,,,,,,,,
3,,,13549,2.0,0.96670001745224,0.5941221714019775,0.07259451597929001,0.6181150674819946,0.578957200050354,5.3045573234558105,4.931571006774902,183.0,0.30039182305336,,,,,,,,,,,,
3,,,13559,2.0,0.9787999987602234,0.8599648475646973,0.04554933309555054,0.8290618658065796,0.898116946220398,6.197309494018555,5.916945934295654,303.0,0.23481431603431702,,,,,,,,,,,,
3,,,13569,2.0,0.9724000096321106,0.9441193342208862,0.10116944462060928,0.9337568283081055,0.9552724361419678,4.329166412353516,3.7501561641693115,1113.0,0.47784098982810974,,,,,,,,,,,,
3,,,13579,2.0,0.9789999723434448,0.6821602582931519,0.05211460590362549,0.8446499705314636,0.6261974573135376,6.285640239715576,4.670090675354004,157.0,1.5634349584579468,,,,,,,,,,,,
3,,,13589,2.0,0.9711999893188477,0.8873134255409241,0.07528474181890488,0.9176044464111328,0.8617987036705017,5.88676643371582,5.181449890136719,512.0,0.6300313472747803,,,,,,,,,,,,
3,,,13599,2.0,0.9739000201225281,0.924355149269104,0.060987479984760284,0.9382517337799072,0.91153883934021,7.640875816345215,5.805664539337158,689.0,1.774223804473877,,,,,,,,,,,,
3,,,13609,2.0,0.9847000241279602,0.8890401721000671,0.03628901019692421,0.9496686458587646,0.8438016176223755,5.642746448516846,5.366496562957764,280.0,0.2399606555700302,,,,,,,,,,,,
3,,,13619,2.0,0.9865999817848206,0.8265318870544434,0.03138882294297218,0.9333020448684692,0.7633049488067627,5.980193138122559,5.874863147735596,202.0,0.07394132763147354,,,,,,,,,,,,
3,,,13629,2.0,0.982200026512146,0.8160013556480408,0.039619751274585724,0.7899659872055054,0.8476043939590454,6.624170780181885,6.1747145652771,162.0,0.4098365008831024,,,,,,,,,,,,
3,,,13639,2.0,0.9847999811172485,0.8493808507919312,0.03460689261555672,0.820645809173584,0.8842413425445557,6.446895122528076,4.555962085723877,196.0,1.8563261032104492,,,,,,,,,,,,
3,,,13649,2.0,0.9829999804496765,0.9658750295639038,0.04170495271682739,0.9685479402542114,0.9632478356361389,5.942374229431152,5.750240802764893,1196.0,0.1504281610250473,,,,,,,,,,,,
3,,,13659,2.0,0.9575999975204468,0.8860528469085693,0.08815553784370422,0.94288569688797,0.8453129529953003,8.296794891357422,7.542684078216553,592.0,0.6659551858901978,,,,,,,,,,,,
3,,,13669,2.0,0.9829000234603882,0.9285838603973389,0.04033412039279938,0.9197489619255066,0.9378666877746582,6.320093631744385,5.948420524597168,449.0,0.331339031457901,,,,,,,,,,,,
3,,,13679,2.0,0.9797999858856201,0.7826420068740845,0.044894203543663025,0.8766355514526367,0.7277528047561646,5.807801246643066,5.578178882598877,177.0,0.18472835421562195,,,,,,,,,,,,
3,,,13689,2.0,0.9617000222206116,0.8477754592895508,0.08616910129785538,0.8271381258964539,0.8718567490577698,6.168311595916748,5.9811110496521,463.0,0.10103130340576172,,,,,,,,,,,,
3,,,13699,2.0,0.9740999937057495,0.8235434293746948,0.061329327523708344,0.848751425743103,0.8020511865615845,7.996921539306641,7.603720664978027,378.0,0.33187150955200195,,,,,,,,,,,,
3,,,13709,2.0,0.9907000064849854,0.9730713367462158,0.02165142260491848,0.9764262437820435,0.969775915145874,4.249047756195068,3.953636884689331,926.0,0.2737593650817871,,,,,,,,,,,,
3,,,13719,2.0,0.9355000257492065,0.9151750802993774,0.1503530889749527,0.9357364773750305,0.8990309834480286,6.962437629699707,6.206271171569824,1633.0,0.6058136224746704,,,,,,,,,,,,
3,,,13729,2.0,0.9797999858856201,0.8349751234054565,0.04256610572338104,0.8716767430305481,0.8053336143493652,6.931976795196533,6.80573844909668,231.0,0.0836721807718277,,,,,,,,,,,,
3,,,13739,2.0,0.9825000166893005,0.9154629111289978,0.0404505729675293,0.8797235488891602,0.9599596858024597,6.043471336364746,5.84365701675415,308.0,0.15936394035816193,,,,,,,,,,,,
3,,,13749,2.0,0.96670001745224,0.8972703218460083,0.0747128501534462,0.9015599489212036,0.8930952548980713,7.443375587463379,5.523892879486084,529.0,1.8447701930999756,,,,,,,,,,,,
3,,,13759,2.0,0.9887999892234802,0.9633721113204956,0.03647857531905174,0.9659143686294556,0.9608636498451233,6.710866451263428,6.336304664611816,534.0,0.3380834758281708,,,,,,,,,,,,
3,,,13769,2.0,0.9708999991416931,0.8937667608261108,0.06093417480587959,0.8959866762161255,0.891576886177063,6.540342330932617,6.3539533615112305,590.0,0.1254550963640213,,,,,,,,,,,,
3,,,13779,2.0,0.9812999963760376,0.966465950012207,0.047914162278175354,0.9736533164978027,0.9596269726753235,6.0930867195129395,4.053102016448975,1478.0,1.9920705556869507,,,,,,,,,,,,
3,,,13789,2.0,0.9854000210762024,0.8846058249473572,0.0338970385491848,0.9063081741333008,0.8652676343917847,6.1587371826171875,5.92652702331543,222.0,0.1983133852481842,,,,,,,,,,,,
3,,,13799,2.0,0.9621999859809875,0.8972756266593933,0.11952215433120728,0.8986552357673645,0.8959085941314697,7.246539115905762,6.384868144989014,828.0,0.742148756980896,,,,,,,,,,,,
3,,,13809,2.0,0.9911999702453613,0.9162575006484985,0.022969478741288185,0.9018224477767944,0.9318432807922363,6.102408409118652,5.995492458343506,214.0,0.08394687622785568,,,,,,,,,,,,
3,,,13819,2.0,0.9772999882698059,0.8920139074325562,0.050435617566108704,0.8735249042510986,0.9127558469772339,5.428102016448975,4.914472579956055,298.0,0.46319374442100525,,,,,,,,,,,,
3,,,13829,2.0,0.9704999923706055,0.9588243961334229,0.08806644380092621,0.9547504186630249,0.9630734324455261,7.513185501098633,6.773458957672119,1833.0,0.651660144329071,,,,,,,,,,,,
3,,,13839,2.0,0.9843000173568726,0.9172900915145874,0.05400295555591583,0.9591097235679626,0.8831866383552551,6.375056743621826,5.895726680755615,485.0,0.4253273010253906,,,,,,,,,,,,
3,,,13849,2.0,0.9866999983787537,0.9308509826660156,0.03227870911359787,0.9218101501464844,0.9403413534164429,6.108930587768555,5.9497809410095215,451.0,0.1268709897994995,,,,,,,,,,,,
3,,,13859,2.0,0.9835000038146973,0.8996479511260986,0.04435965046286583,0.9046032428741455,0.8948254585266113,5.372179985046387,4.696946144104004,242.0,0.63087397813797,,,,,,,,,,,,
3,,,13869,2.0,0.9812999963760376,0.9126648902893066,0.04556344822049141,0.9185694456100464,0.9069485664367676,5.83760929107666,5.495818614959717,318.0,0.29622721672058105,,,,,,,,,,,,
3,,,13879,2.0,0.9886000156402588,0.9065811634063721,0.029284588992595673,0.9235433340072632,0.8910180926322937,6.065732955932617,5.812439918518066,208.0,0.22400860488414764,,,,,,,,,,,,
3,,,13889,2.0,0.9584000110626221,0.9047181606292725,0.0962505042552948,0.9355254173278809,0.8794312477111816,6.193756580352783,5.525545120239258,970.0,0.5719610452651978,,,,,,,,,,,,
3,,,13899,2.0,0.9872000217437744,0.9706623554229736,0.034622661769390106,0.9880303144454956,0.9549200534820557,5.732625961303711,4.688795566558838,958.0,1.0092076063156128,,,,,,,,,,,,
3,,,13909,2.0,0.972100019454956,0.8940457105636597,0.08400356769561768,0.9022068381309509,0.8862718939781189,6.099910736083984,5.791681289672852,556.0,0.22422580420970917,,,,,,,,,,,,
3,,,13919,2.0,0.9610999822616577,0.9148756265640259,0.09057214856147766,0.9448518753051758,0.8901363015174866,6.053460121154785,5.0787529945373535,768.0,0.8841345906257629,,,,,,,,,,,,
3,,,13929,2.0,0.9818000197410583,0.961157500743866,0.04255475103855133,0.9809672832489014,0.9435552358627319,5.98043155670166,5.386262893676758,1333.0,0.5516138672828674,,,,,,,,,,,,
3,,,13939,2.0,0.9697999954223633,0.9656604528427124,0.09518458694219589,0.9690045118331909,0.9625313878059387,5.9773173332214355,5.311812877655029,2102.0,0.5703197717666626,,,,,,,,,,,,
3,,,13949,2.0,0.9926999807357788,0.9425574541091919,0.02170506864786148,0.9269101619720459,0.9594953656196594,5.092729568481445,4.505042552947998,229.0,0.5659818053245544,,,,,,,,,,,,
3,,,13959,2.0,0.9621999859809875,0.9138950109481812,0.08533260226249695,0.8973945379257202,0.9325227737426758,6.26393985748291,5.6887526512146,696.0,0.48985469341278076,,,,,,,,,,,,
3,,,13969,2.0,0.9907000064849854,0.8954230546951294,0.034749437123537064,0.9770005941390991,0.8385916948318481,4.871517181396484,4.589599609375,190.0,0.24716797471046448,,,,,,,,,,,,
3,,,13979,2.0,0.9818000197410583,0.9172568321228027,0.043333083391189575,0.9702063798904419,0.8763116598129272,5.685104846954346,5.1931071281433105,614.0,0.4486646056175232,,,,,,,,,,,,
3,,,13989,2.0,0.9700000286102295,0.9158426523208618,0.06712331622838974,0.9365612268447876,0.8975085616111755,6.123836517333984,5.667417526245117,843.0,0.38929539918899536,,,,,,,,,,,,
3,,,13999,2.0,0.9577999711036682,0.9471560716629028,0.09067936986684799,0.9539916515350342,0.9409126043319702,5.702960968017578,5.014958381652832,2307.0,0.5973235964775085,,,,,,,,,,,,
3,,,14009,2.0,0.9653000235557556,0.8291370272636414,0.07708685100078583,0.9121763110160828,0.7767778038978577,6.344033718109131,5.6740193367004395,347.0,0.5929272770881653,,,,,,,,,,,,
3,,,14019,2.0,0.9757999777793884,0.8756891489028931,0.053512535989284515,0.8455091714859009,0.912643313407898,5.783675193786621,5.420110702514648,311.0,0.3100517988204956,,,,,,,,,,,,
3,,,14029,2.0,0.9764999747276306,0.8094732761383057,0.07100504636764526,0.9264140129089355,0.7454172372817993,4.744602203369141,4.587601661682129,223.0,0.08599568158388138,,,,,,,,,,,,
3,,,14039,2.0,0.9409000277519226,0.8891392350196838,0.14002886414527893,0.8832085132598877,0.8953844308853149,6.599689483642578,6.319201946258545,866.0,0.14045868813991547,,,,,,,,,,,,
3,,,14049,2.0,0.9868999719619751,0.9286832809448242,0.03237943351268768,0.9075721502304077,0.9524170756340027,5.046487808227539,4.721999168395996,382.0,0.2921088933944702,,,,,,,,,,,,
3,,,14059,2.0,0.973800003528595,0.8955079317092896,0.06293213367462158,0.8590890765190125,0.9421448707580566,5.634191513061523,5.257016181945801,361.0,0.31424322724342346,,,,,,,,,,,,
3,,,14069,2.0,0.9898999929428101,0.9219018220901489,0.025501828640699387,0.9164983630180359,0.927459180355072,6.301868915557861,6.08922004699707,290.0,0.18714697659015656,,,,,,,,,,,,
3,,,14079,2.0,0.9675999879837036,0.9230738878250122,0.07157620787620544,0.9141743183135986,0.932529091835022,6.985498428344727,6.49926233291626,753.0,0.41465994715690613,,,,,,,,,,,,
3,,,14089,2.0,0.9753999710083008,0.8897523880004883,0.06684577465057373,0.9432271718978882,0.8492246270179749,7.389606475830078,7.219135284423828,641.0,0.10362543910741806,,,,,,,,,,,,
3,,,14099,2.0,0.9758999943733215,0.8980104923248291,0.053956471383571625,0.8988959789276123,0.8971295952796936,5.0473175048828125,4.7636895179748535,479.0,0.229671448469162,,,,,,,,,,,,
3,,,14109,2.0,0.9781000018119812,0.940766453742981,0.05002446472644806,0.9684000611305237,0.9170398712158203,5.797608375549316,5.526413440704346,1010.0,0.2211703062057495,,,,,,,,,,,,
3,,,14119,2.0,0.9819999933242798,0.9511258602142334,0.04123555123806,0.9362261295318604,0.9674340486526489,5.707178592681885,5.384909152984619,665.0,0.281033992767334,,,,,,,,,,,,
3,,,14129,2.0,0.9815000295639038,0.966840386390686,0.04171419516205788,0.959578275680542,0.9744964241981506,4.4419708251953125,4.2204270362854,1413.0,0.17982961237430573,,,,,,,,,,,,
3,,,14139,2.0,0.9692999720573425,0.9116032123565674,0.07212535291910172,0.9160693883895874,0.9072590470314026,6.616158962249756,5.884509563446045,615.0,0.6595240831375122,,,,,,,,,,,,
3,,,14149,2.0,0.9041000008583069,0.8130369186401367,0.2123344987630844,0.8386023044586182,0.7929942607879639,9.540304183959961,7.451656341552734,859.0,1.876313328742981,,,,,,,,,,,,
3,,,14159,2.0,0.9950000047683716,0.9621560573577881,0.03273465856909752,0.9728438854217529,0.9519762992858887,5.378241539001465,5.126266956329346,294.0,0.2192397564649582,,,,,,,,,,,,
3,,,14169,2.0,0.9785000085830688,0.7571935653686523,0.05402044206857681,0.8585423231124878,0.7022529244422913,5.316056728363037,5.149394512176514,261.0,0.11264169216156006,,,,,,,,,,,,
3,,,14179,2.0,0.9900000095367432,0.966263473033905,0.030911611393094063,0.9760046005249023,0.9569941759109497,3.8789029121398926,3.5224080085754395,773.0,0.3255833387374878,,,,,,,,,,,,
3,,,14189,2.0,0.9750999808311462,0.8091131448745728,0.05472037196159363,0.7960503101348877,0.8235124349594116,7.529138565063477,5.458236217498779,286.0,2.0161821842193604,,,,,,,,,,,,
3,,,14199,2.0,0.9904999732971191,0.9616074562072754,0.02643064223229885,0.9487706422805786,0.9753386974334717,5.36940336227417,5.17910099029541,628.0,0.16387192904949188,,,,,,,,,,,,
3,,,14209,2.0,0.9628999829292297,0.8788681030273438,0.1251864731311798,0.9300681352615356,0.8406498432159424,6.144917011260986,5.876648902893066,580.0,0.14308156073093414,,,,,,,,,,,,
3,,,14219,2.0,0.9706000089645386,0.8832290768623352,0.06399228423833847,0.8710702657699585,0.896384596824646,5.731649875640869,5.426240921020508,522.0,0.24141652882099152,,,,,,,,,,,,
3,,,14229,2.0,0.980400025844574,0.9477266073226929,0.06302116811275482,0.9315489530563354,0.965606689453125,5.444835662841797,4.910769939422607,747.0,0.4710444509983063,,,,,,,,,,,,
3,,,14239,2.0,0.9909999966621399,0.9778589010238647,0.03148123621940613,0.9815189838409424,0.9742729663848877,5.448563575744629,5.069700717926025,939.0,0.3473813831806183,,,,,,,,,,,,
3,,,14249,2.0,0.9761000275611877,0.870651125907898,0.05143757909536362,0.8846249580383301,0.8577772378921509,6.416897296905518,6.21400785446167,386.0,0.15145213901996613,,,,,,,,,,,,
3,,,14259,2.0,0.9861000180244446,0.8635444641113281,0.042222652584314346,0.9405841827392578,0.810501754283905,5.562158584594727,4.94542932510376,257.0,0.5745065808296204,,,,,,,,,,,,
3,,,14269,2.0,0.9847000241279602,0.960913896560669,0.041181474924087524,0.9497177600860596,0.9728869199752808,4.262571811676025,3.670480728149414,905.0,0.550909698009491,,,,,,,,,,,,
3,,,14279,2.0,0.9704999923706055,0.8985792398452759,0.06634211540222168,0.9102954864501953,0.8876539468765259,6.537511348724365,6.424790382385254,770.0,0.04637842997908592,,,,,,,,,,,,
3,,,14289,2.0,0.9805999994277954,0.9683583378791809,0.04730449616909027,0.9615148305892944,0.9755861759185791,5.751029968261719,5.045536994934082,1777.0,0.65818852186203,,,,,,,,,,,,
3,,,14299,2.0,0.9761000275611877,0.9069255590438843,0.05343472957611084,0.9489147663116455,0.8732303380966187,6.34910249710083,5.962593078613281,521.0,0.33307451009750366,,,,,,,,,,,,
3,,,14309,2.0,0.9872999787330627,0.9729712605476379,0.029787862673401833,0.9803153276443481,0.9659448862075806,5.646833419799805,4.262051105499268,1135.0,1.3549941778182983,,,,,,,,,,,,
3,,,14319,2.0,0.9745000004768372,0.9521175622940063,0.06034282222390175,0.9404380321502686,0.9648497104644775,5.089947700500488,4.630692005157471,881.0,0.39891284704208374,,,,,,,,,,,,
3,,,14329,2.0,0.9851999878883362,0.9666950702667236,0.03572694584727287,0.9704958200454712,0.9629799127578735,5.933587551116943,5.243325710296631,702.0,0.6545346975326538,,,,,,,,,,,,
3,,,14339,2.0,0.9829999804496765,0.9415203332901001,0.04065997526049614,0.9472372531890869,0.9359782934188843,4.549778461456299,4.2924675941467285,644.0,0.2166510820388794,,,,,,,,,,,,
3,,,14349,2.0,0.9821000099182129,0.975757360458374,0.05112956091761589,0.9762198328971863,0.9752969741821289,6.236780166625977,5.198124885559082,2021.0,0.9875258803367615,,,,,,,,,,,,
3,,,14359,2.0,0.9726999998092651,0.964628279209137,0.07617304474115372,0.9633157253265381,0.9659615755081177,5.87150764465332,5.346899032592773,1374.0,0.44843560457229614,,,,,,,,,,,,
3,,,14369,2.0,0.9652000069618225,0.9140617847442627,0.07683875411748886,0.9063763618469238,0.9221607446670532,6.2613396644592285,5.552043437957764,618.0,0.6324571967124939,,,,,,,,,,,,
3,,,14379,2.0,0.954200029373169,0.8546392917633057,0.10455023497343063,0.8679092526435852,0.8425270318984985,6.956854343414307,6.459632396697998,736.0,0.3926715850830078,,,,,,,,,,,,
3,,,14389,2.0,0.9617000222206116,0.8807554841041565,0.0962461531162262,0.866086483001709,0.8970208168029785,6.478714942932129,5.840515613555908,672.0,0.541952908039093,,,,,,,,,,,,
3,,,14399,2.0,0.9725000262260437,0.7173979878425598,0.07593011111021042,0.7104334235191345,0.7248848676681519,5.094582557678223,4.8060197830200195,144.0,0.21263284981250763,,,,,,,,,,,,
3,,,14409,2.0,0.9772999882698059,0.7932750582695007,0.11810453981161118,0.931958794593811,0.7247930765151978,6.6471757888793945,6.475526332855225,353.0,0.053545013070106506,,,,,,,,,,,,
3,,,14419,2.0,0.9872000217437744,0.9633315205574036,0.03211245685815811,0.9599368572235107,0.966791033744812,4.702929973602295,4.249930381774902,754.0,0.4208868741989136,,,,,,,,,,,,
3,,,14429,2.0,0.980400025844574,0.8998721837997437,0.041836418211460114,0.8785402774810791,0.9241490364074707,6.530923366546631,5.297338962554932,285.0,1.191748023033142,,,,,,,,,,,,
3,,,14439,2.0,0.987500011920929,0.9788964986801147,0.027741335332393646,0.9787932634353638,0.9789997339248657,4.297981262207031,3.7864561080932617,1396.0,0.4837837219238281,,,,,,,,,,,,
3,,,14449,2.0,0.9757999777793884,0.9105968475341797,0.05317844823002815,0.9059964418411255,0.9153250455856323,5.595803260803223,5.324412822723389,597.0,0.21821229159832,,,,,,,,,,,,
3,,,14459,2.0,0.9760000109672546,0.8845598697662354,0.06248771399259567,0.8737291693687439,0.8961414694786072,6.168587684631348,5.844899654388428,495.0,0.2612006366252899,,,,,,,,,,,,
3,,,14469,2.0,0.9815000295639038,0.9649915099143982,0.048257097601890564,0.9639078378677368,0.9660831689834595,6.9995436668396,6.228875160217285,1353.0,0.7224117517471313,,,,,,,,,,,,
3,,,14479,2.0,0.9625999927520752,0.8985379934310913,0.08792534470558167,0.915984034538269,0.8829106092453003,5.538313865661621,5.26223087310791,588.0,0.18815769255161285,,,,,,,,,,,,
3,,,14489,2.0,0.9793999791145325,0.6863793134689331,0.05795394256711006,0.7188599109649658,0.6626903414726257,4.960331916809082,4.72666597366333,111.0,0.17571230232715607,,,,,,,,,,,,
3,,,14499,2.0,0.9758999943733215,0.9052553176879883,0.05990678817033768,0.9134255051612854,0.8974592685699463,6.238827705383301,6.127254962921143,578.0,0.051665809005498886,,,,,,,,,,,,
3,,,14509,2.0,0.979200005531311,0.8962109088897705,0.04997285082936287,0.9728603959083557,0.8430516719818115,6.316581726074219,6.14662504196167,395.0,0.11998364329338074,,,,,,,,,,,,
3,,,14519,2.0,0.9732000231742859,0.948381781578064,0.08341175317764282,0.9312859773635864,0.9678053259849548,5.820075511932373,5.476047039031982,752.0,0.2606167793273926,,,,,,,,,,,,
3,,,14529,2.0,0.9876000285148621,0.962560772895813,0.029928818345069885,0.9553937911987305,0.9700182676315308,4.324342727661133,3.739049196243286,688.0,0.5553643703460693,,,,,,,,,,,,
3,,,14539,2.0,0.9775999784469604,0.9008638858795166,0.0478694774210453,0.9002406597137451,0.9014893770217896,6.219870567321777,5.811999320983887,532.0,0.36000144481658936,,,,,,,,,,,,
3,,,14549,2.0,0.9555000066757202,0.8716288805007935,0.10892494022846222,0.8563859462738037,0.8887090682983398,7.689859867095947,7.292235851287842,781.0,0.28869903087615967,,,,,,,,,,,,
3,,,14559,2.0,0.9718000292778015,0.9179993867874146,0.05951185151934624,0.8832592368125916,0.9622069597244263,4.606693744659424,4.384599685668945,805.0,0.16258254647254944,,,,,,,,,,,,
3,,,14569,2.0,0.989799976348877,0.9295312166213989,0.030143646523356438,0.9667680263519287,0.8982204794883728,6.780709266662598,5.8933868408203125,367.0,0.8571786284446716,,,,,,,,,,,,
3,,,14579,2.0,0.9398999810218811,0.9057574272155762,0.16328755021095276,0.8770445585250854,0.9457486867904663,7.744894504547119,6.961528778076172,1704.0,0.6200780868530273,,,,,,,,,,,,
3,,,14589,2.0,0.9902999997138977,0.9687368869781494,0.023715224117040634,0.9740804433822632,0.9635393619537354,4.1499762535095215,3.8402602672576904,763.0,0.2860005795955658,,,,,,,,,,,,
3,,,14599,2.0,0.9585999846458435,0.8985353112220764,0.09395699948072433,0.9150572419166565,0.8837193250656128,7.558461666107178,7.220036029815674,1041.0,0.2444685846567154,,,,,,,,,,,,
3,,,14609,2.0,0.9573000073432922,0.8833034634590149,0.09375983476638794,0.945716381072998,0.8397952318191528,7.830644607543945,7.267486572265625,655.0,0.4693979322910309,,,,,,,,,,,,
3,,,14619,2.0,0.9926000237464905,0.979352593421936,0.017524175345897675,0.9717957973480225,0.9872286319732666,4.051761627197266,3.5863263607025146,944.0,0.44791099429130554,,,,,,,,,,,,
3,,,14629,2.0,0.9728999733924866,0.9306585788726807,0.06528235226869583,0.9418731927871704,0.9201789498329163,8.281249046325684,6.245981216430664,649.0,1.9699852466583252,,,,,,,,,,,,
3,,,14639,2.0,0.9865999817848206,0.9259566068649292,0.03069603256881237,0.9268105626106262,0.9251065254211426,5.818131446838379,5.494136333465576,386.0,0.29329919815063477,,,,,,,,,,,,
3,,,14649,2.0,0.9796000123023987,0.9317945241928101,0.05142659321427345,0.9058467149734497,0.9622452259063721,6.8773908615112305,6.419436931610107,493.0,0.4065273702144623,,,,,,,,,,,,
3,,,14659,2.0,0.9850000143051147,0.9129242897033691,0.03402167186141014,0.8907849788665771,0.9380704164505005,5.903057098388672,5.5131144523620605,232.0,0.3559209406375885,,,,,,,,,,,,
3,,,14669,2.0,0.9641000032424927,0.9125093221664429,0.09094195812940598,0.8895944356918335,0.939592719078064,7.61595344543457,6.922616004943848,616.0,0.60239577293396,,,,,,,,,,,,
3,,,14679,2.0,0.9901000261306763,0.6077454090118408,0.02673947811126709,0.6713353395462036,0.5791483521461487,4.593667984008789,4.424304962158203,62.0,0.1426234394311905,,,,,,,,,,,,
3,,,14689,2.0,0.9490000009536743,0.906174898147583,0.13426198065280914,0.9483066201210022,0.8748766779899597,5.355020523071289,4.787257194519043,1300.0,0.4335012435913086,,,,,,,,,,,,
3,,,14699,2.0,0.9819999933242798,0.919458270072937,0.043806903064250946,0.9449405670166016,0.8971184492111206,6.256043910980225,5.3547515869140625,419.0,0.8574853539466858,,,,,,,,,,,,
3,,,14709,2.0,0.9728999733924866,0.877090573310852,0.058343175798654556,0.9021310806274414,0.8554041385650635,7.654053688049316,5.966892242431641,446.0,1.6288179159164429,,,,,,,,,,,,
3,,,14719,2.0,0.9656000137329102,0.8872541189193726,0.0879424586892128,0.9424481391906738,0.8465794324874878,6.608163833618164,6.321237087249756,614.0,0.19898438453674316,,,,,,,,,,,,
3,,,14729,2.0,0.9251000285148621,0.763646125793457,0.16398921608924866,0.8878231048583984,0.7088898420333862,7.639371395111084,7.088982582092285,640.0,0.3863997459411621,,,,,,,,,,,,
3,,,14739,2.0,0.9733999967575073,0.9470552802085876,0.06599409133195877,0.9483160972595215,0.9458053112030029,5.807594299316406,5.122832298278809,873.0,0.6187677979469299,,,,,,,,,,,,
3,,,14749,2.0,0.9860000014305115,0.964890718460083,0.03478067368268967,0.965252697467804,0.9645295143127441,4.731179237365723,4.503036022186279,987.0,0.19336293637752533,,,,,,,,,,,,
3,,,14759,2.0,0.9757000207901001,0.8830167055130005,0.05901343375444412,0.8653069734573364,0.9028363227844238,5.7803497314453125,5.492902755737305,303.0,0.2284337878227234,,,,,,,,,,,,
3,,,14769,2.0,0.9907000064849854,0.9372705221176147,0.027662061154842377,0.9646005630493164,0.9132263660430908,5.577770709991455,4.990109443664551,328.0,0.5599990487098694,,,,,,,,,,,,
3,,,14779,2.0,0.9757000207901001,0.8920345306396484,0.052651695907115936,0.909787118434906,0.8759765625,6.347602367401123,5.95756721496582,455.0,0.3373832404613495,,,,,,,,,,,,
3,,,14789,2.0,0.9758999943733215,0.965255618095398,0.062330931425094604,0.9782328605651855,0.9536831378936768,4.819583415985107,4.370971202850342,1224.0,0.3862813711166382,,,,,,,,,,,,
3,,,14799,2.0,0.9905999898910522,0.8801020383834839,0.02529444545507431,0.8764164447784424,0.883864164352417,4.811179161071777,4.425441741943359,108.0,0.36044323444366455,,,,,,,,,,,,
3,,,14809,2.0,0.9714000225067139,0.9437670707702637,0.07410166412591934,0.9454900026321411,0.942064642906189,7.1078362464904785,6.8259735107421875,1316.0,0.20776134729385376,,,,,,,,,,,,
3,,,14819,2.0,0.989300012588501,0.9733425378799438,0.026232143864035606,0.971707820892334,0.9749925136566162,4.810574531555176,4.260647296905518,844.0,0.5236949920654297,,,,,,,,,,,,
3,,,14829,2.0,0.9890999794006348,0.9750771522521973,0.03406141325831413,0.9867041110992432,0.9641953706741333,5.969016075134277,5.643467903137207,933.0,0.2914867401123047,,,,,,,,,,,,
3,,,14839,2.0,0.9376999735832214,0.8409724235534668,0.13761533796787262,0.8234761953353882,0.8613983988761902,6.195540904998779,5.933943271636963,735.0,0.12398239225149155,,,,,,,,,,,,
3,,,14849,2.0,0.9818000197410583,0.9531879425048828,0.04522663727402687,0.9388769865036011,0.9688161611557007,4.079834938049316,3.734456777572632,729.0,0.30015164613723755,,,,,,,,,,,,
3,,,14859,2.0,0.9769999980926514,0.9290095567703247,0.05328485742211342,0.915223240852356,0.9440100789070129,6.766849040985107,6.276493072509766,742.0,0.43707117438316345,,,,,,,,,,,,
3,,,14869,2.0,0.9751999974250793,0.8952804803848267,0.05378558486700058,0.895864725112915,0.8946982622146606,6.302447319030762,5.767495632171631,371.0,0.4811657667160034,,,,,,,,,,,,
3,,,14879,2.0,0.9663000106811523,0.8947532176971436,0.07971521466970444,0.9134954810142517,0.8780237436294556,6.676519870758057,6.17570161819458,496.0,0.421102911233902,,,,,,,,,,,,
3,,,14889,2.0,0.9642999768257141,0.8779699206352234,0.08116304874420166,0.9586157202720642,0.8252527117729187,5.66165828704834,5.204261302947998,618.0,0.3762342631816864,,,,,,,,,,,,
3,,,14899,2.0,0.9858999848365784,0.8231831192970276,0.03848787769675255,0.9176235795021057,0.7647691965103149,6.203089714050293,4.639999866485596,136.0,1.5246020555496216,,,,,,,,,,,,
3,,,14909,2.0,0.9854999780654907,0.9370508193969727,0.036121100187301636,0.9668562412261963,0.9113184213638306,6.473465919494629,6.331364631652832,514.0,0.10598015785217285,,,,,,,,,,,,
3,,,14919,2.0,0.9918000102043152,0.9755074977874756,0.021600712090730667,0.9816284775733948,0.9695785641670227,5.682666778564453,3.6622984409332275,893.0,1.9987678527832031,,,,,,,,,,,,
3,,,14929,2.0,0.9628999829292297,0.9399389624595642,0.09189985692501068,0.9194921851158142,0.964675784111023,6.079516410827637,5.32135009765625,941.0,0.6662662029266357,,,,,,,,,,,,
3,,,14939,2.0,0.9635000228881836,0.8838505744934082,0.08144144713878632,0.9080795049667358,0.8629558086395264,7.567354679107666,7.049509048461914,598.0,0.4364043176174164,,,,,,,,,,,,
3,,,14949,2.0,0.9689000248908997,0.9390363693237305,0.07805423438549042,0.9213305711746216,0.9592859148979187,6.447576522827148,4.833435535430908,720.0,1.5360867977142334,,,,,,,,,,,,
3,,,14959,2.0,0.9537000060081482,0.7986901998519897,0.10133393108844757,0.7702764272689819,0.8355107307434082,6.514644622802734,6.203135967254639,373.0,0.2101747691631317,,,,,,,,,,,,
3,,,14969,2.0,0.9860000014305115,0.9075239896774292,0.035052478313446045,0.8886963725090027,0.9284802675247192,5.311838150024414,5.024527549743652,200.0,0.2522584795951843,,,,,,,,,,,,
3,,,14979,2.0,0.9754999876022339,0.9500935077667236,0.059816740453243256,0.9673837423324585,0.934599757194519,4.319197177886963,3.8717169761657715,1251.0,0.38766318559646606,,,,,,,,,,,,
3,,,14989,2.0,0.98580002784729,0.8133900761604309,0.0329335480928421,0.9360572099685669,0.7461675405502319,5.592755317687988,5.230172634124756,202.0,0.32964909076690674,,,,,,,,,,,,
3,,,14999,2.0,0.9624000191688538,0.8815351128578186,0.08904065191745758,0.8905354142189026,0.8730430006980896,7.850714206695557,6.061245918273926,511.0,1.7004276514053345,,,,,,,,,,,,
3,,,15009,2.0,0.9372000098228455,0.8846383690834045,0.12991896271705627,0.8827464580535889,0.8865621089935303,7.403972148895264,6.53325891494751,1173.0,0.7407943606376648,,,,,,,,,,,,
3,,,15019,2.0,0.9801999926567078,0.8554311990737915,0.048616111278533936,0.842470645904541,0.8695170879364014,4.972823619842529,4.767315864562988,174.0,0.1568916141986847,,,,,,,,,,,,
3,,,15029,2.0,0.9830999970436096,0.888503909111023,0.039030931890010834,0.9349626302719116,0.851737380027771,5.938116073608398,5.776071071624756,341.0,0.12301401048898697,,,,,,,,,,,,
3,,,15039,2.0,0.9879999756813049,0.9004406929016113,0.02713548205792904,0.9271515607833862,0.8770856261253357,6.306982040405273,5.744252681732178,208.0,0.5355939269065857,,,,,,,,,,,,
3,,,15049,2.0,0.9815999865531921,0.9065161943435669,0.051272571086883545,0.8902637362480164,0.9243934750556946,5.806133270263672,5.205967903137207,459.0,0.5488927960395813,,,,,,,,,,,,
3,,,15059,2.0,0.9750000238418579,0.9434759616851807,0.06965222209692001,0.9402157068252563,0.9468058347702026,6.651586532592773,5.109282970428467,873.0,1.4726513624191284,,,,,,,,,,,,
3,,,15069,2.0,0.9904000163078308,0.8285512924194336,0.023639176040887833,0.853121817111969,0.8072812557220459,4.878119468688965,4.459345817565918,121.0,0.3951343297958374,,,,,,,,,,,,
3,,,15079,2.0,0.9772999882698059,0.8806394338607788,0.044769879430532455,0.9058030843734741,0.8587614297866821,5.98520565032959,5.73849630355835,398.0,0.2019396722316742,,,,,,,,,,,,
3,,,15089,2.0,0.9746000170707703,0.9449665546417236,0.07008886337280273,0.9353750348091125,0.9552000761032104,7.1012187004089355,6.4587297439575195,926.0,0.5724002122879028,,,,,,,,,,,,
3,,,15099,2.0,0.9833999872207642,0.7702287435531616,0.03558245673775673,0.8008750677108765,0.7455021739006042,6.0922322273254395,5.526005744934082,162.0,0.5306438207626343,,,,,,,,,,,,
3,,,15109,2.0,0.9724000096321106,0.9447541236877441,0.06824768334627151,0.9538445472717285,0.9361989498138428,6.289904594421387,5.447055816650391,782.0,0.77460116147995,,,,,,,,,,,,
3,,,15119,2.0,0.9704999923706055,0.954137921333313,0.06571882218122482,0.9528796076774597,0.9554098844528198,5.346368789672852,4.8577799797058105,1427.0,0.4228701591491699,,,,,,,,,,,,
3,,,15129,2.0,0.9922999739646912,0.9451900720596313,0.01994241029024124,0.9422731399536133,0.9481492638587952,4.373554229736328,4.082479953765869,229.0,0.2711317837238312,,,,,,,,,,,,
3,,,15139,2.0,0.9941999912261963,0.8490512371063232,0.01462833397090435,0.8639259338378906,0.8353708982467651,4.245966911315918,3.9536750316619873,63.0,0.2776634991168976,,,,,,,,,,,,
3,,,15149,2.0,0.9901000261306763,0.9730843305587769,0.020364638417959213,0.9851264357566833,0.9617893695831299,5.471196174621582,5.047924041748047,947.0,0.40290749073028564,,,,,,,,,,,,
3,,,15159,2.0,0.935699999332428,0.8676321506500244,0.13859203457832336,0.8666593432426453,0.8686131238937378,7.398544788360596,6.883098602294922,1162.0,0.37685394287109375,,,,,,,,,,,,
3,,,15169,2.0,0.9804999828338623,0.9510787725448608,0.04451845586299896,0.9697898626327515,0.934251606464386,5.81140661239624,4.232623100280762,801.0,1.5342649221420288,,,,,,,,,,,,
3,,,15179,2.0,0.9860000014305115,0.9061525464057922,0.03718314319849014,0.9133203625679016,0.8992521166801453,6.192857265472412,5.6208577156066895,306.0,0.5348162055015564,,,,,,,,,,,,
3,,,15189,2.0,0.9796000123023987,0.7619091272354126,0.05063255876302719,0.7807928919792175,0.7455457448959351,5.929922580718994,5.673760414123535,167.0,0.20552986860275269,,,,,,,,,,,,
3,,,15199,2.0,0.9873999953269958,0.6786366701126099,0.03107684664428234,0.6701464653015137,0.6880570650100708,4.486771106719971,4.4062089920043945,76.0,0.04948505759239197,,,,,,,,,,,,
3,,,15209,2.0,0.9700000286102295,0.9559910297393799,0.06434599310159683,0.9687702655792236,0.9445711374282837,6.444588661193848,4.938490390777588,1800.0,1.4417524337768555,,,,,,,,,,,,
3,,,15219,2.0,0.9864000082015991,0.9133254289627075,0.037728987634181976,0.8931880593299866,0.935887336730957,6.20635461807251,5.284703731536865,206.0,0.8839220404624939,,,,,,,,,,,,
3,,,15229,2.0,0.9890000224113464,0.929731011390686,0.04060379043221474,0.9277244806289673,0.931758463382721,4.595742702484131,4.254185199737549,210.0,0.3009536862373352,,,,,,,,,,,,
3,,,15239,2.0,0.9812999963760376,0.9552940130233765,0.04195480793714523,0.9608652591705322,0.9499044418334961,4.907528877258301,4.704429626464844,946.0,0.16114434599876404,,,,,,,,,,,,
3,,,15249,2.0,0.9767000079154968,0.8631514310836792,0.05561070516705513,0.8404008746147156,0.8896234035491943,5.6179423332214355,5.2612433433532715,263.0,0.30108827352523804,,,,,,,,,,,,
3,,,15259,2.0,0.9840999841690063,0.9120545983314514,0.032653264701366425,0.9600637555122375,0.8739975690841675,6.074954509735107,5.674844264984131,384.0,0.3674567937850952,,,,,,,,,,,,
3,,,15269,2.0,0.9847999811172485,0.9629149436950684,0.03469349443912506,0.9736534357070923,0.9528143405914307,4.441654205322266,4.254227161407471,915.0,0.15273329615592957,,,,,,,,,,,,
3,,,15279,2.0,0.9747999906539917,0.9609026908874512,0.059312377125024796,0.9710325002670288,0.951570987701416,5.813747406005859,5.584038734436035,1447.0,0.17039649188518524,,,,,,,,,,,,
3,,,15289,2.0,0.973800003528595,0.8943395614624023,0.05523855611681938,0.9451313018798828,0.8554439544677734,7.149911880493164,6.0062079429626465,613.0,1.0884654521942139,,,,,,,,,,,,
3,,,15299,2.0,0.9458000063896179,0.8156863451004028,0.13616631925106049,0.8128331899642944,0.8186064958572388,7.208866596221924,6.995762825012207,567.0,0.0769377201795578,,,,,,,,,,,,
3,,,15309,2.0,0.982200026512146,0.6842966079711914,0.05229448899626732,0.7175225019454956,0.6602301597595215,4.831881046295166,4.32457160949707,98.0,0.4550151526927948,,,,,,,,,,,,
3,,,15319,2.0,0.9861000180244446,0.9775601625442505,0.04325847327709198,0.9677697420120239,0.9881464242935181,5.063172817230225,4.187631607055664,939.0,0.8322824239730835,,,,,,,,,,,,
3,,,15329,2.0,0.975600004196167,0.9147785902023315,0.058059778064489365,0.9152688384056091,0.9142897129058838,6.67543363571167,5.883328914642334,683.0,0.7340449094772339,,,,,,,,,,,,
3,,,15339,2.0,0.9781000018119812,0.8133624792098999,0.04755010828375816,0.7959221601486206,0.8332016468048096,4.537705421447754,4.291023254394531,249.0,0.19913211464881897,,,,,,,,,,,,
3,,,15349,2.0,0.9927999973297119,0.7373179197311401,0.02089647389948368,0.8896938562393188,0.6714206337928772,4.48249626159668,4.314209461212158,57.0,0.1473902016878128,,,,,,,,,,,,
3,,,15359,2.0,0.9921000003814697,0.9096129536628723,0.019831690937280655,0.9780052900314331,0.8590158224105835,5.7956414222717285,4.82292366027832,198.0,0.9528862833976746,,,,,,,,,,,,
3,,,15369,2.0,0.9722999930381775,0.9133129119873047,0.07213263213634491,0.9182953834533691,0.908477246761322,6.124151706695557,5.747559070587158,663.0,0.30446019768714905,,,,,,,,,,,,
3,,,15379,2.0,0.9693999886512756,0.8361505270004272,0.064438596367836,0.8685616254806519,0.8095926642417908,8.203470230102539,7.651101112365723,268.0,0.48793038725852966,,,,,,,,,,,,
3,,,15389,2.0,0.9819999933242798,0.8730454444885254,0.06505807489156723,0.8304486274719238,0.929876983165741,6.6451029777526855,6.309317111968994,238.0,0.2707274258136749,,,,,,,,,,,,
3,,,15399,2.0,0.9897000193595886,0.943816065788269,0.03379970043897629,0.9390606880187988,0.9486882090568542,6.58858585357666,6.4029011726379395,440.0,0.15188497304916382,,,,,,,,,,,,
3,,,15409,2.0,0.9866999983787537,0.8950357437133789,0.03329366818070412,0.8607364892959595,0.9372724294662476,4.771353244781494,4.67960786819458,180.0,0.0584515742957592,,,,,,,,,,,,
3,,,15419,2.0,0.9818999767303467,0.9320590496063232,0.05025786906480789,0.9084422588348389,0.959227979183197,6.815328121185303,5.251266002655029,566.0,1.51380455493927,,,,,,,,,,,,
3,,,15429,2.0,0.977400004863739,0.8801438212394714,0.052793122828006744,0.9042768478393555,0.8590494990348816,5.211634159088135,4.7769598960876465,313.0,0.3818811774253845,,,,,,,,,,,,
3,,,15439,2.0,0.9911999702453613,0.9775638580322266,0.020991669967770576,0.977184534072876,0.9779438972473145,4.817739486694336,3.688169479370117,961.0,1.1085785627365112,,,,,,,,,,,,
3,,,15449,2.0,0.9843999743461609,0.9622498750686646,0.034884072840213776,0.9602059125900269,0.9643188714981079,3.7697033882141113,3.560365676879883,1063.0,0.17445363104343414,,,,,,,,,,,,
3,,,15459,2.0,0.9812999963760376,0.9338662624359131,0.049688488245010376,0.9481896758079529,0.9206042885780334,5.2995805740356445,4.832481384277344,441.0,0.4174109995365143,,,,,,,,,,,,
3,,,15469,2.0,0.97079998254776,0.8488900661468506,0.07966017723083496,0.8528324365615845,0.845047116279602,6.259284496307373,5.80025053024292,296.0,0.37937381863594055,,,,,,,,,,,,
3,,,15479,2.0,0.9531000256538391,0.8687293529510498,0.09953898191452026,0.9146687388420105,0.8342154026031494,6.919508457183838,6.455419063568115,687.0,0.36455053091049194,,,,,,,,,,,,
3,,,15489,2.0,0.9850000143051147,0.7855079174041748,0.029835637658834457,0.7763766050338745,0.7952977418899536,4.707181930541992,4.35720157623291,94.0,0.32014480233192444,,,,,,,,,,,,
3,,,15499,2.0,0.949400007724762,0.921927273273468,0.12796086072921753,0.9515426158905029,0.8988348245620728,7.095009803771973,6.623018741607666,1686.0,0.3440304398536682,,,,,,,,,,,,
3,,,15509,2.0,0.9901000261306763,0.9378509521484375,0.02398313395678997,0.9294630289077759,0.9466084241867065,5.510931015014648,4.927168846130371,377.0,0.559779167175293,,,,,,,,,,,,
3,,,15519,2.0,0.9921000003814697,0.951192319393158,0.02177831530570984,0.9589940309524536,0.9436769485473633,6.0450639724731445,5.003235340118408,347.0,1.0200504064559937,,,,,,,,,,,,
3,,,15529,2.0,0.9646999835968018,0.9096770286560059,0.08519715815782547,0.9059599041938782,0.9134879112243652,7.1887922286987305,6.846014022827148,550.0,0.2575812339782715,,,,,,,,,,,,
3,,,15539,2.0,0.9664000272750854,0.8644965291023254,0.0779557153582573,0.8161946535110474,0.9352214336395264,5.9452619552612305,5.730410575866699,319.0,0.13689546287059784,,,,,,,,,,,,
3,,,15549,2.0,0.955299973487854,0.8963677883148193,0.12150413542985916,0.891333281993866,0.9015920162200928,6.2866129875183105,5.857593059539795,763.0,0.3075157403945923,,,,,,,,,,,,
3,,,15559,2.0,0.9395999908447266,0.8235357999801636,0.11808596551418304,0.8557579517364502,0.798069953918457,7.379826545715332,7.017114162445068,715.0,0.24462638795375824,,,,,,,,,,,,
3,,,15569,2.0,0.9815999865531921,0.9236547946929932,0.053737763315439224,0.9585631489753723,0.8944021463394165,5.666616439819336,5.422592639923096,433.0,0.1902860552072525,,,,,,,,,,,,
3,,,15579,2.0,0.9919000267982483,0.9236063957214355,0.02237917296588421,0.9243632555007935,0.9228522777557373,4.557781219482422,4.11359167098999,168.0,0.4218099117279053,,,,,,,,,,,,
3,,,15589,2.0,0.9858999848365784,0.9134746193885803,0.03656519949436188,0.8945270776748657,0.9345628023147583,5.796577453613281,5.006470680236816,333.0,0.7535415291786194,,,,,,,,,,,,
3,,,15599,2.0,0.9642000198364258,0.9299193024635315,0.08543387800455093,0.8989295363426208,0.9699534177780151,5.01971960067749,4.2845635414123535,976.0,0.6497222185134888,,,,,,,,,,,,
3,,,15609,2.0,0.9211999773979187,0.8407319784164429,0.17575839161872864,0.926910400390625,0.7933546900749207,7.321634769439697,5.980523586273193,1587.0,1.1653528213500977,,,,,,,,,,,,
3,,,15619,2.0,0.9574000239372253,0.8041224479675293,0.08945167809724808,0.7350276708602905,0.9540354013442993,5.527321815490723,5.131288051605225,353.0,0.30658191442489624,,,,,,,,,,,,
3,,,15629,2.0,0.9857000112533569,0.9044957756996155,0.035927023738622665,0.8722377419471741,0.9436061978340149,6.570661544799805,4.531573295593262,319.0,2.0031611919403076,,,,,,,,,,,,
3,,,15639,2.0,0.9890000224113464,0.9719324707984924,0.03101145103573799,0.9799991846084595,0.9642170667648315,3.9097306728363037,3.69431734085083,1028.0,0.18440207839012146,,,,,,,,,,,,
3,,,15649,2.0,0.963699996471405,0.8795105218887329,0.076531320810318,0.9083033800125122,0.8553084135055542,6.730292320251465,6.479572772979736,830.0,0.17418807744979858,,,,,,,,,,,,
3,,,15659,2.0,0.9571999907493591,0.8850757479667664,0.11052644997835159,0.894201934337616,0.8764949440956116,6.805876731872559,5.833561897277832,597.0,0.8617880344390869,,,,,,,,,,,,
3,,,15669,2.0,0.9682999849319458,0.906092643737793,0.07272391021251678,0.9396201372146606,0.8784325122833252,7.03165340423584,6.6723103523254395,694.0,0.28661924600601196,,,,,,,,,,,,
3,,,15679,2.0,0.9890999794006348,0.9149794578552246,0.026783185079693794,0.9204976558685303,0.9096154570579529,6.136263370513916,5.754188060760498,282.0,0.35529211163520813,,,,,,,,,,,,
3,,,15689,2.0,0.9825000166893005,0.8896321654319763,0.04013068601489067,0.8543685674667358,0.9337388873100281,6.477407455444336,6.188696384429932,321.0,0.2485804706811905,,,,,,,,,,,,
3,,,15699,2.0,0.9764000177383423,0.9108980894088745,0.05412808060646057,0.8866853713989258,0.9390982389450073,6.268033981323242,5.762950897216797,643.0,0.45095476508140564,,,,,,,,,,,,
3,,,15709,2.0,0.9882000088691711,0.915447473526001,0.0380743183195591,0.9439296722412109,0.8906667828559875,5.689990520477295,5.422909259796143,283.0,0.22900675237178802,,,,,,,,,,,,
3,,,15719,2.0,0.9854000210762024,0.966651439666748,0.034211140125989914,0.9735026359558105,0.9600713849067688,4.08853006362915,3.90293025970459,1212.0,0.15138879418373108,,,,,,,,,,,,
3,,,15729,2.0,0.9876999855041504,0.9218847155570984,0.029431551694869995,0.946483314037323,0.9000875353813171,4.697624206542969,4.37267541885376,233.0,0.2955173850059509,,,,,,,,,,,,
3,,,15739,2.0,0.9905999898910522,0.8543181419372559,0.03365962952375412,0.8973867893218994,0.8199516534805298,4.802140235900879,4.554174900054932,107.0,0.21430593729019165,,,,,,,,,,,,
3,,,15749,2.0,0.9868999719619751,0.941977858543396,0.03638894483447075,0.9220623970031738,0.9642081260681152,5.281505584716797,5.022365093231201,346.0,0.2227516919374466,,,,,,,,,,,,
3,,,15759,2.0,0.972599983215332,0.9127624034881592,0.06261307746171951,0.9468321800231934,0.8845336437225342,6.466606140136719,6.128042221069336,572.0,0.27595099806785583,,,,,,,,,,,,
3,,,15769,2.0,0.9908999800682068,0.9544703960418701,0.0217682383954525,0.9623507261276245,0.9468874335289001,5.566215515136719,4.110870361328125,392.0,1.4335769414901733,,,,,,,,,,,,
3,,,15779,2.0,0.9567999839782715,0.7265999913215637,0.10932033509016037,0.8666393756866455,0.6688545346260071,7.462517261505127,7.061199188232422,539.0,0.291998028755188,,,,,,,,,,,,
3,,,15789,2.0,0.9801999926567078,0.9342420101165771,0.05198075622320175,0.9299545288085938,0.938636302947998,5.904454708099365,5.593836784362793,549.0,0.258637011051178,,,,,,,,,,,,
3,,,15799,2.0,0.965499997138977,0.8949515223503113,0.09360473603010178,0.9530488848686218,0.8527293801307678,8.944459915161133,5.935756206512451,689.0,2.9150989055633545,,,,,,,,,,,,
3,,,15809,2.0,0.9889000058174133,0.9161046743392944,0.023785674944519997,0.9351679086685181,0.8987637162208557,5.05003547668457,4.913159370422363,329.0,0.11309036612510681,,,,,,,,,,,,
3,,,15819,2.0,0.979200005531311,0.9612703323364258,0.06921116262674332,0.9631525874137878,0.9594123363494873,5.923821449279785,5.632608890533447,1553.0,0.22200174629688263,,,,,,,,,,,,
3,,,15829,2.0,0.989799976348877,0.8888779878616333,0.02370159514248371,0.8748966455459595,0.9040102958679199,5.052150249481201,4.425854206085205,188.0,0.6025941967964172,,,,,,,,,,,,
3,,,15839,2.0,0.9905999898910522,0.9376051425933838,0.022164104506373405,0.9397582411766052,0.9354749917984009,4.005821228027344,3.856161594390869,319.0,0.12749554216861725,,,,,,,,,,,,
3,,,15849,2.0,0.9907000064849854,0.931818962097168,0.031099792569875717,0.9684317111968994,0.9008967280387878,5.647611618041992,4.985284328460693,202.0,0.6312273144721985,,,,,,,,,,,,
3,,,15859,2.0,0.9815000295639038,0.9186937808990479,0.046547021716833115,0.8855346441268921,0.9593303203582764,5.7724528312683105,5.134432315826416,336.0,0.5914735198020935,,,,,,,,,,,,
3,,,15869,2.0,0.9817000031471252,0.9507570266723633,0.038612596690654755,0.9540574550628662,0.9475188255310059,5.763385772705078,5.424521446228027,848.0,0.3002520799636841,,,,,,,,,,,,
3,,,15879,2.0,0.9717000126838684,0.9356449246406555,0.07824762165546417,0.9530305862426758,0.9200310707092285,6.239617347717285,5.929056167602539,704.0,0.23231340944766998,,,,,,,,,,,,
3,,,15889,2.0,0.9771000146865845,0.8947899341583252,0.05510113015770912,0.8751418590545654,0.916996955871582,5.828773498535156,5.477560997009277,322.0,0.29611140489578247,,,,,,,,,,,,
3,,,15899,2.0,0.992900013923645,0.8361048698425293,0.015965454280376434,0.834594190120697,0.8376296758651733,4.167801856994629,4.0273613929748535,61.0,0.12447523325681686,,,,,,,,,,,,
3,,,15909,2.0,0.991100013256073,0.7785403728485107,0.02019881084561348,0.9343850612640381,0.7061161398887634,5.596949577331543,5.155929088592529,75.0,0.42082157731056213,,,,,,,,,,,,
3,,,15919,2.0,0.9851999878883362,0.9702064394950867,0.04085252806544304,0.9776304364204407,0.96312016248703,4.3395304679870605,4.036285400390625,1421.0,0.2623923420906067,,,,,,,,,,,,
3,,,15929,2.0,0.9692999720573425,0.960193395614624,0.07978007197380066,0.9709267020225525,0.9506851434707642,5.168055534362793,4.684497356414795,1659.0,0.4037781059741974,,,,,,,,,,,,
3,,,15939,2.0,0.9717000126838684,0.9299800395965576,0.06314478814601898,0.9252883195877075,0.9348160028457642,4.994344711303711,4.227220058441162,712.0,0.7039798498153687,,,,,,,,,,,,
3,,,15949,2.0,0.9829999804496765,0.9713300466537476,0.04232744127511978,0.9769201278686523,0.9659628868103027,4.38244104385376,3.8890485763549805,1590.0,0.4510652422904968,,,,,,,,,,,,
3,,,15959,2.0,0.9890999794006348,0.8794997930526733,0.02521716244518757,0.8835461139678955,0.8755428194999695,5.538448333740234,5.157236099243164,139.0,0.35599493980407715,,,,,,,,,,,,
3,,,15969,2.0,0.9736999869346619,0.9517713785171509,0.07173340767621994,0.9543651342391968,0.9492254257202148,6.44069766998291,6.0215277671813965,1441.0,0.3474365472793579,,,,,,,,,,,,
3,,,15979,2.0,0.9765999913215637,0.8729847073554993,0.0574832521378994,0.9197015762329102,0.8365907073020935,7.425112724304199,6.624124526977539,280.0,0.7435050010681152,,,,,,,,,,,,
3,,,15989,2.0,0.9886000156402588,0.9748010635375977,0.033067867159843445,0.9693018198013306,0.9804879426956177,4.038872241973877,3.7144644260406494,907.0,0.2913397550582886,,,,,,,,,,,,
3,,,15999,2.0,0.9556999802589417,0.9335557818412781,0.1051425188779831,0.9554640054702759,0.9154542684555054,6.02091121673584,4.825028896331787,1347.0,1.0907398462295532,,,,,,,,,,,,
,9.960967771506667e-05,0.0009960967771506667,16000,,,,,,,,,,,,,,,,,,,,,,
4,,,16009,2.0,0.9783999919891357,0.8998668193817139,0.04965217411518097,0.9093101024627686,0.890911877155304,5.845186233520508,5.204047203063965,345.0,0.5914868712425232,,,,,,,,,,,,
4,,,16019,2.0,0.9829999804496765,0.7555603981018066,0.04003005102276802,0.8445080518722534,0.7042835354804993,6.318569183349609,5.399596691131592,145.0,0.8789425492286682,,,,,,,,,,,,
4,,,16029,2.0,0.9700000286102295,0.8399812579154968,0.08315600454807281,0.9071164727210999,0.7937249541282654,6.288656234741211,5.954122066497803,302.0,0.25137799978256226,,,,,,,,,,,,
4,,,16039,2.0,0.983299970626831,0.9116868376731873,0.03990611433982849,0.9630800485610962,0.8715965747833252,6.6852803230285645,6.328001022338867,360.0,0.3173733949661255,,,,,,,,,,,,
4,,,16049,2.0,0.9760000109672546,0.851891040802002,0.06988190114498138,0.8749226927757263,0.8317975997924805,6.822534084320068,5.575261116027832,283.0,1.1773910522460938,,,,,,,,,,,,
4,,,16059,2.0,0.953499972820282,0.81390380859375,0.09789439290761948,0.841580867767334,0.7911142110824585,6.505176067352295,6.227545261383057,530.0,0.17973679304122925,,,,,,,,,,,,
4,,,16069,2.0,0.9869999885559082,0.9648838043212891,0.026852374896407127,0.9755573868751526,0.9548135995864868,4.109557151794434,3.9164512157440186,1006.0,0.16625350713729858,,,,,,,,,,,,
4,,,16079,2.0,0.9855999946594238,0.6252307295799255,0.02950357086956501,0.6203277111053467,0.6305729150772095,4.6458916664123535,4.514319896697998,70.0,0.10206835716962814,,,,,,,,,,,,
4,,,16089,2.0,0.9868999719619751,0.9678576588630676,0.03837823122739792,0.9590755701065063,0.9771106839179993,4.138154029846191,3.880831241607666,977.0,0.21894468367099762,,,,,,,,,,,,
4,,,16099,2.0,0.9779999852180481,0.7943444848060608,0.06916098296642303,0.9133880138397217,0.7308391332626343,6.036538600921631,5.020840167999268,199.0,0.946537435054779,,,,,,,,,,,,
4,,,16109,2.0,0.9627000093460083,0.8861985802650452,0.08570116013288498,0.8762959241867065,0.8967968225479126,7.488474369049072,7.14119815826416,733.0,0.2615751326084137,,,,,,,,,,,,
4,,,16119,2.0,0.9901000261306763,0.9245367050170898,0.026489827781915665,0.9100143313407898,0.940220296382904,6.26779842376709,6.077651500701904,289.0,0.16365733742713928,,,,,,,,,,,,
4,,,16129,2.0,0.98089998960495,0.937570333480835,0.06176447868347168,0.9823338985443115,0.9018447995185852,4.706009387969971,4.234363079071045,747.0,0.4098818898200989,,,,,,,,,,,,
4,,,16139,2.0,0.9876999855041504,0.9642506241798401,0.03742441534996033,0.9795032739639282,0.9501748085021973,4.074370384216309,3.8280019760131836,889.0,0.208944171667099,,,,,,,,,,,,
4,,,16149,2.0,0.9926999807357788,0.8878723978996277,0.022010857239365578,0.8572131395339966,0.9245631694793701,4.985535621643066,4.7666120529174805,107.0,0.19691258668899536,,,,,,,,,,,,
4,,,16159,2.0,0.989300012588501,0.9758484959602356,0.03668465092778206,0.9728297591209412,0.9789221286773682,4.551754474639893,4.293856143951416,965.0,0.22121387720108032,,,,,,,,,,,,
4,,,16169,2.0,0.9853000044822693,0.9403414726257324,0.038266267627477646,0.9535081386566162,0.928039014339447,7.76333475112915,6.246777534484863,546.0,1.4782909154891968,,,,,,,,,,,,
4,,,16179,2.0,0.9810000061988831,0.9005650281906128,0.04851957783102989,0.8867952823638916,0.9154976606369019,6.21826171875,6.0956597328186035,446.0,0.07408234477043152,,,,,,,,,,,,
4,,,16189,2.0,0.9878000020980835,0.8748717904090881,0.03413034975528717,0.8635588884353638,0.8869602680206299,5.485161304473877,5.205254554748535,146.0,0.24577628076076508,,,,,,,,,,,,
4,,,16199,2.0,0.9757000207901001,0.9072332382202148,0.05283308029174805,0.9390497803688049,0.8804328441619873,6.211071491241455,5.951846122741699,419.0,0.2063920944929123,,,,,,,,,,,,
4,,,16209,2.0,0.9843000173568726,0.9514179229736328,0.03876714035868645,0.9586862325668335,0.9444313049316406,5.142299175262451,4.954501628875732,663.0,0.14903022348880768,,,,,,,,,,,,
4,,,16219,2.0,0.9635999798774719,0.8240114450454712,0.07742442190647125,0.8649225234985352,0.7924067378044128,6.010195732116699,5.772953033447266,477.0,0.1598183661699295,,,,,,,,,,,,
4,,,16229,2.0,0.9815000295639038,0.9335368275642395,0.05356818065047264,0.9270411729812622,0.9402763843536377,5.384083271026611,4.739065170288086,495.0,0.5914498567581177,,,,,,,,,,,,
4,,,16239,2.0,0.988099992275238,0.9317129254341125,0.02976023219525814,0.967608630657196,0.9014272689819336,5.99250602722168,5.547537803649902,335.0,0.41520798206329346,,,,,,,,,,,,
4,,,16249,2.0,0.9531999826431274,0.8806803822517395,0.0985792949795723,0.8818963766098022,0.8794749975204468,9.058618545532227,6.599852085113525,1041.0,2.360187530517578,,,,,,,,,,,,
4,,,16259,2.0,0.986299991607666,0.9514327049255371,0.048147547990083694,0.9634681940078735,0.9401249885559082,6.753714084625244,6.032825469970703,738.0,0.6727410554885864,,,,,,,,,,,,
4,,,16269,2.0,0.9858999848365784,0.9472769498825073,0.03481000289320946,0.9332254528999329,0.96246737241745,5.856711387634277,5.692569732666016,424.0,0.1293315887451172,,,,,,,,,,,,
4,,,16279,2.0,0.9871000051498413,0.9129880666732788,0.03959433734416962,0.8930270671844482,0.9353150129318237,5.457131862640381,5.003232479095459,263.0,0.41430532932281494,,,,,,,,,,,,
4,,,16289,2.0,0.9678000211715698,0.9094264507293701,0.07688045501708984,0.9135478734970093,0.905410647392273,6.333520412445068,5.861303329467773,728.0,0.39533647894859314,,,,,,,,,,,,
4,,,16299,2.0,0.9934999942779541,0.8945152759552002,0.018435416743159294,0.8790465593338013,0.911353588104248,5.142385482788086,4.570823669433594,105.0,0.5531261563301086,,,,,,,,,,,,
4,,,16309,2.0,0.9868000149726868,0.9270617365837097,0.03488989919424057,0.9458836317062378,0.909930944442749,5.891993999481201,5.202947616577148,306.0,0.6541568636894226,,,,,,,,,,,,
4,,,16319,2.0,0.9678999781608582,0.8541799783706665,0.07180073857307434,0.8352723717689514,0.8757873773574829,6.280208587646484,6.079404830932617,470.0,0.12900301814079285,,,,,,,,,,,,
4,,,16329,2.0,0.9707000255584717,0.8645048141479492,0.06896969676017761,0.8168246746063232,0.9330639839172363,5.836484432220459,5.350811004638672,293.0,0.4167037010192871,,,,,,,,,,,,
4,,,16339,2.0,0.98089998960495,0.9169542789459229,0.04971716180443764,0.9257553219795227,0.9085655212402344,7.826275825500488,5.752763748168945,433.0,2.0237948894500732,,,,,,,,,,,,
4,,,16349,2.0,0.9883999824523926,0.789915919303894,0.03338836506009102,0.7425220012664795,0.8617227077484131,5.356419563293457,5.236006259918213,62.0,0.0870252475142479,,,,,,,,,,,,
4,,,16359,2.0,0.9702000021934509,0.9262405633926392,0.06406401097774506,0.9359822273254395,0.9170722961425781,5.093799114227295,4.494967460632324,897.0,0.5347675085067749,,,,,,,,,,,,
4,,,16369,2.0,0.987500011920929,0.977257251739502,0.03224929794669151,0.9799624681472778,0.9746009111404419,4.565164566040039,4.182677268981934,1183.0,0.3502376675605774,,,,,,,,,,,,
4,,,16379,2.0,0.984000027179718,0.8859587907791138,0.04075028374791145,0.8953862190246582,0.8770095109939575,5.252127647399902,4.789638519287109,243.0,0.42173847556114197,,,,,,,,,,,,
4,,,16389,2.0,0.9717000126838684,0.9231258034706116,0.06879274547100067,0.8940867185592651,0.9585801362991333,5.78522253036499,5.562131404876709,794.0,0.15429821610450745,,,,,,,,,,,,
4,,,16399,2.0,0.9801999926567078,0.9687923192977905,0.0477006770670414,0.9675477743148804,0.9700495004653931,6.329667568206787,5.644569396972656,1842.0,0.6373974084854126,,,,,,,,,,,,
4,,,16409,2.0,0.9466999769210815,0.9125871658325195,0.13164547085762024,0.9135209918022156,0.9116610288619995,7.733234882354736,7.416192054748535,1234.0,0.1853971630334854,,,,,,,,,,,,
4,,,16419,2.0,0.9824000000953674,0.9208735227584839,0.044482145458459854,0.8931442499160767,0.953588604927063,6.280165195465088,6.13685417175293,483.0,0.09882882237434387,,,,,,,,,,,,
4,,,16429,2.0,0.9677000045776367,0.941966712474823,0.0858621671795845,0.961591899394989,0.9248758554458618,8.047110557556152,7.803753852844238,1708.0,0.15749453008174896,,,,,,,,,,,,
4,,,16439,2.0,0.9664000272750854,0.9206258058547974,0.08172260224819183,0.903023362159729,0.9405683279037476,7.2195820808410645,6.9840617179870605,635.0,0.15379774570465088,,,,,,,,,,,,
4,,,16449,2.0,0.9740999937057495,0.8784343600273132,0.06576225906610489,0.8737746477127075,0.8832306861877441,5.872622489929199,5.550250053405762,469.0,0.256610631942749,,,,,,,,,,,,
4,,,16459,2.0,0.9742000102996826,0.8554128408432007,0.05798058956861496,0.8351520299911499,0.8786721229553223,6.245871067047119,5.656942367553711,265.0,0.5309481024742126,,,,,,,,,,,,
4,,,16469,2.0,0.9818000197410583,0.954357922077179,0.045758623629808426,0.9572091102600098,0.9515541791915894,4.373439788818359,4.125111103057861,735.0,0.20257002115249634,,,,,,,,,,,,
4,,,16479,2.0,0.9807999730110168,0.9203354120254517,0.05261777341365814,0.9179207682609558,0.9227831363677979,5.874916076660156,5.668123722076416,420.0,0.1541748046875,,,,,,,,,,,,
4,,,16489,2.0,0.9577999711036682,0.8522599935531616,0.11133036017417908,0.8796658515930176,0.8292930126190186,6.508907318115234,6.144711017608643,699.0,0.2528657615184784,,,,,,,,,,,,
4,,,16499,2.0,0.9829000234603882,0.9275267720222473,0.04413435608148575,0.9091768860816956,0.947920560836792,6.216421604156494,5.917840957641602,544.0,0.2544463574886322,,,,,,,,,,,,
4,,,16509,2.0,0.991599977016449,0.939810037612915,0.020971665158867836,0.9363322854042053,0.9433486461639404,5.985604286193848,5.635129451751709,342.0,0.32950320839881897,,,,,,,,,,,,
4,,,16519,2.0,0.989799976348877,0.9781084060668945,0.02906557358801365,0.9796149730682373,0.976615309715271,4.995515823364258,4.315942764282227,1285.0,0.6505072116851807,,,,,,,,,,,,
4,,,16529,2.0,0.9890000224113464,0.9685461521148682,0.02549297735095024,0.9634327292442322,0.9738063812255859,4.489050388336182,3.893890857696533,860.0,0.5696666836738586,,,,,,,,,,,,
4,,,16539,2.0,0.9750999808311462,0.8534404039382935,0.06182641535997391,0.8714730739593506,0.8372625708580017,5.833142280578613,5.498110294342041,308.0,0.2732057571411133,,,,,,,,,,,,
4,,,16549,2.0,0.987500011920929,0.9234650135040283,0.03221147134900093,0.9492815732955933,0.9007172584533691,7.003391742706299,5.7749714851379395,430.0,1.1962089538574219,,,,,,,,,,,,
4,,,16559,2.0,0.9837999939918518,0.8914051055908203,0.043827228248119354,0.8503389954566956,0.9447935819625854,6.893260955810547,5.9665303230285645,272.0,0.8829033970832825,,,,,,,,,,,,
4,,,16569,2.0,0.9869999885559082,0.974907636642456,0.03935033828020096,0.9843517541885376,0.9660125970840454,6.602778911590576,6.333901405334473,1116.0,0.22952711582183838,,,,,,,,,,,,
4,,,16579,2.0,0.935699999332428,0.9077116250991821,0.15709352493286133,0.9115960597991943,0.9039889574050903,7.032615661621094,6.015155792236328,1771.0,0.8603662252426147,,,,,,,,,,,,
4,,,16589,2.0,0.994700014591217,0.9850310683250427,0.01572728529572487,0.9910707473754883,0.979177713394165,3.8768234252929688,3.5609989166259766,960.0,0.3000972867012024,,,,,,,,,,,,
4,,,16599,2.0,0.9854000210762024,0.9625077247619629,0.04121965169906616,0.9541752338409424,0.9712603688240051,4.735024929046631,3.919193983078003,913.0,0.7746113538742065,,,,,,,,,,,,
4,,,16609,2.0,0.982200026512146,0.9070202112197876,0.04451977461576462,0.9297820329666138,0.8868162631988525,6.080911636352539,5.806284427642822,313.0,0.23010723292827606,,,,,,,,,,,,
4,,,16619,2.0,0.9648000001907349,0.8885159492492676,0.07879052311182022,0.8909783363342285,0.8860923051834106,5.739744663238525,5.320329666137695,612.0,0.34062427282333374,,,,,,,,,,,,
4,,,16629,2.0,0.9635000228881836,0.914781928062439,0.0985509529709816,0.9001784920692444,0.9309992790222168,6.74526834487915,5.77887487411499,929.0,0.8678424954414368,,,,,,,,,,,,
4,,,16639,2.0,0.9412000179290771,0.7102137207984924,0.13493774831295013,0.8979583382606506,0.6512736678123474,7.527256965637207,7.24297571182251,593.0,0.14934353530406952,,,,,,,,,,,,
4,,,16649,2.0,0.9911999702453613,0.8627942204475403,0.02016582526266575,0.9044390916824341,0.8291808366775513,6.371057033538818,5.804295539855957,119.0,0.5465954542160034,,,,,,,,,,,,
4,,,16659,2.0,0.984499990940094,0.8607577085494995,0.052422355860471725,0.9137818813323975,0.8204638957977295,6.003442764282227,5.6799845695495605,267.0,0.27103543281555176,,,,,,,,,,,,
4,,,16669,2.0,0.9660999774932861,0.8753122091293335,0.08134718984365463,0.9089858531951904,0.8476781845092773,7.710737228393555,6.660421371459961,714.0,0.9689688682556152,,,,,,,,,,,,
4,,,16679,2.0,0.9700999855995178,0.9514588117599487,0.07829812914133072,0.9378362894058228,0.9667893648147583,5.092470645904541,4.795462131500244,1116.0,0.21871024370193481,,,,,,,,,,,,
4,,,16689,2.0,0.9908000230789185,0.9713417291641235,0.028529556468129158,0.9864352345466614,0.9573616981506348,4.031289577484131,3.7478439807891846,858.0,0.2549157440662384,,,,,,,,,,,,
4,,,16699,2.0,0.9781000018119812,0.7589107751846313,0.04985087364912033,0.8751270771026611,0.6997311115264893,5.741391658782959,4.940655708312988,219.0,0.7508848905563354,,,,,,,,,,,,
4,,,16709,2.0,0.9933000206947327,0.9801520705223083,0.015348229557275772,0.9744504690170288,0.9860296249389648,3.8587660789489746,3.7103631496429443,869.0,0.13305477797985077,,,,,,,,,,,,
4,,,16719,2.0,0.9750000238418579,0.8018215894699097,0.08337944000959396,0.8538680076599121,0.7640519142150879,6.35162353515625,5.473446846008301,272.0,0.7947972416877747,,,,,,,,,,,,
4,,,16729,2.0,0.9692000150680542,0.8866431713104248,0.06944072246551514,0.9040566682815552,0.8709461688995361,6.310425281524658,5.9191131591796875,437.0,0.3218711018562317,,,,,,,,,,,,
4,,,16739,2.0,0.9811000227928162,0.8818954825401306,0.046562280505895615,0.9181393384933472,0.851959228515625,5.739511966705322,5.010200023651123,368.0,0.6827496290206909,,,,,,,,,,,,
4,,,16749,2.0,0.9571999907493591,0.8655713796615601,0.11954347789287567,0.8441887497901917,0.8907084465026855,6.499837875366211,5.6461076736450195,645.0,0.7341868877410889,,,,,,,,,,,,
4,,,16759,2.0,0.9790999889373779,0.8320819735527039,0.05223487690091133,0.9232956171035767,0.7750163078308105,6.181909561157227,5.661450386047363,305.0,0.4682244062423706,,,,,,,,,,,,
4,,,16769,2.0,0.963699996471405,0.9421319961547852,0.09662836045026779,0.9511561393737793,0.9337564706802368,6.950585842132568,6.221689701080322,1848.0,0.6322678327560425,,,,,,,,,,,,
4,,,16779,2.0,0.9614999890327454,0.9451561570167542,0.09003134071826935,0.9452254176139832,0.9450869560241699,5.533862590789795,5.085739612579346,1702.0,0.3580918610095978,,,,,,,,,,,,
4,,,16789,2.0,0.9836999773979187,0.9474650621414185,0.042948219925165176,0.9684969782829285,0.9286260008811951,5.887519836425781,5.578903675079346,554.0,0.26566797494888306,,,,,,,,,,,,
4,,,16799,2.0,0.9704999923706055,0.9369821548461914,0.0644998624920845,0.9664129018783569,0.9124230742454529,5.128459930419922,4.696821212768555,936.0,0.36713874340057373,,,,,,,,,,,,
4,,,16809,2.0,0.9018999934196472,0.799235463142395,0.22380279004573822,0.8182350397109985,0.7835102677345276,7.243496894836426,6.7371416091918945,1054.0,0.2825528681278229,,,,,,,,,,,,
4,,,16819,2.0,0.9789000153541565,0.842736542224884,0.04683927446603775,0.793549656867981,0.9144810438156128,5.6284074783325195,5.355326175689697,145.0,0.2262422889471054,,,,,,,,,,,,
4,,,16829,2.0,0.9861999750137329,0.9457846879959106,0.03304058685898781,0.9608793258666992,0.9318079948425293,5.7100019454956055,4.628136157989502,586.0,1.0488250255584717,,,,,,,,,,,,
4,,,16839,2.0,0.958299994468689,0.8958696126937866,0.09862446784973145,0.8885602355003357,0.9035708904266357,6.851076126098633,6.49493408203125,709.0,0.2575177848339081,,,,,,,,,,,,
4,,,16849,2.0,0.9879999756813049,0.8969072103500366,0.03214576840400696,0.8729338645935059,0.9244562387466431,6.067323207855225,5.904758453369141,231.0,0.13041895627975464,,,,,,,,,,,,
4,,,16859,2.0,0.991599977016449,0.8257429003715515,0.022754957899451256,0.8744274377822876,0.7885369062423706,4.8543524742126465,4.532951354980469,91.0,0.2986457943916321,,,,,,,,,,,,
4,,,16869,2.0,0.9807999730110168,0.9198718070983887,0.04684808477759361,0.9168417453765869,0.9229540228843689,5.877468109130859,4.9189324378967285,466.0,0.9116871953010559,,,,,,,,,,,,
4,,,16879,2.0,0.9315000176429749,0.8163018822669983,0.15292789041996002,0.8722385764122009,0.7787718772888184,7.5818190574646,6.941666126251221,704.0,0.4872252643108368,,,,,,,,,,,,
4,,,16889,2.0,0.9847000241279602,0.9410494565963745,0.044539935886859894,0.9591410160064697,0.9245634078979492,6.237992286682129,6.040126323699951,534.0,0.1533259004354477,,,,,,,,,,,,
4,,,16899,2.0,0.9724000096321106,0.7613444328308105,0.06855529546737671,0.8494174480438232,0.710683286190033,5.9788007736206055,5.225412368774414,238.0,0.6848328113555908,,,,,,,,,,,,
4,,,16909,2.0,0.9067999720573425,0.8485419750213623,0.2703251838684082,0.8855211138725281,0.8225240707397461,12.79928207397461,8.205414772033691,2099.0,4.323541641235352,,,,,,,,,,,,
4,,,16919,2.0,0.9897000193595886,0.9058761596679688,0.025806641206145287,0.8878727555274963,0.9257649779319763,5.165735721588135,4.6049017906188965,136.0,0.5350274443626404,,,,,,,,,,,,
4,,,16929,2.0,0.9824000000953674,0.9386012554168701,0.04908498376607895,0.9616918563842773,0.9181297421455383,6.119729995727539,5.717418670654297,586.0,0.3532262146472931,,,,,,,,,,,,
4,,,16939,2.0,0.9682999849319458,0.843358039855957,0.1053711399435997,0.8915287256240845,0.8069857358932495,6.480086326599121,5.8553547859191895,455.0,0.5193607807159424,,,,,,,,,,,,
4,,,16949,2.0,0.9315999746322632,0.7657903432846069,0.1580524444580078,0.8059043288230896,0.7369716763496399,6.215240478515625,5.676069259643555,640.0,0.3811185657978058,,,,,,,,,,,,
4,,,16959,2.0,0.9905999898910522,0.8049980401992798,0.030439376831054688,0.9037229418754578,0.7458474040031433,5.12802791595459,4.985172748565674,88.0,0.11241573840379715,,,,,,,,,,,,
4,,,16969,2.0,0.9909999966621399,0.9497666954994202,0.023188894614577293,0.9688190817832947,0.9323590993881226,4.9391961097717285,4.681279182434082,262.0,0.23472794890403748,,,,,,,,,,,,
4,,,16979,2.0,0.9860000014305115,0.7905571460723877,0.032273292541503906,0.8597419261932373,0.7444170713424683,4.672736644744873,4.458751201629639,109.0,0.18171222507953644,,,,,,,,,,,,
4,,,16989,2.0,0.9882000088691711,0.9662274718284607,0.02702939696609974,0.963238537311554,0.9692661762237549,6.382318019866943,6.254531383514404,575.0,0.10075701028108597,,,,,,,,,,,,
4,,,16999,2.0,0.9850999712944031,0.8810036182403564,0.030535351485013962,0.8921606540679932,0.8705118894577026,6.991393566131592,6.112503528594971,282.0,0.8483546376228333,,,,,,,,,,,,
4,,,17009,2.0,0.9872000217437744,0.9343698024749756,0.03286980837583542,0.9343698024749756,0.9343698024749756,5.106959342956543,4.772886753082275,316.0,0.3012026250362396,,,,,,,,,,,,
4,,,17019,2.0,0.9889000058174133,0.9172689914703369,0.027491532266139984,0.8849442601203918,0.9561270475387573,5.5205769538879395,4.617186546325684,199.0,0.8758988976478577,,,,,,,,,,,,
4,,,17029,2.0,0.986299991607666,0.9304585456848145,0.03886343911290169,0.929287314414978,0.9316369891166687,5.413726806640625,5.036919593811035,270.0,0.3379434049129486,,,,,,,,,,,,
4,,,17039,2.0,0.97079998254776,0.8777824640274048,0.07128045707941055,0.978926420211792,0.8158700466156006,5.246216297149658,5.00182580947876,474.0,0.17310981452465057,,,,,,,,,,,,
4,,,17049,2.0,0.984000027179718,0.9708963632583618,0.04530459642410278,0.9592101573944092,0.983610987663269,5.050707817077637,4.600442886352539,866.0,0.4049603044986725,,,,,,,,,,,,
4,,,17059,2.0,0.9754999876022339,0.9026240110397339,0.05285825952887535,0.8698952198028564,0.9431923627853394,6.8840765953063965,6.6351165771484375,550.0,0.1961016058921814,,,,,,,,,,,,
4,,,17069,2.0,0.979200005531311,0.954232394695282,0.050990309566259384,0.9315142631530762,0.9807674884796143,5.715320587158203,5.351253509521484,912.0,0.31307685375213623,,,,,,,,,,,,
4,,,17079,2.0,0.9850999712944031,0.9488332271575928,0.03789966553449631,0.9636792540550232,0.9350934624671936,4.403721332550049,4.10421085357666,710.0,0.2616110146045685,,,,,,,,,,,,
4,,,17089,2.0,0.9690999984741211,0.8921397924423218,0.07168061286211014,0.8919087052345276,0.8923711776733398,6.096816539764404,5.696399688720703,498.0,0.32873618602752686,,,,,,,,,,,,
4,,,17099,2.0,0.98089998960495,0.9555944204330444,0.0411001481115818,0.9563959836959839,0.9547967910766602,5.656399726867676,4.442755699157715,1016.0,1.1725438833236694,,,,,,,,,,,,
4,,,17109,2.0,0.9902999997138977,0.7172070145606995,0.022908611223101616,0.8077527284622192,0.6684798002243042,6.322563171386719,4.573314189910889,65.0,1.7263400554656982,,,,,,,,,,,,
4,,,17119,2.0,0.9850999712944031,0.9742743372917175,0.03837468847632408,0.9710196256637573,0.9776071310043335,4.6959404945373535,4.208406448364258,1415.0,0.44915905594825745,,,,,,,,,,,,
4,,,17129,2.0,0.9855999946594238,0.9543929100036621,0.03964262828230858,0.9358648061752319,0.9750097990036011,5.312476634979248,5.090417861938477,702.0,0.182416170835495,,,,,,,,,,,,
4,,,17139,2.0,0.9693999886512756,0.9205904006958008,0.08856979012489319,0.9001325368881226,0.9441237449645996,6.276918888092041,5.932926654815674,610.0,0.25542259216308594,,,,,,,,,,,,
4,,,17149,2.0,0.9580000042915344,0.7592378854751587,0.08673174679279327,0.8166693449020386,0.7212516069412231,6.553876876831055,5.3831562995910645,515.0,1.0839887857437134,,,,,,,,,,,,
4,,,17159,2.0,0.9645000100135803,0.9273906946182251,0.074547179043293,0.9397821426391602,0.9160023927688599,4.858326435089111,4.338634014129639,909.0,0.44514527916908264,,,,,,,,,,,,
4,,,17169,2.0,0.9822999835014343,0.911124050617218,0.04070402309298515,0.9190530776977539,0.9035283327102661,7.326531410217285,5.89557409286499,318.0,1.3902531862258911,,,,,,,,,,,,
4,,,17179,2.0,0.9800000190734863,0.9481405019760132,0.04701392352581024,0.9657702445983887,0.9321833252906799,4.615818977355957,4.261862277984619,933.0,0.30694299936294556,,,,,,,,,,,,
4,,,17189,2.0,0.9868999719619751,0.8890687823295593,0.033358559012413025,0.8385558128356934,0.959181547164917,5.477966785430908,5.0624237060546875,225.0,0.3821846842765808,,,,,,,,,,,,
4,,,17199,2.0,0.9779999852180481,0.8594621419906616,0.0463046170771122,0.8296172618865967,0.8960586190223694,5.985274314880371,5.09126615524292,208.0,0.8477036356925964,,,,,,,,,,,,
4,,,17209,2.0,0.970300018787384,0.9549837112426758,0.0986693948507309,0.9672724008560181,0.9439032077789307,7.244297027587891,6.756319046020508,2051.0,0.3893083930015564,,,,,,,,,,,,
4,,,17219,2.0,0.9775000214576721,0.9411066770553589,0.059378497302532196,0.9541202783584595,0.9290399551391602,7.341569423675537,7.217708110809326,897.0,0.0644829049706459,,,,,,,,,,,,
4,,,17229,2.0,0.9803000092506409,0.9442594647407532,0.04958300292491913,0.9557472467422485,0.9334903955459595,4.688763618469238,4.408373832702637,822.0,0.23080694675445557,,,,,,,,,,,,
4,,,17239,2.0,0.9840999841690063,0.622742772102356,0.07584176957607269,0.7579213380813599,0.5821135640144348,8.188274383544922,5.174487590789795,125.0,2.9379448890686035,,,,,,,,,,,,
4,,,17249,2.0,0.9751999974250793,0.9570175409317017,0.05350027605891228,0.9599339962005615,0.9541635513305664,5.621504783630371,4.9237961769104,1637.0,0.6442083716392517,,,,,,,,,,,,
4,,,17259,2.0,0.9901999831199646,0.9152599573135376,0.026173995807766914,0.9125772714614868,0.9179803133010864,5.81677770614624,5.12408447265625,242.0,0.666519045829773,,,,,,,,,,,,
4,,,17269,2.0,0.9847999811172485,0.8965726494789124,0.038360364735126495,0.8664315938949585,0.9327483177185059,5.495287895202637,4.657530307769775,214.0,0.7993969321250916,,,,,,,,,,,,
4,,,17279,2.0,0.9613000154495239,0.9255611300468445,0.0974537581205368,0.9125131368637085,0.9400179386138916,6.733879566192627,5.833830833435059,1125.0,0.802595317363739,,,,,,,,,,,,
4,,,17289,2.0,0.9868000149726868,0.9772248268127441,0.03359965234994888,0.987402081489563,0.9677377939224243,4.811297416687012,4.277026176452637,963.0,0.5006712079048157,,,,,,,,,,,,
4,,,17299,2.0,0.9710000157356262,0.8892179727554321,0.062329791486263275,0.8836931586265564,0.8949381113052368,6.7679829597473145,6.103132247924805,402.0,0.6025210022926331,,,,,,,,,,,,
4,,,17309,2.0,0.9861999750137329,0.8637655973434448,0.03153573349118233,0.8251491785049438,0.9136918783187866,4.369865417480469,3.8880763053894043,128.0,0.4502536952495575,,,,,,,,,,,,
4,,,17319,2.0,0.9800000190734863,0.9576839208602905,0.050829265266656876,0.9599506258964539,0.9554497599601746,4.522736549377441,4.259444713592529,733.0,0.21246251463890076,,,,,,,,,,,,
4,,,17329,2.0,0.968999981880188,0.9509521722793579,0.06506624072790146,0.9535776972770691,0.9483836889266968,5.558226108551025,3.838489532470703,1782.0,1.654670238494873,,,,,,,,,,,,
4,,,17339,2.0,0.9918000102043152,0.9730656147003174,0.01932843029499054,0.9772576093673706,0.9689627885818481,3.9020426273345947,3.5685019493103027,785.0,0.31421229243278503,,,,,,,,,,,,
4,,,17349,2.0,0.9883000254631042,0.9188570976257324,0.028902370482683182,0.8806514739990234,0.9665719270706177,5.3593244552612305,5.028041362762451,244.0,0.30238068103790283,,,,,,,,,,,,
4,,,17359,2.0,0.989300012588501,0.9730510711669922,0.02529529109597206,0.9684852957725525,0.9777380228042603,4.322671413421631,4.104135990142822,1029.0,0.19324029982089996,,,,,,,,,,,,
4,,,17369,2.0,0.9901000261306763,0.8872231841087341,0.021986493840813637,0.9315985441207886,0.8514895439147949,4.748576641082764,4.329061031341553,177.0,0.39752912521362305,,,,,,,,,,,,
4,,,17379,2.0,0.9891999959945679,0.9690895080566406,0.030910184606909752,0.9730298519134521,0.9652320146560669,6.604761600494385,5.964407444000244,852.0,0.609444260597229,,,,,,,,,,,,
4,,,17389,2.0,0.9902999997138977,0.9561470746994019,0.02947428822517395,0.9472517967224121,0.9654595851898193,5.4402875900268555,5.000068664550781,451.0,0.4107447564601898,,,,,,,,,,,,
4,,,17399,2.0,0.965399980545044,0.926110565662384,0.08339804410934448,0.9237414598464966,0.9285193085670471,4.623194694519043,4.248291015625,943.0,0.2915057837963104,,,,,,,,,,,,
4,,,17409,2.0,0.984499990940094,0.9743047952651978,0.03503246605396271,0.9730232954025269,0.9755988121032715,4.74656867980957,4.211300849914551,1735.0,0.5002357959747314,,,,,,,,,,,,
4,,,17419,2.0,0.9667999744415283,0.8644006848335266,0.06717558950185776,0.8593134880065918,0.8696630001068115,8.439770698547363,6.115606307983398,502.0,2.256989002227783,,,,,,,,,,,,
4,,,17429,2.0,0.98580002784729,0.8925231695175171,0.04025398567318916,0.8870712518692017,0.8981446027755737,5.222551345825195,4.695225238800049,256.0,0.48707184195518494,,,,,,,,,,,,
4,,,17439,2.0,0.9294000267982483,0.8817980289459229,0.15005041658878326,0.9208515882492065,0.8535267114639282,8.470868110656738,8.070590019226074,1956.0,0.2502281665802002,,,,,,,,,,,,
4,,,17449,2.0,0.9790999889373779,0.7052052617073059,0.044565923511981964,0.6524723768234253,0.8218358755111694,5.240596294403076,5.17101526260376,83.0,0.025014951825141907,,,,,,,,,,,,
4,,,17459,2.0,0.9753999710083008,0.9658308625221252,0.05888283625245094,0.9778668880462646,0.9550904631614685,4.511475086212158,4.261225700378418,1237.0,0.19136659801006317,,,,,,,,,,,,
4,,,17469,2.0,0.9897000193595886,0.9690083265304565,0.024987660348415375,0.9734420776367188,0.9646775722503662,3.9944396018981934,3.4881088733673096,825.0,0.4813431203365326,,,,,,,,,,,,
4,,,17479,2.0,0.974399983882904,0.9652469158172607,0.06557557731866837,0.9660280346870422,0.9644721746444702,5.611330509185791,4.758756160736084,1968.0,0.7869986891746521,,,,,,,,,,,,
4,,,17489,2.0,0.9729999899864197,0.7314432859420776,0.05512506142258644,0.7821730375289917,0.6971009373664856,5.682519435882568,5.2714924812316895,163.0,0.3559017777442932,,,,,,,,,,,,
4,,,17499,2.0,0.974399983882904,0.969917893409729,0.07749862968921661,0.9736075401306152,0.966443657875061,6.465055465698242,5.890804290771484,2244.0,0.49675261974334717,,,,,,,,,,,,
4,,,17509,2.0,0.9824000000953674,0.9567346572875977,0.04095400497317314,0.9509556889533997,0.9627194404602051,4.7898054122924805,4.5752739906311035,939.0,0.173577219247818,,,,,,,,,,,,
4,,,17519,2.0,0.9904000163078308,0.9768378138542175,0.025898797437548637,0.9740432500839233,0.9796777963638306,4.578095436096191,4.335582733154297,945.0,0.2166135609149933,,,,,,,,,,,,
4,,,17529,2.0,0.9412000179290771,0.8442296981811523,0.12506790459156036,0.8260950446128845,0.8654295206069946,7.609672546386719,7.078674793243408,948.0,0.4059298038482666,,,,,,,,,,,,
4,,,17539,2.0,0.9753999710083008,0.8740985989570618,0.06003684177994728,0.8992377519607544,0.852304220199585,6.443013668060303,5.977035999298096,302.0,0.4059412181377411,,,,,,,,,,,,
4,,,17549,2.0,0.982699990272522,0.898608386516571,0.041216328740119934,0.8835309743881226,0.9150760173797607,6.126540184020996,5.914524555206299,239.0,0.17079927027225494,,,,,,,,,,,,
4,,,17559,2.0,0.9891999959945679,0.8968536257743835,0.028951147571206093,0.8940064907073975,0.8997448682785034,5.668460845947266,5.37364387512207,161.0,0.2658657133579254,,,,,,,,,,,,
4,,,17569,2.0,0.9886999726295471,0.9721478223800659,0.035402439534664154,0.96323162317276,0.9815436005592346,5.673749923706055,4.844809532165527,580.0,0.7935383319854736,,,,,,,,,,,,
4,,,17579,2.0,0.9843000173568726,0.8870516419410706,0.03486889973282814,0.9026978015899658,0.8726752996444702,6.687132835388184,4.968871593475342,244.0,1.6833922863006592,,,,,,,,,,,,
4,,,17589,2.0,0.9922000169754028,0.9257736206054688,0.037991441786289215,0.9368013739585876,0.915321946144104,5.237020492553711,4.766709804534912,184.0,0.4323192536830902,,,,,,,,,,,,
4,,,17599,2.0,0.9914000034332275,0.9144597053527832,0.0223922710865736,0.9866757988929749,0.8617467880249023,4.099577903747559,3.949113607406616,198.0,0.1280718594789505,,,,,,,,,,,,
4,,,17609,2.0,0.9653000235557556,0.8569531440734863,0.0799630731344223,0.9046689867973328,0.8207731246948242,6.749217987060547,6.39075231552124,594.0,0.2785026729106903,,,,,,,,,,,,
4,,,17619,2.0,0.9866999983787537,0.9332175254821777,0.036051008850336075,0.9391480684280396,0.9274654984474182,7.170374870300293,7.044323444366455,524.0,0.09000065922737122,,,,,,,,,,,,
4,,,17629,2.0,0.9599000215530396,0.8842137455940247,0.0904776006937027,0.8766977190971375,0.8921340703964233,6.748809814453125,6.119678497314453,629.0,0.5386538505554199,,,,,,,,,,,,
4,,,17639,2.0,0.9718999862670898,0.9624983072280884,0.06880012899637222,0.973426878452301,0.95274817943573,6.418381690979004,6.09524393081665,1861.0,0.2543375492095947,,,,,,,,,,,,
4,,,17649,2.0,0.9787999987602234,0.870631217956543,0.052941326051950455,0.9073537588119507,0.8405550718307495,5.289627552032471,4.992724418640137,352.0,0.24396197497844696,,,,,,,,,,,,
4,,,17659,2.0,0.9800000190734863,0.9017788767814636,0.059017956256866455,0.8875871300697327,0.9172178506851196,6.125115871429443,5.650736331939697,406.0,0.4153614640235901,,,,,,,,,,,,
4,,,17669,2.0,0.9836999773979187,0.9096612334251404,0.04201342165470123,0.946279764175415,0.8791618347167969,5.792518138885498,5.41949987411499,498.0,0.3310047686100006,,,,,,,,,,,,
4,,,17679,2.0,0.9366000294685364,0.7167606949806213,0.1416248381137848,0.7403334379196167,0.6981916427612305,7.0567121505737305,6.829866886138916,519.0,0.08522053807973862,,,,,,,,,,,,
4,,,17689,2.0,0.988099992275238,0.8204161524772644,0.027411147952079773,0.8768072128295898,0.7791942358016968,5.0737385749816895,4.7670578956604,150.0,0.27926960587501526,,,,,,,,,,,,
4,,,17699,2.0,0.9739999771118164,0.8764200210571289,0.056281231343746185,0.8952504396438599,0.8595403432846069,6.434059143066406,6.100368022918701,393.0,0.27741000056266785,,,,,,,,,,,,
4,,,17709,2.0,0.9818000197410583,0.9023584127426147,0.042595867067575455,0.9229494333267212,0.883899450302124,5.70185661315918,5.490569591522217,451.0,0.16869135200977325,,,,,,,,,,,,
4,,,17719,2.0,0.996399998664856,0.849094569683075,0.013964865356683731,0.9359927773475647,0.7913644909858704,4.961514949798584,4.09318208694458,41.0,0.854368269443512,,,,,,,,,,,,
4,,,17729,2.0,0.9914000034332275,0.9212753772735596,0.021763719618320465,0.9169556498527527,0.9256917834281921,4.873678207397461,4.619832992553711,217.0,0.23208145797252655,,,,,,,,,,,,
4,,,17739,2.0,0.9686999917030334,0.9449156522750854,0.10447928309440613,0.9336001873016357,0.9573016166687012,7.188338279724121,6.358188152313232,1492.0,0.7256706953048706,,,,,,,,,,,,
4,,,17749,2.0,0.9850000143051147,0.9712624549865723,0.038552530109882355,0.9794687032699585,0.9634798169136047,4.4110798835754395,3.9679787158966064,1452.0,0.40454843640327454,,,,,,,,,,,,
4,,,17759,2.0,0.9735999703407288,0.8018597960472107,0.08538321405649185,0.8880883455276489,0.7489538192749023,5.636867046356201,5.172693252563477,321.0,0.37879031896591187,,,,,,,,,,,,
4,,,17769,2.0,0.9373000264167786,0.8832228183746338,0.18295857310295105,0.9099220037460327,0.8615640997886658,7.269711971282959,6.617002487182617,1375.0,0.4697507619857788,,,,,,,,,,,,
4,,,17779,2.0,0.9889000058174133,0.9139208793640137,0.0418785959482193,0.9587457180023193,0.8776047229766846,5.156180381774902,4.814061164855957,201.0,0.30024075508117676,,,,,,,,,,,,
4,,,17789,2.0,0.9925000071525574,0.8510419726371765,0.01890997588634491,0.8727226853370667,0.831812858581543,5.461188793182373,5.134950637817383,88.0,0.3073282837867737,,,,,,,,,,,,
4,,,17799,2.0,0.9872000217437744,0.9115686416625977,0.030201464891433716,0.9422768354415894,0.8851690888404846,6.009144306182861,5.682458877563477,287.0,0.2964838147163391,,,,,,,,,,,,
4,,,17809,2.0,0.9657999873161316,0.8997964859008789,0.07279098033905029,0.8979067802429199,0.9017096161842346,5.8943586349487305,5.668094635009766,508.0,0.15347295999526978,,,,,,,,,,,,
4,,,17819,2.0,0.9722999930381775,0.9134914875030518,0.06312879174947739,0.8936929702758789,0.9360074996948242,5.742097854614258,5.021674633026123,531.0,0.657294511795044,,,,,,,,,,,,
4,,,17829,2.0,0.9767000079154968,0.9567139744758606,0.05909520760178566,0.9534091949462891,0.9600976705551147,4.590728759765625,4.347107887268066,1070.0,0.18452565371990204,,,,,,,,,,,,
4,,,17839,2.0,0.9807999730110168,0.9735097885131836,0.051616545766592026,0.9825260043144226,0.9652354717254639,6.693376064300537,6.374120235443115,2299.0,0.26763901114463806,,,,,,,,,,,,
4,,,17849,2.0,0.9760000109672546,0.9327950477600098,0.05054138973355293,0.9547403454780579,0.9134050607681274,5.301484107971191,5.161128997802734,728.0,0.08981358259916306,,,,,,,,,,,,
4,,,17859,2.0,0.9835000038146973,0.8471086025238037,0.038084931671619415,0.8984674215316772,0.8081350326538086,5.890779495239258,5.33343505859375,271.0,0.5192592740058899,,,,,,,,,,,,
4,,,17869,2.0,0.9763000011444092,0.940588116645813,0.0566965751349926,0.9539569020271301,0.9282345771789551,4.997098922729492,4.4340105056762695,944.0,0.506392240524292,,,,,,,,,,,,
4,,,17879,2.0,0.9846000075340271,0.9742603302001953,0.04926963895559311,0.9791710376739502,0.9695227742195129,5.929108142852783,4.540165424346924,1700.0,1.3396730422973633,,,,,,,,,,,,
4,,,17889,2.0,0.9205999970436096,0.8815445899963379,0.14694282412528992,0.9033337831497192,0.8640999794006348,6.732414722442627,6.131506443023682,1428.0,0.4539656937122345,,,,,,,,,,,,
4,,,17899,2.0,0.9790999889373779,0.9598419666290283,0.052751775830984116,0.9672428369522095,0.9527963399887085,6.154626369476318,5.810351371765137,797.0,0.2915235161781311,,,,,,,,,,,,
4,,,17909,2.0,0.9735000133514404,0.8813310861587524,0.0595594123005867,0.8994325399398804,0.8650338649749756,6.479495525360107,5.933937072753906,513.0,0.48599910736083984,,,,,,,,,,,,
4,,,17919,2.0,0.9894000291824341,0.980968713760376,0.02859962172806263,0.9818911552429199,0.9800518751144409,4.505417823791504,4.064901351928711,1634.0,0.41191673278808594,,,,,,,,,,,,
4,,,17929,2.0,0.9538999795913696,0.881664514541626,0.11308640241622925,0.9032512903213501,0.8629721999168396,7.282098770141602,6.963925361633301,1056.0,0.20508703589439392,,,,,,,,,,,,
4,,,17939,2.0,0.9696000218391418,0.9424276351928711,0.06986936181783676,0.9390165209770203,0.9459248185157776,4.435520648956299,4.177351951599121,1138.0,0.18829935789108276,,,,,,,,,,,,
4,,,17949,2.0,0.9811000227928162,0.8191670179367065,0.04406566172838211,0.7972279787063599,0.844910204410553,5.1491827964782715,4.424180030822754,164.0,0.6809374690055847,,,,,,,,,,,,
4,,,17959,2.0,0.9890999794006348,0.8819869756698608,0.030490316450595856,0.8497087955474854,0.9212994575500488,4.418454647064209,4.162386417388916,192.0,0.22557763755321503,,,,,,,,,,,,
4,,,17969,2.0,0.9861999750137329,0.9041699171066284,0.03572147339582443,0.9041699171066284,0.9041699171066284,5.777836799621582,4.894865036010742,224.0,0.8472505211830139,,,,,,,,,,,,
4,,,17979,2.0,0.9771000146865845,0.9441912174224854,0.053038232028484344,0.9511533975601196,0.9375156164169312,5.595037460327148,5.16846227645874,880.0,0.3735370337963104,,,,,,,,,,,,
4,,,17989,2.0,0.9898999929428101,0.9721055030822754,0.06458540260791779,0.9765322804450989,0.9677833914756775,4.055328845977783,3.845832109451294,982.0,0.1449112594127655,,,,,,,,,,,,
4,,,17999,2.0,0.9850000143051147,0.9528382420539856,0.0529203861951828,0.9711086750030518,0.9362362623214722,5.012577056884766,4.67802095413208,830.0,0.2816357910633087,,,,,,,,,,,,
4,,,18009,2.0,0.9642000198364258,0.9052395224571228,0.09216363728046417,0.8913595080375671,0.9205214977264404,6.221805095672607,5.39827823638916,911.0,0.7313633561134338,,,,,,,,,,,,
4,,,18019,2.0,0.9873999953269958,0.9822242259979248,0.031540267169475555,0.9864150881767273,0.978190541267395,4.4257354736328125,4.174903392791748,1371.0,0.21929170191287994,,,,,,,,,,,,
4,,,18029,2.0,0.9884999990463257,0.9515477418899536,0.027143998071551323,0.9434150457382202,0.9600363969802856,4.8839616775512695,4.6670403480529785,347.0,0.18977749347686768,,,,,,,,,,,,
4,,,18039,2.0,0.9750000238418579,0.9572653770446777,0.053944434970617294,0.9562622308731079,0.9582763314247131,6.510772228240967,4.000436305999756,1627.0,2.4563913345336914,,,,,,,,,,,,
4,,,18049,2.0,0.9925000071525574,0.7909255623817444,0.022311147302389145,0.9695940017700195,0.7118480801582336,5.94351053237915,4.958655834197998,67.0,0.9625436067581177,,,,,,,,,,,,
4,,,18059,2.0,0.9660000205039978,0.9528849720954895,0.08003052324056625,0.9570797681808472,0.9488661885261536,6.565993785858154,6.171071529388428,1922.0,0.31489190459251404,,,,,,,,,,,,
4,,,18069,2.0,0.9775000214576721,0.942703127861023,0.05725972354412079,0.9277792572975159,0.9591144323348999,7.338859558105469,5.1575798988342285,858.0,2.1240203380584717,,,,,,,,,,,,
4,,,18079,2.0,0.9898999929428101,0.9352524280548096,0.02561788260936737,0.9740804433822632,0.9027912020683289,5.205216407775879,4.836543560028076,386.0,0.34305495023727417,,,,,,,,,,,,
4,,,18089,2.0,0.953499972820282,0.88735032081604,0.11220227181911469,0.8638401627540588,0.9156876802444458,7.591553688049316,5.903040885925293,587.0,1.576310634613037,,,,,,,,,,,,
4,,,18099,2.0,0.9937000274658203,0.7750095725059509,0.016732653602957726,0.8125036358833313,0.7456762790679932,4.638114929199219,4.128157615661621,63.0,0.4932246208190918,,,,,,,,,,,,
4,,,18109,2.0,0.9821000099182129,0.9538295269012451,0.05272669717669487,0.9775227904319763,0.9330309629440308,4.472157001495361,3.9662814140319824,862.0,0.45314905047416687,,,,,,,,,,,,
4,,,18119,2.0,0.9491000175476074,0.8781359195709229,0.12557150423526764,0.9043442606925964,0.8562305569648743,6.827610969543457,6.1279802322387695,1079.0,0.574059009552002,,,,,,,,,,,,
4,,,18129,2.0,0.9890999794006348,0.8971986770629883,0.0279623344540596,0.9442551136016846,0.8596382141113281,5.775432109832764,5.578888893127441,268.0,0.16858084499835968,,,,,,,,,,,,
4,,,18139,2.0,0.9819999933242798,0.865655243396759,0.03975836932659149,0.9605984687805176,0.8050650954246521,6.601109981536865,6.103940010070801,357.0,0.4574117362499237,,,,,,,,,,,,
4,,,18149,2.0,0.9822999835014343,0.7769650220870972,0.04162972420454025,0.7416660189628601,0.8253412246704102,5.545277118682861,5.266952037811279,133.0,0.23669518530368805,,,,,,,,,,,,
4,,,18159,2.0,0.961899995803833,0.9092453718185425,0.10828278958797455,0.8915435075759888,0.9293909668922424,6.394285678863525,5.699134826660156,1015.0,0.5868683457374573,,,,,,,,,,,,
4,,,18169,2.0,0.9715999960899353,0.934907078742981,0.07835479825735092,0.9658303260803223,0.9091689586639404,4.810703754425049,4.515023231506348,1069.0,0.2173255831003189,,,,,,,,,,,,
4,,,18179,2.0,0.9697999954223633,0.8983457088470459,0.06869316101074219,0.8913089036941528,0.9057044982910156,7.184810638427734,6.72682523727417,547.0,0.38929229974746704,,,,,,,,,,,,
4,,,18189,2.0,0.9574000239372253,0.8312649726867676,0.09429804980754852,0.8317195177078247,0.8308119773864746,6.185694694519043,5.870651721954346,533.0,0.22074531018733978,,,,,,,,,,,,
4,,,18199,2.0,0.9728999733924866,0.9465541839599609,0.07331404089927673,0.9489229917526245,0.9442235231399536,6.5883378982543945,6.143780708312988,1006.0,0.3712429106235504,,,,,,,,,,,,
4,,,18209,2.0,0.9812999963760376,0.9706987142562866,0.039693739265203476,0.9671141505241394,0.9743907451629639,5.413225173950195,4.028825759887695,1758.0,1.3447058200836182,,,,,,,,,,,,
4,,,18219,2.0,0.9926999807357788,0.8165644407272339,0.016529696062207222,0.7724924087524414,0.8782799243927002,4.805216312408447,4.530780792236328,51.0,0.2579059898853302,,,,,,,,,,,,
4,,,18229,2.0,0.9656000137329102,0.8691049814224243,0.08003845065832138,0.8399168252944946,0.9052016735076904,6.92420768737793,6.244837760925293,513.0,0.5993316173553467,,,,,,,,,,,,
4,,,18239,2.0,0.9688000082969666,0.9548681974411011,0.07516317069530487,0.9504321813583374,0.9595008492469788,7.809453964233398,6.081870079040527,1706.0,1.6524207592010498,,,,,,,,,,,,
4,,,18249,2.0,0.967199981212616,0.9035311937332153,0.07610476016998291,0.9429768323898315,0.872024655342102,6.566705226898193,5.830460548400879,606.0,0.6601398587226868,,,,,,,,,,,,
4,,,18259,2.0,0.9830999970436096,0.8998833894729614,0.04602619633078575,0.9011839032173157,0.8985921740531921,5.497947692871094,5.140635013580322,245.0,0.3112863004207611,,,,,,,,,,,,
4,,,18269,2.0,0.9847000241279602,0.9738866686820984,0.03243125602602959,0.9686792492866516,0.9792995452880859,4.75996732711792,4.514843463897705,1200.0,0.21269281208515167,,,,,,,,,,,,
4,,,18279,2.0,0.9689000248908997,0.6345808506011963,0.07066569477319717,0.6491363644599915,0.6228430867195129,5.305761337280273,5.153956890106201,170.0,0.08113865554332733,,,,,,,,,,,,
4,,,18289,2.0,0.9200999736785889,0.7064878344535828,0.2007707953453064,0.8460260629653931,0.6567215919494629,7.0040998458862305,6.402151107788086,768.0,0.4011779725551605,,,,,,,,,,,,
4,,,18299,2.0,0.9864000082015991,0.9811429977416992,0.037000324577093124,0.9861931204795837,0.9763272404670715,5.585461139678955,4.404370307922363,1529.0,1.1440905332565308,,,,,,,,,,,,
4,,,18309,2.0,0.9524000287055969,0.922426700592041,0.10944521427154541,0.9264329671859741,0.9185575246810913,4.99434232711792,4.329096794128418,983.0,0.5558005571365356,,,,,,,,,,,,
4,,,18319,2.0,0.9930999875068665,0.9265068769454956,0.01639784313738346,0.9653699398040771,0.8939172029495239,6.144165992736816,5.924649238586426,201.0,0.20311890542507172,,,,,,,,,,,,
4,,,18329,2.0,0.9886000156402588,0.9156180620193481,0.03656644746661186,0.9323384761810303,0.9002413153648376,5.853231906890869,5.459718227386475,336.0,0.3569473922252655,,,,,,,,,,,,
4,,,18339,2.0,0.9467999935150146,0.8638215065002441,0.1133732795715332,0.887221097946167,0.8439517021179199,8.241379737854004,6.7623395919799805,658.0,1.3656669855117798,,,,,,,,,,,,
4,,,18349,2.0,0.9707000255584717,0.9262053966522217,0.07101012766361237,0.9129573702812195,0.9406747817993164,5.701048374176025,4.9811692237854,766.0,0.648868978023529,,,,,,,,,,,,
4,,,18359,2.0,0.9797000288963318,0.9555777311325073,0.07164962589740753,0.9387565851211548,0.974402904510498,8.024808883666992,5.124825477600098,1158.0,2.828334331512451,,,,,,,,,,,,
4,,,18369,2.0,0.9390000104904175,0.7144004106521606,0.11772008240222931,0.7161991000175476,0.7126380205154419,8.31308364868164,7.602965831756592,297.0,0.5923974514007568,,,,,,,,,,,,
4,,,18379,2.0,0.989799976348877,0.9298895001411438,0.026337256655097008,0.8987128734588623,0.9669341444969177,7.609376430511475,4.995855808258057,250.0,2.5871834754943848,,,,,,,,,,,,
4,,,18389,2.0,0.9708999991416931,0.8886165618896484,0.08499711751937866,0.8994503021240234,0.8784635066986084,6.716785430908203,6.288235187530518,647.0,0.3435528874397278,,,,,,,,,,,,
4,,,18399,2.0,0.9850999712944031,0.9240909814834595,0.03865519538521767,0.9340324997901917,0.9146510362625122,6.731616020202637,6.215329170227051,510.0,0.4776316285133362,,,,,,,,,,,,
4,,,18409,2.0,0.9794999957084656,0.9001109600067139,0.04933886229991913,0.8758602142333984,0.9282712936401367,15.446341514587402,4.820433139801025,405.0,10.576569557189941,,,,,,,,,,,,
4,,,18419,2.0,0.968500018119812,0.8884645700454712,0.0711260586977005,0.8854638934135437,0.8915232419967651,7.009548664093018,6.702224254608154,526.0,0.23619849979877472,,,,,,,,,,,,
4,,,18429,2.0,0.9855999946594238,0.9273676872253418,0.03344724699854851,0.9352494478225708,0.9198024272918701,5.081067085266113,4.895356178283691,472.0,0.15226347744464874,,,,,,,,,,,,
4,,,18439,2.0,0.984000027179718,0.9261907339096069,0.03954796865582466,0.8967381715774536,0.9612120389938354,4.894136905670166,4.458158493041992,316.0,0.39643046259880066,,,,,,,,,,,,
4,,,18449,2.0,0.9811000227928162,0.969230055809021,0.04498659074306488,0.965029776096344,0.9735718965530396,5.213101863861084,4.693220615386963,1732.0,0.4748946726322174,,,,,,,,,,,,
4,,,18459,2.0,0.9890999794006348,0.9189843535423279,0.02637469209730625,0.9537079334259033,0.8895547389984131,6.675267696380615,5.820008754730225,300.0,0.8288843035697937,,,,,,,,,,,,
4,,,18469,2.0,0.9729999899864197,0.9482998847961426,0.07809177041053772,0.9274432063102722,0.9727486371994019,4.805907249450684,4.422733783721924,765.0,0.3050820827484131,,,,,,,,,,,,
4,,,18479,2.0,0.9778000116348267,0.9501095414161682,0.05448766425251961,0.9498084187507629,0.950411319732666,4.847366809844971,4.349069118499756,898.0,0.4438101351261139,,,,,,,,,,,,
4,,,18489,2.0,0.968500018119812,0.8521498441696167,0.0655437707901001,0.8113884329795837,0.9079492688179016,7.1425957679748535,6.575985431671143,457.0,0.5010667443275452,,,,,,,,,,,,
4,,,18499,2.0,0.9674999713897705,0.834426760673523,0.07412450760602951,0.8751286268234253,0.8026418685913086,7.812706470489502,6.169915676116943,329.0,1.5686665773391724,,,,,,,,,,,,
4,,,18509,2.0,0.9836999773979187,0.9163470268249512,0.04057356342673302,0.9221903085708618,0.9106839895248413,4.404685974121094,4.151098728179932,417.0,0.2130136489868164,,,,,,,,,,,,
4,,,18519,2.0,0.9717000126838684,0.9234561920166016,0.07056596130132675,0.8963548541069031,0.9560686945915222,5.974410533905029,5.794997692108154,765.0,0.10884658992290497,,,,,,,,,,,,
4,,,18529,2.0,0.958899974822998,0.8471004962921143,0.0835537239909172,0.819439709186554,0.8814694285392761,6.662647247314453,6.14274787902832,440.0,0.43634551763534546,,,,,,,,,,,,
4,,,18539,2.0,0.9749000072479248,0.8559659123420715,0.05208635702729225,0.7901719808578491,0.9687806963920593,7.931078910827637,7.669137477874756,173.0,0.20985527336597443,,,,,,,,,,,,
4,,,18549,2.0,0.9930999875068665,0.9411963820457458,0.01931149698793888,0.9627551436424255,0.921680212020874,5.818893909454346,5.431445121765137,273.0,0.3681372106075287,,,,,,,,,,,,
4,,,18559,2.0,0.9854999780654907,0.89192795753479,0.04227026551961899,0.9310871958732605,0.8597630858421326,5.893387794494629,4.510578155517578,252.0,1.3405393362045288,,,,,,,,,,,,
4,,,18569,2.0,0.9368000030517578,0.8089919090270996,0.13380968570709229,0.9209674596786499,0.7519730925559998,7.307015419006348,6.90571403503418,903.0,0.26749157905578613,,,,,,,,,,,,
4,,,18579,2.0,0.9918000102043152,0.920535683631897,0.02048700675368309,0.957676887512207,0.889265775680542,5.61144495010376,5.224522590637207,226.0,0.36643561720848083,,,,,,,,,,,,
4,,,18589,2.0,0.9789000153541565,0.8842195272445679,0.04622397944331169,0.913616418838501,0.8591508269309998,6.810344219207764,6.467646598815918,445.0,0.29647356271743774,,,,,,,,,,,,
4,,,18599,2.0,0.9944999814033508,0.9842803478240967,0.017487287521362305,0.979215145111084,0.9894841909408569,5.881276607513428,5.611110687255859,921.0,0.2526783049106598,,,,,,,,,,,,
4,,,18609,2.0,0.9754999876022339,0.9657931327819824,0.06624142080545425,0.969676673412323,0.9620535969734192,5.717526912689209,5.424408435821533,1569.0,0.22687704861164093,,,,,,,,,,,,
4,,,18619,2.0,0.9750000238418579,0.9020495414733887,0.061176884919404984,0.8850163221359253,0.9209968447685242,6.397181987762451,6.2083635330200195,545.0,0.12764182686805725,,,,,,,,,,,,
4,,,18629,2.0,0.98089998960495,0.9652829170227051,0.05636081099510193,0.966536283493042,0.9640404582023621,6.5469231605529785,4.90726900100708,1529.0,1.5832935571670532,,,,,,,,,,,,
4,,,18639,2.0,0.9843999743461609,0.9619675874710083,0.05021032318472862,0.952877402305603,0.9715725183486938,5.33753776550293,4.507105827331543,710.0,0.7802212834358215,,,,,,,,,,,,
4,,,18649,2.0,0.9927999973297119,0.9024208784103394,0.02460949867963791,0.9417483806610107,0.8697618246078491,4.887033462524414,4.590032577514648,112.0,0.27239125967025757,,,,,,,,,,,,
4,,,18659,2.0,0.9861999750137329,0.964871883392334,0.03916516900062561,0.9731789231300354,0.9569432735443115,6.987577438354492,6.292078971862793,595.0,0.6563336253166199,,,,,,,,,,,,
4,,,18669,2.0,0.989300012588501,0.9688422679901123,0.02871546894311905,0.9772136211395264,0.9608341455459595,4.016049861907959,3.6737124919891357,914.0,0.3136219382286072,,,,,,,,,,,,
4,,,18679,2.0,0.9932000041007996,0.9580358266830444,0.018764199689030647,0.9654091000556946,0.9509149193763733,5.764355659484863,5.4187140464782715,400.0,0.3268773555755615,,,,,,,,,,,,
4,,,18689,2.0,0.960099995136261,0.7631181478500366,0.1059778705239296,0.8359345197677612,0.7185876965522766,9.230493545532227,8.899715423583984,387.0,0.22480040788650513,,,,,,,,,,,,
4,,,18699,2.0,0.9851999878883362,0.9226909279823303,0.06143848970532417,0.8927503228187561,0.9583337306976318,6.1262359619140625,5.604389667510986,352.0,0.46040767431259155,,,,,,,,,,,,
4,,,18709,2.0,0.9686999917030334,0.8720700740814209,0.07476199418306351,0.9031380414962769,0.8461525440216064,6.156425476074219,5.674858093261719,436.0,0.4068056344985962,,,,,,,,,,,,
4,,,18719,2.0,0.9819999933242798,0.9564744234085083,0.04189387336373329,0.9564744234085083,0.9564744234085083,4.78556489944458,4.486171245574951,1052.0,0.25749990344047546,,,,,,,,,,,,
4,,,18729,2.0,0.9902999997138977,0.9119663238525391,0.029481960460543633,0.8767298460006714,0.9550845623016357,5.211627960205078,5.008847713470459,211.0,0.17329828441143036,,,,,,,,,,,,
4,,,18739,2.0,0.9455000162124634,0.9259830713272095,0.1149938628077507,0.9404521584510803,0.913630485534668,5.570423126220703,4.986358642578125,1776.0,0.4690704643726349,,,,,,,,,,,,
4,,,18749,2.0,0.9851999878883362,0.9238346815109253,0.0369834303855896,0.9003527164459229,0.9506827592849731,6.437859535217285,5.101450443267822,348.0,1.2994258403778076,,,,,,,,,,,,
4,,,18759,2.0,0.9811000227928162,0.9546504020690918,0.0434204526245594,0.9457343816757202,0.9640747308731079,5.248198986053467,4.289198398590088,988.0,0.915580153465271,,,,,,,,,,,,
4,,,18769,2.0,0.9883999824523926,0.899038553237915,0.036325227469205856,0.907049298286438,0.8913587331771851,5.6679158210754395,5.307651519775391,221.0,0.32393878698349,,,,,,,,,,,,
4,,,18779,2.0,0.9898999929428101,0.9004784822463989,0.022371450439095497,0.8938637971878052,0.9073339700698853,4.862183570861816,4.6111602783203125,185.0,0.22865211963653564,,,,,,,,,,,,
4,,,18789,2.0,0.9886000156402588,0.9373835325241089,0.02999250218272209,0.9313931465148926,0.9435632824897766,5.7430219650268555,5.472607135772705,416.0,0.24042215943336487,,,,,,,,,,,,
4,,,18799,2.0,0.9850000143051147,0.836585283279419,0.03464200347661972,0.842276930809021,0.8310911059379578,5.775228977203369,4.9093427658081055,123.0,0.8312441110610962,,,,,,,,,,,,
4,,,18809,2.0,0.983299970626831,0.963289737701416,0.0477677658200264,0.9455373287200928,0.9832339882850647,4.177276611328125,3.902552604675293,1233.0,0.22695615887641907,,,,,,,,,,,,
4,,,18819,2.0,0.9926000237464905,0.9742453098297119,0.01885257475078106,0.9759244918823242,0.9725803136825562,4.3664021492004395,3.9755475521087646,760.0,0.3720020651817322,,,,,,,,,,,,
4,,,18829,2.0,0.951200008392334,0.8869019746780396,0.1129208654165268,0.8907418251037598,0.8831683993339539,7.116323947906494,5.548377513885498,686.0,1.4550257921218872,,,,,,,,,,,,
4,,,18839,2.0,0.9453999996185303,0.8290411233901978,0.13900470733642578,0.9145636558532715,0.7779844403266907,6.99212121963501,6.541110038757324,700.0,0.3120065927505493,,,,,,,,,,,,
4,,,18849,2.0,0.968999981880188,0.9003535509109497,0.09233371913433075,0.899501383304596,0.9012104272842407,6.6162109375,5.2560906410217285,496.0,1.2677867412567139,,,,,,,,,,,,
4,,,18859,2.0,0.899399995803833,0.8465681076049805,0.20585590600967407,0.9119764566421509,0.8109042644500732,8.695595741271973,7.752593517303467,2376.0,0.7371466755867004,,,,,,,,,,,,
4,,,18869,2.0,0.9670000076293945,0.8760499954223633,0.08752374351024628,0.8955907225608826,0.858694314956665,6.297299861907959,5.836228370666504,565.0,0.3735474944114685,,,,,,,,,,,,
4,,,18879,2.0,0.9883999824523926,0.8819456696510315,0.026141183450818062,0.9106388688087463,0.8572037220001221,4.932050704956055,4.521236896514893,218.0,0.38467249274253845,,,,,,,,,,,,
4,,,18889,2.0,0.9890999794006348,0.9687021374702454,0.024459868669509888,0.9824509620666504,0.9559110403060913,5.233750343322754,4.841720104217529,906.0,0.36757057905197144,,,,,,,,,,,,
4,,,18899,2.0,0.9649999737739563,0.8823215961456299,0.08678203821182251,0.9131107330322266,0.8566734790802002,5.293902397155762,4.844789505004883,741.0,0.3623311221599579,,,,,,,,,,,,
4,,,18909,2.0,0.9771000146865845,0.9398118257522583,0.056086212396621704,0.9374630451202393,0.9421944618225098,5.660513401031494,4.795260429382324,888.0,0.8091668486595154,,,,,,,,,,,,
4,,,18919,2.0,0.9645000100135803,0.8410283923149109,0.0794278234243393,0.8334276676177979,0.8490500450134277,7.06031608581543,6.69529914855957,518.0,0.28558918833732605,,,,,,,,,,,,
4,,,18929,2.0,0.9492999911308289,0.8748445510864258,0.1051350086927414,0.883841872215271,0.866412878036499,6.933785438537598,6.557309627532959,863.0,0.27134063839912415,,,,,,,,,,,,
4,,,18939,2.0,0.9178000092506409,0.7851083278656006,0.17408350110054016,0.8646310567855835,0.7409344911575317,7.978793621063232,6.568787574768066,1098.0,1.2359222173690796,,,,,,,,,,,,
4,,,18949,2.0,0.989799976348877,0.9741382598876953,0.028782054781913757,0.9636093378067017,0.9853305220603943,4.625153541564941,4.43717098236084,991.0,0.1592007577419281,,,,,,,,,,,,
4,,,18959,2.0,0.953499972820282,0.8627785444259644,0.10404763370752335,0.8823307752609253,0.8456375598907471,5.884744644165039,5.426253318786621,519.0,0.35444343090057373,,,,,,,,,,,,
4,,,18969,2.0,0.953499972820282,0.7251248955726624,0.10560843348503113,0.7576466798782349,0.7007894515991211,6.751837730407715,6.325213432312012,454.0,0.32101577520370483,,,,,,,,,,,,
4,,,18979,2.0,0.9793000221252441,0.8688434958457947,0.04525560140609741,0.8568543195724487,0.8817653656005859,5.787677764892578,4.913760662078857,288.0,0.8286614418029785,,,,,,,,,,,,
4,,,18989,2.0,0.9370999932289124,0.8695886135101318,0.1476832926273346,0.8409178256988525,0.9073425531387329,6.831926345825195,6.19938850402832,1051.0,0.4848546087741852,,,,,,,,,,,,
4,,,18999,2.0,0.988099992275238,0.7672562599182129,0.030708791688084602,0.8259942531585693,0.7269302010536194,6.042020320892334,4.729564189910889,90.0,1.2817473411560059,,,,,,,,,,,,
4,,,19009,2.0,0.9581999778747559,0.8275604844093323,0.07918577641248703,0.7920554876327515,0.8755859732627869,7.004852771759033,6.547613143920898,333.0,0.37805378437042236,,,,,,,,,,,,
4,,,19019,2.0,0.9251000285148621,0.772844672203064,0.15004174411296844,0.7536336779594421,0.7965613603591919,7.643819808959961,7.359105110168457,459.0,0.13467325270175934,,,,,,,,,,,,
4,,,19029,2.0,0.9866999983787537,0.8991928696632385,0.03072592429816723,0.9020336866378784,0.8963953256607056,4.5290069580078125,4.144096374511719,200.0,0.35418468713760376,,,,,,,,,,,,
4,,,19039,2.0,0.9830999970436096,0.9724972248077393,0.04431425407528877,0.9804667234420776,0.9649887681007385,4.6943359375,4.090233325958252,1856.0,0.5597879886627197,,,,,,,,,,,,
4,,,19049,2.0,0.9868000149726868,0.8640856146812439,0.028763864189386368,0.8836663961410522,0.8465152978897095,5.947418689727783,5.740712642669678,194.0,0.1779421716928482,,,,,,,,,,,,
4,,,19059,2.0,0.9677000045776367,0.8670376539230347,0.07363486289978027,0.8804799914360046,0.8546727895736694,5.652609825134277,5.444089412689209,501.0,0.134885773062706,,,,,,,,,,,,
4,,,19069,2.0,0.9702000021934509,0.9432979822158813,0.07613688707351685,0.9661450386047363,0.9236685037612915,7.189864635467529,6.760182857513428,871.0,0.3535446226596832,,,,,,,,,,,,
4,,,19079,2.0,0.9915000200271606,0.8374691009521484,0.02202242985367775,0.9696458578109741,0.7644515633583069,5.603320598602295,5.017195224761963,101.0,0.5641033053398132,,,,,,,,,,,,
4,,,19089,2.0,0.9832000136375427,0.9388595819473267,0.04410148039460182,0.9102975130081177,0.9727234840393066,6.909836292266846,5.348825931549072,512.0,1.5169086456298828,,,,,,,,,,,,
4,,,19099,2.0,0.8955000042915344,0.8667183518409729,0.25214090943336487,0.8529641032218933,0.8847612738609314,7.581799030303955,6.261191368103027,1873.0,1.0684666633605957,,,,,,,,,,,,
4,,,19109,2.0,0.9765999913215637,0.9191293716430664,0.05407673493027687,0.9176702499389648,0.9206010103225708,6.799277305603027,6.414617538452148,647.0,0.33058294653892517,,,,,,,,,,,,
4,,,19119,2.0,0.9797000288963318,0.7537232637405396,0.04750347137451172,0.869949460029602,0.694951057434082,7.037651538848877,6.9408183097839355,205.0,0.04932958260178566,,,,,,,,,,,,
4,,,19129,2.0,0.9649999737739563,0.937340259552002,0.11822081357240677,0.9156479835510254,0.9633697271347046,14.348833084106445,5.195165634155273,1112.0,9.035447120666504,,,,,,,,,,,,
4,,,19139,2.0,0.9769999980926514,0.8839900493621826,0.05597740411758423,0.9053813219070435,0.8650139570236206,6.933104991912842,6.644149303436279,481.0,0.23297853767871857,,,,,,,,,,,,
4,,,19149,2.0,0.9664999842643738,0.8661162853240967,0.0773535966873169,0.8747127652168274,0.8579775094985962,5.938186168670654,5.687430381774902,509.0,0.17340251803398132,,,,,,,,,,,,
4,,,19159,2.0,0.9891999959945679,0.9769506454467773,0.027944760397076607,0.9836125373840332,0.9705482721328735,5.167684555053711,4.676921844482422,1180.0,0.4628180265426636,,,,,,,,,,,,
4,,,19169,2.0,0.9764000177383423,0.9079082608222961,0.06105225905776024,0.9282627105712891,0.8897174596786499,6.689045429229736,6.261097431182861,452.0,0.3668958842754364,,,,,,,,,,,,
4,,,19179,2.0,0.9847000241279602,0.6937544345855713,0.03503056615591049,0.6650444269180298,0.7353825569152832,4.793116569519043,4.555497169494629,56.0,0.20258904993534088,,,,,,,,,,,,
4,,,19189,2.0,0.9401000142097473,0.854346752166748,0.13498198986053467,0.846535325050354,0.8626803159713745,7.099161148071289,6.41148042678833,841.0,0.5526986122131348,,,,,,,,,,,,
4,,,19199,2.0,0.9897000193595886,0.9716780185699463,0.02334188111126423,0.9865342974662781,0.9579417109489441,4.484313011169434,3.7423465251922607,974.0,0.7186247110366821,,,,,,,,,,,,
4,,,19209,2.0,0.9751999974250793,0.9468399286270142,0.06284833699464798,0.9490951299667358,0.9446176290512085,6.305844306945801,6.071144104003906,1284.0,0.17185162007808685,,,,,,,,,,,,
4,,,19219,2.0,0.9458000063896179,0.9209598302841187,0.13446149230003357,0.9143189191818237,0.9280948042869568,6.640939235687256,6.027891635894775,1307.0,0.47858625650405884,,,,,,,,,,,,
4,,,19229,2.0,0.9760000109672546,0.9384183883666992,0.05728408321738243,0.9239762425422668,0.954261064529419,7.249411106109619,6.836259841918945,1023.0,0.3558672070503235,,,,,,,,,,,,
4,,,19239,2.0,0.975600004196167,0.9000588059425354,0.05852726474404335,0.9136911034584045,0.8874425888061523,6.090182304382324,5.693676948547363,476.0,0.33797794580459595,,,,,,,,,,,,
4,,,19249,2.0,0.9671000242233276,0.9223073720932007,0.07964424788951874,0.9302331209182739,0.9147775173187256,7.324199676513672,6.6365966796875,667.0,0.6079586744308472,,,,,,,,,,,,
4,,,19259,2.0,0.9745000004768372,0.9389482736587524,0.06543077528476715,0.9094723463058472,0.9751557111740112,5.168755531311035,4.777419567108154,745.0,0.3259051740169525,,,,,,,,,,,,
4,,,19269,2.0,0.940500020980835,0.8984928131103516,0.139332115650177,0.8775817155838013,0.924278736114502,6.899658203125,6.303953647613525,841.0,0.4563724398612976,,,,,,,,,,,,
4,,,19279,2.0,0.9606999754905701,0.8903946876525879,0.07601822912693024,0.915535569190979,0.868904709815979,4.645816802978516,4.258876800537109,678.0,0.3109217584133148,,,,,,,,,,,,
4,,,19289,2.0,0.9811000227928162,0.9323474764823914,0.04425543174147606,0.9537847638130188,0.9132053852081299,7.505553245544434,5.8880534172058105,748.0,1.573244571685791,,,,,,,,,,,,
4,,,19299,2.0,0.9681000113487244,0.8881211280822754,0.06994877755641937,0.8676803112030029,0.9115995764732361,7.433895587921143,6.192962646484375,512.0,1.170984148979187,,,,,,,,,,,,
4,,,19309,2.0,0.9776999950408936,0.9722703695297241,0.06364370137453079,0.9815753698348999,0.9639835357666016,5.256223678588867,4.675351619720459,1494.0,0.5172281861305237,,,,,,,,,,,,
4,,,19319,2.0,0.9776999950408936,0.9357300996780396,0.05410364270210266,0.9287726879119873,0.9429853558540344,6.773392200469971,6.552999019622803,909.0,0.166289284825325,,,,,,,,,,,,
4,,,19329,2.0,0.9699000120162964,0.9000900387763977,0.07967227697372437,0.8862813711166382,0.9151942133903503,5.560253620147705,5.225899696350098,688.0,0.2546815872192383,,,,,,,,,,,,
4,,,19339,2.0,0.98089998960495,0.9553433656692505,0.049467913806438446,0.9470244646072388,0.9641079902648926,6.814774513244629,5.8896002769470215,923.0,0.8757062554359436,,,,,,,,,,,,
4,,,19349,2.0,0.989300012588501,0.913512110710144,0.03568372130393982,0.9589875936508179,0.8767526149749756,6.262552738189697,5.214115619659424,304.0,1.0127533674240112,,,,,,,,,,,,
4,,,19359,2.0,0.9785000085830688,0.7427513003349304,0.04850846529006958,0.7158182263374329,0.7780683040618896,5.557357311248779,5.341254711151123,113.0,0.16759414970874786,,,,,,,,,,,,
4,,,19369,2.0,0.983299970626831,0.8876364231109619,0.039947353303432465,0.8881183862686157,0.8871557712554932,6.352917194366455,6.00256872177124,283.0,0.31040090322494507,,,,,,,,,,,,
4,,,19379,2.0,0.9846000075340271,0.9751038551330566,0.04483659192919731,0.9675531983375549,0.9831215143203735,5.121352195739746,4.711589336395264,1203.0,0.3649265766143799,,,,,,,,,,,,
4,,,19389,2.0,0.9876000285148621,0.9752634167671204,0.03187783807516098,0.970775842666626,0.9798831939697266,3.7934412956237793,3.6156864166259766,1424.0,0.1458771526813507,,,,,,,,,,,,
4,,,19399,2.0,0.9789000153541565,0.9623057842254639,0.050323694944381714,0.9514625668525696,0.974065899848938,4.426509857177734,3.894275665283203,1413.0,0.48191037774086,,,,,,,,,,,,
4,,,19409,2.0,0.9697999954223633,0.9478930830955505,0.07775860279798508,0.9420175552368164,0.9540479183197021,6.937859535217285,6.650809288024902,898.0,0.20929166674613953,,,,,,,,,,,,
4,,,19419,2.0,0.9818000197410583,0.8667519092559814,0.049019139260053635,0.9454668164253235,0.813184380531311,6.271909713745117,5.676167964935303,214.0,0.5467222332954407,,,,,,,,,,,,
4,,,19429,2.0,0.9077000021934509,0.7568036317825317,0.19563741981983185,0.7925794124603271,0.7313412427902222,6.808231353759766,6.478512287139893,1140.0,0.1340818554162979,,,,,,,,,,,,
4,,,19439,2.0,0.9830999970436096,0.9619821310043335,0.048127900809049606,0.9687817096710205,0.9554547667503357,7.011767387390137,6.788834095001221,1027.0,0.17480528354644775,,,,,,,,,,,,
4,,,19449,2.0,0.9890000224113464,0.9316532611846924,0.025923840701580048,0.9396758079528809,0.9239467978477478,5.242459297180176,5.019232273101807,367.0,0.19730351865291595,,,,,,,,,,,,
4,,,19459,2.0,0.978600025177002,0.952789306640625,0.04713505879044533,0.9441699981689453,0.9619072675704956,4.367058753967285,4.018697261810303,1084.0,0.3012264668941498,,,,,,,,,,,,
4,,,19469,2.0,0.972599983215332,0.8072507381439209,0.06574144959449768,0.8215645551681519,0.7942771911621094,5.325301170349121,4.9303765296936035,245.0,0.3291832506656647,,,,,,,,,,,,
4,,,19479,2.0,0.9850000143051147,0.9489907026290894,0.04093741625547409,0.9444297552108765,0.9536675810813904,5.860767364501953,5.599847316741943,642.0,0.21998260915279388,,,,,,,,,,,,
4,,,19489,2.0,0.988099992275238,0.9271386861801147,0.035364486277103424,0.9058929681777954,0.9510107040405273,6.121330261230469,5.711051940917969,352.0,0.37491366267204285,,,,,,,,,,,,
4,,,19499,2.0,0.982200026512146,0.9691357612609863,0.042865995317697525,0.9736539125442505,0.9647611975669861,7.910024642944336,5.183302879333496,1650.0,2.6838552951812744,,,,,,,,,,,,
4,,,19509,2.0,0.9851999878883362,0.93480384349823,0.03027849644422531,0.9156321287155151,0.9561558365821838,5.012977600097656,4.7505035400390625,305.0,0.23219531774520874,,,,,,,,,,,,
4,,,19519,2.0,0.972599983215332,0.9094038009643555,0.06644295156002045,0.9201423525810242,0.8993215560913086,6.231316089630127,5.411366939544678,470.0,0.7535061240196228,,,,,,,,,,,,
4,,,19529,2.0,0.9883999824523926,0.9765544533729553,0.029710182920098305,0.9738394021987915,0.9793168306350708,5.563011646270752,4.46051025390625,1068.0,1.0727909803390503,,,,,,,,,,,,
4,,,19539,2.0,0.9736999869346619,0.9109198451042175,0.06414378434419632,0.9173507690429688,0.9047277569770813,6.885310173034668,5.782933712005615,693.0,1.0382330417633057,,,,,,,,,,,,
4,,,19549,2.0,0.9700999855995178,0.9096784591674805,0.07025850564241409,0.9328892827033997,0.8893975019454956,6.174160480499268,5.5538787841796875,613.0,0.5500229001045227,,,,,,,,,,,,
4,,,19559,2.0,0.9696000218391418,0.8480369448661804,0.06906768679618835,0.8229436874389648,0.8781313300132751,4.793424129486084,4.578229904174805,260.0,0.14612670242786407,,,,,,,,,,,,
4,,,19569,2.0,0.9876999855041504,0.8427270650863647,0.03201042860746384,0.9208944439888,0.789910078048706,6.0516228675842285,5.855470180511475,205.0,0.16414232552051544,,,,,,,,,,,,
4,,,19579,2.0,0.9871000051498413,0.8053250312805176,0.04137994349002838,0.8859100341796875,0.7534217834472656,5.784468650817871,5.602302074432373,153.0,0.14078651368618011,,,,,,,,,,,,
4,,,19589,2.0,0.9544000029563904,0.9040493965148926,0.11128531396389008,0.8947767019271851,0.9140110015869141,6.0490031242370605,5.6233673095703125,881.0,0.31435075402259827,,,,,,,,,,,,
4,,,19599,2.0,0.9764999747276306,0.8876380324363708,0.0531417652964592,0.9143089652061462,0.8646150827407837,6.458323955535889,5.659989833831787,418.0,0.7451925873756409,,,,,,,,,,,,
4,,,19609,2.0,0.9860000014305115,0.9040138721466064,0.03444754704833031,0.8940508365631104,0.9145458936691284,5.647541046142578,5.322847843170166,354.0,0.29024529457092285,,,,,,,,,,,,
4,,,19619,2.0,0.9927999973297119,0.8797512054443359,0.022224748507142067,0.89247727394104,0.8678520321846008,5.232338905334473,5.129117965698242,79.0,0.08099625259637833,,,,,,,,,,,,
4,,,19629,2.0,0.9943000078201294,0.8783047199249268,0.01909056305885315,0.8588861227035522,0.9000158905982971,4.450137615203857,4.296692371368408,74.0,0.13435472548007965,,,,,,,,,,,,
4,,,19639,2.0,0.9595999717712402,0.8536970615386963,0.08957108855247498,0.8877809047698975,0.8261469602584839,5.9765729904174805,5.541632175445557,566.0,0.345369815826416,,,,,,,,,,,,
4,,,19649,2.0,0.9864000082015991,0.8554372191429138,0.03866008669137955,0.8658182621002197,0.8456627130508423,5.24725866317749,4.6875224113464355,198.0,0.5210763812065125,,,,,,,,,,,,
4,,,19659,2.0,0.9825999736785889,0.9410313367843628,0.04263987019658089,0.9583896398544312,0.9251977205276489,6.360982418060303,4.646190643310547,604.0,1.6721519231796265,,,,,,,,,,,,
4,,,19669,2.0,0.9801999926567078,0.8546422719955444,0.0464688278734684,0.856589674949646,0.8527179956436157,6.142197608947754,6.006516933441162,295.0,0.08921181410551071,,,,,,,,,,,,
4,,,19679,2.0,0.974399983882904,0.9053052663803101,0.06195177137851715,0.9294537305831909,0.8841933012008667,5.422667503356934,5.049437522888184,408.0,0.3112785518169403,,,,,,,,,,,,
4,,,19689,2.0,0.9873999953269958,0.8712708950042725,0.03647414967417717,0.8670005798339844,0.8756483197212219,5.802989959716797,5.706796646118164,216.0,0.05971932411193848,,,,,,,,,,,,
4,,,19699,2.0,0.9595000147819519,0.9259876012802124,0.10227027535438538,0.9386199712753296,0.9144856929779053,8.579819679260254,6.070199966430664,1129.0,2.4073498249053955,,,,,,,,,,,,
4,,,19709,2.0,0.9819999933242798,0.9513775110244751,0.04228929430246353,0.9369200468063354,0.9671591520309448,5.020442008972168,4.824923992156982,679.0,0.1532289832830429,,,,,,,,,,,,
4,,,19719,2.0,0.9754999876022339,0.916060745716095,0.0613420344889164,0.901155948638916,0.9324020147323608,6.494153022766113,6.213677883148193,731.0,0.21913297474384308,,,,,,,,,,,,
4,,,19729,2.0,0.9909999966621399,0.9181791543960571,0.024373594671487808,0.9070292711257935,0.9300023317337036,5.609764099121094,4.796895980834961,259.0,0.7884944677352905,,,,,,,,,,,,
4,,,19739,2.0,0.987500011920929,0.9439355134963989,0.031707435846328735,0.9478360414505005,0.9401125311851501,6.961949348449707,6.324542999267578,543.0,0.6056989431381226,,,,,,,,,,,,
4,,,19749,2.0,0.9812999963760376,0.9061027765274048,0.053818561136722565,0.909417986869812,0.9028481245040894,7.218536376953125,6.607646465301514,360.0,0.5570712685585022,,,,,,,,,,,,
4,,,19759,2.0,0.9797000288963318,0.8995124697685242,0.04717235267162323,0.9153931140899658,0.8849540948867798,7.093966484069824,6.89191198348999,457.0,0.15488192439079285,,,,,,,,,,,,
4,,,19769,2.0,0.9905999898910522,0.9754863977432251,0.02261412888765335,0.9739353060722351,0.9770510196685791,4.931410789489746,3.9490160942077637,859.0,0.9597803354263306,,,,,,,,,,,,
4,,,19779,2.0,0.9868999719619751,0.9447252154350281,0.028679324313998222,0.9398704767227173,0.9497066736221313,6.276820182800293,5.208431243896484,574.0,1.0397096872329712,,,,,,,,,,,,
4,,,19789,2.0,0.9811999797821045,0.9041346311569214,0.05305098369717598,0.921170711517334,0.8885881900787354,6.372100830078125,5.047657489776611,385.0,1.2713923454284668,,,,,,,,,,,,
4,,,19799,2.0,0.9889000058174133,0.8863752484321594,0.023869898170232773,0.863165020942688,0.9129804372787476,5.240245819091797,4.61516809463501,170.0,0.6012076139450073,,,,,,,,,,,,
4,,,19809,2.0,0.9926000237464905,0.9630750417709351,0.018138481304049492,0.9723723530769348,0.9541813135147095,4.188553333282471,3.9893898963928223,395.0,0.1810251772403717,,,,,,,,,,,,
4,,,19819,2.0,0.9919000267982483,0.937546968460083,0.022705743089318275,0.9432923197746277,0.9319601655006409,5.8315019607543945,5.024331569671631,296.0,0.7844648957252502,,,,,,,,,,,,
4,,,19829,2.0,0.9628000259399414,0.7960776090621948,0.07980135828256607,0.8337012529373169,0.7669643759727478,6.580507755279541,5.857761383056641,372.0,0.6429448127746582,,,,,,,,,,,,
4,,,19839,2.0,0.9731000065803528,0.9142186045646667,0.06843682378530502,0.8893429636955261,0.9434981942176819,5.897957801818848,5.620190620422363,481.0,0.20933067798614502,,,,,,,,,,,,
4,,,19849,2.0,0.9919000267982483,0.9345278739929199,0.02610788494348526,0.9391838908195496,0.9299768209457397,6.642760276794434,6.460954189300537,291.0,0.1556982696056366,,,,,,,,,,,,
4,,,19859,2.0,0.9713000059127808,0.900172233581543,0.07351253181695938,0.9008787274360657,0.8994687795639038,5.702651023864746,5.297449588775635,430.0,0.3316889703273773,,,,,,,,,,,,
4,,,19869,2.0,0.9817000031471252,0.8176341652870178,0.045033667236566544,0.8791992664337158,0.7741408944129944,6.59320592880249,6.425039291381836,151.0,0.12313328683376312,,,,,,,,,,,,
4,,,19879,2.0,0.9538000226020813,0.9219845533370972,0.10021458566188812,0.8959072828292847,0.9555084705352783,5.311648368835449,4.820276260375977,1029.0,0.39115771651268005,,,,,,,,,,,,
4,,,19889,2.0,0.9825000166893005,0.9632552266120911,0.04768161475658417,0.9703078269958496,0.956505298614502,4.644430160522461,4.326780319213867,1324.0,0.2699682116508484,,,,,,,,,,,,
4,,,19899,2.0,0.9851999878883362,0.731961727142334,0.03892454132437706,0.8644803762435913,0.6716024875640869,5.401646614074707,4.876697063446045,103.0,0.48602476716041565,,,,,,,,,,,,
4,,,19909,2.0,0.9778000116348267,0.783273458480835,0.0438351035118103,0.7703232765197754,0.7976410388946533,5.026044845581055,4.598555564880371,191.0,0.3836539685726166,,,,,,,,,,,,
4,,,19919,2.0,0.9168000221252441,0.9036858081817627,0.22104310989379883,0.8936083316802979,0.9167617559432983,6.877033710479736,5.969689846038818,1658.0,0.6863008737564087,,,,,,,,,,,,
4,,,19929,2.0,0.9513000249862671,0.8777271509170532,0.11099040508270264,0.8599974513053894,0.8981062173843384,8.5215482711792,7.064373016357422,772.0,1.3461848497390747,,,,,,,,,,,,
4,,,19939,2.0,0.975600004196167,0.9434905052185059,0.06855279207229614,0.9447340965270996,0.942256510257721,4.177315711975098,3.8308355808258057,1150.0,0.2779274582862854,,,,,,,,,,,,
4,,,19949,2.0,0.9883000254631042,0.852570116519928,0.03665259853005409,0.8980599045753479,0.8167936205863953,5.212869644165039,4.548046112060547,175.0,0.6281710863113403,,,,,,,,,,,,
4,,,19959,2.0,0.9904999732971191,0.9305419325828552,0.02833549492061138,0.9370822310447693,0.9242104291915894,6.8443684577941895,5.23748254776001,331.0,1.5785503387451172,,,,,,,,,,,,
4,,,19969,2.0,0.968500018119812,0.8071317672729492,0.06810205429792404,0.8451154828071594,0.7774361371994019,5.1403937339782715,4.872890472412109,415.0,0.19940146803855896,,,,,,,,,,,,
4,,,19979,2.0,0.9803000092506409,0.9228671789169312,0.0502631701529026,0.9704145193099976,0.8853403329849243,6.03580904006958,5.729217052459717,577.0,0.25632843375205994,,,,,,,,,,,,
4,,,19989,2.0,0.9894999861717224,0.9731118679046631,0.024574220180511475,0.9706696271896362,0.9755882024765015,5.0438971519470215,4.289130210876465,1035.0,0.7301926612854004,,,,,,,,,,,,
4,,,19999,2.0,0.9876999855041504,0.9133609533309937,0.032153524458408356,0.9261868596076965,0.9013485908508301,6.780031681060791,6.425777912139893,331.0,0.3221001625061035,,,,,,,,,,,,
4,,,19999,,,,,,,,,,,0.9728002548217773,0.8849442601203918,0.06817826628684998,0.8914018273353577,0.8853981494903564,4.778353214263916,0.09820100665092468,4.710175514221191,0.09820105135440826,0.09820105135440826,738.1798095703125,13.200212478637695
,9.939057285945933e-05,0.0009939057285945933,20000,,,,,,,,,,,,,,,,,,,,,,
5,,,20009,2.0,0.9793000221252441,0.9665290713310242,0.06013498455286026,0.9642205238342285,0.9688804149627686,8.189247131347656,7.212908744812012,1706.0,0.9162031412124634,,,,,,,,,,,,
5,,,20019,2.0,0.9763000011444092,0.8686485290527344,0.09034153819084167,0.9402015209197998,0.8189123868942261,6.040084362030029,5.6491546630859375,396.0,0.3005881905555725,,,,,,,,,,,,
5,,,20029,2.0,0.9203000068664551,0.8283519744873047,0.1842651665210724,0.8718073964118958,0.7975436449050903,7.537569522857666,6.8308844566345215,979.0,0.5224199295043945,,,,,,,,,,,,
5,,,20039,2.0,0.9957000017166138,0.8653758764266968,0.014485428109765053,0.8101729154586792,0.9451577663421631,4.389481067657471,4.371802806854248,47.0,0.0031930103432387114,,,,,,,,,,,,
5,,,20049,2.0,0.9894000291824341,0.9289440512657166,0.026652120053768158,0.9226804971694946,0.9354145526885986,5.19179630279541,4.7845683097839355,206.0,0.3805754780769348,,,,,,,,,,,,
5,,,20059,2.0,0.9763000011444092,0.9471099376678467,0.047982923686504364,0.9701703786849976,0.9270145893096924,4.330300331115723,4.05960750579834,1132.0,0.22271010279655457,,,,,,,,,,,,
5,,,20069,2.0,0.9689000248908997,0.9291328191757202,0.07016097754240036,0.9383408427238464,0.9204549193382263,6.286191940307617,5.861148834228516,910.0,0.35488206148147583,,,,,,,,,,,,
5,,,20079,2.0,0.9872000217437744,0.9062870740890503,0.03171148523688316,0.8945099115371704,0.9188573360443115,5.7227935791015625,4.9392194747924805,202.0,0.7518625855445862,,,,,,,,,,,,
5,,,20089,2.0,0.9886000156402588,0.9763147234916687,0.03375713527202606,0.9757455587387085,0.9768859148025513,4.45778751373291,3.6913020610809326,1271.0,0.7327284812927246,,,,,,,,,,,,
5,,,20099,2.0,0.9890000224113464,0.949748158454895,0.027249155566096306,0.948300838470459,0.9512063264846802,3.7326455116271973,3.4521677494049072,484.0,0.2532285451889038,,,,,,,,,,,,
5,,,20109,2.0,0.975600004196167,0.9214008450508118,0.05925527215003967,0.9399435520172119,0.9046907424926758,4.870412826538086,4.249872207641602,718.0,0.5612857341766357,,,,,,,,,,,,
5,,,20119,2.0,0.9695000052452087,0.9577040672302246,0.0768597349524498,0.9602164030075073,0.9552550315856934,7.002802848815918,6.455277442932129,1861.0,0.4706653356552124,,,,,,,,,,,,
5,,,20129,2.0,0.9753000140190125,0.885401725769043,0.05368991196155548,0.9051957130432129,0.86771160364151,6.4853315353393555,5.402982234954834,427.0,1.0286595821380615,,,,,,,,,,,,
5,,,20139,2.0,0.9797000288963318,0.8584870100021362,0.03970133885741234,0.8134999871253967,0.9206396341323853,5.6568922996521,5.205471515655518,210.0,0.4117193818092346,,,,,,,,,,,,
5,,,20149,2.0,0.9620000123977661,0.9253672361373901,0.10391160845756531,0.9409506320953369,0.9113866090774536,6.050284385681152,5.245264530181885,1365.0,0.701108455657959,,,,,,,,,,,,
5,,,20159,2.0,0.9675999879837036,0.9400651454925537,0.07109995931386948,0.9321405291557312,0.9484835863113403,5.188200950622559,4.7079620361328125,968.0,0.4091391861438751,,,,,,,,,,,,
5,,,20169,2.0,0.970300018787384,0.8542693853378296,0.06936752051115036,0.9341256022453308,0.8017546534538269,6.329744338989258,6.059458255767822,510.0,0.20091886818408966,,,,,,,,,,,,
5,,,20179,2.0,0.9857000112533569,0.9537625312805176,0.03776376321911812,0.9589561820030212,0.948711633682251,5.427186012268066,5.166688919067383,639.0,0.22273342311382294,,,,,,,,,,,,
5,,,20189,2.0,0.975600004196167,0.9104228615760803,0.05722854658961296,0.9436962604522705,0.8825984597206116,5.688721179962158,5.318356513977051,647.0,0.31313595175743103,,,,,,,,,,,,
5,,,20199,2.0,0.9664000272750854,0.8719817399978638,0.07319209724664688,0.8938736915588379,0.8528163433074951,6.589780807495117,5.94478702545166,513.0,0.5718016624450684,,,,,,,,,,,,
5,,,20209,2.0,0.9771999716758728,0.8937803506851196,0.051919274032115936,0.9226891994476318,0.8690637350082397,5.850793361663818,5.595533847808838,451.0,0.20334012806415558,,,,,,,,,,,,
5,,,20219,2.0,0.9657999873161316,0.8973479866981506,0.08252311497926712,0.8742923736572266,0.9244344234466553,5.658226013183594,5.188481330871582,481.0,0.3872211277484894,,,,,,,,,,,,
5,,,20229,2.0,0.9761000275611877,0.8892953395843506,0.05354384705424309,0.9158116579055786,0.8663902282714844,5.7958831787109375,5.559478759765625,532.0,0.18286043405532837,,,,,,,,,,,,
5,,,20239,2.0,0.9778000116348267,0.8290784358978271,0.081697016954422,0.9247130155563354,0.7706238627433777,5.697602272033691,4.801039218902588,229.0,0.8148658871650696,,,,,,,,,,,,
5,,,20249,2.0,0.9790999889373779,0.891539990901947,0.049804266542196274,0.8636980056762695,0.9247466325759888,5.151904582977295,4.6070427894592285,252.0,0.4950574040412903,,,,,,,,,,,,
5,,,20259,2.0,0.9907000064849854,0.9765588045120239,0.0272618867456913,0.9734147191047668,0.9797593355178833,4.149661064147949,3.7830770015716553,882.0,0.3393220603466034,,,,,,,,,,,,
5,,,20269,2.0,0.9817000031471252,0.8399381637573242,0.041239604353904724,0.8175883293151855,0.8659863471984863,5.094193458557129,3.875633955001831,160.0,1.177320122718811,,,,,,,,,,,,
5,,,20279,2.0,0.9894999861717224,0.8396729230880737,0.025321539491415024,0.8715983033180237,0.8129820823669434,4.9334211349487305,4.634496688842773,149.0,0.2736029326915741,,,,,,,,,,,,
5,,,20289,2.0,0.9804999828338623,0.918914794921875,0.04668194428086281,0.8927620649337769,0.9495584964752197,6.536944389343262,6.223861217498779,299.0,0.266401469707489,,,,,,,,,,,,
5,,,20299,2.0,0.9593999981880188,0.8950663208961487,0.09777499735355377,0.9123344421386719,0.8796302080154419,7.001528263092041,6.366483211517334,737.0,0.5372700691223145,,,,,,,,,,,,
5,,,20309,2.0,0.9864000082015991,0.9302679300308228,0.034989260137081146,0.9318580031394958,0.928691029548645,5.686575889587402,5.084791660308838,346.0,0.5667949318885803,,,,,,,,,,,,
5,,,20319,2.0,0.9810000061988831,0.9568668007850647,0.04175059124827385,0.9510766267776489,0.9628719091415405,4.558403015136719,3.8680012226104736,974.0,0.6486513018608093,,,,,,,,,,,,
5,,,20329,2.0,0.9660000205039978,0.9047930240631104,0.08549175411462784,0.9069897532463074,0.9026271104812622,6.988178253173828,6.48632287979126,681.0,0.4163636565208435,,,,,,,,,,,,
5,,,20339,2.0,0.965499997138977,0.890904426574707,0.13446259498596191,0.9381604194641113,0.8547106981277466,7.452847957611084,6.927321910858154,501.0,0.39106306433677673,,,,,,,,,,,,
5,,,20349,2.0,0.9890999794006348,0.930451512336731,0.03436462581157684,0.9381669759750366,0.9230287671089172,4.878529071807861,4.476348400115967,253.0,0.36781591176986694,,,,,,,,,,,,
5,,,20359,2.0,0.984000027179718,0.9418431520462036,0.040320273488759995,0.9173523187637329,0.9701004028320312,5.1941962242126465,4.304285049438477,516.0,0.8495908975601196,,,,,,,,,,,,
5,,,20369,2.0,0.9726999998092651,0.8965938687324524,0.06344722211360931,0.8907705545425415,0.9026304483413696,8.425966262817383,4.530962944030762,488.0,3.831556558609009,,,,,,,,,,,,
5,,,20379,2.0,0.9839000105857849,0.7678573727607727,0.035370878875255585,0.7879554033279419,0.7505027651786804,5.404970645904541,5.009461879730225,121.0,0.3601377606391907,,,,,,,,,,,,
5,,,20389,2.0,0.993399977684021,0.9739293456077576,0.017113439738750458,0.9739293456077576,0.9739293456077576,5.384120941162109,5.169470310211182,605.0,0.19753752648830414,,,,,,,,,,,,
5,,,20399,2.0,0.9660999774932861,0.9023891687393188,0.08312252163887024,0.8996062278747559,0.90522301197052,6.639090538024902,5.435276508331299,643.0,1.120691180229187,,,,,,,,,,,,
5,,,20409,2.0,0.9570000171661377,0.6959248781204224,0.10986848175525665,0.9286991357803345,0.6336123943328857,7.191869735717773,7.00455379486084,536.0,0.07744719088077545,,,,,,,,,,,,
5,,,20419,2.0,0.9645000100135803,0.9583636522293091,0.0984661877155304,0.9528360366821289,0.964486300945282,6.931608200073242,5.604277610778809,2082.0,1.2288644313812256,,,,,,,,,,,,
5,,,20429,2.0,0.980400025844574,0.887174129486084,0.041474610567092896,0.882379412651062,0.8921056389808655,6.196506023406982,5.301173210144043,255.0,0.8538581728935242,,,,,,,,,,,,
5,,,20439,2.0,0.9577999711036682,0.9043936729431152,0.13064074516296387,0.9215291738510132,0.8891242146492004,6.491368293762207,6.147399425506592,673.0,0.21332822740077972,,,,,,,,,,,,
5,,,20449,2.0,0.9664000272750854,0.8812426328659058,0.07724838703870773,0.9173732995986938,0.8519351482391357,5.564745903015137,5.23433256149292,575.0,0.253164678812027,,,,,,,,,,,,
5,,,20459,2.0,0.9868999719619751,0.9343397617340088,0.027070024982094765,0.9219028949737549,0.9476404190063477,4.545814514160156,4.270659923553467,437.0,0.24808458983898163,,,,,,,,,,,,
5,,,20469,2.0,0.978600025177002,0.927226722240448,0.05647113546729088,0.9383090734481812,0.9168071150779724,6.977835655212402,6.488918781280518,779.0,0.43244561553001404,,,,,,,,,,,,
5,,,20479,2.0,0.9807999730110168,0.9273220300674438,0.047763194888830185,0.9503530263900757,0.9069188833236694,4.941222667694092,4.487508296966553,589.0,0.4059511423110962,,,,,,,,,,,,
5,,,20489,2.0,0.9789999723434448,0.8796189427375793,0.06246735900640488,0.9233450293540955,0.8448768854141235,5.672837734222412,5.4666008949279785,327.0,0.14376938343048096,,,,,,,,,,,,
5,,,20499,2.0,0.9883999824523926,0.8796176910400391,0.029184557497501373,0.8841687440872192,0.8751794695854187,5.718858242034912,5.347621917724609,230.0,0.34205198287963867,,,,,,,,,,,,
5,,,20509,2.0,0.9817000031471252,0.9222103357315063,0.053139179944992065,0.9466667175292969,0.9006688594818115,5.949353218078613,5.735821723937988,497.0,0.16039225459098816,,,,,,,,,,,,
5,,,20519,2.0,0.979200005531311,0.9303010702133179,0.04813159629702568,0.9264785647392273,0.934208869934082,5.814295291900635,5.489883899688721,660.0,0.276280015707016,,,,,,,,,,,,
5,,,20529,2.0,0.9866999983787537,0.9502683281898499,0.03337697312235832,0.942091703414917,0.9588151574134827,5.601316452026367,5.412501335144043,599.0,0.1554379165172577,,,,,,,,,,,,
5,,,20539,2.0,0.9958999752998352,0.8790831565856934,0.011921174824237823,0.8603038787841797,0.8999743461608887,5.7433319091796875,5.676288604736328,45.0,0.055122021585702896,,,,,,,,,,,,
5,,,20549,2.0,0.9753999710083008,0.9285348653793335,0.05825503543019295,0.9322040677070618,0.9249446988105774,6.463563919067383,6.055448532104492,708.0,0.34986042976379395,,,,,,,,,,,,
5,,,20559,2.0,0.964900016784668,0.767866849899292,0.08763228356838226,0.8198584318161011,0.7317081689834595,6.069091320037842,5.87198543548584,420.0,0.10947367548942566,,,,,,,,,,,,
5,,,20569,2.0,0.9889000058174133,0.8746441602706909,0.028186526149511337,0.8924604654312134,0.8584548830986023,5.059771537780762,4.551525115966797,137.0,0.4800601005554199,,,,,,,,,,,,
5,,,20579,2.0,0.9905999898910522,0.9330008029937744,0.02323167584836483,0.9460023641586304,0.9207965135574341,4.994739055633545,4.611288547515869,265.0,0.3602187931537628,,,,,,,,,,,,
5,,,20589,2.0,0.9765999913215637,0.9664516448974609,0.059384785592556,0.9563719034194946,0.9775881171226501,5.60964298248291,5.271785736083984,1111.0,0.27847227454185486,,,,,,,,,,,,
5,,,20599,2.0,0.9929999709129333,0.9827398657798767,0.01870422437787056,0.9845847487449646,0.9809137582778931,4.0380096435546875,3.5474936962127686,886.0,0.4718116819858551,,,,,,,,,,,,
5,,,20609,2.0,0.9794999957084656,0.9434323310852051,0.03974149003624916,0.9237436056137085,0.9656960964202881,5.921606063842773,5.6951704025268555,894.0,0.1866942197084427,,,,,,,,,,,,
5,,,20619,2.0,0.9728000164031982,0.9440226554870605,0.0850776880979538,0.9288662672042847,0.960911750793457,6.435206413269043,5.955987930297852,1280.0,0.3941405713558197,,,,,,,,,,,,
5,,,20629,2.0,0.97079998254776,0.932041347026825,0.06848354637622833,0.9231929779052734,0.9414305686950684,6.966220855712891,6.65713357925415,939.0,0.24060378968715668,,,,,,,,,,,,
5,,,20639,2.0,0.9739999771118164,0.8898884057998657,0.062163226306438446,0.8836580514907837,0.8963620662689209,6.633052349090576,5.611022472381592,335.0,0.9598664045333862,,,,,,,,,,,,
5,,,20649,2.0,0.9944000244140625,0.8999882936477661,0.02186214178800583,0.923548698425293,0.878984808921814,5.872477054595947,5.418622016906738,110.0,0.4319929778575897,,,,,,,,,,,,
5,,,20659,2.0,0.9857000112533569,0.9665659666061401,0.04280095919966698,0.9654145836830139,0.9677252769470215,4.112407207489014,3.968276262283325,1161.0,0.1013297513127327,,,,,,,,,,,,
5,,,20669,2.0,0.9847999811172485,0.9724321961402893,0.03886515274643898,0.9740481376647949,0.9708341360092163,3.9145026206970215,3.6799399852752686,1026.0,0.19569753110408783,,,,,,,,,,,,
5,,,20679,2.0,0.9864000082015991,0.8908967971801758,0.03549207001924515,0.9447978734970093,0.8493761420249939,5.121296405792236,4.9649658203125,281.0,0.12083854526281357,,,,,,,,,,,,
5,,,20689,2.0,0.968500018119812,0.9001821279525757,0.08700805902481079,0.9394946694374084,0.8686690330505371,6.166239261627197,5.683527946472168,866.0,0.3957034647464752,,,,,,,,,,,,
5,,,20699,2.0,0.9653000235557556,0.8659461736679077,0.08283992856740952,0.8831760883331299,0.8504742383956909,5.551523208618164,5.202210903167725,438.0,0.26647210121154785,,,,,,,,,,,,
5,,,20709,2.0,0.9837999939918518,0.9113708138465881,0.03665227070450783,0.9347411394119263,0.8906469345092773,5.653172969818115,5.113776683807373,356.0,0.5027443170547485,,,,,,,,,,,,
5,,,20719,2.0,0.9438999891281128,0.8513202667236328,0.130915567278862,0.8816518187522888,0.8267840147018433,7.270998954772949,6.479097843170166,739.0,0.6609852313995361,,,,,,,,,,,,
5,,,20729,2.0,0.9801999926567078,0.8149100542068481,0.0458347350358963,0.7584920525550842,0.9068188667297363,6.5157976150512695,6.250688552856445,165.0,0.21927432715892792,,,,,,,,,,,,
5,,,20739,2.0,0.9898999929428101,0.823898196220398,0.027489416301250458,0.8388364315032959,0.8102660179138184,5.417132377624512,5.14328670501709,137.0,0.2463565468788147,,,,,,,,,,,,
5,,,20749,2.0,0.982200026512146,0.9161034822463989,0.046272408217191696,0.8849402666091919,0.9537405371665955,5.475255966186523,5.276095867156982,446.0,0.15288767218589783,,,,,,,,,,,,
5,,,20759,2.0,0.9652000069618225,0.9426329135894775,0.08514947444200516,0.9465386867523193,0.9388488531112671,6.7478156089782715,6.477151870727539,1669.0,0.18551430106163025,,,,,,,,,,,,
5,,,20769,2.0,0.9879999756813049,0.9687060713768005,0.03137096390128136,0.9600915908813477,0.9777603149414062,4.527759075164795,4.13777494430542,833.0,0.358612984418869,,,,,,,,,,,,
5,,,20779,2.0,0.9721999764442444,0.6798291206359863,0.09409120678901672,0.8484264612197876,0.6244853734970093,6.439458847045898,5.715165615081787,245.0,0.6302017569541931,,,,,,,,,,,,
5,,,20789,2.0,0.9884999990463257,0.9762560129165649,0.0320056714117527,0.9741514921188354,0.9783883690834045,5.742474555969238,5.11730432510376,849.0,0.593164324760437,,,,,,,,,,,,
5,,,20799,2.0,0.982699990272522,0.9298884272575378,0.06298471987247467,0.9369786977767944,0.9230631589889526,6.495573997497559,5.12640380859375,356.0,1.3061853647232056,,,,,,,,,,,,
5,,,20809,2.0,0.9621999859809875,0.8974528312683105,0.09900698065757751,0.948657751083374,0.8593223094940186,7.031513214111328,6.739063262939453,959.0,0.193442702293396,,,,,,,,,,,,
5,,,20819,2.0,0.9890000224113464,0.925338864326477,0.025240426883101463,0.9242755174636841,0.9264081716537476,5.588164329528809,5.281210899353027,323.0,0.2817128896713257,,,,,,,,,,,,
5,,,20829,2.0,0.9700000286102295,0.6589940190315247,0.1155189722776413,0.9022872447967529,0.6033886671066284,6.290327548980713,6.10582160949707,324.0,0.06898683309555054,,,,,,,,,,,,
5,,,20839,2.0,0.9898999929428101,0.9756942987442017,0.024909885600209236,0.978339672088623,0.9730883836746216,5.028692722320557,4.5423808097839355,829.0,0.4614018499851227,,,,,,,,,,,,
5,,,20849,2.0,0.9771999716758728,0.8614857196807861,0.05695735290646553,0.8912847638130188,0.8363226652145386,5.227619171142578,4.75026798248291,267.0,0.42039403319358826,,,,,,,,,,,,
5,,,20859,2.0,0.9882000088691711,0.9592665433883667,0.02622303180396557,0.9390370845794678,0.9819163680076599,4.538815498352051,4.371274948120117,692.0,0.14131741225719452,,,,,,,,,,,,
5,,,20869,2.0,0.9573000073432922,0.9472606182098389,0.13647378981113434,0.9549332857131958,0.9403589963912964,5.918951034545898,5.170312404632568,1638.0,0.6121652126312256,,,,,,,,,,,,
5,,,20879,2.0,0.9778000116348267,0.8967460989952087,0.04821503162384033,0.898719310760498,0.8947953581809998,7.218874454498291,6.3055596351623535,343.0,0.8650998473167419,,,,,,,,,,,,
5,,,20889,2.0,0.9735999703407288,0.9262731671333313,0.06422912329435349,0.9589652419090271,0.8990280628204346,5.839635848999023,5.371440410614014,990.0,0.40396633744239807,,,,,,,,,,,,
5,,,20899,2.0,0.987500011920929,0.9723424315452576,0.05277840420603752,0.9734292030334473,0.9712628126144409,4.564909934997559,3.9152865409851074,1013.0,0.5968446731567383,,,,,,,,,,,,
5,,,20909,2.0,0.9896000027656555,0.9020889401435852,0.02470487914979458,0.8767250180244446,0.9313968420028687,5.158570289611816,5.025675296783447,185.0,0.10818982869386673,,,,,,,,,,,,
5,,,20919,2.0,0.928600013256073,0.7848472595214844,0.1407213807106018,0.7697449922561646,0.8024562001228333,6.3852362632751465,5.939129829406738,630.0,0.3053852617740631,,,,,,,,,,,,
5,,,20929,2.0,0.9733999967575073,0.7952021360397339,0.07310473918914795,0.8503077626228333,0.7561460733413696,5.83152961730957,5.6321001052856445,223.0,0.12632477283477783,,,,,,,,,,,,
5,,,20939,2.0,0.9886999726295471,0.9559348821640015,0.029181698337197304,0.955628514289856,0.9562417268753052,6.337553977966309,5.4181928634643555,568.0,0.8901798129081726,,,,,,,,,,,,
5,,,20949,2.0,0.9876000285148621,0.970430850982666,0.03054552525281906,0.979917049407959,0.9614421725273132,5.613729000091553,4.982305526733398,898.0,0.6008779406547546,,,,,,,,,,,,
5,,,20959,2.0,0.980400025844574,0.869900107383728,0.05506227910518646,0.9270453453063965,0.8272936940193176,5.053274631500244,4.871430397033691,373.0,0.12678173184394836,,,,,,,,,,,,
5,,,20969,2.0,0.972100019454956,0.9021497964859009,0.0681598037481308,0.8922057151794434,0.9127343893051147,6.837390899658203,6.424513339996338,383.0,0.3447178304195404,,,,,,,,,,,,
5,,,20979,2.0,0.9944000244140625,0.8527530431747437,0.013327760621905327,0.8322219848632812,0.8760623335838318,4.6514363288879395,4.196541786193848,49.0,0.44156697392463684,,,,,,,,,,,,
5,,,20989,2.0,0.9894999861717224,0.8957579135894775,0.03427629917860031,0.9553717374801636,0.8506086468696594,5.607110977172852,5.32542610168457,253.0,0.24740825593471527,,,,,,,,,,,,
5,,,20999,2.0,0.9735999703407288,0.8831610083580017,0.06280405819416046,0.9109838008880615,0.8593741655349731,6.3019256591796875,6.026920318603516,607.0,0.21220089495182037,,,,,,,,,,,,
5,,,21009,2.0,0.9869999885559082,0.8921440839767456,0.03260478004813194,0.8736139535903931,0.9127760529518127,5.469686985015869,4.936967849731445,274.0,0.5001145005226135,,,,,,,,,,,,
5,,,21019,2.0,0.9750000238418579,0.8548738956451416,0.056638188660144806,0.838528037071228,0.873110294342041,6.210851669311523,5.191368103027344,351.0,0.9628452658653259,,,,,,,,,,,,
5,,,21029,2.0,0.9839000105857849,0.9670701026916504,0.046108879148960114,0.9680292010307312,0.9661169052124023,4.185838222503662,3.8057050704956055,1152.0,0.3340243399143219,,,,,,,,,,,,
5,,,21039,2.0,0.9901999831199646,0.96993488073349,0.020697951316833496,0.9545015096664429,0.986748218536377,4.104598045349121,3.7133445739746094,791.0,0.37055522203445435,,,,,,,,,,,,
5,,,21049,2.0,0.9889000058174133,0.9321887493133545,0.028533054515719414,0.900679349899292,0.969754159450531,5.520308494567871,5.330584526062012,359.0,0.16119100153446198,,,,,,,,,,,,
5,,,21059,2.0,0.9890999794006348,0.7868145704269409,0.02996574342250824,0.8861823081970215,0.7289939522743225,4.914005756378174,4.310364723205566,85.0,0.5736750364303589,,,,,,,,,,,,
5,,,21069,2.0,0.9829999804496765,0.9571336507797241,0.03854323551058769,0.9582115411758423,0.9560625553131104,4.6058430671691895,3.944845676422119,863.0,0.622454047203064,,,,,,,,,,,,
5,,,21079,2.0,0.9789000153541565,0.9743572473526001,0.056534089148044586,0.9793285131454468,0.969715416431427,5.704997539520264,5.098062992095947,1872.0,0.5504001379013062,,,,,,,,,,,,
5,,,21089,2.0,0.9787999987602234,0.8700510263442993,0.05156431347131729,0.8596011996269226,0.8812028765678406,6.24641227722168,5.463618278503418,216.0,0.7312296628952026,,,,,,,,,,,,
5,,,21099,2.0,0.9890000224113464,0.9781911969184875,0.027852289378643036,0.9803415536880493,0.9760698080062866,4.489086151123047,4.086601734161377,1092.0,0.3746322691440582,,,,,,,,,,,,
5,,,21109,2.0,0.9790999889373779,0.9561960697174072,0.05275866016745567,0.9693090915679932,0.9441102147102356,5.302651882171631,4.776772499084473,870.0,0.4731208086013794,,,,,,,,,,,,
5,,,21119,2.0,0.9940999746322632,0.9755020141601562,0.01886695809662342,0.9612256288528442,0.9908499717712402,4.8391876220703125,4.445460796356201,318.0,0.3748597204685211,,,,,,,,,,,,
5,,,21129,2.0,0.9886000156402588,0.8919045925140381,0.030961809679865837,0.8757763504981995,0.90958571434021,5.752347946166992,4.866633415222168,155.0,0.8547523617744446,,,,,,,,,,,,
5,,,21139,2.0,0.9452000260353088,0.8345426321029663,0.11861123144626617,0.8095508217811584,0.8656132221221924,5.946533679962158,5.63323974609375,541.0,0.19468268752098083,,,,,,,,,,,,
5,,,21149,2.0,0.9724000096321106,0.8891586065292358,0.06507467478513718,0.8746647238731384,0.9050614237785339,5.835268497467041,5.28977632522583,488.0,0.48041772842407227,,,,,,,,,,,,
5,,,21159,2.0,0.9656000137329102,0.9031506776809692,0.08035750687122345,0.9216940999031067,0.8865997791290283,6.1171183586120605,5.435805320739746,576.0,0.6009554862976074,,,,,,,,,,,,
5,,,21169,2.0,0.9754999876022339,0.8684320449829102,0.054944731295108795,0.8238636255264282,0.9298737049102783,7.300451278686523,5.375705718994141,228.0,1.8698011636734009,,,,,,,,,,,,
5,,,21179,2.0,0.9825000166893005,0.8201623558998108,0.0382595956325531,0.7997747659683228,0.8437632322311401,5.966785907745361,5.600905418395996,188.0,0.3276209831237793,,,,,,,,,,,,
5,,,21189,2.0,0.9682999849319458,0.8668322563171387,0.07281544059515,0.915637731552124,0.8297260403633118,6.241990566253662,5.472334861755371,503.0,0.6968403458595276,,,,,,,,,,,,
5,,,21199,2.0,0.9534000158309937,0.9268022775650024,0.12862135469913483,0.912478506565094,0.9432868957519531,7.575815200805664,6.947033882141113,1749.0,0.5001599192619324,,,,,,,,,,,,
5,,,21209,2.0,0.9901000261306763,0.9534553289413452,0.03142663463950157,0.9568896889686584,0.9500793218612671,5.823853492736816,5.10758638381958,539.0,0.6848406791687012,,,,,,,,,,,,
5,,,21219,2.0,0.957099974155426,0.8615850210189819,0.0997723788022995,0.9166537523269653,0.8218642473220825,7.032246112823486,6.686953067779541,511.0,0.24552075564861298,,,,,,,,,,,,
5,,,21229,2.0,0.9907000064849854,0.8636282086372375,0.027250682935118675,0.8396656513214111,0.8914116621017456,5.679972171783447,4.645735263824463,102.0,1.0069860219955444,,,,,,,,,,,,
5,,,21239,2.0,0.9592999815940857,0.9512433409690857,0.09979214519262314,0.9502407908439636,0.9522625207901001,7.697793960571289,7.1685404777526855,2715.0,0.4294613301753998,,,,,,,,,,,,
5,,,21249,2.0,0.9884999990463257,0.9800550937652588,0.02946108765900135,0.9852404594421387,0.975053071975708,4.589511394500732,4.018962383270264,959.0,0.5410882234573364,,,,,,,,,,,,
5,,,21259,2.0,0.9847000241279602,0.9287798404693604,0.04182925075292587,0.9235484600067139,0.9341620206832886,6.451725959777832,5.1860432624816895,505.0,1.223853588104248,,,,,,,,,,,,
5,,,21269,2.0,0.9684000015258789,0.7827949523925781,0.07609660178422928,0.8367422819137573,0.7449790835380554,5.704248905181885,5.539364814758301,383.0,0.08878754824399948,,,,,,,,,,,,
5,,,21279,2.0,0.9735000133514404,0.8384692668914795,0.07467707991600037,0.855609655380249,0.823077380657196,5.784137725830078,5.2554144859313965,244.0,0.4540461003780365,,,,,,,,,,,,
5,,,21289,2.0,0.9799000024795532,0.9296725988388062,0.04706769436597824,0.900554895401001,0.9645398855209351,5.4617438316345215,4.939934730529785,401.0,0.4747413694858551,,,,,,,,,,,,
5,,,21299,2.0,0.9771999716758728,0.9177370071411133,0.06589134782552719,0.9558300971984863,0.8865343332290649,4.728399753570557,4.3520402908325195,686.0,0.31046831607818604,,,,,,,,,,,,
5,,,21309,2.0,0.9865999817848206,0.9623419046401978,0.032397378236055374,0.9840047359466553,0.9430114030838013,5.141640663146973,4.699145317077637,710.0,0.41009795665740967,,,,,,,,,,,,
5,,,21319,2.0,0.9857000112533569,0.9622904062271118,0.03320683166384697,0.9867274165153503,0.9408421516418457,4.896800518035889,4.586118698120117,910.0,0.2774749994277954,,,,,,,,,,,,
5,,,21329,2.0,0.964900016784668,0.9174669981002808,0.09767958521842957,0.9155446887016296,0.9194145202636719,6.394686698913574,5.827414512634277,912.0,0.4695926010608673,,,,,,,,,,,,
5,,,21339,2.0,0.9886999726295471,0.6229813098907471,0.029509007930755615,0.6658214330673218,0.5981322526931763,4.4280805587768555,4.280355930328369,67.0,0.1182156354188919,,,,,,,,,,,,
5,,,21349,2.0,0.9621999859809875,0.879011869430542,0.08881913125514984,0.8951170444488525,0.8644684553146362,5.851010322570801,5.557142734527588,722.0,0.2050485610961914,,,,,,,,,,,,
5,,,21359,2.0,0.9678999781608582,0.872065544128418,0.07481295615434647,0.8937475681304932,0.8530367612838745,6.8348917961120605,6.633735656738281,397.0,0.12634336948394775,,,,,,,,,,,,
5,,,21369,2.0,0.9879999756813049,0.974065899848938,0.0335753969848156,0.9817505478858948,0.9667245149612427,4.498223304748535,3.923273801803589,1203.0,0.5413742661476135,,,,,,,,,,,,
5,,,21379,2.0,0.9902999997138977,0.8823210000991821,0.02330740913748741,0.9294865131378174,0.8448739051818848,6.175311088562012,5.926867485046387,170.0,0.22513629496097565,,,,,,,,,,,,
5,,,21389,2.0,0.9850000143051147,0.9737170934677124,0.04088234901428223,0.9840888977050781,0.9640573263168335,4.67473840713501,4.307108402252197,1407.0,0.32674720883369446,,,,,,,,,,,,
5,,,21399,2.0,0.9822999835014343,0.9470029473304749,0.04588926210999489,0.9775997400283813,0.9209251403808594,6.747499465942383,5.236484527587891,808.0,1.4651256799697876,,,,,,,,,,,,
5,,,21409,2.0,0.9822999835014343,0.9634331464767456,0.03762226924300194,0.9571006894111633,0.9700340032577515,4.649228096008301,4.349123001098633,1080.0,0.2624824643135071,,,,,,,,,,,,
5,,,21419,2.0,0.9919000267982483,0.9834133982658386,0.026329154148697853,0.9855515956878662,0.9813029766082764,4.295185565948486,4.170085906982422,1080.0,0.09877078235149384,,,,,,,,,,,,
5,,,21429,2.0,0.9760000109672546,0.8729618787765503,0.0509972870349884,0.8369179964065552,0.919151782989502,4.95155143737793,4.278955459594727,354.0,0.6215989589691162,,,,,,,,,,,,
5,,,21439,2.0,0.9847999811172485,0.714666485786438,0.035990383476018906,0.6597760915756226,0.8328260183334351,4.651707649230957,4.564973831176758,45.0,0.05074344947934151,,,,,,,,,,,,
5,,,21449,2.0,0.9915000200271606,0.9112634658813477,0.029517963528633118,0.9309959411621094,0.8933507204055786,5.648402214050293,5.341453552246094,222.0,0.2774304449558258,,,,,,,,,,,,
5,,,21459,2.0,0.9769999980926514,0.8914127349853516,0.05574893206357956,0.8704836964607239,0.9152854681015015,5.784397602081299,4.9242730140686035,322.0,0.8043755888938904,,,,,,,,,,,,
5,,,21469,2.0,0.9972000122070312,0.8646809458732605,0.009245779365301132,0.8328807353973389,0.9033008813858032,3.838634967803955,3.785417318344116,35.0,0.04397185519337654,,,,,,,,,,,,
5,,,21479,2.0,0.9793999791145325,0.9462787508964539,0.04675066098570824,0.9433797597885132,0.9492286443710327,4.396609783172607,3.9124419689178467,916.0,0.4374171495437622,,,,,,,,,,,,
5,,,21489,2.0,0.9751999974250793,0.9587236642837524,0.059744518250226974,0.9591101408004761,0.9583383798599243,4.70272159576416,4.1695404052734375,1407.0,0.4734368324279785,,,,,,,,,,,,
5,,,21499,2.0,0.9897000193595886,0.9452182054519653,0.025056475773453712,0.9253584146499634,0.9672892093658447,4.569831371307373,4.217447280883789,247.0,0.327327698469162,,,,,,,,,,,,
5,,,21509,2.0,0.986299991607666,0.9275514483451843,0.036854345351457596,0.9035286903381348,0.9550560712814331,5.65416955947876,5.493245601654053,320.0,0.12406954914331436,,,,,,,,,,,,
5,,,21519,2.0,0.9868000149726868,0.8971890807151794,0.035132378339767456,0.9091170430183411,0.885989785194397,5.827610492706299,4.910826683044434,264.0,0.8816514015197754,,,,,,,,,,,,
5,,,21529,2.0,0.9894000291824341,0.9179171323776245,0.02744145877659321,0.9265621900558472,0.909642219543457,4.792383193969727,4.293191432952881,243.0,0.47175008058547974,,,,,,,,,,,,
5,,,21539,2.0,0.9812999963760376,0.8157373666763306,0.05252062529325485,0.8760759830474854,0.7729479074478149,4.384682655334473,4.214391708374023,214.0,0.11777001619338989,,,,,,,,,,,,
5,,,21549,2.0,0.9746999740600586,0.8411746025085449,0.05823610723018646,0.8504827618598938,0.8324010372161865,6.209896564483643,5.64334774017334,262.0,0.5083127617835999,,,,,,,,,,,,
5,,,21559,2.0,0.977400004863739,0.8828271627426147,0.05639788880944252,0.8565398454666138,0.9139829874038696,5.242655277252197,4.763317584991455,433.0,0.42293959856033325,,,,,,,,,,,,
5,,,21569,2.0,0.9700999855995178,0.903425395488739,0.07306493818759918,0.926872193813324,0.8829556703567505,7.039906024932861,6.593016147613525,862.0,0.37382522225379944,,,,,,,,,,,,
5,,,21579,2.0,0.9718999862670898,0.9021443128585815,0.06520207226276398,0.9295417666435242,0.8786686658859253,5.993286609649658,5.554654598236084,556.0,0.3734295666217804,,,,,,,,,,,,
5,,,21589,2.0,0.9858999848365784,0.9662666320800781,0.0392395555973053,0.9574800729751587,0.9755322933197021,6.0957818031311035,5.949244022369385,651.0,0.10729839652776718,,,,,,,,,,,,
5,,,21599,2.0,0.9771999716758728,0.894477128982544,0.0639079213142395,0.8676819801330566,0.9262659549713135,6.328441143035889,5.62191915512085,313.0,0.6426140069961548,,,,,,,,,,,,
5,,,21609,2.0,0.9509999752044678,0.8543516993522644,0.10358402132987976,0.9253156185150146,0.8077807426452637,7.529256820678711,6.267813205718994,673.0,1.1578599214553833,,,,,,,,,,,,
5,,,21619,2.0,0.9940000176429749,0.8950296640396118,0.016608353704214096,0.9208172559738159,0.872310221195221,4.707673072814941,4.467207431793213,117.0,0.22385723888874054,,,,,,,,,,,,
5,,,21629,2.0,0.984499990940094,0.9696826934814453,0.03483261540532112,0.9737171530723572,0.9657522439956665,5.635899543762207,4.8840532302856445,1038.0,0.7170140743255615,,,,,,,,,,,,
5,,,21639,2.0,0.989799976348877,0.9428375959396362,0.02693105861544609,0.9676914215087891,0.9207497835159302,6.459869861602783,5.618783950805664,251.0,0.8141544461250305,,,,,,,,,,,,
5,,,21649,2.0,0.965499997138977,0.8509056568145752,0.07372976094484329,0.8903099298477173,0.8197716474533081,6.391242980957031,6.119143486022949,622.0,0.19836947321891785,,,,,,,,,,,,
5,,,21659,2.0,0.9629999995231628,0.9436091780662537,0.1007007509469986,0.9333381652832031,0.9549375176429749,6.888055324554443,5.558404445648193,1663.0,1.228950023651123,,,,,,,,,,,,
5,,,21669,2.0,0.9950000047683716,0.9256288409233093,0.017612988129258156,0.9461754560470581,0.9069557189941406,5.135402679443359,5.070785045623779,148.0,0.047004811465740204,,,,,,,,,,,,
5,,,21679,2.0,0.9783999919891357,0.8794400691986084,0.0595976859331131,0.867592990398407,0.8921835422515869,6.496775150299072,6.226481914520264,437.0,0.21069560945034027,,,,,,,,,,,,
5,,,21689,2.0,0.9732999801635742,0.8015488386154175,0.05964682623744011,0.8858350515365601,0.7494227886199951,6.078558444976807,5.83381462097168,283.0,0.18509718775749207,,,,,,,,,,,,
5,,,21699,2.0,0.9772999882698059,0.8864260911941528,0.046554259955883026,0.863540530204773,0.9128961563110352,4.9949846267700195,4.639880657196045,283.0,0.3085498511791229,,,,,,,,,,,,
5,,,21709,2.0,0.9822999835014343,0.8939985036849976,0.04350864514708519,0.9671578407287598,0.8422471880912781,6.597750186920166,5.474339485168457,486.0,1.079902172088623,,,,,,,,,,,,
5,,,21719,2.0,0.989799976348877,0.8945626020431519,0.026089398190379143,0.875443696975708,0.9158719182014465,5.425644874572754,5.314542770385742,202.0,0.08501278609037399,,,,,,,,,,,,
5,,,21729,2.0,0.9442999958992004,0.8244166970252991,0.17082257568836212,0.9001724123954773,0.777248740196228,6.687873840332031,5.896947383880615,665.0,0.6201040148735046,,,,,,,,,,,,
5,,,21739,2.0,0.9793999791145325,0.9078243970870972,0.04772618040442467,0.8895365595817566,0.9282362461090088,5.8075480461120605,5.3024821281433105,493.0,0.45733973383903503,,,,,,,,,,,,
5,,,21749,2.0,0.9894000291824341,0.670167863368988,0.02653423137962818,0.7552375793457031,0.6283154487609863,4.720988750457764,4.467181205749512,69.0,0.22727333009243011,,,,,,,,,,,,
5,,,21759,2.0,0.9797999858856201,0.9579306244850159,0.06586021929979324,0.9383713006973267,0.9803284406661987,5.953051567077637,4.031730651855469,674.0,1.8554606437683105,,,,,,,,,,,,
5,,,21769,2.0,0.9803000092506409,0.7967603206634521,0.04992407560348511,0.8887732028961182,0.7414945363998413,5.8407135009765625,5.407046794891357,194.0,0.38374269008636475,,,,,,,,,,,,
5,,,21779,2.0,0.9934999942779541,0.9806511998176575,0.017557423561811447,0.9781032800674438,0.9832335710525513,5.2265777587890625,4.195709705352783,832.0,1.0133106708526611,,,,,,,,,,,,
5,,,21789,2.0,0.9886000156402588,0.972991943359375,0.03027765452861786,0.9702874422073364,0.975739598274231,4.7868428230285645,4.287949562072754,890.0,0.4686156213283539,,,,,,,,,,,,
5,,,21799,2.0,0.9901999831199646,0.891431450843811,0.023158330470323563,0.886533796787262,0.8964621424674988,5.215880870819092,4.520855903625488,133.0,0.6718665957450867,,,,,,,,,,,,
5,,,21809,2.0,0.980400025844574,0.8798584938049316,0.05402045324444771,0.8723591566085815,0.8877025842666626,6.0962419509887695,6.003457069396973,373.0,0.0387643538415432,,,,,,,,,,,,
5,,,21819,2.0,0.9790999889373779,0.9549881815910339,0.05675823986530304,0.9377861022949219,0.9743170142173767,5.447173118591309,5.11582612991333,1214.0,0.27458861470222473,,,,,,,,,,,,
5,,,21829,2.0,0.9690999984741211,0.9001954793930054,0.07411207258701324,0.9336113333702087,0.8725599050521851,6.471739768981934,5.985378265380859,467.0,0.4122495651245117,,,,,,,,,,,,
5,,,21839,2.0,0.9932000041007996,0.971371054649353,0.01767737790942192,0.9777066707611084,0.9652271270751953,5.332131862640381,5.0622992515563965,348.0,0.2521551251411438,,,,,,,,,,,,
5,,,21849,2.0,0.9853000044822693,0.9478249549865723,0.03472296893596649,0.9541265964508057,0.9417303800582886,4.888496398925781,4.588888645172119,453.0,0.26488518714904785,,,,,,,,,,,,
5,,,21859,2.0,0.9904999732971191,0.960893452167511,0.023055225610733032,0.9652326107025146,0.956647515296936,4.991498947143555,4.014694690704346,510.0,0.9537493586540222,,,,,,,,,,,,
5,,,21869,2.0,0.9656999707221985,0.8921008110046387,0.0790354460477829,0.882048487663269,0.902850329875946,6.941824913024902,6.391022205352783,763.0,0.471767395734787,,,,,,,,,,,,
5,,,21879,2.0,0.9532999992370605,0.8173989057540894,0.10204309225082397,0.8874221444129944,0.7719115018844604,5.5761590003967285,5.364323139190674,700.0,0.10979267209768295,,,,,,,,,,,,
5,,,21889,2.0,0.9894999861717224,0.7660673260688782,0.021762747317552567,0.779475748538971,0.7539242506027222,4.737006664276123,4.594700813293457,63.0,0.12054284662008286,,,,,,,,,,,,
5,,,21899,2.0,0.9193999767303467,0.8743449449539185,0.2091592699289322,0.8884700536727905,0.8621096611022949,7.654150009155273,7.0399322509765625,1692.0,0.40505850315093994,,,,,,,,,,,,
5,,,21909,2.0,0.9692999720573425,0.9558250904083252,0.0908181294798851,0.9556080102920532,0.9560426473617554,8.523383140563965,7.505026340484619,2220.0,0.9275388717651367,,,,,,,,,,,,
5,,,21919,2.0,0.9890000224113464,0.7979361414909363,0.03704017773270607,0.776290237903595,0.8234292268753052,4.773764133453369,4.656168460845947,79.0,0.08055555075407028,,,,,,,,,,,,
5,,,21929,2.0,0.9805999994277954,0.7525510191917419,0.03383059427142143,0.7525510191917419,0.7525510191917419,5.493951797485352,5.169659614562988,142.0,0.2904614508152008,,,,,,,,,,,,
5,,,21939,2.0,0.9787999987602234,0.8673710823059082,0.05172702670097351,0.836113691329956,0.9059267044067383,5.231622695922852,4.909247398376465,234.0,0.27064862847328186,,,,,,,,,,,,
5,,,21949,2.0,0.9617999792098999,0.8491063117980957,0.09798704832792282,0.8967440128326416,0.8132693767547607,6.6788835525512695,6.366968154907227,624.0,0.2139281928539276,,,,,,,,,,,,
5,,,21959,2.0,0.979200005531311,0.726655900478363,0.03855245187878609,0.7243898510932922,0.7289712429046631,5.030431747436523,4.9084601402282715,107.0,0.08341922610998154,,,,,,,,,,,,
5,,,21969,2.0,0.972599983215332,0.890570878982544,0.06560497730970383,0.9325618147850037,0.8571391105651855,7.498384475708008,7.187143802642822,391.0,0.24563546478748322,,,,,,,,,,,,
5,,,21979,2.0,0.9851999878883362,0.9548229575157166,0.03598208352923393,0.9362525939941406,0.9755153059959412,4.880354404449463,4.404984951019287,762.0,0.43938717246055603,,,,,,,,,,,,
5,,,21989,2.0,0.9835000038146973,0.843826174736023,0.039803408086299896,0.8520326614379883,0.8360193967819214,5.485114097595215,5.243950366973877,187.0,0.2013600915670395,,,,,,,,,,,,
5,,,21999,2.0,0.983299970626831,0.9764221906661987,0.04328406602144241,0.9754817485809326,0.9773709177970886,6.087808132171631,4.079035758972168,1602.0,1.9654884338378906,,,,,,,,,,,,
5,,,22009,2.0,0.9803000092506409,0.9373111724853516,0.04818321019411087,0.936162531375885,0.9384673237800598,5.526175022125244,5.164502143859863,713.0,0.3134893476963043,,,,,,,,,,,,
5,,,22019,2.0,0.9501000046730042,0.7094072699546814,0.11429355293512344,0.7631157636642456,0.6759142279624939,6.986276149749756,5.974898815155029,386.0,0.8970838785171509,,,,,,,,,,,,
5,,,22029,2.0,0.9915000200271606,0.9794386625289917,0.02147354744374752,0.9774953126907349,0.9814037084579468,4.274730205535889,3.8805501461029053,822.0,0.3727063238620758,,,,,,,,,,,,
5,,,22039,2.0,0.9599000215530396,0.9440954923629761,0.09520217031240463,0.9326738119125366,0.9570885896682739,6.016322135925293,5.354491710662842,1592.0,0.566628634929657,,,,,,,,,,,,
5,,,22049,2.0,0.9613000154495239,0.8832109570503235,0.08661752194166183,0.8568689823150635,0.9152101874351501,6.630845546722412,6.092875957489014,672.0,0.4513520300388336,,,,,,,,,,,,
5,,,22059,2.0,0.9642000198364258,0.921226978302002,0.08492551743984222,0.9293906688690186,0.9134991765022278,5.340854167938232,5.107540130615234,696.0,0.14838837087154388,,,,,,,,,,,,
5,,,22069,2.0,0.9778000116348267,0.9343934059143066,0.06481070816516876,0.9258430004119873,0.9433956146240234,5.45137357711792,4.626460075378418,586.0,0.7601028680801392,,,,,,,,,,,,
5,,,22079,2.0,0.9936000108718872,0.9465690851211548,0.015871327370405197,0.925326943397522,0.9702237844467163,4.9525980949401855,4.439685821533203,289.0,0.4970409572124481,,,,,,,,,,,,
5,,,22089,2.0,0.9815999865531921,0.9031578898429871,0.047308389097452164,0.9117631316184998,0.8949490785598755,5.87416410446167,5.544842720031738,264.0,0.28201302886009216,,,,,,,,,,,,
5,,,22099,2.0,0.9696999788284302,0.8660050630569458,0.07057683914899826,0.9211855530738831,0.8252440690994263,6.455437183380127,6.164540767669678,626.0,0.22031977772712708,,,,,,,,,,,,
5,,,22109,2.0,0.9886999726295471,0.936219334602356,0.02803056687116623,0.9366664886474609,0.9357731342315674,5.569082260131836,5.196817874908447,285.0,0.34423401951789856,,,,,,,,,,,,
5,,,22119,2.0,0.9904999732971191,0.9293900728225708,0.030727114528417587,0.9107200503349304,0.9500033855438232,5.2620344161987305,4.7505292892456055,167.0,0.4807780385017395,,,,,,,,,,,,
5,,,22129,2.0,0.9772999882698059,0.9395353198051453,0.05819691717624664,0.9614139795303345,0.9202002286911011,6.247938632965088,6.005373954772949,667.0,0.18436768651008606,,,,,,,,,,,,
5,,,22139,2.0,0.9787999987602234,0.8896744251251221,0.04921559616923332,0.8956077098846436,0.8839395046234131,6.24262809753418,6.014488697052002,377.0,0.17892344295978546,,,,,,,,,,,,
5,,,22149,2.0,0.9912999868392944,0.9727733731269836,0.02278883568942547,0.9730176329612732,0.972529411315918,4.023263931274414,3.6979904174804688,736.0,0.30248481035232544,,,,,,,,,,,,
5,,,22159,2.0,0.9361000061035156,0.879641056060791,0.13900336623191833,0.8827181458473206,0.8766444325447083,7.094991683959961,6.444980621337891,1029.0,0.5110077857971191,,,,,,,,,,,,
5,,,22169,2.0,0.9853000044822693,0.9639318585395813,0.032170966267585754,0.9802670478820801,0.9490219354629517,4.080700874328613,3.8128771781921387,1127.0,0.23565292358398438,,,,,,,,,,,,
5,,,22179,2.0,0.9807000160217285,0.7772327661514282,0.04754219204187393,0.7880629301071167,0.767235517501831,5.492338180541992,5.121668338775635,181.0,0.32312795519828796,,,,,,,,,,,,
5,,,22189,2.0,0.9861999750137329,0.9678373336791992,0.03878992795944214,0.9769753217697144,0.9591695070266724,5.45711612701416,4.885664939880371,1155.0,0.5326612591743469,,,,,,,,,,,,
5,,,22199,2.0,0.984000027179718,0.9261907339096069,0.05127951502799988,0.9822001457214355,0.8831864595413208,5.498810768127441,5.170078277587891,583.0,0.27745315432548523,,,,,,,,,,,,
5,,,22209,2.0,0.9713000059127808,0.9163484573364258,0.06897201389074326,0.8925014734268188,0.9443215131759644,8.437399864196777,5.507848262786865,727.0,2.860579252243042,,,,,,,,,,,,
5,,,22219,2.0,0.9872999787330627,0.9805008172988892,0.03243991732597351,0.9832316637039185,0.9778293371200562,3.8934078216552734,3.6645448207855225,1356.0,0.1964229792356491,,,,,,,,,,,,
5,,,22229,2.0,0.977400004863739,0.9618036150932312,0.060548022389411926,0.9698187112808228,0.9542486667633057,8.121042251586914,7.6937055587768555,929.0,0.3667892813682556,,,,,,,,,,,,
5,,,22239,2.0,0.9801999926567078,0.9060478210449219,0.0449703186750412,0.9333252906799316,0.882418155670166,6.978395462036133,6.614193439483643,440.0,0.3192313015460968,,,,,,,,,,,,
5,,,22249,2.0,0.9717000126838684,0.8653742074966431,0.06651578843593597,0.8984561562538147,0.8380257487297058,6.432431697845459,5.7062554359436035,427.0,0.659660279750824,,,,,,,,,,,,
5,,,22259,2.0,0.98089998960495,0.9687013626098633,0.042209625244140625,0.9715124368667603,0.9659498929977417,5.546530723571777,5.299143314361572,1796.0,0.2051776796579361,,,,,,,,,,,,
5,,,22269,2.0,0.9764999747276306,0.8793960809707642,0.048755668103694916,0.8551133871078491,0.9078290462493896,5.886727809906006,5.5969438552856445,364.0,0.24102820456027985,,,,,,,,,,,,
5,,,22279,2.0,0.9789999723434448,0.9073483943939209,0.050880104303359985,0.9316796660423279,0.8859858512878418,5.826720714569092,5.541537761688232,531.0,0.23430289328098297,,,,,,,,,,,,
5,,,22289,2.0,0.9750000238418579,0.9662766456604004,0.05980013310909271,0.9699285626411438,0.9627615213394165,6.013357162475586,4.07307243347168,1547.0,1.8804848194122314,,,,,,,,,,,,
5,,,22299,2.0,0.9747999906539917,0.9585610628128052,0.05366704612970352,0.9465219974517822,0.9718657732009888,5.461748123168945,4.241039752960205,1747.0,1.1670410633087158,,,,,,,,,,,,
5,,,22309,2.0,0.9822999835014343,0.8236134052276611,0.03730399161577225,0.7619484066963196,0.92781662940979,5.5810770988464355,5.443161964416504,160.0,0.10061131417751312,,,,,,,,,,,,
5,,,22319,2.0,0.9786999821662903,0.9174937605857849,0.043744418770074844,0.9710303544998169,0.8764879703521729,6.257678508758545,6.016755104064941,497.0,0.19717900454998016,,,,,,,,,,,,
5,,,22329,2.0,0.98089998960495,0.9179550409317017,0.04841480031609535,0.9431955814361572,0.8958319425582886,6.328502655029297,5.940409183502197,487.0,0.3396788239479065,,,,,,,,,,,,
5,,,22339,2.0,0.9649999737739563,0.9392845630645752,0.09561683982610703,0.9365373849868774,0.9420922994613647,4.9917449951171875,4.694864749908447,1282.0,0.20126327872276306,,,,,,,,,,,,
5,,,22349,2.0,0.9799000024795532,0.9347280263900757,0.0728716179728508,0.9145898818969727,0.9574782848358154,5.047389507293701,4.701349258422852,587.0,0.2731685936450958,,,,,,,,,,,,
5,,,22359,2.0,0.9883000254631042,0.9701106548309326,0.030773082748055458,0.965123176574707,0.9752431511878967,4.101814270019531,3.709080219268799,914.0,0.3619609773159027,,,,,,,,,,,,
5,,,22369,2.0,0.9918000102043152,0.9799785614013672,0.024397093802690506,0.9810625314712524,0.9789012670516968,5.1280317306518555,4.921354293823242,746.0,0.18228071928024292,,,,,,,,,,,,
5,,,22379,2.0,0.9728999733924866,0.9676297307014465,0.0650680884718895,0.9749063849449158,0.9610980749130249,4.882951259613037,4.464957237243652,1824.0,0.3529258966445923,,,,,,,,,,,,
5,,,22389,2.0,0.9399999976158142,0.9118359088897705,0.1565866768360138,0.9381752014160156,0.8912539482116699,6.763913154602051,6.457379341125488,1846.0,0.14994731545448303,,,,,,,,,,,,
5,,,22399,2.0,0.9697999954223633,0.6490983366966248,0.05992927774786949,0.620925784111023,0.6974083185195923,5.264518737792969,4.715763568878174,91.0,0.48882555961608887,,,,,,,,,,,,
5,,,22409,2.0,0.9925000071525574,0.8726785182952881,0.019824370741844177,0.8976166248321533,0.8507786393165588,5.518866539001465,5.01560640335083,90.0,0.4834357500076294,,,,,,,,,,,,
5,,,22419,2.0,0.9728000164031982,0.9278826713562012,0.05250474810600281,0.928600549697876,0.9271680116653442,4.056865215301514,3.731421947479248,878.0,0.2729385495185852,,,,,,,,,,,,
5,,,22429,2.0,0.9807000160217285,0.9193958044052124,0.04395744577050209,0.9397317171096802,0.9011361598968506,5.756881237030029,5.339271068572998,507.0,0.3736528158187866,,,,,,,,,,,,
5,,,22439,2.0,0.9904000163078308,0.8308982849121094,0.027551699429750443,0.8689018487930298,0.8002101182937622,3.940659284591675,3.7115302085876465,116.0,0.20157751441001892,,,,,,,,,,,,
5,,,22449,2.0,0.9900000095367432,0.7722467184066772,0.021499034017324448,0.8549909591674805,0.7214110493659973,6.901785850524902,5.155792236328125,73.0,1.7244945764541626,,,,,,,,,,,,
5,,,22459,2.0,0.967199981212616,0.8999780416488647,0.07793792337179184,0.9069275856018066,0.8933231830596924,7.564345836639404,6.196009635925293,616.0,1.2903980016708374,,,,,,,,,,,,
5,,,22469,2.0,0.9632999897003174,0.9247159957885742,0.11295362561941147,0.9206593036651611,0.9288937449455261,6.440310001373291,6.141691207885742,1365.0,0.18566496670246124,,,,,,,,,,,,
5,,,22479,2.0,0.9865000247955322,0.798619270324707,0.03128673881292343,0.8457222580909729,0.7632204294204712,4.683908462524414,4.140845775604248,126.0,0.5117761492729187,,,,,,,,,,,,
5,,,22489,2.0,0.9825999736785889,0.9762592911720276,0.03834448382258415,0.9807926416397095,0.9719245433807373,5.885000228881836,5.0121965408325195,2301.0,0.8344593644142151,,,,,,,,,,,,
5,,,22499,2.0,0.9722999930381775,0.833014965057373,0.07093767821788788,0.8580594062805176,0.8115934133529663,5.650985240936279,5.446825981140137,367.0,0.13322170078754425,,,,,,,,,,,,
5,,,22509,2.0,0.9850999712944031,0.9115403890609741,0.036970194429159164,0.8925221562385559,0.9327374696731567,6.128101825714111,5.729840278625488,280.0,0.3612914979457855,,,,,,,,,,,,
5,,,22519,2.0,0.9307000041007996,0.829707145690918,0.1535526067018509,0.8956401348114014,0.7878320217132568,8.596566200256348,7.3655781745910645,987.0,1.077435851097107,,,,,,,,,,,,
5,,,22529,2.0,0.9807999730110168,0.9474589228630066,0.04696838557720184,0.9739159941673279,0.9245390892028809,4.8306403160095215,4.622540473937988,831.0,0.16113145649433136,,,,,,,,,,,,
5,,,22539,2.0,0.9559000134468079,0.8596659898757935,0.09238474816083908,0.9118109941482544,0.8215941190719604,7.504631042480469,6.966268062591553,695.0,0.44597798585891724,,,,,,,,,,,,
5,,,22549,2.0,0.9886000156402588,0.9646338224411011,0.037962011992931366,0.9699288606643677,0.9594850540161133,6.038140773773193,5.84172248840332,852.0,0.15845641493797302,,,,,,,,,,,,
5,,,22559,2.0,0.9848999977111816,0.9656854867935181,0.03925936296582222,0.9719793796539307,0.9596222639083862,4.971202373504639,4.783127307891846,1191.0,0.14881569147109985,,,,,,,,,,,,
5,,,22569,2.0,0.9824000000953674,0.9615233540534973,0.03781232237815857,0.9500603675842285,0.9738690257072449,4.625577449798584,3.9854416847229004,1175.0,0.6023237109184265,,,,,,,,,,,,
5,,,22579,2.0,0.9779999852180481,0.9476906061172485,0.04310939833521843,0.950304388999939,0.9451183676719666,4.43210506439209,4.1038498878479,1104.0,0.28514572978019714,,,,,,,,,,,,
5,,,22589,2.0,0.9836999773979187,0.9672335982322693,0.044832710176706314,0.957311749458313,0.977836549282074,4.818541526794434,4.278984069824219,867.0,0.49472469091415405,,,,,,,,,,,,
5,,,22599,2.0,0.9599000215530396,0.9313478469848633,0.10139790922403336,0.9228018522262573,0.9405338764190674,5.257538795471191,4.898297309875488,1048.0,0.25784337520599365,,,,,,,,,,,,
5,,,22609,2.0,0.9805999994277954,0.9381026029586792,0.050892628729343414,0.9485977292060852,0.9281980991363525,6.75532341003418,6.495645046234131,494.0,0.20878568291664124,,,,,,,,,,,,
5,,,22619,2.0,0.9819999933242798,0.9283105134963989,0.05952382832765579,0.940517008304596,0.9168742895126343,6.2689619064331055,5.856057643890381,548.0,0.3533802926540375,,,,,,,,,,,,
5,,,22629,2.0,0.9596999883651733,0.8289470076560974,0.08900455385446548,0.8626028299331665,0.8019014596939087,6.133077621459961,5.677424907684326,611.0,0.36664795875549316,,,,,,,,,,,,
5,,,22639,2.0,0.9861000180244446,0.9667208194732666,0.03466019406914711,0.9844776391983032,0.9506420493125916,4.135834217071533,3.884132146835327,1041.0,0.2170419842004776,,,,,,,,,,,,
5,,,22649,2.0,0.9552000164985657,0.8004841804504395,0.11557268351316452,0.8258870840072632,0.7793453931808472,6.859467506408691,6.3988847732543945,451.0,0.3450103998184204,,,,,,,,,,,,
5,,,22659,2.0,0.9901000261306763,0.8273853659629822,0.021768560633063316,0.9483325481414795,0.7589500546455383,6.023464679718018,5.499858856201172,139.0,0.5018372535705566,,,,,,,,,,,,
5,,,22669,2.0,0.9621999859809875,0.9301460981369019,0.07598838955163956,0.9502941370010376,0.9126789569854736,4.5618133544921875,4.170164108276367,1462.0,0.31566092371940613,,,,,,,,,,,,
5,,,22679,2.0,0.9603000283241272,0.8839577436447144,0.09763486683368683,0.9052152633666992,0.8653742074966431,6.301949501037598,5.649900913238525,543.0,0.5544137954711914,,,,,,,,,,,,
5,,,22689,2.0,0.98580002784729,0.9682580232620239,0.057488616555929184,0.9801877737045288,0.9571323990821838,5.379009246826172,4.916616916656494,1259.0,0.4049037992954254,,,,,,,,,,,,
5,,,22699,2.0,0.9721999764442444,0.9020938873291016,0.05729570984840393,0.8997146487236023,0.904508113861084,5.777962684631348,4.95816707611084,630.0,0.7624998688697815,,,,,,,,,,,,
5,,,22709,2.0,0.9858999848365784,0.9434138536453247,0.03756878897547722,0.9189155101776123,0.9715733528137207,5.84541130065918,5.465822696685791,366.0,0.34202003479003906,,,,,,,,,,,,
5,,,22719,2.0,0.9765999913215637,0.9068036675453186,0.060397546738386154,0.8603709936141968,0.9705002903938293,4.784913063049316,4.431725025177002,394.0,0.29279035329818726,,,,,,,,,,,,
5,,,22729,2.0,0.9800000190734863,0.9683926105499268,0.050905101001262665,0.9698364734649658,0.9669654369354248,7.424325942993164,4.631100177764893,1493.0,2.7423207759857178,,,,,,,,,,,,
5,,,22739,2.0,0.9934999942779541,0.924974799156189,0.016107134521007538,0.9355580806732178,0.9149181842803955,5.203043460845947,4.8801398277282715,203.0,0.306796669960022,,,,,,,,,,,,
5,,,22749,2.0,0.9660000205039978,0.9433876872062683,0.08633019775152206,0.9495071768760681,0.9375578165054321,4.508322715759277,4.241591930389404,1214.0,0.1804003119468689,,,,,,,,,,,,
5,,,22759,2.0,0.9829999804496765,0.9699217081069946,0.04417232424020767,0.9675299525260925,0.9723548293113708,5.850001811981201,4.901578426361084,1202.0,0.9042512774467468,,,,,,,,,,,,
5,,,22769,2.0,0.9894999861717224,0.7508678436279297,0.025744585320353508,0.7176897525787354,0.7965186834335327,4.148173809051514,3.8440120220184326,46.0,0.27841717004776,,,,,,,,,,,,
5,,,22779,2.0,0.944599986076355,0.8277807831764221,0.12953300774097443,0.8699619770050049,0.796177089214325,7.197525978088379,6.856740474700928,878.0,0.21125271916389465,,,,,,,,,,,,
5,,,22789,2.0,0.987500011920929,0.9022144675254822,0.032244764268398285,0.8969994783401489,0.9075800776481628,4.561553001403809,4.1284918785095215,218.0,0.4008164405822754,,,,,,,,,,,,
5,,,22799,2.0,0.9900000095367432,0.9612388610839844,0.02521781250834465,0.9726501703262329,0.9504575729370117,4.6180830001831055,4.352004051208496,668.0,0.24086105823516846,,,,,,,,,,,,
5,,,22809,2.0,0.9789999723434448,0.9261301755905151,0.0425848625600338,0.9365766048431396,0.9162715077400208,4.900895595550537,4.144970893859863,756.0,0.7133396863937378,,,,,,,,,,,,
5,,,22819,2.0,0.9562000036239624,0.8480954766273499,0.09337033331394196,0.8875349164009094,0.8173468112945557,6.473816871643066,5.7946457862854,557.0,0.5858007669448853,,,,,,,,,,,,
5,,,22829,2.0,0.9843999743461609,0.8832434415817261,0.03779834136366844,0.921073317527771,0.8521069884300232,5.709556579589844,4.900735378265381,311.0,0.7710227966308594,,,,,,,,,,,,
5,,,22839,2.0,0.9746000170707703,0.9435219764709473,0.05791616812348366,0.9391943216323853,0.9479743838310242,4.514899730682373,4.303411483764648,812.0,0.153572216629982,,,,,,,,,,,,
5,,,22849,2.0,0.9879000186920166,0.8705959320068359,0.02751297317445278,0.8197084069252014,0.942397952079773,5.114725589752197,4.919556617736816,113.0,0.16765592992305756,,,,,,,,,,,,
5,,,22859,2.0,0.996999979019165,0.9043073654174805,0.011447549797594547,0.9433364868164062,0.8716895580291748,5.139769077301025,4.326013088226318,75.0,0.8023084998130798,,,,,,,,,,,,
5,,,22869,2.0,0.9927999973297119,0.9519730806350708,0.022940490394830704,0.9349182844161987,0.9705610275268555,5.555127143859863,5.224394798278809,246.0,0.30779165029525757,,,,,,,,,,,,
5,,,22879,2.0,0.9818000197410583,0.9459021091461182,0.046736251562833786,0.953851044178009,0.9382971525192261,5.165187835693359,4.704514980316162,650.0,0.4139363765716553,,,,,,,,,,,,
5,,,22889,2.0,0.9822999835014343,0.7965978980064392,0.04523871839046478,0.8655521869659424,0.7504675388336182,5.857321262359619,5.781518936157227,231.0,0.030563805252313614,,,,,,,,,,,,
5,,,22899,2.0,0.9922000169754028,0.9543346166610718,0.019919145852327347,0.9467277526855469,0.9622345566749573,3.6614906787872314,3.564380168914795,405.0,0.07719141244888306,,,,,,,,,,,,
5,,,22909,2.0,0.9936000108718872,0.9305647015571594,0.015034697018563747,0.9184719324111938,0.9434190988540649,6.158538818359375,5.721419334411621,212.0,0.4220849275588989,,,,,,,,,,,,
5,,,22919,2.0,0.9749000072479248,0.9172370433807373,0.06027035415172577,0.9089491367340088,0.9259542226791382,6.758593559265137,5.9112958908081055,555.0,0.78702712059021,,,,,,,,,,,,
5,,,22929,2.0,0.954800009727478,0.8666788339614868,0.11146246641874313,0.9156535863876343,0.8303574323654175,8.773816108703613,6.88180685043335,986.0,1.780547022819519,,,,,,,,,,,,
5,,,22939,2.0,0.941100001335144,0.861405611038208,0.13715149462223053,0.8471826314926147,0.877447783946991,6.6074538230896,5.6259989738464355,634.0,0.84430330991745,,,,,,,,,,,,
5,,,22949,2.0,0.9702000021934509,0.8604775667190552,0.08376505225896835,0.9096392393112183,0.8231502175331116,6.382195472717285,6.013060092926025,469.0,0.28537023067474365,,,,,,,,,,,,
5,,,22959,2.0,0.9810000061988831,0.954393744468689,0.05599876120686531,0.9428203701972961,0.9668388366699219,4.86686372756958,4.451416015625,906.0,0.35944870114326477,,,,,,,,,,,,
5,,,22969,2.0,0.9799000024795532,0.9104148149490356,0.05369611084461212,0.8737768530845642,0.9566291570663452,7.202846527099609,6.769640922546387,403.0,0.3795093297958374,,,,,,,,,,,,
5,,,22979,2.0,0.9839000105857849,0.9738624691963196,0.03900698199868202,0.9724401235580444,0.9753005504608154,6.979495525360107,5.415454864501953,1799.0,1.5250335931777954,,,,,,,,,,,,
5,,,22989,2.0,0.9900000095367432,0.8577896356582642,0.025747494772076607,0.9071705937385559,0.8194668292999268,6.155828475952148,5.723296165466309,161.0,0.406785249710083,,,,,,,,,,,,
5,,,22999,2.0,0.9592000246047974,0.9322361946105957,0.0881463810801506,0.9662216305732727,0.9058136940002441,5.487808704376221,4.40668249130249,1587.0,0.9929800629615784,,,,,,,,,,,,
5,,,23009,2.0,0.980400025844574,0.9388197064399719,0.061818718910217285,0.920019268989563,0.9598798751831055,5.756189346313477,5.196530818939209,780.0,0.49784013628959656,,,,,,,,,,,,
5,,,23019,2.0,0.9904999732971191,0.6114314198493958,0.03160303831100464,0.6343400478363037,0.5953587889671326,3.904111862182617,3.735785484313965,42.0,0.1367233693599701,,,,,,,,,,,,
5,,,23029,2.0,0.9797000288963318,0.9071875810623169,0.04945821687579155,0.8917698264122009,0.9240845441818237,5.986952781677246,5.659751892089844,482.0,0.2777431011199951,,,,,,,,,,,,
5,,,23039,2.0,0.9715999960899353,0.9190903306007385,0.07098303735256195,0.9194755554199219,0.9187060594558716,6.839274883270264,6.315912246704102,591.0,0.45237988233566284,,,,,,,,,,,,
5,,,23049,2.0,0.9695000052452087,0.837470531463623,0.07290031015872955,0.8039022088050842,0.8809242248535156,6.136730194091797,5.724051475524902,420.0,0.3397783637046814,,,,,,,,,,,,
5,,,23059,2.0,0.9904000163078308,0.9742882251739502,0.02685019187629223,0.974690854549408,0.9738864302635193,4.459297180175781,3.951866626739502,811.0,0.4805803596973419,,,,,,,,,,,,
5,,,23069,2.0,0.993399977684021,0.8170161843299866,0.015138974413275719,0.839209794998169,0.7976058721542358,4.4702372550964355,4.368797779083252,56.0,0.08630052208900452,,,,,,,,,,,,
5,,,23079,2.0,0.9689000248908997,0.9265053272247314,0.06995751708745956,0.9230242371559143,0.9300676584243774,6.800594329833984,6.404900550842285,599.0,0.32573625445365906,,,,,,,,,,,,
5,,,23089,2.0,0.9713000059127808,0.8755936622619629,0.06525860726833344,0.8998569846153259,0.8545278310775757,6.137332439422607,5.16223669052124,336.0,0.9098374247550964,,,,,,,,,,,,
5,,,23099,2.0,0.9832000136375427,0.9733577966690063,0.039981354027986526,0.9737234115600586,0.9729933738708496,3.919806480407715,3.782406806945801,1112.0,0.09741824120283127,,,,,,,,,,,,
5,,,23109,2.0,0.9567000269889832,0.9215633273124695,0.11585179716348648,0.9180358648300171,0.9251924157142639,6.721039772033691,4.805968761444092,1027.0,1.799219012260437,,,,,,,,,,,,
5,,,23119,2.0,0.9514999985694885,0.9084587097167969,0.11198291182518005,0.9377715587615967,0.8846992254257202,8.371969223022461,7.898212909698486,1672.0,0.3617733418941498,,,,,,,,,,,,
5,,,23129,2.0,0.9909999966621399,0.9392183423042297,0.02374383807182312,0.9381262063980103,0.9403164982795715,4.785385608673096,4.34172248840332,229.0,0.41991958022117615,,,,,,,,,,,,
5,,,23139,2.0,0.9772999882698059,0.8895829916000366,0.051655109971761703,0.8899211883544922,0.8892455101013184,7.377139091491699,6.941783905029297,385.0,0.38369986414909363,,,,,,,,,,,,
5,,,23149,2.0,0.9646999835968018,0.7965854406356812,0.09258216619491577,0.8690153360366821,0.750083327293396,6.568368434906006,5.861485958099365,283.0,0.6143003106117249,,,,,,,,,,,,
5,,,23159,2.0,0.9556000232696533,0.9317429661750793,0.10796573758125305,0.9304946064949036,0.9330059885978699,5.513846397399902,4.782261848449707,1088.0,0.6236184239387512,,,,,,,,,,,,
5,,,23169,2.0,0.9837999939918518,0.9626895785331726,0.0403357557952404,0.968895435333252,0.9567083120346069,3.945486068725586,3.7846851348876953,1215.0,0.12046539038419724,,,,,,,,,,,,
5,,,23179,2.0,0.9879000186920166,0.9546973705291748,0.03301948308944702,0.9597176909446716,0.949805736541748,5.982651233673096,5.574586868286133,401.0,0.37504464387893677,,,,,,,,,,,,
5,,,23189,2.0,0.9729999899864197,0.9455223083496094,0.06986677646636963,0.9437456130981445,0.947320818901062,5.730247974395752,5.186091899871826,1079.0,0.4742896258831024,,,,,,,,,,,,
5,,,23199,2.0,0.9847999811172485,0.8881068229675293,0.033279143273830414,0.845992922782898,0.9432697892189026,5.297624111175537,5.109864234924316,223.0,0.15448088943958282,,,,,,,,,,,,
5,,,23209,2.0,0.9847999811172485,0.9288341999053955,0.04247530922293663,0.9498946666717529,0.9099063873291016,5.547735214233398,4.643784523010254,424.0,0.86147540807724,,,,,,,,,,,,
5,,,23219,2.0,0.9919000267982483,0.9755798578262329,0.017774673178792,0.9810492992401123,0.9702638387680054,4.3039984703063965,3.5872304439544678,858.0,0.6989936232566833,,,,,,,,,,,,
5,,,23229,2.0,0.9853000044822693,0.8755199313163757,0.038229070603847504,0.879751443862915,0.8713887929916382,5.050120830535889,4.5767340660095215,195.0,0.4351577162742615,,,,,,,,,,,,
5,,,23239,2.0,0.9944999814033508,0.9436994791030884,0.017314614728093147,0.9588991403579712,0.929526686668396,6.186272621154785,5.339972019195557,206.0,0.8289862275123596,,,,,,,,,,,,
5,,,23249,2.0,0.9750999808311462,0.9630728960037231,0.06443437933921814,0.9600574374198914,0.9661722183227539,5.8926286697387695,5.504557132720947,1871.0,0.3236371576786041,,,,,,,,,,,,
5,,,23259,2.0,0.9160000085830688,0.8081315755844116,0.16559045016765594,0.9033652544021606,0.7591008543968201,11.07565689086914,7.389558792114258,886.0,3.5205078125,,,,,,,,,,,,
5,,,23269,2.0,0.9866999983787537,0.8767602443695068,0.029426105320453644,0.8482816219329834,0.9107370376586914,5.636923789978027,5.278347015380859,196.0,0.32915058732032776,,,,,,,,,,,,
5,,,23279,2.0,0.9839000105857849,0.9498222470283508,0.038806766271591187,0.9533218145370483,0.9463893175125122,5.843668460845947,5.457090854644775,683.0,0.34777066111564636,,,,,,,,,,,,
5,,,23289,2.0,0.9584000110626221,0.8175934553146362,0.09608999639749527,0.9357659816741943,0.7549735307693481,6.701432704925537,6.109640121459961,667.0,0.49570295214653015,,,,,,,,,,,,
5,,,23299,2.0,0.9668999910354614,0.9544961452484131,0.08617153018712997,0.9523675441741943,0.9566738605499268,6.0341644287109375,5.469152927398682,2047.0,0.4788397550582886,,,,,,,,,,,,
5,,,23309,2.0,0.9746000170707703,0.9500037431716919,0.060986265540122986,0.9730361700057983,0.9301178455352783,4.996628761291504,4.766963481903076,1071.0,0.16867919266223907,,,,,,,,,,,,
5,,,23319,2.0,0.9785000085830688,0.9017011523246765,0.05145987495779991,0.9241634607315063,0.8818126320838928,5.353100299835205,5.061790943145752,409.0,0.23984946310520172,,,,,,,,,,,,
5,,,23329,2.0,0.982699990272522,0.8368382453918457,0.04383499547839165,0.9591742753982544,0.76811283826828,4.88551664352417,4.596781253814697,191.0,0.24490024149417877,,,,,,,,,,,,
5,,,23339,2.0,0.983299970626831,0.9252161979675293,0.04292680323123932,0.9289454221725464,0.9215610027313232,5.182153701782227,5.015729904174805,461.0,0.12349699437618256,,,,,,,,,,,,
5,,,23349,2.0,0.9696999788284302,0.9304804801940918,0.06857272982597351,0.9256622195243835,0.9354566335678101,5.599648475646973,5.026318073272705,638.0,0.5047580599784851,,,,,,,,,,,,
5,,,23359,2.0,0.9843000173568726,0.9250600934028625,0.04472315311431885,0.9533953666687012,0.9004753828048706,6.178802013397217,6.024647235870361,535.0,0.1094316765666008,,,,,,,,,,,,
5,,,23369,2.0,0.9922000169754028,0.986499547958374,0.01812508888542652,0.9834679365158081,0.9895966053009033,4.433056831359863,3.8098878860473633,917.0,0.6050438284873962,,,,,,,,,,,,
5,,,23379,2.0,0.9714999794960022,0.864651620388031,0.061862073838710785,0.8251607418060303,0.9173697233200073,6.5339274406433105,6.364165782928467,369.0,0.10789959132671356,,,,,,,,,,,,
5,,,23389,2.0,0.9869999885559082,0.910643458366394,0.0320306234061718,0.8835396766662598,0.9423242211341858,5.587142467498779,4.744623184204102,225.0,0.8104885220527649,,,,,,,,,,,,
5,,,23399,2.0,0.9740999937057495,0.921992838382721,0.056847333908081055,0.9063585996627808,0.9392533302307129,6.225950717926025,5.207790851593018,588.0,0.9613128900527954,,,,,,,,,,,,
5,,,23409,2.0,0.9652000069618225,0.9461081027984619,0.08887314051389694,0.953405499458313,0.9392517805099487,5.639166355133057,5.0374884605407715,1166.0,0.512805163860321,,,,,,,,,,,,
5,,,23419,2.0,0.9894000291824341,0.9767063856124878,0.031019704416394234,0.9814114570617676,0.972130298614502,4.199345588684082,3.796851873397827,1175.0,0.37147408723831177,,,,,,,,,,,,
5,,,23429,2.0,0.965399980545044,0.8594802618026733,0.0758659690618515,0.8261728286743164,0.9022672176361084,5.788243770599365,5.409280776977539,451.0,0.303097128868103,,,,,,,,,,,,
5,,,23439,2.0,0.9789999723434448,0.8884159922599792,0.051390428096055984,0.8975797891616821,0.8797170519828796,6.414878845214844,5.713937759399414,461.0,0.6495504379272461,,,,,,,,,,,,
5,,,23449,2.0,0.9757000207901001,0.797446608543396,0.05765454098582268,0.7366527915000916,0.9072406888008118,6.166720390319824,5.645102024078369,169.0,0.4639638364315033,,,,,,,,,,,,
5,,,23459,2.0,0.9902999997138977,0.9188916683197021,0.022370140999555588,0.9433364868164062,0.8971707820892334,5.08248233795166,4.875607490539551,186.0,0.18450461328029633,,,,,,,,,,,,
5,,,23469,2.0,0.9855999946594238,0.9640274047851562,0.03217821195721626,0.9576835632324219,0.9706138372421265,4.762994289398193,3.9067575931549072,890.0,0.8240585327148438,,,,,,,,,,,,
5,,,23479,2.0,0.9729999899864197,0.9591985940933228,0.07824443280696869,0.9585546255111694,0.9598461389541626,5.550929069519043,4.90240478515625,1801.0,0.5702800154685974,,,,,,,,,,,,
5,,,23489,2.0,0.9743000268936157,0.8084515929222107,0.05414688214659691,0.7624391913414001,0.8769947290420532,6.008676052093506,5.829080581665039,240.0,0.12544865906238556,,,,,,,,,,,,
5,,,23499,2.0,0.9578999876976013,0.8858366012573242,0.12234219908714294,0.8405531644821167,0.9518383741378784,6.915359973907471,5.821950435638428,630.0,0.9710673689842224,,,,,,,,,,,,
5,,,23509,2.0,0.9901000261306763,0.9648616909980774,0.024240342900156975,0.9558485746383667,0.9743160009384155,4.035180568695068,3.8763558864593506,611.0,0.13458456099033356,,,,,,,,,,,,
5,,,23519,2.0,0.9810000061988831,0.957186222076416,0.06404049694538116,0.9447788596153259,0.9706279039382935,6.102788925170898,4.952047348022461,1172.0,1.0867009162902832,,,,,,,,,,,,
5,,,23529,2.0,0.9914000034332275,0.9345390796661377,0.04028106480836868,0.9499006271362305,0.9202684164047241,4.330402851104736,4.083994388580322,213.0,0.2061271071434021,,,,,,,,,,,,
5,,,23539,2.0,0.9807000160217285,0.9403994679450989,0.050357088446617126,0.9215697050094604,0.9614944458007812,5.998948097229004,5.05256986618042,554.0,0.8960215449333191,,,,,,,,,,,,
5,,,23549,2.0,0.9363999962806702,0.8070192337036133,0.1469428539276123,0.8019461631774902,0.8123242855072021,7.074860095977783,6.460546493530273,584.0,0.46737030148506165,,,,,,,,,,,,
5,,,23559,2.0,0.9495000243186951,0.8804020881652832,0.11502794176340103,0.8487686514854431,0.9218562841415405,6.823227882385254,6.3065690994262695,840.0,0.4016307294368744,,,,,,,,,,,,
5,,,23569,2.0,0.9650999903678894,0.9326907992362976,0.0804532989859581,0.9351446628570557,0.9302802085876465,5.103688716888428,4.7014851570129395,986.0,0.32175031304359436,,,,,,,,,,,,
5,,,23579,2.0,0.9904999732971191,0.8248646259307861,0.02861221320927143,0.7906335592269897,0.868661642074585,5.282522678375244,5.057371139526367,97.0,0.19653938710689545,,,,,,,,,,,,
5,,,23589,2.0,0.9847999811172485,0.7992340326309204,0.033215321600437164,0.7611101865768433,0.8513697385787964,4.809425354003906,4.488709926605225,85.0,0.28749996423721313,,,,,,,,,,,,
5,,,23599,2.0,0.9797999858856201,0.9691474437713623,0.05101019889116287,0.9789637923240662,0.9600821137428284,5.436248302459717,5.12601375579834,1940.0,0.25922444462776184,,,,,,,,,,,,
5,,,23609,2.0,0.9763000011444092,0.9027181267738342,0.054704450070858,0.8956784605979919,0.9100607633590698,6.2752814292907715,6.0571608543396,466.0,0.1634158045053482,,,,,,,,,,,,
5,,,23619,2.0,0.9477999806404114,0.9361734390258789,0.14501719176769257,0.9415771961212158,0.9311909675598145,7.457457542419434,6.259119510650635,2534.0,1.0533210039138794,,,,,,,,,,,,
5,,,23629,2.0,0.9878000020980835,0.9121139049530029,0.037823859602212906,0.9483250379562378,0.8817204236984253,5.523480415344238,5.015528678894043,349.0,0.4701278805732727,,,,,,,,,,,,
5,,,23639,2.0,0.9750999808311462,0.9045670032501221,0.056197185069322586,0.9124791026115417,0.8970087766647339,6.1143364906311035,5.566944122314453,592.0,0.49119529128074646,,,,,,,,,,,,
5,,,23649,2.0,0.9927999973297119,0.9762983918190002,0.025473792105913162,0.9837650060653687,0.9691076278686523,4.323803901672363,3.4309186935424805,774.0,0.8674111366271973,,,,,,,,,,,,
5,,,23659,2.0,0.9818999767303467,0.956916868686676,0.048055704683065414,0.9705366492271423,0.9443320035934448,4.232172012329102,3.9715957641601562,1127.0,0.2125207781791687,,,,,,,,,,,,
5,,,23669,2.0,0.9800000190734863,0.943539023399353,0.03883300721645355,0.9635496139526367,0.9256174564361572,4.025263786315918,3.654413938522339,874.0,0.3320167362689972,,,,,,,,,,,,
5,,,23679,2.0,0.9811999797821045,0.9265398979187012,0.04607383906841278,0.9259657859802246,0.9271159172058105,5.800242900848389,5.613874912261963,452.0,0.14029395580291748,,,,,,,,,,,,
5,,,23689,2.0,0.9696000218391418,0.941851019859314,0.06772021949291229,0.9629236459732056,0.923545241355896,5.000027656555176,4.504485130310059,893.0,0.4278222918510437,,,,,,,,,,,,
5,,,23699,2.0,0.9435999989509583,0.8006572127342224,0.12068979442119598,0.8252474069595337,0.7802774906158447,6.659635066986084,6.195031642913818,536.0,0.3439136743545532,,,,,,,,,,,,
5,,,23709,2.0,0.9873999953269958,0.9425316452980042,0.031067300587892532,0.9527843594551086,0.9327974319458008,6.409568786621094,6.217935085296631,575.0,0.16056609153747559,,,,,,,,,,,,
5,,,23719,2.0,0.9502999782562256,0.8521994352340698,0.12690751254558563,0.9082127213478088,0.8126426935195923,6.968396186828613,6.323577404022217,659.0,0.5179116129875183,,,,,,,,,,,,
5,,,23729,2.0,0.968500018119812,0.9507904648780823,0.07443225383758545,0.9564142227172852,0.9454261660575867,4.757030010223389,4.357936382293701,1442.0,0.32466110587120056,,,,,,,,,,,,
5,,,23739,2.0,0.9420999884605408,0.9136348366737366,0.14541709423065186,0.9428479671478271,0.8911812901496887,9.310930252075195,6.345681190490723,1193.0,2.819831371307373,,,,,,,,,,,,
5,,,23749,2.0,0.9840999841690063,0.9784301519393921,0.04215123876929283,0.984817624092102,0.9724324345588684,4.813331127166748,4.24687385559082,1337.0,0.5243056416511536,,,,,,,,,,,,
5,,,23759,2.0,0.9616000056266785,0.761407732963562,0.09518726915121078,0.7668914794921875,0.7561740875244141,6.011287689208984,5.220789432525635,374.0,0.6953113079071045,,,,,,,,,,,,
5,,,23769,2.0,0.9778000116348267,0.9178818464279175,0.058633577078580856,0.9178818464279175,0.9178818464279175,6.340113162994385,5.997091770172119,571.0,0.2843877077102661,,,,,,,,,,,,
5,,,23779,2.0,0.9351000189781189,0.8959707617759705,0.18467141687870026,0.9538309574127197,0.8591561913490295,6.750502586364746,6.234377861022949,1345.0,0.3314533233642578,,,,,,,,,,,,
5,,,23789,2.0,0.9775000214576721,0.8727424144744873,0.05433933809399605,0.8536417484283447,0.8943341970443726,5.849698543548584,5.594401836395264,260.0,0.20095707476139069,,,,,,,,,,,,
5,,,23799,2.0,0.9693999886512756,0.8617700338363647,0.06535758823156357,0.8221225738525391,0.9150863289833069,5.324877738952637,4.84140157699585,255.0,0.4181186258792877,,,,,,,,,,,,
5,,,23809,2.0,0.964900016784668,0.8188626170158386,0.07202815264463425,0.8347985744476318,0.8045752048492432,5.609466075897217,5.031702518463135,360.0,0.5057355165481567,,,,,,,,,,,,
5,,,23819,2.0,0.9829000234603882,0.9669673442840576,0.04422536492347717,0.9774683713912964,0.9571530222892761,5.0162787437438965,4.584589004516602,1011.0,0.38746458292007446,,,,,,,,,,,,
5,,,23829,2.0,0.9901999831199646,0.9584348201751709,0.028206851333379745,0.9618638753890991,0.9550642967224121,6.212372303009033,5.370352268218994,358.0,0.8138130307197571,,,,,,,,,,,,
5,,,23839,2.0,0.9909999966621399,0.8553088307380676,0.021767018362879753,0.9212648272514343,0.8077245354652405,4.846690654754639,4.497154235839844,134.0,0.32776913046836853,,,,,,,,,,,,
5,,,23849,2.0,0.9361000061035156,0.9078475832939148,0.16969408094882965,0.9047118425369263,0.9110960960388184,6.31882905960083,5.737333297729492,1302.0,0.4118017554283142,,,,,,,,,,,,
5,,,23859,2.0,0.9697999954223633,0.8785479068756104,0.06857338547706604,0.8459148406982422,0.919624924659729,5.402654647827148,5.117238521575928,488.0,0.2168428599834442,,,,,,,,,,,,
5,,,23869,2.0,0.9804999828338623,0.9172323942184448,0.04648643359541893,0.8869351148605347,0.9537285566329956,5.637814044952393,5.2394208908081055,307.0,0.35190656781196594,,,,,,,,,,,,
5,,,23879,2.0,0.923799991607666,0.8890945315361023,0.2253933846950531,0.9303792715072632,0.8612561821937561,8.042671203613281,6.496668815612793,1738.0,1.3206088542938232,,,,,,,,,,,,
5,,,23889,2.0,0.9787999987602234,0.920166015625,0.052345190197229385,0.9273614883422852,0.9132541418075562,6.485596656799316,6.146956443786621,516.0,0.2862950265407562,,,,,,,,,,,,
5,,,23899,2.0,0.9607999920845032,0.6845790147781372,0.09086545556783676,0.7875210046768188,0.6391139626502991,6.317193508148193,5.935591697692871,284.0,0.29073601961135864,,,,,,,,,,,,
5,,,23909,2.0,0.9907000064849854,0.9706529974937439,0.027813034132122993,0.9631922841072083,0.97841876745224,4.367837429046631,4.0924177169799805,640.0,0.24760669469833374,,,,,,,,,,,,
5,,,23919,2.0,0.9887999892234802,0.9501991271972656,0.04412201792001724,0.9813989400863647,0.9232989549636841,5.903647422790527,5.726957321166992,548.0,0.13256791234016418,,,,,,,,,,,,
5,,,23929,2.0,0.9898999929428101,0.8502006530761719,0.03404581546783447,0.9341470003128052,0.7942541837692261,4.701974391937256,4.154102802276611,156.0,0.5138258934020996,,,,,,,,,,,,
5,,,23939,2.0,0.9919000267982483,0.9769342541694641,0.018365653231739998,0.9762790203094482,0.9775917530059814,3.872006893157959,3.5032718181610107,905.0,0.35036957263946533,,,,,,,,,,,,
5,,,23949,2.0,0.9638000130653381,0.9027976989746094,0.08208563178777695,0.9448614120483398,0.8698962926864624,7.262556552886963,6.222496509552002,797.0,0.9579746127128601,,,,,,,,,,,,
5,,,23959,2.0,0.9707000255584717,0.9370559453964233,0.06279156357049942,0.9687380194664001,0.9109326601028442,4.524329662322998,4.189940929412842,954.0,0.27159756422042847,,,,,,,,,,,,
5,,,23969,2.0,0.9674000144004822,0.842654824256897,0.07804407179355621,0.8183486461639404,0.8717529773712158,6.449710845947266,5.582712650299072,305.0,0.7889543771743774,,,,,,,,,,,,
5,,,23979,2.0,0.9596999883651733,0.7969138026237488,0.08304429799318314,0.7998954057693481,0.7940004467964172,5.763053894042969,5.30552339553833,422.0,0.3744860589504242,,,,,,,,,,,,
5,,,23989,2.0,0.9973999857902527,0.9748040437698364,0.008819038979709148,0.9696354866027832,0.9800944924354553,3.798736333847046,3.638307571411133,239.0,0.15160958468914032,,,,,,,,,,,,
5,,,23999,2.0,0.9453999996185303,0.934171736240387,0.14610666036605835,0.924953818321228,0.9450678825378418,6.851494312286377,5.691361904144287,1931.0,1.0140256881713867,,,,,,,,,,,,
,9.91232189110701e-05,0.000991232189110701,24000,,,,,,,,,,,,,,,,,,,,,,
6,,,24009,2.0,0.9926000237464905,0.9615620374679565,0.017927873879671097,0.9776812195777893,0.9466164112091064,4.7797532081604,4.3764472007751465,473.0,0.38537830114364624,,,,,,,,,,,,
6,,,24019,2.0,0.9937000274658203,0.9481347799301147,0.01404491439461708,0.9203782081604004,0.9801470041275024,4.064190864562988,3.9528326988220215,194.0,0.0973130539059639,,,,,,,,,,,,
6,,,24029,2.0,0.9891999959945679,0.9230221509933472,0.024126246571540833,0.9778552055358887,0.880262017250061,5.510457515716553,5.246667861938477,363.0,0.23966342210769653,,,,,,,,,,,,
6,,,24039,2.0,0.9678000211715698,0.7758203744888306,0.07053662836551666,0.798301100730896,0.7568051815032959,5.777763366699219,5.051840782165527,253.0,0.6553860306739807,,,,,,,,,,,,
6,,,24049,2.0,0.9896000027656555,0.9372361302375793,0.030100667849183083,0.934364914894104,0.9401496648788452,4.289010524749756,3.98561954498291,252.0,0.2732902765274048,,,,,,,,,,,,
6,,,24059,2.0,0.972599983215332,0.8738077282905579,0.06417770683765411,0.8459985256195068,0.9074312448501587,6.483762741088867,6.234435558319092,381.0,0.1851496547460556,,,,,,,,,,,,
6,,,24069,2.0,0.9448000192642212,0.9076598882675171,0.11254385858774185,0.9113526344299316,0.9040855765342712,6.356827735900879,5.811276912689209,1244.0,0.43300682306289673,,,,,,,,,,,,
6,,,24079,2.0,0.9804999828338623,0.8271650075912476,0.039120133966207504,0.7971619367599487,0.8645830154418945,5.170200824737549,4.532016754150391,220.0,0.59906405210495,,,,,,,,,,,,
6,,,24089,2.0,0.973800003528595,0.9471970200538635,0.07152359932661057,0.9742593169212341,0.9243452548980713,6.572012901306152,5.9272990226745605,898.0,0.5731899738311768,,,,,,,,,,,,
6,,,24099,2.0,0.9887999892234802,0.9715578556060791,0.02812146581709385,0.9745668172836304,0.968599259853363,4.1718010902404785,4.015921115875244,1053.0,0.12775860726833344,,,,,,,,,,,,
6,,,24109,2.0,0.9696999788284302,0.8868463039398193,0.05800219252705574,0.8756351470947266,0.8989028930664062,6.388737678527832,6.046574115753174,510.0,0.28416165709495544,,,,,,,,,,,,
6,,,24119,2.0,0.9939000010490417,0.9068576097488403,0.018094919621944427,0.9179742336273193,0.8963382244110107,4.395370960235596,4.153712749481201,114.0,0.22356300055980682,,,,,,,,,,,,
6,,,24129,2.0,0.9735999703407288,0.9247190356254578,0.057942625135183334,0.9227787256240845,0.9266825914382935,6.253651142120361,5.715921878814697,562.0,0.4797869026660919,,,,,,,,,,,,
6,,,24139,2.0,0.9894999861717224,0.9037163257598877,0.027795543894171715,0.9002540111541748,0.9072433114051819,5.299741268157959,5.160928726196289,242.0,0.11101740598678589,,,,,,,,,,,,
6,,,24149,2.0,0.97079998254776,0.890744686126709,0.08674072474241257,0.87823486328125,0.9043033123016357,5.526900291442871,5.008416652679443,463.0,0.43174320459365845,,,,,,,,,,,,
6,,,24159,2.0,0.9782999753952026,0.8953540325164795,0.05185828357934952,0.8716556429862976,0.9228352308273315,5.03255558013916,4.843671798706055,321.0,0.1370254009962082,,,,,,,,,,,,
6,,,24169,2.0,0.9883999824523926,0.9230021238327026,0.02776440419256687,0.9158903956413269,0.9303860664367676,5.342541694641113,4.765179634094238,247.0,0.5495976209640503,,,,,,,,,,,,
6,,,24179,2.0,0.9742000102996826,0.8955140709877014,0.05880885571241379,0.9161725044250488,0.8771322965621948,6.163512229919434,5.494396209716797,623.0,0.6103071570396423,,,,,,,,,,,,
6,,,24189,2.0,0.9905999898910522,0.9505263566970825,0.026545178145170212,0.9759371280670166,0.9279743432998657,4.293346881866455,3.9558138847351074,461.0,0.31098783016204834,,,,,,,,,,,,
6,,,24199,2.0,0.9819999933242798,0.9329940676689148,0.04872148856520653,0.9228137731552124,0.9437820315361023,7.705132484436035,6.493420124053955,608.0,1.162990927696228,,,,,,,,,,,,
6,,,24209,2.0,0.9768999814987183,0.917713463306427,0.05422437563538551,0.9081449508666992,0.9278457164764404,6.065177917480469,5.518651485443115,664.0,0.4923018217086792,,,,,,,,,,,,
6,,,24219,2.0,0.9736999869346619,0.8789724707603455,0.0663401335477829,0.8628432154655457,0.896870493888855,6.249232769012451,5.595207691192627,469.0,0.5876851677894592,,,,,,,,,,,,
6,,,24229,2.0,0.9865000247955322,0.8811386823654175,0.03526315465569496,0.8298471570014954,0.953289270401001,5.912275314331055,5.055441379547119,141.0,0.8215710520744324,,,,,,,,,,,,
6,,,24239,2.0,0.9700000286102295,0.9012432098388672,0.07193087786436081,0.9012432098388672,0.9012432098388672,6.540909767150879,6.104219913482666,717.0,0.36475908756256104,,,,,,,,,,,,
6,,,24249,2.0,0.9807999730110168,0.881244421005249,0.05033178627490997,0.8571631908416748,0.9092593193054199,6.161229133605957,5.669528484344482,275.0,0.44136884808540344,,,,,,,,,,,,
6,,,24259,2.0,0.984499990940094,0.8657541275024414,0.04442322626709938,0.9140453338623047,0.8281580209732056,5.604777812957764,5.217923164367676,220.0,0.34243157505989075,,,,,,,,,,,,
6,,,24269,2.0,0.9649999737739563,0.8611777424812317,0.08168941736221313,0.9127230048179626,0.8227947950363159,5.777445316314697,5.355403423309326,533.0,0.34035253524780273,,,,,,,,,,,,
6,,,24279,2.0,0.994700014591217,0.982695460319519,0.01763569563627243,0.9926538467407227,0.9732160568237305,3.5463626384735107,3.2002344131469727,822.0,0.3284927010536194,,,,,,,,,,,,
6,,,24289,2.0,0.9872999787330627,0.934942364692688,0.030951950699090958,0.9221886396408081,0.9486016035079956,6.323390960693359,5.133206844329834,294.0,1.1592320203781128,,,,,,,,,,,,
6,,,24299,2.0,0.9775999784469604,0.8346521258354187,0.047196466475725174,0.889931321144104,0.7940859794616699,6.40390157699585,6.21043586730957,359.0,0.14626948535442352,,,,,,,,,,,,
6,,,24309,2.0,0.9570000171661377,0.9270731210708618,0.12164461612701416,0.9167772531509399,0.938335657119751,5.676249027252197,5.282255172729492,1293.0,0.27234914898872375,,,,,,,,,,,,
6,,,24319,2.0,0.9858999848365784,0.9795545339584351,0.03650737553834915,0.9842199087142944,0.9750752449035645,4.789002895355225,4.265470027923584,1176.0,0.48702532052993774,,,,,,,,,,,,
6,,,24329,2.0,0.9818999767303467,0.9476395845413208,0.04623415693640709,0.9432948231697083,0.9520949125289917,6.398062705993652,5.2685017585754395,621.0,1.083326816558838,,,,,,,,,,,,
6,,,24339,2.0,0.9674000144004822,0.9456958770751953,0.07096844166517258,0.9701802730560303,0.9252520799636841,5.9123215675354,5.376086235046387,1868.0,0.4652665853500366,,,,,,,,,,,,
6,,,24349,2.0,0.9700000286102295,0.9163691997528076,0.08342108875513077,0.8961862921714783,0.9394829869270325,6.082964897155762,5.509243011474609,502.0,0.4903008043766022,,,,,,,,,,,,
6,,,24359,2.0,0.9861999750137329,0.6770678758621216,0.032806068658828735,0.8087302446365356,0.625455379486084,5.393802642822266,4.955391883850098,79.0,0.40560463070869446,,,,,,,,,,,,
6,,,24369,2.0,0.9560999870300293,0.8360579013824463,0.12819276750087738,0.8818172216415405,0.8017667531967163,6.754995822906494,6.29864501953125,570.0,0.32815808057785034,,,,,,,,,,,,
6,,,24379,2.0,0.9901000261306763,0.9678858518600464,0.024675238877534866,0.9753506779670715,0.9607030153274536,3.972827672958374,3.706511974334717,717.0,0.24164049327373505,,,,,,,,,,,,
6,,,24389,2.0,0.9940000176429749,0.7746093273162842,0.017018407583236694,0.7746093273162842,0.7746093273162842,4.1280837059021,4.03622579574585,40.0,0.07483944296836853,,,,,,,,,,,,
6,,,24399,2.0,0.9901999831199646,0.9722585678100586,0.02719128504395485,0.9766096472740173,0.9680078625679016,4.234032154083252,4.070542812347412,937.0,0.13629819452762604,,,,,,,,,,,,
6,,,24409,2.0,0.95169997215271,0.7222554683685303,0.09746918827295303,0.6782726049423218,0.8043363690376282,5.176746845245361,4.9716949462890625,199.0,0.10758242756128311,,,,,,,,,,,,
6,,,24419,2.0,0.9571999907493591,0.8742401599884033,0.09010379761457443,0.8669294118881226,0.8819425106048584,6.434720993041992,6.007490158081055,575.0,0.33712732791900635,,,,,,,,,,,,
6,,,24429,2.0,0.9336000084877014,0.8639909625053406,0.1556919366121292,0.8266116380691528,0.9191881418228149,5.993957042694092,4.788977146148682,816.0,1.0492879152297974,,,,,,,,,,,,
6,,,24439,2.0,0.9761999845504761,0.9409106969833374,0.06256048381328583,0.9313873052597046,0.9510284662246704,6.761556148529053,6.478933811187744,587.0,0.2200617641210556,,,,,,,,,,,,
6,,,24449,2.0,0.9825999736785889,0.8891075253486633,0.03822804242372513,0.9241442680358887,0.8598917722702026,5.457321643829346,5.0164666175842285,381.0,0.4026269018650055,,,,,,,,,,,,
6,,,24459,2.0,0.9815000295639038,0.9642820954322815,0.04475077986717224,0.9631660580635071,0.9654065370559692,5.090991497039795,4.229365825653076,1284.0,0.8168749213218689,,,,,,,,,,,,
6,,,24469,2.0,0.9815000295639038,0.967680811882019,0.0512409433722496,0.9543678164482117,0.9824137687683105,6.078943252563477,5.554996490478516,1598.0,0.4727056920528412,,,,,,,,,,,,
6,,,24479,2.0,0.9646999835968018,0.9483100771903992,0.09429516643285751,0.9625792503356934,0.9357523918151855,5.912520885467529,5.338925361633301,1224.0,0.4793006181716919,,,,,,,,,,,,
6,,,24489,2.0,0.9796000123023987,0.9412881135940552,0.04860461875796318,0.9558277726173401,0.9278826117515564,5.80524206161499,5.137243747711182,556.0,0.6193940043449402,,,,,,,,,,,,
6,,,24499,2.0,0.9815000295639038,0.9590668082237244,0.04796827211976051,0.9580175280570984,0.9601229429244995,5.115124225616455,4.834351062774658,726.0,0.23280484974384308,,,,,,,,,,,,
6,,,24509,2.0,0.9804999828338623,0.8814021348953247,0.044593311846256256,0.8759765028953552,0.8870053291320801,5.179263114929199,4.557600975036621,223.0,0.5770689249038696,,,,,,,,,,,,
6,,,24519,2.0,0.9697999954223633,0.9087271690368652,0.06822311133146286,0.8893696069717407,0.9307436943054199,4.88485860824585,4.622682571411133,577.0,0.19395284354686737,,,,,,,,,,,,
6,,,24529,2.0,0.9692999720573425,0.9062411785125732,0.0739721953868866,0.9178377389907837,0.8954296112060547,6.057859897613525,5.479116916656494,549.0,0.5047707557678223,,,,,,,,,,,,
6,,,24539,2.0,0.9797000288963318,0.9509673118591309,0.05078466609120369,0.9370768070220947,0.966140866279602,6.447841644287109,5.795328617095947,611.0,0.6017283201217651,,,,,,,,,,,,
6,,,24549,2.0,0.9865999817848206,0.9547930359840393,0.03304911404848099,0.9348253011703491,0.9771592020988464,5.406359672546387,4.9849934577941895,737.0,0.3883172273635864,,,,,,,,,,,,
6,,,24559,2.0,0.9922000169754028,0.924688458442688,0.018377607688307762,0.924688458442688,0.924688458442688,5.156136989593506,4.692399501800537,217.0,0.44535955786705017,,,,,,,,,,,,
6,,,24569,2.0,0.9783999919891357,0.9677863717079163,0.07096243649721146,0.9572547674179077,0.9793910980224609,6.733318328857422,5.6085405349731445,1897.0,1.0538153648376465,,,,,,,,,,,,
6,,,24579,2.0,0.9815999865531921,0.9547680616378784,0.05134830251336098,0.935318112373352,0.9767788648605347,5.7571563720703125,4.389036178588867,702.0,1.3167717456817627,,,,,,,,,,,,
6,,,24589,2.0,0.9850000143051147,0.9748755693435669,0.03594178706407547,0.9804404973983765,0.9695311784744263,6.315544128417969,5.451091289520264,1797.0,0.8285114169120789,,,,,,,,,,,,
6,,,24599,2.0,0.9726999998092651,0.8984389901161194,0.07368886470794678,0.8760067224502563,0.924400806427002,6.20046329498291,5.79652738571167,594.0,0.3302467465400696,,,,,,,,,,,,
6,,,24609,2.0,0.9789999723434448,0.9547300338745117,0.044645246118307114,0.9623762369155884,0.9474402666091919,4.874346733093262,4.45419454574585,1146.0,0.37550705671310425,,,,,,,,,,,,
6,,,24619,2.0,0.9835000038146973,0.9717516303062439,0.033652711659669876,0.9661403894424438,0.9776027202606201,4.756297588348389,4.3259077072143555,1157.0,0.3967369794845581,,,,,,,,,,,,
6,,,24629,2.0,0.9887999892234802,0.9426790475845337,0.03424428775906563,0.9552631378173828,0.9308541417121887,6.50216007232666,6.348485946655273,452.0,0.11942999809980392,,,,,,,,,,,,
6,,,24639,2.0,0.9825000166893005,0.8880771398544312,0.06517021358013153,0.9362623691558838,0.8502753973007202,5.983931541442871,5.1681294441223145,288.0,0.7506318688392639,,,,,,,,,,,,
6,,,24649,2.0,0.9682000279426575,0.8561198115348816,0.07634861767292023,0.8566896915435791,0.855552077293396,6.810049533843994,6.264886856079102,525.0,0.46881386637687683,,,,,,,,,,,,
6,,,24659,2.0,0.980400025844574,0.9731206297874451,0.049498770385980606,0.9737982749938965,0.9724476337432861,4.773024559020996,4.300632476806641,1518.0,0.42289358377456665,,,,,,,,,,,,
6,,,24669,2.0,0.9700999855995178,0.897795557975769,0.06291995942592621,0.8542095422744751,0.9575366973876953,7.233196258544922,6.357716083526611,620.0,0.812559962272644,,,,,,,,,,,,
6,,,24679,2.0,0.9661999940872192,0.8304344415664673,0.0728723481297493,0.9521820545196533,0.7647345662117004,6.7802605628967285,6.453601837158203,646.0,0.25378644466400146,,,,,,,,,,,,
6,,,24689,2.0,0.9779999852180481,0.9531641006469727,0.0540476031601429,0.9800038933753967,0.9302964806556702,4.692028045654297,4.5125555992126465,1199.0,0.1254248023033142,,,,,,,,,,,,
6,,,24699,2.0,0.9736999869346619,0.9048168659210205,0.05949142575263977,0.8898223638534546,0.9212923049926758,6.644582748413086,6.34141731262207,606.0,0.24367362260818481,,,,,,,,,,,,
6,,,24709,2.0,0.9660000205039978,0.920365571975708,0.08087779581546783,0.9327828288078308,0.9089018106460571,5.322057247161865,5.137702465057373,784.0,0.10347700864076614,,,,,,,,,,,,
6,,,24719,2.0,0.9793000221252441,0.8913613557815552,0.05462266132235527,0.9129552841186523,0.8721692562103271,6.622076988220215,5.6890764236450195,383.0,0.8783777356147766,,,,,,,,,,,,
6,,,24729,2.0,0.9817000031471252,0.8502680063247681,0.04180280864238739,0.9416974782943726,0.7918940782546997,5.770144462585449,4.824129104614258,199.0,0.9042122960090637,,,,,,,,,,,,
6,,,24739,2.0,0.9911999702453613,0.8781935572624207,0.02249664068222046,0.8520050644874573,0.908814549446106,4.516583442687988,4.000637054443359,100.0,0.49344947934150696,,,,,,,,,,,,
6,,,24749,2.0,0.9577000141143799,0.9173985719680786,0.10306713730096817,0.9076417684555054,0.9279319047927856,7.536667823791504,7.27884578704834,1268.0,0.15475529432296753,,,,,,,,,,,,
6,,,24759,2.0,0.972100019454956,0.9456663131713867,0.06195425987243652,0.9514718055725098,0.9400875568389893,4.806450843811035,4.4586381912231445,1117.0,0.2858581244945526,,,,,,,,,,,,
6,,,24769,2.0,0.9695000052452087,0.6156741976737976,0.0658842921257019,0.581891655921936,0.7128883004188538,5.989353656768799,5.874927520751953,67.0,0.04854194074869156,,,,,,,,,,,,
6,,,24779,2.0,0.9728999733924866,0.8660884499549866,0.06413610279560089,0.8619426488876343,0.8703451156616211,5.88295841217041,5.635937213897705,434.0,0.1828850358724594,,,,,,,,,,,,
6,,,24789,2.0,0.9811999797821045,0.9582249522209167,0.04716028273105621,0.9618908166885376,0.9546409845352173,3.8582732677459717,3.6659820079803467,1156.0,0.145130917429924,,,,,,,,,,,,
6,,,24799,2.0,0.984499990940094,0.9672553539276123,0.038148101419210434,0.972942054271698,0.9617644548416138,4.96710729598999,4.184179782867432,1011.0,0.7447795271873474,,,,,,,,,,,,
6,,,24809,2.0,0.9842000007629395,0.9557567834854126,0.03778494521975517,0.9615814089775085,0.9501182436943054,4.994338035583496,4.365114212036133,663.0,0.5914385318756104,,,,,,,,,,,,
6,,,24819,2.0,0.9781000018119812,0.9243574142456055,0.06966200470924377,0.952954888343811,0.8998041152954102,5.5475358963012695,5.332405090332031,791.0,0.1454688310623169,,,,,,,,,,,,
6,,,24829,2.0,0.9689000248908997,0.9287431836128235,0.07623712718486786,0.9507156610488892,0.9095620512962341,6.362553596496582,5.597983360290527,700.0,0.6883328557014465,,,,,,,,,,,,
6,,,24839,2.0,0.9656999707221985,0.903125524520874,0.07670225948095322,0.8926949501037598,0.9143127202987671,7.020334243774414,6.389527797698975,894.0,0.5541044473648071,,,,,,,,,,,,
6,,,24849,2.0,0.9790999889373779,0.9416067600250244,0.04893169552087784,0.9378909468650818,0.9454055428504944,5.545331001281738,4.862453460693359,590.0,0.6339460015296936,,,,,,,,,,,,
6,,,24859,2.0,0.9800000190734863,0.9592955112457275,0.04933308809995651,0.9489915370941162,0.9703453779220581,4.460090160369873,4.077800273895264,752.0,0.332956999540329,,,,,,,,,,,,
6,,,24869,2.0,0.9682999849319458,0.9436891674995422,0.07090228796005249,0.9450508952140808,0.9423413872718811,4.812515735626221,4.249791622161865,919.0,0.4918217957019806,,,,,,,,,,,,
6,,,24879,2.0,0.9800000190734863,0.9523425102233887,0.06196289509534836,0.9465354681015015,0.9583628177642822,5.995432376861572,5.396646499633789,827.0,0.5368229150772095,,,,,,,,,,,,
6,,,24889,2.0,0.9901999831199646,0.9651956558227539,0.02394319884479046,0.9839872121810913,0.9480690956115723,4.976746559143066,4.506491184234619,410.0,0.4463120102882385,,,,,,,,,,,,
6,,,24899,2.0,0.9836999773979187,0.9787000417709351,0.0401863232254982,0.9858157634735107,0.9721071124076843,5.142261028289795,4.735857963562012,1916.0,0.3662166893482208,,,,,,,,,,,,
6,,,24909,2.0,0.9940000176429749,0.9824036955833435,0.01748315617442131,0.9819448590278625,0.9828636646270752,3.72453236579895,3.3141369819641113,889.0,0.3929121196269989,,,,,,,,,,,,
6,,,24919,2.0,0.9865000247955322,0.8937706351280212,0.03296065703034401,0.9126487970352173,0.876667857170105,6.080973148345947,5.570052623748779,250.0,0.47795942425727844,,,,,,,,,,,,
6,,,24929,2.0,0.9778000116348267,0.8489415645599365,0.053061503916978836,0.8694905042648315,0.8307586908340454,5.983263969421387,5.731770992279053,339.0,0.19843138754367828,,,,,,,,,,,,
6,,,24939,2.0,0.9955999851226807,0.9064497947692871,0.012057976797223091,0.9433364868164062,0.8753611445426941,5.673748016357422,5.609462738037109,75.0,0.052227411419153214,,,,,,,,,,,,
6,,,24949,2.0,0.9873999953269958,0.9686933755874634,0.040124811232089996,0.9647772312164307,0.972699761390686,6.9497389793396,6.232293128967285,1028.0,0.6773208379745483,,,,,,,,,,,,
6,,,24959,2.0,0.9824000000953674,0.9312288165092468,0.04602257162332535,0.9413878917694092,0.921607255935669,6.531335353851318,5.749212265014648,640.0,0.7361007332801819,,,,,,,,,,,,
6,,,24969,2.0,0.9781000018119812,0.8846275806427002,0.049745675176382065,0.8778359889984131,0.8917025923728943,6.669855117797852,6.125518321990967,458.0,0.4945913851261139,,,,,,,,,,,,
6,,,24979,2.0,0.9786999821662903,0.930227518081665,0.05604666844010353,0.928590714931488,0.9318798184394836,6.169216156005859,5.73846435546875,634.0,0.3747055232524872,,,,,,,,,,,,
6,,,24989,2.0,0.9951000213623047,0.9513536691665649,0.017765959724783897,0.9357964992523193,0.9681360721588135,6.142329216003418,5.932887077331543,220.0,0.19167591631412506,,,,,,,,,,,,
6,,,24999,2.0,0.9829999804496765,0.9637185335159302,0.0502089187502861,0.9552916288375854,0.9726170301437378,5.211277008056641,4.921133995056152,970.0,0.23993398249149323,,,,,,,,,,,,
6,,,25009,2.0,0.9896000027656555,0.910071849822998,0.035167284309864044,0.907422661781311,0.9127582311630249,5.909175395965576,4.848397731781006,218.0,1.025610327720642,,,,,,,,,,,,
6,,,25019,2.0,0.9811999797821045,0.9034278988838196,0.04642330855131149,0.9189537167549133,0.8891498446464539,6.523630142211914,6.177981376647949,398.0,0.29922518134117126,,,,,,,,,,,,
6,,,25029,2.0,0.95169997215271,0.8726311922073364,0.11570994555950165,0.90226149559021,0.848264217376709,6.274752140045166,5.993290424346924,678.0,0.1657518893480301,,,,,,,,,,,,
6,,,25039,2.0,0.9751999974250793,0.8677178621292114,0.06685732305049896,0.9392074942588806,0.8181371688842773,6.408099174499512,6.122137546539307,522.0,0.21910448372364044,,,,,,,,,,,,
6,,,25049,2.0,0.9932000041007996,0.9274249076843262,0.01956021972000599,0.9239801168441772,0.9309292435646057,6.392441272735596,5.463469505310059,230.0,0.9094113707542419,,,,,,,,,,,,
6,,,25059,2.0,0.9659000039100647,0.8926182985305786,0.08520328253507614,0.8622589111328125,0.9303609132766724,5.788576602935791,5.304679870605469,601.0,0.39869368076324463,,,,,,,,,,,,
6,,,25069,2.0,0.9916999936103821,0.9653360247612,0.02235645055770874,0.9456791877746582,0.9871353507041931,3.835552453994751,3.5365586280822754,419.0,0.27663734555244446,,,,,,,,,,,,
6,,,25079,2.0,0.9399999976158142,0.8989858627319336,0.14215441048145294,0.9038862586021423,0.8942955732345581,6.50173807144165,5.8110504150390625,1019.0,0.5485333800315857,,,,,,,,,,,,
6,,,25089,2.0,0.9761000275611877,0.855285108089447,0.05369384586811066,0.8955638408660889,0.8231587409973145,5.742978572845459,5.350437641143799,430.0,0.3388473689556122,,,,,,,,,,,,
6,,,25099,2.0,0.9495000243186951,0.9255847930908203,0.11279729008674622,0.9301669597625732,0.9212051630020142,5.9222612380981445,4.464598178863525,1664.0,1.3448655605316162,,,,,,,,,,,,
6,,,25109,2.0,0.9474999904632568,0.9029563665390015,0.13900011777877808,0.9044797420501709,0.901451826095581,8.629194259643555,5.473270893096924,875.0,3.016922950744629,,,,,,,,,,,,
6,,,25119,2.0,0.9714000225067139,0.9242342114448547,0.06626733392477036,0.9314888119697571,0.9172953367233276,6.913325786590576,6.209438323974609,911.0,0.6376199126243591,,,,,,,,,,,,
6,,,25129,2.0,0.9751999974250793,0.8503323197364807,0.05571066215634346,0.8648817539215088,0.8370217084884644,5.9593610763549805,5.358273983001709,357.0,0.5453760623931885,,,,,,,,,,,,
6,,,25139,2.0,0.9696000218391418,0.9524106979370117,0.08307146281003952,0.9541256427764893,0.9507204294204712,6.4172844886779785,5.984994411468506,1751.0,0.34921878576278687,,,,,,,,,,,,
6,,,25149,2.0,0.963699996471405,0.9251844882965088,0.08673171699047089,0.955641508102417,0.900155782699585,6.468730926513672,5.655430793762207,1069.0,0.7265680432319641,,,,,,,,,,,,
6,,,25159,2.0,0.9750999808311462,0.9632096290588379,0.060725025832653046,0.96822190284729,0.9584141969680786,5.633342266082764,5.054921627044678,1751.0,0.5176956057548523,,,,,,,,,,,,
6,,,25169,2.0,0.9657999873161316,0.9271461963653564,0.09630236774682999,0.8992056846618652,0.9618030786514282,6.238333702087402,5.062756538391113,899.0,1.0792747735977173,,,,,,,,,,,,
6,,,25179,2.0,0.9866999983787537,0.8855539560317993,0.030506737530231476,0.9712064266204834,0.8275988101959229,6.227815628051758,5.632810592651367,328.0,0.5644985437393188,,,,,,,,,,,,
6,,,25189,2.0,0.980400025844574,0.9638878107070923,0.060499224811792374,0.9622787237167358,0.9655152559280396,5.4783453941345215,5.101916790008545,1466.0,0.31592923402786255,,,,,,,,,,,,
6,,,25199,2.0,0.9753000140190125,0.9159566164016724,0.0642024353146553,0.9337261915206909,0.8998758792877197,6.4585371017456055,6.063605308532715,609.0,0.33072972297668457,,,,,,,,,,,,
6,,,25209,2.0,0.9605000019073486,0.907384991645813,0.09399324655532837,0.9052311182022095,0.9095715284347534,6.941074371337891,6.5832719802856445,914.0,0.26380929350852966,,,,,,,,,,,,
6,,,25219,2.0,0.9524000287055969,0.9000846147537231,0.13181842863559723,0.8862716555595398,0.9155079126358032,5.577268600463867,5.061709403991699,872.0,0.38374102115631104,,,,,,,,,,,,
6,,,25229,2.0,0.9897000193595886,0.9767982363700867,0.02815813571214676,0.9744124412536621,0.9792181253433228,4.074947834014893,3.8552968502044678,1243.0,0.1914929449558258,,,,,,,,,,,,
6,,,25239,2.0,0.9851999878883362,0.9762253761291504,0.03830740973353386,0.9790765047073364,0.9734358787536621,6.18003511428833,4.557208061218262,1648.0,1.5845197439193726,,,,,,,,,,,,
6,,,25249,2.0,0.989300012588501,0.8904698491096497,0.02914600446820259,0.8505511283874512,0.9414575695991516,4.636826038360596,4.41011905670166,177.0,0.19756083190441132,,,,,,,,,,,,
6,,,25259,2.0,0.9855999946594238,0.8928219079971313,0.03189053013920784,0.8792109489440918,0.9075430035591125,6.1392083168029785,4.883624076843262,251.0,1.2236939668655396,,,,,,,,,,,,
6,,,25269,2.0,0.9819999933242798,0.9581077098846436,0.04756654053926468,0.9653487205505371,0.9511722326278687,5.982770919799805,5.434512615203857,908.0,0.5006919503211975,,,,,,,,,,,,
6,,,25279,2.0,0.967199981212616,0.9109404683113098,0.07634665817022324,0.8904170989990234,0.9345898628234863,7.4469733238220215,6.061110019683838,631.0,1.3095163106918335,,,,,,,,,,,,
6,,,25289,2.0,0.9872000217437744,0.9344903230667114,0.037524349987506866,0.9591042399406433,0.9126713871955872,6.509105205535889,6.1891188621521,511.0,0.282461941242218,,,,,,,,,,,,
6,,,25299,2.0,0.9822999835014343,0.9188123941421509,0.043273698538541794,0.9198344945907593,0.9177959561347961,6.616158962249756,5.96256160736084,435.0,0.610323429107666,,,,,,,,,,,,
6,,,25309,2.0,0.9599000215530396,0.8986077308654785,0.09400671720504761,0.9038728475570679,0.8935263752937317,6.701350212097168,5.605154991149902,652.0,1.0021884441375732,,,,,,,,,,,,
6,,,25319,2.0,0.9898999929428101,0.9282957315444946,0.023291392251849174,0.8910617232322693,0.9742254018783569,4.200207710266113,4.04342794418335,316.0,0.13348813354969025,,,,,,,,,,,,
6,,,25329,2.0,0.9883999824523926,0.9340531229972839,0.030297735705971718,0.9278803467750549,0.9404280185699463,5.034427165985107,4.715776443481445,288.0,0.28835293650627136,,,,,,,,,,,,
6,,,25339,2.0,0.9729999899864197,0.9121788740158081,0.05998137965798378,0.9199432134628296,0.9047626256942749,6.438459873199463,6.2075958251953125,459.0,0.170882910490036,,,,,,,,,,,,
6,,,25349,2.0,0.9833999872207642,0.963402509689331,0.05193756893277168,0.947607159614563,0.9809062480926514,5.6369452476501465,4.457796096801758,1110.0,1.1272114515304565,,,,,,,,,,,,
6,,,25359,2.0,0.9879999756813049,0.9346073865890503,0.028156213462352753,0.9562970995903015,0.91510009765625,5.606471538543701,4.982754707336426,398.0,0.5955607295036316,,,,,,,,,,,,
6,,,25369,2.0,0.9822999835014343,0.8476921319961548,0.05027618259191513,0.8438020348548889,0.8516786098480225,4.647795677185059,4.375336170196533,207.0,0.2221830189228058,,,,,,,,,,,,
6,,,25379,2.0,0.9900000095367432,0.9355135560035706,0.026828374713659286,0.975261926651001,0.9024046659469604,5.7132415771484375,4.658926486968994,364.0,1.027486801147461,,,,,,,,,,,,
6,,,25389,2.0,0.9796000123023987,0.9634957313537598,0.06393501907587051,0.9709601402282715,0.9564098119735718,7.244034767150879,6.83012580871582,1679.0,0.3499743640422821,,,,,,,,,,,,
6,,,25399,2.0,0.9896000027656555,0.9228074550628662,0.02683349698781967,0.9398691654205322,0.9071193337440491,6.187631130218506,5.29154109954834,308.0,0.869256317615509,,,,,,,,,,,,
6,,,25409,2.0,0.9611999988555908,0.9175007343292236,0.09439074993133545,0.9016637802124023,0.9353532791137695,6.257142066955566,5.543371200561523,914.0,0.6193801760673523,,,,,,,,,,,,
6,,,25419,2.0,0.972000002861023,0.8706225156784058,0.06950000673532486,0.9252022504806519,0.8299640417098999,6.233460426330566,6.015368461608887,329.0,0.14859206974506378,,,,,,,,,,,,
6,,,25429,2.0,0.9962999820709229,0.9810112714767456,0.012322992086410522,0.9761930704116821,0.9859405159950256,3.8008992671966553,3.4699511528015137,460.0,0.31862518191337585,,,,,,,,,,,,
6,,,25439,2.0,0.9853000044822693,0.8895175457000732,0.037870194762945175,0.8956164121627808,0.8836195468902588,5.978236675262451,5.549998760223389,271.0,0.3903675973415375,,,,,,,,,,,,
6,,,25449,2.0,0.963699996471405,0.8689482808113098,0.08882962912321091,0.8664770126342773,0.8714607954025269,5.9800591468811035,5.584591388702393,613.0,0.3066381514072418,,,,,,,,,,,,
6,,,25459,2.0,0.996999979019165,0.8577365875244141,0.018676230683922768,0.8716946840286255,0.8448009490966797,4.182460308074951,4.1280694007873535,40.0,0.035714756697416306,,,,,,,,,,,,
6,,,25469,2.0,0.9606000185012817,0.8540744185447693,0.08895010501146317,0.8492271900177002,0.8590896129608154,7.4199323654174805,6.478155136108398,491.0,0.8528271913528442,,,,,,,,,,,,
6,,,25479,2.0,0.97079998254776,0.9307215809822083,0.07171843945980072,0.935456395149231,0.9261274933815002,5.65372371673584,5.178683757781982,1008.0,0.40332168340682983,,,,,,,,,,,,
6,,,25489,2.0,0.9790999889373779,0.938618540763855,0.05462987720966339,0.9536844491958618,0.9247670769691467,6.017417907714844,5.550970554351807,672.0,0.4118177592754364,,,,,,,,,,,,
6,,,25499,2.0,0.982200026512146,0.9497953057289124,0.05221055820584297,0.9244852066040039,0.9794047474861145,3.7232329845428467,3.5258193016052246,897.0,0.14520300924777985,,,,,,,,,,,,
6,,,25509,2.0,0.9585999846458435,0.9031707048416138,0.09573249518871307,0.9449312090873718,0.8709008693695068,6.286352157592773,5.48433780670166,687.0,0.7062814831733704,,,,,,,,,,,,
6,,,25519,2.0,0.9937999844551086,0.8094128370285034,0.013549642637372017,0.8839980363845825,0.7594466209411621,4.95422887802124,4.728715419769287,62.0,0.21196343004703522,,,,,,,,,,,,
6,,,25529,2.0,0.9811999797821045,0.9087905883789062,0.04147406667470932,0.8958485126495361,0.922743558883667,5.276983261108398,5.0524373054504395,313.0,0.18307217955589294,,,,,,,,,,,,
6,,,25539,2.0,0.9595000147819519,0.9425389170646667,0.09133067727088928,0.9583601355552673,0.9289309978485107,5.667410850524902,5.241722106933594,1601.0,0.3343580663204193,,,,,,,,,,,,
6,,,25549,2.0,0.9821000099182129,0.7838443517684937,0.03969179466366768,0.7593991160392761,0.8137646317481995,5.003787517547607,4.722796440124512,133.0,0.24129928648471832,,,,,,,,,,,,
6,,,25559,2.0,0.9699000120162964,0.9102258682250977,0.07008862495422363,0.9060903787612915,0.914470911026001,7.041452884674072,6.781581878662109,604.0,0.18978257477283478,,,,,,,,,,,,
6,,,25569,2.0,0.9775999784469604,0.9345563054084778,0.05574760586023331,0.9316976070404053,0.9374639987945557,6.4481096267700195,5.6873979568481445,672.0,0.704964280128479,,,,,,,,,,,,
6,,,25579,2.0,0.9901000261306763,0.9627910852432251,0.0261300727725029,0.9716296195983887,0.9543363451957703,6.6441874504089355,6.524399280548096,390.0,0.0936579778790474,,,,,,,,,,,,
6,,,25589,2.0,0.9623000025749207,0.9038431644439697,0.09058287739753723,0.8836538791656494,0.927213191986084,5.256430149078369,5.022719383239746,823.0,0.14312796294689178,,,,,,,,,,,,
6,,,25599,2.0,0.9861999750137329,0.8015725612640381,0.03335880860686302,0.8973090052604675,0.7441253066062927,5.465246677398682,5.0379557609558105,141.0,0.39393237233161926,,,,,,,,,,,,
6,,,25609,2.0,0.9657999873161316,0.9449526071548462,0.07785066962242126,0.9413074254989624,0.9487130641937256,5.547641754150391,5.248913764953613,1616.0,0.22087696194648743,,,,,,,,,,,,
6,,,25619,2.0,0.972100019454956,0.8716095685958862,0.06101148575544357,0.8557949662208557,0.8891613483428955,6.421938419342041,6.050387382507324,341.0,0.3105398416519165,,,,,,,,,,,,
6,,,25629,2.0,0.9753000140190125,0.8781628608703613,0.05951802805066109,0.9301520586013794,0.8386455774307251,6.3646440505981445,6.1118245124816895,337.0,0.19330161809921265,,,,,,,,,,,,
6,,,25639,2.0,0.9772999882698059,0.802751898765564,0.04985456168651581,0.8820147514343262,0.7522296905517578,5.12921667098999,4.899979114532471,278.0,0.17938296496868134,,,,,,,,,,,,
6,,,25649,2.0,0.9340999722480774,0.8591368198394775,0.14961650967597961,0.8624301552772522,0.8559330701828003,6.8162360191345215,6.390046119689941,1101.0,0.27657321095466614,,,,,,,,,,,,
6,,,25659,2.0,0.9671000242233276,0.8852938413619995,0.0722358301281929,0.9022712707519531,0.8699779510498047,7.714276313781738,7.047354221343994,664.0,0.5946858525276184,,,,,,,,,,,,
6,,,25669,2.0,0.9790999889373779,0.8696961402893066,0.04487023130059242,0.8889055252075195,0.8524771928787231,6.107926845550537,5.875807762145996,313.0,0.18724867701530457,,,,,,,,,,,,
6,,,25679,2.0,0.9801999926567078,0.9610480666160583,0.04580242559313774,0.976277232170105,0.9472243785858154,4.315785884857178,3.7372686862945557,1410.0,0.5327149033546448,,,,,,,,,,,,
6,,,25689,2.0,0.9873999953269958,0.9280710220336914,0.03781105950474739,0.9135514497756958,0.9437788724899292,5.965028762817383,5.517768859863281,412.0,0.409448504447937,,,,,,,,,,,,
6,,,25699,2.0,0.9846000075340271,0.8714317679405212,0.035295307636260986,0.8496366739273071,0.8963897228240967,5.3640360832214355,5.277925968170166,176.0,0.0508144348859787,,,,,,,,,,,,
6,,,25709,2.0,0.9772999882698059,0.8491384983062744,0.04746425524353981,0.853035569190979,0.8453353643417358,5.833695411682129,5.559208393096924,347.0,0.2270224392414093,,,,,,,,,,,,
6,,,25719,2.0,0.972599983215332,0.8917673826217651,0.060148779302835464,0.9080460667610168,0.8769569396972656,6.1574602127075195,5.79392671585083,593.0,0.30338501930236816,,,,,,,,,,,,
6,,,25729,2.0,0.9679999947547913,0.9518790245056152,0.08819008618593216,0.9404079914093018,0.9646801948547363,5.696030616760254,5.258782863616943,1818.0,0.349057674407959,,,,,,,,,,,,
6,,,25739,2.0,0.9922000169754028,0.9327725172042847,0.023308994248509407,0.9565339088439941,0.9115110039710999,5.254693031311035,4.347249984741211,194.0,0.8841339349746704,,,,,,,,,,,,
6,,,25749,2.0,0.9828000068664551,0.9716109037399292,0.04339315742254257,0.9780172109603882,0.9655020833015442,7.17185115814209,5.603735446929932,1657.0,1.5247224569320679,,,,,,,,,,,,
6,,,25759,2.0,0.979200005531311,0.880765438079834,0.05319047346711159,0.9081922769546509,0.8571555614471436,7.7940144538879395,5.730290412902832,390.0,2.010533332824707,,,,,,,,,,,,
6,,,25769,2.0,0.9947999715805054,0.9573878645896912,0.012325804680585861,0.9464383721351624,0.9689302444458008,5.01027250289917,4.55880069732666,235.0,0.4391460120677948,,,,,,,,,,,,
6,,,25779,2.0,0.9825000166893005,0.7962101697921753,0.04439731314778328,0.8683326244354248,0.7486911416053772,6.651292324066162,5.9108381271362305,153.0,0.6960569024085999,,,,,,,,,,,,
6,,,25789,2.0,0.9697999954223633,0.8896824717521667,0.069769948720932,0.8775460124015808,0.9028127789497375,6.036359786987305,5.531524181365967,489.0,0.4350656270980835,,,,,,,,,,,,
6,,,25799,2.0,0.9771999716758728,0.9492026567459106,0.05502339452505112,0.9583775997161865,0.9405341744422913,5.330719470977783,4.686271667480469,802.0,0.5894245505332947,,,,,,,,,,,,
6,,,25809,2.0,0.9851999878883362,0.8798263072967529,0.037394944578409195,0.8212240934371948,0.9677801132202148,5.818611145019531,4.811397075653076,231.0,0.9698191285133362,,,,,,,,,,,,
6,,,25819,2.0,0.9901999831199646,0.9006484746932983,0.026153838261961937,0.9085216522216797,0.8930906057357788,5.348499774932861,5.018747329711914,211.0,0.303598552942276,,,,,,,,,,,,
6,,,25829,2.0,0.9898999929428101,0.9083360433578491,0.028492242097854614,0.9459572434425354,0.8769054412841797,5.011231899261475,4.773860454559326,263.0,0.20887881517410278,,,,,,,,,,,,
6,,,25839,2.0,0.972000002861023,0.957642674446106,0.06511524319648743,0.9607477188110352,0.9546205401420593,5.915640354156494,4.592022895812988,1630.0,1.2585018873214722,,,,,,,,,,,,
6,,,25849,2.0,0.9753000140190125,0.8223042488098145,0.05965382233262062,0.9392218589782715,0.7573712468147278,5.700148582458496,5.293277263641357,298.0,0.347217321395874,,,,,,,,,,,,
6,,,25859,2.0,0.9667999744415283,0.9175729155540466,0.07758934050798416,0.9489872455596924,0.8915308713912964,6.613846302032471,5.597504615783691,1014.0,0.9387520551681519,,,,,,,,,,,,
6,,,25869,2.0,0.9789000153541565,0.8716710805892944,0.049060095101594925,0.8288700580596924,0.92927086353302,6.075218677520752,5.210353374481201,227.0,0.8158053159713745,,,,,,,,,,,,
6,,,25879,2.0,0.9715999960899353,0.942266583442688,0.0842013880610466,0.940230131149292,0.9443317651748657,4.518601417541504,4.142891883850098,1243.0,0.2915079891681671,,,,,,,,,,,,
6,,,25889,2.0,0.9693999886512756,0.9528894424438477,0.07756263017654419,0.9614489674568176,0.9449247121810913,6.946481704711914,5.912774562835693,1147.0,0.9561442136764526,,,,,,,,,,,,
6,,,25899,2.0,0.9847999811172485,0.9779559373855591,0.04077450558543205,0.9784203767776489,0.977493405342102,5.433284759521484,4.8592352867126465,1262.0,0.5332750678062439,,,,,,,,,,,,
6,,,25909,2.0,0.989300012588501,0.9560794830322266,0.027566565200686455,0.9342591762542725,0.9806475043296814,5.183149814605713,4.567190170288086,408.0,0.5883930325508118,,,,,,,,,,,,
6,,,25919,2.0,0.9782000184059143,0.949228048324585,0.0807892233133316,0.9697283506393433,0.9310470819473267,5.707722187042236,5.443447113037109,1068.0,0.18348592519760132,,,,,,,,,,,,
6,,,25929,2.0,0.9764999747276306,0.8625648617744446,0.05081544816493988,0.8897656202316284,0.8392857313156128,5.953529357910156,5.598669528961182,427.0,0.3040441870689392,,,,,,,,,,,,
6,,,25939,2.0,0.9779000282287598,0.9559997320175171,0.05577412620186806,0.9566416144371033,0.9553606510162354,5.45176362991333,4.722445964813232,1061.0,0.673543393611908,,,,,,,,,,,,
6,,,25949,2.0,0.974399983882904,0.8755847215652466,0.05900101363658905,0.8692052364349365,0.8822238445281982,5.830269813537598,5.515815734863281,511.0,0.2554532587528229,,,,,,,,,,,,
6,,,25959,2.0,0.9865999817848206,0.9076593518257141,0.033682841807603836,0.913999080657959,0.9015282392501831,4.474150657653809,4.327958583831787,283.0,0.11250906437635422,,,,,,,,,,,,
6,,,25969,2.0,0.9537000060081482,0.886483371257782,0.0990445613861084,0.8368322849273682,0.9639892578125,6.175432205200195,4.932893753051758,837.0,1.143493413925171,,,,,,,,,,,,
6,,,25979,2.0,0.9948999881744385,0.9574887752532959,0.011673719622194767,0.9525386095046997,0.9625564813613892,4.4658122062683105,4.007307052612305,271.0,0.4468310475349426,,,,,,,,,,,,
6,,,25989,2.0,0.9763000011444092,0.9672393798828125,0.05691620334982872,0.9669002890586853,0.9675796031951904,5.780257701873779,5.4115705490112305,2033.0,0.31177112460136414,,,,,,,,,,,,
6,,,25999,2.0,0.9793000221252441,0.8617526292800903,0.05417567119002342,0.918691873550415,0.8195081949234009,5.069488525390625,4.853006362915039,275.0,0.16230623424053192,,,,,,,,,,,,
6,,,26009,2.0,0.9779999852180481,0.8781925439834595,0.05386766418814659,0.8812528848648071,0.8751870393753052,4.624564170837402,4.1564435958862305,329.0,0.41425296664237976,,,,,,,,,,,,
6,,,26019,2.0,0.9728000164031982,0.8427670001983643,0.057487547397613525,0.821962296962738,0.8668745160102844,5.303385257720947,5.036659240722656,333.0,0.20923855900764465,,,,,,,,,,,,
6,,,26029,2.0,0.9592000246047974,0.7417888641357422,0.1092897430062294,0.8156206607818604,0.6983367204666138,7.065545082092285,6.761227607727051,457.0,0.19502800703048706,,,,,,,,,,,,
6,,,26039,2.0,0.953000009059906,0.847620964050293,0.09894433617591858,0.8354462385177612,0.8609865307807922,6.7923688888549805,6.340271472930908,422.0,0.3531532287597656,,,,,,,,,,,,
6,,,26049,2.0,0.963699996471405,0.8278993368148804,0.0857732892036438,0.8805938363075256,0.7895974516868591,5.333180904388428,4.740315914154053,407.0,0.5070915818214417,,,,,,,,,,,,
6,,,26059,2.0,0.9746999740600586,0.9295656681060791,0.06546556204557419,0.9182881712913513,0.94167160987854,5.28649377822876,4.51948356628418,613.0,0.7015447616577148,,,,,,,,,,,,
6,,,26069,2.0,0.9883999824523926,0.9131810665130615,0.0344373881816864,0.9325373768806458,0.8956111669540405,5.803905010223389,5.524741172790527,316.0,0.24472662806510925,,,,,,,,,,,,
6,,,26079,2.0,0.9783999919891357,0.9357958436012268,0.05786856263875961,0.9125964045524597,0.9626305103302002,4.780287265777588,4.1811041831970215,731.0,0.5413147807121277,,,,,,,,,,,,
6,,,26089,2.0,0.9837999939918518,0.9145749807357788,0.044303543865680695,0.8930884003639221,0.9389095902442932,5.845702171325684,5.0012922286987305,304.0,0.8001067638397217,,,,,,,,,,,,
6,,,26099,2.0,0.9781000018119812,0.9474135637283325,0.05661669746041298,0.9334391355514526,0.962704062461853,5.683221817016602,4.349174976348877,907.0,1.2774301767349243,,,,,,,,,,,,
6,,,26109,2.0,0.9861000180244446,0.9208958148956299,0.03346474841237068,0.914482831954956,0.9275346994400024,5.490815162658691,5.172251224517822,252.0,0.28509899973869324,,,,,,,,,,,,
6,,,26119,2.0,0.9794999957084656,0.9036195278167725,0.053249236196279526,0.8897154331207275,0.9187214374542236,6.4280242919921875,5.945184707641602,352.0,0.4295901656150818,,,,,,,,,,,,
6,,,26129,2.0,0.9742000102996826,0.8466622233390808,0.06005072593688965,0.9391244649887085,0.7888581156730652,6.802308082580566,6.271352767944336,393.0,0.47090452909469604,,,,,,,,,,,,
6,,,26139,2.0,0.9871000051498413,0.8573896884918213,0.02853369154036045,0.8464525938034058,0.8690853714942932,4.697081565856934,4.251900672912598,118.0,0.41664740443229675,,,,,,,,,,,,
6,,,26149,2.0,0.9664000272750854,0.88166743516922,0.07631760835647583,0.8711205720901489,0.8929829597473145,5.94892692565918,5.435537815093994,530.0,0.43707117438316345,,,,,,,,,,,,
6,,,26159,2.0,0.9865999817848206,0.9765528440475464,0.034875910729169846,0.985098123550415,0.968494176864624,4.768195152282715,4.253974914550781,1666.0,0.4793443977832794,,,,,,,,,,,,
6,,,26169,2.0,0.9757999777793884,0.8868843913078308,0.0579390749335289,0.953658938407898,0.8391596078872681,6.264858245849609,5.955379009246826,402.0,0.2515401244163513,,,,,,,,,,,,
6,,,26179,2.0,0.9811000227928162,0.9567258358001709,0.04584528133273125,0.9433364868164062,0.971318244934082,5.542140007019043,4.659265518188477,970.0,0.8370289206504822,,,,,,,,,,,,
6,,,26189,2.0,0.9822999835014343,0.8607214689254761,0.038857437670230865,0.8509414196014404,0.8711141347885132,7.324313640594482,6.873813152313232,249.0,0.4116431474685669,,,,,,,,,,,,
6,,,26199,2.0,0.9891999959945679,0.9641319513320923,0.02793877199292183,0.9656846523284912,0.9625918865203857,4.796593189239502,4.541653156280518,626.0,0.22700105607509613,,,,,,,,,,,,
6,,,26209,2.0,0.9900000095367432,0.9833912253379822,0.03413534164428711,0.9797930717468262,0.9870867133140564,5.493844032287598,4.614718437194824,1071.0,0.844990074634552,,,,,,,,,,,,
6,,,26219,2.0,0.9787999987602234,0.8268055319786072,0.06569606810808182,0.875603199005127,0.7899773120880127,6.310313701629639,5.620816230773926,224.0,0.6238011121749878,,,,,,,,,,,,
6,,,26229,2.0,0.9772999882698059,0.9347596168518066,0.054621513932943344,0.9582720994949341,0.9141201376914978,5.782629489898682,5.424541473388672,815.0,0.3034661114215851,,,,,,,,,,,,
6,,,26239,2.0,0.9887999892234802,0.9826936721801758,0.02851039171218872,0.9788552522659302,0.9866539835929871,4.323037624359131,3.9727132320404053,1062.0,0.32181400060653687,,,,,,,,,,,,
6,,,26249,2.0,0.9882000088691711,0.9342714548110962,0.0311641413718462,0.9316598176956177,0.9369187355041504,12.950450897216797,4.515442848205566,322.0,8.403843879699707,,,,,,,,,,,,
6,,,26259,2.0,0.9772999882698059,0.9027836322784424,0.06941155344247818,0.926333487033844,0.8820695877075195,5.864179611206055,5.278404712677002,515.0,0.5163633227348328,,,,,,,,,,,,
6,,,26269,2.0,0.9793999791145325,0.9426246881484985,0.05843960493803024,0.9204908609390259,0.9680618047714233,4.734041213989258,4.496719837188721,832.0,0.17888180911540985,,,,,,,,,,,,
6,,,26279,2.0,0.9650999903678894,0.8982773423194885,0.07722984254360199,0.8940094709396362,0.9026669859886169,6.278634071350098,5.979780197143555,716.0,0.22162407636642456,,,,,,,,,,,,
6,,,26289,2.0,0.9804999828338623,0.9704959392547607,0.04449182376265526,0.9736038446426392,0.96746826171875,4.769819736480713,4.391982078552246,1059.0,0.33334606885910034,,,,,,,,,,,,
6,,,26299,2.0,0.984499990940094,0.9351716041564941,0.03745138645172119,0.9323355555534363,0.9380514621734619,6.10305643081665,5.932919979095459,552.0,0.13268502056598663,,,,,,,,,,,,
6,,,26309,2.0,0.9751999974250793,0.9656538367271423,0.05866600200533867,0.9602323770523071,0.9713888168334961,5.808676719665527,5.632502555847168,1668.0,0.11750813573598862,,,,,,,,,,,,
6,,,26319,2.0,0.9613999724388123,0.9028964042663574,0.08817099779844284,0.8958332538604736,0.9103158712387085,9.407092094421387,7.228912353515625,1065.0,2.090008497238159,,,,,,,,,,,,
6,,,26329,2.0,0.947700023651123,0.9361377358436584,0.12167977541685104,0.9308034181594849,0.9419605731964111,6.2526397705078125,5.943526744842529,1731.0,0.1874331533908844,,,,,,,,,,,,
6,,,26339,2.0,0.9706000089645386,0.8173277378082275,0.10239190608263016,0.9354508519172668,0.7530263662338257,6.039228916168213,5.562398910522461,378.0,0.3744382858276367,,,,,,,,,,,,
6,,,26349,2.0,0.9818999767303467,0.9162982702255249,0.0441516675055027,0.9073238372802734,0.9257415533065796,6.31951904296875,5.770293235778809,451.0,0.5050742030143738,,,,,,,,,,,,
6,,,26359,2.0,0.9104999899864197,0.8679831027984619,0.2044113278388977,0.8533985614776611,0.8857279419898987,8.046405792236328,7.166329860687256,1791.0,0.6756643652915955,,,,,,,,,,,,
6,,,26369,2.0,0.9628000259399414,0.8790019750595093,0.08351684361696243,0.8656708002090454,0.8936270475387573,6.700983047485352,6.521413803100586,433.0,0.09605229645967484,,,,,,,,,,,,
6,,,26379,2.0,0.9527999758720398,0.9218682050704956,0.12726366519927979,0.902747631072998,0.9448063373565674,7.069480895996094,6.7148542404174805,1191.0,0.2273629903793335,,,,,,,,,,,,
