epoch,lr-Adam/pg1,lr-Adam/pg2,step,train/batch_size,train/cls_acc,train/cls_f1,train/cls_loss,train/cls_precision,train/cls_recall,train/loss,train/mat_f1,train/mat_loss,train/mat_precision,train/mat_recall,train/n_critical_max,val/cls_acc,val/cls_f1,val/cls_loss,val/cls_precision,val/cls_recall,val/loss,val/mat_f1,val/mat_loss,val/mat_precision,val/mat_recall,val/n_critical_max
,1e-06,9.999999999999999e-06,0,,,,,,,,,,,,,,,,,,,,,,,
0,,,9,4.0,0.9150999784469604,0.4921071231365204,0.2512394189834595,0.5019063949584961,0.5099239945411682,0.2512394189834595,0.0,0.0,0.0,0.0,,,,,,,,,,,,
0,,,19,4.0,0.8509500026702881,0.4771004617214203,0.61948162317276,0.49591267108917236,0.48381489515304565,0.61948162317276,0.0,0.0,0.0,0.0,,,,,,,,,,,,
0,,,29,4.0,0.8784499764442444,0.4788564443588257,0.39191991090774536,0.49436792731285095,0.4784000813961029,0.39191991090774536,0.0,0.0,0.0,0.0,,,,,,,,,,,,
0,,,39,4.0,0.8935499787330627,0.47927162051200867,0.32030561566352844,0.4926908612251282,0.47434884309768677,0.32030561566352844,0.0,0.0,0.0,0.0,,,,,,,,,,,,
0,,,49,4.0,0.8295999765396118,0.46562954783439636,0.46163612604141235,0.4974895417690277,0.48117566108703613,0.46163612604141235,0.0,0.0,0.0,0.0,,,,,,,,,,,,
0,,,59,4.0,0.9143000245094299,0.5302110910415649,0.2894871234893799,0.5251262187957764,0.5497770309448242,0.2894871234893799,0.0,0.0,0.0,0.0,,,,,,,,,,,,
0,,,69,4.0,0.9259999990463257,0.4887559711933136,0.3017435371875763,0.497565358877182,0.4902452826499939,0.3017435371875763,0.0,0.0,0.0,0.0,,,,,,,,,,,,
0,,,79,4.0,0.9189500212669373,0.48913484811782837,0.28130602836608887,0.49622660875320435,0.48923373222351074,0.28130602836608887,0.0,0.0,0.0,0.0,,,,,,,,,,,,
0,,,89,4.0,0.9230999946594238,0.4993489682674408,0.38133764266967773,0.49981969594955444,0.49976083636283875,0.38133764266967773,0.0,0.0,0.0,0.0,,,,,,,,,,,,
0,,,99,4.0,0.9099500179290771,0.47753164172172546,0.2213928997516632,0.49936243891716003,0.47771286964416504,0.2213928997516632,0.0,0.0,0.0,0.0,,,,,,,,,,,,
0,,,109,4.0,0.9282000064849854,0.507103443145752,0.2730101943016052,0.5080937147140503,0.522757351398468,0.2730101943016052,0.0,0.0,0.0,0.0,,,,,,,,,,,,
0,,,119,4.0,0.9296500086784363,0.5015391111373901,0.2500884532928467,0.5019047260284424,0.5027833580970764,0.2500884532928467,0.0,0.0,0.0,0.0,,,,,,,,,,,,
0,,,129,4.0,0.9377999901771545,0.49723881483078003,0.20307764410972595,0.5028616189956665,0.513922393321991,0.20307764410972595,0.0,0.0,0.0,0.0,,,,,,,,,,,,
0,,,139,4.0,0.9212499856948853,0.4857644736766815,0.22693084180355072,0.49587610363960266,0.48375219106674194,0.22693084180355072,0.0,0.0,0.0,0.0,,,,,,,,,,,,
0,,,149,4.0,0.9609000086784363,0.5024938583374023,0.13591808080673218,0.5038734674453735,0.5148206353187561,0.13591808080673218,0.0,0.0,0.0,0.0,,,,,,,,,,,,
0,,,159,4.0,0.9551500082015991,0.5413405895233154,0.17289970815181732,0.5352920889854431,0.5513891577720642,0.17289970815181732,0.0,0.0,0.0,0.0,,,,,,,,,,,,
0,,,169,4.0,0.9316499829292297,0.5244469046592712,0.21497033536434174,0.519910991191864,0.5514557361602783,0.21497033536434174,0.0,0.0,0.0,0.0,,,,,,,,,,,,
0,,,179,4.0,0.9088500142097473,0.503044068813324,0.37564072012901306,0.5040345788002014,0.5070585012435913,0.37564072012901306,0.0,0.0,0.0,0.0,,,,,,,,,,,,
0,,,189,4.0,0.9567999839782715,0.4958074986934662,0.28784745931625366,0.49538448452949524,0.49725914001464844,0.28784745931625366,0.0,0.0,0.0,0.0,,,,,,,,,,,,
0,,,199,4.0,0.9108999967575073,0.4805753827095032,0.23929333686828613,0.4930781126022339,0.47336557507514954,0.23929333686828613,0.0,0.0,0.0,0.0,,,,,,,,,,,,
0,,,209,4.0,0.9645500183105469,0.5060204267501831,0.15665224194526672,0.5057961344718933,0.5062994956970215,0.15665224194526672,0.0,0.0,0.0,0.0,,,,,,,,,,,,
0,,,219,4.0,0.9481499791145325,0.5322309136390686,0.22242051362991333,0.530007004737854,0.5350437164306641,0.22242051362991333,0.0,0.0,0.0,0.0,,,,,,,,,,,,
0,,,229,4.0,0.9577999711036682,0.5192745327949524,0.1337289959192276,0.514840304851532,0.56645667552948,0.1337289959192276,0.0,0.0,0.0,0.0,,,,,,,,,,,,
0,,,239,4.0,0.9634000062942505,0.4947430491447449,0.23172594606876373,0.4937525987625122,0.4964625835418701,0.23172594606876373,0.0,0.0,0.0,0.0,,,,,,,,,,,,
0,,,249,4.0,0.9327499866485596,0.5093099474906921,0.22758911550045013,0.50848788022995,0.514762282371521,0.22758911550045013,0.0,0.0,0.0,0.0,,,,,,,,,,,,
0,,,259,4.0,0.940750002861023,0.5010460615158081,0.2752160131931305,0.5010553598403931,0.5012151598930359,0.2752160131931305,0.0,0.0,0.0,0.0,,,,,,,,,,,,
0,,,269,4.0,0.9074500203132629,0.5075259208679199,0.39833182096481323,0.5078649520874023,0.5148369669914246,0.39833182096481323,0.0,0.0,0.0,0.0,,,,,,,,,,,,
0,,,279,4.0,0.9607999920845032,0.5210912823677063,0.16329844295978546,0.5185684561729431,0.5251177549362183,0.16329844295978546,0.0,0.0,0.0,0.0,,,,,,,,,,,,
0,,,289,4.0,0.9755499958992004,0.5134550929069519,0.12041580677032471,0.5130802989006042,0.5138641595840454,0.12041580677032471,0.0,0.0,0.0,0.0,,,,,,,,,,,,
0,,,299,4.0,0.909250020980835,0.4800526201725006,0.30324265360832214,0.49320632219314575,0.47256597876548767,0.30324265360832214,0.0,0.0,0.0,0.0,,,,,,,,,,,,
0,,,309,4.0,0.9637500047683716,0.5205907821655273,0.16424523293972015,0.527066171169281,0.517297625541687,0.16424523293972015,0.0,0.0,0.0,0.0,,,,,,,,,,,,
0,,,319,4.0,0.9420999884605408,0.500154972076416,0.20802736282348633,0.5011942982673645,0.5021765828132629,0.20802736282348633,0.0,0.0,0.0,0.0,,,,,,,,,,,,
0,,,329,4.0,0.95660001039505,0.4957241117954254,0.25067785382270813,0.4953251779079437,0.4973601698875427,0.25067785382270813,0.0,0.0,0.0,0.0,,,,,,,,,,,,
0,,,339,4.0,0.9510999917984009,0.5379846692085266,0.28131166100502014,0.5486716032028198,0.5320612788200378,0.28131166100502014,0.0,0.0,0.0,0.0,,,,,,,,,,,,
0,,,349,4.0,0.9736499786376953,0.5382207632064819,0.1279829442501068,0.5320587158203125,0.5483527779579163,0.1279829442501068,0.0,0.0,0.0,0.0,,,,,,,,,,,,
0,,,359,4.0,0.8844000101089478,0.49622419476509094,0.3506147563457489,0.502487063407898,0.5065625309944153,0.3506147563457489,0.0,0.0,0.0,0.0,,,,,,,,,,,,
0,,,369,4.0,0.9625499844551086,0.509706974029541,0.23026852309703827,0.5316532254219055,0.5083755254745483,0.23026852309703827,0.0,0.0,0.0,0.0,,,,,,,,,,,,
0,,,379,4.0,0.9358000159263611,0.5592763423919678,0.2335098683834076,0.5727689862251282,0.5510555505752563,0.2335098683834076,0.0,0.0,0.0,0.0,,,,,,,,,,,,
0,,,389,4.0,0.9555500149726868,0.49087339639663696,0.13971249759197235,0.49745526909828186,0.4879624545574188,0.13971249759197235,0.0,0.0,0.0,0.0,,,,,,,,,,,,
0,,,399,4.0,0.9366000294685364,0.4921489357948303,0.24299341440200806,0.49546781182289124,0.49110472202301025,0.24299341440200806,0.0,0.0,0.0,0.0,,,,,,,,,,,,
0,,,409,4.0,0.9388999938964844,0.5156519412994385,0.21091172099113464,0.5147321820259094,0.5980409383773804,0.21091172099113464,0.0,0.0,0.0,0.0,,,,,,,,,,,,
0,,,419,4.0,0.9799500107765198,0.5637457370758057,0.1153055876493454,0.5874862670898438,0.5507356524467468,0.1153055876493454,0.0,0.0,0.0,0.0,,,,,,,,,,,,
0,,,429,4.0,0.9653000235557556,0.5118833184242249,0.20352593064308167,0.5448564291000366,0.5096812844276428,0.20352593064308167,0.0,0.0,0.0,0.0,,,,,,,,,,,,
0,,,439,4.0,0.9595000147819519,0.5063648223876953,0.15420860052108765,0.505887508392334,0.5072024464607239,0.15420860052108765,0.0,0.0,0.0,0.0,,,,,,,,,,,,
0,,,449,4.0,0.9660500288009644,0.5307018756866455,0.14489857852458954,0.5541287660598755,0.5230874419212341,0.14489857852458954,0.0,0.0,0.0,0.0,,,,,,,,,,,,
0,,,459,4.0,0.961650013923645,0.5161725878715515,0.18756848573684692,0.5172820091247559,0.5152719616889954,0.18756848573684692,0.0,0.0,0.0,0.0,,,,,,,,,,,,
0,,,469,4.0,0.9654499888420105,0.5323654413223267,0.18924953043460846,0.5516637563705444,0.5249534845352173,0.18924953043460846,0.0,0.0,0.0,0.0,,,,,,,,,,,,
0,,,479,4.0,0.9727500081062317,0.5056133270263672,0.10455654561519623,0.5048879384994507,0.5077120065689087,0.10455654561519623,0.0,0.0,0.0,0.0,,,,,,,,,,,,
0,,,489,4.0,0.9615499973297119,0.5849905610084534,0.15375997126102448,0.5849032998085022,0.5850780606269836,0.15375997126102448,0.0,0.0,0.0,0.0,,,,,,,,,,,,
0,,,499,4.0,0.9579499959945679,0.5064750909805298,0.22913852334022522,0.5223015546798706,0.5064651370048523,0.22913852334022522,0.0,0.0,0.0,0.0,,,,,,,,,,,,
0,,,509,4.0,0.9635499715805054,0.5322121381759644,0.16658401489257812,0.5488452315330505,0.5253094434738159,0.16658401489257812,0.0,0.0,0.0,0.0,,,,,,,,,,,,
0,,,519,4.0,0.985450029373169,0.5031151175498962,0.06503868848085403,0.5027382373809814,0.5039822459220886,0.06503868848085403,0.0,0.0,0.0,0.0,,,,,,,,,,,,
0,,,529,4.0,0.9399499893188477,0.5425904989242554,0.2858680784702301,0.5470752120018005,0.5391736626625061,0.2858680784702301,0.0,0.0,0.0,0.0,,,,,,,,,,,,
0,,,539,4.0,0.9529500007629395,0.4952796399593353,0.2222350388765335,0.4947385787963867,0.49642759561538696,0.2222350388765335,0.0,0.0,0.0,0.0,,,,,,,,,,,,
0,,,549,4.0,0.9643499851226807,0.5111072659492493,0.15751565992832184,0.5498037338256836,0.5093616247177124,0.15751565992832184,0.0,0.0,0.0,0.0,,,,,,,,,,,,
0,,,559,4.0,0.9482499957084656,0.5409393310546875,0.21424269676208496,0.5427172183990479,0.5393566489219666,0.21424269676208496,0.0,0.0,0.0,0.0,,,,,,,,,,,,
0,,,569,4.0,0.9587000012397766,0.5012722611427307,0.17879170179367065,0.5012384653091431,0.5013905167579651,0.17879170179367065,0.0,0.0,0.0,0.0,,,,,,,,,,,,
0,,,579,4.0,0.9753999710083008,0.5133014917373657,0.08969695121049881,0.5115397572517395,0.5162572264671326,0.08969695121049881,0.0,0.0,0.0,0.0,,,,,,,,,,,,
0,,,589,4.0,0.9783499836921692,0.5207831859588623,0.08156313002109528,0.5274761319160461,0.5171433091163635,0.08156313002109528,0.0,0.0,0.0,0.0,,,,,,,,,,,,
0,,,599,4.0,0.9602000117301941,0.5416258573532104,0.13686718046665192,0.5365177989006042,0.5491596460342407,0.13686718046665192,0.0,0.0,0.0,0.0,,,,,,,,,,,,
0,,,609,4.0,0.9517499804496765,0.5337041616439819,0.2276020050048828,0.553457498550415,0.5265135765075684,0.2276020050048828,0.0,0.0,0.0,0.0,,,,,,,,,,,,
0,,,619,4.0,0.9696000218391418,0.5664916038513184,0.15744319558143616,0.5925065279006958,0.552869439125061,0.15744319558143616,0.0,0.0,0.0,0.0,,,,,,,,,,,,
0,,,629,4.0,0.9459999799728394,0.4952091574668884,0.19948473572731018,0.4991322159767151,0.49748116731643677,0.19948473572731018,0.0,0.0,0.0,0.0,,,,,,,,,,,,
0,,,639,4.0,0.9700000286102295,0.5265387892723083,0.07916085422039032,0.5190458297729492,0.5600800514221191,0.07916085422039032,0.0,0.0,0.0,0.0,,,,,,,,,,,,
0,,,649,4.0,0.977400004863739,0.5440790057182312,0.11491841822862625,0.5860146284103394,0.5310583710670471,0.11491841822862625,0.0,0.0,0.0,0.0,,,,,,,,,,,,
0,,,659,4.0,0.9805999994277954,0.4976663589477539,0.10379450768232346,0.4973105490207672,0.49856752157211304,0.10379450768232346,0.0,0.0,0.0,0.0,,,,,,,,,,,,
0,,,669,4.0,0.9747499823570251,0.5089592933654785,0.13073232769966125,0.5144391059875488,0.5073040723800659,0.13073232769966125,0.0,0.0,0.0,0.0,,,,,,,,,,,,
0,,,679,4.0,0.9311500191688538,0.5166093707084656,0.23623313009738922,0.515752375125885,0.5177338719367981,0.23623313009738922,0.0,0.0,0.0,0.0,,,,,,,,,,,,
0,,,689,4.0,0.9750000238418579,0.5110425353050232,0.14542606472969055,0.5475998520851135,0.5084657669067383,0.14542606472969055,0.0,0.0,0.0,0.0,,,,,,,,,,,,
0,,,699,4.0,0.9490000009536743,0.5315255522727966,0.22076010704040527,0.534868597984314,0.5289967656135559,0.22076010704040527,0.0,0.0,0.0,0.0,,,,,,,,,,,,
0,,,709,4.0,0.9480000138282776,0.5164675712585449,0.17355984449386597,0.5135301351547241,0.5317603349685669,0.17355984449386597,0.0,0.0,0.0,0.0,,,,,,,,,,,,
0,,,719,4.0,0.9718999862670898,0.5245347023010254,0.13241253793239594,0.5262967348098755,0.5230563879013062,0.13241253793239594,0.0,0.0,0.0,0.0,,,,,,,,,,,,
0,,,729,4.0,0.9599499702453613,0.50666344165802,0.15300253033638,0.5064685940742493,0.506894588470459,0.15300253033638,0.0,0.0,0.0,0.0,,,,,,,,,,,,
0,,,739,4.0,0.9474999904632568,0.548969030380249,0.2270873785018921,0.5553664565086365,0.544259250164032,0.2270873785018921,0.0,0.0,0.0,0.0,,,,,,,,,,,,
0,,,749,4.0,0.9674500226974487,0.5022512674331665,0.15539108216762543,0.5056899189949036,0.5025509595870972,0.15539108216762543,0.0,0.0,0.0,0.0,,,,,,,,,,,,
0,,,759,4.0,0.9483000040054321,0.5035421848297119,0.2406209260225296,0.5113001465797424,0.5044087171554565,0.2406209260225296,0.0,0.0,0.0,0.0,,,,,,,,,,,,
0,,,769,4.0,0.9857500195503235,0.5133602023124695,0.07579846680164337,0.5317196846008301,0.509397029876709,0.07579846680164337,0.0,0.0,0.0,0.0,,,,,,,,,,,,
0,,,779,4.0,0.9605000019073486,0.5948718190193176,0.17262332141399384,0.6593416929244995,0.5700298547744751,0.17262332141399384,0.0,0.0,0.0,0.0,,,,,,,,,,,,
0,,,789,4.0,0.9583500027656555,0.4952945411205292,0.2115553468465805,0.5029258131980896,0.500495970249176,0.2115553468465805,0.0,0.0,0.0,0.0,,,,,,,,,,,,
0,,,799,4.0,0.9733999967575073,0.49326035380363464,0.1615728735923767,0.48765093088150024,0.4990003705024719,0.1615728735923767,0.0,0.0,0.0,0.0,,,,,,,,,,,,
0,,,809,4.0,0.9627000093460083,0.49049779772758484,0.14953455328941345,0.4959559142589569,0.4851585030555725,0.14953455328941345,0.0,0.0,0.0,0.0,,,,,,,,,,,,
0,,,819,4.0,0.9815499782562256,0.5136196613311768,0.056904517114162445,0.5096853971481323,0.536849319934845,0.056904517114162445,0.0,0.0,0.0,0.0,,,,,,,,,,,,
0,,,829,4.0,0.9445499777793884,0.5146042108535767,0.16799938678741455,0.5126580595970154,0.5446586012840271,0.16799938678741455,0.0,0.0,0.0,0.0,,,,,,,,,,,,
0,,,839,4.0,0.9708999991416931,0.5792424082756042,0.12166398763656616,0.6084662675857544,0.5633482933044434,0.12166398763656616,0.0,0.0,0.0,0.0,,,,,,,,,,,,
0,,,849,4.0,0.957099974155426,0.5316613912582397,0.1528659611940384,0.5292102694511414,0.5348065495491028,0.1528659611940384,0.0,0.0,0.0,0.0,,,,,,,,,,,,
0,,,859,4.0,0.9437500238418579,0.5867698788642883,0.19728770852088928,0.6000787019729614,0.5771874785423279,0.19728770852088928,0.0,0.0,0.0,0.0,,,,,,,,,,,,
0,,,869,4.0,0.9686999917030334,0.5262674689292908,0.12478683143854141,0.5332560539245605,0.5222140550613403,0.12478683143854141,0.0,0.0,0.0,0.0,,,,,,,,,,,,
0,,,879,4.0,0.9832500219345093,0.4957771301269531,0.08490624278783798,0.4924621880054474,0.4991370141506195,0.08490624278783798,0.0,0.0,0.0,0.0,,,,,,,,,,,,
0,,,889,4.0,0.9677000045776367,0.5053429007530212,0.18492470681667328,0.6509454250335693,0.5065995454788208,0.18492470681667328,0.0,0.0,0.0,0.0,,,,,,,,,,,,
0,,,899,4.0,0.9581000208854675,0.48930084705352783,0.18596704304218292,0.48790547251701355,0.4907042384147644,0.18596704304218292,0.0,0.0,0.0,0.0,,,,,,,,,,,,
0,,,909,4.0,0.9726999998092651,0.5207566022872925,0.08885524421930313,0.5224877595901489,0.5193493366241455,0.08885524421930313,0.0,0.0,0.0,0.0,,,,,,,,,,,,
0,,,919,4.0,0.9642000198364258,0.603392481803894,0.16414420306682587,0.6366121768951416,0.5842606425285339,0.16414420306682587,0.0,0.0,0.0,0.0,,,,,,,,,,,,
0,,,929,4.0,0.9910500049591064,0.5086811780929565,0.06013030931353569,0.5167167782783508,0.506310760974884,0.06013030931353569,0.0,0.0,0.0,0.0,,,,,,,,,,,,
0,,,939,4.0,0.9653499722480774,0.5010826587677002,0.17668047547340393,0.5036356449127197,0.5016974806785583,0.17668047547340393,0.0,0.0,0.0,0.0,,,,,,,,,,,,
0,,,949,4.0,0.9714999794960022,0.5569767355918884,0.14403657615184784,0.5574962496757507,0.55646812915802,0.14403657615184784,0.0,0.0,0.0,0.0,,,,,,,,,,,,
0,,,959,4.0,0.9634000062942505,0.5153457522392273,0.1586015671491623,0.5278210043907166,0.5121857523918152,0.1586015671491623,0.0,0.0,0.0,0.0,,,,,,,,,,,,
0,,,969,4.0,0.9700999855995178,0.5222784280776978,0.11374172568321228,0.5597641468048096,0.5159511566162109,0.11374172568321228,0.0,0.0,0.0,0.0,,,,,,,,,,,,
0,,,979,4.0,0.9731500148773193,0.5058979392051697,0.14961273968219757,0.6535779237747192,0.5062442421913147,0.14961273968219757,0.0,0.0,0.0,0.0,,,,,,,,,,,,
0,,,989,4.0,0.9750000238418579,0.5147401690483093,0.1332125961780548,0.5963137745857239,0.5106531381607056,0.1332125961780548,0.0,0.0,0.0,0.0,,,,,,,,,,,,
0,,,999,4.0,0.9843000173568726,0.5202847719192505,0.06696402281522751,0.5439257025718689,0.5141772031784058,0.06696402281522751,0.0,0.0,0.0,0.0,,,,,,,,,,,,
0,,,1009,4.0,0.9739000201225281,0.5064460635185242,0.15965205430984497,0.5798068642616272,0.5062333345413208,0.15965205430984497,0.0,0.0,0.0,0.0,,,,,,,,,,,,
0,,,1019,4.0,0.9603000283241272,0.4960903227329254,0.1718839406967163,0.4984912574291229,0.49956732988357544,0.1718839406967163,0.0,0.0,0.0,0.0,,,,,,,,,,,,
0,,,1029,4.0,0.9616000056266785,0.5230453014373779,0.212402805685997,0.5368565917015076,0.5181902647018433,0.212402805685997,0.0,0.0,0.0,0.0,,,,,,,,,,,,
0,,,1039,4.0,0.9786999821662903,0.5295478105545044,0.08834758400917053,0.6639901995658875,0.5186517238616943,0.08834758400917053,0.0,0.0,0.0,0.0,,,,,,,,,,,,
0,,,1049,4.0,0.9612500071525574,0.5111261010169983,0.20579896867275238,0.5622221231460571,0.5097764134407043,0.20579896867275238,0.0,0.0,0.0,0.0,,,,,,,,,,,,
0,,,1059,4.0,0.9293500185012817,0.5896568298339844,0.28584349155426025,0.5844653844833374,0.5958040952682495,0.28584349155426025,0.0,0.0,0.0,0.0,,,,,,,,,,,,
0,,,1069,4.0,0.9815000295639038,0.5462977290153503,0.06665579229593277,0.5521290302276611,0.5417546033859253,0.06665579229593277,0.0,0.0,0.0,0.0,,,,,,,,,,,,
0,,,1079,4.0,0.9689499735832214,0.5614431500434875,0.10210325568914413,0.5471909046173096,0.592853307723999,0.10210325568914413,0.0,0.0,0.0,0.0,,,,,,,,,,,,
0,,,1089,4.0,0.9817500114440918,0.5113092064857483,0.07535228133201599,0.5165665745735168,0.5090808868408203,0.07535228133201599,0.0,0.0,0.0,0.0,,,,,,,,,,,,
0,,,1099,4.0,0.9794999957084656,0.6065488457679749,0.06898200511932373,0.6133572459220886,0.6005650758743286,0.06898200511932373,0.0,0.0,0.0,0.0,,,,,,,,,,,,
0,,,1109,4.0,0.9456499814987183,0.49238577485084534,0.16654936969280243,0.49835970997810364,0.493721067905426,0.16654936969280243,0.0,0.0,0.0,0.0,,,,,,,,,,,,
0,,,1119,4.0,0.9625999927520752,0.5794433355331421,0.14968132972717285,0.5941259860992432,0.5692166090011597,0.14968132972717285,0.0,0.0,0.0,0.0,,,,,,,,,,,,
0,,,1129,4.0,0.9685500264167786,0.5458971261978149,0.16746924817562103,0.5801671743392944,0.5338197350502014,0.16746924817562103,0.0,0.0,0.0,0.0,,,,,,,,,,,,
0,,,1139,4.0,0.9673500061035156,0.5219089984893799,0.12071210891008377,0.5222573280334473,0.5215758681297302,0.12071210891008377,0.0,0.0,0.0,0.0,,,,,,,,,,,,
0,,,1149,4.0,0.9593499898910522,0.5185821056365967,0.13916677236557007,0.5299645662307739,0.5149208903312683,0.13916677236557007,0.0,0.0,0.0,0.0,,,,,,,,,,,,
0,,,1159,4.0,0.977649986743927,0.5552442073822021,0.10285931080579758,0.5944118499755859,0.5402414202690125,0.10285931080579758,0.0,0.0,0.0,0.0,,,,,,,,,,,,
0,,,1169,4.0,0.9219499826431274,0.502285897731781,0.3165639340877533,0.5031774640083313,0.5024023652076721,0.3165639340877533,0.0,0.0,0.0,0.0,,,,,,,,,,,,
0,,,1179,4.0,0.9763000011444092,0.5567242503166199,0.08295900374650955,0.5591029524803162,0.5545528531074524,0.08295900374650955,0.0,0.0,0.0,0.0,,,,,,,,,,,,
0,,,1189,4.0,0.977649986743927,0.5296875238418579,0.08130549639463425,0.5286937952041626,0.5307698249816895,0.08130549639463425,0.0,0.0,0.0,0.0,,,,,,,,,,,,
0,,,1199,4.0,0.975600004196167,0.5316972136497498,0.10662046074867249,0.5833790302276611,0.5215312242507935,0.10662046074867249,0.0,0.0,0.0,0.0,,,,,,,,,,,,
0,,,1209,4.0,0.9789000153541565,0.5039700269699097,0.10989676415920258,0.5116357207298279,0.5036134719848633,0.10989676415920258,0.0,0.0,0.0,0.0,,,,,,,,,,,,
0,,,1219,4.0,0.9596999883651733,0.49944597482681274,0.2336919605731964,0.6137039065361023,0.5044777989387512,0.2336919605731964,0.0,0.0,0.0,0.0,,,,,,,,,,,,
0,,,1229,4.0,0.9451500177383423,0.5603072643280029,0.21215017139911652,0.5801184177398682,0.5497655868530273,0.21215017139911652,0.0,0.0,0.0,0.0,,,,,,,,,,,,
,9.997557473810373e-05,0.0009997557473810372,1238,,,,,,,,,,,,,,,,,,,,,,,
1,,,1239,4.0,0.960349977016449,0.563048779964447,0.13214942812919617,0.5683774948120117,0.558633029460907,0.13214942812919617,0.0,0.0,0.0,0.0,,,,,,,,,,,,
1,,,1249,4.0,0.9592499732971191,0.5716092586517334,0.12646602094173431,0.7461591958999634,0.546692430973053,0.12646602094173431,0.0,0.0,0.0,0.0,,,,,,,,,,,,
1,,,1259,4.0,0.9752500057220459,0.5362415313720703,0.0943109542131424,0.6629050374031067,0.5231093764305115,0.0943109542131424,0.0,0.0,0.0,0.0,,,,,,,,,,,,
1,,,1269,4.0,0.9612500071525574,0.5249204039573669,0.11699684709310532,0.6016978025436401,0.517983078956604,0.11699684709310532,0.0,0.0,0.0,0.0,,,,,,,,,,,,
1,,,1279,4.0,0.9862499833106995,0.5427408814430237,0.05104831978678703,0.5476194024085999,0.5388404726982117,0.05104831978678703,0.0,0.0,0.0,0.0,,,,,,,,,,,,
1,,,1289,4.0,0.9749500155448914,0.682428777217865,0.06936962902545929,0.7727969884872437,0.6387854814529419,0.06936962902545929,0.0,0.0,0.0,0.0,,,,,,,,,,,,
1,,,1299,4.0,0.9746999740600586,0.52679842710495,0.08375026285648346,0.7246689796447754,0.5173442363739014,0.08375026285648346,0.0,0.0,0.0,0.0,,,,,,,,,,,,
1,,,1309,4.0,0.9491999745368958,0.49376046657562256,0.16986212134361267,0.7247573137283325,0.5032605528831482,0.16986212134361267,0.0,0.0,0.0,0.0,,,,,,,,,,,,
1,,,1319,4.0,0.9655500054359436,0.4955517649650574,0.0948396548628807,0.5080348253250122,0.5008244514465332,0.0948396548628807,0.0,0.0,0.0,0.0,,,,,,,,,,,,
1,,,1329,4.0,0.970300018787384,0.6965671181678772,0.06241157650947571,0.6639130115509033,0.7479329109191895,0.06241157650947571,0.0,0.0,0.0,0.0,,,,,,,,,,,,
1,,,1339,4.0,0.9732000231742859,0.4987430274486542,0.07244349271059036,0.5327836275100708,0.502177357673645,0.07244349271059036,0.0,0.0,0.0,0.0,,,,,,,,,,,,
1,,,1349,4.0,0.9713000059127808,0.5498056411743164,0.08200550824403763,0.7019345760345459,0.5316576957702637,0.08200550824403763,0.0,0.0,0.0,0.0,,,,,,,,,,,,
1,,,1359,4.0,0.9757000207901001,0.6496232151985168,0.06173335015773773,0.7485378980636597,0.6089217662811279,0.06173335015773773,0.0,0.0,0.0,0.0,,,,,,,,,,,,
1,,,1369,4.0,0.9915000200271606,0.4978659451007843,0.03786187246441841,0.49604761600494385,0.49969762563705444,0.03786187246441841,0.0,0.0,0.0,0.0,,,,,,,,,,,,
1,,,1379,4.0,0.9914000034332275,0.4978407025337219,0.03354349359869957,0.49579915404319763,0.49989914894104004,0.03354349359869957,0.0,0.0,0.0,0.0,,,,,,,,,,,,
1,,,1389,4.0,0.9751499891281128,0.5257189869880676,0.0710616186261177,0.5808236598968506,0.5174638628959656,0.0710616186261177,0.0,0.0,0.0,0.0,,,,,,,,,,,,
1,,,1399,4.0,0.9868500232696533,0.5478827953338623,0.04358435422182083,0.5768502354621887,0.5353689193725586,0.04358435422182083,0.0,0.0,0.0,0.0,,,,,,,,,,,,
1,,,1409,4.0,0.9711999893188477,0.49614232778549194,0.07787686586380005,0.6856714487075806,0.5016618967056274,0.07787686586380005,0.0,0.0,0.0,0.0,,,,,,,,,,,,
1,,,1419,4.0,0.9926000237464905,0.49814313650131226,0.03315570205450058,0.49630001187324524,0.5,0.03315570205450058,0.0,0.0,0.0,0.0,,,,,,,,,,,,
1,,,1429,4.0,0.9847999811172485,0.5517228245735168,0.044942472130060196,0.6313091516494751,0.5335312485694885,0.044942472130060196,0.0,0.0,0.0,0.0,,,,,,,,,,,,
1,,,1439,4.0,0.9847000241279602,0.4961455166339874,0.06558309495449066,0.49254700541496277,0.499796986579895,0.06558309495449066,0.0,0.0,0.0,0.0,,,,,,,,,,,,
1,,,1449,4.0,0.9876499772071838,0.5510425567626953,0.04111059755086899,0.7441912889480591,0.529984712600708,0.04111059755086899,0.0,0.0,0.0,0.0,,,,,,,,,,,,
1,,,1459,4.0,0.9661499857902527,0.6097221374511719,0.07328993082046509,0.7162534594535828,0.5764864087104797,0.07328993082046509,0.0,0.0,0.0,0.0,,,,,,,,,,,,
1,,,1469,4.0,0.9835500121116638,0.5298452377319336,0.04629726707935333,0.6320688724517822,0.5185676217079163,0.04629726707935333,0.0,0.0,0.0,0.0,,,,,,,,,,,,
1,,,1479,4.0,0.9650999903678894,0.5804973244667053,0.0850943848490715,0.940484344959259,0.5493617057800293,0.0850943848490715,0.0,0.0,0.0,0.0,,,,,,,,,,,,
1,,,1489,4.0,0.9670500159263611,0.5281816124916077,0.07075370848178864,0.9478377103805542,0.51898193359375,0.07075370848178864,0.0,0.0,0.0,0.0,,,,,,,,,,,,
1,,,1499,4.0,0.9733999967575073,0.5499153733253479,0.0616321824491024,0.6082299947738647,0.5344104170799255,0.0616321824491024,0.0,0.0,0.0,0.0,,,,,,,,,,,,
1,,,1509,4.0,0.9728999733924866,0.6483054757118225,0.061310768127441406,0.8176429271697998,0.5998736619949341,0.061310768127441406,0.0,0.0,0.0,0.0,,,,,,,,,,,,
1,,,1519,4.0,0.9770500063896179,0.619784951210022,0.06949327141046524,0.8077436685562134,0.577124297618866,0.06949327141046524,0.0,0.0,0.0,0.0,,,,,,,,,,,,
1,,,1529,4.0,0.9824000000953674,0.501178503036499,0.05809347704052925,0.9911991357803345,0.5028248429298401,0.05809347704052925,0.0,0.0,0.0,0.0,,,,,,,,,,,,
1,,,1539,4.0,0.9796000123023987,0.49484744668006897,0.053142547607421875,0.48980000615119934,0.5,0.053142547607421875,0.0,0.0,0.0,0.0,,,,,,,,,,,,
1,,,1549,4.0,0.9787999987602234,0.716381847858429,0.06209360808134079,0.8927043676376343,0.6520256400108337,0.06209360808134079,0.0,0.0,0.0,0.0,,,,,,,,,,,,
1,,,1559,4.0,0.9789000153541565,0.6669989228248596,0.05288141593337059,0.9072262644767761,0.6080461740493774,0.05288141593337059,0.0,0.0,0.0,0.0,,,,,,,,,,,,
1,,,1569,4.0,0.9833499789237976,0.6130331158638,0.0440647229552269,0.6328163743019104,0.59860759973526,0.0440647229552269,0.0,0.0,0.0,0.0,,,,,,,,,,,,
1,,,1579,4.0,0.9891499876976013,0.5018388032913208,0.0343448743224144,0.9945747256278992,0.502293586730957,0.0343448743224144,0.0,0.0,0.0,0.0,,,,,,,,,,,,
1,,,1589,4.0,0.9857500195503235,0.5735585689544678,0.03757430240511894,0.9412156343460083,0.5421316027641296,0.03757430240511894,0.0,0.0,0.0,0.0,,,,,,,,,,,,
1,,,1599,4.0,0.9839500188827515,0.6566160321235657,0.04152356833219528,0.7438280582427979,0.6164490580558777,0.04152356833219528,0.0,0.0,0.0,0.0,,,,,,,,,,,,
1,,,1609,4.0,0.9807000160217285,0.8028197288513184,0.06245579198002815,0.8844558000564575,0.7510868310928345,0.06245579198002815,0.0,0.0,0.0,0.0,,,,,,,,,,,,
1,,,1619,4.0,0.9700999855995178,0.5565345287322998,0.07561828941106796,0.7912540435791016,0.5351084470748901,0.07561828941106796,0.0,0.0,0.0,0.0,,,,,,,,,,,,
1,,,1629,4.0,0.9825000166893005,0.6885442137718201,0.03417869284749031,0.6506321430206299,0.7543721199035645,0.03417869284749031,0.0,0.0,0.0,0.0,,,,,,,,,,,,
1,,,1639,4.0,0.9821000099182129,0.7266804575920105,0.039910316467285156,0.7563734650611877,0.7034229040145874,0.039910316467285156,0.0,0.0,0.0,0.0,,,,,,,,,,,,
1,,,1649,4.0,0.9735999703407288,0.5661119818687439,0.07927130162715912,0.903656542301178,0.5396620631217957,0.07927130162715912,0.0,0.0,0.0,0.0,,,,,,,,,,,,
1,,,1659,4.0,0.9916999936103821,0.4979163408279419,0.027940163388848305,0.49584999680519104,0.5,0.027940163388848305,0.0,0.0,0.0,0.0,,,,,,,,,,,,
1,,,1669,4.0,0.9837499856948853,0.5578940510749817,0.03686593472957611,0.8753713965415955,0.5335463285446167,0.03686593472957611,0.0,0.0,0.0,0.0,,,,,,,,,,,,
1,,,1679,4.0,0.9729999899864197,0.6212244033813477,0.07285276800394058,0.6485430002212524,0.6029530167579651,0.07285276800394058,0.0,0.0,0.0,0.0,,,,,,,,,,,,
1,,,1689,4.0,0.9796500205993652,0.7830287218093872,0.04996384307742119,0.7660948038101196,0.8024532794952393,0.04996384307742119,0.0,0.0,0.0,0.0,,,,,,,,,,,,
1,,,1699,4.0,0.9632499814033508,0.643537163734436,0.09532195329666138,0.8167822360992432,0.5971535444259644,0.09532195329666138,0.0,0.0,0.0,0.0,,,,,,,,,,,,
1,,,1709,4.0,0.98294997215271,0.5788230895996094,0.04330971837043762,0.692719042301178,0.5511731505393982,0.04330971837043762,0.0,0.0,0.0,0.0,,,,,,,,,,,,
1,,,1719,4.0,0.9818999767303467,0.4954336881637573,0.041173771023750305,0.49094998836517334,0.5,0.041173771023750305,0.0,0.0,0.0,0.0,,,,,,,,,,,,
1,,,1729,4.0,0.9667500257492065,0.5158601403236389,0.062021348625421524,0.787198543548584,0.5123831033706665,0.062021348625421524,0.0,0.0,0.0,0.0,,,,,,,,,,,,
1,,,1739,4.0,0.9415500164031982,0.7302554845809937,0.11601240187883377,0.7205358147621155,0.7410905361175537,0.11601240187883377,0.0,0.0,0.0,0.0,,,,,,,,,,,,
1,,,1749,4.0,0.9799500107765198,0.5815238952636719,0.05396376922726631,0.865297794342041,0.5485934019088745,0.05396376922726631,0.0,0.0,0.0,0.0,,,,,,,,,,,,
1,,,1759,4.0,0.9891999959945679,0.6324149966239929,0.04139963537454605,0.8398631811141968,0.5835782289505005,0.04139963537454605,0.0,0.0,0.0,0.0,,,,,,,,,,,,
1,,,1769,4.0,0.9881500005722046,0.5172619819641113,0.04217466339468956,0.564285159111023,0.5110650658607483,0.04217466339468956,0.0,0.0,0.0,0.0,,,,,,,,,,,,
1,,,1779,4.0,0.9793999791145325,0.6614358425140381,0.054575804620981216,0.7205685377120972,0.6282410621643066,0.054575804620981216,0.0,0.0,0.0,0.0,,,,,,,,,,,,
1,,,1789,4.0,0.9713500142097473,0.5079585313796997,0.0695384070277214,0.6735332012176514,0.5075505971908569,0.0695384070277214,0.0,0.0,0.0,0.0,,,,,,,,,,,,
1,,,1799,4.0,0.9884499907493591,0.4970957338809967,0.027440421283245087,0.49422499537467957,0.5,0.027440421283245087,0.0,0.0,0.0,0.0,,,,,,,,,,,,
1,,,1809,4.0,0.9857500195503235,0.5291970372200012,0.03701883181929588,0.693241536617279,0.5174767971038818,0.03701883181929588,0.0,0.0,0.0,0.0,,,,,,,,,,,,
1,,,1819,4.0,0.9886500239372253,0.4971463084220886,0.0363856740295887,0.49432501196861267,0.5,0.0363856740295887,0.0,0.0,0.0,0.0,,,,,,,,,,,,
1,,,1829,4.0,0.9851999878883362,0.6262626647949219,0.037316132336854935,0.7922970652580261,0.5821781754493713,0.037316132336854935,0.0,0.0,0.0,0.0,,,,,,,,,,,,
1,,,1839,4.0,0.9590499997138977,0.741290271282196,0.08034194260835648,0.7894120216369629,0.7082545757293701,0.08034194260835648,0.0,0.0,0.0,0.0,,,,,,,,,,,,
1,,,1849,4.0,0.9759500026702881,0.6778393387794495,0.052643127739429474,0.8293228149414062,0.6244290471076965,0.052643127739429474,0.0,0.0,0.0,0.0,,,,,,,,,,,,
1,,,1859,4.0,0.9747499823570251,0.5589989423751831,0.04846541956067085,0.5812589526176453,0.5470587611198425,0.04846541956067085,0.0,0.0,0.0,0.0,,,,,,,,,,,,
1,,,1869,4.0,0.9592999815940857,0.6440154314041138,0.08394522219896317,0.6314407587051392,0.6597309708595276,0.08394522219896317,0.0,0.0,0.0,0.0,,,,,,,,,,,,
1,,,1879,4.0,0.9793999791145325,0.6708674430847168,0.07103092968463898,0.7153354287147522,0.6422647833824158,0.07103092968463898,0.0,0.0,0.0,0.0,,,,,,,,,,,,
1,,,1889,4.0,0.9840499758720398,0.8007029294967651,0.05135050788521767,0.9095609188079834,0.7390642762184143,0.05135050788521767,0.0,0.0,0.0,0.0,,,,,,,,,,,,
1,,,1899,4.0,0.973800003528595,0.632447361946106,0.07225434482097626,0.7162941098213196,0.5972689390182495,0.07225434482097626,0.0,0.0,0.0,0.0,,,,,,,,,,,,
1,,,1909,4.0,0.9724000096321106,0.5696727633476257,0.07583636790513992,0.8387904167175293,0.5424885749816895,0.07583636790513992,0.0,0.0,0.0,0.0,,,,,,,,,,,,
1,,,1919,4.0,0.975600004196167,0.7196038961410522,0.054708752781152725,0.8436024188995361,0.6637017726898193,0.054708752781152725,0.0,0.0,0.0,0.0,,,,,,,,,,,,
1,,,1929,4.0,0.979449987411499,0.7413653135299683,0.05175993591547012,0.8099418878555298,0.6986647844314575,0.05175993591547012,0.0,0.0,0.0,0.0,,,,,,,,,,,,
1,,,1939,4.0,0.9857500195503235,0.674727201461792,0.038668252527713776,0.6476314663887024,0.7148026823997498,0.038668252527713776,0.0,0.0,0.0,0.0,,,,,,,,,,,,
1,,,1949,4.0,0.9859499931335449,0.7182247638702393,0.033644139766693115,0.6861159801483154,0.7645571827888489,0.033644139766693115,0.0,0.0,0.0,0.0,,,,,,,,,,,,
1,,,1959,4.0,0.9759500026702881,0.7476752400398254,0.05850152671337128,0.8016071319580078,0.7109917998313904,0.05850152671337128,0.0,0.0,0.0,0.0,,,,,,,,,,,,
1,,,1969,4.0,0.9830499887466431,0.6627019643783569,0.0402834378182888,0.7860774993896484,0.6152304410934448,0.0402834378182888,0.0,0.0,0.0,0.0,,,,,,,,,,,,
1,,,1979,4.0,0.975600004196167,0.7046689987182617,0.06347301602363586,0.8269367814064026,0.6512340307235718,0.06347301602363586,0.0,0.0,0.0,0.0,,,,,,,,,,,,
1,,,1989,4.0,0.9803500175476074,0.6396840810775757,0.05251059681177139,0.9029253125190735,0.5872843861579895,0.05251059681177139,0.0,0.0,0.0,0.0,,,,,,,,,,,,
1,,,1999,4.0,0.9685999751091003,0.6669039726257324,0.06010037288069725,0.8747419118881226,0.611570417881012,0.06010037288069725,0.0,0.0,0.0,0.0,,,,,,,,,,,,
1,,,2009,4.0,0.9884999990463257,0.533397376537323,0.03543859347701073,0.8157995939254761,0.5191043019294739,0.03543859347701073,0.0,0.0,0.0,0.0,,,,,,,,,,,,
1,,,2019,4.0,0.9779000282287598,0.7318859100341797,0.04663608968257904,0.7683781385421753,0.704593300819397,0.04663608968257904,0.0,0.0,0.0,0.0,,,,,,,,,,,,
1,,,2029,4.0,0.9718000292778015,0.6610321998596191,0.06157781556248665,0.8156219720840454,0.6111966967582703,0.06157781556248665,0.0,0.0,0.0,0.0,,,,,,,,,,,,
1,,,2039,4.0,0.9844499826431274,0.6630901098251343,0.03836843743920326,0.6461829543113708,0.6846977472305298,0.03836843743920326,0.0,0.0,0.0,0.0,,,,,,,,,,,,
1,,,2049,4.0,0.9686499834060669,0.5723346471786499,0.06626877188682556,0.8506664037704468,0.5445438623428345,0.06626877188682556,0.0,0.0,0.0,0.0,,,,,,,,,,,,
1,,,2059,4.0,0.9804499745368958,0.49506425857543945,0.04568972811102867,0.4902249872684479,0.5,0.04568972811102867,0.0,0.0,0.0,0.0,,,,,,,,,,,,
1,,,2069,4.0,0.9879999756813049,0.7360955476760864,0.03639054670929909,0.8327099084854126,0.6838402152061462,0.03639054670929909,0.0,0.0,0.0,0.0,,,,,,,,,,,,
1,,,2079,4.0,0.9740999937057495,0.6671974062919617,0.0566897876560688,0.884395956993103,0.6103615164756775,0.0566897876560688,0.0,0.0,0.0,0.0,,,,,,,,,,,,
1,,,2089,4.0,0.9924499988555908,0.5046412348747253,0.02701854333281517,0.5278472900390625,0.5032720565795898,0.02701854333281517,0.0,0.0,0.0,0.0,,,,,,,,,,,,
1,,,2099,4.0,0.9821500182151794,0.8145735263824463,0.04922394081950188,0.8703086972236633,0.7741509675979614,0.04922394081950188,0.0,0.0,0.0,0.0,,,,,,,,,,,,
1,,,2109,4.0,0.9758999943733215,0.5922166109085083,0.06190457195043564,0.7961130142211914,0.5575828552246094,0.06190457195043564,0.0,0.0,0.0,0.0,,,,,,,,,,,,
1,,,2119,4.0,0.9743499755859375,0.6510084867477417,0.06988780945539474,0.7614258527755737,0.6083596348762512,0.06988780945539474,0.0,0.0,0.0,0.0,,,,,,,,,,,,
1,,,2129,4.0,0.9798499941825867,0.7847239971160889,0.06192389503121376,0.8472224473953247,0.7422167658805847,0.06192389503121376,0.0,0.0,0.0,0.0,,,,,,,,,,,,
1,,,2139,4.0,0.9854999780654907,0.59578937292099,0.03729715198278427,0.7082101702690125,0.5635312795639038,0.03729715198278427,0.0,0.0,0.0,0.0,,,,,,,,,,,,
1,,,2149,4.0,0.9818500280380249,0.5742993950843811,0.04173237457871437,0.8958682417869568,0.5434978008270264,0.04173237457871437,0.0,0.0,0.0,0.0,,,,,,,,,,,,
1,,,2159,4.0,0.982450008392334,0.853137195110321,0.04790729656815529,0.8728342056274414,0.8355615139007568,0.04790729656815529,0.0,0.0,0.0,0.0,,,,,,,,,,,,
1,,,2169,4.0,0.9734500050544739,0.5315265655517578,0.062201127409935,0.8535720109939575,0.519977867603302,0.062201127409935,0.0,0.0,0.0,0.0,,,,,,,,,,,,
1,,,2179,4.0,0.9690499901771545,0.7625632286071777,0.05844597890973091,0.8735431432723999,0.7052980661392212,0.05844597890973091,0.0,0.0,0.0,0.0,,,,,,,,,,,,
1,,,2189,4.0,0.9736999869346619,0.8515546321868896,0.05705352872610092,0.8243115544319153,0.8845849633216858,0.05705352872610092,0.0,0.0,0.0,0.0,,,,,,,,,,,,
1,,,2199,4.0,0.9828000068664551,0.8308337926864624,0.03933301568031311,0.7973132133483887,0.8736470937728882,0.03933301568031311,0.0,0.0,0.0,0.0,,,,,,,,,,,,
1,,,2209,4.0,0.9664999842643738,0.7457281351089478,0.08050554990768433,0.8221353888511658,0.7006189227104187,0.08050554990768433,0.0,0.0,0.0,0.0,,,,,,,,,,,,
1,,,2219,4.0,0.9921000003814697,0.749581515789032,0.027462683618068695,0.9612998962402344,0.6722620725631714,0.027462683618068695,0.0,0.0,0.0,0.0,,,,,,,,,,,,
1,,,2229,4.0,0.9833999872207642,0.5372485518455505,0.050769779831171036,0.7064720392227173,0.522427499294281,0.050769779831171036,0.0,0.0,0.0,0.0,,,,,,,,,,,,
1,,,2239,4.0,0.982450008392334,0.7165281176567078,0.0414699986577034,0.811932384967804,0.6670833230018616,0.0414699986577034,0.0,0.0,0.0,0.0,,,,,,,,,,,,
1,,,2249,4.0,0.9797999858856201,0.7647683620452881,0.05141064524650574,0.8632928729057312,0.7098767757415771,0.05141064524650574,0.0,0.0,0.0,0.0,,,,,,,,,,,,
1,,,2259,4.0,0.9882500171661377,0.6309950947761536,0.036819763481616974,0.9077968001365662,0.5796975493431091,0.036819763481616974,0.0,0.0,0.0,0.0,,,,,,,,,,,,
1,,,2269,4.0,0.975350022315979,0.6654905676841736,0.07208553701639175,0.8118433952331543,0.6152346134185791,0.07208553701639175,0.0,0.0,0.0,0.0,,,,,,,,,,,,
1,,,2279,4.0,0.98089998960495,0.8535767197608948,0.046629924327135086,0.8901199698448181,0.8237559795379639,0.046629924327135086,0.0,0.0,0.0,0.0,,,,,,,,,,,,
1,,,2289,4.0,0.9864000082015991,0.5002261996269226,0.048374779522418976,0.9931996464729309,0.5018315315246582,0.048374779522418976,0.0,0.0,0.0,0.0,,,,,,,,,,,,
1,,,2299,4.0,0.9835000038146973,0.7450461387634277,0.03641553968191147,0.8118523359298706,0.7026020288467407,0.03641553968191147,0.0,0.0,0.0,0.0,,,,,,,,,,,,
1,,,2309,4.0,0.9602000117301941,0.7725598812103271,0.09121616184711456,0.7344610095024109,0.8287299871444702,0.09121616184711456,0.0,0.0,0.0,0.0,,,,,,,,,,,,
1,,,2319,4.0,0.9768000245094299,0.8066157102584839,0.048248983919620514,0.8051844835281372,0.8080616593360901,0.048248983919620514,0.0,0.0,0.0,0.0,,,,,,,,,,,,
1,,,2329,4.0,0.9927999973297119,0.7254607677459717,0.020139817148447037,0.925209641456604,0.6543866991996765,0.020139817148447037,0.0,0.0,0.0,0.0,,,,,,,,,,,,
1,,,2339,4.0,0.982200026512146,0.745469331741333,0.03686952218413353,0.7308786511421204,0.7621572017669678,0.03686952218413353,0.0,0.0,0.0,0.0,,,,,,,,,,,,
1,,,2349,4.0,0.9817000031471252,0.565798282623291,0.0350705124437809,0.7260483503341675,0.5405707955360413,0.0350705124437809,0.0,0.0,0.0,0.0,,,,,,,,,,,,
1,,,2359,4.0,0.9721999764442444,0.6971380710601807,0.052277855575084686,0.8239467740058899,0.6443595290184021,0.052277855575084686,0.0,0.0,0.0,0.0,,,,,,,,,,,,
1,,,2369,4.0,0.9884499907493591,0.5860600471496582,0.03150253742933273,0.7399599552154541,0.5536902546882629,0.03150253742933273,0.0,0.0,0.0,0.0,,,,,,,,,,,,
1,,,2379,4.0,0.9818999767303467,0.7929106950759888,0.051001597195863724,0.8436799049377441,0.7558296918869019,0.051001597195863724,0.0,0.0,0.0,0.0,,,,,,,,,,,,
1,,,2389,4.0,0.9866999983787537,0.800452470779419,0.03281854838132858,0.9378951191902161,0.730276882648468,0.03281854838132858,0.0,0.0,0.0,0.0,,,,,,,,,,,,
1,,,2399,4.0,0.9884999990463257,0.7271410226821899,0.0252628643065691,0.7641010880470276,0.6994949579238892,0.0252628643065691,0.0,0.0,0.0,0.0,,,,,,,,,,,,
1,,,2409,4.0,0.9866499900817871,0.7019222974777222,0.044504955410957336,0.8362734317779541,0.645595371723175,0.044504955410957336,0.0,0.0,0.0,0.0,,,,,,,,,,,,
1,,,2419,4.0,0.98294997215271,0.6397359371185303,0.039792705327272415,0.7666645050048828,0.5962831377983093,0.039792705327272415,0.0,0.0,0.0,0.0,,,,,,,,,,,,
1,,,2429,4.0,0.972000002861023,0.8350170850753784,0.07519913464784622,0.865980863571167,0.8093935251235962,0.07519913464784622,0.0,0.0,0.0,0.0,,,,,,,,,,,,
1,,,2439,4.0,0.9746999740600586,0.7926756143569946,0.060863908380270004,0.770056962966919,0.8198981285095215,0.060863908380270004,0.0,0.0,0.0,0.0,,,,,,,,,,,,
1,,,2449,4.0,0.9868999719619751,0.6328063607215881,0.032923102378845215,0.8541983366012573,0.583422064781189,0.032923102378845215,0.0,0.0,0.0,0.0,,,,,,,,,,,,
1,,,2459,4.0,0.9887499809265137,0.6633356809616089,0.029294192790985107,0.7525571584701538,0.6214667558670044,0.029294192790985107,0.0,0.0,0.0,0.0,,,,,,,,,,,,
1,,,2469,4.0,0.9855999946594238,0.8172216415405273,0.03963888809084892,0.8369889259338379,0.7997516393661499,0.03963888809084892,0.0,0.0,0.0,0.0,,,,,,,,,,,,
,9.990232305719945e-05,0.0009990232305719944,2476,,,,,,,,,,,,,,,,,,,,,,,
2,,,2479,4.0,0.9764999747276306,0.7775706052780151,0.058627624064683914,0.8707292079925537,0.7236275672912598,0.058627624064683914,0.0,0.0,0.0,0.0,,,,,,,,,,,,
2,,,2489,4.0,0.9861500263214111,0.8186767101287842,0.03880614787340164,0.8611835241317749,0.7854927778244019,0.03880614787340164,0.0,0.0,0.0,0.0,,,,,,,,,,,,
2,,,2499,4.0,0.9752500057220459,0.7861620783805847,0.058589398860931396,0.7809215784072876,0.7916204929351807,0.058589398860931396,0.0,0.0,0.0,0.0,,,,,,,,,,,,
2,,,2509,4.0,0.9808499813079834,0.7578152418136597,0.04453044384717941,0.7770615816116333,0.7412053942680359,0.04453044384717941,0.0,0.0,0.0,0.0,,,,,,,,,,,,
2,,,2519,4.0,0.9823499917984009,0.8563570380210876,0.045580558478832245,0.9171110391616821,0.8120013475418091,0.045580558478832245,0.0,0.0,0.0,0.0,,,,,,,,,,,,
2,,,2529,4.0,0.9894999861717224,0.8021719455718994,0.024332676082849503,0.7723440527915955,0.8396804332733154,0.024332676082849503,0.0,0.0,0.0,0.0,,,,,,,,,,,,
2,,,2539,4.0,0.9818999767303467,0.6446406841278076,0.04970048367977142,0.6953108906745911,0.6155644655227661,0.04970048367977142,0.0,0.0,0.0,0.0,,,,,,,,,,,,
2,,,2549,4.0,0.9739999771118164,0.7521325349807739,0.06436550617218018,0.8481584787368774,0.6996192336082458,0.06436550617218018,0.0,0.0,0.0,0.0,,,,,,,,,,,,
2,,,2559,4.0,0.983299970626831,0.8627278804779053,0.04578663408756256,0.8355224132537842,0.8952068090438843,0.04578663408756256,0.0,0.0,0.0,0.0,,,,,,,,,,,,
2,,,2569,4.0,0.9874500036239624,0.6058713793754578,0.03282212093472481,0.5887730717658997,0.6317084431648254,0.03282212093472481,0.0,0.0,0.0,0.0,,,,,,,,,,,,
2,,,2579,4.0,0.9876999855041504,0.50881028175354,0.034724947065114975,0.8688737750053406,0.506023108959198,0.034724947065114975,0.0,0.0,0.0,0.0,,,,,,,,,,,,
2,,,2589,4.0,0.9880499839782715,0.7421796321868896,0.032380927354097366,0.8589850664138794,0.6837954521179199,0.032380927354097366,0.0,0.0,0.0,0.0,,,,,,,,,,,,
2,,,2599,4.0,0.9811999797821045,0.7786058783531189,0.04765579104423523,0.8396832942962646,0.7369693517684937,0.04765579104423523,0.0,0.0,0.0,0.0,,,,,,,,,,,,
2,,,2609,4.0,0.9763000011444092,0.5767360925674438,0.08271904289722443,0.9401675462722778,0.5454143285751343,0.08271904289722443,0.0,0.0,0.0,0.0,,,,,,,,,,,,
2,,,2619,4.0,0.9642999768257141,0.7495158910751343,0.07323913276195526,0.8099492788314819,0.7104026079177856,0.07323913276195526,0.0,0.0,0.0,0.0,,,,,,,,,,,,
2,,,2629,4.0,0.9739500284194946,0.7092561721801758,0.06292160600423813,0.779065728187561,0.668741762638092,0.06292160600423813,0.0,0.0,0.0,0.0,,,,,,,,,,,,
2,,,2639,4.0,0.9792500138282776,0.715441107749939,0.04662425443530083,0.7278164029121399,0.7044152021408081,0.04662425443530083,0.0,0.0,0.0,0.0,,,,,,,,,,,,
2,,,2649,4.0,0.9929500222206116,0.5186391472816467,0.02428971230983734,0.9964745044708252,0.5104166865348816,0.02428971230983734,0.0,0.0,0.0,0.0,,,,,,,,,,,,
2,,,2659,4.0,0.9828000068664551,0.6417376399040222,0.04020151495933533,0.9193762540817261,0.58778315782547,0.04020151495933533,0.0,0.0,0.0,0.0,,,,,,,,,,,,
2,,,2669,4.0,0.9942499995231628,0.79245924949646,0.019505007192492485,0.8369314670562744,0.758510947227478,0.019505007192492485,0.0,0.0,0.0,0.0,,,,,,,,,,,,
2,,,2679,4.0,0.9718999862670898,0.7876163721084595,0.06060413271188736,0.7610859274864197,0.8209360241889954,0.06060413271188736,0.0,0.0,0.0,0.0,,,,,,,,,,,,
2,,,2689,4.0,0.9781000018119812,0.7047369480133057,0.0452849380671978,0.8348989486694336,0.6495800614356995,0.0452849380671978,0.0,0.0,0.0,0.0,,,,,,,,,,,,
2,,,2699,4.0,0.9635499715805054,0.7457399964332581,0.08843488991260529,0.7812989950180054,0.7189274430274963,0.08843488991260529,0.0,0.0,0.0,0.0,,,,,,,,,,,,
2,,,2709,4.0,0.9860000014305115,0.7525466084480286,0.0373784676194191,0.8396627902984619,0.701920747756958,0.0373784676194191,0.0,0.0,0.0,0.0,,,,,,,,,,,,
2,,,2719,4.0,0.9854000210762024,0.4997243285179138,0.043248631060123444,0.9926996231079102,0.5017064809799194,0.043248631060123444,0.0,0.0,0.0,0.0,,,,,,,,,,,,
2,,,2729,4.0,0.9782500267028809,0.825121283531189,0.05571336671710014,0.9250528812408447,0.7652934789657593,0.05571336671710014,0.0,0.0,0.0,0.0,,,,,,,,,,,,
2,,,2739,4.0,0.9807999730110168,0.7437976598739624,0.040645841509103775,0.7750636339187622,0.719224214553833,0.040645841509103775,0.0,0.0,0.0,0.0,,,,,,,,,,,,
2,,,2749,4.0,0.982200026512146,0.7976697683334351,0.05532795935869217,0.8719821572303772,0.7491508722305298,0.05532795935869217,0.0,0.0,0.0,0.0,,,,,,,,,,,,
2,,,2759,4.0,0.977400004863739,0.6880107522010803,0.057991523295640945,0.7473703622817993,0.6526082754135132,0.057991523295640945,0.0,0.0,0.0,0.0,,,,,,,,,,,,
2,,,2769,4.0,0.993399977684021,0.8108353614807129,0.025377575308084488,0.9335895776748657,0.7429582476615906,0.025377575308084488,0.0,0.0,0.0,0.0,,,,,,,,,,,,
2,,,2779,4.0,0.9835500121116638,0.5134474635124207,0.04107651486992836,0.9917725324630737,0.5089552402496338,0.04107651486992836,0.0,0.0,0.0,0.0,,,,,,,,,,,,
2,,,2789,4.0,0.9899500012397766,0.7716165781021118,0.025097789242863655,0.8771421313285828,0.713071346282959,0.025097789242863655,0.0,0.0,0.0,0.0,,,,,,,,,,,,
2,,,2799,4.0,0.9929500222206116,0.5953726172447205,0.03812723606824875,0.6112505197525024,0.5835427045822144,0.03812723606824875,0.0,0.0,0.0,0.0,,,,,,,,,,,,
2,,,2809,4.0,0.9889500141143799,0.5017063021659851,0.03195035830140114,0.5143243670463562,0.5019068717956543,0.03195035830140114,0.0,0.0,0.0,0.0,,,,,,,,,,,,
2,,,2819,4.0,0.9872000217437744,0.8028069138526917,0.0331985168159008,0.7992425560951233,0.8064612746238708,0.0331985168159008,0.0,0.0,0.0,0.0,,,,,,,,,,,,
2,,,2829,4.0,0.9777500033378601,0.6822748184204102,0.05620446801185608,0.7148231267929077,0.6587289571762085,0.05620446801185608,0.0,0.0,0.0,0.0,,,,,,,,,,,,
2,,,2839,4.0,0.9804499745368958,0.8205736875534058,0.04614067077636719,0.8866698741912842,0.7748222351074219,0.04614067077636719,0.0,0.0,0.0,0.0,,,,,,,,,,,,
2,,,2849,4.0,0.9817000031471252,0.8630356192588806,0.0442168153822422,0.8234187960624695,0.9150450229644775,0.0442168153822422,0.0,0.0,0.0,0.0,,,,,,,,,,,,
2,,,2859,4.0,0.9592000246047974,0.6789512634277344,0.14192470908164978,0.8530808687210083,0.6249099373817444,0.14192470908164978,0.0,0.0,0.0,0.0,,,,,,,,,,,,
2,,,2869,4.0,0.9882500171661377,0.739916980266571,0.027648504823446274,0.7866635322570801,0.7066196799278259,0.027648504823446274,0.0,0.0,0.0,0.0,,,,,,,,,,,,
2,,,2879,4.0,0.9903500080108643,0.4975757896900177,0.0314645953476429,0.49549707770347595,0.4996720552444458,0.0314645953476429,0.0,0.0,0.0,0.0,,,,,,,,,,,,
2,,,2889,4.0,0.9805499911308289,0.7230210304260254,0.05043613910675049,0.9110654592514038,0.6556342244148254,0.05043613910675049,0.0,0.0,0.0,0.0,,,,,,,,,,,,
2,,,2899,4.0,0.9884499907493591,0.698634684085846,0.029530853033065796,0.7526239156723022,0.6640854477882385,0.029530853033065796,0.0,0.0,0.0,0.0,,,,,,,,,,,,
2,,,2909,4.0,0.9853500127792358,0.6979213356971741,0.04744727909564972,0.8629094362258911,0.637764573097229,0.04744727909564972,0.0,0.0,0.0,0.0,,,,,,,,,,,,
2,,,2919,4.0,0.9784500002861023,0.7943705320358276,0.0576561763882637,0.8328553438186646,0.7643544673919678,0.0576561763882637,0.0,0.0,0.0,0.0,,,,,,,,,,,,
2,,,2929,4.0,0.9891499876976013,0.776276171207428,0.029993129894137383,0.8403071761131287,0.7330160737037659,0.029993129894137383,0.0,0.0,0.0,0.0,,,,,,,,,,,,
2,,,2939,4.0,0.9855499863624573,0.8319149613380432,0.03983097895979881,0.8613868951797485,0.8071081042289734,0.03983097895979881,0.0,0.0,0.0,0.0,,,,,,,,,,,,
2,,,2949,4.0,0.9946500062942505,0.7952315807342529,0.017119048163294792,0.8316233158111572,0.7661411166191101,0.017119048163294792,0.0,0.0,0.0,0.0,,,,,,,,,,,,
2,,,2959,4.0,0.9815999865531921,0.6071591973304749,0.057549651712179184,0.756934642791748,0.5696582198143005,0.057549651712179184,0.0,0.0,0.0,0.0,,,,,,,,,,,,
2,,,2969,4.0,0.991349995136261,0.8452490568161011,0.02775328978896141,0.867665708065033,0.825491189956665,0.02775328978896141,0.0,0.0,0.0,0.0,,,,,,,,,,,,
2,,,2979,4.0,0.9815499782562256,0.7401158809661865,0.035843901336193085,0.8610070943832397,0.6816158294677734,0.035843901336193085,0.0,0.0,0.0,0.0,,,,,,,,,,,,
2,,,2989,4.0,0.9858499765396118,0.7058644890785217,0.0395018570125103,0.8274886608123779,0.6513979434967041,0.0395018570125103,0.0,0.0,0.0,0.0,,,,,,,,,,,,
2,,,2999,4.0,0.9884499907493591,0.769264817237854,0.03759857639670372,0.8230221271514893,0.7312556505203247,0.03759857639670372,0.0,0.0,0.0,0.0,,,,,,,,,,,,
2,,,3009,4.0,0.9784500002861023,0.7615119814872742,0.04784681648015976,0.7709735631942749,0.7527317404747009,0.04784681648015976,0.0,0.0,0.0,0.0,,,,,,,,,,,,
2,,,3019,4.0,0.9826499819755554,0.7393101453781128,0.042708322405815125,0.8220773339271545,0.6914651989936829,0.042708322405815125,0.0,0.0,0.0,0.0,,,,,,,,,,,,
2,,,3029,4.0,0.9822999835014343,0.7791011929512024,0.03805318474769592,0.7976980209350586,0.7628077268600464,0.03805318474769592,0.0,0.0,0.0,0.0,,,,,,,,,,,,
2,,,3039,4.0,0.9869499802589417,0.8166772723197937,0.03236338496208191,0.8494647741317749,0.7897428274154663,0.03236338496208191,0.0,0.0,0.0,0.0,,,,,,,,,,,,
2,,,3049,4.0,0.9774500131607056,0.6152858138084412,0.042192213237285614,0.8198685646057129,0.5731260180473328,0.042192213237285614,0.0,0.0,0.0,0.0,,,,,,,,,,,,
2,,,3059,4.0,0.9908000230789185,0.5717616081237793,0.028765078634023666,0.8033366203308105,0.5418528914451599,0.028765078634023666,0.0,0.0,0.0,0.0,,,,,,,,,,,,
2,,,3069,4.0,0.9839500188827515,0.6522570252418518,0.04341637343168259,0.8131352663040161,0.6023560166358948,0.04341637343168259,0.0,0.0,0.0,0.0,,,,,,,,,,,,
2,,,3079,4.0,0.9862499833106995,0.7980892062187195,0.034246619790792465,0.8667387962341309,0.751802921295166,0.034246619790792465,0.0,0.0,0.0,0.0,,,,,,,,,,,,
2,,,3089,4.0,0.9731000065803528,0.7877037525177002,0.057931847870349884,0.9024399518966675,0.7265848517417908,0.057931847870349884,0.0,0.0,0.0,0.0,,,,,,,,,,,,
2,,,3099,4.0,0.9745000004768372,0.6648906469345093,0.07423507422208786,0.7441653609275818,0.6260673999786377,0.07423507422208786,0.0,0.0,0.0,0.0,,,,,,,,,,,,
2,,,3109,4.0,0.9785000085830688,0.6647813320159912,0.052206359803676605,0.7702585458755493,0.620265543460846,0.052206359803676605,0.0,0.0,0.0,0.0,,,,,,,,,,,,
2,,,3119,4.0,0.9822499752044678,0.7472299933433533,0.04704219847917557,0.7846090197563171,0.7189050316810608,0.04704219847917557,0.0,0.0,0.0,0.0,,,,,,,,,,,,
2,,,3129,4.0,0.993399977684021,0.6146219372749329,0.016470523551106453,0.7245667576789856,0.5775211453437805,0.016470523551106453,0.0,0.0,0.0,0.0,,,,,,,,,,,,
2,,,3139,4.0,0.9911500215530396,0.617946207523346,0.030112802982330322,0.7222203016281128,0.5810140371322632,0.030112802982330322,0.0,0.0,0.0,0.0,,,,,,,,,,,,
2,,,3149,4.0,0.9614999890327454,0.7233940362930298,0.09449241310358047,0.794189453125,0.6821685433387756,0.09449241310358047,0.0,0.0,0.0,0.0,,,,,,,,,,,,
2,,,3159,4.0,0.9848499894142151,0.8374811410903931,0.03439487889409065,0.8809694051742554,0.8033504486083984,0.03439487889409065,0.0,0.0,0.0,0.0,,,,,,,,,,,,
2,,,3169,4.0,0.9912499785423279,0.7318369150161743,0.021944066509604454,0.7575157880783081,0.7109159827232361,0.021944066509604454,0.0,0.0,0.0,0.0,,,,,,,,,,,,
2,,,3179,4.0,0.9857000112533569,0.7686610221862793,0.04309787601232529,0.7925882339477539,0.7484949827194214,0.04309787601232529,0.0,0.0,0.0,0.0,,,,,,,,,,,,
2,,,3189,4.0,0.9883999824523926,0.5609903931617737,0.03298802301287651,0.6617040038108826,0.5386756658554077,0.03298802301287651,0.0,0.0,0.0,0.0,,,,,,,,,,,,
2,,,3199,4.0,0.991100013256073,0.7143179178237915,0.02717636711895466,0.8113460540771484,0.6640381217002869,0.02717636711895466,0.0,0.0,0.0,0.0,,,,,,,,,,,,
2,,,3209,4.0,0.9824000000953674,0.7041417956352234,0.037856221199035645,0.7975019216537476,0.6566241383552551,0.037856221199035645,0.0,0.0,0.0,0.0,,,,,,,,,,,,
2,,,3219,4.0,0.9775999784469604,0.5551120042800903,0.06897574663162231,0.6768057346343994,0.5349714159965515,0.06897574663162231,0.0,0.0,0.0,0.0,,,,,,,,,,,,
2,,,3229,4.0,0.972599983215332,0.8224650621414185,0.06431214511394501,0.8224650621414185,0.8224650621414185,0.06431214511394501,0.0,0.0,0.0,0.0,,,,,,,,,,,,
2,,,3239,4.0,0.974399983882904,0.7316808700561523,0.05029824748635292,0.8237350583076477,0.682220458984375,0.05029824748635292,0.0,0.0,0.0,0.0,,,,,,,,,,,,
2,,,3249,4.0,0.9846000075340271,0.7539494037628174,0.04288087412714958,0.8112074136734009,0.7150859832763672,0.04288087412714958,0.0,0.0,0.0,0.0,,,,,,,,,,,,
2,,,3259,4.0,0.9674999713897705,0.782139778137207,0.07622694969177246,0.9084881544113159,0.7191353440284729,0.07622694969177246,0.0,0.0,0.0,0.0,,,,,,,,,,,,
2,,,3269,4.0,0.9904999732971191,0.8656370043754578,0.02790740691125393,0.8626712560653687,0.8686539530754089,0.02790740691125393,0.0,0.0,0.0,0.0,,,,,,,,,,,,
2,,,3279,4.0,0.9813500046730042,0.7635647058486938,0.04795602709054947,0.8623279929161072,0.7085763216018677,0.04795602709054947,0.0,0.0,0.0,0.0,,,,,,,,,,,,
2,,,3289,4.0,0.9902999997138977,0.5721225142478943,0.03141532465815544,0.8353441953659058,0.5416698455810547,0.03141532465815544,0.0,0.0,0.0,0.0,,,,,,,,,,,,
2,,,3299,4.0,0.9756500124931335,0.7916487455368042,0.04938226565718651,0.8088679313659668,0.7763926982879639,0.04938226565718651,0.0,0.0,0.0,0.0,,,,,,,,,,,,
2,,,3309,4.0,0.9846000075340271,0.8766418695449829,0.041447561234235764,0.9134562015533447,0.8462599515914917,0.041447561234235764,0.0,0.0,0.0,0.0,,,,,,,,,,,,
2,,,3319,4.0,0.9789000153541565,0.6639184951782227,0.049133479595184326,0.8434435129165649,0.6101872324943542,0.049133479595184326,0.0,0.0,0.0,0.0,,,,,,,,,,,,
2,,,3329,4.0,0.9800500273704529,0.8259361386299133,0.04769480600953102,0.8020471930503845,0.8543283939361572,0.04769480600953102,0.0,0.0,0.0,0.0,,,,,,,,,,,,
2,,,3339,4.0,0.9808499813079834,0.6398595571517944,0.05191292613744736,0.7806835174560547,0.5950802564620972,0.05191292613744736,0.0,0.0,0.0,0.0,,,,,,,,,,,,
2,,,3349,4.0,0.9959999918937683,0.621638834476471,0.011697227135300636,0.6896989345550537,0.5897508859634399,0.011697227135300636,0.0,0.0,0.0,0.0,,,,,,,,,,,,
2,,,3359,4.0,0.9847999811172485,0.8290785551071167,0.036299146711826324,0.9547989368438721,0.7596655488014221,0.036299146711826324,0.0,0.0,0.0,0.0,,,,,,,,,,,,
2,,,3369,4.0,0.9655500054359436,0.7390710711479187,0.10259673744440079,0.8024671077728271,0.6992731094360352,0.10259673744440079,0.0,0.0,0.0,0.0,,,,,,,,,,,,
2,,,3379,4.0,0.980400025844574,0.6878105401992798,0.05267895385622978,0.7492914795875549,0.6515382528305054,0.05267895385622978,0.0,0.0,0.0,0.0,,,,,,,,,,,,
2,,,3389,4.0,0.9862499833106995,0.7522860765457153,0.040759239345788956,0.8207865953445435,0.7085678577423096,0.040759239345788956,0.0,0.0,0.0,0.0,,,,,,,,,,,,
2,,,3399,4.0,0.9833999872207642,0.6837639808654785,0.0389886200428009,0.7504269480705261,0.6459522247314453,0.0389886200428009,0.0,0.0,0.0,0.0,,,,,,,,,,,,
2,,,3409,4.0,0.9739500284194946,0.7250453233718872,0.05772979557514191,0.8564761281013489,0.6670782566070557,0.05772979557514191,0.0,0.0,0.0,0.0,,,,,,,,,,,,
2,,,3419,4.0,0.9882000088691711,0.8622807264328003,0.029046164825558662,0.9323198795318604,0.8125454187393188,0.029046164825558662,0.0,0.0,0.0,0.0,,,,,,,,,,,,
2,,,3429,4.0,0.981249988079071,0.8494690656661987,0.04092967137694359,0.8272377252578735,0.8752663731575012,0.04092967137694359,0.0,0.0,0.0,0.0,,,,,,,,,,,,
2,,,3439,4.0,0.9828000068664551,0.6862868666648865,0.03391418978571892,0.7191623449325562,0.6623221635818481,0.03391418978571892,0.0,0.0,0.0,0.0,,,,,,,,,,,,
2,,,3449,4.0,0.9951000213623047,0.5971319079399109,0.02351064793765545,0.7586920261383057,0.5603296756744385,0.02351064793765545,0.0,0.0,0.0,0.0,,,,,,,,,,,,
2,,,3459,4.0,0.9764999747276306,0.679841935634613,0.07310184091329575,0.8337805867195129,0.6256701946258545,0.07310184091329575,0.0,0.0,0.0,0.0,,,,,,,,,,,,
2,,,3469,4.0,0.9908000230789185,0.8919017314910889,0.031390536576509476,0.9276140928268433,0.8619391918182373,0.031390536576509476,0.0,0.0,0.0,0.0,,,,,,,,,,,,
2,,,3479,4.0,0.9834499955177307,0.837074875831604,0.03919673711061478,0.8300032615661621,0.8444788455963135,0.03919673711061478,0.0,0.0,0.0,0.0,,,,,,,,,,,,
2,,,3489,4.0,0.9848999977111816,0.6514343619346619,0.04488271847367287,0.7970851063728333,0.6031762361526489,0.04488271847367287,0.0,0.0,0.0,0.0,,,,,,,,,,,,
2,,,3499,4.0,0.9856500029563904,0.6571306586265564,0.03836958855390549,0.7357467412948608,0.6187162399291992,0.03836958855390549,0.0,0.0,0.0,0.0,,,,,,,,,,,,
2,,,3509,4.0,0.9808499813079834,0.7902851104736328,0.047519151121377945,0.8461076021194458,0.7507210969924927,0.047519151121377945,0.0,0.0,0.0,0.0,,,,,,,,,,,,
2,,,3519,4.0,0.9595500230789185,0.5075492858886719,0.10425201058387756,0.9209842681884766,0.509071946144104,0.10425201058387756,0.0,0.0,0.0,0.0,,,,,,,,,,,,
2,,,3529,4.0,0.9739000201225281,0.6629638075828552,0.06533949822187424,0.7720997929573059,0.6185091137886047,0.06533949822187424,0.0,0.0,0.0,0.0,,,,,,,,,,,,
2,,,3539,4.0,0.9782999753952026,0.7190852761268616,0.04511881247162819,0.7658550143241882,0.6869704723358154,0.04511881247162819,0.0,0.0,0.0,0.0,,,,,,,,,,,,
2,,,3549,4.0,0.974049985408783,0.6273869872093201,0.07294884324073792,0.8423966765403748,0.5816048383712769,0.07294884324073792,0.0,0.0,0.0,0.0,,,,,,,,,,,,
2,,,3559,4.0,0.9757500290870667,0.7470909357070923,0.058786652982234955,0.7754392027854919,0.7243735194206238,0.058786652982234955,0.0,0.0,0.0,0.0,,,,,,,,,,,,
2,,,3569,4.0,0.9825500249862671,0.6644597053527832,0.051681797951459885,0.7836697697639465,0.6173534393310547,0.051681797951459885,0.0,0.0,0.0,0.0,,,,,,,,,,,,
2,,,3579,4.0,0.9848999977111816,0.8627228736877441,0.03606920316815376,0.8947254419326782,0.8358169794082642,0.03606920316815376,0.0,0.0,0.0,0.0,,,,,,,,,,,,
2,,,3589,4.0,0.9804499745368958,0.7246214151382446,0.05156635865569115,0.7399929761886597,0.7111999988555908,0.05156635865569115,0.0,0.0,0.0,0.0,,,,,,,,,,,,
2,,,3599,4.0,0.980650007724762,0.7840348482131958,0.045391544699668884,0.8471956253051758,0.7412136793136597,0.045391544699668884,0.0,0.0,0.0,0.0,,,,,,,,,,,,
2,,,3609,4.0,0.9855499863624573,0.8315402269363403,0.0316719114780426,0.8131088018417358,0.8524311780929565,0.0316719114780426,0.0,0.0,0.0,0.0,,,,,,,,,,,,
2,,,3619,4.0,0.9798499941825867,0.8295047283172607,0.05090415105223656,0.883385956287384,0.7897300124168396,0.05090415105223656,0.0,0.0,0.0,0.0,,,,,,,,,,,,
2,,,3629,4.0,0.9811999797821045,0.7653729915618896,0.04515788331627846,0.756194531917572,0.7752798795700073,0.04515788331627846,0.0,0.0,0.0,0.0,,,,,,,,,,,,
2,,,3639,4.0,0.9764500260353088,0.7642015814781189,0.0496339313685894,0.8790673017501831,0.7049820423126221,0.0496339313685894,0.0,0.0,0.0,0.0,,,,,,,,,,,,
2,,,3649,4.0,0.977150022983551,0.7492421865463257,0.056340642273426056,0.8853483200073242,0.6866647005081177,0.056340642273426056,0.0,0.0,0.0,0.0,,,,,,,,,,,,
2,,,3659,4.0,0.9835000038146973,0.6990542411804199,0.04384210705757141,0.7478011846542358,0.6668730974197388,0.04384210705757141,0.0,0.0,0.0,0.0,,,,,,,,,,,,
2,,,3669,4.0,0.9795500040054321,0.6757714748382568,0.04483785852789879,0.8555565476417542,0.6192303895950317,0.04483785852789879,0.0,0.0,0.0,0.0,,,,,,,,,,,,
2,,,3679,4.0,0.9860000014305115,0.8405176401138306,0.038928065448999405,0.8390424847602844,0.8420064449310303,0.038928065448999405,0.0,0.0,0.0,0.0,,,,,,,,,,,,
2,,,3689,4.0,0.9750999808311462,0.6892440319061279,0.05807134881615639,0.7781358957290649,0.6451163291931152,0.05807134881615639,0.0,0.0,0.0,0.0,,,,,,,,,,,,
2,,,3699,4.0,0.9863499999046326,0.8787117004394531,0.03741004317998886,0.8777632713317871,0.8796653151512146,0.03741004317998886,0.0,0.0,0.0,0.0,,,,,,,,,,,,
2,,,3709,4.0,0.9778000116348267,0.6910678148269653,0.06385950744152069,0.8853611946105957,0.6299322247505188,0.06385950744152069,0.0,0.0,0.0,0.0,,,,,,,,,,,,
,9.978031724785247e-05,0.0009978031724785245,3714,,,,,,,,,,,,,,,,,,,,,,,
3,,,3719,4.0,0.9764000177383423,0.8095299601554871,0.07451622933149338,0.851353645324707,0.777239978313446,0.07451622933149338,0.0,0.0,0.0,0.0,,,,,,,,,,,,
3,,,3729,4.0,0.9761000275611877,0.7031453847885132,0.04676397889852524,0.9506567120552063,0.6348586082458496,0.04676397889852524,0.0,0.0,0.0,0.0,,,,,,,,,,,,
3,,,3739,4.0,0.9764000177383423,0.6707026958465576,0.05433967337012291,0.868544340133667,0.614124059677124,0.05433967337012291,0.0,0.0,0.0,0.0,,,,,,,,,,,,
3,,,3749,4.0,0.9782500267028809,0.7201776504516602,0.048315927386283875,0.7923160791397095,0.6777575612068176,0.048315927386283875,0.0,0.0,0.0,0.0,,,,,,,,,,,,
3,,,3759,4.0,0.9824000000953674,0.8666011095046997,0.0459066703915596,0.8789461255073547,0.855100154876709,0.0459066703915596,0.0,0.0,0.0,0.0,,,,,,,,,,,,
3,,,3769,4.0,0.9767500162124634,0.7994478344917297,0.05698935687541962,0.9094456434249878,0.7383124232292175,0.05698935687541962,0.0,0.0,0.0,0.0,,,,,,,,,,,,
3,,,3779,4.0,0.9846000075340271,0.6508151292800903,0.038970209658145905,0.7037467956542969,0.6203415989875793,0.038970209658145905,0.0,0.0,0.0,0.0,,,,,,,,,,,,
3,,,3789,4.0,0.9757000207901001,0.556788980960846,0.052989207208156586,0.8950009942054749,0.5339077711105347,0.052989207208156586,0.0,0.0,0.0,0.0,,,,,,,,,,,,
3,,,3799,4.0,0.9842000007629395,0.5887948274612427,0.02952246181666851,0.8198271989822388,0.5535710453987122,0.02952246181666851,0.0,0.0,0.0,0.0,,,,,,,,,,,,
3,,,3809,4.0,0.968999981880188,0.7501837015151978,0.06722211837768555,0.8581632375717163,0.6949660778045654,0.06722211837768555,0.0,0.0,0.0,0.0,,,,,,,,,,,,
3,,,3819,4.0,0.9764999747276306,0.6694310903549194,0.056417204439640045,0.8959395885467529,0.6110495924949646,0.056417204439640045,0.0,0.0,0.0,0.0,,,,,,,,,,,,
3,,,3829,4.0,0.9836500287055969,0.8324708938598633,0.04003240540623665,0.8528081178665161,0.8144833445549011,0.04003240540623665,0.0,0.0,0.0,0.0,,,,,,,,,,,,
3,,,3839,4.0,0.9864000082015991,0.8314799070358276,0.03622307628393173,0.846326470375061,0.8179154396057129,0.03622307628393173,0.0,0.0,0.0,0.0,,,,,,,,,,,,
3,,,3849,4.0,0.9857000112533569,0.7999301552772522,0.03215742111206055,0.7775750756263733,0.8264398574829102,0.03215742111206055,0.0,0.0,0.0,0.0,,,,,,,,,,,,
3,,,3859,4.0,0.9735999703407288,0.7888453006744385,0.0640382468700409,0.8525947332382202,0.7459040284156799,0.0640382468700409,0.0,0.0,0.0,0.0,,,,,,,,,,,,
3,,,3869,4.0,0.9896000027656555,0.780701756477356,0.026880651712417603,0.7464008927345276,0.8266111612319946,0.026880651712417603,0.0,0.0,0.0,0.0,,,,,,,,,,,,
3,,,3879,4.0,0.9854000210762024,0.8566726446151733,0.03629033640027046,0.8495286703109741,0.8641359806060791,0.03629033640027046,0.0,0.0,0.0,0.0,,,,,,,,,,,,
3,,,3889,4.0,0.9664499759674072,0.8081763982772827,0.08605886995792389,0.8597055673599243,0.7708630561828613,0.08605886995792389,0.0,0.0,0.0,0.0,,,,,,,,,,,,
3,,,3899,4.0,0.9857000112533569,0.8789070844650269,0.035428985953330994,0.9191898107528687,0.8461341857910156,0.035428985953330994,0.0,0.0,0.0,0.0,,,,,,,,,,,,
3,,,3909,4.0,0.996150016784668,0.49903565645217896,0.013178182765841484,0.498075008392334,0.5,0.013178182765841484,0.0,0.0,0.0,0.0,,,,,,,,,,,,
3,,,3919,4.0,0.9817000031471252,0.7810394763946533,0.04362368583679199,0.8271195888519287,0.7468737363815308,0.04362368583679199,0.0,0.0,0.0,0.0,,,,,,,,,,,,
3,,,3929,4.0,0.9909999966621399,0.7854617834091187,0.023124758154153824,0.7557394504547119,0.8233010768890381,0.023124758154153824,0.0,0.0,0.0,0.0,,,,,,,,,,,,
3,,,3939,4.0,0.9836000204086304,0.8143892884254456,0.04003695026040077,0.8032729625701904,0.826408863067627,0.04003695026040077,0.0,0.0,0.0,0.0,,,,,,,,,,,,
3,,,3949,4.0,0.9728000164031982,0.6752942800521851,0.053768131881952286,0.9508730173110962,0.6130614280700684,0.053768131881952286,0.0,0.0,0.0,0.0,,,,,,,,,,,,
3,,,3959,4.0,0.9851999878883362,0.8387641906738281,0.03432305529713631,0.822099506855011,0.8573743104934692,0.03432305529713631,0.0,0.0,0.0,0.0,,,,,,,,,,,,
3,,,3969,4.0,0.9826499819755554,0.802140474319458,0.04080769792199135,0.8622894287109375,0.7598886489868164,0.04080769792199135,0.0,0.0,0.0,0.0,,,,,,,,,,,,
3,,,3979,4.0,0.9876000285148621,0.7396007776260376,0.03196285665035248,0.8745541572570801,0.6774132251739502,0.03196285665035248,0.0,0.0,0.0,0.0,,,,,,,,,,,,
3,,,3989,4.0,0.9797999858856201,0.7647683620452881,0.04804287850856781,0.7974463701248169,0.7389072179794312,0.04804287850856781,0.0,0.0,0.0,0.0,,,,,,,,,,,,
3,,,3999,4.0,0.9900000095367432,0.842179536819458,0.027597414329648018,0.8633158802986145,0.8234530687332153,0.027597414329648018,0.0,0.0,0.0,0.0,,,,,,,,,,,,
3,,,4009,4.0,0.9842000007629395,0.8275116682052612,0.03511202707886696,0.8549710512161255,0.8042087554931641,0.03511202707886696,0.0,0.0,0.0,0.0,,,,,,,,,,,,
3,,,4019,4.0,0.9801499843597412,0.6211477518081665,0.055817462503910065,0.8846021890640259,0.574651837348938,0.055817462503910065,0.0,0.0,0.0,0.0,,,,,,,,,,,,
3,,,4029,4.0,0.9796500205993652,0.8227371573448181,0.048425909131765366,0.8819435834884644,0.7803641557693481,0.048425909131765366,0.0,0.0,0.0,0.0,,,,,,,,,,,,
3,,,4039,4.0,0.9920499920845032,0.7648575901985168,0.02623988315463066,0.8957033157348633,0.6998589038848877,0.02623988315463066,0.0,0.0,0.0,0.0,,,,,,,,,,,,
3,,,4049,4.0,0.9653000235557556,0.6929550170898438,0.07765356451272964,0.8172868490219116,0.6419611573219299,0.07765356451272964,0.0,0.0,0.0,0.0,,,,,,,,,,,,
3,,,4059,4.0,0.9898499846458435,0.7099044919013977,0.022272059693932533,0.673616349697113,0.7662848234176636,0.022272059693932533,0.0,0.0,0.0,0.0,,,,,,,,,,,,
3,,,4069,4.0,0.9736999869346619,0.7333729267120361,0.057396795600652695,0.8280028104782104,0.6830664277076721,0.057396795600652695,0.0,0.0,0.0,0.0,,,,,,,,,,,,
3,,,4079,4.0,0.9867500066757202,0.7739484310150146,0.03580860793590546,0.9108086824417114,0.7069668769836426,0.03580860793590546,0.0,0.0,0.0,0.0,,,,,,,,,,,,
3,,,4089,4.0,0.9820500016212463,0.8287216424942017,0.04294704645872116,0.7843669056892395,0.8911754488945007,0.04294704645872116,0.0,0.0,0.0,0.0,,,,,,,,,,,,
3,,,4099,4.0,0.9872000217437744,0.4967793822288513,0.02861008048057556,0.49364936351776123,0.4999493658542633,0.02861008048057556,0.0,0.0,0.0,0.0,,,,,,,,,,,,
3,,,4109,4.0,0.991349995136261,0.8692715167999268,0.018916118890047073,0.820469856262207,0.9366158246994019,0.018916118890047073,0.0,0.0,0.0,0.0,,,,,,,,,,,,
3,,,4119,4.0,0.9888499975204468,0.7075750231742859,0.02600681222975254,0.7070425152778625,0.7081103324890137,0.02600681222975254,0.0,0.0,0.0,0.0,,,,,,,,,,,,
3,,,4129,4.0,0.9696499705314636,0.8237237930297852,0.07113093882799149,0.8228709697723389,0.8245817422866821,0.07113093882799149,0.0,0.0,0.0,0.0,,,,,,,,,,,,
3,,,4139,4.0,0.9919000267982483,0.7297476530075073,0.027764849364757538,0.830141544342041,0.6767812967300415,0.027764849364757538,0.0,0.0,0.0,0.0,,,,,,,,,,,,
3,,,4149,4.0,0.9854999780654907,0.7690435647964478,0.03383505716919899,0.7848992347717285,0.754930853843689,0.03383505716919899,0.0,0.0,0.0,0.0,,,,,,,,,,,,
3,,,4159,4.0,0.9848499894142151,0.6446630954742432,0.0494714230298996,0.784448504447937,0.5985196828842163,0.0494714230298996,0.0,0.0,0.0,0.0,,,,,,,,,,,,
3,,,4169,4.0,0.9936000108718872,0.6906993389129639,0.01735801063477993,0.7252638936042786,0.6654594540596008,0.01735801063477993,0.0,0.0,0.0,0.0,,,,,,,,,,,,
3,,,4179,4.0,0.9868999719619751,0.8494594693183899,0.02644338458776474,0.8188338875770569,0.8870567083358765,0.02644338458776474,0.0,0.0,0.0,0.0,,,,,,,,,,,,
3,,,4189,4.0,0.9940999746322632,0.7715922594070435,0.017137998715043068,0.8095177412033081,0.742067813873291,0.017137998715043068,0.0,0.0,0.0,0.0,,,,,,,,,,,,
3,,,4199,4.0,0.9866999983787537,0.8247747421264648,0.03174440562725067,0.9004935026168823,0.7739782333374023,0.03174440562725067,0.0,0.0,0.0,0.0,,,,,,,,,,,,
3,,,4209,4.0,0.9746000170707703,0.7369232177734375,0.07210817188024521,0.921512246131897,0.6682823896408081,0.07210817188024521,0.0,0.0,0.0,0.0,,,,,,,,,,,,
3,,,4219,4.0,0.980650007724762,0.5310827493667603,0.06111336126923561,0.7905632257461548,0.5188776850700378,0.06111336126923561,0.0,0.0,0.0,0.0,,,,,,,,,,,,
3,,,4229,4.0,0.9789000153541565,0.8034521341323853,0.0519803911447525,0.7781859636306763,0.8342564105987549,0.0519803911447525,0.0,0.0,0.0,0.0,,,,,,,,,,,,
3,,,4239,4.0,0.9900500178337097,0.7844209671020508,0.028628041967749596,0.876721978187561,0.7291750907897949,0.028628041967749596,0.0,0.0,0.0,0.0,,,,,,,,,,,,
3,,,4249,4.0,0.9761999845504761,0.6633853912353516,0.05133219063282013,0.6651886701583862,0.6616239547729492,0.05133219063282013,0.0,0.0,0.0,0.0,,,,,,,,,,,,
3,,,4259,4.0,0.984000027179718,0.7265794277191162,0.04072556272149086,0.7946475744247437,0.6848410367965698,0.04072556272149086,0.0,0.0,0.0,0.0,,,,,,,,,,,,
3,,,4269,4.0,0.9881500005722046,0.7432551980018616,0.028998956084251404,0.7808651924133301,0.7147769331932068,0.028998956084251404,0.0,0.0,0.0,0.0,,,,,,,,,,,,
3,,,4279,4.0,0.9818500280380249,0.7865009903907776,0.04776153713464737,0.8374338150024414,0.7495461702346802,0.04776153713464737,0.0,0.0,0.0,0.0,,,,,,,,,,,,
3,,,4289,4.0,0.977150022983551,0.8457782864570618,0.05703619495034218,0.8661961555480957,0.8277199268341064,0.05703619495034218,0.0,0.0,0.0,0.0,,,,,,,,,,,,
3,,,4299,4.0,0.9922000169754028,0.5786860585212708,0.023271938785910606,0.6564671397209167,0.5531512498855591,0.023271938785910606,0.0,0.0,0.0,0.0,,,,,,,,,,,,
3,,,4309,4.0,0.9794999957084656,0.7937605381011963,0.04971117526292801,0.8686330318450928,0.7453881502151489,0.04971117526292801,0.0,0.0,0.0,0.0,,,,,,,,,,,,
3,,,4319,4.0,0.9769499897956848,0.8100926876068115,0.06168253719806671,0.8764128088951111,0.7648664712905884,0.06168253719806671,0.0,0.0,0.0,0.0,,,,,,,,,,,,
3,,,4329,4.0,0.986050009727478,0.6938688158988953,0.02933492511510849,0.8124659061431885,0.6417607069015503,0.02933492511510849,0.0,0.0,0.0,0.0,,,,,,,,,,,,
3,,,4339,4.0,0.9905999898910522,0.7195234298706055,0.030434131622314453,0.8709045648574829,0.6569305062294006,0.030434131622314453,0.0,0.0,0.0,0.0,,,,,,,,,,,,
3,,,4349,4.0,0.9857500195503235,0.7901520133018494,0.02900165319442749,0.8249750733375549,0.7623368501663208,0.02900165319442749,0.0,0.0,0.0,0.0,,,,,,,,,,,,
3,,,4359,4.0,0.9901999831199646,0.7652963995933533,0.021649466827511787,0.7729828357696533,0.7580434083938599,0.021649466827511787,0.0,0.0,0.0,0.0,,,,,,,,,,,,
3,,,4369,4.0,0.9831500053405762,0.8798209428787231,0.04020099714398384,0.8872615098953247,0.8726862668991089,0.04020099714398384,0.0,0.0,0.0,0.0,,,,,,,,,,,,
3,,,4379,4.0,0.9857500195503235,0.8232156038284302,0.03337119147181511,0.8027677536010742,0.8468164205551147,0.03337119147181511,0.0,0.0,0.0,0.0,,,,,,,,,,,,
3,,,4389,4.0,0.9789000153541565,0.7916995882987976,0.062207743525505066,0.8247619867324829,0.7651227712631226,0.062207743525505066,0.0,0.0,0.0,0.0,,,,,,,,,,,,
3,,,4399,4.0,0.9778500199317932,0.8816821575164795,0.051291365176439285,0.890161395072937,0.8736093044281006,0.051291365176439285,0.0,0.0,0.0,0.0,,,,,,,,,,,,
3,,,4409,4.0,0.9865999817848206,0.7529669404029846,0.033475179225206375,0.9111086130142212,0.6843258142471313,0.033475179225206375,0.0,0.0,0.0,0.0,,,,,,,,,,,,
3,,,4419,4.0,0.9879999756813049,0.8438788056373596,0.03262985125184059,0.8649214506149292,0.8252344131469727,0.03262985125184059,0.0,0.0,0.0,0.0,,,,,,,,,,,,
3,,,4429,4.0,0.9878000020980835,0.7843620777130127,0.032855063676834106,0.8312401175498962,0.7494655847549438,0.032855063676834106,0.0,0.0,0.0,0.0,,,,,,,,,,,,
3,,,4439,4.0,0.987500011920929,0.8314708471298218,0.03144568204879761,0.8487018942832947,0.8159360885620117,0.03144568204879761,0.0,0.0,0.0,0.0,,,,,,,,,,,,
3,,,4449,4.0,0.991349995136261,0.6200957894325256,0.02140767313539982,0.8216228485107422,0.5748903155326843,0.02140767313539982,0.0,0.0,0.0,0.0,,,,,,,,,,,,
3,,,4459,4.0,0.9819999933242798,0.7675611972808838,0.042993538081645966,0.868544340133667,0.711472749710083,0.042993538081645966,0.0,0.0,0.0,0.0,,,,,,,,,,,,
3,,,4469,4.0,0.9846000075340271,0.8539763689041138,0.03918476030230522,0.9363279342651367,0.7990179061889648,0.03918476030230522,0.0,0.0,0.0,0.0,,,,,,,,,,,,
3,,,4479,4.0,0.9798499941825867,0.8267500996589661,0.052374791353940964,0.8678305149078369,0.7944642901420593,0.052374791353940964,0.0,0.0,0.0,0.0,,,,,,,,,,,,
3,,,4489,4.0,0.982450008392334,0.7182908058166504,0.04935157299041748,0.7998955249786377,0.6726672053337097,0.04935157299041748,0.0,0.0,0.0,0.0,,,,,,,,,,,,
3,,,4499,4.0,0.980650007724762,0.5679547786712646,0.05509660765528679,0.6750460863113403,0.5440031886100769,0.05509660765528679,0.0,0.0,0.0,0.0,,,,,,,,,,,,
3,,,4509,4.0,0.9848999977111816,0.7236087918281555,0.03118915669620037,0.7362529039382935,0.7123030424118042,0.03118915669620037,0.0,0.0,0.0,0.0,,,,,,,,,,,,
3,,,4519,4.0,0.9840999841690063,0.8996067643165588,0.04380729794502258,0.9275266528129578,0.8754241466522217,0.04380729794502258,0.0,0.0,0.0,0.0,,,,,,,,,,,,
3,,,4529,4.0,0.9811499714851379,0.8439730405807495,0.040040288120508194,0.8421152830123901,0.8458528518676758,0.040040288120508194,0.0,0.0,0.0,0.0,,,,,,,,,,,,
3,,,4539,4.0,0.9767500162124634,0.7891719341278076,0.0607861690223217,0.8508929014205933,0.7469853162765503,0.0607861690223217,0.0,0.0,0.0,0.0,,,,,,,,,,,,
3,,,4549,4.0,0.9839000105857849,0.8292087316513062,0.03954492509365082,0.9224798679351807,0.7710542678833008,0.03954492509365082,0.0,0.0,0.0,0.0,,,,,,,,,,,,
3,,,4559,4.0,0.9855499863624573,0.8501887321472168,0.03417067229747772,0.8605105876922607,0.8404765129089355,0.03417067229747772,0.0,0.0,0.0,0.0,,,,,,,,,,,,
3,,,4569,4.0,0.9711999893188477,0.7610576152801514,0.07328953593969345,0.8726286888122559,0.7035673260688782,0.07328953593969345,0.0,0.0,0.0,0.0,,,,,,,,,,,,
3,,,4579,4.0,0.9747999906539917,0.7928588390350342,0.06454462558031082,0.8333349227905273,0.76177978515625,0.06454462558031082,0.0,0.0,0.0,0.0,,,,,,,,,,,,
3,,,4589,4.0,0.979200005531311,0.7494043707847595,0.047452591359615326,0.8039883375167847,0.7122097015380859,0.047452591359615326,0.0,0.0,0.0,0.0,,,,,,,,,,,,
3,,,4599,4.0,0.9854000210762024,0.710028350353241,0.0337703563272953,0.733641505241394,0.6909074187278748,0.0337703563272953,0.0,0.0,0.0,0.0,,,,,,,,,,,,
3,,,4609,4.0,0.9927499890327454,0.8136911392211914,0.023211652413010597,0.8731359243392944,0.7708929777145386,0.023211652413010597,0.0,0.0,0.0,0.0,,,,,,,,,,,,
3,,,4619,4.0,0.9843999743461609,0.7113742828369141,0.036713600158691406,0.9394701719284058,0.6414694786071777,0.036713600158691406,0.0,0.0,0.0,0.0,,,,,,,,,,,,
3,,,4629,4.0,0.9904500246047974,0.8106931447982788,0.03117396868765354,0.9401305913925171,0.7411834001541138,0.03117396868765354,0.0,0.0,0.0,0.0,,,,,,,,,,,,
3,,,4639,4.0,0.9879000186920166,0.7703422904014587,0.030679302290081978,0.885301947593689,0.7093315124511719,0.030679302290081978,0.0,0.0,0.0,0.0,,,,,,,,,,,,
3,,,4649,4.0,0.9865999817848206,0.8798263072967529,0.032969191670417786,0.848253607749939,0.9182514548301697,0.032969191670417786,0.0,0.0,0.0,0.0,,,,,,,,,,,,
3,,,4659,4.0,0.9838500022888184,0.8752102851867676,0.03683449327945709,0.8866687417030334,0.8644649982452393,0.03683449327945709,0.0,0.0,0.0,0.0,,,,,,,,,,,,
3,,,4669,4.0,0.9747499823570251,0.7377020716667175,0.059700384736061096,0.8623164296150208,0.6793555021286011,0.059700384736061096,0.0,0.0,0.0,0.0,,,,,,,,,,,,
3,,,4679,4.0,0.9805499911308289,0.6670710444450378,0.04792989417910576,0.8633517026901245,0.6109467148780823,0.04792989417910576,0.0,0.0,0.0,0.0,,,,,,,,,,,,
3,,,4689,4.0,0.984749972820282,0.7363351583480835,0.033516351133584976,0.9029742479324341,0.6690880656242371,0.033516351133584976,0.0,0.0,0.0,0.0,,,,,,,,,,,,
3,,,4699,4.0,0.9868000149726868,0.8019528388977051,0.03275616094470024,0.8147512674331665,0.7901980876922607,0.03275616094470024,0.0,0.0,0.0,0.0,,,,,,,,,,,,
3,,,4709,4.0,0.9846500158309937,0.882071852684021,0.03722687065601349,0.8801658749580383,0.8839986324310303,0.03722687065601349,0.0,0.0,0.0,0.0,,,,,,,,,,,,
3,,,4719,4.0,0.9882000088691711,0.7416042685508728,0.02361861802637577,0.7949036359786987,0.7050334215164185,0.02361861802637577,0.0,0.0,0.0,0.0,,,,,,,,,,,,
3,,,4729,4.0,0.9896500110626221,0.849297821521759,0.02444763295352459,0.8311938643455505,0.8696006536483765,0.02444763295352459,0.0,0.0,0.0,0.0,,,,,,,,,,,,
3,,,4739,4.0,0.986549973487854,0.8145714998245239,0.03313158452510834,0.8864890336990356,0.765992283821106,0.03313158452510834,0.0,0.0,0.0,0.0,,,,,,,,,,,,
3,,,4749,4.0,0.9904999732971191,0.8428648710250854,0.022776111960411072,0.8495959043502808,0.8363977670669556,0.022776111960411072,0.0,0.0,0.0,0.0,,,,,,,,,,,,
3,,,4759,4.0,0.9939000010490417,0.6633031964302063,0.01770862005650997,0.8461062908172607,0.6075863838195801,0.01770862005650997,0.0,0.0,0.0,0.0,,,,,,,,,,,,
3,,,4769,4.0,0.9894000291824341,0.8882305026054382,0.026794858276844025,0.8978222608566284,0.8791161179542542,0.026794858276844025,0.0,0.0,0.0,0.0,,,,,,,,,,,,
3,,,4779,4.0,0.9862499833106995,0.853099524974823,0.044539134949445724,0.8646186590194702,0.8423271179199219,0.044539134949445724,0.0,0.0,0.0,0.0,,,,,,,,,,,,
3,,,4789,4.0,0.977150022983551,0.7231087684631348,0.05793851241469383,0.8967242240905762,0.6581065654754639,0.05793851241469383,0.0,0.0,0.0,0.0,,,,,,,,,,,,
3,,,4799,4.0,0.9905499815940857,0.7358431220054626,0.04450731724500656,0.848610520362854,0.6790054440498352,0.04450731724500656,0.0,0.0,0.0,0.0,,,,,,,,,,,,
3,,,4809,4.0,0.9699000120162964,0.5742815136909485,0.07825823128223419,0.8893557786941528,0.5452333688735962,0.07825823128223419,0.0,0.0,0.0,0.0,,,,,,,,,,,,
3,,,4819,4.0,0.9807000160217285,0.8289377093315125,0.04434440657496452,0.8564776182174683,0.8056159019470215,0.04434440657496452,0.0,0.0,0.0,0.0,,,,,,,,,,,,
3,,,4829,4.0,0.9793999791145325,0.8334906697273254,0.04588104411959648,0.8209091424942017,0.8471976518630981,0.04588104411959648,0.0,0.0,0.0,0.0,,,,,,,,,,,,
3,,,4839,4.0,0.9926999807357788,0.9222464561462402,0.02095327526330948,0.9274506568908691,0.9171743392944336,0.02095327526330948,0.0,0.0,0.0,0.0,,,,,,,,,,,,
3,,,4849,4.0,0.9903500080108643,0.5724636316299438,0.023710574954748154,0.6890226602554321,0.5457668900489807,0.023710574954748154,0.0,0.0,0.0,0.0,,,,,,,,,,,,
3,,,4859,4.0,0.9878000020980835,0.7008017301559448,0.03201989829540253,0.7811558246612549,0.6568944454193115,0.03201989829540253,0.0,0.0,0.0,0.0,,,,,,,,,,,,
3,,,4869,4.0,0.9889500141143799,0.8456087112426758,0.03581919148564339,0.917510449886322,0.7955282926559448,0.03581919148564339,0.0,0.0,0.0,0.0,,,,,,,,,,,,
3,,,4879,4.0,0.9929999709129333,0.7427635192871094,0.017996681854128838,0.8535445928573608,0.6854299902915955,0.017996681854128838,0.0,0.0,0.0,0.0,,,,,,,,,,,,
3,,,4889,4.0,0.975350022315979,0.7339406609535217,0.053594596683979034,0.7185301780700684,0.7519078850746155,0.053594596683979034,0.0,0.0,0.0,0.0,,,,,,,,,,,,
3,,,4899,4.0,0.9805999994277954,0.8245334625244141,0.045262571424245834,0.8330737948417664,0.8164520263671875,0.045262571424245834,0.0,0.0,0.0,0.0,,,,,,,,,,,,
3,,,4909,4.0,0.9871500134468079,0.6944000720977783,0.0407281294465065,0.8794893026351929,0.6322763562202454,0.0407281294465065,0.0,0.0,0.0,0.0,,,,,,,,,,,,
3,,,4919,4.0,0.9779999852180481,0.7397489547729492,0.049479804933071136,0.7298923134803772,0.7505576014518738,0.049479804933071136,0.0,0.0,0.0,0.0,,,,,,,,,,,,
3,,,4929,4.0,0.9835500121116638,0.8317737579345703,0.03627975657582283,0.8314517736434937,0.8320963382720947,0.03627975657582283,0.0,0.0,0.0,0.0,,,,,,,,,,,,
3,,,4939,4.0,0.9809499979019165,0.7625372409820557,0.04972026124596596,0.9257128238677979,0.6922726035118103,0.04972026124596596,0.0,0.0,0.0,0.0,,,,,,,,,,,,
3,,,4949,4.0,0.9948499798774719,0.6827563047409058,0.018153078854084015,0.997421145439148,0.6127819418907166,0.018153078854084015,0.0,0.0,0.0,0.0,,,,,,,,,,,,
,9.960967771506667e-05,0.0009960967771506667,4952,,,,,,,,,,,,,,,,,,,,,,,
4,,,4959,4.0,0.9832000136375427,0.6676205396652222,0.04327630624175072,0.7807544469833374,0.6209079623222351,0.04327630624175072,0.0,0.0,0.0,0.0,,,,,,,,,,,,
4,,,4969,4.0,0.9824000000953674,0.813672661781311,0.041802048683166504,0.8383285999298096,0.7925604581832886,0.041802048683166504,0.0,0.0,0.0,0.0,,,,,,,,,,,,
4,,,4979,4.0,0.9853000044822693,0.8253140449523926,0.03695034608244896,0.9411550760269165,0.759262204170227,0.03695034608244896,0.0,0.0,0.0,0.0,,,,,,,,,,,,
4,,,4989,4.0,0.9878000020980835,0.7988502979278564,0.03005281090736389,0.82152259349823,0.7792762517929077,0.03005281090736389,0.0,0.0,0.0,0.0,,,,,,,,,,,,
4,,,4999,4.0,0.9804499745368958,0.8082571625709534,0.04046611487865448,0.9355299472808838,0.7408269643783569,0.04046611487865448,0.0,0.0,0.0,0.0,,,,,,,,,,,,
4,,,5009,4.0,0.9816499948501587,0.8310014009475708,0.039889585226774216,0.876952052116394,0.7956244945526123,0.039889585226774216,0.0,0.0,0.0,0.0,,,,,,,,,,,,
4,,,5019,4.0,0.9861000180244446,0.8289815187454224,0.03021508827805519,0.9200812578201294,0.7714961767196655,0.03021508827805519,0.0,0.0,0.0,0.0,,,,,,,,,,,,
4,,,5029,4.0,0.9846000075340271,0.7485007643699646,0.041136253625154495,0.8506250381469727,0.6936663389205933,0.041136253625154495,0.0,0.0,0.0,0.0,,,,,,,,,,,,
4,,,5039,4.0,0.9852499961853027,0.8364204168319702,0.035112034529447556,0.9000252485275269,0.7910351753234863,0.035112034529447556,0.0,0.0,0.0,0.0,,,,,,,,,,,,
4,,,5049,4.0,0.9944999814033508,0.5942085385322571,0.015243046917021275,0.8224223852157593,0.5558584928512573,0.015243046917021275,0.0,0.0,0.0,0.0,,,,,,,,,,,,
4,,,5059,4.0,0.9843999743461609,0.7955085039138794,0.04599767550826073,0.8898898959159851,0.7391396760940552,0.04599767550826073,0.0,0.0,0.0,0.0,,,,,,,,,,,,
4,,,5069,4.0,0.9755499958992004,0.7149591445922852,0.053022369742393494,0.8946235179901123,0.6508755683898926,0.053022369742393494,0.0,0.0,0.0,0.0,,,,,,,,,,,,
4,,,5079,4.0,0.9925000071525574,0.7708367109298706,0.017353905364871025,0.8100825548171997,0.7405728101730347,0.017353905364871025,0.0,0.0,0.0,0.0,,,,,,,,,,,,
4,,,5089,4.0,0.9838500022888184,0.8345202207565308,0.038043878972530365,0.9109550714492798,0.7831475734710693,0.038043878972530365,0.0,0.0,0.0,0.0,,,,,,,,,,,,
4,,,5099,4.0,0.9899500012397766,0.5938572883605957,0.03392408788204193,0.9565569758415222,0.5537610650062561,0.03392408788204193,0.0,0.0,0.0,0.0,,,,,,,,,,,,
4,,,5109,4.0,0.9864500164985657,0.8314988613128662,0.033430859446525574,0.7985982894897461,0.8731129169464111,0.033430859446525574,0.0,0.0,0.0,0.0,,,,,,,,,,,,
4,,,5119,4.0,0.9851499795913696,0.734329342842102,0.038041289895772934,0.7696823477745056,0.7074601054191589,0.038041289895772934,0.0,0.0,0.0,0.0,,,,,,,,,,,,
4,,,5129,4.0,0.9855999946594238,0.8444138765335083,0.033295631408691406,0.8113260865211487,0.8859896659851074,0.033295631408691406,0.0,0.0,0.0,0.0,,,,,,,,,,,,
4,,,5139,4.0,0.9866499900817871,0.825661301612854,0.036119844764471054,0.9157516956329346,0.7687287330627441,0.036119844764471054,0.0,0.0,0.0,0.0,,,,,,,,,,,,
4,,,5149,4.0,0.9789000153541565,0.773422122001648,0.04467097297310829,0.7768220901489258,0.7701104879379272,0.04467097297310829,0.0,0.0,0.0,0.0,,,,,,,,,,,,
4,,,5159,4.0,0.98089998960495,0.8782732486724854,0.04495265707373619,0.8920910358428955,0.865490198135376,0.04495265707373619,0.0,0.0,0.0,0.0,,,,,,,,,,,,
4,,,5169,4.0,0.9892500042915344,0.5319289565086365,0.028338612988591194,0.6489147543907166,0.5190575122833252,0.028338612988591194,0.0,0.0,0.0,0.0,,,,,,,,,,,,
4,,,5179,4.0,0.9854999780654907,0.8198999166488647,0.03500545769929886,0.8960930109024048,0.7692098617553711,0.03500545769929886,0.0,0.0,0.0,0.0,,,,,,,,,,,,
4,,,5189,4.0,0.9763500094413757,0.7710235118865967,0.05100155621767044,0.7871538400650024,0.7567334771156311,0.05100155621767044,0.0,0.0,0.0,0.0,,,,,,,,,,,,
4,,,5199,4.0,0.9799500107765198,0.8483526110649109,0.0483391098678112,0.8540993928909302,0.842805802822113,0.0483391098678112,0.0,0.0,0.0,0.0,,,,,,,,,,,,
4,,,5209,4.0,0.9888499975204468,0.5564833283424377,0.04719556123018265,0.820705771446228,0.5324063897132874,0.04719556123018265,0.0,0.0,0.0,0.0,,,,,,,,,,,,
4,,,5219,4.0,0.9686999917030334,0.7374552488327026,0.06861475855112076,0.7736639976501465,0.7103744745254517,0.06861475855112076,0.0,0.0,0.0,0.0,,,,,,,,,,,,
4,,,5229,4.0,0.9940500259399414,0.9111152291297913,0.020414724946022034,0.9304016828536987,0.893543004989624,0.020414724946022034,0.0,0.0,0.0,0.0,,,,,,,,,,,,
4,,,5239,4.0,0.9802500009536743,0.5943923592567444,0.05347130820155144,0.793357253074646,0.5586491823196411,0.05347130820155144,0.0,0.0,0.0,0.0,,,,,,,,,,,,
4,,,5249,4.0,0.9937999844551086,0.5618247389793396,0.02089027315378189,0.733989417552948,0.5363337993621826,0.02089027315378189,0.0,0.0,0.0,0.0,,,,,,,,,,,,
4,,,5259,4.0,0.9856500029563904,0.8319567441940308,0.04753214120864868,0.8958949446678162,0.7865389585494995,0.04753214120864868,0.0,0.0,0.0,0.0,,,,,,,,,,,,
4,,,5269,4.0,0.9848499894142151,0.6785567402839661,0.038348693400621414,0.9365415573120117,0.6144953966140747,0.038348693400621414,0.0,0.0,0.0,0.0,,,,,,,,,,,,
4,,,5279,4.0,0.9811499714851379,0.8045715093612671,0.047511421144008636,0.8355082273483276,0.7791609168052673,0.047511421144008636,0.0,0.0,0.0,0.0,,,,,,,,,,,,
4,,,5289,4.0,0.9905999898910522,0.7566012144088745,0.030437296256422997,0.8123739957809448,0.7180730104446411,0.030437296256422997,0.0,0.0,0.0,0.0,,,,,,,,,,,,
4,,,5299,4.0,0.9904000163078308,0.816435694694519,0.02686024084687233,0.7935523390769958,0.843350350856781,0.02686024084687233,0.0,0.0,0.0,0.0,,,,,,,,,,,,
4,,,5309,4.0,0.9803000092506409,0.6576732397079468,0.03651810809969902,0.6187000274658203,0.7398988604545593,0.03651810809969902,0.0,0.0,0.0,0.0,,,,,,,,,,,,
4,,,5319,4.0,0.9855999946594238,0.7833203077316284,0.03334098309278488,0.8187140226364136,0.7552779912948608,0.03334098309278488,0.0,0.0,0.0,0.0,,,,,,,,,,,,
4,,,5329,4.0,0.9757000207901001,0.6211249828338623,0.06828851252794266,0.6494699716567993,0.6023442149162292,0.06828851252794266,0.0,0.0,0.0,0.0,,,,,,,,,,,,
4,,,5339,4.0,0.9790499806404114,0.6870359778404236,0.05439634248614311,0.8848979473114014,0.6262863278388977,0.05439634248614311,0.0,0.0,0.0,0.0,,,,,,,,,,,,
4,,,5349,4.0,0.9776999950408936,0.8114627599716187,0.04927566647529602,0.9249107241630554,0.7481689453125,0.04927566647529602,0.0,0.0,0.0,0.0,,,,,,,,,,,,
4,,,5359,4.0,0.975600004196167,0.7793101072311401,0.053049467504024506,0.7457880973815918,0.8246636390686035,0.053049467504024506,0.0,0.0,0.0,0.0,,,,,,,,,,,,
4,,,5369,4.0,0.9759500026702881,0.7993736267089844,0.05125199630856514,0.8488037586212158,0.7630355954170227,0.05125199630856514,0.0,0.0,0.0,0.0,,,,,,,,,,,,
4,,,5379,4.0,0.987500011920929,0.8554016351699829,0.032612524926662445,0.9398541450500488,0.799187958240509,0.032612524926662445,0.0,0.0,0.0,0.0,,,,,,,,,,,,
4,,,5389,4.0,0.9784500002861023,0.7905873656272888,0.04993423819541931,0.9409084320068359,0.7195412516593933,0.04993423819541931,0.0,0.0,0.0,0.0,,,,,,,,,,,,
4,,,5399,4.0,0.9936500191688538,0.8423765301704407,0.017015881836414337,0.9022537469863892,0.7983105182647705,0.017015881836414337,0.0,0.0,0.0,0.0,,,,,,,,,,,,
4,,,5409,4.0,0.9853000044822693,0.6528273224830627,0.038844190537929535,0.661034107208252,0.645450234413147,0.038844190537929535,0.0,0.0,0.0,0.0,,,,,,,,,,,,
4,,,5419,4.0,0.9973499774932861,0.7970452308654785,0.010307980701327324,0.8412277698516846,0.7630618214607239,0.010307980701327324,0.0,0.0,0.0,0.0,,,,,,,,,,,,
4,,,5429,4.0,0.984499990940094,0.7342424392700195,0.036029454320669174,0.8280592560768127,0.6832553744316101,0.036029454320669174,0.0,0.0,0.0,0.0,,,,,,,,,,,,
4,,,5439,4.0,0.9788500070571899,0.812069833278656,0.05214700847864151,0.7910100221633911,0.8367330431938171,0.05214700847864151,0.0,0.0,0.0,0.0,,,,,,,,,,,,
4,,,5449,4.0,0.9890000224113464,0.7122491002082825,0.03385580703616142,0.7783840894699097,0.6720207929611206,0.03385580703616142,0.0,0.0,0.0,0.0,,,,,,,,,,,,
4,,,5459,4.0,0.974399983882904,0.7862762212753296,0.06138802319765091,0.8004565238952637,0.7734817862510681,0.06138802319765091,0.0,0.0,0.0,0.0,,,,,,,,,,,,
4,,,5469,4.0,0.9847000241279602,0.7419637441635132,0.04471550136804581,0.8120064735412598,0.6983770728111267,0.04471550136804581,0.0,0.0,0.0,0.0,,,,,,,,,,,,
4,,,5479,4.0,0.9954000115394592,0.5953379273414612,0.018395468592643738,0.9560569524765015,0.553896427154541,0.018395468592643738,0.0,0.0,0.0,0.0,,,,,,,,,,,,
4,,,5489,4.0,0.9839500188827515,0.8302532434463501,0.036690425127744675,0.8826678395271301,0.79108726978302,0.036690425127744675,0.0,0.0,0.0,0.0,,,,,,,,,,,,
4,,,5499,4.0,0.9746000170707703,0.6512119174003601,0.07896694540977478,0.7817676663398743,0.6058007478713989,0.07896694540977478,0.0,0.0,0.0,0.0,,,,,,,,,,,,
4,,,5509,4.0,0.9801499843597412,0.7594621181488037,0.04201279953122139,0.8315091133117676,0.7142061591148376,0.04201279953122139,0.0,0.0,0.0,0.0,,,,,,,,,,,,
4,,,5519,4.0,0.9876999855041504,0.8687243461608887,0.033726442605257034,0.8679766654968262,0.8694753050804138,0.033726442605257034,0.0,0.0,0.0,0.0,,,,,,,,,,,,
4,,,5529,4.0,0.9887499809265137,0.7349192500114441,0.03541228175163269,0.8785761594772339,0.6715106964111328,0.03541228175163269,0.0,0.0,0.0,0.0,,,,,,,,,,,,
4,,,5539,4.0,0.9842000007629395,0.760161817073822,0.03948451578617096,0.7738562226295471,0.7478322982788086,0.03948451578617096,0.0,0.0,0.0,0.0,,,,,,,,,,,,
4,,,5549,4.0,0.9830999970436096,0.5753340721130371,0.03741278126835823,0.8057301044464111,0.5451005697250366,0.03741278126835823,0.0,0.0,0.0,0.0,,,,,,,,,,,,
4,,,5559,4.0,0.9902499914169312,0.8880794048309326,0.03026234358549118,0.9121081233024597,0.8668261766433716,0.03026234358549118,0.0,0.0,0.0,0.0,,,,,,,,,,,,
4,,,5569,4.0,0.9830999970436096,0.8325352668762207,0.040245551615953445,0.8567816019058228,0.811562180519104,0.040245551615953445,0.0,0.0,0.0,0.0,,,,,,,,,,,,
4,,,5579,4.0,0.9727500081062317,0.6414399743080139,0.07845619320869446,0.8890798091888428,0.5902581810951233,0.07845619320869446,0.0,0.0,0.0,0.0,,,,,,,,,,,,
4,,,5589,4.0,0.9835000038146973,0.5570060610771179,0.04308318346738815,0.7660181522369385,0.5339480638504028,0.04308318346738815,0.0,0.0,0.0,0.0,,,,,,,,,,,,
4,,,5599,4.0,0.9897500276565552,0.827976644039154,0.025517521426081657,0.9322302341461182,0.7652185559272766,0.025517521426081657,0.0,0.0,0.0,0.0,,,,,,,,,,,,
4,,,5609,4.0,0.9819499850273132,0.7155686020851135,0.0443577840924263,0.8638525009155273,0.6551342010498047,0.0443577840924263,0.0,0.0,0.0,0.0,,,,,,,,,,,,
4,,,5619,4.0,0.9797499775886536,0.7758986949920654,0.05044711008667946,0.7983698844909668,0.7567625641822815,0.05044711008667946,0.0,0.0,0.0,0.0,,,,,,,,,,,,
4,,,5629,4.0,0.9761000275611877,0.6361390948295593,0.07325459271669388,0.6987239718437195,0.6047752499580383,0.07325459271669388,0.0,0.0,0.0,0.0,,,,,,,,,,,,
4,,,5639,4.0,0.9814500212669373,0.8022202253341675,0.04764663055539131,0.7913093566894531,0.8140435218811035,0.04764663055539131,0.0,0.0,0.0,0.0,,,,,,,,,,,,
4,,,5649,4.0,0.982699990272522,0.8471746444702148,0.039142534136772156,0.8802856206893921,0.8197104334831238,0.039142534136772156,0.0,0.0,0.0,0.0,,,,,,,,,,,,
4,,,5659,4.0,0.9771000146865845,0.6534033417701721,0.05252852663397789,0.7051976323127747,0.6234009861946106,0.05252852663397789,0.0,0.0,0.0,0.0,,,,,,,,,,,,
4,,,5669,4.0,0.9839500188827515,0.8590376377105713,0.03464271500706673,0.8214075565338135,0.9076389074325562,0.03464271500706673,0.0,0.0,0.0,0.0,,,,,,,,,,,,
4,,,5679,4.0,0.9898499846458435,0.7162759304046631,0.026178020983934402,0.7746440172195435,0.6787728667259216,0.026178020983934402,0.0,0.0,0.0,0.0,,,,,,,,,,,,
4,,,5689,4.0,0.9836000204086304,0.7304635047912598,0.036670707166194916,0.7304635047912598,0.7304635047912598,0.036670707166194916,0.0,0.0,0.0,0.0,,,,,,,,,,,,
4,,,5699,4.0,0.9947500228881836,0.7294502854347229,0.01709822192788124,0.8388020992279053,0.673890233039856,0.01709822192788124,0.0,0.0,0.0,0.0,,,,,,,,,,,,
4,,,5709,4.0,0.9890999794006348,0.7377222776412964,0.02835913375020027,0.846287727355957,0.6818809509277344,0.02835913375020027,0.0,0.0,0.0,0.0,,,,,,,,,,,,
4,,,5719,4.0,0.9890999794006348,0.8269181847572327,0.028634274378418922,0.8518691062927246,0.8053926229476929,0.028634274378418922,0.0,0.0,0.0,0.0,,,,,,,,,,,,
4,,,5729,4.0,0.9779999852180481,0.7730318903923035,0.05924918130040169,0.7380040884017944,0.8214194774627686,0.05924918130040169,0.0,0.0,0.0,0.0,,,,,,,,,,,,
4,,,5739,4.0,0.9785500168800354,0.559479296207428,0.06049526482820511,0.7974406480789185,0.5357699394226074,0.06049526482820511,0.0,0.0,0.0,0.0,,,,,,,,,,,,
4,,,5749,4.0,0.984749972820282,0.8008490800857544,0.03969515860080719,0.8285988569259644,0.7776209115982056,0.03969515860080719,0.0,0.0,0.0,0.0,,,,,,,,,,,,
4,,,5759,4.0,0.975600004196167,0.8082821369171143,0.056523438543081284,0.8614825010299683,0.7696802020072937,0.056523438543081284,0.0,0.0,0.0,0.0,,,,,,,,,,,,
4,,,5769,4.0,0.9847000241279602,0.8495208024978638,0.03397157043218613,0.8156574964523315,0.8922290205955505,0.03397157043218613,0.0,0.0,0.0,0.0,,,,,,,,,,,,
4,,,5779,4.0,0.9922500252723694,0.8498532772064209,0.02084312029182911,0.9247733354568481,0.7979141473770142,0.02084312029182911,0.0,0.0,0.0,0.0,,,,,,,,,,,,
4,,,5789,4.0,0.9745000004768372,0.8741058111190796,0.06162460893392563,0.8825662136077881,0.866063117980957,0.06162460893392563,0.0,0.0,0.0,0.0,,,,,,,,,,,,
4,,,5799,4.0,0.9818000197410583,0.7894648313522339,0.04020825773477554,0.9459729194641113,0.71672123670578,0.04020825773477554,0.0,0.0,0.0,0.0,,,,,,,,,,,,
4,,,5809,4.0,0.9815999865531921,0.84614497423172,0.05977846682071686,0.8906683921813965,0.8113235831260681,0.05977846682071686,0.0,0.0,0.0,0.0,,,,,,,,,,,,
4,,,5819,4.0,0.9834499955177307,0.6118267178535461,0.049287766218185425,0.7901627421379089,0.5711811184883118,0.049287766218185425,0.0,0.0,0.0,0.0,,,,,,,,,,,,
4,,,5829,4.0,0.9876499772071838,0.8430509567260742,0.02677992917597294,0.8144304752349854,0.8777685165405273,0.02677992917597294,0.0,0.0,0.0,0.0,,,,,,,,,,,,
4,,,5839,4.0,0.984000027179718,0.7102289199829102,0.0489567406475544,0.8502852916717529,0.6518372297286987,0.0489567406475544,0.0,0.0,0.0,0.0,,,,,,,,,,,,
4,,,5849,4.0,0.9853500127792358,0.6891654133796692,0.03597921133041382,0.7347115874290466,0.658867359161377,0.03597921133041382,0.0,0.0,0.0,0.0,,,,,,,,,,,,
4,,,5859,4.0,0.9919999837875366,0.7348268032073975,0.02460365928709507,0.7808228135108948,0.7020025253295898,0.02460365928709507,0.0,0.0,0.0,0.0,,,,,,,,,,,,
4,,,5869,4.0,0.9544000029563904,0.6088790893554688,0.12943021953105927,0.7392277717590332,0.5750952959060669,0.12943021953105927,0.0,0.0,0.0,0.0,,,,,,,,,,,,
4,,,5879,4.0,0.9707499742507935,0.7268129587173462,0.0708136036992073,0.9278017282485962,0.6585702896118164,0.0708136036992073,0.0,0.0,0.0,0.0,,,,,,,,,,,,
4,,,5889,4.0,0.9871500134468079,0.8439241647720337,0.032662879675626755,0.8889968991279602,0.8086158037185669,0.032662879675626755,0.0,0.0,0.0,0.0,,,,,,,,,,,,
4,,,5899,4.0,0.972100019454956,0.8395636677742004,0.06574746966362,0.9035743474960327,0.7946813106536865,0.06574746966362,0.0,0.0,0.0,0.0,,,,,,,,,,,,
4,,,5909,4.0,0.9780499935150146,0.8494119644165039,0.05260588228702545,0.9287483096122742,0.7965675592422485,0.05260588228702545,0.0,0.0,0.0,0.0,,,,,,,,,,,,
4,,,5919,4.0,0.9882000088691711,0.8785008192062378,0.029945233836770058,0.935113251209259,0.8355417251586914,0.029945233836770058,0.0,0.0,0.0,0.0,,,,,,,,,,,,
4,,,5929,4.0,0.9782000184059143,0.7483768463134766,0.04405692592263222,0.861003041267395,0.6912647485733032,0.04405692592263222,0.0,0.0,0.0,0.0,,,,,,,,,,,,
4,,,5939,4.0,0.9832500219345093,0.8816297054290771,0.03901052847504616,0.9019919037818909,0.8633982539176941,0.03901052847504616,0.0,0.0,0.0,0.0,,,,,,,,,,,,
4,,,5949,4.0,0.9793499708175659,0.6622279286384583,0.04887315258383751,0.8468211889266968,0.6083981394767761,0.04887315258383751,0.0,0.0,0.0,0.0,,,,,,,,,,,,
4,,,5959,4.0,0.9911999702453613,0.9159548282623291,0.021323487162590027,0.9071371555328369,0.9251891374588013,0.021323487162590027,0.0,0.0,0.0,0.0,,,,,,,,,,,,
4,,,5969,4.0,0.9825000166893005,0.7767857313156128,0.03956058993935585,0.8584803342819214,0.7265312075614929,0.03956058993935585,0.0,0.0,0.0,0.0,,,,,,,,,,,,
4,,,5979,4.0,0.9834499955177307,0.8534342050552368,0.03923869505524635,0.8764598965644836,0.8332417607307434,0.03923869505524635,0.0,0.0,0.0,0.0,,,,,,,,,,,,
4,,,5989,4.0,0.9850000143051147,0.8405557870864868,0.03726182505488396,0.8650304079055786,0.8193277716636658,0.03726182505488396,0.0,0.0,0.0,0.0,,,,,,,,,,,,
4,,,5999,4.0,0.9918000102043152,0.8817658424377441,0.023090984672307968,0.9128739833831787,0.8551772832870483,0.023090984672307968,0.0,0.0,0.0,0.0,,,,,,,,,,,,
4,,,6009,4.0,0.9812999963760376,0.6613300442695618,0.05611640587449074,0.8239102363586426,0.6095141172409058,0.05611640587449074,0.0,0.0,0.0,0.0,,,,,,,,,,,,
4,,,6019,4.0,0.9898999929428101,0.8972113132476807,0.024511247873306274,0.8995288014411926,0.894922137260437,0.024511247873306274,0.0,0.0,0.0,0.0,,,,,,,,,,,,
4,,,6029,4.0,0.9872000217437744,0.9021531343460083,0.030727270990610123,0.872135579586029,0.9379689693450928,0.030727270990610123,0.0,0.0,0.0,0.0,,,,,,,,,,,,
4,,,6039,4.0,0.9843000173568726,0.8495116829872131,0.04021936282515526,0.8725920915603638,0.8292909264564514,0.04021936282515526,0.0,0.0,0.0,0.0,,,,,,,,,,,,
4,,,6049,4.0,0.9796000123023987,0.8466774225234985,0.04656361788511276,0.9018738269805908,0.8057397603988647,0.04656361788511276,0.0,0.0,0.0,0.0,,,,,,,,,,,,
4,,,6059,4.0,0.9889000058174133,0.7196969985961914,0.029196646064519882,0.8600001335144043,0.6592352986335754,0.029196646064519882,0.0,0.0,0.0,0.0,,,,,,,,,,,,
4,,,6069,4.0,0.9861999750137329,0.6371415853500366,0.030878946185112,0.6980495452880859,0.60556960105896,0.030878946185112,0.0,0.0,0.0,0.0,,,,,,,,,,,,
4,,,6079,4.0,0.9886999726295471,0.5658586621284485,0.031430650502443314,0.6505088806152344,0.5431073307991028,0.031430650502443314,0.0,0.0,0.0,0.0,,,,,,,,,,,,
4,,,6089,4.0,0.9916999936103821,0.8109647631645203,0.03265039250254631,0.870652973651886,0.7681894898414612,0.03265039250254631,0.0,0.0,0.0,0.0,,,,,,,,,,,,
4,,,6099,4.0,0.9845499992370605,0.9010136723518372,0.03723838925361633,0.8965839147567749,0.9055541753768921,0.03723838925361633,0.0,0.0,0.0,0.0,,,,,,,,,,,,
4,,,6109,4.0,0.9891499876976013,0.8857090473175049,0.02754204161465168,0.9618184566497803,0.8320517539978027,0.02754204161465168,0.0,0.0,0.0,0.0,,,,,,,,,,,,
4,,,6119,4.0,0.9649999737739563,0.7924336194992065,0.08074238151311874,0.8029673099517822,0.7826977372169495,0.08074238151311874,0.0,0.0,0.0,0.0,,,,,,,,,,,,
4,,,6129,4.0,0.9918000102043152,0.7843884825706482,0.027687743306159973,0.9009381532669067,0.7211160659790039,0.027687743306159973,0.0,0.0,0.0,0.0,,,,,,,,,,,,
4,,,6139,4.0,0.9759500026702881,0.7119104266166687,0.05414333567023277,0.764435887336731,0.6776638031005859,0.05414333567023277,0.0,0.0,0.0,0.0,,,,,,,,,,,,
4,,,6149,4.0,0.991349995136261,0.7123424410820007,0.021174084395170212,0.8534510731697083,0.65264493227005,0.021174084395170212,0.0,0.0,0.0,0.0,,,,,,,,,,,,
4,,,6159,4.0,0.9714999794960022,0.7444065809249878,0.06483596563339233,0.7749114632606506,0.7204530835151672,0.06483596563339233,0.0,0.0,0.0,0.0,,,,,,,,,,,,
4,,,6169,4.0,0.9886500239372253,0.8447596430778503,0.02956629917025566,0.9326786398887634,0.7874724864959717,0.02956629917025566,0.0,0.0,0.0,0.0,,,,,,,,,,,,
4,,,6179,4.0,0.9822499752044678,0.7699334621429443,0.037528544664382935,0.824073851108551,0.7319422960281372,0.037528544664382935,0.0,0.0,0.0,0.0,,,,,,,,,,,,
4,,,6189,4.0,0.9904999732971191,0.9069122076034546,0.027132757008075714,0.9122759699821472,0.9016947746276855,0.027132757008075714,0.0,0.0,0.0,0.0,,,,,,,,,,,,
4,,,6189,,,,,,,,,,,,,0.9858840703964233,0.764998733997345,0.034230951219797134,0.8363237977027893,0.7361717224121094,0.034230951219797134,0.0,0.0,0.0,0.0,
,9.939057285945933e-05,0.0009939057285945933,6190,,,,,,,,,,,,,,,,,,,,,,,
5,,,6199,4.0,0.9760000109672546,0.8141520023345947,0.049848753958940506,0.8861336708068848,0.7662404775619507,0.049848753958940506,0.0,0.0,0.0,0.0,,,,,,,,,,,,
5,,,6209,4.0,0.9786999821662903,0.7655160427093506,0.05078159645199776,0.8729722499847412,0.7079896926879883,0.05078159645199776,0.0,0.0,0.0,0.0,,,,,,,,,,,,
5,,,6219,4.0,0.9787499904632568,0.8145936131477356,0.046919435262680054,0.8541886806488037,0.7834857106208801,0.046919435262680054,0.0,0.0,0.0,0.0,,,,,,,,,,,,
5,,,6229,4.0,0.9814000129699707,0.7952393293380737,0.03710757568478584,0.7730157375335693,0.821717381477356,0.03710757568478584,0.0,0.0,0.0,0.0,,,,,,,,,,,,
5,,,6239,4.0,0.980400025844574,0.7462705373764038,0.03940863162279129,0.7363070249557495,0.757172167301178,0.03940863162279129,0.0,0.0,0.0,0.0,,,,,,,,,,,,
5,,,6249,4.0,0.9846500158309937,0.8082000017166138,0.03702738508582115,0.7853937149047852,0.8352357149124146,0.03702738508582115,0.0,0.0,0.0,0.0,,,,,,,,,,,,
5,,,6259,4.0,0.986050009727478,0.8293722867965698,0.035862550139427185,0.8821461200714111,0.7899424433708191,0.035862550139427185,0.0,0.0,0.0,0.0,,,,,,,,,,,,
5,,,6269,4.0,0.9804499745368958,0.8057283163070679,0.04119688645005226,0.8071762323379517,0.8042950630187988,0.04119688645005226,0.0,0.0,0.0,0.0,,,,,,,,,,,,
5,,,6279,4.0,0.9898999929428101,0.6089969277381897,0.029919998720288277,0.7223740816116333,0.5730959177017212,0.029919998720288277,0.0,0.0,0.0,0.0,,,,,,,,,,,,
5,,,6289,4.0,0.9785000085830688,0.7845228910446167,0.06430245190858841,0.8665578365325928,0.7339097261428833,0.06430245190858841,0.0,0.0,0.0,0.0,,,,,,,,,,,,
5,,,6299,4.0,0.9885500073432922,0.8497191667556763,0.03322027623653412,0.9247925281524658,0.7979753017425537,0.03322027623653412,0.0,0.0,0.0,0.0,,,,,,,,,,,,
5,,,6309,4.0,0.984499990940094,0.8416427373886108,0.03711225837469101,0.8067998886108398,0.8861766457557678,0.03711225837469101,0.0,0.0,0.0,0.0,,,,,,,,,,,,
5,,,6319,4.0,0.9785000085830688,0.7264352440834045,0.052488427609205246,0.7712733745574951,0.694929301738739,0.052488427609205246,0.0,0.0,0.0,0.0,,,,,,,,,,,,
5,,,6329,4.0,0.9856500029563904,0.8215504884719849,0.04241124913096428,0.9230895042419434,0.7606359124183655,0.04241124913096428,0.0,0.0,0.0,0.0,,,,,,,,,,,,
5,,,6339,4.0,0.9797499775886536,0.868870735168457,0.051942143589258194,0.907310962677002,0.8376401662826538,0.051942143589258194,0.0,0.0,0.0,0.0,,,,,,,,,,,,
5,,,6349,4.0,0.9876999855041504,0.8288348913192749,0.02844516932964325,0.7964332103729248,0.8696783781051636,0.02844516932964325,0.0,0.0,0.0,0.0,,,,,,,,,,,,
5,,,6359,4.0,0.9878000020980835,0.6580334305763245,0.029463080689311028,0.7849246263504028,0.6104746460914612,0.029463080689311028,0.0,0.0,0.0,0.0,,,,,,,,,,,,
5,,,6369,4.0,0.9814500212669373,0.7534204721450806,0.046445295214653015,0.9146027565002441,0.6848164200782776,0.046445295214653015,0.0,0.0,0.0,0.0,,,,,,,,,,,,
5,,,6379,4.0,0.9754499793052673,0.5769626498222351,0.06737101078033447,0.7023570537567139,0.5499976873397827,0.06737101078033447,0.0,0.0,0.0,0.0,,,,,,,,,,,,
5,,,6389,4.0,0.9752500057220459,0.812275230884552,0.0549851693212986,0.8471912145614624,0.7842465043067932,0.0549851693212986,0.0,0.0,0.0,0.0,,,,,,,,,,,,
5,,,6399,4.0,0.988349974155426,0.8890364170074463,0.026579663157463074,0.8726332187652588,0.9070614576339722,0.026579663157463074,0.0,0.0,0.0,0.0,,,,,,,,,,,,
5,,,6409,4.0,0.9936000108718872,0.7776986360549927,0.016566472128033638,0.7599297761917114,0.7981374263763428,0.016566472128033638,0.0,0.0,0.0,0.0,,,,,,,,,,,,
5,,,6419,4.0,0.989300012588501,0.7033444046974182,0.02604968659579754,0.8898637294769287,0.6388983726501465,0.02604968659579754,0.0,0.0,0.0,0.0,,,,,,,,,,,,
5,,,6429,4.0,0.9906499981880188,0.8814654350280762,0.02087262272834778,0.8633837699890137,0.9015448093414307,0.02087262272834778,0.0,0.0,0.0,0.0,,,,,,,,,,,,
5,,,6439,4.0,0.9901999831199646,0.8698978424072266,0.02175511047244072,0.8239263296127319,0.9320614337921143,0.02175511047244072,0.0,0.0,0.0,0.0,,,,,,,,,,,,
5,,,6449,4.0,0.9769999980926514,0.5834540724754333,0.06829721480607986,0.8512556552886963,0.5504295825958252,0.06829721480607986,0.0,0.0,0.0,0.0,,,,,,,,,,,,
5,,,6459,4.0,0.9760500192642212,0.7388100028038025,0.06670143455266953,0.7609118223190308,0.7203850150108337,0.06670143455266953,0.0,0.0,0.0,0.0,,,,,,,,,,,,
5,,,6469,4.0,0.9782000184059143,0.7584903836250305,0.04271704703569412,0.8586230278015137,0.7038139700889587,0.04271704703569412,0.0,0.0,0.0,0.0,,,,,,,,,,,,
5,,,6479,4.0,0.9852499961853027,0.863919734954834,0.033047664910554886,0.8389604687690735,0.8931827545166016,0.033047664910554886,0.0,0.0,0.0,0.0,,,,,,,,,,,,
5,,,6489,4.0,0.9828500151634216,0.8282827138900757,0.03688903525471687,0.7946999073028564,0.8712782859802246,0.03688903525471687,0.0,0.0,0.0,0.0,,,,,,,,,,,,
5,,,6499,4.0,0.986549973487854,0.7048412561416626,0.03381287306547165,0.8523949980735779,0.6458231806755066,0.03381287306547165,0.0,0.0,0.0,0.0,,,,,,,,,,,,
5,,,6509,4.0,0.9684500098228455,0.7713446617126465,0.08983306586742401,0.8175258636474609,0.7378600835800171,0.08983306586742401,0.0,0.0,0.0,0.0,,,,,,,,,,,,
5,,,6519,4.0,0.9828000068664551,0.849806547164917,0.042414624243974686,0.8785887956619263,0.8253629207611084,0.042414624243974686,0.0,0.0,0.0,0.0,,,,,,,,,,,,
5,,,6529,4.0,0.98089998960495,0.7003932595252991,0.04498862847685814,0.827854335308075,0.6461153626441956,0.04498862847685814,0.0,0.0,0.0,0.0,,,,,,,,,,,,
5,,,6539,4.0,0.9836000204086304,0.8958463072776794,0.04041626304388046,0.9147952198982239,0.8787113428115845,0.04041626304388046,0.0,0.0,0.0,0.0,,,,,,,,,,,,
5,,,6549,4.0,0.9774500131607056,0.6034654378890991,0.06563402712345123,0.9453582763671875,0.5618540048599243,0.06563402712345123,0.0,0.0,0.0,0.0,,,,,,,,,,,,
5,,,6559,4.0,0.9836000204086304,0.7800310850143433,0.044749945402145386,0.8062272071838379,0.7581571340560913,0.044749945402145386,0.0,0.0,0.0,0.0,,,,,,,,,,,,
5,,,6569,4.0,0.9820500016212463,0.7888535857200623,0.04197179526090622,0.8702002763748169,0.7379814386367798,0.04197179526090622,0.0,0.0,0.0,0.0,,,,,,,,,,,,
5,,,6579,4.0,0.9934499859809875,0.6724835634231567,0.021045681089162827,0.6683197617530823,0.6768630743026733,0.021045681089162827,0.0,0.0,0.0,0.0,,,,,,,,,,,,
5,,,6589,4.0,0.9764500260353088,0.8398562669754028,0.05844493582844734,0.9284065961837769,0.7836973667144775,0.05844493582844734,0.0,0.0,0.0,0.0,,,,,,,,,,,,
5,,,6599,4.0,0.9782500267028809,0.7159650921821594,0.053695984184741974,0.8424633145332336,0.6598070859909058,0.053695984184741974,0.0,0.0,0.0,0.0,,,,,,,,,,,,
5,,,6609,4.0,0.9921000003814697,0.7237051129341125,0.02143932320177555,0.8928020000457764,0.6573375463485718,0.02143932320177555,0.0,0.0,0.0,0.0,,,,,,,,,,,,
5,,,6619,4.0,0.9808499813079834,0.8033981323242188,0.04673998802900314,0.8729491233825684,0.7567600011825562,0.04673998802900314,0.0,0.0,0.0,0.0,,,,,,,,,,,,
5,,,6629,4.0,0.9846500158309937,0.7808053493499756,0.035045791417360306,0.8192778825759888,0.7509438991546631,0.035045791417360306,0.0,0.0,0.0,0.0,,,,,,,,,,,,
5,,,6639,4.0,0.9900500178337097,0.8590803146362305,0.024300841614603996,0.9501577615737915,0.7995665669441223,0.024300841614603996,0.0,0.0,0.0,0.0,,,,,,,,,,,,
5,,,6649,4.0,0.9855999946594238,0.8176659345626831,0.03396296873688698,0.8649872541427612,0.781663179397583,0.03396296873688698,0.0,0.0,0.0,0.0,,,,,,,,,,,,
5,,,6659,4.0,0.9859499931335449,0.868776798248291,0.03517678380012512,0.918250322341919,0.8303439617156982,0.03517678380012512,0.0,0.0,0.0,0.0,,,,,,,,,,,,
5,,,6669,4.0,0.9919499754905701,0.8797441124916077,0.018743429332971573,0.8904613852500916,0.869621992111206,0.018743429332971573,0.0,0.0,0.0,0.0,,,,,,,,,,,,
5,,,6679,4.0,0.9946500062942505,0.8232424259185791,0.01325179636478424,0.8622086048126221,0.7919665575027466,0.01325179636478424,0.0,0.0,0.0,0.0,,,,,,,,,,,,
5,,,6689,4.0,0.9930499792098999,0.8863188028335571,0.019975582137703896,0.9768136739730835,0.8254209756851196,0.019975582137703896,0.0,0.0,0.0,0.0,,,,,,,,,,,,
5,,,6699,4.0,0.9804999828338623,0.8444988131523132,0.04622572287917137,0.8562207818031311,0.8335847854614258,0.04622572287917137,0.0,0.0,0.0,0.0,,,,,,,,,,,,
5,,,6709,4.0,0.9825500249862671,0.8147006034851074,0.03771559149026871,0.8614644408226013,0.779198408126831,0.03771559149026871,0.0,0.0,0.0,0.0,,,,,,,,,,,,
5,,,6719,4.0,0.985450029373169,0.882835865020752,0.03848988190293312,0.9187294244766235,0.8529953956604004,0.03848988190293312,0.0,0.0,0.0,0.0,,,,,,,,,,,,
5,,,6729,4.0,0.9867500066757202,0.8760297298431396,0.029757028445601463,0.8763625621795654,0.8756976127624512,0.029757028445601463,0.0,0.0,0.0,0.0,,,,,,,,,,,,
5,,,6739,4.0,0.9909499883651733,0.801398754119873,0.02199099212884903,0.7837907075881958,0.821420431137085,0.02199099212884903,0.0,0.0,0.0,0.0,,,,,,,,,,,,
5,,,6749,4.0,0.9904000163078308,0.8184629678726196,0.023579737171530724,0.8281350135803223,0.8093633651733398,0.023579737171530724,0.0,0.0,0.0,0.0,,,,,,,,,,,,
5,,,6759,4.0,0.9750999808311462,0.7027510404586792,0.052592553198337555,0.7868388891220093,0.6583897471427917,0.052592553198337555,0.0,0.0,0.0,0.0,,,,,,,,,,,,
5,,,6769,4.0,0.9828500151634216,0.7982640266418457,0.037526071071624756,0.8333597183227539,0.7701867818832397,0.037526071071624756,0.0,0.0,0.0,0.0,,,,,,,,,,,,
5,,,6779,4.0,0.9886999726295471,0.7525532245635986,0.02796575054526329,0.8991231918334961,0.6859976053237915,0.02796575054526329,0.0,0.0,0.0,0.0,,,,,,,,,,,,
5,,,6789,4.0,0.9903500080108643,0.8594902157783508,0.02746807038784027,0.917961061000824,0.8158437013626099,0.02746807038784027,0.0,0.0,0.0,0.0,,,,,,,,,,,,
5,,,6799,4.0,0.9872499704360962,0.869103193283081,0.03801778703927994,0.930488109588623,0.8237593173980713,0.03801778703927994,0.0,0.0,0.0,0.0,,,,,,,,,,,,
5,,,6809,4.0,0.9704999923706055,0.6595008373260498,0.09468992054462433,0.7725080251693726,0.6153203845024109,0.09468992054462433,0.0,0.0,0.0,0.0,,,,,,,,,,,,
5,,,6819,4.0,0.986050009727478,0.6619433760643005,0.03464300185441971,0.842228889465332,0.6077284812927246,0.03464300185441971,0.0,0.0,0.0,0.0,,,,,,,,,,,,
5,,,6829,4.0,0.9955000281333923,0.8498598337173462,0.013989506289362907,0.8771615624427795,0.8263036012649536,0.013989506289362907,0.0,0.0,0.0,0.0,,,,,,,,,,,,
5,,,6839,4.0,0.9857000112533569,0.7580372095108032,0.032117798924446106,0.7571930885314941,0.7588871717453003,0.032117798924446106,0.0,0.0,0.0,0.0,,,,,,,,,,,,
5,,,6849,4.0,0.9873999953269958,0.7961628437042236,0.02755420282483101,0.8304879069328308,0.7685273289680481,0.02755420282483101,0.0,0.0,0.0,0.0,,,,,,,,,,,,
5,,,6859,4.0,0.9890499711036682,0.6157096028327942,0.029062451794743538,0.8900875449180603,0.5694443583488464,0.029062451794743538,0.0,0.0,0.0,0.0,,,,,,,,,,,,
5,,,6869,4.0,0.9883000254631042,0.6875233054161072,0.046506840735673904,0.8512846231460571,0.6292287111282349,0.046506840735673904,0.0,0.0,0.0,0.0,,,,,,,,,,,,
5,,,6879,4.0,0.9779499769210815,0.8685935139656067,0.051468074321746826,0.8765981793403625,0.8609597682952881,0.051468074321746826,0.0,0.0,0.0,0.0,,,,,,,,,,,,
5,,,6889,4.0,0.9829999804496765,0.834038257598877,0.039892394095659256,0.8935822248458862,0.7909508347511292,0.039892394095659256,0.0,0.0,0.0,0.0,,,,,,,,,,,,
5,,,6899,4.0,0.9884999990463257,0.8712371587753296,0.03238287195563316,0.877700686454773,0.865003228187561,0.03238287195563316,0.0,0.0,0.0,0.0,,,,,,,,,,,,
5,,,6909,4.0,0.9947500228881836,0.8049516081809998,0.017676040530204773,0.9255489706993103,0.7381526827812195,0.017676040530204773,0.0,0.0,0.0,0.0,,,,,,,,,,,,
5,,,6919,4.0,0.9876999855041504,0.8936426639556885,0.03312525525689125,0.869712233543396,0.9211682081222534,0.03312525525689125,0.0,0.0,0.0,0.0,,,,,,,,,,,,
5,,,6929,4.0,0.9878000020980835,0.6792120933532715,0.03348033130168915,0.8312610387802124,0.6241379380226135,0.03348033130168915,0.0,0.0,0.0,0.0,,,,,,,,,,,,
5,,,6939,4.0,0.9897000193595886,0.6012542843818665,0.04236326366662979,0.8326653242111206,0.5610350370407104,0.04236326366662979,0.0,0.0,0.0,0.0,,,,,,,,,,,,
5,,,6949,4.0,0.9881500005722046,0.611021101474762,0.03277382627129555,0.7139307260513306,0.5759546160697937,0.03277382627129555,0.0,0.0,0.0,0.0,,,,,,,,,,,,
5,,,6959,4.0,0.9817500114440918,0.7686357498168945,0.05241633951663971,0.8796905279159546,0.709489643573761,0.05241633951663971,0.0,0.0,0.0,0.0,,,,,,,,,,,,
5,,,6969,4.0,0.9920499920845032,0.8201376795768738,0.020239271223545074,0.8033897280693054,0.8389077186584473,0.020239271223545074,0.0,0.0,0.0,0.0,,,,,,,,,,,,
5,,,6979,4.0,0.9865999817848206,0.5214489102363586,0.039194393903017044,0.8115781545639038,0.5128137469291687,0.039194393903017044,0.0,0.0,0.0,0.0,,,,,,,,,,,,
5,,,6989,4.0,0.9777500033378601,0.8415161371231079,0.05883968621492386,0.90926194190979,0.794363260269165,0.05883968621492386,0.0,0.0,0.0,0.0,,,,,,,,,,,,
5,,,6999,4.0,0.9876499772071838,0.650946319103241,0.031936097890138626,0.7497532963752747,0.6091000437736511,0.031936097890138626,0.0,0.0,0.0,0.0,,,,,,,,,,,,
5,,,7009,4.0,0.9908499717712402,0.8401917219161987,0.02165818400681019,0.891549825668335,0.8010844588279724,0.02165818400681019,0.0,0.0,0.0,0.0,,,,,,,,,,,,
5,,,7019,4.0,0.9855499863624573,0.8769518136978149,0.03590523079037666,0.8622212409973145,0.8930368423461914,0.03590523079037666,0.0,0.0,0.0,0.0,,,,,,,,,,,,
5,,,7029,4.0,0.9796500205993652,0.7699328660964966,0.04272846505045891,0.8239829540252686,0.7320884466171265,0.04272846505045891,0.0,0.0,0.0,0.0,,,,,,,,,,,,
5,,,7039,4.0,0.9930999875068665,0.8890700936317444,0.01854417473077774,0.924900472164154,0.858989953994751,0.01854417473077774,0.0,0.0,0.0,0.0,,,,,,,,,,,,
5,,,7049,4.0,0.9749000072479248,0.7632739543914795,0.060290489345788956,0.8031449317932129,0.7332721948623657,0.060290489345788956,0.0,0.0,0.0,0.0,,,,,,,,,,,,
5,,,7059,4.0,0.9786999821662903,0.7905093431472778,0.047471463680267334,0.8482989072799683,0.7500554323196411,0.047471463680267334,0.0,0.0,0.0,0.0,,,,,,,,,,,,
5,,,7069,4.0,0.9824000000953674,0.8020910024642944,0.040443338453769684,0.841172456741333,0.7714511156082153,0.040443338453769684,0.0,0.0,0.0,0.0,,,,,,,,,,,,
5,,,7079,4.0,0.9891999959945679,0.8785558342933655,0.02484782785177231,0.9075364470481873,0.8536108732223511,0.02484782785177231,0.0,0.0,0.0,0.0,,,,,,,,,,,,
5,,,7089,4.0,0.990149974822998,0.7590130567550659,0.024639742448925972,0.8986812233924866,0.6928892135620117,0.024639742448925972,0.0,0.0,0.0,0.0,,,,,,,,,,,,
5,,,7099,4.0,0.9811000227928162,0.7355719804763794,0.0510714091360569,0.8034118413925171,0.6934523582458496,0.0510714091360569,0.0,0.0,0.0,0.0,,,,,,,,,,,,
5,,,7109,4.0,0.9610499739646912,0.7377676963806152,0.09196490049362183,0.8082745671272278,0.6956430673599243,0.09196490049362183,0.0,0.0,0.0,0.0,,,,,,,,,,,,
5,,,7119,4.0,0.9529500007629395,0.6590100526809692,0.12489978969097137,0.9025691747665405,0.606033980846405,0.12489978969097137,0.0,0.0,0.0,0.0,,,,,,,,,,,,
5,,,7129,4.0,0.9772499799728394,0.6705976724624634,0.06397894769906998,0.9080635905265808,0.61109459400177,0.06397894769906998,0.0,0.0,0.0,0.0,,,,,,,,,,,,
5,,,7139,4.0,0.9890499711036682,0.803417980670929,0.034699682146310806,0.9015800952911377,0.7447206974029541,0.034699682146310806,0.0,0.0,0.0,0.0,,,,,,,,,,,,
5,,,7149,4.0,0.983299970626831,0.7396208643913269,0.0397961363196373,0.9567928314208984,0.664973258972168,0.0397961363196373,0.0,0.0,0.0,0.0,,,,,,,,,,,,
5,,,7159,4.0,0.9798499941825867,0.7470105290412903,0.05705644562840462,0.804458498954773,0.7085999846458435,0.05705644562840462,0.0,0.0,0.0,0.0,,,,,,,,,,,,
5,,,7169,4.0,0.992900013923645,0.8657382130622864,0.022642318159341812,0.9218625426292419,0.8231246471405029,0.022642318159341812,0.0,0.0,0.0,0.0,,,,,,,,,,,,
5,,,7179,4.0,0.984000027179718,0.8645114898681641,0.03978155925869942,0.9174472689628601,0.8242110013961792,0.03978155925869942,0.0,0.0,0.0,0.0,,,,,,,,,,,,
5,,,7189,4.0,0.9727500081062317,0.8245863914489746,0.06506165862083435,0.8169212341308594,0.8326783180236816,0.06506165862083435,0.0,0.0,0.0,0.0,,,,,,,,,,,,
5,,,7199,4.0,0.9882000088691711,0.6036943793296814,0.02563611976802349,0.6589943766593933,0.5775410532951355,0.02563611976802349,0.0,0.0,0.0,0.0,,,,,,,,,,,,
5,,,7209,4.0,0.9757500290870667,0.7450680732727051,0.06016400828957558,0.8219114542007446,0.6992568969726562,0.06016400828957558,0.0,0.0,0.0,0.0,,,,,,,,,,,,
5,,,7219,4.0,0.9886500239372253,0.5589200854301453,0.029314080253243446,0.7908890247344971,0.5342045426368713,0.029314080253243446,0.0,0.0,0.0,0.0,,,,,,,,,,,,
5,,,7229,4.0,0.9865999817848206,0.8796226978302002,0.03280801698565483,0.9196887612342834,0.846953272819519,0.03280801698565483,0.0,0.0,0.0,0.0,,,,,,,,,,,,
5,,,7239,4.0,0.9855999946594238,0.862966775894165,0.03335609287023544,0.8999108076095581,0.8326295614242554,0.03335609287023544,0.0,0.0,0.0,0.0,,,,,,,,,,,,
5,,,7249,4.0,0.9911999702453613,0.6718591451644897,0.026620319113135338,0.8749947547912598,0.6126018166542053,0.026620319113135338,0.0,0.0,0.0,0.0,,,,,,,,,,,,
5,,,7259,4.0,0.9853500127792358,0.7746421098709106,0.032756172120571136,0.822432279586792,0.739633321762085,0.032756172120571136,0.0,0.0,0.0,0.0,,,,,,,,,,,,
5,,,7269,4.0,0.9868500232696533,0.8848881125450134,0.036247942596673965,0.8997480869293213,0.8711662292480469,0.036247942596673965,0.0,0.0,0.0,0.0,,,,,,,,,,,,
5,,,7279,4.0,0.9819499850273132,0.8216423988342285,0.04562259092926979,0.8702728152275085,0.7849166989326477,0.04562259092926979,0.0,0.0,0.0,0.0,,,,,,,,,,,,
5,,,7289,4.0,0.9864500164985657,0.7344791889190674,0.03175972029566765,0.8381518721580505,0.6805285811424255,0.03175972029566765,0.0,0.0,0.0,0.0,,,,,,,,,,,,
5,,,7299,4.0,0.9866999983787537,0.6607831716537476,0.03485957160592079,0.7257127165794373,0.6255264282226562,0.03485957160592079,0.0,0.0,0.0,0.0,,,,,,,,,,,,
5,,,7309,4.0,0.9861000180244446,0.670196533203125,0.030136719346046448,0.7482367753982544,0.6303172707557678,0.030136719346046448,0.0,0.0,0.0,0.0,,,,,,,,,,,,
5,,,7319,4.0,0.9929500222206116,0.8179131746292114,0.019591545686125755,0.8855524659156799,0.7708286643028259,0.019591545686125755,0.0,0.0,0.0,0.0,,,,,,,,,,,,
5,,,7329,4.0,0.9832000136375427,0.8726646900177002,0.038537707179784775,0.8282811641693115,0.9325948357582092,0.038537707179784775,0.0,0.0,0.0,0.0,,,,,,,,,,,,
5,,,7339,4.0,0.9765999913215637,0.7604667544364929,0.050008710473775864,0.887175977230072,0.6986660361289978,0.050008710473775864,0.0,0.0,0.0,0.0,,,,,,,,,,,,
5,,,7349,4.0,0.9900000095367432,0.7800796031951904,0.026373950764536858,0.840356707572937,0.7383571267127991,0.026373950764536858,0.0,0.0,0.0,0.0,,,,,,,,,,,,
5,,,7359,4.0,0.9822999835014343,0.8385317325592041,0.036851510405540466,0.8373703956604004,0.8397016525268555,0.036851510405540466,0.0,0.0,0.0,0.0,,,,,,,,,,,,
5,,,7369,4.0,0.9886500239372253,0.6044082641601562,0.030250515788793564,0.9640626907348633,0.5604962110519409,0.030250515788793564,0.0,0.0,0.0,0.0,,,,,,,,,,,,
5,,,7379,4.0,0.9815999865531921,0.8408963084220886,0.046192046254873276,0.8535828590393066,0.8291541934013367,0.046192046254873276,0.0,0.0,0.0,0.0,,,,,,,,,,,,
5,,,7389,4.0,0.9862499833106995,0.8591116666793823,0.030530983582139015,0.925574779510498,0.811437726020813,0.030530983582139015,0.0,0.0,0.0,0.0,,,,,,,,,,,,
5,,,7399,4.0,0.9894999861717224,0.7680869102478027,0.027019066736102104,0.7934926748275757,0.7468441724777222,0.027019066736102104,0.0,0.0,0.0,0.0,,,,,,,,,,,,
5,,,7409,4.0,0.9790999889373779,0.7446634769439697,0.04358543083071709,0.8941541910171509,0.6798220872879028,0.04358543083071709,0.0,0.0,0.0,0.0,,,,,,,,,,,,
5,,,7419,4.0,0.991100013256073,0.8683755993843079,0.023586876690387726,0.8931423425674438,0.8466544151306152,0.023586876690387726,0.0,0.0,0.0,0.0,,,,,,,,,,,,
,9.91232189110701e-05,0.000991232189110701,7428,,,,,,,,,,,,,,,,,,,,,,,
6,,,7429,4.0,0.9843500256538391,0.8020788431167603,0.03773413971066475,0.7918287515640259,0.8131209015846252,0.03773413971066475,0.0,0.0,0.0,0.0,,,,,,,,,,,,
6,,,7439,4.0,0.9858999848365784,0.8265208005905151,0.032767053693532944,0.8030416965484619,0.8542040586471558,0.032767053693532944,0.0,0.0,0.0,0.0,,,,,,,,,,,,
6,,,7449,4.0,0.9944999814033508,0.7208403944969177,0.012806447222828865,0.7801438570022583,0.6824781894683838,0.012806447222828865,0.0,0.0,0.0,0.0,,,,,,,,,,,,
6,,,7459,4.0,0.9680500030517578,0.7643195986747742,0.1027468889951706,0.8409867882728577,0.7177460789680481,0.1027468889951706,0.0,0.0,0.0,0.0,,,,,,,,,,,,
6,,,7469,4.0,0.9907000064849854,0.8260563611984253,0.023944593966007233,0.8602534532546997,0.79796302318573,0.023944593966007233,0.0,0.0,0.0,0.0,,,,,,,,,,,,
6,,,7479,4.0,0.988349974155426,0.8259651064872742,0.029515350237488747,0.7942832708358765,0.8657277226448059,0.029515350237488747,0.0,0.0,0.0,0.0,,,,,,,,,,,,
6,,,7489,4.0,0.9929999709129333,0.6885055303573608,0.021104825660586357,0.7917604446411133,0.6397671103477478,0.021104825660586357,0.0,0.0,0.0,0.0,,,,,,,,,,,,
6,,,7499,4.0,0.9905999898910522,0.6800649166107178,0.02587469108402729,0.8926939964294434,0.6180670261383057,0.02587469108402729,0.0,0.0,0.0,0.0,,,,,,,,,,,,
6,,,7509,4.0,0.9911999702453613,0.7404711246490479,0.027430014684796333,0.8572487235069275,0.6820101737976074,0.027430014684796333,0.0,0.0,0.0,0.0,,,,,,,,,,,,
6,,,7519,4.0,0.9918000102043152,0.852013349533081,0.022522209212183952,0.8483486175537109,0.8557587265968323,0.022522209212183952,0.0,0.0,0.0,0.0,,,,,,,,,,,,
6,,,7529,4.0,0.9914000034332275,0.9041175842285156,0.02091260440647602,0.9240131378173828,0.8860944509506226,0.02091260440647602,0.0,0.0,0.0,0.0,,,,,,,,,,,,
6,,,7539,4.0,0.9872999787330627,0.7571597099304199,0.03258213773369789,0.8334868550300598,0.7099791169166565,0.03258213773369789,0.0,0.0,0.0,0.0,,,,,,,,,,,,
6,,,7549,4.0,0.9725499749183655,0.7677372097969055,0.05731475353240967,0.8303999900817871,0.7263258695602417,0.05731475353240967,0.0,0.0,0.0,0.0,,,,,,,,,,,,
6,,,7559,4.0,0.9889000058174133,0.868988037109375,0.027490725740790367,0.8706626892089844,0.8673293590545654,0.027490725740790367,0.0,0.0,0.0,0.0,,,,,,,,,,,,
6,,,7569,4.0,0.9829999804496765,0.8029103875160217,0.045504823327064514,0.8751745223999023,0.7549589276313782,0.045504823327064514,0.0,0.0,0.0,0.0,,,,,,,,,,,,
6,,,7579,4.0,0.9886999726295471,0.8852206468582153,0.027484945952892303,0.9418938159942627,0.842047929763794,0.027484945952892303,0.0,0.0,0.0,0.0,,,,,,,,,,,,
6,,,7589,4.0,0.9800000190734863,0.7665775418281555,0.04743193835020065,0.8139535188674927,0.7322324514389038,0.04743193835020065,0.0,0.0,0.0,0.0,,,,,,,,,,,,
6,,,7599,4.0,0.9918000102043152,0.8598719835281372,0.023246370255947113,0.8598719835281372,0.8598719835281372,0.023246370255947113,0.0,0.0,0.0,0.0,,,,,,,,,,,,
6,,,7609,4.0,0.9750999808311462,0.8174507021903992,0.059463318437337875,0.914911687374115,0.7593238949775696,0.059463318437337875,0.0,0.0,0.0,0.0,,,,,,,,,,,,
6,,,7619,4.0,0.9757999777793884,0.7579233050346375,0.05384855344891548,0.8554476499557495,0.7042856216430664,0.05384855344891548,0.0,0.0,0.0,0.0,,,,,,,,,,,,
6,,,7629,4.0,0.9889500141143799,0.8918247222900391,0.02726859785616398,0.8988624811172485,0.8850461840629578,0.02726859785616398,0.0,0.0,0.0,0.0,,,,,,,,,,,,
6,,,7639,4.0,0.9932000041007996,0.6029438376426697,0.01879439316689968,0.6452088356018066,0.580000102519989,0.01879439316689968,0.0,0.0,0.0,0.0,,,,,,,,,,,,
6,,,7649,4.0,0.9842000007629395,0.7317759990692139,0.038974225521087646,0.9443389177322388,0.6591187715530396,0.038974225521087646,0.0,0.0,0.0,0.0,,,,,,,,,,,,
6,,,7659,4.0,0.9832500219345093,0.8326057195663452,0.0370190404355526,0.8052912950515747,0.8657413721084595,0.0370190404355526,0.0,0.0,0.0,0.0,,,,,,,,,,,,
6,,,7669,4.0,0.9864500164985657,0.8004603385925293,0.03960124030709267,0.8301533460617065,0.7758646011352539,0.03960124030709267,0.0,0.0,0.0,0.0,,,,,,,,,,,,
6,,,7679,4.0,0.9754999876022339,0.7048272490501404,0.05026477202773094,0.7777925729751587,0.6635610461235046,0.05026477202773094,0.0,0.0,0.0,0.0,,,,,,,,,,,,
6,,,7689,4.0,0.9936500191688538,0.888337254524231,0.014676379039883614,0.8985555768013,0.8786464929580688,0.014676379039883614,0.0,0.0,0.0,0.0,,,,,,,,,,,,
6,,,7699,4.0,0.9899500012397766,0.8878320455551147,0.02199055254459381,0.885778546333313,0.8899087905883789,0.02199055254459381,0.0,0.0,0.0,0.0,,,,,,,,,,,,
6,,,7709,4.0,0.984749972820282,0.8418947458267212,0.03574109449982643,0.815609872341156,0.87333083152771,0.03574109449982643,0.0,0.0,0.0,0.0,,,,,,,,,,,,
6,,,7719,4.0,0.9850999712944031,0.7690787315368652,0.03158632665872574,0.7707023620605469,0.7674754858016968,0.03158632665872574,0.0,0.0,0.0,0.0,,,,,,,,,,,,
6,,,7729,4.0,0.9857000112533569,0.8935662508010864,0.037127893418073654,0.9205008745193481,0.870123028755188,0.037127893418073654,0.0,0.0,0.0,0.0,,,,,,,,,,,,
6,,,7739,4.0,0.9733999967575073,0.7239508032798767,0.053120117634534836,0.8365808725357056,0.6701419353485107,0.053120117634534836,0.0,0.0,0.0,0.0,,,,,,,,,,,,
6,,,7749,4.0,0.989300012588501,0.7400853633880615,0.027013247832655907,0.8303058743476868,0.6892992258071899,0.027013247832655907,0.0,0.0,0.0,0.0,,,,,,,,,,,,
6,,,7759,4.0,0.9905499815940857,0.7752591371536255,0.02404458075761795,0.755669355392456,0.7982179522514343,0.02404458075761795,0.0,0.0,0.0,0.0,,,,,,,,,,,,
6,,,7769,4.0,0.9904000163078308,0.7152264714241028,0.020645026117563248,0.7521253228187561,0.6879510879516602,0.020645026117563248,0.0,0.0,0.0,0.0,,,,,,,,,,,,
6,,,7779,4.0,0.9848999977111816,0.7995364665985107,0.035296037793159485,0.8700928688049316,0.7523967027664185,0.035296037793159485,0.0,0.0,0.0,0.0,,,,,,,,,,,,
6,,,7789,4.0,0.9846000075340271,0.8817723989486694,0.035949546843767166,0.8732383251190186,0.8907421827316284,0.035949546843767166,0.0,0.0,0.0,0.0,,,,,,,,,,,,
6,,,7799,4.0,0.9844499826431274,0.8218916058540344,0.03306595981121063,0.8658185005187988,0.7878292798995972,0.03306595981121063,0.0,0.0,0.0,0.0,,,,,,,,,,,,
6,,,7809,4.0,0.9929500222206116,0.7032478451728821,0.020165326073765755,0.7727445960044861,0.6623257398605347,0.020165326073765755,0.0,0.0,0.0,0.0,,,,,,,,,,,,
6,,,7819,4.0,0.9767500162124634,0.7101832032203674,0.0600544810295105,0.8526320457458496,0.6521884799003601,0.0600544810295105,0.0,0.0,0.0,0.0,,,,,,,,,,,,
6,,,7829,4.0,0.9886999726295471,0.6179591417312622,0.027716590091586113,0.8220834732055664,0.573593258857727,0.027716590091586113,0.0,0.0,0.0,0.0,,,,,,,,,,,,
6,,,7839,4.0,0.9890499711036682,0.8676176071166992,0.027547672390937805,0.8732403516769409,0.862170398235321,0.027547672390937805,0.0,0.0,0.0,0.0,,,,,,,,,,,,
6,,,7849,4.0,0.9896500110626221,0.782204270362854,0.026086797937750816,0.8893908262252808,0.7221876382827759,0.026086797937750816,0.0,0.0,0.0,0.0,,,,,,,,,,,,
6,,,7859,4.0,0.991349995136261,0.7971178889274597,0.02000899612903595,0.8475660681724548,0.7597414255142212,0.02000899612903595,0.0,0.0,0.0,0.0,,,,,,,,,,,,
6,,,7869,4.0,0.9802500009536743,0.5388883948326111,0.04793397709727287,0.8296221494674683,0.5232271552085876,0.04793397709727287,0.0,0.0,0.0,0.0,,,,,,,,,,,,
6,,,7879,4.0,0.9926999807357788,0.67798912525177,0.015557873994112015,0.6988444924354553,0.6611637473106384,0.015557873994112015,0.0,0.0,0.0,0.0,,,,,,,,,,,,
6,,,7889,4.0,0.9783999919891357,0.8113850355148315,0.06212477385997772,0.8597681522369385,0.7751963138580322,0.06212477385997772,0.0,0.0,0.0,0.0,,,,,,,,,,,,
6,,,7899,4.0,0.9838500022888184,0.8328932523727417,0.04081535339355469,0.8971782326698303,0.787368655204773,0.04081535339355469,0.0,0.0,0.0,0.0,,,,,,,,,,,,
6,,,7909,4.0,0.9787999987602234,0.7646400332450867,0.050422362983226776,0.7899678945541382,0.743622899055481,0.050422362983226776,0.0,0.0,0.0,0.0,,,,,,,,,,,,
6,,,7919,4.0,0.9879999756813049,0.7705446481704712,0.037232737988233566,0.8408166766166687,0.724911093711853,0.037232737988233566,0.0,0.0,0.0,0.0,,,,,,,,,,,,
6,,,7929,4.0,0.9785000085830688,0.7188770771026611,0.04947529733181,0.8053547739982605,0.6719838976860046,0.04947529733181,0.0,0.0,0.0,0.0,,,,,,,,,,,,
6,,,7939,4.0,0.9868000149726868,0.7239323258399963,0.027429385110735893,0.8341628909111023,0.6694861650466919,0.027429385110735893,0.0,0.0,0.0,0.0,,,,,,,,,,,,
6,,,7949,4.0,0.9829999804496765,0.8328008651733398,0.03947058692574501,0.8575829863548279,0.8114273548126221,0.03947058692574501,0.0,0.0,0.0,0.0,,,,,,,,,,,,
6,,,7959,4.0,0.9787999987602234,0.8634506464004517,0.06149815768003464,0.9152156114578247,0.824114978313446,0.06149815768003464,0.0,0.0,0.0,0.0,,,,,,,,,,,,
6,,,7969,4.0,0.9869499802589417,0.7911731004714966,0.026473239064216614,0.8575910329818726,0.7462015151977539,0.026473239064216614,0.0,0.0,0.0,0.0,,,,,,,,,,,,
6,,,7979,4.0,0.9773499965667725,0.8286876082420349,0.07136482000350952,0.9565576314926147,0.7596865296363831,0.07136482000350952,0.0,0.0,0.0,0.0,,,,,,,,,,,,
6,,,7989,4.0,0.9855499863624573,0.8937005996704102,0.03299744427204132,0.9050856828689575,0.882990300655365,0.03299744427204132,0.0,0.0,0.0,0.0,,,,,,,,,,,,
6,,,7999,4.0,0.9739000201225281,0.8083920478820801,0.06140706688165665,0.8311381340026855,0.7888299226760864,0.06140706688165665,0.0,0.0,0.0,0.0,,,,,,,,,,,,
6,,,8009,4.0,0.9848499894142151,0.841683030128479,0.03260735049843788,0.8783711194992065,0.8118249177932739,0.03260735049843788,0.0,0.0,0.0,0.0,,,,,,,,,,,,
6,,,8019,4.0,0.9849500060081482,0.8584374189376831,0.03314238414168358,0.867942750453949,0.8494430780410767,0.03314238414168358,0.0,0.0,0.0,0.0,,,,,,,,,,,,
6,,,8029,4.0,0.9914000034332275,0.7795544862747192,0.01857764460146427,0.9135181307792664,0.7120864391326904,0.01857764460146427,0.0,0.0,0.0,0.0,,,,,,,,,,,,
6,,,8039,4.0,0.9898499846458435,0.823325514793396,0.022932030260562897,0.8184845447540283,0.8283218741416931,0.022932030260562897,0.0,0.0,0.0,0.0,,,,,,,,,,,,
6,,,8049,4.0,0.9921500086784363,0.8461742401123047,0.029093371704220772,0.8902817964553833,0.8112571239471436,0.029093371704220772,0.0,0.0,0.0,0.0,,,,,,,,,,,,
6,,,8059,4.0,0.9818000197410583,0.858656644821167,0.042979467660188675,0.9089582562446594,0.8201212286949158,0.042979467660188675,0.0,0.0,0.0,0.0,,,,,,,,,,,,
6,,,8069,4.0,0.971750020980835,0.8159705400466919,0.05893179401755333,0.8091332316398621,0.8231551051139832,0.05893179401755333,0.0,0.0,0.0,0.0,,,,,,,,,,,,
6,,,8079,4.0,0.9940500259399414,0.8439525961875916,0.014922313392162323,0.8616470098495483,0.8279451727867126,0.014922313392162323,0.0,0.0,0.0,0.0,,,,,,,,,,,,
6,,,8089,4.0,0.9835500121116638,0.9058486223220825,0.040290746837854385,0.9018830060958862,0.9099027514457703,0.040290746837854385,0.0,0.0,0.0,0.0,,,,,,,,,,,,
6,,,8099,4.0,0.9836500287055969,0.8350389003753662,0.04239802062511444,0.8530164957046509,0.8189107179641724,0.04239802062511444,0.0,0.0,0.0,0.0,,,,,,,,,,,,
6,,,8109,4.0,0.989799976348877,0.825114369392395,0.04056869074702263,0.9444743394851685,0.757418155670166,0.04056869074702263,0.0,0.0,0.0,0.0,,,,,,,,,,,,
6,,,8119,4.0,0.9902499914169312,0.8626629114151001,0.028960924595594406,0.8733201622962952,0.8526225090026855,0.028960924595594406,0.0,0.0,0.0,0.0,,,,,,,,,,,,
6,,,8129,4.0,0.9823499917984009,0.6208003163337708,0.037582188844680786,0.8388489484786987,0.5757620334625244,0.037582188844680786,0.0,0.0,0.0,0.0,,,,,,,,,,,,
6,,,8139,4.0,0.9877499938011169,0.8722418546676636,0.03620300441980362,0.8997031450271606,0.8485010266304016,0.03620300441980362,0.0,0.0,0.0,0.0,,,,,,,,,,,,
6,,,8149,4.0,0.9886000156402588,0.8712561130523682,0.02770349383354187,0.9113833904266357,0.8385924100875854,0.02770349383354187,0.0,0.0,0.0,0.0,,,,,,,,,,,,
6,,,8159,4.0,0.9833499789237976,0.792948842048645,0.03676377609372139,0.8168541193008423,0.7725667953491211,0.03676377609372139,0.0,0.0,0.0,0.0,,,,,,,,,,,,
6,,,8169,4.0,0.9753000140190125,0.8536757230758667,0.05790374055504799,0.8611053228378296,0.8465806841850281,0.05790374055504799,0.0,0.0,0.0,0.0,,,,,,,,,,,,
6,,,8179,4.0,0.9889000058174133,0.857017457485199,0.02571185678243637,0.9286062717437744,0.8066493272781372,0.02571185678243637,0.0,0.0,0.0,0.0,,,,,,,,,,,,
6,,,8189,4.0,0.9889000058174133,0.7483147978782654,0.03521721810102463,0.7725534439086914,0.7281497120857239,0.03521721810102463,0.0,0.0,0.0,0.0,,,,,,,,,,,,
6,,,8199,4.0,0.9815999865531921,0.8341439962387085,0.04119828715920448,0.8231863379478455,0.8459351658821106,0.04119828715920448,0.0,0.0,0.0,0.0,,,,,,,,,,,,
6,,,8209,4.0,0.9824000000953674,0.8458068370819092,0.04162992909550667,0.7962284088134766,0.9175939559936523,0.04162992909550667,0.0,0.0,0.0,0.0,,,,,,,,,,,,
6,,,8219,4.0,0.9904500246047974,0.8279514312744141,0.03025149181485176,0.8687847852706909,0.7954991459846497,0.03025149181485176,0.0,0.0,0.0,0.0,,,,,,,,,,,,
6,,,8229,4.0,0.9843500256538391,0.6679480075836182,0.03459816426038742,0.7726656198501587,0.622590184211731,0.03459816426038742,0.0,0.0,0.0,0.0,,,,,,,,,,,,
6,,,8239,4.0,0.989300012588501,0.6333596110343933,0.03264925256371498,0.7810981273651123,0.5885272026062012,0.03264925256371498,0.0,0.0,0.0,0.0,,,,,,,,,,,,
6,,,8249,4.0,0.9889000058174133,0.6414339542388916,0.024421727284789085,0.6108080744743347,0.6969960331916809,0.024421727284789085,0.0,0.0,0.0,0.0,,,,,,,,,,,,
6,,,8259,4.0,0.9847999811172485,0.6859487891197205,0.04245739057660103,0.7382558584213257,0.6530312299728394,0.04245739057660103,0.0,0.0,0.0,0.0,,,,,,,,,,,,
6,,,8269,4.0,0.9850999712944031,0.8396715521812439,0.03063945099711418,0.9425299167633057,0.7771081924438477,0.03063945099711418,0.0,0.0,0.0,0.0,,,,,,,,,,,,
6,,,8279,4.0,0.9775999784469604,0.7523666620254517,0.05563157796859741,0.8254239559173584,0.7073253393173218,0.05563157796859741,0.0,0.0,0.0,0.0,,,,,,,,,,,,
6,,,8289,4.0,0.9742000102996826,0.6350984573364258,0.07316397875547409,0.7270247936248779,0.5980919003486633,0.07316397875547409,0.0,0.0,0.0,0.0,,,,,,,,,,,,
6,,,8299,4.0,0.9868999719619751,0.7398199439048767,0.02804078720510006,0.790791392326355,0.7044839262962341,0.02804078720510006,0.0,0.0,0.0,0.0,,,,,,,,,,,,
6,,,8309,4.0,0.9920499920845032,0.7936228513717651,0.024084661155939102,0.8679695129394531,0.744714617729187,0.024084661155939102,0.0,0.0,0.0,0.0,,,,,,,,,,,,
6,,,8319,4.0,0.9819499850273132,0.8059754371643066,0.03758624568581581,0.8634438514709473,0.7649571895599365,0.03758624568581581,0.0,0.0,0.0,0.0,,,,,,,,,,,,
6,,,8329,4.0,0.9739500284194946,0.7159081697463989,0.056230511516332626,0.8671143651008606,0.6558844447135925,0.056230511516332626,0.0,0.0,0.0,0.0,,,,,,,,,,,,
6,,,8339,4.0,0.9805499911308289,0.853097677230835,0.0490325391292572,0.8533462285995483,0.8528494834899902,0.0490325391292572,0.0,0.0,0.0,0.0,,,,,,,,,,,,
6,,,8349,4.0,0.9852499961853027,0.8687177896499634,0.03542659804224968,0.885244607925415,0.8536430597305298,0.03542659804224968,0.0,0.0,0.0,0.0,,,,,,,,,,,,
6,,,8359,4.0,0.9753000140190125,0.7632445096969604,0.055095817893743515,0.8125945329666138,0.7281609177589417,0.055095817893743515,0.0,0.0,0.0,0.0,,,,,,,,,,,,
6,,,8369,4.0,0.9829000234603882,0.7365623712539673,0.04292424023151398,0.8008204102516174,0.6957032084465027,0.04292424023151398,0.0,0.0,0.0,0.0,,,,,,,,,,,,
6,,,8379,4.0,0.9864500164985657,0.8070403337478638,0.03032495081424713,0.8815345764160156,0.7576853036880493,0.03032495081424713,0.0,0.0,0.0,0.0,,,,,,,,,,,,
6,,,8389,4.0,0.9878000020980835,0.7631931900978088,0.03187897801399231,0.7847884893417358,0.7447446584701538,0.03187897801399231,0.0,0.0,0.0,0.0,,,,,,,,,,,,
6,,,8399,4.0,0.9659000039100647,0.7836886644363403,0.07107017934322357,0.7873755693435669,0.7801069021224976,0.07107017934322357,0.0,0.0,0.0,0.0,,,,,,,,,,,,
6,,,8409,4.0,0.9819499850273132,0.7666261196136475,0.03424370288848877,0.8496869802474976,0.7166100144386292,0.03424370288848877,0.0,0.0,0.0,0.0,,,,,,,,,,,,
6,,,8419,4.0,0.9841499924659729,0.779728889465332,0.04685581102967262,0.8600853681564331,0.729682207107544,0.04685581102967262,0.0,0.0,0.0,0.0,,,,,,,,,,,,
6,,,8429,4.0,0.9955000281333923,0.7620275020599365,0.01495955977588892,0.8769317865371704,0.7012103796005249,0.01495955977588892,0.0,0.0,0.0,0.0,,,,,,,,,,,,
6,,,8439,4.0,0.9902499914169312,0.8261740803718567,0.023429328575730324,0.8766389489173889,0.78797447681427,0.023429328575730324,0.0,0.0,0.0,0.0,,,,,,,,,,,,
6,,,8449,4.0,0.9896000027656555,0.8909953832626343,0.02979002147912979,0.8622506856918335,0.9250478744506836,0.02979002147912979,0.0,0.0,0.0,0.0,,,,,,,,,,,,
6,,,8459,4.0,0.9818500280380249,0.7653331756591797,0.03487735986709595,0.9194327592849731,0.6962972283363342,0.03487735986709595,0.0,0.0,0.0,0.0,,,,,,,,,,,,
6,,,8469,4.0,0.9911500215530396,0.671204149723053,0.03000010922551155,0.8416749238967896,0.6152331829071045,0.03000010922551155,0.0,0.0,0.0,0.0,,,,,,,,,,,,
6,,,8479,4.0,0.9872499704360962,0.9105994701385498,0.034632496535778046,0.8964886665344238,0.9258555173873901,0.034632496535778046,0.0,0.0,0.0,0.0,,,,,,,,,,,,
6,,,8489,4.0,0.9871000051498413,0.7886596918106079,0.03281378000974655,0.9251666069030762,0.7199915647506714,0.03281378000974655,0.0,0.0,0.0,0.0,,,,,,,,,,,,
6,,,8499,4.0,0.9822999835014343,0.8972507119178772,0.04268822446465492,0.8858782649040222,0.9094005227088928,0.04268822446465492,0.0,0.0,0.0,0.0,,,,,,,,,,,,
6,,,8509,4.0,0.9909999966621399,0.8963475227355957,0.024042783305048943,0.9401653409004211,0.8608099818229675,0.024042783305048943,0.0,0.0,0.0,0.0,,,,,,,,,,,,
6,,,8519,4.0,0.975350022315979,0.8009052276611328,0.05199737474322319,0.825425922870636,0.7800952196121216,0.05199737474322319,0.0,0.0,0.0,0.0,,,,,,,,,,,,
6,,,8529,4.0,0.9889500141143799,0.7532764673233032,0.02825765684247017,0.8536139726638794,0.6981457471847534,0.02825765684247017,0.0,0.0,0.0,0.0,,,,,,,,,,,,
6,,,8539,4.0,0.9801499843597412,0.7807881832122803,0.04394020140171051,0.8294597864151001,0.7452795505523682,0.04394020140171051,0.0,0.0,0.0,0.0,,,,,,,,,,,,
6,,,8549,4.0,0.9821500182151794,0.8370230197906494,0.03955928981304169,0.8519272804260254,0.8234143257141113,0.03955928981304169,0.0,0.0,0.0,0.0,,,,,,,,,,,,
6,,,8559,4.0,0.9862499833106995,0.8213344812393188,0.031080307438969612,0.8014615774154663,0.8441842198371887,0.031080307438969612,0.0,0.0,0.0,0.0,,,,,,,,,,,,
6,,,8569,4.0,0.9883999824523926,0.740429699420929,0.02984517253935337,0.8456568717956543,0.685248076915741,0.02984517253935337,0.0,0.0,0.0,0.0,,,,,,,,,,,,
6,,,8579,4.0,0.977400004863739,0.8539142608642578,0.05115261673927307,0.8539142608642578,0.8539142608642578,0.05115261673927307,0.0,0.0,0.0,0.0,,,,,,,,,,,,
6,,,8589,4.0,0.9850999712944031,0.867936372756958,0.033882785588502884,0.9107694625854492,0.833678126335144,0.033882785588502884,0.0,0.0,0.0,0.0,,,,,,,,,,,,
6,,,8599,4.0,0.9882500171661377,0.8229379653930664,0.02380400337278843,0.9330822229385376,0.7586421966552734,0.02380400337278843,0.0,0.0,0.0,0.0,,,,,,,,,,,,
6,,,8609,4.0,0.9857500195503235,0.8617796897888184,0.030648978427052498,0.8385682702064514,0.8886792063713074,0.030648978427052498,0.0,0.0,0.0,0.0,,,,,,,,,,,,
6,,,8619,4.0,0.9802500009536743,0.7041082978248596,0.061687171459198,0.7756276726722717,0.6631032824516296,0.061687171459198,0.0,0.0,0.0,0.0,,,,,,,,,,,,
6,,,8629,4.0,0.9831500053405762,0.8903651237487793,0.042461689561605453,0.8846186399459839,0.8963046073913574,0.042461689561605453,0.0,0.0,0.0,0.0,,,,,,,,,,,,
6,,,8639,4.0,0.9823499917984009,0.7513846158981323,0.04639018699526787,0.8583964109420776,0.6950676441192627,0.04639018699526787,0.0,0.0,0.0,0.0,,,,,,,,,,,,
6,,,8649,4.0,0.9882500171661377,0.8442090749740601,0.025905245915055275,0.7953367233276367,0.9138461351394653,0.025905245915055275,0.0,0.0,0.0,0.0,,,,,,,,,,,,
6,,,8659,4.0,0.9832500219345093,0.6614280939102173,0.03758860379457474,0.777396559715271,0.6152979731559753,0.03758860379457474,0.0,0.0,0.0,0.0,,,,,,,,,,,,
,9.8807879715968e-05,0.00098807879715968,8666,,,,,,,,,,,,,,,,,,,,,,,
7,,,8669,4.0,0.9843000173568726,0.788875162601471,0.034028686583042145,0.8372052907943726,0.7531538009643555,0.034028686583042145,0.0,0.0,0.0,0.0,,,,,,,,,,,,
7,,,8679,4.0,0.9840499758720398,0.8267751932144165,0.035158757120370865,0.8552175760269165,0.8027782440185547,0.035158757120370865,0.0,0.0,0.0,0.0,,,,,,,,,,,,
7,,,8689,4.0,0.9929500222206116,0.8224091529846191,0.018213653936982155,0.9331687092781067,0.7574554681777954,0.018213653936982155,0.0,0.0,0.0,0.0,,,,,,,,,,,,
7,,,8699,4.0,0.9886999726295471,0.7556885480880737,0.02646370604634285,0.744357168674469,0.7681654691696167,0.02646370604634285,0.0,0.0,0.0,0.0,,,,,,,,,,,,
7,,,8709,4.0,0.9825000166893005,0.8337658643722534,0.03731575235724449,0.8325709104537964,0.8349700570106506,0.03731575235724449,0.0,0.0,0.0,0.0,,,,,,,,,,,,
7,,,8719,4.0,0.9890000224113464,0.8773596882820129,0.028562597930431366,0.9406396150588989,0.8306450247764587,0.028562597930431366,0.0,0.0,0.0,0.0,,,,,,,,,,,,
7,,,8729,4.0,0.9749500155448914,0.7785282135009766,0.05909855291247368,0.8286583423614502,0.7425174713134766,0.05909855291247368,0.0,0.0,0.0,0.0,,,,,,,,,,,,
7,,,8739,4.0,0.9832500219345093,0.8393014073371887,0.03856991231441498,0.8783961534500122,0.8079511523246765,0.03856991231441498,0.0,0.0,0.0,0.0,,,,,,,,,,,,
7,,,8749,4.0,0.9843500256538391,0.8652232885360718,0.036780133843421936,0.8480990529060364,0.8842728734016418,0.036780133843421936,0.0,0.0,0.0,0.0,,,,,,,,,,,,
7,,,8759,4.0,0.9832000136375427,0.816594660282135,0.04430670663714409,0.9032055735588074,0.7618741989135742,0.04430670663714409,0.0,0.0,0.0,0.0,,,,,,,,,,,,
7,,,8769,4.0,0.9909999966621399,0.8375755548477173,0.02394058182835579,0.8715723752975464,0.8094499707221985,0.02394058182835579,0.0,0.0,0.0,0.0,,,,,,,,,,,,
7,,,8779,4.0,0.9725000262260437,0.781680166721344,0.059775616973638535,0.8212178945541382,0.7514716386795044,0.059775616973638535,0.0,0.0,0.0,0.0,,,,,,,,,,,,
7,,,8789,4.0,0.9844499826431274,0.8052340745925903,0.04151640087366104,0.9105935096740723,0.7443311214447021,0.04151640087366104,0.0,0.0,0.0,0.0,,,,,,,,,,,,
7,,,8799,4.0,0.9958000183105469,0.7547594308853149,0.013275939971208572,0.8084291219711304,0.7171433568000793,0.013275939971208572,0.0,0.0,0.0,0.0,,,,,,,,,,,,
7,,,8809,4.0,0.9879999756813049,0.8533952832221985,0.030189374461770058,0.8860764503479004,0.826045036315918,0.030189374461770058,0.0,0.0,0.0,0.0,,,,,,,,,,,,
7,,,8819,4.0,0.9930499792098999,0.8222957849502563,0.014948509633541107,0.8533607721328735,0.7963602542877197,0.014948509633541107,0.0,0.0,0.0,0.0,,,,,,,,,,,,
7,,,8829,4.0,0.9873499870300293,0.8392384648323059,0.03128242865204811,0.8745865821838379,0.8102505207061768,0.03128242865204811,0.0,0.0,0.0,0.0,,,,,,,,,,,,
7,,,8839,4.0,0.989799976348877,0.8112832307815552,0.0334659107029438,0.9192759990692139,0.7484867572784424,0.0334659107029438,0.0,0.0,0.0,0.0,,,,,,,,,,,,
7,,,8849,4.0,0.980400025844574,0.7469000220298767,0.04372956603765488,0.7298775315284729,0.7668477296829224,0.04372956603765488,0.0,0.0,0.0,0.0,,,,,,,,,,,,
7,,,8859,4.0,0.9856500029563904,0.7799116373062134,0.030998440459370613,0.7595915198326111,0.8038809299468994,0.030998440459370613,0.0,0.0,0.0,0.0,,,,,,,,,,,,
7,,,8869,4.0,0.9948999881744385,0.49872174859046936,0.020976940169930458,0.49744999408721924,0.5,0.020976940169930458,0.0,0.0,0.0,0.0,,,,,,,,,,,,
7,,,8879,4.0,0.9901999831199646,0.8972840905189514,0.02770354598760605,0.9138234853744507,0.8820855021476746,0.02770354598760605,0.0,0.0,0.0,0.0,,,,,,,,,,,,
7,,,8889,4.0,0.9843999743461609,0.6627205014228821,0.03705945238471031,0.8053333759307861,0.6125071048736572,0.03705945238471031,0.0,0.0,0.0,0.0,,,,,,,,,,,,
7,,,8899,4.0,0.9844499826431274,0.8575317859649658,0.03687995299696922,0.8996509313583374,0.8239153623580933,0.03687995299696922,0.0,0.0,0.0,0.0,,,,,,,,,,,,
7,,,8909,4.0,0.9894000291824341,0.8119968771934509,0.028910385444760323,0.93430095911026,0.744594931602478,0.028910385444760323,0.0,0.0,0.0,0.0,,,,,,,,,,,,
7,,,8919,4.0,0.977400004863739,0.7920408248901367,0.06648116558790207,0.872112512588501,0.7418017387390137,0.06648116558790207,0.0,0.0,0.0,0.0,,,,,,,,,,,,
7,,,8929,4.0,0.9929999709129333,0.8630918860435486,0.022019611671566963,0.8898893594741821,0.8398369550704956,0.022019611671566963,0.0,0.0,0.0,0.0,,,,,,,,,,,,
7,,,8939,4.0,0.9698500037193298,0.747300386428833,0.06441789865493774,0.8205550312995911,0.7029924392700195,0.06441789865493774,0.0,0.0,0.0,0.0,,,,,,,,,,,,
7,,,8949,4.0,0.9828500151634216,0.7782624959945679,0.03582296147942543,0.7772297859191895,0.7793033123016357,0.03582296147942543,0.0,0.0,0.0,0.0,,,,,,,,,,,,
7,,,8959,4.0,0.983299970626831,0.7794215679168701,0.038769930601119995,0.8331649303436279,0.7412155866622925,0.038769930601119995,0.0,0.0,0.0,0.0,,,,,,,,,,,,
7,,,8969,4.0,0.9869499802589417,0.7788248062133789,0.03371548280119896,0.8671134114265442,0.7256730794906616,0.03371548280119896,0.0,0.0,0.0,0.0,,,,,,,,,,,,
7,,,8979,4.0,0.9801499843597412,0.8165486454963684,0.04875853285193443,0.8179365396499634,0.8151737451553345,0.04875853285193443,0.0,0.0,0.0,0.0,,,,,,,,,,,,
7,,,8989,4.0,0.9890999794006348,0.7756963968276978,0.029380161315202713,0.8271791934967041,0.7385755777359009,0.029380161315202713,0.0,0.0,0.0,0.0,,,,,,,,,,,,
7,,,8999,4.0,0.9864500164985657,0.7740642428398132,0.03134046494960785,0.8109400868415833,0.7452826499938965,0.03134046494960785,0.0,0.0,0.0,0.0,,,,,,,,,,,,
7,,,9009,4.0,0.9942499995231628,0.8613157868385315,0.014398866333067417,0.8709577918052673,0.8521742820739746,0.014398866333067417,0.0,0.0,0.0,0.0,,,,,,,,,,,,
7,,,9019,4.0,0.9814000129699707,0.7411649227142334,0.045054659247398376,0.8552078008651733,0.6842082738876343,0.045054659247398376,0.0,0.0,0.0,0.0,,,,,,,,,,,,
7,,,9029,4.0,0.9891999959945679,0.8290316462516785,0.024859152734279633,0.8564223051071167,0.8056919574737549,0.024859152734279633,0.0,0.0,0.0,0.0,,,,,,,,,,,,
7,,,9039,4.0,0.9848499894142151,0.8041210770606995,0.03601660951972008,0.9182308912277222,0.7404479384422302,0.03601660951972008,0.0,0.0,0.0,0.0,,,,,,,,,,,,
7,,,9049,4.0,0.9857000112533569,0.7315612435340881,0.03728904575109482,0.8652428388595581,0.6709660291671753,0.03728904575109482,0.0,0.0,0.0,0.0,,,,,,,,,,,,
7,,,9059,4.0,0.9865999817848206,0.9056127071380615,0.030947668477892876,0.9137254953384399,0.8978396654129028,0.030947668477892876,0.0,0.0,0.0,0.0,,,,,,,,,,,,
7,,,9069,4.0,0.9853500127792358,0.7772916555404663,0.03361346945166588,0.8937768936157227,0.7153887748718262,0.03361346945166588,0.0,0.0,0.0,0.0,,,,,,,,,,,,
7,,,9079,4.0,0.9853500127792358,0.8292086124420166,0.03369443118572235,0.8122124671936035,0.8482916355133057,0.03369443118572235,0.0,0.0,0.0,0.0,,,,,,,,,,,,
7,,,9089,4.0,0.9726999998092651,0.7959603071212769,0.08167764544487,0.9032212495803833,0.7363874316215515,0.08167764544487,0.0,0.0,0.0,0.0,,,,,,,,,,,,
7,,,9099,4.0,0.9833499789237976,0.7857911586761475,0.033966440707445145,0.7792448997497559,0.7926707863807678,0.033966440707445145,0.0,0.0,0.0,0.0,,,,,,,,,,,,
7,,,9109,4.0,0.9696000218391418,0.7582985162734985,0.0587104968726635,0.8173093795776367,0.7190964221954346,0.0587104968726635,0.0,0.0,0.0,0.0,,,,,,,,,,,,
7,,,9119,4.0,0.9746000170707703,0.6736221313476562,0.055542901158332825,0.934501051902771,0.6123371124267578,0.055542901158332825,0.0,0.0,0.0,0.0,,,,,,,,,,,,
7,,,9129,4.0,0.9834499955177307,0.8198860883712769,0.03545242175459862,0.8575793504714966,0.7897544503211975,0.03545242175459862,0.0,0.0,0.0,0.0,,,,,,,,,,,,
7,,,9139,4.0,0.9884499907493591,0.8179954290390015,0.028590645641088486,0.8966040015220642,0.7661417126655579,0.028590645641088486,0.0,0.0,0.0,0.0,,,,,,,,,,,,
7,,,9149,4.0,0.9957500100135803,0.6476945877075195,0.015014911070466042,0.6861217021942139,0.6225349307060242,0.015014911070466042,0.0,0.0,0.0,0.0,,,,,,,,,,,,
7,,,9159,4.0,0.9764000177383423,0.7450116276741028,0.0674096941947937,0.8015862703323364,0.7072370052337646,0.0674096941947937,0.0,0.0,0.0,0.0,,,,,,,,,,,,
7,,,9169,4.0,0.9957000017166138,0.8610960245132446,0.015793347731232643,0.9295865297317505,0.8117005825042725,0.015793347731232643,0.0,0.0,0.0,0.0,,,,,,,,,,,,
7,,,9179,4.0,0.9889000058174133,0.8522622585296631,0.029457034543156624,0.8303489685058594,0.8774651288986206,0.029457034543156624,0.0,0.0,0.0,0.0,,,,,,,,,,,,
7,,,9189,4.0,0.9849500060081482,0.7952311038970947,0.03764515742659569,0.8304732441902161,0.7670712471008301,0.03764515742659569,0.0,0.0,0.0,0.0,,,,,,,,,,,,
7,,,9199,4.0,0.986050009727478,0.7213197946548462,0.03935237228870392,0.7175111174583435,0.7252702713012695,0.03935237228870392,0.0,0.0,0.0,0.0,,,,,,,,,,,,
7,,,9209,4.0,0.9758999943733215,0.7552050352096558,0.05222894251346588,0.8529103398323059,0.7017509341239929,0.05222894251346588,0.0,0.0,0.0,0.0,,,,,,,,,,,,
7,,,9219,4.0,0.986549973487854,0.8074064254760742,0.03182493522763252,0.7940371036529541,0.8221186399459839,0.03182493522763252,0.0,0.0,0.0,0.0,,,,,,,,,,,,
7,,,9229,4.0,0.9878000020980835,0.7131959199905396,0.029335997998714447,0.8319469690322876,0.6581048965454102,0.029335997998714447,0.0,0.0,0.0,0.0,,,,,,,,,,,,
7,,,9239,4.0,0.9901000261306763,0.837291955947876,0.023938825353980064,0.8053388595581055,0.8770886063575745,0.023938825353980064,0.0,0.0,0.0,0.0,,,,,,,,,,,,
7,,,9249,4.0,0.9880499839782715,0.8763513565063477,0.031052658334374428,0.8789612650871277,0.873779296875,0.031052658334374428,0.0,0.0,0.0,0.0,,,,,,,,,,,,
7,,,9259,4.0,0.9909999966621399,0.91914963722229,0.021404681727290154,0.9278576970100403,0.9108117818832397,0.021404681727290154,0.0,0.0,0.0,0.0,,,,,,,,,,,,
7,,,9269,4.0,0.9818000197410583,0.8280433416366577,0.04657331854104996,0.8925753235816956,0.7826898097991943,0.04657331854104996,0.0,0.0,0.0,0.0,,,,,,,,,,,,
7,,,9279,4.0,0.9899500012397766,0.7143664360046387,0.03596553951501846,0.8522083759307861,0.6550857424736023,0.03596553951501846,0.0,0.0,0.0,0.0,,,,,,,,,,,,
7,,,9289,4.0,0.9883000254631042,0.8870326280593872,0.030726144090294838,0.8794122934341431,0.8949869871139526,0.030726144090294838,0.0,0.0,0.0,0.0,,,,,,,,,,,,
7,,,9299,4.0,0.9898999929428101,0.7679014801979065,0.024998795241117477,0.8503092527389526,0.71750807762146,0.024998795241117477,0.0,0.0,0.0,0.0,,,,,,,,,,,,
7,,,9309,4.0,0.9909999966621399,0.895889163017273,0.021750111132860184,0.9094957113265991,0.8832014799118042,0.021750111132860184,0.0,0.0,0.0,0.0,,,,,,,,,,,,
7,,,9319,4.0,0.9793499708175659,0.8515396118164062,0.04882122948765755,0.9048155546188354,0.8115664720535278,0.04882122948765755,0.0,0.0,0.0,0.0,,,,,,,,,,,,
7,,,9329,4.0,0.9793499708175659,0.7456329464912415,0.04518185928463936,0.763439416885376,0.7302121520042419,0.04518185928463936,0.0,0.0,0.0,0.0,,,,,,,,,,,,
7,,,9339,4.0,0.972350001335144,0.7799994349479675,0.06295745819807053,0.8373064994812012,0.7404882907867432,0.06295745819807053,0.0,0.0,0.0,0.0,,,,,,,,,,,,
7,,,9349,4.0,0.9672499895095825,0.7741727828979492,0.07710327953100204,0.8862758874893188,0.7156757116317749,0.07710327953100204,0.0,0.0,0.0,0.0,,,,,,,,,,,,
7,,,9359,4.0,0.9840499758720398,0.6454171538352966,0.0405241884291172,0.6980465054512024,0.6155443787574768,0.0405241884291172,0.0,0.0,0.0,0.0,,,,,,,,,,,,
7,,,9369,4.0,0.9822499752044678,0.6756802201271057,0.039953459054231644,0.8234679698944092,0.6224610805511475,0.039953459054231644,0.0,0.0,0.0,0.0,,,,,,,,,,,,
7,,,9379,4.0,0.9690999984741211,0.7362397313117981,0.09824520349502563,0.7310630083084106,0.7416795492172241,0.09824520349502563,0.0,0.0,0.0,0.0,,,,,,,,,,,,
7,,,9389,4.0,0.9917500019073486,0.8880444765090942,0.021500328555703163,0.9303803443908691,0.8535728454589844,0.021500328555703163,0.0,0.0,0.0,0.0,,,,,,,,,,,,
7,,,9399,4.0,0.9905999898910522,0.8372055292129517,0.028665006160736084,0.8751856684684753,0.8064233064651489,0.028665006160736084,0.0,0.0,0.0,0.0,,,,,,,,,,,,
7,,,9409,4.0,0.9719499945640564,0.7950551509857178,0.06923191994428635,0.9338114857673645,0.727096676826477,0.06923191994428635,0.0,0.0,0.0,0.0,,,,,,,,,,,,
7,,,9419,4.0,0.9894000291824341,0.8321977257728577,0.024501297622919083,0.8941694498062134,0.7875773906707764,0.024501297622919083,0.0,0.0,0.0,0.0,,,,,,,,,,,,
7,,,9429,4.0,0.991100013256073,0.7963926792144775,0.020534347742795944,0.7488346099853516,0.8674569129943848,0.020534347742795944,0.0,0.0,0.0,0.0,,,,,,,,,,,,
7,,,9439,4.0,0.9912499785423279,0.7396817207336426,0.027957219630479813,0.9230389595031738,0.6683700084686279,0.027957219630479813,0.0,0.0,0.0,0.0,,,,,,,,,,,,
7,,,9449,4.0,0.9911500215530396,0.891752302646637,0.023916048929095268,0.8885656595230103,0.8949943780899048,0.023916048929095268,0.0,0.0,0.0,0.0,,,,,,,,,,,,
7,,,9459,4.0,0.98089998960495,0.8410400152206421,0.04730051010847092,0.8916852474212646,0.8027313947677612,0.04730051010847092,0.0,0.0,0.0,0.0,,,,,,,,,,,,
7,,,9469,4.0,0.9828000068664551,0.842278242111206,0.043507158756256104,0.8815264701843262,0.8107942938804626,0.043507158756256104,0.0,0.0,0.0,0.0,,,,,,,,,,,,
7,,,9479,4.0,0.9807999730110168,0.697907567024231,0.04385766759514809,0.7889479398727417,0.6518187522888184,0.04385766759514809,0.0,0.0,0.0,0.0,,,,,,,,,,,,
7,,,9489,4.0,0.9936000108718872,0.803264856338501,0.02041623555123806,0.8942592144012451,0.7468681335449219,0.02041623555123806,0.0,0.0,0.0,0.0,,,,,,,,,,,,
7,,,9499,4.0,0.9767000079154968,0.7682455778121948,0.05271158367395401,0.9438609480857849,0.6955289840698242,0.05271158367395401,0.0,0.0,0.0,0.0,,,,,,,,,,,,
7,,,9509,4.0,0.9919999837875366,0.8994364142417908,0.020888881757855415,0.8956211805343628,0.9033295512199402,0.020888881757855415,0.0,0.0,0.0,0.0,,,,,,,,,,,,
7,,,9519,4.0,0.9854000210762024,0.7859109044075012,0.03771771118044853,0.849798321723938,0.7424325346946716,0.03771771118044853,0.0,0.0,0.0,0.0,,,,,,,,,,,,
7,,,9529,4.0,0.9730499982833862,0.7589186429977417,0.06337611377239227,0.7805898785591125,0.7405973672866821,0.06337611377239227,0.0,0.0,0.0,0.0,,,,,,,,,,,,
7,,,9539,4.0,0.9833999872207642,0.8187780380249023,0.04267321527004242,0.8201106786727905,0.8174571990966797,0.04267321527004242,0.0,0.0,0.0,0.0,,,,,,,,,,,,
7,,,9549,4.0,0.9838500022888184,0.8673509955406189,0.04746438190340996,0.9568545818328857,0.8087464570999146,0.04746438190340996,0.0,0.0,0.0,0.0,,,,,,,,,,,,
7,,,9559,4.0,0.9914500117301941,0.5638417601585388,0.023193225264549255,0.7914000749588013,0.5369158983230591,0.023193225264549255,0.0,0.0,0.0,0.0,,,,,,,,,,,,
7,,,9569,4.0,0.9782000184059143,0.8121078014373779,0.048834700137376785,0.803282618522644,0.8215099573135376,0.048834700137376785,0.0,0.0,0.0,0.0,,,,,,,,,,,,
7,,,9579,4.0,0.98294997215271,0.6593908667564392,0.04853152856230736,0.8660051822662354,0.6040838360786438,0.04853152856230736,0.0,0.0,0.0,0.0,,,,,,,,,,,,
7,,,9589,4.0,0.984499990940094,0.8422549962997437,0.04031497612595558,0.8909927606582642,0.8048768043518066,0.04031497612595558,0.0,0.0,0.0,0.0,,,,,,,,,,,,
7,,,9599,4.0,0.9754999876022339,0.8715393543243408,0.05928574129939079,0.9291765689849854,0.8289465308189392,0.05928574129939079,0.0,0.0,0.0,0.0,,,,,,,,,,,,
7,,,9609,4.0,0.9875500202178955,0.6909586787223816,0.03987128287553787,0.792084813117981,0.6427918076515198,0.03987128287553787,0.0,0.0,0.0,0.0,,,,,,,,,,,,
7,,,9619,4.0,0.9764000177383423,0.7634762525558472,0.05632738023996353,0.8003638386726379,0.7351558208465576,0.05632738023996353,0.0,0.0,0.0,0.0,,,,,,,,,,,,
7,,,9629,4.0,0.9908000230789185,0.8778632879257202,0.02549494244158268,0.9026024341583252,0.8561077117919922,0.02549494244158268,0.0,0.0,0.0,0.0,,,,,,,,,,,,
7,,,9639,4.0,0.981249988079071,0.6149294376373291,0.0404486320912838,0.6649048328399658,0.5890292525291443,0.0404486320912838,0.0,0.0,0.0,0.0,,,,,,,,,,,,
7,,,9649,4.0,0.994949996471405,0.883689284324646,0.012205001898109913,0.855705201625824,0.9165995121002197,0.012205001898109913,0.0,0.0,0.0,0.0,,,,,,,,,,,,
7,,,9659,4.0,0.9876000285148621,0.7859693765640259,0.028267590329051018,0.9153369665145874,0.7193915247917175,0.028267590329051018,0.0,0.0,0.0,0.0,,,,,,,,,,,,
7,,,9669,4.0,0.9869499802589417,0.7624006271362305,0.033213887363672256,0.7666511535644531,0.7582888603210449,0.033213887363672256,0.0,0.0,0.0,0.0,,,,,,,,,,,,
7,,,9679,4.0,0.9908999800682068,0.8513867855072021,0.02051684446632862,0.8536255359649658,0.8491773009300232,0.02051684446632862,0.0,0.0,0.0,0.0,,,,,,,,,,,,
7,,,9689,4.0,0.9899500012397766,0.7322919368743896,0.023398976773023605,0.743106484413147,0.7224245071411133,0.023398976773023605,0.0,0.0,0.0,0.0,,,,,,,,,,,,
7,,,9699,4.0,0.9745000004768372,0.8213149309158325,0.05526810139417648,0.8643566966056824,0.7881149649620056,0.05526810139417648,0.0,0.0,0.0,0.0,,,,,,,,,,,,
7,,,9709,4.0,0.9924499988555908,0.836419939994812,0.020022040233016014,0.9149608016014099,0.7833867073059082,0.020022040233016014,0.0,0.0,0.0,0.0,,,,,,,,,,,,
7,,,9719,4.0,0.986299991607666,0.8632161617279053,0.032953377813100815,0.8907219171524048,0.8395344018936157,0.032953377813100815,0.0,0.0,0.0,0.0,,,,,,,,,,,,
7,,,9729,4.0,0.984749972820282,0.8169037103652954,0.03276177495718002,0.7812989950180054,0.8636208772659302,0.03276177495718002,0.0,0.0,0.0,0.0,,,,,,,,,,,,
7,,,9739,4.0,0.984000027179718,0.834932267665863,0.03569856286048889,0.8522547483444214,0.8193315267562866,0.03569856286048889,0.0,0.0,0.0,0.0,,,,,,,,,,,,
7,,,9749,4.0,0.9863499999046326,0.8625434637069702,0.029822759330272675,0.8296898007392883,0.9032608270645142,0.029822759330272675,0.0,0.0,0.0,0.0,,,,,,,,,,,,
7,,,9759,4.0,0.9929999709129333,0.7204611301422119,0.02083750069141388,0.7775879502296448,0.6831020712852478,0.02083750069141388,0.0,0.0,0.0,0.0,,,,,,,,,,,,
7,,,9769,4.0,0.9847000241279602,0.7818198204040527,0.03335128352046013,0.8509621024131775,0.7362229228019714,0.03335128352046013,0.0,0.0,0.0,0.0,,,,,,,,,,,,
7,,,9779,4.0,0.9830499887466431,0.9110002517700195,0.03871476277709007,0.8885956406593323,0.9365540742874146,0.03871476277709007,0.0,0.0,0.0,0.0,,,,,,,,,,,,
7,,,9789,4.0,0.9817500114440918,0.7529860734939575,0.0430573895573616,0.8817105293273926,0.6910497546195984,0.0430573895573616,0.0,0.0,0.0,0.0,,,,,,,,,,,,
7,,,9799,4.0,0.9879500269889832,0.8453540802001953,0.036457840353250504,0.8849215507507324,0.8134704232215881,0.036457840353250504,0.0,0.0,0.0,0.0,,,,,,,,,,,,
7,,,9809,4.0,0.9872000217437744,0.7689963579177856,0.031297050416469574,0.8476818799972534,0.720111072063446,0.031297050416469574,0.0,0.0,0.0,0.0,,,,,,,,,,,,
7,,,9819,4.0,0.9900000095367432,0.8273946642875671,0.02923811972141266,0.8921471834182739,0.7815015912055969,0.02923811972141266,0.0,0.0,0.0,0.0,,,,,,,,,,,,
7,,,9829,4.0,0.9786999821662903,0.6822658777236938,0.06257272511720657,0.8925615549087524,0.621575117111206,0.06257272511720657,0.0,0.0,0.0,0.0,,,,,,,,,,,,
7,,,9839,4.0,0.988099992275238,0.7903842926025391,0.03228102996945381,0.8249949216842651,0.7626546621322632,0.03228102996945381,0.0,0.0,0.0,0.0,,,,,,,,,,,,
7,,,9849,4.0,0.9819499850273132,0.8216423988342285,0.036438751965761185,0.9181760549545288,0.7629067301750183,0.036438751965761185,0.0,0.0,0.0,0.0,,,,,,,,,,,,
7,,,9859,4.0,0.9891999959945679,0.8999255895614624,0.025551864877343178,0.9402308464050293,0.8667604923248291,0.025551864877343178,0.0,0.0,0.0,0.0,,,,,,,,,,,,
7,,,9869,4.0,0.9882000088691711,0.9246206283569336,0.028365112841129303,0.8981763124465942,0.9552679657936096,0.028365112841129303,0.0,0.0,0.0,0.0,,,,,,,,,,,,
7,,,9879,4.0,0.9972000122070312,0.7620097398757935,0.012383836321532726,0.9985978603363037,0.6781609058380127,0.012383836321532726,0.0,0.0,0.0,0.0,,,,,,,,,,,,
7,,,9889,4.0,0.9914000034332275,0.5720965266227722,0.02261374145746231,0.6178330183029175,0.5523881316184998,0.02261374145746231,0.0,0.0,0.0,0.0,,,,,,,,,,,,
7,,,9899,4.0,0.9797499775886536,0.5631077289581299,0.06260838359594345,0.8306525945663452,0.5375316143035889,0.06260838359594345,0.0,0.0,0.0,0.0,,,,,,,,,,,,
,9.844486647586725e-05,0.0009844486647586723,9904,,,,,,,,,,,,,,,,,,,,,,,
8,,,9909,4.0,0.9824000000953674,0.8553299903869629,0.038467887789011,0.8483641743659973,0.8626047372817993,0.038467887789011,0.0,0.0,0.0,0.0,,,,,,,,,,,,
8,,,9919,4.0,0.987500011920929,0.8008996248245239,0.036001428961753845,0.8509771823883057,0.7637417316436768,0.036001428961753845,0.0,0.0,0.0,0.0,,,,,,,,,,,,
8,,,9929,4.0,0.9878000020980835,0.8026338815689087,0.02859291061758995,0.8934057950973511,0.7468128204345703,0.02859291061758995,0.0,0.0,0.0,0.0,,,,,,,,,,,,
8,,,9939,4.0,0.9828000068664551,0.5841713547706604,0.0462799072265625,0.726597249507904,0.5535041689872742,0.0462799072265625,0.0,0.0,0.0,0.0,,,,,,,,,,,,
8,,,9949,4.0,0.9884999990463257,0.820697009563446,0.027145996689796448,0.9188342690467834,0.7608170509338379,0.027145996689796448,0.0,0.0,0.0,0.0,,,,,,,,,,,,
8,,,9959,4.0,0.9684500098228455,0.7755699157714844,0.06458842754364014,0.8005688190460205,0.7547777891159058,0.06458842754364014,0.0,0.0,0.0,0.0,,,,,,,,,,,,
8,,,9969,4.0,0.9940000176429749,0.8260730504989624,0.014162550680339336,0.9532578587532043,0.7553272247314453,0.014162550680339336,0.0,0.0,0.0,0.0,,,,,,,,,,,,
8,,,9979,4.0,0.9972000122070312,0.7659645676612854,0.009099779650568962,0.9558155536651611,0.6881600022315979,0.009099779650568962,0.0,0.0,0.0,0.0,,,,,,,,,,,,
8,,,9989,4.0,0.9865999817848206,0.7655662298202515,0.03438761085271835,0.8983138203620911,0.700607180595398,0.03438761085271835,0.0,0.0,0.0,0.0,,,,,,,,,,,,
8,,,9999,4.0,0.9893500208854675,0.7642651796340942,0.02526605874300003,0.7603257894515991,0.7683297991752625,0.02526605874300003,0.0,0.0,0.0,0.0,,,,,,,,,,,,
8,,,10009,4.0,0.9858999848365784,0.8702555894851685,0.03563724085688591,0.9088600873947144,0.8387024402618408,0.03563724085688591,0.0,0.0,0.0,0.0,,,,,,,,,,,,
8,,,10019,4.0,0.9789000153541565,0.7647535800933838,0.04592589661478996,0.8959873914718628,0.7011185884475708,0.04592589661478996,0.0,0.0,0.0,0.0,,,,,,,,,,,,
8,,,10029,4.0,0.9850999712944031,0.8295232057571411,0.03404737263917923,0.9124305844306946,0.7754615545272827,0.03404737263917923,0.0,0.0,0.0,0.0,,,,,,,,,,,,
8,,,10039,4.0,0.9830499887466431,0.8433501124382019,0.042930349707603455,0.8968237638473511,0.8032861948013306,0.042930349707603455,0.0,0.0,0.0,0.0,,,,,,,,,,,,
8,,,10049,4.0,0.9909499883651733,0.8047468662261963,0.024950271472334862,0.8659487962722778,0.7614810466766357,0.024950271472334862,0.0,0.0,0.0,0.0,,,,,,,,,,,,
8,,,10059,4.0,0.9693999886512756,0.830406904220581,0.06349600106477737,0.8147286176681519,0.8479841947555542,0.06349600106477737,0.0,0.0,0.0,0.0,,,,,,,,,,,,
8,,,10069,4.0,0.9749000072479248,0.6718053221702576,0.07611984759569168,0.7356647253036499,0.6364037990570068,0.07611984759569168,0.0,0.0,0.0,0.0,,,,,,,,,,,,
8,,,10079,4.0,0.9944499731063843,0.6495503187179565,0.014743908308446407,0.6828596591949463,0.6266297101974487,0.014743908308446407,0.0,0.0,0.0,0.0,,,,,,,,,,,,
8,,,10089,4.0,0.9912999868392944,0.8435385227203369,0.023783765733242035,0.8388040065765381,0.8484123945236206,0.023783765733242035,0.0,0.0,0.0,0.0,,,,,,,,,,,,
8,,,10099,4.0,0.9944000244140625,0.821373701095581,0.01662149280309677,0.8703244924545288,0.7840332984924316,0.01662149280309677,0.0,0.0,0.0,0.0,,,,,,,,,,,,
8,,,10109,4.0,0.9822499752044678,0.845384955406189,0.03893781453371048,0.8144611120223999,0.8837182521820068,0.03893781453371048,0.0,0.0,0.0,0.0,,,,,,,,,,,,
8,,,10119,4.0,0.9908000230789185,0.528300940990448,0.027829580008983612,0.7098826169967651,0.5162816643714905,0.027829580008983612,0.0,0.0,0.0,0.0,,,,,,,,,,,,
8,,,10129,4.0,0.9771999716758728,0.6311517357826233,0.07144413143396378,0.7378456592559814,0.5924625396728516,0.07144413143396378,0.0,0.0,0.0,0.0,,,,,,,,,,,,
8,,,10139,4.0,0.9902999997138977,0.621590256690979,0.03146202489733696,0.8675081729888916,0.5741406083106995,0.03146202489733696,0.0,0.0,0.0,0.0,,,,,,,,,,,,
8,,,10149,4.0,0.9883999824523926,0.8308594226837158,0.029830995947122574,0.8308594226837158,0.8308594226837158,0.029830995947122574,0.0,0.0,0.0,0.0,,,,,,,,,,,,
8,,,10159,4.0,0.9819999933242798,0.7528273463249207,0.04175681993365288,0.8099046945571899,0.7142080068588257,0.04175681993365288,0.0,0.0,0.0,0.0,,,,,,,,,,,,
8,,,10169,4.0,0.9860000014305115,0.9034016132354736,0.03409295529127121,0.9723721742630005,0.8532205820083618,0.03409295529127121,0.0,0.0,0.0,0.0,,,,,,,,,,,,
8,,,10179,4.0,0.9876499772071838,0.8834192752838135,0.02573319338262081,0.8907528519630432,0.8763736486434937,0.02573319338262081,0.0,0.0,0.0,0.0,,,,,,,,,,,,
8,,,10189,4.0,0.9864500164985657,0.8131928443908691,0.031077634543180466,0.8654522895812988,0.7745014429092407,0.031077634543180466,0.0,0.0,0.0,0.0,,,,,,,,,,,,
8,,,10199,4.0,0.9897000193595886,0.7654141187667847,0.024357296526432037,0.7914480566978455,0.7437673807144165,0.024357296526432037,0.0,0.0,0.0,0.0,,,,,,,,,,,,
8,,,10209,4.0,0.9890499711036682,0.8263911008834839,0.02723698690533638,0.8743077516555786,0.7897051572799683,0.02723698690533638,0.0,0.0,0.0,0.0,,,,,,,,,,,,
8,,,10219,4.0,0.98089998960495,0.8155832290649414,0.04605880752205849,0.8426741361618042,0.7927122116088867,0.04605880752205849,0.0,0.0,0.0,0.0,,,,,,,,,,,,
8,,,10229,4.0,0.9857500195503235,0.8308539390563965,0.03475576266646385,0.8521235585212708,0.8121306896209717,0.03475576266646385,0.0,0.0,0.0,0.0,,,,,,,,,,,,
8,,,10239,4.0,0.9869499802589417,0.7824013233184814,0.028839444741606712,0.8227857351303101,0.7513041496276855,0.028839444741606712,0.0,0.0,0.0,0.0,,,,,,,,,,,,
8,,,10249,4.0,0.984000027179718,0.810726523399353,0.03816613927483559,0.8100247979164124,0.8114315867424011,0.03816613927483559,0.0,0.0,0.0,0.0,,,,,,,,,,,,
8,,,10259,4.0,0.9833499789237976,0.8428284525871277,0.04015007242560387,0.9097253084182739,0.79567551612854,0.04015007242560387,0.0,0.0,0.0,0.0,,,,,,,,,,,,
8,,,10269,4.0,0.9882000088691711,0.8600940704345703,0.028881456702947617,0.9033463001251221,0.8255873918533325,0.028881456702947617,0.0,0.0,0.0,0.0,,,,,,,,,,,,
8,,,10279,4.0,0.9841499924659729,0.7382520437240601,0.048305824398994446,0.8370246887207031,0.6854513883590698,0.048305824398994446,0.0,0.0,0.0,0.0,,,,,,,,,,,,
8,,,10289,4.0,0.9918000102043152,0.9045099020004272,0.02510383538901806,0.9127912521362305,0.8965706825256348,0.02510383538901806,0.0,0.0,0.0,0.0,,,,,,,,,,,,
8,,,10299,4.0,0.9832500219345093,0.8626343011856079,0.04041866958141327,0.8980555534362793,0.8333967328071594,0.04041866958141327,0.0,0.0,0.0,0.0,,,,,,,,,,,,
8,,,10309,4.0,0.991599977016449,0.9038922786712646,0.020437834784388542,0.9214341044425964,0.8878211975097656,0.020437834784388542,0.0,0.0,0.0,0.0,,,,,,,,,,,,
8,,,10319,4.0,0.9810000061988831,0.8393628597259521,0.03800767660140991,0.8808242082595825,0.8065775036811829,0.03800767660140991,0.0,0.0,0.0,0.0,,,,,,,,,,,,
8,,,10329,4.0,0.9868500232696533,0.8617585897445679,0.037458471953868866,0.8878496885299683,0.8391351699829102,0.037458471953868866,0.0,0.0,0.0,0.0,,,,,,,,,,,,
8,,,10339,4.0,0.9930999875068665,0.8660682439804077,0.017826540395617485,0.8527482748031616,0.8804700374603271,0.017826540395617485,0.0,0.0,0.0,0.0,,,,,,,,,,,,
8,,,10349,4.0,0.9918000102043152,0.8612521290779114,0.02372036874294281,0.9023409485816956,0.8280086517333984,0.02372036874294281,0.0,0.0,0.0,0.0,,,,,,,,,,,,
8,,,10359,4.0,0.9750499725341797,0.7423449158668518,0.05176989734172821,0.7397588491439819,0.7449920177459717,0.05176989734172821,0.0,0.0,0.0,0.0,,,,,,,,,,,,
8,,,10369,4.0,0.9887999892234802,0.850163996219635,0.026621762663125992,0.870225191116333,0.832255482673645,0.026621762663125992,0.0,0.0,0.0,0.0,,,,,,,,,,,,
8,,,10379,4.0,0.9884999990463257,0.7809208631515503,0.033049311488866806,0.9214081168174744,0.7120143175125122,0.033049311488866806,0.0,0.0,0.0,0.0,,,,,,,,,,,,
8,,,10389,4.0,0.9887499809265137,0.889456570148468,0.027578799054026604,0.8725095987319946,0.9081341028213501,0.027578799054026604,0.0,0.0,0.0,0.0,,,,,,,,,,,,
8,,,10399,4.0,0.9853000044822693,0.8623415231704712,0.04609360173344612,0.9423186779022217,0.8080421686172485,0.04609360173344612,0.0,0.0,0.0,0.0,,,,,,,,,,,,
8,,,10409,4.0,0.9810500144958496,0.7719559669494629,0.04160642623901367,0.7438088655471802,0.8080568313598633,0.04160642623901367,0.0,0.0,0.0,0.0,,,,,,,,,,,,
8,,,10419,4.0,0.986549973487854,0.8907049894332886,0.03110249899327755,0.8934006690979004,0.8880487680435181,0.03110249899327755,0.0,0.0,0.0,0.0,,,,,,,,,,,,
8,,,10429,4.0,0.9896000027656555,0.8815273642539978,0.02476685494184494,0.8671776056289673,0.8971148729324341,0.02476685494184494,0.0,0.0,0.0,0.0,,,,,,,,,,,,
8,,,10439,4.0,0.9941499829292297,0.7888498306274414,0.014311752282083035,0.8074742555618286,0.77238929271698,0.014311752282083035,0.0,0.0,0.0,0.0,,,,,,,,,,,,
8,,,10449,4.0,0.9828500151634216,0.6910331845283508,0.03920499607920647,0.7874048948287964,0.644314706325531,0.03920499607920647,0.0,0.0,0.0,0.0,,,,,,,,,,,,
8,,,10459,4.0,0.9812999963760376,0.8926917314529419,0.05226755887269974,0.9098735451698303,0.8770435452461243,0.05226755887269974,0.0,0.0,0.0,0.0,,,,,,,,,,,,
8,,,10469,4.0,0.9805999994277954,0.8176827430725098,0.04438310116529465,0.899750828742981,0.7649512887001038,0.04438310116529465,0.0,0.0,0.0,0.0,,,,,,,,,,,,
8,,,10479,4.0,0.9912999868392944,0.8882091641426086,0.026811935007572174,0.9171251654624939,0.8631988763809204,0.026811935007572174,0.0,0.0,0.0,0.0,,,,,,,,,,,,
8,,,10489,4.0,0.9800999760627747,0.8136459589004517,0.04106205701828003,0.79206383228302,0.8389859199523926,0.04106205701828003,0.0,0.0,0.0,0.0,,,,,,,,,,,,
8,,,10499,4.0,0.9747999906539917,0.6654516458511353,0.11136248707771301,0.7881516218185425,0.6183705925941467,0.11136248707771301,0.0,0.0,0.0,0.0,,,,,,,,,,,,
8,,,10509,4.0,0.9836999773979187,0.7857928276062012,0.041672252118587494,0.8545072078704834,0.7402302622795105,0.041672252118587494,0.0,0.0,0.0,0.0,,,,,,,,,,,,
8,,,10519,4.0,0.9815000295639038,0.7562656402587891,0.04669594392180443,0.7524327635765076,0.7602241039276123,0.04669594392180443,0.0,0.0,0.0,0.0,,,,,,,,,,,,
8,,,10529,4.0,0.991349995136261,0.8085346221923828,0.023614389821887016,0.8724813461303711,0.7637344002723694,0.023614389821887016,0.0,0.0,0.0,0.0,,,,,,,,,,,,
8,,,10539,4.0,0.9886500239372253,0.7784354090690613,0.023764118552207947,0.8097634315490723,0.7530381679534912,0.023764118552207947,0.0,0.0,0.0,0.0,,,,,,,,,,,,
8,,,10549,4.0,0.9905999898910522,0.49763891100883484,0.035580337047576904,0.4953247606754303,0.4999747574329376,0.035580337047576904,0.0,0.0,0.0,0.0,,,,,,,,,,,,
8,,,10559,4.0,0.9875500202178955,0.8959786295890808,0.027628399431705475,0.893206000328064,0.8987936973571777,0.027628399431705475,0.0,0.0,0.0,0.0,,,,,,,,,,,,
8,,,10569,4.0,0.98580002784729,0.865112841129303,0.03591512143611908,0.8845270276069641,0.8476816415786743,0.03591512143611908,0.0,0.0,0.0,0.0,,,,,,,,,,,,
8,,,10579,4.0,0.9887499809265137,0.8182872533798218,0.025718148797750473,0.8009135127067566,0.8378919959068298,0.025718148797750473,0.0,0.0,0.0,0.0,,,,,,,,,,,,
8,,,10589,4.0,0.9885500073432922,0.790044903755188,0.03557031229138374,0.9042176604270935,0.727252721786499,0.03557031229138374,0.0,0.0,0.0,0.0,,,,,,,,,,,,
8,,,10599,4.0,0.9835500121116638,0.8311175107955933,0.04251667484641075,0.8037437200546265,0.8643599152565002,0.04251667484641075,0.0,0.0,0.0,0.0,,,,,,,,,,,,
8,,,10609,4.0,0.9830999970436096,0.7449607849121094,0.038665156811475754,0.7523313760757446,0.7380297183990479,0.038665156811475754,0.0,0.0,0.0,0.0,,,,,,,,,,,,
8,,,10619,4.0,0.9818999767303467,0.7878053188323975,0.047381363809108734,0.8756626844406128,0.7345451712608337,0.047381363809108734,0.0,0.0,0.0,0.0,,,,,,,,,,,,
8,,,10629,4.0,0.9883000254631042,0.5908038020133972,0.035873252898454666,0.8013812303543091,0.5548976063728333,0.035873252898454666,0.0,0.0,0.0,0.0,,,,,,,,,,,,
8,,,10639,4.0,0.9826499819755554,0.8310900330543518,0.03788577392697334,0.8956009149551392,0.7855866551399231,0.03788577392697334,0.0,0.0,0.0,0.0,,,,,,,,,,,,
8,,,10649,4.0,0.9919499754905701,0.8564821481704712,0.02059025876224041,0.8486381769180298,0.8647007942199707,0.02059025876224041,0.0,0.0,0.0,0.0,,,,,,,,,,,,
8,,,10659,4.0,0.982699990272522,0.7985392212867737,0.04406461492180824,0.9354145526885986,0.7292284965515137,0.04406461492180824,0.0,0.0,0.0,0.0,,,,,,,,,,,,
8,,,10669,4.0,0.996749997138977,0.7432793974876404,0.01038871519267559,0.770952045917511,0.7207763195037842,0.01038871519267559,0.0,0.0,0.0,0.0,,,,,,,,,,,,
8,,,10679,4.0,0.9937000274658203,0.7898037433624268,0.01802857778966427,0.8442678451538086,0.7504450082778931,0.01802857778966427,0.0,0.0,0.0,0.0,,,,,,,,,,,,
8,,,10689,4.0,0.9920499920845032,0.8185319900512695,0.02367391064763069,0.813633918762207,0.8235901594161987,0.02367391064763069,0.0,0.0,0.0,0.0,,,,,,,,,,,,
8,,,10699,4.0,0.9866499900817871,0.6854375004768372,0.03153948485851288,0.758099377155304,0.6454222798347473,0.03153948485851288,0.0,0.0,0.0,0.0,,,,,,,,,,,,
8,,,10709,4.0,0.9787999987602234,0.8670660853385925,0.051456157118082047,0.8979763984680176,0.8410319685935974,0.051456157118082047,0.0,0.0,0.0,0.0,,,,,,,,,,,,
8,,,10719,4.0,0.9746999740600586,0.6708444356918335,0.05492563545703888,0.7575559616088867,0.62952721118927,0.05492563545703888,0.0,0.0,0.0,0.0,,,,,,,,,,,,
8,,,10729,4.0,0.9879000186920166,0.8311653137207031,0.02970605529844761,0.832058310508728,0.8302774429321289,0.02970605529844761,0.0,0.0,0.0,0.0,,,,,,,,,,,,
8,,,10739,4.0,0.9887999892234802,0.8289844393730164,0.03177167475223541,0.8796982169151306,0.7906208038330078,0.03177167475223541,0.0,0.0,0.0,0.0,,,,,,,,,,,,
8,,,10749,4.0,0.9814000129699707,0.8485100865364075,0.05115584284067154,0.8737362623214722,0.8267089128494263,0.05115584284067154,0.0,0.0,0.0,0.0,,,,,,,,,,,,
8,,,10759,4.0,0.9878000020980835,0.7969027757644653,0.026661215350031853,0.8845046758651733,0.7426751852035522,0.026661215350031853,0.0,0.0,0.0,0.0,,,,,,,,,,,,
8,,,10769,4.0,0.9876999855041504,0.8269788026809692,0.028818856924772263,0.8910502195358276,0.7815663814544678,0.028818856924772263,0.0,0.0,0.0,0.0,,,,,,,,,,,,
8,,,10779,4.0,0.986050009727478,0.8739343881607056,0.036340318620204926,0.9532323479652405,0.8194342851638794,0.036340318620204926,0.0,0.0,0.0,0.0,,,,,,,,,,,,
8,,,10789,4.0,0.9829999804496765,0.8441121578216553,0.04999036714434624,0.8843218088150024,0.8119766712188721,0.04999036714434624,0.0,0.0,0.0,0.0,,,,,,,,,,,,
8,,,10799,4.0,0.9876000285148621,0.8186842203140259,0.034201815724372864,0.8482890129089355,0.7939010262489319,0.034201815724372864,0.0,0.0,0.0,0.0,,,,,,,,,,,,
8,,,10809,4.0,0.9885500073432922,0.8558945655822754,0.0306292362511158,0.8368359804153442,0.8773728609085083,0.0306292362511158,0.0,0.0,0.0,0.0,,,,,,,,,,,,
8,,,10819,4.0,0.9807000160217285,0.8176503777503967,0.04049988090991974,0.8852016925811768,0.7713115215301514,0.04049988090991974,0.0,0.0,0.0,0.0,,,,,,,,,,,,
8,,,10829,4.0,0.9614499807357788,0.7100625038146973,0.08916830271482468,0.8178404569625854,0.6601810455322266,0.08916830271482468,0.0,0.0,0.0,0.0,,,,,,,,,,,,
8,,,10839,4.0,0.9781500101089478,0.8403549194335938,0.04924694448709488,0.7815662622451782,0.9350795745849609,0.04924694448709488,0.0,0.0,0.0,0.0,,,,,,,,,,,,
8,,,10849,4.0,0.9874500036239624,0.7595803737640381,0.03616975247859955,0.9634994864463806,0.6821853518486023,0.03616975247859955,0.0,0.0,0.0,0.0,,,,,,,,,,,,
8,,,10859,4.0,0.9868500232696533,0.9127669334411621,0.03265273943543434,0.9026986360549927,0.923405110836029,0.03265273943543434,0.0,0.0,0.0,0.0,,,,,,,,,,,,
8,,,10869,4.0,0.9849500060081482,0.8268606662750244,0.03218012675642967,0.9001449346542358,0.7771914005279541,0.03218012675642967,0.0,0.0,0.0,0.0,,,,,,,,,,,,
8,,,10879,4.0,0.9834499955177307,0.8224629163742065,0.043284062296152115,0.8809733390808105,0.7802691459655762,0.043284062296152115,0.0,0.0,0.0,0.0,,,,,,,,,,,,
8,,,10889,4.0,0.9904000163078308,0.743608832359314,0.021700207144021988,0.7614552974700928,0.7281018495559692,0.021700207144021988,0.0,0.0,0.0,0.0,,,,,,,,,,,,
8,,,10899,4.0,0.9894999861717224,0.7758245468139648,0.02342892624437809,0.8586006164550781,0.7247588634490967,0.02342892624437809,0.0,0.0,0.0,0.0,,,,,,,,,,,,
8,,,10909,4.0,0.9973000288009644,0.6925053596496582,0.008673857897520065,0.8024948835372925,0.641390860080719,0.008673857897520065,0.0,0.0,0.0,0.0,,,,,,,,,,,,
8,,,10919,4.0,0.9781000018119812,0.8738022446632385,0.053351741284132004,0.8864015340805054,0.8620894551277161,0.053351741284132004,0.0,0.0,0.0,0.0,,,,,,,,,,,,
8,,,10929,4.0,0.9898999929428101,0.7679014801979065,0.026901621371507645,0.821654736995697,0.7298966646194458,0.026901621371507645,0.0,0.0,0.0,0.0,,,,,,,,,,,,
8,,,10939,4.0,0.9789999723434448,0.7891328930854797,0.04901328682899475,0.8018256425857544,0.7775353193283081,0.04901328682899475,0.0,0.0,0.0,0.0,,,,,,,,,,,,
8,,,10949,4.0,0.9900500178337097,0.7996677160263062,0.02296406403183937,0.8164687156677246,0.7846136093139648,0.02296406403183937,0.0,0.0,0.0,0.0,,,,,,,,,,,,
8,,,10959,4.0,0.989300012588501,0.7705981731414795,0.025034694001078606,0.7836830615997314,0.7587035894393921,0.025034694001078606,0.0,0.0,0.0,0.0,,,,,,,,,,,,
8,,,10969,4.0,0.9843500256538391,0.8597663640975952,0.037611860781908035,0.9186710715293884,0.816199779510498,0.037611860781908035,0.0,0.0,0.0,0.0,,,,,,,,,,,,
8,,,10979,4.0,0.9882000088691711,0.7238696813583374,0.028702663257718086,0.7668583393096924,0.6931177377700806,0.028702663257718086,0.0,0.0,0.0,0.0,,,,,,,,,,,,
8,,,10989,4.0,0.9908999800682068,0.736210823059082,0.027662010863423347,0.7737699747085571,0.7079042196273804,0.027662010863423347,0.0,0.0,0.0,0.0,,,,,,,,,,,,
8,,,10999,4.0,0.9954000115394592,0.6749022603034973,0.012193695642054081,0.7177939414978027,0.6462554335594177,0.012193695642054081,0.0,0.0,0.0,0.0,,,,,,,,,,,,
8,,,11009,4.0,0.9773499965667725,0.7341655492782593,0.06348779797554016,0.7558287978172302,0.7160907983779907,0.06348779797554016,0.0,0.0,0.0,0.0,,,,,,,,,,,,
8,,,11019,4.0,0.9800999760627747,0.7863080501556396,0.04888720437884331,0.8749504685401917,0.7330048680305481,0.04888720437884331,0.0,0.0,0.0,0.0,,,,,,,,,,,,
8,,,11029,4.0,0.9728000164031982,0.8048398494720459,0.06076997146010399,0.8774642944335938,0.7572966814041138,0.06076997146010399,0.0,0.0,0.0,0.0,,,,,,,,,,,,
8,,,11039,4.0,0.9787999987602234,0.8690223693847656,0.051866564899683,0.915644109249115,0.8326399326324463,0.051866564899683,0.0,0.0,0.0,0.0,,,,,,,,,,,,
8,,,11049,4.0,0.9922000169754028,0.8368691205978394,0.018180251121520996,0.8636442422866821,0.8138648271560669,0.018180251121520996,0.0,0.0,0.0,0.0,,,,,,,,,,,,
8,,,11059,4.0,0.9832000136375427,0.8347679376602173,0.0382421500980854,0.8064036965370178,0.8694182634353638,0.0382421500980854,0.0,0.0,0.0,0.0,,,,,,,,,,,,
8,,,11069,4.0,0.9858999848365784,0.7446392178535461,0.035176366567611694,0.7612394094467163,0.7300999164581299,0.035176366567611694,0.0,0.0,0.0,0.0,,,,,,,,,,,,
8,,,11079,4.0,0.9812999963760376,0.857458233833313,0.048131655901670456,0.8756862282752991,0.8410546779632568,0.048131655901670456,0.0,0.0,0.0,0.0,,,,,,,,,,,,
8,,,11089,4.0,0.9850500226020813,0.6774548292160034,0.03268362581729889,0.7870848178863525,0.6296481490135193,0.03268362581729889,0.0,0.0,0.0,0.0,,,,,,,,,,,,
8,,,11099,4.0,0.9784500002861023,0.6752607822418213,0.05430278182029724,0.8555381894111633,0.6189243793487549,0.05430278182029724,0.0,0.0,0.0,0.0,,,,,,,,,,,,
8,,,11109,4.0,0.9873499870300293,0.5621064305305481,0.02971048280596733,0.5822912454605103,0.5501904487609863,0.02971048280596733,0.0,0.0,0.0,0.0,,,,,,,,,,,,
8,,,11119,4.0,0.9894000291824341,0.8504868745803833,0.024599546566605568,0.9034370183944702,0.8102556467056274,0.024599546566605568,0.0,0.0,0.0,0.0,,,,,,,,,,,,
8,,,11129,4.0,0.993399977684021,0.8542261123657227,0.024286283180117607,0.9071236252784729,0.8137600421905518,0.024286283180117607,0.0,0.0,0.0,0.0,,,,,,,,,,,,
8,,,11139,4.0,0.9571499824523926,0.7195162773132324,0.10816766321659088,0.8743747472763062,0.6604886054992676,0.10816766321659088,0.0,0.0,0.0,0.0,,,,,,,,,,,,
,9.803453744100869e-05,0.0009803453744100868,11142,,,,,,,,,,,,,,,,,,,,,,,
9,,,11149,4.0,0.9898499846458435,0.8895373940467834,0.023655828088521957,0.9168736934661865,0.8657348155975342,0.023655828088521957,0.0,0.0,0.0,0.0,,,,,,,,,,,,
9,,,11159,4.0,0.9815499782562256,0.7290724515914917,0.040694110095500946,0.7912298440933228,0.6895899176597595,0.040694110095500946,0.0,0.0,0.0,0.0,,,,,,,,,,,,
9,,,11169,4.0,0.9900000095367432,0.806627094745636,0.026394521817564964,0.8565360307693481,0.7693041563034058,0.026394521817564964,0.0,0.0,0.0,0.0,,,,,,,,,,,,
9,,,11179,4.0,0.9894999861717224,0.8105048537254333,0.023921137675642967,0.8738123178482056,0.7660284042358398,0.023921137675642967,0.0,0.0,0.0,0.0,,,,,,,,,,,,
9,,,11189,4.0,0.9865999817848206,0.8769106864929199,0.02874988131225109,0.8802095651626587,0.873672366142273,0.02874988131225109,0.0,0.0,0.0,0.0,,,,,,,,,,,,
9,,,11199,4.0,0.9871000051498413,0.8155367970466614,0.028618142008781433,0.8208506107330322,0.8104041814804077,0.028618142008781433,0.0,0.0,0.0,0.0,,,,,,,,,,,,
9,,,11209,4.0,0.9871000051498413,0.8053250312805176,0.032633036375045776,0.8816249370574951,0.755233645439148,0.032633036375045776,0.0,0.0,0.0,0.0,,,,,,,,,,,,
9,,,11219,4.0,0.9891499876976013,0.7443443536758423,0.0246807262301445,0.8443764448165894,0.6901695728302002,0.0246807262301445,0.0,0.0,0.0,0.0,,,,,,,,,,,,
9,,,11229,4.0,0.9933500289916992,0.7713627815246582,0.019928233698010445,0.8610471487045288,0.7178223133087158,0.019928233698010445,0.0,0.0,0.0,0.0,,,,,,,,,,,,
9,,,11239,4.0,0.9865000247955322,0.8956113457679749,0.03309670835733414,0.9448167681694031,0.856857180595398,0.03309670835733414,0.0,0.0,0.0,0.0,,,,,,,,,,,,
9,,,11249,4.0,0.9894499778747559,0.7940523028373718,0.025632910430431366,0.7718914747238159,0.8203161954879761,0.025632910430431366,0.0,0.0,0.0,0.0,,,,,,,,,,,,
9,,,11259,4.0,0.9679499864578247,0.7132965922355652,0.07434935122728348,0.8641237616539001,0.6544969081878662,0.07434935122728348,0.0,0.0,0.0,0.0,,,,,,,,,,,,
9,,,11269,4.0,0.9866999983787537,0.9167941212654114,0.03318984806537628,0.9092981219291687,0.9246002435684204,0.03318984806537628,0.0,0.0,0.0,0.0,,,,,,,,,,,,
9,,,11279,4.0,0.9932000041007996,0.7347230911254883,0.023778686299920082,0.8560116291046143,0.6756953597068787,0.023778686299920082,0.0,0.0,0.0,0.0,,,,,,,,,,,,
9,,,11289,4.0,0.9818500280380249,0.8607600331306458,0.03955317288637161,0.8579451441764832,0.8636236190795898,0.03955317288637161,0.0,0.0,0.0,0.0,,,,,,,,,,,,
9,,,11299,4.0,0.9921000003814697,0.7922767400741577,0.018626024946570396,0.8065228462219238,0.7793267965316772,0.018626024946570396,0.0,0.0,0.0,0.0,,,,,,,,,,,,
9,,,11309,4.0,0.9922999739646912,0.9226820468902588,0.025689255446195602,0.9735206365585327,0.8821757435798645,0.025689255446195602,0.0,0.0,0.0,0.0,,,,,,,,,,,,
9,,,11319,4.0,0.9890999794006348,0.7528496384620667,0.026499344035983086,0.8412448167800903,0.7015538215637207,0.026499344035983086,0.0,0.0,0.0,0.0,,,,,,,,,,,,
9,,,11329,4.0,0.9835000038146973,0.8806588649749756,0.040834784507751465,0.9064565896987915,0.8581893444061279,0.040834784507751465,0.0,0.0,0.0,0.0,,,,,,,,,,,,
9,,,11339,4.0,0.9849500060081482,0.739793062210083,0.03035835176706314,0.8531099557876587,0.6828506588935852,0.03035835176706314,0.0,0.0,0.0,0.0,,,,,,,,,,,,
9,,,11349,4.0,0.9879500269889832,0.8634738922119141,0.03576713427901268,0.8702911138534546,0.8569166660308838,0.03576713427901268,0.0,0.0,0.0,0.0,,,,,,,,,,,,
9,,,11359,4.0,0.9768999814987183,0.8077499270439148,0.049168530851602554,0.844667911529541,0.7784832715988159,0.049168530851602554,0.0,0.0,0.0,0.0,,,,,,,,,,,,
9,,,11369,4.0,0.9738500118255615,0.6708858013153076,0.06204654648900032,0.8345582485198975,0.617753267288208,0.06204654648900032,0.0,0.0,0.0,0.0,,,,,,,,,,,,
9,,,11379,4.0,0.9934999942779541,0.7913557887077332,0.02400028333067894,0.8685024976730347,0.7412976026535034,0.02400028333067894,0.0,0.0,0.0,0.0,,,,,,,,,,,,
9,,,11389,4.0,0.9840499758720398,0.7942885160446167,0.034524012356996536,0.8300613164901733,0.7658276557922363,0.034524012356996536,0.0,0.0,0.0,0.0,,,,,,,,,,,,
9,,,11399,4.0,0.9803000092506409,0.845211386680603,0.0467546209692955,0.8639974594116211,0.8284164667129517,0.0467546209692955,0.0,0.0,0.0,0.0,,,,,,,,,,,,
9,,,11409,4.0,0.9789999723434448,0.8097373843193054,0.04938093572854996,0.8999854326248169,0.754374623298645,0.04938093572854996,0.0,0.0,0.0,0.0,,,,,,,,,,,,
9,,,11419,4.0,0.9962499737739563,0.6891422867774963,0.013220194727182388,0.8178916573524475,0.6349677443504333,0.013220194727182388,0.0,0.0,0.0,0.0,,,,,,,,,,,,
9,,,11429,4.0,0.9888499975204468,0.7384814023971558,0.035280741751194,0.7646836638450623,0.7171323299407959,0.035280741751194,0.0,0.0,0.0,0.0,,,,,,,,,,,,
9,,,11439,4.0,0.982200026512146,0.8543590307235718,0.04629179835319519,0.8932443857192993,0.8229466676712036,0.04629179835319519,0.0,0.0,0.0,0.0,,,,,,,,,,,,
9,,,11449,4.0,0.9932500123977661,0.8387199640274048,0.022239655256271362,0.9257729053497314,0.781745195388794,0.022239655256271362,0.0,0.0,0.0,0.0,,,,,,,,,,,,
9,,,11459,4.0,0.98294997215271,0.7052140235900879,0.04685179889202118,0.8889888525009155,0.641543447971344,0.04685179889202118,0.0,0.0,0.0,0.0,,,,,,,,,,,,
9,,,11469,4.0,0.9864000082015991,0.8674757480621338,0.03043253719806671,0.877242922782898,0.8582330942153931,0.03043253719806671,0.0,0.0,0.0,0.0,,,,,,,,,,,,
9,,,11479,4.0,0.9900000095367432,0.8454824686050415,0.020568691194057465,0.8354693651199341,0.856139600276947,0.020568691194057465,0.0,0.0,0.0,0.0,,,,,,,,,,,,
9,,,11489,4.0,0.9851499795913696,0.8041056394577026,0.03814898803830147,0.8586279153823853,0.764540433883667,0.03814898803830147,0.0,0.0,0.0,0.0,,,,,,,,,,,,
9,,,11499,4.0,0.9930999875068665,0.8695201873779297,0.014744184911251068,0.8807419538497925,0.8589608669281006,0.014744184911251068,0.0,0.0,0.0,0.0,,,,,,,,,,,,
9,,,11509,4.0,0.9843500256538391,0.82230144739151,0.03687078505754471,0.8685885667800903,0.7868305444717407,0.03687078505754471,0.0,0.0,0.0,0.0,,,,,,,,,,,,
9,,,11519,4.0,0.9884999990463257,0.9132036566734314,0.029810449108481407,0.9340329170227051,0.8944271802902222,0.029810449108481407,0.0,0.0,0.0,0.0,,,,,,,,,,,,
9,,,11529,4.0,0.9861999750137329,0.8747562170028687,0.029460107907652855,0.8972930908203125,0.8547937870025635,0.029460107907652855,0.0,0.0,0.0,0.0,,,,,,,,,,,,
9,,,11539,4.0,0.9882500171661377,0.8910274505615234,0.026956884190440178,0.8969447612762451,0.8852955102920532,0.026956884190440178,0.0,0.0,0.0,0.0,,,,,,,,,,,,
9,,,11549,4.0,0.993149995803833,0.8778761625289917,0.019368749111890793,0.8658499717712402,0.8907501101493835,0.019368749111890793,0.0,0.0,0.0,0.0,,,,,,,,,,,,
9,,,11559,4.0,0.9809499979019165,0.8324124217033386,0.04820426180958748,0.8676849007606506,0.8037185072898865,0.04820426180958748,0.0,0.0,0.0,0.0,,,,,,,,,,,,
9,,,11569,4.0,0.9863499999046326,0.8894163370132446,0.029467565938830376,0.8945084810256958,0.8844640851020813,0.029467565938830376,0.0,0.0,0.0,0.0,,,,,,,,,,,,
9,,,11579,4.0,0.9837999939918518,0.7285609841346741,0.03207825869321823,0.7941816449165344,0.6876325607299805,0.03207825869321823,0.0,0.0,0.0,0.0,,,,,,,,,,,,
9,,,11589,4.0,0.9862499833106995,0.7714682817459106,0.03350028395652771,0.8960021138191223,0.7079092264175415,0.03350028395652771,0.0,0.0,0.0,0.0,,,,,,,,,,,,
9,,,11599,4.0,0.9901000261306763,0.8781954050064087,0.02523016557097435,0.8746625185012817,0.8817992210388184,0.02523016557097435,0.0,0.0,0.0,0.0,,,,,,,,,,,,
9,,,11609,4.0,0.9782500267028809,0.8526517152786255,0.047767769545316696,0.8393367528915405,0.8671784400939941,0.047767769545316696,0.0,0.0,0.0,0.0,,,,,,,,,,,,
9,,,11619,4.0,0.9728000164031982,0.5965798497200012,0.05800200253725052,0.9195469617843628,0.5584912896156311,0.05800200253725052,0.0,0.0,0.0,0.0,,,,,,,,,,,,
9,,,11629,4.0,0.9771999716758728,0.817639172077179,0.04984896257519722,0.8594627380371094,0.7851567268371582,0.04984896257519722,0.0,0.0,0.0,0.0,,,,,,,,,,,,
9,,,11639,4.0,0.9868999719619751,0.8384431600570679,0.0293803121894598,0.8458104133605957,0.8313994407653809,0.0293803121894598,0.0,0.0,0.0,0.0,,,,,,,,,,,,
9,,,11649,4.0,0.9944499731063843,0.837730884552002,0.013609589077532291,0.823789119720459,0.8529573678970337,0.013609589077532291,0.0,0.0,0.0,0.0,,,,,,,,,,,,
9,,,11659,4.0,0.9872999787330627,0.8550112247467041,0.02919067069888115,0.8124480247497559,0.9120398759841919,0.02919067069888115,0.0,0.0,0.0,0.0,,,,,,,,,,,,
9,,,11669,4.0,0.9818500280380249,0.8913629055023193,0.039140861481428146,0.9114760160446167,0.8733165264129639,0.039140861481428146,0.0,0.0,0.0,0.0,,,,,,,,,,,,
9,,,11679,4.0,0.9782500267028809,0.8496396541595459,0.04436648264527321,0.8673385381698608,0.8337182402610779,0.04436648264527321,0.0,0.0,0.0,0.0,,,,,,,,,,,,
9,,,11689,4.0,0.9829999804496765,0.71140456199646,0.040015190839767456,0.7355784177780151,0.6919212341308594,0.040015190839767456,0.0,0.0,0.0,0.0,,,,,,,,,,,,
9,,,11699,4.0,0.9782500267028809,0.8302252292633057,0.046007487922906876,0.8472573757171631,0.814918041229248,0.046007487922906876,0.0,0.0,0.0,0.0,,,,,,,,,,,,
9,,,11709,4.0,0.9873999953269958,0.6982382535934448,0.03774458169937134,0.9027984142303467,0.6331651210784912,0.03774458169937134,0.0,0.0,0.0,0.0,,,,,,,,,,,,
9,,,11719,4.0,0.9814000129699707,0.7673119902610779,0.04341660439968109,0.7859101891517639,0.7511090040206909,0.04341660439968109,0.0,0.0,0.0,0.0,,,,,,,,,,,,
9,,,11729,4.0,0.9909999966621399,0.7092707753181458,0.024919310584664345,0.7235090136528015,0.696778416633606,0.024919310584664345,0.0,0.0,0.0,0.0,,,,,,,,,,,,
9,,,11739,4.0,0.9940999746322632,0.9107022285461426,0.02017100900411606,0.9295840263366699,0.8934672474861145,0.02017100900411606,0.0,0.0,0.0,0.0,,,,,,,,,,,,
9,,,11749,4.0,0.9927999973297119,0.7597757577896118,0.02008046954870224,0.8732249140739441,0.6998511552810669,0.02008046954870224,0.0,0.0,0.0,0.0,,,,,,,,,,,,
9,,,11759,4.0,0.9869499802589417,0.8638984560966492,0.03679295629262924,0.8949880003929138,0.8375875949859619,0.03679295629262924,0.0,0.0,0.0,0.0,,,,,,,,,,,,
9,,,11769,4.0,0.9698500037193298,0.6898626089096069,0.07263924926519394,0.8290268778800964,0.6365694403648376,0.07263924926519394,0.0,0.0,0.0,0.0,,,,,,,,,,,,
9,,,11779,4.0,0.9817500114440918,0.9063826203346252,0.04916404187679291,0.9497547149658203,0.8714698553085327,0.04916404187679291,0.0,0.0,0.0,0.0,,,,,,,,,,,,
9,,,11789,4.0,0.965749979019165,0.7851129770278931,0.07871367037296295,0.8764324188232422,0.7321639657020569,0.07871367037296295,0.0,0.0,0.0,0.0,,,,,,,,,,,,
9,,,11799,4.0,0.9726499915122986,0.7787631750106812,0.06601986289024353,0.8868556022644043,0.7204084396362305,0.06601986289024353,0.0,0.0,0.0,0.0,,,,,,,,,,,,
9,,,11809,4.0,0.9908999800682068,0.8763481974601746,0.025607703253626823,0.9386835098266602,0.8300570249557495,0.025607703253626823,0.0,0.0,0.0,0.0,,,,,,,,,,,,
9,,,11819,4.0,0.991100013256073,0.7106608152389526,0.02254202775657177,0.6827178597450256,0.7490648031234741,0.02254202775657177,0.0,0.0,0.0,0.0,,,,,,,,,,,,
9,,,11829,4.0,0.9890499711036682,0.7333784103393555,0.029032571241259575,0.8531332015991211,0.6752702593803406,0.029032571241259575,0.0,0.0,0.0,0.0,,,,,,,,,,,,
9,,,11839,4.0,0.9881500005722046,0.7506396770477295,0.03069748543202877,0.7303672432899475,0.7750000953674316,0.03069748543202877,0.0,0.0,0.0,0.0,,,,,,,,,,,,
9,,,11849,4.0,0.9919999837875366,0.8075026273727417,0.019276274368166924,0.981148362159729,0.7271713018417358,0.019276274368166924,0.0,0.0,0.0,0.0,,,,,,,,,,,,
9,,,11859,4.0,0.9807000160217285,0.7985159158706665,0.04334529489278793,0.7871466875076294,0.8108947277069092,0.04334529489278793,0.0,0.0,0.0,0.0,,,,,,,,,,,,
9,,,11869,4.0,0.9933000206947327,0.7902368307113647,0.018029166385531425,0.8407750129699707,0.7529690265655518,0.018029166385531425,0.0,0.0,0.0,0.0,,,,,,,,,,,,
9,,,11879,4.0,0.9869499802589417,0.8443906903266907,0.0320071242749691,0.9077013731002808,0.7987881898880005,0.0320071242749691,0.0,0.0,0.0,0.0,,,,,,,,,,,,
9,,,11889,4.0,0.9909499883651733,0.9123789668083191,0.023699037730693817,0.9438481330871582,0.8853051662445068,0.023699037730693817,0.0,0.0,0.0,0.0,,,,,,,,,,,,
9,,,11899,4.0,0.9872499704360962,0.7628235220909119,0.02965879812836647,0.8043365478515625,0.7315855622291565,0.02965879812836647,0.0,0.0,0.0,0.0,,,,,,,,,,,,
9,,,11909,4.0,0.9880499839782715,0.7320116758346558,0.02571714110672474,0.8844451308250427,0.6674919724464417,0.02571714110672474,0.0,0.0,0.0,0.0,,,,,,,,,,,,
9,,,11919,4.0,0.9847999811172485,0.8032302260398865,0.0339098758995533,0.8568854331970215,0.7641663551330566,0.0339098758995533,0.0,0.0,0.0,0.0,,,,,,,,,,,,
9,,,11929,4.0,0.9835000038146973,0.8520249128341675,0.03854487091302872,0.8997271060943604,0.8150925636291504,0.03854487091302872,0.0,0.0,0.0,0.0,,,,,,,,,,,,
9,,,11939,4.0,0.9959999918937683,0.8707870244979858,0.014833144843578339,0.8804705142974854,0.8615927696228027,0.014833144843578339,0.0,0.0,0.0,0.0,,,,,,,,,,,,
9,,,11949,4.0,0.9753000140190125,0.8138382434844971,0.055962976068258286,0.9093215465545654,0.7566303014755249,0.055962976068258286,0.0,0.0,0.0,0.0,,,,,,,,,,,,
9,,,11959,4.0,0.9879500269889832,0.7411129474639893,0.032166674733161926,0.8064959049224854,0.6992735862731934,0.032166674733161926,0.0,0.0,0.0,0.0,,,,,,,,,,,,
9,,,11969,4.0,0.9871000051498413,0.6895979642868042,0.03371349349617958,0.7948653697967529,0.6407357454299927,0.03371349349617958,0.0,0.0,0.0,0.0,,,,,,,,,,,,
9,,,11979,4.0,0.9855499863624573,0.8577481508255005,0.03679918125271797,0.8656057715415955,0.8502424955368042,0.03679918125271797,0.0,0.0,0.0,0.0,,,,,,,,,,,,
9,,,11989,4.0,0.9736499786376953,0.598248302936554,0.09624438732862473,0.9598493576049805,0.5589188933372498,0.09624438732862473,0.0,0.0,0.0,0.0,,,,,,,,,,,,
9,,,11999,4.0,0.9824000000953674,0.8374847173690796,0.04188641160726547,0.872103214263916,0.8091233372688293,0.04188641160726547,0.0,0.0,0.0,0.0,,,,,,,,,,,,
9,,,12009,4.0,0.988099992275238,0.839142918586731,0.02852325700223446,0.8776389360427856,0.8080536723136902,0.02852325700223446,0.0,0.0,0.0,0.0,,,,,,,,,,,,
9,,,12019,4.0,0.990149974822998,0.816769540309906,0.020719612017273903,0.900708794593811,0.7625941634178162,0.020719612017273903,0.0,0.0,0.0,0.0,,,,,,,,,,,,
9,,,12029,4.0,0.982200026512146,0.8216049671173096,0.03776775673031807,0.7958884239196777,0.8526355028152466,0.03776775673031807,0.0,0.0,0.0,0.0,,,,,,,,,,,,
9,,,12039,4.0,0.9880499839782715,0.8219972252845764,0.028049392625689507,0.8599740266799927,0.7915358543395996,0.028049392625689507,0.0,0.0,0.0,0.0,,,,,,,,,,,,
9,,,12049,4.0,0.9735000133514404,0.7659033536911011,0.07225001603364944,0.8667676448822021,0.7107481956481934,0.07225001603364944,0.0,0.0,0.0,0.0,,,,,,,,,,,,
9,,,12059,4.0,0.9922500252723694,0.7388505935668945,0.019494542852044106,0.8129482269287109,0.693534791469574,0.019494542852044106,0.0,0.0,0.0,0.0,,,,,,,,,,,,
9,,,12069,4.0,0.9847999811172485,0.8775094151496887,0.03455352038145065,0.8967334032058716,0.860194206237793,0.03455352038145065,0.0,0.0,0.0,0.0,,,,,,,,,,,,
9,,,12079,4.0,0.9854999780654907,0.8634893894195557,0.036890994757413864,0.8819053173065186,0.8468757271766663,0.036890994757413864,0.0,0.0,0.0,0.0,,,,,,,,,,,,
9,,,12089,4.0,0.9455500245094299,0.6301958560943604,0.18360060453414917,0.8379486799240112,0.5878464579582214,0.18360060453414917,0.0,0.0,0.0,0.0,,,,,,,,,,,,
9,,,12099,4.0,0.9729999899864197,0.7856496572494507,0.06205367296934128,0.8687373399734497,0.7349739670753479,0.06205367296934128,0.0,0.0,0.0,0.0,,,,,,,,,,,,
9,,,12109,4.0,0.9810500144958496,0.8248663544654846,0.04061790928244591,0.8899182677268982,0.7794191241264343,0.04061790928244591,0.0,0.0,0.0,0.0,,,,,,,,,,,,
9,,,12119,4.0,0.9915000200271606,0.842736005783081,0.01914673112332821,0.834321141242981,0.8516014814376831,0.01914673112332821,0.0,0.0,0.0,0.0,,,,,,,,,,,,
9,,,12129,4.0,0.9739500284194946,0.8078411817550659,0.06118480861186981,0.7928594350814819,0.8246245980262756,0.06118480861186981,0.0,0.0,0.0,0.0,,,,,,,,,,,,
9,,,12139,4.0,0.986050009727478,0.853348433971405,0.03082950972020626,0.8508932590484619,0.8558404445648193,0.03082950972020626,0.0,0.0,0.0,0.0,,,,,,,,,,,,
9,,,12149,4.0,0.9855999946594238,0.8131217360496521,0.03702392801642418,0.9049510955810547,0.756380558013916,0.03702392801642418,0.0,0.0,0.0,0.0,,,,,,,,,,,,
9,,,12159,4.0,0.9868500232696533,0.8678311109542847,0.03533638268709183,0.8798094987869263,0.8566297292709351,0.03533638268709183,0.0,0.0,0.0,0.0,,,,,,,,,,,,
9,,,12169,4.0,0.9861999750137329,0.5513617396354675,0.03553992137312889,0.7172970771789551,0.5307177305221558,0.03553992137312889,0.0,0.0,0.0,0.0,,,,,,,,,,,,
9,,,12179,4.0,0.9904999732971191,0.9118173122406006,0.026065411046147346,0.8972256779670715,0.9276021718978882,0.026065411046147346,0.0,0.0,0.0,0.0,,,,,,,,,,,,
9,,,12189,4.0,0.991100013256073,0.806761622428894,0.01870984584093094,0.8569191694259644,0.7692578434944153,0.01870984584093094,0.0,0.0,0.0,0.0,,,,,,,,,,,,
9,,,12199,4.0,0.9876999855041504,0.8497301936149597,0.030861184000968933,0.9073528051376343,0.8069638609886169,0.030861184000968933,0.0,0.0,0.0,0.0,,,,,,,,,,,,
9,,,12209,4.0,0.9907000064849854,0.9158846139907837,0.023679593577980995,0.9540475606918335,0.8839781880378723,0.023679593577980995,0.0,0.0,0.0,0.0,,,,,,,,,,,,
9,,,12219,4.0,0.9851499795913696,0.7958126068115234,0.031531013548374176,0.836608350276947,0.7641972303390503,0.031531013548374176,0.0,0.0,0.0,0.0,,,,,,,,,,,,
9,,,12229,4.0,0.9760000109672546,0.8477574586868286,0.05147100239992142,0.8931663036346436,0.8125832080841064,0.05147100239992142,0.0,0.0,0.0,0.0,,,,,,,,,,,,
9,,,12239,4.0,0.9869499802589417,0.8205625414848328,0.028703860938549042,0.8468330502510071,0.7981499433517456,0.028703860938549042,0.0,0.0,0.0,0.0,,,,,,,,,,,,
9,,,12249,4.0,0.991100013256073,0.7730052471160889,0.021265530958771706,0.8121540546417236,0.7427765727043152,0.021265530958771706,0.0,0.0,0.0,0.0,,,,,,,,,,,,
9,,,12259,4.0,0.9809499979019165,0.6988921761512756,0.04430290684103966,0.8555135130882263,0.6402146816253662,0.04430290684103966,0.0,0.0,0.0,0.0,,,,,,,,,,,,
9,,,12269,4.0,0.9753999710083008,0.8002517223358154,0.0573447160422802,0.8423364162445068,0.7680423259735107,0.0573447160422802,0.0,0.0,0.0,0.0,,,,,,,,,,,,
9,,,12279,4.0,0.9839000105857849,0.7293570041656494,0.043942783027887344,0.7799575328826904,0.6947808265686035,0.043942783027887344,0.0,0.0,0.0,0.0,,,,,,,,,,,,
9,,,12289,4.0,0.9919000267982483,0.7539821863174438,0.01873673126101494,0.7772120833396912,0.734420895576477,0.01873673126101494,0.0,0.0,0.0,0.0,,,,,,,,,,,,
9,,,12299,4.0,0.9930499792098999,0.8589619994163513,0.01886337250471115,0.892435610294342,0.8308868408203125,0.01886337250471115,0.0,0.0,0.0,0.0,,,,,,,,,,,,
9,,,12309,4.0,0.986299991607666,0.8030104637145996,0.028520938009023666,0.7964392900466919,0.8098950386047363,0.028520938009023666,0.0,0.0,0.0,0.0,,,,,,,,,,,,
9,,,12319,4.0,0.9761499762535095,0.6676610708236694,0.07141047716140747,0.8057430982589722,0.6179109811782837,0.07141047716140747,0.0,0.0,0.0,0.0,,,,,,,,,,,,
9,,,12329,4.0,0.9800500273704529,0.6467725038528442,0.03994838520884514,0.9529197216033936,0.5906348824501038,0.03994838520884514,0.0,0.0,0.0,0.0,,,,,,,,,,,,
9,,,12339,4.0,0.9764500260353088,0.7756916284561157,0.050387561321258545,0.8084771633148193,0.7496192455291748,0.050387561321258545,0.0,0.0,0.0,0.0,,,,,,,,,,,,
9,,,12349,4.0,0.990149974822998,0.8866828680038452,0.02340932935476303,0.9116510152816772,0.8647074699401855,0.02340932935476303,0.0,0.0,0.0,0.0,,,,,,,,,,,,
9,,,12359,4.0,0.9897500276565552,0.8889098763465881,0.022633887827396393,0.9009366035461426,0.8776218891143799,0.022633887827396393,0.0,0.0,0.0,0.0,,,,,,,,,,,,
9,,,12369,4.0,0.9926999807357788,0.8898351192474365,0.017047058790922165,0.9192616939544678,0.864403486251831,0.017047058790922165,0.0,0.0,0.0,0.0,,,,,,,,,,,,
9,,,12379,4.0,0.9782999753952026,0.7126502990722656,0.0631389394402504,0.8284131288528442,0.6591492295265198,0.0631389394402504,0.0,0.0,0.0,0.0,,,,,,,,,,,,
9,,,12379,,,,,,,,,,,,,0.9869304299354553,0.794058620929718,0.030874045565724373,0.8311731219291687,0.7796417474746704,0.030874045565724373,0.0,0.0,0.0,0.0,
,9.757729755661011e-05,0.0009757729755661011,12380,,,,,,,,,,,,,,,,,,,,,,,
10,,,12389,4.0,0.9836500287055969,0.5019207000732422,0.039508942514657974,0.9918241500854492,0.503039538860321,5.504387378692627,,5.464878559112549,,,153.0,,,,,,,,,,,
10,,,12399,4.0,0.9871000051498413,0.8582860231399536,0.04386500269174576,0.8473916053771973,0.8699311017990112,6.404674530029297,,6.360809326171875,,,368.0,,,,,,,,,,,
10,,,12409,4.0,0.9775000214576721,0.7723351716995239,0.07366630434989929,0.8431766033172607,0.7269472479820251,5.8886613845825195,,5.814995288848877,,,248.0,,,,,,,,,,,
10,,,12419,4.0,0.9885500073432922,0.6115942001342773,0.03297848999500275,0.6441047191619873,0.5913630127906799,4.697084903717041,,4.664106369018555,,,80.0,,,,,,,,,,,
10,,,12429,4.0,0.9564999938011169,0.4900294244289398,0.1389973759651184,0.9782489538192749,0.5005740523338318,6.123702526092529,,5.984704971313477,,,244.0,,,,,,,,,,,
10,,,12439,4.0,0.9826499819755554,0.5911865830421448,0.0650915801525116,0.745380163192749,0.5578902959823608,5.316404342651367,,5.251312732696533,,,223.0,,,,,,,,,,,
10,,,12449,4.0,0.9754499793052673,0.4937862157821655,0.07500442862510681,0.48772498965263367,0.5,8.276297569274902,,8.201292991638184,,,298.0,,,,,,,,,,,
10,,,12459,4.0,0.9779999852180481,0.4944388270378113,0.09008503705263138,0.48899999260902405,0.5,5.587595462799072,,5.4975104331970215,,,236.0,,,,,,,,,,,
10,,,12469,4.0,0.9807500243186951,0.4951407313346863,0.07164065539836884,0.49037501215934753,0.5,6.049881458282471,,5.978240966796875,,,275.0,,,,,,,,,,,
10,,,12479,4.0,0.9911500215530396,0.49777767062187195,0.03909286484122276,0.4955750107765198,0.5,4.27386474609375,,4.234771728515625,,,80.0,,,,,,,,,,,
10,,,12489,4.0,0.9814000129699707,0.4953063428401947,0.07729370146989822,0.49070000648498535,0.5,5.1023664474487305,,5.0250725746154785,,,107.0,,,,,,,,,,,
10,,,12499,4.0,0.9668999910354614,0.49158573150634766,0.12081249058246613,0.4834499955177307,0.5,6.076355457305908,,5.955543041229248,,,259.0,,,,,,,,,,,
10,,,12509,4.0,0.9821500182151794,0.49549731612205505,0.06036762148141861,0.4910750091075897,0.5,5.291289806365967,,5.230922222137451,,,211.0,,,,,,,,,,,
10,,,12519,4.0,0.9871500134468079,0.49676671624183655,0.0653492882847786,0.49357500672340393,0.5,4.940442085266113,,4.87509298324585,,,162.0,,,,,,,,,,,
10,,,12529,4.0,0.9730499982833862,0.49317046999931335,0.08083514124155045,0.4865249991416931,0.5,5.5527849197387695,,5.471949577331543,,,275.0,,,,,,,,,,,
10,,,12539,4.0,0.990149974822998,0.49752530455589294,0.04347104951739311,0.495074987411499,0.5,4.57309103012085,,4.529620170593262,,,115.0,,,,,,,,,,,
10,,,12549,4.0,0.9839500188827515,0.49595504999160767,0.054126910865306854,0.49197500944137573,0.5,5.002019882202148,,4.947893142700195,,,183.0,,,,,,,,,,,
10,,,12559,4.0,0.9685500264167786,0.4920118749141693,0.09332051873207092,0.4842750132083893,0.5,5.785682678222656,,5.692362308502197,,,367.0,,,,,,,,,,,
10,,,12569,4.0,0.9592999815940857,0.4896136522293091,0.1465466022491455,0.48056307435035706,0.49901166558265686,5.93295955657959,,5.786412715911865,,,335.0,,,,,,,,,,,
10,,,12579,4.0,0.9620000123977661,0.4903160035610199,0.13881032168865204,0.48100000619888306,0.5,5.949508190155029,,5.81069803237915,,,314.0,,,,,,,,,,,
10,,,12589,4.0,0.9764500260353088,0.5003307461738586,0.09153551608324051,0.8632476329803467,0.5031456351280212,5.344302177429199,,5.2527666091918945,,,202.0,,,,,,,,,,,
10,,,12599,4.0,0.965399980545044,0.5119666457176208,0.14051559567451477,0.511403501033783,0.5126460790634155,5.504626750946045,,5.364110946655273,,,198.0,,,,,,,,,,,
10,,,12609,4.0,0.942799985408783,0.637998104095459,0.1845960021018982,0.6437206268310547,0.632800281047821,6.742152690887451,,6.557556629180908,,,593.0,,,,,,,,,,,
10,,,12619,4.0,0.9717000126838684,0.5015022158622742,0.12160085141658783,0.5411925911903381,0.5036640763282776,5.766361236572266,,5.644760608673096,,,316.0,,,,,,,,,,,
10,,,12629,4.0,0.970550000667572,0.49252745509147644,0.11444763094186783,0.485275000333786,0.5,5.659925937652588,,5.545478343963623,,,231.0,,,,,,,,,,,
10,,,12639,4.0,0.9909999966621399,0.4977398216724396,0.04731370881199837,0.49549999833106995,0.5,4.233789443969727,,4.18647575378418,,,54.0,,,,,,,,,,,
10,,,12649,4.0,0.9768499732017517,0.5480863451957703,0.06354441493749619,0.5451163649559021,0.5515499711036682,4.744025707244873,,4.680481433868408,,,130.0,,,,,,,,,,,
10,,,12659,4.0,0.9791499972343445,0.6653198003768921,0.07774971425533295,0.7578772902488708,0.6231542229652405,5.787187099456787,,5.709437370300293,,,317.0,,,,,,,,,,,
10,,,12669,4.0,0.9877499938011169,0.49691861867904663,0.0635308101773262,0.49387499690055847,0.5,5.181331157684326,,5.117800235748291,,,192.0,,,,,,,,,,,
10,,,12679,4.0,0.9689499735832214,0.4968985915184021,0.10253451019525528,0.9844726324081421,0.5024038553237915,5.787851810455322,,5.685317516326904,,,322.0,,,,,,,,,,,
10,,,12689,4.0,0.9902999997138977,0.5683577060699463,0.055656902492046356,0.634119987487793,0.5465601682662964,4.433089256286621,,4.377432346343994,,,77.0,,,,,,,,,,,
10,,,12699,4.0,0.977400004863739,0.5029799342155457,0.09629085659980774,0.8887221813201904,0.5043700337409973,5.2977142333984375,,5.201423168182373,,,200.0,,,,,,,,,,,
10,,,12709,4.0,0.9765499830245972,0.5931957960128784,0.09066098928451538,0.5812219977378845,0.6098728775978088,4.985473155975342,,4.894812107086182,,,139.0,,,,,,,,,,,
10,,,12719,4.0,0.9636499881744385,0.6889705061912537,0.08516822755336761,0.6361843943595886,0.8305792808532715,5.665839672088623,,5.580671310424805,,,202.0,,,,,,,,,,,
10,,,12729,4.0,0.9879999756813049,0.4969818890094757,0.0498754121363163,0.49399998784065247,0.5,4.864490032196045,,4.814614772796631,,,164.0,,,,,,,,,,,
10,,,12739,4.0,0.9577500224113464,0.6497407555580139,0.1711779683828354,0.636478841304779,0.6663914918899536,5.8058552742004395,,5.634677410125732,,,293.0,,,,,,,,,,,
10,,,12749,4.0,0.9886999726295471,0.497158944606781,0.047068119049072266,0.49434998631477356,0.5,4.568872451782227,,4.521804332733154,,,86.0,,,,,,,,,,,
10,,,12759,4.0,0.9815999865531921,0.5551600456237793,0.0628804862499237,0.5956424474716187,0.5397682785987854,4.798453330993652,,4.735572814941406,,,137.0,,,,,,,,,,,
10,,,12769,4.0,0.9602000117301941,0.5664063096046448,0.150115966796875,0.7283926010131836,0.5434135794639587,6.04436731338501,,5.894251346588135,,,413.0,,,,,,,,,,,
10,,,12779,4.0,0.9889500141143799,0.4972221553325653,0.07751325517892838,0.49447500705718994,0.5,4.76923942565918,,4.691726207733154,,,133.0,,,,,,,,,,,
10,,,12789,4.0,0.9745500087738037,0.5349894165992737,0.11284123361110687,0.7491366863250732,0.5219660997390747,5.594849109649658,,5.48200798034668,,,241.0,,,,,,,,,,,
10,,,12799,4.0,0.9860000014305115,0.5103635191917419,0.06524982303380966,0.7787868976593018,0.5070413947105408,4.714024066925049,,4.648774147033691,,,97.0,,,,,,,,,,,
10,,,12809,4.0,0.9871000051498413,0.5117909908294678,0.06303741782903671,0.5892067551612854,0.5077329874038696,5.201724529266357,,5.1386871337890625,,,174.0,,,,,,,,,,,
10,,,12819,4.0,0.9825999736785889,0.5068469047546387,0.06071260944008827,0.991298258304596,0.5056818127632141,5.679842948913574,,5.6191301345825195,,,279.0,,,,,,,,,,,
10,,,12829,4.0,0.9685500264167786,0.5433524250984192,0.08899462968111038,0.742215633392334,0.5276484489440918,5.806336402893066,,5.717341899871826,,,383.0,,,,,,,,,,,
10,,,12839,4.0,0.9849500060081482,0.49950912594795227,0.06153714656829834,0.5759311318397522,0.5015565752983093,5.089470386505127,,5.027933120727539,,,161.0,,,,,,,,,,,
10,,,12849,4.0,0.9699000120162964,0.49236002564430237,0.10297973453998566,0.4849500060081482,0.5,5.754749774932861,,5.651770114898682,,,366.0,,,,,,,,,,,
10,,,12859,4.0,0.9731500148773193,0.5690089464187622,0.11745001375675201,0.693359375,0.5447409749031067,5.770124435424805,,5.652674198150635,,,281.0,,,,,,,,,,,
10,,,12869,4.0,0.9862499833106995,0.4965386986732483,0.06314224004745483,0.4936680495738983,0.4994429647922516,4.755886554718018,,4.692744255065918,,,95.0,,,,,,,,,,,
10,,,12879,4.0,0.9703999757766724,0.5902873873710632,0.10436732321977615,0.7656079530715942,0.5578384399414062,5.756874084472656,,5.6525068283081055,,,282.0,,,,,,,,,,,
10,,,12889,4.0,0.9787999987602234,0.5061625838279724,0.07471799850463867,0.7395197153091431,0.5057685375213623,5.301712512969971,,5.226994514465332,,,174.0,,,,,,,,,,,
10,,,12899,4.0,0.9711999893188477,0.565376877784729,0.0725431814789772,0.6067150831222534,0.5485929250717163,5.941971778869629,,5.869428634643555,,,341.0,,,,,,,,,,,
10,,,12909,4.0,0.9859499931335449,0.613621175289154,0.05957656726241112,0.9929598569869995,0.5663580298423767,5.702332973480225,,5.642756462097168,,,237.0,,,,,,,,,,,
10,,,12919,4.0,0.9672999978065491,0.49168911576271057,0.1120758056640625,0.48364999890327454,0.5,6.0433759689331055,,5.931300163269043,,,274.0,,,,,,,,,,,
10,,,12929,4.0,0.9927999973297119,0.5481927394866943,0.07261261343955994,0.9963985681533813,0.5263158082962036,4.160305976867676,,4.087693214416504,,,52.0,,,,,,,,,,,
10,,,12939,4.0,0.9694499969482422,0.5002936124801636,0.10046868771314621,0.8419125080108643,0.504020094871521,5.970432281494141,,5.869963645935059,,,330.0,,,,,,,,,,,
10,,,12949,4.0,0.9764000177383423,0.49402955174446106,0.07665257900953293,0.4891538619995117,0.49900341033935547,5.254232406616211,,5.177579879760742,,,224.0,,,,,,,,,,,
10,,,12959,4.0,0.9948999881744385,0.49872174859046936,0.030478226020932198,0.49744999408721924,0.5,3.863973617553711,,3.8334953784942627,,,52.0,,,,,,,,,,,
10,,,12969,4.0,0.984749972820282,0.6829988360404968,0.0619313046336174,0.7487159371376038,0.6454928517341614,5.103198051452637,,5.041266918182373,,,179.0,,,,,,,,,,,
10,,,12979,4.0,0.9731500148773193,0.5128703713417053,0.09041409939527512,0.7762361168861389,0.5099796652793884,5.589158058166504,,5.498744010925293,,,299.0,,,,,,,,,,,
10,,,12989,4.0,0.9765499830245972,0.5456850528717041,0.06606563180685043,0.7258357405662537,0.5282020568847656,6.093135833740234,,6.027070045471191,,,402.0,,,,,,,,,,,
10,,,12999,4.0,0.978950023651123,0.5360707640647888,0.06696658581495285,0.8550211191177368,0.5217610597610474,5.7162981033325195,,5.649331569671631,,,254.0,,,,,,,,,,,
10,,,13009,4.0,0.9541000127792358,0.48825547099113464,0.17061719298362732,0.4770500063896179,0.5,6.22001314163208,,6.04939603805542,,,338.0,,,,,,,,,,,
10,,,13019,4.0,0.9626500010490417,0.4904848039150238,0.11491438001394272,0.4813250005245209,0.5,6.159871578216553,,6.044957160949707,,,354.0,,,,,,,,,,,
10,,,13029,4.0,0.9472000002861023,0.5351202487945557,0.22606737911701202,0.5734978914260864,0.5264433026313782,6.527981758117676,,6.301914215087891,,,339.0,,,,,,,,,,,
10,,,13039,4.0,0.9793999791145325,0.6479710340499878,0.09510008245706558,0.7279257774353027,0.6108641624450684,5.480892658233643,,5.3857927322387695,,,188.0,,,,,,,,,,,
10,,,13049,4.0,0.9794999957084656,0.6165758371353149,0.05193706229329109,0.6094433069229126,0.6247883439064026,5.622543811798096,,5.570606708526611,,,151.0,,,,,,,,,,,
10,,,13059,4.0,0.9908999800682068,0.4977146089076996,0.03525159880518913,0.4957226514816284,0.4997226297855377,4.513116359710693,,4.477864742279053,,,82.0,,,,,,,,,,,
10,,,13069,4.0,0.9876999855041504,0.49690598249435425,0.05261189490556717,0.4938746988773346,0.49997469782829285,4.810001373291016,,4.757389545440674,,,151.0,,,,,,,,,,,
10,,,13079,4.0,0.9801999926567078,0.4950005114078522,0.06505817174911499,0.4900999963283539,0.5,5.663764953613281,,5.5987067222595215,,,273.0,,,,,,,,,,,
10,,,13089,4.0,0.9738500118255615,0.6012976765632629,0.13216055929660797,0.8064656257629395,0.5639277696609497,5.533344745635986,,5.40118408203125,,,199.0,,,,,,,,,,,
10,,,13099,4.0,0.9800999760627747,0.4949750006198883,0.06584237515926361,0.49004998803138733,0.5,5.4166741371154785,,5.350831985473633,,,223.0,,,,,,,,,,,
10,,,13109,4.0,0.9300000071525574,0.6407542824745178,0.1687372773885727,0.6063389182090759,0.7335561513900757,6.363689422607422,,6.194952011108398,,,328.0,,,,,,,,,,,
10,,,13119,4.0,0.982699990272522,0.49563726782798767,0.05844830349087715,0.491349995136261,0.5,5.09663724899292,,5.038188934326172,,,150.0,,,,,,,,,,,
10,,,13129,4.0,0.9781000018119812,0.4967368245124817,0.07720024138689041,0.9890494346618652,0.5011389255523682,5.5005974769592285,,5.423397064208984,,,283.0,,,,,,,,,,,
10,,,13139,4.0,0.9718000292778015,0.4963695704936981,0.11591407656669617,0.49652934074401855,0.49889084696769714,6.310491561889648,,6.194577693939209,,,237.0,,,,,,,,,,,
10,,,13149,4.0,0.9522500038146973,0.5632725954055786,0.12759917974472046,0.5806736946105957,0.5530507564544678,6.659467697143555,,6.5318684577941895,,,523.0,,,,,,,,,,,
10,,,13159,4.0,0.9903500080108643,0.6613331437110901,0.056212347000837326,0.7826191186904907,0.6137501001358032,4.762730121612549,,4.706517696380615,,,90.0,,,,,,,,,,,
10,,,13169,4.0,0.9830499887466431,0.4957262873649597,0.07767540216445923,0.49152499437332153,0.5,5.398118019104004,,5.3204426765441895,,,142.0,,,,,,,,,,,
10,,,13179,4.0,0.9745000004768372,0.5298997759819031,0.09284365177154541,0.8719990253448486,0.5189298987388611,5.541471004486084,,5.448627471923828,,,187.0,,,,,,,,,,,
10,,,13189,4.0,0.9664999842643738,0.49444881081581116,0.134310781955719,0.9832483530044556,0.5014880895614624,5.92841911315918,,5.7941083908081055,,,376.0,,,,,,,,,,,
10,,,13199,4.0,0.9904999732971191,0.49761366844177246,0.037087105214595795,0.49524998664855957,0.5,4.64630651473999,,4.609219551086426,,,114.0,,,,,,,,,,,
10,,,13209,4.0,0.9805499911308289,0.49508973956108093,0.10019837319850922,0.49027499556541443,0.5,5.238418102264404,,5.138219833374023,,,148.0,,,,,,,,,,,
10,,,13219,4.0,0.9783999919891357,0.4945410490036011,0.061458833515644073,0.48919999599456787,0.5,5.776073932647705,,5.7146148681640625,,,243.0,,,,,,,,,,,
10,,,13229,4.0,0.9832000136375427,0.6701637506484985,0.07882972806692123,0.9330349564552307,0.6083893179893494,5.459456920623779,,5.380627155303955,,,243.0,,,,,,,,,,,
10,,,13239,4.0,0.9797000288963318,0.4973236620426178,0.08811405301094055,0.5614250898361206,0.5010938048362732,5.617398738861084,,5.529284477233887,,,300.0,,,,,,,,,,,
10,,,13249,4.0,0.9681000113487244,0.5870423913002014,0.09060630202293396,0.6058555841445923,0.5744461417198181,5.748959064483643,,5.658352851867676,,,311.0,,,,,,,,,,,
10,,,13259,4.0,0.9603000283241272,0.4985337257385254,0.11791621148586273,0.917667031288147,0.5043489336967468,5.78387975692749,,5.665963649749756,,,302.0,,,,,,,,,,,
10,,,13269,4.0,0.9700999855995178,0.5782601833343506,0.09255663305521011,0.5669386386871338,0.5951653122901917,4.889843463897705,,4.7972869873046875,,,123.0,,,,,,,,,,,
10,,,13279,4.0,0.9556499719619751,0.534694254398346,0.13058409094810486,0.5329887866973877,0.5366734862327576,5.353812217712402,,5.2232279777526855,,,229.0,,,,,,,,,,,
10,,,13289,4.0,0.974049985408783,0.5065581202507019,0.09655356407165527,0.6931465268135071,0.5065262913703918,5.507436752319336,,5.410882949829102,,,193.0,,,,,,,,,,,
10,,,13299,4.0,0.9502999782562256,0.5889376997947693,0.1412632316350937,0.5674446821212769,0.6422438025474548,5.251101493835449,,5.109838485717773,,,190.0,,,,,,,,,,,
10,,,13309,4.0,0.9679999947547913,0.4918699264526367,0.13528454303741455,0.48399999737739563,0.5,5.949850559234619,,5.814566135406494,,,389.0,,,,,,,,,,,
10,,,13319,4.0,0.9504500031471252,0.5853531360626221,0.09877593070268631,0.5727893710136414,0.6050910353660583,5.580796241760254,,5.482020378112793,,,235.0,,,,,,,,,,,
10,,,13329,4.0,0.9652500152587891,0.6019763946533203,0.10274892300367355,0.5847101211547852,0.6301308870315552,5.0130720138549805,,4.910323143005371,,,124.0,,,,,,,,,,,
10,,,13339,4.0,0.9502999782562256,0.4872583746910095,0.230676531791687,0.4751499891281128,0.5,6.4888081550598145,,6.258131504058838,,,358.0,,,,,,,,,,,
10,,,13349,4.0,0.9814000129699707,0.4953063428401947,0.05820989981293678,0.49070000648498535,0.5,5.369157314300537,,5.310947418212891,,,215.0,,,,,,,,,,,
10,,,13359,4.0,0.9855999946594238,0.49637389183044434,0.06970614939928055,0.49403509497642517,0.4987349510192871,5.120984077453613,,5.051278114318848,,,152.0,,,,,,,,,,,
10,,,13369,4.0,0.9704999923706055,0.4975470006465912,0.07908757030963898,0.5030034780502319,0.5005958676338196,5.688225269317627,,5.609137535095215,,,251.0,,,,,,,,,,,
10,,,13379,4.0,0.9785500168800354,0.49457937479019165,0.08036702126264572,0.4892750084400177,0.5,5.374541759490967,,5.294174671173096,,,185.0,,,,,,,,,,,
10,,,13389,4.0,0.9939500093460083,0.49848291277885437,0.027998505160212517,0.49697500467300415,0.5,3.811694860458374,,3.783696413040161,,,42.0,,,,,,,,,,,
10,,,13399,4.0,0.9710999727249146,0.636713981628418,0.10068769752979279,0.7771531939506531,0.5937098264694214,5.624180316925049,,5.523492813110352,,,245.0,,,,,,,,,,,
10,,,13409,4.0,0.9750499725341797,0.6437194347381592,0.07996444404125214,0.8873741626739502,0.5917055606842041,5.662788391113281,,5.582823753356934,,,267.0,,,,,,,,,,,
10,,,13419,4.0,0.9836500287055969,0.6516528725624084,0.05398762971162796,0.6924604177474976,0.6256059408187866,4.9530158042907715,,4.899028301239014,,,137.0,,,,,,,,,,,
10,,,13429,4.0,0.9513499736785889,0.6028553247451782,0.14578890800476074,0.7758381962776184,0.5689606070518494,6.13393497467041,,5.9881463050842285,,,409.0,,,,,,,,,,,
10,,,13439,4.0,0.9746999740600586,0.5215741991996765,0.08445601165294647,0.7654111385345459,0.5144269466400146,5.448263645172119,,5.363807678222656,,,213.0,,,,,,,,,,,
10,,,13449,4.0,0.9831500053405762,0.5625841617584229,0.0664721131324768,0.7021290063858032,0.5388404130935669,4.850768566131592,,4.78429651260376,,,137.0,,,,,,,,,,,
10,,,13459,4.0,0.9797000288963318,0.49487295746803284,0.06839901208877563,0.4898500144481659,0.5,5.173619747161865,,5.105220794677734,,,157.0,,,,,,,,,,,
10,,,13469,4.0,0.949400007724762,0.48702165484428406,0.15931563079357147,0.474700003862381,0.5,6.237166404724121,,6.077850818634033,,,351.0,,,,,,,,,,,
10,,,13479,4.0,0.9721999764442444,0.632809579372406,0.06024797260761261,0.5979486703872681,0.7151879072189331,4.814635276794434,,4.754387378692627,,,111.0,,,,,,,,,,,
10,,,13489,4.0,0.9714499711990356,0.4927591383457184,0.11086554080247879,0.4857249855995178,0.5,5.741838455200195,,5.630972862243652,,,300.0,,,,,,,,,,,
10,,,13499,4.0,0.9739000201225281,0.5682918429374695,0.11502713710069656,0.6659014225006104,0.5453685522079468,5.4793219566345215,,5.36429500579834,,,255.0,,,,,,,,,,,
10,,,13509,4.0,0.9884499907493591,0.4970957338809967,0.04049800708889961,0.49422499537467957,0.5,5.367320537567139,,5.326822757720947,,,158.0,,,,,,,,,,,
10,,,13519,4.0,0.9654499888420105,0.4912106692790985,0.18508988618850708,0.48279741406440735,0.49992233514785767,6.167198181152344,,5.982108116149902,,,494.0,,,,,,,,,,,
10,,,13529,4.0,0.9808499813079834,0.5053954124450684,0.06518387794494629,0.5323455929756165,0.5047034025192261,5.009951591491699,,4.944767951965332,,,125.0,,,,,,,,,,,
10,,,13539,4.0,0.9658499956130981,0.49131420254707336,0.0883820503950119,0.4829249978065491,0.5,6.132008075714111,,6.043625831604004,,,356.0,,,,,,,,,,,
10,,,13549,4.0,0.9815999865531921,0.7060174942016602,0.06280121207237244,0.8146881461143494,0.6546516418457031,5.391208171844482,,5.328406810760498,,,242.0,,,,,,,,,,,
10,,,13559,4.0,0.9935500025749207,0.4983822703361511,0.034721508622169495,0.4968246817588806,0.49994969367980957,4.0677900314331055,,4.033068656921387,,,63.0,,,,,,,,,,,
10,,,13569,4.0,0.9742000102996826,0.49346572160720825,0.08279489725828171,0.4871000051498413,0.5,5.730690956115723,,5.6478962898254395,,,334.0,,,,,,,,,,,
10,,,13579,4.0,0.9452999830245972,0.6360242962837219,0.11623696237802505,0.5912712216377258,0.8642727136611938,5.825041770935059,,5.708804607391357,,,278.0,,,,,,,,,,,
10,,,13589,4.0,0.9871500134468079,0.536191463470459,0.05304085090756416,0.8374449610710144,0.5207858681678772,4.813751220703125,,4.7607102394104,,,125.0,,,,,,,,,,,
10,,,13599,4.0,0.961899995803833,0.49289998412132263,0.09565984457731247,0.5811405777931213,0.5011149048805237,5.9408979415893555,,5.845238208770752,,,373.0,,,,,,,,,,,
10,,,13609,4.0,0.9779999852180481,0.6111446619033813,0.057094935327768326,0.7334645390510559,0.5750203132629395,6.231460094451904,,6.174365043640137,,,249.0,,,,,,,,,,,
,9.707359806323417e-05,0.0009707359806323416,13618,,,,,,,,,,,,,,,,,,,,,,,
11,,,13619,4.0,0.98089998960495,0.4951789677143097,0.08586891740560532,0.490449994802475,0.5,5.326847076416016,,5.240978240966797,,,232.0,,,,,,,,,,,
11,,,13629,4.0,0.965399980545044,0.5146060585975647,0.12587212026119232,0.650174617767334,0.511712908744812,5.816806316375732,,5.690934181213379,,,333.0,,,,,,,,,,,
11,,,13639,4.0,0.9808499813079834,0.5078876614570618,0.04431956633925438,0.5069420337677002,0.5094637870788574,4.152590274810791,,4.108270645141602,,,63.0,,,,,,,,,,,
11,,,13649,4.0,0.9876499772071838,0.8083114624023438,0.042201582342386246,0.9196609258651733,0.7448640465736389,5.5336737632751465,,5.491472244262695,,,281.0,,,,,,,,,,,
11,,,13659,4.0,0.9772999882698059,0.49425986409187317,0.07433823496103287,0.48864999413490295,0.5,5.480894565582275,,5.406556129455566,,,252.0,,,,,,,,,,,
11,,,13669,4.0,0.9697999954223633,0.492334246635437,0.08084984868764877,0.48497274518013,0.49992266297340393,5.855978012084961,,5.775128364562988,,,350.0,,,,,,,,,,,
11,,,13679,4.0,0.9772999882698059,0.5754278898239136,0.09018347412347794,0.7827185392379761,0.5463156700134277,5.512592315673828,,5.4224090576171875,,,225.0,,,,,,,,,,,
11,,,13689,4.0,0.9602500200271606,0.511512279510498,0.12859869003295898,0.7803956270217896,0.510923445224762,6.0460076332092285,,5.9174089431762695,,,372.0,,,,,,,,,,,
11,,,13699,4.0,0.9653000235557556,0.49117183685302734,0.12937718629837036,0.4826500117778778,0.5,5.976809978485107,,5.847432613372803,,,426.0,,,,,,,,,,,
11,,,13709,4.0,0.9768999814987183,0.5321518778800964,0.06869763135910034,0.6912521123886108,0.5202550888061523,5.432085990905762,,5.363388538360596,,,217.0,,,,,,,,,,,
11,,,13719,4.0,0.980650007724762,0.522007405757904,0.06061334162950516,0.625203013420105,0.5141815543174744,5.362395286560059,,5.301782131195068,,,235.0,,,,,,,,,,,
11,,,13729,4.0,0.9663000106811523,0.6844155192375183,0.08179794996976852,0.7305583953857422,0.6547632217407227,5.944249153137207,,5.862451076507568,,,350.0,,,,,,,,,,,
11,,,13739,4.0,0.9765499830245972,0.7578351497650146,0.06582620739936829,0.7327167987823486,0.7896386384963989,5.4659833908081055,,5.4001569747924805,,,249.0,,,,,,,,,,,
11,,,13749,4.0,0.9770500063896179,0.4941959083080292,0.06626849621534348,0.48852500319480896,0.5,5.3552117347717285,,5.288943290710449,,,197.0,,,,,,,,,,,
11,,,13759,4.0,0.9822499752044678,0.5593989491462708,0.05029761418700218,0.8247666358947754,0.5349949598312378,5.121946334838867,,5.071648597717285,,,180.0,,,,,,,,,,,
11,,,13769,4.0,0.991100013256073,0.49776506423950195,0.03301207721233368,0.49579790234565735,0.4997478723526001,4.959457874298096,,4.926445960998535,,,138.0,,,,,,,,,,,
11,,,13779,4.0,0.9918000102043152,0.4979415535926819,0.03228669613599777,0.4959000051021576,0.5,4.340726852416992,,4.308440208435059,,,71.0,,,,,,,,,,,
11,,,13789,4.0,0.9933000206947327,0.4983193576335907,0.049103785306215286,0.4982943832874298,0.498344361782074,3.1993463039398193,,3.150242567062378,,,26.0,,,,,,,,,,,
11,,,13799,4.0,0.9697999954223633,0.6266733407974243,0.07881084829568863,0.8905597925186157,0.5798783302307129,6.555952072143555,,6.477141380310059,,,313.0,,,,,,,,,,,
11,,,13809,4.0,0.9732000231742859,0.49320900440216064,0.08194248378276825,0.48660001158714294,0.5,5.437397003173828,,5.355454444885254,,,217.0,,,,,,,,,,,
11,,,13819,4.0,0.9757999777793884,0.6745719313621521,0.06741639226675034,0.7781248092651367,0.6291383504867554,5.867758274078369,,5.800342082977295,,,295.0,,,,,,,,,,,
11,,,13829,4.0,0.9507499933242798,0.5456304550170898,0.11591596901416779,0.5480577945709229,0.5435106158256531,5.600473880767822,,5.48455810546875,,,268.0,,,,,,,,,,,
11,,,13839,4.0,0.9733999967575073,0.5852643847465515,0.08473321795463562,0.6732359528541565,0.5587101578712463,5.344029426574707,,5.259296417236328,,,197.0,,,,,,,,,,,
11,,,13849,4.0,0.9797000288963318,0.6161247491836548,0.06637594848871231,0.5854779481887817,0.6869467496871948,4.531686305999756,,4.465310573577881,,,84.0,,,,,,,,,,,
11,,,13859,4.0,0.9875500202178955,0.4968680143356323,0.04577438905835152,0.49377501010894775,0.5,4.659008979797363,,4.613234519958496,,,125.0,,,,,,,,,,,
11,,,13869,4.0,0.9606999754905701,0.4899780750274658,0.13044175505638123,0.48034998774528503,0.5,5.881832599639893,,5.7513909339904785,,,333.0,,,,,,,,,,,
11,,,13879,4.0,0.9879500269889832,0.4969692528247833,0.06782100349664688,0.4939750134944916,0.5,4.5762529373168945,,4.508431911468506,,,87.0,,,,,,,,,,,
11,,,13889,4.0,0.9678000211715698,0.49181827902793884,0.10452090203762054,0.4839000105857849,0.5,5.868093490600586,,5.763572692871094,,,338.0,,,,,,,,,,,
11,,,13899,4.0,0.9722499847412109,0.5249985456466675,0.07336636632680893,0.6481038331985474,0.5167628526687622,5.314656734466553,,5.24129056930542,,,172.0,,,,,,,,,,,
11,,,13909,4.0,0.9791499972343445,0.6243756413459778,0.06193707138299942,0.6320353150367737,0.6176106333732605,4.925960540771484,,4.864023685455322,,,125.0,,,,,,,,,,,
11,,,13919,4.0,0.9771999716758728,0.585617184638977,0.07174844294786453,0.9523051977157593,0.5505932569503784,5.498857498168945,,5.427109241485596,,,284.0,,,,,,,,,,,
11,,,13929,4.0,0.9646999835968018,0.6113950610160828,0.07426668703556061,0.7104952931404114,0.5786862969398499,5.666843891143799,,5.59257698059082,,,299.0,,,,,,,,,,,
11,,,13939,4.0,0.9818500280380249,0.6599104404449463,0.061069414019584656,0.6862457990646362,0.6403818130493164,5.2619805335998535,,5.200911045074463,,,190.0,,,,,,,,,,,
11,,,13949,4.0,0.9891999959945679,0.4972853362560272,0.037399813532829285,0.49472367763519287,0.49987366795539856,5.181787490844727,,5.144387722015381,,,180.0,,,,,,,,,,,
11,,,13959,4.0,0.9690999984741211,0.6668239235877991,0.09189994633197784,0.7038216590881348,0.6419763565063477,5.729462146759033,,5.637562274932861,,,286.0,,,,,,,,,,,
11,,,13969,4.0,0.9746500253677368,0.4974943995475769,0.11424798518419266,0.6540879011154175,0.5018776059150696,5.612764835357666,,5.498517036437988,,,306.0,,,,,,,,,,,
11,,,13979,4.0,0.9569500088691711,0.48900073766708374,0.12986832857131958,0.47847500443458557,0.5,5.903327465057373,,5.773458957672119,,,298.0,,,,,,,,,,,
11,,,13989,4.0,0.9767000079154968,0.49410635232925415,0.07505673170089722,0.4883500039577484,0.5,5.414427280426025,,5.3393707275390625,,,246.0,,,,,,,,,,,
11,,,13999,4.0,0.9685500264167786,0.4920118749141693,0.11307225376367569,0.48458999395370483,0.49966466426849365,6.047147750854492,,5.934075355529785,,,288.0,,,,,,,,,,,
11,,,14009,4.0,0.9664999842643738,0.49148231744766235,0.1292983591556549,0.4832499921321869,0.5,5.7886199951171875,,5.6593217849731445,,,262.0,,,,,,,,,,,
11,,,14019,4.0,0.963699996471405,0.4907572567462921,0.11323019117116928,0.4821633994579315,0.49966299533843994,5.956033706665039,,5.842803478240967,,,289.0,,,,,,,,,,,
11,,,14029,4.0,0.9764999747276306,0.7142370939254761,0.0670129731297493,0.7905670404434204,0.6710150837898254,5.694740295410156,,5.627727508544922,,,256.0,,,,,,,,,,,
11,,,14039,4.0,0.9829000234603882,0.49568814039230347,0.0723671242594719,0.4914500117301941,0.5,5.1552581787109375,,5.08289098739624,,,166.0,,,,,,,,,,,
11,,,14049,4.0,0.9757500290870667,0.4938630759716034,0.07315395772457123,0.4878750145435333,0.5,5.471444606781006,,5.398290634155273,,,274.0,,,,,,,,,,,
11,,,14059,4.0,0.9840999841690063,0.5112360119819641,0.05443551018834114,0.9920480251312256,0.5077399611473083,4.864078521728516,,4.809642791748047,,,139.0,,,,,,,,,,,
11,,,14069,4.0,0.9868999719619751,0.4967034161090851,0.05168777331709862,0.49344998598098755,0.5,4.768631458282471,,4.716943740844727,,,121.0,,,,,,,,,,,
11,,,14079,4.0,0.9753000140190125,0.5634214878082275,0.06417999416589737,0.7912915945053101,0.5387031435966492,5.744024276733398,,5.679844379425049,,,350.0,,,,,,,,,,,
11,,,14089,4.0,0.9664999842643738,0.49148231744766235,0.11797764897346497,0.4833950102329254,0.49984484910964966,5.796080589294434,,5.678102970123291,,,288.0,,,,,,,,,,,
11,,,14099,4.0,0.9635999798774719,0.6446465849876404,0.10878459364175797,0.7887009978294373,0.600347101688385,5.790347576141357,,5.681562900543213,,,319.0,,,,,,,,,,,
11,,,14109,4.0,0.9828500151634216,0.4956754148006439,0.06529836356639862,0.4914250075817108,0.5,5.026416778564453,,4.961118221282959,,,128.0,,,,,,,,,,,
11,,,14119,4.0,0.982450008392334,0.5444126129150391,0.07790207117795944,0.5728789567947388,0.5327565670013428,4.721528053283691,,4.6436262130737305,,,96.0,,,,,,,,,,,
11,,,14129,4.0,0.9930999875068665,0.4982690215110779,0.03147584944963455,0.4965499937534332,0.5,3.945081949234009,,3.9136061668395996,,,59.0,,,,,,,,,,,
11,,,14139,4.0,0.9815499782562256,0.4953445494174957,0.05398693308234215,0.4907749891281128,0.5,5.243790149688721,,5.189803123474121,,,176.0,,,,,,,,,,,
11,,,14149,4.0,0.9782000184059143,0.5619407892227173,0.06258447468280792,0.6975771188735962,0.5390585064888,5.227292060852051,,5.164707660675049,,,222.0,,,,,,,,,,,
11,,,14159,4.0,0.9684500098228455,0.6559271812438965,0.0809256061911583,0.7862390279769897,0.6102373003959656,5.782009601593018,,5.701084136962891,,,320.0,,,,,,,,,,,
11,,,14169,4.0,0.9682499766349792,0.4919344484806061,0.12873102724552155,0.48422184586524963,0.49989673495292664,6.047575950622559,,5.918844699859619,,,304.0,,,,,,,,,,,
11,,,14179,4.0,0.957099974155426,0.49365660548210144,0.12750808894634247,0.7008876204490662,0.502203106880188,6.2647929191589355,,6.137284755706787,,,330.0,,,,,,,,,,,
11,,,14189,4.0,0.9715999960899353,0.49279773235321045,0.07403045892715454,0.4872129261493683,0.49851205945014954,5.836393356323242,,5.762362957000732,,,358.0,,,,,,,,,,,
11,,,14199,4.0,0.9718999862670898,0.6259971261024475,0.07483047991991043,0.7035074830055237,0.5930987000465393,5.827795028686523,,5.752964496612549,,,275.0,,,,,,,,,,,
11,,,14209,4.0,0.9665499925613403,0.49298515915870667,0.09765630960464478,0.9832741618156433,0.5007462501525879,5.652694225311279,,5.555037975311279,,,265.0,,,,,,,,,,,
11,,,14219,4.0,0.9764500260353088,0.5872902870178223,0.06843174993991852,0.7328354716300964,0.5562331676483154,5.167346477508545,,5.098914623260498,,,175.0,,,,,,,,,,,
11,,,14229,4.0,0.9819999933242798,0.5217726230621338,0.056735340505838394,0.7543745636940002,0.5136212706565857,5.021895885467529,,4.965160369873047,,,175.0,,,,,,,,,,,
11,,,14239,4.0,0.9884499907493591,0.4970957338809967,0.04088981822133064,0.49422499537467957,0.5,5.298287391662598,,5.257397651672363,,,205.0,,,,,,,,,,,
11,,,14249,4.0,0.9714499711990356,0.5177119970321655,0.06733819097280502,0.9544886350631714,0.5127947926521301,5.527093410491943,,5.4597554206848145,,,264.0,,,,,,,,,,,
11,,,14259,4.0,0.9623500108718872,0.49304795265197754,0.11650265753269196,0.8145304918289185,0.5013002753257751,5.81317138671875,,5.69666862487793,,,317.0,,,,,,,,,,,
11,,,14269,4.0,0.972000002861023,0.49467960000038147,0.0842939019203186,0.9859992861747742,0.5008912682533264,5.376391887664795,,5.292098045349121,,,215.0,,,,,,,,,,,
11,,,14279,4.0,0.9703999757766724,0.6358166933059692,0.09557636082172394,0.7200197577476501,0.600287675857544,5.752717018127441,,5.657140731811523,,,335.0,,,,,,,,,,,
11,,,14289,4.0,0.973550021648407,0.49329888820648193,0.09110376983880997,0.4867750108242035,0.5,5.587506294250488,,5.496402740478516,,,209.0,,,,,,,,,,,
11,,,14299,4.0,0.9724000096321106,0.4930034577846527,0.06103963032364845,0.4864432215690613,0.4997430443763733,5.950596809387207,,5.889557361602783,,,415.0,,,,,,,,,,,
11,,,14309,4.0,0.9670000076293945,0.4916115999221802,0.08248043060302734,0.48350000381469727,0.5,5.9693827629089355,,5.886902332305908,,,340.0,,,,,,,,,,,
11,,,14319,4.0,0.9282500147819519,0.48139503598213196,0.2719629108905792,0.46412500739097595,0.5,6.568392276763916,,6.29642915725708,,,603.0,,,,,,,,,,,
11,,,14329,4.0,0.9841499924659729,0.5052931904792786,0.05625300109386444,0.5923692584037781,0.504565417766571,5.3811469078063965,,5.324893951416016,,,244.0,,,,,,,,,,,
11,,,14339,4.0,0.9929500222206116,0.49823126196861267,0.04282919317483902,0.4965743124485016,0.499899297952652,4.396157741546631,,4.353328704833984,,,71.0,,,,,,,,,,,
11,,,14349,4.0,0.970300018787384,0.5071654915809631,0.09426990151405334,0.5336800813674927,0.5064797401428223,5.932766914367676,,5.838497161865234,,,403.0,,,,,,,,,,,
11,,,14359,4.0,0.9778500199317932,0.5487188100814819,0.057042475789785385,0.8748202323913574,0.5290160179138184,5.6765336990356445,,5.619491100311279,,,237.0,,,,,,,,,,,
11,,,14369,4.0,0.9712499976158142,0.5399406552314758,0.09331454336643219,0.870437741279602,0.5249358415603638,5.727932929992676,,5.634618282318115,,,275.0,,,,,,,,,,,
11,,,14379,4.0,0.9902999997138977,0.4975631833076477,0.05627121403813362,0.49514999985694885,0.5,4.246781349182129,,4.190510272979736,,,53.0,,,,,,,,,,,
11,,,14389,4.0,0.9784500002861023,0.5350602865219116,0.058052606880664825,0.7689940929412842,0.521455705165863,5.460910797119141,,5.402858257293701,,,275.0,,,,,,,,,,,
11,,,14399,4.0,0.986299991607666,0.5175293684005737,0.05360491946339607,0.5453060865402222,0.5118756294250488,4.642231464385986,,4.588626384735107,,,107.0,,,,,,,,,,,
11,,,14409,4.0,0.9685999751091003,0.4920247793197632,0.10660092532634735,0.48434844613075256,0.4999483823776245,5.8537445068359375,,5.747143745422363,,,359.0,,,,,,,,,,,
11,,,14419,4.0,0.9782999753952026,0.5739614367485046,0.06242594122886658,0.9163826704025269,0.543624222278595,5.84954833984375,,5.7871222496032715,,,321.0,,,,,,,,,,,
11,,,14429,4.0,0.9715999960899353,0.6670536994934082,0.1042250245809555,0.8473289012908936,0.6134518980979919,5.766107559204102,,5.661882400512695,,,260.0,,,,,,,,,,,
11,,,14439,4.0,0.9809499979019165,0.5104573965072632,0.09951359778642654,0.6906930208206177,0.5077071785926819,5.727410316467285,,5.627896785736084,,,205.0,,,,,,,,,,,
11,,,14449,4.0,0.9593499898910522,0.49207359552383423,0.14348897337913513,0.5425090193748474,0.5008838176727295,6.362405776977539,,6.218916893005371,,,485.0,,,,,,,,,,,
11,,,14459,4.0,0.9670500159263611,0.533336341381073,0.0806916356086731,0.5442253947257996,0.5274690389633179,5.352615833282471,,5.271924018859863,,,212.0,,,,,,,,,,,
11,,,14469,4.0,0.9645000100135803,0.5713114738464355,0.1438504457473755,0.9074799418449402,0.5440744757652283,6.118683338165283,,5.974833011627197,,,318.0,,,,,,,,,,,
11,,,14479,4.0,0.9670000076293945,0.6389882564544678,0.1484944373369217,0.7497808933258057,0.5991657972335815,5.825870513916016,,5.6773762702941895,,,343.0,,,,,,,,,,,
11,,,14489,4.0,0.9825500249862671,0.5907175540924072,0.0702594667673111,0.6918169856071472,0.5609241724014282,5.220566749572754,,5.1503071784973145,,,205.0,,,,,,,,,,,
11,,,14499,4.0,0.9815000295639038,0.6099021434783936,0.06764368712902069,0.800551176071167,0.5694655179977417,5.578763484954834,,5.511119842529297,,,226.0,,,,,,,,,,,
11,,,14509,4.0,0.9803500175476074,0.4950387477874756,0.08405137062072754,0.4914281368255615,0.4987028241157532,5.637537956237793,,5.553486347198486,,,283.0,,,,,,,,,,,
11,,,14519,4.0,0.9846000075340271,0.4961201250553131,0.06583365052938461,0.49230000376701355,0.5,5.372007846832275,,5.306174278259277,,,218.0,,,,,,,,,,,
11,,,14529,4.0,0.9777500033378601,0.49437493085861206,0.0869043841958046,0.48889943957328796,0.49997442960739136,5.344878196716309,,5.257973670959473,,,222.0,,,,,,,,,,,
11,,,14539,4.0,0.9901000261306763,0.49751269817352295,0.04007194936275482,0.49505001306533813,0.5,4.575582981109619,,4.535511016845703,,,100.0,,,,,,,,,,,
11,,,14549,4.0,0.9643999934196472,0.6485547423362732,0.08807612210512161,0.6289495825767517,0.6764228343963623,5.3319926261901855,,5.2439165115356445,,,190.0,,,,,,,,,,,
11,,,14559,4.0,0.9797000288963318,0.49487295746803284,0.08682884275913239,0.4898500144481659,0.5,5.76551628112793,,5.678687572479248,,,219.0,,,,,,,,,,,
11,,,14569,4.0,0.9792500138282776,0.5110732913017273,0.07224433124065399,0.7589991092681885,0.5082602500915527,5.271032333374023,,5.198788166046143,,,181.0,,,,,,,,,,,
11,,,14579,4.0,0.963450014591217,0.6702611446380615,0.14459030330181122,0.7482516765594482,0.6318355202674866,6.1511945724487305,,6.006604194641113,,,267.0,,,,,,,,,,,
11,,,14589,4.0,0.9531999826431274,0.5282695293426514,0.1063753142952919,0.5229307413101196,0.5411036014556885,5.157899379730225,,5.0515241622924805,,,126.0,,,,,,,,,,,
11,,,14599,4.0,0.9885500073432922,0.49712100625038147,0.06342451274394989,0.4942997097969055,0.49997469782829285,4.7683939933776855,,4.70496940612793,,,88.0,,,,,,,,,,,
11,,,14609,4.0,0.9773499965667725,0.564470648765564,0.07345981150865555,0.6514403820037842,0.5429118871688843,5.134223937988281,,5.060764312744141,,,161.0,,,,,,,,,,,
11,,,14619,4.0,0.9867500066757202,0.58896803855896,0.053989227861166,0.6512510180473328,0.5638330578804016,4.708914279937744,,4.6549248695373535,,,126.0,,,,,,,,,,,
11,,,14629,4.0,0.9825000166893005,0.4955863952636719,0.0852934941649437,0.49125000834465027,0.5,5.9815802574157715,,5.896286964416504,,,321.0,,,,,,,,,,,
11,,,14639,4.0,0.9884499907493591,0.4970957338809967,0.044750455766916275,0.49422499537467957,0.5,5.0209221839904785,,4.976171493530273,,,160.0,,,,,,,,,,,
11,,,14649,4.0,0.9713000059127808,0.4927205443382263,0.10351824015378952,0.4856500029563904,0.5,5.804527282714844,,5.701009273529053,,,318.0,,,,,,,,,,,
11,,,14659,4.0,0.9819999933242798,0.4954591393470764,0.08035366982221603,0.4909999966621399,0.5,5.297224998474121,,5.21687126159668,,,173.0,,,,,,,,,,,
11,,,14669,4.0,0.9814500212669373,0.5840014219284058,0.05761103332042694,0.7070666551589966,0.5545167922973633,5.287132740020752,,5.229521751403809,,,199.0,,,,,,,,,,,
11,,,14679,4.0,0.9742500185966492,0.49347853660583496,0.08613844960927963,0.4871250092983246,0.5,5.827268600463867,,5.741130352020264,,,280.0,,,,,,,,,,,
11,,,14689,4.0,0.9851999878883362,0.49627241492271423,0.05062855780124664,0.4925999939441681,0.5,5.129190444946289,,5.078561782836914,,,145.0,,,,,,,,,,,
11,,,14699,4.0,0.9803000092506409,0.7391341924667358,0.07797370105981827,0.831618070602417,0.6883881688117981,5.63051176071167,,5.55253791809082,,,214.0,,,,,,,,,,,
11,,,14709,4.0,0.9842000007629395,0.49601855874061584,0.06399941444396973,0.4921000003814697,0.5,5.001702308654785,,4.937702655792236,,,109.0,,,,,,,,,,,
11,,,14719,4.0,0.9818500280380249,0.4981604516506195,0.06553483009338379,0.5625004768371582,0.5012438893318176,5.220131874084473,,5.154597282409668,,,207.0,,,,,,,,,,,
11,,,14729,4.0,0.9769999980926514,0.5360096096992493,0.06779614835977554,0.9657850861549377,0.5218493938446045,5.444118976593018,,5.3763227462768555,,,201.0,,,,,,,,,,,
11,,,14739,4.0,0.9866499900817871,0.49664008617401123,0.0634145513176918,0.49332499504089355,0.5,4.873194217681885,,4.809779644012451,,,124.0,,,,,,,,,,,
11,,,14749,4.0,0.9796000123023987,0.5204259753227234,0.07129489630460739,0.5362793803215027,0.5151727199554443,4.8199944496154785,,4.74869966506958,,,116.0,,,,,,,,,,,
11,,,14759,4.0,0.9912999868392944,0.49781548976898193,0.04546057805418968,0.4956747889518738,0.49997478723526,4.3881635665893555,,4.342702865600586,,,46.0,,,,,,,,,,,
11,,,14769,4.0,0.9469000101089478,0.5105375647544861,0.1601143330335617,0.5712261199951172,0.5108381509780884,6.325145244598389,,6.1650309562683105,,,461.0,,,,,,,,,,,
11,,,14779,4.0,0.9768999814987183,0.4941575229167938,0.07339640706777573,0.48844999074935913,0.5,5.649531841278076,,5.576135635375977,,,316.0,,,,,,,,,,,
11,,,14789,4.0,0.9857000112533569,0.49639925360679626,0.049363330006599426,0.49285000562667847,0.5,5.111319065093994,,5.06195592880249,,,127.0,,,,,,,,,,,
11,,,14799,4.0,0.9608500003814697,0.5266876816749573,0.12749913334846497,0.6160688996315002,0.5190566182136536,5.717263698577881,,5.589764595031738,,,233.0,,,,,,,,,,,
11,,,14809,4.0,0.9726499915122986,0.4930677115917206,0.10031585395336151,0.4863249957561493,0.5,5.639181613922119,,5.538865566253662,,,259.0,,,,,,,,,,,
11,,,14819,4.0,0.9812999963760376,0.634259819984436,0.04867873713374138,0.7476400136947632,0.5937325954437256,5.210053443908691,,5.161374568939209,,,157.0,,,,,,,,,,,
11,,,14829,4.0,0.9571999907493591,0.4890660047531128,0.15028966963291168,0.47859999537467957,0.5,5.940865993499756,,5.790576457977295,,,321.0,,,,,,,,,,,
11,,,14839,4.0,0.9789000153541565,0.49466875195503235,0.08432693034410477,0.48947447538375854,0.49997445940971375,5.70648717880249,,5.6221604347229,,,250.0,,,,,,,,,,,
11,,,14849,4.0,0.975350022315979,0.5559164881706238,0.10619078576564789,0.6320887804031372,0.5375232696533203,5.382341384887695,,5.276150703430176,,,252.0,,,,,,,,,,,
,9.652393605146844e-05,0.0009652393605146844,14856,,,,,,,,,,,,,,,,,,,,,,,
12,,,14859,4.0,0.9814500212669373,0.5032759308815002,0.07683597505092621,0.9907236099243164,0.5040106773376465,5.8428874015808105,,5.766051292419434,,,295.0,,,,,,,,,,,
12,,,14869,4.0,0.9615499973297119,0.49019908905029297,0.1079394668340683,0.48077499866485596,0.5,5.830540657043457,,5.722601413726807,,,355.0,,,,,,,,,,,
12,,,14879,4.0,0.9858499765396118,0.5355230569839478,0.0474584586918354,0.7155131697654724,0.5210482478141785,4.685525894165039,,4.638067245483398,,,102.0,,,,,,,,,,,
12,,,14889,4.0,0.956250011920929,0.48881790041923523,0.1646035611629486,0.4781250059604645,0.5,6.147398471832275,,5.982794761657715,,,351.0,,,,,,,,,,,
12,,,14899,4.0,0.9821000099182129,0.5168731212615967,0.07855653017759323,0.8910955190658569,0.5109381079673767,5.5224738121032715,,5.443917274475098,,,196.0,,,,,,,,,,,
12,,,14909,4.0,0.9767500162124634,0.49411913752555847,0.09327252209186554,0.4883750081062317,0.5,5.9152116775512695,,5.821938991546631,,,352.0,,,,,,,,,,,
12,,,14919,4.0,0.9866499900817871,0.6620423793792725,0.058474961668252945,0.7506808042526245,0.6206256747245789,4.811802864074707,,4.7533278465271,,,111.0,,,,,,,,,,,
12,,,14929,4.0,0.9686999917030334,0.538414478302002,0.06986940652132034,0.5411520004272461,0.5360923409461975,5.2308430671691895,,5.16097354888916,,,204.0,,,,,,,,,,,
12,,,14939,4.0,0.9836000204086304,0.4958660900592804,0.05189107730984688,0.4918000102043152,0.5,4.8173370361328125,,4.765446186065674,,,117.0,,,,,,,,,,,
12,,,14949,4.0,0.9620500206947327,0.49032899737358093,0.1222066879272461,0.48102501034736633,0.5,5.839139938354492,,5.716933250427246,,,315.0,,,,,,,,,,,
12,,,14959,4.0,0.9657999873161316,0.5013267993927002,0.10078375786542892,0.7018615007400513,0.5048990249633789,6.167659759521484,,6.06687593460083,,,521.0,,,,,,,,,,,
12,,,14969,4.0,0.9813500046730042,0.6929954290390015,0.06654628366231918,0.8084386587142944,0.6420544981956482,5.44101619720459,,5.374469757080078,,,265.0,,,,,,,,,,,
12,,,14979,4.0,0.9833999872207642,0.4958152770996094,0.05734982341527939,0.4928829073905945,0.4987827241420746,4.989444255828857,,4.932094573974609,,,158.0,,,,,,,,,,,
12,,,14989,4.0,0.9753000140190125,0.4937477707862854,0.08998933434486389,0.4876500070095062,0.5,5.484434604644775,,5.394445419311523,,,234.0,,,,,,,,,,,
12,,,14999,4.0,0.9666000008583069,0.5985275506973267,0.10367855429649353,0.7900046706199646,0.5634046196937561,5.822384357452393,,5.718705654144287,,,250.0,,,,,,,,,,,
12,,,15009,4.0,0.9606000185012817,0.5919202566146851,0.10766081511974335,0.6170721054077148,0.5766035318374634,5.754260540008545,,5.646599769592285,,,249.0,,,,,,,,,,,
12,,,15019,4.0,0.9840999841690063,0.49599313735961914,0.1126922145485878,0.49343159794807434,0.4985814094543457,4.7742204666137695,,4.66152811050415,,,100.0,,,,,,,,,,,
12,,,15029,4.0,0.9564499855041504,0.4989887475967407,0.11925721168518066,0.928239107131958,0.5050933361053467,6.190262794494629,,6.071005821228027,,,499.0,,,,,,,,,,,
12,,,15039,4.0,0.9753999710083008,0.5133014917373657,0.09151916950941086,0.5596091747283936,0.5097784996032715,5.666745662689209,,5.575226306915283,,,320.0,,,,,,,,,,,
12,,,15049,4.0,0.9490000009536743,0.48691636323928833,0.1572141945362091,0.47476112842559814,0.4997103810310364,6.196509838104248,,6.039295673370361,,,334.0,,,,,,,,,,,
12,,,15059,4.0,0.9610999822616577,0.6108766794204712,0.10806681960821152,0.6635798811912537,0.5857584476470947,5.601169586181641,,5.493102550506592,,,227.0,,,,,,,,,,,
12,,,15069,4.0,0.9670000076293945,0.5307057499885559,0.08945754170417786,0.6933780312538147,0.5205639600753784,5.773691654205322,,5.684234142303467,,,350.0,,,,,,,,,,,
12,,,15079,4.0,0.9883999824523926,0.5914846658706665,0.04585487022995949,0.8159921169281006,0.5549482703208923,4.728305339813232,,4.682450294494629,,,107.0,,,,,,,,,,,
12,,,15089,4.0,0.9387999773025513,0.4977166950702667,0.21476519107818604,0.6824148297309875,0.5063663721084595,6.395238399505615,,6.180473327636719,,,407.0,,,,,,,,,,,
12,,,15099,4.0,0.9653499722480774,0.5440695881843567,0.10234856605529785,0.6228491067886353,0.5299603939056396,6.3418121337890625,,6.2394633293151855,,,536.0,,,,,,,,,,,
12,,,15109,4.0,0.9630500078201294,0.5024733543395996,0.10790575295686722,0.9315407276153564,0.5059981346130371,6.02189826965332,,5.913992404937744,,,317.0,,,,,,,,,,,
12,,,15119,4.0,0.9597499966621399,0.4897308349609375,0.11345043778419495,0.47992298007011414,0.4999479055404663,6.034611701965332,,5.92116117477417,,,379.0,,,,,,,,,,,
12,,,15129,4.0,0.98294997215271,0.6242283582687378,0.05867786332964897,0.945443868637085,0.5747200846672058,5.417771816253662,,5.359094142913818,,,236.0,,,,,,,,,,,
12,,,15139,4.0,0.9581999778747559,0.5687605738639832,0.12057473510503769,0.6168919801712036,0.5510804653167725,5.70064640045166,,5.580071449279785,,,294.0,,,,,,,,,,,
12,,,15149,4.0,0.9735000133514404,0.49328604340553284,0.08612662553787231,0.4867500066757202,0.5,5.721390724182129,,5.635263919830322,,,327.0,,,,,,,,,,,
12,,,15159,4.0,0.9619500041007996,0.49030300974845886,0.14410725235939026,0.4809750020503998,0.5,5.838493824005127,,5.6943864822387695,,,228.0,,,,,,,,,,,
12,,,15169,4.0,0.9760500192642212,0.5041633248329163,0.11345987766981125,0.6549328565597534,0.5050181746482849,5.725739479064941,,5.612279415130615,,,239.0,,,,,,,,,,,
12,,,15179,4.0,0.9897500276565552,0.5022550821304321,0.048626359552145004,0.5949737429618835,0.5023742318153381,4.834115505218506,,4.785489082336426,,,146.0,,,,,,,,,,,
12,,,15189,4.0,0.9843999743461609,0.5674927830696106,0.043763723224401474,0.5803066492080688,0.5584025382995605,4.556562423706055,,4.51279878616333,,,95.0,,,,,,,,,,,
12,,,15199,4.0,0.978600025177002,0.5190335512161255,0.0739453062415123,0.9124200344085693,0.5125346779823303,5.526351451873779,,5.45240592956543,,,241.0,,,,,,,,,,,
12,,,15209,4.0,0.9749000072479248,0.5200558304786682,0.08281881362199783,0.9874411821365356,0.5135658979415894,5.416696548461914,,5.3338775634765625,,,221.0,,,,,,,,,,,
12,,,15219,4.0,0.9593999981880188,0.4896396994590759,0.11990699172019958,0.4796999990940094,0.5,5.825141429901123,,5.705234527587891,,,238.0,,,,,,,,,,,
12,,,15229,4.0,0.9707499742507935,0.4925789535045624,0.10714466869831085,0.48537498712539673,0.5,5.586883068084717,,5.479738235473633,,,261.0,,,,,,,,,,,
12,,,15239,4.0,0.9861999750137329,0.4965260326862335,0.054970256984233856,0.49349480867385864,0.49959471821784973,5.038731098175049,,4.983760833740234,,,172.0,,,,,,,,,,,
12,,,15249,4.0,0.9757000207901001,0.4938502907752991,0.0677994042634964,0.48785001039505005,0.5,5.296783924102783,,5.228984355926514,,,214.0,,,,,,,,,,,
12,,,15259,4.0,0.9701499938964844,0.4924244284629822,0.09563495218753815,0.4850749969482422,0.5,5.723360061645508,,5.627725124359131,,,296.0,,,,,,,,,,,
12,,,15269,4.0,0.9896000027656555,0.5068201422691345,0.04787028580904007,0.9947994947433472,0.5047619342803955,4.558459281921387,,4.510589122772217,,,100.0,,,,,,,,,,,
12,,,15279,4.0,0.9824000000953674,0.4955609440803528,0.08719704300165176,0.4912000000476837,0.5,5.091719150543213,,5.004522323608398,,,119.0,,,,,,,,,,,
12,,,15289,4.0,0.9689000248908997,0.5194506049156189,0.09708601981401443,0.6240396499633789,0.5139661431312561,5.787925720214844,,5.690839767456055,,,340.0,,,,,,,,,,,
12,,,15299,4.0,0.9674500226974487,0.4917278587818146,0.10591169446706772,0.48372501134872437,0.5,5.840277194976807,,5.734365463256836,,,330.0,,,,,,,,,,,
12,,,15309,4.0,0.9889500141143799,0.5954002141952515,0.03916597738862038,0.9164663553237915,0.5554290413856506,4.790460586547852,,4.7512946128845215,,,107.0,,,,,,,,,,,
12,,,15319,4.0,0.9635999798774719,0.515526533126831,0.08024725317955017,0.9817826747894287,0.5127175450325012,5.961808204650879,,5.881560802459717,,,329.0,,,,,,,,,,,
12,,,15329,4.0,0.9879000186920166,0.49695658683776855,0.04644647240638733,0.4939500093460083,0.5,4.643036365509033,,4.596590042114258,,,103.0,,,,,,,,,,,
12,,,15339,4.0,0.9552000164985657,0.4885433614253998,0.15024738013744354,0.47760000824928284,0.5,6.060584545135498,,5.910336971282959,,,342.0,,,,,,,,,,,
12,,,15349,4.0,0.9890000224113464,0.5464134216308594,0.04581843689084053,0.7018141746520996,0.5274773240089417,4.416173458099365,,4.370355129241943,,,78.0,,,,,,,,,,,
12,,,15359,4.0,0.9787999987602234,0.6091715693473816,0.07385823875665665,0.8021821975708008,0.5691840648651123,5.175805568695068,,5.10194730758667,,,166.0,,,,,,,,,,,
12,,,15369,4.0,0.9722999930381775,0.49297773838043213,0.09996561706066132,0.48614999651908875,0.5,5.649581432342529,,5.549615859985352,,,305.0,,,,,,,,,,,
12,,,15379,4.0,0.9916999936103821,0.4979163408279419,0.05123331770300865,0.49584999680519104,0.5,4.34823751449585,,4.297004222869873,,,52.0,,,,,,,,,,,
12,,,15389,4.0,0.9615499973297119,0.5362244248390198,0.10054637491703033,0.7112596035003662,0.5243949890136719,6.10742712020874,,6.006880760192871,,,398.0,,,,,,,,,,,
12,,,15399,4.0,0.9821500182151794,0.6655317544937134,0.047364361584186554,0.9096599221229553,0.6062686443328857,5.936637878417969,,5.889273643493652,,,346.0,,,,,,,,,,,
12,,,15409,4.0,0.9696999788284302,0.49230846762657166,0.09710641950368881,0.4848499894142151,0.5,5.5106611251831055,,5.413554668426514,,,202.0,,,,,,,,,,,
12,,,15419,4.0,0.9814500212669373,0.49531909823417664,0.06016506254673004,0.49072501063346863,0.5,5.528504848480225,,5.468339920043945,,,276.0,,,,,,,,,,,
12,,,15429,4.0,0.9815000295639038,0.5328282713890076,0.07986841350793839,0.7255358695983887,0.5199474692344666,5.151499271392822,,5.071630954742432,,,147.0,,,,,,,,,,,
12,,,15439,4.0,0.9771999716758728,0.49423426389694214,0.08330773562192917,0.4885999858379364,0.5,5.709941864013672,,5.626634120941162,,,316.0,,,,,,,,,,,
12,,,15449,4.0,0.9670500159263611,0.538377583026886,0.09110481292009354,0.6945143342018127,0.5251016020774841,5.6962432861328125,,5.605138301849365,,,318.0,,,,,,,,,,,
12,,,15459,4.0,0.9629999995231628,0.4905756413936615,0.13561807572841644,0.4814999997615814,0.5,6.036350727081299,,5.900732517242432,,,343.0,,,,,,,,,,,
12,,,15469,4.0,0.9594500064849854,0.6546987891197205,0.09992056339979172,0.876064121723175,0.6029924750328064,6.069128036499023,,5.969207286834717,,,336.0,,,,,,,,,,,
12,,,15479,4.0,0.9780499935150146,0.4944516122341156,0.06502950191497803,0.4890249967575073,0.5,5.239677429199219,,5.174647808074951,,,143.0,,,,,,,,,,,
12,,,15489,4.0,0.962149977684021,0.676655650138855,0.11576244980096817,0.8825811147689819,0.6200222969055176,6.090542316436768,,5.974780082702637,,,348.0,,,,,,,,,,,
12,,,15499,4.0,0.9699000120162964,0.5037209391593933,0.09428278356790543,0.5984308123588562,0.5053648352622986,5.896288871765137,,5.802006244659424,,,328.0,,,,,,,,,,,
12,,,15509,4.0,0.9919999837875366,0.5535465478897095,0.035432420670986176,0.9505683183670044,0.5295605659484863,4.522514343261719,,4.487082004547119,,,115.0,,,,,,,,,,,
12,,,15519,4.0,0.9802500009536743,0.4950132668018341,0.07129837572574615,0.49012500047683716,0.5,5.467761993408203,,5.396463394165039,,,195.0,,,,,,,,,,,
12,,,15529,4.0,0.9803500175476074,0.6484560370445251,0.06800279766321182,0.8897567391395569,0.5944153070449829,5.569910526275635,,5.501907825469971,,,269.0,,,,,,,,,,,
12,,,15539,4.0,0.9739999771118164,0.49341437220573425,0.0847717747092247,0.4869999885559082,0.5,5.418745994567871,,5.333974361419678,,,227.0,,,,,,,,,,,
12,,,15549,4.0,0.9781000018119812,0.6533142328262329,0.06114467605948448,0.7439390420913696,0.6133528351783752,5.3614501953125,,5.300305366516113,,,222.0,,,,,,,,,,,
12,,,15559,4.0,0.9811499714851379,0.6189802289009094,0.05023149400949478,0.7123552560806274,0.5840998888015747,5.308000087738037,,5.257768630981445,,,184.0,,,,,,,,,,,
12,,,15569,4.0,0.9773499965667725,0.5628336071968079,0.05443732440471649,0.8802038431167603,0.5373221635818481,5.427972793579102,,5.373535633087158,,,231.0,,,,,,,,,,,
12,,,15579,4.0,0.9632999897003174,0.49065348505973816,0.11831517517566681,0.4816499948501587,0.5,6.086888313293457,,5.968573093414307,,,292.0,,,,,,,,,,,
12,,,15589,4.0,0.9633499979972839,0.5909496545791626,0.15849614143371582,0.6510314345359802,0.5672712326049805,5.76895809173584,,5.610461711883545,,,302.0,,,,,,,,,,,
12,,,15599,4.0,0.9697999954223633,0.492334246635437,0.08791886270046234,0.48489999771118164,0.5,5.723207950592041,,5.635289192199707,,,345.0,,,,,,,,,,,
12,,,15609,4.0,0.9684000015258789,0.5959492325782776,0.09074550867080688,0.6231809854507446,0.5793733596801758,5.849438667297363,,5.758693218231201,,,371.0,,,,,,,,,,,
12,,,15619,4.0,0.9846500158309937,0.49613282084465027,0.06479065120220184,0.4923250079154968,0.5,4.739842891693115,,4.675052165985107,,,103.0,,,,,,,,,,,
12,,,15629,4.0,0.992900013923645,0.49821868538856506,0.04429909959435463,0.4964500069618225,0.5,4.331745624542236,,4.28744649887085,,,82.0,,,,,,,,,,,
12,,,15639,4.0,0.9873999953269958,0.5301619172096252,0.045991603285074234,0.7189689874649048,0.5177215337753296,4.66887903213501,,4.62288761138916,,,98.0,,,,,,,,,,,
12,,,15649,4.0,0.9693999886512756,0.4922311305999756,0.09541787207126617,0.4846999943256378,0.5,5.881032943725586,,5.785614967346191,,,270.0,,,,,,,,,,,
12,,,15659,4.0,0.9793499708175659,0.4947836399078369,0.07830531895160675,0.48967498540878296,0.5,5.50596284866333,,5.427657604217529,,,264.0,,,,,,,,,,,
12,,,15669,4.0,0.9797999858856201,0.4948984682559967,0.05880032852292061,0.48989999294281006,0.5,5.746614456176758,,5.687814235687256,,,316.0,,,,,,,,,,,
12,,,15679,4.0,0.977150022983551,0.4942214787006378,0.07579170912504196,0.4885750114917755,0.5,5.513679504394531,,5.437887668609619,,,269.0,,,,,,,,,,,
12,,,15689,4.0,0.9861500263214111,0.49651336669921875,0.06905116885900497,0.49307501316070557,0.5,4.757299423217773,,4.688248157501221,,,121.0,,,,,,,,,,,
12,,,15699,4.0,0.9598000049591064,0.5006880760192871,0.1334228515625,0.7051551342010498,0.5053244829177856,5.90952205657959,,5.77609920501709,,,290.0,,,,,,,,,,,
12,,,15709,4.0,0.9757500290870667,0.5661607384681702,0.0693569928407669,0.9759697914123535,0.5390219688415527,5.323420524597168,,5.254063606262207,,,175.0,,,,,,,,,,,
12,,,15719,4.0,0.972100019454956,0.7768479585647583,0.07993663102388382,0.8354557156562805,0.7368679046630859,5.972744464874268,,5.892807960510254,,,286.0,,,,,,,,,,,
12,,,15729,4.0,0.9511500000953674,0.4874817430973053,0.15779292583465576,0.4755750000476837,0.5,6.162659645080566,,6.004866600036621,,,382.0,,,,,,,,,,,
12,,,15739,4.0,0.9797999858856201,0.4948984682559967,0.06993911415338516,0.48989999294281006,0.5,5.552865982055664,,5.482926845550537,,,218.0,,,,,,,,,,,
12,,,15749,4.0,0.9775999784469604,0.4943365752696991,0.06534808874130249,0.4887999892234802,0.5,5.645072937011719,,5.5797247886657715,,,316.0,,,,,,,,,,,
12,,,15759,4.0,0.9867500066757202,0.5041000247001648,0.04598677530884743,0.9933743476867676,0.5037453174591064,4.604991436004639,,4.559004783630371,,,105.0,,,,,,,,,,,
12,,,15769,4.0,0.9699500203132629,0.49237290024757385,0.09879001975059509,0.48497501015663147,0.5,5.799880027770996,,5.701089859008789,,,299.0,,,,,,,,,,,
12,,,15779,4.0,0.9718000292778015,0.4928491711616516,0.0753377228975296,0.48590001463890076,0.5,6.017143249511719,,5.941805362701416,,,373.0,,,,,,,,,,,
12,,,15789,4.0,0.9843500256538391,0.567284345626831,0.055029887706041336,0.7949095964431763,0.5399407148361206,4.90915584564209,,4.8541259765625,,,106.0,,,,,,,,,,,
12,,,15799,4.0,0.9838500022888184,0.5652576088905334,0.05251185968518257,0.6379401683807373,0.5439909100532532,4.949295997619629,,4.89678430557251,,,165.0,,,,,,,,,,,
12,,,15809,4.0,0.9677500128746033,0.5223643183708191,0.08847499638795853,0.7127251625061035,0.5157349705696106,5.658931732177734,,5.570456504821777,,,310.0,,,,,,,,,,,
12,,,15819,4.0,0.9790999889373779,0.49471983313560486,0.06486272811889648,0.4897458851337433,0.4997958242893219,5.412957191467285,,5.348094463348389,,,241.0,,,,,,,,,,,
12,,,15829,4.0,0.9683499932289124,0.4919602572917938,0.09452185034751892,0.4841749966144562,0.5,5.697326183319092,,5.602804183959961,,,335.0,,,,,,,,,,,
12,,,15839,4.0,0.9826499819755554,0.5496044754981995,0.06145591288805008,0.9686132073402405,0.528584897518158,5.061061382293701,,4.999605655670166,,,138.0,,,,,,,,,,,
12,,,15849,4.0,0.984000027179718,0.4959677457809448,0.0593227781355381,0.492000013589859,0.5,5.074738025665283,,5.015415191650391,,,157.0,,,,,,,,,,,
12,,,15859,4.0,0.9724000096321106,0.4930034577846527,0.10538216680288315,0.4862000048160553,0.5,6.164001941680908,,6.058619976043701,,,452.0,,,,,,,,,,,
12,,,15869,4.0,0.9752500057220459,0.6281225681304932,0.08590244501829147,0.7651450634002686,0.5869685411453247,5.352379322052002,,5.266477108001709,,,185.0,,,,,,,,,,,
12,,,15879,4.0,0.9765499830245972,0.7393847703933716,0.06463616341352463,0.693749725818634,0.8167948126792908,5.244391441345215,,5.179755210876465,,,167.0,,,,,,,,,,,
12,,,15889,4.0,0.9703500270843506,0.5557879209518433,0.1012384295463562,0.9738037586212158,0.5338324308395386,5.796270847320557,,5.695032596588135,,,339.0,,,,,,,,,,,
12,,,15899,4.0,0.9843000173568726,0.5574920773506165,0.06197802722454071,0.6677566170692444,0.5362477898597717,5.101248264312744,,5.039270401000977,,,185.0,,,,,,,,,,,
12,,,15909,4.0,0.9947999715805054,0.49869662523269653,0.03188082575798035,0.4973999857902527,0.5,3.748673915863037,,3.7167930603027344,,,47.0,,,,,,,,,,,
12,,,15919,4.0,0.9894499778747559,0.6137079000473022,0.0470280796289444,0.9947165250778198,0.5658436417579651,5.138126373291016,,5.091098308563232,,,182.0,,,,,,,,,,,
12,,,15929,4.0,0.9780499935150146,0.4944516122341156,0.0929788202047348,0.4890249967575073,0.5,5.969837188720703,,5.876858234405518,,,276.0,,,,,,,,,,,
12,,,15939,4.0,0.9771999716758728,0.49423426389694214,0.06265052407979965,0.4885999858379364,0.5,5.793770790100098,,5.7311201095581055,,,339.0,,,,,,,,,,,
12,,,15949,4.0,0.9574999809265137,0.5072760581970215,0.11852724850177765,0.5069427490234375,0.5226638913154602,4.706396102905273,,4.587868690490723,,,89.0,,,,,,,,,,,
12,,,15959,4.0,0.9799500107765198,0.4949367344379425,0.061225324869155884,0.4899750053882599,0.5,5.4769182205200195,,5.4156928062438965,,,243.0,,,,,,,,,,,
12,,,15969,4.0,0.9733999967575073,0.49326035380363464,0.07011451572179794,0.48669999837875366,0.5,6.157840251922607,,6.087725639343262,,,297.0,,,,,,,,,,,
12,,,15979,4.0,0.9932000041007996,0.4982942044734955,0.03295191377401352,0.4966000020503998,0.5,4.208416938781738,,4.175465106964111,,,53.0,,,,,,,,,,,
12,,,15989,4.0,0.9725000262260437,0.4930291473865509,0.07739543169736862,0.48625001311302185,0.5,5.5580220222473145,,5.480626583099365,,,289.0,,,,,,,,,,,
12,,,15999,4.0,0.9868000149726868,0.5252481698989868,0.04870238155126572,0.5672873258590698,0.5165894031524658,4.577380180358887,,4.528677940368652,,,87.0,,,,,,,,,,,
12,,,16009,4.0,0.9914000034332275,0.4978407025337219,0.04035724326968193,0.49570000171661377,0.5,4.360013961791992,,4.319656848907471,,,64.0,,,,,,,,,,,
12,,,16019,4.0,0.9710999727249146,0.5309987664222717,0.07367036491632462,0.8286572694778442,0.5200212001800537,5.788318634033203,,5.714648246765137,,,305.0,,,,,,,,,,,
12,,,16029,4.0,0.9760500192642212,0.49393993616104126,0.07675737887620926,0.4880250096321106,0.5,5.323888778686523,,5.24713134765625,,,207.0,,,,,,,,,,,
12,,,16039,4.0,0.9934999942779541,0.4983696937561035,0.03933843970298767,0.49674999713897705,0.5,3.9448676109313965,,3.905529260635376,,,52.0,,,,,,,,,,,
12,,,16049,4.0,0.9879000186920166,0.49695658683776855,0.05355990678071976,0.4939500093460083,0.5,5.038167953491211,,4.984608173370361,,,162.0,,,,,,,,,,,
12,,,16059,4.0,0.9581500291824341,0.48931390047073364,0.14247654378414154,0.47907501459121704,0.5,6.071313381195068,,5.928836822509766,,,359.0,,,,,,,,,,,
12,,,16069,4.0,0.9675499796867371,0.49933886528015137,0.08914608508348465,0.8409621715545654,0.5037826895713806,5.624887943267822,,5.535741806030273,,,286.0,,,,,,,,,,,
12,,,16079,4.0,0.9852499961853027,0.4962851107120514,0.06405468285083771,0.49262499809265137,0.5,5.612821578979492,,5.54876708984375,,,243.0,,,,,,,,,,,
12,,,16089,4.0,0.9864500164985657,0.49658939242362976,0.05662468075752258,0.4932990074157715,0.499923974275589,4.958729267120361,,4.902104377746582,,,122.0,,,,,,,,,,,
,9.592885397135707e-05,0.0009592885397135706,16094,,,,,,,,,,,,,,,,,,,,,,,
13,,,16099,4.0,0.984499990940094,0.4960947334766388,0.04365435242652893,0.492249995470047,0.5,5.2251296043396,,5.1814751625061035,,,197.0,,,,,,,,,,,
13,,,16109,4.0,0.9827499985694885,0.501380205154419,0.05164651945233345,0.5473231673240662,0.5026143789291382,5.110116004943848,,5.058469295501709,,,148.0,,,,,,,,,,,
13,,,16119,4.0,0.9868000149726868,0.49667808413505554,0.05121426284313202,0.4934000074863434,0.5,4.893603324890137,,4.842389106750488,,,121.0,,,,,,,,,,,
13,,,16129,4.0,0.9903500080108643,0.5126507878303528,0.03752007335424423,0.7952238321304321,0.5076814889907837,4.51168966293335,,4.474169731140137,,,92.0,,,,,,,,,,,
13,,,16139,4.0,0.9595999717712402,0.48969176411628723,0.12486932426691055,0.480160117149353,0.4996095299720764,5.9560933113098145,,5.831223964691162,,,274.0,,,,,,,,,,,
13,,,16149,4.0,0.9803500175476074,0.4950387477874756,0.07148369401693344,0.4901750087738037,0.5,5.195075511932373,,5.123591899871826,,,158.0,,,,,,,,,,,
13,,,16159,4.0,0.9753000140190125,0.4937477707862854,0.07849321514368057,0.4876500070095062,0.5,5.316243648529053,,5.23775053024292,,,168.0,,,,,,,,,,,
13,,,16169,4.0,0.9935500025749207,0.4983822703361511,0.02930895984172821,0.4967750012874603,0.5,4.159223556518555,,4.1299147605896,,,48.0,,,,,,,,,,,
13,,,16179,4.0,0.9891499876976013,0.49727270007133484,0.03926847130060196,0.49457499384880066,0.5,4.675307750701904,,4.6360392570495605,,,130.0,,,,,,,,,,,
13,,,16189,4.0,0.9891999959945679,0.4972853362560272,0.046350836753845215,0.49459999799728394,0.5,4.8616132736206055,,4.815262317657471,,,115.0,,,,,,,,,,,
13,,,16199,4.0,0.9484500288963318,0.48677152395248413,0.1593511402606964,0.4742250144481659,0.5,6.3835649490356445,,6.224213600158691,,,396.0,,,,,,,,,,,
13,,,16209,4.0,0.9799000024795532,0.49492397904396057,0.06000680476427078,0.4899500012397766,0.5,5.198137283325195,,5.1381306648254395,,,177.0,,,,,,,,,,,
13,,,16219,4.0,0.986549973487854,0.4966147243976593,0.055579766631126404,0.493274986743927,0.5,4.725572109222412,,4.669992446899414,,,70.0,,,,,,,,,,,
13,,,16229,4.0,0.9604499936103821,0.5509279370307922,0.11717164516448975,0.6984455585479736,0.5336572527885437,5.954980373382568,,5.837808609008789,,,321.0,,,,,,,,,,,
13,,,16239,4.0,0.9861000180244446,0.4965006709098816,0.048583269119262695,0.4930500090122223,0.5,5.022259712219238,,4.973676681518555,,,178.0,,,,,,,,,,,
13,,,16249,4.0,0.9649500250816345,0.6655540466308594,0.10170090943574905,0.8035717606544495,0.6174207925796509,5.738065719604492,,5.636364936828613,,,259.0,,,,,,,,,,,
13,,,16259,4.0,0.9598000049591064,0.5233713388442993,0.10526350140571594,0.8426352739334106,0.5173531174659729,5.8478169441223145,,5.742553234100342,,,289.0,,,,,,,,,,,
13,,,16269,4.0,0.9848499894142151,0.639701247215271,0.05221794545650482,0.8518187999725342,0.5890954732894897,5.360717296600342,,5.308499336242676,,,251.0,,,,,,,,,,,
13,,,16279,4.0,0.9752500057220459,0.5819044709205627,0.06831296533346176,0.8114727735519409,0.5503154397010803,5.560182094573975,,5.49186897277832,,,229.0,,,,,,,,,,,
13,,,16289,4.0,0.9845499992370605,0.6425479054450989,0.049327459186315536,0.7195358276367188,0.6064953804016113,4.998167991638184,,4.948840618133545,,,170.0,,,,,,,,,,,
13,,,16299,4.0,0.9813500046730042,0.49529361724853516,0.0614500567317009,0.4906750023365021,0.5,5.418045520782471,,5.356595516204834,,,251.0,,,,,,,,,,,
13,,,16309,4.0,0.9661999940872192,0.4914047420024872,0.11187350004911423,0.4830999970436096,0.5,5.972530841827393,,5.860657215118408,,,451.0,,,,,,,,,,,
13,,,16319,4.0,0.9739500284194946,0.49340155720710754,0.07122663408517838,0.4869750142097473,0.5,5.606566905975342,,5.535340309143066,,,212.0,,,,,,,,,,,
13,,,16329,4.0,0.9864000082015991,0.496576726436615,0.05304412916302681,0.49320000410079956,0.5,4.782180309295654,,4.729135990142822,,,106.0,,,,,,,,,,,
13,,,16339,4.0,0.9886500239372253,0.590332567691803,0.05634547024965286,0.5829819440841675,0.5991920828819275,4.090236663818359,,4.033891201019287,,,74.0,,,,,,,,,,,
13,,,16349,4.0,0.963100016117096,0.4906015992164612,0.11961445212364197,0.481550008058548,0.5,5.912301540374756,,5.792686939239502,,,338.0,,,,,,,,,,,
13,,,16359,4.0,0.982450008392334,0.7234475612640381,0.059662286192178726,0.7809809446334839,0.6861669421195984,5.203348159790039,,5.143685817718506,,,213.0,,,,,,,,,,,
13,,,16369,4.0,0.9710500240325928,0.4926562011241913,0.09688287228345871,0.4855250120162964,0.5,5.715985298156738,,5.619102478027344,,,348.0,,,,,,,,,,,
13,,,16379,4.0,0.9850500226020813,0.49623435735702515,0.06781882047653198,0.49252501130104065,0.5,4.939117431640625,,4.871298789978027,,,131.0,,,,,,,,,,,
13,,,16389,4.0,0.9753000140190125,0.4937477707862854,0.09529921412467957,0.4876500070095062,0.5,5.463315963745117,,5.368016719818115,,,201.0,,,,,,,,,,,
13,,,16399,4.0,0.9882000088691711,0.5534212589263916,0.041174035519361496,0.9353215098381042,0.5300698280334473,4.663874626159668,,4.6227006912231445,,,103.0,,,,,,,,,,,
13,,,16409,4.0,0.9839500188827515,0.49595504999160767,0.05203983932733536,0.49197500944137573,0.5,5.031046390533447,,4.979006767272949,,,161.0,,,,,,,,,,,
13,,,16419,4.0,0.9772999882698059,0.5626904368400574,0.07208359986543655,0.6015387177467346,0.5464648008346558,5.0573039054870605,,4.985220432281494,,,166.0,,,,,,,,,,,
13,,,16429,4.0,0.9912999868392944,0.5754836201667786,0.04471038654446602,0.6962425112724304,0.5475877523422241,4.546229839324951,,4.501519680023193,,,84.0,,,,,,,,,,,
13,,,16439,4.0,0.9678500294685364,0.4949215352535248,0.09539255499839783,0.9839234352111816,0.5015503764152527,5.733896255493164,,5.638503551483154,,,260.0,,,,,,,,,,,
13,,,16449,4.0,0.9637500047683716,0.49077022075653076,0.09119032323360443,0.4818750023841858,0.5,5.853482723236084,,5.762292385101318,,,341.0,,,,,,,,,,,
13,,,16459,4.0,0.9684500098228455,0.49198606610298157,0.08883551508188248,0.48422500491142273,0.5,5.679887294769287,,5.5910515785217285,,,318.0,,,,,,,,,,,
13,,,16469,4.0,0.9803000092506409,0.49502599239349365,0.06577688455581665,0.49015000462532043,0.5,5.145986080169678,,5.080209255218506,,,142.0,,,,,,,,,,,
13,,,16479,4.0,0.9776999950408936,0.5031715631484985,0.07544638961553574,0.7746354341506958,0.5043975710868835,5.555018424987793,,5.47957181930542,,,259.0,,,,,,,,,,,
13,,,16489,4.0,0.9760500192642212,0.5215490460395813,0.07216169685125351,0.8215209245681763,0.5142239332199097,5.623663902282715,,5.551502227783203,,,304.0,,,,,,,,,,,
13,,,16499,4.0,0.982450008392334,0.49557366967201233,0.06171513721346855,0.491225004196167,0.5,5.450306415557861,,5.388591289520264,,,148.0,,,,,,,,,,,
13,,,16509,4.0,0.9888499975204468,0.49719688296318054,0.04854271933436394,0.4944249987602234,0.5,4.64907169342041,,4.600529193878174,,,86.0,,,,,,,,,,,
13,,,16519,4.0,0.9822999835014343,0.5297430753707886,0.06249963864684105,0.9554545283317566,0.5177341103553772,5.393076419830322,,5.3305768966674805,,,248.0,,,,,,,,,,,
13,,,16529,4.0,0.9663500189781189,0.49144354462623596,0.10420875251293182,0.48317500948905945,0.5,5.804189205169678,,5.69998025894165,,,323.0,,,,,,,,,,,
13,,,16539,4.0,0.9879500269889832,0.4969692528247833,0.04380044713616371,0.4939750134944916,0.5,4.973179817199707,,4.929379463195801,,,158.0,,,,,,,,,,,
13,,,16549,4.0,0.991599977016449,0.4978911280632019,0.041420336812734604,0.4957999885082245,0.5,4.233447551727295,,4.1920270919799805,,,67.0,,,,,,,,,,,
13,,,16559,4.0,0.9639999866485596,0.5257061123847961,0.1053004041314125,0.8037664890289307,0.5180533528327942,6.163128852844238,,6.057828426361084,,,353.0,,,,,,,,,,,
13,,,16569,4.0,0.9830499887466431,0.4957262873649597,0.0522204227745533,0.49152499437332153,0.5,5.168818950653076,,5.116598606109619,,,177.0,,,,,,,,,,,
13,,,16579,4.0,0.9779499769210815,0.49442604184150696,0.061121899634599686,0.48897498846054077,0.5,5.5221357345581055,,5.4610137939453125,,,237.0,,,,,,,,,,,
13,,,16589,4.0,0.9661499857902527,0.4913918077945709,0.09078904986381531,0.48307499289512634,0.5,5.757988929748535,,5.667200088500977,,,268.0,,,,,,,,,,,
13,,,16599,4.0,0.9879999756813049,0.4969818890094757,0.04462480917572975,0.49399998784065247,0.5,5.089746475219727,,5.045121669769287,,,170.0,,,,,,,,,,,
13,,,16609,4.0,0.9830499887466431,0.5709077715873718,0.04991760104894638,0.7861473560333252,0.5425691604614258,6.023496627807617,,5.973578929901123,,,272.0,,,,,,,,,,,
13,,,16619,4.0,0.9712499976158142,0.5111290216445923,0.08311706781387329,0.9439747333526611,0.5093759894371033,5.631175994873047,,5.548058986663818,,,227.0,,,,,,,,,,,
13,,,16629,4.0,0.9593499898910522,0.503957211971283,0.09713336825370789,0.9082822203636169,0.5072382688522339,6.085739612579346,,5.9886064529418945,,,348.0,,,,,,,,,,,
13,,,16639,4.0,0.9674000144004822,0.4917149543762207,0.11410556733608246,0.4837000072002411,0.5,5.922957420349121,,5.808851718902588,,,334.0,,,,,,,,,,,
13,,,16649,4.0,0.9638000130653381,0.5336964726448059,0.09960628300905228,0.9414010047912598,0.522438645362854,5.829771518707275,,5.730165004730225,,,305.0,,,,,,,,,,,
13,,,16659,4.0,0.9724000096321106,0.5683706402778625,0.07534386962652206,0.5880264639854431,0.5565095543861389,5.275180816650391,,5.199836730957031,,,151.0,,,,,,,,,,,
13,,,16669,4.0,0.9741500020027161,0.49345287680625916,0.08749451488256454,0.48707500100135803,0.5,5.439001083374023,,5.35150671005249,,,255.0,,,,,,,,,,,
13,,,16679,4.0,0.9793999791145325,0.5308282375335693,0.07657965272665024,0.5888753533363342,0.5204190611839294,5.0578227043151855,,4.981243133544922,,,161.0,,,,,,,,,,,
13,,,16689,4.0,0.9863499999046326,0.4965640604496002,0.05485423654317856,0.4931749999523163,0.5,4.98563289642334,,4.930778503417969,,,176.0,,,,,,,,,,,
13,,,16699,4.0,0.9631999731063843,0.49332931637763977,0.0987434908747673,0.6245757341384888,0.5012344717979431,5.698880195617676,,5.600136756896973,,,264.0,,,,,,,,,,,
13,,,16709,4.0,0.9689000248908997,0.5613341927528381,0.08942215889692307,0.8274359107017517,0.5379264950752258,6.3635640144348145,,6.274141788482666,,,294.0,,,,,,,,,,,
13,,,16719,4.0,0.9851499795913696,0.640133261680603,0.0605362243950367,0.6398016214370728,0.6404666304588318,4.564119815826416,,4.5035834312438965,,,100.0,,,,,,,,,,,
13,,,16729,4.0,0.9706000089645386,0.5213797092437744,0.06853506714105606,0.9139310717582703,0.5148480534553528,5.812315464019775,,5.743780612945557,,,308.0,,,,,,,,,,,
13,,,16739,4.0,0.9866499900817871,0.5833226442337036,0.05240560322999954,0.8269950151443481,0.5494670867919922,4.921444416046143,,4.8690385818481445,,,122.0,,,,,,,,,,,
13,,,16749,4.0,0.9584500193595886,0.48939213156700134,0.20462045073509216,0.4792250096797943,0.5,6.430377960205078,,6.225757598876953,,,260.0,,,,,,,,,,,
13,,,16759,4.0,0.9826499819755554,0.4956245422363281,0.05771569162607193,0.4913249909877777,0.5,5.369704246520996,,5.311988353729248,,,208.0,,,,,,,,,,,
13,,,16769,4.0,0.9741500020027161,0.49345287680625916,0.08904916048049927,0.48707500100135803,0.5,5.779078006744385,,5.690028667449951,,,343.0,,,,,,,,,,,
13,,,16779,4.0,0.9750999808311462,0.49369651079177856,0.07231462746858597,0.4875499904155731,0.5,5.7403669357299805,,5.6680521965026855,,,230.0,,,,,,,,,,,
13,,,16789,4.0,0.9851999878883362,0.49627241492271423,0.05726565048098564,0.4927971065044403,0.4997970759868622,4.7953996658325195,,4.738133907318115,,,114.0,,,,,,,,,,,
13,,,16799,4.0,0.9911500215530396,0.49777767062187195,0.04525858536362648,0.49559977650642395,0.49997478723526,4.519824028015137,,4.474565505981445,,,109.0,,,,,,,,,,,
13,,,16809,4.0,0.9790499806404114,0.49470704793930054,0.06758115440607071,0.4895249903202057,0.5,5.471248149871826,,5.403666973114014,,,205.0,,,,,,,,,,,
13,,,16819,4.0,0.9887999892234802,0.49718421697616577,0.047805119305849075,0.4943999946117401,0.5,4.584074020385742,,4.536268711090088,,,116.0,,,,,,,,,,,
13,,,16829,4.0,0.9757999777793884,0.6145415902137756,0.077430360019207,0.7463140487670898,0.5770227909088135,5.520399570465088,,5.44296932220459,,,251.0,,,,,,,,,,,
13,,,16839,4.0,0.9760000109672546,0.5965570211410522,0.07159856706857681,0.8084083795547485,0.5602462291717529,5.417365550994873,,5.345767021179199,,,252.0,,,,,,,,,,,
13,,,16849,4.0,0.9792500138282776,0.49475812911987305,0.0680219978094101,0.4896250069141388,0.5,5.17532205581665,,5.107300281524658,,,159.0,,,,,,,,,,,
13,,,16859,4.0,0.9925000071525574,0.49811795353889465,0.038350626826286316,0.4962500035762787,0.5,4.168742656707764,,4.130392074584961,,,63.0,,,,,,,,,,,
13,,,16869,4.0,0.9762499928474426,0.4939911365509033,0.08126194775104523,0.4881249964237213,0.5,5.808393955230713,,5.7271318435668945,,,241.0,,,,,,,,,,,
13,,,16879,4.0,0.9711999893188477,0.49269479513168335,0.09206484258174896,0.48559999465942383,0.5,5.630508899688721,,5.5384440422058105,,,297.0,,,,,,,,,,,
13,,,16889,4.0,0.9750999808311462,0.6668824553489685,0.07304611802101135,0.7720341086387634,0.6223808526992798,5.784337043762207,,5.7112908363342285,,,368.0,,,,,,,,,,,
13,,,16899,4.0,0.9757000207901001,0.6988943219184875,0.07395832240581512,0.8474507331848145,0.6419817209243774,5.793506622314453,,5.719548225402832,,,381.0,,,,,,,,,,,
13,,,16909,4.0,0.9853500127792358,0.6177487373352051,0.04477247968316078,0.7266679406166077,0.5807982683181763,4.991100788116455,,4.946328163146973,,,137.0,,,,,,,,,,,
13,,,16919,4.0,0.9850999712944031,0.4962470531463623,0.04898286238312721,0.49254998564720154,0.5,5.432535171508789,,5.383552074432373,,,241.0,,,,,,,,,,,
13,,,16929,4.0,0.9858499765396118,0.6190956830978394,0.05315128341317177,0.9721247553825378,0.5702855587005615,5.101841449737549,,5.048690319061279,,,158.0,,,,,,,,,,,
13,,,16939,4.0,0.98294997215271,0.5385928153991699,0.047483623027801514,0.9620810151100159,0.5224464535713196,5.028932094573975,,4.981448650360107,,,184.0,,,,,,,,,,,
13,,,16949,4.0,0.9899500012397766,0.5166130661964417,0.03855861350893974,0.6380788087844849,0.5100039839744568,4.582125186920166,,4.543566703796387,,,98.0,,,,,,,,,,,
13,,,16959,4.0,0.972599983215332,0.6787771582603455,0.06848594546318054,0.8591240644454956,0.6224058866500854,5.725382328033447,,5.656896591186523,,,269.0,,,,,,,,,,,
13,,,16969,4.0,0.9768499732017517,0.4941447377204895,0.07681567966938019,0.48844942450523376,0.49997439980506897,5.438675403594971,,5.3618597984313965,,,228.0,,,,,,,,,,,
13,,,16979,4.0,0.98294997215271,0.4957008361816406,0.0489240325987339,0.491474986076355,0.5,6.2728681564331055,,6.223944187164307,,,300.0,,,,,,,,,,,
13,,,16989,4.0,0.9836999773979187,0.4958915114402771,0.05774382874369621,0.4919237792491913,0.4999237656593323,5.107329368591309,,5.049585342407227,,,199.0,,,,,,,,,,,
13,,,16999,4.0,0.9814500212669373,0.49531909823417664,0.07038276642560959,0.4908968210220337,0.4998217523097992,6.112562656402588,,6.042180061340332,,,350.0,,,,,,,,,,,
13,,,17009,4.0,0.9854000210762024,0.4963231682777405,0.05157684162259102,0.4927000105381012,0.5,4.777872085571289,,4.726295471191406,,,117.0,,,,,,,,,,,
13,,,17019,4.0,0.9779000282287598,0.5359014272689819,0.05747770518064499,0.577506422996521,0.524877667427063,5.010220050811768,,4.952742576599121,,,168.0,,,,,,,,,,,
13,,,17029,4.0,0.98294997215271,0.4957008361816406,0.057218119502067566,0.4918684959411621,0.4995934069156647,4.826169490814209,,4.768951416015625,,,108.0,,,,,,,,,,,
13,,,17039,4.0,0.9770500063896179,0.7377066016197205,0.05419815704226494,0.7364165782928467,0.7390118837356567,5.580017566680908,,5.525819301605225,,,283.0,,,,,,,,,,,
13,,,17049,4.0,0.9699000120162964,0.5623409748077393,0.0788416713476181,0.7014102935791016,0.5401347875595093,5.961566925048828,,5.882725238800049,,,247.0,,,,,,,,,,,
13,,,17059,4.0,0.9702000021934509,0.49243730306625366,0.09776269644498825,0.48510000109672546,0.5,5.754188537597656,,5.656425952911377,,,296.0,,,,,,,,,,,
13,,,17069,4.0,0.9799000024795532,0.49492397904396057,0.054722804576158524,0.4899500012397766,0.5,5.262071132659912,,5.207348346710205,,,211.0,,,,,,,,,,,
13,,,17079,4.0,0.9715499877929688,0.49278485774993896,0.07925307750701904,0.4857749938964844,0.5,5.699550628662109,,5.620297431945801,,,337.0,,,,,,,,,,,
13,,,17089,4.0,0.9797000288963318,0.5839303731918335,0.06998967379331589,0.8900977373123169,0.5498327016830444,5.361143589019775,,5.291153907775879,,,227.0,,,,,,,,,,,
13,,,17099,4.0,0.9857500195503235,0.6300786137580872,0.04776443541049957,0.7734414339065552,0.5867974162101746,5.105699062347412,,5.057934761047363,,,170.0,,,,,,,,,,,
13,,,17109,4.0,0.9575499892234802,0.48915737867355347,0.11751627177000046,0.4789426326751709,0.4998173117637634,5.972908020019531,,5.855391979217529,,,322.0,,,,,,,,,,,
13,,,17119,4.0,0.988099992275238,0.49700719118118286,0.038761913776397705,0.494049996137619,0.5,4.647317409515381,,4.608555316925049,,,104.0,,,,,,,,,,,
13,,,17129,4.0,0.967199981212616,0.49166327714920044,0.09603167325258255,0.483599990606308,0.5,5.974898338317871,,5.878866672515869,,,294.0,,,,,,,,,,,
13,,,17139,4.0,0.963450014591217,0.4906924068927765,0.09784058481454849,0.4817250072956085,0.5,6.07769250869751,,5.979851722717285,,,342.0,,,,,,,,,,,
13,,,17149,4.0,0.9897000193595886,0.49741166830062866,0.044678397476673126,0.4948500096797943,0.5,4.581291675567627,,4.536613464355469,,,90.0,,,,,,,,,,,
13,,,17159,4.0,0.982200026512146,0.4955100417137146,0.06361892074346542,0.491100013256073,0.5,5.1195878982543945,,5.055968761444092,,,177.0,,,,,,,,,,,
13,,,17169,4.0,0.9756500124931335,0.5831969380378723,0.06449723243713379,0.8563132882118225,0.5503759980201721,5.30100154876709,,5.236504554748535,,,184.0,,,,,,,,,,,
13,,,17179,4.0,0.9757000207901001,0.5941601991653442,0.08690456300973892,0.8743295669555664,0.5571936964988708,5.567136287689209,,5.480231761932373,,,245.0,,,,,,,,,,,
13,,,17189,4.0,0.9729499816894531,0.49314478039741516,0.10841145366430283,0.48647499084472656,0.5,5.919740676879883,,5.811329364776611,,,296.0,,,,,,,,,,,
13,,,17199,4.0,0.977649986743927,0.4943493604660034,0.06662987917661667,0.4888249933719635,0.5,5.258908271789551,,5.1922783851623535,,,177.0,,,,,,,,,,,
13,,,17209,4.0,0.9513499736785889,0.4885592758655548,0.12439756095409393,0.9756737947463989,0.5005133748054504,6.004035949707031,,5.879638195037842,,,366.0,,,,,,,,,,,
13,,,17219,4.0,0.9724500179290771,0.4984012246131897,0.12759241461753845,0.7862715721130371,0.5026659965515137,5.733458995819092,,5.605866432189941,,,259.0,,,,,,,,,,,
13,,,17229,4.0,0.9864500164985657,0.49658939242362976,0.041034452617168427,0.49324965476989746,0.49997466802597046,4.783151149749756,,4.742116928100586,,,110.0,,,,,,,,,,,
13,,,17239,4.0,0.9790499806404114,0.49470704793930054,0.08295167237520218,0.48957395553588867,0.4999489486217499,5.884459972381592,,5.80150842666626,,,345.0,,,,,,,,,,,
13,,,17249,4.0,0.9890499711036682,0.4972474277019501,0.03308126702904701,0.4945249855518341,0.5,4.571033000946045,,4.537951946258545,,,109.0,,,,,,,,,,,
13,,,17259,4.0,0.9742000102996826,0.6717222929000854,0.06564056873321533,0.6742796897888184,0.6692448258399963,5.362006187438965,,5.296365737915039,,,216.0,,,,,,,,,,,
13,,,17269,4.0,0.9765499830245972,0.6327157020568848,0.08721979707479477,0.8670854568481445,0.5841609239578247,5.7501726150512695,,5.662952899932861,,,274.0,,,,,,,,,,,
13,,,17279,4.0,0.9745000004768372,0.4935426712036133,0.06550116091966629,0.4872500002384186,0.5,5.874358177185059,,5.808856964111328,,,358.0,,,,,,,,,,,
13,,,17289,4.0,0.9732000231742859,0.49320900440216064,0.08580318838357925,0.48660001158714294,0.5,6.141920566558838,,6.056117534637451,,,296.0,,,,,,,,,,,
13,,,17299,4.0,0.9902499914169312,0.4975505471229553,0.04166305065155029,0.4951249957084656,0.5,4.785220623016357,,4.743557453155518,,,126.0,,,,,,,,,,,
13,,,17309,4.0,0.9847999811172485,0.49943867325782776,0.05605469271540642,0.9923996329307556,0.5016393661499023,5.20602560043335,,5.149971008300781,,,160.0,,,,,,,,,,,
13,,,17319,4.0,0.9643499851226807,0.49092575907707214,0.10097067803144455,0.48217499256134033,0.5,5.9596734046936035,,5.858702659606934,,,376.0,,,,,,,,,,,
13,,,17329,4.0,0.9815000295639038,0.5441076159477234,0.05997999384999275,0.5830761790275574,0.5311352610588074,5.432164669036865,,5.372184753417969,,,219.0,,,,,,,,,,,
,9.528893909706797e-05,0.0009528893909706797,17332,,,,,,,,,,,,,,,,,,,,,,,
14,,,17339,4.0,0.9807500243186951,0.6014674305915833,0.050741709768772125,0.7935127019882202,0.5636486411094666,5.051270008087158,,5.000528335571289,,,148.0,,,,,,,,,,,
14,,,17349,4.0,0.977150022983551,0.5522397756576538,0.06006661430001259,0.8459944725036621,0.5312716364860535,5.392980098724365,,5.332913398742676,,,208.0,,,,,,,,,,,
14,,,17359,4.0,0.9685500264167786,0.4920118749141693,0.09278058260679245,0.4844687879085541,0.4997935891151428,5.819433689117432,,5.726653099060059,,,311.0,,,,,,,,,,,
14,,,17369,4.0,0.9775000214576721,0.49431100487709045,0.06049104779958725,0.48875001072883606,0.5,5.53114652633667,,5.47065544128418,,,251.0,,,,,,,,,,,
14,,,17379,4.0,0.9798499941825867,0.6407597064971924,0.06948276609182358,0.7543929815292358,0.5990588665008545,5.236958980560303,,5.167476177215576,,,205.0,,,,,,,,,,,
14,,,17389,4.0,0.9753000140190125,0.4937477707862854,0.07913091778755188,0.4895101487636566,0.4980594515800476,5.4000244140625,,5.320893287658691,,,210.0,,,,,,,,,,,
14,,,17399,4.0,0.9577999711036682,0.48922258615493774,0.130983367562294,0.4788999855518341,0.5,5.994053840637207,,5.863070487976074,,,339.0,,,,,,,,,,,
14,,,17409,4.0,0.9786999821662903,0.5802087783813477,0.08139341324567795,0.9477579593658447,0.5471079349517822,5.744707107543945,,5.663313865661621,,,277.0,,,,,,,,,,,
14,,,17419,4.0,0.9760000109672546,0.4960015118122101,0.08552195131778717,0.5336980819702148,0.5008055567741394,5.509770393371582,,5.424248218536377,,,267.0,,,,,,,,,,,
14,,,17429,4.0,0.9807000160217285,0.49512797594070435,0.06221756711602211,0.49035000801086426,0.5,5.252651691436768,,5.190433979034424,,,218.0,,,,,,,,,,,
14,,,17439,4.0,0.9850500226020813,0.49623435735702515,0.050548430532217026,0.49252501130104065,0.5,5.181833267211914,,5.131284713745117,,,159.0,,,,,,,,,,,
14,,,17449,4.0,0.9791499972343445,0.4947325885295868,0.060386914759874344,0.48957499861717224,0.5,5.494635581970215,,5.434248447418213,,,275.0,,,,,,,,,,,
14,,,17459,4.0,0.9764999747276306,0.6712138652801514,0.07352912425994873,0.9215514659881592,0.6108840703964233,5.765110969543457,,5.691581726074219,,,319.0,,,,,,,,,,,
14,,,17469,4.0,0.9951000213623047,0.498771995306015,0.027129635214805603,0.49755001068115234,0.5,3.846914529800415,,3.8197848796844482,,,50.0,,,,,,,,,,,
14,,,17479,4.0,0.9850999712944031,0.5217232704162598,0.06446966528892517,0.715015709400177,0.513259768486023,5.189161777496338,,5.124691963195801,,,194.0,,,,,,,,,,,
14,,,17489,4.0,0.9890499711036682,0.6334543228149414,0.03267806023359299,0.7723597288131714,0.5894739031791687,5.098702430725098,,5.066024303436279,,,184.0,,,,,,,,,,,
14,,,17499,4.0,0.967199981212616,0.49166327714920044,0.11371276527643204,0.483599990606308,0.5,5.867807865142822,,5.754095077514648,,,343.0,,,,,,,,,,,
14,,,17509,4.0,0.9753000140190125,0.4937477707862854,0.06050330772995949,0.4876987636089325,0.49994874000549316,5.558664321899414,,5.4981608390808105,,,248.0,,,,,,,,,,,
14,,,17519,4.0,0.9656999707221985,0.525231659412384,0.11594909429550171,0.6060805320739746,0.5177335143089294,5.951420783996582,,5.8354716300964355,,,343.0,,,,,,,,,,,
14,,,17529,4.0,0.9760500192642212,0.49393993616104126,0.06557129323482513,0.4880250096321106,0.5,5.822916507720947,,5.757345199584961,,,346.0,,,,,,,,,,,
14,,,17539,4.0,0.988099992275238,0.49700719118118286,0.03929678350687027,0.4940747022628784,0.49997469782829285,4.507183074951172,,4.467886447906494,,,88.0,,,,,,,,,,,
14,,,17549,4.0,0.973800003528595,0.5187206864356995,0.0688663125038147,0.898728609085083,0.5130070447921753,5.790322303771973,,5.721456050872803,,,318.0,,,,,,,,,,,
14,,,17559,4.0,0.9778000116348267,0.78407222032547,0.060211390256881714,0.7784378528594971,0.7899585366249084,5.5468926429748535,,5.4866814613342285,,,256.0,,,,,,,,,,,
14,,,17569,4.0,0.9706500172615051,0.5808883905410767,0.06957646459341049,0.736816942691803,0.5520401000976562,5.612415313720703,,5.542839050292969,,,299.0,,,,,,,,,,,
14,,,17579,4.0,0.9833999872207642,0.7322915196418762,0.044244371354579926,0.7106965780258179,0.7591382265090942,5.211102485656738,,5.166858196258545,,,172.0,,,,,,,,,,,
14,,,17589,4.0,0.9624500274658203,0.5083978176116943,0.08394064754247665,0.9187600016593933,0.5091223120689392,6.032796859741211,,5.948856353759766,,,322.0,,,,,,,,,,,
14,,,17599,4.0,0.9581500291824341,0.48931390047073364,0.10495319962501526,0.47907501459121704,0.5,5.8899006843566895,,5.784947395324707,,,320.0,,,,,,,,,,,
14,,,17609,4.0,0.9768499732017517,0.508817732334137,0.0951945036649704,0.9259454011917114,0.5074371099472046,5.698902606964111,,5.603708267211914,,,274.0,,,,,,,,,,,
14,,,17619,4.0,0.9855999946594238,0.6416832804679871,0.048385996371507645,0.8714537620544434,0.5894560813903809,5.252079010009766,,5.20369291305542,,,208.0,,,,,,,,,,,
14,,,17629,4.0,0.9782999753952026,0.5970640182495117,0.07178618013858795,0.7063257098197937,0.5654184222221375,5.275667190551758,,5.203880786895752,,,187.0,,,,,,,,,,,
14,,,17639,4.0,0.9915500283241272,0.5037263631820679,0.03777607902884483,0.5121694803237915,0.5028166770935059,4.371010780334473,,4.333234786987305,,,84.0,,,,,,,,,,,
14,,,17649,4.0,0.9757999777793884,0.5118014216423035,0.07247939705848694,0.8970342874526978,0.5091137290000916,5.70953893661499,,5.637059688568115,,,354.0,,,,,,,,,,,
14,,,17659,4.0,0.9798499941825867,0.5022454261779785,0.0657663494348526,0.5038671493530273,0.5020918846130371,4.891402244567871,,4.82563591003418,,,119.0,,,,,,,,,,,
14,,,17669,4.0,0.9933500289916992,0.4983319640159607,0.03179549798369408,0.4966750144958496,0.5,4.571513652801514,,4.539718151092529,,,104.0,,,,,,,,,,,
14,,,17679,4.0,0.9897500276565552,0.6568865180015564,0.03483467921614647,0.7994301915168762,0.6073244214057922,4.823835372924805,,4.789000511169434,,,139.0,,,,,,,,,,,
14,,,17689,4.0,0.9869499802589417,0.49671608209609985,0.05675690248608589,0.4934749901294708,0.5,4.930484771728516,,4.873727798461914,,,132.0,,,,,,,,,,,
14,,,17699,4.0,0.9923499822616577,0.5169478058815002,0.0364614762365818,0.5279306769371033,0.5124800205230713,4.004899978637695,,3.9684386253356934,,,51.0,,,,,,,,,,,
14,,,17709,4.0,0.9652000069618225,0.49114593863487244,0.10221661627292633,0.48260000348091125,0.5,5.855548858642578,,5.753332138061523,,,378.0,,,,,,,,,,,
14,,,17719,4.0,0.9686999917030334,0.4920505881309509,0.10061545670032501,0.4843499958515167,0.5,5.70007848739624,,5.599462985992432,,,246.0,,,,,,,,,,,
14,,,17729,4.0,0.9771999716758728,0.5152397751808167,0.0572788342833519,0.8458349704742432,0.5107201337814331,5.464919567108154,,5.4076409339904785,,,242.0,,,,,,,,,,,
14,,,17739,4.0,0.9915500283241272,0.5150210857391357,0.03169442340731621,0.6459479928016663,0.5089144706726074,4.266546249389648,,4.234851837158203,,,79.0,,,,,,,,,,,
14,,,17749,4.0,0.98089998960495,0.5029101967811584,0.05354168638586998,0.9904485940933228,0.5038961172103882,5.152470111846924,,5.098928451538086,,,189.0,,,,,,,,,,,
14,,,17759,4.0,0.9937999844551086,0.49844518303871155,0.030359463766217232,0.4968999922275543,0.5,4.053877830505371,,4.0235185623168945,,,72.0,,,,,,,,,,,
14,,,17769,4.0,0.9793999791145325,0.6090125441551208,0.06727230548858643,0.9077715873718262,0.5658534169197083,5.438776969909668,,5.371504783630371,,,264.0,,,,,,,,,,,
14,,,17779,4.0,0.9815999865531921,0.6507684588432312,0.04928937181830406,0.6836335062980652,0.6282916069030762,4.859764099121094,,4.810474872589111,,,119.0,,,,,,,,,,,
14,,,17789,4.0,0.979449987411499,0.5942109823226929,0.06755371391773224,0.780381441116333,0.5590549111366272,5.2980427742004395,,5.230489253997803,,,220.0,,,,,,,,,,,
14,,,17799,4.0,0.9648500084877014,0.5740600824356079,0.0915629044175148,0.8197260499000549,0.5464786887168884,5.909074306488037,,5.817511558532715,,,351.0,,,,,,,,,,,
14,,,17809,4.0,0.98785001039505,0.634250283241272,0.041411299258470535,0.7686629295349121,0.5906714200973511,4.800807476043701,,4.759396076202393,,,122.0,,,,,,,,,,,
14,,,17819,4.0,0.9652500152587891,0.4996427595615387,0.11776880919933319,0.7827163934707642,0.5042005181312561,5.7731032371521,,5.65533447265625,,,353.0,,,,,,,,,,,
14,,,17829,4.0,0.9797000288963318,0.5888607501983643,0.05903731659054756,0.7215721607208252,0.5576423406600952,5.323930263519287,,5.264893054962158,,,214.0,,,,,,,,,,,
14,,,17839,4.0,0.9688500165939331,0.6098419427871704,0.09136983007192612,0.8015059232711792,0.5709502100944519,5.693777561187744,,5.602407932281494,,,298.0,,,,,,,,,,,
14,,,17849,4.0,0.9702000021934509,0.5070918202400208,0.08254430443048477,0.9351175427436829,0.507424533367157,5.486555099487305,,5.404010772705078,,,249.0,,,,,,,,,,,
14,,,17859,4.0,0.9632999897003174,0.49065348505973816,0.1487058401107788,0.4816499948501587,0.5,6.061722278594971,,5.913016319274902,,,372.0,,,,,,,,,,,
14,,,17869,4.0,0.9883000254631042,0.49705779552459717,0.04707876592874527,0.4941500127315521,0.5,4.623331546783447,,4.5762529373168945,,,119.0,,,,,,,,,,,
14,,,17879,4.0,0.9617999792098999,0.49026405811309814,0.09465660154819489,0.48089998960494995,0.5,5.920780181884766,,5.8261237144470215,,,393.0,,,,,,,,,,,
14,,,17889,4.0,0.9769999980926514,0.5006200075149536,0.0842982605099678,0.788547158241272,0.5032026171684265,5.7493672370910645,,5.665069103240967,,,251.0,,,,,,,,,,,
14,,,17899,4.0,0.9699500203132629,0.5005542635917664,0.07329172641038895,0.5816349387168884,0.5037326812744141,5.803650379180908,,5.730358600616455,,,371.0,,,,,,,,,,,
14,,,17909,4.0,0.9681500196456909,0.4996345639228821,0.07901181280612946,0.9840710163116455,0.5038940906524658,5.613734722137451,,5.534722805023193,,,243.0,,,,,,,,,,,
14,,,17919,4.0,0.960099995136261,0.628328800201416,0.09754375368356705,0.6753994822502136,0.6027830839157104,6.122541427612305,,6.024997711181641,,,394.0,,,,,,,,,,,
14,,,17929,4.0,0.9937000274658203,0.49842002987861633,0.03964473679661751,0.49685001373291016,0.5,4.175575256347656,,4.13593053817749,,,46.0,,,,,,,,,,,
14,,,17939,4.0,0.9620500206947327,0.6352472901344299,0.09439694881439209,0.9192636013031006,0.5863077640533447,6.253598213195801,,6.159201145172119,,,497.0,,,,,,,,,,,
14,,,17949,4.0,0.9713500142097473,0.6739854216575623,0.05452064052224159,0.755422830581665,0.6337525248527527,5.791836261749268,,5.737315654754639,,,275.0,,,,,,,,,,,
14,,,17959,4.0,0.9686499834060669,0.49203768372535706,0.09531019628047943,0.48432499170303345,0.5,5.8162841796875,,5.720973968505859,,,357.0,,,,,,,,,,,
14,,,17969,4.0,0.9663000106811523,0.4914306104183197,0.10796172171831131,0.48315000534057617,0.5,5.720325946807861,,5.612364292144775,,,258.0,,,,,,,,,,,
14,,,17979,4.0,0.9814000129699707,0.4953063428401947,0.05815763399004936,0.49070000648498535,0.5,5.316170692443848,,5.2580132484436035,,,231.0,,,,,,,,,,,
14,,,17989,4.0,0.9876000285148621,0.5889815092086792,0.03834908828139305,0.6290357708930969,0.568407416343689,4.4246392250061035,,4.386290073394775,,,91.0,,,,,,,,,,,
14,,,17999,4.0,0.982450008392334,0.6148672103881836,0.05226137116551399,0.5873304605484009,0.6710953116416931,4.616533279418945,,4.564271926879883,,,104.0,,,,,,,,,,,
14,,,18009,4.0,0.9641500115394592,0.544403076171875,0.091834157705307,0.6368973851203918,0.5299434661865234,5.796624660491943,,5.7047905921936035,,,349.0,,,,,,,,,,,
14,,,18019,4.0,0.9769499897956848,0.6615240573883057,0.06728702783584595,0.6526899933815002,0.6715351343154907,5.1593708992004395,,5.092083930969238,,,160.0,,,,,,,,,,,
14,,,18029,4.0,0.9656999707221985,0.4912753701210022,0.08457178622484207,0.48284998536109924,0.5,5.5760602951049805,,5.491488456726074,,,212.0,,,,,,,,,,,
14,,,18039,4.0,0.993149995803833,0.4982816278934479,0.032687608152627945,0.4965749979019165,0.5,4.21977424621582,,4.187086582183838,,,58.0,,,,,,,,,,,
14,,,18049,4.0,0.9678999781608582,0.605057954788208,0.09174428880214691,0.872961163520813,0.5655907392501831,5.794093608856201,,5.7023491859436035,,,274.0,,,,,,,,,,,
14,,,18059,4.0,0.9816499948501587,0.4953700304031372,0.06477651000022888,0.4908495545387268,0.4999745488166809,5.316705226898193,,5.251928806304932,,,168.0,,,,,,,,,,,
14,,,18069,4.0,0.9893500208854675,0.49732324481010437,0.056590382009744644,0.49467501044273376,0.5,4.489601135253906,,4.433010578155518,,,93.0,,,,,,,,,,,
14,,,18079,4.0,0.9629499912261963,0.5873640775680542,0.0797860324382782,0.6712387800216675,0.5615592002868652,5.817240238189697,,5.737454414367676,,,392.0,,,,,,,,,,,
14,,,18089,4.0,0.9580000042915344,0.492819219827652,0.11314191669225693,0.7290687561035156,0.5017074346542358,6.1255011558532715,,6.012359142303467,,,371.0,,,,,,,,,,,
14,,,18099,4.0,0.9742500185966492,0.5635814666748047,0.06984156370162964,0.7877822518348694,0.5389785170555115,5.488978862762451,,5.419137477874756,,,241.0,,,,,,,,,,,
14,,,18109,4.0,0.9718000292778015,0.648900032043457,0.07310453802347183,0.869998037815094,0.5970012545585632,5.988535404205322,,5.915431022644043,,,394.0,,,,,,,,,,,
14,,,18119,4.0,0.9841499924659729,0.4960058331489563,0.06426388025283813,0.49207499623298645,0.5,4.940330505371094,,4.8760666847229,,,110.0,,,,,,,,,,,
14,,,18129,4.0,0.9624999761581421,0.55838942527771,0.10448554903268814,0.9495450258255005,0.536541759967804,6.090112686157227,,5.985627174377441,,,378.0,,,,,,,,,,,
14,,,18139,4.0,0.9750999808311462,0.49369651079177856,0.09812004119157791,0.4875499904155731,0.5,5.687090873718262,,5.58897066116333,,,296.0,,,,,,,,,,,
14,,,18149,4.0,0.9836000204086304,0.5403072237968445,0.053256671875715256,0.7588049173355103,0.5238865613937378,5.182947158813477,,5.129690647125244,,,221.0,,,,,,,,,,,
14,,,18159,4.0,0.9710500240325928,0.5748859643936157,0.0811583399772644,0.7802737355232239,0.5467880964279175,5.480465888977051,,5.399307727813721,,,217.0,,,,,,,,,,,
14,,,18169,4.0,0.9793999791145325,0.5794627666473389,0.05991187319159508,0.8861747980117798,0.5471228361129761,5.478435039520264,,5.41852331161499,,,224.0,,,,,,,,,,,
14,,,18179,4.0,0.9722499847412109,0.7017074823379517,0.08650381118059158,0.8057035207748413,0.6527421474456787,5.783693790435791,,5.697189807891846,,,298.0,,,,,,,,,,,
14,,,18189,4.0,0.9627000093460083,0.49049779772758484,0.1173533946275711,0.48135000467300415,0.5,6.3057050704956055,,6.188351631164551,,,302.0,,,,,,,,,,,
14,,,18199,4.0,0.9775000214576721,0.6773719787597656,0.06600606441497803,0.7152960896492004,0.6513659358024597,5.201657295227051,,5.135651111602783,,,145.0,,,,,,,,,,,
14,,,18209,4.0,0.972100019454956,0.5701807141304016,0.07538705319166183,0.6300863027572632,0.5499061346054077,5.3765058517456055,,5.301118850708008,,,226.0,,,,,,,,,,,
14,,,18219,4.0,0.9910500049591064,0.49775242805480957,0.028673043474555016,0.4955250024795532,0.5,4.676605224609375,,4.647932052612305,,,128.0,,,,,,,,,,,
14,,,18229,4.0,0.9848999977111816,0.541374146938324,0.054915644228458405,0.6403918266296387,0.5257775783538818,4.921761989593506,,4.866846561431885,,,120.0,,,,,,,,,,,
14,,,18239,4.0,0.9718000292778015,0.7871602773666382,0.07420851290225983,0.7610339522361755,0.8198599219322205,5.790140151977539,,5.715931415557861,,,293.0,,,,,,,,,,,
14,,,18249,4.0,0.9660000205039978,0.5255885720252991,0.09529276192188263,0.7287062406539917,0.517736554145813,5.9585442543029785,,5.863251686096191,,,276.0,,,,,,,,,,,
14,,,18259,4.0,0.9757999777793884,0.5193620920181274,0.06501596421003342,0.8703427314758301,0.5130820870399475,5.697803974151611,,5.632788181304932,,,357.0,,,,,,,,,,,
14,,,18269,4.0,0.9706000089645386,0.4942348897457123,0.10853710770606995,0.9852992296218872,0.5008488893508911,5.798397541046143,,5.6898603439331055,,,240.0,,,,,,,,,,,
14,,,18279,4.0,0.9912499785423279,0.6864091157913208,0.03124074637889862,0.804574191570282,0.6350643038749695,4.435733318328857,,4.404492378234863,,,83.0,,,,,,,,,,,
14,,,18289,4.0,0.9739500284194946,0.5257115364074707,0.08252663910388947,0.7445207834243774,0.5168049931526184,5.898089408874512,,5.815562725067139,,,301.0,,,,,,,,,,,
14,,,18299,4.0,0.9896000027656555,0.6860008835792542,0.0370536707341671,0.7699905037879944,0.6425212025642395,4.515406608581543,,4.478353023529053,,,98.0,,,,,,,,,,,
14,,,18309,4.0,0.9841499924659729,0.8114336729049683,0.05775170400738716,0.8450050354003906,0.7841061353683472,5.697601795196533,,5.63985013961792,,,328.0,,,,,,,,,,,
14,,,18319,4.0,0.9592999815940857,0.66596519947052,0.11545158922672272,0.7962020635604858,0.6193313598632812,6.045494079589844,,5.930042266845703,,,327.0,,,,,,,,,,,
14,,,18329,4.0,0.9822499752044678,0.6137898564338684,0.046925678849220276,0.8487856984138489,0.570315420627594,5.458882808685303,,5.411957263946533,,,272.0,,,,,,,,,,,
14,,,18339,4.0,0.9660999774932861,0.6025746464729309,0.10035749524831772,0.6837647557258606,0.573630690574646,5.886071681976318,,5.785714149475098,,,334.0,,,,,,,,,,,
14,,,18349,4.0,0.966949999332428,0.49310654401779175,0.08753097802400589,0.9834741353988647,0.5007553100585938,5.739223003387451,,5.651691913604736,,,301.0,,,,,,,,,,,
14,,,18359,4.0,0.9892500042915344,0.5437099933624268,0.04059900715947151,0.5611658692359924,0.534320056438446,4.314423084259033,,4.273824214935303,,,91.0,,,,,,,,,,,
14,,,18369,4.0,0.9764000177383423,0.6396457552909851,0.05735168978571892,0.8149245381355286,0.592475950717926,5.305036544799805,,5.247684955596924,,,200.0,,,,,,,,,,,
14,,,18379,4.0,0.9702500104904175,0.49245020747184753,0.08608648926019669,0.48512500524520874,0.5,6.052584648132324,,5.966498374938965,,,315.0,,,,,,,,,,,
14,,,18389,4.0,0.9708999991416931,0.49261757731437683,0.0752842128276825,0.48544999957084656,0.5,5.588146209716797,,5.512862205505371,,,291.0,,,,,,,,,,,
14,,,18399,4.0,0.9867500066757202,0.6011371612548828,0.04303935915231705,0.8239972591400146,0.5616003274917603,4.634871482849121,,4.591832160949707,,,101.0,,,,,,,,,,,
14,,,18409,4.0,0.9855999946594238,0.758720874786377,0.04532814025878906,0.7004250288009644,0.869062066078186,4.853147506713867,,4.807819366455078,,,155.0,,,,,,,,,,,
14,,,18419,4.0,0.9642500281333923,0.4922940731048584,0.08681756258010864,0.9821240901947021,0.5006983280181885,6.063935279846191,,5.977117538452148,,,333.0,,,,,,,,,,,
14,,,18429,4.0,0.9818500280380249,0.4954209327697754,0.08595997840166092,0.49092501401901245,0.5,5.582785606384277,,5.496825695037842,,,195.0,,,,,,,,,,,
14,,,18439,4.0,0.9642000198364258,0.535399854183197,0.07981225103139877,0.8324310779571533,0.5233878493309021,6.139394760131836,,6.059582710266113,,,495.0,,,,,,,,,,,
14,,,18449,4.0,0.9894999861717224,0.5408380627632141,0.04002046957612038,0.9947474002838135,0.5227272510528564,4.589748859405518,,4.5497283935546875,,,101.0,,,,,,,,,,,
14,,,18459,4.0,0.9933500289916992,0.6309266090393066,0.026694634929299355,0.6768469214439392,0.6041820049285889,3.7796669006347656,,3.752972364425659,,,50.0,,,,,,,,,,,
14,,,18469,4.0,0.9397500157356262,0.4885808825492859,0.20086325705051422,0.969867467880249,0.5020661354064941,6.450747966766357,,6.249884605407715,,,356.0,,,,,,,,,,,
14,,,18479,4.0,0.9573000073432922,0.5016430616378784,0.10593812167644501,0.9786382913589478,0.5063583850860596,6.036970615386963,,5.931032657623291,,,422.0,,,,,,,,,,,
14,,,18489,4.0,0.9747499823570251,0.6528126001358032,0.07854455709457397,0.6929925084114075,0.6272212266921997,5.434373378753662,,5.355828762054443,,,261.0,,,,,,,,,,,
14,,,18499,4.0,0.9831500053405762,0.6424871683120728,0.052685558795928955,0.8388458490371704,0.592295229434967,5.033442974090576,,4.980757236480713,,,152.0,,,,,,,,,,,
14,,,18509,4.0,0.9872499704360962,0.4967920482158661,0.0481673888862133,0.4936249852180481,0.5,4.671319007873535,,4.623151779174805,,,97.0,,,,,,,,,,,
14,,,18519,4.0,0.9793499708175659,0.5328105092048645,0.06455150246620178,0.9619129300117493,0.5197879672050476,5.323023319244385,,5.258471965789795,,,251.0,,,,,,,,,,,
14,,,18529,4.0,0.963949978351593,0.5924363136291504,0.08685243129730225,0.636989951133728,0.5713824033737183,5.674170970916748,,5.587318420410156,,,268.0,,,,,,,,,,,
14,,,18539,4.0,0.9830999970436096,0.5183361768722534,0.05627833679318428,0.658607006072998,0.511714518070221,5.135304927825928,,5.079026699066162,,,164.0,,,,,,,,,,,
14,,,18549,4.0,0.9836500287055969,0.5961147546768188,0.048451002687215805,0.7772954702377319,0.5600426197052002,5.087730884552002,,5.039279937744141,,,161.0,,,,,,,,,,,
14,,,18559,4.0,0.9813500046730042,0.5302029848098755,0.058081597089767456,0.741012454032898,0.5184100866317749,5.01485538482666,,4.95677375793457,,,165.0,,,,,,,,,,,
14,,,18569,4.0,0.9939000010490417,0.49847033619880676,0.029400009661912918,0.4969500005245209,0.5,3.996000289916992,,3.966600179672241,,,37.0,,,,,,,,,,,
14,,,18569,,,,,,,,,,,,,0.9791237711906433,0.5217435956001282,0.06526418030261993,0.6522947549819946,0.5158871412277222,5.125225067138672,0.031166503205895424,5.059960842132568,0.031166553497314453,0.031166553497314453,220.79527282714844
,9.460482294732421e-05,0.0009460482294732421,18570,,,,,,,,,,,,,,,,,,,,,,,
15,,,18579,4.0,0.9908999800682068,0.4977146089076996,0.03580378741025925,0.49554911255836487,0.49989908933639526,4.527884483337402,,4.4920806884765625,,,99.0,,,,,,,,,,,
15,,,18589,4.0,0.9800000190734863,0.5582608580589294,0.05724576488137245,0.9294775724411011,0.5340154767036438,5.5734543800354,,5.516208648681641,,,282.0,,,,,,,,,,,
15,,,18599,4.0,0.9868999719619751,0.5004911422729492,0.052410803735256195,0.5126105546951294,0.5014519095420837,4.671201705932617,,4.618791103363037,,,125.0,,,,,,,,,,,
15,,,18609,4.0,0.984749972820282,0.529795229434967,0.04934549331665039,0.9507287740707397,0.5174349546432495,4.814879894256592,,4.765534400939941,,,112.0,,,,,,,,,,,
15,,,18619,4.0,0.9686999917030334,0.5978099703788757,0.07980900257825851,0.8134812712669373,0.5619251728057861,6.263279914855957,,6.183470726013184,,,556.0,,,,,,,,,,,
15,,,18629,4.0,0.9880499839782715,0.5834959745407104,0.0467936173081398,0.7605196237564087,0.5510961413383484,4.597272872924805,,4.550479412078857,,,108.0,,,,,,,,,,,
15,,,18639,4.0,0.9746999740600586,0.4935939610004425,0.08036132156848907,0.4873499870300293,0.5,5.60331916809082,,5.522957801818848,,,284.0,,,,,,,,,,,
15,,,18649,4.0,0.9872000217437744,0.5396345853805542,0.04786999151110649,0.7009128928184509,0.5234739780426025,4.64813232421875,,4.60026216506958,,,101.0,,,,,,,,,,,
15,,,18659,4.0,0.9695000052452087,0.49225690960884094,0.0940326601266861,0.48475000262260437,0.5,6.059887409210205,,5.965854644775391,,,422.0,,,,,,,,,,,
15,,,18669,4.0,0.963100016117096,0.617059588432312,0.11196738481521606,0.9346476197242737,0.5731899738311768,5.8954362869262695,,5.783468723297119,,,302.0,,,,,,,,,,,
15,,,18679,4.0,0.9793499708175659,0.4947836399078369,0.05883491784334183,0.48967498540878296,0.5,5.3683600425720215,,5.309525012969971,,,147.0,,,,,,,,,,,
15,,,18689,4.0,0.9800999760627747,0.5937528610229492,0.06641940027475357,0.867341935634613,0.556435763835907,5.109219074249268,,5.042799472808838,,,139.0,,,,,,,,,,,
15,,,18699,4.0,0.9772499799728394,0.5232285261154175,0.06360503286123276,0.9886170625686646,0.5149253606796265,5.5861005783081055,,5.522495746612549,,,283.0,,,,,,,,,,,
15,,,18709,4.0,0.9666500091552734,0.500355064868927,0.10705595463514328,0.7142584919929504,0.5043234825134277,6.178354263305664,,6.071298122406006,,,307.0,,,,,,,,,,,
15,,,18719,4.0,0.9797999858856201,0.4948984682559967,0.05954567715525627,0.4903903901576996,0.4994902014732361,5.446143627166748,,5.386598110198975,,,243.0,,,,,,,,,,,
15,,,18729,4.0,0.9835000038146973,0.5217008590698242,0.06417486816644669,0.8668200969696045,0.5133165717124939,4.976720809936523,,4.912546157836914,,,153.0,,,,,,,,,,,
15,,,18739,4.0,0.9800000190734863,0.6853203773498535,0.054514698684215546,0.8952592611312866,0.6237505674362183,5.43747091293335,,5.382956027984619,,,283.0,,,,,,,,,,,
15,,,18749,4.0,0.9875500202178955,0.4968680143356323,0.047193534672260284,0.49377501010894775,0.5,4.76288366317749,,4.7156901359558105,,,140.0,,,,,,,,,,,
15,,,18759,4.0,0.9791499972343445,0.4947325885295868,0.06022605672478676,0.48957499861717224,0.5,5.171017646789551,,5.1107916831970215,,,167.0,,,,,,,,,,,
15,,,18769,4.0,0.9911500215530396,0.6146577596664429,0.04515060409903526,0.7177255153656006,0.5785544514656067,4.589901447296143,,4.544750690460205,,,82.0,,,,,,,,,,,
15,,,18779,4.0,0.9673500061035156,0.49170204997062683,0.11407072842121124,0.48374757170677185,0.4999224841594696,6.91080379486084,,6.7967329025268555,,,446.0,,,,,,,,,,,
15,,,18789,4.0,0.9820500016212463,0.49547186493873596,0.09986382722854614,0.49102500081062317,0.5,5.196646213531494,,5.096782207489014,,,139.0,,,,,,,,,,,
15,,,18799,4.0,0.965499997138977,0.50393146276474,0.14003042876720428,0.6439157724380493,0.5061259269714355,5.772092819213867,,5.6320624351501465,,,297.0,,,,,,,,,,,
15,,,18809,4.0,0.9630500078201294,0.49058863520622253,0.18068066239356995,0.48159724473953247,0.49992212653160095,5.982438564300537,,5.8017578125,,,320.0,,,,,,,,,,,
15,,,18819,4.0,0.9854999780654907,0.5130142569541931,0.06774765998125076,0.5251408815383911,0.5095216631889343,4.590257167816162,,4.522509574890137,,,72.0,,,,,,,,,,,
15,,,18829,4.0,0.9725000262260437,0.4930291473865509,0.103367380797863,0.48637160658836365,0.49987149238586426,5.614216327667236,,5.5108489990234375,,,194.0,,,,,,,,,,,
15,,,18839,4.0,0.9650499820709229,0.49110710620880127,0.15096847712993622,0.48262152075767517,0.49989640712738037,5.924272060394287,,5.773303508758545,,,264.0,,,,,,,,,,,
15,,,18849,4.0,0.9887499809265137,0.4971715807914734,0.04102550819516182,0.4946717917919159,0.4996967613697052,5.026607036590576,,4.985581398010254,,,165.0,,,,,,,,,,,
15,,,18859,4.0,0.9853000044822693,0.5127442479133606,0.07997504621744156,0.7011539936065674,0.5083840489387512,5.322828769683838,,5.24285364151001,,,167.0,,,,,,,,,,,
15,,,18869,4.0,0.9861999750137329,0.5106098055839539,0.08224592357873917,0.9930986166000366,0.5071428418159485,4.859863758087158,,4.777617931365967,,,101.0,,,,,,,,,,,
15,,,18879,4.0,0.9703500270843506,0.4924759566783905,0.10354182124137878,0.4851750135421753,0.5,5.969719409942627,,5.866177558898926,,,295.0,,,,,,,,,,,
15,,,18889,4.0,0.9728500247001648,0.49311909079551697,0.1212596669793129,0.4864250123500824,0.5,5.703814506530762,,5.582554817199707,,,308.0,,,,,,,,,,,
15,,,18899,4.0,0.9797000288963318,0.49487295746803284,0.0722040981054306,0.49007052183151245,0.4997704327106476,5.420717716217041,,5.348513603210449,,,231.0,,,,,,,,,,,
15,,,18909,4.0,0.9831500053405762,0.4957517087459564,0.07809559255838394,0.4916241765022278,0.4999491572380066,5.1902031898498535,,5.112107753753662,,,212.0,,,,,,,,,,,
15,,,18919,4.0,0.9735000133514404,0.5379507541656494,0.10232255607843399,0.769829273223877,0.5237399935722351,5.758428573608398,,5.656105995178223,,,236.0,,,,,,,,,,,
15,,,18929,4.0,0.9684000015258789,0.4919731616973877,0.13022203743457794,0.48420000076293945,0.5,6.3287787437438965,,6.198556900024414,,,251.0,,,,,,,,,,,
15,,,18939,4.0,0.9802500009536743,0.4950132668018341,0.07197941839694977,0.49012500047683716,0.5,5.672396659851074,,5.600417137145996,,,305.0,,,,,,,,,,,
15,,,18949,4.0,0.9648500084877014,0.4924732744693756,0.10542606562376022,0.9824241399765015,0.5007102489471436,5.750707149505615,,5.6452813148498535,,,250.0,,,,,,,,,,,
15,,,18959,4.0,0.9685999751091003,0.5369397401809692,0.07751014083623886,0.5255105495452881,0.5939527153968811,4.2564311027526855,,4.178920745849609,,,59.0,,,,,,,,,,,
15,,,18969,4.0,0.9887999892234802,0.49718421697616577,0.05246962234377861,0.49514272809028625,0.4992426633834839,4.775344371795654,,4.722874641418457,,,126.0,,,,,,,,,,,
15,,,18979,4.0,0.9763000011444092,0.49400395154953003,0.10917598009109497,0.48819881677627563,0.49994879961013794,5.704901695251465,,5.5957255363464355,,,286.0,,,,,,,,,,,
15,,,18989,4.0,0.970300018787384,0.6363017559051514,0.0974903479218483,0.6546505689620972,0.6221570372581482,5.589651107788086,,5.492160797119141,,,175.0,,,,,,,,,,,
15,,,18999,4.0,0.986299991607666,0.49655136466026306,0.07420449703931808,0.493149995803833,0.5,5.306210517883301,,5.232006072998047,,,197.0,,,,,,,,,,,
15,,,19009,4.0,0.9839000105857849,0.660509467124939,0.07626479119062424,0.8194036483764648,0.6089586615562439,5.124794960021973,,5.048530101776123,,,175.0,,,,,,,,,,,
15,,,19019,4.0,0.9457499980926514,0.6287592649459839,0.1825416088104248,0.6372823715209961,0.6214122176170349,6.355560302734375,,6.173018455505371,,,398.0,,,,,,,,,,,
15,,,19029,4.0,0.968999981880188,0.6677924394607544,0.11426781117916107,0.7021232843399048,0.6441358327865601,6.142932415008545,,6.028664588928223,,,295.0,,,,,,,,,,,
15,,,19039,4.0,0.9916499853134155,0.7069566249847412,0.030110519379377365,0.8622137308120728,0.6457857489585876,4.796731948852539,,4.7666215896606445,,,148.0,,,,,,,,,,,
15,,,19049,4.0,0.9599000215530396,0.5441886782646179,0.10363000631332397,0.5301888585090637,0.637600302696228,4.482546329498291,,4.378916263580322,,,91.0,,,,,,,,,,,
15,,,19059,4.0,0.9784500002861023,0.6844452619552612,0.06788530945777893,0.6734623908996582,0.697028636932373,5.277060031890869,,5.209174633026123,,,208.0,,,,,,,,,,,
15,,,19069,4.0,0.9597499966621399,0.49707162380218506,0.15172061324119568,0.7527163028717041,0.5035918354988098,5.923966407775879,,5.77224588394165,,,272.0,,,,,,,,,,,
15,,,19079,4.0,0.9604499936103821,0.5185061693191528,0.09565557539463043,0.5764644145965576,0.5141817927360535,5.86381196975708,,5.7681565284729,,,358.0,,,,,,,,,,,
15,,,19089,4.0,0.9905999898910522,0.5993309617042542,0.03227875381708145,0.9398131966590881,0.5573405027389526,4.585474967956543,,4.553196430206299,,,104.0,,,,,,,,,,,
15,,,19099,4.0,0.9689499735832214,0.523780882358551,0.08302271366119385,0.5253563523292542,0.5224496722221375,5.057668209075928,,4.974645614624023,,,121.0,,,,,,,,,,,
15,,,19109,4.0,0.9799000024795532,0.6984281539916992,0.10331408679485321,0.8989299535751343,0.6347646713256836,5.922713756561279,,5.819399833679199,,,352.0,,,,,,,,,,,
15,,,19119,4.0,0.9697999954223633,0.5786110162734985,0.0861070305109024,0.694263219833374,0.5522070527076721,5.583207130432129,,5.497099876403809,,,209.0,,,,,,,,,,,
15,,,19129,4.0,0.9883000254631042,0.6017829179763794,0.04575301334261894,0.9132083654403687,0.5596935749053955,5.3678483963012695,,5.3220953941345215,,,209.0,,,,,,,,,,,
15,,,19139,4.0,0.9557999968528748,0.4986729025840759,0.1433098465204239,0.9778900146484375,0.5050392150878906,5.941373825073242,,5.7980637550354,,,314.0,,,,,,,,,,,
15,,,19149,4.0,0.9742000102996826,0.5260684490203857,0.08365794271230698,0.8334373235702515,0.516904890537262,5.684689044952393,,5.601031303405762,,,233.0,,,,,,,,,,,
15,,,19159,4.0,0.9735000133514404,0.5007196068763733,0.08743925392627716,0.9867473840713501,0.5037453174591064,5.697554111480713,,5.610115051269531,,,331.0,,,,,,,,,,,
15,,,19169,4.0,0.9714999794960022,0.6869110465049744,0.07567300647497177,0.8626132011413574,0.6294159293174744,5.806064128875732,,5.730391025543213,,,260.0,,,,,,,,,,,
15,,,19179,4.0,0.9711499810218811,0.5902848243713379,0.0877121090888977,0.6962568759918213,0.5612331032752991,5.684140682220459,,5.596428394317627,,,308.0,,,,,,,,,,,
15,,,19189,4.0,0.9890999794006348,0.49726006388664246,0.04740168899297714,0.4950945973396301,0.49944454431533813,4.58383846282959,,4.536436557769775,,,98.0,,,,,,,,,,,
15,,,19199,4.0,0.965149998664856,0.6944280862808228,0.08573751151561737,0.686612606048584,0.7030131220817566,5.549149513244629,,5.463411808013916,,,253.0,,,,,,,,,,,
15,,,19209,4.0,0.9790499806404114,0.5017650723457336,0.05914881080389023,0.7895724177360535,0.5035203695297241,5.4650750160217285,,5.40592622756958,,,243.0,,,,,,,,,,,
15,,,19219,4.0,0.9586499929428101,0.5989186763763428,0.10068131238222122,0.5796095132827759,0.6346179842948914,5.313374996185303,,5.212693691253662,,,225.0,,,,,,,,,,,
15,,,19229,4.0,0.9835000038146973,0.5914207696914673,0.05421893298625946,0.7561111450195312,0.5574933886528015,5.054964065551758,,5.0007452964782715,,,201.0,,,,,,,,,,,
15,,,19239,4.0,0.970550000667572,0.6320188641548157,0.08500425517559052,0.5930155515670776,0.7445967793464661,4.52025032043457,,4.435245990753174,,,88.0,,,,,,,,,,,
15,,,19249,4.0,0.9782000184059143,0.6775941848754883,0.0640125572681427,0.6755897402763367,0.6796481609344482,5.0702290534973145,,5.006216526031494,,,133.0,,,,,,,,,,,
15,,,19259,4.0,0.9896500110626221,0.6210309267044067,0.04424509406089783,0.6048517823219299,0.6434085369110107,3.880683660507202,,3.8364386558532715,,,47.0,,,,,,,,,,,
15,,,19269,4.0,0.9650499820709229,0.6031588315963745,0.147401362657547,0.6540505290031433,0.579242467880249,5.949912071228027,,5.802510738372803,,,298.0,,,,,,,,,,,
15,,,19279,4.0,0.944350004196167,0.5993773937225342,0.1620871126651764,0.5704572796821594,0.7075194120407104,5.727597236633301,,5.565510272979736,,,267.0,,,,,,,,,,,
15,,,19289,4.0,0.9695500135421753,0.5639796853065491,0.14632514119148254,0.7570598125457764,0.540219783782959,6.005335330963135,,5.859010219573975,,,374.0,,,,,,,,,,,
15,,,19299,4.0,0.9803500175476074,0.6459943056106567,0.049058228731155396,0.6129769682884216,0.7097169756889343,4.916669845581055,,4.867611408233643,,,143.0,,,,,,,,,,,
15,,,19309,4.0,0.9559000134468079,0.488726407289505,0.23834209144115448,0.47795000672340393,0.5,6.049783229827881,,5.811440944671631,,,309.0,,,,,,,,,,,
15,,,19319,4.0,0.9437500238418579,0.5950580835342407,0.14639677107334137,0.5686413049697876,0.6843611598014832,5.2937421798706055,,5.147345542907715,,,179.0,,,,,,,,,,,
15,,,19329,4.0,0.9879999756813049,0.513110339641571,0.05488266050815582,0.5220997929573059,0.5098122954368591,4.522517204284668,,4.467634677886963,,,77.0,,,,,,,,,,,
15,,,19339,4.0,0.9460999965667725,0.5616737008094788,0.12824179232120514,0.5432699918746948,0.6594310402870178,4.987844467163086,,4.859602451324463,,,147.0,,,,,,,,,,,
15,,,19349,4.0,0.9764500260353088,0.5044358372688293,0.1058323085308075,0.6447408199310303,0.5050948262214661,5.736113548278809,,5.630281448364258,,,263.0,,,,,,,,,,,
15,,,19359,4.0,0.9661999940872192,0.5965054035186768,0.14842712879180908,0.871586263179779,0.5601358413696289,5.911436557769775,,5.763009548187256,,,267.0,,,,,,,,,,,
15,,,19369,4.0,0.9751499891281128,0.5257189869880676,0.08107009530067444,0.9875644445419312,0.5165369510650635,5.734772205352783,,5.653702259063721,,,304.0,,,,,,,,,,,
15,,,19379,4.0,0.9691500067710876,0.6126686930656433,0.0927792340517044,0.7459838390350342,0.5761773586273193,5.89725923538208,,5.804480075836182,,,243.0,,,,,,,,,,,
15,,,19389,4.0,0.9650999903678894,0.5843238234519958,0.11879472434520721,0.9083511829376221,0.5519921183586121,5.947872638702393,,5.82907772064209,,,304.0,,,,,,,,,,,
15,,,19399,4.0,0.9635000228881836,0.6526588201522827,0.12902314960956573,0.661124587059021,0.6451325416564941,5.427813529968262,,5.298790454864502,,,165.0,,,,,,,,,,,
15,,,19409,4.0,0.9815000295639038,0.4953318238258362,0.06614694744348526,0.4907500147819519,0.5,5.080843925476074,,5.014697074890137,,,158.0,,,,,,,,,,,
15,,,19419,4.0,0.9807999730110168,0.5380062460899353,0.056843988597393036,0.5744777917861938,0.5266960263252258,5.329199314117432,,5.272355556488037,,,218.0,,,,,,,,,,,
15,,,19429,4.0,0.9674500226974487,0.6153820753097534,0.07313119620084763,0.5904431343078613,0.6639094352722168,4.991745948791504,,4.918614864349365,,,133.0,,,,,,,,,,,
15,,,19439,4.0,0.9736499786376953,0.49709033966064453,0.09233122318983078,0.9868236780166626,0.5018903613090515,5.811943531036377,,5.719612121582031,,,321.0,,,,,,,,,,,
15,,,19449,4.0,0.9729499816894531,0.5630817413330078,0.08780093491077423,0.5417582392692566,0.6603764295578003,3.9609293937683105,,3.8731284141540527,,,43.0,,,,,,,,,,,
15,,,19459,4.0,0.9834499955177307,0.49582797288894653,0.06372041255235672,0.49172499775886536,0.5,5.704265594482422,,5.64054536819458,,,263.0,,,,,,,,,,,
15,,,19469,4.0,0.9749500155448914,0.55799400806427,0.0705726221203804,0.5525872707366943,0.5648679733276367,4.690069675445557,,4.619496822357178,,,123.0,,,,,,,,,,,
15,,,19479,4.0,0.9786499738693237,0.5148271322250366,0.07639425247907639,0.7264071702957153,0.5103079676628113,5.405478477478027,,5.329084396362305,,,225.0,,,,,,,,,,,
15,,,19489,4.0,0.9779999852180481,0.4944388270378113,0.07206960767507553,0.48946499824523926,0.49951478838920593,5.743397235870361,,5.671327590942383,,,229.0,,,,,,,,,,,
15,,,19499,4.0,0.9292500019073486,0.5456433296203613,0.1752174347639084,0.5370221734046936,0.5672163367271423,5.884796142578125,,5.709578514099121,,,337.0,,,,,,,,,,,
15,,,19509,4.0,0.9768000245094299,0.500514030456543,0.11314386874437332,0.6552115082740784,0.5031002759933472,5.817081928253174,,5.703938007354736,,,326.0,,,,,,,,,,,
15,,,19519,4.0,0.9575999975204468,0.4891704022884369,0.1849588304758072,0.4787999987602234,0.5,6.0496625900268555,,5.86470365524292,,,269.0,,,,,,,,,,,
15,,,19529,4.0,0.9814000129699707,0.5481857657432556,0.06253090500831604,0.5608940720558167,0.5402042865753174,4.744533538818359,,4.682002544403076,,,111.0,,,,,,,,,,,
15,,,19539,4.0,0.9772499799728394,0.5625477433204651,0.07264973223209381,0.9886044859886169,0.5366598963737488,5.510130882263184,,5.437480926513672,,,203.0,,,,,,,,,,,
15,,,19549,4.0,0.9682999849319458,0.699418842792511,0.07340267300605774,0.721025824546814,0.6819814443588257,5.83884859085083,,5.765445709228516,,,235.0,,,,,,,,,,,
15,,,19559,4.0,0.9850999712944031,0.6497228741645813,0.049331504851579666,0.6252223253250122,0.687018871307373,4.417877674102783,,4.368546009063721,,,98.0,,,,,,,,,,,
15,,,19569,4.0,0.9656500220298767,0.7138983011245728,0.10169587284326553,0.7360633611679077,0.6958905458450317,5.606001377105713,,5.504305362701416,,,234.0,,,,,,,,,,,
15,,,19579,4.0,0.9854999780654907,0.4997729957103729,0.058210279792547226,0.5029052495956421,0.5007110238075256,4.815388202667236,,4.757177829742432,,,130.0,,,,,,,,,,,
15,,,19589,4.0,0.9736499786376953,0.49332454800605774,0.12597207725048065,0.48682498931884766,0.5,5.5887274742126465,,5.46275520324707,,,263.0,,,,,,,,,,,
15,,,19599,4.0,0.9887499809265137,0.6633356809616089,0.0503687746822834,0.8097853064537048,0.6120678782463074,4.818675518035889,,4.768306732177734,,,119.0,,,,,,,,,,,
15,,,19609,4.0,0.9800500273704529,0.49496224522590637,0.07898102700710297,0.49002501368522644,0.5,5.397165298461914,,5.3181843757629395,,,241.0,,,,,,,,,,,
15,,,19619,4.0,0.9761000275611877,0.5480483174324036,0.1124415397644043,0.611099898815155,0.5325324535369873,5.497971057891846,,5.385529518127441,,,246.0,,,,,,,,,,,
15,,,19629,4.0,0.9502000212669373,0.4872320890426636,0.19125010073184967,0.47510001063346863,0.5,6.147587776184082,,5.9563374519348145,,,378.0,,,,,,,,,,,
15,,,19639,4.0,0.9667500257492065,0.49154695868492126,0.12224067747592926,0.4834233522415161,0.49994829297065735,5.7190985679626465,,5.596858024597168,,,280.0,,,,,,,,,,,
15,,,19649,4.0,0.9512500166893005,0.6742167472839355,0.18468289077281952,0.6404510140419006,0.7360906600952148,5.767726421356201,,5.583043575286865,,,211.0,,,,,,,,,,,
15,,,19659,4.0,0.9792500138282776,0.6808070540428162,0.0533810593187809,0.6883923411369324,0.6738442182540894,5.078220844268799,,5.024839878082275,,,166.0,,,,,,,,,,,
15,,,19669,4.0,0.9255499839782715,0.5747705101966858,0.18801012635231018,0.5522882342338562,0.8549752235412598,4.759911060333252,,4.571900844573975,,,106.0,,,,,,,,,,,
15,,,19679,4.0,0.9792500138282776,0.49475812911987305,0.05656995251774788,0.4896250069141388,0.5,5.487151622772217,,5.430581569671631,,,256.0,,,,,,,,,,,
15,,,19689,4.0,0.9502000212669373,0.49994373321533203,0.23880930244922638,0.8173317313194275,0.5063226222991943,6.635496616363525,,6.3966875076293945,,,602.0,,,,,,,,,,,
15,,,19699,4.0,0.9754999876022339,0.6457539200782776,0.07454380393028259,0.6193658113479614,0.6891550421714783,4.712783336639404,,4.63823938369751,,,106.0,,,,,,,,,,,
15,,,19709,4.0,0.9775999784469604,0.5276653170585632,0.08692879974842072,0.7178276181221008,0.5174916982650757,5.34038782119751,,5.2534589767456055,,,192.0,,,,,,,,,,,
15,,,19719,4.0,0.986299991607666,0.6623932123184204,0.043173279613256454,0.8516902923583984,0.6072506904602051,5.135980129241943,,5.092806816101074,,,170.0,,,,,,,,,,,
15,,,19729,4.0,0.9937000274658203,0.49842002987861633,0.03333792835474014,0.4968748390674591,0.4999748468399048,3.968144416809082,,3.9348065853118896,,,39.0,,,,,,,,,,,
15,,,19739,4.0,0.9619500041007996,0.5651301145553589,0.11994331330060959,0.870904803276062,0.5409141182899475,5.898420333862305,,5.778477191925049,,,317.0,,,,,,,,,,,
15,,,19749,4.0,0.9864000082015991,0.6874712705612183,0.04455263540148735,0.9177854657173157,0.6227856874465942,5.567942142486572,,5.5233893394470215,,,282.0,,,,,,,,,,,
15,,,19759,4.0,0.9764500260353088,0.6837218999862671,0.0648001879453659,0.7148274183273315,0.6609171628952026,5.767910480499268,,5.703110218048096,,,268.0,,,,,,,,,,,
15,,,19769,4.0,0.9832500219345093,0.6034956574440002,0.04578065499663353,0.8629679679870605,0.5626062750816345,5.578545570373535,,5.532764911651611,,,202.0,,,,,,,,,,,
15,,,19779,4.0,0.9650499820709229,0.5142917633056641,0.12428920716047287,0.8096506595611572,0.5117893815040588,5.777255535125732,,5.652966499328613,,,338.0,,,,,,,,,,,
15,,,19789,4.0,0.9933000206947327,0.545616090297699,0.029078155755996704,0.8855874538421631,0.525129497051239,4.20009183883667,,4.171013832092285,,,78.0,,,,,,,,,,,
15,,,19799,4.0,0.9739500284194946,0.520619809627533,0.09498243778944016,0.7373310327529907,0.5140103697776794,5.764156818389893,,5.6691741943359375,,,240.0,,,,,,,,,,,
,9.387718066217124e-05,0.0009387718066217125,19808,,,,,,,,,,,,,,,,,,,,,,,
16,,,19809,4.0,0.9755499958992004,0.5656028389930725,0.09107962250709534,0.6219867467880249,0.5464617013931274,5.476029396057129,,5.384949684143066,,,152.0,,,,,,,,,,,
16,,,19819,4.0,0.9686499834060669,0.49203768372535706,0.1174965426325798,0.48432499170303345,0.5,5.960583686828613,,5.843087196350098,,,307.0,,,,,,,,,,,
16,,,19829,4.0,0.9711999893188477,0.6326530575752258,0.08595681190490723,0.6113387942314148,0.6656504273414612,5.0965776443481445,,5.010621070861816,,,186.0,,,,,,,,,,,
16,,,19839,4.0,0.9902999997138977,0.4975631833076477,0.03646358475089073,0.49514999985694885,0.5,4.83171272277832,,4.795248985290527,,,149.0,,,,,,,,,,,
16,,,19849,4.0,0.9710999727249146,0.49266907572746277,0.10032693296670914,0.4863768517971039,0.49912622570991516,5.469924449920654,,5.369597434997559,,,194.0,,,,,,,,,,,
16,,,19859,4.0,0.9711999893188477,0.6561939716339111,0.11749909818172455,0.8085137605667114,0.6077036261558533,5.735882759094238,,5.618383884429932,,,312.0,,,,,,,,,,,
16,,,19869,4.0,0.9871000051498413,0.5154099464416504,0.05363129824399948,0.632758378982544,0.5096709132194519,4.818518161773682,,4.764886856079102,,,150.0,,,,,,,,,,,
16,,,19879,4.0,0.9755499958992004,0.6013349294662476,0.07590571790933609,0.7989243865013123,0.563996434211731,5.4837117195129395,,5.407805919647217,,,210.0,,,,,,,,,,,
16,,,19889,4.0,0.9678000211715698,0.5168849229812622,0.10661981254816055,0.8703710436820984,0.5128280520439148,6.521844863891602,,6.415225028991699,,,223.0,,,,,,,,,,,
16,,,19899,4.0,0.9878000020980835,0.4969312846660614,0.057048968970775604,0.49390000104904175,0.5,4.69474458694458,,4.637695789337158,,,114.0,,,,,,,,,,,
16,,,19909,4.0,0.988099992275238,0.49700719118118286,0.04647265374660492,0.4967573285102844,0.4972573220729828,4.204916954040527,,4.158444404602051,,,50.0,,,,,,,,,,,
16,,,19919,4.0,0.9767000079154968,0.628876805305481,0.07881691306829453,0.6684343814849854,0.6051076650619507,5.103487491607666,,5.024670600891113,,,182.0,,,,,,,,,,,
16,,,19929,4.0,0.9726499915122986,0.619910717010498,0.09622077643871307,0.8317336440086365,0.5766768455505371,5.488718032836914,,5.3924970626831055,,,228.0,,,,,,,,,,,
16,,,19939,4.0,0.9814000129699707,0.4953063428401947,0.049459122121334076,0.49070000648498535,0.5,5.404580116271973,,5.35512113571167,,,256.0,,,,,,,,,,,
16,,,19949,4.0,0.9684000015258789,0.4982215464115143,0.10591299086809158,0.884221076965332,0.5031238198280334,5.733134746551514,,5.627221584320068,,,292.0,,,,,,,,,,,
16,,,19959,4.0,0.9712499976158142,0.7180252075195312,0.08218368887901306,0.73638516664505,0.7025207877159119,5.963315010070801,,5.881131172180176,,,431.0,,,,,,,,,,,
16,,,19969,4.0,0.9728000164031982,0.5159087181091309,0.0723988488316536,0.619921863079071,0.5115519165992737,5.555598258972168,,5.483199596405029,,,241.0,,,,,,,,,,,
16,,,19979,4.0,0.9908999800682068,0.6795268058776855,0.03488529473543167,0.7730792164802551,0.6343564987182617,4.854654312133789,,4.819768905639648,,,148.0,,,,,,,,,,,
16,,,19989,4.0,0.9837499856948853,0.7439329624176025,0.053570158779621124,0.7480982542037964,0.7399120330810547,5.172223091125488,,5.118652820587158,,,183.0,,,,,,,,,,,
16,,,19999,4.0,0.9639000296592712,0.6091496348381042,0.10665405541658401,0.7334906458854675,0.5747392773628235,5.708189010620117,,5.601534843444824,,,241.0,,,,,,,,,,,
16,,,20009,4.0,0.963100016117096,0.6244651079177856,0.09195126593112946,0.6051409840583801,0.6543392539024353,5.050045013427734,,4.958093643188477,,,122.0,,,,,,,,,,,
16,,,20019,4.0,0.9874500036239624,0.5984249114990234,0.04474281147122383,0.641105592250824,0.5760785937309265,4.571430206298828,,4.5266876220703125,,,105.0,,,,,,,,,,,
16,,,20029,4.0,0.9648500084877014,0.6034672856330872,0.10067180544137955,0.6787715554237366,0.5752291083335876,5.657919883728027,,5.557248115539551,,,236.0,,,,,,,,,,,
16,,,20039,4.0,0.9879999756813049,0.6984620690345764,0.03606691211462021,0.7475203275680542,0.6660254001617432,4.957502841949463,,4.921435832977295,,,168.0,,,,,,,,,,,
16,,,20049,4.0,0.9709500074386597,0.7617628574371338,0.06599210202693939,0.7202165126800537,0.8256406784057617,5.221092700958252,,5.1551008224487305,,,166.0,,,,,,,,,,,
16,,,20059,4.0,0.9872499704360962,0.4967920482158661,0.05064232647418976,0.4936249852180481,0.5,4.927265167236328,,4.876622676849365,,,164.0,,,,,,,,,,,
16,,,20069,4.0,0.979200005531311,0.7690807580947876,0.07205013185739517,0.809387743473053,0.7385636568069458,5.708677291870117,,5.636627197265625,,,259.0,,,,,,,,,,,
16,,,20079,4.0,0.9732499718666077,0.5163902640342712,0.07249026745557785,0.9199983477592468,0.5118533372879028,5.817370414733887,,5.744880199432373,,,277.0,,,,,,,,,,,
16,,,20089,4.0,0.9901000261306763,0.5074134469032288,0.03782272711396217,0.7450990080833435,0.5049999952316284,4.465016841888428,,4.427194118499756,,,101.0,,,,,,,,,,,
16,,,20099,4.0,0.9791499972343445,0.6545758247375488,0.05582798644900322,0.7746123671531677,0.6094464659690857,5.363852500915527,,5.3080244064331055,,,187.0,,,,,,,,,,,
16,,,20109,4.0,0.9717000126838684,0.7470555305480957,0.07308933138847351,0.7470555305480957,0.7470555305480957,5.520585060119629,,5.447495937347412,,,258.0,,,,,,,,,,,
16,,,20119,4.0,0.9674999713897705,0.7040281891822815,0.07936452329158783,0.6645611524581909,0.7730585336685181,5.237464427947998,,5.158100128173828,,,176.0,,,,,,,,,,,
16,,,20129,4.0,0.9814000129699707,0.5183811783790588,0.08654233813285828,0.79084312915802,0.5118471384048462,5.424408435821533,,5.337866306304932,,,253.0,,,,,,,,,,,
16,,,20139,4.0,0.9751999974250793,0.563153862953186,0.06313224881887436,0.8959583640098572,0.5377196073532104,5.784480094909668,,5.721347808837891,,,351.0,,,,,,,,,,,
16,,,20149,4.0,0.9790499806404114,0.6088708639144897,0.06908191740512848,0.617682933807373,0.6013693809509277,4.87498664855957,,4.805904865264893,,,111.0,,,,,,,,,,,
16,,,20159,4.0,0.9610999822616577,0.5247564315795898,0.18000145256519318,0.834469199180603,0.5179265737533569,5.936595916748047,,5.756594657897949,,,356.0,,,,,,,,,,,
16,,,20169,4.0,0.9835000038146973,0.5683736801147461,0.07791657745838165,0.8335221409797668,0.5402489900588989,5.206711292266846,,5.1287946701049805,,,187.0,,,,,,,,,,,
16,,,20179,4.0,0.9677000045776367,0.5765976905822754,0.0932544395327568,0.6198025941848755,0.5578684210777283,5.593088626861572,,5.499834060668945,,,200.0,,,,,,,,,,,
16,,,20189,4.0,0.9947999715805054,0.49869662523269653,0.03306545317173004,0.4973999857902527,0.5,3.86226224899292,,3.8291966915130615,,,53.0,,,,,,,,,,,
16,,,20199,4.0,0.9712499976158142,0.7110375165939331,0.06921418756246567,0.746482253074646,0.6851128339767456,5.5483551025390625,,5.479140758514404,,,228.0,,,,,,,,,,,
16,,,20209,4.0,0.9831500053405762,0.4957517087459564,0.05749796703457832,0.4915750026702881,0.5,5.2986297607421875,,5.241131782531738,,,223.0,,,,,,,,,,,
16,,,20219,4.0,0.9698500037193298,0.5646677017211914,0.09350614249706268,0.8395640850067139,0.5397421717643738,5.713262557983398,,5.61975622177124,,,296.0,,,,,,,,,,,
16,,,20229,4.0,0.9695500135421753,0.7605698108673096,0.06888633221387863,0.7176647186279297,0.8280781507492065,5.515274524688721,,5.446388244628906,,,199.0,,,,,,,,,,,
16,,,20239,4.0,0.9760000109672546,0.5543565154075623,0.08399058878421783,0.6015699505805969,0.5386029481887817,5.25126314163208,,5.167272567749023,,,207.0,,,,,,,,,,,
16,,,20249,4.0,0.9871000051498413,0.560940146446228,0.05851157382130623,0.6454267501831055,0.5396595597267151,4.7444610595703125,,4.685949325561523,,,126.0,,,,,,,,,,,
16,,,20259,4.0,0.9772999882698059,0.6428386569023132,0.07429783791303635,0.8301279544830322,0.5938953757286072,5.5328216552734375,,5.458523750305176,,,245.0,,,,,,,,,,,
16,,,20269,4.0,0.9555500149726868,0.6791484355926514,0.09834180027246475,0.6337200403213501,0.7888410091400146,5.370963096618652,,5.272621154785156,,,230.0,,,,,,,,,,,
16,,,20279,4.0,0.9600499868392944,0.6432286500930786,0.12036097049713135,0.8456470966339111,0.5955240726470947,5.98822546005249,,5.867864608764648,,,351.0,,,,,,,,,,,
16,,,20289,4.0,0.9738500118255615,0.8049623966217041,0.08317491412162781,0.8378580808639526,0.7783863544464111,5.7032470703125,,5.620072364807129,,,299.0,,,,,,,,,,,
16,,,20299,4.0,0.9685999751091003,0.6099901795387268,0.07340677827596664,0.5745318531990051,0.7391499876976013,4.815690040588379,,4.742283344268799,,,101.0,,,,,,,,,,,
16,,,20309,4.0,0.991599977016449,0.4978911280632019,0.04213379696011543,0.4957999885082245,0.5,4.1907958984375,,4.148662090301514,,,59.0,,,,,,,,,,,
16,,,20319,4.0,0.9839000105857849,0.4959423243999481,0.06180021911859512,0.49254104495048523,0.49939092993736267,4.884810924530029,,4.8230109214782715,,,100.0,,,,,,,,,,,
16,,,20329,4.0,0.9811499714851379,0.5950190424919128,0.06405942887067795,0.7925981879234314,0.5590059161186218,5.586536407470703,,5.522477149963379,,,275.0,,,,,,,,,,,
16,,,20339,4.0,0.9797999858856201,0.4948984682559967,0.0655878558754921,0.48989999294281006,0.5,5.128666400909424,,5.0630784034729,,,171.0,,,,,,,,,,,
16,,,20349,4.0,0.989799976348877,0.5070520639419556,0.040841471403837204,0.557746171951294,0.5048549175262451,4.439297199249268,,4.398455619812012,,,63.0,,,,,,,,,,,
16,,,20359,4.0,0.9742500185966492,0.6459376215934753,0.08318959921598434,0.7488113641738892,0.6053351163864136,5.834969997406006,,5.7517805099487305,,,230.0,,,,,,,,,,,
16,,,20369,4.0,0.9800500273704529,0.7694759368896484,0.0703979954123497,0.8669191002845764,0.7144941091537476,5.6070990562438965,,5.536701202392578,,,269.0,,,,,,,,,,,
16,,,20379,4.0,0.9735000133514404,0.5007196068763733,0.09999210387468338,0.6868934631347656,0.5036337971687317,5.768172264099121,,5.668179988861084,,,264.0,,,,,,,,,,,
16,,,20389,4.0,0.9742000102996826,0.8060920238494873,0.08386046439409256,0.8560579419136047,0.7693390846252441,6.113128662109375,,6.029268264770508,,,525.0,,,,,,,,,,,
16,,,20399,4.0,0.974399983882904,0.4935170114040375,0.11330655217170715,0.487199991941452,0.5,5.867712020874023,,5.754405498504639,,,241.0,,,,,,,,,,,
16,,,20409,4.0,0.9691500067710876,0.5642679929733276,0.11700470000505447,0.8564009666442871,0.5394734144210815,5.748569488525391,,5.631564617156982,,,321.0,,,,,,,,,,,
16,,,20419,4.0,0.968500018119812,0.6953000426292419,0.09525280445814133,0.7008338570594788,0.6900917291641235,5.471665382385254,,5.376412391662598,,,225.0,,,,,,,,,,,
16,,,20429,4.0,0.9726999998092651,0.4930805563926697,0.06688883155584335,0.48634999990463257,0.5,5.765652179718018,,5.698763370513916,,,311.0,,,,,,,,,,,
16,,,20439,4.0,0.9925000071525574,0.5173484086990356,0.029667403548955917,0.7962990999221802,0.5098834037780762,4.540709495544434,,4.51104211807251,,,106.0,,,,,,,,,,,
16,,,20449,4.0,0.9753000140190125,0.4937477707862854,0.09280578047037125,0.4876500070095062,0.5,5.512781143188477,,5.419975280761719,,,213.0,,,,,,,,,,,
16,,,20459,4.0,0.9745000004768372,0.4935426712036133,0.08050280064344406,0.4872500002384186,0.5,5.4772772789001465,,5.3967742919921875,,,245.0,,,,,,,,,,,
16,,,20469,4.0,0.9675999879837036,0.5907429456710815,0.09667489677667618,0.6837847232818604,0.562944769859314,5.487685203552246,,5.391010284423828,,,210.0,,,,,,,,,,,
16,,,20479,4.0,0.9766499996185303,0.8263280391693115,0.08265337347984314,0.8653891682624817,0.7953997254371643,6.132490634918213,,6.049837112426758,,,365.0,,,,,,,,,,,
16,,,20489,4.0,0.9733499884605408,0.6740337610244751,0.06739255785942078,0.767131507396698,0.6309903860092163,5.583837985992432,,5.516445636749268,,,207.0,,,,,,,,,,,
16,,,20499,4.0,0.9861000180244446,0.7032343745231628,0.0519527830183506,0.7015544772148132,0.7049437165260315,4.654852390289307,,4.602899551391602,,,115.0,,,,,,,,,,,
16,,,20509,4.0,0.9704499840736389,0.6307693719863892,0.1271142065525055,0.9447346925735474,0.581153154373169,5.8099236488342285,,5.682809352874756,,,335.0,,,,,,,,,,,
16,,,20519,4.0,0.9518499970436096,0.5542252659797668,0.14902542531490326,0.9502900838851929,0.5357125401496887,6.203482151031494,,6.05445671081543,,,421.0,,,,,,,,,,,
16,,,20529,4.0,0.9787499904632568,0.49463045597076416,0.07655063271522522,0.4893749952316284,0.5,5.4259352684021,,5.349384784698486,,,235.0,,,,,,,,,,,
16,,,20539,4.0,0.984250009059906,0.7080737352371216,0.04792368412017822,0.8023779988288879,0.6597269773483276,5.010834693908691,,4.962911128997803,,,180.0,,,,,,,,,,,
16,,,20549,4.0,0.9790999889373779,0.7533198595046997,0.06048116460442543,0.7579866647720337,0.7488299608230591,5.420126914978027,,5.359645843505859,,,255.0,,,,,,,,,,,
16,,,20559,4.0,0.9832000136375427,0.53167325258255,0.050600964576005936,0.8740458488464355,0.5187388062477112,4.958276271820068,,4.907675266265869,,,139.0,,,,,,,,,,,
16,,,20569,4.0,0.972100019454956,0.686269223690033,0.07550227642059326,0.7502848505973816,0.6496769189834595,5.8700032234191895,,5.794500827789307,,,285.0,,,,,,,,,,,
16,,,20579,4.0,0.9554499983787537,0.6119381189346313,0.12671460211277008,0.7489936351776123,0.5768314003944397,6.273347854614258,,6.146633148193359,,,308.0,,,,,,,,,,,
16,,,20589,4.0,0.9770500063896179,0.686924397945404,0.0726950466632843,0.7463021278381348,0.6516149044036865,5.407161235809326,,5.334465980529785,,,228.0,,,,,,,,,,,
16,,,20599,4.0,0.9654499888420105,0.6239917874336243,0.10264409333467484,0.6441906094551086,0.6092199087142944,5.794342041015625,,5.69169807434082,,,371.0,,,,,,,,,,,
16,,,20609,4.0,0.9706000089645386,0.5626975297927856,0.0887036919593811,0.7011119723320007,0.5403109192848206,5.527416706085205,,5.438713073730469,,,218.0,,,,,,,,,,,
16,,,20619,4.0,0.9810500144958496,0.6474906206130981,0.04654449224472046,0.6687023043632507,0.6312437653541565,4.97935152053833,,4.932806968688965,,,166.0,,,,,,,,,,,
16,,,20629,4.0,0.9788500070571899,0.5917850136756897,0.06887146085500717,0.7974132299423218,0.5568742156028748,5.203464984893799,,5.134593486785889,,,175.0,,,,,,,,,,,
16,,,20639,4.0,0.972100019454956,0.6646382808685303,0.07866992801427841,0.6410364508628845,0.698994517326355,5.016221523284912,,4.937551498413086,,,118.0,,,,,,,,,,,
16,,,20649,4.0,0.9836500287055969,0.6056544184684753,0.0618131048977375,0.8692253232002258,0.56386399269104,5.308197021484375,,5.246384143829346,,,179.0,,,,,,,,,,,
16,,,20659,4.0,0.9731500148773193,0.5794633626937866,0.07382567226886749,0.9175261855125427,0.5477134585380554,5.415249824523926,,5.341423988342285,,,203.0,,,,,,,,,,,
16,,,20669,4.0,0.9765999913215637,0.694800615310669,0.05986917018890381,0.8817676901817322,0.6337724924087524,5.746848106384277,,5.686978816986084,,,332.0,,,,,,,,,,,
16,,,20679,4.0,0.9905499815940857,0.5079887509346008,0.04223627224564552,0.5581215023994446,0.5052965879440308,4.609617233276367,,4.567380905151367,,,95.0,,,,,,,,,,,
16,,,20689,4.0,0.9807000160217285,0.5896546840667725,0.05183986946940422,0.6312817335128784,0.5688880681991577,4.928462028503418,,4.876622200012207,,,132.0,,,,,,,,,,,
16,,,20699,4.0,0.9838500022888184,0.785322904586792,0.04963221400976181,0.8027946949005127,0.7698520421981812,5.811561107635498,,5.761929035186768,,,254.0,,,,,,,,,,,
16,,,20709,4.0,0.9561499953269958,0.6016923189163208,0.1757170408964157,0.7659681439399719,0.5678927898406982,6.213616847991943,,6.037899971008301,,,305.0,,,,,,,,,,,
16,,,20719,4.0,0.9838500022888184,0.6440637707710266,0.050048377364873886,0.6009097695350647,0.7610743045806885,4.0966796875,,4.046631336212158,,,61.0,,,,,,,,,,,
16,,,20729,4.0,0.9724000096321106,0.4930034577846527,0.1162458136677742,0.48634591698646545,0.49984580278396606,5.654153823852539,,5.53790807723999,,,316.0,,,,,,,,,,,
16,,,20739,4.0,0.9684000015258789,0.557887613773346,0.08878915756940842,0.7058302760124207,0.5371984839439392,5.653006553649902,,5.564217567443848,,,295.0,,,,,,,,,,,
16,,,20749,4.0,0.9848499894142151,0.4961836040019989,0.05983024463057518,0.49242499470710754,0.5,5.112333297729492,,5.0525031089782715,,,185.0,,,,,,,,,,,
16,,,20759,4.0,0.9686999917030334,0.5573093295097351,0.09719795733690262,0.703390896320343,0.5368255376815796,5.889088153839111,,5.7918901443481445,,,329.0,,,,,,,,,,,
16,,,20769,4.0,0.982699990272522,0.49563726782798767,0.06132917478680611,0.491349995136261,0.5,5.101963043212891,,5.040633678436279,,,159.0,,,,,,,,,,,
16,,,20779,4.0,0.9718999862670898,0.4928748905658722,0.07817746698856354,0.4859499931335449,0.5,5.681763648986816,,5.603586196899414,,,254.0,,,,,,,,,,,
16,,,20789,4.0,0.9650499820709229,0.680342972278595,0.0797513797879219,0.6510244011878967,0.726364254951477,5.184086322784424,,5.104334831237793,,,177.0,,,,,,,,,,,
16,,,20799,4.0,0.9884999990463257,0.6331780552864075,0.03583390638232231,0.6183902025222778,0.6523986458778381,4.395199775695801,,4.359365940093994,,,98.0,,,,,,,,,,,
16,,,20809,4.0,0.9945999979972839,0.5700743198394775,0.028597025200724602,0.6644136309623718,0.545002281665802,3.7566637992858887,,3.7280666828155518,,,42.0,,,,,,,,,,,
16,,,20819,4.0,0.987500011920929,0.5160853266716003,0.05310620740056038,0.5621074438095093,0.510401725769043,4.952782154083252,,4.8996758460998535,,,156.0,,,,,,,,,,,
16,,,20829,4.0,0.9818999767303467,0.6183366775512695,0.05375123769044876,0.869596540927887,0.5728983283042908,5.829303741455078,,5.775552272796631,,,246.0,,,,,,,,,,,
16,,,20839,4.0,0.9768000245094299,0.6150249242782593,0.06367180496454239,0.6297646760940552,0.6034939885139465,5.166030406951904,,5.102358818054199,,,185.0,,,,,,,,,,,
16,,,20849,4.0,0.9873999953269958,0.496830016374588,0.058773137629032135,0.4936999976634979,0.5,4.848423480987549,,4.7896504402160645,,,102.0,,,,,,,,,,,
16,,,20859,4.0,0.9693499803543091,0.4922182559967041,0.11024314165115356,0.4849417209625244,0.49971646070480347,5.8151469230651855,,5.704903602600098,,,299.0,,,,,,,,,,,
16,,,20869,4.0,0.9530500173568726,0.48798033595085144,0.16087989509105682,0.4765250086784363,0.5,6.2402472496032715,,6.079367160797119,,,436.0,,,,,,,,,,,
16,,,20879,4.0,0.9793000221252441,0.5598887205123901,0.052748896181583405,0.7253420948982239,0.5369115471839905,5.198233127593994,,5.145484447479248,,,213.0,,,,,,,,,,,
16,,,20889,4.0,0.9721999764442444,0.6642946004867554,0.0816485583782196,0.634777307510376,0.7128623127937317,4.8733439445495605,,4.791695594787598,,,114.0,,,,,,,,,,,
16,,,20899,4.0,0.9769999980926514,0.7441146373748779,0.06506893038749695,0.7720300555229187,0.7217093706130981,5.335583209991455,,5.270514488220215,,,247.0,,,,,,,,,,,
16,,,20909,4.0,0.9809499979019165,0.7170523405075073,0.059957269579172134,0.9203990697860718,0.6489650011062622,6.093839168548584,,6.033881664276123,,,307.0,,,,,,,,,,,
16,,,20919,4.0,0.9643999934196472,0.5309760570526123,0.11763719469308853,0.9012361764907837,0.5208754539489746,5.8720703125,,5.7544331550598145,,,314.0,,,,,,,,,,,
16,,,20929,4.0,0.9637500047683716,0.6013553142547607,0.10538514703512192,0.8726359009742737,0.5637004375457764,5.980184078216553,,5.874798774719238,,,325.0,,,,,,,,,,,
16,,,20939,4.0,0.9879999756813049,0.4969818890094757,0.05919585004448891,0.49399998784065247,0.5,4.692921161651611,,4.633725166320801,,,81.0,,,,,,,,,,,
16,,,20949,4.0,0.9617499709129333,0.5994927883148193,0.09987009316682816,0.5770816206932068,0.6465011835098267,4.911890506744385,,4.812020301818848,,,140.0,,,,,,,,,,,
16,,,20959,4.0,0.98785001039505,0.5349652171134949,0.050349894911050797,0.5491977334022522,0.5274679064750671,4.389570236206055,,4.3392205238342285,,,97.0,,,,,,,,,,,
16,,,20969,4.0,0.9733999967575073,0.5997445583343506,0.09050273150205612,0.9104990363121033,0.5605788230895996,5.68646240234375,,5.595959663391113,,,297.0,,,,,,,,,,,
16,,,20979,4.0,0.9843500256538391,0.6490362286567688,0.04612705484032631,0.773972749710083,0.6038104295730591,4.90435791015625,,4.858231067657471,,,153.0,,,,,,,,,,,
16,,,20989,4.0,0.965749979019165,0.5800909399986267,0.09656906127929688,0.624163806438446,0.5607689023017883,5.483590602874756,,5.387021541595459,,,259.0,,,,,,,,,,,
16,,,20999,4.0,0.975849986076355,0.6652780771255493,0.06536735594272614,0.6821723580360413,0.6514352560043335,4.97815465927124,,4.912787437438965,,,194.0,,,,,,,,,,,
16,,,21009,4.0,0.974399983882904,0.4935170114040375,0.0854143500328064,0.48722437024116516,0.4999743402004242,5.646761417388916,,5.561347007751465,,,267.0,,,,,,,,,,,
16,,,21019,4.0,0.9813500046730042,0.49529361724853516,0.07291986048221588,0.4907240867614746,0.49994906783103943,5.443434715270996,,5.370514869689941,,,263.0,,,,,,,,,,,
16,,,21029,4.0,0.9764000177383423,0.5953627228736877,0.08061815798282623,0.762118935585022,0.5609598159790039,5.429354190826416,,5.348735809326172,,,216.0,,,,,,,,,,,
16,,,21039,4.0,0.9660000205039978,0.5922539830207825,0.12266433984041214,0.7007070779800415,0.5630048513412476,5.813426494598389,,5.690762042999268,,,326.0,,,,,,,,,,,
,9.310673033669521e-05,0.0009310673033669522,21046,,,,,,,,,,,,,,,,,,,,,,,
17,,,21049,4.0,0.9790499806404114,0.5910327434539795,0.05627034232020378,0.8027359247207642,0.5561807751655579,5.45366096496582,,5.397390842437744,,,258.0,,,,,,,,,,,
17,,,21059,4.0,0.9748499989509583,0.5547031164169312,0.06318312138319016,0.9735385179519653,0.532562792301178,5.753387451171875,,5.69020414352417,,,352.0,,,,,,,,,,,
17,,,21069,4.0,0.9770500063896179,0.6123114228248596,0.07451250404119492,0.9016427397727966,0.5685471296310425,5.959064960479736,,5.884552478790283,,,304.0,,,,,,,,,,,
17,,,21079,4.0,0.9605000019073486,0.6220685839653015,0.11296764016151428,0.9242943525314331,0.5772089958190918,6.014618396759033,,5.901650905609131,,,281.0,,,,,,,,,,,
17,,,21089,4.0,0.968500018119812,0.7253877520561218,0.10427091270685196,0.7235555648803711,0.7272534370422363,5.6251301765441895,,5.520859241485596,,,228.0,,,,,,,,,,,
17,,,21099,4.0,0.9718499779701233,0.5980241298675537,0.08145669847726822,0.6860610246658325,0.5687495470046997,5.485432147979736,,5.403975486755371,,,238.0,,,,,,,,,,,
17,,,21109,4.0,0.9692000150680542,0.688949704170227,0.07551995664834976,0.6631481051445007,0.7258367538452148,5.593480110168457,,5.517960071563721,,,283.0,,,,,,,,,,,
17,,,21119,4.0,0.9927499890327454,0.49818089604377747,0.04120858386158943,0.49639981985092163,0.4999748170375824,4.102835655212402,,4.06162691116333,,,58.0,,,,,,,,,,,
17,,,21129,4.0,0.9872000217437744,0.5584203004837036,0.029683947563171387,0.5636405944824219,0.554038941860199,4.408560752868652,,4.378876686096191,,,94.0,,,,,,,,,,,
17,,,21139,4.0,0.9907000064849854,0.7175350785255432,0.03317945823073387,0.901311457157135,0.6503962278366089,4.810366153717041,,4.777186870574951,,,154.0,,,,,,,,,,,
17,,,21149,4.0,0.9811000227928162,0.5515621900558472,0.05940699577331543,0.7766953706741333,0.530791163444519,5.051749229431152,,4.992342472076416,,,146.0,,,,,,,,,,,
17,,,21159,4.0,0.9703500270843506,0.7369826436042786,0.06746277958154678,0.75066739320755,0.7248389720916748,5.786147594451904,,5.718684673309326,,,321.0,,,,,,,,,,,
17,,,21169,4.0,0.9783999919891357,0.5555083751678467,0.062497206032276154,0.5384525656700134,0.6115220189094543,4.0690507888793945,,4.006553649902344,,,56.0,,,,,,,,,,,
17,,,21179,4.0,0.986299991607666,0.6341084837913513,0.04959127679467201,0.7622883319854736,0.5913856625556946,4.854624271392822,,4.805033206939697,,,115.0,,,,,,,,,,,
17,,,21189,4.0,0.9721500277519226,0.5085881352424622,0.08476593345403671,0.5133458375930786,0.5071271061897278,5.72566556930542,,5.640899658203125,,,212.0,,,,,,,,,,,
17,,,21199,4.0,0.978950023651123,0.7540483474731445,0.07754015177488327,0.8974545001983643,0.6890963315963745,5.775898456573486,,5.698358535766602,,,301.0,,,,,,,,,,,
17,,,21209,4.0,0.9884999990463257,0.5407575368881226,0.03813657909631729,0.8179246187210083,0.5232524871826172,4.573873043060303,,4.535736560821533,,,105.0,,,,,,,,,,,
17,,,21219,4.0,0.9736499786376953,0.7213191390037537,0.0855068787932396,0.7693848609924316,0.6886522769927979,5.531333923339844,,5.445827007293701,,,270.0,,,,,,,,,,,
17,,,21229,4.0,0.9732999801635742,0.49323469400405884,0.08444327116012573,0.4866499900817871,0.5,5.559614658355713,,5.4751715660095215,,,210.0,,,,,,,,,,,
17,,,21239,4.0,0.9533500075340271,0.6762608289718628,0.14892497658729553,0.6978071331977844,0.6594805717468262,5.899937629699707,,5.751012802124023,,,316.0,,,,,,,,,,,
17,,,21249,4.0,0.9725000262260437,0.6078460216522217,0.07053911685943604,0.7846656441688538,0.569739043712616,5.764288902282715,,5.693749904632568,,,289.0,,,,,,,,,,,
17,,,21259,4.0,0.9711499810218811,0.7186133861541748,0.06965378671884537,0.7752097845077515,0.6824849247932434,5.539867877960205,,5.470213890075684,,,258.0,,,,,,,,,,,
17,,,21269,4.0,0.9635000228881836,0.7513256669044495,0.0820816159248352,0.7433949708938599,0.7598645687103271,5.879700660705566,,5.797618865966797,,,387.0,,,,,,,,,,,
17,,,21279,4.0,0.9693999886512756,0.5624361038208008,0.10404495894908905,0.9846616983413696,0.5377643704414368,5.70656156539917,,5.6025166511535645,,,257.0,,,,,,,,,,,
17,,,21289,4.0,0.9631500244140625,0.5806758403778076,0.0932139903306961,0.7784780263900757,0.5516941547393799,6.110301971435547,,6.017087936401367,,,347.0,,,,,,,,,,,
17,,,21299,4.0,0.9667999744415283,0.4915598928928375,0.1001158356666565,0.48339998722076416,0.5,5.940783977508545,,5.840668201446533,,,333.0,,,,,,,,,,,
17,,,21309,4.0,0.9526000022888184,0.5867739319801331,0.141786128282547,0.88587486743927,0.5556185245513916,6.100751876831055,,5.95896577835083,,,344.0,,,,,,,,,,,
17,,,21319,4.0,0.9813500046730042,0.49529361724853516,0.06757465749979019,0.4906750023365021,0.5,4.918158054351807,,4.850583553314209,,,142.0,,,,,,,,,,,
17,,,21329,4.0,0.9592000246047974,0.6038895845413208,0.10870726406574249,0.6842127442359924,0.5753237009048462,5.957491874694824,,5.848784446716309,,,315.0,,,,,,,,,,,
17,,,21339,4.0,0.9775000214576721,0.6337089538574219,0.0733899399638176,0.7942748665809631,0.5890020728111267,5.474443435668945,,5.401053428649902,,,205.0,,,,,,,,,,,
17,,,21349,4.0,0.9846500158309937,0.7573750615119934,0.04831889271736145,0.9237003326416016,0.6868095397949219,5.791583061218262,,5.743264198303223,,,351.0,,,,,,,,,,,
17,,,21359,4.0,0.9782999753952026,0.5101385116577148,0.06946844607591629,0.5991336107254028,0.5077751874923706,5.31923770904541,,5.24976921081543,,,180.0,,,,,,,,,,,
17,,,21369,4.0,0.9740999937057495,0.5259250402450562,0.06310933083295822,0.7125751376152039,0.5169451832771301,5.754151344299316,,5.691041946411133,,,229.0,,,,,,,,,,,
17,,,21379,4.0,0.9902499914169312,0.6059809923171997,0.03325735405087471,0.8247339725494385,0.5645501613616943,4.746207237243652,,4.712949752807617,,,144.0,,,,,,,,,,,
17,,,21389,4.0,0.9794999957084656,0.5472173690795898,0.05600118264555931,0.7629557847976685,0.5284749269485474,5.551432132720947,,5.495430946350098,,,246.0,,,,,,,,,,,
17,,,21399,4.0,0.994350016117096,0.5316410660743713,0.026950029656291008,0.562362790107727,0.5215441584587097,3.758920431137085,,3.7319703102111816,,,29.0,,,,,,,,,,,
17,,,21409,4.0,0.9666500091552734,0.6171740293502808,0.07755523920059204,0.6019634008407593,0.6386681199073792,5.134401798248291,,5.056846618652344,,,195.0,,,,,,,,,,,
17,,,21419,4.0,0.9629499912261963,0.5709360837936401,0.1004289761185646,0.5853973031044006,0.5612024664878845,5.462460041046143,,5.362030982971191,,,248.0,,,,,,,,,,,
17,,,21429,4.0,0.9861000180244446,0.6671040654182434,0.04590912535786629,0.815445065498352,0.6151132583618164,5.081069469451904,,5.035160541534424,,,180.0,,,,,,,,,,,
17,,,21439,4.0,0.9886999726295471,0.545157253742218,0.0329599529504776,0.9559098482131958,0.5252911448478699,4.710433006286621,,4.677473068237305,,,88.0,,,,,,,,,,,
17,,,21449,4.0,0.9709500074386597,0.49434536695480347,0.10521470010280609,0.9854742884635925,0.5008590817451477,5.726443767547607,,5.62122917175293,,,308.0,,,,,,,,,,,
17,,,21459,4.0,0.9695000052452087,0.6408233642578125,0.07233645766973495,0.8088889122009277,0.5947205424308777,5.818899154663086,,5.746562480926514,,,347.0,,,,,,,,,,,
17,,,21469,4.0,0.9623500108718872,0.6010058522224426,0.11500450223684311,0.6770257949829102,0.5733084678649902,5.768660068511963,,5.653655529022217,,,307.0,,,,,,,,,,,
17,,,21479,4.0,0.9736499786376953,0.6247611045837402,0.0622621588408947,0.7034998536109924,0.5917195677757263,5.474106311798096,,5.411844253540039,,,270.0,,,,,,,,,,,
17,,,21489,4.0,0.9710500240325928,0.5772826671600342,0.07453255355358124,0.6830966472625732,0.5516647696495056,5.533964157104492,,5.4594316482543945,,,226.0,,,,,,,,,,,
17,,,21499,4.0,0.9713000059127808,0.5578561425209045,0.07932698726654053,0.58039391040802,0.5460635423660278,6.155512809753418,,6.076185703277588,,,322.0,,,,,,,,,,,
17,,,21509,4.0,0.9779499769210815,0.5662602782249451,0.05990888178348541,0.8592731952667236,0.5394521951675415,5.664966106414795,,5.605057239532471,,,251.0,,,,,,,,,,,
17,,,21519,4.0,0.9896000027656555,0.8290743827819824,0.043074268847703934,0.9124397039413452,0.7744932174682617,5.414592742919922,,5.371518611907959,,,255.0,,,,,,,,,,,
17,,,21529,4.0,0.9846500158309937,0.5732623338699341,0.05449749901890755,0.5696637034416199,0.5772849917411804,4.2953643798828125,,4.240866661071777,,,64.0,,,,,,,,,,,
17,,,21539,4.0,0.9703500270843506,0.6573915481567383,0.06929527968168259,0.8513889312744141,0.6051714420318604,5.749508380889893,,5.68021297454834,,,313.0,,,,,,,,,,,
17,,,21549,4.0,0.9769499897956848,0.6217721104621887,0.06387806683778763,0.7802720069885254,0.5803202986717224,5.292271137237549,,5.228393077850342,,,184.0,,,,,,,,,,,
17,,,21559,4.0,0.9764500260353088,0.6512148380279541,0.06725603342056274,0.6752511262893677,0.6333137154579163,5.1073408126831055,,5.0400848388671875,,,145.0,,,,,,,,,,,
17,,,21569,4.0,0.9763500094413757,0.6081879734992981,0.06832905113697052,0.6772109866142273,0.5793389081954956,5.430681228637695,,5.36235237121582,,,271.0,,,,,,,,,,,
17,,,21579,4.0,0.972350001335144,0.5170819759368896,0.09010150283575058,0.8547080159187317,0.5123268961906433,5.704716682434082,,5.614614963531494,,,244.0,,,,,,,,,,,
17,,,21589,4.0,0.9868000149726868,0.5566750764846802,0.059878986328840256,0.6940616369247437,0.534610390663147,4.906843662261963,,4.8469648361206055,,,162.0,,,,,,,,,,,
17,,,21599,4.0,0.9659000039100647,0.6072724461555481,0.08303889632225037,0.628618597984314,0.5925683975219727,5.292452812194824,,5.209414005279541,,,186.0,,,,,,,,,,,
17,,,21609,4.0,0.9778500199317932,0.4944004714488983,0.062304627150297165,0.4891695976257324,0.4997444748878479,5.502028942108154,,5.439724445343018,,,269.0,,,,,,,,,,,
17,,,21619,4.0,0.9495999813079834,0.5195185542106628,0.1255936324596405,0.91237473487854,0.5167275071144104,6.226762294769287,,6.101168632507324,,,511.0,,,,,,,,,,,
17,,,21629,4.0,0.9706500172615051,0.7472398281097412,0.06655064225196838,0.700384259223938,0.8275845050811768,5.183538913726807,,5.116988182067871,,,176.0,,,,,,,,,,,
17,,,21639,4.0,0.9682999849319458,0.7263370156288147,0.07752963155508041,0.8913223743438721,0.6632028818130493,6.0010666847229,,5.923537254333496,,,331.0,,,,,,,,,,,
17,,,21649,4.0,0.9828500151634216,0.5958991050720215,0.04462571069598198,0.6099513173103333,0.5851988792419434,4.816786766052246,,4.77216100692749,,,138.0,,,,,,,,,,,
17,,,21659,4.0,0.9674500226974487,0.4917278587818146,0.1258954107761383,0.48372501134872437,0.5,5.912898540496826,,5.787003040313721,,,291.0,,,,,,,,,,,
17,,,21669,4.0,0.9805499911308289,0.49508973956108093,0.06677108258008957,0.49091318249702454,0.49933797121047974,5.29196834564209,,5.2251973152160645,,,234.0,,,,,,,,,,,
17,,,21679,4.0,0.9835000038146973,0.652074933052063,0.04571790248155594,0.7435768246650696,0.6117299199104309,5.114566802978516,,5.068849086761475,,,187.0,,,,,,,,,,,
17,,,21689,4.0,0.9828000068664551,0.4985526502132416,0.05394520238041878,0.6164733171463013,0.5013856887817383,5.25701904296875,,5.203073978424072,,,239.0,,,,,,,,,,,
17,,,21699,4.0,0.9721500277519226,0.49293917417526245,0.09301198273897171,0.4860750138759613,0.5,5.893123149871826,,5.800111293792725,,,255.0,,,,,,,,,,,
17,,,21709,4.0,0.9836500287055969,0.6891030669212341,0.049850944429636,0.8797433376312256,0.6279847025871277,5.349376201629639,,5.299525260925293,,,250.0,,,,,,,,,,,
17,,,21719,4.0,0.9847999811172485,0.5808643698692322,0.042255647480487823,0.7799930572509766,0.5490953922271729,5.074293613433838,,5.032037734985352,,,199.0,,,,,,,,,,,
17,,,21729,4.0,0.972350001335144,0.5121170878410339,0.05901128053665161,0.8790974617004395,0.5097267627716064,5.960201740264893,,5.901190280914307,,,252.0,,,,,,,,,,,
17,,,21739,4.0,0.9778000116348267,0.5096695423126221,0.060698870569467545,0.8778339624404907,0.5077439546585083,5.592920780181885,,5.532221794128418,,,237.0,,,,,,,,,,,
17,,,21749,4.0,0.9767000079154968,0.49410635232925415,0.0628577172756195,0.4883500039577484,0.5,5.5390119552612305,,5.476154327392578,,,244.0,,,,,,,,,,,
17,,,21759,4.0,0.9886000156402588,0.49713367223739624,0.04326334968209267,0.49442359805107117,0.4998735785484314,4.567176818847656,,4.523913383483887,,,114.0,,,,,,,,,,,
17,,,21769,4.0,0.963100016117096,0.5405819416046143,0.09648029506206512,0.8353708386421204,0.5264610648155212,6.082967281341553,,5.986486911773682,,,359.0,,,,,,,,,,,
17,,,21779,4.0,0.9787499904632568,0.6897152662277222,0.06079854816198349,0.7500514388084412,0.6537730693817139,5.177778244018555,,5.116979598999023,,,194.0,,,,,,,,,,,
17,,,21789,4.0,0.9732000231742859,0.49320900440216064,0.0778374895453453,0.48660001158714294,0.5,5.854414463043213,,5.776576995849609,,,369.0,,,,,,,,,,,
17,,,21799,4.0,0.9677000045776367,0.5038737058639526,0.09521692246198654,0.9838435649871826,0.5061162114143372,5.922143459320068,,5.8269267082214355,,,300.0,,,,,,,,,,,
17,,,21809,4.0,0.9909999966621399,0.5032342076301575,0.02650477923452854,0.5198053121566772,0.5026015639305115,4.769235610961914,,4.742730617523193,,,133.0,,,,,,,,,,,
17,,,21819,4.0,0.9787499904632568,0.5653280019760132,0.07744228839874268,0.6223920583724976,0.5459559559822083,5.635117053985596,,5.557674884796143,,,219.0,,,,,,,,,,,
17,,,21829,4.0,0.9653000235557556,0.49117183685302734,0.13784091174602509,0.4826500117778778,0.5,5.969183444976807,,5.831342697143555,,,293.0,,,,,,,,,,,
17,,,21839,4.0,0.9555500149726868,0.5680561065673828,0.13015751540660858,0.8636027574539185,0.5436477065086365,6.018028736114502,,5.887871265411377,,,318.0,,,,,,,,,,,
17,,,21849,4.0,0.9506000280380249,0.5114057660102844,0.10451578348875046,0.5098495483398438,0.5255265831947327,5.2150068283081055,,5.1104912757873535,,,191.0,,,,,,,,,,,
17,,,21859,4.0,0.9879500269889832,0.651688814163208,0.042009081691503525,0.6663841009140015,0.6394550800323486,4.630280017852783,,4.588271141052246,,,103.0,,,,,,,,,,,
17,,,21869,4.0,0.972599983215332,0.5727910995483398,0.08846007287502289,0.7283740043640137,0.5463549494743347,5.588683605194092,,5.500223636627197,,,283.0,,,,,,,,,,,
17,,,21879,4.0,0.9855499863624573,0.7124509811401367,0.04555746912956238,0.7523343563079834,0.6838017702102661,5.206356525421143,,5.160799026489258,,,200.0,,,,,,,,,,,
17,,,21889,4.0,0.9907500147819519,0.5828763246536255,0.03529752045869827,0.891327977180481,0.5476124286651611,4.869530200958252,,4.834232807159424,,,149.0,,,,,,,,,,,
17,,,21899,4.0,0.9710500240325928,0.5410065650939941,0.08295723050832748,0.9045673608779907,0.5255075693130493,5.624959468841553,,5.542002201080322,,,325.0,,,,,,,,,,,
17,,,21909,4.0,0.9862499833106995,0.7852920889854431,0.04026224836707115,0.8942322731018066,0.7247616052627563,5.813530921936035,,5.773268699645996,,,354.0,,,,,,,,,,,
17,,,21919,4.0,0.984000027179718,0.7474873065948486,0.0494379885494709,0.8535019159317017,0.6917087435722351,5.553051948547363,,5.5036139488220215,,,276.0,,,,,,,,,,,
17,,,21929,4.0,0.9887999892234802,0.6287574768066406,0.05009617283940315,0.6644205451011658,0.6061146855354309,5.338088512420654,,5.287992477416992,,,106.0,,,,,,,,,,,
17,,,21939,4.0,0.9745000004768372,0.497433066368103,0.0973188579082489,0.5023671984672546,0.5004119277000427,5.6979079246521,,5.600589275360107,,,233.0,,,,,,,,,,,
17,,,21949,4.0,0.9787999987602234,0.5773090124130249,0.05819447711110115,0.6530835032463074,0.5533131957054138,4.932674407958984,,4.8744797706604,,,110.0,,,,,,,,,,,
17,,,21959,4.0,0.9491999745368958,0.6144176125526428,0.11651425808668137,0.6609740257263184,0.590930700302124,5.895998954772949,,5.779484748840332,,,312.0,,,,,,,,,,,
17,,,21969,4.0,0.9793999791145325,0.49479639530181885,0.06150679290294647,0.4898959696292877,0.4997958838939667,5.148629188537598,,5.087122440338135,,,212.0,,,,,,,,,,,
17,,,21979,4.0,0.9756500124931335,0.6634047031402588,0.08746100962162018,0.8943052887916565,0.6064573526382446,5.703491687774658,,5.616030693054199,,,323.0,,,,,,,,,,,
17,,,21989,4.0,0.9846500158309937,0.5088304877281189,0.046556226909160614,0.592717707157135,0.5063736438751221,4.880985736846924,,4.834429740905762,,,134.0,,,,,,,,,,,
17,,,21999,4.0,0.9925500154495239,0.5047529339790344,0.028066184371709824,0.9962748289108276,0.503333330154419,4.008981704711914,,3.9809155464172363,,,62.0,,,,,,,,,,,
17,,,22009,4.0,0.9764999747276306,0.6919518709182739,0.06239798665046692,0.6764954924583435,0.7106424570083618,5.0070366859436035,,4.944638729095459,,,153.0,,,,,,,,,,,
17,,,22019,4.0,0.9735000133514404,0.5441232919692993,0.08367285877466202,0.6512894034385681,0.5285308957099915,5.670679092407227,,5.587006092071533,,,251.0,,,,,,,,,,,
17,,,22029,4.0,0.984250009059906,0.5143786668777466,0.04666237533092499,0.8671718835830688,0.5093535780906677,4.963944911956787,,4.917282581329346,,,114.0,,,,,,,,,,,
17,,,22039,4.0,0.9761000275611877,0.7753926515579224,0.07109303027391434,0.7514712810516357,0.8048630952835083,5.434023857116699,,5.362930774688721,,,259.0,,,,,,,,,,,
17,,,22049,4.0,0.9833499789237976,0.49580255150794983,0.0590975284576416,0.4916749894618988,0.5,4.804320335388184,,4.745222568511963,,,117.0,,,,,,,,,,,
17,,,22059,4.0,0.9764000177383423,0.5257707834243774,0.07200147956609726,0.5963028073310852,0.5171406865119934,5.497485637664795,,5.4254841804504395,,,247.0,,,,,,,,,,,
17,,,22069,4.0,0.9855499863624573,0.6341956853866577,0.04051002487540245,0.7313356995582581,0.5956262350082397,4.762854099273682,,4.722343921661377,,,142.0,,,,,,,,,,,
17,,,22079,4.0,0.9821500182151794,0.6772922277450562,0.053420085459947586,0.8696227073669434,0.6188753843307495,5.383431911468506,,5.33001184463501,,,239.0,,,,,,,,,,,
17,,,22089,4.0,0.9706000089645386,0.4925403296947479,0.09234593063592911,0.4853000044822693,0.5,5.663379669189453,,5.571033954620361,,,321.0,,,,,,,,,,,
17,,,22099,4.0,0.9761499762535095,0.5903947949409485,0.05988209694623947,0.8735924363136292,0.5546894669532776,5.450182914733887,,5.390300750732422,,,277.0,,,,,,,,,,,
17,,,22109,4.0,0.9814000129699707,0.7908461689949036,0.0606677308678627,0.7541409730911255,0.8410699367523193,5.38706636428833,,5.326398849487305,,,269.0,,,,,,,,,,,
17,,,22119,4.0,0.9834499955177307,0.5104897022247314,0.06868359446525574,0.550798773765564,0.5074248909950256,5.17300271987915,,5.104319095611572,,,187.0,,,,,,,,,,,
17,,,22129,4.0,0.9783999919891357,0.5900325179100037,0.06074422597885132,0.8591793775558472,0.5543779730796814,6.2266011238098145,,6.165856838226318,,,313.0,,,,,,,,,,,
17,,,22139,4.0,0.9549499750137329,0.5024940371513367,0.08973989635705948,0.5023859739303589,0.5030179619789124,5.452509880065918,,5.362770080566406,,,270.0,,,,,,,,,,,
17,,,22149,4.0,0.979449987411499,0.4948091506958008,0.07898171991109848,0.4897249937057495,0.5,5.298518180847168,,5.219536304473877,,,239.0,,,,,,,,,,,
17,,,22159,4.0,0.9736999869346619,0.6748844385147095,0.05922350287437439,0.7349308729171753,0.6404790878295898,5.438060760498047,,5.3788371086120605,,,282.0,,,,,,,,,,,
17,,,22169,4.0,0.9864000082015991,0.5177024602890015,0.04633777588605881,0.921794056892395,0.5108049511909485,4.993471622467041,,4.947134017944336,,,160.0,,,,,,,,,,,
17,,,22179,4.0,0.9767500162124634,0.6402091383934021,0.05700112134218216,0.6325117349624634,0.648940920829773,4.941317081451416,,4.8843159675598145,,,132.0,,,,,,,,,,,
17,,,22189,4.0,0.9574000239372253,0.4960593283176422,0.14532028138637543,0.8537415266036987,0.5034524202346802,6.1446428298950195,,5.999322414398193,,,347.0,,,,,,,,,,,
17,,,22199,4.0,0.9761999845504761,0.6903595924377441,0.06671219319105148,0.7586861848831177,0.6518067121505737,5.681463718414307,,5.61475133895874,,,347.0,,,,,,,,,,,
17,,,22209,4.0,0.9797999858856201,0.8313585519790649,0.06326814740896225,0.8603335022926331,0.8070061206817627,5.811373233795166,,5.748105049133301,,,292.0,,,,,,,,,,,
17,,,22219,4.0,0.9779000282287598,0.49441325664520264,0.06869018822908401,0.4889500141143799,0.5,5.390355110168457,,5.321664810180664,,,274.0,,,,,,,,,,,
17,,,22229,4.0,0.9615499973297119,0.5372933149337769,0.11566299200057983,0.8201775550842285,0.524821937084198,5.700284004211426,,5.584620952606201,,,312.0,,,,,,,,,,,
17,,,22239,4.0,0.98089998960495,0.5852974653244019,0.04021675884723663,0.5668528079986572,0.620002031326294,4.061043739318848,,4.020826816558838,,,57.0,,,,,,,,,,,
17,,,22249,4.0,0.9871500134468079,0.6559081077575684,0.04046306014060974,0.8006204962730408,0.6065634489059448,4.927943229675293,,4.88748025894165,,,173.0,,,,,,,,,,,
17,,,22259,4.0,0.9793000221252441,0.6183892488479614,0.05807756260037422,0.5816241502761841,0.7292262315750122,3.9377734661102295,,3.8796958923339844,,,43.0,,,,,,,,,,,
17,,,22269,4.0,0.9736499786376953,0.5459456443786621,0.0751824751496315,0.8241270184516907,0.5281596779823303,5.499490737915039,,5.4243083000183105,,,210.0,,,,,,,,,,,
17,,,22279,4.0,0.9792500138282776,0.5242331027984619,0.06078348308801651,0.7724720239639282,0.5152949094772339,5.234468460083008,,5.173685073852539,,,218.0,,,,,,,,,,,
,9.229423231234974e-05,0.0009229423231234975,22284,,,,,,,,,,,,,,,,,,,,,,,
18,,,22289,4.0,0.983299970626831,0.5419818758964539,0.04505946859717369,0.8067038655281067,0.5246723294258118,4.968793869018555,,4.923734188079834,,,190.0,,,,,,,,,,,
18,,,22299,4.0,0.9815999865531921,0.4953572750091553,0.06077667325735092,0.4910455346107483,0.4997454285621643,5.047816753387451,,4.987040042877197,,,175.0,,,,,,,,,,,
18,,,22309,4.0,0.9780499935150146,0.5077536702156067,0.06275956332683563,0.8640706539154053,0.5067208409309387,5.446849346160889,,5.384089946746826,,,287.0,,,,,,,,,,,
18,,,22319,4.0,0.9853000044822693,0.49629777669906616,0.06194644793868065,0.4933159649372101,0.49931585788726807,4.9838104248046875,,4.921864032745361,,,171.0,,,,,,,,,,,
18,,,22329,4.0,0.9673500061035156,0.505111038684845,0.09265963733196259,0.8928069472312927,0.5067664980888367,5.558309555053711,,5.4656500816345215,,,251.0,,,,,,,,,,,
18,,,22339,4.0,0.9896000027656555,0.6703351140022278,0.03179726377129555,0.685409665107727,0.6575889587402344,4.474291801452637,,4.4424943923950195,,,110.0,,,,,,,,,,,
18,,,22349,4.0,0.9599499702453613,0.4897828996181488,0.13349588215351105,0.48019108176231384,0.4997657239437103,5.96674919128418,,5.833253383636475,,,317.0,,,,,,,,,,,
18,,,22359,4.0,0.9728000164031982,0.5654171705245972,0.08014502376317978,0.7978628873825073,0.5402050614356995,5.532013416290283,,5.451868534088135,,,256.0,,,,,,,,,,,
18,,,22369,4.0,0.9764500260353088,0.6160097122192383,0.0718507319688797,0.8344690799713135,0.5732017159461975,5.37600040435791,,5.304149627685547,,,214.0,,,,,,,,,,,
18,,,22379,4.0,0.9695000052452087,0.5930118560791016,0.06089086830615997,0.8065727949142456,0.5586718320846558,5.669244766235352,,5.608354091644287,,,234.0,,,,,,,,,,,
18,,,22389,4.0,0.9769499897956848,0.49417030811309814,0.056697387248277664,0.4884749948978424,0.5,5.847496032714844,,5.790798664093018,,,374.0,,,,,,,,,,,
18,,,22399,4.0,0.9885500073432922,0.608980655670166,0.03028886951506138,0.6071788668632507,0.610846757888794,4.261867046356201,,4.231578350067139,,,84.0,,,,,,,,,,,
18,,,22409,4.0,0.951449990272522,0.5627460479736328,0.16149401664733887,0.8347669243812561,0.5411373972892761,6.164899826049805,,6.003406047821045,,,345.0,,,,,,,,,,,
18,,,22419,4.0,0.9896500110626221,0.4973990321159363,0.036520007997751236,0.49482500553131104,0.5,4.4794602394104,,4.4429402351379395,,,100.0,,,,,,,,,,,
18,,,22429,4.0,0.9745500087738037,0.4993797540664673,0.07817235589027405,0.5062316656112671,0.5013243556022644,5.497093677520752,,5.41892147064209,,,287.0,,,,,,,,,,,
18,,,22439,4.0,0.9663500189781189,0.6917006969451904,0.08872184157371521,0.7385421991348267,0.6613410711288452,5.595897197723389,,5.507175445556641,,,294.0,,,,,,,,,,,
18,,,22449,4.0,0.9790999889373779,0.5442826151847839,0.07768216729164124,0.6957051157951355,0.5273441076278687,5.196807861328125,,5.119125843048096,,,216.0,,,,,,,,,,,
18,,,22459,4.0,0.9656500220298767,0.7074944972991943,0.10541171580553055,0.7969675064086914,0.661868691444397,5.803346633911133,,5.697935104370117,,,267.0,,,,,,,,,,,
18,,,22469,4.0,0.9772499799728394,0.654155969619751,0.07088026404380798,0.6900420188903809,0.6302388906478882,4.840829849243164,,4.769949436187744,,,146.0,,,,,,,,,,,
18,,,22479,4.0,0.9662500023841858,0.6082850694656372,0.0880991742014885,0.8544167876243591,0.5684723258018494,5.878016471862793,,5.789917469024658,,,412.0,,,,,,,,,,,
18,,,22489,4.0,0.9863499999046326,0.5866489410400391,0.03783227130770683,0.8061096668243408,0.5521750450134277,4.857048034667969,,4.819215774536133,,,179.0,,,,,,,,,,,
18,,,22499,4.0,0.9811499714851379,0.6543534398078918,0.05565420538187027,0.6462958455085754,0.6634149551391602,5.24027681350708,,5.184622764587402,,,207.0,,,,,,,,,,,
18,,,22509,4.0,0.9879999756813049,0.5590230822563171,0.03915516659617424,0.7599909901618958,0.534744381904602,4.533844470977783,,4.494689464569092,,,93.0,,,,,,,,,,,
18,,,22519,4.0,0.9682000279426575,0.4919215440750122,0.10822774469852448,0.48412421345710754,0.49997419118881226,5.9656171798706055,,5.857389450073242,,,320.0,,,,,,,,,,,
18,,,22529,4.0,0.9810000061988831,0.6042450666427612,0.05983748659491539,0.918115496635437,0.5622701644897461,5.211827754974365,,5.1519904136657715,,,191.0,,,,,,,,,,,
18,,,22539,4.0,0.973800003528595,0.6069064140319824,0.06852336972951889,0.7470044493675232,0.5709299445152283,5.310147285461426,,5.241623878479004,,,238.0,,,,,,,,,,,
18,,,22549,4.0,0.9853500127792358,0.6771228313446045,0.05155346170067787,0.7991060018539429,0.62713623046875,5.1264567375183105,,5.07490348815918,,,184.0,,,,,,,,,,,
18,,,22559,4.0,0.980400025844574,0.812469482421875,0.06076730787754059,0.8598071932792664,0.776769757270813,5.729212760925293,,5.668445587158203,,,343.0,,,,,,,,,,,
18,,,22569,4.0,0.9696999788284302,0.6209437251091003,0.0719444677233696,0.8923323154449463,0.5757978558540344,5.853339672088623,,5.781395435333252,,,354.0,,,,,,,,,,,
18,,,22579,4.0,0.9722999930381775,0.5994850397109985,0.07057154178619385,0.7673922777175903,0.5642712116241455,5.552586078643799,,5.4820146560668945,,,242.0,,,,,,,,,,,
18,,,22589,4.0,0.9743499755859375,0.6920379996299744,0.06803500652313232,0.6822372078895569,0.7030553817749023,5.046865940093994,,4.978830814361572,,,173.0,,,,,,,,,,,
18,,,22599,4.0,0.9757000207901001,0.556788980960846,0.06261061877012253,0.8381954431533813,0.5342002511024475,5.737351894378662,,5.674741268157959,,,305.0,,,,,,,,,,,
18,,,22609,4.0,0.9834499955177307,0.6239058375358582,0.047228530049324036,0.8316536545753479,0.5782599449157715,4.975505828857422,,4.928277492523193,,,144.0,,,,,,,,,,,
18,,,22619,4.0,0.9886000156402588,0.5957211852073669,0.03566361963748932,0.7641174793243408,0.5597378015518188,4.9146246910095215,,4.878961086273193,,,169.0,,,,,,,,,,,
18,,,22629,4.0,0.9821000099182129,0.6431052088737488,0.04332302138209343,0.6020450592041016,0.747899055480957,4.738475322723389,,4.695152282714844,,,119.0,,,,,,,,,,,
18,,,22639,4.0,0.9757500290870667,0.602081298828125,0.057016771286726,0.8486864566802979,0.563020646572113,5.753014087677002,,5.69599723815918,,,322.0,,,,,,,,,,,
18,,,22649,4.0,0.9742500185966492,0.7287565469741821,0.07438638061285019,0.6907097697257996,0.7882513999938965,5.1081390380859375,,5.03375244140625,,,188.0,,,,,,,,,,,
18,,,22659,4.0,0.9643999934196472,0.5285876393318176,0.09322325140237808,0.6318050026893616,0.519792377948761,5.971329212188721,,5.878106117248535,,,327.0,,,,,,,,,,,
18,,,22669,4.0,0.9915500283241272,0.5732538104057312,0.026324225589632988,0.5847487449645996,0.5645865797996521,4.04868745803833,,4.022363185882568,,,68.0,,,,,,,,,,,
18,,,22679,4.0,0.9725000262260437,0.5686290860176086,0.08236543834209442,0.8318234086036682,0.5418946743011475,5.29929256439209,,5.2169270515441895,,,193.0,,,,,,,,,,,
18,,,22689,4.0,0.9858499765396118,0.7414577603340149,0.04114307463169098,0.7489869594573975,0.7343890070915222,4.9445648193359375,,4.903421878814697,,,175.0,,,,,,,,,,,
18,,,22699,4.0,0.9847000241279602,0.6747003793716431,0.04060191288590431,0.6664303541183472,0.6838809251785278,6.059051036834717,,6.018449306488037,,,171.0,,,,,,,,,,,
18,,,22709,4.0,0.9693499803543091,0.4922182559967041,0.11180177330970764,0.48467499017715454,0.5,5.9643073081970215,,5.852505683898926,,,350.0,,,,,,,,,,,
18,,,22719,4.0,0.9930999875068665,0.6566820740699768,0.02856861799955368,0.7228683233261108,0.6211559772491455,3.917051076889038,,3.8884825706481934,,,44.0,,,,,,,,,,,
18,,,22729,4.0,0.9703500270843506,0.6718714833259583,0.08198397606611252,0.8948245048522949,0.6139988303184509,5.799849510192871,,5.717865467071533,,,328.0,,,,,,,,,,,
18,,,22739,4.0,0.9807000160217285,0.6623454093933105,0.07398666441440582,0.9275850057601929,0.603053092956543,5.5178117752075195,,5.4438252449035645,,,235.0,,,,,,,,,,,
18,,,22749,4.0,0.9722499847412109,0.6941892504692078,0.06956730037927628,0.7506957054138184,0.6596089601516724,5.613461494445801,,5.543894290924072,,,343.0,,,,,,,,,,,
18,,,22759,4.0,0.9626500010490417,0.5299267172813416,0.10229909420013428,0.9138480424880981,0.520541787147522,6.175015449523926,,6.072716236114502,,,458.0,,,,,,,,,,,
18,,,22769,4.0,0.9830499887466431,0.5531627535820007,0.0473310686647892,0.5800749659538269,0.5404530167579651,4.835045337677002,,4.78771448135376,,,157.0,,,,,,,,,,,
18,,,22779,4.0,0.9635499715805054,0.5239967107772827,0.08910258114337921,0.8153983354568481,0.5171827077865601,5.649964332580566,,5.560861587524414,,,272.0,,,,,,,,,,,
18,,,22789,4.0,0.9791499972343445,0.5501627326011658,0.0530981682240963,0.5741179585456848,0.5386686325073242,5.078769207000732,,5.025671005249023,,,199.0,,,,,,,,,,,
18,,,22799,4.0,0.9908999800682068,0.4977146089076996,0.031116705387830734,0.49547478556632996,0.4999747574329376,4.436370849609375,,4.405254364013672,,,96.0,,,,,,,,,,,
18,,,22809,4.0,0.9617000222206116,0.49540403485298157,0.09373727440834045,0.9808461666107178,0.5025973916053772,5.906352519989014,,5.812615394592285,,,328.0,,,,,,,,,,,
18,,,22819,4.0,0.9948499798774719,0.6827563047409058,0.018547018989920616,0.7363396883010864,0.6491708755493164,4.014183521270752,,3.9956367015838623,,,51.0,,,,,,,,,,,
18,,,22829,4.0,0.9722999930381775,0.49297773838043213,0.12529988586902618,0.48670971393585205,0.4994093179702759,5.643457412719727,,5.518157482147217,,,234.0,,,,,,,,,,,
18,,,22839,4.0,0.9727500081062317,0.7040516138076782,0.0702769011259079,0.859207034111023,0.6456221342086792,6.027574062347412,,5.957297325134277,,,326.0,,,,,,,,,,,
18,,,22849,4.0,0.9816499948501587,0.699849009513855,0.05237593874335289,0.7269992828369141,0.6787566542625427,5.013477802276611,,4.96110200881958,,,216.0,,,,,,,,,,,
18,,,22859,4.0,0.9904999732971191,0.49761366844177246,0.04239214211702347,0.49557211995124817,0.4996720850467682,4.352373123168945,,4.309980869293213,,,69.0,,,,,,,,,,,
18,,,22869,4.0,0.9782000184059143,0.6382561922073364,0.06427478790283203,0.6854971051216125,0.6110147833824158,5.514113903045654,,5.449839115142822,,,286.0,,,,,,,,,,,
18,,,22879,4.0,0.9782000184059143,0.6224552989006042,0.06659558415412903,0.8573696613311768,0.5767875909805298,5.477290630340576,,5.4106950759887695,,,229.0,,,,,,,,,,,
18,,,22889,4.0,0.9631500244140625,0.5373368263244629,0.09458788484334946,0.8695604801177979,0.5245831608772278,5.799572467803955,,5.704984664916992,,,351.0,,,,,,,,,,,
18,,,22899,4.0,0.9714999794960022,0.6829246282577515,0.06948863714933395,0.7757148742675781,0.6389232873916626,5.519224166870117,,5.449735641479492,,,282.0,,,,,,,,,,,
18,,,22909,4.0,0.989549994468689,0.5158064365386963,0.04016341269016266,0.7805625200271606,0.5094480514526367,4.482834815979004,,4.442671298980713,,,79.0,,,,,,,,,,,
18,,,22919,4.0,0.9774500131607056,0.7189089059829712,0.05123579129576683,0.7743555903434753,0.6829728484153748,5.601747035980225,,5.550511360168457,,,292.0,,,,,,,,,,,
18,,,22929,4.0,0.968999981880188,0.5467104315757751,0.07630877941846848,0.6435180902481079,0.5309070944786072,5.415870666503906,,5.339561939239502,,,226.0,,,,,,,,,,,
18,,,22939,4.0,0.9665499925613403,0.6599047183990479,0.09256387501955032,0.8277814388275146,0.6096680164337158,5.584201812744141,,5.491637706756592,,,304.0,,,,,,,,,,,
18,,,22949,4.0,0.9686999917030334,0.598800003528595,0.0852494016289711,0.7349215745925903,0.5657806396484375,5.247104167938232,,5.1618547439575195,,,203.0,,,,,,,,,,,
18,,,22959,4.0,0.9816499948501587,0.6549045443534851,0.0709814801812172,0.9211306571960449,0.5975919961929321,5.324251651763916,,5.253270149230957,,,259.0,,,,,,,,,,,
18,,,22969,4.0,0.9703500270843506,0.4924759566783905,0.08763479441404343,0.4851750135421753,0.5,5.7359490394592285,,5.648314476013184,,,322.0,,,,,,,,,,,
18,,,22979,4.0,0.9666000008583069,0.6855548620223999,0.11897987127304077,0.8874112963676453,0.6265347599983215,6.09157133102417,,5.972591400146484,,,297.0,,,,,,,,,,,
18,,,22989,4.0,0.9780499935150146,0.5224049091339111,0.0604778490960598,0.953328013420105,0.5143868327140808,5.874147891998291,,5.8136701583862305,,,306.0,,,,,,,,,,,
18,,,22999,4.0,0.9805499911308289,0.49508973956108093,0.06185439974069595,0.49118369817733765,0.49905842542648315,5.23245096206665,,5.170596599578857,,,241.0,,,,,,,,,,,
18,,,23009,4.0,0.9704499840736389,0.5056782364845276,0.08152467757463455,0.9852191209793091,0.5066778063774109,5.722142696380615,,5.640617847442627,,,315.0,,,,,,,,,,,
18,,,23019,4.0,0.9816499948501587,0.8380338549613953,0.05757612735033035,0.915304958820343,0.7862938642501831,5.802968978881836,,5.745392799377441,,,285.0,,,,,,,,,,,
18,,,23029,4.0,0.9708999991416931,0.5708581805229187,0.07074085623025894,0.7120221257209778,0.5456700325012207,5.341989994049072,,5.271249294281006,,,232.0,,,,,,,,,,,
18,,,23039,4.0,0.9677500128746033,0.6739935874938965,0.08306422829627991,0.6668241024017334,0.6818822622299194,5.060937881469727,,4.977873802185059,,,154.0,,,,,,,,,,,
18,,,23049,4.0,0.9811499714851379,0.6493508815765381,0.06687923520803452,0.8836257457733154,0.5953025221824646,5.463901519775391,,5.397022247314453,,,278.0,,,,,,,,,,,
18,,,23059,4.0,0.9623000025749207,0.6386363506317139,0.09339454025030136,0.7121947407722473,0.6052839756011963,5.780219554901123,,5.686824798583984,,,391.0,,,,,,,,,,,
18,,,23069,4.0,0.9582499861717224,0.6586600542068481,0.0960756316781044,0.6304829120635986,0.7061681151390076,5.410148620605469,,5.314073085784912,,,275.0,,,,,,,,,,,
18,,,23079,4.0,0.9841499924659729,0.6536585092544556,0.050608616322278976,0.6464855670928955,0.6616118550300598,4.46881628036499,,4.41820764541626,,,138.0,,,,,,,,,,,
18,,,23089,4.0,0.9868500232696533,0.6087787747383118,0.057667188346385956,0.8106235265731812,0.567542552947998,4.602110385894775,,4.544443130493164,,,112.0,,,,,,,,,,,
18,,,23099,4.0,0.9871500134468079,0.5260694622993469,0.057315416634082794,0.7043704986572266,0.515469491481781,4.812777519226074,,4.755462169647217,,,110.0,,,,,,,,,,,
18,,,23109,4.0,0.9884499907493591,0.5545647740364075,0.04618000239133835,0.5919374227523804,0.5393940806388855,4.62188196182251,,4.57570219039917,,,131.0,,,,,,,,,,,
18,,,23119,4.0,0.9681500196456909,0.6767964363098145,0.08991674333810806,0.6534267067909241,0.7098084688186646,5.193423271179199,,5.103506565093994,,,117.0,,,,,,,,,,,
18,,,23129,4.0,0.9781500101089478,0.5325270891189575,0.0570465512573719,0.7797061204910278,0.5200296640396118,5.019951820373535,,4.962905406951904,,,161.0,,,,,,,,,,,
18,,,23139,4.0,0.9728999733924866,0.5922209620475769,0.0884971022605896,0.6967836618423462,0.5626364350318909,5.199941158294678,,5.111443996429443,,,205.0,,,,,,,,,,,
18,,,23149,4.0,0.9607999920845032,0.6249389052391052,0.10511253774166107,0.7025654315948486,0.5929598808288574,5.931536674499512,,5.8264241218566895,,,307.0,,,,,,,,,,,
18,,,23159,4.0,0.9816499948501587,0.530809760093689,0.07421848922967911,0.5411363244056702,0.5250382423400879,4.436651706695557,,4.362433433532715,,,87.0,,,,,,,,,,,
18,,,23169,4.0,0.9768999814987183,0.6065537333488464,0.08307881653308868,0.9237212538719177,0.5642905235290527,5.6665143966674805,,5.583435535430908,,,254.0,,,,,,,,,,,
18,,,23179,4.0,0.9922500252723694,0.8182269930839539,0.029827456921339035,0.8913096785545349,0.7685942649841309,4.878602504730225,,4.8487749099731445,,,167.0,,,,,,,,,,,
18,,,23189,4.0,0.96670001745224,0.6130786538124084,0.09552472829818726,0.6912539005279541,0.5825710296630859,5.493648052215576,,5.398123264312744,,,237.0,,,,,,,,,,,
18,,,23199,4.0,0.9764000177383423,0.7263932824134827,0.06272940337657928,0.9324426651000977,0.6567782163619995,5.848482608795166,,5.78575325012207,,,374.0,,,,,,,,,,,
18,,,23209,4.0,0.965149998664856,0.548291802406311,0.0877605676651001,0.7157551646232605,0.5312622785568237,5.444611072540283,,5.356850624084473,,,246.0,,,,,,,,,,,
18,,,23219,4.0,0.9728000164031982,0.6284595131874084,0.09265123307704926,0.6274546384811401,0.6294819116592407,5.035811424255371,,4.943160057067871,,,146.0,,,,,,,,,,,
18,,,23229,4.0,0.9712499976158142,0.5012528300285339,0.0853622779250145,0.5224409699440002,0.5031703114509583,5.548816680908203,,5.463454246520996,,,346.0,,,,,,,,,,,
18,,,23239,4.0,0.9890999794006348,0.5018053650856018,0.039272382855415344,0.6196238994598389,0.5022389888763428,5.03743314743042,,4.9981608390808105,,,152.0,,,,,,,,,,,
18,,,23249,4.0,0.9653000235557556,0.49117183685302734,0.13361003994941711,0.4826500117778778,0.5,6.16977596282959,,6.036165714263916,,,408.0,,,,,,,,,,,
18,,,23259,4.0,0.9864000082015991,0.6648574471473694,0.05986454337835312,0.7413681149482727,0.6259784698486328,4.800684928894043,,4.740820407867432,,,144.0,,,,,,,,,,,
18,,,23269,4.0,0.9887499809265137,0.8124149441719055,0.04361924156546593,0.9255886077880859,0.7479144334793091,5.480304718017578,,5.436685562133789,,,227.0,,,,,,,,,,,
18,,,23279,4.0,0.9595000147819519,0.5615113377571106,0.12866085767745972,0.8997470140457153,0.5389666557312012,6.097268581390381,,5.9686079025268555,,,267.0,,,,,,,,,,,
18,,,23289,4.0,0.9609000086784363,0.7597911357879639,0.08870511502027512,0.8187990784645081,0.7209468483924866,5.992952823638916,,5.904247760772705,,,337.0,,,,,,,,,,,
18,,,23299,4.0,0.9502999782562256,0.5565299987792969,0.14393110573291779,0.5475100874900818,0.5720768570899963,5.126722812652588,,4.982791900634766,,,155.0,,,,,,,,,,,
18,,,23309,4.0,0.977150022983551,0.5795071721076965,0.07578812539577484,0.5756057500839233,0.5838829874992371,4.647068977355957,,4.5712809562683105,,,102.0,,,,,,,,,,,
18,,,23319,4.0,0.981249988079071,0.6512110233306885,0.04856022819876671,0.9577658176422119,0.5934588313102722,5.4498701095581055,,5.401309967041016,,,257.0,,,,,,,,,,,
18,,,23329,4.0,0.9855499863624573,0.8064357042312622,0.0503452867269516,0.8166536092758179,0.7968883514404297,5.3897318840026855,,5.339386463165283,,,263.0,,,,,,,,,,,
18,,,23339,4.0,0.9764000177383423,0.7687504291534424,0.05922117829322815,0.723544180393219,0.8398103713989258,5.358737945556641,,5.299516677856445,,,224.0,,,,,,,,,,,
18,,,23349,4.0,0.9829999804496765,0.5728212594985962,0.05329155921936035,0.6228537559509277,0.5527077317237854,4.750153541564941,,4.69686222076416,,,121.0,,,,,,,,,,,
18,,,23359,4.0,0.9755499958992004,0.6013349294662476,0.06612415611743927,0.681819498538971,0.5720149278640747,5.352823734283447,,5.2866997718811035,,,268.0,,,,,,,,,,,
18,,,23369,4.0,0.9803500175476074,0.775911271572113,0.06276405602693558,0.789513111114502,0.7636048197746277,5.347205638885498,,5.2844414710998535,,,236.0,,,,,,,,,,,
18,,,23379,4.0,0.9804499745368958,0.5239769220352173,0.05802559107542038,0.5354112386703491,0.5187386870384216,4.927798271179199,,4.869772911071777,,,161.0,,,,,,,,,,,
18,,,23389,4.0,0.9814500212669373,0.5803213119506836,0.0528242364525795,0.7792754173278809,0.5491551756858826,5.474024772644043,,5.421200752258301,,,242.0,,,,,,,,,,,
18,,,23399,4.0,0.9707499742507935,0.4925789535045624,0.098477303981781,0.48857516050338745,0.4966489374637604,5.617988109588623,,5.519510746002197,,,275.0,,,,,,,,,,,
18,,,23409,4.0,0.966949999332428,0.6239168047904968,0.09059256315231323,0.7729648351669312,0.5837038159370422,6.08732271194458,,5.996730327606201,,,327.0,,,,,,,,,,,
18,,,23419,4.0,0.9692500233650208,0.5458787679672241,0.09074180573225021,0.7986904382705688,0.5287972092628479,5.901522636413574,,5.810781002044678,,,363.0,,,,,,,,,,,
18,,,23429,4.0,0.9805999994277954,0.49510249495506287,0.08575848489999771,0.4902999997138977,0.5,5.7284255027771,,5.642666816711426,,,237.0,,,,,,,,,,,
18,,,23439,4.0,0.9795500040054321,0.6195875406265259,0.05997590348124504,0.8598957061767578,0.5744413137435913,5.322731018066406,,5.262754917144775,,,245.0,,,,,,,,,,,
18,,,23449,4.0,0.9830499887466431,0.5100518465042114,0.05782556161284447,0.5293331146240234,0.5073058605194092,4.522063255310059,,4.464237689971924,,,97.0,,,,,,,,,,,
18,,,23459,4.0,0.9655500054359436,0.5373342037200928,0.08481400460004807,0.9688800573348999,0.5241788029670715,6.10228157043457,,6.017467498779297,,,355.0,,,,,,,,,,,
18,,,23469,4.0,0.9849500060081482,0.5927168130874634,0.04821271449327469,0.6292191743850708,0.5728341341018677,4.313838958740234,,4.265626430511475,,,74.0,,,,,,,,,,,
18,,,23479,4.0,0.9619500041007996,0.5356844663619995,0.12238343805074692,0.8268032670021057,0.5238543748855591,5.746495723724365,,5.624112129211426,,,335.0,,,,,,,,,,,
18,,,23489,4.0,0.9786499738693237,0.666617214679718,0.05576438456773758,0.7166835069656372,0.6361302733421326,5.4706950187683105,,5.414930820465088,,,233.0,,,,,,,,,,,
18,,,23499,4.0,0.9819999933242798,0.5063278079032898,0.06201336532831192,0.891022801399231,0.5054841637611389,5.229856014251709,,5.167842864990234,,,218.0,,,,,,,,,,,
18,,,23509,4.0,0.9841499924659729,0.4991404414176941,0.04348480701446533,0.9920746088027954,0.50157231092453,5.350220680236816,,5.306735992431641,,,220.0,,,,,,,,,,,
18,,,23519,4.0,0.9769999980926514,0.49418309330940247,0.08311905711889267,0.488793283700943,0.4996931254863739,5.108173847198486,,5.025054931640625,,,174.0,,,,,,,,,,,
,9.14404884265908e-05,0.0009144048842659081,23522,,,,,,,,,,,,,,,,,,,,,,,
19,,,23529,4.0,0.9728999733924866,0.49313193559646606,0.10628420114517212,0.4865959882736206,0.49984586238861084,5.218599796295166,,5.112315654754639,,,195.0,,,,,,,,,,,
19,,,23539,4.0,0.9905999898910522,0.49763891100883484,0.04472072422504425,0.4952999949455261,0.5,4.353915214538574,,4.309194564819336,,,65.0,,,,,,,,,,,
19,,,23549,4.0,0.9368500113487244,0.677541971206665,0.15881229937076569,0.6415466666221619,0.749721884727478,5.667407512664795,,5.508594989776611,,,271.0,,,,,,,,,,,
19,,,23559,4.0,0.9659000039100647,0.6677148938179016,0.10189328342676163,0.7022620439529419,0.6440361738204956,5.563440322875977,,5.461546897888184,,,303.0,,,,,,,,,,,
19,,,23569,4.0,0.9792500138282776,0.7473831176757812,0.06278769671916962,0.7517935037612915,0.7431344985961914,5.738638401031494,,5.675850868225098,,,305.0,,,,,,,,,,,
19,,,23579,4.0,0.9873999953269958,0.496830016374588,0.05106990784406662,0.4945407211780548,0.4991406202316284,4.474280834197998,,4.423211097717285,,,125.0,,,,,,,,,,,
19,,,23589,4.0,0.9738500118255615,0.5493919849395752,0.06697466224431992,0.9212359189987183,0.5298170447349548,5.560797214508057,,5.4938225746154785,,,333.0,,,,,,,,,,,
19,,,23599,4.0,0.966949999332428,0.6863367557525635,0.0848594680428505,0.6581594944000244,0.728729784488678,5.167098522186279,,5.082239151000977,,,222.0,,,,,,,,,,,
19,,,23609,4.0,0.9839500188827515,0.6551753878593445,0.060180723667144775,0.6568211913108826,0.6535654664039612,5.012573719024658,,4.952393054962158,,,172.0,,,,,,,,,,,
19,,,23619,4.0,0.972350001335144,0.6812058091163635,0.12485232204198837,0.9260966181755066,0.6192033886909485,5.709177494049072,,5.584325313568115,,,273.0,,,,,,,,,,,
19,,,23629,4.0,0.9672499895095825,0.6941238641738892,0.07040227949619293,0.7220970392227173,0.6729182004928589,6.278866767883301,,6.208464622497559,,,457.0,,,,,,,,,,,
19,,,23639,4.0,0.9710999727249146,0.49266907572746277,0.12391863763332367,0.4855499863624573,0.5,5.6602678298950195,,5.536349296569824,,,271.0,,,,,,,,,,,
19,,,23649,4.0,0.9801999926567078,0.6296683549880981,0.06845422089099884,0.666467010974884,0.6067638397216797,5.039185523986816,,4.970731258392334,,,181.0,,,,,,,,,,,
19,,,23659,4.0,0.9682999849319458,0.6283662915229797,0.10004948079586029,0.7879921793937683,0.5861300230026245,5.883860111236572,,5.783810615539551,,,333.0,,,,,,,,,,,
19,,,23669,4.0,0.9762499928474426,0.7081363201141357,0.06737671792507172,0.7444899082183838,0.6817103624343872,5.280882358551025,,5.213505744934082,,,200.0,,,,,,,,,,,
19,,,23679,4.0,0.9708499908447266,0.5755585432052612,0.10260983556509018,0.6291331648826599,0.5551241040229797,5.402534008026123,,5.299924373626709,,,244.0,,,,,,,,,,,
19,,,23689,4.0,0.9777500033378601,0.6587479710578918,0.0582670234143734,0.6099890470504761,0.8018699288368225,4.814127445220947,,4.755860328674316,,,134.0,,,,,,,,,,,
19,,,23699,4.0,0.9720500111579895,0.5354573130607605,0.06117407977581024,0.9194375276565552,0.5222722291946411,5.578213214874268,,5.5170392990112305,,,212.0,,,,,,,,,,,
19,,,23709,4.0,0.9556000232696533,0.633908748626709,0.13446062803268433,0.5902184247970581,0.8192299604415894,5.574544429779053,,5.440083980560303,,,194.0,,,,,,,,,,,
19,,,23719,4.0,0.9785000085830688,0.49456658959388733,0.15940400958061218,0.48981329798698425,0.49941304326057434,5.617958068847656,,5.458554267883301,,,279.0,,,,,,,,,,,
19,,,23729,4.0,0.965399980545044,0.5418295860290527,0.11487827450037003,0.79277104139328,0.5269593596458435,5.877139091491699,,5.762260913848877,,,332.0,,,,,,,,,,,
19,,,23739,4.0,0.9787999987602234,0.5511212348937988,0.0895545557141304,0.686069130897522,0.5319353938102722,5.513232707977295,,5.423677921295166,,,261.0,,,,,,,,,,,
19,,,23749,4.0,0.9724000096321106,0.4930034577846527,0.1231415644288063,0.486272931098938,0.49992287158966064,5.637081623077393,,5.51393985748291,,,318.0,,,,,,,,,,,
19,,,23759,4.0,0.9684000015258789,0.5949546694755554,0.10121147334575653,0.8158031702041626,0.559925377368927,5.6601128578186035,,5.558901309967041,,,320.0,,,,,,,,,,,
19,,,23769,4.0,0.9842000007629395,0.534027636051178,0.06938529759645462,0.8745462894439697,0.5198983550071716,5.350879192352295,,5.281493663787842,,,233.0,,,,,,,,,,,
19,,,23779,4.0,0.9774500131607056,0.5175508260726929,0.09917100518941879,0.5687370300292969,0.5121423006057739,5.190471649169922,,5.0913004875183105,,,214.0,,,,,,,,,,,
19,,,23789,4.0,0.975849986076355,0.4938887059688568,0.09726547449827194,0.4879249930381775,0.5,5.478328704833984,,5.381063461303711,,,242.0,,,,,,,,,,,
19,,,23799,4.0,0.9634000062942505,0.5308651924133301,0.17543384432792664,0.9028680920600891,0.5209522843360901,5.935856342315674,,5.760422706604004,,,376.0,,,,,,,,,,,
19,,,23809,4.0,0.9783999919891357,0.6682251691818237,0.06604451686143875,0.806725263595581,0.6180754899978638,5.5729827880859375,,5.506938457489014,,,307.0,,,,,,,,,,,
19,,,23819,4.0,0.9825500249862671,0.5811017751693726,0.06374809890985489,0.6164549589157104,0.5628798604011536,4.615785121917725,,4.552037239074707,,,95.0,,,,,,,,,,,
19,,,23829,4.0,0.9697499871253967,0.6754986047744751,0.08519551903009415,0.7461627125740051,0.6380205750465393,5.818751811981201,,5.733556270599365,,,306.0,,,,,,,,,,,
19,,,23839,4.0,0.9447000026702881,0.6496157050132751,0.23537799715995789,0.7036089301109314,0.6207495927810669,6.387297630310059,,6.151919841766357,,,416.0,,,,,,,,,,,
19,,,23849,4.0,0.9594500064849854,0.5820662379264832,0.1723492443561554,0.6048686504364014,0.5683506727218628,5.622358322143555,,5.450008869171143,,,253.0,,,,,,,,,,,
19,,,23859,4.0,0.9872999787330627,0.49680471420288086,0.07088053226470947,0.4936993718147278,0.4999493658542633,4.698081016540527,,4.627200603485107,,,168.0,,,,,,,,,,,
19,,,23869,4.0,0.9772999882698059,0.5707404613494873,0.06796713173389435,0.8831269145011902,0.5420735478401184,5.644360542297363,,5.5763936042785645,,,325.0,,,,,,,,,,,
19,,,23879,4.0,0.9883999824523926,0.6949885487556458,0.03672362491488457,0.8343580961227417,0.6387934684753418,4.9003071784973145,,4.863583564758301,,,141.0,,,,,,,,,,,
19,,,23889,4.0,0.9797499775886536,0.5906816720962524,0.07159774005413055,0.7115364074707031,0.559669017791748,5.080170154571533,,5.008572578430176,,,153.0,,,,,,,,,,,
19,,,23899,4.0,0.9879500269889832,0.5091145038604736,0.05888551101088524,0.6305354237556458,0.5061535239219666,4.650078773498535,,4.591193199157715,,,92.0,,,,,,,,,,,
19,,,23909,4.0,0.9786999821662903,0.4992682933807373,0.09278354793787003,0.7393978834152222,0.5022963285446167,5.781066417694092,,5.6882829666137695,,,322.0,,,,,,,,,,,
19,,,23919,4.0,0.9819999933242798,0.5089715123176575,0.03636879101395607,0.7688738107681274,0.5068233609199524,5.879518985748291,,5.8431501388549805,,,336.0,,,,,,,,,,,
19,,,23929,4.0,0.9854000210762024,0.4963231682777405,0.05414927378296852,0.4927000105381012,0.5,5.247358322143555,,5.193209171295166,,,239.0,,,,,,,,,,,
19,,,23939,4.0,0.9902499914169312,0.5563725233078003,0.04852064698934555,0.5868654847145081,0.5421380996704102,4.247603416442871,,4.199082851409912,,,49.0,,,,,,,,,,,
19,,,23949,4.0,0.9684000015258789,0.6585748791694641,0.10304854810237885,0.6861557960510254,0.6386575698852539,6.065783977508545,,5.962735652923584,,,236.0,,,,,,,,,,,
19,,,23959,4.0,0.9827499985694885,0.5256203413009644,0.05202397331595421,0.8581352829933167,0.5155231952667236,5.2425856590271,,5.190561771392822,,,224.0,,,,,,,,,,,
19,,,23969,4.0,0.984250009059906,0.5668707489967346,0.06738245487213135,0.7249978184700012,0.5410388112068176,4.520213603973389,,4.452831268310547,,,104.0,,,,,,,,,,,
19,,,23979,4.0,0.9724000096321106,0.498378723859787,0.0799630880355835,0.7362709045410156,0.5026402473449707,5.447635650634766,,5.367672443389893,,,326.0,,,,,,,,,,,
19,,,23989,4.0,0.9679499864578247,0.5782808065414429,0.10232192277908325,0.9249292016029358,0.5476924777030945,5.566407203674316,,5.464085102081299,,,293.0,,,,,,,,,,,
19,,,23999,4.0,0.9793000221252441,0.6251086592674255,0.07831656187772751,0.7675812244415283,0.583773136138916,5.195039749145508,,5.11672306060791,,,151.0,,,,,,,,,,,
19,,,24009,4.0,0.9757500290870667,0.5553353428840637,0.0724867582321167,0.7766015529632568,0.5337721109390259,5.093018054962158,,5.020531177520752,,,247.0,,,,,,,,,,,
19,,,24019,4.0,0.9782500267028809,0.6175331473350525,0.07122991979122162,0.6298093795776367,0.6075155138969421,4.867584228515625,,4.796354293823242,,,143.0,,,,,,,,,,,
19,,,24029,4.0,0.982699990272522,0.67642742395401,0.06239689886569977,0.7023650407791138,0.6566271185874939,4.976709842681885,,4.914312839508057,,,145.0,,,,,,,,,,,
19,,,24039,4.0,0.9825999736785889,0.610644519329071,0.0491875596344471,0.6173403859138489,0.604712963104248,5.161435604095459,,5.112247943878174,,,192.0,,,,,,,,,,,
19,,,24049,4.0,0.9750999808311462,0.49369651079177856,0.11113651096820831,0.4875499904155731,0.5,5.4781413078308105,,5.367004871368408,,,182.0,,,,,,,,,,,
19,,,24059,4.0,0.9692000150680542,0.5032879114151001,0.10069207102060318,0.5585070848464966,0.5049580335617065,5.508144378662109,,5.40745210647583,,,260.0,,,,,,,,,,,
19,,,24069,4.0,0.9740999937057495,0.49344006180763245,0.0933389663696289,0.48704999685287476,0.5,5.385063648223877,,5.291724681854248,,,220.0,,,,,,,,,,,
19,,,24079,4.0,0.9757999777793884,0.4959332048892975,0.1253279745578766,0.5713547468185425,0.5009136199951172,5.682340621948242,,5.557012557983398,,,251.0,,,,,,,,,,,
19,,,24089,4.0,0.9627000093460083,0.49049779772758484,0.14631222188472748,0.4814944565296173,0.4998442232608795,5.791599750518799,,5.64528751373291,,,307.0,,,,,,,,,,,
19,,,24099,4.0,0.9779999852180481,0.6783106327056885,0.08346286416053772,0.686217725276947,0.6710888147354126,5.074397087097168,,4.990934371948242,,,181.0,,,,,,,,,,,
19,,,24109,4.0,0.9484000205993652,0.5142104625701904,0.2118595987558365,0.9741612672805786,0.5141242742538452,6.595282077789307,,6.383422374725342,,,349.0,,,,,,,,,,,
19,,,24119,4.0,0.9886000156402588,0.5411320924758911,0.06047020107507706,0.8381705284118652,0.5233777761459351,4.745558738708496,,4.685088634490967,,,129.0,,,,,,,,,,,
19,,,24129,4.0,0.9826499819755554,0.4956245422363281,0.055780865252017975,0.4913249909877777,0.5,4.854841709136963,,4.799060821533203,,,136.0,,,,,,,,,,,
19,,,24139,4.0,0.9603999853134155,0.4961318373680115,0.1306813359260559,0.5333132743835449,0.5021985173225403,6.536056041717529,,6.405374526977539,,,436.0,,,,,,,,,,,
19,,,24149,4.0,0.9810500144958496,0.49784159660339355,0.07489042729139328,0.6155980825424194,0.5012497901916504,5.4474968910217285,,5.37260627746582,,,249.0,,,,,,,,,,,
19,,,24159,4.0,0.9708999991416931,0.7629915475845337,0.11113113909959793,0.7548534870147705,0.7717249989509583,6.186462879180908,,6.075331687927246,,,460.0,,,,,,,,,,,
19,,,24169,4.0,0.9725499749183655,0.5173004865646362,0.0989290252327919,0.8548080921173096,0.5124161839485168,6.570481300354004,,6.47155237197876,,,210.0,,,,,,,,,,,
19,,,24179,4.0,0.9530500173568726,0.49532124400138855,0.16121727228164673,0.6610134840011597,0.5034326314926147,6.216514587402344,,6.055297374725342,,,363.0,,,,,,,,,,,
19,,,24189,4.0,0.964900016784668,0.4910682439804077,0.15014342963695526,0.482450008392334,0.5,5.672943115234375,,5.522799491882324,,,226.0,,,,,,,,,,,
19,,,24199,4.0,0.9770500063896179,0.4941959083080292,0.10243471711874008,0.48872047662734985,0.4997953772544861,5.48960542678833,,5.387170791625977,,,278.0,,,,,,,,,,,
19,,,24209,4.0,0.9925500154495239,0.49813053011894226,0.04799053817987442,0.49627500772476196,0.5,4.426599502563477,,4.3786091804504395,,,98.0,,,,,,,,,,,
19,,,24219,4.0,0.943149983882904,0.5510056614875793,0.25999727845191956,0.5608810186386108,0.5445958971977234,5.790204048156738,,5.530206680297852,,,250.0,,,,,,,,,,,
19,,,24229,4.0,0.9886000156402588,0.6906716227531433,0.046782560646533966,0.8585863709449768,0.6311838030815125,4.908790588378906,,4.862008094787598,,,167.0,,,,,,,,,,,
19,,,24239,4.0,0.9813500046730042,0.5183093547821045,0.07270070910453796,0.5707991123199463,0.512252688407898,5.0493574142456055,,4.976656913757324,,,160.0,,,,,,,,,,,
19,,,24249,4.0,0.9635999798774719,0.49210071563720703,0.15218910574913025,0.5115966200828552,0.5002864599227905,5.909029483795166,,5.756840229034424,,,501.0,,,,,,,,,,,
19,,,24259,4.0,0.9674999713897705,0.49174079298973083,0.1258351057767868,0.48374998569488525,0.5,5.8694844245910645,,5.743649482727051,,,415.0,,,,,,,,,,,
19,,,24269,4.0,0.9847999811172485,0.5618807673454285,0.06272537261247635,0.8035473823547363,0.5363856554031372,4.915859222412109,,4.853133678436279,,,142.0,,,,,,,,,,,
19,,,24279,4.0,0.9945499897003174,0.4986337721347809,0.03500885143876076,0.4972749948501587,0.5,4.24143123626709,,4.206422328948975,,,59.0,,,,,,,,,,,
19,,,24289,4.0,0.9833999872207642,0.6426091194152832,0.07801933586597443,0.9457913637161255,0.5873849391937256,5.477518081665039,,5.39949893951416,,,249.0,,,,,,,,,,,
19,,,24299,4.0,0.9739500284194946,0.49340155720710754,0.09342820197343826,0.4869750142097473,0.5,5.362807273864746,,5.269379138946533,,,267.0,,,,,,,,,,,
19,,,24309,4.0,0.9546499848365784,0.621094822883606,0.14150500297546387,0.6384652256965637,0.6081030368804932,5.651844024658203,,5.51033878326416,,,312.0,,,,,,,,,,,
19,,,24319,4.0,0.9874500036239624,0.5302984714508057,0.06587137281894684,0.9028624892234802,0.5173912048339844,4.756580829620361,,4.690709590911865,,,128.0,,,,,,,,,,,
19,,,24329,4.0,0.9683499932289124,0.7095221281051636,0.07929003983736038,0.6792383193969727,0.753996729850769,5.221466541290283,,5.142176628112793,,,233.0,,,,,,,,,,,
19,,,24339,4.0,0.9646499752998352,0.4965960681438446,0.1755896657705307,0.6491811871528625,0.5026376843452454,6.567488193511963,,6.3918986320495605,,,589.0,,,,,,,,,,,
19,,,24349,4.0,0.9815999865531921,0.4953572750091553,0.07292096316814423,0.49079999327659607,0.5,5.421510219573975,,5.3485894203186035,,,240.0,,,,,,,,,,,
19,,,24359,4.0,0.9872499704360962,0.4967920482158661,0.06677556037902832,0.4936249852180481,0.5,4.683010101318359,,4.61623477935791,,,95.0,,,,,,,,,,,
19,,,24369,4.0,0.9805499911308289,0.49508973956108093,0.0996987521648407,0.49027499556541443,0.5,5.0741424560546875,,4.9744439125061035,,,184.0,,,,,,,,,,,
19,,,24379,4.0,0.9615499973297119,0.5762730240821838,0.14965133368968964,0.6788551807403564,0.5520062446594238,5.650635719299316,,5.500984191894531,,,247.0,,,,,,,,,,,
19,,,24389,4.0,0.9825500249862671,0.5604312419891357,0.07950084656476974,0.9107414484024048,0.5350077748298645,5.330926895141602,,5.2514262199401855,,,230.0,,,,,,,,,,,
19,,,24399,4.0,0.9797000288963318,0.518344521522522,0.07850650697946548,0.823300838470459,0.5120378136634827,5.506656646728516,,5.428150177001953,,,233.0,,,,,,,,,,,
19,,,24409,4.0,0.9676499962806702,0.5743333697319031,0.10419546812772751,0.5609779953956604,0.5972381234169006,4.754513740539551,,4.650318145751953,,,119.0,,,,,,,,,,,
19,,,24419,4.0,0.9727500081062317,0.5639437437057495,0.0930313691496849,0.7459907531738281,0.5399788022041321,6.933321475982666,,6.840290069580078,,,261.0,,,,,,,,,,,
19,,,24429,4.0,0.9793999791145325,0.5620148777961731,0.06308769434690475,0.8620464205741882,0.5366703867912292,5.535651683807373,,5.472564220428467,,,269.0,,,,,,,,,,,
19,,,24439,4.0,0.9870499968528748,0.5721474885940552,0.04385153204202652,0.7496172189712524,0.5436735153198242,4.639985084533691,,4.596133708953857,,,144.0,,,,,,,,,,,
19,,,24449,4.0,0.9742500185966492,0.5261404514312744,0.11679499596357346,0.5946345329284668,0.5175983905792236,5.6545729637146,,5.537777900695801,,,296.0,,,,,,,,,,,
19,,,24459,4.0,0.9607999920845032,0.5210912823677063,0.11325382441282272,0.522211492061615,0.5201296210289001,5.820451736450195,,5.707198143005371,,,252.0,,,,,,,,,,,
19,,,24469,4.0,0.9884999990463257,0.4971083700656891,0.06594234704971313,0.49429944157600403,0.4999494254589081,4.665795803070068,,4.599853515625,,,107.0,,,,,,,,,,,
19,,,24479,4.0,0.9642500281333923,0.5940752029418945,0.1429142951965332,0.6656315922737122,0.568142294883728,5.533184051513672,,5.390269756317139,,,270.0,,,,,,,,,,,
19,,,24489,4.0,0.9710000157356262,0.4926433265209198,0.0944044217467308,0.4855000078678131,0.5,5.6092000007629395,,5.514795780181885,,,312.0,,,,,,,,,,,
19,,,24499,4.0,0.9923499822616577,0.49808016419410706,0.04320933669805527,0.49622461199760437,0.4999496340751648,4.146011829376221,,4.102802276611328,,,70.0,,,,,,,,,,,
19,,,24509,4.0,0.9694499969482422,0.49224403500556946,0.09474991261959076,0.4847249984741211,0.5,5.943157196044922,,5.84840726852417,,,334.0,,,,,,,,,,,
19,,,24519,4.0,0.9813500046730042,0.49529361724853516,0.10645687580108643,0.4918554425239563,0.49878019094467163,4.880703449249268,,4.774246692657471,,,117.0,,,,,,,,,,,
19,,,24529,4.0,0.993399977684021,0.5909358859062195,0.03866742551326752,0.6759408712387085,0.561820924282074,3.9532318115234375,,3.914564371109009,,,39.0,,,,,,,,,,,
19,,,24539,4.0,0.9663500189781189,0.4929245710372925,0.12132491171360016,0.49828270077705383,0.49990314245224,5.944727420806885,,5.823402404785156,,,372.0,,,,,,,,,,,
19,,,24549,4.0,0.9911500215530396,0.49777767062187195,0.045376770198345184,0.4955750107765198,0.5,4.380229949951172,,4.334853172302246,,,83.0,,,,,,,,,,,
19,,,24559,4.0,0.9716500043869019,0.6070655584335327,0.08492117375135422,0.5842371582984924,0.6504512429237366,4.505843639373779,,4.42092227935791,,,119.0,,,,,,,,,,,
19,,,24569,4.0,0.9890499711036682,0.5312888622283936,0.052956439554691315,0.6853207945823669,0.5183630585670471,4.396364212036133,,4.34340763092041,,,106.0,,,,,,,,,,,
19,,,24579,4.0,0.992900013923645,0.49821868538856506,0.057583287358284,0.49657413363456726,0.49987414479255676,4.419404029846191,,4.361820697784424,,,56.0,,,,,,,,,,,
19,,,24589,4.0,0.9876999855041504,0.6434497833251953,0.05184682086110115,0.7690697312355042,0.5989364385604858,5.122735977172852,,5.070888996124268,,,179.0,,,,,,,,,,,
19,,,24599,4.0,0.9761000275611877,0.5140299797058105,0.08225516974925995,0.5235066413879395,0.5109240412712097,5.0128068923950195,,4.930551528930664,,,175.0,,,,,,,,,,,
19,,,24609,4.0,0.9936000108718872,0.6751596927642822,0.03311539441347122,0.7752698659896851,0.6289248466491699,4.304605007171631,,4.27148962020874,,,85.0,,,,,,,,,,,
19,,,24619,4.0,0.9733999967575073,0.5148389935493469,0.10202838480472565,0.5968322157859802,0.5108734369277954,5.077184677124023,,4.975156307220459,,,227.0,,,,,,,,,,,
19,,,24629,4.0,0.9733499884605408,0.49324750900268555,0.09328439086675644,0.4866749942302704,0.5,5.487941265106201,,5.394656658172607,,,237.0,,,,,,,,,,,
19,,,24639,4.0,0.9865999817848206,0.7898046970367432,0.04818766191601753,0.7829414010047913,0.7970259189605713,4.938215732574463,,4.89002799987793,,,189.0,,,,,,,,,,,
19,,,24649,4.0,0.9934999942779541,0.4983696937561035,0.041718870401382446,0.49674999713897705,0.5,4.049670219421387,,4.007951259613037,,,48.0,,,,,,,,,,,
19,,,24659,4.0,0.9945999979972839,0.4986463487148285,0.02886413224041462,0.49729999899864197,0.5,3.7388741970062256,,3.710010051727295,,,48.0,,,,,,,,,,,
19,,,24669,4.0,0.9623000025749207,0.4903939366340637,0.1209968626499176,0.4811500012874603,0.5,5.641837120056152,,5.520840167999268,,,294.0,,,,,,,,,,,
19,,,24679,4.0,0.9667500257492065,0.5199071764945984,0.1070675328373909,0.8406948447227478,0.514564037322998,5.854380130767822,,5.747312545776367,,,336.0,,,,,,,,,,,
19,,,24689,4.0,0.9711499810218811,0.5281004905700684,0.07787426561117172,0.7107059955596924,0.5185359120368958,6.183258533477783,,6.105384349822998,,,448.0,,,,,,,,,,,
19,,,24699,4.0,0.9796000123023987,0.7466177940368652,0.05844147503376007,0.7532652616500854,0.7403316497802734,5.6337690353393555,,5.575327396392822,,,327.0,,,,,,,,,,,
19,,,24709,4.0,0.9871000051498413,0.7035573124885559,0.03758954256772995,0.7294453978538513,0.6830820441246033,4.563279151916504,,4.525689601898193,,,117.0,,,,,,,,,,,
19,,,24719,4.0,0.9852499961853027,0.4962851107120514,0.045258522033691406,0.49262499809265137,0.5,4.676697254180908,,4.631438732147217,,,146.0,,,,,,,,,,,
19,,,24729,4.0,0.9646499752998352,0.5288987159729004,0.09506924450397491,0.9217898845672607,0.5197049379348755,5.757716655731201,,5.662647247314453,,,250.0,,,,,,,,,,,
19,,,24739,4.0,0.980400025844574,0.5434333682060242,0.07762987911701202,0.7096030712127686,0.5265138149261475,4.771332740783691,,4.693702697753906,,,131.0,,,,,,,,,,,
19,,,24749,4.0,0.9791499972343445,0.5557774901390076,0.08165968209505081,0.740271806716919,0.5340317487716675,4.883485794067383,,4.801826000213623,,,119.0,,,,,,,,,,,
19,,,24759,4.0,0.972350001335144,0.6586005687713623,0.07917791604995728,0.7237158417701721,0.6242702007293701,4.956889629364014,,4.877711772918701,,,249.0,,,,,,,,,,,
19,,,24759,,,,,,,,,,,,,0.8812138438224792,0.5300567150115967,0.5132371783256531,0.608530580997467,0.5893914699554443,5.4331374168396,0.039882395416498184,4.919900417327881,0.03988244757056236,0.03988244757056236,221.70236206054688
,9.05463412215599e-05,0.000905463412215599,24760,,,,,,,,,,,,,,,,,,,,,,,
20,,,24769,4.0,0.991100013256073,0.49776506423950195,0.04682237654924393,0.4956987202167511,0.49984869360923767,4.119612693786621,,4.072790145874023,,,80.0,,,,,,,,,,,
20,,,24779,4.0,0.9800500273704529,0.49992451071739197,0.07468237727880478,0.5021515488624573,0.500755786895752,4.830917835235596,,4.756235599517822,,,88.0,,,,,,,,,,,
20,,,24789,4.0,0.9721500277519226,0.535622775554657,0.11000761389732361,0.6062914133071899,0.5238983631134033,5.42190408706665,,5.311896324157715,,,226.0,,,,,,,,,,,
20,,,24799,4.0,0.9552000164985657,0.5898996591567993,0.12000146508216858,0.7577153444290161,0.5596393346786499,6.29309606552124,,6.173094749450684,,,514.0,,,,,,,,,,,
20,,,24809,4.0,0.9605500102043152,0.6842315196990967,0.12383492290973663,0.7486838102340698,0.6482871770858765,5.817910671234131,,5.694075584411621,,,532.0,,,,,,,,,,,
20,,,24819,4.0,0.962149977684021,0.5213215947151184,0.12149837613105774,0.5433237552642822,0.5162405371665955,5.972555637359619,,5.851057052612305,,,362.0,,,,,,,,,,,
20,,,24829,4.0,0.9748499989509583,0.6780263185501099,0.0685313269495964,0.7504106163978577,0.639506459236145,5.3049821853637695,,5.236450672149658,,,221.0,,,,,,,,,,,
20,,,24839,4.0,0.9733499884605408,0.6814960837364197,0.09943016618490219,0.8412858247756958,0.6266599297523499,6.0050435066223145,,5.905613422393799,,,345.0,,,,,,,,,,,
20,,,24849,4.0,0.9815499782562256,0.6542891263961792,0.047713834792375565,0.6313410997390747,0.687803328037262,4.6463165283203125,,4.598602771759033,,,114.0,,,,,,,,,,,
20,,,24859,4.0,0.9692000150680542,0.522659420967102,0.08655635267496109,0.9194399118423462,0.5157203078269958,5.489316463470459,,5.402760028839111,,,308.0,,,,,,,,,,,
20,,,24869,4.0,0.9718499779701233,0.6507733464241028,0.07927598804235458,0.7438105344772339,0.6112202405929565,5.445621490478516,,5.366345405578613,,,259.0,,,,,,,,,,,
20,,,24879,4.0,0.9765999913215637,0.500408947467804,0.06830628961324692,0.988298237323761,0.5031847357749939,5.1197404861450195,,5.05143404006958,,,216.0,,,,,,,,,,,
20,,,24889,4.0,0.9775999784469604,0.5668447613716125,0.06651198118925095,0.6091178059577942,0.5493290424346924,4.840170860290527,,4.773658752441406,,,182.0,,,,,,,,,,,
20,,,24899,4.0,0.9850500226020813,0.49623435735702515,0.05182415619492531,0.49252501130104065,0.5,4.864339828491211,,4.812515735626221,,,137.0,,,,,,,,,,,
20,,,24909,4.0,0.9800500273704529,0.7313759922981262,0.06146087497472763,0.8628415465354919,0.671858549118042,5.550626754760742,,5.489165782928467,,,312.0,,,,,,,,,,,
20,,,24919,4.0,0.9849500060081482,0.5649722814559937,0.03627418726682663,0.8676632642745972,0.5376516580581665,5.762862205505371,,5.726588249206543,,,293.0,,,,,,,,,,,
20,,,24929,4.0,0.9614999890327454,0.49018609523773193,0.1341208964586258,0.4807499945163727,0.5,6.2221269607543945,,6.088006019592285,,,283.0,,,,,,,,,,,
20,,,24939,4.0,0.9825999736785889,0.7396924495697021,0.05797198414802551,0.8189315795898438,0.6930208206176758,4.964107990264893,,4.9061360359191895,,,200.0,,,,,,,,,,,
20,,,24949,4.0,0.9846000075340271,0.5635311603546143,0.047289714217185974,0.5566666722297668,0.5724884867668152,4.229526519775391,,4.182236671447754,,,74.0,,,,,,,,,,,
20,,,24959,4.0,0.9642500281333923,0.7843680381774902,0.08166786283254623,0.7335869669914246,0.8699101209640503,5.602493762969971,,5.5208258628845215,,,317.0,,,,,,,,,,,
20,,,24969,4.0,0.9729999899864197,0.6589524149894714,0.06927517801523209,0.6948781609535217,0.6348801255226135,4.9260077476501465,,4.856732368469238,,,179.0,,,,,,,,,,,
20,,,24979,4.0,0.9682999849319458,0.5012328624725342,0.09292614459991455,0.7569936513900757,0.5045952796936035,6.051373481750488,,5.958447456359863,,,408.0,,,,,,,,,,,
20,,,24989,4.0,0.9675499796867371,0.4917536973953247,0.14369522035121918,0.48377498984336853,0.5,5.774829864501953,,5.631134510040283,,,321.0,,,,,,,,,,,
20,,,24999,4.0,0.9661499857902527,0.4913918077945709,0.10630463808774948,0.4835585653781891,0.49948301911354065,5.870844841003418,,5.764540195465088,,,331.0,,,,,,,,,,,
20,,,25009,4.0,0.972100019454956,0.6714416742324829,0.08697889745235443,0.7495352029800415,0.6322850584983826,5.7780890464782715,,5.691110134124756,,,340.0,,,,,,,,,,,
20,,,25019,4.0,0.9851999878883362,0.49627241492271423,0.06678495556116104,0.4925999939441681,0.5,5.22327995300293,,5.156495094299316,,,213.0,,,,,,,,,,,
20,,,25029,4.0,0.9751999974250793,0.5661225914955139,0.06014707684516907,0.8162369728088379,0.5401331186294556,5.563563346862793,,5.503416061401367,,,345.0,,,,,,,,,,,
20,,,25039,4.0,0.9701499938964844,0.5772409439086914,0.07464125007390976,0.8486846685409546,0.5474376678466797,5.3643479347229,,5.289706707000732,,,234.0,,,,,,,,,,,
20,,,25049,4.0,0.972000002861023,0.5686401128768921,0.08430498093366623,0.6478210687637329,0.546957790851593,5.5374016761779785,,5.453096866607666,,,204.0,,,,,,,,,,,
20,,,25059,4.0,0.9707000255584717,0.4925660789012909,0.0934590995311737,0.48535001277923584,0.5,5.81470251083374,,5.721243381500244,,,385.0,,,,,,,,,,,
20,,,25069,4.0,0.9751499891281128,0.5883074402809143,0.08093767613172531,0.5998135209083557,0.5793776512145996,5.361149787902832,,5.280211925506592,,,276.0,,,,,,,,,,,
20,,,25079,4.0,0.9767000079154968,0.5004613995552063,0.10020744055509567,0.5094174742698669,0.5018944144248962,6.2182536125183105,,6.118046283721924,,,275.0,,,,,,,,,,,
20,,,25089,4.0,0.9618499875068665,0.4915837347507477,0.10508127510547638,0.4954077899456024,0.48845145106315613,4.798435211181641,,4.69335412979126,,,114.0,,,,,,,,,,,
20,,,25099,4.0,0.9745500087738037,0.6025952100753784,0.10435941070318222,0.8501355648040771,0.5635011196136475,5.882870674133301,,5.778511047363281,,,255.0,,,,,,,,,,,
20,,,25109,4.0,0.9722499847412109,0.6164058446884155,0.07129797339439392,0.5845527648925781,0.6969693899154663,4.68564510345459,,4.614346981048584,,,79.0,,,,,,,,,,,
20,,,25119,4.0,0.9825500249862671,0.49559909105300903,0.06606100499629974,0.49127501249313354,0.5,5.869339466094971,,5.80327844619751,,,251.0,,,,,,,,,,,
20,,,25129,4.0,0.9838500022888184,0.49592962861061096,0.06911828368902206,0.49732092022895813,0.4945460855960846,3.807016134262085,,3.7378978729248047,,,56.0,,,,,,,,,,,
20,,,25139,4.0,0.9699000120162964,0.49236002564430237,0.12997129559516907,0.4849500060081482,0.5,5.947528839111328,,5.817557334899902,,,457.0,,,,,,,,,,,
20,,,25149,4.0,0.9693499803543091,0.5562118291854858,0.0849638506770134,0.8366647958755493,0.5347205996513367,5.479009628295898,,5.394045829772949,,,257.0,,,,,,,,,,,
20,,,25159,4.0,0.9726999998092651,0.4930805563926697,0.1306532770395279,0.4863986372947693,0.4999485909938812,5.61134147644043,,5.480688095092773,,,241.0,,,,,,,,,,,
20,,,25169,4.0,0.98089998960495,0.6957745552062988,0.0790398120880127,0.8202525973320007,0.6427565813064575,5.338768005371094,,5.259727954864502,,,283.0,,,,,,,,,,,
20,,,25179,4.0,0.9748499989509583,0.626449704170227,0.06657424569129944,0.5863223075866699,0.7569562196731567,4.525553226470947,,4.45897912979126,,,119.0,,,,,,,,,,,
20,,,25189,4.0,0.9724500179290771,0.5450374484062195,0.1056179478764534,0.5842363834381104,0.5323713421821594,5.7327070236206055,,5.627089023590088,,,281.0,,,,,,,,,,,
20,,,25199,4.0,0.9521999955177307,0.5570783019065857,0.11437186598777771,0.9696212410926819,0.5372798442840576,6.278330326080322,,6.163958549499512,,,564.0,,,,,,,,,,,
20,,,25209,4.0,0.9752500057220459,0.5395985841751099,0.07124349474906921,0.6222784519195557,0.5259513854980469,5.075394630432129,,5.004151344299316,,,241.0,,,,,,,,,,,
20,,,25219,4.0,0.9846000075340271,0.6149225831031799,0.06694170087575912,0.8925777673721313,0.5694621801376343,4.8689866065979,,4.802044868469238,,,185.0,,,,,,,,,,,
20,,,25229,4.0,0.9795500040054321,0.5550423860549927,0.06748391687870026,0.7449691295623779,0.5334572196006775,5.7437872886657715,,5.676303386688232,,,329.0,,,,,,,,,,,
20,,,25239,4.0,0.979200005531311,0.522014856338501,0.06691615283489227,0.5231752991676331,0.5209914445877075,4.45082950592041,,4.383913516998291,,,121.0,,,,,,,,,,,
20,,,25249,4.0,0.9710999727249146,0.5856021642684937,0.0888439416885376,0.7230254411697388,0.55599045753479,5.504932880401611,,5.416089057922363,,,268.0,,,,,,,,,,,
20,,,25259,4.0,0.9805499911308289,0.4976470470428467,0.07893285155296326,0.57373046875,0.5011712312698364,4.6941633224487305,,4.615230560302734,,,117.0,,,,,,,,,,,
20,,,25269,4.0,0.9746500253677368,0.5956007838249207,0.08023364096879959,0.8657045364379883,0.5584437847137451,5.263412952423096,,5.1831793785095215,,,197.0,,,,,,,,,,,
20,,,25279,4.0,0.9863499999046326,0.5985987782478333,0.05032503232359886,0.953763484954834,0.557300865650177,4.916773796081543,,4.866448879241943,,,151.0,,,,,,,,,,,
20,,,25289,4.0,0.9863499999046326,0.6827569007873535,0.051628340035676956,0.919809877872467,0.6187615990638733,5.182456016540527,,5.130827903747559,,,202.0,,,,,,,,,,,
20,,,25299,4.0,0.9725000262260437,0.6339828968048096,0.0630711242556572,0.6111891865730286,0.6703406572341919,4.5507683753967285,,4.487697124481201,,,123.0,,,,,,,,,,,
20,,,25309,4.0,0.9909999966621399,0.4977398216724396,0.03781474381685257,0.49609529972076416,0.4993952810764313,4.314823627471924,,4.277009010314941,,,83.0,,,,,,,,,,,
20,,,25319,4.0,0.988349974155426,0.49707043170928955,0.04586492478847504,0.4942244291305542,0.4999494254589081,4.7900848388671875,,4.744219779968262,,,171.0,,,,,,,,,,,
20,,,25329,4.0,0.9396499991416931,0.4941816031932831,0.1926027536392212,0.9313688278198242,0.5048995018005371,6.305373668670654,,6.112771034240723,,,483.0,,,,,,,,,,,
20,,,25339,4.0,0.9791499972343445,0.5018239617347717,0.06884507089853287,0.6771959066390991,0.5034868121147156,5.125276565551758,,5.056431293487549,,,226.0,,,,,,,,,,,
20,,,25349,4.0,0.98785001039505,0.7110475301742554,0.04160594940185547,0.7545376420021057,0.6805791258811951,4.798459053039551,,4.756853103637695,,,196.0,,,,,,,,,,,
20,,,25359,4.0,0.9769499897956848,0.543086588382721,0.07314082980155945,0.7295063138008118,0.5265422463417053,5.574484348297119,,5.501343727111816,,,279.0,,,,,,,,,,,
20,,,25369,4.0,0.9732999801635742,0.6028580069541931,0.13438311219215393,0.6867929697036743,0.5729631185531616,5.954877853393555,,5.820494651794434,,,213.0,,,,,,,,,,,
20,,,25379,4.0,0.9845499992370605,0.7665022611618042,0.0691128820180893,0.7975029945373535,0.741592288017273,5.805771827697754,,5.736659049987793,,,331.0,,,,,,,,,,,
20,,,25389,4.0,0.9674000144004822,0.4917149543762207,0.12616470456123352,0.4837000072002411,0.5,5.668327331542969,,5.5421624183654785,,,292.0,,,,,,,,,,,
20,,,25399,4.0,0.9835000038146973,0.6121092438697815,0.06276185065507889,0.7070615291595459,0.5781705975532532,4.738342761993408,,4.675580978393555,,,120.0,,,,,,,,,,,
20,,,25409,4.0,0.9749000072479248,0.6726280450820923,0.07833878695964813,0.752670407295227,0.6326634287834167,5.582391738891602,,5.504053115844727,,,301.0,,,,,,,,,,,
20,,,25419,4.0,0.9749500155448914,0.6321552395820618,0.0686144083738327,0.6323428153991699,0.6319682002067566,5.20366907119751,,5.135054588317871,,,248.0,,,,,,,,,,,
20,,,25429,4.0,0.9685999751091003,0.5733333230018616,0.09418688714504242,0.8522567749023438,0.5451581478118896,5.423059940338135,,5.328873157501221,,,262.0,,,,,,,,,,,
20,,,25439,4.0,0.9923499822616577,0.6610721945762634,0.03241527080535889,0.7228986024856567,0.6264529824256897,4.021817207336426,,3.9894018173217773,,,69.0,,,,,,,,,,,
20,,,25449,4.0,0.9779499769210815,0.5542978048324585,0.06146770715713501,0.6800345778465271,0.5342936515808105,4.892437934875488,,4.830970287322998,,,172.0,,,,,,,,,,,
20,,,25459,4.0,0.966949999332428,0.4915986657142639,0.09093598276376724,0.483474999666214,0.5,5.955161094665527,,5.864224910736084,,,364.0,,,,,,,,,,,
20,,,25469,4.0,0.9923499822616577,0.5889875888824463,0.04298332333564758,0.7895733118057251,0.5534951090812683,4.175341606140137,,4.132358074188232,,,63.0,,,,,,,,,,,
20,,,25479,4.0,0.9610999822616577,0.49516910314559937,0.11675902456045151,0.9805461168289185,0.5025575160980225,5.3053998947143555,,5.18864107131958,,,285.0,,,,,,,,,,,
20,,,25489,4.0,0.9871000051498413,0.5189753174781799,0.04384361207485199,0.6140174865722656,0.5117639899253845,4.514359474182129,,4.470515727996826,,,144.0,,,,,,,,,,,
20,,,25499,4.0,0.9727500081062317,0.6330825090408325,0.07630110532045364,0.9211200475692749,0.5830514430999756,5.391916275024414,,5.315615177154541,,,213.0,,,,,,,,,,,
20,,,25509,4.0,0.9868999719619751,0.5873236060142517,0.04724973812699318,0.9078744649887085,0.5507250428199768,4.374155044555664,,4.326905250549316,,,114.0,,,,,,,,,,,
20,,,25519,4.0,0.991599977016449,0.4978911280632019,0.03427617996931076,0.4957999885082245,0.5,4.811079978942871,,4.776803970336914,,,132.0,,,,,,,,,,,
20,,,25529,4.0,0.9689499735832214,0.4921150803565979,0.12832149863243103,0.4845476746559143,0.49992260336875916,5.603818416595459,,5.475496768951416,,,289.0,,,,,,,,,,,
20,,,25539,4.0,0.9750000238418579,0.6464132070541382,0.07341574877500534,0.9658142924308777,0.5907801985740662,5.6452131271362305,,5.5717973709106445,,,278.0,,,,,,,,,,,
20,,,25549,4.0,0.9665499925613403,0.694589376449585,0.11499442160129547,0.7763379216194153,0.6523013710975647,6.010802745819092,,5.895808219909668,,,343.0,,,,,,,,,,,
20,,,25559,4.0,0.9824000000953674,0.49838557839393616,0.04989060014486313,0.9911995530128479,0.5014164447784424,5.753152847290039,,5.7032623291015625,,,314.0,,,,,,,,,,,
20,,,25569,4.0,0.9873999953269958,0.5468277931213379,0.05199369043111801,0.61345374584198,0.5305366516113281,4.592715740203857,,4.540721893310547,,,139.0,,,,,,,,,,,
20,,,25579,4.0,0.9833499789237976,0.49580255150794983,0.04998202994465828,0.4916749894618988,0.5,4.741593837738037,,4.6916117668151855,,,202.0,,,,,,,,,,,
20,,,25589,4.0,0.9797000288963318,0.5045337677001953,0.06667023152112961,0.5109275579452515,0.5038955807685852,4.976064682006836,,4.909394264221191,,,188.0,,,,,,,,,,,
20,,,25599,4.0,0.978950023651123,0.5279369354248047,0.06510216742753983,0.7317947745323181,0.5174485445022583,5.004465579986572,,4.939363479614258,,,194.0,,,,,,,,,,,
20,,,25609,4.0,0.9763500094413757,0.5400747060775757,0.08899267017841339,0.6231123208999634,0.5261558890342712,5.160812854766846,,5.071820259094238,,,174.0,,,,,,,,,,,
20,,,25619,4.0,0.9765999913215637,0.5024829506874084,0.062236640602350235,0.988297700881958,0.5042372941970825,5.622777938842773,,5.560541152954102,,,246.0,,,,,,,,,,,
20,,,25629,4.0,0.9889000058174133,0.4972095191478729,0.047276582568883896,0.49445000290870667,0.5,5.126194000244141,,5.078917503356934,,,94.0,,,,,,,,,,,
20,,,25639,4.0,0.9807000160217285,0.5930330753326416,0.06768902391195297,0.9512099027633667,0.554676353931427,5.289126873016357,,5.221437931060791,,,234.0,,,,,,,,,,,
20,,,25649,4.0,0.9838500022888184,0.654476523399353,0.0685100182890892,0.8306227922439575,0.6026745438575745,5.126296043395996,,5.057785987854004,,,224.0,,,,,,,,,,,
20,,,25659,4.0,0.9787999987602234,0.5637397170066833,0.07180044800043106,0.7781310677528381,0.5386221408843994,5.279209136962891,,5.207408905029297,,,241.0,,,,,,,,,,,
20,,,25669,4.0,0.9718999862670898,0.5970733761787415,0.11262547969818115,0.8086388111114502,0.5611284375190735,5.703131675720215,,5.590506076812744,,,273.0,,,,,,,,,,,
20,,,25679,4.0,0.9828500151634216,0.5206041932106018,0.06340440362691879,0.6792901754379272,0.5129716992378235,4.669273853302002,,4.605869293212891,,,138.0,,,,,,,,,,,
20,,,25689,4.0,0.9767000079154968,0.7357257604598999,0.09566354751586914,0.796170711517334,0.6967697739601135,5.596548557281494,,5.500885009765625,,,336.0,,,,,,,,,,,
20,,,25699,4.0,0.9804499745368958,0.49506425857543945,0.06871378421783447,0.4902249872684479,0.5,5.384162902832031,,5.315449237823486,,,200.0,,,,,,,,,,,
20,,,25709,4.0,0.9916499853134155,0.6364284753799438,0.035684939473867416,0.829549252986908,0.5870279669761658,3.969419240951538,,3.93373441696167,,,90.0,,,,,,,,,,,
20,,,25719,4.0,0.9850999712944031,0.4962470531463623,0.07446928322315216,0.49254998564720154,0.5,4.947558879852295,,4.873089790344238,,,150.0,,,,,,,,,,,
20,,,25729,4.0,0.9855499863624573,0.6745202541351318,0.05083289369940758,0.7970659732818604,0.624862015247345,4.6578826904296875,,4.607049942016602,,,156.0,,,,,,,,,,,
20,,,25739,4.0,0.9758999943733215,0.6320111155509949,0.07462520152330399,0.752794086933136,0.591559112071991,5.523017883300781,,5.448392868041992,,,223.0,,,,,,,,,,,
20,,,25749,4.0,0.9769999980926514,0.5849153995513916,0.09556756913661957,0.9067484140396118,0.5506417751312256,5.186803340911865,,5.091235637664795,,,178.0,,,,,,,,,,,
20,,,25759,4.0,0.9781000018119812,0.6522485017776489,0.06708011776208878,0.7136265635490417,0.6193310618400574,5.0711188316345215,,5.0040388107299805,,,207.0,,,,,,,,,,,
20,,,25769,4.0,0.9538999795913696,0.6039518713951111,0.11856849491596222,0.5999484062194824,0.6083599328994751,5.73669958114624,,5.618131160736084,,,361.0,,,,,,,,,,,
20,,,25779,4.0,0.98580002784729,0.5199133157730103,0.054045964032411575,0.5683537125587463,0.5129315257072449,4.529439449310303,,4.475393295288086,,,96.0,,,,,,,,,,,
20,,,25789,4.0,0.9890499711036682,0.4972474277019501,0.04459339380264282,0.4945249855518341,0.5,4.4479546546936035,,4.4033613204956055,,,87.0,,,,,,,,,,,
20,,,25799,4.0,0.9762499928474426,0.57657790184021,0.07707969099283218,0.8935387134552002,0.545706033706665,5.641531944274902,,5.564452171325684,,,312.0,,,,,,,,,,,
20,,,25809,4.0,0.9714499711990356,0.657219648361206,0.07613953948020935,0.8388301730155945,0.6058372259140015,6.258785724639893,,6.18264627456665,,,291.0,,,,,,,,,,,
20,,,25819,4.0,0.9882500171661377,0.4970451295375824,0.06208469346165657,0.49412500858306885,0.5,4.351813793182373,,4.289729118347168,,,91.0,,,,,,,,,,,
20,,,25829,4.0,0.9837499856948853,0.5407188534736633,0.06201282888650894,0.7276060581207275,0.5243104100227356,5.3331499099731445,,5.271137237548828,,,237.0,,,,,,,,,,,
20,,,25839,4.0,0.9876000285148621,0.4968806505203247,0.05446993559598923,0.49407175183296204,0.4997217059135437,4.443343639373779,,4.38887357711792,,,127.0,,,,,,,,,,,
20,,,25849,4.0,0.9763500094413757,0.49401673674583435,0.08772224187850952,0.48817500472068787,0.5,5.036479473114014,,4.948757171630859,,,220.0,,,,,,,,,,,
20,,,25859,4.0,0.9728500247001648,0.49311909079551697,0.0902426615357399,0.4864250123500824,0.5,5.772821426391602,,5.6825785636901855,,,298.0,,,,,,,,,,,
20,,,25869,4.0,0.9658499956130981,0.4956670105457306,0.09725479781627655,0.9829224348068237,0.5021865963935852,5.574919700622559,,5.477664947509766,,,328.0,,,,,,,,,,,
20,,,25879,4.0,0.9787499904632568,0.6237550973892212,0.06252285838127136,0.8963468074798584,0.5763279795646667,5.6828413009643555,,5.620318412780762,,,326.0,,,,,,,,,,,
20,,,25889,4.0,0.9722999930381775,0.49297773838043213,0.08973102271556854,0.48614999651908875,0.5,5.798794269561768,,5.7090630531311035,,,260.0,,,,,,,,,,,
20,,,25899,4.0,0.9866499900817871,0.49664008617401123,0.059651825577020645,0.49332499504089355,0.5,5.06797981262207,,5.008327960968018,,,178.0,,,,,,,,,,,
20,,,25909,4.0,0.988099992275238,0.575018048286438,0.04446689039468765,0.733768105506897,0.546002984046936,4.651679039001465,,4.607212066650391,,,107.0,,,,,,,,,,,
20,,,25919,4.0,0.9643999934196472,0.6200478076934814,0.09605085104703903,0.6866429448127747,0.5905784368515015,5.300539016723633,,5.204488277435303,,,211.0,,,,,,,,,,,
20,,,25929,4.0,0.98580002784729,0.510122537612915,0.04713726043701172,0.8929232358932495,0.5069432854652405,4.639292240142822,,4.5921549797058105,,,129.0,,,,,,,,,,,
20,,,25939,4.0,0.9668999910354614,0.49158573150634766,0.12380790710449219,0.4836192727088928,0.4998190701007843,5.691164493560791,,5.567356586456299,,,305.0,,,,,,,,,,,
20,,,25949,4.0,0.9682999849319458,0.5516519546508789,0.07762390375137329,0.7834314703941345,0.5324296951293945,5.777015209197998,,5.6993913650512695,,,339.0,,,,,,,,,,,
20,,,25959,4.0,0.9889000058174133,0.5228497385978699,0.03943319991230965,0.9230445027351379,0.5131905674934387,4.507049083709717,,4.467616081237793,,,108.0,,,,,,,,,,,
20,,,25969,4.0,0.9876999855041504,0.5727646350860596,0.04893919453024864,0.7021579146385193,0.5456292033195496,4.547314643859863,,4.498375415802002,,,91.0,,,,,,,,,,,
20,,,25979,4.0,0.9599499702453613,0.6079256534576416,0.14579790830612183,0.7207283973693848,0.5751147270202637,5.854647159576416,,5.7088494300842285,,,352.0,,,,,,,,,,,
20,,,25989,4.0,0.9739500284194946,0.49531328678131104,0.0806041806936264,0.9869743585586548,0.5009578466415405,5.404962062835693,,5.324357986450195,,,288.0,,,,,,,,,,,
,8.961267311259666e-05,0.0008961267311259666,25998,,,,,,,,,,,,,,,,,,,,,,,
21,,,25999,4.0,0.990149974822998,0.6367146968841553,0.04202229902148247,0.6885022521018982,0.6076570153236389,4.094339370727539,,4.052317142486572,,,100.0,,,,,,,,,,,
21,,,26009,4.0,0.9932000041007996,0.4982942044734955,0.03795511648058891,0.49669933319091797,0.49989932775497437,4.2126665115356445,,4.174711227416992,,,87.0,,,,,,,,,,,
21,,,26019,4.0,0.9764000177383423,0.49402955174446106,0.0771520733833313,0.48820000886917114,0.5,5.762969493865967,,5.685817241668701,,,377.0,,,,,,,,,,,
21,,,26029,4.0,0.973800003528595,0.4990224242210388,0.08471915870904922,0.5587652921676636,0.5024852156639099,5.776444435119629,,5.691725254058838,,,374.0,,,,,,,,,,,
21,,,26039,4.0,0.9919499754905701,0.49797937273979187,0.034209199249744415,0.49597498774528503,0.5,3.97147536277771,,3.9372661113739014,,,91.0,,,,,,,,,,,
21,,,26049,4.0,0.9740999937057495,0.6752086877822876,0.08191847056150436,0.7163581252098083,0.6479398608207703,5.790258884429932,,5.708340644836426,,,364.0,,,,,,,,,,,
21,,,26059,4.0,0.9686999917030334,0.5667566061019897,0.08358366042375565,0.6057386994361877,0.5502746105194092,6.083808422088623,,6.000224590301514,,,256.0,,,,,,,,,,,
21,,,26069,4.0,0.9929999709129333,0.49824386835098267,0.03213714435696602,0.49669867753982544,0.4997986853122711,3.7562947273254395,,3.7241575717926025,,,53.0,,,,,,,,,,,
21,,,26079,4.0,0.9672999978065491,0.6175005435943604,0.08458752185106277,0.6487614512443542,0.597935140132904,5.577348232269287,,5.49276065826416,,,310.0,,,,,,,,,,,
21,,,26089,4.0,0.9754499793052673,0.4937862157821655,0.07514076679944992,0.48796898126602173,0.49974384903907776,5.7184062004089355,,5.643265247344971,,,353.0,,,,,,,,,,,
21,,,26099,4.0,0.9784500002861023,0.7120699882507324,0.07400456070899963,0.8367999196052551,0.6568001508712769,5.374125003814697,,5.3001203536987305,,,256.0,,,,,,,,,,,
21,,,26109,4.0,0.9728500247001648,0.5159616470336914,0.08589597791433334,0.8476489782333374,0.5116682052612305,5.626113414764404,,5.540217399597168,,,234.0,,,,,,,,,,,
21,,,26119,4.0,0.9838500022888184,0.5435451865196228,0.06010112166404724,0.5615701079368591,0.5341745615005493,4.448524475097656,,4.388423442840576,,,103.0,,,,,,,,,,,
21,,,26129,4.0,0.9816499948501587,0.5007603764533997,0.05202648788690567,0.6338039636611938,0.5026199221611023,5.5639424324035645,,5.511916160583496,,,264.0,,,,,,,,,,,
21,,,26139,4.0,0.9453499913215637,0.6707324385643005,0.12873820960521698,0.6376022100448608,0.7326422929763794,5.506679058074951,,5.377940654754639,,,268.0,,,,,,,,,,,
21,,,26149,4.0,0.9857500195503235,0.5468822121620178,0.046455882489681244,0.6367149353027344,0.5296381115913391,4.785262584686279,,4.73880672454834,,,121.0,,,,,,,,,,,
21,,,26159,4.0,0.9911999702453613,0.49779027700424194,0.0474858283996582,0.49711620807647705,0.4984661936759949,3.7661092281341553,,3.718623399734497,,,49.0,,,,,,,,,,,
21,,,26169,4.0,0.9779000282287598,0.49666523933410645,0.080731600522995,0.503344714641571,0.5003098249435425,5.276488304138184,,5.195756912231445,,,195.0,,,,,,,,,,,
21,,,26179,4.0,0.9747499823570251,0.4936067759990692,0.08430719375610352,0.4873993694782257,0.4999743402004242,5.682552814483643,,5.598245620727539,,,374.0,,,,,,,,,,,
21,,,26189,4.0,0.986549973487854,0.4966147243976593,0.05125834792852402,0.49337366223335266,0.49989867210388184,4.463839054107666,,4.412580490112305,,,115.0,,,,,,,,,,,
21,,,26199,4.0,0.9772999882698059,0.5738769769668579,0.06946878135204315,0.5933157801628113,0.5616050958633423,4.525376319885254,,4.455907344818115,,,133.0,,,,,,,,,,,
21,,,26209,4.0,0.9701499938964844,0.6731075644493103,0.08749458193778992,0.6766173839569092,0.6697473526000977,5.613003730773926,,5.525509357452393,,,283.0,,,,,,,,,,,
21,,,26219,4.0,0.9889000058174133,0.4972095191478729,0.05711458623409271,0.49445000290870667,0.5,4.394147872924805,,4.337033271789551,,,86.0,,,,,,,,,,,
21,,,26229,4.0,0.9814500212669373,0.49531909823417664,0.060262080281972885,0.49072501063346863,0.5,5.747237682342529,,5.686975479125977,,,256.0,,,,,,,,,,,
21,,,26239,4.0,0.9899500012397766,0.4974748194217682,0.04143116995692253,0.4949750006198883,0.5,4.585796356201172,,4.544365406036377,,,97.0,,,,,,,,,,,
21,,,26249,4.0,0.9765499830245972,0.4940679371356964,0.07015728950500488,0.4882994294166565,0.49997439980506897,5.706548690795898,,5.6363911628723145,,,322.0,,,,,,,,,,,
21,,,26259,4.0,0.9912499785423279,0.5143771171569824,0.03826955333352089,0.5710460543632507,0.508888304233551,3.800161838531494,,3.761892318725586,,,81.0,,,,,,,,,,,
21,,,26269,4.0,0.9950000047683716,0.6141305565834045,0.033495817333459854,0.765679121017456,0.5732027292251587,3.5908408164978027,,3.557344913482666,,,59.0,,,,,,,,,,,
21,,,26279,4.0,0.985450029373169,0.5129461884498596,0.04667093977332115,0.9927231669425964,0.5084459185600281,4.845198631286621,,4.798527717590332,,,214.0,,,,,,,,,,,
21,,,26289,4.0,0.9697499871253967,0.4923213720321655,0.0997612327337265,0.48494774103164673,0.49992266297340393,5.387402057647705,,5.2876410484313965,,,185.0,,,,,,,,,,,
21,,,26299,4.0,0.972350001335144,0.7069803476333618,0.0915643498301506,0.7647768259048462,0.6710445284843445,5.687733173370361,,5.5961689949035645,,,443.0,,,,,,,,,,,
21,,,26309,4.0,0.9700000286102295,0.49896320700645447,0.10147202759981155,0.984997034072876,0.503311276435852,5.672595500946045,,5.5711236000061035,,,292.0,,,,,,,,,,,
21,,,26319,4.0,0.9685999751091003,0.5534594655036926,0.09120062738656998,0.8339332342147827,0.5331996083259583,5.628693103790283,,5.537492275238037,,,310.0,,,,,,,,,,,
21,,,26329,4.0,0.9808499813079834,0.5003336668014526,0.07657479494810104,0.8237819075584412,0.5025786757469177,5.037748336791992,,4.9611735343933105,,,154.0,,,,,,,,,,,
21,,,26339,4.0,0.9819499850273132,0.49544641375541687,0.060388512909412384,0.49102410674095154,0.4999490976333618,4.818758010864258,,4.758369445800781,,,126.0,,,,,,,,,,,
21,,,26349,4.0,0.9692000150680542,0.4921795725822449,0.11913610994815826,0.48479393124580383,0.49979373812675476,6.193504333496094,,6.074368000030518,,,380.0,,,,,,,,,,,
21,,,26359,4.0,0.9639999866485596,0.490835040807724,0.10697063058614731,0.4822893738746643,0.499688982963562,5.659342288970947,,5.552371501922607,,,256.0,,,,,,,,,,,
21,,,26369,4.0,0.9647499918937683,0.5191322565078735,0.09657901525497437,0.5533554553985596,0.5142843127250671,5.138107776641846,,5.041528701782227,,,249.0,,,,,,,,,,,
21,,,26379,4.0,0.9922999739646912,0.49806755781173706,0.04293210059404373,0.49771779775619507,0.49841779470443726,3.532902479171753,,3.4899704456329346,,,42.0,,,,,,,,,,,
21,,,26389,4.0,0.9906499981880188,0.5081225037574768,0.037621159106492996,0.548377513885498,0.5053852796554565,4.325833797454834,,4.288212776184082,,,73.0,,,,,,,,,,,
21,,,26399,4.0,0.9635000228881836,0.5129486322402954,0.12935997545719147,0.9291511178016663,0.5113574266433716,5.689783096313477,,5.560422897338867,,,333.0,,,,,,,,,,,
21,,,26409,4.0,0.9690499901771545,0.49214088916778564,0.10276143997907639,0.48452499508857727,0.5,5.6169586181640625,,5.51419734954834,,,264.0,,,,,,,,,,,
21,,,26419,4.0,0.9781500101089478,0.6007669568061829,0.0695929005742073,0.773802638053894,0.5642592310905457,4.636067867279053,,4.566474914550781,,,141.0,,,,,,,,,,,
21,,,26429,4.0,0.9697999954223633,0.657464325428009,0.07558786869049072,0.8862295746803284,0.6030909419059753,5.850044250488281,,5.77445650100708,,,341.0,,,,,,,,,,,
21,,,26439,4.0,0.9712499976158142,0.6025826334953308,0.08386711776256561,0.8870446681976318,0.5631628036499023,5.413089752197266,,5.329222679138184,,,314.0,,,,,,,,,,,
21,,,26449,4.0,0.9699000120162964,0.49401527643203735,0.08248192816972733,0.9849492311477661,0.5008291602134705,5.443647861480713,,5.361166000366211,,,183.0,,,,,,,,,,,
21,,,26459,4.0,0.9600499868392944,0.48980894684791565,0.11296087503433228,0.4800249934196472,0.5,5.688715934753418,,5.5757551193237305,,,487.0,,,,,,,,,,,
21,,,26469,4.0,0.9646999835968018,0.49383243918418884,0.09440324455499649,0.9823482036590576,0.5014124512672424,5.728677272796631,,5.634274005889893,,,371.0,,,,,,,,,,,
21,,,26479,4.0,0.9720500111579895,0.49291345477104187,0.08379737287759781,0.48602500557899475,0.5,5.665719985961914,,5.58192253112793,,,261.0,,,,,,,,,,,
21,,,26489,4.0,0.979449987411499,0.5202104449272156,0.05876561254262924,0.9480772018432617,0.5130385756492615,5.4443254470825195,,5.385560035705566,,,244.0,,,,,,,,,,,
21,,,26499,4.0,0.9831500053405762,0.5237607955932617,0.047454506158828735,0.7549501061439514,0.514564037322998,4.708954334259033,,4.661499977111816,,,166.0,,,,,,,,,,,
21,,,26509,4.0,0.9706500172615051,0.505817174911499,0.07572856545448303,0.8853676915168762,0.5066938400268555,5.131515979766846,,5.055787563323975,,,287.0,,,,,,,,,,,
21,,,26519,4.0,0.982450008392334,0.6410120725631714,0.058557648211717606,0.8223822116851807,0.5923210382461548,4.785819053649902,,4.727261543273926,,,144.0,,,,,,,,,,,
21,,,26529,4.0,0.9737499952316284,0.5169392824172974,0.0636727437376976,0.747158944606781,0.5120493173599243,5.782602787017822,,5.718930244445801,,,326.0,,,,,,,,,,,
21,,,26539,4.0,0.9769999980926514,0.6617788076400757,0.05965176969766617,0.6954420208930969,0.6385191082954407,4.788613796234131,,4.728961944580078,,,160.0,,,,,,,,,,,
21,,,26549,4.0,0.9774500131607056,0.6601916551589966,0.09066285192966461,0.6977778673171997,0.6351959109306335,5.1309003829956055,,5.0402374267578125,,,195.0,,,,,,,,,,,
21,,,26559,4.0,0.9809499979019165,0.5531902313232422,0.05416566878557205,0.703163743019104,0.53273606300354,5.155877590179443,,5.101711750030518,,,219.0,,,,,,,,,,,
21,,,26569,4.0,0.9857000112533569,0.49639925360679626,0.06039655581116676,0.4928992986679077,0.49994927644729614,5.041842937469482,,4.981446266174316,,,122.0,,,,,,,,,,,
21,,,26579,4.0,0.9703500270843506,0.5210859179496765,0.097575843334198,0.7427176237106323,0.5147135257720947,5.558166027069092,,5.460590362548828,,,354.0,,,,,,,,,,,
21,,,26589,4.0,0.9735999703407288,0.49331170320510864,0.06920085102319717,0.4867999851703644,0.5,5.64907169342041,,5.579870700836182,,,343.0,,,,,,,,,,,
21,,,26599,4.0,0.9679999947547913,0.49497467279434204,0.09577121585607529,0.5245556831359863,0.5010221600532532,5.760229110717773,,5.66445779800415,,,221.0,,,,,,,,,,,
21,,,26609,4.0,0.9623000025749207,0.4903939366340637,0.09502433985471725,0.4811500012874603,0.5,5.668669700622559,,5.57364559173584,,,318.0,,,,,,,,,,,
21,,,26619,4.0,0.9788500070571899,0.4946559965610504,0.06987553834915161,0.48942500352859497,0.5,5.205175399780273,,5.1352996826171875,,,239.0,,,,,,,,,,,
21,,,26629,4.0,0.98785001039505,0.6507817506790161,0.04192148894071579,0.6358864307403564,0.6695241928100586,3.827026844024658,,3.7851054668426514,,,67.0,,,,,,,,,,,
21,,,26639,4.0,0.9779000282287598,0.5470374822616577,0.07424135506153107,0.8830463886260986,0.528020441532135,5.625804424285889,,5.551563262939453,,,364.0,,,,,,,,,,,
21,,,26649,4.0,0.9799500107765198,0.6897287368774414,0.06995796412229538,0.7214696407318115,0.6663144826889038,4.951143264770508,,4.881185531616211,,,144.0,,,,,,,,,,,
21,,,26659,4.0,0.9807999730110168,0.6421926617622375,0.06421386450529099,0.6983370184898376,0.6116871237754822,4.664195537567139,,4.599981784820557,,,132.0,,,,,,,,,,,
21,,,26669,4.0,0.9866999983787537,0.507681667804718,0.05253768339753151,0.8683736324310303,0.5055716633796692,4.4023613929748535,,4.349823474884033,,,156.0,,,,,,,,,,,
21,,,26679,4.0,0.9897500276565552,0.5498244762420654,0.043846677988767624,0.9564351439476013,0.5277525186538696,4.237537860870361,,4.193691253662109,,,110.0,,,,,,,,,,,
21,,,26689,4.0,0.9804999828338623,0.5801734328269958,0.0481434129178524,0.9902304410934448,0.5465116500854492,5.266671180725098,,5.218527793884277,,,245.0,,,,,,,,,,,
21,,,26699,4.0,0.9620500206947327,0.5912278294563293,0.0903177335858345,0.8297765254974365,0.5579460859298706,5.934525489807129,,5.844207763671875,,,301.0,,,,,,,,,,,
21,,,26709,4.0,0.9882500171661377,0.4970451295375824,0.05858459323644638,0.49526411294937134,0.49883902072906494,4.267467498779297,,4.208882808685303,,,146.0,,,,,,,,,,,
21,,,26719,4.0,0.9762499928474426,0.5063096284866333,0.06192683055996895,0.5770412683486938,0.5059062838554382,5.033929347991943,,4.9720025062561035,,,208.0,,,,,,,,,,,
21,,,26729,4.0,0.9855999946594238,0.6133871078491211,0.04667815566062927,0.8424600958824158,0.5698049664497375,5.550054550170898,,5.503376483917236,,,257.0,,,,,,,,,,,
21,,,26739,4.0,0.9773499965667725,0.5724727511405945,0.06742754578590393,0.7622368931770325,0.5447565913200378,5.04293966293335,,4.9755120277404785,,,207.0,,,,,,,,,,,
21,,,26749,4.0,0.9915000200271606,0.6149802803993225,0.03354519233107567,0.7286330461502075,0.5775569677352905,4.312938213348389,,4.279393196105957,,,91.0,,,,,,,,,,,
21,,,26759,4.0,0.9801499843597412,0.4974937438964844,0.06569892913103104,0.9900745153427124,0.5012562870979309,4.671968936920166,,4.606269836425781,,,146.0,,,,,,,,,,,
21,,,26769,4.0,0.960099995136261,0.49355173110961914,0.11063230037689209,0.8550710082054138,0.5018489360809326,5.902877330780029,,5.792244911193848,,,518.0,,,,,,,,,,,
21,,,26779,4.0,0.9749500155448914,0.49564582109451294,0.07363835722208023,0.9874743819236755,0.5009959936141968,5.3380446434021,,5.264406204223633,,,265.0,,,,,,,,,,,
21,,,26789,4.0,0.9825000166893005,0.6084069013595581,0.060332104563713074,0.6212118864059448,0.5981771945953369,4.708554267883301,,4.648221969604492,,,128.0,,,,,,,,,,,
21,,,26799,4.0,0.9818000197410583,0.49540820717811584,0.06505750119686127,0.4909000098705292,0.5,4.8540263175964355,,4.788969039916992,,,165.0,,,,,,,,,,,
21,,,26809,4.0,0.9753000140190125,0.654424786567688,0.08086788654327393,0.6722047924995422,0.6401902437210083,4.58299446105957,,4.502126693725586,,,171.0,,,,,,,,,,,
21,,,26819,4.0,0.9807999730110168,0.4951534867286682,0.0678502544760704,0.4903999865055084,0.5,4.731605529785156,,4.663755416870117,,,160.0,,,,,,,,,,,
21,,,26829,4.0,0.978950023651123,0.515180230140686,0.07813882827758789,0.5526861548423767,0.510665237903595,5.030684471130371,,4.952545642852783,,,225.0,,,,,,,,,,,
21,,,26839,4.0,0.9581999778747559,0.48932692408561707,0.10352107137441635,0.47909998893737793,0.5,5.338411808013916,,5.234890937805176,,,290.0,,,,,,,,,,,
21,,,26849,4.0,0.9710500240325928,0.5998179316520691,0.08693237602710724,0.9345506429672241,0.5606303215026855,5.190263271331787,,5.103331089019775,,,224.0,,,,,,,,,,,
21,,,26859,4.0,0.9937000274658203,0.6802353858947754,0.03026619553565979,0.9705783128738403,0.612449586391449,4.044719696044922,,4.014453411102295,,,106.0,,,,,,,,,,,
21,,,26869,4.0,0.9814500212669373,0.5058722496032715,0.056194886565208435,0.6575862169265747,0.5052458643913269,4.809370994567871,,4.753176212310791,,,228.0,,,,,,,,,,,
21,,,26879,4.0,0.9782000184059143,0.5226248502731323,0.05479707196354866,0.8954163193702698,0.5144972801208496,5.175444602966309,,5.120647430419922,,,229.0,,,,,,,,,,,
21,,,26889,4.0,0.9639999866485596,0.628597617149353,0.09413556754589081,0.8083223104476929,0.5855586528778076,5.1435418128967285,,5.049406051635742,,,287.0,,,,,,,,,,,
21,,,26899,4.0,0.9863499999046326,0.5107982158660889,0.0477440170943737,0.7432723045349121,0.5072246193885803,4.79121208190918,,4.743468284606934,,,140.0,,,,,,,,,,,
21,,,26909,4.0,0.9622499942779541,0.5865933299064636,0.11461394280195236,0.6180697679519653,0.5695987939834595,5.862634658813477,,5.748020648956299,,,371.0,,,,,,,,,,,
21,,,26919,4.0,0.9797499775886536,0.6545249223709106,0.05589913949370384,0.769481897354126,0.6100871562957764,5.3294596672058105,,5.273560523986816,,,192.0,,,,,,,,,,,
21,,,26929,4.0,0.979200005531311,0.6603127121925354,0.058152131736278534,0.9191314578056335,0.6021537184715271,5.044088363647461,,4.985936164855957,,,233.0,,,,,,,,,,,
21,,,26939,4.0,0.9673500061035156,0.6133261322975159,0.09898719191551208,0.8441765308380127,0.5721586346626282,5.796497344970703,,5.697510242462158,,,292.0,,,,,,,,,,,
21,,,26949,4.0,0.9728500247001648,0.49858254194259644,0.0966791957616806,0.5494343042373657,0.5023179650306702,5.352062225341797,,5.255383014678955,,,187.0,,,,,,,,,,,
21,,,26959,4.0,0.965399980545044,0.5888343453407288,0.09506385028362274,0.6410971283912659,0.5666823983192444,5.630875110626221,,5.535811424255371,,,359.0,,,,,,,,,,,
21,,,26969,4.0,0.9783999919891357,0.5693336725234985,0.06814253330230713,0.6011313199996948,0.5535740852355957,5.275656223297119,,5.207513809204102,,,188.0,,,,,,,,,,,
21,,,26979,4.0,0.9821000099182129,0.617834210395813,0.06982450932264328,0.5974476933479309,0.6501100063323975,4.790771007537842,,4.720946311950684,,,154.0,,,,,,,,,,,
21,,,26989,4.0,0.9667999744415283,0.5033211708068848,0.1404469907283783,0.5066986083984375,0.5032645463943481,5.481811046600342,,5.341363906860352,,,227.0,,,,,,,,,,,
21,,,26999,4.0,0.9606999754905701,0.4899780750274658,0.1698317527770996,0.480398029088974,0.4999479651451111,5.7598490715026855,,5.590017318725586,,,352.0,,,,,,,,,,,
21,,,27009,4.0,0.9780499935150146,0.524426281452179,0.10649053752422333,0.652518630027771,0.5157687067985535,5.694189548492432,,5.587698936462402,,,262.0,,,,,,,,,,,
21,,,27019,4.0,0.9757999777793884,0.5570419430732727,0.08861715346574783,0.6517062187194824,0.537371039390564,5.505284786224365,,5.416667461395264,,,139.0,,,,,,,,,,,
21,,,27029,4.0,0.9731500148773193,0.49319615960121155,0.10877805203199387,0.48657500743865967,0.5,6.055204391479492,,5.9464263916015625,,,350.0,,,,,,,,,,,
21,,,27039,4.0,0.9686499834060669,0.49203768372535706,0.12726236879825592,0.4848826229572296,0.4994070827960968,5.607217788696289,,5.479955196380615,,,317.0,,,,,,,,,,,
21,,,27049,4.0,0.9712499976158142,0.5667632222175598,0.09529799222946167,0.5842373371124268,0.5558618307113647,5.365481853485107,,5.27018404006958,,,237.0,,,,,,,,,,,
21,,,27059,4.0,0.9696999788284302,0.49230846762657166,0.11788569390773773,0.4852381944656372,0.4995878338813782,5.368722438812256,,5.2508368492126465,,,282.0,,,,,,,,,,,
21,,,27069,4.0,0.9637500047683716,0.49077022075653076,0.12171107530593872,0.48216429352760315,0.49968892335891724,5.80101203918457,,5.679300785064697,,,331.0,,,,,,,,,,,
21,,,27079,4.0,0.9894000291824341,0.49733588099479675,0.043476250022649765,0.49470001459121704,0.5,4.814646244049072,,4.771170139312744,,,147.0,,,,,,,,,,,
21,,,27089,4.0,0.9797999858856201,0.6897290945053101,0.060722626745700836,0.7330870032310486,0.6605520248413086,5.357330799102783,,5.296607971191406,,,278.0,,,,,,,,,,,
21,,,27099,4.0,0.9828000068664551,0.6373144388198853,0.06320275366306305,0.8014991283416748,0.5908221006393433,5.567815780639648,,5.504612922668457,,,140.0,,,,,,,,,,,
21,,,27109,4.0,0.978600025177002,0.6402633190155029,0.06680289655923843,0.6228427886962891,0.664008378982544,5.186420440673828,,5.119617462158203,,,124.0,,,,,,,,,,,
21,,,27119,4.0,0.9840499758720398,0.5441356301307678,0.06071111559867859,0.8968786001205444,0.5255007147789001,5.302722454071045,,5.242011547088623,,,242.0,,,,,,,,,,,
21,,,27129,4.0,0.9892500042915344,0.5585204362869263,0.06757836043834686,0.5807288885116577,0.546212375164032,4.358466625213623,,4.29088830947876,,,110.0,,,,,,,,,,,
21,,,27139,4.0,0.9727500081062317,0.512489914894104,0.11740102618932724,0.8302391767501831,0.5098533034324646,5.573558807373047,,5.456157684326172,,,289.0,,,,,,,,,,,
21,,,27149,4.0,0.9575999975204468,0.4891704022884369,0.16442854702472687,0.4787999987602234,0.5,6.168304443359375,,6.003875732421875,,,393.0,,,,,,,,,,,
21,,,27159,4.0,0.988349974155426,0.5254095196723938,0.05167755112051964,0.5601522326469421,0.5169482827186584,4.387382984161377,,4.335705280303955,,,80.0,,,,,,,,,,,
21,,,27169,4.0,0.9599000215530396,0.6667873859405518,0.13810233771800995,0.7298153042793274,0.6329017877578735,5.73584508895874,,5.597742557525635,,,343.0,,,,,,,,,,,
21,,,27179,4.0,0.9803500175476074,0.4950387477874756,0.09094499051570892,0.4901750087738037,0.5,5.499034881591797,,5.408090114593506,,,293.0,,,,,,,,,,,
21,,,27189,4.0,0.9674000144004822,0.4917149543762207,0.13039706647396088,0.4837000072002411,0.5,5.57280969619751,,5.442412853240967,,,217.0,,,,,,,,,,,
21,,,27199,4.0,0.9498999714851379,0.577096700668335,0.1245618537068367,0.5739664435386658,0.5805810689926147,5.569930076599121,,5.44536828994751,,,286.0,,,,,,,,,,,
21,,,27209,4.0,0.9702000021934509,0.49243730306625366,0.11382244527339935,0.48512426018714905,0.49997422099113464,5.533494472503662,,5.419672012329102,,,338.0,,,,,,,,,,,
21,,,27219,4.0,0.9641500115394592,0.5318321585655212,0.11027521640062332,0.5408949851989746,0.5267133712768555,5.334540367126465,,5.224265098571777,,,299.0,,,,,,,,,,,
21,,,27229,4.0,0.9659000039100647,0.6588919162750244,0.1289304494857788,0.7435203790664673,0.6202364563941956,5.877168655395508,,5.7482380867004395,,,263.0,,,,,,,,,,,
,8.864040551740158e-05,0.0008864040551740157,27236,,,,,,,,,,,,,,,,,,,,,,,
22,,,27239,4.0,0.9816499948501587,0.4953700304031372,0.06271163374185562,0.49082499742507935,0.5,5.1530070304870605,,5.090295314788818,,,197.0,,,,,,,,,,,
22,,,27249,4.0,0.9746999740600586,0.4935939610004425,0.08379664272069931,0.4873499870300293,0.5,5.770845890045166,,5.687049388885498,,,302.0,,,,,,,,,,,
22,,,27259,4.0,0.9571999907493591,0.4890660047531128,0.13847564160823822,0.47874361276626587,0.4998433291912079,6.123915672302246,,5.985440254211426,,,319.0,,,,,,,,,,,
22,,,27269,4.0,0.9697499871253967,0.4923213720321655,0.09997623413801193,0.48487499356269836,0.5,5.121978282928467,,5.022002220153809,,,296.0,,,,,,,,,,,
22,,,27279,4.0,0.9819499850273132,0.6038947701454163,0.08293230831623077,0.8162930607795715,0.5644159317016602,5.5258469581604,,5.4429144859313965,,,202.0,,,,,,,,,,,
22,,,27289,4.0,0.9743000268936157,0.49542900919914246,0.0818881094455719,0.6538647413253784,0.5009233355522156,5.093790531158447,,5.011902332305908,,,251.0,,,,,,,,,,,
22,,,27299,4.0,0.9800999760627747,0.4974747598171234,0.06945664435625076,0.7400740385055542,0.501230776309967,5.162049293518066,,5.092592716217041,,,178.0,,,,,,,,,,,
22,,,27309,4.0,0.9832000136375427,0.5899589657783508,0.045745160430669785,0.5781488418579102,0.6063844561576843,4.307911396026611,,4.2621660232543945,,,83.0,,,,,,,,,,,
22,,,27319,4.0,0.984000027179718,0.5051695704460144,0.06928253173828125,0.6076295971870422,0.504538357257843,5.002943515777588,,4.933660984039307,,,138.0,,,,,,,,,,,
22,,,27329,4.0,0.9818500280380249,0.5062016844749451,0.0895596444606781,0.568386971950531,0.5052374601364136,4.774659156799316,,4.6850996017456055,,,166.0,,,,,,,,,,,
22,,,27339,4.0,0.9753000140190125,0.4937477707862854,0.08966049551963806,0.4876500070095062,0.5,5.271509647369385,,5.181849002838135,,,225.0,,,,,,,,,,,
22,,,27349,4.0,0.9892500042915344,0.4972979724407196,0.043881118297576904,0.4946250021457672,0.5,4.7764129638671875,,4.732532024383545,,,153.0,,,,,,,,,,,
22,,,27359,4.0,0.9707499742507935,0.4925789535045624,0.11484421044588089,0.48537498712539673,0.5,6.084627151489258,,5.969782829284668,,,413.0,,,,,,,,,,,
22,,,27369,4.0,0.9800000190734863,0.49494948983192444,0.07401775568723679,0.49000000953674316,0.5,5.366035461425781,,5.292017936706543,,,284.0,,,,,,,,,,,
22,,,27379,4.0,0.9879999756813049,0.4969818890094757,0.06416935473680496,0.4943460524082184,0.49964600801467896,4.968839645385742,,4.904670238494873,,,119.0,,,,,,,,,,,
22,,,27389,4.0,0.9764500260353088,0.5104670524597168,0.095513254404068,0.8216513395309448,0.5083186030387878,4.996523380279541,,4.901010036468506,,,187.0,,,,,,,,,,,
22,,,27399,4.0,0.9800999760627747,0.4949750006198883,0.061402827501297,0.4900745153427124,0.49997448921203613,5.296932697296143,,5.235529899597168,,,170.0,,,,,,,,,,,
22,,,27409,4.0,0.9872999787330627,0.5157433152198792,0.06475116312503815,0.5366767048835754,0.5108657479286194,4.452437400817871,,4.387686252593994,,,121.0,,,,,,,,,,,
22,,,27419,4.0,0.9755499958992004,0.49381184577941895,0.07808943837881088,0.4877749979496002,0.5,5.9050116539001465,,5.826922416687012,,,332.0,,,,,,,,,,,
22,,,27429,4.0,0.9856500029563904,0.5944194197654724,0.045186322182416916,0.6146402359008789,0.5805036425590515,4.2232160568237305,,4.178029537200928,,,106.0,,,,,,,,,,,
22,,,27439,4.0,0.9831500053405762,0.4957517087459564,0.07653680443763733,0.4915750026702881,0.5,5.748188495635986,,5.671651840209961,,,231.0,,,,,,,,,,,
22,,,27449,4.0,0.9639999866485596,0.490835040807724,0.10802589356899261,0.4819999933242798,0.5,5.574113368988037,,5.466087341308594,,,301.0,,,,,,,,,,,
22,,,27459,4.0,0.9755499958992004,0.6123526692390442,0.10607527196407318,0.7135697603225708,0.5782727003097534,4.912810325622559,,4.806735038757324,,,256.0,,,,,,,,,,,
22,,,27469,4.0,0.958299994468689,0.49173855781555176,0.19583144783973694,0.5508641600608826,0.5009006857872009,6.2655439376831055,,6.0697126388549805,,,381.0,,,,,,,,,,,
22,,,27479,4.0,0.974049985408783,0.49342721700668335,0.13488554954528809,0.48739054799079895,0.49961531162261963,5.61175537109375,,5.476869583129883,,,369.0,,,,,,,,,,,
22,,,27489,4.0,0.979449987411499,0.4948091506958008,0.08819568902254105,0.4897249937057495,0.5,4.911080837249756,,4.822885036468506,,,184.0,,,,,,,,,,,
22,,,27499,4.0,0.9763500094413757,0.49401673674583435,0.0850670114159584,0.48817500472068787,0.5,5.233142375946045,,5.148075580596924,,,261.0,,,,,,,,,,,
22,,,27509,4.0,0.9415500164031982,0.6084288954734802,0.11062038689851761,0.5825012922286987,0.6732219457626343,5.843358039855957,,5.7327375411987305,,,363.0,,,,,,,,,,,
22,,,27519,4.0,0.9886999726295471,0.497158944606781,0.05228593200445175,0.49434998631477356,0.5,4.357123374938965,,4.304837226867676,,,109.0,,,,,,,,,,,
22,,,27529,4.0,0.9851499795913696,0.5658203959465027,0.05552852898836136,0.9370845556259155,0.5376596450805664,4.532956600189209,,4.477427959442139,,,129.0,,,,,,,,,,,
22,,,27539,4.0,0.9742500185966492,0.49347853660583496,0.09375160187482834,0.4871250092983246,0.5,5.089151859283447,,4.995400428771973,,,277.0,,,,,,,,,,,
22,,,27549,4.0,0.9605500102043152,0.48993903398513794,0.15023468434810638,0.4802750051021576,0.5,5.88109016418457,,5.730855464935303,,,354.0,,,,,,,,,,,
22,,,27559,4.0,0.9942499995231628,0.4985583424568176,0.03816011920571327,0.4971249997615814,0.5,3.8709444999694824,,3.832784414291382,,,47.0,,,,,,,,,,,
22,,,27569,4.0,0.9658499956130981,0.5460544228553772,0.11492466926574707,0.792342483997345,0.5293694138526917,5.33912467956543,,5.2241997718811035,,,304.0,,,,,,,,,,,
22,,,27579,4.0,0.9465000033378601,0.5588765144348145,0.1349209100008011,0.5725148320198059,0.5504421591758728,6.359559535980225,,6.22463846206665,,,287.0,,,,,,,,,,,
22,,,27589,4.0,0.9784500002861023,0.5058903098106384,0.06472407281398773,0.5983587503433228,0.5055212378501892,4.963071823120117,,4.898347854614258,,,221.0,,,,,,,,,,,
22,,,27599,4.0,0.9632499814033508,0.5408045649528503,0.171457439661026,0.6964596509933472,0.5270063281059265,5.760766506195068,,5.589309215545654,,,293.0,,,,,,,,,,,
22,,,27609,4.0,0.9789000153541565,0.49466875195503235,0.08999324589967728,0.48945000767707825,0.5,4.74934720993042,,4.659353733062744,,,143.0,,,,,,,,,,,
22,,,27619,4.0,0.9718999862670898,0.4928748905658722,0.12156902998685837,0.4859499931335449,0.5,5.207523345947266,,5.085954189300537,,,253.0,,,,,,,,,,,
22,,,27629,4.0,0.9747999906539917,0.4936196208000183,0.10292649269104004,0.48739999532699585,0.5,5.2213335037231445,,5.118407249450684,,,216.0,,,,,,,,,,,
22,,,27639,4.0,0.9732499718666077,0.521435022354126,0.0958399549126625,0.5183426737785339,0.5265385508537292,4.818222999572754,,4.72238302230835,,,113.0,,,,,,,,,,,
22,,,27649,4.0,0.9714499711990356,0.4945039749145508,0.10288915038108826,0.9857243299484253,0.5008741021156311,5.282681941986084,,5.179792881011963,,,197.0,,,,,,,,,,,
22,,,27659,4.0,0.9706000089645386,0.4959179759025574,0.1029827892780304,0.5764261484146118,0.5014894008636475,5.179253101348877,,5.07627010345459,,,233.0,,,,,,,,,,,
22,,,27669,4.0,0.9713500142097473,0.519173800945282,0.08280456066131592,0.8857607841491699,0.5135722160339355,6.328042030334473,,6.245237350463867,,,298.0,,,,,,,,,,,
22,,,27679,4.0,0.9840999841690063,0.5753521919250488,0.055379487574100494,0.6408773064613342,0.5525226593017578,4.707123279571533,,4.6517438888549805,,,124.0,,,,,,,,,,,
22,,,27689,4.0,0.9668499827384949,0.5405369400978088,0.12224295735359192,0.5583537817001343,0.5321041941642761,5.292854309082031,,5.170611381530762,,,191.0,,,,,,,,,,,
22,,,27699,4.0,0.9538000226020813,0.5360924005508423,0.15356750786304474,0.6230519413948059,0.5256041288375854,6.21081018447876,,6.0572428703308105,,,386.0,,,,,,,,,,,
22,,,27709,4.0,0.9536499977111816,0.5955959558486938,0.14064432680606842,0.6865843534469604,0.5680636763572693,5.965456962585449,,5.824812412261963,,,366.0,,,,,,,,,,,
22,,,27719,4.0,0.9844499826431274,0.6767627000808716,0.0665094405412674,0.8122702836990356,0.62480229139328,5.01025390625,,4.943744659423828,,,165.0,,,,,,,,,,,
22,,,27729,4.0,0.9695000052452087,0.5329089760780334,0.0859818309545517,0.5518600940704346,0.5253006815910339,5.857955455780029,,5.771973609924316,,,246.0,,,,,,,,,,,
22,,,27739,4.0,0.9692999720573425,0.49220535159111023,0.10464280843734741,0.48464998602867126,0.5,5.898072719573975,,5.793429851531982,,,346.0,,,,,,,,,,,
22,,,27749,4.0,0.9807000160217285,0.5462853908538818,0.07972753047943115,0.5971469283103943,0.5317368507385254,5.0846991539001465,,5.004971504211426,,,177.0,,,,,,,,,,,
22,,,27759,4.0,0.9822499752044678,0.49552276730537415,0.0745629146695137,0.4911249876022339,0.5,5.038412570953369,,4.9638495445251465,,,251.0,,,,,,,,,,,
22,,,27769,4.0,0.9909499883651733,0.5728427767753601,0.04390016570687294,0.5791454911231995,0.5675033926963806,4.318883895874023,,4.274983882904053,,,59.0,,,,,,,,,,,
22,,,27779,4.0,0.9799000024795532,0.49492397904396057,0.07758257538080215,0.4899500012397766,0.5,5.474143028259277,,5.3965606689453125,,,285.0,,,,,,,,,,,
22,,,27789,4.0,0.9836500287055969,0.4989181160926819,0.06040427088737488,0.5752809047698975,0.5014209151268005,5.00172758102417,,4.941323280334473,,,150.0,,,,,,,,,,,
22,,,27799,4.0,0.9706000089645386,0.4925403296947479,0.09088537842035294,0.4853728115558624,0.4999227523803711,5.832446575164795,,5.741561412811279,,,284.0,,,,,,,,,,,
22,,,27809,4.0,0.9888499975204468,0.49719688296318054,0.05391484871506691,0.4944249987602234,0.5,4.762625217437744,,4.708710193634033,,,100.0,,,,,,,,,,,
22,,,27819,4.0,0.9821000099182129,0.5219373106956482,0.07006597518920898,0.7690199017524719,0.5136852264404297,4.968976974487305,,4.898910999298096,,,168.0,,,,,,,,,,,
22,,,27829,4.0,0.9674000144004822,0.5036876201629639,0.13337765634059906,0.5244888663291931,0.5046225190162659,5.5409650802612305,,5.40758752822876,,,296.0,,,,,,,,,,,
22,,,27839,4.0,0.9646000266075134,0.4909905195236206,0.15055133402347565,0.4823000133037567,0.5,5.882103443145752,,5.7315521240234375,,,388.0,,,,,,,,,,,
22,,,27849,4.0,0.9721500277519226,0.5017557144165039,0.08957234025001526,0.9860715270042419,0.504448413848877,5.484386444091797,,5.3948140144348145,,,208.0,,,,,,,,,,,
22,,,27859,4.0,0.9718999862670898,0.6660764813423157,0.09570564329624176,0.8388064503669739,0.6133413910865784,5.869292259216309,,5.773586750030518,,,312.0,,,,,,,,,,,
22,,,27869,4.0,0.9722999930381775,0.49297773838043213,0.1015651598572731,0.48614999651908875,0.5,5.820136547088623,,5.718571186065674,,,318.0,,,,,,,,,,,
22,,,27879,4.0,0.9772999882698059,0.6120845675468445,0.08831069618463516,0.6061311960220337,0.6188133955001831,4.936468124389648,,4.8481574058532715,,,150.0,,,,,,,,,,,
22,,,27889,4.0,0.9887499809265137,0.5694122314453125,0.04261357709765434,0.611786961555481,0.5508968234062195,4.209350109100342,,4.166736602783203,,,107.0,,,,,,,,,,,
22,,,27899,4.0,0.971750020980835,0.4928363263607025,0.09066227078437805,0.4858750104904175,0.5,5.545220375061035,,5.4545578956604,,,388.0,,,,,,,,,,,
22,,,27909,4.0,0.9740999937057495,0.5120241045951843,0.09177297353744507,0.526414155960083,0.5092347264289856,5.704552173614502,,5.612779140472412,,,247.0,,,,,,,,,,,
22,,,27919,4.0,0.9872499704360962,0.4967920482158661,0.05076757073402405,0.4936249852180481,0.5,4.551021575927734,,4.500254154205322,,,121.0,,,,,,,,,,,
22,,,27929,4.0,0.9733499884605408,0.5006398558616638,0.07784135639667511,0.8866966962814331,0.5037056803703308,5.511413097381592,,5.433571815490723,,,357.0,,,,,,,,,,,
22,,,27939,4.0,0.9735999703407288,0.5661119818687439,0.0835968479514122,0.8281921148300171,0.5402209758758545,5.640109539031982,,5.556512832641602,,,290.0,,,,,,,,,,,
22,,,27949,4.0,0.9575499892234802,0.49033188819885254,0.11883286386728287,0.7287979125976562,0.500562846660614,5.955752849578857,,5.836919784545898,,,252.0,,,,,,,,,,,
22,,,27959,4.0,0.9781000018119812,0.4944643974304199,0.07293564081192017,0.4890500009059906,0.5,5.076301097869873,,5.003365516662598,,,276.0,,,,,,,,,,,
22,,,27969,4.0,0.9936000108718872,0.5717273354530334,0.03959396108984947,0.6056375503540039,0.5545505881309509,3.963681221008301,,3.9240872859954834,,,35.0,,,,,,,,,,,
22,,,27979,4.0,0.9894000291824341,0.49733588099479675,0.05518992990255356,0.4950960874557495,0.4995960295200348,4.433394908905029,,4.378204822540283,,,102.0,,,,,,,,,,,
22,,,27989,4.0,0.9737499952316284,0.504521369934082,0.068912573158741,0.986871063709259,0.505649745464325,4.99856424331665,,4.929651737213135,,,222.0,,,,,,,,,,,
22,,,27999,4.0,0.9603000283241272,0.5068984031677246,0.12451355159282684,0.7496553659439087,0.508481502532959,5.756229400634766,,5.631715774536133,,,380.0,,,,,,,,,,,
22,,,28009,4.0,0.9327999949455261,0.542742133140564,0.17199577391147614,0.5380446910858154,0.549878716468811,5.335394859313965,,5.1633992195129395,,,248.0,,,,,,,,,,,
22,,,28019,4.0,0.9815000295639038,0.5135593414306641,0.06378042697906494,0.5181551575660706,0.5111890435218811,4.670844078063965,,4.6070637702941895,,,134.0,,,,,,,,,,,
22,,,28029,4.0,0.9904000163078308,0.5908060669898987,0.04475192353129387,0.8882006406784058,0.5527330636978149,4.2437920570373535,,4.199039936065674,,,112.0,,,,,,,,,,,
22,,,28039,4.0,0.9786499738693237,0.5232989192008972,0.0807294249534607,0.6378054618835449,0.5151012539863586,4.875674724578857,,4.794945240020752,,,161.0,,,,,,,,,,,
22,,,28049,4.0,0.9787499904632568,0.5213532447814941,0.06795153021812439,0.8894420862197876,0.5137482285499573,4.982696056365967,,4.9147443771362305,,,221.0,,,,,,,,,,,
22,,,28059,4.0,0.977649986743927,0.5552442073822021,0.0681353360414505,0.7281028628349304,0.534040629863739,5.504382133483887,,5.436246871948242,,,300.0,,,,,,,,,,,
22,,,28069,4.0,0.9668499827384949,0.4915728271007538,0.13399147987365723,0.48342499136924744,0.5,5.689282417297363,,5.555291175842285,,,301.0,,,,,,,,,,,
22,,,28079,4.0,0.9785000085830688,0.5679690837860107,0.0933929905295372,0.6248361468315125,0.5480875372886658,5.446691989898682,,5.353299140930176,,,169.0,,,,,,,,,,,
22,,,28089,4.0,0.9678500294685364,0.4918311834335327,0.12022151798009872,0.4839250147342682,0.5,5.088420391082764,,4.968198776245117,,,235.0,,,,,,,,,,,
22,,,28099,4.0,0.9718999862670898,0.5352107286453247,0.08358640223741531,0.9674375057220459,0.5221207737922668,6.130598545074463,,6.0470123291015625,,,287.0,,,,,,,,,,,
22,,,28109,4.0,0.9574000239372253,0.5125964879989624,0.11991589516401291,0.9786776304244995,0.5120275020599365,5.7497148513793945,,5.629798889160156,,,396.0,,,,,,,,,,,
22,,,28119,4.0,0.975600004196167,0.49382466077804565,0.08125312626361847,0.4878000020980835,0.5,5.8061442375183105,,5.724891185760498,,,254.0,,,,,,,,,,,
22,,,28129,4.0,0.978950023651123,0.5515163540840149,0.06472259014844894,0.6175973415374756,0.5346472859382629,4.782095432281494,,4.717372894287109,,,190.0,,,,,,,,,,,
22,,,28139,4.0,0.9737499952316284,0.49335020780563354,0.08377700299024582,0.4868749976158142,0.5,5.394119739532471,,5.310342788696289,,,234.0,,,,,,,,,,,
22,,,28149,4.0,0.9613000154495239,0.4901340901851654,0.13608887791633606,0.48065000772476196,0.5,5.772841453552246,,5.636752605438232,,,369.0,,,,,,,,,,,
22,,,28159,4.0,0.977649986743927,0.4965762197971344,0.08990918099880219,0.5131233334541321,0.500657320022583,5.41077184677124,,5.320862770080566,,,286.0,,,,,,,,,,,
22,,,28169,4.0,0.9813500046730042,0.5780588388442993,0.06171819567680359,0.5889847874641418,0.5696796774864197,4.653031349182129,,4.591313362121582,,,123.0,,,,,,,,,,,
22,,,28179,4.0,0.9768999814987183,0.5339922308921814,0.08174262195825577,0.6024906635284424,0.5224516987800598,4.773805141448975,,4.6920623779296875,,,263.0,,,,,,,,,,,
22,,,28189,4.0,0.980650007724762,0.4951152503490448,0.07753106951713562,0.490325003862381,0.5,5.40872859954834,,5.331197738647461,,,184.0,,,,,,,,,,,
22,,,28199,4.0,0.979200005531311,0.4947453439235687,0.08544371277093887,0.4896000027656555,0.5,5.265463352203369,,5.180019855499268,,,265.0,,,,,,,,,,,
22,,,28209,4.0,0.9743499755859375,0.49350419640541077,0.08080646395683289,0.48717498779296875,0.5,5.355401039123535,,5.274594783782959,,,247.0,,,,,,,,,,,
22,,,28219,4.0,0.9595999717712402,0.48969176411628723,0.12896806001663208,0.4798239767551422,0.49997395277023315,5.964340686798096,,5.835372447967529,,,402.0,,,,,,,,,,,
22,,,28229,4.0,0.977649986743927,0.5009710192680359,0.083842933177948,0.5518372058868408,0.5029600262641907,4.985310077667236,,4.901467323303223,,,187.0,,,,,,,,,,,
22,,,28239,4.0,0.9793999791145325,0.49479639530181885,0.06982368975877762,0.48969998955726624,0.5,5.012444496154785,,4.942620754241943,,,183.0,,,,,,,,,,,
22,,,28249,4.0,0.9726499915122986,0.5174105763435364,0.07582664489746094,0.8981531858444214,0.512467622756958,5.534753322601318,,5.458926677703857,,,331.0,,,,,,,,,,,
22,,,28259,4.0,0.9719499945640564,0.5084285736083984,0.14555716514587402,0.5555400848388672,0.5073094367980957,5.597378730773926,,5.451821804046631,,,322.0,,,,,,,,,,,
22,,,28269,4.0,0.9797000288963318,0.4973236620426178,0.06940805912017822,0.739874005317688,0.5012060403823853,5.122804164886475,,5.053396224975586,,,270.0,,,,,,,,,,,
22,,,28279,4.0,0.9886999726295471,0.497158944606781,0.04914996027946472,0.49434998631477356,0.5,4.662481307983398,,4.613331317901611,,,127.0,,,,,,,,,,,
22,,,28289,4.0,0.9448999762535095,0.5399929285049438,0.13585302233695984,0.5299155116081238,0.5837271809577942,5.8535943031311035,,5.7177414894104,,,222.0,,,,,,,,,,,
22,,,28299,4.0,0.9693499803543091,0.5285173654556274,0.08822722733020782,0.7927131056785583,0.5189055800437927,5.458917140960693,,5.370689868927002,,,317.0,,,,,,,,,,,
22,,,28309,4.0,0.9606999754905701,0.5209910273551941,0.14495374262332916,0.8319404125213623,0.5159432291984558,5.78169584274292,,5.636742115020752,,,325.0,,,,,,,,,,,
22,,,28319,4.0,0.9938499927520752,0.49845775961875916,0.03789900615811348,0.4973975419998169,0.49952250719070435,3.803556203842163,,3.7656571865081787,,,57.0,,,,,,,,,,,
22,,,28329,4.0,0.9794999957084656,0.4948219358921051,0.08892988413572311,0.4897499978542328,0.5,5.484379768371582,,5.395450115203857,,,281.0,,,,,,,,,,,
22,,,28339,4.0,0.9903500080108643,0.5174757838249207,0.053598590195178986,0.8285568952560425,0.5102059245109558,4.555215835571289,,4.501617431640625,,,97.0,,,,,,,,,,,
22,,,28349,4.0,0.980400025844574,0.5475571751594543,0.07661794871091843,0.6017329096794128,0.5324498414993286,5.222744464874268,,5.146126747131348,,,157.0,,,,,,,,,,,
22,,,28359,4.0,0.9763000011444092,0.6028947830200195,0.06918109953403473,0.757803201675415,0.5668627023696899,5.672361850738525,,5.603180885314941,,,345.0,,,,,,,,,,,
22,,,28369,4.0,0.9850500226020813,0.5185972452163696,0.06555677205324173,0.9925223588943481,0.5114378929138184,4.855026721954346,,4.7894697189331055,,,178.0,,,,,,,,,,,
22,,,28379,4.0,0.9749000072479248,0.5322414040565491,0.09011844545602798,0.5876749157905579,0.5218294262886047,5.198975086212158,,5.108856678009033,,,235.0,,,,,,,,,,,
22,,,28389,4.0,0.9675499796867371,0.4917536973953247,0.10402731597423553,0.48377498984336853,0.5,5.323085308074951,,5.219058036804199,,,295.0,,,,,,,,,,,
22,,,28399,4.0,0.9390000104904175,0.48427024483680725,0.23794019222259521,0.46950000524520874,0.5,6.522947788238525,,6.285007476806641,,,375.0,,,,,,,,,,,
22,,,28409,4.0,0.9713000059127808,0.6089984178543091,0.10377869009971619,0.6150680780410767,0.6035969257354736,4.972808361053467,,4.869029521942139,,,162.0,,,,,,,,,,,
22,,,28419,4.0,0.9757000207901001,0.535352885723114,0.09123118966817856,0.7129865884780884,0.5221773982048035,5.560821056365967,,5.469589710235596,,,237.0,,,,,,,,,,,
22,,,28429,4.0,0.9753000140190125,0.4937477707862854,0.08033089339733124,0.4876500070095062,0.5,5.004046440124512,,4.923715591430664,,,240.0,,,,,,,,,,,
22,,,28439,4.0,0.9922000169754028,0.5043713450431824,0.05153248459100723,0.6628161072731018,0.5031754374504089,4.762732028961182,,4.711199760437012,,,91.0,,,,,,,,,,,
22,,,28449,4.0,0.9519000053405762,0.4876786768436432,0.15377938747406006,0.4759500026702881,0.5,5.747870445251465,,5.594090938568115,,,332.0,,,,,,,,,,,
22,,,28459,4.0,0.9716500043869019,0.49281057715415955,0.08941246569156647,0.4858250021934509,0.5,5.886635780334473,,5.797223091125488,,,335.0,,,,,,,,,,,
22,,,28469,4.0,0.9876000285148621,0.6233800649642944,0.05413588881492615,0.6462235450744629,0.6069012880325317,4.159237861633301,,4.105102062225342,,,110.0,,,,,,,,,,,
,8.763049794670775e-05,0.0008763049794670775,28474,,,,,,,,,,,,,,,,,,,,,,,
23,,,28479,4.0,0.9772499799728394,0.49424704909324646,0.08973027765750885,0.4886249899864197,0.5,5.072658061981201,,4.9829277992248535,,,226.0,,,,,,,,,,,
23,,,28489,4.0,0.9544500112533569,0.6298595666885376,0.1566028743982315,0.6049218773841858,0.6752089858055115,5.869407653808594,,5.712804794311523,,,344.0,,,,,,,,,,,
23,,,28499,4.0,0.9791499972343445,0.4947325885295868,0.07034275680780411,0.4907774031162262,0.49875202775001526,5.14616060256958,,5.075818061828613,,,206.0,,,,,,,,,,,
23,,,28509,4.0,0.9811999797821045,0.49525541067123413,0.05594960227608681,0.49059998989105225,0.5,4.681009769439697,,4.625060081481934,,,216.0,,,,,,,,,,,
23,,,28519,4.0,0.9535999894142151,0.5700508952140808,0.11479070037603378,0.5797972083091736,0.5628154277801514,5.803530693054199,,5.688739776611328,,,319.0,,,,,,,,,,,
23,,,28529,4.0,0.9872999787330627,0.5229229927062988,0.04486428201198578,0.9936478137969971,0.5134099721908569,5.0039849281311035,,4.959120750427246,,,172.0,,,,,,,,,,,
23,,,28539,4.0,0.9674999713897705,0.5761119723320007,0.08316846936941147,0.7212127447128296,0.5494905114173889,5.298140048980713,,5.214971542358398,,,283.0,,,,,,,,,,,
23,,,28549,4.0,0.9876000285148621,0.7769975066184998,0.0640208050608635,0.7731802463531494,0.7809275388717651,5.192051887512207,,5.128031253814697,,,200.0,,,,,,,,,,,
23,,,28559,4.0,0.9744499921798706,0.5247169137001038,0.09049656242132187,0.8920736312866211,0.5161186456680298,5.5481743812561035,,5.457677841186523,,,351.0,,,,,,,,,,,
23,,,28569,4.0,0.9868500232696533,0.4966907501220703,0.06587807089090347,0.49342501163482666,0.5,4.806271553039551,,4.74039363861084,,,115.0,,,,,,,,,,,
23,,,28579,4.0,0.9815999865531921,0.6302619576454163,0.06262119114398956,0.7424486875534058,0.5906594395637512,5.114931106567383,,5.052309989929199,,,289.0,,,,,,,,,,,
23,,,28589,4.0,0.9872999787330627,0.49680471420288086,0.06428682059049606,0.49364998936653137,0.5,4.521209716796875,,4.456923007965088,,,119.0,,,,,,,,,,,
23,,,28599,4.0,0.9869999885559082,0.4967287480831146,0.0638180822134018,0.4934999942779541,0.5,4.844865798950195,,4.781047821044922,,,151.0,,,,,,,,,,,
23,,,28609,4.0,0.9712499976158142,0.49270766973495483,0.0885588526725769,0.4856249988079071,0.5,5.65535831451416,,5.566799640655518,,,372.0,,,,,,,,,,,
23,,,28619,4.0,0.9447500109672546,0.4902757406234741,0.16195951402187347,0.9723681211471558,0.5022522807121277,6.08303689956665,,5.921077251434326,,,465.0,,,,,,,,,,,
23,,,28629,4.0,0.973800003528595,0.49336305260658264,0.09758809953927994,0.48692435026168823,0.4999743402004242,5.467806816101074,,5.370218753814697,,,318.0,,,,,,,,,,,
23,,,28639,4.0,0.9739500284194946,0.6280117034912109,0.11459813266992569,0.7283003926277161,0.5910560488700867,5.865758419036865,,5.751160144805908,,,326.0,,,,,,,,,,,
23,,,28649,4.0,0.9764999747276306,0.4940551519393921,0.096619613468647,0.4882499873638153,0.5,5.180022716522217,,5.08340311050415,,,183.0,,,,,,,,,,,
23,,,28659,4.0,0.9763500094413757,0.49401673674583435,0.08449137210845947,0.48817500472068787,0.5,5.274529933929443,,5.190038681030273,,,232.0,,,,,,,,,,,
23,,,28669,4.0,0.9894499778747559,0.5836200714111328,0.0388740673661232,0.8093270063400269,0.5496714115142822,4.477139472961426,,4.438265323638916,,,104.0,,,,,,,,,,,
23,,,28679,4.0,0.9866499900817871,0.49664008617401123,0.05149642378091812,0.49332499504089355,0.5,4.969979763031006,,4.918483257293701,,,145.0,,,,,,,,,,,
23,,,28689,4.0,0.9691500067710876,0.6163646578788757,0.1346491277217865,0.6464539170265198,0.597288191318512,6.1561665534973145,,6.021517276763916,,,272.0,,,,,,,,,,,
23,,,28699,4.0,0.9755499958992004,0.5418628454208374,0.08296271413564682,0.6221767663955688,0.5275046229362488,5.054652214050293,,4.971689701080322,,,214.0,,,,,,,,,,,
23,,,28709,4.0,0.96875,0.5770309567451477,0.12388122826814651,0.8657636046409607,0.5473152995109558,5.761544704437256,,5.6376633644104,,,312.0,,,,,,,,,,,
23,,,28719,4.0,0.9774500131607056,0.5312539935112,0.09905614703893661,0.863861620426178,0.5192849040031433,5.409967422485352,,5.310911178588867,,,160.0,,,,,,,,,,,
23,,,28729,4.0,0.968500018119812,0.49199897050857544,0.11276198923587799,0.48461344838142395,0.49961310625076294,5.576367378234863,,5.4636054039001465,,,252.0,,,,,,,,,,,
23,,,28739,4.0,0.9728000164031982,0.49310624599456787,0.10042067617177963,0.4864000082015991,0.5,5.070164680480957,,4.9697442054748535,,,253.0,,,,,,,,,,,
23,,,28749,4.0,0.9730499982833862,0.5093253254890442,0.08481217920780182,0.7236045598983765,0.5081074237823486,5.568296909332275,,5.483484745025635,,,202.0,,,,,,,,,,,
23,,,28759,4.0,0.9756500124931335,0.535261869430542,0.07959204167127609,0.8428701162338257,0.5217692255973816,5.261473178863525,,5.181880950927734,,,198.0,,,,,,,,,,,
23,,,28769,4.0,0.9609000086784363,0.6147236227989197,0.11815871298313141,0.8681472539901733,0.5733773112297058,5.7238054275512695,,5.60564661026001,,,370.0,,,,,,,,,,,
23,,,28779,4.0,0.9735000133514404,0.49328604340553284,0.07794196158647537,0.4867500066757202,0.5,5.626352310180664,,5.548410415649414,,,340.0,,,,,,,,,,,
23,,,28789,4.0,0.9641000032424927,0.4908609688282013,0.12042653560638428,0.48205000162124634,0.5,5.709667682647705,,5.589241027832031,,,287.0,,,,,,,,,,,
23,,,28799,4.0,0.9589999914169312,0.48953548073768616,0.12371606379747391,0.4796198904514313,0.499869704246521,5.791159152984619,,5.66744327545166,,,353.0,,,,,,,,,,,
23,,,28809,4.0,0.9772499799728394,0.49424704909324646,0.06558429449796677,0.4886983036994934,0.4999232590198517,6.187252521514893,,6.121668338775635,,,245.0,,,,,,,,,,,
23,,,28819,4.0,0.9731500148773193,0.5196459889411926,0.07751955091953278,0.9033046364784241,0.5135840773582458,5.378320217132568,,5.300800800323486,,,305.0,,,,,,,,,,,
23,,,28829,4.0,0.9674000144004822,0.5960475206375122,0.08716839551925659,0.5919239521026611,0.6006168723106384,4.982238292694092,,4.8950700759887695,,,229.0,,,,,,,,,,,
23,,,28839,4.0,0.9634000062942505,0.5559738874435425,0.1078764796257019,0.5753127932548523,0.5455062389373779,5.838372230529785,,5.730495929718018,,,296.0,,,,,,,,,,,
23,,,28849,4.0,0.9914500117301941,0.4978533089160919,0.03988027200102806,0.4988427758216858,0.4968678057193756,2.8121044635772705,,2.772224187850952,,,15.0,,,,,,,,,,,
23,,,28859,4.0,0.978950023651123,0.49468153715133667,0.09554145485162735,0.4894994795322418,0.49997445940971375,6.030701160430908,,5.935159683227539,,,389.0,,,,,,,,,,,
23,,,28869,4.0,0.9682499766349792,0.4919344484806061,0.09461140632629395,0.4841249883174896,0.5,5.279989242553711,,5.185377597808838,,,320.0,,,,,,,,,,,
23,,,28879,4.0,0.9786499738693237,0.5191007852554321,0.06489641964435577,0.947676956653595,0.512560248374939,5.217501640319824,,5.152605056762695,,,236.0,,,,,,,,,,,
23,,,28889,4.0,0.9911999702453613,0.49779027700424194,0.04111187532544136,0.49559998512268066,0.5,4.2108869552612305,,4.169775009155273,,,118.0,,,,,,,,,,,
23,,,28899,4.0,0.9714499711990356,0.4927591383457184,0.11010053753852844,0.4857249855995178,0.5,5.402462959289551,,5.292362213134766,,,299.0,,,,,,,,,,,
23,,,28909,4.0,0.974049985408783,0.5207446217536926,0.08675297349691391,0.518048882484436,0.5249202847480774,4.64523458480835,,4.558481693267822,,,102.0,,,,,,,,,,,
23,,,28919,4.0,0.9728500247001648,0.49677470326423645,0.08107250183820724,0.5079777240753174,0.5008030533790588,5.31116247177124,,5.230090141296387,,,291.0,,,,,,,,,,,
23,,,28929,4.0,0.9690999984741211,0.5001136064529419,0.0970456525683403,0.5387575626373291,0.5032215118408203,5.676007270812988,,5.5789618492126465,,,276.0,,,,,,,,,,,
23,,,28939,4.0,0.9691500067710876,0.492166668176651,0.10804387181997299,0.4845750033855438,0.5,5.742978096008301,,5.634934425354004,,,251.0,,,,,,,,,,,
23,,,28949,4.0,0.9581000208854675,0.5247600674629211,0.12269085645675659,0.8894408345222473,0.5183570981025696,5.900641441345215,,5.777950763702393,,,277.0,,,,,,,,,,,
23,,,28959,4.0,0.982450008392334,0.5012070536613464,0.06548012793064117,0.6912978291511536,0.5027807950973511,4.661555290222168,,4.596075057983398,,,169.0,,,,,,,,,,,
23,,,28969,4.0,0.9666500091552734,0.49152112007141113,0.11905874311923981,0.4833250045776367,0.5,5.828191757202148,,5.709133148193359,,,338.0,,,,,,,,,,,
23,,,28979,4.0,0.9488999843597412,0.4888380169868469,0.1376611739397049,0.7244949340820312,0.5009257793426514,6.113633632659912,,5.975972652435303,,,545.0,,,,,,,,,,,
23,,,28989,4.0,0.954200029373169,0.5453061461448669,0.13589102029800415,0.6811773777008057,0.5309446454048157,6.014737606048584,,5.878846645355225,,,382.0,,,,,,,,,,,
23,,,28999,4.0,0.9776999950408936,0.5178632736206055,0.07344186305999756,0.9119697213172913,0.5120367407798767,5.618795871734619,,5.545353889465332,,,246.0,,,,,,,,,,,
23,,,29009,4.0,0.9711499810218811,0.4961235523223877,0.09228741377592087,0.9855735301971436,0.5017271041870117,6.051370620727539,,5.959083080291748,,,257.0,,,,,,,,,,,
23,,,29019,4.0,0.9641000032424927,0.49224936962127686,0.124107226729393,0.508799135684967,0.5002469420433044,5.79402494430542,,5.669917583465576,,,390.0,,,,,,,,,,,
23,,,29029,4.0,0.9889500141143799,0.5894696116447449,0.038813214749097824,0.5754975080490112,0.6102175712585449,3.708913564682007,,3.670100450515747,,,39.0,,,,,,,,,,,
23,,,29039,4.0,0.9756500124931335,0.5246610045433044,0.08038244396448135,0.987815260887146,0.5159045457839966,4.8531599044799805,,4.772777557373047,,,204.0,,,,,,,,,,,
23,,,29049,4.0,0.9636499881744385,0.4907442629337311,0.10760016739368439,0.48182499408721924,0.5,6.177276134490967,,6.069675922393799,,,371.0,,,,,,,,,,,
23,,,29059,4.0,0.9866999983787537,0.521651566028595,0.04637628421187401,0.8116282224655151,0.5129097700119019,5.332767963409424,,5.286391735076904,,,175.0,,,,,,,,,,,
23,,,29069,4.0,0.9711499810218811,0.5575226545333862,0.08520305156707764,0.8070240616798401,0.5354554057121277,5.409060478210449,,5.323857307434082,,,240.0,,,,,,,,,,,
23,,,29079,4.0,0.9766499996185303,0.49409353733062744,0.07251422852277756,0.48832499980926514,0.5,4.636786937713623,,4.564272880554199,,,199.0,,,,,,,,,,,
23,,,29089,4.0,0.9850500226020813,0.5333837866783142,0.08303672820329666,0.686537504196167,0.5200659036636353,4.664901256561279,,4.581864356994629,,,179.0,,,,,,,,,,,
23,,,29099,4.0,0.9771000146865845,0.4942086935043335,0.06246679648756981,0.48855000734329224,0.5,5.790610313415527,,5.728143692016602,,,288.0,,,,,,,,,,,
23,,,29109,4.0,0.9549000263214111,0.5117077231407166,0.13992221653461456,0.746172308921814,0.511657178401947,5.803899765014648,,5.66397762298584,,,479.0,,,,,,,,,,,
23,,,29119,4.0,0.972000002861023,0.554015040397644,0.0836099237203598,0.8010493516921997,0.5332621335983276,5.1723408699035645,,5.088730812072754,,,260.0,,,,,,,,,,,
23,,,29129,4.0,0.9716500043869019,0.49281057715415955,0.08673754334449768,0.4858250021934509,0.5,5.593094825744629,,5.506357192993164,,,240.0,,,,,,,,,,,
23,,,29139,4.0,0.9827499985694885,0.4956499934196472,0.05855358764529228,0.49137499928474426,0.5,4.887836933135986,,4.829283237457275,,,179.0,,,,,,,,,,,
23,,,29149,4.0,0.9829000234603882,0.6333858370780945,0.06185333803296089,0.6512227058410645,0.619483232498169,4.427223205566406,,4.36536979675293,,,152.0,,,,,,,,,,,
23,,,29159,4.0,0.9829000234603882,0.7259401082992554,0.0634312704205513,0.8081800937652588,0.6793979406356812,5.719117164611816,,5.655685901641846,,,335.0,,,,,,,,,,,
23,,,29169,4.0,0.953000009059906,0.49218419194221497,0.16637888550758362,0.5511180758476257,0.5015687942504883,6.165790557861328,,5.999411582946777,,,346.0,,,,,,,,,,,
23,,,29179,4.0,0.9751499891281128,0.5760466456413269,0.09805150330066681,0.8536564111709595,0.5459393262863159,5.654195308685303,,5.556143760681152,,,351.0,,,,,,,,,,,
23,,,29189,4.0,0.9767500162124634,0.5225125551223755,0.07276549190282822,0.821871280670166,0.5146512985229492,5.462515830993652,,5.3897504806518555,,,362.0,,,,,,,,,,,
23,,,29199,4.0,0.9800999760627747,0.5364450812339783,0.07406341284513474,0.9900410175323486,0.5216346383094788,5.07568883895874,,5.0016255378723145,,,177.0,,,,,,,,,,,
23,,,29209,4.0,0.9887999892234802,0.49718421697616577,0.05667075142264366,0.4943999946117401,0.5,5.145866394042969,,5.089195728302002,,,178.0,,,,,,,,,,,
23,,,29219,4.0,0.9818999767303467,0.503585159778595,0.05614769831299782,0.8659732341766357,0.5040954351425171,5.468397617340088,,5.41225004196167,,,222.0,,,,,,,,,,,
23,,,29229,4.0,0.9831500053405762,0.5669925212860107,0.06700468063354492,0.5979146361351013,0.5515536069869995,4.7628703117370605,,4.695865631103516,,,112.0,,,,,,,,,,,
23,,,29239,4.0,0.977649986743927,0.4943493604660034,0.09480482339859009,0.4888249933719635,0.5,5.292107105255127,,5.197302341461182,,,162.0,,,,,,,,,,,
23,,,29249,4.0,0.9805999994277954,0.5101010203361511,0.06129851192235947,0.8653461337089539,0.5076020956039429,4.8145928382873535,,4.753294467926025,,,168.0,,,,,,,,,,,
23,,,29259,4.0,0.9921000003814697,0.49801716208457947,0.05070318654179573,0.49605000019073486,0.5,4.219974040985107,,4.169270992279053,,,66.0,,,,,,,,,,,
23,,,29269,4.0,0.9574000239372253,0.5387749075889587,0.14309115707874298,0.7271724939346313,0.5263612270355225,5.649714946746826,,5.5066237449646,,,344.0,,,,,,,,,,,
23,,,29279,4.0,0.9754999876022339,0.5037974715232849,0.08333450555801392,0.8003201484680176,0.5050044059753418,5.456968784332275,,5.373634338378906,,,235.0,,,,,,,,,,,
23,,,29289,4.0,0.9775999784469604,0.5031073689460754,0.09716595709323883,0.8888221979141235,0.5044090151786804,5.991554260253906,,5.894388198852539,,,227.0,,,,,,,,,,,
23,,,29299,4.0,0.9805999994277954,0.5715130567550659,0.059037309139966965,0.6136888861656189,0.5531167984008789,4.7074360847473145,,4.6483988761901855,,,186.0,,,,,,,,,,,
23,,,29309,4.0,0.9905999898910522,0.49763891100883484,0.042462170124053955,0.49559736251831055,0.49969732761383057,4.262268543243408,,4.21980619430542,,,103.0,,,,,,,,,,,
23,,,29319,4.0,0.9779999852180481,0.4944388270378113,0.07332681864500046,0.48980817198753357,0.4991578757762909,5.604365348815918,,5.531038761138916,,,332.0,,,,,,,,,,,
23,,,29329,4.0,0.9688500165939331,0.5451590418815613,0.09688028693199158,0.6543557643890381,0.529636025428772,5.281854152679443,,5.18497371673584,,,229.0,,,,,,,,,,,
23,,,29339,4.0,0.9879500269889832,0.5051321983337402,0.04320446029305458,0.506260871887207,0.5044749975204468,4.349462509155273,,4.306258201599121,,,89.0,,,,,,,,,,,
23,,,29349,4.0,0.9675499796867371,0.549034833908081,0.11083599925041199,0.6350885629653931,0.5329225063323975,5.281824111938477,,5.170988082885742,,,262.0,,,,,,,,,,,
23,,,29359,4.0,0.9745000004768372,0.5195603966712952,0.07638169825077057,0.8557840585708618,0.5133591294288635,5.398108959197998,,5.321727275848389,,,240.0,,,,,,,,,,,
23,,,29369,4.0,0.953000009059906,0.48796722292900085,0.14001046121120453,0.476500004529953,0.5,5.558193683624268,,5.418183326721191,,,261.0,,,,,,,,,,,
23,,,29379,4.0,0.9781500101089478,0.5600743293762207,0.07239672541618347,0.5490168333053589,0.5789201259613037,4.349059581756592,,4.276662826538086,,,85.0,,,,,,,,,,,
23,,,29389,4.0,0.9791499972343445,0.4947325885295868,0.07274117320775986,0.48957499861717224,0.5,5.064332485198975,,4.991591453552246,,,243.0,,,,,,,,,,,
23,,,29399,4.0,0.9589999914169312,0.5037471055984497,0.1393686980009079,0.6674679517745972,0.5068680047988892,6.026645183563232,,5.887276649475098,,,454.0,,,,,,,,,,,
23,,,29409,4.0,0.9602000117301941,0.5126199126243591,0.14843778312206268,0.6251524090766907,0.5111478567123413,5.817897796630859,,5.669459819793701,,,280.0,,,,,,,,,,,
23,,,29419,4.0,0.9818999767303467,0.5725288391113281,0.06053222715854645,0.6544021368026733,0.5488599538803101,5.856612682342529,,5.796080589294434,,,243.0,,,,,,,,,,,
23,,,29429,4.0,0.9797499775886536,0.5045698881149292,0.0653793066740036,0.7399709820747375,0.5048362016677856,6.060082912445068,,5.994703769683838,,,251.0,,,,,,,,,,,
23,,,29439,4.0,0.9819499850273132,0.49544641375541687,0.07354030758142471,0.4909749925136566,0.5,5.273106098175049,,5.199565887451172,,,198.0,,,,,,,,,,,
23,,,29449,4.0,0.9681000113487244,0.49189573526382446,0.09524718672037125,0.4840500056743622,0.5,5.6126708984375,,5.517423629760742,,,396.0,,,,,,,,,,,
23,,,29459,4.0,0.9667500257492065,0.5591448545455933,0.09360034018754959,0.699885368347168,0.53834068775177,5.972076416015625,,5.878476142883301,,,313.0,,,,,,,,,,,
23,,,29469,4.0,0.9835500121116638,0.49585339426994324,0.07691233605146408,0.4919225871562958,0.49984753131866455,4.871904373168945,,4.794991970062256,,,143.0,,,,,,,,,,,
23,,,29479,4.0,0.9708999991416931,0.5872995853424072,0.0937865749001503,0.8402498960494995,0.553939938545227,5.094032287597656,,5.000245571136475,,,223.0,,,,,,,,,,,
23,,,29489,4.0,0.9905499815940857,0.5227513313293457,0.050572529435157776,0.9119652509689331,0.5129281282424927,4.524458408355713,,4.473886013031006,,,132.0,,,,,,,,,,,
23,,,29499,4.0,0.9773499965667725,0.5677076578140259,0.09503686428070068,0.9886528849601746,0.5396341681480408,5.5857319831848145,,5.490694999694824,,,221.0,,,,,,,,,,,
23,,,29509,4.0,0.9728500247001648,0.5487536787986755,0.0822012722492218,0.7202305793762207,0.5305965542793274,5.09730339050293,,5.015101909637451,,,210.0,,,,,,,,,,,
23,,,29519,4.0,0.9771999716758728,0.509125828742981,0.11476490646600723,0.5268878936767578,0.5070906281471252,5.668312072753906,,5.553547382354736,,,154.0,,,,,,,,,,,
23,,,29529,4.0,0.9691500067710876,0.492166668176651,0.08884470909833908,0.48532724380493164,0.49920159578323364,5.962409496307373,,5.873564720153809,,,317.0,,,,,,,,,,,
23,,,29539,4.0,0.9790999889373779,0.49471983313560486,0.07059308141469955,0.48954999446868896,0.5,6.030404090881348,,5.959811210632324,,,318.0,,,,,,,,,,,
23,,,29549,4.0,0.978600025177002,0.5733213424682617,0.08370144665241241,0.7056349515914917,0.546839714050293,5.101362228393555,,5.017660617828369,,,185.0,,,,,,,,,,,
23,,,29559,4.0,0.9858499765396118,0.5200050473213196,0.051415521651506424,0.9929225444793701,0.5120689868927002,5.392735958099365,,5.341320514678955,,,233.0,,,,,,,,,,,
23,,,29569,4.0,0.9873499870300293,0.6424672603607178,0.05059070885181427,0.9271899461746216,0.5873390436172485,4.841047286987305,,4.790456771850586,,,140.0,,,,,,,,,,,
23,,,29579,4.0,0.9887499809265137,0.5101581811904907,0.05268681049346924,0.588445782661438,0.5066481828689575,4.424463272094727,,4.371776580810547,,,109.0,,,,,,,,,,,
23,,,29589,4.0,0.9797999858856201,0.5358029007911682,0.07727549970149994,0.7211755514144897,0.521908164024353,5.2064080238342285,,5.1291327476501465,,,253.0,,,,,,,,,,,
23,,,29599,4.0,0.9821000099182129,0.4954845905303955,0.0797838568687439,0.49105000495910645,0.5,5.176644802093506,,5.096860885620117,,,173.0,,,,,,,,,,,
23,,,29609,4.0,0.9838500022888184,0.49592962861061096,0.06379198282957077,0.4920480251312256,0.49987298250198364,4.950439929962158,,4.886648178100586,,,175.0,,,,,,,,,,,
23,,,29619,4.0,0.9712499976158142,0.6625721454620361,0.10051655769348145,0.7231249809265137,0.6292286515235901,5.678236961364746,,5.5777201652526855,,,265.0,,,,,,,,,,,
23,,,29629,4.0,0.9848999977111816,0.4994855523109436,0.04692583158612251,0.5759060978889465,0.5015509724617004,5.149028301239014,,5.102102279663086,,,207.0,,,,,,,,,,,
23,,,29639,4.0,0.9603000283241272,0.489874005317688,0.1288696825504303,0.4801500141620636,0.5,5.9311137199401855,,5.802244186401367,,,355.0,,,,,,,,,,,
23,,,29649,4.0,0.9778500199317932,0.5221153497695923,0.075262650847435,0.9532279968261719,0.5142601728439331,4.900299072265625,,4.825036525726318,,,207.0,,,,,,,,,,,
23,,,29659,4.0,0.967199981212616,0.49166327714920044,0.11063656955957413,0.483599990606308,0.5,6.084984302520752,,5.9743475914001465,,,367.0,,,,,,,,,,,
23,,,29669,4.0,0.9746999740600586,0.4935939610004425,0.08174081146717072,0.4873499870300293,0.5,5.632964611053467,,5.5512237548828125,,,314.0,,,,,,,,,,,
23,,,29679,4.0,0.9912499785423279,0.49780288338661194,0.03884970769286156,0.49567458033561707,0.49994957447052,4.094877243041992,,4.056027412414551,,,96.0,,,,,,,,,,,
23,,,29689,4.0,0.9793000221252441,0.494770884513855,0.06263808906078339,0.48972344398498535,0.499923437833786,5.657569408416748,,5.594931125640869,,,322.0,,,,,,,,,,,
23,,,29699,4.0,0.9801999926567078,0.4950005114078522,0.07053785771131516,0.49012449383735657,0.49997448921203613,5.220522403717041,,5.149984359741211,,,233.0,,,,,,,,,,,
23,,,29709,4.0,0.9837499856948853,0.5108285546302795,0.07621000707149506,0.6237965822219849,0.5075557827949524,5.223255634307861,,5.147045612335205,,,170.0,,,,,,,,,,,
,8.658394705735987e-05,0.0008658394705735987,29712,,,,,,,,,,,,,,,,,,,,,,,
24,,,29719,4.0,0.9497500061988831,0.5451174378395081,0.18111085891723633,0.8228519558906555,0.53090500831604,6.53514289855957,,6.354032039642334,,,496.0,,,,,,,,,,,
24,,,29729,4.0,0.9830999970436096,0.8091428279876709,0.06029606983065605,0.8306149244308472,0.7904348373413086,5.462098121643066,,5.401802062988281,,,332.0,,,,,,,,,,,
24,,,29739,4.0,0.9684500098228455,0.49198606610298157,0.11209941655397415,0.48422500491142273,0.5,5.706296443939209,,5.594196796417236,,,373.0,,,,,,,,,,,
24,,,29749,4.0,0.9829000234603882,0.49568814039230347,0.07945108413696289,0.49147456884384155,0.4999745786190033,4.724528789520264,,4.645077705383301,,,193.0,,,,,,,,,,,
24,,,29759,4.0,0.9927999973297119,0.5117068290710449,0.0315234549343586,0.9963996410369873,0.5068492889404297,4.30040168762207,,4.26887845993042,,,82.0,,,,,,,,,,,
24,,,29769,4.0,0.9922999739646912,0.5044777393341064,0.04587152600288391,0.9961497783660889,0.5032258033752441,4.529699802398682,,4.483828067779541,,,110.0,,,,,,,,,,,
24,,,29779,4.0,0.981249988079071,0.6038151979446411,0.06598754972219467,0.6329808235168457,0.5856161117553711,4.375102996826172,,4.309115409851074,,,174.0,,,,,,,,,,,
24,,,29789,4.0,0.9826499819755554,0.5068912506103516,0.05343855544924736,0.8913478851318359,0.5056888461112976,4.7907795906066895,,4.737340927124023,,,149.0,,,,,,,,,,,
24,,,29799,4.0,0.9684000015258789,0.4919731616973877,0.12653358280658722,0.48420000076293945,0.5,5.504820823669434,,5.378287315368652,,,323.0,,,,,,,,,,,
24,,,29809,4.0,0.96670001745224,0.4915340542793274,0.09724456816911697,0.48335000872612,0.5,5.317505836486816,,5.220261096954346,,,255.0,,,,,,,,,,,
24,,,29819,4.0,0.9678000211715698,0.49181827902793884,0.09590531885623932,0.4839000105857849,0.5,5.265984058380127,,5.170078754425049,,,314.0,,,,,,,,,,,
24,,,29829,4.0,0.9745000004768372,0.5887610912322998,0.08316057175397873,0.7713570594787598,0.5560709834098816,4.86039400100708,,4.777233600616455,,,181.0,,,,,,,,,,,
24,,,29839,4.0,0.965749979019165,0.5188656449317932,0.072017602622509,0.9828578233718872,0.5141844153404236,5.946307182312012,,5.874289512634277,,,360.0,,,,,,,,,,,
24,,,29849,4.0,0.975350022315979,0.5036993622779846,0.09245098382234573,0.7655472755432129,0.5049582123756409,5.118807315826416,,5.026356220245361,,,204.0,,,,,,,,,,,
24,,,29859,4.0,0.9836500287055969,0.6075079441070557,0.07355501502752304,0.7129152417182922,0.5733168721199036,4.884982585906982,,4.811427593231201,,,139.0,,,,,,,,,,,
24,,,29869,4.0,0.9559999704360962,0.5478367805480957,0.11671064794063568,0.696699321269989,0.5322110056877136,5.73842191696167,,5.621711254119873,,,299.0,,,,,,,,,,,
24,,,29879,4.0,0.9434000253677368,0.48543789982795715,0.1891328990459442,0.4717000126838684,0.5,5.949557304382324,,5.760424613952637,,,317.0,,,,,,,,,,,
24,,,29889,4.0,0.9775000214576721,0.49431100487709045,0.07099107652902603,0.48875001072883606,0.5,4.785898208618164,,4.714907169342041,,,222.0,,,,,,,,,,,
24,,,29899,4.0,0.9635000228881836,0.49070537090301514,0.09951329231262207,0.4817500114440918,0.5,5.439465522766113,,5.33995246887207,,,287.0,,,,,,,,,,,
24,,,29909,4.0,0.9770500063896179,0.776982843875885,0.07862833142280579,0.7732150554656982,0.7808647155761719,5.823637962341309,,5.745009422302246,,,366.0,,,,,,,,,,,
24,,,29919,4.0,0.9937999844551086,0.5287479162216187,0.03639272600412369,0.7826882600784302,0.5159245133399963,3.665627956390381,,3.62923526763916,,,51.0,,,,,,,,,,,
24,,,29929,4.0,0.9868999719619751,0.5042218565940857,0.04451671987771988,0.743498682975769,0.5037661194801331,4.805462837219238,,4.760946273803711,,,155.0,,,,,,,,,,,
24,,,29939,4.0,0.9753999710083008,0.53481125831604,0.08836184442043304,0.7382240891456604,0.5217938423156738,5.22379732131958,,5.135435581207275,,,236.0,,,,,,,,,,,
24,,,29949,4.0,0.9635999798774719,0.49073129892349243,0.11149591207504272,0.48179998993873596,0.5,5.5402607917785645,,5.428764820098877,,,366.0,,,,,,,,,,,
24,,,29959,4.0,0.9900500178337097,0.5214228630065918,0.03597474843263626,0.9117151498794556,0.5122900009155273,3.874783515930176,,3.83880877494812,,,95.0,,,,,,,,,,,
24,,,29969,4.0,0.9714999794960022,0.49277201294898987,0.09311242401599884,0.4857499897480011,0.5,5.924190998077393,,5.83107852935791,,,348.0,,,,,,,,,,,
24,,,29979,4.0,0.9607499837875366,0.48999106884002686,0.13643653690814972,0.4803749918937683,0.5,5.41438102722168,,5.277944564819336,,,240.0,,,,,,,,,,,
24,,,29989,4.0,0.9819999933242798,0.7447213530540466,0.07911767810583115,0.711513340473175,0.7913012504577637,4.933577060699463,,4.854459285736084,,,231.0,,,,,,,,,,,
24,,,29999,4.0,0.9639999866485596,0.5304624438285828,0.11079341173171997,0.9663711786270142,0.5206406712532043,5.567627906799316,,5.456834316253662,,,322.0,,,,,,,,,,,
24,,,30009,4.0,0.9736999869346619,0.5098784565925598,0.08663083612918854,0.7121120691299438,0.5083053708076477,5.350074291229248,,5.263443470001221,,,239.0,,,,,,,,,,,
24,,,30019,4.0,0.9725499749183655,0.5156461000442505,0.09037736058235168,0.9196480512619019,0.5115557312965393,5.11153507232666,,5.021157741546631,,,272.0,,,,,,,,,,,
24,,,30029,4.0,0.9807500243186951,0.5625491142272949,0.06236940249800682,0.8852939009666443,0.5366508960723877,5.318173408508301,,5.255804061889648,,,225.0,,,,,,,,,,,
24,,,30039,4.0,0.9714999794960022,0.5529428720474243,0.09366666525602341,0.9098055958747864,0.5322116017341614,5.282581806182861,,5.188915252685547,,,266.0,,,,,,,,,,,
24,,,30049,4.0,0.984749972820282,0.4994153380393982,0.061914972960948944,0.5014675855636597,0.5004132986068726,4.973169803619385,,4.9112548828125,,,201.0,,,,,,,,,,,
24,,,30059,4.0,0.9733499884605408,0.49511635303497314,0.10456358641386032,0.7366986274719238,0.5009123682975769,5.0066752433776855,,4.902111530303955,,,202.0,,,,,,,,,,,
24,,,30069,4.0,0.9802500009536743,0.5430628657341003,0.05410725250840187,0.818509578704834,0.5256452560424805,5.6969218254089355,,5.642814636230469,,,292.0,,,,,,,,,,,
24,,,30079,4.0,0.9699500203132629,0.49237290024757385,0.0730704590678215,0.48497501015663147,0.5,5.722550392150879,,5.649479866027832,,,279.0,,,,,,,,,,,
24,,,30089,4.0,0.9815999865531921,0.5613884329795837,0.05702933296561241,0.9424737095832825,0.5355468988418579,4.9747819900512695,,4.917752742767334,,,174.0,,,,,,,,,,,
24,,,30099,4.0,0.9830499887466431,0.555461585521698,0.05735401064157486,0.7794338464736938,0.532900869846344,4.941035270690918,,4.883681297302246,,,148.0,,,,,,,,,,,
24,,,30109,4.0,0.9783999919891357,0.5625316500663757,0.07268129289150238,0.6773953437805176,0.5401100516319275,5.585324764251709,,5.512643337249756,,,332.0,,,,,,,,,,,
24,,,30119,4.0,0.9700499773025513,0.5022163391113281,0.09413649886846542,0.9136161804199219,0.5049411058425903,5.203733921051025,,5.109597206115723,,,263.0,,,,,,,,,,,
24,,,30129,4.0,0.9853000044822693,0.6193657517433167,0.054483894258737564,0.6360390186309814,0.6064800024032593,4.240466117858887,,4.1859822273254395,,,92.0,,,,,,,,,,,
24,,,30139,4.0,0.9577000141143799,0.4891965091228485,0.13669443130493164,0.4793773293495178,0.49942636489868164,5.805500507354736,,5.668806076049805,,,365.0,,,,,,,,,,,
24,,,30149,4.0,0.9798499941825867,0.5379902124404907,0.06571316719055176,0.885871410369873,0.522654116153717,5.398358345031738,,5.332644939422607,,,288.0,,,,,,,,,,,
24,,,30159,4.0,0.9853000044822693,0.5159045457839966,0.042112115770578384,0.9926477670669556,0.5099999904632568,5.2180867195129395,,5.175974369049072,,,221.0,,,,,,,,,,,
24,,,30169,4.0,0.9733499884605408,0.5113272666931152,0.0832090750336647,0.6123998165130615,0.5089768767356873,5.510678291320801,,5.427469253540039,,,295.0,,,,,,,,,,,
24,,,30179,4.0,0.9591000080108643,0.5400864481925964,0.1199260875582695,0.5442875623703003,0.5368010997772217,5.33933687210083,,5.2194108963012695,,,230.0,,,,,,,,,,,
24,,,30189,4.0,0.9706000089645386,0.5443567037582397,0.11435508728027344,0.9000793099403381,0.5274617075920105,5.539715766906738,,5.425360679626465,,,303.0,,,,,,,,,,,
24,,,30199,4.0,0.9750000238418579,0.5423986911773682,0.0896683782339096,0.8339300155639648,0.5259056687355042,5.094175338745117,,5.004507064819336,,,214.0,,,,,,,,,,,
24,,,30209,4.0,0.9817000031471252,0.6379438042640686,0.05597482994198799,0.6495254039764404,0.6281143426895142,4.5812788009643555,,4.525303840637207,,,93.0,,,,,,,,,,,
24,,,30219,4.0,0.9679999947547913,0.6652684807777405,0.09422675520181656,0.7150059342384338,0.6354180574417114,5.719844818115234,,5.625617980957031,,,246.0,,,,,,,,,,,
24,,,30229,4.0,0.984499990940094,0.5024637579917908,0.07493162900209427,0.6590144038200378,0.503145158290863,5.111948013305664,,5.03701639175415,,,159.0,,,,,,,,,,,
24,,,30239,4.0,0.9785500168800354,0.6823167204856873,0.0933588445186615,0.8740959763526917,0.6232764720916748,5.44012975692749,,5.346770763397217,,,317.0,,,,,,,,,,,
24,,,30249,4.0,0.9901999831199646,0.4975379407405853,0.04401629790663719,0.4950999915599823,0.5,4.545867919921875,,4.501851558685303,,,72.0,,,,,,,,,,,
24,,,30259,4.0,0.9923499822616577,0.5045316815376282,0.046769317239522934,0.5086075663566589,0.5034235119819641,4.023475170135498,,3.976706027984619,,,80.0,,,,,,,,,,,
24,,,30269,4.0,0.9837499856948853,0.5248876810073853,0.07054586708545685,0.9085868000984192,0.5149641633033752,4.721717357635498,,4.651171684265137,,,187.0,,,,,,,,,,,
24,,,30279,4.0,0.9661499857902527,0.4986676275730133,0.08419883251190186,0.9830707311630249,0.5036656856536865,5.843576908111572,,5.759377956390381,,,369.0,,,,,,,,,,,
24,,,30289,4.0,0.9697999954223633,0.5705246925354004,0.11201037466526031,0.9093432426452637,0.542818546295166,6.0859503746032715,,5.973939895629883,,,279.0,,,,,,,,,,,
24,,,30299,4.0,0.9739500284194946,0.637005090713501,0.10601240396499634,0.7583496570587158,0.5956357717514038,6.436586856842041,,6.3305745124816895,,,457.0,,,,,,,,,,,
24,,,30309,4.0,0.9853000044822693,0.6212886571884155,0.04506773501634598,0.8334783315658569,0.57597815990448,4.841377258300781,,4.796309471130371,,,167.0,,,,,,,,,,,
24,,,30319,4.0,0.9782999753952026,0.49451547861099243,0.08862580358982086,0.4891499876976013,0.5,5.38289737701416,,5.294271469116211,,,174.0,,,,,,,,,,,
24,,,30329,4.0,0.9708499908447266,0.6787610054016113,0.07507184147834778,0.7926074862480164,0.6312410235404968,5.978765487670898,,5.903693675994873,,,278.0,,,,,,,,,,,
24,,,30339,4.0,0.9650999903678894,0.49678394198417664,0.12046495079994202,0.8825706243515015,0.5028271675109863,6.09122371673584,,5.97075891494751,,,318.0,,,,,,,,,,,
24,,,30349,4.0,0.9774500131607056,0.5293448567390442,0.05716486647725105,0.5214172601699829,0.5532869100570679,4.014108657836914,,3.9569437503814697,,,85.0,,,,,,,,,,,
24,,,30359,4.0,0.9512500166893005,0.48750799894332886,0.13048191368579865,0.47562500834465027,0.5,6.213972091674805,,6.083490371704102,,,381.0,,,,,,,,,,,
24,,,30369,4.0,0.9646000266075134,0.6311706900596619,0.10579493641853333,0.7183912992477417,0.5963202714920044,5.602315425872803,,5.496520519256592,,,323.0,,,,,,,,,,,
24,,,30379,4.0,0.9768000245094299,0.5067352056503296,0.07481256127357483,0.8218031525611877,0.5063471794128418,4.899941444396973,,4.82512903213501,,,205.0,,,,,,,,,,,
24,,,30389,4.0,0.9787499904632568,0.6740851402282715,0.08921992033720016,0.9178617000579834,0.6130361557006836,6.002256870269775,,5.913036823272705,,,292.0,,,,,,,,,,,
24,,,30399,4.0,0.9709500074386597,0.4994201362133026,0.09102703630924225,0.6856178045272827,0.5032997727394104,5.086826324462891,,4.9957990646362305,,,257.0,,,,,,,,,,,
24,,,30409,4.0,0.9767500162124634,0.5167031288146973,0.08136725425720215,0.9883686304092407,0.5115545988082886,4.850672721862793,,4.76930570602417,,,277.0,,,,,,,,,,,
24,,,30419,4.0,0.9792500138282776,0.6111924052238464,0.0706058070063591,0.5949919819831848,0.6348087191581726,4.344071865081787,,4.273466110229492,,,90.0,,,,,,,,,,,
24,,,30429,4.0,0.9852499961853027,0.6373934149742126,0.05076026916503906,0.6302032470703125,0.6454706192016602,4.154714584350586,,4.103954315185547,,,134.0,,,,,,,,,,,
24,,,30439,4.0,0.9728500247001648,0.529009222984314,0.1030104011297226,0.7955509424209595,0.5187220573425293,5.891935348510742,,5.7889251708984375,,,416.0,,,,,,,,,,,
24,,,30449,4.0,0.9779999852180481,0.4944388270378113,0.0699816644191742,0.48899999260902405,0.5,5.594986438751221,,5.525004863739014,,,333.0,,,,,,,,,,,
24,,,30459,4.0,0.9822499752044678,0.6218249797821045,0.07193972170352936,0.8365917801856995,0.5766312479972839,5.5069146156311035,,5.434974670410156,,,293.0,,,,,,,,,,,
24,,,30469,4.0,0.972599983215332,0.4930548369884491,0.09365709871053696,0.486299991607666,0.5,5.589921474456787,,5.496264457702637,,,310.0,,,,,,,,,,,
24,,,30479,4.0,0.9670500159263611,0.530773401260376,0.08491446822881699,0.9835019111633301,0.5203784704208374,5.801714897155762,,5.716800212860107,,,268.0,,,,,,,,,,,
24,,,30489,4.0,0.9846000075340271,0.5322623252868652,0.04441738501191139,0.8673939108848572,0.5188857316970825,4.804948806762695,,4.760531425476074,,,182.0,,,,,,,,,,,
24,,,30499,4.0,0.9843999743461609,0.809859037399292,0.05826566740870476,0.9446852207183838,0.7396824955940247,5.409337520599365,,5.351071834564209,,,341.0,,,,,,,,,,,
24,,,30509,4.0,0.9668499827384949,0.5766499638557434,0.09498489648103714,0.6079870462417603,0.560579776763916,5.7669878005981445,,5.672002792358398,,,374.0,,,,,,,,,,,
24,,,30519,4.0,0.9696499705314636,0.5505040884017944,0.13691478967666626,0.7488284111022949,0.5318048596382141,5.233949661254883,,5.097034931182861,,,210.0,,,,,,,,,,,
24,,,30529,4.0,0.9850000143051147,0.6598848104476929,0.05959850922226906,0.7024176120758057,0.6325749158859253,4.528424263000488,,4.468825817108154,,,137.0,,,,,,,,,,,
24,,,30539,4.0,0.9711499810218811,0.5690208673477173,0.1395406574010849,0.8920796513557434,0.5418298244476318,5.636694431304932,,5.4971537590026855,,,223.0,,,,,,,,,,,
24,,,30549,4.0,0.96875,0.5263314247131348,0.10914481431245804,0.8330844640731812,0.5177668333053589,5.59352970123291,,5.484385013580322,,,239.0,,,,,,,,,,,
24,,,30559,4.0,0.9850500226020813,0.49623435735702515,0.06382109969854355,0.49252501130104065,0.5,4.918496608734131,,4.85467529296875,,,125.0,,,,,,,,,,,
24,,,30569,4.0,0.9894999861717224,0.4973611533641815,0.04032362625002861,0.4947499930858612,0.5,4.586767196655273,,4.546443462371826,,,109.0,,,,,,,,,,,
24,,,30579,4.0,0.9595999717712402,0.48969176411628723,0.11777889728546143,0.4797999858856201,0.5,5.7622880935668945,,5.644509315490723,,,338.0,,,,,,,,,,,
24,,,30589,4.0,0.9673500061035156,0.5191903710365295,0.09715210646390915,0.6782642602920532,0.5140226483345032,5.27350378036499,,5.176351547241211,,,252.0,,,,,,,,,,,
24,,,30599,4.0,0.9682499766349792,0.5491003394126892,0.10982643067836761,0.6989717483520508,0.5315921902656555,5.798776149749756,,5.6889495849609375,,,323.0,,,,,,,,,,,
24,,,30609,4.0,0.9643499851226807,0.6244726777076721,0.13401006162166595,0.894131064414978,0.5790248513221741,5.79083776473999,,5.656827926635742,,,257.0,,,,,,,,,,,
24,,,30619,4.0,0.9835000038146973,0.6208291053771973,0.059581268578767776,0.7067367434501648,0.5865452289581299,4.256880283355713,,4.197299003601074,,,131.0,,,,,,,,,,,
24,,,30629,4.0,0.9787999987602234,0.5900495052337646,0.05722372606396675,0.7987769842147827,0.5556408166885376,4.81778621673584,,4.760562419891357,,,174.0,,,,,,,,,,,
24,,,30639,4.0,0.9435999989509583,0.498432993888855,0.18263369798660278,0.6553202271461487,0.5060259699821472,5.9351887702941895,,5.752554893493652,,,424.0,,,,,,,,,,,
24,,,30649,4.0,0.9738500118255615,0.5776187777519226,0.08421614021062851,0.6796460151672363,0.5518776178359985,5.372016906738281,,5.2878007888793945,,,188.0,,,,,,,,,,,
24,,,30659,4.0,0.9846500158309937,0.5845982432365417,0.055440858006477356,0.5852780342102051,0.5839298963546753,4.609703540802002,,4.554262638092041,,,109.0,,,,,,,,,,,
24,,,30669,4.0,0.9566500186920166,0.4889223873615265,0.11732393503189087,0.4783250093460083,0.5,5.831560134887695,,5.714236259460449,,,430.0,,,,,,,,,,,
24,,,30679,4.0,0.9660000205039978,0.5776963233947754,0.09653764963150024,0.9441238641738892,0.5474951863288879,5.816434383392334,,5.7198967933654785,,,346.0,,,,,,,,,,,
24,,,30689,4.0,0.9843999743461609,0.5372430682182312,0.05619235709309578,0.8257003426551819,0.5217657685279846,5.436095714569092,,5.379903316497803,,,212.0,,,,,,,,,,,
24,,,30699,4.0,0.9771999716758728,0.49423426389694214,0.06968751549720764,0.4885999858379364,0.5,5.202815532684326,,5.1331281661987305,,,232.0,,,,,,,,,,,
24,,,30709,4.0,0.9846500158309937,0.6399722099304199,0.05400429666042328,0.800196647644043,0.5929480791091919,4.7011213302612305,,4.6471171379089355,,,141.0,,,,,,,,,,,
24,,,30719,4.0,0.9817000031471252,0.6933743953704834,0.06109311431646347,0.8019068241119385,0.6437422037124634,5.355119228363037,,5.294025897979736,,,290.0,,,,,,,,,,,
24,,,30729,4.0,0.9640499949455261,0.6095653772354126,0.09287254512310028,0.6154601573944092,0.6043152213096619,5.537622451782227,,5.44474983215332,,,315.0,,,,,,,,,,,
24,,,30739,4.0,0.9567999839782715,0.4924081563949585,0.11910456418991089,0.5502563714981079,0.5012968182563782,6.28635311126709,,6.167248725891113,,,373.0,,,,,,,,,,,
24,,,30749,4.0,0.9721500277519226,0.49293917417526245,0.07596589624881744,0.4860750138759613,0.5,5.264967918395996,,5.18900203704834,,,233.0,,,,,,,,,,,
24,,,30759,4.0,0.9782500267028809,0.4945027232170105,0.06894799321889877,0.48912501335144043,0.5,4.959190368652344,,4.890242576599121,,,212.0,,,,,,,,,,,
24,,,30769,4.0,0.9757000207901001,0.5117046236991882,0.07318711280822754,0.7380642890930176,0.5090286731719971,5.474209785461426,,5.401022434234619,,,307.0,,,,,,,,,,,
24,,,30779,4.0,0.9746000170707703,0.5399883985519409,0.08369622379541397,0.8813936710357666,0.5244882106781006,5.901056289672852,,5.817359924316406,,,243.0,,,,,,,,,,,
24,,,30789,4.0,0.9886999726295471,0.5015447735786438,0.05199987813830376,0.6194238662719727,0.5021563172340393,4.85652494430542,,4.804524898529053,,,139.0,,,,,,,,,,,
24,,,30799,4.0,0.9744499921798706,0.4935298562049866,0.08837638795375824,0.4872249960899353,0.5,5.441317558288574,,5.352941036224365,,,237.0,,,,,,,,,,,
24,,,30809,4.0,0.9847999811172485,0.6180520057678223,0.05367634445428848,0.738643229007721,0.5798312425613403,4.544224739074707,,4.490548610687256,,,115.0,,,,,,,,,,,
24,,,30819,4.0,0.970550000667572,0.4975683391094208,0.10425563901662827,0.5855641961097717,0.5022772550582886,5.319801330566406,,5.215545654296875,,,292.0,,,,,,,,,,,
24,,,30829,4.0,0.9721500277519226,0.7452804446220398,0.07356689125299454,0.7493764162063599,0.741328775882721,5.238819599151611,,5.165252685546875,,,311.0,,,,,,,,,,,
24,,,30839,4.0,0.9835000038146973,0.5498905777931213,0.06676801294088364,0.7778254747390747,0.52946937084198,4.879504680633545,,4.812736511230469,,,178.0,,,,,,,,,,,
24,,,30849,4.0,0.9815000295639038,0.4953318238258362,0.048213545233011246,0.4907500147819519,0.5,4.993001937866211,,4.944788455963135,,,160.0,,,,,,,,,,,
24,,,30859,4.0,0.9672999978065491,0.5545034408569336,0.12071579694747925,0.6828418970108032,0.5355024337768555,5.389202117919922,,5.268486499786377,,,296.0,,,,,,,,,,,
24,,,30869,4.0,0.9820500016212463,0.6009553670883179,0.06470993906259537,0.7188500165939331,0.5672921538352966,4.663003921508789,,4.598293781280518,,,122.0,,,,,,,,,,,
24,,,30879,4.0,0.9647499918937683,0.5165927410125732,0.1090569719672203,0.8479118943214417,0.5130681395530701,5.701027870178223,,5.591970920562744,,,305.0,,,,,,,,,,,
24,,,30889,4.0,0.9564499855041504,0.48887014389038086,0.14002478122711182,0.4782249927520752,0.5,5.767392635345459,,5.627367973327637,,,309.0,,,,,,,,,,,
24,,,30899,4.0,0.9746500253677368,0.5088748931884766,0.07783465832471848,0.6781132221221924,0.5076347589492798,5.587536811828613,,5.509702205657959,,,299.0,,,,,,,,,,,
24,,,30909,4.0,0.9799000024795532,0.617087721824646,0.07044413685798645,0.8400686979293823,0.573316216468811,5.571994781494141,,5.501550674438477,,,274.0,,,,,,,,,,,
24,,,30919,4.0,0.9829999804496765,0.6057949066162109,0.06680718064308167,0.7621544599533081,0.5681211352348328,4.596428394317627,,4.529621124267578,,,143.0,,,,,,,,,,,
24,,,30929,4.0,0.9797000288963318,0.5573654174804688,0.06627485901117325,0.892784833908081,0.5336996912956238,5.556099891662598,,5.489825248718262,,,245.0,,,,,,,,,,,
24,,,30939,4.0,0.9886500239372253,0.4971463084220886,0.05361277982592583,0.4948693513870239,0.49944430589675903,4.641448974609375,,4.587836265563965,,,124.0,,,,,,,,,,,
24,,,30949,4.0,0.9739000201225281,0.5222642421722412,0.0737106129527092,0.7948756217956543,0.5148947238922119,5.158326148986816,,5.084615707397461,,,194.0,,,,,,,,,,,
24,,,30949,,,,,,,,,,,,,0.975861132144928,0.5309672951698303,0.0806007906794548,0.6298368573188782,0.5263204574584961,4.944479942321777,0.03939438611268997,4.8638787269592285,0.03939443826675415,0.03939443826675415,220.65196228027344
,8.55017856687341e-05,0.000855017856687341,30950,,,,,,,,,,,,,,,,,,,,,,,
25,,,30959,4.0,0.9865999817848206,0.632488489151001,0.04437820613384247,0.7104377746582031,0.5975353121757507,4.886125087738037,,4.841746807098389,,,125.0,,,,,,,,,,,
25,,,30969,4.0,0.9811999797821045,0.6642463803291321,0.06067196652293205,0.7747381925582886,0.6187154650688171,5.883494853973389,,5.8228230476379395,,,206.0,,,,,,,,,,,
25,,,30979,4.0,0.9804499745368958,0.49506425857543945,0.05744638666510582,0.491059809923172,0.49913454055786133,4.451015472412109,,4.393568992614746,,,128.0,,,,,,,,,,,
25,,,30989,4.0,0.9756500124931335,0.642434298992157,0.08632375299930573,0.6499007940292358,0.6357287764549255,4.812918663024902,,4.726594924926758,,,169.0,,,,,,,,,,,
25,,,30999,4.0,0.9714000225067139,0.4996413588523865,0.09467723220586777,0.7080408334732056,0.503373920917511,5.776271820068359,,5.681594371795654,,,331.0,,,,,,,,,,,
25,,,31009,4.0,0.986050009727478,0.6012973189353943,0.06729743629693985,0.7619195580482483,0.5643293261528015,4.338022232055664,,4.270724773406982,,,97.0,,,,,,,,,,,
25,,,31019,4.0,0.9815499782562256,0.6425539255142212,0.06254258751869202,0.7526296377182007,0.6008577346801758,5.1002912521362305,,5.03774881362915,,,226.0,,,,,,,,,,,
25,,,31029,4.0,0.966949999332428,0.4915986657142639,0.1132856234908104,0.4834991693496704,0.49997416138648987,5.484291076660156,,5.371005535125732,,,382.0,,,,,,,,,,,
25,,,31039,4.0,0.9805999994277954,0.5975490808486938,0.07751736789941788,0.6551826000213623,0.5722061395645142,4.8652472496032715,,4.787729740142822,,,110.0,,,,,,,,,,,
25,,,31049,4.0,0.9812999963760376,0.6136343479156494,0.0656471699476242,0.7936428189277649,0.5726349949836731,4.554374694824219,,4.488727569580078,,,128.0,,,,,,,,,,,
25,,,31059,4.0,0.9777500033378601,0.5639971494674683,0.0672559142112732,0.9888549447059631,0.5374220609664917,5.649484157562256,,5.582228183746338,,,363.0,,,,,,,,,,,
25,,,31069,4.0,0.9894000291824341,0.5283083915710449,0.0379435233771801,0.5402610301971436,0.5221341848373413,4.223557949066162,,4.185614585876465,,,57.0,,,,,,,,,,,
25,,,31079,4.0,0.9714999794960022,0.5315981507301331,0.09458653628826141,0.8288576602935791,0.5202999114990234,5.4237518310546875,,5.329165458679199,,,202.0,,,,,,,,,,,
25,,,31089,4.0,0.9593499898910522,0.4896266758441925,0.1010851040482521,0.47993895411491394,0.4997135102748871,5.5840935707092285,,5.48300838470459,,,346.0,,,,,,,,,,,
25,,,31099,4.0,0.98089998960495,0.4951789677143097,0.05303146317601204,0.490449994802475,0.5,5.027594089508057,,4.974562644958496,,,282.0,,,,,,,,,,,
25,,,31109,4.0,0.9725000262260437,0.580095648765564,0.0824340283870697,0.6745085716247559,0.5543486475944519,5.072491645812988,,4.990057468414307,,,168.0,,,,,,,,,,,
25,,,31119,4.0,0.9672999978065491,0.5136125683784485,0.07677844911813736,0.9248626232147217,0.5111926198005676,5.387980937957764,,5.311202526092529,,,330.0,,,,,,,,,,,
25,,,31129,4.0,0.9805499911308289,0.5973268151283264,0.0627000480890274,0.6106182336807251,0.5870585441589355,4.504918098449707,,4.442217826843262,,,125.0,,,,,,,,,,,
25,,,31139,4.0,0.9712499976158142,0.5550973415374756,0.08527768403291702,0.94124835729599,0.5333935618400574,5.273054599761963,,5.187777042388916,,,196.0,,,,,,,,,,,
25,,,31149,4.0,0.9746500253677368,0.6862562894821167,0.07926331460475922,0.8013570308685303,0.6370033025741577,5.457942485809326,,5.378679275512695,,,352.0,,,,,,,,,,,
25,,,31159,4.0,0.9604499936103821,0.5093458890914917,0.12358596175909042,0.9013339281082153,0.5098720788955688,5.16069221496582,,5.037106037139893,,,284.0,,,,,,,,,,,
25,,,31169,4.0,0.9772999882698059,0.5784955620765686,0.08056789636611938,0.7269893288612366,0.5499206781387329,5.405223846435547,,5.324656009674072,,,257.0,,,,,,,,,,,
25,,,31179,4.0,0.9584000110626221,0.51010662317276,0.1275814026594162,0.8543251752853394,0.5105068683624268,5.718279838562012,,5.5906982421875,,,477.0,,,,,,,,,,,
25,,,31189,4.0,0.9868500232696533,0.7221423983573914,0.04929998517036438,0.8544332981109619,0.6630662083625793,4.934795379638672,,4.885495185852051,,,224.0,,,,,,,,,,,
25,,,31199,4.0,0.9603000283241272,0.6384590268135071,0.125655859708786,0.704017162322998,0.6069912910461426,5.994019508361816,,5.868363857269287,,,408.0,,,,,,,,,,,
25,,,31209,4.0,0.9732999801635742,0.49323469400405884,0.08804775774478912,0.4866499900817871,0.5,5.5519537925720215,,5.4639058113098145,,,241.0,,,,,,,,,,,
25,,,31219,4.0,0.9835000038146973,0.6785129904747009,0.05070594698190689,0.7901965379714966,0.6302896738052368,4.406991958618164,,4.35628604888916,,,196.0,,,,,,,,,,,
25,,,31229,4.0,0.9528499841690063,0.4879279136657715,0.10733277350664139,0.4764249920845032,0.5,5.807261943817139,,5.699929237365723,,,278.0,,,,,,,,,,,
25,,,31239,4.0,0.9841499924659729,0.5444355010986328,0.04838371276855469,0.6628822088241577,0.5274016261100769,4.71391487121582,,4.665531158447266,,,138.0,,,,,,,,,,,
25,,,31249,4.0,0.9777500033378601,0.535606324672699,0.0768607035279274,0.9888638257980347,0.5215053558349609,5.782289028167725,,5.705428123474121,,,352.0,,,,,,,,,,,
25,,,31259,4.0,0.9813500046730042,0.6849502325057983,0.06872552633285522,0.8715113401412964,0.6254650354385376,5.355340957641602,,5.286615371704102,,,261.0,,,,,,,,,,,
25,,,31269,4.0,0.9610999822616577,0.49642476439476013,0.10242557525634766,0.8972358703613281,0.503170907497406,5.687003135681152,,5.584577560424805,,,371.0,,,,,,,,,,,
25,,,31279,4.0,0.9668499827384949,0.5501424670219421,0.10773737728595734,0.9235337972640991,0.5312283039093018,5.712689399719238,,5.604951858520508,,,311.0,,,,,,,,,,,
25,,,31289,4.0,0.9778500199317932,0.5540341138839722,0.09392358362674713,0.6131470799446106,0.5371036529541016,5.262513637542725,,5.168590068817139,,,180.0,,,,,,,,,,,
25,,,31299,4.0,0.9775999784469604,0.5551120042800903,0.07132597267627716,0.8765029907226562,0.5327483415603638,4.873778820037842,,4.80245304107666,,,290.0,,,,,,,,,,,
25,,,31309,4.0,0.9796500205993652,0.5160343647003174,0.07031593471765518,0.7547224164009094,0.5108252167701721,4.841424942016602,,4.771109104156494,,,189.0,,,,,,,,,,,
25,,,31319,4.0,0.9721999764442444,0.5169196128845215,0.08203275501728058,0.8195939064025879,0.5122533440589905,5.093344211578369,,5.0113115310668945,,,260.0,,,,,,,,,,,
25,,,31329,4.0,0.9609000086784363,0.4975837171077728,0.08833196014165878,0.8554922342300415,0.5037647485733032,5.198503494262695,,5.110171318054199,,,225.0,,,,,,,,,,,
25,,,31339,4.0,0.9685500264167786,0.5118539333343506,0.10464668273925781,0.6151629090309143,0.5097899436950684,5.663424491882324,,5.558777809143066,,,307.0,,,,,,,,,,,
25,,,31349,4.0,0.9838500022888184,0.5558705925941467,0.07609675824642181,0.6761869192123413,0.5348657965660095,4.815817832946777,,4.739721298217773,,,154.0,,,,,,,,,,,
25,,,31359,4.0,0.9757000207901001,0.57049161195755,0.07115617394447327,0.741750180721283,0.5440727472305298,4.718394756317139,,4.647238731384277,,,193.0,,,,,,,,,,,
25,,,31369,4.0,0.9796500205993652,0.551498293876648,0.08179578930139542,0.7453275918960571,0.5312247276306152,4.8089494705200195,,4.727153778076172,,,197.0,,,,,,,,,,,
25,,,31379,4.0,0.9591500163078308,0.5653403401374817,0.10781711339950562,0.9194999933242798,0.5412157773971558,5.955399036407471,,5.84758186340332,,,340.0,,,,,,,,,,,
25,,,31389,4.0,0.9905999898910522,0.5029019713401794,0.04937262460589409,0.5953988432884216,0.5026017427444458,4.0334906578063965,,3.9841179847717285,,,69.0,,,,,,,,,,,
25,,,31399,4.0,0.9706500172615051,0.5274102091789246,0.07735323160886765,0.8403662443161011,0.5181013941764832,5.456839084625244,,5.379486083984375,,,217.0,,,,,,,,,,,
25,,,31409,4.0,0.9736499786376953,0.6338079571723938,0.08377012610435486,0.6369308233261108,0.6308364868164062,5.374356746673584,,5.290586471557617,,,175.0,,,,,,,,,,,
25,,,31419,4.0,0.9907500147819519,0.5281329154968262,0.05314541608095169,0.5542082190513611,0.51953125,4.69173002243042,,4.638584613800049,,,67.0,,,,,,,,,,,
25,,,31429,4.0,0.9918500185012817,0.6188817024230957,0.04738939553499222,0.6751716136932373,0.5903658866882324,4.143424987792969,,4.096035480499268,,,61.0,,,,,,,,,,,
25,,,31439,4.0,0.9595999717712402,0.550531804561615,0.09188979119062424,0.946506142616272,0.5324536561965942,5.6349005699157715,,5.543010711669922,,,411.0,,,,,,,,,,,
25,,,31449,4.0,0.9711999893188477,0.5045565962791443,0.10298023372888565,0.8356678485870361,0.5059572458267212,5.699285507202148,,5.5963053703308105,,,324.0,,,,,,,,,,,
25,,,31459,4.0,0.9861999750137329,0.5652722120285034,0.04672856256365776,0.6773654222488403,0.5413451790809631,5.437930107116699,,5.391201496124268,,,151.0,,,,,,,,,,,
25,,,31469,4.0,0.985450029373169,0.4997486174106598,0.05491407588124275,0.7427492737770081,0.5016928315162659,4.973544120788574,,4.918630123138428,,,180.0,,,,,,,,,,,
25,,,31479,4.0,0.9641500115394592,0.49087390303611755,0.13385601341724396,0.4820750057697296,0.5,5.689154148101807,,5.555298328399658,,,461.0,,,,,,,,,,,
25,,,31489,4.0,0.9624500274658203,0.5120806097984314,0.09949999302625656,0.7557399272918701,0.5109094977378845,5.410968780517578,,5.311468601226807,,,264.0,,,,,,,,,,,
25,,,31499,4.0,0.9772499799728394,0.49424704909324646,0.09260310232639313,0.4893345236778259,0.49925923347473145,5.264883041381836,,5.1722798347473145,,,166.0,,,,,,,,,,,
25,,,31509,4.0,0.9807000160217285,0.49770504236221313,0.06022531911730766,0.7403740286827087,0.5012698769569397,4.756270408630371,,4.696044921875,,,181.0,,,,,,,,,,,
25,,,31519,4.0,0.978950023651123,0.5477533340454102,0.07427014410495758,0.7305089235305786,0.5291435122489929,5.177688121795654,,5.103417873382568,,,212.0,,,,,,,,,,,
25,,,31529,4.0,0.9820500016212463,0.5992138385772705,0.05476174131035805,0.9518866539001465,0.5583556890487671,5.596705436706543,,5.541943550109863,,,305.0,,,,,,,,,,,
25,,,31539,4.0,0.9821000099182129,0.5064126253128052,0.05709654465317726,0.5506095886230469,0.5052614212036133,5.529587745666504,,5.472491264343262,,,283.0,,,,,,,,,,,
25,,,31549,4.0,0.9752500057220459,0.715269148349762,0.0710265263915062,0.8173182010650635,0.6648382544517517,5.398951053619385,,5.327924728393555,,,274.0,,,,,,,,,,,
25,,,31559,4.0,0.9818000197410583,0.49540820717811584,0.06962288171052933,0.49136680364608765,0.49951666593551636,5.273367881774902,,5.203744888305664,,,238.0,,,,,,,,,,,
25,,,31569,4.0,0.9850500226020813,0.5305001735687256,0.07316036522388458,0.5748116970062256,0.5202958583831787,4.511312484741211,,4.438152313232422,,,100.0,,,,,,,,,,,
25,,,31579,4.0,0.9802500009536743,0.5774558186531067,0.071045882999897,0.7509912252426147,0.5480766892433167,4.886291027069092,,4.815245151519775,,,126.0,,,,,,,,,,,
25,,,31589,4.0,0.9932500123977661,0.4983067810535431,0.03826052322983742,0.49662500619888306,0.5,4.010967254638672,,3.9727067947387695,,,73.0,,,,,,,,,,,
25,,,31599,4.0,0.9736999869346619,0.49333739280700684,0.08841387927532196,0.48684999346733093,0.5,5.202209949493408,,5.113796234130859,,,266.0,,,,,,,,,,,
25,,,31609,4.0,0.9811999797821045,0.701473593711853,0.06310655176639557,0.7682186365127563,0.6622449159622192,4.859395503997803,,4.796288967132568,,,243.0,,,,,,,,,,,
25,,,31619,4.0,0.9789999723434448,0.4946942925453186,0.0712762400507927,0.4894999861717224,0.5,5.776706695556641,,5.705430507659912,,,301.0,,,,,,,,,,,
25,,,31629,4.0,0.9517999887466431,0.5104101300239563,0.17666298151016235,0.7437909841537476,0.5113670229911804,6.0837883949279785,,5.907125473022461,,,346.0,,,,,,,,,,,
25,,,31639,4.0,0.9600499868392944,0.5158947706222534,0.12375468760728836,0.8594815731048584,0.5133311152458191,5.865560531616211,,5.7418060302734375,,,275.0,,,,,,,,,,,
25,,,31649,4.0,0.9800999760627747,0.625068724155426,0.04919474571943283,0.8590515851974487,0.5783675909042358,5.57418966293335,,5.524994850158691,,,332.0,,,,,,,,,,,
25,,,31659,4.0,0.9744499921798706,0.5012356638908386,0.06623683869838715,0.7373199462890625,0.5038112998008728,5.409486293792725,,5.343249320983887,,,244.0,,,,,,,,,,,
25,,,31669,4.0,0.9685500264167786,0.5118539333343506,0.0814615786075592,0.7799375057220459,0.5100361704826355,5.631081581115723,,5.549620151519775,,,282.0,,,,,,,,,,,
25,,,31679,4.0,0.9933000206947327,0.4983193576335907,0.0400298573076725,0.4969232976436615,0.49972328543663025,3.8213272094726562,,3.781297445297241,,,64.0,,,,,,,,,,,
25,,,31689,4.0,0.9746500253677368,0.7340360879898071,0.07820539176464081,0.7498199939727783,0.7202633619308472,4.790486812591553,,4.712281227111816,,,183.0,,,,,,,,,,,
25,,,31699,4.0,0.9746500253677368,0.4994281232357025,0.09015091508626938,0.654136061668396,0.5028223395347595,5.45070219039917,,5.360551357269287,,,291.0,,,,,,,,,,,
25,,,31709,4.0,0.9851999878883362,0.5557924509048462,0.0486469641327858,0.7959436178207397,0.5326732993125916,4.65992546081543,,4.611278533935547,,,121.0,,,,,,,,,,,
25,,,31719,4.0,0.9911999702453613,0.5664162039756775,0.04103840887546539,0.607926070690155,0.5484116673469543,3.7411420345306396,,3.700103521347046,,,68.0,,,,,,,,,,,
25,,,31729,4.0,0.9821000099182129,0.662750244140625,0.05774387717247009,0.6868943572044373,0.6443707942962646,4.887251853942871,,4.829507827758789,,,162.0,,,,,,,,,,,
25,,,31739,4.0,0.9937000274658203,0.49842002987861633,0.02718498557806015,0.49685001373291016,0.5,4.284780979156494,,4.257596015930176,,,89.0,,,,,,,,,,,
25,,,31749,4.0,0.9577000141143799,0.5052070617675781,0.1104271337389946,0.9455258250236511,0.5081228613853455,5.824455738067627,,5.714028835296631,,,356.0,,,,,,,,,,,
25,,,31759,4.0,0.9673500061035156,0.4962531328201294,0.0964229628443718,0.983672559261322,0.5022866129875183,5.453019618988037,,5.35659646987915,,,327.0,,,,,,,,,,,
25,,,31769,4.0,0.972000002861023,0.4929006099700928,0.10633888840675354,0.4860000014305115,0.5,5.352663993835449,,5.2463250160217285,,,253.0,,,,,,,,,,,
25,,,31779,4.0,0.9796500205993652,0.5853917598724365,0.05541524663567543,0.6005458235740662,0.5744611024856567,4.545228004455566,,4.489812850952148,,,153.0,,,,,,,,,,,
25,,,31789,4.0,0.977649986743927,0.5517668128013611,0.06454488635063171,0.8114229440689087,0.5311123132705688,4.847756385803223,,4.783211708068848,,,221.0,,,,,,,,,,,
25,,,31799,4.0,0.9728500247001648,0.49311909079551697,0.08072326332330704,0.4864250123500824,0.5,5.352262496948242,,5.271539211273193,,,292.0,,,,,,,,,,,
25,,,31809,4.0,0.9714000225067139,0.5500081777572632,0.08429436385631561,0.8713579177856445,0.5306529998779297,5.612900257110596,,5.528605937957764,,,314.0,,,,,,,,,,,
25,,,31819,4.0,0.9700000286102295,0.577997088432312,0.10567107796669006,0.778478741645813,0.5490267276763916,5.423053741455078,,5.3173828125,,,199.0,,,,,,,,,,,
25,,,31829,4.0,0.9693999886512756,0.606804609298706,0.09201762080192566,0.6428956985473633,0.5862680673599243,5.29378604888916,,5.201768398284912,,,196.0,,,,,,,,,,,
25,,,31839,4.0,0.9750000238418579,0.6755585670471191,0.06754005700349808,0.7400993704795837,0.6395944356918335,4.814096927642822,,4.746556758880615,,,233.0,,,,,,,,,,,
25,,,31849,4.0,0.9701499938964844,0.4924244284629822,0.09242940694093704,0.4850749969482422,0.5,5.548059940338135,,5.455630302429199,,,230.0,,,,,,,,,,,
25,,,31859,4.0,0.9737499952316284,0.5063348412513733,0.08068039268255234,0.8051496744155884,0.5065261125564575,5.057419300079346,,4.976738929748535,,,164.0,,,,,,,,,,,
25,,,31869,4.0,0.9724500179290771,0.5088303089141846,0.07887738198041916,0.6740838885307312,0.5078713893890381,5.103417873382568,,5.024540424346924,,,316.0,,,,,,,,,,,
25,,,31879,4.0,0.9696999788284302,0.5035960674285889,0.09549012780189514,0.6693463921546936,0.5055143237113953,5.021202564239502,,4.925712585449219,,,236.0,,,,,,,,,,,
25,,,31889,4.0,0.9869499802589417,0.5660195350646973,0.051285114139318466,0.700092613697052,0.540907084941864,4.701614856719971,,4.65032958984375,,,144.0,,,,,,,,,,,
25,,,31899,4.0,0.9939500093460083,0.6030568480491638,0.03098275139927864,0.5928121209144592,0.6159161925315857,3.5402843952178955,,3.5093016624450684,,,42.0,,,,,,,,,,,
25,,,31909,4.0,0.9926000237464905,0.49814313650131226,0.04191195219755173,0.49709534645080566,0.4991953372955322,3.78261137008667,,3.740699529647827,,,47.0,,,,,,,,,,,
25,,,31919,4.0,0.9861000180244446,0.606044352054596,0.04486292600631714,0.6549311280250549,0.5812337398529053,3.9609646797180176,,3.9161016941070557,,,81.0,,,,,,,,,,,
25,,,31929,4.0,0.9763000011444092,0.5737774968147278,0.08392807841300964,0.8056614995002747,0.5449724793434143,5.34135627746582,,5.257428169250488,,,250.0,,,,,,,,,,,
25,,,31939,4.0,0.961899995803833,0.5080046057701111,0.1079411655664444,0.8310810327529907,0.5089349150657654,5.844939708709717,,5.736998558044434,,,307.0,,,,,,,,,,,
25,,,31949,4.0,0.9728999733924866,0.49313193559646606,0.08379253000020981,0.4864499866962433,0.5,5.544418811798096,,5.460626125335693,,,283.0,,,,,,,,,,,
25,,,31959,4.0,0.9868999719619751,0.5078969597816467,0.05167725682258606,0.8684737086296082,0.5056564807891846,5.111133575439453,,5.0594563484191895,,,90.0,,,,,,,,,,,
25,,,31969,4.0,0.9703999757766724,0.5824916958808899,0.0821211040019989,0.7899143695831299,0.5517622232437134,4.844748497009277,,4.762627601623535,,,229.0,,,,,,,,,,,
25,,,31979,4.0,0.9764500260353088,0.5313646793365479,0.07262217998504639,0.7454107999801636,0.5196662545204163,5.407059192657471,,5.334436893463135,,,258.0,,,,,,,,,,,
25,,,31989,4.0,0.9888499975204468,0.5016411542892456,0.059740807861089706,0.5331830978393555,0.502055287361145,4.318027019500732,,4.258285999298096,,,64.0,,,,,,,,,,,
25,,,31999,4.0,0.9905499815940857,0.6794379949569702,0.04062888026237488,0.7995035648345947,0.6289234757423401,4.570986747741699,,4.530357837677002,,,113.0,,,,,,,,,,,
25,,,32009,4.0,0.9624999761581421,0.4904458522796631,0.12336891889572144,0.48124998807907104,0.5,5.515511512756348,,5.3921427726745605,,,372.0,,,,,,,,,,,
25,,,32019,4.0,0.9781000018119812,0.5918760299682617,0.06051268428564072,0.8251022100448608,0.556323766708374,5.059160232543945,,4.998647689819336,,,213.0,,,,,,,,,,,
25,,,32029,4.0,0.9630500078201294,0.49058863520622253,0.13524891436100006,0.4823208153247833,0.4991448223590851,5.411267280578613,,5.276018142700195,,,234.0,,,,,,,,,,,
25,,,32039,4.0,0.9861999750137329,0.5071638226509094,0.05054835230112076,0.6087303161621094,0.5053228139877319,5.188774585723877,,5.13822603225708,,,124.0,,,,,,,,,,,
25,,,32049,4.0,0.9679499864578247,0.6238412857055664,0.0946536734700203,0.8014522790908813,0.5817195177078247,5.997406482696533,,5.902752876281738,,,343.0,,,,,,,,,,,
25,,,32059,4.0,0.9846000075340271,0.6130263209342957,0.04768485948443413,0.68832927942276,0.5817535519599915,4.957970142364502,,4.910285472869873,,,154.0,,,,,,,,,,,
25,,,32069,4.0,0.9725000262260437,0.4948403835296631,0.09986156970262527,0.49442771077156067,0.499036580324173,6.018097400665283,,5.918235778808594,,,401.0,,,,,,,,,,,
25,,,32079,4.0,0.9760000109672546,0.6302629709243774,0.06430266797542572,0.8902711868286133,0.5815513134002686,5.7399420738220215,,5.675639629364014,,,381.0,,,,,,,,,,,
25,,,32089,4.0,0.9664999842643738,0.49148231744766235,0.09510661661624908,0.4832499921321869,0.5,5.5078535079956055,,5.412746906280518,,,291.0,,,,,,,,,,,
25,,,32099,4.0,0.9663500189781189,0.4929245710372925,0.1052924171090126,0.9831741452217102,0.5007418394088745,5.381629943847656,,5.276337623596191,,,248.0,,,,,,,,,,,
25,,,32109,4.0,0.9725000262260437,0.5712319612503052,0.07307702302932739,0.6873176097869873,0.5466873645782471,5.141170024871826,,5.0680928230285645,,,215.0,,,,,,,,,,,
25,,,32119,4.0,0.9818500280380249,0.5139869451522827,0.052857398986816406,0.7410937547683716,0.5094636082649231,4.718073844909668,,4.665216445922852,,,184.0,,,,,,,,,,,
25,,,32129,4.0,0.9746999740600586,0.5144237279891968,0.07683909684419632,0.7625625729560852,0.5105959177017212,5.664350986480713,,5.587512016296387,,,319.0,,,,,,,,,,,
25,,,32139,4.0,0.9834499955177307,0.5348222255706787,0.0639730915427208,0.6718222498893738,0.5212398171424866,4.9226837158203125,,4.858710765838623,,,191.0,,,,,,,,,,,
25,,,32149,4.0,0.9758999943733215,0.6505625247955322,0.08581660687923431,0.7113417387008667,0.6181004643440247,5.1254730224609375,,5.039656639099121,,,166.0,,,,,,,,,,,
25,,,32159,4.0,0.9811499714851379,0.701138973236084,0.05800880864262581,0.9309571981430054,0.6339582204818726,5.462395191192627,,5.404386520385742,,,295.0,,,,,,,,,,,
25,,,32169,4.0,0.9697999954223633,0.49725112318992615,0.077113077044487,0.9848977327346802,0.5024711489677429,5.383255481719971,,5.306142330169678,,,284.0,,,,,,,,,,,
25,,,32179,4.0,0.9828000068664551,0.5014094114303589,0.06645505130290985,0.9913991689682007,0.5028901696205139,4.944925308227539,,4.878470420837402,,,168.0,,,,,,,,,,,
,8.438508174347009e-05,0.0008438508174347009,32188,,,,,,,,,,,,,,,,,,,,,,,
26,,,32189,4.0,0.966949999332428,0.6388178467750549,0.10805650800466537,0.6990129947662354,0.6082411408424377,5.469635963439941,,5.361579418182373,,,302.0,,,,,,,,,,,
26,,,32199,4.0,0.9743000268936157,0.5085830688476562,0.07706297188997269,0.5350545048713684,0.5070096254348755,5.117223739624023,,5.040160655975342,,,222.0,,,,,,,,,,,
26,,,32209,4.0,0.985450029373169,0.525460422039032,0.05875889211893082,0.5514151453971863,0.5177948474884033,4.383767127990723,,4.325008392333984,,,85.0,,,,,,,,,,,
26,,,32219,4.0,0.9503499865531921,0.5192945003509521,0.13837720453739166,0.7638639807701111,0.516308069229126,5.989047527313232,,5.850670337677002,,,346.0,,,,,,,,,,,
26,,,32229,4.0,0.95660001039505,0.5098698735237122,0.13511739671230316,0.6046476364135742,0.5099591016769409,5.655490398406982,,5.5203728675842285,,,487.0,,,,,,,,,,,
26,,,32239,4.0,0.9772499799728394,0.5251705050468445,0.08059322834014893,0.7096697092056274,0.5161437392234802,5.2954792976379395,,5.21488618850708,,,190.0,,,,,,,,,,,
26,,,32249,4.0,0.9745000004768372,0.6778994798660278,0.0696033239364624,0.775359034538269,0.6333187222480774,5.143702507019043,,5.074099063873291,,,268.0,,,,,,,,,,,
26,,,32259,4.0,0.9848999977111816,0.5386178493499756,0.050748053938150406,0.6207297444343567,0.5244152545928955,4.629221439361572,,4.5784735679626465,,,100.0,,,,,,,,,,,
26,,,32269,4.0,0.9510999917984009,0.4874686002731323,0.14517928659915924,0.4755737781524658,0.49997371435165405,5.8043389320373535,,5.6591596603393555,,,357.0,,,,,,,,,,,
26,,,32279,4.0,0.9648500084877014,0.49105530977249146,0.11946868896484375,0.4824250042438507,0.5,5.688080310821533,,5.5686116218566895,,,506.0,,,,,,,,,,,
26,,,32289,4.0,0.9786999821662903,0.7508489489555359,0.08220035582780838,0.8234268426895142,0.7060267329216003,5.58662223815918,,5.504421710968018,,,336.0,,,,,,,,,,,
26,,,32299,4.0,0.9742500185966492,0.4954124391078949,0.07839015871286392,0.9871243238449097,0.5009689927101135,5.10607385635376,,5.027683734893799,,,207.0,,,,,,,,,,,
26,,,32309,4.0,0.9729499816894531,0.5532944798469543,0.07288315892219543,0.7407534122467041,0.5332077741622925,5.163758754730225,,5.090875625610352,,,217.0,,,,,,,,,,,
26,,,32319,4.0,0.9789000153541565,0.5151208639144897,0.0631663054227829,0.7147147059440613,0.5104333758354187,5.182989120483398,,5.119822978973389,,,216.0,,,,,,,,,,,
26,,,32329,4.0,0.947700023651123,0.5619965195655823,0.15843595564365387,0.8524916172027588,0.5411356687545776,5.937729358673096,,5.779293537139893,,,571.0,,,,,,,,,,,
26,,,32339,4.0,0.9567499756813049,0.5056998133659363,0.12590113282203674,0.6495084762573242,0.5080559253692627,6.028816223144531,,5.902915000915527,,,346.0,,,,,,,,,,,
26,,,32349,4.0,0.9742000102996826,0.6557281017303467,0.06715859472751617,0.6916201114654541,0.6318058967590332,5.144998550415039,,5.0778398513793945,,,188.0,,,,,,,,,,,
26,,,32359,4.0,0.9821000099182129,0.6499064564704895,0.06549394875764847,0.8915075063705444,0.5951831340789795,4.942000865936279,,4.876506805419922,,,180.0,,,,,,,,,,,
26,,,32369,4.0,0.9851999878883362,0.5157517790794373,0.04444164037704468,0.6595602631568909,0.5100404024124146,4.843017578125,,4.7985758781433105,,,236.0,,,,,,,,,,,
26,,,32379,4.0,0.9872000217437744,0.5119302272796631,0.05547250807285309,0.6755897998809814,0.5077279210090637,4.639784812927246,,4.584312438964844,,,128.0,,,,,,,,,,,
26,,,32389,4.0,0.9809499979019165,0.5029429197311401,0.07480714470148087,0.55912184715271,0.503625750541687,5.16034460067749,,5.085537433624268,,,206.0,,,,,,,,,,,
26,,,32399,4.0,0.9784500002861023,0.6323462724685669,0.049688540399074554,0.7773966789245605,0.589147686958313,5.430901527404785,,5.381213188171387,,,320.0,,,,,,,,,,,
26,,,32409,4.0,0.9911999702453613,0.49779027700424194,0.044430922716856,0.49559998512268066,0.5,4.528744697570801,,4.48431396484375,,,89.0,,,,,,,,,,,
26,,,32419,4.0,0.9757000207901001,0.5370761752128601,0.06615752726793289,0.9878360033035278,0.5225933194160461,5.595977306365967,,5.529819965362549,,,334.0,,,,,,,,,,,
26,,,32429,4.0,0.971750020980835,0.651192307472229,0.08603127300739288,0.6357865333557129,0.6710232496261597,4.600738048553467,,4.514706611633301,,,136.0,,,,,,,,,,,
26,,,32439,4.0,0.9627500176429749,0.5010193586349487,0.10829166322946548,0.8147972226142883,0.5052365660667419,5.837104320526123,,5.7288126945495605,,,294.0,,,,,,,,,,,
26,,,32449,4.0,0.9730499982833862,0.6532775163650513,0.08600565046072006,0.7604396343231201,0.6108437776565552,5.252296447753906,,5.166290760040283,,,177.0,,,,,,,,,,,
26,,,32459,4.0,0.9767500162124634,0.5186554193496704,0.07161495089530945,0.8218480348587036,0.5125852227210999,5.2524800300598145,,5.180865287780762,,,251.0,,,,,,,,,,,
26,,,32469,4.0,0.9834499955177307,0.49582797288894653,0.07180728763341904,0.49172499775886536,0.5,4.859245777130127,,4.78743839263916,,,218.0,,,,,,,,,,,
26,,,32479,4.0,0.980650007724762,0.5310827493667603,0.0729512870311737,0.8476078510284424,0.5187863707542419,4.971128940582275,,4.898177623748779,,,227.0,,,,,,,,,,,
26,,,32489,4.0,0.9829000234603882,0.5014680624008179,0.0517684631049633,0.9914491176605225,0.5029069781303406,5.040383338928223,,4.988615036010742,,,187.0,,,,,,,,,,,
26,,,32499,4.0,0.9781500101089478,0.5476396083831787,0.07092929631471634,0.7396981716156006,0.5290837287902832,5.366065979003906,,5.295136451721191,,,249.0,,,,,,,,,,,
26,,,32509,4.0,0.9707000255584717,0.7433034777641296,0.10045014321804047,0.788084864616394,0.711417019367218,5.546366214752197,,5.445916175842285,,,296.0,,,,,,,,,,,
26,,,32519,4.0,0.9744499921798706,0.7172451019287109,0.06875141710042953,0.844837486743927,0.6610804796218872,5.431883335113525,,5.363131999969482,,,326.0,,,,,,,,,,,
26,,,32529,4.0,0.9900000095367432,0.609886884689331,0.04259292781352997,0.8870829939842224,0.5654086470603943,4.6557440757751465,,4.6131510734558105,,,150.0,,,,,,,,,,,
26,,,32539,4.0,0.9807000160217285,0.5844793319702148,0.05717100203037262,0.6427492499351501,0.5611452460289001,5.241411209106445,,5.184240341186523,,,198.0,,,,,,,,,,,
26,,,32549,4.0,0.967199981212616,0.6441441774368286,0.09438113123178482,0.7858299612998962,0.5997851490974426,5.521226406097412,,5.426845073699951,,,296.0,,,,,,,,,,,
26,,,32559,4.0,0.9940999746322632,0.4985206425189972,0.028441747650504112,0.4970499873161316,0.5,4.079588890075684,,4.051146984100342,,,78.0,,,,,,,,,,,
26,,,32569,4.0,0.9819999933242798,0.6041432619094849,0.05264771729707718,0.6769266128540039,0.5749750733375549,4.661364555358887,,4.60871696472168,,,137.0,,,,,,,,,,,
26,,,32579,4.0,0.9816499948501587,0.6106610894203186,0.07703175395727158,0.7355939149856567,0.5740725994110107,4.844775676727295,,4.767744064331055,,,118.0,,,,,,,,,,,
26,,,32589,4.0,0.9730499982833862,0.6342787146568298,0.060867585241794586,0.8658574223518372,0.5858662724494934,5.846780776977539,,5.785912990570068,,,398.0,,,,,,,,,,,
26,,,32599,4.0,0.9825999736785889,0.6892493367195129,0.05153369903564453,0.6605883836746216,0.7313526272773743,4.393798351287842,,4.342264652252197,,,135.0,,,,,,,,,,,
26,,,32609,4.0,0.9625499844551086,0.4931139051914215,0.12684054672718048,0.7313212752342224,0.5012831687927246,5.793649673461914,,5.66680908203125,,,329.0,,,,,,,,,,,
26,,,32619,4.0,0.9793999791145325,0.7200849056243896,0.0704292356967926,0.7941538691520691,0.6769454479217529,5.24290132522583,,5.17247200012207,,,254.0,,,,,,,,,,,
26,,,32629,4.0,0.975350022315979,0.7012967467308044,0.0587812140583992,0.783277153968811,0.6576589345932007,5.571432590484619,,5.512651443481445,,,269.0,,,,,,,,,,,
26,,,32639,4.0,0.9760000109672546,0.49392712116241455,0.08081387728452682,0.4881952702999115,0.49979516863822937,5.497885227203369,,5.417071342468262,,,296.0,,,,,,,,,,,
26,,,32649,4.0,0.9717000126838684,0.6613888740539551,0.06784001737833023,0.8384637832641602,0.6093637347221375,5.790317058563232,,5.722476959228516,,,359.0,,,,,,,,,,,
26,,,32659,4.0,0.9757999777793884,0.5193620920181274,0.07570022344589233,0.5991870760917664,0.513235867023468,5.237522125244141,,5.1618218421936035,,,237.0,,,,,,,,,,,
26,,,32669,4.0,0.9799500107765198,0.63234943151474,0.054784685373306274,0.6316455602645874,0.633061408996582,4.128749847412109,,4.073965072631836,,,131.0,,,,,,,,,,,
26,,,32679,4.0,0.9800999760627747,0.5527461767196655,0.0713191032409668,0.6146491765975952,0.5357556939125061,4.910375118255615,,4.839056015014648,,,206.0,,,,,,,,,,,
26,,,32689,4.0,0.9781500101089478,0.5651940107345581,0.07304995507001877,0.6066871881484985,0.5480571389198303,4.904726028442383,,4.831676006317139,,,174.0,,,,,,,,,,,
26,,,32699,4.0,0.98785001039505,0.6676658987998962,0.05856381729245186,0.7691104412078857,0.6226990222930908,4.457261562347412,,4.398697853088379,,,152.0,,,,,,,,,,,
26,,,32709,4.0,0.9843000173568726,0.5806936025619507,0.047645874321460724,0.7509424686431885,0.5498708486557007,5.020518779754639,,4.972872734069824,,,217.0,,,,,,,,,,,
26,,,32719,4.0,0.9626500010490417,0.5410059094429016,0.13833647966384888,0.6257474422454834,0.5280030369758606,5.713712692260742,,5.575376033782959,,,245.0,,,,,,,,,,,
26,,,32729,4.0,0.9791499972343445,0.6442886590957642,0.05451414734125137,0.7238447666168213,0.607793927192688,5.2114362716674805,,5.156922340393066,,,210.0,,,,,,,,,,,
26,,,32739,4.0,0.9832000136375427,0.7212249636650085,0.049006737768650055,0.8044400811195374,0.674781322479248,5.679165363311768,,5.630158424377441,,,336.0,,,,,,,,,,,
26,,,32749,4.0,0.9849500060081482,0.6595059633255005,0.05135639011859894,0.7146360278129578,0.6275351047515869,4.6598687171936035,,4.6085124015808105,,,142.0,,,,,,,,,,,
26,,,32759,4.0,0.9804999828338623,0.5921727418899536,0.06751494854688644,0.5956982374191284,0.5889164209365845,4.785823345184326,,4.718308448791504,,,133.0,,,,,,,,,,,
26,,,32769,4.0,0.975350022315979,0.6127470135688782,0.05438480153679848,0.8481758236885071,0.5705254673957825,5.671173572540283,,5.616788864135742,,,293.0,,,,,,,,,,,
26,,,32779,4.0,0.9668499827384949,0.5489642024040222,0.10943414270877838,0.7344330549240112,0.5313165187835693,5.688333988189697,,5.57889986038208,,,291.0,,,,,,,,,,,
26,,,32789,4.0,0.9735000133514404,0.49328604340553284,0.07488734275102615,0.496785044670105,0.4898359775543213,4.194876670837402,,4.119989395141602,,,66.0,,,,,,,,,,,
26,,,32799,4.0,0.9783499836921692,0.5773679614067078,0.07084862887859344,0.6370091438293457,0.5552768707275391,5.099412441253662,,5.028563976287842,,,215.0,,,,,,,,,,,
26,,,32809,4.0,0.9778000116348267,0.5590842366218567,0.06437736004590988,0.8260084390640259,0.5353823304176331,5.195063591003418,,5.130686283111572,,,263.0,,,,,,,,,,,
26,,,32819,4.0,0.9702500104904175,0.5854473114013672,0.09197628498077393,0.8037822246551514,0.5534808039665222,5.226038932800293,,5.134062767028809,,,270.0,,,,,,,,,,,
26,,,32829,4.0,0.9522500038146973,0.49802064895629883,0.12091895937919617,0.7887560129165649,0.5050562024116516,5.944262981414795,,5.8233442306518555,,,391.0,,,,,,,,,,,
26,,,32839,4.0,0.9719499945640564,0.5633152723312378,0.09058789163827896,0.6763252019882202,0.5413627028465271,5.601803779602051,,5.511215686798096,,,242.0,,,,,,,,,,,
26,,,32849,4.0,0.9756500124931335,0.6464430093765259,0.09703271836042404,0.8601962327957153,0.5950987935066223,5.809723377227783,,5.712690830230713,,,334.0,,,,,,,,,,,
26,,,32859,4.0,0.9907000064849854,0.49766412377357483,0.03854009881615639,0.49559780955314636,0.49974778294563293,4.324810981750488,,4.286271095275879,,,65.0,,,,,,,,,,,
26,,,32869,4.0,0.9898999929428101,0.6491807103157043,0.033532023429870605,0.9025944471359253,0.5929673314094543,4.8916473388671875,,4.858115196228027,,,171.0,,,,,,,,,,,
26,,,32879,4.0,0.9768499732017517,0.5226538181304932,0.08129724860191345,0.5973587036132812,0.5151291489601135,5.076475143432617,,4.995177745819092,,,225.0,,,,,,,,,,,
26,,,32889,4.0,0.9771999716758728,0.49423426389694214,0.0668700560927391,0.4885999858379364,0.5,5.3394951820373535,,5.272624969482422,,,218.0,,,,,,,,,,,
26,,,32899,4.0,0.9885500073432922,0.5953625440597534,0.04092403128743172,0.7323234677314758,0.561163067817688,4.629051208496094,,4.588127136230469,,,122.0,,,,,,,,,,,
26,,,32909,4.0,0.9620000123977661,0.5745229125022888,0.10490800440311432,0.7925477027893066,0.5475108623504639,5.694011688232422,,5.589103698730469,,,364.0,,,,,,,,,,,
26,,,32919,4.0,0.9828500151634216,0.5958991050720215,0.06445682048797607,0.7483705282211304,0.561275839805603,5.149763584136963,,5.085306644439697,,,161.0,,,,,,,,,,,
26,,,32929,4.0,0.9785500168800354,0.7205840945243835,0.06997925043106079,0.8564910292625427,0.6619157791137695,5.056584358215332,,4.986605167388916,,,302.0,,,,,,,,,,,
26,,,32939,4.0,0.986050009727478,0.6035234928131104,0.057997558265924454,0.6351498961448669,0.5842808485031128,4.507714748382568,,4.449717044830322,,,112.0,,,,,,,,,,,
26,,,32949,4.0,0.9729499816894531,0.49314478039741516,0.10949236154556274,0.4864993393421173,0.4999743103981018,5.85469913482666,,5.745206832885742,,,403.0,,,,,,,,,,,
26,,,32959,4.0,0.9617999792098999,0.5704474449157715,0.10043047368526459,0.8135426640510559,0.5446614623069763,5.6762847900390625,,5.575854301452637,,,303.0,,,,,,,,,,,
26,,,32969,4.0,0.9770500063896179,0.5209962129592896,0.09800311177968979,0.6220520734786987,0.513988196849823,6.057392597198486,,5.959389686584473,,,318.0,,,,,,,,,,,
26,,,32979,4.0,0.9885500073432922,0.5953625440597534,0.047140393406152725,0.6307703852653503,0.575430691242218,3.8391244411468506,,3.7919840812683105,,,73.0,,,,,,,,,,,
26,,,32989,4.0,0.9822499752044678,0.8137727975845337,0.05851120501756668,0.780234694480896,0.8572376370429993,5.700132369995117,,5.641621112823486,,,350.0,,,,,,,,,,,
26,,,32999,4.0,0.9908999800682068,0.4977146089076996,0.04686333239078522,0.4954499900341034,0.5,4.34511137008667,,4.298247814178467,,,85.0,,,,,,,,,,,
26,,,33009,4.0,0.9888499975204468,0.5060071349143982,0.03723273426294327,0.5181922912597656,0.5044047832489014,4.436293601989746,,4.3990607261657715,,,94.0,,,,,,,,,,,
26,,,33019,4.0,0.9587500095367432,0.5444589853286743,0.12800200283527374,0.794858992099762,0.5293587446212769,5.723403453826904,,5.595401287078857,,,488.0,,,,,,,,,,,
26,,,33029,4.0,0.9781000018119812,0.6511760950088501,0.08026457577943802,0.6564977169036865,0.6462279558181763,4.800195217132568,,4.719930648803711,,,125.0,,,,,,,,,,,
26,,,33039,4.0,0.9820500016212463,0.6175638437271118,0.05895935744047165,0.6904789209365845,0.5861525535583496,4.636456489562988,,4.5774970054626465,,,125.0,,,,,,,,,,,
26,,,33049,4.0,0.9663500189781189,0.49144354462623596,0.11449356377124786,0.48548102378845215,0.49755433201789856,5.127867221832275,,5.013373851776123,,,224.0,,,,,,,,,,,
26,,,33059,4.0,0.991349995136261,0.49782809615135193,0.03538685292005539,0.4956749975681305,0.5,4.442387104034424,,4.4070000648498535,,,98.0,,,,,,,,,,,
26,,,33069,4.0,0.9815499782562256,0.5258760452270508,0.0638522356748581,0.9907695055007935,0.5157480239868164,5.025388717651367,,4.961536407470703,,,172.0,,,,,,,,,,,
26,,,33079,4.0,0.9883000254631042,0.722395658493042,0.03820221498608589,0.8758200407028198,0.6592385768890381,5.267989635467529,,5.229787349700928,,,214.0,,,,,,,,,,,
26,,,33089,4.0,0.9879000186920166,0.7703422904014587,0.04385649412870407,0.7544047832489014,0.7885063290596008,4.83173942565918,,4.7878828048706055,,,163.0,,,,,,,,,,,
26,,,33099,4.0,0.9728000164031982,0.5797123908996582,0.08253654092550278,0.605983555316925,0.5646372437477112,5.1362762451171875,,5.053739547729492,,,167.0,,,,,,,,,,,
26,,,33109,4.0,0.9642000198364258,0.5656793713569641,0.09336724877357483,0.9079852104187012,0.5407296419143677,5.458462238311768,,5.365095138549805,,,334.0,,,,,,,,,,,
26,,,33119,4.0,0.9724500179290771,0.6022087931632996,0.08003499358892441,0.7791842818260193,0.56577467918396,5.382571697235107,,5.302536487579346,,,263.0,,,,,,,,,,,
26,,,33129,4.0,0.9825000166893005,0.5040127038955688,0.0649176836013794,0.9912487268447876,0.5042492747306824,4.855413913726807,,4.790496349334717,,,135.0,,,,,,,,,,,
26,,,33139,4.0,0.9754499793052673,0.586637556552887,0.12143062800168991,0.9789430499076843,0.5512563586235046,5.464605331420898,,5.343174934387207,,,227.0,,,,,,,,,,,
26,,,33149,4.0,0.9536499977111816,0.5775356292724609,0.13099998235702515,0.8409287929534912,0.550010621547699,6.0444231033325195,,5.91342306137085,,,355.0,,,,,,,,,,,
26,,,33159,4.0,0.9818500280380249,0.5312233567237854,0.046486906707286835,0.5295219421386719,0.533173680305481,4.17803955078125,,4.131552696228027,,,113.0,,,,,,,,,,,
26,,,33169,4.0,0.9821500182151794,0.7116824388504028,0.058186449110507965,0.832601010799408,0.6568731069564819,5.5382609367370605,,5.480074405670166,,,294.0,,,,,,,,,,,
26,,,33179,4.0,0.9905499815940857,0.5700225830078125,0.033309925347566605,0.5911048650741577,0.557086706161499,3.678879976272583,,3.6455700397491455,,,51.0,,,,,,,,,,,
26,,,33189,4.0,0.9737499952316284,0.49335020780563354,0.11599914729595184,0.4870698153972626,0.49979469180107117,5.775788307189941,,5.659789085388184,,,303.0,,,,,,,,,,,
26,,,33199,4.0,0.9763500094413757,0.5911033749580383,0.06502596288919449,0.7799631357192993,0.5572315454483032,5.280642032623291,,5.215616226196289,,,197.0,,,,,,,,,,,
26,,,33209,4.0,0.9722499847412109,0.5153354406356812,0.09258396178483963,0.9194979667663574,0.5114326477050781,5.119261264801025,,5.026677131652832,,,191.0,,,,,,,,,,,
26,,,33219,4.0,0.9889000058174133,0.5799131989479065,0.04748164489865303,0.638666033744812,0.5568129420280457,4.479158878326416,,4.431677341461182,,,65.0,,,,,,,,,,,
26,,,33229,4.0,0.9863499999046326,0.4965640604496002,0.06593182682991028,0.4931996464729309,0.49997466802597046,5.011086463928223,,4.945154666900635,,,89.0,,,,,,,,,,,
26,,,33239,4.0,0.9665499925613403,0.6731435060501099,0.09003207832574844,0.7547034621238708,0.6333088874816895,5.347682952880859,,5.257650852203369,,,281.0,,,,,,,,,,,
26,,,33249,4.0,0.9646499752998352,0.4924134612083435,0.14621073007583618,0.4942814111709595,0.49959057569503784,5.628909587860107,,5.482698917388916,,,335.0,,,,,,,,,,,
26,,,33259,4.0,0.9765999913215637,0.5716851949691772,0.08874362707138062,0.8247265815734863,0.5433393716812134,5.706870079040527,,5.618126392364502,,,301.0,,,,,,,,,,,
26,,,33269,4.0,0.9738500118255615,0.6203073859214783,0.07366640865802765,0.6428037881851196,0.6043491959571838,5.03114652633667,,4.957479953765869,,,158.0,,,,,,,,,,,
26,,,33279,4.0,0.9898999929428101,0.5023640394210815,0.04348911717534065,0.9949497580528259,0.5024630427360535,4.319991588592529,,4.27650260925293,,,129.0,,,,,,,,,,,
26,,,33289,4.0,0.952750027179718,0.488957017660141,0.16523993015289307,0.5764691233634949,0.5004258751869202,5.748329162597656,,5.583089351654053,,,301.0,,,,,,,,,,,
26,,,33299,4.0,0.9764000177383423,0.74448561668396,0.07119189202785492,0.9064754843711853,0.6777877807617188,5.534091472625732,,5.462899684906006,,,354.0,,,,,,,,,,,
26,,,33309,4.0,0.9724500179290771,0.507122814655304,0.10361608862876892,0.7217326164245605,0.5070413947105408,5.74424409866333,,5.640627861022949,,,193.0,,,,,,,,,,,
26,,,33319,4.0,0.9820500016212463,0.6821837425231934,0.07169733196496964,0.8205835819244385,0.6290584802627563,5.310734272003174,,5.239037036895752,,,219.0,,,,,,,,,,,
26,,,33329,4.0,0.9737499952316284,0.5863531827926636,0.09398487210273743,0.6447684168815613,0.5630915760993958,5.0614471435546875,,4.967462062835693,,,163.0,,,,,,,,,,,
26,,,33339,4.0,0.9778000116348267,0.7723076939582825,0.06840185075998306,0.765090823173523,0.7799612879753113,5.537003040313721,,5.468601226806641,,,310.0,,,,,,,,,,,
26,,,33349,4.0,0.9664999842643738,0.7694421410560608,0.10814056545495987,0.7867096662521362,0.7543445825576782,6.13913106918335,,6.0309906005859375,,,548.0,,,,,,,,,,,
26,,,33359,4.0,0.9756500124931335,0.5300220251083374,0.0636521503329277,0.7145660519599915,0.5190795063972473,5.418821334838867,,5.355169296264648,,,179.0,,,,,,,,,,,
26,,,33369,4.0,0.9825000166893005,0.7688549757003784,0.045722026377916336,0.7286733984947205,0.8276374340057373,5.564420223236084,,5.518698215484619,,,301.0,,,,,,,,,,,
26,,,33379,4.0,0.9797000288963318,0.6089258193969727,0.083460234105587,0.7613457441329956,0.5709871649742126,5.933082580566406,,5.8496222496032715,,,194.0,,,,,,,,,,,
26,,,33389,4.0,0.9890999794006348,0.5149586200714111,0.05891971290111542,0.5902078151702881,0.509326696395874,4.996164798736572,,4.937244892120361,,,154.0,,,,,,,,,,,
26,,,33399,4.0,0.989549994468689,0.70464688539505,0.03314118832349777,0.8320146799087524,0.6488863229751587,5.401752471923828,,5.3686113357543945,,,213.0,,,,,,,,,,,
26,,,33409,4.0,0.9678999781608582,0.6481000781059265,0.090565986931324,0.8632184267044067,0.597295343875885,5.749321460723877,,5.658755302429199,,,364.0,,,,,,,,,,,
26,,,33419,4.0,0.9722499847412109,0.6532605886459351,0.06565601378679276,0.6467795372009277,0.6604015827178955,4.932455062866211,,4.8667988777160645,,,234.0,,,,,,,,,,,
,8.323493733352077e-05,0.0008323493733352077,33426,,,,,,,,,,,,,,,,,,,,,,,
27,,,33429,4.0,0.9674000144004822,0.5661033987998962,0.08675792068243027,0.8744527101516724,0.5407111644744873,5.608364582061768,,5.5216064453125,,,348.0,,,,,,,,,,,
27,,,33439,4.0,0.9731500148773193,0.6133930087089539,0.06368932127952576,0.8600342273712158,0.570922315120697,5.395157337188721,,5.331468105316162,,,283.0,,,,,,,,,,,
27,,,33449,4.0,0.9642999768257141,0.49230897426605225,0.1006433293223381,0.9821491241455078,0.5006992816925049,5.6051225662231445,,5.50447940826416,,,264.0,,,,,,,,,,,
27,,,33459,4.0,0.9838500022888184,0.597155749797821,0.06400521844625473,0.681663453578949,0.5675312280654907,5.017582416534424,,4.953577041625977,,,170.0,,,,,,,,,,,
27,,,33469,4.0,0.9767000079154968,0.5086875557899475,0.08133751899003983,0.5725356340408325,0.5070962905883789,4.7200493812561035,,4.638711929321289,,,129.0,,,,,,,,,,,
27,,,33479,4.0,0.9730499982833862,0.616216778755188,0.056961894035339355,0.6170207858085632,0.6154248714447021,4.822856903076172,,4.765894889831543,,,166.0,,,,,,,,,,,
27,,,33489,4.0,0.986299991607666,0.822648286819458,0.0421641543507576,0.8605016469955444,0.792296826839447,5.748781204223633,,5.7066168785095215,,,368.0,,,,,,,,,,,
27,,,33499,4.0,0.9872499704360962,0.5228132009506226,0.05216387286782265,0.5620440244674683,0.5149917006492615,4.434757232666016,,4.382593154907227,,,162.0,,,,,,,,,,,
27,,,33509,4.0,0.9824000000953674,0.5577443838119507,0.06003367900848389,0.7892264127731323,0.5342894196510315,4.898650169372559,,4.838616371154785,,,190.0,,,,,,,,,,,
27,,,33519,4.0,0.9897500276565552,0.5293868780136108,0.041791584342718124,0.5632972717285156,0.5198236107826233,3.728100299835205,,3.6863086223602295,,,77.0,,,,,,,,,,,
27,,,33529,4.0,0.9692000150680542,0.5351947546005249,0.07763363420963287,0.9523681402206421,0.5224989056587219,5.707350254058838,,5.629716396331787,,,311.0,,,,,,,,,,,
27,,,33539,4.0,0.9832000136375427,0.5441476702690125,0.0605749748647213,0.9915924072265625,0.5254237055778503,5.350325107574463,,5.289750099182129,,,251.0,,,,,,,,,,,
27,,,33549,4.0,0.9884999990463257,0.5296275615692139,0.04360651969909668,0.7167172431945801,0.5172910094261169,4.685854911804199,,4.642248153686523,,,98.0,,,,,,,,,,,
27,,,33559,4.0,0.9850000143051147,0.5303810834884644,0.05204539746046066,0.6342123746871948,0.5187245607376099,4.572364807128906,,4.52031946182251,,,167.0,,,,,,,,,,,
27,,,33569,4.0,0.9872499704360962,0.6585859060287476,0.04813499376177788,0.7879415154457092,0.6106317639350891,4.618888854980469,,4.570754051208496,,,131.0,,,,,,,,,,,
27,,,33579,4.0,0.950950026512146,0.509809672832489,0.12654177844524384,0.8466049432754517,0.5113356709480286,5.8402910232543945,,5.713749408721924,,,533.0,,,,,,,,,,,
27,,,33589,4.0,0.9683499932289124,0.6718666553497314,0.07480721175670624,0.66218101978302,0.682929277420044,4.8021931648254395,,4.727385997772217,,,180.0,,,,,,,,,,,
27,,,33599,4.0,0.9947500228881836,0.5080297589302063,0.02539116144180298,0.5271849036216736,0.5051537752151489,3.856088399887085,,3.8306972980499268,,,60.0,,,,,,,,,,,
27,,,33609,4.0,0.9820500016212463,0.49547186493873596,0.06241332367062569,0.49388957023620605,0.4970643222332001,4.908295154571533,,4.845881938934326,,,164.0,,,,,,,,,,,
27,,,33619,4.0,0.9745500087738037,0.717755913734436,0.08155393600463867,0.7872236371040344,0.6766586899757385,5.339486122131348,,5.257932186126709,,,304.0,,,,,,,,,,,
27,,,33629,4.0,0.972000002861023,0.49467960000038147,0.08432107418775558,0.6527145504951477,0.5008429884910583,5.088375568389893,,5.004054546356201,,,210.0,,,,,,,,,,,
27,,,33639,4.0,0.98089998960495,0.754574179649353,0.04864254221320152,0.7273107171058655,0.7898707389831543,5.4522833824157715,,5.4036407470703125,,,265.0,,,,,,,,,,,
27,,,33649,4.0,0.9793999791145325,0.5043191909790039,0.07332094758749008,0.7120426297187805,0.5047385692596436,5.007859230041504,,4.9345383644104,,,234.0,,,,,,,,,,,
27,,,33659,4.0,0.9776999950408936,0.573595404624939,0.06531742215156555,0.8028724789619446,0.5447165369987488,4.953352451324463,,4.888034820556641,,,261.0,,,,,,,,,,,
27,,,33669,4.0,0.9825500249862671,0.5771263241767883,0.06809096038341522,0.6463152170181274,0.5536006689071655,4.806060791015625,,4.737969875335693,,,139.0,,,,,,,,,,,
27,,,33679,4.0,0.9922999739646912,0.49806755781173706,0.03738441318273544,0.49647271633148193,0.49967268109321594,4.35235595703125,,4.314971446990967,,,60.0,,,,,,,,,,,
27,,,33689,4.0,0.9639000296592712,0.5042815208435059,0.11312420666217804,0.7945857048034668,0.506731390953064,5.457520484924316,,5.344396114349365,,,276.0,,,,,,,,,,,
27,,,33699,4.0,0.9605500102043152,0.6960495114326477,0.12285931408405304,0.8786047697067261,0.637441873550415,6.128910064697266,,6.0060505867004395,,,381.0,,,,,,,,,,,
27,,,33709,4.0,0.9930999875068665,0.7058918476104736,0.03623246029019356,0.7790982723236084,0.6634724140167236,4.642090320587158,,4.605857849121094,,,116.0,,,,,,,,,,,
27,,,33719,4.0,0.9780499935150146,0.5632040500640869,0.07205650955438614,0.5718041658401489,0.5566101670265198,4.862002372741699,,4.78994607925415,,,114.0,,,,,,,,,,,
27,,,33729,4.0,0.9747499823570251,0.4936067759990692,0.09994901716709137,0.4873749911785126,0.5,5.497920036315918,,5.397971153259277,,,182.0,,,,,,,,,,,
27,,,33739,4.0,0.9566500186920166,0.6349425315856934,0.10875799506902695,0.6363460421562195,0.6335721015930176,5.405145645141602,,5.296387672424316,,,225.0,,,,,,,,,,,
27,,,33749,4.0,0.9835500121116638,0.49585339426994324,0.06509348005056381,0.4933537244796753,0.4983785152435303,4.503007888793945,,4.4379143714904785,,,106.0,,,,,,,,,,,
27,,,33759,4.0,0.9828000068664551,0.5152142643928528,0.051534056663513184,0.5283717513084412,0.5112380981445312,4.746013164520264,,4.694478988647461,,,204.0,,,,,,,,,,,
27,,,33769,4.0,0.9546999931335449,0.4884125292301178,0.11544647067785263,0.47734999656677246,0.5,5.8555073738098145,,5.740060806274414,,,394.0,,,,,,,,,,,
27,,,33779,4.0,0.9625999927520752,0.49180465936660767,0.10442642867565155,0.9812990427017212,0.5006675720214844,5.363961696624756,,5.259535312652588,,,352.0,,,,,,,,,,,
27,,,33789,4.0,0.9843000173568726,0.5975587964057922,0.0525650754570961,0.5742725729942322,0.6448139548301697,4.300281047821045,,4.247715950012207,,,75.0,,,,,,,,,,,
27,,,33799,4.0,0.9848499894142151,0.4961836040019989,0.04986715689301491,0.49242499470710754,0.5,4.825292587280273,,4.775425434112549,,,110.0,,,,,,,,,,,
27,,,33809,4.0,0.9776999950408936,0.7069435715675354,0.08830049633979797,0.8025546073913574,0.6588825583457947,4.990763187408447,,4.902462482452393,,,220.0,,,,,,,,,,,
27,,,33819,4.0,0.9828000068664551,0.6431878805160522,0.05834338814020157,0.7213467359542847,0.6069048643112183,4.647935390472412,,4.589591979980469,,,116.0,,,,,,,,,,,
27,,,33829,4.0,0.9848499894142151,0.4961836040019989,0.06090065836906433,0.49242499470710754,0.5,4.779139995574951,,4.7182393074035645,,,130.0,,,,,,,,,,,
27,,,33839,4.0,0.98294997215271,0.6658944487571716,0.04987045004963875,0.8283787369728088,0.6128934621810913,6.199151515960693,,6.149281024932861,,,301.0,,,,,,,,,,,
27,,,33849,4.0,0.9728500247001648,0.5932425260543823,0.06872396171092987,0.933942437171936,0.5561785101890564,5.4542412757873535,,5.385517120361328,,,323.0,,,,,,,,,,,
27,,,33859,4.0,0.9914500117301941,0.6572115421295166,0.04281380772590637,0.6860402822494507,0.6362689733505249,4.0274858474731445,,3.9846720695495605,,,71.0,,,,,,,,,,,
27,,,33869,4.0,0.9905499815940857,0.49762627482414246,0.03315940499305725,0.4959445297718048,0.49931949377059937,3.9362239837646484,,3.903064489364624,,,80.0,,,,,,,,,,,
27,,,33879,4.0,0.9788500070571899,0.5398116111755371,0.05853914096951485,0.6052897572517395,0.5263413786888123,4.795710563659668,,4.737171649932861,,,193.0,,,,,,,,,,,
27,,,33889,4.0,0.9810000061988831,0.49520444869995117,0.07647763192653656,0.4906226694583893,0.499872624874115,4.847886085510254,,4.771408557891846,,,151.0,,,,,,,,,,,
27,,,33899,4.0,0.984250009059906,0.5498517751693726,0.06352273374795914,0.69074946641922,0.5304113030433655,4.33560037612915,,4.272077560424805,,,112.0,,,,,,,,,,,
27,,,33909,4.0,0.9772499799728394,0.5028852224349976,0.07591482251882553,0.9886227250099182,0.5043572783470154,5.364640712738037,,5.288725852966309,,,297.0,,,,,,,,,,,
27,,,33919,4.0,0.9778500199317932,0.5139207243919373,0.07159678637981415,0.6849148273468018,0.5099161267280579,5.076188087463379,,5.004591464996338,,,215.0,,,,,,,,,,,
27,,,33929,4.0,0.9787999987602234,0.5193039178848267,0.0636550635099411,0.882324755191803,0.5126548409461975,5.3033037185668945,,5.239648818969727,,,232.0,,,,,,,,,,,
27,,,33939,4.0,0.9696999788284302,0.6096962094306946,0.09276263415813446,0.5925217866897583,0.6361140608787537,5.057170867919922,,4.9644083976745605,,,146.0,,,,,,,,,,,
27,,,33949,4.0,0.9711999893188477,0.6106988191604614,0.07151538133621216,0.5968430042266846,0.6298890113830566,4.791887283325195,,4.720371723175049,,,118.0,,,,,,,,,,,
27,,,33959,4.0,0.9659500122070312,0.6065491437911987,0.10912547260522842,0.7261381149291992,0.5729343295097351,5.907299518585205,,5.798173904418945,,,410.0,,,,,,,,,,,
27,,,33969,4.0,0.9698500037193298,0.6232722997665405,0.09290041774511337,0.6462131142616272,0.6070392727851868,5.189081192016602,,5.0961809158325195,,,226.0,,,,,,,,,,,
27,,,33979,4.0,0.9945999979972839,0.4986463487148285,0.03499992564320564,0.49782270193099976,0.4994727075099945,3.88789701461792,,3.8528971672058105,,,50.0,,,,,,,,,,,
27,,,33989,4.0,0.9873499870300293,0.7812878489494324,0.035229917615652084,0.8462355136871338,0.7374484539031982,5.401149272918701,,5.365919589996338,,,250.0,,,,,,,,,,,
27,,,33999,4.0,0.9810000061988831,0.5202020406723022,0.059447962790727615,0.6103293299674988,0.5131518840789795,4.918580532073975,,4.859132766723633,,,256.0,,,,,,,,,,,
27,,,34009,4.0,0.9865000247955322,0.5144583582878113,0.05155419930815697,0.7433717250823975,0.5091325640678406,4.62049674987793,,4.568942546844482,,,97.0,,,,,,,,,,,
27,,,34019,4.0,0.9828500151634216,0.4956754148006439,0.04541163891553879,0.49528825283050537,0.4960632026195526,4.718943119049072,,4.673531532287598,,,141.0,,,,,,,,,,,
27,,,34029,4.0,0.9677000045776367,0.6502918004989624,0.08494368940591812,0.7738044261932373,0.6066156625747681,5.003222465515137,,4.918278694152832,,,303.0,,,,,,,,,,,
27,,,34039,4.0,0.9747999906539917,0.6335877776145935,0.07906316965818405,0.8383685350418091,0.5864197611808777,4.813020706176758,,4.733957767486572,,,179.0,,,,,,,,,,,
27,,,34049,4.0,0.9628000259399414,0.493196576833725,0.0991600900888443,0.9813981056213379,0.5013405084609985,5.564022064208984,,5.464861869812012,,,337.0,,,,,,,,,,,
27,,,34059,4.0,0.9843999743461609,0.5981022119522095,0.0564340278506279,0.7746400833129883,0.5615176558494568,4.889537811279297,,4.833103656768799,,,135.0,,,,,,,,,,,
27,,,34069,4.0,0.9818999767303467,0.5644745826721191,0.05345424637198448,0.7505300641059875,0.539147675037384,4.802849292755127,,4.74939489364624,,,170.0,,,,,,,,,,,
27,,,34079,4.0,0.9647499918937683,0.6226329803466797,0.09208785742521286,0.7486193180084229,0.5848135352134705,5.396328926086426,,5.304241180419922,,,259.0,,,,,,,,,,,
27,,,34089,4.0,0.975350022315979,0.6150873303413391,0.06748484820127487,0.7927238941192627,0.5745066404342651,4.968055248260498,,4.900570392608643,,,314.0,,,,,,,,,,,
27,,,34099,4.0,0.9850999712944031,0.5800402164459229,0.04176640138030052,0.560273289680481,0.6218374967575073,3.970890998840332,,3.929124593734741,,,52.0,,,,,,,,,,,
27,,,34109,4.0,0.9876499772071838,0.586590051651001,0.040863312780857086,0.7698713541030884,0.5530143976211548,4.119075775146484,,4.078212261199951,,,89.0,,,,,,,,,,,
27,,,34119,4.0,0.9754999876022339,0.5018299221992493,0.07324129343032837,0.9877475500106812,0.5040485858917236,5.024466514587402,,4.951225280761719,,,193.0,,,,,,,,,,,
27,,,34129,4.0,0.9700499773025513,0.4923986792564392,0.10801230370998383,0.4857536256313324,0.49922803044319153,5.190876483917236,,5.082864284515381,,,212.0,,,,,,,,,,,
27,,,34139,4.0,0.9639000296592712,0.6201131939888,0.08336254209280014,0.7571220397949219,0.5820651054382324,5.403992652893066,,5.320630073547363,,,350.0,,,,,,,,,,,
27,,,34149,4.0,0.9700000286102295,0.6575067043304443,0.07715637981891632,0.7929801940917969,0.6107203960418701,5.476410388946533,,5.399253845214844,,,331.0,,,,,,,,,,,
27,,,34159,4.0,0.98089998960495,0.6860885620117188,0.05143452063202858,0.6577897071838379,0.7278478741645813,4.7403693199157715,,4.688934803009033,,,128.0,,,,,,,,,,,
27,,,34169,4.0,0.9715999960899353,0.6047894954681396,0.07075241953134537,0.7333323359489441,0.5703796148300171,4.965798377990723,,4.895045757293701,,,292.0,,,,,,,,,,,
27,,,34179,4.0,0.9801999926567078,0.5549936890602112,0.07225742936134338,0.5988519191741943,0.5392546057701111,4.494056701660156,,4.421799182891846,,,112.0,,,,,,,,,,,
27,,,34189,4.0,0.9695000052452087,0.5397220253944397,0.09725610166788101,0.8255155086517334,0.5251312255859375,5.66237211227417,,5.565115928649902,,,368.0,,,,,,,,,,,
27,,,34199,4.0,0.9732000231742859,0.49320900440216064,0.08008164167404175,0.48660001158714294,0.5,4.869908332824707,,4.7898268699646,,,210.0,,,,,,,,,,,
27,,,34209,4.0,0.9814000129699707,0.5109299421310425,0.05487954616546631,0.7907954454421997,0.5079194903373718,5.3798933029174805,,5.325013637542725,,,294.0,,,,,,,,,,,
27,,,34219,4.0,0.9633499979972839,0.5717754364013672,0.09440112113952637,0.7084049582481384,0.5472559928894043,5.913242340087891,,5.818840980529785,,,301.0,,,,,,,,,,,
27,,,34229,4.0,0.9728500247001648,0.7001712322235107,0.06714678555727005,0.6930777430534363,0.7078568339347839,5.523059368133545,,5.4559125900268555,,,356.0,,,,,,,,,,,
27,,,34239,4.0,0.979200005531311,0.637334942817688,0.0544927604496479,0.6088763475418091,0.688502848148346,4.2739033699035645,,4.219410419464111,,,160.0,,,,,,,,,,,
27,,,34249,4.0,0.9775999784469604,0.6619598269462585,0.07712078839540482,0.780503511428833,0.6158537864685059,5.4088454246521,,5.331724643707275,,,257.0,,,,,,,,,,,
27,,,34259,4.0,0.9907500147819519,0.6486154794692993,0.03977794945240021,0.6968593001365662,0.6196996569633484,4.888942718505859,,4.849164962768555,,,120.0,,,,,,,,,,,
27,,,34269,4.0,0.9728999733924866,0.6474263072013855,0.09463631361722946,0.8985691070556641,0.5943050384521484,5.863056182861328,,5.7684197425842285,,,355.0,,,,,,,,,,,
27,,,34279,4.0,0.9811499714851379,0.6334210634231567,0.058485668152570724,0.6889656782150269,0.6039769053459167,4.928680896759033,,4.870195388793945,,,170.0,,,,,,,,,,,
27,,,34289,4.0,0.9864000082015991,0.552129328250885,0.03815789893269539,0.8629075288772583,0.5298832058906555,4.742310047149658,,4.7041521072387695,,,168.0,,,,,,,,,,,
27,,,34299,4.0,0.9779499769210815,0.6677262187004089,0.06835352629423141,0.6916316747665405,0.6494112014770508,5.184088230133057,,5.115734577178955,,,249.0,,,,,,,,,,,
27,,,34309,4.0,0.9764500260353088,0.5023918747901917,0.07352527976036072,0.9882226586341858,0.5042105317115784,6.081297874450684,,6.007772445678711,,,243.0,,,,,,,,,,,
27,,,34319,4.0,0.9908499717712402,0.8179187774658203,0.038963716477155685,0.8300967216491699,0.8066346645355225,5.240116119384766,,5.201152324676514,,,207.0,,,,,,,,,,,
27,,,34329,4.0,0.9823499917984009,0.6554524302482605,0.04944540187716484,0.6767575740814209,0.6389331817626953,4.501412391662598,,4.451966762542725,,,151.0,,,,,,,,,,,
27,,,34339,4.0,0.963100016117096,0.530486524105072,0.10789774358272552,0.5910495519638062,0.5214904546737671,5.054428577423096,,4.946530818939209,,,229.0,,,,,,,,,,,
27,,,34349,4.0,0.9883999824523926,0.5013564825057983,0.03557587414979935,0.9941997528076172,0.5021459460258484,4.766937255859375,,4.731361389160156,,,165.0,,,,,,,,,,,
27,,,34359,4.0,0.957099974155426,0.5989717245101929,0.1393575370311737,0.7873620986938477,0.5650090575218201,5.978522777557373,,5.839165210723877,,,524.0,,,,,,,,,,,
27,,,34369,4.0,0.9764000177383423,0.618209719657898,0.07099389284849167,0.6651158928871155,0.5930236577987671,5.25659704208374,,5.185603141784668,,,207.0,,,,,,,,,,,
27,,,34379,4.0,0.9764500260353088,0.5124445557594299,0.07208440452814102,0.6105260848999023,0.5092395544052124,5.568934440612793,,5.49685001373291,,,220.0,,,,,,,,,,,
27,,,34389,4.0,0.9783999919891357,0.4945410490036011,0.07470937818288803,0.48919999599456787,0.5,4.947630405426025,,4.872920989990234,,,198.0,,,,,,,,,,,
27,,,34399,4.0,0.9683499932289124,0.6475053429603577,0.07426179200410843,0.6486115455627441,0.6464172005653381,5.146968841552734,,5.072707176208496,,,209.0,,,,,,,,,,,
27,,,34409,4.0,0.9760000109672546,0.5177329778671265,0.08085677027702332,0.7609643340110779,0.5121919512748718,4.906691551208496,,4.82583475112915,,,196.0,,,,,,,,,,,
27,,,34419,4.0,0.9898499846458435,0.6172956228256226,0.04463869705796242,0.7457112669944763,0.5780095458030701,4.375278949737549,,4.3306403160095215,,,110.0,,,,,,,,,,,
27,,,34429,4.0,0.979200005531311,0.7434823513031006,0.05646822974085808,0.7655754685401917,0.7249743342399597,5.544155597686768,,5.487687587738037,,,304.0,,,,,,,,,,,
27,,,34439,4.0,0.9833499789237976,0.49580255150794983,0.0554950013756752,0.4917733669281006,0.4998983144760132,4.499919891357422,,4.444425106048584,,,151.0,,,,,,,,,,,
27,,,34449,4.0,0.9496999979019165,0.5089484453201294,0.12376102060079575,0.934868574142456,0.5111449360847473,6.329235076904297,,6.205473899841309,,,362.0,,,,,,,,,,,
27,,,34459,4.0,0.9891499876976013,0.7000022530555725,0.03970466926693916,0.837992787361145,0.6431077718734741,4.840124130249023,,4.800419330596924,,,145.0,,,,,,,,,,,
27,,,34469,4.0,0.9674999713897705,0.49174079298973083,0.11913245916366577,0.48374998569488525,0.5,5.253940105438232,,5.134807586669922,,,275.0,,,,,,,,,,,
27,,,34479,4.0,0.9889000058174133,0.6296542286872864,0.050090156495571136,0.7108089923858643,0.5943548083305359,4.345822334289551,,4.295732021331787,,,129.0,,,,,,,,,,,
27,,,34489,4.0,0.9660500288009644,0.6006450653076172,0.09954538196325302,0.6670036911964417,0.5741555690765381,5.780179023742676,,5.680633544921875,,,312.0,,,,,,,,,,,
27,,,34499,4.0,0.9897000193595886,0.49741166830062866,0.038455452769994736,0.4948500096797943,0.5,4.39858341217041,,4.360127925872803,,,118.0,,,,,,,,,,,
27,,,34509,4.0,0.9768999814987183,0.5679463744163513,0.07150114327669144,0.5609550476074219,0.5770274996757507,4.421902656555176,,4.350401401519775,,,104.0,,,,,,,,,,,
27,,,34519,4.0,0.9709500074386597,0.5828744173049927,0.07479903101921082,0.5742789506912231,0.5941072106361389,4.8685173988342285,,4.793718338012695,,,145.0,,,,,,,,,,,
27,,,34529,4.0,0.9818500280380249,0.5405295491218567,0.05704895779490471,0.6371614933013916,0.5255873799324036,4.699062347412109,,4.6420135498046875,,,206.0,,,,,,,,,,,
27,,,34539,4.0,0.9836500287055969,0.49587881565093994,0.056476347148418427,0.4918496012687683,0.4999745786190033,5.214203834533691,,5.1577277183532715,,,139.0,,,,,,,,,,,
27,,,34549,4.0,0.9588000178337097,0.5169934034347534,0.10183735191822052,0.9238916635513306,0.5141228437423706,5.756128311157227,,5.654291152954102,,,360.0,,,,,,,,,,,
27,,,34559,4.0,0.9791499972343445,0.4994826316833496,0.08461540192365646,0.5376585721969604,0.5020152926445007,5.429943084716797,,5.345327854156494,,,190.0,,,,,,,,,,,
27,,,34569,4.0,0.9902499914169312,0.5790932774543762,0.0332314558327198,0.6047906279563904,0.5637796521186829,3.942884683609009,,3.9096531867980957,,,93.0,,,,,,,,,,,
27,,,34579,4.0,0.9760500192642212,0.6985741853713989,0.07206393778324127,0.8035799860954285,0.6494702100753784,5.25499963760376,,5.18293571472168,,,343.0,,,,,,,,,,,
27,,,34589,4.0,0.989799976348877,0.6432648301124573,0.04533163458108902,0.823560357093811,0.593193769454956,5.420583248138428,,5.375251770019531,,,126.0,,,,,,,,,,,
27,,,34599,4.0,0.9898499846458435,0.5831611752510071,0.0422365739941597,0.8133989572525024,0.5492250919342041,4.6187214851379395,,4.576484680175781,,,84.0,,,,,,,,,,,
27,,,34609,4.0,0.9718999862670898,0.7804988622665405,0.0771833285689354,0.8834185600280762,0.723611056804657,5.829240798950195,,5.7520575523376465,,,377.0,,,,,,,,,,,
27,,,34619,4.0,0.9678000211715698,0.49181827902793884,0.11540990322828293,0.4839000105857849,0.5,5.349240303039551,,5.233830451965332,,,262.0,,,,,,,,,,,
27,,,34629,4.0,0.9774500131607056,0.5175508260726929,0.0552704818546772,0.6018945574760437,0.512001097202301,5.749459266662598,,5.694188594818115,,,361.0,,,,,,,,,,,
27,,,34639,4.0,0.9857500195503235,0.5497003793716431,0.045602891594171524,0.6511906385421753,0.5311380624771118,4.575882911682129,,4.530280113220215,,,164.0,,,,,,,,,,,
27,,,34649,4.0,0.9828000068664551,0.7918158769607544,0.04600588232278824,0.784569501876831,0.7994652986526489,5.83858585357666,,5.7925801277160645,,,331.0,,,,,,,,,,,
27,,,34659,4.0,0.972100019454956,0.6706997752189636,0.08189158886671066,0.9029182195663452,0.6122667193412781,6.1686320304870605,,6.086740493774414,,,301.0,,,,,,,,,,,
,8.205248749256015e-05,0.0008205248749256015,34664,,,,,,,,,,,,,,,,,,,,,,,
28,,,34669,4.0,0.9792500138282776,0.5772421956062317,0.044053442776203156,0.6901584267616272,0.5504493117332458,5.487483501434326,,5.443429946899414,,,228.0,,,,,,,,,,,
28,,,34679,4.0,0.9685999751091003,0.5176976323127747,0.09762592613697052,0.9842866659164429,0.513178288936615,5.9669036865234375,,5.8692779541015625,,,260.0,,,,,,,,,,,
28,,,34689,4.0,0.9693499803543091,0.4954589307308197,0.11158408224582672,0.9846735000610352,0.5016260147094727,5.561275005340576,,5.449690818786621,,,293.0,,,,,,,,,,,
28,,,34699,4.0,0.9790499806404114,0.6594793796539307,0.06934405863285065,0.7174810171127319,0.626836895942688,5.220351219177246,,5.151007175445557,,,235.0,,,,,,,,,,,
28,,,34709,4.0,0.9782999753952026,0.5690147280693054,0.06975428014993668,0.6185558438301086,0.5499264597892761,4.878167152404785,,4.808413028717041,,,162.0,,,,,,,,,,,
28,,,34719,4.0,0.9771000146865845,0.5685464143753052,0.07512860745191574,0.8116466999053955,0.5414534211158752,4.9346513748168945,,4.859522819519043,,,151.0,,,,,,,,,,,
