v -0.14629017637615 0.0843318651915929 -0.464256654231563
v -0.146217682682422 0.0838449600112543 -0.463743355205926
v -0.145551908603084 0.083903299482776 -0.462115599341279
v -0.144535969876774 0.0891646226024401 -0.469829311772295
v -0.142520415391158 0.101293708248185 -0.493762019703709
v -0.142420337374811 0.100892769715878 -0.498284739432776
v -0.141884341156233 0.0949828980580095 -0.476642641092313
v -0.141534750937625 0.100292724340987 -0.49842313132314
v -0.140870982338807 0.102330608157995 -0.498476777328603
v -0.140490976788158 0.100477934779583 -0.486511955480337
v -0.140136125249866 0.0985329861802684 -0.480825045775954
v -0.135598095066661 0.0963289479436129 -0.498556488371489
v -0.134227171489071 0.0957702379543287 -0.493762298157547
v -0.133921604800003 0.0837417298314218 -0.440392476961864
v -0.133650048358859 0.0832988658596806 -0.439085284765496
v -0.133527049579293 0.0989210094129923 -0.498665068162093
v -0.133134969172184 0.0797081339326056 -0.461790880604753
v -0.13298940949456 0.0817716053767552 -0.464053685558111
v -0.132485635164016 0.08155132029441 -0.434277850845595
v -0.132249146553537 0.0948810386953188 -0.487968935573147
v -0.13097534744058 0.0794572797037264 -0.428951663411605
v -0.130936780668447 0.112478803055828 -0.491222765007475
v -0.130899573471525 0.110902848404046 -0.487262311041518
v -0.130874392296677 0.101965146417545 -0.467979140764477
v -0.130871140340142 0.10184982666312 -0.467763048688102
v -0.130762569140871 0.112513524759088 -0.492403881045325
v -0.130748113015943 0.108403806146889 -0.48155991896397
v -0.130686902350841 0.0897469983629421 -0.47450128824949
v -0.130364195783323 0.088830577841658 -0.472205552117893
v -0.130041434618923 0.113109945696091 -0.498497449706134
v -0.12925036332031 0.0973701828595719 -0.456615341381012
v -0.128217939131245 0.108865056026567 -0.498599449943073
v -0.127776250248612 0.0798198205384501 -0.450723748744772
v -0.127567039689598 0.115732606652702 -0.490484082304639
v -0.12681296193841 0.105591676733687 -0.498670716333825
v -0.126605617663727 0.102616675456666 -0.492051235167502
v -0.126388910802406 0.0798047506131407 -0.448108577459449
v -0.126351902341575 0.0994066627150554 -0.485096279193993
v -0.126348348712318 0.095455056340903 -0.477160408741525
v -0.126027756758028 0.0945208646016702 -0.474636203349655
v -0.12599354625661 0.0791523836813313 -0.446165412724489
v -0.125451801985162 0.117883763984142 -0.490786452648964
v -0.12542677900192 0.117880144708418 -0.491115167824683
v -0.125350585223537 0.117882170797457 -0.493330058895449
v -0.125226670270471 0.117902386841446 -0.498506640544838
v -0.12477304568524 0.0773723099109237 -0.441398499970135
v -0.124753043380106 0.117660309660391 -0.48857775082503
v -0.123846303622953 0.0783484650940004 -0.440674959185822
v -0.123635520492561 0.117447997555454 -0.498542813308212
v -0.12360788739145 0.0877842315235374 -0.457671328209839
v -0.123586841300879 0.0659478715802385 -0.402683110318033
v -0.123444442206759 0.0657819971999548 -0.402325308747886
v -0.123250934473022 0.0686813825176128 -0.403381811803383
v -0.123032264683665 0.0704232244528766 -0.403832608049752
v -0.123018719182633 0.117111830685454 -0.483666716339336
v -0.122768386168254 0.0709783257143887 -0.404210242616598
v -0.121656382552302 0.113383670135057 -0.472715011218527
v -0.121313231171784 0.121797681646978 -0.498514110855933
v -0.12068582798406 0.071757604285873 -0.427259990503192
v -0.119719049567183 0.0615888322113721 -0.393605147534502
v -0.118683221602979 0.0722127852525102 -0.423870918203211
v -0.118213474405581 0.0802263177139628 -0.410692839872727
v -0.11685899157327 0.115097192821877 -0.466081051914242
v -0.116834495341974 0.115505612117874 -0.498679110637858
v -0.115952569253277 0.0634803543826226 -0.411615902368295
v -0.115307901447107 0.0682094697074997 -0.412901238282054
v -0.115286574642976 0.0682541564779522 -0.412931739895793
v -0.113160910330586 0.114348158491938 -0.488678271222053
v -0.11311811038178 0.0724898913225428 -0.415999963060836
v -0.11231779118328 0.0616098167042572 -0.380324878723632
v -0.111924170757429 0.0617024966961389 -0.379302501389451
v -0.111689592231557 0.0640676530735491 -0.380386993736895
v -0.111679015064496 0.110586664766152 -0.477787993403046
v -0.111659330385524 0.0862901113039749 -0.409527763101164
v -0.11156088973285 0.0617787288483812 -0.378391046544136
v -0.111414108177906 0.116710412647307 -0.45898800494679
v -0.111278789812495 0.109632990624521 -0.475063289885833
v -0.111172446417663 0.132102232781435 -0.497695839959385
v -0.111129631554945 0.132449144441613 -0.492833787374226
v -0.111128114991345 0.132227427394777 -0.495331327036042
v -0.111074400629033 0.121228456027708 -0.498683956270782
v -0.110838767967568 0.0636433343888749 -0.377816808456658
v -0.110640057049531 0.132613110154082 -0.498539836524588
v -0.110598805424755 0.108237160573193 -0.471215112007832
v -0.11034693601124 0.107731286614361 -0.469828522173639
v -0.109562034600653 0.130331949055902 -0.483885067522697
v -0.10931337995444 0.055781170797164 -0.395084846479182
v -0.108899685771226 0.112070674580686 -0.475132181714525
v -0.108209255804373 0.0618504419253414 -0.369525681703737
v -0.107656098725167 0.128120408811256 -0.498646725707092
v -0.107000270266809 0.124442534874779 -0.49697917127658
v -0.106903220103701 0.0905292269979495 -0.408762729880104
v -0.106565476551472 0.0237788746417304 -0.338541221056292
v -0.106251095098479 0.118059908806211 -0.451933825652048
v -0.106230152091193 0.126054705590487 -0.498748859587102
v -0.105882098730844 0.109027775922211 -0.464046866077416
v -0.105857850501458 0.130604292571871 -0.475777271707006
v -0.105357759823708 0.122122500494132 -0.488762650552525
v -0.105348722326366 0.0218292823134727 -0.334179908556533
v -0.10493731886049 0.0558837971572764 -0.386921315912954
v -0.104646618376839 0.0558832913538012 -0.386404295969997
v -0.104420011327088 0.0927890233358149 -0.408424379658811
v -0.104207026694805 0.10950852637732 -0.46188520180806
v -0.104173759977869 0.0199546182626165 -0.329995297940227
v -0.104047951701782 0.0557873698736828 -0.385293990537752
v -0.103623509105967 0.0550736449352268 -0.352429512641047
v -0.103206361183187 0.0592488962864684 -0.385460001148447
v -0.10307857416982 0.130665644277028 -0.469930275229895
v -0.103068720030345 0.0598150249149648 -0.385487151991209
v -0.103067613305226 0.0981322095302166 -0.413640320681719
v -0.103007233156191 0.0597746596333089 -0.385295058289358
v -0.103003916039919 0.0597808708888046 -0.385293759720483
v -0.102905730544656 0.0598817398657178 -0.385302533747871
v -0.102779540250472 0.0421870414266744 -0.341577869877141
v -0.102707277957856 0.0600868833799975 -0.385319546938347
v -0.102618354391466 0.00174235418867471 -0.313872593930474
v -0.102600803036146 0.00130430865324612 -0.313665182184574
v -0.102596359344866 0.00212088366084632 -0.314072533890322
v -0.102446519168737 0.0594579953917442 -0.35246535194117
v -0.102289785971985 0.0531853129967399 -0.347817677899396
v -0.102067872123268 0.122117105462619 -0.481970391539482
v -0.10151762027949 0.122103004956528 -0.48085616350367
v -0.100872134049901 0.0740002276143948 -0.378640387624693
v -0.100449211990791 0.119267610807643 -0.444439880711789
v -0.0997987578534982 0.131082164304186 -0.463770604996245
v -0.0996652451643306 0.00166281759967407 -0.306471552995791
v -0.0990305014180469 0.102118707188644 -0.438877047340019
v -0.0988229520023813 0.0641803878754598 -0.385608047290276
v -0.0986717685646097 0.0515787528744813 -0.33769278953493
v -0.0986293110905434 -0.00897348444848525 -0.31078237806063
v -0.098440086796196 0.1223556992172 -0.475294888176918
v -0.0983958484413955 0.0559161352465715 -0.37030960347421
v -0.0983949716190804 0.019618396435229 -0.315391089415184
v -0.0981185323251222 0.0209531351044854 -0.344432812791841
v -0.0979501792162272 0.111088621693553 -0.453414100390185
v -0.0975560295283604 0.0564605514852033 -0.338219122205652
v -0.0975419082427307 0.0238672804948361 -0.344897538573628
v -0.0974101386433334 -0.0128974380313448 -0.310386714576233
v -0.096483763768882 0.100036316329476 -0.407331446866492
v -0.0958502786238041 0.0315086275555647 -0.346242621323723
v -0.0958351005141154 0.131274677693074 -0.456818330947541
v -0.0956449630056267 0.0344213600722188 -0.348004639043877
v -0.094888411774023 0.131263001547378 -0.455249032024388
v -0.0948772378176564 0.0507470964626466 -0.357325948955726
v -0.0943387942962099 -0.0239375640566957 -0.309133770562301
v -0.0939108943929397 0.0142844496919219 -0.329598154176853
v -0.0938998041601194 0.123534998286203 -0.440801404921404
v -0.0934105700051889 0.0269829428906769 -0.307944250357224
v -0.0933021304051894 0.123635186884274 -0.439989216268616
v -0.0931873481638162 -0.00134660987393214 -0.317596524609085
v -0.0931572012030148 0.0273139195201227 -0.307536524783831
v -0.0930108759353026 0.0545141805058339 -0.355471881398024
v -0.0929931516674844 0.0904550300522426 -0.412748943687069
v -0.0929194161572816 0.00386787956400695 -0.320331287741866
v -0.0927961766832606 -1.77058729674684e-06 -0.249308080433395
v -0.0923442706582605 0.0825070680800375 -0.378628790885686
v -0.0922638900211381 0.0398705211234877 -0.342782033561208
v -0.0914689761382944 0.122720260279527 -0.46302643798558
v -0.0913545775148781 -0.00374300371990167 -0.25048195346513
v -0.0913452902100088 0.0132202895469615 -0.24383259998054
v -0.0912538402502459 -0.00646189108053655 -0.316137721455936
v -0.0911896490803372 -0.00549577559333192 -0.285553193968112
v -0.0911336443137081 0.000630755756125526 -0.280627901243966
v -0.0908340014760794 -0.0347586501151878 -0.30809821379307
v -0.0907380279872358 0.0191365356652323 -0.241272471652725
v -0.0905336152739332 0.0140893152387116 -0.321056202687604
v -0.090181437105841 0.0250306983770199 -0.238732228080248
v -0.0901425531970285 -0.0042927534230662 -0.281350350303219
v -0.0899666054080058 0.105864617261959 -0.406490802955198
v -0.0899506213927157 -0.000797267456220353 -0.256193261602358
v -0.0898376714884813 0.0263776534461826 -0.238735891814372
v -0.0897958497471964 2.38869467033746e-05 -0.2571670209406
v -0.0894275213466985 -0.00133884226665862 -0.308233828292778
v -0.0892511494970462 -0.00822602787027877 -0.281905816093638
v -0.0892371408259199 0.0661207296462717 -0.340460648501995
v -0.0892335970725143 0.00666664847601038 -0.279064423676787
v -0.0889008152528574 0.107796915542968 -0.407695213663844
v -0.0888603381940042 0.0480445574608626 -0.339397009816129
v -0.0887951233859556 -0.0129153786187996 -0.314308083854536
v -0.0887253851094782 -0.0134761767805737 -0.250605545636032
v -0.088388452895835 0.0501776327752357 -0.339623918629273
v -0.0883789518176767 0.0173161039914044 -0.31779317005342
v -0.08834455293166 0.0671555499404243 -0.340701050556886
v -0.0883061516635036 0.0131674496162978 -0.280679449828433
v -0.0882823294907121 0.0504499415767741 -0.339661895671761
v -0.0880547093288509 -0.0134251062051213 -0.282636088915346
v -0.087948845004554 -0.0345625090606868 -0.299924240324223
v -0.0879429909541964 0.0868963885914829 -0.37862056748
v -0.0877772126821636 -0.0156206954186671 -0.313533968764623
v -0.0877472210498913 0.12463505311596 -0.432261964056121
v -0.0874756019189789 0.0172611488118723 -0.281717171080842
v -0.087349460482572 0.050204814239509 -0.308486899436537
v -0.0872268450113479 0.00383234231820576 -0.261237285331952
v -0.0870815393841798 0.122901453706434 -0.455381314771385
v -0.0867440985877297 0.11863882242342 -0.446925892685354
v -0.0866066633258386 0.0148887126677866 -0.276820569845309
v -0.0865979203454517 0.0490021729440976 -0.334030041389306
v -0.0864494687592754 0.0382885275530559 -0.238647673617929
v -0.0864351289696929 0.11218216192764 -0.410469974196212
v -0.0864273081884745 0.0372955718301073 -0.295236132681457
v -0.08635982688163 5.32703690360459e-05 -0.266167206539476
v -0.0861637727510731 -0.0393512660360637 -0.298815634498274
v -0.0861152546889273 0.118765649520362 -0.446015672610782
v -0.0859642659403411 0.0250832624786306 -0.283940668016546
v -0.0858876333202684 0.0406559596174858 -0.238668784836059
v -0.0852150331952109 0.0119572921518951 -0.270756456371547
v -0.0844537029670317 -0.00936968762165972 -0.2646161676198
v -0.0844209305191456 0.00813321173816677 -0.265856760562405
v -0.0843570650505573 0.0787618805689783 -0.385499501578147
v -0.0843281377267429 0.0344810871910876 -0.28659738933781
v -0.0840217310250163 -0.0454812363221389 -0.297426546532158
v -0.0839226015973372 0.047402336232681 -0.239575600676773
v -0.083717111012971 0.123492302273295 -0.423514050184999
v -0.0833385793442582 0.0992384949898721 -0.411434609006328
v -0.0831383614885987 0.119274524624326 -0.441944699178946
v -0.083088722673025 0.0478854474860512 -0.293701406751542
v -0.0830335024507902 -0.0312343074345939 -0.311917763428517
v -0.0830269958690229 -0.0124155964283719 -0.266233162211714
v -0.0828894989457976 0.0445884390574492 -0.290427112555553
v -0.0827493843021967 -0.0140340699957478 -0.266879884458827
v -0.0827267449185704 -0.0493196737657323 -0.296566453195166
v -0.0825033906614405 5.65628265075245e-05 -0.247198828966204
v -0.0824399920389024 0.057307332313555 -0.341240713316801
v -0.0821348356158161 -0.0182488993452944 -0.268516137797112
v -0.0820025855309098 -0.0252512316200748 -0.274050402453568
v -0.0819394729103556 -0.0324284842993414 -0.279884121144961
v -0.0818502639562407 0.00787130489767611 -0.244004044364807
v -0.0818279992120621 0.026884685316779 -0.308118146766535
v -0.0816369400542593 -0.0215877959075327 -0.269817234824581
v -0.0815836799592766 0.0113470834823477 -0.242519218807879
v -0.0815775938630174 0.0199822171407963 -0.26540150032084
v -0.0815448865143154 0.0470450479075383 -0.288344029871819
v -0.0815122744016947 -0.00247439279003725 -0.247989740726563
v -0.081406125251328 -0.0192752411351133 -0.267145035072488
v -0.0809227720913565 0.0194360369906839 -0.239055037984433
v -0.0809114611005075 -0.0481797245407458 -0.28987987573818
v -0.0808967864985751 0.0940169933595261 -0.378552399041429
v -0.0808614622264584 0.0764604295410167 -0.343848596518039
v -0.0808223646421688 0.0465079096537493 -0.247272605063445
v -0.0807464155596812 -0.0277872095290969 -0.272218009375382
v -0.0806454100815172 0.0314036518713897 -0.272702597057905
v -0.0803640562658813 0.124189076897921 -0.419006523440079
v -0.0803167141261643 -0.0329200283666683 -0.259101386105868
v -0.0802810939793327 0.000145896449909008 -0.253079529148574
v -0.0801236588122075 -0.0309531027902235 -0.304395709679468
v -0.0800325386123171 0.105045489447283 -0.415145115252985
v -0.0800199849202052 0.0277207158104237 -0.235458835553921
v -0.0796345280863406 -0.00090748846396958 -0.278418905838774
v -0.0796086181607182 0.0949086169515711 -0.378000602763147
v -0.0795865711955686 0.0297743495747979 -0.304558541977125
v -0.0794521871312849 -0.00024175618822258 -0.278252385230921
v -0.0794306717079022 0.0547206241425671 -0.300823534163697
v -0.0791644594185306 -0.0364604478153396 -0.259658293025183
v -0.0791598306134594 0.0552267023137991 -0.301350858083638
v -0.0787773648536897 -0.0288055317711875 -0.266860345644173
v -0.0786845777856854 0.117996409557031 -0.432351109027054
v -0.0786131712985724 -0.0289287020817613 -0.266320510404761
v -0.0785494908516427 0.00779266617842584 -0.280227962706642
v -0.0784981311180037 -0.0528980891082278 -0.295130473912656
v -0.0781663170738177 -0.0308677539780684 -0.298437258669007
v -0.0781425765005323 0.00257288244314187 -0.257258770825209
v -0.0781357686308143 -0.0146870523208053 -0.248125967188807
v -0.0780331614196038 0.0349354369026281 -0.235428078203872
v -0.0778505358767994 0.0853185924698669 -0.385447443112652
v -0.0778368510632743 0.00291510275362147 -0.257845829000606
v -0.0776866522207799 0.0326626651649717 -0.300999054935384
v -0.0775939912794121 -0.00565480040674226 -0.255979991590885
v -0.0774799381620263 0.109578439391446 -0.41801674577831
v -0.0773523527610954 0.0374914508964208 -0.235425172502892
v -0.0772387149268665 0.000268196387044228 -0.26113035296194
v -0.0770770683105296 0.110282574667221 -0.418468425569269
v -0.076980849370561 -0.0190053388916822 -0.248183612871477
v -0.0768310711748942 -0.000784004073928951 -0.269883737050671
v -0.0768049077652338 -0.0135421258522618 -0.280210548961201
v -0.0767745521710879 -0.0136013626542496 -0.280167534946162
v -0.0766794759586977 -0.0351627106008671 -0.297466929610663
v -0.0766777526996353 0.055261772873126 -0.239155222309707
v -0.0765748367967454 -0.0380968064119504 -0.267719786894702
v -0.0764383809460314 0.0400020055762505 -0.265121301367558
v -0.0763935502329515 0.0390094460960149 -0.266014049083007
v -0.0763669196869935 -0.0450442868653901 -0.26100616738965
v -0.0762859324515997 0.0180478419864551 -0.28284293465668
v -0.0762756457122153 0.0650704980630386 -0.343844659164439
v -0.076045903778472 0.0416375438508816 -0.23595302528085
v -0.0759121846964766 0.055421343694417 -0.240352076852931
v -0.0755219595198933 0.116968037639289 -0.426125335930689
v -0.0755109525055687 0.0217080596473639 -0.28388891976826
v -0.0754460619969575 0.0562674947485481 -0.239695112072157
v -0.0753497040180583 0.0436676437253439 -0.265503175659969
v -0.0753439277423597 0.0408380830901182 -0.238364722148174
v -0.0751523167335141 0.0435652013453941 -0.266160713752115
v -0.0750395783347786 0.0441501424613463 -0.302860382715875
v -0.0749071639624352 -0.0444091880543698 -0.26776311499312
v -0.074748945952908 -0.0410531916025488 -0.296158940511646
v -0.0747204455543611 -0.00806278084589832 -0.262023973207847
v -0.0745570798477471 -0.0295875418038782 -0.286191600577193
v -0.0745374202576884 -0.044176998990888 -0.266401168229522
v -0.0743174243130052 0.0278928936523838 -0.285646887535984
v -0.0742609305356663 0.00841074981520979 -0.263750872738565
v -0.0742463330714118 0.0114049305151152 -0.269149334232134
v -0.0741100184242976 -0.011235759038776 -0.269794556689615
v -0.0739070328507706 0.00922277972766103 -0.264665426886543
v -0.073901942234089 -0.040625793347608 -0.293126528594121
v -0.0738519482855801 -0.0107216456270673 -0.268557251363342
v -0.0735397396089397 0.00993705637042329 -0.266112378120008
v -0.0735019985198247 -0.0457730279731585 -0.267682285334572
v -0.0731040151195091 0.125091303033665 -0.410251344759746
v -0.0729201313782454 0.0460056053819423 -0.265740609998151
v -0.0728324166563888 -0.0427840532849132 -0.295491404576888
v -0.0728071827530555 0.0427777352925041 -0.294322280306599
v -0.072687344767968 0.0127136154710137 -0.265135664947382
v -0.0726182050842834 -0.0221705771131746 -0.27399424835557
v -0.0723506266983281 0.0262206631653213 -0.277631719968012
v -0.0721221580004088 -0.0304156585738264 -0.253208472597125
v -0.0719737634996802 0.0422653751322585 -0.29113475431728
v -0.0718886885600971 0.100778210445743 -0.374294499088583
v -0.0717850788256073 -0.0439046221416487 -0.295527675449498
v -0.0717235110515016 0.12322966506812 -0.40572118451091
v -0.0714280984869601 0.0463540425827236 -0.23562025453565
v -0.0710921057524344 0.0463861933387062 -0.236101058181869
v -0.0707714442346386 -0.0512578148317564 -0.259802645313031
v -0.0707207865850716 0.0468707196624384 -0.235903368386494
v -0.0702855083685306 -0.0612049967193079 -0.295419776617279
v -0.070193509525488 0.102001414663048 -0.37334817358348
v -0.07000922689417 -0.0235400452685816 -0.266846239392543
v -0.0698944870406547 0.120763188787901 -0.399719194324773
v -0.0697785467284942 0.0876195699691606 -0.343793923940489
v -0.0697166599295218 -0.0246163809389606 -0.263799591094223
v -0.069460292891713 -0.0386903639625265 -0.254529121997696
v -0.0691909772908291 0.073514744345733 -0.346783321006252
v -0.0691251359641687 -0.0530786590783724 -0.25944594212978
v -0.069071057108499 0.0458667464486855 -0.292836785913923
v -0.0688992202204206 0.073801304382289 -0.346783348466826
v -0.0684913158633477 0.11804893252954 -0.417303617966608
v -0.0684277963020499 0.0570859469979482 -0.252175628451565
v -0.0681711765894368 0.124495955352271 -0.406304239181033
v -0.0680556565583352 0.117195652773742 -0.415385348687389
v -0.0677807360541238 0.0509846342466556 -0.266246383539557
v -0.0676925628446144 0.0346559106369756 -0.270211842948689
v -0.0673476245298057 0.0900354128769267 -0.343788406459978
v -0.066978804574795 0.0632780882111569 -0.243449382193717
v -0.0667511260902978 -0.0370174900151024 -0.26752543663587
v -0.0664124619198791 0.117811463049377 -0.415617938742374
v -0.0661660776798555 0.113494734681467 -0.407065266752849
v -0.0660717109180868 -0.0366746569760832 -0.265093019139483
v -0.065826379937088 -0.0378229561865694 -0.267135173158879
v -0.0657744873782529 0.121965826413863 -0.399857840964006
v -0.0657626684231244 -0.0429934577291816 -0.253803942212479
v -0.0656474961481826 0.0383761832989247 -0.266939079071471
v -0.0655984895006372 0.0520231461894663 -0.299266227990004
v -0.0655006407569527 0.0382859011852362 -0.266377410530312
v -0.065238882616849 0.0386751426615892 -0.266684182702941
v -0.064874986773118 0.0569817528564302 -0.259466591258409
v -0.0648675472848971 -0.0386686894424274 -0.266726186900642
v -0.0648258032568688 0.120903567070239 -0.397482892844492
v -0.0647186287882371 0.109223070850845 -0.376892988756189
v -0.0647031616370232 0.0390825396774234 -0.266336131170069
v -0.0643288677307286 0.0676890210042131 -0.295989208293658
v -0.0639320216710824 0.0660444950796891 -0.244342817340997
v -0.0639260696207633 0.0607228965661199 -0.27944419432588
v -0.0639096216783363 0.0404603129733364 -0.265125288634299
v -0.0638690328056197 -0.0469845392714399 -0.283428281740637
v -0.063745942580565 0.114971673006585 -0.408517940935896
v -0.0632947092630178 0.0932089916164901 -0.342072845907475
v -0.0632697510278299 0.106967848079751 -0.369508255853971
v -0.0628495894983332 0.0570155293544112 -0.263845304826375
v -0.0625104563194557 0.0967953096477444 -0.378224727227314
v -0.0623193079086393 0.118168130969222 -0.391001173891729
v -0.0622305228281338 0.113286681490338 -0.404689741400101
v -0.0620863630664979 -0.0568065480976346 -0.267024244904261
v -0.0618561927509384 -0.0608920361011615 -0.258319608857214
v -0.0618286687887952 -0.0568132764925706 -0.266463533101433
v -0.0617480475636056 0.0573123421912241 -0.266890918249484
v -0.0617400922696503 0.0570644905473034 -0.266316585670082
v -0.0614294693555308 0.0811897008131992 -0.346773524372787
v -0.0611503994429188 0.102930305608861 -0.386709640557078
v -0.0610359468214681 -0.0576014778186681 -0.26646742317703
v -0.0602364120211094 -0.0492425773081486 -0.253063130181558
v -0.0601921510575764 0.0495485551603909 -0.254186905816376
v -0.0598795100985346 0.0602626583345513 -0.263286327274407
v -0.0593901801852281 0.0749206040370478 -0.30112232460072
v -0.0587683272423036 0.0665036407645805 -0.280827661368147
v -0.0586255468991302 -0.0576694237140783 -0.295986615885555
v -0.0580510108343619 0.0999454396057339 -0.375792992388633
v -0.0577816206954753 0.0500247116895555 -0.257924566839422
v -0.0575967954300429 0.10826483288424 -0.368725676200846
v -0.0575898433917554 0.0981268972496479 -0.340558539081526
v -0.0573970898363436 0.0977850407208386 -0.339593545606947
v -0.0571973248996908 0.0590956503574627 -0.296226535882919
v -0.0570717403561493 0.0552264296518072 -0.28673145335371
v -0.0569521006559248 0.108967030112218 -0.370177906751727
v -0.0565144972409009 0.0979581798152545 -0.339430914054478
v -0.0558798570437883 0.0478965435699438 -0.265879416555549
v -0.0558700141940478 -0.0601061131237571 -0.295022318681559
v -0.0554364812994453 0.105524092826945 -0.38813284567698
v -0.0554337032212041 0.073122116443741 -0.246655911325123
v -0.055356161373635 0.0617193594583835 -0.298112948849427
v -0.0552747029698295 0.0599815633019694 -0.242894395613096
v -0.0551990980385201 -0.0739856475846071 -0.290328283599009
v -0.0547460515236082 0.0603860778524059 -0.243114111985078
v -0.0546225547502405 -0.0493559474811526 -0.266158922573416
v -0.0545775950579272 0.111958995279192 -0.375632016670385
v -0.0543952444464349 0.0964247540174306 -0.362916673706668
v -0.0543833431873538 -0.0746732627257235 -0.290054137604127
v -0.0541502070870192 -0.0505739902744369 -0.262706473602192
v -0.054113947985063 -0.0493954495694254 -0.264999522254833
v -0.0539517921107417 -0.0556995059516365 -0.251977774840277
v -0.0539057410376756 0.0498685786479921 -0.265777231753787
v -0.0539023646336809 0.0499981963675361 -0.266093581461799
v -0.0537774370179202 0.113364958093559 -0.377573206986925
v -0.0537447962366697 0.104870451380278 -0.386162471778139
v -0.0533995900368666 0.101046712808341 -0.375119071795755
v -0.0528293463116343 0.114774846340442 -0.379806811211243
v -0.0528217778445377 -0.0508499280944784 -0.265173376774267
v -0.0527099234360185 -0.0508890654894259 -0.264988544288299
v -0.0524758507410079 -0.0511101063910124 -0.26499038228712
v -0.0522832965795031 0.088274512626643 -0.34293338592056
v -0.0513731964098325 -0.0588030061126236 -0.250545492694892
v -0.0508246034243408 0.0754069048423485 -0.282958406764596
v -0.0505468660827929 0.0856358810907971 -0.305298867060253
v -0.0505325324372119 0.0774449122084723 -0.248057442526543
v -0.0504859224196021 0.0813382461107282 -0.325926600071819
v -0.0503968421670295 0.104314917701719 -0.381882405369056
v -0.0501190981302906 -0.072148810959889 -0.259197086606701
v -0.0500224319580599 0.0847802604932638 -0.302198989043186
v -0.04996411567039 0.0889879922676738 -0.342400746108094
v -0.0498239741389336 -0.0761998706059695 -0.251745950694247
v -0.0497607245205315 0.0716403634037682 -0.272110602250423
v -0.0495470797694149 0.0635707996794806 -0.288786677576573
v -0.0494882373635602 0.0719660586970155 -0.272229252603985
v -0.0492954764267076 -0.0652238468986295 -0.292955181410987
v -0.0492193796905451 0.105941224408278 -0.355794940542747
v -0.0489686107294201 0.07189298366706 -0.305061233418066
v -0.0488091204852626 0.0852056672503017 -0.302505223189148
v -0.0486329617864316 0.099771458906482 -0.367662067540326
v -0.0485436001293279 -0.0794624273448563 -0.28779143746388
v -0.0479331842759201 0.0996017822470819 -0.33786588352596
v -0.0477640244677316 -0.0801798940785063 -0.287665379807531
v -0.0476939603186579 -0.0570631136472455 -0.2619046796669
v -0.0476263741390962 0.0648654219760836 -0.2873254796231
v -0.047291119603525 0.080324091455775 -0.286054473028184
v -0.0471963892704291 0.0579986830388757 -0.269009820689581
v -0.0471108120349664 -0.0642792212686207 -0.248223882673005
v -0.0467182594581757 0.0806103641469366 -0.249546141554056
v -0.046253847351782 -0.0786188634819097 -0.25400616526509
v -0.0461725249724239 0.078499090828389 -0.279442571278419
v -0.0456781187134938 -0.0776868932541145 -0.256992737767403
v -0.0453995236754321 0.0772379298923744 -0.274873437397345
v -0.0453488125450063 0.0815581527448741 -0.288264395553613
v -0.0447532237741099 0.0687442633410918 -0.245844043499523
v -0.0447424634862658 0.0866444466781901 -0.303529093543078
v -0.0446143314763314 -0.0687545147833155 -0.291251685081031
v -0.0444956665980643 0.0767130910524588 -0.305553332347362
v -0.0443517253336917 0.0985511290802072 -0.361123749185696
v -0.0439867898338591 0.0749330375967066 -0.266522907992555
v -0.0438353898376515 -0.0747039454971818 -0.266551830408984
v -0.0435002987814129 0.091587990690288 -0.342271021559662
v -0.0425322130670567 -0.0630949834967977 -0.259430046106524
v -0.0425096555379191 0.0731860193948644 -0.295014506287834
v -0.0423577031696537 0.104104695285729 -0.345388970010261
v -0.0419325200586864 -0.0791452807010529 -0.255827386747356
v -0.0418823995685034 0.070998553047807 -0.246922069043168
v -0.0416194579822633 0.074492332670124 -0.295771151100542
v -0.0413120565675245 0.0742549840074531 -0.294725657968373
v -0.0411924083182655 0.0833199971050462 -0.290260403640451
v -0.0411619586375893 0.0748741031791634 -0.296260177218858
v -0.0405214655197433 0.0791782265833941 -0.276819713117645
v -0.0401607046002141 0.0790040440155146 -0.306496451600797
v -0.0399672498342839 0.0756863584729675 -0.297601098961132
v -0.0399447949531909 0.0703097307541203 -0.281338821508464
v -0.0398537493641316 0.0791116553212859 -0.306573928056849
v -0.0396071177089496 -0.0728363955446583 -0.28932033479963
v -0.03945289663021 -0.0694660327675212 -0.253071306158211
v -0.0392100605993804 0.0681896441011217 -0.274145049275831
v -0.0389955989570346 0.0969699658222694 -0.353059616481913
v -0.0385213034183535 -0.0681546097156074 -0.257426672902771
v -0.0382727680471636 0.0654850728236195 -0.26496803298277
v -0.0382482683547772 -0.0731201390221456 -0.289090939894341
v -0.0377308416474828 0.0890266655087862 -0.331338043211123
v -0.0373631722405514 0.102555788155778 -0.338249025651489
v -0.036877261454439 -0.065840257804976 -0.265112866409941
v -0.0353945131446015 -0.0833487544036575 -0.287204791160487
v -0.0345874214955598 0.0725667159954584 -0.248283914164041
v -0.0344021116802246 0.0816389227297715 -0.279344150644152
v -0.0339092185592792 -0.0742094251197709 -0.288933552039911
v -0.0334695798087426 0.0833279501511269 -0.251976256995487
v -0.0331591435706237 -0.0702941496937604 -0.255747196519154
v -0.0319457918379554 0.0949575520160797 -0.342625435868327
v -0.0313015840913028 0.0713768952750716 -0.277311969618508
v -0.0303901271075011 -0.0708326020207022 -0.256443764402217
v -0.029918264303052 -0.0847836879166167 -0.286994879653739
v -0.0296321394704702 0.0950862274489302 -0.341266925095983
v -0.0293416407578345 0.102846068046087 -0.333688103454704
v -0.0284111286110291 0.0806985479386651 -0.303056463943274
v -0.0277946935054675 0.0728056324616187 -0.278764018026344
v -0.0276529162663361 0.0799680237884134 -0.268493973017637
v -0.0270155893915978 0.0856449437686165 -0.250536823864195
v -0.0269919926962044 0.0798043988781939 -0.26743145553315
v -0.0269482867445042 0.0800122555038715 -0.268037328629579
v -0.0265444858638898 -0.0759788552576842 -0.288681301132509
v -0.0260655269443613 0.0897774055967588 -0.297487167586854
v -0.0259629121627179 0.080070083434529 -0.267401851557638
v -0.0258782670688853 0.0851010516639018 -0.282870460248653
v -0.0254610483460744 0.0803880947809695 -0.266855500184441
v -0.0253888618782648 0.0806009421999306 -0.26630522614752
v -0.0251880531436832 0.0813765615370289 -0.264479666686149
v -0.0248559725901311 0.0899628764849224 -0.29704200204581
v -0.0247984031687873 0.0902366649553075 -0.297840057281133
v -0.0242395673265527 0.0928943746711643 -0.305586910717755
v -0.0239884428791131 0.0805798452836183 -0.267345051201963
v -0.0237586169038435 -0.0769393357678644 -0.289553235108184
v -0.0232481318032089 0.087075161988846 -0.249726128528058
v -0.0230357928254193 0.0767573873222693 -0.245724150007921
v -0.0230187261753255 -0.082637537738177 -0.260545080211129
v -0.022723453053775 0.095347181874296 -0.337328278294775
v -0.0224481452744187 -0.0723521475051239 -0.258436254798525
v -0.0223814136191056 0.0719505181718843 -0.271520581176687
v -0.0218562928948897 0.103203491194911 -0.329349249706844
v -0.0217827666688322 0.0721610248251944 -0.271664984650999
v -0.020865421571241 0.0871109490009375 -0.284936742188418
v -0.0203180341780586 0.091843330192978 -0.299100839373249
v -0.0199236153148944 0.0948574119171307 -0.33422652770343
v -0.0197669009951217 0.0838182147960194 -0.305473960700067
v -0.0197247580683142 0.0760402579817949 -0.282090133889177
v -0.0196209807343366 0.0707550342402217 -0.265473349124532
v -0.0195787025772608 0.0817770681641569 -0.299954642491844
v -0.0185840683962168 0.0924172379355896 -0.299624997348749
v -0.0183510644735295 -0.0891015911906302 -0.290594368649495
v -0.018274105032964 -0.0789715124768865 -0.291260866090651
v -0.0174825625264695 0.0880920219300645 -0.251871161466131
v -0.0174314700536547 0.0910696768362416 -0.294326568662682
v -0.0169717534734384 0.0909464641653624 -0.293566214376584
v -0.016914648847224 0.0790206766315104 -0.244383982097009
v -0.0167364092197544 0.0911597865288719 -0.294079647014322
v -0.0166084025079571 0.0716062218905654 -0.265554966203935
v -0.0165762925596445 0.0739672784660602 -0.272930980516887
v -0.0165054231882013 0.0791783300011774 -0.289210467890247
v -0.0164636332103896 0.0822511627862495 -0.298810093261041
v -0.0164553793149091 0.082858074825095 -0.300706105381923
v -0.0160965461166026 -0.0899073439033331 -0.291298197647809
v -0.0160626985356674 0.102226399874074 -0.322899043204902
v -0.0159689335608982 0.0851608437755092 -0.30655732856531
v -0.0153056272940281 0.0824132208115006 -0.298392270090064
v -0.0148524190977302 -0.0825693747503835 -0.266897357197457
v -0.014519490455161 0.0746548034364691 -0.27344183223954
v -0.0141335155764138 -0.0829655873660777 -0.267556435180702
v -0.0137554692987502 0.081813444517673 -0.29527263193132
v -0.013184142401998 0.101654243715455 -0.319770222311909
v -0.012980701967837 -0.0723399087562709 -0.265817221422388
v -0.0127606126138761 0.082776609666437 -0.297470097161404
v -0.0123615780221326 0.0951615786906033 -0.30374252387384
v -0.0120311729781892 0.0847206711125194 -0.270255624095733
v -0.0111254107484217 0.0799699281852806 -0.246477567093262
v -0.00920632959954517 0.0884340845322285 -0.310852450867925
v -0.00874079498027308 -0.0746931085029754 -0.269708374942867
v -0.00864781342021586 0.0889190221712634 -0.254544326470018
v -0.00811328283463368 0.0927917640703231 -0.321142388823544
v -0.00807985962466615 0.080316758497734 -0.247450898299106
v -0.00802631944179822 0.0889998019666803 -0.2547513472483
v -0.00789912611732142 -0.0846456147650019 -0.267592373490951
v -0.00748812964045543 -0.0935859005767434 -0.295917575344108
v -0.00734437319154048 -0.0847985256961056 -0.267594826130068
v -0.00691680524879485 -0.0849107199454365 -0.267597950656362
v -0.00575799636895456 -0.0754828458444507 -0.269728635310167
v -0.00409560657729487 -0.0759040274504802 -0.269744061299268
v -0.00313201393638075 -0.0856684020281004 -0.299360699303884
v -0.00285877770340834 0.0916618081473185 -0.314787853651986
v -0.00164644016750415 0.0867011218849069 -0.267792886320895
v -0.00137741877016932 0.0770242157465038 -0.270362242875856
v -0.00132807592847336 0.103521276620409 -0.316982399411895
v -0.00132007054408356 0.0867515194092435 -0.267678907474599
v -0.0010256631791312 0.0908678847762025 -0.254378684124804
v -0.000963155573850271 0.0821375419730876 -0.247006119717189
v -0.00087888015624329 -0.0864935110139887 -0.300031855535372
v -0.000713395011370105 0.0865889189811548 -0.266675488495556
v -0.00066039198227055 0.0868396089392171 -0.26745293859681
v -0.000594707582915059 -0.0768572319386823 -0.269762107203585
v -0.000418394819380759 0.0940926678777487 -0.31930935553014
v -0.000385764897504419 0.0927851520114465 -0.31598184169854
v -0.000272549505843517 0.0882484901871479 -0.304436433066261
v -0.000212355495814876 0.101403209789965 -0.311235448748948
v -0.000157441604708387 0.0854434233845428 -0.295605148623408
v 4.2817229813989e-05 -0.096250405395096 -0.298181927670266
v 0.00017634083114852 0.0773094723622255 -0.269996762022561
v 0.000213302821167771 0.0764087448696835 -0.267160971914194
v 0.000675618793992805 0.077438663264938 -0.260678809113601
v 0.000796321999692766 0.085196775374399 -0.295657450729247
v 0.00097856045492232 -0.0862414592387017 -0.30079540859583
v 0.000984632696934112 0.0946201296914688 -0.291582212435329
v 0.00166517861326015 0.0978389273738202 -0.301564481383814
v 0.00196078802652885 0.0824974751392574 -0.246496371119638
v 0.00209836956588729 0.102281506481311 -0.312851595826934
v 0.00222944508328816 0.103625748210223 -0.316266866521353
v 0.00223624324224399 -0.0967306106804122 -0.298908157687687
v 0.00248599917616437 -0.0761506418345271 -0.270114985096423
v 0.00277755212840928 0.076508518523727 -0.269730953727902
v 0.00278973883172249 0.102341581070467 -0.313460534569658
v 0.00331729126586299 -0.08588785884329 -0.301764982818525
v 0.00369084840580028 0.0928423468012722 -0.318846784987032
v 0.0037542129721438 0.0854367901737231 -0.266578802738866
v 0.00394245816897004 -0.0965089404593561 -0.299607321220999
v 0.00440365873363714 -0.0857567290505917 -0.30220789084944
v 0.00448987967126532 0.082203093689983 -0.245545158635204
v 0.00470560282698788 -0.0862764542733911 -0.268050107583131
v 0.00499835338413832 0.0936755932282432 -0.291762015514402
v 0.00522153666710575 -0.0862396645092965 -0.267789525140752
v 0.00592513030341131 -0.0862755960623302 -0.304790995396118
v 0.00616760250667548 0.102391688662948 -0.315833056577545
v 0.00700429772300769 -0.0855156788893352 -0.266943884016882
v 0.00741815979078232 -0.0974676173740876 -0.305546012563547
v 0.00786597715772371 0.0837715768157005 -0.297328594542554
v 0.00882270546985349 -0.0840399014718542 -0.300703063537774
v 0.00921219886930103 -0.0984223202674138 -0.337798447364562
v 0.0094901285822062 0.074252032454957 -0.268441331474474
v 0.00995084207650942 -0.0842311034025439 -0.26555428361094
v 0.0100457094167634 -0.0983044860511514 -0.338088066961626
v 0.0100866164640274 0.0888525546926194 -0.312891649999553
v 0.0106593444633204 -0.0727578738392163 -0.266244761313593
v 0.0109137739944095 -0.0882202836766734 -0.313219997853258
v 0.0109873380782492 0.089560607623529 -0.249937171412101
v 0.0113866285394988 0.092557586557999 -0.293183066718953
v 0.0116616905066438 -0.0727895396066134 -0.265729041201486
v 0.0123679089504742 0.0891489242016055 -0.25019120591143
v 0.0124660005534238 0.0983328508526521 -0.309976861256172
v 0.0129417891669427 -0.0838535279195 -0.264058726104258
v 0.0129560161344392 0.0733633465807814 -0.267686944246159
v 0.0132388010789376 0.0921945308087028 -0.293615472719973
v 0.0137071478338942 -0.0726659312377814 -0.2646939013568
v 0.0139232021150118 0.0729453847578467 -0.264949692754608
v 0.0142116182540725 -0.106745534838155 -0.332690235834393
v 0.0147234750880281 -0.103276761825188 -0.324596062817911
v 0.0148219259749375 0.0856907107220274 -0.308495835579996
v 0.0150155012492607 -0.0836685685299221 -0.263014761237863
v 0.0151213867269997 -0.100705078681931 -0.318522598661466
v 0.0152400141927037 0.0822972299811236 -0.299065286682873
v 0.0154867863814133 -0.0815003168491654 -0.298420831853648
v 0.0156228028466296 0.0728262845685297 -0.269287744711804
v 0.0157918198074412 0.0832238737329465 -0.263678898337533
v 0.0167305353848686 -0.0813855448617882 -0.29917775104638
v 0.0176718177834642 -0.0713496092264279 -0.265505680045326
v 0.0177296579351559 0.0843249266260705 -0.258897097681598
v 0.0177821731884488 0.0756711795473101 -0.255620540182717
v 0.0190873210694611 0.0814826125440896 -0.266246971216435
v 0.0194988361292629 0.0761571533619567 -0.251207145861721
v 0.0196568519661048 -0.0722283790761794 -0.261690107539294
v 0.0203677111484348 -0.105984863716295 -0.334746190133706
v 0.0206659136622721 0.0769337193849152 -0.248368384901606
v 0.0207242172310446 0.0862531740342882 -0.251589922773463
v 0.0210327173472144 0.0828779640365998 -0.305936400521164
v 0.0214993212343469 0.0722148181110114 -0.272502146043013
v 0.022707690526615 0.0759386902472729 -0.249592480964924
v 0.0232420444406328 -0.089442851710436 -0.292922539788434
v 0.0239252598273972 -0.0727393667128419 -0.257270441425878
v 0.0247276147842722 -0.0848137203639818 -0.252963567651463
v 0.0248056204771339 0.0753763255780248 -0.251007061213366
v 0.0250574623858261 -0.105351517183828 -0.336353260786523
v 0.0253828886471814 -0.0729096534627746 -0.255762381275885
v 0.02583720899188 -0.077764684982729 -0.295563612774109
v 0.0266836229768464 0.0832257751753397 -0.255120746790521
v 0.0271407806302036 0.0804118263346774 -0.3034325250434
v 0.0273827801152049 0.0774790978904091 -0.294355281488474
v 0.0281816346475838 -0.0958569801276474 -0.344301519987207
v 0.0285655300459278 0.0732528457184293 -0.253161972650136
v 0.0287942438746471 0.0766046426416032 -0.243688307120054
v 0.0291262659800195 -0.0874089705967131 -0.291270131641639
v 0.0306994227142875 0.0806585522868434 -0.272388367099856
v 0.0313733952935158 0.0685371610573697 -0.262135139001926
v 0.0316321030233007 -0.0865428280488361 -0.290566442034247
v 0.0326309675694143 0.075263100225978 -0.244599182697661
v 0.0327709655328799 -0.0968511260884801 -0.349856943649895
v 0.0327995859278173 -0.103154192893196 -0.366898480371674
v 0.0332837346795524 -0.107067022095265 -0.377906442010036
v 0.0333776321082038 -0.101920694809667 -0.363966183996837
v 0.0338220762691865 0.079872833976364 -0.259443337071536
v 0.0338591347252272 0.0890120316038533 -0.30114103846955
v 0.0339072259427861 0.089005928498689 -0.301157940457314
v 0.0340782069181715 0.0749870496562014 -0.244916194324377
v 0.0341976706558939 0.0854249788073373 -0.24373354046381
v 0.0343165263968205 0.083897642230643 -0.285394209171609
v 0.0344332222626405 -0.108682029071431 -0.383149056390583
v 0.034546711759024 0.088823512653587 -0.301131994858322
v 0.0350780894857892 0.0688024952382927 -0.273562708122015
v 0.0351164161350689 0.0796659812182445 -0.272724267747955
v 0.0354958220752023 -0.0973555792213482 -0.353190554696954
v 0.0359216545629271 -0.0884994204034818 -0.300371621467726
v 0.0360419480840558 0.0771102696091553 -0.265880047585637
v 0.0360627496037382 -0.0941195105300252 -0.345338059447413
v 0.0360793357734754 0.0680704704935383 -0.272111093794534
v 0.0362916147122427 0.0681349484528015 -0.272502867476325
v 0.0363474910290187 -0.111411355589379 -0.359619420664514
v 0.0366500138967784 0.0679377970311877 -0.272189857070878
v 0.0367467746729675 -0.114495692706549 -0.368083460885152
v 0.0369457312281168 0.0683361771976586 -0.27370834572959
v 0.0369724873010453 0.0683178024993303 -0.273673398665956
v 0.0369799842928679 0.0683266370197885 -0.273707888639578
v 0.0370134466215456 -0.0845530650923959 -0.289095792797994
v 0.0371437896246883 -0.118147157774714 -0.379017873235577
v 0.0372696323997763 -0.0657378488406796 -0.266390543668385
v 0.0373116074240741 -0.118374973129026 -0.379806485587608
v 0.0375239126940539 -0.0679685914868706 -0.260232772703803
v 0.0378185085967219 -0.108171155622422 -0.352088764494848
v 0.037837392479123 -0.0800829168593749 -0.311261627306997
v 0.0378599832914255 -0.108073191307331 -0.351871965857473
v 0.0379380605257675 0.0666815889960057 -0.272141784244281
v 0.0381124413025754 -0.115131495288895 -0.396196556524967
v 0.0383084107754991 0.0779318765624271 -0.269972267697299
v 0.0387535294386299 0.0666728102207688 -0.260944792050408
v 0.0388309550121997 -0.10232513683807 -0.338156113082343
v 0.0388618033883877 -0.0667751360196285 -0.260868015100314
v 0.0389502952759886 -0.116565345704612 -0.39926945601632
v 0.0389782657505794 0.0729005142636867 -0.246122641081845
v 0.0390606266807659 -0.0660801883018561 -0.262284733553913
v 0.0392651237596371 -0.0637906123086936 -0.266277795714111
v 0.0395855657501814 -0.0661805277390513 -0.261081323714158
v 0.0398611284421535 -0.0727032297782042 -0.291692330244764
v 0.0400112793096302 0.0784647831054317 -0.273104343889969
v 0.0402739353060484 0.0724138750162048 -0.246288528994289
v 0.0405447402137691 -0.12398393784078 -0.391442720395043
v 0.0406655741387829 -0.0779462607941906 -0.25891577632223
v 0.0417172971279024 -0.124688482947032 -0.393272500961417
v 0.0417923278211149 0.0632817904184922 -0.266898346957258
v 0.0419652141525707 -0.0715330323911711 -0.289758728351968
v 0.0427124762168375 0.0759425509973011 -0.302805945801874
v 0.042845682455035 -0.0726196869723918 -0.294140495507397
v 0.042939769880636 0.0864482377452565 -0.300787879106258
v 0.0432354710417626 0.0752551683878579 -0.265724368928737
v 0.0432858783114134 0.0757575574518868 -0.302718206845313
v 0.0432881478856385 0.0621225424320243 -0.262589075336535
v 0.0433395536213683 -0.119145917486123 -0.406209549000605
v 0.0433748724683879 -0.103308850375534 -0.375104773794249
v 0.0434588081706712 -0.0751594735559469 -0.266335650102509
v 0.0436865545080813 0.0759519353007296 -0.268307032281915
v 0.0437952771252498 -0.0888085121097323 -0.307862102587678
v 0.0438127131294927 0.0615773784454207 -0.260921575794616
v 0.0442770662032014 -0.080496993734929 -0.317215724983307
v 0.0443979287250861 -0.0929615055834981 -0.348111911837163
v 0.0445135086574379 -0.0765483037653188 -0.260295675487573
v 0.0445137806132479 0.0772297116383277 -0.273043287778136
v 0.0445920211178309 -0.119831247334869 -0.408271370207988
v 0.0453166985306653 0.0732164737898877 -0.265728736801027
v 0.0454069697468633 -0.118534100193411 -0.406084711055426
v 0.045489620743891 0.0602577825323355 -0.273886519412454
v 0.0455986508346354 -0.0806030971948815 -0.318415100367837
v 0.0457964291342113 -0.0794493833289663 -0.281135660412852
v 0.0461141837303833 0.0616515506519359 -0.256385806745925
v 0.0462402773653758 -0.0890464255977181 -0.310036570979597
v 0.0464777329488521 -0.080165412611841 -0.31792866654896
v 0.0466118069452635 0.080779474322329 -0.246715999291925
v 0.0468163331059303 -0.0807124218969365 -0.319507834345576
v 0.0469603091305204 -0.0738700240351362 -0.261566362151926
v 0.0471615977012844 -0.0730867824807134 -0.263128951773399
v 0.0471694373965828 -0.0891419796502595 -0.310857432589107
v 0.0472447124005834 -0.0805961179768435 -0.320057515007726
v 0.0473628511531342 -0.0712947983554684 -0.2663158797789
v 0.0473929901905414 0.0717636584805611 -0.302590096376015
v 0.0477110734835638 -0.114421933007124 -0.399574705514051
v 0.0479838623944661 -0.121536740437544 -0.413550476698106
v 0.0484063627549092 0.080159993242285 -0.24714111981914
v 0.0484263426383929 -0.0723788228405776 -0.262033654446061
v 0.048760947892543 -0.0545244155088242 -0.265741268838243
v 0.0488906194006615 -0.112099971927263 -0.396082287314699
v 0.049030524455097 -0.0550143034046105 -0.264283346678627
v 0.0491917216838553 0.0844555019891979 -0.29982668347646
v 0.0497297485699767 -0.0621460520185016 -0.28519738265027
v 0.0497648029840104 0.0785900735323696 -0.247590154913137
v 0.0498311707549678 0.0717217536611433 -0.260278446030625
v 0.0498452546131456 -0.0619703174873509 -0.28504732837094
v 0.0498743133421609 -0.061926106622021 -0.285009578080816
v 0.0498790317831174 -0.0619618054634114 -0.28511159928113
v 0.0500810085895888 -0.0873122745185912 -0.308262308019161
v 0.0502017221952376 0.0834529952355222 -0.29979899371415
v 0.0503736051864971 -0.129817670892534 -0.406895761175899
v 0.0505272413760571 0.061662077277084 -0.247540016724055
v 0.0508767910128406 -0.119962989646884 -0.411923190521424
v 0.0513362867258619 0.0769495908481359 -0.247782031224458
v 0.0514011824828027 -0.0895128808753456 -0.314664592841927
v 0.0514288775935117 -0.113158602787582 -0.375109632891704
v 0.051658214171563 -0.0894396881326191 -0.314998046956135
v 0.0517927318145243 0.0577777830798714 -0.252868671415252
v 0.0522493714763461 0.0562428556447122 -0.254900188655708
v 0.052490622876779 -0.0898792492775282 -0.345971660446875
v 0.0526195554128293 -0.0660911019105392 -0.266289259491984
v 0.0529209020152874 0.0524039311265637 -0.260879778924628
v 0.0531021500721096 -0.0669525843144139 -0.263606353650268
v 0.0532442936095788 -0.0701985355114093 -0.276885632225413
v 0.0534009859408782 -0.100300153599402 -0.343005580631709
v 0.0537626143465136 0.065340540875012 -0.302434357939925
v 0.0540100303235304 -0.0923338552894931 -0.353057892569603
v 0.0544683039492008 -0.124726464797882 -0.423746693861718
v 0.0547365432975976 0.0506346376645985 -0.266740340861701
v 0.0548673800440859 0.0720286702768173 -0.250516049792641
v 0.0549025243316858 -0.0811988608976645 -0.334688347206278
v 0.0551177636767848 -0.111769401040657 -0.374082781881287
v 0.0557269301363928 -0.0591112816257814 -0.292766147460022
v 0.0557634212548477 -0.0897046177532836 -0.322933761104124
v 0.0559471624944974 0.072024460539294 -0.248344021037006
v 0.0560751158751371 0.0489928546352765 -0.271464868131797
v 0.0560790094486796 -0.132940015601762 -0.415404184845249
v 0.0561431611558031 -0.133090757612738 -0.415710563879372
v 0.0562359146052519 0.0658507799443543 -0.273302888850186
v 0.0565460735083132 -0.12938001098955 -0.43449801098397
v 0.0568092286889669 0.0693225160968456 -0.252019564362563
v 0.0570458929229482 -0.0989220850267638 -0.342039050226384
v 0.0573827429378668 -0.135816747879649 -0.422306767943378
v 0.0575721563832318 0.048992164515415 -0.274551600630239
v 0.0576122820611124 -0.0845427191346252 -0.34547411810006
v 0.0576810548524637 -0.11632264429974 -0.385915341107201
v 0.0577862799387958 -0.0985348541601032 -0.372718301474647
v 0.0581642108018398 0.0550818260218469 -0.245582841787349
v 0.0581973880862237 -0.0472008498763037 -0.261596926505905
v 0.0588709338792264 0.0623831427015413 -0.261199308947411
v 0.0590864716896069 -0.130184978441144 -0.411869812861046
v 0.0591120366699874 -0.0570048501019308 -0.29604591117796
v 0.0592100889652054 -0.102529597334298 -0.352534485370238
v 0.0593760458758432 0.0594444495222704 -0.265758243154375
v 0.0594390519073782 -0.103072509446082 -0.385373400691222
v 0.0595520176787721 0.0595638117209438 -0.30243208177919
v 0.0595756219205225 -0.140477434872706 -0.434561294962922
v 0.0597876317661412 -0.0963059040371005 -0.372269907661954
v 0.0598341240555516 -0.0437190100916684 -0.265115619444412
v 0.0598356723097994 -0.114534788064434 -0.383722014663279
v 0.0598762941265235 -0.120078044515461 -0.417187753447049
v 0.0599037842694666 -0.102012018887223 -0.383742731859466
v 0.0600454644436936 -0.132595133049481 -0.443079015022286
v 0.0600986833938285 0.0452348729170659 -0.266794247046713
v 0.0601117184512216 -0.10273106162515 -0.38510005527161
v 0.0604319871299168 -0.0953673116519662 -0.341716846782436
v 0.0605080349976344 -0.102352708893504 -0.385004082205638
v 0.0611247640067499 -0.0813907452293296 -0.346042769512108
v 0.0612326421623415 -0.10153352105942 -0.384875409615429
v 0.0615349859424458 0.0437281289339627 -0.260840249469268
v 0.0619056566075753 -0.0447384199011074 -0.259172119140485
v 0.062162701240218 -0.0663249316221128 -0.287953623094164
v 0.0623137602328828 -0.112469928470596 -0.381200315779691
v 0.0623221967617954 0.0712287626247677 -0.299503014868431
v 0.0625759823273821 0.0427681440850589 -0.269582974419501
v 0.0628633920205818 -0.109181321509872 -0.372798476260144
v 0.0628940061097611 -0.112114480713128 -0.380596310479263
v 0.0629236509184016 -0.134804725122459 -0.450521929314603
v 0.0631241996831548 0.0592693892704373 -0.2736940085967
v 0.0631287894429037 -0.0783083711184163 -0.344066801658507
v 0.0631622043632859 -0.113279734881784 -0.405012586784772
v 0.0632186608177342 -0.143451501727712 -0.443825026209511
v 0.0632318203975544 -0.0416035747845431 -0.267656796876845
v 0.06336192143807 -0.0415142822875286 -0.267761825120212
v 0.0636725716892361 -0.0656080105207107 -0.289905583511084
v 0.0637566438746548 -0.111543183890718 -0.379702885251428
v 0.0639032793809668 0.0413581916693398 -0.271172703284407
v 0.0639809340044481 -0.107941585716447 -0.372548461741564
v 0.0640827006173346 -0.111401368505035 -0.379561686955249
v 0.0642932889942204 0.0427444819066529 -0.274962532416401
v 0.0643990803556956 -0.111977414544035 -0.381316569054741
v 0.0644318771819995 0.0459319137575246 -0.282519263781967
v 0.0653033202940968 -0.0969027597052765 -0.38416311569779
v 0.0654313597645362 -0.0382571263321558 -0.264799368074714
v 0.065444749133963 -0.0774581775206795 -0.346759810922259
v 0.0655282401613971 -0.0898020197663896 -0.370766125989059
v 0.0655293360608303 -0.0965493479324716 -0.383996324050299
v 0.0657818861422508 0.0401884405024202 -0.272529065801695
v 0.0666281740873338 0.0626433526487826 -0.245580760188746
v 0.0666433150049977 -0.038739635072614 -0.269092869451148
v 0.0666748761076566 0.03865510468476 -0.271069260997583
v 0.0668603350527006 -0.119273182575587 -0.419430529442733
v 0.0669385718125523 0.0382858274035617 -0.260815452774896
v 0.067014898162386 -0.052442336410485 -0.303375065148322
v 0.06743537810518 0.0390947753780431 -0.273792244751834
v 0.0676801956579046 -0.0520943153155074 -0.303958775159751
v 0.0678255902697436 0.0393203695953888 -0.275189402666315
v 0.0682997303488594 0.0395944852426547 -0.276887065179861
v 0.0683003824561694 0.0377332695818814 -0.275307271026543
v 0.0686518388081231 -0.0400864489363694 -0.254698199964189
v 0.0686749418670533 0.0539810218431208 -0.27404335617353
v 0.0688355040741362 0.0349691949707092 -0.274611220681352
v 0.0691469150400272 -0.0874634856497741 -0.343154049195984
v 0.0692330576391089 0.060363205300843 -0.244907982169869
v 0.0692503068164077 -0.14404566838175 -0.449088924844781
v 0.0692821525104528 0.0537792827219384 -0.257990492387851
v 0.0696907019990454 -0.07681187418377 -0.353371300470146
v 0.0697010079910369 0.0455611920611406 -0.241776781390092
v 0.0701291979959292 -0.0525454346503841 -0.25861999695441
v 0.0702646400975983 0.0450910018252945 -0.241589791206618
v 0.0703413372978047 -0.135437608470609 -0.457074382986429
v 0.0704630420009875 -0.061431060521648 -0.296439960050197
v 0.0711072920120072 -0.117344436116559 -0.421522103994755
v 0.071343069692357 -0.0346968634673914 -0.251628274244977
v 0.0713496845922903 -0.0852743575951282 -0.373315795551377
v 0.0714082420188801 -0.0840348853540569 -0.341019340061042
v 0.0714275964564433 -0.0174506941047925 -0.265690134231738
v 0.0714515234987881 0.04891705998242 -0.263356649588901
v 0.0719604900722154 0.0192879756106503 -0.270659698307401
v 0.0720354720311961 0.0182220662060946 -0.269960243589153
v 0.0723305790817366 -0.0240776108404212 -0.274388502001849
v 0.0723725245230284 0.0467135726950474 -0.265785518865106
v 0.0724357696403057 0.0611330816153736 -0.299499900792509
v 0.0729221473683438 -0.0225624218444495 -0.274936331039432
v 0.0730185507050909 -0.129253614988482 -0.443439632313452
v 0.0734033046027411 -0.138577927944534 -0.466962784066116
v 0.0734072849230687 0.013203551884357 -0.266300947951335
v 0.073555067943709 -0.0587210657740445 -0.297511799612377
v 0.0736870453325369 -0.100904546874206 -0.377723548026983
v 0.0737748832900833 0.0123142266416147 -0.265607746018086
v 0.0738005839267019 -0.138851062206889 -0.467910648150367
v 0.073818914626446 0.045774383748119 -0.266871552867803
v 0.0738289154816615 -0.0450956138372182 -0.266181853934728
v 0.0738399189144463 -0.0968150329218669 -0.369969488163343
v 0.0739285942402889 -0.0831114177268105 -0.343947474736355
v 0.0741112500717242 -0.128692669983158 -0.41657375857788
v 0.0741862194867584 -0.128821697065577 -0.41684591309655
v 0.0743360311640135 -0.128562873667118 -0.416698472668516
v 0.0744129783575792 -0.0173309873978184 -0.275074293165215
v 0.074572439531185 -0.128425808345697 -0.416829918489335
v 0.0745945272738018 0.0445369797810912 -0.265790182182449
v 0.0746353453092134 0.0416025050784995 -0.23984161733111
v 0.0746590984484934 0.00834967581860212 -0.267362490941138
v 0.0746987627711716 -0.139462290057844 -0.470067293524302
v 0.0747112781681131 -0.0445265549819941 -0.266860130447466
v 0.074769242279172 -0.0419747635684684 -0.297879972119381
v 0.0748136518057255 0.0544482915653633 -0.245479306778784
v 0.0749264808308598 0.0447859136686513 -0.303705090739733
v 0.0751186722899124 -0.0438188627425489 -0.266175322523679
v 0.0752075350764035 0.0448470008263833 -0.26794202732428
v 0.0753066199427095 0.0399644335035898 -0.2393112523185
v 0.0753254556308972 0.0533754476958102 -0.288124148674538
v 0.0754328361927373 -0.0440341272799209 -0.267440022045068
v 0.075482513921414 -0.111492759772675 -0.417332213065606
v 0.0755212591229579 0.00979179518294606 -0.259122622904655
v 0.0755634735342572 -0.116036890197981 -0.424892534957385
v 0.0755859583986843 -0.140030627788095 -0.472274766873076
v 0.0757252993967987 0.00415751338092852 -0.26919688017939
v 0.0757381785406556 -0.144540888664865 -0.454867093466167
v 0.0758032489600979 -0.0114444238610715 -0.275256352634206
v 0.0758321797085137 -0.110992802673157 -0.416992649756849
v 0.0759085258180346 0.0439933749101054 -0.30413042090997
v 0.0759088110019149 -0.140246314412192 -0.473058742856313
v 0.0759931078601213 0.0382296840661172 -0.238754719273397
v 0.0760802492635418 -0.0232246854058612 -0.247765842245243
v 0.0760882011522695 0.0546227567793799 -0.24262922584617
v 0.0761939377124775 0.028033110988541 -0.245191730039161
v 0.0761957440922343 -0.0229323588723223 -0.247668545882821
v 0.0762469531149801 0.0250428777431927 -0.247077835014842
v 0.0764659256674714 -0.111350122746883 -0.418315570272212
v 0.076545365349872 0.0233076376290357 -0.247520729257403
v 0.0766065081895793 -0.140692794887899 -0.474795728731127
v 0.0766071437925891 0.000796178050232188 -0.269014441360944
v 0.0766155229867346 -0.0419083591965791 -0.269619072548745
v 0.0767641591341733 -0.0811030770636041 -0.375674098931937
v 0.0768035264451845 0.00153533762285153 -0.270278145960288
v 0.0769327501507253 -0.0755173960066302 -0.365091355660901
v 0.0769619810954778 -0.000367970542114738 -0.270976213584551
v 0.0770744557059206 -0.11538417933342 -0.426179909368909
v 0.0771000239715973 0.0458041034652103 -0.274585242986149
v 0.0771075764876757 0.000748730434375986 -0.270541690294248
v 0.0771120999438069 -0.126796867475161 -0.418321125554794
v 0.0773323302133808 -0.0441727566299587 -0.306917053507268
v 0.0776523915140897 0.00842200516691155 -0.254857269690458
v 0.0778151860012634 -0.107502397052972 -0.414971412668308
v 0.077818023508742 -0.0433116485215858 -0.307399104941547
v 0.078052088258379 -0.0754732445990458 -0.367210069119525
v 0.0782158056431323 0.000846054462238205 -0.258591156631781
v 0.0784735096308275 0.0197567641320781 -0.291455887864656
v 0.0785525523688191 -0.0469398104945551 -0.253107595646506
v 0.0785631530752373 0.0526370726232927 -0.241636861544546
v 0.0787824346589749 -0.124110419732669 -0.416655569127061
v 0.0789399485861972 -0.0130784484787971 -0.247323642288098
v 0.0790371864236803 0.00748634410011759 -0.251988326151799
v 0.0791124258983408 0.00809460267613887 -0.251383498880026
v 0.0792204055428028 0.036410323225215 -0.307916687922537
v 0.0792337791839055 0.00734882386850955 -0.251571021903551
v 0.0792884109730215 0.0383799326051242 -0.275136966733639
v 0.0793235733666023 0.0469286358198922 -0.282390582401007
v 0.07952919434879 -0.0395641332589517 -0.308410101480656
v 0.0795924562202286 -0.0461210371010931 -0.252680720085504
v 0.0799452836690607 -0.0106752564804071 -0.246381088101124
v 0.0800145102213504 0.0345418139178129 -0.274170958491763
v 0.0801612558226961 -0.0821673008203789 -0.353641919048835
v 0.0803287510127772 -0.091792796598807 -0.372803396793192
v 0.0804430688194844 0.0151673427707378 -0.293639728593221
v 0.0804859202061519 -0.137999399564732 -0.470267977255471
v 0.0806259890334176 -0.0820866396776763 -0.354388458164983
v 0.0807885949136803 -0.149664772937789 -0.471483919655948
v 0.0808350985570127 -0.0302279251164006 -0.273791404586698
v 0.0808917931979346 0.0221575960336743 -0.265304920108834
v 0.0810879328568481 -0.0645895631433121 -0.351873390468684
v 0.0811769442508026 -0.0353225829283074 -0.309665708460806
v 0.0812275435091577 0.0322456837746634 -0.310004884794339
v 0.0812339926045677 0.0480204339823342 -0.245399731036284
v 0.081249729495934 0.0526499045082877 -0.300232914130213
v 0.081255196325914 -0.143681990331734 -0.486337837817713
v 0.0815114866536213 0.0274615105691963 -0.272384209438933
v 0.0815565056563105 -0.113269794504094 -0.430121728786062
v 0.0819481254326835 -0.048498391670167 -0.293667997663482
v 0.0820391720190968 -0.0170251951875755 -0.299046239049232
v 0.0820806479319207 -0.0255302823586113 -0.273923988194306
v 0.0821010664652779 0.0206940233962013 -0.267902557735264
v 0.0821232093464264 -0.0181537596817236 -0.267582929311032
v 0.0821968906183996 0.0169599679563323 -0.26551221453773
v 0.0822162596150788 -0.144027232255362 -0.48931856165466
v 0.0824621623593786 -0.0485718782180338 -0.325004107794731
v 0.0825610892079961 -0.0753296566705894 -0.375654538383051
v 0.0826392383783349 -0.141040311281934 -0.450712956010407
v 0.0826618089926701 0.00071596903612492 -0.247146647148842
v 0.0826634499567557 -0.000898229504661243 -0.246050694481251
v 0.0827069308231479 -0.124191933708318 -0.423217849511632
v 0.0829383901473451 0.00938115261197157 -0.296389553349227
v 0.0829742324804671 -0.07567281920072 -0.34690321930757
v 0.0831202395583161 -0.0956695098343666 -0.40622851674744
v 0.0832107715163053 -0.022330265816858 -0.273988005708169
v 0.0836212154941215 0.0485220802743323 -0.239595260157619
v 0.0838396389639614 0.0141158696063893 -0.263127444011997
v 0.0840335210383477 -0.0187685543418917 -0.274099884349937
v 0.0841997305635131 -0.151961094337265 -0.479729046801116
v 0.084330162280662 -0.0498206244615773 -0.300855507094231
v 0.0843921294553584 0.0082172987605087 -0.265860894087518
v 0.0846693176029926 -0.152278374707502 -0.480861562561014
v 0.084853280368088 0.0497252161203121 -0.30180154763896
v 0.0851968473269195 -0.152571764337064 -0.482271236506739
v 0.0853050676693513 0.0276662998623685 -0.284759539784404
v 0.0853109137394964 0.0417141329948089 -0.239115836804782
v 0.0853200561932389 -0.0263247436655631 -0.313992090537512
v 0.0853203357442929 0.0486449274922242 -0.302340721218037
v 0.0853924193799592 0.0434892185935081 -0.238027015012426
v 0.0855902649214019 -0.0252765859742757 -0.313950690630552
v 0.0856891538398052 -0.152797900289508 -0.483690685353046
v 0.0857642386555601 -0.144657985461362 -0.498693059146838
v 0.085768801869586 -0.144659590134987 -0.498707124398121
v 0.0858050322015898 -0.144722116885674 -0.498697567837856
v 0.0858999871264405 0.025669759082296 -0.249319013367848
v 0.0859231059228894 -0.0117099506377026 -0.274297417833396
v 0.0859822417512661 0.00571782548510893 -0.302720203117376
v 0.086010317840807 0.022015979982543 -0.25163608057835
v 0.0862476676808666 0.0053996787762933 -0.303269761520093
v 0.0862662099381914 -0.0464007097749583 -0.302767964960489
v 0.0862743148804343 -0.0925164650864512 -0.406220164244179
v 0.0864167863343943 0.000153982354817395 -0.266182479346111
v 0.0864824208082556 0.00486454816318014 -0.303540156428176
v 0.0865639734761364 -0.110468985567008 -0.408732073497638
v 0.0869634813990829 -0.0267991651519833 -0.246306362020863
v 0.0869638183380356 -0.00400640910884078 -0.271296066794141
v 0.0870903918438577 -0.00276165769513707 -0.270680140683117
v 0.0873815481242444 0.000275676891243732 -0.269180056633356
v 0.0875483758771995 -0.151660888208884 -0.481289852710381
v 0.0877349986750165 -0.0158958379752799 -0.313651811989684
v 0.0878357174274432 -0.153501288185851 -0.488778099813709
v 0.0878601709549483 0.0112087487138681 -0.254390908460242
v 0.0879254607263684 -0.0818392726117865 -0.368098235271422
v 0.0882678346081078 -0.0419766363480559 -0.303968597941108
v 0.0883072614860403 -0.0419020403928529 -0.304003216348523
v 0.0884521698101047 0.0100567557064442 -0.253622405831161
v 0.088548739055382 -0.00272009033549842 -0.307311848997693
v 0.0886758171168549 -0.0204659302275692 -0.246091186590847
v 0.0887851017107831 -0.000358452881936276 -0.306179825283678
v 0.0889584065121627 -0.0898155125512688 -0.406216193246869
v 0.0890144994894656 -0.0198825310906157 -0.24558944799497
v 0.0891216039996492 -0.0195206375153086 -0.245551968437715
v 0.0891349889039356 -0.0545292560469522 -0.348190403142702
v 0.0895541307002523 -0.034487104106902 -0.330587609799121
v 0.0895783475406284 -0.0106559775849827 -0.315222566748556
v 0.0895887343056233 -0.000434647844863106 -0.308632396898779
v 0.0896541996239694 -0.103610472236821 -0.403651731571972
v 0.0896561743132259 -0.109185575376782 -0.436798640008775
v 0.0899721981138304 -0.152145180391378 -0.497575071050045
v 0.0900243843590409 0.0173869361116623 -0.321386478524373
v 0.0904018687098633 -0.0817467024492194 -0.37277218319858
v 0.0905593301121722 -0.153139661477892 -0.497510226470282
v 0.0905800894397752 -0.153279176395683 -0.497318458897547
v 0.0906409701961625 0.0162821408649984 -0.322230831994866
v 0.0906670114723675 -0.0529047747403066 -0.348022907775551
v 0.090978311985603 0.0143231124594677 -0.291123995240232
v 0.0912842083183925 -0.0715401758827698 -0.38515731851318
v 0.0913310885504786 -0.0211171268589569 -0.298995255912107
v 0.091353956786575 -0.0338514510159046 -0.308036532747312
v 0.0913896712000833 -0.0537392515778764 -0.322156725409914
v 0.0915306922315966 -0.00988239316316392 -0.245732442541716
v 0.091856023276919 -0.00471987950749466 -0.316899428171274
v 0.0920477895358255 -0.0497705100705684 -0.348795301339128
v 0.0927375886127134 -0.0539982252556 -0.353831936117465
v 0.0928681984190159 -0.108401319999352 -0.440863378800798
v 0.0928893799783319 0.00989962755981805 -0.293225228251512
v 0.0930369506653682 0.0324402985727204 -0.310461565434179
v 0.0931211452832174 0.00391025329547888 -0.320445872793262
v 0.0933531382792754 -0.0004712025014107 -0.31817172391425
v 0.0936216861890077 -0.00281613446824937 -0.245001439066769
v 0.0936259744467966 -6.15669315733557e-05 -0.246871803633476
v 0.0938388670824531 -0.0452929228295517 -0.350024973546048
v 0.0943527592938344 0.0081001850316388 -0.296341813881275
v 0.0948170040148669 -0.0265917355157414 -0.311497601701054
v 0.0952438114292743 -0.0413324341251499 -0.350645936700983
v 0.0953731658074161 -0.0245140664382664 -0.311410156525805
v 0.096419568498464 -0.0700022527898087 -0.389945779491699
v 0.0964656434467054 -0.0588006640657602 -0.340730101748514
v 0.0966745569245417 0.00855472920177805 -0.332508487327518
v 0.0968760653278915 -0.117123193483343 -0.434846219111168
v 0.096990426519318 0.00492389432132931 -0.301831138028048
v 0.0976397545965973 -0.0575556059715801 -0.340601785574195
v 0.0977398708922896 -0.0785212473577349 -0.38080988294441
v 0.0978777365346415 0.00159966048624632 -0.301792392976545
v 0.0979431659283839 0.00393657660881744 -0.303508412578476
v 0.0983328559945513 -0.0783450177162782 -0.381361234461011
v 0.0984099033405825 0.023241897616416 -0.317503714973555
v 0.0984741158565649 -0.0321637388763769 -0.352098264776118
v 0.098475011281107 0.0229322895201634 -0.31745714415411
v 0.0984812437441009 0.0231548919687057 -0.317620603236551
v 0.0986585444235276 -0.116705558941898 -0.437081807061294
v 0.0987688776311668 0.00305744295772854 -0.305006846969657
v 0.0988694276767901 -0.00915569873107468 -0.310924791536249
v 0.0991106008282249 -0.106823836784595 -0.448823944565383
v 0.0991205850001665 -0.00428382531252568 -0.308578127219546
v 0.099516641245853 0.00144631085298099 -0.305822906230788
v 0.0995944147567482 -0.0193456288526485 -0.345115295302668
v 0.0996732256143697 -0.0068999553522529 -0.311595447869564
v 0.0997459197554527 -0.0935535262214849 -0.403619440469151
v 0.100338506543182 -0.0285386831684891 -0.354231120189572
v 0.100519194265747 -0.131869986950235 -0.498671044477733
v 0.101596235268979 -0.0734478169956153 -0.401373977214881
v 0.10186165183446 -0.0869037453865241 -0.419506332718019
v 0.101997989357327 -0.0807724600037106 -0.389474353487576
v 0.102070543314036 -0.081571757154388 -0.412738411168894
v 0.102266561793082 -0.024667310510596 -0.356537549224638
v 0.102295923602547 -0.115821354681556 -0.441680356349908
v 0.102350174092255 -0.0744341370760777 -0.403678591335399
v 0.102400327284329 -0.022870689841904 -0.355521465345554
v 0.102457733983271 -0.0604975054046921 -0.354820462993289
v 0.102458686268817 -0.071664346514739 -0.400162881170537
v 0.102666528062506 -0.0663591516817921 -0.393428968628156
v 0.10272191557599 0.00220682469554405 -0.314409370477786
v 0.102782251096888 0.00114075308039168 -0.313853930669086
v 0.102905662529556 -0.0602552063854202 -0.385681197795315
v 0.102987239868072 -0.013793197562778 -0.350409478049573
v 0.103028429063047 -0.0112066765883882 -0.348983793106368
v 0.103236258931991 -0.0435245262675582 -0.344466288606712
v 0.103268618002103 0.00177825607589557 -0.344831478698891
v 0.103573307927102 -0.0307876012637744 -0.364830951196869
v 0.103846854392236 -0.12853217151815 -0.498686815069955
v 0.104023998294295 -0.123519550224128 -0.488694606020537
v 0.104118127688294 -0.000575737108572793 -0.345451143182072
v 0.104327820079933 -0.124402031677219 -0.491128420653628
v 0.104405956457734 -0.0402037368308825 -0.344992489944217
v 0.105125384208848 -0.0327097773483028 -0.341363275806008
v 0.105233484469147 -0.127050051873041 -0.49850423463659
v 0.105465908252374 -0.126908176652589 -0.498694488160728
v 0.105512454877189 -0.07934702958595 -0.414496467620502
v 0.105697534332955 -0.127885895462516 -0.49867075639795
v 0.105748446596258 -0.0788585555895665 -0.414172624711743
v 0.105766293088586 -0.0362513070562012 -0.345639970902039
v 0.105866697929622 -0.100074792377758 -0.448830975583981
v 0.105904025191899 -0.0644202934474493 -0.395285988032094
v 0.105908729094474 -0.0358143793981728 -0.345716834353806
v 0.105915587080355 -0.079071115953818 -0.414713992448927
v 0.105957093332369 -0.0739324808749208 -0.385577915002887
v 0.106390742646417 -0.104443428917628 -0.457184679071209
v 0.106982350225517 -0.114328851786679 -0.447019533250963
v 0.107106792797134 -0.0841414555580916 -0.400809623735809
v 0.107126111017289 -0.0620620096578061 -0.393835541108331
v 0.107148350314894 -0.0332448886492639 -0.347265859344123
v 0.107215860189991 -0.0946106883228016 -0.441803847205864
v 0.107491233911067 -0.0622183213012768 -0.394540996330912
v 0.107615902649515 -0.111392119406231 -0.471140350977132
v 0.107953753270661 -0.115741457782442 -0.480762958181006
v 0.108031198021131 -0.036004985398504 -0.381068912098117
v 0.108414127704372 -0.0515995857559399 -0.39027864414657
v 0.108686632776297 -0.133092929721255 -0.498516555836352
v 0.108798859685309 0.0101325297360702 -0.334992040603766
v 0.108808777290128 -0.131181152027175 -0.48377708440534
v 0.108924032536213 -0.0822170508546832 -0.423519915427006
v 0.10914933989081 -0.13389488653383 -0.498464372721332
v 0.109388268293582 -0.133035961273322 -0.489609316485848
v 0.109600496729111 -0.0873909843247024 -0.408496199547142
v 0.109640119186799 -0.0541969815024547 -0.393785001260403
v 0.109711736387426 -0.0372771570546237 -0.384619274292205
v 0.109754091677144 -0.134708672265964 -0.496770946423727
v 0.10976765339081 -0.133254795200148 -0.498496108127339
v 0.110031035786377 -0.083261442727573 -0.427191141282455
v 0.110054736211011 -0.037556587825764 -0.385417110201594
v 0.110357701897022 0.00855245551764364 -0.337873746973495
v 0.110446730361062 -0.043941904329418 -0.389524915572365
v 0.110618785415085 -0.0455020578729156 -0.390673279240305
v 0.110979750979272 -0.0416457314014994 -0.389326167825365
v 0.111006669051782 -0.0652085391073494 -0.380608264978916
v 0.112019290715177 -0.0231763277545162 -0.353329592708404
v 0.112034431884143 -0.0900259883187818 -0.415278497578378
v 0.112221927013544 0.000257498044232279 -0.337068665874596
v 0.112295606839947 -0.0607070682846126 -0.401865050460646
v 0.112320975501234 -0.124714671133205 -0.476822439938742
v 0.112478433941822 -0.0151557296523387 -0.348827372103666
v 0.112496758134355 0.0062343514332499 -0.342043499987812
v 0.112708590938976 -0.0644519080346841 -0.404621470127903
v 0.113043255602406 -0.062676726509867 -0.404320972775486
v 0.113388283947559 -0.0636186243158499 -0.405497928066705
v 0.113445773885794 -0.00820632246209024 -0.346480086931531
v 0.114106736124029 -0.10396898723642 -0.441724266882094
v 0.114312014290625 -0.104825019011693 -0.47135566670191
v 0.114406381651792 -0.106182534422681 -0.445893133026999
v 0.114412995067867 -0.0334551972595782 -0.367234673280413
v 0.114592046399819 -0.0925011506230459 -0.423523670516111
v 0.114600196576441 -0.0689144227098706 -0.390374266702466
v 0.114646957922269 0.000221137425410499 -0.343629375071702
v 0.114859865837339 -0.0684296730476529 -0.390070229616478
v 0.114916453569316 -0.111525924290855 -0.45635584353176
v 0.114921911206529 -0.0684815407449601 -0.390222589104425
v 0.11523103001146 -0.113601064058478 -0.460629655757058
v 0.115361577475252 -0.0866155505957106 -0.415140709838868
v 0.115370107702354 -0.0674537081417745 -0.389466844730353
v 0.115588123450946 -0.0675658862304227 -0.389909456635924
v 0.115663434970677 -0.117940092203192 -0.470032198880446
v 0.115817155530579 -0.066157881428109 -0.411588906028568
v 0.115824861046446 -0.0622936826245991 -0.387838257923104
v 0.115882671956809 -0.061728891366614 -0.387654406093963
v 0.11619929990249 -0.0771062371703662 -0.427264172255687
v 0.116355944332643 -0.035680464608166 -0.374131654432034
v 0.116383258220285 -0.0942190002438475 -0.429357587238542
v 0.116396365223368 -0.077258306456171 -0.427766475692657
v 0.116923775546102 -0.0616288734893765 -0.389487246607568
v 0.11728944236741 -0.0367485635626717 -0.377441488662719
v 0.11777080795501 -0.0686889240503908 -0.417980938656312
v 0.118261520938058 -0.0375098855996986 -0.379589348773354
v 0.119015059981783 -0.0857821991397501 -0.419760039509273
v 0.119262425739483 -0.0518365084660095 -0.388717756112094
v 0.119928554649767 -0.0444418087772047 -0.386146354035836
v 0.120725855260571 -0.0702094610093731 -0.400339993334564
v 0.121912426987544 -0.0816533330832193 -0.444676270883713
v 0.121982615899535 -0.0585684322251565 -0.397078347190859
v 0.123124276155659 -0.109195919194605 -0.498778175469202
v 0.123242364882375 -0.0827168223154152 -0.448832229146081
v 0.12373600451099 -0.0758498057664676 -0.41186660154407
v 0.124098618284592 -0.0755481568899533 -0.411956560997327
v 0.124510163078059 -0.0644788984077092 -0.404390616999065
v 0.124908317046644 -0.0768298168864266 -0.414745348821681
v 0.125060774638496 -0.0668836343483774 -0.407462166162594
v 0.126560260963139 -0.085127434908248 -0.458782212931149
v 0.126638888996149 -0.0839769418628627 -0.42947802768986
v 0.126890590371819 -0.0705289161803457 -0.414338465095166
v 0.126903152181861 -0.118099375209402 -0.496281256038569
v 0.127185413337602 -0.0695917849534471 -0.414277949390568
v 0.127344738168639 -0.0697636958883624 -0.414693825394586
v 0.128540290917301 -0.0776664328046144 -0.42218741118604
v 0.130766699625374 -0.0872489317481001 -0.441783759161985
v 0.131306151108367 -0.08763858202447 -0.443329040419115
v 0.133908522958594 -0.0846646508539076 -0.47081591249225
v 0.135510981453365 -0.0844449267818883 -0.473713658177902
v 0.136384613884389 -0.0913463206214463 -0.459128687760288
v 0.138122011406483 -0.0841136032734102 -0.478373761963061
v 0.140516166265823 -0.102622636025924 -0.498464677133975
v 0.142196530509003 -0.0908986289488886 -0.468834444710131
v 0.142516087333902 -0.0836931483329598 -0.486495268930438
v 0.142925165436988 -0.09081828032246 -0.470107012770847
v 0.143029025993155 -0.0835515066388686 -0.487664825790888
v 0.143526781795421 -0.0907707797699061 -0.471194882891694
v 0.144846860425432 -0.0905502510449699 -0.473860223947733
v 0.146857922539719 -0.0854149049754746 -0.498869664745662
v 0.146889317454168 -0.0824855346900604 -0.496466717167403
v 0.147844370895417 -0.0821283541238893 -0.49886798391309
v 0.148692459391327 -0.0828578899396464 -0.498495493444343
v 0.150291372496492 -0.0893896588096294 -0.48545387943732
v 0.155398853661593 -0.0881627662684341 -0.496660438302988
v 0.15553085006928 -0.0882691924847885 -0.496619499124393
v 0.155531717653706 -0.0882725882952126 -0.496612777719906
f 15 14 46
f 14 15 94
f 50 14 31
f 94 31 14
f 14 37 41
f 37 14 50
f 46 14 41
f 19 15 46
f 15 19 149
f 15 124 94
f 124 15 147
f 147 15 149
f 21 19 59
f 19 21 110
f 46 59 19
f 19 110 149
f 21 59 61
f 21 61 69
f 21 69 62
f 21 62 110
f 22 23 34
f 36 23 22
f 22 34 26
f 36 22 26
f 38 27 23
f 55 23 27
f 34 23 47
f 36 38 23
f 47 23 55
f 24 39 25
f 24 25 63
f 24 27 39
f 27 24 57
f 57 24 63
f 25 50 31
f 63 25 31
f 39 40 25
f 25 40 50
f 35 26 30
f 30 26 44
f 26 34 44
f 35 36 26
f 27 38 39
f 55 27 57
f 32 35 30
f 30 49 32
f 30 44 45
f 30 45 49
f 63 31 76
f 76 31 94
f 35 32 64
f 64 32 49
f 43 34 42
f 34 47 42
f 44 34 43
f 35 64 36
f 36 73 38
f 64 68 36
f 36 68 73
f 41 37 50
f 38 73 39
f 39 77 40
f 73 77 39
f 50 40 84
f 40 77 84
f 46 41 48
f 41 50 48
f 43 42 68
f 42 47 68
f 68 44 43
f 44 64 45
f 68 64 44
f 64 49 45
f 46 48 59
f 68 47 55
f 50 84 48
f 59 48 61
f 61 48 246
f 84 85 48
f 85 96 48
f 96 127 48
f 48 127 268
f 246 48 268
f 55 57 73
f 55 73 68
f 63 85 57
f 73 57 77
f 77 57 84
f 57 85 84
f 69 61 246
f 74 62 69
f 62 74 110
f 63 76 85
f 69 92 74
f 69 153 92
f 153 69 246
f 74 92 110
f 85 76 96
f 103 76 94
f 76 103 96
f 92 102 110
f 92 153 102
f 124 103 94
f 96 103 127
f 102 139 110
f 102 153 139
f 135 103 124
f 103 135 127
f 110 139 177
f 149 110 190
f 199 110 177
f 110 213 190
f 307 110 199
f 110 242 213
f 242 110 307
f 124 147 135
f 135 195 127
f 127 195 203
f 127 203 215
f 127 215 256
f 127 256 286
f 127 271 268
f 127 286 271
f 195 135 147
f 139 153 169
f 177 139 169
f 149 195 147
f 149 190 195
f 153 214 169
f 214 153 246
f 177 169 246
f 169 214 246
f 199 177 271
f 268 177 246
f 271 177 268
f 195 190 203
f 190 215 203
f 286 190 213
f 256 215 190
f 286 256 190
f 318 199 271
f 307 199 318
f 213 242 334
f 213 334 286
f 242 307 343
f 334 242 343
f 271 286 334
f 337 318 271
f 271 334 337
f 307 318 336
f 307 336 343
f 336 318 337
f 343 337 334
f 336 337 343
f 627 660 635
f 635 661 627
f 627 675 660
f 661 679 627
f 675 627 679
f 635 660 661
f 693 661 660
f 675 676 660
f 681 660 676
f 723 660 681
f 660 723 693
f 661 716 679
f 693 716 661
f 675 681 676
f 675 679 681
f 681 679 716
f 681 716 725
f 723 681 725
f 693 695 716
f 693 723 695
f 695 742 716
f 723 727 695
f 727 851 695
f 695 805 742
f 695 851 805
f 725 716 738
f 716 742 738
f 725 771 723
f 723 771 727
f 763 725 738
f 725 763 771
f 727 835 755
f 727 755 851
f 727 771 835
f 742 800 738
f 738 872 763
f 738 800 840
f 738 840 872
f 742 805 800
f 755 835 787
f 755 787 853
f 755 853 851
f 763 872 771
f 835 771 923
f 923 771 872
f 817 787 835
f 853 787 817
f 840 800 805
f 840 805 851
f 894 817 835
f 853 817 894
f 835 923 894
f 872 840 851
f 851 853 869
f 868 851 869
f 868 872 851
f 853 923 869
f 923 853 894
f 870 868 869
f 870 872 868
f 923 870 869
f 951 872 870
f 923 969 870
f 951 870 969
f 923 872 970
f 970 872 951
f 970 969 923
f 951 969 970
f 639 652 636
f 636 658 639
f 636 652 665
f 636 665 658
f 639 702 652
f 639 658 724
f 639 724 702
f 685 665 652
f 702 685 652
f 658 665 668
f 696 658 668
f 715 658 696
f 658 715 724
f 685 668 665
f 733 668 685
f 668 770 696
f 770 668 733
f 733 685 702
f 744 715 696
f 696 770 744
f 735 702 724
f 702 735 733
f 715 722 724
f 715 785 722
f 744 785 715
f 724 722 764
f 785 764 722
f 735 724 747
f 747 724 865
f 724 764 794
f 724 794 813
f 865 724 813
f 743 733 735
f 743 746 733
f 733 746 770
f 743 735 747
f 743 749 746
f 743 747 749
f 744 770 833
f 785 744 833
f 749 752 746
f 746 752 770
f 747 998 749
f 747 865 867
f 747 867 954
f 747 954 998
f 753 752 749
f 749 998 753
f 753 776 752
f 776 770 752
f 753 778 776
f 795 778 753
f 753 792 795
f 753 998 792
f 785 769 764
f 794 764 769
f 794 769 785
f 776 1072 770
f 770 846 833
f 770 883 846
f 770 899 883
f 899 770 1012
f 770 1072 1012
f 776 778 1072
f 778 795 1072
f 833 794 785
f 841 795 792
f 792 998 841
f 813 794 846
f 846 794 833
f 887 795 841
f 887 1072 795
f 846 865 813
f 856 887 841
f 856 841 1067
f 841 998 1067
f 883 865 846
f 906 887 856
f 983 906 856
f 983 856 1055
f 1055 856 1067
f 867 865 883
f 867 883 899
f 867 899 954
f 887 906 1090
f 887 1094 1072
f 887 1090 1094
f 957 954 899
f 899 1012 957
f 983 1005 906
f 906 1005 1090
f 998 954 957
f 957 1032 971
f 1056 957 971
f 998 957 1056
f 1032 957 1012
f 971 1032 984
f 971 984 1056
f 1090 1005 983
f 1090 983 1055
f 1046 1019 984
f 984 1019 1056
f 984 1032 1046
f 998 1056 1075
f 998 1075 1067
f 1072 1032 1012
f 1019 1022 1056
f 1022 1019 1086
f 1046 1047 1019
f 1019 1047 1071
f 1071 1086 1019
f 1056 1022 1042
f 1088 1042 1022
f 1086 1088 1022
f 1072 1046 1032
f 1056 1042 1057
f 1105 1057 1042
f 1088 1105 1042
f 1072 1047 1046
f 1072 1071 1047
f 1055 1067 1094
f 1090 1055 1094
f 1056 1057 1109
f 1075 1056 1084
f 1087 1084 1056
f 1087 1056 1109
f 1109 1057 1074
f 1110 1074 1057
f 1105 1110 1057
f 1091 1080 1066
f 1125 1066 1080
f 1066 1099 1091
f 1101 1099 1066
f 1125 1101 1066
f 1094 1067 1075
f 1072 1138 1071
f 1071 1138 1086
f 1094 1130 1072
f 1130 1137 1072
f 1137 1138 1072
f 1126 1081 1074
f 1135 1074 1081
f 1109 1074 1128
f 1110 1126 1074
f 1128 1074 1129
f 1135 1129 1074
f 1084 1130 1075
f 1130 1094 1075
f 1125 1080 1081
f 1131 1081 1080
f 1131 1080 1091
f 1126 1125 1081
f 1135 1081 1131
f 1130 1084 1087
f 1086 1138 1088
f 1100 1087 1109
f 1100 1144 1087
f 1137 1130 1087
f 1144 1137 1087
f 1138 1105 1088
f 1091 1099 1102
f 1091 1102 1162
f 1091 1162 1131
f 1102 1099 1101
f 1112 1100 1109
f 1112 1147 1100
f 1147 1144 1100
f 1162 1102 1101
f 1101 1125 1162
f 1138 1110 1105
f 1112 1109 1118
f 1118 1109 1121
f 1121 1109 1128
f 1181 1126 1110
f 1181 1110 1138
f 1112 1118 1147
f 1118 1121 1179
f 1118 1154 1147
f 1118 1179 1154
f 1179 1121 1128
f 1126 1181 1125
f 1162 1125 1174
f 1181 1174 1125
f 1179 1128 1129
f 1129 1135 1184
f 1179 1129 1184
f 1135 1131 1185
f 1162 1174 1131
f 1174 1185 1131
f 1184 1135 1185
f 1144 1138 1137
f 1144 1147 1138
f 1147 1154 1138
f 1154 1179 1138
f 1179 1184 1138
f 1184 1181 1138
f 1185 1174 1181
f 1184 1189 1181
f 1196 1185 1181
f 1196 1181 1189
f 1184 1185 1189
f 1189 1185 1196
f 782 762 760
f 820 760 762
f 760 768 785
f 768 760 844
f 785 782 760
f 844 760 820
f 762 782 784
f 784 880 762
f 820 762 810
f 810 762 880
f 785 768 769
f 769 768 917
f 768 844 845
f 768 845 861
f 768 861 917
f 769 794 785
f 794 769 917
f 904 784 782
f 782 785 916
f 904 782 916
f 904 880 784
f 785 794 833
f 785 833 916
f 813 846 794
f 813 794 917
f 794 846 833
f 820 810 844
f 810 880 844
f 813 865 846
f 865 813 917
f 846 991 833
f 916 833 924
f 833 991 924
f 844 880 845
f 861 845 945
f 880 904 845
f 904 945 845
f 865 883 846
f 883 991 846
f 861 892 917
f 892 861 945
f 865 867 883
f 867 865 954
f 865 917 954
f 867 899 883
f 867 954 899
f 870 960 873
f 969 870 873
f 960 870 969
f 890 969 873
f 873 977 890
f 977 873 960
f 899 991 883
f 898 890 891
f 890 977 891
f 901 890 898
f 901 989 890
f 890 974 969
f 989 974 890
f 891 914 898
f 891 929 914
f 891 1004 929
f 977 1004 891
f 895 892 945
f 892 895 992
f 917 892 992
f 895 910 992
f 1010 910 895
f 895 945 981
f 993 895 981
f 1007 895 993
f 1007 1010 895
f 914 901 898
f 957 899 954
f 1012 899 957
f 899 1012 991
f 901 914 1009
f 996 989 901
f 996 901 1009
f 904 916 945
f 992 910 931
f 1028 931 910
f 1010 1028 910
f 929 947 914
f 914 947 1009
f 916 924 945
f 954 917 957
f 957 917 971
f 917 984 971
f 917 992 984
f 991 945 924
f 1035 947 929
f 1004 1029 929
f 1029 1035 929
f 949 931 952
f 992 931 949
f 931 1028 952
f 991 981 945
f 952 1038 947
f 1051 952 947
f 1009 947 1013
f 947 1038 1013
f 1035 1051 947
f 1051 949 952
f 992 949 1049
f 1051 1049 949
f 952 1028 1038
f 957 971 1032
f 957 1032 1012
f 960 969 1017
f 1017 977 960
f 969 974 1017
f 1032 971 984
f 1068 974 989
f 974 1068 1017
f 977 1017 1004
f 991 993 981
f 984 992 1019
f 984 1019 1046
f 1032 984 1046
f 994 989 996
f 994 1068 989
f 1047 993 991
f 1012 1032 991
f 1032 1046 991
f 1046 1047 991
f 1019 992 1022
f 1022 992 1042
f 1042 992 1049
f 1047 1007 993
f 996 1096 994
f 994 1078 1068
f 1096 1078 994
f 1013 996 1009
f 1013 1096 996
f 1017 1068 1004
f 1078 1029 1004
f 1004 1068 1078
f 1007 1070 1010
f 1047 1071 1007
f 1007 1071 1070
f 1010 1070 1028
f 1038 1039 1013
f 1013 1039 1040
f 1013 1040 1096
f 1019 1022 1086
f 1046 1019 1047
f 1047 1019 1071
f 1019 1086 1071
f 1022 1042 1088
f 1088 1086 1022
f 1028 1070 1038
f 1031 1035 1029
f 1031 1029 1078
f 1035 1031 1104
f 1031 1078 1085
f 1031 1085 1093
f 1031 1093 1097
f 1031 1097 1104
f 1051 1035 1104
f 1038 1070 1039
f 1039 1096 1040
f 1070 1096 1039
f 1042 1049 1051
f 1105 1042 1051
f 1042 1105 1088
f 1105 1051 1104
f 1071 1086 1070
f 1086 1088 1070
f 1088 1105 1070
f 1107 1096 1070
f 1105 1107 1070
f 1096 1085 1078
f 1085 1096 1093
f 1097 1093 1096
f 1104 1097 1096
f 1108 1104 1096
f 1108 1096 1107
f 1107 1105 1104
f 1108 1107 1104
f 226 236 278
f 226 303 236
f 226 278 240
f 240 312 226
f 296 303 226
f 312 296 226
f 309 259 236
f 259 399 236
f 293 278 236
f 399 293 236
f 303 309 236
f 278 312 240
f 317 259 309
f 317 383 259
f 383 323 259
f 323 399 259
f 278 293 354
f 278 342 312
f 346 342 278
f 354 346 278
f 399 306 293
f 293 306 401
f 354 293 401
f 303 296 342
f 312 342 296
f 303 317 309
f 362 317 303
f 362 303 342
f 306 370 401
f 456 370 306
f 404 306 399
f 404 436 306
f 436 438 306
f 438 456 306
f 317 362 394
f 383 317 394
f 383 399 323
f 346 362 342
f 401 346 354
f 362 346 401
f 362 431 394
f 362 401 414
f 362 414 481
f 362 452 431
f 452 362 472
f 472 362 481
f 377 439 370
f 456 377 370
f 370 414 401
f 416 414 370
f 439 416 370
f 424 439 377
f 424 377 456
f 383 394 399
f 394 404 399
f 394 431 404
f 404 431 436
f 481 414 416
f 416 439 481
f 424 458 439
f 447 424 456
f 447 487 424
f 476 458 424
f 487 476 424
f 436 431 452
f 438 436 478
f 436 452 472
f 436 472 478
f 456 438 482
f 438 478 482
f 439 458 481
f 447 456 461
f 487 447 461
f 461 456 514
f 456 482 544
f 456 544 514
f 476 481 458
f 461 514 487
f 472 481 478
f 481 476 487
f 485 478 481
f 482 478 485
f 485 481 549
f 481 487 490
f 490 516 481
f 516 549 481
f 482 485 491
f 482 491 560
f 544 482 546
f 546 482 560
f 485 500 491
f 564 500 485
f 485 549 555
f 485 555 564
f 487 514 490
f 514 516 490
f 511 491 500
f 529 491 511
f 529 528 491
f 560 491 528
f 511 500 564
f 511 565 529
f 565 511 564
f 514 555 516
f 514 544 555
f 516 555 549
f 540 528 529
f 528 540 562
f 560 528 562
f 540 529 566
f 529 565 566
f 562 540 561
f 561 540 566
f 544 546 555
f 546 560 555
f 555 560 562
f 564 555 562
f 563 562 561
f 561 583 563
f 561 566 574
f 588 561 574
f 583 561 601
f 602 561 588
f 601 561 602
f 564 562 563
f 565 564 563
f 565 563 577
f 563 604 577
f 563 583 604
f 565 577 566
f 566 577 574
f 574 577 588
f 588 577 595
f 577 604 595
f 594 583 601
f 604 583 594
f 588 595 618
f 602 588 598
f 598 588 612
f 612 588 698
f 588 618 698
f 601 606 594
f 604 594 606
f 604 615 595
f 615 625 595
f 595 622 618
f 595 628 622
f 625 633 595
f 595 645 628
f 633 645 595
f 602 598 612
f 602 652 601
f 609 606 601
f 652 609 601
f 602 612 652
f 604 606 609
f 604 609 615
f 615 609 668
f 665 609 652
f 668 609 665
f 636 652 612
f 612 698 636
f 615 731 625
f 615 668 731
f 622 640 618
f 618 640 698
f 622 628 640
f 625 719 633
f 625 731 719
f 640 628 645
f 653 645 633
f 633 657 653
f 654 657 633
f 633 719 654
f 665 652 636
f 665 636 658
f 636 698 658
f 640 645 653
f 640 653 698
f 653 657 698
f 719 657 654
f 657 700 698
f 657 750 700
f 719 737 657
f 737 750 657
f 658 668 665
f 668 658 696
f 658 715 696
f 658 698 715
f 731 668 696
f 696 715 744
f 731 696 744
f 700 712 698
f 713 698 712
f 767 698 713
f 715 698 722
f 722 698 767
f 700 709 712
f 750 709 700
f 750 712 709
f 751 713 712
f 750 751 712
f 754 713 751
f 785 713 754
f 785 767 713
f 785 715 722
f 785 744 715
f 719 731 737
f 764 722 767
f 722 764 785
f 737 731 751
f 731 744 785
f 754 751 731
f 754 731 785
f 750 737 751
f 764 767 769
f 764 769 785
f 769 767 785
f 117 126 116
f 117 116 154
f 116 126 118
f 116 118 154
f 130 126 117
f 130 117 150
f 150 117 154
f 118 126 133
f 118 133 166
f 154 118 166
f 138 126 130
f 133 126 148
f 138 162 126
f 148 126 151
f 126 204 151
f 162 168 126
f 126 168 163
f 126 163 176
f 126 176 184
f 126 184 191
f 126 191 204
f 189 138 130
f 130 150 161
f 179 130 161
f 189 130 179
f 166 133 148
f 145 162 138
f 189 145 138
f 145 187 162
f 145 164 187
f 217 164 145
f 189 217 145
f 228 148 151
f 182 166 148
f 182 148 228
f 150 154 173
f 150 173 161
f 151 210 200
f 200 228 151
f 151 204 210
f 154 166 173
f 161 173 179
f 162 174 168
f 162 186 174
f 202 186 162
f 187 202 162
f 168 248 163
f 163 251 176
f 163 248 251
f 187 164 245
f 217 245 164
f 166 182 173
f 168 174 248
f 179 173 189
f 182 228 173
f 189 173 245
f 228 250 173
f 245 173 275
f 248 173 251
f 274 173 248
f 287 173 250
f 251 173 258
f 173 282 258
f 275 173 274
f 173 287 282
f 186 274 174
f 174 274 248
f 191 184 176
f 176 251 191
f 202 225 186
f 186 225 274
f 276 202 187
f 245 260 187
f 276 187 260
f 217 189 245
f 191 282 204
f 191 251 258
f 191 258 282
f 200 210 219
f 266 200 219
f 200 250 228
f 266 250 200
f 202 211 225
f 202 309 211
f 294 202 276
f 294 309 202
f 204 282 210
f 298 219 210
f 210 282 287
f 287 298 210
f 221 236 211
f 211 309 221
f 211 226 225
f 236 226 211
f 310 266 219
f 315 219 298
f 310 219 332
f 332 219 315
f 259 236 221
f 309 259 221
f 226 240 225
f 274 225 240
f 303 226 236
f 226 312 240
f 296 226 303
f 296 312 226
f 309 236 259
f 309 303 236
f 274 240 275
f 240 312 275
f 260 245 275
f 298 250 266
f 287 250 298
f 276 260 275
f 298 266 315
f 266 310 315
f 276 275 296
f 296 275 312
f 294 276 303
f 296 303 276
f 303 309 294
f 310 332 315
f 607 601 602
f 652 602 601
f 607 619 601
f 619 610 601
f 652 601 610
f 607 602 612
f 652 612 602
f 612 639 607
f 619 607 735
f 607 639 702
f 607 702 735
f 634 610 619
f 610 634 733
f 685 652 610
f 733 685 610
f 612 636 639
f 636 612 652
f 616 613 619
f 613 616 630
f 631 619 613
f 631 613 630
f 616 619 735
f 630 616 646
f 646 616 662
f 616 743 662
f 743 616 735
f 619 631 634
f 631 630 646
f 733 634 631
f 631 646 746
f 733 631 746
f 636 652 639
f 702 639 652
f 646 662 656
f 656 752 646
f 746 646 752
f 702 652 685
f 708 656 662
f 656 708 752
f 708 662 687
f 662 743 687
f 685 733 702
f 708 687 736
f 687 743 736
f 735 702 733
f 786 708 736
f 708 786 752
f 733 743 735
f 733 746 743
f 736 743 749
f 781 736 749
f 736 781 827
f 736 803 786
f 736 827 803
f 743 746 749
f 749 746 752
f 749 752 753
f 749 753 781
f 752 776 753
f 752 786 776
f 776 778 753
f 753 778 795
f 781 753 792
f 792 753 795
f 776 795 778
f 786 803 776
f 803 795 776
f 781 792 841
f 781 806 827
f 781 841 806
f 792 795 841
f 803 827 795
f 827 887 795
f 841 795 887
f 827 806 829
f 806 841 829
f 856 827 829
f 874 827 856
f 827 874 887
f 829 841 856
f 856 841 887
f 874 856 906
f 906 856 887
f 874 906 887
f 159 160 155
f 159 155 170
f 155 160 193
f 170 155 172
f 172 155 193
f 159 222 160
f 170 233 159
f 233 222 159
f 193 160 165
f 165 160 227
f 227 160 222
f 227 167 165
f 167 231 165
f 165 208 193
f 231 208 165
f 171 231 167
f 247 171 167
f 230 167 227
f 235 167 230
f 235 247 167
f 172 193 170
f 265 170 193
f 170 244 233
f 170 261 244
f 265 261 170
f 231 171 198
f 171 263 198
f 247 263 171
f 191 206 196
f 196 231 191
f 282 206 191
f 191 231 241
f 191 241 282
f 193 208 265
f 196 206 231
f 198 205 239
f 269 205 198
f 231 198 239
f 263 269 198
f 205 212 239
f 212 205 284
f 269 284 205
f 206 208 231
f 208 206 265
f 206 299 265
f 282 302 206
f 302 299 206
f 212 285 239
f 212 277 285
f 319 277 212
f 284 319 212
f 227 222 261
f 233 244 222
f 244 261 222
f 261 230 227
f 230 311 235
f 261 265 230
f 230 265 299
f 230 299 311
f 280 231 239
f 241 231 280
f 311 247 235
f 279 280 239
f 289 279 239
f 335 239 285
f 239 353 289
f 353 239 335
f 280 313 241
f 282 241 313
f 311 263 247
f 263 290 269
f 311 290 263
f 269 290 284
f 277 320 285
f 319 320 277
f 279 313 280
f 308 279 289
f 308 361 279
f 279 339 313
f 349 339 279
f 361 349 279
f 300 302 282
f 300 282 313
f 284 290 320
f 319 284 320
f 320 379 285
f 285 379 335
f 289 366 308
f 289 353 366
f 311 351 290
f 320 290 379
f 290 351 379
f 302 311 299
f 305 302 300
f 305 300 311
f 300 351 311
f 300 313 339
f 339 351 300
f 305 311 302
f 338 361 308
f 338 308 374
f 308 366 374
f 335 385 353
f 379 385 335
f 373 361 338
f 373 338 374
f 339 349 351
f 349 352 351
f 361 352 349
f 351 352 357
f 351 357 361
f 351 361 379
f 357 352 361
f 385 366 353
f 373 393 361
f 379 361 385
f 408 385 361
f 393 408 361
f 366 408 374
f 385 408 366
f 374 409 373
f 409 393 373
f 374 408 409
f 393 409 408
f 146 99 93
f 99 192 93
f 93 114 140
f 93 192 114
f 134 93 137
f 146 93 134
f 93 140 137
f 99 104 133
f 146 104 99
f 99 133 148
f 99 148 151
f 192 99 151
f 104 118 133
f 118 104 146
f 114 129 140
f 114 192 129
f 133 118 166
f 118 146 154
f 166 118 154
f 129 192 136
f 129 136 223
f 140 129 157
f 129 178 157
f 129 181 178
f 181 129 185
f 185 129 223
f 133 166 148
f 134 137 182
f 146 134 182
f 223 136 175
f 175 136 420
f 136 192 420
f 140 157 137
f 157 197 137
f 137 197 182
f 154 146 166
f 166 146 182
f 151 148 228
f 148 166 182
f 148 182 228
f 151 200 192
f 151 228 200
f 178 197 157
f 175 183 223
f 388 183 175
f 175 420 388
f 181 197 178
f 181 185 197
f 182 197 228
f 223 183 283
f 183 238 330
f 238 183 364
f 283 183 330
f 388 364 183
f 185 223 197
f 200 219 192
f 219 216 192
f 192 216 252
f 192 252 254
f 192 254 420
f 223 422 197
f 228 197 250
f 197 292 250
f 197 422 292
f 219 200 266
f 200 228 250
f 250 266 200
f 219 252 216
f 219 254 252
f 254 219 332
f 219 266 310
f 219 310 332
f 283 422 223
f 238 327 330
f 327 238 364
f 250 292 266
f 350 254 332
f 389 254 350
f 254 358 381
f 358 254 389
f 425 254 381
f 254 425 420
f 266 292 310
f 283 330 333
f 283 333 422
f 292 350 310
f 292 397 350
f 433 397 292
f 422 453 292
f 453 433 292
f 350 332 310
f 327 333 330
f 340 333 327
f 340 327 364
f 375 333 340
f 417 333 375
f 422 333 417
f 375 340 364
f 389 350 397
f 358 433 381
f 389 397 358
f 358 397 433
f 375 364 388
f 392 375 388
f 417 375 392
f 381 468 425
f 433 453 381
f 468 381 453
f 388 420 392
f 417 392 437
f 392 420 509
f 392 509 437
f 422 417 426
f 426 417 437
f 425 434 420
f 420 434 451
f 420 451 509
f 422 426 457
f 453 422 468
f 422 457 479
f 422 479 468
f 471 434 425
f 468 471 425
f 457 426 437
f 471 451 434
f 480 457 437
f 437 509 480
f 501 451 471
f 451 501 509
f 457 488 479
f 480 488 457
f 479 471 468
f 471 479 494
f 494 501 471
f 488 492 479
f 492 515 479
f 479 523 494
f 515 522 479
f 479 522 554
f 479 542 523
f 479 554 542
f 488 480 493
f 480 509 493
f 492 488 493
f 515 492 493
f 493 509 518
f 515 493 518
f 508 501 494
f 508 494 523
f 501 508 509
f 509 508 521
f 521 508 523
f 518 509 541
f 509 521 527
f 509 527 551
f 509 551 541
f 518 541 515
f 522 515 548
f 515 541 548
f 527 521 523
f 522 548 557
f 554 522 557
f 527 523 542
f 527 542 554
f 551 527 567
f 527 554 567
f 541 551 548
f 570 548 551
f 548 570 557
f 551 567 581
f 570 551 581
f 554 557 567
f 557 578 567
f 578 557 570
f 567 578 579
f 579 597 567
f 581 567 597
f 570 593 578
f 593 570 581
f 578 599 579
f 599 578 593
f 579 599 597
f 593 581 592
f 581 597 592
f 592 597 593
f 608 593 597
f 593 608 599
f 599 608 597
f 82 75 89
f 128 75 82
f 75 132 89
f 101 105 75
f 101 75 107
f 75 105 132
f 111 107 75
f 112 111 75
f 75 113 112
f 115 113 75
f 128 115 75
f 82 89 119
f 324 82 119
f 82 123 128
f 249 123 82
f 316 249 82
f 316 82 324
f 89 106 119
f 106 89 144
f 89 132 144
f 101 107 105
f 107 132 105
f 106 136 119
f 106 120 136
f 106 144 120
f 107 111 132
f 112 152 111
f 111 181 132
f 111 152 181
f 152 112 113
f 113 115 403
f 152 113 333
f 333 113 403
f 114 129 120
f 120 144 114
f 129 114 140
f 142 140 114
f 144 142 114
f 128 209 115
f 209 264 115
f 264 367 115
f 367 384 115
f 384 403 115
f 119 136 175
f 119 175 183
f 119 183 238
f 119 238 327
f 324 119 365
f 340 119 327
f 365 119 340
f 129 136 120
f 156 128 123
f 188 156 123
f 123 249 188
f 209 128 156
f 136 129 223
f 157 129 140
f 129 157 178
f 129 178 181
f 129 181 185
f 129 185 223
f 144 132 181
f 175 136 223
f 142 157 140
f 144 157 142
f 157 144 178
f 144 181 178
f 181 152 185
f 152 283 185
f 152 330 283
f 152 333 330
f 209 156 188
f 175 223 183
f 283 183 223
f 330 238 183
f 283 330 183
f 185 283 223
f 188 237 209
f 188 249 237
f 264 209 237
f 249 264 237
f 238 330 327
f 316 264 249
f 367 264 316
f 324 367 316
f 365 367 324
f 327 330 333
f 327 333 340
f 340 333 375
f 375 333 403
f 340 375 364
f 340 364 387
f 365 340 387
f 364 375 388
f 364 388 387
f 365 386 367
f 365 387 386
f 367 386 384
f 375 392 388
f 375 417 392
f 417 375 403
f 412 384 386
f 384 412 403
f 386 387 432
f 435 412 386
f 386 432 454
f 386 454 435
f 387 388 392
f 387 392 460
f 432 387 460
f 392 417 437
f 460 392 437
f 412 435 403
f 417 403 426
f 426 403 457
f 435 454 403
f 403 454 457
f 417 426 437
f 426 457 437
f 475 454 432
f 475 432 460
f 480 437 457
f 460 437 480
f 457 454 475
f 488 457 475
f 457 488 480
f 488 475 460
f 488 460 480
f 68 42 43
f 43 42 79
f 68 47 42
f 42 47 79
f 44 68 43
f 44 43 80
f 80 43 79
f 45 44 58
f 64 44 45
f 58 44 80
f 64 68 44
f 45 58 49
f 45 49 64
f 55 47 68
f 47 55 97
f 79 47 86
f 47 97 86
f 49 58 81
f 64 49 81
f 57 55 73
f 97 55 57
f 73 55 68
f 85 63 57
f 57 63 108
f 57 73 77
f 84 57 77
f 85 57 84
f 97 57 108
f 78 58 80
f 58 78 83
f 58 90 81
f 58 83 90
f 76 63 85
f 63 76 125
f 108 63 125
f 64 81 68
f 73 68 88
f 68 81 88
f 73 88 77
f 96 76 85
f 103 94 76
f 76 94 141
f 103 76 96
f 141 125 76
f 77 88 84
f 91 78 80
f 83 78 90
f 78 91 90
f 91 80 79
f 98 79 86
f 98 91 79
f 81 98 88
f 81 90 95
f 81 95 91
f 81 91 98
f 88 85 84
f 88 96 85
f 86 97 122
f 121 98 86
f 86 122 121
f 88 158 96
f 88 98 121
f 121 122 88
f 122 131 88
f 88 131 158
f 90 91 95
f 103 124 94
f 94 124 143
f 94 143 141
f 96 158 103
f 108 122 97
f 135 124 103
f 135 103 194
f 103 158 194
f 108 131 122
f 125 158 108
f 158 131 108
f 135 147 124
f 143 124 147
f 125 141 158
f 135 195 147
f 135 194 195
f 143 194 141
f 194 158 141
f 147 195 143
f 195 194 143
f 191 241 204
f 282 191 204
f 282 241 191
f 210 282 204
f 204 291 210
f 204 241 291
f 210 291 219
f 210 219 298
f 210 287 282
f 298 287 210
f 219 291 232
f 232 332 219
f 298 219 315
f 219 332 315
f 232 291 360
f 232 360 332
f 241 280 291
f 241 313 280
f 313 241 282
f 291 280 279
f 280 313 279
f 291 279 289
f 289 279 308
f 308 279 361
f 313 339 279
f 339 349 279
f 349 361 279
f 282 287 313
f 287 298 339
f 313 287 339
f 289 308 291
f 291 308 338
f 373 291 338
f 428 360 291
f 428 291 373
f 339 298 315
f 308 361 338
f 315 332 390
f 339 315 349
f 315 390 349
f 332 360 390
f 338 361 373
f 349 352 361
f 349 440 352
f 349 390 440
f 361 352 357
f 357 352 409
f 442 409 352
f 352 440 470
f 442 352 474
f 474 352 470
f 357 393 361
f 393 357 409
f 382 360 428
f 382 429 360
f 429 390 360
f 361 393 373
f 393 409 373
f 373 409 428
f 419 429 382
f 419 382 446
f 382 428 430
f 382 430 448
f 382 448 446
f 390 429 440
f 428 409 442
f 419 440 429
f 419 446 440
f 428 442 430
f 430 442 474
f 448 430 489
f 430 474 489
f 470 440 446
f 446 448 467
f 446 467 470
f 448 489 467
f 467 489 470
f 474 470 489
f 853 894 817
f 817 919 853
f 817 894 919
f 923 853 869
f 853 933 869
f 853 923 894
f 853 919 933
f 923 869 870
f 870 869 967
f 967 869 933
f 923 870 969
f 960 870 967
f 960 969 870
f 919 894 987
f 894 923 987
f 919 987 933
f 970 923 969
f 923 970 1015
f 987 923 1015
f 967 933 987
f 967 977 960
f 1017 969 960
f 977 1017 960
f 1031 977 967
f 985 967 987
f 985 1058 967
f 1058 1031 967
f 970 969 1020
f 969 1017 1020
f 970 1020 1015
f 1004 1017 977
f 1029 1004 977
f 977 1031 1029
f 985 987 1015
f 985 1015 1020
f 985 1020 1079
f 1062 1058 985
f 1062 985 1079
f 1004 1068 1017
f 1029 1078 1004
f 1078 1068 1004
f 1017 1068 1020
f 1020 1068 1093
f 1093 1079 1020
f 1029 1031 1078
f 1058 1035 1031
f 1035 1104 1031
f 1031 1085 1078
f 1031 1093 1085
f 1097 1093 1031
f 1097 1031 1104
f 1058 1051 1035
f 1051 1104 1035
f 1049 1042 1051
f 1042 1049 1057
f 1042 1105 1051
f 1042 1057 1105
f 1049 1051 1058
f 1057 1049 1058
f 1051 1105 1104
f 1057 1058 1074
f 1110 1057 1074
f 1105 1057 1110
f 1066 1058 1062
f 1080 1058 1066
f 1074 1058 1081
f 1081 1058 1080
f 1066 1062 1079
f 1066 1079 1099
f 1125 1080 1066
f 1101 1066 1099
f 1101 1125 1066
f 1085 1068 1078
f 1068 1085 1093
f 1126 1074 1081
f 1126 1110 1074
f 1101 1079 1093
f 1101 1099 1079
f 1081 1080 1125
f 1126 1081 1125
f 1097 1101 1093
f 1125 1101 1097
f 1104 1125 1097
f 1104 1105 1107
f 1104 1107 1108
f 1104 1108 1125
f 1105 1110 1107
f 1126 1108 1107
f 1126 1107 1110
f 1126 1125 1108
f 2 3 1
f 1 4 2
f 3 25 1
f 4 1 25
f 2 17 3
f 4 17 2
f 31 3 14
f 14 3 33
f 17 33 3
f 25 3 31
f 4 7 17
f 24 7 4
f 4 25 24
f 6 5 9
f 5 6 13
f 5 26 9
f 10 5 20
f 5 10 22
f 13 20 5
f 5 22 26
f 6 9 8
f 12 6 8
f 13 6 12
f 17 7 11
f 11 7 23
f 23 7 27
f 27 7 24
f 8 9 16
f 12 8 16
f 9 32 16
f 9 26 30
f 9 30 32
f 20 11 10
f 10 11 23
f 23 22 10
f 17 11 18
f 11 29 18
f 20 28 11
f 28 29 11
f 12 16 13
f 16 36 13
f 13 36 20
f 31 14 50
f 14 33 37
f 14 37 50
f 16 32 35
f 16 35 36
f 17 18 33
f 40 18 29
f 18 50 33
f 40 50 18
f 28 20 39
f 20 36 38
f 39 20 38
f 23 36 22
f 26 22 36
f 27 38 23
f 38 36 23
f 25 39 24
f 24 39 27
f 25 31 50
f 25 40 39
f 25 50 40
f 30 26 35
f 26 36 35
f 39 38 27
f 28 40 29
f 39 40 28
f 32 30 35
f 33 50 37
f 51 52 53
f 51 87 52
f 51 53 66
f 65 51 66
f 65 87 51
f 52 72 53
f 52 60 72
f 52 87 60
f 53 54 67
f 53 72 54
f 66 53 67
f 69 54 56
f 56 54 102
f 67 54 69
f 54 72 102
f 56 62 69
f 62 56 74
f 56 92 74
f 92 56 102
f 70 72 60
f 70 60 100
f 60 87 100
f 62 74 69
f 65 66 109
f 87 65 109
f 67 344 66
f 66 344 109
f 69 153 67
f 67 153 214
f 67 214 344
f 92 69 74
f 153 69 92
f 70 71 72
f 70 101 71
f 70 100 101
f 72 71 82
f 82 71 75
f 71 101 75
f 72 82 123
f 72 139 102
f 72 123 156
f 72 237 139
f 72 156 188
f 72 188 237
f 128 82 75
f 75 101 107
f 111 75 107
f 111 112 75
f 112 113 75
f 113 115 75
f 128 75 115
f 123 82 128
f 100 87 109
f 102 153 92
f 101 100 107
f 100 109 107
f 139 153 102
f 109 111 107
f 109 112 111
f 112 109 113
f 113 109 115
f 128 115 109
f 376 128 109
f 109 344 376
f 123 128 156
f 128 209 156
f 128 376 209
f 139 169 153
f 169 139 326
f 237 356 139
f 139 356 326
f 169 214 153
f 156 209 188
f 177 246 169
f 177 169 326
f 246 214 169
f 199 271 177
f 318 199 177
f 268 246 177
f 177 271 268
f 318 177 326
f 237 188 209
f 199 318 271
f 237 209 264
f 376 264 209
f 214 246 344
f 264 249 237
f 249 356 237
f 246 268 344
f 264 316 249
f 249 316 356
f 264 367 316
f 376 367 264
f 268 271 337
f 268 337 344
f 271 318 337
f 316 324 356
f 316 367 324
f 318 326 336
f 318 336 337
f 356 324 365
f 324 367 365
f 336 326 347
f 326 355 347
f 326 368 355
f 356 402 326
f 326 410 368
f 326 402 410
f 337 336 343
f 336 363 343
f 336 347 369
f 336 369 363
f 344 337 343
f 344 343 363
f 363 369 344
f 344 369 376
f 347 355 369
f 355 368 395
f 395 369 355
f 356 365 386
f 356 386 391
f 402 356 391
f 386 365 367
f 376 384 367
f 386 367 384
f 368 413 395
f 413 368 410
f 376 369 395
f 376 411 384
f 395 411 376
f 384 412 386
f 412 384 411
f 391 386 423
f 386 412 423
f 402 391 423
f 395 423 411
f 395 413 423
f 410 402 423
f 410 423 413
f 412 411 423
f 1120 1114 1123
f 1120 1152 1114
f 1114 1195 1123
f 1152 1195 1114
f 1120 1123 1186
f 1143 1167 1120
f 1143 1120 1186
f 1167 1152 1120
f 1123 1146 1186
f 1146 1123 1195
f 1148 1167 1143
f 1148 1143 1205
f 1205 1143 1186
f 1146 1156 1186
f 1156 1146 1212
f 1146 1195 1199
f 1203 1146 1199
f 1212 1146 1203
f 1214 1167 1148
f 1214 1148 1205
f 1152 1167 1224
f 1195 1152 1199
f 1152 1224 1199
f 1156 1168 1182
f 1168 1156 1212
f 1186 1156 1182
f 1224 1167 1214
f 1182 1168 1217
f 1168 1212 1217
f 1187 1186 1182
f 1187 1182 1217
f 1188 1186 1187
f 1205 1186 1188
f 1187 1217 1188
f 1228 1205 1188
f 1188 1217 1221
f 1221 1228 1188
f 1199 1219 1203
f 1224 1219 1199
f 1203 1226 1212
f 1203 1219 1226
f 1214 1205 1228
f 1212 1221 1217
f 1212 1226 1221
f 1224 1214 1225
f 1214 1231 1225
f 1233 1214 1228
f 1234 1231 1214
f 1234 1214 1233
f 1225 1219 1224
f 1225 1231 1219
f 1228 1226 1219
f 1219 1233 1228
f 1231 1233 1219
f 1228 1221 1226
f 1234 1233 1231
f 501 494 507
f 508 494 501
f 494 526 507
f 523 494 508
f 494 523 526
f 501 507 508
f 508 507 521
f 521 507 531
f 531 507 526
f 508 521 523
f 527 523 521
f 521 531 527
f 523 539 526
f 542 523 527
f 523 542 539
f 531 526 538
f 526 539 538
f 527 531 534
f 551 527 534
f 527 554 542
f 567 527 551
f 567 554 527
f 531 538 534
f 534 538 543
f 543 550 534
f 589 534 550
f 534 589 551
f 539 543 538
f 542 554 539
f 539 550 543
f 539 580 550
f 554 580 539
f 550 580 582
f 550 582 589
f 567 551 581
f 551 590 581
f 551 589 590
f 554 567 580
f 567 579 580
f 567 597 579
f 567 581 597
f 579 599 580
f 579 597 599
f 580 587 582
f 580 611 587
f 599 617 580
f 580 649 611
f 617 632 580
f 632 649 580
f 581 590 592
f 597 581 592
f 587 589 582
f 605 589 587
f 605 587 611
f 605 590 589
f 592 590 597
f 597 590 608
f 621 590 605
f 590 624 608
f 590 621 627
f 590 675 624
f 590 627 675
f 597 608 599
f 599 608 624
f 617 599 624
f 621 605 611
f 635 621 611
f 611 649 635
f 617 624 632
f 627 621 635
f 676 632 624
f 624 675 676
f 660 627 635
f 660 675 627
f 676 649 632
f 660 635 649
f 660 649 676
f 676 675 660
f 1136 1134 1158
f 1136 1166 1134
f 1204 1158 1134
f 1134 1166 1163
f 1183 1134 1163
f 1183 1204 1134
f 1136 1139 1170
f 1139 1136 1222
f 1191 1136 1158
f 1136 1170 1166
f 1136 1191 1222
f 1142 1139 1140
f 1140 1139 1222
f 1139 1142 1161
f 1139 1161 1165
f 1139 1165 1170
f 1161 1142 1140
f 1161 1140 1171
f 1140 1222 1171
f 1150 1145 1191
f 1145 1150 1198
f 1145 1155 1191
f 1145 1210 1155
f 1190 1145 1192
f 1190 1210 1145
f 1198 1192 1145
f 1180 1148 1164
f 1164 1148 1208
f 1167 1148 1180
f 1208 1148 1167
f 1157 1150 1191
f 1150 1157 1200
f 1150 1200 1198
f 1210 1172 1155
f 1211 1155 1172
f 1191 1155 1220
f 1211 1220 1155
f 1158 1157 1191
f 1157 1158 1204
f 1200 1157 1204
f 1165 1161 1171
f 1166 1248 1163
f 1163 1248 1183
f 1164 1172 1194
f 1172 1164 1211
f 1194 1180 1164
f 1164 1208 1211
f 1170 1165 1232
f 1165 1171 1232
f 1170 1232 1166
f 1232 1248 1166
f 1180 1201 1167
f 1208 1167 1201
f 1171 1222 1232
f 1194 1172 1210
f 1180 1194 1216
f 1201 1180 1216
f 1183 1247 1204
f 1183 1248 1247
f 1192 1237 1190
f 1230 1210 1190
f 1190 1236 1230
f 1237 1236 1190
f 1191 1220 1223
f 1191 1239 1222
f 1191 1223 1229
f 1191 1229 1238
f 1191 1238 1239
f 1192 1198 1240
f 1237 1192 1240
f 1194 1210 1230
f 1216 1194 1230
f 1198 1200 1240
f 1204 1243 1200
f 1200 1243 1240
f 1216 1208 1201
f 1204 1245 1243
f 1247 1245 1204
f 1211 1208 1230
f 1230 1208 1216
f 1236 1220 1211
f 1236 1211 1230
f 1223 1220 1236
f 1232 1222 1242
f 1222 1239 1241
f 1222 1241 1244
f 1222 1249 1242
f 1222 1244 1249
f 1223 1240 1229
f 1236 1237 1223
f 1223 1237 1240
f 1238 1229 1243
f 1240 1243 1229
f 1242 1255 1232
f 1232 1253 1248
f 1232 1256 1253
f 1255 1256 1232
f 1238 1245 1239
f 1243 1245 1238
f 1245 1241 1239
f 1241 1253 1244
f 1247 1241 1245
f 1247 1248 1241
f 1248 1253 1241
f 1242 1249 1255
f 1249 1244 1246
f 1253 1246 1244
f 1249 1246 1250
f 1250 1246 1256
f 1253 1256 1246
f 1249 1250 1251
f 1249 1251 1252
f 1249 1252 1254
f 1255 1249 1254
f 1251 1250 1252
f 1250 1254 1252
f 1250 1255 1254
f 1256 1255 1250
f 377 372 370
f 370 372 401
f 377 370 439
f 370 401 414
f 370 414 416
f 370 416 439
f 372 371 405
f 371 372 424
f 407 405 371
f 418 407 371
f 443 418 371
f 447 371 424
f 427 443 371
f 445 427 371
f 447 445 371
f 424 372 377
f 401 372 406
f 406 372 405
f 377 439 424
f 401 406 414
f 405 415 406
f 458 405 407
f 415 405 416
f 439 416 405
f 439 405 458
f 414 406 415
f 458 407 418
f 414 415 416
f 443 473 418
f 418 476 458
f 473 476 418
f 439 458 424
f 447 424 487
f 424 458 476
f 424 476 487
f 427 445 443
f 445 461 443
f 443 461 473
f 447 461 445
f 461 447 487
f 461 487 473
f 487 476 473
f 831 825 864
f 877 825 831
f 836 862 825
f 877 836 825
f 825 862 864
f 864 881 831
f 918 877 831
f 918 831 881
f 862 836 848
f 877 848 836
f 859 862 848
f 877 859 848
f 859 866 862
f 859 877 866
f 862 898 864
f 870 862 866
f 873 862 870
f 873 890 862
f 890 891 862
f 862 891 898
f 864 913 881
f 898 901 864
f 901 926 864
f 864 922 913
f 938 922 864
f 926 942 864
f 940 938 864
f 864 942 940
f 877 870 866
f 969 873 870
f 889 870 877
f 893 870 889
f 903 870 893
f 921 870 903
f 969 870 921
f 890 873 969
f 877 912 889
f 986 912 877
f 986 877 918
f 913 937 881
f 937 918 881
f 912 893 889
f 890 898 891
f 890 901 898
f 901 890 989
f 974 890 969
f 890 974 989
f 893 912 903
f 955 926 901
f 1009 955 901
f 996 901 989
f 1009 901 996
f 903 912 921
f 912 969 921
f 912 974 969
f 974 912 982
f 982 912 986
f 922 937 913
f 918 937 986
f 922 935 937
f 938 935 922
f 955 942 926
f 937 935 962
f 935 938 1018
f 935 1008 962
f 1021 1008 935
f 935 1018 1021
f 937 962 986
f 938 940 1018
f 1030 940 942
f 940 1030 1018
f 955 966 942
f 1044 942 966
f 1030 942 1044
f 965 966 955
f 965 955 1009
f 986 962 1008
f 965 968 966
f 968 965 1009
f 1044 966 968
f 1044 968 1009
f 989 974 982
f 982 986 1018
f 994 989 982
f 996 994 982
f 996 982 1030
f 1027 982 1018
f 1030 982 1027
f 986 1008 1021
f 986 1021 1018
f 994 996 989
f 1009 996 1030
f 1044 1009 1030
f 1018 1030 1027
f 757 772 739
f 757 739 774
f 774 739 772
f 757 798 772
f 789 757 774
f 789 798 757
f 774 772 822
f 812 772 798
f 822 772 812
f 789 774 822
f 799 798 789
f 804 799 789
f 818 789 801
f 801 789 822
f 818 804 789
f 798 799 812
f 804 908 799
f 799 908 812
f 818 801 824
f 824 801 822
f 804 818 843
f 804 843 908
f 822 812 863
f 812 907 863
f 812 908 907
f 839 818 824
f 843 818 839
f 824 822 863
f 839 824 896
f 824 863 896
f 839 882 843
f 839 896 882
f 843 876 908
f 843 930 876
f 843 882 930
f 884 863 907
f 927 863 884
f 896 863 927
f 876 1000 908
f 876 930 1000
f 897 882 896
f 930 882 897
f 909 884 907
f 911 884 909
f 884 911 953
f 884 953 927
f 902 897 896
f 902 896 978
f 896 927 950
f 896 950 978
f 897 902 980
f 930 897 980
f 915 902 978
f 980 902 915
f 907 908 909
f 908 911 909
f 911 908 953
f 953 908 1003
f 908 1000 1003
f 928 915 978
f 980 915 928
f 927 953 950
f 928 978 934
f 980 928 934
f 930 980 1000
f 934 978 943
f 943 980 934
f 943 978 988
f 1011 980 943
f 943 988 1014
f 1011 943 1014
f 990 950 953
f 950 990 978
f 953 1003 990
f 978 1113 988
f 990 1077 978
f 978 1077 1106
f 978 1106 1150
f 1113 978 1134
f 1134 978 1158
f 978 1150 1157
f 1158 978 1157
f 980 1011 1000
f 1023 988 997
f 988 1113 997
f 1014 988 1016
f 1016 988 1023
f 990 1003 1060
f 990 1060 1077
f 1043 1023 997
f 997 1024 1065
f 997 1113 1024
f 1043 997 1065
f 1003 1000 1092
f 1011 1041 1000
f 1041 1204 1000
f 1092 1000 1103
f 1000 1119 1103
f 1000 1151 1119
f 1000 1198 1151
f 1000 1200 1198
f 1204 1200 1000
f 1060 1003 1092
f 1014 1041 1011
f 1016 1041 1014
f 1016 1023 1041
f 1023 1043 1041
f 1025 1026 1024
f 1024 1113 1025
f 1061 1024 1026
f 1065 1024 1061
f 1025 1113 1026
f 1026 1113 1061
f 1043 1166 1041
f 1166 1163 1041
f 1163 1183 1041
f 1041 1183 1204
f 1043 1065 1166
f 1077 1060 1092
f 1065 1061 1064
f 1061 1113 1064
f 1065 1064 1170
f 1064 1113 1165
f 1170 1064 1165
f 1065 1170 1166
f 1106 1077 1092
f 1106 1092 1103
f 1106 1103 1119
f 1106 1119 1150
f 1113 1139 1133
f 1113 1133 1161
f 1113 1134 1136
f 1113 1136 1139
f 1165 1113 1161
f 1150 1119 1151
f 1142 1133 1139
f 1161 1133 1142
f 1134 1166 1136
f 1134 1158 1204
f 1134 1163 1166
f 1163 1134 1183
f 1183 1134 1204
f 1139 1136 1170
f 1136 1166 1170
f 1139 1161 1142
f 1139 1165 1161
f 1139 1170 1165
f 1150 1151 1198
f 1200 1157 1150
f 1200 1150 1198
f 1158 1157 1204
f 1204 1157 1200
f 219 232 216
f 252 219 216
f 382 216 232
f 252 216 382
f 232 219 332
f 254 219 252
f 332 219 254
f 232 332 360
f 382 232 360
f 358 254 252
f 358 252 382
f 350 332 254
f 389 350 254
f 389 254 358
f 350 389 332
f 332 390 360
f 389 459 332
f 332 429 390
f 332 459 429
f 381 358 425
f 358 381 433
f 358 382 441
f 358 397 389
f 358 433 397
f 425 358 441
f 360 429 382
f 390 429 360
f 381 425 468
f 381 453 433
f 453 381 468
f 429 419 382
f 441 382 419
f 397 459 389
f 433 453 397
f 453 463 397
f 397 463 459
f 419 429 459
f 441 419 469
f 419 459 463
f 419 463 466
f 469 419 466
f 441 434 425
f 471 425 434
f 468 425 471
f 441 449 434
f 449 465 434
f 434 465 451
f 471 434 451
f 441 469 449
f 465 449 494
f 449 469 494
f 501 451 465
f 501 471 451
f 463 453 466
f 453 468 466
f 465 494 501
f 466 468 469
f 468 471 469
f 471 494 469
f 501 494 471
f 159 170 201
f 233 170 159
f 159 201 207
f 233 159 207
f 168 201 163
f 168 163 248
f 176 163 201
f 176 251 163
f 163 251 248
f 168 174 201
f 174 168 248
f 170 193 172
f 172 201 170
f 170 265 193
f 244 170 233
f 261 170 244
f 265 170 261
f 201 172 193
f 186 224 174
f 174 274 186
f 174 220 201
f 174 224 220
f 248 274 174
f 184 191 176
f 206 184 176
f 176 191 251
f 176 201 208
f 206 176 208
f 184 196 191
f 206 196 184
f 224 186 229
f 186 225 229
f 186 274 225
f 196 206 191
f 206 282 191
f 191 258 251
f 282 258 191
f 208 201 193
f 193 265 208
f 207 201 218
f 220 218 201
f 265 206 208
f 265 299 206
f 206 302 282
f 299 302 206
f 218 301 207
f 267 233 207
f 267 207 301
f 220 301 218
f 224 301 220
f 229 312 224
f 224 312 301
f 240 229 225
f 225 274 240
f 240 312 229
f 233 270 244
f 267 270 233
f 240 274 275
f 275 312 240
f 270 261 244
f 273 248 251
f 274 248 273
f 273 251 258
f 305 273 258
f 258 282 300
f 305 258 300
f 270 265 261
f 270 299 265
f 295 270 267
f 295 267 301
f 273 302 270
f 270 304 273
f 270 295 304
f 302 299 270
f 275 274 273
f 275 273 304
f 273 305 302
f 301 275 304
f 312 275 301
f 282 302 300
f 304 295 301
f 302 305 300
f 278 255 240
f 240 255 325
f 278 240 312
f 312 240 325
f 253 243 257
f 243 253 329
f 328 257 243
f 328 243 314
f 243 329 314
f 253 257 297
f 281 253 297
f 253 281 329
f 255 297 257
f 325 255 257
f 297 255 278
f 328 325 257
f 297 278 293
f 354 293 278
f 342 278 312
f 346 278 342
f 354 278 346
f 321 281 297
f 281 321 348
f 329 281 348
f 306 297 293
f 293 401 306
f 354 401 293
f 370 297 306
f 321 297 372
f 372 297 370
f 401 370 306
f 342 312 325
f 345 328 314
f 345 314 329
f 321 331 348
f 371 331 321
f 372 371 321
f 328 345 325
f 342 325 345
f 329 405 345
f 329 348 378
f 378 405 329
f 348 331 378
f 407 331 371
f 407 378 331
f 346 342 345
f 346 345 354
f 401 354 345
f 401 345 406
f 405 406 345
f 372 370 401
f 405 371 372
f 405 407 371
f 406 372 401
f 406 405 372
f 405 378 407
f 856 878 975
f 878 856 983
f 906 856 975
f 906 983 856
f 979 878 948
f 878 1076 948
f 975 878 979
f 878 983 1076
f 906 975 1005
f 906 1005 983
f 1045 948 958
f 948 1076 958
f 1045 979 948
f 958 999 1063
f 999 958 1127
f 1045 958 1063
f 958 1076 1127
f 975 979 1122
f 975 1122 1005
f 979 1045 1122
f 1005 1090 983
f 983 1055 1067
f 1090 1055 983
f 983 1067 1076
f 1069 1063 999
f 1069 999 1127
f 1090 1005 1094
f 1005 1122 1094
f 1063 1178 1045
f 1045 1178 1122
f 1094 1067 1055
f 1094 1055 1090
f 1069 1089 1063
f 1089 1095 1063
f 1095 1178 1063
f 1067 1075 1076
f 1094 1075 1067
f 1089 1069 1127
f 1076 1075 1084
f 1130 1084 1075
f 1130 1075 1094
f 1076 1084 1087
f 1127 1076 1087
f 1087 1084 1130
f 1127 1087 1100
f 1100 1087 1144
f 1130 1137 1087
f 1144 1087 1137
f 1089 1098 1095
f 1124 1098 1089
f 1124 1089 1127
f 1122 1130 1094
f 1095 1098 1178
f 1149 1098 1124
f 1098 1149 1178
f 1127 1100 1112
f 1112 1100 1147
f 1100 1144 1147
f 1118 1132 1112
f 1112 1147 1118
f 1127 1112 1159
f 1159 1112 1132
f 1132 1118 1179
f 1147 1154 1118
f 1154 1179 1118
f 1122 1137 1130
f 1178 1137 1122
f 1124 1127 1153
f 1146 1149 1124
f 1146 1124 1153
f 1160 1153 1127
f 1159 1160 1127
f 1193 1159 1132
f 1193 1132 1179
f 1178 1144 1137
f 1144 1209 1147
f 1178 1213 1144
f 1144 1213 1209
f 1195 1149 1146
f 1153 1206 1146
f 1197 1195 1146
f 1146 1202 1197
f 1146 1206 1202
f 1147 1209 1154
f 1149 1197 1178
f 1149 1195 1197
f 1153 1160 1207
f 1153 1207 1206
f 1179 1154 1193
f 1209 1193 1154
f 1175 1160 1159
f 1169 1175 1159
f 1193 1169 1159
f 1175 1218 1160
f 1218 1207 1160
f 1173 1177 1169
f 1193 1173 1169
f 1177 1175 1169
f 1177 1173 1215
f 1193 1209 1173
f 1209 1213 1173
f 1215 1173 1213
f 1218 1175 1177
f 1218 1177 1215
f 1197 1202 1178
f 1202 1206 1178
f 1178 1206 1207
f 1178 1207 1218
f 1178 1218 1213
f 1213 1218 1215
f 680 699 672
f 680 672 730
f 697 672 699
f 777 672 697
f 730 672 793
f 793 672 777
f 718 699 680
f 718 680 705
f 761 705 680
f 680 730 823
f 823 761 680
f 697 699 777
f 718 720 699
f 720 821 699
f 699 834 777
f 699 821 834
f 718 705 710
f 729 710 705
f 729 705 756
f 756 705 761
f 710 720 718
f 710 772 720
f 729 772 710
f 720 772 807
f 720 807 821
f 739 729 741
f 739 772 729
f 729 756 741
f 837 730 793
f 730 808 823
f 849 808 730
f 849 730 837
f 741 807 739
f 807 772 739
f 756 807 741
f 807 756 761
f 807 761 821
f 816 761 823
f 761 816 847
f 821 761 834
f 838 834 761
f 847 838 761
f 838 793 777
f 777 834 838
f 838 837 793
f 819 808 849
f 808 819 886
f 808 886 823
f 826 816 823
f 900 816 826
f 850 847 816
f 850 816 900
f 905 819 849
f 819 857 886
f 905 857 819
f 828 826 823
f 823 830 828
f 830 823 854
f 854 823 858
f 823 946 858
f 823 886 946
f 826 828 900
f 828 830 900
f 830 854 900
f 838 847 837
f 850 837 847
f 849 837 976
f 850 900 837
f 837 900 976
f 849 976 905
f 900 854 858
f 905 886 857
f 900 858 976
f 858 946 976
f 905 946 886
f 976 946 905
f 180 159 207
f 180 262 159
f 207 159 233
f 262 233 159
f 180 207 218
f 180 218 257
f 243 180 257
f 243 272 180
f 272 262 180
f 301 218 207
f 267 207 233
f 301 207 267
f 220 257 218
f 301 220 218
f 224 234 220
f 301 224 220
f 234 255 220
f 255 257 220
f 229 234 224
f 312 229 224
f 301 312 224
f 255 234 229
f 240 255 229
f 312 240 229
f 233 262 267
f 255 240 325
f 312 325 240
f 257 328 243
f 243 314 272
f 328 314 243
f 325 257 255
f 325 328 257
f 262 295 267
f 272 328 262
f 328 295 262
f 301 267 295
f 314 328 272
f 301 295 304
f 304 295 325
f 295 328 325
f 325 301 304
f 312 301 325
f 779 809 773
f 811 779 773
f 802 773 796
f 773 809 796
f 802 811 773
f 811 780 779
f 780 831 779
f 879 809 779
f 831 879 779
f 780 811 783
f 831 780 783
f 783 815 790
f 783 790 831
f 783 811 815
f 790 815 797
f 836 790 797
f 825 831 790
f 790 836 825
f 796 918 802
f 796 809 860
f 918 796 860
f 797 840 805
f 805 859 797
f 815 840 797
f 848 836 797
f 797 859 848
f 889 811 802
f 877 889 802
f 918 877 802
f 851 805 840
f 851 859 805
f 809 875 860
f 875 809 879
f 889 815 811
f 840 815 903
f 893 815 889
f 815 893 903
f 877 831 825
f 877 825 836
f 918 831 877
f 831 881 879
f 881 831 918
f 877 836 848
f 872 851 840
f 840 903 872
f 859 877 848
f 859 851 866
f 851 868 866
f 872 868 851
f 859 866 877
f 860 875 918
f 870 866 868
f 870 877 866
f 872 870 868
f 951 870 872
f 877 870 889
f 870 893 889
f 870 903 893
f 921 903 870
f 921 870 969
f 951 969 870
f 872 903 921
f 872 921 951
f 881 875 879
f 937 875 881
f 937 918 875
f 937 881 918
f 921 969 951
f 277 288 285
f 320 277 285
f 319 288 277
f 319 277 320
f 341 285 288
f 320 285 379
f 335 285 341
f 379 285 335
f 319 341 288
f 319 320 322
f 322 341 319
f 322 320 398
f 320 379 398
f 398 341 322
f 335 341 359
f 380 353 335
f 335 353 385
f 380 335 359
f 379 335 385
f 359 341 400
f 400 341 398
f 353 380 366
f 366 385 353
f 380 359 396
f 396 359 400
f 366 374 408
f 374 366 455
f 366 380 455
f 408 385 366
f 374 373 409
f 373 374 455
f 373 428 409
f 428 373 455
f 408 374 409
f 379 385 462
f 398 379 400
f 400 379 450
f 450 379 462
f 396 444 380
f 444 455 380
f 408 477 385
f 385 477 462
f 421 396 400
f 396 421 444
f 421 400 450
f 408 409 477
f 428 442 409
f 409 442 477
f 421 450 444
f 430 442 428
f 428 455 430
f 442 430 474
f 430 455 448
f 430 448 489
f 430 489 474
f 442 474 477
f 450 462 444
f 444 486 455
f 486 444 462
f 448 455 467
f 448 467 489
f 467 455 496
f 486 497 455
f 455 498 496
f 498 455 497
f 462 477 483
f 483 486 462
f 496 489 467
f 477 474 489
f 483 477 513
f 477 489 517
f 477 525 513
f 477 517 525
f 486 483 497
f 497 483 513
f 496 499 489
f 499 517 489
f 496 498 499
f 498 497 506
f 512 506 497
f 512 497 513
f 499 498 502
f 498 505 502
f 498 506 505
f 499 502 517
f 502 505 504
f 504 517 502
f 505 525 504
f 525 517 504
f 506 525 505
f 506 512 525
f 533 512 513
f 533 525 512
f 513 525 533
f 774 739 741
f 807 741 739
f 774 772 739
f 807 739 772
f 807 756 741
f 741 756 842
f 774 741 842
f 807 761 756
f 842 756 761
f 821 761 807
f 842 761 816
f 816 761 847
f 821 834 761
f 838 761 834
f 847 761 838
f 822 772 774
f 807 772 812
f 812 772 822
f 774 842 822
f 821 807 812
f 821 812 852
f 822 863 812
f 812 907 852
f 863 907 812
f 842 816 826
f 816 900 826
f 816 847 850
f 850 900 816
f 821 852 834
f 822 842 863
f 828 842 826
f 900 828 826
f 900 830 828
f 828 830 1033
f 932 842 828
f 828 956 932
f 828 1006 956
f 1006 828 1033
f 854 830 900
f 830 854 1069
f 1033 830 1114
f 1069 1089 830
f 1114 830 1089
f 834 852 838
f 852 847 838
f 863 842 925
f 925 842 932
f 852 850 847
f 852 1095 850
f 1095 900 850
f 852 907 1116
f 852 1098 1095
f 852 1116 1098
f 854 900 858
f 854 858 1069
f 900 976 858
f 976 946 858
f 858 946 999
f 858 999 1069
f 907 863 884
f 925 884 863
f 907 884 909
f 909 884 911
f 884 953 911
f 884 925 1036
f 884 963 953
f 1036 963 884
f 976 900 1063
f 1095 1063 900
f 907 909 1116
f 911 963 909
f 963 1036 909
f 909 1036 1059
f 909 1059 1116
f 911 953 963
f 925 932 1036
f 956 1036 932
f 1063 946 976
f 1063 999 946
f 1006 1059 956
f 956 1059 1036
f 999 1063 1069
f 1006 1033 1111
f 1006 1111 1059
f 1052 1111 1033
f 1120 1052 1033
f 1114 1120 1033
f 1111 1052 1117
f 1117 1052 1120
f 1059 1111 1152
f 1059 1152 1116
f 1069 1063 1089
f 1063 1095 1089
f 1095 1098 1089
f 1098 1116 1089
f 1089 1152 1114
f 1089 1116 1152
f 1141 1111 1117
f 1167 1111 1141
f 1111 1167 1152
f 1114 1152 1120
f 1120 1143 1117
f 1141 1117 1143
f 1143 1120 1167
f 1152 1167 1120
f 1141 1143 1148
f 1167 1141 1148
f 1143 1167 1148
f 440 419 429
f 429 419 459
f 440 446 419
f 419 446 441
f 419 441 469
f 459 419 463
f 463 419 466
f 466 419 469
f 429 464 440
f 459 464 429
f 440 470 446
f 440 464 470
f 446 449 441
f 441 449 469
f 446 467 449
f 470 467 446
f 449 467 465
f 494 449 465
f 469 449 494
f 463 464 459
f 463 466 464
f 466 469 464
f 469 494 464
f 470 464 489
f 489 464 495
f 494 526 464
f 464 526 495
f 465 467 484
f 465 484 501
f 494 465 501
f 489 467 470
f 484 467 524
f 467 489 495
f 524 467 495
f 501 484 503
f 503 484 524
f 507 494 501
f 526 494 507
f 495 526 524
f 507 501 503
f 507 503 520
f 503 524 520
f 531 507 520
f 507 531 526
f 520 524 537
f 531 520 532
f 532 520 550
f 520 537 547
f 520 547 550
f 524 526 537
f 531 538 526
f 526 538 537
f 531 532 534
f 534 538 531
f 532 550 534
f 543 538 534
f 550 543 534
f 538 543 537
f 543 547 537
f 543 550 547
f 510 504 505
f 505 504 525
f 510 517 504
f 504 517 525
f 506 505 525
f 506 530 505
f 505 556 510
f 505 530 556
f 512 506 525
f 530 506 512
f 510 519 517
f 510 536 519
f 510 552 536
f 552 510 575
f 510 556 575
f 512 525 533
f 530 512 533
f 525 517 519
f 525 519 535
f 519 536 535
f 525 535 533
f 553 530 533
f 556 530 553
f 533 535 553
f 536 545 535
f 545 569 535
f 553 535 558
f 535 586 558
f 569 585 535
f 585 586 535
f 552 545 536
f 545 552 569
f 552 568 569
f 568 552 575
f 553 558 556
f 559 556 558
f 556 559 575
f 558 572 559
f 558 573 572
f 558 586 573
f 559 572 575
f 569 568 584
f 571 568 575
f 568 571 596
f 584 568 596
f 569 584 585
f 571 575 576
f 596 571 576
f 573 591 572
f 572 620 575
f 591 603 572
f 603 620 572
f 586 591 573
f 600 576 575
f 600 575 641
f 620 623 575
f 575 623 641
f 596 576 600
f 584 596 585
f 585 642 586
f 596 614 585
f 585 614 626
f 585 626 629
f 585 629 642
f 586 603 591
f 586 644 603
f 642 644 586
f 614 596 600
f 600 638 614
f 638 600 641
f 603 623 620
f 603 647 623
f 647 603 644
f 614 638 626
f 641 623 648
f 648 623 647
f 626 642 629
f 638 642 626
f 641 647 638
f 638 647 642
f 648 647 641
f 642 647 644
f 647 648 659
f 678 648 647
f 647 651 664
f 674 651 647
f 674 647 659
f 678 647 664
f 648 678 659
f 651 655 669
f 674 655 651
f 651 669 664
f 674 663 655
f 655 663 677
f 655 677 669
f 674 659 748
f 659 678 748
f 663 667 677
f 663 693 667
f 674 686 663
f 663 686 693
f 664 669 765
f 678 664 748
f 664 758 748
f 664 765 758
f 667 707 677
f 667 689 688
f 688 691 667
f 667 693 689
f 667 691 707
f 677 765 669
f 748 686 674
f 677 707 711
f 711 765 677
f 686 716 693
f 686 706 716
f 726 706 686
f 726 686 748
f 689 691 688
f 689 693 691
f 693 694 691
f 694 704 691
f 704 721 691
f 721 707 691
f 693 766 694
f 732 693 716
f 732 740 693
f 693 740 766
f 694 766 704
f 766 721 704
f 706 726 716
f 711 707 717
f 745 717 707
f 728 707 721
f 707 728 734
f 734 745 707
f 796 711 717
f 765 711 775
f 796 775 711
f 716 726 732
f 745 773 717
f 717 773 796
f 728 721 766
f 726 740 732
f 740 726 766
f 758 726 748
f 766 726 758
f 734 728 766
f 745 734 766
f 766 791 745
f 773 745 791
f 791 758 765
f 791 766 758
f 791 765 775
f 773 791 796
f 796 791 775
f 467 496 484
f 524 467 484
f 489 467 495
f 496 467 489
f 524 495 467
f 503 484 496
f 503 524 484
f 517 489 495
f 499 496 489
f 517 499 489
f 517 495 519
f 495 524 519
f 503 496 499
f 503 499 502
f 517 502 499
f 510 503 502
f 502 504 510
f 504 502 517
f 503 510 520
f 520 524 503
f 517 510 504
f 517 519 510
f 519 536 510
f 552 520 510
f 536 552 510
f 536 519 524
f 537 524 520
f 532 550 520
f 520 552 532
f 547 537 520
f 550 547 520
f 524 537 536
f 532 534 550
f 534 532 571
f 552 568 532
f 571 532 568
f 589 550 534
f 534 571 589
f 536 537 545
f 545 552 536
f 537 547 545
f 547 569 545
f 552 545 569
f 547 550 569
f 569 550 582
f 582 550 589
f 568 552 569
f 568 569 584
f 571 568 596
f 568 584 596
f 569 582 584
f 589 571 576
f 576 571 596
f 600 589 576
f 600 576 596
f 582 587 584
f 589 587 582
f 596 584 587
f 605 587 589
f 587 611 596
f 605 611 587
f 605 589 600
f 596 614 600
f 611 614 596
f 600 621 605
f 638 600 614
f 643 621 600
f 643 600 638
f 605 621 611
f 611 637 614
f 621 635 611
f 611 635 682
f 611 650 637
f 611 682 650
f 614 637 626
f 638 614 626
f 627 635 621
f 621 683 627
f 643 666 621
f 683 621 666
f 626 637 638
f 661 635 627
f 627 679 661
f 679 627 683
f 682 635 661
f 638 637 643
f 637 650 643
f 650 666 643
f 682 666 650
f 661 679 716
f 661 693 682
f 661 716 693
f 682 683 666
f 679 683 716
f 682 693 683
f 693 716 683
f 626 629 642
f 629 626 667
f 626 638 637
f 637 688 626
f 626 642 638
f 626 688 667
f 642 629 667
f 638 643 637
f 637 643 650
f 650 688 637
f 641 643 638
f 641 638 647
f 638 642 647
f 659 643 641
f 641 647 648
f 641 648 659
f 642 644 647
f 642 651 644
f 642 655 651
f 655 642 667
f 643 666 650
f 686 643 659
f 686 666 643
f 644 651 647
f 648 647 659
f 647 651 674
f 647 674 659
f 682 650 666
f 650 682 688
f 651 655 674
f 655 667 663
f 663 674 655
f 674 686 659
f 667 693 663
f 663 686 674
f 663 693 686
f 682 666 683
f 686 683 666
f 688 689 667
f 689 693 667
f 682 683 693
f 682 689 688
f 682 693 689
f 686 706 683
f 683 716 693
f 683 706 716
f 686 693 716
f 686 716 706
f 1156 1146 1153
f 1146 1206 1153
f 1156 1212 1146
f 1195 1197 1146
f 1195 1146 1199
f 1146 1197 1202
f 1146 1203 1199
f 1146 1202 1206
f 1212 1203 1146
f 1156 1153 1168
f 1168 1153 1160
f 1160 1153 1207
f 1153 1206 1207
f 1156 1168 1212
f 1168 1160 1176
f 1176 1160 1175
f 1218 1175 1160
f 1218 1160 1207
f 1168 1176 1217
f 1217 1212 1168
f 1177 1176 1175
f 1218 1177 1175
f 1176 1177 1218
f 1217 1176 1218
f 1195 1199 1197
f 1197 1199 1203
f 1197 1203 1202
f 1202 1203 1206
f 1206 1203 1212
f 1207 1206 1212
f 1207 1212 1217
f 1218 1207 1217
f 939 973 964
f 1050 939 964
f 973 939 1054
f 1037 939 1050
f 1053 939 1037
f 1054 939 1053
f 1002 964 973
f 1073 964 1002
f 1050 964 1073
f 1002 973 1082
f 1054 1082 973
f 1082 1073 1002
f 1037 1050 1053
f 1053 1050 1054
f 1050 1073 1054
f 1082 1054 1073
f 844 810 820
f 855 820 810
f 855 810 832
f 961 832 810
f 880 810 844
f 961 810 880
f 844 820 855
f 855 832 871
f 961 871 832
f 845 844 861
f 845 880 844
f 844 855 861
f 945 845 861
f 845 904 880
f 945 904 845
f 861 855 892
f 871 885 855
f 885 936 855
f 855 888 892
f 855 959 888
f 855 936 939
f 855 939 964
f 855 964 959
f 892 945 861
f 885 871 961
f 920 880 904
f 920 961 880
f 936 885 961
f 892 888 895
f 895 888 910
f 910 888 931
f 931 888 949
f 949 888 944
f 888 959 944
f 895 945 892
f 1010 895 910
f 981 945 895
f 993 981 895
f 993 895 1007
f 1007 895 1010
f 944 901 914
f 914 901 1009
f 926 955 901
f 901 959 926
f 944 959 901
f 955 1009 901
f 904 916 920
f 916 904 945
f 910 931 1028
f 1028 1010 910
f 929 944 914
f 929 914 947
f 914 1009 947
f 916 924 920
f 924 916 945
f 924 945 920
f 945 981 920
f 920 972 961
f 920 1037 972
f 981 995 920
f 920 995 1034
f 920 1034 1050
f 920 1050 1037
f 959 955 926
f 947 944 929
f 952 931 949
f 952 1028 931
f 961 939 936
f 972 939 961
f 1050 964 939
f 1037 939 972
f 1050 939 1037
f 952 944 947
f 949 944 952
f 1038 952 947
f 1009 1013 947
f 1013 1038 947
f 1038 1028 952
f 959 965 955
f 955 965 1009
f 964 1002 959
f 959 968 965
f 959 1001 968
f 1002 1001 959
f 1002 964 1073
f 1073 964 1050
f 965 968 1009
f 968 1001 1044
f 968 1044 1009
f 993 995 981
f 1007 995 993
f 1007 1010 995
f 995 1010 1028
f 995 1028 1038
f 995 1038 1034
f 1044 1001 1002
f 1048 1044 1002
f 1002 1082 1048
f 1002 1073 1082
f 1044 1013 1009
f 1034 1040 1013
f 1048 1034 1013
f 1013 1039 1038
f 1013 1040 1039
f 1048 1013 1044
f 1038 1039 1034
f 1039 1040 1034
f 1034 1048 1083
f 1050 1034 1073
f 1073 1034 1082
f 1082 1034 1083
f 1083 1048 1082
f 941 884 925
f 884 1036 925
f 927 884 941
f 884 927 953
f 953 963 884
f 963 1036 884
f 941 925 932
f 932 925 1036
f 927 941 950
f 927 950 953
f 932 1115 941
f 932 1036 956
f 932 956 1115
f 941 1115 950
f 950 990 953
f 950 1115 990
f 963 953 1180
f 953 990 1003
f 953 1003 1194
f 1194 1180 953
f 956 1006 1033
f 956 1059 1006
f 956 1033 1115
f 956 1036 1059
f 963 1180 1036
f 1003 990 1060
f 990 1115 1060
f 1003 1060 1092
f 1003 1092 1194
f 1033 1006 1111
f 1059 1111 1006
f 1033 1111 1052
f 1117 1033 1052
f 1115 1033 1117
f 1059 1036 1167
f 1036 1180 1167
f 1117 1052 1111
f 1059 1167 1111
f 1077 1092 1060
f 1060 1115 1077
f 1077 1106 1092
f 1106 1077 1155
f 1077 1115 1155
f 1092 1106 1103
f 1092 1103 1194
f 1106 1119 1103
f 1103 1119 1190
f 1190 1210 1103
f 1103 1210 1194
f 1106 1150 1119
f 1150 1106 1145
f 1106 1155 1145
f 1111 1141 1117
f 1167 1141 1111
f 1115 1117 1141
f 1115 1141 1148
f 1115 1148 1164
f 1155 1115 1172
f 1172 1115 1164
f 1119 1150 1151
f 1151 1192 1119
f 1192 1190 1119
f 1148 1141 1167
f 1145 1198 1150
f 1210 1145 1155
f 1190 1192 1145
f 1190 1145 1210
f 1145 1192 1198
f 1164 1148 1180
f 1180 1148 1167
f 1150 1198 1151
f 1151 1198 1192
f 1155 1172 1210
f 1172 1164 1194
f 1194 1164 1180
f 1210 1172 1194
f 693 695 694
f 766 693 694
f 695 693 716
f 732 716 693
f 732 693 740
f 740 693 766
f 695 742 694
f 694 742 704
f 694 704 766
f 716 742 695
f 766 704 721
f 797 721 704
f 742 797 704
f 716 732 738
f 738 742 716
f 728 766 721
f 790 728 721
f 797 790 721
f 728 734 766
f 734 728 783
f 790 783 728
f 738 732 800
f 732 740 815
f 800 732 840
f 815 840 732
f 734 745 766
f 783 745 734
f 800 742 738
f 740 766 811
f 815 740 811
f 805 797 742
f 805 742 800
f 791 766 745
f 779 773 745
f 773 791 745
f 780 779 745
f 783 780 745
f 802 766 791
f 802 811 766
f 811 773 779
f 773 796 791
f 802 796 773
f 811 802 773
f 811 779 780
f 811 780 783
f 815 783 790
f 815 811 783
f 797 815 790
f 796 802 791
f 840 797 805
f 840 815 797
f 805 800 840
f 1116 1098 1089
f 1089 1098 1124
f 1123 1114 1089
f 1152 1089 1114
f 1152 1116 1089
f 1124 1123 1089
f 1098 1116 1149
f 1098 1149 1124
f 1195 1114 1123
f 1195 1152 1114
f 1149 1116 1195
f 1116 1152 1195
f 1123 1124 1146
f 1195 1123 1146
f 1146 1124 1149
f 1195 1146 1149
f 656 662 670
f 708 662 656
f 684 656 670
f 703 656 684
f 703 708 656
f 670 662 687
f 708 687 662
f 670 788 684
f 670 687 736
f 670 736 788
f 672 671 673
f 671 672 692
f 671 703 673
f 671 692 690
f 701 671 690
f 701 703 671
f 672 673 730
f 672 697 692
f 777 697 672
f 793 672 730
f 793 777 672
f 703 684 673
f 684 788 673
f 730 673 788
f 736 687 708
f 690 692 701
f 697 777 692
f 692 777 701
f 701 786 703
f 777 814 701
f 814 786 701
f 786 708 703
f 708 786 736
f 730 788 808
f 837 793 730
f 730 808 849
f 730 849 837
f 736 781 788
f 827 781 736
f 803 736 786
f 827 736 803
f 793 814 777
f 781 829 788
f 806 781 827
f 781 806 829
f 814 803 786
f 788 948 808
f 788 829 856
f 788 856 878
f 788 878 948
f 837 814 793
f 814 874 803
f 803 874 827
f 829 806 827
f 808 819 849
f 819 808 857
f 808 948 857
f 837 849 814
f 814 849 905
f 814 906 874
f 905 1045 814
f 814 975 906
f 814 979 975
f 814 1045 979
f 849 819 905
f 819 857 905
f 827 856 829
f 827 874 856
f 906 856 874
f 856 975 878
f 906 975 856
f 905 857 886
f 857 958 886
f 857 948 958
f 979 948 878
f 975 979 878
f 886 946 905
f 946 886 999
f 886 958 999
f 976 905 946
f 905 976 1063
f 905 1063 1045
f 1063 976 946
f 946 999 1063
f 1045 958 948
f 1045 948 979
f 1063 999 958
f 1045 1063 958
f 1148 1208 1167
f 1167 1214 1148
f 1208 1148 1214
f 1167 1208 1201
f 1167 1201 1224
f 1167 1224 1214
f 1201 1208 1216
f 1201 1216 1227
f 1201 1227 1224
f 1214 1230 1208
f 1208 1230 1216
f 1224 1225 1214
f 1225 1231 1214
f 1234 1230 1214
f 1231 1234 1214
f 1216 1235 1227
f 1216 1230 1235
f 1227 1225 1224
f 1227 1231 1225
f 1235 1231 1227
f 1234 1235 1230
f 1235 1234 1231
f 709 714 712
f 712 750 709
f 784 714 709
f 759 709 750
f 759 784 709
f 751 712 713
f 762 713 712
f 714 762 712
f 751 750 712
f 754 751 713
f 785 754 713
f 760 713 762
f 768 713 760
f 767 713 768
f 785 713 767
f 762 714 784
f 750 751 759
f 754 784 751
f 784 759 751
f 782 784 754
f 754 785 782
f 760 762 782
f 768 760 785
f 760 782 785
f 782 762 784
f 769 767 768
f 785 767 769
f 768 785 769
