epoch,lr-Adam/pg1,lr-Adam/pg2,step,train/batch_size,train/cls_acc,train/cls_f1,train/cls_loss,train/cls_precision,train/cls_recall,train/loss,val/cls_acc,val/cls_f1,val/cls_loss,val/cls_precision,val/cls_recall,val/loss
,1e-05,1e-05,0,,,,,,,,,,,,,
0,,,9,3.0,0.6259333491325378,0.40709346532821655,0.6464852690696716,0.5083439946174622,0.6428675055503845,0.6464852690696716,,,,,,
0,,,19,3.0,0.6398000121116638,0.4097093641757965,0.6403825879096985,0.49965471029281616,0.49638697504997253,0.6403825879096985,,,,,,
0,,,29,3.0,0.662066638469696,0.417192280292511,0.6279535293579102,0.5004366636276245,0.5048572421073914,0.6279535293579102,,,,,,
0,,,39,3.0,0.6968666911125183,0.43527835607528687,0.6170263886451721,0.5078015327453613,0.6051725149154663,0.6170263886451721,,,,,,
0,,,49,3.0,0.7278000116348267,0.4384886920452118,0.6097751259803772,0.5035566091537476,0.5528756976127625,0.6097751259803772,,,,,,
0,,,59,3.0,0.7564666867256165,0.4756733775138855,0.5968241691589355,0.514435350894928,0.5908675193786621,0.5968241691589355,,,,,,
0,,,69,3.0,0.7911999821662903,0.4619373083114624,0.5834954380989075,0.5078732967376709,0.6469124555587769,0.5834954380989075,,,,,,
0,,,79,3.0,0.7893999814987183,0.46687209606170654,0.5835400223731995,0.5042499899864197,0.5313260555267334,0.5835400223731995,,,,,,
0,,,89,3.0,0.826200008392334,0.4731641709804535,0.5765621066093445,0.5003191828727722,0.5018466711044312,0.5765621066093445,,,,,,
0,,,99,3.0,0.8322666883468628,0.4838552474975586,0.570912778377533,0.5003042817115784,0.5010280013084412,0.570912778377533,,,,,,
0,,,109,3.0,0.8657333254814148,0.5076977014541626,0.5565413236618042,0.5173285603523254,0.5932778716087341,0.5565413236618042,,,,,,
0,,,119,3.0,0.8738666772842407,0.5117442607879639,0.5487217903137207,0.5159206390380859,0.5537700653076172,0.5487217903137207,,,,,,
0,,,129,3.0,0.8763333559036255,0.4982287585735321,0.5436617732048035,0.5093752145767212,0.546488881111145,0.5436617732048035,,,,,,
0,,,139,3.0,0.9143333435058594,0.5266380906105042,0.53523188829422,0.5233508944511414,0.6063559055328369,0.53523188829422,,,,,,
0,,,149,3.0,0.9020000100135803,0.49690157175064087,0.5321299433708191,0.5061337351799011,0.5317482352256775,0.5321299433708191,,,,,,
0,,,159,3.0,0.9040666818618774,0.4934878945350647,0.5272548794746399,0.49558454751968384,0.49332207441329956,0.5272548794746399,,,,,,
0,,,169,3.0,0.9149333238601685,0.5219780206680298,0.5176036953926086,0.518849790096283,0.535140335559845,0.5176036953926086,,,,,,
0,,,179,3.0,0.9374666810035706,0.49632275104522705,0.5084549188613892,0.5002572536468506,0.500736653804779,0.5084549188613892,,,,,,
0,,,189,3.0,0.9487333297729492,0.5328558087348938,0.4999861717224121,0.5249817371368408,0.564881443977356,0.4999861717224121,,,,,,
0,,,199,3.0,0.9545333385467529,0.5107651948928833,0.49581530690193176,0.5097337961196899,0.5420022010803223,0.49581530690193176,,,,,,
0,,,209,3.0,0.9277999997138977,0.5434210896492004,0.5014326572418213,0.5378278493881226,0.552946150302887,0.5014326572418213,,,,,,
0,,,219,3.0,0.9535333514213562,0.5087275505065918,0.48809316754341125,0.5080308318138123,0.5243265628814697,0.48809316754341125,,,,,,
0,,,229,3.0,0.9535999894142151,0.49520260095596313,0.483380526304245,0.49663615226745605,0.49462923407554626,0.483380526304245,,,,,,
0,,,239,3.0,0.9448000192642212,0.5318199396133423,0.48487162590026855,0.5598002672195435,0.5246268510818481,0.48487162590026855,,,,,,
0,,,249,3.0,0.9552000164985657,0.538112223148346,0.4642089903354645,0.5338557362556458,0.544270396232605,0.4642089903354645,,,,,,
0,,,259,3.0,0.9638000130653381,0.5282480716705322,0.4664548635482788,0.5202159285545349,0.5752761960029602,0.4664548635482788,,,,,,
0,,,269,3.0,0.9552666544914246,0.5099470615386963,0.4583580195903778,0.5095359683036804,0.510454535484314,0.4583580195903778,,,,,,
0,,,279,3.0,0.9493333101272583,0.5280365943908691,0.44986364245414734,0.5252416133880615,0.5321089625358582,0.44986364245414734,,,,,,
0,,,289,3.0,0.9648666381835938,0.5279536843299866,0.4434564411640167,0.5649902820587158,0.5202374458312988,0.4434564411640167,,,,,,
0,,,299,3.0,0.9653333425521851,0.5218561887741089,0.4324961304664612,0.5334317684173584,0.517381489276886,0.4324961304664612,,,,,,
0,,,309,3.0,0.9692000150680542,0.512921154499054,0.43921712040901184,0.5274971723556519,0.5100958943367004,0.43921712040901184,,,,,,
0,,,319,3.0,0.9678000211715698,0.5097773671150208,0.436830997467041,0.5581878423690796,0.5084306597709656,0.436830997467041,,,,,,
0,,,329,3.0,0.9548666477203369,0.49139145016670227,0.4370105266571045,0.5025165677070618,0.5001722574234009,0.4370105266571045,,,,,,
0,,,339,3.0,0.9780666828155518,0.49747663736343384,0.4105903208255768,0.5018022656440735,0.5002808570861816,0.4105903208255768,,,,,,
0,,,349,3.0,0.974399983882904,0.4986707866191864,0.4268348217010498,0.5080587267875671,0.5012713670730591,0.4268348217010498,,,,,,
0,,,359,3.0,0.972599983215332,0.4930548369884491,0.4087836444377899,0.48727455735206604,0.49897393584251404,0.4087836444377899,,,,,,
0,,,369,3.0,0.9648000001907349,0.49292853474617004,0.4148089587688446,0.49075233936309814,0.49798548221588135,0.4148089587688446,,,,,,
0,,,379,3.0,0.9838666915893555,0.5000319480895996,0.39652538299560547,0.5033820867538452,0.5009022951126099,0.39652538299560547,,,,,,
0,,,389,3.0,0.9761999845504761,0.493978351354599,0.39104634523391724,0.4894377887248993,0.4986039102077484,0.39104634523391724,,,,,,
0,,,399,3.0,0.9735999703407288,0.5080148577690125,0.3906591534614563,0.5519592761993408,0.5069098472595215,0.3906591534614563,,,,,,
0,,,409,3.0,0.9711999893188477,0.49728095531463623,0.3856391906738281,0.5858572721481323,0.5020729899406433,0.3856391906738281,,,,,,
0,,,419,3.0,0.9603333473205566,0.4932202100753784,0.38612768054008484,0.5013457536697388,0.5001295208930969,0.38612768054008484,,,,,,
0,,,429,3.0,0.9639333486557007,0.49081775546073914,0.38119348883628845,0.4833846092224121,0.4984830617904663,0.38119348883628845,,,,,,
0,,,439,3.0,0.9636666774749756,0.5015168190002441,0.3844141364097595,0.5736043453216553,0.5047926306724548,0.3844141364097595,,,,,,
0,,,449,3.0,0.9869999885559082,0.53898024559021,0.3535935878753662,0.5814541578292847,0.5265014171600342,0.3535935878753662,,,,,,
0,,,459,3.0,0.979533314704895,0.5742723941802979,0.3571500778198242,0.6898205876350403,0.5481617450714111,0.3571500778198242,,,,,,
0,,,469,3.0,0.9938666820526123,0.5192950963973999,0.3468325138092041,0.5282652378082275,0.5148353576660156,0.3468325138092041,,,,,,
0,,,479,3.0,0.9562000036239624,0.5035682320594788,0.3706246018409729,0.5534718036651611,0.5061950087547302,0.3706246018409729,,,,,,
0,,,489,3.0,0.9565333127975464,0.48889192938804626,0.3634735941886902,0.47855380177497864,0.4996865689754486,0.3634735941886902,,,,,,
0,,,499,3.0,0.977733314037323,0.4943706691265106,0.33879268169403076,0.48997727036476135,0.49884355068206787,0.33879268169403076,,,,,,
0,,,509,3.0,0.9737333059310913,0.5081215500831604,0.3474544286727905,0.6074790954589844,0.5072242021560669,0.3474544286727905,,,,,,
0,,,519,3.0,0.9884666800498962,0.5028140544891357,0.3227260112762451,0.5150250196456909,0.502525269985199,0.3227260112762451,,,,,,
0,,,529,3.0,0.9891999959945679,0.4972853362560272,0.3279651999473572,0.4951942265033722,0.49939417839050293,0.3279651999473572,,,,,,
0,,,539,3.0,0.9884666800498962,0.5083990097045898,0.326116681098938,0.5503159165382385,0.505750298500061,0.326116681098938,,,,,,
0,,,549,3.0,0.9925333261489868,0.4981263279914856,0.31812769174575806,0.4964321553707123,0.4998321235179901,0.31812769174575806,,,,,,
0,,,559,3.0,0.9913333058357239,0.5268088579177856,0.31141263246536255,0.7457977533340454,0.5152501463890076,0.31141263246536255,,,,,,
0,,,569,3.0,0.9732666611671448,0.4932261109352112,0.3242662847042084,0.4866333305835724,0.5,0.3242662847042084,,,,,,
0,,,579,3.0,0.9823333621025085,0.4955439865589142,0.3079175651073456,0.49123215675354004,0.4999321401119232,0.3079175651073456,,,,,,
0,,,589,3.0,0.9854000210762024,0.4963231682777405,0.29723039269447327,0.4927985668182373,0.4998985528945923,0.29723039269447327,,,,,,
0,,,599,3.0,0.97079998254776,0.5164993405342102,0.31956079602241516,0.7476180791854858,0.5121850967407227,0.31956079602241516,,,,,,
0,,,609,3.0,0.9971333146095276,0.4992823004722595,0.2923986613750458,0.4985666573047638,0.5,0.2923986613750458,,,,,,
0,,,619,3.0,0.9869999885559082,0.4967287480831146,0.2842210829257965,0.4934999942779541,0.5,0.2842210829257965,,,,,,
0,,,629,3.0,0.9630666375160217,0.49059295654296875,0.3134625256061554,0.4816296696662903,0.49989619851112366,0.3134625256061554,,,,,,
0,,,639,3.0,0.9869333505630493,0.4967118501663208,0.2821367084980011,0.49346667528152466,0.5,0.2821367084980011,,,,,,
0,,,649,3.0,0.9892666935920715,0.49730217456817627,0.2755241394042969,0.49469929933547974,0.4999326169490814,0.2755241394042969,,,,,,
0,,,659,3.0,0.9922000169754028,0.49804237484931946,0.27384185791015625,0.49619925022125244,0.4998992383480072,0.27384185791015625,,,,,,
0,,,669,3.0,0.9814000129699707,0.4953063428401947,0.2777194678783417,0.4908963441848755,0.4997963011264801,0.2777194678783417,,,,,,
0,,,679,3.0,0.979533314704895,0.4948304295539856,0.2800423204898834,0.4897666573524475,0.5,0.2800423204898834,,,,,,
0,,,689,3.0,0.9797999858856201,0.4948984682559967,0.277741402387619,0.4902595281600952,0.4996260404586792,0.277741402387619,,,,,,
0,,,699,3.0,0.9891999959945679,0.4972853362560272,0.26890209317207336,0.49459999799728394,0.5,0.26890209317207336,,,,,,
0,,,709,3.0,0.96506667137146,0.4911114275455475,0.2904977798461914,0.48253333568573,0.5,0.2904977798461914,,,,,,
0,,,719,3.0,0.9616666436195374,0.49022939801216125,0.2945365309715271,0.4814431667327881,0.49934229254722595,0.2945365309715271,,,,,,
0,,,729,3.0,0.9614666700363159,0.4901774227619171,0.28343623876571655,0.48073333501815796,0.5,0.28343623876571655,,,,,,
0,,,739,3.0,0.9911333322525024,0.4977734684944153,0.24732552468776703,0.4955666661262512,0.5,0.24732552468776703,,,,,,
0,,,749,3.0,0.9812666773796082,0.4952723979949951,0.25300154089927673,0.4906333386898041,0.5,0.25300154089927673,,,,,,
0,,,759,3.0,0.9891999959945679,0.4972853362560272,0.24424371123313904,0.49459999799728394,0.5,0.24424371123313904,,,,,,
0,,,769,3.0,0.9908000230789185,0.4976893663406372,0.2500966489315033,0.49540001153945923,0.5,0.2500966489315033,,,,,,
0,,,779,3.0,0.9666666388511658,0.49152541160583496,0.26494210958480835,0.4833333194255829,0.5,0.26494210958480835,,,,,,
0,,,789,3.0,0.9437333345413208,0.4855261445045471,0.3026430308818817,0.47202399373054504,0.4998234510421753,0.3026430308818817,,,,,,
0,,,799,3.0,0.9784666895866394,0.49455806612968445,0.2455548197031021,0.4892333447933197,0.5,0.2455548197031021,,,,,,
0,,,809,3.0,0.9874666929244995,0.49684691429138184,0.23962098360061646,0.49373334646224976,0.5,0.23962098360061646,,,,,,
0,,,819,3.0,0.9723333120346069,0.4929863214492798,0.2512056827545166,0.48616665601730347,0.5,0.2512056827545166,,,,,,
0,,,829,3.0,0.993066668510437,0.49826064705848694,0.22234328091144562,0.4965333342552185,0.5,0.22234328091144562,,,,,,
0,,,839,3.0,0.9919333457946777,0.4979751706123352,0.21742461621761322,0.49603280425071716,0.49993279576301575,0.21742461621761322,,,,,,
0,,,849,3.0,0.9616000056266785,0.490212082862854,0.2605110704898834,0.48080000281333923,0.5,0.2605110704898834,,,,,,
0,,,859,3.0,0.9807999730110168,0.4951534867286682,0.23140490055084229,0.4903999865055084,0.5,0.23140490055084229,,,,,,
0,,,869,3.0,0.9649333357810974,0.49107688665390015,0.24864576756954193,0.4824666678905487,0.5,0.24864576756954193,,,,,,
0,,,879,3.0,0.9869999885559082,0.4967287480831146,0.2167368233203888,0.4934999942779541,0.5,0.2167368233203888,,,,,,
0,,,889,3.0,0.9739999771118164,0.49341437220573425,0.2319290041923523,0.4869999885559082,0.5,0.2319290041923523,,,,,,
0,,,899,3.0,0.9641333222389221,0.49086958169937134,0.2456863969564438,0.48206666111946106,0.5,0.2456863969564438,,,,,,
0,,,909,3.0,0.993399977684021,0.4983445405960083,0.21630564332008362,0.4966999888420105,0.5,0.21630564332008362,,,,,,
0,,,919,3.0,0.9793333411216736,0.4947793781757355,0.22741413116455078,0.4896666705608368,0.5,0.22741413116455078,,,,,,
0,,,929,3.0,0.9781333208084106,0.4944728910923004,0.22363373637199402,0.4890666604042053,0.5,0.22363373637199402,,,,,,
0,,,939,3.0,0.98826664686203,0.49704936146736145,0.2114453911781311,0.494133323431015,0.5,0.2114453911781311,,,,,,
0,,,949,3.0,0.9508666396141052,0.48740729689598083,0.2626436948776245,0.4754333198070526,0.5,0.2626436948776245,,,,,,
0,,,959,3.0,0.9786666631698608,0.49460917711257935,0.2174399346113205,0.4893333315849304,0.5,0.2174399346113205,,,,,,
0,,,969,3.0,0.9937333464622498,0.4984284043312073,0.1915280967950821,0.4968666732311249,0.5,0.1915280967950821,,,,,,
0,,,979,3.0,0.9774666428565979,0.4943024814128876,0.21687477827072144,0.48873332142829895,0.5,0.21687477827072144,,,,,,
0,,,989,3.0,0.9814666509628296,0.4953233301639557,0.20682670176029205,0.4907333254814148,0.5,0.20682670176029205,,,,,,
0,,,999,3.0,0.965399980545044,0.49119773507118225,0.23673364520072937,0.482699990272522,0.5,0.23673364520072937,,,,,,
0,,,1009,3.0,0.9811333417892456,0.49523842334747314,0.19658102095127106,0.4905666708946228,0.5,0.19658102095127106,,,,,,
0,,,1019,3.0,0.9479333162307739,0.4879116415977478,0.25346773862838745,0.5990597605705261,0.5005363821983337,0.25346773862838745,,,,,,
0,,,1029,3.0,0.9789999723434448,0.4946942925453186,0.20272935926914215,0.4894999861717224,0.5,0.20272935926914215,,,,,,
0,,,1039,3.0,0.9690666794776917,0.4921451807022095,0.21958628296852112,0.4845656454563141,0.4999656081199646,0.21958628296852112,,,,,,
0,,,1049,3.0,0.9816666841506958,0.49537426233291626,0.19907532632350922,0.4908333420753479,0.5,0.19907532632350922,,,,,,
0,,,1059,3.0,0.9747999906539917,0.4936196208000183,0.20522917807102203,0.48739999532699585,0.5,0.20522917807102203,,,,,,
0,,,1069,3.0,0.9616666436195374,0.49022939801216125,0.22454816102981567,0.4808333218097687,0.5,0.22454816102981567,,,,,,
0,,,1079,3.0,0.9943333268165588,0.4985792934894562,0.17282910645008087,0.4971666634082794,0.5,0.17282910645008087,,,,,,
0,,,1089,3.0,0.9751999974250793,0.493722140789032,0.21523872017860413,0.48860979080200195,0.49894264340400696,0.21523872017860413,,,,,,
0,,,1099,3.0,0.9742000102996826,0.49346572160720825,0.1987491399049759,0.4871000051498413,0.5,0.1987491399049759,,,,,,
0,,,1109,3.0,0.9760000109672546,0.49392712116241455,0.19590526819229126,0.4880000054836273,0.5,0.19590526819229126,,,,,,
0,,,1119,3.0,0.973800003528595,0.49336305260658264,0.20142553746700287,0.4869000017642975,0.5,0.20142553746700287,,,,,,
0,,,1129,3.0,0.9805333614349365,0.4950855076313019,0.18762685358524323,0.49026668071746826,0.5,0.18762685358524323,,,,,,
0,,,1139,3.0,0.9712666869163513,0.49271196126937866,0.20105953514575958,0.48563334345817566,0.5,0.20105953514575958,,,,,,
0,,,1149,3.0,0.9420666694641113,0.4850846230983734,0.24978528916835785,0.47103333473205566,0.5,0.24978528916835785,,,,,,
0,,,1159,3.0,0.9735999703407288,0.49331170320510864,0.1906883418560028,0.4867999851703644,0.5,0.1906883418560028,,,,,,
0,,,1169,3.0,0.9707333445549011,0.49257466197013855,0.1977372169494629,0.4854637682437897,0.4998970031738281,0.1977372169494629,,,,,,
0,,,1179,3.0,0.972000002861023,0.4929006099700928,0.19528676569461823,0.4860000014305115,0.5,0.19528676569461823,,,,,,
0,,,1189,3.0,0.9832666516304016,0.4957813620567322,0.1753496527671814,0.4916333258152008,0.5,0.1753496527671814,,,,,,
0,,,1199,3.0,0.9706000089645386,0.4925403296947479,0.19600994884967804,0.4853000044822693,0.5,0.19600994884967804,,,,,,
0,,,1209,3.0,0.9807999730110168,0.4951534867286682,0.17483189702033997,0.4903999865055084,0.5,0.17483189702033997,,,,,,
0,,,1219,3.0,0.9950666427612305,0.4987636208534241,0.14541420340538025,0.49753332138061523,0.5,0.14541420340538025,,,,,,
0,,,1229,3.0,0.9846000075340271,0.4961201250553131,0.16441084444522858,0.49230000376701355,0.5,0.16441084444522858,,,,,,
0,,,1239,3.0,0.9962000250816345,0.4990482032299042,0.14950934052467346,0.4982328712940216,0.49986618757247925,0.14950934052467346,,,,,,
0,,,1249,3.0,0.9550666809082031,0.4885084927082062,0.21552535891532898,0.47753334045410156,0.5,0.21552535891532898,,,,,,
0,,,1259,3.0,0.9554666876792908,0.4886131286621094,0.21648821234703064,0.4777333438396454,0.5,0.21648821234703064,,,,,,
0,,,1269,3.0,0.9815999865531921,0.4953572750091553,0.1687515527009964,0.49079999327659607,0.5,0.1687515527009964,,,,,,
0,,,1279,3.0,0.9828000068664551,0.4956626892089844,0.15968258678913116,0.49140000343322754,0.5,0.15968258678913116,,,,,,
0,,,1289,3.0,0.9944666624069214,0.49861282110214233,0.13898515701293945,0.4972333312034607,0.5,0.13898515701293945,,,,,,
0,,,1299,3.0,0.980400025844574,0.4950515031814575,0.1715100258588791,0.490200012922287,0.5,0.1715100258588791,,,,,,
0,,,1309,3.0,0.9782666563987732,0.49450698494911194,0.16670353710651398,0.4891333281993866,0.5,0.16670353710651398,,,,,,
0,,,1319,3.0,0.9873999953269958,0.496830016374588,0.14887802302837372,0.49376583099365234,0.49993249773979187,0.14887802302837372,,,,,,
0,,,1329,3.0,0.9784666895866394,0.49455806612968445,0.17062988877296448,0.4892333447933197,0.5,0.17062988877296448,,,,,,
0,,,1339,3.0,0.9628000259399414,0.4905237555503845,0.19275861978530884,0.4814000129699707,0.5,0.19275861978530884,,,,,,
0,,,1349,3.0,0.9851333498954773,0.496255487203598,0.15924884378910065,0.49256667494773865,0.5,0.15924884378910065,,,,,,
0,,,1359,3.0,0.9717333316802979,0.4928320348262787,0.1773080825805664,0.4858666658401489,0.5,0.1773080825805664,,,,,,
0,,,1369,3.0,0.9771999716758728,0.49423426389694214,0.16242115199565887,0.4885999858379364,0.5,0.16242115199565887,,,,,,
0,,,1379,3.0,0.9810000061988831,0.49520444869995117,0.15420815348625183,0.49050000309944153,0.5,0.15420815348625183,,,,,,
0,,,1389,3.0,0.9963333606719971,0.49908164143562317,0.1296243965625763,0.49816668033599854,0.5,0.1296243965625763,,,,,,
0,,,1399,3.0,0.9657333493232727,0.49128401279449463,0.18357056379318237,0.48286667466163635,0.5,0.18357056379318237,,,,,,
0,,,1409,3.0,0.9877333045005798,0.49691441655158997,0.14497503638267517,0.4940972328186035,0.4997638761997223,0.14497503638267517,,,,,,
0,,,1419,3.0,0.9503333568572998,0.4872671365737915,0.22074022889137268,0.4751666784286499,0.5,0.22074022889137268,,,,,,
0,,,1429,3.0,0.9875333309173584,0.49686378240585327,0.13590849936008453,0.4937666654586792,0.5,0.13590849936008453,,,,,,
0,,,1439,3.0,0.9857333302497864,0.49640771746635437,0.14189620316028595,0.4928666651248932,0.5,0.14189620316028595,,,,,,
0,,,1449,3.0,0.9545333385467529,0.4883689284324646,0.20999431610107422,0.47726666927337646,0.5,0.20999431610107422,,,,,,
0,,,1459,3.0,0.9690666794776917,0.4921451807022095,0.18003511428833008,0.4845333397388458,0.5,0.18003511428833008,,,,,,
0,,,1469,3.0,0.9659333229064941,0.49133574962615967,0.18223780393600464,0.48296666145324707,0.5,0.18223780393600464,,,,,,
0,,,1479,3.0,0.9847333431243896,0.49615398049354553,0.1390199214220047,0.4940464198589325,0.4982795715332031,0.1390199214220047,,,,,,
0,,,1489,3.0,0.9798666834831238,0.4949154853820801,0.14955268800258636,0.4899333417415619,0.5,0.14955268800258636,,,,,,
0,,,1499,3.0,0.9814000129699707,0.4953063428401947,0.1496826708316803,0.49070000648498535,0.5,0.1496826708316803,,,,,,
0,,,1509,3.0,0.9810666441917419,0.5281129479408264,0.14643928408622742,0.9451051950454712,0.5170308351516724,0.14643928408622742,,,,,,
0,,,1519,3.0,0.9868000149726868,0.49667808413505554,0.13273896276950836,0.4934000074863434,0.5,0.13273896276950836,,,,,,
0,,,1529,3.0,0.9793999791145325,0.49479639530181885,0.14608615636825562,0.48969998955726624,0.5,0.14608615636825562,,,,,,
0,,,1539,3.0,0.9780666828155518,0.5063238143920898,0.1608755737543106,0.5805271863937378,0.5057363510131836,0.1608755737543106,,,,,,
0,,,1549,3.0,0.984333336353302,0.49605241417884827,0.13798995316028595,0.492166668176651,0.5,0.13798995316028595,,,,,,
0,,,1559,3.0,0.9632666707038879,0.4906448423862457,0.1796916276216507,0.48163333535194397,0.5,0.1796916276216507,,,,,,
0,,,1569,3.0,0.9883999824523926,0.49708306789398193,0.1267659068107605,0.4941999912261963,0.5,0.1267659068107605,,,,,,
0,,,1579,3.0,0.9866666793823242,0.4966442883014679,0.12966357171535492,0.4933333396911621,0.5,0.12966357171535492,,,,,,
0,,,1589,3.0,0.9891999959945679,0.4972853362560272,0.12604542076587677,0.49459999799728394,0.5,0.12604542076587677,,,,,,
0,,,1599,3.0,0.9755333065986633,0.4938075840473175,0.15203173458576202,0.48776665329933167,0.5,0.15203173458576202,,,,,,
0,,,1609,3.0,0.9502000212669373,0.4872320890426636,0.20484721660614014,0.47510001063346863,0.5,0.20484721660614014,,,,,,
0,,,1619,3.0,0.9791333079338074,0.49472832679748535,0.14698751270771027,0.4895666539669037,0.5,0.14698751270771027,,,,,,
0,,,1629,3.0,0.9787333607673645,0.4946261942386627,0.14277781546115875,0.48936668038368225,0.5,0.14277781546115875,,,,,,
0,,,1639,3.0,0.9630666375160217,0.49059295654296875,0.17047876119613647,0.48153331875801086,0.5,0.17047876119613647,,,,,,
0,,,1649,3.0,0.9785333275794983,0.4945751130580902,0.14353136718273163,0.48926666378974915,0.5,0.14353136718273163,,,,,,
,0.000999960916880889,0.000999960916880889,1651,,,,,,,,,,,,,
1,,,1659,3.0,0.9528666734695435,0.4879322648048401,0.18009698390960693,0.47643333673477173,0.5,0.18009698390960693,,,,,,
1,,,1669,3.0,0.9732000231742859,0.49320900440216064,0.13441595435142517,0.48672980070114136,0.49986302852630615,0.13441595435142517,,,,,,
1,,,1679,3.0,0.9799333214759827,0.49493250250816345,0.09638437628746033,0.48996666073799133,0.5,0.09638437628746033,,,,,,
1,,,1689,3.0,0.9872666597366333,0.49679628014564514,0.07367461174726486,0.49363332986831665,0.5,0.07367461174726486,,,,,,
1,,,1699,3.0,0.984666645526886,0.4961370527744293,0.08662629127502441,0.492333322763443,0.5,0.08662629127502441,,,,,,
1,,,1709,3.0,0.9705333113670349,0.4925231635570526,0.1319846212863922,0.48526665568351746,0.5,0.1319846212863922,,,,,,
1,,,1719,3.0,0.9854000210762024,0.4963231682777405,0.0715969055891037,0.4927000105381012,0.5,0.0715969055891037,,,,,,
1,,,1729,3.0,0.9711999893188477,0.49269479513168335,0.1269126534461975,0.48559999465942383,0.5,0.1269126534461975,,,,,,
1,,,1739,3.0,0.9836666584014893,0.495883047580719,0.08631622046232224,0.49183332920074463,0.5,0.08631622046232224,,,,,,
1,,,1749,3.0,0.9760000109672546,0.49392712116241455,0.10753601044416428,0.4880000054836273,0.5,0.10753601044416428,,,,,,
1,,,1759,3.0,0.9535333514213562,0.48810702562332153,0.19919635355472565,0.4767666757106781,0.5,0.19919635355472565,,,,,,
1,,,1769,3.0,0.9977999925613403,0.49944940209388733,0.031744666397571564,0.49889999628067017,0.5,0.031744666397571564,,,,,,
1,,,1779,3.0,0.9886000156402588,0.49713367223739624,0.05848802626132965,0.4943000078201294,0.5,0.05848802626132965,,,,,,
1,,,1789,3.0,0.9915333390235901,0.49787434935569763,0.04297102987766266,0.49576666951179504,0.5,0.04297102987766266,,,,,,
1,,,1799,3.0,0.9866666793823242,0.4966442883014679,0.06402254849672318,0.4933333396911621,0.5,0.06402254849672318,,,,,,
1,,,1809,3.0,0.9878000020980835,0.4969312846660614,0.06296178698539734,0.49390000104904175,0.5,0.06296178698539734,,,,,,
1,,,1819,3.0,0.956933319568634,0.48899638652801514,0.16663776338100433,0.478466659784317,0.5,0.16663776338100433,,,,,,
1,,,1829,3.0,0.9773333072662354,0.49426838755607605,0.09614531695842743,0.4886666536331177,0.5,0.09614531695842743,,,,,,
1,,,1839,3.0,0.9886666536331177,0.4971505105495453,0.051845379173755646,0.49433332681655884,0.5,0.051845379173755646,,,,,,
1,,,1849,3.0,0.9803333282470703,0.49503451585769653,0.09052785485982895,0.49016666412353516,0.5,0.09052785485982895,,,,,,
1,,,1859,3.0,0.9735333323478699,0.4932945966720581,0.10979591310024261,0.48676666617393494,0.5,0.10979591310024261,,,,,,
1,,,1869,3.0,0.9887999892234802,0.49718421697616577,0.051102299243211746,0.4943999946117401,0.5,0.051102299243211746,,,,,,
1,,,1879,3.0,0.9833999872207642,0.4958152770996094,0.07185957580804825,0.4916999936103821,0.5,0.07185957580804825,,,,,,
1,,,1889,3.0,0.978866696357727,0.49466022849082947,0.09413288533687592,0.4894333481788635,0.5,0.09413288533687592,,,,,,
1,,,1899,3.0,0.9901333451271057,0.4975211024284363,0.053089991211891174,0.49506667256355286,0.5,0.053089991211891174,,,,,,
1,,,1909,3.0,0.9950666427612305,0.4987636208534241,0.03358679637312889,0.49753332138061523,0.5,0.03358679637312889,,,,,,
1,,,1919,3.0,0.9816666841506958,0.49537426233291626,0.0632731094956398,0.4908333420753479,0.5,0.0632731094956398,,,,,,
1,,,1929,3.0,0.987933337688446,0.4969650208950043,0.058419741690158844,0.493966668844223,0.5,0.058419741690158844,,,,,,
1,,,1939,3.0,0.9747999906539917,0.4936196208000183,0.0923546850681305,0.48739999532699585,0.5,0.0923546850681305,,,,,,
1,,,1949,3.0,0.964733362197876,0.49102509021759033,0.13112099468708038,0.482366681098938,0.5,0.13112099468708038,,,,,,
1,,,1959,3.0,0.9794666767120361,0.4948134124279022,0.08174994587898254,0.48973333835601807,0.5,0.08174994587898254,,,,,,
1,,,1969,3.0,0.9824666380882263,0.4955779016017914,0.07301464676856995,0.49123331904411316,0.5,0.07301464676856995,,,,,,
1,,,1979,3.0,0.989466667175293,0.4973527193069458,0.05513257905840874,0.4947333335876465,0.5,0.05513257905840874,,,,,,
1,,,1989,3.0,0.9908000230789185,0.4976893663406372,0.06231597065925598,0.49540001153945923,0.5,0.06231597065925598,,,,,,
1,,,1999,3.0,0.9705333113670349,0.4925231635570526,0.10680026561021805,0.48526665568351746,0.5,0.10680026561021805,,,,,,
1,,,2009,3.0,0.9802666902542114,0.49501749873161316,0.07790861278772354,0.4901333451271057,0.5,0.07790861278772354,,,,,,
1,,,2019,3.0,0.9819333553314209,0.49544215202331543,0.07670267671346664,0.49096667766571045,0.5,0.07670267671346664,,,,,,
1,,,2029,3.0,0.9594666957855225,0.48965704441070557,0.17102865874767303,0.47973334789276123,0.5,0.17102865874767303,,,,,,
1,,,2039,3.0,0.979533314704895,0.4948304295539856,0.09406837075948715,0.4897666573524475,0.5,0.09406837075948715,,,,,,
1,,,2049,3.0,0.9761999845504761,0.493978351354599,0.09643065929412842,0.48809999227523804,0.5,0.09643065929412842,,,,,,
1,,,2059,3.0,0.972599983215332,0.4930548369884491,0.10011973977088928,0.486299991607666,0.5,0.10011973977088928,,,,,,
1,,,2069,3.0,0.9735999703407288,0.49331170320510864,0.1034841388463974,0.4867999851703644,0.5,0.1034841388463974,,,,,,
1,,,2079,3.0,0.9669333100318909,0.4915943741798401,0.12386249005794525,0.48346665501594543,0.5,0.12386249005794525,,,,,,
1,,,2089,3.0,0.9628666639328003,0.4905410408973694,0.14585092663764954,0.48143333196640015,0.5,0.14585092663764954,,,,,,
1,,,2099,3.0,0.9747333526611328,0.4936025142669678,0.09506285935640335,0.4873666763305664,0.5,0.09506285935640335,,,,,,
1,,,2109,3.0,0.9681333303451538,0.4919043481349945,0.1361963450908661,0.4840666651725769,0.5,0.1361963450908661,,,,,,
1,,,2119,3.0,0.9911333322525024,0.4977734684944153,0.044455427676439285,0.4955666661262512,0.5,0.044455427676439285,,,,,,
1,,,2129,3.0,0.986133337020874,0.4965091347694397,0.06226791441440582,0.493066668510437,0.5,0.06226791441440582,,,,,,
1,,,2139,3.0,0.9876000285148621,0.4968806505203247,0.0562356635928154,0.49380001425743103,0.5,0.0562356635928154,,,,,,
1,,,2149,3.0,0.973800003528595,0.49336305260658264,0.10889820009469986,0.4869000017642975,0.5,0.10889820009469986,,,,,,
1,,,2159,3.0,0.9702666401863098,0.49245449900627136,0.09749055653810501,0.4851333200931549,0.5,0.09749055653810501,,,,,,
1,,,2169,3.0,0.9718000292778015,0.4928491711616516,0.11045842617750168,0.48590001463890076,0.5,0.11045842617750168,,,,,,
1,,,2179,3.0,0.9844666719436646,0.4960862696170807,0.06747937947511673,0.4922333359718323,0.5,0.06747937947511673,,,,,,
1,,,2189,3.0,0.9693333506584167,0.4922139346599579,0.12272951751947403,0.4846666753292084,0.5,0.12272951751947403,,,,,,
1,,,2199,3.0,0.9670000076293945,0.4916115999221802,0.1314302533864975,0.48350000381469727,0.5,0.1314302533864975,,,,,,
1,,,2209,3.0,0.9762666821479797,0.49399539828300476,0.09593913704156876,0.48813334107398987,0.5,0.09593913704156876,,,,,,
1,,,2219,3.0,0.9922666549682617,0.49805915355682373,0.04083633050322533,0.49613332748413086,0.5,0.04083633050322533,,,,,,
1,,,2229,3.0,0.9868666529655457,0.496694952249527,0.05916357785463333,0.4934333264827728,0.5,0.05916357785463333,,,,,,
1,,,2239,3.0,0.9830666780471802,0.49573051929473877,0.06990563869476318,0.4915333390235901,0.5,0.06990563869476318,,,,,,
1,,,2249,3.0,0.9855333566665649,0.4963569939136505,0.0630909875035286,0.49276667833328247,0.5,0.0630909875035286,,,,,,
1,,,2259,3.0,0.9877333045005798,0.49691441655158997,0.053794026374816895,0.4938666522502899,0.5,0.053794026374816895,,,,,,
1,,,2269,3.0,0.9455999732017517,0.48601973056793213,0.20927225053310394,0.47279998660087585,0.5,0.20927225053310394,,,,,,
1,,,2279,3.0,0.9767333269119263,0.49411487579345703,0.0956631749868393,0.48836666345596313,0.5,0.0956631749868393,,,,,,
1,,,2289,3.0,0.9814000129699707,0.4953063428401947,0.07484526932239532,0.49070000648498535,0.5,0.07484526932239532,,,,,,
1,,,2299,3.0,0.9607333540916443,0.48998674750328064,0.16240990161895752,0.48036667704582214,0.5,0.16240990161895752,,,,,,
1,,,2309,3.0,0.9838666915893555,0.49593386054039,0.06411731988191605,0.49193334579467773,0.5,0.06411731988191605,,,,,,
1,,,2319,3.0,0.9308000206947327,0.48207995295524597,0.29361528158187866,0.46540001034736633,0.5,0.29361528158187866,,,,,,
1,,,2329,3.0,0.9869333505630493,0.4967118501663208,0.04990173876285553,0.49346667528152466,0.5,0.04990173876285553,,,,,,
1,,,2339,3.0,0.9922000169754028,0.49804237484931946,0.03701255843043327,0.4961000084877014,0.5,0.03701255843043327,,,,,,
1,,,2349,3.0,0.9496666789054871,0.4870918095111847,0.1938057690858841,0.47483333945274353,0.5,0.1938057690858841,,,,,,
1,,,2359,3.0,0.9832666516304016,0.4957813620567322,0.066693015396595,0.4916333258152008,0.5,0.066693015396595,,,,,,
1,,,2369,3.0,0.9703333377838135,0.4924716651439667,0.08779609203338623,0.48516666889190674,0.5,0.08779609203338623,,,,,,
1,,,2379,3.0,0.9718666672706604,0.49286630749702454,0.0899973139166832,0.4859333336353302,0.5,0.0899973139166832,,,,,,
1,,,2389,3.0,0.9765999913215637,0.4940807521343231,0.09588849544525146,0.48829999566078186,0.5,0.09588849544525146,,,,,,
1,,,2399,3.0,0.9860666394233704,0.4964922368526459,0.05623384192585945,0.4930333197116852,0.5,0.05623384192585945,,,,,,
1,,,2409,3.0,0.9658666849136353,0.4913184940814972,0.10907410830259323,0.4829333424568176,0.5,0.10907410830259323,,,,,,
1,,,2419,3.0,0.9789999723434448,0.4946942925453186,0.07696014642715454,0.4894999861717224,0.5,0.07696014642715454,,,,,,
1,,,2429,3.0,0.9967333078384399,0.49918198585510254,0.026531927287578583,0.49836665391921997,0.5,0.026531927287578583,,,,,,
1,,,2439,3.0,0.9810000061988831,0.49520444869995117,0.0765506699681282,0.49050000309944153,0.5,0.0765506699681282,,,,,,
1,,,2449,3.0,0.9628666639328003,0.4905410408973694,0.13686911761760712,0.48143333196640015,0.5,0.13686911761760712,,,,,,
1,,,2459,3.0,0.9757999777793884,0.4938758909702301,0.09323090314865112,0.4878999888896942,0.5,0.09323090314865112,,,,,,
1,,,2469,3.0,0.9800666570663452,0.4949665069580078,0.08680989593267441,0.4900333285331726,0.5,0.08680989593267441,,,,,,
1,,,2479,3.0,0.9796666502952576,0.49486446380615234,0.07948092371225357,0.4898333251476288,0.5,0.07948092371225357,,,,,,
1,,,2489,3.0,0.9603999853134155,0.48990002274513245,0.13123062252998352,0.48019999265670776,0.5,0.13123062252998352,,,,,,
1,,,2499,3.0,0.9631999731063843,0.49062755703926086,0.14985843002796173,0.48159998655319214,0.5,0.14985843002796173,,,,,,
1,,,2509,3.0,0.9690666794776917,0.4921451807022095,0.12500396370887756,0.4845333397388458,0.5,0.12500396370887756,,,,,,
1,,,2519,3.0,0.9684666395187378,0.4919903874397278,0.1070937067270279,0.4842333197593689,0.5,0.1070937067270279,,,,,,
1,,,2529,3.0,0.9801999926567078,0.4950005114078522,0.07592935860157013,0.4900999963283539,0.5,0.07592935860157013,,,,,,
1,,,2539,3.0,0.9764000177383423,0.49402955174446106,0.0962185189127922,0.48820000886917114,0.5,0.0962185189127922,,,,,,
1,,,2549,3.0,0.982866644859314,0.495679646730423,0.0724581778049469,0.491433322429657,0.5,0.0724581778049469,,,,,,
1,,,2559,3.0,0.9688000082969666,0.49207639694213867,0.12709107995033264,0.4844000041484833,0.5,0.12709107995033264,,,,,,
1,,,2569,3.0,0.9855333566665649,0.4963569939136505,0.05599029362201691,0.49276667833328247,0.5,0.05599029362201691,,,,,,
1,,,2579,3.0,0.9958000183105469,0.49894779920578003,0.029000744223594666,0.49790000915527344,0.5,0.029000744223594666,,,,,,
1,,,2589,3.0,0.991599977016449,0.4978911280632019,0.03946175053715706,0.4957999885082245,0.5,0.03946175053715706,,,,,,
1,,,2599,3.0,0.984000027179718,0.4959677457809448,0.07979925721883774,0.492000013589859,0.5,0.07979925721883774,,,,,,
1,,,2609,3.0,0.9696000218391418,0.4922826886177063,0.11100519448518753,0.4848000109195709,0.5,0.11100519448518753,,,,,,
1,,,2619,3.0,0.9613999724388123,0.4901600778102875,0.12663891911506653,0.48069998621940613,0.5,0.12663891911506653,,,,,,
1,,,2629,3.0,0.9823333621025085,0.4955439865589142,0.07817278802394867,0.4911666810512543,0.5,0.07817278802394867,,,,,,
1,,,2639,3.0,0.9688666462898254,0.49209359288215637,0.13050229847431183,0.4844333231449127,0.5,0.13050229847431183,,,,,,
1,,,2649,3.0,0.9830666780471802,0.49573051929473877,0.07089179009199142,0.4915333390235901,0.5,0.07089179009199142,,,,,,
1,,,2659,3.0,0.9821333289146423,0.495493084192276,0.07357338070869446,0.49106666445732117,0.5,0.07357338070869446,,,,,,
1,,,2669,3.0,0.977733314037323,0.4943706691265106,0.08272398263216019,0.4888666570186615,0.5,0.08272398263216019,,,,,,
1,,,2679,3.0,0.9893333315849304,0.4973190426826477,0.046272337436676025,0.4946666657924652,0.5,0.046272337436676025,,,,,,
1,,,2689,3.0,0.9612666964530945,0.4901254177093506,0.17679958045482635,0.48063334822654724,0.5,0.17679958045482635,,,,,,
1,,,2699,3.0,0.9889333248138428,0.49721795320510864,0.05163879320025444,0.4944666624069214,0.5,0.05163879320025444,,,,,,
1,,,2709,3.0,0.9634000062942505,0.49067944288253784,0.1263040453195572,0.48170000314712524,0.5,0.1263040453195572,,,,,,
1,,,2719,3.0,0.987933337688446,0.4969650208950043,0.052515022456645966,0.493966668844223,0.5,0.052515022456645966,,,,,,
1,,,2729,3.0,0.9844666719436646,0.4960862696170807,0.06352726370096207,0.4922333359718323,0.5,0.06352726370096207,,,,,,
1,,,2739,3.0,0.9651333093643188,0.49112868309020996,0.12517942488193512,0.4825666546821594,0.5,0.12517942488193512,,,,,,
1,,,2749,3.0,0.9775333404541016,0.49431952834129333,0.08603189885616302,0.4887666702270508,0.5,0.08603189885616302,,,,,,
1,,,2759,3.0,0.9827333092689514,0.4956457316875458,0.07025356590747833,0.4913666546344757,0.5,0.07025356590747833,,,,,,
1,,,2769,3.0,0.9811333417892456,0.49523842334747314,0.07655750960111618,0.4905666708946228,0.5,0.07655750960111618,,,,,,
1,,,2779,3.0,0.9672666788101196,0.4916805028915405,0.13078626990318298,0.4836333394050598,0.5,0.13078626990318298,,,,,,
1,,,2789,3.0,0.986133337020874,0.4965091347694397,0.06429485976696014,0.493066668510437,0.5,0.06429485976696014,,,,,,
1,,,2799,3.0,0.9822666645050049,0.4955269992351532,0.07790924608707428,0.49113333225250244,0.5,0.07790924608707428,,,,,,
1,,,2809,3.0,0.9664000272750854,0.4914564788341522,0.1045621857047081,0.4832000136375427,0.5,0.1045621857047081,,,,,,
1,,,2819,3.0,0.979533314704895,0.4948304295539856,0.08389627188444138,0.4897666573524475,0.5,0.08389627188444138,,,,,,
1,,,2829,3.0,0.9693333506584167,0.4922139346599579,0.09843040257692337,0.4846666753292084,0.5,0.09843040257692337,,,,,,
1,,,2839,3.0,0.9662666916847229,0.49142199754714966,0.12279608100652695,0.48313334584236145,0.5,0.12279608100652695,,,,,,
1,,,2849,3.0,0.9706666469573975,0.49255749583244324,0.10522808134555817,0.48533332347869873,0.5,0.10522808134555817,,,,,,
1,,,2859,3.0,0.9739999771118164,0.49341437220573425,0.11166375130414963,0.4869999885559082,0.5,0.11166375130414963,,,,,,
1,,,2869,3.0,0.9859333038330078,0.49645841121673584,0.07274261862039566,0.4929666519165039,0.5,0.07274261862039566,,,,,,
1,,,2879,3.0,0.9675333499908447,0.4917494058609009,0.13494494557380676,0.48376667499542236,0.5,0.13494494557380676,,,,,,
1,,,2889,3.0,0.9637333154678345,0.49076589941978455,0.12395112216472626,0.48186665773391724,0.5,0.12395112216472626,,,,,,
1,,,2899,3.0,0.9772666692733765,0.4942513108253479,0.08934640884399414,0.48863333463668823,0.5,0.08934640884399414,,,,,,
1,,,2909,3.0,0.9941333532333374,0.49852901697158813,0.03243209794163704,0.4970666766166687,0.5,0.03243209794163704,,,,,,
1,,,2919,3.0,0.9572666883468628,0.4890834093093872,0.14036743342876434,0.4786333441734314,0.5,0.14036743342876434,,,,,,
1,,,2929,3.0,0.9919999837875366,0.49799197912216187,0.04787679761648178,0.4959999918937683,0.5,0.04787679761648178,,,,,,
1,,,2939,3.0,0.965399980545044,0.49119773507118225,0.11626899987459183,0.482699990272522,0.5,0.11626899987459183,,,,,,
1,,,2949,3.0,0.9828000068664551,0.4956626892089844,0.07237084954977036,0.49140000343322754,0.5,0.07237084954977036,,,,,,
1,,,2959,3.0,0.9899333119392395,0.49747058749198914,0.05561855435371399,0.49496665596961975,0.5,0.05561855435371399,,,,,,
1,,,2969,3.0,0.989466667175293,0.4973527193069458,0.046438321471214294,0.4947333335876465,0.5,0.046438321471214294,,,,,,
1,,,2979,3.0,0.9696666598320007,0.492299884557724,0.11530870944261551,0.48483332991600037,0.5,0.11530870944261551,,,,,,
1,,,2989,3.0,0.9959333539009094,0.4989812672138214,0.02880524843931198,0.4979666769504547,0.5,0.02880524843931198,,,,,,
1,,,2999,3.0,0.9657999873161316,0.4913012385368347,0.13405779004096985,0.4828999936580658,0.5,0.13405779004096985,,,,,,
1,,,3009,3.0,0.9828000068664551,0.4956626892089844,0.07370223850011826,0.49140000343322754,0.5,0.07370223850011826,,,,,,
1,,,3019,3.0,0.9820666909217834,0.495476096868515,0.07598771899938583,0.4910333454608917,0.5,0.07598771899938583,,,,,,
1,,,3029,3.0,0.9823333621025085,0.4955439865589142,0.07423790544271469,0.4911666810512543,0.5,0.07423790544271469,,,,,,
1,,,3039,3.0,0.9721999764442444,0.49295201897621155,0.09944427758455276,0.4860999882221222,0.5,0.09944427758455276,,,,,,
1,,,3049,3.0,0.9833999872207642,0.4958152770996094,0.07358215004205704,0.4916999936103821,0.5,0.07358215004205704,,,,,,
1,,,3059,3.0,0.9833333492279053,0.4957983195781708,0.06380922347307205,0.49166667461395264,0.5,0.06380922347307205,,,,,,
1,,,3069,3.0,0.9490000009536743,0.48691636323928833,0.18662747740745544,0.47450000047683716,0.5,0.18662747740745544,,,,,,
1,,,3079,3.0,0.9715999960899353,0.49279773235321045,0.10865254700183868,0.48579999804496765,0.5,0.10865254700183868,,,,,,
1,,,3089,3.0,0.9757999777793884,0.4938758909702301,0.08967279642820358,0.4878999888896942,0.5,0.08967279642820358,,,,,,
1,,,3099,3.0,0.9895333051681519,0.49736955761909485,0.04862936958670616,0.4947666525840759,0.5,0.04862936958670616,,,,,,
1,,,3109,3.0,0.9520000219345093,0.48770493268966675,0.18119066953659058,0.47600001096725464,0.5,0.18119066953659058,,,,,,
1,,,3119,3.0,0.9791333079338074,0.49472832679748535,0.08257358521223068,0.4895666539669037,0.5,0.08257358521223068,,,,,,
1,,,3129,3.0,0.9833999872207642,0.4958152770996094,0.080095075070858,0.4916999936103821,0.5,0.080095075070858,,,,,,
1,,,3139,3.0,0.9626666903495789,0.49048912525177,0.14622928202152252,0.48133334517478943,0.5,0.14622928202152252,,,,,,
1,,,3149,3.0,0.9719333052635193,0.49288347363471985,0.0957861989736557,0.48596665263175964,0.5,0.0957861989736557,,,,,,
1,,,3159,3.0,0.9900000095367432,0.4974874258041382,0.04228176549077034,0.4950000047683716,0.5,0.04228176549077034,,,,,,
1,,,3169,3.0,0.9800666570663452,0.4949665069580078,0.08748892694711685,0.4900333285331726,0.5,0.08748892694711685,,,,,,
1,,,3179,3.0,0.9605333209037781,0.4899347126483917,0.15265034139156342,0.48026666045188904,0.5,0.15265034139156342,,,,,,
1,,,3189,3.0,0.9845333099365234,0.4961031973361969,0.06918970495462418,0.4922666549682617,0.5,0.06918970495462418,,,,,,
1,,,3199,3.0,0.9838666915893555,0.49593386054039,0.06606956571340561,0.49193334579467773,0.5,0.06606956571340561,,,,,,
1,,,3209,3.0,0.9908000230789185,0.4976893663406372,0.041252318769693375,0.49540001153945923,0.5,0.041252318769693375,,,,,,
1,,,3219,3.0,0.9825999736785889,0.4956118166446686,0.06647217273712158,0.49129998683929443,0.5,0.06647217273712158,,,,,,
1,,,3229,3.0,0.9860000014305115,0.49647533893585205,0.0657067745923996,0.49300000071525574,0.5,0.0657067745923996,,,,,,
1,,,3239,3.0,0.9646666646003723,0.49100780487060547,0.11472025513648987,0.48233333230018616,0.5,0.11472025513648987,,,,,,
1,,,3249,3.0,0.9837333559989929,0.4958999752998352,0.0668281689286232,0.49186667799949646,0.5,0.0668281689286232,,,,,,
1,,,3259,3.0,0.98580002784729,0.4964246153831482,0.06010890379548073,0.492900013923645,0.5,0.06010890379548073,,,,,,
1,,,3269,3.0,0.984000027179718,0.4959677457809448,0.05986597761511803,0.492000013589859,0.5,0.05986597761511803,,,,,,
1,,,3279,3.0,0.9882000088691711,0.49703249335289,0.05100411921739578,0.49410000443458557,0.5,0.05100411921739578,,,,,,
1,,,3289,3.0,0.9888666868209839,0.4972010850906372,0.06333629786968231,0.49443334341049194,0.5,0.06333629786968231,,,,,,
1,,,3299,3.0,0.9819999933242798,0.4954591393470764,0.07370791584253311,0.4909999966621399,0.5,0.07370791584253311,,,,,,
,0.0009998436736952335,0.0009998436736952335,3302,,,,,,,,,,,,,
2,,,3309,3.0,0.9830666780471802,0.49573051929473877,0.07313220947980881,0.4915333390235901,0.5,0.07313220947980881,,,,,,
2,,,3319,3.0,0.9593999981880188,0.4896396994590759,0.15092253684997559,0.4796999990940094,0.5,0.15092253684997559,,,,,,
2,,,3329,3.0,0.9680666923522949,0.4918871223926544,0.11414053291082382,0.48403334617614746,0.5,0.11414053291082382,,,,,,
2,,,3339,3.0,0.9811333417892456,0.49523842334747314,0.0854463204741478,0.4905666708946228,0.5,0.0854463204741478,,,,,,
2,,,3349,3.0,0.9644666910171509,0.49095597863197327,0.13245084881782532,0.48223334550857544,0.5,0.13245084881782532,,,,,,
2,,,3359,3.0,0.9697999954223633,0.492334246635437,0.0980251356959343,0.48489999771118164,0.5,0.0980251356959343,,,,,,
2,,,3369,3.0,0.9850666522979736,0.4962385892868042,0.06633250415325165,0.4925333261489868,0.5,0.06633250415325165,,,,,,
2,,,3379,3.0,0.9627333283424377,0.49050644040107727,0.1543837934732437,0.48136666417121887,0.5,0.1543837934732437,,,,,,
2,,,3389,3.0,0.9814666509628296,0.4953233301639557,0.0960361510515213,0.4907333254814148,0.5,0.0960361510515213,,,,,,
2,,,3399,3.0,0.9772666692733765,0.4942513108253479,0.08603675663471222,0.48863333463668823,0.5,0.08603675663471222,,,,,,
2,,,3409,3.0,0.9567999839782715,0.4889615774154663,0.13812336325645447,0.47839999198913574,0.5,0.13812336325645447,,,,,,
2,,,3419,3.0,0.9901999831199646,0.4975379407405853,0.04549742117524147,0.4950999915599823,0.5,0.04549742117524147,,,,,,
2,,,3429,3.0,0.9830666780471802,0.49573051929473877,0.06631797552108765,0.4915333390235901,0.5,0.06631797552108765,,,,,,
2,,,3439,3.0,0.9700000286102295,0.49238577485084534,0.10926397889852524,0.48500001430511475,0.5,0.10926397889852524,,,,,,
2,,,3449,3.0,0.989799976348877,0.4974369406700134,0.05510300397872925,0.4948999881744385,0.5,0.05510300397872925,,,,,,
2,,,3459,3.0,0.9718000292778015,0.4928491711616516,0.11079151928424835,0.48590001463890076,0.5,0.11079151928424835,,,,,,
2,,,3469,3.0,0.9809333086013794,0.4951874613761902,0.07965928316116333,0.4904666543006897,0.5,0.07965928316116333,,,,,,
2,,,3479,3.0,0.9714666604995728,0.4927634298801422,0.12416255474090576,0.4857333302497864,0.5,0.12416255474090576,,,,,,
2,,,3489,3.0,0.9588000178337097,0.4894833564758301,0.14344944059848785,0.47940000891685486,0.5,0.14344944059848785,,,,,,
2,,,3499,3.0,0.9652666449546814,0.4911631941795349,0.10377482324838638,0.4826333224773407,0.5,0.10377482324838638,,,,,,
2,,,3509,3.0,0.9717333316802979,0.4928320348262787,0.11188782006502151,0.4858666658401489,0.5,0.11188782006502151,,,,,,
2,,,3519,3.0,0.9954666495323181,0.498864084482193,0.02608567290008068,0.49773332476615906,0.5,0.02608567290008068,,,,,,
2,,,3529,3.0,0.9922000169754028,0.49804237484931946,0.03840550035238266,0.4961000084877014,0.5,0.03840550035238266,,,,,,
2,,,3539,3.0,0.98253333568573,0.49559485912323,0.08168874680995941,0.491266667842865,0.5,0.08168874680995941,,,,,,
2,,,3549,3.0,0.982200026512146,0.4955100417137146,0.06837710738182068,0.491100013256073,0.5,0.06837710738182068,,,,,,
2,,,3559,3.0,0.9879999756813049,0.4969818890094757,0.0569707453250885,0.49399998784065247,0.5,0.0569707453250885,,,,,,
2,,,3569,3.0,0.9728000164031982,0.49310624599456787,0.08266615122556686,0.4864000082015991,0.5,0.08266615122556686,,,,,,
2,,,3579,3.0,0.9859333038330078,0.49645841121673584,0.0666695237159729,0.4929666519165039,0.5,0.0666695237159729,,,,,,
2,,,3589,3.0,0.9550666809082031,0.4885084927082062,0.1606864631175995,0.47753334045410156,0.5,0.1606864631175995,,,,,,
2,,,3599,3.0,0.946066677570343,0.48614299297332764,0.1906159371137619,0.4730333387851715,0.5,0.1906159371137619,,,,,,
2,,,3609,3.0,0.9904666543006897,0.49760526418685913,0.04676298052072525,0.49523332715034485,0.5,0.04676298052072525,,,,,,
2,,,3619,3.0,0.9739333391189575,0.4933972656726837,0.08455459773540497,0.48696666955947876,0.5,0.08455459773540497,,,,,,
2,,,3629,3.0,0.9720666408538818,0.4929177463054657,0.11354725062847137,0.4860333204269409,0.5,0.11354725062847137,,,,,,
2,,,3639,3.0,0.9787999987602234,0.4946432113647461,0.11145248264074326,0.4893999993801117,0.5,0.11145248264074326,,,,,,
2,,,3649,3.0,0.9675333499908447,0.4917494058609009,0.13226044178009033,0.48376667499542236,0.5,0.13226044178009033,,,,,,
2,,,3659,3.0,0.9782666563987732,0.49450698494911194,0.08902524411678314,0.4891333281993866,0.5,0.08902524411678314,,,,,,
2,,,3669,3.0,0.9815999865531921,0.4953572750091553,0.07736056298017502,0.49079999327659607,0.5,0.07736056298017502,,,,,,
2,,,3679,3.0,0.9800666570663452,0.4949665069580078,0.08170443773269653,0.4900333285331726,0.5,0.08170443773269653,,,,,,
2,,,3689,3.0,0.9760666489601135,0.4939441978931427,0.0920979306101799,0.48803332448005676,0.5,0.0920979306101799,,,,,,
2,,,3699,3.0,0.9885333180427551,0.4971168041229248,0.05011250823736191,0.49426665902137756,0.5,0.05011250823736191,,,,,,
2,,,3709,3.0,0.9819999933242798,0.4954591393470764,0.07214732468128204,0.4909999966621399,0.5,0.07214732468128204,,,,,,
2,,,3719,3.0,0.9805333614349365,0.4950855076313019,0.07085765898227692,0.49026668071746826,0.5,0.07085765898227692,,,,,,
2,,,3729,3.0,0.9936666488647461,0.498411625623703,0.034758277237415314,0.49683332443237305,0.5,0.034758277237415314,,,,,,
2,,,3739,3.0,0.9928666949272156,0.49821028113365173,0.03959547355771065,0.4964333474636078,0.5,0.03959547355771065,,,,,,
2,,,3749,3.0,0.98580002784729,0.4964246153831482,0.06186610832810402,0.492900013923645,0.5,0.06186610832810402,,,,,,
2,,,3759,3.0,0.9698666930198669,0.4923514425754547,0.10897549986839294,0.48493334650993347,0.5,0.10897549986839294,,,,,,
2,,,3769,3.0,0.992733359336853,0.4981766939163208,0.03992816433310509,0.4963666796684265,0.5,0.03992816433310509,,,,,,
2,,,3779,3.0,0.9553999900817871,0.4885956943035126,0.15828369557857513,0.47769999504089355,0.5,0.15828369557857513,,,,,,
2,,,3789,3.0,0.9794666767120361,0.4948134124279022,0.08180311322212219,0.48973333835601807,0.5,0.08180311322212219,,,,,,
2,,,3799,3.0,0.9808666706085205,0.4951704740524292,0.06944124400615692,0.49043333530426025,0.5,0.06944124400615692,,,,,,
2,,,3809,3.0,0.9636666774749756,0.4907486140727997,0.13755953311920166,0.4818333387374878,0.5,0.13755953311920166,,,,,,
2,,,3819,3.0,0.9847333431243896,0.49615398049354553,0.06547633558511734,0.4923666715621948,0.5,0.06547633558511734,,,,,,
2,,,3829,3.0,0.9625333547592163,0.4904545247554779,0.11687291413545609,0.48126667737960815,0.5,0.11687291413545609,,,,,,
2,,,3839,3.0,0.9853333234786987,0.49630624055862427,0.06117485091090202,0.49266666173934937,0.5,0.06117485091090202,,,,,,
2,,,3849,3.0,0.9531999826431274,0.4880196452140808,0.20119130611419678,0.4765999913215637,0.5,0.20119130611419678,,,,,,
2,,,3859,3.0,0.9836000204086304,0.4958660900592804,0.07382842153310776,0.4918000102043152,0.5,0.07382842153310776,,,,,,
2,,,3869,3.0,0.9954666495323181,0.498864084482193,0.02887958101928234,0.49773332476615906,0.5,0.02887958101928234,,,,,,
2,,,3879,3.0,0.9775333404541016,0.49431952834129333,0.0828271210193634,0.4887666702270508,0.5,0.0828271210193634,,,,,,
2,,,3889,3.0,0.9763333201408386,0.4940124750137329,0.10097552835941315,0.4881666600704193,0.5,0.10097552835941315,,,,,,
2,,,3899,3.0,0.9778666496276855,0.49440473318099976,0.09089354425668716,0.4889333248138428,0.5,0.09089354425668716,,,,,,
2,,,3909,3.0,0.9688666462898254,0.49209359288215637,0.10252245515584946,0.4844333231449127,0.5,0.10252245515584946,,,,,,
2,,,3919,3.0,0.9703333377838135,0.4924716651439667,0.10304831713438034,0.48516666889190674,0.5,0.10304831713438034,,,,,,
2,,,3929,3.0,0.9851999878883362,0.49627241492271423,0.0656476616859436,0.4925999939441681,0.5,0.0656476616859436,,,,,,
2,,,3939,3.0,0.9846000075340271,0.4961201250553131,0.06871946156024933,0.49230000376701355,0.5,0.06871946156024933,,,,,,
2,,,3949,3.0,0.9915333390235901,0.49787434935569763,0.04406055435538292,0.49576666951179504,0.5,0.04406055435538292,,,,,,
2,,,3959,3.0,0.9735333323478699,0.4932945966720581,0.11762039363384247,0.48676666617393494,0.5,0.11762039363384247,,,,,,
2,,,3969,3.0,0.975933313369751,0.4939100444316864,0.10522513836622238,0.4879666566848755,0.5,0.10522513836622238,,,,,,
2,,,3979,3.0,0.9390666484832764,0.48428797721862793,0.27268457412719727,0.4695333242416382,0.5,0.27268457412719727,,,,,,
2,,,3989,3.0,0.9727333188056946,0.49308910965919495,0.101430743932724,0.4863666594028473,0.5,0.101430743932724,,,,,,
2,,,3999,3.0,0.9769333600997925,0.4941660463809967,0.10394727438688278,0.48846668004989624,0.5,0.10394727438688278,,,,,,
2,,,4009,3.0,0.9879999756813049,0.4969818890094757,0.052597153931856155,0.49399998784065247,0.5,0.052597153931856155,,,,,,
2,,,4019,3.0,0.975266695022583,0.4937392473220825,0.11252517998218536,0.4876333475112915,0.5,0.11252517998218536,,,,,,
2,,,4029,3.0,0.9724666476249695,0.49302059412002563,0.10489225387573242,0.48623332381248474,0.5,0.10489225387573242,,,,,,
2,,,4039,3.0,0.9895333051681519,0.49736955761909485,0.05240810289978981,0.4947666525840759,0.5,0.05240810289978981,,,,,,
2,,,4049,3.0,0.9725333452224731,0.49303773045539856,0.0935218408703804,0.4862666726112366,0.5,0.0935218408703804,,,,,,
2,,,4059,3.0,0.9952666759490967,0.4988138675689697,0.03303984925150871,0.49763333797454834,0.5,0.03303984925150871,,,,,,
2,,,4069,3.0,0.9778666496276855,0.49440473318099976,0.08488187193870544,0.4889333248138428,0.5,0.08488187193870544,,,,,,
2,,,4079,3.0,0.9916666746139526,0.49790793657302856,0.03924281522631645,0.4958333373069763,0.5,0.03924281522631645,,,,,,
2,,,4089,3.0,0.9739333391189575,0.4933972656726837,0.09492437541484833,0.48696666955947876,0.5,0.09492437541484833,,,,,,
2,,,4099,3.0,0.9690666794776917,0.4921451807022095,0.1412603259086609,0.4845333397388458,0.5,0.1412603259086609,,,,,,
2,,,4109,3.0,0.9688666462898254,0.49209359288215637,0.09435227513313293,0.4844333231449127,0.5,0.09435227513313293,,,,,,
2,,,4119,3.0,0.9350000023841858,0.4832041263580322,0.24769799411296844,0.4675000011920929,0.5,0.24769799411296844,,,,,,
2,,,4129,3.0,0.9825999736785889,0.4956118166446686,0.07172326743602753,0.49129998683929443,0.5,0.07172326743602753,,,,,,
2,,,4139,3.0,0.9821333289146423,0.495493084192276,0.07390739768743515,0.49106666445732117,0.5,0.07390739768743515,,,,,,
2,,,4149,3.0,0.9679333567619324,0.49185270071029663,0.12492643296718597,0.4839666783809662,0.5,0.12492643296718597,,,,,,
2,,,4159,3.0,0.979200005531311,0.4947453439235687,0.08168508857488632,0.4896000027656555,0.5,0.08168508857488632,,,,,,
2,,,4169,3.0,0.9860666394233704,0.4964922368526459,0.06409724801778793,0.4930333197116852,0.5,0.06409724801778793,,,,,,
2,,,4179,3.0,0.9793333411216736,0.4947793781757355,0.08046259731054306,0.4896666705608368,0.5,0.08046259731054306,,,,,,
2,,,4189,3.0,0.958733320236206,0.48946598172187805,0.13158924877643585,0.479366660118103,0.5,0.13158924877643585,,,,,,
2,,,4199,3.0,0.9601333141326904,0.4898306131362915,0.14699897170066833,0.4800666570663452,0.5,0.14699897170066833,,,,,,
2,,,4209,3.0,0.9868666529655457,0.496694952249527,0.05144232511520386,0.4934333264827728,0.5,0.05144232511520386,,,,,,
2,,,4219,3.0,0.9799333214759827,0.49493250250816345,0.07896598428487778,0.48996666073799133,0.5,0.07896598428487778,,,,,,
2,,,4229,3.0,0.97079998254776,0.49259182810783386,0.10755366086959839,0.48539999127388,0.5,0.10755366086959839,,,,,,
2,,,4239,3.0,0.9910666942596436,0.4977566599845886,0.05148816481232643,0.4955333471298218,0.5,0.05148816481232643,,,,,,
2,,,4249,3.0,0.9926666617393494,0.49815991520881653,0.034432943910360336,0.4963333308696747,0.5,0.034432943910360336,,,,,,
2,,,4259,3.0,0.9920666813850403,0.49800875782966614,0.05351686850190163,0.49603334069252014,0.5,0.05351686850190163,,,,,,
2,,,4269,3.0,0.9952666759490967,0.4988138675689697,0.026799924671649933,0.49763333797454834,0.5,0.026799924671649933,,,,,,
2,,,4279,3.0,0.98580002784729,0.4964246153831482,0.06113268807530403,0.492900013923645,0.5,0.06113268807530403,,,,,,
2,,,4289,3.0,0.9661999940872192,0.4914047420024872,0.12590985000133514,0.4830999970436096,0.5,0.12590985000133514,,,,,,
2,,,4299,3.0,0.9841333627700806,0.49600160121917725,0.07405770570039749,0.4920666813850403,0.5,0.07405770570039749,,,,,,
2,,,4309,3.0,0.9778666496276855,0.49440473318099976,0.09137039631605148,0.4889333248138428,0.5,0.09137039631605148,,,,,,
2,,,4319,3.0,0.98253333568573,0.49559485912323,0.07202556729316711,0.491266667842865,0.5,0.07202556729316711,,,,,,
2,,,4329,3.0,0.9863333106040955,0.49655982851982117,0.059606391936540604,0.49316665530204773,0.5,0.059606391936540604,,,,,,
2,,,4339,3.0,0.9824000000953674,0.4955609440803528,0.069804847240448,0.4912000000476837,0.5,0.069804847240448,,,,,,
2,,,4349,3.0,0.9592000246047974,0.48958757519721985,0.1299569308757782,0.4796000123023987,0.5,0.1299569308757782,,,,,,
2,,,4359,3.0,0.9662666916847229,0.49142199754714966,0.11382409185171127,0.48313334584236145,0.5,0.11382409185171127,,,,,,
2,,,4369,3.0,0.968666672706604,0.49204200506210327,0.12967240810394287,0.484333336353302,0.5,0.12967240810394287,,,,,,
2,,,4379,3.0,0.9822666645050049,0.4955269992351532,0.07782415300607681,0.49113333225250244,0.5,0.07782415300607681,,,,,,
2,,,4389,3.0,0.9785333275794983,0.4945751130580902,0.08436030894517899,0.48926666378974915,0.5,0.08436030894517899,,,,,,
2,,,4399,3.0,0.973466694355011,0.49327749013900757,0.0839628279209137,0.4867333471775055,0.5,0.0839628279209137,,,,,,
2,,,4409,3.0,0.9709333181381226,0.4926261603832245,0.09702184796333313,0.4854666590690613,0.5,0.09702184796333313,,,,,,
2,,,4419,3.0,0.9743333458900452,0.49349990487098694,0.10888388752937317,0.4871666729450226,0.5,0.10888388752937317,,,,,,
2,,,4429,3.0,0.9670666456222534,0.49162882566452026,0.1239963099360466,0.4835333228111267,0.5,0.1239963099360466,,,,,,
2,,,4439,3.0,0.9756666421890259,0.4938417375087738,0.09607230126857758,0.48783332109451294,0.5,0.09607230126857758,,,,,,
2,,,4449,3.0,0.9889333248138428,0.49721795320510864,0.046742938458919525,0.4944666624069214,0.5,0.046742938458919525,,,,,,
2,,,4459,3.0,0.9882000088691711,0.49703249335289,0.05647548660635948,0.49410000443458557,0.5,0.05647548660635948,,,,,,
2,,,4469,3.0,0.9849333167076111,0.4962047338485718,0.06835658103227615,0.49246665835380554,0.5,0.06835658103227615,,,,,,
2,,,4479,3.0,0.9937999844551086,0.49844518303871155,0.030429251492023468,0.4968999922275543,0.5,0.030429251492023468,,,,,,
2,,,4489,3.0,0.9870666861534119,0.49674561619758606,0.06970665603876114,0.49353334307670593,0.5,0.06970665603876114,,,,,,
2,,,4499,3.0,0.9771333336830139,0.4942172169685364,0.0821550115942955,0.48856666684150696,0.5,0.0821550115942955,,,,,,
2,,,4509,3.0,0.9717333316802979,0.4928320348262787,0.11130793392658234,0.4858666658401489,0.5,0.11130793392658234,,,,,,
2,,,4519,3.0,0.9802666902542114,0.49501749873161316,0.07695430517196655,0.4901333451271057,0.5,0.07695430517196655,,,,,,
2,,,4529,3.0,0.9692666530609131,0.4921967685222626,0.10254186391830444,0.48463332653045654,0.5,0.10254186391830444,,,,,,
2,,,4539,3.0,0.9666666388511658,0.49152541160583496,0.12585772573947906,0.4833333194255829,0.5,0.12585772573947906,,,,,,
2,,,4549,3.0,0.9721333384513855,0.4929348826408386,0.11154039204120636,0.48606666922569275,0.5,0.11154039204120636,,,,,,
2,,,4559,3.0,0.9937333464622498,0.4984284043312073,0.032188866287469864,0.4968666732311249,0.5,0.032188866287469864,,,,,,
2,,,4569,3.0,0.9815999865531921,0.4953572750091553,0.07512736320495605,0.49079999327659607,0.5,0.07512736320495605,,,,,,
2,,,4579,3.0,0.9818000197410583,0.49540820717811584,0.07517354190349579,0.4909000098705292,0.5,0.07517354190349579,,,,,,
2,,,4589,3.0,0.9784666895866394,0.49455806612968445,0.09744986891746521,0.4892333447933197,0.5,0.09744986891746521,,,,,,
2,,,4599,3.0,0.9955999851226807,0.49889758229255676,0.03101496212184429,0.49779999256134033,0.5,0.03101496212184429,,,,,,
2,,,4609,3.0,0.973800003528595,0.49336305260658264,0.10587862879037857,0.4869000017642975,0.5,0.10587862879037857,,,,,,
2,,,4619,3.0,0.9801999926567078,0.4950005114078522,0.07969216257333755,0.4900999963283539,0.5,0.07969216257333755,,,,,,
2,,,4629,3.0,0.9825999736785889,0.4956118166446686,0.07341357320547104,0.49129998683929443,0.5,0.07341357320547104,,,,,,
2,,,4639,3.0,0.970466673374176,0.4925059974193573,0.11801590025424957,0.485233336687088,0.5,0.11801590025424957,,,,,,
2,,,4649,3.0,0.9732000231742859,0.49320900440216064,0.1023588553071022,0.48660001158714294,0.5,0.1023588553071022,,,,,,
2,,,4659,3.0,0.9906666874885559,0.4976557195186615,0.044435661286115646,0.49533334374427795,0.5,0.044435661286115646,,,,,,
2,,,4669,3.0,0.9850000143051147,0.496221661567688,0.0655364990234375,0.4925000071525574,0.5,0.0655364990234375,,,,,,
2,,,4679,3.0,0.9757999777793884,0.4938758909702301,0.07751570641994476,0.4878999888896942,0.5,0.07751570641994476,,,,,,
2,,,4689,3.0,0.982200026512146,0.4955100417137146,0.07353013008832932,0.491100013256073,0.5,0.07353013008832932,,,,,,
2,,,4699,3.0,0.9808666706085205,0.4951704740524292,0.08863165974617004,0.49043333530426025,0.5,0.08863165974617004,,,,,,
2,,,4709,3.0,0.9882000088691711,0.49703249335289,0.05692223832011223,0.49410000443458557,0.5,0.05692223832011223,,,,,,
2,,,4719,3.0,0.9694666862487793,0.4922483265399933,0.11964952945709229,0.48473334312438965,0.5,0.11964952945709229,,,,,,
2,,,4729,3.0,0.9719333052635193,0.49288347363471985,0.09613154083490372,0.48596665263175964,0.5,0.09613154083490372,,,,,,
2,,,4739,3.0,0.9857333302497864,0.49640771746635437,0.06240464001893997,0.4928666651248932,0.5,0.06240464001893997,,,,,,
2,,,4749,3.0,0.9800666570663452,0.4949665069580078,0.08065798133611679,0.4900333285331726,0.5,0.08065798133611679,,,,,,
2,,,4759,3.0,0.9779999852180481,0.4944388270378113,0.07594316452741623,0.48899999260902405,0.5,0.07594316452741623,,,,,,
2,,,4769,3.0,0.9860000014305115,0.49647533893585205,0.05806468799710274,0.49300000071525574,0.5,0.05806468799710274,,,,,,
2,,,4779,3.0,0.9805333614349365,0.4950855076313019,0.08282382786273956,0.49026668071746826,0.5,0.08282382786273956,,,,,,
2,,,4789,3.0,0.9941333532333374,0.49852901697158813,0.0313398651778698,0.4970666766166687,0.5,0.0313398651778698,,,,,,
2,,,4799,3.0,0.9657333493232727,0.49128401279449463,0.12315572053194046,0.48286667466163635,0.5,0.12315572053194046,,,,,,
2,,,4809,3.0,0.9787999987602234,0.4946432113647461,0.08213578164577484,0.4893999993801117,0.5,0.08213578164577484,,,,,,
2,,,4819,3.0,0.9947999715805054,0.49869662523269653,0.030812447890639305,0.4973999857902527,0.5,0.030812447890639305,,,,,,
2,,,4829,3.0,0.9771999716758728,0.49423426389694214,0.10018156468868256,0.4885999858379364,0.5,0.10018156468868256,,,,,,
2,,,4839,3.0,0.9684000015258789,0.4919731616973877,0.11505177617073059,0.48420000076293945,0.5,0.11505177617073059,,,,,,
2,,,4849,3.0,0.9782666563987732,0.49450698494911194,0.07657761871814728,0.4891333281993866,0.5,0.07657761871814728,,,,,,
2,,,4859,3.0,0.974133312702179,0.4934486150741577,0.10617365688085556,0.4870666563510895,0.5,0.10617365688085556,,,,,,
2,,,4869,3.0,0.9733999967575073,0.49326035380363464,0.0850142389535904,0.48669999837875366,0.5,0.0850142389535904,,,,,,
2,,,4879,3.0,0.9797333478927612,0.49488145112991333,0.07494350522756577,0.4898666739463806,0.5,0.07494350522756577,,,,,,
2,,,4889,3.0,0.9703333377838135,0.4924716651439667,0.09790609031915665,0.48516666889190674,0.5,0.09790609031915665,,,,,,
2,,,4899,3.0,0.9920666813850403,0.49800875782966614,0.04325665533542633,0.49603334069252014,0.5,0.04325665533542633,,,,,,
2,,,4909,3.0,0.984000027179718,0.4959677457809448,0.06646308302879333,0.492000013589859,0.5,0.06646308302879333,,,,,,
2,,,4919,3.0,0.9761333465576172,0.49396127462387085,0.07891988754272461,0.4880666732788086,0.5,0.07891988754272461,,,,,,
2,,,4929,3.0,0.9801333546638489,0.4949834942817688,0.08915717899799347,0.49006667733192444,0.5,0.08915717899799347,,,,,,
2,,,4939,3.0,0.992733359336853,0.4981766939163208,0.031075013801455498,0.4963666796684265,0.5,0.031075013801455498,,,,,,
2,,,4949,3.0,0.9739999771118164,0.49341437220573425,0.0991324931383133,0.4869999885559082,0.5,0.0991324931383133,,,,,,
,0.0009996482889570917,0.0009996482889570917,4953,,,,,,,,,,,,,
3,,,4959,3.0,0.9735333323478699,0.4932945966720581,0.10168030858039856,0.48676666617393494,0.5,0.10168030858039856,,,,,,
3,,,4969,3.0,0.9779333472251892,0.4944217801094055,0.11988697946071625,0.4889666736125946,0.5,0.11988697946071625,,,,,,
3,,,4979,3.0,0.9681333303451538,0.4919043481349945,0.1265123337507248,0.4840666651725769,0.5,0.1265123337507248,,,,,,
3,,,4989,3.0,0.984000027179718,0.4959677457809448,0.06646750867366791,0.492000013589859,0.5,0.06646750867366791,,,,,,
3,,,4999,3.0,0.9816666841506958,0.49537426233291626,0.0700913667678833,0.4908333420753479,0.5,0.0700913667678833,,,,,,
3,,,5009,3.0,0.9666000008583069,0.4915081858634949,0.1221163272857666,0.48330000042915344,0.5,0.1221163272857666,,,,,,
3,,,5019,3.0,0.9804666638374329,0.4950684905052185,0.07893488556146622,0.49023333191871643,0.5,0.07893488556146622,,,,,,
3,,,5029,3.0,0.9611999988555908,0.49010810256004333,0.14379878342151642,0.4805999994277954,0.5,0.14379878342151642,,,,,,
3,,,5039,3.0,0.9900000095367432,0.4974874258041382,0.050713926553726196,0.4950000047683716,0.5,0.050713926553726196,,,,,,
3,,,5049,3.0,0.9509333372116089,0.4874248206615448,0.17542997002601624,0.47546666860580444,0.5,0.17542997002601624,,,,,,
3,,,5059,3.0,0.977400004863739,0.4942854344844818,0.09665972739458084,0.4887000024318695,0.5,0.09665972739458084,,,,,,
3,,,5069,3.0,0.975266695022583,0.4937392473220825,0.09125123172998428,0.4876333475112915,0.5,0.09125123172998428,,,,,,
3,,,5079,3.0,0.9885333180427551,0.4971168041229248,0.05545239895582199,0.49426665902137756,0.5,0.05545239895582199,,,,,,
3,,,5089,3.0,0.9642666578292847,0.49090415239334106,0.1063191369175911,0.48213332891464233,0.5,0.1063191369175911,,,,,,
3,,,5099,3.0,0.984333336353302,0.49605241417884827,0.06767108291387558,0.492166668176651,0.5,0.06767108291387558,,,,,,
3,,,5109,3.0,0.9922666549682617,0.49805915355682373,0.057691045105457306,0.49613332748413086,0.5,0.057691045105457306,,,,,,
3,,,5119,3.0,0.9802666902542114,0.49501749873161316,0.10624688118696213,0.4901333451271057,0.5,0.10624688118696213,,,,,,
3,,,5129,3.0,0.9837999939918518,0.4959169328212738,0.08022814989089966,0.4918999969959259,0.5,0.08022814989089966,,,,,,
3,,,5139,3.0,0.9674000144004822,0.4917149543762207,0.1631052941083908,0.4837000072002411,0.5,0.1631052941083908,,,,,,
3,,,5149,3.0,0.9769999980926514,0.49418309330940247,0.10955996811389923,0.4884999990463257,0.5,0.10955996811389923,,,,,,
3,,,5159,3.0,0.980400025844574,0.4950515031814575,0.09713082015514374,0.490200012922287,0.5,0.09713082015514374,,,,,,
3,,,5169,3.0,0.9632666707038879,0.4906448423862457,0.15595442056655884,0.48163333535194397,0.5,0.15595442056655884,,,,,,
3,,,5179,3.0,0.9809333086013794,0.4951874613761902,0.10925552248954773,0.4904666543006897,0.5,0.10925552248954773,,,,,,
3,,,5189,3.0,0.9691333174705505,0.4921623766422272,0.13782750070095062,0.48456665873527527,0.5,0.13782750070095062,,,,,,
3,,,5199,3.0,0.9784666895866394,0.49455806612968445,0.10545741021633148,0.4892333447933197,0.5,0.10545741021633148,,,,,,
3,,,5209,3.0,0.9908666610717773,0.49770620465278625,0.05174657329916954,0.49543333053588867,0.5,0.05174657329916954,,,,,,
3,,,5219,3.0,0.9724666476249695,0.49302059412002563,0.13769873976707458,0.48623332381248474,0.5,0.13769873976707458,,,,,,
3,,,5229,3.0,0.9628000259399414,0.4905237555503845,0.2011508196592331,0.4814000129699707,0.5,0.2011508196592331,,,,,,
3,,,5239,3.0,0.9934666752815247,0.4983613193035126,0.04352002590894699,0.49673333764076233,0.5,0.04352002590894699,,,,,,
3,,,5249,3.0,0.9797999858856201,0.4948984682559967,0.09275996685028076,0.48989999294281006,0.5,0.09275996685028076,,,,,,
3,,,5259,3.0,0.9810666441917419,0.49522143602371216,0.10576772689819336,0.49053332209587097,0.5,0.10576772689819336,,,,,,
3,,,5269,3.0,0.9786666631698608,0.49460917711257935,0.10177473723888397,0.4893333315849304,0.5,0.10177473723888397,,,,,,
3,,,5279,3.0,0.9952666759490967,0.4988138675689697,0.036766089498996735,0.49763333797454834,0.5,0.036766089498996735,,,,,,
3,,,5289,3.0,0.9779999852180481,0.4944388270378113,0.10126352310180664,0.48899999260902405,0.5,0.10126352310180664,,,,,,
3,,,5299,3.0,0.9740666747093201,0.4934315085411072,0.12295446544885635,0.48703333735466003,0.5,0.12295446544885635,,,,,,
3,,,5309,3.0,0.9913333058357239,0.49782389402389526,0.05213673785328865,0.49566665291786194,0.5,0.05213673785328865,,,,,,
3,,,5319,3.0,0.978866696357727,0.49466022849082947,0.0961458757519722,0.4894333481788635,0.5,0.0961458757519722,,,,,,
3,,,5329,3.0,0.9834666848182678,0.4958322048187256,0.08797979354858398,0.4917333424091339,0.5,0.08797979354858398,,,,,,
3,,,5339,3.0,0.962933361530304,0.49055835604667664,0.15785980224609375,0.481466680765152,0.5,0.15785980224609375,,,,,,
3,,,5349,3.0,0.9562666416168213,0.48882225155830383,0.1862272471189499,0.47813332080841064,0.5,0.1862272471189499,,,,,,
3,,,5359,3.0,0.977066695690155,0.4942001700401306,0.11826242506504059,0.4885333478450775,0.5,0.11826242506504059,,,,,,
3,,,5369,3.0,0.9936000108718872,0.4983948767185211,0.04641397297382355,0.4968000054359436,0.5,0.04641397297382355,,,,,,
3,,,5379,3.0,0.984000027179718,0.4959677457809448,0.08376976102590561,0.492000013589859,0.5,0.08376976102590561,,,,,,
3,,,5389,3.0,0.9767333269119263,0.49411487579345703,0.10973025113344193,0.48836666345596313,0.5,0.10973025113344193,,,,,,
3,,,5399,3.0,0.9784666895866394,0.49455806612968445,0.10415516048669815,0.4892333447933197,0.5,0.10415516048669815,,,,,,
3,,,5409,3.0,0.9715333580970764,0.49278056621551514,0.1284279078245163,0.4857666790485382,0.5,0.1284279078245163,,,,,,
3,,,5419,3.0,0.9703999757766724,0.492488831281662,0.1281590312719345,0.4851999878883362,0.5,0.1281590312719345,,,,,,
3,,,5429,3.0,0.9921333193778992,0.4980255663394928,0.048923589289188385,0.4960666596889496,0.5,0.048923589289188385,,,,,,
3,,,5439,3.0,0.9941333532333374,0.49852901697158813,0.04358699917793274,0.4970666766166687,0.5,0.04358699917793274,,,,,,
3,,,5449,3.0,0.975266695022583,0.4937392473220825,0.11511249840259552,0.4876333475112915,0.5,0.11511249840259552,,,,,,
3,,,5459,3.0,0.9842000007629395,0.49601855874061584,0.08132028579711914,0.4921000003814697,0.5,0.08132028579711914,,,,,,
3,,,5469,3.0,0.9820666909217834,0.495476096868515,0.08934707939624786,0.4910333454608917,0.5,0.08934707939624786,,,,,,
3,,,5479,3.0,0.9746666550636292,0.49358540773391724,0.11647017300128937,0.4873333275318146,0.5,0.11647017300128937,,,,,,
3,,,5489,3.0,0.987933337688446,0.4969650208950043,0.07012737542390823,0.493966668844223,0.5,0.07012737542390823,,,,,,
3,,,5499,3.0,0.9598000049591064,0.4897438585758209,0.18586181104183197,0.4799000024795532,0.5,0.18586181104183197,,,,,,
3,,,5509,3.0,0.987333357334137,0.4968131482601166,0.06933905929327011,0.4936666786670685,0.5,0.06933905929327011,,,,,,
3,,,5519,3.0,0.9923999905586243,0.49809274077415466,0.05086597427725792,0.49619999527931213,0.5,0.05086597427725792,,,,,,
3,,,5529,3.0,0.9846000075340271,0.4961201250553131,0.08233543485403061,0.49230000376701355,0.5,0.08233543485403061,,,,,,
3,,,5539,3.0,0.9711333513259888,0.4926776587963104,0.12793505191802979,0.4855666756629944,0.5,0.12793505191802979,,,,,,
3,,,5549,3.0,0.9714000225067139,0.4927462637424469,0.12966807186603546,0.48570001125335693,0.5,0.12966807186603546,,,,,,
3,,,5559,3.0,0.9796000123023987,0.49484744668006897,0.10124123841524124,0.48980000615119934,0.5,0.10124123841524124,,,,,,
3,,,5569,3.0,0.9874666929244995,0.49684691429138184,0.06733661144971848,0.49373334646224976,0.5,0.06733661144971848,,,,,,
3,,,5579,3.0,0.9566666483879089,0.4889267385005951,0.18014071881771088,0.47833332419395447,0.5,0.18014071881771088,,,,,,
3,,,5589,3.0,0.9776666760444641,0.49435362219810486,0.1063937395811081,0.48883333802223206,0.5,0.1063937395811081,,,,,,
3,,,5599,3.0,0.9817333221435547,0.49539124965667725,0.09301956743001938,0.49086666107177734,0.5,0.09301956743001938,,,,,,
3,,,5609,3.0,0.9621333479881287,0.4903506338596344,0.16771432757377625,0.48106667399406433,0.5,0.16771432757377625,,,,,,
3,,,5619,3.0,0.9611999988555908,0.49010810256004333,0.170456200838089,0.4805999994277954,0.5,0.170456200838089,,,,,,
3,,,5629,3.0,0.98826664686203,0.49704936146736145,0.06713584065437317,0.494133323431015,0.5,0.06713584065437317,,,,,,
3,,,5639,3.0,0.9848666787147522,0.49618783593177795,0.07733092457056046,0.4924333393573761,0.5,0.07733092457056046,,,,,,
3,,,5649,3.0,0.9824000000953674,0.4955609440803528,0.08574476093053818,0.4912000000476837,0.5,0.08574476093053818,,,,,,
3,,,5659,3.0,0.9776666760444641,0.49435362219810486,0.10631530731916428,0.48883333802223206,0.5,0.10631530731916428,,,,,,
3,,,5669,3.0,0.9623333215713501,0.49040257930755615,0.1625533401966095,0.48116666078567505,0.5,0.1625533401966095,,,,,,
3,,,5679,3.0,0.9568666815757751,0.4889789819717407,0.17891544103622437,0.4784333407878876,0.5,0.17891544103622437,,,,,,
3,,,5689,3.0,0.9882000088691711,0.49703249335289,0.06980056315660477,0.49410000443458557,0.5,0.06980056315660477,,,,,,
3,,,5699,3.0,0.9826666712760925,0.4956287741661072,0.08802992850542068,0.49133333563804626,0.5,0.08802992850542068,,,,,,
3,,,5709,3.0,0.9757999777793884,0.4938758909702301,0.11188849061727524,0.4878999888896942,0.5,0.11188849061727524,,,,,,
3,,,5719,3.0,0.9616000056266785,0.490212082862854,0.17703354358673096,0.48080000281333923,0.5,0.17703354358673096,,,,,,
3,,,5729,3.0,0.9688000082969666,0.49207639694213867,0.13919347524642944,0.4844000041484833,0.5,0.13919347524642944,,,,,,
3,,,5739,3.0,0.9776666760444641,0.49435362219810486,0.11422493308782578,0.48883333802223206,0.5,0.11422493308782578,,,,,,
3,,,5749,3.0,0.9703999757766724,0.492488831281662,0.1330416053533554,0.4851999878883362,0.5,0.1330416053533554,,,,,,
3,,,5759,3.0,0.9695333242416382,0.492265522480011,0.1447003185749054,0.4847666621208191,0.5,0.1447003185749054,,,,,,
3,,,5769,3.0,0.9974666833877563,0.4993658661842346,0.03328077495098114,0.4987333416938782,0.5,0.03328077495098114,,,,,,
3,,,5779,3.0,0.9685999751091003,0.4920247793197632,0.13468866050243378,0.48429998755455017,0.5,0.13468866050243378,,,,,,
3,,,5789,3.0,0.960266649723053,0.48986533284187317,0.1794252097606659,0.4801333248615265,0.5,0.1794252097606659,,,,,,
3,,,5799,3.0,0.9733333587646484,0.4932432472705841,0.12255222350358963,0.4866666793823242,0.5,0.12255222350358963,,,,,,
3,,,5809,3.0,0.9570000171661377,0.48901379108428955,0.18528436124324799,0.47850000858306885,0.5,0.18528436124324799,,,,,,
3,,,5819,3.0,0.9720666408538818,0.4929177463054657,0.1227300837635994,0.4860333204269409,0.5,0.1227300837635994,,,,,,
3,,,5829,3.0,0.9746666550636292,0.49358540773391724,0.11316678673028946,0.4873333275318146,0.5,0.11316678673028946,,,,,,
3,,,5839,3.0,0.963533341884613,0.49071401357650757,0.16113905608654022,0.4817666709423065,0.5,0.16113905608654022,,,,,,
3,,,5849,3.0,0.9849333167076111,0.4962047338485718,0.07884079217910767,0.49246665835380554,0.5,0.07884079217910767,,,,,,
3,,,5859,3.0,0.9749333262443542,0.493653804063797,0.11344468593597412,0.4874666631221771,0.5,0.11344468593597412,,,,,,
3,,,5869,3.0,0.9833333492279053,0.4957983195781708,0.08920587599277496,0.49166667461395264,0.5,0.08920587599277496,,,,,,
3,,,5879,3.0,0.98826664686203,0.49704936146736145,0.0751601979136467,0.494133323431015,0.5,0.0751601979136467,,,,,,
3,,,5889,3.0,0.9756666421890259,0.4938417375087738,0.11904289573431015,0.48783332109451294,0.5,0.11904289573431015,,,,,,
3,,,5899,3.0,0.9740666747093201,0.4934315085411072,0.12072939425706863,0.48703333735466003,0.5,0.12072939425706863,,,,,,
3,,,5909,3.0,0.9869333505630493,0.4967118501663208,0.06872957199811935,0.49346667528152466,0.5,0.06872957199811935,,,,,,
3,,,5919,3.0,0.958733320236206,0.48946598172187805,0.17887422442436218,0.479366660118103,0.5,0.17887422442436218,,,,,,
3,,,5929,3.0,0.9928666949272156,0.49821028113365173,0.052284419536590576,0.4964333474636078,0.5,0.052284419536590576,,,,,,
3,,,5939,3.0,0.9628666639328003,0.4905410408973694,0.1667635291814804,0.48143333196640015,0.5,0.1667635291814804,,,,,,
3,,,5949,3.0,0.9723333120346069,0.4929863214492798,0.1194460541009903,0.48616665601730347,0.5,0.1194460541009903,,,,,,
3,,,5959,3.0,0.9711333513259888,0.4926776587963104,0.11218713968992233,0.4855666756629944,0.5,0.11218713968992233,,,,,,
3,,,5969,3.0,0.9762666821479797,0.49399539828300476,0.11271361261606216,0.48813334107398987,0.5,0.11271361261606216,,,,,,
3,,,5979,3.0,0.9721333384513855,0.4929348826408386,0.12794463336467743,0.48606666922569275,0.5,0.12794463336467743,,,,,,
3,,,5989,3.0,0.9706000089645386,0.4925403296947479,0.13445676863193512,0.4853000044822693,0.5,0.13445676863193512,,,,,,
3,,,5999,3.0,0.9838666915893555,0.49593386054039,0.0832955613732338,0.49193334579467773,0.5,0.0832955613732338,,,,,,
3,,,6009,3.0,0.9640666842460632,0.49085232615470886,0.16697487235069275,0.4820333421230316,0.5,0.16697487235069275,,,,,,
3,,,6019,3.0,0.9707333445549011,0.49257466197013855,0.12884050607681274,0.48536667227745056,0.5,0.12884050607681274,,,,,,
3,,,6029,3.0,0.9624666571617126,0.49043720960617065,0.1545272171497345,0.4812333285808563,0.5,0.1545272171497345,,,,,,
3,,,6039,3.0,0.95333331823349,0.4880546033382416,0.18162508308887482,0.476666659116745,0.5,0.18162508308887482,,,,,,
3,,,6049,3.0,0.9666000008583069,0.4915081858634949,0.1510157436132431,0.48330000042915344,0.5,0.1510157436132431,,,,,,
3,,,6059,3.0,0.9913333058357239,0.49782389402389526,0.05944071337580681,0.49566665291786194,0.5,0.05944071337580681,,,,,,
3,,,6069,3.0,0.9564666748046875,0.48887449502944946,0.18941235542297363,0.47823333740234375,0.5,0.18941235542297363,,,,,,
3,,,6079,3.0,0.9805999994277954,0.49510249495506287,0.09747061133384705,0.4902999997138977,0.5,0.09747061133384705,,,,,,
3,,,6089,3.0,0.9840666651725769,0.49598467350006104,0.08323777467012405,0.49203333258628845,0.5,0.08323777467012405,,,,,,
3,,,6099,3.0,0.9840666651725769,0.49598467350006104,0.08278219401836395,0.49203333258628845,0.5,0.08278219401836395,,,,,,
3,,,6109,3.0,0.9762666821479797,0.49399539828300476,0.11038921773433685,0.48813334107398987,0.5,0.11038921773433685,,,,,,
3,,,6119,3.0,0.9761999845504761,0.493978351354599,0.11403117328882217,0.48809999227523804,0.5,0.11403117328882217,,,,,,
3,,,6129,3.0,0.9840666651725769,0.49598467350006104,0.08067869395017624,0.49203333258628845,0.5,0.08067869395017624,,,,,,
3,,,6139,3.0,0.9746666550636292,0.49358540773391724,0.11577031016349792,0.4873333275318146,0.5,0.11577031016349792,,,,,,
3,,,6149,3.0,0.9866666793823242,0.4966442883014679,0.07235345244407654,0.4933333396911621,0.5,0.07235345244407654,,,,,,
3,,,6159,3.0,0.9911333322525024,0.4977734684944153,0.05629575997591019,0.4955666661262512,0.5,0.05629575997591019,,,,,,
3,,,6169,3.0,0.9243333339691162,0.48033949732780457,0.30956199765205383,0.4621666669845581,0.5,0.30956199765205383,,,,,,
3,,,6179,3.0,0.9480666518211365,0.4866705536842346,0.21299384534358978,0.47403332591056824,0.5,0.21299384534358978,,,,,,
3,,,6189,3.0,0.9932000041007996,0.4982942044734955,0.05611385032534599,0.4966000020503998,0.5,0.05611385032534599,,,,,,
3,,,6199,3.0,0.9750666618347168,0.4936879873275757,0.11422362923622131,0.4875333309173584,0.5,0.11422362923622131,,,,,,
3,,,6209,3.0,0.9804666638374329,0.4950684905052185,0.10289756208658218,0.49023333191871643,0.5,0.10289756208658218,,,,,,
3,,,6219,3.0,0.9850000143051147,0.496221661567688,0.07952649146318436,0.4925000071525574,0.5,0.07952649146318436,,,,,,
3,,,6229,3.0,0.9659333229064941,0.49133574962615967,0.14720910787582397,0.48296666145324707,0.5,0.14720910787582397,,,,,,
3,,,6239,3.0,0.990933358669281,0.4977230131626129,0.05836381018161774,0.4954666793346405,0.5,0.05836381018161774,,,,,,
3,,,6249,3.0,0.9715999960899353,0.49279773235321045,0.12701870501041412,0.48579999804496765,0.5,0.12701870501041412,,,,,,
3,,,6259,3.0,0.975600004196167,0.49382466077804565,0.10738938301801682,0.4878000020980835,0.5,0.10738938301801682,,,,,,
3,,,6269,3.0,0.9950666427612305,0.4987636208534241,0.04270729050040245,0.49753332138061523,0.5,0.04270729050040245,,,,,,
3,,,6279,3.0,0.9800666570663452,0.4949665069580078,0.09789462387561798,0.4900333285331726,0.5,0.09789462387561798,,,,,,
3,,,6289,3.0,0.9680666923522949,0.4918871223926544,0.14785347878932953,0.48403334617614746,0.5,0.14785347878932953,,,,,,
3,,,6299,3.0,0.9872666597366333,0.49679628014564514,0.07182662189006805,0.49363332986831665,0.5,0.07182662189006805,,,,,,
3,,,6309,3.0,0.9578666687011719,0.48923999071121216,0.17959722876548767,0.47893333435058594,0.5,0.17959722876548767,,,,,,
3,,,6319,3.0,0.972000002861023,0.4929006099700928,0.11594763398170471,0.4860000014305115,0.5,0.11594763398170471,,,,,,
3,,,6329,3.0,0.9520000219345093,0.48770493268966675,0.20800183713436127,0.47600001096725464,0.5,0.20800183713436127,,,,,,
3,,,6339,3.0,0.9793333411216736,0.4947793781757355,0.09761282056570053,0.4896666705608368,0.5,0.09761282056570053,,,,,,
3,,,6349,3.0,0.9498000144958496,0.487126886844635,0.22206775844097137,0.4749000072479248,0.5,0.22206775844097137,,,,,,
3,,,6359,3.0,0.9950666427612305,0.4987636208534241,0.038881685584783554,0.49753332138061523,0.5,0.038881685584783554,,,,,,
3,,,6369,3.0,0.971666693687439,0.4928148686885834,0.12398708611726761,0.4858333468437195,0.5,0.12398708611726761,,,,,,
3,,,6379,3.0,0.9919999837875366,0.49799197912216187,0.0666889026761055,0.4959999918937683,0.5,0.0666889026761055,,,,,,
3,,,6389,3.0,0.9720666408538818,0.4929177463054657,0.12759384512901306,0.4860333204269409,0.5,0.12759384512901306,,,,,,
3,,,6399,3.0,0.9754666686058044,0.49379050731658936,0.11746040731668472,0.4877333343029022,0.5,0.11746040731668472,,,,,,
3,,,6409,3.0,0.9522666931152344,0.48777490854263306,0.20566412806510925,0.4761333465576172,0.5,0.20566412806510925,,,,,,
3,,,6419,3.0,0.962933361530304,0.49055835604667664,0.16048723459243774,0.481466680765152,0.5,0.16048723459243774,,,,,,
3,,,6429,3.0,0.9951333403587341,0.49878036975860596,0.04259584844112396,0.49756667017936707,0.5,0.04259584844112396,,,,,,
3,,,6439,3.0,0.9603999853134155,0.48990002274513245,0.166122704744339,0.48019999265670776,0.5,0.166122704744339,,,,,,
3,,,6449,3.0,0.9706000089645386,0.4925403296947479,0.12913461029529572,0.4853000044822693,0.5,0.12913461029529572,,,,,,
3,,,6459,3.0,0.9801333546638489,0.4949834942817688,0.09865844994783401,0.49006667733192444,0.5,0.09865844994783401,,,,,,
3,,,6469,3.0,0.9492666721343994,0.48698654770851135,0.2118796706199646,0.4746333360671997,0.5,0.2118796706199646,,,,,,
3,,,6479,3.0,0.9881333112716675,0.4970156252384186,0.06542027741670609,0.49406665563583374,0.5,0.06542027741670609,,,,,,
3,,,6489,3.0,0.9918000102043152,0.4979415535926819,0.05634324625134468,0.4959000051021576,0.5,0.05634324625134468,,,,,,
3,,,6499,3.0,0.982200026512146,0.4955100417137146,0.08976614475250244,0.491100013256073,0.5,0.08976614475250244,,,,,,
3,,,6509,3.0,0.9786666631698608,0.49460917711257935,0.10470493882894516,0.4893333315849304,0.5,0.10470493882894516,,,,,,
3,,,6519,3.0,0.9698666930198669,0.4923514425754547,0.1311686635017395,0.48493334650993347,0.5,0.1311686635017395,,,,,,
3,,,6529,3.0,0.9394000172615051,0.48437660932540894,0.23229773342609406,0.46970000863075256,0.5,0.23229773342609406,,,,,,
3,,,6539,3.0,0.9622666835784912,0.4903852641582489,0.16005052626132965,0.4811333417892456,0.5,0.16005052626132965,,,,,,
3,,,6549,3.0,0.9959999918937683,0.4989979863166809,0.03778287395834923,0.49799999594688416,0.5,0.03778287395834923,,,,,,
3,,,6559,3.0,0.9640666842460632,0.49085232615470886,0.16431306302547455,0.4820333421230316,0.5,0.16431306302547455,,,,,,
3,,,6569,3.0,0.9711999893188477,0.49269479513168335,0.1344897449016571,0.48559999465942383,0.5,0.1344897449016571,,,,,,
3,,,6579,3.0,0.9725333452224731,0.49303773045539856,0.12533019483089447,0.4862666726112366,0.5,0.12533019483089447,,,,,,
3,,,6589,3.0,0.9814000129699707,0.4953063428401947,0.09401322156190872,0.49070000648498535,0.5,0.09401322156190872,,,,,,
3,,,6599,3.0,0.9922000169754028,0.49804237484931946,0.052649594843387604,0.4961000084877014,0.5,0.052649594843387604,,,,,,
,0.0009993747935199788,0.0009993747935199788,6604,,,,,,,,,,,,,
4,,,6609,3.0,0.9679999947547913,0.4918699264526367,0.14364905655384064,0.48399999737739563,0.5,0.14364905655384064,,,,,,
4,,,6619,3.0,0.9643999934196472,0.4909387230873108,0.15355196595191956,0.4821999967098236,0.5,0.15355196595191956,,,,,,
4,,,6629,3.0,0.9922666549682617,0.49805915355682373,0.05098528414964676,0.49613332748413086,0.5,0.05098528414964676,,,,,,
4,,,6639,3.0,0.9815999865531921,0.4953572750091553,0.09422009438276291,0.49079999327659607,0.5,0.09422009438276291,,,,,,
4,,,6649,3.0,0.9562666416168213,0.48882225155830383,0.19254092872142792,0.47813332080841064,0.5,0.19254092872142792,,,,,,
4,,,6659,3.0,0.9685999751091003,0.4920247793197632,0.14247553050518036,0.48429998755455017,0.5,0.14247553050518036,,,,,,
4,,,6669,3.0,0.977066695690155,0.4942001700401306,0.10367552191019058,0.4885333478450775,0.5,0.10367552191019058,,,,,,
4,,,6679,3.0,0.9868666529655457,0.496694952249527,0.07460447400808334,0.4934333264827728,0.5,0.07460447400808334,,,,,,
4,,,6689,3.0,0.9703999757766724,0.492488831281662,0.13106201589107513,0.4851999878883362,0.5,0.13106201589107513,,,,,,
4,,,6699,3.0,0.9847999811172485,0.49617090821266174,0.07853391021490097,0.49239999055862427,0.5,0.07853391021490097,,,,,,
4,,,6709,3.0,0.9865333437919617,0.49661052227020264,0.0727875605225563,0.49326667189598083,0.5,0.0727875605225563,,,,,,
4,,,6719,3.0,0.9839333295822144,0.4959508180618286,0.08131984621286392,0.4919666647911072,0.5,0.08131984621286392,,,,,,
4,,,6729,3.0,0.9920666813850403,0.49800875782966614,0.050863560289144516,0.49603334069252014,0.5,0.050863560289144516,,,,,,
4,,,6739,3.0,0.965666651725769,0.49126675724983215,0.15188033878803253,0.4828333258628845,0.5,0.15188033878803253,,,,,,
4,,,6749,3.0,0.9908666610717773,0.49770620465278625,0.055110685527324677,0.49543333053588867,0.5,0.055110685527324677,,,,,,
4,,,6759,3.0,0.9855333566665649,0.4963569939136505,0.0712168738245964,0.49276667833328247,0.5,0.0712168738245964,,,,,,
4,,,6769,3.0,0.992733359336853,0.4981766939163208,0.05293591320514679,0.4963666796684265,0.5,0.05293591320514679,,,,,,
4,,,6779,3.0,0.9927999973297119,0.49819350242614746,0.054067883640527725,0.49639999866485596,0.5,0.054067883640527725,,,,,,
4,,,6789,3.0,0.979200005531311,0.4947453439235687,0.09931935369968414,0.4896000027656555,0.5,0.09931935369968414,,,,,,
4,,,6799,3.0,0.9707333445549011,0.49257466197013855,0.12965309619903564,0.48536667227745056,0.5,0.12965309619903564,,,,,,
4,,,6809,3.0,0.9687333106994629,0.49205920100212097,0.14621853828430176,0.48436665534973145,0.5,0.14621853828430176,,,,,,
4,,,6819,3.0,0.9429333209991455,0.4853143095970154,0.2529529929161072,0.47146666049957275,0.5,0.2529529929161072,,,,,,
4,,,6829,3.0,0.9702666401863098,0.49245449900627136,0.13174034655094147,0.4851333200931549,0.5,0.13174034655094147,,,,,,
4,,,6839,3.0,0.982200026512146,0.4955100417137146,0.08833333104848862,0.491100013256073,0.5,0.08833333104848862,,,,,,
4,,,6849,3.0,0.9739333391189575,0.4933972656726837,0.12277230620384216,0.48696666955947876,0.5,0.12277230620384216,,,,,,
4,,,6859,3.0,0.9711999893188477,0.49269479513168335,0.1333358734846115,0.48559999465942383,0.5,0.1333358734846115,,,,,,
4,,,6869,3.0,0.984000027179718,0.4959677457809448,0.07947167754173279,0.492000013589859,0.5,0.07947167754173279,,,,,,
4,,,6879,3.0,0.9439333081245422,0.48557907342910767,0.23806250095367432,0.4719666540622711,0.5,0.23806250095367432,,,,,,
4,,,6889,3.0,0.9896666407585144,0.49740326404571533,0.06210467964410782,0.4948333203792572,0.5,0.06210467964410782,,,,,,
4,,,6899,3.0,0.9765999913215637,0.4940807521343231,0.11006932705640793,0.48829999566078186,0.5,0.11006932705640793,,,,,,
4,,,6909,3.0,0.990933358669281,0.4977230131626129,0.05355273187160492,0.4954666793346405,0.5,0.05355273187160492,,,,,,
4,,,6919,3.0,0.972266674041748,0.49296918511390686,0.12851083278656006,0.486133337020874,0.5,0.12851083278656006,,,,,,
4,,,6929,3.0,0.9449999928474426,0.4858611822128296,0.2348484843969345,0.4724999964237213,0.5,0.2348484843969345,,,,,,
4,,,6939,3.0,0.9827333092689514,0.4956457316875458,0.08910317718982697,0.4913666546344757,0.5,0.08910317718982697,,,,,,
4,,,6949,3.0,0.9847333431243896,0.49615398049354553,0.07834435999393463,0.4923666715621948,0.5,0.07834435999393463,,,,,,
4,,,6959,3.0,0.9803333282470703,0.49503451585769653,0.10020489245653152,0.49016666412353516,0.5,0.10020489245653152,,,,,,
4,,,6969,3.0,0.978866696357727,0.49466022849082947,0.10249269753694534,0.4894333481788635,0.5,0.10249269753694534,,,,,,
4,,,6979,3.0,0.9805333614349365,0.4950855076313019,0.09461982548236847,0.49026668071746826,0.5,0.09461982548236847,,,,,,
4,,,6989,3.0,0.9903333187103271,0.49757158756256104,0.06355410814285278,0.4951666593551636,0.5,0.06355410814285278,,,,,,
4,,,6999,3.0,0.9692000150680542,0.4921795725822449,0.1381804347038269,0.4846000075340271,0.5,0.1381804347038269,,,,,,
4,,,7009,3.0,0.9829999804496765,0.49571356177330017,0.08879990875720978,0.49149999022483826,0.5,0.08879990875720978,,,,,,
4,,,7019,3.0,0.9688666462898254,0.49209359288215637,0.1415545642375946,0.4844333231449127,0.5,0.1415545642375946,,,,,,
4,,,7029,3.0,0.9934666752815247,0.4983613193035126,0.049763504415750504,0.49673333764076233,0.5,0.049763504415750504,,,,,,
4,,,7039,3.0,0.9895333051681519,0.49736955761909485,0.06043045222759247,0.4947666525840759,0.5,0.06043045222759247,,,,,,
4,,,7049,3.0,0.9570666551589966,0.48903119564056396,0.18533684313297272,0.4785333275794983,0.5,0.18533684313297272,,,,,,
4,,,7059,3.0,0.9805333614349365,0.4950855076313019,0.09357662498950958,0.49026668071746826,0.5,0.09357662498950958,,,,,,
4,,,7069,3.0,0.9836000204086304,0.4958660900592804,0.08753640204668045,0.4918000102043152,0.5,0.08753640204668045,,,,,,
4,,,7079,3.0,0.9622666835784912,0.4903852641582489,0.15875037014484406,0.4811333417892456,0.5,0.15875037014484406,,,,,,
4,,,7089,3.0,0.9556666612625122,0.4886654019355774,0.18542364239692688,0.4778333306312561,0.5,0.18542364239692688,,,,,,
4,,,7099,3.0,0.9646000266075134,0.4909905195236206,0.15747682750225067,0.4823000133037567,0.5,0.15747682750225067,,,,,,
4,,,7109,3.0,0.9654666781425476,0.4912149906158447,0.14584963023662567,0.4827333390712738,0.5,0.14584963023662567,,,,,,
4,,,7119,3.0,0.9780666828155518,0.49445587396621704,0.10486923903226852,0.4890333414077759,0.5,0.10486923903226852,,,,,,
4,,,7129,3.0,0.9861999750137329,0.4965260326862335,0.07601313292980194,0.49309998750686646,0.5,0.07601313292980194,,,,,,
4,,,7139,3.0,0.986133337020874,0.4965091347694397,0.07608217746019363,0.493066668510437,0.5,0.07608217746019363,,,,,,
4,,,7149,3.0,0.9925333261489868,0.4981263279914856,0.05097627639770508,0.4962666630744934,0.5,0.05097627639770508,,,,,,
4,,,7159,3.0,0.9800000190734863,0.49494948983192444,0.09132768213748932,0.49000000953674316,0.5,0.09132768213748932,,,,,,
4,,,7169,3.0,0.9767333269119263,0.49411487579345703,0.11176928877830505,0.48836666345596313,0.5,0.11176928877830505,,,,,,
4,,,7179,3.0,0.974133312702179,0.4934486150741577,0.11858697980642319,0.4870666563510895,0.5,0.11858697980642319,,,,,,
4,,,7189,3.0,0.9727333188056946,0.49308910965919495,0.12268657237291336,0.4863666594028473,0.5,0.12268657237291336,,,,,,
4,,,7199,3.0,0.9600666761398315,0.48981326818466187,0.17898467183113098,0.48003333806991577,0.5,0.17898467183113098,,,,,,
4,,,7209,3.0,0.9879999756813049,0.4969818890094757,0.07246749103069305,0.49399998784065247,0.5,0.07246749103069305,,,,,,
4,,,7219,3.0,0.979200005531311,0.4947453439235687,0.09645416587591171,0.4896000027656555,0.5,0.09645416587591171,,,,,,
4,,,7229,3.0,0.9916666746139526,0.49790793657302856,0.055625781416893005,0.4958333373069763,0.5,0.055625781416893005,,,,,,
4,,,7239,3.0,0.9584000110626221,0.48937907814979553,0.18662281334400177,0.47920000553131104,0.5,0.18662281334400177,,,,,,
4,,,7249,3.0,0.9534000158309937,0.48807206749916077,0.20392607152462006,0.4767000079154968,0.5,0.20392607152462006,,,,,,
4,,,7259,3.0,0.963866651058197,0.4908004701137543,0.1550162434577942,0.4819333255290985,0.5,0.1550162434577942,,,,,,
4,,,7269,3.0,0.990066647529602,0.49750426411628723,0.06474896520376205,0.495033323764801,0.5,0.06474896520376205,,,,,,
4,,,7279,3.0,0.972599983215332,0.4930548369884491,0.1308555155992508,0.486299991607666,0.5,0.1308555155992508,,,,,,
4,,,7289,3.0,0.9887999892234802,0.49718421697616577,0.06548101454973221,0.4943999946117401,0.5,0.06548101454973221,,,,,,
4,,,7299,3.0,0.9523333311080933,0.48779237270355225,0.20451077818870544,0.47616666555404663,0.5,0.20451077818870544,,,,,,
4,,,7309,3.0,0.9684000015258789,0.4919731616973877,0.14070016145706177,0.48420000076293945,0.5,0.14070016145706177,,,,,,
4,,,7319,3.0,0.9837999939918518,0.4959169328212738,0.08495941758155823,0.4918999969959259,0.5,0.08495941758155823,,,,,,
4,,,7329,3.0,0.9943333268165588,0.4985792934894562,0.04681030660867691,0.4971666634082794,0.5,0.04681030660867691,,,,,,
4,,,7339,3.0,0.9726666808128357,0.493071973323822,0.11667696386575699,0.48633334040641785,0.5,0.11667696386575699,,,,,,
4,,,7349,3.0,0.9857333302497864,0.49640771746635437,0.07926621288061142,0.4928666651248932,0.5,0.07926621288061142,,,,,,
4,,,7359,3.0,0.98826664686203,0.49704936146736145,0.06725553423166275,0.494133323431015,0.5,0.06725553423166275,,,,,,
4,,,7369,3.0,0.9785333275794983,0.4945751130580902,0.10333340615034103,0.48926666378974915,0.5,0.10333340615034103,,,,,,
4,,,7379,3.0,0.9503333568572998,0.4872671365737915,0.20762813091278076,0.4751666784286499,0.5,0.20762813091278076,,,,,,
4,,,7389,3.0,0.972266674041748,0.49296918511390686,0.12810200452804565,0.486133337020874,0.5,0.12810200452804565,,,,,,
4,,,7399,3.0,0.9697999954223633,0.492334246635437,0.1348094344139099,0.48489999771118164,0.5,0.1348094344139099,,,,,,
4,,,7409,3.0,0.9786666631698608,0.49460917711257935,0.09643180668354034,0.4893333315849304,0.5,0.09643180668354034,,,,,,
4,,,7419,3.0,0.9892666935920715,0.49730217456817627,0.06701914221048355,0.49463334679603577,0.5,0.06701914221048355,,,,,,
4,,,7429,3.0,0.9833333492279053,0.4957983195781708,0.08932985365390778,0.49166667461395264,0.5,0.08932985365390778,,,,,,
4,,,7439,3.0,0.9805333614349365,0.4950855076313019,0.09862804412841797,0.49026668071746826,0.5,0.09862804412841797,,,,,,
4,,,7449,3.0,0.9578666687011719,0.48923999071121216,0.1763213574886322,0.47893333435058594,0.5,0.1763213574886322,,,,,,
4,,,7459,3.0,0.9877333045005798,0.49691441655158997,0.07356683164834976,0.4938666522502899,0.5,0.07356683164834976,,,,,,
4,,,7469,3.0,0.9869999885559082,0.4967287480831146,0.06589729338884354,0.4934999942779541,0.5,0.06589729338884354,,,,,,
4,,,7479,3.0,0.9694666862487793,0.4922483265399933,0.1401803195476532,0.48473334312438965,0.5,0.1401803195476532,,,,,,
4,,,7489,3.0,0.9780666828155518,0.49445587396621704,0.10303222388029099,0.4890333414077759,0.5,0.10303222388029099,,,,,,
4,,,7499,3.0,0.9919333457946777,0.4979751706123352,0.054538171738386154,0.49596667289733887,0.5,0.054538171738386154,,,,,,
4,,,7509,3.0,0.9544666409492493,0.4883514642715454,0.18015114963054657,0.47723332047462463,0.5,0.18015114963054657,,,,,,
4,,,7519,3.0,0.9674666523933411,0.4917321801185608,0.14262180030345917,0.48373332619667053,0.5,0.14262180030345917,,,,,,
4,,,7529,3.0,0.9781333208084106,0.4944728910923004,0.10478800535202026,0.4890666604042053,0.5,0.10478800535202026,,,,,,
4,,,7539,3.0,0.987333357334137,0.4968131482601166,0.07407059520483017,0.4936666786670685,0.5,0.07407059520483017,,,,,,
4,,,7549,3.0,0.9699333310127258,0.49236860871315,0.1317293643951416,0.4849666655063629,0.5,0.1317293643951416,,,,,,
4,,,7559,3.0,0.9786666631698608,0.49460917711257935,0.10959318280220032,0.4893333315849304,0.5,0.10959318280220032,,,,,,
4,,,7569,3.0,0.9807999730110168,0.4951534867286682,0.08971653878688812,0.4903999865055084,0.5,0.08971653878688812,,,,,,
4,,,7579,3.0,0.9771999716758728,0.49423426389694214,0.10553543269634247,0.4885999858379364,0.5,0.10553543269634247,,,,,,
4,,,7589,3.0,0.9819333553314209,0.49544215202331543,0.09062866121530533,0.49096667766571045,0.5,0.09062866121530533,,,,,,
4,,,7599,3.0,0.9643333554267883,0.4909214377403259,0.14883007109165192,0.48216667771339417,0.5,0.14883007109165192,,,,,,
4,,,7609,3.0,0.9708666801452637,0.4926089942455292,0.129381000995636,0.48543334007263184,0.5,0.129381000995636,,,,,,
4,,,7619,3.0,0.979200005531311,0.4947453439235687,0.09754812717437744,0.4896000027656555,0.5,0.09754812717437744,,,,,,
4,,,7629,3.0,0.9959999918937683,0.4989979863166809,0.0414481945335865,0.49799999594688416,0.5,0.0414481945335865,,,,,,
4,,,7639,3.0,0.9851333498954773,0.496255487203598,0.08101233094930649,0.49256667494773865,0.5,0.08101233094930649,,,,,,
4,,,7649,3.0,0.9697999954223633,0.492334246635437,0.13662736117839813,0.48489999771118164,0.5,0.13662736117839813,,,,,,
4,,,7659,3.0,0.9884666800498962,0.49709993600845337,0.06503128260374069,0.4942333400249481,0.5,0.06503128260374069,,,,,,
4,,,7669,3.0,0.9905999898910522,0.49763891100883484,0.05656898021697998,0.4952999949455261,0.5,0.05656898021697998,,,,,,
4,,,7679,3.0,0.9895333051681519,0.49736955761909485,0.05830101668834686,0.4947666525840759,0.5,0.05830101668834686,,,,,,
4,,,7689,3.0,0.9662666916847229,0.49142199754714966,0.1621667593717575,0.48313334584236145,0.5,0.1621667593717575,,,,,,
4,,,7699,3.0,0.9756666421890259,0.4938417375087738,0.11714481562376022,0.48783332109451294,0.5,0.11714481562376022,,,,,,
4,,,7709,3.0,0.9588000178337097,0.4894833564758301,0.1789150983095169,0.47940000891685486,0.5,0.1789150983095169,,,,,,
4,,,7719,3.0,0.9815333485603333,0.4953403174877167,0.09298934042453766,0.4907666742801666,0.5,0.09298934042453766,,,,,,
4,,,7729,3.0,0.9661333560943604,0.4913874864578247,0.14365707337856293,0.4830666780471802,0.5,0.14365707337856293,,,,,,
4,,,7739,3.0,0.9765333533287048,0.49406367540359497,0.11048019677400589,0.4882666766643524,0.5,0.11048019677400589,,,,,,
4,,,7749,3.0,0.9780666828155518,0.49445587396621704,0.10751985758543015,0.4890333414077759,0.5,0.10751985758543015,,,,,,
4,,,7759,3.0,0.9787333607673645,0.4946261942386627,0.10567303001880646,0.48936668038368225,0.5,0.10567303001880646,,,,,,
4,,,7769,3.0,0.9757999777793884,0.4938758909702301,0.11352260410785675,0.4878999888896942,0.5,0.11352260410785675,,,,,,
4,,,7779,3.0,0.9941999912261963,0.4985457956790924,0.04311016947031021,0.49709999561309814,0.5,0.04311016947031021,,,,,,
4,,,7789,3.0,0.9806666374206543,0.49511948227882385,0.09932954609394073,0.49033331871032715,0.5,0.09932954609394073,,,,,,
4,,,7799,3.0,0.9720666408538818,0.4929177463054657,0.12686380743980408,0.4860333204269409,0.5,0.12686380743980408,,,,,,
4,,,7809,3.0,0.9579333066940308,0.4892573654651642,0.17994356155395508,0.4789666533470154,0.5,0.17994356155395508,,,,,,
4,,,7819,3.0,0.9782666563987732,0.49450698494911194,0.10805215686559677,0.4891333281993866,0.5,0.10805215686559677,,,,,,
4,,,7829,3.0,0.9899333119392395,0.49747058749198914,0.06339145451784134,0.49496665596961975,0.5,0.06339145451784134,,,,,,
4,,,7839,3.0,0.9849333167076111,0.4962047338485718,0.0784698873758316,0.49246665835380554,0.5,0.0784698873758316,,,,,,
4,,,7849,3.0,0.9577999711036682,0.48922258615493774,0.1760307401418686,0.4788999855518341,0.5,0.1760307401418686,,,,,,
4,,,7859,3.0,0.9610000252723694,0.4900560975074768,0.16525375843048096,0.4805000126361847,0.5,0.16525375843048096,,,,,,
4,,,7869,3.0,0.9926000237464905,0.49814313650131226,0.05445219576358795,0.49630001187324524,0.5,0.05445219576358795,,,,,,
4,,,7879,3.0,0.9474666714668274,0.4865123927593231,0.22694356739521027,0.4737333357334137,0.5,0.22694356739521027,,,,,,
4,,,7889,3.0,0.9723333120346069,0.4929863214492798,0.12741661071777344,0.48616665601730347,0.5,0.12741661071777344,,,,,,
4,,,7899,3.0,0.9823333621025085,0.4955439865589142,0.08613337576389313,0.4911666810512543,0.5,0.08613337576389313,,,,,,
4,,,7909,3.0,0.9742000102996826,0.49346572160720825,0.11605898290872574,0.4871000051498413,0.5,0.11605898290872574,,,,,,
4,,,7919,3.0,0.9824666380882263,0.4955779016017914,0.08840150386095047,0.49123331904411316,0.5,0.08840150386095047,,,,,,
4,,,7929,3.0,0.9717333316802979,0.4928320348262787,0.127873957157135,0.4858666658401489,0.5,0.127873957157135,,,,,,
4,,,7939,3.0,0.9837999939918518,0.4959169328212738,0.08644796907901764,0.4918999969959259,0.5,0.08644796907901764,,,,,,
4,,,7949,3.0,0.9800000190734863,0.49494948983192444,0.09820730239152908,0.49000000953674316,0.5,0.09820730239152908,,,,,,
4,,,7959,3.0,0.980733335018158,0.49513646960258484,0.09503789246082306,0.490366667509079,0.5,0.09503789246082306,,,,,,
4,,,7969,3.0,0.979533314704895,0.4948304295539856,0.09556426852941513,0.4897666573524475,0.5,0.09556426852941513,,,,,,
4,,,7979,3.0,0.9678000211715698,0.49181827902793884,0.17306028306484222,0.4839000105857849,0.5,0.17306028306484222,,,,,,
4,,,7989,3.0,0.98826664686203,0.49704936146736145,0.06667093932628632,0.494133323431015,0.5,0.06667093932628632,,,,,,
4,,,7999,3.0,0.9642666578292847,0.49090415239334106,0.15316841006278992,0.48213332891464233,0.5,0.15316841006278992,,,,,,
4,,,8009,3.0,0.9823333621025085,0.4955439865589142,0.08547887206077576,0.4911666810512543,0.5,0.08547887206077576,,,,,,
4,,,8019,3.0,0.9769333600997925,0.4941660463809967,0.09766843169927597,0.48846668004989624,0.5,0.09766843169927597,,,,,,
4,,,8029,3.0,0.9768666625022888,0.49414899945259094,0.11051827669143677,0.4884333312511444,0.5,0.11051827669143677,,,,,,
4,,,8039,3.0,0.9857333302497864,0.49640771746635437,0.07663191854953766,0.4928666651248932,0.5,0.07663191854953766,,,,,,
4,,,8049,3.0,0.9688000082969666,0.49207639694213867,0.13832725584506989,0.4844000041484833,0.5,0.13832725584506989,,,,,,
4,,,8059,3.0,0.987333357334137,0.4968131482601166,0.07453694194555283,0.4936666786670685,0.5,0.07453694194555283,,,,,,
4,,,8069,3.0,0.9679999947547913,0.4918699264526367,0.13394245505332947,0.48399999737739563,0.5,0.13394245505332947,,,,,,
4,,,8079,3.0,0.992733359336853,0.4981766939163208,0.04807867109775543,0.4963666796684265,0.5,0.04807867109775543,,,,,,
4,,,8089,3.0,0.970466673374176,0.4925059974193573,0.13107003271579742,0.485233336687088,0.5,0.13107003271579742,,,,,,
4,,,8099,3.0,0.9693333506584167,0.4922139346599579,0.1439601629972458,0.4846666753292084,0.5,0.1439601629972458,,,,,,
4,,,8109,3.0,0.9802666902542114,0.49501749873161316,0.09683604538440704,0.4901333451271057,0.5,0.09683604538440704,,,,,,
4,,,8119,3.0,0.982200026512146,0.4955100417137146,0.08913557976484299,0.491100013256073,0.5,0.08913557976484299,,,,,,
4,,,8129,3.0,0.9728666543960571,0.4931233823299408,0.12390712648630142,0.48643332719802856,0.5,0.12390712648630142,,,,,,
4,,,8139,3.0,0.9746000170707703,0.4935683310031891,0.10417959094047546,0.48730000853538513,0.5,0.10417959094047546,,,,,,
4,,,8149,3.0,0.9592000246047974,0.48958757519721985,0.1751106083393097,0.4796000123023987,0.5,0.1751106083393097,,,,,,
4,,,8159,3.0,0.9627333283424377,0.49050644040107727,0.16244013607501984,0.48136666417121887,0.5,0.16244013607501984,,,,,,
4,,,8169,3.0,0.9685999751091003,0.4920247793197632,0.13739508390426636,0.48429998755455017,0.5,0.13739508390426636,,,,,,
4,,,8179,3.0,0.9617999792098999,0.49026405811309814,0.16460363566875458,0.48089998960494995,0.5,0.16460363566875458,,,,,,
4,,,8189,3.0,0.9691333174705505,0.4921623766422272,0.13547979295253754,0.48456665873527527,0.5,0.13547979295253754,,,,,,
4,,,8199,3.0,0.9682000279426575,0.4919215440750122,0.14732976257801056,0.48410001397132874,0.5,0.14732976257801056,,,,,,
4,,,8209,3.0,0.9851333498954773,0.496255487203598,0.07774633914232254,0.49256667494773865,0.5,0.07774633914232254,,,,,,
4,,,8219,3.0,0.9720666408538818,0.4929177463054657,0.12404496222734451,0.4860333204269409,0.5,0.12404496222734451,,,,,,
4,,,8229,3.0,0.9809333086013794,0.4951874613761902,0.09414825588464737,0.4904666543006897,0.5,0.09414825588464737,,,,,,
4,,,8239,3.0,0.9794666767120361,0.4948134124279022,0.09454986453056335,0.48973333835601807,0.5,0.09454986453056335,,,,,,
4,,,8249,3.0,0.9796000123023987,0.49484744668006897,0.09932491183280945,0.48980000615119934,0.5,0.09932491183280945,,,,,,
4,,,8254,,,,,,,,0.9791196584701538,0.49470824003219604,0.10229525715112686,0.4895598292350769,0.5,0.10229525715112686
