v -0.271872973427231 -0.332446277772509 0.485378375772193
v -0.271757193485536 -0.332544759599866 0.487783566684964
v -0.270035041475932 -0.330942867091631 0.49397972965284
v -0.265828952522098 -0.33724815460137 0.46639376418767
v -0.26478842057459 -0.324498242578667 0.49776782452031
v -0.262533946284785 -0.321452832252533 0.496732002306736
v -0.261894729143347 -0.340368910836661 0.451938961020365
v -0.260049647390167 -0.341915201737241 0.480411814090362
v -0.25882675017941 -0.316124607009939 0.49193804767305
v -0.258262948505509 -0.314663536373042 0.484932445429118
v -0.258089346678046 -0.314817573047448 0.488600275393931
v -0.257931901881889 -0.343418397354311 0.412623463307251
v -0.254131182425146 -0.346474507997136 0.423511157621359
v -0.253611004381663 -0.33881175201951 0.496528306585411
v -0.249440244336068 -0.350120416457104 0.390334604367811
v -0.247735918093667 -0.323694267903442 0.407048993285751
v -0.247633604824237 -0.323827638946598 0.450481014241271
v -0.245955475313595 -0.329652677339818 0.493167560174114
v -0.244429883635916 -0.326546481397105 0.398185986225885
v -0.24317783728648 -0.354788992858817 0.374106126387626
v -0.241238207658358 -0.329337756754166 0.426184235136077
v -0.239494228677448 -0.357546685617397 0.362109596083918
v -0.239465541977836 -0.357521347902686 0.371914547458214
v -0.239428153293711 -0.330992698971248 0.384677055865495
v -0.239110305387666 -0.357207582865285 0.493332401031603
v -0.235531780455686 -0.360628450983455 0.349106199819306
v -0.234523602780278 -0.361406078197206 0.347143038266448
v -0.233889796823152 -0.361865287056447 0.35207039947773
v -0.231923438202078 -0.363289964892132 0.367357348248122
v -0.230095071546414 -0.349638469804807 0.496411412674069
v -0.226909002980433 -0.366883303298893 0.364443945904773
v -0.226633009481338 -0.342390498449296 0.341449055147862
v -0.225718322533019 -0.343201820901961 0.339627178511855
v -0.22569535449973 -0.343212145706498 0.343251474291675
v -0.225491236012855 -0.343303902952445 0.375460839423117
v -0.224818212777582 -0.343606446634166 0.481662151507704
v -0.221462698000547 -0.370748844694563 0.321992123458639
v -0.217942205504622 -0.34708970029916 0.325298140978588
v -0.217925343819235 -0.34709812662362 0.325280138728493
v -0.216755692189898 -0.374279390386173 0.485275083988461
v -0.215111199252063 -0.375373278169323 0.395199078036245
v -0.214453442182968 -0.375810806604752 0.359170872436938
v -0.214146191006291 -0.375801310719514 0.397326280977852
v -0.214108312887623 -0.376015173345414 0.313698047875606
v -0.213625481385946 -0.376361551566894 0.313819870942803
v -0.213442159500876 -0.376667158495386 0.312898149244384
v -0.211994957106991 -0.377633572445476 0.311285460980378
v -0.210621456537162 -0.36819059282775 0.497516515446397
v -0.210536297357789 -0.350775008871081 0.366950138997277
v -0.210309917640623 -0.350887658259277 0.368226791258749
v -0.20985501967598 -0.351111286469131 0.368011767677871
v -0.207665567466091 -0.378888289103997 0.356986090134559
v -0.206509967401452 -0.382263753610525 0.301384506626352
v -0.206305569330993 -0.379235851547902 0.425714002949918
v -0.205675331730717 -0.384266830418753 0.299198502989132
v -0.204711149590048 -0.386340150143633 0.296994962640862
v -0.202961826651359 -0.380823160468731 0.406300838274826
v -0.202605244035972 -0.380784709017213 0.457634600695793
v -0.20188998476029 -0.355048456241732 0.386158793718299
v -0.199789259811812 -0.356003270508021 0.305961210850496
v -0.199065034550142 -0.361325816689347 0.493544817153485
v -0.199051128858811 -0.397249763482872 0.284635672748248
v -0.199003751022166 -0.397182340012289 0.284604722511839
v -0.196746556779692 -0.383330702508779 0.484083969107647
v -0.193697422173411 -0.358991148094988 0.296092143088805
v -0.190686271214483 -0.362085109792697 0.290367856158566
v -0.190171340642145 -0.386305060586449 0.48369255600431
v -0.190139341231603 -0.380422007153895 0.49622877069925
v -0.190136309636918 -0.379864652089618 0.497416440134382
v -0.18967198620689 -0.361157351934766 0.484612932945359
v -0.189544241610108 -0.380170258160049 0.497353934572846
v -0.189223729974518 -0.379830159851963 0.497334231844366
v -0.187930447756642 -0.361928965515415 0.397850214524522
v -0.187856187639769 -0.36200476570713 0.438689423271552
v -0.187178284521866 -0.362262222221137 0.360377756229933
v -0.186650413155734 -0.376841409746338 0.496386152509146
v -0.185968920901012 -0.362798048113274 0.300127765602619
v -0.185927450522143 -0.362968779021427 0.456245456284632
v -0.185455628400017 -0.403601642647508 0.285269137080412
v -0.185358930682967 -0.365876355609613 0.281120788440256
v -0.18419223362189 -0.363727551731519 0.359373678693099
v -0.183041035172979 -0.368651305567251 0.494065985989457
v -0.181891012042765 -0.389596118637309 0.349066941506816
v -0.181762735936696 -0.364962583174458 0.403010703943928
v -0.1810590308694 -0.366431984865348 0.487660941025856
v -0.180974526833262 -0.405968943758766 0.257094911653207
v -0.180276389490491 -0.365771080414076 0.484646500466744
v -0.180117529372673 -0.365848041172723 0.483559140665375
v -0.178997161643939 -0.370295757638092 0.270811284089361
v -0.178596991068896 -0.407111457464894 0.285701786564638
v -0.178564441557803 -0.406985705350214 0.28565111504603
v -0.174457623111284 -0.40911295786826 0.242571576234413
v -0.172987935674897 -0.394107961469611 0.305312633137566
v -0.17292193128115 -0.39424088167715 0.305191737813779
v -0.17288153164944 -0.394148263321956 0.305327369516955
v -0.172658052536303 -0.393949636150448 0.307059005677531
v -0.17183810567892 -0.393831314327258 0.398121400752826
v -0.171597738508049 -0.393832251916841 0.310321724590151
v -0.171267327919479 -0.389604200747173 0.49542441177878
v -0.171156846764854 -0.373565846499588 0.259099799928779
v -0.171085511472904 -0.394147165995416 0.400721384611377
v -0.170845813472111 -0.370271451651178 0.349154037672862
v -0.16996088767537 -0.374058797778347 0.273233994769362
v -0.168280227660774 -0.372798788315845 0.286987885299709
v -0.1667473890098 -0.395922978363312 0.375953797330907
v -0.165931412399809 -0.372753539466653 0.294564084608982
v -0.165003739464086 -0.373187717083755 0.398493733403655
v -0.16494369228554 -0.396628480753548 0.336531091245134
v -0.162732585664514 -0.4147602722383 0.286528673621142
v -0.162409921274038 -0.414916675507647 0.280261164136503
v -0.161353795852968 -0.415428605158306 0.259746734007463
v -0.161234808334166 -0.397917240618954 0.434392694317982
v -0.161052417559295 -0.375111065467784 0.380902386665991
v -0.160927513230709 -0.37876066436255 0.494785212083931
v -0.159692416722574 -0.416233915986798 0.227475712584881
v -0.159002235904421 -0.376155144754052 0.419670574034412
v -0.158501020361944 -0.378831718034749 0.27466254550053
v -0.15722714849822 -0.417359858395659 0.286713481085075
v -0.156601157094529 -0.379640543962749 0.22727087958687
v -0.156392314191622 -0.377441231060061 0.360076114883122
v -0.156006455857475 -0.400342943111269 0.335168722643323
v -0.155401892404517 -0.377950401928041 0.337291470578202
v -0.154866159406347 -0.380344803335522 0.277281034458096
v -0.153959512599985 -0.416219371073838 0.29004183281699
v -0.150058882970761 -0.420789279366508 0.217633480647361
v -0.149874998780419 -0.402862274720205 0.308513649315478
v -0.149389684396971 -0.382631558363129 0.262067806440087
v -0.149286866110837 -0.4025597725824 0.455988192678064
v -0.148766181589019 -0.402665457194861 0.483572630538486
v -0.148066174019072 -0.40162300023028 0.487298582392704
v -0.148050763140253 -0.403490730074807 0.33397150411843
v -0.147620934788901 -0.398707523163904 0.497179585937235
v -0.146753619963081 -0.399698922037821 0.495146360988304
v -0.146691871863544 -0.399472920103349 0.495947786251535
v -0.146583709555528 -0.399101334398271 0.49716744599668
v -0.146321307296047 -0.398607053507259 0.497039599124459
v -0.146080005132944 -0.422692179140108 0.180318979455807
v -0.145330377630652 -0.384339454179769 0.215804876785536
v -0.144802597956282 -0.416347405716172 0.295381837273468
v -0.143837482520676 -0.394031563485071 0.495046874799861
v -0.143538757402845 -0.385091877980336 0.199117481143694
v -0.141818760622496 -0.424713819802506 0.165652014089687
v -0.141751262076456 -0.424713162653935 0.216131937673814
v -0.141741792890724 -0.424713070464366 0.223213627579574
v -0.141689384596729 -0.424712560230627 0.262408052219818
v -0.141656186015567 -0.424712237017737 0.287236169838119
v -0.141191684055572 -0.388911549465744 0.494790177840169
v -0.140989299605299 -0.42482722268623 0.162995887012971
v -0.140312941500509 -0.385481891672191 0.287450775106459
v -0.139890427970472 -0.424957338425889 0.262662554206566
v -0.139693974142445 -0.386867981949574 0.488165505748062
v -0.139314628025856 -0.385858633645698 0.456957466335036
v -0.139032396271305 -0.386024034202916 0.484793852323807
v -0.138907758320054 -0.386083034037713 0.482506103645506
v -0.137333155545561 -0.407182982179254 0.483539516042481
v -0.137257968304419 -0.425322744984758 0.2260272676344
v -0.136633536123027 -0.387273653149208 0.334281517989636
v -0.13647519939625 -0.425431399600368 0.21513366738655
v -0.136179277856887 -0.415061930985087 0.299931080613363
v -0.134058128019225 -0.426075908484704 0.263481728127229
v -0.133443148024151 -0.426009161626177 0.214564135198935
v -0.133265089434908 -0.389384109042231 0.164169103047309
v -0.13310040866907 -0.409500539943526 0.331712446786618
v -0.132828565902885 -0.426180510408416 0.228839790093418
v -0.13245007799529 -0.425990118800939 0.159117053755758
v -0.131625810322447 -0.390054419468168 0.158603034126055
v -0.131450912680286 -0.39012168191584 0.213276791167014
v -0.131006278684243 -0.390302452600576 0.225312524482116
v -0.130112933385239 -0.41237269564751 0.305112652189989
v -0.130058443737078 -0.410734995491627 0.328397937994766
v -0.129739890985442 -0.390817316001691 0.259592189896724
v -0.129044187849816 -0.411230224788478 0.306767767200851
v -0.128994010813151 -0.390953405510832 0.48482971632784
v -0.128862841375295 -0.391139222743686 0.32585847053911
v -0.128838228867726 -0.391174089311118 0.296029258383529
v -0.128828519512595 -0.391187843776584 0.284261972450019
v -0.128254713197831 -0.39142423984848 0.259404013918306
v -0.128167384705585 -0.426801895868672 0.157172579692404
v -0.127875444554878 -0.41168422750749 0.307230390567189
v -0.127839158561545 -0.411742387831348 0.325986393499058
v -0.127521084419443 -0.391726479396875 0.227622359932277
v -0.127171928917051 -0.391870324083004 0.212496536503235
v -0.12586764734626 -0.392407660518745 0.155993538250709
v -0.125474556293292 -0.396995464088806 0.494794132446005
v -0.124104981275099 -0.407753904519691 0.155251372791863
v -0.124090250369729 -0.407827411154115 0.155244958371916
v -0.123934415434336 -0.40828967405249 0.155175880389034
v -0.122821717833309 -0.39235520945143 0.299912057516844
v -0.122239788547375 -0.409734851370632 0.211996224553486
v -0.121942886444668 -0.411202501482758 0.211975983126426
v -0.121604296474543 -0.412201170619735 0.21193590322295
v -0.121526221348666 -0.410492702650131 0.233705115174198
v -0.121100624567348 -0.412526315244903 0.234227627970789
v -0.121095498886381 -0.411228784206723 0.153896223818744
v -0.121042849292296 -0.411115860554095 0.211800423100985
v -0.121022584920138 -0.41107239721953 0.234087247229344
v -0.120984933821671 -0.41147879025161 0.211798404351358
v -0.120983153146191 -0.412866074061968 0.234343205146195
v -0.120773514731681 -0.412630437078851 0.234440603795761
v -0.120729496569902 -0.412904248716441 0.234704504557393
v -0.120446560499084 -0.415297346993382 0.1536168662472
v -0.120396048389706 -0.414607674418538 0.31786686235515
v -0.120323533740542 -0.415612168579063 0.213254557098284
v -0.120318487033151 -0.413097368400681 0.260062302881834
v -0.120280833420971 -0.415896995255653 0.21099839090513
v -0.120177731755169 -0.417130594008568 0.153501712210439
v -0.120151816610522 -0.417099224287232 0.153489805427708
v -0.120127262828308 -0.417249357180752 0.153474904776382
v -0.120120652126724 -0.414066573730242 0.260117436465264
v -0.119994959771679 -0.416999134599165 0.210758556955991
v -0.119987380088675 -0.416867774503735 0.213718423168855
v -0.119925367993366 -0.415793070620475 0.237934146387271
v -0.119868494954399 -0.414807429423789 0.260143068103643
v -0.117669982842241 -0.416064503509837 0.488171321128853
v -0.115173830788607 -0.416645619651401 0.323912919716444
v -0.115009171117386 -0.416683953210717 0.313077548396613
v -0.114997776878514 -0.416686605844045 0.312327754545087
v -0.114849609103443 -0.416706241679811 0.312931318845931
v -0.11475730478551 -0.393933134450042 0.310308685664473
v -0.114005641161932 -0.416832130763544 0.312158761011307
v -0.113808581109554 -0.411545317994647 0.496783837790649
v -0.111364697992297 -0.430403722255064 0.260159897185146
v -0.111168845791741 -0.417194032387653 0.327924979469723
v -0.110608642360488 -0.417274005510378 0.328488181882178
v -0.110052869700856 -0.398728411346228 0.209371479715514
v -0.108832917118632 -0.39920901140775 0.23998824202438
v -0.106247972318671 -0.400268921895263 0.14710164686788
v -0.103757773467845 -0.401266726485706 0.145876779120833
v -0.103003787476832 -0.401552783695317 0.206449503260348
v -0.102941740149407 -0.401576324033676 0.211434178960568
v -0.102458373261952 -0.401759710177042 0.250266265340098
v -0.102385663577632 -0.401787295741835 0.256107519293171
v -0.102186836054431 -0.40186272956575 0.272080660515643
v -0.102065935244579 -0.401877157403181 0.25606332580427
v -0.102027139631842 -0.401881787122323 0.250923556142634
v -0.101731363847619 -0.40191708386629 0.211738212874883
v -0.101687471882321 -0.401922321764536 0.205923261757704
v -0.101385268866461 -0.396579170717957 0.298140647980953
v -0.101224875868144 -0.401977526192835 0.144637028817795
v -0.09871472311161 -0.402257872237616 0.255549453455104
v -0.0968225217664975 -0.397446879577457 0.328926599990474
v -0.0967232779340554 -0.432758090471467 0.141839681352264
v -0.0959111706097905 -0.427031703317509 0.296430761286738
v -0.0949140441355468 -0.433321786168274 0.199591310036099
v -0.0946259373343322 -0.433465793767921 0.223180005233212
v -0.0919752013651238 -0.433863680594762 0.194235138267114
v -0.0913721327341643 -0.403094297963295 0.202011154006151
v -0.089519584404413 -0.434435471259665 0.221333094838873
v -0.0887853042336092 -0.399026084091481 0.332729129513394
v -0.0887837094873482 -0.434805008062408 0.282038115201605
v -0.0877899914052673 -0.434998883919845 0.283051093328809
v -0.087765425242315 -0.43493890456439 0.186476706032196
v -0.0877334806305482 -0.434851365709322 0.241042912481944
v -0.0871794471471206 -0.403567800330427 0.266208659623191
v -0.0858596010251746 -0.434562261379254 0.284568721549481
v -0.0842868345871188 -0.435725507066289 0.238213146300547
v -0.0839537088960634 -0.435731485951127 0.282753037452976
v -0.0838502945433316 -0.43583587966759 0.23805056107718
v -0.0838060687254256 -0.435880524316741 0.218933257454244
v -0.0837281146229541 -0.435959216667035 0.185236373684459
v -0.0836914191748444 -0.435996259631616 0.169374190545511
v -0.0836128928621402 -0.436075529611139 0.135429959925576
v -0.0827957343206352 -0.436208277638333 0.135031937398285
v -0.0824832601916609 -0.404106939659715 0.135526757755642
v -0.0810861584641259 -0.404259731522119 0.272144997074404
v -0.0795249158119482 -0.400885286876632 0.297699141411738
v -0.0787306510609888 -0.401044750947672 0.294694614656619
v -0.078639152631557 -0.401069593639631 0.297680716913243
v -0.0781273809480501 -0.43166329307833 0.290010986970909
v -0.0778902862145502 -0.401209592546481 0.297666001463126
v -0.0774530125354405 -0.437053879461374 0.143811263930752
v -0.0773989698129869 -0.401406315044859 0.338154774622829
v -0.076125945371446 -0.404827431552487 0.174534151685438
v -0.0757482639772663 -0.43718713282381 0.216225769475317
v -0.0754814075439983 -0.401767234822117 0.339057721982298
v -0.0749278903408608 -0.437182992178222 0.285873109297937
v -0.0738746703634551 -0.437423981490157 0.249731328847822
v -0.0738126772325747 -0.405088366665654 0.217218725933588
v -0.0732990636780344 -0.422668192600542 0.345617075999159
v -0.0731986070679643 -0.428221811076373 0.296150839091518
v -0.0729726081403266 -0.40518302375025 0.235078437330052
v -0.0728676507277198 -0.433890596186755 0.289417230490618
v -0.072841446603967 -0.402643725849397 0.48689208545521
v -0.0724312028690114 -0.42232771273089 0.485723518023545
v -0.0720743181096469 -0.437949256749218 0.13017835440855
v -0.0719208420980095 -0.437967646774721 0.133438601333057
v -0.0710964810443727 -0.405399650036173 0.154237571746442
v -0.0700712734466642 -0.429328865686855 0.296060942763663
v -0.0697004754846398 -0.438233698766901 0.180605212878967
v -0.0696630358482111 -0.403978453906797 0.282400124278133
v -0.0695328645099346 -0.438261654114091 0.129029823614805
v -0.0687982586060938 -0.405661802669871 0.129344766914273
v -0.0682502242141868 -0.423388504492277 0.350826890426508
v -0.067911458480191 -0.405761717513261 0.148377804549864
v -0.0674959863272468 -0.438497848267497 0.227434544178505
v -0.0673130196051444 -0.438519771971729 0.231321253812522
v -0.0671527503920851 -0.438538975982077 0.234725806767704
v -0.0668409045030351 -0.405882335711031 0.171354677853074
v -0.0668025473208947 -0.423755806946639 0.304118512585376
v -0.0655944887029654 -0.410775286322716 0.495510270263741
v -0.0652506467268813 -0.438773271543064 0.230451114389234
v -0.0651897422924105 -0.406069784968498 0.200592856126033
v -0.0650368817010796 -0.425313710622284 0.225225701294231
v -0.0650203759646931 -0.424540512396256 0.303880966745287
v -0.064741651716109 -0.406118856328603 0.216410103684804
v -0.0645765453017336 -0.4388476657689 0.289451393086441
v -0.0643803977785696 -0.4240332281592 0.305130719653953
v -0.0641497766585711 -0.406185542272767 0.229113282131263
v -0.0641236460774156 -0.438911844059396 0.229656308983734
v -0.0640830540421056 -0.438917596172215 0.224297050157629
v -0.0637367624314731 -0.438966667582343 0.178577086708775
v -0.0633282732499525 -0.439024552727532 0.124645342840481
v -0.0628834236244334 -0.404118772818151 0.297365467034113
v -0.062300606434242 -0.404267583073802 0.352788450972028
v -0.0622844542599282 -0.424416298095037 0.357019829248143
v -0.0621421227395361 -0.406411742541625 0.272202757971528
v -0.0619973784269945 -0.406452145155097 0.169701051841722
v -0.0617448935815187 -0.439462437331401 0.212050991923513
v -0.0616094064119501 -0.406484594900908 0.227393300554968
v -0.0616001344871184 -0.424495844031892 0.357722184083379
v -0.0614754421346255 -0.406502915371217 0.216124889452725
v -0.0614643527901394 -0.406504431909883 0.215192108751636
v -0.0612343139099463 -0.406544181111921 0.216109735798019
v -0.0611391611902303 -0.420803842026931 0.125602452407193
v -0.0611384800807189 -0.420805546820608 0.126164538233499
v -0.0610816901886794 -0.420947689966756 0.173030413480668
v -0.0610728546025805 -0.420969805134809 0.180321983529057
v -0.0609315310796628 -0.406577298680949 0.170373787048585
v -0.0609036088028116 -0.421188586527832 0.125488960890178
v -0.060899269772225 -0.406581710620736 0.167660125748981
v -0.0608648519084332 -0.421111905629778 0.125473057682846
v -0.0605078391462023 -0.406635241258196 0.134734921357778
v -0.0603986407599808 -0.406650174834763 0.125549694279185
v -0.0601884236952787 -0.421951449408308 0.172952924570881
v -0.0601226956977265 -0.422514613435663 0.173071080696646
v -0.0597386634612142 -0.42289301048174 0.222810136653973
v -0.0595235639318983 -0.423494052441446 0.173574721961652
v -0.0594772699455431 -0.42266936081066 0.124296968917152
v -0.059199755653792 -0.424021415987906 0.171960572626282
v -0.059083264126695 -0.440102967908419 0.226316637668739
v -0.0589175474788489 -0.423381347324923 0.173931844316876
v -0.0587664606060214 -0.423732800254332 0.488120223830752
v -0.0587034298884025 -0.42472678662053 0.486058569407128
v -0.058361738072851 -0.424000004204603 0.170351000054734
v -0.0583413249094319 -0.424790068305155 0.486067407240794
v -0.0583224762753767 -0.424069981027992 0.17439284752555
v -0.0583197028518249 -0.424047144465295 0.170291124994179
v -0.0582909121085722 -0.424553459524765 0.222331098153272
v -0.0582012826364907 -0.407066974346169 0.225043518543265
v -0.0581909240016722 -0.424113169468127 0.123206688293817
v -0.0580454025520198 -0.440313067937551 0.176805332755339
v -0.0580442570027082 -0.424656988627166 0.170028994287366
v -0.0577970007786198 -0.424859714487202 0.333727634659066
v -0.0575305644281373 -0.426696465289996 0.122387234342909
v -0.0574647195400859 -0.421464144172327 0.493391251002353
v -0.0572541012580712 -0.426878784578975 0.222076613018132
v -0.057083556544004 -0.41081889114192 0.493498949990977
v -0.0570467737565456 -0.410966444714964 0.493678337279298
v -0.0567370159979739 -0.428187747374194 0.302776876672686
v -0.0565626189710718 -0.416590186960282 0.496569103074656
v -0.0565041967871575 -0.420008931251404 0.497312081792398
v -0.0562745937809965 -0.428355528308196 0.12128753974075
v -0.0562693623062237 -0.428695337612219 0.176293898000748
v -0.0560951261430751 -0.429016751962768 0.168193269313124
v -0.0558400874709688 -0.429469688288918 0.120830925894785
v -0.0556932691761954 -0.405552997729797 0.359678159126782
v -0.0555944165022856 -0.425337644457391 0.458521107151345
v -0.0554225222084737 -0.405900851332155 0.486818730086498
v -0.0553156472176163 -0.408575623449569 0.490206545435617
v -0.0552029296870504 -0.407583830946726 0.233974784058796
v -0.0549531246992002 -0.407383408123716 0.278389669320653
v -0.0549498021647763 -0.441047529724769 0.178810402018553
v -0.0549432133191144 -0.407644226240996 0.272949563756248
v -0.0546485094204631 -0.406045582241973 0.486815470528551
v -0.0545780695535276 -0.40586355723216 0.297191804206266
v -0.0543441885961119 -0.407738692163235 0.253233986719296
v -0.0541649962960595 -0.44122687035102 0.169790560325948
v -0.054136664220145 -0.405815456342902 0.298839624153636
v -0.0540997745388098 -0.407727133283478 0.122697127625802
v -0.054020862260583 -0.42562433637488 0.453776334975304
v -0.0527099011261531 -0.425815983207625 0.469126078588203
v -0.0519274135733463 -0.425898223126419 0.466819710866093
v -0.0517494363213913 -0.430383821808334 0.302112081561844
v -0.0512482234773708 -0.426029662991508 0.486240527342071
v -0.0508368050425863 -0.406653782297548 0.446428435594266
v -0.0507301429698612 -0.406476248324815 0.299413750789777
v -0.0500524382844631 -0.441949330220593 0.220224680428361
v -0.0500360539689605 -0.442081557931599 0.162275596521962
v -0.049689111443663 -0.421015490301662 0.497374904698475
v -0.0495369282085386 -0.406720670156624 0.319673407188472
v -0.0493586201380647 -0.442325203766371 0.114550463649421
v -0.0472197720864036 -0.426354328741803 0.439149955065259
v -0.0467027195379374 -0.407313490839825 0.386753649303783
v -0.0465494405756089 -0.426408352896938 0.431314116576732
v -0.0464653778268108 -0.42633687210316 0.402416964096779
v -0.0455703335777454 -0.426487262253718 0.419868847818369
v -0.0453773248112796 -0.407587166004527 0.412626289204279
v -0.0451938100005487 -0.426590865485928 0.427233884573059
v -0.0448664446829706 -0.409313878081031 0.138225443781103
v -0.0446084090138358 -0.40776985654233 0.427649973358836
v -0.0438981218113486 -0.42871738821571 0.309734077930326
v -0.0436400010738864 -0.409555202954465 0.215004024752127
v -0.040667717563698 -0.443925666322635 0.187990677336904
v -0.0397651861274093 -0.410176484237662 0.112470731756837
v -0.0396243566024175 -0.410203044211726 0.118473597967419
v -0.0392089444556699 -0.410281389543388 0.136180563458652
v -0.0380641488329618 -0.410497294141868 0.18497753953293
v -0.0376269959380491 -0.410533380708654 0.110946524237745
v -0.0374191109490065 -0.41061894611413 0.212472314640397
v -0.0367428784614606 -0.427198695025365 0.316680333714462
v -0.0359540768609989 -0.41089524660852 0.274919472825185
v -0.0354504416355483 -0.410947847932212 0.211670524286237
v -0.0352521798865144 -0.410968555043053 0.186771854518517
v -0.0348366604223876 -0.411011953266069 0.134588909650105
v -0.0347066972991137 -0.409588796616246 0.30883546309895
v -0.0346489718450698 -0.411031556079991 0.111018069946618
v -0.0345180271763823 -0.445360818093881 0.103892605635855
v -0.0342035339072664 -0.411049478097983 0.211154371965109
v -0.0335631957729503 -0.41110589505365 0.187829479746866
v -0.0332349495770698 -0.428380158064644 0.315278078979769
v -0.0320696445221515 -0.411237484303436 0.133425532706427
v -0.0314581598761916 -0.411291359124119 0.111151654741376
v -0.0303845041187531 -0.428441304850903 0.316382423448312
v -0.0256030187991985 -0.411350370915159 0.303648613929053
v -0.0255439146983687 -0.41136779610324 0.31288074384197
v -0.0244311991521939 -0.411695849104642 0.486688218013649
v -0.0240091814604372 -0.411240503826405 0.313425191184521
v -0.0239618198928558 -0.447502816151603 0.104068062181098
v -0.0237911590736798 -0.411539951893509 0.193898863790112
v -0.0227001627780222 -0.411665429010587 0.129264885346642
v -0.0223584420495667 -0.447719671387381 0.152868074239416
v -0.0217035763545495 -0.411463148823774 0.48498722690289
v -0.0215108992680374 -0.447834300693561 0.178663677023677
v -0.0214878297620495 -0.411449178205773 0.486682453961385
v -0.0211104852806197 -0.412093967503826 0.487957860368766
v -0.0208744835365891 -0.41156659677501 0.282978648277093
v -0.0205375390471481 -0.447965946681487 0.20828862831965
v -0.0203247654169473 -0.411682934256216 0.205370507868877
v -0.0202328110608857 -0.4117023946629 0.192388569814824
v -0.0197865926414478 -0.411796828382892 0.129392316806026
v -0.019661518401498 -0.411823297988895 0.111734577632724
v -0.0181006226133966 -0.448295537170731 0.282458015061474
v -0.0169441348387064 -0.424774772472692 0.497043271654295
v -0.0164611976731648 -0.448182136519508 0.206592195686075
v -0.016215582401511 -0.448163385393502 0.2064875016591
v -0.0159310337687412 -0.424277200910543 0.497049868354294
v -0.0158049839501489 -0.448136745564604 0.176225333159917
v -0.0157876921851989 -0.424717631631044 0.497040794232377
v -0.0157860441443651 -0.431430386220447 0.480105938085259
v -0.0156541525216516 -0.425493067534479 0.496110524237159
v -0.0152326057801266 -0.448097153598157 0.149738033988298
v -0.0150197279443882 -0.431582239911323 0.48561859868443
v -0.0149698225968032 -0.431433408203755 0.323187628165466
v -0.0142556634208595 -0.448029577524968 0.10452917400972
v -0.0133649182663263 -0.447961505135409 0.104595680022742
v -0.0126641622121849 -0.413245251359267 0.202272555784082
v -0.0104871241757664 -0.413685722893301 0.265788893560158
v -0.00915424281690169 -0.432590310535459 0.315387717497708
v -0.00888133048309132 -0.43262857197098 0.320945061140024
v -0.00606802188142885 -0.432826851840275 0.465006397180689
v -0.00547155567156975 -0.432908801824952 0.463475496368215
v -0.00498366056424919 -0.409996918144424 0.45813547958887
v -0.00268560978002289 -0.447139464991657 0.143157361590321
v -0.00256552683967358 -0.409686824564322 0.321102732005523
v -0.00247786876703221 -0.415320551576728 0.236794363434232
v -0.00228208906535891 -0.433553764491476 0.4553261344499
v -0.00199788276589862 -0.41542134062982 0.183511043440191
v -0.00177947964966961 -0.409708156351262 0.449781889470873
v -0.00080645648373262 -0.433760643455451 0.485374601777847
v -0.00056269513918866 -0.446967153409451 0.207716510113592
v -0.000495346714258355 -0.415724091336282 0.250260261011502
v -0.000125612748679631 -0.41580703644106 0.112055206898359
v 0.0003909257817873 -0.415911307719742 0.131481405805043
v 0.000490356264297808 -0.427860692932642 0.252295777525894
v 0.000826125321477772 -0.409514663739097 0.442996192566216
v 0.00159294791830062 -0.416153954449435 0.17668756127429
v 0.00170960888947454 -0.416177504267927 0.181074996280586
v 0.00228794626012234 -0.416294250596788 0.202825352032783
v 0.00231901440914033 -0.416300522182417 0.203993776084209
v 0.00235419747520654 -0.416307624427593 0.205316955671473
v 0.00240282495221002 -0.433635474961174 0.443201781834557
v 0.00255404960920399 -0.416350497108772 0.204021041834603
v 0.00299166643049392 -0.414983560051459 0.497173081506556
v 0.00339789739571066 -0.40929899758951 0.395809875164932
v 0.00376948854531819 -0.416592819253742 0.267762248635092
v 0.00403350539624176 -0.416646618663065 0.268473076222848
v 0.00404023009564427 -0.416692930088994 0.112116014559333
v 0.00406096479109242 -0.416691668297918 0.131873429453157
v 0.00410298949603481 -0.416689110922635 0.171917399880082
v 0.00411093637510764 -0.416688627322521 0.179489721708751
v 0.00413713282536623 -0.416687033161313 0.20445146459032
v 0.00420480440059742 -0.416682915069013 0.268933501073776
v 0.00421134010320667 -0.416682517344761 0.275161158885122
v 0.00422806578209506 -0.409294041616277 0.486632094068935
v 0.0043591442687311 -0.416671383086422 0.269372942315574
v 0.0045474704205443 -0.433415698247798 0.437605782421293
v 0.00581473919381409 -0.446486051729003 0.168088976439228
v 0.00593872999853508 -0.433403462559192 0.412350496096036
v 0.00600484550724439 -0.416547410513162 0.204924994292665
v 0.00631054930802046 -0.416474522894649 0.274957435649064
v 0.00667747941293674 -0.416090073639531 0.276200723203479
v 0.00669122575278621 -0.416495704697256 0.178045389809537
v 0.00698725991395345 -0.416473404102304 0.166452280571103
v 0.00712891859493119 -0.40901928347351 0.381750289609614
v 0.00716044667432272 -0.446382175726871 0.174802744053339
v 0.00759692365628927 -0.446334931595412 0.257235854867684
v 0.00787037865509809 -0.416406877748509 0.131868123133898
v 0.00836654558353826 -0.416369500921267 0.112437536544751
v 0.00891449868885472 -0.408850159873651 0.317191735853055
v 0.00901541206329081 -0.41630514013789 0.112489052762071
v 0.009177007673521 -0.446229434367385 0.166208752310533
v 0.00942659262146672 -0.408801656213892 0.298676720038618
v 0.00955527690960263 -0.408880994742458 0.372653940447262
v 0.0101617887020778 -0.446142243413569 0.236893743656893
v 0.0110741979527559 -0.446085734562337 0.158123483577893
v 0.0122716634976936 -0.4332505702136 0.313516442815412
v 0.0127353965077712 -0.433232483684333 0.307422577529329
v 0.0129772770942593 -0.408614033318558 0.29803350017332
v 0.0130164877013423 -0.445917155778157 0.277398534905509
v 0.0139263464575572 -0.433058334330447 0.312960087383139
v 0.0139863754478238 -0.445854530626291 0.208858753938908
v 0.0145941323348854 -0.445819122462312 0.143122555251268
v 0.0152152633878065 -0.445747982198051 0.283661673751485
v 0.0155354367827547 -0.444738014421402 0.285121639775079
v 0.0155567407528258 -0.445746211145239 0.139020200401291
v 0.0171816512799192 -0.432331344133438 0.369737447308262
v 0.0179835915588622 -0.438036867349758 0.295717011230078
v 0.0185713564558383 -0.408338062544151 0.313882162304694
v 0.0186464867413578 -0.408359056584037 0.335314870560822
v 0.0189959194266664 -0.4454825607123 0.143113605260638
v 0.0211495310066162 -0.43202886837279 0.307940783005329
v 0.0219139574310893 -0.431890327824062 0.350099745924023
v 0.0219602541655055 -0.431911309520949 0.310280788453339
v 0.0220852943500876 -0.431866325419151 0.349379192520116
v 0.0226084840408852 -0.445212087527364 0.108967738009095
v 0.0226408731972759 -0.445201246093229 0.158679790075525
v 0.025341250471504 -0.414674905221648 0.131683440517761
v 0.0266471613839141 -0.444903205259092 0.10945861827649
v 0.027392871432418 -0.414481773092633 0.114794922353425
v 0.0274446640524984 -0.414471980961306 0.122455023303951
v 0.0274948178115049 -0.414462498679971 0.129872737573689
v 0.0275709739523652 -0.414448100278587 0.141136190283477
v 0.0277420532365529 -0.414415755307132 0.16643872538182
v 0.0280398119522737 -0.414359459787742 0.210477080996516
v 0.0284612514803387 -0.414279780652013 0.272807762945095
v 0.0291513076174828 -0.414177361819095 0.11503800676938
v 0.0300797533313561 -0.414006291804001 0.210981458401422
v 0.0307228609406474 -0.444576516422273 0.198949437137187
v 0.0310796779361131 -0.444546837654861 0.213190588963723
v 0.0312946694125118 -0.413800999484281 0.164572014024628
v 0.0314833305013882 -0.413769120185638 0.157365214768215
v 0.0323109327738499 -0.41362927481446 0.125751046328377
v 0.0325638241321379 -0.413586542106921 0.116090669280218
v 0.0329939567192006 -0.413536347690044 0.16366886549519
v 0.0361950322097636 -0.407429704123384 0.330362767060956
v 0.0367021517648628 -0.407403813952011 0.331049837425622
v 0.0368331583267446 -0.407396188418606 0.330422189382088
v 0.0370280610439814 -0.412915716162074 0.183303163479212
v 0.037778917432916 -0.412809311743158 0.212893767949903
v 0.0397455734150853 -0.40756644973413 0.443679942439233
v 0.0407198821704162 -0.412318693426619 0.118583688993755
v 0.041644673613734 -0.407419082329153 0.420794255418409
v 0.0447966645279479 -0.406932654518558 0.292269298297372
v 0.0449431437630642 -0.428523612543104 0.45605286393542
v 0.0455344545826049 -0.407003283230577 0.331254974497624
v 0.0457619094524202 -0.407025057506872 0.343273951778243
v 0.0469935560968455 -0.407142963157144 0.408355578956067
v 0.0481881094325041 -0.428087125585078 0.416299897710137
v 0.0483364311369011 -0.407271516712296 0.479314642660645
v 0.0484259728400553 -0.411131456507747 0.151295584221683
v 0.0485919069085882 -0.407295973432188 0.492814276667817
v 0.0487789058388214 -0.411061535856293 0.108543586818205
v 0.0488067014044882 -0.411061494775989 0.120733753056508
v 0.0488238035931508 -0.421039120595105 0.496911899463275
v 0.0488267174540719 -0.42152497721089 0.496902372189433
v 0.0488390752743824 -0.441215650217736 0.287758940223817
v 0.0488782790280633 -0.411061388988233 0.152125203792993
v 0.0488965093978354 -0.422008649925557 0.496322945108951
v 0.0489125613664106 -0.411061338320838 0.167160242421129
v 0.0490272421982698 -0.411061168828931 0.217455257873107
v 0.0491301950074778 -0.411061016670391 0.262606771391098
v 0.0491691866546524 -0.410093384011154 0.493624389689301
v 0.0492476568762003 -0.407332054588597 0.492868831407099
v 0.0492746273815909 -0.407301653884902 0.492638073347521
v 0.0496637957670384 -0.407331511894643 0.484774640364683
v 0.0500231709705156 -0.407329087053923 0.486261012690096
v 0.0502611896471324 -0.427727285098505 0.484875347591543
v 0.0504867151802546 -0.427712211605461 0.482953294987909
v 0.0507726114928598 -0.427673016703011 0.480516096864258
v 0.0507801017162545 -0.443056795928885 0.116532909390765
v 0.0508987497090429 -0.427651960923239 0.484869114593666
v 0.0515009670694613 -0.42139284020147 0.496896643202707
v 0.0520547044103565 -0.427587622244199 0.33921376342015
v 0.0539141547220411 -0.427277689625512 0.402721851554021
v 0.0545176676645692 -0.442768416766725 0.132000209979213
v 0.0560390232765141 -0.427013951484879 0.344835055148051
v 0.0560991932910842 -0.407494160707139 0.387599872251185
v 0.0562359544481872 -0.426989508438301 0.339470151697138
v 0.056467306158928 -0.426931348901452 0.396675058329032
v 0.0565784117980678 -0.429621656484016 0.105243566812256
v 0.0568475069639133 -0.429498651685896 0.167121427347781
v 0.0571333971986611 -0.429612381683651 0.120044386500377
v 0.0573115608357079 -0.426856004449031 0.310167911877973
v 0.0576378636354218 -0.410093152411243 0.220983432700167
v 0.0578557643067989 -0.429577201373274 0.149975511995505
v 0.0582620895254584 -0.408519158146619 0.277107691045772
v 0.0583245944950517 -0.429666755255997 0.150683771308301
v 0.0583972953890323 -0.409994586463201 0.169203603834453
v 0.0585367478313675 -0.429248584138167 0.223242203833143
v 0.05882071890821 -0.408822543002753 0.274851274957802
v 0.059103701798294 -0.429911400179719 0.167547212470491
v 0.0591281098773597 -0.409919925602075 0.199116110955936
v 0.0591863975707201 -0.428517727007636 0.10176830225728
v 0.0599327271009213 -0.427951834323531 0.100692674343667
v 0.0606686423335805 -0.428455535392525 0.224061414316128
v 0.0611861544471367 -0.409704929067773 0.264615668766628
v 0.0612562171923837 -0.442257936434523 0.103752580165142
v 0.0618071536489147 -0.409634241128922 0.261416552858533
v 0.0618502405329281 -0.428635735633491 0.0986227462267227
v 0.0619097451144093 -0.427271170805491 0.0981088798502033
v 0.0619747717790724 -0.428627343445826 0.0986168358391616
v 0.0623151273173686 -0.407724922910078 0.364769963869995
v 0.0624242273398146 -0.428577316395463 0.168349460377304
v 0.0626850234335888 -0.40949241327238 0.0914137741834768
v 0.0628421197249038 -0.427265803140226 0.224859178804057
v 0.0653294216092369 -0.4272666434582 0.164761763267783
v 0.0655284597449399 -0.425958613821347 0.225861216373144
v 0.0656429641954803 -0.42591377737194 0.223954356681557
v 0.0656581770010772 -0.407861805415746 0.36480976993841
v 0.0657235944300957 -0.426350967171352 0.225981844113821
v 0.0662210111329636 -0.426184439790678 0.217901367112029
v 0.0663610541942309 -0.425925371517236 0.12282728265204
v 0.0663738206644403 -0.42559392366603 0.359374963794823
v 0.0664059759041088 -0.4258823716877 0.266124894857463
v 0.0664720802555014 -0.424934057378936 0.205437287768158
v 0.0665942734764139 -0.407892841683341 0.357788636033507
v 0.066696968059678 -0.425893872610669 0.236919752007199
v 0.0667429853199645 -0.425601299771091 0.299918137093885
v 0.066980897664272 -0.425074618643642 0.169601586748693
v 0.0670520875889009 -0.424747093181555 0.179558551500995
v 0.0672684480166377 -0.425260725561047 0.196765857682171
v 0.0672966169032381 -0.424621488764906 0.191780171859074
v 0.0673989583855703 -0.425643756983091 0.173256941226819
v 0.0674258121467189 -0.425856263050932 0.169622215426098
v 0.0677416840441171 -0.424743225461089 0.251485247501257
v 0.0678887634350124 -0.425687225699569 0.191248379344266
v 0.0679749814719236 -0.425967981206754 0.188409105896816
v 0.0679758891926419 -0.406079434526187 0.290723407831454
v 0.0681222270109325 -0.42462789864688 0.255490118597249
v 0.0684990945671623 -0.425547181819665 0.255031552140586
v 0.0685052561688828 -0.425537311362216 0.255130661629037
v 0.0686079930104015 -0.425706448509856 0.123405606986992
v 0.0686125704960363 -0.441665487388167 0.281908437124887
v 0.0697255122666475 -0.407996657868487 0.334302972521581
v 0.0712114362758603 -0.405960335052516 0.290507619708239
v 0.0712200921577521 -0.406251896819327 0.295002656808913
v 0.0712734142081855 -0.408047978539096 0.322693029433943
v 0.0713646570086059 -0.422935488555121 0.124481201658559
v 0.0714061299763683 -0.441451253556594 0.285691775093114
v 0.0714136122772434 -0.441478262460177 0.121780456545355
v 0.0715221930261594 -0.408009314105673 0.334507876383553
v 0.0718322618940799 -0.407961124162502 0.349233471786553
v 0.0720596107570821 -0.440682380631283 0.286771979470435
v 0.0721632890913355 -0.407909676940693 0.364954406967389
v 0.0731711287694063 -0.441325573274715 0.230585737267142
v 0.0743539324747029 -0.42183313488918 0.172162768329545
v 0.0747136075942016 -0.407513314337298 0.486072527189682
v 0.0750880105548353 -0.421304879757128 0.229785130673492
v 0.0750918472866551 -0.44117562397861 0.248949419222542
v 0.0754627006516407 -0.432469891248055 0.293540171637882
v 0.0755397663301199 -0.421476099247672 0.230003092698553
v 0.0757025888190733 -0.421182198929849 0.172639202990458
v 0.0757393124261821 -0.421277335358574 0.172636709690289
v 0.0757872353301321 -0.421214577328999 0.125808216694822
v 0.0760236324765354 -0.421961688241077 0.0958019681010669
v 0.0761089350917 -0.441111137314474 0.170024812664826
v 0.0763826473059308 -0.421851373499401 0.0957525808220025
v 0.0763969894967447 -0.422073552964118 0.125830805391749
v 0.0764431580638596 -0.441083303900562 0.183565883900614
v 0.07662500627703 -0.421731674823739 0.095702252558612
v 0.0767139005380894 -0.421773323239684 0.230557295577835
v 0.0767196102248686 -0.421687890007753 0.0956837110784679
v 0.0767196604252314 -0.421694791877161 0.0956863023992645
v 0.077656385841094 -0.424059627218421 0.340830780602266
v 0.0788521224248263 -0.40767294751161 0.0903722830934925
v 0.0793451584599437 -0.440875000060792 0.10283248944449
v 0.0798766728316854 -0.423795683761466 0.301781743495527
v 0.0799406450685313 -0.440826481971972 0.120582933221562
v 0.080451589251639 -0.423692333568959 0.308582797132501
v 0.0807068478493642 -0.405177727678713 0.334537877022149
v 0.0809152896387914 -0.423648272554809 0.303206751484858
v 0.0810823634455548 -0.407431798827035 0.129111921548493
v 0.0816546755907877 -0.440686828982434 0.171675270108304
v 0.0817971950511623 -0.404802239947235 0.322321778070108
v 0.0828822457500587 -0.4037444283521 0.311234864301919
v 0.0837465664301934 -0.404342928688966 0.366334881273429
v 0.0837893576730753 -0.440512902829643 0.235306515105476
v 0.0838334588799722 -0.40713433185419 0.176898883358443
v 0.0846619628903268 -0.406987863925799 0.130047172694687
v 0.0854967456939508 -0.440373791047023 0.286200850314931
v 0.0864520321139745 -0.44015537868537 0.23647753288904
v 0.0866259339711049 -0.406706471004433 0.0898370841080584
v 0.0871209663938494 -0.406778864393438 0.234003407632729
v 0.0876617520819278 -0.439878793789363 0.173510773703364
v 0.0882391473756649 -0.43959747802898 0.237237046683458
v 0.0886992400918687 -0.43964158722839 0.119508806793205
v 0.0890332002808796 -0.439565232082906 0.102125948482093
v 0.0891515852923672 -0.406559300197595 0.269275578325193
v 0.0897315374328893 -0.4064555414623 0.235153773397032
v 0.0906862470360563 -0.406284735193855 0.178982905895835
v 0.0907769444573959 -0.406237313734061 0.235607057881625
v 0.0915326911086996 -0.406133298617733 0.129181900758881
v 0.0921860211719175 -0.406016411901824 0.0907428651675088
v 0.0928034256847298 -0.438274447520151 0.175206926604781
v 0.0935132377146738 -0.421881762837472 0.361181231272642
v 0.0951518707820442 -0.405352805472523 0.18039280129935
v 0.0960399632220905 -0.400354073330022 0.492312227539852
v 0.0960850296346508 -0.409909174917614 0.496765439543872
v 0.0997480873878525 -0.421037535455355 0.343084677847001
v 0.100602389490783 -0.399138114010383 0.36382953442358
v 0.100700269327664 -0.399016259974136 0.335352192214337
v 0.101326411115214 -0.420828983730857 0.361696344214664
v 0.104196572227484 -0.403510957707296 0.0925005288580175
v 0.104357030837839 -0.403459678230225 0.127893127867162
v 0.104620353567475 -0.403375525364595 0.185974621651331
v 0.104813041394549 -0.403313946051473 0.228476067865165
v 0.104985413814203 -0.403258859150735 0.266496513857457
v 0.105262112882297 -0.397630661206005 0.341827010893647
v 0.105998711034833 -0.402863952916671 0.227871585665639
v 0.106296716005248 -0.397232608758447 0.36299676901136
v 0.107058857309588 -0.40245078848239 0.187460862235709
v 0.107699394882294 -0.396805727803766 0.345312023557488
v 0.10829905817442 -0.40196406689397 0.127700799753867
v 0.10861295624949 -0.401845118845462 0.128221619558881
v 0.109375528065071 -0.433233043214549 0.099296944645605
v 0.109379766052889 -0.433231722218304 0.0992974791903452
v 0.10953426829017 -0.401486061442585 0.0931029883330186
v 0.109600679062563 -0.396227104984763 0.321340944136697
v 0.110824668054513 -0.432751896959633 0.117974132356711
v 0.111351114278666 -0.419505904861551 0.48680566944762
v 0.111910054196025 -0.395405791626627 0.351325096262064
v 0.112080942051857 -0.419379322089643 0.359924901958658
v 0.112137081627421 -0.41936829297276 0.34435779568699
v 0.112168070771923 -0.415306179813128 0.49504929196949
v 0.112170224430592 -0.419363836777357 0.344403134833138
v 0.112388849733249 -0.419325917972625 0.306395063322956
v 0.112393776926526 -0.400299192294836 0.224609802608418
v 0.112736228042589 -0.395111968589177 0.362051860371731
v 0.114556590637615 -0.39322465978343 0.295767288195992
v 0.114998702515962 -0.399263805496938 0.192320739610817
v 0.116348379979418 -0.430917574285698 0.189373058855805
v 0.116536403322692 -0.39866217079583 0.141526928606703
v 0.118790955824783 -0.393061279187211 0.361168660329263
v 0.118845834769231 -0.430088215693077 0.221654900015691
v 0.119156021881635 -0.429985574255804 0.117448281193401
v 0.121925481524933 -0.415420186619998 0.358546641112062
v 0.122359491520778 -0.391689521222796 0.486997085550454
v 0.12383032913813 -0.428432957206886 0.286083956403589
v 0.124281870276576 -0.395568742530791 0.094704270298982
v 0.124296353733599 -0.395548138163082 0.1438129220432
v 0.124312324377405 -0.395525418102741 0.197964136322934
v 0.124318699890077 -0.395516348209606 0.219581408429176
v 0.124333586231793 -0.395495170692522 0.270056110006648
v 0.12451406643147 -0.42820615822672 0.218767895692195
v 0.124761026140143 -0.428124240492211 0.194453945138016
v 0.125439914120757 -0.427899050052622 0.127615314329871
v 0.125707285112371 -0.427810361796453 0.101291809558012
v 0.126207713578173 -0.394758085331005 0.0949059403267577
v 0.126770753350186 -0.394484570830708 0.21854943326866
v 0.126990553243643 -0.396620530120392 0.496708386394775
v 0.12724274348692 -0.413272169100588 0.365091277068714
v 0.127648784176818 -0.39412048507501 0.199993278620084
v 0.12792768973735 -0.427016279394659 0.101551882016466
v 0.128056781194692 -0.412952850300531 0.358856541556285
v 0.130224112159932 -0.393052595194083 0.145566733587763
v 0.131655323253868 -0.425653410572328 0.215128750196607
v 0.13278079578668 -0.391992436413671 0.091534215222316
v 0.132953421462022 -0.425193342039728 0.199426505967297
v 0.135027427790366 -0.41021850705661 0.305468181951227
v 0.135113932843977 -0.387504168309272 0.380975034432248
v 0.13548725494728 -0.387374462666791 0.383449018597781
v 0.136121582086831 -0.424074688916279 0.145141898412003
v 0.138205928869029 -0.386480842269629 0.362004891359514
v 0.139449445896607 -0.386080152392364 0.409386796970003
v 0.139567254175396 -0.408161988242926 0.359457026795232
v 0.139957031314746 -0.407997259213381 0.359477654843846
v 0.14044343613159 -0.388786376293551 0.0876077050376561
v 0.141524397886583 -0.407275411858329 0.382731909841213
v 0.142936443814031 -0.384925935441667 0.324691933901975
v 0.143836185911821 -0.384636477380076 0.362239868855377
v 0.143959850785162 -0.421285300076432 0.0935596208840656
v 0.145119046602597 -0.384223765370984 0.415776065383111
v 0.145325381011674 -0.386720979240063 0.210738701668914
v 0.146785115446675 -0.383687770601739 0.485304261006077
v 0.147744730563285 -0.419901649971597 0.208315499081692
v 0.148255216198982 -0.4197347849861 0.148682055535833
v 0.149368029759363 -0.403936687081095 0.392432737090169
v 0.149949304946196 -0.382453748323684 0.362516209199643
v 0.150767871271742 -0.403088164305636 0.492657798649773
v 0.151045433990766 -0.382062206568159 0.36237501329198
v 0.151737399900213 -0.402893184030339 0.408989481333935
v 0.152756888642976 -0.418109798428802 0.206452028800343
v 0.152791274048276 -0.383607153692427 0.152239976462978
v 0.153203493090805 -0.417948585849881 0.212183304749878
v 0.15376299373222 -0.417788491198464 0.150287491544038
v 0.154678427916273 -0.385578608600065 0.495230951426305
v 0.156675386137295 -0.40079181968115 0.414885520592716
v 0.158121614396369 -0.4162877033653 0.0865145648989405
v 0.159048197366728 -0.415838799765283 0.287188408732849
v 0.159376700067768 -0.379146290685129 0.432123203162224
v 0.160502663921194 -0.415367420989205 0.21735144086757
v 0.160791911706819 -0.415273678533077 0.203463058045898
v 0.161070185978249 -0.399083491353562 0.357028096106359
v 0.161779943387201 -0.414953466863173 0.156022203183454
v 0.163031513150251 -0.379312246871995 0.204204019225627
v 0.163255456324758 -0.414475267154519 0.08517468229103
v 0.163300102235395 -0.398089669229258 0.422715553532244
v 0.164011889436942 -0.378898353524851 0.224117182253726
v 0.164937959346379 -0.397580026565953 0.306108961293527
v 0.166622233089771 -0.376561185064318 0.434761555179042
v 0.169053219716416 -0.392183114590878 0.494866889149169
v 0.169064697061806 -0.3767946911856 0.16396184821861
v 0.174640012207695 -0.395189435627152 0.229205879275323
v 0.175205097021955 -0.410473810907253 0.0820786064494489
v 0.175271780585914 -0.392919794728234 0.166997026011714
v 0.175512442010244 -0.392142590353502 0.080097027700294
v 0.175539026677582 -0.392570296058975 0.198647848651524
v 0.175959050070482 -0.391771153351815 0.230498535038557
v 0.175962370570912 -0.392691037348293 0.167489835992865
v 0.176005307254192 -0.392573361323822 0.0800314966687204
v 0.176082005830743 -0.39070388218664 0.079819242240648
v 0.17609063077465 -0.391002857320832 0.198287037414655
v 0.176270342142484 -0.390555272485477 0.167865566674845
v 0.176293578041309 -0.392131599799057 0.230677216908143
v 0.176608125827448 -0.392772750686515 0.355176315726965
v 0.176800939886248 -0.392884777583387 0.0798856455343318
v 0.176817730530349 -0.391834545041088 0.197967319510821
v 0.176897443180834 -0.392157567334238 0.0797881365369464
v 0.176939828713058 -0.392105879921325 0.168207400952173
v 0.176961054213353 -0.388940816783185 0.197739811175725
v 0.177032156011245 -0.391619952504369 0.197848294904333
v 0.177043283340306 -0.391457344404139 0.197833969873026
v 0.17710721678976 -0.39119027150352 0.168392812544578
v 0.177197359855049 -0.388245126643319 0.168680700599364
v 0.177279176142926 -0.409686221834307 0.0815315155233422
v 0.177417403555706 -0.390095859928178 0.232448264219222
v 0.177429931072873 -0.389654369533942 0.0794075925765178
v 0.177431655236806 -0.389335029732799 0.197525129267315
v 0.177490754211514 -0.389783071070556 0.232628739101046
v 0.177516446017111 -0.38773467166607 0.233391122329305
v 0.177552856164332 -0.388745649983384 0.168886971859842
v 0.177667406297366 -0.389006377333813 0.233071818216371
v 0.177712196597347 -0.371839485518117 0.286726594154654
v 0.177716371564922 -0.387177781870046 0.233776411486586
v 0.177797579211427 -0.386985541046435 0.233920664786877
v 0.177802695467041 -0.387204891303984 0.233846285087557
v 0.177837269237717 -0.387015600441576 0.233946446313049
v 0.177880187723935 -0.386779962691217 0.234071020319118
v 0.177957805678794 -0.38645138225959 0.197106271526873
v 0.178016067976958 -0.386204740215064 0.169359454187914
v 0.178206244940236 -0.385399663235219 0.0787896409735237
v 0.178315621758752 -0.371906450165669 0.358943894364275
v 0.178653711572209 -0.409299415049385 0.168068401724769
v 0.178987502550193 -0.371981011624609 0.439353893688188
v 0.179447114100258 -0.37203201666621 0.4943597293971
v 0.179789177968743 -0.408912741788744 0.196380792558006
v 0.181017036330193 -0.371808521734752 0.0767414856651834
v 0.181216524059254 -0.408426671422801 0.231971084346641
v 0.181868560875121 -0.370126996848254 0.440843026433238
v 0.181941534094714 -0.369559595131974 0.358683852136067
v 0.183496400959125 -0.407650279063306 0.288818883663147
v 0.185883046510345 -0.406661729570461 0.235289133180569
v 0.186520925218708 -0.406355378298101 0.193884743352589
v 0.187033543693087 -0.366862806985971 0.452921401778928
v 0.187757848974638 -0.405885185678422 0.193239442112534
v 0.188563233142814 -0.405551595250388 0.175175589462506
v 0.18860118672315 -0.405392774380167 0.237251096287984
v 0.18925867137554 -0.405226928620349 0.17567909092126
v 0.190825873424272 -0.36770382197874 0.0753970805170049
v 0.191485049798386 -0.386825043359 0.301893997293228
v 0.192830242234601 -0.403784198465601 0.0794714192837905
v 0.192856145755514 -0.363163994469748 0.466573635320373
v 0.193047452044137 -0.36674147900727 0.255291718609871
v 0.193539373966159 -0.385912379536581 0.353155282399778
v 0.195681351889077 -0.384915942496343 0.435369922636788
v 0.195785219366294 -0.385005351441744 0.350984185605692
v 0.195943318681536 -0.361321706406929 0.493926461093888
v 0.196648501350733 -0.360861144517094 0.493448303575166
v 0.197244422292096 -0.364998072643009 0.183596505701164
v 0.197399088237888 -0.364932872971136 0.186203756463739
v 0.198040029195602 -0.385128409076654 0.258971538005156
v 0.198095714428936 -0.385050741565031 0.253187367199683
v 0.198162650861784 -0.384902530586655 0.253253264220608
v 0.198230039302462 -0.384960659856452 0.253269863308176
v 0.19870383392825 -0.362630224877666 0.494121652093221
v 0.198737078504427 -0.384156192888385 0.186567203486166
v 0.198767592865759 -0.384113632691157 0.183397596978387
v 0.198857700452415 -0.359428082709311 0.493607047197958
v 0.198972388542037 -0.36426887479874 0.0742774657405653
v 0.199333958850907 -0.361477922384293 0.494040942018212
v 0.199400384411853 -0.382622530697428 0.195533453913089
v 0.199415165510457 -0.382630843043908 0.186145256923911
v 0.199418655931582 -0.382632805928436 0.183928320146907
v 0.1994286837141 -0.382633507413293 0.186138624261012
v 0.199435308655714 -0.382636077091552 0.183939269754736
v 0.199446328379505 -0.364069657529368 0.185131142020071
v 0.199446913001899 -0.382593372562709 0.186127327796019
v 0.199457646866962 -0.382586645956912 0.183957391238588
v 0.199477972977807 -0.382581738625028 0.0987527289571214
v 0.199554259779982 -0.382712048051781 0.140632392022066
v 0.199555231020997 -0.382682592504479 0.144127327272926
v 0.199680450869499 -0.382720102284338 0.103972023840881
v 0.199708497206182 -0.382722706273391 0.0957200012930596
v 0.199730600103967 -0.38242065639558 0.076349193066734
v 0.199773837047351 -0.381493978194938 0.0762362360920358
v 0.199797933428605 -0.382676555339601 0.0763734283344657
v 0.199816141598383 -0.382788531791753 0.0943038545894808
v 0.199842524578106 -0.382395438392635 0.087949352216102
v 0.19986785403133 -0.363687596192443 0.494247607654725
v 0.199872898401975 -0.382851611678257 0.108932765051926
v 0.199919950029155 -0.382335863922483 0.0763225862403505
v 0.199953372575424 -0.382275988853896 0.083742479746653
v 0.19997137011047 -0.382964665183126 0.134834673811496
v 0.199990154815461 -0.382252938477574 0.0763066561312809
v 0.200124898248146 -0.383111932438208 0.437104423575674
v 0.200153557333398 -0.358556996656207 0.493694995620767
v 0.20027780623211 -0.382800865155559 0.185722005043646
v 0.200306732048736 -0.382332586021513 0.0762882541515562
v 0.200308043170064 -0.382334959079665 0.0767583447355288
v 0.200357531409684 -0.382662255766754 0.0763226306915416
v 0.20037614411884 -0.3827227753011 0.0809441955455474
v 0.200381590519114 -0.382821959131294 0.184561475180037
v 0.200431283120511 -0.382489255986312 0.076295778569592
v 0.200441709363376 -0.382851013905111 0.0763374784319862
v 0.200457812601221 -0.383409745740189 0.0764018834924625
v 0.20048423704773 -0.382970555644634 0.18562766017207
v 0.200516998777262 -0.382941632159077 0.184644571812272
v 0.200554464214038 -0.383103852026829 0.0763573667125046
v 0.200601845678665 -0.382866725609198 0.182098552346032
v 0.200619593482375 -0.38327984987774 0.0837338126789009
v 0.201441831479067 -0.399387369242165 0.251264562870843
v 0.201784460460635 -0.363084212436959 0.260129306224446
v 0.201893718531913 -0.36303815452576 0.261971102672903
v 0.201896657354856 -0.363036905474603 0.26019151046848
v 0.201934430691848 -0.357156942452509 0.447227522501896
v 0.202018056472496 -0.362985308726088 0.186678771684545
v 0.202205480763236 -0.362905650124092 0.0731847595799704
v 0.202937239170163 -0.398841815596567 0.185251884861882
v 0.202997520418105 -0.376640591643015 0.495459071102255
v 0.203963666912966 -0.398608477647419 0.0778845957988974
v 0.20397500863353 -0.381539698960309 0.444477777199938
v 0.205307736964122 -0.35429354492553 0.334520554579496
v 0.205521894677627 -0.397635868319715 0.186813639290313
v 0.206484634325836 -0.397034948747343 0.254114653550906
v 0.206975444380381 -0.396728596590099 0.288425086845765
v 0.207392791304248 -0.380048522986602 0.451203976649016
v 0.2075475555188 -0.380027913299656 0.485261517604474
v 0.207565687887584 -0.379817327746379 0.339479570652807
v 0.207668861273282 -0.396244829287182 0.254840978350311
v 0.208047644001245 -0.370969675947007 0.495815395038225
v 0.208322733469259 -0.379648352974283 0.457036533380985
v 0.20854633127848 -0.379538869910206 0.448895119356062
v 0.208904727616686 -0.35196031111848 0.333457393877231
v 0.209028887119614 -0.395295997433918 0.188971144420116
v 0.209493284529664 -0.351577247155757 0.333283165680582
v 0.20980961066801 -0.351343745687911 0.328514773652781
v 0.209918776524683 -0.394723495082694 0.256225766812365
v 0.209976031172949 -0.351873763867795 0.286314213249618
v 0.210051234142373 -0.351201292622657 0.333115327189804
v 0.210144847603037 -0.373077895159812 0.495106902738946
v 0.21079595735573 -0.356904219714129 0.0697897842650659
v 0.210854250776804 -0.356774886591554 0.265753984122673
v 0.21099956643685 -0.350564900588646 0.332830600220205
v 0.211347882953407 -0.393678133243599 0.0766557271294857
v 0.211515566806189 -0.356311681443364 0.26814741809478
v 0.211579117316789 -0.378053887971793 0.338468425673857
v 0.2121606684288 -0.376781303416404 0.486704507203251
v 0.212341147533068 -0.353729970066157 0.275640761473562
v 0.212428108618417 -0.377638185468266 0.307555825437806
v 0.212585137374459 -0.355598158596951 0.193198048396618
v 0.21322024317936 -0.348153036035464 0.289979214276142
v 0.213254064130356 -0.349500232397908 0.287018741777404
v 0.213692012419746 -0.354790164743291 0.269544490073542
v 0.214008502491552 -0.391878179069843 0.07621018384895
v 0.214207123085146 -0.354319630080166 0.194206621595848
v 0.214436734570741 -0.354138940209033 0.194702635884849
v 0.214442859971907 -0.354133583833482 0.194087055456168
v 0.214493616853208 -0.348593605999617 0.420314507073246
v 0.214543246548829 -0.35404580048809 0.18399857139208
v 0.214615932404712 -0.348510100216189 0.420027986613979
v 0.214728667030784 -0.353892376491655 0.178332951682355
v 0.215691530702449 -0.390790891646781 0.193073274966046
v 0.215699891092514 -0.353034369173396 0.0677600223292558
v 0.216022799259199 -0.374942561718305 0.337107294200526
v 0.218371671531826 -0.346295842878973 0.491537921527761
v 0.21914369908027 -0.350254598639286 0.0663217717757919
v 0.219339001156471 -0.349732920627558 0.495687145430821
v 0.21946398963047 -0.372011872274933 0.425450893218985
v 0.219943713865373 -0.344187547838304 0.312640052800534
v 0.220070442330025 -0.353193771458182 0.496406507014997
v 0.220606431500172 -0.34957582093685 0.496262884517485
v 0.220738215714996 -0.343689397873541 0.314063838063037
v 0.223425062194774 -0.342522868940862 0.399409659186363
v 0.22502513121612 -0.345591094360629 0.18862748119438
v 0.225147254602042 -0.368100220892483 0.412118215580444
v 0.226738812782056 -0.340263311905198 0.389914955207694
v 0.226831878514214 -0.383201694405273 0.0712006466359944
v 0.22806295717593 -0.338774789583994 0.327636721228687
v 0.228956826463496 -0.342391524255012 0.148326202495191
v 0.231493617062794 -0.344641580316478 0.497469683545509
v 0.232083034477126 -0.339925963753887 0.233080118071276
v 0.232966036491781 -0.378889773460871 0.203721083613742
v 0.233899520539764 -0.335143679174129 0.369194735971374
v 0.234110097751868 -0.378123614170731 0.171386827870229
v 0.234399901383646 -0.337967244712649 0.100319951454846
v 0.234411559944071 -0.33797908645479 0.131930726505647
v 0.234529420701466 -0.361386679576413 0.306277704809423
v 0.234604483201322 -0.361287467286964 0.331281170887307
v 0.234778554426752 -0.361057392284998 0.389264637844518
v 0.234834082037464 -0.33772058831162 0.254562889328494
v 0.235022115554282 -0.360872750683719 0.388682612857412
v 0.235082197061272 -0.337389956430424 0.0605333449650666
v 0.235092611477811 -0.360642293945444 0.493877658163362
v 0.236007046293565 -0.336666744260677 0.0948193820093119
v 0.236045947898708 -0.376723373511783 0.272386676936016
v 0.236472339071757 -0.360153859828927 0.305744556055462
v 0.236576744641322 -0.359815133518692 0.306310634932426
v 0.23685674524505 -0.361162134028789 0.304700833681681
v 0.236956372432567 -0.359496339008326 0.330530664764701
v 0.237285255059634 -0.332099922922496 0.292183625653289
v 0.237476302293405 -0.335596090642964 0.265729178603585
v 0.237855644403159 -0.367494128907464 0.296840727085951
v 0.238465029133189 -0.334744654648041 0.185941791750107
v 0.239381896473978 -0.332714244199334 0.275152472357297
v 0.239947209684577 -0.333614654902774 0.0815664008357339
v 0.240029602064174 -0.330512989596006 0.324713344514579
v 0.24035546652948 -0.373745800916825 0.287891611939046
v 0.240603722671518 -0.333072242388538 0.265227499432024
v 0.240673043977507 -0.333033028486692 0.18551778575859
v 0.240764842751784 -0.332981099457474 0.079962157385936
v 0.240783514745119 -0.332970537023552 0.0584920015487255
v 0.240845196006541 -0.332910350025572 0.185487365432578
v 0.240910266543831 -0.356414337109955 0.371431617423711
v 0.241024849290069 -0.356327422727256 0.371187677032173
v 0.241046370329435 -0.356310660097304 0.371402740603179
v 0.24116707818649 -0.332694548696186 0.0791943531674438
v 0.241230240959843 -0.332652202113162 0.0583365304579515
v 0.241234296346378 -0.373227918262909 0.157095927365962
v 0.241847729007933 -0.372762119347458 0.22222826613012
v 0.242164053590547 -0.329295956439569 0.351871853980722
v 0.242290058403457 -0.329205868633551 0.351507335614625
v 0.24235077057103 -0.329170761498088 0.352226978480248
v 0.242494275224414 -0.328760951000468 0.289778411800446
v 0.243035239635583 -0.331204845238499 0.241998104728333
v 0.243038269932656 -0.331206693420845 0.22824504023284
v 0.243616545439799 -0.328438820413466 0.367230657153028
v 0.244358683965132 -0.330240815154203 0.0572185858126294
v 0.245564609504427 -0.329307097087759 0.0705832153173302
v 0.24557560098053 -0.329242478608401 0.255124690662242
v 0.24649858160021 -0.326285983651304 0.305945019440135
v 0.247112222906203 -0.351704471989879 0.327277871717504
v 0.247818135347677 -0.368621146996794 0.267468782436003
v 0.249349764392063 -0.326328279069555 0.270521861798464
v 0.249826373596576 -0.324466769080858 0.366019257439053
v 0.25188848246649 -0.36595603480534 0.0613517861700668
v 0.252130900832437 -0.322583892492258 0.285328794660588
v 0.252235596054412 -0.347595428128596 0.48321866176914
v 0.252737122212252 -0.365220789717525 0.287693730026898
v 0.252827194487465 -0.361527240129457 0.291750303432731
v 0.252830895406447 -0.322322109897657 0.321692635644442
v 0.25291456431718 -0.323606735214339 0.183182516003232
v 0.252918008309401 -0.323608320369188 0.169245743745226
v 0.253020152082158 -0.349653948474507 0.301203734360545
v 0.253071571138813 -0.359597690870236 0.29371453146452
v 0.253375198827998 -0.36489176576704 0.1222671012093
v 0.253378825890522 -0.364899108271534 0.107510892579152
v 0.253815057664101 -0.322541476199127 0.488117241433781
v 0.253910987004922 -0.364533839485761 0.105801031910839
v 0.254294588826301 -0.322547691845142 0.167332919522776
v 0.25437433882049 -0.346153524613186 0.306596899823919
v 0.254384123062876 -0.322980324294514 0.0537108474958513
v 0.254841642666092 -0.337976861881667 0.495839766137841
v 0.254887404778493 -0.345720089703672 0.341615557098614
v 0.255399232349014 -0.363550591466155 0.0599740859903557
v 0.255690234445388 -0.321467078252982 0.182800115474085
v 0.25714597382627 -0.362248548882755 0.19263707547145
v 0.257856629448701 -0.36175932199537 0.192515710299037
v 0.257865540345866 -0.319031021044959 0.306827439370207
v 0.25920620513745 -0.318558986585315 0.382233054864651
v 0.260021844395305 -0.318887151799189 0.0540893631028692
v 0.260353717195152 -0.317595316343179 0.336928532337571
v 0.260966361156264 -0.341074177448704 0.323717960469757
v 0.261108973461482 -0.317153394338876 0.344861961379335
v 0.261549122269891 -0.316828252415624 0.336217271398557
v 0.26202744364607 -0.316982088653907 0.156730892433064
v 0.262180498880541 -0.358718840873285 0.287542807284405
v 0.262184640723498 -0.316358789160651 0.323735447289214
v 0.262519804136061 -0.316514409069704 0.181928664946804
v 0.262534401123589 -0.358553438000617 0.191720363752824
v 0.262550992271427 -0.316088161944118 0.316540163568517
v 0.262958898890724 -0.358355040981371 0.0767835016119784
v 0.26303066674678 -0.358321498923388 0.0573516628222895
v 0.264090354756882 -0.315020714595408 0.0543840351363333
v 0.264220567586635 -0.314854831491712 0.283749069457188
v 0.264239492262281 -0.31487987676759 0.153512010509852
v 0.264281773849035 -0.314839948200868 0.181615525311939
v 0.264429266407078 -0.314700663777151 0.279650145257875
v 0.264446828369911 -0.342403498640342 0.298068184088397
v 0.264559204167452 -0.314562064586068 0.282420604426993
v 0.26499068080011 -0.31327936405156 0.394348253597209
v 0.26511568846085 -0.313925770620183 0.280019433925301
v 0.265365734498784 -0.313999202978433 0.0544719162715981
v 0.265405182824721 -0.313919112420147 0.279226128346387
v 0.266042495362046 -0.356223578790386 0.0668502958400647
v 0.266061303593456 -0.312959837760154 0.314447515739965
v 0.266074545390415 -0.31340411569229 0.181356548972622
v 0.266204501522122 -0.35596956593014 0.240856185183694
v 0.266204907497711 -0.355969491112969 0.235825350354516
v 0.266218088148041 -0.355981074128452 0.211051095533486
v 0.266476127545892 -0.336864072176013 0.306791550696474
v 0.266540988447347 -0.312448177927534 0.324675083907397
v 0.266804935141545 -0.336544804688031 0.365917414174733
v 0.266881423615328 -0.312085049928693 0.331933649315259
v 0.269128866547513 -0.353971933986577 0.198249711146883
v 0.26926708333476 -0.33464956229805 0.370618958361064
v 0.269275053293183 -0.337366365066426 0.301050831845262
v 0.269733353628951 -0.353558967369476 0.190481480439506
v 0.270310633517107 -0.308427254711412 0.405049316292093
v 0.27045551784533 -0.30987831289113 0.259871125092911
v 0.270947833642447 -0.352728652041018 0.190275481396896
v 0.270950019345591 -0.352727779506951 0.17484617528437
v 0.270957295704281 -0.352735257776212 0.15987420443407
v 0.270959602735502 -0.309499554937646 0.144100189971288
v 0.271440555530479 -0.306867974072042 0.310897515810016
v 0.271805755399026 -0.31633374047972 0.495686819096451
v 0.271836590767221 -0.340583553535426 0.298780855450075
v 0.272024757767623 -0.351989181979234 0.269469932348147
v 0.272252230298934 -0.351838149821442 0.158111532930754
v 0.272596270575525 -0.332119001658554 0.348608813872237
v 0.272635168868054 -0.33208943453574 0.348351646889118
v 0.27266237203313 -0.332067656396493 0.34840957870991
v 0.272763262665543 -0.305417881948544 0.326002187521737
v 0.272855178112309 -0.351506896121028 0.0539623552200956
v 0.274058890186161 -0.304429145610508 0.484967517337792
v 0.27434414601844 -0.342620480568715 0.295354937496483
v 0.275390905946587 -0.302718668928432 0.416622779901167
v 0.275552499474991 -0.329622897828981 0.382864873679901
v 0.275871851150339 -0.329629188177166 0.326953077344812
v 0.276739072108669 -0.301332498042867 0.462688560173144
v 0.276825725497692 -0.348706072698401 0.288137326188735
v 0.276998084813429 -0.301069282447609 0.47147219987575
v 0.277387429583469 -0.304359929757294 0.104112729189765
v 0.277449835739895 -0.327607126811774 0.494235401850696
v 0.277795029514441 -0.328167354066026 0.314238432414858
v 0.277824585189252 -0.307247733885321 0.495143425051507
v 0.277887139374149 -0.30011574834435 0.486434525682985
v 0.278134950246851 -0.310458598020878 0.496549360688094
v 0.278268071348769 -0.327452151552693 0.387941680092573
v 0.278605207440579 -0.327388297385742 0.344145676167939
v 0.278732779421607 -0.32736413502884 0.327573309347744
v 0.278840005763575 -0.327343826171652 0.313643963283297
v 0.278891217578317 -0.327334126564141 0.306991240854886
v 0.279265440306816 -0.347038068546934 0.288236365733367
v 0.279370909961199 -0.346971593950386 0.148445312092393
v 0.279455146926799 -0.326865540069192 0.313295737619106
v 0.279765854008889 -0.302459729774969 0.0820677489422061
v 0.28015291562902 -0.300812462679166 0.491321558888217
v 0.280318077085219 -0.346327816244976 0.0544577732223173
v 0.280454087123022 -0.301896901781045 0.135828601637799
v 0.280771818953466 -0.325771476191094 0.328015586043402
v 0.281419774086351 -0.301141346236309 0.0528966052646257
v 0.28199948182882 -0.32475137279465 0.341740348987664
v 0.282273319773124 -0.300452360935871 0.0777059747358585
v 0.282667105254622 -0.300134495808694 0.0891518406740094
v 0.283618254952091 -0.299339022803069 0.245182264879046
v 0.283708611633788 -0.34400098904546 0.271936134414473
v 0.283988139346755 -0.299061879798701 0.156618796060802
v 0.28450163524703 -0.297168080037222 0.494540605339761
v 0.284604021663263 -0.292245436935812 0.397311328591427
v 0.28492894427013 -0.298308730817093 0.154895011414346
v 0.284940743690492 -0.29826712925298 0.0947777688110118
v 0.285173171690873 -0.291599513571231 0.396119776909978
v 0.285231954699783 -0.298064139654434 0.163702387304575
v 0.28639129968638 -0.297128312004808 0.197400194654358
v 0.287686745421714 -0.296082623317031 0.235053939938143
v 0.287697457184372 -0.320016747247405 0.405441355662333
v 0.288441247832285 -0.319328161714709 0.308063237327969
v 0.288855912457797 -0.295138867271981 0.269037237401034
v 0.288908871448255 -0.295075635252923 0.231968680420027
v 0.288955327998489 -0.295020167022801 0.199451495621438
v 0.288975697933906 -0.294995845710529 0.185193593324218
v 0.289029910311877 -0.294931117170816 0.147247729846099
v 0.28910115325119 -0.29484605446744 0.0973813533804394
v 0.289146484843511 -0.294791929415495 0.0656515809958083
v 0.289165816958821 -0.29476884724053 0.0521200991504755
v 0.289229825858656 -0.316244804472795 0.306963682320684
v 0.289622804175035 -0.286259998287319 0.293204033771431
v 0.290319415561244 -0.31409615935367 0.494115195928298
v 0.29063589093254 -0.292819828698591 0.226370459429325
v 0.290705825664881 -0.285078388039774 0.307479657723064
v 0.290839376501271 -0.285421390430763 0.292273275013247
v 0.291031250741475 -0.284819499493068 0.343885118930673
v 0.291335215591678 -0.338786105978548 0.288726334906631
v 0.291364085317598 -0.291872224765844 0.201951571442139
v 0.291470580895633 -0.338694562285008 0.263819617277159
v 0.291587157801858 -0.291580474068835 0.20356822171635
v 0.291657679850065 -0.291488594671199 0.201877780727533
v 0.291883752994542 -0.338415145780952 0.187797472021089
v 0.291957052539295 -0.315073478709228 0.305670789716707
v 0.29215601518882 -0.338231022625703 0.137702230508462
v 0.292313135902802 -0.290642249406592 0.138893040313661
v 0.292604023310336 -0.337928047513315 0.055270385329011
v 0.292692915530614 -0.282950509037308 0.345509378881825
v 0.293155192120924 -0.315357666466396 0.493744001045553
v 0.293476620063138 -0.289133078266337 0.217197432731057
v 0.294390689815048 -0.287927902438013 0.136366466391419
v 0.294826454624986 -0.28227774195169 0.290394652338194
v 0.29523980515465 -0.313702945064501 0.419900570276331
v 0.295451024745872 -0.31357406598463 0.492123032603308
v 0.295615099669679 -0.279523379660771 0.305781968893327
v 0.29566782954971 -0.313392191917056 0.491963630229736
v 0.295755588665901 -0.294102052928378 0.498950698278918
v 0.295774227231148 -0.313195725240755 0.331260769175268
v 0.295788230421253 -0.286107121670348 0.102866873223577
v 0.296240432084436 -0.28552456731553 0.0510774050091947
v 0.296268268738916 -0.279405206982599 0.493478286119684
v 0.296284804147094 -0.312847514915711 0.450898278024168
v 0.296527971141604 -0.278695732294475 0.367092752075111
v 0.296575273554477 -0.278566507981288 0.344072785179793
v 0.296654691069146 -0.278349549201281 0.305423835843434
v 0.296672008043193 -0.278302241380352 0.296996439753408
v 0.297055852668696 -0.312208401206907 0.461877311820955
v 0.297430550796664 -0.332592179648491 0.055637617202242
v 0.29789349539991 -0.283364284741706 0.0524028509387338
v 0.298387549313845 -0.331393654351402 0.115974150721486
v 0.29846589194724 -0.310323705583667 0.489566866061998
v 0.29925496640296 -0.330271007081144 0.186233892417615
v 0.29931147414616 -0.310284669740112 0.41298522562127
v 0.299618568095332 -0.329998826142645 0.13060499909688
v 0.300057118189191 -0.29840463215649 0.49726453066534
v 0.300462267685592 -0.275528058986057 0.287075477964954
v 0.300538035884966 -0.274092227324574 0.35676221072095
v 0.302749330754853 -0.277079704428792 0.108549230627721
v 0.302755983637171 -0.2770930228363 0.199084884269104
v 0.302812126099224 -0.307299100404258 0.337106281057925
v 0.302854154910969 -0.305420437856416 0.493570137199974
v 0.302879494306062 -0.326539475916975 0.0683749363419081
v 0.303217610771899 -0.271634915271046 0.288036698784945
v 0.303354531741546 -0.306836503815102 0.325349280300239
v 0.303455200036797 -0.286954806751042 0.5
v 0.303490335457252 -0.325895790230115 0.0548634943504371
v 0.30407107670164 -0.306225390602677 0.309817694746139
v 0.304138937309728 -0.325153006321429 0.0659486297165067
v 0.304573655045352 -0.324655164174342 0.073378310848348
v 0.304815253456472 -0.305237048097911 0.323889668041244
v 0.305500866897738 -0.30424484162012 0.322997681032877
v 0.305660944341344 -0.304113884491972 0.33988121772427
v 0.306104319294395 -0.322727725225772 0.174371318033493
v 0.30637206593517 -0.27236892180667 0.0591871736551997
v 0.306762038094093 -0.271878194563238 0.121396025755247
v 0.306804614977964 -0.302543019693749 0.321459949587284
v 0.307299813639386 -0.266206588197805 0.301689123135348
v 0.307567179729848 -0.301382579878187 0.342045213227216
v 0.3077195439217 -0.301181051103169 0.342209587023411
v 0.308539193830116 -0.300291276098731 0.394307333132587
v 0.308812256002652 -0.269214800830861 0.104119319513316
v 0.309380038166628 -0.319057042569772 0.195752258591238
v 0.309553180479042 -0.318761619568039 0.240366134920914
v 0.309584082779681 -0.263726425584614 0.339249461028159
v 0.309972638238009 -0.318472206442323 0.165651342911471
v 0.310313089163052 -0.318237544591043 0.0539803399077026
v 0.31100692195305 -0.266382284412058 0.162049878566092
v 0.31128707502652 -0.26260024003949 0.493766171187
v 0.31160900506605 -0.262073617448592 0.466243518904183
v 0.311698868516563 -0.316495314041074 0.195154028168583
v 0.312026386800264 -0.316259209291163 0.0955642010390671
v 0.312227887482322 -0.294926555754958 0.385008204882753
v 0.312501118402217 -0.309144305748773 0.293809936974106
v 0.312640603243617 -0.294391409483333 0.384054843948091
v 0.312996057098974 -0.263527565179177 0.494961604876048
v 0.313268005900093 -0.314698325650503 0.221971867553379
v 0.313642545625064 -0.314269399831358 0.22837305733634
v 0.313780797898511 -0.293329892179769 0.493423184299791
v 0.314039549993507 -0.313825265748214 0.227196818449058
v 0.314838484441138 -0.257582351566733 0.291456927482615
v 0.315120617697905 -0.258310780768629 0.493839653704111
v 0.315266594054809 -0.260860817404746 0.176402092546746
v 0.317041227003245 -0.255230347068287 0.339791781532003
v 0.317209376229744 -0.310184637556862 0.289333105368525
v 0.317231126795024 -0.255652587675333 0.444799036289583
v 0.317745034802161 -0.257630069467182 0.109896481921428
v 0.318152290468979 -0.309252718376271 0.193492851514047
v 0.318550815863616 -0.305916593164957 0.291403317695628
v 0.318620331581573 -0.308790134959899 0.14591993641862
v 0.318732777042061 -0.253688071433036 0.397799337158966
v 0.319041459152749 -0.25595217126588 0.124789364494534
v 0.319064045873544 -0.308351594695913 0.100819662595286
v 0.319142780192575 -0.253244853984403 0.400379107928948
v 0.319366243773092 -0.252963400875699 0.395186620498709
v 0.319455451846235 -0.307964752798559 0.0610361422899242
v 0.319742298334899 -0.252086932431315 0.319808194874693
v 0.319927875362658 -0.251777614489363 0.289905017093223
v 0.319991644811317 -0.251714667023184 0.292876188729552
v 0.320025590947448 -0.306242364096217 0.193040559946314
v 0.320182302499372 -0.254493022946163 0.209626788559685
v 0.320285825547009 -0.25436634417607 0.240954160215086
v 0.320331501113223 -0.306305656592455 0.102015769552811
v 0.320352743354074 -0.254237641988439 0.0680813245118162
v 0.32039551822498 -0.284366628190824 0.362157939370765
v 0.320424952375467 -0.254153167763532 0.105964076325789
v 0.320463310823611 -0.254108293866711 0.126087927098845
v 0.3205460685359 -0.254011479182538 0.169504799600919
v 0.320622984477591 -0.253921498534249 0.209856925600829
v 0.320627450348739 -0.253916274103888 0.212199839063166
v 0.320677467173053 -0.253857761574779 0.238439980605464
v 0.320719584683997 -0.253807471036342 0.264079676156381
v 0.3207202122981 -0.25380853313486 0.26407140627363
v 0.32072632189777 -0.25380060853595 0.264070454134704
v 0.32130500808705 -0.253049086473225 0.234430749076412
v 0.321522737777637 -0.304173901746333 0.137372447565473
v 0.321626783434259 -0.252631206666953 0.217949750284697
v 0.321643535585957 -0.249874337401597 0.30574209491007
v 0.321659313746369 -0.303955399969602 0.137180001504743
v 0.321736751941173 -0.249977738104287 0.340104562663663
v 0.32177317218466 -0.252441096072129 0.210451870663422
v 0.322463002282819 -0.30283035791654 0.109700131303486
v 0.322575871418356 -0.249017941654817 0.423391949602934
v 0.322599871024802 -0.248761386854496 0.298666749697351
v 0.322625398747492 -0.251334335488805 0.166801712022828
v 0.322779820301842 -0.302999997178707 0.289530950934812
v 0.322792426706095 -0.25108568908703 0.224783564007126
v 0.322864702052586 -0.248557081259058 0.313895071336669
v 0.322891925632056 -0.280154703237673 0.483310653003026
v 0.323196663183584 -0.248138975131551 0.306181492255666
v 0.323336783541693 -0.25039355362877 0.165860624299428
v 0.323368714488962 -0.25036901405962 0.128729852437332
v 0.323440806730382 -0.247831475537849 0.300508477015387
v 0.323654433657712 -0.247534122851119 0.290864681120585
v 0.323777771390431 -0.269236824953481 0.496920797982987
v 0.323778512939613 -0.300988842524666 0.0647199425144663
v 0.323860694880351 -0.24730262504309 0.290751791224436
v 0.323912529030913 -0.249662778739203 0.100876236905397
v 0.323949917742182 -0.247190248557526 0.288678573801361
v 0.324084245506923 -0.247025850383139 0.290626908119024
v 0.324501355347404 -0.248898088003268 0.0707171650722659
v 0.325019960157368 -0.245880668070473 0.304198822819759
v 0.325195368389798 -0.245665993217216 0.306743001824773
v 0.325340807085735 -0.245487996835429 0.308852492762533
v 0.326019609044125 -0.270379551942461 0.49557156006624
v 0.326291892677326 -0.24441389088941 0.307052777828307
v 0.326697620123497 -0.270623737431015 0.491150907165999
v 0.327259275272483 -0.275457686971644 0.347484569972102
v 0.327536155735226 -0.242801200767486 0.340694555505812
v 0.327637905463515 -0.242693663364003 0.360159250448304
v 0.327673811994339 -0.2750118592075 0.334592334672006
v 0.32840452212525 -0.274225991884473 0.31186699709106
v 0.328502598724666 -0.295101716214324 0.128915001582013
v 0.328548221845993 -0.243475321437444 0.21408074294193
v 0.328565554672295 -0.274052803897455 0.306858829230354
v 0.32872331800975 -0.294623272410206 0.0686689243694801
v 0.328729723524856 -0.241340442703047 0.358006457401007
v 0.329106444543456 -0.264591087350323 0.496113416828542
v 0.329335247327496 -0.24250091110083 0.0738030743025148
v 0.329462269459458 -0.271930202497025 0.485421484604722
v 0.329497675424872 -0.293790993387318 0.120462870482517
v 0.329606795247283 -0.293673711448253 0.127761497823689
v 0.329628697433802 -0.293650170987429 0.129226455278904
v 0.329808317954614 -0.293457114927484 0.141240617465636
v 0.329884273504045 -0.271372505294483 0.454590835409113
v 0.329989732513728 -0.271643252512371 0.386174555049124
v 0.330543160979861 -0.292667305954153 0.190391590011264
v 0.330650678360713 -0.292573370025099 0.148499835546201
v 0.331013290262225 -0.239146892964508 0.286824548175937
v 0.331897402083713 -0.291304237360332 0.0710779964573588
v 0.331940987075623 -0.291164923056501 0.283887084553574
v 0.332030279054014 -0.291068952075819 0.289859499651316
v 0.33264993954084 -0.23729488533468 0.284362905516052
v 0.333220456380561 -0.289911707238662 0.0926379044801786
v 0.333565146517694 -0.267551884961212 0.309625113050923
v 0.333891611471633 -0.289167444784549 0.189521162239765
v 0.333908089875028 -0.289201854820792 0.0723149327390354
v 0.33436237635131 -0.288634347198256 0.282567333758477
v 0.334598459862461 -0.266053737428242 0.331956867152205
v 0.334630688749737 -0.265395587320755 0.418744550842762
v 0.335050564979495 -0.267994019640593 0.299594216446081
v 0.335135052163557 -0.234728483744732 0.280814185310422
v 0.335232500581263 -0.265005440432841 0.363828223733934
v 0.336056183581673 -0.233606544203126 0.0778293323745147
v 0.336067686426478 -0.233588964887948 0.082777701703207
v 0.336180674484906 -0.263464840992207 0.429195691814248
v 0.336202074086667 -0.233383585864366 0.140589468017655
v 0.336232682305052 -0.233336808608206 0.153756712436127
v 0.336361824437787 -0.233139446104186 0.20931192329782
v 0.336522711528691 -0.232893569112279 0.278523388764481
v 0.336531809685934 -0.232879664780227 0.28243729380374
v 0.336627533543608 -0.232638404616681 0.30535696693802
v 0.336769195649238 -0.286189455371055 0.121326522331805
v 0.336769651924035 -0.232280212787209 0.339385127783933
v 0.336777943259858 -0.232259315499058 0.341370366485535
v 0.336783280151041 -0.232245864523818 0.34264820676926
v 0.337260124394532 -0.231330746103208 0.341517520177846
v 0.337358392491722 -0.285569102128584 0.131419638809173
v 0.337370881243498 -0.230764888525673 0.483340666304587
v 0.338398939581436 -0.230427456794708 0.0792385622719928
v 0.338607579264425 -0.228828688133582 0.304596364830074
v 0.339587110747254 -0.226917079445072 0.315052972309741
v 0.339980750148755 -0.282808075663129 0.176341402419069
v 0.340129541151257 -0.26218089878977 0.299879616555953
v 0.340168562923627 -0.282610331453608 0.179558690897267
v 0.340406978024408 -0.2251128813857 0.303834022240848
v 0.34046490842053 -0.224996774729332 0.304153884720569
v 0.340494329129954 -0.224934954674039 0.303797703240702
v 0.340761370036475 -0.282012799992294 0.178637237910003
v 0.340943134442094 -0.281794801025812 0.192827330496527
v 0.341731152667841 -0.258450429815259 0.305608003544074
v 0.342562823337662 -0.221109815317214 0.346819035040432
v 0.342760577043795 -0.280232712593883 0.0777368291691025
v 0.343183362333079 -0.223909138703879 0.147136097507018
v 0.343344430271782 -0.279362792962864 0.193910622242563
v 0.343434864518523 -0.279459822104015 0.115476540405817
v 0.343535503298126 -0.279054639062119 0.261545987603273
v 0.343641242935992 -0.254469600861576 0.312445730917029
v 0.343752240680583 -0.279096035104314 0.133240009487595
v 0.343789297177634 -0.279044206397411 0.0783791082492278
v 0.3438840780475 -0.254154159920525 0.312535723219227
v 0.343896317031063 -0.254143896853709 0.312517224277727
v 0.343901036048238 -0.254132131608071 0.31254200768739
v 0.344005025406178 -0.217915166416942 0.286062122513227
v 0.344020140568886 -0.278537705267987 0.284986189185818
v 0.344241790130827 -0.229604591013014 0.496025607014378
v 0.344402918564873 -0.21687155169133 0.283646332037515
v 0.344421461519372 -0.216886588306325 0.283637901690616
v 0.344464354839983 -0.216742284382364 0.282870791845681
v 0.344488921671239 -0.278251627113533 0.174471871123636
v 0.344603706287628 -0.277940660185369 0.255534010754697
v 0.344846379563211 -0.277841897116183 0.194478705193581
v 0.344881397524029 -0.274782166882679 0.290049414311314
v 0.344983834075163 -0.277684342231866 0.202172001871418
v 0.345106811124045 -0.217442343223537 0.283326315157031
v 0.345269373094276 -0.253395885808536 0.308793068293313
v 0.3456916359173 -0.276788873546845 0.288534130410193
v 0.345818104083569 -0.276728074497931 0.24886589785901
v 0.346252665129942 -0.276204505320352 0.283781164272518
v 0.346440131279664 -0.276015086458972 0.283680613602444
v 0.346525402821715 -0.275917345411751 0.28845324173856
v 0.346776878295629 -0.275625969180267 0.283495214508316
v 0.34736256705598 -0.2112712133566 0.351925458465605
v 0.347737392025879 -0.217679809774993 0.274216658113314
v 0.348524021568636 -0.248746440054068 0.311722864879585
v 0.348846515368176 -0.207906491645913 0.297458003034822
v 0.348884836652232 -0.216198531043912 0.0848157608488065
v 0.348937977569037 -0.216079885809622 0.20156389403594
v 0.349024110177102 -0.207842044852611 0.351413487304927
v 0.349028775110316 -0.251995317929719 0.300379686306981
v 0.349480731881804 -0.206926863481406 0.353934722451535
v 0.349505049700135 -0.215353190349841 0.0851457963855842
v 0.349527281217809 -0.272438744961014 0.226686641720467
v 0.349593514459311 -0.215168543726429 0.256606010769498
v 0.349962955209077 -0.246118369127158 0.334413291012572
v 0.35007363921863 -0.245979206413781 0.333804501568855
v 0.350140508207937 -0.245895132209834 0.333436705579476
v 0.350260381824882 -0.245745411059622 0.333824300136069
v 0.350290549336082 -0.214269742522088 0.138975486240197
v 0.350551909593177 -0.245377878332892 0.33117389615041
v 0.350594422575483 -0.213852795856542 0.150683206735886
v 0.351147876312662 -0.270561439784208 0.19731771634335
v 0.351947749475688 -0.211995886246648 0.202824596738237
v 0.352279009894571 -0.243249208056441 0.315646802333861
v 0.352375379254827 -0.243244562114231 0.315189812136842
v 0.352819395214378 -0.268624706667235 0.164362469847231
v 0.353053959173126 -0.210504375068056 0.135793829640825
v 0.353054084414603 -0.21050034606334 0.151863527044383
v 0.353113248308705 -0.210396696883736 0.247729289898806
v 0.353305714281732 -0.241915526958774 0.316027288874311
v 0.353331106401569 -0.210137771047322 0.0895299503776734
v 0.353421376786814 -0.210003777209873 0.13521212876764
v 0.353449346329092 -0.243444995606222 0.311001683256669
v 0.353454635569067 -0.209954409171275 0.152043048673749
v 0.353459892739989 -0.209946605631897 0.154703489517261
v 0.353493738714172 -0.241699017443834 0.33591114569962
v 0.353556318466253 -0.209803475046424 0.20350063618591
v 0.353641078406311 -0.209677660698788 0.246394201906265
v 0.353687431442139 -0.209608856061131 0.269851592122019
v 0.354178817399359 -0.208441662148864 0.24446137082516
v 0.354248617145587 -0.266968714956442 0.136184289515384
v 0.35494518941967 -0.266158652101225 0.104385282404479
v 0.354954336673273 -0.206599563566157 0.204389802447358
v 0.354985065362559 -0.239981759717968 0.493621104833303
v 0.355110441436768 -0.23922670640286 0.337189982904559
v 0.355487442708492 -0.205333271541003 0.17684387849486
v 0.35592857032048 -0.265022209328872 0.103062755009439
v 0.35593755099032 -0.204264124898347 0.153586500632851
v 0.355946186356082 -0.204191703481057 0.237895358770053
v 0.356235681541215 -0.194426492731996 0.492778316458207
v 0.356427073449479 -0.20310135737141 0.128292567452202
v 0.356456918574127 -0.253401718134642 0.295251311704251
v 0.356566792169324 -0.20271779874392 0.205458656632051
v 0.356659561248701 -0.202503765431461 0.190343050881241
v 0.356793542176154 -0.26401999533272 0.0860091873311585
v 0.357064194027473 -0.201587998576583 0.0953721466905906
v 0.357785166163525 -0.241973227317762 0.300871729365297
v 0.358030814693057 -0.26250412633138 0.137242429455432
v 0.358271782461958 -0.18908575553631 0.362184654341069
v 0.359060760860833 -0.237819703918631 0.308947863674512
v 0.359495051754361 -0.220761259982559 0.498118639886377
v 0.360057712063427 -0.185543237829513 0.378755505677382
v 0.360075643741931 -0.260071181643744 0.155446571120476
v 0.360166468779061 -0.19405694637602 0.19988689395313
v 0.360778335231108 -0.243604683202281 0.298209298532992
v 0.362744944082803 -0.180390024247588 0.295151783212901
v 0.363270937799475 -0.256248691973456 0.202934672393168
v 0.364558315271793 -0.254635977478503 0.288832928061904
v 0.364905882311688 -0.182705624516385 0.108061359322677
v 0.364919673031132 -0.254425002430979 0.0907922466644637
v 0.3652835304563 -0.233391005952019 0.301293080818945
v 0.366057313602186 -0.246147245661673 0.292965988046429
v 0.366172815945869 -0.172687723037355 0.303596957210619
v 0.366197528542443 -0.252916253782157 0.0914623243707181
v 0.366261899612096 -0.252782720641846 0.144373511772037
v 0.366268745774785 -0.252768518771226 0.150000862676254
v 0.366330963572516 -0.252639452438181 0.201142121835079
v 0.36636803581093 -0.229388370709004 0.305853888969124
v 0.366417941557618 -0.252459022882618 0.272635550394588
v 0.366427530114015 -0.252439132114084 0.280517070884507
v 0.366437695220033 -0.252418045334953 0.288872498756028
v 0.366998075240892 -0.171241555201096 0.345927670429054
v 0.367673785551397 -0.249833126443871 0.271829236324152
v 0.367733523374046 -0.249708216226853 0.271695285347396
v 0.368322028787681 -0.219543073036858 0.492112448597575
v 0.3685242701299 -0.248052321290873 0.14716807135945
v 0.369075667312358 -0.247012725778447 0.289005746096314
v 0.369227873516583 -0.172231606481392 0.224268849811146
v 0.369269356536421 -0.218236749797038 0.348042751845399
v 0.369461233360853 -0.21797216010749 0.318862105605007
v 0.369772403037055 -0.170991072676535 0.109772975486545
v 0.369941253820813 -0.170552305110649 0.162593835066421
v 0.370013539857791 -0.170364466074392 0.185206763024498
v 0.370108261076664 -0.170118328048154 0.214837991793454
v 0.370139014760334 -0.170038412997567 0.224458533496131
v 0.370305973065153 -0.169604563136883 0.276687377083683
v 0.37075729996376 -0.168618745222283 0.110119475507074
v 0.37099232316599 -0.214220789201255 0.350129609182094
v 0.371039074452397 -0.242795058157908 0.197649775693371
v 0.371151153392075 -0.163029174025391 0.389104308824743
v 0.371161677381167 -0.195925113560391 0.498180060296072
v 0.371241446830068 -0.220047222471332 0.30238031759159
v 0.371325348225615 -0.213447759245551 0.350017902978679
v 0.37135549935556 -0.213374579313943 0.350521832491244
v 0.371691831051332 -0.166298269832568 0.22478221818323
v 0.371885913264136 -0.165835240628221 0.217513170275173
v 0.372598705837279 -0.239735718117406 0.270827432664116
v 0.372783282723252 -0.15926276953791 0.308117900804195
v 0.372814429250749 -0.163607996504916 0.21890379667821
v 0.37286192939106 -0.163506722397975 0.180958001807265
v 0.373165621390481 -0.15863491306436 0.335388911773327
v 0.373222355538944 -0.238229998900079 0.198936531674194
v 0.373247834140735 -0.159291788295649 0.485164694507798
v 0.373294633915176 -0.162474403008037 0.164751725763695
v 0.373556792975251 -0.237734281528866 0.258793405204171
v 0.373767385064775 -0.161340543132737 0.165055016845984
v 0.374226283422421 -0.216464436149106 0.301063865794965
v 0.374307901326593 -0.160057012993147 0.126801368279232
v 0.375794648282226 -0.156458550097349 0.225630060598708
v 0.376196140931039 -0.201303840924216 0.356122544092318
v 0.376737175716865 -0.230879825191958 0.152344847350801
v 0.376887295155059 -0.15145773361427 0.407180504514529
v 0.377267103341347 -0.150713921094952 0.412442662176824
v 0.377316787959166 -0.152825220279543 0.174336457693417
v 0.377840148040842 -0.159927921616035 0.494870513046262
v 0.378237005380669 -0.227743389185703 0.132463434732959
v 0.378376304194361 -0.14777655857435 0.288762870381015
v 0.378774173249187 -0.19498334734928 0.384397341102046
v 0.378808638355412 -0.147088143326592 0.287624980950392
v 0.378849428620964 -0.146122038625353 0.442010258540247
v 0.379196385326051 -0.148294938190181 0.242186097441341
v 0.379597666188821 -0.145269686513398 0.284790758436586
v 0.379805877326208 -0.146863116271229 0.152522751607868
v 0.37984685782569 -0.192765168216192 0.492441758630799
v 0.380626880262705 -0.190193124537893 0.346721461891219
v 0.380707412399281 -0.14051788116902 0.486899459643849
v 0.380713446693098 -0.222564667970131 0.0996362725928022
v 0.380751906908116 -0.144301305820893 0.282924754963436
v 0.382077934416931 -0.137595564411199 0.461976056663059
v 0.382078545031439 -0.219769730706941 0.100402436812953
v 0.382242627778613 -0.195520397016782 0.304320555440841
v 0.382328826823365 -0.195215118642204 0.304403610045655
v 0.382453625269748 -0.140508619472847 0.166415564341322
v 0.382651125458375 -0.141682034852138 0.491641414563576
v 0.382984136170627 -0.184483333385663 0.388812128785453
v 0.383107573510932 -0.193308426117597 0.304996385166379
v 0.383271811157671 -0.137898759020326 0.303797400025646
v 0.383304700938698 -0.217334641553869 0.124884565125827
v 0.383331416157724 -0.138367755615345 0.273674400555446
v 0.383352165798169 -0.217337383429824 0.156454702413473
v 0.383483577938644 -0.192628853933253 0.304614336043977
v 0.383571185857401 -0.191882794136559 0.305403054978403
v 0.383879719872093 -0.136378405252654 0.303478831326204
v 0.3843080609874 -0.135687209362292 0.285048172278209
v 0.384443702909456 -0.180909999178583 0.390326022457722
v 0.384485832063854 -0.180519133851546 0.339208564024741
v 0.384575436355538 -0.134648149748934 0.302649508924417
v 0.384713974846655 -0.135053794572968 0.268536209774766
v 0.384767161950272 -0.214643956668779 0.221544058113039
v 0.385087951143945 -0.213936751471385 0.205809705954449
v 0.385094167895152 -0.178913239722186 0.31911419875403
v 0.385256289410164 -0.213494633127552 0.175138639797396
v 0.38542970359774 -0.213502594106335 0.289831809360712
v 0.385567237066946 -0.17785360426864 0.337126580987444
v 0.385935850569452 -0.143137226486544 0.49578747871732
v 0.38597440320687 -0.166632317077987 0.495359553312869
v 0.387222071343958 -0.174146913631802 0.400135352870529
v 0.387295550844221 -0.209421985659559 0.208668252972477
v 0.387397944321144 -0.123679472806602 0.48845537890864
v 0.387434153538301 -0.209118861529072 0.20263909512058
v 0.387868784437935 -0.127502404425803 0.224948172292395
v 0.387925565957329 -0.20804414243204 0.181262865283498
v 0.388428654801532 -0.206943886989904 0.159378715950383
v 0.388832078792532 -0.113271612612154 0.291732623754563
v 0.388903056370113 -0.125037675287107 0.177889966799643
v 0.388988155603406 -0.173815066357876 0.31041571992477
v 0.389457525835366 -0.169139682184225 0.485251575117579
v 0.38952432180846 -0.204547662941149 0.111717670241957
v 0.38953521422868 -0.204523841215098 0.111243854625784
v 0.389649334407037 -0.168027400710956 0.319542673024765
v 0.389657840053095 -0.204262612867461 0.111426893096353
v 0.389763098910371 -0.167793566042534 0.32919367179845
v 0.390087947749472 -0.122193834922362 0.18454246165788
v 0.390095861337954 -0.122161812494551 0.223696460220864
v 0.39010062735322 -0.122142526758358 0.247277235908608
v 0.390105593935886 -0.122122429423849 0.271850357320481
v 0.390105645892289 -0.122122219181659 0.272107421601865
v 0.390231316284875 -0.121652368693097 0.271973882260023
v 0.390799348273152 -0.168883128353374 0.311886446555357
v 0.390964882048126 -0.118911550802532 0.242203726094717
v 0.390988626743317 -0.115697795081187 0.273779960148733
v 0.391012048817908 -0.115889987703494 0.273521205556588
v 0.391229298184359 -0.105852582890485 0.28808602703583
v 0.391788808210978 -0.199849186587669 0.21468820049646
v 0.391833855146409 -0.144751796488562 0.495692924122574
v 0.392189545292385 -0.0966360425493098 0.296693440194387
v 0.392718267747258 -0.0940459613017989 0.299259042385546
v 0.392780236044507 -0.160938343951014 0.419466919556668
v 0.393274976200753 -0.168202579564287 0.300839722000633
v 0.393381622910982 -0.196427380647724 0.194335154075879
v 0.393457899603056 -0.0908627854351514 0.329350086934375
v 0.393640681073842 -0.0901304344940221 0.340055658954456
v 0.393812616074012 -0.0893770455649467 0.351085157003187
v 0.394133342601895 -0.157788290136534 0.440774744929637
v 0.394157960545977 -0.0888508123879246 0.460693324025202
v 0.394189694037016 -0.145420341510738 0.495833658539627
v 0.39421502543449 -0.194610678497893 0.162802427672059
v 0.394233584650061 -0.106691783873088 0.220995090429029
v 0.394424655011072 -0.157098540104591 0.442429785297503
v 0.394448496951014 -0.0876598065890167 0.486603224190943
v 0.394703114087921 -0.163959028217151 0.302763524999845
v 0.394883963672602 -0.104259784770553 0.2266223909957
v 0.395041808765212 -0.090855311266828 0.28744274175453
v 0.395142292052718 -0.103351547787807 0.228722586121779
v 0.395171946948005 -0.103180573681494 0.2667238901699
v 0.395232813284142 -0.0900539015304187 0.287491215778557
v 0.395273137305279 -0.0813574653906213 0.301249594053835
v 0.395294225646173 -0.082656391100002 0.425882637465103
v 0.395528069280959 -0.163097334133181 0.301089327030172
v 0.395621204913385 -0.100128537784525 0.236213315795018
v 0.395690616759823 -0.163064221433306 0.300953273540976
v 0.396069591951089 -0.145883793826866 0.495945911361371
v 0.396263138192894 -0.145944007406414 0.49546862710907
v 0.396459831939916 -0.0944820209910403 0.245805250837326
v 0.396552094217608 -0.121118864289235 0.496989935322729
v 0.396726105356355 -0.0749769497750606 0.393227839658443
v 0.396876626684719 -0.188873970229633 0.113834979414716
v 0.396943512227751 -0.0740222364647112 0.406990497824681
v 0.397296133704955 -0.0718638126529895 0.402310945743633
v 0.397548392056033 -0.0890678268137262 0.490056314427392
v 0.397662692041641 -0.145935744457792 0.492490570829183
v 0.397691938753421 -0.187197918444749 0.163285663826679
v 0.398099218033937 -0.186360667051987 0.18798815498496
v 0.398144651556952 -0.0671603096814466 0.300832889283627
v 0.398310890210106 -0.185925528726065 0.20082659364468
v 0.398379892863164 -0.0660656479732698 0.297736163316601
v 0.398557313261974 -0.185418952395633 0.215772758478422
v 0.398647244897047 -0.063768573676975 0.341361819123466
v 0.398648287881438 -0.0631928183488748 0.366908849670327
v 0.398856021235278 -0.0622524385058865 0.362997725413905
v 0.398857899240145 -0.15161355073336 0.308360315203893
v 0.399191704593552 -0.0620698148518482 0.296818085201587
v 0.399231364532752 -0.145608504801637 0.486751402663513
v 0.399634976823425 -0.0591114118312655 0.331085608150366
v 0.399730871269825 -0.0724468277662815 0.268615601867502
v 0.399744654635638 -0.0723554262516035 0.270614190158889
v 0.399746224630444 -0.0723406113884188 0.268725493120211
v 0.399755898008669 -0.182955000025553 0.28846987449701
v 0.399868516431161 -0.144049553900485 0.473651433751227
v 0.399915456808449 -0.0630127734242376 0.288681152192634
v 0.400171840144993 -0.182395717314818 0.215958461720991
v 0.400171895290905 -0.182434956769814 0.202957694657776
v 0.400245663457873 -0.182296453261151 0.203088804513329
v 0.40034780908887 -0.182159106547739 0.18528170259792
v 0.400406079997338 -0.06674955459231 0.274487914801662
v 0.400452521800151 -0.0635117792758166 0.282969140134594
v 0.400472041234888 -0.181992061939084 0.163624246828774
v 0.400688977495766 -0.0639171601780147 0.27739947454825
v 0.400750609185541 -0.181617494841984 0.115061348550584
v 0.401186388659697 -0.161711952955942 0.296460230032275
v 0.40188137469664 -0.090901092449814 0.497490829841037
v 0.401967497359898 -0.133761897881368 0.49628847893424
v 0.402529749494013 -0.177731299159337 0.182468049395578
v 0.403815616918747 -0.175378073126339 0.116064416452455
v 0.403927579691729 -0.0919566982380284 0.497329702773465
v 0.407460285937971 -0.167563967142278 0.217003122104688
v 0.407632484799378 -0.125382239837872 0.488040582072209
v 0.408473600606585 -0.123041573997888 0.321313346766531
v 0.408607656670328 -0.165551878934205 0.135592227259817
v 0.409829607581003 -0.129933582552514 0.304002218226369
v 0.410651962582533 -0.128494365935781 0.303350075348222
v 0.410721996451368 -0.128669672023375 0.302772560037057
v 0.41078910445912 -0.09319881073706 0.24753866941957
v 0.411011177552644 -0.126849401777354 0.302514896829948
v 0.411046012515681 -0.0929264687219227 0.247994471800618
v 0.411243470895959 -0.093075742585054 0.247733960518131
v 0.411336082314609 -0.159951701604763 0.148094187385899
v 0.411397823951618 -0.159271692419716 0.288209394034917
v 0.41186753057946 -0.0961989574642889 0.493877738454204
v 0.411939247888418 -0.158657158447461 0.165144231571944
v 0.412098829545813 -0.158314656568073 0.16965522229823
v 0.412587996732948 -0.0984099915833336 0.458247870313418
v 0.412796488479266 -0.0967977702814287 0.491491957456101
v 0.413161203336764 -0.0954722076561041 0.441642956641257
v 0.413258170398154 -0.0947416256302634 0.437640406184571
v 0.413378692416217 -0.0909537580437751 0.316031609256211
v 0.413681746001738 -0.0893538177595323 0.331199009048759
v 0.41371706277195 -0.154837284485905 0.216470779234744
v 0.413754278171123 -0.154761652578428 0.216450784636098
v 0.413763283020652 -0.0911716542384316 0.313699904462926
v 0.414084007443854 -0.102696852027023 0.303798652400984
v 0.414110827241619 -0.107338444536271 0.29975307845299
v 0.414201036278468 -0.0868697024868811 0.367614566585671
v 0.414880295095986 -0.152344940537185 0.248280582550289
v 0.41501812301156 -0.15207676733218 0.165573223477991
v 0.415707000595079 -0.0778905111422342 0.401326811460779
v 0.415744895116906 -0.0774852961380369 0.394914505911547
v 0.415793554095791 -0.150384859855564 0.274096224185191
v 0.415818552508248 -0.0750026996397011 0.313803829956309
v 0.415840166236578 -0.0748514459996799 0.313381127040538
v 0.415886793171649 -0.096159505365923 0.298170675331807
v 0.415893108302538 -0.0763837773440263 0.398103649127622
v 0.415989927276863 -0.149971854242246 0.253139510136545
v 0.416116419774999 -0.0735124958853607 0.33204711738361
v 0.416198576858585 -0.0729806647268954 0.338421106885319
v 0.416200501862416 -0.0743059705613764 0.311722294854143
v 0.416224590779672 -0.14949765300479 0.167513260291146
v 0.416229204986668 -0.0723064571806359 0.312962215297585
v 0.41624998560976 -0.149428193531671 0.215092210341194
v 0.416270937551675 -0.149370886164733 0.254347105701497
v 0.416280603726535 -0.149344447420684 0.272457345039345
v 0.416288952828475 -0.149321611110311 0.288099958232263
v 0.416592564280534 -0.0697930907203068 0.331724068953534
v 0.416596233833868 -0.0704925217755699 0.374303797979691
v 0.416745062708179 -0.147162991365374 0.269291608504542
v 0.416958265872168 -0.146153970118634 0.260499868071376
v 0.41704486652525 -0.113362898226443 0.296145209609431
v 0.417384717900585 -0.0660086137174128 0.311677127568018
v 0.417418517370033 -0.143974257353507 0.264666762922931
v 0.417491545064668 -0.0651477831087596 0.3215768864981
v 0.418091452568454 -0.140790965969518 0.213771277793081
v 0.418428860497509 -0.100586043558555 0.295076971533971
v 0.418993127791742 -0.136523630340277 0.176589397515837
v 0.419095837640626 -0.136032376409075 0.252423605941655
v 0.419361670181081 -0.134772624209497 0.267107326972083
v 0.419739642757971 -0.11698782145082 0.292908965267409
v 0.422123972213403 -0.0852806055177192 0.29436584388778
v 0.422124222542496 -0.121689678160201 0.287900680956746
v 0.422387090381882 -0.0845822435238145 0.294359772557422
v 0.422615173627538 -0.119371263815639 0.188580659246132
v 0.424389106193658 -0.110964704636126 0.287823334087538
v 0.424461468649187 -0.110627113814727 0.209182532192657
v 0.424551036182691 -0.110202918302558 0.210166126182382
v 0.426322465999509 -0.0699246955018416 0.296986018752465
v 0.426731446157913 -0.0974299250658019 0.23982792244329
v 0.427032236294471 -0.070261068325906 0.295537553765238
v 0.428674606155591 -0.0860634460794933 0.259128505482052
v 0.4300387626999 -0.0714756125159627 0.289537628517608
v 0.430955477140615 -0.0727421645069193 0.272963557141454
v 0.431104121303053 -0.0718397819134932 0.288500723323725
f 562 560 567
f 562 568 560
f 568 564 560
f 564 589 560
f 560 569 567
f 560 585 569
f 560 586 585
f 560 589 586
f 597 562 567
f 562 594 568
f 599 594 562
f 599 562 597
f 564 568 594
f 589 564 594
f 597 567 569
f 597 569 585
f 575 574 578
f 575 592 574
f 578 574 589
f 586 574 582
f 592 582 574
f 589 574 586
f 578 592 575
f 587 578 589
f 578 587 592
f 586 582 583
f 592 583 582
f 586 583 584
f 667 584 583
f 592 718 583
f 667 583 718
f 584 667 586
f 586 667 585
f 629 597 585
f 629 585 664
f 585 667 664
f 588 587 589
f 587 588 591
f 587 591 592
f 588 589 591
f 589 594 591
f 591 740 592
f 594 715 591
f 591 715 722
f 591 722 740
f 592 744 718
f 740 744 592
f 594 599 715
f 633 599 597
f 629 622 597
f 633 597 622
f 599 633 715
f 629 633 622
f 664 633 629
f 696 633 664
f 696 715 633
f 664 667 696
f 696 667 720
f 667 718 717
f 667 717 730
f 720 667 730
f 722 715 696
f 756 696 720
f 756 722 696
f 718 770 717
f 730 717 757
f 717 770 757
f 718 744 770
f 756 720 730
f 722 742 740
f 756 742 722
f 756 730 748
f 748 730 757
f 742 771 740
f 740 799 744
f 740 771 788
f 740 788 799
f 742 756 771
f 744 799 770
f 756 748 753
f 753 748 780
f 748 757 781
f 780 748 781
f 771 756 753
f 788 771 753
f 797 753 780
f 797 788 753
f 757 770 806
f 784 781 757
f 792 784 757
f 792 757 794
f 757 806 794
f 770 799 806
f 780 781 797
f 781 784 797
f 817 784 792
f 797 784 801
f 784 807 801
f 817 807 784
f 788 797 801
f 799 788 801
f 810 792 794
f 817 792 810
f 794 806 865
f 820 810 794
f 820 794 865
f 801 807 799
f 799 821 806
f 799 807 817
f 799 817 885
f 799 957 821
f 799 885 957
f 821 865 806
f 810 820 817
f 820 864 817
f 864 885 817
f 820 865 864
f 821 949 865
f 821 957 949
f 864 865 874
f 869 864 874
f 864 869 885
f 874 865 882
f 865 888 882
f 865 887 888
f 949 887 865
f 869 874 951
f 869 925 885
f 925 869 951
f 956 874 882
f 956 951 874
f 882 888 977
f 882 961 956
f 882 977 961
f 885 925 951
f 885 951 957
f 888 887 895
f 949 895 887
f 888 895 919
f 888 919 970
f 977 888 970
f 949 919 895
f 949 960 919
f 919 960 970
f 957 970 949
f 949 970 960
f 951 956 961
f 951 961 957
f 961 977 957
f 957 977 970
f 474 471 465
f 465 471 480
f 465 514 474
f 465 480 521
f 465 521 514
f 474 485 471
f 480 471 486
f 486 471 485
f 474 492 485
f 492 474 495
f 495 474 500
f 500 474 533
f 514 506 474
f 474 506 519
f 474 519 527
f 474 527 531
f 474 531 533
f 482 480 491
f 482 521 480
f 480 486 491
f 491 521 482
f 486 485 492
f 491 486 492
f 491 492 499
f 499 549 491
f 549 521 491
f 499 492 495
f 499 495 544
f 495 500 545
f 495 545 544
f 544 549 499
f 500 533 501
f 500 501 545
f 518 501 528
f 501 518 563
f 501 533 528
f 501 563 545
f 514 669 506
f 506 653 519
f 506 669 653
f 521 549 514
f 514 549 665
f 514 665 669
f 518 528 563
f 524 519 523
f 519 653 523
f 527 519 524
f 524 523 576
f 523 659 576
f 523 653 659
f 524 576 527
f 527 603 531
f 527 576 603
f 593 528 533
f 528 555 557
f 593 555 528
f 528 557 563
f 531 603 533
f 533 603 593
f 544 545 547
f 547 559 544
f 559 549 544
f 547 545 581
f 545 563 581
f 580 559 547
f 580 547 581
f 559 609 549
f 609 665 549
f 555 593 557
f 557 565 563
f 593 565 557
f 559 580 604
f 604 627 559
f 559 625 609
f 559 627 625
f 563 565 657
f 563 606 581
f 563 648 606
f 563 657 648
f 598 565 593
f 654 565 598
f 657 565 654
f 576 638 603
f 576 663 638
f 659 663 576
f 604 580 581
f 604 581 618
f 606 610 581
f 581 610 616
f 618 581 616
f 593 603 598
f 603 684 598
f 598 684 654
f 638 691 603
f 603 689 684
f 691 689 603
f 645 604 618
f 645 627 604
f 653 610 606
f 606 648 656
f 670 653 606
f 606 656 691
f 687 670 606
f 687 606 691
f 625 615 609
f 615 665 609
f 616 610 634
f 634 610 653
f 625 630 615
f 630 665 615
f 634 618 616
f 649 618 634
f 649 645 618
f 627 630 625
f 630 627 637
f 627 645 637
f 665 630 637
f 651 649 634
f 669 651 634
f 669 634 653
f 650 637 645
f 637 650 669
f 669 665 637
f 663 670 638
f 638 670 687
f 638 687 691
f 649 650 645
f 648 657 656
f 649 651 650
f 651 669 650
f 659 653 663
f 663 653 670
f 654 661 657
f 654 684 661
f 656 657 695
f 691 656 695
f 657 661 690
f 657 690 694
f 695 657 694
f 690 661 684
f 689 694 684
f 694 690 684
f 695 689 691
f 695 694 689
f 31 42 41
f 31 41 59
f 31 51 42
f 51 31 59
f 41 42 52
f 57 43 41
f 59 41 43
f 57 41 52
f 42 51 52
f 59 43 57
f 52 51 75
f 75 51 59
f 57 52 67
f 52 101 67
f 83 52 75
f 52 83 105
f 52 97 101
f 52 105 97
f 54 57 67
f 54 84 57
f 58 54 67
f 74 54 58
f 74 84 54
f 73 59 57
f 73 57 84
f 64 58 67
f 88 58 64
f 78 74 58
f 78 58 88
f 59 73 75
f 64 67 68
f 88 64 68
f 67 71 68
f 67 99 71
f 67 130 99
f 67 101 112
f 67 112 128
f 67 128 129
f 67 129 130
f 72 68 71
f 72 76 68
f 88 68 76
f 72 71 114
f 71 99 114
f 72 114 76
f 73 113 75
f 107 73 84
f 107 113 73
f 78 152 74
f 74 116 84
f 152 116 74
f 75 81 83
f 113 81 75
f 76 82 85
f 76 114 82
f 76 85 87
f 88 76 87
f 154 78 88
f 152 78 154
f 81 102 83
f 102 81 113
f 85 82 114
f 83 102 122
f 83 108 105
f 83 122 108
f 84 116 107
f 153 87 85
f 151 85 114
f 151 153 85
f 153 88 87
f 154 88 153
f 101 97 116
f 113 97 105
f 107 97 113
f 116 97 107
f 99 140 114
f 130 133 99
f 134 132 99
f 99 132 140
f 133 134 99
f 101 116 112
f 102 113 120
f 102 120 122
f 108 120 105
f 113 105 120
f 108 122 120
f 112 116 152
f 112 152 128
f 140 147 114
f 114 147 151
f 129 128 154
f 154 128 152
f 154 130 129
f 133 130 154
f 134 135 132
f 132 135 136
f 140 132 136
f 133 140 134
f 133 147 140
f 151 147 133
f 153 151 133
f 154 153 133
f 134 136 135
f 140 136 134
f 1 8 2
f 2 10 1
f 4 8 1
f 1 10 4
f 3 9 2
f 2 14 3
f 8 14 2
f 9 11 2
f 11 10 2
f 5 6 3
f 3 14 5
f 3 6 9
f 7 8 4
f 7 4 17
f 10 17 4
f 5 18 6
f 14 18 5
f 9 6 18
f 7 13 8
f 13 7 21
f 17 21 7
f 13 15 8
f 25 14 8
f 15 25 8
f 11 9 18
f 36 10 11
f 17 10 36
f 11 18 36
f 13 12 15
f 12 13 21
f 12 24 15
f 16 19 12
f 21 16 12
f 19 24 12
f 14 30 18
f 25 30 14
f 20 23 15
f 24 20 15
f 23 25 15
f 21 19 16
f 21 17 36
f 18 30 36
f 19 21 36
f 35 24 19
f 35 19 36
f 23 20 24
f 24 29 23
f 23 40 25
f 23 29 40
f 24 35 29
f 25 48 30
f 40 48 25
f 29 35 31
f 29 31 41
f 29 41 40
f 61 36 30
f 48 61 30
f 50 31 35
f 59 41 31
f 51 31 50
f 59 31 51
f 35 36 70
f 50 35 70
f 36 61 70
f 40 41 54
f 40 69 48
f 40 54 58
f 40 58 64
f 40 64 69
f 54 41 43
f 43 41 59
f 54 43 57
f 43 59 57
f 48 69 61
f 51 50 59
f 50 70 59
f 54 57 84
f 58 54 74
f 84 74 54
f 57 59 73
f 57 73 84
f 88 64 58
f 58 74 78
f 88 58 78
f 59 70 73
f 69 76 61
f 70 61 82
f 76 82 61
f 64 68 69
f 88 68 64
f 68 71 69
f 72 71 68
f 76 72 68
f 88 76 68
f 69 71 72
f 69 72 76
f 73 70 74
f 74 70 78
f 78 70 88
f 70 82 85
f 87 70 85
f 88 70 87
f 84 73 74
f 85 82 76
f 87 85 76
f 87 76 88
f 771 753 756
f 756 753 774
f 771 788 753
f 753 783 774
f 783 753 780
f 797 780 753
f 788 797 753
f 756 774 771
f 771 774 785
f 788 771 785
f 785 774 783
f 780 781 783
f 780 797 781
f 790 783 781
f 792 781 784
f 784 781 797
f 790 781 792
f 786 785 783
f 786 783 790
f 792 784 817
f 797 801 784
f 784 801 807
f 817 784 807
f 785 786 788
f 788 786 813
f 786 790 798
f 798 813 786
f 797 788 813
f 798 790 792
f 800 798 792
f 800 792 820
f 810 792 817
f 820 792 810
f 801 797 807
f 797 813 807
f 798 800 884
f 798 835 813
f 798 884 835
f 800 820 862
f 862 884 800
f 807 813 835
f 817 807 885
f 885 807 835
f 810 817 820
f 817 864 820
f 817 885 864
f 862 820 864
f 835 884 885
f 862 864 870
f 870 884 862
f 870 864 869
f 864 885 869
f 870 869 963
f 874 869 951
f 963 869 874
f 925 869 885
f 925 951 869
f 884 870 886
f 958 886 870
f 952 958 870
f 952 870 963
f 874 882 945
f 956 882 874
f 963 874 945
f 951 956 874
f 882 998 945
f 962 882 956
f 962 998 882
f 885 884 925
f 925 884 886
f 925 886 951
f 951 886 976
f 976 886 958
f 963 945 965
f 965 945 988
f 988 945 998
f 956 951 962
f 951 976 962
f 952 963 958
f 965 958 963
f 958 965 976
f 962 976 998
f 965 969 976
f 965 990 969
f 965 988 990
f 969 973 976
f 973 969 1006
f 1003 969 990
f 1006 969 1003
f 976 973 994
f 973 1008 994
f 973 1006 1013
f 1008 973 1050
f 973 1013 1050
f 976 994 1005
f 976 1005 998
f 1021 990 988
f 988 998 1005
f 1019 988 1005
f 1019 1021 988
f 1003 990 1021
f 1005 994 1019
f 1018 994 1008
f 994 1018 1019
f 1006 1003 1043
f 1003 1021 1043
f 1006 1043 1013
f 1018 1008 1029
f 1008 1061 1029
f 1050 1061 1008
f 1043 1044 1013
f 1013 1044 1083
f 1013 1083 1050
f 1021 1019 1018
f 1043 1021 1018
f 1044 1018 1029
f 1044 1043 1018
f 1029 1083 1044
f 1029 1061 1083
f 1083 1061 1050
f 452 434 432
f 432 434 494
f 452 432 449
f 462 449 432
f 432 494 462
f 452 435 434
f 434 435 494
f 446 435 450
f 435 446 483
f 452 450 435
f 435 483 494
f 448 446 450
f 446 448 483
f 469 448 450
f 469 575 448
f 448 575 483
f 452 449 469
f 460 449 462
f 449 460 469
f 452 469 450
f 460 461 469
f 461 460 496
f 460 462 496
f 461 466 469
f 466 461 496
f 475 462 468
f 462 494 468
f 462 475 496
f 466 481 469
f 481 466 496
f 468 494 475
f 469 481 588
f 469 578 575
f 469 587 578
f 587 469 588
f 475 484 498
f 484 475 504
f 504 475 494
f 498 496 475
f 481 496 588
f 494 483 571
f 574 571 483
f 575 574 483
f 526 498 484
f 504 526 484
f 556 504 494
f 556 494 562
f 562 494 560
f 494 569 560
f 494 571 569
f 496 498 588
f 498 526 588
f 526 504 513
f 513 504 556
f 526 513 532
f 532 513 529
f 529 513 556
f 526 532 588
f 533 529 528
f 528 529 555
f 528 593 533
f 528 555 593
f 534 532 529
f 533 534 529
f 555 529 556
f 532 534 596
f 532 568 564
f 532 564 588
f 568 532 594
f 532 596 594
f 534 533 593
f 534 593 596
f 556 622 555
f 596 593 555
f 555 633 596
f 622 633 555
f 556 562 567
f 556 567 566
f 556 566 622
f 562 560 568
f 564 568 560
f 589 564 560
f 569 585 560
f 585 586 560
f 586 589 560
f 567 562 597
f 562 568 594
f 562 594 599
f 562 599 597
f 588 564 589
f 566 567 597
f 566 597 622
f 569 571 585
f 582 571 574
f 582 583 571
f 584 571 583
f 571 584 586
f 571 586 585
f 574 575 578
f 589 574 578
f 582 574 586
f 586 574 589
f 587 589 578
f 583 582 586
f 584 583 586
f 587 588 589
f 594 596 599
f 596 633 599
f 597 599 633
f 597 633 622
f 985 987 989
f 985 1012 987
f 989 1012 985
f 1004 989 987
f 1004 987 1012
f 1014 989 991
f 1033 991 989
f 1004 1033 989
f 1014 1012 989
f 1033 1009 991
f 1009 1048 991
f 1048 1014 991
f 1004 1012 1086
f 1004 1086 1033
f 1033 1016 1009
f 1009 1016 1048
f 1014 1086 1012
f 1014 1048 1087
f 1014 1087 1086
f 1024 1015 1016
f 1075 1016 1015
f 1015 1024 1078
f 1075 1015 1076
f 1015 1078 1076
f 1024 1016 1033
f 1016 1075 1048
f 1024 1033 1039
f 1035 1024 1040
f 1024 1035 1101
f 1024 1039 1040
f 1024 1101 1078
f 1033 1086 1039
f 1035 1040 1143
f 1035 1114 1101
f 1035 1143 1114
f 1039 1042 1040
f 1039 1086 1042
f 1042 1046 1040
f 1143 1040 1046
f 1072 1046 1042
f 1071 1072 1042
f 1042 1086 1071
f 1058 1046 1079
f 1046 1058 1143
f 1072 1079 1046
f 1048 1075 1087
f 1058 1079 1095
f 1081 1058 1090
f 1058 1081 1143
f 1058 1095 1090
f 1072 1071 1131
f 1071 1086 1087
f 1087 1099 1071
f 1099 1127 1071
f 1127 1130 1071
f 1130 1131 1071
f 1164 1079 1072
f 1131 1132 1072
f 1138 1072 1132
f 1138 1164 1072
f 1076 1078 1075
f 1078 1087 1075
f 1087 1078 1099
f 1099 1078 1101
f 1164 1095 1079
f 1081 1090 1233
f 1081 1168 1143
f 1081 1212 1168
f 1081 1233 1212
f 1090 1095 1105
f 1090 1105 1103
f 1233 1090 1103
f 1164 1105 1095
f 1099 1101 1132
f 1127 1099 1131
f 1099 1132 1131
f 1101 1114 1168
f 1132 1101 1138
f 1101 1168 1138
f 1103 1105 1152
f 1166 1112 1103
f 1103 1112 1233
f 1103 1152 1166
f 1152 1105 1133
f 1164 1133 1105
f 1166 1233 1112
f 1168 1114 1143
f 1127 1131 1130
f 1169 1152 1133
f 1133 1164 1210
f 1239 1169 1133
f 1239 1133 1210
f 1164 1138 1168
f 1166 1152 1235
f 1152 1169 1235
f 1164 1168 1210
f 1166 1247 1233
f 1247 1166 1235
f 1210 1168 1212
f 1239 1235 1169
f 1210 1212 1235
f 1210 1235 1239
f 1212 1233 1247
f 1212 1247 1235
f 1476 1456 1471
f 1584 1471 1456
f 1456 1476 1475
f 1456 1475 1584
f 1476 1471 1592
f 1592 1471 1584
f 1475 1476 1495
f 1475 1495 1500
f 1475 1500 1623
f 1475 1623 1584
f 1495 1476 1592
f 1513 1500 1495
f 1513 1495 1592
f 1500 1513 1625
f 1623 1500 1625
f 1622 1513 1592
f 1513 1622 1625
f 1592 1584 1622
f 1622 1584 1623
f 1622 1623 1625
f 276 277 306
f 277 276 373
f 306 282 276
f 276 282 371
f 276 371 373
f 277 301 297
f 306 277 297
f 303 301 277
f 277 376 303
f 376 277 373
f 288 282 359
f 288 375 282
f 306 383 282
f 282 383 359
f 282 375 371
f 288 359 415
f 288 386 375
f 386 288 415
f 297 301 309
f 297 309 306
f 303 309 301
f 303 340 309
f 336 356 303
f 303 402 336
f 303 387 340
f 370 349 303
f 349 402 303
f 356 387 303
f 303 376 370
f 309 340 306
f 306 340 442
f 306 442 383
f 336 348 356
f 336 456 348
f 402 409 336
f 409 412 336
f 412 418 336
f 418 456 336
f 340 387 437
f 340 437 442
f 348 456 356
f 402 349 370
f 356 445 387
f 456 445 356
f 383 401 359
f 359 401 420
f 359 420 415
f 409 370 376
f 402 370 409
f 373 371 411
f 371 375 424
f 371 424 411
f 376 373 411
f 375 386 424
f 411 409 376
f 383 420 401
f 383 458 420
f 442 517 383
f 383 517 458
f 386 415 424
f 445 437 387
f 409 411 412
f 412 411 418
f 418 411 438
f 411 424 436
f 411 436 438
f 420 425 415
f 415 425 424
f 418 438 456
f 420 423 425
f 420 458 423
f 425 423 464
f 453 423 459
f 453 464 423
f 423 458 459
f 425 427 424
f 424 427 509
f 436 424 512
f 424 509 512
f 425 464 427
f 509 427 464
f 438 436 457
f 457 436 493
f 493 436 512
f 437 444 442
f 437 445 444
f 456 438 479
f 465 438 457
f 480 438 465
f 438 480 479
f 444 470 442
f 470 514 442
f 514 506 442
f 506 519 442
f 442 527 517
f 519 523 442
f 442 523 524
f 442 524 527
f 444 445 470
f 445 456 470
f 459 533 453
f 533 464 453
f 456 479 470
f 465 457 471
f 457 474 471
f 457 485 474
f 485 457 486
f 457 493 486
f 458 516 459
f 458 517 516
f 459 516 520
f 459 520 533
f 464 528 509
f 533 528 464
f 474 465 471
f 514 465 474
f 521 480 465
f 514 521 465
f 470 479 482
f 470 482 521
f 470 521 514
f 492 474 485
f 495 474 492
f 500 474 495
f 533 474 500
f 474 506 514
f 474 519 506
f 527 519 474
f 527 474 531
f 531 474 533
f 479 480 482
f 521 482 480
f 486 492 485
f 486 493 492
f 492 493 495
f 493 500 495
f 493 501 500
f 493 512 501
f 501 533 500
f 501 512 518
f 518 528 501
f 528 533 501
f 512 509 528
f 512 528 518
f 516 517 520
f 517 533 520
f 527 531 517
f 517 531 533
f 523 519 524
f 524 519 527
f 125 141 137
f 137 143 125
f 125 138 141
f 125 167 138
f 125 143 158
f 158 191 125
f 125 189 167
f 125 190 189
f 125 191 190
f 162 137 141
f 142 143 137
f 148 142 137
f 148 137 166
f 166 137 162
f 141 138 167
f 141 167 162
f 143 142 158
f 142 148 165
f 158 142 165
f 206 165 148
f 185 148 166
f 185 186 148
f 186 187 148
f 187 206 148
f 161 191 158
f 158 244 161
f 165 246 158
f 158 246 244
f 210 191 161
f 210 161 244
f 183 166 162
f 182 162 167
f 182 183 162
f 206 178 165
f 165 178 246
f 183 185 166
f 167 189 182
f 206 208 178
f 178 208 242
f 178 242 246
f 182 229 183
f 189 225 182
f 225 229 182
f 183 227 185
f 229 227 183
f 185 187 186
f 185 194 187
f 185 227 194
f 194 201 187
f 201 206 187
f 190 195 189
f 195 225 189
f 190 191 197
f 190 197 195
f 205 197 191
f 191 210 205
f 194 227 201
f 197 225 195
f 197 205 247
f 197 229 225
f 197 237 229
f 237 197 247
f 207 206 201
f 227 207 201
f 205 210 247
f 207 208 206
f 207 264 208
f 227 228 207
f 228 239 207
f 239 264 207
f 208 264 242
f 210 244 247
f 228 227 229
f 237 228 229
f 239 228 237
f 239 237 273
f 237 247 273
f 264 239 294
f 239 273 287
f 294 239 287
f 242 252 246
f 242 261 252
f 242 262 261
f 242 263 262
f 242 264 263
f 273 244 246
f 247 244 273
f 246 252 273
f 273 252 261
f 261 262 271
f 287 261 271
f 287 273 261
f 286 262 263
f 271 262 286
f 264 324 263
f 263 285 286
f 285 263 291
f 291 263 329
f 263 324 329
f 264 294 292
f 264 292 324
f 286 291 271
f 325 287 271
f 329 271 291
f 329 325 271
f 286 285 291
f 287 379 294
f 325 379 287
f 292 294 332
f 324 292 379
f 333 292 332
f 292 333 379
f 379 332 294
f 324 331 329
f 324 379 331
f 331 325 329
f 331 379 325
f 333 332 379
f 303 349 323
f 323 402 303
f 303 402 349
f 402 323 349
f 882 888 898
f 888 882 977
f 882 898 945
f 882 945 998
f 961 882 956
f 882 962 956
f 977 882 961
f 962 882 998
f 900 888 895
f 919 895 888
f 900 898 888
f 970 919 888
f 977 970 888
f 919 900 895
f 926 898 900
f 898 926 995
f 898 995 945
f 919 1000 900
f 1000 926 900
f 970 960 919
f 919 960 1000
f 926 997 995
f 997 926 1000
f 945 995 988
f 998 945 988
f 956 962 961
f 960 970 1010
f 960 1010 1000
f 962 1023 961
f 961 1023 977
f 998 1023 962
f 977 1023 970
f 970 1023 1010
f 988 995 990
f 988 990 1021
f 988 1005 998
f 988 1019 1005
f 988 1021 1019
f 990 995 1077
f 1021 990 1003
f 1003 990 1077
f 997 1001 995
f 1001 1010 995
f 995 1010 1077
f 997 1000 1001
f 1005 1023 998
f 1000 1010 1001
f 1006 1043 1003
f 1006 1003 1077
f 1043 1021 1003
f 1005 1019 1023
f 1013 1043 1006
f 1013 1006 1056
f 1006 1077 1056
f 1023 1082 1010
f 1010 1135 1077
f 1010 1082 1135
f 1013 1056 1043
f 1019 1021 1067
f 1023 1019 1067
f 1021 1043 1045
f 1021 1045 1067
f 1067 1082 1023
f 1043 1056 1045
f 1064 1045 1056
f 1122 1045 1064
f 1067 1045 1125
f 1045 1122 1125
f 1064 1056 1089
f 1056 1077 1089
f 1089 1122 1064
f 1067 1153 1082
f 1125 1147 1067
f 1147 1158 1067
f 1158 1153 1067
f 1089 1077 1110
f 1110 1077 1128
f 1077 1144 1128
f 1077 1135 1144
f 1082 1153 1135
f 1089 1110 1122
f 1122 1110 1125
f 1110 1147 1125
f 1128 1147 1110
f 1128 1144 1149
f 1128 1146 1147
f 1146 1128 1149
f 1144 1135 1167
f 1153 1214 1135
f 1135 1157 1155
f 1167 1135 1155
f 1135 1198 1157
f 1214 1198 1135
f 1144 1151 1149
f 1144 1156 1151
f 1144 1167 1156
f 1147 1146 1158
f 1146 1149 1227
f 1146 1186 1158
f 1218 1186 1146
f 1146 1227 1218
f 1149 1151 1227
f 1236 1151 1156
f 1151 1232 1227
f 1236 1232 1151
f 1153 1158 1186
f 1153 1186 1219
f 1214 1153 1219
f 1157 1167 1155
f 1167 1236 1156
f 1198 1167 1157
f 1236 1167 1198
f 1186 1218 1227
f 1219 1186 1227
f 1214 1219 1198
f 1219 1221 1198
f 1221 1236 1198
f 1219 1232 1221
f 1219 1227 1232
f 1232 1236 1221
f 572 561 573
f 624 561 572
f 573 561 674
f 600 590 561
f 590 602 561
f 614 600 561
f 602 658 561
f 620 614 561
f 620 561 624
f 561 658 674
f 692 572 573
f 685 624 572
f 692 685 572
f 573 674 692
f 617 590 600
f 590 660 602
f 590 617 686
f 590 688 660
f 590 686 688
f 614 613 600
f 613 619 600
f 619 617 600
f 602 652 632
f 632 658 602
f 660 652 602
f 619 613 614
f 620 619 614
f 617 619 621
f 621 677 617
f 617 677 686
f 621 619 620
f 620 675 621
f 675 620 624
f 677 621 675
f 624 685 675
f 652 658 632
f 652 678 658
f 660 678 652
f 674 658 678
f 660 699 678
f 688 699 660
f 674 678 699
f 674 699 692
f 675 680 677
f 675 685 680
f 683 677 680
f 677 683 686
f 680 682 683
f 680 685 682
f 683 682 685
f 683 685 686
f 702 686 685
f 713 685 692
f 702 685 713
f 688 686 706
f 707 686 702
f 686 707 706
f 706 699 688
f 712 692 699
f 713 692 712
f 706 712 699
f 707 702 735
f 702 713 735
f 707 739 706
f 724 712 706
f 724 706 739
f 707 735 736
f 736 739 707
f 713 712 723
f 712 724 723
f 735 713 723
f 723 724 737
f 737 735 723
f 737 724 733
f 733 724 739
f 733 734 737
f 733 782 734
f 733 739 755
f 766 733 755
f 766 782 733
f 737 734 759
f 734 752 760
f 782 752 734
f 759 734 760
f 736 735 737
f 736 737 759
f 739 736 767
f 736 759 767
f 755 739 767
f 752 805 760
f 796 752 782
f 796 805 752
f 755 767 766
f 768 759 760
f 767 759 768
f 768 760 775
f 805 775 760
f 767 773 766
f 766 773 791
f 766 796 782
f 791 796 766
f 767 768 773
f 773 768 791
f 777 768 775
f 808 768 777
f 791 768 808
f 775 803 777
f 803 775 805
f 787 808 777
f 879 787 777
f 879 777 803
f 816 808 787
f 824 816 787
f 787 845 824
f 826 830 787
f 831 826 787
f 830 836 787
f 787 861 831
f 787 836 845
f 867 861 787
f 867 787 879
f 796 791 805
f 805 791 816
f 816 791 808
f 805 814 803
f 814 825 803
f 844 822 803
f 879 803 822
f 825 833 803
f 833 844 803
f 805 816 814
f 814 816 824
f 863 814 824
f 814 863 825
f 844 860 822
f 860 908 822
f 879 822 889
f 822 908 889
f 824 845 881
f 863 824 881
f 829 839 825
f 829 825 878
f 825 843 833
f 839 843 825
f 825 863 876
f 825 876 878
f 830 826 838
f 831 838 826
f 839 829 878
f 830 838 836
f 831 847 838
f 861 847 831
f 843 851 833
f 851 844 833
f 836 838 847
f 836 847 845
f 839 878 843
f 878 851 843
f 851 860 844
f 847 861 845
f 861 867 845
f 867 881 845
f 860 851 897
f 878 948 851
f 851 948 897
f 860 897 903
f 860 903 908
f 876 863 881
f 867 879 881
f 878 876 950
f 876 881 950
f 948 878 953
f 953 878 950
f 879 899 881
f 899 879 889
f 881 899 914
f 881 914 916
f 916 950 881
f 899 889 947
f 932 906 889
f 946 889 906
f 908 932 889
f 947 889 946
f 897 905 903
f 905 897 911
f 911 897 910
f 910 897 912
f 912 897 913
f 913 897 916
f 897 917 916
f 897 920 917
f 897 923 920
f 897 939 923
f 937 939 897
f 897 948 937
f 914 899 915
f 933 915 899
f 938 933 899
f 938 899 950
f 1084 899 947
f 899 974 950
f 899 984 974
f 984 899 1007
f 1065 1007 899
f 1065 899 1084
f 903 905 908
f 908 905 932
f 905 911 939
f 939 932 905
f 932 937 906
f 948 906 937
f 946 906 1012
f 948 964 906
f 964 992 906
f 906 992 1012
f 915 909 914
f 914 909 918
f 918 909 915
f 911 910 923
f 910 912 920
f 920 923 910
f 911 923 939
f 912 913 917
f 912 917 920
f 922 913 916
f 917 913 922
f 914 921 916
f 921 914 918
f 922 918 915
f 929 922 915
f 933 929 915
f 917 929 916
f 921 924 916
f 924 922 916
f 929 928 916
f 916 928 930
f 916 930 935
f 916 935 950
f 929 917 922
f 921 918 922
f 924 921 922
f 929 930 928
f 929 931 930
f 933 931 929
f 931 934 930
f 935 930 934
f 940 931 933
f 940 934 931
f 932 939 937
f 938 934 933
f 933 934 940
f 935 934 938
f 935 938 950
f 947 946 971
f 971 946 980
f 946 1012 980
f 947 971 1084
f 948 953 964
f 950 974 953
f 953 974 964
f 974 984 964
f 964 984 1007
f 964 1007 992
f 989 971 980
f 993 971 989
f 971 993 1084
f 989 980 985
f 980 1012 985
f 985 1012 989
f 993 989 991
f 991 989 1014
f 1014 989 1012
f 1009 993 991
f 1009 991 1048
f 1048 991 1014
f 1048 992 1007
f 1012 992 1014
f 1048 1014 992
f 1024 996 993
f 1084 993 996
f 1009 1016 993
f 1015 993 1016
f 1015 1024 993
f 1022 996 1024
f 996 1022 1143
f 996 1102 1084
f 1102 996 1143
f 1048 1007 1075
f 1007 1065 1078
f 1075 1007 1076
f 1007 1078 1076
f 1016 1009 1048
f 1075 1015 1016
f 1015 1078 1024
f 1076 1015 1075
f 1076 1078 1015
f 1075 1016 1048
f 1022 1024 1035
f 1022 1035 1040
f 1022 1040 1041
f 1022 1041 1143
f 1024 1101 1035
f 1078 1101 1024
f 1035 1143 1040
f 1101 1114 1035
f 1114 1143 1035
f 1040 1046 1041
f 1143 1046 1040
f 1046 1047 1041
f 1041 1047 1143
f 1058 1047 1046
f 1143 1058 1046
f 1057 1047 1058
f 1047 1057 1143
f 1057 1058 1081
f 1057 1081 1143
f 1143 1081 1058
f 1078 1065 1101
f 1065 1084 1101
f 1101 1084 1102
f 1102 1114 1101
f 1102 1143 1114
f 1146 1149 1179
f 1149 1146 1227
f 1146 1179 1218
f 1146 1218 1227
f 1151 1226 1149
f 1149 1227 1151
f 1149 1226 1179
f 1156 1226 1151
f 1151 1236 1156
f 1227 1232 1151
f 1151 1232 1236
f 1156 1167 1226
f 1156 1236 1167
f 1167 1178 1226
f 1178 1167 1236
f 1222 1178 1236
f 1222 1250 1178
f 1178 1250 1226
f 1218 1179 1182
f 1179 1226 1182
f 1238 1218 1182
f 1182 1226 1228
f 1279 1182 1228
f 1238 1182 1265
f 1265 1182 1277
f 1182 1279 1277
f 1227 1218 1238
f 1240 1222 1236
f 1222 1240 1250
f 1228 1226 1288
f 1226 1250 1280
f 1226 1273 1274
f 1226 1280 1273
f 1226 1274 1290
f 1226 1295 1288
f 1226 1290 1295
f 1227 1238 1232
f 1242 1279 1228
f 1242 1228 1288
f 1232 1283 1236
f 1238 1283 1232
f 1246 1240 1236
f 1236 1283 1246
f 1238 1265 1283
f 1246 1283 1240
f 1240 1283 1250
f 1269 1242 1288
f 1309 1242 1269
f 1309 1279 1242
f 1250 1339 1280
f 1250 1283 1349
f 1250 1349 1339
f 1333 1265 1277
f 1283 1265 1333
f 1383 1269 1288
f 1352 1309 1269
f 1352 1269 1383
f 1274 1273 1364
f 1273 1280 1349
f 1273 1349 1351
f 1273 1351 1364
f 1274 1369 1290
f 1274 1364 1369
f 1277 1279 1333
f 1279 1309 1333
f 1280 1339 1349
f 1333 1351 1283
f 1351 1349 1283
f 1288 1295 1299
f 1288 1299 1324
f 1383 1288 1324
f 1295 1290 1298
f 1327 1298 1290
f 1290 1390 1327
f 1290 1369 1390
f 1295 1298 1370
f 1370 1299 1295
f 1298 1327 1384
f 1370 1298 1384
f 1354 1324 1299
f 1370 1354 1299
f 1309 1352 1333
f 1353 1324 1361
f 1353 1383 1324
f 1361 1324 1354
f 1327 1390 1384
f 1333 1364 1351
f 1352 1370 1333
f 1369 1364 1333
f 1384 1369 1333
f 1370 1384 1333
f 1352 1387 1370
f 1352 1383 1459
f 1387 1352 1459
f 1353 1361 1400
f 1399 1383 1353
f 1353 1400 1399
f 1361 1354 1462
f 1387 1354 1370
f 1354 1387 1459
f 1462 1354 1459
f 1361 1462 1400
f 1384 1390 1369
f 1401 1383 1399
f 1460 1383 1401
f 1459 1383 1460
f 1399 1400 1401
f 1400 1462 1401
f 1462 1460 1401
f 1460 1462 1459
f 1311 1260 1272
f 1272 1260 1368
f 1296 1260 1311
f 1260 1296 1502
f 1357 1260 1367
f 1368 1260 1357
f 1367 1260 1402
f 1402 1260 1423
f 1485 1423 1260
f 1485 1260 1502
f 1312 1272 1287
f 1287 1272 1407
f 1311 1272 1312
f 1272 1368 1372
f 1372 1407 1272
f 1312 1287 1413
f 1407 1413 1287
f 1296 1311 1502
f 1311 1312 1329
f 1311 1329 1336
f 1502 1311 1336
f 1312 1413 1329
f 1336 1329 1335
f 1335 1329 1413
f 1336 1335 1392
f 1507 1392 1335
f 1335 1413 1434
f 1335 1434 1470
f 1335 1470 1507
f 1336 1392 1391
f 1502 1336 1391
f 1357 1367 1368
f 1367 1402 1368
f 1368 1402 1372
f 1402 1407 1372
f 1418 1391 1392
f 1502 1391 1418
f 1418 1392 1507
f 1407 1402 1434
f 1402 1423 1434
f 1413 1407 1434
f 1502 1418 1519
f 1520 1418 1507
f 1519 1418 1530
f 1418 1520 1530
f 1434 1423 1470
f 1470 1423 1485
f 1470 1485 1507
f 1519 1485 1502
f 1520 1507 1485
f 1520 1485 1519
f 1519 1530 1520
f 1453 1447 1455
f 1453 1542 1447
f 1447 1542 1455
f 1453 1455 1526
f 1453 1526 1542
f 1455 1503 1526
f 1455 1542 1503
f 1503 1506 1544
f 1506 1503 1572
f 1526 1503 1544
f 1503 1542 1548
f 1548 1564 1503
f 1572 1503 1564
f 1506 1599 1544
f 1506 1572 1589
f 1506 1589 1599
f 1542 1526 1547
f 1526 1544 1555
f 1526 1579 1547
f 1626 1526 1555
f 1600 1579 1526
f 1608 1600 1526
f 1626 1608 1526
f 1547 1548 1542
f 1555 1544 1566
f 1544 1642 1566
f 1599 1611 1544
f 1611 1642 1544
f 1579 1548 1547
f 1564 1548 1579
f 1552 1555 1591
f 1555 1552 1624
f 1633 1552 1591
f 1624 1552 1633
f 1555 1566 1591
f 1555 1624 1626
f 1572 1564 1589
f 1564 1579 1589
f 1591 1566 1567
f 1567 1566 1642
f 1567 1574 1583
f 1574 1567 1642
f 1567 1583 1613
f 1597 1591 1567
f 1601 1597 1567
f 1601 1567 1613
f 1574 1653 1583
f 1574 1642 1648
f 1574 1648 1653
f 1579 1600 1589
f 1583 1580 1613
f 1693 1580 1583
f 1580 1588 1613
f 1687 1588 1580
f 1687 1580 1693
f 1653 1693 1583
f 1609 1669 1588
f 1675 1609 1588
f 1588 1669 1613
f 1687 1675 1588
f 1589 1600 1599
f 1597 1633 1591
f 1601 1714 1597
f 1685 1633 1597
f 1685 1597 1714
f 1599 1600 1608
f 1599 1608 1611
f 1601 1613 1646
f 1601 1618 1637
f 1618 1601 1640
f 1714 1601 1637
f 1640 1601 1641
f 1645 1641 1601
f 1645 1601 1646
f 1608 1712 1611
f 1608 1626 1712
f 1667 1639 1609
f 1609 1639 1669
f 1667 1609 1675
f 1611 1712 1642
f 1613 1647 1646
f 1613 1662 1647
f 1613 1654 1649
f 1613 1649 1662
f 1613 1674 1654
f 1613 1669 1674
f 1618 1640 1637
f 1624 1712 1626
f 1633 1712 1624
f 1685 1712 1633
f 1640 1641 1637
f 1637 1641 1736
f 1714 1637 1718
f 1637 1761 1718
f 1637 1736 1761
f 1639 1650 1666
f 1650 1639 1667
f 1639 1666 1706
f 1639 1706 1669
f 1641 1645 1730
f 1734 1641 1730
f 1641 1734 1736
f 1648 1642 1653
f 1642 1712 1653
f 1731 1645 1646
f 1730 1645 1731
f 1647 1731 1646
f 1647 1662 1670
f 1737 1647 1670
f 1737 1731 1647
f 1649 1654 1726
f 1662 1649 1728
f 1726 1728 1649
f 1667 1666 1650
f 1653 1711 1693
f 1712 1711 1653
f 1727 1654 1674
f 1727 1726 1654
f 1662 1672 1670
f 1729 1672 1662
f 1729 1662 1728
f 1667 1706 1666
f 1675 1706 1667
f 1674 1669 1705
f 1669 1709 1705
f 1669 1706 1709
f 1670 1672 1673
f 1673 1737 1670
f 1729 1673 1672
f 1729 1746 1673
f 1746 1737 1673
f 1674 1705 1723
f 1727 1674 1723
f 1687 1711 1675
f 1675 1711 1706
f 1685 1714 1712
f 1693 1711 1687
f 1723 1705 1709
f 1723 1709 1706
f 1711 1723 1706
f 1712 1728 1711
f 1711 1727 1723
f 1726 1727 1711
f 1728 1726 1711
f 1714 1715 1712
f 1715 1718 1712
f 1718 1736 1712
f 1728 1712 1729
f 1729 1712 1737
f 1712 1730 1731
f 1735 1730 1712
f 1712 1731 1737
f 1736 1735 1712
f 1715 1714 1718
f 1761 1736 1718
f 1729 1737 1740
f 1740 1746 1729
f 1735 1734 1730
f 1736 1734 1735
f 1740 1737 1741
f 1746 1741 1737
f 1740 1741 1746
f 26 27 28
f 27 26 38
f 28 51 26
f 26 32 33
f 34 32 26
f 38 26 33
f 49 34 26
f 51 49 26
f 28 27 42
f 37 27 38
f 27 37 42
f 31 28 42
f 51 28 31
f 51 31 42
f 33 32 34
f 34 38 33
f 39 38 34
f 49 39 34
f 37 38 39
f 60 37 39
f 42 37 45
f 44 45 37
f 60 44 37
f 39 49 75
f 60 39 77
f 39 75 77
f 42 45 52
f 51 42 52
f 44 46 45
f 47 46 44
f 47 44 60
f 46 93 45
f 52 45 83
f 83 45 108
f 93 96 45
f 96 98 45
f 45 98 108
f 46 47 93
f 47 80 53
f 53 93 47
f 66 47 60
f 47 66 80
f 49 51 75
f 75 51 52
f 75 52 83
f 55 56 53
f 53 80 55
f 79 53 56
f 79 93 53
f 55 100 56
f 89 55 80
f 89 100 55
f 63 79 56
f 100 63 56
f 65 66 60
f 65 60 77
f 63 62 79
f 86 62 63
f 62 90 79
f 62 86 90
f 86 63 100
f 65 77 66
f 66 77 106
f 80 66 104
f 104 66 106
f 77 75 102
f 81 75 83
f 102 75 81
f 77 102 122
f 77 122 106
f 90 91 79
f 79 91 93
f 89 80 103
f 104 103 80
f 102 81 83
f 122 102 83
f 122 83 108
f 90 86 91
f 91 86 103
f 86 100 103
f 89 103 100
f 91 94 93
f 94 91 104
f 91 103 104
f 94 95 93
f 93 95 96
f 95 94 104
f 95 104 96
f 96 106 98
f 104 106 96
f 98 106 122
f 98 122 108
f 97 105 101
f 97 101 116
f 105 97 113
f 97 107 113
f 97 116 107
f 105 121 101
f 116 101 112
f 112 101 131
f 131 101 121
f 120 108 105
f 105 108 121
f 105 113 120
f 113 107 116
f 122 108 120
f 121 108 157
f 108 122 157
f 112 152 116
f 112 131 128
f 128 152 112
f 152 113 116
f 120 113 157
f 173 113 152
f 157 113 174
f 113 173 174
f 122 120 157
f 131 121 157
f 128 129 154
f 129 128 155
f 128 131 155
f 128 154 152
f 129 130 154
f 129 155 130
f 130 133 154
f 155 133 130
f 131 163 155
f 131 157 163
f 133 134 140
f 155 134 133
f 133 140 147
f 151 133 147
f 153 133 151
f 153 154 133
f 136 134 135
f 134 221 135
f 136 140 134
f 155 221 134
f 136 135 184
f 135 221 184
f 140 136 184
f 140 184 147
f 147 184 151
f 173 153 151
f 151 184 173
f 152 154 173
f 154 153 173
f 163 170 155
f 214 155 170
f 214 221 155
f 163 157 174
f 163 219 170
f 219 163 174
f 214 170 180
f 219 180 170
f 174 173 249
f 173 184 283
f 249 173 272
f 173 283 272
f 219 174 241
f 241 174 249
f 202 215 180
f 202 180 219
f 215 214 180
f 221 300 184
f 300 283 184
f 202 223 215
f 219 241 202
f 202 224 223
f 241 224 202
f 215 223 214
f 214 284 221
f 223 284 214
f 284 361 221
f 221 361 300
f 223 224 284
f 249 224 241
f 272 224 249
f 275 224 272
f 279 224 275
f 224 279 293
f 224 293 284
f 314 275 272
f 385 272 283
f 314 272 397
f 397 272 385
f 279 275 314
f 293 279 366
f 279 314 366
f 283 300 368
f 385 283 368
f 284 293 380
f 284 343 342
f 284 342 355
f 284 367 343
f 284 355 361
f 284 380 367
f 315 293 320
f 380 293 315
f 293 366 320
f 357 300 358
f 368 300 357
f 360 358 300
f 361 360 300
f 366 314 393
f 314 397 393
f 320 395 315
f 395 380 315
f 393 320 366
f 395 320 393
f 342 343 368
f 360 355 342
f 358 342 357
f 357 342 368
f 360 342 358
f 368 343 367
f 360 361 355
f 367 385 368
f 380 394 367
f 400 385 367
f 394 400 367
f 396 394 380
f 395 396 380
f 400 397 385
f 400 395 393
f 397 400 393
f 394 396 398
f 398 400 394
f 400 396 395
f 398 396 400
f 1085 1072 1071
f 1072 1131 1071
f 1071 1130 1085
f 1131 1130 1071
f 1079 1072 1085
f 1079 1164 1072
f 1132 1131 1072
f 1138 1132 1072
f 1072 1164 1138
f 1079 1085 1098
f 1079 1098 1095
f 1095 1164 1079
f 1098 1085 1130
f 1095 1098 1106
f 1095 1106 1105
f 1095 1105 1164
f 1106 1098 1130
f 1106 1183 1105
f 1105 1133 1164
f 1105 1180 1133
f 1105 1177 1180
f 1183 1177 1105
f 1116 1106 1130
f 1116 1183 1106
f 1116 1130 1208
f 1184 1183 1116
f 1116 1237 1184
f 1237 1116 1208
f 1130 1131 1208
f 1132 1138 1131
f 1208 1131 1138
f 1133 1210 1164
f 1180 1169 1133
f 1239 1133 1169
f 1239 1210 1133
f 1208 1138 1164
f 1174 1166 1152
f 1235 1152 1166
f 1174 1152 1169
f 1169 1152 1235
f 1164 1210 1208
f 1276 1166 1174
f 1235 1166 1247
f 1247 1166 1254
f 1254 1166 1276
f 1180 1174 1169
f 1235 1239 1169
f 1180 1181 1174
f 1174 1181 1276
f 1258 1180 1177
f 1258 1177 1183
f 1192 1181 1180
f 1258 1192 1180
f 1193 1181 1192
f 1276 1181 1193
f 1191 1183 1184
f 1258 1183 1191
f 1190 1191 1184
f 1184 1237 1190
f 1191 1190 1204
f 1190 1237 1204
f 1267 1191 1204
f 1267 1258 1191
f 1193 1192 1211
f 1192 1258 1211
f 1216 1193 1211
f 1193 1216 1224
f 1276 1193 1224
f 1237 1267 1204
f 1208 1210 1258
f 1208 1258 1237
f 1270 1210 1239
f 1258 1210 1270
f 1320 1216 1211
f 1211 1258 1270
f 1270 1294 1211
f 1294 1320 1211
f 1224 1216 1260
f 1320 1260 1216
f 1243 1224 1260
f 1243 1276 1224
f 1239 1235 1270
f 1235 1247 1254
f 1235 1254 1270
f 1258 1267 1237
f 1243 1260 1326
f 1243 1297 1276
f 1307 1297 1243
f 1307 1243 1326
f 1254 1276 1270
f 1320 1323 1260
f 1357 1260 1323
f 1326 1260 1357
f 1270 1276 1294
f 1294 1276 1297
f 1297 1320 1294
f 1297 1307 1326
f 1297 1326 1320
f 1320 1326 1323
f 1323 1326 1357
f 604 645 618
f 703 604 618
f 627 645 604
f 668 627 604
f 703 668 604
f 606 648 610
f 653 606 610
f 648 606 656
f 670 606 653
f 656 606 691
f 687 606 670
f 691 606 687
f 610 616 634
f 610 655 616
f 653 610 634
f 610 648 655
f 634 616 618
f 618 616 708
f 616 655 708
f 634 618 649
f 649 618 645
f 708 703 618
f 630 637 627
f 630 627 681
f 645 627 637
f 671 627 668
f 681 627 671
f 665 637 630
f 665 630 705
f 705 630 681
f 634 649 651
f 634 651 669
f 653 634 669
f 637 650 645
f 650 637 669
f 669 637 665
f 650 649 645
f 648 656 655
f 651 649 650
f 669 651 650
f 663 653 659
f 653 700 659
f 663 670 653
f 669 700 653
f 655 656 738
f 708 655 749
f 655 738 749
f 656 691 695
f 738 656 695
f 659 700 663
f 663 700 670
f 665 697 669
f 701 697 665
f 705 701 665
f 681 671 668
f 709 681 668
f 703 709 668
f 697 700 669
f 670 700 687
f 705 681 711
f 709 711 681
f 684 694 689
f 689 746 684
f 690 694 684
f 719 690 684
f 684 746 719
f 687 746 691
f 687 700 746
f 695 691 689
f 691 746 689
f 694 695 689
f 694 690 738
f 719 721 690
f 738 690 721
f 695 694 738
f 697 701 700
f 701 705 700
f 705 758 700
f 700 758 746
f 703 708 709
f 754 705 711
f 754 758 705
f 709 708 711
f 708 727 711
f 708 749 727
f 711 727 726
f 726 776 711
f 764 754 711
f 776 764 711
f 743 721 719
f 719 746 743
f 721 728 738
f 728 721 756
f 721 743 756
f 726 727 729
f 776 726 729
f 727 763 729
f 727 749 763
f 728 732 738
f 732 728 756
f 729 763 747
f 776 729 747
f 738 732 741
f 741 732 756
f 738 741 789
f 738 789 749
f 741 756 753
f 741 753 783
f 741 783 789
f 743 746 745
f 756 743 745
f 746 779 745
f 756 745 774
f 745 779 774
f 758 779 746
f 747 763 762
f 762 795 747
f 747 795 776
f 763 749 853
f 749 789 853
f 753 756 774
f 783 753 774
f 754 764 758
f 764 809 758
f 758 819 779
f 758 809 819
f 762 763 769
f 769 795 762
f 769 763 883
f 763 853 943
f 883 763 942
f 763 943 942
f 776 804 764
f 804 809 764
f 793 795 769
f 793 769 818
f 769 883 818
f 774 779 785
f 783 774 785
f 776 795 804
f 785 779 813
f 779 819 813
f 783 785 786
f 783 786 790
f 789 783 790
f 786 785 813
f 790 786 798
f 813 798 786
f 789 790 800
f 789 800 862
f 789 862 853
f 800 790 798
f 793 804 795
f 793 811 804
f 823 811 793
f 828 793 818
f 823 793 828
f 798 884 800
f 813 835 798
f 798 835 884
f 800 884 862
f 804 811 809
f 809 811 868
f 809 880 819
f 809 868 871
f 809 871 880
f 868 811 823
f 813 819 835
f 828 818 850
f 850 818 854
f 818 855 854
f 858 855 818
f 883 858 818
f 835 819 886
f 819 880 886
f 823 828 834
f 877 823 834
f 872 868 823
f 872 823 877
f 828 846 834
f 849 846 828
f 852 849 828
f 852 828 850
f 941 834 846
f 877 834 941
f 884 835 886
f 941 846 849
f 941 849 852
f 856 852 850
f 856 850 854
f 941 852 856
f 853 862 952
f 943 853 968
f 853 952 966
f 853 966 999
f 968 853 982
f 982 853 981
f 853 999 981
f 857 854 855
f 857 856 854
f 858 857 855
f 941 856 857
f 941 857 858
f 941 858 883
f 884 870 862
f 862 870 952
f 868 872 871
f 886 870 884
f 958 870 886
f 952 870 958
f 871 872 941
f 871 955 880
f 871 941 954
f 871 954 955
f 941 872 877
f 886 880 958
f 880 955 1017
f 880 979 958
f 880 1017 979
f 883 893 892
f 892 941 883
f 883 1025 893
f 942 1025 883
f 893 891 892
f 894 892 891
f 893 894 891
f 894 1025 892
f 892 959 941
f 892 967 959
f 1025 967 892
f 893 1025 894
f 959 954 941
f 942 943 944
f 1025 942 944
f 943 972 944
f 943 968 978
f 943 975 972
f 943 978 975
f 1025 944 972
f 958 963 952
f 952 963 966
f 954 959 955
f 959 967 955
f 967 1025 955
f 955 1037 1017
f 1025 1037 955
f 963 958 965
f 958 976 965
f 958 979 976
f 963 965 966
f 965 969 966
f 969 965 976
f 966 969 973
f 966 973 1008
f 999 966 1002
f 966 1008 1002
f 978 968 982
f 969 976 973
f 972 975 1025
f 976 994 973
f 973 994 1008
f 975 978 1025
f 979 994 976
f 978 982 1037
f 1025 978 1037
f 994 979 1018
f 979 1017 1018
f 982 981 1037
f 1032 981 999
f 1037 981 1032
f 1008 994 1018
f 1032 999 1002
f 1008 1032 1002
f 1018 1029 1008
f 1027 1026 1008
f 1026 1032 1008
f 1061 1027 1008
f 1029 1061 1008
f 1018 1017 1029
f 1026 1027 1017
f 1017 1028 1026
f 1017 1027 1061
f 1032 1028 1017
f 1029 1017 1061
f 1017 1037 1032
f 1026 1028 1032
f 604 612 635
f 612 604 703
f 628 627 604
f 627 668 604
f 635 628 604
f 668 703 604
f 640 612 608
f 608 612 698
f 639 640 608
f 666 639 608
f 666 608 672
f 698 672 608
f 642 635 612
f 642 612 640
f 698 612 703
f 628 630 627
f 630 681 627
f 627 671 668
f 627 681 671
f 631 630 628
f 635 631 628
f 630 631 665
f 665 705 630
f 705 681 630
f 641 631 635
f 679 631 641
f 679 665 631
f 642 641 635
f 643 640 639
f 644 643 639
f 639 666 644
f 647 642 640
f 643 647 640
f 642 646 641
f 641 646 679
f 647 646 642
f 676 643 644
f 647 643 679
f 679 643 676
f 673 644 666
f 644 673 714
f 644 714 676
f 679 646 647
f 679 697 665
f 701 665 697
f 705 665 701
f 666 672 673
f 668 671 681
f 668 681 709
f 709 703 668
f 673 672 716
f 698 710 672
f 672 710 716
f 673 716 714
f 676 693 679
f 676 704 693
f 676 714 704
f 679 693 697
f 705 711 681
f 709 681 711
f 693 704 697
f 697 704 701
f 710 698 703
f 701 704 751
f 705 701 754
f 751 754 701
f 710 703 709
f 704 714 751
f 711 705 754
f 710 709 725
f 709 711 726
f 709 726 725
f 716 710 725
f 726 711 776
f 711 754 764
f 711 764 776
f 751 714 716
f 725 778 716
f 765 751 716
f 778 765 716
f 731 725 726
f 778 725 731
f 731 726 729
f 729 726 776
f 729 750 731
f 729 747 750
f 729 776 747
f 778 731 750
f 750 747 761
f 747 762 761
f 747 795 762
f 776 795 747
f 750 761 795
f 750 795 778
f 754 751 765
f 754 765 764
f 772 761 762
f 761 772 795
f 772 762 769
f 762 795 769
f 765 778 764
f 764 778 776
f 769 793 772
f 795 793 769
f 772 793 795
f 778 795 776
f 467 477 476
f 489 467 476
f 477 467 490
f 467 489 497
f 497 490 467
f 476 477 490
f 476 490 489
f 489 490 502
f 489 515 497
f 489 502 503
f 530 489 503
f 530 515 489
f 497 511 490
f 490 536 502
f 511 536 490
f 497 515 511
f 503 502 543
f 502 536 543
f 530 503 537
f 537 503 542
f 542 503 543
f 515 536 511
f 515 530 536
f 530 551 536
f 537 542 530
f 530 542 551
f 543 536 554
f 551 554 536
f 551 542 543
f 551 543 550
f 550 543 554
f 551 550 554
f 288 359 304
f 288 304 378
f 415 359 288
f 375 288 378
f 386 288 375
f 386 415 288
f 359 307 304
f 378 304 307
f 390 307 353
f 410 353 307
f 359 401 307
f 390 378 307
f 401 410 307
f 320 366 353
f 353 410 320
f 393 366 320
f 395 393 320
f 410 395 320
f 355 342 345
f 342 382 345
f 360 342 355
f 358 357 342
f 357 382 342
f 360 358 342
f 355 345 384
f 345 382 381
f 345 381 384
f 366 390 353
f 360 355 361
f 355 389 361
f 355 384 389
f 369 357 358
f 357 369 382
f 389 358 360
f 369 358 426
f 389 426 358
f 359 420 401
f 415 420 359
f 361 389 360
f 390 366 425
f 366 393 425
f 369 374 400
f 374 369 426
f 382 369 400
f 400 374 426
f 375 378 386
f 378 415 386
f 378 390 415
f 382 384 381
f 392 384 382
f 392 382 400
f 384 443 389
f 460 384 392
f 384 452 443
f 452 384 449
f 449 384 460
f 426 389 443
f 415 390 425
f 392 400 398
f 461 392 398
f 460 392 461
f 400 393 395
f 400 397 393
f 393 397 425
f 396 400 395
f 410 396 395
f 396 398 400
f 398 396 461
f 396 410 461
f 397 400 426
f 397 426 425
f 401 420 410
f 420 423 410
f 410 423 453
f 410 453 466
f 461 410 466
f 420 415 425
f 423 420 425
f 464 423 425
f 453 423 464
f 425 426 468
f 464 425 427
f 425 468 427
f 426 434 432
f 426 432 462
f 426 435 434
f 426 443 435
f 468 426 462
f 464 427 504
f 484 427 468
f 504 427 484
f 432 434 452
f 432 452 449
f 462 432 449
f 435 452 434
f 435 443 446
f 435 446 450
f 452 435 450
f 443 448 446
f 450 448 443
f 452 450 443
f 450 446 448
f 462 449 460
f 453 459 466
f 533 459 453
f 533 453 464
f 466 459 481
f 459 516 481
f 520 516 459
f 533 520 459
f 461 496 460
f 496 462 460
f 461 466 496
f 462 475 468
f 496 475 462
f 464 504 509
f 528 464 509
f 533 464 528
f 466 481 496
f 484 468 475
f 484 475 498
f 498 475 496
f 481 498 496
f 481 516 498
f 484 498 526
f 504 484 526
f 498 516 526
f 509 504 513
f 513 504 526
f 529 509 513
f 528 509 529
f 532 513 526
f 529 513 532
f 516 520 532
f 526 516 532
f 520 534 532
f 533 534 520
f 533 528 529
f 534 529 532
f 534 533 529
f 1273 1286 1274
f 1273 1274 1364
f 1273 1280 1286
f 1280 1273 1349
f 1273 1351 1349
f 1273 1364 1351
f 1274 1286 1290
f 1369 1274 1290
f 1369 1364 1274
f 1280 1339 1286
f 1280 1349 1339
f 1290 1286 1403
f 1339 1362 1286
f 1286 1362 1430
f 1286 1430 1403
f 1390 1290 1327
f 1327 1290 1403
f 1390 1369 1290
f 1295 1298 1299
f 1295 1370 1298
f 1295 1299 1370
f 1299 1298 1327
f 1327 1298 1384
f 1384 1298 1370
f 1361 1299 1327
f 1361 1354 1299
f 1370 1299 1354
f 1403 1361 1327
f 1327 1384 1390
f 1339 1349 1362
f 1351 1362 1349
f 1351 1488 1362
f 1364 1488 1351
f 1361 1462 1354
f 1370 1354 1387
f 1459 1387 1354
f 1462 1459 1354
f 1361 1403 1400
f 1462 1361 1400
f 1362 1488 1430
f 1369 1488 1364
f 1369 1390 1488
f 1370 1387 1384
f 1384 1387 1459
f 1384 1480 1390
f 1459 1480 1384
f 1480 1488 1390
f 1401 1400 1416
f 1462 1400 1401
f 1400 1403 1416
f 1401 1416 1462
f 1403 1494 1416
f 1403 1430 1494
f 1462 1416 1447
f 1447 1416 1494
f 1430 1488 1505
f 1430 1545 1494
f 1430 1505 1545
f 1455 1447 1494
f 1455 1542 1447
f 1480 1462 1447
f 1480 1447 1489
f 1489 1447 1533
f 1447 1542 1533
f 1455 1494 1557
f 1455 1506 1503
f 1455 1503 1542
f 1455 1557 1506
f 1459 1462 1480
f 1488 1480 1489
f 1488 1489 1529
f 1529 1505 1488
f 1489 1533 1529
f 1494 1545 1569
f 1494 1569 1557
f 1572 1503 1506
f 1542 1503 1548
f 1503 1564 1548
f 1572 1564 1503
f 1505 1529 1545
f 1544 1506 1566
f 1506 1544 1599
f 1506 1557 1567
f 1566 1506 1567
f 1506 1589 1572
f 1589 1506 1599
f 1533 1542 1529
f 1542 1548 1529
f 1578 1545 1529
f 1548 1578 1529
f 1566 1642 1544
f 1544 1611 1599
f 1544 1642 1611
f 1545 1610 1569
f 1545 1578 1610
f 1548 1564 1572
f 1548 1572 1578
f 1567 1557 1574
f 1557 1569 1588
f 1574 1557 1583
f 1583 1557 1580
f 1557 1588 1580
f 1566 1567 1642
f 1642 1567 1574
f 1569 1609 1588
f 1569 1639 1609
f 1569 1610 1666
f 1569 1650 1639
f 1650 1569 1666
f 1572 1589 1578
f 1583 1653 1574
f 1642 1574 1648
f 1653 1648 1574
f 1578 1589 1611
f 1578 1621 1610
f 1578 1611 1621
f 1693 1583 1580
f 1588 1687 1580
f 1687 1693 1580
f 1693 1653 1583
f 1675 1588 1609
f 1675 1687 1588
f 1611 1589 1599
f 1667 1609 1639
f 1667 1675 1609
f 1621 1675 1610
f 1667 1666 1610
f 1610 1675 1667
f 1611 1648 1621
f 1611 1642 1648
f 1648 1653 1621
f 1653 1693 1621
f 1621 1687 1675
f 1693 1687 1621
f 1667 1639 1650
f 1650 1666 1667
f 1641 1640 1637
f 1637 1640 1660
f 1641 1637 1736
f 1657 1637 1660
f 1637 1657 1766
f 1637 1761 1736
f 1766 1761 1637
f 1640 1641 1661
f 1660 1640 1661
f 1641 1645 1661
f 1641 1730 1645
f 1641 1734 1730
f 1641 1736 1734
f 1645 1646 1661
f 1645 1731 1646
f 1731 1645 1730
f 1646 1647 1661
f 1731 1647 1646
f 1647 1670 1661
f 1737 1670 1647
f 1731 1737 1647
f 1773 1657 1660
f 1657 1771 1766
f 1773 1771 1657
f 1660 1661 1680
f 1680 1694 1660
f 1660 1694 1780
f 1773 1660 1780
f 1661 1670 1683
f 1661 1678 1680
f 1661 1682 1678
f 1661 1683 1682
f 1683 1670 1673
f 1673 1670 1737
f 1683 1673 1758
f 1673 1737 1746
f 1746 1758 1673
f 1694 1680 1678
f 1678 1682 1743
f 1678 1743 1694
f 1682 1683 1684
f 1684 1749 1682
f 1743 1682 1748
f 1682 1749 1748
f 1758 1684 1683
f 1758 1749 1684
f 1694 1743 1744
f 1694 1744 1750
f 1694 1750 1780
f 1731 1730 1748
f 1734 1744 1730
f 1730 1744 1743
f 1730 1743 1748
f 1737 1731 1748
f 1734 1736 1735
f 1745 1734 1735
f 1734 1750 1744
f 1745 1750 1734
f 1736 1745 1735
f 1766 1745 1736
f 1761 1766 1736
f 1741 1746 1737
f 1737 1748 1741
f 1746 1741 1758
f 1741 1748 1749
f 1741 1749 1758
f 1745 1771 1750
f 1745 1766 1771
f 1750 1771 1773
f 1780 1750 1773
f 1148 1070 1092
f 1092 1070 1154
f 1100 1070 1097
f 1070 1170 1097
f 1187 1070 1100
f 1148 1160 1070
f 1154 1070 1161
f 1070 1160 1170
f 1161 1070 1165
f 1165 1070 1187
f 1092 1154 1148
f 1097 1121 1100
f 1223 1121 1097
f 1170 1223 1097
f 1100 1121 1115
f 1100 1115 1209
f 1100 1196 1187
f 1100 1209 1196
f 1115 1121 1142
f 1134 1115 1200
f 1115 1134 1209
f 1200 1115 1142
f 1223 1142 1121
f 1209 1134 1197
f 1197 1134 1231
f 1220 1134 1200
f 1134 1220 1231
f 1223 1200 1142
f 1154 1160 1148
f 1161 1160 1154
f 1160 1161 1170
f 1161 1165 1170
f 1170 1165 1249
f 1187 1252 1165
f 1165 1252 1249
f 1223 1170 1249
f 1187 1196 1252
f 1196 1209 1359
f 1196 1359 1252
f 1209 1197 1201
f 1197 1231 1201
f 1220 1200 1261
f 1223 1249 1200
f 1249 1255 1200
f 1256 1200 1255
f 1261 1200 1256
f 1209 1201 1278
f 1201 1231 1217
f 1278 1201 1217
f 1209 1278 1293
f 1209 1293 1359
f 1217 1231 1248
f 1241 1217 1248
f 1241 1278 1217
f 1220 1230 1231
f 1230 1220 1261
f 1231 1230 1262
f 1261 1262 1230
f 1248 1231 1285
f 1231 1262 1328
f 1231 1303 1285
f 1303 1231 1328
f 1248 1382 1241
f 1241 1293 1278
f 1330 1293 1241
f 1375 1330 1241
f 1375 1241 1382
f 1285 1382 1248
f 1252 1255 1249
f 1255 1252 1256
f 1252 1261 1256
f 1356 1261 1252
f 1252 1359 1356
f 1261 1356 1262
f 1328 1262 1322
f 1322 1262 1422
f 1379 1262 1356
f 1262 1379 1422
f 1285 1303 1382
f 1330 1376 1293
f 1293 1376 1359
f 1328 1429 1303
f 1303 1429 1382
f 1328 1322 1337
f 1322 1334 1337
f 1334 1322 1426
f 1322 1422 1426
f 1328 1337 1429
f 1330 1375 1376
f 1346 1337 1334
f 1346 1334 1347
f 1334 1426 1347
f 1337 1346 1429
f 1346 1347 1350
f 1346 1350 1429
f 1347 1426 1350
f 1350 1415 1408
f 1429 1350 1408
f 1350 1426 1415
f 1359 1379 1356
f 1359 1376 1385
f 1359 1422 1379
f 1385 1415 1359
f 1359 1415 1422
f 1375 1441 1376
f 1375 1382 1429
f 1375 1429 1441
f 1376 1441 1385
f 1385 1408 1415
f 1385 1437 1408
f 1441 1437 1385
f 1429 1408 1437
f 1422 1415 1426
f 1429 1437 1441
f 1412 1431 1428
f 1412 1428 1509
f 1431 1412 1450
f 1477 1450 1412
f 1412 1501 1477
f 1501 1412 1509
f 1431 1432 1428
f 1576 1428 1432
f 1428 1510 1439
f 1428 1439 1531
f 1509 1428 1516
f 1510 1428 1573
f 1516 1428 1531
f 1576 1573 1428
f 1432 1431 1433
f 1433 1431 1576
f 1431 1450 1571
f 1576 1431 1571
f 1432 1433 1576
f 1448 1439 1510
f 1439 1448 1551
f 1531 1439 1551
f 1458 1448 1483
f 1448 1458 1551
f 1448 1510 1483
f 1504 1450 1477
f 1504 1522 1450
f 1450 1517 1571
f 1450 1585 1517
f 1522 1546 1450
f 1546 1561 1450
f 1450 1561 1585
f 1473 1458 1483
f 1458 1473 1559
f 1551 1458 1559
f 1473 1483 1482
f 1473 1482 1559
f 1477 1501 1504
f 1482 1483 1484
f 1482 1484 1559
f 1484 1483 1540
f 1483 1510 1540
f 1539 1493 1484
f 1484 1493 1559
f 1539 1484 1540
f 1532 1497 1493
f 1493 1497 1603
f 1539 1532 1493
f 1493 1603 1559
f 1604 1497 1532
f 1603 1497 1604
f 1501 1515 1504
f 1501 1509 1515
f 1515 1522 1504
f 1509 1516 1515
f 1540 1510 1573
f 1515 1516 1531
f 1515 1546 1522
f 1515 1531 1607
f 1515 1607 1546
f 1571 1517 1552
f 1552 1517 1633
f 1517 1585 1586
f 1517 1586 1590
f 1596 1517 1590
f 1596 1620 1517
f 1633 1517 1620
f 1531 1551 1607
f 1539 1710 1532
f 1612 1604 1532
f 1612 1532 1638
f 1681 1638 1532
f 1695 1681 1532
f 1710 1695 1532
f 1539 1540 1549
f 1710 1539 1549
f 1575 1549 1540
f 1540 1573 1582
f 1575 1540 1602
f 1540 1582 1593
f 1602 1540 1593
f 1546 1607 1561
f 1563 1549 1575
f 1710 1549 1563
f 1551 1559 1607
f 1571 1552 1633
f 1559 1603 1607
f 1585 1561 1607
f 1710 1563 1575
f 1571 1573 1576
f 1665 1573 1571
f 1655 1571 1633
f 1663 1571 1655
f 1571 1663 1665
f 1573 1665 1582
f 1602 1747 1575
f 1738 1710 1575
f 1738 1575 1747
f 1582 1665 1593
f 1586 1585 1595
f 1585 1607 1595
f 1590 1586 1595
f 1595 1596 1590
f 1593 1665 1602
f 1595 1643 1596
f 1595 1607 1692
f 1595 1692 1643
f 1596 1643 1620
f 1602 1665 1704
f 1602 1704 1763
f 1763 1747 1602
f 1603 1604 1612
f 1603 1612 1607
f 1607 1612 1638
f 1607 1638 1681
f 1607 1681 1692
f 1620 1655 1633
f 1643 1655 1620
f 1643 1663 1655
f 1643 1665 1663
f 1643 1704 1665
f 1643 1692 1722
f 1643 1722 1704
f 1681 1695 1692
f 1695 1738 1692
f 1692 1742 1722
f 1738 1742 1692
f 1695 1710 1738
f 1704 1722 1763
f 1722 1742 1763
f 1742 1738 1747
f 1742 1747 1754
f 1742 1754 1755
f 1742 1755 1759
f 1763 1742 1759
f 1760 1754 1747
f 1763 1760 1747
f 1754 1760 1755
f 1755 1760 1759
f 1759 1760 1763
f 1680 1678 1686
f 1680 1694 1678
f 1678 1682 1688
f 1682 1678 1743
f 1678 1688 1686
f 1678 1694 1743
f 1694 1680 1686
f 1688 1682 1749
f 1682 1743 1748
f 1748 1749 1682
f 1686 1688 1762
f 1694 1686 1780
f 1762 1778 1686
f 1780 1686 1778
f 1749 1757 1688
f 1764 1688 1757
f 1762 1688 1764
f 1694 1744 1743
f 1750 1744 1694
f 1780 1750 1694
f 1744 1752 1743
f 1743 1752 1748
f 1750 1752 1744
f 1749 1748 1757
f 1748 1752 1757
f 1750 1780 1752
f 1752 1764 1757
f 1752 1762 1764
f 1778 1762 1752
f 1780 1778 1752
f 191 210 161
f 211 191 161
f 210 244 161
f 245 211 161
f 161 244 248
f 161 248 245
f 203 197 191
f 197 205 191
f 211 203 191
f 210 191 205
f 203 211 197
f 205 197 247
f 197 211 225
f 225 229 197
f 197 229 237
f 197 237 247
f 205 247 210
f 210 247 244
f 211 245 225
f 229 225 230
f 245 230 225
f 236 229 230
f 237 229 236
f 245 236 230
f 305 237 236
f 278 236 245
f 305 236 278
f 247 237 305
f 246 248 244
f 244 273 246
f 247 273 244
f 245 248 303
f 303 278 245
f 248 246 259
f 246 252 260
f 273 252 246
f 246 260 259
f 273 247 298
f 298 247 305
f 248 259 303
f 260 252 289
f 252 273 326
f 289 252 311
f 252 335 311
f 252 326 335
f 274 259 260
f 259 274 303
f 274 260 289
f 273 298 326
f 274 289 295
f 301 274 295
f 303 274 301
f 305 278 303
f 310 295 289
f 310 289 311
f 301 295 310
f 298 305 302
f 317 298 302
f 326 298 317
f 301 310 303
f 303 318 302
f 303 302 322
f 322 302 305
f 302 327 317
f 302 318 351
f 302 351 327
f 321 305 303
f 310 318 303
f 323 321 303
f 303 322 323
f 322 305 321
f 310 311 318
f 311 351 318
f 335 351 311
f 317 334 326
f 327 334 317
f 322 321 323
f 334 335 326
f 327 335 334
f 327 351 335
f 1296 1291 1260
f 1291 1357 1260
f 1296 1260 1502
f 1260 1357 1367
f 1260 1367 1402
f 1260 1402 1423
f 1423 1485 1260
f 1502 1260 1485
f 1311 1291 1296
f 1310 1291 1311
f 1310 1486 1291
f 1291 1366 1357
f 1291 1397 1366
f 1291 1420 1397
f 1486 1420 1291
f 1296 1502 1311
f 1310 1311 1336
f 1310 1336 1342
f 1310 1342 1486
f 1311 1502 1336
f 1342 1336 1391
f 1336 1502 1391
f 1342 1391 1389
f 1486 1342 1389
f 1367 1357 1366
f 1367 1366 1402
f 1366 1397 1402
f 1451 1389 1391
f 1451 1404 1389
f 1486 1389 1404
f 1418 1463 1391
f 1502 1418 1391
f 1451 1391 1463
f 1402 1397 1423
f 1397 1420 1423
f 1404 1451 1581
f 1486 1404 1491
f 1404 1514 1491
f 1404 1518 1514
f 1581 1518 1404
f 1463 1418 1530
f 1502 1519 1418
f 1530 1418 1519
f 1423 1420 1485
f 1420 1486 1485
f 1456 1451 1471
f 1456 1584 1451
f 1451 1463 1471
f 1581 1451 1584
f 1471 1584 1456
f 1530 1471 1463
f 1570 1471 1530
f 1592 1471 1570
f 1471 1592 1584
f 1485 1486 1491
f 1485 1491 1502
f 1502 1491 1519
f 1491 1514 1518
f 1491 1518 1519
f 1570 1519 1518
f 1570 1518 1581
f 1530 1519 1570
f 1570 1581 1592
f 1592 1581 1584
f 1471 1472 1478
f 1471 1594 1472
f 1471 1478 1476
f 1471 1476 1592
f 1592 1594 1471
f 1472 1617 1478
f 1594 1617 1472
f 1476 1478 1492
f 1476 1492 1495
f 1476 1495 1592
f 1492 1478 1617
f 1536 1495 1492
f 1492 1651 1536
f 1617 1651 1492
f 1535 1513 1495
f 1592 1495 1513
f 1536 1535 1495
f 1535 1708 1513
f 1622 1592 1513
f 1622 1513 1625
f 1671 1625 1513
f 1703 1671 1513
f 1513 1708 1703
f 1535 1536 1562
f 1541 1535 1562
f 1708 1535 1541
f 1562 1536 1558
f 1651 1558 1536
f 1541 1562 1708
f 1587 1558 1560
f 1651 1560 1558
f 1577 1562 1558
f 1587 1577 1558
f 1587 1560 1651
f 1708 1562 1577
f 1713 1577 1587
f 1708 1577 1713
f 1676 1587 1651
f 1701 1587 1676
f 1724 1587 1701
f 1721 1713 1587
f 1721 1587 1739
f 1739 1587 1724
f 1594 1592 1617
f 1617 1592 1622
f 1617 1622 1671
f 1651 1617 1676
f 1676 1617 1671
f 1671 1622 1625
f 1671 1703 1676
f 1676 1703 1701
f 1703 1713 1701
f 1701 1713 1721
f 1701 1721 1724
f 1703 1708 1713
f 1724 1721 1739
f 1173 1166 1174
f 1166 1173 1271
f 1276 1174 1166
f 1166 1253 1247
f 1254 1166 1247
f 1253 1166 1271
f 1254 1276 1166
f 1173 1174 1193
f 1173 1193 1194
f 1173 1194 1271
f 1193 1174 1181
f 1276 1181 1174
f 1181 1276 1193
f 1194 1193 1224
f 1193 1276 1224
f 1194 1224 1234
f 1225 1194 1234
f 1271 1194 1225
f 1259 1234 1224
f 1266 1224 1243
f 1276 1243 1224
f 1259 1224 1266
f 1234 1374 1225
f 1300 1271 1225
f 1340 1300 1225
f 1360 1340 1225
f 1374 1360 1225
f 1374 1234 1259
f 1266 1243 1260
f 1260 1243 1326
f 1276 1297 1243
f 1297 1307 1243
f 1307 1326 1243
f 1253 1254 1247
f 1254 1253 1300
f 1300 1253 1271
f 1276 1254 1300
f 1259 1266 1374
f 1266 1260 1365
f 1326 1357 1260
f 1260 1357 1365
f 1266 1365 1378
f 1374 1266 1378
f 1276 1300 1297
f 1297 1300 1340
f 1307 1297 1340
f 1307 1340 1326
f 1326 1340 1360
f 1357 1326 1365
f 1326 1360 1365
f 1360 1378 1365
f 1360 1374 1378
f 1308 1259 1266
f 1259 1374 1266
f 1259 1308 1424
f 1259 1381 1374
f 1259 1417 1381
f 1417 1259 1424
f 1266 1260 1291
f 1365 1260 1266
f 1291 1260 1357
f 1357 1260 1365
f 1310 1266 1291
f 1310 1308 1266
f 1365 1266 1378
f 1374 1378 1266
f 1486 1310 1291
f 1366 1291 1357
f 1397 1291 1366
f 1420 1291 1397
f 1486 1291 1420
f 1308 1310 1342
f 1308 1342 1345
f 1308 1345 1424
f 1486 1342 1310
f 1345 1342 1389
f 1486 1389 1342
f 1363 1345 1389
f 1345 1363 1424
f 1357 1365 1366
f 1363 1389 1388
f 1388 1514 1363
f 1499 1424 1363
f 1363 1514 1499
f 1365 1397 1366
f 1365 1378 1397
f 1374 1381 1378
f 1381 1397 1378
f 1397 1381 1420
f 1420 1381 1417
f 1388 1389 1404
f 1514 1388 1404
f 1486 1404 1389
f 1486 1491 1404
f 1514 1404 1491
f 1420 1417 1486
f 1417 1424 1486
f 1486 1424 1491
f 1424 1499 1491
f 1491 1499 1514
f 573 561 570
f 570 561 595
f 573 674 561
f 561 590 595
f 561 602 590
f 658 602 561
f 561 674 658
f 573 570 577
f 570 608 577
f 605 570 595
f 605 639 570
f 570 639 608
f 692 573 577
f 692 674 573
f 698 577 608
f 692 577 698
f 590 660 595
f 602 660 590
f 607 605 595
f 595 676 607
f 660 688 595
f 595 693 676
f 688 693 595
f 632 652 602
f 602 658 632
f 652 660 602
f 607 626 605
f 626 639 605
f 607 676 626
f 639 666 608
f 608 666 672
f 608 672 698
f 644 639 626
f 676 644 626
f 632 658 652
f 644 666 639
f 644 673 666
f 644 714 673
f 644 676 714
f 658 678 652
f 678 660 652
f 658 674 678
f 699 660 678
f 699 688 660
f 666 673 672
f 673 716 672
f 672 710 698
f 672 716 710
f 673 714 716
f 674 699 678
f 692 699 674
f 676 693 704
f 676 704 714
f 693 688 706
f 706 688 699
f 699 692 698
f 693 706 704
f 699 698 712
f 712 698 710
f 712 706 699
f 706 739 704
f 704 739 714
f 724 706 712
f 724 739 706
f 712 710 724
f 710 716 724
f 714 751 716
f 739 751 714
f 724 716 725
f 725 716 778
f 716 751 765
f 778 716 765
f 734 724 725
f 733 724 734
f 733 739 724
f 734 725 731
f 725 778 731
f 734 731 752
f 731 750 760
f 731 778 750
f 752 731 760
f 782 733 734
f 755 739 733
f 755 733 766
f 766 733 782
f 734 752 782
f 751 739 766
f 739 755 766
f 750 761 760
f 750 795 761
f 778 795 750
f 751 766 765
f 805 752 760
f 752 796 782
f 805 796 752
f 760 761 775
f 805 760 775
f 775 761 772
f 795 772 761
f 766 782 765
f 765 802 778
f 765 782 796
f 765 796 802
f 775 772 822
f 795 793 772
f 793 815 772
f 772 815 890
f 772 889 822
f 772 890 889
f 805 775 803
f 775 822 803
f 778 802 795
f 793 795 802
f 812 793 802
f 866 793 812
f 815 793 873
f 873 793 866
f 802 796 814
f 796 805 814
f 802 814 812
f 803 814 805
f 825 814 803
f 844 803 822
f 825 803 833
f 833 803 844
f 812 814 863
f 812 863 866
f 863 814 825
f 827 832 815
f 827 815 873
f 832 840 815
f 840 859 815
f 859 896 815
f 907 890 815
f 896 902 815
f 902 907 815
f 822 860 844
f 860 822 908
f 822 889 908
f 839 829 825
f 829 878 825
f 843 825 833
f 839 825 843
f 876 863 825
f 876 825 878
f 837 832 827
f 948 837 827
f 875 827 873
f 875 948 827
f 839 878 829
f 837 841 832
f 848 840 832
f 841 842 832
f 842 848 832
f 843 833 851
f 833 844 851
f 948 841 837
f 878 839 843
f 848 859 840
f 948 842 841
f 842 896 848
f 948 896 842
f 843 851 878
f 860 851 844
f 859 848 896
f 897 851 860
f 878 851 948
f 948 851 897
f 897 860 903
f 903 860 908
f 866 863 876
f 873 866 875
f 866 876 875
f 875 876 878
f 875 878 948
f 889 890 906
f 932 889 906
f 908 889 932
f 906 890 927
f 927 890 907
f 897 905 896
f 896 937 897
f 896 904 902
f 896 905 904
f 936 937 896
f 948 936 896
f 897 903 905
f 948 897 937
f 904 907 902
f 905 903 908
f 905 932 904
f 904 927 907
f 932 927 904
f 905 908 932
f 927 936 906
f 937 932 906
f 906 936 948
f 937 906 948
f 927 932 937
f 927 937 936
f 987 985 986
f 1049 986 985
f 985 987 1012
f 1049 985 1012
f 987 986 1033
f 1033 986 1011
f 1011 986 1049
f 1012 987 1004
f 1004 987 1033
f 1012 1004 1086
f 1033 1086 1004
f 1011 1020 1038
f 1011 1049 1020
f 1033 1011 1038
f 1012 1087 1049
f 1012 1086 1087
f 1038 1020 1031
f 1031 1020 1062
f 1020 1049 1062
f 1031 1034 1038
f 1062 1034 1031
f 1033 1038 1039
f 1039 1086 1033
f 1038 1034 1063
f 1034 1053 1066
f 1034 1068 1053
f 1068 1034 1062
f 1066 1063 1034
f 1038 1042 1039
f 1055 1042 1038
f 1054 1055 1038
f 1059 1054 1038
f 1063 1059 1038
f 1039 1042 1086
f 1071 1042 1055
f 1042 1071 1086
f 1049 1087 1062
f 1060 1053 1069
f 1053 1060 1088
f 1053 1088 1066
f 1069 1053 1068
f 1055 1054 1118
f 1054 1059 1117
f 1118 1054 1117
f 1055 1119 1071
f 1119 1055 1118
f 1063 1137 1059
f 1137 1117 1059
f 1073 1060 1069
f 1060 1070 1088
f 1092 1070 1060
f 1073 1080 1060
f 1080 1092 1060
f 1062 1096 1068
f 1087 1096 1062
f 1066 1137 1063
f 1088 1145 1066
f 1150 1137 1066
f 1066 1145 1150
f 1069 1068 1074
f 1068 1096 1074
f 1074 1073 1069
f 1120 1088 1070
f 1120 1070 1092
f 1086 1071 1087
f 1071 1099 1087
f 1071 1127 1099
f 1071 1119 1124
f 1124 1130 1071
f 1071 1130 1127
f 1074 1096 1073
f 1073 1126 1080
f 1073 1096 1108
f 1108 1126 1073
f 1080 1120 1092
f 1126 1120 1080
f 1087 1099 1096
f 1126 1088 1120
f 1136 1088 1126
f 1145 1088 1136
f 1099 1118 1096
f 1096 1126 1108
f 1096 1118 1117
f 1096 1117 1137
f 1096 1136 1126
f 1096 1150 1136
f 1096 1137 1150
f 1099 1119 1118
f 1099 1124 1119
f 1099 1127 1124
f 1124 1127 1130
f 1136 1150 1145
f 301 309 303
f 303 310 301
f 301 310 309
f 302 318 303
f 303 322 302
f 317 327 302
f 317 302 328
f 351 318 302
f 302 322 328
f 327 351 302
f 309 340 303
f 303 318 310
f 303 323 322
f 402 323 303
f 356 336 303
f 303 336 402
f 340 387 303
f 356 303 387
f 309 310 340
f 310 318 340
f 317 334 327
f 328 407 317
f 407 334 317
f 318 372 340
f 318 351 372
f 402 322 323
f 407 328 322
f 402 409 322
f 409 407 322
f 334 335 327
f 335 351 327
f 341 335 334
f 341 334 429
f 334 407 413
f 419 334 413
f 429 334 419
f 341 337 335
f 337 351 335
f 336 356 348
f 336 348 456
f 402 336 409
f 409 336 412
f 412 336 418
f 418 336 456
f 341 346 337
f 337 346 363
f 337 363 351
f 340 372 387
f 341 429 346
f 346 429 363
f 348 356 456
f 351 363 372
f 445 356 387
f 445 456 356
f 363 403 372
f 429 403 363
f 387 372 403
f 387 403 437
f 445 387 437
f 467 403 429
f 403 433 437
f 497 433 403
f 467 497 403
f 407 409 413
f 413 409 412
f 413 412 419
f 419 412 418
f 429 419 418
f 429 418 438
f 438 418 456
f 429 438 439
f 439 467 429
f 437 433 444
f 444 433 447
f 497 447 433
f 444 445 437
f 438 456 439
f 478 439 456
f 467 439 478
f 444 447 445
f 445 447 505
f 456 445 470
f 445 505 470
f 505 447 497
f 479 456 470
f 478 456 479
f 521 467 478
f 497 467 505
f 521 505 467
f 482 479 470
f 482 470 521
f 505 521 470
f 478 479 482
f 478 482 521
f 317 328 330
f 407 328 317
f 399 317 330
f 399 334 317
f 334 407 317
f 407 330 328
f 406 399 330
f 407 406 330
f 335 341 334
f 344 335 334
f 341 429 334
f 399 344 334
f 334 413 407
f 334 419 413
f 334 429 419
f 337 341 335
f 337 335 351
f 335 344 339
f 339 351 335
f 346 341 337
f 363 346 337
f 351 363 337
f 344 347 339
f 347 352 339
f 364 351 339
f 352 364 339
f 346 429 341
f 399 347 344
f 363 429 346
f 399 352 347
f 372 363 351
f 364 377 351
f 351 377 372
f 399 364 352
f 372 403 363
f 363 403 429
f 364 388 377
f 399 388 364
f 372 377 433
f 403 372 433
f 433 377 388
f 388 399 406
f 388 406 414
f 388 414 431
f 431 433 388
f 429 403 467
f 497 403 433
f 467 403 497
f 414 406 407
f 414 407 413
f 421 414 413
f 421 413 419
f 431 414 421
f 440 421 419
f 419 429 439
f 440 419 439
f 431 421 430
f 430 421 440
f 467 439 429
f 451 431 430
f 440 463 430
f 451 430 463
f 433 431 447
f 431 451 447
f 447 497 433
f 440 439 476
f 439 467 476
f 473 463 440
f 440 476 473
f 447 451 497
f 451 463 522
f 497 451 515
f 515 451 522
f 473 488 463
f 488 522 463
f 476 467 489
f 467 497 489
f 473 476 489
f 473 489 488
f 488 489 503
f 488 503 507
f 507 522 488
f 489 497 515
f 503 489 530
f 530 489 515
f 507 503 537
f 503 530 537
f 507 537 522
f 522 530 515
f 537 530 522
f 138 167 125
f 168 138 125
f 125 143 144
f 158 143 125
f 144 156 125
f 156 198 125
f 158 125 191
f 189 125 167
f 181 168 125
f 125 192 181
f 190 125 189
f 191 125 190
f 125 193 192
f 125 198 193
f 138 168 167
f 143 158 144
f 144 158 156
f 158 245 156
f 156 164 198
f 164 156 245
f 161 158 191
f 158 161 245
f 211 161 191
f 245 161 211
f 212 198 164
f 222 212 164
f 164 253 222
f 164 245 253
f 182 167 168
f 167 182 189
f 181 182 168
f 230 182 181
f 192 226 181
f 230 181 226
f 189 182 225
f 230 225 182
f 195 190 189
f 195 189 225
f 191 190 197
f 197 190 195
f 203 191 197
f 203 211 191
f 193 196 192
f 192 196 226
f 193 199 196
f 193 198 199
f 197 195 225
f 199 226 196
f 197 211 203
f 211 197 225
f 200 199 198
f 212 200 198
f 200 240 199
f 231 226 199
f 199 235 231
f 199 240 235
f 212 240 200
f 245 211 225
f 222 240 212
f 281 240 222
f 253 303 222
f 303 281 222
f 230 245 225
f 231 230 226
f 231 236 230
f 245 230 236
f 235 236 231
f 235 281 236
f 235 240 281
f 236 278 245
f 236 308 278
f 236 281 308
f 248 253 245
f 303 248 245
f 303 245 278
f 253 248 256
f 256 248 258
f 248 259 258
f 303 259 248
f 303 253 256
f 256 258 296
f 256 296 301
f 256 301 303
f 295 258 259
f 258 295 296
f 295 259 274
f 303 274 259
f 274 301 295
f 303 301 274
f 303 278 305
f 278 308 305
f 349 281 303
f 349 308 281
f 296 295 301
f 303 305 321
f 303 321 323
f 323 349 303
f 305 308 319
f 321 305 319
f 349 319 308
f 321 319 349
f 323 321 349
f 90 91 86
f 90 86 110
f 91 103 86
f 103 100 86
f 86 100 117
f 124 110 86
f 124 86 117
f 90 109 91
f 90 110 109
f 91 94 104
f 91 109 94
f 91 104 103
f 95 104 94
f 109 95 94
f 96 104 95
f 95 126 96
f 109 126 95
f 98 106 96
f 96 126 98
f 106 104 96
f 122 106 98
f 108 98 121
f 122 98 108
f 98 126 121
f 100 103 117
f 103 104 123
f 117 103 123
f 104 106 149
f 149 123 104
f 106 122 174
f 106 175 149
f 106 174 175
f 157 108 121
f 122 108 157
f 110 118 109
f 109 118 126
f 118 110 124
f 117 123 124
f 126 118 124
f 121 126 131
f 157 121 131
f 174 122 157
f 124 123 149
f 124 139 126
f 139 124 159
f 124 149 175
f 124 188 159
f 124 175 188
f 131 126 170
f 139 159 126
f 159 172 126
f 126 172 170
f 157 131 163
f 163 131 170
f 174 157 163
f 169 172 159
f 188 169 159
f 219 163 170
f 174 163 219
f 169 179 172
f 188 179 169
f 180 170 172
f 219 170 180
f 179 202 172
f 202 180 172
f 175 174 188
f 188 174 219
f 188 219 179
f 179 219 202
f 180 202 219
f 117 100 86
f 100 127 86
f 110 86 111
f 110 124 86
f 86 127 111
f 124 117 86
f 100 117 127
f 111 145 110
f 118 124 110
f 110 146 118
f 110 145 146
f 127 160 111
f 111 150 145
f 111 160 150
f 124 123 117
f 123 176 117
f 127 117 171
f 117 176 171
f 118 146 124
f 124 149 123
f 123 149 176
f 124 146 139
f 124 139 159
f 124 175 149
f 124 159 188
f 124 188 175
f 160 127 204
f 127 171 204
f 146 159 139
f 145 150 146
f 150 160 146
f 146 169 159
f 160 250 146
f 169 146 179
f 146 217 179
f 146 251 217
f 250 251 146
f 149 175 176
f 159 169 188
f 209 160 204
f 160 209 213
f 160 213 222
f 160 222 250
f 169 179 188
f 177 171 176
f 204 171 177
f 176 175 267
f 238 175 188
f 175 238 266
f 175 266 267
f 177 176 233
f 233 176 267
f 204 177 232
f 232 177 233
f 188 179 219
f 179 216 202
f 179 202 219
f 217 216 179
f 188 219 238
f 202 216 218
f 202 218 220
f 219 202 238
f 238 202 220
f 204 213 209
f 213 204 240
f 234 204 232
f 234 240 204
f 222 213 240
f 217 218 216
f 217 220 218
f 217 243 220
f 255 243 217
f 251 255 217
f 238 220 243
f 240 254 222
f 254 250 222
f 234 232 233
f 233 254 234
f 233 265 254
f 233 267 265
f 234 254 240
f 238 243 266
f 255 269 243
f 243 280 266
f 243 269 280
f 250 255 251
f 254 269 250
f 250 269 255
f 265 288 254
f 254 288 269
f 265 267 290
f 375 288 265
f 290 375 265
f 266 268 267
f 268 266 280
f 267 268 270
f 267 270 313
f 290 267 375
f 375 267 313
f 270 268 280
f 269 288 280
f 288 270 280
f 313 270 288
f 313 288 375
f 222 254 240
f 281 222 240
f 222 250 254
f 222 257 250
f 253 257 222
f 303 253 222
f 303 222 281
f 240 254 316
f 240 316 281
f 250 251 255
f 250 257 251
f 250 269 254
f 250 255 269
f 251 257 255
f 253 256 258
f 303 256 253
f 253 258 257
f 254 288 265
f 265 316 254
f 254 269 288
f 257 269 255
f 256 296 258
f 301 296 256
f 301 256 303
f 257 258 277
f 257 282 269
f 276 257 277
f 276 282 257
f 277 258 297
f 297 258 296
f 265 288 375
f 265 290 316
f 290 265 375
f 269 282 288
f 276 277 373
f 282 276 371
f 371 276 373
f 301 277 297
f 303 277 301
f 277 303 376
f 373 277 376
f 303 281 349
f 281 316 308
f 349 281 308
f 288 282 375
f 371 375 282
f 316 290 371
f 371 290 375
f 296 301 297
f 303 349 370
f 370 376 303
f 308 316 319
f 349 308 319
f 319 316 376
f 316 371 373
f 376 316 373
f 370 349 319
f 370 319 376
f 216 215 202
f 223 202 215
f 216 202 218
f 218 202 220
f 202 219 238
f 241 219 202
f 220 202 238
f 224 202 223
f 241 202 224
f 216 218 215
f 218 223 215
f 220 299 218
f 218 299 223
f 238 219 266
f 266 219 241
f 220 238 243
f 243 299 220
f 223 299 224
f 241 224 249
f 249 224 272
f 275 272 224
f 275 224 279
f 224 299 279
f 243 238 266
f 241 249 266
f 280 243 266
f 280 299 243
f 249 268 266
f 249 272 268
f 268 280 266
f 268 272 270
f 270 280 268
f 270 272 275
f 270 275 314
f 288 280 270
f 313 288 270
f 313 270 378
f 270 314 390
f 390 378 270
f 279 314 275
f 279 299 293
f 279 293 366
f 279 366 314
f 280 288 299
f 288 304 299
f 288 378 304
f 288 313 375
f 288 375 378
f 293 299 315
f 315 320 293
f 320 366 293
f 304 307 299
f 307 353 299
f 353 315 299
f 307 304 378
f 353 307 390
f 378 390 307
f 375 313 378
f 390 314 366
f 353 320 315
f 353 366 320
f 390 366 353
f 1302 1303 1338
f 1302 1429 1303
f 1316 1302 1343
f 1302 1316 1429
f 1302 1338 1343
f 1303 1527 1338
f 1303 1429 1443
f 1303 1443 1446
f 1446 1523 1303
f 1523 1527 1303
f 1313 1305 1314
f 1313 1419 1305
f 1314 1305 1438
f 1305 1419 1438
f 1315 1306 1318
f 1306 1315 1442
f 1318 1306 1317
f 1306 1421 1317
f 1421 1306 1435
f 1306 1442 1435
f 1325 1313 1314
f 1325 1419 1313
f 1325 1314 1321
f 1314 1457 1321
f 1457 1314 1438
f 1315 1318 1319
f 1315 1319 1457
f 1457 1442 1315
f 1317 1316 1318
f 1316 1317 1421
f 1318 1316 1343
f 1316 1421 1429
f 1319 1318 1394
f 1318 1343 1386
f 1318 1386 1394
f 1319 1393 1331
f 1331 1457 1319
f 1319 1394 1393
f 1321 1358 1325
f 1321 1331 1358
f 1331 1321 1457
f 1325 1358 1419
f 1331 1393 1358
f 1338 1341 1343
f 1338 1527 1341
f 1343 1341 1344
f 1527 1344 1341
f 1343 1344 1373
f 1343 1373 1377
f 1386 1343 1377
f 1373 1344 1527
f 1543 1358 1393
f 1358 1436 1419
f 1358 1466 1436
f 1358 1511 1466
f 1511 1358 1521
f 1543 1521 1358
f 1373 1527 1377
f 1377 1527 1386
f 1386 1527 1394
f 1393 1394 1458
f 1467 1452 1393
f 1452 1543 1393
f 1473 1393 1458
f 1473 1467 1393
f 1394 1527 1458
f 1419 1436 1438
f 1421 1443 1429
f 1435 1443 1421
f 1435 1442 1444
f 1443 1435 1444
f 1438 1436 1466
f 1457 1438 1466
f 1444 1442 1446
f 1442 1457 1446
f 1446 1443 1444
f 1457 1466 1446
f 1523 1446 1466
f 1467 1543 1452
f 1559 1473 1458
f 1458 1527 1528
f 1528 1559 1458
f 1523 1466 1511
f 1467 1473 1482
f 1481 1467 1482
f 1467 1481 1543
f 1473 1559 1482
f 1481 1482 1484
f 1487 1481 1484
f 1481 1487 1543
f 1482 1559 1484
f 1487 1484 1493
f 1484 1559 1493
f 1497 1487 1493
f 1487 1497 1543
f 1497 1493 1603
f 1559 1603 1493
f 1497 1556 1543
f 1604 1556 1497
f 1603 1604 1497
f 1523 1511 1521
f 1521 1528 1523
f 1521 1556 1528
f 1521 1543 1556
f 1523 1528 1527
f 1559 1528 1556
f 1603 1559 1556
f 1603 1556 1604
f 343 345 342
f 343 342 368
f 382 342 345
f 357 368 342
f 382 357 342
f 345 343 381
f 343 368 367
f 343 367 381
f 382 345 381
f 369 368 357
f 369 357 382
f 368 385 367
f 367 380 381
f 380 367 394
f 367 385 400
f 394 367 400
f 368 369 374
f 385 368 374
f 369 400 374
f 382 400 369
f 374 400 385
f 380 382 381
f 380 392 382
f 394 392 380
f 382 392 400
f 392 394 398
f 398 400 392
f 394 400 398
f 252 261 260
f 260 289 252
f 252 273 261
f 326 273 252
f 252 289 311
f 252 311 335
f 252 335 326
f 260 261 289
f 261 287 271
f 289 261 271
f 273 287 261
f 271 286 289
f 291 286 271
f 325 271 287
f 329 291 271
f 329 271 325
f 287 273 298
f 326 298 273
f 289 286 311
f 286 291 312
f 286 312 311
f 287 298 294
f 379 287 294
f 379 325 287
f 312 291 365
f 291 329 354
f 365 291 354
f 330 294 298
f 294 330 332
f 379 294 332
f 326 317 298
f 330 298 317
f 377 311 312
f 351 335 311
f 351 311 377
f 391 312 365
f 377 312 391
f 326 334 317
f 317 399 330
f 399 317 334
f 329 325 331
f 331 325 379
f 335 334 326
f 329 331 338
f 354 329 338
f 399 332 330
f 331 408 338
f 331 379 404
f 408 331 404
f 399 379 332
f 344 334 335
f 344 399 334
f 339 344 335
f 351 339 335
f 354 338 350
f 338 408 350
f 347 344 339
f 352 347 339
f 351 364 339
f 364 352 339
f 344 347 399
f 399 347 352
f 354 350 362
f 350 408 362
f 377 364 351
f 399 352 364
f 365 354 362
f 408 365 362
f 388 364 377
f 399 364 388
f 391 365 417
f 417 365 408
f 377 391 388
f 405 379 399
f 404 379 405
f 388 391 417
f 405 399 388
f 388 408 405
f 417 408 388
f 404 405 408
f 1180 1177 1183
f 1177 1180 1258
f 1177 1258 1183
f 1192 1180 1183
f 1180 1192 1258
f 1192 1183 1191
f 1183 1258 1191
f 1192 1191 1216
f 1191 1204 1207
f 1191 1267 1204
f 1191 1207 1216
f 1191 1258 1267
f 1211 1192 1216
f 1211 1258 1192
f 1371 1207 1204
f 1204 1267 1275
f 1292 1204 1275
f 1292 1304 1204
f 1304 1371 1204
f 1207 1272 1216
f 1244 1287 1207
f 1244 1207 1380
f 1287 1272 1207
f 1380 1207 1371
f 1211 1216 1320
f 1270 1258 1211
f 1270 1211 1294
f 1211 1320 1294
f 1272 1260 1216
f 1320 1216 1260
f 1380 1287 1244
f 1258 1275 1267
f 1258 1270 1275
f 1260 1272 1368
f 1323 1320 1260
f 1323 1260 1357
f 1357 1260 1368
f 1275 1270 1292
f 1270 1294 1292
f 1272 1287 1407
f 1372 1368 1272
f 1407 1372 1272
f 1380 1409 1287
f 1413 1407 1287
f 1413 1287 1409
f 1292 1294 1304
f 1294 1323 1304
f 1294 1320 1323
f 1304 1323 1368
f 1304 1368 1371
f 1368 1323 1357
f 1368 1372 1371
f 1372 1407 1371
f 1371 1409 1380
f 1407 1409 1371
f 1409 1407 1413
f 525 510 455
f 535 455 510
f 455 535 525
f 525 530 510
f 530 537 510
f 535 510 539
f 510 537 540
f 510 540 539
f 525 538 530
f 535 538 525
f 538 537 530
f 535 539 538
f 538 540 537
f 539 546 538
f 538 546 540
f 539 540 546
f 474 457 471
f 471 457 485
f 474 485 457
f 471 485 474
f 793 802 795
f 804 793 795
f 793 812 802
f 811 793 804
f 823 793 811
f 793 866 812
f 793 818 815
f 815 873 793
f 828 818 793
f 828 793 823
f 793 873 866
f 795 802 804
f 802 812 804
f 804 812 811
f 811 812 866
f 823 811 868
f 868 811 866
f 815 818 890
f 832 827 815
f 827 873 815
f 815 840 832
f 815 859 840
f 896 859 815
f 815 890 907
f 896 815 902
f 902 815 907
f 850 818 828
f 850 854 818
f 854 855 818
f 855 858 818
f 858 883 818
f 890 818 883
f 834 828 823
f 877 834 823
f 872 823 868
f 877 823 872
f 832 837 827
f 837 948 827
f 827 875 873
f 827 948 875
f 846 828 834
f 846 849 828
f 849 852 828
f 852 850 828
f 832 841 837
f 832 840 848
f 832 842 841
f 842 832 848
f 834 941 846
f 941 834 877
f 837 841 948
f 859 848 840
f 948 841 842
f 842 848 896
f 948 842 896
f 846 941 849
f 848 859 896
f 849 941 852
f 850 852 856
f 854 850 856
f 856 852 941
f 857 855 854
f 854 856 857
f 855 857 858
f 941 857 856
f 941 858 857
f 883 858 941
f 866 873 868
f 868 875 872
f 868 873 875
f 953 872 875
f 953 877 872
f 953 875 948
f 941 877 954
f 877 953 954
f 890 883 942
f 893 883 892
f 883 941 892
f 1025 883 893
f 1025 942 883
f 890 906 927
f 946 906 890
f 890 927 907
f 946 890 942
f 901 893 892
f 894 936 892
f 892 1025 894
f 901 892 896
f 936 896 892
f 959 892 941
f 959 967 892
f 967 1025 892
f 893 901 894
f 1025 893 894
f 901 936 894
f 904 901 896
f 896 902 904
f 896 936 948
f 927 901 904
f 901 927 936
f 902 907 904
f 904 907 927
f 927 906 936
f 906 948 936
f 1012 906 946
f 948 906 964
f 964 906 992
f 992 906 1012
f 959 941 954
f 946 942 944
f 944 942 1025
f 946 944 980
f 944 972 980
f 972 944 1025
f 946 980 1012
f 953 948 964
f 954 953 964
f 954 964 959
f 959 964 992
f 959 992 967
f 992 1049 967
f 967 1062 1025
f 1049 1062 967
f 972 975 983
f 975 972 1025
f 980 972 983
f 975 978 983
f 978 975 1025
f 978 982 1030
f 1037 982 978
f 983 978 1030
f 1037 978 1025
f 980 983 986
f 985 980 986
f 980 985 1012
f 982 981 1030
f 981 982 1037
f 981 999 1030
f 999 981 1032
f 1032 981 1037
f 986 983 1011
f 1011 983 1020
f 1020 983 1031
f 983 1030 1034
f 983 1034 1031
f 985 986 1049
f 985 1049 1012
f 986 1011 1049
f 1012 1049 992
f 999 1002 1030
f 1002 999 1032
f 1008 1002 1032
f 1002 1008 1036
f 1002 1036 1030
f 1008 1026 1027
f 1026 1008 1032
f 1008 1027 1061
f 1036 1008 1061
f 1049 1011 1020
f 1020 1031 1062
f 1049 1020 1062
f 1025 1068 1037
f 1062 1068 1025
f 1026 1080 1027
f 1028 1026 1032
f 1028 1074 1026
f 1074 1073 1026
f 1073 1080 1026
f 1061 1027 1092
f 1027 1080 1092
f 1032 1037 1028
f 1037 1074 1028
f 1034 1030 1053
f 1030 1036 1060
f 1030 1060 1053
f 1031 1034 1062
f 1034 1053 1068
f 1062 1034 1068
f 1060 1036 1070
f 1070 1036 1061
f 1037 1068 1069
f 1037 1069 1074
f 1069 1053 1060
f 1068 1053 1069
f 1073 1069 1060
f 1070 1092 1060
f 1080 1073 1060
f 1092 1080 1060
f 1070 1061 1092
f 1073 1074 1069
f 1088 1070 1100
f 1070 1088 1120
f 1070 1120 1092
f 1154 1070 1092
f 1070 1187 1100
f 1161 1070 1154
f 1165 1070 1161
f 1165 1187 1070
f 1088 1100 1104
f 1145 1088 1104
f 1120 1088 1126
f 1126 1088 1136
f 1088 1145 1136
f 1092 1120 1154
f 1100 1115 1104
f 1100 1209 1115
f 1187 1196 1100
f 1100 1196 1209
f 1104 1115 1109
f 1163 1104 1109
f 1163 1145 1104
f 1163 1109 1111
f 1111 1109 1197
f 1109 1115 1134
f 1197 1109 1134
f 1176 1111 1113
f 1113 1111 1217
f 1176 1163 1111
f 1111 1197 1201
f 1217 1111 1201
f 1176 1113 1129
f 1188 1129 1113
f 1113 1217 1188
f 1209 1134 1115
f 1126 1162 1120
f 1120 1162 1154
f 1136 1162 1126
f 1175 1129 1188
f 1175 1268 1129
f 1129 1205 1176
f 1129 1268 1205
f 1197 1134 1209
f 1136 1145 1162
f 1145 1163 1162
f 1162 1161 1154
f 1161 1162 1165
f 1163 1203 1162
f 1162 1187 1165
f 1162 1196 1187
f 1162 1289 1196
f 1203 1289 1162
f 1163 1176 1203
f 1185 1175 1188
f 1268 1175 1185
f 1176 1205 1203
f 1185 1188 1189
f 1189 1282 1185
f 1282 1268 1185
f 1189 1188 1199
f 1306 1199 1188
f 1188 1217 1241
f 1188 1241 1316
f 1306 1188 1317
f 1188 1316 1317
f 1199 1282 1189
f 1196 1289 1209
f 1201 1197 1209
f 1284 1199 1215
f 1199 1314 1215
f 1284 1282 1199
f 1315 1199 1306
f 1315 1314 1199
f 1278 1201 1209
f 1217 1201 1278
f 1205 1289 1203
f 1207 1204 1206
f 1204 1267 1206
f 1207 1371 1204
f 1275 1267 1204
f 1292 1275 1204
f 1304 1292 1204
f 1371 1304 1204
f 1268 1289 1205
f 1244 1207 1206
f 1215 1206 1281
f 1305 1206 1215
f 1305 1244 1206
f 1206 1267 1281
f 1380 1207 1244
f 1380 1371 1207
f 1209 1289 1278
f 1215 1281 1284
f 1314 1305 1215
f 1278 1241 1217
f 1316 1241 1248
f 1382 1248 1241
f 1293 1241 1278
f 1330 1241 1293
f 1330 1375 1241
f 1375 1382 1241
f 1305 1380 1244
f 1302 1248 1285
f 1382 1285 1248
f 1316 1248 1302
f 1275 1281 1267
f 1282 1289 1268
f 1281 1275 1292
f 1278 1289 1293
f 1284 1281 1292
f 1282 1284 1289
f 1284 1292 1289
f 1285 1303 1302
f 1382 1303 1285
f 1292 1304 1289
f 1289 1330 1293
f 1289 1304 1375
f 1330 1289 1375
f 1302 1303 1429
f 1316 1302 1429
f 1382 1429 1303
f 1375 1304 1371
f 1438 1305 1314
f 1305 1414 1380
f 1419 1414 1305
f 1419 1305 1438
f 1315 1306 1442
f 1306 1317 1421
f 1421 1435 1306
f 1306 1435 1442
f 1314 1315 1319
f 1321 1314 1319
f 1314 1321 1457
f 1438 1314 1457
f 1315 1457 1319
f 1315 1442 1457
f 1317 1316 1421
f 1421 1316 1429
f 1319 1331 1321
f 1319 1457 1331
f 1321 1331 1457
f 1375 1371 1435
f 1371 1380 1414
f 1371 1414 1435
f 1382 1375 1421
f 1375 1435 1421
f 1382 1421 1429
f 1414 1419 1438
f 1435 1414 1442
f 1414 1438 1442
f 1442 1438 1457
f 548 558 536
f 548 536 679
f 558 554 536
f 536 554 601
f 611 536 601
f 676 536 611
f 536 676 679
f 549 559 548
f 548 679 549
f 559 558 548
f 609 559 549
f 549 665 609
f 549 679 665
f 579 554 558
f 608 554 579
f 601 554 639
f 554 608 639
f 580 558 559
f 579 558 580
f 580 559 604
f 559 627 604
f 609 625 559
f 559 625 627
f 612 579 580
f 608 579 612
f 612 580 604
f 611 601 623
f 623 601 644
f 644 601 639
f 612 604 635
f 628 604 627
f 628 635 604
f 608 612 640
f 640 639 608
f 615 625 609
f 609 665 615
f 676 611 623
f 642 612 635
f 640 612 642
f 615 630 625
f 665 630 615
f 623 644 676
f 625 630 627
f 630 628 627
f 630 631 628
f 631 635 628
f 631 630 665
f 631 641 635
f 631 679 641
f 665 679 631
f 641 642 635
f 639 640 643
f 639 643 644
f 640 642 647
f 647 643 640
f 646 642 641
f 679 646 641
f 647 642 646
f 644 643 676
f 643 647 679
f 679 676 643
f 647 646 679
f 20 22 23
f 32 22 20
f 20 23 24
f 32 20 24
f 22 29 23
f 22 26 28
f 26 22 32
f 28 29 22
f 29 24 23
f 35 24 29
f 34 32 24
f 34 24 35
f 28 26 51
f 32 34 26
f 26 34 49
f 51 26 49
f 29 28 31
f 28 51 31
f 35 29 31
f 31 50 35
f 31 51 50
f 49 34 35
f 49 35 50
f 49 50 51
f 1537 1508 1538
f 1508 1537 1644
f 1644 1538 1508
f 1537 1538 1550
f 1554 1537 1550
f 1644 1537 1554
f 1538 1644 1550
f 1628 1550 1553
f 1644 1553 1550
f 1554 1550 1627
f 1627 1550 1628
f 1628 1553 1563
f 1563 1553 1696
f 1644 1679 1553
f 1553 1679 1696
f 1619 1568 1554
f 1644 1554 1568
f 1627 1619 1554
f 1628 1563 1615
f 1615 1563 1732
f 1697 1563 1696
f 1710 1563 1697
f 1732 1563 1710
f 1619 1587 1568
f 1707 1568 1587
f 1677 1644 1568
f 1677 1568 1698
f 1698 1568 1707
f 1739 1587 1619
f 1725 1707 1587
f 1725 1587 1739
f 1615 1776 1628
f 1732 1733 1615
f 1615 1733 1753
f 1615 1753 1765
f 1765 1776 1615
f 1627 1774 1619
f 1767 1739 1619
f 1767 1619 1774
f 1627 1628 1652
f 1627 1652 1774
f 1628 1776 1652
f 1644 1677 1679
f 1652 1776 1774
f 1696 1679 1677
f 1696 1677 1698
f 1696 1698 1697
f 1698 1707 1697
f 1707 1733 1697
f 1697 1733 1710
f 1725 1733 1707
f 1710 1733 1732
f 1733 1725 1753
f 1725 1739 1751
f 1753 1725 1751
f 1751 1739 1767
f 1751 1767 1753
f 1753 1767 1765
f 1765 1767 1774
f 1776 1765 1774
f 1055 1054 1107
f 1118 1054 1055
f 1107 1054 1059
f 1054 1117 1059
f 1117 1054 1118
f 1085 1071 1055
f 1119 1055 1071
f 1085 1055 1107
f 1119 1118 1055
f 1107 1059 1063
f 1137 1063 1059
f 1117 1137 1059
f 1063 1066 1107
f 1137 1066 1063
f 1066 1088 1104
f 1066 1145 1088
f 1066 1104 1107
f 1137 1150 1066
f 1150 1145 1066
f 1130 1071 1085
f 1124 1119 1071
f 1130 1124 1071
f 1085 1107 1098
f 1098 1130 1085
f 1104 1088 1145
f 1098 1107 1106
f 1106 1130 1098
f 1104 1109 1107
f 1163 1109 1104
f 1163 1104 1145
f 1106 1107 1129
f 1116 1130 1106
f 1116 1106 1184
f 1185 1106 1129
f 1184 1106 1185
f 1107 1109 1111
f 1107 1111 1113
f 1129 1107 1113
f 1163 1111 1109
f 1111 1176 1113
f 1163 1176 1111
f 1129 1113 1176
f 1208 1130 1116
f 1184 1237 1116
f 1208 1116 1237
f 1117 1118 1205
f 1137 1117 1205
f 1119 1124 1118
f 1118 1124 1208
f 1118 1208 1205
f 1124 1130 1208
f 1185 1129 1175
f 1129 1268 1175
f 1176 1205 1129
f 1129 1205 1268
f 1150 1137 1176
f 1176 1137 1205
f 1163 1145 1150
f 1163 1150 1176
f 1175 1268 1185
f 1184 1185 1189
f 1184 1189 1190
f 1184 1190 1237
f 1189 1185 1282
f 1185 1268 1282
f 1190 1189 1199
f 1189 1282 1199
f 1206 1190 1199
f 1204 1190 1206
f 1190 1204 1237
f 1206 1199 1215
f 1199 1284 1215
f 1199 1282 1284
f 1206 1267 1204
f 1204 1267 1237
f 1205 1208 1268
f 1215 1281 1206
f 1206 1281 1267
f 1208 1237 1267
f 1208 1267 1281
f 1208 1281 1268
f 1284 1281 1215
f 1281 1282 1268
f 1282 1281 1284
f 86 92 111
f 92 86 119
f 119 86 100
f 127 100 86
f 111 127 86
f 92 115 111
f 115 92 138
f 92 119 138
f 119 100 171
f 100 127 171
f 115 145 111
f 160 127 111
f 145 150 111
f 150 160 111
f 115 138 125
f 125 144 115
f 144 145 115
f 138 119 168
f 119 171 168
f 125 138 168
f 125 156 144
f 125 198 156
f 125 168 181
f 192 125 181
f 193 125 192
f 125 193 198
f 204 127 160
f 204 171 127
f 145 144 156
f 145 156 150
f 156 164 150
f 150 222 160
f 150 164 222
f 164 156 198
f 204 160 209
f 209 160 213
f 213 160 222
f 164 198 212
f 164 212 222
f 171 181 168
f 177 181 171
f 204 177 171
f 226 181 177
f 232 177 204
f 231 226 177
f 231 177 232
f 226 192 181
f 193 192 196
f 226 196 192
f 199 193 196
f 199 198 193
f 199 196 226
f 198 199 200
f 212 198 200
f 240 200 199
f 199 226 231
f 231 235 199
f 235 240 199
f 212 200 240
f 213 204 209
f 240 204 213
f 234 232 204
f 240 234 204
f 212 240 222
f 240 213 222
f 232 235 231
f 234 235 232
f 234 240 235
f 629 622 633
f 622 629 636
f 633 622 684
f 684 622 636
f 633 664 629
f 636 629 664
f 633 696 664
f 633 684 719
f 633 715 696
f 715 633 719
f 636 664 662
f 684 636 662
f 662 664 720
f 684 662 690
f 690 662 728
f 662 720 728
f 720 664 696
f 719 684 690
f 721 719 690
f 721 690 728
f 722 696 715
f 756 720 696
f 722 756 696
f 715 719 745
f 722 715 742
f 715 745 742
f 743 719 721
f 745 719 743
f 728 720 732
f 732 720 730
f 756 730 720
f 728 756 721
f 756 743 721
f 742 756 722
f 728 732 756
f 741 732 730
f 748 741 730
f 756 748 730
f 732 741 756
f 741 748 753
f 741 753 756
f 742 745 756
f 743 756 745
f 753 748 756
f 1220 1200 1142
f 1200 1223 1142
f 1220 1142 1202
f 1202 1142 1223
f 1220 1261 1200
f 1200 1249 1223
f 1255 1249 1200
f 1200 1256 1255
f 1261 1256 1200
f 1213 1202 1223
f 1202 1213 1229
f 1202 1229 1220
f 1245 1213 1223
f 1229 1213 1355
f 1213 1245 1257
f 1263 1213 1257
f 1213 1263 1264
f 1264 1355 1213
f 1220 1229 1230
f 1220 1230 1261
f 1223 1249 1245
f 1230 1229 1301
f 1301 1229 1269
f 1269 1229 1355
f 1230 1262 1261
f 1262 1230 1322
f 1322 1230 1301
f 1249 1257 1245
f 1249 1255 1257
f 1257 1255 1256
f 1257 1256 1263
f 1256 1261 1355
f 1263 1256 1355
f 1262 1356 1261
f 1355 1261 1356
f 1422 1262 1322
f 1379 1356 1262
f 1422 1379 1262
f 1264 1263 1355
f 1301 1269 1383
f 1269 1355 1383
f 1301 1332 1322
f 1332 1301 1383
f 1322 1332 1334
f 1426 1322 1334
f 1426 1422 1322
f 1334 1332 1348
f 1348 1332 1383
f 1347 1334 1348
f 1426 1334 1347
f 1347 1348 1350
f 1426 1347 1350
f 1348 1383 1350
f 1350 1383 1425
f 1350 1425 1426
f 1356 1383 1355
f 1356 1379 1422
f 1425 1383 1356
f 1422 1425 1356
f 1426 1425 1422
f 1093 1064 1089
f 1064 1122 1089
f 1091 1064 1093
f 1091 1139 1064
f 1139 1122 1064
f 1089 1110 1093
f 1110 1089 1122
f 1093 1141 1091
f 1091 1141 1139
f 1110 1147 1093
f 1147 1141 1093
f 1110 1122 1125
f 1125 1147 1110
f 1122 1139 1125
f 1139 1147 1125
f 1139 1141 1147
f 1044 1043 1013
f 1013 1043 1056
f 1083 1044 1013
f 1050 1013 1052
f 1050 1083 1013
f 1052 1013 1056
f 1045 1043 1044
f 1056 1043 1045
f 1045 1044 1122
f 1044 1083 1122
f 1045 1064 1056
f 1045 1122 1064
f 1050 1052 1083
f 1052 1056 1064
f 1083 1052 1064
f 1083 1064 1122
f 1008 1051 1036
f 1061 1008 1036
f 1008 1050 1051
f 1050 1008 1061
f 1036 1051 1070
f 1036 1070 1061
f 1050 1083 1051
f 1050 1061 1083
f 1070 1051 1083
f 1092 1061 1070
f 1061 1092 1083
f 1083 1092 1070
f 1303 1328 1338
f 1303 1429 1328
f 1338 1527 1303
f 1303 1443 1429
f 1446 1443 1303
f 1523 1446 1303
f 1303 1527 1523
f 1328 1337 1341
f 1328 1429 1337
f 1328 1341 1338
f 1341 1337 1344
f 1344 1337 1346
f 1337 1429 1346
f 1341 1527 1338
f 1344 1527 1341
f 1344 1346 1373
f 1373 1527 1344
f 1373 1346 1350
f 1346 1429 1350
f 1373 1350 1454
f 1350 1408 1415
f 1350 1429 1408
f 1350 1415 1426
f 1426 1440 1350
f 1350 1440 1454
f 1373 1454 1496
f 1496 1512 1373
f 1512 1524 1373
f 1524 1527 1373
f 1408 1454 1415
f 1437 1408 1429
f 1408 1437 1496
f 1408 1496 1454
f 1426 1415 1440
f 1454 1440 1415
f 1437 1429 1441
f 1429 1445 1441
f 1443 1445 1429
f 1441 1445 1437
f 1437 1445 1496
f 1443 1444 1445
f 1446 1444 1443
f 1444 1446 1445
f 1512 1445 1446
f 1445 1512 1496
f 1512 1446 1524
f 1524 1446 1523
f 1523 1527 1524
f 555 556 557
f 556 555 622
f 555 557 593
f 593 596 555
f 555 596 633
f 622 555 633
f 557 556 565
f 556 566 565
f 566 556 622
f 593 557 565
f 565 566 654
f 593 565 598
f 598 565 654
f 566 622 636
f 566 636 654
f 593 598 596
f 596 598 684
f 596 684 633
f 598 654 684
f 633 684 622
f 622 684 636
f 654 636 662
f 636 684 662
f 654 662 661
f 654 661 684
f 661 662 690
f 661 690 684
f 662 684 690
f 1070 1091 1094
f 1141 1091 1070
f 1092 1140 1070
f 1070 1148 1092
f 1070 1094 1097
f 1097 1170 1070
f 1140 1141 1070
f 1070 1160 1148
f 1070 1170 1160
f 1094 1091 1141
f 1092 1148 1140
f 1097 1094 1123
f 1123 1094 1141
f 1097 1123 1121
f 1121 1223 1097
f 1223 1170 1097
f 1121 1123 1142
f 1142 1223 1121
f 1123 1141 1142
f 1140 1159 1141
f 1140 1148 1159
f 1141 1159 1142
f 1159 1172 1142
f 1172 1223 1142
f 1148 1160 1159
f 1172 1159 1160
f 1172 1160 1170
f 1170 1223 1172
f 1091 1093 1094
f 1091 1141 1093
f 1141 1091 1094
f 1094 1093 1123
f 1093 1110 1123
f 1093 1147 1110
f 1093 1141 1147
f 1141 1094 1123
f 1110 1128 1123
f 1110 1147 1128
f 1123 1128 1179
f 1142 1141 1123
f 1142 1123 1202
f 1123 1179 1202
f 1146 1128 1147
f 1128 1146 1179
f 1142 1159 1141
f 1141 1159 1147
f 1172 1159 1142
f 1172 1142 1223
f 1202 1223 1142
f 1146 1147 1158
f 1146 1158 1186
f 1218 1179 1146
f 1218 1146 1186
f 1159 1158 1147
f 1158 1159 1172
f 1186 1158 1172
f 1186 1172 1245
f 1172 1223 1245
f 1202 1179 1182
f 1179 1218 1182
f 1202 1182 1228
f 1218 1238 1182
f 1279 1228 1182
f 1238 1265 1182
f 1182 1265 1277
f 1277 1279 1182
f 1218 1186 1238
f 1238 1186 1245
f 1213 1223 1202
f 1213 1202 1228
f 1213 1245 1223
f 1213 1228 1229
f 1355 1213 1229
f 1257 1245 1213
f 1263 1257 1213
f 1264 1263 1213
f 1355 1264 1213
f 1229 1228 1242
f 1279 1242 1228
f 1269 1229 1242
f 1269 1355 1229
f 1238 1245 1265
f 1309 1269 1242
f 1309 1242 1279
f 1245 1257 1265
f 1277 1257 1263
f 1277 1265 1257
f 1279 1263 1264
f 1263 1279 1277
f 1309 1279 1264
f 1309 1264 1352
f 1264 1355 1352
f 1352 1269 1309
f 1383 1269 1352
f 1355 1269 1383
f 1355 1383 1352
f 388 399 405
f 406 399 388
f 388 405 408
f 414 406 388
f 388 408 417
f 431 414 388
f 431 388 417
f 405 399 406
f 405 406 414
f 408 405 416
f 416 405 414
f 417 408 416
f 416 414 421
f 414 431 421
f 417 416 422
f 422 416 421
f 428 417 422
f 417 428 431
f 421 430 422
f 431 430 421
f 428 422 441
f 422 430 441
f 431 428 451
f 441 454 428
f 451 428 454
f 451 430 431
f 430 440 441
f 430 463 440
f 451 463 430
f 441 440 472
f 440 463 473
f 472 440 473
f 455 454 441
f 455 441 472
f 451 454 463
f 454 455 525
f 463 454 525
f 455 472 487
f 455 487 508
f 455 508 510
f 510 525 455
f 488 473 463
f 488 463 522
f 463 525 522
f 472 473 487
f 487 473 488
f 487 488 508
f 508 488 507
f 507 488 522
f 508 507 510
f 510 507 537
f 507 522 537
f 510 530 525
f 537 530 510
f 525 530 522
f 530 537 522
f 467 478 477
f 467 477 490
f 478 467 521
f 490 497 467
f 467 497 505
f 521 467 505
f 477 478 490
f 491 478 482
f 482 478 521
f 478 491 490
f 521 491 482
f 490 491 499
f 511 497 490
f 490 499 502
f 490 502 536
f 511 490 536
f 491 549 499
f 521 549 491
f 497 511 505
f 502 499 544
f 499 549 544
f 502 543 536
f 502 544 543
f 505 511 536
f 505 548 521
f 505 536 548
f 521 548 549
f 543 554 536
f 536 558 548
f 536 554 558
f 543 544 547
f 543 547 550
f 543 550 554
f 547 544 559
f 544 549 559
f 558 550 547
f 559 558 547
f 548 559 549
f 558 559 548
f 558 554 550
f 530 536 551
f 530 676 536
f 530 542 537
f 590 530 537
f 530 551 542
f 530 590 595
f 530 595 676
f 536 554 551
f 601 554 536
f 536 611 601
f 536 676 611
f 537 542 541
f 541 590 537
f 552 541 542
f 561 541 552
f 590 541 561
f 552 542 551
f 570 552 551
f 579 551 554
f 577 570 551
f 579 577 551
f 570 561 552
f 554 608 579
f 601 639 554
f 554 639 608
f 561 570 595
f 561 595 590
f 608 570 577
f 595 570 605
f 605 570 639
f 639 570 608
f 608 577 579
f 607 595 605
f 676 595 607
f 611 623 601
f 623 644 601
f 644 639 601
f 607 605 626
f 626 605 639
f 607 626 676
f 611 676 623
f 676 644 623
f 626 639 644
f 626 644 676
f 1629 1602 1630
f 1763 1602 1629
f 1602 1763 1630
f 1629 1630 1659
f 1634 1629 1659
f 1763 1629 1634
f 1659 1630 1632
f 1630 1763 1632
f 1632 1636 1659
f 1632 1763 1636
f 1652 1634 1656
f 1768 1634 1652
f 1656 1634 1659
f 1763 1634 1768
f 1637 1635 1636
f 1636 1635 1659
f 1635 1637 1657
f 1635 1657 1660
f 1635 1660 1659
f 1637 1636 1761
f 1761 1636 1769
f 1763 1769 1636
f 1657 1637 1766
f 1766 1637 1761
f 1658 1652 1656
f 1658 1776 1652
f 1768 1652 1776
f 1656 1659 1658
f 1773 1660 1657
f 1771 1657 1766
f 1773 1657 1771
f 1659 1664 1658
f 1664 1776 1658
f 1659 1660 1700
f 1659 1668 1664
f 1659 1689 1668
f 1659 1690 1689
f 1690 1659 1699
f 1699 1659 1702
f 1702 1659 1700
f 1700 1660 1694
f 1780 1694 1660
f 1773 1780 1660
f 1717 1664 1668
f 1779 1664 1717
f 1779 1776 1664
f 1668 1689 1781
f 1719 1717 1668
f 1719 1668 1781
f 1689 1690 1691
f 1689 1691 1781
f 1691 1690 1699
f 1781 1691 1699
f 1784 1700 1694
f 1782 1694 1780
f 1784 1694 1782
f 1781 1699 1702
f 1783 1702 1700
f 1783 1700 1784
f 1781 1702 1783
f 1720 1717 1719
f 1779 1717 1720
f 1781 1720 1719
f 1779 1720 1781
f 1775 1766 1761
f 1761 1769 1770
f 1775 1761 1770
f 1769 1763 1768
f 1766 1775 1771
f 1775 1769 1768
f 1775 1768 1777
f 1777 1768 1776
f 1772 1770 1769
f 1775 1772 1769
f 1772 1775 1770
f 1771 1782 1773
f 1771 1775 1784
f 1771 1784 1782
f 1773 1782 1780
f 1777 1779 1775
f 1779 1781 1775
f 1781 1783 1775
f 1783 1784 1775
f 1777 1776 1779
f 1478 1472 1479
f 1472 1478 1617
f 1479 1472 1594
f 1472 1617 1594
f 1492 1478 1479
f 1478 1492 1617
f 1492 1479 1490
f 1594 1490 1479
f 1536 1492 1490
f 1537 1490 1498
f 1498 1490 1606
f 1536 1490 1537
f 1594 1606 1490
f 1492 1536 1651
f 1617 1492 1651
f 1537 1498 1508
f 1498 1606 1508
f 1508 1644 1537
f 1508 1606 1616
f 1508 1616 1644
f 1536 1537 1554
f 1536 1554 1558
f 1651 1536 1558
f 1537 1644 1554
f 1568 1558 1554
f 1644 1568 1554
f 1568 1560 1558
f 1558 1560 1651
f 1587 1560 1568
f 1651 1560 1587
f 1707 1587 1568
f 1644 1677 1568
f 1677 1698 1568
f 1707 1568 1698
f 1676 1651 1587
f 1701 1676 1587
f 1701 1587 1724
f 1725 1587 1707
f 1724 1587 1739
f 1739 1587 1725
f 1606 1594 1617
f 1606 1617 1616
f 1616 1617 1651
f 1644 1616 1677
f 1616 1651 1676
f 1616 1676 1677
f 1677 1676 1698
f 1698 1676 1701
f 1698 1701 1707
f 1701 1725 1707
f 1701 1724 1725
f 1724 1739 1725
f 1173 1112 1166
f 1166 1112 1233
f 1171 1112 1173
f 1233 1112 1171
f 1166 1271 1173
f 1166 1233 1247
f 1247 1253 1166
f 1166 1253 1271
f 1171 1173 1194
f 1171 1194 1195
f 1195 1233 1171
f 1173 1271 1194
f 1195 1194 1225
f 1271 1225 1194
f 1195 1225 1233
f 1225 1251 1233
f 1271 1251 1225
f 1233 1253 1247
f 1233 1251 1253
f 1251 1271 1253
f 1463 1418 1465
f 1530 1418 1463
f 1418 1530 1465
f 1463 1465 1472
f 1471 1463 1472
f 1471 1530 1463
f 1530 1472 1465
f 1471 1472 1594
f 1570 1530 1471
f 1570 1471 1592
f 1594 1592 1471
f 1565 1472 1530
f 1594 1472 1565
f 1530 1570 1565
f 1565 1570 1594
f 1594 1570 1592
f 1305 1287 1244
f 1380 1244 1287
f 1380 1305 1244
f 1287 1305 1419
f 1287 1409 1380
f 1413 1409 1287
f 1287 1419 1413
f 1414 1305 1380
f 1305 1414 1419
f 1380 1409 1414
f 1409 1413 1419
f 1414 1409 1419
f 1313 1287 1305
f 1305 1287 1419
f 1312 1287 1313
f 1413 1287 1312
f 1413 1419 1287
f 1305 1419 1313
f 1312 1313 1325
f 1312 1325 1329
f 1329 1413 1312
f 1313 1419 1325
f 1329 1325 1393
f 1325 1358 1393
f 1358 1325 1419
f 1335 1329 1393
f 1329 1335 1413
f 1335 1393 1392
f 1335 1392 1507
f 1335 1434 1413
f 1470 1434 1335
f 1470 1335 1507
f 1393 1358 1543
f 1358 1419 1436
f 1358 1436 1466
f 1511 1358 1466
f 1521 1358 1511
f 1521 1543 1358
f 1452 1392 1393
f 1465 1418 1392
f 1507 1392 1418
f 1452 1465 1392
f 1452 1393 1543
f 1419 1413 1436
f 1436 1413 1434
f 1418 1465 1530
f 1520 1507 1418
f 1520 1418 1530
f 1436 1434 1466
f 1434 1470 1466
f 1465 1452 1467
f 1467 1452 1543
f 1465 1467 1479
f 1472 1465 1479
f 1530 1465 1472
f 1466 1470 1521
f 1511 1466 1521
f 1479 1467 1481
f 1481 1467 1543
f 1521 1470 1507
f 1594 1472 1479
f 1530 1472 1565
f 1472 1594 1565
f 1479 1481 1490
f 1490 1594 1479
f 1490 1481 1487
f 1543 1487 1481
f 1490 1487 1498
f 1498 1487 1497
f 1543 1497 1487
f 1606 1490 1498
f 1606 1594 1490
f 1604 1498 1497
f 1556 1497 1543
f 1604 1497 1556
f 1604 1606 1498
f 1521 1507 1520
f 1521 1520 1543
f 1520 1530 1565
f 1543 1520 1565
f 1543 1565 1556
f 1556 1565 1606
f 1604 1556 1606
f 1606 1565 1594
f 1571 1552 1591
f 1633 1552 1571
f 1552 1633 1591
f 1571 1576 1573
f 1571 1573 1665
f 1576 1571 1598
f 1571 1591 1598
f 1655 1633 1571
f 1663 1655 1571
f 1665 1663 1571
f 1573 1576 1598
f 1582 1573 1598
f 1665 1573 1582
f 1593 1582 1631
f 1665 1582 1593
f 1582 1598 1631
f 1601 1591 1597
f 1633 1597 1591
f 1598 1591 1601
f 1630 1602 1593
f 1602 1665 1593
f 1630 1593 1631
f 1597 1714 1601
f 1685 1597 1633
f 1714 1597 1685
f 1598 1601 1618
f 1598 1618 1637
f 1631 1598 1635
f 1598 1637 1635
f 1618 1601 1637
f 1601 1714 1637
f 1630 1763 1602
f 1704 1665 1602
f 1602 1763 1704
f 1630 1631 1632
f 1630 1632 1763
f 1631 1635 1632
f 1636 1632 1635
f 1632 1636 1763
f 1655 1685 1633
f 1635 1637 1636
f 1637 1761 1636
f 1636 1761 1769
f 1636 1769 1763
f 1714 1718 1637
f 1637 1718 1761
f 1663 1716 1655
f 1655 1714 1685
f 1714 1655 1715
f 1655 1716 1715
f 1663 1665 1704
f 1704 1756 1663
f 1663 1756 1716
f 1704 1722 1756
f 1722 1704 1763
f 1718 1714 1715
f 1716 1718 1715
f 1770 1718 1716
f 1756 1772 1716
f 1772 1770 1716
f 1770 1761 1718
f 1742 1756 1722
f 1742 1722 1763
f 1742 1755 1756
f 1755 1742 1759
f 1742 1763 1759
f 1755 1759 1756
f 1756 1759 1772
f 1759 1763 1769
f 1769 1772 1759
f 1761 1770 1769
f 1770 1772 1769
f 1269 1288 1301
f 1269 1383 1288
f 1301 1383 1269
f 1301 1288 1324
f 1288 1383 1324
f 1301 1324 1332
f 1301 1332 1383
f 1353 1332 1324
f 1324 1383 1353
f 1348 1332 1353
f 1383 1332 1348
f 1383 1348 1350
f 1350 1348 1398
f 1348 1353 1398
f 1383 1350 1425
f 1350 1398 1461
f 1350 1426 1425
f 1350 1427 1426
f 1350 1461 1427
f 1399 1353 1383
f 1398 1353 1399
f 1399 1383 1401
f 1401 1383 1460
f 1425 1427 1383
f 1427 1461 1383
f 1383 1461 1460
f 1398 1399 1401
f 1401 1462 1398
f 1398 1462 1461
f 1462 1401 1460
f 1426 1427 1425
f 1461 1462 1460
f 1401 1416 1406
f 1464 1401 1406
f 1416 1401 1462
f 1464 1462 1401
f 1411 1406 1453
f 1477 1406 1411
f 1453 1406 1416
f 1468 1464 1406
f 1468 1406 1469
f 1469 1406 1477
f 1477 1411 1412
f 1412 1411 1517
f 1411 1453 1555
f 1552 1517 1411
f 1552 1411 1555
f 1412 1450 1477
f 1517 1450 1412
f 1447 1453 1416
f 1462 1447 1416
f 1542 1453 1447
f 1480 1447 1462
f 1447 1480 1489
f 1533 1447 1489
f 1542 1447 1533
f 1477 1450 1504
f 1504 1450 1522
f 1517 1585 1450
f 1522 1450 1546
f 1546 1450 1561
f 1585 1561 1450
f 1542 1526 1453
f 1453 1526 1555
f 1464 1480 1462
f 1468 1474 1464
f 1474 1480 1464
f 1469 1474 1468
f 1469 1504 1474
f 1469 1477 1504
f 1480 1474 1489
f 1474 1534 1489
f 1504 1534 1474
f 1489 1534 1533
f 1522 1534 1504
f 1633 1517 1552
f 1586 1585 1517
f 1590 1586 1517
f 1596 1590 1517
f 1620 1596 1517
f 1633 1620 1517
f 1522 1590 1534
f 1546 1586 1522
f 1586 1590 1522
f 1542 1547 1526
f 1579 1526 1547
f 1526 1626 1555
f 1579 1600 1526
f 1600 1608 1526
f 1526 1608 1626
f 1534 1547 1533
f 1533 1547 1542
f 1534 1600 1547
f 1590 1596 1534
f 1596 1605 1534
f 1534 1605 1600
f 1546 1561 1585
f 1586 1546 1585
f 1579 1547 1600
f 1555 1624 1552
f 1624 1633 1552
f 1555 1626 1624
f 1596 1620 1605
f 1600 1605 1608
f 1605 1626 1608
f 1620 1633 1605
f 1605 1624 1626
f 1633 1624 1605
f 1615 1563 1575
f 1575 1563 1710
f 1563 1615 1732
f 1563 1732 1710
f 1629 1575 1602
f 1575 1747 1602
f 1629 1615 1575
f 1575 1710 1738
f 1575 1738 1747
f 1602 1763 1629
f 1747 1763 1602
f 1628 1615 1629
f 1776 1615 1628
f 1732 1615 1733
f 1733 1615 1753
f 1753 1615 1765
f 1776 1765 1615
f 1634 1628 1629
f 1652 1628 1634
f 1628 1652 1776
f 1629 1763 1634
f 1652 1634 1768
f 1763 1768 1634
f 1776 1652 1768
f 1710 1732 1738
f 1733 1738 1732
f 1738 1733 1753
f 1747 1738 1753
f 1747 1753 1754
f 1760 1747 1754
f 1747 1760 1763
f 1754 1753 1765
f 1754 1765 1760
f 1763 1760 1768
f 1760 1765 1768
f 1768 1765 1776
f 538 530 537
f 537 530 590
f 538 590 530
f 540 538 537
f 537 541 540
f 541 537 590
f 538 540 546
f 538 546 590
f 540 541 552
f 553 546 540
f 553 540 552
f 561 552 541
f 561 541 590
f 561 546 553
f 546 561 590
f 553 552 561
f 1373 1350 1396
f 1350 1373 1454
f 1426 1396 1350
f 1350 1440 1426
f 1350 1454 1440
f 1377 1373 1395
f 1527 1373 1377
f 1373 1396 1395
f 1454 1373 1496
f 1496 1373 1512
f 1512 1373 1524
f 1373 1527 1524
f 1386 1377 1395
f 1386 1527 1377
f 1386 1395 1394
f 1527 1386 1394
f 1394 1395 1448
f 1448 1458 1394
f 1458 1527 1394
f 1396 1405 1395
f 1395 1405 1410
f 1395 1410 1412
f 1395 1412 1431
f 1428 1395 1432
f 1395 1428 1439
f 1395 1431 1433
f 1432 1395 1433
f 1395 1439 1448
f 1426 1405 1396
f 1426 1410 1405
f 1412 1410 1426
f 1449 1412 1426
f 1431 1412 1428
f 1428 1412 1509
f 1477 1412 1449
f 1477 1501 1412
f 1501 1509 1412
f 1440 1449 1426
f 1428 1432 1431
f 1439 1428 1531
f 1509 1516 1428
f 1516 1531 1428
f 1431 1432 1433
f 1448 1439 1551
f 1531 1551 1439
f 1440 1477 1449
f 1454 1501 1440
f 1501 1477 1440
f 1458 1448 1551
f 1454 1496 1509
f 1454 1509 1501
f 1458 1528 1527
f 1559 1528 1458
f 1551 1559 1458
f 1496 1516 1509
f 1512 1525 1496
f 1496 1525 1516
f 1512 1524 1525
f 1516 1525 1531
f 1524 1528 1525
f 1524 1527 1528
f 1525 1528 1531
f 1551 1531 1528
f 1528 1559 1551
f 1396 1350 1398
f 1350 1396 1426
f 1350 1461 1398
f 1426 1427 1350
f 1350 1427 1461
f 1396 1398 1406
f 1405 1396 1406
f 1396 1405 1426
f 1398 1401 1406
f 1462 1401 1398
f 1461 1462 1398
f 1406 1401 1464
f 1464 1401 1462
f 1411 1405 1406
f 1410 1405 1411
f 1426 1405 1410
f 1411 1406 1477
f 1464 1468 1406
f 1469 1406 1468
f 1469 1477 1406
f 1410 1411 1412
f 1426 1410 1412
f 1412 1411 1477
f 1426 1412 1449
f 1412 1477 1449
f 1426 1449 1427
f 1449 1469 1427
f 1427 1464 1461
f 1427 1468 1464
f 1427 1469 1468
f 1449 1477 1469
f 1464 1462 1461
f 1538 1508 1497
f 1508 1604 1497
f 1538 1497 1532
f 1604 1532 1497
f 1508 1538 1644
f 1508 1614 1604
f 1644 1614 1508
f 1538 1532 1539
f 1539 1532 1710
f 1604 1612 1532
f 1638 1532 1612
f 1638 1681 1532
f 1532 1681 1695
f 1695 1710 1532
f 1538 1539 1550
f 1644 1538 1550
f 1550 1539 1549
f 1539 1710 1549
f 1553 1550 1549
f 1563 1553 1549
f 1549 1710 1563
f 1553 1644 1550
f 1553 1563 1696
f 1553 1679 1644
f 1696 1679 1553
f 1696 1563 1697
f 1563 1710 1697
f 1604 1614 1612
f 1679 1612 1614
f 1681 1638 1612
f 1681 1612 1679
f 1679 1614 1644
f 1681 1679 1697
f 1679 1696 1697
f 1681 1697 1695
f 1697 1710 1695
f 1508 1498 1497
f 1497 1498 1604
f 1508 1497 1604
f 1508 1606 1498
f 1498 1606 1604
f 1614 1508 1604
f 1508 1616 1606
f 1644 1508 1614
f 1644 1616 1508
f 1604 1606 1616
f 1614 1604 1616
f 1614 1616 1644
f 1050 1052 1051
f 1050 1051 1083
f 1050 1083 1052
f 1051 1052 1091
f 1051 1070 1083
f 1070 1051 1091
f 1064 1052 1083
f 1091 1052 1064
f 1064 1083 1122
f 1091 1064 1139
f 1122 1139 1064
f 1083 1070 1092
f 1070 1091 1141
f 1092 1070 1140
f 1140 1070 1141
f 1083 1092 1140
f 1083 1139 1122
f 1083 1140 1139
f 1091 1139 1141
f 1140 1141 1139
