v -0.5 0.012995176509928 -0.361365586270977
v -0.499994860932689 0.012988833238726 -0.219961672966353
v -0.499993594707315 0.0129872703070756 -0.185120871658639
v -0.49998804889609 0.0129804249823289 -0.0325252035571298
v -0.499987455378938 0.0129796923902013 -0.0161942931487083
v -0.499901358479809 0.00876699149916546 -0.212199347677597
v -0.49988348230649 0.00800074450775726 -0.185166902018073
v -0.499833989637283 0.00510009013393712 -0.18519543014185
v -0.499779674854705 0.00355112622535794 -0.0281887138185591
v -0.499773311926885 0.0032783847268737 -0.0185666600688633
v -0.499735159454393 -0.000789548017069819 -0.194613613844391
v -0.499655141498752 -0.00538325655512505 -0.185438645154051
v -0.499651650402208 -0.00754409868555622 -0.373412792877193
v -0.499617064711377 -0.00761366583481729 -0.185346645775817
v -0.499616774547043 -0.00761424948386642 -0.183768823066458
v -0.499587211446714 -0.00767371397810584 -0.0230139489667299
v -0.499586885542939 -0.0076743695150071 -0.0212417863783009
v -0.499436525329156 0.0168314469095444 -0.287337381227045
v -0.499409617903311 0.0170157028242404 -0.287424195735474
v -0.499063561668549 -0.0102994166504027 -0.0219112207827786
v -0.499048819962151 0.0194724853153754 -0.241329955978017
v -0.499021551731808 0.0196566193470369 -0.232590430901709
v -0.498885996859139 0.0205270848810794 -0.0362815095684525
v -0.498590520853196 0.0225937873604035 -0.184837794134215
v -0.498384534691342 0.0245073708775743 -0.290970108819374
v -0.498157771917396 0.0255063505061046 -0.0132554837328029
v -0.4977134680523 0.0296749454394504 -0.361265990815326
v -0.497433748218134 0.0304714564920209 -0.0399597945308204
v -0.4974145353404 0.0318184864520262 -0.351668241386791
v -0.497204427985713 0.0320331366886652 -0.011238976338293
v -0.496345505282716 0.0395129736249982 -0.324796449869397
v -0.496219087962511 -0.0245684141676938 -0.0270355397972783
v -0.496171588720487 0.0277170393126402 -0.368100390778609
v -0.495615784174664 0.0437524116641579 -0.0448628921599063
v -0.495521861543805 0.0442927391672447 -0.00745544911872454
v -0.495066753418244 -0.0304251053160709 -0.166917273292569
v -0.495055282431573 0.0483803688193911 -0.184105737692052
v -0.495018128918981 -0.0306768310166406 -0.0292286497261339
v -0.494926534414488 -0.0311377624191781 -0.183938439074548
v -0.494807309511861 0.0496758338884861 -0.0514834580731469
v -0.494357801774033 0.0247275402066017 -0.379111140612207
v -0.494315803822561 0.0542078825708761 -0.29595250907386
v -0.494260910047334 0.023502867272471 -0.380386118311876
v -0.49410485062571 0.0553392465979861 -0.190696383845348
v -0.494072206604883 0.0548706386071618 -0.00815991054495492
v -0.493777586822393 0.058018253991747 -0.266018372740643
v -0.49375745795317 -0.0370889563123373 -0.0316324758943752
v -0.493755412195492 -0.0370989310633825 -0.045094299972363
v -0.493737658201122 -0.0371854963862603 -0.161921992468959
v -0.493734367320772 -0.0372015421342872 -0.183577173250929
v -0.493711905807386 -0.0373110604836824 -0.331382040379233
v -0.493592431242684 -0.0401676086567499 -0.183445508098849
v -0.493572969384301 -0.0406329272469102 -0.159347325795137
v -0.493527766751474 0.0595144421634089 -0.181758147693141
v -0.493490872650393 -0.0425957992259278 -0.0576930016622576
v -0.493471602451439 -0.0430565353814037 -0.0338321370775325
v -0.49335234161191 -0.0450254317200578 -0.0632876350824714
v -0.493262551367725 0.061744796393911 -0.258110006876315
v -0.493178167972994 -0.0476627542774826 -0.154100338745139
v -0.492936938060795 -0.0525239507273041 -0.0373252753063604
v -0.492787692157992 0.0642584014909183 -0.0126239664653666
v -0.492763265762252 -0.0550658077788174 -0.145513070713722
v -0.492742006672022 -0.0559784411404267 -0.0380370386436804
v -0.492701329709902 -0.0564907135392862 -0.080049323489872
v -0.492696704914416 -0.0560611661882866 -0.182726185006347
v -0.492645500756646 -0.0571938051744579 -0.137711001369793
v -0.492632099681157 -0.057362573949958 -0.151552000582789
v -0.492629965288127 -0.0573894537998843 -0.15375646038629
v -0.492607701555656 0.0657625896734843 -0.061997458705061
v -0.492601902883437 -0.0577428625752517 -0.182740083495666
v -0.492539345299626 0.0669164326226949 -0.231217692118824
v -0.492529011350456 0.0669614266983234 -0.223368203990046
v -0.492494316424716 -0.0582022501969461 -0.153756672871961
v -0.492424356129173 -0.0599788285121702 -0.366115252755906
v -0.49217248778073 0.0693996874365802 -0.181381602432929
v -0.492142110027748 0.0696535554522133 -0.189714569441344
v -0.492034511597664 0.0705527595489591 -0.219230056271484
v -0.491888220421495 -0.0620659889795247 -0.190063250302435
v -0.491814311152571 0.0725453266534471 -0.31898058191151
v -0.491677603927542 0.0735354502711271 -0.317133934876051
v -0.491647565204007 0.0737864850050231 -0.325373902208308
v -0.491592344462071 -0.0638622486738397 -0.193723985575221
v -0.491558810812388 -0.0640187672136874 -0.18677587584248
v -0.491539330996064 -0.0641096893899619 -0.182739694195823
v -0.491517704746141 0.0748717336989491 -0.360996119287747
v -0.491502940918335 -0.0642795403273048 -0.175199737894063
v -0.491452250850667 0.075342547438272 -0.333367602984936
v -0.491404354518981 0.0756870685833891 -0.313150248903005
v -0.491396344422335 -0.0647770802033649 -0.153113142538371
v -0.491379656383489 0.0062066351872187 -0.389920130906847
v -0.491185063257538 0.0155277641626053 -0.388766761233244
v -0.491168269381496 -0.0658416220204887 -0.105856419036708
v -0.491165378748251 -0.0658551140709846 -0.105257485214193
v -0.491165156908796 -0.0658556843490666 -0.105804514391916
v -0.491163173545858 0.0774218975800075 -0.211346186675354
v -0.491155627029603 -0.0658407420926637 -0.0938676150396223
v -0.491111976800116 -0.0661043680301037 -0.0941927010616909
v -0.491110562198487 0.0778003341116649 -0.189138593711919
v -0.491091460245103 0.0779377355915319 -0.181075534566711
v -0.491026632774448 -0.0664193899511296 -0.182729968535822
v -0.490891308859352 0.0779924255604512 -0.347341367768666
v -0.490850928334269 -0.0673228135345714 -0.0401039453357375
v -0.490831030579733 0.0798110215693317 -0.0711464737625364
v -0.490710838927393 0.0806755672295067 -0.0204127931757685
v -0.490596419815088 0.0793379446353864 -0.363292649427819
v -0.490575450498405 0.0447285857494996 -0.385153535608799
v -0.489711121398868 -0.0722259684975267 -0.335412532407864
v -0.489671075892265 -0.0725892880975621 -0.102228186819997
v -0.48900104510762 -0.0754132244982226 -0.350226319356069
v -0.488930136996068 -0.0759747761034497 -0.0415768316469283
v -0.488811221506437 0.0884307068798739 -0.28835996205564
v -0.48861642852379 0.0908306181663039 -0.0253159121875804
v -0.488601527380386 0.090903067654017 -0.0253147421193374
v -0.488601250072445 0.090903898984598 -0.0254083109513398
v -0.488598937554046 0.0909108315926438 -0.0261885974611977
v -0.488509424251358 -0.0796744503605011 -0.370702659077905
v -0.48844274630418 0.091379071203604 -0.0788904160839667
v -0.488405325295998 0.0904517917814092 -0.279707748217444
v -0.488285683508945 -0.0787344551977682 -0.224600226749808
v -0.488210903844404 0.0919529969601604 -0.0793003753395692
v -0.488180122838633 0.0919656900130763 -0.0385486673515358
v -0.488142144912605 0.0922802323042787 -0.180318889382625
v -0.488118370125839 0.0923515058033733 -0.188340942481022
v -0.488102572965053 0.0923988634909991 -0.19367119691748
v -0.488062442327995 0.079459107372661 -0.370920441581243
v -0.487954841385213 0.0926008075377919 -0.0887029297452105
v -0.487892943229504 -0.0804897071585819 -0.242490253201907
v -0.48786957003132 0.0930973738309649 -0.272290699371609
v -0.487742579081437 -0.0835323699755436 -0.371601226534576
v -0.487713199492231 0.0136524462861429 -0.390825077644779
v -0.487587671825959 -0.0818109117719596 -0.311375870178886
v -0.487577567123617 0.0939727578746905 -0.370817885064179
v -0.487223302853721 -0.0808153374689424 -0.374492647071903
v -0.487001287491659 -0.0846593725709143 -0.0477256831180979
v -0.486373511446355 0.0966660001309653 -0.188276839762037
v -0.486029271017707 -0.0771825046212806 -0.380021158277035
v -0.485948725749063 -0.0894009607562774 -0.0479509274412196
v -0.485787390906762 -0.089932161978135 -0.2973161978388
v -0.485587032600337 -0.0908661966072205 -0.257254528107438
v -0.485523021699719 -0.0912718509399996 -0.10773503350354
v -0.485452589220064 -0.074899754741132 -0.383949530621589
v -0.485215648262063 -0.0926227000760023 -0.150901280632115
v -0.485062881889085 -0.0932307752696704 -0.150858951141123
v -0.484949349561953 -0.0937930333738471 -0.188299162461512
v -0.48479059847366 0.100346502391514 -0.0381477903536147
v -0.484787018497025 0.100575380866879 -0.179528369259182
v -0.484778864728184 0.100354969990201 -0.0249450625618535
v -0.484619171606322 -0.0952377641111556 -0.242750358972368
v -0.484598445062336 -0.0993501866358015 -0.375285433751097
v -0.484573456225311 -0.0954450147321045 -0.241088059209341
v -0.484522782716427 -0.0968333817998939 -0.34312446407339
v -0.484517189513176 0.101346120263726 -0.246046841454163
v -0.48451255226409 -0.0730562561854896 -0.385880395589057
v -0.484412056377565 -0.0815330388804786 -0.383537739151446
v -0.484345362227102 -0.100007865067467 -0.330184710057273
v -0.484157475867199 -0.0970617860440513 -0.227727081698101
v -0.484073456213131 -0.098341219186594 -0.335273412933357
v -0.484029895207744 -0.0816485451954353 -0.385005273216542
v -0.484020276540728 0.0799005349789899 -0.385895751867183
v -0.483962829213058 -0.0981286069715994 -0.326841977034058
v -0.483765006318335 -0.0816847336432788 -0.385440634125384
v -0.483721996158214 -0.10162778693281 -0.219097520730763
v -0.483585508656732 -0.0837565682049664 -0.385335040409251
v -0.48355879919651 -0.102051881762182 -0.190014943594913
v -0.483429561165623 -0.0999433179546539 -0.222133575361854
v -0.48332995162693 0.0804707572245667 -0.388115137901379
v -0.483303081285113 -0.102716407883679 -0.144444635143303
v -0.483264122779375 -0.100506304726479 -0.189649369562224
v -0.483260937525501 -0.102493422474624 -0.144436154953063
v -0.483176297576861 -0.102779929822967 -0.314149170720497
v -0.483167066269026 -0.08172500357509 -0.385874089701623
v -0.483116475667334 -0.103201334053909 -0.111190509475779
v -0.48303845396726 -0.101274255616932 -0.145338781786575
v -0.48286324505096 -0.101870491499182 -0.11093611004824
v -0.482819339945338 0.105543427588181 -0.245375283856593
v -0.482765516576657 -0.1041133604429 -0.0486477101518266
v -0.482545798215111 -0.102950762973015 -0.0486046972483864
v -0.482433540333959 0.106418481214804 -0.19465702701122
v -0.481968907212594 0.107555560810157 -0.187048718963726
v -0.481867844958599 0.0876833547532267 -0.388712774936142
v -0.481661153842285 0.108193443232615 -0.10794037184299
v -0.481584745998033 -0.10669407148007 -0.190883779428618
v -0.481393899043922 0.108869167533013 -0.11749579161233
v -0.481012307658016 0.109937621680817 -0.19773593792066
v -0.480710227422821 0.110672195818927 -0.189772104111034
v -0.480660747433154 0.110698222740856 -0.12787751882066
v -0.480542199714914 0.111095326235635 -0.244481377700536
v -0.480461617393115 0.0801347296219024 -0.389654899789758
v -0.480087710578417 0.112185981631963 -0.173360501778543
v -0.480012112596107 -0.0664075011443541 -0.389938390056511
v -0.479441826576117 -0.111840754925647 -0.114178405007104
v -0.479370199984237 -0.111892482085744 -0.198599475569214
v -0.477795738950515 -0.11561525953793 -0.184635875414826
v -0.477413583375078 -0.116358382747259 -0.297281167486517
v -0.477054826317358 -0.0520496865900762 -0.393748049696014
v -0.476103419144887 0.121874657370296 -0.0683214057739055
v -0.475768718117512 -0.0603702831504836 -0.393212445740356
v -0.474669442177502 0.0108586277987246 -0.394142500650516
v -0.474399129854267 0.126019009402922 -0.023390704944507
v -0.474141831708469 0.126659047023081 -0.0750410269527148
v -0.474139337882103 0.126655722950806 -0.03677474321444
v -0.474136522170424 0.126659289250672 -0.0233515062591658
v -0.474032521866593 -0.0581842290054818 -0.393875281869696
v -0.473466441507635 0.0425846475560728 -0.394341430774418
v -0.473192322494411 -0.126629899900029 -0.0498342937278393
v -0.472959575322095 -0.0570294688534152 -0.393817540005308
v -0.472377708293833 -0.0823087364459219 -0.391800248636366
v -0.472306774259909 -0.0165726664480216 -0.025018371089782
v -0.471087273190395 -0.131583617730244 -0.0482464856873743
v -0.470796932517631 -0.132248310211676 -0.0614427102939405
v -0.470795974825597 0.134852439995323 -0.219618249821603
v -0.470324837455396 0.135999276265681 -0.211928640399202
v -0.470248449887037 0.136172902541503 -0.160571754087109
v -0.469225278614721 -0.135834309049352 -0.141605139202922
v -0.46902245960127 -0.136310706274836 -0.142093977440438
v -0.468914240247931 -0.136558458647334 -0.147012636889169
v -0.468761508625149 -0.136908115346736 -0.153954415936455
v -0.468159066924469 -0.138287317458281 -0.181335891355848
v -0.467861450733005 -0.138968666175067 -0.194862794327172
v -0.467768936011879 0.142267607536359 -0.36059890301291
v -0.467385390399898 0.143155480347617 -0.168190475403386
v -0.467031791748712 0.144028933436982 -0.214208536396972
v -0.466734756418658 -0.141466533217677 -0.194527128645554
v -0.466724311614477 -0.141415129884556 -0.147388873672639
v -0.466389237742667 -0.121051703387647 -0.389306330538392
v -0.466370364462941 0.145647087096451 -0.236437473511678
v -0.466260577681858 -0.142633630751667 -0.267623803483915
v -0.466224863714305 -0.142712681284312 -0.267532951124748
v -0.466117164951862 0.146258913193562 -0.213959100296928
v -0.46604224921958 -0.142826485159786 -0.0834815854313293
v -0.465650486687121 0.147386584965541 -0.172528656133109
v -0.465492743995091 0.147767751166065 -0.158524683186078
v -0.465488767655864 0.147777359510487 -0.158171674458725
v -0.465468012909767 0.0773356265866243 -0.394743196204619
v -0.465413537744503 0.147952720196984 -0.158135082120974
v -0.465046053312805 -0.145188576197361 -0.180248479952885
v -0.464999869020035 -0.145173994437467 -0.106287165320204
v -0.464917701655179 0.0126215171774808 -0.392622574612304
v -0.464660813589509 0.149778010707824 -0.0846681339941049
v -0.464349675249951 0.150529838999837 -0.0570461070470439
v -0.464202555288781 0.150885336651732 -0.0439851916431375
v -0.464121068307535 -0.14702299121736 -0.0432538251215253
v -0.464098864701923 -0.147142192240134 -0.0874847919963652
v -0.464091195768823 -0.147183363241149 -0.102761784925986
v -0.464067959103093 -0.147308110292113 -0.149050671971561
v -0.464051949592383 -0.147394058046911 -0.180942615572351
v -0.464044982612343 -0.14743146058238 -0.194821274235265
v -0.464010775719409 -0.147615101775392 -0.26296353791709
v -0.463955851749671 -0.147909963496592 -0.372375510394989
v -0.463384762344443 0.152789649802254 -0.0456137881321916
v -0.463380617128598 0.152786369066207 -0.0589958652742643
v -0.463147883312225 -0.149810524570046 -0.149726001549404
v -0.462932481306187 -0.150543359189118 -0.260388051890042
v -0.462334516077932 -0.152082077711226 -0.194952698921819
v -0.46222172966804 -0.152372306188974 -0.182610478684662
v -0.461986229739737 -0.0826352699923897 -0.394382403490654
v -0.461973307975201 -0.152928263587396 -0.0928041674580678
v -0.461941940183262 -0.15309227658554 -0.151993106924256
v -0.461838264300165 -0.153326523958788 -0.194997629103356
v -0.461825869356026 -0.153319954036684 -0.257892927076368
v -0.461701650335641 -0.153676277187003 -0.183037410794033
v -0.461412892548598 -0.154453652391472 -0.0940994083019289
v -0.461393473933728 -0.154503621488273 -0.0919744286908377
v -0.461033711724303 -0.000991775389205585 -0.391841638457796
v -0.460923287298046 -0.155713532785761 -0.0405218909629599
v -0.460559917126926 0.159331388633093 -0.0886697655368055
v -0.460491064468635 0.0131207739796054 -0.392245210610575
v -0.460291310012135 0.159792942656785 -0.258712957771102
v -0.459961477478885 0.013265764286042 -0.392111516011045
v -0.459812058060537 0.161100180646166 -0.0619013478459025
v -0.459449308985862 -0.159410598350261 -0.039347388344002
v -0.459324490212881 0.0752385839652071 -0.394130154844097
v -0.459171585368015 0.162470627145066 -0.188255518661498
v -0.458530509530567 -0.054089742435483 -0.393429790652732
v -0.458113109287434 0.0749639134059121 -0.394013719493036
v -0.457721872160336 0.165982175594008 -0.0507734060171241
v -0.457690324283517 0.166055737388313 -0.0507334577052279
v -0.457606370498933 0.0128335673837078 -0.391475276426482
v -0.457527080656938 0.166400958856549 -0.0871553184642075
v -0.457508470972886 0.166440313914914 -0.0913073906492312
v -0.457272034544591 0.166940320761312 -0.144059555313653
v -0.457182257669461 -0.0826888835956568 -0.394285186656259
v -0.457179212966143 0.167123174756818 -0.178668731951435
v -0.457117124156787 0.167267919410297 -0.178622157805073
v -0.457068581090976 0.167370576456108 -0.189452772272846
v -0.456991683801692 0.167284953544007 -0.0916350404694554
v -0.456969568610826 0.167579964316982 -0.211543795616081
v -0.456733581342168 0.168079021297511 -0.264195746691183
v -0.456676723894199 -0.0934122745413688 -0.394605921663924
v -0.456528465886522 0.116175507113941 -0.395192234526541
v -0.456442701957104 0.168554746370774 -0.264523884745795
v -0.456254201661607 0.169092795376375 -0.371151836444628
v -0.456037988363447 -0.167966017269928 -0.0381863149284991
v -0.455906465822327 -0.168268004749875 -0.0846856457542686
v -0.455846216341944 -0.168406342928216 -0.105986637178345
v -0.45568520804438 -0.168776032333683 -0.162910553264627
v -0.455638303433291 -0.168883729502396 -0.17949351318689
v -0.455626051361975 0.0125805880194283 -0.390462192943819
v -0.455560263679457 -0.169062915734624 -0.207084193082748
v -0.455467943639974 -0.169274890775819 -0.239723617634716
v -0.45538979461284 0.17000888493302 -0.141650263877245
v -0.455344916024137 -0.0826563361671417 -0.393544427394779
v -0.455310228894711 0.170243899504362 -0.19031892850935
v -0.455123894367483 0.170720851259719 -0.270287495052253
v -0.455096934034873 -0.170126761905493 -0.370892755794366
v -0.454667498918117 -0.170262979428022 -0.0378909911434543
v -0.454459761955822 0.171677444821263 -0.211022834328732
v -0.454248487297043 0.171981757597988 -0.192169484074775
v -0.454073967613759 0.172233129767846 -0.17659600860847
v -0.453780326136203 -0.160931449476394 -0.385470907223821
v -0.453676953254545 0.172804975642548 -0.141167951058419
v -0.453640025384289 0.172858165281102 -0.137872647797329
v -0.453424108885573 0.173118603484546 -0.0951877504991019
v -0.453345347627764 -0.172825294653689 -0.235215057488363
v -0.453166190838655 0.173540660319188 -0.0955894478013125
v -0.453161929046807 0.173546798858086 -0.0952091416402449
v -0.453027973270704 -0.173314248605655 -0.210631273272807
v -0.452609628838199 0.174342313147581 -0.0459239631036328
v -0.452606811948516 -0.173963099050935 -0.17800816168772
v -0.452462816210217 -0.174184942069254 -0.166854266990325
v -0.451754158201366 -0.175276716266859 -0.111961692386602
v -0.451735085676683 -0.0535026469365554 -0.390667274982225
v -0.451348018346786 -0.175902424307001 -0.0805021420977497
v -0.451342926094736 0.00831645396863734 -0.284254493465478
v -0.451336231885011 0.00818133044484015 -0.271721293648851
v -0.451286974218631 0.00718705782287214 -0.179498880458755
v -0.451253199930811 0.00914014286414416 -0.272186372822526
v -0.451209745229381 0.00562818028609843 -0.0349073015168052
v -0.451200461042943 0.00544077773395852 -0.0175250310866719
v -0.451112500911708 0.00649581947994063 -0.224079780320987
v -0.45095690935056 0.00580224584257743 -0.253718513338045
v -0.450947855409082 -0.176518924176848 -0.0495055631595341
v -0.450909685838657 0.00908088558165037 -0.0358640311349264
v -0.450840035630789 0.168545663117317 -0.385270466586013
v -0.45076420856415 0.00478653623627141 -0.269872162910735
v -0.450759564714624 -0.176809008984035 -0.0349205858310536
v -0.450561890126408 0.0154863877534082 -0.179205577074112
v -0.450254026194574 -0.000140087211274971 -0.019181141341676
v -0.450116753475786 -0.000842683138503319 -0.0334370009947388
v -0.450024283408065 -0.00159419551298079 -0.0196132969571184
v -0.449987334430382 -0.000246048860047965 -0.212005586869091
v -0.449956949992568 0.0204746679404438 -0.179009625312505
v -0.449924201100343 0.0117647934305341 -0.387923630505996
v -0.449888127767472 0.17800715026453 -0.130747286782647
v -0.449688345522537 0.0226695311843989 -0.0122409131805019
v -0.449539052715179 0.0248760660889699 -0.041634497058097
v -0.449527077169473 -0.00459832615283365 -0.032574936039985
v -0.449322391315283 0.0268650242854804 -0.0124936556552177
v -0.44870948402349 -0.0080454383139655 -0.179582833780627
v -0.448615442515759 0.0308129478234573 -0.282521037754985
v -0.4485581379581 -0.00882006513045119 -0.195300219480373
v -0.448338454270037 0.033819444224463 -0.178656177503306
v -0.448319533713009 0.0351285172000524 -0.0130274467520412
v -0.448273435537272 0.0335886590303143 -0.288794473147097
v -0.448262390794293 0.0353735276510969 -0.0454976566631266
v -0.448028986243484 0.0363742912724549 -0.178124672034688
v -0.448023766562424 0.0363966715855301 -0.181090641283467
v -0.447864841540451 -0.0825587626101991 -0.390991950977403
v -0.447833077015977 0.0372142870107486 -0.289445792544202
v -0.447821106088828 0.0339774630612099 -0.289485827469013
v -0.447645551142817 -0.013490911496165 -0.29007294398692
v -0.447564132269461 -0.0170446276723941 -0.034393226435898
v -0.447485864240378 0.0393099245720383 -0.183873716117387
v -0.447464749467917 0.039437364900784 -0.177453645979916
v -0.44737958882659 0.0401603169028224 -0.0472823481366498
v -0.447324982475538 -0.0168385592298018 -0.17964331576431
v -0.447043362761804 0.041980686665472 -0.0493285518895173
v -0.446925779420679 0.0426903727241693 -0.0135766488831016
v -0.44691130238004 -0.019467836646286 -0.179497210945306
v -0.446898834874755 -0.0195693245202523 -0.177619640827428
v -0.446702691330022 0.0442815816572606 -0.285243950026491
v -0.446667025805614 0.0445043445962551 -0.284803680901295
v -0.446643749221669 0.0418568274820858 -0.289760623754538
v -0.446640459503569 0.0446706618264467 -0.285012623376131
v -0.44638611170271 0.0462514647791413 -0.271017526919022
v -0.44602585280646 -0.0266755652715011 -0.0461510745490602
v -0.445916199364368 -0.0275681652308899 -0.0296375843608248
v -0.445900763143245 0.183337646979132 -0.305093844491274
v -0.445888684244754 -0.0293873177295055 -0.170316047619845
v -0.44564682541674 -0.0318516034563345 -0.178878892757329
v -0.445618614220938 -0.183757717140248 -0.0761010556958874
v -0.445581274020508 -0.183713105848626 -0.119402130545463
v -0.445228759188354 -0.18404685427627 -0.186774807033239
v -0.445199160481537 -0.184013812817368 -0.220048915129992
v -0.445077663943273 0.0357877881956278 -0.292409561009383
v -0.445055535248783 -0.0363110179080885 -0.0577115889213309
v -0.445021562365512 -0.184445263872685 -0.134907215640979
v -0.444986934522095 -0.184405052515156 -0.174538581970917
v -0.444863413001777 0.0488063690575754 -0.290231902917101
v -0.444835186602865 -0.184853640959379 -0.0656370754863308
v -0.444700775256288 -0.0394163596300298 -0.0240345924607517
v -0.444694480229987 0.0567814203350129 -0.200490084566503
v -0.444684666823505 0.003437901623002 -0.385047861419689
v -0.444622303910244 -0.0401869638766759 -0.024185802500092
v -0.444568659924613 -0.0411603271512182 -0.0648321029449691
v -0.444549742431354 0.0575527268931608 -0.0146097214586065
v -0.444429833828218 -0.0436793089567206 -0.170021289715732
v -0.444418067122491 -0.0438928143307518 -0.178936978037288
v -0.444413325612385 0.058571897488324 -0.244761428332326
v -0.444378980751109 -0.184804389239764 -0.370443121694529
v -0.444280295070958 -0.0463926706267291 -0.283327510054319
v -0.444225674250127 -0.184713746622643 -0.370957047516406
v -0.444201212422708 0.0597721110312042 -0.0692685446732145
v -0.444182988636487 -0.185166060614843 -0.328251721971339
v -0.444159189804361 0.0601555127418818 -0.236506899103236
v -0.444132102647012 0.0603061232832959 -0.210408442909534
v -0.443895296381397 0.0618337211947507 -0.274808368962695
v -0.443570608385888 0.0636791142829115 -0.0175377614494441
v -0.443473730126614 -0.0513190672682112 -0.178958750491496
v -0.44345672577378 0.0598444850298611 -0.281199562380886
v -0.443456535488793 0.054298114750816 -0.290604322490853
v -0.44341997986033 0.18681336959696 -0.208964831112675
v -0.443403879964237 -0.0517457032232614 -0.16992020393222
v -0.443370923270731 -0.186450323123038 -0.250344649842332
v -0.44327805048044 0.0655490376253403 -0.0730745177905578
v -0.443192314947155 -0.0526412471944571 -0.20410471100219
v -0.443175675070969 0.0713441954902064 -0.389944317464173
v -0.443107757990066 0.0713186362712232 -0.389925462509312
v -0.443098594105701 -0.135891029753523 -0.395267628828268
v -0.443093320051031 0.187394258605071 -0.0380419061610489
v -0.442998509452758 0.0674260891536075 -0.251441381569031
v -0.442980209749592 -0.0541638223344467 -0.141419457435257
v -0.442900069451539 0.0112853393127899 -0.384834028368703
v -0.442875885470681 0.187692323279227 -0.038060056570984
v -0.442869558401396 0.18770059636096 -0.0385746342499418
v -0.442805214892632 0.0685270536356984 -0.0198537899747682
v -0.442805123471114 -0.18713509539917 -0.291050988474903
v -0.44276148453922 0.0688507385652253 -0.171135094098169
v -0.442757100779809 -0.0556961486576885 -0.0862275742645184
v -0.44265325926205 0.0695482371590223 -0.199672841766393
v -0.442613772474912 0.0697948601625712 -0.199175522236831
v -0.44261135983691 0.0698102808640236 -0.199633517342695
v -0.442610412514865 0.0698163358007446 -0.199813349070395
v -0.442466695936581 0.0707175059913576 -0.170734726108711
v -0.442437389551421 -0.0573663872174499 -0.088702400204147
v -0.442392731277844 0.0712076748099947 -0.241136142251982
v -0.442392643099885 0.0712082327703829 -0.241134623977589
v -0.442380822416837 -0.0574019448450341 -0.129484834396794
v -0.442308337151376 -0.187878923256162 -0.262308161138386
v -0.442304586086248 -0.0584600511583025 -0.0276725904630331
v -0.442247615829732 0.0721351997844282 -0.268683650396623
v -0.442233075782439 0.0722187336798375 -0.241017605257926
v -0.44221211416159 0.072339160099935 -0.20113292421939
v -0.442211125838402 0.0723448381066263 -0.199252394302157
v -0.44220836876508 0.0723606777438651 -0.194006378697572
v -0.442196099900532 0.0724311634876329 -0.170661821866367
v -0.442161464291139 0.188626478500826 -0.0961636074878925
v -0.44214729070372 0.0727115767668572 -0.077790222828715
v -0.442140365220926 0.0727513642959972 -0.0646127746593295
v -0.442119669431068 0.0728702634928519 -0.0252339029926829
v -0.442118686885576 0.0728105091468838 -0.0652973465839431
v -0.442116817523798 0.0728866479597517 -0.0198074422895155
v -0.442115012948971 0.072801131245654 -0.0778533062914366
v -0.44205614199306 0.037532598767088 -0.295052635861349
v -0.441984696629769 0.188857614473004 -0.110540041315691
v -0.441759832961496 0.189151639308605 -0.128828101598605
v -0.441670949346715 0.073780434492483 -0.240780210108265
v -0.441641505981325 0.189306360038545 -0.138451581296746
v -0.441431943828579 -0.189380284918885 -0.126053883324827
v -0.441416487486732 -0.061884655552978 -0.223110149970884
v -0.441385519218986 -0.0619010636376354 -0.245911552232291
v -0.441379486652301 -0.0617077379296277 -0.280852393039561
v -0.4413170763863 0.0511753960202058 -0.293275155138045
v -0.441288907747559 0.075045362231515 -0.110112659607276
v -0.441272359744899 0.189789044334819 -0.168474077491048
v -0.441134875714117 -0.0646221708716617 -0.0287644952963289
v -0.441133996649454 -0.0629654228760028 -0.286602500239962
v -0.440899088453635 0.0759825606234195 -0.203431803403021
v -0.440879044566388 -0.0650612566044968 -0.170021183436856
v -0.440803048740176 0.0762565627972727 -0.198784683293312
v -0.44078067098 0.190431961482694 -0.208462902017413
v -0.44051745138122 -0.0678636703142324 -0.0310692628891713
v -0.440486562790062 0.0771595000843786 -0.183470724408575
v -0.440388771934831 -0.0675895940001354 -0.178929917227137
v -0.440265530019972 0.0779242627943158 -0.0867577954990638
v -0.440212076985923 0.0779426105739566 -0.170189046920164
v -0.439971932233863 -0.0702666999113704 -0.104644949578776
v -0.439955855938244 0.0331361882874953 -0.297918663510345
v -0.439816269215327 0.0363815017839908 -0.297460321066799
v -0.439510305509773 0.0108692185506009 -0.383970959491713
v -0.439492108840802 -0.0723803375728688 -0.169360066921891
v -0.439413305708725 -0.0727274679341888 -0.179988464814013
v -0.439411402522601 0.0802461935511823 -0.119102665003098
v -0.439361024261637 0.192288247988133 -0.323922126556752
v -0.439217619292051 0.080779807397139 -0.122069741051892
v -0.439190676336589 0.0509261874837705 -0.29540614454689
v -0.439149905755556 0.0361199441319069 -0.297901648994861
v -0.439080008014135 0.192655696214019 -0.34677705067265
v -0.438992490711203 -0.074581171693008 -0.236744955510867
v -0.438740533514471 -0.0758905067444931 -0.169071998030514
v -0.438675110459943 -0.0764548357040964 -0.037158203116611
v -0.438653717925934 -0.0764073974859257 -0.112249036480404
v -0.438637624432252 -0.0763717099575513 -0.168739485524607
v -0.438634208294161 -0.0763641346275771 -0.180730615518508
v -0.438618616163867 -0.0763295588789371 -0.235461207848295
v -0.438603296127176 -0.0762955865013483 -0.289236712975988
v -0.438352688058393 -0.063612875312046 -0.292573387199465
v -0.43824184725698 0.193750304600681 -0.327022684614662
v -0.438155642460675 0.0749901481288601 -0.292007540826363
v -0.438127513880078 0.0833820922606635 -0.169695389995828
v -0.437959477657108 -0.0437133805338894 -0.297808713486993
v -0.437707340788775 -0.052030171300679 -0.385807599999913
v -0.437582680672322 0.0936059087491596 -0.389334865187309
v -0.43756346448295 0.0854991260754053 -0.0420293514977335
v -0.437459085655624 0.194771022882222 -0.207848977514838
v -0.437300886801845 -0.0798414771967055 -0.181393091611373
v -0.437106038869375 -0.0804378870892261 -0.117311990404963
v -0.437094418603595 0.0868373182247879 -0.0193334014598252
v -0.43697811973355 0.0864584054872612 -0.154188887068684
v -0.436435677976138 -0.185853615280298 -0.387124662616955
v -0.436317783391505 -0.185864973957283 -0.387341918665542
v -0.43620030450248 -0.185841316361769 -0.387395606088557
v -0.436167379538405 -0.186079724936456 -0.387358033576992
v -0.435955833111675 0.196733679665442 -0.137247054623686
v -0.435350503011949 0.0501859377690047 -0.297821439326575
v -0.435292942498844 -0.185625688345377 -0.387657101757391
v -0.43481978729114 0.198225637265444 -0.336511616374035
v -0.434210666082466 -0.0880902093629302 -0.0452178458506428
v -0.434199362566599 -0.199508842901985 -0.0244664306061627
v -0.433969506450928 0.0942558490586837 -0.164004935047108
v -0.433813914160803 0.0673255669895689 -0.38489811295425
v -0.433600423995871 -0.0828519917405021 -0.386151501324137
v -0.433415106657113 0.200053857583504 -0.213262645311093
v -0.433403112114502 -0.0899504932032771 -0.224420816127217
v -0.433376243183372 -0.0901633704174995 -0.120573277794885
v -0.433303180856262 -0.0901256188218419 -0.286653736696087
v -0.433175403863997 -0.200289089338099 -0.30573417830263
v -0.433144735554607 0.200406952707307 -0.206890347771737
v -0.433001147168767 -0.201055735287828 -0.066926833221035
v -0.432953003201602 -0.0912149291030212 -0.158795421119234
v -0.43280962799195 0.172479256095594 -0.394459408894713
v -0.432791326218043 -0.0916166228078546 -0.173396217603563
v -0.432721633716851 0.200958991721526 -0.163116152049836
v -0.432545818576561 -0.0921845662808923 -0.121264944587575
v -0.432500533889555 -0.0923391093683791 -0.19965721972023
v -0.432290256066192 -0.0928615540358358 -0.218647082324678
v -0.432288243371164 -0.0785139761505522 -0.292644948972575
v -0.43226898135732 -0.0867609119195369 -0.28890749279362
v -0.432129388875744 -0.202217898950955 -0.023214024346941
v -0.432002777472399 -0.0527279220112556 -0.383904642340344
v -0.431633770516956 -0.0943634291679232 -0.0495470874485537
v -0.431628826694721 -0.202827396790492 -0.115556887508467
v -0.431596927260961 -0.0945841604966308 -0.281260526483803
v -0.431546686176106 -0.0947089867215276 -0.285797720578944
v -0.43145934546535 0.101537515709258 -0.0187942854749052
v -0.431382626719893 0.101511414196944 -0.0635060205763753
v -0.431318670722505 -0.0952608149469156 -0.280426919160359
v -0.431282108565255 0.202839477859982 -0.162990636334505
v -0.431174652320822 0.102280274461682 -0.018751107584326
v -0.430898019627942 0.102766522539962 -0.0652553678983362
v -0.430470781350508 0.0659408405667272 -0.383344733002712
v -0.430429782381789 0.103499034595608 -0.0186483073125662
v -0.430424577745447 -0.0627405843085478 -0.297769023558116
v -0.430403060600573 0.103269546117135 -0.221001989139442
v -0.430322168752467 0.103778718093064 -0.162060697508428
v -0.430290830520487 -0.0630783241237335 -0.297768319047385
v -0.430281484902294 0.103776451544249 -0.0667645423922962
v -0.430249259796025 0.103906873010656 -0.174317300494501
v -0.430208710311117 -0.204660762665094 -0.165880655269155
v -0.430175897634288 0.204284150319431 -0.13691867402761
v -0.430144395625349 0.104091196855177 -0.191945841213852
v -0.430129437248866 -0.0981138979680546 -0.208179907481947
v -0.430122951719251 0.10412888964565 -0.19555074047912
v -0.430081756969064 -0.0626511145733897 -0.297768540388508
v -0.429988157227438 0.104325173402418 -0.161936917585744
v -0.429965712272717 0.104405275556191 -0.221984001411301
v -0.429954169617157 0.204573632119391 -0.125994220457338
v -0.429948060729371 0.104400181070672 -0.17494652862851
v -0.429894265178603 0.104500815266178 -0.19240090058291
v -0.429884654820824 0.104518793158582 -0.195519053606309
v -0.429882486357614 0.104551564994582 -0.235974971099419
v -0.429837631099301 0.204725914483361 -0.128946168872427
v -0.429810089209315 0.104670011949871 -0.235951631954565
v -0.429802273264579 0.104672902588059 -0.222248370517418
v -0.429760315820143 0.104751391489204 -0.235861779637195
v -0.429727019574532 -0.205064609245129 -0.281550018851616
v -0.429663872226815 0.204952837442299 -0.124850896761907
v -0.429628232792472 0.104998476406819 -0.278717113598968
v -0.429626176653568 -0.0992939610163906 -0.129334080931291
v -0.4295247752095 0.205135553503896 -0.136881546702237
v -0.428793785816302 0.107121554265344 -0.195231324555569
v -0.428717314817415 -0.206586149651159 -0.218730295855621
v -0.428497734578293 0.206475772081241 -0.0973665391536019
v -0.428412176323386 -0.102286228477226 -0.271758260291845
v -0.428223897011115 -0.102750585741675 -0.207530916819972
v -0.427948813179295 0.109418054439198 -0.0182798046613703
v -0.427928568004316 0.109395037209985 -0.0632205744816386
v -0.427921718522265 0.109393194926425 -0.0746787033932454
v -0.427501014238425 0.20777745369048 -0.0738751286060504
v -0.427162056557332 -0.208593983271805 -0.273843000977527
v -0.427135710482705 -0.208682472746098 -0.164114330419906
v -0.427104183372639 -0.208794033360041 -0.0212905231251116
v -0.42708659573341 -0.0829985539178217 -0.384127054443655
v -0.427071761303494 -0.105538909922788 -0.180392878607327
v -0.426948238757766 -0.208987966559706 -0.041830091478402
v -0.426827276976925 0.111759919079531 -0.228510440270095
v -0.42681141790852 0.151378973995249 -0.393833130071227
v -0.42679209074631 -0.209071607993642 -0.286953245861816
v -0.42679059384957 -0.209184014249345 -0.0625936065897879
v -0.426772587588879 -0.209104141987521 -0.272702697513517
v -0.426722133737662 -0.209196805994959 -0.218570658375211
v -0.426517849172613 -0.106873691565329 -0.206955424627996
v -0.426495220927085 -0.106868251404675 -0.0502015188999254
v -0.426429257794601 -0.209633372871647 -0.11018541734658
v -0.426400011833581 -0.107155358494659 -0.148172106579382
v -0.42631653220561 0.209332420846143 -0.162557943026585
v -0.426310634337322 -0.107380940085239 -0.16246487537296
v -0.42615360146649 0.209558601605843 -0.352183576063306
v -0.426038601248364 0.209687313475752 -0.0394079440152594
v -0.42601897283953 -0.210143604495716 -0.164224320106355
v -0.42600988933762 -0.210154900766454 -0.165420714150087
v -0.425987578090695 -0.0793681660824772 -0.383362397371252
v -0.425964134198981 -0.0609922326645609 -0.297763546069883
v -0.425751570905898 -0.0624222387426627 -0.297761189514015
v -0.425721439793007 0.210108359978051 -0.130764359877686
v -0.425709193137967 -0.108836509102486 -0.148298198528577
v -0.425610393910858 -0.210651714500142 -0.21803852100095
v -0.425354176430662 -0.109695697532401 -0.139935939720644
v -0.425353880088229 -0.210993480990625 -0.0206507089116785
v -0.42529166425242 0.0887150524723397 -0.382724163664275
v -0.42523142746233 0.115607877887167 -0.202668542005683
v -0.425221565265101 -0.211135262992374 -0.269251399071758
v -0.425174607629269 -0.211214726728337 -0.0615059277344567
v -0.425112023677497 -0.183247891166787 -0.390784922792984
v -0.42506365610072 -0.211331639311811 -0.290049719539974
v -0.42499093665507 0.00905657889232376 -0.380377067606396
v -0.42481357523632 -0.110999262737804 -0.159950983496034
v -0.424763658962288 -0.111105072543429 -0.261875669336653
v -0.42468382224661 0.117196265622378 -0.0249182526064128
v -0.424661692534155 0.117177699512469 -0.0698870709930947
v -0.424510009061698 -0.111704804283366 -0.0601370835412572
v -0.424508709792349 0.211697123597458 -0.17410200592064
v -0.424501844972841 0.211718897912317 -0.358889030310576
v -0.424459621813805 -0.212082818197113 -0.369607474926159
v -0.424444463912254 -0.0830626770826239 -0.38337456221964
v -0.424346868272868 0.117738726450937 -0.189621666916023
v -0.424344597664188 -0.212258728624992 -0.0510118631099699
v -0.423831134954232 0.119144956672967 -0.0787512029230999
v -0.423748218128639 0.212685196257798 -0.0825020527853877
v -0.42369323402764 0.119217742607798 -0.240194748511105
v -0.423464763627646 -0.213340489965997 -0.292843946983166
v -0.423098952235981 -0.213802938450046 -0.264617840612854
v -0.422867702547141 -0.0818232802943729 -0.297729217874872
v -0.422815700956718 0.213905617065454 -0.0978666326962692
v -0.422549903970275 -0.0622266874528219 -0.297704803743488
v -0.422516554477476 -0.116548427958272 -0.0471133516559746
v -0.422507267328829 -0.0595975601898841 -0.297701528283364
v -0.422476134901103 -0.214590286627048 -0.216561085836693
v -0.422355259489358 0.0629122630707619 -0.381217833134647
v -0.422188033064991 -0.117358192539693 -0.0653588572850109
v -0.421918535347527 0.123522106270241 -0.195601989380527
v -0.421892608236195 0.123850657354953 -0.0275289768749315
v -0.421874300230461 -0.21535110910942 -0.170123359133929
v -0.421863673255617 -0.178652768224182 -0.392250076362713
v -0.421803042537511 -0.215441191082897 -0.164625096185487
v -0.42172727619632 -0.21554222187172 -0.105475706204175
v -0.421665718876584 -0.118608305177893 -0.149032844588001
v -0.421397793126254 -0.119270680031821 -0.0467451110806956
v -0.421198682443198 -0.119735587048713 -0.15872482014555
v -0.421198537212331 -0.11973911237565 -0.136898131839996
v -0.421125940455973 0.216131898857838 -0.33980359494808
v -0.421029403577329 -0.216419203721347 -0.104930903823303
v -0.421011653525118 0.0326273171164053 -0.297586631255619
v -0.420929174947275 0.21607907681694 -0.372755964581622
v -0.420803248288061 0.0454783267619765 -0.297570621011367
v -0.420782955938452 0.126425489316246 -0.0730797572601798
v -0.420574795112248 0.126908504716195 -0.0816246754282464
v -0.420431426989084 -0.217175148924343 -0.0587908678065309
v -0.420373237495459 -0.217248710447379 -0.0543009506685404
v -0.420239025581802 0.217274066732611 -0.0862660491802168
v -0.42017055698523 -0.2175049334542 -0.0386620674317984
v -0.419907900743931 -0.21783697609525 -0.018395440490523
v -0.419865830798798 0.216389237491245 -0.374870889600179
v -0.419792892257724 -0.218135238974164 -0.172566612898764
v -0.419792854156006 0.107782829855306 -0.297492999848513
v -0.419157394006743 -0.219024341987697 -0.214959867062755
v -0.418753966649144 0.131133546499439 -0.156368951280083
v -0.418645326931677 -0.219661831707355 -0.164942002279752
v -0.418642426414948 0.131392363933118 -0.160947633018778
v -0.418541083302816 0.21949541351741 -0.102473457576798
v -0.417838454937654 -0.220869741705236 -0.303071425533104
v -0.417739650335215 0.13348716129326 -0.198006227885494
v -0.417558608857374 0.133822232343662 -0.155803801942966
v -0.417498809093917 0.134046008174355 -0.20789266394517
v -0.417477161452735 -0.22111392182857 -0.048492392088279
v -0.417330831862536 -0.221317384520725 -0.0569080421654694
v -0.417253058171927 0.214819679394519 -0.38443147814695
v -0.417211473804648 0.214793469843287 -0.384579098066574
v -0.417089205054117 0.214638412051046 -0.384724683016073
v -0.417061964439218 0.221425187014673 -0.0401271649775469
v -0.416944919121112 -0.171697208483493 -0.394773602415149
v -0.416841830434027 0.21530182328553 -0.384571498580423
v -0.416433678760841 0.13651753157869 -0.251615835592977
v -0.416410654396386 0.222288130037056 -0.203169854727932
v -0.415993752848247 -0.223284208218401 -0.248666026520192
v -0.415932248203031 0.222921884375784 -0.321450325805049
v -0.415758211870554 0.138084881767075 -0.279343479684377
v -0.415623973692631 0.1383415092138 -0.252826832813131
v -0.415403226482661 0.138763518762371 -0.209221683330671
v -0.415353221947626 0.138859114041965 -0.19934407162582
v -0.4151621868684 0.139224321953569 -0.161608087614108
v -0.415112063581785 0.139320144254382 -0.151707018396939
v -0.414930944309473 0.139416223497679 -0.253573668133812
v -0.41486603866948 0.1396832172735 -0.162123130539527
v -0.414781867467209 0.139951390797754 -0.0864819542314282
v -0.41473854081852 0.140034219747016 -0.0779234542488896
v -0.41461394627039 -0.174888470535837 -0.394729571809233
v -0.414516150069286 0.140459371302516 -0.0339936493593425
v -0.414309247014174 0.14056848072351 -0.150718072651594
v -0.413617660594286 -0.0833692380156612 -0.380934356716782
v -0.413547425281615 0.226021017407116 -0.0434393004025339
v -0.413532198033182 0.141667259771506 -0.210001999615855
v -0.41350769878656 0.226087588970163 -0.254612161464318
v -0.413414644482728 -0.054402674582026 -0.379225499512885
v -0.413398422808976 0.226230016548115 -0.247950549268077
v -0.413272146296317 0.226394602198573 -0.240252561334948
v -0.413223119120378 0.142164667954813 -0.200374031940178
v -0.41292732503279 0.142561634599643 -0.210240487631755
v -0.412884275108542 -0.139845784915953 -0.0439639898506038
v -0.412862696347764 -0.139891794995311 -0.0861790934286068
v -0.412854758512191 -0.139908719991532 -0.101708092259039
v -0.412827548052869 -0.139966737938237 -0.154940637469188
v -0.412822263784822 -0.139978005016763 -0.165278391579786
v -0.412800283820023 -0.140024870540462 -0.208278381251718
v -0.412786326279547 -0.140054630708413 -0.235583888873108
v -0.412759717662302 -0.140111365411747 -0.287639034422385
v -0.412558404405261 -0.201293230429419 -0.392087193509947
v -0.412540139453141 -0.140572059888564 -0.23509373159221
v -0.412428264187757 -0.140806784076598 -0.208321859641336
v -0.41224994393098 -0.141180915725252 -0.16564962941906
v -0.412206750310764 -0.141271539755493 -0.15531334940628
v -0.411969048094638 -0.141770259999706 -0.0984309521160475
v -0.411933380621114 0.144240275371832 -0.160198011944732
v -0.411925505942366 -0.141861615280984 -0.088011268005623
v -0.411740103702951 -0.142250605554722 -0.0436443116817422
v -0.411678246316218 0.144782142185291 -0.0800245058751323
v -0.411606088825881 0.144766993988126 -0.150002703580213
v -0.411436694135487 0.145039604967783 -0.14472597153548
v -0.411087135431429 -0.16336156155168 -0.391459355132379
v -0.410826858051999 0.20680096816826 -0.392566935950099
v -0.410681874254068 -0.162784903772319 -0.391233732860027
v -0.410674765494837 0.229777011187489 -0.0392858780306744
v -0.410536979752048 0.146537778435615 -0.0890568113693522
v -0.410320079665059 0.0527916523135051 -0.37789581154895
v -0.410011354651919 0.0304438172648034 -0.297617631251847
v -0.409725348307169 0.231032981933102 -0.248875156101797
v -0.409675942298233 0.147873225562204 -0.0898776429317446
v -0.409421503905442 0.0418416897124364 -0.297604469244515
v -0.409402982577138 -0.0615602892213348 -0.297737635660189
v -0.409391898761818 -0.145573873413575 -0.0915404363314731
v -0.409052634304614 0.20412106270556 -0.393089616841652
v -0.409002590260752 -0.232407590662642 -0.0135657963887435
v -0.408580949515705 0.149248079791713 -0.149248639518346
v -0.408512131608419 0.148890191032223 -0.260205001622817
v -0.408417435634335 -0.233226519982291 -0.0528782955909752
v -0.408360448984283 -0.146916568439421 -0.15709518042274
v -0.408275296976606 -0.146905225105365 -0.208977865063191
v -0.40824431791203 -0.146899950791112 -0.228289665012456
v -0.408154439402634 -0.233594585644554 -0.0705471965655452
v -0.408000119371051 0.150570168003832 -0.0376748937157851
v -0.407962134578017 -0.234092445527665 -0.327414977430871
v -0.407804067387067 -0.234084934525651 -0.0940862731798512
v -0.407728054868274 0.233630112171658 -0.0391543249929477
v -0.407704309909265 0.150323011442123 -0.202997775162256
v -0.407644691119002 0.233741976801966 -0.0804269128790574
v -0.407625784461165 0.233767347377398 -0.0897874167432499
v -0.407604885374503 0.150659148960091 -0.157393626118913
v -0.407575569858017 0.233834729639667 -0.114648182240062
v -0.407545995675087 0.233874414815407 -0.129290074846999
v -0.407542305727561 -0.148091125325851 -0.167435399070011
v -0.407518768292747 0.233910950852788 -0.14277008912558
v -0.407470567511537 0.233975630796021 -0.166633830812493
v -0.407420362731233 0.234042999877156 -0.191489733114212
v -0.407390874248983 0.23408257005237 -0.206089196141082
v -0.407304028379476 0.234199107290329 -0.249085748156334
v -0.4072463735965 0.234276473424163 -0.277630074895613
v -0.407227860618533 0.234301315726173 -0.286795671654735
v -0.407053279870675 0.151969638877082 -0.0381787881956324
v -0.407052962402677 0.234536009156219 -0.373386090728665
v -0.407001338328166 -0.23520836127884 -0.148016096277903
v -0.406560726924155 -0.235825001019904 -0.177617734352126
v -0.406539038247008 0.152504724639382 -0.0927500189572716
v -0.406435240218231 -0.236000620827162 -0.186048319711629
v -0.406250443063055 -0.23625924615751 -0.198463564652868
v -0.406149745339568 0.152909797046104 -0.13406171390393
v -0.406054572464275 0.153008827634416 -0.144161442710048
v -0.406008699297144 0.153056560212788 -0.149029495147066
v -0.405931139898206 0.153137263384593 -0.157260084936702
v -0.405910005731363 -0.229280747087721 -0.384716266111169
v -0.405904632558071 0.235679604084537 -0.282037659383425
v -0.405801152082206 -0.236888033046753 -0.228648323567477
v -0.40546584890717 0.153621414361822 -0.20663668316325
v -0.405445659269268 0.15364242236135 -0.208779203990544
v -0.405301441078306 -0.118766400878483 -0.298260555725813
v -0.405155121445307 0.15380401463572 -0.273572522252768
v -0.405140058926953 0.236476891974544 -0.28078295687711
v -0.405049150099085 -0.2380818540296 -0.0116731064127311
v -0.404903561404121 -0.238269902412632 -0.0511659778337815
v -0.404825616075763 0.154287598227297 -0.274578078756169
v -0.404812978583632 -0.23838690293199 -0.0757377736274979
v -0.404755111537122 -0.238461646403864 -0.0914349802542181
v -0.404745720670816 -0.0551761743987455 -0.377062483247271
v -0.40466905392019 0.154450506433298 -0.291192427200868
v -0.404581117390752 -0.238640117448695 -0.226167867654168
v -0.404560389823307 -0.23871315702722 -0.144255837041569
v -0.404502489762361 -0.23869707313591 -0.091278553160239
v -0.404488753570434 0.237137723737356 -0.249253442778048
v -0.404428676661845 -0.238883283196997 -0.179984785304988
v -0.404398483581044 -0.238922281829581 -0.188175060368363
v -0.404369823685693 -0.238959300136393 -0.195949438470315
v -0.404261176142422 -0.239099633799235 -0.225421530775944
v -0.404233176140073 -0.239082429901105 -0.333989801172607
v -0.404144958157783 0.155244097914369 -0.208551420668371
v -0.404069155964042 0.15521528746547 -0.276568164655952
v -0.403858386650227 -0.239619893375215 -0.334683542011977
v -0.403738405508252 -0.239774865983138 -0.367230023825996
v -0.403731984405044 -0.154017370205746 -0.0421670664938174
v -0.40361924097537 0.238019954376535 -0.207160575966853
v -0.403353723722406 -0.154456140777635 -0.086604875912596
v -0.403340801649759 -0.154441683299506 -0.0993219489117428
v -0.403254434235992 -0.240184345144106 -0.335525106646889
v -0.403196330400711 0.238449050710177 -0.186687590764309
v -0.402833333769116 -0.0516736569373726 -0.297741742830142
v -0.402798109108055 0.238853096640677 -0.167409806948068
v -0.402602377772452 0.0363502077538926 -0.297629013388307
v -0.402554086685297 -0.135472434307479 -0.383547130862867
v -0.402260766108238 -0.155745308283932 -0.206877164237231
v -0.402250607317833 -0.155734658123346 -0.216602601091537
v -0.402201166897489 -0.156268652202611 -0.0411359594659005
v -0.402185618545186 0.239474545879986 -0.137759306389103
v -0.402095219223088 -0.156409565988791 -0.0467301934994378
v -0.402001600935892 0.239661255047845 -0.128851064274042
v -0.401826453342298 0.239838964461515 -0.120372217192007
v -0.401763299763321 -0.156851029456935 -0.0642561576012929
v -0.401738866641037 -0.156463021360804 -0.225470361668682
v -0.401499001191029 0.239676744997973 -0.275174134563325
v -0.401491718792508 -0.241675746147007 -0.220049766788292
v -0.401485167681359 -0.157026377957958 -0.152942122601821
v -0.401473137563784 -0.157013386963504 -0.164603195905897
v -0.401369147438451 -0.157375264620599 -0.0850681325942034
v -0.401257903158353 0.158799218366379 -0.208035677273394
v -0.401133719938717 0.240541830224348 -0.0868371826701956
v -0.401122690068461 -0.241967536290066 -0.219373965609682
v -0.401071382088082 -0.242031385274613 -0.192513544774654
v -0.401049333273931 -0.242050040369319 -0.191069128821401
v -0.401024508344939 -0.15783364560732 -0.103265716987831
v -0.400935672080192 0.240742774856785 -0.0772497400288344
v -0.400922604763581 -0.242157263022941 -0.182767154809393
v -0.400766023626382 -0.242246815233737 -0.140062564283679
v -0.400754008752943 -0.242086472814098 -0.0103982282680157
v -0.400716388426656 0.240907218886482 -0.0866680901165385
v -0.400668767172442 -0.158269992601329 -0.0503662210292657
v -0.40061848473577 -0.242306017813008 -0.0807933371858214
v -0.40040126646288 -0.242598357737003 -0.148614326752396
v -0.400249171987961 -0.242727042065077 -0.138650630543325
v -0.400245530558382 -0.242683757505763 -0.191721642653226
v -0.400140709006839 0.241549365565545 -0.0387657951654357
v -0.399881057242789 -0.159354472043837 -0.163642059437203
v -0.399732227042986 0.161191446684499 -0.28912497229034
v -0.399700310142824 0.161016158628491 -0.0412814109840887
v -0.399524269582183 -0.243340368611332 -0.0911623351517151
v -0.399403695826488 -0.243442383840637 -0.0832635585974024
v -0.399317370925493 -0.2435154217461 -0.0776084216224976
v -0.399149909047342 0.16148659860415 -0.15664717193406
v -0.398885361943307 -0.243880936572487 -0.0493075496783984
v -0.398883153525379 -0.160681715816381 -0.216333229580464
v -0.398824290246284 0.16190171434211 -0.148709263849151
v -0.398724696962972 -0.243850993843778 -0.229504034260829
v -0.398698366263754 -0.243911063091003 -0.184327862575703
v -0.39858193557142 -0.160936523934247 -0.287696066947715
v -0.398360371514142 -0.244325121285036 -0.0149154709941129
v -0.398249106615826 -0.244419260461923 -0.00762651690069578
v -0.398241214700623 -0.161492137602285 -0.266725814810578
v -0.398039258389088 0.162902513674532 -0.12957182244248
v -0.398019479129737 -0.14158183781389 -0.383544625265567
v -0.397919011452671 -0.161964055524634 -0.267241722162432
v -0.397746769145253 0.243535463638324 -0.0757194545579116
v -0.397679679728152 0.243425703790368 -0.133846483372291
v -0.397643154043556 0.243358394830464 -0.168099208147002
v -0.397607046820472 0.163453519401715 -0.119035404724082
v -0.397531552166225 -0.162479388733718 -0.287700292292538
v -0.397378935254587 -0.162572788441838 -0.0822958062782083
v -0.39698392087652 -0.163183120814383 -0.268629486170378
v -0.396971967102235 -0.245320184608643 -0.130505516457815
v -0.396933185013291 -0.163222298366559 -0.216177208342996
v -0.396843413618265 0.164427038618774 -0.10041961795128
v -0.396818425096709 -0.163280296095894 -0.0378931656176082
v -0.396762118748866 -0.0492300012067982 -0.297800488929019
v -0.396372595020993 0.24484466546658 -0.0385569767242498
v -0.396208550248197 -0.164138391447068 -0.161535145331792
v -0.395897557520587 0.245159321603872 -0.0733111336453449
v -0.395868702117684 0.162019947377208 -0.292467749346871
v -0.395758266946303 0.245251585128389 -0.0835017532746551
v -0.395692074964679 0.245032991637351 -0.178919810006092
v -0.395621050599183 -0.246199526077787 -0.345136510096461
v -0.395461257272291 -0.165152145645616 -0.287707290303866
v -0.395457469729062 -0.165144682657594 -0.215472089149096
v -0.395170563322804 0.245640869241505 -0.126498661806592
v -0.395145713396413 0.245657329377481 -0.128316704046534
v -0.395138141448748 -0.246801416367424 -0.0912398380674215
v -0.395115993651328 0.245677015192142 -0.130491026459909
v -0.395064688920353 0.166864394177565 -0.101952974129734
v -0.395050654846089 -0.158662529054569 -0.292460715397085
v -0.394739152377713 0.167130551701259 -0.0374869907480978
v -0.394712917187493 -0.0423766818972571 -0.297770821461919
v -0.394586863498508 0.246027501311382 -0.169202648904662
v -0.394549666419313 -0.166240500344435 -0.0460392027618971
v -0.394466150039507 0.24610745969508 -0.178034150613487
v -0.394301229277567 0.167667947083497 -0.0384464592583126
v -0.394263355577822 0.167716230440502 -0.0375231773518654
v -0.394133573228863 0.246346752152619 -0.0711188929710815
v -0.394096283568308 0.204821821345597 -0.394609142767511
v -0.394049053745723 0.168292000813379 -0.112323345391746
v -0.394034170514084 0.246393595018591 -0.20963814861456
v -0.394016467372069 0.152448892436765 -0.382319530125957
v -0.39398267628443 -0.167039861912054 -0.164113628846426
v -0.393915096244284 -0.167126705456529 -0.161760209917341
v -0.393548151402756 -0.134116869286244 -0.381571861225593
v -0.393486380208957 0.246756441280854 -0.249714964040635
v -0.393467283967152 -0.248196776884581 -0.00284718345872231
v -0.393413645504193 -0.167793255536017 -0.273895830540301
v -0.393374379060172 -0.248043064086821 -0.263872642162826
v -0.393290188782597 0.246886394887329 -0.264068499524637
v -0.393246698633058 -0.248117654661467 -0.293953641294466
v -0.393203428984991 -0.133321793320924 -0.381387699175547
v -0.393171386550355 0.246986019212982 -0.128165737552457
v -0.392607694714805 -0.168806778191417 -0.116231034427857
v -0.392542438963775 0.0783235535987166 -0.37419588137684
v -0.39242498441502 -0.154622935993728 -0.297498933659297
v -0.392183321973756 -0.130946350232187 -0.380763053729425
v -0.392155694119733 0.247637863367375 -0.347069116329917
v -0.391711766297912 -0.156516883291928 -0.296842543306067
v -0.391533752604072 -0.170186844543189 -0.0788318898478484
v -0.391341965545374 -0.157498887421297 -0.29650220752272
v -0.391274503834721 0.0368012422210498 -0.372837980924119
v -0.391068868011648 -0.156109213796577 -0.297534965007234
v -0.390839498613204 0.0367456688115584 -0.37273027474531
v -0.390835229106684 -0.0607161069973491 -0.297971728954184
v -0.390741250318837 -0.156468276560979 -0.297543669648702
v -0.390685826781943 -0.171276469285738 -0.049303575334435
v -0.390595417637176 0.24872646406536 -0.0805830106607494
v -0.39028674236841 -0.171789311612275 -0.0354057911501718
v -0.390115459397293 0.249023475868335 -0.260097074081309
v -0.389873693245892 0.249187669820141 -0.249790957974848
v -0.389657068847353 -0.155267988444794 -0.2975620066497
v -0.38958032359364 0.174119518847645 -0.0379132285737248
v -0.389285958233908 0.174569262896589 -0.0504338670255524
v -0.389084947038994 -0.00609232206770272 -0.371220249792491
v -0.389023191868445 -0.173420476922086 -0.0349295435540287
v -0.389006778576611 0.174944134042796 -0.0486422641871307
v -0.388958954283034 0.249808908998218 -0.210797054553296
v -0.388712571260901 -0.0485691057976371 -0.372753953960948
v -0.388625983167119 -0.173948217732814 -0.122314435418557
v -0.388563847858818 -0.174016254207164 -0.0510871267960163
v -0.388416761557228 -0.122337339028746 -0.379026228964832
v -0.388329352651614 0.176105852641793 -0.110971139848565
v -0.388097764088081 0.250393780869432 -0.174085852064836
v -0.388030899303703 0.250439191664616 -0.171235509999831
v -0.387836834169355 -0.174959203789708 -0.0766600829233255
v -0.387834311413677 -0.252641832003699 -0.00279093090549053
v -0.387788461201718 0.250659619177088 -0.179428083348316
v -0.387648205110041 -0.175155430004794 -0.0344245627542285
v -0.387523854624744 0.17738921927496 -0.0381087988099675
v -0.38745141180346 -0.252916514964013 -0.0343692955931439
v -0.387306508474464 -0.253020465123026 -0.0463197130012454
v -0.387269462724848 0.243581143815329 -0.390538905204929
v -0.387262423963302 -0.253052090289797 -0.0499554356120573
v -0.387204098121036 0.251000708455754 -0.135990257775065
v -0.387037944235865 0.251361520749091 -0.211274738740795
v -0.387029574636348 0.25111923497598 -0.128550592271532
v -0.38698321317129 0.178085757826182 -0.147919963400855
v -0.386877118146842 -0.253186676449909 -0.244795699627594
v -0.386841774005632 0.251246778585912 -0.120544942622856
v -0.386781494049784 -0.234624841794133 -0.392398631314186
v -0.386767491248273 -0.253407143101796 -0.0907733559076851
v -0.386684228343442 -0.253466873904787 -0.0976401854983892
v -0.386597862090916 -0.176566172435666 -0.120241351149958
v -0.386342151205102 -0.253712271806763 -0.125851853354802
v -0.38627604699805 0.178881557553247 -0.102716130766045
v -0.386147636967215 0.17905486911362 -0.10212687522931
v -0.386120693882663 0.17909360657322 -0.10263088678047
v -0.386106105696714 0.17911458075911 -0.10290378108159
v -0.386072079512255 0.179360111303706 -0.15554044658708
v -0.385953417873677 0.251850100031333 -0.0826756983685498
v -0.385882997603384 -0.177402122929909 -0.0533135941423184
v -0.385778367018543 -0.254116717006524 -0.17234806848078
v -0.385705111680671 -0.254169268621956 -0.178389557458322
v -0.385658749423881 -0.254298873809475 -0.0375454064785076
v -0.385624984471703 -0.177850803306472 -0.287740538875691
v -0.385459409649991 -0.25444729055911 -0.0458541364945661
v -0.385450250676789 -0.254352099769199 -0.19940836633274
v -0.385393941290938 -0.178127678955021 -0.162589678622812
v -0.385311356846248 0.252637983821657 -0.172172554829004
v -0.385301761732779 0.252292668175687 -0.0548966076617801
v -0.385237806608565 0.252596756864095 -0.13875087843563
v -0.385058123252692 -0.178563240875745 -0.17440219341215
v -0.384902197669086 0.252564029581067 -0.0378638112652211
v -0.38485667054575 0.168165724703292 -0.297773895979599
v -0.384432018277212 0.204982628437239 -0.392284908345995
v -0.384075604545037 0.170504328444336 -0.296027702231615
v -0.384045038500332 -0.17987722967426 -0.210037797391672
v -0.384021469761386 0.182349455559362 -0.204764485452566
v -0.383967229256813 0.182189753518922 -0.142914731948609
v -0.383942405953114 0.204998839398217 -0.39225846230897
v -0.383932489417818 -0.255440905149356 -0.324580649786949
v -0.38391198471826 -0.179910757573494 -0.0744048959371578
v -0.383573397717716 -0.17812828212558 -0.289352623323755
v -0.383550242237184 -0.25573528178283 -0.32583152612007
v -0.383498156804725 -0.255752484907449 -0.360400779361401
v -0.38344354164431 0.182942686157094 -0.152711108654912
v -0.383287177593372 -0.255903836313386 -0.377800584166219
v -0.383258032835312 0.18320940172116 -0.156181334285411
v -0.383082886768662 -0.181125157446285 -0.243881814881905
v -0.383082518123422 0.25430723809424 -0.128830002040411
v -0.383023924288225 -0.0637713844554764 -0.298098210646383
v -0.382998382445345 0.184593165184523 -0.0374835894050926
v -0.382944143887217 -0.256179890387947 -0.36108995803965
v -0.382793245155715 -0.181489908066891 -0.243050823261445
v -0.382703357116905 -0.181477785360558 -0.116329928950591
v -0.382599067559626 -0.256457588248412 -0.344279827163132
v -0.382563280542876 0.17212798893682 -0.297146313508597
v -0.38247931363681 0.255159249509656 -0.250049922196592
v -0.382431135134443 0.255107593268214 -0.219969125140202
v -0.382387519037188 0.254594145468577 -0.0377202499862506
v -0.382156627588701 -0.25681374969543 -0.377360523044633
v -0.382125220201761 0.254839303603914 -0.0488005196010363
v -0.382079695113194 -0.256560367603113 -0.378130803703923
v -0.381883724801668 0.186017857004098 -0.0800891272698275
v -0.381835662761288 -0.182742828989667 -0.287753347541901
v -0.381757435618711 0.185366887585166 -0.184252297331502
v -0.381735486073346 -0.21445084500956 -0.394125370252341
v -0.381697768736377 -0.255635692413362 -0.378724099329888
v -0.381664099845776 -0.257210127072098 -0.362721440125042
v -0.381370584549347 0.186673723604866 -0.0997028773519626
v -0.381267482589046 0.255640989792877 -0.0850338638786419
v -0.381186265169977 0.202230436670701 -0.392069005002077
v -0.381131754780003 0.186978982193083 -0.108831663072596
v -0.380701479780815 0.186885089650365 -0.204005564214809
v -0.380615002075027 0.256250832020734 -0.112596548257172
v -0.380449856860613 -0.0198613303359811 -0.369563834157983
v -0.380416165722683 0.187893607308629 -0.136183609968764
v -0.380389361821095 0.187333837707837 -0.2098442074006
v -0.380377300737589 -0.103979827364071 -0.375381805893079
v -0.380317763710685 0.187573391865686 -0.194478822953796
v -0.380314197988786 0.256531979166374 -0.125303392232876
v -0.3802798124763 0.0353910388476676 -0.369885824938599
v -0.380270745627226 0.188096785621769 -0.0991223067963948
v -0.380237642314533 0.256603532081654 -0.128537327716747
v -0.380178763692532 -0.184662267656449 -0.114353133675608
v -0.380087207984887 0.188314062325184 -0.148757355309396
v -0.379989038055807 -0.0841754591050285 -0.373340557062715
v -0.379886374086355 0.256931845639293 -0.143375924575153
v -0.379869063532962 0.188592882120577 -0.15709548653668
v -0.37975535968667 0.174037119789584 -0.297856743090587
v -0.379686234908112 -0.258801670790559 -0.202383399682722
v -0.379595094114974 -0.185519560428685 -0.236061211016076
v -0.379574622255442 -0.258907553195514 -0.172827177375556
v -0.379476530972018 0.257467361834506 -0.211329542350876
v -0.379205665477333 0.257568071313055 -0.172131046208833
v -0.379071728637118 -0.259296190591114 -0.172448194008272
v -0.378942692273195 0.189840097459292 -0.0369506698668022
v -0.378940318653251 -0.259401941894363 -0.166046656578287
v -0.378723736345461 0.190056774001665 -0.200873305790365
v -0.378672882684629 0.190177460021087 -0.0657109221941333
v -0.378655323163526 0.190144215828495 -0.203488261539238
v -0.378406826328323 0.190461830308881 -0.212986551333937
v -0.378373488067737 0.19055181489661 -0.0976247795667859
v -0.378276700537879 0.25843633026655 -0.211373240994341
v -0.378239621569951 0.258470986198677 -0.212939564996552
v -0.378239271700024 0.190719635387673 -0.111931523157366
v -0.37820348174059 0.190735858598379 -0.0637106100841089
v -0.378086597823594 0.190903037997176 -0.146662871279551
v -0.378083060306708 0.190903222051779 -0.157476982413133
v -0.37804721775602 0.190959774409035 -0.132403441592056
v -0.378041218357945 -0.260125486827427 -0.122247669436284
v -0.378029419999139 -0.260135069785297 -0.16519747948784
v -0.378028681747837 0.190954937867546 -0.203349866109672
v -0.377915908641794 0.19112395974951 -0.146400287582877
v -0.377913158320489 -0.2602860792146 -0.0296151285631203
v -0.377810799371366 0.191255385518803 -0.157604371008924
v -0.377788257639822 0.191094207948911 -0.263957851887145
v -0.377716093483806 0.191177333207222 -0.259851774973129
v -0.377675261927533 -0.260419987810609 -0.104420380229668
v -0.377577808105131 -0.187953054425805 -0.112311582451047
v -0.377553917593001 0.191551969604073 -0.245587265664552
v -0.377481370269837 0.191647630066494 -0.241135074409489
v -0.377426766128262 0.259230723176005 -0.247276955161132
v -0.377422588278297 0.191599320749843 -0.265342238161064
v -0.377389388302748 0.19178230644268 -0.202524526483788
v -0.377385487914353 -0.260653181504421 -0.0903042595436884
v -0.377379687809506 0.191794435675256 -0.203558546938128
v -0.377301815891554 0.19189180460077 -0.211859274949341
v -0.377277180670056 0.191922607810838 -0.214485257184387
v -0.377254621497281 0.195938966763751 -0.388834948023976
v -0.377229160114756 0.25941541603491 -0.255624410854483
v -0.377193122183264 0.192027712253551 -0.22344544019067
v -0.377187976218943 -0.260838627010692 -0.0408927899673696
v -0.377041390813888 0.19220381359557 -0.214776572625947
v -0.376991406736586 0.192270938894871 -0.267088107405754
v -0.376776325178926 0.192548863877107 -0.267873761206805
v -0.376667575354161 0.1926848416964 -0.27946590816276
v -0.376608375370016 0.25993409228201 -0.256292169122802
v -0.376574054972626 0.19279034551189 -0.268582929795818
v -0.376377373804302 -0.261464454573828 -0.0411947473187106
v -0.376340220285391 -0.261494353619011 -0.0393848418992875
v -0.37622250825169 0.259728309702811 -0.0373722021114474
v -0.37621165471282 -0.189783588121532 -0.229588009265756
v -0.376129483071675 0.193291883583488 -0.216848042692261
v -0.37607233059328 -0.261709936052205 -0.0263347992716566
v -0.376018864822815 0.193416676138073 -0.203975383389921
v -0.375991649604998 0.193447378635989 -0.200808345126196
v -0.375975022826556 0.183510448037942 -0.29534344742301
v -0.375840739711191 0.193544266720724 -0.0494360013965795
v -0.37578791708577 0.260593582607049 -0.246370943662605
v -0.375754043605998 0.193595677716345 -0.280249983179356
v -0.375747073595056 0.26055502731869 -0.216233132837737
v -0.375628676773683 0.193856861766772 -0.158569151849407
v -0.375610045004205 -0.240392432370188 -0.393071071580304
v -0.375586297482511 -0.262101067938641 -0.00265806589687246
v -0.375583489825356 -0.190510967736985 -0.163525977087275
v -0.375493264599155 0.19400962526968 -0.142811220350161
v -0.375369390813485 0.194149371887614 -0.128396012589619
v -0.375254319053444 0.194279188613554 -0.115005097640164
v -0.375083696251983 0.194471674532327 -0.0951497011295306
v -0.37479984361299 0.194791899235854 -0.0621177344197477
v -0.374686818790173 0.179870798021796 -0.297939058005674
v -0.374677270969231 0.194930177987278 -0.0478539407042071
v -0.374578735120635 0.19504133993742 -0.0363873118150286
v -0.374468400363289 0.261995765702434 -0.372246973581976
v -0.374464115014411 0.195054173646884 -0.127207993365134
v -0.374414675221268 0.194937678540304 -0.275510977118702
v -0.374342391560809 -0.237495696900533 -0.393369217360894
v -0.374115164781989 -0.0151790062595071 -0.367782132675137
v -0.373315912361178 -0.19339705916063 -0.187790740144445
v -0.373155652066787 0.262440733469533 -0.102966276789029
v -0.373060028914404 -0.120785758855913 -0.297772114003477
v -0.373000914143252 0.177386554704489 -0.29802927342927
v -0.372989876326336 -0.193705481429519 -0.0290231544368455
v -0.372942502224748 0.262483889919663 -0.0471622655507296
v -0.371803555374357 0.176852302636991 -0.298075876971733
v -0.371778081076454 -0.195354355769884 -0.204246677079444
v -0.371703552909214 0.197819120073538 -0.118371740422383
v -0.37157842807633 0.197857290470433 -0.195909902642759
v -0.37090715401171 0.121853029629262 -0.372619232946751
v -0.370800953411915 -0.178322462972463 -0.29807347356084
v -0.370627582851304 -0.196700953585462 -0.0372900805006826
v -0.370618009556257 -0.196813918753633 -0.190870810730256
v -0.370567988778218 -0.19689451792925 -0.217195563438507
v -0.370462882137165 0.19912253015406 -0.060056556123862
v -0.370417144949013 -0.197076521477895 -0.203603481485222
v -0.370115348809145 -0.266504733306121 -0.207387401325265
v -0.370095896879369 -0.197393071892169 -0.0664434179284672
v -0.370042999185323 0.214650151242365 -0.391638143652672
v -0.369525561485828 -0.068803592034111 -0.297621201144681
v -0.369428744022146 0.183171767181205 -0.382088712686626
v -0.369313217767811 0.266067064925273 -0.279813084379093
v -0.369128165003136 0.0344305023759921 -0.36689336207404
v -0.369111626386258 -0.177039939565312 -0.298104621541774
v -0.369104491521715 0.200315139444894 -0.205891475526329
v -0.369052355208075 0.182691573091614 -0.381933611941398
v -0.36884030722983 -0.232036450912555 -0.394218892449828
v -0.368791429808812 -0.267570192144683 -0.164531617850429
v -0.368235911736314 0.266511430429542 -0.0917182726970268
v -0.368122581043443 -0.0418388476529528 -0.297842984273256
v -0.367481306556755 -0.091644036222258 -0.297765807779736
v -0.367039657862436 -0.020663927253349 -0.297951774460526
v -0.366798115826298 0.268053363643154 -0.234716591696243
v -0.366462734339956 -0.202056024099903 -0.164398591736653
v -0.366344600433941 0.268248348816377 -0.313652364244216
v -0.366278114745163 -0.269592862018721 -0.0896259118820215
v -0.365957369346929 -0.0554312066500337 -0.297640252885921
v -0.365797463176023 0.203806351832775 -0.0352922366069544
v -0.365783493585999 0.268854660330884 -0.216524126539949
v -0.365775154945259 0.203826691863335 -0.0370126217304637
v -0.365685528385485 -0.202948867824153 -0.0259749225759834
v -0.365561360924136 0.204021623365041 -0.0535001709819983
v -0.36552393804699 0.269059644004048 -0.211870221951619
v -0.365487688578965 -0.0204808516768011 -0.297970417158179
v -0.365415150345313 0.264972706215632 -0.384476295822109
v -0.365357562568142 0.0741213369136316 -0.297726323599413
v -0.365134677210527 -0.203677354782027 -0.0735713278428485
v -0.365134580806615 0.269202846425759 -0.292550730769817
v -0.365109604019076 0.204433522872083 -0.0883391444143852
v -0.364987422075886 -0.203949992448285 -0.204922992001545
v -0.364772272029629 -0.204216864746692 -0.196621372848737
v -0.364630753508335 0.20487012558277 -0.125267545585276
v -0.364615660830326 0.204883886671006 -0.126431475571253
v -0.364597642363976 0.204900315412491 -0.127821038992265
v -0.364140441086072 0.205317178948783 -0.163079876202567
v -0.364026302757104 0.205311594021971 -0.0350773114347376
v -0.363867996445298 -0.205422028330107 -0.288890457664354
v -0.363795821202236 -0.271590684365418 -0.0738155084718633
v -0.363793884495092 0.205633159706106 -0.189805922292226
v -0.363666612452681 -0.205626510849561 -0.212111008068141
v -0.363627836236212 -0.205665883683198 -0.197327228487451
v -0.363622413050424 -0.205671390311004 -0.195259590367612
v -0.36361269776184 0.270390780284661 -0.103574616550255
v -0.363607638668164 -0.205686392014311 -0.189626724898432
v -0.363583636974665 0.205824857606128 -0.206019969485157
v -0.363575072085776 0.270233286189872 -0.025158701252883
v -0.363558616017765 -0.0711529717210518 -0.297761373545046
v -0.363549140244928 -0.205745790503793 -0.167323677471702
v -0.363530756087436 -0.20576445752292 -0.160314552887487
v -0.363463013785967 0.270327169961204 -0.0253860240000029
v -0.363452774878476 0.205872220044244 -0.126341048499388
v -0.363400446157489 -0.205896772422626 -0.1106327258056
v -0.363314696013105 -0.205983841932667 -0.0779397157848677
v -0.363301510955063 0.270814803113274 -0.172021472509304
v -0.363289592500249 -0.206009331692251 -0.0683687768291856
v -0.363276904875379 -0.206022214530979 -0.0635315062918054
v -0.363217830814991 0.270538247085107 -0.0248112728288358
v -0.363192266241953 -0.206108155428173 -0.0312622697722477
v -0.36316942841336 -0.206131344643309 -0.0225551432195249
v -0.363106023957473 0.206260332004271 -0.242852936575402
v -0.362985152956271 -0.272243229115315 -0.115606920073189
v -0.362923151492501 0.206427070082494 -0.256955850946649
v -0.362910801989971 -0.272302840505463 -0.00254170550988467
v -0.362546295738887 0.271411233417293 -0.158480249027199
v -0.36247328912528 0.2068372422021 -0.291648719797776
v -0.36244023564228 0.206827183365133 -0.244048549924908
v -0.362421855859365 -0.272696365425319 -0.0027754192092492
v -0.362260861703862 -0.272825962611952 -0.0137701730478546
v -0.362201960972425 -0.272870605760619 -0.0136665876192249
v -0.361894705000404 -0.224865213902687 -0.392794512126783
v -0.361778380384495 -0.27321435075808 -0.0467202097841315
v -0.361599756556015 -0.207360185105599 -0.0341006565574701
v -0.361446791931852 0.207680114753124 -0.254708866522424
v -0.361411679528207 -0.273509537866968 -0.0717632657551897
v -0.361381528163564 0.0749976585657824 -0.366194767379309
v -0.361323072077153 -0.27358113438791 -0.210512722346215
v -0.361241503109312 -0.273646526598337 -0.0833851027655982
v -0.36118173006523 0.178965214469688 -0.379697300219088
v -0.361151970902057 0.207922196811477 -0.244099343522416
v -0.360912767171735 -0.207883782710712 -0.0629230606828559
v -0.360764022886293 -0.274030888958468 -0.115993600251024
v -0.360762350030853 0.272820102383656 -0.126493595428367
v -0.36070246244343 -0.274080443926336 -0.120197739919007
v -0.360400288773551 0.273043392294267 -0.0939864207659752
v -0.36022995960122 -0.192495047013234 -0.383523744667424
v -0.360149263422553 -0.208428575697599 -0.156996086214362
v -0.360095249288288 -0.274569238791885 -0.161666072402698
v -0.36009485737662 0.208790208901147 -0.20605772122178
v -0.359774191289175 0.0653560973212582 -0.297729962422055
v -0.359732753004166 0.273633225390835 -0.108032628095813
v -0.359559850735272 0.209229511040007 -0.186804802695321
v -0.359556043068453 0.209201004614089 -0.251882651785567
v -0.359552545290683 -0.190650504478631 -0.298372338249554
v -0.359523804212336 -0.208913111324316 -0.170143986220239
v -0.359342172390109 -0.275175451154176 -0.213095859348252
v -0.359300005399024 -0.0197747261154076 -0.297781498485135
v -0.35902621982867 -0.275326407774729 -0.0807282592985601
v -0.359024376676098 0.0819401445500199 -0.366213940540844
v -0.358951784565839 0.209728803475196 -0.164922740840334
v -0.358947641113042 0.0842670735416729 -0.366396915291041
v -0.358934863111042 0.274263357969385 -0.093726235526562
v -0.358731582312857 -0.209524452499998 -0.190780946822671
v -0.358639707987562 -0.179967483461745 -0.298345382049649
v -0.358583345228283 0.209945416769496 -0.0444715941877152
v -0.358551583160527 0.274516501274296 -0.0212416800678815
v -0.358443420392539 -0.0930369066888756 -0.369298048856238
v -0.358357359786678 -0.221067602929289 -0.390771539797198
v -0.358092699479149 0.210434211383958 -0.134007432686952
v -0.358042739493839 0.197398818054701 -0.381981826482807
v -0.357890998726794 0.210599830957757 -0.126748965498515
v -0.357735685460329 0.121869444004177 -0.370061938040404
v -0.35767051601806 0.210780872683303 -0.118814604876266
v -0.35766138210084 0.123630919483425 -0.370230219595136
v -0.357630462174764 0.275240667991863 -0.374059026100221
v -0.357506518766845 0.210912772263355 -0.118605205818942
v -0.357333702456494 0.131902886837749 -0.371539304931148
v -0.357254794929309 0.272413991250137 -0.38257834002798
v -0.357208545318775 -0.276655520159461 -0.00519918015999286
v -0.357079804170282 -0.276996613888328 -0.367599490809225
v -0.356928385901662 0.275847970919925 -0.0577495288580822
v -0.356782061503253 0.0675915349738364 -0.364413563719009
v -0.356739930111231 -0.211062148411057 -0.24135998704095
v -0.35667625646604 0.211597274413728 -0.0830348655799746
v -0.356670326624785 0.0572845607480266 -0.297719766494698
v -0.35666675476274 -0.0697419760740646 -0.366595838067279
v -0.35648311750338 -0.180520085758808 -0.298347716512032
v -0.356425002912904 0.27593922181746 -0.212154630591526
v -0.356404615208149 0.0307296589427938 -0.297754633984241
v -0.356395073801023 -0.0195949354463838 -0.29769130909963
v -0.356253264611275 0.269052492974626 -0.386396006760823
v -0.3559710541729 0.276604022495426 -0.0405842988574273
v -0.35581723331167 -0.211812475768952 -0.201382439766519
v -0.355687421925799 0.276250989508046 -0.343387057324132
v -0.355620632797414 0.276844985172376 -0.0190214213051092
v -0.355614242895014 0.138898326706186 -0.37235403812631
v -0.355585634078331 0.276861622018776 -0.0586371101764806
v -0.355558399547686 0.102967538655525 -0.297901657260674
v -0.3554660556935 0.276435341755832 -0.344020234811202
v -0.355434083935968 0.212617241283523 -0.0383336512977342
v -0.3553300559186 0.212702660280223 -0.0345900661006946
v -0.355269081368743 -0.278270897804454 -0.21828209848557
v -0.35522502887608 0.112245260431222 -0.29793931234766
v -0.355174484059164 -0.2122885536892 -0.251415287593075
v -0.355023170110484 -0.212385549475261 -0.288398690843554
v -0.354856021317041 -0.251107310175648 -0.394320313388981
v -0.354851710719099 0.277352147318775 -0.0930135739715617
v -0.354798692482817 0.264223785037049 -0.391699056515544
v -0.354674158136392 -0.0500775363302521 -0.364202313093723
v -0.354611810272416 0.263742082385474 -0.391752650755669
v -0.354561018012939 -0.278769192598738 -0.159893164630734
v -0.354554243952852 0.0640232715466832 -0.363733548037445
v -0.354404197334153 0.277651247537677 -0.113974792172241
v -0.354234700169456 -0.278998836572483 -0.132984059926187
v -0.354150867320998 0.277820563283168 -0.125840595209959
v -0.354042727423849 -0.279133936092881 -0.117153437068307
v -0.35383466876458 0.213802696041065 -0.244352612490404
v -0.353834227160115 0.213807416012861 -0.235353529823752
v -0.353543421639009 -0.279485319159526 -0.0759792508808958
v -0.353485109692866 -0.0411293568182343 -0.363558630898161
v -0.353428664987344 0.214230784603137 -0.0344813458338948
v -0.353409564485333 -0.279579520225445 -0.0649410063114833
v -0.353393459945345 -0.213742718560407 -0.164464059754115
v -0.353310089083952 0.066549564074336 -0.363463799216597
v -0.353286152201454 0.278398504614632 -0.166343254821666
v -0.35327101362855 -0.213790429830928 -0.245833997834814
v -0.353226996507851 -0.279708001203928 -0.049885927590357
v -0.353197897048277 0.156383612027822 -0.298121387567976
v -0.353166355817021 0.278478571772427 -0.171954434818119
v -0.353042790811786 0.26002577747833 -0.392176992494299
v -0.352685927576246 -0.280088774802446 -0.00526783261412799
v -0.352606711118235 0.278817341259333 -0.216989524940955
v -0.352446866528348 -0.210000853742595 -0.291699796372302
v -0.352213348978944 0.279115523791011 -0.216592617611383
v -0.352199006471423 0.279125109754879 -0.217264410768392
v -0.352014125588046 -0.209599300866734 -0.292099670926734
v -0.350543320745034 0.167305179432691 -0.298180753861615
v -0.350308114051706 -0.212486366760706 -0.386706065268202
v -0.350018188323649 0.280628412191929 -0.0623167147684529
v -0.34982371346256 0.208487190647756 -0.29834284371948
v -0.34970268117495 0.280793554694726 -0.334190565380472
v -0.349627287754918 0.280865069764718 -0.218955835616605
v -0.349624108430499 0.280868085539943 -0.214096411676807
v -0.349596521857642 0.280894253018324 -0.171931839928009
v -0.34959486478983 0.280895824844094 -0.169399102172417
v -0.34956608926386 0.280923120114064 -0.125417280449166
v -0.349562033927396 0.280926966837969 -0.119218919884432
v -0.349544293734183 0.280943794449168 -0.0921040022960297
v -0.349524888300387 0.280962201638489 -0.0624438553176844
v -0.349493502582612 0.280991972828103 -0.0144724978074362
v -0.348869362627143 -0.065624210601779 -0.298056862527301
v -0.348473805932333 0.0301317300105361 -0.297775726963217
v -0.34842681088706 -0.201021922135484 -0.298092767182791
v -0.347466983157198 0.219001134089106 -0.0773936956423081
v -0.347373370544293 0.172448986633896 -0.376027013355664
v -0.347164516676752 -0.28391447111392 -0.146606186512129
v -0.347102275860769 -0.275578258587097 -0.387696348053605
v -0.347042356532644 0.0322859111945506 -0.297776621867364
v -0.347041358366127 0.163877329679766 -0.298190942413407
v -0.346977340068223 0.0214309382967022 -0.297798174128385
v -0.346561245852457 0.244534356696776 -0.394792996820855
v -0.346552817151281 0.282936172383932 -0.171912638716074
v -0.346481875880261 0.0264375275728653 -0.297831914280983
v -0.346415143006866 0.219788651311511 -0.196564108233105
v -0.346273740760287 0.283116315830926 -0.210877229446394
v -0.346179156701117 -0.219447496438064 -0.122337834873766
v -0.346160041960346 0.283190711123136 -0.221231985474293
v -0.346141055390734 0.0299568676829546 -0.297807443599498
v -0.345834146762575 0.283411230832032 -0.210840676478805
v -0.345821558987645 -0.204132476501726 -0.383482908610164
v -0.345782702371464 0.0324376948595793 -0.361083731469102
v -0.345644467708289 -0.21987524893707 -0.110955777542889
v -0.345206414928013 0.0295861727597031 -0.29782261949236
v -0.344869936565883 -0.0188185503578124 -0.297938758974735
v -0.344794737197628 -0.220608076602571 -0.00421940490472027
v -0.344657297430999 0.284207555766512 -0.17331632776435
v -0.344542278380077 0.284285384368468 -0.169648895698237
v -0.344310857888935 0.239628621840957 -0.39277651954335
v -0.34427570788165 0.284472341710772 -0.12493130890322
v -0.344241676524372 -0.221036286824111 -0.0162450785279755
v -0.344122815315667 0.0322611826828674 -0.297814722873235
v -0.343887538028859 0.221815326613976 -0.206169947589085
v -0.343459049031295 0.028884939466454 -0.297760378753671
v -0.343172987535347 0.285211926460949 -0.125988466303802
v -0.343081426178839 -0.221934616937838 -0.0414733991288681
v -0.342750820865608 -0.0122404588287262 -0.359736426079117
v -0.34260605548659 -0.222302675270829 -0.0518097927136538
v -0.342372885209606 -0.0108617165894672 -0.359587994294876
v -0.342255945725019 0.223193900248183 -0.0673649920378985
v -0.342196732000992 0.223262656796845 -0.0237230371565506
v -0.342124956980872 -0.0630636005611178 -0.298053185080042
v -0.342112989203583 0.159037637873623 -0.29805782583124
v -0.342070175603319 0.285958153370337 -0.0908248320189646
v -0.341994885274558 0.223403990928688 -0.0667735713548517
v -0.341991292035157 0.22340650693368 -0.0675399492815471
v -0.341980173467344 0.223414292212921 -0.069911354021752
v -0.341932087891646 0.223447961984115 -0.0801672038815908
v -0.341917652245005 0.223458069899273 -0.083246086112659
v -0.341869470295197 0.0348421465421926 -0.297768866032825
v -0.341708332184587 0.223604636898596 -0.127890557581617
v -0.341629692907984 -0.287762763642157 -0.155914184647689
v -0.341571349105728 0.223700553165705 -0.157106759524478
v -0.341506624859751 0.223745873420712 -0.170911359748155
v -0.341490220514915 0.223757359828625 -0.174410132410117
v -0.341480081500407 0.286358805873373 -0.0645216926671982
v -0.341454793747616 0.223782165836078 -0.181966069947847
v -0.341340881302266 0.223861927925135 -0.206261691238224
v -0.341325757286717 0.223872517839796 -0.209487391055668
v -0.341307243041026 0.0354829397894003 -0.297778294649553
v -0.341256709200161 0.286508592209716 -0.0648871047665421
v -0.34119479591599 0.223964217675427 -0.23741926326737
v -0.341099138994205 0.224031197151558 -0.257821286403356
v -0.340987658371665 0.224109256465585 -0.281598240520388
v -0.340881017898252 0.02786414086792 -0.29782096570682
v -0.34080811608141 -0.288344342042754 -0.0543387376160227
v -0.340781851574539 0.224309747528039 -0.0807195673740525
v -0.340676442516728 0.231543496685506 -0.390523573320672
v -0.340186076825125 0.0359971017628311 -0.29780044400988
v -0.340146782373541 0.287263622576083 -0.00754026334723222
v -0.339900486538095 -0.224397476682052 -0.110639304036964
v -0.339824229368736 -0.184374150513931 -0.29797629408367
v -0.339753888108403 -0.00170741496991012 -0.359077652659152
v -0.339704659664188 0.0402905849995009 -0.359697958180312
v -0.339678320752447 -0.224569489744798 -0.115470045685491
v -0.33953823782574 0.043578822648169 -0.297781313243079
v -0.339496884453371 -0.224709967781983 -0.11941517109688
v -0.339478878856989 0.287711575967754 -0.00820021719103482
v -0.339392471643381 -0.224747108053932 0.00108262928503387
v -0.339028420573639 0.0384476048307585 -0.359502637885371
v -0.338775104047828 0.288225327645328 -0.177689949456405
v -0.338485297547156 0.226973327025073 -0.38728347677568
v -0.338411002916627 -0.290016335839369 -0.0055154802179296
v -0.33795621518261 0.226408366645914 -0.162031037801081
v -0.337954325972132 0.226407467086229 -0.172081807476674
v -0.337477643541031 -0.226273375994189 -0.163321261970328
v -0.337282333714892 -0.290796941590341 -0.0486460343438359
v -0.33724589392568 -0.226432216978903 -0.110511851807084
v -0.33699891249133 -0.290992960261463 -0.0594765898374127
v -0.336976441132132 -0.226661434673697 -0.174219336774889
v -0.336926938537358 -0.291042738604227 -0.0622269763215079
v -0.336886324344662 0.227199853731573 -0.206397910965514
v -0.336841835427726 0.227276431838942 -0.0186806686372537
v -0.336533403265738 0.0316481910145551 -0.358782798978078
v -0.336422301323382 0.222532589114108 -0.385085507289353
v -0.336280291793259 -0.227175039410776 -0.118022830497433
v -0.336101688762549 -0.238403893906256 -0.39106439650701
v -0.335939158416176 0.160827942159795 -0.372012851909003
v -0.335699423501834 -0.291879757446569 -0.0612213059515908
v -0.335567057042617 -0.291966217885694 -0.0458863551828794
v -0.335406474192253 -0.292094316170189 -0.1203294474727
v -0.335396170745938 -0.227884967578654 -0.208580514164289
v -0.335307980676784 0.228413531039889 -0.0719576794293155
v -0.335237511413038 -0.185096857085988 -0.378052543144728
v -0.334856038414377 -0.228227108074882 -0.00665637556121559
v -0.334782123174709 -0.292526127363558 -0.144188170041139
v -0.334455903671939 -0.292751746012096 -0.156654203401086
v -0.334063864421835 -0.0683683663894241 -0.361302935747687
v -0.333706498730224 -0.0118912212433946 -0.357435430995969
v -0.333573332600192 0.229668769252752 -0.265552875072025
v -0.333225959709327 -0.011795635895606 -0.35731022340937
v -0.332362955559321 -0.230151991599852 -0.0456975975901988
v -0.332331537366603 0.295141072860914 -0.376781626687907
v -0.332097956046992 -0.29438254046781 -0.24675995582835
v -0.331789981814717 -0.294592698815462 -0.247135733451486
v -0.331787971985481 0.218807447292781 -0.3824275039914
v -0.331784754155238 -0.230681126432753 -0.287106649428365
v -0.331745106780142 -0.230654527766799 -0.127012250152964
v -0.331441848490602 -0.294798696217434 -0.12100333259839
v -0.330679780947772 0.231846854626954 -0.222815132893126
v -0.330675621347091 0.231847916095697 -0.23173830209699
v -0.330464583058778 0.25815906630321 -0.00492915815992248
v -0.330441651755307 -0.231608012306051 0.00118238660953531
v -0.33043675041825 0.232050657385819 -0.128648773457827
v -0.32978436964099 0.232559917920093 -0.0400515197939969
v -0.32956239966651 0.232670805299441 -0.280738159680715
v -0.329414853295353 0.232781948345143 -0.27821450656982
v -0.32882500424093 -0.2966461665139 -0.371831345041324
v -0.328720884421444 -0.296687062143121 -0.251056285622763
v -0.328640018636297 -0.296718824176347 -0.15725502804852
v -0.328624179315544 -0.233076643610203 -0.210944370250736
v -0.328619718804847 -0.296726797436235 -0.133707990014137
v -0.328611022507605 0.230794299856614 -0.288896138975711
v -0.328608747232912 -0.296731106791937 -0.120981380815941
v -0.328605944850405 -0.296732207496841 -0.117730722915511
v -0.328559777935372 -0.296750340692315 -0.0641788445722006
v -0.328554420762612 -0.296752444854155 -0.0579647264368111
v -0.328513519760162 -0.296768509732477 -0.0105211078680241
v -0.32850935639832 -0.296770144995609 -0.0056917653246423
v -0.32849314714664 -0.219604097889727 -0.297591867607606
v -0.328392877353776 -0.233198511957459 -0.0552347471153856
v -0.327997292701751 0.295580203916289 -0.150948262308398
v -0.327919615416272 -0.23355508158366 -0.0378376713849682
v -0.327433359582337 -0.297217315238034 -0.00572068816640317
v -0.327205465302438 -0.234131590357403 -0.119591031276235
v -0.327053543947863 0.296212421959003 -0.0882476676184462
v -0.326945333963924 0.296273095177406 -0.0206377610795684
v -0.326897372545884 0.296319055101539 -0.0881688106054506
v -0.326897192623337 0.296319227515678 -0.0884221467012901
v -0.326868973029654 -0.0651528250431444 -0.359344180808375
v -0.326859353007431 0.296355488033973 -0.141701409079664
v -0.326853063418981 0.296361515149513 -0.150557329661339
v -0.326834741720482 0.296379072259111 -0.17635480561725
v -0.326827249033528 0.296386252266251 -0.18690472333188
v -0.326811359002478 0.296401479185124 -0.209278341911939
v -0.326793804519828 0.296418301095813 -0.233995555991183
v -0.326787115445856 0.227912041302556 -0.297797678544572
v -0.326782806499712 -0.234472288527391 -0.166571698321519
v -0.32672548236646 0.296483772074649 -0.330195103698579
v -0.326615703029738 -0.234598942459994 -0.162544905166092
v -0.326251882321011 0.145183444386237 -0.297632568086293
v -0.326190422130338 0.235222594442856 -0.172004284362518
v -0.326138946638252 -0.165852080317159 -0.297758826091823
v -0.326111248659907 -0.29776921075046 -0.130004437010507
v -0.326040476268596 0.282506244463231 -0.392726561621927
v -0.325998925175599 0.296703768828861 -0.142443247577797
v -0.32563470629249 0.027059316703607 -0.356016469322345
v -0.325584197528908 -0.235380758829232 -0.137688094645165
v -0.325537673066572 0.172421314178527 -0.371832479446327
v -0.324972229222808 -0.298245032794436 -0.255145912268287
v -0.32483262484051 -0.235950403712355 -0.119576994032343
v -0.324780452606356 -0.235992836928707 -0.212280957364303
v -0.324713389321438 -0.236040776745295 -0.116703703775979
v -0.324683756931559 -0.298364916853796 -0.255089478288257
v -0.324507825353916 -0.0174918755938341 -0.297944049066127
v -0.32428783572672 0.236659981905744 -0.121159712555376
v -0.32378267233604 -0.236746201751488 -0.094275654932764
v -0.323749398021473 -0.298750413622204 -0.112197032470358
v -0.323699738190086 0.237077190052405 -0.223065410712413
v -0.323172404576543 -0.168332430105973 -0.372828434307001
v -0.322554711636601 0.237982722473397 -0.0167569794812962
v -0.32193366879033 -0.238147630282553 -0.0497191007008726
v -0.321927671072033 -0.238152176176238 -0.0495745700637181
v -0.321894581953396 0.238474635226433 -0.0286769346436166
v -0.32181364256613 -0.238238688432025 -0.0496167692612461
v -0.321745089611862 -0.0547088590514394 -0.298040492827932
v -0.321241132500051 -0.299793716311969 -0.158041808192668
v -0.321156327968042 0.221947071656692 -0.297644791314977
v -0.320947075689238 -0.238895405874238 -0.025944571379069
v -0.320834693351782 -0.238984856614731 -0.162132418694195
v -0.320739099125796 0.239308914552559 -0.165705880403255
v -0.320564290616594 0.298939219067262 -0.237735258337793
v -0.320560028587539 0.298857803275857 -0.0263662447664504
v -0.32002326943581 -0.239595592979738 -0.00368305461447938
v -0.319966174294323 -0.300322864823455 -0.122100704015658
v -0.319922298029635 -0.300341074879318 -0.120863831000568
v -0.319888859724015 -0.270025782407857 -0.394738647049255
v -0.319503121256153 -0.158194118739713 -0.297648030799081
v -0.319380911174531 -0.300565767772959 -0.105602121815161
v -0.319274906574126 0.240426754273136 -0.0759803870638825
v -0.319194080872811 0.0520613339121665 -0.354798923053711
v -0.318985956482332 -0.300716293344899 -0.120850857952939
v -0.318757484420191 -0.157594626587375 -0.297634526391942
v -0.318688315729203 0.240863867653693 -0.0865724521504835
v -0.318603668007364 0.240917872516529 -0.12748671798439
v -0.31849233366735 0.143057250568778 -0.365521745897735
v -0.318298952657342 -0.0544960822109321 -0.298041418221451
v -0.318064628449844 -0.301112067284059 -0.0684960783999183
v -0.317786462937039 -0.0277844736303373 -0.297973262466692
v -0.317557748116957 -0.301322438865217 -0.0542071089515782
v -0.316898663699247 0.300386413703612 -0.147936822662109
v -0.316621416995668 -0.160578794798881 -0.370255993995201
v -0.316545947370505 0.219407549627848 -0.29752390692519
v -0.316361589960304 -0.242380375167771 -0.222993388614991
v -0.316296337573674 0.242646312209097 -0.12976437805313
v -0.316265007948815 -0.301858967460928 -0.0177647308028192
v -0.316178210064248 0.205252236821859 -0.377229191318539
v -0.315838103860341 -0.302036146337811 -0.0057302937142308
v -0.315357697095016 -0.297249582713483 -0.385876675167141
v -0.315284161619334 0.301076584085665 -0.242526463204918
v -0.315136276643571 0.204346355792779 -0.376886257684227
v -0.314431778580924 0.244035736697433 -0.163432701348564
v -0.31442220442798 0.244027736134236 -0.229309420886834
v -0.314026865502849 0.238671700748847 -0.297495704968135
v -0.313453794420123 -0.0149184972007615 -0.297942177323607
v -0.313419804600262 0.244789835353339 -0.181705905511036
v -0.313249029104123 0.244920240984974 -0.132769294425293
v -0.313230750141057 0.0482958410512197 -0.297780461149722
v -0.312900497902824 -0.245004280704168 -0.159591048929692
v -0.312686023878618 0.245347493711565 -0.0154432706255383
v -0.312620384833591 0.245392076966547 -0.0881745942467682
v -0.311791631028153 0.246003111115139 -0.211105819603328
v -0.311420231275182 -0.246124861923417 -0.0794456210097422
v -0.31134391040923 0.0630810771472192 -0.353022037475156
v -0.310837448920159 0.302893930957498 -0.246565653751885
v -0.310722815626816 0.302907614359516 -0.207575340793139
v -0.310579053322393 0.216136980615148 -0.297530201647945
v -0.310572131722025 0.246911852649212 -0.233126306515734
v -0.310448060106208 -0.246860233781371 -0.00813270139328198
v -0.310066289877277 0.135510415079113 -0.36255903687742
v -0.309719169761305 0.303246334331641 -0.036751046236703
v -0.309595669407732 0.303360077043467 -0.198938630150315
v -0.309497634368314 -0.0573956885184878 -0.354662451884925
v -0.308596919539953 -0.0497897840658725 -0.353669176680889
v -0.308507311504363 0.0566451801370556 -0.352223135519401
v -0.308462484737816 -0.248371064185425 -0.151755644024254
v -0.308025164942487 0.248809790997222 -0.279116860469581
v -0.307967122276387 0.248855733223438 -0.235707019649635
v -0.307964555706611 -0.0475885884936074 -0.353298835215572
v -0.307929050699004 0.24888586783196 -0.20723346347086
v -0.307900519153994 0.248908451265548 -0.185894853264714
v -0.30786732972519 0.248934721531002 -0.161072633368904
v -0.307834610350945 0.24896061973648 -0.136601965097986
v -0.307822630018521 -0.248860751960426 -0.289736985582236
v -0.307768729202375 0.249012766318199 -0.0873297595879905
v -0.307757422337727 0.2490217159852 -0.0788734079496882
v -0.307679767277894 0.249083181913031 -0.0207955488043771
v -0.307540570037678 -0.249073052988354 -0.234732112852522
v -0.307158269821735 -0.249360802879633 -0.160179265405948
v -0.307104243841367 -0.249401467177817 -0.149643590811689
v -0.307073954820047 0.304370851051917 -0.175800490182634
v -0.306949506978749 -0.249517934586253 -0.119468160006192
v -0.306891068407507 0.0143376437327898 -0.297870089159176
v -0.306839978173832 0.249504660400736 -0.0791228350264397
v -0.30682911424568 -0.24960855184046 -0.0959902212348566
v -0.306780111820919 -0.235665614753269 -0.383372257968584
v -0.306723411901115 -0.249688111926717 -0.0753770736600983
v -0.306698216611626 -0.249707075928066 -0.0704637084689205
v -0.306599109127687 0.304562965971249 -0.175977612649352
v -0.306462180649706 -0.249884735577599 -0.0244340377360861
v -0.306415880553087 0.239496325923982 -0.382858197978455
v -0.306378905946926 -0.249947414816772 -0.00819453288214002
v -0.306308916767443 0.130523611560326 -0.360968265958507
v -0.305711468794279 0.127281795503427 -0.297664166871081
v -0.305314557537134 0.134870216189592 -0.361489502206904
v -0.304999888130668 0.305204930440712 -0.163723648814559
v -0.304936824657902 0.128707455932623 -0.360513301828538
v -0.304364740304283 0.0584067545733862 -0.351090297474631
v -0.304265928568079 -0.251030042679069 -0.0735678978963247
v -0.303810080134446 -0.25133524458358 -0.0203135662569945
v -0.303668649619296 0.127024508226232 -0.359981031587627
v -0.30321605940856 0.305934609481188 -0.166096160577962
v -0.303198533441212 0.130941097154633 -0.360407275829355
v -0.302774712142438 0.30608456366731 -0.112087011851408
v -0.302501802203696 -0.0286487342631917 -0.350184941086206
v -0.302413486600484 -0.0534946087207424 -0.297706140939177
v -0.302242047034126 0.058244401386463 -0.350506587466124
v -0.302146999549749 0.134465056281652 -0.360957226870435
v -0.302102938505159 0.251996127692668 -0.086392479141524
v -0.302046156566735 -0.307484511655691 -0.1600862130796
v -0.302007371015563 0.252005470874769 -0.202016539757641
v -0.301844347746404 -0.307621806648244 -0.0489366008797577
v -0.301728816944012 -0.307676021607576 -0.0333368663141816
v -0.30127409343838 -0.252730824432672 -0.00830920721379338
v -0.301232254889412 -0.25259145548243 -0.160800693883546
v -0.301168519539161 0.00204164154882538 -0.297904004652183
v -0.300882958934936 0.306857561485376 -0.132177851473884
v -0.300854893137191 -0.307938021793345 -0.207075256383715
v -0.300618585826437 -0.253002577210535 -0.0888692858046546
v -0.300532606305219 -0.0567161389283364 -0.35259258799007
v -0.300099190258909 0.13419832946181 -0.360573025512215
v -0.299751491235769 -0.308446706273903 -0.0760262912510279
v -0.299441103060039 0.253360205434843 -0.191860824719248
v -0.299096486076231 0.00888023428842135 -0.297887383618038
v -0.299013571402156 0.307683045680866 -0.206339326262723
v -0.298973925210669 0.307591467436959 -0.0351157017637343
v -0.298739244658864 -0.254113030531937 -0.00829606319921005
v -0.298695158575516 -0.254133934669805 -0.0112436823012521
v -0.298588048265917 0.307778791954989 -0.114593194697456
v -0.298499534881652 0.253913313935623 -0.029952348595214
v -0.2984684051569 -0.0153444514216204 -0.348654883884799
v -0.298419298677949 0.117724123932324 -0.297680171653585
v -0.297893103636503 0.254232629186823 -0.0298670563159235
v -0.297801431793964 -0.25455770984871 -0.0709987327228788
v -0.297722611774056 -0.254595083651003 -0.0762686813929342
v -0.29760346989945 -0.25465157672055 -0.0842345708250885
v -0.297501725506424 0.194701579771313 -0.372258947713707
v -0.29739864059763 -0.140393672703438 -0.297863180568423
v -0.297338622938028 -0.232235893591983 -0.381599336728536
v -0.29719155489666 0.00754683609445239 -0.297841303826163
v -0.297186535973902 -0.238023780968384 -0.297976605427412
v -0.297078080847928 -0.254900698537081 -0.119362363695015
v -0.296838444401023 -0.255014326079923 -0.135384584650286
v -0.296837894920585 0.126325487792879 -0.297667687194369
v -0.296771395883422 0.308531325725992 -0.128122590098399
v -0.296656551286686 0.254864563049249 -0.0837915303100887
v -0.296465020530329 -0.255191391119124 -0.160351904285947
v -0.29646241160406 0.254963777158147 -0.0922577147531247
v -0.29628206703495 -0.309872649214199 -0.00575997421204445
v -0.296170131895902 -0.13640952029664 -0.362689757709545
v -0.296106669673131 0.310381629550098 -0.37994330069272
v -0.296041253331967 -0.30988560260604 -0.170331105130742
v -0.295680799924235 -0.224856092567869 -0.379740642040971
v -0.295352642067527 0.11661795280557 -0.29768254771734
v -0.295260791509607 0.255577859067067 -0.144658837555359
v -0.295159698906686 -0.307823226359048 -0.378378678213201
v -0.295133451714747 -0.25582277626355 -0.249381307183341
v -0.294978091583927 -0.310395507430699 -0.00511456062134331
v -0.294972424512054 0.255725227571592 -0.157234155262382
v -0.294959785281861 0.255669941298653 -0.0937792804949581
v -0.29494814638899 -0.310406718610553 -0.00666776094006073
v -0.294883928040587 -0.00408858170138761 -0.347937240825007
v -0.294573078542469 -0.0035566053066109 -0.297740495280104
v -0.294560388392349 -0.256094503615785 -0.28769662729176
v -0.294471109239884 -0.309202787583205 -0.376762768379396
v -0.294339062252843 -0.310634753586143 -0.0382597968704479
v -0.294265693324695 -0.31066222217504 -0.0420653036578711
v -0.294186200062049 0.256127023624544 -0.191520402758624
v -0.294147464971319 0.288322775222361 -0.394995720675282
v -0.294122190929243 -0.256112116938272 -0.0697306452429984
v -0.294088774037161 0.256176812704818 -0.19576902769244
v -0.293963117855317 0.256241028664897 -0.201248733837587
v -0.293955997469126 0.126022743546678 -0.29773439121871
v -0.29384686716056 0.0204035018335603 -0.297821820827757
v -0.293720402359242 -0.256241130313426 -0.0166268514260699
v -0.293718262171704 -0.310867174893723 -0.0704595165889369
v -0.293606151235268 -0.310909148100931 -0.0762744976759376
v -0.293485148263149 -0.256387792927052 -0.0780121264522155
v -0.293363082131387 -0.214524073097106 -0.377152394525497
v -0.293322034874324 0.00441168186782246 -0.297745976982124
v -0.293293022843308 -0.241888380483804 -0.383378939658313
v -0.293205574360355 -0.137465267242396 -0.297908578491206
v -0.293194066868271 0.10250961816991 -0.297704145087961
v -0.293129568915308 0.309969952405557 -0.0727678255458374
v -0.29312384470526 -0.310983525861465 -0.310473132272722
v -0.292904952665046 -0.256766743444499 -0.251824937457387
v -0.29284809105078 0.256810857508297 -0.249873633489396
v -0.29279343232085 -0.311213421889744 -0.11842868233098
v -0.292552864796938 0.310243760390996 -0.118215658240968
v -0.292239713687319 0.0113053229553672 -0.297750719392312
v -0.292081626199241 0.257202555517781 -0.283298190048092
v -0.292077830583059 -0.256929115587522 -0.00829937015882845
v -0.292008107670619 -0.311507439541523 -0.159161978594495
v -0.291980874996428 -0.311458112907351 -0.277823383050597
v -0.291963600533334 -0.311524102566156 -0.161470479172395
v -0.291842757078141 -0.31157475886482 -0.0398987991273517
v -0.291593552307129 0.310715284017538 -0.212746453624454
v -0.291489234419362 0.257449339514153 -0.251128230693156
v -0.291348259075927 -0.31248678515943 -0.371202445137622
v -0.291248875374156 -0.13251983764437 -0.361150428494139
v -0.290838002922699 -0.311948089671893 -0.159054647839856
v -0.290787710236242 0.311100228768795 -0.279017641691334
v -0.290564450516075 0.257834594467353 -0.200907647640971
v -0.290563497970414 -0.312048286886207 -0.234091136728492
v -0.29051687896319 0.257854412260802 -0.198324264523998
v -0.290388270707469 0.257907989066543 -0.191340166331276
v -0.290373871188423 0.00243464786343912 -0.346919283268323
v -0.29028786016812 -0.312151482907557 -0.248387945390971
v -0.290255138766035 -0.312163733471449 -0.250085142295307
v -0.290147377007924 -0.31220438811252 -0.248360757655747
v -0.289891573136674 0.31126340898478 -0.0318125249846191
v -0.289850935325247 -0.0527275711265503 -0.297851254196779
v -0.289793206062137 -0.0527240526698126 -0.297852025398606
v -0.289755957559224 0.258170271856296 -0.191320456011956
v -0.289733080805449 0.258180934080122 -0.15575994183512
v -0.289702402980251 -0.312379649342765 -0.0667681813761589
v -0.289689210830905 -0.312384207929346 -0.0764356998284252
v -0.289593723082637 0.258238988997372 -0.148192091586491
v -0.289280365017704 0.0135335135292382 -0.297782576532862
v -0.289198538068195 -0.312549497769241 -0.324225630311717
v -0.28911818780089 0.311574061461117 -0.0315313518306181
v -0.28906794648064 0.25842001843551 -0.0802449419244988
v -0.289049400720298 -0.312618308401762 -0.238034258229558
v -0.289030687575089 0.311615338621639 -0.0413603191412868
v -0.288857776733729 -0.0276405289613151 -0.297834283036867
v -0.288834173723829 -0.31269572849395 -0.323787896980668
v -0.28866436482625 0.258626149576506 -0.0977230973336371
v -0.288594300212997 -0.312789277068875 -0.247858011435657
v -0.288426913512485 0.0596137655192812 -0.297769387901664
v -0.2884210264292 0.0356277326976159 -0.297767451746418
v -0.288353423012954 0.311916405843477 -0.0705867510044877
v -0.288334902989425 0.258763399807697 -0.0798316034613969
v -0.288313211162361 -0.312898899344476 -0.158881703177834
v -0.288299215697915 -0.312904357453417 -0.154451559933306
v -0.288275899739404 0.0107425739328287 -0.346525144732267
v -0.288217962277308 -0.313026418108296 -0.327674644936718
v -0.288184077647334 -0.312949260287891 -0.118005605679567
v -0.288051516390066 -0.313000958020852 -0.0760444860165047
v -0.287958089753616 0.312062209519458 -0.031108481121065
v -0.287943056441027 -0.31304325645403 -0.0417124270568922
v -0.287927910058681 -0.313049163410904 -0.0369179707035484
v -0.287875222010526 -0.313069711289673 -0.0202400246808425
v -0.287847607743825 -0.31308048061259 -0.0114989673511939
v -0.287816286578985 -0.313092695593418 -0.00158452347107126
v -0.287766989020484 -8.73893226008892e-05 -0.297815643584044
v -0.287386567478148 0.259158466105581 -0.0283320454174651
v -0.287317741471207 0.259181333666626 -0.200566855564828
v -0.287316207086891 0.312377483736467 -0.115346394850202
v -0.287209220589638 0.014001760449237 -0.297806112400088
v -0.287163689264973 0.312445283115754 -0.121928094202904
v -0.287022508074608 -0.0122207623068742 -0.345869242560616
v -0.28685861548107 -0.313567770991079 -0.00110281332714921
v -0.286605888365636 0.0594496279566111 -0.297770062334156
v -0.28657432546317 -0.313902211207995 -0.333467914869357
v -0.286432432114026 0.188593493698216 -0.369466889430488
v -0.286409631181147 -0.313794394435509 -0.0124783822305751
v -0.286338924900382 -0.313908238547039 -0.247108503289455
v -0.286121735096193 0.00585503704389825 -0.345918444100913
v -0.286115454121865 0.188190867013411 -0.369341707075744
v -0.286095294840181 0.0421393635311797 -0.297787077562967
v -0.286085576123089 -0.0393195834033432 -0.297885632264552
v -0.285991759353896 0.312966245974647 -0.172501137012867
v -0.28573112167499 0.313082108321921 -0.183748601872858
v -0.285660198729179 -0.259764341994311 -0.387422713450386
v -0.285655832691667 0.0532401137476622 -0.297779568004613
v -0.285655454611076 -0.314401586772702 -0.34383763815976
v -0.28558924985559 -0.016659438821735 -0.345447711707182
v -0.28544228582 0.31321050572124 -0.196212920704022
v -0.285344914111001 0.0593345449552764 -0.29779928419938
v -0.285133675407706 0.0448312169095044 -0.297796742117373
v -0.284867909411272 0.31346583564596 -0.220999354118777
v -0.2847745493173 -0.269528804736351 -0.390056339932029
v -0.284626983979831 -0.260289471879864 -0.282062230638305
v -0.284516611761364 -0.260339414075234 -0.28633077733881
v -0.284514396129092 0.059261005152579 -0.297772990741863
v -0.284439870046501 0.0770746516389726 -0.297856675510667
v -0.284408812033222 -0.273536071791212 -0.391163681185468
v -0.284295686092975 -0.2603042662921 -0.119191368690692
v -0.284148098166769 -0.25937123929775 -0.289231851587993
v -0.284118239238132 -0.0210980357173067 -0.345245749893761
v -0.284113705433522 -0.315365420092173 -0.361134081377563
v -0.283920572981957 -0.300793058997182 -0.391444012825137
v -0.283802168434173 0.31383449762211 -0.0684972746516405
v -0.283653264601088 0.201435083274613 -0.298129161240134
v -0.283613698377718 -0.127320456633593 -0.358884221363439
v -0.283502243071893 0.314072920962012 -0.279932829229104
v -0.283478561772976 0.314083448107935 -0.280954763504029
v -0.283457037316884 -0.315308627010919 -0.158547638932994
v -0.283274561188541 0.014891771153396 -0.297857889664699
v -0.283090362119962 0.0997513547994908 -0.352258653216333
v -0.282992309835108 -0.315534450879988 -0.144266489414193
v -0.282991355740786 -0.0243858002720425 -0.345312785089206
v -0.282926678185136 -0.260794227433649 -0.00375337461757912
v -0.282857562183839 0.0512158084819945 -0.297779719960311
v -0.282690135610861 -0.254695093057775 -0.292251011829193
v -0.282659306812692 0.111976136510079 -0.297969585879153
v -0.282620780268623 -0.261112780272346 -0.249809154810062
v -0.28256689330337 -0.315898186779714 -0.245846440058654
v -0.28246066895831 -0.261146900040215 -0.206163911554425
v -0.282318268310846 0.0708452206390245 -0.297760336066022
v -0.282285294009978 -0.261073992210507 -0.0149649061826188
v -0.282220854343096 0.314642542002654 -0.335229418577296
v -0.282195925702865 -0.288359660661834 -0.395148767977957
v -0.282156580917828 0.121830254510922 -0.298001465098582
v -0.282133961204028 -0.00425766471115699 -0.344779292005024
v -0.282118957234464 -0.315958836936489 -0.11742822492262
v -0.282114038513176 -0.289654522811945 -0.394702656283487
v -0.282060737016079 0.26135997707727 -0.25970661301743
v -0.282057271373757 -0.00471164105413263 -0.297897927165242
v -0.281726799424227 -0.26131760145316 -0.0247275101251288
v -0.281620994662645 -0.00435659416349064 -0.344650852010773
v -0.281421396884423 0.0943762858164797 -0.351212420597551
v -0.281412982968245 -0.298704415791969 -0.392502486092495
v -0.281343610228214 -0.316715536252442 -0.37103455641972
v -0.281168737333932 0.265775777695713 -0.388265034007717
v -0.281152156912403 0.0674508306138153 -0.297767773187128
v -0.281091209266549 -0.0539986777905287 -0.297970455771748
v -0.281038813249612 -0.261739601422395 -0.195265585647744
v -0.28096697476269 0.261817173064935 -0.153426407803964
v -0.280714317079151 0.315248737801529 -0.280289509285736
v -0.280709813281971 -0.316643578751651 -0.0741250068685722
v -0.280358423114217 -0.289253423634299 -0.395168761069175
v -0.280328874204071 0.0588833658839813 -0.297782175883776
v -0.280254142088506 -0.317121325800596 -0.247291854335133
v -0.280195064625616 -0.317143330131057 -0.240581786712352
v -0.280152294626056 0.0590704300563751 -0.297782262330518
v -0.280127850117915 0.0588652482462893 -0.297782217881152
v -0.280060677367415 -0.246313637983612 -0.298216666288192
v -0.280029358401473 0.208586931026082 -0.372524728283823
v -0.279964849176487 0.0440501463835943 -0.344342763812839
v -0.279927774477305 -0.24585998245898 -0.298217903380183
v -0.279898666159818 -0.262115013230054 -0.0566836677493358
v -0.279855992977421 0.262276634718132 -0.194996049723793
v -0.279787735008835 -0.317091641952967 -0.0457893947021365
v -0.279615382050744 0.315713043034238 -0.281989802711567
v -0.279547610657326 0.315740888022949 -0.280604977794076
v -0.279470393914646 -0.317413245137881 -0.158273081548207
v -0.279423160346946 -0.262322423675752 -0.0649956103211323
v -0.279283540816361 -0.317482841513912 -0.137050150439066
v -0.279276123454384 0.0460404469516657 -0.344159575838361
v -0.279270037550418 -0.317343205391006 -0.0298804693661611
v -0.279108236108518 -0.317548136510242 -0.117138895170577
v -0.279015810899928 -0.0536917628437761 -0.297997962895349
v -0.2789801241293 -0.262625373184624 -0.215380988275267
v -0.278724855834833 -0.317690932524517 -0.0735942431861313
v -0.278715170972974 -0.0585333119494559 -0.298007851149643
v -0.278711376430521 0.0854531662087363 -0.349114434931168
v -0.278700851729916 -0.31761978844074 -0.0123892984642359
v -0.278644822821203 -0.262661926009367 -0.0786011155333271
v -0.278485891129424 -0.317779938688441 -0.0464524321754315
v -0.278342520648033 -0.317793911371902 -0.00137772725688709
v -0.278333171995726 -0.317836821332365 -0.0291064652994552
v -0.278222058955223 0.198952288789434 -0.29825096386177
v -0.278185889070412 -0.317891679174954 -0.0123779475162513
v -0.278089123550902 -0.317927721015011 -0.00138723891606447
v -0.277822460000685 0.0981403239100943 -0.350994768530292
v -0.277296621678089 0.0716288666916276 -0.346511387560728
v -0.277205567311802 -0.318282725430117 -0.00140197367685646
v -0.277099616541841 0.316746686562289 -0.230583234430092
v -0.276902107513781 0.263503092354238 -0.158851130456272
v -0.276898702227211 -0.318435843738506 -0.116934504050736
v -0.276393378588269 -0.318611894052515 -0.0124131599785077
v -0.276364993380064 -0.263656362728543 -0.118453018234134
v -0.276118889832869 0.25923610737824 -0.293517259361285
v -0.275945747173959 -0.181207840254054 -0.367747519320701
v -0.27575605475581 -0.0176634276204232 -0.342999045703607
v -0.275634690074933 0.0561462200781321 -0.344463432552107
v -0.275629979645326 0.0517463814192528 -0.297781518498511
v -0.275617221035848 0.250010689585604 -0.298416143735048
v -0.275332954900849 -0.31904166880096 -0.0267897727564669
v -0.275037232827072 0.317594050742926 -0.188440964460702
v -0.275031211716092 0.109283253778166 -0.297718346097006
v -0.27500190629966 0.317608565226212 -0.187719110401911
v -0.274985027168591 0.264298667908195 -0.14749073462904
v -0.274648621926503 0.31769172052427 -0.0634072894677812
v -0.274619949439302 -0.124483355095087 -0.298142545806896
v -0.274469311671317 0.31782739046597 -0.176836195427774
v -0.274436991108754 0.264521882659104 -0.272072257060557
v -0.274378330771058 0.317880961558798 -0.187948286708499
v -0.274246453040632 -0.00580814814272603 -0.34262026537477
v -0.274086336715987 -0.264650287895165 -0.158284420542901
v -0.273716428732709 -0.319696824033258 -0.0487057022481407
v -0.273672170470945 0.318109524886562 -0.0748317594917048
v -0.273273787706258 0.118553378340967 -0.29770821934984
v -0.273067969231854 -0.204288845222104 -0.298259819245222
v -0.273020207958305 0.318363494382469 -0.035257135038108
v -0.2729817298029 -0.265132105374494 -0.177593183921704
v -0.272969184141506 -0.320016870982159 -0.125462704114897
v -0.272288416282312 0.318723447112037 -0.132272285423907
v -0.272077397499721 0.318815714676414 -0.132420571606081
v -0.272044405251906 0.170666392447926 -0.363498898146511
v -0.272043740037668 0.318769988401435 -0.0253069319362718
v -0.272001459642934 -0.320391876791785 -0.0719562640965554
v -0.271918509278976 -0.265553231636869 -0.118038551218899
v -0.2718730030067 -0.320452906892727 -0.108439629133617
v -0.271867750715722 -0.302151608516484 -0.393578499779053
v -0.271834760508075 -0.00611897810910336 -0.342985208443615
v -0.271707136349029 0.0624459271566393 -0.297785036606756
v -0.271367762407699 -0.0133702496331191 -0.297900483877594
v -0.271220347083131 0.0179566180830895 -0.341860972775832
v -0.27108958911926 0.0961447734468374 -0.349100959571754
v -0.271020289962282 0.319244477613016 -0.106359686642547
v -0.270606577448867 0.319514812715245 -0.178307970827973
v -0.270595883425572 -0.0604221164015099 -0.346303267588109
v -0.27046064124894 -0.170706171363772 -0.364808640248092
v -0.270064355187412 -0.197847307446851 -0.29829238243998
v -0.269720041571701 0.319778705993613 -0.0797907129298912
v -0.269668237794851 -0.321337498664176 -0.103588740278398
v -0.269614179832677 -0.321388832980963 -0.218309305613268
v -0.269103313366491 -0.266823828293334 -0.24538872672327
v -0.268988796978527 0.320298581052767 -0.240652423225534
v -0.268938087486045 -0.120519626838132 -0.298125617007176
v -0.268905956828138 0.16698063258853 -0.362241207525118
v -0.268783933839927 0.320163321211161 -0.0606625048906509
v -0.268777762648954 -0.321698395668236 -0.115661288744479
v -0.268758060126482 -0.125548525993979 -0.355693730563927
v -0.268381462356253 0.0402510892033266 -0.341148656620143
v -0.268269942012646 -0.194011773342629 -0.298281520063497
v -0.268188580933571 -0.161163056444537 -0.362574598604146
v -0.267459515456768 0.320841188073375 -0.140723627616372
v -0.267414807532212 -0.322247937559494 -0.115447534203889
v -0.267173953345348 -0.0806024163016669 -0.2980377688387
v -0.267152673561582 0.267547016414926 -0.162496965923107
v -0.267122003158941 0.0423569193640615 -0.341102558165972
v -0.267110007113829 0.320851081465739 -0.0264578748331807
v -0.266960209860711 0.19379692814432 -0.297874346309046
v -0.266898184184091 -0.267785681574959 -0.28393485304045
v -0.266695566672754 0.0417024261498665 -0.341319684976328
v -0.266651756512706 -0.252804292797959 -0.298404625161173
v -0.266321754407475 -0.0686260093487398 -0.346204933779628
v -0.266215117011156 0.0216235632031767 -0.342401083305135
v -0.266153117087957 0.129774331126755 -0.354183063145839
v -0.265704318225304 -0.32294401929934 -0.157329275698752
v -0.26549471965747 -0.0756559949484802 -0.34675294448608
v -0.265458944610135 -0.0759507647395931 -0.346799748129555
v -0.265429391491195 0.111101924369742 -0.350245275813997
v -0.265109386253738 -0.268527126341489 -0.244081504047078
v -0.264993551394409 -0.323242775780806 -0.208386760485216
v -0.264338239139649 -0.105445609734372 -0.298086581132032
v -0.264175927733391 0.128941248275939 -0.3536931366613
v -0.263803176727359 0.108643936293834 -0.349462807698007
v -0.263763135013325 -0.269054167270994 -0.157330118790726
v -0.262904709327663 0.269313610538841 -0.0246302147931792
v -0.262582709325318 0.269440666007683 -0.221970399911523
v -0.262385128565438 0.323192958848634 -0.250850102586048
v -0.262382814839351 0.111191808204069 -0.349835025440019
v -0.262315988878996 -0.324317261343754 -0.203266290831449
v -0.262238268574061 0.323176155408323 -0.186043589302694
v -0.262083092655492 0.022590328069678 -0.342950797263298
v -0.262066941390957 0.158956388516093 -0.35949425487657
v -0.261925815070878 0.269711381727875 -0.275405652889834
v -0.261777771638183 0.0340224382548331 -0.342418928210727
v -0.261207722339545 -0.270144339913157 -0.157154763475247
v -0.260983973922929 -0.270237082133898 -0.152169782453761
v -0.260973540620863 0.270111693412916 -0.11441917947966
v -0.260912888865309 0.175380889568989 -0.362668668571536
v -0.260655051493644 -0.270315658717171 -0.03899160709843
v -0.260595657281698 -0.270315713235881 0.00734753663565872
v -0.260560700284622 -0.270412526223254 -0.142739498719127
v -0.260549506103854 -0.0150272622929476 -0.297887901007431
v -0.260035205786457 -0.270584506825723 -0.0470377527054525
v -0.260002688925249 -0.270616005937059 -0.0793386860741347
v -0.259859713703272 -0.154560051935014 -0.298184762232984
v -0.259588450427941 0.190741296876279 -0.297629360776311
v -0.259363177310557 -0.270908891478856 -0.116059402435927
v -0.259043304885879 -0.270998833592484 -0.0307856637454202
v -0.259018626707216 0.0316122402711071 -0.342939983534619
v -0.258938682824831 -0.119513710762316 -0.298108569222236
v -0.258883974294351 0.117407094605383 -0.350586693332939
v -0.258577411605071 0.271107288251543 -0.0633168826534281
v -0.258425787223067 -0.271297433394504 -0.0951749114233964
v -0.258398625351513 -0.271269910176395 -0.147429618293446
v -0.258123541240131 -0.326016401178836 -0.260105078017062
v -0.258089817269439 0.271309819612862 -0.05488069363831
v -0.257947415480366 0.325175646794025 -0.287863472279425
v -0.257689202288501 -0.271602742918611 -0.0787642392270621
v -0.257684139048627 -0.326154258384745 -0.00173215302162752
v -0.257657222727878 -0.057960437970832 -0.343161671271355
v -0.257566045059265 0.319896582404227 -0.387979512994697
v -0.257206323495495 -0.326348605888426 -0.0127809826400325
v -0.257092299504373 -0.0579953190979492 -0.343039336153479
v -0.256852087233487 0.271824297935915 -0.0224257560653737
v -0.256432546126575 -0.27198386012721 -0.241259107616222
v -0.256261650183038 0.152038712532416 -0.357252889115361
v -0.256190071282589 0.102479255820791 -0.297767262719879
v -0.256125834845106 0.272125135220165 -0.0348750456167158
v -0.256004167464967 -0.272301178572035 -0.0412226702500353
v -0.255788178149488 0.272258747324752 -0.230327365914732
v -0.255731020581623 -0.272414396126524 -0.0351371209078493
v -0.255537506140978 -0.272494606566635 -0.0308257348046994
v -0.255472566733351 0.0852155422209557 -0.29779434460003
v -0.255430605534493 0.326036562403582 -0.0977056931841153
v -0.255308030806408 0.272462163747892 -0.101413667341736
v -0.25507813214153 -0.101553126966902 -0.349489179051712
v -0.254829451573165 0.27265721568847 -0.0216893841975572
v -0.254825460928586 0.272661763386311 -0.118672963683694
v -0.254634152513055 -0.272811764759503 -0.0887672508190138
v -0.254631933358953 0.12496491748756 -0.351512533633332
v -0.254575670688135 0.272767263470049 -0.061447684483042
v -0.254448366413402 -0.327487373911016 -0.188210094688599
v -0.254125982333412 -0.142671102204888 -0.356690760834016
v -0.253830429222131 -0.273202178521 0.00720691888466281
v -0.253695892162869 -0.146272540665084 -0.298157884397483
v -0.253542900961555 -0.32786382319899 -0.262759469889772
v -0.25321236866051 -0.327967367096835 -0.0673736085385166
v -0.253196752695739 -0.32797229943788 -0.0584082275713665
v -0.252849349783232 0.0662209587997404 -0.340580153582368
v -0.252596552715977 -0.273517071782877 -0.233189961179616
v -0.252002094473991 0.273833322172864 -0.105563471205283
v -0.251933727754808 -0.273957323293827 0.00717643334672013
v -0.251780336119393 0.273925181672708 -0.109364813563643
v -0.251727611557388 -0.324614136501383 -0.384159709564395
v -0.251704748933485 -0.0696376762778113 -0.343050966547967
v -0.251642848253163 -0.0586331690003818 -0.343038691015438
v -0.251367555522647 0.110662608015704 -0.297765063947148
v -0.251365070663135 -0.00925074710951225 -0.342983604902903
v -0.251258791392313 0.0250291750959141 -0.342945387166992
v -0.251187680226388 0.124820899229703 -0.350988142094219
v -0.251173420087795 0.0248202863605584 -0.342945598650636
v -0.251172146023733 0.0250467854420119 -0.342945345990815
v -0.251030476052187 -0.2697933166442 -0.294114829012007
v -0.251002464974809 0.0552121459521986 -0.342911696518389
v -0.250822053332015 0.27432213347061 -0.125791527035449
v -0.250771315642035 -0.112384374220476 -0.350221324769879
v -0.250280808773707 -0.274587467589953 -0.0309353522299537
v -0.25020552334481 0.0672984312587588 -0.341052336867698
v -0.250100874783329 0.328704277370051 -0.37168902084443
v -0.249997836855734 0.328645947114678 -0.288932772942714
v -0.249997566980391 0.328645794336977 -0.288716019060493
v -0.249996933503258 -0.329254093195449 -0.00290939622654187
v -0.249992814261483 0.328643103800453 -0.284898811229528
v -0.249894400923007 0.328587391546728 -0.20585686205727
v -0.249864664872305 0.328570557828584 -0.181973967272566
v -0.249827983003608 0.274729106988747 -0.108292936383669
v -0.249808569144893 0.328538801773492 -0.136919956266594
v -0.249783847268525 -0.329340016678554 -0.00292437519877734
v -0.249782702561831 -0.329341921576565 -0.012408582848866
v -0.249776818823369 -0.329351712662579 -0.0611569632505335
v -0.249775442384377 -0.329354003184607 -0.0725611362913889
v -0.249775013309203 0.328519805657103 -0.1099691516283
v -0.2497709678551 -0.329361449215952 -0.109633833642599
v -0.249765343103287 -0.329370809324181 -0.156236438901074
v -0.249762094803641 -0.329376214795794 -0.18314948879815
v -0.249756569450037 0.328509364501693 -0.0951557269311886
v -0.249752463117296 -0.329392242814383 -0.262950641215117
v -0.249739086849349 -0.329414502163747 -0.373776675097332
v -0.249702456098776 0.328478730679062 -0.0516938870408198
v -0.249676145131338 0.328463835916662 -0.0305618923014973
v -0.249142631815979 -0.275007063035291 -0.076687572339501
v -0.24908864955019 -0.275052184494242 -0.0444815594251506
v -0.24895054106315 0.32881790662081 -0.34004898172989
v -0.248790271439048 -0.329419397557665 -0.0740673918927304
v -0.24823942390091 0.328861197866161 -0.289046722346873
v -0.247888450289783 -0.275382051582684 -0.246192947903489
v -0.247688556348208 -0.00981336374336138 -0.342982521015804
v -0.24763760510034 0.275641235167456 -0.180378773468831
v -0.247595280367359 0.328957925741938 -0.309943897410818
v -0.247531129305787 -0.32953901418834 -0.262832205925349
v -0.247407076222139 0.0965305053090793 -0.297794184199536
v -0.247080114065179 0.275872166027987 -0.189935185853885
v -0.24679596785443 -0.275883070214768 -0.156166815774929
v -0.246776339259173 -0.0592025171478313 -0.343037061131391
v -0.246774542864516 0.185427918144415 -0.297663646427396
v -0.246650037743855 0.0945619179593132 -0.297798663779459
v -0.246648832989448 0.0722667555769589 -0.341088687250265
v -0.246434338153413 -0.122946470184045 -0.351591065180075
v -0.246064909907784 0.0818329336517515 -0.340927878285308
v -0.245873806281645 -0.329632474610956 -0.179555775318206
v -0.245745829252003 0.276411567650394 -0.117141394369592
v -0.245428127448281 -0.127309481319078 -0.352283285248467
v -0.245403837637819 -0.329658977270624 -0.155940999812729
v -0.245138638716347 0.0961630578613174 -0.297799403703759
v -0.245020962437113 0.276701738938441 -0.0569887472408212
v -0.24501503454127 0.13423908237534 -0.352016248339077
v -0.244724144117604 0.0798063954612631 -0.34028275655529
v -0.24471392052538 -0.130285280573145 -0.352881601704953
v -0.244665507519057 0.0235871796027294 -0.297781793920031
v -0.244451777971047 -0.32971266620001 -0.108102328884472
v -0.243912523865378 0.080565558675118 -0.340338782715216
v -0.243866538127437 -0.329745669279265 -0.078695457372381
v -0.243722988071644 0.274429019057306 -0.29753793973901
v -0.243638790677264 0.277297673742399 -0.248925740627104
v -0.243603172056734 -0.329760521124024 -0.0654619561226488
v -0.24337140321817 -0.123677020406949 -0.35124107864119
v -0.242902094188476 0.0239845879454344 -0.297782298154683
v -0.242556560399658 -0.329819542067051 -0.0128722788156343
v -0.242414270527656 -0.0481877871003861 -0.297931671976017
v -0.242361882852985 -0.3298305204011 -0.00309020798807804
v -0.242328717061242 0.225469146278209 -0.37275108571285
v -0.242305123515927 -0.0597273188839934 -0.343042217403123
v -0.242048991261129 0.277956220201597 -0.276177800071809
v -0.241942856700575 0.278000184577444 -0.277997139872804
v -0.241930608786114 0.0216087183029104 -0.297781942434424
v -0.241902171558593 0.329497669806193 -0.126968458210379
v -0.241887719632414 0.0789689161599528 -0.341049513049493
v -0.241852673064114 0.278002105209104 -0.0246981864150521
v -0.241710640858546 0.278096375907611 -0.281977742624797
v -0.241662884968614 0.27811549563319 -0.27803326612733
v -0.241641044421337 0.278124239795869 -0.276229310101202
v -0.241510747878378 0.134142643585801 -0.351492903537818
v -0.241352804311979 0.278239640677302 -0.252421642845788
v -0.241260458605654 -0.329864426927514 -0.0670794013083496
v -0.241090209272966 0.325328705878269 -0.386157524911072
v -0.241083173799921 0.325408229949805 -0.386117472613992
v -0.241052134546071 5.62144389360973e-05 -0.342968450597526
v -0.240742561232995 0.278367780373503 -0.276321377284537
v -0.240720580631506 -0.27839418937394 -0.0304720864227987
v -0.24058416251148 0.278547376965223 -0.188934405536332
v -0.240559022340491 0.278557442177514 -0.186857911647316
v -0.240051274049673 0.278760726170284 -0.144919604087449
v -0.239837077251802 0.278846482796347 -0.127227666271308
v -0.239661007674771 0.0160541734588824 -0.297790418889873
v -0.239552654385138 0.278960355392308 -0.103735290472239
v -0.239300514024349 0.329105595944814 -0.378325779061949
v -0.239230901369698 -0.278926822814817 -0.112905436719251
v -0.239140387935335 0.279005415531989 -0.146428366514302
v -0.239132068229042 0.0716703208508181 -0.342855187934769
v -0.238849739910053 0.110653052231517 -0.297790873494375
v -0.238604144856349 0.27934010419241 -0.0253915814709863
v -0.238491268963399 0.279115457437007 -0.188646139209751
v -0.238115528085725 -0.114394414261635 -0.348577762038088
v -0.238065329443447 -0.060224345499295 -0.343044710232643
v -0.237647933530524 -0.113916900741563 -0.348419753957627
v -0.237340080955098 -0.113024866827814 -0.348184818681219
v -0.23725361243854 0.0667841160870236 -0.342886597674307
v -0.237218483978218 0.0868269460917941 -0.34080087240339
v -0.237163633983284 0.330674572553745 -0.369395983937695
v -0.237114965951758 0.330090344776156 -0.135052729849642
v -0.237077207255445 0.309022874142477 -0.394681665013344
v -0.236984038561181 -0.330008677331302 -0.262199942704737
v -0.236765022755943 -0.0080323615776018 -0.342975458231025
v -0.236657215910269 0.0658639244918911 -0.342893170084856
v -0.236484397899397 0.330244282381646 -0.224628916364594
v -0.235505970051586 -0.125557024870143 -0.350829528774789
v -0.235147796456958 0.0771944699650402 -0.342836220956712
v -0.235000741991019 0.314199825217176 -0.39216676571193
v -0.234915205843896 -0.268823138581009 -0.383407860833288
v -0.23481844179017 -0.280623375140982 -0.195037679247972
v -0.234802792210252 -0.330131062411472 -0.155223466957508
v -0.234557409386235 0.330592220280081 -0.355473743671012
v -0.234359967756087 -0.33018669675154 -0.00324444233321101
v -0.234342947592486 -0.33018504000022 -0.0134595017940568
v -0.234243409485386 -0.330175350910607 -0.0731996844651391
v -0.234219058446725 -0.330172980568207 -0.0878145444440539
v -0.234190132857492 -0.330170164936743 -0.105174930681887
v -0.234107022552684 -0.330162074937702 -0.155055573741347
v -0.234105444720348 -0.330161921350705 -0.156002547666817
v -0.234084164227383 -0.330159849896774 -0.168774545990587
v -0.234068328878321 -0.313604648686987 -0.394299196003543
v -0.233928623434617 -0.330144709477457 -0.262126083842844
v -0.233924013960746 -0.330144260788942 -0.264892570157315
v -0.23392006628145 0.330718324636965 -0.356176346553802
v -0.233833207085309 -0.281161980890808 0.00442139582034829
v -0.233818159506562 0.330586276992015 -0.243018460986275
v -0.233810295371139 -0.330133191364002 -0.33314350956286
v -0.233704091367169 -0.281204076845805 -0.00826983141967644
v -0.233559978812008 -0.281193999023444 -0.100213067110594
v -0.233506645661548 -0.28126845061577 -0.0276774477325981
v -0.233417036415969 0.0601573029571291 -0.297793319843311
v -0.2333472005242 0.0259270228780212 -0.29778497881726
v -0.233328696816476 0.287427555151281 -0.389313136968409
v -0.233206111590201 -0.281366434570976 -0.0572179734547699
v -0.233144111602679 0.330763882484233 -0.35399936104761
v -0.232986019243697 0.180787900122097 -0.361319773761247
v -0.232761708636785 -0.281511324496055 -0.100899865552936
v -0.23275148441016 0.310123978129452 -0.394540596109924
v -0.232739720861324 0.28055616577776 -0.264890164748322
v -0.232661551126639 -0.28154397912634 -0.110744691104593
v -0.23250671358063 -0.0990168638393256 -0.34466438175369
v -0.232433790792833 0.109622269220467 -0.297805623520987
v -0.232233291102278 -0.281683605927573 -0.152839839281129
v -0.232200852854779 0.309012529416209 -0.394618247343611
v -0.23215824494088 0.330657006800929 -0.0885932171736547
v -0.23207228377636 -0.0493953345673414 -0.297918839236696
v -0.232045943444564 -0.281744687403025 -0.171254883794681
v -0.231861473566507 -0.281804830628009 -0.18938706146515
v -0.231512279254594 -0.0961330067222987 -0.344046904177174
v -0.231504821146008 -0.281890806522522 -0.188751328891334
v -0.231275293964953 -0.281995944386141 -0.247004667082881
v -0.231153342929682 -0.330542487562373 -0.212886084374204
v -0.230871597190785 0.330775925366562 -0.0436660250919505
v -0.230829951642933 -0.282141140576166 -0.290778892946374
v -0.230811820592698 0.330947258759755 -0.235012004112912
v -0.230626455254318 -0.330592831506381 -0.268172664953836
v -0.230465733836804 -0.282192325710985 -0.247005475012042
v -0.230412202024166 0.281287763111409 -0.200721141928069
v -0.230331453017251 -0.330635419973537 -0.262152719290561
v -0.2303268893541 0.330956627285773 -0.176721460843296
v -0.230125801331935 -0.092114442695513 -0.34305434990082
v -0.230086265573757 -0.0927585241538853 -0.298008456085505
v -0.230020557349122 0.330872032100486 -0.0343058354477135
v -0.229976944647944 0.330991494719989 -0.167446312322126
v -0.229968173988544 -0.28226224999114 -0.187206380023439
v -0.229880803703256 -0.271168826341094 -0.297849813852865
v -0.229854847265934 -0.28227817629534 -0.173586238700089
v -0.229677247113197 -0.282303135228178 -0.152241412664216
v -0.229543850760997 0.281610861412428 -0.144704578564967
v -0.229323371592213 -0.282352866916047 -0.109710979456103
v -0.229276085197206 -0.282359512281712 -0.104027876937738
v -0.229238283480611 0.076234309500419 -0.342857399397767
v -0.229221187251395 0.28188210189392 -0.0271992028750093
v -0.229192691393917 -0.330836453625579 -0.144855904847391
v -0.228966521784909 0.163612460239371 -0.297732697178503
v -0.228913503778565 -0.282410467447779 -0.0604511277883514
v -0.228866558368802 0.329493299680482 -0.384737383496606
v -0.228626611043502 -0.282450785749289 -0.0259710024816242
v -0.228497536938874 0.281830582384359 -0.185673419156814
v -0.228422753684044 -0.282479434723205 -0.0014704612000358
v -0.228396827519681 0.281993154701549 -0.0991677071533738
v -0.22837937143737 -0.282485531421684 0.00374342231315766
v -0.228353217063925 -0.330921011153334 -0.22178396457686
v -0.228202793172156 -0.282435350752745 -0.246913595263971
v -0.227909974850142 0.282058740578411 -0.141671067134132
v -0.227874096179637 0.282063573938096 -0.14480335775003
v -0.227864277211259 -0.33101067633048 -0.162822343409578
v -0.22778226713596 0.282075944597081 -0.152820244878889
v -0.227741885996601 0.0514000119677 -0.297792492306364
v -0.227661997536958 0.282092146597407 -0.163320058027665
v -0.227577401651073 -0.28253686522237 -0.122355491227441
v -0.227396994952737 0.282127846158987 -0.186455394316611
v -0.227341781143445 0.28213447422739 -0.1548207062416
v -0.227216348137377 -0.0951449472903078 -0.343054806072592
v -0.227161652249056 0.282159550119034 -0.207001354684606
v -0.227080818337084 -0.331175615282015 -0.013752345810696
v -0.226997572874055 0.282090745294204 -0.279467386702967
v -0.226926583275041 -0.282595397299442 -0.24686885331726
v -0.22667419324915 0.282161561414868 -0.290269654836923
v -0.22663051687009 0.282097485300453 -0.290698754600022
v -0.226356394771741 0.282268029585315 -0.277302188133657
v -0.22633397863487 0.28227104935307 -0.279259168539427
v -0.226204895184468 0.282288438702687 -0.290528451226519
v -0.226160161390525 -0.00942316306814833 -0.297824692757352
v -0.225698625194643 -0.0799890331066477 -0.297974656366011
v -0.225693296100028 -0.034740536967463 -0.297878047234845
v -0.225616352681385 0.331666846540842 -0.332877477223326
v -0.225545897080662 -0.331326294367775 -0.164496555753551
v -0.225536712818235 0.294524044907227 -0.390964663672251
v -0.225312010778028 -0.0781050327049778 -0.342998301403338
v -0.225104794357489 -0.0617382795600591 -0.343031135169928
v -0.225092486513499 -0.331391751705455 -0.155244059892463
v -0.224976778838041 -0.331408456028056 -0.15288287807227
v -0.224909881049455 -0.331418113833707 -0.151517732315119
v -0.224840352075217 0.282469353776314 -0.278778998074269
v -0.224742908262372 0.289887994684181 -0.389812292546862
v -0.224644974562996 0.282491272723687 -0.0977588062761506
v -0.224641181549621 -0.282856029559147 -0.108338951989803
v -0.224515518678741 -0.0645704659734595 -0.343028501954523
v -0.224468584887948 -0.282905372656668 0.00335230090910626
v -0.224370396591063 -0.331580020007871 -0.234535173712097
v -0.224306932691731 -0.282871640307647 -0.181864957504231
v -0.224272426935841 -0.282887704449268 -0.196436122322659
v -0.224184800682652 -0.28288531762493 -0.179825736423964
v -0.224163196874736 -0.331540573699434 -0.152690037129992
v -0.224114832519556 0.285773648389084 -0.388020533445608
v -0.223985850510718 0.276852569055863 -0.297591332316844
v -0.223667207552781 0.282624892671503 -0.268677590127744
v -0.223552829464188 0.331664346637449 -0.035410202205103
v -0.223245208062473 -0.283004005185038 -0.180854867214767
v -0.223179395900713 -0.331667938074551 -0.116204689708745
v -0.223062712112727 -0.0715583276401272 -0.343010568522307
v -0.222975880849028 0.151997195618233 -0.352459706435904
v -0.222623304396778 -0.331846790025016 -0.215163635275289
v -0.222511839999234 -0.0078261244127615 -0.342968599296332
v -0.222468513140929 -0.331770565794829 -0.101698102811637
v -0.222428972153272 -0.28308194931937 -0.150508912952045
v -0.222326190742281 -0.331791112394275 -0.0987938092203647
v -0.22229107238436 0.0765312177970789 -0.342874616666791
v -0.222104254406235 0.151993427847275 -0.352336435007259
v -0.221706715814949 0.331952070286247 -0.107552932158764
v -0.22170019815583 -0.128430173939681 -0.298072115434501
v -0.221636011939624 -0.331890751154853 -0.0847097163970555
v -0.221608618395315 0.282897247736886 -0.262076382897896
v -0.221320170676617 -0.283206121759619 -0.131995409718342
v -0.221177135039743 0.0311427652285032 -0.342924610642163
v -0.220437779453878 0.112429321991593 -0.344186729526309
v -0.219977437215073 -0.283356491770874 -0.109575976839072
v -0.219973663643138 -0.332175564756081 -0.100950150006405
v -0.219960248092589 0.3321488732551 -0.0878506676221398
v -0.219882675753777 0.259309938220648 -0.37843195884388
v -0.219596367542168 -0.283399166994695 -0.103213309788096
v -0.219502453474055 -0.332213350538083 -0.00372500500585756
v -0.219429424649757 0.266968849362385 -0.297615438796147
v -0.21939960644091 0.0392341876156506 -0.342914779065545
v -0.21891184053327 0.332290270572541 -0.103154142942708
v -0.218671179359013 0.141646398657568 -0.29778648996115
v -0.218638861422052 0.277509133127433 -0.297605796903221
v -0.218579254703561 -0.0467759089851589 -0.343035772093591
v -0.21837793416607 0.283326159841225 -0.223134089563161
v -0.218132220901055 0.283358119878859 -0.193234545655786
v -0.218129367035029 0.283357440954971 -0.145625392612203
v -0.218128291978055 -0.0633800894658974 -0.343023224627812
v -0.218014800609053 -0.332413533088147 -0.0108136820415591
v -0.217995293440905 0.156794972526456 -0.352719500387094
v -0.217991890225897 0.25185505759636 -0.37567671621515
v -0.21779925940557 0.332391085069056 -0.0363958592133974
v -0.217743475756462 -0.332452703332035 -0.00527690752102771
v -0.217519935334509 -0.283631702448214 -0.068543411523685
v -0.217464965335178 0.252109299111186 -0.375724862234551
v -0.217352708393618 0.251770414377156 -0.375650050729946
v -0.216776441040265 0.282389448565784 -0.291860317882909
v -0.216605363425354 0.332601342037929 -0.136821503679217
v -0.216442880931714 -0.283889813702268 -0.221271451283342
v -0.216397549335023 -0.333920825945062 -0.366980135006728
v -0.216088036423963 -0.333937833468307 -0.366245909480275
v -0.215925297059959 0.283646815322331 -0.288955482050901
v -0.215882121451345 0.14583674389279 -0.350230091292766
v -0.215515536763186 0.332875853522414 -0.301504553513059
v -0.215312648105207 -0.283888486638135 0.00309396033963328
v -0.215043468393104 0.283768252961429 -0.194422538332847
v -0.215011361531174 0.283770830716265 -0.118578299872351
v -0.214994098139824 -0.00926199225030177 -0.29780770996829
v -0.214705816834352 -0.283946849901272 -0.0215564683696635
v -0.213879973926567 0.33289966755852 -0.0598813052886418
v -0.213475488405858 0.133356720837367 -0.347394972230169
v -0.213421440300262 0.1232770056977 -0.345370759209802
v -0.213333317408172 -0.284100553342851 0.00135996265952501
v -0.213309473492847 -0.334610889765254 -0.373722662824362
v -0.213273161972279 -0.333183132869229 -0.00924722085552137
v -0.213156102614959 -0.125644983793014 -0.298053437646627
v -0.213001628945256 0.333087372860322 -0.189424769639932
v -0.212592762390538 -0.0646819170583557 -0.343013271709935
v -0.212410867329747 -0.333398403771793 -0.0932440304963928
v -0.212204389241835 0.236119048176305 -0.373442818077335
v -0.212174280196657 0.284143197134537 -0.274706682101549
v -0.21212857680851 -0.28440492337572 -0.188916701016832
v -0.211936130859889 -0.126987995309374 -0.298054486950392
v -0.211820774723911 0.124775909176217 -0.345445647088298
v -0.211663336005413 0.284212752045155 -0.235462878498667
v -0.211648980731956 -0.284514586580689 -0.250381203107447
v -0.211445279965707 0.122828714422796 -0.345003297828245
v -0.211120252726585 -0.284498297934677 -0.147813184814436
v -0.210961674903296 -0.124747274508661 -0.298048251176588
v -0.210613825786187 0.232825814712135 -0.372966168080095
v -0.210460464139342 -0.0172316217019816 -0.297817968730616
v -0.210263201597087 0.236920294892313 -0.297675401186938
v -0.209889011200552 -0.00157058996317806 -0.297783682403204
v -0.209644600665433 0.284484050465978 -0.14793537130135
v -0.209502090446634 0.112751960077321 -0.34271413552405
v -0.209041586499521 0.0348640459813458 -0.342914824821783
v -0.208907830649806 0.333662811426084 -0.276379104427843
v -0.208855230472515 -0.0244599140546504 -0.343011082336962
v -0.208768170084796 0.333561017270624 -0.0871770068809032
v -0.208509502003884 -0.334042276293018 -0.103878459498114
v -0.208503008993982 -0.334210491491927 -0.290939925066807
v -0.208360763149854 -0.284785875112341 -0.0751031478587168
v -0.207979941272648 0.090174206030231 -0.297806522283411
v -0.207846084253426 -0.334367152825436 -0.346718481075501
v -0.207823010030058 -0.334295666213019 -0.262522037843259
v -0.207777567707986 0.333791934973153 -0.265679744632363
v -0.207427724673334 0.333839117832706 -0.270786360088614
v -0.207302057209651 0.333714675527719 -0.0342829623445203
v -0.207087748288703 0.333884969990441 -0.275748953276288
v -0.206919212358211 0.333781866371698 -0.0660953212109141
v -0.206792847073066 0.141028565507135 -0.29781188384844
v -0.206695740718788 0.333821086562336 -0.0846646188338328
v -0.206519732972582 0.333951680153577 -0.26735666938655
v -0.206294206595789 -0.116740129637063 -0.345720674269198
v -0.206057201246554 0.333933152862542 -0.137723832676351
v -0.205367698178826 0.334054163483092 -0.195017848640198
v -0.205000959650666 -0.0156131671403215 -0.342998987610872
v -0.204623854508581 0.220360924234892 -0.368315103359077
v -0.204530901115043 0.334201024804965 -0.264551207626985
v -0.204515458161959 -0.330097949962852 -0.382195168770933
v -0.20440730324111 0.334222716739524 -0.274821529680116
v -0.204361843547416 0.285177027509488 -0.245215973528088
v -0.204261921587865 0.139466872185781 -0.297819415411962
v -0.203887767539512 0.217290298547158 -0.297715674710892
v -0.203822560907077 0.334325341421001 -0.323410489162418
v -0.20288210825352 0.132875176479674 -0.346988070545365
v -0.202733574369603 0.285400149584618 -0.0801131332730274
v -0.202002312133077 0.0355996865703718 -0.342910732043483
v -0.201828652856361 0.285520311441357 -0.0806358393184622
v -0.201736077247527 0.285532585383437 -0.0798387133268677
v -0.201600339390172 -0.00752254306203534 -0.342987809279994
v -0.201192427400264 0.334837685459756 -0.273721173067619
v -0.201150401246435 -0.285747783846052 -0.146457692020726
v -0.200940595380539 0.120875641940328 -0.344272658189117
v -0.200925654512807 -0.335477091238774 -0.329555676338648
v -0.200892858408787 -0.335241530238968 -0.0599811016774236
v -0.200887314267274 0.285644218058092 -0.0320801801517534
v -0.200585737739941 0.334979350236933 -0.138127154671041
v -0.200508865431509 0.285695292676849 -0.0692717567811727
v -0.200404574218671 0.334991157471712 -0.258836800972033
v -0.200367940804867 0.120765320313089 -0.3442218744212
v -0.200056934128873 0.285746732826449 -0.228373602895437
v -0.199875922634425 0.20901071991146 -0.297736423007113
v -0.199753269922896 0.335142285232218 -0.273230264633799
v -0.199695909330522 -0.285879099866954 -0.0829757143961456
v -0.199427152555636 -0.328024906788917 -0.387988749309586
v -0.199138672678592 -0.33551417198777 -0.045889635337031
v -0.198779060078021 0.104190379390799 -0.297812068940219
v -0.198665671933974 -0.286151076803233 -0.26021055041722
v -0.198491940140387 -0.327360770000862 -0.388584711155451
v -0.198296327664962 -0.0133272895232552 -0.343001254139991
v -0.198224791962645 0.285988396330775 -0.23657533542571
v -0.198118572124571 0.286012204679616 -0.0486900404252756
v -0.197971118116404 -0.286210329448265 -0.225608195308051
v -0.197866081456861 0.335511570985006 -0.0738598247255182
v -0.197865251988124 -0.142564646771816 -0.297815640433896
v -0.197765535970231 0.335506837927282 -0.200512101414629
v -0.197680739567297 -0.286075044897024 -0.0124164916869151
v -0.197523837023761 -0.0125128253294603 -0.34300053510788
v -0.197348083441863 0.205253296721359 -0.364165576521779
v -0.197326283565222 0.335590801505662 -0.200680757974703
v -0.197296742218602 0.286120540834067 -0.053618326336534
v -0.197199908313994 -0.32179044039919 -0.392792730225592
v -0.197024095757716 -0.286160196088937 -0.0158736541299566
v -0.19627597714735 0.0906819710723369 -0.297809348944228
v -0.196215928864049 -0.286307575336534 -0.0729943932819129
v -0.196208423633848 0.202885155150335 -0.363437422605628
v -0.196077184129178 0.286282857806646 -0.0311125872434712
v -0.195958248902206 -0.286445175376755 -0.203706272546442
v -0.195951850536043 -0.286477257771826 -0.242543008562545
v -0.195914327567484 -0.12769440305615 -0.347097761705226
v -0.19588281268618 -0.144747897164882 -0.297814817592107
v -0.195566235064261 -0.286558217711125 -0.283006342904716
v -0.195140243196764 0.0376443146418972 -0.297796662329154
v -0.195128336663747 0.138270244848119 -0.347964520190636
v -0.194872638846088 -0.112347124157012 -0.343508845997084
v -0.19465627415997 -0.112398726079809 -0.34349749917071
v -0.194633006490075 -0.286473187033083 -0.0151018658501507
v -0.19458383627669 0.199518216343581 -0.362802250424042
v -0.194231250260959 -0.308989995334406 -0.393652541917471
v -0.194152688208926 0.150176351712433 -0.29782436451362
v -0.194124203894287 -0.00892847192980143 -0.342997370738945
v -0.194103645007107 0.336218564183882 -0.139797648596929
v -0.193933312659903 0.127524589946153 -0.345548254198498
v -0.193755814832717 0.00428663101252513 -0.342974214162261
v -0.193720018924868 -0.0132674491884163 -0.297784560435009
v -0.1936048792816 -0.33641937913067 -0.0519344299380767
v -0.193593641674833 -0.285305296424087 -0.291259740008149
v -0.193482491938743 -0.305761357946271 -0.393375591699148
v -0.193070712123802 -0.0585750930759112 -0.297880320358956
v -0.192972197032175 -0.303561061352901 -0.393653113880063
v -0.1928896109109 0.155857642181779 -0.351800374255004
v -0.192626454260439 -0.0185101557401 -0.343010444957771
v -0.19245574631633 0.0778321037316336 -0.342859291974318
v -0.192367731861512 -0.300954451289793 -0.392577438927358
v -0.192229318710618 -0.286781965417389 -0.0411176644870655
v -0.192109015179552 0.336706229562036 -0.211213323345766
v -0.191592497739524 -0.336868844723799 -0.188737839529032
v -0.191448617031027 -0.116789483451329 -0.297808791313922
v -0.191410745824106 -0.336742204340466 -0.0139477960466268
v -0.191377370910762 0.126003302865756 -0.34507758020949
v -0.191083614565567 -0.30387027660278 -0.393620357863065
v -0.191033648589828 -0.336923547196859 -0.14826425499512
v -0.191020702159797 0.336819114454638 -0.0815537148782145
v -0.190966783818477 -0.296151281691624 -0.390571818717263
v -0.190681065580264 -0.33689190018804 -0.0486928637764351
v -0.190633934623095 0.336894455893124 -0.0742467799501432
v -0.190553761803674 -0.336918016897239 -0.054754667391397
v -0.190541370876337 -0.133358783349397 -0.347827674983428
v -0.190513896195685 0.336980275580989 -0.14070397343911
v -0.190351310508649 -0.287030953097746 -0.0260752215567384
v -0.190350300938929 -0.0272935197594279 -0.34302282365131
v -0.190340770573107 0.176780861974563 -0.356880607982547
v -0.190278474425108 0.0279325457842679 -0.297795413934181
v -0.190082274677899 -0.305917942647399 -0.393366789896788
v -0.18970639052949 0.287124729346023 -0.0298309812752374
v -0.189698948333462 0.337076589100648 -0.0565827225289032
v -0.189581938596926 0.155018494292023 -0.297826602181269
v -0.189431206838253 0.15359393775682 -0.297826289190023
v -0.189418773881919 -0.255043397233047 -0.378425799524142
v -0.189120839369881 -0.278851989435162 -0.2950313761349
v -0.188931129688397 -0.308376039190578 -0.393566507882249
v -0.188857764192079 0.190468374892335 -0.361036227514664
v -0.188843879536631 -0.33726880380339 -0.136173858440863
v -0.188838697928222 0.337257275452704 -0.0547627006209087
v -0.18882447689231 0.19070651951386 -0.361074746440281
v -0.188674207087996 0.190508642061587 -0.361035048067894
v -0.188627367124225 -0.337313221902083 -0.146483495431686
v -0.188608403072552 0.15418951580912 -0.297826617003072
v -0.188572647382872 -0.337324447802921 -0.149089076623629
v -0.188397321898262 -0.0259456590438947 -0.343021927832194
v -0.188317544242402 0.337345683482866 -0.0304847984662878
v -0.188027267251414 -0.195935369190382 -0.363546481591365
v -0.187897733012002 -0.287343669768707 -0.06392301980692
v -0.187860882207886 -0.0101066781964386 -0.343001628854047
v -0.187718601524903 -0.33749965758783 -0.189756041955252
v -0.187633601486987 -0.337517095572245 -0.19380347519652
v -0.187367838376696 0.337695376574347 -0.193822823246869
v -0.187318637207233 -0.0326305065402644 -0.343016013007151
v -0.186997300433621 -0.212321743540685 -0.367651044583435
v -0.186796766043756 0.128696000630292 -0.297820818830525
v -0.186712353699695 -0.0439059993244698 -0.297839528576128
v -0.186562143128688 -0.28755502179629 -0.118330862056228
v -0.18620127915533 -0.27472012197016 -0.297826005595895
v -0.186122765368639 -0.337821843350048 -0.160501060559627
v -0.186087156215017 -0.337834352943084 -0.267440312932611
v -0.185994476617825 -0.22819621291814 -0.371590608922413
v -0.185935238571064 0.187592874615975 -0.297800226614996
v -0.18589191283962 0.338018432328986 -0.205068410483261
v -0.185860921450428 -0.278675315024452 -0.384220948679711
v -0.185846035602799 0.337957502374512 -0.127298057601256
v -0.185830370471986 0.33806208799999 -0.238762586277003
v -0.185532041686131 -0.277553260550889 -0.383929018521948
v -0.185299646973163 -0.117356859031504 -0.34362471369363
v -0.185261058017233 0.287705624605922 -0.154577797697208
v -0.185001225820109 0.111726460950406 -0.297817090429972
v -0.18489557079084 -0.287819690298108 -0.187388710768097
v -0.184466336329277 -0.338156920018845 -0.143436006311497
v -0.184418902623311 -0.271784863882057 -0.297824641503182
v -0.184318726736115 0.287829318937958 -0.170354203884087
v -0.184286795149615 -0.338203701815962 -0.353167818485086
v -0.18428550252938 0.0387784235601159 -0.297799445805081
v -0.184162187803017 -0.338229265345358 -0.359101226623403
v -0.184048864251976 -0.338251970381113 -0.35350451825379
v -0.183976574857907 -0.287942251401801 -0.196434930255671
v -0.183481679612716 0.0748143136630034 -0.342858476422
v -0.183417505012073 -0.061410605471928 -0.297871989528328
v -0.18337322362612 -0.140690030459859 -0.349455024816201
v -0.183021013240209 -0.338452379201433 -0.190969422454896
v -0.18279069019638 -0.2880219367017 -0.0176621235108472
v -0.182546450077046 0.182413807749909 -0.358053400092272
v -0.182338733913677 -0.0617236376443941 -0.297856413502198
v -0.18232440936811 -0.338597474995425 -0.268338892990053
v -0.182290558867975 -0.0588192398496259 -0.2978647779338
v -0.182276295277345 0.0859733108057474 -0.297811432170463
v -0.182178288174833 -0.0518783041914008 -0.297849792407188
v -0.181891598617236 0.288145144018373 -0.264239618598368
v -0.181547531127602 -0.0212182330464059 -0.343018785876557
v -0.181241387228569 0.118076928739579 -0.34276199489556
v -0.180905551924184 -0.338879446182399 -0.15164896893358
v -0.180766481573684 -0.338909614934124 -0.191397538380246
v -0.180640613864416 -0.325467053966857 -0.392116107522111
v -0.180479028260811 0.339005723908462 -0.0289195740808555
v -0.180453556062993 0.339311313194212 -0.359344512865549
v -0.180161461414876 0.160295025966184 -0.297869028671617
v -0.180034749912859 -0.0709407962412647 -0.297796608145362
v -0.179984054882217 0.288406091342691 -0.0932525906083025
v -0.179970770537868 -0.339069040290569 -0.152099770413951
v -0.179944744019127 -0.339074254855707 -0.150814399156789
v -0.179881247142615 0.3391914912545 -0.0939289620393698
v -0.179848288753762 -0.23171792529093 -0.297816996180939
v -0.179719626552781 -0.339119358455756 -0.139696526512774
v -0.179692304586093 0.339357816388274 -0.232923997731761
v -0.179302660205006 0.288490149954317 -0.208169397952611
v -0.179302035876855 -0.288475208857804 -0.130136798244669
v -0.179099920934798 0.339454283244222 -0.200897945030439
v -0.17909288448974 0.0733366128730494 -0.342865249686276
v -0.178864369436811 0.339568145971144 -0.271272302286376
v -0.17886408452797 -0.0745798403715101 -0.342948095804453
v -0.178556892629917 -0.056005235501449 -0.342990529498525
v -0.17850962169133 -0.329389041905938 -0.389520170994586
v -0.178353661633036 -0.0436205877943381 -0.342999369148871
v -0.178330939093739 -0.203141282258952 -0.297812511208625
v -0.178279569951006 -0.0638903639701286 -0.297794734665225
v -0.178235330079971 -0.339416745928841 -0.0663916007844418
v -0.178201687489982 0.339675243804604 -0.234546682395936
v -0.17815367031094 0.339683003991627 -0.231885585810833
v -0.177970907187201 -0.111272917019539 -0.2978006022953
v -0.17794793080465 0.172957972851458 -0.297915318691595
v -0.177860735345191 0.0442421267917361 -0.297802263355486
v -0.177742623114864 -0.330502557813213 -0.387179000210607
v -0.177681766884532 -0.182256348624421 -0.359770872115894
v -0.17762123272731 0.174817998500688 -0.297915083278675
v -0.177617446929971 -0.210487280327126 -0.297813051187146
v -0.177599157437003 0.339772620326745 -0.201154661073849
v -0.177578818737686 -0.339548281813155 -0.0339684858153923
v -0.177575396003857 0.00851952129867806 -0.342981967155207
v -0.177551546673678 0.339780314831818 -0.198516087916747
v -0.177461374181274 0.288733022161156 -0.216361925334839
v -0.17723472393434 -0.339617223218018 -0.0169746813667428
v -0.17714594569854 0.174194622755165 -0.297921434324421
v -0.177105350732502 0.0371030335039458 -0.297800694815628
v -0.177018432146142 -0.339496524409036 -0.26955053531074
v -0.176957948478618 0.288808219883559 -0.0495361724015267
v -0.17678607570204 -0.116760942037419 -0.343440587578571
v -0.176605702317804 0.339933175313062 -0.146097698589034
v -0.176581254075059 -0.200039880528842 -0.364225942273211
v -0.17636365024177 -0.203472585249946 -0.36507781065478
v -0.176123790790876 0.288912784229385 -0.15829345213656
v -0.176092180427789 0.340016166983678 -0.11763848096831
v -0.175981469251701 -0.339612933764568 -0.364948951421755
v -0.175847495917345 -0.288906300888451 -0.127366284641767
v -0.175701485100206 0.340079308319167 -0.0959862718468357
v -0.175545195349164 -0.0878559708250097 -0.342913322673585
v -0.175321693173909 0.340140687526291 -0.0749383257100934
v -0.175272990200835 0.282834087509049 -0.297723109540241
v -0.175242948077898 -0.117146407795151 -0.343512755361644
v -0.174900969916639 0.0384308482781626 -0.342931292466077
v -0.174850306641193 -0.339912184772361 -0.192543108398153
v -0.174531158426173 0.340268447998961 -0.0311271448042917
v -0.174468841776663 0.340278519162334 -0.0276735761749977
v -0.174208117246008 0.112234256995869 -0.342812519057443
v -0.174074796732076 -0.306655109115799 -0.393325352939575
v -0.174022701363869 0.216215106574732 -0.364714873410873
v -0.173980942065428 -0.340135760570444 -0.0703363054957565
v -0.173975532306343 -0.162237269433705 -0.354601651489774
v -0.173604946039231 -0.340232286699895 -0.017754212575451
v -0.173584870839175 -0.0352141024142546 -0.343000913574474
v -0.172962656078726 -0.0948998283931053 -0.342893841368905
v -0.172863811045956 -0.289397980827858 -0.273152226077257
v -0.172306577292508 -0.289365474396174 -0.146008858751268
v -0.172117316422334 0.340622818817257 -0.0271829881299412
v -0.171896485848257 -0.10349329725747 -0.297796236845058
v -0.171887007916686 0.340643313682703 -0.0751839472252061
v -0.171678871724479 -0.0174146829308803 -0.297788637674921
v -0.171649881201865 0.340632234871457 -0.241516115218362
v -0.171638256793752 -0.289474756962273 -0.0461525967824677
v -0.171583870740257 -0.340562707114704 -0.373660798466273
v -0.171391903329086 -0.0168944047847153 -0.297788830965306
v -0.171386600147602 -0.340509260212312 -0.371454879825657
v -0.171370063784146 0.119182270508491 -0.297821934780189
v -0.171335071085474 -0.0174315228065557 -0.297788712954378
v -0.171258659109201 -0.018153687671659 -0.297788554286557
v -0.171192441702139 0.289568906156441 -0.071433828636509
v -0.170822372432733 0.165898999438833 -0.297912274703058
v -0.170431988116623 -0.191770788300149 -0.297806674692064
v -0.170247076368076 -0.289632543019835 -0.15685192030682
v -0.170005742937022 -0.0304226647472394 -0.297785848201631
v -0.169967598400213 -0.0303554226379788 -0.297785873426836
v -0.169956732047954 -0.0304581198615816 -0.29778585086309
v -0.169807962448631 -0.0300740125877862 -0.297785977370547
v -0.169329474145603 -0.289751534353957 -0.161683002081899
v -0.169263357521498 0.289821833901911 -0.109341826943766
v -0.1691955906795 -0.105168426073229 -0.342913377282992
v -0.169184667424664 -0.161240961659376 -0.297802090761704
v -0.16917455537363 -0.105261254155504 -0.342632042677103
v -0.16899734191377 0.0240511641173543 -0.342962444004924
v -0.168684910027787 -0.0690462523524557 -0.297790062647085
v -0.168415773744493 0.275775557795666 -0.3802065699153
v -0.168390309348511 -0.289883218389111 -0.121394111533355
v -0.168172645902817 0.107228867940362 -0.342815282267052
v -0.168164146489714 -0.113669774139997 -0.29779546082212
v -0.168149931957138 -0.341153794505024 -0.023484843103027
v -0.16793690015273 0.289991884546978 -0.209711719900585
v -0.16787786763239 -0.341163234139333 -0.0823811743015246
v -0.167649456832389 -0.0245009807889365 -0.297787812873607
v -0.167315472018055 -0.133208959879923 -0.297797479780413
v -0.167187475967062 -0.114479640841836 -0.29779502157114
v -0.16714742775509 -0.02538395283991 -0.297787886844623
v -0.167058706542536 -0.290049437431719 -0.157923802879635
v -0.16697856986783 -0.287566912442782 -0.291603430859586
v -0.166931631975569 -0.0111309787139164 -0.343012081656197
v -0.166747823017847 -0.152174156694109 -0.351836023216048
v -0.166513595880674 0.290177200728496 -0.262621541689757
v -0.166505880714186 -0.341432596693343 -0.0234867933853743
v -0.166291320359104 0.154864584740662 -0.350826603321436
v -0.166174272026056 -0.341461993201421 -0.0665602023710416
v -0.166039137604161 -0.341473972622549 -0.084113120707176
v -0.165696908997728 -0.341504310567102 -0.128565975107926
v -0.165692568874782 -0.00656147034905803 -0.297792611540177
v -0.165636709620059 -0.290258737556441 -0.05159839326415
v -0.165620140744499 -0.341511115933357 -0.138537578647923
v -0.165563493643118 -0.163752608352632 -0.297800399574235
v -0.165534689193309 0.341585955312847 -0.028214216258782
v -0.165461891530765 -0.341525144438811 -0.159092930026784
v -0.165323434283796 0.341604503591637 -0.0731560052514579
v -0.16529975368437 -0.0818622804266108 -0.342914272903444
v -0.165227767092748 -0.115951905229737 -0.343190611817154
v -0.165191841834106 0.341616057469599 -0.101150621427033
v -0.165187864587026 -0.341549436429803 -0.194686914874778
v -0.165165303528069 0.341618387545147 -0.106796307735012
v -0.165164219958687 0.154822504012303 -0.350785339857267
v -0.165140896069312 0.155522389911597 -0.350956972986313
v -0.165030965640292 -0.0177403151836396 -0.297790039529198
v -0.165015034494812 0.159299150289831 -0.35188314852725
v -0.164958480106187 0.341636546737272 -0.150795354225504
v -0.164859804736796 -0.116929125227965 -0.343397162817675
v -0.164824081200646 0.341648347023357 -0.179387008107459
v -0.164751996372876 -0.188374107024254 -0.297803086940203
v -0.164712236309093 0.341658167056579 -0.203180583024608
v -0.164621449069082 0.341666138218253 -0.222494411011861
v -0.164563543318379 -0.341604781376646 -0.275781428696077
v -0.164493428429048 0.341677378489675 -0.249729170215256
v -0.164399176994831 0.341685653809204 -0.269779961359669
v -0.163912534930948 0.341728381207551 -0.373306856902313
v -0.163892388140005 -0.290489995443642 -0.0376519422474865
v -0.163812821486995 0.0478624104560676 -0.342924989641952
v -0.163810089433 -0.341671573695487 -0.373649272689322
v -0.163807848185579 0.133071512561534 -0.297826994584497
v -0.163793073357957 0.195966849893436 -0.360875174262061
v -0.163683598899235 -0.120043122591317 -0.344134528345868
v -0.163634653178785 0.141860315473674 -0.347645478971339
v -0.163034876478821 0.156691122014222 -0.351332070730456
v -0.162867656837755 0.155803021434489 -0.35112270718754
v -0.162770561692624 0.0356009706697299 -0.342947782316624
v -0.162098352932487 0.156131475669078 -0.351235718670796
v -0.162032692657666 -0.145410419336417 -0.350189875554251
v -0.161969685455706 0.290785959940397 -0.10210156490693
v -0.161949915193966 0.150879017700396 -0.349875639664789
v -0.161922381907036 0.124258450440081 -0.297825270140259
v -0.161908673550045 -0.341728063772004 -0.277119376804379
v -0.161896060536595 -0.290715472518835 -0.200819163845257
v -0.161840849610009 -0.276700708706436 -0.297812727535465
v -0.161826213646375 0.341778441559232 -0.269473617180717
v -0.161495915096091 0.341786366926101 -0.253035128629149
v -0.161373718258234 0.341754314210067 -0.103021637091649
v -0.161272163655898 0.121839591293075 -0.342795812684254
v -0.161215910319937 0.290889628829451 -0.0238789863703641
v -0.161072508375399 0.244317547186012 -0.373302144758455
v -0.160826862133358 0.341802420554493 -0.219737315305982
v -0.160597683934531 0.143675115235796 -0.348138940468217
v -0.160505515479307 0.341810131124591 -0.203744349883778
v -0.160370574438348 0.110061073488628 -0.297822161841116
v -0.160307479095833 -0.341775634426089 -0.195830935205611
v -0.159872690723786 0.341825315473257 -0.172249562849937
v -0.159638998621817 -0.341795494633141 -0.161893935343384
v -0.159581387082251 0.34183117523919 -0.153103093547982
v -0.159487096998161 0.341834567623275 -0.153059112153787
v -0.15929831566338 -0.0180209394654281 -0.297792471720189
v -0.159206863768488 0.291151438996273 -0.0941504165493175
v -0.159095506447913 0.129058890724107 -0.297827066328565
v -0.159074095497787 -0.34181227761102 -0.133215285797821
v -0.159042568935884 -0.341796831564103 -0.278565707484244
v -0.15887278444975 -0.341818258457509 -0.122995252042081
v -0.158800466496572 0.147015100387841 -0.348984294787455
v -0.158570908718425 0.341856551153726 -0.107461725987355
v -0.158563115094402 -0.291160005677942 -0.162016051983763
v -0.158552384030649 0.308856291130908 -0.393660438725026
v -0.158509092375561 0.121142507055607 -0.342671366974672
v -0.158468126133665 0.120848523398468 -0.342800223689229
v -0.15830386791609 0.341862958679056 -0.0941714854815353
v -0.158270323057331 -0.291223266772054 -0.0479530246652343
v -0.158247933075371 -0.341836822466712 -0.0912731871045133
v -0.157833960279557 0.341874233903882 -0.0707848514899626
v -0.157674217344847 -0.341853867262544 -0.0621471446477061
v -0.157105843128193 0.329379422870582 -0.392073667911836
v -0.157003597994985 0.341894158077736 -0.0294589028994092
v -0.156919338589217 -0.341876294317588 -0.0238239306996375
v -0.156516127050568 -0.330823345915339 -0.391130366521021
v -0.156374693011547 0.341909659578546 -0.268815124529681
v -0.156087015008325 0.341916344871881 -0.111396616838906
v -0.156039382620727 -0.291493109409787 -0.148632482902942
v -0.15593983742864 -0.291494456928118 -0.20199834300443
v -0.155909024729984 0.152441285586238 -0.350498705331054
v -0.155883526099048 -0.172563820838608 -0.356644720461052
v -0.155859313657275 0.0970120736005778 -0.342845083318458
v -0.155497786744539 0.291636353680496 -0.193817304773362
v -0.155135453426448 -0.172990332916171 -0.35674211694638
v -0.154878657059943 -0.174449717585511 -0.357089490243768
v -0.154257646112443 0.07654956329249 -0.297815369760518
v -0.154158309450917 -0.173547449520408 -0.356869337726341
v -0.15390058093269 -0.12826488763467 -0.346040438562248
v -0.153746984454344 -0.173779546178915 -0.356989017963854
v -0.153508906649987 -0.285172968839116 -0.384757191953194
v -0.153441072996658 -0.173954870243594 -0.357003994335552
v -0.152775012315411 -0.341960203668463 -0.165194539990486
v -0.152655143747622 -0.116673724721179 -0.343261291842415
v -0.152496726253244 -0.11506078171094 -0.342915272947509
v -0.152419328428848 -0.113195534149365 -0.342804398168454
v -0.152169055533845 0.342010597770263 -0.0764816771559752
v -0.152011453108961 -0.162000529638151 -0.354095244904846
v -0.15188920815915 0.292121937383581 -0.0253271779590952
v -0.151751146564637 -0.341972386477554 -0.276787941637105
v -0.151275982847978 0.342032220936648 -0.159912941101608
v -0.151197251039988 0.292200171522036 -0.27905089045557
v -0.151136905007738 0.292209283517265 -0.257169590177093
v -0.151101316300631 0.292214657261275 -0.244265225835262
v -0.151070482858905 0.0877971972738877 -0.34286599580893
v -0.150978651917519 0.292233179063487 -0.199787468138442
v -0.15096411519677 0.292235374046739 -0.19451649439081
v -0.150943410130073 0.292238500424098 -0.187008895882882
v -0.150832004651127 0.292255322179477 -0.146613584930113
v -0.150758226303318 0.292266462397452 -0.11986176509541
v -0.150632356799776 0.292285468159271 -0.0742218398139245
v -0.150607070938669 0.292289286217181 -0.0650532582344602
v -0.15055582170689 -0.292234760806583 -0.0378102168197639
v -0.15049743720064 0.292305840447187 -0.0253003755173801
v -0.149797700772849 0.342067786147135 -0.148533945280574
v -0.149784956115802 -0.342030971776156 -0.175437522291917
v -0.149678048381958 0.037932681184407 -0.342956000382674
v -0.149498086378714 -0.342050979966816 -0.0578507203345468
v -0.149480990876882 0.342075588216495 -0.266226166691201
v -0.149436930583901 -0.16763370826329 -0.355426390695944
v -0.149389965234771 0.068454078719785 -0.297814482937844
v -0.149240378537808 0.292094752203981 -0.246099204520938
v -0.149177442022237 -0.292364776921276 -0.26778138843896
v -0.149038303893889 -0.108770871784184 -0.342485374739353
v -0.148977783428808 -0.10866118919618 -0.342864095265088
v -0.148860666112858 -0.012019290973878 -0.342994045778851
v -0.148458429378179 0.34209984360429 -0.0306955837598934
v -0.148428849841665 0.342100611960315 -0.0677994494794847
v -0.148416903206085 0.342100899466278 -0.0677655079317139
v -0.148416871833947 0.342100900263959 -0.0677935134701962
v -0.148364675948788 0.342102227418577 -0.114388164682885
v -0.148346247009357 -0.292489081567155 -0.196658481611982
v -0.148327549942262 0.342103171400097 -0.147530112937528
v -0.14826586125075 -0.292482987415434 -0.272580767890963
v -0.148262774920916 0.342104818397144 -0.205354010698663
v -0.148256942768 0.342104966687927 -0.210560304836684
v -0.148251159403712 -0.292486006639514 -0.267572234538326
v -0.148209140563383 -0.292514467074311 -0.162615898444175
v -0.148204561478445 -0.342085842209955 -0.0241838221307367
v -0.148195164055069 0.34210653749957 -0.265709433406489
v -0.148193195719093 0.342106587547312 -0.267466543722346
v -0.148134895195891 -0.34208397116403 -0.0559955599704407
v -0.148087323355689 0.342109279502733 -0.361977554139042
v -0.148063896872293 -0.292524463545141 -0.203776805845815
v -0.14804557998858 -0.292528225166129 -0.197536724394835
v -0.148037183841344 -0.342081346904129 -0.10061352838883
v -0.14800768730074 -0.342080554707674 -0.114082543563497
v -0.14798534335263 -0.342079954610302 -0.124285468041814
v -0.147956491919388 -0.170350442648586 -0.356474925828077
v -0.14794467292311 -0.342072057156556 -0.114029029422068
v -0.147943316593496 -0.292549226344015 -0.162698270169721
v -0.147942892117199 -0.292549313515991 -0.162553662238354
v -0.147906784448302 0.0264724983453683 -0.297804601217969
v -0.147895200026789 -0.342077533606965 -0.165447644987584
v -0.147881459217347 0.342057256690607 -0.210269451216411
v -0.147860861024172 -0.342076611355216 -0.181127875206479
v -0.147857463470767 -0.292566857449467 -0.133450364956053
v -0.147822190445658 -0.342075572769179 -0.198786034372005
v -0.147795152341159 -0.292579653886708 -0.112222598805915
v -0.147719624571287 -0.292595164540634 -0.0864922702628756
v -0.147656328755702 -0.342071118177549 -0.274523513179583
v -0.147574512549631 -0.292624965266278 -0.0370564137688013
v -0.147465669414137 -0.342065997588778 -0.361584351912677
v -0.147375078417058 -0.171866824493463 -0.356643237890721
v -0.146904247385989 0.291983924292891 -0.181407307123056
v -0.146770163109302 -0.29232553529249 -0.267178057721467
v -0.146550788862662 0.0299735346461347 -0.297805754300004
v -0.146208456727031 0.150975907071877 -0.297931841520172
v -0.14617372112067 0.0309470834294353 -0.297806074942669
v -0.14613338521097 -0.17723124148452 -0.297808407726616
v -0.146080875393625 0.0298638910044494 -0.297805939637979
v -0.146041978880805 0.291998686159975 -0.0635765239333471
v -0.145777617770092 -0.292275648850536 -0.204348883997585
v -0.145704042804616 0.0976640315127228 -0.342853514919451
v -0.145342740768489 0.0811505910681059 -0.297818471085672
v -0.145270633773902 -0.103784023040242 -0.342838583579768
v -0.144783033844885 -0.341648195811333 -0.121887066306745
v -0.144430584726677 0.341629577936533 -0.270870164876249
v -0.144153594962883 0.341593241616935 -0.26396898412693
v -0.143918870290321 0.291785073003254 -0.195312327883646
v -0.143775544941562 -0.179451015631762 -0.358662420580742
v -0.143718346905495 0.291810367386076 -0.131014371954993
v -0.14313765299315 0.291818130377085 -0.0553378274140956
v -0.142140422516462 0.291636962801147 -0.253637693262537
v -0.14196079682847 -0.291960302727573 -0.0967563071077656
v -0.141914167640581 -0.341246379120812 -0.0561316675362144
v -0.141840755805915 0.341289836676488 -0.206344756979732
v -0.141826745467617 0.341287998759725 -0.205995690372977
v -0.141772647627413 -0.154387492736181 -0.297807675068132
v -0.141767974381404 0.291679126826252 -0.142342131729242
v -0.141463102084536 -0.341219697801505 -0.200393911285825
v -0.141373283714289 0.341226913283191 -0.206040157025496
v -0.141352846882894 0.341198085304052 -0.0316191737555405
v -0.139674206056062 -0.0846420008473085 -0.297801576533249
v -0.139308304334981 0.291496215885304 -0.185993794958526
v -0.139230041046449 0.340947355551619 -0.141298979860825
v -0.138906214973925 -0.340891723374304 -0.269493188601192
v -0.138799563778887 0.340875513962771 -0.0405160225986969
v -0.138471358124821 0.291517558942456 -0.0597845043715467
v -0.138323942420479 0.340828490909077 -0.118723595453586
v -0.138010566743025 -0.291588275766361 -0.0349461420304313
v -0.137992330802892 -0.340730900992166 -0.109504099050795
v -0.137947834256766 -0.0111318140162133 -0.342984192953217
v -0.13673955561878 0.291427792602202 -0.0246682193640342
v -0.136490208299943 -0.139935717690387 -0.297808080487007
v -0.136060780738996 0.291371897301935 -0.0458599505596246
v -0.136028823248437 0.340527410527584 -0.0615408605015405
v -0.135747354492705 0.0708834942782222 -0.29781810722579
v -0.135730024045384 0.291344660370729 -0.0561863594337844
v -0.13559351057812 -0.0946181434651649 -0.297803957209736
v -0.134981517904355 0.340390021978711 -0.0354473205084578
v -0.134962614065631 -0.200768091274685 -0.297814555802378
v -0.13483256742951 0.0602287353653339 -0.297815718986288
v -0.134813552830219 0.340367987833725 -0.0312624823386074
v -0.134734820399774 0.14906026888781 -0.29795698986338
v -0.134315621954729 -0.202129489154883 -0.297812630192706
v -0.133793770342318 0.291099446696536 -0.261390207779801
v -0.133598571692475 0.291127496366678 -0.193015885583844
v -0.133544694682948 0.112039506921907 -0.342839430504144
v -0.133415572604777 -0.340136719829753 -0.20304584779619
v -0.133261260069692 -0.290865594194753 -0.259461678515182
v -0.133193939220374 0.291135820552079 -0.135364345392692
v -0.133159059001683 0.291132948259136 -0.136453325318958
v -0.13283191059508 -0.340058387669001 -0.204139752764446
v -0.132433339697392 0.0322940094887104 -0.297812231656067
v -0.132419232763181 -0.290916274874374 -0.105246145325929
v -0.132328169056364 0.114537426289853 -0.341492206812154
v -0.132199011714414 0.291003753181646 -0.135795661374134
v -0.132017046174447 -0.290902441852634 -0.0425681282132494
v -0.131892741110052 0.105895373239664 -0.297827480482964
v -0.131695328620992 0.339948001850771 -0.0310891055035969
v -0.131563209259564 0.114210126420137 -0.34151964284874
v -0.131557883698656 0.29100109574513 -0.186442913368443
v -0.131341909484769 0.290983310844871 -0.193185749059896
v -0.131083321605246 0.0799467287144545 -0.297821348768063
v -0.130787580251846 0.115165376793222 -0.341811780981834
v -0.129801596963511 0.0225746685413526 -0.297811794958486
v -0.129574095491767 0.290837736079365 -0.248377890164752
v -0.129374619393391 0.290810974884195 -0.248291716649091
v -0.129309679933889 -0.339575171750071 -0.166244075965632
v -0.129073061365121 0.290796477255877 -0.26402045568672
v -0.128731711983891 0.117707168407629 -0.34266135099545
v -0.128541088847298 0.290752670738424 -0.280628935076431
v -0.128523963357784 0.112103285480693 -0.297856391408771
v -0.127604108989206 0.290601706267317 -0.26479092477916
v -0.12713539368699 -0.339249290801078 -0.025975292345306
v -0.127037997210569 0.339320639834796 -0.0313795446810169
v -0.127015191425981 0.0804123683025893 -0.297822366556475
v -0.12690606540918 0.0619419879174834 -0.342934804285109
v -0.126861929278725 0.14759240699905 -0.3502813658965
v -0.126596710584995 -0.0827767933121076 -0.297805896812283
v -0.12652119061219 0.290427228450502 -0.246486078353516
v -0.126464000626475 -0.14133757108158 -0.297811669696918
v -0.126385881879578 0.33921249833564 -0.175404587668682
v -0.125856579062092 -0.339088439538115 -0.0740210042876142
v -0.125710263753427 -0.290191543366189 -0.101062770274009
v -0.124904802595961 -0.0152186306032655 -0.29780779039014
v -0.124765547781807 -0.338951760848053 -0.117353761863327
v -0.124723465087451 -0.194815182819833 -0.363078127151737
v -0.124552506555274 -0.290043992673879 -0.0319881414746941
v -0.124410189011499 -0.290042091975651 -0.110030569568754
v -0.124281485323592 -0.113085824195846 -0.342305051627644
v -0.124164992009279 -0.0760027201368974 -0.342876121247577
v -0.123904705698555 -0.289986517405628 -0.11076801174547
v -0.123693446060225 0.338866770637598 -0.0553091050523908
v -0.123401039489297 0.289924515441278 -0.193745365533853
v -0.123342780522948 0.338819603585957 -0.0548410963120724
v -0.123176715617139 -0.338733788469658 -0.100259517905022
v -0.123139036006429 0.118475027455548 -0.297891312629454
v -0.123006546596257 0.289860955472044 -0.18707715121932
v -0.122918954880907 -0.33869632636187 -0.166516887650018
v -0.122797713266338 -0.338681676175037 -0.100023013434173
v -0.122665743551867 0.172967224770658 -0.357028406897462
v -0.122216437426163 0.338634611552908 -0.290895443515855
v -0.121495547821556 -0.132635858551008 -0.346886949905929
v -0.120896347631525 -0.338420944077095 -0.0757250406155748
v -0.120887806048837 0.0555025581696569 -0.342945775941751
v -0.120802788751449 0.096452130901262 -0.297827649324348
v -0.120747965262156 -0.13272001762416 -0.346993586504344
v -0.120710318195766 -0.145834136226491 -0.297814090499511
v -0.120505629385651 -0.188361651758184 -0.361561310002134
v -0.12024563788403 0.289416122939179 -0.140408804790678
v -0.120211547418799 -0.204749214355851 -0.365717311007324
v -0.119829770627032 0.0432460764050231 -0.342962125923403
v -0.119487185665232 0.289293922512903 -0.127588492862341
v -0.119458977041496 -0.33821526391483 -0.0243086714326511
v -0.119439637602058 0.122482289310336 -0.297914126528265
v -0.119352287786321 0.289105878695446 -0.0237041826150094
v -0.119222283956219 0.126632782698033 -0.297927915267366
v -0.118803632360071 -0.289338180196036 -0.213162553647541
v -0.118744823543191 -0.215555977395485 -0.297778230316792
v -0.118706510254029 0.338184912642715 -0.127239678902902
v -0.118422114380868 -0.208689985040464 -0.36675566691336
v -0.118266308445014 -0.0830126885605301 -0.297808788112041
v -0.117975660124803 -0.289303347192168 -0.096239023280121
v -0.11789061385527 0.152061792306997 -0.298012395339088
v -0.117811721911222 -0.0673018503094836 -0.342888200282542
v -0.117743250758061 0.338048285006363 -0.176048376367771
v -0.117676725402154 0.124389712778841 -0.297906382330914
v -0.117643819866259 -0.206993441044797 -0.366356357449969
v -0.117356076386938 0.0815180066444884 -0.297826720275574
v -0.117181720459704 -0.150536007046378 -0.297815765264933
v -0.116773957558973 0.3379643514094 -0.0460828950052861
v -0.116609342669822 -0.337825901461305 -0.256666676524714
v -0.116224058922159 -0.337779951337159 -0.0254558902184169
v -0.115985768910403 -0.289087300890695 -0.153333906272568
v -0.115629288863857 -0.289026686682703 -0.0609891258524836
v -0.115554605048098 0.145702463106884 -0.351013052342302
v -0.115306348342783 0.337721264252021 -0.167403381776739
v -0.115139651011472 -0.22372708781997 -0.2977671390582
v -0.11503006650274 -0.0110479421004501 -0.297812733711798
v -0.114832674757658 0.0248254428820451 -0.342988184194532
v -0.114815134440889 0.28850786027981 -0.0282654282470265
v -0.113813670161212 -0.0216561617671919 -0.297811541342525
v -0.113573743443413 0.288341159580239 -0.0276320658456168
v -0.113363543230936 0.28830729250868 -0.024078997867747
v -0.113240818364812 -0.139402723739394 -0.297816033326462
v -0.112564502145661 0.337358171517523 -0.123274196728019
v -0.112497690262442 0.337324823895813 -0.295982844460454
v -0.112026037486085 -0.288637662765439 -0.174618267377127
v -0.111782398207911 -0.288563499546383 -0.226381091546039
v -0.111759271403436 -0.33716293448989 -0.125066494279831
v -0.111543385109171 0.0126630678204248 -0.342976146213493
v -0.111501360840567 0.337214019664866 -0.130024259506242
v -0.111424488069201 0.275536198340069 -0.298422601117371
v -0.111086718079931 0.337228172996697 -0.0323836187385716
v -0.110698620313973 0.138050492081349 -0.349628617576278
v -0.11050582605792 0.287706690774857 -0.188118188022832
v -0.110149062458646 -0.336937804765502 -0.246625163873798
v -0.110106624803162 0.124097146718315 -0.297841183683462
v -0.109746372080084 -0.336884982836045 -0.16262858203498
v -0.109479900957675 0.038555206983034 -0.342972719374231
v -0.109439672668569 -0.130967907754434 -0.347613263778446
v -0.10918826617859 -0.229028867163658 -0.372080367426455
v -0.109150463034005 0.336912020349325 -0.121070023369441
v -0.109150432931256 0.336905095927814 -0.130930614830716
v -0.10897248319307 -0.33678107812375 -0.0798305855124382
v -0.108428981853514 0.336790576197737 -0.198177328045966
v -0.108337771498353 0.336771197062401 -0.248493323133944
v -0.108288030434496 -0.288188138740171 -0.0773779842869574
v -0.108056439615796 0.217526391496081 -0.368504222429944
v -0.108043171753753 -0.336650493195712 -0.171492853466445
v -0.108005827700285 -0.115739372021314 -0.342764223868021
v -0.107807382556144 0.0401448472166098 -0.297824146459902
v -0.107745656376171 0.336682394261367 -0.312670224274078
v -0.107531550820917 0.0471659192473588 -0.342962406340346
v -0.107418928814198 0.287282956272892 -0.0244126428283231
v -0.107190778595044 0.0300995453763854 -0.342984678905168
v -0.107105180866338 -0.336518931017297 -0.256043532616639
v -0.106858802704991 0.00199130864063894 -0.342963853163626
v -0.106772122712663 0.28700589948425 -0.275319249356492
v -0.106603757549426 -0.0553988183903666 -0.297810103017364
v -0.106452540172545 0.336614545236645 -0.0408292478545384
v -0.106234444275057 0.0840173555549236 -0.342915064215591
v -0.105935946465354 0.0840515257014029 -0.342915285357504
v -0.105828481962314 0.336444831226526 -0.166042320678332
v -0.105702608883839 -0.287912604061008 -0.216221346743864
v -0.105489102665848 0.286812827998296 -0.232959385762189
v -0.10525744565926 -0.336268530180651 -0.134564572957225
v -0.105098118282163 0.286770537561772 -0.194985912767229
v -0.104672238919507 -0.0525472356866067 -0.297810489173687
v -0.104651091339122 -0.287800217847074 -0.214260101657753
v -0.104325199869707 -0.287749101183872 -0.149952625755352
v -0.104282625462676 -0.287720538385423 -0.0390980956961949
v -0.104004801513166 -0.144322450068321 -0.352572802087217
v -0.103908551661391 0.147565301496264 -0.35271264725492
v -0.103144544773096 -0.335981146784304 -0.0301018791330047
v -0.103036248301197 -0.0313906073181728 -0.342935821397888
v -0.102950365177559 -0.287589567689187 -0.141344559253877
v -0.102790542244199 -0.287588947506401 -0.224260931144793
v -0.10258262942498 -0.188080784809225 -0.297768099397628
v -0.102567118750942 -0.244889952846263 -0.376215994898891
v -0.102314627457136 0.286314575842209 -0.15928355622321
v -0.101804820907119 0.315084872691835 -0.395086124027815
v -0.10179457803811 -0.28745027651863 -0.25736701969613
v -0.101431863446958 0.285039894406092 -0.387426446924855
v -0.101397976415682 0.146605283614963 -0.297852203145696
v -0.101393460837543 -0.247712129358884 -0.376865061607415
v -0.101301909031942 0.28553700219263 -0.277833296294218
v -0.101196744007039 0.00797572248060495 -0.342962771072326
v -0.101081266581544 0.335794426699368 -0.243901194518994
v -0.100817454655003 -0.335659979990713 -0.067939445397204
v -0.100781062764473 0.21124920547665 -0.298090402829131
v -0.100681307575747 0.335746923318877 -0.19872259570227
v -0.100569719848851 -0.0464903139352327 -0.297813243245894
v -0.10044058872637 0.285998991549162 -0.148273206559854
v -0.10044044752317 0.286020740593037 -0.11528904576121
v -0.100370294832977 0.159760802081163 -0.356116980189848
v -0.10028108191425 -0.0414171066385253 -0.34292585557257
v -0.0999374592539396 -0.287230859454279 -0.079898996348656
v -0.0998279336046459 0.0175121790602132 -0.29783453020544
v -0.0998090577367526 0.335632498087122 -0.198784195373854
v -0.0997258637679389 0.00512875274665145 -0.297821968115923
v -0.0994935166446921 0.137957358330428 -0.350795649225115
v -0.099388817504584 -0.262712849713188 -0.297716652107185
v -0.0992221566802415 -0.147969874263884 -0.35291407831803
v -0.0988316266594546 -0.0392772271992364 -0.342926022057911
v -0.098798431611772 -0.312532323453771 -0.39385436341922
v -0.0987604092306733 -0.287117025541095 -0.179027751007709
v -0.0987099841524686 -0.3178949049628 -0.391922131848579
v -0.0984944394078935 -0.305331848014421 -0.394591167574068
v -0.0981499708639557 -0.287020437665313 -0.0546410573775036
v -0.0980004019653433 -0.0767502625238936 -0.342841538882919
v -0.0978974030018773 0.155652770906785 -0.297856632585813
v -0.0976431419835278 -0.286993079317467 -0.264263420747522
v -0.0975820875120875 0.219509362762249 -0.298094421167446
v -0.0975115179478324 -0.299213412493451 -0.392033176917182
v -0.0974055771946152 0.247778609480329 -0.298199377314743
v -0.0972582712569139 0.128832064749938 -0.348766979572514
v -0.0971980412516117 0.00780186583906462 -0.297835589688053
v -0.0970201465788362 -0.273833596390016 -0.382803332141336
v -0.0964417031014284 0.282117230809183 -0.295497494186611
v -0.0963131486794997 -0.286853422091447 -0.259078237894615
v -0.0957295775875102 0.282126236833222 -0.294363724343962
v -0.0956994084262346 0.195089687203889 -0.364531902674541
v -0.0956329685612922 -0.286751548239501 -0.147394516033739
v -0.0954044381757779 -0.284893692488892 -0.386896107207111
v -0.0954003282856099 -0.179590969993214 -0.297761299973265
v -0.0953721662853937 0.281840132306753 -0.295347023812337
v -0.09524221716313 0.281616912621048 -0.295568290765764
v -0.0949927830226516 -0.286699140938434 -0.245810694454741
v -0.0948837505116462 -0.334837653406644 -0.276294014401165
v -0.0946852691833408 -0.153729859350819 -0.353509672898442
v -0.0943359268253543 0.18032161562836 -0.361297033163368
v -0.0943020667031961 0.156292702085438 -0.29787419454693
v -0.0940551803210544 0.334848483464146 -0.240792990984022
v -0.0939712587926711 -0.286551202074464 -0.101766168880768
v -0.0937161289196864 0.0446461253156877 -0.297889162707559
v -0.0933789150526352 0.183585760824149 -0.36212731539104
v -0.0933041951645389 0.272140051664432 -0.298256385867248
v -0.0932589754906673 -0.120256618349693 -0.345805929535409
v -0.0931701654853975 0.284694243842349 -0.227390094839818
v -0.0931584179092781 0.284709764981994 -0.200811478044925
v -0.0931354929526268 0.284798234451128 -0.0608074400460747
v -0.0929865672485757 0.0977045140243872 -0.342903232111829
v -0.0929025804971679 -0.0244355826049309 -0.297820128924749
v -0.0927721485717071 0.275216781613461 -0.297308406101155
v -0.0927112189482273 -0.328395571515463 -0.387750325849769
v -0.0926950985208129 0.0755626455027104 -0.3429320627976
v -0.092667550894201 -0.300427959243867 -0.39266257468492
v -0.0925688290998046 -0.278307521839035 -0.297695585786877
v -0.0925676146811426 -0.187660908215688 -0.297751566390831
v -0.0925477866153842 -0.278354852779266 -0.297669036037767
v -0.0925377652406754 -0.33452203547808 -0.0462950344993566
v -0.092278021082474 0.170176473310284 -0.297863743053945
v -0.0922290464924547 -0.278315403335081 -0.29769501120094
v -0.0922238188092485 0.334664017291177 -0.0335560872647355
v -0.0920909003967035 -0.329001038644022 -0.386654156430134
v -0.0920681702317424 -0.27940991992979 -0.296263155956834
v -0.0919503971827818 -0.156946707960267 -0.354399522663607
v -0.0918611661006514 -0.305215712647336 -0.394702261179922
v -0.0916754491387081 -0.0784792703186316 -0.297817500210363
v -0.0916723711746892 -0.286306364230392 -0.189995638591089
v -0.0916699412062232 -0.2863261734274 -0.284036421658709
v -0.0916542805036595 -0.306068503997228 -0.394618632898375
v -0.0915422342160757 0.0856990496382258 -0.342919425109152
v -0.0914656692084234 -0.310208534868567 -0.394200434444581
v -0.0914636263572268 -0.286297501003441 -0.260591992187127
v -0.0913106873179344 0.165508665638888 -0.297875747076153
v -0.091253941761254 0.0410984531223704 -0.342977368779061
v -0.0910617437445418 -0.286257110974129 -0.287305606613476
v -0.0910588873028291 -0.286256517072964 -0.286059098482742
v -0.0910333568192691 -0.286248293634363 -0.286143288510618
v -0.0910145360330438 -0.286247295715254 -0.266704872506138
v -0.0909997876228943 -0.286244229278457 -0.260268888503597
v -0.0909023620471578 0.101314638163103 -0.343902482073401
v -0.0908370592138223 -0.286210395368472 -0.189256662309441
v -0.0908258216853622 -0.286208058901665 -0.184352774184294
v -0.0908079462104392 -0.286204342296722 -0.176552186224263
v -0.090794022738011 -0.286201447378032 -0.170476192615548
v -0.0907438502306919 -0.286191015689392 -0.14858166627687
v -0.0907298693994155 -0.286188108844855 -0.142480642130918
v -0.0907262885913543 -0.28615208400323 -0.287156047450531
v -0.0906777096975175 -0.28613782511834 -0.271581123574808
v -0.0906507101982706 -0.286160739310062 -0.0568571766463191
v -0.0906431107690793 -0.286170070300104 -0.104620482882354
v -0.0906033060382043 0.206864804365587 -0.367677668944827
v -0.0905311547579434 -0.286146792805875 -0.0557645662546572
v -0.0904942970850274 -0.286139129490079 -0.0396804330597833
v -0.0904856406446786 -0.2861373296739 -0.0359028929019909
v -0.0903900951172409 -0.286048488374341 -0.259804588071568
v -0.0903817141871819 0.131634978454566 -0.35019342770025
v -0.0903573890339955 -0.334217116302802 -0.213267142013329
v -0.0903073644176594 -0.235195360248634 -0.374160453035982
v -0.0902441154233269 -0.15220111874405 -0.353245548883759
v -0.0900334323390307 -0.283856839235171 -0.28931620113209
v -0.0898317663063021 -0.334148752156979 -0.0844581007283713
v -0.0896482476988689 -0.285831873782584 -0.176242662088361
v -0.0896323373999599 -0.285809581052085 -0.286668320781456
v -0.0893310709111452 0.0941480101008598 -0.342909436346188
v -0.089234243044168 0.0935988144631117 -0.34291019051189
v -0.0891829318536363 -0.187661110596788 -0.297745891119453
v -0.0891782401014338 0.093632741816711 -0.342579170902412
v -0.0891690937262771 0.093694422131561 -0.342642824253654
v -0.0891580494200984 0.0937106298279355 -0.342597499530182
v -0.0891255689722919 0.284043705442468 -0.157327254987963
v -0.0890363285160219 -0.0332476365710639 -0.342920995938889
v -0.0890157740630708 0.0938412516271143 -0.342909971478865
v -0.0890043267394272 0.0536896991789475 -0.297918815758738
v -0.088912097722593 -0.179600916050518 -0.297750414921132
v -0.0886143848480094 -0.285496930196776 -0.187097164793662
v -0.0885002270344795 -0.285472476754728 -0.140045729548104
v -0.0884391737792536 -0.333950762132957 -0.297617338457236
v -0.0884122783113549 -0.13577728172293 -0.297776642000822
v -0.0883939858481181 0.152666789275759 -0.355627394714128
v -0.0883861132708115 -0.285426026143739 -0.177750460844698
v -0.0883730609226479 -0.285458837865902 -0.0352610492125344
v -0.0882029401426951 -0.158495939229754 -0.297762260135169
v -0.0881808828095492 -0.146316480732387 -0.352511234308011
v -0.088023853129236 -0.166654365438587 -0.356965220754268
v -0.0879543516179021 0.334104664968863 -0.0443264695284619
v -0.0876907481528204 -0.285210036900523 -0.149278357685466
v -0.0875527672850163 -0.328199292619945 -0.387477058840366
v -0.0874390103005718 0.193448824473133 -0.364915389114907
v -0.0874170976499134 -0.285125037576428 -0.138073588929084
v -0.0874159401247634 -0.135074322360373 -0.29777540556846
v -0.0874159293830068 0.33171649784147 -0.372637307089276
v -0.0873765525313976 -0.327878423748714 -0.387580577341639
v -0.0873199275036606 -0.328110707529852 -0.387489328298121
v -0.0871382946434706 -0.333774161424555 -0.222234763618294
v -0.0871011864007522 -0.328204118393707 -0.387164121049646
v -0.0866875710175409 -0.284898437332679 -0.108202723973522
v -0.0866402657953691 0.283674586606262 -0.0678885370703057
v -0.0864102977473492 0.283603652086696 -0.115329419929329
v -0.0863801306166264 -0.115405643468674 -0.345791446040685
v -0.08613468701484 -0.333636662191573 -0.205322010351079
v -0.0858536308836434 0.333726477729552 -0.363469285164675
v -0.0857231817759462 -0.0746580571455705 -0.342830943504804
v -0.0854787912186699 -0.077423549217184 -0.297807762189984
v -0.085435327605439 0.0851752687979264 -0.297967136405803
v -0.0850276432177607 -0.15688261295244 -0.354574742945419
v -0.0849900385193151 -0.284371162164369 -0.0386963320721448
v -0.084987333309638 -0.32866941098136 -0.384036255015334
v -0.0849569566648128 -0.306188371047121 -0.0418611145005153
v -0.0849102148457 -0.284346367916846 -0.0354279083176084
v -0.0848681542148556 0.333756480943043 -0.0801660454781221
v -0.0848680669529324 -0.0592480099045773 -0.297817963250863
v -0.0844785184778654 0.159699839487422 -0.297919684671205
v -0.0841586423922424 -0.284102033123475 -0.182782985289573
v -0.0838135031456222 0.333550149505387 -0.0487694858858019
v -0.0837723617015166 -0.330119672210646 -0.377795206559355
v -0.0835397560035748 -0.16054752762261 -0.355543518649138
v -0.0835128723991362 -0.333125805964681 -0.365617464802068
v -0.0834766022462658 0.333484238372369 -0.0387400747640372
v -0.0834217920674038 0.283139432750925 -0.0386318729859568
v -0.0833930679435743 0.333534199179313 -0.121268705987245
v -0.0832413762121113 -0.333233926264465 -0.364920610959868
v -0.0831378629880036 0.328415140432107 -0.384037667633627
v -0.0829340181271073 0.328265169814158 -0.384587657973271
v -0.082900489378231 0.283028878453005 -0.0700600129334987
v -0.0828031880620104 -0.270979729753314 -0.382311589290938
v -0.0826782422892449 0.327908581007828 -0.385122178000888
v -0.0826755199440834 0.225167951395758 -0.372605193083832
v -0.0825626008070157 -0.0769255932419776 -0.297821243290384
v -0.0822831051657536 0.333366938125684 -0.152197353431642
v -0.0822614418836674 -0.283503660473266 -0.253634787671742
v -0.0822126787815333 0.326857728313801 -0.385723926391484
v -0.0821909243088227 0.282878398761059 -0.112838058714607
v -0.082152880368138 0.333232338055524 -0.332724665151407
v -0.0821421286115579 0.0489188638075364 -0.297943168658956
v -0.0819509389660129 -0.140163999644598 -0.297798210535877
v -0.0819091172633759 0.333310581631713 -0.16261836953438
v -0.0816361988440599 -0.130982600198341 -0.297803391990883
v -0.0815824612205953 -0.333012206349306 -0.154193679895628
v -0.0814512231983767 0.282721528024279 -0.157432937086199
v -0.0813830309446482 -0.332899133969737 -0.36540442532169
v -0.0813317313085531 0.333115406113204 -0.0400109978574695
v -0.0813128230577996 -0.332968713240508 -0.365020793501213
v -0.0807096934430051 0.039795734876067 -0.297939721027285
v -0.080698191743475 0.282561830279499 -0.202831471260469
v -0.0806592383752548 0.12306853786983 -0.297994453326185
v -0.080620998957178 -0.332882717119031 -0.06448812009177
v -0.0805343780563489 0.327866213858729 -0.384921942464374
v -0.0802683351718003 0.333063331050975 -0.208338074606885
v -0.0802185172686707 0.282460104207691 -0.231749941923516
v -0.080187845010237 0.230931986719994 -0.374104543374468
v -0.079875235202964 -0.186650434188245 -0.362551212972401
v -0.079782522023866 -0.332764420235272 -0.162833671313918
v -0.0796846365258286 -0.332745169901213 -0.353154993142933
v -0.0796610703251639 -0.0262046749645379 -0.297874927462708
v -0.079605736668647 0.282330149902022 -0.268693074684339
v -0.0794626197135945 -0.0763971021628904 -0.297821970090214
v -0.0793367459040029 0.332922949224129 -0.234296418978812
v -0.079332313495446 0.282214631404854 -0.232072864260397
v -0.0792022434496255 -0.0763006225942309 -0.342818967558081
v -0.0791156001774736 0.282123072242127 -0.203047938490893
v -0.0790594218251802 0.25089399202053 -0.3785806315152
v -0.0789868342245246 -0.332658898129822 -0.0346578752119586
v -0.0789842123161603 -0.332658364324088 -0.0403532646654754
v -0.0789750890613049 -0.33265650688093 -0.0601710775958609
v -0.0789569754551488 -0.332652819053027 -0.0995180062950319
v -0.0789330395303093 -0.332647945833926 -0.151512353521401
v -0.0789315108136108 -0.332647634595841 -0.154833078639159
v -0.0789273938275221 -0.332646796400727 -0.163776121603194
v -0.0789112414542145 -0.332643507868755 -0.198862800389257
v -0.0788844609387434 -0.332638055507068 -0.257036254293459
v -0.0788808642198866 -0.332637323235424 -0.264849156881056
v -0.0788585104430828 -0.332632772132727 -0.313406713806751
v -0.0788480231345615 -0.332630636975947 -0.33618756578487
v -0.0788346903144152 -0.332627922489073 -0.365149525050804
v -0.0787751490486231 0.281979235118508 -0.157450515889076
v -0.0787174102895072 0.265021572892677 -0.381704769876346
v -0.0786118900805309 0.281838245238035 -0.232382361311966
v -0.0785209614073135 0.110918557062354 -0.298023743007562
v -0.0784242416575295 0.281830980330921 -0.110452661425139
v -0.0782966412481341 0.109649920445484 -0.29802337111059
v -0.0782469597499303 0.123235499548198 -0.349969979770158
v -0.0781441336689464 0.281712637567551 -0.0729371379117031
v -0.0779123576049186 0.281614714548508 -0.041894823039241
v -0.0778234537887917 -0.332382088901548 -0.31515107663184
v -0.0778117580512275 0.281442219652471 -0.203149112314087
v -0.0776122234206851 0.26458202181832 -0.381714348260157
v -0.0775588623530656 0.264933399483622 -0.381856275851212
v -0.0774850745857976 -0.186649000282581 -0.36264828089654
v -0.0769451698005601 -0.33216846475872 -0.265451671165861
v -0.0765603408269372 0.280822830325604 -0.157427918838351
v -0.0765425633512091 0.111595451870209 -0.298032918376416
v -0.0761840690018695 -0.281609050934442 -0.117694727192155
v -0.0756670901159631 -0.129798182636062 -0.297831053691472
v -0.0755644641780127 0.1976780344299 -0.366965452591448
v -0.0753984517763363 -0.186648029495774 -0.362715008049412
v -0.0753920188250113 -0.131907342069237 -0.297831445041701
v -0.0753017205088997 0.277576493862543 -0.388241695619824
v -0.0752314929369643 -0.331753804170208 -0.289683130539559
v -0.0752102489485608 0.280154601949388 -0.108101594425426
v -0.0750143633125743 -0.185397336696291 -0.362420146613993
v -0.0748476296133057 -0.18204286514248 -0.361545588092551
v -0.0747662776646476 -0.304916415294153 -0.394988565197571
v -0.0747654962728251 -0.281169870839076 -0.0359410859448076
v -0.0747594183614874 -0.281167163677872 -0.049097222286875
v -0.0747294303120579 -0.281153806707115 -0.114008808686885
v -0.0747275719640201 -0.281152978980708 -0.118031355051707
v -0.0747264116125258 -0.281152462148794 -0.120543030792845
v -0.0747117646596948 -0.281145938252631 -0.152247558505352
v -0.0747023588368279 -0.281141748807056 -0.172607231618505
v -0.0746969488046699 -0.281139339125776 -0.184317688835121
v -0.0746914069344607 0.332222939903062 -0.363736841774586
v -0.0746672661040303 -0.281126118160359 -0.248568322797792
v -0.0746527499024412 -0.281119652502079 -0.279989828750221
v -0.0745157804421311 0.285486027404994 -0.389861665534981
v -0.0744513152422362 0.30835678293966 -0.39484815042138
v -0.0743171411982475 0.279712558003094 -0.0754714280395405
v -0.07426417255801 0.077686977868282 -0.341310091178238
v -0.0738729209855803 -0.184499524708101 -0.362404591225802
v -0.073776488839643 0.331962275881872 -0.231781519540964
v -0.073636379099436 0.331922358026386 -0.211573999303032
v -0.0735932125667958 -0.331354599602239 -0.156081107071109
v -0.0735573509793231 -0.126291607357646 -0.349869613234213
v -0.073517338240205 -0.127935235149219 -0.350063136041101
v -0.0734965808509994 -0.186645771457803 -0.362863850809555
v -0.0734700558379594 0.279293292852412 -0.0445227141362622
v -0.0734109601238869 0.297162094642734 -0.392043003543868
v -0.0733545696335685 -0.129342825626943 -0.297831586603922
v -0.0732880741656754 0.331823124482806 -0.161339240552203
v -0.0732746549017399 0.331819301277955 -0.159403828730339
v -0.0730705167092622 -0.146289596842933 -0.352224201710473
v -0.0730104492908493 0.331744027985902 -0.121298410640484
v -0.0729976648336871 -0.186644733304539 -0.362931473040903
v -0.0729720275867828 0.30099911229493 -0.393047572537384
v -0.0725923381795038 0.331624906368125 -0.0609957597916779
v -0.0725081829121224 -0.280074981067424 -0.107945251539732
v -0.0724270693122796 0.331577820571318 -0.0371596298109953
v -0.0722333954364055 -0.331024392955568 -0.109517848724049
v -0.0717513786502523 0.116910401735403 -0.298049610902402
v -0.0714494805805567 -0.111974590391561 -0.347222166102363
v -0.0713539818484511 0.331156055904701 -0.161010287435287
v -0.0711542625474202 0.0605663017649636 -0.342960894901525
v -0.0707980747380762 0.113526272462438 -0.348984461836808
v -0.0703973404701357 -0.330578361171143 -0.0365522545850263
v -0.0703851150086105 0.117796257375941 -0.349898805919296
v -0.0699952524698485 0.0351341119974726 -0.297980670895117
v -0.0698754675683235 0.277506862947506 -0.0466493883785936
v -0.0697569575468309 -0.0275159316883315 -0.297850953762102
v -0.0695254429567858 -0.330367171580496 -0.0367663547205957
v -0.0694922435126151 -0.330359155001624 -0.0381767726533254
v -0.0693072475984622 0.277221365699105 -0.103842257722321
v -0.0692909108411134 -0.27851510689099 -0.244743316169898
v -0.0691744100530119 -0.179581994512537 -0.297840290976193
v -0.0690334101502272 -0.179582101388236 -0.29784032769441
v -0.068828522986853 0.27698481825263 -0.0790732652463118
v -0.0687069756875954 -0.278229833536648 -0.153547975948109
v -0.0684766832940673 0.330135094211176 -0.229147388887889
v -0.06822033305179 0.116301432881385 -0.349960968063107
v -0.0681711960258826 0.140688079462802 -0.354800697257672
v -0.0681208546882437 -0.187660322964352 -0.297841789893555
v -0.0677956754750362 0.329906308616936 -0.214399111236535
v -0.0677186775445216 -0.329930896883975 -0.113523493321786
v -0.0673665067030929 -0.0792881460740316 -0.341073494333511
v -0.0671186191308222 -0.329786002421997 -0.139015882381531
v -0.0670582999810474 0.053771862648759 -0.298012800968499
v -0.0668868459880134 -0.329730036795882 -0.148862342318086
v -0.0668296523192193 -0.191295723977102 -0.364654286926093
v -0.0666631221732425 -0.0794648238692048 -0.341210586431778
v -0.0666595346706669 0.0319339960617423 -0.342947018225625
v -0.0665263480441575 0.329529369992178 -0.0680700448850633
v -0.0665261342479314 -0.0785343784053966 -0.341038532072945
v -0.0664528676238962 0.159927102091365 -0.359285152856257
v -0.0663604629109946 -0.277088501287655 -0.0574282054466259
v -0.066189566588527 -0.329561666648692 -0.178484987929316
v -0.0659951886811129 -0.329514730747666 -0.186742779383102
v -0.065523266380256 -0.187660399786447 -0.297842466052643
v -0.0654172464496661 0.15980540601646 -0.359353383816418
v -0.0653511970998245 0.204619707352524 -0.29795067919605
v -0.0653309631916753 0.329078284843021 -0.161021954513975
v -0.0648051256398204 -0.276332777492848 -0.0359383098500373
v -0.0648008757747493 -0.276330914871196 -0.0359383680039918
v -0.0647214236946309 -0.116865109546863 -0.350024811483253
v -0.0645756701849208 0.274867110017482 -0.157326321884973
v -0.0643659711628419 0.32872692865497 -0.161022558681857
v -0.0643607109223846 -0.329120057879058 -0.256180590742377
v -0.0642501988136688 -0.27606370096607 -0.0582563736452378
v -0.0642265918543841 -0.276052254270195 -0.0592057990442247
v -0.0636943717049595 0.115991369157351 -0.298092505423164
v -0.0634890524367994 0.328459492173076 -0.121132528192007
v -0.0634084601006601 -0.275656806315963 -0.159542024536799
v -0.0632570889709477 -0.2755821554098 -0.0981972951883622
v -0.0629574498155673 0.328265948255606 -0.121122072192802
v -0.062696610576327 -0.275310387002415 -0.120738632131335
v -0.0622274955920989 -0.328442881071306 -0.183140180373031
v -0.0621344293509158 -0.275037852543596 -0.14655723276655
v -0.0620542035116013 -0.27499889248889 -0.146574978794311
v -0.0620512756135872 -0.274997472790668 -0.146692733084759
v -0.0617441827818438 -0.274848567622149 -0.159043401834062
v -0.061691998221253 -0.328475651131019 -0.369555990391415
v -0.0615557421524367 0.27336187873055 -0.239594276802423
v -0.0612234889550839 0.188917569943922 -0.366286286125564
v -0.0611918051187074 0.327687728504439 -0.0713820843142058
v -0.0610740167838853 0.123644725950048 -0.352598743463418
v -0.0610570845551019 -0.27451540296747 -0.186677138996027
v -0.0609985879572793 0.327417184236796 -0.225394259099318
v -0.0609926531950636 0.327425042433531 -0.217686435809754
v -0.0609871653900153 0.27308998804176 -0.0443571503389682
v -0.0609728727113815 -0.274474569781266 -0.190063973461206
v -0.0608754847254747 0.27303202689059 -0.0894442672891108
v -0.0608710327068744 0.273023528239605 -0.204566965523896
v -0.0608448643910409 0.273016135242377 -0.101806143942971
v -0.060773326895165 -0.274390986842474 -0.186725387476897
v -0.0607352589287693 -0.328089413976633 -0.253461678400214
v -0.0607071896085778 0.272944683403229 -0.157387466310029
v -0.0605910263968599 0.272884395854775 -0.204284253086625
v -0.0605022349908587 0.272838314000526 -0.240130641743185
v -0.0603776591325886 0.272773660372406 -0.290423736918565
v -0.0601584697866634 -0.327856563294448 -0.183471933918256
v -0.0601374302968116 -0.327848069619365 -0.180918923795039
v -0.0598106087651976 -0.327716131253966 -0.141261180923267
v -0.0597720017875555 0.115333147837124 -0.351167529899324
v -0.0597265443037797 -0.327682194298917 -0.131060485824927
v -0.05964170258812 -0.32764794356511 -0.120765475799677
v -0.0595274885211515 0.272490645732988 -0.0439564905378951
v -0.0594393793119725 0.327098998436514 -0.0334305929526287
v -0.0594380510605103 -0.327563581237031 -0.130734085296103
v -0.0591183361495162 -0.327436659712199 -0.0572582412935526
v -0.0590736459979591 -0.273679048466163 -0.15828815472102
v -0.0590702945988106 0.136091094442434 -0.355396340310404
v -0.0589719544717339 -0.327377565199069 -0.0394957428744182
v -0.0589172794069304 0.0644806531133462 -0.342891462391138
v -0.0588673391483744 0.0645092493038136 -0.342961140441574
v -0.0587016744484451 -0.273523242266641 -0.152064726812004
v -0.058418575045677 -0.273404661579247 -0.147328212079858
v -0.0582305795099231 0.063889733390391 -0.342962221171976
v -0.0580099244355379 -0.108422595845629 -0.349857429733018
v -0.0578899618012715 0.143340372247582 -0.356962659019771
v -0.0578195758512052 -0.266647262523657 -0.297856445759036
v -0.0573674178017579 0.115269706531934 -0.298118818603019
v -0.0572908558579627 0.304135857390282 -0.394698855612233
v -0.05725309870906 -0.0221897500409492 -0.297835085632647
v -0.0571312344172154 0.207611791676625 -0.297988531321457
v -0.0571054805036605 -0.272870590479241 -0.18734355943741
v -0.0569077617308123 -0.272771833393637 -0.122050908583588
v -0.0568866586292618 0.118320579712371 -0.29812407807778
v -0.0567563473963873 0.132777698872749 -0.298103007169232
v -0.0565438634490483 0.156351305526485 -0.298068649196219
v -0.0561045360818173 -0.326189955882086 -0.176394101197773
v -0.056075379614618 0.208326307755132 -0.297992896862258
v -0.0559747008784255 -0.32613980033834 -0.124162771900224
v -0.0555639423959611 0.26506668730702 -0.297910199103785
v -0.0554733434353904 0.158661652887751 -0.360643726476252
v -0.0554171555504958 -0.272162942697159 -0.157284068305357
v -0.0553673196384042 0.270728875076411 -0.242620705016413
v -0.0553475927835717 0.270732428415553 -0.199182102929051
v -0.0553463749863609 -0.106863456830956 -0.35018947910639
v -0.0549662936733007 -0.271958618619737 -0.0895683531049025
v -0.0546307357575307 0.114957627273812 -0.298112297864734
v -0.053959346166587 -0.0826504923859253 -0.345157049472318
v -0.0539125483026288 -0.325295312026682 -0.0675936212460223
v -0.0538859444407398 0.0663285355135925 -0.344184749299904
v -0.0538784164900697 -0.272124763792109 -0.234059101229029
v -0.0536767084881326 -0.271418455354767 -0.067992400742645
v -0.0535502501593812 0.0262330298984283 -0.342930245394756
v -0.0533381364346474 -0.271276639065357 -0.0623277772798402
v -0.0531874798351554 0.269885520201474 -0.0493812145611859
v -0.0530897465226196 -0.118081554038657 -0.297835154285267
v -0.0527031047308385 0.205818641291265 -0.370947454284663
v -0.0526305909201974 -0.271583205580834 -0.233187878590065
v -0.0524955196990727 0.269587841296936 -0.0997335755686168
v -0.0524910140276147 0.269594475199342 -0.0681114177427243
v -0.0522571863296781 0.269474446408317 -0.157570910292985
v -0.0521107396970012 -0.270789987611357 -0.148590058590269
v -0.0518544568449744 -0.204447255271246 -0.369190647610446
v -0.0518388987276889 0.324077508596972 -0.228945160637985
v -0.0518234236482042 0.0254825104993526 -0.342916649068701
v -0.0518231527064889 -0.0233089753095356 -0.297821116404476
v -0.0517600101300608 -0.324406121879022 -0.13266685649003
v -0.0517102057320972 -0.270594754399226 -0.0350909916132142
v -0.0516331449243045 0.324015819667887 -0.218769862011581
v -0.0514803667202931 -0.324287890785354 -0.184932739368516
v -0.0513714575497377 -0.0834727961014699 -0.297830354846793
v -0.0512812910046154 0.138578862150924 -0.298031482545279
v -0.0508924508121357 0.268902622386733 -0.199926532793483
v -0.0507430214832765 0.268780581048828 -0.244876807146904
v -0.0503517495542316 -0.323820048150641 -0.245259570286388
v -0.0497327075208543 -0.01650441009106 -0.342895393144882
v -0.0488208702260525 0.323236692322835 -0.0304203297758804
v -0.0481991973030283 -0.0168201391607475 -0.34289368726792
v -0.0478689311473676 0.322826013662454 -0.0797149416269541
v -0.0475959846664433 0.20919426879962 -0.372193751022266
v -0.047490629092651 0.322687890368388 -0.0800094423579755
v -0.0474804341315589 -0.0460259087631216 -0.340174551770405
v -0.0474721571629826 -0.268976762128297 -0.188960931373124
v -0.0469938219616039 0.322476138511829 -0.0299208246882018
v -0.046883766967602 0.209422807470643 -0.372312061180535
v -0.046692280260007 0.155163943095316 -0.29795567629634
v -0.046679306268472 0.322353172443632 -0.11025416856469
v -0.0463903581857618 -0.0313735846988661 -0.342881329369082
v -0.0463101503987396 -0.322165438258368 -0.126362954111018
v -0.0462379921819223 0.267003076741389 -0.155518916374356
v -0.0461759294652392 0.0685753632262222 -0.346093220604198
v -0.0455420550886705 0.103944730875653 -0.351266603804931
v -0.0454030327281755 -0.202446045353794 -0.297849944823971
v -0.0453047015436264 0.321786067923522 -0.161497079902083
v -0.0451791902577752 0.321728650521803 -0.109220516141664
v -0.0451026671411203 0.145124361731837 -0.297964349361838
v -0.0444442369716716 -0.268030015167241 -0.227917217390793
v -0.0440595817315622 -0.267459876881333 -0.178166769480143
v -0.0440247500670385 -0.32122773713437 -0.092553283984032
v -0.0439643767889104 0.321233105887909 -0.211462092627426
v -0.0435674551954263 -0.26724220946805 -0.125086351204448
v -0.0435139023358014 -0.267619039013741 -0.237952858776025
v -0.0433883955210808 0.320995480063859 -0.23293368842942
v -0.043093692711343 0.154730673841029 -0.297925971791303
v -0.0428387835594718 -0.266927767915285 -0.0770178867919211
v -0.0423081462906732 0.0235928854428362 -0.342841422290118
v -0.0422677453554404 -0.0929106854226281 -0.350419198110764
v -0.0422097914548465 -0.212921860390255 -0.372150869235785
v -0.0420338855353628 -0.213075188700758 -0.372194142015603
v -0.0419695148398339 0.113514093100565 -0.298007606964061
v -0.0417886006608171 -0.212726811191027 -0.372133271295923
v -0.0417331091093884 -0.213341686633198 -0.372305609425523
v -0.0415293153327039 -0.320192493009014 -0.239151508431047
v -0.0410802390804985 0.264898130017838 -0.106309429405066
v -0.0399523012607269 -0.265741071235154 -0.115647254892559
v -0.0398446667955816 0.319533485541397 -0.365037829788987
v -0.0394438681616801 -0.0186322883668809 -0.342824478610733
v -0.0393054714973462 -0.265633150275791 -0.186810179084462
v -0.0391053756331541 0.319195275459232 -0.0570356240491054
v -0.0388764248288005 0.263998724502063 -0.0852831091122758
v -0.0385279689585254 -0.0972216055977486 -0.35143401525663
v -0.0383215110669095 0.263766063965265 -0.0846925906544115
v -0.0380602461493388 -0.207839107000464 -0.297810632981495
v -0.0378011268927617 -0.0961891200851894 -0.351417388204144
v -0.0374950522489492 -0.260301575461668 -0.385467591270736
v -0.0373491617166235 -0.0965394822128722 -0.351547787796117
v -0.0372673832611408 -0.0192413746272044 -0.341819106062867
v -0.0370869663943983 -0.318377684034661 -0.0460468794934545
v -0.0365205228085479 -0.217967409456711 -0.374299738312335
v -0.036365541663029 0.157822882395224 -0.297861798414381
v -0.0362622283842767 -0.264199184976197 -0.0685285393221317
v -0.0362226512495287 -0.264480155405616 -0.195023329233644
v -0.0356714718198081 -0.317795613997774 -0.0459636387973843
v -0.0356420805068815 -0.317783490263589 -0.0465696363889029
v -0.0354223890410557 -0.264130993480416 -0.197201882023411
v -0.035369231231915 0.262567392771859 -0.0518214070472677
v -0.035072923044059 -0.308233066474737 -0.390242476451497
v -0.035064591592334 -0.317543742913888 -0.0832893935539379
v -0.0346860519100714 0.0197812696444323 -0.297873180370251
v -0.0346377458314461 -0.0196516372822078 -0.342633260176686
v -0.0342077204972792 -0.317190672792401 -0.0947582114017014
v -0.0342027059197032 0.261999660753172 -0.11031023222
v -0.033931992513922 -0.317078089578975 -0.0818286670966382
v -0.0338933623162687 0.317029119998933 -0.0907070741173802
v -0.0338607714447584 0.22338367051695 -0.297714162310904
v -0.0338486255467165 -0.263189721263713 -0.0340274054937208
v -0.0335525593648113 -0.263324056729828 -0.189119926203612
v -0.0333566664321513 -0.263009705760984 -0.127096332664861
v -0.0332219878869754 -0.316785217076514 -0.0964677237108063
v -0.0325112091062161 0.3164646470331 -0.200288766048467
v -0.0319852694601279 0.105555517631447 -0.297940144504355
v -0.0316318306463874 -0.316129287082985 -0.129253991556
v -0.0315169637073117 -0.141456973810328 -0.359195058663643
v -0.0314310466753556 -0.00393512006193497 -0.3427589008907
v -0.0312795929764216 0.315955803523479 -0.23882393112616
v -0.0312684599314368 -0.315979398918078 -0.136746061700625
v -0.0311291327699648 -0.139565489139013 -0.35876045791842
v -0.0310680370744498 0.306552140046312 -0.389022118454221
v -0.0309498316994249 -0.26200996819925 -0.119506747049146
v -0.0305598270604751 0.260344722317644 -0.203334175310704
v -0.0305319642365355 -0.262010853308317 -0.190361260760725
v -0.0299699138262093 -0.214656207000696 -0.297766603204508
v -0.0297734912717104 -0.315362733623433 -0.167569707090456
v -0.0296956791012547 -0.315330636586007 -0.169174058281055
v -0.0293550371727088 0.260036284423864 -0.0526501185245524
v -0.0292155778324797 -0.315132597792055 -0.179072908777786
v -0.0288974376295003 -0.315007398121471 -0.168957583050188
v -0.028818790124926 -0.261115038041234 -0.0748713539513568
v -0.0287077347034134 0.314881523103923 -0.200925336636703
v -0.0285499677277708 -0.0932529377382206 -0.297837777913085
v -0.0285202894864621 0.259655126629639 -0.0754372125587208
v -0.0285168253802471 0.259556250247384 -0.149431768062648
v -0.0284936065343813 -0.148806006457877 -0.361786169396312
v -0.0280624606753546 0.172406930520092 -0.367848493544994
v -0.027920942854505 0.259404991632098 -0.0528500329026578
v -0.0277663404699747 0.172554095431157 -0.367917701642398
v -0.027707318622602 0.12024924274103 -0.357449009367742
v -0.0275991322681213 0.0664238241129778 -0.297954153525784
v -0.0272665759618915 0.21563669023791 -0.376205953809137
v -0.0271832429484229 -0.118317945947574 -0.356451808414772
v -0.0271811831843155 0.225678732082117 -0.297633370866192
v -0.0269919256735797 0.258957253740274 -0.117158765665582
v -0.026885573090936 0.203991892669231 -0.37393819691735
v -0.0267589310064242 -0.314119246221791 -0.229724680051873
v -0.0262012976382164 -0.0230829847193417 -0.34535834796875
v -0.0260599256161395 0.313775517579811 -0.161907540074096
v -0.0259798990907627 -0.102016416235691 -0.29783977544516
v -0.0259056137354899 -0.313767258143056 -0.247318593337731
v -0.0258954318214034 -0.206691956229909 -0.297753751678291
v -0.0257961879842634 0.258411262720903 -0.149800230404662
v -0.0257759920215644 0.216381457381214 -0.376556123410247
v -0.0252776614790936 0.313451976927447 -0.201499503348425
v -0.0252595436875428 0.258062704346109 -0.243077257664968
v -0.0251718699879082 0.313394657279242 -0.0486439658743214
v -0.02481931380961 0.180533845580602 -0.369828507389004
v -0.0244081638925106 -0.0938895719283298 -0.297838952531056
v -0.024386089073502 0.313069664709682 -0.0697300261395668
v -0.0243835567719661 0.313072452502764 -0.108549749683704
v -0.0243162852628653 0.19150882142508 -0.297684578855813
v -0.0243010835734967 0.0865541641724574 -0.353091365744998
v -0.0242386571716386 -0.249781016203492 -0.29771063108521
v -0.0241129631155611 -0.313066340500649 -0.177726935091425
v -0.023978940704213 -0.259127067974389 -0.146638293782084
v -0.0237643734322021 0.257483506986208 -0.205265073279504
v -0.0233905585391377 0.243017170005075 -0.382184274144851
v -0.023213441977974 0.0175060811482298 -0.297843850313435
v -0.0229110922702799 -0.148555302287288 -0.297787121548172
v -0.0228824433476348 0.0676297692526641 -0.297946511324281
v -0.0227890855590815 -0.258604633194557 -0.0332255675978602
v -0.0227777501664194 -0.16239069225299 -0.365146234380314
v -0.0225631680412945 0.312314901248804 -0.110379740604033
v -0.0224994465759361 -0.258491397712118 -0.059817980262317
v -0.0224882598721206 0.256900815188728 -0.240100653145083
v -0.022416607590789 -0.0835919925323637 -0.297837909811028
v -0.0223004933299181 -0.2584136161699 -0.0780843295002078
v -0.0222353914893003 0.0815996108782512 -0.352777815295253
v -0.0219720766020324 -0.258285220377941 -0.108237014953679
v -0.0219112445208148 0.312046440212214 -0.161995873697633
v -0.0218849506722207 -0.312211859104432 -0.0451716647766934
v -0.0218637366672508 0.244896442785149 -0.297545531526337
v -0.0218471593412296 -0.312194253882937 -0.0515260937637226
v -0.0217601593728034 -0.31215372464848 -0.0661547164329861
v -0.0217280996293572 -0.258189836635377 -0.130637094761812
v -0.0215552522970138 -0.258122261301236 -0.146506600792073
v -0.0214587814834832 -0.312013326722394 -0.116829946590855
v -0.0213841451368232 -0.25805536629414 -0.162216337665946
v -0.0213728630427363 -0.311973301321325 -0.131276715627163
v -0.0213620405558461 -0.216439646200816 -0.297724230967223
v -0.021328675418095 -0.311952716364438 -0.138706650364161
v -0.0212870074950637 0.311781841436989 -0.0915743921318272
v -0.0212673200931943 -0.311924133775351 -0.149023250622293
v -0.0212236222162511 0.256456944884376 -0.0535607569374001
v -0.0211878257096759 0.256432185389683 -0.0684626461982974
v -0.0211388348571245 -0.257920915073922 -0.146488383845673
v -0.0211156528297401 -0.257929665055631 -0.175627393901456
v -0.0210893732828158 -0.311841236641832 -0.178944143598648
v -0.0210571738867511 0.256341816987127 -0.122852283155412
v -0.0210524716947585 -0.257870987204131 -0.146485860493989
v -0.0210474972910271 -0.311821728567058 -0.185985388484816
v -0.0209907671813468 0.25629588522933 -0.150497030221371
v -0.0209015235202464 0.0783994983226196 -0.352657836778884
v -0.0208955624766931 -0.257787580798511 -0.13089108898354
v -0.0208572139631272 0.256203510008559 -0.206094502118872
v -0.0208209884299886 -0.0795561679222327 -0.35209082168289
v -0.0208098944266473 -0.311711040455644 -0.225937157560433
v -0.0207966009464228 -0.257780293115269 -0.191563875641654
v -0.0207799677424013 0.256150080845351 -0.238251679933453
v -0.0207790543165238 -0.209682555316685 -0.297726987171865
v -0.0207247612505756 -0.257688811166435 -0.13094333882225
v -0.0207235760990603 -0.0809219682097794 -0.297832046813941
v -0.0206664455218781 -0.31164421429008 -0.250057395051867
v -0.0206553335534661 0.256063874680709 -0.290136208881309
v -0.0205130103154378 -0.257577909173901 -0.10636393613263
v -0.0203658606649172 0.311397072955168 -0.0780004831231725
v -0.0202978214537278 0.286384687905986 -0.394767007174326
v -0.0201977252225643 -0.257395828940781 -0.105947281990504
v -0.0201560812450525 -0.257480418155625 -0.223557513851814
v -0.0201147254342256 0.228104184704504 -0.297567790360144
v -0.0200897565734942 -0.257345929567763 -0.0792272204771605
v -0.0199934829413024 0.0762199847694706 -0.3526760993697
v -0.0199527878090207 -0.311311754390496 -0.370055477640354
v -0.0197599309021756 -0.257165156613517 -0.0580806018617049
v -0.0197072919136342 -0.257270306456703 -0.24597431613168
v -0.0196395642112804 -0.257085544165799 -0.0794750417302642
v -0.0195496475510981 -0.156142843271002 -0.297764938080892
v -0.0194996408522469 -0.18522303669837 -0.370008479802915
v -0.019367567956746 -0.256950107831843 -0.0329244351732055
v -0.0191807009023184 -0.256830459529484 -0.0577122537248692
v -0.0190783156220559 0.255082945618289 -0.236279299240007
v -0.0190608783473046 -0.125687144351006 -0.297787527042017
v -0.0190151584432194 -0.256946267249064 -0.280546036249301
v -0.0188152484269869 -0.256821663949295 -0.246267868773981
v -0.0186977602772341 -0.256748433946022 -0.226122412585784
v -0.0186564172237947 -0.256539007350043 -0.0328467342388744
v -0.018591158306123 0.254781917530803 -0.206766572786999
v -0.0185865401540725 0.254775537890989 -0.235709689688433
v -0.0184979581474848 -0.256623897891567 -0.191862744188236
v -0.0184364869406648 0.310591162133517 -0.0495694637464602
v -0.0183771331616224 -0.256548588048585 -0.171145127439214
v -0.018232644980185 -0.256458529008402 -0.146370030248707
v -0.0182157854434638 0.254546438770432 -0.206822937986211
v -0.0181472645750323 -0.256405311663828 -0.131730024299557
v -0.0181282391914675 -0.173452673189273 -0.367937393937163
v -0.0179802512947767 -0.256301212798662 -0.103092593824112
v -0.0178479188181646 -0.256218730372002 -0.0804018108347299
v -0.0177101560771846 -0.256132863278222 -0.0567799113613179
v -0.0176440282024742 -0.310391644059892 -0.139453780707941
v -0.0176007841603094 0.254182610392823 -0.064820460153259
v -0.0175757418024164 0.188303780790137 -0.372303618236461
v -0.0175700621349675 -0.256045543153864 -0.0327582855113549
v -0.0171426093271891 0.199568895866663 -0.297605615067748
v -0.0168559725096197 -0.222292653828307 -0.378316157948679
v -0.0168254451417323 0.0691719142117274 -0.297891487164166
v -0.016597031777393 0.253539549448301 -0.151540706764437
v -0.0163085553683884 0.307131384693142 -0.377955997651607
v -0.0159157781367209 0.253115799355354 -0.128275140129012
v -0.015408085431027 -0.254579476831892 -0.165806235283566
v -0.0153999763474459 -0.064368089778698 -0.350904945235572
v -0.0153512479570863 0.252770641707113 -0.0702699927511561
v -0.0153313692619133 -0.064173951620397 -0.350892320882206
v -0.0152428259244156 -0.0639349314336611 -0.350861720350678
v -0.0151966808598075 -0.0638059413075997 -0.350851260166048
v -0.0151327663145298 -0.0636085889571609 -0.350859962138635
v -0.0150580047456524 -0.0638823161269109 -0.350897122381008
v -0.0147966189518665 0.0184405564423124 -0.34870449833077
v -0.0146687036736178 0.309033243083944 -0.246906742800846
v -0.0146578176655027 -0.0784850392166092 -0.353039529928162
v -0.0145844653617501 0.252287702625362 -0.0828093338132918
v -0.014574236871338 0.0559584938489437 -0.297901546671274
v -0.014558305805258 -0.0617978727540993 -0.350983987173434
v -0.0141379150264334 0.260106632325028 -0.390149978812805
v -0.0141310627901765 0.252005679351831 -0.0673251336390192
v -0.0140918409530427 0.017726898117473 -0.297824716735259
v -0.0140326324285957 -0.253674396428589 -0.132991784207694
v -0.0139962388773795 -0.102625878149657 -0.356581301911861
v -0.0139919981569826 -0.308823951766426 -0.22156525999916
v -0.0139343295640737 0.251883308302534 -0.0606064759937114
v -0.0137827439288806 0.0401292134815681 -0.350980951238545
v -0.0137525071949873 0.251770212032363 -0.0543970406362466
v -0.013511266702102 0.30854111008195 -0.0921097706952889
v -0.0132798709212924 -0.0578150665984636 -0.351201861742914
v -0.0130632844410595 -0.136669144323542 -0.361575887506117
v -0.0129687164485046 -0.308432363127054 -0.0547839194834548
v -0.0128129834828232 0.251177461051494 -0.111713647020585
v -0.0128061901300735 0.251171360325557 -0.131551536881263
v -0.0123287349892462 -0.0314314440402221 -0.297832628099034
v -0.0122553480915909 -0.308132730354746 -0.0445791735858866
v -0.0121191440434255 -0.308052798149229 -0.133095437945767
v -0.0120636516161167 -0.252342931292826 -0.2383163154434
v -0.0119889041510658 0.0297213058640062 -0.350414728932057
v -0.0116728579061316 0.230984970943617 -0.297620921605634
v -0.0112944019766442 -0.307683495561237 -0.212426936672704
v -0.0112645589369609 -0.0316511942198986 -0.297827390294522
v -0.0111284849663619 -0.251719888695459 -0.248655008030928
v -0.0109676053793458 -0.0959631436019335 -0.297773373105669
v -0.0108470871037911 -0.307483263431804 -0.255189965070542
v -0.0107128319027283 -0.307479320873677 -0.0444642108473737
v -0.0107057447132532 0.0784198156200481 -0.354967267095113
v -0.0106993488481057 -0.251471666612676 -0.0932163681314205
v -0.0105277590405776 -0.0449848563290216 -0.351684634262666
v -0.0103737847031943 0.0824916193648867 -0.355392245835686
v -0.0100793110318068 -0.307208817066293 -0.0529547276866824
v -0.00973584568739989 -0.307062162571341 -0.0575578882521179
v -0.00972654544560937 0.19671493508075 -0.375043975324546
v -0.00959281415023193 0.208033264622509 -0.297649322205157
v -0.00928808817388929 0.0791798090837862 -0.355353433198909
v -0.00899124106592458 0.248793390371991 -0.0549296854870215
v -0.00898310278742664 0.0782494812148015 -0.355342530256229
v -0.00894622814659438 0.306635904157183 -0.0508739277299393
v -0.00862537948388587 -0.190655273433718 -0.372601191931833
v -0.00792898170688592 -0.0607440338998717 -0.297787738914168
v -0.00789804963173009 -0.249622666924183 -0.0505245619595335
v -0.0078085730488414 -0.0605551276040607 -0.297789111908123
v -0.00745071356535228 -0.0306739812184238 -0.352158652590408
v -0.00744953947775861 -0.249329504977758 -0.0314578973370203
v -0.00735981984557462 0.225595102728128 -0.381039993481096
v -0.00723250836172699 0.305933960571124 -0.24638395853212
v -0.00717906738577163 -0.0310161292351836 -0.352266751577675
v -0.00703018260499794 -0.0303950714951947 -0.352292632852443
v -0.00695014812875528 -0.248989509479032 -0.0313917976780929
v -0.00676506786534303 -0.267884723857898 -0.393580070493672
v -0.00654298297002374 -0.248723579625683 -0.0497431001269678
v -0.00651989321487582 -0.0282664511370715 -0.352381338627795
v -0.0064610530586274 0.305604119665656 -0.11420909951865
v -0.00623380705617408 -0.248509600645338 -0.0871433043782142
v -0.00607010882600382 0.246957822020578 -0.15403028659809
v -0.00563105389404451 -0.305309478706317 -0.112570762244173
v -0.00562444212221542 -0.0340333118118185 -0.297798634167388
v -0.00485470852913363 -0.247555526683235 -0.252300105157439
v -0.00480390924541213 0.0187162516884163 -0.351036281148536
v -0.00475020852141161 -0.24751114858386 -0.146153187841264
v -0.00468877219247244 -0.247484259948837 -0.0871424456653351
v -0.00458850901007952 -0.105202203223644 -0.358988376780966
v -0.00432218461556489 0.0818446832376874 -0.356715837886406
v -0.00426864820480998 -0.304704219816724 -0.224516346183466
v -0.00422880006478327 -0.284730114578396 -0.394452776988542
v -0.00415286138791698 0.0192700899328086 -0.351238667555888
v -0.00409929167083875 -0.304641038283938 -0.107696983475657
v -0.00391311773932001 -0.304575946013038 -0.135594732755721
v -0.00383297197108677 0.0717830582326206 -0.29777500048984
v -0.00379495746814071 0.0187457027534128 -0.351384128839763
v -0.00369620386162503 -0.304483327075787 -0.138501836555743
v -0.00364844899963796 0.0196991872232121 -0.351395470485063
v -0.00313825634829743 -0.0141602964387428 -0.352969182949109
v -0.0030873966754328 0.0344117919687936 -0.352910473823222
v -0.00296071856785176 -0.019142352379389 -0.352981558747754
v -0.00276840153726294 0.0180014003582043 -0.297827622590951
v -0.00249010624313689 0.244706997149677 -0.288738447393975
v -0.00239527125824155 0.0304934124259949 -0.352701173592621
v -0.00234791268038711 0.244624763372485 -0.217386790057586
v -0.00234303570221389 -0.245916413712438 -0.134455842072723
v -0.00233161506878774 0.244615338092359 -0.209208771476769
v -0.00231701767993041 -0.0354274033345552 -0.29784073274762
v -0.00224408440628654 -0.097292263253197 -0.297882846676416
v -0.00224095168517545 0.244562905391868 -0.16371456938096
v -0.00222264658138883 0.24455231913327 -0.154529206361479
v -0.00218652396075949 -0.220433051894795 -0.297965583053925
v -0.00216525527698392 0.244519128434283 -0.12573068266745
v -0.00207492163218312 -0.193917434392114 -0.374192016080484
v -0.00203074026406365 0.244441335337412 -0.0582320637223974
v -0.00184111082205762 -0.245580936544574 -0.144579643667738
v -0.00174805885426494 0.303640918216663 -0.131302832676453
v -0.00113159366879137 0.0180409624690062 -0.297819875165765
v -0.00107475385994894 -0.30334269233362 -0.25849506250937
v -0.00103192623295617 0.264755651705849 -0.0551694479601262
v -0.000269636325294596 0.0375714701866078 -0.297820349367219
v -3.79991723052916e-05 -0.302921329133698 -0.187529500744816
v 0.000180544919296644 0.0332492797400851 -0.297826078609729
v 0.000212133735529307 0.158329211661823 -0.369180502335478
v 0.000311102420375933 -0.244109838200673 -0.134780551722431
v 0.000587825055909931 -0.302654111676064 -0.195916866326601
v 0.000607888354751066 0.302660454510488 -0.154281324091603
v 0.000640927521266017 -0.243921988708217 -0.19464224214105
v 0.000852248308635674 0.0361230333257223 -0.297828595118984
v 0.00131763706871356 0.226158433883257 -0.297708671930882
v 0.00133000458780756 0.0355107730701389 -0.297821656071352
v 0.0015947685400281 -0.243175741453458 -0.0364307045602658
v 0.00163642604985213 0.0351118988501251 -0.297831384238038
v 0.00165004007517527 -0.0753661131248489 -0.356144455481286
v 0.00165415841842425 0.0181089816368214 -0.29785450623202
v 0.00188211854510523 -0.22618511618538 -0.382082172036834
v 0.00188877066497533 0.20735310452647 -0.37875491365707
v 0.00201870190964939 -0.301977881298203 -0.0999662427248463
v 0.00209768937408061 0.227301123095858 -0.297693527748244
v 0.0027870461944025 -0.242461235808663 -0.194957368872487
v 0.00292750465539343 0.224819168948474 -0.382369722295402
v 0.00322798762816438 -0.0423467200975719 -0.297914364359991
v 0.00324936603565111 0.0124850215115714 -0.354079570519759
v 0.00334304443793317 -0.242115944484709 -0.249143815249669
v 0.0033795280644437 0.0328739152264843 -0.297815561011731
v 0.00338866193385566 -0.0743450857900398 -0.356378566459983
v 0.00350382800605109 0.295761766921309 -0.385353627198913
v 0.00365717657762141 0.240036897295157 -0.180162651115159
v 0.00379896083102748 0.239917025100423 -0.21011143601577
v 0.00395055399373706 -0.301159888346492 -0.137990488756859
v 0.00417166226937073 0.301170344251163 -0.0779080191148905
v 0.00419282232929941 -0.0314008441148536 -0.297919083715509
v 0.0044742573711934 -0.241359862995017 -0.271960327741491
v 0.00489460853952162 -0.241078908164854 -0.280438791345572
v 0.00495499515998815 -0.241033229484568 -0.272977671293066
v 0.00506082930589188 -0.0168920636213177 -0.297920224653653
v 0.00506145473084687 0.224760222919639 -0.297716075317023
v 0.00507645812067361 -0.300699865594579 -0.189630742136829
v 0.00515365807193729 -0.240882953486846 -0.248431706895963
v 0.00523100325382253 -0.29630052203573 -0.384327863290584
v 0.00527161826108877 -0.300532057183961 -0.0432332725546079
v 0.00534118618600323 -0.0466939053022594 -0.354223841710331
v 0.00555255047163764 -0.300534249191319 -0.262454665915535
v 0.00558697133114267 -0.24055517926007 -0.194893320043109
v 0.00572046482255188 0.0227929590986561 -0.354509132133438
v 0.00592169612947863 -0.240261314031694 -0.0871590210028876
v 0.00602885766668024 -0.240220920040263 -0.140295679480747
v 0.00606779430136132 -0.240191466925099 -0.135484830594824
v 0.00636009175567169 -0.0302410325440974 -0.297945288852781
v 0.00645885200874044 -0.23989565636556 -0.0871673642476178
v 0.00682402139959075 -0.239619428689196 -0.0420485507822328
v 0.00683232071482003 -0.225245314693111 -0.29808105274588
v 0.00684682876385413 -0.23960217635263 -0.0392305675678116
v 0.00696305227199181 -0.239514260578756 -0.0248704735529605
v 0.00718889902678521 0.0289183832250471 -0.354764396297581
v 0.00739925133963594 0.0276962679680999 -0.297817331623993
v 0.00766360388950815 0.299733057050449 -0.365329982708177
v 0.00773467611750766 0.236935043629487 -0.11927792023654
v 0.00775363330121078 -0.0445586500409752 -0.297972171799176
v 0.00816808153339075 0.299514279375712 -0.229857562920152
v 0.00823825106233012 0.299483848837184 -0.211014238550728
v 0.00839616749231427 0.0238700451145575 -0.354941684571944
v 0.00845078668256125 0.299391678154585 -0.153939925916646
v 0.00852374304039859 0.299360039047245 -0.134348226551973
v 0.0085447774405976 0.299350917023265 -0.128699649001899
v 0.00856439565129598 -0.237976298486811 -0.280962404570951
v 0.00868295035089835 -0.212344395092387 -0.379374031799937
v 0.0087301846131666 0.299270511180536 -0.0789104093427018
v 0.00876431542636651 0.299255709612936 -0.0697449212193044
v 0.00883770822306745 0.299223881234416 -0.050036020567998
v 0.00918432336650817 -0.2376251222506 -0.040713147251935
v 0.00971060486298223 -0.237069327949682 -0.194840528107432
v 0.00982359944739907 0.219282879371848 -0.297768533186703
v 0.00983632409202061 0.0745596712910963 -0.297862253591184
v 0.010232456744115 -0.236751836869561 -0.0229970077347436
v 0.010388024538718 -0.234956899858407 -0.285841921728822
v 0.0107967396979526 0.219843239005811 -0.297759707898113
v 0.0109148241512123 -0.228084529065078 -0.384363126742061
v 0.0110160411480148 -0.236089220108089 -0.0233003902559505
v 0.0110415211454491 -0.236067052263533 -0.0241738000547881
v 0.0115466643835054 -0.235627572753816 -0.0414892277769481
v 0.0115918027383363 -0.0839930264791108 -0.298046214301578
v 0.0116483776432695 0.23395621807169 -0.0650484093855828
v 0.0116578953180143 -0.235530800763457 -0.0453020298929761
v 0.0116843051744998 -0.217692482148534 -0.381239437262337
v 0.0116865699643016 -0.297762849353149 -0.0760764287064453
v 0.0120057395940391 0.025369007883572 -0.355861404163184
v 0.0121068819598852 -0.228761478232137 -0.295803555967689
v 0.012425312519852 -0.176645140313682 -0.372898209315524
v 0.0127047646853744 -0.230019959299002 -0.292671909892194
v 0.0128863409149569 -0.234462041195903 -0.0874109988783171
v 0.0129293081431283 -0.0977349137210956 -0.298072016249295
v 0.0129473027910554 -0.29719491852792 -0.0407306382591287
v 0.0129864351990452 -0.297198318758874 -0.076726218436172
v 0.0129965798567313 -0.297199200232334 -0.0860576871054283
v 0.0130495240279693 -0.297203800573052 -0.134757888769594
v 0.0130654657583255 0.00434481352059086 -0.355627374503971
v 0.0130955195515441 -0.29720779714293 -0.17706644174845
v 0.0131102576336275 -0.297209077740917 -0.190623128968597
v 0.0131933058804832 -0.297216293837092 -0.267014283559492
v 0.0132080243402207 -0.234155031569687 -0.136157431231786
v 0.0132133963851546 0.217706842057901 -0.382442201017865
v 0.0132230785803328 0.232729217088705 -0.119174434679765
v 0.0132530495921738 -0.0566507518697264 -0.357094985961561
v 0.013301247705884 -0.2972256729465 -0.366303563986376
v 0.0133599749802613 0.269958503464996 -0.394025891659785
v 0.01341740419124 0.232558241764845 -0.0659370156510387
v 0.0135439898323939 0.221193329574987 -0.296744508702618
v 0.0137933069833292 -0.221604615199158 -0.382862505905194
v 0.014240983858543 -0.219394943708664 -0.298169377269011
v 0.0142930087769803 -0.233238226531542 -0.135629115758743
v 0.0143435758849547 0.231856129849189 -0.157688455993002
v 0.0144618323523416 0.231748053835511 -0.204275763320359
v 0.0146005491158191 0.0184222361273455 -0.297816661052822
v 0.0146345006829979 0.231612524946974 -0.212843581430131
v 0.0149548712070302 -0.295828198151346 -0.19090585429961
v 0.0149751236566734 0.00795426947594199 -0.297838165586705
v 0.0151077938136974 -0.232471658408217 -0.24374155121103
v 0.0151285774395019 0.0217504604614898 -0.297807965914791
v 0.0156364486764307 -0.232096772176625 -0.0250691958132761
v 0.0157000727928007 0.230799152616136 -0.20431431631825
v 0.0157038537786714 -0.232037501583588 -0.0309727224503031
v 0.0157046234182469 0.295054765495646 -0.221231083552813
v 0.0157054549821724 0.295059011931882 -0.213213221673199
v 0.0158404621841402 -0.231917379205062 -0.0429372671764171
v 0.0159335292371844 0.230617244242298 -0.21233874122103
v 0.0159595979655228 -0.231812620838414 -0.0533715108083536
v 0.0160106912834173 -0.231743826114182 -0.194508271311286
v 0.0161247623311838 0.230468236142542 -0.218911854273341
v 0.0161996804648578 0.224276654572326 -0.295265912873888
v 0.0163498522172282 -0.231469462825668 -0.0875510653757448
v 0.0166105892130902 0.294619381223149 -0.049834948017031
v 0.0166500904203037 0.0313167647327492 -0.29777193013475
v 0.0166789041871424 0.294576134782441 -0.0545332142047213
v 0.0167250824173098 -0.0151807247745605 -0.356151151902556
v 0.0168158369571291 0.294446201373013 -0.137122003095654
v 0.0168842817222899 -0.230999528760612 -0.134357890287586
v 0.0170338880681834 -0.092488383752327 -0.361897677890525
v 0.0170480617099088 0.294342441523505 -0.0799215032468719
v 0.017406487106109 -0.293972612855521 -0.168932431418677
v 0.0174718936044157 -0.230472565942314 -0.244595734174411
v 0.0175701404427428 -0.230396440095963 -0.194427307747592
v 0.0176156327194216 -0.0146822562113483 -0.35629556991504
v 0.0176465605216688 -0.293711678183066 -0.0795693340135013
v 0.017708896991639 -0.293837648646065 -0.269611709486764
v 0.0177817984193724 0.229177079922846 -0.275867924541474
v 0.0178501381257338 0.0196568916627593 -0.29780466816986
v 0.01788391649364 0.293813307979256 -0.137406239539415
v 0.0178896321383686 -0.229583989324633 -0.386786608408366
v 0.0179022831374825 0.293801681070442 -0.138669379618791
v 0.0179379972620698 -0.212274270856821 -0.380701781329997
v 0.0180042399269203 0.226285503192093 -0.293533539181474
v 0.0181083470873523 0.293671233353615 -0.152841137737807
v 0.0181457893442083 -0.229890261028848 -0.244844242228935
v 0.0184037909836533 0.228669926803537 -0.228319271564696
v 0.0185744857305813 -0.229513300113301 -0.282390666045827
v 0.0186268988657503 0.228488011673283 -0.211263634775087
v 0.0187164054361626 0.2284150308388 -0.204421242920134
v 0.0189517968209051 0.228214022102952 -0.158614995354845
v 0.0189933989810403 0.293110955833565 -0.213709336023112
v 0.0190287639814817 0.292929492360157 -0.0498035403237063
v 0.0190485422606521 0.293076047665842 -0.217501737464711
v 0.0193106556354076 0.227930497968948 -0.158993374280025
v 0.0193117756740649 0.226695775024612 -0.283463843679484
v 0.0193161541211677 0.227926014677081 -0.158573038722466
v 0.0195637470492183 0.223235146030267 -0.385565962731642
v 0.0196745494847567 0.22767699190013 -0.233538987794316
v 0.0197399251571514 -0.0908762908504535 -0.362230742199164
v 0.0197465022785906 0.0765503998273521 -0.297766593032155
v 0.0197661415729029 -0.228594244702593 -0.245399810974336
v 0.0198345053087377 0.227503367467499 -0.118947322671721
v 0.0200354148984592 -0.228547217371359 -0.0607153565397992
v 0.0200902253382097 -0.224144510282596 -0.295384664519791
v 0.0203060610982009 0.0728450322917542 -0.297748645820997
v 0.0203062713015408 0.227171829757691 -0.277187959653589
v 0.0204827010353269 0.226974849116089 -0.0693955507783553
v 0.0205398378514923 -0.252729519427415 -0.0328019611799458
v 0.0207074413798558 0.226858379886677 -0.21043969254419
v 0.0207732791384248 -0.291498185104982 -0.271371182265013
v 0.0209731132372579 0.226647823317168 -0.204498284055172
v 0.021136069298191 0.226513834464172 -0.263053266311325
v 0.021140152748934 0.0600644951193317 -0.297902461142828
v 0.0211684586658988 -0.0749042253755348 -0.297999114420698
v 0.0212510707037988 0.291681748435743 -0.368977531101895
v 0.0213020779400286 -0.29107568108019 -0.190787078276806
v 0.0214149957018433 -0.227322578626824 -0.194216808339252
v 0.0215050029005863 0.223138816616625 -0.294352617752985
v 0.0216575338807974 0.0632874521382181 -0.297876461657785
v 0.0217338683781767 -0.00299830344692195 -0.357579111957191
v 0.021797645216658 0.0127562005448385 -0.297808219909194
v 0.0219138747469033 -0.218355801587173 -0.296731369438171
v 0.0219285722762587 -0.0327173310556808 -0.356928928304906
v 0.0219452742065672 0.291048558343505 -0.214148163239823
v 0.0220476697285021 -0.0613429676470036 -0.359680165477178
v 0.0220554280150812 -0.0632077085629599 -0.359859387501054
v 0.0220771137918787 0.0763294728194629 -0.297741831707618
v 0.0221460289891089 -0.0849840816799526 -0.36195233544321
v 0.0221503444817841 -0.0980290051167292 -0.298046176749991
v 0.0224971041492961 0.290534887815728 -0.0802597186235971
v 0.0228417473186345 0.225166849059339 -0.162708692554869
v 0.0228610432890336 -0.289877352414832 -0.156587612547285
v 0.022874021635899 0.0965888900518207 -0.364716370718542
v 0.0229305833289211 0.0780086232223003 -0.297738547989289
v 0.0230464679582651 0.225004598996386 -0.158130379450604
v 0.0233707830717373 0.290052733150263 -0.214506799445331
v 0.0233862426409802 0.290040852352196 -0.213380207456644
v 0.0234443813524814 -0.22575743053927 -0.131221514042983
v 0.0237056863585155 -0.0622254413456594 -0.360154151549653
v 0.0238507321553138 0.224358572520234 -0.2508383865695
v 0.0239996626385999 -0.289002130777361 -0.131609396418673
v 0.0240190189107059 -0.211673559776861 -0.298285948945492
v 0.024128592061589 -0.24399872501758 -0.393560009363521
v 0.0242301275806916 0.289392320274558 -0.151883409097179
v 0.0242392140157314 0.022083339514676 -0.297773547503997
v 0.0242835692839128 0.289351249913906 -0.147988928354219
v 0.0243863916077764 0.209981114774561 -0.382520930644921
v 0.0244030104551886 0.28925945845358 -0.139284839348581
v 0.0248051412341749 0.223610773487415 -0.118799919562691
v 0.0248425524077628 -0.224679101857602 -0.0878201048153762
v 0.0248456809022367 0.288919262804596 -0.107025921170564
v 0.0252388098039267 0.288617140214897 -0.0783772658162239
v 0.0253430650926223 -0.224293085295764 -0.0722834108056282
v 0.0254800541632397 -0.217726784635944 -0.295659023662454
v 0.0255585099316604 0.288371448203696 -0.0550796178010104
v 0.0256714250781103 -0.217661375384905 -0.295513917054936
v 0.0256893364517953 0.107007918569619 -0.366578478701896
v 0.0256904472939016 -0.287710985382852 -0.131128580001688
v 0.0256951612346034 -0.28771180299715 -0.150133766861017
v 0.0257155111277227 0.288253819186598 -0.117327670990309
v 0.0261807289943862 -0.223647198141364 -0.0461112279401858
v 0.0261861031813971 -0.223642898648407 -0.0461141942801083
v 0.0263086810143268 0.287800665354087 -0.139860541319325
v 0.02636791382411 -0.287181729006292 -0.0796563973931044
v 0.0264634582048364 -0.2233963377689 -0.138018119420221
v 0.0265474995190731 -0.00954178406594419 -0.358605022424302
v 0.0265745378620179 -0.223347543952915 -0.0294219150154272
v 0.0266136912492487 0.287567651912185 -0.1514470298241
v 0.0267235038780769 -0.22322843249093 -0.0294324388770797
v 0.0267999058077577 -0.223136187696505 -0.129628811516799
v 0.026874733592472 0.221970531003675 -0.0725161553483116
v 0.0274012618629545 0.012309660807237 -0.297793094968482
v 0.0278750753635709 -0.250589562924524 -0.393998673686763
v 0.028401345308306 -0.285618692830979 -0.0350484332703115
v 0.0284134402814403 -0.219275278576426 -0.29100318748105
v 0.0285105093075421 0.228298069687742 -0.389120841655115
v 0.0287139721697293 0.279289769970589 -0.385514712709315
v 0.0288376355105514 -0.0913987055980964 -0.364116220115228
v 0.0289492303149317 -0.280117972884579 -0.385076832378222
v 0.0289724877887504 0.080811455742216 -0.297814212741182
v 0.0293451194697383 0.219993919921076 -0.25791733432231
v 0.0295867880034527 0.219812803466614 -0.118623821752591
v 0.0306249600399855 -0.220097640647911 -0.283327344772651
v 0.0310761388353637 -0.283576069053589 -0.0340597872868881
v 0.031242822706809 0.240433431718243 -0.39349341940384
v 0.0315853484558396 0.0335863819166247 -0.361482864104744
v 0.0321952707509085 -0.00880328672121013 -0.360006341011516
v 0.0324776340655062 -0.218710085237953 -0.0986703503037041
v 0.0324843301385334 -0.258581707583233 -0.394333677974721
v 0.0326533733938453 -0.218576226164559 -0.0880482080315825
v 0.0330368408611662 0.0752848301858179 -0.297945815922216
v 0.0331399694965187 0.0752750405159389 -0.297945488327811
v 0.0331673856834112 -0.218122036845651 -0.249895303635256
v 0.0331895295631279 -0.282023744937555 -0.298241679042254
v 0.0339326773794259 -0.0047563753169296 -0.360527123544319
v 0.0343279539685965 0.216040254478706 -0.204980993395144
v 0.035624080853914 0.102982322408296 -0.297689709842561
v 0.036363019794654 -0.263115787718723 -0.390765210713245
v 0.0378353688570991 -0.20733005365934 -0.292175200122109
v 0.0379538567843357 0.278883070530867 -0.065522727437276
v 0.0380250322163288 -0.278306453733804 -0.190489305388748
v 0.0381757897837037 0.278713306699418 -0.0686600466522448
v 0.0382458538369765 0.126251117825237 -0.371718166326811
v 0.0382859943216921 0.196276106149592 -0.297968839116239
v 0.0384882674598892 0.00585488237441789 -0.361892648287677
v 0.0387254743729007 0.0114093769265849 -0.297754498739603
v 0.0396663121865879 -0.213062670339288 -0.193203040072352
v 0.0400141822827492 0.277292066474095 -0.0672656507017015
v 0.040099223935377 0.118987107027976 -0.371302024230226
v 0.0401904222122 -0.267060775991179 -0.387501795329529
v 0.0402256625746886 0.0360074728471075 -0.363901707823995
v 0.0403667374634257 0.211247545267163 -0.156167770196652
v 0.0404203169978714 0.211210979313105 -0.0791566493124053
v 0.0404343586576554 0.276987276432007 -0.140093996417742
v 0.0404371557089434 0.0733614330475308 -0.366185775671616
v 0.0404672514946957 0.211162235336106 -0.22651929142942
v 0.0407454752782067 -0.0119304782610599 -0.297807070575423
v 0.0407616911565035 -0.212259689385535 -0.0304638662446582
v 0.0408214112585525 -0.212205356575421 -0.0540798112794829
v 0.040906202419447 -0.212128214342131 -0.0876099514905808
v 0.0409932792601334 -0.212048992617987 -0.122043949640316
v 0.0409958791030688 0.119725740818194 -0.371713607284762
v 0.0410456964913639 -0.212001303893864 -0.142772019572311
v 0.0410692854971003 -0.211979842829239 -0.152100146011884
v 0.0411726341349289 -0.21188581717084 -0.192968725713586
v 0.0412747903591114 -0.21179287635962 -0.233365772813078
v 0.0414032520075478 -0.211676003110713 -0.284165137256024
v 0.0417697735163578 0.23590977663416 -0.394000953371589
v 0.0420405722822444 -0.211014104067286 -0.0875714629307381
v 0.042201520486898 -0.210882318241399 -0.231261644170416
v 0.0422157420903354 0.125022529617377 -0.297694159181767
v 0.0427044301364838 -0.269392261327745 -0.384901570700234
v 0.0432132783262334 0.274859966464755 -0.13987167198361
v 0.0433406412285361 0.208875069896801 -0.289232524403669
v 0.0434949215387775 0.208755028906118 -0.257081323807165
v 0.0436753191748415 0.208614666789164 -0.2194874106555
v 0.0437484540694572 0.208557762669712 -0.204246485460866
v 0.0438413970461186 0.208485446461779 -0.184877660741749
v 0.0438850804150553 -0.0621340793246027 -0.297906348454377
v 0.0440333072314191 0.208336126767455 -0.14488459322424
v 0.044109490899108 0.20827685048697 -0.129008319847495
v 0.0443514993448648 0.208088550803513 -0.0785750398430718
v 0.0443896481062147 0.0386741056815186 -0.365144393591415
v 0.0448107428502815 -0.273167211646465 -0.371752547524589
v 0.044918407805392 -0.00638965946482772 -0.363371759134941
v 0.0449206836321811 -0.273057506620883 -0.260926005510423
v 0.0449997557496119 -0.273008079407978 -0.308040271311079
v 0.0450543769843195 0.273451649706257 -0.165898059285697
v 0.0451401579538313 -0.272889873099705 -0.260713638854267
v 0.0452803871272262 -0.00707895560969968 -0.363455024431286
v 0.0453497138115959 -0.272713445496869 -0.190076763067715
v 0.0454680229463722 -0.205407721624401 -0.285733455535317
v 0.0455237988914087 -0.272566881169588 -0.131396341101919
v 0.0456766168142002 -0.272438221918178 -0.0798846308336793
v 0.0457654833401957 -0.272363404118661 -0.0499295924716668
v 0.0458125644724436 -0.272323765945861 -0.0340595322120303
v 0.0458272353357834 0.206528537753329 -0.10709347403835
v 0.0461864619323909 0.20605874857027 -0.187522401788686
v 0.0462771684361278 -0.206865973589518 -0.157401120816553
v 0.0463381314291274 0.205941948857687 -0.154927910968266
v 0.0465980017999831 -0.206549249469045 -0.148530744162003
v 0.0468690402952585 0.272050286783984 -0.167320527859054
v 0.0469988336829703 -0.204819073065358 -0.284087078012689
v 0.0474327581835561 0.239976447389595 -0.39316227772072
v 0.0474806448188843 0.271595717848931 -0.200196594067438
v 0.0475379543072055 -0.0067809869230605 -0.364057158277652
v 0.0475844138288534 0.204748139885664 -0.0781054661462543
v 0.0475953229058265 0.0721823746150704 -0.367715618034681
v 0.0478077587031357 0.0276607645385431 -0.297669490135946
v 0.0478791694194513 -0.270337021265881 -0.372773338246545
v 0.0478813490243557 0.204375506753162 -0.131781098868488
v 0.0478944888568309 -0.205254381369606 -0.030765954598253
v 0.0483453281870012 -0.204779202319071 -0.0307800267652197
v 0.0483798547914278 -0.204782819695935 -0.0588226067411884
v 0.0484583708077234 -0.204705699461728 -0.058784433443899
v 0.0484619266518221 -0.204702239469222 -0.0589611181959097
v 0.0484914496822081 -0.270310503988585 -0.0340605292195448
v 0.0487466734179032 -0.204425168357746 -0.0731097732985957
v 0.0489016435163561 -0.270092205393154 -0.369618344200091
v 0.0489491666949154 0.27047239729294 -0.220956111184737
v 0.0490201582470205 -0.269939271776696 -0.131430135725233
v 0.0491924963746867 0.130957055403808 -0.297641710744539
v 0.0492708094247303 -0.100203768539828 -0.29797300416587
v 0.0493763061538235 -0.0846975053526921 -0.368536441169089
v 0.0496307263727446 -0.203564945998864 -0.117037086408102
v 0.0496642821733207 -0.0921498526376301 -0.369371323809302
v 0.0496776635466324 -0.0924906814017869 -0.369400911122008
v 0.0498817317401827 0.202220009069891 -0.203796818437355
v 0.0500235094532889 0.13131233922068 -0.297634308137448
v 0.0502027265787642 -0.0922900639096546 -0.369516489738005
v 0.0503101701285014 -0.202903817378566 -0.150797664251292
v 0.0503335986003788 0.0717300717825684 -0.368419595491345
v 0.0503889065098568 -0.067277767200226 -0.297898770978395
v 0.0504823352831185 0.127637187036572 -0.374385514926116
v 0.0505941785345334 0.201637877166418 -0.0780122448809682
v 0.0506103598875632 -0.202611719556555 -0.165713659346788
v 0.0506537877469614 0.201568381940719 -0.0844539275517296
v 0.0506871776069733 0.269146510735845 -0.332537480976395
v 0.0509196373665591 -0.202315885418098 -0.20899416226201
v 0.0510401235515401 0.201043863110805 -0.18668402671278
v 0.0510872312070977 0.0759212328504142 -0.368834857857308
v 0.0510880487332991 0.201062100041861 -0.131382436692093
v 0.0511231405482364 -0.202112761448788 -0.191192988966733
v 0.0511597104932879 0.26868318294817 -0.0726861298902464
v 0.051367489887654 -0.0909483245204007 -0.297947020059712
v 0.0514043410363505 -0.201839141021551 -0.205165434644659
v 0.0514759425662579 -0.20161822438253 -0.115937238856095
v 0.0515319008621497 -0.201681787973041 -0.19111667934136
v 0.0515983405557023 0.20046717781549 -0.186527234878675
v 0.0516034457895704 0.200461225893539 -0.187078933101132
v 0.0516974694370897 0.268374490842383 -0.365936888347771
v 0.0517283495124501 0.268348113027121 -0.299279527796575
v 0.0517424573863913 -0.201422053289607 -0.167927112657257
v 0.0517509459351433 0.200289263280889 -0.203018568821337
v 0.0517577817290888 -0.100400994414544 -0.297986600362664
v 0.0517750195751557 0.200261197098199 -0.205620092031816
v 0.051845030128266 -0.0548098046818234 -0.366068228105183
v 0.0518493209724903 -0.201254752256229 -0.20643414682999
v 0.0518698410796981 0.200150649724885 -0.215866998805892
v 0.0518887865973242 -0.201241547026902 -0.15181119790712
v 0.0519184882884027 0.257250898623286 -0.39009448022959
v 0.0521439792772271 -0.200831734502268 -0.0654149783968137
v 0.0522171123293305 -0.200836536636588 -0.11565116209778
v 0.0522457349335264 0.19971241497649 -0.256488050915493
v 0.0524295813731396 0.199498078143401 -0.276355456906921
v 0.0525460153787877 -0.200342647916208 -0.204368841183774
v 0.0525990671291591 0.0721149467497093 -0.297877159210425
v 0.0526668422866026 -0.200281766517239 -0.0661203158247196
v 0.0526756067079021 -0.200270955053667 -0.06515504945311
v 0.0527527905400058 -0.200175743954082 -0.0566544360052413
v 0.0528032426997761 0.19900708734669 -0.256445543801112
v 0.0528600832010008 -0.0599195511768539 -0.297875804101889
v 0.052968876342907 -0.267020803078443 -0.314588306707224
v 0.0529898273264243 0.267381563427104 -0.2780762432809
v 0.0530074717769114 -0.199861578669094 -0.0286052100423598
v 0.0530265429548203 0.250856063599588 -0.391160155452181
v 0.0530845612759952 0.267312830216552 -0.370246313182333
v 0.0530989007224373 0.198633457446922 -0.256880505551673
v 0.0532366505843619 0.267188560115727 -0.273894794965929
v 0.0533873627373486 0.198240427749541 -0.226273368167246
v 0.05347306220349 -0.199251245320133 -0.02834124633112
v 0.0535700796647491 0.265649748521126 -0.373405664515601
v 0.0536164581832048 -0.199043556829089 -0.0561961999936036
v 0.0540406861944497 0.19741686747145 -0.229477702579121
v 0.0542311236479733 -0.266081243299954 -0.348365355188693
v 0.054383161481812 0.258912243916871 -0.383749029241118
v 0.0544201450593042 0.07105722135611 -0.369268085155081
v 0.054562551873011 -0.265754685370425 -0.0594059434314407
v 0.0547475500817172 0.196503747079568 -0.208910330914519
v 0.0548579199456337 -0.197332202699345 -0.17445359935144
v 0.0549509133825648 0.25531971769936 -0.389549889263438
v 0.055001273250528 0.19617598977932 -0.20152783648122
v 0.0550086283453498 -0.197148894257257 -0.154171142682944
v 0.0550603461863542 0.195987779137442 -0.0779411303246166
v 0.0553656040300147 -0.0102611909604294 -0.297761495011158
v 0.0554107705542299 0.195647004857093 -0.189612836447128
v 0.0555771856479384 0.195432031340523 -0.184770714583848
v 0.0555806966852336 0.178828171848745 -0.382709678185008
v 0.05566323020384 0.1319463691716 -0.37604532300284
v 0.055748002727288 -0.00949615543617514 -0.297758746911701
v 0.0563356078734572 -0.264427701388548 -0.0799947279870004
v 0.0567302852627177 0.229480925939759 -0.394722241807676
v 0.05716232561726 -0.0105841276018354 -0.297757033161144
v 0.0574505258064736 0.193012067425968 -0.130262790231165
v 0.0575895891371506 -0.263514627138631 -0.189380924295934
v 0.0576814944215267 0.263659553804532 -0.075855451495197
v 0.057761808457984 -0.177397599878252 -0.382506968737194
v 0.0581023439817161 -0.0612184414271593 -0.29786355518901
v 0.0581747800010743 -0.19297212285825 -0.18968207761281
v 0.0583672935504328 -0.192773791541031 -0.113005102233657
v 0.0583980827082137 0.0474928419525845 -0.368720145510684
v 0.058410044466598 0.19177256987809 -0.102344010877208
v 0.0587140978268988 -0.120038505196273 -0.373777460454642
v 0.058782717208083 0.262859512768768 -0.19399444105091
v 0.0588689774327797 -0.0447152700936496 -0.297825755962611
v 0.0593799247832536 0.190519687235795 -0.0741237420218432
v 0.0593951854499203 0.262402480508908 -0.22359056993609
v 0.0594641235905172 0.190413473389965 -0.104804498736512
v 0.0595280770473915 0.26238024173647 -0.370503131306856
v 0.0597775244785226 0.190015342527414 -0.182846451104891
v 0.0600321599239702 -0.261701533475117 -0.273559921518255
v 0.0601059854568591 -0.0526291316968314 -0.367850764190799
v 0.0601085340776021 -0.100525364685262 -0.372622687627355
v 0.0601519328008255 0.0305874342517251 -0.29765061929045
v 0.0605053233263686 -0.0949728667775707 -0.372294095020555
v 0.060559949290351 -0.215831154112236 -0.393536352270101
v 0.0609446593918304 -0.0882069201717711 -0.371706312539251
v 0.06095997453644 -0.260972185172667 -0.153963125530946
v 0.0611760442104854 0.260979830410102 -0.138433845783446
v 0.0614398682258595 0.187867561244992 -0.129539148144577
v 0.061948161761763 -0.260198878915714 -0.039639323412934
v 0.062038908004029 0.0697939461390858 -0.371678721767614
v 0.0620744464368408 0.260338270977086 -0.234518696132601
v 0.0621195690111875 -0.26009302624199 -0.125286902912947
v 0.0622735093835234 0.18680340571996 -0.270515013337693
v 0.0623669046362539 -0.187118169936823 -0.246982913336657
v 0.0629344883071798 0.136825797852755 -0.297801178565854
v 0.0629848891867909 0.259586302097049 -0.138289080972065
v 0.0630293804410541 -0.186662214076143 -0.110559354719873
v 0.0632118693898555 -0.0532910027301957 -0.368673039327598
v 0.063334420359026 -0.259167350256485 -0.0780010576978929
v 0.0634128972715041 -0.259108954813911 -0.0801727379817399
v 0.0634315578831224 0.185306049594675 -0.218660818260718
v 0.0634614667663544 0.0695599370386537 -0.371953905704437
v 0.0637730653304184 -0.258847991329644 -0.116399331706439
v 0.0638743215547758 -0.0430889812502716 -0.367786752478297
v 0.0639091491683241 -0.0425526224302236 -0.367740157029576
v 0.0639655550918257 -0.185453778899417 -0.0834183704370893
v 0.0640674175181748 -0.042599614185566 -0.367780216028684
v 0.0640704663129583 -0.258619651221478 -0.0983695512545934
v 0.0641400663539185 0.115077544694439 -0.298059164567381
v 0.0643190165661453 -0.258325219750511 -0.0802094935084629
v 0.0644103609412215 0.108809228961361 -0.298027322877512
v 0.0649884517714211 -0.25793656921136 -0.123772830487296
v 0.0650147758132661 -0.183964660558964 -0.243971059453109
v 0.0651420377469211 -0.257822284376124 -0.128022993042578
v 0.0658361807206292 0.182203464790833 -0.196511049093081
v 0.0662626088848691 -0.256988456369011 -0.159032396573946
v 0.0663353500672051 -0.2564119912243 -0.0415893856959449
v 0.0668277459818503 -0.256501983795255 -0.159589268813511
v 0.0668409680189997 -0.0357023701076345 -0.368522285950628
v 0.0672599113911208 -0.181049171361607 -0.203564727926872
v 0.0673646469298876 -0.0857814805251428 -0.372892233995842
v 0.0673905060339576 -0.25614917700494 -0.190244531755306
v 0.0674110719000696 -0.25614685251418 -0.239217777071969
v 0.0675839140333041 -0.0068119576501255 -0.369355544963942
v 0.0677086101678235 -0.106417341112767 -0.374538381253342
v 0.0677310468847842 -0.0187141484388144 -0.297744226925679
v 0.0678741974252158 -0.255470220570677 -0.130667541958081
v 0.0679290805931738 -0.180252382310658 -0.0892329762499979
v 0.0681246621631287 -0.255032155201994 -0.0800379205714908
v 0.0681793929718141 -0.179886074164407 -0.143194344814642
v 0.0682510426943835 -0.254854373219148 -0.042415205614583
v 0.0683345503462901 0.167338219884689 -0.297563856530229
v 0.0685142228004208 -0.179420268641831 -0.18110167896069
v 0.0689558589072053 -0.254984382533151 -0.233562316116958
v 0.068980212933667 -0.107382468237797 -0.375095198985661
v 0.0691088294945624 0.254878891346229 -0.190505045468392
v 0.0691182617237929 -0.254863536999727 -0.238056465844409
v 0.0693086574379286 -0.254188639680728 -0.121380112678686
v 0.0694463784194219 -0.178299088215793 -0.0377792716200405
v 0.0694930548849954 -0.114528741641674 -0.298134119196946
v 0.0696825410550339 -0.0286371889834013 -0.36929029769445
v 0.0696940613391176 0.254428801788274 -0.194346536590179
v 0.069776748333435 0.177118265726563 -0.149202315534732
v 0.0698273199011042 -0.17778738190692 -0.0550470537222281
v 0.0698797739926009 0.0188086346004789 -0.297616864555429
v 0.0699380754487532 0.197109719302826 -0.392122011017341
v 0.0700366618813925 -0.253557708071216 -0.121122753126514
v 0.0705503407917345 -0.253161582282984 -0.132160627147549
v 0.0705643844652793 -0.176832616540951 -0.0384201163834332
v 0.0711028679697303 -0.176115373209663 -0.0542073712872364
v 0.0711662724638664 0.253319563965279 -0.246031263079076
v 0.0712242036353572 -0.0644552574742411 -0.297944020780331
v 0.0712770223997867 -0.230952161966507 -0.394207832769854
v 0.0714259538448757 -0.084269227165604 -0.373644690882425
v 0.0717597610075219 -0.175198569735797 -0.132761382717469
v 0.0718433561312491 0.0248404588575348 -0.297590466039873
v 0.0719451854373896 -0.174993432460294 -0.0789024277967633
v 0.0722982511176638 -0.251813673420705 -0.169719525496767
v 0.0724913543171498 0.0446843316134163 -0.371617063106938
v 0.0725026738630254 0.173596360923236 -0.0623770700352061
v 0.0725261575728293 -0.251375260929792 -0.0427078043467401
v 0.0726375517528347 0.0446450331174329 -0.371661151142682
v 0.0726587712089041 -0.251271629604524 -0.0448715209915158
v 0.0728281030863495 0.0441928848023936 -0.371660835243206
v 0.0728938549153369 0.251963762184496 -0.194448482056791
v 0.0729019075968047 0.0445950839081634 -0.371711717923872
v 0.0729609688564546 -0.173640440442274 -0.108683157626525
v 0.0730733922244861 -0.251920485486457 -0.347506221921301
v 0.0732652552920142 -0.251184481428179 -0.217145381076521
v 0.0732776365793929 -0.251058415943323 -0.190764448943983
v 0.0733187311748462 0.251641144111615 -0.218139050826896
v 0.073324975723843 0.0445150688569625 -0.371792750905611
v 0.0733264813439643 0.251635183618821 -0.218189923324927
v 0.0733773758472617 0.251595960835075 -0.218116151140085
v 0.0733816275413204 -0.0927056250256282 -0.29806741634173
v 0.0734060973830149 -0.250915981042927 -0.171743429177036
v 0.0734104019004949 -0.251669713271282 -0.356832242093895
v 0.073495201102955 -0.00679337876346038 -0.370609931910779
v 0.0735224520774768 -0.251531835858898 -0.347469170716996
v 0.0736009819409703 0.251424070957207 -0.219991758983964
v 0.073635858524195 0.251396822244035 -0.218073411631519
v 0.0738231507976786 0.171911180974946 -0.291244697092921
v 0.0738352176109625 0.171894907583838 -0.2819980240029
v 0.0739046588698423 0.1718012586031 -0.228785912013078
v 0.0739522664046501 0.171737054739545 -0.192304754922621
v 0.0739955295830907 0.171678709706206 -0.159152632778594
v 0.0740269523240494 0.171636332771942 -0.135073714310021
v 0.0740388774193639 0.171620250502706 -0.125935638220975
v 0.0740459002998379 0.251076460852515 -0.195519523550547
v 0.0740858914983091 0.251045216143435 -0.193319852521591
v 0.0740887784466058 0.171568723127908 -0.282249650001181
v 0.0741072066152176 -0.172113687288745 -0.14228854670229
v 0.0741204313157846 0.171510266331937 -0.0634417384912028
v 0.0741457164402412 -0.172062393395879 -0.143417577431966
v 0.0743486776655665 -0.250232477821382 -0.21377885802818
v 0.0743806904146618 -0.250597275252732 -0.347336225621713
v 0.0743860762447909 -0.171744484240586 -0.143426529083673
v 0.0745407528107403 0.156396845049831 -0.297792058031633
v 0.0747584842015622 -0.013748952580651 -0.297702684034003
v 0.0747936823653995 -0.249603296852122 -0.079704611623474
v 0.0748437762528485 -0.110220830653749 -0.377412266224101
v 0.0748795320806397 -0.249861952916506 -0.234069644932899
v 0.0748799495492702 0.170551376539231 -0.28303466865046
v 0.0749641004447565 -0.249757891793819 -0.227002992734921
v 0.0750563836346042 -0.249652130871104 -0.211611636056126
v 0.0751803722846183 -0.249510033983757 -0.190932316890396
v 0.0752622456905548 0.250126142799366 -0.128615809247232
v 0.0752685757479953 -0.249408948621528 -0.176221393184987
v 0.0753391127471595 -0.249350851414887 -0.0429413727181821
v 0.0753654741351081 -0.249319192896472 -0.0462771257567643
v 0.0754089126681892 -0.170379855187902 -0.180451953934309
v 0.0755167960680938 -0.249124476334282 -0.134822223001676
v 0.0755452644044003 -0.249200231366667 -0.233600496411494
v 0.0755850308143921 0.159446481775552 -0.29639106966583
v 0.0756104489504652 -0.249017145678819 -0.119202423567392
v 0.0756187447374359 0.169596229059179 -0.230439836940006
v 0.0756292509950162 -0.249002411982167 -0.079655279580168
v 0.0756980544265707 -0.248969862905589 -0.233484897047127
v 0.0757533845409569 -0.248853334696946 -0.0953630584675829
v 0.076041463376952 -0.169515194623734 -0.230347308684343
v 0.0762227707055201 -0.129908948133759 -0.298229917765206
v 0.0762294174443302 -0.169286968267294 -0.204507506135365
v 0.0762715513478209 0.249337582745153 -0.0731000833244792
v 0.0764117863969355 -0.248138892849619 -0.0796377948441503
v 0.0765648403595487 0.168373793387548 -0.165200427579597
v 0.0766268532073948 0.16830545520069 -0.288673881289162
v 0.0767315700332865 0.0133285546699344 -0.371767048890559
v 0.0767518424029948 -0.168639986688318 -0.0664524432124275
v 0.0767589944152898 -0.247900953006644 -0.118775537383934
v 0.0767882471090558 0.168088459570916 -0.190836546585585
v 0.0767981494582916 0.248616475750472 -0.253513883466943
v 0.0768187895103588 -0.248157639280673 -0.347028300704013
v 0.0768229797160771 0.040011188136231 -0.297652288237154
v 0.0769177209787178 -0.168347795170113 -0.256393822467544
v 0.0770365434680197 0.167763697610572 -0.125080961479773
v 0.0771243520709113 -0.16809494309373 -0.230745192072431
v 0.0772325775650134 0.166807869374583 -0.291410224161145
v 0.0774632198321759 0.167218257592684 -0.167979696198855
v 0.0774998213483017 -0.247199338966557 -0.136023374137042
v 0.0775047020742274 -0.0563737092882544 -0.37217299742903
v 0.0777411167333948 -0.246696416324585 -0.0478880818176328
v 0.0779456622931951 -0.246474460832997 -0.0430027176260603
v 0.0781263658418385 -0.166760291820077 -0.26012222347264
v 0.0781406962384525 -0.155023206435881 -0.298339615028318
v 0.0784479915700345 0.0748185756811885 -0.375535327321443
v 0.0787743513908636 0.165527894060928 -0.123580364421843
v 0.0787889067560809 -0.0144757142909002 -0.297681052064082
v 0.0788673715933656 0.165403602367043 -0.0665620774982139
v 0.0788862621110823 0.216820093488934 -0.393534607031636
v 0.0789285841438803 -0.165691761915965 -0.28364165297818
v 0.0789674156997463 0.240024958655301 -0.385236783483622
v 0.0789870798867778 0.165260716417785 -0.189698402831899
v 0.0793090506203969 -0.165194874111603 -0.263785158689198
v 0.0793391492827139 0.0226530645592058 -0.372538262721077
v 0.0793920554524807 -0.00637650782852066 -0.371870572107568
v 0.0796278863135481 0.246169739910179 -0.257356215444346
v 0.0797014606982658 -0.245114235131489 -0.187281656477038
v 0.079753186081342 -0.164657281819529 -0.107398219276692
v 0.0798761134179249 -0.244948826997966 -0.191347898487059
v 0.0799225665057853 -0.164393624645362 -0.231765847064302
v 0.0800108692632731 -0.164350748116255 -0.265855593303016
v 0.0800624985447979 -0.244772307468168 -0.195687292883051
v 0.0801556536900375 0.16376232231587 -0.234816010736295
v 0.0803914292042104 0.163443092314238 -0.068820661729691
v 0.0804360066615592 -0.163723073710075 -0.20496947432156
v 0.0804757453463995 0.163334388553009 -0.0659654330942383
v 0.0806141923861252 0.142460639404639 -0.38257981276735
v 0.0809160917233165 -0.163096084403613 -0.179913899453873
v 0.0811206036570424 -0.243147801104247 -0.281374064639444
v 0.081144311300986 -0.162958031931141 -0.269235188927342
v 0.0811736729698766 0.24503361998037 -0.123931131960479
v 0.0811927377359642 0.245053746212008 -0.0992042110062292
v 0.0812777160628674 -0.162623804360103 -0.161040773761463
v 0.0813693774467328 -0.243433236341485 -0.191480169627097
v 0.0814356866673175 0.1425287495622 -0.382755330179164
v 0.0815109330793404 -0.243400540378854 -0.229409558214016
v 0.0816413265526772 -0.067083547212587 -0.29755600874452
v 0.0817993144141753 -0.00877429404812553 -0.29766106196985
v 0.0820348191898401 -0.161842957209023 -0.232594400361864
v 0.0821536987406087 -0.0672103955641513 -0.297555609634477
v 0.0822506547544529 -0.143970945428331 -0.298097623336898
v 0.0823058254357185 -0.161281097340035 -0.1073838837317
v 0.0824369535766687 0.0021411177530933 -0.372715683160807
v 0.0825521354993956 -0.161074142361324 -0.273620323394415
v 0.0828001338946951 -0.238127360871335 -0.384390691875356
v 0.0829800143089678 0.243552034083924 -0.0721127469041661
v 0.0831310993364736 -0.0892896698778385 -0.297661061214569
v 0.0831858628451824 -0.160326734577471 -0.165596754806251
v 0.0832196721087025 -0.241120803882473 -0.0431991253942402
v 0.0832359529337638 -0.241128299655846 -0.0514074082992933
v 0.0834769863126245 -0.159751565587309 -0.046261154926069
v 0.0834821409949958 -0.159744833591289 -0.0459921327457077
v 0.0834846874524091 -0.159741507927371 -0.0458592334754577
v 0.0835978387043061 -0.159604904464857 -0.0459213667282147
v 0.0837034497995507 -0.159775427466495 -0.205172454824289
v 0.0837484092151384 0.140163984351494 -0.298130622722028
v 0.0837776064610701 0.159100030845204 -0.187507695544556
v 0.0837824239010497 -0.145754770746595 -0.298050845064502
v 0.0838403138002773 -0.159342682163371 -0.0623514049001403
v 0.0839639994060988 0.242581096470863 -0.154672371407214
v 0.0840453565531694 0.0070840061351699 -0.373172470412302
v 0.0840499059935064 -0.241039535950761 -0.330147096077535
v 0.0840756058744023 -0.159088227870028 -0.0782947237137375
v 0.0845038356851002 0.00556726707523864 -0.373234254982132
v 0.0845367287654084 -0.240243758049377 -0.328414276899101
v 0.0846643826142091 0.0419993004906033 -0.374477202744897
v 0.084694771975736 -0.150485093853104 -0.292665734672185
v 0.0851357458235023 -0.157602333267202 -0.28300691377673
v 0.0851919839878571 -0.157793710509077 -0.1073498028268
v 0.0852570628006683 -0.157850411186982 -0.179640685926377
v 0.085676117818052 -0.239455824059809 -0.326382850110625
v 0.0857444180941407 0.0525681311437726 -0.375090012302901
v 0.0858561827360436 -0.157108066968603 -0.169794867359506
v 0.0858652064676848 -0.078921244823798 -0.37607439913119
v 0.0859820343088276 0.156258428365159 -0.117358318009597
v 0.0862276830701553 0.24047707209978 -0.256949857723167
v 0.0864474650817569 0.240561077504505 -0.0719668784296069
v 0.0864797857759311 0.240523200520341 -0.0787251156549893
v 0.0864858203639092 0.0758618785404988 -0.297804077538181
v 0.0865132276312728 -0.156333945788114 -0.234326964845607
v 0.0866897547535959 0.240277135519413 -0.122629499434024
v 0.0869260956131945 0.240000165014136 -0.17204822746656
v 0.0869696976761762 0.239949067267282 -0.181165391954377
v 0.0870981881070014 0.239798487889643 -0.208032661822633
v 0.0871331761304575 0.239757485032364 -0.215348635956387
v 0.0873387139734824 0.239516612927842 -0.258326472214141
v 0.0875391544249823 -0.237691400302555 -0.369757827219996
v 0.0876392826715965 -0.087939887866415 -0.297474851182033
v 0.0878709242573487 0.238892909724399 -0.369611314450784
v 0.0878992075099781 0.0781360806462235 -0.377796349251227
v 0.0879110278539024 -0.00580183330231524 -0.37404289943418
v 0.0880358205288986 -0.237043612261924 -0.320705687520129
v 0.0880392235122373 0.23855658027865 -0.180174174859866
v 0.0887274947155568 0.152735082727477 -0.192273928159794
v 0.0889397082938619 0.131993388687643 -0.382768579983232
v 0.0890139339470777 -0.235767885632543 -0.224104458540503
v 0.0893087148164511 -0.235383410991972 -0.194991071757437
v 0.0895162328159086 -0.152573053434018 -0.109646327969916
v 0.0895535688003764 -0.235061728998828 -0.316243481680394
v 0.0898278216778343 -0.234706354083998 -0.143722619807632
v 0.0900560330449962 -0.151822927587652 -0.0573574380194136
v 0.0901317838660432 -0.234309904499915 -0.113702460183426
v 0.0902344947643218 -0.151740318173844 -0.205638362399791
v 0.0903418005147154 -0.234033904050246 -0.223126880745258
v 0.0904321012312383 -0.151206699103315 -0.235769855884514
v 0.090481080181494 -0.233854326851267 -0.0792049747962786
v 0.0906187428440022 -0.0654577953305076 -0.376018336008137
v 0.0906341214361532 -0.233654719320756 -0.0640901905494982
v 0.0908001306258726 -0.233438198066563 -0.0476946566055291
v 0.0908806696516982 -0.233333153213849 -0.039740396157832
v 0.0909285950269374 -0.150886333610401 -0.205618632480365
v 0.0914278502513799 0.0296349483177444 -0.37571940783791
v 0.0917430298997402 -0.149870275529846 -0.179189109763889
v 0.0920838379394465 0.233313575578569 -0.213485113173735
v 0.0925732413297065 -0.148785243244841 -0.0594080544506483
v 0.0925805415648488 -0.231112741103999 -0.0791986279339173
v 0.0928274015004862 0.147470599712804 -0.273819014582515
v 0.0928692562533476 0.147412846939929 -0.233134350521459
v 0.092903641698691 0.147365400600401 -0.199710182493985
v 0.0929114009759427 0.147354694055835 -0.192167823102098
v 0.0929300486318406 0.147328963314113 -0.174041479882589
v 0.0929980124026716 0.147235184329597 -0.107977699892317
v 0.0930190495190309 0.147206156519851 -0.0875286958156877
v 0.0930302749892365 -0.148215091023301 -0.0498347925162213
v 0.0930460272889552 0.147168931571366 -0.0613051147059526
v 0.0931609202447775 -0.148057075111705 -0.0497502553494713
v 0.0933389968030647 0.231713433835163 -0.267282067193009
v 0.0934694347551899 -0.0674055075268168 -0.376717704209076
v 0.0937603836071953 -0.229568427628246 -0.305226970048938
v 0.0939529175839941 0.117678091977488 -0.38254848334012
v 0.0940007555698798 0.117771076727925 -0.382566655442374
v 0.0941381874861738 0.230583259332226 -0.121757997236876
v 0.0941393602327905 0.230566209838822 -0.0966894819848
v 0.0941588948790267 0.0146243227245853 -0.297541292612826
v 0.0942706038801453 -0.146763014643866 -0.183889183415792
v 0.094320939014762 -0.228839516627566 -0.111903826358809
v 0.0945500943911392 0.143958464015918 -0.170737438655284
v 0.094931115445543 -0.145948085664068 -0.179594595026807
v 0.0950143869941539 -0.227934601257199 -0.0728151300834545
v 0.0957827007647452 0.228544581637537 -0.270924070394827
v 0.095981939558097 0.228243299957504 -0.217822163285967
v 0.0961074026732865 -0.144496800628844 -0.171946478422919
v 0.096152414959753 -0.144410245382339 -0.113229225779004
v 0.09619114532217 -0.144302982411165 -0.17974036005878
v 0.0961913766195654 -0.144335325036494 -0.0624048442106907
v 0.0962025941014708 -0.144313754661209 -0.0477719568198112
v 0.0962782995682424 -0.144101268220581 -0.187851757142679
v 0.0964194199010037 -0.143817625118551 -0.0475949411958924
v 0.0964689868252604 -0.143659931998451 -0.205598913824253
v 0.0964758434859197 -0.143684241907191 -0.0628179952637672
v 0.0966615263282416 0.227351015374572 -0.205104409076632
v 0.0966644945253248 -0.143238278016388 -0.113715948258037
v 0.0966739517387333 -0.225766238921268 -0.148883240376298
v 0.0966967081877327 0.227272651333433 -0.152493284152277
v 0.0968130699497085 -0.142863568630404 -0.237622538352519
v 0.0969091196497245 -0.142659993514964 -0.179715680473548
v 0.096946994881911 -0.142570457904855 -0.189934398555111
v 0.0970057058349151 -0.142431667442226 -0.205774583351736
v 0.0970908155498327 0.0354244968712919 -0.377292845883658
v 0.0971237455534325 -0.142152626031665 -0.237621638440874
v 0.097287358400077 -0.141765851477414 -0.281764299960418
v 0.0974884709280158 0.137922171446372 -0.0581595505175961
v 0.097587912781851 0.226134687472519 -0.187768057432591
v 0.0976935626530138 -0.122901045328032 -0.297338808030052
v 0.0976967040822523 0.217312948831703 -0.385762449309549
v 0.0977381534958174 0.188669658819842 -0.394266647306155
v 0.0977979753644315 -0.140315711209306 -0.237531784302494
v 0.0978537562531633 0.137133047006504 -0.0977698788759492
v 0.0978685876704037 0.137101006754634 -0.0993781485393205
v 0.0981582767683384 -0.139292463626607 -0.206320448599946
v 0.0982468381831262 0.136233457779047 -0.0986668719445464
v 0.0982912032018698 -0.138914955656022 -0.1948056126995
v 0.0984234565290753 0.135902325758833 -0.159546286087506
v 0.0984586854821179 -0.223436773111752 -0.0780726660256048
v 0.098467216120177 -0.138415083073709 -0.179558382958781
v 0.0987201884891674 0.135261296881739 -0.191722915052599
v 0.098847034953882 0.134967980453258 -0.23218386901522
v 0.0989459318794178 0.134773624330663 -0.216201779099321
v 0.0990462060481794 0.13447305095857 -0.157591411059403
v 0.0990982368896944 0.134444600420724 -0.2327172289473
v 0.0991946170519871 -0.136349281394734 -0.116546819787256
v 0.0993683234971142 -0.222246975778769 -0.199686691828144
v 0.0994898493440346 -0.13163919254099 -0.386424505521585
v 0.0994909071099667 -0.222089535186297 -0.0348758885946237
v 0.0995363251986296 -0.222030094926058 -0.0430654675355429
v 0.099598127538911 0.223495313495704 -0.150148994920779
v 0.0996441182399787 -0.135085575851135 -0.117065191376883
v 0.0996495386636639 0.133253625383865 -0.292498563668743
v 0.0997061921939905 -0.0049441903868081 -0.376261335050227
v 0.0997503071217541 -0.134771134558631 -0.0684098180270541
v 0.0998492344896719 -0.122845716147714 -0.385691270166782
v 0.0998805658175703 0.132438833039327 -0.0562519210930802
v 0.100027455451294 -0.133984039767504 -0.0444016696855069
v 0.100516700992636 0.131198333908586 -0.235925289525227
v 0.100532528987776 -0.220727559416839 -0.145674043239824
v 0.100737425051323 0.130675188170987 -0.221525352783329
v 0.100773831799216 0.143243807097989 -0.389089496737069
v 0.100824024749112 0.0849171073889528 -0.297810228786145
v 0.10091115915227 0.130160653813134 -0.125139138794162
v 0.10105233271317 -0.131110941566434 -0.0707017075866704
v 0.101138610746854 0.221472688163518 -0.121320466081027
v 0.101196557514725 -0.128520511537664 -0.386611615418412
v 0.101197661291083 0.129584366316081 -0.191499750779137
v 0.101294961858481 -0.0730404592725503 -0.380097076387012
v 0.101658381587216 0.0462590950236986 -0.378765628247709
v 0.101692997453714 -0.130590918449518 -0.386885885489831
v 0.10169652886031 0.0995191257193001 -0.297404079948676
v 0.101785464406772 0.128057313436463 -0.224901494554143
v 0.101852438936886 0.128032455135601 -0.148782356328909
v 0.101873350383963 0.127982892190492 -0.147418103075916
v 0.101878523367743 -0.128832756554976 -0.208192330605763
v 0.101892362974543 0.220483025736783 -0.107214783057714
v 0.10191829166256 0.127868771773031 -0.148561075342857
v 0.101971468302401 -0.168270805420306 -0.0488950495329498
v 0.102179715491859 -0.218265518563125 -0.28266861660662
v 0.10234488495039 -0.0539646494967779 -0.377468552548083
v 0.102392193654676 0.126745114573513 -0.106906951620075
v 0.102491633788784 0.12651747727476 -0.107081576233454
v 0.102507292913899 -0.127074151514988 -0.236781246510303
v 0.102648230481158 -0.217963689211432 -0.213036124737901
v 0.102673778800104 0.126085769073744 -0.0951985189153714
v 0.102741051805941 0.125918236667662 -0.0951433175370363
v 0.10294898032619 -0.135897813334047 -0.387796895621216
v 0.103088475740846 -0.12542119074541 -0.179030212789874
v 0.103313809486537 0.124568810172516 -0.0534432093566915
v 0.103558731484706 0.218388730927271 -0.192500761214942
v 0.103563846066975 0.218409218398772 -0.226249012609584
v 0.103630579446191 0.123446449893191 -0.231912232313338
v 0.103788441479057 0.217993510502037 -0.0717316608996981
v 0.103914850790803 -0.215993885988808 -0.278115056855837
v 0.104076160229371 -0.0659765930746397 -0.297564833941626
v 0.104101146384037 -0.216066637064423 -0.197965484215876
v 0.104320001214159 0.122063209736285 -0.0525343353185305
v 0.10461042852201 0.0874856267952776 -0.297407694658327
v 0.104669260871939 -0.12094534216613 -0.0836262896553106
v 0.104677988140079 0.120912522072602 -0.191141391569329
v 0.10486872880715 0.216762891482324 -0.285136060257993
v 0.105240759136847 0.147490408169391 -0.391475400165728
v 0.105565215851627 0.143298796600138 -0.390961845489364
v 0.105838320874392 0.139770590460774 -0.390529570997295
v 0.10589332867248 -0.066196986310558 -0.297564324555172
v 0.105913728282161 -0.117431722980049 -0.0391120826990761
v 0.106067654263617 -0.117020039590728 -0.103857829701623
v 0.106119833552026 -0.213188545539089 -0.227673248449649
v 0.106122487184647 -0.116873385968237 -0.126922151909087
v 0.106234777832603 -0.116573058537469 -0.174154866064878
v 0.106234821888985 0.116923907876363 -0.249659500899435
v 0.10634284861472 -0.116284017366851 -0.219612581852143
v 0.106350538093027 -0.116263451439893 -0.222847000189825
v 0.106504660833847 -0.115851241806978 -0.287675509906323
v 0.10657797016729 -0.115772188395319 -0.110451638686958
v 0.10665212734368 -0.115631865618973 -0.0384919439245011
v 0.106678713355578 0.143311570460992 -0.391396985023659
v 0.106765405658158 0.0819004701693987 -0.382057374266421
v 0.106867625739201 0.088860592942578 -0.297523951375528
v 0.106947441910465 -0.114809268566842 -0.220962411863378
v 0.10709410601136 0.14210439816638 -0.391374332651495
v 0.107454624879223 -0.113624664902651 -0.12868028646816
v 0.107558779601459 0.213099798496689 -0.0716796739531105
v 0.107764133241198 0.143420231464451 -0.391582602924046
v 0.107818880364424 -0.112682200226438 -0.225432594155943
v 0.107851378151259 -0.156911822806502 -0.392299214150543
v 0.107934281238307 -0.112403928477115 -0.219967078917785
v 0.108100036536589 -0.210410119036492 -0.247451654359876
v 0.108316148083329 0.111844777408764 -0.192177123222603
v 0.108363092441839 -0.210503292911771 -0.0649746431489809
v 0.108365448038866 -0.210079515689427 -0.24993150231853
v 0.108440293548787 -0.081540623702598 -0.297504247957643
v 0.108811320204131 -0.0053679224586866 -0.377989513775991
v 0.108980322307211 -0.109881558686391 -0.170425396871246
v 0.109097833299315 0.144071182937165 -0.391849500166819
v 0.109111395938729 -0.209524823697285 -0.145995738537711
v 0.109376625253321 -0.00111952684490907 -0.378035056954112
v 0.109569483327422 0.0483791103183749 -0.380500717862231
v 0.109765005603966 -0.107989413624537 -0.133261912997883
v 0.109924385723339 -0.107605092577974 -0.12571349120714
v 0.109950157068965 0.108013791627659 -0.0631544470705912
v 0.109953155434421 0.107978032678356 -0.0783143663499058
v 0.109961625614235 0.107877016062812 -0.121140113955823
v 0.109967091672199 0.107811827048172 -0.14877683760393
v 0.109976114674391 0.107704217391287 -0.194397688994808
v 0.109989826617347 0.107540686734284 -0.26372611189785
v 0.109994875979864 0.10748046729109 -0.289255997861036
v 0.110004718557073 -0.107411382102319 -0.121908837809644
v 0.110045729845563 0.0828523319718925 -0.383478778672739
v 0.110208176180102 -0.208093269183633 -0.103586507809431
v 0.110234739028225 0.0829738704132495 -0.383570858172733
v 0.110694893010613 0.209183593449151 -0.263624675857932
v 0.110758489460562 0.0492200800730255 -0.380787094258484
v 0.110812384527046 -0.105410528872428 -0.12463775231025
v 0.111305375543904 0.0691424648631139 -0.38187623955562
v 0.111414732748143 0.10480720555583 -0.12353515625
v 0.11143095349685 0.104491619359551 -0.268453178608613
v 0.111641665449944 -0.206221443992393 -0.0973554173994119
v 0.111774443280415 0.0941594709797124 -0.292509223650185
v 0.111810284375502 0.207620958784817 -0.120643378880882
v 0.111816251793204 0.207629012356189 -0.140299355585571
v 0.111867376559249 -0.102919864116254 -0.03369125893197
v 0.111886644498095 -0.205902419880002 -0.0421820988588692
v 0.111997661448763 0.207505307703957 -0.279336447579678
v 0.112224942468437 -0.10175646146007 -0.248378594475096
v 0.112269582038698 -0.0669631184588433 -0.297529866638205
v 0.112538621912941 0.206632664877005 -0.0672003964447304
v 0.112612909976697 -0.204952945372912 -0.109675632711588
v 0.112744634156043 -0.204367786046631 -0.194665278323783
v 0.112763569843131 -0.204746860656878 -0.110071344172376
v 0.112800326783747 -0.20470928198548 -0.0424355815744377
v 0.113255405793746 -0.20411404749399 -0.103011225310951
v 0.11339289706854 -0.0988527717216677 -0.260233200170553
v 0.113549760920958 -0.203730359230155 -0.0594883115796511
v 0.113589378928971 0.205365367486753 -0.187286101613318
v 0.11361257899617 0.20542489723337 -0.298812829652874
v 0.113618689130445 0.166841088707679 -0.394140379303147
v 0.11364019884663 0.0998045419100227 -0.282324114390893
v 0.113938600374397 0.099434079294996 -0.148937786896051
v 0.114046884962019 0.0993590328280486 -0.0699469639112806
v 0.114148600011775 -0.166060861217317 -0.395036006420069
v 0.114185303111908 0.0970949834085946 -0.289288208257641
v 0.114283462308412 -0.0967767293118217 -0.163130050280747
v 0.114356649631079 0.0983442576665062 -0.256064474253839
v 0.114364048036455 0.0142341332369528 -0.297468554638892
v 0.1145106751446 -0.202475059709222 -0.0899907104225471
v 0.114615831127934 0.0728901899447737 -0.297703562869423
v 0.114658326987845 0.203882540939505 -0.0685996669514201
v 0.114771419137168 -0.202134609893827 -0.0872860948474278
v 0.114826320343897 -0.202051218868637 -0.0891635478636996
v 0.114923207098365 0.097400376550208 -0.126682489319314
v 0.114974041323058 0.196562150734152 -0.384077683356498
v 0.115047373007719 -0.201732402545854 -0.0578850620355356
v 0.115054642241102 -0.0948946595104529 -0.143898596764963
v 0.115077791782133 -0.201645798020802 -0.10266511855444
v 0.115186055695529 -0.20153027022583 -0.0431093524337235
v 0.115221122371935 -0.201451542689796 -0.102664567286166
v 0.115403236498738 0.096500186924908 -0.0688036900903109
v 0.115410442212125 -0.0830934053511824 -0.297499500960158
v 0.115516662466612 -0.167878238049094 -0.395120050247273
v 0.115727319832165 -0.0932647152267928 -0.118102904507838
v 0.115772467214894 -0.0836169659093958 -0.29648090624636
v 0.115811863767058 -0.200554248559189 -0.122866112574185
v 0.116151041579692 0.0948067528640021 -0.128562289397578
v 0.116159092756195 -0.0923119070093558 -0.0297120957989606
v 0.116419206697889 0.0941994823911645 -0.149991900207474
v 0.116462847450432 -0.199735054025528 -0.276992813294843
v 0.116496163594048 -0.199514845830005 -0.14626706950669
v 0.116844993795353 -0.199150760030686 -0.260178192190274
v 0.116858375294683 -0.0798400785636548 -0.297512633781255
v 0.117007245675234 -0.19859155617095 -0.194467222335077
v 0.117078435925798 0.0927066318383669 -0.202672225984396
v 0.117291488804405 0.200585676346907 -0.218915671905597
v 0.117336240477724 -0.0890692700286022 -0.28474477143745
v 0.117471560006237 -0.065814380211095 -0.297500665881041
v 0.11754922662275 -0.0886395824778176 -0.21013856739704
v 0.117575985033531 0.0915799122860831 -0.242432370067345
v 0.117625780704803 0.200068801038258 -0.115671557992083
v 0.11770013780185 0.0912871221892553 -0.241859726476239
v 0.117772531203118 -0.197576134282836 -0.189914930096218
v 0.117863373093201 -0.19748247129636 -0.194433240322392
v 0.117875618213107 -0.197440115764296 -0.146314630302176
v 0.117908781825756 -0.19739635791874 -0.132288193276701
v 0.117965527258373 0.0904680158565137 -0.0664433809368703
v 0.117972099221693 0.0906828961045579 -0.274086646901259
v 0.117978795432043 -0.197303978219243 -0.102676176941135
v 0.118032365791515 -0.197233294619692 -0.0800187758459892
v 0.118092957655158 -0.197153346471722 -0.0543916534739594
v 0.118117453151219 -0.197121025803138 -0.0440313668385899
v 0.118158940391156 0.0902048029355608 -0.239452550894196
v 0.118276107371526 -0.196905147291258 -0.0793787983272092
v 0.118348634159059 0.0897194104768386 -0.204289678662086
v 0.118596146626894 0.0888836001266598 -0.236692981162506
v 0.118636402350817 0.088983063090823 -0.150947092497733
v 0.118726336409288 -0.085819565432392 -0.14023519241589
v 0.118733789953394 0.0887338656164594 -0.132894692230369
v 0.119089033426187 0.0878248610423508 -0.0670444485287565
v 0.119105131325325 -0.0654093765394179 -0.297354623652121
v 0.119116598828505 0.0873829968948479 -0.205506863733166
v 0.119203250762457 -0.196100983703993 -0.261076316213421
v 0.119722692598058 -0.195565410593622 -0.286912407421771
v 0.119970435208276 0.197055476050766 -0.152864158734187
v 0.120016816723045 0.0847874273541712 -0.151564732478509
v 0.120109841818566 -0.18817776335823 -0.38568356453089
v 0.120241801148875 -0.0820186583415069 -0.181195866974247
v 0.120274357766996 0.0840448674770474 -0.136132565576979
v 0.120398194691592 -0.0816073225661301 -0.200102399557464
v 0.120519924618377 -0.193879657769835 -0.146412151228442
v 0.120665072217254 0.0141171577720029 -0.297434110364229
v 0.120686891776692 -0.193655012047193 -0.143768359725562
v 0.120929586433584 -0.17342505347591 -0.390522826003548
v 0.120971170955018 0.0142340727168269 -0.297432361838505
v 0.121181767284318 0.0190511539865784 -0.297428251501429
v 0.1213360683066 -0.192784583010154 -0.146442308674481
v 0.121399483597256 0.0808008280592943 -0.0687136822354456
v 0.121450708531912 -0.19378373109645 -0.372860773950431
v 0.121700409968404 0.0145519210162586 -0.297367590751812
v 0.121718839583412 -0.0785621940200442 -0.030346884867196
v 0.121730033948379 -0.15901962799893 -0.395248169419373
v 0.121783264291532 0.15030042309338 -0.394288715883966
v 0.121899825515802 0.194575844183604 -0.183469539304004
v 0.121965494386358 -0.077517651213127 -0.0304344532080729
v 0.121988249923418 -0.077787266163437 -0.113935909265093
v 0.122108978871918 -0.0774400032288034 -0.151394067038217
v 0.122117596639663 -0.0774152152110627 -0.154067872350594
v 0.122127650080838 -0.0773862976438282 -0.157187119145613
v 0.122158075710861 -0.0772987818184929 -0.166627175270561
v 0.122266361718815 -0.0769873095712055 -0.200224704454461
v 0.122534239833462 -0.0762167889846133 -0.283338330532807
v 0.122539628751025 -0.0711961319437043 -0.386607442754734
v 0.122845297559184 -0.0745355135963464 -0.200408056001307
v 0.122850250414874 -0.191442578596319 -0.296578380794096
v 0.122899907211776 0.07683644581052 -0.21106847917764
v 0.122978591312301 0.193154615159897 -0.157499544522509
v 0.123010544479283 -0.0736423495410145 -0.156352013292739
v 0.123011177041997 -0.073638930522499 -0.156183367426574
v 0.123011366076168 -0.0736379087877116 -0.156132969528047
v 0.123011521112851 -0.0736370708102631 -0.156091635609555
v 0.123020323477957 -0.07357291986928 -0.156167155075828
v 0.123174243089422 -0.0727575541427283 -0.112708761392332
v 0.123283494237312 -0.1901614170069 -0.102653235104348
v 0.123300051257024 -0.0717070158531822 -0.133322419099751
v 0.123465231729982 -0.06113525246371 -0.287091641841649
v 0.123470426948458 -0.0711566724046396 -0.0337439689742277
v 0.123474606834792 -0.0705895623404459 -0.112211369347453
v 0.123574704078536 0.0159165276186518 -0.296356843959033
v 0.12372883051974 0.0564549043957307 -0.386857810583987
v 0.123878038834182 -0.189375350507457 -0.153002703979659
v 0.124047007839071 -0.0658419672000093 -0.201302569714807
v 0.124118891221196 0.19181321603038 -0.32976052211825
v 0.124323681708188 0.0920335407748679 -0.390434761969439
v 0.124504082189909 0.0722569881835424 -0.144356770953309
v 0.124524390359324 -0.0625679962062117 -0.17541463573884
v 0.124575003036904 -0.0626624226886774 -0.108138918468269
v 0.124580795553996 0.191130290054055 -0.22599701961481
v 0.124785857236609 0.0715657002484426 -0.205255664789913
v 0.124860991403147 -0.0602595286624595 -0.157161127851465
v 0.125017534081351 0.0708391507314149 -0.153771932035983
v 0.125063327494731 -0.0590817398044985 -0.281824395443224
v 0.125159683993806 -0.0582760326167396 -0.182965302047902
v 0.125471520226084 -0.0566420069641334 -0.0408067651497388
v 0.125709675400726 -0.186898267027347 -0.046195380452403
v 0.125715588378651 -0.0543985564012511 -0.110817264933748
v 0.125728837955417 -0.0543076885370713 -0.110098754820837
v 0.125773676849042 0.153280928086975 -0.392368047465905
v 0.125786695690344 -0.0539158863493457 -0.110190118153645
v 0.125892514951458 -0.0218146518353974 -0.296877279717746
v 0.125961186973315 -0.0527141992223931 -0.0974987207191449
v 0.126011766612996 -0.0524647690794212 -0.157739645016653
v 0.126056547113664 -0.187225834380379 -0.308093159726242
v 0.126169852130106 -0.0515509810087524 -0.259288650449431
v 0.126303016829528 0.0210469823505522 -0.290038761299859
v 0.126502817554393 -0.187017669556352 -0.34823827308427
v 0.126552489459563 -0.185763152094036 -0.0508913085147301
v 0.126617179849047 -0.0483527061887754 -0.0418411179443769
v 0.126805093088581 -0.185423286905245 -0.0468915319434845
v 0.12688936815629 -0.0463485738776732 -0.0471644663986139
v 0.126964685237089 -0.0458320364524134 -0.0430801031630889
v 0.127038409559124 -0.0455805641879346 -0.203332596422218
v 0.127234994370798 0.0646455482164457 -0.149267423806933
v 0.1273747625752 0.0642375766722403 -0.137693353297388
v 0.127548489818707 0.187384962866631 -0.358571959561917
v 0.127591068288389 0.0638703612434196 -0.289391253842142
v 0.127613202054091 -0.0415043994105411 -0.0854685604725024
v 0.127714663608756 0.0634109527732734 -0.215820305081445
v 0.127767455369337 0.186897835118087 -0.107001090865722
v 0.127823773942537 0.0630053855449107 -0.150871642364372
v 0.127825253915648 0.0629998844290062 -0.149990678379961
v 0.127856435829708 -0.0400555495792484 -0.214003600589148
v 0.127858805101351 0.0628751734055669 -0.130019108608009
v 0.127954593266034 0.0625191251825046 -0.0730005569759186
v 0.128121447649354 0.061085015470928 -0.0733738464396225
v 0.128320978498943 0.058196764233286 -0.217535110902319
v 0.128427683332878 -0.0362100352994784 -0.229687193924192
v 0.128505073171088 -0.0354482318960449 -0.0761635985943263
v 0.128751364838228 -0.0339798263590105 -0.205447860931634
v 0.128786771485756 0.0547265101218178 -0.153262844267606
v 0.128847049553597 0.0547555146066864 -0.0863848111255402
v 0.128888067301371 -0.032871233225075 -0.0874767021101545
v 0.128903819470056 -0.180473527324481 -0.380382541895901
v 0.128914697734087 0.0530891384577736 -0.219429553602555
v 0.129036397317742 0.0520978713561163 -0.212997005717927
v 0.129121904208747 0.078089429858517 -0.390173103222478
v 0.129133058757438 -0.183343097029423 -0.318903295433197
v 0.129133515480551 -0.182844777512992 -0.264824622058396
v 0.129346514629277 0.0597922377364246 -0.389177409758549
v 0.129375487357842 -0.0770289357047168 -0.389700928955531
v 0.129550204871935 0.0488295403455349 -0.0735495352975132
v 0.129816174117088 0.184338844105304 -0.231083238190439
v 0.129901126982485 0.0450544777573585 -0.167290892281351
v 0.130040399322065 -0.0251883726884465 -0.167190972083186
v 0.130074370427784 0.0951866760865499 -0.391611562249952
v 0.130115383676538 0.183908947227083 -0.179696464331767
v 0.130206010930122 -0.023928697254831 -0.0781452984944087
v 0.130226160935918 -0.0239141630465819 -0.156972090510417
v 0.130233557646295 0.0423467644627037 -0.149719951617032
v 0.130321739861992 -0.180998769253207 -0.376396106949648
v 0.130325935909216 -0.182306776024683 -0.374069438593154
v 0.130597246630119 -0.0212428837374566 -0.0552149389744348
v 0.130605773857557 -0.0212166656328022 -0.0756039765390293
v 0.130640429428113 -0.0211101124322106 -0.158467220779176
v 0.130645094584996 -0.0210957687815598 -0.169621849833759
v 0.130657135689015 -0.0210587467919842 -0.198412746281988
v 0.130690611803816 -0.0209558199863312 -0.278455851400624
v 0.130794804635606 -0.0704566333597515 -0.389913487872686
v 0.130864260505021 0.0320420172186919 -0.275748802587588
v 0.131005409560631 0.0331448808797529 -0.198820416799215
v 0.131014280979227 0.0337460418647021 -0.177583474703782
v 0.131202120655203 0.0302638422211757 -0.227860408402212
v 0.131298396618208 0.0275279786253433 -0.282960636793407
v 0.131534200487509 -0.0160172875055841 -0.0578267824423351
v 0.131568608433197 -0.0159336190758386 -0.161210738101605
v 0.131654594270452 0.170393085295389 -0.387246163791328
v 0.131724899233542 0.0244782109170009 -0.247335874929396
v 0.131730787965049 0.0301850531159424 -0.0664759952288956
v 0.131743252384519 0.0231671243845417 -0.282189003741093
v 0.131746724851301 0.0259624959424604 -0.194924982751942
v 0.131747298473906 0.0264242680526998 -0.180509692946912
v 0.131748695380177 0.0275487920024583 -0.145405063912343
v 0.131751716791079 0.0299810589269296 -0.0694761980887544
v 0.131752406226113 0.0299272427619888 -0.0663802659898373
v 0.131798572113188 -0.178730845498551 -0.0800324874632132
v 0.131964050755436 0.0242454735460331 -0.181380532292239
v 0.132076439666232 -0.013134228686697 -0.194018948835843
v 0.132076537652016 0.166442927731177 -0.387811416198715
v 0.132108089453203 0.0265864508437189 -0.0651213485062972
v 0.132185042405986 -0.00635221259638164 -0.387076199479574
v 0.132333980101463 0.181184611941051 -0.372164415635328
v 0.132380375891 -0.0114188172739476 -0.175500463176332
v 0.132398949441089 0.0638057757894968 -0.390567723645874
v 0.132438810278979 0.0207658577441982 -0.143425619286307
v 0.132478412505031 0.180494733396497 -0.37307940041211
v 0.132566376559565 -0.0103690323400271 -0.164167655722744
v 0.132579035420037 -0.177688876012575 -0.10261067566342
v 0.132688234430067 -0.00968126837917968 -0.15674299540428
v 0.132733105038655 0.16795330792966 -0.38717758102267
v 0.132748799502089 0.016192119055258 -0.189623330936766
v 0.132767372944084 0.169357806960599 -0.385629694845546
v 0.132791527766488 0.0969662581945081 -0.392189330184215
v 0.132815962769531 0.176064558115494 -0.378046892679514
v 0.132838746698566 0.0156620845344233 -0.178448030876726
v 0.132841112300896 0.17530715057709 -0.378954191244001
v 0.132853501415131 0.0151675148890218 -0.189184870808699
v 0.132972693399696 0.0143087081661851 -0.17920031160507
v 0.132991635687369 0.0141722244583295 -0.177613540536354
v 0.13313123940759 -0.176963291611264 -0.168784093160259
v 0.133156946140461 -0.177026900000881 -0.193753151132832
v 0.133313332629603 0.0121793344393866 -0.140642882980063
v 0.133422931380469 0.0110646359563211 -0.141484455197648
v 0.133528448177786 0.0588826306747599 -0.390703737413796
v 0.133623017803574 -0.00436350508979716 -0.0598397327285583
v 0.133800626750038 0.179281061230644 -0.372248631558519
v 0.133931514775252 0.00871273022598426 -0.0584053558703581
v 0.134138487668594 -0.175718585378071 -0.19444436401759
v 0.134255100485303 -0.175552549423016 -0.19280454668744
v 0.134267321538097 0.00429647978125205 -0.184648567357561
v 0.134284971679351 -0.000669307719772994 -0.0594556257418508
v 0.134408224194684 0.00396536585101888 -0.0589477437536366
v 0.134479880474932 0.178164607539634 -0.0816846962338167
v 0.134540084288037 0.00155243324637389 -0.291447232016888
v 0.134611527402798 0.0016359024998336 -0.185864407501566
v 0.134613204598205 0.0016378620203412 -0.183385749776567
v 0.134621880904961 0.00164799882428819 -0.170563394862388
v 0.134636727043737 0.00166534403837358 -0.148622900380284
v 0.134697232195087 0.00173603412279319 -0.0592048396107373
v 0.134784677521588 0.17788916150029 -0.230424017450533
v 0.134986574001249 -0.175289114734359 -0.267054825319457
v 0.135103083812672 0.177438788772057 -0.184534261893041
v 0.135188773670871 0.177317583958271 -0.172184359404869
v 0.135418462807921 -0.17389612794413 -0.176445266878376
v 0.135453416646681 0.176615477269447 -0.230321667318877
v 0.135466297154295 -0.173830036438189 -0.168217313168513
v 0.135593947909707 -0.173809050641366 -0.191664044681547
v 0.135638142643495 -0.173787120812705 -0.195496790748028
v 0.135715165736337 0.176573023824622 -0.0963190141273305
v 0.135803024315056 0.176448751444006 -0.0836565485482451
v 0.135820202375977 0.176424453776593 -0.0811807902522696
v 0.135836665643314 -0.173318307669052 -0.104510478764566
v 0.136137255301507 -0.172902990544721 -0.0528062540646586
v 0.136237628840866 -0.172067518263593 -0.190847785513012
v 0.13643965466952 -0.173389403259196 -0.265007155482673
v 0.136541920529317 -0.171388253371213 -0.196197820227629
v 0.136685712632902 -0.170842967324621 -0.168657352223119
v 0.137119634002551 0.119230372524641 -0.394567351893828
v 0.137144998331348 -0.0699275654507128 -0.391104320899563
v 0.137618363539108 -0.106728122439142 -0.0229361667397707
v 0.137708826508636 -0.17275962865514 -0.375074870730187
v 0.138256358160247 0.171493388183654 -0.166327116415293
v 0.138424485614849 -0.167290804138578 -0.055150110168411
v 0.139232876844557 0.169891313196624 -0.0904519805351961
v 0.139551386076685 -0.164919630186989 -0.259040940378187
v 0.139769553702897 0.168908942299082 -0.0786832983277748
v 0.140085352559808 -0.163478313441222 -0.258498188891934
v 0.140799447658725 0.166736279906168 -0.140537960221583
v 0.141118982406987 -0.160357401801678 -0.109869265545529
v 0.141204364631974 -0.111791119039923 -0.395160296662615
v 0.141793952068405 -0.158781877562724 -0.170254428618754
v 0.141801894088349 0.164477436337734 -0.243065933129526
v 0.141826866802137 -0.158808956148793 -0.184312782896446
v 0.141864158880177 -0.158839635927435 -0.200240763633872
v 0.14188149487077 0.164765913321948 -0.113787957282769
v 0.142590886431843 0.163540194153405 -0.0768481304959771
v 0.142682520060611 0.163327650743726 -0.0880009504229891
v 0.142721307745898 -0.157229362531268 -0.255946300152787
v 0.142752450822182 0.163165446946871 -0.0965122928378503
v 0.142981995696073 0.00198149161435639 -0.390915189958709
v 0.143308881960413 0.16187480973255 -0.164236079071357
v 0.143569597118719 0.161270083176956 -0.19596797981487
v 0.1435718696043 0.161264633716561 -0.195971738090295
v 0.143838000355162 -0.153611098136288 -0.124702793877325
v 0.143993883910893 0.160285953630818 -0.247608346502892
v 0.144193665770366 0.104410530633973 -0.394555073503773
v 0.144329436161821 -0.152782650791261 -0.0642925301932388
v 0.144407297762206 -0.152722805885677 -0.0431948807134905
v 0.144549550461476 -0.15351296432942 -0.33698739728399
v 0.144630937441029 0.0806127165710594 -0.392812123475284
v 0.144982107815248 0.157993776828678 -0.367886058965325
v 0.146023132446282 0.00442206173556039 -0.392208342094737
v 0.146093512900466 -0.148757314901795 -0.18864396185092
v 0.14611783291184 -0.14831218735705 -0.136677933267264
v 0.146338914464555 -0.147585693893924 -0.109333365324136
v 0.146508406115595 0.00230689983517968 -0.392266778548087
v 0.146571692372627 0.154073846580385 -0.205275878593795
v 0.146781093451652 0.00494718730873754 -0.392341737236813
v 0.147205049338375 0.084106135757567 -0.393484232825159
v 0.147417777042207 0.152037675805979 -0.195598637335163
v 0.148494091818152 -0.142942808445019 -0.169757193766881
v 0.148565519677434 0.149325338159414 -0.258605174077994
v 0.148576422462206 -0.143333292573582 -0.248188075790263
v 0.149523315545396 0.0932451062209898 -0.394545822835845
v 0.14952819223313 0.129959924089108 -0.386109577240415
v 0.14956576613228 -0.139821097477363 -0.0879216438076551
v 0.149642370875732 -0.139626739926008 -0.0890318935145
v 0.149766687498643 -0.068856102504324 -0.394147131629586
v 0.149913307564118 0.146064977061049 -0.217502599614965
v 0.150220537981077 -0.139411018532287 -0.246004083777654
v 0.150532711284942 -0.138383947230012 -0.204515897006602
v 0.150554720569581 -0.138332283014643 -0.2045632648662
v 0.150602375175604 0.144398090708359 -0.19648857130161
v 0.150864238887282 0.106513634550618 -0.390300623283603
v 0.150969824682906 0.00760034657827667 -0.392513586158319
v 0.15110721300104 0.143141767576526 -0.264780723063458
v 0.151145208266411 -0.136222170510973 -0.108777101095013
v 0.151244498156586 0.142833441120082 -0.159592438544961
v 0.15159504971905 -0.135702398265958 -0.181622251944445
v 0.151730421391318 -0.131598877532428 -0.38399242845744
v 0.151800459620742 0.141499869143915 -0.159951401316776
v 0.152380082428031 0.0591592408374474 -0.39388083647747
v 0.152408784621734 -0.133645329105555 -0.163678024459435
v 0.152565689677719 0.104939423865107 -0.389772443039258
v 0.152565950553319 -0.0691939610490985 -0.394863930527136
v 0.15310086773738 0.138308395554221 -0.229326547171307
v 0.153175145894795 0.138174439605142 -0.118028524949645
v 0.153178569199753 0.107303154417263 -0.388974422293318
v 0.153436915563269 -0.136721414215596 -0.370520496429591
v 0.153501236988471 0.137381153948708 -0.118709717089367
v 0.153656997768057 -0.130489927069287 -0.13615281867863
v 0.153862907606085 -0.129969400327429 -0.13161215935238
v 0.153942697393875 -0.130485748285785 -0.2344296259631
v 0.154393369902622 -0.128739555715342 -0.136099499910633
v 0.15447038260786 0.135041202221 -0.0785285680410052
v 0.15467612252327 0.134540946390824 -0.078362013531456
v 0.154749646421327 -0.127727782001669 -0.112058072427985
v 0.154766089178893 0.0822616841970053 -0.394536722958752
v 0.154873596772552 0.134065808548255 -0.0662320187155753
v 0.155137876789467 0.133423220269856 -0.065999979643241
v 0.155254865739673 0.133064224856698 -0.243636586036088
v 0.155404820636673 -0.12587883495276 -0.0317552061707706
v 0.155664963329987 -0.126263628682965 -0.215625304333644
v 0.156118542359546 0.131014273497238 -0.12353515625
v 0.157208431484702 -0.121477955263341 -0.0296251426649276
v 0.157278534474393 -0.0515254169549219 -0.394741003121184
v 0.157582904062845 0.127351316154137 -0.366441001515565
v 0.157868811085374 0.126779919135081 -0.0710490873901737
v 0.15787865158193 0.12666667018338 -0.284025780828404
v 0.158159533961849 -0.120235843780775 -0.221144759640061
v 0.158170525854312 -0.119080020230804 -0.0366219094444626
v 0.158180550409504 -0.119045875641098 -0.0284484275115464
v 0.158185125009933 0.125957194079321 -0.19862159795744
v 0.158308704540089 0.125671111451641 -0.164183999691933
v 0.158322028543777 0.111035912843774 -0.385616815882837
v 0.158362424202886 -0.119164688108236 -0.115372153535127
v 0.158431715460562 -0.119195260251017 -0.143807538705608
v 0.158446188105612 0.125352841430401 -0.125871798701958
v 0.158451611929325 -0.118460739507386 -0.0281646678590527
v 0.158457186098653 -0.119206498205277 -0.154260046409182
v 0.158502266206471 -0.119226388095272 -0.172759786092593
v 0.158518621169069 -0.119185011438611 -0.172737510588897
v 0.158530481287902 -0.119238836931201 -0.184338544149996
v 0.158645555727524 0.124891311813978 -0.070314522655887
v 0.158894980359458 0.0603269863770178 -0.394071652768499
v 0.159416204208401 -0.116516611716741 -0.116417043168173
v 0.15948983772403 0.122630807367503 -0.288697569654129
v 0.159766066339668 -0.116366139972801 -0.229281798645902
v 0.159773276206944 0.121912127336177 -0.289526382805461
v 0.160057589093694 -0.114902351840611 -0.0264397855437541
v 0.160106278718875 0.121128792827982 -0.228059827338156
v 0.160146679177943 -0.115417083926075 -0.219150358426563
v 0.160165963795341 -0.114623492362575 -0.115909759552491
v 0.160288943224761 0.120691046475053 -0.199221790213429
v 0.16040546114044 -0.114805153450891 -0.224724347646611
v 0.160828919163714 0.119315985341594 -0.234104801808066
v 0.160996524722911 -0.112768552229448 -0.148911733192821
v 0.161027201236929 -0.112700040582551 -0.150130651002933
v 0.161112209854706 0.118614714907692 -0.222555375113016
v 0.161317560825297 -0.112457536088791 -0.217927366578664
v 0.161328723503344 -0.112621955012327 -0.244610797260242
v 0.16137716017209 -0.111924695486006 -0.149606381102451
v 0.161440510781353 0.117830975505723 -0.166252021345489
v 0.161567712024928 -0.111492886333217 -0.171607609749403
v 0.161640073364385 0.117308017990908 -0.201035003622302
v 0.162141996526468 0.110860672613435 -0.374903069491924
v 0.162420645352588 -0.109587980614878 -0.205498540880406
v 0.162482149233604 0.115223505760321 -0.166704565551337
v 0.162615268109563 -0.109153318267122 -0.213231790642446
v 0.163346696730199 0.112912680599532 -0.255480978205439
v 0.163359865341495 0.113050768090518 -0.130921117067267
v 0.163523596333989 -0.107249156051681 -0.266571420927212
v 0.163781280622894 -0.106578363349472 -0.192095969785909
v 0.164037963407228 -0.105975929929615 -0.269761963388646
v 0.16435025649655 0.110441992033377 -0.204708215642044
v 0.164661924078337 0.10947215672008 -0.336104057467881
v 0.164677317892256 0.110107075298638 -0.366015033942808
v 0.164753267972449 0.109235614476172 -0.339955404372037
v 0.164864651031389 -0.0719726329862908 -0.387719722082358
v 0.164997301465198 0.10899738554931 -0.0641647813322335
v 0.165376719786903 0.108220081507478 -0.358880404417936
v 0.165862838916584 -0.101900329082165 -0.342272590192179
v 0.165900556090732 0.00942349948324299 -0.392928849189036
v 0.166124419179242 -0.101346906838645 -0.281472395367269
v 0.166331101930308 -0.100398682659796 -0.283758296740661
v 0.166454333489255 -0.100002324735583 -0.284732647848514
v 0.16647128404151 -0.100613048984374 -0.200849144249453
v 0.166522868254842 0.105038944638319 -0.1342022988366
v 0.166544707771759 -0.100457707273538 -0.183782959444221
v 0.16660289814833 -0.10033459458749 -0.170257526766359
v 0.16664830103844 -0.100238536234113 -0.159704343065744
v 0.166696385722505 -0.100136804041233 -0.148527818776287
v 0.166854331497885 -0.0998026400470662 -0.111815821405877
v 0.166989636531255 -0.0991985630703147 -0.111669506621159
v 0.167020585482037 -0.0981876164888793 -0.197600215291863
v 0.167162345351533 -0.0977330147060658 -0.179885857419809
v 0.167179303804191 -0.09911510001247 -0.0362811486621623
v 0.167244631383842 -0.0974691362394626 -0.169603368945595
v 0.167306552186085 -0.0972705658881164 -0.16186572602489
v 0.16741428251503 -0.0969250915322526 -0.148403710241508
v 0.167633121554463 0.0909987842668847 -0.385095070120191
v 0.16772237713366 -0.0959370801620224 -0.109904109809684
v 0.167781208312495 -0.0964061825572161 -0.0377657194590942
v 0.167805499098074 0.0704605585457029 -0.387109939498651
v 0.168205247742223 0.00971869768734375 -0.393027605422829
v 0.16829022207536 -0.0941160900343102 -0.038946027322345
v 0.168310361341153 0.0103078583201451 -0.393011122753791
v 0.168321620202034 -0.0939959658281294 -0.306186349696889
v 0.168685787664238 0.00964945673386027 -0.39271921570323
v 0.169183058673011 0.0734669510001601 -0.384815487837551
v 0.169398583157531 0.0977518396914318 -0.139348094332223
v 0.169779416002174 -0.0893178843846137 -0.168077331721395
v 0.169893546150087 -0.0889496629780916 -0.184842735239503
v 0.169951216761765 -0.0887668519878397 -0.147922879649916
v 0.169971914001047 0.0972376131093772 -0.365697132237689
v 0.169985832513319 0.0963753655347765 -0.0592906778737442
v 0.170624874622222 0.0763007347984621 -0.382448444769303
v 0.170823177407609 -0.0859702928440864 -0.0433908586439413
v 0.170956493098507 -0.0855372330696672 -0.103986743367449
v 0.171021006793164 -0.0853276681949942 -0.133310106417759
v 0.171046430593084 -0.0852450820794061 -0.144865967838169
v 0.171052873030268 -0.0852241546073659 -0.147794244159842
v 0.171099885031128 -0.0850714418520227 -0.169162574965897
v 0.171113735728928 -0.0850264495482342 -0.175458122635887
v 0.171123728190501 0.0933213022085194 -0.185301028007506
v 0.171134850646475 -0.084957860311903 -0.185055470862417
v 0.171210473372514 0.0931220682707668 -0.170502730438712
v 0.171274387089703 -0.0892490954429031 -0.38178723239386
v 0.17130501602478 -0.0844050988188924 -0.26240061739556
v 0.171325312450139 -0.0896934884238799 -0.323306403437443
v 0.171330328369316 -0.0897344127416778 -0.323178885228603
v 0.171395854439738 -0.0820677016549625 -0.119887656744927
v 0.171458325897005 -0.0893807711942557 -0.324461023214307
v 0.171463570939406 -0.0893845259478565 -0.322826357847884
v 0.171503819492716 -0.0885865013932933 -0.327086165048923
v 0.17157369133857 0.091013522793845 -0.369365161606673
v 0.171635290250967 0.0906611526099324 -0.369688744504372
v 0.171658888256992 -0.0790716758523716 -0.0467083350932051
v 0.171734092362064 -0.0854579158457981 -0.322251208169312
v 0.171909169024648 -0.078539569196071 -0.185748289170669
v 0.172156328240192 -0.077478435104938 -0.358965698054163
v 0.172310214065141 -0.0742391117981556 -0.0982513743582758
v 0.17242647997827 -0.0850408645154129 -0.321372443810846
v 0.172435529588861 0.0899636185032566 -0.212033004605599
v 0.172534113492995 -0.0762992921510709 -0.362635180408921
v 0.172714994181375 0.0905700664377379 -0.365532430370221
v 0.172844053548594 -0.0738765923555152 -0.382280053755163
v 0.172946817273845 0.0888770974658148 -0.0610199270128905
v 0.173004743449107 0.088614447162974 -0.145312621529611
v 0.173019768380931 0.0885463207438584 -0.167176519545061
v 0.173022014399296 -0.0694959353918169 -0.203005724040638
v 0.173050604837912 0.0884065013145982 -0.212048946154369
v 0.173078564510083 -0.0677866210568314 -0.0914090626254311
v 0.173117271647763 0.088104219009277 -0.309060789448149
v 0.173119905035939 0.0880359118072079 -0.0612308690137451
v 0.173451266879509 -0.065768619470053 -0.18815690084837
v 0.173606746248589 0.0857036242286274 -0.212294213290033
v 0.173652904205036 -0.0744048308947685 -0.379062454699723
v 0.173739972732394 -0.0563426241684811 -0.317986549796191
v 0.173849839086346 0.0845113919931903 -0.164236026902842
v 0.173896367819994 -0.0619036870614248 -0.1727598432363
v 0.173910476137354 -0.0604112079879242 -0.0489790141521063
v 0.173913344341625 -0.0612374980844888 -0.125484436667498
v 0.173931598593898 0.0841104080672251 -0.14807259860463
v 0.173970385438282 -0.0613500071191384 -0.17284960118575
v 0.174242427755551 0.00779004176871354 -0.386490094733531
v 0.174278392429376 -0.0584581116286112 -0.14799351021164
v 0.174291213662438 -0.0575505021536175 -0.0758876278638857
v 0.174371099231082 0.081954907181305 -0.0611856144632138
v 0.174378252402335 -0.0599152286191 -0.221452220183482
v 0.174614042161285 -0.0556719257502141 -0.147933849457165
v 0.174673259134493 -0.0546799689414282 -0.102888680690541
v 0.174764514973797 0.0795560410033306 -0.24529640781057
v 0.174834282959043 0.0792471710933175 -0.212923028735623
v 0.174847915782082 -0.0533676704212079 -0.115232534270895
v 0.174948270624775 0.07874253619619 -0.160031062605086
v 0.174966884081692 0.0786601325443935 -0.15139414275538
v 0.175081712064973 -0.051611020901674 -0.131756079887244
v 0.175088066146953 -0.0515714234180602 -0.112895744528592
v 0.175091189650588 -0.0515519583113207 -0.103624487686092
v 0.175103592566869 -0.0514817195194377 -0.0500860090781009
v 0.175103660132894 -0.0514742445329453 -0.0666093092357571
v 0.175109189350655 -0.0514397874531719 -0.0501973552250972
v 0.175109219900122 -0.0514395970744486 -0.050106677580008
v 0.175161325345125 0.0777993214527783 -0.061170515016453
v 0.175283364490417 -0.0505354615947926 -0.111554704628979
v 0.175287190808317 -0.0506050237647242 -0.147812704761865
v 0.175294850409066 -0.0538529803358887 -0.246205274930129
v 0.175359300393471 -0.0501304400976468 -0.103947507890354
v 0.175551907299616 -0.0799334416438179 -0.26614568861437
v 0.175662601617127 -0.0487670613911102 -0.177148247859202
v 0.175729622046915 0.0721808945031691 -0.155243696301888
v 0.175788803550229 -0.0478395868308402 -0.0609202324920608
v 0.175798376596041 -0.0477885268027004 -0.0599612125825599
v 0.175818816695994 -0.0795863747916208 -0.265607551867082
v 0.175839241013695 -0.0475816013352106 -0.060515164688955
v 0.175845986896264 -0.0478692309743525 -0.191478433973461
v 0.175876378222481 -0.0473724872976703 -0.0521470733625248
v 0.175925022055696 0.0708482254988841 -0.118498669442182
v 0.176274400989107 -0.0454696891958946 -0.105001358951432
v 0.176277674055532 0.0680007388314348 -0.103189793257536
v 0.176484534743858 -0.0447429839668433 -0.241376165906557
v 0.17648723986348 -0.0667228662539992 -0.315241027903571
v 0.176649661312375 0.0638884643706181 -0.214888794991854
v 0.176812292034006 0.0629581229016509 -0.163683543951248
v 0.176879701277961 0.0621144583874553 -0.195279391418881
v 0.176968629982349 -0.0418131336067942 -0.0549448242769933
v 0.177243189904982 0.0575048657248429 -0.318668501726739
v 0.177253714753776 0.0586697829962875 -0.228018694955633
v 0.177272182850275 -0.054212198766662 -0.24837065226722
v 0.177310905518406 -0.0678610575691119 -0.257382565665325
v 0.177458615309911 -0.0396556322651375 -0.192883049026149
v 0.177523981979229 -0.0390856608438973 -0.0981357248629547
v 0.177690467382241 0.0548535871429886 -0.242459073573323
v 0.177743105179316 -0.0598736923338974 -0.252552544892336
v 0.17782799358188 -0.0541989316983229 -0.249414900453261
v 0.17793150460152 0.0543858682860122 -0.0614962413863158
v 0.177965562729485 -0.0370431849942644 -0.181421525239861
v 0.178015376633962 0.0535863096697525 -0.0719624454001173
v 0.178098567774786 -0.0363900682337379 -0.191055032679431
v 0.178125576665558 0.0513621387011005 -0.22105226065038
v 0.178203071061224 -0.0654034659737837 -0.256637141885793
v 0.178288325960282 0.0729612211503355 -0.306252788018449
v 0.178367255528996 -0.0349995600307279 -0.182678083746527
v 0.178447354527875 -0.0781891626754127 -0.283979184442546
v 0.178450629416304 0.0487911883841677 -0.0616089514630728
v 0.178764388649028 0.0464459198056462 -0.165429985535463
v 0.178778967533383 -0.0328109222611536 -0.14715993983871
v 0.178804388424777 0.0460645988287045 -0.170421468408956
v 0.178840317139755 0.0445749018512341 -0.0600345604053953
v 0.179153067607912 0.0422725397481043 -0.167063102407814
v 0.179167436902201 0.0421667579124601 -0.171980519882653
v 0.179197215331728 0.0423197493358761 -0.219441462685638
v 0.179305524577109 0.0411502036240173 -0.219236476367707
v 0.179350364228317 0.0409646695757337 -0.167588590170281
v 0.179368628570671 0.040685653581334 -0.240831738767122
v 0.17944594263471 -0.00922109832743329 -0.384352820200647
v 0.179448740780704 -0.029402676323264 -0.14896033299947
v 0.17946988507005 -0.0284086117879806 -0.186648050643388
v 0.179620937777045 0.0390619758187799 -0.218856960326236
v 0.179720809244682 0.00953129149100278 -0.379483522859055
v 0.179956914289418 -0.0265914240849325 -0.0575822328116685
v 0.180022743947687 0.0301303640776868 -0.37413471076861
v 0.180023170118872 0.0367471713727794 -0.0569995850996396
v 0.180051594230828 -0.0745769671633581 -0.302774657701015
v 0.180119432473915 -0.0258268093861366 -0.0843543407456706
v 0.180130050350275 0.035785699159408 -0.174515986174141
v 0.180227823097995 0.0351565051694743 -0.166000504319305
v 0.180338074184088 0.00879151112674142 -0.372921015865285
v 0.180342471634639 -0.0247774559170216 -0.121096250599489
v 0.18048707230029 -0.0738359912940542 -0.301494685936287
v 0.180513107411211 -0.02422490902339 -0.0826960570816517
v 0.180622590267768 -0.0238703854087562 -0.0580578307781744
v 0.180644136103469 -0.0735553003241257 -0.301391164485933
v 0.180802782604393 0.0317276748615613 -0.176125646370401
v 0.180864159147602 0.0543218624213489 -0.250341422384352
v 0.18086743936518 -0.0303404907889804 -0.3314336121759
v 0.180899202705259 -0.0291808670903175 -0.370761252075961
v 0.180965536118095 0.0306931645431379 -0.164803785339813
v 0.181078351433783 -0.0739715396982413 -0.269344310417887
v 0.181124394175536 0.00727941281126142 -0.361047233336601
v 0.181247063288855 0.0292272879182861 -0.217054021398374
v 0.181264582162292 -0.0185665535856853 -0.154716350258413
v 0.181466597926324 0.0271846551903574 -0.0581098617945789
v 0.181833952427592 0.0631644122839657 -0.25650808150124
v 0.181886262124452 -0.0143792100834338 -0.177382767848264
v 0.182068057783453 0.0160263993020459 -0.344990083447017
v 0.182157518373595 0.0194947294967061 -0.338191198120996
v 0.182172670739431 0.0541553600704422 -0.253403171768964
v 0.182334399557687 0.0263275767224282 -0.339117722617383
v 0.182345885427439 -0.0130785533999467 -0.0599152626044799
v 0.182394574566446 -0.0109554568170371 -0.195915811822094
v 0.182410073115622 -0.012535774935941 -0.0705132966827157
v 0.182609449139912 0.0729161067359922 -0.268420555697889
v 0.182783411754531 -0.00899739286255915 -0.0668085673817579
v 0.182954319273744 -0.00793356690967671 -0.160373821246518
v 0.183029198819333 -0.00730037687136081 -0.172737188714248
v 0.183156491172466 -0.00603511080488271 -0.161394043810326
v 0.183185487450281 -0.00597878225644793 -0.198542016457588
v 0.183373072827913 -0.00341231117477879 -0.0615627302591675
v 0.183389221686473 -0.00425598215388956 -0.232180591691688
v 0.183467157775344 -0.00333335390394507 -0.199884998774276
v 0.183540070466171 -0.00247019398265601 -0.169671029667808
v 0.183555176797919 -0.0022913611899714 -0.163411183328643
v 0.183566838505009 -0.00215330678462838 -0.158578739843759
v 0.183578170335591 0.00477886069882924 -0.203715638055696
v 0.183627679253396 0.00306616109582504 -0.166348583234707
v 0.18363517238488 0.00209102831286313 -0.155445105044995
v 0.183652578170976 0.0147935574871079 -0.239837389151179
v 0.183706623851982 0.0143296291195417 -0.209350740398511
v 0.183776744220779 0.01372771556005 -0.16979651489607
v 0.183794725326605 0.0135733656671828 -0.159653546071937
v 0.183801999264526 0.000630589137664091 -0.0611315075091652
v 0.183971609909091 0.0120549876196934 -0.0598746546658889
v 0.184921767252631 0.0550422679872614 -0.255422917219422
v 0.185733687779631 -0.0372363642773421 -0.323187185900707
v 0.188386450247789 -0.0231056919905422 -0.251326293972156
v 0.190796024370053 0.0318780280837365 -0.326537528285335
v 0.191583687766206 0.0355770853007577 -0.325930058621231
v 0.191592825459178 0.0394866534278473 -0.322937202705427
v 0.192912202637544 0.0340243401427884 -0.252614803531525
v 0.193321984629336 0.0373154235798471 -0.32345158952829
v 0.193331482826496 0.0488066258918163 -0.320704554009829
v 0.194412962977431 0.0597937956015569 -0.256367676068614
v 0.196549240792709 0.0626539513744161 -0.256838243146479
v 0.199491768195781 0.0592305750778941 -0.318196098205017
v 0.200812103189615 0.069085049535224 -0.264936813420096
v 0.201779074109381 0.0731016149691507 -0.294660507019389
v 0.201803136268912 0.0731004780142527 -0.294291345364757
v 0.203201739495247 0.073068359192052 -0.273218072872414
v 0.203612106934283 0.0730604437267545 -0.267795226769311
v 0.204257722463827 0.0702954873412386 -0.309473815527419
v 0.204577922685126 0.0731571311418807 -0.304099984104305
v 0.21945039141264 0.0618595298255395 -0.257352068046063
v 0.22046753566973 0.0505544645890014 -0.255751647033661
v 0.220469087253998 0.0505504390317826 -0.255751109777511
v 0.220719616625619 0.0648951757679072 -0.261126784068696
v 0.222250989944849 0.07318853610017 -0.267240276397933
v 0.226766722850888 0.0732195696629279 -0.267105825870408
v 0.22727504808524 0.0732450170074455 -0.278155215151203
v 0.227362846161717 0.0732518449611082 -0.281289709369607
v 0.227847088712338 0.0733192743412733 -0.299053783104118
v 0.229096129958194 -0.0736873339452206 -0.280328106819873
v 0.229564184289129 0.0733433286842325 -0.302053907766813
v 0.229790698722886 0.030242637263812 -0.256464901537652
v 0.22988169067728 0.000152180615806578 -0.256071213730118
v 0.23005988878581 -0.073501125197987 -0.26776479045945
v 0.230135123496734 -0.0737270038785803 -0.283810819275592
v 0.231136697798025 0.0627027243963897 -0.259133095346578
v 0.231636945618256 0.0614367885655843 -0.257625493390269
v 0.232793285717211 -0.065076195264026 -0.260632575532489
v 0.233108288725412 0.0581302760235805 -0.257189603535815
v 0.233152807490297 -0.0640955104517898 -0.259234547084266
v 0.234928206933623 -0.0735150438908862 -0.299686511104664
v 0.235823961931633 -0.00659535604910651 -0.324123463697308
v 0.235968293984225 0.0135500021873001 -0.323948178903046
v 0.235980586665401 -0.0342904017469139 -0.256254672875992
v 0.236036272260833 0.0256623589306683 -0.323976121357944
v 0.23631228574818 -0.0202698347271933 -0.256477680327769
v 0.236504160996842 0.0506306856813242 -0.257448278971157
v 0.237524618100052 -0.0478702706916669 -0.257753313949912
v 0.238159277096848 -0.0270435088542331 -0.324361244666906
v 0.238239885121423 0.0612077381779292 -0.257773641174783
v 0.238861165781574 -0.0284616602847584 -0.255314330586507
v 0.238940599233713 -0.068280572244099 -0.31053404994393
v 0.239352649167277 -0.0639479370932285 -0.259527605833006
v 0.23979039093234 0.0666480927762158 -0.313880991589003
v 0.240631017947983 -0.0660046730349926 -0.315070006065546
v 0.240695581873132 -0.036667101093088 -0.254638666966198
v 0.240804576501198 -0.0347270186497628 -0.254162351159922
v 0.241040159557288 -0.0354720786593471 -0.254219412965998
v 0.241046454292161 -0.0641653801541612 -0.315566587336375
v 0.241444222321961 -0.0370444701437149 -0.254382079772294
v 0.241743830322981 -0.0659922133027221 -0.315067039055752
v 0.243196943359556 -0.0572659888626939 -0.317425941359953
v 0.243413402934934 0.0409095307391253 -0.32410528119591
v 0.243763585155386 -0.0678441831751124 -0.311290459603789
v 0.243764035077167 0.0626645502307956 -0.317256066239107
v 0.244839001298579 -0.0308825603822451 -0.324556427015178
v 0.246898416842981 0.0578120534889422 -0.318407637585392
v 0.247102361534277 -0.0476652686171886 -0.322298456838651
v 0.248237097002192 -0.0635518150214247 -0.255710419822825
v 0.248663609961608 -0.0651157668037061 -0.257722997128264
v 0.248750266383005 0.0283013346410484 -0.324145897196971
v 0.248764031959865 0.0264862843066366 -0.324142018723737
v 0.249049241071755 0.0548400786774051 -0.319513907219171
v 0.249064514519609 -0.00046663042615666 -0.324388441438466
v 0.249766769539238 0.0413653908678751 -0.324188192459976
v 0.250153050692235 -0.0735037533244828 -0.29920841355237
v 0.250590892264203 -0.0342026672268713 -0.324155236937795
v 0.251657464323258 -0.0301495776037867 -0.32471438438576
v 0.253586941459959 -0.0736101023930765 -0.290726601093828
v 0.253789009452233 -0.0729924762090859 -0.266764117727158
v 0.253953599025261 -0.0732716520460781 -0.266994283973852
v 0.254230370779402 -0.0732689939537958 -0.266985358845462
v 0.255532403419534 -0.0113736114372655 -0.324641233774001
v 0.256929468275287 -0.07346052675814 -0.282298996154878
v 0.257017342085588 0.073427461606499 -0.266205149989284
v 0.262960664419265 0.0203027517523939 -0.247447239695938
v 0.263343744262529 -0.0504253058879459 -0.322063252328672
v 0.263605180984719 0.0642035272665586 -0.316834779670625
v 0.264529197490487 0.0424246091887504 -0.324380841749455
v 0.264700667169761 -0.0287474371173128 -0.325016544860657
v 0.267407357506515 -0.0657048686568435 -0.314998614280658
v 0.279250720259915 -0.0734821748324047 -0.298294675137821
v 0.281241513777959 0.0737284279799423 -0.297822151823181
v 0.283816280305675 0.0130443375465136 -0.238169958301955
v 0.289969825234384 -0.0123727105889152 -0.23422007124429
v 0.290309249275202 -0.0616759856583284 -0.237634200111835
v 0.290934742741379 0.0627058508770522 -0.237719716796664
v 0.292404309176169 0.0334152529557807 -0.235566693179461
v 0.29338722074324 -0.0348582907732833 -0.231590426461386
v 0.294103981950188 -0.0395511211298589 -0.23104466076866
v 0.294308180262973 -0.00453166878747892 -0.232777381096007
v 0.295078711263904 0.0428924947794782 -0.23364423860327
v 0.295264023619293 -0.0428134333289598 -0.231236208240751
v 0.295687046561335 0.0569409205560733 -0.233584995669717
v 0.296074120975742 -0.039729437425871 -0.230190147221336
v 0.296210082613882 0.0627160628747791 -0.233869560357711
v 0.300479432446574 -0.0621866023483878 -0.230929909698087
v 0.30111020916697 0.0107281511466099 -0.227606691677557
v 0.301769915781346 -0.0631949099344844 -0.231793149991928
v 0.302844773604176 0.0727985649253142 -0.242097647488358
v 0.303392386018306 0.0726245691940373 -0.241470756480048
v 0.303510630543411 0.0728053601005283 -0.241594957200213
v 0.30525724570464 -0.0687795038589828 -0.239320880715982
v 0.307290384027992 -0.0733707937055834 -0.24376624617088
v 0.309160704657465 0.0274806908425501 -0.221445374000736
v 0.309732556231919 -0.0733996185094992 -0.248873241444081
v 0.312344583108659 0.0367339764816621 -0.219092178944515
v 0.31494966034169 -0.0733854886213942 -0.24041453951185
v 0.315364156896522 0.073577822411405 -0.254969077963243
v 0.317561496967823 0.0630885816726226 -0.297170916089633
v 0.317904785374064 0.0299889997619495 -0.214254549313109
v 0.320013716831104 0.0564319249119651 -0.215766238739558
v 0.320222889576921 0.0627625468428362 -0.216344042461135
v 0.322090150631595 0.0735977501573423 -0.262580164453268
v 0.322813533235941 0.0664537874053628 -0.219237983358718
v 0.323123146423357 -0.0735673965250201 -0.276875643810847
v 0.323292175622023 -0.0733149977085902 -0.277218321930076
v 0.324817936723238 -0.0634085711453442 -0.214885714804299
v 0.324896407212281 0.0736391194712804 -0.276454203301912
v 0.325305047235427 -0.0647754853982878 -0.290609473343508
v 0.325385470304346 -0.0307575625071184 -0.300006713626137
v 0.325428787652338 -0.0641624046955144 -0.291455877284694
v 0.325606109311032 -0.0356955242957407 -0.299928795444379
v 0.325632275790018 -0.0433547860872718 -0.298058087808736
v 0.325680579085606 -0.0400128602553528 -0.299204956058875
v 0.326380627170073 0.0673834132331539 -0.285863125984519
v 0.32675490447327 0.0323925154713627 -0.299258930521295
v 0.326898114478128 0.0302425009669252 -0.299222187931484
v 0.326950482650548 0.0730445674927974 -0.223898984814123
v 0.327035708636566 0.0635798834066184 -0.290359805163646
v 0.327314557580931 0.0417566594520173 -0.298939308057357
v 0.327443151246101 0.0531567170911184 -0.295814793563561
v 0.329058342623819 -0.064065915213523 -0.28998315146785
v 0.329238795270245 -0.00608009083241043 -0.298353189266325
v 0.332791084667166 -0.0671103525844636 -0.283050876444752
v 0.334147783387991 0.0734949179676574 -0.231379576686934
v 0.334344844460857 0.0627898841091849 -0.206037268520296
v 0.336005024716742 -0.0644167765301204 -0.284926928604472
v 0.338908294001476 0.0416333180683142 -0.294241358800784
v 0.339166327508658 0.0736099262881082 -0.269469444015891
v 0.339263312969356 0.0735085624626107 -0.236678975490872
v 0.34074995689261 -0.0736016364053951 -0.268270028880206
v 0.341008252185562 -0.0374525993232663 -0.293584451042221
v 0.342713123340633 -0.0488810778167733 -0.28721797762554
v 0.345414183989876 0.0735410783720369 -0.248265021083952
v 0.345775434251772 -0.0410292800240273 -0.288607124505858
v 0.346254875323654 -0.0329719613478547 -0.189907861880432
v 0.347066824504256 -0.0369760348771402 -0.289096754162105
v 0.348559496229697 -0.0177188729090518 -0.287774092923451
v 0.350630990842835 0.0736057901090872 -0.258058051414331
v 0.351111718792393 0.0730627952050382 -0.259456779196516
v 0.351952054655719 0.00859881529178151 -0.284965790668423
v 0.352236208521581 0.0109699922018374 -0.284696749671968
v 0.352597508218328 -0.062329141154189 -0.189079484442595
v 0.354237081224612 0.0712082510421193 -0.262755549829895
v 0.35790601274945 0.0651807167497951 -0.268166817189196
v 0.358032355324967 0.0636247189293451 -0.180587590377174
v 0.358163008016348 0.0371224340660092 -0.279590170269827
v 0.359135082102841 0.05287641988536 -0.27408983723786
v 0.359180644505735 0.0413881250987888 -0.278718235469797
v 0.359929691323163 0.0733811255252295 -0.199001252383123
v 0.359971552594826 0.0414804269469178 -0.173378321178237
v 0.362378807026971 0.0623414754469111 -0.170563764323959
v 0.362621635958347 0.0105138349624916 -0.169682390968746
v 0.362785838070661 0.00975647070713264 -0.169466252568481
v 0.364343407623181 0.0632170121413974 -0.171458341548031
v 0.366526860136033 -0.0524426325026237 -0.167995304301625
v 0.366913274000158 -0.0477715320046818 -0.16666281683399
v 0.367504421401594 -0.0625930745329663 -0.168359462785929
v 0.367875694173631 -0.0318139633310516 -0.16134763306871
v 0.369238648363655 -0.0222991468500331 -0.159862033405629
v 0.36925816544721 -0.0352304744465674 -0.272659216360005
v 0.36926115290897 -0.0317397589968395 -0.159517498013927
v 0.369840086103025 -0.0677625462631771 -0.170320003855368
v 0.370558387879121 -0.0440648393998938 -0.160955032321063
v 0.370564223360485 0.0681407802714493 -0.1738657987405
v 0.371879387885516 -0.0626705352166064 -0.162278431845479
v 0.37190188344079 -0.0624936254613328 -0.16221701633927
v 0.372191562260684 -0.0685035330607504 -0.167761658367476
v 0.373401825336559 -0.0681611492683135 -0.165710030486233
v 0.373719717480497 -0.0686961003386816 -0.16616085445457
v 0.375669110104972 0.0734957560433911 -0.175581617209298
v 0.376596118372307 -0.07042334690108 -0.168887358390567
v 0.377593813360659 -0.0728498781120959 -0.17751837629985
v 0.378518226223395 -0.073593608308452 -0.179187909127527
v 0.37884132896504 -0.0735942173009859 -0.178680778136003
v 0.379118000317237 -0.0735921935176948 -0.178948122009595
v 0.379902636636465 -0.0666339463541619 -0.252975544322425
v 0.380710096723962 0.0734977298900722 -0.178320610038982
v 0.380992389203007 -0.073598271675821 -0.17530454769687
v 0.382524707841746 -0.0735841575281988 -0.177586134909242
v 0.383002529199585 0.0620115950153197 -0.144467000682039
v 0.383424702384484 -0.0309811678298099 -0.14080802097637
v 0.383675056842417 0.0665170153769471 -0.249641178971412
v 0.389456067988745 0.0734704753666118 -0.192115557722528
v 0.391426951010022 -0.0735447367416745 -0.190839665293323
v 0.391577322092136 -0.0630192957055266 -0.134899079840471
v 0.396146325940098 0.0735445563696426 -0.202669970062622
v 0.398761770760833 0.0655480589806831 -0.118722639023951
v 0.39957861478509 -0.0735089566741075 -0.202686417703424
v 0.401957075581986 0.0735872728732346 -0.206970454108843
v 0.404437198989995 -0.0612421193757072 -0.103109212136528
v 0.40508913281893 0.0408328644459321 -0.243564782204711
v 0.405188785935333 -0.0394090989054562 -0.244773621628112
v 0.406581360136509 -0.071320641134107 -0.21295235803826
v 0.4079201673077 0.0706329705326292 -0.211244398801295
v 0.408385262157091 -0.0699212029183487 -0.215631292729004
v 0.408419047811855 0.073734274528803 -0.126850999916927
v 0.408595588643498 -0.0697850769191001 -0.215858797720672
v 0.408751428477684 -0.0263191995777919 -0.0791977871772443
v 0.409048555326503 0.05316986789941 -0.0811768875975675
v 0.412279017622321 -0.0633607390130815 -0.219751875834008
v 0.41255997511988 -0.0545141378277645 -0.0720230245820328
v 0.412836289590082 0.0544307663397933 -0.0527873449971758
v 0.412911945749051 0.0497026585916163 -0.051968462384397
v 0.41310213344931 -0.0736587929651532 -0.124906193432458
v 0.41377023140902 0.0236361661182313 -0.044139359694959
v 0.413881325768306 0.0174738228142516 -0.0429782522935668
v 0.414609020330584 0.0656518323260291 -0.215961063141814
v 0.414809953938291 -0.0160622552896818 -0.0366017757350593
v 0.414876177912131 -0.0290113061526164 -0.0361928980699487
v 0.415954932703549 -0.0389981211833578 -0.0356367909006118
v 0.417089117955473 -0.0499377765574824 -0.0350387523718509
v 0.417207513201935 -0.059843760029094 -0.0412587595305039
v 0.417364616616485 -0.0692893266800189 -0.0876478827814075
v 0.417731936192864 0.0577867097633668 -0.217905843975102
v 0.417880422346065 -0.0467880584706842 -0.225518538584389
v 0.418021786160817 0.0656210099485574 -0.0630125329064712
v 0.418090239343595 0.0640509779700905 -0.0542373224619811
v 0.418298513648071 0.0661133640276175 -0.0545848710798027
v 0.418741347980305 -0.0708993091648056 -0.202734404723593
v 0.419292330113557 0.0542183162797444 -0.218629155184279
v 0.419321473073667 -0.00900245215944991 -0.226275588547343
v 0.419346864090114 0.00694754567370544 -0.225977760967119
v 0.419373853880561 -0.0230855739791169 -0.226620767761671
v 0.419413257371626 -0.0371261675861911 -0.226980879513443
v 0.419593242109347 -0.0664891436420114 -0.0454790823671839
v 0.420692043345878 0.0669363930744685 -0.0546312026582588
v 0.423371336306025 0.0419877204107877 -0.220271052913656
v 0.424136398985819 0.0275477465966243 -0.219537442633397
v 0.425272990200835 0.0735788610434153 -0.183762877242021
v 0.4255766616939 0.0735370625821571 -0.0781133832564614
v 0.428628594966017 0.0736285324590519 -0.0554686845999909
v 0.428732070099971 -0.0701085183777217 -0.0479396614612626
v 0.429147985821516 -0.070252389356872 -0.0478095140490651
v 0.430939692237668 0.065195084500956 -0.19818064125646
v 0.43210193379403 -0.0350897209642931 -0.211109193287952
v 0.432113718039983 -0.0733952365774003 -0.0474318412358421
v 0.43341060085768 -0.073374755404829 -0.0656125019110361
v 0.434287685397006 -0.0734225831732232 -0.0465631748224395
v 0.437303354822566 -0.0734000210213606 -0.0453424563524975
v 0.441332936349757 -0.0604234280113566 -0.189937618196275
v 0.443615533739299 0.0432665122246974 -0.194477507017604
v 0.444217902795802 -0.0734386311326807 -0.152921459382367
v 0.445130267337861 0.0737080031682689 -0.0548227105056875
v 0.455907771826127 -0.0400359885624051 -0.179348296542543
v 0.456048699832248 0.0691730065362671 -0.149101306904373
v 0.459229745984032 0.0735724909230147 -0.11395333860628
v 0.459758815024967 0.0433275083090803 -0.169374433233808
v 0.459770743587731 0.0736416741716183 -0.0542259829738347
v 0.460721859382119 -0.0734387487175379 -0.0359184543013231
v 0.461020512043407 -0.0329172858765419 -0.0252635589569486
v 0.463050322063028 -0.0734415171614836 -0.0360564688981199
v 0.46498292458685 -0.0733819981444624 -0.0975789004858046
v 0.47134109010387 -0.0438466294907603 -0.143399438312452
v 0.474637791231953 0.07109462564185 -0.0531921375165741
v 0.476953340700566 0.0670089981004824 -0.0993713476522005
v 0.479588476260219 -0.06187546641498 -0.10129023734545
v 0.480541161568572 -0.0700293903796761 -0.036189040777783
v 0.480702299958319 0.0685594592351173 -0.0525122413679256
v 0.481587210613284 0.0415443109065537 -0.116117259780142
v 0.483494807261767 -0.067858899349665 -0.0357915249886771
v 0.486140363246953 -0.039932583183301 -0.108839004543903
v 0.48667040121214 -0.061476929805544 -0.0342978800503528
v 0.488184889373369 0.0547273403913357 -0.0498263102517307
v 0.489042997665076 -0.0571410796273186 -0.0332957955712552
v 0.490391062224121 0.0507210149564291 -0.0490468030662492
v 0.49121045551422 0.0452350539523019 -0.0696666908673067
v 0.492721482977991 -0.0411273734370517 -0.0691348294448257
v 0.494845088328983 0.0428189601676893 -0.0464987855000267
v 0.495849037756742 -0.0255573669685592 -0.0470341488230355
v 0.495889008586723 -0.00468252284322936 -0.0448346234961108
v 0.495889008847998 -0.000931967488125087 -0.0444347870922289
v 0.496030426996641 0.0241047517860373 -0.0408542520347016
v 0.496670459425956 -0.0400031863400979 -0.0429482060053515
f 6 2 1
f 1 2 18
f 13 6 1
f 13 1 33
f 1 18 19
f 1 19 31
f 1 29 27
f 33 1 27
f 1 31 29
f 6 3 2
f 24 2 3
f 18 2 21
f 21 2 22
f 24 22 2
f 7 4 3
f 3 4 23
f 6 7 3
f 28 3 23
f 24 3 28
f 9 5 4
f 26 4 5
f 7 9 4
f 30 23 4
f 26 30 4
f 9 10 5
f 10 26 5
f 11 7 6
f 6 14 11
f 13 14 6
f 7 12 8
f 8 15 7
f 7 15 9
f 7 11 12
f 8 12 15
f 16 10 9
f 9 15 16
f 16 17 10
f 20 10 17
f 20 26 10
f 14 12 11
f 14 15 12
f 51 14 13
f 13 33 43
f 91 13 43
f 74 51 13
f 74 13 141
f 90 13 91
f 153 13 90
f 141 13 153
f 39 15 14
f 51 39 14
f 15 36 16
f 39 36 15
f 16 20 17
f 16 32 20
f 36 32 16
f 19 18 21
f 19 21 24
f 19 24 71
f 31 19 25
f 19 42 25
f 42 19 46
f 58 46 19
f 58 19 71
f 208 26 20
f 208 20 32
f 21 22 24
f 28 23 30
f 40 24 28
f 44 24 37
f 24 54 37
f 69 24 40
f 77 24 44
f 69 54 24
f 71 24 72
f 72 24 77
f 42 31 25
f 30 26 208
f 27 29 85
f 33 27 85
f 61 28 30
f 40 28 34
f 34 28 61
f 29 31 81
f 29 81 85
f 45 30 35
f 208 35 30
f 61 30 45
f 31 42 79
f 81 31 79
f 32 36 48
f 32 48 38
f 208 32 38
f 43 33 41
f 41 33 106
f 33 85 106
f 40 34 61
f 368 45 35
f 345 35 208
f 348 35 345
f 353 35 348
f 368 35 353
f 39 50 36
f 36 49 48
f 36 50 49
f 44 37 76
f 75 37 54
f 76 37 75
f 38 48 47
f 47 208 38
f 51 50 39
f 40 61 69
f 43 41 106
f 42 46 80
f 79 42 80
f 91 43 106
f 44 76 77
f 61 45 112
f 45 396 112
f 396 45 368
f 80 46 58
f 48 56 47
f 56 60 47
f 60 208 47
f 49 55 48
f 55 56 48
f 52 49 50
f 52 53 49
f 53 55 49
f 52 50 51
f 51 70 52
f 74 70 51
f 65 53 52
f 52 70 65
f 53 57 55
f 53 64 57
f 59 66 53
f 53 68 59
f 53 66 64
f 65 70 53
f 53 70 68
f 75 54 69
f 55 60 56
f 57 63 55
f 55 63 60
f 57 64 63
f 58 71 80
f 59 62 66
f 62 59 67
f 67 59 68
f 63 102 60
f 102 110 60
f 110 208 60
f 61 104 69
f 104 61 112
f 67 66 62
f 102 63 64
f 64 66 92
f 93 64 92
f 96 64 93
f 102 64 96
f 66 67 89
f 66 89 92
f 67 68 73
f 89 67 73
f 68 70 86
f 73 68 86
f 75 69 103
f 69 104 103
f 70 74 82
f 78 70 82
f 83 70 78
f 84 70 83
f 86 70 84
f 71 72 77
f 80 71 77
f 89 73 86
f 107 82 74
f 109 107 74
f 116 109 74
f 116 74 136
f 74 141 136
f 76 75 98
f 98 75 99
f 75 103 99
f 77 76 95
f 95 76 98
f 80 77 88
f 77 95 88
f 78 82 83
f 79 80 81
f 81 80 88
f 81 87 85
f 81 88 87
f 82 144 83
f 107 127 82
f 127 119 82
f 119 144 82
f 83 100 84
f 83 144 100
f 84 100 86
f 85 87 101
f 85 101 105
f 125 85 105
f 106 85 159
f 159 85 125
f 86 142 89
f 100 144 86
f 86 144 142
f 111 87 88
f 101 87 132
f 132 87 111
f 88 95 118
f 111 88 118
f 89 142 92
f 90 91 130
f 198 90 130
f 153 90 195
f 195 90 198
f 91 106 204
f 130 91 204
f 94 93 92
f 94 92 140
f 92 142 140
f 94 140 93
f 96 93 97
f 93 108 97
f 93 140 108
f 124 95 98
f 118 95 128
f 128 95 124
f 97 102 96
f 134 102 97
f 108 140 97
f 137 134 97
f 140 137 97
f 98 99 123
f 124 98 123
f 99 103 117
f 122 99 117
f 123 99 122
f 105 101 132
f 134 110 102
f 103 104 115
f 103 115 117
f 115 104 112
f 180 125 105
f 180 105 132
f 106 159 166
f 106 166 188
f 106 188 204
f 160 107 109
f 107 131 127
f 160 131 107
f 129 109 116
f 129 151 109
f 151 157 109
f 157 160 109
f 134 466 110
f 466 208 110
f 128 111 118
f 132 111 128
f 114 112 113
f 113 112 508
f 112 114 115
f 112 396 408
f 408 426 112
f 112 426 452
f 112 452 508
f 114 113 147
f 147 113 545
f 508 545 113
f 145 115 114
f 147 145 114
f 117 115 121
f 115 145 121
f 129 116 133
f 133 116 136
f 120 117 121
f 120 126 117
f 126 122 117
f 119 127 150
f 119 150 144
f 196 120 121
f 126 120 181
f 196 181 120
f 145 196 121
f 135 123 122
f 126 186 122
f 146 135 122
f 186 146 122
f 124 123 135
f 152 128 124
f 178 124 135
f 152 124 184
f 184 124 178
f 166 159 125
f 166 125 180
f 183 126 181
f 183 186 126
f 131 138 127
f 138 139 127
f 127 139 148
f 150 127 148
f 132 128 175
f 175 128 152
f 154 129 133
f 149 151 129
f 149 129 163
f 129 154 163
f 198 130 204
f 160 138 131
f 132 175 220
f 180 132 334
f 132 220 292
f 334 132 292
f 133 136 154
f 137 177 134
f 177 205 134
f 205 541 134
f 134 472 466
f 134 491 472
f 518 491 134
f 541 518 134
f 179 135 146
f 185 178 135
f 179 185 135
f 136 141 158
f 136 158 154
f 137 140 177
f 138 148 139
f 160 148 138
f 140 142 173
f 140 173 174
f 140 174 177
f 161 141 153
f 158 141 161
f 142 144 143
f 142 143 173
f 144 168 143
f 168 173 143
f 150 156 144
f 156 165 144
f 165 168 144
f 199 145 147
f 196 145 199
f 189 179 146
f 189 146 186
f 147 586 199
f 545 549 147
f 549 552 147
f 552 586 147
f 160 150 148
f 149 157 151
f 157 149 155
f 249 155 149
f 225 149 163
f 225 249 149
f 150 165 156
f 160 165 150
f 175 152 184
f 171 161 153
f 171 153 190
f 190 153 195
f 154 158 163
f 160 157 155
f 160 155 165
f 165 155 162
f 170 162 155
f 249 170 155
f 163 158 161
f 163 161 171
f 168 162 164
f 162 192 164
f 168 165 162
f 170 194 162
f 162 219 192
f 194 227 162
f 162 227 219
f 163 171 207
f 163 207 225
f 167 173 164
f 164 193 167
f 173 168 164
f 164 192 182
f 182 193 164
f 166 180 188
f 169 167 172
f 169 173 167
f 172 167 191
f 167 214 191
f 193 217 167
f 167 215 214
f 167 216 215
f 217 216 167
f 174 169 172
f 173 169 174
f 249 194 170
f 171 190 207
f 174 172 176
f 210 176 172
f 191 210 172
f 177 174 176
f 175 184 211
f 187 175 211
f 220 175 187
f 176 205 177
f 210 205 176
f 184 178 185
f 185 179 189
f 188 180 234
f 234 180 290
f 180 334 290
f 196 183 181
f 192 193 182
f 196 186 183
f 184 185 212
f 211 184 212
f 185 189 221
f 185 221 212
f 189 186 196
f 226 187 211
f 187 226 220
f 204 188 234
f 189 196 200
f 213 189 200
f 189 213 221
f 190 195 197
f 207 190 197
f 214 210 191
f 192 219 193
f 218 217 193
f 219 218 193
f 249 227 194
f 197 195 203
f 195 198 264
f 195 206 203
f 195 264 206
f 196 199 201
f 200 196 240
f 196 201 240
f 197 203 256
f 207 197 256
f 198 204 238
f 198 238 264
f 201 199 202
f 586 202 199
f 213 200 239
f 200 240 239
f 201 202 241
f 240 201 241
f 241 202 586
f 203 206 256
f 204 234 272
f 204 267 238
f 204 275 267
f 204 272 275
f 210 209 205
f 205 209 603
f 205 603 541
f 206 274 256
f 206 264 274
f 225 207 289
f 207 256 289
f 340 329 208
f 329 345 208
f 208 362 340
f 362 208 391
f 391 208 394
f 440 394 208
f 466 440 208
f 209 210 242
f 603 209 242
f 215 210 214
f 210 215 237
f 230 210 237
f 242 210 230
f 211 212 222
f 211 222 229
f 211 229 226
f 212 221 231
f 212 229 222
f 212 231 229
f 221 213 232
f 213 233 232
f 213 239 233
f 215 216 224
f 237 215 224
f 216 217 224
f 217 218 236
f 224 217 245
f 246 217 236
f 217 246 245
f 218 219 223
f 246 218 223
f 236 218 246
f 223 219 247
f 219 227 228
f 219 228 248
f 247 219 248
f 220 226 268
f 220 268 288
f 220 288 292
f 221 232 231
f 247 246 223
f 237 224 245
f 310 249 225
f 225 289 419
f 310 225 419
f 226 229 287
f 268 226 287
f 228 227 248
f 227 249 248
f 229 231 273
f 229 273 285
f 229 285 287
f 230 237 244
f 230 243 242
f 230 244 243
f 231 232 283
f 273 231 283
f 232 233 235
f 283 232 235
f 235 233 281
f 233 239 281
f 272 234 275
f 234 290 275
f 284 235 281
f 283 235 284
f 237 245 244
f 238 267 264
f 239 240 251
f 239 251 270
f 266 239 279
f 281 239 266
f 239 270 279
f 240 241 250
f 276 240 250
f 251 240 276
f 250 241 586
f 265 242 243
f 603 242 265
f 257 243 244
f 257 263 243
f 265 243 263
f 252 244 245
f 258 244 252
f 262 257 244
f 258 262 244
f 246 258 245
f 258 252 245
f 247 255 246
f 255 258 246
f 253 247 248
f 253 254 247
f 254 255 247
f 253 248 249
f 305 253 249
f 305 249 310
f 250 629 276
f 629 250 586
f 270 251 276
f 260 254 253
f 305 260 253
f 254 261 255
f 259 261 254
f 254 299 259
f 260 300 254
f 254 300 299
f 255 296 258
f 261 297 255
f 255 297 296
f 256 274 282
f 256 282 289
f 263 257 262
f 258 295 262
f 296 295 258
f 259 297 261
f 299 297 259
f 305 300 260
f 262 294 263
f 262 295 294
f 263 294 265
f 267 278 264
f 274 264 322
f 264 278 298
f 264 298 393
f 322 264 393
f 265 293 271
f 603 265 271
f 265 294 293
f 280 266 279
f 266 280 281
f 269 267 275
f 267 269 278
f 268 287 288
f 269 275 418
f 269 418 278
f 277 270 276
f 277 279 270
f 293 306 271
f 306 646 271
f 603 271 646
f 273 283 285
f 282 274 302
f 302 274 322
f 290 503 275
f 418 275 417
f 275 503 417
f 318 277 276
f 318 276 860
f 276 629 652
f 276 652 708
f 276 708 760
f 276 760 778
f 276 778 860
f 318 279 277
f 298 278 521
f 521 278 418
f 280 279 286
f 286 279 316
f 316 279 318
f 312 281 280
f 313 280 286
f 315 312 280
f 315 280 313
f 309 284 281
f 311 281 301
f 312 301 281
f 309 281 311
f 289 282 302
f 285 283 284
f 285 284 303
f 309 303 284
f 308 287 285
f 303 308 285
f 313 286 316
f 307 288 287
f 307 287 308
f 304 288 291
f 307 291 288
f 292 288 304
f 289 302 522
f 289 593 419
f 289 522 593
f 290 334 531
f 290 597 503
f 290 531 597
f 304 291 307
f 292 304 378
f 334 292 687
f 292 378 484
f 292 484 488
f 292 488 633
f 292 633 664
f 673 292 664
f 687 292 673
f 293 294 332
f 293 332 306
f 295 323 294
f 294 323 332
f 295 296 321
f 295 321 323
f 297 320 296
f 296 320 321
f 299 319 297
f 297 319 320
f 393 298 343
f 343 298 423
f 298 551 423
f 298 521 551
f 300 314 299
f 299 314 317
f 299 317 319
f 305 314 300
f 311 301 312
f 302 322 612
f 522 302 358
f 358 302 612
f 308 303 309
f 412 304 307
f 378 304 471
f 471 304 412
f 310 510 305
f 305 427 314
f 400 305 402
f 400 404 305
f 402 305 510
f 404 427 305
f 306 332 336
f 306 336 817
f 306 658 646
f 306 719 658
f 306 735 719
f 306 817 735
f 307 308 412
f 308 309 465
f 412 308 471
f 471 308 465
f 309 311 465
f 310 419 512
f 310 511 510
f 310 512 511
f 311 312 458
f 465 311 458
f 312 315 344
f 458 312 344
f 315 313 316
f 384 317 314
f 414 384 314
f 439 414 314
f 427 439 314
f 315 316 447
f 344 315 455
f 315 447 455
f 316 318 447
f 383 319 317
f 384 383 317
f 425 318 420
f 420 318 860
f 318 425 447
f 319 388 320
f 383 388 319
f 320 387 321
f 320 388 387
f 321 381 323
f 382 381 321
f 387 382 321
f 322 393 502
f 540 322 502
f 322 540 612
f 323 390 332
f 381 390 323
f 324 327 325
f 361 324 325
f 324 350 327
f 324 354 350
f 360 354 324
f 361 360 324
f 330 325 326
f 326 325 337
f 325 327 337
f 331 325 330
f 331 335 325
f 335 361 325
f 326 346 328
f 349 326 328
f 326 341 330
f 326 337 346
f 351 341 326
f 349 351 326
f 327 357 337
f 327 350 357
f 328 333 329
f 338 328 329
f 328 346 333
f 338 339 328
f 339 349 328
f 329 333 348
f 340 338 329
f 329 348 345
f 341 331 330
f 361 335 331
f 341 361 331
f 332 519 336
f 390 529 332
f 529 519 332
f 333 346 348
f 334 689 531
f 334 687 688
f 334 688 689
f 336 519 817
f 342 337 352
f 337 342 356
f 346 337 355
f 337 357 352
f 337 356 355
f 340 339 338
f 340 347 339
f 339 347 362
f 339 376 349
f 339 362 376
f 340 362 347
f 361 341 351
f 342 352 356
f 343 423 393
f 456 344 455
f 458 344 456
f 348 346 353
f 353 346 355
f 366 351 349
f 349 370 366
f 376 370 349
f 354 359 350
f 350 359 357
f 369 361 351
f 366 369 351
f 352 357 356
f 368 353 355
f 360 359 354
f 355 356 367
f 365 355 367
f 368 355 365
f 364 356 357
f 367 356 364
f 357 359 363
f 364 357 363
f 522 358 612
f 360 385 359
f 359 375 363
f 359 371 372
f 359 373 371
f 359 372 375
f 359 454 373
f 359 385 454
f 361 478 360
f 360 478 385
f 401 361 369
f 501 361 401
f 361 501 478
f 377 376 362
f 377 362 391
f 364 363 428
f 363 375 399
f 406 392 363
f 431 363 392
f 405 363 399
f 406 363 405
f 428 363 431
f 367 364 403
f 403 364 415
f 364 428 415
f 365 367 368
f 370 369 366
f 368 367 408
f 408 367 403
f 396 368 408
f 380 369 370
f 398 369 380
f 401 369 398
f 395 370 376
f 395 379 370
f 379 397 370
f 398 380 370
f 397 398 370
f 371 374 372
f 373 389 371
f 389 374 371
f 372 374 407
f 375 372 407
f 373 486 389
f 373 454 479
f 373 479 486
f 389 411 374
f 374 410 407
f 411 410 374
f 399 375 421
f 407 421 375
f 377 394 376
f 394 386 376
f 386 395 376
f 391 394 377
f 378 471 484
f 397 379 395
f 382 542 381
f 381 529 390
f 542 529 381
f 387 459 382
f 382 459 542
f 384 582 383
f 383 559 388
f 383 582 559
f 414 582 384
f 454 385 479
f 385 478 479
f 395 386 394
f 559 387 388
f 387 542 459
f 387 559 542
f 389 463 411
f 463 389 486
f 392 406 430
f 431 392 430
f 393 423 480
f 393 480 626
f 502 393 540
f 393 948 540
f 393 626 948
f 394 440 395
f 395 429 397
f 440 429 395
f 397 409 398
f 413 409 397
f 429 413 397
f 409 401 398
f 405 399 436
f 436 399 421
f 634 400 402
f 634 404 400
f 416 401 409
f 416 461 401
f 461 462 401
f 462 467 401
f 497 401 467
f 501 401 497
f 634 402 510
f 408 403 415
f 404 527 427
f 634 527 404
f 406 405 436
f 430 406 433
f 406 436 433
f 407 410 441
f 407 441 421
f 408 415 449
f 426 408 449
f 469 409 413
f 474 416 409
f 469 474 409
f 411 499 410
f 410 499 441
f 411 463 486
f 411 486 499
f 429 422 413
f 469 413 422
f 414 439 590
f 590 582 414
f 428 448 415
f 415 448 449
f 460 461 416
f 482 460 416
f 474 482 416
f 417 503 418
f 418 503 620
f 521 418 620
f 512 419 691
f 419 593 635
f 419 635 826
f 691 419 739
f 739 419 826
f 420 424 425
f 420 904 424
f 420 860 904
f 421 441 436
f 438 422 429
f 438 481 422
f 422 481 469
f 480 423 744
f 744 423 551
f 609 425 424
f 904 609 424
f 589 447 425
f 589 425 609
f 426 449 450
f 450 452 426
f 427 576 439
f 427 527 576
f 431 445 428
f 428 446 434
f 428 434 448
f 428 445 446
f 435 438 429
f 472 435 429
f 472 429 440
f 430 432 431
f 430 433 432
f 432 444 431
f 444 445 431
f 432 433 444
f 436 437 433
f 433 437 443
f 433 443 444
f 434 446 448
f 477 438 435
f 477 435 472
f 436 442 437
f 441 442 436
f 443 437 442
f 438 477 481
f 439 576 590
f 466 472 440
f 441 457 442
f 457 441 571
f 499 578 441
f 441 578 571
f 442 468 443
f 442 457 468
f 444 443 470
f 443 468 470
f 444 470 445
f 445 473 446
f 470 473 445
f 448 446 464
f 446 485 464
f 473 476 446
f 446 476 485
f 583 455 447
f 583 447 589
f 448 451 449
f 448 453 451
f 448 464 453
f 450 449 504
f 449 451 504
f 450 508 452
f 450 504 508
f 451 453 475
f 475 504 451
f 453 464 475
f 456 455 567
f 577 567 455
f 583 577 455
f 514 458 456
f 567 514 456
f 468 457 554
f 554 457 566
f 457 571 566
f 533 465 458
f 560 458 514
f 548 533 458
f 560 548 458
f 489 461 460
f 489 460 482
f 496 462 461
f 496 461 489
f 496 467 462
f 464 483 475
f 464 485 483
f 471 465 528
f 528 465 548
f 548 465 533
f 497 467 496
f 470 468 563
f 563 468 554
f 481 474 469
f 473 470 561
f 470 563 561
f 523 484 471
f 505 523 471
f 505 471 528
f 491 477 472
f 476 473 500
f 473 561 500
f 482 474 481
f 483 504 475
f 476 509 485
f 476 500 509
f 481 477 492
f 492 477 491
f 479 478 487
f 478 663 487
f 501 613 478
f 478 613 647
f 478 647 663
f 486 479 515
f 515 479 487
f 626 480 935
f 480 744 935
f 482 481 490
f 493 490 481
f 493 481 492
f 495 489 482
f 494 482 490
f 494 495 482
f 485 504 483
f 488 484 498
f 498 484 523
f 504 485 546
f 555 485 509
f 546 485 550
f 485 555 550
f 499 486 515
f 487 665 515
f 487 663 665
f 488 498 517
f 488 517 608
f 488 608 633
f 496 489 495
f 494 490 493
f 492 491 518
f 493 492 507
f 507 492 525
f 525 492 518
f 532 494 493
f 530 493 507
f 532 493 530
f 495 494 535
f 506 494 532
f 494 506 535
f 496 495 543
f 524 495 536
f 495 524 543
f 495 535 536
f 496 556 497
f 496 526 538
f 496 543 526
f 496 538 537
f 496 537 556
f 497 553 501
f 497 556 553
f 661 517 498
f 498 523 713
f 661 498 696
f 696 498 777
f 498 713 776
f 777 498 776
f 499 515 675
f 675 578 499
f 509 500 520
f 520 500 558
f 558 500 561
f 501 553 613
f 503 597 620
f 508 504 545
f 545 504 549
f 504 546 549
f 523 505 528
f 506 532 535
f 525 530 507
f 509 520 555
f 511 513 510
f 634 510 513
f 511 512 513
f 513 512 516
f 516 512 654
f 654 512 691
f 513 516 624
f 513 624 727
f 513 789 634
f 513 727 789
f 560 514 572
f 572 514 567
f 515 665 675
f 516 654 624
f 608 517 661
f 518 541 525
f 519 529 595
f 519 595 539
f 817 519 539
f 520 558 555
f 521 620 551
f 522 612 593
f 523 528 694
f 716 523 694
f 713 523 715
f 715 523 716
f 524 536 543
f 525 579 530
f 534 579 525
f 534 525 650
f 525 541 650
f 538 526 643
f 526 543 544
f 526 544 643
f 527 598 576
f 634 598 527
f 528 548 632
f 528 632 694
f 542 604 529
f 529 599 595
f 604 599 529
f 530 607 532
f 530 579 605
f 605 616 530
f 616 607 530
f 597 531 1036
f 531 689 740
f 531 740 751
f 531 751 912
f 531 912 999
f 1036 531 999
f 535 532 594
f 532 607 594
f 534 650 579
f 535 562 536
f 535 594 562
f 547 543 536
f 585 547 536
f 562 585 536
f 537 538 643
f 537 643 556
f 595 592 539
f 539 592 887
f 829 817 539
f 829 539 887
f 540 714 612
f 540 948 714
f 541 603 631
f 650 541 631
f 559 591 542
f 591 610 542
f 610 604 542
f 547 544 543
f 726 544 547
f 726 643 544
f 546 550 549
f 584 547 585
f 584 726 547
f 548 560 606
f 548 606 632
f 552 549 550
f 552 550 557
f 550 555 557
f 551 620 928
f 744 551 649
f 649 551 928
f 557 587 552
f 552 587 586
f 553 556 564
f 613 553 564
f 554 566 563
f 557 555 565
f 565 555 558
f 564 556 614
f 556 643 614
f 588 557 565
f 587 557 630
f 557 588 630
f 568 558 561
f 565 558 568
f 582 617 559
f 559 611 591
f 617 611 559
f 560 572 580
f 606 560 580
f 569 561 563
f 568 561 569
f 594 585 562
f 563 566 570
f 569 563 570
f 613 564 614
f 568 679 565
f 638 588 565
f 638 565 667
f 565 677 667
f 565 679 677
f 570 566 574
f 566 571 574
f 572 567 577
f 569 636 568
f 568 636 679
f 570 581 569
f 569 581 636
f 570 574 621
f 581 570 621
f 575 571 573
f 571 578 573
f 574 571 575
f 572 577 769
f 580 572 615
f 615 572 769
f 573 578 575
f 574 575 596
f 574 596 621
f 578 693 575
f 596 575 640
f 640 575 693
f 598 590 576
f 577 583 644
f 577 644 680
f 577 680 768
f 577 768 769
f 675 697 578
f 578 697 693
f 605 579 618
f 650 618 579
f 606 580 771
f 580 615 769
f 771 580 769
f 581 621 636
f 590 600 582
f 600 622 582
f 582 601 617
f 582 622 601
f 583 589 639
f 583 639 644
f 628 584 585
f 726 584 628
f 602 585 594
f 602 724 585
f 725 628 585
f 725 585 724
f 586 587 629
f 629 587 652
f 587 630 666
f 652 587 666
f 666 630 588
f 588 638 666
f 589 609 690
f 639 589 690
f 598 625 590
f 590 625 600
f 591 611 610
f 671 592 595
f 671 619 592
f 887 592 619
f 593 612 635
f 724 602 594
f 627 594 607
f 627 723 594
f 724 594 723
f 599 637 595
f 637 671 595
f 621 596 684
f 596 640 684
f 620 597 915
f 597 1094 915
f 597 1036 1094
f 634 625 598
f 656 599 604
f 623 637 599
f 668 623 599
f 656 662 599
f 662 668 599
f 625 622 600
f 622 617 601
f 603 658 631
f 603 646 658
f 655 604 610
f 655 662 604
f 662 656 604
f 605 618 616
f 632 606 772
f 772 606 771
f 627 607 616
f 633 608 779
f 608 661 779
f 904 690 609
f 611 655 610
f 653 611 617
f 653 655 611
f 612 710 635
f 710 612 1051
f 612 714 802
f 612 802 1302
f 612 1279 1051
f 612 1302 1279
f 613 614 645
f 647 613 645
f 614 643 645
f 657 616 618
f 657 627 616
f 642 617 622
f 642 648 617
f 648 653 617
f 650 721 618
f 660 657 618
f 618 721 660
f 671 672 619
f 619 672 1138
f 887 619 942
f 619 949 942
f 619 962 949
f 619 1138 962
f 620 915 1144
f 620 1144 928
f 636 621 651
f 651 621 682
f 682 621 684
f 641 622 625
f 642 622 641
f 623 669 637
f 668 669 623
f 654 707 624
f 624 707 727
f 641 625 634
f 626 935 937
f 626 937 948
f 657 659 627
f 627 659 723
f 726 628 725
f 658 650 631
f 694 632 773
f 773 632 772
f 664 633 779
f 641 634 681
f 634 761 681
f 634 812 761
f 789 816 634
f 634 816 812
f 635 710 1043
f 635 955 826
f 635 1043 955
f 636 651 682
f 636 682 679
f 637 669 671
f 638 667 666
f 644 639 670
f 711 670 639
f 711 639 690
f 640 693 684
f 641 681 642
f 642 695 648
f 695 642 681
f 643 749 645
f 726 794 643
f 1015 749 643
f 794 1015 643
f 644 670 766
f 680 644 766
f 645 749 647
f 647 823 663
f 749 823 647
f 674 653 648
f 674 648 784
f 784 648 676
f 676 648 791
f 791 648 695
f 744 649 928
f 719 650 658
f 720 650 719
f 720 721 650
f 708 652 666
f 655 653 678
f 653 674 781
f 678 653 781
f 654 691 707
f 662 655 780
f 655 678 780
f 722 659 657
f 722 657 660
f 723 659 722
f 722 660 721
f 661 696 779
f 759 668 662
f 759 662 762
f 662 780 762
f 663 748 665
f 663 823 745
f 663 745 825
f 663 825 748
f 673 664 779
f 665 1278 675
f 665 748 1278
f 666 667 706
f 708 666 706
f 667 677 702
f 667 702 705
f 706 667 705
f 668 686 669
f 686 668 759
f 671 669 685
f 669 686 685
f 765 670 711
f 766 670 765
f 672 671 752
f 671 685 755
f 671 755 752
f 1138 672 752
f 779 687 673
f 781 674 783
f 674 784 783
f 675 803 697
f 675 998 803
f 675 1140 998
f 675 1321 1140
f 675 1243 1180
f 675 1180 1291
f 675 1278 1243
f 675 1291 1296
f 675 1296 1321
f 676 791 784
f 677 679 683
f 702 677 683
f 678 781 780
f 701 679 682
f 683 679 701
f 768 680 766
f 695 681 791
f 681 761 791
f 700 682 684
f 701 682 700
f 702 683 701
f 684 693 699
f 700 684 699
f 685 686 755
f 686 759 755
f 688 687 692
f 692 687 779
f 688 692 689
f 689 692 740
f 711 690 742
f 1190 742 690
f 904 910 690
f 946 690 910
f 963 690 946
f 1016 690 963
f 1061 690 1016
f 1128 690 1061
f 1128 1172 690
f 1172 1190 690
f 707 691 739
f 740 692 966
f 966 692 779
f 693 697 698
f 699 693 698
f 716 694 774
f 774 694 773
f 696 777 779
f 697 703 698
f 697 754 703
f 697 795 754
f 795 697 799
f 697 803 799
f 698 712 699
f 698 703 712
f 700 699 717
f 699 712 717
f 701 700 704
f 700 717 704
f 701 733 702
f 701 704 733
f 702 738 705
f 702 737 709
f 702 709 738
f 702 733 737
f 712 703 718
f 718 703 793
f 703 754 793
f 717 733 704
f 706 705 736
f 705 743 736
f 738 747 705
f 705 747 743
f 708 706 760
f 706 736 760
f 727 707 1031
f 707 739 1239
f 1031 707 1239
f 709 737 738
f 710 1051 1043
f 763 711 742
f 763 765 711
f 717 712 764
f 712 718 793
f 764 712 792
f 792 712 793
f 713 715 746
f 775 713 746
f 776 713 775
f 802 714 952
f 1040 714 948
f 952 714 1040
f 746 715 716
f 746 716 775
f 716 774 775
f 717 764 733
f 719 735 720
f 720 732 721
f 734 732 720
f 735 734 720
f 721 731 722
f 721 732 731
f 731 723 722
f 723 730 724
f 731 730 723
f 724 728 725
f 724 729 728
f 730 729 724
f 728 726 725
f 873 726 728
f 726 929 794
f 870 726 873
f 929 726 870
f 789 727 974
f 727 1031 974
f 729 758 728
f 835 728 758
f 873 728 835
f 770 729 730
f 827 757 729
f 757 828 729
f 729 828 758
f 770 827 729
f 756 730 731
f 756 839 730
f 839 770 730
f 732 838 731
f 838 756 731
f 750 732 734
f 820 732 750
f 820 838 732
f 733 767 737
f 733 764 788
f 767 733 788
f 735 834 734
f 819 750 734
f 834 819 734
f 817 831 735
f 831 834 735
f 736 743 747
f 747 760 736
f 737 753 738
f 753 737 787
f 737 767 788
f 737 788 787
f 747 738 785
f 738 753 786
f 738 786 785
f 739 826 741
f 1239 739 741
f 740 966 751
f 741 826 875
f 741 875 1239
f 763 742 1314
f 1190 1294 742
f 742 1294 1314
f 744 928 937
f 935 744 937
f 823 1345 745
f 825 745 1282
f 745 1345 1282
f 760 747 778
f 778 747 782
f 747 785 782
f 748 825 1351
f 1351 1278 748
f 938 823 749
f 749 1015 938
f 819 820 750
f 912 751 966
f 752 755 798
f 752 798 797
f 1138 752 797
f 753 787 786
f 754 799 793
f 754 795 799
f 798 755 759
f 838 839 756
f 828 757 827
f 835 758 828
f 800 759 762
f 798 759 800
f 761 812 791
f 762 780 805
f 800 762 801
f 801 762 805
f 847 765 763
f 857 847 763
f 857 763 1314
f 788 764 792
f 842 766 765
f 847 842 765
f 768 766 842
f 833 769 768
f 833 768 842
f 830 771 769
f 830 769 832
f 832 769 833
f 839 827 770
f 824 772 771
f 824 771 830
f 822 773 772
f 822 772 824
f 818 774 773
f 818 773 822
f 775 774 818
f 807 776 775
f 807 775 818
f 777 776 790
f 796 790 776
f 807 796 776
f 779 777 796
f 796 777 790
f 778 782 860
f 779 796 931
f 966 779 931
f 780 781 808
f 780 808 805
f 808 781 783
f 785 880 782
f 782 909 860
f 880 886 782
f 782 886 909
f 783 784 810
f 808 783 809
f 783 810 809
f 784 791 811
f 784 811 810
f 786 874 785
f 874 880 785
f 787 867 786
f 867 874 786
f 788 864 787
f 864 867 787
f 788 792 864
f 789 1011 816
f 789 974 1011
f 811 791 804
f 804 791 815
f 791 812 815
f 793 813 792
f 792 813 841
f 792 841 864
f 799 813 793
f 794 929 1154
f 794 1154 1015
f 796 807 836
f 931 796 836
f 797 798 871
f 797 871 850
f 1138 797 850
f 800 865 798
f 798 865 871
f 803 814 799
f 799 841 813
f 799 814 841
f 800 801 853
f 800 853 863
f 863 865 800
f 801 805 855
f 801 861 806
f 801 806 862
f 801 862 853
f 861 801 855
f 1302 802 952
f 803 859 814
f 892 859 803
f 803 1000 892
f 998 1000 803
f 804 815 811
f 805 808 854
f 805 854 849
f 805 849 855
f 806 861 862
f 807 818 914
f 836 807 923
f 807 914 919
f 923 807 919
f 808 809 848
f 808 848 854
f 810 844 809
f 844 845 809
f 809 845 848
f 811 837 810
f 837 844 810
f 815 821 811
f 821 837 811
f 812 816 815
f 814 1082 841
f 859 1101 814
f 814 1081 1082
f 814 1088 1081
f 814 1101 1088
f 816 821 815
f 816 895 821
f 816 1009 895
f 816 1011 1009
f 831 817 829
f 818 822 914
f 840 820 819
f 834 840 819
f 846 838 820
f 846 820 840
f 837 821 922
f 1005 821 895
f 924 922 821
f 1005 924 821
f 822 824 894
f 908 822 894
f 822 908 914
f 888 905 823
f 823 938 888
f 1345 823 905
f 824 830 879
f 824 879 906
f 894 824 908
f 908 824 906
f 1282 1351 825
f 875 826 918
f 918 826 925
f 826 930 925
f 826 955 930
f 866 828 827
f 858 827 839
f 858 866 827
f 866 835 828
f 829 907 831
f 887 907 829
f 878 830 832
f 906 830 878
f 879 830 906
f 834 831 852
f 831 940 852
f 831 907 940
f 832 833 898
f 901 878 832
f 832 898 899
f 901 832 899
f 833 842 851
f 833 851 893
f 833 893 898
f 882 840 834
f 852 940 834
f 933 882 834
f 940 933 834
f 876 835 866
f 876 873 835
f 931 836 923
f 837 843 844
f 843 837 868
f 868 837 922
f 858 839 838
f 858 838 846
f 846 840 882
f 841 1030 864
f 841 1002 1038
f 841 1042 1002
f 841 1038 1030
f 841 1082 1042
f 842 847 893
f 851 842 893
f 844 843 856
f 856 843 991
f 991 843 868
f 845 844 856
f 848 845 869
f 845 856 869
f 858 846 927
f 933 846 882
f 927 846 933
f 891 847 857
f 877 847 891
f 847 877 893
f 848 869 854
f 849 854 855
f 850 871 872
f 1175 850 872
f 1138 850 1175
f 862 863 853
f 854 978 855
f 854 869 986
f 854 986 978
f 855 884 861
f 855 978 884
f 856 987 869
f 856 991 987
f 891 857 889
f 889 857 1314
f 897 866 858
f 916 858 890
f 890 858 927
f 916 897 858
f 892 1000 859
f 1000 1101 859
f 860 909 904
f 861 900 862
f 861 884 900
f 863 862 975
f 862 900 975
f 865 863 967
f 863 975 967
f 864 983 867
f 983 864 1030
f 871 865 964
f 865 965 964
f 865 967 965
f 876 866 885
f 897 885 866
f 867 971 874
f 971 867 983
f 868 922 972
f 991 868 972
f 869 987 986
f 870 873 876
f 881 870 876
f 903 870 881
f 929 870 903
f 871 960 872
f 871 964 960
f 920 872 960
f 920 1175 872
f 880 874 956
f 874 971 956
f 875 918 1672
f 1239 875 1554
f 1554 875 1672
f 881 876 883
f 883 876 897
f 897 876 885
f 877 891 893
f 906 878 901
f 886 880 913
f 913 880 956
f 881 883 921
f 881 921 896
f 896 934 881
f 881 934 903
f 883 897 1013
f 921 883 1013
f 900 884 976
f 976 884 978
f 886 913 902
f 979 886 902
f 947 909 886
f 947 886 979
f 907 887 942
f 888 1015 905
f 938 1015 888
f 891 889 911
f 911 889 994
f 994 889 997
f 889 1314 997
f 916 890 917
f 917 890 927
f 941 893 891
f 941 891 911
f 893 973 898
f 941 984 893
f 984 973 893
f 1005 895 1009
f 896 921 989
f 896 1007 934
f 989 1007 896
f 897 916 996
f 1001 897 996
f 1013 897 1001
f 926 899 898
f 973 926 898
f 901 899 926
f 900 976 975
f 906 901 968
f 968 901 926
f 902 913 956
f 902 956 979
f 932 929 903
f 934 932 903
f 909 910 904
f 1015 1178 905
f 905 1178 1166
f 1345 905 1166
f 957 908 906
f 957 906 958
f 958 906 968
f 940 907 942
f 951 914 908
f 957 951 908
f 910 909 946
f 909 950 946
f 909 947 950
f 941 911 984
f 984 911 994
f 912 966 1323
f 999 912 1153
f 912 1354 1153
f 912 1323 1354
f 951 919 914
f 1094 1155 915
f 915 1232 1144
f 915 1155 1160
f 915 1160 1232
f 916 917 992
f 916 992 996
f 917 927 953
f 992 917 953
f 918 925 1722
f 1722 1672 918
f 943 923 919
f 943 919 944
f 944 919 951
f 920 960 1421
f 1213 1175 920
f 1368 1213 920
f 1368 920 1421
f 989 921 1029
f 921 1013 1029
f 922 924 972
f 931 923 943
f 972 924 1005
f 925 930 2016
f 925 1807 1722
f 925 1938 1807
f 2046 1938 925
f 2016 2046 925
f 968 926 970
f 970 926 973
f 927 933 959
f 953 927 977
f 927 959 977
f 1305 937 928
f 928 1144 1254
f 1229 928 1252
f 928 1229 1275
f 1252 928 1254
f 1305 928 1275
f 932 936 929
f 929 936 945
f 929 945 1136
f 929 1136 1165
f 929 1165 1154
f 930 955 1956
f 930 1956 1957
f 2016 930 1957
f 931 943 1095
f 966 931 1129
f 931 1095 1129
f 934 939 932
f 932 939 936
f 933 940 954
f 933 954 959
f 934 1145 939
f 1007 1145 934
f 936 939 945
f 948 937 1046
f 1157 1046 937
f 1157 937 1305
f 945 939 1257
f 939 1145 1158
f 1257 939 1158
f 940 942 949
f 954 940 949
f 943 944 1022
f 1095 943 1022
f 944 951 1023
f 1022 944 1023
f 945 1257 1136
f 950 963 946
f 947 980 950
f 947 979 980
f 1040 948 1133
f 948 1046 1157
f 1133 948 1381
f 948 1157 1364
f 948 1364 1415
f 948 1415 1381
f 954 949 962
f 950 1016 963
f 980 1028 950
f 950 1028 1016
f 951 957 961
f 951 961 1058
f 1023 951 969
f 969 951 1058
f 1313 952 1040
f 1313 1302 952
f 977 992 953
f 959 954 985
f 985 954 962
f 1043 1260 955
f 1260 1492 955
f 1956 955 1492
f 956 971 1003
f 979 956 982
f 956 1003 982
f 957 958 993
f 961 957 993
f 958 968 995
f 993 958 995
f 1019 977 959
f 959 985 1006
f 1049 959 1006
f 1019 959 1049
f 964 1109 960
f 1109 1119 960
f 1421 960 1119
f 1059 961 993
f 1058 961 1068
f 1068 961 1059
f 985 962 1146
f 1146 962 1138
f 964 965 988
f 988 1079 964
f 964 1079 1109
f 967 990 965
f 965 990 988
f 966 1129 1179
f 966 1179 1301
f 966 1301 1303
f 966 1303 1323
f 975 1090 967
f 967 1104 990
f 967 1090 1104
f 968 970 1014
f 995 968 1014
f 1023 969 1058
f 970 973 1045
f 1014 970 1045
f 971 983 1010
f 971 1010 1003
f 972 1005 991
f 1039 973 984
f 1045 973 1039
f 1011 974 1032
f 974 1031 1161
f 1032 974 1118
f 974 1132 1118
f 1132 974 1161
f 976 1090 975
f 976 978 1083
f 976 1083 1090
f 992 977 1120
f 1049 977 1019
f 977 1049 1120
f 986 1062 978
f 1062 1075 978
f 978 1075 1083
f 979 981 980
f 979 982 981
f 981 1034 980
f 980 1034 1028
f 982 1034 981
f 1003 1041 982
f 982 1037 1034
f 1041 1037 982
f 983 1012 1010
f 983 1030 1012
f 1035 984 994
f 1039 984 1035
f 1152 1006 985
f 1152 985 1146
f 987 1057 986
f 986 1057 1060
f 1060 1062 986
f 991 1055 987
f 987 1055 1057
f 988 990 1097
f 988 1105 1079
f 988 1097 1105
f 1029 1007 989
f 990 1104 1097
f 991 1005 1055
f 996 992 1120
f 993 995 1052
f 993 1052 1059
f 1026 994 997
f 1035 994 1026
f 1048 995 1014
f 1052 995 1048
f 1001 996 1134
f 996 1120 1134
f 1026 997 1024
f 997 1314 1024
f 998 1021 1000
f 998 1054 1021
f 1140 1054 998
f 1004 1036 999
f 1004 999 1153
f 1021 1112 1000
f 1000 1115 1101
f 1000 1112 1115
f 1013 1001 1018
f 1056 1018 1001
f 1056 1001 1107
f 1107 1001 1148
f 1141 1001 1134
f 1148 1001 1141
f 1002 1042 1038
f 1010 1050 1003
f 1050 1041 1003
f 1036 1004 1153
f 1005 1020 1008
f 1005 1008 1055
f 1009 1020 1005
f 1006 1084 1049
f 1207 1084 1006
f 1152 1181 1006
f 1181 1207 1006
f 1029 1145 1007
f 1055 1008 1020
f 1011 1017 1009
f 1009 1017 1020
f 1012 1053 1010
f 1053 1050 1010
f 1011 1033 1017
f 1011 1027 1025
f 1011 1025 1033
f 1011 1032 1027
f 1012 1030 1053
f 1191 1013 1018
f 1029 1013 1191
f 1048 1014 1045
f 1015 1154 1171
f 1164 1015 1171
f 1015 1164 1178
f 1016 1028 1064
f 1061 1016 1064
f 1033 1020 1017
f 1191 1018 1056
f 1033 1273 1020
f 1055 1020 1151
f 1151 1020 1249
f 1020 1273 1249
f 1021 1054 1112
f 1022 1023 1087
f 1095 1022 1087
f 1023 1058 1069
f 1023 1069 1087
f 1106 1026 1024
f 1314 1106 1024
f 1027 1350 1025
f 1025 1273 1033
f 1025 1350 1273
f 1026 1139 1035
f 1026 1106 1139
f 1032 1299 1027
f 1027 1299 1350
f 1067 1028 1034
f 1028 1067 1064
f 1029 1247 1145
f 1029 1191 1247
f 1038 1044 1030
f 1030 1044 1063
f 1030 1063 1053
f 1161 1031 1224
f 1224 1031 1261
f 1031 1239 1261
f 1032 1118 1299
f 1047 1034 1037
f 1067 1034 1047
f 1039 1035 1135
f 1035 1163 1135
f 1139 1163 1035
f 1036 1153 1094
f 1037 1041 1074
f 1067 1047 1037
f 1067 1037 1070
f 1070 1037 1074
f 1042 1065 1038
f 1038 1063 1044
f 1038 1065 1063
f 1045 1039 1197
f 1039 1135 1197
f 1379 1040 1133
f 1379 1313 1040
f 1041 1050 1078
f 1041 1078 1074
f 1042 1066 1065
f 1042 1085 1066
f 1082 1085 1042
f 1043 1051 1260
f 1048 1045 1236
f 1045 1197 1244
f 1045 1244 1236
f 1048 1236 1052
f 1206 1049 1084
f 1120 1049 1203
f 1203 1049 1206
f 1050 1053 1073
f 1078 1050 1072
f 1072 1050 1080
f 1050 1073 1080
f 1051 1450 1260
f 1051 1279 1450
f 1052 1218 1059
f 1052 1236 1218
f 1053 1063 1080
f 1073 1053 1080
f 1054 1126 1112
f 1137 1126 1054
f 1054 1140 1137
f 1055 1060 1057
f 1060 1055 1230
f 1055 1151 1230
f 1191 1056 1107
f 1069 1058 1068
f 1059 1208 1068
f 1059 1218 1208
f 1062 1060 1162
f 1060 1241 1162
f 1060 1230 1241
f 1061 1064 1071
f 1113 1061 1071
f 1127 1061 1113
f 1061 1127 1128
f 1075 1062 1076
f 1076 1062 1162
f 1063 1065 1077
f 1063 1077 1089
f 1063 1089 1080
f 1064 1067 1124
f 1071 1064 1125
f 1064 1124 1125
f 1092 1065 1066
f 1092 1077 1065
f 1066 1085 1086
f 1096 1066 1086
f 1092 1066 1093
f 1066 1096 1093
f 1124 1067 1070
f 1068 1177 1069
f 1068 1208 1177
f 1087 1069 1116
f 1116 1069 1173
f 1173 1069 1177
f 1070 1074 1122
f 1123 1070 1122
f 1124 1070 1123
f 1113 1071 1125
f 1072 1080 1078
f 1074 1078 1121
f 1074 1121 1122
f 1075 1076 1241
f 1075 1215 1083
f 1215 1075 1237
f 1237 1075 1241
f 1076 1162 1241
f 1077 1091 1089
f 1091 1077 1092
f 1078 1080 1117
f 1078 1117 1121
f 1105 1109 1079
f 1080 1089 1111
f 1080 1111 1117
f 1081 1088 1082
f 1099 1085 1082
f 1088 1099 1082
f 1090 1083 1170
f 1170 1083 1215
f 1206 1084 1207
f 1086 1085 1100
f 1085 1099 1100
f 1086 1100 1096
f 1087 1114 1095
f 1114 1087 1167
f 1087 1116 1167
f 1101 1099 1088
f 1089 1091 1110
f 1089 1110 1111
f 1104 1090 1192
f 1192 1090 1170
f 1091 1092 1110
f 1092 1093 1098
f 1092 1098 1108
f 1110 1092 1108
f 1093 1096 1098
f 1153 1263 1094
f 1094 1263 1155
f 1102 1095 1114
f 1095 1102 1156
f 1095 1156 1129
f 1098 1096 1108
f 1096 1100 1103
f 1096 1103 1108
f 1104 1105 1097
f 1099 1101 1100
f 1100 1101 1103
f 1101 1131 1103
f 1101 1115 1131
f 1102 1114 1167
f 1102 1167 1156
f 1108 1103 1214
f 1103 1131 1216
f 1103 1216 1214
f 1105 1104 1225
f 1104 1192 1228
f 1104 1228 1225
f 1109 1105 1222
f 1105 1225 1222
f 1204 1139 1106
f 1200 1204 1106
f 1464 1200 1106
f 1383 1106 1314
f 1383 1435 1106
f 1464 1106 1435
f 1107 1148 1191
f 1159 1110 1108
f 1159 1108 1199
f 1199 1108 1214
f 1119 1109 1217
f 1217 1109 1222
f 1199 1111 1110
f 1199 1110 1159
f 1111 1143 1117
f 1143 1111 1199
f 1112 1219 1115
f 1126 1333 1112
f 1112 1333 1219
f 1113 1125 1127
f 1115 1219 1131
f 1167 1116 1173
f 1121 1117 1189
f 1117 1143 1193
f 1117 1193 1189
f 1118 1132 1299
f 1421 1119 1217
f 1120 1202 1134
f 1202 1120 1168
f 1168 1120 1203
f 1121 1188 1122
f 1121 1189 1188
f 1122 1130 1123
f 1122 1188 1130
f 1124 1123 1183
f 1123 1130 1142
f 1123 1142 1183
f 1125 1124 1183
f 1125 1149 1127
f 1149 1125 1183
f 1137 1140 1126
f 1140 1333 1126
f 1128 1127 1174
f 1127 1149 1176
f 1127 1176 1174
f 1128 1174 1172
f 1129 1156 1169
f 1129 1169 1287
f 1179 1129 1271
f 1271 1129 1268
f 1129 1292 1268
f 1129 1287 1292
f 1130 1186 1142
f 1130 1187 1186
f 1130 1188 1187
f 1131 1219 1216
f 1132 1161 1299
f 1379 1133 1381
f 1141 1134 1147
f 1134 1198 1147
f 1202 1198 1134
f 1135 1163 1197
f 1344 1165 1136
f 1136 1257 1344
f 1212 1146 1138
f 1175 1212 1138
f 1163 1139 1274
f 1204 1285 1139
f 1139 1285 1274
f 1140 1321 1330
f 1140 1330 1333
f 1185 1141 1147
f 1148 1141 1184
f 1184 1141 1150
f 1185 1150 1141
f 1183 1142 1186
f 1143 1199 1193
f 1144 1232 1289
f 1144 1265 1254
f 1144 1267 1265
f 1144 1270 1267
f 1144 1289 1270
f 1158 1145 1257
f 1145 1247 1257
f 1210 1152 1146
f 1210 1146 1212
f 1198 1185 1147
f 1194 1148 1184
f 1191 1148 1194
f 1149 1183 1176
f 1184 1150 1185
f 1230 1151 1249
f 1209 1181 1152
f 1210 1209 1152
f 1153 1424 1263
f 1354 1371 1153
f 1153 1371 1410
f 1153 1410 1424
f 1154 1165 1201
f 1154 1201 1171
f 1160 1155 1232
f 1155 1263 1232
f 1328 1156 1167
f 1169 1156 1182
f 1328 1182 1156
f 1416 1157 1305
f 1364 1157 1422
f 1422 1157 1416
f 1161 1224 1439
f 1299 1161 1439
f 1163 1238 1197
f 1163 1255 1238
f 1163 1274 1255
f 1164 1171 1283
f 1178 1164 1250
f 1250 1164 1283
f 1201 1165 1344
f 1178 1356 1166
f 1166 1356 1345
f 1167 1173 1325
f 1325 1328 1167
f 1202 1168 1203
f 1169 1182 1334
f 1287 1169 1334
f 1192 1170 1231
f 1170 1215 1235
f 1170 1235 1231
f 1171 1201 1344
f 1171 1367 1283
f 1171 1344 1367
f 1174 1190 1172
f 1173 1177 1281
f 1173 1281 1325
f 1176 1258 1174
f 1174 1294 1190
f 1258 1293 1174
f 1293 1294 1174
f 1212 1175 1213
f 1183 1277 1176
f 1176 1277 1258
f 1177 1208 1322
f 1281 1177 1322
f 1178 1250 1353
f 1178 1353 1356
f 1179 1271 1284
f 1301 1179 1284
f 1180 1243 1291
f 1207 1181 1209
f 1334 1182 1328
f 1186 1266 1183
f 1266 1277 1183
f 1195 1184 1185
f 1194 1184 1195
f 1195 1185 1196
f 1196 1185 1198
f 1187 1205 1186
f 1186 1205 1266
f 1188 1205 1187
f 1188 1189 1262
f 1188 1262 1205
f 1193 1245 1189
f 1189 1245 1253
f 1189 1253 1262
f 1191 1194 1276
f 1191 1326 1247
f 1297 1191 1276
f 1191 1297 1298
f 1326 1191 1298
f 1192 1231 1228
f 1199 1242 1193
f 1242 1245 1193
f 1286 1194 1195
f 1444 1276 1194
f 1444 1194 1286
f 1195 1196 1286
f 1256 1196 1198
f 1286 1196 1256
f 1197 1238 1255
f 1197 1255 1244
f 1198 1202 1248
f 1432 1198 1248
f 1256 1198 1432
f 1199 1214 1242
f 1204 1200 1211
f 1464 1211 1200
f 1202 1203 1248
f 1203 1206 1240
f 1248 1203 1240
f 1259 1204 1211
f 1285 1204 1259
f 1205 1262 1264
f 1264 1266 1205
f 1206 1207 1365
f 1240 1206 1359
f 1359 1206 1365
f 1207 1209 1380
f 1365 1207 1413
f 1207 1380 1413
f 1208 1218 1318
f 1322 1208 1318
f 1209 1210 1234
f 1380 1209 1234
f 1210 1212 1226
f 1234 1210 1226
f 1464 1259 1211
f 1373 1212 1213
f 1226 1212 1373
f 1373 1213 1368
f 1214 1216 1220
f 1214 1220 1233
f 1214 1233 1242
f 1215 1237 1235
f 1219 1227 1216
f 1216 1227 1220
f 1217 1222 1221
f 1217 1221 1465
f 1421 1217 1465
f 1218 1236 1308
f 1318 1218 1308
f 1219 1406 1227
f 1219 1333 1406
f 1227 1233 1220
f 1223 1221 1222
f 1223 1272 1221
f 1465 1221 1272
f 1324 1223 1222
f 1320 1222 1225
f 1320 1324 1222
f 1324 1272 1223
f 1439 1224 1261
f 1315 1225 1228
f 1320 1225 1315
f 1234 1226 1380
f 1378 1226 1373
f 1380 1226 1378
f 1227 1246 1233
f 1246 1227 1405
f 1227 1406 1405
f 1251 1228 1231
f 1312 1228 1251
f 1315 1228 1312
f 1229 1252 1317
f 1275 1229 1317
f 1230 1249 1241
f 1309 1231 1235
f 1312 1251 1231
f 1309 1312 1231
f 1232 1263 1511
f 1289 1232 1348
f 1348 1232 1511
f 1233 1311 1242
f 1233 1246 1310
f 1233 1310 1311
f 1237 1309 1235
f 1236 1244 1306
f 1236 1306 1308
f 1241 1307 1237
f 1307 1309 1237
f 1261 1239 1331
f 1331 1239 1363
f 1239 1446 1363
f 1239 1522 1446
f 1239 1554 1522
f 1248 1240 1316
f 1316 1240 1428
f 1428 1240 1359
f 1304 1241 1249
f 1304 1307 1241
f 1357 1245 1242
f 1242 1311 1375
f 1242 1375 1357
f 1278 1418 1243
f 1243 1418 1291
f 1244 1255 1300
f 1306 1244 1300
f 1245 1397 1253
f 1245 1357 1399
f 1245 1399 1397
f 1310 1246 1405
f 1247 1280 1257
f 1247 1414 1280
f 1247 1326 1329
f 1329 1346 1247
f 1247 1346 1414
f 1428 1248 1316
f 1432 1248 1428
f 1295 1249 1273
f 1295 1304 1249
f 1353 1250 1283
f 1252 1254 1317
f 1262 1253 1395
f 1253 1396 1395
f 1253 1397 1396
f 1254 1265 1619
f 1254 1619 1317
f 1255 1274 1290
f 1300 1255 1290
f 1286 1256 1444
f 1444 1256 1432
f 1257 1280 1344
f 1277 1293 1258
f 1259 1288 1285
f 1464 1288 1259
f 1450 1492 1260
f 1261 1331 1608
f 1439 1261 1608
f 1264 1262 1393
f 1262 1395 1393
f 1263 1424 1437
f 1437 1458 1263
f 1511 1263 1458
f 1266 1264 1393
f 1619 1265 1267
f 1277 1266 1269
f 1269 1266 1393
f 1267 1270 1615
f 1267 1615 1619
f 1271 1268 1455
f 1268 1292 1455
f 1277 1269 1391
f 1269 1393 1391
f 1270 1289 1582
f 1582 1615 1270
f 1271 1455 1284
f 1272 1324 1636
f 1465 1272 1536
f 1272 1581 1536
f 1272 1614 1581
f 1614 1272 1636
f 1295 1273 1456
f 1273 1350 1470
f 1273 1470 1456
f 1274 1285 1290
f 1305 1275 1317
f 1297 1276 1319
f 1319 1276 1444
f 1382 1293 1277
f 1347 1382 1277
f 1277 1390 1347
f 1277 1391 1390
f 1351 1418 1278
f 1279 1302 1492
f 1279 1492 1450
f 1344 1280 1384
f 1280 1528 1384
f 1280 1414 1505
f 1280 1505 1540
f 1280 1549 1528
f 1280 1540 1545
f 1280 1545 1549
f 1327 1281 1322
f 1325 1281 1327
f 1345 1351 1282
f 1353 1283 1376
f 1283 1367 1407
f 1283 1407 1376
f 1301 1284 1507
f 1284 1455 1507
f 1285 1288 1343
f 1290 1285 1342
f 1342 1285 1343
f 1287 1334 1292
f 1464 1343 1288
f 1289 1348 1440
f 1289 1440 1548
f 1289 1548 1582
f 1290 1332 1300
f 1332 1290 1342
f 1296 1291 1418
f 1292 1334 1455
f 1294 1293 1314
f 1314 1293 1382
f 1449 1304 1295
f 1449 1295 1456
f 1321 1296 1352
f 1352 1296 1418
f 1298 1297 1459
f 1459 1297 1319
f 1326 1298 1459
f 1350 1299 1539
f 1299 1439 1539
f 1306 1300 1341
f 1300 1332 1342
f 1300 1342 1341
f 1303 1301 1691
f 1301 1507 1691
f 1302 1313 1627
f 1492 1302 1591
f 1302 1627 1591
f 1323 1303 1691
f 1304 1349 1307
f 1304 1394 1349
f 1394 1304 1449
f 1305 1317 1576
f 1416 1305 1576
f 1308 1306 1340
f 1306 1341 1340
f 1309 1307 1443
f 1307 1349 1448
f 1307 1448 1443
f 1308 1339 1318
f 1308 1340 1339
f 1312 1309 1443
f 1311 1310 1404
f 1310 1405 1404
f 1375 1311 1401
f 1311 1404 1401
f 1315 1312 1433
f 1312 1443 1433
f 1627 1313 1379
f 1314 1382 1387
f 1314 1387 1383
f 1320 1315 1408
f 1408 1315 1431
f 1431 1315 1433
f 1317 1623 1576
f 1317 1619 1623
f 1318 1338 1322
f 1318 1339 1338
f 1319 1444 1459
f 1324 1320 1429
f 1320 1408 1429
f 1330 1321 1352
f 1327 1322 1336
f 1322 1337 1336
f 1322 1338 1337
f 1354 1323 1691
f 1324 1429 1425
f 1324 1425 1636
f 1325 1327 1328
f 1326 1482 1329
f 1482 1326 1459
f 1328 1327 1335
f 1335 1327 1336
f 1328 1335 1334
f 1329 1482 1346
f 1330 1352 1333
f 1331 1363 1608
f 1333 1352 1555
f 1333 1475 1406
f 1333 1499 1475
f 1333 1530 1499
f 1530 1333 1555
f 1334 1335 1360
f 1334 1360 1498
f 1334 1501 1455
f 1334 1498 1501
f 1360 1335 1336
f 1358 1336 1337
f 1362 1336 1358
f 1360 1336 1362
f 1337 1338 1355
f 1369 1337 1355
f 1369 1358 1337
f 1377 1338 1339
f 1370 1355 1338
f 1377 1370 1338
f 1372 1339 1340
f 1377 1339 1372
f 1386 1340 1341
f 1386 1372 1340
f 1403 1341 1342
f 1386 1341 1403
f 1342 1343 1398
f 1398 1403 1342
f 1420 1398 1343
f 1420 1343 1412
f 1464 1412 1343
f 1344 1384 1367
f 1361 1351 1345
f 1345 1356 1361
f 1346 1482 1414
f 1389 1382 1347
f 1389 1347 1390
f 1440 1348 1511
f 1349 1394 1448
f 1561 1470 1350
f 1561 1350 1539
f 1361 1374 1351
f 1374 1418 1351
f 1352 1418 1385
f 1555 1352 1385
f 1376 1356 1353
f 1354 1691 1371
f 1369 1355 1370
f 1356 1366 1361
f 1356 1376 1366
f 1357 1375 1400
f 1357 1400 1399
f 1362 1358 1369
f 1359 1365 1417
f 1359 1417 1419
f 1428 1359 1419
f 1360 1362 1497
f 1360 1497 1498
f 1366 1374 1361
f 1362 1369 1423
f 1496 1362 1423
f 1362 1496 1497
f 1363 1446 1608
f 1415 1364 1436
f 1364 1422 1436
f 1417 1365 1413
f 1374 1366 1376
f 1517 1367 1384
f 1367 1517 1407
f 1373 1368 1447
f 1465 1368 1421
f 1447 1368 1465
f 1369 1370 1495
f 1423 1369 1495
f 1484 1370 1377
f 1370 1484 1495
f 1371 1691 1410
f 1377 1372 1386
f 1531 1378 1373
f 1536 1373 1447
f 1536 1531 1373
f 1374 1376 1392
f 1374 1392 1418
f 1375 1401 1400
f 1392 1376 1407
f 1377 1386 1491
f 1484 1377 1493
f 1377 1491 1493
f 1380 1378 1454
f 1485 1454 1378
f 1531 1485 1378
f 1379 1381 1453
f 1451 1379 1453
f 1653 1379 1451
f 1627 1379 1653
f 1483 1413 1380
f 1454 1525 1380
f 1524 1483 1380
f 1525 1524 1380
f 1381 1415 1684
f 1381 1684 1453
f 1382 1388 1387
f 1382 1389 1388
f 1383 1387 1467
f 1435 1383 1523
f 1526 1383 1467
f 1383 1526 1523
f 1384 1528 1517
f 1385 1418 1503
f 1555 1385 1503
f 1386 1403 1488
f 1491 1386 1488
f 1388 1445 1387
f 1387 1445 1542
f 1467 1387 1542
f 1388 1389 1445
f 1390 1409 1389
f 1389 1409 1445
f 1390 1391 1409
f 1393 1518 1391
f 1391 1518 1409
f 1402 1392 1411
f 1392 1402 1418
f 1411 1392 1407
f 1393 1395 1466
f 1393 1466 1518
f 1394 1449 1448
f 1395 1396 1426
f 1395 1426 1466
f 1396 1397 1427
f 1396 1427 1426
f 1397 1399 1427
f 1403 1398 1420
f 1568 1399 1400
f 1427 1399 1568
f 1400 1401 1434
f 1568 1400 1434
f 1404 1462 1401
f 1434 1401 1521
f 1401 1462 1521
f 1402 1411 1418
f 1403 1420 1489
f 1488 1403 1490
f 1490 1403 1489
f 1405 1580 1404
f 1404 1463 1462
f 1463 1404 1580
f 1406 1452 1405
f 1405 1452 1580
f 1406 1469 1452
f 1406 1468 1469
f 1475 1468 1406
f 1407 1570 1411
f 1517 1605 1407
f 1407 1605 1570
f 1408 1431 1429
f 1445 1409 1542
f 1409 1518 1546
f 1542 1409 1546
f 1424 1410 1613
f 1410 1837 1613
f 1410 1691 1837
f 1411 1570 1418
f 1464 1420 1412
f 1417 1413 1430
f 1483 1430 1413
f 1414 1482 1505
f 1415 1436 1509
f 1415 1509 1729
f 1684 1415 1729
f 1422 1416 1576
f 1438 1419 1417
f 1438 1417 1430
f 1418 1570 1503
f 1460 1428 1419
f 1460 1419 1438
f 1464 1535 1420
f 1420 1535 1489
f 1436 1422 1543
f 1422 1576 1543
f 1496 1423 1495
f 1437 1424 1458
f 1424 1613 1458
f 1425 1429 1442
f 1425 1442 1480
f 1425 1480 1481
f 1425 1481 1486
f 1636 1425 1486
f 1426 1427 1504
f 1466 1426 1557
f 1426 1504 1533
f 1564 1426 1533
f 1557 1426 1564
f 1504 1427 1568
f 1500 1432 1428
f 1510 1428 1460
f 1502 1500 1428
f 1502 1428 1510
f 1429 1431 1479
f 1442 1429 1479
f 1438 1430 1515
f 1519 1430 1483
f 1515 1430 1519
f 1431 1433 1441
f 1479 1431 1441
f 1473 1444 1432
f 1473 1432 1500
f 1441 1433 1478
f 1477 1433 1443
f 1433 1477 1478
f 1434 1521 1574
f 1568 1434 1574
f 1464 1435 1523
f 1436 1543 1509
f 1487 1460 1438
f 1487 1438 1515
f 1539 1439 1608
f 1440 1511 1548
f 1441 1478 1479
f 1480 1442 1479
f 1443 1448 1474
f 1461 1443 1474
f 1477 1443 1461
f 1459 1444 1473
f 1446 1522 1608
f 1536 1447 1465
f 1448 1449 1472
f 1448 1472 1474
f 1449 1456 1472
f 1451 1453 1653
f 1469 1589 1452
f 1452 1589 1580
f 1453 1684 1653
f 1525 1454 1485
f 1455 1501 1673
f 1507 1455 1673
f 1457 1456 1471
f 1472 1456 1457
f 1456 1470 1471
f 1457 1471 1472
f 1511 1458 1559
f 1559 1458 1613
f 1459 1473 1556
f 1596 1482 1459
f 1459 1556 1600
f 1459 1600 1596
f 1513 1460 1487
f 1510 1460 1513
f 1461 1474 1476
f 1461 1476 1477
f 1462 1463 1521
f 1521 1463 1565
f 1565 1463 1580
f 1464 1523 1572
f 1464 1652 1535
f 1464 1572 1599
f 1464 1599 1652
f 1518 1466 1547
f 1547 1466 1557
f 1467 1542 1526
f 1468 1589 1469
f 1475 1589 1468
f 1470 1512 1471
f 1470 1516 1512
f 1470 1707 1516
f 1470 1561 1687
f 1721 1470 1687
f 1470 1742 1707
f 1470 1721 1803
f 1742 1470 1758
f 1470 1788 1758
f 1470 1803 1788
f 1472 1471 1529
f 1471 1512 1516
f 1529 1471 1516
f 1472 1529 1474
f 1473 1500 1514
f 1556 1473 1514
f 1474 1506 1476
f 1474 1529 1506
f 1499 1566 1475
f 1566 1589 1475
f 1476 1538 1477
f 1476 1506 1537
f 1537 1538 1476
f 1477 1520 1478
f 1477 1538 1520
f 1478 1552 1479
f 1520 1541 1478
f 1541 1550 1478
f 1478 1550 1552
f 1479 1558 1480
f 1479 1552 1558
f 1480 1486 1481
f 1480 1558 1486
f 1505 1482 1545
f 1482 1663 1545
f 1596 1663 1482
f 1519 1483 1524
f 1494 1484 1493
f 1484 1494 1495
f 1525 1485 1531
f 1486 1558 1560
f 1636 1486 1560
f 1513 1487 1515
f 1488 1490 1491
f 1490 1489 1535
f 1706 1491 1490
f 1583 1490 1535
f 1583 1706 1490
f 1626 1493 1491
f 1706 1626 1491
f 1492 1586 1585
f 1492 1585 1926
f 1492 1591 1586
f 1492 1926 1952
f 1956 1492 1952
f 1494 1493 1508
f 1639 1508 1493
f 1626 1651 1493
f 1639 1493 1651
f 1618 1495 1494
f 1553 1494 1508
f 1618 1494 1553
f 1611 1496 1495
f 1611 1495 1603
f 1618 1603 1495
f 1584 1497 1496
f 1584 1496 1611
f 1578 1498 1497
f 1578 1497 1584
f 1501 1498 1562
f 1562 1498 1534
f 1578 1534 1498
f 1499 1530 1566
f 1500 1502 1532
f 1514 1500 1601
f 1601 1500 1532
f 1501 1562 1577
f 1501 1577 1724
f 1673 1501 1824
f 1501 1724 1809
f 1501 1809 1824
f 1502 1510 1571
f 1532 1502 1571
f 1503 1616 1555
f 1616 1503 1570
f 1533 1504 1564
f 1504 1568 1564
f 1540 1505 1545
f 1529 1537 1506
f 1507 1673 1691
f 1639 1553 1508
f 1509 1543 1587
f 1757 1509 1587
f 1729 1509 1757
f 1510 1513 1604
f 1571 1510 1588
f 1588 1510 1602
f 1602 1510 1604
f 1548 1511 1617
f 1511 1559 1563
f 1511 1563 1659
f 1617 1511 1659
f 1604 1513 1515
f 1556 1514 1601
f 1515 1519 1607
f 1604 1515 1607
f 1516 1640 1529
f 1516 1726 1640
f 1516 1707 1716
f 1516 1716 1731
f 1516 1730 1726
f 1516 1731 1730
f 1528 1551 1517
f 1551 1567 1517
f 1517 1567 1605
f 1546 1518 1547
f 1575 1519 1524
f 1607 1519 1575
f 1538 1541 1520
f 1521 1565 1574
f 1522 1554 1608
f 1523 1526 1572
f 1524 1525 1527
f 1610 1524 1527
f 1575 1524 1610
f 1527 1525 1612
f 1612 1525 1531
f 1526 1542 1598
f 1572 1526 1599
f 1599 1526 1598
f 1527 1612 1610
f 1528 1549 1551
f 1537 1529 1715
f 1632 1529 1674
f 1529 1632 1715
f 1529 1640 1674
f 1530 1555 1566
f 1531 1536 1581
f 1612 1531 1581
f 1571 1601 1532
f 1562 1534 1578
f 1535 1652 1583
f 1538 1537 1544
f 1544 1537 1710
f 1537 1715 1710
f 1538 1710 1541
f 1538 1544 1710
f 1561 1539 1825
f 1539 1608 1794
f 1799 1539 1794
f 1825 1539 1799
f 1550 1541 1644
f 1644 1541 1699
f 1541 1710 1699
f 1598 1542 1546
f 1543 1576 1587
f 1549 1545 1628
f 1545 1660 1628
f 1545 1663 1660
f 1546 1547 1557
f 1546 1557 1573
f 1597 1546 1573
f 1598 1546 1597
f 1582 1548 1617
f 1551 1549 1567
f 1549 1638 1567
f 1549 1628 1685
f 1638 1549 1685
f 1552 1550 1698
f 1698 1550 1644
f 1558 1552 1635
f 1552 1634 1689
f 1634 1552 1698
f 1635 1552 1689
f 1618 1553 1639
f 1608 1554 1887
f 1554 1672 1938
f 1554 1938 1887
f 1555 1579 1566
f 1555 1616 1579
f 1556 1601 1600
f 1569 1557 1564
f 1557 1569 1595
f 1573 1557 1597
f 1557 1595 1597
f 1560 1558 1683
f 1558 1635 1683
f 1559 1613 1563
f 1671 1636 1560
f 1671 1560 1683
f 1561 1678 1687
f 1561 1804 1678
f 1561 1829 1804
f 1561 1825 1829
f 1562 1793 1577
f 1578 1793 1562
f 1659 1563 1613
f 1594 1564 1568
f 1595 1569 1564
f 1595 1564 1594
f 1565 1580 1574
f 1566 1579 1891
f 1566 1713 1589
f 1566 1886 1713
f 1566 1891 1886
f 1567 1638 1605
f 1568 1574 1592
f 1593 1568 1592
f 1594 1568 1593
f 1605 1646 1570
f 1654 1616 1570
f 1646 1787 1570
f 1654 1570 1751
f 1570 1787 1751
f 1601 1571 1588
f 1592 1574 1580
f 1607 1575 1609
f 1575 1610 1609
f 1587 1576 1620
f 1620 1576 1629
f 1576 1623 1812
f 1629 1576 1889
f 1576 1812 1834
f 1576 1834 1869
f 1576 1869 1879
f 1889 1576 1879
f 1577 1808 1724
f 1808 1577 1793
f 1578 1584 1647
f 1719 1578 1647
f 1719 1793 1578
f 1616 1666 1579
f 1579 1666 1806
f 1891 1579 1806
f 1580 1589 1590
f 1592 1580 1590
f 1614 1612 1581
f 1615 1582 1617
f 1583 1648 1746
f 1648 1583 1965
f 1583 1652 1655
f 1768 1583 1655
f 1746 1706 1583
f 1965 1583 1768
f 1584 1611 1785
f 1647 1584 1790
f 1790 1584 1785
f 1585 1586 1642
f 1585 1642 1926
f 1926 1586 1591
f 1642 1586 1926
f 1629 1587 1620
f 1862 1587 1629
f 1757 1587 1852
f 1852 1587 1862
f 1588 1602 1601
f 1590 1589 1709
f 1589 1713 1709
f 1592 1590 1694
f 1694 1590 1709
f 1627 1814 1591
f 1591 1814 1926
f 1592 1633 1593
f 1633 1592 1694
f 1594 1593 1681
f 1593 1633 1645
f 1593 1645 1690
f 1593 1690 1681
f 1595 1594 1677
f 1594 1681 1677
f 1597 1595 1670
f 1670 1595 1677
f 1679 1596 1600
f 1686 1663 1596
f 1686 1596 1679
f 1606 1598 1597
f 1597 1631 1606
f 1631 1597 1670
f 1599 1598 1652
f 1598 1606 1655
f 1652 1598 1655
f 1637 1600 1601
f 1669 1600 1637
f 1679 1600 1669
f 1602 1669 1601
f 1669 1637 1601
f 1604 1665 1602
f 1665 1669 1602
f 1611 1603 1618
f 1664 1604 1607
f 1664 1665 1604
f 1638 1646 1605
f 1606 1631 1668
f 1655 1606 1668
f 1641 1607 1609
f 1641 1664 1607
f 1661 1608 1675
f 1703 1608 1661
f 1608 1701 1675
f 1608 1887 1701
f 1794 1608 1703
f 1621 1609 1610
f 1657 1609 1621
f 1658 1641 1609
f 1657 1658 1609
f 1612 1656 1610
f 1610 1656 1621
f 1611 1618 1624
f 1611 1624 1784
f 1611 1784 1785
f 1622 1612 1614
f 1622 1656 1612
f 1659 1613 1851
f 1613 1837 1851
f 1622 1614 1636
f 1615 1617 1625
f 1615 1625 1619
f 1666 1616 1654
f 1617 1630 1625
f 1617 1659 1630
f 1624 1618 1784
f 1618 1639 1784
f 1619 1625 1623
f 1656 1657 1621
f 1636 1650 1622
f 1622 1650 1656
f 1623 1625 1958
f 1812 1623 1958
f 1625 1630 1643
f 1625 1643 1958
f 1651 1626 1706
f 1627 1653 1802
f 1627 1802 1814
f 1628 1660 1704
f 1628 1747 1685
f 1628 1704 1734
f 1628 1734 1747
f 1862 1629 1889
f 1630 1781 1643
f 1630 1659 1777
f 1777 1781 1630
f 1631 1670 1668
f 1632 1674 1717
f 1632 1717 1715
f 1645 1633 1693
f 1693 1633 1694
f 1634 1698 1689
f 1683 1635 1688
f 1635 1689 1688
f 1650 1636 1649
f 1671 1649 1636
f 1638 1662 1646
f 1662 1638 1685
f 1639 1651 1667
f 1772 1639 1667
f 1639 1772 1784
f 1674 1640 1726
f 1664 1641 1658
f 1643 1781 1913
f 1643 1913 1935
f 1643 1935 1954
f 1958 1643 1954
f 1644 1699 1698
f 1645 1693 1690
f 1646 1662 1696
f 1646 1696 1787
f 1719 1647 1790
f 1648 1733 1746
f 1648 2017 1733
f 1965 2004 1648
f 1648 2004 2017
f 1650 1649 1714
f 1714 1649 1671
f 1656 1650 1697
f 1697 1650 1823
f 1823 1650 1714
f 1667 1651 1711
f 1651 1706 1770
f 1711 1651 1770
f 1653 1684 1773
f 1653 1773 1789
f 1802 1653 1789
f 1654 1676 1666
f 1654 1705 1676
f 1654 1751 1705
f 1754 1655 1668
f 1655 1754 1768
f 1657 1656 1692
f 1854 1692 1656
f 1854 1656 1697
f 1658 1657 1700
f 1657 1692 1700
f 1664 1658 1885
f 1658 1700 1871
f 1658 1871 1885
f 1659 1851 1777
f 1660 1663 1704
f 1675 1703 1661
f 1662 1685 1702
f 1696 1662 1712
f 1662 1702 1712
f 1686 1817 1663
f 1663 1907 1704
f 1817 1850 1663
f 1663 1850 1853
f 1663 1853 1907
f 1665 1664 1800
f 1800 1664 1885
f 1669 1665 1903
f 1665 1800 1885
f 1903 1665 1885
f 1666 1676 1826
f 1695 1666 1826
f 1875 1666 1695
f 1806 1666 1875
f 1667 1711 1772
f 1744 1668 1670
f 1754 1668 1744
f 1821 1679 1669
f 1840 1821 1669
f 1840 1669 1909
f 1909 1669 1903
f 1682 1670 1677
f 1744 1670 1682
f 1671 1683 1680
f 1980 1671 1680
f 1714 1671 1815
f 1815 1671 1980
f 1938 1672 1722
f 1691 1673 2001
f 1673 1824 2049
f 1673 2049 2001
f 1674 1726 1717
f 1675 1701 1887
f 2159 1703 1675
f 2436 1675 1887
f 2159 1675 2436
f 1676 1705 1818
f 1676 1818 1826
f 1740 1677 1681
f 1682 1677 1749
f 1749 1677 1740
f 1687 1678 1804
f 1686 1679 1708
f 1708 1679 1819
f 1819 1679 1866
f 1866 1679 1821
f 1680 1683 1766
f 1680 1766 1980
f 1681 1690 1728
f 1737 1681 1728
f 1740 1681 1737
f 1749 1744 1682
f 1683 1688 1764
f 1765 1683 1764
f 1766 1683 1765
f 1773 1684 1729
f 1685 1767 1702
f 1685 1747 1767
f 1795 1686 1708
f 1686 1795 1796
f 1801 1686 1796
f 1801 1817 1686
f 1721 1687 1836
f 1687 1804 1836
f 1688 1689 1718
f 1764 1688 1718
f 1689 1698 1738
f 1718 1689 1738
f 1690 1693 1728
f 1837 1691 2151
f 1691 2001 2151
f 1700 1692 1860
f 1860 1692 1854
f 1727 1693 1694
f 1728 1693 1727
f 1694 1709 1725
f 1727 1694 1725
f 1875 1695 1826
f 1696 1712 1752
f 1696 1752 1787
f 1832 1697 1823
f 1832 1854 1697
f 1698 1699 1760
f 1738 1698 1760
f 1699 1710 1759
f 1739 1699 1759
f 1760 1699 1739
f 1700 1860 1871
f 1712 1702 1771
f 1702 1767 1771
f 1786 1794 1703
f 1786 1703 2159
f 1704 1898 1734
f 1898 1704 1928
f 1704 1907 1928
f 1775 1705 1751
f 1705 1775 1798
f 1705 1798 1818
f 1706 1746 1753
f 1770 1706 1753
f 1707 1748 1716
f 1742 1748 1707
f 1795 1708 1819
f 1709 1713 1720
f 1725 1709 1720
f 1710 1715 1756
f 1710 1756 1759
f 1711 1770 1772
f 1712 1741 1752
f 1741 1712 1771
f 1713 1830 1720
f 1713 1900 1830
f 1886 2119 1713
f 1900 1713 1973
f 1973 1713 2114
f 1713 2119 2114
f 1823 1714 1815
f 1715 1717 1723
f 1756 1715 1723
f 1716 1748 1731
f 1723 1717 1755
f 1717 1726 1755
f 1762 1718 1738
f 1763 1718 1762
f 1764 1718 1763
f 1793 1719 1790
f 1725 1720 1966
f 1720 1830 2104
f 1966 1720 2010
f 2010 1720 2104
f 1721 1836 1803
f 1807 1938 1722
f 1723 1755 1756
f 1724 1808 1809
f 1725 1769 1727
f 1769 1725 1966
f 1726 1730 1745
f 1755 1726 1745
f 1728 1727 1855
f 1727 1769 1855
f 1736 1728 1855
f 1728 1736 2078
f 1737 1728 1945
f 1945 1728 2078
f 1729 1757 1780
f 1773 1729 1827
f 1833 1729 1780
f 1827 1729 1833
f 1730 1731 1732
f 1745 1730 1732
f 1732 1731 1750
f 1731 1748 1750
f 1745 1732 1750
f 1733 1743 1746
f 2017 1743 1733
f 1734 1735 1783
f 1839 1735 1734
f 1734 1783 1747
f 1839 1734 1868
f 1734 1898 1868
f 1735 1839 1783
f 2082 1736 1855
f 2078 1736 2082
f 1737 1841 1740
f 1841 1737 1882
f 1882 1737 1945
f 1738 1760 1762
f 1760 1739 1759
f 1749 1740 1977
f 1740 1841 1896
f 1740 1896 1977
f 1752 1741 1771
f 1742 1758 1748
f 1746 1743 1761
f 2017 1761 1743
f 1754 1744 1749
f 1755 1745 1750
f 1753 1746 1805
f 1908 1746 1761
f 1805 1746 1897
f 1897 1746 1908
f 1747 1831 1767
f 1747 1783 1831
f 1748 1779 1750
f 1748 1758 1776
f 1748 1776 1846
f 1779 1748 1846
f 1749 2015 1754
f 1749 1977 2033
f 1749 2031 2015
f 1749 2033 2031
f 1750 1779 1755
f 1751 1787 1775
f 1752 1771 1782
f 1752 1782 1787
f 1770 1753 1924
f 1753 1805 1905
f 1753 1905 1929
f 1753 1929 1924
f 1996 1768 1754
f 1996 1754 1992
f 1754 2015 1992
f 1755 1810 1756
f 1755 1779 1810
f 1756 1813 1759
f 1810 1813 1756
f 1780 1757 1922
f 1922 1757 1852
f 1758 1788 1776
f 1759 1828 1760
f 1813 1828 1759
f 1760 1856 1762
f 1760 1828 1843
f 1760 1843 1856
f 1908 1761 1914
f 2017 1914 1761
f 1762 1856 1763
f 1763 1863 1764
f 1856 1863 1763
f 1764 1778 1765
f 1764 1870 1778
f 1764 1863 1870
f 1766 1765 1774
f 1765 1778 1774
f 1766 1774 1980
f 1767 1811 1771
f 1767 1831 1811
f 1965 1768 2008
f 2008 1768 1996
f 1855 1769 2082
f 2082 1769 1966
f 1772 1770 1924
f 1782 1771 1811
f 1784 1772 1911
f 1772 1924 1911
f 1789 1773 1888
f 1773 1827 1833
f 1773 1833 1888
f 1778 1873 1774
f 1980 1774 1873
f 1775 1787 1791
f 1798 1775 1791
f 1788 1836 1776
f 1846 1776 1836
f 1777 1851 1781
f 1778 1870 1873
f 1810 1779 1847
f 1820 1779 1846
f 1847 1779 1820
f 1833 1780 1902
f 1902 1780 1922
f 1781 1851 1913
f 1782 1792 1787
f 1782 1811 1792
f 1831 1783 1865
f 1783 1839 1865
f 1785 1784 1899
f 1784 1911 1899
f 1790 1785 1893
f 1785 1895 1893
f 1785 1899 1895
f 1794 1786 2159
f 1791 1787 1797
f 1792 1816 1787
f 1787 1845 1797
f 1787 1816 1845
f 1803 1836 1788
f 1802 1789 1888
f 1790 1893 1793
f 1822 1791 1797
f 1798 1791 1822
f 1811 1816 1792
f 1793 1881 1808
f 1793 1893 1881
f 1794 1825 1799
f 1844 1825 1794
f 1844 1794 2159
f 1796 1795 1949
f 1795 1819 1949
f 1801 1796 1949
f 1797 1838 1822
f 1797 1848 1838
f 1797 1845 1848
f 1818 1798 1894
f 1798 1822 1894
f 1801 1951 1817
f 2043 1801 1949
f 2043 1951 1801
f 1802 1888 1814
f 1804 1829 1835
f 1804 1835 1918
f 1804 1918 1836
f 1805 1897 1905
f 1806 1875 1891
f 1809 1808 1842
f 1808 1881 1842
f 1809 1857 1824
f 1809 1842 1858
f 1809 1858 1857
f 1813 1810 1859
f 1810 1847 1859
f 1811 2099 1816
f 1831 1921 1811
f 1921 1982 1811
f 1982 2099 1811
f 1834 1812 1878
f 1878 1812 1958
f 1828 1813 1861
f 1813 1859 1861
f 1814 1888 2003
f 1926 1814 2000
f 2000 1814 2003
f 1815 1980 1823
f 1845 1816 1849
f 1816 1890 1849
f 1816 2099 1890
f 1817 1951 1850
f 1826 1818 1906
f 1818 1894 1906
f 1819 1866 1932
f 1819 1932 1949
f 1820 1846 1847
f 1821 1840 1866
f 1822 1838 2007
f 1822 2007 1894
f 1832 1823 1988
f 1823 1980 1988
f 1824 1857 1997
f 1824 1997 2050
f 1824 2050 2049
f 1829 1825 1844
f 1875 1826 1948
f 1826 1906 1986
f 1948 1826 1986
f 1828 1864 1843
f 1828 1861 1864
f 1829 1844 1835
f 1830 1900 2113
f 2104 1830 2113
f 1865 1921 1831
f 1832 1979 1854
f 1979 1832 1988
f 1888 1833 1902
f 1869 1834 1923
f 1834 1878 1923
f 1835 1844 1918
f 1846 1836 1995
f 1918 2034 1836
f 1836 2068 1995
f 1836 2034 2068
f 1851 1837 2316
f 1837 2151 2183
f 2316 1837 2183
f 1838 1848 2013
f 1838 2013 2007
f 1839 1868 1865
f 1866 1840 1909
f 1841 1882 1945
f 1841 1945 1896
f 1842 1881 1858
f 1856 1843 1872
f 1843 1864 1867
f 1872 1843 1867
f 1918 1844 2456
f 1844 2159 2456
f 1845 1849 1848
f 1847 1846 1995
f 1859 1847 1931
f 1931 1847 1995
f 1848 1849 1920
f 1848 1920 2013
f 1849 1890 1920
f 1850 1951 1853
f 1935 1913 1851
f 1935 1851 1978
f 1851 2111 1978
f 1851 2316 2111
f 1852 1862 1939
f 1939 1922 1852
f 1853 1951 1907
f 1860 1854 1983
f 1854 1979 1983
f 1863 1856 1872
f 1857 1858 2051
f 1997 1857 2051
f 1858 1881 1933
f 1967 1858 1933
f 1858 1967 2053
f 1858 2053 2051
f 1861 1859 1955
f 1859 1931 1960
f 1859 1969 1955
f 1859 1960 1969
f 1871 1860 1998
f 1998 1860 1983
f 1864 1861 1910
f 1910 1861 1955
f 1946 1862 1889
f 1939 1862 1946
f 1863 1874 1870
f 1863 1872 1874
f 1867 1864 1930
f 1883 1864 1910
f 1864 1883 1917
f 1930 1864 1917
f 1868 1944 1865
f 1865 1982 1921
f 2109 1865 1944
f 1865 2109 1982
f 1866 1909 1932
f 1872 1867 1904
f 1904 1867 1915
f 1867 1930 1915
f 1898 1944 1868
f 1879 1869 2097
f 1869 1923 2089
f 1869 2089 2097
f 1873 1870 1877
f 1870 1874 1876
f 1877 1870 1876
f 1885 1871 1993
f 1993 1871 1984
f 1984 1871 1998
f 1874 1872 1904
f 1877 1980 1873
f 1874 1892 1876
f 1874 1904 1892
f 1891 1875 1948
f 1877 1876 1880
f 1880 1876 1884
f 1876 1892 1884
f 1880 1980 1877
f 1923 1878 1963
f 1878 1958 1963
f 2029 1889 1879
f 2029 1879 2097
f 1880 1884 2052
f 1999 1980 1880
f 1999 1880 2052
f 2054 1881 1893
f 1933 1881 2054
f 1883 1910 1937
f 1917 1883 1937
f 1884 1892 2002
f 2052 1884 2002
f 1903 1885 1981
f 1885 1916 1981
f 1916 1885 1993
f 1891 2103 1886
f 1886 2103 2119
f 1887 1938 1927
f 1887 1927 2023
f 2156 1887 2023
f 2436 1887 2156
f 1888 1902 1919
f 1888 1919 2003
f 1946 1889 2029
f 1920 1890 2107
f 2107 1890 2099
f 1891 1948 1986
f 1891 1986 2103
f 1892 1904 2028
f 2002 1892 2028
f 1893 1895 1901
f 1970 1893 1901
f 1970 2054 1893
f 1906 1894 2037
f 1894 2007 2037
f 1895 1899 1925
f 1901 1895 1970
f 1970 1895 1925
f 1896 1945 2045
f 1977 1896 2045
f 1905 1897 1936
f 1897 1908 1936
f 1928 1934 1898
f 1898 1934 1944
f 1942 1899 1911
f 1925 1899 2055
f 2055 1899 1942
f 1973 2113 1900
f 1902 1922 1919
f 1903 1964 1909
f 1964 1903 1976
f 1903 1981 1976
f 1904 1915 2028
f 1905 1936 1929
f 1906 2225 1986
f 1906 2037 2307
f 1906 2307 2225
f 1907 1951 1928
f 1908 1914 1947
f 1908 1947 1936
f 1932 1909 1959
f 1909 1975 1959
f 1909 1964 1975
f 1910 1955 1937
f 1942 1911 1912
f 1912 1911 2057
f 1911 1924 2062
f 1911 2062 2057
f 1942 1912 2057
f 1914 2213 1947
f 2017 2118 1914
f 1914 2118 2213
f 1915 1930 2027
f 1915 2027 2028
f 1916 1987 1981
f 1916 1993 1987
f 1917 1937 1930
f 2034 1918 2171
f 2171 1918 2454
f 1918 2456 2454
f 1919 1922 1971
f 2038 1919 1971
f 2003 1919 2038
f 2107 2013 1920
f 1922 1939 1953
f 1971 1922 1953
f 1923 1963 2089
f 1924 1929 2014
f 2062 1924 2014
f 1970 1925 2055
f 1952 1926 2035
f 1926 2000 2003
f 1926 2003 2035
f 1927 1938 1941
f 2023 1927 1941
f 1928 1940 1934
f 1951 1940 1928
f 1929 1936 2069
f 2014 1929 2066
f 2066 1929 2069
f 2063 1930 1937
f 2027 1930 2061
f 2061 1930 2063
f 1931 1995 1960
f 1932 1959 1949
f 1967 1933 2054
f 1940 1985 1934
f 1934 1961 1944
f 1934 1990 1961
f 1934 1985 1990
f 1954 1935 1972
f 1935 1978 1972
f 1936 1947 2069
f 2063 1937 1943
f 1943 1937 2064
f 1937 1955 2064
f 1941 1938 2023
f 1938 2088 2023
f 1938 2046 2088
f 1939 1946 1950
f 1974 1939 1950
f 1974 1953 1939
f 1951 1985 1940
f 2057 2055 1942
f 2063 1943 2064
f 1961 1990 1944
f 1944 1990 2109
f 2045 1945 2078
f 1950 1946 2044
f 1946 2029 2044
f 2069 1947 2070
f 1947 2213 2070
f 1949 1959 2076
f 2043 1949 2204
f 1949 2076 2201
f 1949 2201 2204
f 1974 1950 2044
f 1951 2025 1985
f 1951 2292 2025
f 2043 2216 1951
f 1951 2216 2421
f 1951 2348 2292
f 1951 2421 2348
f 1956 1952 2035
f 1971 1953 1989
f 1989 1953 1974
f 1954 1962 1958
f 1954 1972 1962
f 1955 1969 2022
f 2065 1955 2022
f 2064 1955 2065
f 1957 1956 2035
f 2016 1957 2211
f 1957 2035 2211
f 1958 1962 1991
f 1963 1958 1968
f 1991 1968 1958
f 2030 1959 1975
f 2030 2005 1959
f 1959 2005 2076
f 1960 1995 1969
f 1962 1972 2020
f 1991 1962 2020
f 2089 1963 1968
f 1964 1976 1975
f 1965 2008 2004
f 2082 1966 2010
f 1967 2054 2053
f 1991 2040 1968
f 2040 2297 1968
f 2148 2089 1968
f 2297 2148 1968
f 1969 1995 2067
f 2022 1969 2065
f 1969 2067 2065
f 1970 2055 2054
f 1971 1989 2039
f 2038 1971 2039
f 1972 1978 2006
f 2020 1972 2006
f 1973 2114 2113
f 1989 1974 2044
f 1975 1976 2083
f 2160 2030 1975
f 2197 1975 2083
f 2198 2160 1975
f 1975 2197 2198
f 1976 1981 1994
f 2193 1976 1994
f 2083 1976 2193
f 1977 2018 2033
f 2018 1977 2045
f 2283 2006 1978
f 1978 2111 2383
f 2315 1978 2186
f 2186 1978 2425
f 2283 1978 2315
f 1978 2383 2425
f 1983 1979 2009
f 1979 1988 2011
f 1979 2011 2009
f 1980 2024 1988
f 2024 1980 1999
f 1981 1987 2137
f 1994 1981 2193
f 2193 1981 2137
f 1982 2134 2099
f 2109 2254 1982
f 1982 2254 2134
f 1998 1983 2009
f 1993 1984 1998
f 1990 1985 2025
f 1986 2085 2103
f 1986 2225 2085
f 1987 1993 2187
f 2137 1987 2190
f 2190 1987 2187
f 1988 2012 2011
f 1988 2024 2012
f 1989 2044 2039
f 2025 2292 1990
f 1990 2212 2109
f 1990 2292 2212
f 1991 2020 2040
f 1996 1992 2021
f 1992 2015 2021
f 1993 1998 2019
f 2179 1993 2019
f 2187 1993 2179
f 2067 1995 2026
f 1995 2068 2026
f 1996 2021 2008
f 2050 1997 2051
f 1998 2009 2072
f 2019 1998 2071
f 2071 1998 2072
f 2032 2024 1999
f 2052 2032 1999
f 2001 2049 2126
f 2125 2001 2126
f 2151 2001 2125
f 2002 2028 2059
f 2052 2002 2058
f 2058 2002 2059
f 2003 2036 2035
f 2003 2038 2036
f 2004 2008 2017
f 2005 2030 2201
f 2076 2005 2201
f 2020 2006 2096
f 2122 2096 2006
f 2122 2006 2283
f 2007 2013 2081
f 2007 2140 2037
f 2007 2081 2140
f 2118 2017 2008
f 2008 2021 2095
f 2118 2008 2095
f 2009 2011 2072
f 2010 2104 2082
f 2011 2012 2047
f 2072 2011 2047
f 2178 2012 2024
f 2047 2012 2178
f 2013 2086 2081
f 2086 2013 2107
f 2014 2066 2062
f 2021 2015 2031
f 2046 2016 2191
f 2191 2016 2199
f 2199 2016 2211
f 2018 2045 2033
f 2179 2019 2071
f 2040 2020 2096
f 2021 2031 2135
f 2095 2021 2135
f 2088 2092 2023
f 2023 2092 2098
f 2156 2023 2098
f 2175 2024 2032
f 2175 2178 2024
f 2026 2068 2067
f 2028 2027 2060
f 2060 2027 2061
f 2028 2060 2059
f 2044 2029 2048
f 2048 2029 2087
f 2029 2097 2087
f 2030 2160 2201
f 2031 2033 2056
f 2135 2031 2056
f 2175 2032 2052
f 2091 2033 2045
f 2056 2033 2091
f 2034 2385 2068
f 2034 2171 2411
f 2034 2411 2385
f 2036 2084 2035
f 2035 2084 2112
f 2035 2112 2144
f 2035 2144 2269
f 2211 2035 2260
f 2260 2035 2269
f 2038 2077 2036
f 2084 2036 2077
f 2037 2140 2376
f 2037 2376 2307
f 2039 2041 2038
f 2041 2077 2038
f 2039 2042 2041
f 2039 2044 2042
f 2040 2096 2122
f 2122 2337 2040
f 2040 2337 2297
f 2042 2127 2041
f 2041 2127 2077
f 2044 2154 2042
f 2042 2296 2127
f 2296 2042 2154
f 2204 2216 2043
f 2048 2087 2044
f 2044 2087 2139
f 2044 2139 2147
f 2044 2147 2154
f 2132 2045 2078
f 2091 2045 2133
f 2133 2045 2132
f 2088 2046 2143
f 2046 2191 2143
f 2072 2047 2129
f 2129 2047 2180
f 2180 2047 2178
f 2049 2050 2073
f 2049 2073 2162
f 2126 2049 2136
f 2049 2149 2136
f 2149 2049 2174
f 2174 2049 2162
f 2050 2051 2075
f 2073 2050 2079
f 2079 2050 2075
f 2051 2053 2075
f 2270 2052 2058
f 2232 2175 2052
f 2270 2232 2052
f 2053 2054 2176
f 2176 2075 2053
f 2054 2055 2210
f 2176 2054 2155
f 2155 2054 2210
f 2055 2057 2214
f 2210 2055 2214
f 2056 2091 2135
f 2057 2062 2116
f 2057 2116 2150
f 2214 2057 2150
f 2110 2058 2059
f 2110 2270 2058
f 2059 2060 2108
f 2110 2059 2108
f 2060 2061 2105
f 2108 2060 2105
f 2074 2061 2063
f 2105 2061 2074
f 2306 2062 2066
f 2291 2116 2062
f 2306 2291 2062
f 2063 2064 2093
f 2102 2074 2063
f 2100 2063 2093
f 2102 2063 2100
f 2064 2065 2090
f 2064 2090 2093
f 2065 2067 2080
f 2090 2065 2080
f 2066 2069 2195
f 2300 2066 2195
f 2300 2306 2066
f 2067 2068 2080
f 2068 2177 2080
f 2068 2369 2177
f 2068 2325 2326
f 2068 2339 2325
f 2068 2326 2369
f 2385 2339 2068
f 2069 2070 2203
f 2195 2069 2300
f 2300 2069 2203
f 2203 2070 2213
f 2071 2072 2184
f 2179 2071 2184
f 2072 2129 2180
f 2072 2180 2184
f 2257 2073 2079
f 2162 2073 2185
f 2185 2073 2257
f 2074 2102 2105
f 2079 2075 2329
f 2371 2075 2176
f 2329 2075 2362
f 2362 2075 2372
f 2372 2075 2371
f 2077 2153 2084
f 2127 2153 2077
f 2131 2078 2082
f 2132 2078 2131
f 2329 2257 2079
f 2090 2080 2152
f 2152 2080 2173
f 2080 2177 2173
f 2086 2094 2081
f 2081 2094 2192
f 2081 2192 2140
f 2082 2104 2130
f 2131 2082 2130
f 2083 2193 2197
f 2084 2285 2112
f 2153 2285 2084
f 2085 2483 2103
f 2085 2225 2483
f 2086 2181 2094
f 2086 2107 2181
f 2087 2097 2117
f 2139 2087 2117
f 2088 2106 2092
f 2088 2143 2106
f 2097 2089 2101
f 2101 2089 2148
f 2093 2090 2170
f 2090 2152 2172
f 2090 2172 2170
f 2091 2133 2135
f 2098 2092 2106
f 2100 2093 2168
f 2093 2161 2168
f 2161 2093 2169
f 2169 2093 2170
f 2094 2181 2368
f 2192 2094 2368
f 2118 2095 2141
f 2095 2135 2141
f 2117 2097 2101
f 2098 2106 2156
f 2099 2115 2107
f 2134 2115 2099
f 2102 2100 2166
f 2100 2167 2166
f 2100 2168 2167
f 2117 2101 2148
f 2124 2105 2102
f 2124 2102 2165
f 2165 2102 2166
f 2119 2103 2249
f 2249 2103 2250
f 2103 2277 2250
f 2304 2277 2103
f 2357 2304 2103
f 2389 2357 2103
f 2483 2389 2103
f 2104 2113 2123
f 2130 2104 2123
f 2108 2105 2164
f 2105 2124 2164
f 2156 2106 2143
f 2107 2115 2182
f 2181 2107 2182
f 2110 2108 2163
f 2108 2164 2163
f 2109 2212 2196
f 2109 2196 2254
f 2163 2270 2110
f 2316 2345 2111
f 2345 2355 2111
f 2383 2111 2355
f 2112 2363 2144
f 2112 2285 2363
f 2113 2114 2121
f 2113 2121 2123
f 2114 2119 2120
f 2114 2120 2121
f 2134 2358 2115
f 2115 2358 2182
f 2291 2150 2116
f 2139 2117 2157
f 2157 2117 2148
f 2213 2118 2141
f 2119 2247 2120
f 2119 2249 2247
f 2120 2128 2121
f 2120 2247 2128
f 2121 2189 2123
f 2121 2128 2189
f 2336 2122 2283
f 2122 2336 2337
f 2130 2123 2245
f 2123 2189 2245
f 2124 2165 2164
f 2158 2125 2126
f 2125 2158 2151
f 2126 2136 2227
f 2158 2126 2227
f 2127 2296 2153
f 2128 2247 2189
f 2130 2142 2131
f 2142 2130 2208
f 2208 2130 2245
f 2131 2138 2132
f 2131 2240 2138
f 2131 2142 2229
f 2131 2229 2240
f 2132 2219 2133
f 2132 2138 2219
f 2135 2133 2231
f 2133 2219 2235
f 2133 2235 2231
f 2134 2254 2358
f 2135 2231 2141
f 2136 2149 2227
f 2190 2193 2137
f 2219 2138 2238
f 2138 2240 2238
f 2147 2139 2157
f 2140 2192 2388
f 2140 2388 2376
f 2223 2213 2141
f 2141 2231 2223
f 2142 2208 2229
f 2143 2146 2145
f 2156 2143 2145
f 2143 2191 2146
f 2269 2144 2261
f 2261 2144 2309
f 2144 2363 2309
f 2156 2145 2146
f 2146 2244 2156
f 2191 2244 2146
f 2154 2147 2157
f 2157 2148 2360
f 2148 2297 2360
f 2549 2149 2174
f 2149 2549 2227
f 2214 2150 2323
f 2150 2291 2323
f 2151 2158 2188
f 2183 2151 2194
f 2151 2188 2194
f 2152 2173 2172
f 2153 2296 2285
f 2154 2157 2222
f 2289 2154 2222
f 2154 2289 2305
f 2296 2154 2305
f 2176 2155 2205
f 2342 2205 2155
f 2342 2155 2210
f 2156 2244 2379
f 2436 2156 2379
f 2157 2360 2222
f 2158 2227 2188
f 2474 2159 2436
f 2456 2159 2460
f 2460 2159 2470
f 2470 2159 2515
f 2159 2474 2498
f 2159 2505 2485
f 2159 2485 2515
f 2159 2498 2505
f 2201 2160 2198
f 2161 2169 2168
f 2185 2174 2162
f 2164 2314 2163
f 2303 2270 2163
f 2163 2318 2303
f 2163 2314 2318
f 2164 2165 2246
f 2164 2246 2314
f 2165 2166 2293
f 2165 2314 2246
f 2165 2293 2314
f 2166 2167 2288
f 2166 2288 2293
f 2168 2224 2167
f 2167 2224 2281
f 2281 2286 2167
f 2167 2286 2288
f 2169 2262 2168
f 2224 2168 2264
f 2262 2263 2168
f 2168 2263 2264
f 2170 2237 2169
f 2169 2237 2262
f 2170 2172 2202
f 2170 2202 2237
f 2411 2171 2428
f 2428 2171 2445
f 2171 2454 2445
f 2172 2173 2209
f 2202 2172 2233
f 2172 2209 2233
f 2177 2206 2173
f 2173 2206 2209
f 2549 2174 2185
f 2230 2178 2175
f 2230 2175 2232
f 2176 2205 2371
f 2206 2177 2366
f 2177 2400 2366
f 2177 2369 2400
f 2228 2180 2178
f 2228 2178 2230
f 2179 2184 2187
f 2228 2184 2180
f 2181 2182 2239
f 2181 2239 2368
f 2239 2182 2439
f 2439 2182 2358
f 2259 2183 2194
f 2183 2259 2266
f 2276 2183 2266
f 2301 2183 2276
f 2316 2183 2301
f 2187 2184 2226
f 2226 2184 2228
f 2185 2257 2390
f 2549 2185 2390
f 2315 2186 2488
f 2186 2425 2432
f 2186 2432 2444
f 2186 2444 2488
f 2221 2190 2187
f 2221 2187 2226
f 2188 2741 2194
f 2188 2227 2741
f 2245 2189 2251
f 2189 2247 2251
f 2218 2193 2190
f 2218 2190 2220
f 2220 2190 2221
f 2191 2199 2244
f 2413 2192 2368
f 2192 2413 2388
f 2218 2197 2193
f 2259 2194 2733
f 2194 2741 2733
f 2212 2255 2196
f 2254 2196 2256
f 2255 2455 2196
f 2196 2455 2256
f 2197 2200 2198
f 2217 2200 2197
f 2217 2197 2218
f 2215 2198 2200
f 2207 2201 2198
f 2207 2198 2215
f 2199 2211 2244
f 2215 2200 2217
f 2204 2201 2207
f 2202 2233 2258
f 2202 2258 2237
f 2203 2213 2279
f 2203 2279 2300
f 2207 2234 2204
f 2204 2486 2216
f 2204 2234 2414
f 2204 2414 2438
f 2204 2438 2453
f 2204 2453 2486
f 2205 2342 2371
f 2206 2370 2209
f 2206 2366 2370
f 2207 2215 2234
f 2229 2208 2242
f 2242 2208 2245
f 2209 2271 2233
f 2209 2370 2271
f 2210 2214 2342
f 2244 2211 2260
f 2212 2292 2255
f 2402 2213 2223
f 2279 2213 2402
f 2342 2214 2323
f 2215 2217 2274
f 2234 2215 2272
f 2215 2274 2272
f 2568 2421 2216
f 2486 2509 2216
f 2216 2509 2524
f 2216 2524 2556
f 2216 2556 2579
f 2216 2579 2568
f 2217 2218 2287
f 2217 2287 2274
f 2218 2220 2241
f 2218 2241 2295
f 2218 2295 2287
f 2219 2236 2235
f 2219 2238 2236
f 2220 2221 2268
f 2241 2220 2268
f 2226 2319 2221
f 2268 2221 2302
f 2221 2319 2302
f 2289 2222 2360
f 2223 2231 2404
f 2223 2418 2402
f 2404 2418 2223
f 2264 2281 2224
f 2376 2225 2307
f 2376 2446 2225
f 2446 2483 2225
f 2226 2228 2334
f 2226 2334 2319
f 2227 2549 2690
f 2227 2690 2741
f 2228 2230 2334
f 2229 2242 2240
f 2232 2270 2230
f 2230 2270 2338
f 2230 2338 2334
f 2235 2332 2231
f 2231 2332 2267
f 2231 2267 2392
f 2404 2231 2392
f 2233 2284 2258
f 2233 2271 2284
f 2248 2234 2324
f 2351 2234 2248
f 2234 2272 2273
f 2324 2234 2273
f 2414 2234 2351
f 2236 2312 2235
f 2235 2312 2359
f 2235 2359 2332
f 2238 2359 2236
f 2236 2359 2312
f 2258 2262 2237
f 2240 2243 2238
f 2238 2243 2359
f 2239 2439 2368
f 2240 2242 2331
f 2240 2359 2243
f 2240 2331 2359
f 2241 2268 2298
f 2241 2298 2295
f 2242 2245 2311
f 2242 2311 2331
f 2244 2260 2614
f 2379 2244 2441
f 2441 2244 2442
f 2442 2244 2641
f 2244 2614 2639
f 2244 2639 2641
f 2251 2278 2245
f 2245 2278 2310
f 2245 2310 2331
f 2311 2245 2331
f 2247 2249 2252
f 2247 2252 2251
f 2351 2248 2324
f 2249 2250 2253
f 2249 2253 2252
f 2250 2277 2253
f 2252 2265 2251
f 2265 2278 2251
f 2253 2265 2252
f 2253 2327 2265
f 2277 2322 2253
f 2322 2327 2253
f 2254 2256 2333
f 2358 2254 2333
f 2292 2341 2255
f 2255 2341 2354
f 2354 2455 2255
f 2256 2356 2333
f 2256 2455 2356
f 2257 2329 2390
f 2495 2262 2258
f 2258 2284 2463
f 2495 2258 2463
f 2266 2259 2733
f 2282 2260 2269
f 2343 2260 2282
f 2614 2260 2343
f 2269 2261 2313
f 2261 2309 2565
f 2313 2261 2565
f 2263 2262 2275
f 2275 2262 2495
f 2264 2263 2275
f 2468 2264 2275
f 2489 2281 2264
f 2493 2264 2468
f 2264 2493 2489
f 2265 2346 2278
f 2265 2327 2346
f 2644 2276 2266
f 2644 2266 2733
f 2332 2392 2267
f 2268 2302 2298
f 2313 2282 2269
f 2330 2270 2303
f 2338 2270 2330
f 2271 2502 2284
f 2271 2370 2511
f 2271 2511 2502
f 2273 2272 2280
f 2272 2274 2280
f 2273 2280 2347
f 2324 2273 2434
f 2530 2273 2347
f 2434 2273 2530
f 2280 2274 2353
f 2274 2287 2353
f 2468 2275 2495
f 2320 2301 2276
f 2320 2276 2644
f 2304 2308 2277
f 2277 2308 2322
f 2278 2294 2310
f 2346 2294 2278
f 2300 2279 2335
f 2335 2279 2317
f 2317 2279 2402
f 2522 2347 2280
f 2637 2280 2353
f 2522 2280 2637
f 2286 2281 2299
f 2299 2281 2365
f 2365 2281 2489
f 2343 2282 2313
f 2315 2290 2283
f 2336 2283 2290
f 2463 2284 2502
f 2296 2361 2285
f 2361 2393 2285
f 2363 2285 2382
f 2382 2285 2396
f 2285 2393 2396
f 2286 2299 2288
f 2287 2295 2353
f 2293 2288 2344
f 2288 2299 2344
f 2305 2289 2361
f 2289 2360 2544
f 2361 2289 2459
f 2289 2607 2459
f 2289 2544 2607
f 2315 2328 2290
f 2328 2336 2290
f 2291 2306 2323
f 2292 2348 2341
f 2314 2293 2412
f 2293 2344 2401
f 2412 2293 2401
f 2310 2294 2350
f 2346 2387 2294
f 2294 2387 2350
f 2295 2298 2508
f 2353 2295 2398
f 2398 2295 2560
f 2560 2295 2508
f 2305 2361 2296
f 2337 2360 2297
f 2298 2302 2508
f 2344 2299 2365
f 2300 2364 2306
f 2300 2335 2364
f 2316 2301 2320
f 2302 2319 2367
f 2410 2302 2367
f 2508 2302 2410
f 2303 2318 2443
f 2303 2423 2330
f 2303 2443 2423
f 2304 2601 2308
f 2357 2601 2304
f 2323 2306 2380
f 2306 2364 2380
f 2308 2601 2322
f 2309 2363 2477
f 2309 2477 2504
f 2567 2309 2504
f 2565 2309 2567
f 2331 2310 2559
f 2310 2350 2407
f 2310 2407 2559
f 2343 2313 2565
f 2314 2340 2318
f 2340 2314 2412
f 2315 2391 2328
f 2315 2457 2391
f 2315 2478 2457
f 2315 2488 2478
f 2321 2316 2320
f 2316 2321 2345
f 2317 2373 2335
f 2481 2373 2317
f 2433 2317 2402
f 2433 2481 2317
f 2443 2318 2340
f 2461 2319 2334
f 2431 2367 2319
f 2431 2319 2461
f 2321 2320 2644
f 2345 2321 2355
f 2321 2714 2355
f 2714 2321 2644
f 2601 2327 2322
f 2323 2380 2342
f 2435 2351 2324
f 2419 2324 2434
f 2435 2324 2419
f 2326 2325 2596
f 2325 2339 2625
f 2325 2625 2596
f 2326 2528 2369
f 2326 2596 2528
f 2327 2770 2346
f 2601 2770 2327
f 2328 2391 2336
f 2329 2362 2374
f 2329 2374 2390
f 2330 2423 2338
f 2359 2331 2525
f 2331 2559 2525
f 2332 2359 2394
f 2392 2332 2394
f 2507 2333 2356
f 2333 2451 2358
f 2333 2507 2451
f 2334 2338 2423
f 2334 2423 2429
f 2461 2334 2429
f 2364 2335 2377
f 2335 2373 2375
f 2377 2335 2375
f 2336 2349 2337
f 2336 2391 2349
f 2349 2352 2337
f 2352 2360 2337
f 2385 2623 2339
f 2339 2623 2625
f 2340 2412 2465
f 2443 2340 2535
f 2535 2340 2465
f 2348 2354 2341
f 2371 2342 2381
f 2342 2380 2381
f 2564 2343 2565
f 2564 2599 2343
f 2599 2614 2343
f 2344 2365 2473
f 2401 2344 2473
f 2346 2542 2387
f 2346 2770 2542
f 2530 2347 2522
f 2348 2464 2354
f 2348 2421 2464
f 2349 2391 2352
f 2350 2387 2417
f 2407 2350 2417
f 2435 2414 2351
f 2352 2399 2360
f 2399 2352 2391
f 2353 2398 2632
f 2353 2632 2637
f 2354 2532 2455
f 2354 2464 2551
f 2354 2551 2532
f 2609 2383 2355
f 2609 2355 2714
f 2455 2541 2356
f 2541 2507 2356
f 2389 2601 2357
f 2439 2358 2479
f 2358 2451 2479
f 2359 2638 2394
f 2359 2525 2520
f 2359 2520 2638
f 2360 2399 2406
f 2360 2406 2544
f 2361 2459 2393
f 2362 2372 2374
f 2363 2382 2416
f 2477 2363 2416
f 2364 2377 2380
f 2473 2365 2489
f 2366 2511 2370
f 2366 2400 2511
f 2410 2367 2431
f 2368 2430 2413
f 2368 2439 2430
f 2400 2369 2526
f 2369 2528 2526
f 2371 2378 2372
f 2378 2371 2384
f 2384 2371 2381
f 2374 2372 2386
f 2372 2378 2386
f 2373 2482 2375
f 2481 2497 2373
f 2497 2482 2373
f 2374 2386 2390
f 2377 2375 2420
f 2482 2420 2375
f 2388 2446 2376
f 2403 2380 2377
f 2469 2403 2377
f 2469 2377 2420
f 2378 2384 2386
f 2436 2379 2441
f 2448 2381 2380
f 2448 2380 2403
f 2405 2384 2381
f 2405 2381 2422
f 2426 2422 2381
f 2426 2381 2448
f 2416 2382 2396
f 2425 2383 2609
f 2397 2386 2384
f 2397 2384 2405
f 2411 2576 2385
f 2385 2576 2623
f 2390 2386 2397
f 2417 2387 2772
f 2771 2387 2542
f 2772 2387 2771
f 2506 2388 2413
f 2388 2506 2446
f 2483 2408 2389
f 2408 2601 2389
f 2390 2397 2563
f 2390 2563 2549
f 2391 2449 2399
f 2391 2440 2449
f 2391 2457 2440
f 2394 2395 2392
f 2395 2404 2392
f 2396 2393 2450
f 2450 2393 2603
f 2531 2393 2459
f 2393 2531 2603
f 2395 2394 2779
f 2394 2638 2552
f 2394 2552 2725
f 2779 2394 2725
f 2404 2395 2629
f 2629 2395 2779
f 2416 2396 2424
f 2424 2396 2447
f 2447 2396 2450
f 2397 2405 2409
f 2563 2397 2409
f 2616 2398 2560
f 2398 2616 2632
f 2406 2399 2449
f 2400 2526 2511
f 2412 2401 2452
f 2452 2401 2473
f 2418 2433 2402
f 2448 2403 2469
f 2404 2427 2418
f 2427 2404 2780
f 2780 2404 2629
f 2409 2405 2563
f 2426 2405 2422
f 2462 2405 2426
f 2517 2405 2462
f 2563 2405 2517
f 2406 2449 2466
f 2544 2406 2466
f 2407 2417 2584
f 2559 2407 2584
f 2483 2513 2408
f 2513 2601 2408
f 2499 2410 2431
f 2597 2410 2499
f 2597 2508 2410
f 2415 2411 2428
f 2411 2415 2566
f 2411 2566 2576
f 2412 2452 2471
f 2412 2471 2465
f 2521 2413 2430
f 2413 2521 2506
f 2414 2435 2791
f 2438 2414 2615
f 2615 2414 2791
f 2415 2428 2547
f 2566 2415 2547
f 2416 2424 2458
f 2416 2458 2477
f 2584 2417 2772
f 2418 2427 2589
f 2433 2418 2589
f 2707 2419 2434
f 2435 2419 2791
f 2791 2419 2707
f 2469 2420 2472
f 2472 2420 2482
f 2437 2421 2568
f 2421 2437 2652
f 2421 2652 2464
f 2443 2429 2423
f 2424 2447 2458
f 2432 2425 2609
f 2426 2448 2503
f 2462 2426 2514
f 2426 2503 2514
f 2589 2427 2780
f 2428 2445 2487
f 2547 2428 2487
f 2476 2429 2443
f 2461 2429 2476
f 2527 2430 2439
f 2430 2540 2521
f 2540 2430 2527
f 2431 2461 2499
f 2432 2609 2444
f 2481 2433 2589
f 2707 2434 2530
f 2436 2441 2442
f 2436 2442 2519
f 2474 2436 2519
f 2437 2568 2631
f 2437 2631 2640
f 2437 2640 2652
f 2453 2438 2656
f 2438 2615 2802
f 2438 2802 2656
f 2527 2439 2479
f 2440 2661 2449
f 2457 2661 2440
f 2519 2442 2590
f 2590 2442 2641
f 2476 2443 2535
f 2488 2444 2491
f 2444 2609 2491
f 2445 2454 2480
f 2445 2480 2487
f 2446 2484 2483
f 2446 2506 2484
f 2447 2450 2582
f 2458 2447 2500
f 2447 2582 2500
f 2516 2448 2469
f 2503 2448 2475
f 2475 2448 2516
f 2449 2677 2466
f 2661 2677 2449
f 2582 2450 2603
f 2479 2451 2527
f 2507 2541 2451
f 2527 2451 2620
f 2541 2633 2451
f 2451 2633 2620
f 2452 2473 2471
f 2453 2656 2486
f 2454 2456 2467
f 2454 2467 2480
f 2532 2541 2455
f 2456 2460 2467
f 2457 2478 2536
f 2457 2536 2661
f 2477 2458 2496
f 2496 2458 2500
f 2459 2607 2531
f 2467 2460 2470
f 2622 2461 2476
f 2622 2499 2461
f 2462 2514 2558
f 2517 2462 2558
f 2501 2495 2463
f 2463 2502 2501
f 2464 2618 2551
f 2464 2573 2618
f 2573 2464 2647
f 2464 2652 2647
f 2465 2471 2581
f 2535 2465 2612
f 2465 2581 2585
f 2612 2465 2585
f 2544 2466 2697
f 2466 2677 2697
f 2467 2470 2608
f 2480 2467 2608
f 2468 2495 2493
f 2469 2472 2600
f 2516 2469 2555
f 2555 2469 2600
f 2608 2470 2515
f 2471 2473 2570
f 2471 2570 2581
f 2472 2482 2600
f 2473 2489 2570
f 2498 2474 2533
f 2474 2519 2533
f 2503 2475 2591
f 2591 2475 2516
f 2691 2476 2535
f 2691 2622 2476
f 2496 2504 2477
f 2478 2488 2492
f 2478 2492 2536
f 2487 2480 2608
f 2548 2497 2481
f 2713 2548 2481
f 2481 2589 2713
f 2490 2482 2497
f 2600 2482 2490
f 2484 2494 2483
f 2483 2494 2574
f 2513 2483 2574
f 2506 2494 2484
f 2485 2505 2512
f 2485 2512 2518
f 2515 2485 2518
f 2486 2708 2509
f 2486 2656 2708
f 2547 2487 2608
f 2488 2491 2492
f 2489 2493 2523
f 2557 2489 2523
f 2489 2557 2570
f 2605 2490 2497
f 2490 2605 2600
f 2492 2491 2609
f 2536 2492 2695
f 2492 2609 2695
f 2493 2495 2545
f 2523 2493 2545
f 2506 2626 2494
f 2574 2494 2550
f 2494 2694 2550
f 2626 2694 2494
f 2495 2501 2510
f 2495 2510 2545
f 2496 2500 2543
f 2496 2567 2504
f 2496 2543 2613
f 2567 2496 2613
f 2605 2497 2548
f 2498 2577 2505
f 2577 2498 2533
f 2645 2597 2499
f 2666 2499 2622
f 2828 2645 2499
f 2828 2499 2666
f 2543 2500 2657
f 2657 2500 2582
f 2501 2502 2534
f 2510 2501 2534
f 2502 2511 2538
f 2534 2502 2546
f 2546 2502 2538
f 2514 2503 2561
f 2561 2503 2583
f 2503 2591 2583
f 2505 2592 2512
f 2505 2577 2592
f 2521 2626 2506
f 2597 2560 2508
f 2509 2708 2524
f 2546 2510 2534
f 2545 2510 2553
f 2510 2546 2553
f 2511 2526 2538
f 2512 2593 2518
f 2512 2592 2593
f 2578 2513 2574
f 2993 2513 2578
f 2601 2513 2993
f 2558 2514 2572
f 2514 2561 2580
f 2572 2514 2580
f 2515 2518 2759
f 2608 2515 2759
f 2516 2555 2595
f 2516 2595 2591
f 2517 2558 2571
f 2517 2571 2563
f 2518 2593 2759
f 2611 2533 2519
f 2519 2590 2602
f 2658 2519 2602
f 2611 2519 2658
f 2520 2525 2594
f 2520 2594 2777
f 2778 2638 2520
f 2778 2520 2777
f 2540 2626 2521
f 2530 2522 2707
f 2707 2522 2637
f 2554 2523 2545
f 2523 2554 2557
f 2524 2708 2556
f 2752 2525 2559
f 2594 2525 2776
f 2776 2525 2752
f 2526 2528 2529
f 2538 2526 2529
f 2527 2575 2540
f 2527 2587 2575
f 2527 2620 2587
f 2528 2596 2529
f 2538 2529 2687
f 2596 2693 2529
f 2529 2693 2687
f 2603 2531 2562
f 2531 2646 2562
f 2607 2646 2531
f 2532 2537 2539
f 2537 2532 2551
f 2532 2539 2541
f 2577 2533 2611
f 2691 2535 2612
f 2536 2680 2661
f 2536 2695 2680
f 2539 2537 2569
f 2537 2551 2569
f 2546 2538 2675
f 2538 2588 2675
f 2588 2538 2687
f 2541 2539 2633
f 2539 2569 2635
f 2539 2635 2633
f 2575 2755 2540
f 2540 2755 2626
f 2542 2770 2659
f 2771 2542 2659
f 2613 2543 3036
f 2543 2657 2794
f 2543 2794 2871
f 2871 3036 2543
f 2607 2544 2712
f 2544 2697 2712
f 2554 2545 2553
f 2553 2546 2670
f 2546 2604 2670
f 2604 2546 2675
f 2566 2547 2744
f 2744 2547 2608
f 2548 2606 2605
f 2617 2606 2548
f 2617 2548 2713
f 2549 2563 2689
f 2549 2689 2690
f 2574 2550 2586
f 2586 2550 2630
f 2550 2694 2630
f 2551 2643 2569
f 2551 2618 2643
f 2552 2638 2703
f 2725 2552 2703
f 2553 2670 2554
f 2557 2554 2667
f 2554 2670 2667
f 2598 2595 2555
f 2555 2600 2598
f 2579 2556 2684
f 2556 2708 2684
f 2650 2570 2557
f 2650 2557 2664
f 2557 2667 2664
f 2571 2558 2572
f 2559 2584 2649
f 2774 2559 2649
f 2752 2559 2774
f 2560 2597 2616
f 2580 2561 2583
f 2603 2562 2692
f 2562 2646 2751
f 2692 2562 2773
f 2562 2751 2773
f 2563 2571 2621
f 2563 2621 2688
f 2563 2688 2689
f 2565 2672 2564
f 2672 2599 2564
f 2565 2567 3057
f 2931 2672 2565
f 2931 2565 2965
f 2965 2565 3057
f 2566 2744 2576
f 3065 2567 2613
f 3057 2567 3065
f 2568 2579 2631
f 2569 2643 2635
f 2581 2570 2662
f 2610 2570 2650
f 2662 2570 2610
f 2571 2572 2686
f 2621 2571 2686
f 2686 2572 2580
f 2573 2647 2618
f 2578 2574 2586
f 2587 2789 2575
f 2575 2789 2755
f 2744 2623 2576
f 2592 2577 2611
f 2578 2586 2993
f 2631 2579 2684
f 2685 2580 2583
f 2686 2580 2685
f 2585 2581 2648
f 2648 2581 2660
f 2660 2581 2662
f 2642 2582 2603
f 2582 2642 2785
f 2657 2582 2785
f 2683 2583 2591
f 2685 2583 2683
f 2649 2584 2772
f 2612 2585 2648
f 2586 2630 2993
f 2620 2624 2587
f 2624 2665 2587
f 2665 2821 2587
f 2587 2835 2789
f 2821 2835 2587
f 2675 2588 2687
f 2713 2589 2767
f 2767 2589 2782
f 2782 2589 2780
f 2590 2673 2602
f 2590 2641 2673
f 2681 2591 2595
f 2683 2591 2681
f 2592 2754 2593
f 2592 2611 2750
f 2754 2592 2750
f 2593 2754 2759
f 2594 2776 2777
f 2676 2595 2598
f 2681 2595 2676
f 2625 2693 2596
f 2825 2616 2597
f 2825 2597 2645
f 2598 2600 2619
f 2671 2598 2619
f 2598 2671 2674
f 2676 2598 2674
f 2672 2614 2599
f 2600 2605 2671
f 2619 2600 2671
f 2601 3080 2770
f 2993 3080 2601
f 2696 2658 2602
f 2602 2673 2682
f 2696 2602 2682
f 2603 2700 2642
f 2603 2692 2700
f 2604 2675 2670
f 2605 2606 2617
f 2605 2617 2669
f 2605 2669 2671
f 2607 2712 2646
f 2744 2608 3069
f 2608 2759 3069
f 2695 2609 3009
f 2609 2714 3009
f 2650 2662 2610
f 2611 2658 2750
f 2691 2612 2648
f 3036 3065 2613
f 2639 2614 2793
f 2844 2614 2672
f 2793 2614 2844
f 2615 2791 2802
f 2655 2632 2616
f 2747 2655 2616
f 2825 2747 2616
f 2669 2617 2861
f 2617 2713 2767
f 2617 2767 2861
f 2618 2653 2643
f 2618 2647 2653
f 2620 2627 2624
f 2620 2628 2627
f 2620 2633 2628
f 2688 2621 2686
f 2737 2666 2622
f 2781 2622 2691
f 2781 2737 2622
f 2623 2693 2625
f 2744 2693 2623
f 2627 2665 2624
f 2626 2705 2694
f 2626 2718 2705
f 2626 2755 2718
f 2628 2651 2627
f 2651 2679 2627
f 2627 2679 2665
f 2633 2634 2628
f 2634 2636 2628
f 2636 2651 2628
f 2629 2779 2780
f 2630 2694 2726
f 2630 2726 2836
f 2630 2836 2993
f 2640 2631 2668
f 2668 2631 2684
f 2637 2632 2655
f 2633 2635 2634
f 2635 2636 2634
f 2636 2635 2982
f 2643 3029 2635
f 2635 3053 2982
f 2635 3029 3053
f 2636 2654 2651
f 2982 2654 2636
f 2732 2637 2655
f 2800 2707 2637
f 2800 2637 2732
f 2703 2638 2778
f 2641 2639 2792
f 2792 2639 2793
f 2652 2640 2668
f 2673 2641 2764
f 2764 2641 2792
f 2785 2642 2700
f 2643 2653 2862
f 2643 2862 2919
f 2919 3020 2643
f 2643 3020 3029
f 2644 3044 2714
f 2644 2733 3044
f 2825 2645 2827
f 2828 2827 2645
f 2646 2712 2751
f 2647 2652 2653
f 2691 2648 2660
f 2649 2772 2774
f 2650 2663 2662
f 2650 2664 2663
f 2651 2654 2982
f 2651 2724 2679
f 2724 2651 2982
f 2653 2652 2668
f 2668 2873 2653
f 2862 2653 2878
f 2653 2873 2878
f 2820 2732 2655
f 2747 2820 2655
f 2656 3111 2708
f 2656 2802 3129
f 2656 3129 3111
f 2657 2785 2980
f 2871 2794 2657
f 2871 2657 3018
f 2657 2980 2991
f 2657 2991 3018
f 2702 2658 2696
f 2750 2658 2702
f 2659 2770 2771
f 2662 2740 2660
f 2691 2660 2743
f 2660 2740 2743
f 2661 2678 2677
f 2661 2680 2678
f 2663 2740 2662
f 2663 2664 2738
f 2663 2738 2740
f 2667 2727 2664
f 2727 2729 2664
f 2664 2729 2738
f 2679 2821 2665
f 2828 2666 2737
f 2670 2721 2667
f 2667 2721 2727
f 2684 2838 2668
f 2668 2838 2857
f 2668 2857 2873
f 2739 2671 2669
f 2742 2739 2669
f 2742 2669 2861
f 2675 2721 2670
f 2671 2736 2674
f 2739 2736 2671
f 2931 2844 2672
f 2673 2763 2682
f 2673 2764 2763
f 2676 2674 2711
f 2736 2711 2674
f 2675 2687 2719
f 2675 2719 2721
f 2731 2681 2676
f 2731 2676 2711
f 2677 2678 2698
f 2697 2677 2704
f 2677 2698 2699
f 2699 2704 2677
f 2678 2680 2698
f 2679 2724 2925
f 2821 2679 2905
f 2905 2679 2979
f 2979 2679 2925
f 2680 2695 2698
f 2720 2683 2681
f 2720 2681 2722
f 2723 2722 2681
f 2723 2681 2731
f 2696 2682 2762
f 2682 2763 2762
f 2717 2685 2683
f 2717 2683 2720
f 2708 2880 2684
f 2684 2880 2838
f 2715 2686 2685
f 2715 2685 2717
f 2688 2686 2715
f 2693 2706 2687
f 2687 2706 2719
f 2710 2689 2688
f 2710 2688 2715
f 2690 2689 2709
f 2709 2689 2710
f 2690 2709 2811
f 2741 2690 3217
f 2690 2811 3217
f 2781 2691 2743
f 2700 2692 2773
f 2693 2831 2706
f 2744 3106 2693
f 2693 3211 2831
f 3106 3116 2693
f 2693 3116 3211
f 2705 2726 2694
f 2701 2698 2695
f 2701 2695 2941
f 3009 2941 2695
f 2757 2702 2696
f 2757 2696 2762
f 2716 2697 2704
f 2712 2697 2716
f 2698 2701 2699
f 2699 2701 2704
f 2785 2700 2773
f 2704 2701 2730
f 2701 2749 2730
f 2941 2749 2701
f 2766 2750 2702
f 2766 2702 2757
f 2725 2703 2778
f 2716 2704 2730
f 2705 2718 2726
f 2719 2706 2826
f 2706 2728 2768
f 2706 2831 2728
f 2829 2706 2768
f 2826 2706 2829
f 2812 2707 2748
f 2707 2813 2748
f 2791 2707 2805
f 2800 2813 2707
f 2805 2707 2812
f 2708 2884 2880
f 2708 2978 2884
f 2708 3063 2978
f 2708 3109 3063
f 3111 3109 2708
f 2709 2710 2787
f 2745 2709 2787
f 2709 2745 2811
f 2710 2715 2804
f 2808 2787 2710
f 2808 2710 2804
f 2731 2711 2736
f 2712 2716 2734
f 2712 2734 2735
f 2751 2712 2735
f 3009 2714 3270
f 2714 3044 3270
f 2804 2715 2717
f 2734 2716 2730
f 2717 2720 2803
f 2804 2717 2803
f 2718 2843 2726
f 2755 2843 2718
f 2784 2721 2719
f 2784 2719 2824
f 2824 2719 2826
f 2720 2722 2723
f 2720 2723 2769
f 2803 2720 2769
f 2727 2721 2822
f 2761 2721 2784
f 2721 2761 2822
f 2723 2731 2746
f 2723 2746 2801
f 2769 2723 2783
f 2783 2723 2801
f 2925 2724 2982
f 2725 2778 2779
f 2726 2898 2836
f 2726 2843 2898
f 2729 2727 2816
f 2727 2822 2816
f 2728 2831 2768
f 2738 2729 2814
f 2729 2815 2814
f 2729 2816 2815
f 2734 2730 2895
f 2749 2895 2730
f 2731 2736 2799
f 2746 2731 2799
f 2819 2800 2732
f 2819 2732 2806
f 2820 2806 2732
f 2733 2741 3042
f 2733 3042 3044
f 2735 2734 2887
f 2734 2895 2887
f 2773 2751 2735
f 2842 2773 2735
f 2842 2735 2887
f 2736 2739 2765
f 2799 2736 2765
f 2830 2737 2781
f 2828 2737 2830
f 2786 2740 2738
f 2786 2738 2814
f 2797 2739 2742
f 2765 2739 2796
f 2796 2739 2797
f 2743 2740 2810
f 2740 2786 2810
f 3042 2741 3220
f 2741 3217 3220
f 2797 2742 2795
f 2795 2742 2861
f 2781 2743 2807
f 2743 2810 2807
f 2744 3066 3068
f 2744 3069 3066
f 2744 3068 3106
f 2745 2787 2809
f 2745 2809 2811
f 2801 2746 2799
f 2825 2820 2747
f 2813 2812 2748
f 2918 2895 2749
f 2941 2918 2749
f 2754 2750 2753
f 2753 2750 2766
f 2775 2752 2774
f 2752 2775 2776
f 2754 2753 2756
f 2756 2753 2766
f 2754 2756 2758
f 2760 2754 2758
f 2759 2754 2951
f 2849 2754 2760
f 2951 2754 2849
f 2755 2789 2843
f 2756 2788 2758
f 2756 2766 2788
f 2943 2757 2762
f 2788 2766 2757
f 2788 2757 2943
f 2760 2758 2817
f 2758 2788 2817
f 2759 2951 2961
f 2759 2961 3002
f 2759 3002 3040
f 2759 3040 3079
f 3069 2759 3075
f 3075 2759 3079
f 2832 2760 2817
f 2849 2760 2832
f 2761 2784 2822
f 2763 2930 2762
f 2762 2930 3011
f 2943 2762 3011
f 2763 2764 2792
f 2763 2792 2930
f 2798 2765 2796
f 2765 2798 2799
f 2861 2767 2782
f 2768 2831 2829
f 2769 2783 2801
f 2769 2801 2803
f 2770 2909 2771
f 2770 2911 2909
f 3080 2911 2770
f 2771 2790 2772
f 2790 2771 2852
f 2771 2885 2852
f 2885 2771 2909
f 2774 2772 2906
f 2772 2790 2906
f 2785 2773 2917
f 2773 2842 3022
f 2917 2773 3022
f 2775 2774 2848
f 2848 2774 2902
f 2902 2774 2906
f 2863 2776 2775
f 2863 2775 2848
f 2776 2833 2777
f 2833 2776 2863
f 2778 2777 2850
f 2777 2833 2858
f 2777 2858 2850
f 2779 2778 2890
f 2778 2850 2890
f 2780 2779 2840
f 2840 2779 2867
f 2867 2779 2890
f 2782 2780 2851
f 2780 2840 2851
f 2781 2807 2914
f 2914 2830 2781
f 2782 2851 2874
f 2861 2782 2872
f 2782 2874 2872
f 2784 2824 2822
f 2785 2917 2952
f 2952 2980 2785
f 2786 2814 2810
f 2787 2808 2809
f 2788 2943 2817
f 2835 2837 2789
f 2789 2837 2843
f 2906 2790 2852
f 2802 2791 2805
f 2792 2793 2930
f 2793 2844 3011
f 2793 3011 2930
f 2866 2797 2795
f 2879 2795 2861
f 2795 2879 2866
f 2798 2796 2797
f 2875 2798 2797
f 2875 2797 2866
f 2868 2799 2798
f 2875 2868 2798
f 2864 2801 2799
f 2864 2799 2868
f 2813 2800 2819
f 2856 2803 2801
f 2864 2856 2801
f 2802 2805 3073
f 2802 3073 3122
f 2802 3122 3129
f 2804 2803 2823
f 2855 2823 2803
f 2855 2803 2856
f 2847 2808 2804
f 2855 2804 2823
f 2847 2804 2855
f 2889 2805 2812
f 2889 2834 2805
f 2805 2834 3073
f 2819 2806 2820
f 2810 2914 2807
f 2809 2808 2847
f 2811 2809 2846
f 2846 2809 2847
f 2814 2923 2810
f 2810 2854 2914
f 2810 2923 2854
f 2811 2846 2942
f 3013 2811 2942
f 2811 3013 3227
f 3185 2811 3195
f 3216 2811 3185
f 2811 3227 3195
f 3217 2811 3216
f 2812 2813 2841
f 2841 2989 2812
f 2889 2812 2989
f 2988 2813 2819
f 2841 2813 3030
f 3030 2813 2988
f 2815 2818 2814
f 2814 2818 2870
f 2814 2870 2936
f 2814 2944 2923
f 2936 2944 2814
f 2816 2845 2815
f 2815 2870 2818
f 2815 2845 2870
f 2822 2908 2816
f 2816 2926 2845
f 2816 2908 2926
f 2832 2817 3033
f 2817 2943 2947
f 2817 2947 3033
f 2819 2820 2974
f 2988 2819 2974
f 2974 2820 2825
f 2821 2839 2835
f 2839 2821 2893
f 2821 2905 2893
f 2824 2908 2822
f 2826 2859 2824
f 2859 2888 2824
f 2888 2908 2824
f 2825 2827 2894
f 2932 2825 2894
f 2974 2825 2932
f 2829 2865 2826
f 2826 2892 2859
f 2826 2865 2892
f 2827 2828 2853
f 2827 2853 2894
f 2828 2830 2869
f 2853 2828 2924
f 2828 2869 2924
f 2831 2865 2829
f 2830 2954 2869
f 2914 2954 2830
f 2865 2831 3171
f 3171 2831 3266
f 3211 3215 2831
f 2831 3215 3247
f 2831 3247 3267
f 2831 3267 3266
f 2949 2849 2832
f 2949 2832 3091
f 3091 2832 3033
f 2858 2833 2901
f 2901 2833 2863
f 2834 2889 3073
f 2835 2839 2837
f 2836 2898 2883
f 2836 2883 2993
f 2837 2839 2893
f 2837 2876 2843
f 2837 2881 2876
f 2837 2893 2881
f 2838 2970 2857
f 2880 2970 2838
f 2851 2840 2867
f 2958 2989 2841
f 3030 2958 2841
f 3022 2842 2887
f 2876 2903 2843
f 2843 2903 2898
f 3011 2844 2931
f 2845 2926 2870
f 2846 2847 3007
f 2846 3007 2942
f 2847 2855 3007
f 2863 2848 2886
f 2886 2848 2902
f 2927 2849 2949
f 2927 2951 2849
f 2850 2858 2891
f 2850 2891 2890
f 2851 2867 2877
f 2851 2877 2874
f 2852 2885 2906
f 2894 2853 2924
f 2854 2954 2914
f 2923 2944 2854
f 2854 2944 2973
f 2854 2973 2954
f 2855 2856 2860
f 3052 2855 2860
f 3007 2855 3049
f 3049 2855 3094
f 3094 2855 3052
f 2860 2856 2922
f 2856 2864 2922
f 2857 2948 2873
f 2857 2970 2948
f 2858 2901 2891
f 2859 2892 2888
f 3006 2860 2922
f 3006 3052 2860
f 2882 2861 2872
f 2882 2879 2861
f 2862 2878 2919
f 2863 2886 2901
f 2864 2868 2960
f 2922 2864 2977
f 2992 2864 2960
f 2977 2864 3024
f 3024 2864 2992
f 2892 2865 2997
f 2865 2972 2997
f 2972 2865 3017
f 3017 2865 3090
f 3090 2865 3171
f 2875 2866 2879
f 2867 2890 2877
f 2868 2875 2986
f 2960 2868 2986
f 2869 2897 2924
f 2869 2928 2897
f 2954 2928 2869
f 2870 2926 2936
f 3018 3036 2871
f 2874 2956 2872
f 2899 2882 2872
f 2899 2872 2956
f 2873 2985 2878
f 2873 2948 2921
f 2873 2921 2985
f 2877 2981 2874
f 2874 2981 2956
f 2875 2879 2935
f 2933 2875 2935
f 2986 2875 2933
f 2876 2881 2903
f 2890 2953 2877
f 2877 2953 2983
f 2877 2983 2981
f 2878 2962 2919
f 2878 3120 2962
f 2985 3120 2878
f 2879 2882 2899
f 2879 2899 2915
f 2879 2915 2935
f 2880 2884 3039
f 2970 2880 3086
f 3086 2880 3039
f 2881 2893 3012
f 2881 2916 2903
f 2916 2881 2969
f 2881 3012 2969
f 2883 2898 2912
f 2937 2883 2912
f 2957 2883 2937
f 2883 2957 2964
f 2883 2964 2993
f 2884 2978 2959
f 2884 2959 3039
f 2906 2885 2909
f 2886 2902 2901
f 2887 2895 2900
f 2887 2900 3103
f 3022 2887 3103
f 2892 2908 2888
f 2889 2989 3043
f 2889 3043 3073
f 2891 2896 2890
f 2890 2896 2953
f 2891 2950 2896
f 2891 2901 2950
f 2908 2892 3010
f 2892 2997 3188
f 3010 2892 3194
f 3151 2892 3188
f 3194 2892 3151
f 2893 2905 3012
f 2929 2894 2924
f 2932 2894 2929
f 2895 2904 2900
f 2918 2904 2895
f 2896 2950 2953
f 2924 2897 2975
f 2897 2928 3032
f 3070 2975 2897
f 3147 2897 3032
f 3070 2897 3147
f 2903 2916 2898
f 2898 2946 2912
f 2916 2946 2898
f 2915 2899 2956
f 2900 2904 3103
f 2902 2938 2901
f 2901 2938 2950
f 2902 2906 2920
f 2920 2934 2902
f 2902 2934 2938
f 2918 2910 2904
f 2910 3077 2904
f 2904 3077 3103
f 2905 2979 3061
f 3012 2905 3061
f 2909 2907 2906
f 2906 2907 2920
f 2909 2913 2907
f 2913 2920 2907
f 2926 2908 3027
f 2908 2939 2999
f 2939 2908 3010
f 2908 2999 3232
f 3027 2908 3232
f 2911 2913 2909
f 2918 2976 2910
f 2976 2995 2910
f 2910 2995 3077
f 2911 3019 2913
f 2911 3047 3019
f 3047 2911 3082
f 2911 3080 3082
f 2912 2946 2937
f 2913 3249 2920
f 3019 3249 2913
f 2915 2971 2935
f 2994 2915 2956
f 2915 3021 2971
f 2915 2994 3021
f 2916 2969 2946
f 2952 2917 2945
f 2917 3023 2945
f 2917 3022 3023
f 2941 2976 2918
f 2962 3120 2919
f 2919 3205 3020
f 3120 3205 2919
f 2934 2920 3026
f 3026 2920 3243
f 2920 3249 3243
f 2921 2948 2985
f 2966 2922 2977
f 2922 2966 3006
f 2929 2924 2932
f 3144 2932 2924
f 2963 2924 3008
f 2924 2963 3095
f 2924 2975 3008
f 3144 2924 3095
f 2925 2982 2979
f 2936 2926 3259
f 2990 2926 3027
f 2926 2990 3259
f 2949 2951 2927
f 3202 2928 2954
f 3202 3032 2928
f 3071 2931 2965
f 3011 2931 3071
f 2974 2932 3037
f 3140 3037 2932
f 3144 3140 2932
f 2986 2933 2935
f 2938 2934 2996
f 2996 2934 3028
f 2934 3026 3100
f 3028 2934 3101
f 3101 2934 3100
f 2971 3021 2935
f 2986 2935 3003
f 2935 3204 3003
f 3021 3204 2935
f 2944 2936 2940
f 2940 2936 3259
f 2937 2946 2955
f 2937 2955 2957
f 2950 2938 3041
f 2938 2996 3041
f 2999 2939 3246
f 3246 2939 3010
f 2944 2940 3005
f 3005 2940 3155
f 3259 3155 2940
f 2941 3056 2976
f 2941 3009 3092
f 3056 2941 3092
f 2942 3007 2987
f 3013 2942 2987
f 2943 3011 2947
f 3112 2973 2944
f 2944 3005 3050
f 3112 2944 3050
f 2952 2945 3023
f 2955 2946 2998
f 2969 3198 2946
f 2946 3272 2998
f 3198 3274 2946
f 3274 3272 2946
f 2947 3011 3001
f 3033 2947 3001
f 2970 2985 2948
f 2968 2951 2949
f 2968 2949 3118
f 3118 2949 3091
f 2950 3054 2953
f 3054 2950 3041
f 2961 2951 2968
f 2980 2952 3000
f 3000 2952 3014
f 3014 2952 3023
f 2983 2953 3102
f 2953 3054 3192
f 2953 3055 3102
f 3055 2953 3192
f 2973 3202 2954
f 2957 2955 2967
f 2967 2955 2998
f 2981 2983 2956
f 2983 2984 2956
f 2984 2994 2956
f 2964 2957 3045
f 3045 2957 2967
f 3025 2989 2958
f 3025 2958 3030
f 2959 2978 3160
f 3039 2959 3160
f 2960 2986 2992
f 2961 2968 3002
f 2963 3008 3058
f 3095 2963 3058
f 2993 2964 3051
f 3072 2964 3045
f 3051 2964 3113
f 2964 3072 3113
f 3057 3071 2965
f 2966 2977 3024
f 3006 2966 3052
f 2966 3024 3052
f 2967 2998 3045
f 3002 2968 3152
f 2968 3118 3178
f 2968 3282 3152
f 2968 3178 3245
f 2968 3245 3282
f 2969 3012 3167
f 2969 3167 3198
f 2970 3172 2985
f 2970 3086 3176
f 2970 3176 3172
f 2997 2972 3017
f 3035 2973 3112
f 3202 2973 3035
f 2988 2974 3138
f 3031 2974 3037
f 2974 3031 3138
f 3008 2975 3070
f 2976 3034 2995
f 2976 3056 3034
f 2978 3063 3160
f 2979 2982 3104
f 2979 3104 3061
f 2991 2980 3048
f 2980 3000 3016
f 2980 3016 3048
f 2982 3053 3104
f 2984 2983 3015
f 3015 2983 3102
f 3015 2994 2984
f 2985 3184 3120
f 2985 3172 3184
f 2992 2986 3214
f 2986 3003 3214
f 2987 3007 3094
f 3013 2987 3227
f 3227 2987 3094
f 3121 3030 2988
f 3136 2988 3067
f 3067 2988 3137
f 3136 3121 2988
f 2988 3138 3137
f 2989 3025 3038
f 3043 2989 3038
f 3259 2990 3027
f 3018 2991 3048
f 2992 3004 3024
f 3004 2992 3214
f 2993 3051 3076
f 2993 3076 3098
f 2993 3098 3080
f 3115 2994 3015
f 2994 3115 3021
f 2995 3034 3062
f 2995 3062 3077
f 3238 2996 3028
f 3041 2996 3233
f 3233 2996 3238
f 3264 2997 3017
f 3264 3188 2997
f 2998 3239 3045
f 2998 3272 3239
f 3232 2999 3246
f 3016 3000 3014
f 3001 3011 3099
f 3001 3099 3033
f 3040 3002 3152
f 3003 3204 3214
f 3024 3004 3223
f 3004 3214 3223
f 3050 3005 3240
f 3005 3155 3240
f 3007 3049 3094
f 3058 3008 3143
f 3143 3008 3070
f 3092 3009 3083
f 3083 3009 3145
f 3009 3221 3145
f 3009 3270 3221
f 3010 3194 3246
f 3011 3071 3196
f 3011 3193 3099
f 3011 3356 3193
f 3011 3196 3253
f 3011 3253 3356
f 3061 3059 3012
f 3012 3059 3096
f 3012 3096 3167
f 3014 3128 3016
f 3107 3014 3023
f 3014 3107 3335
f 3128 3014 3335
f 3015 3102 3213
f 3015 3235 3115
f 3213 3235 3015
f 3048 3016 3457
f 3016 3128 3362
f 3457 3016 3362
f 3017 3090 3265
f 3264 3017 3265
f 3036 3018 3480
f 3480 3018 3048
f 3019 3047 3249
f 3020 3205 3029
f 3021 3115 3179
f 3021 3179 3208
f 3021 3208 3204
f 3023 3022 3103
f 3023 3103 3124
f 3107 3023 3124
f 3052 3024 3060
f 3024 3230 3060
f 3230 3024 3223
f 3025 3030 3038
f 3100 3026 3243
f 3232 3260 3027
f 3259 3027 3260
f 3238 3028 3101
f 3029 3205 3053
f 3135 3038 3030
f 3135 3030 3121
f 3031 3037 3084
f 3138 3031 3084
f 3147 3032 3148
f 3202 3148 3032
f 3064 3091 3033
f 3033 3177 3064
f 3033 3099 3316
f 3177 3033 3316
f 3056 3173 3034
f 3034 3173 3062
f 3035 3112 3257
f 3202 3035 3256
f 3035 3257 3256
f 3065 3036 3165
f 3480 3165 3036
f 3084 3037 3140
f 3043 3038 3081
f 3038 3089 3081
f 3089 3038 3135
f 3086 3039 3110
f 3110 3039 3160
f 3079 3040 3046
f 3040 3152 3046
f 3054 3041 3164
f 3164 3041 3233
f 3044 3042 3309
f 3042 3220 3225
f 3042 3225 3309
f 3073 3043 3081
f 3270 3044 3291
f 3291 3044 3308
f 3044 3320 3308
f 3320 3044 3309
f 3045 3093 3072
f 3239 3093 3045
f 3079 3046 3152
f 3047 3082 3249
f 3048 3457 3482
f 3480 3048 3482
f 3112 3050 3258
f 3050 3240 3258
f 3076 3051 3074
f 3074 3051 3113
f 3052 3060 3242
f 3094 3052 3242
f 3104 3053 3205
f 3233 3054 3164
f 3192 3054 3233
f 3102 3055 3191
f 3191 3055 3218
f 3226 3055 3192
f 3218 3055 3226
f 3173 3056 3092
f 3057 3065 3492
f 3196 3071 3057
f 3253 3196 3057
f 3253 3057 3492
f 3095 3058 3144
f 3144 3058 3143
f 3061 3078 3059
f 3059 3078 3339
f 3096 3059 3237
f 3237 3059 3339
f 3060 3230 3242
f 3061 3248 3078
f 3104 3248 3061
f 3062 3150 3077
f 3062 3173 3150
f 3109 3114 3063
f 3160 3063 3114
f 3177 3091 3064
f 3065 3165 3492
f 3106 3068 3066
f 3066 3069 3119
f 3066 3125 3106
f 3066 3119 3125
f 3136 3067 3137
f 3069 3075 3108
f 3069 3108 3119
f 3143 3070 3146
f 3146 3070 3147
f 3072 3093 3127
f 3113 3072 3127
f 3073 3081 3122
f 3076 3074 3444
f 3074 3113 3444
f 3085 3075 3079
f 3108 3075 3085
f 3098 3076 3444
f 3077 3134 3103
f 3077 3150 3134
f 3339 3078 3248
f 3085 3079 3219
f 3079 3152 3219
f 3080 3087 3082
f 3088 3087 3080
f 3098 3088 3080
f 3081 3089 3126
f 3122 3081 3132
f 3081 3126 3132
f 3087 3410 3082
f 3082 3410 3249
f 3097 3092 3083
f 3097 3083 3145
f 3084 3139 3138
f 3084 3140 3139
f 3219 3108 3085
f 3086 3110 3168
f 3086 3168 3176
f 3088 3410 3087
f 3088 3098 3105
f 3105 3444 3088
f 3444 3410 3088
f 3126 3089 3133
f 3089 3135 3133
f 3090 3171 3265
f 3118 3091 3153
f 3153 3091 3177
f 3092 3097 3182
f 3394 3173 3092
f 3092 3182 3288
f 3092 3288 3394
f 3127 3093 3206
f 3206 3093 3440
f 3093 3239 3439
f 3093 3439 3440
f 3227 3094 3305
f 3251 3094 3242
f 3094 3251 3305
f 3096 3228 3167
f 3096 3237 3228
f 3182 3097 3145
f 3098 3444 3105
f 3099 3193 3316
f 3101 3100 3238
f 3238 3100 3243
f 3102 3191 3218
f 3102 3218 3213
f 3124 3103 3158
f 3103 3134 3161
f 3158 3103 3161
f 3205 3248 3104
f 3106 3181 3116
f 3106 3125 3181
f 3159 3107 3124
f 3166 3107 3159
f 3335 3107 3166
f 3119 3108 3296
f 3296 3108 3219
f 3111 3114 3109
f 3110 3160 3168
f 3111 3117 3114
f 3111 3129 3117
f 3112 3258 3257
f 3113 3127 3371
f 3113 3371 3444
f 3114 3117 3154
f 3114 3154 3307
f 3114 3431 3160
f 3114 3307 3431
f 3179 3115 3212
f 3115 3235 3212
f 3116 3181 3211
f 3117 3129 3141
f 3154 3117 3141
f 3199 3118 3153
f 3178 3118 3199
f 3123 3125 3119
f 3123 3119 3296
f 3120 3184 3197
f 3120 3197 3205
f 3121 3136 3135
f 3122 3130 3129
f 3122 3132 3130
f 3125 3123 3296
f 3159 3124 3158
f 3125 3186 3181
f 3125 3296 3186
f 3126 3133 3132
f 3127 3206 3440
f 3371 3127 3440
f 3128 3335 3428
f 3128 3428 3362
f 3129 3130 3131
f 3129 3131 3141
f 3131 3130 3142
f 3130 3132 3142
f 3141 3131 3157
f 3131 3142 3157
f 3132 3133 3149
f 3142 3132 3149
f 3149 3133 3135
f 3150 3275 3134
f 3161 3134 3163
f 3134 3275 3163
f 3169 3135 3136
f 3169 3149 3135
f 3136 3137 3156
f 3174 3136 3156
f 3169 3136 3174
f 3156 3137 3138
f 3180 3138 3139
f 3174 3156 3138
f 3180 3174 3138
f 3180 3139 3140
f 3183 3140 3144
f 3180 3140 3170
f 3170 3140 3183
f 3154 3141 3157
f 3142 3149 3307
f 3157 3142 3307
f 3143 3146 3144
f 3190 3144 3146
f 3183 3144 3190
f 3182 3145 3288
f 3145 3221 3288
f 3146 3147 3175
f 3200 3146 3175
f 3190 3146 3200
f 3147 3148 3175
f 3202 3175 3148
f 3149 3169 3224
f 3149 3224 3307
f 3173 3352 3150
f 3150 3352 3275
f 3151 3188 3194
f 3219 3152 3512
f 3282 3289 3152
f 3152 3289 3318
f 3152 3318 3467
f 3152 3467 3512
f 3324 3153 3177
f 3199 3153 3324
f 3154 3157 3307
f 3155 3259 3240
f 3159 3158 3166
f 3162 3158 3161
f 3166 3158 3162
f 3168 3160 3353
f 3160 3431 3353
f 3161 3166 3162
f 3161 3163 3311
f 3166 3161 3311
f 3336 3163 3275
f 3163 3336 3311
f 3165 3480 3482
f 3165 3482 3492
f 3425 3166 3311
f 3335 3166 3425
f 3167 3358 3198
f 3167 3228 3358
f 3176 3168 3346
f 3168 3353 3346
f 3169 3174 3207
f 3169 3207 3304
f 3224 3169 3306
f 3169 3304 3306
f 3183 3180 3170
f 3265 3171 3266
f 3172 3176 3184
f 3352 3173 3365
f 3365 3173 3394
f 3303 3174 3180
f 3303 3207 3174
f 3200 3175 3203
f 3202 3203 3175
f 3176 3229 3184
f 3229 3176 3346
f 3317 3177 3316
f 3324 3177 3317
f 3178 3199 3210
f 3178 3210 3245
f 3179 3212 3208
f 3180 3183 3302
f 3303 3180 3302
f 3181 3186 3187
f 3181 3187 3189
f 3181 3189 3209
f 3211 3181 3209
f 3183 3190 3286
f 3301 3183 3286
f 3183 3301 3302
f 3184 3231 3197
f 3184 3229 3290
f 3231 3184 3290
f 3195 3216 3185
f 3186 3296 3187
f 3189 3187 3392
f 3187 3296 3541
f 3187 3541 3392
f 3194 3188 3263
f 3263 3188 3264
f 3209 3189 3201
f 3189 3392 3201
f 3190 3200 3298
f 3286 3190 3299
f 3299 3190 3298
f 3192 3233 3226
f 3193 3333 3316
f 3193 3356 3333
f 3246 3194 3262
f 3262 3194 3263
f 3241 3216 3195
f 3195 3227 3305
f 3241 3195 3305
f 3197 3222 3205
f 3197 3287 3222
f 3197 3231 3287
f 3198 3432 3274
f 3358 3432 3198
f 3210 3199 3324
f 3200 3203 3297
f 3200 3297 3298
f 3209 3201 3268
f 3201 3392 3268
f 3202 3297 3203
f 3202 3256 3337
f 3202 3373 3297
f 3337 3342 3202
f 3342 3423 3202
f 3202 3374 3373
f 3532 3374 3202
f 3423 3532 3202
f 3328 3204 3208
f 3325 3214 3204
f 3325 3204 3328
f 3205 3222 3250
f 3205 3341 3248
f 3205 3250 3618
f 3205 3470 3341
f 3205 3730 3470
f 3205 3618 3730
f 3304 3207 3303
f 3235 3208 3212
f 3235 3330 3208
f 3328 3208 3330
f 3211 3209 3234
f 3234 3209 3268
f 3210 3282 3245
f 3210 3295 3282
f 3210 3324 3295
f 3211 3234 3215
f 3213 3218 3277
f 3277 3235 3213
f 3325 3223 3214
f 3234 3236 3215
f 3215 3236 3247
f 3217 3216 3241
f 3220 3217 3241
f 3218 3226 3273
f 3276 3218 3273
f 3277 3218 3276
f 3296 3219 3529
f 3219 3512 3513
f 3219 3513 3529
f 3225 3220 3241
f 3221 3270 3244
f 3221 3244 3609
f 3461 3288 3221
f 3461 3221 3484
f 3221 3609 3484
f 3475 3250 3222
f 3222 3287 3460
f 3574 3222 3460
f 3574 3475 3222
f 3323 3230 3223
f 3323 3223 3325
f 3224 3306 3307
f 3225 3241 3309
f 3226 3233 3269
f 3273 3226 3269
f 3237 3358 3228
f 3229 3346 3290
f 3242 3230 3322
f 3322 3230 3323
f 3231 3290 3287
f 3232 3246 3261
f 3232 3261 3260
f 3233 3238 3269
f 3234 3268 3236
f 3319 3235 3277
f 3340 3235 3319
f 3235 3418 3330
f 3340 3488 3235
f 3418 3235 3481
f 3235 3488 3481
f 3236 3268 3247
f 3237 3339 3358
f 3254 3238 3243
f 3269 3238 3254
f 3272 3332 3239
f 3332 3439 3239
f 3240 3259 3258
f 3241 3305 3520
f 3309 3241 3433
f 3433 3241 3562
f 3241 3520 3562
f 3314 3251 3242
f 3314 3242 3322
f 3243 3249 3252
f 3254 3243 3252
f 3244 3270 3255
f 3244 3255 3280
f 3244 3280 3609
f 3246 3262 3261
f 3247 3268 3267
f 3248 3543 3339
f 3248 3341 3434
f 3248 3434 3543
f 3249 3271 3252
f 3271 3249 3393
f 3393 3249 3409
f 3249 3410 3409
f 3250 3475 3618
f 3305 3251 3313
f 3313 3251 3314
f 3254 3252 3279
f 3252 3271 3279
f 3356 3253 3364
f 3253 3492 3364
f 3254 3284 3269
f 3254 3279 3284
f 3255 3270 3280
f 3256 3257 3337
f 3257 3258 3337
f 3259 3355 3258
f 3337 3258 3343
f 3258 3355 3343
f 3259 3260 3331
f 3259 3331 3355
f 3261 3315 3260
f 3260 3315 3359
f 3260 3357 3331
f 3260 3359 3357
f 3315 3261 3262
f 3262 3263 3367
f 3315 3262 3367
f 3264 3378 3263
f 3367 3263 3368
f 3263 3378 3368
f 3265 3283 3264
f 3264 3283 3378
f 3266 3292 3265
f 3265 3292 3283
f 3267 3278 3266
f 3266 3278 3292
f 3268 3392 3267
f 3267 3392 3278
f 3269 3284 3273
f 3281 3280 3270
f 3270 3291 3281
f 3279 3271 3403
f 3271 3393 3403
f 3274 3285 3272
f 3272 3285 3332
f 3273 3293 3276
f 3273 3284 3293
f 3274 3432 3285
f 3275 3338 3336
f 3275 3352 3338
f 3276 3319 3277
f 3276 3293 3310
f 3276 3310 3319
f 3278 3392 3292
f 3284 3279 3407
f 3279 3403 3408
f 3279 3408 3407
f 3281 3609 3280
f 3281 3291 3715
f 3715 3609 3281
f 3282 3294 3289
f 3282 3295 3294
f 3283 3292 3378
f 3284 3376 3293
f 3376 3284 3407
f 3285 3381 3332
f 3432 3381 3285
f 3286 3299 3300
f 3286 3300 3301
f 3287 3290 3321
f 3460 3287 3321
f 3288 3461 3394
f 3289 3294 3318
f 3321 3290 3460
f 3290 3346 3347
f 3460 3290 3347
f 3291 3308 3659
f 3715 3291 3659
f 3378 3292 3392
f 3293 3344 3310
f 3344 3293 3404
f 3293 3376 3407
f 3293 3407 3404
f 3294 3295 3312
f 3294 3312 3318
f 3295 3324 3312
f 3296 3529 3765
f 3541 3296 3780
f 3296 3765 3780
f 3298 3297 3373
f 3329 3299 3298
f 3329 3298 3366
f 3366 3298 3379
f 3379 3298 3373
f 3300 3299 3386
f 3299 3329 3386
f 3301 3300 3386
f 3302 3301 3388
f 3388 3301 3386
f 3303 3302 3383
f 3383 3302 3349
f 3349 3302 3388
f 3304 3303 3397
f 3303 3383 3391
f 3303 3391 3397
f 3345 3306 3304
f 3345 3304 3401
f 3401 3304 3397
f 3313 3350 3305
f 3305 3350 3507
f 3305 3507 3520
f 3307 3306 3345
f 3307 3345 3455
f 3431 3307 3675
f 3307 3455 3506
f 3307 3506 3667
f 3307 3667 3675
f 3320 3433 3308
f 3308 3433 3659
f 3327 3320 3309
f 3327 3309 3433
f 3340 3319 3310
f 3340 3310 3400
f 3310 3344 3348
f 3400 3310 3348
f 3336 3351 3311
f 3351 3414 3311
f 3414 3496 3311
f 3424 3425 3311
f 3424 3311 3454
f 3495 3454 3311
f 3495 3311 3645
f 3311 3496 3604
f 3311 3604 3620
f 3645 3311 3620
f 3318 3312 3326
f 3312 3324 3557
f 3326 3312 3360
f 3312 3577 3360
f 3312 3557 3577
f 3313 3314 3350
f 3314 3322 3372
f 3350 3314 3354
f 3314 3372 3354
f 3315 3367 3359
f 3316 3375 3317
f 3316 3333 3375
f 3317 3375 3324
f 3318 3326 3360
f 3318 3360 3467
f 3320 3327 3433
f 3322 3323 3334
f 3322 3334 3372
f 3323 3325 3382
f 3334 3323 3372
f 3372 3323 3382
f 3375 3525 3324
f 3324 3525 3584
f 3557 3324 3561
f 3324 3584 3561
f 3325 3328 3363
f 3325 3363 3395
f 3325 3395 3382
f 3328 3330 3418
f 3363 3328 3395
f 3328 3418 3395
f 3329 3366 3384
f 3329 3384 3386
f 3331 3357 3355
f 3381 3438 3332
f 3332 3438 3439
f 3356 3361 3333
f 3333 3361 3511
f 3375 3333 3429
f 3449 3429 3333
f 3449 3333 3511
f 3335 3425 3428
f 3338 3351 3336
f 3337 3343 3342
f 3352 3351 3338
f 3358 3339 3812
f 3339 3543 3812
f 3340 3400 3417
f 3417 3488 3340
f 3341 3470 3434
f 3423 3342 3343
f 3420 3343 3355
f 3423 3343 3420
f 3348 3344 3402
f 3344 3404 3402
f 3455 3345 3401
f 3347 3346 3353
f 3347 3353 3369
f 3347 3369 3497
f 3460 3347 3591
f 3347 3497 3591
f 3400 3348 3402
f 3383 3349 3391
f 3390 3349 3388
f 3349 3390 3391
f 3350 3354 3398
f 3350 3398 3468
f 3507 3350 3468
f 3352 3396 3351
f 3351 3396 3414
f 3352 3365 3370
f 3352 3370 3430
f 3352 3422 3396
f 3422 3352 3430
f 3369 3353 3497
f 3353 3431 3497
f 3504 3354 3372
f 3398 3354 3399
f 3504 3399 3354
f 3355 3357 3415
f 3355 3415 3416
f 3420 3355 3416
f 3356 3364 3361
f 3357 3359 3413
f 3357 3413 3415
f 3358 3582 3432
f 3358 3812 3582
f 3359 3367 3412
f 3359 3412 3413
f 3467 3360 3577
f 3361 3364 3452
f 3511 3361 3452
f 3362 3428 3457
f 3704 3452 3364
f 3486 3364 3492
f 3364 3486 3706
f 3704 3364 3705
f 3364 3706 3705
f 3370 3365 3394
f 3366 3379 3380
f 3384 3366 3380
f 3367 3368 3387
f 3367 3387 3412
f 3368 3378 3406
f 3411 3387 3368
f 3411 3368 3406
f 3370 3394 3445
f 3370 3445 3430
f 3435 3371 3440
f 3371 3435 3442
f 3371 3442 3444
f 3377 3372 3382
f 3498 3372 3377
f 3504 3372 3498
f 3373 3374 3379
f 3379 3374 3472
f 3532 3472 3374
f 3375 3429 3449
f 3375 3449 3525
f 3377 3382 3385
f 3377 3385 3498
f 3378 3392 3406
f 3380 3379 3458
f 3458 3379 3472
f 3384 3380 3450
f 3450 3380 3456
f 3380 3458 3456
f 3432 3438 3381
f 3385 3382 3491
f 3382 3395 3491
f 3386 3384 3437
f 3437 3384 3450
f 3491 3498 3385
f 3388 3386 3389
f 3386 3437 3389
f 3387 3411 3412
f 3388 3389 3390
f 3390 3389 3427
f 3389 3437 3427
f 3391 3390 3426
f 3390 3427 3426
f 3397 3391 3405
f 3405 3391 3421
f 3391 3426 3421
f 3392 3665 3406
f 3541 3665 3392
f 3403 3393 3409
f 3445 3394 3578
f 3461 3484 3394
f 3484 3489 3394
f 3394 3489 3587
f 3394 3587 3578
f 3395 3418 3481
f 3483 3395 3481
f 3395 3483 3491
f 3396 3422 3414
f 3397 3405 3401
f 3398 3399 3473
f 3468 3398 3473
f 3504 3473 3399
f 3402 3464 3400
f 3400 3464 3417
f 3401 3405 3436
f 3487 3401 3436
f 3455 3401 3536
f 3536 3401 3487
f 3404 3463 3402
f 3402 3463 3464
f 3403 3409 3408
f 3404 3407 3518
f 3404 3518 3463
f 3502 3405 3421
f 3436 3405 3502
f 3406 3479 3411
f 3479 3406 3592
f 3406 3665 3592
f 3408 3448 3407
f 3448 3465 3407
f 3407 3465 3494
f 3518 3407 3494
f 3408 3409 3477
f 3448 3408 3477
f 3410 3447 3409
f 3409 3447 3477
f 3444 3656 3410
f 3447 3410 3478
f 3410 3656 3478
f 3570 3412 3411
f 3570 3411 3474
f 3474 3411 3588
f 3411 3479 3517
f 3411 3517 3588
f 3412 3441 3413
f 3441 3412 3570
f 3415 3413 3471
f 3567 3413 3441
f 3471 3413 3567
f 3414 3422 3496
f 3416 3415 3419
f 3419 3415 3471
f 3416 3419 3443
f 3416 3453 3420
f 3416 3443 3503
f 3416 3503 3453
f 3417 3464 3459
f 3598 3417 3459
f 3598 3488 3417
f 3443 3419 3471
f 3423 3420 3532
f 3420 3453 3538
f 3532 3420 3538
f 3421 3426 3446
f 3502 3421 3446
f 3581 3422 3430
f 3422 3581 3496
f 3428 3425 3424
f 3428 3424 3454
f 3426 3427 3466
f 3466 3446 3426
f 3427 3437 3505
f 3466 3427 3552
f 3427 3505 3552
f 3428 3454 3495
f 3457 3428 3510
f 3428 3495 3722
f 3510 3428 3722
f 3430 3445 3578
f 3430 3578 3813
f 3581 3430 3813
f 3431 3527 3497
f 3431 3566 3527
f 3431 3605 3566
f 3605 3431 3675
f 3432 3451 3438
f 3432 3612 3451
f 3432 3582 3612
f 3433 3562 3659
f 3434 3470 3717
f 3434 3610 3543
f 3434 3717 3610
f 3435 3440 3442
f 3522 3487 3436
f 3522 3436 3502
f 3437 3450 3519
f 3505 3437 3519
f 3438 3476 3439
f 3438 3451 3514
f 3438 3514 3476
f 3439 3476 3440
f 3440 3490 3442
f 3476 3490 3440
f 3567 3441 3568
f 3441 3570 3568
f 3442 3549 3444
f 3442 3490 3585
f 3442 3585 3549
f 3443 3471 3493
f 3443 3493 3553
f 3553 3503 3443
f 3549 3624 3444
f 3444 3624 3656
f 3446 3466 3628
f 3502 3446 3630
f 3446 3628 3630
f 3477 3447 3608
f 3447 3478 3597
f 3447 3597 3617
f 3608 3447 3617
f 3448 3477 3465
f 3449 3511 3525
f 3450 3456 3509
f 3519 3450 3509
f 3514 3451 3555
f 3451 3612 3555
f 3511 3452 3704
f 3453 3503 3542
f 3538 3453 3547
f 3547 3453 3542
f 3455 3462 3506
f 3462 3455 3539
f 3455 3536 3539
f 3456 3458 3535
f 3509 3456 3535
f 3469 3457 3510
f 3558 3457 3469
f 3482 3457 3558
f 3616 3458 3472
f 3535 3458 3616
f 3464 3540 3459
f 3540 3809 3459
f 3598 3459 3682
f 3459 3753 3682
f 3809 3753 3459
f 3574 3460 3591
f 3462 3539 3501
f 3661 3462 3501
f 3506 3462 3661
f 3463 3524 3464
f 3463 3518 3524
f 3540 3464 3524
f 3477 3494 3465
f 3627 3466 3552
f 3607 3466 3627
f 3628 3466 3607
f 3512 3467 3515
f 3467 3577 3515
f 3468 3473 3507
f 3469 3510 3558
f 3470 3791 3717
f 3470 3730 3791
f 3493 3471 3556
f 3556 3471 3560
f 3471 3567 3560
f 3550 3472 3532
f 3616 3472 3550
f 3473 3504 3507
f 3474 3588 3570
f 3618 3475 3574
f 3476 3500 3490
f 3476 3514 3500
f 3477 3564 3494
f 3564 3477 3608
f 3478 3656 3597
f 3517 3479 3592
f 3483 3481 3485
f 3481 3523 3485
f 3481 3488 3523
f 3492 3482 3521
f 3521 3482 3558
f 3483 3485 3491
f 3484 3609 3489
f 3491 3485 3499
f 3499 3485 3548
f 3485 3523 3601
f 3548 3485 3601
f 3486 3492 3531
f 3486 3531 3589
f 3486 3589 3707
f 3486 3707 3706
f 3536 3487 3522
f 3488 3598 3523
f 3587 3489 3583
f 3489 3609 3583
f 3490 3500 3508
f 3490 3508 3534
f 3603 3490 3534
f 3585 3490 3603
f 3498 3491 3615
f 3491 3499 3615
f 3531 3492 3521
f 3553 3493 3556
f 3518 3494 3586
f 3494 3564 3594
f 3494 3576 3586
f 3494 3594 3576
f 3495 3645 3664
f 3722 3495 3664
f 3496 3581 3745
f 3604 3496 3745
f 3497 3527 3593
f 3591 3497 3611
f 3669 3497 3593
f 3611 3497 3669
f 3554 3504 3498
f 3554 3498 3590
f 3498 3615 3590
f 3602 3499 3548
f 3615 3499 3602
f 3508 3500 3534
f 3514 3555 3500
f 3500 3555 3534
f 3539 3661 3501
f 3551 3522 3502
f 3551 3502 3630
f 3542 3503 3545
f 3545 3503 3553
f 3507 3504 3559
f 3504 3554 3573
f 3504 3573 3559
f 3505 3519 3552
f 3506 3661 3667
f 3507 3559 3520
f 3519 3509 3621
f 3572 3509 3535
f 3619 3509 3572
f 3621 3509 3619
f 3558 3510 3709
f 3781 3709 3510
f 3734 3510 3722
f 3734 3781 3510
f 3511 3528 3525
f 3511 3702 3528
f 3511 3704 3702
f 3513 3512 3515
f 3513 3515 3516
f 3513 3516 3529
f 3516 3515 3533
f 3696 3533 3515
f 3577 3614 3515
f 3515 3614 3670
f 3515 3670 3754
f 3696 3515 3876
f 3876 3515 3754
f 3529 3516 3533
f 3517 3592 3588
f 3518 3546 3524
f 3546 3518 3586
f 3552 3519 3563
f 3563 3519 3621
f 3520 3559 3710
f 3699 3562 3520
f 3699 3520 3866
f 3520 3710 3866
f 3531 3521 3558
f 3536 3522 3551
f 3523 3598 3601
f 3524 3526 3540
f 3524 3546 3526
f 3525 3528 3530
f 3584 3525 3530
f 3540 3526 3575
f 3526 3546 3575
f 3652 3527 3566
f 3652 3593 3527
f 3530 3528 3648
f 3528 3702 3648
f 3529 3533 3696
f 3529 3696 3825
f 3529 3825 3765
f 3584 3530 3719
f 3530 3648 3711
f 3530 3711 3719
f 3531 3558 3544
f 3589 3531 3544
f 3532 3538 3537
f 3532 3537 3550
f 3534 3555 3784
f 3603 3534 3695
f 3534 3784 3695
f 3572 3535 3616
f 3539 3536 3565
f 3536 3551 3565
f 3537 3538 3623
f 3623 3550 3537
f 3547 3626 3538
f 3538 3625 3623
f 3626 3625 3538
f 3539 3565 3650
f 3539 3650 3661
f 3540 3575 3569
f 3809 3540 3569
f 3541 3849 3665
f 3541 3780 3849
f 3542 3545 3547
f 3610 3717 3543
f 3717 3812 3543
f 3544 3558 3589
f 3545 3553 3547
f 3546 3586 3575
f 3553 3626 3547
f 3548 3601 3658
f 3602 3548 3634
f 3548 3658 3634
f 3585 3624 3549
f 3550 3613 3616
f 3731 3613 3550
f 3731 3550 3623
f 3565 3551 3639
f 3551 3630 3639
f 3627 3552 3563
f 3553 3556 3629
f 3553 3629 3626
f 3554 3590 3573
f 3555 3612 3697
f 3555 3697 3784
f 3556 3560 3631
f 3556 3631 3629
f 3577 3557 3561
f 3558 3788 3589
f 3558 3709 3774
f 3558 3774 3785
f 3558 3785 3788
f 3559 3573 3870
f 3710 3559 3761
f 3761 3559 3869
f 3559 3870 3869
f 3567 3635 3560
f 3560 3633 3631
f 3560 3635 3633
f 3577 3561 3726
f 3561 3584 3726
f 3659 3562 3836
f 3562 3699 3836
f 3627 3563 3621
f 3564 3608 3594
f 3565 3639 3650
f 3566 3605 3632
f 3652 3566 3632
f 3568 3571 3567
f 3567 3571 3635
f 3570 3606 3568
f 3568 3606 3571
f 3569 3575 3637
f 3579 3569 3637
f 3809 3569 3579
f 3570 3588 3643
f 3606 3570 3643
f 3571 3606 3640
f 3640 3635 3571
f 3572 3616 3619
f 3573 3590 3622
f 3596 3573 3622
f 3870 3573 3596
f 3574 3591 3600
f 3618 3574 3600
f 3575 3586 3637
f 3586 3576 3594
f 3577 3726 3614
f 3578 3587 3580
f 3578 3580 3813
f 3579 3637 3636
f 3809 3579 3636
f 3580 3587 3599
f 3580 3599 3693
f 3580 3693 3813
f 4081 3745 3581
f 3581 3813 4081
f 3582 3812 3612
f 3583 3595 3587
f 3583 3609 3595
f 3584 3719 3726
f 3585 3603 3695
f 3585 3662 3624
f 3585 3695 3662
f 3641 3586 3594
f 3637 3586 3641
f 3587 3595 3760
f 3599 3587 3693
f 3587 3748 3693
f 3587 3826 3748
f 3587 3760 3826
f 3592 3655 3588
f 3588 3649 3643
f 3655 3649 3588
f 3589 3714 3707
f 3589 3744 3714
f 3589 3758 3744
f 3758 3589 3767
f 3589 3788 3767
f 3590 3615 3806
f 3622 3590 3816
f 3590 3806 3816
f 3591 3739 3600
f 3674 3591 3611
f 3591 3674 3739
f 3665 3655 3592
f 3669 3593 3652
f 3644 3594 3608
f 3641 3594 3644
f 3595 3609 3760
f 3596 3622 3872
f 3596 3872 3870
f 3597 3656 3617
f 3601 3598 3682
f 3600 3739 3618
f 3601 3682 3658
f 3602 3634 3615
f 3620 3604 3745
f 3605 3861 3632
f 3605 3675 3843
f 3605 3843 3885
f 3897 3861 3605
f 3899 3605 3885
f 3605 3899 3897
f 3606 3643 3640
f 3607 3627 3628
f 3608 3617 3651
f 3644 3608 3647
f 3647 3608 3651
f 3609 3715 4063
f 3760 3609 3830
f 3609 4063 3830
f 3611 3669 3674
f 3697 3612 3713
f 3612 3812 3713
f 3672 3616 3613
f 3671 3678 3613
f 3731 3671 3613
f 3678 3672 3613
f 3670 3614 3687
f 3614 3726 3687
f 3615 3634 3724
f 3768 3615 3724
f 3615 3768 3806
f 3668 3619 3616
f 3672 3668 3616
f 3617 3656 3651
f 3730 3618 3654
f 3618 3739 3654
f 3660 3621 3619
f 3660 3619 3668
f 3645 3620 3745
f 3653 3627 3621
f 3660 3653 3621
f 3872 3622 3816
f 3623 3625 3731
f 3624 3792 3656
f 3624 3662 3735
f 3624 3735 3819
f 3624 3828 3792
f 3624 3819 3828
f 3625 3626 3727
f 3625 3727 3746
f 3731 3625 3741
f 3741 3625 3746
f 3626 3629 3771
f 3727 3626 3747
f 3626 3771 3747
f 3653 3628 3627
f 3630 3628 3642
f 3642 3628 3653
f 3631 3732 3629
f 3629 3732 3771
f 3630 3642 3638
f 3630 3638 3684
f 3639 3630 3683
f 3630 3684 3683
f 3633 3732 3631
f 3801 3652 3632
f 3632 3861 3801
f 3633 3635 3691
f 3633 3691 3732
f 3634 3658 3724
f 3635 3640 3811
f 3691 3635 3786
f 3635 3811 3786
f 3692 3636 3637
f 3721 3636 3692
f 3723 3636 3721
f 3809 3636 3723
f 3641 3712 3637
f 3716 3692 3637
f 3637 3712 3703
f 3703 3716 3637
f 3638 3642 3653
f 3646 3638 3653
f 3638 3646 3686
f 3638 3686 3684
f 3650 3639 3681
f 3681 3639 3683
f 3640 3643 3811
f 3644 3700 3641
f 3641 3700 3712
f 3649 3736 3643
f 3643 3736 3815
f 3643 3815 3811
f 3698 3644 3647
f 3698 3700 3644
f 3742 3664 3645
f 3742 3645 3750
f 3645 3745 3750
f 3646 3653 3657
f 3686 3646 3657
f 3673 3647 3651
f 3673 3679 3647
f 3685 3647 3679
f 3685 3698 3647
f 3648 3702 3711
f 3779 3649 3655
f 3649 3720 3736
f 3779 3720 3649
f 3661 3650 3681
f 3673 3651 3656
f 3669 3652 3739
f 3652 3798 3739
f 3798 3652 3901
f 3652 3801 3919
f 3652 4020 3901
f 3919 4020 3652
f 3657 3653 3660
f 3730 3654 3755
f 3654 3739 3755
f 3655 3665 3740
f 3808 3655 3740
f 3779 3655 3808
f 3792 3673 3656
f 3657 3660 3663
f 3688 3657 3663
f 3686 3657 3688
f 3658 3682 3878
f 3840 3724 3658
f 3840 3658 3878
f 3715 3659 3915
f 3659 3836 3915
f 3660 3668 3663
f 3667 3661 3677
f 3661 3681 3677
f 3662 3695 3749
f 3819 3735 3662
f 3882 3662 3749
f 3819 3662 3882
f 3663 3668 3666
f 3689 3663 3666
f 3688 3663 3689
f 3722 3664 3742
f 3740 3665 3852
f 3665 3849 3914
f 3665 3914 3852
f 3666 3668 3672
f 3666 3672 3671
f 3666 3671 3690
f 3689 3666 3690
f 3667 3676 3675
f 3667 3677 3676
f 3674 3669 3739
f 3754 3670 3687
f 3671 3672 3678
f 3690 3671 3694
f 3694 3671 3731
f 3673 3685 3679
f 3680 3685 3673
f 3792 3680 3673
f 3675 3676 3773
f 3675 3773 3842
f 3843 3675 3842
f 3676 3677 3733
f 3738 3676 3733
f 3773 3676 3738
f 3677 3681 3817
f 3733 3677 3833
f 3833 3677 3817
f 3680 3794 3685
f 3792 3794 3680
f 3817 3681 3683
f 3878 3682 3753
f 3701 3683 3684
f 3817 3683 3701
f 3684 3686 3718
f 3775 3701 3684
f 3684 3718 3795
f 3775 3684 3805
f 3805 3684 3795
f 3799 3698 3685
f 3794 3796 3685
f 3796 3799 3685
f 3686 3688 3795
f 3718 3686 3795
f 3754 3687 3726
f 3743 3688 3689
f 3795 3688 3743
f 3689 3690 3776
f 3743 3689 3769
f 3769 3689 3776
f 3756 3690 3694
f 3690 3756 3776
f 3732 3691 3783
f 3783 3691 3786
f 3721 3692 3716
f 3693 3748 3813
f 3694 3731 3759
f 3766 3756 3694
f 3759 3766 3694
f 3749 3695 4082
f 3695 3784 3883
f 3695 3883 4082
f 3825 3696 3876
f 3697 3713 3784
f 3698 3729 3700
f 3770 3729 3698
f 3799 3770 3698
f 3699 3866 3836
f 3700 3728 3712
f 3700 3729 3728
f 3775 3805 3701
f 3817 3701 3805
f 3704 3708 3702
f 3702 3708 3711
f 3716 3703 3712
f 3704 3705 3708
f 3705 3706 3708
f 3706 3707 3708
f 3707 3714 3708
f 3711 3708 3835
f 3708 3714 3851
f 3708 4004 3835
f 3708 3851 3913
f 3708 3913 4003
f 3708 4003 4004
f 3774 3709 3781
f 3710 3761 3866
f 3947 3719 3711
f 3823 3711 3835
f 4006 3711 3823
f 3947 3711 4006
f 3712 3804 3716
f 3712 3728 3802
f 3712 3802 3804
f 3784 3713 3810
f 3810 3713 3812
f 3714 3744 3725
f 3851 3714 3725
f 3715 3915 4063
f 3716 3751 3721
f 3716 3804 3751
f 3717 3791 3812
f 3726 3719 3777
f 3947 3777 3719
f 3736 3720 3779
f 3721 3751 3723
f 3789 3734 3722
f 3722 3742 3789
f 3809 3723 3751
f 3768 3724 3877
f 3877 3724 3840
f 3725 3744 3851
f 3754 3726 3898
f 3726 3777 3947
f 3898 3726 4251
f 3726 3947 4251
f 3727 3747 3746
f 3729 3802 3728
f 3770 3800 3729
f 3800 3802 3729
f 3737 3730 3772
f 3730 3737 3807
f 3772 3730 3755
f 3730 3807 3791
f 3731 3741 3759
f 3732 3783 3771
f 3738 3733 3833
f 3781 3734 3787
f 3793 3787 3734
f 3793 3734 3789
f 3736 3779 3815
f 3737 3772 3807
f 3773 3738 3833
f 3755 3739 3891
f 3739 3798 3891
f 3808 3740 3852
f 3741 3746 3850
f 3741 3764 3759
f 3741 3850 3764
f 3742 3750 3752
f 3789 3742 3752
f 3743 3769 3776
f 3795 3743 3776
f 3758 3762 3744
f 3744 3762 3851
f 3745 3778 3750
f 3778 3745 4011
f 4011 3745 4035
f 4035 3745 4081
f 3902 3746 3747
f 3902 3850 3746
f 3747 3771 3782
f 3747 3782 3827
f 3747 3827 3895
f 3902 3747 3895
f 3748 3826 3813
f 3882 3749 4082
f 3750 4179 3752
f 3778 4179 3750
f 3809 3751 3804
f 3789 3752 3864
f 3752 4146 3864
f 3752 4093 4146
f 3752 4179 4093
f 3809 3879 3753
f 3878 3753 3879
f 3803 3876 3754
f 3803 3754 3898
f 3755 3757 3772
f 3757 3755 3891
f 3756 3766 3776
f 3772 3757 3797
f 3797 3757 3831
f 3831 3757 3868
f 3757 3891 3868
f 3758 3763 3762
f 3758 3767 3763
f 3759 3764 3821
f 3766 3759 3821
f 3826 3760 3830
f 3761 3869 3866
f 3762 3763 4001
f 3851 3762 4001
f 3944 3763 3767
f 4001 3763 3944
f 3764 3863 3821
f 3850 3986 3764
f 3986 3863 3764
f 3780 3765 4021
f 3825 3887 3765
f 3765 3887 4021
f 3855 3776 3766
f 3766 3821 3860
f 3855 3766 3859
f 3859 3766 3860
f 3767 3788 3790
f 3944 3767 3790
f 3806 3768 3874
f 3768 3877 3874
f 3799 3800 3770
f 3782 3771 3905
f 3905 3771 3783
f 3772 3797 3845
f 3772 3845 3807
f 3842 3773 3833
f 3774 3781 3785
f 3795 3776 3859
f 3859 3776 3855
f 4179 3778 4011
f 3779 3808 3852
f 3779 3852 3815
f 3849 3780 4057
f 3780 4021 4051
f 3780 4051 4067
f 3780 4067 4057
f 3781 3787 3785
f 3827 3782 3905
f 3783 3786 3839
f 3905 3783 3839
f 3784 3810 3883
f 3785 3787 3854
f 3785 3832 3788
f 3785 3854 3832
f 3786 3811 3907
f 3839 3786 3907
f 3787 3793 3864
f 3787 3864 3854
f 3790 3788 3944
f 3788 3832 3906
f 3788 3906 3952
f 3944 3788 3952
f 3793 3789 3864
f 3791 3807 3812
f 3792 3955 3794
f 3828 3939 3792
f 3939 3961 3792
f 3792 3973 3955
f 3792 3961 3973
f 3794 3838 3796
f 3838 3794 3924
f 3924 3794 3938
f 3794 3955 3938
f 3805 3795 3856
f 3795 3814 3856
f 3814 3795 3859
f 3799 3796 3837
f 3837 3796 3922
f 3796 3838 3922
f 3797 3831 3841
f 3797 3841 3845
f 3798 3901 3891
f 3800 3799 3921
f 3799 3837 3921
f 3802 3800 3921
f 3861 3919 3801
f 3802 3867 3804
f 3867 3802 3912
f 3912 3802 3921
f 3898 3876 3803
f 3809 3804 3892
f 3804 3867 3892
f 3817 3805 3853
f 3853 3805 3856
f 3816 3806 3873
f 3806 3874 3873
f 3807 3824 3812
f 3807 3845 3824
f 3809 3941 3879
f 3809 3892 3916
f 3809 3916 4244
f 3809 3970 3941
f 3809 4033 3970
f 3809 4078 4033
f 3809 4086 4078
f 3809 4182 4086
f 4182 3809 4244
f 3810 3812 3818
f 3810 3818 3883
f 3811 3815 3847
f 3811 3847 3907
f 3812 3820 3818
f 3812 3822 3820
f 3812 3834 3822
f 3824 3865 3812
f 3865 3834 3812
f 3826 4025 3813
f 3813 4025 4236
f 3813 4236 4081
f 3814 3857 3856
f 3814 3859 3857
f 3847 3815 3908
f 3815 3852 3908
f 3816 3873 3872
f 3817 3829 3848
f 3829 3817 3853
f 3833 3817 3848
f 3820 3983 3818
f 3818 3983 3883
f 3819 3846 3828
f 3819 3882 3846
f 3820 3822 3991
f 3820 3991 3983
f 3821 3862 3860
f 3821 3863 3862
f 3822 3834 3991
f 3823 3835 4006
f 3845 3926 3824
f 3824 3923 3865
f 3824 3926 3923
f 3825 3876 3894
f 3825 3894 3887
f 3826 3830 3911
f 3826 3911 4025
f 3895 3827 3904
f 3827 3905 3904
f 3846 3939 3828
f 3829 3853 3848
f 3830 3975 3911
f 3830 4063 3975
f 3841 3831 3868
f 3832 3854 3871
f 3832 3871 3906
f 3833 3848 3842
f 3865 3942 3834
f 3991 3834 3942
f 3835 4004 4006
f 3836 3866 3993
f 3915 3836 4055
f 3836 3993 4055
f 3837 3930 3921
f 3837 3922 3930
f 3838 3924 3922
f 3839 3907 3905
f 3877 3840 3878
f 3841 3858 3845
f 3841 3868 3858
f 3842 3844 3843
f 3842 3848 3844
f 3843 3844 3875
f 3843 3875 3885
f 3844 3848 3950
f 3875 3844 3965
f 3844 3950 3965
f 3858 4095 3845
f 3845 4095 3926
f 3882 3886 3846
f 3886 3917 3846
f 3846 3917 3939
f 3907 3847 3908
f 3848 3853 3927
f 3848 3927 3950
f 3849 4057 3914
f 4052 3850 3902
f 3986 3850 4052
f 3851 4001 3913
f 3908 3852 3909
f 3852 3914 3909
f 3853 3856 3937
f 3927 3853 3881
f 3881 3853 3937
f 3854 3864 3871
f 3856 3857 3910
f 3856 3910 3920
f 3856 3920 3937
f 3857 3859 3900
f 3920 3857 3900
f 3920 3910 3857
f 3868 4253 3858
f 4095 3858 4233
f 3858 4253 4233
f 3859 3860 3893
f 3859 3893 3900
f 3860 3862 3880
f 3893 3860 3880
f 3897 3919 3861
f 3862 3863 3884
f 3862 3884 3880
f 3986 3884 3863
f 3871 3864 3896
f 3896 3864 4064
f 4121 4064 3864
f 4121 3864 4146
f 3923 3928 3865
f 3928 3942 3865
f 3993 3866 3869
f 3867 3912 3892
f 3891 3992 3868
f 3868 3992 4117
f 3868 4117 4210
f 4210 4253 3868
f 3932 3869 3870
f 3932 3993 3869
f 3962 3870 3872
f 3971 3932 3870
f 3969 3933 3870
f 3971 3870 3933
f 3969 3870 3962
f 3871 3896 4083
f 3906 3871 4083
f 3873 3959 3872
f 3962 3872 3959
f 3945 3873 3874
f 3945 3959 3873
f 3948 3874 3877
f 3957 3945 3874
f 3948 3957 3874
f 3875 3965 3885
f 3894 3876 3960
f 3960 3876 3898
f 3878 3948 3877
f 3879 3943 3878
f 3943 3948 3878
f 3941 3943 3879
f 3889 3880 3884
f 3880 3889 3890
f 3880 3890 3893
f 3927 3881 3937
f 3882 4082 3886
f 3883 3983 3978
f 3883 3978 4012
f 3883 4012 4075
f 3883 4075 4109
f 3883 4109 4082
f 3884 3888 3889
f 3888 3884 3986
f 3899 3885 3982
f 3885 3965 3982
f 4082 3917 3886
f 3894 3918 3887
f 3887 3918 3958
f 4021 3887 3958
f 3889 3888 3929
f 3929 3888 3986
f 3890 3889 3931
f 3889 3929 3931
f 3893 3890 3934
f 3890 3931 3934
f 4183 3891 3901
f 3891 4183 3992
f 3916 3892 3912
f 3900 3893 3936
f 3893 3934 3936
f 3894 3960 3918
f 3895 3903 3902
f 3895 3904 3903
f 4083 3896 4064
f 3897 3899 3982
f 3897 3982 3919
f 3960 3898 4245
f 3898 4251 4245
f 3920 3900 3946
f 3900 3936 3940
f 3900 3940 3946
f 3901 4161 4007
f 3901 4007 4183
f 4020 4161 3901
f 3903 4042 3902
f 4042 4052 3902
f 3904 3953 3903
f 3953 4042 3903
f 3905 4019 3904
f 3904 4042 3953
f 3904 4019 4042
f 3907 3949 3905
f 3905 3949 4010
f 4010 4019 3905
f 3952 3906 3998
f 3998 3906 4083
f 3908 3994 3907
f 3907 3994 3949
f 3908 3909 3925
f 3925 3994 3908
f 3914 3954 3909
f 3909 3994 3925
f 3909 3954 3994
f 3911 3975 4025
f 3916 3912 3985
f 3912 3921 3980
f 3985 3912 3980
f 3913 4001 4003
f 3914 4072 3954
f 4057 4122 3914
f 4072 3914 4125
f 3914 4122 4125
f 3915 4055 4199
f 4063 3915 4199
f 4244 3916 3985
f 3917 3996 3939
f 4082 3996 3917
f 3918 3960 3958
f 3982 4000 3919
f 4000 4020 3919
f 3937 3920 3951
f 3951 3920 3946
f 3972 3921 3930
f 3968 3921 3972
f 3974 3921 3968
f 3921 3974 3980
f 3922 3924 3935
f 3922 3935 3930
f 3926 3999 3923
f 3923 3956 3928
f 3923 4050 3956
f 3923 3999 4050
f 3924 3938 3935
f 3999 3926 4050
f 3926 4238 4050
f 3926 4095 4238
f 3927 3937 3950
f 3928 4147 3942
f 3956 4023 3928
f 3928 4023 4147
f 4045 3931 3929
f 4045 3929 3986
f 3930 3935 3966
f 3930 3966 3967
f 3972 3930 3967
f 4039 3934 3931
f 4047 4039 3931
f 4047 3931 4045
f 3971 3993 3932
f 3971 3933 3969
f 3934 4040 3936
f 4040 3934 4039
f 3966 3935 3938
f 3981 3940 3936
f 4040 3981 3936
f 3950 3937 3951
f 3938 3955 3964
f 3966 3938 3964
f 3939 3996 3961
f 4016 3946 3940
f 4031 3940 3981
f 4016 3940 4028
f 4028 3940 4031
f 3943 3941 3970
f 3991 3942 4069
f 4069 3942 4147
f 4008 3948 3943
f 4008 3943 3970
f 3944 3952 4001
f 3959 3945 3957
f 3995 3951 3946
f 4016 3995 3946
f 3947 4006 3977
f 4056 3947 3977
f 3947 4056 4251
f 3957 3948 4029
f 4029 3948 4008
f 3949 3994 4010
f 3950 3951 3963
f 3950 3963 3965
f 3995 3963 3951
f 3952 3998 4044
f 4001 3952 4065
f 4065 3952 4044
f 3988 3954 4072
f 3954 3988 4124
f 3994 3954 4127
f 3954 4124 4127
f 3955 3976 3964
f 3984 3955 3973
f 3955 3990 3976
f 3955 3984 3990
f 4325 4023 3956
f 4050 4325 3956
f 4026 3959 3957
f 4026 3957 4029
f 4021 3958 3960
f 4024 3962 3959
f 4024 3959 4026
f 4021 3960 4264
f 3960 4245 4264
f 3961 3996 3973
f 3962 4015 3969
f 4022 4015 3962
f 4022 3962 4024
f 3965 3963 3979
f 3979 3963 3995
f 3966 3964 3987
f 3964 3976 3987
f 3965 3979 4071
f 3982 3965 4053
f 4053 3965 4061
f 3965 4071 4061
f 3966 3987 3967
f 3972 3967 4009
f 3987 3989 3967
f 3967 3989 4009
f 3968 3972 3974
f 4002 3971 3969
f 4015 4002 3969
f 4033 4008 3970
f 3993 3971 4014
f 4014 3971 4002
f 3972 4013 3974
f 3972 4009 4013
f 4112 3984 3973
f 4112 3973 3996
f 3974 4013 3980
f 3975 4054 4025
f 3975 4063 4054
f 3976 4094 3987
f 3976 3990 4018
f 3976 4018 4094
f 3977 4006 4056
f 3983 4005 3978
f 4005 4012 3978
f 4104 3979 3995
f 4104 4071 3979
f 3985 3980 4049
f 4013 4027 3980
f 3980 4027 4049
f 4031 3981 4040
f 4000 3982 4032
f 3982 4053 4032
f 3983 3991 3997
f 3983 3997 4069
f 3983 4069 4005
f 3990 3984 4113
f 3984 4112 4113
f 3985 4049 4244
f 4469 4045 3986
f 3986 4052 4062
f 3986 4062 4134
f 3986 4134 4155
f 3986 4155 4269
f 3986 4269 4297
f 3986 4297 4311
f 4311 4341 3986
f 4341 4389 3986
f 4389 4422 3986
f 4422 4469 3986
f 3989 3987 4074
f 4074 3987 4115
f 3987 4094 4114
f 3987 4114 4115
f 3988 4072 4124
f 4009 3989 4116
f 3989 4074 4115
f 3989 4115 4116
f 4018 3990 4059
f 4059 3990 4113
f 3991 4069 3997
f 3992 4171 4117
f 3992 4183 4171
f 4190 3993 4014
f 4055 3993 4220
f 4189 3993 4176
f 4176 3993 4190
f 3993 4189 4215
f 4220 3993 4215
f 4010 3994 4129
f 4079 3994 4127
f 3994 4079 4129
f 4043 3995 4016
f 3995 4043 4102
f 4085 3995 4103
f 4104 3995 4085
f 3995 4102 4103
f 3996 4082 4112
f 4073 4044 3998
f 4073 3998 4083
f 4020 4000 4032
f 4003 4001 4195
f 4001 4065 4128
f 4001 4128 4285
f 4195 4001 4285
f 4014 4002 4015
f 4004 4003 4017
f 4195 4017 4003
f 4006 4004 4195
f 4195 4004 4017
f 4005 4069 4012
f 4006 4164 4056
f 4006 4162 4164
f 4006 4195 4162
f 4183 4007 4161
f 4029 4008 4030
f 4030 4008 4033
f 4090 4013 4009
f 4090 4009 4116
f 4019 4010 4037
f 4129 4037 4010
f 4179 4011 4035
f 4012 4069 4058
f 4012 4058 4075
f 4027 4013 4118
f 4013 4090 4118
f 4158 4014 4015
f 4212 4014 4158
f 4212 4190 4014
f 4015 4022 4126
f 4143 4015 4126
f 4158 4015 4143
f 4016 4028 4066
f 4043 4016 4048
f 4066 4048 4016
f 4113 4018 4059
f 4094 4018 4113
f 4019 4037 4036
f 4019 4036 4042
f 4020 4032 4424
f 4020 4424 4161
f 4051 4021 4264
f 4022 4024 4046
f 4126 4022 4046
f 4023 4336 4147
f 4325 4336 4023
f 4024 4026 4041
f 4024 4041 4046
f 4025 4054 4106
f 4025 4106 4240
f 4236 4025 4240
f 4026 4029 4038
f 4041 4026 4038
f 4049 4027 4091
f 4027 4060 4091
f 4060 4027 4119
f 4027 4118 4119
f 4028 4031 4068
f 4066 4028 4068
f 4029 4030 4080
f 4111 4038 4029
f 4111 4029 4080
f 4030 4033 4078
f 4080 4030 4078
f 4031 4040 4097
f 4068 4031 4098
f 4031 4097 4098
f 4032 4053 4034
f 4032 4034 4077
f 4032 4077 4424
f 4053 4105 4034
f 4034 4105 4077
f 4087 4035 4081
f 4179 4035 4087
f 4036 4037 4131
f 4042 4036 4132
f 4132 4036 4131
f 4037 4129 4131
f 4111 4041 4038
f 4040 4039 4047
f 4040 4047 4096
f 4040 4096 4097
f 4046 4041 4092
f 4111 4092 4041
f 4133 4052 4042
f 4133 4042 4132
f 4043 4048 4101
f 4043 4101 4102
f 4065 4044 4073
f 4469 4047 4045
f 4111 4046 4092
f 4126 4046 4111
f 4469 4096 4047
f 4099 4048 4066
f 4048 4099 4101
f 4049 4091 4244
f 4238 4084 4050
f 4084 4325 4050
f 4051 4264 4067
f 4062 4052 4133
f 4053 4061 4105
f 4054 4063 4106
f 4055 4224 4199
f 4055 4220 4224
f 4056 4164 4165
f 4165 4261 4056
f 4056 4261 4251
f 4057 4067 4076
f 4076 4088 4057
f 4057 4088 4110
f 4057 4110 4148
f 4057 4148 4122
f 4289 4058 4069
f 4058 4289 4075
f 4091 4060 4120
f 4120 4060 4119
f 4061 4071 4105
f 4062 4133 4134
f 4063 4199 4106
f 4083 4064 4089
f 4121 4089 4064
f 4065 4073 4123
f 4128 4065 4123
f 4066 4068 4098
f 4066 4098 4099
f 4067 4333 4076
f 4067 4264 4333
f 4070 4069 4147
f 4069 4070 4289
f 4205 4070 4147
f 4289 4070 4205
f 4071 4104 4105
f 4124 4072 4125
f 4073 4083 4123
f 4075 4167 4109
f 4075 4289 4167
f 4076 4333 4088
f 4077 4105 4130
f 4077 4130 4424
f 4080 4078 4086
f 4079 4127 4129
f 4080 4086 4182
f 4111 4080 4182
f 4087 4081 4100
f 4100 4081 4172
f 4081 4237 4172
f 4081 4236 4237
f 4109 4160 4082
f 4112 4082 4362
f 4160 4312 4082
f 4312 4362 4082
f 4083 4089 4121
f 4083 4121 4344
f 4083 4304 4123
f 4083 4344 4304
f 4238 4325 4084
f 4103 4104 4085
f 4179 4087 4100
f 4088 4333 4110
f 4090 4116 4118
f 4091 4120 4466
f 4091 4403 4244
f 4091 4466 4403
f 4093 4179 4146
f 4094 4113 4114
f 4238 4095 4233
f 4097 4096 4150
f 4469 4150 4096
f 4098 4097 4156
f 4153 4097 4150
f 4152 4097 4153
f 4097 4152 4154
f 4097 4154 4156
f 4099 4098 4163
f 4107 4098 4156
f 4163 4098 4107
f 4101 4099 4163
f 4100 4172 4515
f 4179 4100 4270
f 4270 4100 4425
f 4425 4100 4515
f 4102 4101 4139
f 4139 4101 4169
f 4169 4101 4163
f 4103 4102 4174
f 4137 4102 4169
f 4174 4102 4137
f 4169 4102 4139
f 4108 4104 4103
f 4177 4108 4103
f 4103 4174 4181
f 4177 4103 4184
f 4184 4103 4181
f 4105 4104 4108
f 4105 4108 4177
f 4130 4105 4141
f 4105 4274 4141
f 4274 4105 4177
f 4106 4199 4142
f 4106 4142 4240
f 4163 4107 4156
f 4109 4167 4160
f 4110 4465 4148
f 4110 4333 4465
f 4126 4111 4267
f 4111 4182 4267
f 4112 4203 4113
f 4112 4362 4203
f 4114 4113 4202
f 4113 4203 4202
f 4115 4114 4166
f 4166 4114 4197
f 4197 4114 4202
f 4116 4115 4136
f 4115 4166 4136
f 4138 4118 4116
f 4116 4136 4178
f 4138 4116 4178
f 4171 4210 4117
f 4119 4118 4149
f 4149 4118 4138
f 4119 4135 4120
f 4119 4149 4135
f 4120 4135 4145
f 4145 4466 4120
f 4121 4146 4170
f 4121 4170 4249
f 4344 4121 4249
f 4122 4223 4125
f 4122 4148 4157
f 4122 4157 4223
f 4123 4144 4128
f 4144 4123 4304
f 4124 4125 4127
f 4125 4259 4127
f 4125 4223 4211
f 4125 4211 4259
f 4143 4126 4140
f 4140 4126 4267
f 4314 4129 4127
f 4127 4259 4303
f 4314 4127 4303
f 4128 4144 4304
f 4128 4304 4285
f 4129 4266 4131
f 4129 4243 4296
f 4243 4129 4302
f 4129 4296 4266
f 4129 4314 4302
f 4130 4141 4430
f 4424 4130 4430
f 4132 4131 4288
f 4131 4266 4159
f 4272 4131 4159
f 4283 4131 4272
f 4288 4131 4283
f 4132 4226 4133
f 4132 4279 4226
f 4132 4239 4279
f 4239 4132 4280
f 4132 4288 4280
f 4134 4133 4269
f 4133 4226 4269
f 4155 4134 4269
f 4145 4135 4175
f 4135 4149 4180
f 4175 4135 4180
f 4136 4166 4178
f 4137 4169 4174
f 4149 4138 4180
f 4138 4178 4187
f 4180 4138 4187
f 4143 4140 4252
f 4252 4140 4316
f 4316 4140 4267
f 4141 4274 4430
f 4142 4199 4214
f 4142 4214 4240
f 4143 4255 4158
f 4252 4255 4143
f 4145 4175 4173
f 4145 4173 4679
f 4466 4145 4497
f 4145 4649 4497
f 4145 4679 4649
f 4170 4146 4179
f 4205 4147 4262
f 4147 4336 4262
f 4148 4465 4157
f 4150 4151 4208
f 4469 4151 4150
f 4153 4150 4208
f 4151 4213 4208
f 4469 4213 4151
f 4152 4153 4154
f 4154 4153 4208
f 4156 4154 4200
f 4200 4154 4207
f 4207 4154 4208
f 4163 4156 4185
f 4185 4156 4201
f 4206 4156 4200
f 4201 4156 4206
f 4157 4357 4223
f 4157 4465 4357
f 4212 4158 4217
f 4217 4158 4271
f 4271 4158 4255
f 4159 4266 4272
f 4167 4312 4160
f 4161 4193 4183
f 4320 4193 4161
f 4320 4161 4401
f 4161 4424 4401
f 4164 4162 4265
f 4162 4195 4260
f 4162 4260 4278
f 4162 4278 4265
f 4169 4163 4201
f 4163 4185 4201
f 4164 4168 4165
f 4164 4265 4168
f 4168 4263 4165
f 4165 4263 4261
f 4178 4166 4188
f 4166 4192 4188
f 4166 4194 4192
f 4166 4197 4194
f 4289 4275 4167
f 4167 4275 4378
f 4167 4378 4312
f 4168 4265 4263
f 4174 4169 4198
f 4169 4201 4198
f 4170 4179 4225
f 4249 4170 4225
f 4171 4183 4246
f 4171 4246 4210
f 4172 4237 4515
f 4175 4232 4173
f 4232 4679 4173
f 4181 4174 4191
f 4174 4198 4191
f 4250 4175 4180
f 4250 4232 4175
f 4189 4176 4257
f 4176 4190 4257
f 4177 4184 4196
f 4293 4177 4196
f 4274 4177 4293
f 4178 4188 4187
f 4179 4270 4225
f 4235 4180 4187
f 4235 4242 4180
f 4242 4250 4180
f 4181 4186 4184
f 4181 4191 4186
f 4387 4182 4244
f 4387 4267 4182
f 4183 4193 4355
f 4183 4332 4246
f 4183 4355 4332
f 4184 4186 4204
f 4184 4204 4196
f 4186 4191 4228
f 4204 4186 4247
f 4186 4228 4247
f 4188 4235 4187
f 4192 4234 4188
f 4234 4235 4188
f 4215 4189 4257
f 4257 4190 4212
f 4191 4198 4231
f 4391 4228 4191
f 4391 4191 4231
f 4230 4192 4194
f 4230 4234 4192
f 4193 4320 4355
f 4227 4194 4197
f 4227 4230 4194
f 4260 4195 4284
f 4195 4285 4284
f 4196 4204 4300
f 4293 4196 4400
f 4196 4300 4400
f 4202 4218 4197
f 4218 4227 4197
f 4198 4201 4335
f 4310 4231 4198
f 4310 4198 4335
f 4214 4199 4229
f 4229 4199 4224
f 4200 4207 4206
f 4201 4206 4286
f 4277 4248 4201
f 4335 4201 4248
f 4308 4277 4201
f 4308 4201 4286
f 4216 4202 4203
f 4216 4209 4202
f 4209 4222 4202
f 4202 4222 4218
f 4203 4273 4216
f 4203 4363 4273
f 4362 4363 4203
f 4204 4247 4300
f 4413 4205 4262
f 4289 4205 4291
f 4291 4205 4499
f 4499 4205 4413
f 4206 4207 4324
f 4337 4286 4206
f 4337 4206 4324
f 4324 4207 4208
f 4208 4213 4221
f 4324 4208 4221
f 4222 4209 4216
f 4210 4246 4253
f 4211 4223 4348
f 4211 4348 4259
f 4331 4212 4217
f 4257 4212 4331
f 4213 4219 4319
f 4213 4469 4219
f 4221 4213 4319
f 4214 4229 4431
f 4240 4214 4431
f 4220 4215 4257
f 4273 4222 4216
f 4331 4217 4271
f 4227 4218 4222
f 4319 4219 4719
f 4469 4530 4219
f 4530 4604 4219
f 4719 4219 4604
f 4220 4257 4224
f 4329 4221 4319
f 4324 4221 4330
f 4221 4329 4330
f 4222 4281 4227
f 4273 4364 4222
f 4222 4364 4281
f 4223 4357 4348
f 4431 4229 4224
f 4431 4224 4257
f 4249 4225 4339
f 4225 4270 4339
f 4269 4226 4279
f 4230 4227 4295
f 4227 4281 4295
f 4247 4228 4313
f 4313 4228 4391
f 4295 4234 4230
f 4231 4310 4374
f 4231 4374 4391
f 4254 4232 4250
f 4679 4232 4254
f 4233 4241 4238
f 4233 4306 4241
f 4253 4306 4233
f 4234 4365 4235
f 4295 4365 4234
f 4323 4242 4235
f 4258 4323 4235
f 4235 4365 4258
f 4237 4236 4447
f 4236 4240 4326
f 4236 4326 4658
f 4447 4236 4455
f 4658 4455 4236
f 4237 4447 4515
f 4241 4458 4238
f 4238 4554 4325
f 4238 4458 4554
f 4239 4280 4279
f 4326 4240 4429
f 4240 4431 4429
f 4306 4379 4241
f 4241 4379 4458
f 4250 4242 4256
f 4268 4256 4242
f 4242 4323 4268
f 4243 4302 4296
f 4387 4244 4403
f 4245 4251 4603
f 4264 4245 4603
f 4246 4306 4253
f 4246 4332 4306
f 4300 4247 4402
f 4391 4247 4313
f 4247 4391 4402
f 4335 4248 4277
f 4249 4339 4344
f 4373 4254 4250
f 4256 4373 4250
f 4261 4305 4251
f 4251 4305 4315
f 4251 4315 4381
f 4251 4381 4611
f 4251 4622 4603
f 4251 4611 4622
f 4255 4252 4351
f 4252 4316 4322
f 4252 4322 4351
f 4373 4340 4254
f 4340 4679 4254
f 4353 4271 4255
f 4255 4351 4353
f 4268 4368 4256
f 4368 4373 4256
f 4257 4331 4411
f 4257 4411 4509
f 4257 4509 4431
f 4323 4258 4366
f 4365 4366 4258
f 4259 4317 4303
f 4259 4348 4317
f 4260 4284 4278
f 4263 4305 4261
f 4413 4262 4336
f 4301 4263 4265
f 4334 4263 4301
f 4263 4494 4305
f 4263 4334 4494
f 4264 4756 4333
f 4264 4603 4682
f 4264 4682 4737
f 4264 4737 4756
f 4265 4278 4301
f 4266 4294 4272
f 4266 4296 4294
f 4316 4267 4276
f 4387 4276 4267
f 4367 4268 4323
f 4367 4368 4268
f 4269 4279 4297
f 4342 4270 4282
f 4425 4282 4270
f 4339 4270 4342
f 4331 4271 4360
f 4271 4353 4360
f 4283 4272 4292
f 4272 4294 4292
f 4363 4364 4273
f 4274 4293 4430
f 4289 4476 4275
f 4275 4476 4378
f 4370 4316 4276
f 4387 4370 4276
f 4277 4308 4347
f 4335 4277 4347
f 4636 4278 4284
f 4278 4334 4301
f 4527 4334 4278
f 4420 4527 4278
f 4636 4420 4278
f 4280 4290 4279
f 4279 4290 4309
f 4279 4309 4297
f 4280 4288 4290
f 4281 4365 4295
f 4281 4364 4365
f 4346 4342 4282
f 4346 4282 4425
f 4283 4292 4288
f 4287 4284 4285
f 4636 4284 4287
f 4287 4285 4299
f 4285 4304 4299
f 4337 4308 4286
f 4636 4287 4299
f 4290 4288 4309
f 4292 4318 4288
f 4288 4327 4309
f 4288 4318 4327
f 4289 4291 4476
f 4291 4499 4476
f 4292 4294 4327
f 4318 4292 4327
f 4293 4400 4414
f 4293 4414 4423
f 4293 4423 4430
f 4294 4296 4307
f 4294 4307 4328
f 4327 4294 4328
f 4296 4298 4328
f 4298 4296 4338
f 4296 4302 4338
f 4307 4296 4328
f 4297 4309 4343
f 4311 4297 4343
f 4328 4298 4338
f 4299 4304 4321
f 4299 4321 4435
f 4511 4299 4435
f 4636 4299 4511
f 4400 4300 4402
f 4314 4349 4302
f 4338 4302 4350
f 4302 4349 4375
f 4302 4375 4350
f 4303 4317 4314
f 4321 4304 4358
f 4304 4344 4407
f 4407 4358 4304
f 4381 4315 4305
f 4381 4305 4903
f 4305 4494 4903
f 4332 4457 4306
f 4306 4427 4379
f 4306 4771 4427
f 4306 4457 4460
f 4306 4460 4651
f 4306 4651 4661
f 4306 4661 4771
f 4308 4337 4347
f 4309 4327 4399
f 4343 4309 4380
f 4380 4309 4399
f 4372 4310 4335
f 4310 4372 4374
f 4341 4311 4343
f 4312 4417 4362
f 4378 4394 4312
f 4312 4394 4417
f 4317 4382 4314
f 4314 4384 4349
f 4382 4384 4314
f 4345 4322 4316
f 4370 4345 4316
f 4348 4359 4317
f 4359 4382 4317
f 4634 4329 4319
f 4634 4319 4719
f 4320 4401 4355
f 4435 4321 4358
f 4354 4322 4345
f 4351 4322 4354
f 4366 4367 4323
f 4330 4337 4324
f 4325 4809 4336
f 4554 4809 4325
f 4326 4429 4586
f 4326 4586 4658
f 4395 4327 4328
f 4399 4327 4395
f 4328 4338 4392
f 4395 4328 4392
f 4472 4330 4329
f 4473 4472 4329
f 4634 4473 4329
f 4337 4330 4408
f 4408 4330 4471
f 4471 4330 4472
f 4331 4360 4411
f 4355 4467 4332
f 4332 4467 4457
f 4465 4333 4800
f 4333 4756 4800
f 4334 4527 4494
f 4335 4347 4372
f 4336 4809 4413
f 4438 4347 4337
f 4462 4337 4408
f 4462 4438 4337
f 4356 4338 4350
f 4392 4338 4356
f 4339 4342 4344
f 4340 4373 4975
f 4723 4679 4340
f 4723 4340 4744
f 4340 4975 4744
f 4389 4341 4343
f 4344 4342 4346
f 4390 4343 4380
f 4389 4343 4390
f 4344 4346 4352
f 4486 4344 4352
f 4407 4344 4434
f 4434 4344 4486
f 4369 4354 4345
f 4369 4345 4370
f 4352 4346 4492
f 4492 4346 4425
f 4462 4372 4347
f 4462 4347 4438
f 4357 4359 4348
f 4349 4384 4375
f 4356 4350 4388
f 4350 4375 4385
f 4350 4385 4386
f 4388 4350 4386
f 4353 4351 4354
f 4486 4352 4492
f 4361 4353 4354
f 4360 4353 4361
f 4361 4354 4369
f 4355 4401 4584
f 4355 4584 4467
f 4356 4388 4392
f 4357 4376 4359
f 4376 4357 4412
f 4357 4507 4412
f 4465 4507 4357
f 4463 4358 4407
f 4435 4358 4463
f 4359 4376 4449
f 4359 4449 4382
f 4360 4361 4505
f 4360 4505 4411
f 4361 4369 4504
f 4505 4361 4504
f 4371 4363 4362
f 4383 4371 4362
f 4406 4383 4362
f 4417 4406 4362
f 4363 4396 4364
f 4371 4396 4363
f 4364 4410 4365
f 4396 4410 4364
f 4365 4405 4366
f 4418 4405 4365
f 4410 4418 4365
f 4405 4367 4366
f 4415 4368 4367
f 4426 4367 4405
f 4426 4415 4367
f 4368 4444 4373
f 4415 4426 4368
f 4368 4426 4444
f 4369 4370 4503
f 4504 4369 4503
f 4370 4387 4480
f 4502 4370 4480
f 4503 4370 4502
f 4371 4383 4537
f 4371 4443 4396
f 4537 4443 4371
f 4377 4374 4372
f 4462 4377 4372
f 4444 4428 4373
f 4428 4975 4373
f 4453 4374 4377
f 4391 4374 4453
f 4375 4384 4385
f 4376 4412 4485
f 4376 4485 4449
f 4453 4377 4462
f 4378 4608 4394
f 4476 4608 4378
f 4379 4427 4458
f 4390 4380 4397
f 4380 4399 4397
f 4381 4903 4611
f 4382 4398 4384
f 4382 4449 4398
f 4537 4383 4406
f 4384 4456 4385
f 4398 4393 4384
f 4384 4393 4456
f 4385 4442 4386
f 4385 4456 4442
f 4388 4386 4437
f 4386 4439 4437
f 4386 4442 4439
f 4387 4403 4452
f 4451 4387 4452
f 4480 4387 4451
f 4392 4388 4419
f 4419 4388 4437
f 4389 4390 4422
f 4390 4397 4421
f 4390 4421 4422
f 4448 4402 4391
f 4448 4391 4453
f 4395 4392 4409
f 4409 4392 4419
f 4398 4449 4393
f 4449 4482 4393
f 4456 4393 4491
f 4393 4482 4491
f 4394 4608 4417
f 4395 4409 4399
f 4539 4410 4396
f 4443 4538 4396
f 4396 4538 4539
f 4399 4404 4397
f 4397 4404 4421
f 4404 4399 4526
f 4399 4409 4522
f 4399 4522 4526
f 4400 4402 4416
f 4414 4400 4416
f 4424 4461 4401
f 4401 4461 4584
f 4445 4416 4402
f 4445 4402 4448
f 4452 4403 4466
f 4421 4404 4528
f 4404 4526 4528
f 4426 4405 4418
f 4608 4406 4417
f 4608 4537 4406
f 4407 4434 4481
f 4463 4407 4481
f 4471 4462 4408
f 4522 4409 4419
f 4432 4418 4410
f 4410 4514 4432
f 4410 4539 4514
f 4436 4411 4496
f 4411 4436 4509
f 4496 4411 4505
f 4412 4507 4485
f 4499 4413 4618
f 4413 4809 4618
f 4414 4416 4423
f 4440 4423 4416
f 4440 4416 4445
f 4418 4541 4426
f 4432 4477 4418
f 4477 4541 4418
f 4520 4419 4437
f 4522 4419 4520
f 4636 4527 4420
f 4422 4421 4469
f 4469 4421 4529
f 4470 4421 4528
f 4421 4470 4529
f 4430 4423 4433
f 4433 4423 4440
f 4424 4430 4487
f 4424 4478 4461
f 4424 4487 4478
f 4510 4492 4425
f 4510 4425 4550
f 4425 4515 4550
f 4426 4543 4444
f 4426 4541 4495
f 4495 4542 4426
f 4542 4543 4426
f 4458 4427 4805
f 4427 4771 4808
f 4805 4427 4808
f 4444 4446 4428
f 4975 4428 4446
f 4429 4431 4585
f 4429 4585 4586
f 4430 4433 4441
f 4430 4441 4450
f 4430 4450 4464
f 4430 4464 4488
f 4487 4430 4488
f 4431 4509 4585
f 4432 4514 4477
f 4433 4440 4459
f 4441 4433 4459
f 4481 4434 4532
f 4532 4434 4486
f 4435 4463 4484
f 4511 4435 4484
f 4436 4496 4506
f 4436 4506 4509
f 4437 4439 4454
f 4517 4437 4454
f 4517 4520 4437
f 4439 4442 4454
f 4475 4440 4445
f 4459 4440 4475
f 4450 4441 4500
f 4500 4441 4459
f 4517 4454 4442
f 4442 4456 4516
f 4517 4442 4516
f 4537 4538 4443
f 4444 4545 4446
f 4543 4545 4444
f 4475 4445 4448
f 4975 4446 4545
f 4447 4455 4515
f 4448 4453 4468
f 4493 4448 4468
f 4490 4475 4448
f 4490 4448 4493
f 4449 4485 4482
f 4464 4450 4581
f 4450 4500 4525
f 4450 4525 4575
f 4450 4575 4581
f 4501 4451 4452
f 4480 4451 4501
f 4498 4452 4466
f 4501 4452 4498
f 4518 4453 4462
f 4493 4468 4453
f 4518 4493 4453
f 4617 4515 4455
f 4658 4617 4455
f 4456 4491 4512
f 4516 4456 4512
f 4457 4508 4460
f 4467 4508 4457
f 4554 4458 4741
f 4458 4805 4741
f 4523 4459 4475
f 4500 4459 4531
f 4531 4459 4523
f 4651 4460 4508
f 4478 4584 4461
f 4462 4471 4479
f 4483 4462 4479
f 4489 4462 4483
f 4489 4518 4462
f 4463 4481 4484
f 4488 4464 4581
f 4465 4812 4507
f 4465 4800 4812
f 4498 4466 4497
f 4467 4584 4508
f 4469 4529 4530
f 4470 4528 4529
f 4471 4472 4474
f 4479 4471 4474
f 4472 4473 4474
f 4634 4474 4473
f 4479 4474 4521
f 4521 4474 4544
f 4634 4544 4474
f 4555 4475 4490
f 4531 4523 4475
f 4531 4475 4555
f 4499 4618 4476
f 4476 4627 4608
f 4618 4627 4476
f 4514 4540 4477
f 4540 4541 4477
f 4487 4581 4478
f 4478 4581 4584
f 4535 4483 4479
f 4535 4479 4521
f 4480 4501 4502
f 4484 4481 4532
f 4485 4507 4482
f 4482 4507 4491
f 4518 4489 4483
f 4518 4483 4535
f 4511 4484 4693
f 4484 4532 4579
f 4484 4579 4693
f 4625 4486 4492
f 4579 4532 4486
f 4579 4486 4625
f 4487 4488 4581
f 4490 4493 4533
f 4533 4555 4490
f 4491 4507 4512
f 4492 4510 4711
f 4625 4492 4711
f 4493 4518 4563
f 4533 4493 4562
f 4493 4563 4562
f 4527 4548 4494
f 4494 4548 4624
f 4903 4494 4624
f 4541 4542 4495
f 4496 4505 4506
f 4649 4498 4497
f 4553 4501 4498
f 4649 4553 4498
f 4525 4500 4575
f 4500 4531 4569
f 4500 4569 4575
f 4502 4501 4574
f 4501 4552 4621
f 4501 4632 4552
f 4553 4632 4501
f 4501 4606 4574
f 4501 4621 4606
f 4513 4503 4502
f 4502 4574 4513
f 4503 4583 4504
f 4513 4583 4503
f 4534 4505 4504
f 4504 4571 4534
f 4504 4583 4571
f 4561 4506 4505
f 4534 4561 4505
f 4547 4509 4506
f 4561 4547 4506
f 4507 4519 4512
f 4507 4549 4519
f 4507 4635 4549
f 4635 4507 4797
f 4507 4812 4797
f 4508 4584 4688
f 4651 4508 4688
f 4509 4547 4560
f 4509 4560 4657
f 4748 4585 4509
f 4509 4657 4732
f 4509 4732 4846
f 4948 4748 4509
f 4509 4846 4878
f 4509 4878 4944
f 4944 4948 4509
f 4510 4550 4674
f 4510 4674 4711
f 4689 4511 4609
f 4609 4511 4693
f 4636 4511 4689
f 4512 4519 4516
f 4574 4583 4513
f 4539 4540 4514
f 4550 4515 4551
f 4551 4515 4660
f 4660 4515 4617
f 4516 4524 4517
f 4516 4519 4549
f 4516 4549 4524
f 4517 4573 4520
f 4517 4524 4602
f 4517 4652 4573
f 4517 4602 4652
f 4518 4535 4565
f 4518 4565 4563
f 4522 4520 4692
f 4520 4573 4615
f 4520 4615 4692
f 4535 4521 4544
f 4526 4522 4556
f 4556 4522 4724
f 4522 4692 4724
f 4549 4640 4524
f 4524 4640 4602
f 4526 4559 4528
f 4526 4536 4559
f 4714 4536 4526
f 4526 4556 4714
f 4527 4636 4548
f 4529 4528 4730
f 4528 4559 4686
f 4528 4686 4730
f 4529 4605 4530
f 4605 4529 4727
f 4529 4730 4727
f 4604 4530 4719
f 4530 4605 4719
f 4531 4555 4567
f 4531 4567 4569
f 4555 4533 4558
f 4558 4533 4562
f 4571 4561 4534
f 4535 4544 4546
f 4535 4546 4566
f 4535 4566 4565
f 4536 4594 4559
f 4714 4594 4536
f 4600 4538 4537
f 4608 4600 4537
f 4538 4598 4539
f 4597 4598 4538
f 4600 4597 4538
f 4539 4596 4540
f 4598 4596 4539
f 4596 4541 4540
f 4541 4593 4542
f 4541 4557 4593
f 4596 4557 4541
f 4542 4588 4543
f 4542 4589 4588
f 4593 4589 4542
f 4543 4582 4545
f 4588 4582 4543
f 4544 4634 4546
f 4975 4545 4582
f 4566 4546 4634
f 4560 4547 4708
f 4547 4561 4647
f 4547 4647 4708
f 4624 4548 4826
f 4548 4636 4826
f 4549 4635 4640
f 4550 4551 4674
f 4707 4551 4660
f 4674 4551 4707
f 4632 4621 4552
f 4649 4632 4553
f 4741 4809 4554
f 4555 4558 4564
f 4567 4555 4564
f 4556 4706 4714
f 4556 4724 4706
f 4596 4593 4557
f 4558 4562 4564
f 4559 4594 4686
f 4657 4560 4720
f 4560 4708 4720
f 4561 4571 4769
f 4647 4561 4769
f 4562 4563 4572
f 4564 4562 4576
f 4562 4572 4576
f 4563 4565 4570
f 4563 4570 4572
f 4567 4564 4576
f 4565 4566 4568
f 4565 4568 4570
f 4568 4566 4634
f 4569 4567 4577
f 4567 4576 4577
f 4570 4568 4613
f 4613 4568 5002
f 5002 4568 4634
f 4575 4569 4578
f 4569 4577 4578
f 4572 4570 4610
f 4570 4613 4610
f 4571 4583 4646
f 4571 4646 4769
f 4572 4601 4576
f 4572 4610 4601
f 4573 4692 4615
f 4652 4692 4573
f 4574 4606 4583
f 4575 4578 4580
f 4575 4580 4581
f 4577 4576 4595
f 4576 4601 4595
f 4578 4577 4592
f 4577 4595 4592
f 4580 4578 4590
f 4578 4592 4590
f 4579 4625 4694
f 4579 4709 4693
f 4709 4579 4694
f 4580 4587 4581
f 4580 4590 4587
f 4584 4581 4670
f 4581 4587 4639
f 4581 4639 4670
f 4588 4612 4582
f 4612 4975 4582
f 4817 4583 4606
f 4731 4646 4583
f 4817 4731 4583
f 4584 4670 4755
f 4688 4584 4755
f 4586 4585 4748
f 4658 4586 4733
f 4733 4586 4748
f 4587 4590 4669
f 4639 4587 4669
f 4589 4591 4588
f 4588 4591 4612
f 4589 4619 4591
f 4593 4619 4589
f 4590 4592 4631
f 4668 4590 4631
f 4590 4668 4669
f 4591 4641 4612
f 4591 4619 4637
f 4591 4637 4641
f 4592 4595 4644
f 4631 4592 4644
f 4596 4623 4593
f 4593 4599 4619
f 4593 4623 4599
f 4686 4594 4745
f 4714 4742 4594
f 4742 4745 4594
f 4595 4601 4665
f 4666 4644 4595
f 4666 4595 4665
f 4596 4598 4623
f 4597 4600 4598
f 4600 4616 4598
f 4598 4616 4623
f 4619 4599 4630
f 4599 4623 4629
f 4599 4629 4630
f 4608 4614 4600
f 4600 4614 4616
f 4663 4607 4601
f 4665 4601 4607
f 4655 4601 4610
f 4655 4663 4601
f 4640 4652 4602
f 4603 4622 4626
f 4643 4603 4626
f 4682 4603 4643
f 4719 4605 4727
f 4606 4621 4717
f 4606 4717 4798
f 4817 4606 4798
f 4665 4607 4663
f 4608 4667 4614
f 4627 4703 4608
f 4608 4702 4667
f 4703 4702 4608
f 4689 4609 4693
f 4610 4613 4662
f 4655 4610 4620
f 4620 4610 4662
f 4611 4903 4622
f 4641 4645 4612
f 5008 4612 4645
f 5008 4975 4612
f 4662 4613 5002
f 4614 4628 4616
f 4614 4648 4628
f 4614 4667 4648
f 4616 4701 4623
f 4628 4701 4616
f 4659 4617 4658
f 4660 4617 4659
f 4654 4627 4618
f 4809 4654 4618
f 4619 4630 4638
f 4637 4619 4638
f 4655 4620 4662
f 4621 4632 4716
f 4717 4621 4716
f 4626 4622 5012
f 4622 4903 5012
f 4656 4629 4623
f 4623 4685 4656
f 4623 4701 4685
f 4624 4826 4903
f 4694 4625 4709
f 4625 4711 4709
f 4643 4626 5012
f 4654 4675 4627
f 4675 4715 4627
f 4715 4703 4627
f 4628 4648 4701
f 4633 4630 4629
f 4633 4629 4700
f 4629 4656 4700
f 4633 4700 4630
f 4630 4699 4638
f 4700 4699 4630
f 4631 4644 4666
f 4631 4666 4668
f 4632 4649 4679
f 4744 4632 4679
f 4716 4632 4774
f 4744 4774 4632
f 4719 4727 4634
f 4727 4752 4634
f 4752 4785 4634
f 4785 4858 4634
f 4634 4858 4872
f 4634 4872 5005
f 5002 4634 5030
f 5005 5030 4634
f 4640 4635 4664
f 4684 4635 4650
f 4763 4650 4635
f 4635 4684 4664
f 4763 4635 4797
f 4689 4943 4636
f 4826 4636 4921
f 4921 4636 5038
f 4943 5038 4636
f 4638 4641 4637
f 4641 4638 4642
f 4638 4699 4642
f 4639 4669 4670
f 4640 4767 4652
f 4640 4664 4767
f 4642 4698 4641
f 4641 4698 4645
f 4699 4698 4642
f 4682 4643 4815
f 4815 4643 5012
f 4645 4697 4653
f 4653 5008 4645
f 4645 4698 4697
f 4769 4646 4731
f 4708 4647 4851
f 4851 4647 4769
f 4648 4667 4701
f 4687 4684 4650
f 4687 4650 4765
f 4765 4650 4763
f 4661 4651 4688
f 4652 4776 4692
f 4652 4767 4725
f 4725 4776 4652
f 4697 5082 4653
f 5018 5008 4653
f 5018 4653 5081
f 5081 4653 5082
f 4654 4743 4675
f 4809 4743 4654
f 4655 4662 4663
f 4656 4685 4700
f 4657 4720 4732
f 4659 4658 4673
f 4673 4658 4691
f 4658 4816 4691
f 4658 4733 4816
f 4660 4659 4677
f 4659 4673 4677
f 4660 4677 4847
f 4707 4660 4847
f 4661 4688 4755
f 4661 4766 4722
f 4771 4661 4722
f 4661 4755 4766
f 4662 4672 4663
f 4672 4662 5002
f 4665 4663 4671
f 4671 4663 4704
f 4663 4672 4718
f 4704 4663 4718
f 4684 4767 4664
f 4666 4665 4695
f 4665 4671 4704
f 4665 4678 4695
f 4678 4665 4696
f 4696 4665 4704
f 4668 4666 4683
f 4683 4666 4690
f 4666 4695 4690
f 4667 4702 4701
f 4669 4668 4676
f 4668 4683 4676
f 4669 4681 4670
f 4669 4676 4681
f 4670 4681 4721
f 4670 4721 4729
f 4670 4729 4770
f 4755 4670 4758
f 4758 4670 4770
f 4718 4672 5002
f 4677 4673 4680
f 4680 4673 4691
f 4707 4705 4674
f 4711 4674 4705
f 4743 4715 4675
f 4676 4683 4681
f 4691 4677 4680
f 4677 4691 5000
f 4847 4677 5000
f 4678 4696 4695
f 4723 4744 4679
f 4772 4681 4683
f 4721 4681 4772
f 4737 4682 4815
f 4772 4683 4690
f 4796 4684 4687
f 4767 4684 4777
f 4777 4684 4796
f 4685 4701 4700
f 4686 4745 4730
f 4796 4687 4765
f 4693 4943 4689
f 4690 4695 4750
f 4739 4690 4750
f 4823 4690 4739
f 4801 4772 4690
f 4801 4690 4823
f 4691 4816 5000
f 4726 4724 4692
f 4726 4692 4759
f 4759 4692 4764
f 4692 4776 4764
f 4693 4709 4843
f 4693 4843 5034
f 4693 5022 4943
f 4693 5034 5022
f 4695 4696 4710
f 4695 4710 4791
f 4750 4695 4791
f 4696 4704 4710
f 4698 4736 4697
f 4697 4736 5082
f 4699 4747 4698
f 4736 4698 4754
f 4754 4698 4747
f 4699 4700 4712
f 4699 4712 4747
f 4762 4700 4701
f 4712 4700 4760
f 4700 4735 4760
f 4735 4700 4762
f 4701 4702 4773
f 4762 4701 4768
f 4768 4701 4773
f 4703 4713 4702
f 4713 4740 4702
f 4702 4740 4773
f 4703 4734 4713
f 4715 4738 4703
f 4703 4738 4734
f 4757 4710 4704
f 4757 4704 4718
f 4711 4705 4707
f 4706 4728 4714
f 4724 4728 4706
f 4711 4707 4899
f 4707 4847 4899
f 4720 4708 4851
f 4709 4711 4843
f 4819 4710 4757
f 4791 4710 4819
f 4843 4711 4899
f 4747 4712 4760
f 4734 4781 4713
f 4713 4781 4740
f 4714 4728 4742
f 4715 4879 4738
f 4743 4879 4715
f 4717 4716 4774
f 4717 4774 4798
f 4819 4757 4718
f 4814 4718 4761
f 4761 4718 5002
f 4819 4718 4814
f 4732 4720 4846
f 4846 4720 4851
f 4729 4721 4825
f 4721 4772 4824
f 4721 4824 4825
f 4722 4766 4771
f 4724 4726 4753
f 4728 4724 4753
f 4767 4776 4725
f 4726 4759 4753
f 4727 4730 4749
f 4752 4727 4749
f 4728 4751 4742
f 4751 4728 4753
f 4770 4729 4825
f 4730 4745 4749
f 4769 4731 4817
f 4733 4748 4929
f 4733 4861 4816
f 4861 4733 4941
f 4733 4929 4941
f 4738 4879 4734
f 4734 4879 4781
f 4735 4762 4760
f 5090 4736 4754
f 4736 5090 5082
f 4737 4815 4756
f 4739 4750 4821
f 4739 4821 4822
f 4823 4739 4822
f 4740 4781 4773
f 4741 4805 4808
f 4741 4808 4809
f 4742 4746 4745
f 4742 4753 4746
f 4742 4751 4753
f 4743 4809 4879
f 4744 4882 4774
f 4991 4882 4744
f 4975 4992 4744
f 4992 4991 4744
f 4745 4746 4783
f 4745 4783 4749
f 4746 4753 4782
f 4746 4782 4783
f 4754 4747 4760
f 4748 4958 4929
f 4748 4948 4956
f 4748 4956 4958
f 4749 4784 4752
f 4749 4783 4784
f 4750 4791 4820
f 4750 4820 4821
f 4752 4784 4785
f 4782 4753 4759
f 4754 4760 4793
f 4754 4793 4780
f 4780 5090 4754
f 4755 4758 4766
f 4756 4807 4800
f 4756 4815 4807
f 4766 4758 4825
f 4758 4770 4825
f 4779 4759 4764
f 4782 4759 4779
f 4762 4792 4760
f 4760 4792 4793
f 4761 5002 4814
f 4762 4768 4790
f 4762 4790 4792
f 4765 4763 4796
f 4763 4797 4796
f 4764 4776 4778
f 4779 4764 4778
f 4766 4794 4771
f 4766 4825 4794
f 4767 4777 4776
f 4773 4786 4768
f 4786 4788 4768
f 4768 4788 4790
f 4769 4817 4851
f 4794 4863 4771
f 4771 4863 4808
f 4772 4801 4803
f 4824 4772 4803
f 4781 4775 4773
f 4773 4775 4786
f 4798 4774 4882
f 4781 4786 4775
f 4776 4777 4971
f 4776 4804 4778
f 4776 4844 4804
f 4776 4962 4844
f 4776 4986 4962
f 4776 4971 4986
f 4970 4777 4796
f 4963 4777 4970
f 4971 4777 4963
f 4779 4778 4806
f 4778 4804 4806
f 4782 4779 4837
f 4779 4806 4837
f 4780 4793 5178
f 5106 5090 4780
f 5106 4780 5142
f 5142 4780 5178
f 4789 4786 4781
f 4879 4789 4781
f 4782 4837 4783
f 4783 4787 4784
f 4783 4837 4787
f 4784 4858 4785
f 4787 4858 4784
f 4789 4788 4786
f 4837 4870 4787
f 4787 4870 4858
f 4795 4788 4789
f 4799 4790 4788
f 4795 4799 4788
f 4789 4829 4795
f 4789 4881 4829
f 4879 4881 4789
f 4802 4792 4790
f 4799 4802 4790
f 4791 4819 4820
f 4792 4811 4793
f 4802 4811 4792
f 4793 4811 5178
f 4794 4825 4839
f 4794 4839 4863
f 4795 4854 4799
f 4852 4795 4829
f 4852 4854 4795
f 4796 4797 4901
f 4970 4796 4901
f 4797 4812 4828
f 4797 4828 4901
f 4817 4798 4830
f 4830 4798 4882
f 4802 4799 4848
f 4799 4876 4848
f 4799 4854 4876
f 4800 4807 4896
f 4800 4896 4812
f 4803 4801 4824
f 4801 4823 4824
f 4802 4886 4811
f 4848 4877 4802
f 4877 4886 4802
f 4804 4810 4806
f 4804 4844 4810
f 4806 4810 4988
f 4806 4994 4837
f 4806 4988 4994
f 4807 4815 5003
f 4896 4807 5003
f 4808 4813 4809
f 4808 4863 4813
f 4813 4842 4809
f 4809 4842 4868
f 4809 4868 4926
f 4809 4926 4879
f 4810 4844 4988
f 4886 4887 4811
f 4811 4887 5178
f 4828 4812 4866
f 4812 4869 4866
f 4812 4914 4869
f 4812 4896 4913
f 4913 4914 4812
f 4813 4976 4842
f 4863 4976 4813
f 4840 4814 4818
f 4814 5002 4818
f 4840 4819 4814
f 4815 5062 5003
f 4815 5012 5062
f 4816 4861 5000
f 4909 4817 4830
f 4984 4851 4817
f 4984 4817 4909
f 4840 4818 5002
f 4836 4820 4819
f 4840 4836 4819
f 4834 4821 4820
f 4834 4820 4836
f 4833 4822 4821
f 4833 4821 4834
f 4831 4823 4822
f 4831 4822 4832
f 4832 4822 4833
f 4827 4824 4823
f 4827 4823 4831
f 4825 4824 4827
f 4825 4827 4845
f 4839 4825 4855
f 4867 4825 4845
f 4825 4867 4855
f 4903 4826 4921
f 4849 4827 4831
f 4849 4845 4827
f 4828 4866 4901
f 4852 4829 4881
f 4985 4830 4882
f 4985 4909 4830
f 4831 4832 4835
f 4849 4831 4835
f 4835 4832 4833
f 4835 4833 4834
f 4835 4834 4838
f 4836 4838 4834
f 4853 4835 4838
f 4849 4835 4853
f 4838 4836 4841
f 4840 4864 4836
f 4836 4850 4841
f 4836 4864 4850
f 4837 4938 4870
f 4837 4950 4938
f 4837 4994 4950
f 4850 4838 4841
f 4859 4838 4850
f 4853 4838 4859
f 4863 4839 4855
f 4873 4840 4857
f 5002 4857 4840
f 4873 4864 4840
f 4868 4842 4932
f 4842 4976 4932
f 4843 4899 4946
f 4902 4843 4946
f 4966 4843 4902
f 4843 4966 5034
f 4844 4962 4988
f 4845 4849 4856
f 4845 4856 4875
f 4867 4845 4890
f 4845 4875 4885
f 4890 4845 4885
f 4846 4851 4968
f 4878 4846 4968
f 4899 4847 4908
f 4955 4908 4847
f 4955 4847 5000
f 4848 4876 4877
f 4849 4853 4907
f 4918 4856 4849
f 4918 4849 4907
f 4860 4859 4850
f 4860 4850 4864
f 4968 4851 4905
f 4905 4851 4982
f 4982 4851 4984
f 4852 4883 4854
f 4852 4881 4883
f 4853 4859 4911
f 4853 4865 4907
f 4865 4853 4911
f 4854 4883 4876
f 4863 4855 4920
f 4855 4867 4920
f 4919 4875 4856
f 4919 4856 4918
f 4873 4857 4871
f 4857 5243 4871
f 5002 5200 4857
f 5200 5224 4857
f 5224 5243 4857
f 4870 4872 4858
f 4859 4860 4862
f 4911 4859 4862
f 4860 4864 4862
f 4861 4941 5000
f 4862 4864 4895
f 4862 4895 4917
f 4911 4862 4917
f 4863 4920 4976
f 4880 4864 4873
f 4895 4864 4880
f 4907 4865 4917
f 4917 4865 4911
f 4866 4869 4900
f 4866 4900 4997
f 4901 4866 4983
f 4983 4866 4997
f 4867 4890 4920
f 4868 4932 4926
f 5003 4900 4869
f 4914 5003 4869
f 4872 4870 4995
f 4995 4870 4938
f 4873 4871 4874
f 4871 5243 4874
f 5005 4872 4995
f 4873 4874 4915
f 4880 4873 4891
f 4891 4873 4915
f 4915 4874 4927
f 4874 5243 4927
f 4885 4875 4892
f 4892 4875 4919
f 4876 4884 4877
f 4883 4884 4876
f 4884 4886 4877
f 4944 4878 4968
f 4897 4881 4879
f 4930 4897 4879
f 4926 4922 4879
f 4922 4930 4879
f 4910 4880 4891
f 4895 4880 4910
f 4906 4883 4881
f 4897 4889 4881
f 4898 4881 4889
f 4898 4906 4881
f 4985 4882 4991
f 4883 4893 4884
f 4906 4893 4883
f 4912 4886 4884
f 4893 4912 4884
f 4890 4885 4919
f 4919 4885 4892
f 4894 4887 4886
f 4936 4894 4886
f 4912 4936 4886
f 4894 4888 4887
f 5178 4887 4888
f 4904 4888 4894
f 4888 4904 5279
f 5217 5178 4888
f 4888 5231 5217
f 4888 5247 5231
f 4888 5279 5247
f 4898 4889 4897
f 4920 4890 4919
f 4910 4891 4916
f 4916 4891 4915
f 4912 4893 4906
f 4894 4936 4904
f 4895 4910 4917
f 4896 5003 4913
f 4897 4925 4898
f 4930 4925 4897
f 4898 4924 4906
f 4923 4924 4898
f 4925 4923 4898
f 4899 4908 4955
f 4899 5032 4946
f 5041 4899 4955
f 4899 5041 5032
f 4900 5003 4997
f 4970 4901 4990
f 4997 4901 4983
f 4990 4901 4997
f 4902 4946 4966
f 4903 4921 5001
f 4903 5001 5067
f 4903 5067 5012
f 4936 4931 4904
f 5288 4904 4931
f 4904 5288 5279
f 4968 4905 4982
f 4906 4935 4912
f 4924 4934 4906
f 4934 4935 4906
f 4907 4917 4918
f 4984 4909 4985
f 4917 4910 4916
f 4935 4936 4912
f 4913 5003 4914
f 4915 4927 4916
f 4917 4916 4951
f 4916 4927 4967
f 4951 4916 4973
f 4916 4967 4973
f 4918 4917 4928
f 4928 4917 4951
f 4919 4918 4945
f 4918 4928 4949
f 4918 4949 4945
f 4919 4940 4920
f 4919 4945 4940
f 4920 4940 4976
f 5001 4921 5088
f 4921 5038 5088
f 4932 4922 4926
f 4932 4930 4922
f 4933 4924 4923
f 4925 4933 4923
f 4933 4934 4924
f 4925 4930 4933
f 4927 5269 4967
f 4927 5243 5246
f 5246 5260 4927
f 5260 5269 4927
f 4928 4951 4949
f 4941 4929 4952
f 4952 4929 4954
f 4954 4929 4958
f 4932 4933 4930
f 4937 4931 4936
f 4937 4942 4931
f 4942 5288 4931
f 4932 4959 4933
f 4977 4959 4932
f 4976 4977 4932
f 4934 4933 4939
f 4933 4953 4939
f 4933 4959 4953
f 4934 4961 4935
f 4939 4957 4934
f 4957 4961 4934
f 4935 4964 4936
f 4935 4947 4964
f 4935 4965 4947
f 4935 4961 4965
f 4942 4937 4936
f 4936 4974 4942
f 4964 4974 4936
f 4938 4950 4994
f 4938 4994 4995
f 4953 4959 4939
f 4957 4939 4960
f 4959 4960 4939
f 4940 4945 4978
f 4976 4940 4977
f 4940 4978 4977
f 4941 4952 5047
f 5000 4941 5047
f 4942 4974 4969
f 4942 4969 5288
f 5022 5038 4943
f 4968 4948 4944
f 4945 4949 4979
f 4978 4945 4979
f 4946 5064 4966
f 5032 5080 4946
f 4946 5080 5064
f 4947 4965 4964
f 4948 4968 4956
f 4949 4951 4979
f 4951 4973 4980
f 4979 4951 4980
f 5047 4952 4954
f 5033 4954 4958
f 5047 4954 5033
f 4955 5000 5028
f 4955 5028 5046
f 5041 4955 5046
f 4956 4968 4958
f 4960 4961 4957
f 5033 4958 4968
f 4959 4972 4960
f 4977 4972 4959
f 4960 4978 4961
f 4972 4978 4960
f 4961 4980 4965
f 4978 4979 4961
f 4979 4980 4961
f 4962 4986 4988
f 4963 4970 4971
f 4964 4965 4974
f 4965 4981 4974
f 4980 4981 4965
f 4966 5040 5034
f 4966 5064 5040
f 4967 5342 4973
f 5269 5342 4967
f 5014 4968 4982
f 5027 4968 5014
f 5033 4968 5027
f 4969 4974 4981
f 4969 4981 5306
f 5288 4969 5292
f 4969 5306 5292
f 4970 4990 4971
f 4971 4989 4986
f 4971 4990 4989
f 4977 4978 4972
f 4980 4973 4981
f 4973 5342 4981
f 4992 4975 4993
f 5008 4993 4975
f 4981 5342 5306
f 5024 4982 4984
f 5014 4982 4987
f 5024 4987 4982
f 5023 4984 4985
f 5024 4984 5023
f 4991 5010 4985
f 5010 5004 4985
f 5023 4985 5004
f 4986 4999 4988
f 4989 4996 4986
f 4986 4996 5015
f 4986 5013 4999
f 4986 5015 5013
f 5014 4987 5024
f 4988 5026 4994
f 4988 4999 5026
f 4990 4998 4989
f 4989 4998 4996
f 4990 4997 5007
f 4990 5009 4998
f 4990 5007 5009
f 5006 4991 4992
f 5006 5017 4991
f 5017 5010 4991
f 5008 4992 4993
f 5008 5006 4992
f 4995 4994 5029
f 4994 5026 5011
f 5011 5037 4994
f 5029 4994 5048
f 5037 5049 4994
f 4994 5049 5048
f 4995 5029 5005
f 4996 4998 5035
f 5015 4996 5035
f 5003 5031 4997
f 5007 4997 5009
f 4997 5031 5009
f 4998 5009 5045
f 5035 4998 5016
f 5016 4998 5045
f 5013 5043 4999
f 4999 5036 5026
f 4999 5065 5036
f 4999 5043 5065
f 5028 5000 5056
f 5000 5047 5097
f 5000 5097 5056
f 5067 5001 5050
f 5001 5088 5050
f 5002 5030 5084
f 5084 5087 5002
f 5087 5094 5002
f 5094 5101 5002
f 5101 5112 5002
f 5002 5112 5165
f 5165 5168 5002
f 5168 5200 5002
f 5003 5071 5031
f 5003 5062 5071
f 5010 5023 5004
f 5029 5093 5005
f 5005 5093 5030
f 5008 5019 5006
f 5021 5017 5006
f 5021 5006 5019
f 5019 5008 5018
f 5009 5031 5020
f 5045 5009 5020
f 5017 5023 5010
f 5011 5026 5037
f 5012 5190 5062
f 5012 5067 5190
f 5013 5015 5043
f 5027 5014 5024
f 5061 5015 5035
f 5043 5015 5061
f 5035 5016 5053
f 5016 5045 5054
f 5054 5053 5016
f 5021 5023 5017
f 5077 5019 5018
f 5081 5077 5018
f 5077 5021 5019
f 5020 5031 5045
f 5023 5021 5069
f 5069 5021 5077
f 5022 5034 5038
f 5042 5024 5023
f 5055 5042 5023
f 5055 5023 5063
f 5063 5023 5060
f 5060 5023 5069
f 5039 5024 5025
f 5042 5025 5024
f 5027 5024 5039
f 5055 5039 5025
f 5042 5055 5025
f 5026 5036 5074
f 5026 5059 5037
f 5026 5074 5059
f 5033 5027 5044
f 5051 5027 5039
f 5044 5027 5051
f 5046 5028 5066
f 5028 5056 5066
f 5048 5093 5029
f 5030 5093 5084
f 5031 5052 5045
f 5031 5075 5052
f 5071 5144 5031
f 5075 5031 5123
f 5031 5144 5123
f 5032 5041 5080
f 5033 5044 5058
f 5047 5033 5089
f 5033 5058 5091
f 5033 5091 5089
f 5034 5040 5038
f 5035 5053 5061
f 5036 5065 5073
f 5036 5073 5074
f 5049 5037 5059
f 5038 5040 5057
f 5038 5057 5145
f 5088 5038 5167
f 5167 5038 5145
f 5051 5039 5055
f 5040 5064 5057
f 5041 5046 5080
f 5043 5061 5065
f 5044 5051 5068
f 5058 5044 5083
f 5083 5044 5068
f 5052 5075 5045
f 5045 5075 5054
f 5046 5066 5163
f 5080 5046 5163
f 5128 5047 5089
f 5097 5047 5128
f 5049 5093 5048
f 5049 5059 5079
f 5049 5079 5093
f 5050 5088 5067
f 5051 5055 5095
f 5068 5051 5095
f 5061 5053 5054
f 5054 5105 5061
f 5075 5085 5054
f 5054 5085 5105
f 5055 5063 5096
f 5055 5096 5095
f 5056 5070 5066
f 5070 5056 5097
f 5064 5107 5057
f 5145 5057 5107
f 5091 5058 5083
f 5059 5074 5079
f 5063 5060 5069
f 5061 5103 5065
f 5061 5105 5103
f 5062 5190 5071
f 5063 5069 5072
f 5086 5063 5072
f 5100 5063 5086
f 5096 5063 5100
f 5064 5080 5107
f 5065 5102 5073
f 5065 5103 5102
f 5066 5070 5097
f 5066 5097 5163
f 5067 5088 5141
f 5067 5141 5190
f 5083 5068 5095
f 5072 5069 5100
f 5069 5077 5078
f 5100 5069 5078
f 5071 5193 5144
f 5071 5190 5195
f 5193 5071 5195
f 5086 5072 5100
f 5074 5073 5076
f 5073 5099 5076
f 5073 5102 5099
f 5074 5076 5099
f 5079 5074 5098
f 5098 5074 5099
f 5075 5092 5085
f 5092 5075 5110
f 5110 5075 5123
f 5078 5077 5090
f 5077 5081 5090
f 5106 5078 5090
f 5106 5100 5078
f 5079 5098 5093
f 5080 5166 5107
f 5080 5163 5166
f 5090 5081 5082
f 5083 5095 5091
f 5084 5093 5087
f 5085 5092 5114
f 5085 5114 5105
f 5087 5093 5094
f 5088 5209 5141
f 5088 5167 5299
f 5088 5299 5209
f 5089 5091 5109
f 5089 5109 5138
f 5128 5089 5139
f 5089 5138 5140
f 5089 5143 5139
f 5089 5140 5143
f 5091 5095 5113
f 5109 5091 5118
f 5118 5091 5113
f 5092 5110 5117
f 5092 5117 5114
f 5093 5101 5094
f 5098 5115 5093
f 5093 5159 5101
f 5093 5115 5155
f 5093 5155 5159
f 5095 5096 5125
f 5121 5113 5095
f 5127 5095 5116
f 5130 5116 5095
f 5127 5121 5095
f 5130 5095 5125
f 5096 5100 5133
f 5130 5125 5096
f 5130 5096 5133
f 5163 5097 5128
f 5098 5099 5108
f 5098 5108 5115
f 5099 5102 5119
f 5108 5099 5115
f 5099 5119 5115
f 5100 5106 5142
f 5133 5100 5142
f 5101 5159 5112
f 5103 5104 5102
f 5102 5104 5126
f 5102 5120 5119
f 5102 5126 5120
f 5104 5103 5126
f 5103 5105 5126
f 5105 5114 5129
f 5105 5129 5126
f 5145 5107 5169
f 5107 5166 5169
f 5132 5111 5109
f 5138 5109 5111
f 5109 5118 5132
f 5110 5123 5117
f 5111 5132 5216
f 5138 5111 5216
f 5165 5112 5159
f 5118 5113 5121
f 5114 5117 5122
f 5129 5114 5122
f 5115 5119 5154
f 5115 5154 5155
f 5127 5116 5130
f 5122 5117 5131
f 5117 5123 5131
f 5214 5118 5121
f 5132 5118 5214
f 5119 5120 5124
f 5119 5124 5154
f 5153 5124 5120
f 5153 5120 5126
f 5137 5121 5127
f 5137 5206 5121
f 5206 5214 5121
f 5129 5122 5131
f 5131 5123 5134
f 5123 5144 5134
f 5154 5124 5153
f 5126 5129 5135
f 5151 5126 5135
f 5126 5151 5152
f 5153 5126 5152
f 5187 5127 5130
f 5137 5127 5187
f 5128 5139 5199
f 5163 5128 5199
f 5129 5131 5149
f 5135 5129 5149
f 5130 5133 5173
f 5130 5173 5211
f 5187 5130 5189
f 5189 5130 5212
f 5212 5130 5211
f 5134 5136 5131
f 5149 5131 5136
f 5132 5214 5216
f 5133 5142 5210
f 5133 5150 5173
f 5150 5133 5210
f 5134 5144 5136
f 5151 5135 5149
f 5136 5144 5146
f 5149 5136 5146
f 5214 5137 5187
f 5206 5137 5214
f 5140 5138 5216
f 5139 5143 5177
f 5198 5139 5177
f 5199 5139 5198
f 5143 5140 5208
f 5140 5216 5208
f 5141 5209 5190
f 5210 5142 5178
f 5177 5143 5208
f 5144 5147 5146
f 5144 5148 5147
f 5144 5170 5148
f 5192 5170 5144
f 5144 5193 5192
f 5167 5145 5169
f 5146 5147 5157
f 5149 5146 5157
f 5147 5148 5191
f 5147 5191 5157
f 5148 5170 5191
f 5149 5157 5151
f 5173 5150 5210
f 5151 5158 5152
f 5151 5157 5158
f 5153 5152 5161
f 5158 5160 5152
f 5152 5160 5161
f 5154 5153 5162
f 5153 5161 5162
f 5154 5162 5155
f 5155 5162 5156
f 5155 5156 5164
f 5155 5165 5159
f 5155 5164 5168
f 5155 5168 5165
f 5162 5164 5156
f 5157 5175 5158
f 5175 5157 5188
f 5157 5191 5188
f 5160 5158 5174
f 5174 5158 5186
f 5158 5175 5188
f 5158 5188 5186
f 5160 5174 5161
f 5162 5161 5176
f 5161 5174 5176
f 5164 5162 5182
f 5162 5176 5182
f 5166 5163 5172
f 5172 5163 5179
f 5163 5199 5179
f 5164 5181 5168
f 5164 5182 5181
f 5169 5166 5305
f 5305 5166 5172
f 5167 5169 5171
f 5167 5171 5299
f 5168 5181 5180
f 5168 5180 5200
f 5171 5169 5303
f 5303 5169 5305
f 5196 5191 5170
f 5192 5196 5170
f 5299 5171 5228
f 5303 5228 5171
f 5172 5179 5305
f 5173 5210 5211
f 5176 5174 5184
f 5184 5174 5185
f 5174 5186 5185
f 5176 5183 5182
f 5176 5184 5183
f 5198 5177 5208
f 5210 5178 5217
f 5199 5208 5179
f 5179 5208 5305
f 5180 5181 5215
f 5230 5200 5180
f 5230 5180 5215
f 5181 5182 5194
f 5204 5181 5194
f 5215 5181 5204
f 5183 5225 5182
f 5225 5194 5182
f 5183 5184 5233
f 5225 5183 5240
f 5183 5233 5240
f 5184 5185 5229
f 5233 5184 5229
f 5223 5185 5186
f 5233 5185 5223
f 5229 5185 5233
f 5186 5188 5202
f 5223 5186 5202
f 5187 5189 5212
f 5214 5187 5212
f 5188 5191 5213
f 5202 5188 5213
f 5190 5197 5195
f 5190 5203 5197
f 5190 5207 5203
f 5190 5220 5207
f 5190 5209 5220
f 5196 5287 5191
f 5191 5232 5213
f 5191 5250 5232
f 5273 5250 5191
f 5252 5257 5191
f 5191 5287 5252
f 5191 5257 5273
f 5193 5196 5192
f 5193 5195 5196
f 5234 5204 5194
f 5237 5194 5225
f 5234 5194 5237
f 5195 5201 5196
f 5197 5201 5195
f 5196 5201 5205
f 5196 5205 5307
f 5196 5307 5287
f 5197 5221 5201
f 5197 5203 5221
f 5199 5198 5208
f 5224 5200 5230
f 5205 5201 5265
f 5201 5221 5265
f 5202 5213 5218
f 5218 5223 5202
f 5207 5320 5203
f 5203 5320 5221
f 5234 5215 5204
f 5205 5265 5307
f 5220 5320 5207
f 5305 5208 5216
f 5220 5209 5320
f 5209 5299 5320
f 5217 5211 5210
f 5211 5222 5212
f 5217 5231 5211
f 5226 5222 5211
f 5211 5231 5226
f 5212 5219 5214
f 5222 5219 5212
f 5218 5213 5259
f 5213 5232 5259
f 5219 5216 5214
f 5230 5215 5234
f 5235 5216 5219
f 5285 5216 5235
f 5216 5285 5270
f 5332 5216 5270
f 5305 5216 5332
f 5218 5253 5223
f 5218 5259 5253
f 5222 5236 5219
f 5236 5235 5219
f 5221 5358 5265
f 5320 5319 5221
f 5221 5319 5358
f 5226 5238 5222
f 5238 5236 5222
f 5223 5227 5249
f 5223 5253 5227
f 5233 5223 5249
f 5224 5230 5244
f 5243 5224 5245
f 5245 5224 5244
f 5237 5225 5240
f 5247 5226 5231
f 5239 5238 5226
f 5239 5226 5247
f 5249 5227 5253
f 5299 5228 5303
f 5230 5234 5242
f 5244 5230 5242
f 5250 5264 5232
f 5259 5232 5264
f 5233 5249 5240
f 5234 5237 5241
f 5234 5241 5242
f 5271 5235 5236
f 5276 5235 5271
f 5327 5235 5276
f 5336 5285 5235
f 5336 5235 5327
f 5268 5236 5238
f 5268 5266 5236
f 5266 5271 5236
f 5237 5240 5241
f 5254 5238 5239
f 5254 5267 5238
f 5267 5268 5238
f 5261 5239 5247
f 5261 5254 5239
f 5240 5248 5241
f 5240 5312 5248
f 5249 5290 5240
f 5290 5312 5240
f 5241 5248 5242
f 5242 5251 5244
f 5248 5251 5242
f 5245 5246 5243
f 5244 5256 5245
f 5244 5251 5255
f 5244 5255 5256
f 5260 5246 5245
f 5260 5245 5256
f 5263 5261 5247
f 5281 5263 5247
f 5279 5281 5247
f 5251 5248 5262
f 5248 5312 5262
f 5253 5300 5249
f 5249 5300 5290
f 5272 5264 5250
f 5277 5272 5250
f 5273 5277 5250
f 5251 5275 5255
f 5251 5262 5275
f 5252 5322 5257
f 5287 5322 5252
f 5259 5280 5253
f 5253 5280 5300
f 5289 5254 5261
f 5289 5267 5254
f 5255 5258 5256
f 5304 5258 5255
f 5255 5275 5308
f 5255 5308 5304
f 5256 5258 5304
f 5260 5256 5269
f 5269 5256 5304
f 5257 5322 5273
f 5264 5274 5259
f 5259 5274 5282
f 5280 5259 5286
f 5259 5282 5286
f 5263 5289 5261
f 5262 5312 5275
f 5289 5263 5281
f 5272 5278 5264
f 5264 5282 5274
f 5278 5359 5264
f 5264 5343 5282
f 5359 5343 5264
f 5307 5265 5316
f 5265 5407 5316
f 5265 5358 5410
f 5265 5410 5407
f 5295 5266 5268
f 5283 5271 5266
f 5295 5283 5266
f 5291 5268 5267
f 5291 5267 5289
f 5291 5295 5268
f 5269 5304 5342
f 5270 5285 5368
f 5332 5270 5362
f 5362 5270 5365
f 5365 5270 5368
f 5298 5276 5271
f 5295 5271 5283
f 5298 5271 5295
f 5277 5278 5272
f 5284 5277 5273
f 5273 5322 5284
f 5275 5312 5308
f 5318 5276 5298
f 5327 5276 5318
f 5277 5359 5278
f 5284 5359 5277
f 5281 5279 5288
f 5280 5286 5300
f 5288 5292 5281
f 5293 5289 5281
f 5292 5293 5281
f 5282 5301 5286
f 5301 5282 5334
f 5282 5343 5334
f 5322 5393 5284
f 5284 5399 5359
f 5393 5395 5284
f 5284 5395 5399
f 5285 5336 5371
f 5368 5285 5374
f 5285 5371 5370
f 5285 5370 5375
f 5374 5285 5375
f 5300 5286 5325
f 5286 5301 5328
f 5325 5286 5328
f 5287 5307 5313
f 5316 5287 5313
f 5287 5316 5322
f 5291 5289 5293
f 5290 5300 5312
f 5294 5291 5293
f 5295 5291 5294
f 5310 5293 5292
f 5306 5326 5292
f 5326 5310 5292
f 5297 5294 5293
f 5310 5297 5293
f 5296 5295 5294
f 5294 5309 5296
f 5297 5310 5294
f 5310 5309 5294
f 5298 5295 5296
f 5302 5298 5296
f 5309 5302 5296
f 5351 5298 5302
f 5318 5298 5331
f 5331 5298 5351
f 5299 5303 5311
f 5299 5311 5320
f 5300 5325 5312
f 5301 5334 5328
f 5317 5302 5309
f 5317 5352 5302
f 5324 5351 5302
f 5352 5324 5302
f 5303 5305 5311
f 5308 5314 5304
f 5304 5314 5315
f 5304 5315 5342
f 5329 5311 5305
f 5329 5305 5332
f 5306 5342 5326
f 5307 5316 5313
f 5312 5314 5308
f 5310 5353 5309
f 5353 5317 5309
f 5321 5353 5310
f 5354 5321 5310
f 5354 5310 5326
f 5320 5311 5323
f 5329 5323 5311
f 5314 5312 5335
f 5312 5325 5338
f 5312 5338 5335
f 5314 5335 5315
f 5315 5335 5333
f 5315 5333 5342
f 5316 5390 5322
f 5316 5396 5390
f 5407 5396 5316
f 5353 5352 5317
f 5327 5318 5331
f 5320 5329 5319
f 5319 5329 5330
f 5319 5330 5360
f 5319 5364 5358
f 5319 5360 5364
f 5320 5323 5329
f 5354 5353 5321
f 5322 5385 5389
f 5322 5390 5385
f 5322 5389 5393
f 5352 5351 5324
f 5325 5328 5339
f 5325 5339 5338
f 5326 5342 5356
f 5356 5354 5326
f 5327 5331 5357
f 5336 5327 5367
f 5357 5366 5327
f 5366 5367 5327
f 5328 5334 5341
f 5328 5341 5339
f 5329 5332 5330
f 5330 5332 5360
f 5331 5351 5363
f 5357 5331 5363
f 5360 5332 5361
f 5332 5362 5361
f 5333 5335 5337
f 5342 5333 5337
f 5334 5343 5341
f 5337 5335 5355
f 5347 5335 5338
f 5355 5335 5347
f 5336 5367 5369
f 5336 5369 5373
f 5371 5336 5372
f 5372 5336 5373
f 5342 5337 5355
f 5340 5338 5339
f 5347 5338 5340
f 5340 5339 5345
f 5339 5341 5344
f 5339 5344 5345
f 5340 5345 5346
f 5347 5340 5346
f 5341 5343 5344
f 5356 5342 5355
f 5343 5348 5344
f 5343 5352 5348
f 5343 5351 5352
f 5359 5351 5343
f 5345 5344 5353
f 5353 5344 5348
f 5346 5345 5349
f 5349 5345 5353
f 5346 5354 5347
f 5346 5349 5354
f 5350 5347 5354
f 5347 5350 5355
f 5348 5352 5353
f 5349 5353 5354
f 5356 5350 5354
f 5355 5350 5356
f 5359 5363 5351
f 5363 5366 5357
f 5358 5364 5398
f 5358 5398 5397
f 5358 5397 5404
f 5358 5404 5421
f 5410 5358 5414
f 5414 5358 5417
f 5417 5358 5423
f 5358 5421 5423
f 5359 5399 5363
f 5360 5361 5364
f 5361 5362 5364
f 5364 5362 5365
f 5366 5363 5367
f 5363 5377 5367
f 5363 5378 5377
f 5363 5387 5378
f 5363 5388 5387
f 5388 5363 5401
f 5363 5399 5401
f 5364 5365 5368
f 5364 5368 5420
f 5398 5364 5400
f 5400 5364 5418
f 5364 5422 5418
f 5364 5420 5422
f 5369 5367 5376
f 5367 5377 5376
f 5368 5374 5409
f 5368 5409 5420
f 5369 5379 5373
f 5369 5376 5379
f 5371 5384 5370
f 5375 5370 5384
f 5371 5372 5383
f 5383 5384 5371
f 5372 5373 5380
f 5382 5372 5380
f 5383 5372 5382
f 5373 5379 5380
f 5386 5374 5375
f 5409 5374 5386
f 5375 5384 5386
f 5377 5378 5376
f 5378 5392 5376
f 5379 5376 5391
f 5391 5376 5392
f 5378 5387 5402
f 5378 5394 5392
f 5378 5402 5394
f 5380 5379 5381
f 5379 5391 5381
f 5382 5380 5381
f 5382 5381 5440
f 5391 5405 5381
f 5381 5405 5440
f 5383 5382 5440
f 5384 5383 5448
f 5383 5440 5448
f 5386 5384 5448
f 5389 5385 5390
f 5443 5409 5386
f 5443 5386 5448
f 5387 5388 5402
f 5402 5388 5401
f 5389 5390 5434
f 5393 5389 5408
f 5389 5436 5408
f 5389 5434 5436
f 5396 5431 5390
f 5431 5434 5390
f 5391 5392 5405
f 5394 5405 5392
f 5393 5408 5395
f 5394 5402 5405
f 5395 5403 5399
f 5395 5408 5403
f 5419 5396 5407
f 5419 5431 5396
f 5397 5398 5429
f 5404 5397 5438
f 5438 5397 5429
f 5398 5400 5427
f 5398 5427 5429
f 5399 5406 5401
f 5403 5411 5399
f 5399 5412 5406
f 5399 5411 5413
f 5399 5413 5412
f 5400 5418 5426
f 5427 5400 5426
f 5402 5401 5405
f 5401 5441 5405
f 5406 5441 5401
f 5408 5424 5403
f 5403 5415 5411
f 5424 5415 5403
f 5421 5404 5433
f 5438 5433 5404
f 5440 5405 5452
f 5405 5441 5452
f 5406 5412 5454
f 5406 5454 5441
f 5410 5416 5407
f 5416 5419 5407
f 5425 5424 5408
f 5435 5425 5408
f 5436 5435 5408
f 5420 5409 5443
f 5410 5414 5416
f 5415 5413 5411
f 5412 5413 5455
f 5412 5455 5454
f 5455 5413 5415
f 5416 5414 5417
f 5424 5451 5415
f 5415 5451 5458
f 5458 5455 5415
f 5416 5417 5446
f 5416 5446 5419
f 5446 5417 5423
f 5418 5422 5428
f 5426 5418 5430
f 5418 5428 5430
f 5446 5431 5419
f 5422 5420 5443
f 5423 5421 5432
f 5421 5433 5432
f 5422 5443 5428
f 5423 5432 5442
f 5446 5423 5442
f 5425 5435 5424
f 5437 5424 5435
f 5437 5451 5424
f 5427 5426 5444
f 5426 5430 5444
f 5427 5444 5429
f 5430 5428 5443
f 5429 5444 5438
f 5430 5443 5444
f 5431 5447 5434
f 5446 5447 5431
f 5432 5433 5442
f 5433 5438 5445
f 5433 5445 5442
f 5439 5436 5434
f 5434 5447 5439
f 5436 5437 5435
f 5436 5439 5437
f 5439 5447 5437
f 5437 5447 5469
f 5437 5469 5451
f 5438 5444 5445
f 5440 5465 5448
f 5440 5452 5465
f 5441 5450 5449
f 5441 5449 5453
f 5441 5454 5450
f 5441 5453 5452
f 5442 5445 5490
f 5442 5489 5446
f 5442 5490 5489
f 5444 5443 5475
f 5443 5448 5475
f 5444 5493 5445
f 5444 5475 5497
f 5444 5492 5493
f 5444 5496 5492
f 5496 5444 5497
f 5445 5486 5488
f 5445 5499 5486
f 5490 5445 5488
f 5445 5493 5499
f 5446 5487 5447
f 5446 5489 5487
f 5469 5447 5471
f 5447 5481 5471
f 5447 5485 5481
f 5487 5485 5447
f 5448 5465 5474
f 5448 5474 5484
f 5448 5484 5475
f 5449 5450 5456
f 5449 5456 5453
f 5450 5454 5456
f 5451 5462 5458
f 5468 5462 5451
f 5469 5468 5451
f 5453 5457 5452
f 5457 5459 5452
f 5459 5461 5452
f 5465 5452 5461
f 5456 5463 5453
f 5457 5453 5472
f 5463 5470 5453
f 5470 5472 5453
f 5455 5460 5454
f 5454 5460 5456
f 5455 5458 5460
f 5460 5476 5456
f 5456 5476 5463
f 5457 5472 5459
f 5458 5483 5460
f 5462 5483 5458
f 5459 5478 5461
f 5472 5477 5459
f 5459 5477 5478
f 5460 5512 5476
f 5483 5512 5460
f 5465 5461 5466
f 5466 5461 5478
f 5468 5464 5462
f 5464 5483 5462
f 5463 5476 5470
f 5473 5464 5468
f 5473 5483 5464
f 5465 5466 5467
f 5474 5465 5467
f 5466 5480 5467
f 5466 5478 5480
f 5474 5467 5501
f 5467 5480 5494
f 5501 5467 5494
f 5469 5473 5468
f 5469 5471 5473
f 5470 5476 5472
f 5471 5481 5473
f 5476 5502 5472
f 5472 5502 5477
f 5481 5507 5473
f 5483 5473 5519
f 5473 5507 5550
f 5473 5550 5519
f 5484 5474 5479
f 5479 5474 5501
f 5484 5491 5475
f 5475 5491 5495
f 5497 5475 5495
f 5512 5502 5476
f 5477 5502 5478
f 5480 5478 5502
f 5484 5479 5501
f 5480 5502 5494
f 5481 5485 5482
f 5481 5482 5500
f 5481 5500 5507
f 5485 5498 5482
f 5482 5498 5500
f 5483 5519 5512
f 5484 5505 5491
f 5484 5501 5505
f 5487 5498 5485
f 5488 5486 5508
f 5486 5499 5508
f 5487 5489 5498
f 5490 5488 5508
f 5490 5508 5489
f 5489 5508 5498
f 5491 5505 5495
f 5492 5504 5493
f 5496 5504 5492
f 5499 5493 5504
f 5501 5494 5526
f 5494 5502 5526
f 5524 5497 5495
f 5495 5505 5521
f 5524 5495 5521
f 5496 5497 5504
f 5504 5497 5524
f 5498 5503 5500
f 5498 5509 5503
f 5498 5508 5509
f 5499 5504 5508
f 5500 5503 5507
f 5505 5501 5506
f 5501 5526 5506
f 5512 5529 5502
f 5502 5522 5526
f 5502 5528 5522
f 5527 5528 5502
f 5502 5529 5527
f 5503 5553 5507
f 5503 5509 5553
f 5508 5504 5514
f 5514 5504 5517
f 5517 5504 5518
f 5518 5504 5523
f 5523 5504 5525
f 5504 5524 5525
f 5505 5506 5510
f 5505 5510 5515
f 5505 5515 5516
f 5505 5516 5520
f 5521 5505 5520
f 5506 5526 5510
f 5507 5561 5550
f 5507 5553 5570
f 5507 5565 5561
f 5507 5570 5565
f 5509 5508 5511
f 5508 5513 5511
f 5508 5514 5513
f 5509 5511 5553
f 5515 5510 5526
f 5513 5537 5511
f 5511 5537 5553
f 5519 5533 5512
f 5512 5530 5529
f 5512 5536 5530
f 5533 5535 5512
f 5512 5535 5536
f 5513 5514 5537
f 5514 5517 5537
f 5520 5516 5515
f 5520 5515 5559
f 5515 5526 5560
f 5515 5566 5559
f 5515 5560 5563
f 5515 5563 5566
f 5568 5517 5518
f 5537 5517 5568
f 5568 5518 5523
f 5519 5532 5533
f 5519 5534 5532
f 5539 5534 5519
f 5519 5549 5539
f 5519 5550 5549
f 5521 5520 5559
f 5524 5521 5559
f 5522 5541 5526
f 5522 5528 5531
f 5522 5531 5541
f 5568 5523 5525
f 5525 5524 5568
f 5524 5559 5568
f 5526 5541 5547
f 5526 5547 5554
f 5526 5554 5560
f 5527 5557 5528
f 5529 5557 5527
f 5528 5557 5531
f 5530 5557 5529
f 5530 5536 5558
f 5530 5558 5557
f 5531 5557 5541
f 5532 5540 5533
f 5534 5543 5532
f 5543 5540 5532
f 5533 5540 5535
f 5544 5534 5539
f 5534 5542 5543
f 5534 5545 5542
f 5544 5545 5534
f 5535 5538 5536
f 5540 5538 5535
f 5538 5558 5536
f 5553 5537 5569
f 5537 5568 5569
f 5540 5558 5538
f 5539 5549 5544
f 5540 5543 5562
f 5540 5562 5558
f 5547 5541 5557
f 5542 5562 5543
f 5545 5562 5542
f 5544 5546 5545
f 5544 5548 5546
f 5548 5544 5555
f 5544 5549 5555
f 5545 5546 5562
f 5546 5548 5581
f 5546 5581 5562
f 5547 5573 5554
f 5547 5557 5573
f 5548 5555 5581
f 5549 5550 5551
f 5555 5549 5551
f 5550 5552 5551
f 5561 5552 5550
f 5552 5556 5551
f 5551 5556 5555
f 5561 5556 5552
f 5553 5569 5592
f 5570 5553 5572
f 5572 5553 5574
f 5553 5577 5574
f 5577 5553 5592
f 5560 5554 5573
f 5556 5619 5555
f 5555 5619 5581
f 5561 5619 5556
f 5558 5576 5557
f 5557 5564 5573
f 5557 5576 5564
f 5562 5575 5558
f 5558 5575 5576
f 5559 5566 5571
f 5568 5559 5597
f 5559 5571 5584
f 5591 5559 5584
f 5597 5559 5591
f 5566 5563 5560
f 5566 5560 5606
f 5560 5573 5606
f 5565 5619 5561
f 5562 5567 5575
f 5562 5590 5567
f 5562 5581 5590
f 5564 5607 5573
f 5576 5593 5564
f 5564 5593 5607
f 5565 5570 5596
f 5565 5596 5619
f 5566 5606 5571
f 5567 5578 5575
f 5590 5578 5567
f 5569 5568 5599
f 5604 5568 5597
f 5599 5568 5605
f 5605 5568 5604
f 5569 5601 5592
f 5598 5569 5599
f 5600 5569 5598
f 5601 5569 5600
f 5570 5572 5596
f 5584 5571 5611
f 5571 5606 5611
f 5572 5574 5596
f 5606 5573 5623
f 5573 5607 5623
f 5574 5577 5596
f 5576 5575 5583
f 5578 5587 5575
f 5575 5585 5583
f 5575 5586 5585
f 5575 5587 5586
f 5579 5576 5580
f 5576 5579 5593
f 5580 5576 5582
f 5582 5576 5583
f 5577 5592 5617
f 5577 5617 5596
f 5578 5588 5587
f 5578 5589 5588
f 5578 5602 5589
f 5590 5602 5578
f 5579 5580 5594
f 5593 5579 5594
f 5582 5627 5580
f 5594 5580 5603
f 5580 5608 5603
f 5620 5608 5580
f 5620 5580 5642
f 5580 5627 5642
f 5581 5614 5590
f 5581 5629 5614
f 5581 5619 5629
f 5583 5585 5582
f 5585 5627 5582
f 5591 5584 5611
f 5627 5585 5586
f 5627 5586 5587
f 5627 5587 5588
f 5602 5588 5589
f 5609 5588 5602
f 5627 5588 5609
f 5590 5614 5602
f 5597 5591 5611
f 5592 5601 5612
f 5592 5612 5617
f 5594 5595 5593
f 5593 5595 5603
f 5593 5603 5608
f 5593 5608 5607
f 5603 5595 5594
f 5596 5617 5619
f 5618 5604 5597
f 5618 5597 5611
f 5598 5599 5618
f 5612 5600 5598
f 5612 5598 5618
f 5599 5605 5618
f 5612 5601 5600
f 5602 5614 5609
f 5605 5604 5618
f 5606 5622 5611
f 5606 5623 5622
f 5607 5608 5620
f 5607 5620 5623
f 5609 5614 5610
f 5626 5609 5610
f 5627 5609 5626
f 5610 5614 5613
f 5610 5613 5616
f 5626 5610 5616
f 5618 5611 5624
f 5611 5622 5624
f 5617 5612 5621
f 5612 5618 5624
f 5621 5612 5624
f 5614 5615 5613
f 5615 5616 5613
f 5614 5616 5615
f 5616 5614 5628
f 5614 5629 5628
f 5626 5616 5628
f 5619 5617 5633
f 5617 5621 5630
f 5617 5630 5633
f 5619 5633 5629
f 5620 5625 5623
f 5625 5620 5642
f 5621 5624 5636
f 5630 5621 5638
f 5621 5636 5638
f 5622 5623 5632
f 5624 5622 5632
f 5623 5625 5631
f 5623 5631 5632
f 5624 5632 5636
f 5631 5625 5642
f 5626 5628 5627
f 5628 5634 5627
f 5634 5639 5627
f 5639 5641 5627
f 5641 5650 5627
f 5642 5627 5649
f 5647 5627 5646
f 5650 5646 5627
f 5648 5627 5647
f 5648 5649 5627
f 5629 5634 5628
f 5629 5633 5637
f 5634 5629 5637
f 5633 5630 5638
f 5632 5631 5635
f 5640 5635 5631
f 5640 5631 5642
f 5632 5635 5643
f 5636 5632 5643
f 5633 5644 5637
f 5633 5638 5644
f 5634 5637 5639
f 5643 5635 5640
f 5638 5636 5644
f 5636 5643 5644
f 5637 5644 5639
f 5641 5639 5650
f 5639 5644 5650
f 5640 5642 5643
f 5642 5645 5643
f 5645 5642 5649
f 5644 5643 5648
f 5649 5643 5645
f 5648 5643 5649
f 5644 5647 5646
f 5644 5646 5650
f 5644 5648 5647
