v -0.499987455378938 0.0129796923902013 -0.0161942931487083
v -0.499985593189027 0.0129773938455585 0.0350447595511452
v -0.499984326550757 0.012975830404262 0.0698969218668141
v -0.499927507557971 0.010347407336882 0.0353118784437752
v -0.499827345918163 0.00586200432440613 0.0668106368633106
v -0.499773311926885 0.0032783847268737 -0.0185666600688633
v -0.499735745857145 0.00166814704318741 0.0382409531044974
v -0.499717040603287 0.000866362218359329 0.0665271388263678
v -0.499586885542939 -0.0076743695150071 -0.0212417863783009
v -0.499575365046361 -0.00769754233838354 0.0414030633267329
v -0.499570830690312 -0.00770666293758314 0.0660594703945037
v -0.499099720224417 -0.0100826525078174 0.0421954536928983
v -0.499063561668549 -0.0102994166504027 -0.0219112207827786
v -0.498157771917396 0.0255063505061046 -0.0132554837328029
v -0.497874467015141 0.0274198161087625 0.076202392578125
v -0.497767058749874 0.0281585544043035 0.0648546433345651
v -0.497204427985713 0.0320331366886652 -0.011238976338293
v -0.496971575000802 -0.0207439309059906 0.064308759367109
v -0.496893343718848 -0.021141538058206 0.0548122746980436
v -0.496854766140864 0.0344143482061091 0.0325538201749831
v -0.49668291650822 0.0355846512590399 0.0540768319193895
v -0.496505599163251 0.0367921896573565 0.0762846378921298
v -0.496219087962511 -0.0245684141676938 -0.0270355397972783
v -0.495521861543805 0.0442927391672447 -0.00745544911872454
v -0.495438397470416 -0.02854216116908 0.0632710042940482
v -0.495044880028939 0.0477348947203788 0.00220532022376709
v -0.495018128918981 -0.0306768310166406 -0.0292286497261339
v -0.494669797579025 -0.0324494798093236 -0.000568983339383133
v -0.494464332161048 0.0518602595011396 0.0305403406177307
v -0.494072206604883 0.0548706386071618 -0.00815991054495492
v -0.493771575403915 -0.0370201221302093 0.0612654466866732
v -0.493768951774621 -0.0370329144806068 0.0440010187511081
v -0.493768687474339 0.0567571673909677 0.0764597785361671
v -0.493764810394672 -0.0370531071135979 0.0167492435673249
v -0.49375745795317 -0.0370889563123373 -0.0316324758943752
v -0.493543424453842 -0.0417193407400178 0.033339657373417
v -0.493471602451439 -0.0430565353814037 -0.0338321370775325
v -0.493395909455978 -0.0448662987267473 0.0598929105455122
v -0.493119916863782 0.0614819872230586 0.0785090911514659
v -0.49294725827017 0.0629249015350246 0.031146853227975
v -0.492936938060795 -0.0525239507273041 -0.0373252753063604
v -0.492835106453267 -0.0548059728491254 0.0581189751039822
v -0.492787692157992 0.0642584014909183 -0.0126239664653666
v -0.492742006672022 -0.0559784411404267 -0.0380370386436804
v -0.492642759172002 0.0652481281611524 0.0801348245089933
v -0.492153152898357 -0.0588980363292597 0.057201743650253
v -0.491720185178389 0.0726161178432697 0.0316810444437368
v -0.491143755892977 0.0771229457237844 0.0592826938081665
v -0.490850928334269 -0.0673228135345714 -0.0401039453357375
v -0.490710838927393 0.0806755672295067 -0.0204127931757685
v -0.49059031933298 0.0815424717964015 0.0304593138996922
v -0.490536570545204 0.081929090004125 0.0531470278785068
v -0.49046333148099 0.0824559029224044 0.0840617146974278
v -0.490331608470044 -0.069746742562042 0.067498162910534
v -0.489633004734215 -0.0728963443672666 0.0705693108795343
v -0.488931046963908 0.0899152138419466 0.0858712643844366
v -0.488930136996068 -0.0759747761034497 -0.0415768316469283
v -0.488802038667831 0.0903019627438054 0.0423414774949445
v -0.488763417475521 0.0904177436987399 0.0293099723764029
v -0.48861642852379 0.0908306181663039 -0.0253159121875804
v -0.488602158271812 0.090901176329399 -0.0251018676750552
v -0.488601527380386 0.090903067654017 -0.0253147421193374
v -0.48854152761195 -0.0778045040724851 0.0592004706708467
v -0.488357277028973 0.0913333860478406 0.0862668820121855
v -0.487001287491659 -0.0846593725709143 -0.0477256831180979
v -0.486859544641614 -0.0853980809907411 0.0799606894669581
v -0.486676141636724 -0.0862041031134896 0.0542043342868229
v -0.485948725749063 -0.0894009607562774 -0.0479509274412196
v -0.485928752152766 0.0974777470841305 -0.00319931774495267
v -0.485877154999184 0.0975023623296302 0.0629663097642075
v -0.484778864728184 0.100354969990201 -0.0249450625618535
v -0.484686804768383 0.100405967349118 0.0885595582433715
v -0.484471720784425 0.101031858194654 0.0281313064484653
v -0.482765516576657 -0.1041133604429 -0.0486477101518266
v -0.482560506193077 -0.10247511937923 0.0930247560279464
v -0.482545798215111 -0.102950762973015 -0.0486046972483864
v -0.482259019155399 -0.103587600793692 0.12284264881734
v -0.482252639747345 -0.105446157384372 0.0427497018707584
v -0.482077923245687 -0.104542941333962 0.0432636238829429
v -0.482013294642304 -0.106068136007157 0.0854022880877502
v -0.481856407857551 -0.105296758124035 0.0867586773538729
v -0.481804072494044 -0.106611835046286 0.122686801241463
v -0.481777661535155 -0.106680468377364 0.127393376297179
v -0.481673691758109 -0.105918540947951 0.122635401684827
v -0.481654140960325 -0.105985072306124 0.126474245578122
v -0.481403257277688 -0.107498323283415 0.0819678259890343
v -0.481387226509734 -0.107480083968028 0.0415142056093811
v -0.481381855755896 -0.107478547744647 0.0312687645977064
v -0.480126684337168 -0.110572485313721 0.133589227192311
v -0.479867400888008 -0.111124710370614 0.0918937602242696
v -0.479445162540059 -0.112159312902763 0.121834972354008
v -0.47789595417909 -0.115618055672813 -0.0121667695428472
v -0.477855325917572 0.117438983505113 -0.00171873069784336
v -0.476892266517636 -0.117962757414809 -0.0238691141546465
v -0.475279539906796 -0.121986036585218 0.142295516828685
v -0.474696749091642 -0.123320250870091 0.115807190469804
v -0.474399129854267 0.126019009402922 -0.023390704944507
v -0.474350991845281 0.126136067496572 -0.0221216278622401
v -0.474136522170424 0.126659289250672 -0.0233515062591658
v -0.474069465299449 0.12662449160759 0.111351390864906
v -0.473931245833585 -0.125072758554595 0.0810144319002855
v -0.473633501267584 -0.125754401166098 0.0674816941996637
v -0.473192322494411 -0.126629899900029 -0.0498342937278393
v -0.473095213098213 0.129156320528018 0.0324770043183173
v -0.472306774259909 -0.0165726664480216 -0.025018371089782
v -0.472267591619239 0.131202310656754 0.0328036907321028
v -0.471087273190395 -0.131583617730244 -0.0482464856873743
v -0.469156194375006 0.138768353325929 0.114830409735441
v -0.468183325305548 0.141160166938629 0.0344024833856502
v -0.46701319045895 -0.140453476579495 0.0555901887633228
v -0.466034810223846 -0.142526249077631 0.116750845641305
v -0.466011536998611 -0.142512410530612 0.15812467038562
v -0.465321117874513 -0.144188972723394 0.066087444277507
v -0.465299498634238 -0.144176419724316 0.104329945720239
v -0.464916909201821 -0.0350284957568429 0.0496173391301132
v -0.46427252911456 0.15070622363877 -0.00938717010035689
v -0.464227516639193 -0.146451518717434 0.168797889083155
v -0.464222699260124 -0.146477381026562 0.159201369592443
v -0.464202555288781 0.150885336651732 -0.0439851916431375
v -0.464194201156595 -0.14663037433527 0.102431370375379
v -0.464172252471298 -0.146748206807243 0.0587082206630347
v -0.464169782372589 -0.146761467639634 0.0537876300123332
v -0.464121068307535 -0.14702299121736 -0.0432538251215253
v -0.46403358003326 0.151277128431928 0.0382206417432715
v -0.463823835576283 0.151800467185001 -0.0103634717390963
v -0.463480508668158 -0.148700263110658 0.00508033170189689
v -0.463476312430942 -0.148699200398995 0.0144563929746191
v -0.463460407416773 -0.148690800642057 0.0532811954340484
v -0.463384762344443 0.152789649802254 -0.0456137881321916
v -0.463257953452877 0.15316785312312 0.0398740248155771
v -0.463011551103224 -0.149746149983218 0.177333997017663
v -0.462360198179549 0.155337170523065 0.119574329146349
v -0.461935862909829 -0.152643217713335 0.198030729032179
v -0.461584088598668 -0.153648706553334 0.1611328125
v -0.460923287298046 -0.155713532785761 -0.0405218909629599
v -0.460651540815415 -0.156412806466545 -0.0107846651701808
v -0.46009079794017 -0.157855742288745 0.050577444585162
v -0.459932699386012 0.160996084485478 0.121191370870055
v -0.459698630418701 -0.158864890313647 0.0934923482909567
v -0.459449308985862 -0.159410598350261 -0.039347388344002
v -0.459074310228013 -0.160471426941105 0.161811725593354
v -0.458811371551222 -0.161148035869247 0.190585112927236
v -0.458669116947847 -0.161514093597566 0.20615203846636
v -0.458461229107995 0.164425456923752 0.121265834174815
v -0.458143518456176 0.165097339434534 0.0503802911083514
v -0.457814504646301 0.165793125437914 -0.0230271393816437
v -0.457721872160336 0.165982175594008 -0.0507734060171241
v -0.457690324283517 0.166055737388313 -0.0507334577052279
v -0.457165194628765 -0.165144793500223 -0.0289614216541952
v -0.456741768827258 -0.166350074581369 0.210632787386633
v -0.456671643880389 -0.166511087711181 0.185840359595392
v -0.456605427341563 -0.166663126787682 0.162429735691755
v -0.456392932080065 -0.167151034852523 0.0873027849863187
v -0.456280839452847 -0.167408409517932 0.0476728317342631
v -0.456050691391051 -0.167936849986044 -0.0336952042941754
v -0.456037988363447 -0.167966017269928 -0.0381863149284991
v -0.45556130210864 -0.168325542026609 0.212606468307721
v -0.455324770869509 -0.169012172625267 0.0470932971129767
v -0.455261248776233 0.169651376000777 0.12115694196952
v -0.455252152679152 0.169645786712188 0.130625459564399
v -0.454667498918117 -0.170262979428022 -0.0378909911434543
v -0.453751996061678 -0.17137160261812 0.205217466322987
v -0.452609628838199 0.174342313147581 -0.0459239631036328
v -0.452453797002314 0.174566767982603 -0.0320181203506784
v -0.452084772742624 -0.174213210267931 0.17858286751263
v -0.451414543786499 0.176063672692577 0.0607209000007265
v -0.45139818769608 0.176012649783896 -0.0336133913119547
v -0.451200461042943 0.00544077773395852 -0.0175250310866719
v -0.451172021911021 0.00486673003051471 0.0357199877624184
v -0.451155306931495 0.00452933592030134 0.0670145224328133
v -0.45108223427483 0.00409888779574459 0.0668287975591958
v -0.450789942918375 0.00260286791339878 0.0364741532260784
v -0.450759564714624 -0.176809008984035 -0.0349205858310536
v -0.450651816106261 -0.176789749065889 0.0791193760456464
v -0.450382901589743 0.17754961475158 0.152780741841483
v -0.450254026194574 -0.000140087211274971 -0.019181141341676
v -0.450112051557214 -0.177806582071533 0.0152357150306942
v -0.450024283408065 -0.00159419551298079 -0.0196132969571184
v -0.449845219016815 0.178224331496353 0.0726502874917389
v -0.44983984732907 0.178224059007992 0.0628418745905812
v -0.449688345522537 0.0226695311843989 -0.0122409131805019
v -0.449628358091667 0.0226484720355726 0.029661611395629
v -0.449543379413686 -0.178578621344447 0.0122181571112766
v -0.44950690880717 0.17864886422504 0.0222328400624818
v -0.449500929431879 0.17864845237875 0.011175422320914
v -0.449322391315283 0.0268650242854804 -0.0124936556552177
v -0.449307810587586 -0.179045613491951 0.077532135692399
v -0.449300126436619 0.0256211970783353 0.076202392578125
v -0.449141826966358 0.0280672229921027 0.0387406636601665
v -0.449087283426993 -0.00825479567428196 0.0400950389250481
v -0.449014782139899 0.0296888858085444 0.0288796124867035
v -0.449001442033093 -0.00905012238795829 0.0611529780385
v -0.448963531126918 0.030159371656035 0.0357728460841089
v -0.448662463116498 0.0329231850871152 0.0762663310671309
v -0.448476701601334 0.0344546318600441 0.0762797577071677
v -0.44846958107177 0.0341178176742327 0.0194690207391145
v -0.448435501023387 0.0346782032948473 0.0762817223741016
v -0.448393638495137 0.0348107797357868 0.0290809699189148
v -0.44839225488829 0.0348167121968024 0.0282947656829541
v -0.448385449766946 0.0348458903677348 0.0244279047757708
v -0.44837474529293 0.0348917877083989 0.0183453222599119
v -0.448319533713009 0.0351285172000524 -0.0130274467520412
v -0.448286315436786 0.0353914358466621 0.0282260690057818
v -0.448193266483148 -0.180762704782982 0.16386460444013
v -0.448117731948547 -0.180879074957136 0.169715501521625
v -0.447564132269461 -0.0170446276723941 -0.034393226435898
v -0.447562277674467 -0.0173921119529802 -0.00612687766267527
v -0.447518788680243 -0.181801820199545 0.216109583897167
v -0.447404611989251 -0.181977723334254 0.224953698336041
v -0.446925779420679 0.0426903727241693 -0.0135766488831016
v -0.446896697860154 -0.182674688902285 0.225610915498909
v -0.44686001298985 0.0430873126192481 0.00642001929759319
v -0.44678686550876 0.0435288015841072 0.0286609390065404
v -0.446615853618226 0.0445609610160669 0.0806581051426754
v -0.446339023575871 -0.0258087062196149 0.0483454221018065
v -0.446150985329348 -0.0267896495073872 0.030376642334776
v -0.445963050357115 0.183630183746268 0.180319762030781
v -0.445959300042189 0.183627723914881 0.170556791900364
v -0.445916199364368 -0.0275681652308899 -0.0296375843608248
v -0.445894970895601 0.183561464324047 -0.0278183030242572
v -0.445804571677702 -0.183943671341523 0.123163854329928
v -0.445771548936791 -0.183905681883351 0.0855314217195127
v -0.445577105941059 0.184160290244161 0.181628980698377
v -0.445560864668767 0.184181526833657 0.180308085379726
v -0.445557797404236 0.184185537494679 0.180058626144823
v -0.445447090287843 0.184330294724458 0.171054866516207
v -0.445419198935245 0.184366764601631 0.16878647544347
v -0.445379044268926 -0.0319407102894908 0.0512564143037707
v -0.445308059204153 -0.184714465128251 0.164271971362348
v -0.445278470667401 -0.184683279484966 0.131843478575222
v -0.44490449343299 -0.0365670575589134 0.0534139134363187
v -0.444732830720261 -0.185626371280434 0.220450656539983
v -0.444728040832856 -0.0382683809074287 0.0559315615263182
v -0.444719712944057 -0.185164569697536 0.00347091596123696
v -0.444700775256288 -0.0394163596300298 -0.0240345924607517
v -0.444622303910244 -0.0401869638766759 -0.024185802500092
v -0.444549742431354 0.0575527268931608 -0.0146097214586065
v -0.444396665349756 -0.185759438637102 0.0724426671742126
v -0.444363003109542 0.185747813867616 0.0828865473698669
v -0.444244496208112 0.185902769857075 0.0732484347572222
v -0.444239582504101 0.185906447461646 0.0693199968333333
v -0.444197162047362 0.185964662553836 0.0693987689046267
v -0.444123850095234 0.0601429952205118 0.0874850372427116
v -0.44381926978014 0.0620897614169895 0.0296660467773204
v -0.443764415118885 0.0624189828929273 0.0884813261913043
v -0.443570608385888 0.0636791142829115 -0.0175377614494441
v -0.443298851698971 0.0653855049337254 0.029844706874558
v -0.443260213188074 -0.0495833928151715 0.0726982431155601
v -0.443093320051031 0.187394258605071 -0.0380419061610489
v -0.442875885470681 0.187692323279227 -0.038060056570984
v -0.442805214892632 0.0685270536356984 -0.0198537899747682
v -0.442503762987284 0.0704020941058361 0.0903486850720898
v -0.442304586086248 -0.0584600511583025 -0.0276725904630331
v -0.442116817523798 0.0728866479597517 -0.0198074422895155
v -0.442109977118746 0.0729259467095179 -0.00679187561924448
v -0.442090081691019 0.0730402477530681 0.0310641086463413
v -0.4420698031172 0.0731567500057978 0.0696491233518632
v -0.442063964488801 0.0731902934574946 0.0807585615530349
v -0.442058613001088 0.0732210382415974 0.0909410938125197
v -0.441474254026188 -0.190116980448011 0.233329305379619
v -0.441426552523763 -0.0638229690778901 0.0859441423415344
v -0.441420453060087 -0.190186437329439 0.23142279450866
v -0.441386544553078 -0.064035286608981 0.0861477536472265
v -0.441134875714117 -0.0646221708716617 -0.0287644952963289
v -0.44051745138122 -0.0678636703142324 -0.0310692628891713
v -0.440487965880228 -0.191325908294761 0.169267966366042
v -0.440484035138578 -0.0682577481878913 0.0902486081514731
v -0.440348105420007 0.0778446315766069 0.00924402031305302
v -0.440337216937119 -0.191605494757745 0.234888941033779
v -0.440023588404274 0.0788248195986623 0.0597873299029263
v -0.439700642987607 -0.19240670683276 0.170478970693069
v -0.439676823238174 0.191868058355373 0.176411242240574
v -0.439412689146036 -0.192778454354787 0.160274932195733
v -0.438713170823742 -0.0765392350483205 0.0964390806246173
v -0.438705949865261 -0.0765232224803997 0.0710924905580587
v -0.438695214440165 0.0824591493586811 0.0243383938977645
v -0.438675110459943 -0.0764548357040964 -0.037158203116611
v -0.438374123831115 -0.0774247165217143 0.0971700914281839
v -0.438370608425296 0.0833743115659949 0.0330296061626156
v -0.438253145858658 -0.0777529945793348 0.106393215136085
v -0.437094418603595 0.0868373182247879 -0.0193334014598252
v -0.436689593676014 -0.196293962214327 0.0637783171254745
v -0.436675413828215 0.195789567778999 0.131139050874458
v -0.436674832581762 0.195790178320399 0.140863724734346
v -0.436324918678006 0.0890327084940511 0.0179007639684333
v -0.436011037094107 0.196656206486341 0.213078118250573
v -0.435992440609018 -0.0836633107717243 0.115691435547649
v -0.435986218786238 0.0899990223582406 0.034289599602167
v -0.435880019729507 -0.0839426254805788 0.105538881076437
v -0.435807017004773 -0.141555230283955 0.198893301138173
v -0.435598881364302 -0.0846411263370645 0.080149713342512
v -0.435450610624374 -0.0849888439283169 0.0517278756172756
v -0.435281204352444 -0.085430409097198 0.0514607973584342
v -0.43471207428849 0.0936341681704381 0.0959422462510151
v -0.434632242850447 -0.198949995789623 -0.00912672526645705
v -0.434210666082466 -0.0880902093629302 -0.0452178458506428
v -0.434199362566599 -0.199508842901985 -0.0244664306061627
v -0.433648128466278 0.0961032422373844 0.0354721680965951
v -0.433116733674465 0.200436928847076 0.224798765198361
v -0.432926622927003 0.0978514911056944 0.00906596654252538
v -0.432308456559498 0.20149416051961 0.135964927091326
v -0.432129388875744 -0.202217898950955 -0.023214024346941
v -0.431867911151102 0.101061706365247 0.0977914773600365
v -0.431825438588433 -0.0938632802420274 0.0100849979896704
v -0.431817785042429 -0.0938613922057186 0.0463471440671705
v -0.4318138282727 -0.0938643424620231 0.0581531618976991
v -0.431633770516956 -0.0943634291679232 -0.0495470874485537
v -0.431551271502118 0.202483901522773 0.0960190048079312
v -0.431550346309301 0.202484954296293 0.106206111460763
v -0.431548594772502 0.101584096532894 0.0979421143942856
v -0.43150241003654 0.101704161935898 0.0363476949939404
v -0.43145934546535 0.101537515709258 -0.0187942854749052
v -0.431281184973667 0.10209301786095 -0.000842081112137024
v -0.431174652320822 0.102280274461682 -0.018751107584326
v -0.430844883273005 -0.0962566038952634 -0.00261141587357941
v -0.430792559206523 0.102820395686184 0.0990573680621082
v -0.430702209362947 -0.20408987272345 -0.0138842707427622
v -0.430600157513104 0.103180317452105 0.0366311883198911
v -0.430474539802937 0.103415307837432 -0.00412642464239854
v -0.430429782381789 0.103499034595608 -0.0186483073125662
v -0.430308623173953 0.204106427411275 0.14681447963587
v -0.430202300548428 -0.204858868840534 0.219508886609063
v -0.429944603477447 0.204580884044801 0.21686148433811
v -0.429570217193555 0.20506956729027 0.2421618065682
v -0.429151006180394 -0.206248598260665 0.248297862478059
v -0.428917987620235 -0.206538380854247 0.217606833820992
v -0.428696226124568 -0.101402436438653 0.143828372870358
v -0.428684244701685 -0.206829064262138 0.186820399441167
v -0.428427717171868 -0.207148082682238 0.153032988843532
v -0.428038535246107 -0.207646626804984 0.249588653722963
v -0.428014505877439 0.109456712037478 0.104840721817776
v -0.427948813179295 0.109418054439198 -0.0182798046613703
v -0.427794305395285 -0.103650029428916 0.0504790698207215
v -0.427675178783371 -0.208083941722137 0.0539156600299395
v -0.427542777877901 -0.104314762727109 -0.0425976626416366
v -0.42728031136499 -0.208575000050458 0.00190741122345334
v -0.42723452698571 0.11121120563683 0.0379318284140531
v -0.427197959610966 0.208170512003787 0.111105798949723
v -0.427125745743937 -0.208767218329195 -0.0184505289419733
v -0.427104183372639 -0.208794033360041 -0.0212905231251116
v -0.426884384397119 0.208576951429101 0.319764736919826
v -0.426511032563957 -0.10674855293277 0.093381517020081
v -0.426495220927085 -0.106868251404675 -0.0502015188999254
v -0.426385105698287 -0.107050051367542 0.102113520847771
v -0.426324518098537 0.209308916609965 0.280691205553484
v -0.426140815579137 -0.180507940718212 0.230126829794762
v -0.426038601248364 0.209687313475752 -0.0394079440152594
v -0.425485408874529 0.210407787775165 0.102770893092621
v -0.425353880088229 -0.210993480990625 -0.0206507089116785
v -0.425244329156263 0.210721537607611 0.179826127013965
v -0.425164632705859 0.116258267198357 0.10678631119869
v -0.424950913172295 0.116576269143535 -0.0141054946507467
v -0.424802477301496 -0.110880557397673 0.138805881523037
v -0.424799948139618 -0.110879804090149 0.151017675747224
v -0.42468382224661 0.117196265622378 -0.0249182526064128
v -0.423757813376964 -0.213009759004026 0.0880349807597742
v -0.423661379131021 0.119639060023169 0.107750784666432
v -0.423568262152855 0.119962477904992 0.0412559422522412
v -0.422976066327962 -0.213998137113549 0.149527188309385
v -0.422566513146733 0.214216725964918 0.370084018898228
v -0.422516554477476 -0.116548427958272 -0.0471133516559746
v -0.422490728067952 -0.116536116503859 0.0857523852030247
v -0.42248851820474 -0.116535104824283 0.0970473503736166
v -0.422414094673188 0.214415797382806 0.372482128504234
v -0.422069344191954 0.123440560076262 -0.0202740369957142
v -0.421892608236195 0.123850657354953 -0.0275289768749315
v -0.421743350205799 0.215293729798325 0.259910266257836
v -0.421480219621063 0.124768218594149 -0.0214880938425192
v -0.421397793126254 -0.119270680031821 -0.0467451110806956
v -0.421392888614526 -0.119158330571365 0.172964341456523
v -0.421344744606663 -0.216037931504917 0.0471558146401222
v -0.4212716293549 0.215915615646613 0.0324422743198482
v -0.421054653516092 0.216200801604741 0.0112316868552868
v -0.420476118594514 -0.217127988072581 0.0325755548365668
v -0.420458941819203 0.216974151893959 0.0920974192477761
v -0.419907900743931 -0.21783697609525 -0.018395440490523
v -0.419558207780935 0.218150478778775 0.1133265566906
v -0.419103859141733 -0.218853422899589 0.0436446279898452
v -0.419066193165901 -0.218901039168029 0.046550944918793
v -0.418984767407144 0.21240740712453 0.383497007426619
v -0.418896308838414 0.219014177300388 0.175874788803389
v -0.41838697371334 -0.126520300864293 0.0895274070156363
v -0.418376749857119 -0.219772614029416 0.0997485779433439
v -0.418369263625974 0.219700080331096 0.345155627200635
v -0.41826325006721 0.211915820398488 0.385357579275181
v -0.418150518003753 -0.220066957358458 0.201969965721955
v -0.417953075636694 -0.220337965754666 0.100704695200553
v -0.4178249575764 -0.220470174328363 0.142325020243318
v -0.417560533339037 -0.128557367514152 0.0436398167090944
v -0.417299096226601 -0.129190080672526 0.0497978502641281
v -0.417201898572493 -0.129349055486596 0.18689350025876
v -0.41711072902526 0.22134679971037 0.171010468572653
v -0.417063227491096 -0.221433132101767 0.201100320584351
v -0.417061964439218 0.221425187014673 -0.0401271649775469
v -0.41683565268129 0.221706039713568 0.177493662573658
v -0.416533369555223 0.222105374935099 0.118717395910677
v -0.41636514094165 -0.222423222314889 0.140216572576166
v -0.416279120737422 -0.13165404557002 0.042786966928016
v -0.416278221358513 -0.13165452009314 0.0311046051330474
v -0.416277121405099 -0.13165260406371 -0.000348097046111152
v -0.416183022749625 -0.222545862207009 0.269017157584268
v -0.415805996363987 -0.223049164284544 0.269657556892472
v -0.415781844801851 -0.132862034252711 0.085536024917246
v -0.415381218611187 -0.133700929343228 0.192847980951387
v -0.415273008928298 0.223756714501867 0.0711306623237786
v -0.415179645336154 0.223868726898436 0.216523615970139
v -0.414872610152876 -0.22451500172584 0.0367774313915924
v -0.414736581778292 0.224457535075592 0.079938079961679
v -0.414670434580591 -0.224777218351025 0.0453040845479019
v -0.414516150069286 0.140459371302516 -0.0339936493593425
v -0.414481236976045 0.140526115786941 -0.0270971153109074
v -0.414260402598335 -0.136524944774796 -0.0105445769524812
v -0.414128283615162 0.225254942030161 0.0510881353919637
v -0.414093463081345 0.141267435626375 0.0495015363600839
v -0.413796542430043 0.141835068395255 0.108153554595223
v -0.413795971640264 -0.13765343818322 0.158259395191943
v -0.413767949778815 -0.137722544249768 0.0409153847001912
v -0.413596612950809 0.225954406062378 -0.0103209768447458
v -0.413317450452176 -0.226368903858466 0.276319868314565
v -0.413117173649 -0.226649193099569 0.262864652702097
v -0.412984155329016 -0.139632821024399 0.151434341685579
v -0.412948263451446 -0.139709349428984 0.0812181070844019
v -0.4129242588427 -0.139760531884023 0.0342572526142933
v -0.412898492398364 -0.139815470912306 -0.0161503276767426
v -0.412884275108542 -0.139845784915953 -0.0439639898506038
v -0.412883598547114 -0.139844056587003 0.158852234062776
v -0.412571688813637 0.227274626133427 0.277989781463215
v -0.412533600625268 -0.140579283058384 0.18467094929402
v -0.412368053403449 -0.140929629021141 0.0302941772472742
v -0.412285506332849 -0.141100444699066 0.202972417636057
v -0.412230005321713 0.206488532862898 0.392200008223683
v -0.412137771688619 -0.228019875214807 0.197065397175568
v -0.41205233534608 0.227962095360955 0.157220712118235
v -0.411776698796739 0.144867587011484 0.0510943032838677
v -0.411740103702951 -0.142250605554722 -0.0436443116817422
v -0.41171253993548 -0.228674354037594 0.28080869296687
v -0.411644354650714 -0.142451495523243 -0.0207314599705583
v -0.411440912028196 -0.142878336114125 0.0279525795323509
v -0.411312830398932 -0.143144776390311 0.205792864409283
v -0.41122822637715 -0.143324569395242 0.0788484857545214
v -0.411186503389103 -0.229351184011077 0.133156248076244
v -0.41116509545639 -0.143455669478452 0.181136042466465
v -0.410889135369129 -0.144036012279902 0.159993330553056
v -0.410810438744396 -0.229877489964634 0.107891061102368
v -0.410804749060892 -0.144213062207908 0.180187065341035
v -0.410693092934162 -0.144447326623689 0.206906497174959
v -0.410674765494837 0.229777011187489 -0.0392858780306744
v -0.410518926962651 0.229958531107459 0.282037681636099
v -0.410024773493914 0.230600807710511 0.338017284677807
v -0.40993373612321 -0.231104443403418 0.0489914650981721
v -0.409849178728007 -0.231222782261215 0.0433106375333059
v -0.409780077085464 0.2309291948819 0.216400631720723
v -0.409727863002703 -0.231392564742463 0.0351602715634356
v -0.409539517103923 -0.231656156572353 0.0225066110415228
v -0.409002590260752 -0.232407590662642 -0.0135657963887435
v -0.408898974451268 0.149439167392756 0.107939065085917
v -0.408872861345937 0.232123361683588 0.102417607528797
v -0.408559626770283 0.232514237655405 0.372548899836576
v -0.408487220072327 0.232611399174281 0.336701042332695
v -0.408385401369008 0.232748028245126 0.286291584770188
v -0.408343948108802 0.232819946130605 0.0305256174852782
v -0.408343795502397 0.232821406057685 0.0123271779353588
v -0.408241982562854 0.232940479902707 0.21528631769432
v -0.408216374486779 0.150405318096873 0.0563707194141139
v -0.40817939282922 0.233024468176688 0.184298744501831
v -0.40817132153049 0.150340475462979 0.107879474336164
v -0.408128688616955 0.150316560501361 0.140633815339441
v -0.408109925849678 0.233117684929208 0.149906313219088
v -0.40809744767415 -0.148139632714699 0.1611328125
v -0.408075067966515 0.233164460227192 0.132648511609539
v -0.408019202483539 0.233239425324788 0.104990050034961
v -0.408000119371051 0.150570168003832 -0.0376748937157851
v -0.407881518880771 0.195973290276687 0.353421896830242
v -0.407871116358971 0.233438139990611 0.0316740386479988
v -0.407827557828578 0.233496590563453 0.0101086305471944
v -0.407786993891837 0.150913156001528 -0.0310359250261281
v -0.407735894485269 0.233619592301037 -0.035273006263423
v -0.407728054868274 0.233630112171658 -0.0391543249929477
v -0.4072718153063 0.151742245381924 -0.0149878461593235
v -0.407256562223039 0.233896474398106 0.335796841165222
v -0.407117016249932 0.151903319023707 -0.0314150948260194
v -0.407053279870675 0.151969638877082 -0.0381787881956324
v -0.406991912476161 -0.149896807780952 0.211824307135749
v -0.406264255459462 0.152817239042393 0.0588039810625458
v -0.406225512346818 0.152784614811201 0.0932200368468087
v -0.406219982821166 0.152988724806382 0.00899582502450209
v -0.406216298374721 -0.150928399274272 0.170870441676115
v -0.406197130670268 -0.236599074819193 0.299731904139718
v -0.406177724652913 0.15295301936198 0.0465861484385982
v -0.406037760153053 -0.151165860803612 0.161443291891142
v -0.405992439846734 -0.236863461957196 0.244206793643301
v -0.405798967360524 -0.237113359026484 0.191724806471792
v -0.405677558606409 0.235571415843163 0.291262106732163
v -0.405553694252176 -0.23743016392289 0.12519121103428
v -0.40551030864902 -0.237486202563269 0.113422288678173
v -0.405286701044375 -0.237775023398552 0.0527657495065264
v -0.405244334973644 -0.237829745168662 0.04127338889151
v -0.405233608042163 0.235953645933304 0.334335955470187
v -0.405216573113897 -0.237865603535526 0.0337426149007917
v -0.405129745761733 -0.23797775333659 0.0101895398788044
v -0.40507915847357 0.15442901232016 -0.00271288802663973
v -0.405049150099085 -0.2380818540296 -0.0116731064127311
v -0.404897025711197 0.154290757171146 0.152625680822464
v -0.404857171793883 0.154261528325975 0.186179392629346
v -0.404735408620524 0.236731301737945 -0.00185040917735777
v -0.404332170419726 -0.153434349549147 0.0713849853978793
v -0.403731984405044 -0.154017370205746 -0.0421670664938174
v -0.403550615372047 -0.239147971812678 0.238998256080381
v -0.40347394662546 -0.154532120651428 0.111180975248199
v -0.403468890473843 -0.154533030782951 0.122240533126778
v -0.403465538356614 0.156440264631181 -0.00819920381473391
v -0.403370088592187 0.197323206148961 0.394336522684402
v -0.40321216637235 -0.154923990654966 0.0122466909994951
v -0.403033330805883 0.195280662924274 0.270390866786195
v -0.402989298549118 0.196912379570166 0.394316415209889
v -0.402855870614663 0.238564545252508 0.21167829575039
v -0.402431555515052 0.239050325197257 0.140447898827636
v -0.402360960152743 0.157334448974652 0.194093552496556
v -0.402201166897489 -0.156268652202611 -0.0411359594659005
v -0.402090881832636 0.157864288778375 0.110681899375364
v -0.40205585516694 0.157830129577979 0.143788150667418
v -0.402031420625319 0.239439087553732 0.188425238605945
v -0.402023400563409 0.239487945734538 0.121185845751903
v -0.401918509318731 0.157901066963352 0.186126079807563
v -0.401891799583923 -0.15653872449075 0.21795570274028
v -0.401821136285245 0.158025766270362 0.184372626259051
v -0.401810400283298 0.158037142639042 0.195877894675898
v -0.401528914229933 -0.157045112263045 0.152553885026693
v -0.401524503844075 -0.157045982805769 0.162051617713988
v -0.400754008752943 -0.242086472814098 -0.0103982282680157
v -0.400571364753491 0.159844690287743 0.0686079852713126
v -0.400537277931286 0.159805698412871 0.103280655416064
v -0.40052548523897 0.241036521255347 0.145951344437432
v -0.400455000333342 -0.24235159099757 1.93896341334186e-05
v -0.400363844194756 0.241207983360515 0.141392367560038
v -0.400283865663585 0.159994448710927 0.156690089009419
v -0.400234588620926 -0.158657341127114 0.219918569128896
v -0.400140709006839 0.241549365565545 -0.0387657951654357
v -0.400107079183862 0.24148034901811 0.134150483215087
v -0.40000501866037 -0.242465157674054 0.231424483967717
v -0.399876767408728 0.241817167741303 -0.0259884546205253
v -0.399700310142824 0.161016158628491 -0.0412814109840887
v -0.399692054827518 0.24200458204618 -0.0170465691051882
v -0.399687093849331 0.160758695535911 0.14594366756297
v -0.399672304810269 0.241941539613185 0.121887964584765
v -0.399668534052832 -0.242928528728252 0.118415343407715
v -0.399407197239201 0.16111714090901 0.140903404497514
v -0.399058710664262 -0.160257461779501 0.164514765192299
v -0.398834327239886 -0.160551989424367 0.160282190462418
v -0.398598173294894 0.162141093628385 0.186055328489977
v -0.398582176723033 -0.16092913168124 0.0655961469020282
v -0.398254762744699 0.243462896876939 0.0525323473525594
v -0.398249106615826 -0.244419260461923 -0.00762651690069578
v -0.39814813537483 -0.244504690365339 -0.00101189942902149
v -0.397974737426077 -0.244418910502831 0.186072286518983
v -0.397871350095534 0.243851917563312 0.071093248789328
v -0.397653940519347 -0.244922819511379 0.0313627638237555
v -0.397634685554581 0.2440086798194 0.0537786650208508
v -0.397615495654528 0.244029774876406 0.122511177607036
v -0.397591080163337 0.244046747314501 0.127417850257239
v -0.397537253331675 -0.245021546387213 0.0390069316350472
v -0.397515261689014 0.244099452556094 0.14265475175657
v -0.397455624486963 0.244140909380042 0.154639774951373
v -0.397452229748783 0.243902542392318 0.30621402015578
v -0.397403361762735 0.243987459311916 -0.0233515852272849
v -0.397271908057086 0.244268619926948 0.191560448584853
v -0.397248474986334 -0.245265876415324 0.0579247766538379
v -0.397190526475422 0.244325192364749 0.207915343018561
v -0.397187816652345 -0.24495419384082 0.336272840371957
v -0.396921073799166 0.191960339857368 0.394040960217275
v -0.396818425096709 -0.163280296095894 -0.0378931656176082
v -0.396753709337037 0.244628845966544 0.295700540099787
v -0.396572490030147 0.244712258674715 -0.0239324839000828
v -0.396489119351241 0.244812775796959 0.348874012492954
v -0.396374284539491 0.244892603260524 0.371951853757394
v -0.396372595020993 0.24484466546658 -0.0385569767242498
v -0.396358150970057 -0.246019163133093 0.116249827781008
v -0.39624510873488 -0.246114806081895 0.123655215062147
v -0.395990488517298 -0.164339797451708 -0.00041951596154127
v -0.395766926289296 0.245445000618861 0.123142450406608
v -0.395681890151778 -0.246545625005122 0.195101137626278
v -0.395680564497048 0.165889596934993 0.0737957344186257
v -0.395525221105699 0.245428843532031 0.0575905543774919
v -0.395488301528646 0.166135815606274 0.0703335419396101
v -0.395403237634546 -0.246628899324309 0.328612935049899
v -0.395304083532705 -0.246910990137277 0.185301696596229
v -0.395176455682499 -0.247018973705753 0.193662586286347
v -0.395139527296363 -0.246931146282485 0.0591767928846115
v -0.394976736065254 0.245997219079387 0.273632840405957
v -0.394942953090085 -0.165538990617934 0.157749191470243
v -0.394739152377713 0.167130551701259 -0.0374869907480978
v -0.394726797051283 0.245966338444729 0.058815704857705
v -0.394637512371669 0.246229703798211 0.351281794710113
v -0.394263355577822 0.167716230440502 -0.0375231773518654
v -0.393521785242164 -0.167525278503958 0.0600709958362932
v -0.393467283967152 -0.248196776884581 -0.00284718345872231
v -0.393414981933418 0.168751149158016 0.229403409402458
v -0.39326198248224 0.16895226838712 0.201092687789732
v -0.393162666501397 0.169082820185517 0.182715451376711
v -0.39314305302666 0.169108602284006 0.179086212063463
v -0.393057491500288 0.169221073721599 0.163254073220963
v -0.392997357346552 0.169300120636794 0.152126966079501
v -0.392897747935664 0.169431058151766 0.133695433940403
v -0.392784045804303 -0.249043147547811 0.350389155391385
v -0.392592242904777 0.169832647411246 0.0771653757332863
v -0.392572591972111 0.169858478748539 0.0735292052774808
v -0.392506721099533 -0.168807879957822 0.0701166050427407
v -0.392239116518403 0.170296835393994 0.011823554296812
v -0.392140406966222 -0.249552742743206 0.352339897410256
v -0.391970581142612 0.170951315566061 0.235838413894277
v -0.391828456438572 -0.169765193510941 -0.00544624609937107
v -0.391818758270218 -0.169709046386739 0.0582299947914122
v -0.391584219526674 -0.249845458514132 0.184273223708461
v -0.39079105091497 0.172788367635888 0.277721835436305
v -0.390636872492178 0.249356338387896 0.170823428873884
v -0.390614594525081 0.172834065280207 0.0759792350854131
v -0.39051773963869 0.172985336308478 0.0798042317303841
v -0.39049256912366 0.240969045403426 0.390268393242716
v -0.390397123493714 -0.171626736837319 0.00113008078111691
v -0.39028674236841 -0.171789311612275 -0.0354057911501718
v -0.390096694956865 -0.251018852527025 0.183791584938891
v -0.389919579369679 -0.172253565430218 -0.00787789829494427
v -0.389715592531307 0.25005034679751 0.203339139787978
v -0.389644994062699 -0.172613988505161 -0.0130574378921987
v -0.38958032359364 0.174119518847645 -0.0379132285737248
v -0.389485168678115 -0.251457546754114 0.133358000440101
v -0.389386878833779 0.25030465415534 0.195899478016396
v -0.389328722364561 -0.17301139306345 -0.00862211468305473
v -0.389266029752684 0.17494029644118 0.129236803414006
v -0.389224940312749 -0.251644228317242 0.111896536379212
v -0.389088386946472 0.242805602830883 0.389367768374079
v -0.389023191868445 -0.173420476922086 -0.0349295435540287
v -0.388958107083131 0.24191270445559 0.39034376134077
v -0.388951244489299 0.250130717074637 0.375691885961623
v -0.38891259367043 -0.173103714351205 0.249705287796051
v -0.388910601464767 0.250700521536313 0.107072791729322
v -0.388884210875113 -0.173552225642128 0.00799672004610576
v -0.388646022620297 -0.252059529929722 0.0641522359709473
v -0.388573251648649 0.176022299219411 0.156596021130071
v -0.388471227068901 0.176285286277839 0.254715858737822
v -0.388313005920278 -0.252298428091418 0.0366877974611027
v -0.3882748005302 0.176488429626026 0.16838246339734
v -0.388212397493758 -0.252370602153997 0.0283904539837158
v -0.388093263623534 0.176771959714838 0.175551725422297
v -0.388000780189968 0.176916403269672 0.179204084495573
v -0.387834311413677 -0.252641832003699 -0.00279093090549053
v -0.387648205110041 -0.175155430004794 -0.0344245627542285
v -0.387637247251659 0.177504259366252 0.12719039984178
v -0.387523854624744 0.17738921927496 -0.0381087988099675
v -0.387338213126937 0.177951221487495 0.205370206697442
v -0.386923082115074 0.178599586246066 0.221764575497619
v -0.386640184115078 0.235171067789506 0.391440342170129
v -0.386523199125119 0.251926039887625 0.361083767503105
v -0.386391243240694 0.251937197682824 0.376981719648079
v -0.386326961888551 0.252627803517525 0.252374423677706
v -0.386312175889824 0.179591852037626 0.119842046995512
v -0.386243830088412 0.179710983008296 0.0815983045340844
v -0.386210944313497 0.181908012910776 0.382614040797873
v -0.386185739629961 0.17987783584892 0.365857489679175
v -0.386106359242463 0.252859644273838 0.0731234472016522
v -0.386027521621222 0.179998300981387 0.257132082620726
v -0.385933676204469 -0.254358640057836 0.371013029505593
v -0.385862425534092 0.181582428085134 0.382254939964631
v -0.385682635563392 -0.177321413409185 0.201663332468956
v -0.385586940224583 0.180799937891602 0.377592716878272
v -0.385574307956179 0.181225485166739 0.381226156844124
v -0.385298693575829 -0.178075241078003 0.0478941032567672
v -0.38525342508726 -0.254885874006236 0.373829416060811
v -0.385210104887418 0.181274968318009 0.289413533571087
v -0.385206485712009 -0.254766032755424 0.139449685312939
v -0.384911610652344 0.181775159115708 0.332062084008996
v -0.384902197669086 0.252564029581067 -0.0378638112652211
v -0.384753309887537 0.252665145775731 -0.0315169560309824
v -0.384704584880112 0.182097781782565 -0.0107373578108598
v -0.384699238972905 -0.1788284731664 0.0563007198741602
v -0.384632488559747 0.18217710778756 0.312224778287152
v -0.384492057946533 0.25395013787854 0.247982382464269
v -0.384357605541382 0.18261606763307 0.291219402077805
v -0.384338293780064 0.249018342906639 0.386321118086453
v -0.384285494192786 0.182765378424441 0.172805448425749
v -0.384177588017964 -0.255485841611362 0.0271201889364098
v -0.384087410360163 0.183028428178416 0.333751026082572
v -0.384050887266553 0.24860060420281 0.386927630091796
v -0.383948653179657 -0.255668303587244 0.0356121411182752
v -0.383849493427083 0.183505323675416 -0.0049515905754331
v -0.383757384274824 0.183623052339887 -0.00847227694629668
v -0.383648878265428 0.253415213522945 0.0155632512815286
v -0.383648618008178 -0.179963290996149 0.179710554571984
v -0.383639558767787 0.245183490001003 0.390604992221919
v -0.383616691506863 0.183843865378004 0.0870635292955225
v -0.38361213530499 0.183850491029277 0.0888643712346044
v -0.383572224546431 0.183908529451562 0.104639126140139
v -0.383537477748962 0.254763246392173 0.221516027422398
v -0.383528212998612 0.183901800323486 0.355834868328478
v -0.383513711896203 0.254793659320093 0.218892747419887
v -0.383427371080557 0.184119176077312 0.161892558643941
v -0.383399802873912 0.18415926589962 0.172788911374293
v -0.383391684713108 0.184171071369171 0.175997620043188
v -0.383322691043425 0.254945800449113 0.202152295267171
v -0.383309754602744 0.184290214540454 0.208380552791444
v -0.38330218107805 0.184301227997482 0.211373993661258
v -0.383179000598402 0.184480357659584 0.260061163379953
v -0.382998382445345 0.184593165184523 -0.0374835894050926
v -0.382986651539566 0.184760072611281 0.336087261829122
v -0.382942451992991 0.184824347810286 0.353557163161875
v -0.38287102548118 0.184928216596659 0.381788541322709
v -0.382595285944271 0.185272993804372 0.352396188366457
v -0.382498006226832 0.254490878394029 -0.0330529480966257
v -0.38245100040881 0.185453404508572 0.33701612560029
v -0.382387519037188 0.254594145468577 -0.0377202499862506
v -0.382338482918388 0.185546961220917 0.208980722315401
v -0.382172667445745 0.25582609828301 0.202932411061686
v -0.382080417999781 -0.182119097645884 0.0930264765923955
v -0.381740181087277 0.186342193630413 0.261246605491428
v -0.381608648649251 -0.25274558325704 0.380641471275243
v -0.381529583101987 0.186575000461882 0.163658261485934
v -0.3812496127074 0.186955586972922 0.208954652251079
v -0.380926115949238 0.187360078509513 0.174471636131263
v -0.380921167831433 0.187332915691552 0.0918352429464038
v -0.380909718786886 0.187380581074772 0.172723786734209
v -0.380860118105691 0.256850382767889 0.148047994668819
v -0.380841021895786 0.187466477796575 0.16540106728364
v -0.380356292261311 -0.258520152869484 0.151932346909665
v -0.380219178132972 -0.184210604964575 0.264090647939736
v -0.380163441515157 0.18831370585191 0.0931746396666186
v -0.380135324344541 0.188348862796332 0.0901775003656611
v -0.379838760908613 0.217669239264515 0.394383665545293
v -0.379362092658989 0.18928966408719 0.0552290693999928
v -0.379305168688252 0.189200287562068 0.342018562997736
v -0.379293076289724 0.189401986827061 0.000398383517115822
v -0.379065175736029 -0.185907836970375 0.135311556390352
v -0.378945627614105 0.258338521679679 0.0847635480415241
v -0.378942692273195 0.189840097459292 -0.0369506698668022
v -0.378276831367332 0.190593159500357 0.0371071030929043
v -0.377938455706614 0.190872040501507 0.26409392023231
v -0.377818956180959 0.191064616745283 0.172634555823481
v -0.377804225761801 0.259189260033686 0.150941741689668
v -0.377644632072635 -0.250264440236419 0.387794451960511
v -0.377454810644406 0.191546808735153 0.0847982939584824
v -0.377237371168928 0.259650080557472 0.0746539035981493
v -0.377160479507138 -0.188254866657297 0.189160476894637
v -0.377086432585976 0.258503194484488 0.381669865107028
v -0.376874443271811 0.19225300994416 0.05845657137458
v -0.376694950009488 0.259198944047329 0.300834311286245
v -0.376659470208633 -0.18878362145419 0.25528581980561
v -0.376519208907326 -0.261451749793625 0.104206512401874
v -0.376381496139076 -0.261706535020513 0.32707996304518
v -0.37622250825169 0.259728309702811 -0.0373722021114474
v -0.376119933207714 0.259460731706521 0.328935440143546
v -0.375828926809998 0.193416786229511 0.208778770858851
v -0.375751245368837 0.259826000776503 0.30881898522231
v -0.375653030661464 0.260857199456699 0.0917704847801928
v -0.375586297482511 -0.262101067938641 -0.00265806589687246
v -0.375330507495648 -0.19060055589262 0.187685704385651
v -0.37531938756061 -0.262315861908328 0.0103442479700742
v -0.375317371910365 0.260255851012812 0.285145853243079
v -0.374929807595591 0.260639821520891 0.263999454460322
v -0.374867068930975 -0.262679862292169 0.0323786060354331
v -0.374599491061644 0.261329648043469 0.0602369041638089
v -0.374578735120635 0.19504133993742 -0.0363873118150286
v -0.374548876654336 0.2610172201654 0.243214987765708
v -0.374532579283479 -0.263129342474263 0.319404098596189
v -0.374519011498102 0.194936265213331 0.285123471919574
v -0.374371894488867 0.223875439923562 0.394309944131743
v -0.37418116374843 0.195489854967073 0.00987811794474162
v -0.374127687432339 0.261105131717424 0.322682321102954
v -0.374098759487215 0.195582818274409 0.0194675120150307
v -0.373986404494132 -0.26338857109177 0.0752795043524836
v -0.373909707051589 0.26165046287573 0.208340426836716
v -0.373874285577693 -0.263478808943646 0.075366126610537
v -0.373687886212678 0.261645256200479 0.266212571612087
v -0.373586672923483 -0.263854407056866 0.311206595552118
v -0.373449548972487 -0.263820601972531 0.1014320128239
v -0.373411035119054 0.196358665674256 0.0994980818037208
v -0.373368868891537 0.196406234961452 0.104404970915548
v -0.373234245631942 -0.263994028491747 0.0317792029510676
v -0.373136869976266 0.262523720429845 0.0513353355014551
v -0.373105756010136 0.222733278396729 0.394401318996226
v -0.37304257955105 0.262855140813348 0.0942713791849846
v -0.372989876326336 -0.193705481429519 -0.0290231544368455
v -0.372939662623852 0.2626115122747 0.155412575835153
v -0.372891532629926 0.196944735725085 0.15995265072174
v -0.372800762593695 0.26304131007014 0.0913934134507508
v -0.37275051204048 0.197103826289142 0.176363234158658
v -0.372547965207389 -0.19417100770935 0.113850651645105
v -0.372492045374108 0.197395412134193 0.206441032094587
v -0.372347216087493 0.197323452289447 0.0128303589519027
v -0.372064487982282 -0.194775324846886 0.125482790584401
v -0.371969338349528 -0.265011791544708 0.173539347657337
v -0.371879257210435 -0.265084283737287 0.177927581843738
v -0.371839593832757 0.263701380347006 0.0953902970593279
v -0.371767658969692 0.198212619338663 0.290737967577058
v -0.371764183384085 0.263776091529607 0.0912757298528127
v -0.371477759728134 0.264059859236046 0.0756477976137703
v -0.371454748980263 -0.1955082907804 0.184576686776975
v -0.371433189368609 -0.195497649113113 0.242340817834088
v -0.37137655781962 0.198653835070442 0.33625045678683
v -0.371073126189816 0.19899614756061 0.37156083307911
v -0.370828725571693 0.198945411407695 0.108063318185115
v -0.370613967271941 0.228141585934757 0.394259267988378
v -0.370608457189438 0.199419819960633 0.335726093692315
v -0.370463942256108 -0.266223389776054 0.177466755307726
v -0.370327399575479 0.264948201034645 0.091062192123066
v -0.370257052683165 -0.256305241160542 0.386830186202982
v -0.370107109397773 -0.266510943206544 0.000371148192751637
v -0.370069370028488 0.199753988433744 0.153432849816784
v -0.37006481752448 0.199915495638185 0.293801227393421
v -0.369982841192253 0.199897767882785 0.204784571908117
v -0.369949079137222 -0.24016838696484 0.392879164359884
v -0.36985972561147 0.265309352565656 0.0973288478015723
v -0.369507156266917 0.219799552316255 0.391948687648675
v -0.369305831927169 0.265726923883452 0.0423351091329224
v -0.369145659401597 -0.267284128241782 0.311092720266881
v -0.369033192051754 -0.198679909534981 0.0222923747045054
v -0.368907697282272 0.200970526014068 0.204565443889561
v -0.368902473493115 0.200947007491482 0.178871286604792
v -0.368754271109888 0.226006124644484 0.394412728274302
v -0.368710107654841 0.225979408993215 0.394386683021238
v -0.36857941555005 0.201269844258369 0.179248733908785
v -0.368308018595262 -0.199578337557174 0.0519146665040137
v -0.368181524697664 0.201632630181768 0.148563848564488
v -0.36790368587383 -0.268283598109278 0.371594516181502
v -0.36772675426972 0.202047277335999 0.113492475710032
v -0.367519166426395 -0.200415732418192 0.297230195855939
v -0.367506471402807 0.202131187380564 -0.00806975109934596
v -0.367224885391391 -0.200905205669518 0.119065701126781
v -0.367017344987582 -0.268997085408846 0.311063748273059
v -0.366634188985434 0.203043448278751 0.0292350963850096
v -0.366427507889197 -0.269444854491267 0.311045759662339
v -0.366096716674968 0.203533500732293 -0.0122141506219732
v -0.366051584587599 -0.202214182431121 0.344557837807305
v -0.365976519748356 0.203601094852642 0.0309138616165862
v -0.365965987396734 -0.23437832031246 0.394569754288259
v -0.365797463176023 0.203806351832775 -0.0352922366069544
v -0.365685528385485 -0.202948867824153 -0.0259749225759834
v -0.365609180133726 0.268565307253307 0.162508814023895
v -0.365382752717009 -0.203165687968269 0.227456726915718
v -0.365235507771767 -0.203302353102944 0.303157290271352
v -0.365171143770054 0.220693611306598 0.390926765599247
v -0.365112730682326 -0.27053026314944 0.180992160405227
v -0.36498120566093 0.269076688540709 0.162699185052535
v -0.364888082057796 -0.270711100954571 0.165650259830271
v -0.364881450000904 0.269395949860394 0.0262044838268177
v -0.364809506674849 0.269319568692641 0.000172432308242713
v -0.364777780817463 -0.204073372752551 0.0112831879143009
v -0.364644415546822 -0.204027940245235 0.337545056059159
v -0.364248004179229 -0.204609217506066 0.216437636651963
v -0.364109298917788 0.270020582166271 0.0204167464596889
v -0.364026302757104 0.205311594021971 -0.0350773114347376
v -0.363997718869098 0.270104765755537 0.0230395511190501
v -0.363816871668107 -0.271573404634865 0.0924942219160156
v -0.363690906588144 -0.271674804092046 0.083891704376627
v -0.363575072085776 0.270233286189872 -0.025158701252883
v -0.363487059680665 -0.205631999523148 0.12563360496637
v -0.363474014833947 -0.205498582674067 0.353958492596075
v -0.363217830814991 0.270538247085107 -0.0248112728288358
v -0.36316942841336 -0.206131344643309 -0.0225551432195249
v -0.363140547729269 -0.205919868972547 0.355170049648636
v -0.363083223527519 -0.206218875891533 0.0103112410512999
v -0.363056726661676 -0.20624578044246 0.0204134083041481
v -0.362979587909992 -0.206324106063513 0.0498232477848435
v -0.362963524346913 -0.206340416783184 0.0559476249793918
v -0.362953067220354 0.20593057263926 0.330758136952485
v -0.362934005147911 -0.272284095136845 0.032200728456267
v -0.362910801989971 -0.272302840505463 -0.00254170550988467
v -0.362806719164333 -0.206499634595785 0.115731004263426
v -0.362774971992813 -0.206531870234446 0.12783489754637
v -0.362755387375721 -0.206504349695006 0.0560710484703992
v -0.362747690507603 -0.27232458609792 0.182519717501746
v -0.36263346419557 -0.206675555293653 0.181786011756997
v -0.362557478263827 -0.206752710357291 0.210756328317501
v -0.362437233163928 -0.272683986992058 -0.00172525886129764
v -0.362425096045255 -0.272693757138241 -0.00255413759729395
v -0.362421855859365 -0.272696365425319 -0.0027754192092492
v -0.362290609771645 -0.207023684931463 0.312502329467142
v -0.362255900252847 -0.207058928496558 0.325735644163346
v -0.362191820092443 -0.207123994604723 0.350166778842322
v -0.362166037377339 -0.207150174016871 0.359996669734086
v -0.361934794509327 -0.225407097878983 0.391093637706361
v -0.361644857300714 -0.207561779855687 0.362167240667616
v -0.361376804600217 0.271778134258494 0.236495472884486
v -0.360898139734623 0.272229751623087 0.217410736778595
v -0.360796495110254 -0.20821862887622 0.343720572317986
v -0.360584358847933 0.212503190832103 0.38605942242364
v -0.360302011034466 -0.208598467766569 0.341447030036723
v -0.360219419317411 -0.208657318651072 0.317611282570087
v -0.360184616344806 0.21276627742562 0.380675135522614
v -0.36015556173633 -0.208529221113996 0.0195000826874422
v -0.360092911394053 0.213111251745915 0.386153600421517
v -0.360034837607642 0.21295569477392 0.380800508850053
v -0.359756405085541 0.21252570509155 0.379441389342878
v -0.359512211727073 0.273300005817926 0.235981652174573
v -0.359476393614815 0.209175016108273 -0.0303164318043451
v -0.35936615257603 -0.20916829670835 0.048916660246357
v -0.359235522723354 -0.240543032693901 0.394596497376208
v -0.359106810523649 0.209363048175006 0.127005921435636
v -0.359081802123942 -0.209522638486671 0.372736066186828
v -0.359046361419355 -0.21057525619643 0.374591951668161
v -0.358777102452558 -0.275358612206697 0.152924423196611
v -0.358723365220616 -0.275443047960383 0.0879346807175502
v -0.35864747066006 -0.21752207408648 0.387309903095839
v -0.358551583160527 0.274516501274296 -0.0212416800678815
v -0.358299568343416 0.210106976874433 0.054886814343548
v -0.357208545318775 -0.276655520159461 -0.00519918015999286
v -0.357032695054856 0.21093002438202 0.371460637550681
v -0.356924199764932 0.211067559685989 0.314920368638926
v -0.355828515372179 -0.211930829798734 0.0112676228096537
v -0.355620632797414 0.276844985172376 -0.0190214213051092
v -0.355561292644377 0.212342041378232 0.170114820775525
v -0.3553300559186 0.212702660280223 -0.0345900661006946
v -0.355291865240757 0.21273401923012 -0.0332157242661138
v -0.354590350820607 0.213037140530334 0.332506762009757
v -0.354253499058768 0.277509355306961 0.221994273047697
v -0.353886907674865 -0.213525218262703 0.314826694564654
v -0.353869664197323 0.278049015835601 0.0887229235407555
v -0.353615166667118 0.213912626228633 0.274344541713621
v -0.353606169686599 -0.21378577727693 0.187375145909769
v -0.353471206165963 0.278323010290865 0.113241695342387
v -0.353428664987344 0.214230784603137 -0.0344813458338948
v -0.353345599258719 -0.279399590399798 0.275305987291758
v -0.353229615753843 -0.214077326198712 0.179187410068393
v -0.352685927576246 -0.280088774802446 -0.00526783261412799
v -0.352655682749111 -0.280110059394838 -0.00277375747725352
v -0.352606910646753 0.278917331803634 0.166425375772597
v -0.352571747385135 0.214967549619422 0.0646712988272415
v -0.352438366315553 -0.280262994364098 0.0151467785321145
v -0.352226087404586 -0.28041238421093 0.0326519059894487
v -0.352134942967352 -0.214924882532193 0.155384998703485
v -0.351756407685841 -0.280742918134079 0.0713830418489212
v -0.351723667318455 0.223466397876673 0.387757431399912
v -0.351680777262897 0.279554175315471 0.223414195948009
v -0.351629556391236 -0.280788213346466 0.147328842130718
v -0.351618155164088 -0.280840212410532 0.0827837410684808
v -0.351525302008498 -0.280905557190323 0.0904406784251514
v -0.351511589391195 0.279670515143247 0.233825025926047
v -0.351448873621418 0.215889558446881 0.105079389900473
v -0.351334018479955 0.215981708254346 0.104760540006969
v -0.350916539201511 0.216326666383831 0.124236145019413
v -0.350835905391388 -0.281390715393593 0.147290299502482
v -0.350609721277465 -0.216047351061008 0.286398787323734
v -0.350337326316216 0.216802266945956 0.145079883448487
v -0.350327252172319 -0.281748676653812 0.189235301909239
v -0.350105037268222 -0.216472668644857 0.178329333697787
v -0.349991549246318 0.217086189788471 0.157523126654425
v -0.349950726020655 -0.21661602433248 0.107891692103503
v -0.349493502582612 0.280991972828103 -0.0144724978074362
v -0.349426285344411 0.281055732311259 0.0882653840426712
v -0.349407503315427 0.281073548164642 0.116972690773803
v -0.349374538228385 0.28110481747841 0.167358028052216
v -0.349337082412624 0.281140346511111 0.224607199206231
v -0.349331384652696 0.281145751169765 0.233315914440192
v -0.349329771887895 -0.282450646652761 0.271490385259231
v -0.349239582148026 0.281232831216592 0.373631034947353
v -0.348987614036025 0.2178858229348 0.224483865243088
v -0.348800410591077 0.218064251962819 0.200387819745567
v -0.348793909286667 0.21806959028334 0.200621777746155
v -0.348791788570193 0.218071331636085 0.200698094521217
v -0.348749844725073 0.218105772369056 0.202207499022683
v -0.348732165187152 0.21811924310157 0.200686848972223
v -0.348167656682274 -0.28326847736321 0.367321736107378
v -0.348083909537118 -0.218061417105184 0.0672998966078143
v -0.347951340037734 0.218761436785025 0.230942741728496
v -0.34778969055101 -0.218272955320694 0.106587123555076
v -0.347228345169703 -0.283890959831087 0.0611555678046082
v -0.347158500818096 0.219412449198782 0.259474105118393
v -0.347154480881065 0.219404187252102 0.235780810714318
v -0.347136253916185 0.219377936316441 0.151462516778434
v -0.347033657716732 -0.218874580265083 0.0444633684926838
v -0.346842166867573 -0.218977043839722 0.168959640733743
v -0.346150006784424 -0.284637308968324 0.0254510722584345
v -0.345647516780959 -0.284992118566362 0.07868623964155
v -0.345569298277459 -0.285065543776262 0.268029013629362
v -0.345436271221227 -0.279149365536008 0.384185190045997
v -0.345313417414513 -0.220206485635574 0.0070587049025854
v -0.345139994367193 -0.220340759369188 0.00328781851223281
v -0.345122754672917 -0.220330390235717 0.0695393212176488
v -0.34510095336388 0.283957368040301 0.0878282700056925
v -0.344794737197628 -0.220608076602571 -0.00421940490472027
v -0.344296292986369 0.221709615493635 0.253134078344175
v -0.344049155688535 0.221965580057928 0.371367984228629
v -0.343961412734545 -0.221182553021324 0.176355562305577
v -0.343754856443053 0.222081059114814 0.12183581322567
v -0.343600263488207 -0.286427359867276 0.192785034770818
v -0.34348941082789 0.222357516332201 0.25198375793387
v -0.343266672039859 0.222513479194668 0.204477296071376
v -0.343036644267722 0.222674545841867 0.155416215686929
v -0.342901810559888 0.285439073801152 0.122928662088352
v -0.342874272184732 0.222788239622243 0.120784963374596
v -0.342706702906131 0.222905572506124 0.0850452360754545
v -0.342688310776049 0.222918450771647 0.081122502033212
v -0.342466546327441 -0.287199761266748 0.0330795628369479
v -0.342399899791923 -0.287257550682386 0.146914773321499
v -0.342196732000992 0.223262656796845 -0.0237230371565506
v -0.341673756349943 0.223679068636763 0.082756205250801
v -0.341014855231884 -0.2882154697496 0.0939871845543539
v -0.340616041025092 -0.288491296061608 0.0787470435938608
v -0.340567323584128 -0.223786696817879 0.169268550115556
v -0.340168064386791 0.224835855270408 0.206559741093956
v -0.340146782373541 0.287263622576083 -0.00754026334723222
v -0.33997521507296 0.224949556945516 0.0728201591120554
v -0.339836549377199 0.287488177538776 0.082894017171846
v -0.339488902746163 -0.289270843001774 0.0356749915949242
v -0.339478878856989 0.287711575967754 -0.00820021719103482
v -0.339448047440896 0.287732438303094 -0.00721714418602027
v -0.339392471643381 -0.224747108053932 0.00108262928503387
v -0.339296260512444 -0.255962127278147 0.394900430655044
v -0.339231097442238 -0.289406930767224 0.195078403434456
v -0.339227743574544 -0.289451464880152 0.025695150052635
v -0.338476019184776 -0.28997136954389 -0.00303097220785257
v -0.338411002916627 -0.290016335839369 -0.0055154802179296
v -0.337545563551747 0.28905195333824 0.230584438732282
v -0.337256580917733 0.289234968454643 0.170846982856479
v -0.3372133184034 -0.234565241900523 0.387473132053818
v -0.336944685469414 0.227259660286808 0.243082635730566
v -0.336934566234007 0.28944390267386 0.131799619040412
v -0.336841835427726 0.227276431838942 -0.0186806686372537
v -0.336698040442567 -0.291163688026033 0.0788180476571682
v -0.336589313337465 0.289666824623018 0.0839348261646927
v -0.336505358043696 -0.291285233412476 0.11843256363715
v -0.335077719991751 0.290689656891933 0.132132632202525
v -0.335073117835493 0.228654307445872 0.20928775747081
v -0.333922700737526 -0.293052329562023 0.0963640877180174
v -0.333780580810859 0.291567376958147 0.173492474664076
v -0.333381012954417 -0.293446619082632 -0.00311875246110782
v -0.332631269283996 0.230473914220155 0.165195322321273
v -0.33257171505092 0.230522711797272 0.237150275009002
v -0.332081182123355 0.292717289280968 0.227678535057559
v -0.331990460598468 0.230952166003543 0.16579663086069
v -0.33186158030176 0.29286588468864 0.234680633891095
v -0.330464583058778 0.25815906630321 -0.00492915815992248
v -0.330441651755307 -0.231608012306051 0.00118238660953531
v -0.330374301624259 0.232151638365939 0.106582339464674
v -0.329801342439043 -0.295886399787543 0.00433506574428872
v -0.329434747785675 0.232855885112215 0.10747576523312
v -0.329378275036666 0.232897967245686 0.106456037362661
v -0.328879509432087 -0.296441497403334 0.299711515754503
v -0.328837988528175 0.294941907116654 0.177266423650914
v -0.328616837260655 -0.29662335093483 0.288931162406701
v -0.32850935639832 -0.296770144995609 -0.0056917653246423
v -0.328509005024249 -0.296770283006449 -0.00528418466834563
v -0.328505703608344 -0.296771579719039 -0.00145466686784649
v -0.328465457666268 -0.296787387306229 0.0452291063998
v -0.328440982324537 -0.296797000600849 0.0736195787080033
v -0.328391775708123 -0.296816327714073 0.130697395886025
v -0.32837832258513 -0.296821611760209 0.146302510617167
v -0.328335604528924 -0.296838390331246 0.195853842938766
v -0.328287006879206 -0.296857478257769 0.252225281741511
v -0.328256869023164 -0.296869315644659 0.287184056855305
v -0.328244705412103 -0.296874093203152 0.301293386431554
v -0.328182494699711 -0.296898527996068 0.373455463957684
v -0.32764790797931 -0.233719531537111 0.0852564011975146
v -0.327433359582337 -0.297217315238034 -0.00572068816640317
v -0.327231514259645 0.2959988575669 0.382312287386324
v -0.327129108490319 0.296096989806967 0.238122032745588
v -0.327119792920605 0.296105916625539 0.225005443924294
v -0.327085988569459 0.296138310276052 0.177407949839415
v -0.327054846709682 0.296168152544508 0.1335593198184
v -0.32702178874629 0.296199830955021 0.0870127610584968
v -0.326958972718951 0.296260025585807 -0.00143400358381083
v -0.326945333963924 0.296273095177406 -0.0206377610795684
v -0.326262296611226 0.235218130843851 0.0424264823913503
v -0.326259565799279 -0.297700086813858 0.250620523769564
v -0.326104229888692 -0.2977666950168 0.146241734112039
v -0.325730586597535 0.235616136884112 0.0405897632854056
v -0.32566740247436 -0.235264668839123 0.00926801818273266
v -0.325559732393759 -0.235248796665028 0.285703169357389
v -0.324953189246183 -0.298246985159871 0.0479360375500149
v -0.323645623036848 0.237179805631739 0.168266054655571
v -0.323622605564292 -0.298797041946225 0.196199179831204
v -0.323329317258379 0.23740550500595 -0.00276993342811817
v -0.323149709793119 -0.298994728338641 0.137349813719199
v -0.322554711636601 0.237982722473397 -0.0167569794812962
v -0.322507817935838 0.238018622645032 -0.0018032752885173
v -0.322460643127356 0.282807123574751 0.393609914071439
v -0.322146581471632 -0.237954041361469 0.0356476789727879
v -0.322025987431988 -0.238058816032116 0.000988961130336437
v -0.321799879234578 -0.238134449443169 0.275398765894734
v -0.321742128450947 -0.290791851341984 0.388771763996289
v -0.321315903084232 0.238914600854322 0.105441737331119
v -0.320685208481218 0.239385894197925 0.11578300422102
v -0.320577305328757 -0.300059869445308 0.336439076952853
v -0.320560028587539 0.298857803275857 -0.0263662447664504
v -0.32055556367522 0.298848672724835 0.00143763143077721
v -0.32002326943581 -0.239595592979738 -0.00368305461447938
v -0.319870247622911 -0.239711573900905 4.40435276586932e-06
v -0.319341521037212 0.240382762629946 0.0185571921902427
v -0.31920742444264 -0.300630889537994 0.24917204078497
v -0.318884734751449 -0.240458530746392 0.023752902729305
v -0.318384579198299 -0.240837617235318 0.0358054529150714
v -0.317400980963429 -0.301380131462553 0.325012258099816
v -0.317380453493151 -0.241598681439459 0.0600024759769513
v -0.316872683579582 0.242237308371901 0.219012035514271
v -0.316852127871763 -0.24199955052121 0.0587060149728408
v -0.316763976831282 -0.242023528076385 0.193979954353365
v -0.316502172607694 -0.242264363175995 0.0811669404770405
v -0.316152491966933 0.242761649040401 0.00226562722691839
v -0.315875144040577 -0.242739611439195 0.0962768262425351
v -0.315838103860341 -0.302036146337811 -0.0057302937142308
v -0.315715370611636 -0.242843052549098 0.149729636211058
v -0.315668524065791 -0.272187172985942 0.394896678392342
v -0.31492792737458 -0.302411432833266 0.145317654775773
v -0.314863512691587 0.301054891138306 0.245142913928879
v -0.314120677320003 -0.244023280884942 0.268077323594206
v -0.31387639296781 -0.302849999169736 0.0658448009911255
v -0.313679703077396 -0.294846664470061 0.386475510347474
v -0.313661144396356 -0.244417684083446 0.149628911719074
v -0.313646671126853 -0.302945661146796 0.0560462506598298
v -0.313461457777446 -0.293513225625685 0.389061809145209
v -0.313297167253311 -0.303090716454188 0.0658987737251255
v -0.313119357203092 -0.244832220307319 0.0360273605209623
v -0.312686023878618 0.245347493711565 -0.0154432706255383
v -0.312548958155361 0.302001080009128 0.219472962819961
v -0.312404461661623 -0.289745594611312 0.390163066860522
v -0.312092931632602 0.302184466501858 0.219300449077616
v -0.311725253456275 -0.298900046743864 0.380284221767038
v -0.311706874376684 -0.24589889798881 0.196722135697637
v -0.31120499109735 -0.303924978217638 0.0577879651924619
v -0.311049776274014 -0.304022679715459 0.168712530605333
v -0.310874953245504 0.302656496647098 0.24742008246359
v -0.310471909854417 -0.304263288810264 0.145542851502964
v -0.310448060106208 -0.246860233781371 -0.00813270139328198
v -0.31036988639388 -0.304301178993287 0.374842000061051
v -0.310128931105928 -0.247098973859801 0.10163777474914
v -0.309991075757734 -0.24720060870903 0.197649814259774
v -0.309836581373721 -0.304525767336842 0.224632271019695
v -0.309719169761305 0.303246334331641 -0.036751046236703
v -0.309547756456429 -0.304646842084978 0.171594759246619
v -0.309467681436037 -0.247602931639649 0.0274434424902545
v -0.308967522855352 0.30346516917592 0.179752460402712
v -0.308817235176002 -0.248089062972384 0.266355515284433
v -0.308708784774136 -0.304995042218025 0.195245392262965
v -0.308428939887811 -0.24838725213885 0.149374973671784
v -0.308337066878631 -0.275131739326518 0.394892296433491
v -0.30784040235634 -0.305355448748775 0.219725114659572
v -0.307679767277894 0.249083181913031 -0.0207955488043771
v -0.307670471588507 0.249090539684363 -0.0138433458178361
v -0.30765275396065 0.249104563631257 -0.000592414104101112
v -0.307529165964936 0.249202386630063 0.0918384747860761
v -0.307470006000172 0.249249213226199 0.136083938095213
v -0.307410108428104 0.249296623657018 0.180881054487083
v -0.307381943827315 -0.24918378616068 0.0778203984597272
v -0.307350101814099 0.249344120397266 0.225759722837355
v -0.307342415034324 0.24935020467628 0.23150862978612
v -0.307152022138001 0.249500905429716 0.373902594052646
v -0.306944965638298 -0.305727083681083 0.244967498466724
v -0.306378905946926 -0.249947414816772 -0.00819453288214002
v -0.306368403535357 -0.249955319776438 -0.00614644435150547
v -0.306318341994359 -0.305985139664653 0.364987131614506
v -0.306271665308233 -0.250028132746916 0.012718599371359
v -0.306120038819007 -0.250142259038167 0.042287472337452
v -0.305942590214134 -0.25027582113055 0.076891948654683
v -0.305780424664747 -0.250397879966144 0.108516057039536
v -0.305572521995811 -0.250554364236589 0.149059418812478
v -0.305321665211395 -0.250743179229184 0.197979316839155
v -0.305222024668404 0.304996327178337 0.138212391316977
v -0.304977377827714 -0.251002317605495 0.265119233906587
v -0.304927105437361 0.305168042791483 0.00489376605248139
v -0.304732710888818 0.250641718179114 -0.00127871391883754
v -0.30445106676403 -0.263533269264525 0.389373637000453
v -0.304428752035821 -0.251415257502955 0.372107441766628
v -0.304226048892802 0.305396482455217 0.138424982239185
v -0.303865950925967 0.251180235604079 0.230601211266448
v -0.303808036972158 0.251209832239048 0.228075657458322
v -0.303563312256236 0.251289217552704 0.0884962579588527
v -0.303535279048297 -0.260763833137064 0.388226395042355
v -0.303171070089645 -0.259659196292006 0.387783859079657
v -0.302820538015695 -0.252177818498288 0.264581392592516
v -0.30280299075076 0.251723456058289 0.184246871045248
v -0.302558903543462 0.275793097442248 0.394586287731183
v -0.302315617301317 -0.307648411588663 0.375468945575786
v -0.30228904414589 -0.257929590519416 0.382696935013413
v -0.301877037708986 0.252196659705672 0.143867237519561
v -0.301828178712913 -0.25264836190121 0.198231719070236
v -0.301638068248874 -0.252612631074406 0.359780145135816
v -0.30128772107327 0.306604668748125 0.0945783445256443
v -0.30127409343838 -0.252730824432672 -0.00830920721379338
v -0.301257653743292 -0.261069654910508 0.387801324147329
v -0.30108648103666 -0.25300004999195 0.148641415907196
v -0.301050007134667 0.252501582315267 0.22983881234282
v -0.300795366788033 -0.254711472985453 0.375310038367059
v -0.300627923495652 0.252835013245301 0.0893949566471592
v -0.300594061566771 -0.253233538741818 0.115717986891592
v -0.300203050558918 0.252979536049169 0.14613135941483
v -0.299998229126492 0.307158730440882 0.0118423934182772
v -0.299960003565722 -0.253534187719086 0.0733245299593732
v -0.299752907619549 -0.30860786432277 0.242546067535156
v -0.299575840564037 -0.253716344892988 0.0476391862842428
v -0.299333797555015 -0.253818523565995 0.0478263047353801
v -0.299091189041503 -0.253692628299872 0.371930801678547
v -0.298973925210669 0.307591467436959 -0.0351157017637343
v -0.298892920165242 -0.308929834977582 0.197940153600177
v -0.298829364027538 -0.308953629756414 0.194643617593436
v -0.298780921594082 -0.30897176611636 0.192131000686416
v -0.298739244658864 -0.254113030531937 -0.00829606319921005
v -0.298613226219987 -0.254068985981072 0.118242957264195
v -0.298581822444719 0.253880662901962 0.000167094254755305
v -0.298567612827792 0.307697396585678 0.0953773281697397
v -0.298499534881652 0.253913313935623 -0.029952348595214
v -0.298299789661349 0.254024794338171 -0.0121319964344446
v -0.298222772565708 -0.254122238013062 0.263625602931069
v -0.297902854352051 -0.309260243050026 0.0672767289143281
v -0.297894871695016 -0.309303494288405 0.146173277301099
v -0.297893103636503 0.254232629186823 -0.0298670563159235
v -0.297505451050733 -0.254371293811726 0.368065012268716
v -0.297488831068156 -0.309458453117024 0.194568560300321
v -0.296828003748392 0.308371308036579 0.135986766347781
v -0.296394355443071 -0.309865272483861 0.0683443526381907
v -0.296364056861818 -0.309876615967998 0.0667728228432714
v -0.29628206703495 -0.309872649214199 -0.00575997421204445
v -0.294978091583927 -0.310395507430699 -0.00511456062134331
v -0.294512391877747 -0.255740665572444 0.198767360690915
v -0.294338298025348 0.255882079492475 -0.0115504454568698
v -0.294061524515608 -0.25587078634982 0.312831933070604
v -0.293994153732265 0.309586275851625 0.0136878258003669
v -0.293183101319023 0.256228292346337 0.191155904709159
v -0.293168283899016 0.309813683708607 0.181803932595474
v -0.292956362850801 -0.256363742890965 0.273543510531278
v -0.292768203011723 0.30985221146147 0.378477649429063
v -0.292077830583059 -0.256929115587522 -0.00829937015882845
v -0.291599619084533 -0.257011185273577 0.147851473804771
v -0.291580615450139 0.310412441357615 0.245075030012983
v -0.291321302771187 0.310534768939932 0.215946238386251
v -0.291037017535587 0.310668877020185 0.184012260364637
v -0.290898381217288 0.257395119660386 0.0923176739248361
v -0.29086620166113 0.257290782422571 0.216118775268796
v -0.290704631422718 -0.257298979294126 0.320212678767511
v -0.290632361384124 0.31085976860666 0.13855692526831
v -0.290365412409711 -0.257549532754466 0.126277279073294
v -0.290355896509987 -0.257513870786814 0.199071559144009
v -0.290234391939056 0.311047505821238 0.093852713017392
v -0.29021770238581 -0.257538519726732 0.261951001959954
v -0.29019591882006 0.2576706662644 0.148182402186528
v -0.289891573136674 0.31126340898478 -0.0318125249846191
v -0.289743729132854 0.311254089092557 0.0937632326063557
v -0.289532957767762 0.311378398806015 0.0150600758886647
v -0.289186325309959 0.311420433170348 0.244801551930598
v -0.28911818780089 0.311574061461117 -0.0315313518306181
v -0.288806075384528 0.267253907414401 0.387902460716427
v -0.288460954477898 -0.301729435331585 0.389937496029582
v -0.287976720379093 0.311910677036561 0.286678864046423
v -0.287958089753616 0.312062209519458 -0.031108481121065
v -0.287878870840624 -0.258646715076659 0.0664547008336811
v -0.287816286578985 -0.313092695593418 -0.00158452347107126
v -0.287702484527052 -0.313145723523915 0.238607965810437
v -0.287609544881608 -0.313173323050363 0.0638577730321034
v -0.287575841201543 -0.313186467191327 0.0745263815039237
v -0.287386567478148 0.259158466105581 -0.0283320454174651
v -0.287347850505556 -0.313275381572209 0.146694864766305
v -0.287242906817763 -0.3133163086942 0.179913881635256
v -0.287195686846523 -0.313334724070714 0.194860955196293
v -0.287171510899652 -0.313344152478917 0.202513642116397
v -0.287135386700213 0.259263105295888 -0.0146916208009079
v -0.287058344597852 -0.31338828634858 0.238335456344355
v -0.286950279766904 -0.259039176339018 0.0665800353516038
v -0.28685861548107 -0.313567770991079 -0.00110281332714921
v -0.28681225445607 0.259397718687354 0.00285614321853332
v -0.28663534778065 -0.313553251414167 0.37223144095963
v -0.286321784999705 0.312639685615617 0.215090446287606
v -0.286189352090691 0.308652883587708 0.386323805262103
v -0.286161103818599 0.259473104949839 0.241264280414109
v -0.285183903574057 0.260076072020077 0.0912840780231621
v -0.284174703216447 0.260496493953416 0.146088914261703
v -0.283995420041469 0.313567058871128 0.329877908587675
v -0.2834045142758 -0.315202080680822 0.236522696774965
v -0.28332336967415 0.260851150282132 0.192320760116806
v -0.283074051985227 0.260955013329744 0.20586000929537
v -0.282926678185136 -0.260794227433649 -0.00375337461757912
v -0.282915943555478 0.314162892882217 0.0170841079955393
v -0.282680218554445 -0.315571719036153 0.206099196889953
v -0.282673212380886 0.261114614830278 0.00377639185405393
v -0.282654698083046 0.261128516639957 0.192406069618721
v -0.282641952773601 0.261135021179103 0.229325247246744
v -0.282413735200778 -0.31570771662066 0.194905762991847
v -0.282368509396077 0.261248934727162 0.244174646984567
v -0.282261146377918 0.31430098039769 0.32128572165747
v -0.281859042917492 -0.315990799258405 0.171606328632061
v -0.281273605318021 -0.316289572515015 0.147015460268388
v -0.281222367704102 -0.316264540988044 0.170663795846259
v -0.281147827404815 0.31478840367993 0.279761469227731
v -0.280775011536026 -0.286201612390914 0.394875822792675
v -0.280334035935283 -0.316569944387096 0.207933065404008
v -0.280283631933173 -0.261791200887801 0.235737308688393
v -0.279977961128653 0.262244811231517 0.373993870024412
v -0.279685683302333 -0.317099955435924 0.0803159840221884
v -0.279339396326019 0.262508403000354 0.335081976420001
v -0.27929473036867 -0.317266345448097 0.0805953063461158
v -0.279260968194918 -0.317317097529475 0.0613076000023464
v -0.279233164297572 -0.317330894782581 0.0613082617847111
v -0.278551013011318 0.315842687563864 0.365652211520503
v -0.278342520648033 -0.317793911371902 -0.00137772725688709
v -0.27815996709981 0.26299788329733 0.34283013902708
v -0.278156269444145 -0.317880479200588 0.0160740991582161
v -0.278089123550902 -0.317927721015011 -0.00138723891606447
v -0.277995021183705 -0.317962770922093 0.00930098661820955
v -0.277355493662971 -0.318219378442031 0.0176100058767153
v -0.277258099983062 0.26336849262668 0.348753118229915
v -0.277205567311802 -0.318282725430117 -0.00140197367685646
v -0.277183985101217 0.263397943662254 0.198074999493566
v -0.277183576435535 0.316705381617646 0.374776871317819
v -0.2770456266243 0.263459479249021 0.323728312361376
v -0.276819795956183 0.31691249250291 0.376394780343107
v -0.276576178427391 0.317020340779788 0.376362963785018
v -0.275672043150456 0.264026115964445 0.22905852592683
v -0.275396160773026 0.317295821195262 0.088957827566497
v -0.275302766590708 0.26418112418776 0.29604013742535
v -0.275211018284565 0.317323361351984 0.20041216555787
v -0.275100362034205 0.314685627666834 0.382496486927314
v -0.274566356054979 0.315820435993373 0.380524649300188
v -0.274218877487899 0.315165181769641 0.382192246239143
v -0.273978549416053 -0.319574362019867 0.0614847319406622
v -0.273884658146792 0.313211928299657 0.386859203811555
v -0.273681685925634 -0.319530696031363 0.147401529901633
v -0.273568845006924 0.264893780143473 0.306522883269679
v -0.273260436652314 0.313443210257296 0.386886364770145
v -0.27304939780277 0.318321874621574 0.0201014830123135
v -0.272946107349741 0.265157561096523 0.251274094922608
v -0.272823297996157 0.265208504653997 0.2513499043676
v -0.272751441967654 -0.319945377675513 0.138604610945897
v -0.272717585141648 0.308672452246168 0.389541026515843
v -0.272191005083112 -0.320300322225328 0.0274348517571788
v -0.27216348676356 -0.320302647684967 0.0850668140966468
v -0.27208681172718 0.308673368487487 0.389691662853526
v -0.272043740037668 0.318769988401435 -0.0253069319362718
v -0.271666855942454 0.318794748089808 0.245786045936566
v -0.271568482235893 0.265708296768118 0.373624005741813
v -0.271407987968955 0.265794771951381 0.227088911060802
v -0.270983095189385 0.267934915372262 0.377140252935123
v -0.270729511674544 0.301566157552698 0.394411486023801
v -0.270284572206666 0.30172750400621 0.39441838034426
v -0.270267790660404 0.3193788411469 0.256487261867532
v -0.270126962574939 -0.26617348620907 0.146056751091834
v -0.270087175641998 0.296538773861782 0.394668357330064
v -0.270061539261567 0.266352514657626 0.204008326277221
v -0.269904973136615 0.288001999435317 0.39131326573959
v -0.269572329904166 0.266555161033549 0.195622386294162
v -0.269477214481541 0.296928468457083 0.394669898956303
v -0.269272584576869 0.319847055159998 0.147486672218913
v -0.26909312156331 0.276082284896282 0.388954859422599
v -0.268710337905996 0.289313372781231 0.391528844058356
v -0.2686769394337 -0.321701609003213 0.130365551008337
v -0.268639824861189 -0.321520182679651 0.229814092837696
v -0.268224599088647 -0.321883108517071 0.136242553196044
v -0.267894208339604 0.267221668015587 0.372719196886927
v -0.267872043410801 0.320409912846694 0.206526421647451
v -0.267793537806149 0.267263026329916 0.37345797677246
v -0.267541404293543 0.270112110646746 0.378344148300739
v -0.267380534955187 -0.322221785426091 0.147209000945288
v -0.267327885949204 -0.267340558197105 0.195822215091947
v -0.267110007113829 0.320851081465739 -0.0264578748331807
v -0.267087749217666 0.276980383893502 0.389061918531096
v -0.266987627655468 -0.316421638094786 0.386408885637316
v -0.26691158823943 0.320932605115157 -0.0224034296239455
v -0.266466317577126 -0.267676566054139 0.253697081376904
v -0.266336177081375 0.26789568044829 0.140148828936048
v -0.266320554060384 0.267898426543979 0.0269398331164301
v -0.266012366306702 -0.26791535002386 0.171037090897635
v -0.265768603863851 0.268129461036877 0.139960273936887
v -0.264894148422176 -0.268367441408292 0.216846395288617
v -0.264856835947075 -0.268463732610957 0.0695572783640206
v -0.264646933533153 -0.323293749434648 0.195268022175221
v -0.264553660067707 0.321901398584057 0.0257779271573237
v -0.264109116498747 0.321998284231827 0.196838849987478
v -0.263938133941043 0.322069519812902 0.198473092991495
v -0.263702375398152 -0.323697630282278 0.194997247118338
v -0.263450599214163 -0.323746930741109 0.224342886368334
v -0.263251986926709 0.269173251999289 0.0872801886656205
v -0.263243040605217 0.322359112964063 0.205116761424497
v -0.26295944787013 0.322483278729904 0.196468860850195
v -0.262904709327663 0.269313610538841 -0.0246302147931792
v -0.261689221419008 0.26981691484767 0.0869947488109142
v -0.261686463982847 0.32307943312912 0.0843655462303577
v -0.261316173950557 -0.324655082801032 0.225999812512243
v -0.26102283888866 -0.27514212349447 0.384838520065705
v -0.260925501274213 -0.324811838442241 0.231075601569427
v -0.260595657281698 -0.270315713235881 0.00734753663565872
v -0.259847628295497 0.270583447713083 0.0289232771915593
v -0.258374369204076 0.324440261600714 0.15204412191521
v -0.258278301234459 0.324427546719601 0.252569499834639
v -0.258243443659843 0.271244060879146 0.0294152661911621
v -0.258102332158076 -0.271303468272211 0.146668137557237
v -0.257684139048627 -0.326154258384745 -0.00173215302162752
v -0.257379510245981 0.324960667544645 0.0829196909298281
v -0.257212690650309 0.324871506560776 0.262754554179001
v -0.256970435971477 0.325052160308919 0.152634636119458
v -0.256852087233487 0.271824297935915 -0.0224257560653737
v -0.256275783014944 0.32530250016181 0.194926144839991
v -0.256203571286428 -0.272184998084599 0.0157797525857856
v -0.256099966201011 -0.326775779823973 0.11163855797658
v -0.25588678530714 0.325462326251195 0.202874833681129
v -0.255651049898534 -0.326966377890345 0.0486559074123686
v -0.255202704747704 -0.327138858038369 0.103214157900682
v -0.254910131415361 -0.272681830278643 0.116599494059586
v -0.254829451573165 0.27265721568847 -0.0216893841975572
v -0.254670996393518 -0.327359496853832 0.0621978556247357
v -0.254668952556206 -0.327355193396678 0.0958915679575565
v -0.253844036525029 0.273028028538479 0.23022732457544
v -0.253830429222131 -0.273202178521 0.00720691888466281
v -0.253809558259602 0.273054087384333 0.144941790654576
v -0.253530772443802 0.326430332784226 0.25101705349558
v -0.253358013332226 -0.302077959453224 0.394889522914632
v -0.253275229763975 -0.27343230497947 0.0195764310533599
v -0.253100789886187 -0.327966743914329 0.232361287293021
v -0.25293292602893 -0.273514761326666 0.136107118611844
v -0.252853950813185 0.326708416053775 0.264847069546591
v -0.252703081948222 0.27349956449368 0.218468022961998
v -0.252475927731673 0.273585533960163 0.273007368083342
v -0.2519619805169 0.273823520108939 0.0837412390075927
v -0.251933727754808 -0.273957323293827 0.00717643334672013
v -0.251334101575057 -0.274206984406467 0.0220624234559128
v -0.25104592141261 0.308703931812835 0.394716482520739
v -0.251010964837637 -0.274370827632691 0.0700229006023191
v -0.250631378784932 -0.274528163510293 0.0784798510352253
v -0.249996933503258 -0.329254093195449 -0.00290939622654187
v -0.249829490201882 -0.329264062607987 0.375239795765214
v -0.249812142069344 -0.329292931508079 0.23150577876566
v -0.249807253460213 -0.329301066606672 0.191002316711801
v -0.249801902714535 -0.329309970743302 0.146669927126845
v -0.249795541831422 -0.329320555842228 0.0939682729595614
v -0.249792176759362 -0.329326155633956 0.0660877317242013
v -0.249790981794135 -0.329328144166825 0.056187118387421
v -0.249783885598671 -0.32933995289364 -0.002606799471729
v -0.249783847268525 -0.329340016678554 -0.00292437519877734
v -0.249754431167162 -0.274887199320915 0.106178467117115
v -0.249676145131338 0.328463835916662 -0.0305618923014973
v -0.249653795646892 0.328451183768413 -0.0126116140061486
v -0.249593549497649 0.328417078140004 0.0357758621227316
v -0.249539295550844 0.328386364725575 0.0793506231475336
v -0.249527993134588 -0.274985509475441 0.103062623997612
v -0.249447112992048 0.328334179745529 0.153388240809392
v -0.249397358956867 0.328306013752232 0.193348839451601
v -0.249388001846235 0.328300716647899 0.200864124213527
v -0.249327292954043 0.32826634905853 0.249623258343184
v -0.249318177835533 -0.275004300894427 0.232675593561708
v -0.249306216755668 0.328254417723514 0.266550880417088
v -0.249215777095351 0.328203219406493 0.339188666561022
v -0.24916183742795 0.274951419374139 0.265951130370846
v -0.24785940218718 0.328528374105671 0.153472487441765
v -0.247857890081989 -0.275633677062608 0.08019135706314
v -0.247857386023316 -0.275626504575118 0.0701416228140484
v -0.247585205527585 -0.275790781932017 0.146346770970336
v -0.247519505170022 0.328634253723415 0.0784701598571826
v -0.247283836110864 0.275756744442848 0.0367368104816383
v -0.246734470735959 0.275990488565475 -0.0171185970274781
v -0.245710045720157 -0.276568023118421 0.188124210979472
v -0.245613517639823 0.330727357799715 0.372319226454464
v -0.245056723773559 0.329011570934104 -0.0101687517981898
v -0.244630130136783 -0.276967271571654 0.146256078662034
v -0.244399631014297 0.328852766550842 0.268887978592329
v -0.243764801823284 -0.277374313690702 0.231463082622729
v -0.243110535315898 -0.27760233664065 0.187203756065088
v -0.24297755295354 0.329044560306235 0.248130081233342
v -0.242361882852985 -0.3298305204011 -0.00309020798807804
v -0.242163953648471 -0.329841682103938 0.00685525069724671
v -0.241877852866402 -0.278001845980726 0.062787656509905
v -0.241852673064114 0.278002105209104 -0.0246981864150521
v -0.241371621846841 -0.32988636359569 0.0466679868597445
v -0.241302691367143 0.325283959024593 0.388276901629285
v -0.240840328866093 -0.329916324481884 0.0733641603870828
v -0.24056700792072 0.278498301553846 0.214806918954589
v -0.240518013108495 -0.329934500640957 0.0895597392997061
v -0.240073100670029 0.329616137595971 -0.0040889714844585
v -0.239597430639992 0.329500432856479 0.19879085437818
v -0.239436789285405 -0.278984071864583 0.0768570485783544
v -0.239388119942211 -0.329998218028149 0.146334108861274
v -0.239039272235543 0.329575710929777 0.190643485264398
v -0.23899147637072 -0.330016438415904 0.187767158767696
v -0.23877746621004 0.279227517560022 0.270935135220211
v -0.238604144856349 0.27934010419241 -0.0253915814709863
v -0.238566090831195 -0.330044574222446 0.187639062224878
v -0.238377828947198 0.279430712870906 -0.00669864566938435
v -0.237781572580503 0.279669432285875 0.0425501324026616
v -0.23774606386709 -0.330090817510873 0.22884341260048
v -0.237551388546628 -0.279949731896467 0.369894217606105
v -0.237363059803517 0.279836989616681 0.077117885512493
v -0.237260510949346 0.279853502939534 0.262095777996955
v -0.237128167873294 0.329935192770182 0.0440640928347879
v -0.236521714665995 0.280173833682817 0.146610174860217
v -0.236229439721656 0.280288886264657 0.184873302163196
v -0.236180882778089 0.329887725901547 0.272803131420713
v -0.236126000728431 -0.28041445503253 0.229787955048756
v -0.236058940432626 0.280359111694799 0.184833775964858
v -0.235992228011837 0.329986661686025 0.146166158042074
v -0.235714169669281 0.280497145398959 0.213310685827975
v -0.235670990905092 -0.280562803144771 0.18506347728837
v -0.235272936001822 -0.330156232114589 0.0398129905459015
v -0.235246792589166 -0.28070110569596 0.14336756837934
v -0.235135567691805 0.280728796637049 0.261101270503358
v -0.234984524685593 0.28078926877637 0.27357691673162
v -0.234978383476361 -0.330246893650054 0.367912586590006
v -0.234745578294834 -0.330224232276117 0.228188972424329
v -0.234676058271996 -0.330217465161986 0.186464863088834
v -0.234620362193352 -0.280905342531964 0.0817935739973769
v -0.234608935478578 -0.330210931395377 0.146179508494503
v -0.234545088875928 -0.280929884100012 0.0743947011853402
v -0.23450978750639 -0.330201280281694 0.0866734746496401
v -0.234496214187682 -0.330199959047996 0.078527121833396
v -0.23443103964689 -0.330193614925282 0.0394110577868256
v -0.234392729957901 -0.330189885840809 0.0164185789767008
v -0.234380287635126 -0.280983614704746 0.0581958214007152
v -0.234359967756087 -0.33018669675154 -0.00324444233321101
v -0.233833207085309 -0.281161980890808 0.00442139582034829
v -0.23379336655802 0.28126616527129 0.371962586973959
v -0.232684755876247 0.281415510665106 0.275178319712
v -0.232580155576478 0.330540318300335 -0.0126879458567283
v -0.232510671287067 0.281438962298719 0.259980333906463
v -0.23196472714148 0.281512508625454 0.212318151893126
v -0.231658488637738 0.330571147286633 0.0829071010390709
v -0.231637442782042 0.281556598414911 0.1837454731022
v -0.231560526012012 0.330487095187994 0.245432019676818
v -0.231464694872978 0.292934044296945 0.390963696247528
v -0.23133449678265 0.330649401144689 0.0378628248799777
v -0.23124147887319 -0.289713032184292 0.388282050082759
v -0.231216661537905 0.281613283544911 0.147010300817613
v -0.230380490521976 0.281725927498036 0.0740106442087215
v -0.230073865770294 0.281767234148825 0.0472415967839753
v -0.230059718195452 0.281702781622296 0.00356629324003563
v -0.230052771060395 -0.330832420222774 0.146034086098571
v -0.230020557349122 0.330872032100486 -0.0343058354477135
v -0.229599588768745 0.281831125906986 0.00583612159884222
v -0.229566788321117 0.281835544586915 0.00297256693376775
v -0.229321188880137 0.330886375761327 0.0487898259018441
v -0.229221187251395 0.28188210189392 -0.0271992028750093
v -0.228967400512944 0.330934090722574 0.0436256209150318
v -0.22874714896495 0.330871209320937 0.196480374641859
v -0.22837937143737 -0.282485531421684 0.00374342231315766
v -0.228076669674912 -0.331077728378004 0.0837242377864286
v -0.228047925768072 -0.331058596647437 0.024536073358675
v -0.22795587715728 -0.28254504694085 0.0546409671427949
v -0.227821964248117 -0.28256386631265 0.070735253695983
v -0.227669765559798 -0.28258525546565 0.0890272116419183
v -0.227627859854837 -0.331194586807848 0.226559924465011
v -0.227614873341064 -0.325821841519782 0.387670693048157
v -0.227335662864042 0.282131474800483 0.0167315342155479
v -0.227239052742561 -0.282645785437682 0.140792314394483
v -0.226892097860931 -0.282694544537576 0.182490992444836
v -0.226516507512838 -0.28274732790588 0.227631216240957
v -0.226031536099211 0.331300378850553 0.0507814179801561
v -0.22536639536353 -0.282908958239236 0.3658571319868
v -0.224468584887948 -0.282905372656668 0.00335230090910626
v -0.224187854293645 0.331578701692794 -0.026140823403731
v -0.22378048846836 0.331503871201413 0.186664011808474
v -0.223709384500558 0.282609285947602 0.181683006189523
v -0.223552829464188 0.331664346637449 -0.035410202205103
v -0.223305026449379 0.331530902350867 0.242251439798789
v -0.223233001710594 -0.33171900004742 0.0336719990701817
v -0.222797955919073 0.331571247962336 0.282119742153463
v -0.221038358767 0.282964687338905 0.147566357617184
v -0.220884950709108 -0.283351701614131 0.226341988229076
v -0.219924203523737 0.332020471193749 0.136260593350348
v -0.219502453474055 -0.332213350538083 -0.00372500500585756
v -0.218561225908699 -0.283601035930024 0.225644056595926
v -0.217907725571697 -0.28361218002886 0.0116447975589174
v -0.21779925940557 0.332391085069056 -0.0363958592133974
v -0.217743475756462 -0.332452703332035 -0.00527690752102771
v -0.21695137288779 -0.332622015108493 0.151992684846194
v -0.216868418492641 -0.332579032365709 0.0125798966606032
v -0.216827653971349 -0.332634866632157 0.141655882571231
v -0.216313975177559 -0.283829578673441 0.179341912574541
v -0.216287847516122 -0.332690769628511 0.0961172656795092
v -0.216274616231298 0.283598960688768 0.0678529230563099
v -0.216249829846755 -0.332688491553106 0.076952518232124
v -0.215847023259317 0.332501008504173 0.193641502698954
v -0.215723497767817 -0.332744320667151 0.0359436535619643
v -0.215312648105207 -0.283888486638135 0.00309396033963328
v -0.214827341352798 0.332602765395628 0.239047236044603
v -0.214714768696565 -0.313456565203156 0.394696412278381
v -0.214712154849079 -0.332936124058167 0.0053294293195132
v -0.214232381699427 -0.284041274270012 0.136452955110686
v -0.213990477502395 0.332741080903687 0.183933467781733
v -0.213821196709911 -0.333018949384995 0.0747628473336178
v -0.213596483765643 0.332712859255113 0.31532652683726
v -0.213451219359235 -0.333072361753676 0.0823127682082873
v -0.213333317408172 -0.284100553342851 0.00135996265952501
v -0.213273161972279 -0.333183132869229 -0.00924722085552137
v -0.213121815252832 -0.333119916701416 0.0890347335788594
v -0.212696681881436 -0.284197453126517 0.104811539597538
v -0.212677563092233 -0.333184051871166 0.0981003389592906
v -0.212631411768111 0.284081028525776 0.14237233053429
v -0.21234579081174 -0.333265457297391 0.190903591519085
v -0.21223530840807 0.332848869678855 0.375643818470068
v -0.212059497234107 -0.284243205894081 0.022628760012553
v -0.211677981251921 -0.333357617735041 0.0857549446390864
v -0.211554117303784 0.332968421515679 0.319040482197826
v -0.210821411417235 -0.333452018159946 0.135977788084317
v -0.210742519059418 -0.333479659093438 0.179313288632381
v -0.210661610581917 -0.284399752399879 0.0459690780050427
v -0.21055658802918 -0.284415098141996 0.0607172458930931
v -0.210555539676313 0.333143675991001 0.236064023923449
v -0.210208213929935 -0.28445052737616 0.0535393785136013
v -0.2100711898059 0.333228681382746 0.195817141050368
v -0.209945465917927 0.333250746441502 0.185370158605011
v -0.209911009523092 0.284439809009407 0.251231842703208
v -0.209871522640835 0.333263723790357 0.179225867888373
v -0.209822669594446 0.28445579831658 0.0595050132075953
v -0.209410507873498 0.333344633775662 0.140918007233914
v -0.209020814544418 -0.333774990094188 0.334539904852448
v -0.208789793174841 0.333453571754889 0.0893399367098845
v -0.20872730130496 -0.333754337696998 0.178711121953689
v -0.208725223786926 0.333464903947689 0.083974566031918
v -0.208568120076791 -0.284663208809238 0.0449044522576573
v -0.208358614353272 0.33352924540916 0.0535112835211342
v -0.208346877241441 -0.333809258221994 0.186474223054732
v -0.208190328104326 -0.333900314049056 0.365427256234946
v -0.208189520910448 -0.333901498941545 0.368186732961781
v -0.208092221848418 -0.332247105971776 0.374233158107221
v -0.207953660104105 -0.329899259016997 0.384323387780205
v -0.207829712238797 -0.327770186691007 0.388107154596301
v -0.207405287752254 -0.333945192286204 0.205688713149339
v -0.207302057209651 0.333714675527719 -0.0342829623445203
v -0.207283179840243 -0.285013887191923 0.176660881921597
v -0.207149996317495 -0.316012661182412 0.393967897338689
v -0.207036842569875 -0.314054228496462 0.394737749382759
v -0.20693104933844 -0.312216628602709 0.394265311013686
v -0.206701461427607 -0.334086897797837 0.322998658253982
v -0.206691765368373 -0.334048201080014 0.220249165379105
v -0.206539880737311 -0.305427518561392 0.393496655488846
v -0.206376006773591 -0.284947474126067 0.0333632001021638
v -0.206273422618302 -0.334119800847087 0.257554901566224
v -0.206206083752141 -0.334139692491487 0.285040831941646
v -0.206014043668425 -0.334150321601753 0.245068294790684
v -0.205673997514366 -0.290349311254354 0.382715800484912
v -0.205632405487246 -0.33420113725417 0.241866929995525
v -0.205629101758429 -0.28533471737455 0.356555481973703
v -0.205451976623291 -0.286432384801052 0.37073361476821
v -0.205444112866444 0.334093539632189 0.0903675497276655
v -0.205391804864874 -0.285359106432185 0.365356707170393
v -0.205390944776542 -0.285357879028592 0.367844551207484
v -0.205333219382627 0.285053757571564 -0.0249274106621252
v -0.205206552431639 -0.30290776539211 0.393166584186814
v -0.204930325929039 -0.334302494086252 0.256193874881513
v -0.204782699603488 0.285123057930019 0.145846040003279
v -0.204495794187076 -0.334376914513324 0.295071378736959
v -0.204031438311333 -0.285492783308758 0.211877790138354
v -0.203605970753549 0.285280950201781 0.0714503046826143
v -0.203508739284963 -0.29181892058958 0.386551671216439
v -0.203130158927032 -0.294838145995783 0.389393743709377
v -0.202970658299775 -0.285707575570159 0.26920227507159
v -0.202949734058311 -0.285705683176018 0.277524525378823
v -0.202923346418765 -0.33466197165425 0.219109526115408
v -0.202879861491849 -0.285721058841984 0.264821491732066
v -0.202117313322865 -0.285768380122333 0.228260401786723
v -0.202040442203693 -0.285516484704743 0.0415727076453193
v -0.201328205536559 -0.334931643078094 0.207584949238397
v -0.201180771356189 -0.285880218129361 0.220408414224407
v -0.20100352523706 -0.285653545043536 0.047982017924789
v -0.200887314267274 0.285644218058092 -0.0320801801517534
v -0.200670157811205 -0.28586832277596 0.165866787895452
v -0.200249821977705 -0.285874260476128 0.131817547640032
v -0.200081786253442 -0.285876448389066 0.118077706609442
v -0.199933364116668 -0.285803970970102 0.0546193496188655
v -0.199686552055003 0.335196875261348 0.102807522156109
v -0.199461265735255 -0.285852048373524 0.033045997181082
v -0.199437823785366 -0.335095427894077 0.368276294286299
v -0.19932957955407 -0.335218300143851 0.250471110647037
v -0.198793828981042 -0.286127164183195 0.174122731137419
v -0.198736255422998 0.285927750401597 0.0612081031412872
v -0.19801838050614 -0.286288431374563 0.318739559231009
v -0.197680739567297 -0.286075044897024 -0.0124164916869151
v -0.197580039111953 0.286078078200259 0.204682837090846
v -0.197351497344013 -0.28637474676846 0.310298711245748
v -0.196933562852986 -0.335609183701477 0.249031301095146
v -0.196359230674468 -0.335727009479245 0.221683417401691
v -0.196077184129178 0.286282857806646 -0.0311125872434712
v -0.195943262147854 -0.286514565754082 0.182639507984817
v -0.195830826938236 -0.335835412914619 0.196522501015333
v -0.19537321625371 -0.335929292966679 0.174732526075045
v -0.194633006490075 -0.286473187033083 -0.0151018658501507
v -0.194605030143845 0.286470927285287 0.301688084038581
v -0.19427882264296 -0.286532437996735 0.0439219569694557
v -0.194228769086441 -0.336164079354489 0.120237567940275
v -0.194038251410711 0.336324091994251 0.35192616039432
v -0.193976921370306 -0.336215746584957 0.10824537543055
v -0.193767864850933 0.336337177851669 0.14778717891459
v -0.193708722744779 -0.336270768248083 0.0954746042775465
v -0.193671878515396 -0.286872447711288 0.223355604025888
v -0.193666916809171 0.336346383501795 0.0944086339932871
v -0.193651794814636 -0.286875094053159 0.223358292896439
v -0.192879091285002 -0.336440969354107 0.055970175448621
v -0.192605003721616 -0.336497199148536 0.042918991681334
v -0.191893551592108 0.336737268500637 0.368096183922853
v -0.19187191605558 0.336741920680358 0.370818241803543
v -0.191830945246974 0.286839030883963 0.311739815599043
v -0.191592594446098 0.335860787918029 0.374879360953592
v -0.19147541963569 0.286889324588903 0.172713538416309
v -0.191410745824106 -0.336742204340466 -0.0139477960466268
v -0.190997979498931 -0.28707886796489 0.123077614905072
v -0.190850140769962 0.336937262558083 0.370576108523815
v -0.190834629643862 0.333301897682866 0.380356399537138
v -0.190507417749059 -0.287213828065721 0.171645255354488
v -0.190095150231722 -0.287218467512185 0.137432762496465
v -0.189989299047082 0.330502393226081 0.388259001138119
v -0.18970639052949 0.287124729346023 -0.0298309812752374
v -0.189636965002388 -0.287145211129533 0.0453267747246927
v -0.18911959260904 0.337208734988528 0.0563236313570692
v -0.188886347670591 0.336255648498758 0.374779141055531
v -0.188500049914766 0.325216777461979 0.390503243128789
v -0.188317544242402 0.337345683482866 -0.0304847984662878
v -0.187897570438868 0.287363579453367 0.208324419414539
v -0.187326985153945 0.337569818499816 0.153028779903796
v -0.187215353075865 0.337613898651927 0.273198824236628
v -0.186452091926269 0.337734898513363 0.141291988687629
v -0.186062960781284 -0.337820474073121 0.112452978254912
v -0.185923527033585 0.316086178999524 0.394846623064603
v -0.185854400580164 0.287632319525381 0.32264826705514
v -0.185677132858656 0.287661726695852 0.0584374712013777
v -0.185386945713851 0.333417218949283 0.381556018130119
v -0.184687824773487 -0.287852118090592 0.0837726129917318
v -0.184520254357913 0.311008332182101 0.393745569315469
v -0.184424430947189 0.287826854895079 0.112368533118928
v -0.183919105261066 0.338241238862455 0.257443238897437
v -0.183808940568409 0.287904424988445 0.299194911899924
v -0.183783500354764 0.3382289049434 0.0551737961780212
v -0.183720137453479 0.338269477924215 0.20559609385944
v -0.183415854055854 0.287961533582366 0.0779083029966914
v -0.183378017597997 0.287964656727326 0.163444662042623
v -0.183128056509731 -0.338412766744847 0.171100492515581
v -0.183001270536439 -0.338438984301141 0.160875750247062
v -0.18279069019638 -0.2880219367017 -0.0176621235108472
v -0.182552370212928 -0.288068703547459 0.0393685233235589
v -0.182272698850091 0.288108178020381 0.309107655562779
v -0.182090345695363 -0.288320935294076 0.171410828662767
v -0.18207682297559 0.288135706128443 0.240660835434438
v -0.182060730678092 0.331308707337756 0.388256235285743
v -0.182042420630901 0.338609395934302 0.30655288464492
v -0.18189158732857 0.338617335566143 0.196057224445155
v -0.181858565977485 -0.338676395781101 0.0461482274647677
v -0.181763053122144 0.288178799193581 0.176189080388617
v -0.181661494283179 0.338642266910829 0.0952634076646503
v -0.181480910787493 -0.338750209089638 0.102253928215201
v -0.181205845226963 0.338731026313009 0.103871674098265
v -0.181189341106995 0.338779277097458 0.0546117049528065
v -0.180549736657629 0.327315753661903 0.38996769102613
v -0.180479028260811 0.339005723908462 -0.0289195740808555
v -0.180412575452331 0.28835927028723 0.123870562706417
v -0.180047160413799 0.294728871406806 0.387156828986844
v -0.179894705443501 -0.288550316798455 0.245909141211325
v -0.179876564944124 0.338989967095666 0.128984858650108
v -0.179599211640281 0.29303174811627 0.384289384677654
v -0.179374061815911 0.288497406092157 0.112710317130472
v -0.179322544851888 0.288498503068333 0.371185573376739
v -0.179134749271341 0.316855751986118 0.394860189752968
v -0.179013392227764 0.290717992657048 0.377425676373799
v -0.178771804552811 0.313221568414779 0.394086215780093
v -0.178745201516053 0.339210354124133 0.1503589352321
v -0.178744309131141 0.322822131751652 0.392134405500215
v -0.178740497912905 0.33922306846979 0.212813059134007
v -0.178496093746434 0.288613809639143 0.120270096393984
v -0.17756587084205 -0.339537901747919 0.229043028319044
v -0.177275891031085 0.339604065911626 0.0597975720118801
v -0.17723472393434 -0.339617223218018 -0.0169746813667428
v -0.176357358810714 0.339675500464574 0.195470816687146
v -0.176270666791824 0.293754377156748 0.385046482911898
v -0.176121539283138 0.294865902699778 0.386866182639886
v -0.176054196844561 -0.339853748719877 0.0413279907892442
v -0.176022582170399 -0.339860082904613 0.0428893441872053
v -0.175923782578205 0.294446061327619 0.38614536335331
v -0.175917096508826 -0.339881217573405 0.0480989628373121
v -0.175738940892134 0.339795966871783 0.207154164074409
v -0.175584451964629 0.33982606096429 0.210072817873572
v -0.175528524176319 -0.289064272948109 0.0886362600789982
v -0.174927217884459 -0.340079545541 0.0969860823370255
v -0.174643014407528 0.289122559769582 0.113031009021251
v -0.174640544074857 -0.340136982314178 0.111144037102847
v -0.174627271013304 -0.340139641649633 0.111799553577614
v -0.174468841776663 0.340278519162334 -0.0276735761749977
v -0.174149501593305 -0.340220648345313 0.111775557334842
v -0.173812552098796 0.289234767142259 0.160597919533053
v -0.173604946039231 -0.340232286699895 -0.017754212575451
v -0.173432093216896 -0.340379102506189 0.170825779943286
v -0.172893257326384 0.340398640858972 0.207705560816669
v -0.172846584555727 0.340540696568113 0.0622313961057671
v -0.172595496133469 0.289394460169018 0.246137038190002
v -0.172312692418309 -0.340568914424705 0.17079431558334
v -0.172238318066753 -0.340618282334368 0.229782733840707
v -0.172237602457107 0.340639115822915 0.0959809877175743
v -0.172152931277168 -0.340635390076692 0.233999729827267
v -0.172145868593376 0.28945574086383 0.174948964680535
v -0.172131553095005 0.289451422554201 0.0555641368010923
v -0.172117316422334 0.340622818817257 -0.0271829881299412
v -0.172086334021064 0.340663562726665 0.104364235684595
v -0.171910706011347 0.340691946447432 0.114097483372794
v -0.17153798301299 -0.340739444360206 0.233629663389276
v -0.171298855687396 0.340790829243938 0.148006031107964
v -0.171179245651039 0.289583459099657 0.174824073942197
v -0.171163660446986 -0.289623962084392 0.240712582036824
v -0.171146327545607 -0.289689562411579 0.122237581819572
v -0.17104491738848 0.289600630662462 0.232922443864305
v -0.170452810211516 0.340927560956501 0.19489359867471
v -0.17023166161845 0.340963301382664 0.207149582419412
v -0.17019844757548 0.295072659513051 0.386427646950824
v -0.169497734331424 -0.34116737430269 0.365131898142298
v -0.169322079077227 -0.340994029494921 0.0391244298244847
v -0.168607621765222 -0.341122281955553 0.0505072126297376
v -0.168471055343658 -0.341258387530744 0.231774222303544
v -0.16845969524965 -0.34125939458245 0.230298633777569
v -0.168149931957138 -0.341153794505024 -0.023484843103027
v -0.167996664627168 -0.341300441406377 0.170154529931865
v -0.1678045512757 0.29003132527508 0.212330051505309
v -0.167562619611994 -0.341338918708846 0.113775432743127
v -0.167386359235476 -0.341354543871176 0.0908805703421294
v -0.167383116144224 0.341423662571406 0.365015054427007
v -0.167237055583857 -0.338343223979747 0.377391419586729
v -0.167226047490497 -0.338064680342624 0.377885424200704
v -0.167084689375547 -0.341381286356496 0.0516959840496631
v -0.166972483316408 -0.341391233219899 0.0371212830572902
v -0.166946294024244 -0.341393554853096 0.0337194961536148
v -0.166905763869121 0.341421873919959 0.104702664125716
v -0.166858970849713 -0.339632769283058 0.372172919739565
v -0.166743258598188 0.29347187933813 0.380474675913063
v -0.166637787457841 0.341489102774887 0.206455877597044
v -0.166581187681962 0.341494072261395 0.194414996793464
v -0.166580435007685 -0.341425987590598 -0.0138027661253242
v -0.166532392229818 -0.341430246495621 -0.0200431521403402
v -0.166523872702282 -0.341304544995148 0.36646701859073
v -0.166505880714186 -0.341432596693343 -0.0234867933853743
v -0.166406305307476 -0.341354323176298 0.230561277669938
v -0.166356048933926 0.34151383954763 0.146519598141561
v -0.166282560526742 -0.290297810985744 0.100383888511161
v -0.166162314419723 0.341530849527606 0.105305049906923
v -0.166154802516839 0.341531509076154 0.103706988327503
v -0.166120223880506 0.341534545096422 0.0963508242443194
v -0.165977715762709 0.341547057375094 0.0660340388283537
v -0.165912352858858 0.290282198416118 0.2286229018394
v -0.16584704108685 -0.290326621333565 0.0807325620889655
v -0.165603281858561 0.341579932845105 -0.0136220011223514
v -0.165534689193309 0.341585955312847 -0.028214216258782
v -0.165242406641959 0.318430582092876 0.394887952200013
v -0.165105350039304 0.294435354387126 0.382589730805128
v -0.164699521870073 -0.332017435308524 0.389058608545187
v -0.164395295266722 0.290471475148388 0.0136938937893957
v -0.164009396432541 -0.330589638305176 0.389813301542731
v -0.163892388140005 -0.290489995443642 -0.0376519422474865
v -0.163705944591507 0.29056623034266 0.0842078792085688
v -0.163576419233827 -0.341447594655035 0.34603629904769
v -0.16256878445845 0.295287229422383 0.386214785898874
v -0.162341734798652 -0.341621324692089 -0.0113638909878728
v -0.162076384352478 0.341702370352795 0.00634657840667671
v -0.161507335790298 -0.290894986719285 0.0789280300244782
v -0.161215910319937 0.290889628829451 -0.0238789863703641
v -0.160761052323068 0.341727921503714 0.0965332911239145
v -0.16023315460263 0.29103308790289 0.370913267666605
v -0.160147153496328 0.291040233288146 0.156533100739329
v -0.160123822451545 0.341774978301032 -0.0024452397029709
v -0.160061298768191 0.341741447943673 0.144786874320848
v -0.160029499694652 0.298811889818293 0.388384924349762
v -0.158746172084073 -0.341677022660837 0.327880329212957
v -0.158447948416649 0.291260436920558 0.0734649926910347
v -0.157862330702395 0.291340586406148 0.126696648864177
v -0.157844525636103 -0.341817244641259 0.0259535963183279
v -0.157821075238414 -0.291199001539466 0.355364754700359
v -0.157794001046979 -0.317887378015052 0.395002867390709
v -0.157761965529446 -0.332700611671177 0.389211651351617
v -0.157675001075534 0.291357889319896 -0.0165271288336814
v -0.157634848676419 0.291365089189544 0.0198913207832654
v -0.157003597994985 0.341894158077736 -0.0294589028994092
v -0.156919338589217 -0.341876294317588 -0.0238239306996375
v -0.15668428490416 -0.341883277640265 -0.0118908717884955
v -0.156470668353016 -0.291524857717503 0.0562974671204757
v -0.15646577627247 -0.341889769418016 -0.000797761829693185
v -0.156173300666001 0.341914080693009 0.0118638129440955
v -0.155960088511162 -0.341904793138279 0.0248746791059617
v -0.155904055047202 -0.341906457863338 0.0277193510636324
v -0.1554048040744 -0.341841116818392 0.298813929357606
v -0.15525510436221 -0.34192573785052 0.060664874774827
v -0.155085642341998 -0.318098201427047 0.395017448894182
v -0.155002918038715 0.334060414221878 0.388246796265748
v -0.15496075650875 0.341943175150986 0.0722104091676964
v -0.154864868004632 -0.341937331569652 0.0804761508377137
v -0.154622882316144 -0.3118209275224 0.393402114737091
v -0.154553507279161 0.341952946915194 0.0924786234619203
v -0.154267624803276 -0.291625420306734 0.372930968071902
v -0.154127233809034 -0.34195924629779 0.117923903715199
v -0.154091609025683 0.341964029958434 0.115466641863013
v -0.154030820213212 -0.303789689340572 0.391335432040763
v -0.153577494521697 -0.295610454746316 0.383436220958359
v -0.153550867563669 0.341977004809411 0.142378574491928
v -0.153479110350367 0.341978726591842 0.145949828826368
v -0.153357641265427 0.291933634213014 0.0847982265906766
v -0.153357098829008 -0.291845490900071 0.170612290022701
v -0.153139967175792 -0.341988577475758 0.168044840524322
v -0.152552366123203 0.342000963407558 0.192072569466208
v -0.152404472479001 0.339005142939597 0.378735221507774
v -0.15231475050815 -0.342013094233568 0.209938925728977
v -0.152311285460587 0.342006748030877 0.204070810781553
v -0.152050627285479 -0.294967418595789 0.381366654985975
v -0.15188920815915 0.292121937383581 -0.0253271779590952
v -0.151796930533799 -0.342028478395569 0.236227287291202
v -0.151715599807733 0.338392430245111 0.380180548338665
v -0.151694944741383 -0.295303359401157 0.382884321332026
v -0.151547436530135 -0.295405576000293 0.383544170712862
v -0.151538844890646 -0.292037233844434 0.2289694802776
v -0.151282707844566 -0.342037747259344 0.208438091825542
v -0.151282530207506 -0.342036318530181 0.195584222392524
v -0.150787155033752 0.292287540907384 0.358859024142669
v -0.150712973053943 -0.342060682208279 0.291256964707984
v -0.150659016759073 -0.304234613334257 0.391435174252445
v -0.150560662356188 0.292310025560343 0.215768458411609
v -0.15055582170689 -0.292234760806583 -0.0378102168197639
v -0.150533401660487 0.315246663002441 0.394724068123349
v -0.15049743720064 0.292305840447187 -0.0253003755173801
v -0.150352302915558 0.292327755109408 0.027324904956003
v -0.150346639848567 -0.303618482602285 0.391467652725416
v -0.150212459573926 0.292348870861582 0.0780317043282837
v -0.150199372566702 0.292350846944233 0.0827770160605432
v -0.150123042319965 0.340491096717346 0.376272814851412
v -0.150054679014436 0.292372695057667 0.135242488063804
v -0.149996871170403 0.292381423797227 0.156203448487803
v -0.149966885240151 -0.302909754935092 0.391093882407938
v -0.149943054376875 0.292389549905068 0.175717265309041
v -0.149832978451587 0.292406170903476 0.215630483873527
v -0.14970311558783 -0.292320033691328 0.121369610114269
v -0.149578080992222 0.3183088435421 0.394592600191178
v -0.14944270380022 0.292465100722529 0.357142966456159
v -0.149405152921285 0.292470770746173 0.370758808742109
v -0.149261159315625 -0.301635557139751 0.389959520274161
v -0.149077222613544 -0.342109279502733 0.37429972306556
v -0.149056049119432 -0.342076491442967 0.0756266869372611
v -0.148947610058441 0.292433093312217 0.35647406478852
v -0.148910988649667 0.342088336641142 0.373298741543447
v -0.148898461194457 -0.292471815947537 0.02227431340669
v -0.148888889426399 -0.342104221388112 0.288301077001266
v -0.148837962879166 0.333822473997106 0.387315814522521
v -0.14880338522294 0.342081642934415 0.332492662715083
v -0.148777393308357 -0.342101226907142 0.237388567430422
v -0.148720759582955 0.342093173485724 0.203483496776662
v -0.148707237274149 0.342093517309658 0.191412291153498
v -0.148669873715497 -0.342098339224769 0.188291859879364
v -0.148657231539753 0.342094788776578 0.146772761701073
v -0.148650303994925 0.342094964919258 0.140588624118707
v -0.148627335707542 0.342095548920632 0.120085104802558
v -0.148624140471023 -0.342097110954829 0.167408673200742
v -0.148592037355429 0.342096446431439 0.0885746820923942
v -0.1485777199558 0.342096810471688 0.0757937082672488
v -0.148519574238873 -0.342094302591652 0.11966055973623
v -0.148514142814359 0.342098427010935 0.0190391437729243
v -0.148458429378179 0.34209984360429 -0.0306955837598934
v -0.148422559537422 -0.342091697041949 0.0753607042535285
v -0.148404799070502 0.332459461899239 0.388758467800297
v -0.148401696165512 -0.342091136708807 0.065833855779218
v -0.148354171726987 -0.292539883207181 0.0198287326362782
v -0.148304099002037 -0.342088515515766 0.0212680304680736
v -0.148302390642584 -0.3420884696339 0.0204879417212102
v -0.148287845784931 -0.34208807899878 0.0138463185196083
v -0.148229903041078 -0.34208652281506 -0.0126120959328219
v -0.148204561478445 -0.342085842209955 -0.0241838221307367
v -0.147738053305903 0.341944121352141 0.34595912633514
v -0.147724099819815 -0.292447005749043 0.337424127047257
v -0.147574512549631 -0.292624965266278 -0.0370564137688013
v -0.147559390842176 -0.2926280707144 -0.031904844993669
v -0.14750858850282 0.341888161438303 0.373334908066272
v -0.147474583544017 -0.292645487045564 -0.0030132247571438
v -0.147458823335492 -0.292648723618557 0.00235586457170565
v -0.147419856904408 -0.292656725904714 0.0156307047482354
v -0.147409481148409 -0.292656038585539 0.0192888634403992
v -0.147403416353217 -0.292655636836498 0.0214271156555442
v -0.14729589603396 -0.292648514389024 0.0593353307809558
v -0.147257143699287 -0.2926459473257 0.0729981607423826
v -0.147117705262572 -0.292636710532616 0.122159680092661
v -0.147062621617211 0.341862730303465 0.320519075931978
v -0.146982914734923 -0.292627781630062 0.169682495819727
v -0.146963242333473 -0.29260106889429 0.0190323209954478
v -0.146961796004265 -0.2926257542153 0.17830128557956
v -0.146959942381077 -0.292602501472993 0.222126849126589
v -0.146958495011371 -0.292626163999092 0.178292106915846
v -0.146809404011274 -0.29261628779314 0.230856810443387
v -0.146807842382503 0.341852500875461 0.190973315533837
v -0.146788981881248 -0.292583658762849 0.0189321951515096
v -0.146697857979428 -0.292568721044047 0.021009340100698
v -0.146590939722562 0.341803080912173 0.319221383171805
v -0.146513245945083 -0.292596669452301 0.335272643300069
v -0.146423033482168 -0.292541275085244 0.0208472735478682
v -0.146404215379181 -0.292589446961854 0.37371332294102
v -0.146359825558079 0.292104179489308 0.0802159108980376
v -0.146092309237848 -0.2925033824938 0.0206517394688396
v -0.145759900493295 0.341640642666605 0.370921289914305
v -0.145619285466109 -0.341665270500717 0.282781469051813
v -0.145545977048963 0.341703963004744 0.122822381978688
v -0.145416178575124 -0.341700231492053 0.0188282053579699
v -0.145198857448957 -0.292404525458691 0.0036923813224296
v -0.144907557973253 -0.292371447621811 0.00212658744247678
v -0.144874164102233 0.29191994996168 0.337865493090134
v -0.144574244886463 -0.341584032490076 0.0308258667306409
v -0.144411643375187 0.292059568558554 0.214858649241329
v -0.143945077967241 0.291776773695491 0.349588990870412
v -0.14383574986346 -0.341430634869456 0.259404779214923
v -0.143736652607527 -0.29222812363625 0.169249347920027
v -0.143731767172064 -0.292237636133727 0.231973806099066
v -0.143671558990238 -0.292229149827487 0.00459668153281188
v -0.143164606298859 -0.292140212859754 0.0607384190521834
v -0.143153942015395 0.291956000207329 0.175592509708423
v -0.143118499675636 -0.292168790230673 0.273168124084508
v -0.142548571349881 0.291906149548252 0.156692499116799
v -0.142536505152991 0.295850599559222 0.385655902501206
v -0.14216519781939 0.291874579760919 0.144723363181397
v -0.142023311517392 0.291841595994807 0.104345489714366
v -0.141669131129588 -0.341179983167487 0.0853633855632811
v -0.141586574105717 0.341187781835768 0.202576053099998
v -0.141352846882894 0.341198085304052 -0.0316191737555405
v -0.141170018667786 -0.291894929558242 0.0621897780704065
v -0.141165638919344 -0.291936989088083 0.326379528661948
v -0.141148503105304 -0.291944596857848 -0.0180790963899903
v -0.141079493624393 0.341125435041846 0.190756658865912
v -0.140913072321533 0.291771470567047 0.105631305175142
v -0.140865224833488 -0.341052612285313 0.166377920145988
v -0.140852707882346 -0.341033488191441 0.240251101557006
v -0.140499887277631 0.341079852785798 0.0267725016161089
v -0.140135133772112 -0.340976624044357 0.0718313187262142
v -0.140126389455487 -0.291767720998452 0.0699644447380803
v -0.140070434199822 0.291702081566021 0.0793236719637577
v -0.13967264119924 0.2916693243738 0.0669043521113755
v -0.139522628557413 0.291408133789684 0.214244246625457
v -0.139318779170953 -0.340846776404683 0.1562372736706
v -0.139261921994738 -0.291668325679383 0.113461084133855
v -0.139230827981649 0.340898137048523 0.147666638951201
v -0.138827709690045 0.291181147372847 0.296261767737874
v -0.138798808048316 0.291597366545351 0.039622792649324
v -0.138797317775456 0.340844835901104 0.137562073265481
v -0.138541572489719 -0.291583161543791 0.135198269537095
v -0.138364799426236 0.340791656704943 0.127480626490864
v -0.138333035662711 0.340795448097211 0.0816431229882778
v -0.13825692732533 -0.291606072213395 0.0140281426834024
v -0.138195051259967 0.340704113125391 0.202157494143192
v -0.13809307629312 -0.29157651005046 0.0644395425547775
v -0.138039106023997 -0.291547607250713 0.298276727507009
v -0.138010566743025 -0.291588275766361 -0.0349461420304313
v -0.137587292739453 -0.291464080526017 0.125169691069847
v -0.137269146252583 -0.291481083522306 0.0687513270159498
v -0.136985596802456 -0.291384887991017 0.0933622335904945
v -0.13677431790098 0.340596103084673 0.0904085464929368
v -0.13673955561878 0.291427792602202 -0.0246682193640342
v -0.136476443135778 0.340468673982292 0.190560200614337
v -0.136386136386681 0.340548375211549 0.0813605343511396
v -0.136215435142775 0.340527387073239 0.0773817077697851
v -0.136209389233568 -0.340435810616736 0.123554513731366
v -0.135389711973516 -0.291268445462827 0.0550126872472999
v -0.135346566411892 -0.291258412773251 0.0788125573080895
v -0.135008519635533 0.29068867469969 0.285754093386691
v -0.134860256873314 0.340336300010172 0.0746476648370488
v -0.134813552830219 0.340367987833725 -0.0312624823386074
v -0.134652356459787 0.291015912783741 0.0567953019857445
v -0.134493962472955 0.340104875647968 0.285934707218925
v -0.134400769796686 -0.291088781049096 0.230199463524658
v -0.13433748126908 0.290994110671726 0.0444433838301128
v -0.134329730327015 0.340295535022381 0.0334283523411132
v -0.134053983567836 -0.291112593523696 0.0673845055092287
v -0.13382366652081 0.340222847317172 0.0339761208578664
v -0.133740058304625 0.290700328190084 0.175217704609289
v -0.133238223654404 0.340161331589026 0.00798673479146844
v -0.133098467052081 -0.290918928745986 0.170974710169567
v -0.132706061288634 -0.290863252966942 0.125243251983155
v -0.132198373796189 0.339921158505278 0.11622017777515
v -0.131755754913597 -0.290747419581001 0.132322696685359
v -0.131695328620992 0.339948001850771 -0.0310891055035969
v -0.131639333216731 0.290448511806124 0.157790194831614
v -0.13122309363937 0.290197968270826 0.276920122349649
v -0.130881880291181 -0.290762262103826 0.00413052499625648
v -0.130610678081834 0.339773485600017 0.0231466396343623
v -0.130484949971028 0.339649318632095 0.148426401615697
v -0.129121196630871 0.339580878392508 0.0181235109913434
v -0.128377298217274 0.310450740993348 0.394477210327065
v -0.127981370198414 0.339303992225799 0.134304578968423
v -0.127956891168747 0.339381766186785 0.0384579466943515
v -0.127953452334945 -0.290348787741827 0.136982010551443
v -0.127609246428303 0.339398095797302 -0.0277525874146257
v -0.127164358729185 -0.290332867332027 0.0181365513573042
v -0.12713539368699 -0.339249290801078 -0.025975292345306
v -0.127122858835752 -0.290296435016669 0.125323383033454
v -0.127037997210569 0.339320639834796 -0.0313795446810169
v -0.126647866591458 0.339159776330029 0.0799390775254051
v -0.12654354502625 -0.290112100345703 0.171151807636355
v -0.126513947566605 -0.2902354301055 0.125035351495493
v -0.126383399950848 0.289922715008135 0.0505045896018286
v -0.126225417807442 -0.290086494196577 0.255203378743416
v -0.124552506555274 -0.290043992673879 -0.0319881414746941
v -0.124452306480337 -0.290013052661216 0.0590521073345697
v -0.123174813504649 -0.338649496125246 0.255732061637637
v -0.122720830791407 -0.289796116150516 0.144885461536454
v -0.12208450550935 0.338358409072565 0.256971164283937
v -0.121539981039803 0.289016733094073 0.20911921990519
v -0.121450446736755 0.338421364813731 0.0759975728322639
v -0.121365166175574 -0.338469358727615 -0.0134024994024525
v -0.121040861259929 0.338302899797006 0.146774038816445
v -0.120777083607748 -0.289601664773764 0.0114726446986502
v -0.120532102104112 0.338285810064075 0.0812960602835158
v -0.120450238076317 0.28900355988184 0.128321117924201
v -0.120103149270384 0.288757712568279 0.250219781408514
v -0.119755671562279 -0.289472348176706 0.0683980070105169
v -0.119458977041496 -0.33821526391483 -0.0243086714326511
v -0.119352287786321 0.289105878695446 -0.0237041826150094
v -0.118747218595718 0.33788892141367 0.248956427005636
v -0.118565821802349 0.288976445122078 -0.00874883674978524
v -0.118149556806853 -0.289088952335183 0.233684036179859
v -0.117954693267728 0.338137585694008 -0.0198669712612798
v -0.117655562131813 -0.289209463184162 0.171392987204364
v -0.117094364895055 0.288473086232487 0.178803488885824
v -0.116471889289715 -0.288884460484872 0.246182062846046
v -0.116224058922159 -0.337779951337159 -0.0254558902184169
v -0.115595451671531 -0.337693712513108 -0.0186927053237734
v -0.115332264640404 0.337510693389707 0.120237572939885
v -0.11464356526569 -0.337563122921295 -0.0084513602629871
v -0.114078399457659 0.337333193785288 0.118531387056133
v -0.114040037452652 0.337262604088064 0.195327615902051
v -0.113363543230936 0.28830729250868 -0.024078997867747
v -0.113036260817032 0.288254561368206 -0.0185468594799645
v -0.112852152941344 0.288224898245952 -0.0154348369473793
v -0.11169926678275 -0.337159193697489 0.0232263447033854
v -0.111368858382393 0.287968204024668 -0.0171887244482462
v -0.111086718079931 0.337228172996697 -0.0323836187385716
v -0.110930572844395 -0.337053736337217 0.0314967221565422
v -0.110826895638374 -0.336991859519964 0.234479617858449
v -0.110109625173514 0.28742753157391 0.248107356140336
v -0.109721447441378 0.287595700141233 0.113719489563456
v -0.109640368704265 -0.336876732830307 0.0453780274434293
v -0.109448659340832 -0.288308067202288 -0.0155982256678988
v -0.109386038241521 0.33664056508432 0.145604466308412
v -0.109366629676096 -0.336838684102701 0.0320705921157424
v -0.108552512697935 -0.336727104793118 0.0444344020124252
v -0.108259647084934 0.287484962150545 0.0621934646814627
v -0.107684330121347 0.336592521535228 0.0539190404691506
v -0.10752630976137 0.287366808189988 0.0745892531092239
v -0.107418928814198 0.287282956272892 -0.0244126428283231
v -0.107232426402757 0.287316150443212 0.0745458996952102
v -0.106969253295005 -0.33651028167727 0.0741165559438425
v -0.10663180971643 -0.336441748253884 0.171957094108656
v -0.105982772415398 0.287039079061558 0.148966628938842
v -0.105906121916988 0.28710576650493 0.10197570281914
v -0.105798973385472 -0.287828338505609 0.236328125
v -0.105416231688625 0.336411105881675 -0.0096307444998944
v -0.105371833020663 -0.287786777319848 0.235676105552834
v -0.105269898247466 -0.287774971364214 0.236209549837544
v -0.10510327165089 -0.336238342937525 0.161734701866355
v -0.104966015269947 -0.287753887736552 0.171736409564204
v -0.104282625462676 -0.287720538385423 -0.0390980956961949
v -0.103144544773096 -0.335981146784304 -0.0301018791330047
v -0.103092281475486 0.286652405709215 0.149538767811975
v -0.102512193472158 -0.335898342891007 0.124075309087966
v -0.102333781761399 -0.335874339897117 0.123989590377151
v -0.102213324173572 -0.335831601317546 0.236328125
v -0.102171269960088 0.335660322340387 0.144902534009118
v -0.100839379985548 0.335379012417598 0.194915324029745
v -0.100404230529623 0.286219311885641 0.194975580772792
v -0.100347644263852 0.286210194810594 0.195932072902505
v -0.100150160317606 -0.286894995633413 0.367773142036582
v -0.0997848285351337 0.286113003054396 0.195580676431334
v -0.0994158537196127 0.335456824753004 0.0592559136606692
v -0.0990358664926441 0.33532746462548 0.0980595813852143
v -0.0989112645373607 0.285878478172313 0.0682840415635261
v -0.098882811117391 0.28582094960365 -0.0114394094164066
v -0.0982121953215857 -0.335307989261278 0.172184037044279
v -0.098210786479987 -0.335304543760941 0.0315543815575467
v -0.098056513707841 -0.335283666244719 0.0426561531055
v -0.0978404710328815 -0.335257901201991 0.172333116824958
v -0.0977064313424279 0.285676406475183 0.0766045047732503
v -0.0975594145308183 0.285760960365116 0.243062233536781
v -0.0971119373525471 -0.335146540245499 0.228519621664313
v -0.0964230396228553 0.285390630446699 -0.0213753940035738
v -0.0954114912122866 0.334856659654983 0.0869016582770998
v -0.0942790306432844 0.334486811594682 0.194712500702159
v -0.0940452035260521 -0.286500327719867 0.17610602514746
v -0.0939593858280399 -0.28647818775453 0.233672072073557
v -0.0933286155753251 -0.334634482563473 0.0750525851400262
v -0.0927003080781223 -0.334552720648939 0.227636125845082
v -0.0924359715232446 0.334138604525101 0.24339968676524
v -0.0922939232268869 -0.286313843936608 0.108741712161349
v -0.0922238188092485 0.334664017291177 -0.0335560872647355
v -0.0921035469690097 -0.334470850806939 0.234056678129237
v -0.0919932634199586 -0.334452185435571 0.119014744969646
v -0.0908980554115863 0.284597876901509 0.219597613898424
v -0.0904856406446786 -0.2861373296739 -0.0359028929019909
v -0.090479810558317 -0.286136117503153 -0.0333587310447857
v -0.0903806482372896 -0.286115500027306 0.00991421195818848
v -0.0903692182358442 -0.286112742240283 0.0166871421860883
v -0.0903651376852193 -0.286112275128682 0.0166827832131855
v -0.0903643190966877 -0.286112104930676 0.0170400029161995
v -0.090181601943483 -0.286074115032357 0.0967750159168409
v -0.0901669599830782 0.284569901687227 0.368018784350656
v -0.0901547459715001 -0.28606853123452 0.108494557501439
v -0.0899977243881199 -0.286035883867363 0.177016410937819
v -0.0899174304751636 -0.286019189443576 0.212055464913596
v -0.0898674551900271 -0.286008798760668 0.233863926462941
v -0.0898499229826911 -0.285956200765726 0.0530185983686373
v -0.0898116284444071 -0.285955362277896 0.0971595981361073
v -0.0896750645214661 -0.285968797579564 0.317820315832315
v -0.0890550533196918 -0.285741806383392 0.210717166114778
v -0.0889803889393429 -0.334034560901748 0.0104865025509131
v -0.0883730609226479 -0.285458837865902 -0.0352610492125344
v -0.0881162175237301 0.317831179941765 0.393433732248307
v -0.0880302763758289 0.284116768486529 0.239203044806326
v -0.0878692667132677 0.2840826226619 0.229496142630339
v -0.0877580389933773 0.284059034250144 0.222790479261698
v -0.08751243002185 0.283916955183657 0.0716557082161097
v -0.0873084265097986 0.283963683519195 0.195684376896304
v -0.086598186635268 0.283813060719209 0.152865648666666
v -0.0857227747254189 -0.284612229175904 -0.016832054616135
v -0.0856989837241615 0.333279687619063 0.214557085595564
v -0.0856417281323805 0.333217047509242 0.241963864544107
v -0.0852848915928939 0.283356458519382 0.238069615221031
v -0.0852479607776102 0.283526714082547 0.0714636377110141
v -0.0851246579109427 0.283500564856504 0.0640299915203353
v -0.0849569566648128 -0.306188371047121 -0.0418611145005153
v -0.0849285066053941 -0.284377785165218 0.0629198824098115
v -0.0849102148457 -0.284346367916846 -0.0354279083176084
v -0.0848395601037243 -0.284324421656019 -0.0325349114585896
v -0.0844177882578684 -0.333409349551903 0.0836808146589018
v -0.0843202254126317 0.283329966331075 0.0155326066797095
v -0.0838687221614866 -0.284023476247105 0.0095623237842002
v -0.0838116204072789 -0.284005130521963 0.00955463879555555
v -0.0837709398346506 0.28302816572723 0.153465154465641
v -0.0837644806944765 -0.284015416816097 0.107473732200064
v -0.0837434992403314 0.283207658201086 -0.0192368875717478
v -0.0837215865890962 0.283203011116344 -0.0205579509077798
v -0.0836720550322556 -0.288555415509864 0.387153491628789
v -0.0834766022462658 0.333484238372369 -0.0387400747640372
v -0.0834217920674038 0.283139432750925 -0.0386318729859568
v -0.0833615102273285 -0.283870119396376 0.0464628337911201
v -0.083255969721595 0.333441073929326 -0.0321719287573526
v -0.0832218047467217 0.333434389909759 -0.0311548505019263
v -0.0829376751040431 -0.333205496394141 0.0734382164445446
v -0.0828950296141082 -0.283720425772425 0.0470849476113821
v -0.0823143838599523 0.333278604070937 -0.0320186839497647
v -0.0821360335411355 0.333221970143308 0.0011681436657976
v -0.0816439969850933 -0.28333183913817 0.098309159392073
v -0.0814926446179263 -0.283284827169353 0.104506364428505
v -0.0814137915400289 -0.283260334401195 0.107735046613202
v -0.0813453031095263 0.288869122124109 0.387047642915833
v -0.0813317313085531 0.333115406113204 -0.0400109978574695
v -0.0810013130709467 -0.283132213346407 0.12462420199189
v -0.0799959823035339 0.332803291528748 0.0648766517895499
v -0.0796685409668161 -0.282718237392334 0.179195281062095
v -0.0796085880444625 -0.332745081808253 -0.0122509399950213
v -0.0795444743837538 -0.282676606354405 0.133645517591211
v -0.0795108214530033 0.332708374888823 0.0793197050418619
v -0.079174575505648 -0.332697121194246 0.373159471513869
v -0.0791091943363318 -0.332683809957463 0.231136498000397
v -0.0791063235198262 -0.332683225475438 0.224900422677865
v -0.0790855875730387 -0.332679003753794 0.179857165541521
v -0.0790568612053628 -0.332673155227589 0.117456872028307
v -0.0790453215311981 -0.332670805815109 0.0923900392477809
v -0.0790415289254495 -0.332670033662 0.0841516251690144
v -0.0790078446597891 -0.332663175735769 0.0109816341800146
v -0.0790073799300004 -0.332663081119409 0.00997213393467352
v -0.079001047892415 -0.332661791952322 -0.00378251156465446
v -0.0789964491879806 -0.332660855682074 -0.013771957836704
v -0.0789868342245246 -0.332658898129822 -0.0346578752119586
v -0.0789634675338879 -0.282499232623113 0.208064896459492
v -0.0783111818933827 -0.282296624413113 0.234773086970119
v -0.0782005799776131 0.332210587866638 0.238971179398769
v -0.0781985419002392 0.281604533756827 0.0407760094823314
v -0.0780346870028329 0.281391114843385 0.195814366053857
v -0.078030068153955 -0.332426354911462 0.00992035724427619
v -0.0780291541250499 0.281571623465344 0.0277835732426946
v -0.0779123576049186 0.281614714548508 -0.041894823039241
v -0.0778790277891639 -0.332389575433339 0.0208336038844782
v -0.0777446947940229 0.281543878723882 -0.0194393473624968
v -0.0777347690288341 0.281539685189499 -0.0181099662219931
v -0.0777022319588125 -0.282094903453132 0.0539834715118985
v -0.0775124611660153 -0.282044877391295 0.207687521391517
v -0.077403450438738 0.281399706470199 0.0262643139264056
v -0.077315082244896 0.281136747044197 0.246357227530281
v -0.0772836025535332 0.281349071963161 0.0423158238393598
v -0.0772014274268507 -0.28194084060464 0.0989240128175782
v -0.0771411628133544 0.332244775990443 0.149863537844567
v -0.0770712791868968 0.281259367510022 0.0707527930732363
v -0.0764178946905138 0.280983319235798 0.158262119606077
v -0.0761391576339978 0.28086555567722 0.195594030954589
v -0.0758390033735334 0.280738743568789 0.23579439893792
v -0.0758290326198237 0.280734531027216 0.237129805497136
v -0.0758139693949402 -0.331885644839251 0.23039024022759
v -0.0757278773724739 0.280691793968693 0.250677766337728
v -0.0756656064903501 -0.331849820054951 0.224087312380068
v -0.0755652284121129 0.331936460927628 0.196778503168723
v -0.0749540653235777 -0.281253861340106 0.372232051793093
v -0.0748906839639148 -0.281225630662098 0.23503791338888
v -0.0748774466062599 -0.281219734613423 0.206384569758079
v -0.0748653549136757 -0.281214348855186 0.180211111902906
v -0.0748609267659547 0.280228975103844 0.237026094244725
v -0.0748475966752299 -0.281206439161954 0.141771951933794
v -0.0748441153002264 0.280318413522387 0.369042104925133
v -0.0748322130682896 -0.281199587152839 0.108472876133637
v -0.0748293170081274 -0.281198297219294 0.102204116977385
v -0.0748283184271828 -0.281197852441567 0.100042606826121
v -0.0748272352849744 -0.281197369999425 0.0976980569008952
v -0.0748192922260242 -0.281193832083217 0.0805046559584512
v -0.074809875899711 -0.281189637959304 0.0601222472763667
v -0.0747859541221388 -0.281178982965413 0.00834160261092058
v -0.0747706429822433 -0.281172163233829 -0.0248006123419578
v -0.0747654962728251 -0.281169870839076 -0.0359410859448076
v -0.0746667216089834 -0.331608622057957 0.181651507064526
v -0.0746665109138328 -0.281118491536528 0.14210812708311
v -0.0745367788063826 -0.314279270615978 0.393686966349708
v -0.0741608027390708 0.331661699751488 0.23858771914828
v -0.0741604307583841 0.331694123444253 0.196931248460899
v -0.0740038443811735 0.331630992492394 0.24326030952532
v -0.0735936387400513 0.279377234027975 -0.0184268085467946
v -0.0734700558379594 0.279293292852412 -0.0445227141362622
v -0.073135754791185 -0.331238943692805 0.116611169547602
v -0.0729781417547656 0.279189118240246 0.160685715242672
v -0.0729352763719134 -0.280279189358372 0.0644049913103362
v -0.0728106164120216 -0.331160433418736 0.102798257553267
v -0.0727475558364129 0.278935691262045 -0.0181257925375055
v -0.0727153413241466 0.27891974667963 -0.0169488182083486
v -0.0724270693122796 0.331577820571318 -0.0371596298109953
v -0.0723901546378196 -0.331058905665496 0.0849357046950755
v -0.0723720154902993 0.331562135505408 -0.0292194165167647
v -0.0723646307460325 0.331560031560643 -0.0281543416047504
v -0.0721293800724845 0.331493007652271 0.00577501077064927
v -0.0719808870980609 -0.279816754633111 0.0079535972884717
v -0.0719253640232008 0.278528747179883 0.0119134223912774
v -0.0717025815756553 0.331371410961757 0.0673306117549538
v -0.0716459207415929 0.331355268051332 0.0755025985798777
v -0.0715514389503668 -0.279603973745419 0.235385121910093
v -0.071121916128455 0.3312059769286 0.151077885559291
v -0.0710862715204377 -0.330744060579646 0.0295426046936685
v -0.0708141535946175 0.331118294085627 0.195465360846958
v -0.0707846070383087 0.277964129171375 0.053591585199553
v -0.0707725973591162 -0.279226323971777 0.204061647353214
v -0.0707719836432305 0.331106279688749 0.201547380161441
v -0.0706011689934516 -0.330626924200842 0.0089339071577779
v -0.0705869266323442 -0.279137925023995 0.108863871918653
v -0.0705352087898587 -0.327120211676483 0.384593837632786
v -0.070517589662608 0.331033801771511 0.23823770236348
v -0.0704575254624023 0.331016689227728 0.246900544357464
v -0.0703973404701357 -0.330578361171143 -0.0365522545850263
v -0.0703318414652328 0.277740032716497 0.0701336160777805
v -0.0702027304834913 -0.278950003216692 0.181142724198658
v -0.0701316722042462 0.330864461755715 0.151294394957986
v -0.0698754675683235 0.277506862947506 -0.0466493883785936
v -0.069566950488981 0.330762960664419 0.375344946382784
v -0.069550843853369 -0.330373305065437 -0.0356872438817461
v -0.0695254429567858 -0.330367171580496 -0.0367663547205957
v -0.0694323796799707 -0.278576470511399 0.150160732398241
v -0.0684340080853065 -0.278092373602643 0.110008193557116
v -0.0682771079602508 -0.278016294850073 0.10369797960557
v -0.0681560851584469 0.276754947326564 0.273025617053663
v -0.0680370068948974 -0.277899873084723 0.0940415877331242
v -0.0678146651417619 0.276494155547527 0.16209999105174
v -0.0669196555866915 0.276051170302403 0.194799640885321
v -0.0668717482791489 -0.277514258557061 0.201929647212093
v -0.066212041969816 -0.277015682957767 -0.0176014365102918
v -0.0659225381681023 0.275582051756083 0.264033530637829
v -0.0658945606928608 -0.276861029843262 0.00787662190070544
v -0.0658495941333878 0.275521543068253 0.23389490486906
v -0.0653338279492144 -0.329027976795343 0.115428107387553
v -0.0652845715327888 -0.276565254334079 -0.0166559404972635
v -0.0652774292622424 0.275224143746275 -0.0053641984381701
v -0.0652240925624653 -0.328885400241246 0.227984758099108
v -0.0649755751149899 0.27508894709549 0.265827654287868
v -0.0648051256398204 -0.276332777492848 -0.0359383098500373
v -0.0648008757747493 -0.276330914871196 -0.0359383680039918
v -0.0645863070929489 0.274896278772358 0.280049768387142
v -0.0645827526261803 0.328891035068373 0.00912292584243739
v -0.0642869878962844 -0.328661384943837 0.1858865397651
v -0.064057530709757 -0.328658333314784 0.123269750840915
v -0.0637932288015735 -0.276204714735934 0.236135101908052
v -0.0632863926515124 0.274234191663135 -0.0148098920712364
v -0.0623281492229696 0.328199007854596 0.215006470248945
v -0.0620757947426696 0.32805175976245 0.0704764805277715
v -0.0620227209105398 0.273627431029921 0.373711752226401
v -0.0618708087269558 0.328058270563376 0.255901772279455
v -0.0618041761579944 0.273514008482769 0.285482040687788
v -0.0617703152712404 0.273496435020219 0.271811905688198
v -0.0616788501209401 0.273439926089676 0.0693430392422403
v -0.0616728419274016 0.273445847326811 0.23246049180415
v -0.0615783751106155 0.273396819990962 0.194322856844119
v -0.061502866544688 0.273357631798248 0.163838944909019
v -0.0613476530123567 0.273348060206314 0.373736786670108
v -0.0613312037882809 0.273616519169335 0.37412694840414
v -0.0612693516470098 0.273236439895061 0.0695655669297059
v -0.0612679872604119 0.273235731792023 0.0690147441139676
v -0.0610642764355623 0.273130007905415 -0.0132262939545786
v -0.0610163786766249 0.273105149446183 -0.032563319461589
v -0.0610017311535167 0.273181162662724 0.27316989374967
v -0.0609871653900153 0.27308998804176 -0.0443571503389682
v -0.0609260113270763 0.281767288433932 0.387988866492232
v -0.0606682174316423 0.327635638435147 0.237237703203955
v -0.0605303987331979 0.273009638903807 0.355315350982384
v -0.0604579994380595 0.272979468482913 0.353682898653514
v -0.060383755392284 0.272948931435447 0.353507624889336
v -0.060365612258518 -0.327515487703736 0.220261085231863
v -0.0596854975570152 -0.299405388528478 0.394721369188443
v -0.0595274885211515 0.272490645732988 -0.0439564905378951
v -0.059459656447755 0.327145479548269 0.0613796180975201
v -0.0594468229529555 0.32720639821867 0.218281811033872
v -0.0594393793119725 0.327098998436514 -0.0334305929526287
v -0.0594352534873097 -0.327425446104071 0.0448054858512695
v -0.0594059266652905 0.294970464846704 0.391963118328761
v -0.0592424065279739 0.296530609683016 0.392777201284239
v -0.0590492054983982 0.326967918960918 -0.0249807755289917
v -0.058996795316594 0.326950311682039 -0.0238457519780064
v -0.0589719544717339 -0.327377565199069 -0.0394957428744182
v -0.0589608970432919 0.326956350801538 0.0203897387479442
v -0.0588491670139055 -0.327327995709577 -0.0245962550518543
v -0.0585860839816807 -0.327221788676447 0.00732722071907183
v -0.0582568621611724 -0.327088881310653 0.0472762235923544
v -0.0579310323259027 -0.326957343294626 0.0868136303331567
v -0.0579186974086815 0.298171908820653 0.393727268643027
v -0.0577750424474127 -0.326894369935787 0.105742023640678
v -0.0577243452317912 0.271847690918888 0.319617716174344
v -0.0576879399493607 -0.326859206520579 0.116311365428462
v -0.0576466061038429 0.27181580528878 0.319765784595424
v -0.0575387387410182 -0.326798973758536 0.134415996195548
v -0.0575344472673634 0.326418490237989 -0.0233670709936596
v -0.0575031727134768 0.326523332375399 0.188116598239124
v -0.0574599921379183 0.271738550765245 0.317465325990029
v -0.0571606000460701 0.326333439137601 0.0159198966900514
v -0.0571019266649395 -0.32662263203766 0.187420401721906
v -0.0570242146300572 0.271468995183237 -0.020190935748558
v -0.0568825991223445 0.271413475618129 -0.0103583512642546
v -0.0568452688636604 -0.32651901888035 0.21856421601986
v -0.0567625514321083 -0.326485625723372 0.228601457493234
v -0.0565214595651864 0.299904290869285 0.394751063243576
v -0.0562112390075807 -0.326258919934819 0.228652466479102
v -0.0557911055669543 0.271047664441518 0.296892350893668
v -0.0557484214068446 0.3259066521432 0.160883073661874
v -0.0557435458535273 -0.272616495755544 0.184078361329151
v -0.0556334028869037 -0.326029786682993 0.365616550864277
v -0.0555972487134699 0.325759215380659 0.186994433178023
v -0.0550958223209235 0.270759942270835 0.298213322027633
v -0.0550928053795092 0.325573833688814 0.0107519806880052
v -0.054694331854356 0.302176167333418 0.394529259858135
v -0.0546875423594392 0.32550261171299 0.0694777860284466
v -0.0546716165147513 0.325497261401674 0.0698226848280266
v -0.0546564167965534 -0.272204659095484 0.23981111488883
v -0.0544987870775103 0.270489235016377 0.193615927070305
v -0.0544940141214703 0.325432575563737 0.0698069335845833
v -0.0541621116775003 0.270373292905886 0.276811147471614
v -0.0534720704407617 -0.271793862431374 0.333193188683521
v -0.0533895819846889 -0.271638853733011 0.230667756204373
v -0.0531874798351554 0.269885520201474 -0.0493812145611859
v -0.0529234760648347 -0.324904435837708 0.188276340880683
v -0.0526717332102824 0.32482539761768 0.113133251051157
v -0.052599717936029 0.324290794618137 0.265693331174749
v -0.0524920609102187 -0.279752519949821 0.391139965332583
v -0.0524544482094826 -0.27116540891002 0.175797085708606
v -0.0517102057320972 -0.270594754399226 -0.0350909916132142
v -0.0515517311499088 0.324363331527341 0.0713814912615419
v -0.051445351220352 0.324319443609738 0.0674158295699831
v -0.051247139082553 0.269167577521389 0.331942565695442
v -0.0505371836659261 0.268830578142793 0.0753401826582546
v -0.0504013364120435 -0.323854670527048 -0.0154745489879028
v -0.0502590923289036 0.268757519409891 0.228697200570528
v -0.0498031749603323 0.323137757905321 0.273659099570935
v -0.0496684747980914 -0.269739542924879 -0.000930945518302332
v -0.0493891934436159 0.268393293561067 0.202674545150578
v -0.049198591607347 0.323392524394996 -0.0163395231977644
v -0.0491571051793588 -0.269525347627012 0.00762474096148792
v -0.049126980947551 -0.32334592801063 0.231465482672695
v -0.0490562440941088 0.323333797754002 -0.021645994846031
v -0.0490531722512569 0.32333253043989 -0.0217605078897115
v -0.0488208702260525 0.323236692322835 -0.0304203297758804
v -0.0487823375063902 0.322624602155387 0.304404933095556
v -0.0486758352187726 0.315309048572779 0.388610853009733
v -0.0486262821796771 -0.323135016243591 0.150475479967806
v -0.0484216712632475 -0.269557841028318 0.313678286142785
v -0.0482789407733669 -0.322996116701556 0.213980373914518
v -0.0482591138704728 0.267929567535439 0.204042734692245
v -0.0481234377073164 0.310360253422424 0.390427035250966
v -0.0481009181736002 0.322936125592532 -0.0214430892626758
v -0.0474024018563826 0.267574905556485 0.193481732382512
v -0.0471045917764467 -0.322511705028113 0.189767346564769
v -0.0469938219616039 0.322476138511829 -0.0299208246882018
v -0.046796998748315 0.298477008926546 0.394788124559764
v -0.0465188151397743 0.267209117977538 0.182589435786371
v -0.0459014273341344 0.321541339888223 0.281060498318126
v -0.0456109098124447 -0.268178736212242 0.186657068894434
v -0.0454306588607562 -0.321821218088501 0.155253770468095
v -0.0454153694816234 -0.321810821381826 0.0889012075014431
v -0.0453656963151652 0.266731749389753 0.168374518323091
v -0.0449918014967075 0.31426349317115 0.387806142361852
v -0.0447738792779091 0.321237761049455 0.235595080618419
v -0.0447336820238659 -0.267672526486154 0.0816326997832079
v -0.0441487526109879 -0.321289324220971 0.0785193544077354
v -0.0436106990020393 -0.321070495941106 0.117729373589377
v -0.0425953552628384 -0.266776854313354 0.117408883366502
v -0.0425111840325385 0.319957781279125 0.34676212633569
v -0.0424282434976327 -0.320582740383633 0.0933492041992336
v -0.042291390962441 -0.320526289562148 0.0905275436995265
v -0.0422230973308199 -0.266620928157964 0.123637102719577
v -0.0421281814263555 -0.32045896664136 0.0871624478282463
v -0.0419767589778835 0.3200845074596 0.243556109033958
v -0.0418809291053483 -0.320385363583494 0.160547901914918
v -0.0417881925471958 0.318286596080495 0.377873785616421
v -0.041529638655935 -0.266344683126114 0.0799366135886384
v -0.0413806266584017 0.319571031173788 0.326027516388925
v -0.0412518462517403 -0.266248148662488 0.00749626505834288
v -0.0412235136489396 -0.2664583215143 0.361258282328128
v -0.0412170233041305 0.319341261530045 0.375471407768129
v -0.0410956455710608 -0.266350256064705 0.316381208512281
v -0.041072616533874 0.264955740386606 0.22566376990766
v -0.0409274296204218 0.264865554865453 0.00617448951257771
v -0.0396424941122607 -0.31943170539469 0.00473895230559184
v -0.0385793949629124 0.26392235366776 0.0847172997047777
v -0.0384919578586207 -0.265058081048255 0.186062515507346
v -0.0384168746976789 -0.319009479720783 0.235704936305638
v -0.0383574048625275 0.318861198074335 0.172702195107031
v -0.0381599232906845 0.263740980627932 0.0507727107737698
v -0.0381293783213693 -0.318809485176367 0.0047141047877899
v -0.038115412235156 -0.26490035892511 0.192362471902263
v -0.0377810463734793 0.263592930550074 0.17050470672629
v -0.037763359108598 -0.318658504522544 -0.00283257276088511
v -0.0377083155363276 -0.264932507203281 0.373993043766146
v -0.0370869663943983 -0.318377684034661 -0.0460468794934545
v -0.0369231425474014 0.263239195841884 0.286007877656074
v -0.0363577676026497 0.27322244844391 0.389121335261007
v -0.0361774305114113 -0.264115354715849 0.12076135734481
v -0.0361132160255427 -0.264123730620419 0.279362082302071
v -0.0356714718198081 -0.317795613997774 -0.0459636387973843
v -0.0356465965298653 -0.266808292393708 0.380036351143975
v -0.0355635580951177 0.262673856326598 0.0475399757000716
v -0.0354573689717577 -0.263829439334238 0.0717790466842579
v -0.0354129321399329 0.317635369755747 0.174710357158816
v -0.0354122034798432 0.317634052216359 0.184958623221308
v -0.035369231231915 0.262567392771859 -0.0518214070472677
v -0.0350031230292014 -0.2635967270919 0.2444339476121
v -0.0346534348435862 -0.317429995065766 0.0832144507960836
v -0.0346189309995733 0.317157704924006 0.232261343764147
v -0.034570216347627 -0.317440944990708 0.20667901473665
v -0.0338486255467165 -0.263189721263713 -0.0340274054937208
v -0.0330886478886742 0.261651606576052 0.222440472269177
v -0.0330661840269315 -0.316791472463083 0.095300831737776
v -0.0329401614366384 0.261587821538742 0.0152004056766893
v -0.0328971930540197 -0.268994900644899 0.388257419769636
v -0.0328150093031734 -0.3167252320375 0.19343466148938
v -0.0324530582683433 -0.262534210179761 0.291945173573192
v -0.0321926668222874 -0.262419522810831 0.291455478205043
v -0.0314993082528247 0.316018511431804 0.0516581968239087
v -0.0311425298881634 -0.315688294782179 0.350177019682508
v -0.030935137165272 0.260757780796653 -0.00951626178297754
v -0.0308664392573886 -0.314949346284709 0.370690374360337
v -0.030766163612491 -0.315889783362326 0.177974584478927
v -0.0307104484825564 -0.31546747227044 0.36821333369551
v -0.0305595546705853 -0.275681431141764 0.392763027819466
v -0.0303370830911184 -0.315653275678299 0.00458370361362589
v -0.0303101570000926 0.260499450133638 0.0181781258501239
v -0.0302172718747265 -0.313693095977244 0.374945123619418
v -0.0301796677923666 -0.261657953736846 0.00778248095846485
v -0.0301625561854486 0.260441438201206 0.290755943310976
v -0.0300712554482555 -0.261581610194329 0.129888537257451
v -0.0299314675144813 0.260343558961858 0.0915051711625875
v -0.0298124974109968 0.315303243206072 0.184403274388673
v -0.0298094664733379 0.260292493620538 0.0403649380158968
v -0.0293550371727088 0.260036284423864 -0.0526501185245524
v -0.0291943524197467 0.260039337734232 0.164950493194061
v -0.0289527638890936 -0.309794288526193 0.384792968930498
v -0.0289208080165454 -0.282961266710894 0.394587502956324
v -0.0288580629281446 -0.31086755355455 0.384063404004312
v -0.0287759120277341 0.259865281974361 0.086164243419854
v -0.028667203296502 0.259820348070568 0.0909813910824187
v -0.0286346244580493 0.259806881862508 0.0924250384667923
v -0.0285192955916059 -0.260898430740657 0.284635939744355
v -0.0284163452131959 0.259716657843912 0.102097521460707
v -0.0283256584819512 -0.260828094248828 0.245987920892393
v -0.027920942854505 0.259404991632098 -0.0528500329026578
v -0.027901183089857 -0.299806021459373 0.391063493599265
v -0.0276606106903128 -0.291948409591005 0.394246539770012
v -0.0275199360213368 -0.293144069301138 0.394109450235864
v -0.0274398722385169 -0.295137589102576 0.393887125031203
v -0.0272298213783336 -0.260340756065227 0.374488470605646
v -0.0271655677668368 0.259199658769375 0.157522505119614
v -0.0267878609054432 0.25904353659244 0.174259612653444
v -0.0263628142491438 0.258867846881547 0.193094461369532
v -0.0262906155955559 0.313859488852446 -0.0401203566089331
v -0.0261840963505231 -0.259967974588041 0.138293045835779
v -0.0261433919001451 -0.259916012252214 0.274740913487924
v -0.025849260498466 -0.259801020441347 0.24773604167791
v -0.0258349172929215 0.258649644803621 0.216486856441396
v -0.025821964581928 -0.25979034899704 0.245229941605503
v -0.0258093942463581 0.313655816192707 -0.00611446419938517
v -0.0256607953385245 0.258515619355463 0.121511076942927
v -0.0255605462107698 0.258537456030469 0.33694867559903
v -0.0254180422633007 -0.313492541688963 0.240900438512739
v -0.025351380065197 -0.259606372157315 0.202024508667867
v -0.0251718699879082 0.313394657279242 -0.0486439658743214
v -0.0251662065417894 -0.25953397785103 0.185023307049528
v -0.0251397682005336 0.258362310363369 0.247290599503966
v -0.0251028812364759 -0.313441478067621 0.201569139820742
v -0.0249761296815965 0.31328576390903 0.228388247102211
v -0.0249343993424994 0.313273414986183 0.177651664425955
v -0.0246910676008409 -0.259348220441514 0.141399722083723
v -0.0246800306049655 -0.313403582934599 0.11964990305953
v -0.0246286265769879 0.312994015883949 0.274178305044125
v -0.0245720296992164 -0.259301682112756 0.130470582061435
v -0.0244981534942759 0.258081149630602 0.249319516126576
v -0.0244820982920951 0.25809046765066 0.27643354898252
v -0.0242566214662421 0.257997605859221 0.31635848083995
v -0.0237092539743747 -0.258964376600984 0.0512571838416701
v -0.0236046877228482 0.257574728588855 0.0620030203553479
v -0.0234877754015844 0.266746864398979 0.389172912188535
v -0.0233052250729149 -0.258806419936866 0.0141623730558226
v -0.0231635019654618 -0.258751012739013 0.00115045277992014
v -0.0231411231865099 -0.312780554614154 0.120437937024415
v -0.0229452588929693 0.257455227105371 0.344534631897684
v -0.0228571264020374 -0.31266475051118 0.118294968337884
v -0.0228111821178428 -0.3126433472084 0.110569659818247
v -0.0227890855590815 -0.258604633194557 -0.0332255675978602
v -0.0225519532489299 -0.312522584548409 0.0669815829843553
v -0.0225143150047919 -0.312514372057266 0.120761898241799
v -0.0224280744908212 0.272386552505341 0.390742475604845
v -0.0223340780892805 -0.312441416811313 0.111285016951792
v -0.022253535678608 0.257169308725006 0.375186565992004
v -0.0221853055792375 0.257122115773937 0.346782750023432
v -0.0221820842221282 -0.312350279790407 0.00478990029747475
v -0.0220010084167829 0.256994642312076 0.270060852588436
v -0.0219566770367689 0.256963979471671 0.251605942348438
v -0.0218849506722207 -0.312211859104432 -0.0451716647766934
v -0.0218643952670075 0.256900150617763 0.213189547975023
v -0.0218159685951483 0.256866655172548 0.193029790211965
v -0.0217749771807709 0.256838302497837 0.175965289339077
v -0.0216816527693783 0.25677375247635 0.137114848975897
v -0.0216735799104024 0.256768168693795 0.133754162082461
v -0.0216507785823969 0.256752397619638 0.124262094351616
v -0.0215863932945986 0.256707864022814 0.0974588523429273
v -0.0215636663652187 0.256692144408215 0.0879977563516816
v -0.0214913929507828 0.274118851267171 0.391305015773759
v -0.0214389200154425 0.256605860664892 0.0360665354611737
v -0.021423774735286 0.256595385076084 0.0297616384388228
v -0.0214204704520976 0.256593099590993 0.0283860834790835
v -0.0212250249213569 0.256487021059256 0.135236888379063
v -0.0212236222162511 0.256456944884376 -0.0535607569374001
v -0.0210648428662104 -0.311713113585823 0.21012466359537
v -0.0210283555983764 0.256356307782559 0.0877513121364563
v -0.0210257467709947 0.256356237469958 0.0978791153378702
v -0.0209623348402132 0.256331175849331 0.193043076953159
v -0.020903419807956 0.256268856828755 0.0290407736250594
v -0.0207871338619096 -0.257267037338141 0.251397129051288
v -0.0207414712294453 0.256203977400818 0.266428146678378
v -0.0203676120890591 -0.257200077271696 0.130954465390458
v -0.0200882414813804 0.256693968720335 0.376154603872443
v -0.0200491470145761 0.255729265462372 0.00505573521302105
v -0.0199276389824244 0.255710286236119 0.37521324644837
v -0.0198736549090302 -0.311119365973474 0.252677339237522
v -0.0198146963337097 -0.256790551502539 0.243411149154548
v -0.019367567956746 -0.256950107831843 -0.0329244351732055
v -0.0193269806438595 -0.310730639146959 0.327666786990707
v -0.0189016899265856 -0.25669476643439 -0.00305488321948179
v -0.0187108273024232 -0.310743429150446 0.197036811827886
v -0.0186564172237947 -0.256539007350043 -0.0328467342388744
v -0.0186350897400545 -0.310862004864744 0.0617107656381307
v -0.0185609742445779 -0.256508024813738 0.0187899433366744
v -0.0184364869406648 0.310591162133517 -0.0495694637464602
v -0.0182067648134615 -0.256313887453148 0.0414999153042025
v -0.0180470977593185 -0.256200283309658 -0.00394817104158288
v -0.0177136170683136 0.2543029970707 0.255963231838703
v -0.0175700621349675 -0.256045543153864 -0.0327582855113549
v -0.0175509776449824 -0.310156354495385 0.242739206536628
v -0.0175454277650624 -0.255921402201634 0.0198448355475964
v -0.017541573305056 0.310126411194392 0.277937256612605
v -0.0174055481533241 -0.255943002093855 -0.00454940473047186
v -0.0172936286188981 0.254019701648673 0.12767962486911
v -0.0172619437275172 -0.255853493895845 0.020074156663675
v -0.0171479871264358 -0.255782465096024 0.0396140653205945
v -0.0171299593402144 -0.255690441019985 0.0395495081076162
v -0.0168068247756535 -0.255546599402494 0.131256415899442
v -0.0166134300726613 -0.255449277324493 0.13127348569247
v -0.0164980882657845 -0.255377385130149 0.151050912794622
v -0.0164441695619918 -0.255336954024662 0.131290845177609
v -0.0163937230055241 -0.259934464550367 0.385829640990486
v -0.0163098225604071 0.253439536553496 0.366764893500483
v -0.016306387068675 -0.25522358371221 0.0380616794777038
v -0.0163011035114493 -0.255229675507666 0.0788601553878669
v -0.0161440333130649 0.3096230770691 0.0904458283600002
v -0.0161002601467256 0.284297556152748 0.394837897884222
v -0.0158463939645571 -0.254940262986705 0.131352153491987
v -0.0157980635848483 -0.254909501774133 0.13693144738935
v -0.0157597651480751 -0.25487600483882 0.149051773179365
v -0.015523093397507 -0.254725716862599 0.131385311441037
v -0.0154321641268642 -0.254697836154716 0.161257742907916
v -0.014849805366149 0.252461301819121 -0.0365585610182926
v -0.0148214486338695 -0.25436569318597 0.184012173869996
v -0.0147043932289585 0.309032244505547 0.00542622075958018
v -0.0144032476653556 -0.309055072455733 0.00499514971175344
v -0.0142112721961608 -0.308942870799956 0.0557476299782615
v -0.0141046952901434 -0.253975880603558 0.210717431332319
v -0.0140424756517444 -0.253843482467051 0.183905132498619
v -0.0137525071949873 0.251770212032363 -0.0543970406362466
v -0.0135350774206085 0.251674042855278 0.205709767507273
v -0.013461911829222 -0.253626297189645 0.234666671285905
v -0.0133664567202759 0.251530082784203 -0.0412129891937115
v -0.0132819235598695 0.251511075121198 0.178775308671286
v -0.0132363076530616 -0.253503600382882 0.243072376905103
v -0.0131836927218258 -0.253474985291794 0.245032737881882
v -0.0128197061814697 -0.253277028024484 0.25859438270449
v -0.012636330119335 -0.308218662420824 0.125891547393805
v -0.012399456956106 -0.307851457655897 0.301338087906535
v -0.0123403507662542 0.3080447699797 0.0402624664385052
v -0.012296352892681 0.308009107148128 0.21556219435248
v -0.0122553480915909 -0.308132730354746 -0.0445791735858866
v -0.012166934843221 0.307948692399305 0.281693592081785
v -0.0119897032602249 -0.307897621112233 0.196498818450381
v -0.011382008964941 -0.252495123803726 0.312161031058962
v -0.0112735493525113 0.250228262670999 0.0302621162875069
v -0.0111137545920005 -0.307513375408926 0.202802296051479
v -0.0110327702880458 -0.252027200273106 0.243010530366349
v -0.0109133086315753 -0.251846591101794 0.213282935492583
v -0.0107128319027283 -0.307479320873677 -0.0444642108473737
v -0.0103820685124536 -0.251289552335707 0.0276910775247753
v -0.0103787972922481 -0.251287365913528 0.0276250971646781
v -0.0103577780769204 -0.251273043035839 0.0276484133778636
v -0.010134169062632 0.307121018588868 0.095166286477316
v -0.00984346258436261 0.307005993111737 0.0104790813503986
v -0.00976308376349151 -0.250943402940491 0.174082119265104
v -0.00964225024594243 0.249213569894677 0.0859727882022213
v -0.00946796159247002 -0.250603368341288 0.132015609150735
v -0.00932182524112174 -0.306738332396101 0.196278374443579
v -0.0091282297946693 0.248902390294674 0.158808709801691
v -0.00911739245309735 0.248905680024726 0.224042476764754
v -0.00899124106592458 0.248793390371991 -0.0549296854870215
v -0.00897753183633293 0.306640100613258 0.089816562130367
v -0.00894622814659438 0.306635904157183 -0.0508739277299393
v -0.00888090041396634 0.30659848049263 0.103937756960491
v -0.00884455448586411 0.248717391038087 0.113214982229382
v -0.00877104495804099 -0.287549983629663 0.393966466290021
v -0.00865609789606257 0.306505835754328 0.0945531740523007
v -0.00853758877020694 0.306456333791183 0.096299510291447
v -0.00853227388159354 -0.306480524702006 0.0457841863080582
v -0.00839549078024882 -0.306330892605199 0.204870182009612
v -0.00837515372805849 0.248425416650173 0.129245538188939
v -0.00828763439690198 -0.249889671889165 -0.0145535616193805
v -0.00797796009702043 0.306222573582801 0.104546131177349
v -0.00783026495814433 -0.249578633035547 -0.0150598881175168
v -0.00779495662060425 0.306146131947782 0.107242848417038
v -0.00778359529608372 -0.249512350592999 0.0412719682313777
v -0.00770185495517334 0.292779741234946 0.389894779059722
v -0.0075871590025167 -0.305826659435033 0.294850836896053
v -0.00753717808048458 0.306027540363428 0.221340865145412
v -0.00744953947775861 -0.249329504977758 -0.0314578973370203
v -0.00728985111987384 -0.249590285978516 0.263858713295715
v -0.00718348878754099 -0.271342390306527 0.394492917473258
v -0.00695014812875528 -0.248989509479032 -0.0313917976780929
v -0.00686851130207233 0.247488262219086 0.18069904634628
v -0.00667086982183053 0.247365326221944 0.187448721876753
v -0.0063967781935308 0.305556549054236 0.183981225703664
v -0.00638617587108953 0.247188242268354 0.197171335726027
v -0.00616112809422059 -0.302016527059224 0.383774535434973
v -0.00604794915072505 -0.305291197277706 0.239256705184067
v -0.0050251796594921 0.304981148952943 0.229204166369941
v -0.00471517868908922 -0.247762642435028 0.233468232137237
v -0.00425598437910397 -0.304505129795728 0.252151992556061
v -0.00411821024762437 0.245777533266056 0.274624874598168
v -0.00393942442215149 0.304535653333453 0.164057507632024
v -0.00379433364814213 0.304481361218725 0.0658367644640102
v -0.00373111484620566 -0.247058704324672 0.220257942482942
v -0.00359584410039356 -0.246968077421796 0.220256020625957
v -0.00355422493810173 -0.246938533860317 0.219764763426657
v -0.00319718741611608 -0.246563353066255 0.179569774337956
v -0.00276960148991512 0.304056241406645 0.0345682484599731
v -0.00275291729508601 0.304040042285345 0.181541734091715
v -0.00265047712410931 0.244852244845124 0.192715081714557
v -0.00203074026406365 0.244441335337412 -0.0582320637223974
v -0.00201986695233674 0.244435047053494 -0.0527759179064605
v -0.00199369443828314 0.244419910892281 -0.0396427477525452
v -0.00185200594570088 0.244337969208675 0.0314554691831185
v -0.00174581825027045 0.244276558444941 0.0847396538618988
v -0.00167108803248384 0.244233340257281 0.122238713517411
v -0.00165477724553682 0.244223907357552 0.130423343388306
v -0.00155140478532985 0.244164124708492 0.182294864265007
v -0.00153494591207884 0.244154606167079 0.190553802726345
v -0.0015315806945346 0.244152659985097 0.192242443508921
v -0.00152770784450644 0.244150420227684 0.194185810443263
v -0.00145766300315902 -0.245450279339818 0.195017721737147
v -0.00135986873615276 0.244053355047141 0.278406209140011
v -0.00116651739060325 0.243941535558536 0.375428456043377
v -0.00103192623295617 0.264755651705849 -0.0551694479601262
v -0.000447379480079281 0.303077005497043 0.215515862311793
v -0.000237083502150931 -0.244583845141176 0.180610452725257
v -0.000226568978549978 -0.302737576957683 0.28114836031628
v 9.03551692424888e-05 -0.244308764042657 0.209448838226444
v 0.000241323822301128 -0.302606354894814 0.153940870344686
v 0.000362912682036852 0.242734120423017 0.280981827831861
v 0.000832904786818193 0.302542223182703 0.234381977436257
v 0.00106766563569741 -0.243657662723115 0.165209676449327
v 0.00150316717807602 0.241743217503249 -0.0315899324409012
v 0.00151040916195499 0.241855684566732 0.283416448630307
v 0.00169029267093372 -0.243089209367051 -0.00132980850189993
v 0.00191159463453944 0.241510737635939 0.183293292032252
v 0.00196123569337866 0.298527571963995 0.378524300492072
v 0.0027685590403701 0.275581661802105 0.394868492791118
v 0.00313179958133728 -0.242089721880345 0.0283731619078885
v 0.00376428775667969 -0.241743452608573 0.133379746249518
v 0.00384973418237825 -0.241568394059209 0.220100133860989
v 0.00387790549263438 0.240010940427331 0.20204025632473
v 0.00395342987501763 0.300372482690387 0.377114940321013
v 0.00410763194337401 0.301182137528254 0.158845818364377
v 0.00412059059803711 -0.241300465821461 0.274921394620223
v 0.00423770480709998 0.239730586169493 0.189673141822396
v 0.00440242229380428 0.239602238930126 0.18401143003833
v 0.00485599542173486 0.300861754417939 0.293665757637995
v 0.00492986098981559 0.300749473799604 0.375677256583159
v 0.00493705269424213 0.239185656954825 0.165634976518778
v 0.00521835524993616 -0.300437509157302 0.164372517136768
v 0.00527161826108877 -0.300532057183961 -0.0432332725546079
v 0.00527259110683499 -0.240649346892585 0.133542745006392
v 0.00546027680617578 0.300609875918976 0.294090867312749
v 0.00552117480439549 -0.300245814132005 0.270375512178565
v 0.00554328504091303 0.238708429322798 0.131842086052759
v 0.00572245460533636 0.238566374205791 0.161005077206788
v 0.00580567783146164 0.300404117620352 0.373419454444381
v 0.00591263938134945 0.238425483517512 0.132101860191614
v 0.00593151626852672 0.238410774718795 0.131453018974349
v 0.00632642617737084 0.238071106566184 0.0325835607955283
v 0.00639805493144775 0.300228065788881 0.150447019832609
v 0.0065524699082892 -0.239704399941253 0.146362778882601
v 0.00663117674056008 -0.299913552654132 0.00556384522135373
v 0.00696305227199181 -0.239514260578756 -0.0248704735529605
v 0.00698894498101395 -0.239494674372937 -0.0216712779529038
v 0.00704551942175775 -0.239451879366838 -0.014681174995796
v 0.00733247490622697 0.237319153074888 0.0832989086442432
v 0.00737376410526434 0.237286519588392 0.0832923381455109
v 0.00740677434738467 -0.23917861273721 0.0299539834024984
v 0.00743903348569975 0.237174758893356 0.267632465590493
v 0.00761928780740635 0.299715405444696 0.208886624254566
v 0.00767767836693718 0.237005706431436 0.207658492976159
v 0.00777532196390645 -0.238899829645603 0.0754901964028221
v 0.00781450608113918 -0.299254644723496 0.260721999613836
v 0.0078532240488276 -0.238840901618115 0.0851154545054727
v 0.00803249234307939 0.236717815272185 0.230453706814182
v 0.00811124785109685 -0.23861641841103 0.0762708493277772
v 0.00817708581330645 0.299477998834571 0.287228179532847
v 0.00818169612417214 -0.237954573297518 0.380270180369784
v 0.00819577540008059 -0.238550543868322 0.117263666796284
v 0.00832471831575214 -0.238494142935978 0.381229314055473
v 0.00837110639354087 0.299391324341956 0.36716245934036
v 0.00838535524371688 -0.238389849780843 0.135055606711234
v 0.0084772130153382 -0.238311988123688 0.143676396358804
v 0.00878617658658242 0.236186434252678 0.0333319008974563
v 0.00883770822306745 0.299223881234416 -0.050036020567998
v 0.00890571550317022 -0.237948775374147 0.183891064599276
v 0.00898158393990982 -0.237645135933773 0.374538505484683
v 0.00901612747151952 -0.240013628654661 0.38223442485656
v 0.00905612629792353 -0.237821282255964 0.198007015807385
v 0.00908932736272558 0.299114761135713 0.0175337798539234
v 0.0091504679146464 0.299088246208949 0.0339524628547045
v 0.00921950070387621 -0.237682800756146 0.213339593145762
v 0.00928946661105706 -0.237623495360628 0.219905846143865
v 0.00932507090903878 0.250236959752707 0.38930441077608
v 0.00934831648970625 0.299002444882119 0.0870827165735542
v 0.00943013549923839 0.2989669622936 0.109054392306638
v 0.00943500653493734 -0.237464735534711 0.03089471423425
v 0.00945710952557552 0.298955264421887 0.116297996980957
v 0.00956439094982986 0.298908739504826 0.145107349225362
v 0.00960596524132228 0.29889070991138 0.15627170891057
v 0.00961902285472264 -0.237344152689839 0.250834476389725
v 0.00963232745541915 0.298866652263618 0.364049212586263
v 0.00966911204685429 0.298863324929213 0.173229151229451
v 0.00979682093526779 0.298807941199153 0.207524094427851
v 0.00990296597848552 -0.237103473194098 0.277482346228379
v 0.00992677852007648 0.298751582273116 0.24242290252635
v 0.0100721660304325 0.298688531825118 0.281465262626402
v 0.010195785451895 0.298634921581121 0.314662020424082
v 0.010232456744115 -0.236751836869561 -0.0229970077347436
v 0.0102422746700348 0.235051848162286 -0.0167174766324361
v 0.0103728858225869 0.298558118163239 0.362220551617546
v 0.0104230876898557 0.298536347034386 0.375701760387136
v 0.0106292331687571 0.298405847706028 0.361524395223715
v 0.0107789753792372 -0.236360938921588 0.359695235131312
v 0.0108200921545242 -0.236316314614418 0.307598523228382
v 0.0109891414589533 0.234348220320519 0.330367654699561
v 0.0110031176939954 -0.236170948551068 0.380730839550454
v 0.011013847204271 -0.236109691240361 0.0830607965681205
v 0.0110160411480148 -0.236089220108089 -0.0233003902559505
v 0.0110594428668295 0.298125754722323 0.318823703659789
v 0.011165842899937 0.234332207309048 -0.0484626011802213
v 0.0111665381642222 -0.245235566763053 0.387014842361162
v 0.0111697783749226 -0.29781162553734 0.234044050172915
v 0.0112170563257461 -0.235981756471094 0.355856742702885
v 0.0112318512090503 0.298024363474921 0.320080187682368
v 0.0112895481003258 -0.235919084827363 0.355644466602192
v 0.0113710121875764 0.297889507850044 0.359404784941797
v 0.0114506884592279 -0.23573490579043 0.0982658885732332
v 0.0116483776432695 0.23395621807169 -0.0650484093855828
v 0.0118035742345712 -0.235467091835728 0.310624625747861
v 0.011812358711169 0.233764398620022 0.125527676480462
v 0.0118825827314949 0.297612421252986 0.275327043125376
v 0.0119240955779289 -0.235361115117987 0.30006903073813
v 0.0119998086638994 0.233596435528293 0.186186388755108
v 0.0121527795296649 0.23349173028544 0.136539463694967
v 0.0121698091682654 -0.235145054467793 0.278548749966928
v 0.0123102168970689 -0.235021591271736 0.266251449918688
v 0.0123260352246478 0.297331695947616 0.244829222064436
v 0.0123877635934961 -0.297408765684373 0.0109857871822672
v 0.0124358472836358 -0.234921778424469 0.266944728982996
v 0.01249782717811 -0.297155863407864 0.372715308324299
v 0.0126149663531309 -0.297166041678747 0.264965931709286
v 0.0126237567355218 -0.297166805478672 0.256880180527777
v 0.0126486801113928 -0.297168971081007 0.233954645899714
v 0.0126507380726602 -0.297169149898104 0.232061649439545
v 0.0126590945934438 -0.297169875999617 0.224374981807358
v 0.0126642018835848 -0.23469321274369 0.137262756516812
v 0.0126977666219208 -0.297173236228006 0.18880287742725
v 0.012718218616704 -0.297175013310208 0.169990300951218
v 0.0127631777015483 -0.297178919823499 0.128635106463198
v 0.0128333961965608 0.232897826823387 0.307897853427551
v 0.0128415644398679 -0.234554367234927 0.219714551847804
v 0.0128884968623387 -0.297189808856695 0.013361446300649
v 0.0128910892495834 -0.297190034110284 0.0109768630943412
v 0.0128923155152285 -0.297190140661008 0.00984889408822329
v 0.0128998891325096 0.296968420701654 0.205363227245788
v 0.0129035014377718 -0.297191112610398 -0.000440372339421817
v 0.0129064783212655 0.296841745434485 0.333006634099563
v 0.0129473027910554 -0.29719491852792 -0.0407306382591287
v 0.0129735260289985 -0.234438330890705 0.208156988242085
v 0.0131510091092462 -0.234282266630425 0.192612525626741
v 0.0131806334312236 -0.234337297758531 0.279011206966602
v 0.0132116297106604 0.28973205528357 0.387277141774098
v 0.0132319954442717 -0.23421105380016 0.185519516786681
v 0.0133982802471647 0.296652916786318 0.171087079816678
v 0.01341740419124 0.232558241764845 -0.0659370156510387
v 0.0134263634984314 0.232545212653742 -0.0477160503892522
v 0.0135045238081891 0.296585659849955 0.163780328444139
v 0.0136399405231127 0.232332550009965 0.0866174508810554
v 0.0137742186319856 -0.23373426660118 0.138030099435869
v 0.0137881900719094 -0.233721981247367 0.136806441804532
v 0.0138283392180573 -0.233827191496438 0.287517471746451
v 0.0138946726955178 0.296338678116339 0.136948387849383
v 0.0141427588596801 0.296181628454272 0.119886611088312
v 0.01424821528053 0.296114869812922 0.11263399417338
v 0.0143275232623528 0.231792420130529 0.0763656298282719
v 0.0146546861303777 0.29585755554542 0.0846795335794025
v 0.0148055365150827 0.29572341844033 0.00892765409282351
v 0.0149140299264655 0.295269471757618 0.349067093437934
v 0.0149674815513181 -0.232685007739063 0.0335208086688087
v 0.0150955952273809 -0.252263998331319 0.394032899668833
v 0.0151606633691114 -0.295257718019063 0.26745129750821
v 0.0154006127498759 0.295385350560048 0.0333794802088491
v 0.0156364486764307 -0.232096772176625 -0.0250691958132761
v 0.0157156677128177 -0.294878555466027 0.227392430477722
v 0.015873306533389 0.295086114207176 0.000870630560255196
v 0.0163744772034329 0.230105447202875 0.287842179250739
v 0.0163904732592952 0.294563405931542 0.16953845705743
v 0.0166105892130902 0.294619381223149 -0.049834948017031
v 0.016907531203454 0.294332459073991 0.033204861077289
v 0.0174167422136304 0.293764057892578 0.255464952159062
v 0.017424036906682 -0.230860823064178 0.187062892416208
v 0.0176990204000627 0.293571438551788 0.250611948903948
v 0.0179010643783984 -0.230568770675856 0.285124541034549
v 0.0181740418888946 0.228777988869946 -0.00303551900315754
v 0.0184969267580034 0.292968519666091 0.25150090567092
v 0.0188254717418398 -0.292639053681849 0.129496543830068
v 0.0189840316554134 -0.25792161801816 0.39361411381429
v 0.0190044564783477 0.292787661331155 0.116264293733746
v 0.0190176552688352 0.292912772333908 -0.0242028730892256
v 0.0190194130717424 0.292809400870119 0.0826032465542456
v 0.0190287639814817 0.292929492360157 -0.0498035403237063
v 0.0191474816544397 0.227934835975062 0.222847462830791
v 0.0191490979586828 -0.22961467206357 0.333126607339857
v 0.020012661851215 0.29207503100895 0.124713621977785
v 0.0204827010353269 0.226974849116089 -0.0693955507783553
v 0.0205398378514923 -0.252729519427415 -0.0328019611799458
v 0.0206645272334124 0.29154785331282 0.19962814991754
v 0.0207716551721092 0.226739245026551 -0.0473062513798153
v 0.0208061271962023 -0.291282341854054 -0.00951432439619826
v 0.0209475901526525 -0.291115760579176 0.0572611314702135
v 0.0210114338266007 -0.228002124388646 0.197501563619359
v 0.0213000430259046 0.226308414235885 -0.00691327541826456
v 0.021388978289212 0.226235899227196 -0.000114557531195357
v 0.0214815562715864 0.226160414060272 0.00696263054146906
v 0.0216422693519825 0.290880667354452 0.182818541835332
v 0.0218786526157491 0.225836634225634 0.0373189359882526
v 0.0221179277214828 0.22564153685114 0.0556104874019982
v 0.0221972779933759 0.29050194379813 0.173276682517962
v 0.0225524745956592 0.225287221035516 0.0888297245905382
v 0.0229974726508966 0.224924383656485 0.122847909563997
v 0.0230593964795184 0.224873892919701 0.127581719591994
v 0.0232503693462231 0.224718179667461 0.142180772841801
v 0.0235152249063245 -0.264674562608927 0.394034466506461
v 0.0235513176655363 -0.225953848596618 0.178207808061676
v 0.0235678575170915 0.224393270173833 0.368771566525886
v 0.0236574977269699 0.224321229639999 0.372409625413778
v 0.0237554378838865 0.224306362711679 0.180791087507878
v 0.0239181280885453 0.224173710250039 0.19322805304136
v 0.0243579877395346 0.223815062563767 0.22685342913819
v 0.0244044775053959 0.225327566774738 0.373977263189291
v 0.0247483846225279 0.223603847052179 0.00292539327314491
v 0.0249681701535675 0.288611158583583 0.125638751854808
v 0.0250568665642623 0.288550634444703 0.124113859069932
v 0.0253185976701619 0.287951874125353 0.224616657141534
v 0.0254248589518335 0.287750945554819 0.254882856903189
v 0.0255585099316604 0.288371448203696 -0.0550796178010104
v 0.0255978646710034 -0.224326635885396 0.188141366434098
v 0.0256076195892903 0.287656288969888 0.244229858984641
v 0.0256983810931428 -0.224109675745254 0.0382157493849156
v 0.0257357290616903 0.288235253936933 -0.0421650501958439
v 0.0259607136224961 -0.287295896830242 0.130282549057209
v 0.0260727183668877 0.222416925292715 0.35793720124554
v 0.0262578980766774 0.222265935597908 0.372093392596978
v 0.0263423281665387 -0.287065465120691 0.0694114311672453
v 0.0264199422183475 0.287519501636685 0.125921683089161
v 0.0264723124938834 0.287202861980791 0.195221868241183
v 0.0265745378620179 -0.223347543952915 -0.0294219150154272
v 0.0267235038780769 -0.22322843249093 -0.0294324388770797
v 0.0268244303246173 0.287398578628786 0.0371723557576431
v 0.026874733592472 0.221970531003675 -0.0725161553483116
v 0.02690625142474 -0.269116309165343 0.390877332909689
v 0.0270034550434322 0.287231228358264 0.0813458845544961
v 0.0273409609154693 -0.286214865752055 0.182662197826271
v 0.0274336287190276 0.286930404969287 0.0815667382842139
v 0.0274523392827349 0.286916025756927 0.0829302414223275
v 0.0275446623010514 0.286845404851677 0.0816251323120429
v 0.0276432464405437 0.286769203059106 0.0816771172824999
v 0.0276843126909983 0.221223451102306 0.195454616742875
v 0.0278195728710519 -0.285913577146556 0.119843842961415
v 0.0279319847855637 0.221100849425125 0.0263904911944551
v 0.0280193254642713 0.221063391872077 -0.0469188341639407
v 0.0282738331113429 0.220827712238576 0.0392658879552431
v 0.0282814591409393 -0.28550263495422 0.191514535219945
v 0.0283146363713699 0.230428750385378 0.385164551311753
v 0.028401345308306 -0.285618692830979 -0.0350484332703115
v 0.0286898982944078 0.23265168412444 0.388511571333889
v 0.028705528154725 -0.285384876842313 -0.028375487756639
v 0.0287647301696779 -0.221913455967084 0.318540272300884
v 0.0290820075952983 -0.221409454623743 0.0437791932828735
v 0.0292271894642333 -0.284983891854936 -0.0169316554172391
v 0.0293625011581148 0.219998866373934 -0.0168804418867836
v 0.0301768179211594 -0.284100509929224 0.172794344688261
v 0.0305585577029297 -0.283960510080866 0.0122749478480177
v 0.0305805359489642 0.284523165510368 0.0387090055668751
v 0.0310761388353637 -0.283576069053589 -0.0340597872868881
v 0.0311042497079805 0.21861845445077 0.0220715183287301
v 0.0313000117106288 0.21842346505479 0.120847000109499
v 0.0317026253464512 0.218144215579757 0.0354534178373805
v 0.031854410110087 -0.219271260489676 0.129838889364746
v 0.0319397618654868 0.217956274514258 0.0407566702820765
v 0.032100290199761 -0.219250512554573 0.32283865322151
v 0.0323670362208761 0.217576918535824 0.146801648496737
v 0.0323790128626379 -0.218835154924204 0.0491290347861853
v 0.0325233760085461 -0.218755325681385 0.150604633733906
v 0.0325952149820447 0.241405637750996 0.39189499566982
v 0.0326969819097738 -0.271255191129751 0.388003860862364
v 0.0326986730313808 0.2173406166743 0.091345387762841
v 0.0327814152240165 -0.218546852420457 0.129486775758875
v 0.033088923832257 -0.218319151268491 0.168160119839804
v 0.0334560172968602 -0.281634267064262 0.184874568651808
v 0.0334781829142298 -0.218018938192912 0.180243328577709
v 0.0335217550955726 0.250150046877105 0.394618400118955
v 0.0339770158899568 0.281898033593186 0.0401019375759718
v 0.0340196688999048 -0.217601321287693 0.197051897719891
v 0.034098998184237 -0.281264929301949 -0.021268389276227
v 0.0342159468703946 0.216152298320137 0.0916606126227515
v 0.0342395190680187 0.247213662706373 0.393930904673781
v 0.0343886966435163 0.28156543892276 0.117971768921596
v 0.0344892190458559 0.215930627340025 0.0323364184237055
v 0.0345569253092258 0.21578838759028 0.321233355060202
v 0.0346706100829393 0.28072310288371 0.275557815501339
v 0.0347177261170457 -0.21706295002343 0.2187206819727
v 0.0349829329389406 0.281123012570909 0.0405141410477931
v 0.035089400019909 0.249616288246692 0.394532765578788
v 0.035288787015161 0.215302025571181 0.115653298960723
v 0.0354964036244142 0.280762857066554 -0.0307833464508466
v 0.0355260279840123 0.215114001724633 0.120958887290852
v 0.0361663199946979 -0.279649995862556 0.135294022286739
v 0.0363282679786891 -0.279439481375979 0.233546388029858
v 0.0363632360660052 -0.272535945940792 0.385752265625734
v 0.0367023565929763 0.214181709840424 0.147265959675249
v 0.0369865946067958 0.213947817821296 0.0428120008756906
v 0.0374080328408684 -0.278695529428353 0.162533829736993
v 0.0374959272270091 0.279168574663031 0.133669072315111
v 0.0379116844731126 0.213223264590171 0.174311018204628
v 0.0379538567843357 0.278883070530867 -0.065522727437276
v 0.0381227354223745 -0.27814615955867 0.178212463299065
v 0.0381297799570157 0.212998938026735 0.301159011493039
v 0.0382651452310408 -0.272973284103892 0.383247227885285
v 0.0384557152816468 -0.277890208192844 0.185517137064313
v 0.0384633487955737 -0.214174167317119 0.334990649133675
v 0.0387919385785186 0.212488772859439 0.281315314702203
v 0.0390725006347825 0.212303266999075 0.20027117470964
v 0.0390899994458893 0.212287306170347 0.173769444728527
v 0.0397375091537757 -0.213191480932572 0.374542572998089
v 0.0397847739548725 -0.213103860296771 0.218502542017137
v 0.0398309977207893 -0.213106425877654 0.337573097323605
v 0.0399967037449039 0.277282714204533 -0.0255212009879131
v 0.0400141822827492 0.277292066474095 -0.0672656507017015
v 0.0401182879628726 0.255296271555287 0.391678293854293
v 0.0401316740750514 -0.212832873242918 0.218672492470314
v 0.0401700519780346 -0.212797957372987 0.203496188071844
v 0.0402458254999347 -0.212729019306308 0.173532017434295
v 0.0402785148457123 -0.212699278834407 0.16060521780366
v 0.0402907418592294 -0.212688154807808 0.155770120922527
v 0.0403008906116787 -0.276471878727086 0.225995272453697
v 0.0403378678977126 -0.276443455425792 0.226806453681873
v 0.0403540563228052 -0.276431011881843 0.227161583761911
v 0.0403610375266032 0.255576803595756 0.39154528050046
v 0.0403797599620814 -0.212607166940857 0.120568462654538
v 0.0403979073892698 0.222019595188447 0.388032219196367
v 0.0404203169978714 0.211210979313105 -0.0791566493124053
v 0.0404215888512874 0.211213744688209 -0.0306266603900089
v 0.0404232439518892 0.211211217578703 -0.0462115559901064
v 0.0404546386835375 -0.212493682398743 0.338909443532932
v 0.0405493207369023 -0.212452902077516 0.0535167028476342
v 0.0405795143462511 -0.27625894271262 0.226800265880842
v 0.0405882159754223 -0.212402484684187 0.120297962148904
v 0.0407616911565035 -0.212259689385535 -0.0304638662446582
v 0.0408240245944231 0.210915107636014 0.239441749358718
v 0.0424388706992437 0.209635271452231 0.275555700040061
v 0.0427535628550163 -0.274586585088074 0.279800240207028
v 0.0428480527901271 -0.210164785337458 0.219984157117573
v 0.0429576190541408 -0.21006856839904 0.157713847622997
v 0.0431109175240429 -0.209909006404491 0.20692278855483
v 0.043130536025412 -0.274307839432687 0.240645629715098
v 0.0431526577764796 0.274841239539531 -0.0201274350593514
v 0.043728059243234 -0.273771947710075 0.373358018088611
v 0.0437419289700139 0.274260060132013 0.187828898069194
v 0.0438116243575195 0.274296754461528 0.165575109326286
v 0.0438118570572442 0.2742970302055 0.163280860257807
v 0.0438633211664593 -0.209176884609562 0.169536939433283
v 0.0438970001518515 -0.27368033782753 0.334959738485701
v 0.0441009739729156 -0.208945637989498 0.157728315093093
v 0.0442816433670546 -0.273360998481754 0.369459639433757
v 0.0443514993448648 0.208088550803513 -0.0785750398430718
v 0.0444676520317723 -0.208476284294508 0.208561868587798
v 0.0445094517918732 0.207965652630766 -0.0456585853679193
v 0.0445435558364545 0.207939117272551 -0.0385514828687755
v 0.0447038033429893 0.273016439948026 0.318054619949332
v 0.0448133556971256 0.207729193903132 0.0176733810025269
v 0.0448363238474965 -0.272966061120489 0.347032200297725
v 0.0448859310851147 0.207672725119399 0.032797707975663
v 0.0449215697272582 -0.208147162274188 0.116954098526162
v 0.0449381987160772 0.207632057206614 0.0436900058012868
v 0.044960161838634 -0.272890440387548 0.328207028957784
v 0.0449815928668637 -0.208000268381111 0.168257746036327
v 0.0451793126873975 0.207444453487518 0.0939368820644126
v 0.0452208026874478 0.207412171333679 0.102583178615659
v 0.045290247098604 0.263198488494361 0.388320142373766
v 0.0453105048464726 0.207342376711029 0.121276634081454
v 0.045425066790276 -0.266253711249598 0.386173714754037
v 0.0454395544857093 0.207241966966475 0.148169896296912
v 0.0455156105667398 0.207182789957432 0.164019581288918
v 0.0456502338524669 -0.272374468700687 0.281105011577503
v 0.04570303180266 0.207036962983144 0.203077175499638
v 0.0457094432529661 -0.272343421153168 0.220165854200899
v 0.0458125644724436 -0.272323765945861 -0.0340595322120303
v 0.0458195594525648 -0.272317876787773 -0.0317016714143362
v 0.0458962950346774 0.206886590522799 0.243352210796081
v 0.045953574892951 -0.272205047572963 0.0134721171737068
v 0.0460235221039379 0.206787598866561 0.269865659068902
v 0.0460582149584795 0.26434377640535 0.387725451321883
v 0.0461298066451021 -0.206971494678867 0.0569185530196022
v 0.0463298800242704 -0.271888231746567 0.14031666880014
v 0.0463577126270322 -0.271864799142782 0.149698454282422
v 0.0464070906309914 -0.271823227205999 0.166342741726635
v 0.046444101645201 0.27179291971555 0.297128102774201
v 0.0464670528918589 -0.271772744255733 0.186554759743982
v 0.0464850373725364 0.206428507353388 0.366042999883418
v 0.0465104267115972 -0.20602020382737 0.376036244025056
v 0.0465617158823374 -0.271693046342892 0.218463664469153
v 0.0465857220685381 -0.271672835245336 0.226555645341748
v 0.0467517132688549 -0.271533085252775 0.28250779062421
v 0.0467915446343608 -0.27149955074599 0.29593410687068
v 0.0468512431929929 -0.271449289809815 0.316057236406245
v 0.0470214364150289 -0.271306002084513 0.373425794903764
v 0.0473972663752786 0.205364987842697 0.26746277177147
v 0.047435492344027 -0.205080765610929 0.37254572579081
v 0.0475844138288534 0.204748139885664 -0.0781054661462543
v 0.0476038649825437 0.204768618852453 -0.0449883021052083
v 0.0476059315379111 0.205121716174076 0.244913325010303
v 0.047844847935131 0.271185595123684 0.185950402517588
v 0.0478542812426034 -0.270697192061801 0.30966006599351
v 0.0478944888568309 -0.205254381369606 -0.030765954598253
v 0.0479840217921343 0.204680920758715 0.204054918408244
v 0.0479854675400824 -0.204528431102512 0.355760597905791
v 0.048254294897369 0.270886405064789 0.104065125797376
v 0.0483453281870012 -0.204779202319071 -0.0307800267652197
v 0.0483832219140314 -0.204087746505554 0.368911282723197
v 0.048403657692982 0.204191689472935 0.15870687235273
v 0.0484914496822081 -0.270310503988585 -0.0340605292195448
v 0.0485004498046669 0.204078844673056 0.148247011483744
v 0.0487449124009273 0.2037938386713 0.121829107172722
v 0.0487875804736836 0.270477802860609 0.0928169684661551
v 0.0489000110997166 0.262147252401274 0.387764237829929
v 0.0489764177245235 0.203361880592039 -0.0354425049629042
v 0.0489786003723599 0.203521394234339 0.0965755650669547
v 0.0489957861366631 0.203501358261367 0.0947183816621376
v 0.0492421341859181 0.266077243325028 0.378666622762257
v 0.0493225929547863 -0.203335301750776 0.223094077644104
v 0.0494460089251574 0.269960789843206 0.142090764638367
v 0.0494649938480311 0.2029543338255 0.0440133469838934
v 0.0495650569788282 0.202837675517572 0.0332000027140713
v 0.0497824772888682 0.202584196685992 0.00970442901987467
v 0.04979895254188 -0.212866081931631 0.383091714163092
v 0.0498782651428943 0.202384793305672 0.0948966395232159
v 0.0501513590244439 -0.268976995880939 0.286811897819966
v 0.050164578858565 -0.202205357434463 0.371837804163769
v 0.050165373051062 0.20213779878324 -0.0316732858595
v 0.0502163996122172 0.202078309616387 -0.0371874824300218
v 0.0502557295579141 0.269378415757848 -0.0667523537811514
v 0.0502717119437229 0.269313553944533 0.198210587146322
v 0.0502889665901378 0.201993707617746 -0.0450294488828545
v 0.0503845633815258 0.201603855333569 0.247838399432406
v 0.0505941785345334 0.201637877166418 -0.0780122448809682
v 0.0506150547156128 -0.202079308649386 0.15787418277939
v 0.0507008169350998 -0.217568576174141 0.390425152338656
v 0.0509993609252592 -0.268238407814213 0.287948605311005
v 0.0511597104932879 0.26868318294817 -0.0726861298902464
v 0.051186830391647 0.268636491824117 0.0573943972743726
v 0.0512158853633269 0.2686267542437 -0.00636806815939116
v 0.051252030517729 -0.268188439887561 0.142736326595182
v 0.0512728017107069 -0.268150404149889 0.226372123885855
v 0.0513177514777034 0.200462177498258 0.205501636963424
v 0.051571065926352 0.267639376371586 0.372683711793497
v 0.0517913433513639 0.267625545300174 0.334788813419393
v 0.0521668298532345 -0.267285118887179 0.289473844292237
v 0.0521982313019565 -0.220491658235554 0.393266805642078
v 0.0523169169049665 -0.267365582958855 0.226884726832299
v 0.0525497289930972 0.266926281054419 0.3671744186174
v 0.0526404620780196 0.198704967095899 0.296856806392148
v 0.0527325788216758 -0.199446450639849 0.376082925597672
v 0.0530074717769114 -0.199861578669094 -0.0286052100423598
v 0.0530890700365464 -0.266791016217764 0.205517044554653
v 0.0531947936829578 -0.221401849785603 0.393179805998646
v 0.0532779880797802 0.19786552087749 0.33271842313227
v 0.053287655178449 -0.266484145972911 0.290866783609124
v 0.0533997380142507 0.197881110084472 0.147999015263455
v 0.0534685942904523 -0.198652780936659 0.377570769320039
v 0.05347306220349 -0.199251245320133 -0.02834124633112
v 0.0535618651820125 0.197566393016933 0.267376671401745
v 0.0537194100814716 0.197499426410687 0.123249702030975
v 0.0537404723293308 -0.26630630136368 0.18749088282859
v 0.0538073699945621 -0.266072999066564 0.227610425695551
v 0.0538284594994125 -0.1988488388028 0.0618139759996995
v 0.053861096088384 -0.198327320282517 0.360651516587469
v 0.0538842101645744 0.197169852596702 0.25512478754156
v 0.0540511515318699 0.266440837551658 0.00211196193574891
v 0.0541160565420049 -0.198295217148387 0.215480584788694
v 0.0541776795899626 -0.198077020986282 0.309492226522467
v 0.0542618350172307 -0.198314242910631 0.109543631995418
v 0.0542926710329887 -0.198048874744117 0.252402253655946
v 0.0543456397799282 -0.198137345720204 0.163875757636737
v 0.0545356952925293 -0.265717452232061 0.154728593602363
v 0.0545689621888397 0.196506784498768 0.0338321713319326
v 0.0545813593203637 0.196521086965995 0.00117555013293218
v 0.0546895320797124 -0.197786651749399 0.156647893365325
v 0.054741158011582 0.265868953569875 0.205393353959871
v 0.0547554882891902 -0.197705290626769 0.163911956653911
v 0.0547600884902176 -0.197699615990175 0.164418598131155
v 0.0548130627592336 0.196034297569499 0.212093113068997
v 0.0549396633269211 -0.265413971545603 0.154305843257114
v 0.0550250156827137 -0.265134006150378 0.201445793592738
v 0.0550398212000956 0.19598335789767 -0.0448476712356631
v 0.0550603461863542 0.195987779137442 -0.0779411303246166
v 0.0552151848657608 -0.197138226057188 0.21454047294062
v 0.0552446773184837 0.265512529151659 0.0466794959664054
v 0.0552627137696373 -0.265173586533242 0.145366114934717
v 0.0554134371758477 -0.265061431763973 0.141195167846645
v 0.0554621276630493 -0.196707481129085 0.0630035405020374
v 0.0555893950460265 -0.196676614321054 0.255753975872433
v 0.055602154785412 -0.264953659542017 0.0141887097164888
v 0.0556622455792017 -0.264642603466817 0.18775307002893
v 0.0557030564302327 -0.196457417520782 0.15633672989483
v 0.0558286019796634 -0.264437126139799 0.294169051142402
v 0.0558958637966155 -0.26437105408236 0.228631135721324
v 0.0560633946618687 -0.196091906055127 0.307957752218966
v 0.0563798718405351 -0.195701511598762 0.342812851889311
v 0.0564280244438035 0.194194706352083 -0.00948371642862631
v 0.0564623792553539 -0.19556989657303 0.370204162621105
v 0.056500570279239 0.194053591515474 0.0442499457894191
v 0.0566281888124629 -0.195395197033932 0.370161151829464
v 0.0572127758100858 -0.263507992421307 0.140465105212544
v 0.0573373059841063 -0.263350873146828 0.151759562499784
v 0.0575607684365816 -0.263178549077561 0.146957826728284
v 0.0576723140573612 0.263654418852631 -0.0143039086324616
v 0.0576814944215267 0.263659553804532 -0.075855451495197
v 0.0576816545283337 0.263657552346485 -0.0663856596306994
v 0.0577149019925524 0.19227916532721 0.303673947812648
v 0.057902130056412 -0.262915306538292 0.139622687053589
v 0.0579267169886222 -0.262784037739672 0.195495848998903
v 0.0579351584333738 -0.262907891644819 0.229634757055076
v 0.0580275747592079 -0.193531258343322 0.329133966284403
v 0.0582577179680677 0.201200994576497 0.384342348769851
v 0.0583791324118675 -0.262430496344755 0.188114264339864
v 0.0587046965628528 -0.19248566852795 0.105665060459286
v 0.0587280563706694 -0.193083975517201 0.378730669179971
v 0.0588386529444545 -0.192450927349497 0.305354782796769
v 0.0589223659089384 -0.192312892848902 0.265302495614985
v 0.0590787533400794 0.190642776086964 0.20676438497055
v 0.0593799247832536 0.190519687235795 -0.0741237420218432
v 0.0593878515560083 0.190111265784178 0.359755108463257
v 0.059432533625378 -0.191659896696836 0.287943393933998
v 0.0597802810804173 -0.191208425319712 0.314519975299683
v 0.0597991634389659 -0.191180241813826 0.304448846552188
v 0.0598528430022852 -0.261379523844616 0.299283852625913
v 0.0599387086184233 -0.261694132767215 0.0159679836905686
v 0.0599388788463645 0.189714332702147 0.0328625332726869
v 0.0599534408850573 0.189726059628901 2.81458552783548e-05
v 0.0601985897677615 -0.261027965896939 0.148740642583829
v 0.0602090829095648 0.189448588249317 -0.0499980175934907
v 0.0607927000356937 -0.2605444066568 0.148734630423336
v 0.060838439070706 -0.189665967450532 0.0748198284198266
v 0.0609035439895794 0.188185569436908 0.368721654299955
v 0.0609794818139343 -0.260565284427857 0.189525029346965
v 0.0610608125438692 -0.260502700421137 0.188453476484736
v 0.0610910791912359 0.187950402434085 0.366457571973635
v 0.0614786183942562 -0.260167327508193 0.188508695990492
v 0.0615467943808906 -0.212486142806581 0.393073776814716
v 0.0616230557797141 -0.259895522660068 0.1351865926981
v 0.0617473549006262 -0.259908201282234 0.301711689333598
v 0.0619417418457222 0.240473484941035 0.39306592324162
v 0.061948161761763 -0.260198878915714 -0.039639323412934
v 0.0621703201317359 -0.259758886091469 0.017031426464434
v 0.0621733444180231 -0.188009221704753 0.207588325916261
v 0.0627386946545238 -0.259047813425991 0.231984294823312
v 0.0632145081744594 -0.186622423864317 0.177063495566591
v 0.0633353957562976 0.185410045521113 0.0409672154829077
v 0.0634102474876847 0.185313352729858 0.0431451501700609
v 0.0634997467454839 -0.258598679403069 0.019341736078054
v 0.063637249672403 -0.186059345296909 0.164669563846701
v 0.0636573220010699 -0.186074668850412 0.296071979473429
v 0.0636709330720353 0.191166691700382 0.380039497693259
v 0.0637776705917504 -0.185872308986339 0.160552704501448
v 0.0640811862987454 -0.258178522444094 0.14865929113032
v 0.064183596963762 0.184316090979384 0.0430169257658645
v 0.0642989817493557 -0.18517793868859 0.145268908319608
v 0.0643582654890752 0.183998982414349 0.168450794962063
v 0.0645293372551532 0.258325794950711 0.21816209005312
v 0.0648604722116695 -0.184413992328569 0.106050487073995
v 0.0648912991439174 -0.25746417812811 0.311270265469377
v 0.06501400010028 0.18324163957479 0.0898089798485509
v 0.0654327654218037 -0.257138482142138 0.130851895586206
v 0.0656089865038659 -0.183433052974613 0.106862199824915
v 0.0656246625281816 -0.233793372607104 0.394080032607748
v 0.0656625286830732 -0.18336173645208 0.105292450660339
v 0.0656872275050805 0.182371970487473 0.109397642529927
v 0.0659595299799446 0.182020212607297 0.117320732542872
v 0.0661113935043378 -0.234494387115031 0.394124181072324
v 0.0661369072349472 0.257075415014914 0.278359381126001
v 0.0663353500672051 -0.2564119912243 -0.0415893856959449
v 0.066778987194659 0.180961645170894 0.141164192934409
v 0.0668116445875192 0.193751861512177 0.387350776228024
v 0.0669269463467568 -0.255781316266598 0.19429371335947
v 0.0670431985039584 -0.255692934744965 0.194414116079071
v 0.0671035914733411 -0.234954494027835 0.393588548389606
v 0.067206153158871 -0.255586038798046 0.182770106404546
v 0.0673808120305479 -0.201536414058825 0.391435133017774
v 0.0674599302835732 0.180082009032454 0.160977356181837
v 0.0677653957245779 0.17968741153183 0.169865377438831
v 0.0678401358532649 -0.235422245580508 0.393132585336923
v 0.068130306239662 0.179217478880741 0.161598392478281
v 0.0682386007758619 -0.254725785100506 0.0272477317625941
v 0.0682510426943835 -0.254854373219148 -0.042415205614583
v 0.0682515677150146 -0.254748218865907 0.182373286112547
v 0.0684315408188248 -0.254607854418982 0.180753686473147
v 0.068708587892041 0.178469004399867 0.197309110537641
v 0.0691739697644334 -0.25413817541536 0.316711351055555
v 0.0693196619687894 -0.202286477838568 0.393089724978914
v 0.0694463784194219 -0.178299088215793 -0.0377792716200405
v 0.0696579340941106 0.254383220083402 0.175817218396019
v 0.0696752426844124 0.254374551686367 0.152291366520825
v 0.0697726819732026 0.177094417266627 0.22827068439588
v 0.070118526658482 0.176655282170231 0.139412535817857
v 0.0705643844652793 -0.176832616540951 -0.0384201163834332
v 0.0705874674339283 -0.176874285259616 0.188155211464741
v 0.0707123679047156 -0.204207889960415 0.393175970052966
v 0.07081438651071 -0.252899586561658 0.235946281600384
v 0.0708515427826205 -0.176528424809204 0.198864876376054
v 0.071067768307726 -0.23098270363966 0.39413462001621
v 0.0714118470603135 0.174989387336103 0.114701431857544
v 0.0714267202857608 -0.193942745236879 0.390298728765416
v 0.0714365034770036 0.253028393877458 0.0984214902917599
v 0.0720082282991122 -0.251818327821031 0.148566645017049
v 0.0722270899647794 0.252414341733312 0.123629474199208
v 0.0725026738630254 0.173596360923236 -0.0623770700352061
v 0.0725261575728293 -0.251375260929792 -0.0427078043467401
v 0.0726445912616608 0.188672276677541 0.389402231392093
v 0.0726734712032339 0.252041005947071 0.272132803636703
v 0.0727675262229285 -0.251494382800681 0.0342145736723057
v 0.0730102486825153 0.172930301400067 0.0870590219478449
v 0.0730799361170034 0.197309285565552 0.390835220211249
v 0.073117269536438 -0.173521074874188 0.16547693298713
v 0.0734406543282113 0.251459349040583 0.224906178518816
v 0.0737327099356181 0.251236632972816 0.213420139595178
v 0.0740395315931256 0.171594904166165 0.191988638058252
v 0.0741204313157846 0.171510266331937 -0.0634417384912028
v 0.0742030019497804 0.219590310505847 0.39453192355297
v 0.0742178287387832 0.250902398354658 0.0142962207956561
v 0.074249779955509 0.171335825826891 0.0356767742457683
v 0.0742799223560202 0.171295175568955 0.058774581191015
v 0.0743147475761889 0.171248210026777 0.0854607839699582
v 0.0743535671769393 0.171195857634243 0.115207838903198
v 0.0743546892333451 0.171194344420911 0.116067659017117
v 0.0743790063339789 0.171161550204251 0.134701599459298
v 0.0744176959616172 0.17110937309439 0.164349057353113
v 0.0744285541567073 0.171094729654463 0.172669578934429
v 0.0744537605835939 0.171060736086028 0.191985000803096
v 0.0745136808132311 0.170979927233746 0.237901247445824
v 0.0745595644234918 -0.250002287126638 0.214306037973039
v 0.0746877419336823 0.170745187155883 0.3712824675438
v 0.0749573812766628 -0.249809289066639 0.00536268149607422
v 0.0752092096052548 -0.249525166963245 0.0382551797279008
v 0.0752646917387191 -0.194485327080185 0.393101922833806
v 0.075266899318589 -0.24941626136412 0.301112362641006
v 0.0752720011408964 -0.24927284930159 0.119195560084196
v 0.0752935550794044 -0.24942247300069 0.238141444608084
v 0.0753028047754445 -0.249424628472844 0.21629018869368
v 0.0753054690886853 -0.24942524934222 0.209996080194406
v 0.0753391127471595 -0.249350851414887 -0.0429413727181821
v 0.0754599747649957 -0.249248177596128 0.179734289254971
v 0.0755133403776486 -0.249187017757607 0.169281993572249
v 0.0756194207801489 -0.249065443958214 0.148504873663803
v 0.0757720328410849 -0.248890542396343 0.118613970020867
v 0.0757930014541327 -0.248866511247364 0.114507015509585
v 0.0760057390382803 -0.248355028435301 0.325790145298971
v 0.0760771788324821 -0.248557313458459 0.118197197497362
v 0.0762497301567656 -0.169389470035417 0.201476346149391
v 0.0762715513478209 0.249337582745153 -0.0731000833244792
v 0.0764369978585968 0.249208321100212 -0.0639998835178176
v 0.0766237905393132 -0.247988959570014 0.220286618757014
v 0.076673633885954 -0.247781572749915 0.327116912221053
v 0.0766823457126876 0.249016633363469 -0.0505047999171418
v 0.0767530306027205 0.168098645786952 0.242444056072908
v 0.0769925745398144 -0.240233098095759 0.385552858191739
v 0.0769949057241224 -0.247588950082415 0.0418318975099436
v 0.0770109072250868 0.248749010854647 0.0226320049795516
v 0.0774102517395388 -0.167831217082443 0.128305540808937
v 0.0779456622931951 -0.246474460832997 -0.0430027176260603
v 0.077987132823596 0.247997216710539 0.0212635520337846
v 0.0780127444193686 0.247977206636083 0.0226722891404485
v 0.0784170640768439 -0.246011412908423 0.14858174968221
v 0.0786217472614281 0.24750139902449 0.0561698075805331
v 0.0786552162930337 -0.16618229666313 0.12109700510784
v 0.0788673715933656 0.165403602367043 -0.0665620774982139
v 0.0790855939035359 -0.215461516271565 0.393932295835925
v 0.0791478174703721 -0.245239073292943 0.239988639424849
v 0.0794186208159691 0.246878809971466 0.100000943897381
v 0.0794435669639106 -0.2448945315267 0.161911390789666
v 0.0794954365828863 -0.196275111602995 0.393273898483485
v 0.079628250244857 -0.244348176121089 0.381735224287576
v 0.0796718689060006 0.246680949862224 0.113930571117274
v 0.0802882632238887 -0.2438687303097 0.335318240213911
v 0.0803733993058209 0.246132851428285 0.152517464118943
v 0.0804439101470053 0.163360574770721 0.116251318435808
v 0.080452045568567 -0.163796245575439 0.0912317290485615
v 0.0804757453463995 0.163334388553009 -0.0659654330942383
v 0.0805421226916439 0.246001029594815 0.161797904763138
v 0.0806245988136982 -0.243609515672512 0.177247665916108
v 0.0807167961254677 -0.21807764627384 0.394094568726056
v 0.0808952390855678 -0.24333866379766 0.111643133425174
v 0.0811018510624777 0.162503167861972 0.251578063687988
v 0.0811396012061277 -0.242284811949589 0.381873619214026
v 0.0813525474860562 -0.223103299416156 0.39183389656781
v 0.0813612701395722 0.162187345624574 0.0305039212672532
v 0.081451742998537 -0.242086981123524 0.38092353513132
v 0.0815074157600137 0.245246856120363 0.214892767585874
v 0.0815482410295956 -0.242302387110099 0.379444350526608
v 0.0816298412774227 0.161834033061952 0.12669791677846
v 0.0819147579660437 -0.242167534874362 0.051795125416771
v 0.081940810282385 -0.241190965355255 0.381946986204236
v 0.0819424598039111 0.244906960715665 0.23882187739663
v 0.0820137569488997 -0.24208314284071 0.322462027673761
v 0.0820880255693568 -0.242002866402413 0.321898316484495
v 0.0822248463712745 0.161064569999676 0.175945071871127
v 0.0822738666798603 0.244648035956664 0.25705054099488
v 0.0822925308253092 -0.241795265961483 0.109723853420028
v 0.0823105477682148 -0.197446497397022 0.393436143077267
v 0.0825232288242402 -0.161029919263746 0.00673861348964494
v 0.0829644657294145 0.243692704822714 0.0139276023608635
v 0.0829656958393492 -0.241082437693819 0.148701797774047
v 0.0829690628091272 0.243702085375228 0.0229510994359026
v 0.0829800143089678 0.243552034083924 -0.0721127469041661
v 0.0829870428600806 0.243559505890623 -0.0629616366517564
v 0.083100073103177 -0.160322585081223 0.181271758491352
v 0.0831069462953314 -0.160260305519811 0.0143537578876307
v 0.0831080581417111 -0.240949365772347 0.0540903936199495
v 0.0832058054382707 -0.160165540218667 0.127293108554644
v 0.0832196721087025 -0.241120803882473 -0.0431991253942402
v 0.0832556092619594 0.159750476202666 0.0281701244431201
v 0.0833010873476508 -0.240716953568322 0.154704898929825
v 0.0834846874524091 -0.159741507927371 -0.0458592334754577
v 0.0835978387043061 -0.159604904464857 -0.0459213667282147
v 0.0838733975538379 -0.240081013956127 0.242252409124416
v 0.0838874328716067 0.158933943929283 0.0737452089694204
v 0.0840874349226987 -0.158954321971229 -0.014401923987693
v 0.0842730792573049 -0.239608484645965 0.108121248554312
v 0.0843324532677495 0.243039683581285 0.370280787926301
v 0.0844580531915516 -0.239456180295229 0.175413184091504
v 0.0845062532951734 -0.158458164314327 -0.0196887153380446
v 0.0846198382894794 0.157991657278811 0.0743675154000716
v 0.0848534021621768 -0.157953971603119 0.0255738033234012
v 0.0848944550815829 0.242381067349591 0.252766555140678
v 0.0849365585892164 0.242331725776564 0.24396273765229
v 0.0850724384922297 0.242172486593553 0.215550333705262
v 0.0853006661402903 -0.238525297550923 0.250763340184224
v 0.0853595327655397 0.241836037593258 0.155519098156322
v 0.0853727311291547 0.241820570282843 0.152759328461506
v 0.0853796007012085 0.241675890841058 0.0589466937245592
v 0.085403624649904 0.156975636840312 0.169153288585806
v 0.0854141191953812 0.156966023213097 0.121191454272044
v 0.0854346379570143 -0.238375976408067 0.239708372360329
v 0.0855964293889789 0.2415584157821 0.105984160247363
v 0.0856190290566071 0.241531930978023 0.101258583679507
v 0.0857101445127258 0.232784836879541 0.386211324642977
v 0.0857598072214362 0.241226430461723 0.298748921635104
v 0.0858211723851473 0.241295036943113 0.0589905383077151
v 0.085975813508913 -0.237760821864976 0.148789337114583
v 0.0859929076869381 0.156221440994523 0.120864271066339
v 0.0859965451333944 0.241089515651635 0.0223202047705515
v 0.0860016303474143 0.240916601389875 0.29087178221236
v 0.0860096807805144 -0.237724071974514 0.149598222705204
v 0.0860104697366762 0.156198799293754 0.121458981236984
v 0.0860306918427443 -0.156416435655588 0.0870163935686395
v 0.0861110521094846 0.240955323641505 -0.00162313333374439
v 0.0863036643163399 0.240729599235044 -0.0418982270373728
v 0.0863468041208947 -0.156003594195126 0.103514250891677
v 0.0864052943591163 0.240610497847553 -0.0631490063246753
v 0.0864474650817569 0.240561077504505 -0.0719668784296069
v 0.0864518186567455 -0.237277552414556 0.148797494883384
v 0.086535163203083 -0.237178555365284 0.253999229935713
v 0.086695327974669 0.155327509797829 0.023933990294804
v 0.0867318028403962 -0.155508214226563 0.146914554476497
v 0.0869957992799512 -0.15515600892933 0.137385221042226
v 0.0870380604271609 -0.236608161610908 0.174160032338095
v 0.0870952193642378 0.239519634321318 0.248526315506341
v 0.0871390797345421 0.239521662168693 0.153073919750675
v 0.0872571221382932 -0.154814722247518 0.151023625907107
v 0.0873428789646286 0.239204577196315 0.236825919348934
v 0.0874591291485142 0.154331129323124 0.170515469452756
v 0.0875024782804397 -0.154494288037719 0.163828729999069
v 0.087575321888496 -0.154399154556314 0.167630428116079
v 0.0876521972003622 -0.236185693298071 0.105481623263948
v 0.0876540697422633 0.205001027747652 0.394919230279528
v 0.0877772867447599 0.238804587883512 -0.030190587756009
v 0.087833082019834 -0.235778330888484 0.235822106077755
v 0.0879372285855306 0.153714744302468 0.186705527106269
v 0.0880892512255385 0.153518750601479 0.191853525860936
v 0.0881081292676917 -0.153703310099214 0.195437573646975
v 0.0881911460091819 -0.153782645103672 0.0994786877520662
v 0.0883070044436613 0.238033442199353 0.101867461096828
v 0.0885729593258149 -0.153106494408587 0.251865661801877
v 0.0886776940626911 -0.153221643452679 0.0851147301998738
v 0.0889123953118706 -0.161124298326875 0.385387397563228
v 0.0889160720728003 -0.234596718826903 0.316237569932487
v 0.0889475869588324 -0.152606981474353 0.239248757755983
v 0.0889722224517695 -0.152718654346798 0.163696893372041
v 0.0889980411970623 -0.152852275473551 0.0756573855308579
v 0.08902724127877 -0.152862967910425 0.0510994232329894
v 0.0890427646252728 0.168330737000242 0.388692442908014
v 0.08907115278929 0.236914277417161 0.303257481900192
v 0.089116135975136 -0.152386857085458 0.248045308270201
v 0.0892442910974185 -0.234240502700086 0.261081036715535
v 0.0894893150733514 -0.234459424896812 0.058060500750403
v 0.0895048382608171 -0.233931423542175 0.233076530495632
v 0.0897679904877158 0.236209464769675 -0.0230274677543909
v 0.0899940131657067 -0.151337062240996 0.242202972850589
v 0.0900683612609846 0.235767703166 0.0591082184562321
v 0.0900909075390672 0.150938134786782 0.259636352213514
v 0.0906577371569826 0.150215756874695 0.191828379484214
v 0.0908549177498243 -0.232466431796775 0.265321816082916
v 0.0908806696516982 -0.233333153213849 -0.039740396157832
v 0.090974194670134 0.149815382401154 0.123684956437091
v 0.090999976018672 0.149786467476661 0.079786910208971
v 0.0911382724512712 -0.149745954362712 0.353580339260396
v 0.0911827605174938 -0.232121760128161 0.314350549930633
v 0.0919180982342623 -0.231980063434832 0.0627189650897066
v 0.0921745411277565 -0.231047339357189 0.313528957752401
v 0.0923355176405499 -0.14857511877969 0.206265421300989
v 0.0923537179911483 -0.231411896478101 0.105741996060224
v 0.0925219125200761 -0.148420957759659 0.168308623910856
v 0.0926962552532996 -0.148065119488136 0.245859085064878
v 0.0927408376725779 -0.147739191912705 0.374653133854904
v 0.092756325017144 -0.148000313025673 0.241705772016668
v 0.0927704698919012 -0.230868338351044 0.146901584553825
v 0.0928496087106194 -0.230301962359248 0.312962995889674
v 0.0928923828722773 -0.230709330578895 0.158942052984188
v 0.093018967358356 -0.230544229889389 0.171443892441338
v 0.0930302749892365 -0.148215091023301 -0.0498347925162213
v 0.0930460272889552 0.147168931571366 -0.0613051147059526
v 0.0931326853446263 0.147049357504748 0.0229303338902145
v 0.0931609202447775 -0.148057075111705 -0.0497502553494713
v 0.0931719446856058 0.207309965642037 0.392283341494658
v 0.0931904391799181 -0.147531967532136 0.211690471451618
v 0.0931937213467456 0.146965137717828 0.082260017428863
v 0.0932292286839431 0.146916143349438 0.116774713773244
v 0.0932381439784682 0.146903841688465 0.125440772893482
v 0.0932604996292891 -0.147680832265074 0.086953698203675
v 0.0932884885832124 0.146834374296484 0.174377947079861
v 0.0933027797725718 0.146814654772254 0.188269612861422
v 0.0933236246151843 0.146785892269105 0.208531718383892
v 0.093379231056487 0.146709164395796 0.262583629561659
v 0.0934947806898438 0.146549724636275 0.374902964741296
v 0.0935273583395479 0.14636308108267 0.210409291135569
v 0.0935299349518652 -0.200940760080307 0.394041383809335
v 0.0935791943476099 -0.229813541121189 0.226773483737849
v 0.093771470060317 -0.146905120454166 0.171517129947844
v 0.0939143339717971 -0.146750991252982 0.16163930606951
v 0.0939358464541695 -0.146608751999179 0.247503515787805
v 0.0940518901513603 -0.229197016888689 0.273458249253901
v 0.0940951516031158 -0.146430107041341 0.24146307355266
v 0.0941822528056971 -0.146791585053916 -0.0329658779694195
v 0.0944060504539964 0.230018205004927 0.227801657538627
v 0.0944390971257598 -0.228691993402514 0.311699897820703
v 0.0945183984181885 0.144338407315514 0.263905255438877
v 0.0946436798352047 -0.145814986917837 0.220664291327509
v 0.094917518648334 0.143476189464507 0.220625982273052
v 0.0949629625492767 -0.228008730031854 0.363438318734995
v 0.0949813375008691 -0.145599850983254 0.0878650909542739
v 0.0951576271675971 0.229046691066689 0.217171492901943
v 0.0952465181750026 0.142765453091251 0.184950365477269
v 0.0952559106420305 -0.145469921632496 -0.0316336534058974
v 0.0952921237559197 0.142564411628604 0.264857262263958
v 0.0953283960273805 0.142588572691335 0.176071802899763
v 0.0957671055029877 0.141640830350295 0.128499603343964
v 0.0958047096225398 -0.144513006920458 0.176641022713355
v 0.0958944976620809 0.141365625574009 0.114685620398104
v 0.0959605937028429 0.228042065734644 0.15201118045842
v 0.0960320242370774 0.208438190666139 0.390441703980305
v 0.0961479308695283 0.140818134820609 0.0872041644708835
v 0.0962025941014708 -0.144313754661209 -0.0477719568198112
v 0.0962152663019261 -0.144289386971401 -0.031241430288037
v 0.096224822269579 -0.144041892166076 0.160711429768749
v 0.0962398662728478 -0.144242083074747 0.000848534942117396
v 0.0963582287910317 -0.143962278578037 -0.031085611330314
v 0.0964194199010037 -0.143817625118551 -0.0475949411958924
v 0.0964369046152049 -0.143891357955428 0.0886074406795363
v 0.0965694545571317 -0.143655421164437 0.147643858261505
v 0.0965744109532067 -0.14369283140928 0.160596674398786
v 0.09658122695404 -0.143744277713442 0.17840929555523
v 0.0966013563349178 -0.143896211710599 0.231014488022038
v 0.0966051742490182 -0.143925028838835 0.240992048051836
v 0.0966088865127742 -0.14395304853176 0.25069350636103
v 0.0966350755234493 -0.144150719841058 0.319134654920979
v 0.0967323725679229 0.195154528649486 0.395180628690743
v 0.096749845454464 0.139517821128857 0.0219345445009104
v 0.0970179443746915 -0.142389738023584 0.160088591760847
v 0.0973256057842715 -0.141811385547158 0.240907764999695
v 0.0973566526752135 -0.22488205402775 0.308971956172937
v 0.097384144335727 0.137800508202131 0.240386039603609
v 0.0974884709280158 0.137922171446372 -0.0581595505175961
v 0.0975660516231431 -0.141155332751881 0.253192081601172
v 0.0976112273787167 -0.141182296150927 0.292956513487441
v 0.0979066454513055 -0.139881734662331 0.184748344615916
v 0.0979152344950263 0.225535709553665 0.0916152907858305
v 0.0979901475242701 -0.139406052365317 0.090869695816299
v 0.0981463916092471 -0.223848527034596 0.168590003017108
v 0.0982843322555011 -0.138724620997632 0.158661291753319
v 0.0983100136078096 -0.138481845039852 0.0911236514687825
v 0.0983269447277104 -0.13843473376464 0.0918619848212701
v 0.0983739696634352 -0.223553218444073 0.285823782012616
v 0.0984075750116892 -0.138439299516678 0.187121503016868
v 0.0985910394837686 0.13510939280814 0.178926183069442
v 0.098840345209112 0.224286282923129 0.165083797283698
v 0.0989109038941651 -0.22285096014568 0.216930683788315
v 0.0994909071099667 -0.222089535186297 -0.0348758885946237
v 0.0995581047124865 -0.135221151382971 0.23057317627484
v 0.0996423350749433 -0.221784667730288 0.35249730874544
v 0.0997972882301896 0.223049305424687 0.151548968865122
v 0.0998805658175703 0.132438833039327 -0.0562519210930802
v 0.0999361791468737 -0.133956997735046 0.162037581627941
v 0.100027455451294 -0.133984039767504 -0.0444016696855069
v 0.100242700603395 -0.133372748556348 -0.02575592301971
v 0.10061115357893 -0.132078864072553 0.191471909551034
v 0.101115549741703 -0.219889837371698 0.293760560882086
v 0.101271595744144 -0.219628998325779 0.338928423812289
v 0.10132315595388 -0.130097699209618 0.222520954360739
v 0.101359481396157 -0.219551352595664 0.305179673536718
v 0.101515673905345 -0.219449474538907 0.21433700080879
v 0.101589646899178 0.128512164908705 -0.047452447990935
v 0.10161964495334 -0.129462258721131 0.0935227472375609
v 0.1017103836725 -0.129204562875288 0.101383045849301
v 0.101767113471422 0.220519181519521 0.330103840251261
v 0.101828860656614 0.220487200258104 0.0195012455697351
v 0.101831590307384 0.220489501912877 0.0100476337560727
v 0.101870924557702 -0.128799149616683 0.320931568642745
v 0.101914128289451 0.220320562510629 0.218261215494168
v 0.101932611808794 0.212039529125557 0.386154751501059
v 0.101971468302401 -0.168270805420306 -0.0488950495329498
v 0.102103281091486 -0.207205688473189 0.387191920444676
v 0.102132210840818 0.12718714140262 0.0202843148000362
v 0.102321082250876 0.126646849934808 0.109281812342811
v 0.102421437074679 -0.218265556182745 0.143939903345016
v 0.102469266785112 -0.127049352537189 0.167121772731523
v 0.102646022247535 0.12569522645249 0.280678856674366
v 0.102797217613686 -0.126117979833825 0.195530719501004
v 0.102891567800641 -0.217652142454614 0.17567188662306
v 0.102966855104223 0.218969055279876 0.322101375757493
v 0.102997969093529 -0.125513509908314 0.326022824895331
v 0.103007919465071 -0.217500279723224 0.180382234982176
v 0.103018325922732 -0.217267808834176 0.367192364365678
v 0.10302414182001 -0.125473520381102 0.215188171583663
v 0.103024661521702 -0.216883805135401 0.368139507202129
v 0.103147360096148 0.12492902000416 -0.0359153145200998
v 0.103313809486537 0.124568810172516 -0.0534432093566915
v 0.103359379550402 -0.214392063393323 0.373437947139577
v 0.103429521576965 0.21837271666497 0.337554661217426
v 0.103506058161178 -0.216849603058371 0.169047516868745
v 0.103590731566162 0.218145769953025 0.097895194777138
v 0.103724250930853 -0.123506017550019 0.212082489526131
v 0.103767628609758 -0.216450635915136 0.212062422860671
v 0.103776364325967 -0.123271584017831 0.329500620935253
v 0.103788441479057 0.217993510502037 -0.0717316608996981
v 0.103932458697962 0.211191452139922 0.382836088560385
v 0.103961046022431 0.123034772437863 -0.011217793471471
v 0.104063972791544 0.217534555832188 0.0977725403205799
v 0.104108122110831 -0.1224402556337 0.170443516839142
v 0.104249946518428 0.122190421079513 0.139740528773214
v 0.104291662897797 0.217332790291655 -0.062314399414384
v 0.104320001214159 0.122063209736285 -0.0525343353185305
v 0.104362527938277 0.122083206241376 0.0149747032848511
v 0.104373074602753 -0.121642582743341 0.332040322215898
v 0.104534064185134 0.216926385728977 0.0845528694158479
v 0.104558059236051 0.216983016935234 -0.0573290711222336
v 0.104560613220274 -0.21547212651596 0.145052022394342
v 0.104591992674685 0.121451595846371 0.102570952700352
v 0.104740336033102 -0.215237369727614 0.140962584175885
v 0.104760189449893 0.121090395947019 0.0139615121662983
v 0.104805634074777 0.120759285112678 0.27041479595888
v 0.104918937163736 -0.120092345802946 0.379326009847333
v 0.104990570219006 -0.209722398467984 0.38405766063583
v 0.105024579838651 -0.119809798736789 0.334889626606682
v 0.105058170873216 -0.119778299981635 0.141858251807774
v 0.10523939342116 -0.119278630046459 0.111566977270636
v 0.105330082691893 -0.118992714779422 0.206386236487379
v 0.105344266052192 -0.118954780612722 0.200420302413789
v 0.105414426131648 -0.11876713367338 0.170908931356345
v 0.105468169248748 0.119349440949918 0.0264146612071831
v 0.105472683409692 -0.118611321422252 0.14640422494089
v 0.105591214462238 -0.118294303690808 0.0965466150205415
v 0.105591758228579 0.119069342369288 0.178285454127986
v 0.105637016605022 0.215508730499128 0.17202049625321
v 0.105658990435865 0.119010415565067 0.0995553242855044
v 0.105723016919408 0.11885866417848 0.103732382818706
v 0.105862902237826 -0.117567659993409 -0.0177331694282956
v 0.105913728282161 -0.117431722980049 -0.0391120826990761
v 0.106250054077115 -0.213265352075859 0.106610246978709
v 0.106317144103259 0.117450502758865 0.14249296884184
v 0.106373148148568 -0.116420865543279 0.155052642912208
v 0.106529312223662 0.21434725941413 0.0563324432680425
v 0.106582652573778 -0.115936756899575 0.20245537045795
v 0.10665212734368 -0.115631865618973 -0.0384919439245011
v 0.106748936106538 -0.212613704457242 0.0952586149542524
v 0.106810252089225 0.134093521395576 0.38639152051458
v 0.106817816470144 0.116116285451696 0.0960775344604698
v 0.106876252189715 0.116125341315085 0.17896892495079
v 0.10696686319688 0.213795614502065 0.228532498149828
v 0.107027773678007 0.213705481302755 0.0818985791396133
v 0.107245349340034 0.115140030812194 0.143828705379214
v 0.107539296570007 -0.113684389251455 0.344550099564813
v 0.107553668336031 0.213098784813812 -0.0621647886957702
v 0.107558779601459 0.213099798496689 -0.0716796739531105
v 0.10757964129267 0.212998100098625 0.150595623640778
v 0.107809662408221 -0.211197164715697 0.0976163421429606
v 0.108060771416258 0.212367642530682 0.0346717623860307
v 0.108208449886176 0.212203152389336 0.37026700054242
v 0.108234127358353 0.212168929394426 0.356713058398811
v 0.108267573758746 -0.111834003354769 0.211451756747843
v 0.108470963873471 0.211853273133735 0.231698088029139
v 0.1084980896517 0.2116535306777 0.370613234432659
v 0.10850890563925 0.211802704259658 0.211670396259466
v 0.108581592134817 0.211705827528542 0.173302579180723
v 0.108613306236555 0.112008289345357 0.292293537322331
v 0.108623594354302 0.21166022073962 0.370235558331436
v 0.108626805889649 0.211645566530465 0.149436342938068
v 0.10863270249229 0.111962317607732 0.293558940184537
v 0.108669078296381 0.11144157071509 0.0630561252620439
v 0.108716088625211 0.21152657029191 0.102308143407095
v 0.108723157095169 0.211517149418635 0.0985770271898537
v 0.10875877464446 0.211469678265723 0.0797761810997244
v 0.108767789998144 -0.209875528986581 0.135732692308627
v 0.108803904539365 0.211409529036353 0.0559542106087598
v 0.108840649873819 0.211360554768741 0.0365580592352761
v 0.108865793954354 0.211327042679458 0.0232856697073375
v 0.10893798500159 0.111202905419886 0.294261717317103
v 0.108967699418199 -0.209642958859622 0.106781844821371
v 0.108996245604039 -0.109930704698182 -0.0140168667148626
v 0.109110932135219 0.110423454115708 0.107497424485857
v 0.10934918744532 0.210710854993595 0.361201869407109
v 0.109863721309152 0.109044637266147 0.373870045355257
v 0.109878171994862 0.108872296253939 0.300806493866737
v 0.109901926066305 0.108589001689318 0.180704454640019
v 0.109907608267238 0.108521234921705 0.151974898910678
v 0.109909359409739 0.108500350537589 0.143121015237677
v 0.109916159478033 0.108419251918718 0.10873945370664
v 0.109934768766994 0.108197314789894 0.0146497496293535
v 0.109950157068965 0.108013791627659 -0.0631544470705912
v 0.110046211841605 -0.107585196583968 0.367007084717644
v 0.110343927217338 0.209394727082793 0.040227269123892
v 0.11071147089396 -0.147971570414438 0.393174651598045
v 0.110713112355554 0.107121157785141 0.305993508420799
v 0.111673471572434 0.207656656938412 0.0554658192835091
v 0.111867376559249 -0.102919864116254 -0.03369125893197
v 0.111886644498095 -0.205902419880002 -0.0421820988588692
v 0.112036350241135 0.103997452043098 0.314897784224554
v 0.112078851711093 -0.102634556084202 0.375729873364572
v 0.112266340255223 0.10360381202668 0.181871961171086
v 0.112505779086246 -0.101380453001061 -0.00345579691198905
v 0.112538621912941 0.206632664877005 -0.0672003964447304
v 0.112553927768275 0.102952558775671 0.158890267951936
v 0.112759312618922 0.102487456691534 0.142477553855434
v 0.112800326783747 -0.20470928198548 -0.0424355815744377
v 0.112883332902841 -0.198946844573949 0.38478040362479
v 0.113000539228881 -0.204262638958473 0.111209199454661
v 0.113128634612765 0.101651112489354 0.112964294842399
v 0.113305361639157 0.205523340067099 0.0741696997079826
v 0.113394241695658 -0.203669230651462 0.169888444395291
v 0.113598520156257 -0.0988950674318624 0.314282276786023
v 0.114046884962019 0.0993590328280486 -0.0699469639112806
v 0.114087229811281 -0.202713651415373 0.197179575864268
v 0.114239305840051 -0.202417417356941 0.277116877129225
v 0.114353824510199 0.0988766217079508 0.015056920286058
v 0.114658326987845 0.203882540939505 -0.0685996669514201
v 0.114733833287113 -0.0960078373596345 0.102067357085723
v 0.114762232124197 0.203619645579878 0.108291604218933
v 0.114783054634881 0.0976312214229953 0.227203483108783
v 0.114815835456125 0.165150825253461 0.395108986651718
v 0.114836277658562 0.0974248966939612 0.300293353870613
v 0.114954645295273 -0.0954619613630025 0.102203898209744
v 0.115186055695529 -0.20153027022583 -0.0431093524337235
v 0.115251052985053 0.0965390855810842 0.218953101615145
v 0.115311107865656 0.096708815843352 -0.0614415068030977
v 0.115319850004514 -0.0944326234039627 0.00514378921805332
v 0.115403236498738 0.096500186924908 -0.0688036900903109
v 0.115434374771456 0.095938930095224 0.371085016416341
v 0.115483894582562 0.0963008005438565 -0.0601654104623579
v 0.115540148499975 0.202601875802326 0.0997836715503682
v 0.115592795140805 -0.0939984503449966 0.252755349690852
v 0.115656290292232 0.0954137485620001 0.37376457542326
v 0.116159092756195 -0.0923119070093558 -0.0297120957989606
v 0.116248164467616 -0.0923562568085402 0.173787785745656
v 0.116263592891711 -0.0923190534978755 0.174518493271098
v 0.116291117304757 -0.0922526825397568 0.175822080443896
v 0.116294893295451 0.201658647898535 0.0546903135348608
v 0.116347455694517 0.201546509332754 0.109036609318928
v 0.116456733230167 0.201412013634445 0.0999435547899109
v 0.116497491599978 0.0935019328886857 0.312746390938043
v 0.116525156714324 -0.199578508257926 0.0995628735923568
v 0.116557953587867 -0.199530706270211 0.103057160348534
v 0.116614675767284 -0.199398457462186 0.151466198792536
v 0.116681800591072 -0.199350197206816 0.116252227326988
v 0.116706857697495 -0.0912230818708751 0.174666938905073
v 0.117011576894676 -0.198869542769058 0.151387679145378
v 0.117084303853481 0.0922633234509127 0.184497761187502
v 0.117099949359656 0.200566839099594 0.202995312587614
v 0.117194879168094 -0.198602376662194 0.170917306124378
v 0.117210660115546 -0.0985822138378833 0.383106441609105
v 0.117388461162333 -0.198320227691562 0.191542168363206
v 0.117455154507127 -0.089462804945587 0.261218043517136
v 0.11756514266554 -0.0892110818782025 0.290424958019764
v 0.117604037938879 0.0912278311436126 0.0154411774560194
v 0.117644115095262 -0.197947607839711 0.21878037906685
v 0.11775167100064 -0.0887311437504328 0.245645408721309
v 0.117764277684916 -0.0887003791452998 0.245592613673469
v 0.117767568027416 -0.088692444982132 0.245748447996576
v 0.117965527258373 0.0904680158565137 -0.0664433809368703
v 0.118117453151219 -0.197121025803138 -0.0440313668385899
v 0.118126682840593 -0.197244257338848 0.270194733524441
v 0.118371636630448 -0.0869106546046766 0.0242914769469421
v 0.118452208359366 -0.196679331864295 0.0975522083797173
v 0.118454305187325 -0.196676565197256 0.0984390546238772
v 0.118502813742633 -0.196612560413043 0.118955582887229
v 0.118578974761921 -0.196512069487803 0.151167626615367
v 0.118626588477252 -0.19644924540335 0.171305685357847
v 0.118668870250302 -0.196393456568925 0.189188617271664
v 0.118740104913901 -0.196299465741056 0.21931707563887
v 0.118766236099196 0.0883137860673845 0.176956338577166
v 0.118857067648369 -0.196145138848964 0.268786065844926
v 0.118861549815695 0.0883161038626174 -0.0273187785204142
v 0.118873522538469 0.198244264208433 0.137989081766023
v 0.119060997290234 -0.0855049071231105 0.254228930489357
v 0.119089033426187 0.0878248610423508 -0.0670444485287565
v 0.11910746410568 -0.195814752361133 0.37469039469615
v 0.11911649609381 -0.195784854424475 0.0969126554576514
v 0.119191078444541 0.0870957977464631 0.373700214710916
v 0.119211852679563 0.0870519572312743 0.369152277551068
v 0.119308840197921 0.0872624147872384 -0.0262996337905782
v 0.119356801874692 0.0869065403091671 0.192761589148841
v 0.119378533611902 -0.0844399920669393 0.0391548240493548
v 0.119536792199839 0.0866791263434244 0.0159550338618431
v 0.119773476579186 -0.0835026453902264 0.0693941233996476
v 0.120115258074119 0.0851989355279487 0.12318323567761
v 0.120209253100273 0.0849584190504872 0.140606765884402
v 0.120243084604058 0.0979600068043925 0.379050082122176
v 0.120423548432811 -0.082287950035917 0.371538668550593
v 0.120424392731235 -0.0819390438612819 0.10482436211518
v 0.120435097379856 0.0843805238915335 0.182470732397886
v 0.120446573853347 0.0843511576464168 0.184598086266741
v 0.12045912083275 -0.0818846012177767 0.12900092663072
v 0.120462497575763 0.0843104116859096 0.187549811159748
v 0.12047391640226 -0.0819041443351844 0.172167904398007
v 0.120533632266302 0.196090920490784 0.136145561813107
v 0.120784448227685 -0.0812498632851058 0.259563524024737
v 0.120787320218991 0.0834792485792478 0.247761051772205
v 0.12087196059563 -0.0809981440240108 0.232411361048931
v 0.120951758108761 0.0828163661646862 0.184629987291532
v 0.120956240743055 -0.080755721873483 0.206262048074458
v 0.1209956381252 0.0829462002782485 0.286376215573726
v 0.121036975795221 -0.0805234967817284 0.181212659676588
v 0.121066008796786 -0.0804399866919762 0.172204689618152
v 0.121071797104327 -0.0804233372910811 0.170408771242305
v 0.121224849341794 0.195262455895498 0.0510724976398379
v 0.121274639548702 -0.079839884329906 0.107473540058046
v 0.121297403511948 -0.0797744064078411 0.100410643069194
v 0.121363129403566 -0.192757997874058 0.0678526948245172
v 0.121371335672967 -0.0795617490500312 0.0774719644311719
v 0.121381665145128 -0.0789314725929977 0.211277472414294
v 0.121399483597256 0.0808008280592943 -0.0687136822354456
v 0.121442331387276 0.187090479793978 0.386086714616512
v 0.121463711251888 -0.0792960413219065 0.0488109096251564
v 0.121466502940029 0.0817413413483992 0.373658784238961
v 0.121474286551954 -0.192620859484013 0.264090469258164
v 0.121651179398001 -0.0787568107613952 -0.00935419064110699
v 0.121718839583412 -0.0785621940200442 -0.030346884867196
v 0.1218425799906 0.0877594573268592 0.376430310893827
v 0.121872297872799 -0.192082191344368 0.220834781263623
v 0.121914701856337 0.194272764919276 0.260193350213024
v 0.121916649963372 -0.192008137606809 -0.00367480819848741
v 0.121946120321482 0.194316155414628 0.0635550845284543
v 0.121965494386358 -0.077517651213127 -0.0304344532080729
v 0.122184243310832 0.0785471246199474 -0.0182220536898043
v 0.122311280880635 0.0781718720361301 -0.0140777001737701
v 0.122484370221035 0.193523920333539 0.179374751464545
v 0.122521844883531 0.0986292907813464 0.381436201983478
v 0.122565657039728 -0.0738725352100992 0.221106148705358
v 0.122794937742525 -0.0734840552298163 0.0881387204759787
v 0.122832725707842 0.0766684067985996 0.0171678965666417
v 0.122960454503709 -0.072656734770604 0.116912683172844
v 0.123154969223763 -0.0723489684629274 -0.000868039521170011
v 0.123311846076714 0.0753314413911451 0.017326545392384
v 0.123452148734378 0.0881748892629769 0.379258214943922
v 0.123469187734144 -0.189916355727889 -0.0248562078630885
v 0.123470426948458 -0.0711566724046396 -0.0337439689742277
v 0.12348116114294 -0.0710986537942606 -0.0308821538782347
v 0.123598930351362 -0.0704621080497182 0.000515982152996444
v 0.123684881814678 0.0743957042075939 0.13948543118943
v 0.123778733051521 -0.0688806286280451 0.187533676557179
v 0.123848620537247 -0.0691125258676762 0.0670852197928452
v 0.12387502399098 -0.189372918895886 0.0222102033451431
v 0.123893032189439 -0.0688724796910086 0.0789256924900634
v 0.124115114078194 -0.0676721210987997 0.138134355319985
v 0.124178492173606 -0.0673295607855224 0.155031421096319
v 0.124211169505759 0.0727743201403669 0.130827452543564
v 0.124244113246397 -0.066974877119076 0.172526481117727
v 0.124253386984291 0.126338030700839 0.394196925029442
v 0.124300663665481 -0.0666692205803051 0.187603238232899
v 0.124315505294069 -0.0657772277481051 0.0729186457102066
v 0.124393638126064 0.191045005511123 0.180207145780659
v 0.124407728662288 0.191009576324726 0.201419291738526
v 0.124473770139741 -0.0655368773896019 0.278628572067178
v 0.124487739482203 -0.0653882345169085 0.299038348071286
v 0.12458126194216 -0.0643944284184834 0.151608302919038
v 0.124719305375499 -0.0644064508583125 0.299216193228843
v 0.124762397999833 0.0711046442307125 0.132796164660921
v 0.124870597012019 0.0707926774701498 0.13927957867917
v 0.124995724165759 -0.0629123998494907 0.372911473127865
v 0.125076917191821 0.070197801076813 0.15164253023442
v 0.125174738148872 0.0701966371727927 0.266104630016237
v 0.125225742760931 -0.0591108740757426 0.0603425967098837
v 0.125298465901838 -0.0591307182041371 0.140079001797483
v 0.125360284462378 0.0696539535692015 0.27424414653006
v 0.125455968768436 -0.0585203388148369 0.217282263319176
v 0.125471520226084 -0.0566420069641334 -0.0408067651497388
v 0.125616340881038 0.0686424979599292 0.183965441856294
v 0.12565545304514 0.0685903214301184 0.147403502736695
v 0.125709675400726 -0.186898267027347 -0.046195380452403
v 0.125872491767681 -0.186696860447327 0.23287209050811
v 0.125926930086799 -0.0548113566250162 0.172808518255284
v 0.126030774114728 0.067731908427799 0.0262383430799147
v 0.12623178873987 -0.0512010437455408 -0.0327415964179001
v 0.126617179849047 -0.0483527061887754 -0.0418411179443769
v 0.126628251650275 0.0658893522015892 0.139003334755084
v 0.12675597738304 -0.0496988329020929 0.301544165675658
v 0.126805093088581 -0.185423286905245 -0.0468915319434845
v 0.126964685237089 -0.0458320364524134 -0.0430801031630889
v 0.126991392410255 -0.0472129546879321 0.186960104979848
v 0.127012797448041 -0.0958021032025951 0.388595571062386
v 0.127107108941653 0.0643442139624458 0.273294044279942
v 0.127251420214771 -0.0438655589212736 -0.0275307777146312
v 0.127461969500908 -0.0449677051774159 0.302304959299125
v 0.127562743480841 -0.0419022732100975 0.0144639712465314
v 0.127602174180956 -0.184356009209499 0.0464458421994423
v 0.127648558819168 -0.184301682720281 0.173748396411156
v 0.127805865165306 -0.0401983622432143 0.0223077126564286
v 0.127842741130962 -0.0409093209997523 0.165176600585237
v 0.127899634253108 0.098325087638187 0.390281360475526
v 0.127922114377764 -0.0400132158259149 0.11807233844889
v 0.127954593266034 0.0625191251825046 -0.0730005569759186
v 0.128100506528087 0.0619767600808577 0.0138552972275533
v 0.128121447649354 0.061085015470928 -0.0733738464396225
v 0.128134106390824 0.0618518681230444 0.0338558423328277
v 0.128151431945129 -0.183621934697372 0.1322514849557
v 0.128180657908185 0.0613432481367584 0.277034631115134
v 0.128214531673987 -0.0387332044934899 0.239953064602362
v 0.128224108033957 -0.0386781215334279 0.242020609339915
v 0.128244465399004 -0.0370550851590818 0.026320980726322
v 0.12827796084634 0.0613171556829952 0.119486178047022
v 0.128304986666586 -0.0380709956856451 0.238741484391036
v 0.12831716268199 0.0611714409804517 0.142821335344187
v 0.128385635917866 0.0609169233786025 0.183580491217794
v 0.128452087271931 0.0597738026045297 0.113371443981657
v 0.128469463334538 -0.0377331688979212 0.278428956768116
v 0.128551624926392 0.0602999359696777 0.282386569028145
v 0.128582103070772 0.0930818995815931 0.389548483488699
v 0.128696327808839 0.0597620698947063 0.368521936600373
v 0.128710900550029 -0.0784571516032808 0.386643445687132
v 0.128712643399044 -0.182872974410924 0.23699751551588
v 0.128842111653332 0.0563283133189113 0.101078196096895
v 0.128855042059116 0.0568901205159929 0.183477470981759
v 0.128931499217599 -0.032391708573592 0.0322852078398877
v 0.12900483609526 -0.0347777189312842 0.311687883911783
v 0.129039067506901 -0.1824331587456 0.232318136415102
v 0.129108449741886 0.184908806331336 0.200433230423465
v 0.12913888781467 0.0554484180277374 0.305079783025568
v 0.129176265254769 -0.0309097184531151 0.112669585452463
v 0.12926278691972 -0.0308811450194063 0.19990864802856
v 0.129300924767681 0.0533869492143764 0.314553688120326
v 0.129550204871935 0.0488295403455349 -0.0735495352975132
v 0.12972741834766 0.0479968216568308 0.0106237322524326
v 0.129745111597736 -0.0267633967998191 0.107699389163833
v 0.1297471600369 0.0483061449870435 0.0692521261645597
v 0.129817905308946 0.0835876291214679 0.388221403046069
v 0.129993646942116 0.0471170431693381 0.182547789356072
v 0.129995836029102 0.0468604211227558 0.153414164700873
v 0.130169618294286 0.0437981215085863 -0.0391163621323812
v 0.130174472210081 0.0453545313190253 0.156626006390418
v 0.130187851305488 0.183453409763978 0.267668069742461
v 0.130191984446375 0.0425013981915966 0.336078536600677
v 0.130193470532783 0.0451693538309649 0.153902546315653
v 0.130298003847447 0.0407268735777395 0.371156094357049
v 0.130309263469555 -0.0230256343381102 0.157480539992481
v 0.130366470405655 0.0400226314104497 0.363844039317364
v 0.130389416915456 0.0427120543016998 0.0587624509895603
v 0.13043642426097 -0.0222656472627645 -0.0121137931521625
v 0.130511724861062 -0.0215058318888576 0.149271991226337
v 0.130531780045952 -0.0214441695325833 0.101319016937262
v 0.130552640218862 -0.0213800321326539 0.0514412750602433
v 0.130579275883931 -0.0212981372073239 -0.0122459643841709
v 0.130592416071909 0.0406471688319202 0.0190980716938883
v 0.130597246630119 -0.0212428837374566 -0.0552149389744348
v 0.130623482153221 -0.0242370271690927 0.3292738328195
v 0.130649462545194 -0.0207194143139212 0.156481868314049
v 0.130727872422242 -0.021182932914731 0.20768464689831
v 0.130731609369705 0.0390809002100334 -0.026522665259926
v 0.130815285665909 0.0391084943439419 0.0647636936151412
v 0.130999824985527 0.0368647376570855 0.0684989718095984
v 0.131077491695984 -0.179683167092864 0.148753060051165
v 0.131112072657204 0.0338704657278734 0.181307001261975
v 0.131186261516903 0.0354617726631791 0.00781020184900038
v 0.131213363125898 0.0352284158102842 0.00769823126303134
v 0.131213939710489 0.0414763221236546 0.378253650290486
v 0.131283179161949 -0.179404005910656 0.114121268557862
v 0.131534200487509 -0.0160172875055841 -0.0578267824423351
v 0.131544739451819 0.0319984761678839 -0.0398054461662035
v 0.131579589722713 -0.0154088243767061 0.205169361995326
v 0.131582072726823 0.031567714741416 -0.0406209944940303
v 0.131710643406634 -0.0154981007340078 0.255319868026467
v 0.131730787965049 0.0301850531159424 -0.0664759952288956
v 0.131752406226113 0.0299272427619888 -0.0663802659898373
v 0.131757895554843 0.0294987547888696 -0.0417302436138936
v 0.131768208645868 0.0286937318639567 0.00458105181826789
v 0.131786737677168 0.0272473861528438 0.0877863139934282
v 0.131802620141454 0.0260076271103938 0.159107074561595
v 0.13180627894025 0.0257220272935195 0.175537038336932
v 0.131808573237707 0.0255429382071061 0.185839661197599
v 0.131813539903552 -0.014300766991585 0.0927338768970762
v 0.131850410026325 0.0222772272907826 0.373709221630625
v 0.132108089453203 0.0265864508437189 -0.0651213485062972
v 0.13231204851009 -0.0116304455419412 -0.0136021163913828
v 0.132358333432891 -0.0112855362511286 0.0690733737977137
v 0.132381925144043 -0.010827865430693 0.247167598043498
v 0.132494271170291 -0.0120552131864443 0.349642810099202
v 0.132758812824425 -0.0106450107392956 0.368669724953244
v 0.132849477446411 -0.177290878677803 0.0488164633695016
v 0.132899510764616 0.0165269424784533 0.109277088574962
v 0.132916161826271 -0.00800455426257712 0.150866067643735
v 0.132944359421409 -0.00796631487304213 0.0851213845927336
v 0.133055985801574 -0.00735642641393874 0.075935205878563
v 0.133113123657836 -0.176943877551389 0.173915424270834
v 0.133125474407203 0.0131425223422384 0.192545005695259
v 0.133314478914587 0.0117884727469478 0.165690790408588
v 0.133332196823785 0.0116615396483074 0.163173387227974
v 0.133367078044099 0.0145940246518575 -0.0497365939443272
v 0.133463584383818 0.17919910333932 0.270617845478252
v 0.133463621202274 -0.147531595797187 0.393875626627871
v 0.133544685756634 0.0104144077365342 0.115001809802988
v 0.133564792291575 0.179191796688741 0.117077390172181
v 0.133623017803574 -0.00436350508979716 -0.0598397327285583
v 0.133647307550809 -0.040651883217019 0.386036102701001
v 0.133653202635347 0.00936181783083537 0.117564108955864
v 0.133674606041786 0.00924911915958418 0.163901699229374
v 0.133819456382513 0.00825405818388942 0.195160759087096
v 0.133911075342363 -0.0976638459318045 0.393115877928694
v 0.133931514775252 0.00871273022598426 -0.0584053558703581
v 0.134086724642542 -0.00144534302295206 0.144153058811255
v 0.134169635724225 -0.00126064782098759 -0.00959188408441109
v 0.134213290935548 -0.0977234310008396 0.393360198304777
v 0.134284971679351 -0.000669307719772994 -0.0594556257418508
v 0.134311757695164 -0.000518127855434358 -0.057823584513167
v 0.134350817968032 -0.17527623924464 0.156172736923632
v 0.134408224194684 0.00396536585101888 -0.0589477437536366
v 0.134432886308417 0.0942199734372028 0.389584511864737
v 0.134445321127414 0.00028812765344808 -0.00899283251065383
v 0.13444823073106 0.00367710919917781 -0.0555964476708106
v 0.134455542462116 0.00379321050667306 0.221608860949175
v 0.134479880474932 0.178164607539634 -0.0816846962338167
v 0.134534879294316 0.00304538686430138 -0.0077066326836199
v 0.134683019318394 0.00231030305018814 0.367618339384657
v 0.134694306113899 0.00211352831316959 0.22516735223151
v 0.1346965042721 0.00207520547814454 0.197424331137749
v 0.134697232195087 0.00173603412279319 -0.0592048396107373
v 0.134698967775343 0.00173806185616833 -0.0566398973327517
v 0.134699588430405 0.00202143605890661 0.158499075969586
v 0.134701419327448 0.00198951607914599 0.135391269064581
v 0.13471280529803 0.00179101231730299 -0.00831140972737507
v 0.134714782658473 0.00175653888496019 -0.033267735636862
v 0.135154728651978 -0.174189281763936 0.0853182737303576
v 0.135278141404645 0.0426184087814332 0.387224115585323
v 0.135552060812485 0.0405631378410283 0.387174085442687
v 0.135690634881193 -0.0971339702930354 0.39425260338928
v 0.135820202375977 0.176424453776593 -0.0811807902522696
v 0.136035181680723 -0.173004677504684 0.0992595437356756
v 0.136137255301507 -0.172902990544721 -0.0528062540646586
v 0.136179689169493 0.0427161815920871 0.387609176244967
v 0.136274600410341 -0.0973262528517569 0.394269348221101
v 0.13636185146066 -0.0957679101607085 0.394281569095038
v 0.136534857838955 -0.0102992634013063 0.383835872663419
v 0.136605432046526 0.175313778394487 0.0319890768230296
v 0.136738187986568 -0.172072697060319 0.0505597724469599
v 0.136913327037741 0.174878273471734 0.076363909481397
v 0.1369328114344 -0.171803790767378 0.0840368206564089
v 0.137003762519679 -0.17170575944826 0.0962410690593555
v 0.137121291979093 -0.171543371968259 0.116457232233298
v 0.13712706225656 -0.171437018732514 0.162612063570485
v 0.137128489359691 -0.171410715485137 0.174027061316699
v 0.137135600982386 -0.171279639624512 0.230910936989591
v 0.137137918784842 -0.171236919704633 0.249450388873203
v 0.137154276986099 -0.170935418148665 0.380295053505521
v 0.1371815553655 0.174498875428589 0.11502185293014
v 0.137207246864443 0.174462535849896 0.118724595744571
v 0.137567633358125 0.17395278383518 0.17066467533594
v 0.137618363539108 -0.106728122439142 -0.0229361667397707
v 0.137688160073347 0.17378230370624 0.188035379541737
v 0.137735028041183 0.173716010874936 0.19479014427996
v 0.138225643162084 -0.0103725090408347 0.387670762133154
v 0.138291955435225 0.172928259762893 0.275056340933479
v 0.138424485614849 -0.167290804138578 -0.055150110168411
v 0.138752047055383 0.171211430527416 0.0282368171339727
v 0.138828244419723 0.171357599292225 0.113810205157451
v 0.138936427245546 0.172016680640209 0.367939725048151
v 0.139015748333821 0.160878219703184 0.384447063077805
v 0.139465445909618 0.170331762828871 0.169064476631032
v 0.139686729295423 0.1702763615225 0.276619717692084
v 0.139769553702897 0.168908942299082 -0.0786832983277748
v 0.139972207472003 -0.164342201206767 0.0803070465761638
v 0.139981573438682 -0.16430280272089 0.173828101917879
v 0.14038324447724 0.168660800580222 0.191846163444671
v 0.14039982367352 0.168622345277792 0.189828293006432
v 0.140516488068959 -0.162855986869434 0.0554233671951823
v 0.140562668075636 0.168244629095008 0.170008339160418
v 0.140964363462199 0.167312900118864 0.121117594877049
v 0.141072860352648 0.167061242519511 0.107912330629691
v 0.141085512865734 0.109546800604961 0.391549472051705
v 0.141290367179594 0.166556737314936 0.0814393587913072
v 0.141306554726447 0.166446580042251 0.19048172610939
v 0.141334435636123 -0.161042484434324 0.0858174275446126
v 0.141559289572556 -0.160315974613507 0.201945042083189
v 0.141733585803372 0.165528695549073 0.0274947800840634
v 0.141904558366057 0.164998485035515 0.211006766706771
v 0.142009557722193 -0.159359802410019 0.0809076474511418
v 0.142014417065919 0.0146850036545293 0.389023514644994
v 0.142506478688208 0.163735977184993 -0.0665747802219497
v 0.142590886431843 0.163540194153405 -0.0768481304959771
v 0.14271243996392 0.16318053387007 0.0271788205890524
v 0.142823597031347 -0.157219901854187 0.174906107730821
v 0.143247837662696 0.161858764587509 0.0842015015501337
v 0.143616557327996 0.160879525080684 0.228901431564947
v 0.143886854890738 -0.154461036201989 0.230012009432729
v 0.144168245186788 0.043648130057215 0.391697775474009
v 0.144407297762206 -0.152722805885677 -0.0431948807134905
v 0.14457383723419 0.15854758796854 0.282913010464324
v 0.144629279923861 -0.152514117050714 0.278790926723877
v 0.144639901909134 -0.152511784528467 0.266681474626571
v 0.144993888174892 0.118551212975639 0.39270387352187
v 0.145274816278371 0.112465458188445 0.3930556272373
v 0.145882392942967 0.155625042415319 -0.0485627183775946
v 0.145939292188972 0.0980708945836207 0.393887626127667
v 0.146070710302324 -0.149037441373046 0.221297435484677
v 0.146521058147965 0.153978971392618 0.125499895721015
v 0.146541891744131 0.153845444851278 0.253229661295252
v 0.146701312987375 0.153569257765024 0.0907398458720817
v 0.146773554203107 -0.147416828324231 0.108505933667085
v 0.146811030465581 0.0791863994962543 0.394979140909856
v 0.146905146740923 0.152968083277144 0.256262138295058
v 0.14704615211183 -0.146613376782995 0.21818748147687
v 0.147194120738009 0.0439815010011864 0.393043954050098
v 0.147421865249369 0.151691152498467 0.286587650618588
v 0.147485803395317 0.114925604557865 0.392281195804403
v 0.147681734017366 0.151159937638664 0.178180626208991
v 0.149190350695725 -0.141297217062962 0.177325767040731
v 0.14962671094453 -0.142300243495671 0.376073845228064
v 0.149882323537001 0.145911920075152 0.130150513555543
v 0.15002190477865 -0.139017578766517 0.309449685443829
v 0.150406302309152 -0.13836102844406 0.083434695329605
v 0.150777123231038 0.143582980377895 0.318460309511328
v 0.151038383837798 0.143229436984183 -0.00900870201638693
v 0.151500634339727 0.142110970601207 0.00548740750381105
v 0.15154199462716 0.141899028104037 0.177815185218205
v 0.15160405211818 -0.135313841387446 0.130456212578679
v 0.15166706131384 -0.135166408301382 0.121344213823227
v 0.151870222558002 0.0432279739743301 0.395048508904205
v 0.152717882607715 0.122675458955558 0.387158690035031
v 0.153185011176018 -0.0132168835175123 0.393132537212547
v 0.153343642077798 0.125314484142453 0.383624734643569
v 0.153370016819366 -0.13062351852514 0.335751906258268
v 0.153697454370149 0.136534488363536 0.338415045278917
v 0.153968207114558 0.136163108722555 0.0481580459642596
v 0.154274356856253 -0.128350566483723 0.345705940245463
v 0.154295475268349 0.135320318022542 0.136285579767825
v 0.154297058215318 -0.107445050176901 0.391480047085052
v 0.154353704848458 0.135134354037285 0.177548445787041
v 0.154355277439656 0.13522124252023 0.0684096687196657
v 0.154674145823332 0.134166327351321 0.354827856094521
v 0.154824600208545 0.128046004830622 0.378193305888108
v 0.154835861023301 -0.112374413688654 0.387741114056103
v 0.154873596772552 0.134065808548255 -0.0662320187155753
v 0.154919221081544 0.133874566863117 0.0588065542425723
v 0.155137876789467 0.133423220269856 -0.065999979643241
v 0.155155883361625 0.133341370830773 0.00593746270954446
v 0.155167578338391 -0.127047281858325 0.351966882576046
v 0.155253621544341 -0.0641941902407661 0.394772417413571
v 0.155390118407968 -0.1133137456869 0.386441180923972
v 0.155404820636673 -0.12587883495276 -0.0317552061707706
v 0.155881510763642 0.131244938888452 0.369645876029077
v 0.156086150615645 -0.124057192043276 0.174762905064995
v 0.156138924260105 -0.123909331547054 0.189078702930521
v 0.156550145888724 -0.124122698963587 0.365098042776774
v 0.156610417852132 0.129789378060152 0.101370261785672
v 0.157208431484702 -0.121477955263341 -0.0296251426649276
v 0.157258900338322 0.128295649140781 0.00651096881059619
v 0.157329816559381 -0.120782110474394 0.323595490596915
v 0.157601718176959 -0.0140483719928558 0.394852745250864
v 0.157621108350569 0.127270966802427 0.179365216017525
v 0.157626277741528 -0.120118697832393 0.253472906137547
v 0.157719486597799 0.127139553097139 0.0846426383058016
v 0.157868811085374 0.126779919135081 -0.0710490873901737
v 0.157957344975703 -0.100402129121119 0.391059160791612
v 0.158169500408403 -0.0147554776860407 0.39508378131373
v 0.158180550409504 -0.119045875641098 -0.0284484275115464
v 0.158323746589248 -0.118558135815159 0.0883060184956891
v 0.158335621451408 0.0991396775917109 0.390440853768167
v 0.15843535969485 -0.118177970947661 0.179309328325097
v 0.158436745009651 -0.118173252433512 0.180438839339349
v 0.15843944599621 -0.118164052616056 0.182641078183333
v 0.158451611929325 -0.118460739507386 -0.0281646678590527
v 0.158463002019413 -0.118083818557597 0.20184738972089
v 0.158522631090204 -0.117880716263524 0.250465719753039
v 0.158531479632158 -0.11785057728691 0.257680343883777
v 0.158607496616633 -0.117591656198076 0.319660495347084
v 0.158628650951609 -0.117519602518449 0.336908599767255
v 0.158645555727524 0.124891311813978 -0.070314522655887
v 0.158664483674855 0.124847494226211 -0.065039918962789
v 0.158718530732602 -0.00544667109724539 0.39514240796834
v 0.158821881078022 -0.118953124139416 0.378764422747396
v 0.158922901805103 0.124249264586982 0.00697281439805757
v 0.159078576748977 -0.116577512807689 0.318345608876204
v 0.159125520342849 0.123780209205225 0.0634360150202203
v 0.159229580259407 -0.116462660562293 0.18068861282387
v 0.159969881844391 0.121658910302545 0.144197463651147
v 0.160057589093694 -0.114902351840611 -0.0264397855437541
v 0.160632379765392 0.120115457103675 0.0987491791060621
v 0.160854322095476 -0.11294121351455 0.191621916894643
v 0.160943151616256 0.119359645528608 0.10603209959529
v 0.161182816675671 0.0990744750155124 0.388833884785789
v 0.161425631717884 0.0416072001849024 0.392346808319174
v 0.162001418624089 -0.110622141092439 0.0902389745862904
v 0.162140622532656 -0.110124110207394 0.219332943672161
v 0.162160712893273 0.11611483796245 -0.0380362432867538
v 0.162303567030262 0.115855310676354 0.107286435403658
v 0.162327822161706 0.115794827154744 0.107621105663376
v 0.162382511988894 0.115657982681319 0.107682173561506
v 0.162414963332594 -0.109728798147211 0.0910835741740527
v 0.162425390190162 0.115640947696931 0.243174670860026
v 0.162543536110214 0.115467436109615 0.143537018362152
v 0.162949308979256 0.114480577646029 0.153046282260082
v 0.163065776646373 0.114049646601801 0.288637754582816
v 0.163107475594125 0.113751632898004 -0.0284143270330638
v 0.163208148039597 0.11381750915194 0.153861172333906
v 0.163747172870328 0.0978702525206261 0.384380453246808
v 0.163986013669581 0.111917271974928 0.21512069461689
v 0.164081306207275 0.111727507811995 0.179574572331293
v 0.164241250595999 0.090547291075758 0.389439143185647
v 0.164286326923241 -0.105400401714887 0.28151259199401
v 0.164315286282098 -0.105324697579159 0.290153247442793
v 0.164726059997279 0.109828708121025 0.14293648532593
v 0.164885634635111 0.109416568336866 0.142913586628195
v 0.164997301465198 0.10899738554931 -0.0641647813322335
v 0.165183462883949 0.109044867411852 0.207332630076205
v 0.165251767806168 0.108880890841523 0.207004272726389
v 0.165276514777881 -0.103424310637281 0.17718115791501
v 0.165424785802001 -0.10302375108185 0.229879078150384
v 0.165666905158398 0.10782931654008 0.254466644888536
v 0.165687636830214 -0.102518538403741 0.189550886716053
v 0.16604672799607 0.106399588226444 -0.0213809018207923
v 0.166359348315265 0.10613373436687 0.281065803838846
v 0.166440646547262 -0.100765775153445 -0.0046437778718592
v 0.166540885824936 0.105288970787368 0.165752603059726
v 0.166661195242734 -0.100373622623166 0.2188430481716
v 0.166747262739743 0.104737812639345 0.114448137952715
v 0.16679786476412 0.104540190710045 0.00924205656217402
v 0.166849014392345 -0.0999598248964833 0.224494099802488
v 0.167179303804191 -0.09911510001247 -0.0362811486621623
v 0.16723905662741 -0.0989886816766734 -0.0223925499730589
v 0.167318978465114 -0.0988195919973585 -0.00381598286610806
v 0.167337199766727 -0.0987810414067442 0.000419270500388406
v 0.167398809862768 -0.0987404585232705 0.222363818002355
v 0.167411908147227 -0.0987196736306661 0.241430294424488
v 0.167521920426393 0.10335977423214 0.260205169093082
v 0.167552930811554 0.102765296777993 0.179716714501493
v 0.167562352134671 -0.0967605145381855 0.381321951818853
v 0.167775291550009 -0.0978541758431601 0.102246776536251
v 0.167781208312495 -0.0964061825572161 -0.0377657194590942
v 0.168090467605833 -0.097187361618932 0.175504465795762
v 0.168165799195755 -0.0970279834721307 0.193014102406525
v 0.16829022207536 -0.0941160900343102 -0.038946027322345
v 0.168361355379737 0.100749378416421 0.190871288568477
v 0.16839929799805 -0.0965339728395548 0.247287205914533
v 0.168434076643022 -0.0936547708813118 -0.0209699153087263
v 0.168517172099361 -0.0962845880085363 0.274685176433137
v 0.168580318850003 -0.0933564663935251 0.0141149149935621
v 0.168584381356202 -0.0931727671180469 -0.00218779108275585
v 0.168600326260784 0.100686481467003 0.330965320097972
v 0.168748501153316 -0.0926464605361627 0.0183206703760061
v 0.16882948726704 0.0989603087399625 0.372653171549006
v 0.169047705078099 -0.0937062754133754 0.254602604747018
v 0.169148633036916 -0.0917594073813767 0.107336041679305
v 0.169263524957087 0.0990463353093769 0.370993271963627
v 0.169369672449985 0.0988172950140567 0.34728621271534
v 0.169419369638283 -0.0922655305297391 0.258347075395981
v 0.169424589541166 -0.0904783505657705 0.102804887934061
v 0.169541908000209 -0.0901021285727105 0.117465039469662
v 0.169588825874632 0.0976313208770289 0.123026242839608
v 0.169985832513319 0.0963753655347765 -0.0592906778737442
v 0.169988269088994 -0.0886707182062828 0.173242461493261
v 0.170059091949627 0.0964672032235136 0.142198434983605
v 0.170134581268208 -0.0211159756034294 0.390355065218097
v 0.170185228976844 -0.0880390985774162 0.197854631017784
v 0.170269304257195 -0.0877694822715186 0.20836070448994
v 0.170291985194883 -0.0876958060096132 0.198051554259435
v 0.170343707539842 -0.0872641895191456 0.198265567360718
v 0.170347244879277 -0.0875163016594742 0.172934409812155
v 0.170412095048127 -0.0866966107477144 0.198268969418756
v 0.170430069936093 -0.0872472545564708 0.135287996541255
v 0.170529666005637 -0.0869237288625389 0.0900186669645551
v 0.170569381125922 -0.0856782106431791 0.172448871257455
v 0.170572061033233 0.095208653391033 0.179828782339894
v 0.170607776114505 -0.085669206879222 0.144583035486498
v 0.170608942310196 -0.0866662094487473 0.0539852654944997
v 0.170727361635152 -0.086281538703642 0.000160215227088407
v 0.170769520965701 -0.0861445892563982 -0.0190024348464799
v 0.170776868959217 -0.0839558489711403 0.172488583670105
v 0.170777634866134 -0.0851688072375714 0.0627545149483005
v 0.170809915684559 -0.083707549411041 0.170153007300318
v 0.170823177407609 -0.0859702928440864 -0.0433908586439413
v 0.170824048932838 -0.0845716338625238 0.0818326776624302
v 0.170924382338871 0.0943252247328318 0.177475301602411
v 0.170980756255605 0.0941856742205635 0.179773599568188
v 0.170983716442446 -0.0824016816955172 0.15786964370022
v 0.171137610533077 0.0399509612888115 0.388852998510604
v 0.171250379929976 -0.0821418751576065 -0.0179121713238039
v 0.171257391592879 -0.0803570901888497 0.166246511620563
v 0.171428809557398 -0.0796583289376348 0.0723342699916141
v 0.171645058016759 -0.0774585760222349 0.172639013263174
v 0.171658888256992 -0.0790716758523716 -0.0467083350932051
v 0.171741070348673 -0.0778477230603375 0.00206366221474669
v 0.172129107288981 0.0912641928340448 0.169331742629718
v 0.172262279323322 0.091831001229346 0.371295207784601
v 0.172382177205929 -0.0816958778863626 0.347598708942393
v 0.172404964895006 -0.0717230028882499 0.0574229499049587
v 0.172632035055808 0.0902724114791375 0.276798040980358
v 0.17271828345066 -0.0694422325539013 0.20924546647485
v 0.172732272042187 0.089849893784787 0.251180828346024
v 0.172781510870361 0.0896266338669213 0.179529739994169
v 0.172792156121321 0.0895783659055795 0.164039041996388
v 0.17280742970728 0.0895091120327065 0.14181330881793
v 0.172813589028794 0.0894811842840898 0.132850421064779
v 0.172896065905373 -0.022286593564675 0.388929549340785
v 0.172897307431325 0.0891015862236566 0.0110255345096939
v 0.172908194354165 0.0890522224676695 -0.00481683825217505
v 0.172946817273845 0.0888770974658148 -0.0610199270128905
v 0.173074996006578 -0.0666886635238253 0.0100685202300406
v 0.173119905035939 0.0880359118072079 -0.0612308690137451
v 0.173470789392125 -0.0637771972834768 0.129949961496094
v 0.173474204814012 -0.0637803562372918 0.198039122513084
v 0.17349664852979 -0.0635205391501129 -0.0197317598060093
v 0.173572028054528 -0.0757226195293376 0.278482776600425
v 0.173784825360968 -0.0749464299052894 0.283000801413503
v 0.173845736953653 -0.0609079337741452 -0.0199788336025127
v 0.173910476137354 -0.0604112079879242 -0.0489790141521063
v 0.174168919239759 -0.0714907400797404 0.283523345210313
v 0.17421655630991 -0.0581546633620336 0.0318487602903537
v 0.174216719449284 -0.0748298341696152 0.279669214891181
v 0.174223978793628 -0.0580832891287893 -0.00567240411895165
v 0.174245159445906 -0.0579791694493685 0.123282464999692
v 0.174363108542057 0.0819483781914676 0.141356097452824
v 0.174371099231082 0.081954907181305 -0.0611856144632138
v 0.174586008149015 0.0808961954938356 0.00230977019947072
v 0.174731445466301 0.0801876136587484 0.0100529571702452
v 0.174741197817502 -0.0658191774472443 0.290224710436513
v 0.174742340192965 0.0801341812152217 0.0122067878198485
v 0.174746619291542 0.0800861580577317 0.133763569674165
v 0.174755159944535 -0.054195632933612 0.201983779770642
v 0.174770037604736 0.0799885617857325 0.0122261636625705
v 0.174834169874393 -0.0221538176286436 0.386856624900302
v 0.174876383151571 0.0786870077669286 0.28999668370227
v 0.174936666877002 -0.0746610219551036 0.280035403080406
v 0.174981829567749 -0.0524226678516411 0.0203302514550654
v 0.17502536535326 -0.0520824899878985 -0.0137285239195527
v 0.175103592566869 -0.0514817195194377 -0.0500860090781009
v 0.175109219900122 -0.0514395970744486 -0.050106677580008
v 0.175121443068013 -0.0513634245145482 -0.0138255835877033
v 0.17513343739446 -0.0512886780529186 0.0217762578565257
v 0.175161325345125 0.0777993214527783 -0.061170515016453
v 0.175166257484268 -0.0510841492205254 0.119193619198876
v 0.175179379910625 -0.051002372645362 0.158143913291
v 0.175181018183654 0.0770931795138733 0.297667289865855
v 0.175194605558006 -0.0509074891791823 0.203337037419699
v 0.175196897803722 -0.050893204320652 0.210140934987075
v 0.175282300146926 0.0759370087121146 0.303000772274331
v 0.175299204848526 0.0391722110813812 0.381559050921247
v 0.175306752422487 0.0773660599479701 0.123788142399778
v 0.175318012224101 0.0771056528304289 0.0115345188366632
v 0.175326880663347 0.0770663913550931 0.0156496060720446
v 0.175366849307162 -0.0807471860088203 0.217425449576069
v 0.17541542513812 0.0768330820293891 0.145272171593163
v 0.175471423814407 0.075626811121218 0.290341536186821
v 0.175549812339581 0.0760794503314334 0.119093207561735
v 0.175586329812632 0.0759948917148556 0.179059134540881
v 0.175607888740654 0.075822340244193 0.146041518317788
v 0.175648681516976 -0.072692692694381 0.282482902160215
v 0.17567901050335 0.0755074770248177 0.17904307019172
v 0.175695736033956 -0.0563725321809834 0.301251656875994
v 0.175747869587405 0.0752026309120826 0.21099470564459
v 0.175876378222481 -0.0473724872976703 -0.0521470733625248
v 0.175922388069526 0.0719878387070931 0.0103504543735929
v 0.175959388920883 -0.0803589416696711 0.214810989610695
v 0.176004485265808 0.072756293667569 0.178972207022271
v 0.176198563162846 -0.0455835283334184 0.205308642365858
v 0.176233502754492 -0.0522627356511013 0.293729864298946
v 0.176237021591105 0.0705395067712421 0.149954517211593
v 0.176250460472193 -0.045377234107277 -0.0146718191608242
v 0.176279478267922 -0.052502055899719 0.286394673260211
v 0.176305119762339 0.0672404012146268 0.32041203684551
v 0.176340841266634 0.0691809742626687 0.0944691028150039
v 0.176347028308469 -0.0519024804631108 0.306514089212891
v 0.176445978254615 -0.0442713729343973 0.20617664757734
v 0.176460979910631 -0.0518545130467004 0.328231095234477
v 0.176615149220485 0.0667801827749622 0.0849404611743519
v 0.176715517054819 -0.0485790181148772 0.286987885950761
v 0.176722895091482 -0.0428573960713517 0.0326562950845667
v 0.17677920306445 0.0653708485669641 0.0822968994416274
v 0.176822325648932 -0.0017559280514971 0.388369835577594
v 0.176950406475665 0.0614560112876721 0.331968629545121
v 0.176968629982349 -0.0418131336067942 -0.0549448242769933
v 0.177168688320816 0.0616578552893708 0.0336939022943347
v 0.177377941482251 0.0596630286071646 0.00758166661383826
v 0.177512333320449 -0.0386467468192732 0.111741571998591
v 0.177606932030954 0.054904343931118 0.354777825710072
v 0.177632607886547 0.0434304757882574 0.376374214797865
v 0.177709505044593 0.054381620153732 0.17854590914343
v 0.177709837859335 0.0557556224208888 0.040604645327264
v 0.177791456569043 0.052288871521827 0.374022579197176
v 0.177894756285922 -0.0366070065147609 0.150052392292022
v 0.17793150460152 0.0543858682860122 -0.0614962413863158
v 0.177939605585956 -0.0195672786693809 0.38086763782096
v 0.178053155077003 0.0503697200428072 0.20934571708009
v 0.17814447060798 0.0496974862994461 0.178095985624311
v 0.178156332172075 -0.0399813521956112 0.335205792450977
v 0.178181480904326 0.0494250291413955 0.16543043125967
v 0.178251425378125 -0.0196901697202212 0.380157111812004
v 0.178258804361843 0.0490544077609599 0.366560338965424
v 0.178383216546399 0.0480910510050629 0.166430813274045
v 0.17839327543842 -0.0339480406582929 0.199993633766813
v 0.178393302054006 -0.0339478986979823 0.199996300094452
v 0.178393318856232 -0.0339478196469578 0.199993532213371
v 0.178393392575566 -0.0339475179672447 0.199993388605544
v 0.17839566924209 0.0482654473564403 0.0503563672000808
v 0.178450629416304 0.0487911883841677 -0.0616089514630728
v 0.178465275756586 0.0476360597017095 0.0382481362313857
v 0.178511561044593 0.046995091912443 0.0524713800232718
v 0.178559447370024 0.0466425691438006 0.0360838630904828
v 0.178583132768614 0.0472582588064526 -0.0511315733684612
v 0.178651610900906 0.0459640927148303 0.00454393161011726
v 0.178710702818188 -0.0324545932537107 0.147709920306792
v 0.178787483685819 0.0457725343716474 0.373367312448125
v 0.178795907114038 0.0449018332889773 -0.0448366924988473
v 0.178840317139755 0.0445749018512341 -0.0600345604053953
v 0.178876977911815 -0.0354816053215696 0.337932858577466
v 0.178955801598045 -0.0313014538046382 0.107334063235068
v 0.178984477958553 -0.0313338060933664 0.147063842790969
v 0.179114238324495 -0.0337465118696384 0.31163638210796
v 0.179305554987246 -0.0296559359005087 0.0497181385006087
v 0.179316620464387 -0.03305765255653 0.37403566848567
v 0.179711656065116 -0.0277453136873913 -0.0171801099783049
v 0.179750185503711 -0.0535847583489391 0.284319657017283
v 0.179815013117696 -0.0277836095649984 0.105204437551204
v 0.179956914289418 -0.0265914240849325 -0.0575822328116685
v 0.180023170118872 0.0367471713727794 -0.0569995850996396
v 0.180104622570535 -0.0267501402170576 0.144954266675163
v 0.180106557087798 -0.0263998935898051 0.053972048089096
v 0.180290112009529 -0.0267446688385839 0.352580942411302
v 0.180424153193391 0.034609303575368 0.183020198867921
v 0.180498932263107 -0.0732827813376764 0.265715436075754
v 0.180545013610179 -0.0731214243228228 0.230853405399807
v 0.180612864135413 0.0333448063994418 0.17624230945886
v 0.180622590267768 -0.0238703854087562 -0.0580578307781744
v 0.180780795028649 -0.0208116566380012 0.372778069816043
v 0.180785126478526 -0.0231539748677895 0.300865008702148
v 0.180796774737792 -0.0217387074450213 0.360807300076479
v 0.180801308766006 -0.023291665324259 -0.0178386864965188
v 0.180814422145692 0.0316093144936267 -0.00937402575419743
v 0.180875543278205 -0.0215775170042736 0.142712129691961
v 0.180983678676028 0.0305107087576366 0.00101374139684667
v 0.181121318191241 0.0300391734781924 0.204957632779308
v 0.181153675178806 -0.0221506445446539 0.061458508455984
v 0.181181320503271 0.0733184714643039 0.224431558379274
v 0.181251297499965 0.0289142496067031 0.0825930188080036
v 0.181315061664529 -0.0216280483860286 0.0977772243046843
v 0.181347118157531 -0.0215242441546728 0.104991277298147
v 0.181394476124618 -0.0211237797453523 0.0971719997502175
v 0.181397523964124 -0.0210952689228167 0.0971378877738862
v 0.181448917362425 -0.0729150809160174 0.232611382106009
v 0.181466597926324 0.0271846551903574 -0.0581098617945789
v 0.181575308086946 0.0729343444779608 0.26634991752003
v 0.181583094358794 -0.0195288022920967 0.0660292287587628
v 0.181633282857503 -0.0190512160960278 0.0668555380234383
v 0.181770687533203 -0.0727905368283711 0.221398682973244
v 0.181808826716557 -0.0169851445425383 -0.0187090847471433
v 0.181875986976412 0.0245501262866647 -0.0224542715722375
v 0.181974705909866 0.0630835204810715 0.278661265968059
v 0.182092180616337 -0.0152239104236598 -0.0180260419461981
v 0.182104244559464 0.0230812272042216 -0.00257426050530597
v 0.182168592804543 0.0228649577581069 0.0947089567446532
v 0.182275000972437 -0.0126166740956885 0.13362855925277
v 0.182345885427439 -0.0130785533999467 -0.0599152626044799
v 0.182388589212053 -0.0131362790398954 0.306332719940187
v 0.18246188922762 0.0199653098950135 0.299448801335317
v 0.182592541965136 0.0201369024235249 -0.00400016690505289
v 0.182661914216901 0.019769164206729 0.174221563083895
v 0.182944089791383 -0.0729592336793225 0.235318474201732
v 0.182949040042008 -0.00614597527657234 0.154431452219026
v 0.183301041080774 0.0153795189476237 0.101660296657596
v 0.183373072827913 -0.00341231117477879 -0.0615627302591675
v 0.183551598752322 -0.000660658161722408 0.121767232192254
v 0.183801999264526 0.000630589137664091 -0.0611315075091652
v 0.183806168822218 0.000679949476015621 -0.0594037028448677
v 0.183888066097165 0.00246281841014162 0.113891684091826
v 0.183895603037348 0.00281005132375054 0.161221900513544
v 0.183895605723921 0.00294094819222727 0.183645344195505
v 0.183897791425567 0.00652039081310948 -0.0562987639158222
v 0.183922331092389 0.00205510947684608 -0.0112677308693724
v 0.183971609909091 0.0120549876196934 -0.0598746546658889
v 0.18399643800093 0.0118418631682645 -0.0458693668982829
v 0.184053545895794 0.0105369475967052 0.167199429467557
v 0.184064249764037 0.0112597666903422 -0.00761740365732286
v 0.184209630668701 0.00953250000446763 0.180793575919487
v 0.184217128188884 0.00554499629520875 0.110891940721503
v 0.184267605227763 0.00951416247984941 0.10709345721471
v 0.184299695529943 0.00898669371548628 0.181137757219395
v 0.184346619189726 0.00707794537207856 0.164551146748077
v 0.184371580394268 0.00862163918536085 0.165744848431405
v 0.18437283808585 0.00923130797245875 0.369692817087141
v 0.184387914885594 0.00756681485681019 0.181663488441048
v 0.184399225808228 0.0083843308282318 0.181339360506233
v 0.18443269976523 0.0080969902315513 0.200221697642322
v 0.184699459464742 -0.0617486748404328 0.279968013269397
v 0.185443732711187 -0.0553543173825212 0.281129027465992
v 0.185520343327287 -0.0173002824378227 0.297617743412853
v 0.186026320902346 0.0331537278002157 0.209011703233782
v 0.186445237257844 -0.0311575386118031 0.208127460524952
v 0.187309244206919 -0.0100491999038279 0.290702065380084
v 0.188381362754977 -0.0272848538636705 0.209611942999497
v 0.188626507798773 0.027539295789298 0.208902775557447
v 0.188718043868573 -0.0260732106320237 0.21031677758185
v 0.188725375557866 -0.0303673674613552 0.21043003373895
v 0.189289698415812 -0.0223120447981771 0.287128464909188
v 0.190158445860546 -0.00482214278613826 0.286823665761018
v 0.192188976906198 0.0602390154354296 0.279905052033245
v 0.192219081180814 0.0366632279651427 0.286100693976624
v 0.193502023380376 0.0628547007926614 0.279281637480608
v 0.193569406400245 -0.0733265918780081 0.25927183588588
v 0.194904689027003 0.0646396759928656 0.276994324357324
v 0.195826872106234 -0.0733601983453153 0.264402084652736
v 0.196167480603012 0.0407116049120517 0.212627285341597
v 0.196813211677471 -0.0723989296238465 0.267545998517921
v 0.197067053872852 0.0385224193574224 0.285847841762635
v 0.19707703220741 0.0384672566259723 0.285862819898219
v 0.197231630559911 -0.0588167268215335 0.281061066103164
v 0.197337835436614 0.0366383820211037 0.2862283824167
v 0.197668336263097 -0.0140746185280104 0.212279111827484
v 0.19776752676545 -0.0604209185082461 0.280803031065613
v 0.198074958811383 -0.062793133957244 0.279312517789326
v 0.198233522423713 -0.0331256789623555 0.285634297552209
v 0.198891998018255 -0.0266537403841918 0.286805036574273
v 0.199007364278238 0.000636585475970088 0.286941733178785
v 0.199138336581177 -0.0240357403959899 0.287242500261431
v 0.199146511717134 -0.014788912025 0.287233057860508
v 0.200697917927713 -0.0101052429307941 0.212866964998352
v 0.201402859575372 -0.0382556199130925 0.214383089262824
v 0.201420338757592 0.073074448125962 0.266599404678191
v 0.201515196801485 -0.0246531391093075 0.21263707564547
v 0.203892589909461 -0.00273495090559267 0.213566060458293
v 0.205209667819586 0.0732279173586065 0.252919918444499
v 0.206532408901942 0.0486803885310179 0.215282291291013
v 0.206537714489259 0.0625959395686927 0.279983185905125
v 0.207080615349564 -0.0734170377598453 0.263437824624697
v 0.207084341924168 0.0661055274031851 0.275424115793656
v 0.207161562858693 -0.0718382914433589 0.268707147136843
v 0.20736685073957 -0.0733728391285178 0.252469847371015
v 0.207520892986139 -0.0594299461278885 0.281426247504577
v 0.207947396495757 -0.057173816438147 0.218357714659726
v 0.207996423538284 -0.0731141313369851 0.229208983561271
v 0.208031964072572 -0.0635706514653135 0.278824553058096
v 0.20822704374234 0.0410006038625306 0.213532580776736
v 0.208262162380212 0.0731227506186323 0.266685418510096
v 0.208278712126544 -0.0615227601841225 0.28011131599238
v 0.20884874072377 0.0231865808675538 0.21415261605362
v 0.20900033438769 0.0631275877523353 0.218965471504095
v 0.209323411492806 0.0095854274966609 0.214626018097541
v 0.20937956849726 -0.064632744283431 0.220398302893664
v 0.209713628435501 -0.0622994136677283 0.219792967395865
v 0.209889680575482 0.0733945946891729 0.238501996016271
v 0.211585001478874 0.0630904620415035 0.219135414994625
v 0.211664160157315 0.0637005550650985 0.219720251890151
v 0.212611232773624 -0.0636778614406315 0.220281206783532
v 0.213196146388399 0.0728897781117203 0.227466034855405
v 0.219856121028145 -0.0600910297354147 0.220969343883902
v 0.220350077737254 -0.0640056387031706 0.221373906719458
v 0.223121742751631 -0.0415515513501523 0.21982433785057
v 0.223470663428436 -0.0680356652087066 0.228098976523006
v 0.226676381702611 -0.0733446198876951 0.23477207197972
v 0.227832896674189 -0.012894933587216 0.2171785203925
v 0.229340339669744 -0.00614349858109244 0.217589820426203
v 0.229495695932417 -0.073447012158099 0.24156056974342
v 0.232656154905159 0.0543271523411493 0.219392454614713
v 0.233246424937132 0.0507433858668045 0.219635362891028
v 0.233524725116713 0.058374612588586 0.219508097854442
v 0.235040580678144 -0.0735327836916858 0.254935128307711
v 0.235269369090329 0.0627502638836145 0.220692677094879
v 0.235315301762202 -0.0646394878353388 0.223486948059609
v 0.235343755295779 0.032839195622207 0.21952865919724
v 0.236649995323877 0.0216882723202391 0.219462202982845
v 0.237018305457221 -0.0734722269731491 0.237852005872378
v 0.238207221932714 -0.0735742492810467 0.260770788253984
v 0.239132400072881 -0.00784654851169553 0.219128389514887
v 0.239801175453011 0.0626851698012313 0.220990646219918
v 0.242682850581939 0.0703724237363484 0.228509227280585
v 0.243341345279936 -0.0698781948992938 0.27276674113937
v 0.244293448862671 -0.0624880970911479 0.279506835353804
v 0.24438908362686 -0.0664096875263491 0.277042793221053
v 0.244554143526238 0.0724698800004026 0.23043825481983
v 0.245493642466449 -0.0534232745041607 0.284231216120028
v 0.245516462624274 -0.0555694779330743 0.283854072223807
v 0.246665621827838 0.0725453927360543 0.233196049739136
v 0.246875635300715 -0.0483496210394036 0.285188833315473
v 0.248599230346165 -0.0418877774449962 0.286313401697755
v 0.248908241856399 0.0734980564928769 0.257625632190805
v 0.249172824563098 0.0734757859231453 0.260243857053448
v 0.251272264047773 -0.0331601512802169 0.287846148266628
v 0.251972468514153 0.0723705451915539 0.231141389447171
v 0.253826360352512 -0.02234739336385 0.287864110234578
v 0.254335294672909 0.0734480216658874 0.267264639325324
v 0.256235636252454 0.0720210074844705 0.26908749980622
v 0.259234754818429 0.0615498921791676 0.282819209351127
v 0.259664258004885 -0.0541320178656571 0.284758082024812
v 0.263466571878899 0.0667775449322649 0.276123821209843
v 0.265339075400585 -0.0356221059583139 0.288009024977155
v 0.265587893912405 0.0644836520613617 0.277781891615798
v 0.265611348677036 -0.00952013018860855 0.287985211357256
v 0.266089353417072 0.0363046687223249 0.287943404010837
v 0.266938583497437 0.0624428437236393 0.279429656439796
v 0.26699085634663 -0.0506437224819525 0.206810670946457
v 0.268949886524595 0.0735511990137309 0.267448370610463
v 0.269136365254676 0.0658334054698566 0.210336314433332
v 0.270184031905751 -0.0684239501867056 0.275778655593943
v 0.272805990914986 -0.0658818358372851 0.209419976976814
v 0.273429973289008 0.0412010544017659 0.283449010822929
v 0.27409040827005 0.0390763204394165 0.283870358789607
v 0.274711141105711 0.0367828831653197 0.284361793106189
v 0.277559609248132 0.0122082087394806 0.283093842498488
v 0.279173842505492 0.05310974443426 0.202516162653433
v 0.28065459008188 -0.0737886387070156 0.257133749491263
v 0.287289242637111 -0.028909540119366 0.196319627020398
v 0.290062036246509 0.0659272120373984 0.2016121291281
v 0.291173229577743 -0.073505648289771 0.214701243098455
v 0.29229139715852 -0.0467327933439237 0.193222685116485
v 0.292558948919662 0.0735259803178987 0.215354922165855
v 0.29569922872467 -0.00906075681111526 0.192212350735266
v 0.299028142760799 -0.06255225821742 0.194900737341109
v 0.299415803957715 -0.0634265556207795 0.195023042952021
v 0.299763971699965 0.000766660731737241 0.189564607988301
v 0.300152225111521 -0.0641535023900111 0.195922800135299
v 0.300989585114931 -0.0632813432611805 0.194171566714533
v 0.301828620076434 -0.0662389995954348 0.197663237360927
v 0.30233310812124 -0.0735923533511167 0.207396310274302
v 0.303292341133321 -0.0734234419000732 0.227239993600047
v 0.304035673844846 -0.0734763197076172 0.242599974257849
v 0.30518304410078 -0.0447400170614513 0.186299057780657
v 0.307451243272978 -0.0608428088147108 0.264899886140643
v 0.309522221549359 0.0522202156298816 0.183082473326095
v 0.30960709330786 -0.073431691578736 0.246642204855085
v 0.309889730477482 0.0541577863346691 0.183747145417222
v 0.309914469868207 0.0399251362577127 0.182886709006358
v 0.309953129219776 0.0184449080159643 0.182958849062643
v 0.312187473836988 0.0659532617778885 0.187882735387937
v 0.312771811014627 0.0665822464100568 0.18878504842549
v 0.313338456189977 0.0678210575586627 0.259014505724033
v 0.313342557500372 0.052108239340607 0.180636108006526
v 0.313575716045357 0.0672745324295531 0.190015505073047
v 0.31459450431388 0.0659560957340089 0.186389112085497
v 0.315008154208604 -0.0691360936462208 0.250543553660635
v 0.317606685050133 0.0110071074965841 0.266481544861336
v 0.318818854020576 -0.0733181224166107 0.24330413083983
v 0.319309219642065 0.0740785436611814 0.203199508335875
v 0.322950355288741 -0.0624758187184798 0.256279047898657
v 0.323747749243027 -0.0128768977748327 0.264059711234526
v 0.324118811841661 0.0224575698833959 0.263778743119887
v 0.324621510566769 0.0574539832161969 0.257809267643384
v 0.324657735190639 0.0572009666426421 0.257932809039453
v 0.325642773478186 0.0677005580451071 0.251214656180866
v 0.327023325862059 0.0711518487824456 0.242321584564649
v 0.32751618653928 0.0397117578142055 0.262425840450507
v 0.328050224308171 -0.0465983340279914 0.25991479417082
v 0.32819970840748 0.0736597457455432 0.234744607535893
v 0.328297854962306 0.0742642161889716 0.199115041931099
v 0.329144044305564 0.0312896984513161 0.261720468784589
v 0.329385693012383 0.0736496853009067 0.227111052497739
v 0.329480280814312 -0.036211159243985 0.261802793424471
v 0.32971885323774 -0.0387861275445961 0.261093739440392
v 0.329933317928695 -0.0738067891870609 0.189330013424374
v 0.329988514401403 0.0737427694313822 0.223230806561589
v 0.331872626911996 0.0665294938319782 0.171029879180631
v 0.337396481180395 0.0736765943975053 0.229668320920034
v 0.338202257780098 -0.063373579114103 0.164700597360222
v 0.339857616464998 -0.0642571933493849 0.246874976002971
v 0.342417444984848 0.0405382681928894 0.256235649776714
v 0.342439173203748 -0.0383171031973467 0.156741088288822
v 0.342745200768743 0.0735368007963872 0.179968292507552
v 0.342893022466804 -0.0363343377762451 0.256322737176162
v 0.345681913535302 0.0540298341534791 0.154625248434695
v 0.354861169770515 -0.0653421208417075 0.150007260192018
v 0.355353327017897 -0.0728526673177569 0.219137115707216
v 0.356150787311021 0.0355911269554976 0.141150557885052
v 0.357175129762784 0.0537245392984786 0.140334572964596
v 0.359332631405704 0.0602376578894568 0.140960319026796
v 0.359475842060107 0.0732908966965428 0.165511609675323
v 0.360224668916382 0.0175534080739016 0.135633231018069
v 0.363403937537217 0.0697896865481906 0.14076220846664
v 0.364595804030783 0.0686434520317215 0.138719022460255
v 0.364927842118994 0.0689050616216131 0.139029357827702
v 0.365340749222629 -0.00499799715143447 0.128746955307418
v 0.365652746626196 -0.0123177744705376 0.12820164324749
v 0.366016189632668 0.0701513424719228 0.139392925694865
v 0.367294379516286 0.0700870867030963 0.142388749468371
v 0.367367984926724 -0.0736550407024515 0.160982628594406
v 0.368775078594469 0.0704943447085064 0.145049363346239
v 0.369614663752063 -0.0656485487204487 0.132722596915131
v 0.369715720498126 -0.0393248132863386 0.122540997818827
v 0.370158970281381 0.0658683975010977 0.133080977668627
v 0.370254922473555 -0.0409419214763492 0.122396476642653
v 0.371422239228293 -0.0503730672421928 0.124057202105386
v 0.371552174228091 -0.0511095111172906 0.124218717408108
v 0.372873426929309 -0.0636198322616405 0.223625432731878
v 0.373180676161229 0.0672350064818157 0.221079827905525
v 0.373987241244851 -0.0690229876876892 0.138049451796972
v 0.377847880128645 0.0736336615312443 0.197432893835748
v 0.378374194327996 -0.0732151445474004 0.143940358508563
v 0.37854431753846 -0.0658340163033196 0.122260935489703
v 0.379079756699796 -0.0381908351943393 0.22887153229843
v 0.380760072294758 0.0530980513365385 0.111009034052395
v 0.383098517315209 -0.0398192299449412 0.1057612765093
v 0.387236396320543 0.0129345291097178 0.0990979498622537
v 0.387373296270551 0.00500808980628334 0.0982588026623343
v 0.388329607830955 0.0732405465668017 0.127696742477499
v 0.388674677744525 0.0596285773126998 0.0974866943404895
v 0.388961528733998 0.0417712385789312 0.096757668751316
v 0.389266340744164 0.0472295104340154 0.0963056437965007
v 0.389579655629257 0.0503731769667281 0.0958084343541706
v 0.390113721765673 0.0624027558922676 0.098410250585551
v 0.390330960347767 0.0609952148075169 0.0946568860623502
v 0.390339845815429 0.0609520875344732 0.0946410386646742
v 0.390341813132826 0.0610171905178949 0.0946660973424294
v 0.390343700282519 0.061005726825502 0.0946351195034587
v 0.390467790885312 0.0599485678442688 0.0942664671322667
v 0.390813855883418 -0.0128910329813281 0.0887674829640874
v 0.39423156801299 -0.0738987632542135 0.177566931640405
v 0.395375659089307 -0.0616980629249219 0.0911859174613901
v 0.395410110051195 -0.0734026680755695 0.155913288627709
v 0.395617437578731 -0.0355440396049158 0.0756655555040111
v 0.395944432305341 -0.0650634935206277 0.201674783189025
v 0.396926697685059 -0.0389665248279244 0.072270535253351
v 0.397689583509311 -0.0724431471117351 0.114031961599169
v 0.402213503398677 0.063248620039945 0.0714087006420383
v 0.402474350947073 0.073501213609276 0.162129165679875
v 0.403154242268236 -0.0485919010875208 0.0638910513761539
v 0.404531197563829 0.0735224874802527 0.105741066955462
v 0.406465471155367 -0.0739342448795688 0.163960776637414
v 0.406694054112166 0.0396661725314824 0.207203087815513
v 0.406765377447088 -0.0534789370510745 0.0598428514080557
v 0.408181935965571 0.0735860178212087 0.100793748261059
v 0.408343478986282 -0.0373257204867958 0.2058413655025
v 0.408459641472409 -0.0659061236944169 0.0659087421418331
v 0.408742830826218 0.0735599732164412 0.165343261638599
v 0.408873856956067 0.0735980586665401 0.0998560876361024
v 0.408934392838473 0.0735972912065788 0.100853646819931
v 0.409320550741412 -0.0382022665062909 0.0422536194500544
v 0.409354265290018 0.073591968160435 0.107772644337209
v 0.410099517543365 0.0735984025668171 0.100940140670871
v 0.410315736117114 -0.0691554538842746 0.0695676018320206
v 0.411262913892028 0.0544570685299298 0.038518721871119
v 0.4121353420451 0.0718298418970171 0.16721312266504
v 0.412604478700761 0.0735507627041144 0.161332287121048
v 0.412836289590082 0.0544307663397933 -0.0527873449971758
v 0.412911945749051 0.0497026585916163 -0.051968462384397
v 0.413613810682744 0.0735267064917833 0.101172307543525
v 0.41377023140902 0.0236361661182313 -0.044139359694959
v 0.413881325768306 0.0174738228142516 -0.0429782522935668
v 0.414809953938291 -0.0160622552896818 -0.0366017757350593
v 0.414873026920652 -0.0679687919948005 0.0535186101758572
v 0.414876177912131 -0.0290113061526164 -0.0361928980699487
v 0.415006094687504 -0.0731306742323388 0.0775930802723321
v 0.415954932703549 -0.0389981211833578 -0.0356367909006118
v 0.417089117955473 -0.0499377765574824 -0.0350387523718509
v 0.417207513201935 -0.059843760029094 -0.0412587595305039
v 0.417742656167086 -0.0604574418919639 -0.0377163937166689
v 0.417853719696552 -0.0303200714989295 -0.0152861074131447
v 0.418090239343595 0.0640509779700905 -0.0542373224619811
v 0.418298513648071 0.0661133640276175 -0.0545848710798027
v 0.418428513985294 0.0562923613006634 -0.0108729229044398
v 0.419593242109347 -0.0664891436420114 -0.0454790823671839
v 0.419835288050281 0.0682143557069116 0.170481878810878
v 0.419940049769225 -0.0660533930281233 -0.0389169825265619
v 0.420692043345878 0.0669363930744685 -0.0546312026582588
v 0.42070858077906 -0.0739755537467128 0.148120046576924
v 0.421192792597588 -0.0735427716997059 0.0867868370601565
v 0.421220022911491 -0.0644451555321616 -0.0146980493120619
v 0.421568808818899 0.0719318795031515 0.0450110962261662
v 0.421585126798556 0.0669229578441139 0.17269605834402
v 0.421998126897351 0.0671000021391073 0.171429532567514
v 0.4222593113537 0.0669294696930397 0.171554706546336
v 0.422547170452899 0.0661980138999167 0.171854906030814
v 0.423357696362512 -0.0736641627642597 0.0869598130680407
v 0.423534445712165 0.0601985086797303 0.173926545070155
v 0.424641650185798 -0.0735132400770976 0.0573171216968744
v 0.425441076162599 -0.0630492700209652 0.16978014276562
v 0.425471340362749 0.0736027156484163 0.114535969197927
v 0.425812966982183 -0.0621906564819204 0.171482244990991
v 0.426257599398612 -0.0624937510740133 0.169971510289378
v 0.426659625763904 -0.0621416525811397 0.170275284061308
v 0.426917488399241 -0.0613872636351747 0.170430754413951
v 0.426978696066479 -0.0686633843395652 -0.0387493857357199
v 0.428628594966017 0.0736285324590519 -0.0554686845999909
v 0.428732070099971 -0.0701085183777217 -0.0479396614612626
v 0.428909099816239 0.0356195771372904 0.178504969788353
v 0.429050218113252 0.0396057585946498 0.178282437562792
v 0.429147985821516 -0.070252389356872 -0.0478095140490651
v 0.430881971813389 0.0273643723252695 0.176035528705995
v 0.431543597286847 -0.0734042402756312 -0.0394394676649818
v 0.432113718039983 -0.0733952365774003 -0.0474318412358421
v 0.432455562007029 3.74935458900361e-05 0.174273872076327
v 0.432852654821036 -0.00786650366453814 0.17372540301051
v 0.432870464601236 -0.0383308763823287 0.173599737264649
v 0.433765979170934 -0.0137682805028381 0.172505120185607
v 0.433952100439697 -0.0736829722883157 0.087775899386226
v 0.434223631777135 0.0732893985475298 0.109781630759355
v 0.434287685397006 -0.0734225831732232 -0.0465631748224395
v 0.43463243873103 -0.0734413827094977 -0.0390755054698893
v 0.434643175524217 0.0738087962112967 -0.0108417703978236
v 0.4350689920596 0.0734923278534981 0.118550038647595
v 0.435947842571857 0.0734743595697491 0.118606570878284
v 0.437174992966689 0.0736059995015599 0.12488743211895
v 0.437303354822566 -0.0734000210213606 -0.0453424563524975
v 0.438600746817475 -0.0734084416430928 -0.0385867777040889
v 0.439492431997008 0.0736226913493848 0.118727712713979
v 0.440496406318782 -0.0737611471918061 0.0882835250540065
v 0.441629452365112 -0.0738229326428704 0.112892059095171
v 0.441713726693722 0.0736386906971851 0.112823543556343
v 0.444053295028198 0.0716294329454317 0.119940666723507
v 0.444331517819932 -0.0611188182780918 0.145082982598576
v 0.445130267337861 0.0737080031682689 -0.0548227105056875
v 0.448872414003131 0.0702445985327126 0.116474833038313
v 0.451252143715167 0.0672095071736203 0.122471675671187
v 0.451902857316481 -0.0736649131112967 0.0891560058432204
v 0.4527798698455 0.0627010245936255 0.12473686536172
v 0.453342174880635 0.0672296944755926 0.11893338513973
v 0.455422406758077 -0.0716019177090312 0.0893177355643649
v 0.457242704728689 -0.0393296905552581 0.14156152768402
v 0.457940276543506 0.0395276878592137 0.140909332069315
v 0.45851631549071 0.0525492709477902 0.125973418298107
v 0.458606125917975 0.0545794703753189 0.123644754925792
v 0.459168226328109 0.0672859674450197 0.109070248640634
v 0.459681588222852 -0.0735452652029468 0.0711837394037846
v 0.459770743587731 0.0736416741716183 -0.0542259829738347
v 0.460721859382119 -0.0734387487175379 -0.0359184543013231
v 0.460823759536856 0.0737763347758311 0.0620293528167102
v 0.461020512043407 -0.0329172858765419 -0.0252635589569486
v 0.46106685653374 -0.0669236020859834 0.0952322368149212
v 0.461079320585603 0.0462876946665302 0.126326957294163
v 0.461841495348241 -0.063220783486414 0.108680100581583
v 0.463050322063028 -0.0734415171614836 -0.0360564688981199
v 0.463164679262405 0.0399928195171442 0.127863613315249
v 0.463309527246339 0.0396479777722758 0.127874195838654
v 0.464589511643005 0.00369587422666789 0.124291501500625
v 0.464634156586149 -0.0639364839343734 0.0989843779285808
v 0.466273840783424 -0.0585662891284023 0.10257094982346
v 0.467351350232454 -0.0094332704796314 0.117412255457696
v 0.467626582022974 -0.0132631168272968 0.116693399368609
v 0.468028044884785 -0.0470447381797812 0.1090986656858
v 0.469613779228206 -0.040244323231495 0.111658895051011
v 0.474637791231953 0.07109462564185 -0.0531921375165741
v 0.477917323167203 -0.0673406806709255 0.0528671126565392
v 0.478160696671272 0.0676584013336414 0.0541702822190219
v 0.480541161568572 -0.0700293903796761 -0.036189040777783
v 0.480702299958319 0.0685594592351173 -0.0525122413679256
v 0.482793432178986 -0.0412187366707412 0.07980181421029
v 0.483418053025929 0.069682616168308 -0.0185674175147943
v 0.483494807261767 -0.067858899349665 -0.0357915249886771
v 0.484372785728696 -0.0692037227332668 -0.021070176736809
v 0.48667040121214 -0.061476929805544 -0.0342978800503528
v 0.488184889373369 0.0547273403913357 -0.0498263102517307
v 0.48893291931623 0.0402220309828694 0.0656673023988651
v 0.489042997665076 -0.0571410796273186 -0.0332957955712552
v 0.490391062224121 0.0507210149564291 -0.0490468030662492
v 0.491440477944025 -0.0352860602917062 0.0501080651658081
v 0.494845088328983 0.0428189601676893 -0.0464987855000267
v 0.495849037756742 -0.0255573669685592 -0.0470341488230355
v 0.495889008586723 -0.00468252284322936 -0.0448346234961108
v 0.495889008847998 -0.000931967488125087 -0.0444347870922289
v 0.496030426996641 0.0241047517860373 -0.0408542520347016
v 0.496670459425956 -0.0400031863400979 -0.0429482060053515
v 0.499734985538954 0.0395684391773923 -0.0153295638509455
v 0.5 -0.0390553390684196 -0.0208692125274613
f 1 4 2
f 17 1 2
f 6 4 1
f 1 14 6
f 17 14 1
f 5 3 2
f 21 2 3
f 4 7 2
f 7 5 2
f 17 2 20
f 20 2 21
f 5 15 3
f 16 3 15
f 16 21 3
f 7 4 6
f 7 8 5
f 5 8 115
f 15 5 115
f 6 9 7
f 6 13 9
f 14 13 6
f 10 8 7
f 9 10 7
f 10 11 8
f 8 11 115
f 9 13 10
f 10 19 11
f 10 13 12
f 12 19 10
f 19 18 11
f 11 18 115
f 13 23 12
f 23 19 12
f 105 13 14
f 105 23 13
f 105 14 17
f 22 16 15
f 188 22 15
f 188 15 115
f 21 16 22
f 17 20 26
f 24 17 26
f 105 17 24
f 19 25 18
f 18 25 115
f 19 23 28
f 19 32 25
f 19 28 34
f 34 32 19
f 20 21 29
f 26 20 29
f 21 22 33
f 29 21 40
f 39 21 33
f 21 39 40
f 188 33 22
f 23 27 28
f 105 27 23
f 30 24 26
f 30 210 24
f 105 24 181
f 186 181 24
f 202 186 24
f 210 202 24
f 25 32 31
f 25 31 115
f 40 26 29
f 30 26 43
f 26 40 43
f 27 35 28
f 27 105 35
f 35 34 28
f 43 60 30
f 30 60 237
f 237 210 30
f 38 31 32
f 31 38 115
f 36 32 34
f 36 38 32
f 39 33 197
f 188 194 33
f 33 194 195
f 33 195 197
f 37 34 35
f 37 36 34
f 37 35 41
f 35 105 41
f 38 36 37
f 37 42 38
f 41 44 37
f 44 42 37
f 38 42 115
f 40 39 48
f 39 45 48
f 197 45 39
f 43 40 51
f 51 40 47
f 47 40 52
f 40 48 52
f 49 44 41
f 41 57 49
f 57 41 105
f 46 42 44
f 42 46 115
f 43 51 50
f 43 50 60
f 46 44 49
f 45 53 48
f 53 45 64
f 45 245 64
f 243 45 197
f 245 45 243
f 46 49 54
f 55 46 54
f 115 46 55
f 47 52 51
f 48 53 52
f 63 54 49
f 57 67 49
f 49 67 63
f 50 51 59
f 61 50 59
f 60 50 61
f 51 52 58
f 51 58 59
f 52 53 56
f 58 52 56
f 56 53 64
f 54 63 55
f 63 66 55
f 66 267 55
f 115 55 267
f 70 58 56
f 70 56 64
f 65 68 57
f 57 264 65
f 68 67 57
f 264 57 105
f 73 59 58
f 70 73 58
f 61 59 69
f 69 59 73
f 60 61 62
f 60 62 281
f 237 60 246
f 60 251 246
f 60 254 251
f 60 281 254
f 71 62 61
f 69 98 61
f 98 71 61
f 71 312 62
f 312 281 62
f 63 67 66
f 72 70 64
f 252 72 64
f 245 252 64
f 68 65 76
f 65 103 76
f 307 103 65
f 65 264 265
f 65 265 277
f 65 277 296
f 65 296 307
f 66 67 81
f 75 66 81
f 66 75 267
f 68 79 67
f 67 79 81
f 68 76 79
f 93 69 73
f 98 69 93
f 108 70 72
f 104 73 70
f 106 104 70
f 106 70 108
f 97 71 98
f 97 332 71
f 314 312 71
f 320 314 71
f 71 332 320
f 100 108 72
f 100 72 310
f 252 259 72
f 259 294 72
f 294 303 72
f 303 310 72
f 104 93 73
f 78 76 74
f 76 103 74
f 74 88 78
f 74 92 88
f 74 94 92
f 74 103 94
f 75 84 77
f 75 77 280
f 75 81 84
f 267 75 274
f 75 278 274
f 75 280 278
f 79 76 78
f 84 85 77
f 85 89 77
f 77 89 280
f 79 78 80
f 78 86 80
f 78 102 86
f 78 88 87
f 87 102 78
f 81 79 80
f 81 80 82
f 90 82 80
f 86 101 80
f 90 80 101
f 84 81 82
f 85 82 83
f 82 91 83
f 85 84 82
f 90 91 82
f 85 83 89
f 83 91 89
f 86 102 101
f 87 88 102
f 88 92 102
f 91 96 89
f 96 95 89
f 95 327 89
f 89 287 280
f 327 287 89
f 96 91 90
f 101 96 90
f 92 94 107
f 107 102 92
f 98 93 106
f 106 93 104
f 94 103 107
f 95 96 111
f 112 95 111
f 95 112 327
f 96 101 114
f 111 96 114
f 97 98 99
f 99 332 97
f 99 98 116
f 116 98 106
f 125 99 116
f 99 125 119
f 99 119 332
f 108 100 331
f 100 310 331
f 101 102 113
f 120 101 113
f 114 101 120
f 110 102 107
f 121 102 110
f 113 102 121
f 103 343 107
f 343 103 307
f 105 168 178
f 168 105 181
f 105 178 206
f 105 206 235
f 235 236 105
f 236 253 105
f 253 264 105
f 106 108 130
f 116 106 109
f 124 109 106
f 124 106 130
f 110 107 123
f 107 343 123
f 130 108 132
f 132 108 331
f 116 109 124
f 121 110 122
f 110 123 122
f 112 111 118
f 111 114 120
f 118 111 120
f 117 112 118
f 117 370 112
f 112 354 327
f 370 354 112
f 120 113 121
f 171 170 115
f 170 188 115
f 192 171 115
f 115 215 192
f 231 215 115
f 115 233 231
f 115 248 233
f 115 261 248
f 115 263 261
f 263 115 267
f 116 124 125
f 134 117 118
f 117 141 131
f 131 370 117
f 134 141 117
f 141 118 120
f 141 134 118
f 119 125 146
f 129 119 148
f 119 129 332
f 119 146 148
f 121 139 120
f 139 141 120
f 128 121 122
f 128 137 121
f 121 137 139
f 126 122 123
f 126 127 122
f 122 127 128
f 123 136 126
f 135 136 123
f 123 343 135
f 125 124 130
f 125 130 145
f 146 125 145
f 136 127 126
f 137 128 127
f 136 137 127
f 147 129 148
f 147 355 129
f 129 355 332
f 145 130 132
f 142 133 131
f 290 131 133
f 141 142 131
f 290 370 131
f 144 132 138
f 138 132 331
f 132 144 145
f 142 143 133
f 290 133 143
f 135 149 136
f 140 155 135
f 135 343 140
f 135 155 149
f 136 154 137
f 149 154 136
f 137 153 139
f 154 153 137
f 144 138 466
f 351 138 331
f 351 357 138
f 357 415 138
f 138 415 456
f 466 138 456
f 139 152 141
f 153 152 139
f 140 156 155
f 156 140 161
f 361 161 140
f 343 361 140
f 141 151 142
f 152 151 141
f 151 143 142
f 151 150 143
f 157 143 150
f 290 143 157
f 166 145 144
f 159 166 144
f 144 466 159
f 146 145 166
f 148 146 164
f 164 146 166
f 148 163 147
f 163 542 147
f 147 366 355
f 147 410 366
f 147 472 410
f 147 482 472
f 542 482 147
f 163 148 164
f 155 154 149
f 150 151 162
f 150 208 157
f 150 162 208
f 151 152 165
f 151 165 162
f 152 153 204
f 165 152 205
f 152 204 205
f 153 154 174
f 153 174 187
f 153 187 204
f 155 177 154
f 154 177 158
f 154 158 187
f 154 187 174
f 156 161 155
f 155 161 173
f 155 173 177
f 208 209 157
f 290 157 209
f 158 177 187
f 160 175 159
f 160 159 467
f 175 166 159
f 467 159 466
f 160 467 175
f 161 507 173
f 361 369 161
f 369 425 161
f 425 435 161
f 435 507 161
f 162 165 208
f 163 164 167
f 249 163 167
f 163 249 542
f 164 166 184
f 167 164 220
f 185 164 184
f 220 164 185
f 205 208 165
f 166 175 179
f 180 166 179
f 184 166 180
f 167 220 249
f 176 168 169
f 169 168 182
f 176 178 168
f 168 181 182
f 171 169 170
f 169 189 170
f 172 169 171
f 172 176 169
f 169 182 193
f 169 193 189
f 170 189 188
f 171 192 172
f 172 207 176
f 192 190 172
f 190 216 172
f 207 172 216
f 173 183 177
f 183 173 234
f 173 295 234
f 173 297 295
f 507 297 173
f 239 179 175
f 227 175 218
f 175 503 218
f 175 227 239
f 467 503 175
f 176 207 178
f 234 177 183
f 238 187 177
f 234 295 177
f 282 238 177
f 295 282 177
f 178 207 206
f 180 179 240
f 240 179 239
f 184 180 241
f 241 180 240
f 181 191 182
f 181 186 191
f 182 191 193
f 250 185 184
f 242 184 241
f 184 242 250
f 220 185 250
f 186 196 191
f 196 186 201
f 201 186 202
f 187 221 204
f 222 221 187
f 238 222 187
f 188 189 194
f 189 193 194
f 192 215 190
f 215 216 190
f 193 191 198
f 191 196 200
f 198 191 199
f 191 200 199
f 194 193 195
f 193 198 195
f 197 195 198
f 196 201 200
f 213 197 198
f 213 214 197
f 197 214 243
f 198 199 203
f 213 198 203
f 199 200 203
f 213 200 201
f 213 203 200
f 212 201 202
f 213 201 212
f 212 202 210
f 229 205 204
f 221 230 204
f 204 230 229
f 208 205 271
f 205 229 266
f 205 266 271
f 207 219 206
f 235 206 219
f 216 219 207
f 232 209 208
f 208 271 232
f 232 211 209
f 290 209 211
f 212 210 237
f 232 262 211
f 262 260 211
f 211 260 346
f 290 211 346
f 213 212 244
f 212 237 246
f 212 246 244
f 213 244 214
f 214 244 243
f 215 228 216
f 231 228 215
f 228 219 216
f 218 217 226
f 217 218 504
f 224 217 223
f 217 504 223
f 225 217 224
f 217 225 226
f 218 226 227
f 503 504 218
f 235 219 228
f 249 220 250
f 222 282 221
f 230 221 273
f 273 221 282
f 222 238 282
f 350 224 223
f 350 223 286
f 286 223 527
f 223 504 518
f 527 223 518
f 225 224 350
f 272 226 225
f 272 225 350
f 381 227 226
f 272 381 226
f 283 239 227
f 283 227 284
f 321 284 227
f 381 321 227
f 236 228 231
f 236 235 228
f 230 273 229
f 229 273 266
f 236 231 233
f 271 262 232
f 233 253 236
f 248 261 233
f 261 253 233
f 308 240 239
f 309 239 283
f 308 239 309
f 242 241 240
f 242 240 308
f 347 250 242
f 348 242 308
f 347 242 375
f 375 242 348
f 244 257 243
f 243 257 245
f 246 255 244
f 255 247 244
f 247 256 244
f 256 257 244
f 245 258 252
f 245 257 258
f 251 255 246
f 255 256 247
f 591 249 250
f 249 591 542
f 347 591 250
f 251 254 255
f 258 259 252
f 264 253 261
f 254 281 255
f 255 268 256
f 255 281 268
f 256 270 257
f 256 268 276
f 256 279 270
f 276 279 256
f 257 270 258
f 258 294 259
f 270 294 258
f 262 269 260
f 260 269 346
f 263 265 261
f 265 264 261
f 262 322 269
f 271 328 262
f 262 328 322
f 265 263 275
f 275 263 267
f 277 265 275
f 273 271 266
f 275 267 274
f 276 268 285
f 268 281 285
f 269 322 325
f 346 269 325
f 279 288 270
f 288 294 270
f 273 329 271
f 329 328 271
f 381 272 350
f 273 282 329
f 275 274 291
f 291 274 278
f 277 275 292
f 275 291 293
f 292 275 293
f 279 276 288
f 276 285 288
f 293 277 292
f 296 277 293
f 289 278 280
f 278 289 291
f 289 280 287
f 281 300 285
f 300 281 313
f 281 312 314
f 281 314 313
f 295 336 282
f 282 334 329
f 336 334 282
f 301 283 284
f 301 338 283
f 338 309 283
f 321 301 284
f 285 311 288
f 285 300 311
f 323 286 299
f 299 286 597
f 406 286 323
f 406 350 286
f 527 597 286
f 287 344 289
f 327 344 287
f 288 298 294
f 298 288 311
f 289 342 291
f 289 344 342
f 346 439 290
f 391 370 290
f 404 391 290
f 290 430 404
f 290 439 430
f 291 306 293
f 291 362 306
f 342 362 291
f 293 304 296
f 305 304 293
f 293 333 305
f 306 333 293
f 294 298 311
f 294 311 303
f 295 297 317
f 295 317 336
f 304 315 296
f 296 343 307
f 315 335 296
f 335 343 296
f 297 302 317
f 507 302 297
f 323 299 406
f 406 299 324
f 299 610 324
f 597 610 299
f 300 313 311
f 377 301 321
f 377 338 301
f 302 339 317
f 302 340 339
f 340 302 571
f 507 519 302
f 571 302 519
f 310 303 318
f 303 311 318
f 305 389 304
f 315 304 389
f 305 333 389
f 306 390 333
f 306 362 390
f 348 308 309
f 338 348 309
f 310 318 316
f 316 331 310
f 318 311 313
f 319 313 314
f 318 313 319
f 319 314 320
f 315 369 335
f 315 389 369
f 316 318 358
f 331 316 351
f 316 358 351
f 339 336 317
f 319 337 318
f 358 318 337
f 320 332 319
f 319 332 352
f 319 358 337
f 319 352 358
f 377 321 392
f 392 321 381
f 326 325 322
f 328 326 322
f 406 324 367
f 514 367 324
f 324 640 514
f 324 610 640
f 326 330 325
f 346 325 330
f 386 326 328
f 393 330 326
f 386 393 326
f 353 344 327
f 354 353 327
f 359 328 329
f 359 393 328
f 393 386 328
f 356 329 334
f 356 383 329
f 329 388 359
f 383 388 329
f 346 330 401
f 401 330 393
f 352 332 365
f 332 355 365
f 390 389 333
f 374 334 336
f 356 334 371
f 374 371 334
f 335 361 343
f 335 369 361
f 376 336 339
f 376 374 336
f 377 348 338
f 349 339 340
f 349 376 339
f 571 349 340
f 427 345 341
f 341 345 514
f 449 341 384
f 384 341 473
f 427 341 449
f 473 341 514
f 344 363 342
f 382 362 342
f 363 382 342
f 353 363 344
f 427 367 345
f 345 367 514
f 346 401 402
f 346 402 635
f 346 446 439
f 346 483 446
f 346 525 483
f 346 537 525
f 346 635 537
f 347 372 373
f 347 375 372
f 418 347 373
f 394 347 418
f 394 591 347
f 375 348 377
f 349 780 376
f 620 349 571
f 632 349 620
f 647 349 632
f 780 349 647
f 381 350 395
f 395 350 406
f 357 351 415
f 351 358 414
f 351 414 415
f 352 365 358
f 421 353 354
f 421 363 353
f 416 354 370
f 421 354 416
f 355 366 365
f 371 379 356
f 383 356 379
f 358 365 414
f 388 393 359
f 360 364 458
f 473 364 360
f 384 360 458
f 360 384 473
f 382 403 362
f 403 390 362
f 421 382 363
f 364 380 458
f 364 515 380
f 473 515 364
f 365 366 368
f 365 368 411
f 414 365 411
f 411 368 366
f 411 366 410
f 427 406 367
f 400 369 389
f 400 412 369
f 412 424 369
f 425 369 424
f 416 370 391
f 374 378 371
f 378 379 371
f 373 372 461
f 372 375 405
f 413 372 405
f 461 372 413
f 418 373 475
f 462 373 461
f 475 373 462
f 378 374 376
f 457 375 377
f 405 375 408
f 408 375 457
f 454 378 376
f 454 376 455
f 376 780 455
f 377 392 433
f 396 377 433
f 471 377 396
f 471 457 377
f 378 409 379
f 378 407 451
f 407 378 454
f 378 451 409
f 379 450 383
f 379 409 450
f 380 515 385
f 380 385 618
f 458 380 618
f 392 381 395
f 421 403 382
f 383 387 388
f 387 383 444
f 383 450 444
f 449 384 458
f 385 515 431
f 431 618 385
f 388 387 397
f 397 387 441
f 441 387 444
f 393 388 432
f 388 397 432
f 398 389 390
f 398 399 389
f 399 400 389
f 390 417 398
f 422 390 403
f 422 417 390
f 428 391 404
f 426 416 391
f 426 391 428
f 392 395 465
f 433 392 465
f 393 420 401
f 393 432 420
f 477 394 418
f 447 394 477
f 447 849 394
f 394 594 591
f 625 594 394
f 649 625 394
f 394 703 649
f 394 733 703
f 394 760 733
f 394 834 760
f 394 849 834
f 465 395 406
f 396 433 470
f 471 396 470
f 432 397 441
f 398 423 399
f 398 417 423
f 399 423 400
f 423 412 400
f 401 420 402
f 402 420 419
f 402 419 724
f 635 402 724
f 422 403 421
f 428 404 430
f 413 405 408
f 406 427 452
f 463 406 452
f 406 463 465
f 407 453 451
f 407 454 453
f 413 408 474
f 474 408 457
f 409 451 450
f 411 410 476
f 410 472 476
f 411 479 414
f 411 476 479
f 424 412 423
f 461 413 474
f 414 464 415
f 414 434 464
f 414 479 434
f 415 464 456
f 421 416 426
f 422 423 417
f 418 475 477
f 436 419 420
f 436 724 419
f 491 420 432
f 436 420 491
f 421 440 422
f 426 443 421
f 443 440 421
f 422 440 423
f 423 429 424
f 423 438 429
f 440 438 423
f 424 437 425
f 429 438 424
f 438 437 424
f 437 435 425
f 428 442 426
f 426 442 445
f 445 443 426
f 448 427 449
f 463 427 448
f 452 427 463
f 430 442 428
f 430 439 442
f 515 512 431
f 431 512 618
f 492 432 441
f 491 432 492
f 433 465 468
f 433 468 470
f 434 479 464
f 507 435 437
f 436 491 488
f 488 838 436
f 824 724 436
f 436 838 824
f 513 437 438
f 519 507 437
f 519 437 513
f 506 438 440
f 513 438 506
f 439 446 442
f 490 440 443
f 506 440 490
f 494 441 444
f 492 441 494
f 446 445 442
f 487 443 445
f 487 469 443
f 469 490 443
f 444 450 496
f 494 444 495
f 495 444 496
f 483 445 446
f 487 445 483
f 447 477 478
f 447 478 919
f 447 910 849
f 910 447 919
f 448 449 460
f 463 448 460
f 449 458 459
f 460 449 459
f 450 451 497
f 496 450 497
f 497 451 453
f 499 453 454
f 497 453 499
f 500 454 455
f 499 454 500
f 500 455 502
f 455 780 502
f 485 456 464
f 532 466 456
f 532 456 485
f 474 457 471
f 459 458 480
f 458 574 480
f 458 575 574
f 458 618 575
f 493 460 459
f 493 459 480
f 463 460 516
f 516 460 493
f 462 461 474
f 462 474 475
f 465 463 516
f 479 486 464
f 464 484 485
f 464 489 484
f 464 486 489
f 533 468 465
f 465 516 522
f 533 465 522
f 520 467 466
f 532 520 466
f 503 467 521
f 520 521 467
f 470 468 517
f 517 468 533
f 490 469 487
f 471 470 523
f 523 470 517
f 474 471 556
f 471 523 545
f 471 545 556
f 476 472 481
f 481 472 482
f 676 473 514
f 665 515 473
f 659 665 473
f 694 659 473
f 671 473 676
f 671 682 473
f 682 704 473
f 705 694 473
f 704 709 473
f 707 705 473
f 729 707 473
f 709 729 473
f 475 474 552
f 552 474 556
f 505 477 475
f 505 475 552
f 476 481 479
f 538 478 477
f 543 477 505
f 541 538 477
f 541 477 543
f 478 538 919
f 481 591 479
f 479 501 486
f 479 511 501
f 591 511 479
f 480 564 493
f 480 498 564
f 480 574 498
f 482 591 481
f 482 542 591
f 487 483 548
f 548 483 525
f 484 531 485
f 484 489 584
f 531 484 584
f 485 531 582
f 532 485 582
f 486 608 489
f 501 608 486
f 490 487 529
f 529 487 548
f 491 508 488
f 508 540 488
f 488 540 585
f 488 585 875
f 488 875 838
f 489 608 584
f 506 490 509
f 510 509 490
f 528 510 490
f 528 490 529
f 492 508 491
f 494 555 492
f 492 540 508
f 492 581 540
f 492 555 587
f 492 587 581
f 516 493 572
f 493 564 572
f 495 546 494
f 546 578 494
f 494 586 555
f 494 578 586
f 496 567 495
f 546 495 577
f 495 567 577
f 497 561 496
f 496 561 567
f 497 499 561
f 498 574 564
f 500 557 499
f 499 557 561
f 500 502 534
f 500 534 554
f 554 557 500
f 511 608 501
f 502 530 534
f 502 780 530
f 504 503 536
f 503 521 544
f 503 544 536
f 504 524 518
f 504 526 524
f 504 536 526
f 543 505 552
f 506 509 551
f 513 506 551
f 595 509 510
f 551 509 595
f 528 549 510
f 510 549 595
f 511 591 594
f 594 608 511
f 512 515 727
f 512 727 618
f 519 513 579
f 513 551 595
f 579 513 619
f 619 513 595
f 514 640 614
f 514 614 669
f 514 669 678
f 678 676 514
f 658 570 515
f 515 570 727
f 665 658 515
f 522 516 568
f 516 572 568
f 523 517 539
f 535 517 533
f 539 517 535
f 518 524 550
f 527 518 598
f 598 518 550
f 611 571 519
f 611 519 579
f 521 520 547
f 520 532 547
f 521 547 544
f 533 522 563
f 563 522 566
f 522 568 566
f 523 539 545
f 550 524 526
f 537 664 525
f 525 664 548
f 526 536 601
f 550 526 599
f 599 526 600
f 600 526 601
f 527 598 597
f 549 528 529
f 529 548 549
f 530 553 534
f 553 530 835
f 780 835 530
f 531 584 582
f 532 582 547
f 535 533 562
f 533 563 562
f 553 554 534
f 535 562 539
f 536 544 602
f 536 602 601
f 537 635 796
f 537 796 664
f 538 541 576
f 919 538 576
f 539 560 545
f 539 562 560
f 540 581 587
f 540 587 585
f 541 543 565
f 541 565 573
f 541 573 576
f 543 552 558
f 543 558 573
f 565 543 573
f 602 544 547
f 545 559 556
f 545 560 559
f 577 578 546
f 603 547 582
f 602 547 603
f 548 590 549
f 688 590 548
f 664 688 548
f 549 590 731
f 595 549 607
f 549 713 607
f 549 731 713
f 550 599 598
f 552 556 558
f 553 596 554
f 553 835 596
f 557 554 643
f 646 554 596
f 643 554 646
f 555 586 587
f 558 556 583
f 556 559 636
f 583 556 592
f 592 556 660
f 556 636 732
f 556 732 660
f 561 557 641
f 557 643 641
f 573 558 687
f 558 583 687
f 559 560 580
f 636 559 580
f 560 562 721
f 580 560 721
f 561 641 567
f 721 562 563
f 615 563 566
f 737 563 615
f 737 721 563
f 564 574 572
f 566 568 623
f 615 566 627
f 566 623 627
f 567 638 577
f 567 588 638
f 567 641 588
f 568 572 589
f 568 589 655
f 623 568 699
f 695 568 655
f 699 568 695
f 585 604 569
f 585 569 846
f 604 831 569
f 569 831 846
f 658 706 570
f 570 706 727
f 624 571 611
f 620 571 624
f 572 574 593
f 655 589 572
f 655 572 593
f 673 576 573
f 673 573 687
f 574 575 593
f 593 575 653
f 575 618 631
f 575 631 634
f 575 634 653
f 672 576 673
f 919 576 672
f 578 577 630
f 577 638 630
f 578 626 586
f 578 630 626
f 611 579 619
f 636 580 779
f 779 580 721
f 582 584 606
f 603 582 605
f 605 582 606
f 583 592 687
f 584 608 606
f 587 604 585
f 585 846 876
f 585 886 875
f 585 876 886
f 586 613 587
f 613 586 621
f 586 626 621
f 587 621 604
f 587 613 621
f 588 641 638
f 688 731 590
f 759 592 660
f 687 592 759
f 593 653 749
f 744 655 593
f 751 744 593
f 751 593 749
f 594 625 608
f 607 612 595
f 612 637 595
f 595 637 619
f 596 1005 646
f 835 857 596
f 857 978 596
f 978 1005 596
f 597 598 651
f 597 651 610
f 599 645 598
f 645 650 598
f 598 650 651
f 599 600 645
f 601 642 600
f 600 642 644
f 600 644 645
f 602 639 601
f 639 642 601
f 602 603 639
f 605 617 603
f 603 617 629
f 603 629 639
f 604 621 609
f 609 855 604
f 855 831 604
f 606 616 605
f 605 616 617
f 608 616 606
f 607 675 612
f 713 675 607
f 608 657 616
f 625 674 608
f 608 685 657
f 674 685 608
f 621 772 609
f 747 662 609
f 662 858 609
f 762 747 609
f 609 772 762
f 609 858 855
f 640 610 661
f 610 651 661
f 622 611 619
f 611 622 624
f 612 667 637
f 675 667 612
f 614 640 661
f 661 669 614
f 615 627 699
f 712 615 699
f 737 615 712
f 616 657 617
f 617 656 629
f 656 617 692
f 617 657 690
f 617 690 691
f 617 691 692
f 618 633 631
f 652 633 618
f 727 652 618
f 628 622 619
f 637 628 619
f 620 624 632
f 626 723 621
f 621 723 789
f 772 621 813
f 789 790 621
f 621 790 813
f 628 624 622
f 627 623 699
f 780 624 628
f 632 624 647
f 780 647 624
f 625 649 674
f 630 746 626
f 626 670 723
f 746 670 626
f 667 628 637
f 814 628 667
f 780 628 835
f 845 628 814
f 845 835 628
f 639 629 696
f 648 629 656
f 629 648 696
f 638 768 630
f 746 630 773
f 630 768 773
f 631 633 679
f 634 631 679
f 652 689 633
f 633 689 679
f 634 654 653
f 634 679 654
f 724 745 635
f 635 745 796
f 732 636 752
f 752 636 779
f 641 684 638
f 684 758 638
f 758 768 638
f 639 696 642
f 643 684 641
f 642 680 644
f 642 697 680
f 642 696 697
f 643 646 755
f 643 755 681
f 643 681 758
f 643 758 684
f 645 644 698
f 644 680 697
f 644 697 698
f 650 645 698
f 646 753 755
f 646 1005 753
f 696 648 656
f 649 703 674
f 651 650 701
f 650 698 700
f 650 700 701
f 661 651 702
f 651 701 702
f 652 800 689
f 727 764 652
f 764 800 652
f 654 742 653
f 653 742 749
f 654 679 742
f 655 677 693
f 677 655 757
f 655 693 695
f 756 655 744
f 757 655 756
f 696 656 692
f 657 685 690
f 666 663 658
f 663 706 658
f 665 666 658
f 659 706 665
f 694 706 659
f 660 732 740
f 740 759 660
f 669 661 702
f 662 822 668
f 668 897 662
f 747 822 662
f 878 858 662
f 880 878 662
f 897 880 662
f 666 706 663
f 664 741 688
f 754 741 664
f 796 754 664
f 665 706 666
f 820 667 675
f 861 814 667
f 820 861 667
f 668 822 715
f 715 898 668
f 898 897 668
f 678 669 702
f 773 723 670
f 746 773 670
f 676 682 671
f 672 673 708
f 672 708 710
f 672 710 919
f 673 687 708
f 674 686 685
f 674 703 686
f 862 675 713
f 862 820 675
f 676 678 704
f 682 676 704
f 693 677 761
f 677 757 761
f 678 702 704
f 679 689 683
f 679 683 742
f 681 755 758
f 683 689 742
f 685 686 730
f 690 685 730
f 686 703 733
f 730 686 733
f 687 853 708
f 777 687 759
f 812 687 777
f 843 687 812
f 848 687 843
f 848 844 687
f 853 687 844
f 688 754 731
f 741 754 688
f 689 1074 742
f 800 1074 689
f 690 719 691
f 719 690 726
f 690 730 726
f 691 719 692
f 692 716 696
f 692 722 716
f 692 719 725
f 692 725 722
f 695 693 769
f 769 693 761
f 694 705 706
f 699 695 712
f 712 695 769
f 697 696 722
f 722 696 716
f 698 697 718
f 697 720 718
f 697 722 720
f 700 698 717
f 698 718 717
f 700 711 701
f 700 717 711
f 702 701 714
f 701 711 717
f 701 717 714
f 702 714 704
f 704 714 709
f 705 707 706
f 706 707 798
f 706 811 727
f 798 887 706
f 706 884 811
f 887 884 706
f 707 729 797
f 707 797 798
f 708 748 710
f 853 748 708
f 709 714 763
f 797 729 709
f 792 709 763
f 797 709 792
f 919 710 748
f 737 712 781
f 712 769 781
f 731 785 713
f 785 866 713
f 866 862 713
f 714 717 750
f 735 714 750
f 763 714 735
f 715 804 738
f 738 901 715
f 715 822 804
f 901 898 715
f 786 717 718
f 750 717 786
f 718 720 736
f 784 718 736
f 786 718 784
f 719 726 725
f 720 722 736
f 721 737 779
f 722 725 775
f 736 722 782
f 782 722 775
f 773 789 723
f 724 824 745
f 725 726 774
f 725 774 775
f 726 730 728
f 726 728 739
f 774 726 739
f 727 778 764
f 727 811 778
f 728 730 734
f 728 734 743
f 739 728 743
f 730 733 760
f 767 734 730
f 765 730 760
f 767 730 765
f 795 731 754
f 788 785 731
f 731 867 788
f 795 870 731
f 870 867 731
f 740 732 794
f 732 752 783
f 794 732 783
f 743 734 767
f 735 750 786
f 763 735 792
f 735 786 792
f 736 782 784
f 779 737 791
f 791 737 781
f 804 809 738
f 738 809 879
f 879 901 738
f 774 739 743
f 759 740 794
f 742 953 749
f 953 742 1053
f 1074 1053 742
f 743 767 774
f 744 751 756
f 824 796 745
f 762 813 747
f 813 822 747
f 748 853 1030
f 993 919 748
f 748 1016 993
f 1030 1016 748
f 751 749 766
f 749 953 766
f 751 953 756
f 751 766 953
f 752 779 783
f 753 805 755
f 753 865 805
f 753 1005 865
f 754 870 795
f 837 754 796
f 847 754 837
f 847 871 754
f 870 754 871
f 755 776 758
f 776 755 864
f 872 755 805
f 864 755 872
f 757 756 771
f 771 756 892
f 756 953 892
f 761 757 881
f 757 771 881
f 758 864 768
f 758 776 864
f 777 759 794
f 760 825 765
f 825 760 830
f 760 834 830
f 769 761 882
f 761 881 882
f 772 813 762
f 764 778 800
f 765 787 767
f 765 825 787
f 774 767 828
f 767 787 828
f 768 770 773
f 770 768 864
f 769 836 781
f 769 841 836
f 769 882 841
f 773 770 851
f 851 770 852
f 770 864 852
f 881 771 892
f 789 773 842
f 773 851 842
f 775 774 799
f 799 774 823
f 823 774 828
f 782 775 806
f 775 799 821
f 806 775 821
f 812 777 794
f 778 817 800
f 817 778 811
f 783 779 793
f 793 779 791
f 791 781 810
f 810 781 841
f 781 836 841
f 784 782 816
f 782 806 819
f 816 782 819
f 783 793 794
f 786 784 819
f 784 816 819
f 826 785 788
f 826 866 785
f 792 786 815
f 815 786 808
f 808 786 819
f 787 825 828
f 788 854 826
f 788 867 854
f 790 789 802
f 802 789 842
f 790 802 840
f 790 840 813
f 793 791 803
f 803 791 810
f 792 807 797
f 792 815 807
f 793 803 794
f 915 794 803
f 843 812 794
f 843 794 915
f 837 796 824
f 797 801 798
f 797 807 801
f 801 905 798
f 798 891 887
f 798 905 891
f 821 799 823
f 800 817 1074
f 807 906 801
f 801 906 863
f 863 912 801
f 912 905 801
f 802 842 840
f 803 810 915
f 804 895 809
f 804 822 973
f 804 1006 895
f 804 973 1006
f 805 865 872
f 806 821 819
f 807 815 965
f 807 916 906
f 916 807 965
f 808 819 815
f 833 879 809
f 809 895 833
f 810 841 918
f 915 810 918
f 817 811 818
f 811 839 818
f 811 884 839
f 813 827 822
f 813 840 827
f 860 845 814
f 860 814 861
f 819 956 815
f 815 958 954
f 815 954 962
f 956 957 815
f 815 957 958
f 815 962 965
f 817 818 930
f 817 930 1169
f 817 1169 1074
f 839 930 818
f 819 821 909
f 819 909 955
f 819 955 956
f 862 861 820
f 823 896 821
f 896 941 821
f 821 944 909
f 941 944 821
f 960 822 827
f 822 960 973
f 828 832 823
f 823 832 903
f 896 823 936
f 823 903 925
f 925 936 823
f 838 837 824
f 825 830 828
f 854 866 826
f 920 829 827
f 829 960 827
f 920 827 840
f 828 830 832
f 920 952 829
f 960 829 952
f 830 911 832
f 834 893 830
f 830 893 911
f 855 846 831
f 903 832 925
f 832 911 925
f 895 879 833
f 834 849 893
f 857 835 845
f 875 837 838
f 871 847 837
f 871 837 875
f 884 889 839
f 889 930 839
f 869 840 842
f 869 952 840
f 952 920 840
f 924 841 882
f 918 841 924
f 899 842 851
f 942 869 842
f 899 939 842
f 939 942 842
f 848 843 850
f 850 843 915
f 902 844 848
f 844 856 853
f 902 856 844
f 857 845 859
f 859 845 860
f 877 846 855
f 876 846 877
f 848 850 908
f 902 848 908
f 893 849 911
f 849 910 911
f 850 915 908
f 900 851 852
f 932 899 851
f 900 934 851
f 939 932 851
f 934 939 851
f 929 852 864
f 929 900 852
f 1030 853 856
f 866 854 867
f 855 858 877
f 1030 856 902
f 857 859 978
f 877 858 878
f 859 860 888
f 907 859 888
f 974 859 907
f 859 974 975
f 978 859 975
f 968 860 861
f 888 860 968
f 861 862 894
f 968 861 894
f 961 862 866
f 894 862 868
f 961 868 862
f 906 912 863
f 926 864 872
f 927 864 926
f 927 929 864
f 865 873 872
f 865 874 873
f 1031 874 865
f 1005 1031 865
f 866 867 945
f 961 866 945
f 928 867 870
f 945 867 928
f 894 868 968
f 868 961 968
f 942 952 869
f 870 871 917
f 870 917 921
f 928 870 921
f 871 875 886
f 871 886 917
f 923 872 873
f 923 926 872
f 923 873 874
f 904 923 874
f 874 1031 904
f 876 877 883
f 886 876 883
f 877 878 880
f 877 880 883
f 895 1013 879
f 879 1013 901
f 883 880 1160
f 1160 880 897
f 881 892 882
f 913 882 892
f 931 882 913
f 882 931 924
f 885 917 883
f 885 883 1160
f 886 883 917
f 884 887 890
f 890 889 884
f 914 940 885
f 914 885 1160
f 940 917 885
f 887 891 890
f 907 888 974
f 974 888 968
f 890 930 889
f 890 891 980
f 890 980 930
f 905 980 891
f 913 892 931
f 931 892 935
f 892 953 935
f 895 1006 1013
f 896 936 938
f 938 941 896
f 897 898 1160
f 1013 898 901
f 898 1013 1160
f 932 939 899
f 929 933 900
f 933 934 900
f 1030 902 908
f 922 923 904
f 922 904 1176
f 1031 1084 904
f 1084 1121 904
f 904 1121 1146
f 1176 904 1146
f 912 980 905
f 906 965 912
f 906 916 965
f 946 908 915
f 1030 908 946
f 944 955 909
f 910 919 911
f 911 919 993
f 911 993 925
f 965 980 912
f 940 914 1066
f 1066 914 1160
f 915 918 947
f 946 915 947
f 943 921 917
f 1103 917 940
f 917 1094 943
f 1116 1094 917
f 1130 917 1103
f 1116 917 1130
f 918 924 948
f 947 918 948
f 928 921 969
f 969 921 943
f 923 922 1009
f 1009 922 1010
f 1010 922 1176
f 923 1009 926
f 924 931 949
f 948 924 949
f 925 937 936
f 925 989 937
f 925 990 989
f 925 993 990
f 927 926 970
f 926 1008 970
f 926 1009 1008
f 929 927 964
f 927 991 964
f 927 970 991
f 1099 945 928
f 997 928 969
f 1099 928 997
f 933 929 971
f 929 964 996
f 971 929 996
f 980 1144 930
f 1144 1238 930
f 930 1238 1169
f 931 935 950
f 949 931 950
f 934 933 995
f 996 933 971
f 995 933 996
f 934 995 939
f 950 935 951
f 935 953 951
f 936 937 988
f 936 988 938
f 937 989 988
f 938 982 941
f 938 988 982
f 939 992 942
f 939 995 992
f 1066 1077 940
f 1077 1103 940
f 944 941 967
f 967 941 986
f 941 982 986
f 952 942 972
f 942 983 972
f 942 992 983
f 981 969 943
f 1094 981 943
f 986 955 944
f 944 967 986
f 976 961 945
f 976 945 963
f 1097 963 945
f 1106 1097 945
f 1099 1106 945
f 999 946 947
f 1030 946 999
f 977 947 948
f 1001 947 977
f 999 947 1001
f 1015 948 949
f 1018 977 948
f 1015 987 948
f 987 1018 948
f 1023 949 950
f 1020 949 1012
f 1023 1012 949
f 1020 1015 949
f 950 951 1011
f 1027 950 1011
f 1027 1023 950
f 1029 951 953
f 1029 1011 951
f 952 972 960
f 1029 953 1053
f 958 962 954
f 956 955 959
f 959 955 985
f 985 955 986
f 957 956 959
f 957 959 958
f 958 959 985
f 958 985 962
f 1036 960 972
f 960 1050 973
f 1036 1049 960
f 1050 960 1049
f 1091 968 961
f 1091 961 976
f 962 966 965
f 962 985 966
f 1051 976 963
f 1097 1051 963
f 1002 964 991
f 996 964 1002
f 965 966 979
f 965 979 984
f 965 984 980
f 979 966 984
f 966 985 984
f 1088 974 968
f 1088 968 1075
f 1089 1075 968
f 1089 968 1091
f 997 969 981
f 970 1008 991
f 1047 972 983
f 1038 1036 972
f 1038 972 1048
f 1048 972 1047
f 973 1100 1006
f 973 1050 1078
f 1078 1100 973
f 1031 975 974
f 1065 1031 974
f 1088 1065 974
f 1005 978 975
f 1031 1005 975
f 1091 976 1051
f 1018 1001 977
f 984 1014 980
f 980 1014 1144
f 1094 997 981
f 982 988 986
f 983 992 1045
f 1046 1007 983
f 1047 983 1007
f 1046 983 1045
f 984 985 1014
f 985 986 1025
f 985 998 1014
f 998 985 1021
f 1021 985 1025
f 986 988 1025
f 1020 987 1015
f 1018 987 1020
f 989 1032 988
f 988 1034 1025
f 988 1032 1034
f 990 994 989
f 989 994 1032
f 990 993 1000
f 990 1000 994
f 991 1008 1002
f 1019 992 995
f 1044 992 1019
f 992 1044 1045
f 1000 993 1061
f 993 1016 1064
f 1061 993 1064
f 994 1000 1035
f 994 1035 1032
f 995 996 1017
f 995 1017 1022
f 1019 995 1022
f 996 1002 1042
f 1043 1017 996
f 1043 996 1042
f 1106 997 1094
f 1106 1099 997
f 998 1021 1014
f 1004 999 1001
f 1003 999 1004
f 1030 999 1003
f 1035 1000 1061
f 1018 1004 1001
f 1002 1008 1042
f 1003 1004 1059
f 1030 1003 1082
f 1003 1059 1060
f 1082 1003 1060
f 1059 1004 1018
f 1006 1165 1013
f 1100 1165 1006
f 1007 1046 1047
f 1033 1008 1009
f 1042 1008 1033
f 1040 1009 1010
f 1024 1009 1040
f 1041 1009 1024
f 1033 1009 1041
f 1040 1010 1039
f 1039 1010 1052
f 1052 1010 1176
f 1027 1011 1029
f 1020 1012 1023
f 1013 1171 1160
f 1165 1166 1013
f 1013 1166 1171
f 1014 1021 1026
f 1014 1026 1143
f 1014 1143 1144
f 1030 1072 1016
f 1064 1016 1070
f 1016 1072 1070
f 1022 1017 1043
f 1018 1020 1058
f 1059 1018 1058
f 1019 1022 1044
f 1020 1023 1057
f 1058 1020 1057
f 1021 1025 1028
f 1026 1021 1092
f 1140 1021 1028
f 1092 1021 1140
f 1022 1043 1044
f 1037 1023 1027
f 1023 1037 1056
f 1023 1056 1057
f 1041 1024 1040
f 1028 1025 1068
f 1025 1034 1080
f 1139 1068 1025
f 1139 1025 1080
f 1026 1092 1142
f 1026 1142 1143
f 1027 1029 1055
f 1037 1027 1055
f 1068 1140 1028
f 1029 1053 1054
f 1055 1029 1054
f 1030 1111 1072
f 1030 1082 1198
f 1030 1135 1111
f 1135 1030 1198
f 1076 1031 1065
f 1085 1031 1076
f 1084 1031 1085
f 1032 1035 1034
f 1033 1041 1042
f 1034 1035 1079
f 1034 1079 1080
f 1061 1064 1035
f 1035 1064 1138
f 1079 1035 1138
f 1036 1038 1049
f 1056 1037 1055
f 1038 1048 1049
f 1039 1052 1040
f 1040 1052 1041
f 1041 1098 1042
f 1052 1098 1041
f 1042 1067 1043
f 1042 1098 1067
f 1043 1109 1044
f 1043 1067 1107
f 1043 1107 1104
f 1104 1109 1043
f 1044 1071 1045
f 1044 1120 1071
f 1109 1120 1044
f 1045 1118 1046
f 1045 1101 1063
f 1045 1063 1118
f 1045 1071 1101
f 1047 1046 1062
f 1046 1125 1062
f 1046 1131 1069
f 1046 1069 1134
f 1118 1127 1046
f 1046 1134 1125
f 1127 1131 1046
f 1047 1087 1048
f 1047 1062 1087
f 1048 1090 1049
f 1048 1087 1145
f 1048 1145 1090
f 1049 1081 1050
f 1049 1090 1081
f 1050 1115 1078
f 1081 1148 1050
f 1050 1122 1115
f 1050 1148 1122
f 1091 1051 1095
f 1095 1051 1097
f 1098 1052 1176
f 1054 1053 1102
f 1074 1259 1053
f 1102 1053 1119
f 1053 1218 1119
f 1218 1053 1259
f 1055 1054 1112
f 1112 1054 1102
f 1056 1055 1112
f 1057 1056 1155
f 1129 1056 1112
f 1155 1056 1129
f 1058 1057 1175
f 1175 1057 1155
f 1083 1059 1058
f 1184 1083 1058
f 1214 1058 1175
f 1214 1184 1058
f 1157 1060 1059
f 1157 1059 1083
f 1082 1060 1233
f 1233 1060 1157
f 1125 1087 1062
f 1101 1118 1063
f 1086 1064 1070
f 1138 1064 1086
f 1085 1076 1065
f 1088 1085 1065
f 1130 1077 1066
f 1130 1066 1160
f 1098 1107 1067
f 1068 1139 1140
f 1134 1069 1131
f 1070 1072 1111
f 1086 1070 1073
f 1073 1070 1096
f 1096 1070 1111
f 1071 1120 1101
f 1096 1086 1073
f 1169 1328 1074
f 1074 1328 1259
f 1089 1088 1075
f 1130 1103 1077
f 1078 1113 1100
f 1105 1108 1078
f 1078 1115 1105
f 1078 1108 1113
f 1080 1079 1138
f 1080 1138 1139
f 1081 1090 1148
f 1126 1082 1190
f 1198 1082 1126
f 1190 1082 1233
f 1184 1157 1083
f 1084 1085 1147
f 1121 1084 1147
f 1149 1085 1088
f 1085 1149 1147
f 1086 1096 1137
f 1138 1086 1137
f 1087 1125 1145
f 1088 1089 1110
f 1128 1088 1110
f 1149 1088 1128
f 1089 1091 1093
f 1089 1093 1110
f 1148 1090 1145
f 1093 1091 1151
f 1151 1091 1095
f 1092 1140 1142
f 1110 1093 1150
f 1093 1151 1150
f 1116 1106 1094
f 1095 1097 1141
f 1141 1151 1095
f 1137 1096 1111
f 1097 1106 1152
f 1141 1097 1123
f 1123 1097 1152
f 1210 1107 1098
f 1209 1098 1176
f 1210 1098 1209
f 1113 1133 1100
f 1133 1159 1100
f 1100 1159 1165
f 1101 1120 1118
f 1112 1102 1221
f 1102 1119 1221
f 1104 1107 1109
f 1105 1115 1108
f 1106 1116 1132
f 1153 1106 1132
f 1106 1153 1152
f 1109 1107 1117
f 1117 1107 1210
f 1108 1239 1113
f 1115 1239 1108
f 1109 1117 1201
f 1120 1109 1207
f 1207 1109 1201
f 1128 1110 1150
f 1136 1111 1135
f 1136 1137 1111
f 1112 1114 1129
f 1114 1112 1222
f 1112 1221 1222
f 1113 1280 1133
f 1113 1239 1280
f 1223 1129 1114
f 1223 1114 1222
f 1122 1170 1115
f 1115 1170 1239
f 1124 1116 1130
f 1154 1116 1124
f 1132 1116 1153
f 1153 1116 1154
f 1201 1117 1208
f 1117 1210 1208
f 1118 1120 1127
f 1119 1218 1221
f 1120 1202 1127
f 1120 1207 1202
f 1121 1147 1146
f 1122 1148 1170
f 1141 1123 1151
f 1123 1152 1151
f 1124 1130 1156
f 1124 1156 1154
f 1134 1145 1125
f 1126 1190 1369
f 1198 1126 1203
f 1203 1126 1247
f 1247 1126 1369
f 1131 1127 1193
f 1127 1202 1193
f 1128 1150 1149
f 1155 1129 1161
f 1161 1129 1227
f 1216 1129 1223
f 1129 1216 1227
f 1130 1160 1156
f 1134 1131 1191
f 1131 1192 1191
f 1131 1193 1192
f 1133 1177 1159
f 1280 1177 1133
f 1145 1134 1186
f 1134 1191 1186
f 1136 1135 1199
f 1135 1198 1203
f 1135 1203 1199
f 1136 1158 1137
f 1136 1199 1158
f 1138 1137 1164
f 1137 1158 1196
f 1137 1196 1164
f 1138 1181 1139
f 1138 1164 1181
f 1139 1172 1140
f 1139 1181 1172
f 1140 1168 1142
f 1140 1172 1168
f 1143 1142 1163
f 1142 1168 1163
f 1143 1162 1144
f 1143 1163 1162
f 1144 1162 1274
f 1144 1283 1238
f 1144 1274 1283
f 1145 1170 1148
f 1145 1186 1170
f 1176 1146 1147
f 1176 1147 1149
f 1187 1149 1150
f 1149 1194 1176
f 1187 1194 1149
f 1187 1150 1151
f 1185 1151 1152
f 1185 1187 1151
f 1182 1152 1153
f 1182 1185 1152
f 1173 1153 1154
f 1173 1178 1153
f 1178 1182 1153
f 1167 1154 1156
f 1173 1154 1167
f 1155 1161 1206
f 1175 1155 1197
f 1197 1155 1206
f 1167 1156 1160
f 1157 1184 1214
f 1157 1214 1233
f 1158 1199 1196
f 1159 1177 1165
f 1167 1160 1200
f 1171 1180 1160
f 1160 1174 1200
f 1160 1204 1174
f 1180 1189 1160
f 1160 1189 1204
f 1206 1161 1227
f 1162 1163 1179
f 1162 1179 1260
f 1274 1162 1260
f 1163 1168 1225
f 1179 1163 1225
f 1164 1196 1181
f 1165 1177 1166
f 1166 1177 1171
f 1173 1167 1200
f 1168 1172 1183
f 1232 1168 1183
f 1225 1168 1215
f 1215 1168 1265
f 1262 1168 1232
f 1168 1262 1265
f 1169 1238 1332
f 1169 1332 1328
f 1170 1186 1257
f 1170 1351 1239
f 1170 1257 1351
f 1177 1180 1171
f 1172 1181 1224
f 1262 1183 1172
f 1262 1172 1224
f 1178 1173 1211
f 1173 1200 1211
f 1200 1174 1213
f 1204 1473 1174
f 1174 1226 1213
f 1174 1473 1226
f 1175 1197 1230
f 1214 1175 1235
f 1175 1230 1235
f 1194 1209 1176
f 1180 1177 1189
f 1177 1473 1189
f 1280 1373 1177
f 1177 1373 1473
f 1195 1182 1178
f 1195 1178 1228
f 1220 1178 1211
f 1228 1178 1220
f 1272 1179 1225
f 1260 1179 1272
f 1181 1196 1256
f 1224 1181 1261
f 1261 1181 1256
f 1254 1185 1182
f 1228 1182 1195
f 1228 1254 1182
f 1262 1232 1183
f 1187 1185 1188
f 1188 1185 1242
f 1254 1242 1185
f 1186 1191 1251
f 1244 1186 1253
f 1257 1186 1244
f 1253 1186 1251
f 1267 1187 1188
f 1194 1187 1267
f 1254 1188 1242
f 1188 1254 1267
f 1189 1473 1204
f 1233 1393 1190
f 1385 1369 1190
f 1190 1393 1385
f 1191 1192 1205
f 1191 1205 1251
f 1192 1193 1205
f 1249 1193 1202
f 1249 1205 1193
f 1209 1194 1219
f 1219 1194 1267
f 1196 1199 1212
f 1196 1212 1256
f 1197 1206 1230
f 1199 1203 1252
f 1212 1199 1252
f 1211 1200 1282
f 1200 1213 1217
f 1200 1217 1231
f 1282 1200 1231
f 1201 1208 1207
f 1202 1207 1246
f 1202 1246 1248
f 1249 1202 1248
f 1252 1203 1247
f 1250 1205 1249
f 1251 1205 1250
f 1230 1206 1227
f 1207 1208 1245
f 1246 1207 1245
f 1208 1210 1243
f 1208 1243 1245
f 1209 1375 1210
f 1267 1209 1219
f 1267 1375 1209
f 1210 1375 1243
f 1356 1220 1211
f 1211 1229 1348
f 1229 1211 1358
f 1211 1282 1358
f 1356 1211 1348
f 1212 1252 1256
f 1217 1213 1353
f 1353 1213 1226
f 1233 1214 1237
f 1237 1214 1235
f 1266 1225 1215
f 1266 1215 1265
f 1227 1216 1223
f 1231 1217 1353
f 1221 1218 1240
f 1240 1218 1263
f 1218 1259 1301
f 1263 1218 1289
f 1218 1299 1289
f 1218 1301 1299
f 1220 1331 1228
f 1331 1220 1356
f 1236 1222 1221
f 1330 1236 1221
f 1279 1221 1240
f 1330 1221 1279
f 1223 1222 1306
f 1324 1222 1236
f 1306 1222 1258
f 1324 1258 1222
f 1337 1227 1223
f 1362 1223 1306
f 1337 1223 1362
f 1224 1261 1262
f 1272 1225 1266
f 1353 1226 1473
f 1234 1230 1227
f 1304 1234 1227
f 1304 1227 1337
f 1228 1428 1254
f 1228 1331 1380
f 1228 1380 1392
f 1228 1392 1423
f 1228 1423 1428
f 1229 1358 1348
f 1304 1230 1234
f 1235 1230 1304
f 1282 1231 1353
f 1237 1393 1233
f 1241 1237 1235
f 1268 1241 1235
f 1268 1235 1304
f 1330 1324 1236
f 1241 1393 1237
f 1283 1338 1238
f 1332 1238 1334
f 1238 1338 1334
f 1239 1400 1280
f 1239 1351 1400
f 1240 1263 1275
f 1435 1240 1275
f 1279 1240 1435
f 1241 1268 1352
f 1323 1241 1352
f 1323 1393 1241
f 1245 1243 1292
f 1255 1292 1243
f 1375 1255 1243
f 1257 1244 1253
f 1245 1288 1246
f 1245 1287 1288
f 1287 1245 1292
f 1248 1246 1284
f 1246 1288 1284
f 1252 1247 1369
f 1249 1248 1276
f 1248 1277 1276
f 1248 1284 1277
f 1250 1249 1273
f 1249 1276 1273
f 1250 1273 1251
f 1253 1251 1269
f 1251 1273 1269
f 1256 1252 1270
f 1270 1252 1385
f 1252 1369 1385
f 1253 1264 1257
f 1253 1269 1264
f 1267 1254 1387
f 1254 1359 1411
f 1359 1254 1412
f 1387 1254 1401
f 1401 1254 1411
f 1254 1428 1412
f 1290 1294 1255
f 1290 1255 1375
f 1255 1294 1292
f 1256 1355 1261
f 1256 1270 1355
f 1264 1414 1257
f 1257 1414 1351
f 1344 1306 1258
f 1324 1344 1258
f 1301 1259 1307
f 1259 1311 1307
f 1319 1311 1259
f 1328 1319 1259
f 1274 1260 1272
f 1262 1261 1354
f 1354 1261 1366
f 1261 1355 1376
f 1261 1376 1366
f 1265 1262 1271
f 1271 1262 1335
f 1262 1354 1335
f 1275 1263 1435
f 1263 1289 1435
f 1269 1281 1264
f 1281 1365 1264
f 1264 1365 1341
f 1341 1374 1264
f 1374 1414 1264
f 1266 1265 1298
f 1265 1271 1298
f 1272 1266 1326
f 1266 1298 1333
f 1266 1333 1326
f 1375 1267 1387
f 1361 1268 1304
f 1268 1315 1352
f 1315 1268 1361
f 1273 1360 1269
f 1269 1360 1281
f 1355 1270 1376
f 1270 1385 1376
f 1298 1271 1335
f 1272 1303 1274
f 1303 1272 1326
f 1276 1364 1273
f 1273 1364 1360
f 1274 1285 1283
f 1285 1274 1300
f 1274 1316 1300
f 1274 1303 1326
f 1316 1274 1326
f 1276 1277 1278
f 1276 1278 1364
f 1277 1312 1278
f 1277 1284 1340
f 1277 1318 1312
f 1277 1340 1318
f 1312 1347 1278
f 1347 1364 1278
f 1383 1330 1279
f 1383 1279 1435
f 1280 1512 1373
f 1400 1512 1280
f 1281 1360 1364
f 1364 1365 1281
f 1282 1353 1433
f 1358 1282 1433
f 1285 1291 1283
f 1283 1291 1296
f 1283 1296 1325
f 1283 1325 1327
f 1283 1327 1338
f 1284 1310 1286
f 1284 1286 1340
f 1288 1310 1284
f 1285 1300 1291
f 1310 1321 1286
f 1286 1321 1340
f 1287 1292 1288
f 1292 1295 1288
f 1288 1295 1310
f 1289 1299 1445
f 1289 1445 1435
f 1290 1293 1294
f 1293 1290 1375
f 1296 1291 1502
f 1291 1300 1502
f 1294 1295 1292
f 1293 1297 1294
f 1297 1293 1375
f 1421 1295 1294
f 1294 1297 1381
f 1381 1421 1294
f 1295 1320 1310
f 1421 1320 1295
f 1325 1296 1343
f 1343 1296 1502
f 1381 1297 1375
f 1298 1335 1333
f 1301 1302 1299
f 1302 1445 1299
f 1313 1300 1305
f 1300 1317 1305
f 1488 1300 1313
f 1300 1316 1317
f 1300 1488 1502
f 1302 1301 1307
f 1308 1302 1307
f 1302 1308 1445
f 1371 1304 1337
f 1361 1304 1371
f 1313 1305 1488
f 1406 1305 1317
f 1488 1305 1406
f 1363 1306 1344
f 1362 1306 1363
f 1308 1307 1309
f 1307 1311 1309
f 1308 1309 1445
f 1309 1311 1314
f 1309 1314 1445
f 1310 1320 1390
f 1310 1394 1321
f 1310 1390 1394
f 1319 1314 1311
f 1318 1342 1312
f 1312 1342 1347
f 1322 1314 1319
f 1410 1314 1322
f 1410 1457 1314
f 1314 1457 1445
f 1315 1361 1352
f 1316 1326 1317
f 1317 1326 1396
f 1317 1396 1436
f 1406 1317 1436
f 1318 1340 1342
f 1328 1322 1319
f 1390 1320 1421
f 1340 1321 1391
f 1321 1395 1391
f 1321 1394 1395
f 1328 1329 1322
f 1329 1410 1322
f 1349 1323 1352
f 1323 1349 1518
f 1323 1455 1393
f 1323 1518 1455
f 1378 1324 1330
f 1367 1344 1324
f 1378 1367 1324
f 1325 1345 1327
f 1325 1343 1345
f 1326 1333 1405
f 1396 1326 1405
f 1327 1346 1338
f 1327 1345 1346
f 1332 1329 1328
f 1332 1336 1329
f 1336 1410 1329
f 1378 1330 1383
f 1331 1356 1380
f 1332 1334 1336
f 1333 1335 1478
f 1405 1333 1478
f 1336 1334 1339
f 1334 1338 1339
f 1335 1354 1398
f 1478 1335 1398
f 1336 1339 1410
f 1337 1362 1377
f 1371 1337 1377
f 1339 1338 1350
f 1346 1350 1338
f 1339 1350 1410
f 1342 1340 1388
f 1388 1340 1391
f 1365 1372 1341
f 1372 1374 1341
f 1347 1342 1417
f 1342 1388 1417
f 1345 1343 1502
f 1363 1344 1367
f 1345 1502 1346
f 1346 1510 1350
f 1346 1502 1510
f 1364 1347 1416
f 1416 1347 1417
f 1356 1348 1444
f 1348 1358 1444
f 1424 1349 1352
f 1349 1424 1518
f 1350 1510 1410
f 1351 1532 1400
f 1351 1414 1532
f 1352 1361 1425
f 1424 1352 1425
f 1433 1353 1449
f 1353 1473 1449
f 1354 1366 1357
f 1398 1354 1357
f 1380 1356 1440
f 1356 1444 1440
f 1357 1366 1370
f 1477 1357 1370
f 1398 1357 1477
f 1449 1358 1433
f 1444 1358 1449
f 1359 1412 1411
f 1426 1361 1371
f 1425 1361 1426
f 1362 1363 1368
f 1362 1368 1377
f 1363 1367 1389
f 1386 1368 1363
f 1386 1363 1389
f 1364 1372 1365
f 1364 1416 1372
f 1407 1370 1366
f 1442 1366 1376
f 1407 1366 1474
f 1471 1366 1442
f 1366 1471 1474
f 1367 1378 1399
f 1389 1367 1399
f 1368 1386 1377
f 1477 1370 1407
f 1371 1377 1429
f 1427 1371 1382
f 1382 1371 1429
f 1371 1427 1426
f 1374 1372 1402
f 1402 1372 1415
f 1372 1416 1415
f 1373 1512 1473
f 1374 1402 1414
f 1397 1381 1375
f 1375 1387 1397
f 1442 1376 1379
f 1379 1376 1470
f 1385 1470 1376
f 1384 1377 1386
f 1429 1377 1384
f 1399 1378 1383
f 1442 1379 1470
f 1380 1403 1392
f 1403 1380 1440
f 1381 1397 1408
f 1408 1413 1381
f 1413 1421 1381
f 1427 1382 1429
f 1399 1383 1404
f 1383 1435 1404
f 1384 1386 1430
f 1384 1430 1429
f 1443 1385 1393
f 1443 1470 1385
f 1386 1389 1431
f 1430 1386 1431
f 1387 1401 1397
f 1388 1391 1418
f 1388 1418 1417
f 1389 1399 1432
f 1431 1389 1432
f 1394 1390 1420
f 1390 1421 1420
f 1391 1395 1418
f 1392 1403 1423
f 1443 1393 1455
f 1395 1394 1419
f 1394 1420 1419
f 1395 1419 1418
f 1459 1396 1405
f 1436 1396 1487
f 1396 1459 1483
f 1487 1396 1483
f 1397 1401 1408
f 1481 1398 1477
f 1478 1398 1481
f 1432 1399 1404
f 1400 1629 1512
f 1532 1566 1400
f 1566 1629 1400
f 1408 1401 1501
f 1409 1401 1411
f 1501 1401 1409
f 1402 1415 1414
f 1403 1440 1423
f 1432 1404 1434
f 1404 1435 1434
f 1459 1405 1478
f 1406 1436 1467
f 1467 1488 1406
f 1477 1407 1474
f 1408 1501 1413
f 1409 1411 1439
f 1409 1439 1454
f 1409 1454 1499
f 1409 1499 1501
f 1410 1696 1457
f 1510 1703 1410
f 1410 1703 1696
f 1411 1412 1439
f 1412 1428 1438
f 1412 1438 1439
f 1413 1422 1421
f 1413 1539 1422
f 1501 1525 1413
f 1525 1539 1413
f 1414 1415 1489
f 1414 1489 1532
f 1415 1416 1472
f 1489 1415 1472
f 1466 1416 1417
f 1472 1416 1466
f 1417 1418 1464
f 1469 1417 1464
f 1466 1417 1469
f 1418 1419 1458
f 1460 1418 1458
f 1464 1418 1460
f 1458 1419 1420
f 1420 1421 1453
f 1456 1420 1453
f 1458 1420 1456
f 1421 1422 1452
f 1421 1452 1453
f 1422 1539 1452
f 1423 1440 1428
f 1540 1424 1425
f 1518 1424 1540
f 1425 1426 1461
f 1446 1425 1461
f 1504 1425 1446
f 1540 1425 1504
f 1426 1427 1476
f 1461 1426 1511
f 1511 1426 1476
f 1427 1429 1482
f 1427 1441 1476
f 1441 1427 1507
f 1427 1482 1507
f 1492 1438 1428
f 1486 1428 1440
f 1492 1428 1486
f 1429 1430 1465
f 1437 1429 1465
f 1482 1429 1437
f 1430 1431 1462
f 1430 1462 1465
f 1431 1432 1451
f 1462 1431 1451
f 1451 1432 1434
f 1434 1435 1448
f 1451 1434 1448
f 1435 1445 1580
f 1448 1435 1546
f 1546 1435 1571
f 1571 1435 1583
f 1435 1580 1583
f 1467 1436 1475
f 1475 1436 1487
f 1437 1465 1482
f 1439 1438 1463
f 1463 1438 1492
f 1454 1439 1494
f 1494 1439 1463
f 1440 1444 1450
f 1447 1440 1484
f 1486 1440 1447
f 1484 1440 1450
f 1476 1441 1521
f 1521 1441 1507
f 1442 1470 1471
f 1443 1455 1468
f 1443 1468 1470
f 1444 1449 1480
f 1450 1444 1484
f 1444 1480 1484
f 1445 1457 1580
f 1446 1461 1504
f 1447 1484 1486
f 1451 1448 1509
f 1448 1479 1509
f 1479 1448 1546
f 1449 1473 1480
f 1588 1462 1451
f 1451 1509 1544
f 1544 1588 1451
f 1453 1452 1500
f 1452 1539 1500
f 1453 1498 1456
f 1453 1500 1498
f 1454 1494 1499
f 1455 1518 1468
f 1458 1456 1496
f 1456 1485 1497
f 1456 1498 1485
f 1456 1497 1496
f 1580 1457 1691
f 1696 1691 1457
f 1458 1496 1460
f 1459 1478 1483
f 1464 1460 1493
f 1493 1460 1495
f 1460 1496 1495
f 1504 1461 1511
f 1465 1462 1524
f 1590 1524 1462
f 1588 1590 1462
f 1494 1463 1492
f 1469 1464 1491
f 1464 1493 1491
f 1482 1465 1593
f 1465 1524 1562
f 1541 1465 1562
f 1593 1465 1541
f 1466 1469 1472
f 1467 1475 1487
f 1467 1487 1488
f 1470 1468 1522
f 1468 1518 1522
f 1472 1469 1490
f 1490 1469 1491
f 1471 1470 1519
f 1519 1470 1516
f 1516 1470 1520
f 1520 1470 1522
f 1474 1471 1515
f 1471 1519 1515
f 1472 1490 1489
f 1480 1473 1538
f 1473 1512 1538
f 1477 1474 1513
f 1474 1514 1513
f 1474 1515 1514
f 1511 1476 1523
f 1523 1476 1521
f 1481 1477 1508
f 1508 1477 1513
f 1483 1478 1481
f 1509 1479 1544
f 1544 1479 1565
f 1565 1479 1546
f 1536 1484 1480
f 1536 1480 1538
f 1483 1481 1506
f 1481 1508 1506
f 1507 1482 1549
f 1549 1482 1595
f 1482 1593 1595
f 1487 1483 1505
f 1505 1483 1506
f 1486 1484 1535
f 1535 1484 1536
f 1485 1498 1497
f 1530 1492 1486
f 1530 1486 1534
f 1534 1486 1535
f 1488 1487 1505
f 1488 1503 1502
f 1488 1505 1503
f 1490 1619 1489
f 1489 1604 1532
f 1489 1596 1603
f 1596 1489 1614
f 1603 1604 1489
f 1614 1489 1632
f 1489 1619 1632
f 1491 1608 1490
f 1490 1608 1531
f 1490 1531 1622
f 1619 1490 1618
f 1618 1490 1620
f 1620 1490 1622
f 1493 1555 1491
f 1555 1585 1491
f 1491 1585 1579
f 1491 1579 1608
f 1529 1494 1492
f 1529 1492 1530
f 1495 1559 1493
f 1493 1517 1555
f 1493 1557 1517
f 1493 1559 1557
f 1529 1499 1494
f 1496 1526 1495
f 1495 1526 1559
f 1496 1497 1561
f 1496 1561 1526
f 1498 1527 1497
f 1497 1527 1545
f 1497 1545 1561
f 1498 1500 1556
f 1498 1556 1527
f 1528 1501 1499
f 1528 1499 1529
f 1500 1539 1550
f 1500 1550 1556
f 1525 1501 1528
f 1503 1682 1502
f 1502 1735 1510
f 1682 1704 1502
f 1704 1740 1502
f 1502 1738 1735
f 1502 1740 1738
f 1503 1505 1772
f 1503 1668 1682
f 1668 1503 1711
f 1711 1503 1772
f 1504 1511 1540
f 1506 1592 1505
f 1505 1592 1772
f 1508 1659 1506
f 1506 1722 1592
f 1659 1698 1506
f 1698 1787 1506
f 1506 1787 1722
f 1521 1507 1537
f 1537 1507 1599
f 1507 1549 1597
f 1507 1597 1599
f 1513 1542 1508
f 1508 1542 1727
f 1508 1727 1659
f 1510 1708 1703
f 1510 1735 1708
f 1511 1523 1540
f 1538 1512 1621
f 1621 1512 1635
f 1629 1636 1512
f 1636 1635 1512
f 1514 1709 1513
f 1513 1715 1542
f 1513 1578 1547
f 1513 1547 1715
f 1578 1513 1734
f 1513 1709 1734
f 1515 1560 1514
f 1560 1634 1514
f 1514 1634 1709
f 1519 1533 1515
f 1533 1594 1515
f 1515 1594 1560
f 1516 1520 1519
f 1557 1555 1517
f 1522 1518 1646
f 1518 1540 1543
f 1646 1518 1543
f 1520 1628 1519
f 1519 1628 1533
f 1522 1628 1520
f 1521 1537 1523
f 1522 1646 1628
f 1523 1537 1601
f 1523 1601 1540
f 1562 1524 1590
f 1581 1525 1528
f 1539 1525 1552
f 1552 1525 1581
f 1526 1575 1559
f 1526 1561 1572
f 1572 1575 1526
f 1556 1545 1527
f 1529 1587 1528
f 1581 1528 1586
f 1528 1589 1586
f 1587 1589 1528
f 1530 1587 1529
f 1530 1534 1576
f 1530 1576 1587
f 1608 1615 1531
f 1531 1615 1622
f 1532 1607 1566
f 1604 1605 1532
f 1605 1606 1532
f 1532 1606 1607
f 1533 1705 1594
f 1628 1663 1533
f 1663 1705 1533
f 1535 1558 1534
f 1558 1568 1534
f 1534 1568 1576
f 1536 1551 1535
f 1551 1558 1535
f 1538 1548 1536
f 1536 1548 1551
f 1537 1599 1601
f 1538 1551 1548
f 1551 1538 1640
f 1538 1621 1624
f 1538 1626 1623
f 1538 1623 1657
f 1538 1624 1627
f 1538 1627 1626
f 1538 1638 1637
f 1538 1637 1640
f 1538 1660 1638
f 1538 1657 1660
f 1539 1564 1550
f 1539 1552 1564
f 1543 1540 1553
f 1553 1540 1609
f 1540 1601 1609
f 1541 1562 1591
f 1569 1541 1591
f 1593 1541 1569
f 1542 1715 1684
f 1542 1684 1727
f 1553 1646 1543
f 1565 1588 1544
f 1545 1556 1563
f 1545 1570 1561
f 1545 1563 1570
f 1565 1546 1588
f 1583 1546 1571
f 1546 1583 1588
f 1547 1578 1631
f 1631 1715 1547
f 1549 1595 1597
f 1554 1556 1550
f 1667 1554 1550
f 1658 1550 1564
f 1658 1667 1550
f 1558 1551 1633
f 1633 1551 1644
f 1641 1551 1640
f 1644 1551 1641
f 1564 1552 1573
f 1573 1552 1581
f 1692 1553 1609
f 1553 1663 1646
f 1692 1663 1553
f 1556 1554 1567
f 1567 1554 1574
f 1574 1554 1667
f 1557 1584 1555
f 1555 1584 1598
f 1555 1598 1585
f 1563 1556 1679
f 1556 1567 1685
f 1556 1685 1679
f 1559 1584 1557
f 1647 1568 1558
f 1610 1558 1633
f 1647 1558 1610
f 1575 1577 1559
f 1577 1584 1559
f 1594 1634 1560
f 1561 1570 1572
f 1591 1562 1590
f 1570 1563 1678
f 1563 1679 1678
f 1658 1564 1573
f 1607 1611 1566
f 1611 1612 1566
f 1566 1612 1613
f 1566 1613 1616
f 1566 1616 1629
f 1567 1574 1685
f 1649 1576 1568
f 1648 1568 1647
f 1649 1568 1648
f 1569 1591 1593
f 1572 1570 1674
f 1570 1678 1674
f 1575 1572 1582
f 1582 1572 1674
f 1658 1573 1581
f 1667 1718 1574
f 1574 1718 1685
f 1577 1575 1674
f 1575 1582 1674
f 1587 1576 1707
f 1707 1576 1649
f 1584 1577 1670
f 1670 1577 1672
f 1577 1674 1672
f 1578 1734 1631
f 1585 1602 1579
f 1602 1608 1579
f 1583 1580 1671
f 1671 1580 1680
f 1680 1580 1681
f 1681 1580 1683
f 1580 1688 1683
f 1580 1691 1688
f 1617 1581 1586
f 1658 1581 1617
f 1700 1588 1583
f 1724 1583 1671
f 1724 1700 1583
f 1598 1584 1666
f 1584 1670 1666
f 1598 1602 1585
f 1586 1589 1600
f 1617 1586 1600
f 1589 1587 1650
f 1650 1587 1707
f 1590 1588 1746
f 1710 1588 1700
f 1746 1588 1710
f 1645 1600 1589
f 1589 1650 1645
f 1725 1591 1590
f 1725 1590 1713
f 1713 1590 1746
f 1725 1593 1591
f 1592 1722 1772
f 1699 1595 1593
f 1725 1699 1593
f 1594 1656 1634
f 1594 1705 1656
f 1651 1597 1595
f 1701 1651 1595
f 1699 1673 1595
f 1701 1595 1673
f 1596 1653 1603
f 1614 1653 1596
f 1599 1597 1625
f 1651 1625 1597
f 1602 1598 1666
f 1694 1601 1599
f 1625 1728 1599
f 1712 1694 1599
f 1728 1712 1599
f 1617 1600 1642
f 1642 1600 1645
f 1697 1609 1601
f 1712 1601 1694
f 1697 1601 1712
f 1608 1602 1643
f 1643 1602 1665
f 1665 1602 1666
f 1603 1653 1604
f 1604 1653 1605
f 1653 1606 1605
f 1607 1606 1802
f 1653 1802 1606
f 1607 1829 1611
f 1607 1802 1803
f 1607 1803 1829
f 1615 1608 1639
f 1639 1608 1643
f 1692 1609 1697
f 1655 1610 1633
f 1647 1610 1655
f 1831 1612 1611
f 1829 1831 1611
f 1612 1851 1613
f 1831 1851 1612
f 1616 1613 1629
f 1613 1874 1629
f 1613 1851 1874
f 1632 1653 1614
f 1622 1615 1639
f 1652 1617 1642
f 1652 1658 1617
f 1618 1630 1619
f 1620 1630 1618
f 1619 1630 1632
f 1620 1622 1630
f 1624 1621 1635
f 1630 1622 1654
f 1622 1639 1662
f 1654 1622 1661
f 1622 1662 1661
f 1623 1626 1850
f 1623 1947 1657
f 1850 1947 1623
f 1627 1624 1871
f 1624 1635 1875
f 1624 1875 1871
f 1676 1625 1651
f 1676 1728 1625
f 1627 1871 1626
f 1850 1626 1871
f 1646 1663 1628
f 1629 1874 1636
f 1630 1653 1632
f 1630 1661 1653
f 1630 1654 1661
f 1734 1715 1631
f 1664 1633 1644
f 1664 1655 1633
f 1656 1705 1634
f 1705 1714 1634
f 1634 1714 1709
f 1636 1875 1635
f 1874 1875 1636
f 1637 1638 1736
f 1640 1637 1736
f 1970 1638 1660
f 1736 1638 1965
f 1965 1638 1970
f 1639 1643 1662
f 1677 1641 1640
f 1640 1736 1677
f 1644 1641 1675
f 1675 1641 1677
f 1669 1642 1645
f 1652 1642 1669
f 1643 1665 1662
f 1664 1644 1677
f 1677 1644 1675
f 1645 1650 1693
f 1669 1645 1693
f 1690 1648 1647
f 1689 1647 1655
f 1690 1647 1689
f 1649 1648 1686
f 1686 1648 1690
f 1760 1649 1686
f 1707 1649 1760
f 1693 1650 1858
f 1838 1650 1707
f 1650 1838 1858
f 1728 1676 1651
f 1737 1651 1701
f 1730 1728 1651
f 1730 1651 1737
f 1652 1667 1658
f 1952 1667 1652
f 1652 1669 1953
f 1953 1952 1652
f 1653 1661 1791
f 1653 1791 1808
f 1653 1808 1802
f 1689 1655 1664
f 1657 1970 1660
f 1947 1970 1657
f 1659 1727 1698
f 1661 1662 1748
f 1661 1748 1776
f 1791 1661 1776
f 1662 1665 1774
f 1748 1662 1774
f 1663 1692 1853
f 1663 1830 1705
f 1663 1853 1830
f 1721 1664 1677
f 1689 1664 1721
f 1665 1666 1716
f 1665 1716 1769
f 1665 1769 1774
f 1666 1670 1717
f 1716 1666 1717
f 1952 1718 1667
f 1682 1668 1720
f 1668 1711 1720
f 1669 1693 1719
f 1669 1719 1953
f 1670 1672 1702
f 1717 1670 1702
f 1671 1680 1801
f 1724 1671 1801
f 1672 1674 1729
f 1702 1672 1729
f 1699 1701 1673
f 1761 1674 1678
f 1729 1674 1761
f 1962 1721 1677
f 1677 1736 1785
f 1677 1785 1891
f 1677 1891 1963
f 1962 1677 1963
f 1678 1679 1726
f 1757 1678 1726
f 1761 1678 1757
f 1754 1679 1685
f 1726 1679 1754
f 1680 1681 1687
f 1680 1687 1801
f 1687 1681 1683
f 1682 1720 1704
f 1695 1687 1683
f 1683 1688 1695
f 1684 1715 1727
f 1718 1768 1685
f 1754 1685 1750
f 1685 1768 1750
f 1686 1690 1786
f 1760 1686 1818
f 1686 1786 1818
f 1801 1687 1695
f 1688 1691 1706
f 1688 1706 1695
f 1690 1689 1721
f 1690 1721 1786
f 1696 1723 1691
f 1706 1691 1723
f 1692 1697 1733
f 1839 1692 1733
f 1853 1692 1839
f 1719 1693 1920
f 1693 1858 1920
f 1695 1706 1882
f 1801 1695 1919
f 1695 1882 1919
f 1696 1703 1732
f 1696 1732 1723
f 1697 1712 1731
f 1697 1731 1765
f 1733 1697 1765
f 1727 1777 1698
f 1777 1798 1698
f 1698 1823 1787
f 1698 1798 1823
f 1744 1701 1699
f 1751 1699 1725
f 1744 1699 1751
f 1710 1700 1724
f 1737 1701 1744
f 1717 1702 1764
f 1763 1702 1729
f 1702 1763 1764
f 1708 1741 1703
f 1732 1703 1741
f 1720 1894 1704
f 1704 1894 1740
f 1714 1705 1847
f 1847 1705 1778
f 1778 1705 1901
f 1705 1830 1854
f 1901 1705 1854
f 1706 1723 1866
f 1706 1866 1882
f 1707 1760 1824
f 1707 1824 1838
f 1708 1735 1743
f 1708 1743 1741
f 1714 1739 1709
f 1709 1747 1734
f 1709 1739 1747
f 1759 1710 1724
f 1759 1746 1710
f 1711 1894 1720
f 1711 1772 1894
f 1749 1712 1728
f 1749 1731 1712
f 1751 1725 1713
f 1759 1713 1746
f 1758 1751 1713
f 1758 1713 1759
f 1714 1833 1739
f 1904 1833 1714
f 1903 1714 1847
f 1904 1714 1903
f 1715 1777 1727
f 1734 1767 1715
f 1715 1767 1777
f 1716 1717 1769
f 1717 1764 1769
f 1832 1768 1718
f 1951 1832 1718
f 1952 1951 1718
f 1719 1920 1940
f 1719 1940 1953
f 1786 1721 1960
f 1960 1721 1879
f 1879 1721 1964
f 1964 1721 1962
f 1722 1787 1772
f 1732 1866 1723
f 1801 1759 1724
f 1726 1754 1755
f 1757 1726 1755
f 1775 1728 1730
f 1771 1749 1728
f 1771 1728 1775
f 1763 1729 1761
f 1730 1737 1781
f 1775 1730 1780
f 1730 1781 1780
f 1731 1749 1771
f 1731 1771 1765
f 1732 1741 1745
f 1732 1745 1827
f 1732 1827 1866
f 1765 1779 1733
f 1839 1733 1779
f 1747 1767 1734
f 1738 1753 1735
f 1743 1735 1753
f 1785 1736 1965
f 1737 1744 1783
f 1781 1737 1783
f 1738 1740 1742
f 1738 1742 1752
f 1738 1752 1753
f 1739 1762 1747
f 1762 1739 1878
f 1739 1833 1878
f 1752 1742 1740
f 1790 1752 1740
f 1790 1740 1809
f 1740 1841 1809
f 1740 1894 1841
f 1743 1827 1741
f 1741 1827 1745
f 1753 1790 1743
f 1743 1790 1827
f 1744 1751 1788
f 1744 1788 1783
f 1747 1762 1848
f 1906 1767 1747
f 1906 1747 1848
f 1748 1774 1776
f 1754 1750 1806
f 1750 1768 1812
f 1750 1812 1806
f 1789 1751 1758
f 1751 1789 1788
f 1753 1752 1756
f 1752 1790 1756
f 1756 1790 1753
f 1792 1755 1754
f 1792 1754 1805
f 1805 1754 1806
f 1757 1755 1793
f 1755 1792 1793
f 1761 1757 1800
f 1757 1793 1804
f 1757 1804 1800
f 1758 1759 1770
f 1789 1758 1770
f 1770 1759 1789
f 1759 1801 1789
f 1838 1760 1818
f 1824 1760 1838
f 1763 1761 1799
f 1761 1800 1799
f 1762 1878 1848
f 1764 1763 1766
f 1766 1763 1799
f 1764 1766 1799
f 1769 1764 1799
f 1765 1771 1825
f 1779 1765 1825
f 1777 1767 1784
f 1784 1767 1909
f 1842 1767 1906
f 1767 1842 1907
f 1767 1907 1909
f 1768 1796 1813
f 1796 1768 1832
f 1768 1813 1812
f 1774 1769 1773
f 1773 1769 1797
f 1797 1769 1799
f 1822 1771 1775
f 1825 1771 1822
f 1787 1823 1772
f 1823 1894 1772
f 1774 1773 1795
f 1773 1797 1795
f 1782 1776 1774
f 1782 1774 1794
f 1794 1774 1795
f 1820 1775 1780
f 1775 1820 1821
f 1822 1775 1821
f 1776 1782 1791
f 1909 1777 1784
f 1798 1777 1909
f 1847 1778 1903
f 1778 1901 1903
f 1826 1779 1825
f 1998 1779 1826
f 1839 1779 1886
f 1886 1779 1998
f 1780 1781 1807
f 1820 1780 1807
f 1781 1783 1817
f 1807 1781 1819
f 1781 1817 1819
f 1782 1794 1791
f 1783 1788 1811
f 1783 1811 1817
f 1891 1785 1965
f 1818 1786 1911
f 1911 1786 1958
f 1786 1960 1958
f 1788 1789 1810
f 1811 1788 1810
f 1789 1801 1810
f 1790 1809 1828
f 1790 1845 1827
f 1790 1828 1835
f 1790 1835 1845
f 1791 1794 1834
f 1808 1791 1814
f 1791 1834 1814
f 1793 1792 1804
f 1804 1792 1805
f 1795 1816 1794
f 1794 1816 1887
f 1794 1846 1834
f 1794 1863 1846
f 1794 1895 1863
f 1794 1887 1895
f 1795 1797 1883
f 1795 1883 1816
f 1796 1815 1813
f 1815 1796 1832
f 1799 1872 1797
f 1797 1872 1880
f 1797 1880 1883
f 1798 1897 1823
f 1897 1798 1910
f 1798 1909 1910
f 1799 1800 1872
f 1804 1868 1800
f 1800 1868 1872
f 1884 1810 1801
f 1884 1801 1919
f 1829 1803 1802
f 1808 1916 1802
f 1829 1802 1852
f 1802 1916 1852
f 1804 1805 1864
f 1804 1864 1868
f 1805 1806 1862
f 1805 1862 1864
f 1812 1859 1806
f 1806 1859 1849
f 1806 1849 1862
f 1807 1819 1820
f 1808 1814 1916
f 1809 1841 1828
f 1811 1810 1884
f 1881 1817 1811
f 1881 1811 1884
f 1813 1836 1812
f 1812 1836 1859
f 1815 1856 1813
f 1813 1857 1836
f 1813 1856 1857
f 1834 1916 1814
f 1856 1815 1832
f 1816 1883 1887
f 1873 1819 1817
f 1876 1817 1844
f 1877 1844 1817
f 1876 1873 1817
f 1877 1817 1881
f 1838 1818 1957
f 1818 1911 1958
f 1818 1958 1957
f 1873 1820 1819
f 1840 1821 1820
f 1873 1840 1820
f 1867 1822 1821
f 1870 1821 1840
f 1867 1821 1870
f 1822 1837 1825
f 1822 1860 1837
f 1867 1860 1822
f 1894 1823 1913
f 1823 1897 1910
f 1823 1910 1913
f 1855 1826 1825
f 1843 1825 1837
f 1855 1825 1843
f 1855 1998 1826
f 1845 1899 1827
f 1827 1912 1866
f 1899 1912 1827
f 1835 1828 1914
f 1841 1914 1828
f 1829 1852 1831
f 1830 1853 1854
f 1852 1851 1831
f 1832 1898 1856
f 1949 1898 1832
f 1949 1832 1951
f 1878 1833 1904
f 1846 1916 1834
f 1835 1993 1845
f 1835 1914 1993
f 1857 1859 1836
f 1860 1843 1837
f 1858 1838 1957
f 1900 1853 1839
f 1900 1839 1886
f 1870 1840 1873
f 1894 1914 1841
f 1842 1906 1907
f 1855 1843 1860
f 1876 1844 1877
f 1845 2060 1899
f 1845 1993 2060
f 1863 1895 1846
f 1895 1916 1846
f 1848 1878 1904
f 1848 1904 1906
f 1859 1861 1849
f 1862 1849 1861
f 1850 1871 1972
f 1850 1972 1947
f 1852 1865 1851
f 1851 1865 1869
f 1851 1869 1874
f 1852 2290 1865
f 1916 2320 1852
f 1852 2320 2290
f 1854 1853 1901
f 1853 1900 1901
f 1855 1860 1936
f 1855 1936 1998
f 1857 1856 1944
f 1898 1945 1856
f 1856 1945 1944
f 1859 1857 1944
f 1920 1858 1956
f 1858 1957 1956
f 1861 1859 1943
f 1859 1944 1943
f 1935 1860 1867
f 1936 1860 1935
f 1862 1861 1941
f 1861 1942 1941
f 1861 1943 1942
f 1864 1862 1939
f 1862 1941 1939
f 1917 1868 1864
f 1917 1864 1939
f 1865 1896 1869
f 1865 2290 1896
f 1882 1866 1888
f 1922 1888 1866
f 1912 1938 1866
f 1938 1922 1866
f 1867 1870 1932
f 1867 1932 1933
f 1935 1867 1933
f 1872 1868 1934
f 1868 1917 1937
f 1868 1937 1934
f 1869 1896 1874
f 1870 1873 1932
f 1871 1875 1885
f 1871 1885 1972
f 1872 1934 1880
f 1930 1873 1876
f 1932 1873 1930
f 1874 1890 1875
f 1874 1908 1890
f 1896 1902 1874
f 1874 1902 1908
f 1885 1875 1889
f 1889 1875 1890
f 1876 1877 1928
f 1876 1928 1929
f 1930 1876 1929
f 1877 1881 1926
f 1877 1926 1928
f 1879 1964 1960
f 1883 1880 1893
f 1893 1880 1927
f 1880 1931 1927
f 1880 1934 1931
f 1881 1884 1925
f 1881 1925 1926
f 1882 1888 1905
f 1882 1905 1919
f 1887 1883 1924
f 1883 1893 1892
f 1883 1892 1924
f 1884 1919 1925
f 1972 1885 1889
f 1886 1998 1900
f 1895 1887 1921
f 1887 1924 1921
f 1905 1888 1922
f 2143 1889 1890
f 1972 1889 2143
f 1890 1908 1915
f 1915 2212 1890
f 2143 1890 2212
f 1963 1891 1965
f 1892 1893 1927
f 1892 1927 1924
f 1894 1913 1914
f 1895 1921 1916
f 2290 1902 1896
f 2066 1945 1898
f 1948 1898 1949
f 1948 2066 1898
f 2060 1912 1899
f 1901 1900 2030
f 2030 1900 1998
f 2010 1903 1901
f 2010 1901 2016
f 1901 2030 2016
f 1908 1902 2212
f 1902 2380 2212
f 2290 2380 1902
f 1903 1973 1904
f 1973 1903 2010
f 1906 1904 1995
f 1995 1904 1973
f 1919 1905 1950
f 1950 1905 1922
f 1907 1906 1994
f 1906 2003 1994
f 1906 1995 2003
f 1909 1907 1992
f 1907 1994 1992
f 1908 2212 1915
f 1910 1909 1983
f 1983 1909 1990
f 1909 1992 1990
f 1913 1910 1918
f 1910 1983 1918
f 1912 2187 1938
f 2060 2187 1912
f 1913 1918 1914
f 1918 2176 1914
f 1914 2225 1993
f 1914 2176 2225
f 1921 2233 1916
f 1916 2233 2320
f 1917 1939 1937
f 1918 1983 1981
f 1918 1981 1984
f 1918 1984 2176
f 1925 1919 1923
f 1923 1919 1946
f 1946 1919 1975
f 1975 1919 1950
f 1920 1955 1940
f 1920 1956 1955
f 1921 1924 1985
f 1921 1985 1976
f 1976 2233 1921
f 1938 2187 1922
f 1950 1922 2328
f 2187 2328 1922
f 1925 1923 1959
f 1969 1923 1946
f 1969 1959 1923
f 1927 2155 1924
f 1924 2005 1985
f 1924 2110 2005
f 1924 2155 2110
f 1926 1925 1997
f 1969 1925 1959
f 1997 1925 1969
f 1928 1926 1966
f 1966 1926 2002
f 2002 1926 1997
f 1931 2004 1927
f 1927 2004 2124
f 1927 2124 2152
f 1927 2152 2162
f 1927 2162 2155
f 1929 1928 2014
f 1928 1966 2014
f 1977 1930 1929
f 2019 1977 1929
f 1929 2014 2017
f 2019 1929 2017
f 2029 1932 1930
f 2019 1930 1977
f 2029 1930 2019
f 1931 1934 2012
f 2004 1931 2012
f 1933 1932 2020
f 2020 1932 2029
f 1935 1933 2006
f 2006 1933 2044
f 2033 1933 2020
f 1933 2033 2044
f 1937 1996 1934
f 1996 2034 1934
f 1934 2034 2012
f 1936 1935 2048
f 1935 2006 2048
f 2039 1998 1936
f 2039 1936 2048
f 1939 2007 1937
f 2007 1996 1937
f 1941 1982 1939
f 1939 1982 2007
f 1940 1954 1953
f 1940 1955 1954
f 1942 1978 1941
f 1941 1978 1982
f 1943 1978 1942
f 1944 2081 1943
f 1943 2081 1978
f 1945 2081 1944
f 1945 2066 2081
f 1969 1946 2328
f 2328 1946 1975
f 1947 1972 1970
f 2025 1948 1949
f 2025 2088 1948
f 1948 2088 2066
f 2001 1949 1951
f 2025 1949 2001
f 1975 1950 2328
f 1980 1951 1952
f 2001 1951 1980
f 1952 1953 1979
f 1980 1952 1979
f 1954 1961 1953
f 1953 1961 1967
f 1953 1967 2021
f 1979 1953 1988
f 1953 2021 1988
f 1955 1968 1954
f 1954 1968 1961
f 1955 1956 1989
f 1955 1989 1968
f 1956 1957 1999
f 1989 1956 1999
f 1957 1958 2028
f 1999 1957 2008
f 1957 2028 2008
f 1958 1960 2018
f 1958 2026 2013
f 2028 1958 2013
f 1958 2018 2026
f 1960 1964 1986
f 1960 1986 2018
f 1967 1961 1971
f 1961 1968 1971
f 1962 1963 1964
f 1963 1965 1964
f 1964 1965 2042
f 1986 1964 2049
f 2092 1964 2042
f 2049 1964 2070
f 2070 1964 2092
f 1970 1991 1965
f 1965 1987 2042
f 1987 1965 2073
f 1965 1991 2073
f 1966 2002 2014
f 1967 1971 1974
f 2021 1967 1974
f 1971 1968 1999
f 1989 1999 1968
f 1997 1969 2041
f 2041 1969 2328
f 1972 2143 1970
f 1970 2024 1991
f 1970 2000 2024
f 1970 2143 2000
f 1974 1971 2035
f 2023 1971 1999
f 1971 2023 2035
f 1973 2009 1995
f 1973 2010 2009
f 1974 2035 2021
f 1985 2076 1976
f 2076 2233 1976
f 1982 1978 2109
f 1978 2081 2106
f 2106 2109 1978
f 1979 1988 1980
f 1980 1988 2056
f 1980 2056 2001
f 1983 2015 1981
f 1981 2176 1984
f 2015 2176 1981
f 1982 2113 2007
f 1982 2109 2113
f 1990 2141 1983
f 1983 2079 2011
f 1983 2011 2154
f 1983 2037 2015
f 1983 2055 2037
f 1983 2086 2055
f 1983 2142 2079
f 1983 2154 2086
f 2141 2142 1983
f 1985 2005 2076
f 2018 1986 2070
f 1986 2049 2070
f 2042 1987 2092
f 1987 2073 2096
f 2092 1987 2096
f 1988 2021 2056
f 1992 2054 1990
f 1990 2054 2047
f 1990 2047 2095
f 2095 2141 1990
f 1991 2024 2073
f 1994 2054 1992
f 1993 2396 2060
f 1993 2225 2396
f 2003 2085 1994
f 1994 2085 2054
f 1995 2009 2003
f 1996 2007 2123
f 1996 2137 2034
f 1996 2123 2137
f 2002 1997 2022
f 2163 2022 1997
f 1997 2041 2078
f 2090 1997 2078
f 2090 2163 1997
f 2030 1998 2039
f 2023 1999 2008
f 2000 2143 2024
f 2025 2001 2074
f 2001 2056 2074
f 2058 2014 2002
f 2102 2002 2022
f 2058 2002 2031
f 2102 2031 2002
f 2003 2009 2126
f 2085 2003 2112
f 2112 2003 2126
f 2004 2012 2131
f 2004 2149 2124
f 2131 2149 2004
f 2005 2138 2076
f 2005 2110 2138
f 2006 2044 2048
f 2007 2113 2123
f 2027 2023 2008
f 2027 2008 2036
f 2036 2008 2028
f 2010 2120 2009
f 2009 2120 2126
f 2010 2016 2040
f 2010 2040 2118
f 2118 2120 2010
f 2011 2079 2154
f 2034 2131 2012
f 2013 2026 2050
f 2013 2050 2028
f 2082 2017 2014
f 2058 2082 2014
f 2037 2176 2015
f 2016 2030 2091
f 2016 2043 2040
f 2016 2091 2043
f 2019 2017 2061
f 2082 2061 2017
f 2026 2018 2052
f 2018 2070 2052
f 2029 2019 2051
f 2051 2019 2061
f 2020 2029 2032
f 2020 2032 2033
f 2021 2035 2065
f 2056 2021 2065
f 2140 2102 2022
f 2140 2022 2163
f 2023 2027 2045
f 2023 2045 2035
f 2073 2024 2096
f 2096 2024 2143
f 2074 2088 2025
f 2026 2052 2050
f 2027 2036 2045
f 2036 2028 2071
f 2071 2028 2050
f 2084 2032 2029
f 2101 2029 2051
f 2084 2029 2101
f 2053 2030 2039
f 2030 2053 2089
f 2030 2089 2104
f 2105 2091 2030
f 2105 2030 2104
f 2140 2058 2031
f 2102 2140 2031
f 2069 2033 2032
f 2084 2069 2032
f 2038 2044 2033
f 2080 2038 2033
f 2080 2033 2069
f 2034 2136 2131
f 2034 2137 2136
f 2075 2035 2045
f 2035 2075 2065
f 2045 2036 2087
f 2164 2036 2071
f 2087 2036 2175
f 2175 2036 2164
f 2055 2154 2037
f 2154 2176 2037
f 2046 2044 2038
f 2062 2046 2038
f 2062 2038 2080
f 2039 2048 2064
f 2053 2039 2064
f 2043 2072 2040
f 2072 2118 2040
f 2163 2078 2041
f 2163 2041 2328
f 2043 2091 2072
f 2057 2044 2046
f 2048 2044 2057
f 2075 2045 2087
f 2057 2046 2062
f 2054 2095 2047
f 2048 2057 2059
f 2048 2059 2128
f 2048 2093 2064
f 2093 2048 2128
f 2067 2050 2052
f 2067 2071 2050
f 2099 2051 2061
f 2099 2101 2051
f 2063 2052 2070
f 2071 2052 2063
f 2071 2067 2052
f 2068 2053 2064
f 2053 2068 2089
f 2054 2085 2125
f 2054 2135 2095
f 2054 2125 2135
f 2086 2111 2055
f 2111 2154 2055
f 2056 2065 2083
f 2074 2056 2114
f 2056 2083 2114
f 2059 2057 2221
f 2057 2062 2221
f 2115 2082 2058
f 2115 2058 2140
f 2128 2059 2221
f 2060 2411 2187
f 2396 2411 2060
f 2115 2061 2082
f 2099 2061 2115
f 2062 2080 2119
f 2062 2119 2221
f 2077 2063 2070
f 2077 2071 2063
f 2068 2064 2108
f 2064 2093 2108
f 2065 2075 2174
f 2083 2065 2173
f 2173 2065 2172
f 2172 2065 2174
f 2066 2088 2081
f 2089 2068 2108
f 2080 2069 2084
f 2077 2070 2094
f 2094 2070 2092
f 2177 2071 2077
f 2164 2071 2177
f 2072 2091 2118
f 2200 2088 2074
f 2074 2114 2170
f 2133 2074 2169
f 2200 2074 2133
f 2169 2074 2170
f 2075 2087 2174
f 2138 2166 2076
f 2166 2233 2076
f 2077 2094 2132
f 2077 2132 2178
f 2177 2077 2178
f 2163 2090 2078
f 2079 2142 2154
f 2232 2080 2084
f 2119 2080 2145
f 2145 2080 2228
f 2080 2232 2228
f 2081 2088 2098
f 2098 2100 2081
f 2100 2106 2081
f 2083 2171 2114
f 2083 2173 2171
f 2084 2101 2146
f 2084 2146 2157
f 2232 2084 2157
f 2085 2112 2135
f 2085 2135 2125
f 2086 2154 2111
f 2174 2087 2175
f 2097 2098 2088
f 2200 2097 2088
f 2103 2104 2089
f 2089 2108 2103
f 2105 2118 2091
f 2094 2092 2129
f 2092 2096 2127
f 2129 2092 2127
f 2108 2093 2165
f 2093 2128 2165
f 2094 2129 2179
f 2132 2094 2159
f 2159 2094 2179
f 2135 2141 2095
f 2130 2127 2096
f 2130 2096 2183
f 2096 2143 2183
f 2098 2097 2134
f 2200 2134 2097
f 2100 2098 2243
f 2243 2098 2134
f 2101 2099 2115
f 2106 2100 2185
f 2185 2100 2230
f 2230 2100 2243
f 2101 2115 2139
f 2101 2139 2262
f 2146 2101 2262
f 2104 2103 2121
f 2103 2108 2121
f 2104 2107 2105
f 2107 2104 2121
f 2105 2107 2148
f 2118 2105 2205
f 2205 2105 2148
f 2109 2106 2116
f 2116 2106 2185
f 2107 2121 2156
f 2148 2107 2210
f 2210 2107 2156
f 2108 2165 2121
f 2113 2109 2117
f 2109 2116 2117
f 2110 2155 2138
f 2126 2135 2112
f 2113 2117 2161
f 2123 2113 2161
f 2114 2171 2170
f 2262 2139 2115
f 2262 2115 2140
f 2117 2116 2151
f 2151 2116 2150
f 2150 2116 2185
f 2117 2151 2218
f 2161 2117 2218
f 2120 2118 2147
f 2147 2118 2199
f 2199 2118 2205
f 2119 2145 2228
f 2119 2228 2221
f 2122 2120 2147
f 2120 2122 2153
f 2120 2153 2126
f 2121 2211 2156
f 2121 2165 2226
f 2121 2214 2211
f 2214 2121 2226
f 2122 2147 2191
f 2153 2122 2191
f 2137 2123 2238
f 2123 2161 2204
f 2238 2123 2204
f 2152 2124 2149
f 2135 2126 2193
f 2126 2153 2198
f 2126 2198 2193
f 2129 2127 2130
f 2165 2128 2217
f 2217 2128 2221
f 2129 2130 2160
f 2129 2160 2179
f 2160 2130 2180
f 2130 2183 2180
f 2136 2137 2131
f 2131 2137 2152
f 2131 2152 2149
f 2159 2178 2132
f 2133 2169 2200
f 2244 2134 2200
f 2243 2134 2244
f 2141 2135 2193
f 2152 2137 2237
f 2137 2167 2237
f 2167 2137 2238
f 2155 2166 2138
f 2158 2140 2195
f 2262 2140 2158
f 2195 2140 2163
f 2142 2141 2144
f 2144 2141 2192
f 2192 2141 2193
f 2142 2144 2168
f 2154 2142 2168
f 2183 2143 2272
f 2143 2212 2272
f 2168 2144 2192
f 2157 2146 2232
f 2146 2262 2232
f 2191 2147 2199
f 2148 2210 2205
f 2151 2150 2240
f 2150 2185 2240
f 2151 2240 2218
f 2152 2236 2162
f 2152 2237 2236
f 2198 2153 2191
f 2189 2154 2168
f 2154 2188 2176
f 2188 2154 2189
f 2166 2155 2162
f 2156 2211 2210
f 2271 2158 2195
f 2158 2271 2262
f 2159 2179 2178
f 2160 2180 2179
f 2204 2161 2218
f 2166 2162 2234
f 2162 2235 2234
f 2162 2236 2235
f 2247 2195 2163
f 2247 2163 2196
f 2196 2163 2293
f 2163 2328 2293
f 2164 2177 2175
f 2165 2216 2213
f 2165 2213 2226
f 2165 2217 2216
f 2166 2234 2233
f 2167 2238 2237
f 2168 2190 2189
f 2168 2192 2190
f 2169 2170 2186
f 2169 2186 2200
f 2170 2171 2194
f 2186 2170 2194
f 2206 2171 2173
f 2194 2171 2206
f 2172 2174 2173
f 2206 2173 2174
f 2181 2174 2175
f 2215 2174 2181
f 2215 2206 2174
f 2182 2175 2177
f 2175 2201 2181
f 2201 2175 2182
f 2176 2188 2269
f 2176 2278 2225
f 2176 2269 2278
f 2227 2177 2178
f 2209 2182 2177
f 2227 2209 2177
f 2184 2178 2179
f 2245 2178 2184
f 2227 2178 2229
f 2229 2178 2245
f 2246 2179 2180
f 2245 2184 2179
f 2245 2179 2246
f 2246 2180 2183
f 2219 2181 2201
f 2181 2219 2215
f 2222 2201 2182
f 2223 2182 2209
f 2222 2182 2223
f 2246 2183 2272
f 2185 2230 2242
f 2240 2185 2241
f 2185 2242 2241
f 2203 2186 2194
f 2200 2186 2202
f 2202 2186 2203
f 2328 2187 2452
f 2411 2420 2187
f 2420 2452 2187
f 2188 2189 2197
f 2188 2197 2259
f 2188 2259 2269
f 2189 2190 2266
f 2197 2189 2266
f 2190 2192 2249
f 2265 2190 2249
f 2190 2265 2266
f 2191 2199 2198
f 2264 2192 2193
f 2249 2192 2265
f 2192 2264 2265
f 2193 2198 2263
f 2208 2193 2263
f 2264 2193 2208
f 2203 2194 2207
f 2194 2206 2207
f 2291 2195 2247
f 2271 2195 2291
f 2247 2196 2293
f 2259 2197 2267
f 2197 2266 2267
f 2198 2199 2263
f 2248 2199 2205
f 2260 2199 2248
f 2199 2260 2263
f 2200 2202 2287
f 2323 2244 2200
f 2200 2287 2348
f 2323 2200 2330
f 2330 2200 2390
f 2200 2348 2349
f 2502 2200 2349
f 2390 2200 2502
f 2222 2219 2201
f 2287 2202 2203
f 2203 2207 2286
f 2287 2203 2286
f 2204 2218 2239
f 2204 2239 2238
f 2205 2210 2255
f 2248 2205 2251
f 2251 2205 2258
f 2258 2205 2255
f 2207 2206 2215
f 2207 2215 2219
f 2285 2207 2219
f 2286 2207 2285
f 2208 2263 2264
f 2223 2209 2224
f 2224 2209 2227
f 2210 2211 2254
f 2255 2210 2254
f 2211 2214 2254
f 2272 2212 2433
f 2380 2433 2212
f 2216 2302 2213
f 2213 2302 2226
f 2252 2214 2226
f 2254 2214 2252
f 2217 2220 2216
f 2220 2302 2216
f 2217 2304 2220
f 2221 2305 2217
f 2305 2304 2217
f 2218 2240 2239
f 2219 2222 2283
f 2284 2256 2219
f 2256 2285 2219
f 2284 2219 2283
f 2220 2304 2302
f 2306 2221 2228
f 2306 2305 2221
f 2222 2223 2261
f 2283 2222 2261
f 2223 2224 2279
f 2261 2223 2280
f 2280 2223 2279
f 2224 2227 2279
f 2278 2358 2225
f 2225 2358 2374
f 2225 2374 2386
f 2387 2225 2386
f 2396 2225 2387
f 2252 2226 2295
f 2226 2327 2295
f 2384 2226 2302
f 2461 2327 2226
f 2450 2226 2384
f 2450 2461 2226
f 2231 2227 2229
f 2277 2227 2231
f 2227 2277 2279
f 2310 2228 2232
f 2309 2306 2228
f 2309 2228 2310
f 2277 2231 2229
f 2229 2245 2274
f 2229 2274 2275
f 2277 2229 2275
f 2230 2243 2242
f 2312 2232 2262
f 2312 2310 2232
f 2234 2268 2233
f 2233 2268 2416
f 2416 2320 2233
f 2234 2235 2268
f 2236 2288 2235
f 2235 2270 2268
f 2235 2288 2270
f 2236 2237 2296
f 2236 2296 2288
f 2237 2238 2299
f 2237 2299 2296
f 2238 2239 2303
f 2238 2303 2299
f 2239 2240 2253
f 2239 2253 2313
f 2303 2239 2313
f 2240 2241 2250
f 2240 2250 2253
f 2241 2242 2250
f 2242 2243 2318
f 2242 2318 2250
f 2244 2323 2243
f 2243 2329 2318
f 2243 2323 2329
f 2245 2246 2273
f 2257 2245 2273
f 2274 2245 2257
f 2246 2272 2273
f 2291 2247 2293
f 2248 2251 2260
f 2253 2250 2318
f 2260 2251 2258
f 2254 2252 2294
f 2252 2300 2294
f 2252 2295 2300
f 2253 2318 2313
f 2254 2294 2255
f 2258 2255 2308
f 2255 2294 2300
f 2300 2301 2255
f 2255 2301 2308
f 2284 2285 2256
f 2257 2273 2274
f 2260 2258 2315
f 2258 2308 2315
f 2259 2267 2269
f 2260 2315 2263
f 2261 2280 2281
f 2261 2281 2282
f 2261 2282 2283
f 2314 2262 2271
f 2312 2262 2314
f 2263 2324 2264
f 2315 2324 2263
f 2264 2297 2265
f 2297 2264 2336
f 2264 2324 2336
f 2266 2265 2342
f 2297 2336 2265
f 2336 2337 2265
f 2265 2337 2342
f 2266 2276 2267
f 2266 2342 2276
f 2267 2276 2269
f 2268 2270 2346
f 2268 2346 2410
f 2268 2410 2416
f 2276 2340 2269
f 2269 2334 2278
f 2269 2340 2334
f 2270 2288 2352
f 2346 2270 2410
f 2270 2352 2409
f 2379 2270 2409
f 2410 2270 2379
f 2317 2271 2291
f 2314 2271 2292
f 2317 2292 2271
f 2273 2272 2311
f 2311 2272 2427
f 2272 2486 2427
f 2272 2433 2501
f 2272 2501 2486
f 2274 2273 2311
f 2275 2274 2316
f 2274 2311 2316
f 2289 2277 2275
f 2331 2289 2275
f 2275 2316 2325
f 2331 2275 2325
f 2276 2342 2340
f 2279 2277 2332
f 2277 2289 2332
f 2334 2350 2278
f 2350 2358 2278
f 2280 2279 2319
f 2319 2279 2332
f 2281 2280 2333
f 2333 2280 2319
f 2282 2281 2335
f 2335 2281 2333
f 2283 2282 2335
f 2284 2283 2298
f 2298 2283 2335
f 2285 2284 2341
f 2341 2284 2298
f 2286 2285 2339
f 2307 2285 2341
f 2285 2307 2344
f 2339 2285 2344
f 2287 2286 2348
f 2348 2286 2339
f 2288 2296 2401
f 2352 2288 2406
f 2288 2401 2406
f 2289 2331 2332
f 2290 2320 2557
f 2290 2557 2380
f 2293 2321 2291
f 2321 2317 2291
f 2317 2314 2292
f 2322 2321 2293
f 2322 2293 2328
f 2371 2300 2295
f 2295 2327 2373
f 2371 2295 2373
f 2296 2299 2343
f 2353 2296 2343
f 2401 2296 2353
f 2335 2341 2298
f 2299 2303 2395
f 2343 2299 2397
f 2397 2299 2395
f 2301 2300 2355
f 2355 2300 2371
f 2308 2301 2345
f 2301 2355 2345
f 2302 2304 2384
f 2303 2313 2385
f 2303 2385 2394
f 2303 2394 2395
f 2304 2305 2388
f 2304 2388 2384
f 2305 2306 2389
f 2305 2389 2388
f 2306 2309 2391
f 2306 2351 2389
f 2351 2306 2391
f 2344 2307 2341
f 2315 2308 2369
f 2308 2345 2369
f 2309 2310 2357
f 2309 2357 2382
f 2309 2382 2391
f 2312 2431 2310
f 2357 2310 2422
f 2310 2431 2422
f 2316 2311 2428
f 2354 2311 2423
f 2428 2311 2354
f 2423 2311 2506
f 2311 2427 2454
f 2311 2454 2506
f 2314 2414 2312
f 2312 2414 2326
f 2326 2431 2312
f 2313 2318 2393
f 2385 2313 2393
f 2314 2317 2403
f 2314 2403 2414
f 2324 2315 2362
f 2362 2315 2369
f 2325 2316 2338
f 2338 2316 2428
f 2317 2321 2356
f 2317 2356 2403
f 2318 2329 2392
f 2318 2392 2393
f 2333 2319 2332
f 2416 2535 2320
f 2535 2546 2320
f 2320 2546 2544
f 2320 2544 2554
f 2557 2320 2554
f 2321 2322 2375
f 2321 2383 2356
f 2321 2375 2383
f 2328 2359 2322
f 2322 2359 2375
f 2323 2330 2329
f 2324 2368 2336
f 2324 2362 2368
f 2331 2325 2434
f 2415 2325 2338
f 2325 2415 2434
f 2414 2431 2326
f 2381 2373 2327
f 2381 2327 2461
f 2359 2328 2451
f 2451 2328 2484
f 2328 2452 2487
f 2484 2328 2475
f 2475 2328 2487
f 2329 2330 2390
f 2329 2390 2392
f 2332 2331 2478
f 2331 2434 2478
f 2333 2332 2474
f 2474 2332 2478
f 2335 2333 2471
f 2471 2333 2474
f 2340 2347 2334
f 2347 2350 2334
f 2335 2471 2341
f 2337 2336 2365
f 2336 2368 2365
f 2342 2337 2363
f 2337 2364 2363
f 2337 2365 2364
f 2415 2338 2465
f 2338 2428 2465
f 2339 2344 2348
f 2342 2347 2340
f 2344 2341 2443
f 2341 2446 2443
f 2341 2471 2446
f 2342 2363 2347
f 2353 2343 2399
f 2399 2343 2397
f 2435 2348 2344
f 2435 2344 2443
f 2345 2355 2370
f 2369 2345 2370
f 2350 2347 2361
f 2347 2363 2361
f 2349 2348 2435
f 2435 2502 2349
f 2350 2360 2358
f 2350 2361 2360
f 2351 2405 2389
f 2405 2351 2391
f 2406 2409 2352
f 2353 2399 2401
f 2428 2354 2423
f 2355 2371 2370
f 2403 2356 2383
f 2382 2357 2421
f 2421 2357 2422
f 2360 2377 2358
f 2358 2366 2367
f 2358 2376 2366
f 2374 2358 2367
f 2358 2377 2376
f 2375 2359 2480
f 2442 2432 2359
f 2581 2359 2432
f 2442 2359 2451
f 2581 2480 2359
f 2361 2372 2360
f 2360 2372 2426
f 2377 2360 2398
f 2398 2360 2404
f 2404 2360 2413
f 2360 2426 2413
f 2363 2441 2361
f 2372 2361 2426
f 2361 2441 2426
f 2362 2369 2368
f 2363 2364 2456
f 2363 2456 2441
f 2463 2364 2365
f 2364 2424 2444
f 2424 2364 2463
f 2364 2444 2456
f 2368 2492 2365
f 2463 2365 2468
f 2365 2492 2468
f 2367 2366 2504
f 2366 2376 2600
f 2366 2600 2504
f 2374 2367 2504
f 2368 2369 2439
f 2368 2439 2492
f 2370 2490 2369
f 2439 2369 2496
f 2369 2490 2509
f 2496 2369 2509
f 2371 2407 2370
f 2407 2408 2370
f 2370 2408 2490
f 2373 2381 2371
f 2381 2429 2371
f 2429 2407 2371
f 2386 2374 2462
f 2374 2504 2462
f 2470 2383 2375
f 2470 2375 2480
f 2377 2378 2376
f 2376 2378 2592
f 2376 2592 2600
f 2377 2398 2378
f 2378 2398 2400
f 2438 2378 2400
f 2592 2378 2438
f 2410 2379 2409
f 2380 2545 2433
f 2380 2555 2545
f 2557 2555 2380
f 2429 2381 2573
f 2573 2381 2461
f 2391 2382 2421
f 2512 2403 2383
f 2516 2383 2470
f 2512 2383 2577
f 2577 2383 2516
f 2450 2384 2388
f 2394 2385 2393
f 2396 2387 2386
f 2396 2386 2462
f 2388 2389 2402
f 2388 2402 2449
f 2450 2388 2449
f 2402 2389 2445
f 2389 2405 2419
f 2445 2389 2419
f 2507 2392 2390
f 2502 2507 2390
f 2391 2421 2405
f 2393 2392 2440
f 2440 2392 2507
f 2393 2497 2394
f 2393 2440 2500
f 2497 2393 2491
f 2491 2393 2500
f 2394 2472 2395
f 2472 2394 2497
f 2395 2467 2397
f 2467 2395 2472
f 2396 2462 2411
f 2399 2397 2473
f 2397 2467 2476
f 2397 2476 2473
f 2398 2404 2400
f 2399 2473 2401
f 2404 2585 2400
f 2438 2400 2585
f 2406 2401 2453
f 2401 2473 2453
f 2402 2445 2448
f 2449 2402 2448
f 2417 2414 2403
f 2512 2417 2403
f 2418 2404 2413
f 2404 2418 2585
f 2419 2405 2437
f 2405 2421 2437
f 2409 2406 2455
f 2406 2430 2460
f 2430 2406 2466
f 2466 2406 2453
f 2406 2460 2455
f 2407 2528 2408
f 2407 2429 2513
f 2513 2528 2407
f 2408 2528 2490
f 2410 2409 2412
f 2412 2409 2447
f 2409 2455 2447
f 2410 2412 2447
f 2410 2447 2416
f 2411 2462 2420
f 2413 2537 2418
f 2503 2413 2426
f 2503 2537 2413
f 2495 2414 2417
f 2431 2414 2495
f 2434 2415 2465
f 2447 2494 2416
f 2494 2684 2416
f 2527 2531 2416
f 2416 2634 2527
f 2416 2531 2529
f 2416 2529 2535
f 2416 2684 2634
f 2495 2417 2512
f 2537 2585 2418
f 2419 2437 2445
f 2457 2452 2420
f 2462 2457 2420
f 2421 2422 2425
f 2437 2421 2425
f 2425 2422 2436
f 2422 2431 2436
f 2428 2423 2514
f 2423 2506 2514
f 2444 2424 2459
f 2424 2463 2459
f 2437 2425 2436
f 2426 2441 2575
f 2503 2426 2584
f 2426 2575 2584
f 2454 2427 2488
f 2427 2486 2488
f 2465 2428 2498
f 2428 2514 2498
f 2429 2763 2513
f 2573 2640 2429
f 2429 2640 2709
f 2429 2709 2763
f 2430 2466 2460
f 2436 2431 2661
f 2431 2495 2740
f 2661 2431 2699
f 2699 2431 2710
f 2710 2431 2721
f 2431 2740 2721
f 2581 2432 2442
f 2501 2433 2508
f 2508 2433 2522
f 2433 2532 2522
f 2545 2532 2433
f 2434 2465 2493
f 2478 2434 2493
f 2435 2443 2595
f 2435 2518 2502
f 2518 2435 2595
f 2436 2708 2437
f 2436 2661 2708
f 2445 2437 2526
f 2526 2437 2708
f 2438 2585 2570
f 2570 2592 2438
f 2439 2496 2492
f 2440 2507 2500
f 2441 2456 2489
f 2575 2441 2489
f 2464 2442 2451
f 2647 2442 2464
f 2647 2581 2442
f 2443 2446 2485
f 2590 2443 2485
f 2595 2443 2590
f 2444 2459 2456
f 2448 2445 2458
f 2458 2445 2568
f 2445 2526 2670
f 2568 2445 2670
f 2446 2471 2510
f 2485 2446 2536
f 2446 2510 2586
f 2536 2446 2589
f 2446 2586 2589
f 2447 2455 2494
f 2448 2458 2449
f 2450 2449 2461
f 2449 2458 2461
f 2688 2464 2451
f 2484 2688 2451
f 2457 2469 2452
f 2482 2452 2469
f 2487 2452 2482
f 2453 2473 2466
f 2454 2488 2524
f 2506 2454 2524
f 2455 2460 2517
f 2455 2517 2494
f 2456 2459 2561
f 2489 2456 2519
f 2519 2456 2566
f 2566 2456 2561
f 2462 2469 2457
f 2461 2458 2562
f 2458 2568 2562
f 2459 2463 2561
f 2466 2481 2460
f 2460 2481 2530
f 2517 2460 2523
f 2523 2460 2530
f 2461 2562 2573
f 2462 2776 2469
f 2504 2614 2462
f 2614 2662 2462
f 2662 2723 2462
f 2776 2462 2723
f 2463 2468 2499
f 2560 2463 2499
f 2463 2560 2561
f 2688 2647 2464
f 2465 2498 2493
f 2473 2591 2466
f 2466 2591 2481
f 2467 2472 2479
f 2467 2477 2476
f 2467 2479 2477
f 2468 2492 2551
f 2543 2499 2468
f 2543 2468 2559
f 2559 2468 2551
f 2482 2469 2782
f 2776 2782 2469
f 2516 2470 2480
f 2471 2474 2483
f 2510 2471 2483
f 2472 2497 2479
f 2476 2580 2473
f 2473 2580 2591
f 2474 2478 2505
f 2483 2474 2505
f 2475 2822 2484
f 2822 2475 2487
f 2477 2520 2476
f 2476 2520 2594
f 2476 2594 2580
f 2479 2515 2477
f 2515 2520 2477
f 2478 2493 2579
f 2505 2478 2538
f 2563 2538 2478
f 2563 2478 2579
f 2497 2596 2479
f 2479 2596 2515
f 2577 2516 2480
f 2647 2577 2480
f 2647 2480 2581
f 2481 2591 2530
f 2487 2482 2782
f 2483 2505 2582
f 2510 2483 2582
f 2822 2688 2484
f 2590 2485 2536
f 2488 2486 2558
f 2501 2558 2486
f 2788 2487 2782
f 2788 2797 2487
f 2797 2822 2487
f 2488 2558 2524
f 2489 2519 2575
f 2509 2490 2521
f 2490 2528 2521
f 2491 2500 2497
f 2496 2509 2492
f 2492 2509 2547
f 2539 2492 2547
f 2492 2539 2551
f 2493 2498 2574
f 2579 2493 2574
f 2494 2517 2620
f 2494 2620 2571
f 2571 2631 2494
f 2494 2631 2684
f 2511 2495 2512
f 2740 2495 2511
f 2500 2533 2497
f 2497 2533 2602
f 2497 2602 2596
f 2498 2514 2572
f 2574 2498 2572
f 2560 2499 2543
f 2507 2605 2500
f 2500 2602 2533
f 2605 2602 2500
f 2501 2508 2558
f 2518 2507 2502
f 2503 2584 2537
f 2504 2588 2598
f 2600 2588 2504
f 2504 2598 2614
f 2582 2505 2538
f 2506 2525 2514
f 2506 2524 2525
f 2518 2605 2507
f 2508 2522 2657
f 2558 2508 2657
f 2541 2509 2521
f 2547 2509 2541
f 2510 2582 2586
f 2578 2511 2512
f 2740 2511 2578
f 2578 2512 2540
f 2540 2512 2686
f 2512 2577 2686
f 2513 2542 2528
f 2513 2763 2542
f 2514 2525 2564
f 2552 2514 2565
f 2514 2552 2567
f 2565 2514 2564
f 2514 2567 2572
f 2515 2596 2520
f 2517 2523 2576
f 2517 2576 2620
f 2595 2687 2518
f 2687 2605 2518
f 2575 2519 2566
f 2596 2594 2520
f 2521 2528 2534
f 2541 2521 2534
f 2522 2532 2657
f 2530 2636 2523
f 2523 2636 2576
f 2524 2558 2525
f 2525 2558 2550
f 2564 2525 2550
f 2526 2685 2670
f 2526 2708 2685
f 2527 2882 2531
f 2634 2882 2527
f 2534 2528 2617
f 2528 2542 2619
f 2528 2619 2617
f 2531 2882 2529
f 2535 2529 2882
f 2591 2597 2530
f 2530 2597 2689
f 2636 2530 2689
f 2545 2728 2532
f 2532 2728 2657
f 2541 2534 2616
f 2534 2617 2616
f 2535 2734 2546
f 2535 2882 2734
f 2590 2536 2589
f 2585 2537 2584
f 2582 2538 2563
f 2539 2547 2548
f 2539 2548 2549
f 2539 2549 2551
f 2578 2540 2732
f 2764 2540 2686
f 2732 2540 2764
f 2541 2587 2547
f 2541 2615 2587
f 2541 2616 2615
f 2619 2542 2553
f 2542 2763 2553
f 2560 2543 2559
f 2554 2544 2546
f 2545 2555 2728
f 2554 2546 2712
f 2546 2734 2712
f 2548 2547 2613
f 2547 2587 2613
f 2549 2548 2613
f 2551 2549 2612
f 2549 2613 2612
f 2550 2558 2564
f 2559 2551 2569
f 2569 2551 2612
f 2567 2552 2565
f 2763 2619 2553
f 2557 2554 2712
f 2555 2557 2556
f 2556 2712 2555
f 2555 2712 2728
f 2557 2712 2556
f 2564 2558 2690
f 2657 2819 2558
f 2690 2558 2828
f 2828 2558 2819
f 2560 2559 2608
f 2559 2569 2609
f 2559 2609 2608
f 2561 2560 2608
f 2566 2561 2606
f 2561 2607 2606
f 2561 2608 2607
f 2562 2568 2670
f 2573 2562 2640
f 2640 2562 2670
f 2582 2563 2579
f 2565 2564 2625
f 2682 2625 2564
f 2690 2682 2564
f 2632 2567 2565
f 2632 2565 2625
f 2566 2606 2575
f 2677 2572 2567
f 2677 2567 2632
f 2569 2610 2609
f 2569 2611 2610
f 2569 2612 2611
f 2592 2570 2585
f 2620 2735 2571
f 2571 2645 2631
f 2571 2735 2645
f 2669 2574 2572
f 2673 2669 2572
f 2677 2673 2572
f 2579 2574 2667
f 2669 2667 2574
f 2575 2583 2584
f 2583 2575 2604
f 2575 2606 2604
f 2576 2636 2620
f 2688 2577 2647
f 2686 2577 2725
f 2577 2688 2770
f 2725 2577 2736
f 2736 2577 2770
f 2578 2732 2747
f 2578 2747 2740
f 2664 2582 2579
f 2664 2579 2665
f 2667 2665 2579
f 2580 2593 2591
f 2594 2593 2580
f 2586 2582 2660
f 2663 2582 2627
f 2664 2627 2582
f 2660 2582 2663
f 2584 2583 2603
f 2603 2583 2604
f 2592 2585 2584
f 2584 2603 2592
f 2652 2589 2586
f 2652 2586 2660
f 2587 2615 2613
f 2614 2598 2588
f 2600 2628 2588
f 2614 2588 2777
f 2628 2835 2588
f 2588 2835 2777
f 2642 2590 2589
f 2642 2589 2646
f 2646 2589 2652
f 2595 2590 2642
f 2593 2597 2591
f 2592 2601 2600
f 2592 2603 2601
f 2594 2599 2593
f 2597 2593 2683
f 2593 2599 2683
f 2594 2596 2599
f 2595 2637 2633
f 2595 2633 2687
f 2637 2595 2642
f 2596 2638 2599
f 2596 2602 2638
f 2597 2683 2768
f 2597 2768 2689
f 2891 2599 2638
f 2683 2599 2891
f 2658 2600 2601
f 2630 2628 2600
f 2630 2600 2658
f 2739 2601 2603
f 2762 2658 2601
f 2762 2601 2739
f 2602 2605 2695
f 2602 2671 2638
f 2602 2695 2671
f 2626 2603 2604
f 2739 2603 2626
f 2706 2604 2606
f 2643 2626 2604
f 2706 2643 2604
f 2695 2605 2687
f 2676 2606 2607
f 2676 2706 2606
f 2679 2607 2608
f 2623 2676 2607
f 2679 2623 2607
f 2705 2608 2609
f 2705 2679 2608
f 2618 2609 2610
f 2618 2705 2609
f 2649 2610 2611
f 2649 2618 2610
f 2622 2611 2612
f 2622 2711 2611
f 2611 2717 2649
f 2711 2717 2611
f 2613 2702 2612
f 2702 2622 2612
f 2621 2613 2615
f 2621 2702 2613
f 2614 2777 2662
f 2624 2615 2616
f 2702 2621 2615
f 2624 2691 2615
f 2702 2615 2691
f 2624 2616 2617
f 2629 2617 2619
f 2629 2624 2617
f 2649 2717 2618
f 2717 2705 2618
f 2619 2668 2629
f 2619 2678 2668
f 2675 2678 2619
f 2763 2675 2619
f 2636 2692 2620
f 2620 2692 2735
f 2711 2622 2702
f 2676 2623 2679
f 2629 2691 2624
f 2681 2632 2625
f 2682 2681 2625
f 2739 2626 2643
f 2663 2627 2664
f 2762 2628 2630
f 2762 2835 2628
f 2691 2629 2668
f 2762 2630 2658
f 2645 2738 2631
f 2631 2724 2684
f 2631 2766 2724
f 2738 2766 2631
f 2680 2677 2632
f 2681 2680 2632
f 2633 2642 2635
f 2633 2635 2648
f 2633 2637 2642
f 2644 2633 2648
f 2633 2644 2687
f 2684 2724 2634
f 2724 2882 2634
f 2635 2642 2639
f 2648 2635 2639
f 2636 2689 2692
f 2672 2638 2671
f 2891 2638 2672
f 2639 2641 2651
f 2641 2639 2652
f 2642 2646 2639
f 2639 2646 2652
f 2648 2639 2650
f 2639 2651 2650
f 2640 2670 2826
f 2709 2640 2826
f 2651 2641 2654
f 2641 2652 2660
f 2641 2653 2654
f 2641 2660 2653
f 2739 2643 2706
f 2644 2648 2718
f 2687 2644 2726
f 2726 2644 2718
f 2735 2738 2645
f 2697 2648 2650
f 2718 2648 2697
f 2650 2651 2659
f 2650 2659 2696
f 2697 2650 2696
f 2660 2651 2654
f 2659 2651 2660
f 2653 2655 2654
f 2653 2656 2655
f 2653 2660 2656
f 2655 2656 2654
f 2656 2660 2654
f 2657 2728 2821
f 2657 2821 2819
f 2659 2660 2696
f 2666 2660 2663
f 2696 2660 2666
f 2661 2699 2708
f 2777 2723 2662
f 2663 2664 2666
f 2665 2703 2664
f 2664 2703 2666
f 2665 2667 2771
f 2703 2665 2779
f 2665 2771 2779
f 2696 2666 2722
f 2703 2815 2666
f 2722 2666 2815
f 2701 2667 2669
f 2771 2667 2701
f 2678 2691 2668
f 2669 2673 2760
f 2745 2669 2674
f 2674 2669 2760
f 2701 2669 2745
f 2670 2685 2700
f 2831 2670 2700
f 2826 2670 2831
f 2672 2671 2715
f 2671 2695 2898
f 2715 2671 2880
f 2880 2671 2803
f 2803 2671 2898
f 2715 2891 2672
f 2694 2673 2677
f 2694 2760 2673
f 2745 2674 2760
f 2707 2678 2675
f 2763 2707 2675
f 2731 2676 2679
f 2733 2706 2676
f 2733 2676 2731
f 2677 2680 2693
f 2677 2693 2737
f 2694 2677 2742
f 2742 2677 2737
f 2678 2751 2691
f 2707 2751 2678
f 2705 2730 2679
f 2731 2679 2730
f 2693 2680 2681
f 2693 2681 2682
f 2682 2690 2727
f 2693 2682 2727
f 2768 2683 2891
f 2700 2685 2746
f 2685 2708 2741
f 2685 2741 2746
f 2764 2686 2725
f 2687 2726 2695
f 2770 2688 2787
f 2688 2843 2787
f 2688 2822 2843
f 2689 2704 2692
f 2704 2689 2889
f 2689 2768 2790
f 2890 2689 2790
f 2689 2890 2889
f 2727 2690 2784
f 2784 2690 2846
f 2690 2828 2855
f 2690 2855 2846
f 2691 2753 2702
f 2751 2752 2691
f 2752 2753 2691
f 2692 2704 2889
f 2692 2716 2735
f 2716 2692 2889
f 2693 2727 2737
f 2694 2742 2744
f 2694 2744 2760
f 2726 2729 2695
f 2729 2791 2695
f 2695 2791 2900
f 2695 2900 2898
f 2697 2696 2698
f 2698 2696 2722
f 2697 2698 2774
f 2697 2774 2718
f 2698 2722 2809
f 2774 2698 2778
f 2698 2809 2778
f 2699 2713 2708
f 2699 2710 2714
f 2699 2714 2713
f 2831 2700 2746
f 2701 2745 2771
f 2702 2753 2711
f 2703 2779 2815
f 2717 2730 2705
f 2739 2706 2733
f 2749 2750 2707
f 2763 2749 2707
f 2750 2751 2707
f 2708 2713 2836
f 2741 2708 2836
f 2826 2763 2709
f 2710 2719 2714
f 2710 2721 2719
f 2754 2717 2711
f 2753 2754 2711
f 2712 2939 2728
f 2734 3028 2712
f 2712 2965 2939
f 2712 2993 2965
f 2712 3028 2993
f 2836 2713 2714
f 2714 2719 2837
f 2836 2714 2837
f 2715 2880 2894
f 2715 2894 2891
f 2735 2716 2887
f 2716 2889 2887
f 2755 2730 2717
f 2754 2755 2717
f 2718 2720 2726
f 2720 2718 2806
f 2806 2718 2774
f 2719 2721 2839
f 2837 2719 2839
f 2804 2726 2720
f 2804 2720 2805
f 2720 2806 2805
f 2721 2740 2801
f 2840 2721 2801
f 2721 2840 2839
f 2722 2813 2809
f 2722 2815 2813
f 2776 2723 2904
f 2777 2904 2723
f 2766 2882 2724
f 2725 2736 2764
f 2729 2726 2804
f 2737 2727 2842
f 2727 2784 2842
f 2821 2728 2829
f 2728 2863 2829
f 2728 2922 2863
f 2939 2922 2728
f 2948 2791 2729
f 2948 2729 2804
f 2730 2756 2731
f 2755 2756 2730
f 2731 2748 2733
f 2731 2757 2748
f 2731 2756 2757
f 2732 2764 2747
f 2733 2759 2739
f 2733 2748 2759
f 2734 2882 3052
f 2734 3052 3028
f 2738 2735 2864
f 2864 2735 2886
f 2735 2887 2886
f 2736 2770 2764
f 2742 2737 2743
f 2737 2780 2743
f 2780 2737 2842
f 2794 2766 2738
f 2738 2814 2794
f 2814 2738 2864
f 2759 2761 2739
f 2761 2762 2739
f 2740 2747 2844
f 2801 2740 2783
f 2783 2740 2844
f 2832 2746 2741
f 2832 2741 2836
f 2742 2743 2744
f 2744 2743 2780
f 2760 2744 2767
f 2767 2744 2780
f 2745 2760 2765
f 2745 2765 2771
f 2746 2832 2831
f 2747 2764 2811
f 2845 2747 2811
f 2747 2845 2844
f 2757 2758 2748
f 2758 2759 2748
f 2750 2749 2862
f 2763 2870 2749
f 2749 2870 2862
f 2751 2750 2862
f 2752 2751 2772
f 2772 2751 2862
f 2753 2752 2825
f 2752 2772 2851
f 2752 2800 2825
f 2800 2752 2851
f 2754 2753 2807
f 2753 2825 2807
f 2754 2795 2755
f 2795 2754 2799
f 2799 2754 2807
f 2789 2756 2755
f 2755 2798 2789
f 2798 2755 2795
f 2756 2775 2757
f 2775 2756 2789
f 2758 2757 2785
f 2757 2775 2786
f 2757 2786 2785
f 2759 2758 2785
f 2759 2781 2761
f 2759 2785 2781
f 2765 2760 2827
f 2760 2767 2830
f 2760 2830 2827
f 2761 2773 2762
f 2761 2769 2773
f 2761 2781 2769
f 2857 2762 2773
f 2762 2968 2835
f 2967 2762 2857
f 2762 2967 2968
f 2930 2763 2826
f 2763 2907 2870
f 3260 2907 2763
f 2943 2763 2930
f 2763 2943 2978
f 2763 2978 3058
f 2763 3058 3071
f 3071 3192 2763
f 3192 3260 2763
f 2811 2764 2770
f 2771 2765 2827
f 2766 2794 2883
f 2766 2883 2882
f 2780 2833 2767
f 2767 2833 2830
f 2790 2768 2890
f 2890 2768 2891
f 2769 2781 2773
f 2848 2770 2787
f 2811 2770 2845
f 2845 2770 2847
f 2770 2848 2847
f 2779 2771 2802
f 2802 2771 2824
f 2824 2771 2827
f 2772 2862 2851
f 2773 2781 2816
f 2810 2773 2816
f 2928 2773 2810
f 2857 2773 2892
f 2892 2773 2928
f 2774 2778 2809
f 2774 2809 2806
f 2775 2789 2786
f 2776 2853 2782
f 2853 2776 2904
f 2835 3034 2777
f 2777 3122 2904
f 3034 3122 2777
f 2792 2779 2802
f 2779 2792 2820
f 2779 2820 2815
f 2780 2834 2833
f 2780 2842 2834
f 2970 2781 2785
f 2816 2781 2812
f 2812 2781 2970
f 2788 2782 2853
f 2801 2783 2841
f 2783 2844 2841
f 2842 2784 2846
f 2785 2786 2875
f 2970 2785 2875
f 2786 2789 2969
f 2875 2786 2969
f 2818 2787 2793
f 2793 2787 2849
f 2848 2787 2818
f 2787 2843 2849
f 2797 2788 2853
f 2789 2798 2796
f 2969 2789 2796
f 2791 3007 2900
f 2948 3007 2791
f 2792 2802 2824
f 2792 2823 2820
f 2792 2824 2823
f 2818 2793 2849
f 2794 2814 2883
f 2795 2799 2798
f 2796 2798 2876
f 2796 2876 2964
f 2964 2969 2796
f 2822 2797 2853
f 2798 2799 2876
f 2799 2807 2872
f 2876 2799 2872
f 2800 2851 2825
f 2801 2841 2840
f 2880 2803 2896
f 2896 2803 2898
f 2804 2805 2850
f 2948 2804 2850
f 2805 2806 2850
f 2806 2809 2838
f 2860 2806 2838
f 2850 2806 2860
f 2807 2808 2910
f 2808 2807 2917
f 2959 2807 2825
f 2872 2807 2910
f 2917 2807 2959
f 2808 2917 2910
f 2838 2809 2813
f 2810 2816 2971
f 2928 2810 2971
f 2816 2812 2944
f 2944 2812 2970
f 2813 2815 2817
f 2838 2813 2817
f 2814 2864 2884
f 2814 2884 2883
f 2817 2815 2859
f 2815 2820 2869
f 2859 2815 2869
f 2971 2816 2944
f 2838 2817 2921
f 2817 2859 2921
f 2818 2849 2848
f 2821 2858 2819
f 2828 2819 2858
f 2912 2820 2823
f 2869 2820 2912
f 2821 2829 2858
f 2822 2853 2843
f 2823 2824 2888
f 2912 2823 2888
f 2905 2824 2827
f 2888 2824 2911
f 2911 2824 2905
f 2825 2851 2936
f 2825 2936 2956
f 2825 2956 2958
f 2959 2825 2958
f 2927 2826 2831
f 2930 2826 2927
f 2827 2830 2902
f 2827 2902 2905
f 2828 2858 2855
f 2829 2863 2858
f 2830 2833 2901
f 2830 2901 2902
f 2924 2831 2832
f 2924 2919 2831
f 2919 2927 2831
f 2918 2832 2836
f 2918 2924 2832
f 2833 2834 2893
f 2901 2833 2893
f 2893 2834 2842
f 2968 2972 2835
f 3006 2835 2972
f 3008 2835 3006
f 3008 3034 2835
f 2837 2918 2836
f 2916 2837 2839
f 2916 2918 2837
f 2860 2838 2925
f 2838 2921 2925
f 2914 2839 2840
f 2915 2839 2914
f 2915 2916 2839
f 2914 2840 2841
f 2909 2841 2844
f 2909 2914 2841
f 2842 2846 2878
f 2893 2842 2878
f 2849 2843 2852
f 2843 2853 2852
f 2897 2844 2845
f 2906 2844 2897
f 2906 2909 2844
f 2897 2845 2847
f 2846 2855 2856
f 2874 2846 2856
f 2877 2846 2874
f 2878 2846 2877
f 2873 2847 2848
f 2879 2847 2873
f 2879 2897 2847
f 2873 2848 2849
f 2852 2866 2849
f 2866 2861 2849
f 2861 2873 2849
f 2948 2850 2860
f 2851 2862 2908
f 2950 2851 2908
f 2936 2851 2954
f 2954 2851 2950
f 2854 2852 2853
f 2854 2866 2852
f 2854 2853 2868
f 3203 2868 2853
f 2853 2904 3172
f 2853 3172 3198
f 3203 2853 3198
f 2899 2866 2854
f 2899 2854 2868
f 2856 2855 2865
f 2855 2858 2867
f 2865 2855 2867
f 2856 2865 2871
f 2874 2856 2871
f 2857 2892 2984
f 2967 2857 2984
f 2863 2922 2858
f 2867 2858 3067
f 2858 2922 3190
f 3067 2858 3190
f 2921 2859 2869
f 2948 2860 2925
f 2873 2861 2866
f 2862 2870 2950
f 2908 2862 2950
f 2864 2885 2884
f 2864 2886 2885
f 2865 2867 2871
f 2873 2866 2932
f 2932 2866 2899
f 2871 2867 2945
f 3063 2945 2867
f 3063 2867 3067
f 2899 2868 2920
f 2920 2868 3203
f 2921 2869 2912
f 2950 2870 2907
f 2874 2871 3010
f 3010 2871 2945
f 2876 2872 2963
f 2872 2910 2961
f 2872 2961 2962
f 2963 2872 2962
f 2879 2873 2932
f 2877 2874 2913
f 2935 2913 2874
f 2935 2874 3010
f 2875 2969 2970
f 2964 2876 2963
f 2878 2877 2881
f 2881 2877 2903
f 2903 2877 2913
f 3044 2878 2881
f 3044 2893 2878
f 2897 2879 2949
f 2879 2932 2934
f 2949 2879 2934
f 2880 2895 2894
f 2880 2896 2895
f 2881 2903 2935
f 3044 2881 2935
f 2883 2923 2882
f 2923 3118 2882
f 3052 2882 3061
f 2882 3100 3061
f 3107 3100 2882
f 2882 3105 3114
f 3105 2882 3118
f 2882 3114 3107
f 2883 2884 2923
f 2885 3051 2884
f 2923 2884 3094
f 3094 2884 3051
f 2886 3051 2885
f 2887 2926 2886
f 2926 3080 2886
f 2886 3080 3051
f 2889 3005 2887
f 2887 3005 2926
f 2888 2911 2912
f 2890 2995 2889
f 2889 2995 3005
f 2891 2938 2890
f 2890 2938 2983
f 2890 2983 3014
f 2890 3014 2995
f 2894 2952 2891
f 2938 2891 2983
f 2891 2952 2986
f 2983 2891 3001
f 2891 2986 3001
f 2892 2928 2984
f 2901 2893 3044
f 2895 3015 2894
f 2894 3015 2952
f 2896 3015 2895
f 2898 2951 2896
f 2951 3015 2896
f 2957 2906 2897
f 2957 2897 2949
f 2898 2900 2951
f 2920 3199 2899
f 3043 2932 2899
f 3140 3043 2899
f 3140 2899 3112
f 3112 2899 3199
f 2900 3009 2951
f 2900 3007 3009
f 2953 2902 2901
f 2953 2901 3036
f 3036 2901 3044
f 2933 2905 2902
f 2979 2933 2902
f 2953 2979 2902
f 2903 2913 2935
f 3122 3135 2904
f 3135 3172 2904
f 2966 2911 2905
f 2933 2966 2905
f 2909 2906 2929
f 2929 2906 2957
f 2950 2907 2947
f 2907 3260 2947
f 2914 2909 2960
f 2909 2929 2960
f 2961 2910 2917
f 3021 2912 2911
f 3031 2911 2966
f 3026 3021 2911
f 3026 2911 3031
f 3011 2921 2912
f 3011 2912 3021
f 2915 2914 2946
f 2946 2914 2974
f 2914 2960 2974
f 2940 2916 2915
f 2940 2915 2975
f 2975 2915 2946
f 2918 2916 2997
f 2997 2916 2940
f 2959 2961 2917
f 2924 2918 2942
f 2942 2918 2997
f 2927 2919 2924
f 3199 2920 3203
f 2925 2921 2990
f 2990 2921 2981
f 3011 2981 2921
f 2939 3208 2922
f 2922 3201 3190
f 3208 3201 2922
f 2923 3094 3118
f 2927 2924 2931
f 2991 2931 2924
f 2991 2924 2942
f 2948 2925 2989
f 2990 2989 2925
f 2926 3005 3078
f 3078 3079 2926
f 3079 3080 2926
f 2941 2930 2927
f 2991 2927 2931
f 2991 2941 2927
f 2928 2971 2984
f 2960 2929 2957
f 2943 2930 2941
f 2937 2934 2932
f 3043 2937 2932
f 3033 2966 2933
f 2979 3033 2933
f 2976 2934 2937
f 2949 2934 2976
f 3023 2935 3010
f 3023 3044 2935
f 2955 2936 2954
f 2936 2955 2956
f 2976 2937 2980
f 2980 2937 2977
f 2977 2937 3043
f 2939 2965 3208
f 2997 2940 2975
f 2982 2943 2941
f 2991 2982 2941
f 2994 2991 2942
f 2996 2994 2942
f 2996 2942 2997
f 2978 2943 2982
f 2944 2970 2971
f 3023 3010 2945
f 3023 2945 3063
f 2975 2946 2974
f 2950 2947 3003
f 2947 2992 3003
f 2947 3260 2992
f 2948 2989 3462
f 2948 3017 3007
f 2948 3130 3017
f 2948 3164 3130
f 2948 3296 3164
f 2948 3324 3296
f 2948 3337 3324
f 2948 3360 3337
f 2948 3393 3360
f 3412 3393 2948
f 3412 2948 3462
f 2957 2949 2988
f 2988 2949 2976
f 2954 2950 3013
f 2950 3003 3013
f 2951 3009 3012
f 3012 3015 2951
f 3015 2986 2952
f 2979 2953 3036
f 2954 2973 2955
f 2954 3013 2973
f 2955 2973 2956
f 2956 3002 2958
f 2956 2973 3018
f 2956 3018 3002
f 3101 2960 2957
f 3101 2957 2988
f 2958 3004 2959
f 2958 3002 3004
f 2959 3038 2961
f 3004 3022 2959
f 3022 3038 2959
f 3056 2974 2960
f 3056 2960 3102
f 3102 2960 3101
f 2962 2961 3047
f 2961 3038 3029
f 2961 3029 3047
f 2962 3019 2963
f 2962 3047 3019
f 2963 3053 2964
f 2963 3019 3049
f 2963 3049 3053
f 2964 3024 2969
f 2964 3053 3024
f 2965 2993 3028
f 3028 3124 2965
f 2965 3124 3322
f 3208 2965 3318
f 2965 3322 3318
f 3031 2966 3033
f 2968 2967 2985
f 2967 2984 2985
f 2968 2985 2972
f 2969 3057 2970
f 3024 3057 2969
f 2970 3000 2971
f 2970 3057 3000
f 2984 2971 3042
f 3000 3065 2971
f 3042 2971 3060
f 2971 3064 3060
f 2971 3093 3064
f 3065 3092 2971
f 2971 3092 3093
f 3083 2972 2985
f 3083 3006 2972
f 3013 3018 2973
f 2987 2975 2974
f 3056 2987 2974
f 3040 2975 2987
f 2997 2975 3040
f 3323 2976 2980
f 3185 2988 2976
f 3185 2976 3323
f 3323 2980 2977
f 3323 2977 3043
f 3058 2978 2982
f 3033 2979 3036
f 2990 2981 3011
f 2982 2991 3048
f 3058 2982 3048
f 2983 3001 3050
f 2983 3055 3014
f 2983 3050 3055
f 2984 3142 2985
f 3042 3142 2984
f 3267 3083 2985
f 3142 3267 2985
f 2986 3050 3001
f 2986 3015 3050
f 3040 2987 3056
f 3185 3101 2988
f 3462 2989 2990
f 3091 2990 3011
f 3462 2990 3091
f 2996 2991 2994
f 3016 2991 2996
f 3048 2991 3016
f 3003 2992 3086
f 2992 3084 3108
f 3260 3084 2992
f 3086 2992 3110
f 3110 2992 3108
f 2995 3032 3005
f 2995 3014 3059
f 2995 3059 3032
f 2996 2997 2998
f 3016 2996 2998
f 2998 2997 2999
f 2999 2997 3167
f 3160 2997 3040
f 3167 2997 3160
f 3035 2998 2999
f 3035 3016 2998
f 3193 3035 2999
f 3193 2999 3167
f 3057 3065 3000
f 3002 3020 3004
f 3002 3018 3020
f 3013 3003 3085
f 3085 3003 3111
f 3003 3086 3110
f 3111 3003 3110
f 3004 3020 3022
f 3005 3032 3062
f 3062 3078 3005
f 3083 3008 3006
f 3007 3017 3009
f 3008 3027 3034
f 3083 3027 3008
f 3012 3009 3037
f 3131 3009 3017
f 3037 3009 3131
f 3011 3021 3025
f 3088 3011 3025
f 3091 3011 3088
f 3015 3012 3133
f 3012 3037 3133
f 3113 3018 3013
f 3113 3013 3085
f 3014 3055 3059
f 3015 3133 3050
f 3099 3016 3035
f 3048 3016 3099
f 3131 3017 3130
f 3018 3041 3020
f 3041 3018 3113
f 3019 3047 3049
f 3020 3115 3022
f 3020 3041 3115
f 3025 3021 3082
f 3030 3021 3026
f 3082 3021 3030
f 3038 3022 3054
f 3054 3022 3117
f 3022 3115 3117
f 3063 3044 3023
f 3053 3057 3024
f 3025 3082 3088
f 3030 3026 3077
f 3026 3031 3076
f 3026 3076 3077
f 3039 3034 3027
f 3083 3039 3027
f 3052 3124 3028
f 3038 3047 3029
f 3030 3077 3082
f 3031 3033 3075
f 3031 3075 3076
f 3032 3059 3062
f 3075 3033 3036
f 3039 3046 3034
f 3034 3046 3072
f 3034 3072 3122
f 3193 3045 3035
f 3035 3045 3240
f 3099 3035 3194
f 3221 3194 3035
f 3221 3035 3240
f 3074 3036 3044
f 3075 3036 3074
f 3037 3131 3133
f 3047 3038 3121
f 3038 3054 3117
f 3038 3117 3120
f 3121 3038 3120
f 3039 3083 3046
f 3174 3040 3056
f 3160 3040 3174
f 3041 3113 3115
f 3060 3142 3042
f 3323 3043 3140
f 3073 3044 3063
f 3073 3068 3044
f 3074 3044 3068
f 3240 3045 3193
f 3072 3046 3295
f 3083 3295 3046
f 3049 3047 3123
f 3047 3121 3123
f 3058 3048 3184
f 3070 3048 3099
f 3184 3048 3070
f 3049 3123 3053
f 3055 3050 3138
f 3050 3133 3137
f 3050 3137 3138
f 3051 3080 3094
f 3052 3061 3124
f 3053 3126 3057
f 3053 3123 3125
f 3053 3125 3126
f 3059 3055 3139
f 3055 3138 3139
f 3103 3056 3102
f 3103 3174 3056
f 3057 3066 3065
f 3057 3126 3066
f 3071 3058 3184
f 3062 3059 3141
f 3059 3139 3141
f 3064 3093 3060
f 3093 3142 3060
f 3100 3149 3061
f 3061 3149 3124
f 3078 3062 3144
f 3062 3141 3144
f 3063 3067 3069
f 3073 3063 3069
f 3065 3066 3128
f 3092 3065 3128
f 3128 3066 3126
f 3069 3067 3087
f 3067 3159 3087
f 3067 3143 3151
f 3067 3178 3143
f 3067 3151 3162
f 3067 3162 3159
f 3067 3190 3178
f 3068 3073 3074
f 3095 3073 3069
f 3095 3069 3087
f 3184 3070 3099
f 3071 3184 3192
f 3122 3072 3081
f 3072 3168 3081
f 3072 3295 3168
f 3074 3073 3097
f 3097 3073 3095
f 3104 3075 3074
f 3104 3074 3097
f 3076 3075 3104
f 3077 3076 3096
f 3096 3076 3106
f 3076 3104 3106
f 3106 3082 3077
f 3106 3077 3096
f 3079 3078 3089
f 3129 3089 3078
f 3129 3078 3144
f 3080 3079 3089
f 3080 3089 3098
f 3080 3098 3094
f 3081 3168 3122
f 3088 3082 3090
f 3090 3082 3116
f 3082 3106 3116
f 3267 3371 3083
f 3083 3371 3295
f 3084 3456 3108
f 3402 3084 3260
f 3402 3456 3084
f 3085 3111 3113
f 3087 3225 3095
f 3087 3159 3223
f 3087 3223 3225
f 3088 3090 3116
f 3157 3091 3088
f 3088 3116 3136
f 3157 3088 3136
f 3098 3089 3145
f 3089 3129 3145
f 3462 3091 3157
f 3093 3092 3134
f 3092 3128 3132
f 3092 3132 3134
f 3093 3134 3142
f 3094 3098 3127
f 3118 3094 3148
f 3094 3127 3147
f 3094 3147 3148
f 3097 3095 3109
f 3109 3095 3173
f 3173 3095 3225
f 3233 3104 3097
f 3097 3109 3239
f 3233 3097 3239
f 3127 3098 3146
f 3098 3145 3146
f 3406 3184 3099
f 3259 3099 3194
f 3406 3099 3259
f 3107 3149 3100
f 3102 3101 3155
f 3155 3101 3185
f 3102 3431 3103
f 3155 3344 3102
f 3344 3431 3102
f 3345 3174 3103
f 3431 3345 3103
f 3106 3104 3119
f 3119 3104 3233
f 3105 3118 3114
f 3116 3106 3230
f 3106 3119 3189
f 3230 3106 3189
f 3114 3149 3107
f 3108 3152 3110
f 3456 3152 3108
f 3222 3109 3173
f 3239 3109 3222
f 3111 3110 3153
f 3110 3152 3153
f 3113 3111 3177
f 3169 3111 3153
f 3182 3111 3169
f 3177 3111 3182
f 3323 3140 3112
f 3323 3112 3199
f 3115 3113 3176
f 3176 3113 3177
f 3118 3149 3114
f 3115 3176 3117
f 3136 3116 3224
f 3116 3230 3224
f 3120 3117 3175
f 3117 3176 3175
f 3118 3148 3149
f 3189 3119 3226
f 3119 3233 3226
f 3121 3120 3170
f 3170 3120 3171
f 3120 3175 3171
f 3123 3121 3166
f 3121 3170 3166
f 3122 3168 3135
f 3123 3166 3125
f 3149 3424 3124
f 3322 3124 3334
f 3124 3424 3334
f 3126 3125 3163
f 3125 3165 3163
f 3125 3166 3165
f 3128 3126 3158
f 3126 3163 3158
f 3127 3146 3147
f 3132 3128 3158
f 3129 3144 3145
f 3130 3164 3131
f 3245 3133 3131
f 3296 3131 3164
f 3245 3131 3280
f 3280 3131 3296
f 3134 3132 3150
f 3132 3154 3150
f 3132 3158 3154
f 3133 3280 3137
f 3133 3245 3280
f 3134 3150 3142
f 3168 3172 3135
f 3157 3136 3206
f 3136 3218 3206
f 3136 3224 3218
f 3137 3195 3138
f 3195 3137 3242
f 3242 3137 3280
f 3138 3227 3139
f 3138 3195 3241
f 3138 3235 3227
f 3138 3241 3235
f 3141 3139 3216
f 3139 3227 3216
f 3144 3141 3207
f 3141 3216 3207
f 3150 3204 3142
f 3204 3209 3142
f 3275 3142 3209
f 3306 3267 3142
f 3290 3142 3275
f 3290 3287 3142
f 3287 3306 3142
f 3151 3143 3205
f 3178 3292 3143
f 3143 3212 3205
f 3143 3331 3212
f 3143 3292 3331
f 3196 3145 3144
f 3196 3144 3202
f 3202 3144 3207
f 3146 3145 3202
f 3145 3196 3202
f 3146 3180 3147
f 3146 3202 3180
f 3148 3147 3156
f 3147 3180 3156
f 3148 3156 3149
f 3156 3180 3149
f 3180 3191 3149
f 3149 3191 3200
f 3149 3200 3210
f 3149 3210 3248
f 3149 3248 3279
f 3149 3279 3314
f 3149 3314 3341
f 3149 3341 3399
f 3149 3399 3405
f 3149 3405 3424
f 3187 3150 3154
f 3187 3220 3150
f 3214 3204 3150
f 3220 3214 3150
f 3151 3181 3162
f 3151 3205 3181
f 3153 3152 3188
f 3735 3188 3152
f 3152 3456 3502
f 3152 3502 3686
f 3735 3152 3686
f 3169 3153 3183
f 3183 3153 3186
f 3153 3188 3186
f 3158 3234 3154
f 3234 3187 3154
f 3185 3344 3155
f 3161 3157 3206
f 3462 3157 3161
f 3163 3311 3158
f 3197 3234 3158
f 3273 3197 3158
f 3158 3340 3273
f 3311 3333 3158
f 3340 3158 3333
f 3159 3162 3219
f 3159 3219 3251
f 3223 3159 3251
f 3356 3167 3160
f 3358 3160 3174
f 3421 3356 3160
f 3358 3425 3160
f 3425 3421 3160
f 3161 3206 3462
f 3181 3253 3162
f 3253 3219 3162
f 3211 3163 3165
f 3211 3311 3163
f 3166 3325 3165
f 3325 3211 3165
f 3320 3166 3170
f 3321 3215 3166
f 3215 3325 3166
f 3320 3321 3166
f 3167 3416 3193
f 3356 3421 3167
f 3416 3167 3421
f 3168 3471 3172
f 3168 3295 3488
f 3168 3488 3471
f 3169 3183 3182
f 3179 3170 3171
f 3320 3170 3179
f 3315 3171 3175
f 3315 3179 3171
f 3198 3172 3471
f 3173 3239 3222
f 3173 3225 3239
f 3427 3174 3345
f 3427 3358 3174
f 3176 3301 3175
f 3302 3254 3175
f 3315 3175 3254
f 3302 3175 3301
f 3177 3281 3176
f 3281 3228 3176
f 3228 3301 3176
f 3252 3177 3182
f 3252 3229 3177
f 3282 3177 3229
f 3282 3281 3177
f 3178 3190 3292
f 3320 3179 3315
f 3180 3217 3191
f 3180 3202 3217
f 3181 3205 3253
f 3237 3182 3183
f 3284 3182 3237
f 3284 3252 3182
f 3237 3183 3186
f 3402 3192 3184
f 3402 3184 3261
f 3403 3261 3184
f 3406 3403 3184
f 3231 3185 3323
f 3231 3440 3185
f 3440 3344 3185
f 3186 3188 3284
f 3284 3237 3186
f 3234 3220 3187
f 3238 3274 3188
f 3238 3188 3735
f 3188 3274 3284
f 3189 3226 3232
f 3189 3232 3230
f 3201 3292 3190
f 3200 3191 3249
f 3249 3191 3217
f 3402 3260 3192
f 3416 3240 3193
f 3372 3194 3221
f 3259 3194 3372
f 3195 3242 3241
f 3273 3234 3197
f 3203 3198 3471
f 3199 3203 3471
f 3323 3199 3471
f 3210 3200 3265
f 3265 3200 3249
f 3208 3292 3201
f 3202 3207 3217
f 3262 3209 3204
f 3214 3262 3204
f 3212 3270 3205
f 3205 3270 3253
f 3206 3218 3213
f 3462 3206 3213
f 3207 3216 3236
f 3207 3236 3217
f 3208 3318 3292
f 3262 3384 3209
f 3384 3275 3209
f 3248 3210 3299
f 3299 3210 3265
f 3332 3311 3211
f 3332 3211 3325
f 3212 3355 3270
f 3212 3331 3355
f 3213 3218 3343
f 3213 3343 3777
f 3462 3213 3545
f 3213 3639 3545
f 3777 3639 3213
f 3220 3346 3214
f 3346 3262 3214
f 3215 3321 3325
f 3227 3235 3216
f 3216 3235 3246
f 3216 3246 3236
f 3249 3217 3236
f 3286 3218 3224
f 3243 3218 3286
f 3218 3243 3348
f 3343 3218 3348
f 3219 3255 3251
f 3253 3255 3219
f 3234 3346 3220
f 3410 3221 3240
f 3410 3372 3221
f 3225 3223 3244
f 3223 3250 3244
f 3223 3251 3250
f 3224 3230 3310
f 3286 3224 3269
f 3317 3269 3224
f 3317 3224 3310
f 3225 3244 3239
f 3226 3233 3232
f 3281 3301 3228
f 3282 3229 3252
f 3307 3230 3232
f 3307 3247 3230
f 3310 3230 3247
f 3312 3231 3323
f 3312 3368 3231
f 3368 3440 3231
f 3304 3232 3233
f 3307 3232 3304
f 3300 3233 3239
f 3304 3233 3300
f 3273 3346 3234
f 3235 3241 3257
f 3246 3235 3257
f 3264 3236 3246
f 3264 3249 3236
f 3274 3238 3735
f 3239 3244 3298
f 3300 3239 3298
f 3410 3240 3414
f 3414 3240 3416
f 3242 3256 3241
f 3241 3256 3258
f 3241 3258 3257
f 3256 3242 3263
f 3263 3242 3303
f 3242 3280 3303
f 3243 3286 3348
f 3244 3250 3276
f 3272 3244 3276
f 3298 3244 3272
f 3268 3246 3257
f 3264 3246 3268
f 3247 3307 3310
f 3279 3248 3351
f 3248 3299 3351
f 3265 3249 3264
f 3250 3251 3266
f 3271 3250 3266
f 3276 3250 3271
f 3251 3255 3266
f 3284 3282 3252
f 3253 3270 3255
f 3315 3254 3302
f 3266 3255 3548
f 3270 3527 3255
f 3255 3527 3556
f 3255 3556 3548
f 3256 3263 3258
f 3257 3258 3283
f 3268 3257 3285
f 3285 3257 3283
f 3263 3285 3258
f 3285 3283 3258
f 3406 3259 3372
f 3403 3402 3261
f 3346 3384 3262
f 3293 3285 3263
f 3293 3263 3336
f 3263 3303 3336
f 3265 3264 3288
f 3288 3264 3268
f 3265 3288 3327
f 3299 3265 3327
f 3271 3266 3277
f 3277 3266 3548
f 3306 3326 3267
f 3267 3326 3365
f 3267 3365 3371
f 3308 3268 3285
f 3288 3268 3289
f 3289 3268 3308
f 3286 3269 3313
f 3317 3313 3269
f 3270 3355 3527
f 3276 3271 3278
f 3278 3271 3277
f 3272 3276 3298
f 3346 3273 3340
f 3359 3284 3274
f 3359 3274 3735
f 3384 3290 3275
f 3305 3276 3278
f 3525 3298 3276
f 3525 3276 3305
f 3305 3278 3277
f 3305 3277 3548
f 3314 3279 3294
f 3388 3294 3279
f 3279 3351 3390
f 3388 3279 3390
f 3280 3296 3324
f 3280 3297 3303
f 3297 3280 3324
f 3301 3281 3282
f 3301 3282 3284
f 3284 3373 3301
f 3359 3370 3284
f 3370 3373 3284
f 3308 3285 3293
f 3286 3313 3319
f 3348 3286 3319
f 3384 3287 3290
f 3384 3306 3287
f 3288 3289 3291
f 3327 3288 3291
f 3330 3291 3289
f 3308 3339 3289
f 3339 3330 3289
f 3327 3291 3338
f 3338 3291 3330
f 3318 3322 3292
f 3322 3353 3292
f 3292 3342 3331
f 3292 3350 3342
f 3292 3419 3350
f 3292 3353 3433
f 3419 3292 3433
f 3308 3293 3316
f 3316 3293 3363
f 3293 3336 3363
f 3314 3294 3388
f 3371 3488 3295
f 3297 3324 3303
f 3349 3300 3298
f 3349 3298 3352
f 3401 3352 3298
f 3529 3401 3298
f 3525 3535 3298
f 3529 3298 3535
f 3383 3299 3327
f 3351 3299 3383
f 3304 3300 3515
f 3458 3300 3349
f 3458 3515 3300
f 3301 3309 3302
f 3301 3373 3309
f 3302 3309 3374
f 3302 3374 3315
f 3303 3324 3360
f 3336 3303 3360
f 3307 3304 3366
f 3515 3366 3304
f 3525 3305 3548
f 3306 3361 3326
f 3384 3361 3306
f 3307 3511 3310
f 3366 3514 3307
f 3514 3511 3307
f 3357 3308 3316
f 3357 3339 3308
f 3373 3374 3309
f 3317 3310 3411
f 3506 3411 3310
f 3511 3506 3310
f 3332 3333 3311
f 3362 3312 3323
f 3449 3312 3362
f 3312 3367 3440
f 3445 3367 3312
f 3440 3368 3312
f 3449 3445 3312
f 3319 3313 3317
f 3341 3314 3388
f 3315 3364 3320
f 3315 3375 3364
f 3315 3374 3375
f 3357 3316 3389
f 3316 3363 3398
f 3389 3316 3398
f 3319 3317 3500
f 3417 3317 3411
f 3417 3500 3317
f 3348 3319 3459
f 3429 3475 3319
f 3500 3429 3319
f 3475 3459 3319
f 3354 3321 3320
f 3320 3376 3354
f 3320 3364 3376
f 3321 3378 3325
f 3354 3377 3321
f 3377 3378 3321
f 3329 3322 3334
f 3322 3329 3353
f 3362 3323 3471
f 3360 3324 3337
f 3325 3347 3332
f 3325 3378 3347
f 3326 3361 3365
f 3383 3327 3328
f 3328 3327 3394
f 3327 3338 3394
f 3383 3328 3392
f 3328 3394 3392
f 3329 3334 3353
f 3338 3330 3339
f 3331 3342 3387
f 3331 3387 3355
f 3332 3335 3333
f 3332 3379 3335
f 3332 3347 3379
f 3335 3379 3333
f 3333 3369 3340
f 3380 3369 3333
f 3379 3380 3333
f 3334 3408 3353
f 3334 3424 3408
f 3336 3360 3385
f 3363 3336 3385
f 3394 3338 3339
f 3395 3339 3357
f 3394 3339 3395
f 3340 3381 3346
f 3340 3369 3381
f 3341 3388 3399
f 3350 3423 3342
f 3342 3423 3387
f 3662 3343 3348
f 3662 3777 3343
f 3431 3344 3440
f 3431 3427 3345
f 3381 3382 3346
f 3382 3384 3346
f 3378 3379 3347
f 3459 3452 3348
f 3469 3348 3452
f 3465 3348 3469
f 3662 3348 3465
f 3458 3349 3352
f 3350 3419 3578
f 3350 3451 3423
f 3451 3350 3578
f 3351 3383 3391
f 3351 3391 3390
f 3522 3352 3401
f 3458 3352 3522
f 3353 3408 3444
f 3353 3437 3433
f 3353 3444 3437
f 3376 3377 3354
f 3355 3387 3527
f 3357 3389 3396
f 3395 3357 3396
f 3425 3358 3427
f 3370 3359 4089
f 3359 3735 3782
f 3782 3796 3359
f 3796 4089 3359
f 3385 3360 3393
f 3361 3618 3365
f 3533 3361 3384
f 3533 3618 3361
f 3449 3362 3471
f 3363 3385 3386
f 3398 3363 3386
f 3375 3376 3364
f 3365 3517 3371
f 3365 3618 3517
f 3514 3366 3515
f 3445 3440 3367
f 3380 3381 3369
f 3463 3373 3370
f 3430 3370 3418
f 3370 4089 3418
f 3430 3463 3370
f 3371 3517 3488
f 3406 3372 3413
f 3413 3372 3410
f 3438 3374 3373
f 3463 3438 3373
f 3468 3375 3374
f 3474 3374 3438
f 3474 3468 3374
f 3375 3428 3376
f 3375 3492 3428
f 3468 3474 3375
f 3474 3492 3375
f 3428 3377 3376
f 3377 3442 3378
f 3428 3484 3377
f 3484 3442 3377
f 3378 3483 3379
f 3442 3513 3378
f 3513 3483 3378
f 3483 3380 3379
f 3448 3381 3380
f 3380 3513 3448
f 3483 3513 3380
f 3521 3382 3381
f 3520 3381 3448
f 3521 3381 3520
f 3407 3384 3382
f 3521 3407 3382
f 3383 3392 3391
f 3407 3435 3384
f 3542 3384 3435
f 3576 3533 3384
f 3576 3384 3542
f 3385 3409 3386
f 3393 3412 3385
f 3385 3443 3409
f 3412 3443 3385
f 3386 3409 3398
f 3423 4068 3387
f 3387 3773 3527
f 3387 4068 3773
f 3390 3420 3388
f 3399 3388 3405
f 3405 3388 3446
f 3420 3528 3388
f 3388 3447 3446
f 3388 3528 3447
f 3396 3389 3397
f 3389 3398 3397
f 3391 3404 3390
f 3390 3404 3420
f 3392 3404 3391
f 3394 3432 3392
f 3404 3392 3485
f 3392 3432 3485
f 3394 3395 3432
f 3395 3396 3422
f 3395 3422 3432
f 3396 3397 3415
f 3396 3415 3422
f 3398 3400 3397
f 3397 3400 3415
f 3398 3434 3400
f 3409 3434 3398
f 3400 3454 3415
f 3434 3454 3400
f 3522 3401 3529
f 3456 3402 3403
f 3403 3406 3457
f 3456 3403 3457
f 3404 3467 3420
f 3404 3485 3467
f 3405 3426 3424
f 3405 3446 3426
f 3498 3406 3413
f 3499 3457 3406
f 3406 3498 3499
f 3542 3435 3407
f 3542 3407 3521
f 3408 3424 3436
f 3408 3436 3444
f 3443 3434 3409
f 3413 3410 3414
f 3461 3417 3411
f 3506 3461 3411
f 3443 3412 3545
f 3412 3462 3545
f 3493 3413 3414
f 3453 3413 3493
f 3498 3413 3453
f 3455 3414 3416
f 3493 3414 3455
f 3415 3464 3422
f 3454 3464 3415
f 3482 3416 3421
f 3455 3416 3493
f 3490 3416 3482
f 3493 3416 3490
f 3500 3417 3461
f 4089 3430 3418
f 3578 3419 3433
f 3467 3479 3420
f 3479 3504 3420
f 3504 3528 3420
f 3421 3425 3486
f 3482 3421 3490
f 3421 3486 3487
f 3490 3421 3487
f 3422 3472 3432
f 3464 3472 3422
f 3423 3451 3578
f 3423 3578 4068
f 3426 3441 3424
f 3439 3436 3424
f 3441 3439 3424
f 3425 3427 3481
f 3486 3425 3481
f 3426 3591 3441
f 3426 3446 3591
f 3427 3431 3480
f 3481 3427 3480
f 3492 3484 3428
f 3497 3475 3429
f 3497 3429 3500
f 3430 3505 3463
f 3563 3505 3430
f 3563 3430 4089
f 3431 3440 3478
f 3431 3478 3480
f 3472 3519 3432
f 3432 3519 3485
f 3437 3663 3433
f 3433 3663 3578
f 3443 3450 3434
f 3450 3470 3434
f 3434 3491 3454
f 3470 3491 3434
f 3439 3444 3436
f 3437 3444 3704
f 3437 3704 3663
f 3463 3474 3438
f 3439 3441 3704
f 3439 3704 3444
f 3478 3440 3445
f 3591 3679 3441
f 3679 3704 3441
f 3484 3496 3442
f 3496 3513 3442
f 3443 3470 3450
f 3443 3460 3470
f 3460 3443 3537
f 3537 3443 3545
f 3477 3445 3449
f 3478 3445 3477
f 3447 3528 3446
f 3528 3591 3446
f 3520 3448 3513
f 3449 3471 3476
f 3477 3449 3476
f 3469 3452 3459
f 3498 3453 3493
f 3454 3495 3464
f 3491 3495 3454
f 3456 3457 3501
f 3456 3501 3502
f 3501 3457 3499
f 3515 3458 3522
f 3469 3459 3475
f 3470 3460 3550
f 3550 3460 3537
f 3500 3461 3507
f 3507 3461 3506
f 3564 3474 3463
f 3505 3564 3463
f 3464 3508 3472
f 3495 3508 3464
f 3466 3465 3473
f 3662 3465 3466
f 3465 3469 3473
f 3585 3466 3473
f 3562 3466 3565
f 3662 3466 3562
f 3565 3466 3585
f 3467 3485 3479
f 3607 3473 3469
f 3607 3469 3475
f 3491 3470 3558
f 3516 3470 3550
f 3553 3470 3516
f 3558 3470 3553
f 3489 3476 3471
f 3739 3471 3488
f 3534 3489 3471
f 3534 3471 3656
f 3680 3656 3471
f 3740 3680 3471
f 3740 3471 3739
f 3508 3538 3472
f 3472 3538 3519
f 3607 3585 3473
f 3474 3568 3492
f 3564 3547 3474
f 3474 3547 3568
f 3475 3497 3532
f 3607 3475 3532
f 3509 3477 3476
f 3494 3476 3489
f 3509 3476 3494
f 3477 3512 3478
f 3509 3512 3477
f 3637 3480 3478
f 3586 3478 3512
f 3593 3478 3586
f 3593 3637 3478
f 3485 3504 3479
f 3510 3481 3480
f 3637 3510 3480
f 3481 3642 3486
f 3510 3601 3481
f 3601 3642 3481
f 3492 3496 3484
f 3519 3504 3485
f 3524 3487 3486
f 3682 3524 3486
f 3682 3486 3642
f 3628 3490 3487
f 3628 3487 3524
f 3517 3566 3488
f 3661 3488 3566
f 3661 3687 3488
f 3687 3743 3488
f 3743 3739 3488
f 3534 3494 3489
f 3738 3493 3490
f 3696 3541 3490
f 3723 3490 3541
f 3696 3490 3628
f 3723 3738 3490
f 3491 3503 3495
f 3503 3491 3558
f 3546 3496 3492
f 3492 3569 3546
f 3568 3569 3492
f 3658 3498 3493
f 3657 3658 3493
f 3738 3657 3493
f 3494 3586 3509
f 3534 3586 3494
f 3495 3503 3560
f 3508 3495 3560
f 3496 3570 3513
f 3546 3570 3496
f 3497 3500 3523
f 3526 3497 3523
f 3531 3497 3526
f 3532 3497 3531
f 3518 3499 3498
f 3539 3518 3498
f 3658 3539 3498
f 3499 3697 3501
f 3518 3697 3499
f 3500 3507 3523
f 3501 3686 3502
f 3501 3692 3686
f 3697 3692 3501
f 3503 3558 3560
f 3519 3536 3504
f 3504 3549 3528
f 3536 3549 3504
f 3563 3564 3505
f 3507 3506 3511
f 3507 3511 3581
f 3592 3523 3507
f 3592 3507 3581
f 3538 3508 3579
f 3508 3560 3561
f 3508 3561 3579
f 3586 3512 3509
f 3637 3601 3510
f 3511 3514 3530
f 3511 3530 3581
f 3513 3572 3520
f 3570 3572 3513
f 3514 3515 3530
f 3515 3522 3580
f 3530 3515 3554
f 3554 3515 3580
f 3516 3550 3553
f 3517 3618 3566
f 3539 3697 3518
f 3538 3536 3519
f 3520 3543 3521
f 3520 3573 3543
f 3520 3572 3573
f 3521 3574 3542
f 3521 3543 3574
f 3522 3529 3567
f 3552 3522 3567
f 3580 3522 3552
f 3526 3523 3592
f 3682 3628 3524
f 3535 3525 3548
f 3531 3526 3571
f 3571 3526 3592
f 3556 3527 3703
f 3527 3773 3703
f 3549 3591 3528
f 3529 3535 3540
f 3557 3529 3540
f 3567 3529 3557
f 3530 3554 3581
f 3592 3532 3531
f 3592 3531 3571
f 3607 3532 3592
f 3576 3727 3533
f 3533 3800 3618
f 3727 3800 3533
f 3586 3534 3742
f 3671 3534 3656
f 3742 3534 3671
f 3540 3535 3555
f 3535 3548 3555
f 3538 3544 3536
f 3544 3551 3536
f 3536 3551 3549
f 3537 3545 3550
f 3538 3579 3544
f 3539 3658 3697
f 3540 3555 3557
f 3723 3541 3696
f 3574 3575 3542
f 3575 3576 3542
f 3573 3574 3543
f 3544 3559 3551
f 3544 3583 3559
f 3544 3579 3583
f 3545 3639 3550
f 3569 3570 3546
f 3564 3568 3547
f 3548 3582 3555
f 3548 3556 3703
f 3548 3617 3582
f 3617 3548 3703
f 3551 3591 3549
f 3550 3726 3553
f 3550 3639 3785
f 3550 3785 3726
f 3559 3591 3551
f 3552 3567 3580
f 3558 3553 3700
f 3700 3553 3720
f 3553 3726 3720
f 3554 3580 3581
f 3555 3584 3557
f 3555 3582 3584
f 3567 3557 3589
f 3557 3584 3589
f 3560 3558 3698
f 3698 3558 3666
f 3666 3558 3700
f 3559 3583 3587
f 3559 3587 3591
f 3561 3560 3630
f 3630 3560 3681
f 3560 3698 3681
f 3638 3579 3561
f 3561 3630 3670
f 3638 3561 3652
f 3652 3561 3673
f 3673 3561 3670
f 3662 3562 3565
f 3624 3564 3563
f 3624 3563 4089
f 3619 3568 3564
f 3624 3619 3564
f 3565 3585 3604
f 3662 3565 3604
f 3602 3566 3618
f 3602 3661 3566
f 3567 3599 3580
f 3567 3589 3599
f 3568 3603 3569
f 3619 3603 3568
f 3569 3600 3570
f 3603 3600 3569
f 3598 3572 3570
f 3600 3598 3570
f 3572 3594 3573
f 3597 3594 3572
f 3598 3597 3572
f 3594 3574 3573
f 3574 3577 3575
f 3594 3577 3574
f 3588 3576 3575
f 3577 3590 3575
f 3590 3588 3575
f 3588 3668 3576
f 3668 3749 3576
f 3763 3727 3576
f 3749 3763 3576
f 3594 3590 3577
f 3663 3786 3578
f 3578 3786 4068
f 3579 3652 3583
f 3579 3638 3652
f 3580 3606 3581
f 3580 3599 3606
f 3581 3611 3592
f 3581 3606 3611
f 3584 3582 3615
f 3615 3582 3616
f 3582 3617 3616
f 3583 3634 3587
f 3583 3652 3634
f 3589 3584 3614
f 3614 3584 3615
f 3605 3585 3595
f 3585 3607 3595
f 3585 3605 3604
f 3593 3586 3660
f 3730 3660 3586
f 3742 3730 3586
f 3587 3622 3591
f 3587 3634 3622
f 3590 3623 3588
f 3588 3596 3668
f 3588 3702 3596
f 3588 3623 3702
f 3599 3589 3613
f 3613 3589 3614
f 3594 3729 3590
f 3590 3729 3623
f 3591 3622 3649
f 3641 3591 3649
f 3591 3641 3674
f 3591 3674 3676
f 3591 3676 3679
f 3592 3610 3607
f 3592 3611 3610
f 3637 3593 3715
f 3744 3593 3660
f 3715 3593 3744
f 3597 3636 3594
f 3594 3636 3729
f 3595 3607 3605
f 3596 3702 3668
f 3598 3691 3597
f 3597 3714 3636
f 3597 3691 3721
f 3597 3721 3714
f 3600 3665 3598
f 3665 3691 3598
f 3606 3599 3612
f 3612 3599 3613
f 3603 3699 3600
f 3600 3699 3665
f 3637 3642 3601
f 3892 3602 3618
f 3892 3661 3602
f 3619 3664 3603
f 3664 3716 3603
f 3603 3716 3699
f 3604 3605 3609
f 3662 3604 3609
f 3605 3607 3608
f 3609 3605 3608
f 3606 3612 3611
f 3608 3607 3646
f 3607 3610 3632
f 3607 3632 3654
f 3607 3654 3646
f 3609 3608 3645
f 3645 3608 3646
f 3609 3645 4125
f 3662 3609 4125
f 3633 3610 3611
f 3632 3610 3629
f 3633 3629 3610
f 3611 3612 3620
f 3631 3611 3620
f 3644 3611 3631
f 3633 3611 3644
f 3620 3612 3613
f 3627 3613 3614
f 3620 3613 3627
f 3621 3614 3615
f 3640 3614 3621
f 3640 3627 3614
f 3621 3615 3616
f 3616 3617 3626
f 3621 3616 3625
f 3625 3616 3626
f 3626 3617 3659
f 3659 3617 3672
f 3672 3617 3703
f 3800 3892 3618
f 3624 3688 3619
f 3664 3619 3694
f 3619 3688 3694
f 3644 3620 3627
f 3644 3631 3620
f 3621 3625 3640
f 3622 3634 3648
f 3651 3622 3648
f 3649 3622 3651
f 3623 3729 3702
f 3624 3643 3653
f 3643 3624 4089
f 3653 3677 3624
f 3677 3688 3624
f 3659 3625 3626
f 3640 3625 3672
f 3672 3625 3659
f 3640 3635 3627
f 3635 3647 3627
f 3644 3627 3647
f 3682 3696 3628
f 3632 3629 3633
f 3670 3630 3681
f 3654 3632 3633
f 3633 3644 3655
f 3654 3633 3655
f 3648 3634 3794
f 3841 3634 3652
f 3794 3634 3841
f 3650 3635 3640
f 3647 3635 3650
f 3636 3714 3729
f 3642 3637 3736
f 3745 3637 3715
f 3745 3736 3637
f 3639 3777 3785
f 3650 3640 3672
f 3641 3649 3856
f 3674 3641 3856
f 3642 3751 3682
f 3736 3748 3642
f 3748 3751 3642
f 3643 3678 3653
f 3643 4137 3678
f 3643 4089 4137
f 3644 3647 3667
f 3655 3644 3667
f 3645 3646 3719
f 3645 3719 4125
f 3718 3646 3654
f 3719 3646 3718
f 3647 3650 3675
f 3667 3647 3669
f 3647 3675 3669
f 3651 3648 3794
f 3649 3651 3794
f 3649 3794 3856
f 3685 3650 3672
f 3650 3685 3675
f 3652 3673 3684
f 3835 3652 3684
f 3841 3652 3835
f 3678 3677 3653
f 3713 3654 3655
f 3718 3654 3713
f 3655 3667 3706
f 3707 3655 3706
f 3713 3655 3707
f 3671 3656 3680
f 3757 3658 3657
f 3757 3657 3738
f 3757 3697 3658
f 3744 3660 3730
f 3892 3687 3661
f 3662 3785 3777
f 3662 3803 3785
f 3662 3840 3803
f 3662 3949 3840
f 3662 3957 3949
f 3662 4130 3957
f 4125 4163 3662
f 4163 4130 3662
f 3663 3704 3786
f 3664 3694 3716
f 3665 3721 3691
f 3665 3699 3717
f 3721 3665 3717
f 3666 3700 3698
f 3690 3667 3669
f 3667 3690 3710
f 3706 3667 3712
f 3667 3710 3712
f 3668 3702 3746
f 3746 3749 3668
f 3669 3675 3683
f 3708 3669 3683
f 3690 3669 3710
f 3709 3669 3708
f 3710 3669 3709
f 3670 3681 3673
f 3680 3740 3671
f 3740 3742 3671
f 3685 3672 3703
f 3829 3673 3681
f 3793 3684 3673
f 3793 3673 3831
f 3831 3673 3829
f 3674 3856 3676
f 3683 3675 3708
f 3675 3685 3695
f 3675 3695 3708
f 3679 3676 3856
f 3678 3688 3677
f 3693 3688 3678
f 4137 3693 3678
f 3679 3786 3704
f 3679 3856 3786
f 3681 3698 3823
f 3790 3681 3823
f 3829 3681 3790
f 3696 3682 3689
f 3751 3689 3682
f 3684 3793 3835
f 3685 3703 3695
f 3686 3692 3782
f 3735 3686 3782
f 3892 3743 3687
f 3693 3770 3688
f 3701 3694 3688
f 3688 3769 3701
f 3688 3770 3769
f 3752 3696 3689
f 3752 3689 3751
f 3692 3697 3734
f 3692 3734 3782
f 3770 3693 4211
f 4156 3693 4137
f 4209 3693 4156
f 4211 3693 4209
f 3701 3711 3694
f 3711 3716 3694
f 3695 3703 3705
f 3708 3695 3705
f 3731 3723 3696
f 3752 3731 3696
f 3734 3697 3796
f 3697 3757 3796
f 3698 3700 3826
f 3823 3698 3826
f 3699 3716 3717
f 3754 3700 3720
f 3826 3700 3754
f 3701 3769 3711
f 3729 3746 3702
f 3703 3733 3705
f 3703 3771 3733
f 3703 3779 3771
f 3773 4103 3703
f 3703 3830 3779
f 3703 4076 3830
f 4080 4076 3703
f 3703 4103 4080
f 3708 3705 3811
f 3705 3733 3791
f 3705 3791 3833
f 3705 3833 3811
f 3707 3706 3712
f 3707 3712 3713
f 3708 3724 3709
f 3724 3708 3741
f 3708 3811 3741
f 3709 3816 3710
f 3709 3724 3816
f 3710 3722 3712
f 3710 3814 3722
f 3710 3815 3814
f 3710 3816 3815
f 3711 3750 3716
f 3711 3769 3750
f 3713 3712 3797
f 3712 3722 3814
f 3712 3814 3797
f 3718 3713 3781
f 3713 3797 3781
f 3721 3729 3714
f 3745 3715 3744
f 3716 3761 3717
f 3716 3750 3728
f 3728 3761 3716
f 3717 3768 3721
f 3761 3768 3717
f 3719 3718 3725
f 3718 3776 3725
f 3718 3760 3776
f 3760 3718 3781
f 3719 3725 4125
f 3720 3726 3737
f 3759 3720 3737
f 3787 3754 3720
f 3787 3720 3759
f 3721 3766 3729
f 3721 3732 3766
f 3721 3767 3732
f 3721 3768 3767
f 3753 3723 3731
f 3738 3723 3756
f 3755 3723 3753
f 3756 3723 3755
f 3724 3741 3816
f 4125 3725 3776
f 3821 3737 3726
f 3726 3785 3803
f 3821 3726 3803
f 3727 3763 3928
f 3727 3928 3800
f 3750 3768 3728
f 3768 3761 3728
f 3765 3746 3729
f 3766 3765 3729
f 3744 3730 3742
f 3753 3731 3752
f 3767 3766 3732
f 3733 3771 3868
f 3733 3868 3791
f 3782 3734 3796
f 3748 3736 3745
f 3821 3759 3737
f 3757 3738 3756
f 3740 3739 3762
f 3739 3743 3747
f 3762 3739 3747
f 3900 3742 3740
f 3740 3762 4133
f 4010 3900 3740
f 4010 3740 4133
f 3741 3811 3836
f 3741 3837 3816
f 3741 3836 3837
f 3932 3744 3742
f 4010 3742 3900
f 3932 3742 4010
f 3747 3743 4133
f 3743 3892 4133
f 3745 3744 3828
f 3932 3828 3744
f 3906 3748 3745
f 3906 3745 3828
f 3746 3758 3749
f 3765 3758 3746
f 3762 3747 4133
f 3748 3798 3751
f 3853 3798 3748
f 3853 3748 3906
f 3758 3764 3749
f 3764 3763 3749
f 3769 3768 3750
f 3810 3752 3751
f 3810 3751 3798
f 3753 3752 3810
f 3789 3755 3753
f 3789 3753 3810
f 3754 3787 3824
f 3754 3824 3826
f 3756 3755 3772
f 3772 3755 3775
f 3775 3755 3789
f 3757 3756 3772
f 4111 3757 3772
f 3796 3757 4111
f 3765 3764 3758
f 3787 3759 3822
f 3822 3759 3821
f 3760 3781 3776
f 3764 3774 3763
f 3774 3778 3763
f 3778 3808 3763
f 3808 3812 3763
f 3812 3867 3763
f 3867 3907 3763
f 3907 3928 3763
f 3765 3780 3764
f 3764 3780 3774
f 3765 3766 3783
f 3765 3783 3780
f 3766 3767 3784
f 3766 3784 3783
f 3767 3768 3788
f 3767 3788 3784
f 3769 3795 3768
f 3768 3795 3788
f 3769 3770 3805
f 3769 3805 3795
f 3770 3792 3805
f 3792 3770 4211
f 3779 3868 3771
f 3817 3772 3775
f 3817 3885 3772
f 3885 4111 3772
f 3773 4068 4108
f 3773 4108 4103
f 3774 3820 3778
f 3774 3780 3799
f 3774 3799 3877
f 3774 3801 3820
f 3801 3774 3881
f 3774 3877 3881
f 3902 3775 3789
f 3902 3817 3775
f 3776 3781 3813
f 4125 3776 3813
f 3778 3859 3808
f 3778 3820 3859
f 3830 3989 3779
f 3779 3989 3868
f 3783 3850 3780
f 3799 3780 3804
f 3861 3804 3780
f 3861 3780 3827
f 3780 3870 3827
f 3780 3850 3870
f 3781 3797 3862
f 3806 3781 3842
f 3781 3806 3896
f 3813 3781 3896
f 3842 3781 3862
f 3784 3866 3783
f 3783 3866 3850
f 3788 3865 3784
f 3784 3865 3866
f 3786 3856 4121
f 3786 4121 4068
f 3787 3822 3824
f 3788 3795 3863
f 3863 3865 3788
f 4113 3789 3810
f 4113 3902 3789
f 3790 3823 3826
f 3790 3826 3829
f 3791 3868 3833
f 3792 3807 3805
f 3807 3792 4229
f 3792 4211 4229
f 3793 3831 3835
f 3856 3794 3841
f 3805 3809 3795
f 3795 3809 3852
f 3795 3860 3834
f 3795 3834 3863
f 3795 3852 3860
f 4089 3796 4104
f 4104 3796 4111
f 3872 3802 3797
f 3887 3797 3802
f 3797 3814 3872
f 3862 3797 3864
f 3864 3797 3889
f 3797 3887 3889
f 3810 3798 3818
f 3818 3798 3853
f 3804 3877 3799
f 3800 4134 3892
f 3928 4134 3800
f 3801 3881 3820
f 3872 3869 3802
f 3887 3802 3869
f 3821 3803 3843
f 3803 3840 3843
f 3877 3804 3861
f 3807 3839 3805
f 3805 3855 3809
f 3805 3839 3855
f 3896 3806 3842
f 3839 3807 4229
f 3808 3858 3812
f 3859 3858 3808
f 3809 3855 3852
f 3818 3819 3810
f 3819 4113 3810
f 3811 3833 3832
f 3838 3811 3832
f 3836 3811 3838
f 3858 3898 3812
f 3812 3907 3867
f 3812 3898 3907
f 3813 3896 3897
f 3813 3897 4125
f 3814 3815 3825
f 3874 3814 3825
f 3874 3872 3814
f 3815 3816 3825
f 3825 3816 3880
f 3816 3837 3880
f 3902 3885 3817
f 4070 3819 3818
f 3875 3818 3853
f 3875 4070 3818
f 4070 4122 3819
f 4122 4113 3819
f 3820 3894 3859
f 3881 3894 3820
f 3822 3821 3844
f 3821 3843 3844
f 3824 3822 3845
f 3845 3822 3844
f 3824 3845 3826
f 3874 3825 3883
f 3882 3825 3880
f 3825 3882 3883
f 3829 3826 3846
f 3826 3845 3846
f 3861 3827 3873
f 3870 3871 3827
f 3873 3827 3871
f 3906 3828 3932
f 3831 3829 3848
f 3829 3846 3847
f 3829 3847 3848
f 3830 3960 3989
f 3830 4076 3960
f 3835 3831 3849
f 3849 3831 3848
f 3832 3833 3838
f 3833 3868 3838
f 3860 3863 3834
f 3841 3835 3851
f 3851 3835 3849
f 3836 3838 3837
f 3837 3838 3878
f 3880 3837 3878
f 3838 3868 3854
f 3838 3854 3878
f 4326 3855 3839
f 3839 4229 4244
f 3839 4244 4280
f 4326 3839 4280
f 3888 3843 3840
f 3840 3901 3888
f 3840 3915 3901
f 3840 3949 3915
f 3841 3851 3856
f 3842 3862 3893
f 3896 3842 3893
f 3843 3857 3844
f 3857 3843 3888
f 3845 3844 4035
f 3857 4105 3844
f 3844 4105 4035
f 3845 3975 3846
f 3845 4035 3975
f 3847 3846 4030
f 3846 3975 4030
f 3847 3966 3848
f 3847 4030 3966
f 3849 3848 3899
f 3899 3848 4062
f 4062 3848 3966
f 3895 3851 3849
f 3895 3849 3950
f 3849 3899 3950
f 3866 3870 3850
f 3851 3895 3856
f 3855 3860 3852
f 4124 3875 3853
f 3906 4124 3853
f 3854 3868 3876
f 3854 3876 3878
f 3891 3860 3855
f 4326 3891 3855
f 3895 3990 3856
f 3990 4120 3856
f 4120 4121 3856
f 3857 3888 4100
f 4100 4105 3857
f 3859 3894 3858
f 3894 3898 3858
f 3860 3905 3863
f 3891 3904 3860
f 3904 3905 3860
f 3873 3877 3861
f 3862 3864 3893
f 3910 3865 3863
f 3905 3910 3863
f 3893 3864 3889
f 3926 3866 3865
f 3910 3926 3865
f 3940 3870 3866
f 3937 3919 3866
f 3938 3866 3919
f 3926 3937 3866
f 3940 3866 3938
f 3876 3868 3934
f 3934 3868 3936
f 3936 3868 3939
f 3868 3989 3939
f 3869 3872 3886
f 3869 3886 3887
f 3879 3871 3870
f 3940 3879 3870
f 3879 3873 3871
f 3872 3874 3884
f 3886 3872 3884
f 3947 3877 3873
f 3879 3947 3873
f 3884 3874 3883
f 4123 4070 3875
f 4123 3875 4124
f 3876 3933 3878
f 3933 3876 3934
f 3941 3881 3877
f 3947 3941 3877
f 3890 3880 3878
f 3908 3890 3878
f 3878 3933 3908
f 3940 3947 3879
f 3920 3882 3880
f 3890 3929 3880
f 3929 3920 3880
f 3988 3894 3881
f 3944 3881 3941
f 3961 3881 3944
f 3988 3881 3961
f 3927 3883 3882
f 3929 3882 3920
f 3929 3927 3882
f 3884 3883 3927
f 3924 3886 3884
f 3924 3884 3925
f 3925 3884 3927
f 4113 3885 3902
f 4111 3885 4113
f 3911 3887 3886
f 3924 3911 3886
f 3909 3889 3887
f 3909 3887 3911
f 3888 3901 3922
f 3965 3888 3922
f 3965 4057 3888
f 4057 4100 3888
f 3921 3893 3889
f 3923 3889 3909
f 3921 3889 3923
f 3908 3929 3890
f 3905 3904 3891
f 3971 3905 3891
f 3971 3891 4326
f 4133 3892 4134
f 3912 3896 3893
f 3918 3912 3893
f 3918 3893 3921
f 3894 4005 3898
f 3988 4005 3894
f 3895 3950 3990
f 3917 3897 3896
f 3912 3918 3896
f 3917 3896 3918
f 3917 3903 3897
f 3897 3903 4125
f 3907 3898 3987
f 3898 3914 3987
f 3898 4005 3914
f 3950 3899 3995
f 3899 4062 3995
f 3901 3915 4057
f 3922 3901 4057
f 3916 3903 3917
f 3903 3916 4125
f 3913 3910 3905
f 3972 3913 3905
f 3971 3972 3905
f 3931 3906 3932
f 3931 4124 3906
f 3907 3969 3928
f 3969 3907 3987
f 3933 3929 3908
f 3923 3909 3911
f 3913 3952 3910
f 3910 3937 3926
f 3910 3980 3937
f 3952 3974 3910
f 3974 3980 3910
f 3924 3923 3911
f 3913 3972 3952
f 3914 4005 3987
f 3915 3949 3957
f 4057 3915 3957
f 3953 3916 3917
f 3953 3946 3916
f 3916 3946 4125
f 3918 3953 3917
f 3918 3921 3942
f 3967 3918 3942
f 3918 3964 3953
f 3967 3964 3918
f 3938 3919 3937
f 3921 3923 3930
f 3942 3921 3930
f 3965 3922 4057
f 3923 3924 3970
f 4003 3930 3923
f 4003 3923 3970
f 3924 3925 3935
f 3943 3924 3935
f 3970 3924 3943
f 3925 3927 3951
f 3951 3935 3925
f 3927 3929 3959
f 3951 3927 3959
f 3969 4146 3928
f 3928 4167 4134
f 4146 4167 3928
f 3936 3929 3933
f 3929 3936 3945
f 3959 3929 3945
f 4003 3942 3930
f 3932 4126 3931
f 4124 3931 4126
f 4010 3996 3932
f 3996 4127 3932
f 4126 3932 4127
f 3936 3933 3934
f 3943 3935 4018
f 3968 3935 3951
f 3935 3968 4014
f 3935 4014 4018
f 3936 3939 3956
f 3945 3936 3978
f 3978 3936 3956
f 3937 3955 3938
f 3937 3980 3955
f 3938 3948 3940
f 3938 3955 3948
f 3939 4024 3956
f 3939 3989 4072
f 3939 4055 4024
f 3939 4056 4055
f 4056 3939 4110
f 3939 4072 4110
f 3940 3983 3947
f 3948 3982 3940
f 3982 3983 3940
f 3961 3944 3941
f 3961 3941 3947
f 3979 3967 3942
f 3979 3942 4003
f 3970 3943 4018
f 3959 3945 3999
f 3977 3945 3978
f 3981 3945 3977
f 3945 3981 3999
f 3954 3946 3953
f 4402 3946 3954
f 4125 3946 4357
f 4382 4357 3946
f 4402 4382 3946
f 3983 3961 3947
f 3955 3982 3948
f 3950 3995 3990
f 3968 3951 3959
f 3972 3974 3952
f 3954 3953 3958
f 3958 3953 3962
f 3962 3953 3964
f 3954 3958 4402
f 3980 3982 3955
f 3956 3963 3985
f 3963 3956 3994
f 3978 3956 3985
f 3956 4024 3994
f 4057 3957 4112
f 3957 4106 4112
f 3957 4130 4106
f 3958 3962 4023
f 4036 3958 4023
f 4036 4402 3958
f 3968 3959 4014
f 4014 3959 3999
f 3960 4109 3989
f 4076 4109 3960
f 3983 3976 3961
f 3976 3986 3961
f 3986 3988 3961
f 3962 3964 3979
f 4017 3962 3979
f 4021 3962 4017
f 3962 4021 4023
f 3963 3994 3985
f 3979 3964 3967
f 3966 4030 4083
f 3966 4083 4062
f 3987 4085 3969
f 4085 4146 3969
f 3998 4003 3970
f 3998 3970 4018
f 4008 3972 3971
f 4001 3971 3973
f 3973 3971 4326
f 4001 4008 3971
f 3972 4022 3974
f 3972 4002 4022
f 3972 4027 4002
f 4008 4027 3972
f 4457 4001 3973
f 4375 3973 4326
f 4389 3973 4375
f 4389 4406 3973
f 4406 4457 3973
f 3984 3980 3974
f 3991 3984 3974
f 4004 3991 3974
f 4016 4004 3974
f 4022 4016 3974
f 4035 4030 3975
f 3983 3986 3976
f 3977 3978 3981
f 3981 3978 4054
f 3978 3985 4040
f 3978 4040 4054
f 3993 3979 4003
f 4021 3979 3993
f 4017 3979 4021
f 4012 3982 3980
f 3984 4012 3980
f 3999 3981 4026
f 3981 4054 4026
f 3982 4009 3983
f 3982 4007 4009
f 4012 4007 3982
f 3983 3992 3986
f 3983 4006 3992
f 4009 4006 3983
f 3984 3991 4012
f 3985 3994 4040
f 3997 3988 3986
f 3992 4006 3986
f 4006 3997 3986
f 4005 4085 3987
f 4000 3988 3997
f 4011 3988 4000
f 4034 4005 3988
f 4011 4015 3988
f 4013 3988 4015
f 4013 4034 3988
f 3989 4109 4072
f 3995 4119 3990
f 3990 4119 4120
f 4004 4028 3991
f 4028 4012 3991
f 3993 4003 4020
f 4021 3993 4020
f 4040 3994 4024
f 3995 4062 4119
f 4010 4127 3996
f 3997 4011 4000
f 4006 4048 3997
f 3997 4048 4011
f 4003 3998 4018
f 3999 4038 4014
f 3999 4026 4038
f 4001 4041 4008
f 4001 4471 4041
f 4457 4471 4001
f 4002 4032 4022
f 4027 4032 4002
f 4003 4018 4019
f 4020 4003 4019
f 4004 4016 4028
f 4034 4101 4005
f 4005 4176 4085
f 4101 4176 4005
f 4031 4006 4009
f 4031 4048 4006
f 4012 4009 4007
f 4008 4037 4027
f 4041 4037 4008
f 4046 4009 4012
f 4047 4031 4009
f 4046 4047 4009
f 4067 4127 4010
f 4067 4010 4133
f 4050 4015 4011
f 4050 4011 4048
f 4029 4012 4028
f 4045 4012 4029
f 4046 4012 4045
f 4050 4013 4015
f 4050 4034 4013
f 4014 4025 4018
f 4014 4038 4025
f 4022 4028 4016
f 4018 4049 4019
f 4018 4025 4059
f 4018 4097 4049
f 4018 4059 4078
f 4018 4078 4097
f 4019 4053 4020
f 4019 4049 4053
f 4020 4079 4021
f 4020 4053 4079
f 4023 4021 4099
f 4021 4079 4052
f 4021 4052 4099
f 4022 4033 4028
f 4022 4032 4033
f 4023 4082 4036
f 4023 4099 4082
f 4040 4024 4055
f 4025 4038 4093
f 4059 4025 4096
f 4025 4093 4096
f 4026 4054 4038
f 4027 4033 4032
f 4027 4037 4033
f 4044 4029 4028
f 4044 4028 4033
f 4045 4029 4044
f 4035 4116 4030
f 4030 4116 4083
f 4047 4048 4031
f 4037 4044 4033
f 4050 4102 4034
f 4034 4102 4101
f 4035 4105 4116
f 4071 4036 4082
f 4071 4447 4036
f 4036 4403 4402
f 4427 4403 4036
f 4427 4036 4447
f 4039 4037 4041
f 4039 4043 4037
f 4043 4044 4037
f 4038 4054 4092
f 4093 4038 4092
f 4043 4039 4041
f 4040 4091 4054
f 4055 4091 4040
f 4043 4041 4042
f 4042 4041 4051
f 4041 4471 4051
f 4051 4043 4042
f 4043 4090 4044
f 4066 4043 4051
f 4066 4099 4043
f 4099 4090 4043
f 4090 4045 4044
f 4045 4058 4046
f 4045 4069 4058
f 4090 4069 4045
f 4046 4064 4047
f 4058 4073 4046
f 4065 4064 4046
f 4073 4065 4046
f 4047 4063 4048
f 4064 4063 4047
f 4063 4050 4048
f 4053 4049 4061
f 4049 4060 4061
f 4049 4097 4060
f 4063 4088 4050
f 4088 4092 4050
f 4092 4091 4050
f 4091 4154 4050
f 4050 4154 4102
f 4077 4066 4051
f 4051 4471 4077
f 4052 4079 4099
f 4053 4061 4098
f 4079 4053 4098
f 4054 4091 4092
f 4056 4091 4055
f 4091 4056 4110
f 4100 4057 4114
f 4057 4112 4114
f 4069 4073 4058
f 4078 4059 4096
f 4061 4060 4097
f 4098 4061 4097
f 4083 4117 4062
f 4062 4117 4118
f 4062 4118 4119
f 4064 4093 4063
f 4063 4075 4088
f 4063 4093 4075
f 4065 4074 4064
f 4064 4074 4093
f 4073 4097 4065
f 4065 4096 4074
f 4097 4096 4065
f 4077 4087 4066
f 4087 4099 4066
f 4067 4129 4127
f 4129 4067 4133
f 4068 4203 4108
f 4121 4184 4068
f 4068 4184 4215
f 4068 4208 4203
f 4208 4068 4215
f 4090 4073 4069
f 4122 4070 4123
f 4071 4082 4081
f 4071 4081 4536
f 4536 4447 4071
f 4109 4214 4072
f 4110 4072 4128
f 4072 4196 4128
f 4072 4231 4196
f 4072 4214 4231
f 4090 4098 4073
f 4098 4097 4073
f 4074 4096 4093
f 4075 4093 4088
f 4080 4103 4076
f 4103 4109 4076
f 4084 4087 4077
f 4084 4077 4094
f 4094 4077 4491
f 4077 4471 4480
f 4480 4491 4077
f 4078 4096 4097
f 4086 4079 4098
f 4079 4086 4099
f 4094 4081 4082
f 4536 4081 4094
f 4094 4082 4095
f 4082 4099 4095
f 4116 4117 4083
f 4084 4095 4087
f 4084 4094 4095
f 4146 4085 4170
f 4085 4176 4170
f 4086 4098 4099
f 4095 4099 4087
f 4093 4092 4088
f 4104 4137 4089
f 4099 4098 4090
f 4091 4110 4154
f 4536 4094 4491
f 4105 4100 4115
f 4115 4100 4114
f 4102 4107 4101
f 4107 4176 4101
f 4162 4107 4102
f 4154 4162 4102
f 4103 4108 4109
f 4155 4104 4111
f 4155 4137 4104
f 4105 4115 4116
f 4112 4106 4163
f 4106 4130 4163
f 4162 4176 4107
f 4108 4230 4109
f 4203 4230 4108
f 4109 4230 4214
f 4110 4128 4154
f 4151 4111 4113
f 4151 4131 4111
f 4131 4155 4111
f 4112 4142 4114
f 4142 4112 4222
f 4112 4163 4216
f 4222 4112 4216
f 4122 4145 4113
f 4147 4113 4145
f 4147 4151 4113
f 4114 4138 4115
f 4114 4142 4138
f 4115 4149 4116
f 4115 4138 4149
f 4116 4158 4117
f 4116 4149 4175
f 4116 4192 4158
f 4116 4175 4193
f 4116 4193 4192
f 4117 4139 4118
f 4117 4158 4139
f 4118 4150 4119
f 4118 4139 4150
f 4120 4119 4161
f 4119 4150 4161
f 4120 4165 4121
f 4120 4161 4166
f 4120 4166 4165
f 4165 4186 4121
f 4121 4213 4184
f 4186 4198 4121
f 4198 4201 4121
f 4121 4201 4213
f 4123 4132 4122
f 4132 4145 4122
f 4135 4123 4124
f 4144 4132 4123
f 4144 4123 4135
f 4126 4143 4124
f 4143 4135 4124
f 4125 4216 4163
f 4125 4222 4216
f 4125 4232 4222
f 4125 4238 4232
f 4125 4253 4238
f 4125 4305 4253
f 4308 4305 4125
f 4125 4357 4308
f 4140 4126 4127
f 4141 4126 4140
f 4141 4143 4126
f 4140 4127 4129
f 4128 4246 4154
f 4196 4246 4128
f 4136 4129 4133
f 4136 4140 4129
f 4151 4155 4131
f 4145 4132 4144
f 4207 4133 4134
f 4136 4133 4164
f 4164 4133 4188
f 4188 4133 4199
f 4199 4133 4206
f 4206 4133 4217
f 4217 4133 4207
f 4195 4134 4167
f 4195 4197 4134
f 4197 4207 4134
f 4143 4144 4135
f 4140 4136 4152
f 4160 4152 4136
f 4160 4136 4173
f 4173 4136 4164
f 4155 4156 4137
f 4138 4142 4153
f 4138 4153 4149
f 4139 4158 4150
f 4141 4140 4148
f 4148 4140 4152
f 4143 4141 4182
f 4182 4141 4148
f 4142 4222 4153
f 4144 4143 4185
f 4191 4143 4182
f 4185 4143 4202
f 4202 4143 4191
f 4221 4145 4144
f 4185 4172 4144
f 4221 4144 4172
f 4159 4147 4145
f 4159 4145 4174
f 4174 4145 4221
f 4146 4168 4167
f 4146 4170 4168
f 4200 4151 4147
f 4205 4147 4159
f 4210 4200 4147
f 4210 4147 4205
f 4191 4148 4152
f 4182 4148 4191
f 4187 4149 4153
f 4175 4149 4233
f 4233 4149 4187
f 4158 4178 4150
f 4150 4171 4161
f 4150 4178 4171
f 4169 4155 4151
f 4190 4151 4157
f 4200 4157 4151
f 4189 4169 4151
f 4189 4151 4190
f 4191 4152 4160
f 4187 4153 4232
f 4153 4222 4232
f 4154 4194 4162
f 4154 4246 4194
f 4209 4156 4155
f 4209 4155 4169
f 4190 4157 4200
f 4178 4158 4219
f 4183 4158 4218
f 4158 4183 4219
f 4158 4192 4218
f 4205 4159 4174
f 4191 4160 4173
f 4161 4171 4166
f 4162 4179 4176
f 4179 4162 4194
f 4173 4164 4177
f 4177 4164 4180
f 4180 4164 4188
f 4165 4166 4224
f 4165 4224 4186
f 4166 4171 4178
f 4178 4224 4166
f 4168 4181 4167
f 4181 4195 4167
f 4168 4170 4234
f 4168 4234 4181
f 4209 4169 4189
f 4176 4275 4170
f 4170 4275 4234
f 4185 4221 4172
f 4173 4177 4285
f 4191 4173 4273
f 4173 4266 4273
f 4266 4173 4285
f 4205 4174 4228
f 4228 4174 4221
f 4193 4175 4233
f 4179 4194 4176
f 4176 4194 4258
f 4176 4258 4275
f 4180 4288 4177
f 4177 4288 4285
f 4178 4219 4239
f 4178 4227 4224
f 4178 4240 4227
f 4178 4239 4240
f 4269 4180 4188
f 4269 4288 4180
f 4257 4195 4181
f 4234 4257 4181
f 4183 4218 4235
f 4219 4183 4237
f 4183 4235 4236
f 4237 4183 4236
f 4213 4220 4184
f 4184 4247 4215
f 4220 4247 4184
f 4202 4221 4185
f 4186 4224 4198
f 4187 4232 4233
f 4199 4315 4188
f 4315 4269 4188
f 4212 4189 4190
f 4223 4209 4189
f 4212 4223 4189
f 4223 4190 4200
f 4223 4212 4190
f 4252 4202 4191
f 4191 4226 4204
f 4268 4191 4204
f 4191 4282 4226
f 4268 4252 4191
f 4191 4273 4281
f 4191 4281 4282
f 4192 4193 4233
f 4218 4192 4235
f 4192 4233 4235
f 4194 4246 4258
f 4197 4195 4207
f 4207 4195 4317
f 4195 4257 4317
f 4225 4196 4231
f 4196 4225 4246
f 4198 4243 4201
f 4224 4243 4198
f 4206 4321 4199
f 4321 4315 4199
f 4250 4200 4210
f 4250 4223 4200
f 4201 4243 4213
f 4256 4221 4202
f 4267 4202 4252
f 4256 4202 4267
f 4203 4208 4215
f 4203 4215 4230
f 4274 4204 4226
f 4268 4204 4274
f 4210 4205 4250
f 4205 4228 4250
f 4320 4206 4217
f 4320 4321 4206
f 4317 4217 4207
f 4209 4223 4211
f 4245 4211 4223
f 4245 4229 4211
f 4213 4303 4220
f 4243 4303 4213
f 4230 4370 4214
f 4214 4329 4231
f 4370 4329 4214
f 4215 4303 4230
f 4247 4303 4215
f 4320 4217 4317
f 4219 4237 4239
f 4220 4303 4247
f 4254 4228 4221
f 4254 4221 4256
f 4245 4223 4248
f 4223 4250 4248
f 4224 4227 4241
f 4224 4241 4242
f 4224 4242 4243
f 4225 4231 4246
f 4274 4226 4282
f 4227 4240 4241
f 4250 4228 4254
f 4244 4229 4245
f 4230 4303 4370
f 4231 4445 4246
f 4329 4445 4231
f 4232 4238 4233
f 4233 4265 4235
f 4233 4238 4259
f 4233 4259 4265
f 4275 4257 4234
f 4235 4251 4236
f 4235 4283 4251
f 4265 4283 4235
f 4236 4251 4237
f 4239 4237 4255
f 4237 4251 4255
f 4289 4238 4253
f 4238 4265 4259
f 4265 4238 4298
f 4298 4238 4289
f 4239 4260 4240
f 4239 4255 4291
f 4239 4291 4260
f 4241 4240 4300
f 4240 4260 4284
f 4240 4284 4300
f 4241 4249 4242
f 4241 4277 4249
f 4241 4276 4277
f 4241 4312 4276
f 4241 4300 4312
f 4242 4249 4243
f 4249 4277 4243
f 4277 4312 4243
f 4243 4312 4303
f 4280 4244 4245
f 4245 4248 4261
f 4280 4245 4261
f 4246 4445 4258
f 4293 4248 4250
f 4270 4261 4248
f 4287 4270 4248
f 4293 4287 4248
f 4250 4254 4262
f 4292 4250 4262
f 4325 4250 4292
f 4293 4250 4325
f 4251 4286 4255
f 4251 4283 4286
f 4267 4252 4268
f 4253 4296 4289
f 4253 4295 4296
f 4253 4305 4295
f 4262 4254 4256
f 4286 4291 4255
f 4263 4262 4256
f 4263 4256 4267
f 4275 4272 4257
f 4257 4272 4317
f 4258 4352 4275
f 4258 4445 4352
f 4260 4294 4284
f 4260 4291 4294
f 4287 4261 4270
f 4280 4261 4287
f 4264 4262 4263
f 4264 4292 4262
f 4292 4264 4263
f 4263 4267 4278
f 4279 4263 4278
f 4325 4263 4279
f 4325 4292 4263
f 4265 4304 4283
f 4265 4298 4304
f 4273 4266 4285
f 4267 4268 4279
f 4278 4267 4279
f 4274 4271 4268
f 4279 4268 4271
f 4288 4269 4315
f 4290 4271 4274
f 4279 4271 4290
f 4275 4360 4272
f 4272 4360 4317
f 4282 4281 4273
f 4282 4273 4301
f 4301 4273 4285
f 4309 4274 4282
f 4302 4290 4274
f 4302 4274 4309
f 4455 4275 4352
f 4455 4360 4275
f 4276 4312 4277
f 4290 4328 4279
f 4328 4325 4279
f 4326 4280 4287
f 4282 4301 4365
f 4309 4282 4365
f 4283 4306 4286
f 4283 4304 4306
f 4284 4294 4300
f 4301 4285 4288
f 4307 4291 4286
f 4286 4306 4307
f 4287 4293 4372
f 4326 4287 4373
f 4373 4287 4372
f 4301 4288 4315
f 4289 4296 4297
f 4289 4297 4298
f 4339 4290 4302
f 4349 4328 4290
f 4339 4349 4290
f 4291 4299 4294
f 4299 4291 4307
f 4293 4325 4371
f 4372 4293 4371
f 4294 4299 4300
f 4296 4295 4311
f 4295 4305 4311
f 4296 4311 4297
f 4297 4314 4298
f 4297 4311 4314
f 4298 4316 4304
f 4298 4314 4313
f 4298 4313 4316
f 4300 4299 4310
f 4299 4307 4310
f 4300 4310 4312
f 4301 4315 4360
f 4301 4360 4363
f 4365 4301 4363
f 4339 4302 4309
f 4312 4361 4303
f 4361 4486 4303
f 4370 4303 4397
f 4303 4486 4397
f 4304 4324 4306
f 4304 4316 4323
f 4304 4323 4319
f 4319 4324 4304
f 4311 4305 4308
f 4306 4327 4307
f 4324 4327 4306
f 4307 4331 4310
f 4307 4327 4330
f 4307 4330 4331
f 4311 4308 4343
f 4308 4347 4343
f 4308 4357 4347
f 4350 4339 4309
f 4350 4309 4365
f 4310 4318 4312
f 4310 4331 4318
f 4311 4343 4314
f 4312 4318 4322
f 4312 4322 4379
f 4312 4380 4361
f 4312 4379 4380
f 4314 4316 4313
f 4314 4342 4316
f 4314 4343 4342
f 4360 4315 4321
f 4316 4341 4323
f 4316 4342 4341
f 4360 4320 4317
f 4322 4318 4379
f 4318 4331 4379
f 4319 4323 4324
f 4321 4320 4360
f 4323 4337 4324
f 4323 4341 4337
f 4324 4336 4327
f 4324 4337 4336
f 4325 4328 4369
f 4371 4325 4369
f 4373 4375 4326
f 4327 4334 4330
f 4327 4336 4334
f 4328 4349 4359
f 4367 4328 4359
f 4328 4367 4368
f 4369 4328 4368
f 4370 4445 4329
f 4330 4332 4331
f 4330 4334 4332
f 4331 4332 4333
f 4331 4333 4335
f 4331 4335 4377
f 4331 4377 4364
f 4331 4364 4429
f 4331 4417 4379
f 4331 4429 4417
f 4335 4333 4332
f 4332 4334 4344
f 4335 4332 4344
f 4334 4336 4340
f 4338 4334 4340
f 4344 4334 4338
f 4335 4344 4356
f 4377 4335 4356
f 4337 4355 4336
f 4362 4340 4336
f 4355 4362 4336
f 4337 4341 4345
f 4348 4337 4345
f 4355 4337 4348
f 4351 4338 4340
f 4344 4338 4346
f 4346 4338 4351
f 4349 4339 4350
f 4351 4340 4362
f 4374 4341 4342
f 4362 4345 4341
f 4374 4362 4341
f 4342 4343 4353
f 4378 4342 4353
f 4374 4342 4358
f 4358 4342 4378
f 4343 4347 4378
f 4353 4343 4378
f 4344 4346 4356
f 4348 4345 4355
f 4362 4355 4345
f 4346 4351 4354
f 4346 4354 4356
f 4382 4347 4357
f 4378 4347 4382
f 4349 4350 4366
f 4359 4349 4366
f 4350 4365 4366
f 4354 4351 4376
f 4351 4362 4376
f 4413 4352 4445
f 4413 4452 4352
f 4455 4352 4452
f 4356 4354 4408
f 4408 4354 4376
f 4377 4356 4395
f 4395 4356 4408
f 4374 4358 4378
f 4359 4366 4367
f 4409 4363 4360
f 4412 4409 4360
f 4436 4412 4360
f 4455 4436 4360
f 4361 4380 4392
f 4361 4392 4425
f 4425 4438 4361
f 4438 4440 4361
f 4440 4461 4361
f 4461 4486 4361
f 4362 4374 4384
f 4376 4362 4387
f 4362 4384 4407
f 4387 4362 4407
f 4419 4365 4363
f 4409 4398 4363
f 4398 4419 4363
f 4364 4377 4395
f 4364 4395 4410
f 4364 4410 4411
f 4364 4411 4520
f 4429 4364 4520
f 4426 4366 4365
f 4517 4365 4419
f 4509 4426 4365
f 4509 4365 4517
f 4421 4367 4366
f 4426 4421 4366
f 4367 4388 4368
f 4367 4418 4388
f 4421 4418 4367
f 4368 4388 4369
f 4369 4414 4371
f 4388 4394 4369
f 4394 4414 4369
f 4370 4397 4445
f 4372 4371 4390
f 4371 4391 4390
f 4371 4393 4391
f 4414 4393 4371
f 4372 4389 4373
f 4390 4389 4372
f 4373 4389 4375
f 4374 4378 4386
f 4384 4374 4400
f 4400 4374 4386
f 4407 4376 4387
f 4376 4407 4408
f 4378 4382 4381
f 4386 4378 4381
f 4379 4385 4380
f 4379 4497 4385
f 4379 4417 4497
f 4392 4380 4383
f 4380 4423 4383
f 4380 4385 4399
f 4399 4423 4380
f 4381 4382 4402
f 4386 4381 4401
f 4401 4381 4404
f 4381 4402 4403
f 4404 4381 4403
f 4392 4383 4435
f 4423 4559 4383
f 4383 4559 4435
f 4405 4384 4400
f 4407 4384 4405
f 4399 4385 4496
f 4385 4497 4496
f 4400 4386 4404
f 4404 4386 4401
f 4388 4418 4394
f 4391 4389 4390
f 4406 4389 4391
f 4396 4391 4393
f 4415 4391 4396
f 4415 4406 4391
f 4425 4392 4432
f 4435 4432 4392
f 4416 4396 4393
f 4420 4393 4414
f 4416 4393 4420
f 4418 4414 4394
f 4395 4408 4410
f 4415 4396 4416
f 4397 4458 4445
f 4458 4397 4463
f 4397 4486 4463
f 4419 4398 4409
f 4399 4559 4423
f 4496 4559 4399
f 4400 4404 4405
f 4404 4403 4434
f 4403 4427 4434
f 4404 4434 4405
f 4405 4443 4407
f 4434 4443 4405
f 4428 4406 4415
f 4428 4449 4406
f 4449 4457 4406
f 4407 4456 4408
f 4407 4443 4450
f 4407 4450 4456
f 4408 4466 4410
f 4408 4456 4466
f 4412 4419 4409
f 4410 4431 4411
f 4410 4466 4431
f 4431 4439 4411
f 4439 4568 4411
f 4520 4411 4568
f 4436 4419 4412
f 4452 4413 4445
f 4422 4414 4418
f 4422 4420 4414
f 4416 4428 4415
f 4437 4416 4420
f 4416 4449 4428
f 4441 4416 4437
f 4444 4416 4441
f 4448 4416 4444
f 4448 4449 4416
f 4429 4520 4417
f 4417 4520 4497
f 4421 4422 4418
f 4530 4419 4436
f 4517 4419 4523
f 4523 4419 4530
f 4433 4420 4422
f 4433 4437 4420
f 4424 4422 4421
f 4424 4421 4426
f 4424 4433 4422
f 4430 4424 4426
f 4430 4433 4424
f 4432 4438 4425
f 4430 4426 4459
f 4426 4509 4459
f 4434 4427 4487
f 4427 4447 4490
f 4487 4427 4490
f 4462 4433 4430
f 4453 4430 4459
f 4460 4430 4453
f 4462 4430 4460
f 4431 4467 4439
f 4466 4467 4431
f 4432 4435 4442
f 4442 4438 4432
f 4444 4437 4433
f 4444 4433 4462
f 4443 4434 4487
f 4435 4488 4442
f 4435 4559 4488
f 4451 4446 4436
f 4530 4436 4446
f 4451 4436 4455
f 4444 4441 4437
f 4438 4461 4440
f 4442 4461 4438
f 4467 4563 4439
f 4563 4568 4439
f 4442 4484 4461
f 4442 4501 4484
f 4488 4560 4442
f 4442 4569 4501
f 4560 4569 4442
f 4443 4485 4450
f 4443 4487 4485
f 4454 4448 4444
f 4470 4454 4444
f 4473 4444 4462
f 4473 4470 4444
f 4445 4555 4452
f 4458 4463 4445
f 4463 4500 4445
f 4500 4555 4445
f 4530 4446 4451
f 4536 4490 4447
f 4474 4449 4448
f 4472 4448 4454
f 4474 4448 4472
f 4457 4449 4479
f 4476 4449 4474
f 4479 4449 4476
f 4456 4450 4477
f 4477 4450 4482
f 4450 4485 4482
f 4464 4451 4455
f 4464 4530 4451
f 4452 4478 4455
f 4452 4555 4478
f 4460 4453 4459
f 4472 4454 4470
f 4464 4455 4478
f 4466 4456 4468
f 4468 4456 4477
f 4475 4471 4457
f 4479 4475 4457
f 4459 4495 4460
f 4507 4495 4459
f 4507 4459 4562
f 4459 4509 4611
f 4562 4459 4577
f 4577 4459 4611
f 4460 4465 4462
f 4460 4498 4465
f 4495 4498 4460
f 4461 4484 4481
f 4461 4481 4494
f 4461 4494 4486
f 4465 4547 4462
f 4510 4473 4462
f 4526 4510 4462
f 4535 4526 4462
f 4547 4535 4462
f 4486 4500 4463
f 4555 4464 4478
f 4530 4464 4555
f 4498 4532 4465
f 4532 4547 4465
f 4466 4468 4467
f 4468 4469 4467
f 4467 4469 4558
f 4467 4558 4565
f 4467 4565 4563
f 4468 4477 4469
f 4469 4477 4492
f 4469 4492 4534
f 4469 4534 4542
f 4558 4469 4542
f 4473 4472 4470
f 4480 4471 4475
f 4474 4472 4473
f 4510 4474 4473
f 4474 4506 4476
f 4474 4525 4506
f 4510 4525 4474
f 4480 4475 4479
f 4504 4479 4476
f 4506 4504 4476
f 4477 4482 4483
f 4492 4477 4483
f 4479 4491 4480
f 4479 4516 4491
f 4504 4522 4479
f 4479 4522 4516
f 4484 4529 4481
f 4481 4529 4494
f 4483 4482 4492
f 4485 4508 4482
f 4489 4482 4511
f 4512 4482 4489
f 4482 4512 4492
f 4482 4508 4511
f 4501 4529 4484
f 4487 4503 4485
f 4485 4503 4493
f 4485 4493 4508
f 4494 4502 4486
f 4502 4500 4486
f 4490 4503 4487
f 4559 4560 4488
f 4489 4511 4512
f 4490 4499 4503
f 4536 4499 4490
f 4536 4491 4516
f 4505 4492 4527
f 4534 4492 4505
f 4492 4512 4527
f 4503 4508 4493
f 4494 4555 4502
f 4529 4555 4494
f 4495 4549 4498
f 4558 4495 4507
f 4558 4549 4495
f 4497 4515 4496
f 4515 4533 4496
f 4533 4574 4496
f 4496 4578 4559
f 4574 4576 4496
f 4576 4578 4496
f 4497 4520 4515
f 4498 4549 4532
f 4503 4499 4521
f 4499 4528 4521
f 4536 4528 4499
f 4502 4555 4500
f 4501 4561 4529
f 4501 4569 4561
f 4508 4503 4524
f 4503 4521 4524
f 4506 4525 4504
f 4525 4522 4504
f 4534 4505 4527
f 4558 4507 4566
f 4507 4562 4566
f 4508 4518 4511
f 4508 4524 4518
f 4509 4517 4593
f 4509 4593 4596
f 4509 4596 4615
f 4611 4509 4619
f 4619 4509 4615
f 4510 4535 4525
f 4510 4526 4535
f 4511 4513 4512
f 4511 4518 4513
f 4550 4512 4513
f 4512 4537 4527
f 4537 4512 4540
f 4540 4512 4550
f 4514 4513 4519
f 4514 4550 4513
f 4513 4518 4519
f 4519 4550 4514
f 4520 4533 4515
f 4546 4516 4522
f 4536 4516 4545
f 4546 4545 4516
f 4517 4523 4575
f 4517 4575 4593
f 4519 4518 4544
f 4518 4524 4544
f 4550 4519 4544
f 4533 4520 4574
f 4520 4568 4604
f 4520 4605 4574
f 4613 4520 4604
f 4520 4613 4605
f 4521 4528 4524
f 4531 4522 4525
f 4548 4522 4531
f 4546 4522 4548
f 4530 4572 4523
f 4572 4571 4523
f 4571 4573 4523
f 4575 4523 4573
f 4539 4524 4528
f 4544 4524 4539
f 4525 4548 4531
f 4535 4548 4525
f 4527 4537 4534
f 4539 4528 4536
f 4529 4530 4555
f 4564 4530 4529
f 4561 4564 4529
f 4564 4570 4530
f 4570 4572 4530
f 4549 4547 4532
f 4534 4537 4541
f 4542 4534 4541
f 4551 4535 4547
f 4551 4548 4535
f 4536 4538 4539
f 4536 4545 4538
f 4537 4540 4550
f 4541 4537 4553
f 4537 4550 4553
f 4539 4538 4545
f 4543 4539 4545
f 4539 4543 4546
f 4539 4546 4544
f 4542 4541 4553
f 4542 4553 4556
f 4542 4556 4558
f 4543 4545 4546
f 4544 4546 4548
f 4551 4544 4548
f 4550 4544 4551
f 4549 4557 4547
f 4554 4551 4547
f 4557 4554 4547
f 4552 4557 4549
f 4552 4549 4558
f 4550 4551 4554
f 4553 4550 4554
f 4557 4552 4558
f 4556 4553 4554
f 4556 4554 4557
f 4556 4557 4558
f 4558 4567 4565
f 4558 4566 4567
f 4559 4581 4560
f 4578 4585 4559
f 4559 4584 4581
f 4559 4585 4584
f 4560 4581 4569
f 4569 4564 4561
f 4566 4562 4577
f 4563 4565 4568
f 4569 4570 4564
f 4565 4567 4568
f 4567 4566 4583
f 4566 4577 4607
f 4583 4566 4595
f 4595 4566 4612
f 4610 4566 4607
f 4612 4566 4610
f 4568 4567 4583
f 4568 4583 4594
f 4568 4594 4592
f 4568 4592 4604
f 4570 4569 4590
f 4581 4586 4569
f 4586 4587 4569
f 4587 4589 4569
f 4569 4589 4590
f 4572 4570 4588
f 4588 4570 4590
f 4572 4579 4571
f 4571 4579 4573
f 4572 4580 4579
f 4572 4582 4580
f 4572 4588 4582
f 4575 4573 4598
f 4579 4598 4573
f 4574 4599 4576
f 4602 4599 4574
f 4605 4602 4574
f 4593 4575 4600
f 4600 4575 4598
f 4576 4599 4578
f 4607 4577 4597
f 4577 4611 4597
f 4578 4601 4585
f 4599 4601 4578
f 4579 4580 4598
f 4580 4582 4657
f 4580 4657 4598
f 4581 4584 4586
f 4582 4588 4663
f 4582 4663 4657
f 4591 4594 4583
f 4583 4595 4591
f 4584 4585 4603
f 4584 4603 4586
f 4601 4606 4585
f 4603 4585 4606
f 4586 4603 4587
f 4648 4589 4587
f 4587 4603 4648
f 4588 4590 4663
f 4590 4589 4654
f 4648 4649 4589
f 4649 4652 4589
f 4589 4652 4654
f 4590 4654 4662
f 4590 4662 4663
f 4594 4591 4625
f 4591 4595 4626
f 4626 4625 4591
f 4622 4592 4594
f 4604 4592 4622
f 4596 4593 4608
f 4593 4600 4608
f 4594 4625 4622
f 4595 4612 4629
f 4595 4635 4626
f 4595 4629 4634
f 4595 4634 4635
f 4615 4596 4608
f 4607 4597 4616
f 4597 4611 4616
f 4656 4600 4598
f 4656 4598 4657
f 4599 4637 4601
f 4602 4631 4599
f 4631 4637 4599
f 4608 4600 4655
f 4655 4600 4656
f 4601 4641 4606
f 4637 4641 4601
f 4605 4624 4602
f 4624 4627 4602
f 4627 4631 4602
f 4603 4606 4609
f 4603 4609 4646
f 4603 4646 4645
f 4603 4645 4648
f 4614 4613 4604
f 4614 4604 4618
f 4604 4622 4618
f 4613 4618 4605
f 4605 4618 4623
f 4605 4623 4624
f 4609 4606 4643
f 4641 4643 4606
f 4629 4610 4607
f 4630 4607 4616
f 4629 4607 4628
f 4628 4607 4630
f 4615 4608 4650
f 4651 4650 4608
f 4651 4608 4655
f 4609 4643 4642
f 4646 4609 4642
f 4629 4612 4610
f 4611 4617 4616
f 4611 4619 4617
f 4613 4614 4618
f 4650 4619 4615
f 4616 4617 4632
f 4630 4616 4632
f 4617 4619 4640
f 4632 4617 4640
f 4618 4620 4621
f 4618 4622 4620
f 4618 4621 4623
f 4640 4619 4644
f 4650 4644 4619
f 4621 4620 4633
f 4620 4622 4633
f 4621 4633 4623
f 4625 4638 4622
f 4622 4638 4633
f 4624 4623 4636
f 4623 4633 4636
f 4624 4636 4627
f 4625 4626 4638
f 4626 4635 4638
f 4627 4675 4631
f 4636 4675 4627
f 4629 4628 4639
f 4628 4630 4639
f 4629 4639 4634
f 4630 4632 4639
f 4631 4675 4637
f 4632 4640 4639
f 4633 4669 4636
f 4665 4633 4638
f 4633 4665 4669
f 4634 4639 4635
f 4635 4639 4638
f 4669 4678 4636
f 4636 4678 4675
f 4637 4668 4641
f 4675 4668 4637
f 4638 4639 4674
f 4638 4674 4665
f 4640 4653 4639
f 4639 4653 4667
f 4639 4667 4674
f 4640 4644 4653
f 4641 4668 4643
f 4646 4642 4643
f 4646 4643 4658
f 4643 4668 4658
f 4647 4644 4650
f 4653 4644 4647
f 4645 4646 4648
f 4646 4658 4648
f 4653 4647 4650
f 4658 4649 4648
f 4649 4658 4652
f 4650 4651 4655
f 4653 4650 4666
f 4650 4655 4666
f 4652 4660 4654
f 4658 4660 4652
f 4653 4666 4680
f 4667 4653 4680
f 4654 4660 4662
f 4655 4656 4666
f 4659 4656 4657
f 4666 4656 4659
f 4659 4657 4661
f 4661 4657 4664
f 4670 4657 4663
f 4664 4657 4670
f 4658 4668 4660
f 4666 4659 4661
f 4660 4710 4662
f 4668 4692 4660
f 4660 4692 4716
f 4660 4709 4705
f 4660 4705 4710
f 4660 4721 4709
f 4722 4660 4716
f 4660 4722 4721
f 4666 4661 4664
f 4662 4673 4663
f 4662 4710 4673
f 4663 4671 4670
f 4663 4672 4671
f 4673 4672 4663
f 4666 4664 4700
f 4700 4664 4670
f 4669 4665 4682
f 4681 4665 4674
f 4679 4665 4676
f 4681 4676 4665
f 4682 4665 4679
f 4680 4666 4717
f 4666 4700 4717
f 4667 4677 4674
f 4667 4680 4677
f 4675 4692 4668
f 4683 4678 4669
f 4669 4682 4683
f 4670 4671 4715
f 4670 4712 4700
f 4715 4712 4670
f 4672 4715 4671
f 4673 4710 4672
f 4672 4710 4719
f 4719 4715 4672
f 4674 4677 4695
f 4681 4674 4684
f 4697 4684 4674
f 4674 4695 4693
f 4696 4674 4693
f 4697 4674 4696
f 4678 4689 4675
f 4675 4689 4690
f 4690 4694 4675
f 4675 4694 4692
f 4691 4679 4676
f 4691 4676 4681
f 4677 4680 4698
f 4677 4698 4695
f 4685 4678 4683
f 4685 4688 4678
f 4678 4688 4689
f 4682 4679 4691
f 4698 4680 4699
f 4699 4680 4702
f 4702 4680 4707
f 4680 4720 4707
f 4680 4717 4720
f 4691 4681 4684
f 4683 4682 4686
f 4686 4682 4691
f 4686 4685 4683
f 4691 4684 4697
f 4686 4687 4685
f 4685 4687 4688
f 4686 4723 4687
f 4686 4691 4727
f 4686 4727 4723
f 4687 4723 4688
f 4689 4688 4706
f 4688 4723 4706
f 4689 4706 4690
f 4690 4706 4694
f 4691 4697 4701
f 4691 4701 4730
f 4691 4730 4727
f 4694 4704 4692
f 4704 4708 4692
f 4692 4708 4716
f 4693 4695 4701
f 4696 4693 4701
f 4694 4706 4704
f 4698 4703 4695
f 4695 4703 4701
f 4697 4696 4701
f 4698 4699 4703
f 4703 4699 4702
f 4700 4712 4711
f 4700 4711 4713
f 4714 4700 4713
f 4717 4700 4714
f 4725 4701 4703
f 4701 4725 4733
f 4701 4733 4730
f 4703 4702 4707
f 4703 4707 4718
f 4703 4718 4731
f 4725 4703 4731
f 4706 4708 4704
f 4710 4705 4709
f 4706 4728 4708
f 4723 4735 4706
f 4706 4735 4728
f 4707 4724 4718
f 4707 4720 4724
f 4708 4728 4716
f 4710 4709 4729
f 4721 4732 4709
f 4709 4732 4729
f 4710 4729 4719
f 4711 4712 4757
f 4713 4711 4757
f 4715 4729 4712
f 4712 4729 4757
f 4726 4714 4713
f 4726 4713 4757
f 4717 4714 4726
f 4719 4729 4715
f 4722 4716 4732
f 4716 4728 4732
f 4720 4717 4726
f 4724 4726 4718
f 4718 4726 4759
f 4731 4718 4759
f 4720 4726 4724
f 4721 4722 4732
f 4727 4748 4723
f 4723 4779 4735
f 4723 4748 4779
f 4725 4731 4739
f 4733 4725 4739
f 4759 4726 4757
f 4730 4734 4727
f 4727 4734 4748
f 4728 4762 4732
f 4735 4756 4728
f 4728 4756 4762
f 4732 4762 4729
f 4757 4729 4791
f 4762 4791 4729
f 4730 4733 4740
f 4734 4730 4754
f 4744 4730 4740
f 4745 4730 4744
f 4751 4730 4745
f 4753 4730 4751
f 4754 4730 4753
f 4731 4759 4739
f 4736 4733 4737
f 4740 4733 4736
f 4733 4738 4737
f 4733 4741 4738
f 4733 4739 4741
f 4734 4758 4748
f 4750 4734 4755
f 4734 4750 4758
f 4755 4734 4754
f 4735 4783 4756
f 4779 4783 4735
f 4736 4737 4763
f 4740 4736 4763
f 4737 4738 4763
f 4738 4741 4742
f 4738 4742 4763
f 4741 4739 4747
f 4747 4739 4749
f 4749 4739 4787
f 4739 4759 4787
f 4744 4740 4764
f 4764 4740 4763
f 4742 4741 4743
f 4743 4741 4746
f 4741 4747 4746
f 4752 4742 4743
f 4763 4742 4752
f 4752 4743 4746
f 4745 4744 4764
f 4751 4745 4764
f 4746 4747 4767
f 4752 4746 4767
f 4747 4749 4787
f 4747 4805 4767
f 4747 4787 4805
f 4758 4760 4748
f 4748 4760 4779
f 4761 4750 4755
f 4750 4761 4758
f 4753 4751 4764
f 4763 4752 4767
f 4754 4753 4764
f 4764 4755 4754
f 4761 4755 4764
f 4756 4794 4762
f 4756 4783 4794
f 4759 4757 4831
f 4831 4757 4791
f 4758 4785 4760
f 4761 4785 4758
f 4787 4759 4796
f 4796 4759 4804
f 4804 4759 4831
f 4760 4781 4779
f 4760 4785 4781
f 4780 4761 4764
f 4780 4785 4761
f 4762 4794 4791
f 4769 4764 4763
f 4763 4767 4772
f 4768 4770 4763
f 4763 4772 4768
f 4770 4769 4763
f 4766 4764 4765
f 4765 4764 4769
f 4778 4764 4766
f 4782 4764 4778
f 4764 4788 4780
f 4784 4764 4782
f 4764 4784 4788
f 4799 4766 4765
f 4799 4765 4769
f 4799 4778 4766
f 4772 4767 4789
f 4789 4767 4800
f 4800 4767 4805
f 4768 4771 4770
f 4774 4771 4768
f 4768 4772 4775
f 4773 4774 4768
f 4768 4775 4773
f 4771 4769 4770
f 4799 4769 4771
f 4777 4771 4774
f 4777 4799 4771
f 4793 4775 4772
f 4772 4789 4793
f 4776 4774 4773
f 4773 4775 4776
f 4776 4777 4774
f 4776 4775 4797
f 4775 4793 4797
f 4799 4777 4776
f 4786 4776 4797
f 4803 4776 4786
f 4776 4803 4799
f 4799 4782 4778
f 4781 4790 4779
f 4779 4840 4783
f 4779 4790 4838
f 4779 4838 4840
f 4780 4802 4785
f 4792 4780 4788
f 4795 4780 4792
f 4780 4795 4802
f 4785 4827 4781
f 4781 4827 4790
f 4799 4784 4782
f 4783 4840 4794
f 4784 4799 4788
f 4802 4814 4785
f 4785 4814 4828
f 4785 4835 4827
f 4785 4828 4835
f 4786 4797 4830
f 4803 4786 4830
f 4787 4796 4805
f 4792 4788 4799
f 4793 4789 4798
f 4798 4789 4800
f 4790 4827 4838
f 4791 4794 4853
f 4836 4831 4791
f 4848 4836 4791
f 4791 4847 4848
f 4791 4850 4847
f 4850 4791 4853
f 4812 4795 4792
f 4812 4792 4799
f 4797 4793 4798
f 4840 4843 4794
f 4843 4855 4794
f 4854 4853 4794
f 4856 4854 4794
f 4855 4856 4794
f 4795 4812 4802
f 4805 4796 4804
f 4797 4798 4801
f 4830 4797 4801
f 4798 4800 4801
f 4819 4799 4803
f 4829 4812 4799
f 4829 4799 4819
f 4801 4800 4839
f 4800 4805 4864
f 4839 4800 4864
f 4830 4801 4808
f 4839 4808 4801
f 4812 4837 4802
f 4802 4837 4814
f 4819 4803 4822
f 4822 4803 4830
f 4805 4804 4824
f 4824 4804 4831
f 4805 4824 4832
f 4805 4832 4864
f 4820 4807 4806
f 4806 4807 4822
f 4806 4822 4820
f 4807 4809 4822
f 4807 4889 4809
f 4807 4820 4826
f 4807 4826 4845
f 4873 4807 4845
f 4916 4807 4873
f 4916 4889 4807
f 4830 4808 4858
f 4858 4808 4839
f 4811 4810 4809
f 4809 4810 4822
f 4811 4809 4889
f 4811 4819 4810
f 4810 4819 4822
f 4813 4819 4811
f 4889 4813 4811
f 4829 4837 4812
f 4815 4819 4813
f 4889 4815 4813
f 4828 4814 4835
f 4814 4837 4835
f 4815 4816 4819
f 4889 4816 4815
f 4816 4817 4818
f 4823 4817 4816
f 4818 4829 4816
f 4816 4829 4819
f 4846 4823 4816
f 4846 4816 4889
f 4817 4825 4818
f 4823 4825 4817
f 4825 4829 4818
f 4820 4822 4821
f 4826 4820 4821
f 4822 4830 4821
f 4826 4821 4861
f 4821 4830 4861
f 4825 4823 4844
f 4823 4849 4844
f 4823 4846 4849
f 4824 4831 4832
f 4825 4844 4829
f 4826 4861 4845
f 4835 4857 4827
f 4827 4872 4838
f 4857 4869 4827
f 4869 4872 4827
f 4829 4851 4837
f 4829 4844 4851
f 4830 4858 4888
f 4830 4888 4861
f 4832 4831 4833
f 4833 4831 4834
f 4836 4834 4831
f 4875 4832 4833
f 4864 4832 4875
f 4881 4833 4834
f 4877 4875 4833
f 4877 4833 4881
f 4881 4834 4836
f 4837 4857 4835
f 4881 4836 4848
f 4851 4860 4837
f 4837 4868 4857
f 4860 4868 4837
f 4838 4842 4840
f 4838 4841 4842
f 4838 4872 4841
f 4862 4858 4839
f 4862 4839 4864
f 4842 4843 4840
f 4841 4872 4842
f 4872 4843 4842
f 4843 4880 4855
f 4872 4880 4843
f 4844 4849 4851
f 4845 4861 4873
f 4849 4846 4887
f 4889 4887 4846
f 4848 4847 4881
f 4847 4850 4881
f 4851 4849 4852
f 4849 4865 4852
f 4849 4887 4865
f 4850 4853 4881
f 4852 4859 4851
f 4859 4860 4851
f 4852 4865 4859
f 4854 4880 4853
f 4880 4881 4853
f 4880 4854 4856
f 4880 4856 4855
f 4868 4869 4857
f 4863 4858 4862
f 4870 4858 4863
f 4888 4858 4870
f 4859 4865 4860
f 4865 4866 4860
f 4860 4866 4885
f 4860 4885 4868
f 4873 4861 4886
f 4861 4888 4886
f 4863 4862 4864
f 4863 4864 4867
f 4870 4863 4867
f 4867 4864 4871
f 4864 4875 4871
f 4866 4865 4887
f 4866 4887 4885
f 4874 4870 4867
f 4874 4867 4871
f 4868 4876 4869
f 4868 4885 4876
f 4869 4892 4872
f 4876 4890 4869
f 4890 4892 4869
f 4884 4870 4874
f 4888 4870 4884
f 4871 4878 4874
f 4871 4875 4878
f 4892 4880 4872
f 4873 4886 4916
f 4874 4878 4884
f 4883 4875 4877
f 4883 4878 4875
f 4885 4879 4876
f 4879 4890 4876
f 4882 4877 4881
f 4883 4877 4882
f 4884 4878 4883
f 4885 4890 4879
f 4896 4881 4880
f 4892 4898 4880
f 4899 4896 4880
f 4898 4901 4880
f 4900 4899 4880
f 4902 4900 4880
f 4901 4902 4880
f 4894 4882 4881
f 4895 4894 4881
f 4895 4881 4896
f 4891 4883 4882
f 4894 4891 4882
f 4895 4884 4883
f 4891 4895 4883
f 4888 4884 4905
f 4914 4884 4895
f 4905 4884 4914
f 4887 4893 4885
f 4890 4885 4897
f 4893 4911 4885
f 4885 4904 4897
f 4885 4911 4904
f 4886 4888 4909
f 4903 4886 4909
f 4886 4903 4916
f 4889 4893 4887
f 4888 4905 4909
f 4889 4906 4893
f 4889 4912 4906
f 4889 4915 4912
f 4923 4915 4889
f 4922 4889 4916
f 4889 4920 4919
f 4919 4923 4889
f 4889 4921 4920
f 4889 4922 4921
f 4890 4897 4892
f 4891 4894 4895
f 4897 4898 4892
f 4893 4906 4911
f 4914 4895 4896
f 4914 4896 4899
f 4897 4908 4898
f 4904 4908 4897
f 4898 4908 4901
f 4914 4899 4900
f 4902 4908 4900
f 4908 4914 4900
f 4901 4908 4902
f 4903 4909 4907
f 4907 4913 4903
f 4903 4913 4916
f 4904 4917 4908
f 4911 4917 4904
f 4909 4905 4924
f 4905 4914 4924
f 4906 4910 4911
f 4906 4912 4910
f 4907 4909 4913
f 4917 4914 4908
f 4913 4909 4918
f 4909 4924 4918
f 4910 4912 4911
f 4911 4912 4915
f 4911 4915 4925
f 4911 4925 4917
f 4916 4913 4918
f 4924 4914 4917
f 4925 4915 4923
f 4916 4918 4922
f 4925 4924 4917
f 4922 4918 4924
f 4919 4920 4925
f 4923 4919 4925
f 4920 4921 4924
f 4920 4924 4925
f 4921 4922 4924
