epoch,lr-Adam/pg1,lr-Adam/pg2,step,train/batch_size,train/cls_acc,train/cls_f1,train/cls_loss,train/cls_precision,train/cls_recall,train/loss,train/mat_loss,train/n_critical_max,train/rig_loss,val/cls_acc,val/cls_f1,val/cls_loss,val/cls_precision,val/cls_recall,val/loss,val/mat_f1,val/mat_loss,val/mat_precision,val/mat_recall,val/n_critical_max,val/rig_loss
,1e-06,9.999999999999999e-06,0,,,,,,,,,,,,,,,,,,,,,,
0,,,9,4.0,0.9824000000953674,0.9309961795806885,0.04118712618947029,0.9227297902107239,0.9396561980247498,12.37723445892334,3.8490729331970215,728.0,8.486974716186523,,,,,,,,,,,,
0,,,19,4.0,0.9881500005722046,0.9123475551605225,0.03091486729681492,0.9225412607192993,0.9026734828948975,7.510412693023682,4.11265230178833,288.0,3.3668456077575684,,,,,,,,,,,,
0,,,29,4.0,0.9904500246047974,0.9766692519187927,0.0270373597741127,0.9789209961891174,0.9744459390640259,5.540782451629639,3.186210870742798,977.0,2.3275341987609863,,,,,,,,,,,,
0,,,39,4.0,0.98294997215271,0.9217621088027954,0.04513081535696983,0.9303448796272278,0.9135637879371643,7.898588180541992,3.3196468353271484,656.0,4.533810615539551,,,,,,,,,,,,
0,,,49,4.0,0.9875500202178955,0.9711410999298096,0.03176971152424812,0.9819307327270508,0.9609975814819336,7.022076606750488,3.483630657196045,1234.0,3.506676197052002,,,,,,,,,,,,
0,,,59,4.0,0.984250009059906,0.9596112966537476,0.04243168234825134,0.9556980133056641,0.9636156558990479,86.13040161132812,4.036282062530518,848.0,82.05168914794922,,,,,,,,,,,,
0,,,69,4.0,0.9919499754905701,0.9527954459190369,0.021504972130060196,0.9675779342651367,0.939010500907898,5.148492813110352,3.4502484798431396,421.0,1.6767394542694092,,,,,,,,,,,,
0,,,79,4.0,0.9734500050544739,0.9214057326316833,0.07773111760616302,0.9196890592575073,0.9231405258178711,9.703042984008789,3.3876547813415527,944.0,6.237656593322754,,,,,,,,,,,,
0,,,89,4.0,0.9801499843597412,0.867184042930603,0.04370749741792679,0.850200891494751,0.8860985040664673,56.027217864990234,4.613406181335449,256.0,51.3701057434082,,,,,,,,,,,,
0,,,99,4.0,0.9909999966621399,0.9350791573524475,0.025701366364955902,0.953351616859436,0.9183348417282104,8.544839859008789,4.026548862457275,348.0,4.492588996887207,,,,,,,,,,,,
0,,,109,4.0,0.9915000200271606,0.9686968326568604,0.024578191339969635,0.9762033224105835,0.9614665508270264,5.7696533203125,3.3802285194396973,913.0,2.3648464679718018,,,,,,,,,,,,
0,,,119,4.0,0.9921500086784363,0.9679267406463623,0.025157781317830086,0.9731442928314209,0.9628415107727051,48.595252990722656,3.151123523712158,1197.0,45.41897201538086,,,,,,,,,,,,
0,,,129,4.0,0.9846500158309937,0.9093105792999268,0.03645550087094307,0.9162725210189819,0.9026025533676147,8.363039016723633,4.260292053222656,358.0,4.066291809082031,,,,,,,,,,,,
0,,,139,4.0,0.9918000102043152,0.9160610437393188,0.0190188717097044,0.9201487302780151,0.9120566844940186,5.955374717712402,3.7609548568725586,241.0,2.175401210784912,,,,,,,,,,,,
0,,,149,4.0,0.9855499863624573,0.9389163255691528,0.03772309422492981,0.928666353225708,0.9497566223144531,36.15480041503906,3.8337693214416504,485.0,32.28330993652344,,,,,,,,,,,,
0,,,159,4.0,0.9923999905586243,0.9246903657913208,0.018905118107795715,0.9660652875900269,0.8904043436050415,7.6127424240112305,4.204840660095215,195.0,3.3889963626861572,,,,,,,,,,,,
0,,,169,4.0,0.9932000041007996,0.9484595060348511,0.026429055258631706,0.9754374027252197,0.9245849847793579,4.391429424285889,3.4169111251831055,542.0,0.9480893611907959,,,,,,,,,,,,
0,,,179,4.0,0.9812999963760376,0.9605435132980347,0.06589056551456451,0.9552774429321289,0.96599280834198,8.370294570922852,3.048502206802368,1027.0,5.255901336669922,,,,,,,,,,,,
0,,,189,4.0,0.986299991607666,0.9445171356201172,0.029573263600468636,0.9445171356201172,0.9445171356201172,8.661345481872559,3.7366750240325928,596.0,4.895097255706787,,,,,,,,,,,,
0,,,199,4.0,0.9872999787330627,0.9659998416900635,0.033892303705215454,0.9636456370353699,0.9683855772018433,11.839088439941406,3.414482831954956,979.0,8.39071273803711,,,,,,,,,,,,
0,,,209,4.0,0.9905999898910522,0.9518028497695923,0.023013900965452194,0.9846209287643433,0.9236042499542236,3.9824795722961426,3.267422914505005,941.0,0.6920427680015564,,,,,,,,,,,,
0,,,219,4.0,0.9909499883651733,0.9683632254600525,0.02379855327308178,0.9813731908798218,0.956170916557312,7.430096626281738,3.519094467163086,909.0,3.8872039318084717,,,,,,,,,,,,
0,,,229,4.0,0.9858499765396118,0.8973111510276794,0.032125744968652725,0.9091986417770386,0.8861516714096069,25.267494201660156,4.182106018066406,340.0,21.05326271057129,,,,,,,,,,,,
0,,,239,4.0,0.988349974155426,0.9239257574081421,0.028315996751189232,0.9474347829818726,0.9029700756072998,16.010616302490234,4.017663955688477,431.0,11.964635848999023,,,,,,,,,,,,
0,,,249,4.0,0.9881500005722046,0.9423843622207642,0.03409538418054581,0.9242924451828003,0.962333083152771,15.560710906982422,3.5529122352600098,479.0,11.973703384399414,,,,,,,,,,,,
0,,,259,4.0,0.9850500226020813,0.9009473919868469,0.04393390938639641,0.9181185960769653,0.8852545619010925,52.22827911376953,3.636516571044922,394.0,48.547828674316406,,,,,,,,,,,,
0,,,269,4.0,0.990149974822998,0.8062433004379272,0.033607445657253265,0.8563157916069031,0.7688350677490234,6.6612443923950195,3.9171760082244873,150.0,2.710460901260376,,,,,,,,,,,,
0,,,279,4.0,0.9820500016212463,0.9411849975585938,0.040986016392707825,0.9363120794296265,0.9461945295333862,12.34657096862793,3.6562371253967285,777.0,8.649348258972168,,,,,,,,,,,,
0,,,289,4.0,0.9842000007629395,0.9536410570144653,0.03499297425150871,0.9571329355239868,0.9502160549163818,28.884021759033203,3.981419086456299,1602.0,24.86760902404785,,,,,,,,,,,,
0,,,299,4.0,0.9811499714851379,0.9273473024368286,0.047535594552755356,0.9130591154098511,0.9428709745407104,22.56846809387207,4.025483131408691,451.0,18.49544906616211,,,,,,,,,,,,
0,,,309,4.0,0.9922999739646912,0.9548718929290771,0.02221534587442875,0.9617842435836792,0.9481847882270813,9.813888549804688,4.135433197021484,340.0,5.6562395095825195,,,,,,,,,,,,
0,,,319,4.0,0.9832500219345093,0.9428271651268005,0.04617219418287277,0.9699987173080444,0.9191956520080566,6.939886093139648,3.5766761302948,781.0,3.317038059234619,,,,,,,,,,,,
0,,,329,4.0,0.9754999876022339,0.8914006948471069,0.0623929426074028,0.9063904285430908,0.877639889717102,17.122663497924805,4.149342060089111,888.0,12.910928726196289,,,,,,,,,,,,
0,,,339,4.0,0.9902999997138977,0.9551799297332764,0.02414703741669655,0.9585596323013306,0.951856791973114,14.132440567016602,3.316037178039551,523.0,10.792256355285645,,,,,,,,,,,,
0,,,349,4.0,0.9823499917984009,0.9443182945251465,0.0437251478433609,0.9367225170135498,0.9522522687911987,40.0650520324707,3.3447954654693604,782.0,36.67653274536133,,,,,,,,,,,,
0,,,359,4.0,0.9861000180244446,0.951736330986023,0.03236735984683037,0.9631949663162231,0.940942108631134,13.222898483276367,3.4921834468841553,959.0,9.698347091674805,,,,,,,,,,,,
0,,,369,4.0,0.9901000261306763,0.8900913000106812,0.023456692695617676,0.8994089365005493,0.8812214136123657,5.3564043045043945,3.7317488193511963,236.0,1.601198673248291,,,,,,,,,,,,
0,,,379,4.0,0.9819499850273132,0.9333381652832031,0.04538673534989357,0.9373453855514526,0.9294178485870361,25.0567569732666,3.181220293045044,902.0,21.830150604248047,,,,,,,,,,,,
0,,,389,4.0,0.9910500049591064,0.9632759094238281,0.023526063188910484,0.9691474437713623,0.9575730562210083,8.578195571899414,3.692059278488159,803.0,4.862610340118408,,,,,,,,,,,,
0,,,399,4.0,0.9829000234603882,0.7620387673377991,0.04181307926774025,0.8491730690002441,0.7108608484268188,12.629054069519043,4.21933650970459,222.0,8.367904663085938,,,,,,,,,,,,
0,,,409,4.0,0.9855499863624573,0.9365667104721069,0.03225460648536682,0.9474830627441406,0.9262480735778809,5.016631603240967,3.2082607746124268,855.0,1.7761162519454956,,,,,,,,,,,,
0,,,419,4.0,0.98785001039505,0.9299495220184326,0.029323792085051537,0.9243963956832886,0.9356670379638672,5.055446147918701,3.0898308753967285,609.0,1.9362915754318237,,,,,,,,,,,,
0,,,429,4.0,0.9914500117301941,0.9636961221694946,0.02191494219005108,0.9818710088729858,0.9470362663269043,4.765941619873047,3.103257656097412,856.0,1.640769124031067,,,,,,,,,,,,
0,,,439,4.0,0.9836999773979187,0.9623548984527588,0.04240307956933975,0.9585399627685547,0.9662598371505737,6.908328056335449,3.0418012142181396,967.0,3.8241240978240967,,,,,,,,,,,,
0,,,449,4.0,0.9864500164985657,0.9162381887435913,0.03234255313873291,0.9337400794029236,0.9002258777618408,12.231788635253906,4.262085914611816,342.0,7.9373602867126465,,,,,,,,,,,,
0,,,459,4.0,0.9825999736785889,0.9104543328285217,0.043999310582876205,0.8924410343170166,0.9304583072662354,12.135042190551758,3.243705987930298,568.0,8.847336769104004,,,,,,,,,,,,
0,,,469,4.0,0.9821500182151794,0.9438045024871826,0.0466194748878479,0.9450786709785461,0.9425395131111145,14.522523880004883,3.542248010635376,1045.0,10.933656692504883,,,,,,,,,,,,
0,,,479,4.0,0.9887999892234802,0.9737953543663025,0.027873840183019638,0.9751427173614502,0.9724584817886353,15.254009246826172,3.4173953533172607,969.0,11.808740615844727,,,,,,,,,,,,
0,,,489,4.0,0.9885500073432922,0.9500827193260193,0.03353460505604744,0.9554966688156128,0.9448153972625732,4.132424354553223,2.8785288333892822,687.0,1.2203607559204102,,,,,,,,,,,,
0,,,499,4.0,0.9904999732971191,0.9648815393447876,0.022767452523112297,0.9696357250213623,0.9602406024932861,12.476034164428711,3.5206120014190674,859.0,8.93265438079834,,,,,,,,,,,,
0,,,509,4.0,0.9878000020980835,0.9154978394508362,0.03647711127996445,0.8977361917495728,0.9350903034210205,19.836591720581055,3.194258689880371,384.0,16.60585594177246,,,,,,,,,,,,
0,,,519,4.0,0.9936000108718872,0.9424088001251221,0.01620766706764698,0.9704548120498657,0.9177037477493286,10.222079277038574,4.438842296600342,325.0,5.767029285430908,,,,,,,,,,,,
0,,,529,4.0,0.9824000000953674,0.8785619735717773,0.04161788150668144,0.897948145866394,0.8611360788345337,12.542415618896484,3.6055476665496826,289.0,8.89525032043457,,,,,,,,,,,,
0,,,539,4.0,0.9925500154495239,0.9738172292709351,0.017966048792004585,0.9864640235900879,0.9619343280792236,6.007604598999023,3.4610819816589355,960.0,2.5285565853118896,,,,,,,,,,,,
0,,,549,4.0,0.9820500016212463,0.959653913974762,0.05665004253387451,0.9471508860588074,0.9732024669647217,13.371809005737305,3.434174060821533,1142.0,9.88098430633545,,,,,,,,,,,,
0,,,559,4.0,0.9904500246047974,0.9324227571487427,0.02576141618192196,0.9153298139572144,0.95112544298172,4.909430027008057,3.041060209274292,426.0,1.8426083326339722,,,,,,,,,,,,
0,,,569,4.0,0.9907000064849854,0.9454946517944336,0.024582121521234512,0.9562363624572754,0.9352983236312866,7.962150573730469,3.7676165103912354,452.0,4.169951915740967,,,,,,,,,,,,
0,,,579,4.0,0.9889500141143799,0.9599716663360596,0.025843502953648567,0.975456178188324,0.9456437230110168,6.814059257507324,3.453822612762451,939.0,3.334392786026001,,,,,,,,,,,,
0,,,589,4.0,0.9732499718666077,0.8969670534133911,0.06292327493429184,0.8713709115982056,0.9272413849830627,16.646650314331055,3.814347982406616,401.0,12.769378662109375,,,,,,,,,,,,
0,,,599,4.0,0.9912999868392944,0.9475533962249756,0.019971074536442757,0.9561080932617188,0.9393455386161804,4.778601169586182,3.7631607055664062,387.0,0.995469331741333,,,,,,,,,,,,
0,,,609,4.0,0.9903500080108643,0.9332029819488525,0.026540430262684822,0.9508731365203857,0.9169769287109375,23.982372283935547,3.8038628101348877,468.0,20.15196990966797,,,,,,,,,,,,
0,,,619,4.0,0.9886500239372253,0.9567131996154785,0.029150299727916718,0.9724390506744385,0.9421749114990234,12.223614692687988,3.7560372352600098,762.0,8.438426971435547,,,,,,,,,,,,
0,,,629,4.0,0.9900000095367432,0.9810863733291626,0.02947494573891163,0.9814615249633789,0.9807119965553284,8.180974960327148,3.019169569015503,1035.0,5.132330894470215,,,,,,,,,,,,
0,,,639,4.0,0.9818999767303467,0.8683792352676392,0.047123201191425323,0.8867409229278564,0.8518231511116028,38.420005798339844,3.630235433578491,283.0,34.742645263671875,,,,,,,,,,,,
0,,,649,4.0,0.9880499839782715,0.7816551923751831,0.027957256883382797,0.7893741130828857,0.774352490901947,4.091541290283203,3.617358922958374,95.0,0.44622501730918884,,,,,,,,,,,,
0,,,659,4.0,0.9893500208854675,0.91526198387146,0.027635477483272552,0.9137234687805176,0.9168129563331604,19.492124557495117,3.6155524253845215,257.0,15.848936080932617,,,,,,,,,,,,
0,,,669,4.0,0.9903500080108643,0.9377336502075195,0.025430483743548393,0.9514294862747192,0.924918532371521,17.2924861907959,4.5120463371276855,390.0,12.755009651184082,,,,,,,,,,,,
0,,,679,4.0,0.9849500060081482,0.9479111433029175,0.040634091943502426,0.9354100227355957,0.9613218307495117,21.199996948242188,3.561882495880127,697.0,17.59748077392578,,,,,,,,,,,,
0,,,689,4.0,0.9846500158309937,0.9064862728118896,0.04000018909573555,0.9085352420806885,0.9044598937034607,25.055763244628906,3.979825735092163,357.0,21.035938262939453,,,,,,,,,,,,
0,,,699,4.0,0.9817500114440918,0.9410064220428467,0.04295527935028076,0.9385358691215515,0.9435118436813354,9.491085052490234,3.0269017219543457,711.0,6.421227931976318,,,,,,,,,,,,
0,,,709,4.0,0.9852499961853027,0.8961713314056396,0.0362461619079113,0.9027460813522339,0.8898268938064575,49.063194274902344,4.795193195343018,285.0,44.231754302978516,,,,,,,,,,,,
0,,,719,4.0,0.9904500246047974,0.966376781463623,0.030950097367167473,0.9698816537857056,0.9629343152046204,4.611502647399902,3.2429585456848145,905.0,1.3375941514968872,,,,,,,,,,,,
0,,,729,4.0,0.9871000051498413,0.9282166957855225,0.03270082548260689,0.9226866364479065,0.9339113235473633,5.940512657165527,3.5063061714172363,386.0,2.401505708694458,,,,,,,,,,,,
0,,,739,4.0,0.9879500269889832,0.9659590721130371,0.030289404094219208,0.965220034122467,0.9667012095451355,6.765622615814209,3.402117967605591,1330.0,3.3332152366638184,,,,,,,,,,,,
0,,,749,4.0,0.9907500147819519,0.9583309888839722,0.02311415784060955,0.9764137268066406,0.9417517185211182,6.164132595062256,3.1147303581237793,884.0,3.0262880325317383,,,,,,,,,,,,
0,,,759,4.0,0.9955499768257141,0.9063583612442017,0.012842522002756596,0.93025141954422,0.8850418329238892,4.3275041580200195,3.748729705810547,126.0,0.5659322142601013,,,,,,,,,,,,
0,,,769,4.0,0.982699990272522,0.891893744468689,0.04485543072223663,0.8964402675628662,0.8874611854553223,20.021297454833984,3.9672863483428955,370.0,16.0091552734375,,,,,,,,,,,,
0,,,779,4.0,0.9835500121116638,0.9073881506919861,0.038049522787332535,0.9002515077590942,0.9148163795471191,20.007076263427734,3.65282940864563,411.0,16.31619644165039,,,,,,,,,,,,
0,,,789,4.0,0.9914500117301941,0.9705966711044312,0.019804591313004494,0.9734799861907959,0.9677554965019226,4.0129313468933105,3.1173949241638184,779.0,0.8757317662239075,,,,,,,,,,,,
0,,,799,4.0,0.9763500094413757,0.9471074938774109,0.06409397721290588,0.9396331310272217,0.9549567103385925,25.224895477294922,3.1772003173828125,1198.0,21.983600616455078,,,,,,,,,,,,
0,,,809,4.0,0.9937499761581421,0.9594314098358154,0.015528086572885513,0.9664022922515869,0.9526846408843994,6.152655601501465,3.88840651512146,387.0,2.248721122741699,,,,,,,,,,,,
0,,,819,4.0,0.9900500178337097,0.9105396270751953,0.02556064911186695,0.9158313274383545,0.9053899049758911,19.319868087768555,3.824620246887207,317.0,15.469686508178711,,,,,,,,,,,,
0,,,829,4.0,0.9764500260353088,0.9173324704170227,0.05842442810535431,0.9242841601371765,0.9106520414352417,23.801563262939453,4.122950077056885,580.0,19.620187759399414,,,,,,,,,,,,
0,,,839,4.0,0.9868500232696533,0.9432358145713806,0.034972697496414185,0.9400756359100342,0.9464490413665771,31.634748458862305,3.735107660293579,650.0,27.864667892456055,,,,,,,,,,,,
0,,,849,4.0,0.9896000027656555,0.9305423498153687,0.028336212038993835,0.9645228385925293,0.9015704393386841,5.1986846923828125,3.714362144470215,410.0,1.4559863805770874,,,,,,,,,,,,
0,,,859,4.0,0.9854999780654907,0.9597579836845398,0.03920140117406845,0.95041823387146,0.9696160554885864,13.442176818847656,3.15333890914917,855.0,10.24963665008545,,,,,,,,,,,,
0,,,869,4.0,0.9902999997138977,0.8929915428161621,0.02532428503036499,0.8841134905815125,0.9023146629333496,8.851900100708008,3.302842617034912,238.0,5.523732662200928,,,,,,,,,,,,
0,,,879,4.0,0.9899500012397766,0.9310519695281982,0.02438078634440899,0.9140528440475464,0.9496533870697021,12.78214168548584,3.7248575687408447,345.0,9.032903671264648,,,,,,,,,,,,
0,,,889,4.0,0.9914500117301941,0.9117053747177124,0.021130235865712166,0.936184287071228,0.8899651765823364,8.35161018371582,3.6859564781188965,227.0,4.6445231437683105,,,,,,,,,,,,
0,,,899,4.0,0.9861999750137329,0.9282513856887817,0.039876196533441544,0.952969491481781,0.9063835740089417,7.745180130004883,3.407801866531372,531.0,4.297502040863037,,,,,,,,,,,,
0,,,909,4.0,0.9901000261306763,0.9261103868484497,0.027358435094356537,0.9408482313156128,0.9124006032943726,14.399945259094238,3.7267963886260986,293.0,10.645790100097656,,,,,,,,,,,,
0,,,919,4.0,0.992900013923645,0.96954745054245,0.019431855529546738,0.9826544523239136,0.9572356939315796,5.516407012939453,3.3055851459503174,924.0,2.1913902759552,,,,,,,,,,,,
0,,,929,4.0,0.9829000234603882,0.8342878818511963,0.040220364928245544,0.781814694404602,0.9133752584457397,65.96861267089844,5.515512943267822,318.0,60.41287612915039,,,,,,,,,,,,
0,,,939,4.0,0.9914500117301941,0.9610192775726318,0.019260132685303688,0.9680098295211792,0.9542636871337891,3.7305898666381836,3.160382032394409,798.0,0.5509477853775024,,,,,,,,,,,,
0,,,949,4.0,0.96875,0.9191174507141113,0.08581578731536865,0.9088476300239563,0.9301121234893799,38.782466888427734,3.4078609943389893,1248.0,35.28879165649414,,,,,,,,,,,,
0,,,959,4.0,0.9861000180244446,0.8588112592697144,0.03216470405459404,0.8574326634407043,0.8602011203765869,20.630020141601562,3.9337263107299805,224.0,16.66412925720215,,,,,,,,,,,,
0,,,969,4.0,0.9901999831199646,0.9115132093429565,0.025190189480781555,0.9450232982635498,0.8829720616340637,11.857860565185547,4.067921161651611,351.0,7.764749050140381,,,,,,,,,,,,
0,,,979,4.0,0.9771999716758728,0.9422824382781982,0.06526203453540802,0.9402056932449341,0.9443858861923218,12.402688026428223,3.1616950035095215,899.0,9.17573070526123,,,,,,,,,,,,
0,,,989,4.0,0.9824000000953674,0.9526203870773315,0.050001997500658035,0.9486104249954224,0.9567257761955261,14.414668083190918,3.45651912689209,1356.0,10.908146858215332,,,,,,,,,,,,
0,,,999,4.0,0.9891999959945679,0.9653214812278748,0.030550766736268997,0.9663159847259521,0.9643322229385376,7.278959274291992,3.3102211952209473,845.0,3.93818736076355,,,,,,,,,,,,
0,,,1009,4.0,0.9880499839782715,0.8920083045959473,0.03005216084420681,0.8788056969642639,0.9062372446060181,12.535493850708008,3.432377576828003,212.0,9.073063850402832,,,,,,,,,,,,
0,,,1019,4.0,0.9818000197410583,0.9517248272895813,0.05304870754480362,0.9515358209609985,0.9519140720367432,24.317310333251953,3.6286540031433105,1267.0,20.635608673095703,,,,,,,,,,,,
0,,,1029,4.0,0.9919999837875366,0.9687193036079407,0.024497462436556816,0.9674584269523621,0.969988226890564,5.934804916381836,3.1985340118408203,972.0,2.711773157119751,,,,,,,,,,,,
0,,,1039,4.0,0.989549994468689,0.9597231149673462,0.025391599163413048,0.9757565259933472,0.9449116587638855,4.852968692779541,3.3110320568084717,1047.0,1.516545057296753,,,,,,,,,,,,
0,,,1049,4.0,0.9749000072479248,0.9009202122688293,0.05573434382677078,0.8758738040924072,0.9303442239761353,29.91507339477539,3.6910667419433594,570.0,26.168272018432617,,,,,,,,,,,,
0,,,1059,4.0,0.9862499833106995,0.9414862394332886,0.03536650538444519,0.954574704170227,0.9292426109313965,6.641186714172363,3.5901498794555664,760.0,3.01567006111145,,,,,,,,,,,,
0,,,1069,4.0,0.9906499981880188,0.8926709890365601,0.025296887382864952,0.9001390337944031,0.885490894317627,4.806396007537842,3.443922519683838,185.0,1.3371764421463013,,,,,,,,,,,,
0,,,1079,4.0,0.9833499789237976,0.9243947267532349,0.042140014469623566,0.9280034303665161,0.9208555221557617,62.093406677246094,3.9563510417938232,519.0,58.09491729736328,,,,,,,,,,,,
0,,,1089,4.0,0.9877499938011169,0.9530963897705078,0.029758162796497345,0.9627270698547363,0.9439278841018677,17.9234561920166,3.877959966659546,954.0,14.015737533569336,,,,,,,,,,,,
0,,,1099,4.0,0.9887999892234802,0.8542869091033936,0.030673857778310776,0.8643193244934082,0.8448176383972168,10.700864791870117,3.4460508823394775,196.0,7.22413969039917,,,,,,,,,,,,
0,,,1109,4.0,0.993399977684021,0.9705608487129211,0.018140755593776703,0.9859033226966858,0.9562878608703613,5.531740665435791,3.371856212615967,767.0,2.1417436599731445,,,,,,,,,,,,
0,,,1119,4.0,0.9861999750137329,0.9468993544578552,0.03428855910897255,0.9513903260231018,0.9425129294395447,11.620162963867188,3.4149975776672363,973.0,8.170876502990723,,,,,,,,,,,,
0,,,1129,4.0,0.9896000027656555,0.965895414352417,0.026580356061458588,0.9736944437026978,0.9584041833877563,5.291181564331055,3.5322489738464355,874.0,1.7323524951934814,,,,,,,,,,,,
0,,,1139,4.0,0.9833499789237976,0.9555661678314209,0.057136982679367065,0.9537491202354431,0.9574024677276611,7.702707290649414,2.9641740322113037,1414.0,4.681396007537842,,,,,,,,,,,,
0,,,1149,4.0,0.991100013256073,0.9245144724845886,0.02438119426369667,0.9680392742156982,0.8888379335403442,7.51015567779541,4.463152885437012,316.0,3.0226218700408936,,,,,,,,,,,,
0,,,1159,4.0,0.986050009727478,0.9234911799430847,0.032162174582481384,0.9464333057403564,0.9030349254608154,9.897536277770996,3.90628981590271,338.0,5.959084510803223,,,,,,,,,,,,
0,,,1169,4.0,0.9858499765396118,0.9043781757354736,0.034057337790727615,0.9082009792327881,0.9006329774856567,17.88850212097168,3.408461332321167,375.0,14.44598388671875,,,,,,,,,,,,
0,,,1179,4.0,0.9868000149726868,0.9575924873352051,0.033472225069999695,0.9600487947463989,0.9551684856414795,47.91126251220703,3.5977890491485596,855.0,44.28000259399414,,,,,,,,,,,,
0,,,1189,4.0,0.982450008392334,0.9081102609634399,0.04414612427353859,0.8942508697509766,0.9231231808662415,33.56702423095703,3.4195284843444824,393.0,30.103351593017578,,,,,,,,,,,,
0,,,1199,4.0,0.989300012588501,0.9505188465118408,0.02600034698843956,0.9747953414916992,0.9289101362228394,4.247076034545898,3.1993348598480225,938.0,1.0217411518096924,,,,,,,,,,,,
0,,,1209,4.0,0.9905999898910522,0.9486746788024902,0.024590088054537773,0.9701311588287354,0.929291844367981,6.095414638519287,3.404444932937622,497.0,2.666379690170288,,,,,,,,,,,,
0,,,1219,4.0,0.9824000000953674,0.9306676387786865,0.038520123809576035,0.9232037663459778,0.938450813293457,15.637842178344727,3.7590372562408447,627.0,11.840285301208496,,,,,,,,,,,,
0,,,1229,4.0,0.9890999794006348,0.9602329134941101,0.027754519134759903,0.9613808393478394,0.95909184217453,5.319273948669434,3.330941915512085,844.0,1.9605774879455566,,,,,,,,,,,,
0,,,1239,4.0,0.9879500269889832,0.9660208225250244,0.04509590193629265,0.95726478099823,0.9752210378646851,7.043931007385254,3.072385311126709,1195.0,3.926449775695801,,,,,,,,,,,,
0,,,1249,4.0,0.982699990272522,0.912423849105835,0.04280964657664299,0.9029529094696045,0.9224162101745605,44.97027587890625,3.5785677433013916,510.0,41.348899841308594,,,,,,,,,,,,
0,,,1259,4.0,0.982200026512146,0.8952305316925049,0.04001328721642494,0.8910416960716248,0.899520754814148,16.07039451599121,3.212635040283203,267.0,12.81774616241455,,,,,,,,,,,,
0,,,1269,4.0,0.9772999882698059,0.8608565330505371,0.05663209781050682,0.8885232210159302,0.8372334837913513,12.177684783935547,3.61375093460083,541.0,8.507302284240723,,,,,,,,,,,,
0,,,1279,4.0,0.9869499802589417,0.9421316385269165,0.03349350392818451,0.940243124961853,0.9440391063690186,8.811434745788574,3.9193365573883057,658.0,4.858604431152344,,,,,,,,,,,,
0,,,1289,4.0,0.9868500232696533,0.9691070318222046,0.03140147775411606,0.968856692314148,0.9693577885627747,10.422174453735352,3.6075477600097656,963.0,6.783225059509277,,,,,,,,,,,,
0,,,1299,4.0,0.9858499765396118,0.8738465309143066,0.0402977280318737,0.8479794859886169,0.9042283296585083,17.360984802246094,3.8539366722106934,290.0,13.466750144958496,,,,,,,,,,,,
0,,,1309,4.0,0.9829999804496765,0.8879802823066711,0.040823016315698624,0.8757097125053406,0.9011706113815308,18.313587188720703,3.765292167663574,345.0,14.507472038269043,,,,,,,,,,,,
0,,,1319,4.0,0.9884999990463257,0.9555137157440186,0.032682500779628754,0.9477822780609131,0.9635686278343201,10.035102844238281,3.2148287296295166,903.0,6.787591457366943,,,,,,,,,,,,
0,,,1329,4.0,0.9886500239372253,0.9627495408058167,0.028052639216184616,0.9621173739433289,0.9633837938308716,18.410457611083984,3.7290377616882324,920.0,14.65336799621582,,,,,,,,,,,,
0,,,1339,4.0,0.9896500110626221,0.9598956108093262,0.0313439704477787,0.9717575311660767,0.948715090751648,7.276384353637695,3.3498198986053467,804.0,3.8952202796936035,,,,,,,,,,,,
0,,,1349,4.0,0.9776999950408936,0.9228860139846802,0.07021215558052063,0.9068974256515503,0.9405024647712708,37.72806930541992,3.2464864253997803,671.0,34.41136932373047,,,,,,,,,,,,
0,,,1359,4.0,0.9884999990463257,0.9394162893295288,0.02435191720724106,0.9723936319351196,0.9112039804458618,9.859278678894043,3.7418711185455322,773.0,6.093055725097656,,,,,,,,,,,,
0,,,1369,4.0,0.9880499839782715,0.9537883996963501,0.02807851880788803,0.9811340570449829,0.9298559427261353,7.375182151794434,3.7396533489227295,858.0,3.607450008392334,,,,,,,,,,,,
0,,,1379,4.0,0.9869999885559082,0.9343104362487793,0.033943310379981995,0.9407047629356384,0.9281225800514221,14.010348320007324,3.4586570262908936,305.0,10.51774787902832,,,,,,,,,,,,
0,,,1389,4.0,0.9849500060081482,0.9682983160018921,0.04013707488775253,0.9708201885223389,0.965815544128418,14.163106918334961,3.542203664779663,1146.0,10.580766677856445,,,,,,,,,,,,
0,,,1399,4.0,0.9925000071525574,0.9503383636474609,0.02328640967607498,0.9675099849700928,0.9344888925552368,4.4666218757629395,2.9712209701538086,498.0,1.4721144437789917,,,,,,,,,,,,
0,,,1409,4.0,0.9811000227928162,0.880387544631958,0.042782921344041824,0.8627868294715881,0.9000002145767212,32.61180114746094,3.0356674194335938,243.0,29.53335189819336,,,,,,,,,,,,
0,,,1419,4.0,0.9908499717712402,0.9355910420417786,0.02166886068880558,0.9375890493392944,0.9336128234863281,7.140986442565918,4.148900508880615,340.0,2.9704172611236572,,,,,,,,,,,,
0,,,1429,4.0,0.9904000163078308,0.9614195823669434,0.02205193229019642,0.9713042974472046,0.9520077705383301,7.9596943855285645,3.982828140258789,831.0,3.9548144340515137,,,,,,,,,,,,
0,,,1439,4.0,0.9904500246047974,0.9599257111549377,0.024035891517996788,0.9733340740203857,0.9473689794540405,5.931956768035889,3.2279443740844727,851.0,2.679976463317871,,,,,,,,,,,,
0,,,1449,4.0,0.9765499830245972,0.8993072509765625,0.05138188973069191,0.8850635886192322,0.9148494005203247,63.425926208496094,4.1973347663879395,472.0,59.177207946777344,,,,,,,,,,,,
0,,,1459,4.0,0.9898499846458435,0.924714982509613,0.025012899190187454,0.9421597719192505,0.9086976051330566,7.004549026489258,3.538816452026367,223.0,3.4407198429107666,,,,,,,,,,,,
0,,,1469,4.0,0.9851999878883362,0.9176439046859741,0.03621260076761246,0.8977241516113281,0.9399474263191223,21.05769157409668,4.138564109802246,274.0,16.882915496826172,,,,,,,,,,,,
0,,,1479,4.0,0.9850999712944031,0.936663031578064,0.04078451544046402,0.9138076901435852,0.9626929759979248,8.728583335876465,3.124758720397949,719.0,5.563039779663086,,,,,,,,,,,,
0,,,1489,4.0,0.9853000044822693,0.937928318977356,0.03731971234083176,0.9382517337799072,0.9376055002212524,14.552651405334473,3.6514956951141357,588.0,10.863836288452148,,,,,,,,,,,,
0,,,1499,4.0,0.9904500246047974,0.8949777483940125,0.024565143510699272,0.9506155252456665,0.8521035313606262,5.874607086181641,4.231266975402832,219.0,1.6187747716903687,,,,,,,,,,,,
0,,,1509,4.0,0.9927499890327454,0.93369060754776,0.018648913130164146,0.9303491711616516,0.937087893486023,8.01183795928955,3.7341747283935547,219.0,4.259014129638672,,,,,,,,,,,,
0,,,1519,4.0,0.9889000058174133,0.89908766746521,0.02931162714958191,0.8808580636978149,0.9192913770675659,11.103006362915039,3.253978967666626,241.0,7.81971549987793,,,,,,,,,,,,
0,,,1529,4.0,0.9904999732971191,0.9724535346031189,0.030319122597575188,0.9817731380462646,0.9635788798332214,8.376981735229492,3.4108264446258545,1230.0,4.935835838317871,,,,,,,,,,,,
0,,,1539,4.0,0.9848499894142151,0.9635480642318726,0.03651183843612671,0.9605900645256042,0.9665587544441223,9.414344787597656,3.348050117492676,882.0,6.029783248901367,,,,,,,,,,,,
0,,,1549,4.0,0.98785001039505,0.9160056114196777,0.029966823756694794,0.9222229719161987,0.9099849462509155,7.092179298400879,3.3877530097961426,329.0,3.674459218978882,,,,,,,,,,,,
0,,,1559,4.0,0.984499990940094,0.937447190284729,0.040372103452682495,0.9255900382995605,0.9501121640205383,22.40458106994629,4.037333011627197,451.0,18.326875686645508,,,,,,,,,,,,
0,,,1569,4.0,0.991100013256073,0.9635200500488281,0.02380308508872986,0.9635200500488281,0.9635200500488281,7.90092134475708,3.9132790565490723,667.0,3.963839292526245,,,,,,,,,,,,
0,,,1579,4.0,0.9905499815940857,0.9002563953399658,0.02769714966416359,0.9174866676330566,0.8844655752182007,37.96306228637695,3.32651424407959,261.0,34.60885238647461,,,,,,,,,,,,
0,,,1589,4.0,0.9838500022888184,0.9286634922027588,0.04232034832239151,0.9104578495025635,0.9488562345504761,42.670623779296875,3.7779576778411865,426.0,38.850345611572266,,,,,,,,,,,,
0,,,1599,4.0,0.9873499870300293,0.8232533931732178,0.03063570335507393,0.8709742426872253,0.7868183851242065,18.18075942993164,3.728710174560547,242.0,14.421414375305176,,,,,,,,,,,,
0,,,1609,4.0,0.980650007724762,0.9399858713150024,0.047505538910627365,0.9350030422210693,0.9451144337654114,89.01165008544922,4.164953708648682,907.0,84.7991943359375,,,,,,,,,,,,
0,,,1619,4.0,0.987500011920929,0.9712509512901306,0.03513498976826668,0.9722316265106201,0.9702759981155396,5.887098789215088,3.209362268447876,961.0,2.642601490020752,,,,,,,,,,,,
0,,,1629,4.0,0.9908999800682068,0.9051879644393921,0.02392406389117241,0.881118893623352,0.9327222108840942,10.428133010864258,3.4434258937835693,126.0,6.9607834815979,,,,,,,,,,,,
0,,,1639,4.0,0.9852499961853027,0.9144207835197449,0.037136588245630264,0.9081836938858032,0.9208744168281555,7.687960624694824,3.878751516342163,361.0,3.7720723152160645,,,,,,,,,,,,
0,,,1649,4.0,0.9869499802589417,0.9693092107772827,0.03845538944005966,0.9806344509124756,0.9586920738220215,9.253305435180664,3.3181753158569336,1085.0,5.896674156188965,,,,,,,,,,,,
0,,,1659,4.0,0.9864500164985657,0.9582937359809875,0.03948209807276726,0.9476056098937988,0.9696445465087891,3.8337833881378174,2.753723382949829,893.0,1.0405778884887695,,,,,,,,,,,,
0,,,1669,4.0,0.9882500171661377,0.9680339097976685,0.02939053624868393,0.9732731580734253,0.9629429578781128,19.834474563598633,3.6745522022247314,847.0,16.130531311035156,,,,,,,,,,,,
0,,,1679,4.0,0.991100013256073,0.9108024835586548,0.02522924728691578,0.9163497090339661,0.9054098129272461,7.990058422088623,4.288353443145752,210.0,3.6764755249023438,,,,,,,,,,,,
0,,,1689,4.0,0.9861000180244446,0.9543179273605347,0.04310308396816254,0.9436752796173096,0.9656113386154175,14.650838851928711,3.2268431186676025,815.0,11.380892753601074,,,,,,,,,,,,
0,,,1699,4.0,0.9881500005722046,0.9630393981933594,0.029106268659234047,0.9679849147796631,0.9582220315933228,34.230281829833984,3.4996538162231445,857.0,30.701522827148438,,,,,,,,,,,,
0,,,1709,4.0,0.986549973487854,0.9287717342376709,0.033486586064100266,0.9289763569831848,0.9285673499107361,11.351088523864746,3.666675090789795,598.0,7.65092658996582,,,,,,,,,,,,
0,,,1719,4.0,0.9901000261306763,0.971494197845459,0.023199597373604774,0.9763838052749634,0.9667304754257202,6.488341331481934,3.3146204948425293,827.0,3.1505212783813477,,,,,,,,,,,,
0,,,1729,4.0,0.9747999906539917,0.9475646018981934,0.05924929305911064,0.9411287307739258,0.9542886018753052,20.00362205505371,3.6645069122314453,1702.0,16.279865264892578,,,,,,,,,,,,
0,,,1739,4.0,0.9881500005722046,0.9581793546676636,0.03210403770208359,0.9564081430435181,0.9599672555923462,6.25407600402832,3.1787335872650146,750.0,3.043238639831543,,,,,,,,,,,,
0,,,1749,4.0,0.980650007724762,0.9023562073707581,0.051276519894599915,0.9149711728096008,0.8905819058418274,16.805192947387695,4.063776969909668,411.0,12.690138816833496,,,,,,,,,,,,
0,,,1759,4.0,0.9893500208854675,0.9168689250946045,0.029687976464629173,0.8964415788650513,0.9397163391113281,22.41193962097168,3.0535755157470703,353.0,19.328676223754883,,,,,,,,,,,,
0,,,1769,4.0,0.9911500215530396,0.9333450794219971,0.023643333464860916,0.9184228777885437,0.9494693279266357,16.585447311401367,3.2332115173339844,278.0,13.328592300415039,,,,,,,,,,,,
0,,,1779,4.0,0.9907000064849854,0.9639039039611816,0.02342907339334488,0.9632843732833862,0.9645254015922546,6.8426666259765625,3.129798412322998,928.0,3.689439296722412,,,,,,,,,,,,
0,,,1789,4.0,0.9904000163078308,0.9133191108703613,0.025684470310807228,0.9598198533058167,0.8758335113525391,8.140503883361816,5.273377418518066,336.0,2.8414418697357178,,,,,,,,,,,,
0,,,1799,4.0,0.9901999831199646,0.9603950381278992,0.02490723691880703,0.9626678228378296,0.9581482410430908,14.986371994018555,3.5090725421905518,1009.0,11.452391624450684,,,,,,,,,,,,
0,,,1809,4.0,0.9829999804496765,0.9147155284881592,0.03966205194592476,0.9389289617538452,0.8933408260345459,16.65457534790039,4.184598922729492,608.0,12.430315017700195,,,,,,,,,,,,
0,,,1819,4.0,0.9668999910354614,0.8342437744140625,0.07221709191799164,0.8227428197860718,0.8467385172843933,28.396541595458984,4.4197869300842285,464.0,23.904537200927734,,,,,,,,,,,,
0,,,1829,4.0,0.9794999957084656,0.8962247967720032,0.05029844120144844,0.8804470300674438,0.9135768413543701,60.37266159057617,3.878929853439331,336.0,56.44343185424805,,,,,,,,,,,,
0,,,1839,4.0,0.991599977016449,0.9572447538375854,0.020596107468008995,0.9657647609710693,0.9490683674812317,4.8547821044921875,3.116680383682251,701.0,1.7175058126449585,,,,,,,,,,,,
0,,,1849,4.0,0.9869999885559082,0.813075602054596,0.034762192517519,0.807117760181427,0.8192811012268066,8.807703018188477,3.6169426441192627,149.0,5.155998706817627,,,,,,,,,,,,
0,,,1859,4.0,0.9877499938011169,0.9493371248245239,0.03317766264081001,0.9660506248474121,0.9339603185653687,5.020999431610107,3.1576340198516846,841.0,1.8301877975463867,,,,,,,,,,,,
0,,,1869,4.0,0.984000027179718,0.8365345001220703,0.0444340743124485,0.9038165211677551,0.7893800735473633,13.746460914611816,3.864037036895752,346.0,9.837989807128906,,,,,,,,,,,,
0,,,1879,4.0,0.9948499798774719,0.9138491749763489,0.012671565636992455,0.9158732295036316,0.9118453860282898,5.666950702667236,4.443089485168457,145.0,1.2111896276474,,,,,,,,,,,,
0,,,1889,4.0,0.9908499717712402,0.964426577091217,0.027329174801707268,0.9738267064094543,0.95545494556427,11.446855545043945,3.3605897426605225,853.0,8.05893611907959,,,,,,,,,,,,
0,,,1899,4.0,0.9862499833106995,0.934837818145752,0.03929559513926506,0.9646318554878235,0.9090809226036072,14.191061019897461,3.1753129959106445,855.0,10.976451873779297,,,,,,,,,,,,
0,,,1909,4.0,0.990149974822998,0.9537867307662964,0.031182589009404182,0.9636572599411011,0.9443835020065308,5.6472978591918945,3.4802215099334717,876.0,2.1358938217163086,,,,,,,,,,,,
0,,,1919,4.0,0.9872499704360962,0.8900197744369507,0.030625762417912483,0.8878189325332642,0.8922476768493652,23.197551727294922,3.8967366218566895,252.0,19.27018928527832,,,,,,,,,,,,
0,,,1929,4.0,0.9901000261306763,0.9099971055984497,0.022782878950238228,0.9107016324996948,0.9092950820922852,10.657940864562988,4.159843444824219,288.0,6.475314617156982,,,,,,,,,,,,
0,,,1939,4.0,0.9902999997138977,0.9553987979888916,0.02369905263185501,0.9691972732543945,0.9424961805343628,10.723506927490234,3.5839684009552,427.0,7.115839004516602,,,,,,,,,,,,
0,,,1949,4.0,0.9876000285148621,0.9596235752105713,0.033429473638534546,0.9675102233886719,0.9520567655563354,7.501954078674316,3.2630162239074707,741.0,4.205508232116699,,,,,,,,,,,,
0,,,1959,4.0,0.9592499732971191,0.8441787362098694,0.09681765735149384,0.8199079036712646,0.8734805583953857,49.60246658325195,3.7541942596435547,462.0,45.7514533996582,,,,,,,,,,,,
0,,,1969,4.0,0.9909999966621399,0.9462770223617554,0.024906674399971962,0.950700044631958,0.9419490098953247,6.226287841796875,4.006051063537598,333.0,2.1953299045562744,,,,,,,,,,,,
0,,,1979,4.0,0.9884999990463257,0.9551550149917603,0.035752732306718826,0.9626438617706299,0.9479461908340454,17.41287612915039,3.117286205291748,1274.0,14.259836196899414,,,,,,,,,,,,
0,,,1989,4.0,0.9807999730110168,0.9082759022712708,0.04500527307391167,0.910369336605072,0.9062067270278931,58.654884338378906,3.8607163429260254,597.0,54.74916076660156,,,,,,,,,,,,
0,,,1999,4.0,0.9883000254631042,0.9191681742668152,0.031237591058015823,0.90773606300354,0.93132483959198,21.883586883544922,3.408858299255371,252.0,18.443490982055664,,,,,,,,,,,,
0,,,2009,4.0,0.9908499717712402,0.970342755317688,0.02745714783668518,0.9671995639801025,0.9735383987426758,5.308045387268066,2.9922289848327637,874.0,2.2883594036102295,,,,,,,,,,,,
0,,,2019,4.0,0.9907500147819519,0.9729560613632202,0.023717069998383522,0.9851152896881104,0.9615406394004822,4.209317684173584,3.3176043033599854,909.0,0.867996335029602,,,,,,,,,,,,
0,,,2029,4.0,0.9896000027656555,0.9322916269302368,0.026198474690318108,0.9467873573303223,0.9187900424003601,15.53193473815918,4.709263801574707,335.0,10.796472549438477,,,,,,,,,,,,
0,,,2039,4.0,0.9826499819755554,0.9352281093597412,0.03988252952694893,0.9415936470031738,0.9290778636932373,15.144481658935547,3.529256582260132,736.0,11.575342178344727,,,,,,,,,,,,
0,,,2049,4.0,0.9889000058174133,0.960673451423645,0.028614327311515808,0.9671415090560913,0.9544171094894409,13.506780624389648,3.3332197666168213,849.0,10.144947052001953,,,,,,,,,,,,
0,,,2059,4.0,0.9873499870300293,0.9209964275360107,0.028905291110277176,0.9525558948516846,0.8939199447631836,5.75443172454834,3.855802059173584,354.0,1.8697240352630615,,,,,,,,,,,,
0,,,2069,4.0,0.991100013256073,0.9509690403938293,0.03364082798361778,0.9396105408668518,0.9630047082901001,4.775458335876465,3.4614856243133545,666.0,1.2803317308425903,,,,,,,,,,,,
0,,,2079,4.0,0.9761000275611877,0.9252821207046509,0.07771781086921692,0.9246255159378052,0.9259413480758667,14.128143310546875,3.5708744525909424,1007.0,10.479551315307617,,,,,,,,,,,,
0,,,2089,4.0,0.9817500114440918,0.9316935539245605,0.04454376548528671,0.9504600763320923,0.9146957397460938,9.126980781555176,3.49051833152771,867.0,5.591918468475342,,,,,,,,,,,,
0,,,2099,4.0,0.9865999817848206,0.9604945182800293,0.04224572703242302,0.9546314477920532,0.9665532112121582,17.32176971435547,3.348644495010376,1282.0,13.930880546569824,,,,,,,,,,,,
0,,,2109,4.0,0.9894499778747559,0.9386595487594604,0.029850009828805923,0.9421716928482056,0.935208797454834,8.17721939086914,3.7861757278442383,323.0,4.361193656921387,,,,,,,,,,,,
0,,,2119,4.0,0.9878000020980835,0.9427850246429443,0.031516849994659424,0.9398602843284607,0.9457547068595886,6.719449043273926,3.0524396896362305,779.0,3.6354928016662598,,,,,,,,,,,,
0,,,2129,4.0,0.9696999788284302,0.7922585010528564,0.06629971414804459,0.8435389995574951,0.7554088830947876,29.052169799804688,4.5177812576293945,444.0,24.468088150024414,,,,,,,,,,,,
0,,,2139,4.0,0.9846500158309937,0.9432380795478821,0.039803434163331985,0.9496468305587769,0.9370437860488892,8.154860496520996,3.2658843994140625,578.0,4.849172592163086,,,,,,,,,,,,
0,,,2149,4.0,0.9855999946594238,0.9136670827865601,0.03898826614022255,0.910079836845398,0.9173247218132019,44.26805877685547,3.279762029647827,347.0,40.94930648803711,,,,,,,,,,,,
0,,,2159,4.0,0.9800999760627747,0.8598278760910034,0.046024952083826065,0.9058457612991333,0.8239067792892456,38.04915237426758,4.285271167755127,449.0,33.717857360839844,,,,,,,,,,,,
0,,,2169,4.0,0.988099992275238,0.8809622526168823,0.03240257874131203,0.9202691912651062,0.8487331867218018,31.656538009643555,3.6444365978240967,389.0,27.979698181152344,,,,,,,,,,,,
0,,,2179,4.0,0.9837999939918518,0.8946574330329895,0.039308033883571625,0.9156474471092224,0.8758715391159058,10.934661865234375,4.222066402435303,307.0,6.673287868499756,,,,,,,,,,,,
0,,,2189,4.0,0.988349974155426,0.8808610439300537,0.02929331734776497,0.9100624322891235,0.8557513952255249,5.449843883514404,3.515012741088867,218.0,1.9055379629135132,,,,,,,,,,,,
0,,,2199,4.0,0.9878000020980835,0.9568280577659607,0.02843240275979042,0.969856858253479,0.9446380138397217,6.174098014831543,3.417125940322876,793.0,2.7285399436950684,,,,,,,,,,,,
0,,,2209,4.0,0.9883999824523926,0.9045021533966064,0.02871333621442318,0.8995736837387085,0.9095635414123535,8.21917724609375,3.896270990371704,238.0,4.294193267822266,,,,,,,,,,,,
0,,,2219,4.0,0.9883999824523926,0.9549165964126587,0.029319405555725098,0.965885579586029,0.9445390105247498,9.82822036743164,3.4499833583831787,548.0,6.3489179611206055,,,,,,,,,,,,
0,,,2229,4.0,0.9784500002861023,0.9038389921188354,0.0571330264210701,0.8899726271629333,0.9189073443412781,46.396358489990234,4.072321891784668,392.0,42.266902923583984,,,,,,,,,,,,
0,,,2239,4.0,0.9842000007629395,0.9293578863143921,0.04547474533319473,0.9412261247634888,0.9182025790214539,21.148353576660156,4.246030330657959,661.0,16.856847763061523,,,,,,,,,,,,
0,,,2249,4.0,0.9908999800682068,0.9601292610168457,0.023470191285014153,0.9751994609832764,0.9461184740066528,6.8489990234375,3.486602544784546,794.0,3.338926315307617,,,,,,,,,,,,
0,,,2259,4.0,0.9776999950408936,0.9188936948776245,0.0673193484544754,0.8912209272384644,0.9518226385116577,37.403480529785156,3.051494598388672,636.0,34.28466796875,,,,,,,,,,,,
0,,,2269,4.0,0.98294997215271,0.9154882431030273,0.03756731376051903,0.9077444076538086,0.9235755205154419,39.913047790527344,4.633729934692383,447.0,35.24175262451172,,,,,,,,,,,,
0,,,2279,4.0,0.984499990940094,0.8609930872917175,0.03497081622481346,0.8260199427604675,0.9051660299301147,16.251972198486328,3.7441818714141846,151.0,12.472819328308105,,,,,,,,,,,,
0,,,2289,4.0,0.9726499915122986,0.772201418876648,0.07186370342969894,0.8024851679801941,0.7478586435317993,31.526960372924805,4.2890520095825195,302.0,27.166044235229492,,,,,,,,,,,,
0,,,2299,4.0,0.9868000149726868,0.9691814184188843,0.03117857128381729,0.972358226776123,0.9660631418228149,11.326383590698242,3.5317418575286865,910.0,7.763463497161865,,,,,,,,,,,,
0,,,2309,4.0,0.9835000038146973,0.8967746496200562,0.039746347814798355,0.8905153870582581,0.9032604694366455,15.525157928466797,4.215127944946289,447.0,11.270283699035645,,,,,,,,,,,,
0,,,2319,4.0,0.9815499782562256,0.930274248123169,0.04387398809194565,0.9551600217819214,0.9084097146987915,4.429795265197754,3.0946500301361084,760.0,1.2912712097167969,,,,,,,,,,,,
0,,,2329,4.0,0.9856500029563904,0.9349950551986694,0.03636936470866203,0.9722374081611633,0.9038901329040527,15.270820617675781,4.083533763885498,407.0,11.150918006896973,,,,,,,,,,,,
0,,,2339,4.0,0.985450029373169,0.9074334502220154,0.03603944554924965,0.8832045793533325,0.9353240132331848,43.66597366333008,3.773470640182495,251.0,39.85646438598633,,,,,,,,,,,,
0,,,2349,4.0,0.9821500182151794,0.8834399580955505,0.042220499366521835,0.8985879421234131,0.8695074319839478,24.674524307250977,3.8585174083709717,365.0,20.773786544799805,,,,,,,,,,,,
0,,,2359,4.0,0.9908499717712402,0.9030332565307617,0.024167200550436974,0.9562878608703613,0.8614184260368347,5.051693916320801,4.03844690322876,211.0,0.9890798926353455,,,,,,,,,,,,
0,,,2369,4.0,0.9840499758720398,0.8523342609405518,0.03986503928899765,0.8999207615852356,0.8154430389404297,28.35907554626465,4.547965049743652,335.0,23.7712459564209,,,,,,,,,,,,
0,,,2379,4.0,0.9811999797821045,0.9215981960296631,0.05100905895233154,0.9297499656677246,0.9138000011444092,11.024232864379883,3.640727996826172,669.0,7.33249568939209,,,,,,,,,,,,
0,,,2389,4.0,0.990149974822998,0.8830814957618713,0.02577747404575348,0.9434146881103516,0.8377760648727417,15.827079772949219,3.9103496074676514,301.0,11.890953063964844,,,,,,,,,,,,
0,,,2399,4.0,0.9889000058174133,0.9478570222854614,0.03223491087555885,0.9394553899765015,0.9566351175308228,12.618743896484375,3.2717907428741455,564.0,9.314718246459961,,,,,,,,,,,,
0,,,2409,4.0,0.9869999885559082,0.9627068638801575,0.03349490836262703,0.9781169891357422,0.9485059380531311,16.270973205566406,3.403994083404541,950.0,12.833483695983887,,,,,,,,,,,,
0,,,2419,4.0,0.9875500202178955,0.9680095911026001,0.030792297795414925,0.9767744541168213,0.959660530090332,7.930782318115234,3.125657796859741,1010.0,4.774332523345947,,,,,,,,,,,,
0,,,2429,4.0,0.9813500046730042,0.9333436489105225,0.05140116065740585,0.9462793469429016,0.9212788343429565,13.08407974243164,3.924534320831299,561.0,9.10814380645752,,,,,,,,,,,,
0,,,2439,4.0,0.9920499920845032,0.9637255668640137,0.020490428432822227,0.9766518473625183,0.9515754580497742,8.726848602294922,3.558202028274536,751.0,5.148155689239502,,,,,,,,,,,,
0,,,2449,4.0,0.9874500036239624,0.9515969753265381,0.031089862808585167,0.9569166898727417,0.94642174243927,13.338737487792969,3.2718331813812256,850.0,10.03581428527832,,,,,,,,,,,,
0,,,2459,4.0,0.983299970626831,0.9368263483047485,0.037247318774461746,0.9593881368637085,0.9167394042015076,9.559541702270508,3.546239137649536,883.0,5.976054668426514,,,,,,,,,,,,
0,,,2469,4.0,0.9936000108718872,0.9658954739570618,0.016834482550621033,0.9690518975257874,0.9627861976623535,4.521942615509033,3.162672281265259,824.0,1.3424358367919922,,,,,,,,,,,,
0,,,2479,4.0,0.9893500208854675,0.9058413505554199,0.034424155950546265,0.9224168062210083,0.8905994296073914,5.100661754608154,4.136519908905029,386.0,0.9297175407409668,,,,,,,,,,,,
0,,,2489,4.0,0.9868000149726868,0.9510492086410522,0.04012475907802582,0.9553868770599365,0.9468090534210205,5.588212966918945,3.1944782733917236,901.0,2.3536102771759033,,,,,,,,,,,,
0,,,2499,4.0,0.9886500239372253,0.9691488742828369,0.030137689784169197,0.9822812080383301,0.9569078087806702,4.583121299743652,3.279242992401123,944.0,1.2737406492233276,,,,,,,,,,,,
0,,,2509,4.0,0.9910500049591064,0.9620258808135986,0.021677793934941292,0.9778846502304077,0.9473373889923096,5.379636764526367,3.4429543018341064,956.0,1.9150047302246094,,,,,,,,,,,,
0,,,2519,4.0,0.9822999835014343,0.9253157377243042,0.04618870094418526,0.9237549304962158,0.9268901348114014,50.28586196899414,3.671748638153076,466.0,46.56792449951172,,,,,,,,,,,,
0,,,2529,4.0,0.9869999885559082,0.907949686050415,0.03303714096546173,0.9037152528762817,0.9122823476791382,12.319169998168945,4.108932018280029,337.0,8.177200317382812,,,,,,,,,,,,
0,,,2539,4.0,0.9868999719619751,0.9181392192840576,0.03720468282699585,0.9649264812469482,0.8806256055831909,8.405277252197266,3.6701509952545166,465.0,4.6979217529296875,,,,,,,,,,,,
0,,,2549,4.0,0.9850000143051147,0.9530817270278931,0.03832794353365898,0.9556716680526733,0.9505282640457153,17.498218536376953,3.453033685684204,1046.0,14.006855964660645,,,,,,,,,,,,
,9.997557473810373e-05,0.0009997557473810372,2551,,,,,,,,,,,,,,,,,,,,,,
1,,,2559,4.0,0.9951000213623047,0.9710346460342407,0.013209167867898941,0.9923514127731323,0.9516559839248657,10.212833404541016,3.393361806869507,857.0,6.806262493133545,,,,,,,,,,,,
1,,,2569,4.0,0.9840499758720398,0.9299278855323792,0.04433257877826691,0.9117768406867981,0.9500486850738525,14.827144622802734,3.252023220062256,654.0,11.530789375305176,,,,,,,,,,,,
1,,,2579,4.0,0.9871000051498413,0.9318469762802124,0.04375286400318146,0.9061710834503174,0.9614920616149902,9.53225326538086,3.2677347660064697,403.0,6.220766067504883,,,,,,,,,,,,
1,,,2589,4.0,0.9879000186920166,0.9456436634063721,0.025850282981991768,0.9676519632339478,0.9258835911750793,4.651280403137207,3.586599111557007,931.0,1.0388309955596924,,,,,,,,,,,,
1,,,2599,4.0,0.978950023651123,0.9322464466094971,0.056328706443309784,0.9092819094657898,0.958706259727478,7.245173931121826,3.437502145767212,568.0,3.751343011856079,,,,,,,,,,,,
1,,,2609,4.0,0.9894499778747559,0.9735990762710571,0.02649579755961895,0.975909948348999,0.9713181257247925,7.011099815368652,3.3023197650909424,967.0,3.6822845935821533,,,,,,,,,,,,
1,,,2619,4.0,0.9739999771118164,0.8119472861289978,0.058526329696178436,0.8246396780014038,0.8003015518188477,11.906023979187012,3.046999454498291,572.0,8.800498008728027,,,,,,,,,,,,
1,,,2629,4.0,0.9843000173568726,0.9433540105819702,0.04308755323290825,0.9194570779800415,0.9708153009414673,17.155519485473633,3.5862536430358887,525.0,13.526178359985352,,,,,,,,,,,,
1,,,2639,4.0,0.9858499765396118,0.958092451095581,0.035169750452041626,0.946239709854126,0.9707766175270081,8.834811210632324,3.652250289916992,788.0,5.147391319274902,,,,,,,,,,,,
1,,,2649,4.0,0.9919999837875366,0.8320004940032959,0.025036128237843513,0.9181846380233765,0.7758712768554688,16.258277893066406,4.046915531158447,135.0,12.186325073242188,,,,,,,,,,,,
1,,,2659,4.0,0.9872000217437744,0.9140903353691101,0.029363378882408142,0.9031370878219604,0.9257181882858276,5.660449028015137,2.9954514503479004,311.0,2.635633945465088,,,,,,,,,,,,
1,,,2669,4.0,0.9906499981880188,0.9536137580871582,0.03385518118739128,0.9654127359390259,0.9424713850021362,4.290187835693359,3.1888747215270996,844.0,1.067457675933838,,,,,,,,,,,,
1,,,2679,4.0,0.9907000064849854,0.9105325937271118,0.02635040320456028,0.923676073551178,0.8982276916503906,10.918294906616211,4.025541305541992,382.0,6.866403102874756,,,,,,,,,,,,
1,,,2689,4.0,0.9900500178337097,0.9436371326446533,0.026544159278273582,0.9393508434295654,0.9480175971984863,6.979169845581055,3.4920735359191895,433.0,3.460552215576172,,,,,,,,,,,,
1,,,2699,4.0,0.9912999868392944,0.9451948404312134,0.02290424145758152,0.953596830368042,0.9371278285980225,6.237555980682373,3.7932465076446533,338.0,2.42140531539917,,,,,,,,,,,,
1,,,2709,4.0,0.9879000186920166,0.8023934364318848,0.025910012423992157,0.829605221748352,0.779483437538147,14.857297897338867,3.866438388824463,163.0,10.964949607849121,,,,,,,,,,,,
1,,,2719,4.0,0.9854000210762024,0.9468660354614258,0.039041534066200256,0.9327449798583984,0.9621468782424927,5.283892631530762,3.5128931999206543,895.0,1.7319581508636475,,,,,,,,,,,,
1,,,2729,4.0,0.9865999817848206,0.8931427597999573,0.037091709673404694,0.8896582126617432,0.8966954946517944,58.41606521606445,4.14388370513916,396.0,54.23508834838867,,,,,,,,,,,,
1,,,2739,4.0,0.9900500178337097,0.9782930016517639,0.025830581784248352,0.9750233292579651,0.9816280007362366,12.367538452148438,3.643439531326294,953.0,8.698267936706543,,,,,,,,,,,,
1,,,2749,4.0,0.9896500110626221,0.9420264959335327,0.025826388970017433,0.9566860198974609,0.9283770322799683,6.142064571380615,4.4046454429626465,369.0,1.7115925550460815,,,,,,,,,,,,
1,,,2759,4.0,0.9903500080108643,0.8872478008270264,0.021768642589449883,0.9002383351325989,0.8751149773597717,5.764710426330566,4.106357574462891,222.0,1.6365841627120972,,,,,,,,,,,,
1,,,2769,4.0,0.9943000078201294,0.9429819583892822,0.017074406147003174,0.9542051553726196,0.9323303699493408,4.9845194816589355,4.101248264312744,207.0,0.8661965131759644,,,,,,,,,,,,
1,,,2779,4.0,0.9879999756813049,0.956055760383606,0.03612346202135086,0.9606673717498779,0.9515531063079834,10.294513702392578,3.773115396499634,928.0,6.485274314880371,,,,,,,,,,,,
1,,,2789,4.0,0.9855999946594238,0.8866887092590332,0.037547070533037186,0.921633780002594,0.8574662208557129,19.900285720825195,4.114887714385986,397.0,15.74785041809082,,,,,,,,,,,,
1,,,2799,4.0,0.9890000224113464,0.9486263990402222,0.029153116047382355,0.9569727182388306,0.9406208395957947,5.652347564697266,3.3066084384918213,869.0,2.3165862560272217,,,,,,,,,,,,
1,,,2809,4.0,0.9870499968528748,0.9544062614440918,0.0361478328704834,0.9445210099220276,0.9648399949073792,5.446162700653076,3.5004069805145264,1015.0,1.9096078872680664,,,,,,,,,,,,
1,,,2819,4.0,0.9860000014305115,0.8415517807006836,0.046242356300354004,0.8498814105987549,0.8336316347122192,10.209169387817383,3.743769407272339,217.0,6.4191575050354,,,,,,,,,,,,
1,,,2829,4.0,0.9853000044822693,0.9189354181289673,0.03918569162487984,0.9152103662490845,0.9227362871170044,9.801809310913086,4.075194358825684,730.0,5.687429428100586,,,,,,,,,,,,
1,,,2839,4.0,0.9811000227928162,0.9374738931655884,0.04762176424264908,0.9193540811538696,0.9576535224914551,26.476696014404297,3.796430826187134,1042.0,22.63264274597168,,,,,,,,,,,,
1,,,2849,4.0,0.9876000285148621,0.9100717902183533,0.03207562863826752,0.8921884894371033,0.9298315048217773,8.428759574890137,4.886641979217529,248.0,3.510042190551758,,,,,,,,,,,,
1,,,2859,4.0,0.9821500182151794,0.9179579019546509,0.043195903301239014,0.9439923763275146,0.8951927423477173,6.367586135864258,3.664259195327759,432.0,2.660130739212036,,,,,,,,,,,,
1,,,2869,4.0,0.9825500249862671,0.9268823862075806,0.04273815080523491,0.9227166175842285,0.9311455488204956,10.550130844116211,4.031160831451416,447.0,6.476231575012207,,,,,,,,,,,,
1,,,2879,4.0,0.9894000291824341,0.7950247526168823,0.02594020403921604,0.9125446081161499,0.7306657433509827,5.325044631958008,4.212053298950195,145.0,1.0870507955551147,,,,,,,,,,,,
1,,,2889,4.0,0.9813500046730042,0.8877568244934082,0.06053018942475319,0.9231921434402466,0.8583163619041443,8.369499206542969,3.8816750049591064,338.0,4.42729377746582,,,,,,,,,,,,
1,,,2899,4.0,0.9840999841690063,0.9353803396224976,0.04315255954861641,0.9451568722724915,0.9260939359664917,8.289896011352539,4.46735954284668,1166.0,3.7793843746185303,,,,,,,,,,,,
1,,,2909,4.0,0.9887499809265137,0.9688950777053833,0.027465369552373886,0.9738293886184692,0.964091420173645,4.893356800079346,3.7354278564453125,930.0,1.130463719367981,,,,,,,,,,,,
1,,,2919,4.0,0.984000027179718,0.8102970123291016,0.03439784422516823,0.8347012996673584,0.7893807888031006,20.484050750732422,4.491489410400391,148.0,15.95816421508789,,,,,,,,,,,,
1,,,2929,4.0,0.9822499752044678,0.9509450197219849,0.048316001892089844,0.9411739110946655,0.961298942565918,24.145687103271484,3.9718005657196045,1010.0,20.12557029724121,,,,,,,,,,,,
1,,,2939,4.0,0.9858999848365784,0.9009405374526978,0.032656896859407425,0.9382905960083008,0.8699109554290771,10.520731925964355,4.747938632965088,327.0,5.740136623382568,,,,,,,,,,,,
1,,,2949,4.0,0.9858499765396118,0.94764244556427,0.0341477207839489,0.9612791538238525,0.9349318742752075,8.406858444213867,4.247542381286621,816.0,4.125168800354004,,,,,,,,,,,,
1,,,2959,4.0,0.9874500036239624,0.9100135564804077,0.03327830508351326,0.919806957244873,0.9007048606872559,7.662349700927734,4.391763687133789,402.0,3.237307548522949,,,,,,,,,,,,
1,,,2969,4.0,0.9819999933242798,0.7865841388702393,0.04571268707513809,0.8114355802536011,0.7656018137931824,7.321372985839844,4.3651533126831055,170.0,2.9105074405670166,,,,,,,,,,,,
1,,,2979,4.0,0.9788500070571899,0.9558792114257812,0.05691119283437729,0.9479259252548218,0.9642664194107056,30.464630126953125,4.575110912322998,1445.0,25.83260726928711,,,,,,,,,,,,
1,,,2989,4.0,0.9905999898910522,0.9719505906105042,0.02880151756107807,0.9744940400123596,0.9694411754608154,6.752299785614014,5.205799579620361,952.0,1.5176986455917358,,,,,,,,,,,,
1,,,2999,4.0,0.9794999957084656,0.8957518935203552,0.046160466969013214,0.8918284177780151,0.8997660875320435,10.681132316589355,5.669424533843994,416.0,4.96554708480835,,,,,,,,,,,,
1,,,3009,4.0,0.9871000051498413,0.9115556478500366,0.0301213376224041,0.8960552215576172,0.9284487962722778,6.37247371673584,5.2131218910217285,268.0,1.1292304992675781,,,,,,,,,,,,
1,,,3019,4.0,0.9887999892234802,0.9527421593666077,0.027579227462410927,0.96513831615448,0.9410884976387024,6.102161407470703,4.5761799812316895,948.0,1.4984021186828613,,,,,,,,,,,,
1,,,3029,4.0,0.9778500199317932,0.9143441319465637,0.05644751712679863,0.9082448482513428,0.9206653833389282,12.007101058959961,4.896037578582764,496.0,7.0546159744262695,,,,,,,,,,,,
1,,,3039,4.0,0.9850999712944031,0.8459786176681519,0.034766968339681625,0.8601677417755127,0.8329299092292786,10.548358917236328,7.232466220855713,233.0,3.281125545501709,,,,,,,,,,,,
1,,,3049,4.0,0.9853000044822693,0.9068598747253418,0.03466404229402542,0.9121389985084534,0.9017278552055359,7.860278129577637,5.753841876983643,308.0,2.0717718601226807,,,,,,,,,,,,
1,,,3059,4.0,0.9898999929428101,0.8955962657928467,0.02727452479302883,0.9169613718986511,0.8764272332191467,7.006710529327393,5.5687103271484375,259.0,1.410725474357605,,,,,,,,,,,,
1,,,3069,4.0,0.9789000153541565,0.950684666633606,0.05091263726353645,0.9290016889572144,0.9757288098335266,11.621862411499023,3.8507497310638428,907.0,7.7201995849609375,,,,,,,,,,,,
1,,,3079,4.0,0.9852499961853027,0.940536379814148,0.0463884137570858,0.9406904578208923,0.9403824806213379,7.122676849365234,6.353705406188965,636.0,0.7225830554962158,,,,,,,,,,,,
1,,,3089,4.0,0.9840499758720398,0.8931469917297363,0.04538644850254059,0.9426074028015137,0.8544063568115234,9.970316886901855,9.870640754699707,765.0,0.05428972467780113,,,,,,,,,,,,
1,,,3099,4.0,0.9739000201225281,0.776134729385376,0.06186602637171745,0.7442686557769775,0.8187495470046997,6.609819412231445,5.961312294006348,315.0,0.5866411924362183,,,,,,,,,,,,
1,,,3109,4.0,0.9819499850273132,0.9266683459281921,0.048139698803424835,0.9298567175865173,0.9235351085662842,8.399921417236328,6.87757682800293,854.0,1.4742045402526855,,,,,,,,,,,,
1,,,3119,4.0,0.9845499992370605,0.7006752490997314,0.04618117958307266,0.7788203954696655,0.6576420068740845,5.447197914123535,5.101078033447266,120.0,0.299938440322876,,,,,,,,,,,,
1,,,3129,4.0,0.9808499813079834,0.9305868148803711,0.047756608575582504,0.9191465377807617,0.9428102970123291,7.282744884490967,5.802698135375977,638.0,1.432289958000183,,,,,,,,,,,,
1,,,3139,4.0,0.9907500147819519,0.9481878876686096,0.023746199905872345,0.9700143337249756,0.9284995794296265,6.446347236633301,5.309457778930664,860.0,1.1131434440612793,,,,,,,,,,,,
1,,,3149,4.0,0.985450029373169,0.9049888849258423,0.0343351885676384,0.9231172800064087,0.8884869813919067,8.703776359558105,4.888149261474609,336.0,3.7812917232513428,,,,,,,,,,,,
1,,,3159,4.0,0.9879500269889832,0.9504850506782532,0.03319249302148819,0.9487220048904419,0.9522644281387329,7.15493631362915,5.522793769836426,733.0,1.598949909210205,,,,,,,,,,,,
1,,,3169,4.0,0.9849500060081482,0.9457491636276245,0.03199252486228943,0.9486398696899414,0.9429029226303101,6.648635387420654,5.7975592613220215,785.0,0.8190836906433105,,,,,,,,,,,,
1,,,3179,4.0,0.9850500226020813,0.9578623175621033,0.03372817486524582,0.9596333503723145,0.956108808517456,4.935704708099365,4.339043140411377,824.0,0.5629334449768066,,,,,,,,,,,,
1,,,3189,4.0,0.9852499961853027,0.9521918296813965,0.03906366601586342,0.9628519415855408,0.942118227481842,8.788646697998047,5.712794303894043,899.0,3.0367891788482666,,,,,,,,,,,,
1,,,3199,4.0,0.9722999930381775,0.881725013256073,0.06856811791658401,0.926458477973938,0.8466625809669495,8.729114532470703,5.790563583374023,489.0,2.8699827194213867,,,,,,,,,,,,
1,,,3209,4.0,0.9835000038146973,0.904013991355896,0.04348943009972572,0.9168579578399658,0.8920210599899292,6.556838512420654,5.920167922973633,432.0,0.5931809544563293,,,,,,,,,,,,
1,,,3219,4.0,0.9875500202178955,0.8365942239761353,0.027643829584121704,0.8263197541236877,0.8475731611251831,6.351822376251221,5.810997486114502,175.0,0.5131812691688538,,,,,,,,,,,,
1,,,3229,4.0,0.9866499900817871,0.9127199649810791,0.03348496928811073,0.9100079536437988,0.9154716730117798,7.1214423179626465,5.352423667907715,553.0,1.735533595085144,,,,,,,,,,,,
1,,,3239,4.0,0.9881500005722046,0.9514802694320679,0.03193634748458862,0.9788340330123901,0.9275238513946533,5.9309282302856445,5.049346446990967,907.0,0.8496454954147339,,,,,,,,,,,,
1,,,3249,4.0,0.9907000064849854,0.9652696847915649,0.030823614448308945,0.9753345251083374,0.9556975364685059,5.157080173492432,4.464994430541992,817.0,0.661262035369873,,,,,,,,,,,,
1,,,3259,4.0,0.9859499931335449,0.9346792697906494,0.0330996960401535,0.9726759195327759,0.9030312299728394,8.510075569152832,6.0977935791015625,475.0,2.3791821002960205,,,,,,,,,,,,
1,,,3269,4.0,0.9865000247955322,0.8225891590118408,0.033264219760894775,0.8250536918640137,0.8201636075973511,6.384931564331055,6.014491081237793,202.0,0.3371760845184326,,,,,,,,,,,,
1,,,3279,4.0,0.9782999753952026,0.8525291681289673,0.05147484689950943,0.8783479928970337,0.8303053379058838,7.606242656707764,6.744035243988037,305.0,0.8107321858406067,,,,,,,,,,,,
1,,,3289,4.0,0.991349995136261,0.9350336790084839,0.022565141320228577,0.9592188596725464,0.9134467840194702,7.18303108215332,4.957369804382324,339.0,2.2030959129333496,,,,,,,,,,,,
1,,,3299,4.0,0.979200005531311,0.898472785949707,0.061410170048475266,0.8766947388648987,0.9233672618865967,6.665059566497803,6.1736884117126465,549.0,0.42996105551719666,,,,,,,,,,,,
1,,,3309,4.0,0.9732000231742859,0.9175733923912048,0.05837823450565338,0.9489681720733643,0.8911957740783691,7.722373008728027,6.265985012054443,835.0,1.3980097770690918,,,,,,,,,,,,
1,,,3319,4.0,0.9789000153541565,0.9203368425369263,0.05150182545185089,0.9315694570541382,0.9097797870635986,8.412821769714355,6.143253803253174,639.0,2.218066453933716,,,,,,,,,,,,
1,,,3329,4.0,0.9906499981880188,0.916359543800354,0.045952096581459045,0.9470251798629761,0.8898667097091675,5.87481689453125,5.125691890716553,237.0,0.7031724452972412,,,,,,,,,,,,
1,,,3339,4.0,0.9761000275611877,0.8355124592781067,0.05104851722717285,0.8599557876586914,0.8144611716270447,7.2907795906066895,6.688449859619141,303.0,0.5512815117835999,,,,,,,,,,,,
1,,,3349,4.0,0.9894999861717224,0.95000821352005,0.03678172454237938,0.9558049440383911,0.9443769454956055,5.2017364501953125,4.6683030128479,677.0,0.49665141105651855,,,,,,,,,,,,
1,,,3359,4.0,0.9804499745368958,0.8707852363586426,0.04588654637336731,0.870559573173523,0.8710110783576965,6.113835334777832,4.914971828460693,345.0,1.1529771089553833,,,,,,,,,,,,
1,,,3369,4.0,0.977649986743927,0.9303969144821167,0.06402646750211716,0.9276580214500427,0.9331802725791931,13.382230758666992,5.324538707733154,1279.0,7.99366569519043,,,,,,,,,,,,
1,,,3379,4.0,0.9829999804496765,0.9437285661697388,0.04323381185531616,0.9415333271026611,0.9459507465362549,6.6694865226745605,6.478257179260254,546.0,0.14799560606479645,,,,,,,,,,,,
1,,,3389,4.0,0.9911500215530396,0.92905592918396,0.02606036700308323,0.9518457055091858,0.9086062908172607,5.849783420562744,5.509042739868164,247.0,0.314680278301239,,,,,,,,,,,,
1,,,3399,4.0,0.9800000190734863,0.840273380279541,0.047467540949583054,0.8454407453536987,0.8352713584899902,8.023931503295898,5.795526027679443,443.0,2.1809372901916504,,,,,,,,,,,,
1,,,3409,4.0,0.9926499724388123,0.935340166091919,0.02502117119729519,0.9293016791343689,0.9415632486343384,5.5385565757751465,5.274768829345703,499.0,0.23876646161079407,,,,,,,,,,,,
1,,,3419,4.0,0.9851999878883362,0.8519530892372131,0.03340998664498329,0.8199939727783203,0.8915958404541016,6.549045562744141,6.216175556182861,273.0,0.2994597554206848,,,,,,,,,,,,
1,,,3429,4.0,0.9908499717712402,0.9650119543075562,0.025510571897029877,0.9716940522193909,0.9585496187210083,6.170890808105469,5.285991191864014,884.0,0.8593887686729431,,,,,,,,,,,,
1,,,3439,4.0,0.9812999963760376,0.9430890679359436,0.0502624437212944,0.9391558170318604,0.9471123218536377,6.326952934265137,4.652232646942139,1102.0,1.6244577169418335,,,,,,,,,,,,
1,,,3449,4.0,0.9818000197410583,0.909346342086792,0.0446375347673893,0.9605167508125305,0.8695226907730103,7.1038737297058105,5.244051456451416,555.0,1.815184473991394,,,,,,,,,,,,
1,,,3459,4.0,0.9804499745368958,0.9251456260681152,0.04431251436471939,0.9258465766906738,0.9244474172592163,7.011954307556152,6.809005260467529,711.0,0.15863649547100067,,,,,,,,,,,,
1,,,3469,4.0,0.9777500033378601,0.9129123687744141,0.04691504314541817,0.9420702457427979,0.8879492282867432,7.5659637451171875,4.498873710632324,815.0,3.0201752185821533,,,,,,,,,,,,
1,,,3479,4.0,0.9848499894142151,0.9555375576019287,0.03615150973200798,0.9576119780540466,0.9534869194030762,6.097413063049316,5.151236057281494,922.0,0.9100257754325867,,,,,,,,,,,,
1,,,3489,4.0,0.9717000126838684,0.8985151648521423,0.0651077926158905,0.9039433598518372,0.8932613134384155,10.372396469116211,6.533133506774902,599.0,3.774155616760254,,,,,,,,,,,,
1,,,3499,4.0,0.985450029373169,0.9011818170547485,0.04083796963095665,0.9188522100448608,0.8850684762001038,6.910738468170166,5.884537220001221,396.0,0.9853634238243103,,,,,,,,,,,,
1,,,3509,4.0,0.9644500017166138,0.8981355428695679,0.09000638127326965,0.9102873802185059,0.8868786096572876,11.488152503967285,6.727557182312012,1450.0,4.670588970184326,,,,,,,,,,,,
1,,,3519,4.0,0.9889500141143799,0.9070930480957031,0.028094643726944923,0.9100067615509033,0.9042234420776367,7.293125152587891,6.9563069343566895,496.0,0.3087235987186432,,,,,,,,,,,,
1,,,3529,4.0,0.9868999719619751,0.9241940975189209,0.03284137696027756,0.9395204186439514,0.9100093841552734,7.402726650238037,6.0243024826049805,319.0,1.3455828428268433,,,,,,,,,,,,
1,,,3539,4.0,0.9873499870300293,0.9321008920669556,0.03821789473295212,0.9413121938705444,0.9233106374740601,6.622950077056885,6.336122035980225,527.0,0.24860987067222595,,,,,,,,,,,,
1,,,3549,4.0,0.9909499883651733,0.9564881324768066,0.02902386523783207,0.9622334837913513,0.9509025812149048,6.932332515716553,5.6905741691589355,956.0,1.2127348184585571,,,,,,,,,,,,
1,,,3559,4.0,0.9742500185966492,0.8163435459136963,0.055160894989967346,0.876183271408081,0.7741492986679077,7.627140045166016,7.170129299163818,350.0,0.40184974670410156,,,,,,,,,,,,
1,,,3569,4.0,0.9851999878883362,0.9368533492088318,0.036865416914224625,0.9365274310112,0.9371798038482666,5.500728607177734,4.908207416534424,696.0,0.5556561946868896,,,,,,,,,,,,
1,,,3579,4.0,0.9782500267028809,0.9165022373199463,0.05878940969705582,0.8874123692512512,0.9514147043228149,6.6095099449157715,6.329827308654785,677.0,0.2208934873342514,,,,,,,,,,,,
1,,,3589,4.0,0.978950023651123,0.8498653173446655,0.04897870123386383,0.9249122142791748,0.7988677024841309,10.698606491088867,6.148036003112793,504.0,4.501591682434082,,,,,,,,,,,,
1,,,3599,4.0,0.9861500263214111,0.8659058809280396,0.040063027292490005,0.9102101922035217,0.8307067155838013,7.272449493408203,5.974560260772705,230.0,1.257826328277588,,,,,,,,,,,,
1,,,3609,4.0,0.986050009727478,0.9378007650375366,0.03298848867416382,0.9460569620132446,0.9298892021179199,5.832529067993164,4.600342273712158,686.0,1.1991984844207764,,,,,,,,,,,,
1,,,3619,4.0,0.9770500063896179,0.9249659776687622,0.05142921581864357,0.9496471881866455,0.9033918380737305,6.396198272705078,5.366967678070068,947.0,0.9778010845184326,,,,,,,,,,,,
1,,,3629,4.0,0.9849500060081482,0.7783710956573486,0.03177322447299957,0.9048397541046143,0.7136833667755127,7.007328033447266,6.6836652755737305,269.0,0.29188960790634155,,,,,,,,,,,,
1,,,3639,4.0,0.9835000038146973,0.8039239048957825,0.054232288151979446,0.8088458776473999,0.7991654276847839,7.106022834777832,6.988462448120117,225.0,0.06332844495773315,,,,,,,,,,,,
1,,,3649,4.0,0.98580002784729,0.9459323883056641,0.03610725328326225,0.9721269011497498,0.9229483604431152,6.711569309234619,6.235947608947754,896.0,0.4395145773887634,,,,,,,,,,,,
1,,,3659,4.0,0.9844499826431274,0.9640682935714722,0.04462941363453865,0.9511107206344604,0.9781216382980347,12.468372344970703,4.596637725830078,1099.0,7.8271050453186035,,,,,,,,,,,,
1,,,3669,4.0,0.9825000166893005,0.7359061241149902,0.04341121017932892,0.8111391067504883,0.6909427046775818,7.999858856201172,6.520735263824463,176.0,1.435712218284607,,,,,,,,,,,,
1,,,3679,4.0,0.9896500110626221,0.8955750465393066,0.028988296166062355,0.9228074550628662,0.8718174695968628,6.482580184936523,6.253209114074707,318.0,0.20038262009620667,,,,,,,,,,,,
1,,,3689,4.0,0.9797000288963318,0.8344115614891052,0.045001912862062454,0.8488557934761047,0.8212074041366577,7.622010231018066,6.007717609405518,334.0,1.5692905187606812,,,,,,,,,,,,
1,,,3699,4.0,0.9834499955177307,0.8780854940414429,0.0368925966322422,0.8912538886070251,0.8658473491668701,7.720820426940918,7.5495781898498535,271.0,0.13434968888759613,,,,,,,,,,,,
1,,,3709,4.0,0.9850000143051147,0.9451723694801331,0.03635223209857941,0.9613808393478394,0.9302663803100586,5.538542747497559,5.02113676071167,894.0,0.48105406761169434,,,,,,,,,,,,
1,,,3719,4.0,0.9801999926567078,0.8940820097923279,0.04773777723312378,0.9112310409545898,0.8784691095352173,7.778928756713867,5.988436222076416,398.0,1.7427546977996826,,,,,,,,,,,,
1,,,3729,4.0,0.9917500019073486,0.8133504390716553,0.022669827565550804,0.816855788230896,0.8099240064620972,5.229237079620361,4.433582305908203,127.0,0.77298504114151,,,,,,,,,,,,
1,,,3739,4.0,0.9730499982833862,0.8935085535049438,0.06338225305080414,0.9126995801925659,0.876317024230957,7.459486961364746,7.059568405151367,629.0,0.33653637766838074,,,,,,,,,,,,
1,,,3749,4.0,0.9894999861717224,0.9430617690086365,0.024550260975956917,0.9391944408416748,0.9470062851905823,6.909852027893066,6.344200134277344,374.0,0.5411016941070557,,,,,,,,,,,,
1,,,3759,4.0,0.9763000011444092,0.9065103530883789,0.053137004375457764,0.9076223373413086,0.9054055213928223,6.981818675994873,5.936929225921631,515.0,0.991752564907074,,,,,,,,,,,,
1,,,3769,4.0,0.9886500239372253,0.9541470408439636,0.032243989408016205,0.960126519203186,0.948346734046936,5.102668285369873,4.662398338317871,936.0,0.40802574157714844,,,,,,,,,,,,
1,,,3779,4.0,0.980650007724762,0.8665723204612732,0.0503828227519989,0.9101480841636658,0.8320322036743164,6.7016987800598145,6.507816791534424,398.0,0.14349955320358276,,,,,,,,,,,,
1,,,3789,4.0,0.988349974155426,0.9378294944763184,0.031021911650896072,0.9397343397140503,0.935943067073822,6.305828094482422,5.689754962921143,306.0,0.5850511789321899,,,,,,,,,,,,
1,,,3799,4.0,0.9779999852180481,0.8128100037574768,0.051570117473602295,0.8481603264808655,0.7844294309616089,6.464666366577148,5.754992485046387,278.0,0.6581040620803833,,,,,,,,,,,,
1,,,3809,4.0,0.9884499907493591,0.879542350769043,0.03187834471464157,0.8689509630203247,0.8908005952835083,6.129425525665283,5.115322589874268,306.0,0.9822246432304382,,,,,,,,,,,,
1,,,3819,4.0,0.986299991607666,0.9449809193611145,0.03336744010448456,0.9456013441085815,0.9443624019622803,7.263279914855957,4.952338218688965,644.0,2.277574300765991,,,,,,,,,,,,
1,,,3829,4.0,0.991599977016449,0.9750558733940125,0.020420044660568237,0.9766711592674255,0.9734542965888977,5.324863910675049,4.233344078063965,923.0,1.0710996389389038,,,,,,,,,,,,
1,,,3839,4.0,0.9894999861717224,0.9179799556732178,0.025695830583572388,0.9475082159042358,0.8923630118370056,6.506999969482422,6.190882682800293,217.0,0.29042136669158936,,,,,,,,,,,,
1,,,3849,4.0,0.9795500040054321,0.8604106903076172,0.05035153031349182,0.9044786095619202,0.8257009983062744,7.376419544219971,6.259610176086426,359.0,1.066457748413086,,,,,,,,,,,,
1,,,3859,4.0,0.9883000254631042,0.8857792615890503,0.026607299223542213,0.8727107048034668,0.899864673614502,6.310858726501465,4.790413856506348,287.0,1.4938374757766724,,,,,,,,,,,,
1,,,3869,4.0,0.9814000129699707,0.9071056842803955,0.0484449602663517,0.9168173670768738,0.8978947401046753,7.259199142456055,6.377291202545166,565.0,0.8334631323814392,,,,,,,,,,,,
1,,,3879,4.0,0.978950023651123,0.9508623480796814,0.045665889978408813,0.9421154260635376,0.9601098895072937,5.495593070983887,5.106962203979492,928.0,0.34296515583992004,,,,,,,,,,,,
1,,,3889,4.0,0.9714499711990356,0.8832684755325317,0.061698466539382935,0.8394654989242554,0.9433810114860535,5.356932163238525,4.2771382331848145,870.0,1.01809561252594,,,,,,,,,,,,
1,,,3899,4.0,0.9891999959945679,0.9577139616012573,0.0273900143802166,0.9724806547164917,0.9439916610717773,6.001473426818848,5.111761093139648,939.0,0.8623223900794983,,,,,,,,,,,,
1,,,3909,4.0,0.9864000082015991,0.9590387344360352,0.039450544863939285,0.9626908302307129,0.955458402633667,5.73091983795166,5.213014125823975,927.0,0.47845518589019775,,,,,,,,,,,,
1,,,3919,4.0,0.9851999878883362,0.8568393588066101,0.03584864363074303,0.8371580839157104,0.8791524171829224,5.565821647644043,4.824946403503418,228.0,0.7050268054008484,,,,,,,,,,,,
1,,,3929,4.0,0.9815499782562256,0.9000982046127319,0.04605185240507126,0.9158263206481934,0.885650634765625,7.327785015106201,6.329788684844971,391.0,0.9519442319869995,,,,,,,,,,,,
1,,,3939,4.0,0.9858499765396118,0.9455705881118774,0.029872054234147072,0.9483930468559265,0.9427900314331055,5.641418933868408,4.879778861999512,781.0,0.7317681312561035,,,,,,,,,,,,
1,,,3949,4.0,0.9823499917984009,0.852531909942627,0.047515127807855606,0.8390233516693115,0.8672621250152588,7.563215255737305,5.465182781219482,435.0,2.0505175590515137,,,,,,,,,,,,
1,,,3959,4.0,0.9871000051498413,0.9639097452163696,0.028765859082341194,0.979764461517334,0.9493388533592224,5.207494735717773,4.550290584564209,946.0,0.6284382343292236,,,,,,,,,,,,
1,,,3969,4.0,0.9851999878883362,0.943794846534729,0.03622978553175926,0.9355897903442383,0.9523775577545166,8.844887733459473,6.108222484588623,840.0,2.7004354000091553,,,,,,,,,,,,
1,,,3979,4.0,0.9845499992370605,0.9020508527755737,0.038069140166044235,0.932732343673706,0.8757973909378052,6.951409816741943,6.18814754486084,500.0,0.725193202495575,,,,,,,,,,,,
1,,,3989,4.0,0.9581000208854675,0.7988052368164062,0.09182903170585632,0.8864964842796326,0.746942400932312,6.9211626052856445,5.772915363311768,696.0,1.0564181804656982,,,,,,,,,,,,
1,,,3999,4.0,0.9866999983787537,0.9495242834091187,0.032406143844127655,0.9781768321990967,0.9246429800987244,6.072879791259766,5.4869489669799805,896.0,0.5535246729850769,,,,,,,,,,,,
1,,,4009,4.0,0.9721999764442444,0.7892903089523315,0.06534366309642792,0.7913492918014526,0.7872632741928101,6.5968403816223145,5.6298933029174805,248.0,0.9016032814979553,,,,,,,,,,,,
1,,,4019,4.0,0.9823499917984009,0.7991567850112915,0.03902560845017433,0.8511110544204712,0.7612259387969971,6.784238338470459,6.255245685577393,161.0,0.48996680974960327,,,,,,,,,,,,
1,,,4029,4.0,0.9853000044822693,0.9522638320922852,0.04669393226504326,0.9415892362594604,0.9635987877845764,5.171823978424072,4.539787292480469,744.0,0.5853427052497864,,,,,,,,,,,,
1,,,4039,4.0,0.986549973487854,0.8392541408538818,0.03507013991475105,0.88287752866745,0.8049509525299072,6.034272193908691,5.466543674468994,162.0,0.5326587557792664,,,,,,,,,,,,
1,,,4049,4.0,0.9793000221252441,0.9374387860298157,0.053457774221897125,0.9639699459075928,0.914437472820282,6.0691609382629395,5.427602291107178,813.0,0.5881010293960571,,,,,,,,,,,,
1,,,4059,4.0,0.9710999727249146,0.8500242233276367,0.07272463291883469,0.9200342893600464,0.8020117282867432,7.5103068351745605,6.660816669464111,528.0,0.7767655253410339,,,,,,,,,,,,
1,,,4069,4.0,0.9898999929428101,0.9782204031944275,0.029009973630309105,0.9686871767044067,0.9883353114128113,5.016756534576416,4.440080165863037,922.0,0.5476665496826172,,,,,,,,,,,,
1,,,4079,4.0,0.9765499830245972,0.9076538681983948,0.05627861246466637,0.9487603902816772,0.8745015263557434,8.428385734558105,8.280062675476074,519.0,0.09204460680484772,,,,,,,,,,,,
1,,,4089,4.0,0.9814000129699707,0.902841329574585,0.04645942524075508,0.924517035484314,0.8835206031799316,5.982752323150635,5.609086036682129,440.0,0.32720690965652466,,,,,,,,,,,,
1,,,4099,4.0,0.9879000186920166,0.928856611251831,0.03066927194595337,0.91988205909729,0.9382686614990234,6.062519550323486,5.353119850158691,552.0,0.6787305474281311,,,,,,,,,,,,
1,,,4109,4.0,0.9725499749183655,0.9190533757209778,0.06224079430103302,0.9321093559265137,0.9069627523422241,7.58085823059082,7.125600337982178,1171.0,0.3930172324180603,,,,,,,,,,,,
1,,,4119,4.0,0.9870499968528748,0.9732423424720764,0.034851301461458206,0.9656323194503784,0.9812333583831787,6.192293167114258,5.418226718902588,1055.0,0.7392153739929199,,,,,,,,,,,,
1,,,4129,4.0,0.9861000180244446,0.9457595348358154,0.03327067568898201,0.9646593928337097,0.9285825490951538,7.158191680908203,4.761116027832031,885.0,2.363804578781128,,,,,,,,,,,,
1,,,4139,4.0,0.984000027179718,0.907509982585907,0.04355418309569359,0.9058042168617249,0.9092318415641785,7.947821617126465,5.858043193817139,321.0,2.0462241172790527,,,,,,,,,,,,
1,,,4149,4.0,0.9778000116348267,0.9346133470535278,0.05187654495239258,0.9150145649909973,0.9567619562149048,6.072861671447754,4.794177055358887,857.0,1.2268080711364746,,,,,,,,,,,,
1,,,4159,4.0,0.9832500219345093,0.8483724594116211,0.03740696236491203,0.8610434532165527,0.8366209268569946,6.260454177856445,5.951388835906982,288.0,0.2716582417488098,,,,,,,,,,,,
1,,,4169,4.0,0.9876000285148621,0.9391028881072998,0.03021973930299282,0.9297150373458862,0.948970377445221,7.546774387359619,6.007580280303955,539.0,1.508974552154541,,,,,,,,,,,,
1,,,4179,4.0,0.9858999848365784,0.9100335836410522,0.036465294659137726,0.9002100825309753,0.9204052686691284,6.545538425445557,5.1135945320129395,251.0,1.3954787254333496,,,,,,,,,,,,
1,,,4189,4.0,0.98089998960495,0.8963251113891602,0.04424288496375084,0.8932435512542725,0.8994616270065308,6.699957370758057,6.406879901885986,452.0,0.24883465468883514,,,,,,,,,,,,
1,,,4199,4.0,0.9833999872207642,0.9147288799285889,0.04100063070654869,0.9090820550918579,0.9205555319786072,6.918756484985352,5.400110721588135,355.0,1.477644681930542,,,,,,,,,,,,
1,,,4209,4.0,0.9846000075340271,0.9222534894943237,0.03698466718196869,0.9249454140663147,0.9196000099182129,5.60118293762207,5.076827049255371,325.0,0.4873715341091156,,,,,,,,,,,,
1,,,4219,4.0,0.9922999739646912,0.829193115234375,0.02391831949353218,0.8054171800613403,0.857123613357544,5.240991115570068,5.142019271850586,83.0,0.07505349069833755,,,,,,,,,,,,
1,,,4229,4.0,0.9793999791145325,0.8596522808074951,0.04907657951116562,0.8670592904090881,0.8525670766830444,6.255778789520264,5.9185686111450195,372.0,0.288133829832077,,,,,,,,,,,,
1,,,4239,4.0,0.9847999811172485,0.8778778314590454,0.048682715743780136,0.9021818041801453,0.8565446138381958,6.083269119262695,5.886907577514648,334.0,0.14767873287200928,,,,,,,,,,,,
1,,,4249,4.0,0.9821500182151794,0.9060971140861511,0.04341471940279007,0.9227944612503052,0.8908205032348633,7.894596576690674,7.134695053100586,399.0,0.7164867520332336,,,,,,,,,,,,
1,,,4259,4.0,0.9834499955177307,0.9497450590133667,0.051032744348049164,0.9614084959030151,0.9387967586517334,4.811868190765381,4.352774620056152,832.0,0.4080609083175659,,,,,,,,,,,,
1,,,4269,4.0,0.9855499863624573,0.946157693862915,0.03509128838777542,0.9347180128097534,0.9583438634872437,4.621231555938721,4.100564479827881,794.0,0.4855758547782898,,,,,,,,,,,,
1,,,4279,4.0,0.9852499961853027,0.8865187764167786,0.034605350345373154,0.8572537899017334,0.921541690826416,5.906496524810791,5.639623641967773,231.0,0.2322673350572586,,,,,,,,,,,,
1,,,4289,4.0,0.9747999906539917,0.9203960299491882,0.0655854344367981,0.9007676839828491,0.9426268339157104,7.053540229797363,6.499965190887451,893.0,0.48798930644989014,,,,,,,,,,,,
1,,,4299,4.0,0.9880499839782715,0.8531464338302612,0.03281484544277191,0.9066559076309204,0.8125864267349243,5.774019718170166,5.555251598358154,236.0,0.18595293164253235,,,,,,,,,,,,
1,,,4309,4.0,0.9757000207901001,0.8688706755638123,0.05745044723153114,0.856099009513855,0.8827306032180786,6.78670597076416,5.546687602996826,306.0,1.1825679540634155,,,,,,,,,,,,
1,,,4319,4.0,0.9771999716758728,0.874767005443573,0.055939026176929474,0.8974339962005615,0.8548256158828735,6.856085777282715,6.2259135246276855,552.0,0.5742328763008118,,,,,,,,,,,,
1,,,4329,4.0,0.9828500151634216,0.8838150501251221,0.03925325348973274,0.9017322063446045,0.8675661087036133,6.481054306030273,5.9526166915893555,374.0,0.48918458819389343,,,,,,,,,,,,
1,,,4339,4.0,0.9743499755859375,0.874635636806488,0.055040374398231506,0.9374157190322876,0.8293260335922241,7.139456748962402,5.890425682067871,367.0,1.1939908266067505,,,,,,,,,,,,
1,,,4349,4.0,0.9764500260353088,0.8639377355575562,0.054057758301496506,0.8844695091247559,0.8457173109054565,7.331966400146484,7.246222496032715,304.0,0.03168627619743347,,,,,,,,,,,,
1,,,4359,4.0,0.9892500042915344,0.95157390832901,0.029172701761126518,0.9489008188247681,0.9542839527130127,6.626115798950195,6.175970077514648,872.0,0.42097294330596924,,,,,,,,,,,,
1,,,4369,4.0,0.9915500283241272,0.9691426157951355,0.022638501599431038,0.9746195077896118,0.963814377784729,5.6624555587768555,5.474102973937988,936.0,0.16571450233459473,,,,,,,,,,,,
1,,,4379,4.0,0.9889500141143799,0.9285306334495544,0.03367924317717552,0.9178724884986877,0.9398051500320435,6.489617824554443,5.522012710571289,297.0,0.9339261054992676,,,,,,,,,,,,
1,,,4389,4.0,0.9894499778747559,0.9594184160232544,0.025341857224702835,0.9679633378982544,0.9512337446212769,5.381533145904541,4.391757965087891,843.0,0.9644331336021423,,,,,,,,,,,,
1,,,4399,4.0,0.9824000000953674,0.9524376392364502,0.04430894926190376,0.9518563747406006,0.9530208706855774,7.235283851623535,6.9415717124938965,968.0,0.2494032084941864,,,,,,,,,,,,
1,,,4409,4.0,0.9814000129699707,0.8242640495300293,0.039027322083711624,0.8650162220001221,0.7921826839447021,6.498417854309082,6.1156392097473145,330.0,0.34375157952308655,,,,,,,,,,,,
1,,,4419,4.0,0.9908499717712402,0.9259847402572632,0.02271982654929161,0.9125841856002808,0.9403589963912964,6.387476444244385,5.240760326385498,368.0,1.123996376991272,,,,,,,,,,,,
1,,,4429,4.0,0.9856500029563904,0.9259109497070312,0.0331123061478138,0.9168539047241211,0.9354254007339478,5.800329208374023,4.841732978820801,399.0,0.9254837036132812,,,,,,,,,,,,
1,,,4439,4.0,0.9919999837875366,0.9705751538276672,0.020974643528461456,0.9759645462036133,0.9653290510177612,4.766001224517822,4.425792217254639,863.0,0.3192341923713684,,,,,,,,,,,,
1,,,4449,4.0,0.990149974822998,0.8484795093536377,0.026815935969352722,0.9076199531555176,0.804794430732727,5.453174591064453,5.1547956466674805,146.0,0.2715631127357483,,,,,,,,,,,,
1,,,4459,4.0,0.9810000061988831,0.9483883380889893,0.045191697776317596,0.9746352434158325,0.925627589225769,6.2856011390686035,5.572717666625977,929.0,0.6676916480064392,,,,,,,,,,,,
1,,,4469,4.0,0.9701499938964844,0.9065120220184326,0.07223033905029297,0.874494194984436,0.9464735984802246,7.744296073913574,6.160538673400879,612.0,1.5115272998809814,,,,,,,,,,,,
1,,,4479,4.0,0.9892500042915344,0.841693639755249,0.029997799545526505,0.8766360282897949,0.812903642654419,5.202012062072754,5.037625312805176,204.0,0.13438890874385834,,,,,,,,,,,,
1,,,4489,4.0,0.9843999743461609,0.9511545896530151,0.03930317237973213,0.9639428853988647,0.9392108917236328,5.143942832946777,4.790719032287598,922.0,0.31392034888267517,,,,,,,,,,,,
1,,,4499,4.0,0.9886999726295471,0.9425888061523438,0.035135768353939056,0.9405838251113892,0.9446144104003906,6.727896690368652,6.221927165985107,357.0,0.47083401679992676,,,,,,,,,,,,
1,,,4509,4.0,0.9846000075340271,0.9112582206726074,0.03707439452409744,0.918731689453125,0.904076099395752,5.810487747192383,4.801568508148193,302.0,0.9718447923660278,,,,,,,,,,,,
1,,,4519,4.0,0.9747999906539917,0.9147909879684448,0.06136729195713997,0.8965411186218262,0.9352591037750244,6.556114196777344,5.310945510864258,806.0,1.1838009357452393,,,,,,,,,,,,
1,,,4529,4.0,0.9763500094413757,0.8900473117828369,0.05492440611124039,0.9106696844100952,0.8716719150543213,5.753057479858398,5.434081554412842,534.0,0.2640514373779297,,,,,,,,,,,,
1,,,4539,4.0,0.9886000156402588,0.9595863223075867,0.027631890028715134,0.9772025346755981,0.9434599876403809,6.67665958404541,5.607069969177246,1092.0,1.0419580936431885,,,,,,,,,,,,
1,,,4549,4.0,0.9819499850273132,0.8967983722686768,0.04426915943622589,0.9138600826263428,0.8812352418899536,7.046825885772705,6.680577754974365,526.0,0.3219790458679199,,,,,,,,,,,,
1,,,4559,4.0,0.988349974155426,0.9251836538314819,0.0290660560131073,0.9009668231010437,0.9528709650039673,6.237639427185059,5.506841659545898,311.0,0.7017314434051514,,,,,,,,,,,,
1,,,4569,4.0,0.9858499765396118,0.9180749654769897,0.036180634051561356,0.9174156188964844,0.9187365770339966,6.048642158508301,5.726110458374023,305.0,0.2863510251045227,,,,,,,,,,,,
1,,,4579,4.0,0.9623500108718872,0.9355636239051819,0.087785504758358,0.939023494720459,0.9321976900100708,12.06570053100586,6.437969207763672,1274.0,5.539945602416992,,,,,,,,,,,,
1,,,4589,4.0,0.9800000190734863,0.9133715629577637,0.048301711678504944,0.9035995006561279,0.9237135648727417,6.176578998565674,5.788385391235352,514.0,0.3398917019367218,,,,,,,,,,,,
1,,,4599,4.0,0.9837999939918518,0.900364100933075,0.042537886649370193,0.9086623191833496,0.8924306631088257,7.239097595214844,7.08837366104126,475.0,0.1081862673163414,,,,,,,,,,,,
1,,,4609,4.0,0.988099992275238,0.9592059850692749,0.030219893902540207,0.9717992544174194,0.9473996162414551,6.666154384613037,4.703911304473877,873.0,1.9320229291915894,,,,,,,,,,,,
1,,,4619,4.0,0.9871500134468079,0.9579645395278931,0.035341646522283554,0.9670430421829224,0.9493082761764526,6.307127952575684,5.975379943847656,1117.0,0.29640644788742065,,,,,,,,,,,,
1,,,4629,4.0,0.9763000011444092,0.9284427165985107,0.08305535465478897,0.907237708568573,0.9526925086975098,6.388228416442871,5.928893566131592,1145.0,0.37627947330474854,,,,,,,,,,,,
1,,,4639,4.0,0.9836000204086304,0.8444942831993103,0.03753441199660301,0.9116448163986206,0.7971402406692505,6.570435523986816,5.423825263977051,205.0,1.1090762615203857,,,,,,,,,,,,
1,,,4649,4.0,0.9885500073432922,0.918009877204895,0.03076450526714325,0.9351192712783813,0.902301013469696,7.0648956298828125,6.9788899421691895,559.0,0.055241066962480545,,,,,,,,,,,,
1,,,4659,4.0,0.9883000254631042,0.9239192605018616,0.027645984664559364,0.9442019462585449,0.9055666327476501,6.451695919036865,5.34183406829834,430.0,1.0822157859802246,,,,,,,,,,,,
1,,,4669,4.0,0.9853000044822693,0.9634756445884705,0.038585301488637924,0.9611767530441284,0.9658057689666748,4.997408390045166,4.141476154327393,930.0,0.8173470497131348,,,,,,,,,,,,
1,,,4679,4.0,0.9771000146865845,0.8972899913787842,0.06258752197027206,0.9222224950790405,0.8755310773849487,7.1667985916137695,6.880524158477783,648.0,0.2236868292093277,,,,,,,,,,,,
1,,,4689,4.0,0.9845499992370605,0.947624921798706,0.04281184822320938,0.933068037033081,0.9634381532669067,6.568392753601074,6.285728454589844,642.0,0.23985256254673004,,,,,,,,,,,,
1,,,4699,4.0,0.9873499870300293,0.9484978914260864,0.035352010279893875,0.9564298391342163,0.9408816695213318,7.244011402130127,6.283978462219238,964.0,0.9246806502342224,,,,,,,,,,,,
1,,,4709,4.0,0.9840999841690063,0.901320219039917,0.04682188853621483,0.9430127143859863,0.8674293160438538,7.72585391998291,5.723454475402832,518.0,1.9555772542953491,,,,,,,,,,,,
1,,,4719,4.0,0.9911999702453613,0.9210799336433411,0.024437861517071724,0.9358512163162231,0.9073388576507568,6.143439292907715,5.981069087982178,398.0,0.13793224096298218,,,,,,,,,,,,
1,,,4729,4.0,0.9785000085830688,0.9425623416900635,0.05253716930747032,0.9431244134902954,0.9420021772384644,5.526520252227783,4.648748397827148,805.0,0.8252348303794861,,,,,,,,,,,,
1,,,4739,4.0,0.9757000207901001,0.9118379354476929,0.058114051818847656,0.929772138595581,0.8956143856048584,5.563163757324219,4.231765270233154,1017.0,1.273284673690796,,,,,,,,,,,,
1,,,4749,4.0,0.979449987411499,0.8494443893432617,0.060028076171875,0.9129725098609924,0.8040210008621216,7.303511619567871,5.810710430145264,337.0,1.4327731132507324,,,,,,,,,,,,
1,,,4759,4.0,0.9908499717712402,0.9605919122695923,0.02728978917002678,0.9492776989936829,0.9725884199142456,5.158212184906006,4.6542253494262695,699.0,0.4766971468925476,,,,,,,,,,,,
1,,,4769,4.0,0.9778500199317932,0.9083932638168335,0.0532357282936573,0.9417399168014526,0.8804246187210083,6.417611598968506,5.807819366455078,573.0,0.556556761264801,,,,,,,,,,,,
1,,,4779,4.0,0.982450008392334,0.9221770763397217,0.039634283632040024,0.9385286569595337,0.9071726202964783,6.153231620788574,4.464600563049316,719.0,1.6489965915679932,,,,,,,,,,,,
1,,,4789,4.0,0.9852499961853027,0.7388418316841125,0.03739473968744278,0.7858610153198242,0.7055413722991943,5.670279502868652,5.489312171936035,166.0,0.14357274770736694,,,,,,,,,,,,
1,,,4799,4.0,0.9886000156402588,0.956278920173645,0.02937002293765545,0.9639514684677124,0.9489004611968994,4.67645263671875,4.235445022583008,825.0,0.41163793206214905,,,,,,,,,,,,
1,,,4809,4.0,0.9889500141143799,0.9070930480957031,0.03147208318114281,0.9256267547607422,0.8902119398117065,5.573021411895752,5.1582255363464355,468.0,0.3833234906196594,,,,,,,,,,,,
1,,,4819,4.0,0.9811999797821045,0.8937782049179077,0.04466724395751953,0.9016193151473999,0.8862724900245667,6.217437744140625,5.994344711303711,353.0,0.1784258931875229,,,,,,,,,,,,
1,,,4829,4.0,0.982200026512146,0.8541353940963745,0.04121963307261467,0.908656656742096,0.8132570385932922,5.812572479248047,5.399064540863037,209.0,0.37228819727897644,,,,,,,,,,,,
1,,,4839,4.0,0.9857500195503235,0.915353536605835,0.03580153360962868,0.9405666589736938,0.8931382894515991,6.172795295715332,5.060369968414307,432.0,1.0766239166259766,,,,,,,,,,,,
1,,,4849,4.0,0.9823499917984009,0.9186123609542847,0.04423801228404045,0.9432275891304016,0.8969340920448303,6.407637596130371,5.6033244132995605,544.0,0.7600751519203186,,,,,,,,,,,,
1,,,4859,4.0,0.9779000282287598,0.9161267280578613,0.04826933518052101,0.9645373821258545,0.8782632350921631,6.956119060516357,6.619522571563721,693.0,0.28832703828811646,,,,,,,,,,,,
1,,,4869,4.0,0.9750000238418579,0.8091648817062378,0.05263644456863403,0.7899065017700195,0.8314773440361023,5.010274887084961,4.736911773681641,285.0,0.2207265943288803,,,,,,,,,,,,
1,,,4879,4.0,0.9739000201225281,0.8387492895126343,0.060037195682525635,0.8876500129699707,0.8017948865890503,7.558058738708496,7.298783779144287,389.0,0.1992378681898117,,,,,,,,,,,,
1,,,4889,4.0,0.98785001039505,0.9044638276100159,0.032348860055208206,0.9508626461029053,0.8672891855239868,10.370731353759766,5.4839982986450195,360.0,4.854383945465088,,,,,,,,,,,,
1,,,4899,4.0,0.982200026512146,0.7949985265731812,0.0466792955994606,0.8212946653366089,0.7728954553604126,5.535580635070801,5.199145317077637,183.0,0.28975602984428406,,,,,,,,,,,,
1,,,4909,4.0,0.9843999743461609,0.9522854089736938,0.03390341252088547,0.9601713418960571,0.944730281829834,5.539046287536621,4.547579765319824,818.0,0.9575629234313965,,,,,,,,,,,,
1,,,4919,4.0,0.988349974155426,0.9032692313194275,0.0328686386346817,0.922065258026123,0.8861876726150513,6.609615802764893,6.444816589355469,376.0,0.13193021714687347,,,,,,,,,,,,
1,,,4929,4.0,0.9811999797821045,0.9254837036132812,0.042437318712472916,0.938789963722229,0.9130945801734924,5.1929402351379395,4.766443252563477,779.0,0.3840595483779907,,,,,,,,,,,,
1,,,4939,4.0,0.9847000241279602,0.9545440673828125,0.04043910652399063,0.9545440673828125,0.9545440673828125,5.430920124053955,4.541454315185547,848.0,0.8490265011787415,,,,,,,,,,,,
1,,,4949,4.0,0.9659500122070312,0.8049123287200928,0.08576341718435287,0.9024711847305298,0.7485113143920898,8.814407348632812,6.924238204956055,657.0,1.8044054508209229,,,,,,,,,,,,
1,,,4959,4.0,0.9919000267982483,0.9452965259552002,0.023032067343592644,0.9614557027816772,0.9303241968154907,6.6986894607543945,6.315720558166504,337.0,0.3599368929862976,,,,,,,,,,,,
1,,,4969,4.0,0.9666000008583069,0.9038288593292236,0.0730874240398407,0.8723151683807373,0.9433509707450867,5.414520740509033,4.351328372955322,1009.0,0.9901049733161926,,,,,,,,,,,,
1,,,4979,4.0,0.9743000268936157,0.8777426481246948,0.07306952774524689,0.9435807466506958,0.8308030366897583,7.012428283691406,6.669790267944336,594.0,0.26956823468208313,,,,,,,,,,,,
1,,,4989,4.0,0.9858999848365784,0.9695080518722534,0.041945356875658035,0.9801143407821655,0.9595514535903931,6.190005302429199,4.644694805145264,900.0,1.50336492061615,,,,,,,,,,,,
1,,,4999,4.0,0.9893500208854675,0.9432751536369324,0.044536806643009186,0.9521962404251099,0.9347398281097412,5.6081132888793945,5.004395961761475,716.0,0.5591805577278137,,,,,,,,,,,,
1,,,5009,4.0,0.9610999822616577,0.9067639112472534,0.09082184731960297,0.921292781829834,0.8935552835464478,14.809103012084961,6.9316606521606445,1407.0,7.786620616912842,,,,,,,,,,,,
1,,,5019,4.0,0.9852499961853027,0.9410308003425598,0.03657339885830879,0.9638655185699463,0.9206787347793579,4.92819881439209,4.2264485359191895,964.0,0.6651767492294312,,,,,,,,,,,,
1,,,5029,4.0,0.9807500243186951,0.7846922874450684,0.042641233652830124,0.889838695526123,0.7259122729301453,7.014012336730957,6.472238540649414,185.0,0.4991328716278076,,,,,,,,,,,,
1,,,5039,4.0,0.9790999889373779,0.9237967133522034,0.04694414511322975,0.9302307367324829,0.9175900220870972,5.666059970855713,4.944023609161377,709.0,0.6750921607017517,,,,,,,,,,,,
1,,,5049,4.0,0.977649986743927,0.8948779106140137,0.05777820572257042,0.883564293384552,0.9069918990135193,7.154601097106934,6.828764915466309,399.0,0.26805806159973145,,,,,,,,,,,,
1,,,5059,4.0,0.9896000027656555,0.7988921999931335,0.024835439398884773,0.7677724361419678,0.8385769128799438,4.515042781829834,4.291593551635742,101.0,0.19861352443695068,,,,,,,,,,,,
1,,,5069,4.0,0.9881500005722046,0.8471673727035522,0.03208914399147034,0.8475979566574097,0.8467378616333008,5.322608947753906,5.051233768463135,133.0,0.2392859011888504,,,,,,,,,,,,
1,,,5079,4.0,0.9941499829292297,0.9560632109642029,0.01656283438205719,0.9661863446235657,0.946403443813324,5.229167461395264,4.786624431610107,351.0,0.4259801506996155,,,,,,,,,,,,
1,,,5089,4.0,0.9868000149726868,0.929251492023468,0.034220460802316666,0.9271877408027649,0.931337833404541,5.547179222106934,5.146042823791504,608.0,0.3669157922267914,,,,,,,,,,,,
1,,,5099,4.0,0.9855999946594238,0.8715096712112427,0.03940874710679054,0.8702647089958191,0.8727636933326721,5.7238874435424805,5.186892986297607,181.0,0.49758586287498474,,,,,,,,,,,,
,9.990232305719945e-05,0.0009990232305719944,5102,,,,,,,,,,,,,,,,,,,,,,
2,,,5109,4.0,0.9864000082015991,0.8814372420310974,0.03244035691022873,0.8998664617538452,0.8647420406341553,5.854271411895752,5.381901741027832,269.0,0.43992966413497925,,,,,,,,,,,,
2,,,5119,4.0,0.9846000075340271,0.9407035112380981,0.03672062233090401,0.9679609537124634,0.9169366359710693,4.7264909744262695,3.929460287094116,912.0,0.7603099942207336,,,,,,,,,,,,
2,,,5129,4.0,0.9904000163078308,0.7984006404876709,0.030463388189673424,0.8608369827270508,0.7548143863677979,5.097973346710205,4.754713535308838,101.0,0.31279677152633667,,,,,,,,,,,,
2,,,5139,4.0,0.9894499778747559,0.9539004564285278,0.024484850466251373,0.9526849985122681,0.9551234245300293,4.475568771362305,3.962368965148926,883.0,0.4887148439884186,,,,,,,,,,,,
2,,,5149,4.0,0.9849500060081482,0.9211256504058838,0.03886817768216133,0.9383631944656372,0.9053463935852051,6.466367721557617,5.993379592895508,509.0,0.43411993980407715,,,,,,,,,,,,
2,,,5159,4.0,0.9890999794006348,0.9552904367446899,0.02684478834271431,0.980161726474762,0.933236300945282,4.98604679107666,4.457724094390869,888.0,0.5014779567718506,,,,,,,,,,,,
2,,,5169,4.0,0.9606999754905701,0.8417307138442993,0.0856344997882843,0.8854271173477173,0.808320164680481,7.676860332489014,7.262080669403076,915.0,0.32914501428604126,,,,,,,,,,,,
2,,,5179,4.0,0.9882500171661377,0.9082826375961304,0.025989901274442673,0.9517331123352051,0.8729640245437622,5.710574626922607,5.2661638259887695,394.0,0.4184207618236542,,,,,,,,,,,,
2,,,5189,4.0,0.9855499863624573,0.9297430515289307,0.0373438335955143,0.9333146810531616,0.9262377023696899,6.521584987640381,6.048362731933594,843.0,0.43587827682495117,,,,,,,,,,,,
2,,,5199,4.0,0.9886000156402588,0.9074337482452393,0.029354333877563477,0.9494085311889648,0.8730891346931458,5.9680633544921875,5.573334693908691,332.0,0.36537477374076843,,,,,,,,,,,,
2,,,5209,4.0,0.9907000064849854,0.9021344184875488,0.03955136239528656,0.9270095229148865,0.8801405429840088,5.191024303436279,4.746374130249023,194.0,0.4050988256931305,,,,,,,,,,,,
2,,,5219,4.0,0.97079998254776,0.7771046161651611,0.10092232376337051,0.8623803853988647,0.7263693809509277,6.037907600402832,5.396312236785889,276.0,0.5406733751296997,,,,,,,,,,,,
2,,,5229,4.0,0.9741500020027161,0.9107920527458191,0.06010971590876579,0.9448472261428833,0.8824914693832397,5.536391735076904,4.9105000495910645,893.0,0.5657819509506226,,,,,,,,,,,,
2,,,5239,4.0,0.9829999804496765,0.9383609294891357,0.03813811019062996,0.9419119358062744,0.9348778128623962,5.100672245025635,4.609184741973877,749.0,0.4533495008945465,,,,,,,,,,,,
2,,,5249,4.0,0.9837999939918518,0.8820364475250244,0.03553418442606926,0.8954498171806335,0.8695782423019409,5.195095539093018,4.6829752922058105,212.0,0.47658565640449524,,,,,,,,,,,,
2,,,5259,4.0,0.9869499802589417,0.9429763555526733,0.03756425529718399,0.956527054309845,0.9303221702575684,4.845169544219971,4.154112815856934,843.0,0.6534925699234009,,,,,,,,,,,,
2,,,5269,4.0,0.9878000020980835,0.8700556755065918,0.028598392382264137,0.9046918153762817,0.8411585092544556,5.674439907073975,5.218404769897461,257.0,0.42743679881095886,,,,,,,,,,,,
2,,,5279,4.0,0.9920499920845032,0.8969560861587524,0.02158377878367901,0.917263925075531,0.8786136507987976,6.075770378112793,5.222384452819824,273.0,0.8318021297454834,,,,,,,,,,,,
2,,,5289,4.0,0.9871500134468079,0.9709122180938721,0.031241074204444885,0.9656601548194885,0.9763346910476685,4.736432075500488,4.35861349105835,942.0,0.3465774357318878,,,,,,,,,,,,
2,,,5299,4.0,0.9801999926567078,0.9004004001617432,0.049695733934640884,0.9230383634567261,0.8803464770317078,6.933746337890625,6.6108078956604,426.0,0.273242324590683,,,,,,,,,,,,
2,,,5309,4.0,0.9667500257492065,0.8641482591629028,0.06529059261083603,0.8706178665161133,0.8579416275024414,7.1409125328063965,5.98507833480835,638.0,1.0905437469482422,,,,,,,,,,,,
2,,,5319,4.0,0.9876999855041504,0.863446831703186,0.027064450085163116,0.868921160697937,0.8581416606903076,5.649374008178711,5.174628257751465,192.0,0.4476814866065979,,,,,,,,,,,,
2,,,5329,4.0,0.9890999794006348,0.950164794921875,0.030177297070622444,0.9430206418037415,0.9575790166854858,4.309568881988525,3.8768372535705566,684.0,0.40255406498908997,,,,,,,,,,,,
2,,,5339,4.0,0.9868000149726868,0.9106307029724121,0.029486440122127533,0.908081591129303,0.9132150411605835,5.553833484649658,5.165663242340088,346.0,0.358683705329895,,,,,,,,,,,,
2,,,5349,4.0,0.9818000197410583,0.8550816774368286,0.05861939117312431,0.9107146263122559,0.8135793209075928,5.566939830780029,5.256354808807373,283.0,0.2519657015800476,,,,,,,,,,,,
2,,,5359,4.0,0.9848499894142151,0.9353840947151184,0.03473864868283272,0.939490556716919,0.931365966796875,6.015742778778076,5.807766437530518,511.0,0.1732379049062729,,,,,,,,,,,,
2,,,5369,4.0,0.9855499863624573,0.9133198857307434,0.03599875047802925,0.9012755155563354,0.9261977672576904,5.563957214355469,5.096163272857666,452.0,0.4317953586578369,,,,,,,,,,,,
2,,,5379,4.0,0.9900000095367432,0.9438443183898926,0.025054708123207092,0.9479537010192871,0.9398181438446045,6.2823166847229,5.9068217277526855,502.0,0.3504398465156555,,,,,,,,,,,,
2,,,5389,4.0,0.9804499745368958,0.9046986103057861,0.046100959181785583,0.9120597243309021,0.8976315855979919,6.915719032287598,5.380520820617676,607.0,1.489097237586975,,,,,,,,,,,,
2,,,5399,4.0,0.977649986743927,0.7547292113304138,0.061399418860673904,0.8964311480522156,0.6901945471763611,6.710445880889893,6.162932872772217,233.0,0.4861137568950653,,,,,,,,,,,,
2,,,5409,4.0,0.9860000014305115,0.9348312020301819,0.03324982151389122,0.9359104037284851,0.9337581396102905,6.580591201782227,6.04879093170166,460.0,0.49855026602745056,,,,,,,,,,,,
2,,,5419,4.0,0.9868999719619751,0.9086787700653076,0.030339712277054787,0.9246224164962769,0.8939881920814514,4.649423122406006,4.383449554443359,385.0,0.23563386499881744,,,,,,,,,,,,
2,,,5429,4.0,0.9784500002861023,0.8575662970542908,0.045060232281684875,0.9550329446792603,0.7967875003814697,5.375749588012695,4.788395404815674,328.0,0.542293906211853,,,,,,,,,,,,
2,,,5439,4.0,0.986299991607666,0.8990106582641602,0.0348869189620018,0.9472516179084778,0.860821008682251,6.044675350189209,5.590580940246582,325.0,0.4192074239253998,,,,,,,,,,,,
2,,,5449,4.0,0.9648000001907349,0.7887327075004578,0.07215139269828796,0.8910214304924011,0.7320923209190369,6.736128807067871,6.319117546081543,653.0,0.3448599874973297,,,,,,,,,,,,
2,,,5459,4.0,0.9825000166893005,0.9367820024490356,0.04169836267828941,0.9444549083709717,0.9294208288192749,4.946422100067139,4.622029781341553,938.0,0.2826939821243286,,,,,,,,,,,,
2,,,5469,4.0,0.9840499758720398,0.9534336924552917,0.053836315870285034,0.9455617070198059,0.9616699814796448,6.789031982421875,5.887313365936279,1087.0,0.8478821516036987,,,,,,,,,,,,
2,,,5479,4.0,0.9836000204086304,0.937350869178772,0.04756574705243111,0.9211617708206177,0.9551040530204773,6.310237884521484,4.7631330490112305,414.0,1.499538779258728,,,,,,,,,,,,
2,,,5489,4.0,0.9828000068664551,0.9545485377311707,0.050198934972286224,0.9398657083511353,0.9705997705459595,6.743477821350098,5.133575439453125,1055.0,1.5597031116485596,,,,,,,,,,,,
2,,,5499,4.0,0.9817000031471252,0.7222127318382263,0.03805471956729889,0.7972152233123779,0.678449809551239,6.4233808517456055,5.910905361175537,174.0,0.47442054748535156,,,,,,,,,,,,
2,,,5509,4.0,0.9768499732017517,0.8246587514877319,0.04938068985939026,0.8896352052688599,0.77950519323349,6.746059894561768,5.9353814125061035,321.0,0.7612976431846619,,,,,,,,,,,,
2,,,5519,4.0,0.9820500016212463,0.9589362144470215,0.04611007496714592,0.9511706829071045,0.9670895934104919,6.503291130065918,5.845921039581299,1022.0,0.6112596988677979,,,,,,,,,,,,
2,,,5529,4.0,0.9739500284194946,0.9156568050384521,0.06794552505016327,0.9068348407745361,0.9249714612960815,7.439388275146484,6.2558913230896,883.0,1.1155515909194946,,,,,,,,,,,,
2,,,5539,4.0,0.9771000146865845,0.8958054184913635,0.054768308997154236,0.9277982115745544,0.8688628077507019,7.604208469390869,7.393221855163574,681.0,0.15621843934059143,,,,,,,,,,,,
2,,,5549,4.0,0.9629999995231628,0.7898690700531006,0.08181699365377426,0.8626842498779297,0.7436624765396118,6.449151992797852,6.138926982879639,682.0,0.22840797901153564,,,,,,,,,,,,
2,,,5559,4.0,0.9891999959945679,0.9134891033172607,0.027440039440989494,0.9256361722946167,0.9020661115646362,8.700970649719238,5.900237560272217,472.0,2.7732927799224854,,,,,,,,,,,,
2,,,5569,4.0,0.9866999983787537,0.9584206342697144,0.03197230398654938,0.966636598110199,0.9505558013916016,6.065402030944824,5.205482482910156,876.0,0.8279473781585693,,,,,,,,,,,,
2,,,5579,4.0,0.9878000020980835,0.9303544759750366,0.030611708760261536,0.9399583339691162,0.9212057590484619,4.990896701812744,4.771455764770508,403.0,0.18882940709590912,,,,,,,,,,,,
2,,,5589,4.0,0.9907000064849854,0.9770074486732483,0.023144884034991264,0.9746569991111755,0.9793895483016968,4.834466457366943,4.24479341506958,1246.0,0.5665281414985657,,,,,,,,,,,,
2,,,5599,4.0,0.9836000204086304,0.8805800676345825,0.041005078703165054,0.8770134449005127,0.8842213153839111,7.2031145095825195,7.060314178466797,422.0,0.1017952412366867,,,,,,,,,,,,
2,,,5609,4.0,0.9943000078201294,0.9385403394699097,0.01608906500041485,0.9376415014266968,0.9394431114196777,5.11758279800415,4.674184322357178,254.0,0.42730942368507385,,,,,,,,,,,,
2,,,5619,4.0,0.9840499758720398,0.970776379108429,0.0423504076898098,0.9693303108215332,0.9722369909286499,5.95442533493042,5.188665866851807,1004.0,0.723409116268158,,,,,,,,,,,,
2,,,5629,4.0,0.9825999736785889,0.8626782894134521,0.0489482618868351,0.8936505317687988,0.8365532159805298,6.5311760902404785,6.257987022399902,340.0,0.22424061596393585,,,,,,,,,,,,
2,,,5639,4.0,0.9868000149726868,0.951479434967041,0.03666434437036514,0.9628558158874512,0.9407503008842468,5.002526760101318,4.660355567932129,944.0,0.3055066466331482,,,,,,,,,,,,
2,,,5649,4.0,0.9764000177383423,0.8847052454948425,0.06090034916996956,0.8983076214790344,0.872124195098877,7.610759735107422,5.0452117919921875,499.0,2.504647731781006,,,,,,,,,,,,
2,,,5659,4.0,0.9858999848365784,0.8780781626701355,0.03804513439536095,0.944544792175293,0.8298554420471191,6.159282684326172,5.874539375305176,330.0,0.24669846892356873,,,,,,,,,,,,
2,,,5669,4.0,0.9745500087738037,0.9267369508743286,0.07668378204107285,0.9177589416503906,0.936229944229126,6.79258918762207,5.802422046661377,1328.0,0.9134833216667175,,,,,,,,,,,,
2,,,5679,4.0,0.9855499863624573,0.8993327617645264,0.03971380740404129,0.8715161681175232,0.9321534633636475,5.467241287231445,5.1172943115234375,397.0,0.31023308634757996,,,,,,,,,,,,
2,,,5689,4.0,0.9712499976158142,0.9291775226593018,0.06588172912597656,0.9471771717071533,0.913033127784729,8.044312477111816,6.216772556304932,1532.0,1.7616580724716187,,,,,,,,,,,,
2,,,5699,4.0,0.98089998960495,0.8499257564544678,0.048231933265924454,0.9031640887260437,0.8099347352981567,6.977795124053955,6.349599361419678,264.0,0.5799636840820312,,,,,,,,,,,,
2,,,5709,4.0,0.9762499928474426,0.8707680702209473,0.050394076853990555,0.8999338150024414,0.8460121750831604,6.897188186645508,6.462673664093018,323.0,0.38412052392959595,,,,,,,,,,,,
2,,,5719,4.0,0.9785000085830688,0.8885302543640137,0.04735864698886871,0.9218806624412537,0.8606252670288086,6.609620094299316,5.9027204513549805,445.0,0.6595410704612732,,,,,,,,,,,,
2,,,5729,4.0,0.9800000190734863,0.9423320293426514,0.054052259773015976,0.9376547932624817,0.9471396207809448,6.020818710327148,4.359085559844971,1043.0,1.6076810359954834,,,,,,,,,,,,
2,,,5739,4.0,0.9799500107765198,0.8868895173072815,0.04780861362814903,0.9421929121017456,0.8450320363044739,6.854121685028076,6.380852699279785,389.0,0.42546024918556213,,,,,,,,,,,,
2,,,5749,4.0,0.9874500036239624,0.9611356258392334,0.03018875978887081,0.9600811004638672,0.9621962308883667,4.699938774108887,4.198399066925049,1117.0,0.47135108709335327,,,,,,,,,,,,
2,,,5759,4.0,0.9863499999046326,0.9374653100967407,0.03414224088191986,0.9390667676925659,0.9358772039413452,6.225484848022461,6.116751670837402,734.0,0.07459113746881485,,,,,,,,,,,,
2,,,5769,4.0,0.9747999906539917,0.9158873558044434,0.06770569086074829,0.8933548927307129,0.941903293132782,6.611227035522461,5.780337810516357,488.0,0.7631837725639343,,,,,,,,,,,,
2,,,5779,4.0,0.9860000014305115,0.9543642997741699,0.04128670692443848,0.934756338596344,0.9763063192367554,6.396834850311279,4.986442565917969,740.0,1.3691059350967407,,,,,,,,,,,,
2,,,5789,4.0,0.9820500016212463,0.9561972618103027,0.04187709465622902,0.972798228263855,0.9410954713821411,5.060384273529053,4.26174783706665,922.0,0.7567591071128845,,,,,,,,,,,,
2,,,5799,4.0,0.9911999702453613,0.9594049453735352,0.023101264610886574,0.9697945713996887,0.9495266675949097,4.150149345397949,3.9205918312072754,946.0,0.20645621418952942,,,,,,,,,,,,
2,,,5809,4.0,0.9890000224113464,0.9025033712387085,0.02712738700211048,0.9230568408966064,0.8839768767356873,5.992923736572266,4.978695869445801,325.0,0.9871008396148682,,,,,,,,,,,,
2,,,5819,4.0,0.9821500182151794,0.8799733519554138,0.041210468858480453,0.928004264831543,0.8424023389816284,6.944089412689209,6.742562770843506,362.0,0.16031605005264282,,,,,,,,,,,,
2,,,5829,4.0,0.9880499839782715,0.8782660365104675,0.03627200424671173,0.909723699092865,0.8515353202819824,6.867620468139648,6.187174320220947,238.0,0.6441742181777954,,,,,,,,,,,,
2,,,5839,4.0,0.9722499847412109,0.8580422401428223,0.05850595235824585,0.907652735710144,0.8203879594802856,6.418475151062012,5.735612392425537,480.0,0.6243569850921631,,,,,,,,,,,,
2,,,5849,4.0,0.9847999811172485,0.9029011130332947,0.037768274545669556,0.8725727796554565,0.9392751455307007,4.982943534851074,4.75040864944458,478.0,0.19476653635501862,,,,,,,,,,,,
2,,,5859,4.0,0.984499990940094,0.9227949380874634,0.04312203451991081,0.8886265754699707,0.964657723903656,5.391720771789551,4.727405071258545,389.0,0.6211940050125122,,,,,,,,,,,,
2,,,5869,4.0,0.9877499938011169,0.9025313854217529,0.04305536672472954,0.9089283347129822,0.8963468670845032,6.188388824462891,5.914671897888184,349.0,0.23066161572933197,,,,,,,,,,,,
2,,,5879,4.0,0.9881500005722046,0.8739114999771118,0.027644284069538116,0.8781269788742065,0.8697944283485413,5.523465633392334,5.098927974700928,180.0,0.39689353108406067,,,,,,,,,,,,
2,,,5889,4.0,0.9778500199317932,0.8738802671432495,0.048384469002485275,0.9274488687515259,0.8333678245544434,6.2351508140563965,5.871393203735352,324.0,0.3153729736804962,,,,,,,,,,,,
2,,,5899,4.0,0.9912499785423279,0.9675618410110474,0.02250608801841736,0.9764997363090515,0.9590133428573608,4.835978984832764,3.986459970474243,849.0,0.8270128965377808,,,,,,,,,,,,
2,,,5909,4.0,0.9691500067710876,0.8954789638519287,0.07997363805770874,0.9036698341369629,0.8876873254776001,6.0002827644348145,5.652733325958252,880.0,0.267575740814209,,,,,,,,,,,,
2,,,5919,4.0,0.9805499911308289,0.8978734016418457,0.05754876881837845,0.8853666186332703,0.9113391637802124,6.799944877624512,6.104404449462891,629.0,0.6379916071891785,,,,,,,,,,,,
2,,,5929,4.0,0.9853000044822693,0.9081408977508545,0.032099779695272446,0.9187201857566833,0.8981353044509888,5.176374912261963,4.965335845947266,496.0,0.17893926799297333,,,,,,,,,,,,
2,,,5939,4.0,0.9873499870300293,0.9056510329246521,0.033384814858436584,0.9157716631889343,0.8960508108139038,5.857656002044678,5.520349502563477,382.0,0.30392155051231384,,,,,,,,,,,,
2,,,5949,4.0,0.9858499765396118,0.9450243711471558,0.03320840001106262,0.9410440921783447,0.949090838432312,4.739120006561279,4.359051704406738,875.0,0.34686002135276794,,,,,,,,,,,,
2,,,5959,4.0,0.985450029373169,0.886591911315918,0.03291710466146469,0.8961237072944641,0.8775438070297241,5.094881534576416,4.616168022155762,296.0,0.445796400308609,,,,,,,,,,,,
2,,,5969,4.0,0.981249988079071,0.7992728352546692,0.04694567993283272,0.8785778284072876,0.7486478090286255,6.078464031219482,5.121075630187988,246.0,0.9104429483413696,,,,,,,,,,,,
2,,,5979,4.0,0.9871500134468079,0.8974522352218628,0.03644770011305809,0.9265781044960022,0.8723093867301941,7.439826965332031,5.631488800048828,282.0,1.771890640258789,,,,,,,,,,,,
2,,,5989,4.0,0.9829999804496765,0.9206701517105103,0.05407410115003586,0.8877570629119873,0.9608005881309509,6.712532997131348,4.508567810058594,722.0,2.1498911380767822,,,,,,,,,,,,
2,,,5999,4.0,0.9828000068664551,0.9238775968551636,0.04416437819600105,0.9173929691314697,0.9306007027626038,6.881942272186279,6.4765543937683105,385.0,0.36122384667396545,,,,,,,,,,,,
2,,,6009,4.0,0.990149974822998,0.9700750708580017,0.023401858285069466,0.9810290932655334,0.9597254991531372,5.651520729064941,3.7982547283172607,881.0,1.8298637866973877,,,,,,,,,,,,
2,,,6019,4.0,0.9855999946594238,0.8619725108146667,0.03956417366862297,0.8814147114753723,0.8445335626602173,5.706968307495117,5.493015289306641,230.0,0.17438864707946777,,,,,,,,,,,,
2,,,6029,4.0,0.9775999784469604,0.8711909055709839,0.05008198320865631,0.8481026887893677,0.8980305790901184,6.093547344207764,5.545200824737549,288.0,0.4982641339302063,,,,,,,,,,,,
2,,,6039,4.0,0.9836999773979187,0.9546011686325073,0.0404713973402977,0.9398444294929504,0.970711350440979,5.758242130279541,4.792758464813232,1067.0,0.9250121116638184,,,,,,,,,,,,
2,,,6049,4.0,0.9851499795913696,0.8942253589630127,0.040155649185180664,0.9219746589660645,0.8701754808425903,6.097812652587891,5.857951641082764,293.0,0.19970527291297913,,,,,,,,,,,,
2,,,6059,4.0,0.9845499992370605,0.8636306524276733,0.03611653670668602,0.855663001537323,0.8719925880432129,5.690993785858154,5.389828205108643,225.0,0.2650490701198578,,,,,,,,,,,,
2,,,6069,4.0,0.98089998960495,0.8651108741760254,0.044628702104091644,0.8504948616027832,0.881135106086731,5.833538055419922,5.446720600128174,251.0,0.34218883514404297,,,,,,,,,,,,
2,,,6079,4.0,0.982450008392334,0.9175920486450195,0.04022245481610298,0.9471076726913452,0.892199695110321,7.1231255531311035,6.891885757446289,554.0,0.1910170465707779,,,,,,,,,,,,
2,,,6089,4.0,0.9764500260353088,0.8004190921783447,0.05776070058345795,0.8578109741210938,0.7598932981491089,6.661243438720703,5.954319953918457,253.0,0.6491629481315613,,,,,,,,,,,,
2,,,6099,4.0,0.9739000201225281,0.906404435634613,0.06016913428902626,0.9230294227600098,0.891283392906189,6.453250885009766,5.689036846160889,878.0,0.7040448188781738,,,,,,,,,,,,
2,,,6109,4.0,0.9894000291824341,0.9241468906402588,0.02758139558136463,0.9339590668678284,0.9148051738739014,6.085458755493164,5.691878795623779,304.0,0.36599865555763245,,,,,,,,,,,,
2,,,6119,4.0,0.9879000186920166,0.962785005569458,0.029472997412085533,0.9751072525978088,0.9512321352958679,5.080005645751953,4.432244777679443,922.0,0.6182879209518433,,,,,,,,,,,,
2,,,6129,4.0,0.9753000140190125,0.7593125104904175,0.050296537578105927,0.786486029624939,0.7371686697006226,6.166782379150391,6.020408630371094,188.0,0.09607730060815811,,,,,,,,,,,,
2,,,6139,4.0,0.9879500269889832,0.8522655963897705,0.030918771401047707,0.8701411485671997,0.8361169099807739,6.012728691101074,5.380916595458984,276.0,0.6008935570716858,,,,,,,,,,,,
2,,,6149,4.0,0.9897000193595886,0.8441071510314941,0.025838879868388176,0.8899524211883545,0.808235228061676,6.832431316375732,6.399176597595215,274.0,0.40741604566574097,,,,,,,,,,,,
2,,,6159,4.0,0.9886999726295471,0.9275596141815186,0.02856273762881756,0.9260545969009399,0.9290763735771179,5.079214096069336,4.705751419067383,492.0,0.34490007162094116,,,,,,,,,,,,
2,,,6169,4.0,0.9840999841690063,0.9414077997207642,0.04124290496110916,0.9270012974739075,0.957037091255188,6.503040313720703,6.230504035949707,644.0,0.23129341006278992,,,,,,,,,,,,
2,,,6179,4.0,0.9882500171661377,0.9479775428771973,0.032393161207437515,0.9304832220077515,0.9672055244445801,5.380149841308594,4.7893385887146,598.0,0.5584184527397156,,,,,,,,,,,,
2,,,6189,4.0,0.9866999983787537,0.7841620445251465,0.0426073893904686,0.9246344566345215,0.7150868773460388,6.090305805206299,5.7639946937561035,179.0,0.2837039828300476,,,,,,,,,,,,
2,,,6199,4.0,0.9872000217437744,0.9021531343460083,0.026961997151374817,0.8697345852851868,0.941440761089325,5.504123210906982,4.931766510009766,217.0,0.5453950762748718,,,,,,,,,,,,
2,,,6209,4.0,0.9845499992370605,0.9182581901550293,0.03999282047152519,0.9053714275360107,0.9321075081825256,5.3441162109375,5.093209743499756,484.0,0.21091386675834656,,,,,,,,,,,,
2,,,6219,4.0,0.9855999946594238,0.9629768133163452,0.03479636088013649,0.9528598785400391,0.973718523979187,5.356649398803711,4.881263256072998,684.0,0.4405897259712219,,,,,,,,,,,,
2,,,6229,4.0,0.9738500118255615,0.9343825578689575,0.06624128669500351,0.9417321681976318,0.9273555278778076,7.990991115570068,7.679774761199951,1259.0,0.2449750453233719,,,,,,,,,,,,
2,,,6239,4.0,0.9851999878883362,0.8536195755004883,0.03311225026845932,0.8755360245704651,0.8342649936676025,6.640429973602295,6.386751651763916,301.0,0.22056633234024048,,,,,,,,,,,,
2,,,6249,4.0,0.9825999736785889,0.9413979053497314,0.037515681236982346,0.9451766014099121,0.9376968145370483,5.86997127532959,5.234808921813965,874.0,0.5976465344429016,,,,,,,,,,,,
2,,,6259,4.0,0.984250009059906,0.9221388101577759,0.04029543325304985,0.9378751516342163,0.9076336622238159,5.5024518966674805,4.548957347869873,683.0,0.913198709487915,,,,,,,,,,,,
2,,,6269,4.0,0.9859499931335449,0.7965669631958008,0.03231839835643768,0.8781356811523438,0.7448603510856628,5.590636730194092,4.839779376983643,142.0,0.7185386419296265,,,,,,,,,,,,
2,,,6279,4.0,0.9891999959945679,0.8692797422409058,0.029112625867128372,0.8891837000846863,0.8514047861099243,5.052506446838379,4.9110565185546875,187.0,0.11233706027269363,,,,,,,,,,,,
2,,,6289,4.0,0.9865999817848206,0.9368947744369507,0.035352930426597595,0.9272830486297607,0.9470162391662598,6.043979644775391,5.780797958374023,568.0,0.22782884538173676,,,,,,,,,,,,
2,,,6299,4.0,0.9771000146865845,0.8459206819534302,0.057667870074510574,0.8476482033729553,0.8442119359970093,7.329058647155762,5.137189865112305,273.0,2.1342010498046875,,,,,,,,,,,,
2,,,6309,4.0,0.9843000173568726,0.9399065971374512,0.04170547053217888,0.9336466789245605,0.9463856220245361,5.857752323150635,4.822815895080566,438.0,0.9932307004928589,,,,,,,,,,,,
2,,,6319,4.0,0.9818000197410583,0.8848176002502441,0.04095711186528206,0.9143917560577393,0.8595467805862427,6.506739616394043,5.462398529052734,312.0,1.0033842325210571,,,,,,,,,,,,
2,,,6329,4.0,0.9915000200271606,0.9410500526428223,0.020741527900099754,0.9669378995895386,0.9180986285209656,5.394980430603027,5.121264934539795,315.0,0.25297415256500244,,,,,,,,,,,,
2,,,6339,4.0,0.9909999966621399,0.9626031517982483,0.029639748856425285,0.9761114716529846,0.9499553442001343,4.464089870452881,3.880496025085449,944.0,0.5539543032646179,,,,,,,,,,,,
2,,,6349,4.0,0.9706500172615051,0.7168749570846558,0.07644106447696686,0.8371046781539917,0.6626119613647461,6.412535667419434,6.076106548309326,394.0,0.2599879205226898,,,,,,,,,,,,
2,,,6359,4.0,0.9844499826431274,0.8941245079040527,0.03760106861591339,0.897881269454956,0.8904447555541992,6.322329998016357,6.1500372886657715,443.0,0.13469171524047852,,,,,,,,,,,,
2,,,6369,4.0,0.986299991607666,0.9411510229110718,0.03289307653903961,0.9475647211074829,0.9349468946456909,6.687622547149658,6.324706554412842,552.0,0.3300228416919708,,,,,,,,,,,,
2,,,6379,4.0,0.9850000143051147,0.8490930795669556,0.0346917100250721,0.9534989595413208,0.7853683233261108,6.306459426879883,5.806950569152832,304.0,0.4648171067237854,,,,,,,,,,,,
2,,,6389,4.0,0.988349974155426,0.8402355909347534,0.028709445148706436,0.8344986438751221,0.8461829423904419,6.912906646728516,6.851724147796631,229.0,0.03247324377298355,,,,,,,,,,,,
2,,,6399,4.0,0.9850000143051147,0.9460120797157288,0.04552094265818596,0.9427667856216431,0.9493152499198914,6.527259826660156,5.716984748840332,1200.0,0.7647544145584106,,,,,,,,,,,,
2,,,6409,4.0,0.9904500246047974,0.9098505973815918,0.026432598009705544,0.9215352535247803,0.8988352417945862,5.742364406585693,5.3528008460998535,355.0,0.3631311357021332,,,,,,,,,,,,
2,,,6419,4.0,0.9847999811172485,0.8941761255264282,0.037475328892469406,0.8605780601501465,0.9354866743087769,5.07403039932251,4.537327289581299,227.0,0.49922800064086914,,,,,,,,,,,,
2,,,6429,4.0,0.9940000176429749,0.9451705813407898,0.018567580729722977,0.9482645392417908,0.9421217441558838,5.867205619812012,4.68809700012207,280.0,1.16054105758667,,,,,,,,,,,,
2,,,6439,4.0,0.9889500141143799,0.8826614618301392,0.026959525421261787,0.8984008431434631,0.8681843280792236,6.275217056274414,5.4499688148498535,170.0,0.798288881778717,,,,,,,,,,,,
2,,,6449,4.0,0.988349974155426,0.944320797920227,0.028788086026906967,0.9292552471160889,0.9606493711471558,5.684048175811768,5.451751708984375,411.0,0.20350845158100128,,,,,,,,,,,,
2,,,6459,4.0,0.9768499732017517,0.9198766350746155,0.07447989284992218,0.9750908613204956,0.8781002759933472,5.880116939544678,5.283618927001953,991.0,0.5220180153846741,,,,,,,,,,,,
2,,,6469,4.0,0.9915000200271606,0.9378533363342285,0.01971280202269554,0.9246206283569336,0.9520145654678345,5.132519245147705,4.496245861053467,347.0,0.6165604591369629,,,,,,,,,,,,
2,,,6479,4.0,0.9750999808311462,0.8702981472015381,0.06294064968824387,0.8447521328926086,0.9006108045578003,7.215638160705566,6.60149621963501,547.0,0.551201343536377,,,,,,,,,,,,
2,,,6489,4.0,0.985450029373169,0.8448681831359863,0.03408268466591835,0.8767690658569336,0.818211555480957,5.669168949127197,4.631277084350586,214.0,1.0038090944290161,,,,,,,,,,,,
2,,,6499,4.0,0.986549973487854,0.9330952763557434,0.033242858946323395,0.9540135860443115,0.9142447710037231,5.810126781463623,4.879714488983154,461.0,0.8971696496009827,,,,,,,,,,,,
2,,,6509,4.0,0.9744499921798706,0.8644341230392456,0.07783172279596329,0.8735708594322205,0.8557904958724976,6.745135307312012,6.165088176727295,531.0,0.5022156238555908,,,,,,,,,,,,
2,,,6519,4.0,0.9863499999046326,0.897480845451355,0.03220454975962639,0.8748034238815308,0.9233683347702026,5.405694961547852,4.9198079109191895,237.0,0.4536825716495514,,,,,,,,,,,,
2,,,6529,4.0,0.9772999882698059,0.9009235501289368,0.049535177648067474,0.9433401823043823,0.8669075965881348,6.007684230804443,5.5924201011657715,740.0,0.3657289147377014,,,,,,,,,,,,
2,,,6539,4.0,0.9820500016212463,0.9103119373321533,0.046704407781362534,0.9381520748138428,0.8861983418464661,6.618386745452881,6.457253932952881,505.0,0.1144283190369606,,,,,,,,,,,,
2,,,6549,4.0,0.9818500280380249,0.855587363243103,0.045019473880529404,0.8455856442451477,0.8662401437759399,6.558393955230713,6.230741024017334,259.0,0.2826331853866577,,,,,,,,,,,,
2,,,6559,4.0,0.9747999906539917,0.8630800247192383,0.05322064831852913,0.8819454312324524,0.8462035655975342,7.253549575805664,5.802103042602539,406.0,1.3982257843017578,,,,,,,,,,,,
2,,,6569,4.0,0.9880499839782715,0.9677269458770752,0.03328234702348709,0.9588322639465332,0.9770859479904175,4.999338626861572,4.256990909576416,907.0,0.7090654373168945,,,,,,,,,,,,
2,,,6579,4.0,0.9871000051498413,0.9588849544525146,0.02943701110780239,0.9668044447898865,0.9512901306152344,4.643653869628906,4.219550609588623,910.0,0.3946664035320282,,,,,,,,,,,,
2,,,6589,4.0,0.984499990940094,0.8979882001876831,0.036044687032699585,0.8840737342834473,0.9130632877349854,5.612723350524902,5.258171081542969,314.0,0.3185075521469116,,,,,,,,,,,,
2,,,6599,4.0,0.9828000068664551,0.841178297996521,0.0629536584019661,0.9012587070465088,0.7975971102714539,6.421751022338867,5.7120537757873535,333.0,0.6467437744140625,,,,,,,,,,,,
2,,,6609,4.0,0.9781500101089478,0.7429777383804321,0.055698804557323456,0.8229779005050659,0.696068286895752,7.228528022766113,6.961623191833496,359.0,0.2112058401107788,,,,,,,,,,,,
2,,,6619,4.0,0.98294997215271,0.9249794483184814,0.04572257399559021,0.9515931606292725,0.9017421007156372,6.669683456420898,5.451895713806152,483.0,1.172065019607544,,,,,,,,,,,,
2,,,6629,4.0,0.9830499887466431,0.8628897666931152,0.04279115051031113,0.8787168264389038,0.848429799079895,5.770333766937256,5.2279767990112305,219.0,0.499565452337265,,,,,,,,,,,,
2,,,6639,4.0,0.9814500212669373,0.8821232318878174,0.0428180992603302,0.9051845073699951,0.8617819547653198,6.746161937713623,6.0827412605285645,539.0,0.6206027865409851,,,,,,,,,,,,
2,,,6649,4.0,0.9787499904632568,0.9360136985778809,0.04778928682208061,0.9289723634719849,0.9433554410934448,6.254807949066162,5.867925643920898,1163.0,0.33909308910369873,,,,,,,,,,,,
2,,,6659,4.0,0.9817500114440918,0.8857609629631042,0.05139646679162979,0.9086387753486633,0.8655430674552917,7.106212139129639,6.0182905197143555,425.0,1.0365253686904907,,,,,,,,,,,,
2,,,6669,4.0,0.985450029373169,0.8722116947174072,0.03874584659934044,0.8640979528427124,0.8807245492935181,6.542145729064941,5.142945289611816,289.0,1.3604545593261719,,,,,,,,,,,,
2,,,6679,4.0,0.9901999831199646,0.9579669237136841,0.024579018354415894,0.9631954431533813,0.952873170375824,6.0731425285339355,5.298190593719482,883.0,0.7503728866577148,,,,,,,,,,,,
2,,,6689,4.0,0.9878000020980835,0.9556553959846497,0.029848381876945496,0.9517477750778198,0.9596450924873352,4.647127628326416,4.030388832092285,866.0,0.5868903994560242,,,,,,,,,,,,
2,,,6699,4.0,0.9926999807357788,0.9591311812400818,0.024880152195692062,0.9614740014076233,0.956814706325531,4.125616550445557,3.735549211502075,806.0,0.3651871085166931,,,,,,,,,,,,
2,,,6709,4.0,0.9749000072479248,0.9013909101486206,0.059994690120220184,0.8973553776741028,0.9055255651473999,9.03594970703125,4.579132080078125,529.0,4.396823406219482,,,,,,,,,,,,
2,,,6719,4.0,0.9830499887466431,0.9230324029922485,0.03713760897517204,0.9014855623245239,0.9474500417709351,4.998783111572266,4.7392048835754395,430.0,0.2224409431219101,,,,,,,,,,,,
2,,,6729,4.0,0.9755499958992004,0.8857631683349609,0.05875645577907562,0.9030719995498657,0.8700816631317139,6.822875022888184,5.957244873046875,443.0,0.8068739771842957,,,,,,,,,,,,
2,,,6739,4.0,0.9916999936103821,0.9661722183227539,0.020580358803272247,0.9612814784049988,0.9711858034133911,4.372553825378418,4.081386566162109,974.0,0.27058717608451843,,,,,,,,,,,,
2,,,6749,4.0,0.9824000000953674,0.9424418210983276,0.03881237655878067,0.9485727548599243,0.9365137815475464,5.457069396972656,4.879082679748535,816.0,0.5391746163368225,,,,,,,,,,,,
2,,,6759,4.0,0.9856500029563904,0.8144645094871521,0.03571143373847008,0.890285074710846,0.76419997215271,5.795278549194336,5.5085625648498535,222.0,0.25100457668304443,,,,,,,,,,,,
2,,,6769,4.0,0.9898999929428101,0.9588068723678589,0.024347102269530296,0.972954273223877,0.9456113576889038,4.547996997833252,4.020054340362549,880.0,0.5035954117774963,,,,,,,,,,,,
2,,,6779,4.0,0.9853500127792358,0.8280584812164307,0.038810666650533676,0.8367663621902466,0.8198140859603882,5.017919540405273,4.788393974304199,239.0,0.1907150149345398,,,,,,,,,,,,
2,,,6789,4.0,0.9842000007629395,0.939324140548706,0.03892185166478157,0.9305425882339478,0.9485435485839844,4.702296733856201,4.194154262542725,978.0,0.4692208468914032,,,,,,,,,,,,
2,,,6799,4.0,0.9843999743461609,0.8853192329406738,0.03497767075896263,0.8608222007751465,0.9137595891952515,5.942455291748047,5.7197489738464355,274.0,0.1877286583185196,,,,,,,,,,,,
2,,,6809,4.0,0.9771999716758728,0.8683401346206665,0.05813905596733093,0.8816207647323608,0.8560547828674316,6.297423362731934,5.8366875648498535,282.0,0.40259671211242676,,,,,,,,,,,,
2,,,6819,4.0,0.9926499724388123,0.9179667234420776,0.01795247569680214,0.9122636318206787,0.92383873462677,5.52738618850708,5.142757892608643,223.0,0.3666760325431824,,,,,,,,,,,,
2,,,6829,4.0,0.984499990940094,0.952351987361908,0.0369500108063221,0.9600509405136108,0.9449681043624878,5.958922863006592,4.9463419914245605,1077.0,0.9756309390068054,,,,,,,,,,,,
2,,,6839,4.0,0.9839000105857849,0.9473760724067688,0.040738217532634735,0.9518152475357056,0.9430428743362427,6.847560405731201,6.371777534484863,752.0,0.43504470586776733,,,,,,,,,,,,
2,,,6849,4.0,0.9905999898910522,0.82794189453125,0.02199033834040165,0.8976995944976807,0.7795312404632568,7.139377593994141,6.6298041343688965,169.0,0.4875832200050354,,,,,,,,,,,,
2,,,6859,4.0,0.9876499772071838,0.9768307209014893,0.029604975134134293,0.9798561334609985,0.9738649129867554,4.741456985473633,3.962031841278076,1078.0,0.749820351600647,,,,,,,,,,,,
2,,,6869,4.0,0.9772999882698059,0.9527665376663208,0.0580306202173233,0.9595683813095093,0.9462555646896362,5.4219889640808105,4.1573333740234375,981.0,1.2066251039505005,,,,,,,,,,,,
2,,,6879,4.0,0.9695500135421753,0.8367171287536621,0.06705190986394882,0.8939712047576904,0.79548579454422,6.558207988739014,5.811339855194092,372.0,0.6798162460327148,,,,,,,,,,,,
2,,,6889,4.0,0.9818000197410583,0.9447485208511353,0.044714633375406265,0.9492271542549133,0.9403807520866394,5.447622776031494,4.90345573425293,849.0,0.4994525909423828,,,,,,,,,,,,
2,,,6899,4.0,0.9837499856948853,0.9069932699203491,0.04127560183405876,0.9254449605941772,0.890239953994751,5.635594367980957,4.7155280113220215,404.0,0.878791093826294,,,,,,,,,,,,
2,,,6909,4.0,0.9910500049591064,0.9480723142623901,0.02301085740327835,0.9585046172142029,0.9381526708602905,4.613823413848877,4.369886875152588,356.0,0.22092576324939728,,,,,,,,,,,,
2,,,6919,4.0,0.992900013923645,0.9653440713882446,0.019182847812771797,0.9861981868743896,0.946413516998291,3.931983232498169,3.3865647315979004,986.0,0.5262355208396912,,,,,,,,,,,,
2,,,6929,4.0,0.9835500121116638,0.9460704922676086,0.036015354096889496,0.9526489973068237,0.9397226572036743,6.160600185394287,4.6722412109375,956.0,1.4523433446884155,,,,,,,,,,,,
2,,,6939,4.0,0.9918500185012817,0.8727368116378784,0.02205546945333481,0.8861729502677917,0.8602378368377686,4.666574001312256,4.401854515075684,207.0,0.2426639348268509,,,,,,,,,,,,
2,,,6949,4.0,0.9803000092506409,0.9307854771614075,0.04488992318511009,0.9158296585083008,0.9471192359924316,8.188896179199219,5.66372537612915,813.0,2.4802803993225098,,,,,,,,,,,,
2,,,6959,4.0,0.9826499819755554,0.8968273997306824,0.040016643702983856,0.910457193851471,0.8841667175292969,7.326364517211914,5.727560520172119,381.0,1.5587875843048096,,,,,,,,,,,,
2,,,6969,4.0,0.9857000112533569,0.8982101678848267,0.035926468670368195,0.931462287902832,0.8700878620147705,6.2872796058654785,6.140112400054932,432.0,0.11124076694250107,,,,,,,,,,,,
2,,,6979,4.0,0.9853500127792358,0.9164116382598877,0.03717261552810669,0.9132030010223389,0.9196764230728149,4.999209403991699,4.70668888092041,420.0,0.25534749031066895,,,,,,,,,,,,
2,,,6989,4.0,0.9868500232696533,0.8665580153465271,0.030091729015111923,0.8793785572052002,0.8546260595321655,5.481372356414795,4.950938701629639,213.0,0.5003419518470764,,,,,,,,,,,,
2,,,6999,4.0,0.9885500073432922,0.9423773288726807,0.03012661449611187,0.9421781301498413,0.9425767064094543,5.955070495605469,5.424915790557861,623.0,0.5000280141830444,,,,,,,,,,,,
2,,,7009,4.0,0.9928500056266785,0.9439437985420227,0.014563264325261116,0.952912449836731,0.9353494644165039,4.372954845428467,4.117255210876465,386.0,0.24113674461841583,,,,,,,,,,,,
2,,,7019,4.0,0.9839000105857849,0.929944634437561,0.037328142672777176,0.9503830075263977,0.9115386605262756,6.848709583282471,6.104435443878174,1049.0,0.7069457173347473,,,,,,,,,,,,
2,,,7029,4.0,0.9933500289916992,0.9285172820091248,0.019883573055267334,0.9237485527992249,0.9334007501602173,6.047738552093506,5.804742813110352,332.0,0.22311227023601532,,,,,,,,,,,,
2,,,7039,4.0,0.9684000015258789,0.8393054008483887,0.07960013300180435,0.8626621961593628,0.819144606590271,6.451415538787842,6.02593469619751,487.0,0.34588053822517395,,,,,,,,,,,,
2,,,7049,4.0,0.9813500046730042,0.9513939023017883,0.04893958568572998,0.9544692039489746,0.9483732581138611,5.097787857055664,4.480433464050293,856.0,0.5684145092964172,,,,,,,,,,,,
2,,,7059,4.0,0.9869999885559082,0.8999108076095581,0.028372598811984062,0.9099410176277161,0.8903979063034058,5.78975772857666,5.3338623046875,293.0,0.42752259969711304,,,,,,,,,,,,
2,,,7069,4.0,0.9870499968528748,0.9503179788589478,0.03210730478167534,0.9751572608947754,0.9283528327941895,4.984304904937744,4.741959571838379,1022.0,0.2102377861738205,,,,,,,,,,,,
2,,,7079,4.0,0.9807000160217285,0.8870073556900024,0.0440097339451313,0.8967651128768921,0.8777704238891602,6.728985786437988,6.466683864593506,492.0,0.2182922661304474,,,,,,,,,,,,
2,,,7089,4.0,0.9836500287055969,0.9367311000823975,0.04645658656954765,0.9365856051445007,0.936876654624939,5.3249664306640625,4.756776809692383,690.0,0.5217325687408447,,,,,,,,,,,,
2,,,7099,4.0,0.9805999994277954,0.9031966924667358,0.041571058332920074,0.9071993827819824,0.899282693862915,7.486847877502441,5.997734069824219,434.0,1.447542428970337,,,,,,,,,,,,
2,,,7109,4.0,0.9891499876976013,0.9254690408706665,0.027046967297792435,0.9177892208099365,0.9334641695022583,6.2497453689575195,5.745918273925781,444.0,0.4767800569534302,,,,,,,,,,,,
2,,,7119,4.0,0.98785001039505,0.9422745108604431,0.03009018860757351,0.9344092607498169,0.9504727125167847,5.660126209259033,5.108072280883789,426.0,0.5219634771347046,,,,,,,,,,,,
2,,,7129,4.0,0.9899500012397766,0.9569107890129089,0.02563495561480522,0.9476970434188843,0.9665763974189758,4.267608642578125,3.762647867202759,835.0,0.4793255925178528,,,,,,,,,,,,
2,,,7139,4.0,0.984000027179718,0.870672345161438,0.033543359488248825,0.9508496522903442,0.8160753846168518,6.652764320373535,6.328460693359375,419.0,0.29075995087623596,,,,,,,,,,,,
2,,,7149,4.0,0.9783999919891357,0.875531017780304,0.05169534310698509,0.9470108151435852,0.8254532217979431,7.016554832458496,6.72076940536499,400.0,0.2440899908542633,,,,,,,,,,,,
2,,,7159,4.0,0.9808499813079834,0.9225271940231323,0.045483265072107315,0.9381577372550964,0.9081509113311768,6.0835394859313965,5.807461738586426,385.0,0.23059462010860443,,,,,,,,,,,,
2,,,7169,4.0,0.9906499981880188,0.7765973210334778,0.02042892388999462,0.8108770251274109,0.7492930293083191,5.589791297912598,4.429019927978516,80.0,1.1403419971466064,,,,,,,,,,,,
2,,,7179,4.0,0.9851499795913696,0.9511556625366211,0.039114486426115036,0.9545288681983948,0.9478433132171631,5.620054244995117,4.991946697235107,657.0,0.5889930129051208,,,,,,,,,,,,
2,,,7189,4.0,0.9812999963760376,0.9599030613899231,0.04935139790177345,0.956060528755188,0.963841438293457,4.585516929626465,4.106011390686035,973.0,0.43015456199645996,,,,,,,,,,,,
2,,,7199,4.0,0.9759500026702881,0.8218610882759094,0.053429149091243744,0.8877394795417786,0.7764347791671753,7.08726692199707,6.826559066772461,340.0,0.20727868378162384,,,,,,,,,,,,
2,,,7209,4.0,0.9746000170707703,0.817754864692688,0.05334556847810745,0.8455761671066284,0.7944415211677551,6.962235927581787,6.691617012023926,288.0,0.2172730267047882,,,,,,,,,,,,
2,,,7219,4.0,0.9825500249862671,0.8973456621170044,0.038402799516916275,0.8801224231719971,0.9164130091667175,5.850211143493652,5.5937299728393555,413.0,0.21807806193828583,,,,,,,,,,,,
2,,,7229,4.0,0.9864000082015991,0.971752405166626,0.03346075117588043,0.9629708528518677,0.9810452461242676,4.39893913269043,3.6490981578826904,1099.0,0.7163800597190857,,,,,,,,,,,,
2,,,7239,4.0,0.975849986076355,0.9084360599517822,0.049955714493989944,0.9427809715270996,0.8798559904098511,5.037540435791016,4.65009069442749,760.0,0.337493896484375,,,,,,,,,,,,
2,,,7249,4.0,0.9873499870300293,0.8914107084274292,0.031100371852517128,0.9364597201347351,0.855298638343811,5.144481658935547,4.7591166496276855,250.0,0.3542647957801819,,,,,,,,,,,,
2,,,7259,4.0,0.9857000112533569,0.8887832164764404,0.038167912513017654,0.9282450079917908,0.8564409017562866,6.035513401031494,5.677976608276367,485.0,0.31936880946159363,,,,,,,,,,,,
2,,,7269,4.0,0.9901999831199646,0.9229985475540161,0.028542768210172653,0.9384905099868774,0.9086418747901917,5.60313081741333,5.340662956237793,223.0,0.2339249700307846,,,,,,,,,,,,
2,,,7279,4.0,0.9843000173568726,0.947537899017334,0.037284865975379944,0.9715428352355957,0.926323413848877,6.17927885055542,5.20026159286499,724.0,0.9417324066162109,,,,,,,,,,,,
2,,,7289,4.0,0.9907500147819519,0.9674136638641357,0.024078303948044777,0.9709287881851196,0.9639610052108765,4.625332832336426,4.296067714691162,896.0,0.3051866590976715,,,,,,,,,,,,
2,,,7299,4.0,0.9866499900817871,0.9235914349555969,0.031087137758731842,0.9287254810333252,0.9185924530029297,6.316089630126953,5.679399013519287,335.0,0.6056039333343506,,,,,,,,,,,,
2,,,7309,4.0,0.9854000210762024,0.881988525390625,0.03732786700129509,0.8587710857391357,0.9087204933166504,5.6580657958984375,5.306714057922363,301.0,0.3140240013599396,,,,,,,,,,,,
2,,,7319,4.0,0.984250009059906,0.9213746190071106,0.04387428238987923,0.9152693748474121,0.9276878237724304,5.039706707000732,4.553709983825684,677.0,0.4421226680278778,,,,,,,,,,,,
2,,,7329,4.0,0.9890499711036682,0.8345113396644592,0.02448844350874424,0.8000781536102295,0.8783737421035767,5.4660491943359375,4.94085168838501,114.0,0.500708818435669,,,,,,,,,,,,
2,,,7339,4.0,0.9896000027656555,0.9533912539482117,0.02469758503139019,0.9505464434623718,0.9562777280807495,3.7719063758850098,3.4493753910064697,915.0,0.29783350229263306,,,,,,,,,,,,
2,,,7349,4.0,0.9855499863624573,0.9247665405273438,0.03457267954945564,0.9459714889526367,0.9057103395462036,6.602478504180908,6.438802242279053,344.0,0.12910379469394684,,,,,,,,,,,,
2,,,7359,4.0,0.9899500012397766,0.9251468181610107,0.02967158518731594,0.9401346445083618,0.9112235307693481,4.667530536651611,4.326385021209717,321.0,0.31147369742393494,,,,,,,,,,,,
2,,,7369,4.0,0.9937000274658203,0.974960446357727,0.018128184601664543,0.9789180755615234,0.971078634262085,4.536884784698486,3.9028568267822266,1042.0,0.6158997416496277,,,,,,,,,,,,
2,,,7379,4.0,0.9790499806404114,0.871077299118042,0.04703496769070625,0.9074467420578003,0.8412259817123413,6.933824062347412,6.783751487731934,401.0,0.10303805768489838,,,,,,,,,,,,
2,,,7389,4.0,0.9803500175476074,0.8688459396362305,0.055700719356536865,0.8908584713935852,0.8493958711624146,5.874421119689941,5.381272315979004,332.0,0.437448114156723,,,,,,,,,,,,
2,,,7399,4.0,0.9786499738693237,0.9369810819625854,0.052320122718811035,0.9662100076675415,0.9120107889175415,6.367652893066406,5.46663236618042,1005.0,0.8487005233764648,,,,,,,,,,,,
2,,,7409,4.0,0.9917500019073486,0.9739867448806763,0.02222667820751667,0.9758481979370117,0.9721431136131287,5.070847511291504,4.514889717102051,930.0,0.5337310433387756,,,,,,,,,,,,
2,,,7419,4.0,0.9837499856948853,0.8951473832130432,0.04334905371069908,0.8912068605422974,0.8991766571998596,6.151053428649902,5.895077705383301,510.0,0.21262668073177338,,,,,,,,,,,,
2,,,7429,4.0,0.9692000150680542,0.8611984848976135,0.07106878608465195,0.9111554026603699,0.8234588503837585,7.002301216125488,6.676321983337402,682.0,0.2549103796482086,,,,,,,,,,,,
2,,,7439,4.0,0.9819499850273132,0.9307064414024353,0.03823946788907051,0.953202486038208,0.9106982946395874,4.964587211608887,4.442435264587402,851.0,0.4839126169681549,,,,,,,,,,,,
2,,,7449,4.0,0.9812999963760376,0.8842058777809143,0.04312143474817276,0.8704028725624084,0.8992061614990234,6.0534539222717285,5.7091169357299805,458.0,0.3012157678604126,,,,,,,,,,,,
2,,,7459,4.0,0.9832000136375427,0.9505418539047241,0.047127045691013336,0.9644277095794678,0.9376651644706726,5.5819993019104,5.440668106079102,981.0,0.09420394152402878,,,,,,,,,,,,
2,,,7469,4.0,0.9892500042915344,0.9208108186721802,0.02820967696607113,0.9234219193458557,0.9182344675064087,5.462615489959717,4.682419300079346,352.0,0.7519863247871399,,,,,,,,,,,,
2,,,7479,4.0,0.9764500260353088,0.8687552809715271,0.053909819573163986,0.889961838722229,0.849985659122467,6.760977268218994,6.2035322189331055,298.0,0.5035350918769836,,,,,,,,,,,,
2,,,7489,4.0,0.9860000014305115,0.9137005805969238,0.03255465254187584,0.8759564161300659,0.9609987139701843,4.895018100738525,4.280496120452881,341.0,0.5819675326347351,,,,,,,,,,,,
2,,,7499,4.0,0.9836000204086304,0.9284205436706543,0.04174119234085083,0.9124041795730591,0.9459594488143921,6.112814903259277,5.759796619415283,456.0,0.31127700209617615,,,,,,,,,,,,
2,,,7509,4.0,0.9885500073432922,0.9310134649276733,0.029151873663067818,0.912279486656189,0.9517431259155273,6.643478870391846,6.414478778839111,344.0,0.1998482048511505,,,,,,,,,,,,
2,,,7519,4.0,0.98294997215271,0.9425928592681885,0.05099692568182945,0.918470025062561,0.9704337120056152,7.476150035858154,4.818994998931885,553.0,2.6061582565307617,,,,,,,,,,,,
2,,,7529,4.0,0.9791499972343445,0.8800413608551025,0.050478242337703705,0.8562154769897461,0.9077671766281128,6.831869602203369,6.406322002410889,465.0,0.37506914138793945,,,,,,,,,,,,
2,,,7539,4.0,0.985450029373169,0.9326872825622559,0.038611385971307755,0.9314508438110352,0.9339319467544556,4.414179801940918,4.110753059387207,728.0,0.26481547951698303,,,,,,,,,,,,
2,,,7549,4.0,0.9843500256538391,0.9247556328773499,0.03839399293065071,0.9256665706634521,0.9238491058349609,6.334400177001953,5.373551368713379,378.0,0.9224549531936646,,,,,,,,,,,,
2,,,7559,4.0,0.9833499789237976,0.9288803339004517,0.043394144624471664,0.9264911413192749,0.9313009977340698,5.560879707336426,4.963062286376953,548.0,0.554423451423645,,,,,,,,,,,,
2,,,7569,4.0,0.9897000193595886,0.9498118162155151,0.023413661867380142,0.9703624248504639,0.9311944246292114,4.2303361892700195,3.636895179748535,918.0,0.5700273513793945,,,,,,,,,,,,
2,,,7579,4.0,0.9925000071525574,0.9787305593490601,0.02122528664767742,0.9769909381866455,0.9804865121841431,5.511223316192627,3.778177499771118,866.0,1.7118207216262817,,,,,,,,,,,,
2,,,7589,4.0,0.9869999885559082,0.9549669027328491,0.034780409187078476,0.9471578598022461,0.9631151556968689,5.34616231918335,4.776724338531494,685.0,0.53465735912323,,,,,,,,,,,,
2,,,7599,4.0,0.989549994468689,0.9185488224029541,0.033345527946949005,0.911081075668335,0.9263160228729248,5.317155361175537,5.080477237701416,371.0,0.20333249866962433,,,,,,,,,,,,
2,,,7609,4.0,0.9883999824523926,0.9674592018127441,0.026381302624940872,0.9608494639396667,0.9743185043334961,4.567414283752441,3.8021507263183594,904.0,0.7388824820518494,,,,,,,,,,,,
2,,,7619,4.0,0.9908000230789185,0.8916581869125366,0.02482016570866108,0.8586939573287964,0.93172287940979,5.987405300140381,5.79518985748291,146.0,0.1673952341079712,,,,,,,,,,,,
2,,,7629,4.0,0.984000027179718,0.8941842913627625,0.03973783925175667,0.9232597351074219,0.8691717386245728,6.522976875305176,6.146749496459961,334.0,0.336489737033844,,,,,,,,,,,,
2,,,7639,4.0,0.9868000149726868,0.9352308511734009,0.03372015804052353,0.9490504264831543,0.9223423004150391,5.664566993713379,4.9149250984191895,364.0,0.7159216403961182,,,,,,,,,,,,
2,,,7649,4.0,0.9834499955177307,0.9405968189239502,0.0730951577425003,0.9663216471672058,0.9180480241775513,5.621642589569092,4.648723125457764,689.0,0.8998239636421204,,,,,,,,,,,,
,9.978031724785247e-05,0.0009978031724785245,7653,,,,,,,,,,,,,,,,,,,,,,
3,,,7659,4.0,0.9868999719619751,0.9650915861129761,0.03397604823112488,0.9559314250946045,0.974750816822052,6.819827079772949,6.445958137512207,1186.0,0.3398929536342621,,,,,,,,,,,,
3,,,7669,4.0,0.9837499856948853,0.9025223255157471,0.041226789355278015,0.8716881275177002,0.9396896362304688,5.44875431060791,5.155725479125977,282.0,0.25180184841156006,,,,,,,,,,,,
3,,,7679,4.0,0.983299970626831,0.8946775794029236,0.03897472098469734,0.8993033170700073,0.8901687860488892,6.319894790649414,6.136610984802246,371.0,0.14430922269821167,,,,,,,,,,,,
3,,,7689,4.0,0.980400025844574,0.9292826652526855,0.04547422006726265,0.944380521774292,0.9153668880462646,5.654183387756348,5.33146858215332,842.0,0.2772406041622162,,,,,,,,,,,,
3,,,7699,4.0,0.9865000247955322,0.9388699531555176,0.033369503915309906,0.9511827230453491,0.9273045659065247,6.073122978210449,5.847527027130127,424.0,0.19222651422023773,,,,,,,,,,,,
3,,,7709,4.0,0.9750499725341797,0.8755584955215454,0.06812620162963867,0.9073231816291809,0.8489526510238647,6.434262275695801,5.803718566894531,381.0,0.5624172687530518,,,,,,,,,,,,
3,,,7719,4.0,0.9860000014305115,0.9357837438583374,0.036322444677352905,0.9247996807098389,0.9474437236785889,5.859143257141113,5.364418983459473,542.0,0.45840173959732056,,,,,,,,,,,,
3,,,7729,4.0,0.9884499907493591,0.8710905313491821,0.03165869042277336,0.9141068458557129,0.8365457057952881,5.524176597595215,5.402891635894775,202.0,0.0896265059709549,,,,,,,,,,,,
3,,,7739,4.0,0.9817000031471252,0.8688719272613525,0.04603593051433563,0.8919193744659424,0.8485997915267944,5.431310653686523,4.8248701095581055,247.0,0.5604047775268555,,,,,,,,,,,,
3,,,7749,4.0,0.9832000136375427,0.9496484994888306,0.0402403250336647,0.963118851184845,0.9371267557144165,4.379896640777588,3.959538698196411,899.0,0.38011759519577026,,,,,,,,,,,,
3,,,7759,4.0,0.9908999800682068,0.9705444574356079,0.021797100082039833,0.9697862863540649,0.9713056683540344,5.321043014526367,3.877688407897949,1089.0,1.4215575456619263,,,,,,,,,,,,
3,,,7769,4.0,0.9808499813079834,0.9274877309799194,0.0468207523226738,0.9279048442840576,0.9270716905593872,6.0614423751831055,5.51377010345459,587.0,0.500851571559906,,,,,,,,,,,,
3,,,7779,4.0,0.9739000201225281,0.9209229350090027,0.05826731398701668,0.9119856953620911,0.9303693771362305,5.499780654907227,5.02531623840332,745.0,0.4161974787712097,,,,,,,,,,,,
3,,,7789,4.0,0.9868999719619751,0.9677234888076782,0.03660396859049797,0.9760926961898804,0.9597408771514893,6.465202331542969,5.859676837921143,1048.0,0.568921685218811,,,,,,,,,,,,
3,,,7799,4.0,0.9868000149726868,0.9168473482131958,0.032500769942998886,0.9237135648727417,0.910222053527832,5.29818058013916,4.658389568328857,360.0,0.6072903871536255,,,,,,,,,,,,
3,,,7809,4.0,0.9926999807357788,0.6663467288017273,0.0229839738458395,0.7407358884811401,0.6274901628494263,4.236092567443848,3.957002878189087,45.0,0.2561054229736328,,,,,,,,,,,,
3,,,7819,4.0,0.9861500263214111,0.9246373772621155,0.0324038565158844,0.9590075612068176,0.8955527544021606,5.769224643707275,5.345520973205566,390.0,0.3912997245788574,,,,,,,,,,,,
3,,,7829,4.0,0.9856500029563904,0.9062948226928711,0.03465593233704567,0.9140218496322632,0.8988784551620483,6.114298343658447,5.6634440422058105,399.0,0.4161982238292694,,,,,,,,,,,,
3,,,7839,4.0,0.9888499975204468,0.8883587121963501,0.026511728763580322,0.8947398662567139,0.8821929693222046,5.6418280601501465,5.299418926239014,188.0,0.3158973157405853,,,,,,,,,,,,
3,,,7849,4.0,0.9859499931335449,0.8922137022018433,0.030484860762953758,0.8947567939758301,0.8897058963775635,5.436062812805176,5.107715129852295,242.0,0.2978629469871521,,,,,,,,,,,,
3,,,7859,4.0,0.9883000254631042,0.9311347007751465,0.03505554050207138,0.944033682346344,0.9190393686294556,6.433036804199219,6.107301235198975,445.0,0.2906796932220459,,,,,,,,,,,,
3,,,7869,4.0,0.9818500280380249,0.9057670831680298,0.041179366409778595,0.9483016729354858,0.8713980913162231,6.06784725189209,5.784948825836182,487.0,0.24171945452690125,,,,,,,,,,,,
3,,,7879,4.0,0.9866499900817871,0.9004300832748413,0.0326772965490818,0.9334259033203125,0.8724474906921387,5.8601202964782715,5.405444622039795,372.0,0.4219985902309418,,,,,,,,,,,,
3,,,7889,4.0,0.9884999990463257,0.9380033016204834,0.027326900511980057,0.9414430260658264,0.934623122215271,5.159866809844971,4.8973894119262695,657.0,0.23515041172504425,,,,,,,,,,,,
3,,,7899,4.0,0.991349995136261,0.9511517286300659,0.024366013705730438,0.9436658620834351,0.9589247703552246,4.447010040283203,4.180924892425537,433.0,0.24171912670135498,,,,,,,,,,,,
3,,,7909,4.0,0.9836500287055969,0.955365002155304,0.04068734124302864,0.9658627510070801,0.9454622864723206,6.991854667663574,5.18638801574707,1050.0,1.764778971672058,,,,,,,,,,,,
3,,,7919,4.0,0.9830999970436096,0.8479233384132385,0.03726312518119812,0.8393044471740723,0.8570276498794556,5.939754962921143,5.513495922088623,221.0,0.38899633288383484,,,,,,,,,,,,
3,,,7929,4.0,0.990149974822998,0.9606205224990845,0.022616423666477203,0.9656270742416382,0.9557386636734009,4.328557014465332,3.989013671875,900.0,0.3169269263744354,,,,,,,,,,,,
3,,,7939,4.0,0.962149977684021,0.8016349077224731,0.10061302036046982,0.9186890721321106,0.7399889826774597,6.592568874359131,5.841946125030518,516.0,0.6500096321105957,,,,,,,,,,,,
3,,,7949,4.0,0.9785500168800354,0.8906717300415039,0.05035490542650223,0.8901370167732239,0.8912081718444824,7.615623474121094,5.34455680847168,346.0,2.2207114696502686,,,,,,,,,,,,
3,,,7959,4.0,0.9826499819755554,0.9360040426254272,0.050178270787000656,0.9176287651062012,0.9564465284347534,7.615090370178223,5.148504734039307,716.0,2.416407585144043,,,,,,,,,,,,
3,,,7969,4.0,0.9861999750137329,0.9211388826370239,0.0344262421131134,0.9198318123817444,0.9224549531936646,5.589529037475586,5.279053688049316,472.0,0.2760492265224457,,,,,,,,,,,,
3,,,7979,4.0,0.983299970626831,0.886792778968811,0.038029130548238754,0.8863092660903931,0.8872776031494141,6.456684112548828,6.294921398162842,309.0,0.12373349070549011,,,,,,,,,,,,
3,,,7989,4.0,0.9876999855041504,0.9686028957366943,0.03292320296168327,0.9614744186401367,0.9760326743125916,5.407156944274902,4.9466328620910645,934.0,0.427600622177124,,,,,,,,,,,,
3,,,7999,4.0,0.9886000156402588,0.9600656032562256,0.02841152623295784,0.9614327549934387,0.9587081670761108,5.068327903747559,4.609887599945068,715.0,0.43002891540527344,,,,,,,,,,,,
3,,,8009,4.0,0.9631999731063843,0.8587722778320312,0.09310025721788406,0.9011974334716797,0.8257941007614136,6.442782878875732,5.495567798614502,1101.0,0.8541151881217957,,,,,,,,,,,,
3,,,8019,4.0,0.9877499938011169,0.9452947378158569,0.03007577545940876,0.9522497653961182,0.9385814666748047,5.273509979248047,4.913421630859375,603.0,0.3300129175186157,,,,,,,,,,,,
3,,,8029,4.0,0.9818999767303467,0.9017531275749207,0.047763850539922714,0.8967046737670898,0.9069486856460571,6.400261878967285,5.060060024261475,337.0,1.2924379110336304,,,,,,,,,,,,
3,,,8039,4.0,0.9821500182151794,0.9403034448623657,0.05845857039093971,0.9434123635292053,0.937247633934021,6.864412307739258,4.310969829559326,1107.0,2.494983673095703,,,,,,,,,,,,
3,,,8049,4.0,0.9851499795913696,0.8929523229598999,0.03806093707680702,0.9029486775398254,0.8834818601608276,5.789053440093994,5.2853851318359375,372.0,0.4656071364879608,,,,,,,,,,,,
3,,,8059,4.0,0.9889500141143799,0.9422522783279419,0.030460860580205917,0.9584825038909912,0.9272609949111938,4.432505130767822,4.1819610595703125,836.0,0.22008317708969116,,,,,,,,,,,,
3,,,8069,4.0,0.9868999719619751,0.9628154635429382,0.03615323826670647,0.9640886783599854,0.9615511894226074,4.436694145202637,3.8573129177093506,895.0,0.5432277917861938,,,,,,,,,,,,
3,,,8079,4.0,0.9934999942779541,0.9287430047988892,0.017862537875771523,0.9575262069702148,0.9035292863845825,4.946134567260742,4.816632270812988,243.0,0.1116400808095932,,,,,,,,,,,,
3,,,8089,4.0,0.986549973487854,0.9159039258956909,0.03695100173354149,0.9100382328033447,0.9219582080841064,6.0258283615112305,5.300843238830566,308.0,0.688034176826477,,,,,,,,,,,,
3,,,8099,4.0,0.9844499826431274,0.9255548715591431,0.042065463960170746,0.9404415488243103,0.9117710590362549,5.77250862121582,4.9177727699279785,516.0,0.8126702308654785,,,,,,,,,,,,
3,,,8109,4.0,0.9911999702453613,0.9561283588409424,0.024823792278766632,0.9757407903671265,0.9382550716400146,5.168199062347412,4.512799263000488,920.0,0.6305761337280273,,,,,,,,,,,,
3,,,8119,4.0,0.9846000075340271,0.8555306196212769,0.034334540367126465,0.8645986318588257,0.8469326496124268,5.121256351470947,4.993091106414795,240.0,0.09383060038089752,,,,,,,,,,,,
3,,,8129,4.0,0.9898499846458435,0.8145439624786377,0.03658641129732132,0.880486011505127,0.7685917019844055,5.132723808288574,4.511457443237305,116.0,0.5846803188323975,,,,,,,,,,,,
3,,,8139,4.0,0.984749972820282,0.8840032815933228,0.04210053011775017,0.8637361526489258,0.9068975448608398,5.397098541259766,4.621919631958008,358.0,0.7330785393714905,,,,,,,,,,,,
3,,,8149,4.0,0.9937000274658203,0.9656689167022705,0.014858712442219257,0.9736133813858032,0.9580159187316895,4.8480072021484375,4.091485500335693,827.0,0.7416629791259766,,,,,,,,,,,,
3,,,8159,4.0,0.9919000267982483,0.9077280759811401,0.02218860201537609,0.9186756610870361,0.8973666429519653,4.960637092590332,4.672207355499268,200.0,0.266241192817688,,,,,,,,,,,,
3,,,8169,4.0,0.9885500073432922,0.9205398559570312,0.02738308720290661,0.9191945791244507,0.9218946695327759,7.815279006958008,4.78743314743042,433.0,3.0004632472991943,,,,,,,,,,,,
3,,,8179,4.0,0.994350016117096,0.9645106792449951,0.01563204824924469,0.9826449155807495,0.9478086233139038,3.9309394359588623,3.645984411239624,720.0,0.26932278275489807,,,,,,,,,,,,
3,,,8189,4.0,0.9729499816894531,0.94035404920578,0.07907514274120331,0.9392811059951782,0.9414345622062683,8.025165557861328,5.27236795425415,1160.0,2.6737220287323,,,,,,,,,,,,
3,,,8199,4.0,0.9897000193595886,0.9623047113418579,0.027031997218728065,0.9519187211990356,0.9732803106307983,5.735365390777588,4.820237636566162,829.0,0.8880956768989563,,,,,,,,,,,,
3,,,8209,4.0,0.9850000143051147,0.9339228272438049,0.03560929000377655,0.9366312026977539,0.9312530755996704,4.237295627593994,3.790128707885742,916.0,0.411557674407959,,,,,,,,,,,,
3,,,8219,4.0,0.9912499785423279,0.9355437159538269,0.02133043296635151,0.9192339777946472,0.9532949924468994,5.539139747619629,4.4369659423828125,247.0,1.0808435678482056,,,,,,,,,,,,
3,,,8229,4.0,0.9922000169754028,0.9644243717193604,0.02561863139271736,0.96934974193573,0.9596158266067505,5.375222206115723,4.997000217437744,677.0,0.3526032567024231,,,,,,,,,,,,
3,,,8239,4.0,0.9852499961853027,0.9123834371566772,0.034913256764411926,0.9323930740356445,0.8943227529525757,5.8913187980651855,5.57613468170166,355.0,0.28027093410491943,,,,,,,,,,,,
3,,,8249,4.0,0.9823499917984009,0.8159239292144775,0.048025887459516525,0.8459364771842957,0.7909761667251587,6.134321689605713,5.164324760437012,213.0,0.9219706654548645,,,,,,,,,,,,
3,,,8259,4.0,0.9800999760627747,0.9424054622650146,0.04799047112464905,0.9541867971420288,0.9313766956329346,5.104623794555664,4.471660614013672,948.0,0.5849730372428894,,,,,,,,,,,,
3,,,8269,4.0,0.9889500141143799,0.9640486240386963,0.031059127300977707,0.977179765701294,0.9517724514007568,5.276016712188721,4.155221939086914,886.0,1.0897356271743774,,,,,,,,,,,,
3,,,8279,4.0,0.9876499772071838,0.9512994289398193,0.02955705299973488,0.9612367153167725,0.9418526887893677,4.56079626083374,3.985184669494629,917.0,0.5460543632507324,,,,,,,,,,,,
3,,,8289,4.0,0.986050009727478,0.8935897350311279,0.03142779320478439,0.9054384231567383,0.882468044757843,6.397770404815674,5.93421745300293,273.0,0.43212491273880005,,,,,,,,,,,,
3,,,8299,4.0,0.9828500151634216,0.9624890089035034,0.04430645704269409,0.9768886566162109,0.9492731094360352,5.316463947296143,4.86728048324585,1035.0,0.4048771262168884,,,,,,,,,,,,
3,,,8309,4.0,0.9766499996185303,0.8761070966720581,0.05299784988164902,0.8748534917831421,0.8773703575134277,5.852900505065918,5.678854942321777,392.0,0.12104764580726624,,,,,,,,,,,,
3,,,8319,4.0,0.9767500162124634,0.9195305109024048,0.055888671427965164,0.9323574900627136,0.9075958728790283,6.1736602783203125,4.810649394989014,917.0,1.3071222305297852,,,,,,,,,,,,
3,,,8329,4.0,0.9779999852180481,0.9110909104347229,0.051817089319229126,0.9480488300323486,0.8806124329566956,5.710176467895508,4.895015716552734,895.0,0.7633437514305115,,,,,,,,,,,,
3,,,8339,4.0,0.9804499745368958,0.8999901413917542,0.04600121080875397,0.9155099391937256,0.8857283592224121,6.644883632659912,5.783636093139648,381.0,0.8152461051940918,,,,,,,,,,,,
3,,,8349,4.0,0.9843500256538391,0.8834375143051147,0.04097439721226692,0.8774303197860718,0.8896571397781372,6.315942764282227,5.613957405090332,599.0,0.6610108613967896,,,,,,,,,,,,
3,,,8359,4.0,0.9890499711036682,0.9512916803359985,0.029738137498497963,0.9465770721435547,0.9561226963996887,4.810904026031494,4.381912708282471,658.0,0.399253249168396,,,,,,,,,,,,
3,,,8369,4.0,0.9899500012397766,0.946212649345398,0.028590478003025055,0.9639831781387329,0.9298996925354004,4.34581184387207,3.758958101272583,817.0,0.5582635402679443,,,,,,,,,,,,
3,,,8379,4.0,0.9810000061988831,0.9370735287666321,0.04507610946893692,0.9315962195396423,0.9427253603935242,5.329350471496582,4.85865592956543,890.0,0.42561861872673035,,,,,,,,,,,,
3,,,8389,4.0,0.9879000186920166,0.9461551904678345,0.028968194499611855,0.9440687298774719,0.9482643604278564,4.553435802459717,4.056626319885254,866.0,0.46784093976020813,,,,,,,,,,,,
3,,,8399,4.0,0.982450008392334,0.9077626466751099,0.0437656007707119,0.9030051827430725,0.9126490354537964,6.911858081817627,5.602107524871826,572.0,1.2659848928451538,,,,,,,,,,,,
3,,,8409,4.0,0.9866499900817871,0.9136546850204468,0.03229716420173645,0.8886339664459229,0.9425200819969177,5.779816150665283,5.47390604019165,294.0,0.27361294627189636,,,,,,,,,,,,
3,,,8419,4.0,0.9839500188827515,0.8689789772033691,0.03748447075486183,0.9443116188049316,0.8167351484298706,6.413429260253906,6.1978373527526855,258.0,0.17810747027397156,,,,,,,,,,,,
3,,,8429,4.0,0.9908999800682068,0.9277559518814087,0.02345556579530239,0.9368491172790527,0.9190614223480225,5.125611305236816,4.165771961212158,224.0,0.9363836050033569,,,,,,,,,,,,
3,,,8439,4.0,0.9909999966621399,0.893049418926239,0.022478800266981125,0.9358859062194824,0.8582046031951904,5.64253568649292,5.091350078582764,219.0,0.5287072062492371,,,,,,,,,,,,
3,,,8449,4.0,0.9812999963760376,0.9368053674697876,0.04317610338330269,0.9259969592094421,0.9483115673065186,6.443727970123291,5.985385417938232,1032.0,0.41516658663749695,,,,,,,,,,,,
3,,,8459,4.0,0.9843999743461609,0.9421857595443726,0.03942160680890083,0.9383060932159424,0.9461486339569092,5.65895938873291,4.595545768737793,871.0,1.0239918231964111,,,,,,,,,,,,
3,,,8469,4.0,0.9843999743461609,0.957347571849823,0.03608395531773567,0.962193489074707,0.9526317715644836,5.192212104797363,4.7244696617126465,990.0,0.4316583573818207,,,,,,,,,,,,
3,,,8479,4.0,0.9714499711990356,0.8423222303390503,0.09247409552335739,0.8780821561813354,0.8134222030639648,6.182310581207275,5.841090202331543,397.0,0.24874648451805115,,,,,,,,,,,,
3,,,8489,4.0,0.9915000200271606,0.9713886976242065,0.02256529964506626,0.9748786687850952,0.9679605960845947,5.572282314300537,5.311054229736328,842.0,0.23866264522075653,,,,,,,,,,,,
3,,,8499,4.0,0.9764999747276306,0.9537180662155151,0.06605515629053116,0.9425058364868164,0.9658554792404175,5.836676597595215,4.5482659339904785,1209.0,1.2223551273345947,,,,,,,,,,,,
3,,,8509,4.0,0.9841499924659729,0.939944326877594,0.04375836253166199,0.9540479183197021,0.9268417358398438,4.315505504608154,3.7528700828552246,794.0,0.5188772082328796,,,,,,,,,,,,
3,,,8519,4.0,0.9935500025749207,0.969355583190918,0.021305710077285767,0.9813861846923828,0.9579880237579346,4.21609354019165,4.023995876312256,866.0,0.17079201340675354,,,,,,,,,,,,
3,,,8529,4.0,0.9853500127792358,0.8837813138961792,0.03891961649060249,0.8829295635223389,0.8846372365951538,5.560477256774902,5.028735637664795,320.0,0.49282214045524597,,,,,,,,,,,,
3,,,8539,4.0,0.9859499931335449,0.9294198751449585,0.03407471626996994,0.9063994884490967,0.9556281566619873,6.141312599182129,5.350279331207275,607.0,0.7569584846496582,,,,,,,,,,,,
3,,,8549,4.0,0.9897000193595886,0.9629509449005127,0.0296262688934803,0.9535640478134155,0.97281813621521,6.054177284240723,4.934764862060547,987.0,1.0897860527038574,,,,,,,,,,,,
3,,,8559,4.0,0.9834499955177307,0.9206322431564331,0.04013678431510925,0.9100023508071899,0.9319144487380981,6.730289936065674,6.536088943481445,418.0,0.1540641039609909,,,,,,,,,,,,
3,,,8569,4.0,0.9923499822616577,0.8895425796508789,0.021974163129925728,0.93794846534729,0.8510973453521729,4.881798267364502,4.559394359588623,195.0,0.3004299998283386,,,,,,,,,,,,
3,,,8579,4.0,0.9868000149726868,0.9083365201950073,0.031146664172410965,0.9093887805938721,0.9072900414466858,5.671103000640869,5.4259490966796875,212.0,0.21400731801986694,,,,,,,,,,,,
3,,,8589,4.0,0.9802500009536743,0.9330481290817261,0.05396638810634613,0.9404729604721069,0.9259225726127625,14.187641143798828,4.546718597412109,1028.0,9.586956024169922,,,,,,,,,,,,
3,,,8599,4.0,0.9881500005722046,0.9140026569366455,0.03190084546804428,0.9324277639389038,0.8972045183181763,7.039144515991211,5.394040584564209,311.0,1.6132028102874756,,,,,,,,,,,,
3,,,8609,4.0,0.9859499931335449,0.8703778386116028,0.03247683867812157,0.9253024458885193,0.8286982774734497,5.950099945068359,5.6229753494262695,248.0,0.2946474552154541,,,,,,,,,,,,
3,,,8619,4.0,0.9904500246047974,0.9208289384841919,0.023141294717788696,0.9090877175331116,0.9333195686340332,5.689581394195557,5.257318496704102,255.0,0.40912172198295593,,,,,,,,,,,,
3,,,8629,4.0,0.9894499778747559,0.9750640392303467,0.026471640914678574,0.9808741807937622,0.969443142414093,4.795083999633789,4.023453712463379,940.0,0.7451585531234741,,,,,,,,,,,,
3,,,8639,4.0,0.9906499981880188,0.972507119178772,0.0221092589199543,0.9705981612205505,0.9744356870651245,4.240435600280762,3.8528592586517334,931.0,0.3654671311378479,,,,,,,,,,,,
3,,,8649,4.0,0.9879000186920166,0.9399973154067993,0.0323888435959816,0.9431418776512146,0.9369029998779297,5.419422149658203,4.897802352905273,454.0,0.48923102021217346,,,,,,,,,,,,
3,,,8659,4.0,0.9861000180244446,0.9202361106872559,0.032024092972278595,0.9150494337081909,0.9255696535110474,5.282166481018066,5.025779724121094,365.0,0.22436289489269257,,,,,,,,,,,,
3,,,8669,4.0,0.989799976348877,0.8911373019218445,0.02574809640645981,0.9307260513305664,0.8585366010665894,5.7063140869140625,5.596252918243408,253.0,0.08431278169155121,,,,,,,,,,,,
3,,,8679,4.0,0.9940000176429749,0.9664433002471924,0.021194947883486748,0.9846969842910767,0.9496519565582275,4.084190845489502,3.846668004989624,845.0,0.21632781624794006,,,,,,,,,,,,
3,,,8689,4.0,0.9881500005722046,0.9016085863113403,0.02617150917649269,0.9368534088134766,0.8719664812088013,5.906785488128662,5.407027721405029,299.0,0.47358593344688416,,,,,,,,,,,,
3,,,8699,4.0,0.9824000000953674,0.9439049959182739,0.04903016984462738,0.9547731876373291,0.9336603879928589,7.038689136505127,6.541240215301514,1256.0,0.4484185576438904,,,,,,,,,,,,
3,,,8709,4.0,0.9879999756813049,0.9585761427879333,0.03221176192164421,0.956981897354126,0.9601839184761047,5.052297592163086,4.392418384552002,898.0,0.6276676058769226,,,,,,,,,,,,
3,,,8719,4.0,0.9878000020980835,0.9060701131820679,0.03227648884057999,0.8904218673706055,0.9231438636779785,5.5992302894592285,4.998726844787598,237.0,0.5682269930839539,,,,,,,,,,,,
3,,,8729,4.0,0.9886000156402588,0.9607387185096741,0.0344720184803009,0.9642461538314819,0.9572948217391968,5.145970821380615,4.987574100494385,551.0,0.12392496317625046,,,,,,,,,,,,
3,,,8739,4.0,0.9731500148773193,0.8095057010650635,0.06540994346141815,0.8379700779914856,0.7858577966690063,5.725690841674805,5.43141508102417,248.0,0.22886575758457184,,,,,,,,,,,,
3,,,8749,4.0,0.9644500017166138,0.9015343189239502,0.09635952860116959,0.8899900913238525,0.9140245914459229,8.2745943069458,7.393494606018066,1457.0,0.7847397923469543,,,,,,,,,,,,
3,,,8759,4.0,0.9914500117301941,0.9325726628303528,0.022406024858355522,0.9175390005111694,0.948824405670166,5.579441547393799,4.691911220550537,248.0,0.8651241064071655,,,,,,,,,,,,
3,,,8769,4.0,0.9890499711036682,0.9639042019844055,0.030400149524211884,0.9521566033363342,0.9764297008514404,4.948521614074707,4.376476287841797,876.0,0.5416451096534729,,,,,,,,,,,,
3,,,8779,4.0,0.9853000044822693,0.9315727949142456,0.04050172120332718,0.9351670742034912,0.9280459880828857,6.4672532081604,6.215139865875244,688.0,0.21161162853240967,,,,,,,,,,,,
3,,,8789,4.0,0.9809499979019165,0.8899369239807129,0.04546967148780823,0.8759759664535522,0.9051145315170288,6.981614112854004,6.131867408752441,452.0,0.8042770624160767,,,,,,,,,,,,
3,,,8799,4.0,0.9891999959945679,0.9570159316062927,0.025696923956274986,0.9637405872344971,0.9505162239074707,4.6540327072143555,3.925241470336914,1041.0,0.7030943632125854,,,,,,,,,,,,
3,,,8809,4.0,0.9848999977111816,0.9196888208389282,0.03839786350727081,0.9360657930374146,0.9046358466148376,5.648004531860352,5.2772440910339355,413.0,0.3323628902435303,,,,,,,,,,,,
3,,,8819,4.0,0.991349995136261,0.9738378524780273,0.025893744081258774,0.9843207597732544,0.963905930519104,5.622104644775391,4.9451985359191895,1243.0,0.6510125398635864,,,,,,,,,,,,
3,,,8829,4.0,0.9936000108718872,0.9731340408325195,0.01684388518333435,0.9666517376899719,0.9798294305801392,4.419525146484375,3.6938869953155518,822.0,0.7087942361831665,,,,,,,,,,,,
3,,,8839,4.0,0.9782500267028809,0.9121320247650146,0.06149522215127945,0.9008142948150635,0.9242355823516846,6.735276222229004,4.869382381439209,709.0,1.8043982982635498,,,,,,,,,,,,
3,,,8849,4.0,0.9861500263214111,0.9291490316390991,0.03466589376330376,0.9262181520462036,0.9321258664131165,7.422679901123047,7.089447975158691,656.0,0.29856574535369873,,,,,,,,,,,,
3,,,8859,4.0,0.9838500022888184,0.9181339740753174,0.038415852934122086,0.9051281213760376,0.932127833366394,6.175063133239746,5.295830249786377,474.0,0.8408172130584717,,,,,,,,,,,,
3,,,8869,4.0,0.9890999794006348,0.9292905330657959,0.024779358878731728,0.9318686723709106,0.9267460107803345,6.586658477783203,5.522479057312012,312.0,1.0394001007080078,,,,,,,,,,,,
3,,,8879,4.0,0.9835500121116638,0.951210081577301,0.040069788694381714,0.9530720114707947,0.9493674039840698,5.471315383911133,4.904656887054443,832.0,0.5265889167785645,,,,,,,,,,,,
3,,,8889,4.0,0.9810500144958496,0.9537222981452942,0.045737169682979584,0.9393097162246704,0.9695029258728027,4.701172828674316,4.1436028480529785,703.0,0.5118326544761658,,,,,,,,,,,,
3,,,8899,4.0,0.9867500066757202,0.9131647348403931,0.036472219973802567,0.9065532088279724,0.9200172424316406,4.904731273651123,4.424357891082764,595.0,0.4439011216163635,,,,,,,,,,,,
3,,,8909,4.0,0.9882500171661377,0.958156943321228,0.03012993186712265,0.977489709854126,0.9406076073646545,4.462113857269287,4.008636951446533,898.0,0.4233468174934387,,,,,,,,,,,,
3,,,8919,4.0,0.9872000217437744,0.9158599376678467,0.029623085632920265,0.9018039703369141,0.9310438632965088,5.628330707550049,4.781566619873047,303.0,0.8171411752700806,,,,,,,,,,,,
3,,,8929,4.0,0.9852499961853027,0.8371095657348633,0.03213748708367348,0.8353443145751953,0.8388947248458862,5.713385581970215,5.597125053405762,291.0,0.08412303030490875,,,,,,,,,,,,
3,,,8939,4.0,0.987500011920929,0.9136412143707275,0.032975923269987106,0.9239574670791626,0.9038585424423218,5.321651458740234,4.790904998779297,413.0,0.49777013063430786,,,,,,,,,,,,
3,,,8949,4.0,0.9897500276565552,0.8805043697357178,0.026184499263763428,0.8959853649139404,0.8662464618682861,4.424586296081543,4.0084028244018555,247.0,0.3899989128112793,,,,,,,,,,,,
3,,,8959,4.0,0.9826499819755554,0.8868409395217896,0.0407743863761425,0.9206846356391907,0.8584757447242737,5.777463912963867,5.521949291229248,341.0,0.2147403359413147,,,,,,,,,,,,
3,,,8969,4.0,0.9850999712944031,0.8503847718238831,0.036121219396591187,0.9198797941207886,0.8015590906143188,5.7609734535217285,5.392775535583496,241.0,0.33207669854164124,,,,,,,,,,,,
3,,,8979,4.0,0.9882000088691711,0.9175283908843994,0.028881995007395744,0.9132545590400696,0.9218999147415161,6.123305320739746,5.778082370758057,493.0,0.3163411319255829,,,,,,,,,,,,
3,,,8989,4.0,0.9852499961853027,0.8268848657608032,0.03910742327570915,0.8737740516662598,0.7909210920333862,6.334400177001953,6.110579967498779,226.0,0.18471309542655945,,,,,,,,,,,,
3,,,8999,4.0,0.9900000095367432,0.9743306636810303,0.028892353177070618,0.9728150963783264,0.9758592844009399,5.14140510559082,4.622835159301758,898.0,0.4896775484085083,,,,,,,,,,,,
3,,,9009,4.0,0.9827499985694885,0.8956087231636047,0.041491489857435226,0.9451550245285034,0.8568572998046875,7.063340663909912,5.661798000335693,316.0,1.3600510358810425,,,,,,,,,,,,
3,,,9019,4.0,0.991599977016449,0.9701677560806274,0.020692236721515656,0.9750396609306335,0.9654142260551453,4.8862457275390625,4.1796793937683105,948.0,0.6858741044998169,,,,,,,,,,,,
3,,,9029,4.0,0.982450008392334,0.9239546060562134,0.043572526425123215,0.9489076137542725,0.9020075798034668,6.2429890632629395,5.966559886932373,658.0,0.23285672068595886,,,,,,,,,,,,
3,,,9039,4.0,0.9854000210762024,0.835117518901825,0.039451420307159424,0.8294404149055481,0.8410062193870544,5.259505271911621,4.164896488189697,207.0,1.055156946182251,,,,,,,,,,,,
3,,,9049,4.0,0.989300012588501,0.968915581703186,0.02621951512992382,0.9779563546180725,0.9602972865104675,5.692753314971924,5.448186874389648,947.0,0.21834708750247955,,,,,,,,,,,,
3,,,9059,4.0,0.991349995136261,0.9261049032211304,0.023578841239213943,0.928513765335083,0.9237249493598938,4.958559513092041,4.6918745040893555,295.0,0.243106409907341,,,,,,,,,,,,
3,,,9069,4.0,0.9800500273704529,0.8966145515441895,0.05002087727189064,0.941354513168335,0.860997200012207,6.781209945678711,5.758286476135254,457.0,0.9729028940200806,,,,,,,,,,,,
3,,,9079,4.0,0.9890999794006348,0.9683047533035278,0.028507959097623825,0.9720934629440308,0.9645923376083374,4.691495895385742,4.492279052734375,967.0,0.1707085371017456,,,,,,,,,,,,
3,,,9089,4.0,0.9909499883651733,0.9295634031295776,0.023245759308338165,0.9343008995056152,0.9249361753463745,6.016981601715088,5.5565338134765625,312.0,0.4372021555900574,,,,,,,,,,,,
3,,,9099,4.0,0.9833999872207642,0.9379289150238037,0.040611617267131805,0.92970871925354,0.9465352892875671,6.124029159545898,5.7481865882873535,558.0,0.3352307379245758,,,,,,,,,,,,
3,,,9109,4.0,0.9812999963760376,0.914086103439331,0.04117130860686302,0.9011123776435852,0.9280706644058228,5.377328872680664,5.079789161682129,569.0,0.2563687264919281,,,,,,,,,,,,
3,,,9119,4.0,0.9783999919891357,0.8838928937911987,0.048696357756853104,0.9099445343017578,0.8613097667694092,5.888765335083008,5.437188148498535,419.0,0.40288057923316956,,,,,,,,,,,,
3,,,9129,4.0,0.9933000206947327,0.9284921288490295,0.017081288620829582,0.9429188370704651,0.9150232076644897,6.140568733215332,5.493794918060303,250.0,0.6296923756599426,,,,,,,,,,,,
3,,,9139,4.0,0.9819499850273132,0.9143877029418945,0.04688919708132744,0.8944334983825684,0.9368209838867188,5.943779468536377,5.569310665130615,390.0,0.3275795578956604,,,,,,,,,,,,
3,,,9149,4.0,0.990149974822998,0.8803621530532837,0.027946816757321358,0.8772905468940735,0.883486807346344,5.34694242477417,5.1264519691467285,289.0,0.19254359602928162,,,,,,,,,,,,
3,,,9159,4.0,0.989549994468689,0.916976809501648,0.026853488758206367,0.9035249948501587,0.9314354658126831,5.247490406036377,4.866066932678223,222.0,0.3545701205730438,,,,,,,,,,,,
3,,,9169,4.0,0.9836000204086304,0.8847819566726685,0.03541768714785576,0.875045895576477,0.8950893878936768,5.733307361602783,5.375351428985596,282.0,0.32253819704055786,,,,,,,,,,,,
3,,,9179,4.0,0.9848499894142151,0.8792775869369507,0.04104349762201309,0.8767522573471069,0.8818398118019104,7.141644477844238,6.177979946136475,329.0,0.9226210117340088,,,,,,,,,,,,
3,,,9189,4.0,0.9925500154495239,0.9692330360412598,0.018794763833284378,0.984463095664978,0.9550737738609314,3.904228687286377,3.5358667373657227,866.0,0.34956714510917664,,,,,,,,,,,,
3,,,9199,4.0,0.9801499843597412,0.9543701410293579,0.042574089020490646,0.9666724801063538,0.9429372549057007,5.0896315574646,4.6450700759887695,962.0,0.40198761224746704,,,,,,,,,,,,
3,,,9209,4.0,0.9921000003814697,0.8622570037841797,0.02090350352227688,0.9064550399780273,0.8269790410995483,5.284460067749023,5.056803226470947,149.0,0.20675313472747803,,,,,,,,,,,,
3,,,9219,4.0,0.9837499856948853,0.9177764654159546,0.03649197518825531,0.8962132334709167,0.9422023296356201,5.70765495300293,5.1010518074035645,360.0,0.5701112151145935,,,,,,,,,,,,
3,,,9229,4.0,0.9903500080108643,0.9199999570846558,0.023800035938620567,0.9352663159370422,0.905840277671814,5.398109436035156,5.130013942718506,335.0,0.24429568648338318,,,,,,,,,,,,
3,,,9239,4.0,0.9886500239372253,0.9679946899414062,0.02848118543624878,0.9647376537322998,0.971311092376709,4.107880592346191,3.64302134513855,926.0,0.43637779355049133,,,,,,,,,,,,
3,,,9249,4.0,0.989549994468689,0.9615275859832764,0.02675674669444561,0.9705801010131836,0.9528801441192627,6.16835355758667,5.779489994049072,1029.0,0.3621066212654114,,,,,,,,,,,,
3,,,9259,4.0,0.9868500232696533,0.8715048432350159,0.03800570219755173,0.8847125768661499,0.8592283725738525,6.022952556610107,5.645498275756836,369.0,0.33944863080978394,,,,,,,,,,,,
3,,,9269,4.0,0.9883000254631042,0.9647265076637268,0.028102755546569824,0.9647265076637268,0.9647265076637268,4.314793109893799,3.656191110610962,801.0,0.6304994821548462,,,,,,,,,,,,
3,,,9279,4.0,0.9877499938011169,0.9174238443374634,0.028879357501864433,0.9547597169876099,0.886206865310669,5.71697473526001,5.348968982696533,390.0,0.3391267657279968,,,,,,,,,,,,
3,,,9289,4.0,0.9836999773979187,0.9113496541976929,0.0385306216776371,0.9121599197387695,0.9105429649353027,6.056729316711426,5.825948238372803,534.0,0.19225002825260162,,,,,,,,,,,,
3,,,9299,4.0,0.9769499897956848,0.8837903738021851,0.05861504375934601,0.949774980545044,0.8364195823669434,7.033483982086182,6.2260050773620605,576.0,0.7488636374473572,,,,,,,,,,,,
3,,,9309,4.0,0.9739000201225281,0.9298579692840576,0.06591494381427765,0.9474091529846191,0.9140152931213379,5.8353471755981445,5.383720874786377,997.0,0.3857111632823944,,,,,,,,,,,,
3,,,9319,4.0,0.9815000295639038,0.8894491195678711,0.045686986297369,0.8994982242584229,0.8799467086791992,6.818861961364746,6.264496326446533,396.0,0.5086781978607178,,,,,,,,,,,,
3,,,9329,4.0,0.9848499894142151,0.9501141309738159,0.03643588721752167,0.9405985474586487,0.9601517915725708,5.846390724182129,4.450608253479004,869.0,1.3593465089797974,,,,,,,,,,,,
3,,,9339,4.0,0.9776999950408936,0.9409485459327698,0.05530833080410957,0.941872239112854,0.9400299191474915,7.576147556304932,4.474353790283203,973.0,3.046485424041748,,,,,,,,,,,,
3,,,9349,4.0,0.9833999872207642,0.8668299317359924,0.04023411124944687,0.8994175791740417,0.8395056128501892,5.703438758850098,5.241814136505127,309.0,0.42139068245887756,,,,,,,,,,,,
3,,,9359,4.0,0.9876499772071838,0.8438130021095276,0.03383709490299225,0.9046512842178345,0.7994884252548218,5.813575744628906,5.24658203125,216.0,0.5331562161445618,,,,,,,,,,,,
3,,,9369,4.0,0.9800999760627747,0.9382011890411377,0.06216727942228317,0.9201440811157227,0.958340048789978,5.283647060394287,4.858143329620361,680.0,0.3633367419242859,,,,,,,,,,,,
3,,,9379,4.0,0.9825500249862671,0.8599058389663696,0.04524889960885048,0.8629065752029419,0.8569583892822266,5.60482120513916,4.60803747177124,249.0,0.9515348672866821,,,,,,,,,,,,
3,,,9389,4.0,0.9921000003814697,0.9605801105499268,0.021417567506432533,0.9545068740844727,0.9668400287628174,4.759608268737793,4.666871547698975,659.0,0.07131931930780411,,,,,,,,,,,,
3,,,9399,4.0,0.9894499778747559,0.8513941764831543,0.035012926906347275,0.8254278302192688,0.8821101784706116,5.335103988647461,4.5278778076171875,195.0,0.7722134590148926,,,,,,,,,,,,
3,,,9409,4.0,0.9807999730110168,0.9453004598617554,0.052655480802059174,0.9414600133895874,0.9492281675338745,6.416391372680664,5.779037952423096,1116.0,0.5846974849700928,,,,,,,,,,,,
3,,,9419,4.0,0.9862499833106995,0.9393588304519653,0.03971085324883461,0.942624032497406,0.9361487627029419,4.8489227294921875,4.378185272216797,775.0,0.43102651834487915,,,,,,,,,,,,
3,,,9429,4.0,0.988099992275238,0.9428099393844604,0.028572650626301765,0.9505355358123779,0.9353798627853394,4.977783203125,4.7018914222717285,569.0,0.2473190873861313,,,,,,,,,,,,
3,,,9439,4.0,0.9882500171661377,0.9374162554740906,0.02767215296626091,0.949317216873169,0.9262011051177979,6.88275146484375,6.687619686126709,526.0,0.16745935380458832,,,,,,,,,,,,
3,,,9449,4.0,0.9767500162124634,0.9135332107543945,0.05761009082198143,0.9206467270851135,0.9067025184631348,6.278665542602539,5.880094528198242,528.0,0.340960830450058,,,,,,,,,,,,
3,,,9459,4.0,0.9839000105857849,0.9450300335884094,0.040567245334386826,0.948122501373291,0.9419890642166138,6.22866678237915,5.439790725708008,1073.0,0.7483085989952087,,,,,,,,,,,,
3,,,9469,4.0,0.9847999811172485,0.930840253829956,0.03485609591007233,0.9575459957122803,0.9074724316596985,5.12661600112915,4.621532917022705,811.0,0.47022661566734314,,,,,,,,,,,,
3,,,9479,4.0,0.9871500134468079,0.9077397584915161,0.031438734382390976,0.9197942018508911,0.8964152336120605,6.800162315368652,5.995415210723877,368.0,0.7733081579208374,,,,,,,,,,,,
3,,,9489,4.0,0.9868999719619751,0.8781870007514954,0.03234242647886276,0.9100490808486938,0.8511919379234314,14.16219711303711,5.285823822021484,523.0,8.844030380249023,,,,,,,,,,,,
3,,,9499,4.0,0.986549973487854,0.8392541408538818,0.03323054686188698,0.8106278777122498,0.874091625213623,5.110037326812744,4.753988742828369,167.0,0.32281777262687683,,,,,,,,,,,,
3,,,9509,4.0,0.9803000092506409,0.8855196833610535,0.04888562485575676,0.9048944711685181,0.8681043386459351,6.380852222442627,5.766169548034668,348.0,0.5657967329025269,,,,,,,,,,,,
3,,,9519,4.0,0.98580002784729,0.9084292650222778,0.035945381969213486,0.9806438684463501,0.8564673662185669,5.548398971557617,4.97637414932251,386.0,0.5360792279243469,,,,,,,,,,,,
3,,,9529,4.0,0.9813500046730042,0.9162524938583374,0.04650530219078064,0.9329785704612732,0.9009501934051514,6.400160789489746,5.658421039581299,535.0,0.6952341794967651,,,,,,,,,,,,
3,,,9539,4.0,0.9783999919891357,0.8782076239585876,0.05150124430656433,0.9233617782592773,0.8426164984703064,6.687621593475342,5.997615814208984,278.0,0.6385043859481812,,,,,,,,,,,,
3,,,9549,4.0,0.9886500239372253,0.9599679112434387,0.027981244027614594,0.9714242219924927,0.9491610527038574,4.956693172454834,4.344681739807129,911.0,0.5840302109718323,,,,,,,,,,,,
3,,,9559,4.0,0.9678000211715698,0.8316423892974854,0.07808168232440948,0.9034483432769775,0.7836901545524597,6.8267436027526855,6.099560260772705,447.0,0.6491017937660217,,,,,,,,,,,,
3,,,9569,4.0,0.9817500114440918,0.8783400058746338,0.043210871517658234,0.9123120307922363,0.8499823808670044,6.067323207855225,5.270033836364746,399.0,0.754078209400177,,,,,,,,,,,,
3,,,9579,4.0,0.9866999983787537,0.9526228904724121,0.03263513743877411,0.9682894349098206,0.9381629824638367,4.455216407775879,4.036731719970703,884.0,0.3858495056629181,,,,,,,,,,,,
3,,,9589,4.0,0.975350022315979,0.8557624816894531,0.05769224092364311,0.9164144992828369,0.8119169473648071,8.502960205078125,5.360741138458252,491.0,3.084527015686035,,,,,,,,,,,,
3,,,9599,4.0,0.9919499754905701,0.9753594994544983,0.018915507942438126,0.9845291376113892,0.966611385345459,3.8510916233062744,3.384565830230713,1031.0,0.44761043787002563,,,,,,,,,,,,
3,,,9609,4.0,0.9916999936103821,0.9764725565910339,0.021053457632660866,0.9828829765319824,0.9702755212783813,4.677939414978027,3.803790807723999,886.0,0.8530952334403992,,,,,,,,,,,,
3,,,9619,4.0,0.9840999841690063,0.9571236371994019,0.04093312844634056,0.9622830152511597,0.9521123170852661,5.013980388641357,4.553430080413818,910.0,0.41961726546287537,,,,,,,,,,,,
3,,,9629,4.0,0.9879000186920166,0.8724141120910645,0.02912086807191372,0.8746700286865234,0.8701866865158081,5.470438480377197,5.270094871520996,168.0,0.17122288048267365,,,,,,,,,,,,
3,,,9639,4.0,0.9878000020980835,0.9530559778213501,0.033305589109659195,0.9766123294830322,0.9320833683013916,4.336769104003906,3.926605701446533,865.0,0.3768575191497803,,,,,,,,,,,,
3,,,9649,4.0,0.9872499704360962,0.969557523727417,0.032486576586961746,0.9768010973930359,0.9626080989837646,4.524540901184082,4.231837749481201,901.0,0.2602165639400482,,,,,,,,,,,,
3,,,9659,4.0,0.9870499968528748,0.9197655320167542,0.03048020601272583,0.9185783863067627,0.9209600687026978,6.361927509307861,6.0962443351745605,289.0,0.23520280420780182,,,,,,,,,,,,
3,,,9669,4.0,0.9861500263214111,0.8981144428253174,0.028964770957827568,0.9343004822731018,0.8679071068763733,5.992326259613037,5.473577976226807,516.0,0.48978349566459656,,,,,,,,,,,,
3,,,9679,4.0,0.9830999970436096,0.8912757039070129,0.040619973093271255,0.908751368522644,0.8753697872161865,6.139479637145996,5.2299675941467285,280.0,0.8688921332359314,,,,,,,,,,,,
3,,,9689,4.0,0.9825000166893005,0.9139811396598816,0.05272498354315758,0.9213938117027283,0.9068594574928284,5.304369926452637,5.0970892906188965,877.0,0.1545557826757431,,,,,,,,,,,,
3,,,9699,4.0,0.9812999963760376,0.7802785634994507,0.046650175005197525,0.8774704933166504,0.7243752479553223,5.672070503234863,5.260746002197266,303.0,0.3646741807460785,,,,,,,,,,,,
3,,,9709,4.0,0.983299970626831,0.865624189376831,0.03801427036523819,0.8415954113006592,0.8936456441879272,5.819701671600342,5.558465003967285,253.0,0.22322231531143188,,,,,,,,,,,,
3,,,9719,4.0,0.9874500036239624,0.961585283279419,0.03379635885357857,0.9589380025863647,0.9642711877822876,4.640679359436035,4.267647743225098,872.0,0.33923548460006714,,,,,,,,,,,,
3,,,9729,4.0,0.9919499754905701,0.9620422124862671,0.024394378066062927,0.9677290320396423,0.9565105438232422,3.9186477661132812,3.5209097862243652,937.0,0.37334367632865906,,,,,,,,,,,,
3,,,9739,4.0,0.9861999750137329,0.9306445121765137,0.03280031681060791,0.9294858574867249,0.9318103790283203,6.532268524169922,5.766596794128418,545.0,0.7328715324401855,,,,,,,,,,,,
3,,,9749,4.0,0.9700000286102295,0.8814970850944519,0.06421440094709396,0.8919880390167236,0.8716535568237305,9.578855514526367,5.416449546813965,478.0,4.098191261291504,,,,,,,,,,,,
3,,,9759,4.0,0.9843000173568726,0.9547306299209595,0.05094469338655472,0.9816117286682129,0.9313801527023315,5.9458909034729,5.639594554901123,1300.0,0.2553515136241913,,,,,,,,,,,,
3,,,9769,4.0,0.9840499758720398,0.9448283910751343,0.04091325402259827,0.9537315368652344,0.9363385438919067,5.067862510681152,4.4275712966918945,903.0,0.5993781089782715,,,,,,,,,,,,
3,,,9779,4.0,0.9901000261306763,0.8982632756233215,0.02364783175289631,0.8876826167106628,0.9094759225845337,5.021848678588867,4.612365245819092,199.0,0.3858354091644287,,,,,,,,,,,,
3,,,9789,4.0,0.9876000285148621,0.9549005031585693,0.03136379271745682,0.9537768363952637,0.9560309648513794,5.390631675720215,5.0367326736450195,765.0,0.3225351870059967,,,,,,,,,,,,
3,,,9799,4.0,0.9850500226020813,0.8598763346672058,0.03606250137090683,0.8856133818626404,0.8375592231750488,5.669374942779541,5.146780014038086,216.0,0.48653221130371094,,,,,,,,,,,,
3,,,9809,4.0,0.9779499769210815,0.8844398856163025,0.049300406128168106,0.886078953742981,0.8828165531158447,6.354842185974121,5.939686298370361,502.0,0.3658556640148163,,,,,,,,,,,,
3,,,9819,4.0,0.9894000291824341,0.846734344959259,0.026684720069169998,0.834618091583252,0.8598055839538574,4.287134170532227,4.039127826690674,150.0,0.2213217169046402,,,,,,,,,,,,
3,,,9829,4.0,0.9872999787330627,0.9457728266716003,0.028491979464888573,0.9494726061820984,0.9421430826187134,4.790993690490723,3.9929776191711426,945.0,0.7695242762565613,,,,,,,,,,,,
3,,,9839,4.0,0.9873999953269958,0.908744215965271,0.03301021456718445,0.9143226146697998,0.9033268690109253,5.925968170166016,5.547253131866455,327.0,0.3457048237323761,,,,,,,,,,,,
3,,,9849,4.0,0.9745000004768372,0.8251680731773376,0.05355056747794151,0.8758417367935181,0.7875061631202698,7.71843957901001,6.798676490783691,426.0,0.8662124276161194,,,,,,,,,,,,
3,,,9859,4.0,0.9910500049591064,0.9558719396591187,0.02295069210231304,0.9576862454414368,0.9540739059448242,5.134851932525635,4.889695167541504,422.0,0.22220632433891296,,,,,,,,,,,,
3,,,9869,4.0,0.9886999726295471,0.9623669385910034,0.0345010943710804,0.9605721831321716,0.9641789197921753,4.633410930633545,3.898561716079712,839.0,0.7003479599952698,,,,,,,,,,,,
3,,,9879,4.0,0.98089998960495,0.8078451156616211,0.040602970868349075,0.7981888055801392,0.8181979656219482,5.91536808013916,5.555137634277344,155.0,0.31962740421295166,,,,,,,,,,,,
3,,,9889,4.0,0.986050009727478,0.932408332824707,0.03374389559030533,0.9117645025253296,0.9555742144584656,5.081240177154541,4.864231586456299,528.0,0.18326450884342194,,,,,,,,,,,,
3,,,9899,4.0,0.9800500273704529,0.8911240100860596,0.048205699771642685,0.937685489654541,0.8544193506240845,6.649798393249512,6.232492446899414,413.0,0.3691001832485199,,,,,,,,,,,,
3,,,9909,4.0,0.9783499836921692,0.9147422909736633,0.04783211648464203,0.9206234812736511,0.9090527296066284,8.807449340820312,6.380027770996094,860.0,2.379589796066284,,,,,,,,,,,,
3,,,9919,4.0,0.9902999997138977,0.8501180410385132,0.02347562648355961,0.8748288154602051,0.828575849533081,5.165909290313721,4.496793270111084,122.0,0.6456402540206909,,,,,,,,,,,,
3,,,9929,4.0,0.9905999898910522,0.9636130928993225,0.023084746673703194,0.9651646614074707,0.962073564529419,4.63096809387207,3.996164560317993,880.0,0.6117187738418579,,,,,,,,,,,,
3,,,9939,4.0,0.9898999929428101,0.9489642977714539,0.024320468306541443,0.9375201463699341,0.9611082673072815,6.46622371673584,5.158890247344971,328.0,1.2830129861831665,,,,,,,,,,,,
3,,,9949,4.0,0.9871500134468079,0.9495681524276733,0.03471297770738602,0.9396302700042725,0.9600533843040466,5.80819034576416,5.527651786804199,589.0,0.2458256036043167,,,,,,,,,,,,
3,,,9959,4.0,0.9817500114440918,0.9062099456787109,0.041196711361408234,0.8879035115242004,0.9266020655632019,6.311725616455078,5.3583598136901855,436.0,0.9121688008308411,,,,,,,,,,,,
3,,,9969,4.0,0.9909499883651733,0.9215537905693054,0.022359853610396385,0.9303375482559204,0.9131454825401306,5.271701335906982,4.810840129852295,373.0,0.43850117921829224,,,,,,,,,,,,
3,,,9979,4.0,0.9849500060081482,0.9204502105712891,0.03845172002911568,0.9190546870231628,0.9218562841415405,6.946293830871582,6.281017303466797,462.0,0.626824676990509,,,,,,,,,,,,
3,,,9989,4.0,0.9778000116348267,0.9158020615577698,0.05824153870344162,0.948661208152771,0.8881715536117554,6.573980808258057,5.8084492683410645,516.0,0.7072902321815491,,,,,,,,,,,,
3,,,9999,4.0,0.9846000075340271,0.9359634518623352,0.036614369601011276,0.9131325483322144,0.9619829058647156,5.001251220703125,4.061577796936035,841.0,0.9030590057373047,,,,,,,,,,,,
3,,,10009,4.0,0.990149974822998,0.9598691463470459,0.023688774555921555,0.9623256921768188,0.9574429988861084,4.255268573760986,3.919583320617676,930.0,0.3119964003562927,,,,,,,,,,,,
3,,,10019,4.0,0.9798499941825867,0.9220782518386841,0.045002710074186325,0.9145137667655945,0.9299799799919128,5.34727144241333,5.076987266540527,949.0,0.22528140246868134,,,,,,,,,,,,
3,,,10029,4.0,0.984499990940094,0.9602125883102417,0.03823801130056381,0.9716534614562988,0.949482798576355,5.485925674438477,4.735027313232422,1160.0,0.7126601934432983,,,,,,,,,,,,
3,,,10039,4.0,0.9846500158309937,0.9395105242729187,0.0362536758184433,0.9314601421356201,0.9479252099990845,9.018138885498047,4.861550807952881,364.0,4.120334625244141,,,,,,,,,,,,
3,,,10049,4.0,0.984000027179718,0.9501082897186279,0.04634430631995201,0.9487254619598389,0.9515017867088318,5.5053510665893555,4.647903919219971,1033.0,0.8111026883125305,,,,,,,,,,,,
3,,,10059,4.0,0.9904999732971191,0.9755749702453613,0.024375656619668007,0.9662660360336304,0.9853937029838562,4.386203289031982,3.863615036010742,977.0,0.49821239709854126,,,,,,,,,,,,
3,,,10069,4.0,0.9912999868392944,0.975361168384552,0.02032892033457756,0.9808550477027893,0.9700251817703247,4.099076747894287,3.6950325965881348,939.0,0.3837151527404785,,,,,,,,,,,,
3,,,10079,4.0,0.9919499754905701,0.9267529845237732,0.025997286662459373,0.9431507587432861,0.9115979671478271,4.5582780838012695,3.7912814617156982,426.0,0.7409994006156921,,,,,,,,,,,,
3,,,10089,4.0,0.9873499870300293,0.9113006591796875,0.03236078470945358,0.9083859324455261,0.9142612218856812,5.923772811889648,5.579496383666992,387.0,0.3119161128997803,,,,,,,,,,,,
3,,,10099,4.0,0.9872999787330627,0.9374651312828064,0.029881296679377556,0.926990270614624,0.9485429525375366,5.127813339233398,4.930063724517822,317.0,0.16786837577819824,,,,,,,,,,,,
3,,,10109,4.0,0.989799976348877,0.9011541604995728,0.025830712169408798,0.914889931678772,0.8883517980575562,6.611841678619385,6.091920375823975,233.0,0.4940906763076782,,,,,,,,,,,,
3,,,10119,4.0,0.9887499809265137,0.9565820693969727,0.026870300993323326,0.954920768737793,0.9582576751708984,4.447568893432617,4.133273124694824,867.0,0.28742536902427673,,,,,,,,,,,,
3,,,10129,4.0,0.9738500118255615,0.9222525358200073,0.06596392393112183,0.9041811227798462,0.9425413608551025,5.58769416809082,5.006629467010498,849.0,0.5151007175445557,,,,,,,,,,,,
3,,,10139,4.0,0.98785001039505,0.955240786075592,0.03056955896317959,0.9467051029205322,0.9641770720481873,5.026404857635498,4.128413200378418,952.0,0.8674222826957703,,,,,,,,,,,,
3,,,10149,4.0,0.9850500226020813,0.9552478790283203,0.04007767140865326,0.9475218057632446,0.9633200168609619,5.791933059692383,5.286595344543457,857.0,0.46526023745536804,,,,,,,,,,,,
3,,,10159,4.0,0.9670500159263611,0.8110179305076599,0.0702390968799591,0.8328902125358582,0.7921628952026367,7.512057781219482,5.883033275604248,536.0,1.5587855577468872,,,,,,,,,,,,
3,,,10169,4.0,0.9875500202178955,0.7183288335800171,0.02873579040169716,0.8272024393081665,0.6648384928703308,6.3178791999816895,5.8150248527526855,170.0,0.47411859035491943,,,,,,,,,,,,
3,,,10179,4.0,0.9873499870300293,0.9095371961593628,0.02962496690452099,0.9087240695953369,0.9103538393974304,5.587736129760742,5.11906099319458,191.0,0.4390500783920288,,,,,,,,,,,,
3,,,10189,4.0,0.986549973487854,0.8554221987724304,0.03438005968928337,0.9252721071243286,0.8061395883560181,6.406139850616455,5.721379280090332,255.0,0.650380551815033,,,,,,,,,,,,
3,,,10199,4.0,0.9868999719619751,0.8870922923088074,0.03547032177448273,0.916980504989624,0.8614600300788879,6.05491828918457,5.224388599395752,275.0,0.7950593829154968,,,,,,,,,,,,
,9.960967771506667e-05,0.0009960967771506667,10204,,,,,,,,,,,,,,,,,,,,,,
4,,,10209,4.0,0.9846000075340271,0.8674835562705994,0.03508896008133888,0.8565497398376465,0.8791664838790894,5.6080403327941895,5.020862102508545,282.0,0.5520891547203064,,,,,,,,,,,,
4,,,10219,4.0,0.9846500158309937,0.9449039697647095,0.03974393755197525,0.9715005159378052,0.9216570854187012,5.401260852813721,4.946341037750244,845.0,0.4151759445667267,,,,,,,,,,,,
4,,,10229,4.0,0.9843000173568726,0.903872013092041,0.03766389191150665,0.8854092359542847,0.924418568611145,6.36033296585083,6.157546520233154,527.0,0.165122389793396,,,,,,,,,,,,
4,,,10239,4.0,0.9879999756813049,0.9455315470695496,0.027876216918230057,0.9451746940612793,0.9458889961242676,4.433915138244629,3.986745834350586,814.0,0.419292688369751,,,,,,,,,,,,
4,,,10249,4.0,0.9805499911308289,0.9074353575706482,0.04280095174908638,0.9171731472015381,0.8982042074203491,6.023705959320068,5.721836566925049,470.0,0.2590683698654175,,,,,,,,,,,,
4,,,10259,4.0,0.9770500063896179,0.91206955909729,0.055661335587501526,0.9087096452713013,0.9154963493347168,6.128035068511963,5.364229202270508,545.0,0.7081448435783386,,,,,,,,,,,,
4,,,10269,4.0,0.9872499704360962,0.9664543867111206,0.029727285727858543,0.9720489978790283,0.9610311985015869,4.741982460021973,4.185262680053711,914.0,0.5269923806190491,,,,,,,,,,,,
4,,,10279,4.0,0.9891499876976013,0.9401965141296387,0.032188139855861664,0.9753318428993225,0.9103837013244629,4.275684356689453,3.90444016456604,814.0,0.3390561640262604,,,,,,,,,,,,
4,,,10289,4.0,0.9863499999046326,0.92423415184021,0.03246953338384628,0.9509303569793701,0.900835394859314,7.173766136169434,6.603433609008789,448.0,0.5378629565238953,,,,,,,,,,,,
4,,,10299,4.0,0.9870499968528748,0.9637618064880371,0.030627300962805748,0.9808667302131653,0.9481419324874878,5.701623916625977,4.979197978973389,1185.0,0.6917988657951355,,,,,,,,,,,,
4,,,10309,4.0,0.9846000075340271,0.9135202765464783,0.04810376092791557,0.9208194613456726,0.9064986705780029,5.473376750946045,4.422931671142578,560.0,1.0023411512374878,,,,,,,,,,,,
4,,,10319,4.0,0.9832500219345093,0.9360767602920532,0.04098965600132942,0.9297546148300171,0.9426249265670776,6.793128490447998,6.412533283233643,638.0,0.3396051228046417,,,,,,,,,,,,
4,,,10329,4.0,0.9752500057220459,0.8785046339035034,0.07574104517698288,0.9381086826324463,0.8347355723381042,6.549082279205322,5.845108985900879,506.0,0.6282324194908142,,,,,,,,,,,,
4,,,10339,4.0,0.9869499802589417,0.9656366109848022,0.03130568191409111,0.9617215394973755,0.9696404933929443,4.689892768859863,4.117051124572754,906.0,0.5415360331535339,,,,,,,,,,,,
4,,,10349,4.0,0.9775999784469604,0.9122956991195679,0.052330344915390015,0.9208595752716064,0.9041351079940796,5.985001564025879,5.624668121337891,889.0,0.30800318717956543,,,,,,,,,,,,
4,,,10359,4.0,0.9916999936103821,0.9773854613304138,0.021743331104516983,0.9884705543518066,0.9669300317764282,4.119913101196289,3.6490020751953125,934.0,0.44916754961013794,,,,,,,,,,,,
4,,,10369,4.0,0.9824000000953674,0.8727027773857117,0.04254543036222458,0.8830149173736572,0.8629792928695679,5.998775482177734,4.5979437828063965,278.0,1.3582864999771118,,,,,,,,,,,,
4,,,10379,4.0,0.9830999970436096,0.9122160077095032,0.03827446699142456,0.9043106436729431,0.9204801917076111,6.590813159942627,5.607395172119141,355.0,0.9451435804367065,,,,,,,,,,,,
4,,,10389,4.0,0.970300018787384,0.9278351068496704,0.09311624616384506,0.90496426820755,0.9546631574630737,6.344136714935303,5.710644245147705,1155.0,0.5403760671615601,,,,,,,,,,,,
4,,,10399,4.0,0.9857500195503235,0.8607562184333801,0.03337542712688446,0.883191704750061,0.8409516215324402,5.222957134246826,4.922530651092529,336.0,0.267051100730896,,,,,,,,,,,,
4,,,10409,4.0,0.9879999756813049,0.8729586601257324,0.02650095894932747,0.903144121170044,0.8471977114677429,4.790036678314209,4.612158298492432,273.0,0.15137723088264465,,,,,,,,,,,,
4,,,10419,4.0,0.9781500101089478,0.9350370168685913,0.04983776435256004,0.9466941356658936,0.924124002456665,5.152857303619385,4.4587531089782715,929.0,0.6442666053771973,,,,,,,,,,,,
4,,,10429,4.0,0.9818999767303467,0.9062453508377075,0.04543048515915871,0.9051147699356079,0.9073830842971802,4.908304691314697,4.572606563568115,565.0,0.29026731848716736,,,,,,,,,,,,
4,,,10439,4.0,0.9881500005722046,0.9516865611076355,0.03288889303803444,0.952809751033783,0.9505698680877686,6.182880401611328,5.861283779144287,617.0,0.2887076437473297,,,,,,,,,,,,
4,,,10449,4.0,0.9863499999046326,0.9256525635719299,0.030704369768500328,0.9457205533981323,0.9075050354003906,6.064121246337891,5.5884270668029785,370.0,0.44498956203460693,,,,,,,,,,,,
4,,,10459,4.0,0.968500018119812,0.8662985563278198,0.06907594203948975,0.877859354019165,0.8555405139923096,7.588290691375732,6.43549108505249,571.0,1.083723545074463,,,,,,,,,,,,
4,,,10469,4.0,0.9937999844551086,0.9399172067642212,0.017363088205456734,0.9448191523551941,0.9351285696029663,6.383271217346191,5.463877201080322,372.0,0.9020307660102844,,,,,,,,,,,,
4,,,10479,4.0,0.9808499813079834,0.8111268281936646,0.04200797900557518,0.830686092376709,0.7938936948776245,5.4478278160095215,5.059335708618164,201.0,0.3464840352535248,,,,,,,,,,,,
4,,,10489,4.0,0.9800000190734863,0.887344479560852,0.04727507382631302,0.913293182849884,0.864791214466095,5.209188461303711,4.89042854309082,411.0,0.2714848816394806,,,,,,,,,,,,
4,,,10499,4.0,0.9783999919891357,0.8848971724510193,0.05397003889083862,0.8909174203872681,0.879082977771759,5.093156337738037,4.658906936645508,413.0,0.3802797198295593,,,,,,,,,,,,
4,,,10509,4.0,0.9897500276565552,0.9402774572372437,0.028003579005599022,0.9414483308792114,0.9391134977340698,6.28125,5.011184215545654,352.0,1.2420623302459717,,,,,,,,,,,,
4,,,10519,4.0,0.9866999983787537,0.914131224155426,0.03376154229044914,0.9247456789016724,0.9040839076042175,5.436906337738037,4.82097053527832,349.0,0.5821743607521057,,,,,,,,,,,,
4,,,10529,4.0,0.9872999787330627,0.8988757133483887,0.030706975609064102,0.8634533882141113,0.942714512348175,5.372568130493164,5.062216758728027,193.0,0.279644638299942,,,,,,,,,,,,
4,,,10539,4.0,0.9861500263214111,0.9014784097671509,0.032555848360061646,0.9137907028198242,0.8899388313293457,5.1192193031311035,4.891793251037598,481.0,0.19486990571022034,,,,,,,,,,,,
4,,,10549,4.0,0.9863499999046326,0.960167407989502,0.03635968267917633,0.9572516679763794,0.9631309509277344,6.209650993347168,4.870187282562256,1118.0,1.303104043006897,,,,,,,,,,,,
4,,,10559,4.0,0.9818000197410583,0.8961025476455688,0.0473468191921711,0.9165171980857849,0.8778010606765747,7.118923664093018,5.857935428619385,590.0,1.2136415243148804,,,,,,,,,,,,
4,,,10569,4.0,0.9898499846458435,0.9270279407501221,0.022998634725809097,0.9508960247039795,0.9057474136352539,4.416584014892578,4.201297760009766,402.0,0.19228728115558624,,,,,,,,,,,,
4,,,10579,4.0,0.9863499999046326,0.9581551551818848,0.03013133816421032,0.9789851903915405,0.9394559860229492,5.279821395874023,4.592607021331787,1184.0,0.6570829749107361,,,,,,,,,,,,
4,,,10589,4.0,0.9879500269889832,0.9416646957397461,0.038427721709012985,0.9480531215667725,0.935479998588562,5.509995937347412,5.390237331390381,573.0,0.08133096992969513,,,,,,,,,,,,
4,,,10599,4.0,0.9816499948501587,0.8648259043693542,0.04218866676092148,0.9073278307914734,0.8309518098831177,5.755385875701904,5.441524028778076,230.0,0.2716732323169708,,,,,,,,,,,,
4,,,10609,4.0,0.9921000003814697,0.9708330631256104,0.021734561771154404,0.9771671295166016,0.9646957516670227,4.8164286613464355,4.481224536895752,870.0,0.31346938014030457,,,,,,,,,,,,
4,,,10619,4.0,0.9855999946594238,0.9274332523345947,0.03442699834704399,0.937734842300415,0.9176656007766724,6.747693061828613,6.126482963562012,609.0,0.5867828130722046,,,,,,,,,,,,
4,,,10629,4.0,0.9894999861717224,0.9632617831230164,0.025614051148295403,0.9640854597091675,0.9624416828155518,4.672627925872803,4.008448600769043,931.0,0.6385651230812073,,,,,,,,,,,,
4,,,10639,4.0,0.9819499850273132,0.7102648615837097,0.035559363663196564,0.7711728811264038,0.6724787950515747,5.881646156311035,5.165247440338135,182.0,0.680839478969574,,,,,,,,,,,,
4,,,10649,4.0,0.9896500110626221,0.9507848620414734,0.027590975165367126,0.9434932470321655,0.9583558440208435,4.917501926422119,4.103623867034912,595.0,0.7862871885299683,,,,,,,,,,,,
4,,,10659,4.0,0.9865000247955322,0.9068515300750732,0.03381972759962082,0.9078927636146545,0.9058160781860352,5.205510139465332,4.8642778396606445,319.0,0.3074125051498413,,,,,,,,,,,,
4,,,10669,4.0,0.9854999780654907,0.7971319556236267,0.033788908272981644,0.840548574924469,0.7639219760894775,6.2415690422058105,6.081408500671387,180.0,0.12637193500995636,,,,,,,,,,,,
4,,,10679,4.0,0.9879999756813049,0.7500495314598083,0.02978510968387127,0.8210053443908691,0.7053958177566528,5.825230598449707,5.209763526916504,153.0,0.5856817960739136,,,,,,,,,,,,
4,,,10689,4.0,0.9868000149726868,0.9375231862068176,0.033051781356334686,0.9338799715042114,0.9412370920181274,6.243747711181641,6.094537258148193,428.0,0.11615828424692154,,,,,,,,,,,,
4,,,10699,4.0,0.9918000102043152,0.9286307096481323,0.02085392363369465,0.9446921348571777,0.9137619733810425,5.134147644042969,4.902549743652344,376.0,0.2107437551021576,,,,,,,,,,,,
4,,,10709,4.0,0.9886000156402588,0.9484614729881287,0.02925405651330948,0.9491784572601318,0.9477471113204956,4.348718643188477,3.981893301010132,897.0,0.33757129311561584,,,,,,,,,,,,
4,,,10719,4.0,0.9811999797821045,0.9128470420837402,0.045524973422288895,0.8876468539237976,0.9421716928482056,6.679189205169678,6.093807697296143,430.0,0.5398563742637634,,,,,,,,,,,,
4,,,10729,4.0,0.9901000261306763,0.9413517713546753,0.025333287194371223,0.9320400953292847,0.9511202573776245,5.531092643737793,5.212876319885254,506.0,0.29288312792778015,,,,,,,,,,,,
4,,,10739,4.0,0.9939000010490417,0.9768041372299194,0.01844877563416958,0.9850636720657349,0.968869686126709,8.8046875,5.655882835388184,1152.0,3.1303555965423584,,,,,,,,,,,,
4,,,10749,4.0,0.988349974155426,0.942356526851654,0.03087558038532734,0.9675350189208984,0.9200588464736938,4.813446044921875,4.446966171264648,752.0,0.3356039822101593,,,,,,,,,,,,
4,,,10759,4.0,0.9827499985694885,0.9408146142959595,0.04478664696216583,0.9602621793746948,0.9232563376426697,6.899023532867432,4.268003463745117,962.0,2.586233615875244,,,,,,,,,,,,
4,,,10769,4.0,0.9847000241279602,0.9312139749526978,0.04234882444143295,0.9454082250595093,0.9180222749710083,5.367006301879883,5.044375419616699,732.0,0.2802819311618805,,,,,,,,,,,,
4,,,10779,4.0,0.9746999740600586,0.9294713735580444,0.060213301330804825,0.9528667330741882,0.9089840054512024,7.397695541381836,5.846165180206299,1038.0,1.4913175106048584,,,,,,,,,,,,
4,,,10789,4.0,0.981249988079071,0.9094635248184204,0.042080458253622055,0.9099924564361572,0.9089361429214478,5.86493444442749,5.552717685699463,334.0,0.2701365649700165,,,,,,,,,,,,
4,,,10799,4.0,0.9825500249862671,0.946959376335144,0.04499121010303497,0.9433245658874512,0.9506702423095703,6.092136383056641,5.242351531982422,820.0,0.8047937750816345,,,,,,,,,,,,
4,,,10809,4.0,0.9872499704360962,0.8934720754623413,0.033206336200237274,0.8783917427062988,0.9099096655845642,5.77976131439209,5.45416259765625,274.0,0.2923922836780548,,,,,,,,,,,,
4,,,10819,4.0,0.9907500147819519,0.9685532450675964,0.02376454882323742,0.9654995799064636,0.971656084060669,4.552738666534424,4.181205749511719,902.0,0.3477684259414673,,,,,,,,,,,,
4,,,10829,4.0,0.9911999702453613,0.8993157148361206,0.02367475815117359,0.9388264417648315,0.8666234612464905,5.494872093200684,4.905768871307373,256.0,0.5654283165931702,,,,,,,,,,,,
4,,,10839,4.0,0.9762499928474426,0.8702577352523804,0.05615072697401047,0.9097696542739868,0.8384331464767456,6.773055076599121,5.654256820678711,419.0,1.0626474618911743,,,,,,,,,,,,
4,,,10849,4.0,0.9785000085830688,0.8503148555755615,0.05006815493106842,0.8950759172439575,0.8153884410858154,6.317888259887695,5.7517571449279785,328.0,0.5160624980926514,,,,,,,,,,,,
4,,,10859,4.0,0.9753999710083008,0.9350479245185852,0.06087686866521835,0.9210134744644165,0.950397253036499,5.565279960632324,4.914390563964844,858.0,0.5900127291679382,,,,,,,,,,,,
4,,,10869,4.0,0.986050009727478,0.9238686561584473,0.03576365113258362,0.9393174052238464,0.909588098526001,6.2700676918029785,5.393618106842041,428.0,0.8406856656074524,,,,,,,,,,,,
4,,,10879,4.0,0.9857500195503235,0.849592924118042,0.038170598447322845,0.8457759618759155,0.8535007238388062,6.590601444244385,6.27392578125,275.0,0.27850499749183655,,,,,,,,,,,,
4,,,10889,4.0,0.9782500267028809,0.9411847591400146,0.05105588957667351,0.935871958732605,0.9466710686683655,6.757308483123779,6.1525044441223145,1297.0,0.5537483096122742,,,,,,,,,,,,
4,,,10899,4.0,0.9736999869346619,0.9097897410392761,0.05933737754821777,0.9447863101959229,0.8808634877204895,6.254595756530762,5.3671698570251465,1101.0,0.8280888795852661,,,,,,,,,,,,
4,,,10909,4.0,0.9774500131607056,0.9255838394165039,0.05079999193549156,0.9217576384544373,0.9294970035552979,5.715045928955078,5.253148078918457,781.0,0.4110981822013855,,,,,,,,,,,,
4,,,10919,4.0,0.9889000058174133,0.9502933621406555,0.025996167212724686,0.9650450348854065,0.936576783657074,4.354414939880371,3.982736349105835,723.0,0.3456827402114868,,,,,,,,,,,,
4,,,10929,4.0,0.9886500239372253,0.9099602699279785,0.029315344989299774,0.9405033588409424,0.8836512565612793,5.024879455566406,4.574544429779053,342.0,0.4210195541381836,,,,,,,,,,,,
4,,,10939,4.0,0.9932000041007996,0.9694041609764099,0.01703895628452301,0.9735432863235474,0.9653471112251282,4.065478324890137,3.7786672115325928,934.0,0.26977217197418213,,,,,,,,,,,,
4,,,10949,4.0,0.9870499968528748,0.8924752473831177,0.03172054514288902,0.9476935863494873,0.8501073122024536,6.034704208374023,5.882817268371582,247.0,0.1201661005616188,,,,,,,,,,,,
4,,,10959,4.0,0.9844499826431274,0.9508920907974243,0.03775198012590408,0.9649516344070435,0.9378450512886047,4.7994465827941895,4.271464824676514,1002.0,0.49022966623306274,,,,,,,,,,,,
4,,,10969,4.0,0.9882000088691711,0.9531327486038208,0.032798729836940765,0.9636886119842529,0.9431256651878357,6.279078483581543,6.00785493850708,1028.0,0.23842494189739227,,,,,,,,,,,,
4,,,10979,4.0,0.987500011920929,0.9065752625465393,0.03227469325065613,0.9338793158531189,0.882747232913971,6.174325942993164,5.716278076171875,275.0,0.4257732331752777,,,,,,,,,,,,
4,,,10989,4.0,0.9810000061988831,0.9328455328941345,0.04943922534584999,0.9622756242752075,0.9075816869735718,4.951309680938721,4.442430019378662,1050.0,0.45944011211395264,,,,,,,,,,,,
4,,,10999,4.0,0.9879999756813049,0.9790170192718506,0.03152000159025192,0.9833565950393677,0.9748057723045349,4.819554805755615,4.435949325561523,1208.0,0.35208556056022644,,,,,,,,,,,,
4,,,11009,4.0,0.986549973487854,0.8921810388565063,0.03408470377326012,0.9097565412521362,0.8761581182479858,4.77473783493042,4.379136085510254,257.0,0.3615170121192932,,,,,,,,,,,,
4,,,11019,4.0,0.9887499809265137,0.9454435110092163,0.027660803869366646,0.9483518004417419,0.9425777196884155,5.122105121612549,4.7790327072143555,479.0,0.31541135907173157,,,,,,,,,,,,
4,,,11029,4.0,0.987500011920929,0.91330885887146,0.040319595485925674,0.937572717666626,0.8918048739433289,6.191065788269043,5.787459373474121,341.0,0.3632871210575104,,,,,,,,,,,,
4,,,11039,4.0,0.9766499996185303,0.9084213376045227,0.053565870970487595,0.9202927947044373,0.8973182439804077,6.40833044052124,5.435548782348633,403.0,0.9192156791687012,,,,,,,,,,,,
4,,,11049,4.0,0.9886500239372253,0.9495124220848083,0.026431817561388016,0.9441303014755249,0.9550473690032959,4.947271347045898,4.712038516998291,564.0,0.20880068838596344,,,,,,,,,,,,
4,,,11059,4.0,0.9865999817848206,0.9529480338096619,0.033684175461530685,0.9529480338096619,0.9529480338096619,4.52399206161499,4.124485492706299,860.0,0.36582231521606445,,,,,,,,,,,,
4,,,11069,4.0,0.9853500127792358,0.9288938045501709,0.03709893673658371,0.951086163520813,0.9090443253517151,4.151703834533691,3.651141881942749,887.0,0.4634631872177124,,,,,,,,,,,,
4,,,11079,4.0,0.9890499711036682,0.9255383014678955,0.026002146303653717,0.9184540510177612,0.9328902959823608,5.269009113311768,4.992900371551514,280.0,0.25010672211647034,,,,,,,,,,,,
4,,,11089,4.0,0.98785001039505,0.9677790999412537,0.028518520295619965,0.9853408932685852,0.9517935514450073,4.0616774559021,3.6801226139068604,914.0,0.3530365228652954,,,,,,,,,,,,
4,,,11099,4.0,0.9839000105857849,0.9022979736328125,0.04086529463529587,0.9451889991760254,0.8676199913024902,6.058231353759766,5.300822734832764,572.0,0.716543436050415,,,,,,,,,,,,
4,,,11109,4.0,0.9844499826431274,0.9673347473144531,0.0407743938267231,0.9761707782745361,0.9589641094207764,5.130331516265869,4.890600204467773,959.0,0.1989569365978241,,,,,,,,,,,,
4,,,11119,4.0,0.9848499894142151,0.9483476877212524,0.04575955122709274,0.9260286092758179,0.9737514853477478,5.542064189910889,5.070821762084961,738.0,0.42548269033432007,,,,,,,,,,,,
4,,,11129,4.0,0.9815999865531921,0.7278776168823242,0.04664327949285507,0.7409949898719788,0.7161843776702881,5.38471794128418,5.097599983215332,118.0,0.2404748499393463,,,,,,,,,,,,
4,,,11139,4.0,0.9799000024795532,0.9060486555099487,0.05142899602651596,0.8933959007263184,0.9196798801422119,6.265373229980469,6.071396827697754,582.0,0.14254777133464813,,,,,,,,,,,,
4,,,11149,4.0,0.9905999898910522,0.8888018131256104,0.025061434134840965,0.9082568883895874,0.8712011575698853,4.838660717010498,4.4303131103515625,180.0,0.38328585028648376,,,,,,,,,,,,
4,,,11159,4.0,0.9860000014305115,0.96532142162323,0.030135242268443108,0.9733354449272156,0.9576637744903564,4.871528625488281,4.420290470123291,1112.0,0.42110303044319153,,,,,,,,,,,,
4,,,11169,4.0,0.9858999848365784,0.952778697013855,0.03429706022143364,0.96674644947052,0.9397916197776794,4.733073711395264,4.466413974761963,917.0,0.23236288130283356,,,,,,,,,,,,
4,,,11179,4.0,0.9861500263214111,0.9069855213165283,0.03022722527384758,0.9219366908073425,0.8931499719619751,5.263803958892822,4.888826847076416,404.0,0.3447500467300415,,,,,,,,,,,,
4,,,11189,4.0,0.9890999794006348,0.9425771832466125,0.031120778992772102,0.9295901656150818,0.9564820528030396,5.166859149932861,4.940978527069092,636.0,0.1947597861289978,,,,,,,,,,,,
4,,,11199,4.0,0.9835000038146973,0.8851253986358643,0.03777629882097244,0.875004768371582,0.895864725112915,5.974868297576904,4.941577911376953,275.0,0.9955139756202698,,,,,,,,,,,,
4,,,11209,4.0,0.9793000221252441,0.8617526292800903,0.04353170841932297,0.8573569059371948,0.8662696480751038,5.861987590789795,5.400983810424805,371.0,0.41747167706489563,,,,,,,,,,,,
4,,,11219,4.0,0.9914000034332275,0.9659361243247986,0.023745235055685043,0.9630846381187439,0.9688292741775513,5.821374416351318,5.128480911254883,955.0,0.6691484451293945,,,,,,,,,,,,
4,,,11229,4.0,0.9827499985694885,0.8946765661239624,0.03826506808400154,0.9179142117500305,0.8741273283958435,6.434212684631348,5.94753885269165,377.0,0.4484083652496338,,,,,,,,,,,,
4,,,11239,4.0,0.9886500239372253,0.9630526304244995,0.028342407196760178,0.9639329314231873,0.9621763825416565,4.692714691162109,4.232326984405518,808.0,0.43204525113105774,,,,,,,,,,,,
4,,,11249,4.0,0.9891999959945679,0.9507017135620117,0.028935033828020096,0.9584886431694031,0.9432117938995361,4.111258029937744,3.6687614917755127,914.0,0.4135613739490509,,,,,,,,,,,,
4,,,11259,4.0,0.9820500016212463,0.8981106281280518,0.04414346441626549,0.9141880869865417,0.8833675384521484,6.644576549530029,6.090240955352783,514.0,0.5101918578147888,,,,,,,,,,,,
4,,,11269,4.0,0.9865999817848206,0.8606626987457275,0.036629389971494675,0.9133564233779907,0.8204619884490967,5.6383256912231445,5.0462541580200195,200.0,0.5554425120353699,,,,,,,,,,,,
4,,,11279,4.0,0.9740999937057495,0.8798341751098633,0.0637478157877922,0.8951911330223083,0.8657932877540588,6.023796081542969,5.282265663146973,374.0,0.6777827143669128,,,,,,,,,,,,
4,,,11289,4.0,0.9830999970436096,0.8566622734069824,0.05325101315975189,0.8589509129524231,0.8544049263000488,5.91055154800415,5.218606948852539,228.0,0.6386936902999878,,,,,,,,,,,,
4,,,11299,4.0,0.9757999777793884,0.8788126707077026,0.06249145418405533,0.8491708040237427,0.9149244427680969,6.209181308746338,5.923583984375,609.0,0.22310590744018555,,,,,,,,,,,,
4,,,11309,4.0,0.9904000163078308,0.9646235704421997,0.023553907871246338,0.9521749019622803,0.9779226779937744,4.267299652099609,3.985363483428955,866.0,0.2583822011947632,,,,,,,,,,,,
4,,,11319,4.0,0.9866499900817871,0.8785282373428345,0.035373933613300323,0.8775560855865479,0.8795058131217957,5.361697673797607,4.861926078796387,338.0,0.4643974006175995,,,,,,,,,,,,
4,,,11329,4.0,0.9772499799728394,0.9086679220199585,0.05638325959444046,0.9010223150253296,0.916668176651001,7.009725093841553,6.621851921081543,545.0,0.3314901888370514,,,,,,,,,,,,
4,,,11339,4.0,0.9793000221252441,0.8777679800987244,0.047304246574640274,0.8769567012786865,0.8785831928253174,7.008172512054443,6.123970031738281,505.0,0.8368983864784241,,,,,,,,,,,,
4,,,11349,4.0,0.9750999808311462,0.8596004247665405,0.05668847635388374,0.903971791267395,0.8248976469039917,6.70512580871582,5.457683086395264,472.0,1.1907545328140259,,,,,,,,,,,,
4,,,11359,4.0,0.9889500141143799,0.9144942760467529,0.025707555934786797,0.9336628913879395,0.8970692157745361,5.0076422691345215,4.199528694152832,229.0,0.78240567445755,,,,,,,,,,,,
4,,,11369,4.0,0.9884999990463257,0.9611810445785522,0.025437865406274796,0.950028657913208,0.9730323553085327,4.1930437088012695,3.862257242202759,921.0,0.30534881353378296,,,,,,,,,,,,
4,,,11379,4.0,0.9899500012397766,0.8947687149047852,0.02730899676680565,0.9534325003623962,0.8501573801040649,5.859249591827393,5.532000541687012,308.0,0.29993996024131775,,,,,,,,,,,,
4,,,11389,4.0,0.984250009059906,0.7993528246879578,0.043999891728162766,0.8623862266540527,0.7557343244552612,5.292221546173096,5.134350776672363,203.0,0.11387121677398682,,,,,,,,,,,,
4,,,11399,4.0,0.9864000082015991,0.9673315286636353,0.03672942891716957,0.9795895218849182,0.9558950066566467,5.501036643981934,5.340506076812744,1060.0,0.12380117177963257,,,,,,,,,,,,
4,,,11409,4.0,0.9887499809265137,0.931918740272522,0.027444109320640564,0.9297811985015869,0.9340799450874329,5.5109639167785645,5.048169136047363,330.0,0.4353508949279785,,,,,,,,,,,,
4,,,11419,4.0,0.9804499745368958,0.934654712677002,0.04565614461898804,0.9259943962097168,0.9437612295150757,4.910843372344971,4.146550178527832,919.0,0.7186371088027954,,,,,,,,,,,,
4,,,11429,4.0,0.9722499847412109,0.9410415887832642,0.0689886137843132,0.9430317878723145,0.9390774965286255,5.818306922912598,5.339242458343506,1123.0,0.41007566452026367,,,,,,,,,,,,
4,,,11439,4.0,0.9916499853134155,0.9422014951705933,0.019349869340658188,0.9314528107643127,0.9535516500473022,5.1153740882873535,4.784430027008057,564.0,0.3115941882133484,,,,,,,,,,,,
4,,,11449,4.0,0.9725499749183655,0.7828827500343323,0.0594194270670414,0.7777589559555054,0.7882192134857178,6.078891277313232,5.799432277679443,207.0,0.22003920376300812,,,,,,,,,,,,
4,,,11459,4.0,0.9883000254631042,0.8842803239822388,0.030207250267267227,0.9130673408508301,0.859453558921814,5.133577823638916,4.8186845779418945,274.0,0.28468596935272217,,,,,,,,,,,,
4,,,11469,4.0,0.975849986076355,0.854335367679596,0.06986594945192337,0.9262886047363281,0.8048794269561768,6.929391384124756,6.189057350158691,600.0,0.6704676747322083,,,,,,,,,,,,
4,,,11479,4.0,0.98294997215271,0.9239190220832825,0.03842945396900177,0.952464759349823,0.8992228507995605,4.799759864807129,4.41461706161499,783.0,0.3467133045196533,,,,,,,,,,,,
4,,,11489,4.0,0.9929500222206116,0.9342709183692932,0.019050881266593933,0.9249264001846313,0.944064199924469,5.015336036682129,4.852579593658447,237.0,0.14370523393154144,,,,,,,,,,,,
4,,,11499,4.0,0.9738500118255615,0.854851484298706,0.056097935885190964,0.8998756408691406,0.8198782205581665,6.208494663238525,5.7061333656311035,390.0,0.44626349210739136,,,,,,,,,,,,
4,,,11509,4.0,0.9864000082015991,0.9681575298309326,0.032465044409036636,0.9740663766860962,0.9624483585357666,5.2262773513793945,4.706993103027344,853.0,0.4868191182613373,,,,,,,,,,,,
4,,,11519,4.0,0.9831500053405762,0.8750194311141968,0.04604819789528847,0.86087965965271,0.8904266357421875,5.847891330718994,5.584060192108154,374.0,0.21778301894664764,,,,,,,,,,,,
4,,,11529,4.0,0.9775000214576721,0.9318976402282715,0.06399764120578766,0.9187363386154175,0.9461596012115479,6.087231636047363,5.118772983551025,918.0,0.9044609069824219,,,,,,,,,,,,
4,,,11539,4.0,0.9891999959945679,0.9601262211799622,0.031202727928757668,0.958969235420227,0.9612902402877808,5.103379249572754,4.529970645904541,576.0,0.5422059893608093,,,,,,,,,,,,
4,,,11549,4.0,0.987500011920929,0.942194938659668,0.025578515604138374,0.9747709631919861,0.9143283367156982,4.6114182472229,3.98799467086792,907.0,0.5978452563285828,,,,,,,,,,,,
4,,,11559,4.0,0.9839500188827515,0.9301354885101318,0.0448620431125164,0.9247910976409912,0.9356387853622437,4.935467720031738,4.490964412689209,762.0,0.399641215801239,,,,,,,,,,,,
4,,,11569,4.0,0.9837499856948853,0.8235170841217041,0.056432757526636124,0.9281102418899536,0.7615702748298645,5.113232135772705,4.71433687210083,253.0,0.34246253967285156,,,,,,,,,,,,
4,,,11579,4.0,0.9903500080108643,0.933031439781189,0.023595666512846947,0.9283607006072998,0.9378147125244141,5.878476619720459,5.13391637802124,448.0,0.7209645509719849,,,,,,,,,,,,
4,,,11589,4.0,0.9923499822616577,0.9648104906082153,0.020875854417681694,0.9582966566085815,0.9715402126312256,4.061518669128418,3.7248454093933105,882.0,0.31579747796058655,,,,,,,,,,,,
4,,,11599,4.0,0.9887999892234802,0.9608588218688965,0.02935895323753357,0.9518253803253174,0.9703418016433716,4.462651252746582,3.945852041244507,818.0,0.48744043707847595,,,,,,,,,,,,
4,,,11609,4.0,0.9857500195503235,0.9683510661125183,0.03575786575675011,0.9637129306793213,0.9731237292289734,5.215056896209717,4.5878143310546875,999.0,0.5914843678474426,,,,,,,,,,,,
4,,,11619,4.0,0.982699990272522,0.9311932921409607,0.03943527862429619,0.9631233215332031,0.9040181636810303,5.031773567199707,4.625242233276367,789.0,0.36709606647491455,,,,,,,,,,,,
4,,,11629,4.0,0.9879000186920166,0.9564763307571411,0.029543094336986542,0.9517914056777954,0.9612798690795898,4.159099578857422,3.843339204788208,862.0,0.28621742129325867,,,,,,,,,,,,
4,,,11639,4.0,0.9524499773979187,0.8743215799331665,0.12360090017318726,0.9363369941711426,0.8315472602844238,7.071072101593018,6.571853160858154,1445.0,0.375618040561676,,,,,,,,,,,,
4,,,11649,4.0,0.978600025177002,0.9158126711845398,0.050696417689323425,0.9119014143943787,0.919813334941864,6.606086254119873,6.3549065589904785,525.0,0.20048315823078156,,,,,,,,,,,,
4,,,11659,4.0,0.9854999780654907,0.852432131767273,0.04831826314330101,0.9008166790008545,0.8150023818016052,6.105730056762695,5.0516676902771,207.0,1.0057439804077148,,,,,,,,,,,,
4,,,11669,4.0,0.9890999794006348,0.9502853155136108,0.02991965040564537,0.9456232786178589,0.9550608992576599,5.519294261932373,5.274228572845459,876.0,0.2151462882757187,,,,,,,,,,,,
4,,,11679,4.0,0.982200026512146,0.9198472499847412,0.04070940241217613,0.8887654542922974,0.9573507308959961,5.184195518493652,4.210067272186279,358.0,0.9334185123443604,,,,,,,,,,,,
4,,,11689,4.0,0.984250009059906,0.9642993807792664,0.04132477194070816,0.9767899513244629,0.9526895880699158,4.782227993011475,4.296789169311523,898.0,0.4441142678260803,,,,,,,,,,,,
4,,,11699,4.0,0.9856500029563904,0.9226765632629395,0.04004523158073425,0.9455671310424805,0.9022709727287292,5.317482948303223,4.874109268188477,372.0,0.40332838892936707,,,,,,,,,,,,
4,,,11709,4.0,0.9941499829292297,0.9348469972610474,0.019793033599853516,0.9477105140686035,0.9227378368377686,5.499488353729248,5.2998528480529785,327.0,0.17984241247177124,,,,,,,,,,,,
4,,,11719,4.0,0.9867500066757202,0.9510344862937927,0.03529234975576401,0.9531819224357605,0.948911190032959,4.7157368659973145,4.186611652374268,829.0,0.4938329756259918,,,,,,,,,,,,
4,,,11729,4.0,0.9872499704360962,0.9641443490982056,0.03095179982483387,0.9697843790054321,0.9586753249168396,5.137033939361572,4.723324775695801,941.0,0.382757306098938,,,,,,,,,,,,
4,,,11739,4.0,0.9869999885559082,0.9573225975036621,0.03157002851366997,0.9445106983184814,0.9710822105407715,4.386638164520264,3.8806631565093994,937.0,0.47440487146377563,,,,,,,,,,,,
4,,,11749,4.0,0.990149974822998,0.9756801128387451,0.024169566109776497,0.9763154983520508,0.9750471711158752,5.319969177246094,4.089960098266602,872.0,1.2058398723602295,,,,,,,,,,,,
4,,,11759,4.0,0.9722499847412109,0.8540165424346924,0.06631883978843689,0.9126999974250793,0.8114475607872009,7.235996246337891,6.42421293258667,408.0,0.7454643249511719,,,,,,,,,,,,
4,,,11769,4.0,0.9876999855041504,0.9421234130859375,0.028521517291665077,0.9399207234382629,0.9443515539169312,4.410213947296143,4.135241985321045,732.0,0.2464502900838852,,,,,,,,,,,,
4,,,11779,4.0,0.9888499975204468,0.9472038149833679,0.02827310748398304,0.9364140033721924,0.9586228132247925,4.766911506652832,4.1074676513671875,563.0,0.6311707496643066,,,,,,,,,,,,
4,,,11789,4.0,0.9837499856948853,0.9525578022003174,0.038114551454782486,0.9515962600708008,0.953524649143219,5.5153117179870605,5.058184623718262,1079.0,0.41901251673698425,,,,,,,,,,,,
4,,,11799,4.0,0.9866499900817871,0.913859486579895,0.03290524333715439,0.8897444605827332,0.9415252208709717,5.484172821044922,4.977907657623291,446.0,0.4733598828315735,,,,,,,,,,,,
4,,,11809,4.0,0.9921500086784363,0.9677894115447998,0.01994512975215912,0.9623556137084961,0.973374605178833,4.0252180099487305,3.5442557334899902,1018.0,0.46101701259613037,,,,,,,,,,,,
4,,,11819,4.0,0.9866999983787537,0.8382703065872192,0.039919789880514145,0.8991858959197998,0.7941340208053589,6.118426322937012,5.3840813636779785,235.0,0.6944253444671631,,,,,,,,,,,,
4,,,11829,4.0,0.986050009727478,0.9309152364730835,0.033666737377643585,0.9132857322692871,0.9503524303436279,5.437906742095947,5.147068500518799,394.0,0.2571715712547302,,,,,,,,,,,,
4,,,11839,4.0,0.9904500246047974,0.9441784620285034,0.02359289489686489,0.9487205743789673,0.93973708152771,4.8610992431640625,4.695489406585693,495.0,0.14201708137989044,,,,,,,,,,,,
4,,,11849,4.0,0.9855499863624573,0.9075294137001038,0.03985098376870155,0.9258831143379211,0.8908345699310303,5.329529285430908,5.151607036590576,345.0,0.1380709856748581,,,,,,,,,,,,
4,,,11859,4.0,0.9850999712944031,0.9437450170516968,0.036382898688316345,0.9614996910095215,0.927535891532898,5.126289367675781,4.688317775726318,770.0,0.4015888571739197,,,,,,,,,,,,
4,,,11869,4.0,0.9910500049591064,0.9717648029327393,0.027919281274080276,0.9791625738143921,0.9646437764167786,4.569063663482666,4.300887107849121,902.0,0.24025733768939972,,,,,,,,,,,,
4,,,11879,4.0,0.9879999756813049,0.9459214806556702,0.02996225841343403,0.9487786293029785,0.943105936050415,5.612896919250488,5.4566473960876465,681.0,0.1262875348329544,,,,,,,,,,,,
4,,,11889,4.0,0.9897500276565552,0.9512603282928467,0.024451401084661484,0.9506891965866089,0.9518332481384277,6.123025894165039,5.099893093109131,568.0,0.9986814856529236,,,,,,,,,,,,
4,,,11899,4.0,0.9721999764442444,0.8422804474830627,0.06305430829524994,0.9021161794662476,0.7994104623794556,7.572154998779297,6.182443618774414,522.0,1.3266570568084717,,,,,,,,,,,,
4,,,11909,4.0,0.9775000214576721,0.9543530941009521,0.06465812027454376,0.9590188264846802,0.9498276710510254,5.299131870269775,4.577702045440674,1250.0,0.6567716598510742,,,,,,,,,,,,
4,,,11919,4.0,0.9840499758720398,0.9492309093475342,0.044502537697553635,0.9500617384910583,0.9484038949012756,5.780276298522949,5.441766738891602,592.0,0.294006884098053,,,,,,,,,,,,
4,,,11929,4.0,0.9865999817848206,0.8552184700965881,0.036239489912986755,0.8552184700965881,0.8552184700965881,4.931140422821045,4.202874183654785,200.0,0.6920264363288879,,,,,,,,,,,,
4,,,11939,4.0,0.9834499955177307,0.9329515695571899,0.04700122028589249,0.9421567320823669,0.9241849184036255,4.375625133514404,4.0207743644714355,869.0,0.30784961581230164,,,,,,,,,,,,
4,,,11949,4.0,0.9847999811172485,0.8535068035125732,0.04878486320376396,0.9210187196731567,0.8055810928344727,5.011251926422119,4.763370037078857,271.0,0.1990969330072403,,,,,,,,,,,,
4,,,11959,4.0,0.9764000177383423,0.8727719783782959,0.05374729633331299,0.9063295722007751,0.8449015617370605,5.976691722869873,5.365940570831299,452.0,0.5570040941238403,,,,,,,,,,,,
4,,,11969,4.0,0.987500011920929,0.9588287472724915,0.034920237958431244,0.9670777320861816,0.9509285092353821,4.721088886260986,4.487725734710693,849.0,0.198442742228508,,,,,,,,,,,,
4,,,11979,4.0,0.9902499914169312,0.955004096031189,0.022680500522255898,0.9702476263046265,0.9408469200134277,4.410336494445801,4.136948108673096,838.0,0.25070828199386597,,,,,,,,,,,,
4,,,11989,4.0,0.9850000143051147,0.9125548005104065,0.03548690676689148,0.94082111120224,0.8880334496498108,5.7910637855529785,5.4305949211120605,478.0,0.32498201727867126,,,,,,,,,,,,
4,,,11999,4.0,0.9821500182151794,0.8738561868667603,0.0402970016002655,0.856437087059021,0.8932572603225708,9.290380477905273,4.56899881362915,247.0,4.681084632873535,,,,,,,,,,,,
4,,,12009,4.0,0.9817000031471252,0.931396484375,0.052059583365917206,0.9540551900863647,0.9112676978111267,5.22435998916626,4.5837273597717285,887.0,0.5885728001594543,,,,,,,,,,,,
4,,,12019,4.0,0.984499990940094,0.9304801225662231,0.03566962853074074,0.9453451633453369,0.9167132377624512,6.3963751792907715,5.975207328796387,563.0,0.38549813628196716,,,,,,,,,,,,
4,,,12029,4.0,0.9785500168800354,0.8221760988235474,0.04969538748264313,0.8259812593460083,0.8184661865234375,5.947710037231445,5.637415409088135,235.0,0.2605989873409271,,,,,,,,,,,,
4,,,12039,4.0,0.9800999760627747,0.9190094470977783,0.045945826917886734,0.9338177442550659,0.9053399562835693,7.3508710861206055,5.7437615394592285,1018.0,1.561164140701294,,,,,,,,,,,,
4,,,12049,4.0,0.9902499914169312,0.9648755788803101,0.02907906100153923,0.9752517938613892,0.9550267457962036,4.772909164428711,3.87247371673584,1049.0,0.8713563084602356,,,,,,,,,,,,
4,,,12059,4.0,0.9861500263214111,0.837082028388977,0.031560324132442474,0.823641300201416,0.8517608642578125,5.1314520835876465,4.888954162597656,198.0,0.21093758940696716,,,,,,,,,,,,
4,,,12069,4.0,0.9914500117301941,0.9538394212722778,0.02386057749390602,0.9558397531509399,0.951858639717102,3.932753562927246,3.4414615631103516,739.0,0.4674314260482788,,,,,,,,,,,,
4,,,12079,4.0,0.987500011920929,0.9377932548522949,0.029705438762903214,0.9282956719398499,0.9477826356887817,4.490087509155273,4.168933868408203,458.0,0.2914479672908783,,,,,,,,,,,,
4,,,12089,4.0,0.991349995136261,0.9111955165863037,0.02501198649406433,0.9021854400634766,0.9206444621086121,6.355929374694824,6.056900978088379,329.0,0.2740163505077362,,,,,,,,,,,,
4,,,12099,4.0,0.9858499765396118,0.9138926863670349,0.03675384074449539,0.9607652425765991,0.8764275312423706,5.979956150054932,5.376911163330078,315.0,0.5662912130355835,,,,,,,,,,,,
4,,,12109,4.0,0.9834499955177307,0.9123548269271851,0.04361500218510628,0.93512362241745,0.8921096920967102,10.656119346618652,4.964038848876953,332.0,5.648465633392334,,,,,,,,,,,,
4,,,12119,4.0,0.9908000230789185,0.9658395051956177,0.02271890640258789,0.9685190916061401,0.9631961584091187,4.556171894073486,3.8787925243377686,960.0,0.6546603441238403,,,,,,,,,,,,
4,,,12129,4.0,0.9815499782562256,0.9473525881767273,0.06821905821561813,0.9631590843200684,0.9328626394271851,4.681711673736572,4.07835578918457,981.0,0.5351365804672241,,,,,,,,,,,,
4,,,12139,4.0,0.9832500219345093,0.9559303522109985,0.04149210453033447,0.9581164121627808,0.9537715911865234,4.647030830383301,3.7533767223358154,1004.0,0.8521616458892822,,,,,,,,,,,,
4,,,12149,4.0,0.979200005531311,0.9399412870407104,0.050886135548353195,0.9220380783081055,0.9599321484565735,27.67391014099121,4.779529571533203,1063.0,22.843494415283203,,,,,,,,,,,,
4,,,12159,4.0,0.9804999828338623,0.8630028963088989,0.04448947310447693,0.8279802799224854,0.907448410987854,5.868242263793945,5.681898593902588,378.0,0.1418544501066208,,,,,,,,,,,,
4,,,12169,4.0,0.9890000224113464,0.952534556388855,0.02753988280892372,0.9595027565956116,0.9458065032958984,4.871639251708984,4.645603179931641,680.0,0.19849619269371033,,,,,,,,,,,,
4,,,12179,4.0,0.9839000105857849,0.8451155424118042,0.04772564396262169,0.8528387546539307,0.8377455472946167,5.3021159172058105,4.579349994659424,228.0,0.675040066242218,,,,,,,,,,,,
4,,,12189,4.0,0.9874500036239624,0.7934098243713379,0.02950330823659897,0.8335074186325073,0.7622121572494507,4.966671943664551,4.429601669311523,102.0,0.5075670480728149,,,,,,,,,,,,
4,,,12199,4.0,0.9872000217437744,0.9412403702735901,0.03501128405332565,0.9290978908538818,0.9542022347450256,5.977350234985352,5.248611927032471,576.0,0.6937271356582642,,,,,,,,,,,,
4,,,12209,4.0,0.9902499914169312,0.9548195600509644,0.026483334600925446,0.9513047933578491,0.9583975076675415,4.962786674499512,4.7432708740234375,673.0,0.19303211569786072,,,,,,,,,,,,
4,,,12219,4.0,0.9818500280380249,0.955841600894928,0.04914997145533562,0.9448949694633484,0.9675568342208862,5.009673118591309,4.557286262512207,864.0,0.40323710441589355,,,,,,,,,,,,
4,,,12229,4.0,0.9879000186920166,0.9440904855728149,0.029821088537573814,0.9473878145217896,0.9408483505249023,4.95805549621582,4.729531764984131,497.0,0.19870272278785706,,,,,,,,,,,,
4,,,12239,4.0,0.9904999732971191,0.9518654346466064,0.026071444153785706,0.9539271593093872,0.9498246908187866,5.942789554595947,5.66579532623291,560.0,0.2509227991104126,,,,,,,,,,,,
4,,,12249,4.0,0.9930999875068665,0.7771075963973999,0.016912885010242462,0.7559845447540283,0.8021310567855835,5.563902854919434,5.484773635864258,96.0,0.06221618130803108,,,,,,,,,,,,
4,,,12259,4.0,0.9921000003814697,0.9669101238250732,0.021764591336250305,0.9645353555679321,0.9693133234977722,6.189418792724609,5.427847385406494,612.0,0.739806592464447,,,,,,,,,,,,
4,,,12269,4.0,0.9815999865531921,0.9297107458114624,0.053874671459198,0.8994982242584229,0.966006875038147,4.48065710067749,4.034266471862793,708.0,0.39251601696014404,,,,,,,,,,,,
4,,,12279,4.0,0.9918000102043152,0.9781581163406372,0.02065904252231121,0.9777559638023376,0.9785612225532532,4.149061679840088,3.7045528888702393,856.0,0.42384982109069824,,,,,,,,,,,,
4,,,12289,4.0,0.9914500117301941,0.9617275595664978,0.022791938856244087,0.9747002124786377,0.9495421648025513,4.522078037261963,3.828913450241089,893.0,0.6703727841377258,,,,,,,,,,,,
4,,,12299,4.0,0.9851499795913696,0.8031067848205566,0.04189017787575722,0.8810969591140747,0.7525444030761719,5.390994548797607,5.065202713012695,168.0,0.2839019000530243,,,,,,,,,,,,
4,,,12309,4.0,0.9897000193595886,0.9699503183364868,0.02527492307126522,0.9688421487808228,0.9710651636123657,3.8747661113739014,3.5201358795166016,860.0,0.3293551504611969,,,,,,,,,,,,
4,,,12319,4.0,0.9781000018119812,0.843076229095459,0.05224858224391937,0.8786163926124573,0.8141310214996338,6.038681507110596,5.472620010375977,297.0,0.5138131976127625,,,,,,,,,,,,
4,,,12329,4.0,0.9868500232696533,0.9387626647949219,0.032837849110364914,0.9532299041748047,0.9253121614456177,6.593471527099609,6.172360420227051,630.0,0.38827309012413025,,,,,,,,,,,,
4,,,12339,4.0,0.9843000173568726,0.920667290687561,0.042016688734292984,0.9382105469703674,0.9046411514282227,5.4509968757629395,5.219238758087158,589.0,0.1897418349981308,,,,,,,,,,,,
4,,,12349,4.0,0.9848999977111816,0.8797655701637268,0.03911007195711136,0.9138842821121216,0.851205587387085,5.940309524536133,5.3284783363342285,241.0,0.572721004486084,,,,,,,,,,,,
4,,,12359,4.0,0.9827499985694885,0.936050534248352,0.04028280824422836,0.9329008460044861,0.9392557144165039,5.824438571929932,5.279667854309082,577.0,0.5044878721237183,,,,,,,,,,,,
4,,,12369,4.0,0.9870499968528748,0.9636802673339844,0.039774682372808456,0.9608856439590454,0.9665189385414124,6.342052459716797,5.60787296295166,992.0,0.694404661655426,,,,,,,,,,,,
4,,,12379,4.0,0.9866499900817871,0.9146690368652344,0.034538634121418,0.9193518161773682,0.910099983215332,6.256968021392822,5.799201011657715,239.0,0.4232284128665924,,,,,,,,,,,,
4,,,12389,4.0,0.9874500036239624,0.9570397138595581,0.03636523336172104,0.9671775102615356,0.9474208354949951,5.637794017791748,5.1655426025390625,944.0,0.435886412858963,,,,,,,,,,,,
4,,,12399,4.0,0.98785001039505,0.9107422828674316,0.03270469978451729,0.9167250394821167,0.9049432277679443,6.353260040283203,5.427401065826416,469.0,0.8931539058685303,,,,,,,,,,,,
4,,,12409,4.0,0.9807999730110168,0.9255287647247314,0.05016311630606651,0.9213134050369263,0.929845929145813,5.723232269287109,5.293290138244629,595.0,0.379778653383255,,,,,,,,,,,,
4,,,12419,4.0,0.9876000285148621,0.9407615065574646,0.03504658862948418,0.9359540939331055,0.945691704750061,5.989565372467041,5.8288679122924805,460.0,0.12565097212791443,,,,,,,,,,,,
4,,,12429,4.0,0.9891499876976013,0.9578173160552979,0.027948763221502304,0.9543209671974182,0.9613779187202454,5.806294918060303,5.613525390625,636.0,0.16482068598270416,,,,,,,,,,,,
4,,,12439,4.0,0.9881500005722046,0.9572842121124268,0.02733304724097252,0.9459999799728394,0.969279408454895,5.203760147094727,4.615734100341797,873.0,0.5606929063796997,,,,,,,,,,,,
4,,,12449,4.0,0.9797000288963318,0.9441808462142944,0.052425287663936615,0.9491227865219116,0.9393782615661621,5.89228630065918,5.293374061584473,1040.0,0.5464867353439331,,,,,,,,,,,,
4,,,12459,4.0,0.9900000095367432,0.8885087966918945,0.02397182211279869,0.8796363472938538,0.8978310823440552,4.980359077453613,4.756577491760254,259.0,0.19980943202972412,,,,,,,,,,,,
4,,,12469,4.0,0.9848499894142151,0.9049477577209473,0.03266703337430954,0.8832575678825378,0.9295531511306763,5.619070053100586,5.239160537719727,440.0,0.3472425937652588,,,,,,,,,,,,
4,,,12479,4.0,0.9936500191688538,0.9686083793640137,0.02185140550136566,0.9820660352706909,0.9559715986251831,4.003140926361084,3.656789779663086,831.0,0.32449987530708313,,,,,,,,,,,,
4,,,12489,4.0,0.9878000020980835,0.9730415344238281,0.029006704688072205,0.9722698926925659,0.9738167524337769,4.660921096801758,4.345689296722412,1048.0,0.2862253487110138,,,,,,,,,,,,
4,,,12499,4.0,0.9810500144958496,0.9205971956253052,0.047329142689704895,0.9120413661003113,0.9295811653137207,7.258100509643555,6.6207804679870605,506.0,0.5899912714958191,,,,,,,,,,,,
4,,,12509,4.0,0.9831500053405762,0.9417492151260376,0.046957243233919144,0.9574614763259888,0.9272888898849487,4.9406352043151855,4.426388263702393,970.0,0.4672900140285492,,,,,,,,,,,,
4,,,12519,4.0,0.9902499914169312,0.9633666276931763,0.02583053521811962,0.9659186601638794,0.9608476161956787,4.46598482131958,3.8392772674560547,923.0,0.6008771657943726,,,,,,,,,,,,
4,,,12529,4.0,0.9836000204086304,0.8705703020095825,0.0456324927508831,0.8694806098937988,0.8716670274734497,5.549818992614746,5.049961090087891,300.0,0.45422568917274475,,,,,,,,,,,,
4,,,12539,4.0,0.9886000156402588,0.8901301622390747,0.026601441204547882,0.8797545433044434,0.901129424571991,4.956294536590576,4.453324317932129,191.0,0.4763687551021576,,,,,,,,,,,,
4,,,12549,4.0,0.978600025177002,0.9099029898643494,0.05367730185389519,0.940001368522644,0.884227454662323,6.162498950958252,5.4642720222473145,515.0,0.6445499658584595,,,,,,,,,,,,
4,,,12559,4.0,0.9826499819755554,0.9231838583946228,0.04581909254193306,0.9402648210525513,0.9075644612312317,6.232059478759766,5.649895668029785,828.0,0.5363442897796631,,,,,,,,,,,,
4,,,12569,4.0,0.983299970626831,0.9411507844924927,0.04477589577436447,0.9326703548431396,0.9500455260276794,6.1002678871154785,5.616246223449707,616.0,0.43924567103385925,,,,,,,,,,,,
4,,,12579,4.0,0.9883000254631042,0.9612290859222412,0.02899172715842724,0.9658834934234619,0.9566869735717773,4.904842376708984,4.277116775512695,960.0,0.5987340211868286,,,,,,,,,,,,
4,,,12589,4.0,0.9915500283241272,0.9259086847305298,0.02507784031331539,0.9269659519195557,0.924856960773468,4.508695125579834,4.077215671539307,262.0,0.4064016342163086,,,,,,,,,,,,
4,,,12599,4.0,0.989799976348877,0.9227982759475708,0.0261211097240448,0.9502331018447876,0.8987444639205933,5.697276592254639,5.289501190185547,307.0,0.3816544711589813,,,,,,,,,,,,
4,,,12609,4.0,0.9902499914169312,0.9334475994110107,0.02280927263200283,0.949072003364563,0.9189639091491699,6.036770343780518,5.555527687072754,318.0,0.45843324065208435,,,,,,,,,,,,
4,,,12619,4.0,0.9889000058174133,0.9536758661270142,0.030026685446500778,0.9475017786026001,0.9600523114204407,5.545835018157959,4.112074851989746,515.0,1.4037333726882935,,,,,,,,,,,,
4,,,12629,4.0,0.9841499924659729,0.9150892496109009,0.040671128779649734,0.8867769241333008,0.9485427141189575,5.459913730621338,5.229650974273682,346.0,0.18959136307239532,,,,,,,,,,,,
4,,,12639,4.0,0.9590499997138977,0.8296593427658081,0.08159105479717255,0.8486910462379456,0.8129422664642334,7.892883777618408,6.946689128875732,722.0,0.8646034002304077,,,,,,,,,,,,
4,,,12649,4.0,0.9767000079154968,0.9314718246459961,0.052747972309589386,0.9354353547096252,0.9275992512702942,5.285673141479492,4.266199111938477,1085.0,0.9667260646820068,,,,,,,,,,,,
4,,,12659,4.0,0.9866999983787537,0.9362995624542236,0.03188898786902428,0.9162272214889526,0.9587278366088867,6.039731025695801,5.519685745239258,701.0,0.4881565570831299,,,,,,,,,,,,
4,,,12669,4.0,0.9803000092506409,0.9201058149337769,0.05356355756521225,0.8979262709617615,0.9454398155212402,5.851653575897217,5.041339874267578,894.0,0.7567499876022339,,,,,,,,,,,,
4,,,12679,4.0,0.9865000247955322,0.9470709562301636,0.03237784281373024,0.9476770758628845,0.9464668035507202,4.71680212020874,4.310947895050049,896.0,0.37347641587257385,,,,,,,,,,,,
4,,,12689,4.0,0.985450029373169,0.8726328611373901,0.03634700924158096,0.8817702531814575,0.8639532327651978,5.657588481903076,5.453446388244629,378.0,0.16779519617557526,,,,,,,,,,,,
4,,,12699,4.0,0.9852499961853027,0.9081964492797852,0.036985043436288834,0.946454644203186,0.876510500907898,6.331367015838623,5.996618747711182,465.0,0.2977631390094757,,,,,,,,,,,,
4,,,12709,4.0,0.9858499765396118,0.9418559074401855,0.0329560711979866,0.9265541434288025,0.9585088491439819,5.093991279602051,4.703909397125244,589.0,0.35712578892707825,,,,,,,,,,,,
4,,,12719,4.0,0.9879000186920166,0.9613939523696899,0.03411969169974327,0.9582492113113403,0.9645925760269165,4.989809989929199,4.677640914916992,753.0,0.27804937958717346,,,,,,,,,,,,
4,,,12729,4.0,0.9866999983787537,0.935529887676239,0.03352442756295204,0.933658242225647,0.9374200105667114,5.829065322875977,5.496853828430176,510.0,0.2986869812011719,,,,,,,,,,,,
4,,,12739,4.0,0.9879999756813049,0.9279770851135254,0.029564600437879562,0.9261101484298706,0.9298622012138367,5.120912551879883,4.749111175537109,353.0,0.3422369658946991,,,,,,,,,,,,
4,,,12749,4.0,0.9883999824523926,0.9515892267227173,0.025774704292416573,0.9655494689941406,0.9385677576065063,4.025614261627197,3.649672031402588,969.0,0.35016754269599915,,,,,,,,,,,,
4,,,12754,,,,,,,,,,,0.9837895035743713,0.8906880617141724,0.04226493835449219,0.9141347408294678,0.8781643509864807,4.156543731689453,0.13421079516410828,4.114279270172119,0.13421085476875305,0.13421085476875305,533.8314819335938,22.38677215576172
,9.939057285945933e-05,0.0009939057285945933,12755,,,,,,,,,,,,,,,,,,,,,,
5,,,12759,4.0,0.984000027179718,0.8405544757843018,0.04028409719467163,0.9180790185928345,0.7884079813957214,5.5669450759887695,4.822178840637207,236.0,0.7044820785522461,,,,,,,,,,,,
5,,,12769,4.0,0.9923499822616577,0.9294227957725525,0.01813979260623455,0.9202829003334045,0.9389970898628235,5.455729961395264,4.849728107452393,243.0,0.5878620743751526,,,,,,,,,,,,
5,,,12779,4.0,0.9815999865531921,0.929848849773407,0.043888673186302185,0.9290062785148621,0.9306954145431519,5.06234073638916,4.6378703117370605,793.0,0.38058188557624817,,,,,,,,,,,,
5,,,12789,4.0,0.9887999892234802,0.9559393525123596,0.03057567961513996,0.9559393525123596,0.9559393525123596,6.029544830322266,4.8445940017700195,517.0,1.1543750762939453,,,,,,,,,,,,
5,,,12799,4.0,0.9812999963760376,0.8640161156654358,0.04738593474030495,0.9054598808288574,0.8308415412902832,5.3722639083862305,4.849327564239502,307.0,0.47554993629455566,,,,,,,,,,,,
5,,,12809,4.0,0.9887499809265137,0.911410391330719,0.02979299984872341,0.9369218349456787,0.8889137506484985,5.176437854766846,5.052039623260498,387.0,0.09460534900426865,,,,,,,,,,,,
5,,,12819,4.0,0.9817500114440918,0.9253817796707153,0.04142795875668526,0.9329434633255005,0.9181234836578369,5.032595157623291,4.274880886077881,681.0,0.7162863612174988,,,,,,,,,,,,
5,,,12829,4.0,0.9873499870300293,0.945763349533081,0.02922825887799263,0.9573126435279846,0.9348695874214172,4.502983570098877,4.089211940765381,740.0,0.3845435678958893,,,,,,,,,,,,
5,,,12839,4.0,0.9825999736785889,0.930652379989624,0.041420500725507736,0.9191443920135498,0.942935585975647,6.0038604736328125,5.753447532653809,651.0,0.20899245142936707,,,,,,,,,,,,
5,,,12849,4.0,0.9844499826431274,0.8497222661972046,0.03548846393823624,0.9020258188247681,0.8101013898849487,6.439640998840332,5.04717493057251,348.0,1.3569772243499756,,,,,,,,,,,,
5,,,12859,4.0,0.9819499850273132,0.9303382635116577,0.04276985302567482,0.9497646689414978,0.9127952456474304,4.465805530548096,4.063255310058594,841.0,0.3597801923751831,,,,,,,,,,,,
5,,,12869,4.0,0.9768000245094299,0.8933249115943909,0.05320998653769493,0.9069687128067017,0.8806955814361572,5.7603349685668945,5.403947830200195,451.0,0.30317720770835876,,,,,,,,,,,,
5,,,12879,4.0,0.9890999794006348,0.9512659311294556,0.03195778280496597,0.9453136324882507,0.9574047327041626,6.412007808685303,6.040370464324951,824.0,0.3396795690059662,,,,,,,,,,,,
5,,,12889,4.0,0.9932000041007996,0.9691839218139648,0.019515080377459526,0.975666880607605,0.9629001021385193,3.7568113803863525,3.4616270065307617,696.0,0.27566924691200256,,,,,,,,,,,,
5,,,12899,4.0,0.9854000210762024,0.9362767934799194,0.03827665373682976,0.950863242149353,0.9227399826049805,6.705404281616211,5.938889980316162,884.0,0.7282374501228333,,,,,,,,,,,,
5,,,12909,4.0,0.9813500046730042,0.8047200441360474,0.04679287597537041,0.847636342048645,0.7717410922050476,5.599735736846924,5.118740081787109,177.0,0.4342027008533478,,,,,,,,,,,,
5,,,12919,4.0,0.9919000267982483,0.9575693607330322,0.021500706672668457,0.967281699180603,0.9482991099357605,4.27433967590332,3.9564061164855957,778.0,0.2964329123497009,,,,,,,,,,,,
5,,,12929,4.0,0.9864500164985657,0.8729982972145081,0.028813721612095833,0.8599581718444824,0.8870927095413208,5.084225654602051,4.738104820251465,271.0,0.3173069655895233,,,,,,,,,,,,
5,,,12939,4.0,0.9829000234603882,0.8043521046638489,0.04352552816271782,0.9035438299179077,0.7457687854766846,5.773988246917725,5.2010955810546875,211.0,0.5293669700622559,,,,,,,,,,,,
5,,,12949,4.0,0.9682000279426575,0.92525315284729,0.07889846712350845,0.9295561909675598,0.9210689067840576,5.732996940612793,4.943360805511475,1049.0,0.7107375860214233,,,,,,,,,,,,
5,,,12959,4.0,0.9861999750137329,0.8996483087539673,0.033559709787368774,0.9023672342300415,0.8969690203666687,5.836854457855225,5.576198577880859,268.0,0.22709600627422333,,,,,,,,,,,,
5,,,12969,4.0,0.9739500284194946,0.9414867758750916,0.0627686157822609,0.941265344619751,0.941708505153656,5.911386013031006,5.467210292816162,1087.0,0.38140711188316345,,,,,,,,,,,,
5,,,12979,4.0,0.98089998960495,0.9446690082550049,0.05702681094408035,0.9371234178543091,0.9525572657585144,5.823881149291992,4.935891151428223,1246.0,0.8309630751609802,,,,,,,,,,,,
5,,,12989,4.0,0.9920499920845032,0.9458025693893433,0.021696366369724274,0.9552817940711975,0.9367437362670898,5.2940826416015625,5.010272979736328,434.0,0.2621133327484131,,,,,,,,,,,,
5,,,12999,4.0,0.9888499975204468,0.9000891447067261,0.02748057246208191,0.8848559260368347,0.9166745543479919,5.222544193267822,4.786677837371826,207.0,0.40838587284088135,,,,,,,,,,,,
5,,,13009,4.0,0.9799000024795532,0.9177299737930298,0.050488587468862534,0.9087487459182739,0.9271903038024902,7.6491546630859375,6.410098552703857,514.0,1.188567876815796,,,,,,,,,,,,
5,,,13019,4.0,0.9872999787330627,0.9545680284500122,0.03826408088207245,0.9329739809036255,0.9789506196975708,4.382144451141357,3.9633498191833496,624.0,0.3805302381515503,,,,,,,,,,,,
5,,,13029,4.0,0.9805499911308289,0.7598474025726318,0.05801781639456749,0.8267247676849365,0.7166441679000854,5.479555130004883,5.161282062530518,205.0,0.26025524735450745,,,,,,,,,,,,
5,,,13039,4.0,0.9912999868392944,0.9735623002052307,0.022325662896037102,0.9783366918563843,0.9689054489135742,3.8036861419677734,3.3411834239959717,867.0,0.4401768743991852,,,,,,,,,,,,
5,,,13049,4.0,0.9811000227928162,0.8916570544242859,0.057395704090595245,0.9232258796691895,0.864917516708374,6.490594863891602,5.979007720947266,528.0,0.4541911780834198,,,,,,,,,,,,
5,,,13059,4.0,0.9684500098228455,0.9259594678878784,0.07340234518051147,0.9309625625610352,0.9211159944534302,5.553582191467285,5.086702346801758,1130.0,0.393477201461792,,,,,,,,,,,,
5,,,13069,4.0,0.9915500283241272,0.8036113977432251,0.02310355007648468,0.8029227256774902,0.8043032884597778,4.250407695770264,4.037985324859619,86.0,0.18931879103183746,,,,,,,,,,,,
5,,,13079,4.0,0.9889000058174133,0.9129119515419006,0.025762630626559258,0.948638916015625,0.8828140497207642,5.739852428436279,5.011997699737549,224.0,0.7020922899246216,,,,,,,,,,,,
5,,,13089,4.0,0.9876999855041504,0.913586437702179,0.031542982906103134,0.9141254425048828,0.913049042224884,4.846182823181152,4.238962173461914,369.0,0.5756778717041016,,,,,,,,,,,,
5,,,13099,4.0,0.9901000261306763,0.9585632085800171,0.024320751428604126,0.9745926856994629,0.9437400698661804,4.864048004150391,4.051445484161377,851.0,0.788282036781311,,,,,,,,,,,,
5,,,13109,4.0,0.984250009059906,0.9347680807113647,0.038621436804533005,0.9299691915512085,0.9396942853927612,5.1393232345581055,4.514499187469482,532.0,0.5862025022506714,,,,,,,,,,,,
5,,,13119,4.0,0.9825000166893005,0.8545830249786377,0.034880299121141434,0.8186839818954468,0.900559663772583,6.31266450881958,5.739784240722656,238.0,0.538000226020813,,,,,,,,,,,,
5,,,13129,4.0,0.9871500134468079,0.8904011845588684,0.03604262322187424,0.8970919847488403,0.8839482665061951,5.8338541984558105,5.450350284576416,316.0,0.3474613428115845,,,,,,,,,,,,
5,,,13139,4.0,0.9804999828338623,0.9157930612564087,0.04752407968044281,0.8975763320922852,0.9360827207565308,6.337948799133301,6.04250955581665,618.0,0.2479153424501419,,,,,,,,,,,,
5,,,13149,4.0,0.9818000197410583,0.9574475884437561,0.049519483000040054,0.9435063004493713,0.9726805686950684,4.757051944732666,4.00443172454834,857.0,0.7031008005142212,,,,,,,,,,,,
5,,,13159,4.0,0.9847000241279602,0.8740416169166565,0.03353952616453171,0.879315972328186,0.8689233064651489,5.743238925933838,4.84494161605835,249.0,0.8647578954696655,,,,,,,,,,,,
5,,,13169,4.0,0.980650007724762,0.9474942684173584,0.04741643741726875,0.940407931804657,0.9548871517181396,4.994770050048828,4.395741939544678,868.0,0.5516119003295898,,,,,,,,,,,,
5,,,13179,4.0,0.9775999784469604,0.8250240087509155,0.05407818779349327,0.8530294895172119,0.8014581203460693,6.010066509246826,4.912232875823975,264.0,1.0437556505203247,,,,,,,,,,,,
5,,,13189,4.0,0.9804999828338623,0.8857146501541138,0.04265725985169411,0.9137526750564575,0.8615971207618713,5.92000150680542,5.414928436279297,340.0,0.4624156653881073,,,,,,,,,,,,
5,,,13199,4.0,0.9886500239372253,0.9356404542922974,0.027060266584157944,0.9381222128868103,0.933189868927002,5.549128532409668,5.074245452880859,366.0,0.44782328605651855,,,,,,,,,,,,
5,,,13209,4.0,0.98294997215271,0.9060230255126953,0.04381899908185005,0.9062256813049316,0.9058206677436829,5.449260711669922,4.819401741027832,582.0,0.5860400199890137,,,,,,,,,,,,
5,,,13219,4.0,0.9843500256538391,0.9642347097396851,0.03522656857967377,0.9649523496627808,0.9635201692581177,4.6089186668396,4.252267360687256,932.0,0.32142508029937744,,,,,,,,,,,,
5,,,13229,4.0,0.9796500205993652,0.9383593797683716,0.049272745847702026,0.9489988088607788,0.9283349514007568,5.431740760803223,4.809781074523926,953.0,0.5726869106292725,,,,,,,,,,,,
5,,,13239,4.0,0.9877499938011169,0.9026762247085571,0.028395386412739754,0.9000035524368286,0.9053877592086792,5.5405073165893555,5.264235973358154,258.0,0.24787631630897522,,,,,,,,,,,,
5,,,13249,4.0,0.9886000156402588,0.9657658338546753,0.03505862131714821,0.9542568922042847,0.9780383706092834,4.378814697265625,4.090928077697754,830.0,0.2528282105922699,,,,,,,,,,,,
5,,,13259,4.0,0.9706000089645386,0.8359045386314392,0.09128346294164658,0.8963226079940796,0.7930150032043457,7.3958516120910645,5.639654159545898,500.0,1.6649140119552612,,,,,,,,,,,,
5,,,13269,4.0,0.9848999977111816,0.9157196879386902,0.03715415298938751,0.9379993677139282,0.895828366279602,5.785177707672119,5.427194118499756,337.0,0.32082921266555786,,,,,,,,,,,,
5,,,13279,4.0,0.9899500012397766,0.8232739567756653,0.02373051829636097,0.8365108966827393,0.811074435710907,5.186563014984131,4.677044868469238,111.0,0.48578745126724243,,,,,,,,,,,,
5,,,13289,4.0,0.9840499758720398,0.8758603930473328,0.038074709475040436,0.8891892433166504,0.8634847402572632,4.981452941894531,4.6869401931762695,266.0,0.2564384639263153,,,,,,,,,,,,
5,,,13299,4.0,0.9887999892234802,0.9463574886322021,0.030501464381814003,0.9663405418395996,0.9282251596450806,4.799351215362549,3.9452664852142334,948.0,0.8235835433006287,,,,,,,,,,,,
5,,,13309,4.0,0.9842000007629395,0.9578256607055664,0.045698799192905426,0.9663389921188354,0.9497088193893433,6.440627098083496,5.735178470611572,990.0,0.6597500443458557,,,,,,,,,,,,
5,,,13319,4.0,0.9886999726295471,0.9624297022819519,0.028736859560012817,0.9652794599533081,0.959622323513031,4.732632160186768,4.099638938903809,896.0,0.6042560935020447,,,,,,,,,,,,
5,,,13329,4.0,0.984250009059906,0.9429811239242554,0.042393337935209274,0.9478189945220947,0.938267171382904,6.564357757568359,5.813286304473877,991.0,0.7086784243583679,,,,,,,,,,,,
5,,,13339,4.0,0.9891499876976013,0.9707478284835815,0.053775202482938766,0.9844319820404053,0.9580280780792236,4.6494364738464355,3.9004335403442383,1045.0,0.6952275037765503,,,,,,,,,,,,
5,,,13349,4.0,0.9805499911308289,0.9051035642623901,0.05092277377843857,0.9207429885864258,0.8907334804534912,6.603352069854736,6.162127494812012,534.0,0.390301913022995,,,,,,,,,,,,
5,,,13359,4.0,0.9891499876976013,0.9552881717681885,0.023868776857852936,0.9661974906921387,0.9449571371078491,4.332939147949219,3.8986926078796387,924.0,0.4103775918483734,,,,,,,,,,,,
5,,,13369,4.0,0.982450008392334,0.9341870546340942,0.04641658812761307,0.9399950504302979,0.9285590648651123,5.520366668701172,4.714395999908447,607.0,0.7595540881156921,,,,,,,,,,,,
5,,,13379,4.0,0.988099992275238,0.937545895576477,0.025895211845636368,0.9213142395019531,0.9552572965621948,4.693709373474121,4.143068790435791,588.0,0.524745523929596,,,,,,,,,,,,
5,,,13389,4.0,0.9834499955177307,0.9583418369293213,0.03643103316426277,0.9702990055084229,0.9471684694290161,5.422173500061035,4.42930793762207,995.0,0.956434965133667,,,,,,,,,,,,
5,,,13399,4.0,0.986050009727478,0.8553725481033325,0.029943222180008888,0.8703755140304565,0.8416065573692322,6.292671203613281,5.967861652374268,197.0,0.294866681098938,,,,,,,,,,,,
5,,,13409,4.0,0.991100013256073,0.9483896493911743,0.022327033802866936,0.9405045509338379,0.9565951228141785,5.659196853637695,4.756112098693848,496.0,0.880757749080658,,,,,,,,,,,,
5,,,13419,4.0,0.9919999837875366,0.9422925710678101,0.020002737641334534,0.9483020305633545,0.9364553689956665,4.853484153747559,4.529266834259033,275.0,0.3042142689228058,,,,,,,,,,,,
5,,,13429,4.0,0.9909999966621399,0.9626031517982483,0.023141687735915184,0.9566633701324463,0.9687260389328003,4.925724029541016,4.245263576507568,758.0,0.657318651676178,,,,,,,,,,,,
5,,,13439,4.0,0.9861999750137329,0.8937515020370483,0.031507089734077454,0.8920626640319824,0.8954561352729797,5.930997848510742,5.610783576965332,300.0,0.28870701789855957,,,,,,,,,,,,
5,,,13449,4.0,0.98294997215271,0.9376598596572876,0.04093952476978302,0.9447511434555054,0.9308342933654785,5.534317493438721,5.2852888107299805,479.0,0.20808957517147064,,,,,,,,,,,,
5,,,13459,4.0,0.9890000224113464,0.9261714220046997,0.02710111066699028,0.9266998767852783,0.9256443977355957,5.33315372467041,4.850212097167969,265.0,0.4558405876159668,,,,,,,,,,,,
5,,,13469,4.0,0.9848499894142151,0.8971068263053894,0.03743908926844597,0.878897488117218,0.917354166507721,6.167428970336914,5.9980549812316895,285.0,0.13193492591381073,,,,,,,,,,,,
5,,,13479,4.0,0.9869999885559082,0.949576735496521,0.0356304869055748,0.9483788013458252,0.9507824182510376,4.845641136169434,4.458220481872559,870.0,0.35178980231285095,,,,,,,,,,,,
5,,,13489,4.0,0.9839500188827515,0.8909943699836731,0.038325127214193344,0.9060739278793335,0.8770925998687744,4.771174907684326,4.515610218048096,397.0,0.21723952889442444,,,,,,,,,,,,
5,,,13499,4.0,0.9839000105857849,0.9078997373580933,0.03797927498817444,0.889009952545166,0.9289711713790894,4.5088582038879395,4.317519187927246,494.0,0.15335986018180847,,,,,,,,,,,,
5,,,13509,4.0,0.9863499999046326,0.9455416202545166,0.03327111154794693,0.9630884528160095,0.9294840693473816,4.994030952453613,4.437004566192627,854.0,0.5237552523612976,,,,,,,,,,,,
5,,,13519,4.0,0.9861500263214111,0.9565104246139526,0.03389684483408928,0.9678552150726318,0.9458266496658325,6.391535758972168,4.76331090927124,854.0,1.5943280458450317,,,,,,,,,,,,
5,,,13529,4.0,0.9879500269889832,0.968491792678833,0.03376264497637749,0.9707198143005371,0.9662913680076599,5.712944030761719,5.361547470092773,1025.0,0.31763434410095215,,,,,,,,,,,,
5,,,13539,4.0,0.9822499752044678,0.9364446401596069,0.03700536862015724,0.95943683385849,0.9160482287406921,5.556761741638184,4.523702144622803,832.0,0.9960541725158691,,,,,,,,,,,,
5,,,13549,4.0,0.9856500029563904,0.9339909553527832,0.039518505334854126,0.9241863489151001,0.9443325996398926,6.41306209564209,4.480135440826416,302.0,1.8934082984924316,,,,,,,,,,,,
5,,,13559,4.0,0.9901999831199646,0.9651116132736206,0.02387819066643715,0.9631558060646057,0.9670875072479248,5.378464221954346,4.766077995300293,838.0,0.5885079503059387,,,,,,,,,,,,
5,,,13569,4.0,0.9805499911308289,0.9287514686584473,0.046645160764455795,0.9460175037384033,0.9130109548568726,6.376752853393555,5.899799823760986,547.0,0.43030810356140137,,,,,,,,,,,,
5,,,13579,4.0,0.9869499802589417,0.9565750956535339,0.030114267021417618,0.9636969566345215,0.9497153759002686,4.14756965637207,3.764251708984375,909.0,0.35320356488227844,,,,,,,,,,,,
5,,,13589,4.0,0.9848999977111816,0.9153772592544556,0.03814546391367912,0.8961738348007202,0.9367983341217041,6.191037654876709,6.009195327758789,548.0,0.14369672536849976,,,,,,,,,,,,
5,,,13599,4.0,0.9889500141143799,0.9143705368041992,0.026722051203250885,0.903594970703125,0.9257885813713074,5.297823429107666,4.9647321701049805,228.0,0.30636921525001526,,,,,,,,,,,,
5,,,13609,4.0,0.9856500029563904,0.9490824937820435,0.03503437340259552,0.9575059413909912,0.9410240650177002,4.674639701843262,4.254225730895996,928.0,0.3853796124458313,,,,,,,,,,,,
5,,,13619,4.0,0.9905499815940857,0.9628616571426392,0.022741707041859627,0.9763438701629639,0.9502449631690979,5.017887115478516,4.766406059265137,730.0,0.22873912751674652,,,,,,,,,,,,
5,,,13629,4.0,0.9707499742507935,0.9296225309371948,0.08224009722471237,0.9406678676605225,0.9193115234375,5.486306190490723,4.629108428955078,854.0,0.7749575972557068,,,,,,,,,,,,
5,,,13639,4.0,0.983299970626831,0.8558305501937866,0.04558764025568962,0.8457503318786621,0.8665670156478882,4.87396764755249,4.513906478881836,231.0,0.3144735097885132,,,,,,,,,,,,
5,,,13649,4.0,0.9840499758720398,0.8959718942642212,0.03599823638796806,0.8947876691818237,0.8971640467643738,5.841090679168701,5.489914894104004,303.0,0.3151772916316986,,,,,,,,,,,,
5,,,13659,4.0,0.9835500121116638,0.929364800453186,0.0377279594540596,0.9371134042739868,0.9219286441802979,6.051998615264893,5.695152759552002,474.0,0.3191181719303131,,,,,,,,,,,,
5,,,13669,4.0,0.9833499789237976,0.880297064781189,0.03872600570321083,0.9304754734039307,0.8413563966751099,5.9606218338012695,4.757853031158447,343.0,1.1640427112579346,,,,,,,,,,,,
5,,,13679,4.0,0.9879500269889832,0.9482191801071167,0.031415995210409164,0.9480504989624023,0.9483879804611206,5.638678073883057,5.115553379058838,639.0,0.49170857667922974,,,,,,,,,,,,
5,,,13689,4.0,0.990149974822998,0.9565250873565674,0.031085586175322533,0.9791897535324097,0.936189591884613,5.513497352600098,5.027360916137695,861.0,0.4550510048866272,,,,,,,,,,,,
5,,,13699,4.0,0.9808499813079834,0.9024837017059326,0.041366416960954666,0.9101802110671997,0.8951079249382019,6.331786155700684,5.596776485443115,326.0,0.6936430335044861,,,,,,,,,,,,
5,,,13709,4.0,0.9915000200271606,0.9337959885597229,0.022357581183314323,0.9468218088150024,0.9215630292892456,5.221203327178955,4.796374797821045,279.0,0.40247106552124023,,,,,,,,,,,,
5,,,13719,4.0,0.9864000082015991,0.9461684226989746,0.03247882053256035,0.9571653604507446,0.935775637626648,5.998980522155762,5.072872161865234,803.0,0.893629789352417,,,,,,,,,,,,
5,,,13729,4.0,0.9842000007629395,0.9421761631965637,0.03681490197777748,0.9574013948440552,0.9281133413314819,6.057408332824707,5.784263610839844,1016.0,0.23633016645908356,,,,,,,,,,,,
5,,,13739,4.0,0.974399983882904,0.8910984992980957,0.08687633275985718,0.9208836555480957,0.8658353090286255,6.9570088386535645,5.862974166870117,486.0,1.0071582794189453,,,,,,,,,,,,
5,,,13749,4.0,0.9953500032424927,0.9875590801239014,0.010889974422752857,0.9882830381393433,0.9868378639221191,3.987637519836426,3.4745969772338867,940.0,0.5021505355834961,,,,,,,,,,,,
5,,,13759,4.0,0.9908999800682068,0.9391496181488037,0.021673351526260376,0.9343336224555969,0.9440840482711792,5.311891555786133,4.7866034507751465,278.0,0.5036146640777588,,,,,,,,,,,,
5,,,13769,4.0,0.9859499931335449,0.9444442987442017,0.034203268587589264,0.9526704549789429,0.9365622997283936,4.502701759338379,4.132043361663818,690.0,0.3364553451538086,,,,,,,,,,,,
5,,,13779,4.0,0.9915500283241272,0.9357264041900635,0.02551032043993473,0.9287453889846802,0.942957878112793,5.993624210357666,5.673412799835205,310.0,0.29470112919807434,,,,,,,,,,,,
5,,,13789,4.0,0.9814000129699707,0.912625253200531,0.04610013589262962,0.9136600494384766,0.911596417427063,5.794992923736572,5.316363334655762,493.0,0.43252941966056824,,,,,,,,,,,,
5,,,13799,4.0,0.9815499782562256,0.8948389291763306,0.054703619331121445,0.8926053047180176,0.8971012830734253,5.832996368408203,5.582153797149658,384.0,0.1961389034986496,,,,,,,,,,,,
5,,,13809,4.0,0.9843000173568726,0.9062833786010742,0.03688438609242439,0.895545482635498,0.9176919460296631,5.245008945465088,4.1396331787109375,351.0,1.0684914588928223,,,,,,,,,,,,
5,,,13819,4.0,0.980650007724762,0.8923792839050293,0.04671207442879677,0.9048659801483154,0.88072669506073,5.102551460266113,4.571579933166504,400.0,0.48425960540771484,,,,,,,,,,,,
5,,,13829,4.0,0.9771000146865845,0.8880274295806885,0.060014307498931885,0.961104691028595,0.8370031118392944,6.245765686035156,5.511210918426514,571.0,0.6745407581329346,,,,,,,,,,,,
5,,,13839,4.0,0.9832500219345093,0.8636816143989563,0.040487587451934814,0.8678916692733765,0.8595744967460632,6.258119583129883,5.53041410446167,273.0,0.6872175335884094,,,,,,,,,,,,
5,,,13849,4.0,0.9879000186920166,0.91756272315979,0.031171392649412155,0.920742392539978,0.9144352674484253,5.088641166687012,4.881093502044678,626.0,0.1763763576745987,,,,,,,,,,,,
5,,,13859,4.0,0.993149995803833,0.9717515110969543,0.019752148538827896,0.9874017238616943,0.9572241306304932,4.308131694793701,4.084135055541992,1026.0,0.20424459874629974,,,,,,,,,,,,
5,,,13869,4.0,0.9888499975204468,0.9270153045654297,0.028753409162163734,0.9182146787643433,0.9362331628799438,4.914459705352783,4.587646484375,328.0,0.2980600595474243,,,,,,,,,,,,
5,,,13879,4.0,0.9894000291824341,0.9197707772254944,0.02745380625128746,0.9017125964164734,0.9396852254867554,5.554039001464844,4.565057277679443,255.0,0.9615275859832764,,,,,,,,,,,,
5,,,13889,4.0,0.9835000038146973,0.9289630651473999,0.046606823801994324,0.9064829349517822,0.9545664191246033,5.8148345947265625,5.466736793518066,560.0,0.30149057507514954,,,,,,,,,,,,
5,,,13899,4.0,0.9836999773979187,0.8813083171844482,0.036520618945360184,0.9467584490776062,0.8337050676345825,5.262670993804932,5.053491115570068,340.0,0.17265935242176056,,,,,,,,,,,,
5,,,13909,4.0,0.9757999777793884,0.7811190485954285,0.04765013977885246,0.8294321894645691,0.7459423542022705,6.679903507232666,5.66058874130249,300.0,0.971664547920227,,,,,,,,,,,,
5,,,13919,4.0,0.9871500134468079,0.913914680480957,0.03505868464708328,0.9428188800811768,0.888850212097168,6.186525344848633,5.7562479972839355,403.0,0.3952186107635498,,,,,,,,,,,,
5,,,13929,4.0,0.9832500219345093,0.9054093956947327,0.04200072959065437,0.9509698748588562,0.8690130710601807,6.509665489196777,6.1484293937683105,598.0,0.3192352056503296,,,,,,,,,,,,
5,,,13939,4.0,0.9868999719619751,0.9448471665382385,0.030219553038477898,0.9464895725250244,0.9432187676429749,4.96852445602417,4.4504804611206055,713.0,0.4878242611885071,,,,,,,,,,,,
5,,,13949,4.0,0.9838500022888184,0.873011589050293,0.03935011476278305,0.846937358379364,0.9037495851516724,6.222499847412109,5.634213924407959,407.0,0.5489359498023987,,,,,,,,,,,,
5,,,13959,4.0,0.9864000082015991,0.9333847761154175,0.04013822227716446,0.9379846453666687,0.9288934469223022,5.515048980712891,5.074566841125488,448.0,0.40034377574920654,,,,,,,,,,,,
5,,,13969,4.0,0.9855499863624573,0.9467678070068359,0.040885210037231445,0.9579068422317505,0.9362564086914062,5.340333461761475,4.786944389343262,454.0,0.5125039219856262,,,,,,,,,,,,
5,,,13979,4.0,0.9869499802589417,0.8895800113677979,0.030869390815496445,0.8917598724365234,0.8874260783195496,5.182375907897949,4.952752113342285,301.0,0.1987542062997818,,,,,,,,,,,,
5,,,13989,4.0,0.9709500074386597,0.9032260179519653,0.07089734822511673,0.9067472219467163,0.8997795581817627,5.147205352783203,4.70391321182251,854.0,0.37239477038383484,,,,,,,,,,,,
5,,,13999,4.0,0.9915500283241272,0.9389238953590393,0.02361260913312435,0.945812463760376,0.9322623610496521,5.7733154296875,5.384427547454834,488.0,0.36527514457702637,,,,,,,,,,,,
5,,,14009,4.0,0.9839500188827515,0.9423211216926575,0.03786969184875488,0.9609029293060303,0.9254481792449951,5.294156074523926,4.277891635894775,1019.0,0.9783946871757507,,,,,,,,,,,,
5,,,14019,4.0,0.992900013923645,0.9308145046234131,0.019736317917704582,0.9405885934829712,0.9214897155761719,4.923390865325928,4.6875081062316895,298.0,0.21614626049995422,,,,,,,,,,,,
5,,,14029,4.0,0.9792500138282776,0.8552566766738892,0.06756722927093506,0.9427962303161621,0.7985082864761353,6.551375389099121,5.587958335876465,357.0,0.895849883556366,,,,,,,,,,,,
5,,,14039,4.0,0.982450008392334,0.8792920112609863,0.038680195808410645,0.9010806083679199,0.8599453568458557,6.478623390197754,4.493934631347656,359.0,1.9460088014602661,,,,,,,,,,,,
5,,,14049,4.0,0.9843999743461609,0.9282702207565308,0.05304619297385216,0.893265426158905,0.9713853597640991,4.833657264709473,4.137088775634766,692.0,0.6435222029685974,,,,,,,,,,,,
5,,,14059,4.0,0.988349974155426,0.9525356292724609,0.02967996522784233,0.9704642295837402,0.9361295104026794,4.734457969665527,4.430337429046631,781.0,0.2744406759738922,,,,,,,,,,,,
5,,,14069,4.0,0.9904999732971191,0.9345346093177795,0.02414974756538868,0.9170650243759155,0.9536844491958618,4.676258087158203,4.344144344329834,268.0,0.3079640865325928,,,,,,,,,,,,
5,,,14079,4.0,0.9876000285148621,0.9288437366485596,0.03081807866692543,0.9226827025413513,0.9352085590362549,5.199658393859863,4.7393479347229,389.0,0.42949262261390686,,,,,,,,,,,,
5,,,14089,4.0,0.9873999953269958,0.9169735908508301,0.035358622670173645,0.8862833976745605,0.9535832405090332,6.561154842376709,5.24845027923584,362.0,1.277346134185791,,,,,,,,,,,,
5,,,14099,4.0,0.9903500080108643,0.9341301918029785,0.023845266550779343,0.9388393759727478,0.9295300841331482,5.5996246337890625,4.6448140144348145,325.0,0.9309651851654053,,,,,,,,,,,,
5,,,14109,4.0,0.9926999807357788,0.887202262878418,0.02085816115140915,0.9461555480957031,0.842424750328064,4.871786594390869,4.668246746063232,225.0,0.1826813668012619,,,,,,,,,,,,
5,,,14119,4.0,0.9836000204086304,0.9513936042785645,0.039115823805332184,0.9544690847396851,0.9483703374862671,4.93687629699707,4.364116191864014,1065.0,0.5336443185806274,,,,,,,,,,,,
5,,,14129,4.0,0.9891999959945679,0.9378306269645691,0.024290867149829865,0.926700234413147,0.9496284127235413,4.268070697784424,3.959179639816284,303.0,0.2846004366874695,,,,,,,,,,,,
5,,,14139,4.0,0.9815000295639038,0.8384547829627991,0.04240031912922859,0.8384547829627991,0.8384547829627991,6.319343566894531,5.2108683586120605,211.0,1.0660746097564697,,,,,,,,,,,,
5,,,14149,4.0,0.9790999889373779,0.8402345180511475,0.051418133080005646,0.9037894606590271,0.7951076030731201,6.130374431610107,5.674535274505615,321.0,0.4044208228588104,,,,,,,,,,,,
5,,,14159,4.0,0.9877499938011169,0.924445390701294,0.030202751979231834,0.9199458360671997,0.9290528893470764,4.417838096618652,4.047394275665283,348.0,0.3402409255504608,,,,,,,,,,,,
5,,,14169,4.0,0.9907500147819519,0.9641098976135254,0.025889120995998383,0.9614900946617126,0.9667651653289795,6.380394458770752,4.577756881713867,993.0,1.776748538017273,,,,,,,,,,,,
5,,,14179,4.0,0.9884999990463257,0.9152279496192932,0.030772283673286438,0.9400752782821655,0.8932398557662964,5.7977752685546875,5.589311599731445,557.0,0.17769166827201843,,,,,,,,,,,,
5,,,14189,4.0,0.9871000051498413,0.9125524759292603,0.029399389401078224,0.9438683986663818,0.8857029676437378,5.169210433959961,4.566047191619873,638.0,0.573763906955719,,,,,,,,,,,,
5,,,14199,4.0,0.9751999974250793,0.92628413438797,0.06409204006195068,0.9404844641685486,0.9131959676742554,5.4670491218566895,4.966578483581543,1051.0,0.4363786280155182,,,,,,,,,,,,
5,,,14209,4.0,0.986549973487854,0.9502639770507812,0.029840387403964996,0.9785356521606445,0.9256831407546997,4.424445152282715,4.092972755432129,923.0,0.3016321361064911,,,,,,,,,,,,
5,,,14219,4.0,0.9834499955177307,0.9505308866500854,0.03920017555356026,0.9598875641822815,0.9416413307189941,4.962812900543213,4.716395854949951,929.0,0.20721696317195892,,,,,,,,,,,,
5,,,14229,4.0,0.9846500158309937,0.8817328214645386,0.03597239404916763,0.8820074200630188,0.8814586400985718,5.993766784667969,5.321396827697754,279.0,0.6363976001739502,,,,,,,,,,,,
5,,,14239,4.0,0.9921500086784363,0.9046540856361389,0.019779136404395103,0.9423812627792358,0.8731048703193665,6.3167548179626465,6.03930139541626,307.0,0.2576742172241211,,,,,,,,,,,,
5,,,14249,4.0,0.9788500070571899,0.9225724339485168,0.051010359078645706,0.961347758769989,0.8908207416534424,5.7697649002075195,5.223588466644287,956.0,0.4951661229133606,,,,,,,,,,,,
5,,,14259,4.0,0.9881500005722046,0.8879390954971313,0.026058565825223923,0.9175748825073242,0.862459659576416,5.500870704650879,4.507890224456787,207.0,0.9669218063354492,,,,,,,,,,,,
5,,,14269,4.0,0.9882000088691711,0.9529386758804321,0.032698649913072586,0.9642035365104675,0.9422963261604309,5.342382431030273,4.810797691345215,566.0,0.49888622760772705,,,,,,,,,,,,
5,,,14279,4.0,0.9927499890327454,0.963546872138977,0.01955222710967064,0.9645925760269165,0.9625064730644226,4.549472808837891,4.108335494995117,427.0,0.4215852916240692,,,,,,,,,,,,
5,,,14289,4.0,0.9891999959945679,0.9707386493682861,0.02803426794707775,0.9756674766540527,0.9659405946731567,5.836056709289551,4.272743225097656,1033.0,1.5352795124053955,,,,,,,,,,,,
5,,,14299,4.0,0.9760500192642212,0.9229945540428162,0.06720704585313797,0.9069729447364807,0.9406865835189819,6.18138313293457,5.156550407409668,853.0,0.9576258063316345,,,,,,,,,,,,
5,,,14309,4.0,0.9856500029563904,0.9529551267623901,0.0325414203107357,0.9570860862731934,0.9489147663116455,4.819143295288086,4.338528156280518,982.0,0.4480736255645752,,,,,,,,,,,,
5,,,14319,4.0,0.9847999811172485,0.9158421754837036,0.03532775118947029,0.8902400732040405,0.9455457329750061,5.642872333526611,5.233639717102051,330.0,0.37390461564064026,,,,,,,,,,,,
5,,,14329,4.0,0.9910500049591064,0.9377293586730957,0.022533893585205078,0.937447726726532,0.9380113482475281,5.572593688964844,4.96157693862915,267.0,0.5884830951690674,,,,,,,,,,,,
5,,,14339,4.0,0.9932000041007996,0.9545854330062866,0.024493245407938957,0.9708752036094666,0.9394783973693848,3.884540319442749,3.7387797832489014,499.0,0.12126722186803818,,,,,,,,,,,,
5,,,14349,4.0,0.9883000254631042,0.9263815879821777,0.02886034920811653,0.9032536745071411,0.9526519775390625,4.816654205322266,4.6610188484191895,606.0,0.126774862408638,,,,,,,,,,,,
5,,,14359,4.0,0.9896000027656555,0.8435091972351074,0.02372877486050129,0.8581125140190125,0.8300960659980774,5.315762042999268,4.657670974731445,173.0,0.6343622207641602,,,,,,,,,,,,
5,,,14369,4.0,0.9870499968528748,0.8835666179656982,0.02895813062787056,0.9548377990722656,0.8326017260551453,6.413734436035156,4.85587739944458,298.0,1.5288987159729004,,,,,,,,,,,,
5,,,14379,4.0,0.9904999732971191,0.8998292088508606,0.020696379244327545,0.9006330966949463,0.8990287184715271,4.257480621337891,3.999624252319336,279.0,0.23716017603874207,,,,,,,,,,,,
5,,,14389,4.0,0.9768499732017517,0.9214774966239929,0.05589368939399719,0.9297134876251221,0.913618803024292,6.760082721710205,5.018941402435303,863.0,1.6852474212646484,,,,,,,,,,,,
5,,,14399,4.0,0.9828000068664551,0.9241727590560913,0.04286317154765129,0.9274911880493164,0.920913577079773,7.048847675323486,5.158249378204346,722.0,1.847734808921814,,,,,,,,,,,,
5,,,14409,4.0,0.9850999712944031,0.9313771724700928,0.039805635809898376,0.9085988998413086,0.957303524017334,4.710911750793457,4.385684013366699,484.0,0.2854221761226654,,,,,,,,,,,,
5,,,14419,4.0,0.9747999906539917,0.9115667343139648,0.07948959618806839,0.9195680618286133,0.9039280414581299,5.203486442565918,4.8436102867126465,681.0,0.28038668632507324,,,,,,,,,,,,
5,,,14429,4.0,0.9874500036239624,0.925532341003418,0.03228352218866348,0.9216578602790833,0.9294867515563965,4.526422500610352,3.959157705307007,599.0,0.5349811315536499,,,,,,,,,,,,
5,,,14439,4.0,0.980650007724762,0.9037467241287231,0.04081614315509796,0.9007210731506348,0.906825065612793,5.5289459228515625,5.294782638549805,330.0,0.1933467537164688,,,,,,,,,,,,
5,,,14449,4.0,0.9847000241279602,0.9316473007202148,0.03720971196889877,0.9585953950881958,0.9080974459648132,4.293331146240234,3.870380163192749,764.0,0.38574132323265076,,,,,,,,,,,,
5,,,14459,4.0,0.9892500042915344,0.9619705677032471,0.028035305440425873,0.9615557789802551,0.9623862504959106,4.307394027709961,3.9171946048736572,887.0,0.3621641993522644,,,,,,,,,,,,
5,,,14469,4.0,0.98785001039505,0.907713770866394,0.029762402176856995,0.9115030169487,0.9039993286132812,5.10642147064209,4.479000568389893,292.0,0.5976588129997253,,,,,,,,,,,,
5,,,14479,4.0,0.9790499806404114,0.9383981823921204,0.0550009086728096,0.9459971189498901,0.9311211109161377,5.5546488761901855,4.9886579513549805,1033.0,0.5109899640083313,,,,,,,,,,,,
5,,,14489,4.0,0.9883999824523926,0.9190309643745422,0.031084774062037468,0.9401649236679077,0.8999934196472168,5.160280227661133,4.858606815338135,385.0,0.27058887481689453,,,,,,,,,,,,
5,,,14499,4.0,0.9930499792098999,0.9768990278244019,0.017627332359552383,0.9751834869384766,0.9786297082901001,4.433071613311768,3.9435980319976807,1000.0,0.47184649109840393,,,,,,,,,,,,
5,,,14509,4.0,0.9878000020980835,0.9520379304885864,0.027970153838396072,0.9779111742973328,0.9292429685592651,4.796470642089844,4.169195652008057,941.0,0.5993049144744873,,,,,,,,,,,,
5,,,14519,4.0,0.9865000247955322,0.9057687520980835,0.03204825893044472,0.9052451848983765,0.9062938690185547,5.9332380294799805,5.057891368865967,268.0,0.8432982563972473,,,,,,,,,,,,
5,,,14529,4.0,0.9825000166893005,0.9557862877845764,0.04836275801062584,0.9616129994392395,0.950153112411499,5.93659782409668,5.513047695159912,691.0,0.37518739700317383,,,,,,,,,,,,
5,,,14539,4.0,0.981249988079071,0.8421032428741455,0.04549963027238846,0.8559340238571167,0.8293858766555786,6.535094738006592,6.377456188201904,209.0,0.11213874071836472,,,,,,,,,,,,
5,,,14549,4.0,0.9868000149726868,0.9679027795791626,0.036332156509160995,0.9540013074874878,0.9830276966094971,5.317661285400391,4.795248031616211,1118.0,0.48608091473579407,,,,,,,,,,,,
5,,,14559,4.0,0.9918000102043152,0.9661721587181091,0.021365582942962646,0.9519668817520142,0.9814639091491699,3.860276699066162,3.3563570976257324,957.0,0.48255398869514465,,,,,,,,,,,,
5,,,14569,4.0,0.9879500269889832,0.7120853066444397,0.03445248305797577,0.7448744773864746,0.6872553825378418,4.892401218414307,4.517727851867676,89.0,0.3402211368083954,,,,,,,,,,,,
5,,,14579,4.0,0.9870499968528748,0.9644302725791931,0.03513596951961517,0.9589215517044067,0.9701138734817505,5.014498233795166,4.657838344573975,851.0,0.32152432203292847,,,,,,,,,,,,
5,,,14589,4.0,0.9881500005722046,0.8990920186042786,0.038803160190582275,0.8975024819374084,0.9006952047348022,6.328559398651123,5.803878307342529,234.0,0.4858780801296234,,,,,,,,,,,,
5,,,14599,4.0,0.9774500131607056,0.8216395378112793,0.04290488362312317,0.8745964765548706,0.7826939821243286,5.418526649475098,5.11144495010376,321.0,0.2641766369342804,,,,,,,,,,,,
5,,,14609,4.0,0.987500011920929,0.9468649625778198,0.029083386063575745,0.9539706110954285,0.9400128126144409,4.150396347045898,3.804379940032959,952.0,0.31693294644355774,,,,,,,,,,,,
5,,,14619,4.0,0.9828500151634216,0.9317194223403931,0.0461704358458519,0.9312736988067627,0.9321661591529846,5.7636613845825195,5.473802089691162,640.0,0.24368904531002045,,,,,,,,,,,,
5,,,14629,4.0,0.9839500188827515,0.9336212873458862,0.03729574754834175,0.9270264506340027,0.9404598474502563,4.979917049407959,4.6741132736206055,483.0,0.2685078978538513,,,,,,,,,,,,
5,,,14639,4.0,0.964900016784668,0.8046826124191284,0.077618308365345,0.8043758869171143,0.8049900531768799,5.786948204040527,5.335641384124756,376.0,0.3736884593963623,,,,,,,,,,,,
5,,,14649,4.0,0.9879500269889832,0.9572177529335022,0.0266784206032753,0.938270092010498,0.9782683849334717,4.437446117401123,3.9910078048706055,843.0,0.4197596609592438,,,,,,,,,,,,
5,,,14659,4.0,0.9826499819755554,0.9215306639671326,0.04865453392267227,0.9040719270706177,0.9408369064331055,5.352967262268066,5.005013465881348,847.0,0.2992994785308838,,,,,,,,,,,,
5,,,14669,4.0,0.982699990272522,0.9601147174835205,0.047581929713487625,0.9703184962272644,0.9505072832107544,6.966614723205566,5.073085308074951,1417.0,1.845947027206421,,,,,,,,,,,,
5,,,14679,4.0,0.9911999702453613,0.9511300325393677,0.025619277730584145,0.9618414044380188,0.9409576654434204,4.68748140335083,4.5262227058410645,446.0,0.1356389969587326,,,,,,,,,,,,
5,,,14689,4.0,0.9909999966621399,0.8212503790855408,0.02806922234594822,0.8315274715423584,0.8116109371185303,5.056482791900635,4.672708511352539,122.0,0.3557053804397583,,,,,,,,,,,,
5,,,14699,4.0,0.989549994468689,0.9620983600616455,0.02530868910253048,0.961670994758606,0.962526798248291,4.703427791595459,4.175815582275391,823.0,0.5023036003112793,,,,,,,,,,,,
5,,,14709,4.0,0.9872000217437744,0.9511991739273071,0.0372035875916481,0.9550799131393433,0.9473961591720581,4.6156487464904785,4.161555767059326,818.0,0.4168893098831177,,,,,,,,,,,,
5,,,14719,4.0,0.9890999794006348,0.9684532880783081,0.03187742829322815,0.9749265313148499,0.9621999263763428,4.85038948059082,4.475764751434326,939.0,0.342747300863266,,,,,,,,,,,,
5,,,14729,4.0,0.9827499985694885,0.9341254234313965,0.04445427283644676,0.9481762647628784,0.9210801720619202,5.965109348297119,4.974954128265381,537.0,0.9457012414932251,,,,,,,,,,,,
5,,,14739,4.0,0.9855499863624573,0.9099609851837158,0.033720336854457855,0.8979584574699402,0.9227945804595947,5.811202526092529,5.369659423828125,326.0,0.40782278776168823,,,,,,,,,,,,
5,,,14749,4.0,0.9902999997138977,0.9145959615707397,0.026077883318066597,0.9473936557769775,0.8865493535995483,5.321760177612305,4.965699195861816,273.0,0.32998329401016235,,,,,,,,,,,,
5,,,14759,4.0,0.9902499914169312,0.872992753982544,0.02155633457005024,0.8860604763031006,0.8608195781707764,5.04019021987915,4.741943836212158,204.0,0.27669021487236023,,,,,,,,,,,,
5,,,14769,4.0,0.98580002784729,0.9293330907821655,0.041765350848436356,0.9395321607589722,0.9196563959121704,4.070991516113281,3.7501628398895264,797.0,0.27906334400177,,,,,,,,,,,,
5,,,14779,4.0,0.9846000075340271,0.9456020593643188,0.043009378015995026,0.9408661127090454,0.950463056564331,5.981137275695801,5.344457626342773,910.0,0.5936704277992249,,,,,,,,,,,,
5,,,14789,4.0,0.9873999953269958,0.9603223204612732,0.03547900542616844,0.9577064514160156,0.9629756212234497,4.632258415222168,4.2138214111328125,873.0,0.38295793533325195,,,,,,,,,,,,
5,,,14799,4.0,0.9878000020980835,0.9595497846603394,0.028774991631507874,0.9552699327468872,0.9639296531677246,4.559415340423584,4.223650932312012,940.0,0.30698931217193604,,,,,,,,,,,,
5,,,14809,4.0,0.9886000156402588,0.9612771272659302,0.027772435918450356,0.9610141515731812,0.9615405797958374,4.408045768737793,3.8942549228668213,918.0,0.4860183596611023,,,,,,,,,,,,
5,,,14819,4.0,0.9872000217437744,0.9151406288146973,0.03333341330289841,0.9005134105682373,0.9309943914413452,6.274055004119873,5.99489688873291,433.0,0.24582503736019135,,,,,,,,,,,,
5,,,14829,4.0,0.9754499793052673,0.86719810962677,0.05213291198015213,0.8606961369514465,0.8739721775054932,6.363043785095215,5.977176189422607,384.0,0.333734393119812,,,,,,,,,,,,
5,,,14839,4.0,0.9818000197410583,0.8695884943008423,0.043220534920692444,0.8497110605239868,0.8921209573745728,6.56373405456543,6.01487922668457,277.0,0.5056341290473938,,,,,,,,,,,,
5,,,14849,4.0,0.9886500239372253,0.9515190124511719,0.027851659804582596,0.9355000257492065,0.9689762592315674,4.952877998352051,3.9113054275512695,705.0,1.013721227645874,,,,,,,,,,,,
5,,,14859,4.0,0.9874500036239624,0.9598413705825806,0.035481762140989304,0.959963321685791,0.9597193598747253,5.3775224685668945,4.0447282791137695,1009.0,1.2973122596740723,,,,,,,,,,,,
5,,,14869,4.0,0.9873999953269958,0.9572011232376099,0.03142058104276657,0.9698762893676758,0.9453279972076416,4.538909435272217,4.24201774597168,882.0,0.2654711902141571,,,,,,,,,,,,
5,,,14879,4.0,0.9923999905586243,0.9667013883590698,0.021813496947288513,0.9831498861312866,0.9514893889427185,3.9432504177093506,3.6206562519073486,875.0,0.30078086256980896,,,,,,,,,,,,
5,,,14889,4.0,0.9875500202178955,0.964126706123352,0.03194053843617439,0.9627273082733154,0.9655369520187378,5.010322093963623,4.652965068817139,937.0,0.32541653513908386,,,,,,,,,,,,
5,,,14899,4.0,0.9911999702453613,0.9530611634254456,0.02525957301259041,0.9775458574295044,0.9312233328819275,3.778251886367798,3.3621652126312256,864.0,0.39082708954811096,,,,,,,,,,,,
5,,,14909,4.0,0.9848499894142151,0.926909327507019,0.03642291575670242,0.91161048412323,0.9435720443725586,6.071300029754639,5.490602493286133,429.0,0.5442748069763184,,,,,,,,,,,,
5,,,14919,4.0,0.975600004196167,0.8781386613845825,0.054152313619852066,0.8974407911300659,0.8608572483062744,5.615213394165039,5.1155805587768555,348.0,0.4454805254936218,,,,,,,,,,,,
5,,,14929,4.0,0.982699990272522,0.7925292253494263,0.044862907379865646,0.8150504231452942,0.7731722593307495,5.929969310760498,5.595567226409912,187.0,0.2895393669605255,,,,,,,,,,,,
5,,,14939,4.0,0.9915500283241272,0.9722976088523865,0.024559445679187775,0.9675801992416382,0.9771334528923035,5.5919389724731445,4.936124324798584,936.0,0.6312552690505981,,,,,,,,,,,,
5,,,14949,4.0,0.9858999848365784,0.8252843618392944,0.033194370567798615,0.8467791080474854,0.8064213991165161,5.572723865509033,4.908628940582275,201.0,0.6309002637863159,,,,,,,,,,,,
5,,,14959,4.0,0.9945499897003174,0.980438232421875,0.014642548747360706,0.9826472997665405,0.9782532453536987,4.211910724639893,3.8501195907592773,816.0,0.34714874625205994,,,,,,,,,,,,
5,,,14969,4.0,0.9851499795913696,0.9477168321609497,0.031590744853019714,0.9642968773841858,0.932500422000885,5.302544593811035,4.915064811706543,941.0,0.3558886647224426,,,,,,,,,,,,
5,,,14979,4.0,0.9852499961853027,0.911033034324646,0.0361916683614254,0.9191315174102783,0.9032739400863647,5.624119758605957,5.296828746795654,269.0,0.2910993695259094,,,,,,,,,,,,
5,,,14989,4.0,0.9843500256538391,0.9306023120880127,0.03620336577296257,0.9307705163955688,0.9304344058036804,5.8905439376831055,4.821483612060547,595.0,1.032857060432434,,,,,,,,,,,,
5,,,14999,4.0,0.9748499989509583,0.9274994134902954,0.06918902695178986,0.9096943736076355,0.9474446773529053,7.208935260772705,5.144144535064697,1131.0,1.9956016540527344,,,,,,,,,,,,
5,,,15009,4.0,0.9847999811172485,0.9557176828384399,0.03826143592596054,0.9430582523345947,0.9693413972854614,4.9877824783325195,4.365952491760254,663.0,0.5835685133934021,,,,,,,,,,,,
5,,,15019,4.0,0.9825500249862671,0.9392141103744507,0.04432474821805954,0.9352533221244812,0.943263590335846,4.702425956726074,4.35730504989624,925.0,0.30079585313796997,,,,,,,,,,,,
5,,,15029,4.0,0.9882000088691711,0.9013321399688721,0.027882162481546402,0.8723043203353882,0.9357126951217651,5.781826019287109,5.6616597175598145,260.0,0.0922844260931015,,,,,,,,,,,,
5,,,15039,4.0,0.9897000193595886,0.9112251996994019,0.02610321342945099,0.9098969101905823,0.9125628471374512,5.1057963371276855,4.76273250579834,293.0,0.3169609606266022,,,,,,,,,,,,
5,,,15049,4.0,0.9800999760627747,0.8930310010910034,0.04386720433831215,0.8903828263282776,0.8957200646400452,5.577361106872559,5.00495719909668,496.0,0.5285365581512451,,,,,,,,,,,,
5,,,15059,4.0,0.9729499816894531,0.902968168258667,0.061725251376628876,0.9166432619094849,0.8903361558914185,5.961494445800781,4.365938186645508,899.0,1.533831238746643,,,,,,,,,,,,
5,,,15069,4.0,0.9843999743461609,0.8974543809890747,0.037825584411621094,0.9078489542007446,0.8876259326934814,6.498270034790039,5.023209095001221,368.0,1.4372353553771973,,,,,,,,,,,,
5,,,15079,4.0,0.9801999926567078,0.9212501049041748,0.043339408934116364,0.9677373170852661,0.8843933343887329,5.921313285827637,5.677324295043945,910.0,0.20064984261989594,,,,,,,,,,,,
5,,,15089,4.0,0.9850000143051147,0.9419744610786438,0.04368450492620468,0.9482619762420654,0.9358921051025391,4.8011603355407715,4.497253894805908,655.0,0.26022180914878845,,,,,,,,,,,,
5,,,15099,4.0,0.9883999824523926,0.9370351433753967,0.037816599011421204,0.9521690607070923,0.9229915738105774,6.603248119354248,5.567430019378662,332.0,0.9980016946792603,,,,,,,,,,,,
5,,,15109,4.0,0.9870499968528748,0.9553097486495972,0.03211682289838791,0.9641185998916626,0.9468961358070374,6.132140636444092,5.85230827331543,1436.0,0.24771566689014435,,,,,,,,,,,,
5,,,15119,4.0,0.9793000221252441,0.9045871496200562,0.05644473433494568,0.946282684803009,0.8709092140197754,5.911249160766602,4.630612850189209,574.0,1.224191427230835,,,,,,,,,,,,
5,,,15129,4.0,0.9787999987602234,0.9338253736495972,0.05412208288908005,0.9365255832672119,0.9311667680740356,6.1757121086120605,5.835202693939209,665.0,0.28638729453086853,,,,,,,,,,,,
5,,,15139,4.0,0.9818000197410583,0.903201162815094,0.04349585622549057,0.9164263010025024,0.890888512134552,9.361963272094727,5.662039756774902,620.0,3.6564273834228516,,,,,,,,,,,,
5,,,15149,4.0,0.9889500141143799,0.9353418350219727,0.027530403807759285,0.9515225887298584,0.9203951358795166,6.447249889373779,6.1273956298828125,320.0,0.2923239767551422,,,,,,,,,,,,
5,,,15159,4.0,0.9846000075340271,0.9290165901184082,0.03446931764483452,0.9592718482017517,0.9029840230941772,4.797608852386475,4.46502685546875,880.0,0.29811277985572815,,,,,,,,,,,,
5,,,15169,4.0,0.9863499999046326,0.8994481563568115,0.03208472952246666,0.8885656595230103,0.9110167026519775,5.594902038574219,5.205643177032471,350.0,0.35717397928237915,,,,,,,,,,,,
5,,,15179,4.0,0.9878000020980835,0.9465469717979431,0.029167044907808304,0.9604344367980957,0.9335916042327881,3.9436490535736084,3.642879009246826,931.0,0.27160319685935974,,,,,,,,,,,,
5,,,15189,4.0,0.990149974822998,0.9408487677574158,0.026033734902739525,0.9401249885559082,0.9415751695632935,5.8234381675720215,4.587685585021973,376.0,1.2097188234329224,,,,,,,,,,,,
5,,,15199,4.0,0.9792500138282776,0.8621823787689209,0.0505266971886158,0.890864372253418,0.8377741575241089,5.755425453186035,5.290398120880127,391.0,0.41450080275535583,,,,,,,,,,,,
5,,,15209,4.0,0.9815999865531921,0.8239508867263794,0.044005267322063446,0.8549953699111938,0.7982069253921509,5.193613052368164,4.8636474609375,243.0,0.2859601676464081,,,,,,,,,,,,
5,,,15219,4.0,0.9889500141143799,0.9642036557197571,0.024302341043949127,0.9663412570953369,0.962090015411377,4.32269811630249,3.878499746322632,895.0,0.41989603638648987,,,,,,,,,,,,
5,,,15229,4.0,0.9805499911308289,0.8351657390594482,0.03888767585158348,0.816848635673523,0.8559430837631226,6.269432544708252,5.526674747467041,286.0,0.7038701176643372,,,,,,,,,,,,
5,,,15239,4.0,0.9916499853134155,0.9594719409942627,0.020382406190037727,0.958480715751648,0.9604679346084595,4.483001232147217,4.218716144561768,702.0,0.24390284717082977,,,,,,,,,,,,
5,,,15249,4.0,0.9824000000953674,0.8424263000488281,0.04131210595369339,0.8707396984100342,0.8183944225311279,5.7663893699646,5.522043704986572,362.0,0.20303352177143097,,,,,,,,,,,,
5,,,15259,4.0,0.9805999994277954,0.8407794833183289,0.041008394211530685,0.8796349763870239,0.8096344470977783,5.614053249359131,5.251594066619873,219.0,0.321450799703598,,,,,,,,,,,,
5,,,15269,4.0,0.9871000051498413,0.9516401290893555,0.03416532278060913,0.9374094009399414,0.96702641248703,6.358548641204834,6.155457496643066,1057.0,0.16892598569393158,,,,,,,,,,,,
5,,,15279,4.0,0.9879500269889832,0.9534016847610474,0.02896576002240181,0.9559854865074158,0.9508522748947144,4.429026126861572,4.128812313079834,882.0,0.2712477445602417,,,,,,,,,,,,
5,,,15289,4.0,0.9811499714851379,0.8870496153831482,0.04273312911391258,0.8646770119667053,0.9127321243286133,6.460385322570801,6.155815601348877,422.0,0.26183637976646423,,,,,,,,,,,,
5,,,15299,4.0,0.9836500287055969,0.8780548572540283,0.03866901993751526,0.9030869007110596,0.8561801910400391,5.59852409362793,5.3071699142456055,518.0,0.25268498063087463,,,,,,,,,,,,
,9.91232189110701e-05,0.000991232189110701,15306,,,,,,,,,,,,,,,,,,,,,,
6,,,15309,4.0,0.9839500188827515,0.892076849937439,0.03553485870361328,0.941628098487854,0.8533014059066772,6.033010482788086,5.510289669036865,359.0,0.48718586564064026,,,,,,,,,,,,
6,,,15319,4.0,0.9798499941825867,0.9208108186721802,0.046902287751436234,0.9373995065689087,0.9056415557861328,6.616352558135986,6.1637115478515625,680.0,0.4057386517524719,,,,,,,,,,,,
6,,,15329,4.0,0.9821500182151794,0.9210931062698364,0.04124470800161362,0.9017223119735718,0.9427778720855713,6.336210250854492,5.949661731719971,509.0,0.3453041613101959,,,,,,,,,,,,
6,,,15339,4.0,0.9876999855041504,0.8913438320159912,0.03087587282061577,0.8824508190155029,0.9006926417350769,6.376269817352295,5.179309844970703,216.0,1.1660844087600708,,,,,,,,,,,,
6,,,15349,4.0,0.9678999781608582,0.9225515127182007,0.07887882739305496,0.9025944471359253,0.9455167651176453,7.523467063903809,6.963528156280518,1518.0,0.4810602366924286,,,,,,,,,,,,
6,,,15359,4.0,0.9878000020980835,0.9579347372055054,0.029463086277246475,0.9813836812973022,0.9370781183242798,4.017696380615234,3.695396661758423,887.0,0.2928367853164673,,,,,,,,,,,,
6,,,15369,4.0,0.9868000149726868,0.9483867883682251,0.02981666289269924,0.9505162239074707,0.9462810754776001,4.373237609863281,4.098236560821533,867.0,0.24518440663814545,,,,,,,,,,,,
6,,,15379,4.0,0.9877499938011169,0.9510594606399536,0.028157345950603485,0.9709120988845825,0.9330692291259766,4.82835054397583,4.452009201049805,785.0,0.3481842577457428,,,,,,,,,,,,
6,,,15389,4.0,0.9919499754905701,0.9613951444625854,0.02328178472816944,0.9592412710189819,0.963572084903717,5.786708831787109,5.5170512199401855,740.0,0.24637584388256073,,,,,,,,,,,,
6,,,15399,4.0,0.9872000217437744,0.8724435567855835,0.03904787451028824,0.8531543016433716,0.8941254019737244,4.930971622467041,4.643890380859375,261.0,0.248033344745636,,,,,,,,,,,,
6,,,15409,4.0,0.9911999702453613,0.9626761674880981,0.0240496639162302,0.97324138879776,0.9526427388191223,4.762386322021484,4.309804439544678,834.0,0.42853233218193054,,,,,,,,,,,,
6,,,15419,4.0,0.9735000133514404,0.9047378897666931,0.05963434278964996,0.9576296806335449,0.8646005988121033,8.27509593963623,4.448440074920654,996.0,3.767021656036377,,,,,,,,,,,,
6,,,15429,4.0,0.9873999953269958,0.8975341320037842,0.028930505737662315,0.8813272714614868,0.9153046607971191,5.354844093322754,5.05671501159668,252.0,0.26919835805892944,,,,,,,,,,,,
6,,,15439,4.0,0.9889500141143799,0.9550755023956299,0.03171319141983986,0.9359844923019409,0.9762469530105591,4.805924415588379,4.212418079376221,800.0,0.5617931485176086,,,,,,,,,,,,
6,,,15449,4.0,0.9834499955177307,0.8894007802009583,0.03798418119549751,0.883966326713562,0.8950073719024658,4.633447647094727,3.9517710208892822,418.0,0.6436927318572998,,,,,,,,,,,,
6,,,15459,4.0,0.98294997215271,0.8843477964401245,0.04272007569670677,0.861201286315918,0.9110274314880371,5.320930480957031,4.909623146057129,450.0,0.368587464094162,,,,,,,,,,,,
6,,,15469,4.0,0.9851499795913696,0.9298021197319031,0.039873503148555756,0.9197936058044434,0.9403743743896484,6.094483852386475,5.78385591506958,379.0,0.27075454592704773,,,,,,,,,,,,
6,,,15479,4.0,0.9903500080108643,0.9659231901168823,0.03261881321668625,0.9533896446228027,0.9793254733085632,4.366541862487793,3.7324271202087402,953.0,0.601496160030365,,,,,,,,,,,,
6,,,15489,4.0,0.9850999712944031,0.9507613778114319,0.04220699146389961,0.938498854637146,0.963902473449707,6.39418363571167,5.652170181274414,964.0,0.6998068690299988,,,,,,,,,,,,
6,,,15499,4.0,0.986050009727478,0.9002406597137451,0.032405950129032135,0.9053545594215393,0.8952654600143433,6.012168884277344,4.962514400482178,273.0,1.0172486305236816,,,,,,,,,,,,
6,,,15509,4.0,0.9800500273704529,0.9445216655731201,0.0410010851919651,0.9454143047332764,0.9436336755752563,4.900228023529053,4.411935329437256,838.0,0.44729119539260864,,,,,,,,,,,,
6,,,15519,4.0,0.9861999750137329,0.9247984886169434,0.029443077743053436,0.9286014437675476,0.9210705161094666,6.0775909423828125,5.661253452301025,369.0,0.38689443469047546,,,,,,,,,,,,
6,,,15529,4.0,0.9926000237464905,0.9564441442489624,0.01874808594584465,0.9664730429649353,0.946880578994751,4.12769889831543,3.537942886352539,684.0,0.5710082054138184,,,,,,,,,,,,
6,,,15539,4.0,0.9699000120162964,0.9334441423416138,0.06736235320568085,0.9591310024261475,0.9115136861801147,4.710433483123779,4.247029781341553,1216.0,0.3960414528846741,,,,,,,,,,,,
6,,,15549,4.0,0.9908000230789185,0.9514409303665161,0.023935334756970406,0.9459397792816162,0.9570969343185425,3.9602162837982178,3.329102039337158,882.0,0.6071789860725403,,,,,,,,,,,,
6,,,15559,4.0,0.9886500239372253,0.9482953548431396,0.03768904507160187,0.9658254981040955,0.9322103261947632,4.5553741455078125,3.9611849784851074,986.0,0.5565000772476196,,,,,,,,,,,,
6,,,15569,4.0,0.9801999926567078,0.905086874961853,0.044029124081134796,0.8983099460601807,0.9121344089508057,5.96708345413208,5.420460224151611,388.0,0.5025941133499146,,,,,,,,,,,,
6,,,15579,4.0,0.9882500171661377,0.9705504179000854,0.03223590925335884,0.9691843390464783,0.971927285194397,5.716078758239746,4.527843475341797,1192.0,1.155998945236206,,,,,,,,,,,,
6,,,15589,4.0,0.9876499772071838,0.9573307037353516,0.028452221304178238,0.9631462097167969,0.9516892433166504,4.3481011390686035,3.839367389678955,870.0,0.48028165102005005,,,,,,,,,,,,
6,,,15599,4.0,0.9826499819755554,0.9418126344680786,0.041131045669317245,0.9677477478981018,0.9191421270370483,5.859343528747559,4.841188430786133,861.0,0.9770240783691406,,,,,,,,,,,,
6,,,15609,4.0,0.9780499935150146,0.8428224325180054,0.05777077004313469,0.8398902416229248,0.8458108901977539,7.100892543792725,5.41930627822876,493.0,1.6238154172897339,,,,,,,,,,,,
6,,,15619,4.0,0.982699990272522,0.9363688230514526,0.041075002402067184,0.931238055229187,0.9416486024856567,4.391995429992676,3.8298492431640625,781.0,0.521071195602417,,,,,,,,,,,,
6,,,15629,4.0,0.9870499968528748,0.941243052482605,0.02891940250992775,0.9603543281555176,0.9238641858100891,4.224767684936523,3.860910177230835,918.0,0.3349379301071167,,,,,,,,,,,,
6,,,15639,4.0,0.9804499745368958,0.9209644794464111,0.04280220717191696,0.9274278879165649,0.9147269129753113,6.0092034339904785,5.400310516357422,766.0,0.5660906434059143,,,,,,,,,,,,
6,,,15649,4.0,0.9836500287055969,0.8514862060546875,0.03546556457877159,0.8579356670379639,0.8452814817428589,6.127328872680664,5.9722442626953125,257.0,0.11961881816387177,,,,,,,,,,,,
6,,,15659,4.0,0.9787999987602234,0.8909990787506104,0.0515582337975502,0.9056713581085205,0.8774808645248413,6.146637916564941,5.48068380355835,521.0,0.6143961548805237,,,,,,,,,,,,
6,,,15669,4.0,0.9767500162124634,0.9404025077819824,0.06675608456134796,0.9420861005783081,0.9387359619140625,5.243082046508789,4.4784722328186035,862.0,0.697853684425354,,,,,,,,,,,,
6,,,15679,4.0,0.9811000227928162,0.9093238115310669,0.04059135913848877,0.9677937626838684,0.8652797341346741,6.643617153167725,5.852976322174072,404.0,0.7500494718551636,,,,,,,,,,,,
6,,,15689,4.0,0.988099992275238,0.9485732316970825,0.031533028930425644,0.9485732316970825,0.9485732316970825,4.623716831207275,4.147644519805908,776.0,0.444538950920105,,,,,,,,,,,,
6,,,15699,4.0,0.9817500114440918,0.8992077112197876,0.04680182412266731,0.9192272424697876,0.8812172412872314,7.507988452911377,5.784082889556885,375.0,1.6771034002304077,,,,,,,,,,,,
6,,,15709,4.0,0.9766499996185303,0.8777420520782471,0.055100519210100174,0.8955442905426025,0.8616632223129272,5.998408794403076,5.408371925354004,372.0,0.5349364280700684,,,,,,,,,,,,
6,,,15719,4.0,0.9908999800682068,0.9248515963554382,0.02615039050579071,0.9183810353279114,0.9315412044525146,5.935386657714844,5.274906158447266,233.0,0.6343303322792053,,,,,,,,,,,,
6,,,15729,4.0,0.9871000051498413,0.9383203983306885,0.037515413016080856,0.9455356597900391,0.9313665628433228,6.232985496520996,5.855366230010986,533.0,0.34010377526283264,,,,,,,,,,,,
6,,,15739,4.0,0.9821000099182129,0.8976027965545654,0.04228798672556877,0.8691110610961914,0.9315401315689087,5.762685298919678,5.220071792602539,436.0,0.500325620174408,,,,,,,,,,,,
6,,,15749,4.0,0.9925000071525574,0.9663878679275513,0.023271000012755394,0.959506094455719,0.9735112190246582,3.8918938636779785,3.644862174987793,1008.0,0.22376058995723724,,,,,,,,,,,,
6,,,15759,4.0,0.9779999852180481,0.9442636966705322,0.05380319803953171,0.947982907295227,0.9406265616416931,5.212799549102783,4.4628190994262695,808.0,0.6961773633956909,,,,,,,,,,,,
6,,,15769,4.0,0.9921000003814697,0.9656773805618286,0.02123577520251274,0.963207483291626,0.9681780338287354,5.928800106048584,4.504122734069824,969.0,1.4034414291381836,,,,,,,,,,,,
6,,,15779,4.0,0.989300012588501,0.9173815250396729,0.02724905125796795,0.9045907258987427,0.9310805797576904,4.913049221038818,4.651642322540283,260.0,0.2341582179069519,,,,,,,,,,,,
6,,,15789,4.0,0.9902999997138977,0.911815345287323,0.026069391518831253,0.8873422741889954,0.9398481845855713,5.654850006103516,5.481089115142822,199.0,0.14769166707992554,,,,,,,,,,,,
6,,,15799,4.0,0.9793999791145325,0.887410044670105,0.04324046149849892,0.8529979586601257,0.9304494857788086,6.222783088684082,5.409776210784912,388.0,0.7697664499282837,,,,,,,,,,,,
6,,,15809,4.0,0.9843500256538391,0.9041244387626648,0.04591308534145355,0.877865195274353,0.9348061680793762,5.11686897277832,4.394167900085449,323.0,0.6767880916595459,,,,,,,,,,,,
6,,,15819,4.0,0.98785001039505,0.8384937047958374,0.029000572860240936,0.937264084815979,0.7772611379623413,5.491374492645264,4.933873653411865,291.0,0.5285001993179321,,,,,,,,,,,,
6,,,15829,4.0,0.9905999898910522,0.9450844526290894,0.023613104596734047,0.947465717792511,0.9427310824394226,3.915186882019043,3.7135252952575684,501.0,0.17804831266403198,,,,,,,,,,,,
6,,,15839,4.0,0.9870499968528748,0.9559493660926819,0.0374920591711998,0.9491678476333618,0.9629858732223511,5.922837257385254,5.194806098937988,1127.0,0.6905386447906494,,,,,,,,,,,,
6,,,15849,4.0,0.9894499778747559,0.9561467170715332,0.027752572670578957,0.9540103673934937,0.958306610584259,5.598394870758057,5.378237247467041,1063.0,0.19240528345108032,,,,,,,,,,,,
6,,,15859,4.0,0.9909999966621399,0.9711626768112183,0.027354199439287186,0.9772688150405884,0.96524578332901,4.76950216293335,4.535224914550781,911.0,0.20692306756973267,,,,,,,,,,,,
6,,,15869,4.0,0.9862499833106995,0.8875826597213745,0.041230782866477966,0.9356958866119385,0.8496412038803101,6.364633560180664,5.833332061767578,475.0,0.4900708794593811,,,,,,,,,,,,
6,,,15879,4.0,0.9798499941825867,0.8160232305526733,0.04507097974419594,0.8594501614570618,0.7825320959091187,5.357048511505127,4.743576526641846,293.0,0.5684009790420532,,,,,,,,,,,,
6,,,15889,4.0,0.986299991607666,0.9214656949043274,0.03898311033844948,0.9408485293388367,0.9038865566253662,4.563185214996338,4.177504539489746,604.0,0.34669747948646545,,,,,,,,,,,,
6,,,15899,4.0,0.9742500185966492,0.9405609369277954,0.06901581585407257,0.9392647743225098,0.9418679475784302,6.396251678466797,6.017941474914551,1437.0,0.30929428339004517,,,,,,,,,,,,
6,,,15909,4.0,0.9861500263214111,0.8359744548797607,0.04261496663093567,0.8549343347549438,0.8190361261367798,5.688351154327393,5.366522789001465,224.0,0.2792133092880249,,,,,,,,,,,,
6,,,15919,4.0,0.9906499981880188,0.9759847521781921,0.022441470995545387,0.9711778163909912,0.9809240102767944,4.195117950439453,3.6692168712615967,1000.0,0.5034599304199219,,,,,,,,,,,,
6,,,15929,4.0,0.9836000204086304,0.9301830530166626,0.039279405027627945,0.9373683333396912,0.923267126083374,5.476856231689453,4.508091449737549,844.0,0.9294852018356323,,,,,,,,,,,,
6,,,15939,4.0,0.9779999852180481,0.8413046598434448,0.05081946775317192,0.8627990484237671,0.8224241733551025,5.72610330581665,5.030502796173096,249.0,0.6447811722755432,,,,,,,,,,,,
6,,,15949,4.0,0.9811499714851379,0.8495699763298035,0.04464904963970184,0.8721847534179688,0.8297437429428101,6.331004619598389,5.969873428344727,356.0,0.31648188829421997,,,,,,,,,,,,
6,,,15959,4.0,0.9901999831199646,0.9565602540969849,0.025021277368068695,0.9464940428733826,0.9671655297279358,4.07732629776001,3.7793731689453125,772.0,0.2729319930076599,,,,,,,,,,,,
6,,,15969,4.0,0.9846500158309937,0.8805302381515503,0.039333634078502655,0.9264702796936035,0.8441293239593506,6.285780906677246,5.679047584533691,425.0,0.5673995018005371,,,,,,,,,,,,
6,,,15979,4.0,0.9865999817848206,0.8773360848426819,0.030389437451958656,0.9070209860801697,0.8519330024719238,5.864419937133789,5.0590972900390625,247.0,0.7749335765838623,,,,,,,,,,,,
6,,,15989,4.0,0.9876999855041504,0.950740396976471,0.030712902545928955,0.9529420137405396,0.9485637545585632,4.188364028930664,3.8731489181518555,885.0,0.2845023274421692,,,,,,,,,,,,
6,,,15999,4.0,0.9839500188827515,0.897411048412323,0.038760099560022354,0.903339684009552,0.8916715979576111,5.258156776428223,4.824284553527832,318.0,0.39511188864707947,,,,,,,,,,,,
6,,,16009,4.0,0.9850500226020813,0.8785159587860107,0.035850536078214645,0.910919725894928,0.8511745929718018,6.096358776092529,5.8313984870910645,323.0,0.22910967469215393,,,,,,,,,,,,
6,,,16019,4.0,0.9865000247955322,0.9270081520080566,0.03187832608819008,0.9430826902389526,0.9121869206428528,5.437858581542969,4.589425563812256,547.0,0.8165546655654907,,,,,,,,,,,,
6,,,16029,4.0,0.9804999828338623,0.9126085638999939,0.05077352002263069,0.9165636301040649,0.9087395071983337,6.391727447509766,5.22723388671875,629.0,1.1137197017669678,,,,,,,,,,,,
6,,,16039,4.0,0.9894000291824341,0.9047762155532837,0.024782365188002586,0.8883808255195618,0.9227275848388672,4.816786766052246,4.512739181518555,204.0,0.27926549315452576,,,,,,,,,,,,
6,,,16049,4.0,0.9751999974250793,0.8393114805221558,0.06462246179580688,0.9074349999427795,0.7922308444976807,7.247125625610352,6.2248406410217285,694.0,0.9576625227928162,,,,,,,,,,,,
6,,,16059,4.0,0.9907500147819519,0.9571012258529663,0.02681806869804859,0.9470356702804565,0.9677008390426636,5.576998710632324,3.6961073875427246,1048.0,1.8540735244750977,,,,,,,,,,,,
6,,,16069,4.0,0.9894999861717224,0.9710899591445923,0.026638297364115715,0.9767662286758423,0.9655853509902954,4.897012710571289,4.707808971405029,1014.0,0.16256503760814667,,,,,,,,,,,,
6,,,16079,4.0,0.9842000007629395,0.9620051383972168,0.0446515828371048,0.9675284028053284,0.9566570520401001,6.336302280426025,5.0552449226379395,963.0,1.2364057302474976,,,,,,,,,,,,
6,,,16089,4.0,0.9837499856948853,0.9278854727745056,0.0499604232609272,0.9324536919593811,0.9234274625778198,5.6464619636535645,5.236708641052246,450.0,0.3597925007343292,,,,,,,,,,,,
6,,,16099,4.0,0.9848999977111816,0.912712574005127,0.03809813782572746,0.9080002903938293,0.9175479412078857,6.34051513671875,6.063261985778809,361.0,0.2391546219587326,,,,,,,,,,,,
6,,,16109,4.0,0.9867500066757202,0.9279730319976807,0.0309767983853817,0.9136147499084473,0.9435003995895386,5.569097995758057,5.257598876953125,502.0,0.28052234649658203,,,,,,,,,,,,
6,,,16119,4.0,0.9865999817848206,0.9599171280860901,0.029689118266105652,0.9587980508804321,0.9610430002212524,4.055908203125,3.7368321418762207,901.0,0.2893871068954468,,,,,,,,,,,,
6,,,16129,4.0,0.9886000156402588,0.9098976850509644,0.030801791697740555,0.8993022441864014,0.9211199283599854,5.081600189208984,4.644674301147461,245.0,0.4061240553855896,,,,,,,,,,,,
6,,,16139,4.0,0.9870499968528748,0.899501621723175,0.028909457847476006,0.9009541273117065,0.8980604410171509,5.160243034362793,4.642064094543457,355.0,0.489269495010376,,,,,,,,,,,,
6,,,16149,4.0,0.9896000027656555,0.9343339800834656,0.028186770156025887,0.926444411277771,0.942552387714386,5.1518473625183105,4.628550052642822,266.0,0.49511072039604187,,,,,,,,,,,,
6,,,16159,4.0,0.9814500212669373,0.8977552652359009,0.04109968617558479,0.8967663049697876,0.898749828338623,6.433187484741211,6.163444519042969,498.0,0.22864317893981934,,,,,,,,,,,,
6,,,16169,4.0,0.9836500287055969,0.8895111083984375,0.038731206208467484,0.8669916987419128,0.9153094291687012,6.212297439575195,5.770547866821289,294.0,0.4030183255672455,,,,,,,,,,,,
6,,,16179,4.0,0.9856500029563904,0.8821353912353516,0.03319729119539261,0.8537387847900391,0.9159616231918335,5.7574920654296875,5.439177989959717,331.0,0.2851164937019348,,,,,,,,,,,,
6,,,16189,4.0,0.9884499907493591,0.9665955305099487,0.026792066171765327,0.9715739488601685,0.9617487192153931,4.180266380310059,3.5777933597564697,881.0,0.5756810903549194,,,,,,,,,,,,
6,,,16199,4.0,0.9886000156402588,0.9046767950057983,0.02699696086347103,0.9117938280105591,0.8978192210197449,5.240334987640381,4.597998142242432,216.0,0.6153395771980286,,,,,,,,,,,,
6,,,16209,4.0,0.9807500243186951,0.9258056282997131,0.04842033237218857,0.899278998374939,0.9569525122642517,5.457241058349609,5.000473499298096,711.0,0.40834710001945496,,,,,,,,,,,,
6,,,16219,4.0,0.9865999817848206,0.9433340430259705,0.03489670529961586,0.9453100562095642,0.9413783550262451,12.052494049072266,5.581523895263672,600.0,6.436073303222656,,,,,,,,,,,,
6,,,16229,4.0,0.9864500164985657,0.9555535316467285,0.032794177532196045,0.9534475803375244,0.9576836824417114,4.524471759796143,4.175173759460449,895.0,0.3165038526058197,,,,,,,,,,,,
6,,,16239,4.0,0.9797499775886536,0.8131780028343201,0.045163169503211975,0.7979292273521423,0.8302170038223267,4.99530553817749,4.683131217956543,182.0,0.26701095700263977,,,,,,,,,,,,
6,,,16249,4.0,0.9884999990463257,0.9093750715255737,0.029130639508366585,0.9173779487609863,0.9016965627670288,5.37795877456665,4.631802082061768,341.0,0.7170261144638062,,,,,,,,,,,,
6,,,16259,4.0,0.9908000230789185,0.9409524202346802,0.025033768266439438,0.951082706451416,0.9313088655471802,5.5485711097717285,5.003688335418701,369.0,0.5198487639427185,,,,,,,,,,,,
6,,,16269,4.0,0.9820500016212463,0.9242329597473145,0.06202833727002144,0.9721676111221313,0.8863171935081482,4.953495502471924,4.510142803192139,847.0,0.38132444024086,,,,,,,,,,,,
6,,,16279,4.0,0.9863499999046326,0.9120281934738159,0.03340976685285568,0.9356365203857422,0.8910661935806274,4.99725341796875,4.722296714782715,495.0,0.24154718220233917,,,,,,,,,,,,
6,,,16289,4.0,0.9837499856948853,0.8912715911865234,0.03897293284535408,0.9035086631774902,0.879822313785553,8.009514808654785,5.166689395904541,256.0,2.8038527965545654,,,,,,,,,,,,
6,,,16299,4.0,0.977649986743927,0.9354808330535889,0.051341064274311066,0.9327588081359863,0.9382472634315491,6.1080522537231445,5.844664096832275,1016.0,0.2120470553636551,,,,,,,,,,,,
6,,,16309,4.0,0.9839000105857849,0.8541319966316223,0.04249820113182068,0.8964542150497437,0.8204603791236877,6.068516731262207,5.887848854064941,232.0,0.13816972076892853,,,,,,,,,,,,
6,,,16319,4.0,0.9879999756813049,0.8929247260093689,0.028785686939954758,0.8870729804039001,0.8989694714546204,5.1994476318359375,4.830084323883057,214.0,0.34057775139808655,,,,,,,,,,,,
6,,,16329,4.0,0.9877499938011169,0.8717329502105713,0.026287952437996864,0.9163734912872314,0.8361642360687256,5.732646942138672,4.969563007354736,222.0,0.7367959022521973,,,,,,,,,,,,
6,,,16339,4.0,0.9891999959945679,0.9227156639099121,0.024471543729305267,0.9045329093933105,0.9427773952484131,5.660782337188721,4.966737270355225,286.0,0.6695732474327087,,,,,,,,,,,,
6,,,16349,4.0,0.9797499775886536,0.9286196827888489,0.044289011508226395,0.9352636933326721,0.9222167730331421,5.247894287109375,4.671602249145508,846.0,0.5320031642913818,,,,,,,,,,,,
6,,,16359,4.0,0.9857500195503235,0.9594306349754333,0.03453103080391884,0.9595360159873962,0.9593253135681152,4.563643455505371,3.757991313934326,828.0,0.7711210250854492,,,,,,,,,,,,
6,,,16369,4.0,0.9817500114440918,0.9121798276901245,0.04092991352081299,0.918466329574585,0.9061054587364197,5.123476505279541,4.8494648933410645,491.0,0.23308159410953522,,,,,,,,,,,,
6,,,16379,4.0,0.9919499754905701,0.9153730869293213,0.020679572597146034,0.9386935234069824,0.8945288062095642,4.8027663230896,4.537868022918701,199.0,0.24421894550323486,,,,,,,,,,,,
6,,,16389,4.0,0.9904500246047974,0.9739288091659546,0.02316625602543354,0.9852902889251709,0.9632323980331421,4.371182918548584,3.924720287322998,894.0,0.42329639196395874,,,,,,,,,,,,
6,,,16399,4.0,0.989799976348877,0.9675076007843018,0.025333257392048836,0.964327335357666,0.9707422256469727,4.425674915313721,3.9911081790924072,852.0,0.40923362970352173,,,,,,,,,,,,
6,,,16409,4.0,0.9886500239372253,0.9574098587036133,0.039161566644907,0.9566762447357178,0.9581462144851685,5.971811771392822,4.899285793304443,542.0,1.0333644151687622,,,,,,,,,,,,
6,,,16419,4.0,0.9752500057220459,0.9192568063735962,0.060728028416633606,0.9422385692596436,0.8990300893783569,4.8891825675964355,4.498584747314453,980.0,0.32986992597579956,,,,,,,,,,,,
6,,,16429,4.0,0.9870499968528748,0.8607968091964722,0.030188757926225662,0.8927057981491089,0.8339307308197021,5.470569610595703,5.260447025299072,305.0,0.17993392050266266,,,,,,,,,,,,
6,,,16439,4.0,0.9839000105857849,0.939643919467926,0.0435994490981102,0.9216610193252563,0.959574282169342,5.7542924880981445,4.984049320220947,595.0,0.7266437411308289,,,,,,,,,,,,
6,,,16449,4.0,0.9855499863624573,0.8952751159667969,0.04311954230070114,0.9377433061599731,0.8608702421188354,5.226143836975098,4.697386264801025,310.0,0.4856383502483368,,,,,,,,,,,,
6,,,16459,4.0,0.9909999966621399,0.9530758857727051,0.021811626851558685,0.9497064352035522,0.9565026164054871,5.23902702331543,4.318181991577148,592.0,0.8990336656570435,,,,,,,,,,,,
6,,,16469,4.0,0.9885500073432922,0.9577131271362305,0.027567895129323006,0.9378713369369507,0.979846715927124,4.234160423278809,3.8962197303771973,698.0,0.31037306785583496,,,,,,,,,,,,
6,,,16479,4.0,0.9827499985694885,0.9391582012176514,0.04258311167359352,0.9325929880142212,0.9459702372550964,5.528865337371826,5.010613918304443,681.0,0.47566840052604675,,,,,,,,,,,,
6,,,16489,4.0,0.9832000136375427,0.9442362785339355,0.039605528116226196,0.9572596549987793,0.9320883750915527,4.847702980041504,4.496362209320068,1030.0,0.3117353916168213,,,,,,,,,,,,
6,,,16499,4.0,0.9850000143051147,0.960930585861206,0.04201701655983925,0.9553673267364502,0.9666776061058044,5.089504718780518,4.441450595855713,962.0,0.6060373187065125,,,,,,,,,,,,
6,,,16509,4.0,0.9922000169754028,0.9621250629425049,0.02080376259982586,0.9809510707855225,0.9448926448822021,4.054996013641357,3.671231269836426,878.0,0.3629611134529114,,,,,,,,,,,,
6,,,16519,4.0,0.9896500110626221,0.8039194941520691,0.02563999406993389,0.8137655854225159,0.7946932315826416,5.05797004699707,4.709779262542725,161.0,0.3225506544113159,,,,,,,,,,,,
6,,,16529,4.0,0.9833499789237976,0.8256615400314331,0.039293862879276276,0.8952610492706299,0.7778623104095459,6.377283096313477,5.671186447143555,212.0,0.6668028831481934,,,,,,,,,,,,
6,,,16539,4.0,0.9850999712944031,0.8253204226493835,0.03537668287754059,0.843066930770874,0.8094121813774109,5.622324466705322,5.129868507385254,163.0,0.45707961916923523,,,,,,,,,,,,
6,,,16549,4.0,0.9804999828338623,0.9443435668945312,0.048646967858076096,0.9695539474487305,0.9223451614379883,4.378603458404541,3.918194055557251,887.0,0.4117625057697296,,,,,,,,,,,,
6,,,16559,4.0,0.9894000291824341,0.959347128868103,0.02993566356599331,0.9510467052459717,0.968018651008606,5.437918663024902,5.038408279418945,1069.0,0.3695743680000305,,,,,,,,,,,,
6,,,16569,4.0,0.978950023651123,0.9364595413208008,0.04743507504463196,0.9605351686477661,0.9153342247009277,5.491304874420166,4.641304016113281,899.0,0.8025657534599304,,,,,,,,,,,,
6,,,16579,4.0,0.9834499955177307,0.9345141053199768,0.050857365131378174,0.9141628742218018,0.9573990106582642,6.407991409301758,4.824283599853516,597.0,1.5328501462936401,,,,,,,,,,,,
6,,,16589,4.0,0.9828000068664551,0.9488248825073242,0.03889980539679527,0.9451637268066406,0.9525633454322815,5.172765731811523,4.63325834274292,866.0,0.5006076693534851,,,,,,,,,,,,
6,,,16599,4.0,0.9839000105857849,0.9433327913284302,0.038528162986040115,0.9514291286468506,0.9355794191360474,5.568995952606201,5.285694122314453,584.0,0.24477365612983704,,,,,,,,,,,,
6,,,16609,4.0,0.9831500053405762,0.9489610195159912,0.041365597397089005,0.949741780757904,0.948183536529541,4.982527732849121,4.525941848754883,770.0,0.4152200222015381,,,,,,,,,,,,
6,,,16619,4.0,0.9918500185012817,0.9601321220397949,0.02553435228765011,0.9736145734786987,0.947489857673645,3.950617551803589,3.5499556064605713,957.0,0.37512755393981934,,,,,,,,,,,,
6,,,16629,4.0,0.9851999878883362,0.8436307311058044,0.05206836387515068,0.8436307311058044,0.8436307311058044,5.36415433883667,4.834578514099121,184.0,0.47750750184059143,,,,,,,,,,,,
6,,,16639,4.0,0.9868999719619751,0.8804951906204224,0.031517550349235535,0.8654412627220154,0.8969434499740601,6.365626811981201,5.14872932434082,195.0,1.1853798627853394,,,,,,,,,,,,
6,,,16649,4.0,0.9818999767303467,0.9533700942993164,0.04675983265042305,0.9467417001724243,0.9602674841880798,5.478485107421875,5.186652660369873,1015.0,0.24507300555706024,,,,,,,,,,,,
6,,,16659,4.0,0.986050009727478,0.9299222230911255,0.03696296364068985,0.9475160837173462,0.913823127746582,6.456205368041992,4.66025972366333,883.0,1.758982539176941,,,,,,,,,,,,
6,,,16669,4.0,0.9850000143051147,0.8829993009567261,0.03563234955072403,0.8785920143127441,0.8875192999839783,7.108175277709961,6.911004066467285,439.0,0.1615389734506607,,,,,,,,,,,,
6,,,16679,4.0,0.9884499907493591,0.968065619468689,0.0291692316532135,0.9665212631225586,0.9696232080459595,4.397220611572266,4.050959587097168,702.0,0.31709206104278564,,,,,,,,,,,,
6,,,16689,4.0,0.9739000201225281,0.8917059898376465,0.05811421945691109,0.8755465745925903,0.9096096754074097,5.741569519042969,5.213143348693848,500.0,0.470312237739563,,,,,,,,,,,,
6,,,16699,4.0,0.9872000217437744,0.9027077555656433,0.0316489078104496,0.8863486051559448,0.9206483364105225,5.316231727600098,4.9097514152526855,367.0,0.37483111023902893,,,,,,,,,,,,
6,,,16709,4.0,0.9848499894142151,0.8863739371299744,0.03484823927283287,0.8766655921936035,0.896643877029419,5.222463607788086,4.855915069580078,281.0,0.3317003548145294,,,,,,,,,,,,
6,,,16719,4.0,0.9837999939918518,0.8756307363510132,0.03571026772260666,0.882207989692688,0.8692946434020996,5.591608047485352,5.107327461242676,264.0,0.44857004284858704,,,,,,,,,,,,
6,,,16729,4.0,0.9860000014305115,0.9379916191101074,0.031710390001535416,0.932275652885437,0.9438854455947876,6.728899955749512,4.444754123687744,729.0,2.2524352073669434,,,,,,,,,,,,
6,,,16739,4.0,0.9857500195503235,0.9597075581550598,0.03428466618061066,0.966631293296814,0.9530419707298279,4.390635967254639,4.201617240905762,933.0,0.15473395586013794,,,,,,,,,,,,
6,,,16749,4.0,0.981249988079071,0.87814861536026,0.04149692505598068,0.9000308513641357,0.858748733997345,6.005450248718262,5.72523832321167,350.0,0.23871499300003052,,,,,,,,,,,,
6,,,16759,4.0,0.9894999861717224,0.9652055501937866,0.02551613561809063,0.9588724374771118,0.971757173538208,4.53644323348999,4.017160415649414,841.0,0.4937666654586792,,,,,,,,,,,,
6,,,16769,4.0,0.9843000173568726,0.926493227481842,0.038516417145729065,0.9154963493347168,0.9381818175315857,5.329839706420898,4.739114761352539,595.0,0.5522081851959229,,,,,,,,,,,,
6,,,16779,4.0,0.986050009727478,0.9668370485305786,0.03173935413360596,0.9594826698303223,0.9745247960090637,4.469819068908691,4.030827522277832,942.0,0.4072524607181549,,,,,,,,,,,,
6,,,16789,4.0,0.9858499765396118,0.8941695690155029,0.038931865245103836,0.9040342569351196,0.8848140835762024,6.0147624015808105,5.679345607757568,433.0,0.2964850962162018,,,,,,,,,,,,
6,,,16799,4.0,0.9929500222206116,0.9489058256149292,0.017581116408109665,0.956597626209259,0.9414896965026855,6.926040172576904,5.290009498596191,595.0,1.6184495687484741,,,,,,,,,,,,
6,,,16809,4.0,0.9896000027656555,0.8929159641265869,0.031312815845012665,0.9445806741714478,0.8525232076644897,5.219655990600586,4.780173301696777,352.0,0.40816962718963623,,,,,,,,,,,,
6,,,16819,4.0,0.972350001335144,0.8479008674621582,0.061828698962926865,0.8477278351783752,0.8480740785598755,7.4233832359313965,6.889335632324219,320.0,0.47221896052360535,,,,,,,,,,,,
6,,,16829,4.0,0.9911999702453613,0.8794786930084229,0.02207730896770954,0.8929719924926758,0.8669193983078003,4.986329555511475,4.50714635848999,196.0,0.45710626244544983,,,,,,,,,,,,
6,,,16839,4.0,0.9867500066757202,0.9659266471862793,0.033110663294792175,0.9675262570381165,0.9643415212631226,5.785232067108154,5.230066776275635,983.0,0.5220547914505005,,,,,,,,,,,,
6,,,16849,4.0,0.9898499846458435,0.9533865451812744,0.023014284670352936,0.9428123831748962,0.9645580053329468,5.593022346496582,4.742692470550537,955.0,0.8273156881332397,,,,,,,,,,,,
6,,,16859,4.0,0.9802500009536743,0.8070129752159119,0.0570254884660244,0.8254684805870056,0.7906696200370789,5.715513706207275,5.288269519805908,172.0,0.37021857500076294,,,,,,,,,,,,
6,,,16869,4.0,0.9800500273704529,0.8227325677871704,0.0456649512052536,0.8213878870010376,0.8240894079208374,5.558479309082031,5.108212471008301,266.0,0.4046022295951843,,,,,,,,,,,,
6,,,16879,4.0,0.9872000217437744,0.9290591478347778,0.03162220120429993,0.9648170471191406,0.8989231586456299,5.018333911895752,4.722496509552002,581.0,0.26421505212783813,,,,,,,,,,,,
6,,,16889,4.0,0.9884499907493591,0.8993914127349854,0.02746998518705368,0.8810338973999023,0.9197577238082886,4.420251369476318,3.696507215499878,169.0,0.6962741017341614,,,,,,,,,,,,
6,,,16899,4.0,0.9877499938011169,0.9211443662643433,0.03147968277335167,0.9269618988037109,0.9154984354972839,4.751341819763184,4.458420753479004,492.0,0.2614411413669586,,,,,,,,,,,,
6,,,16909,4.0,0.9879500269889832,0.9556370973587036,0.0318366140127182,0.9589585065841675,0.9523725509643555,4.904881477355957,4.556817054748535,881.0,0.31622791290283203,,,,,,,,,,,,
6,,,16919,4.0,0.9871500134468079,0.959566593170166,0.03699847310781479,0.9540371894836426,0.9652665853500366,4.58641242980957,3.8027496337890625,933.0,0.74666428565979,,,,,,,,,,,,
6,,,16929,4.0,0.9884999990463257,0.7784554958343506,0.026269415393471718,0.8086689710617065,0.7537977695465088,5.3654022216796875,5.128444671630859,166.0,0.2106882482767105,,,,,,,,,,,,
6,,,16939,4.0,0.982450008392334,0.9539018869400024,0.04126643016934395,0.944503903388977,0.9638446569442749,4.151341915130615,3.811527967453003,853.0,0.2985474765300751,,,,,,,,,,,,
6,,,16949,4.0,0.9905499815940857,0.9619827270507812,0.022370824590325356,0.9583117961883545,0.9657233357429504,4.300006866455078,3.6262872219085693,1026.0,0.6513487696647644,,,,,,,,,,,,
6,,,16959,4.0,0.9927499890327454,0.9480158090591431,0.0224327240139246,0.9483140110969543,0.9477180242538452,4.697516918182373,4.255505561828613,309.0,0.4195787012577057,,,,,,,,,,,,
6,,,16969,4.0,0.98089998960495,0.8955050706863403,0.04208781197667122,0.9055651426315308,0.8859903812408447,5.063575267791748,4.672671794891357,490.0,0.34881556034088135,,,,,,,,,,,,
6,,,16979,4.0,0.9886999726295471,0.9727764129638672,0.028641171753406525,0.9732998609542847,0.9722545146942139,4.5362749099731445,4.028797626495361,1075.0,0.47883594036102295,,,,,,,,,,,,
6,,,16989,4.0,0.9794999957084656,0.9363378286361694,0.045339830219745636,0.9236546754837036,0.9500190019607544,4.863417148590088,4.551633834838867,802.0,0.26644325256347656,,,,,,,,,,,,
6,,,16999,4.0,0.9922999739646912,0.9448991417884827,0.02061588503420353,0.9627717137336731,0.9284611940383911,4.994402885437012,4.347618103027344,357.0,0.6261688470840454,,,,,,,,,,,,
6,,,17009,4.0,0.9930499792098999,0.9207421541213989,0.024987662211060524,0.9518576860427856,0.8938182592391968,5.084253311157227,4.779148578643799,220.0,0.280117005109787,,,,,,,,,,,,
6,,,17019,4.0,0.98785001039505,0.8877111673355103,0.029073625802993774,0.8718570470809937,0.9050848484039307,5.270687580108643,4.954211711883545,304.0,0.28740230202674866,,,,,,,,,,,,
6,,,17029,4.0,0.9891999959945679,0.9563230872154236,0.02785416878759861,0.9547285437583923,0.9579308032989502,5.222455978393555,4.889606952667236,556.0,0.30499497056007385,,,,,,,,,,,,
6,,,17039,4.0,0.9829000234603882,0.8771438598632812,0.0402458980679512,0.9095883369445801,0.8498390913009644,6.605052947998047,5.948537349700928,389.0,0.616269588470459,,,,,,,,,,,,
6,,,17049,4.0,0.986549973487854,0.950169563293457,0.031272947788238525,0.9620763063430786,0.938970685005188,4.9002838134765625,4.439178466796875,863.0,0.42983224987983704,,,,,,,,,,,,
6,,,17059,4.0,0.9905499815940857,0.9710596799850464,0.025276614353060722,0.9747657179832458,0.9674251079559326,3.984095573425293,3.7028331756591797,957.0,0.2559857964515686,,,,,,,,,,,,
6,,,17069,4.0,0.9790499806404114,0.9215376973152161,0.046272631734609604,0.941681981086731,0.9034647345542908,4.838119029998779,4.2803120613098145,861.0,0.5115340352058411,,,,,,,,,,,,
6,,,17079,4.0,0.9841499924659729,0.9521087408065796,0.038015492260456085,0.9540183544158936,0.9502191543579102,4.9253339767456055,4.203700542449951,858.0,0.6836181282997131,,,,,,,,,,,,
6,,,17089,4.0,0.9891499876976013,0.9550948143005371,0.027181478217244148,0.9562463760375977,0.953950047492981,4.424217700958252,4.022363662719727,739.0,0.37467247247695923,,,,,,,,,,,,
6,,,17099,4.0,0.9891999959945679,0.7732006907463074,0.026773931458592415,0.9134509563446045,0.7052217125892639,5.934750080108643,5.613067626953125,181.0,0.2949086129665375,,,,,,,,,,,,
6,,,17109,4.0,0.9866499900817871,0.8791506290435791,0.02850964665412903,0.9264696836471558,0.841820478439331,6.62786340713501,6.03645133972168,292.0,0.5629023313522339,,,,,,,,,,,,
6,,,17119,4.0,0.9905499815940857,0.9505674839019775,0.02652508020401001,0.954635739326477,0.946580171585083,8.630379676818848,5.613385200500488,491.0,2.9904696941375732,,,,,,,,,,,,
6,,,17129,4.0,0.9848999977111816,0.9479053020477295,0.03578949719667435,0.9489499926567078,0.946866512298584,4.740060329437256,4.245298862457275,826.0,0.45897191762924194,,,,,,,,,,,,
6,,,17139,4.0,0.9861000180244446,0.9340991973876953,0.037572912871837616,0.9442346096038818,0.9244776964187622,4.012948513031006,3.6614973545074463,872.0,0.31387820839881897,,,,,,,,,,,,
6,,,17149,4.0,0.9919000267982483,0.9069176912307739,0.023581933230161667,0.933667778968811,0.8834209442138672,4.352304935455322,4.082186222076416,299.0,0.24653658270835876,,,,,,,,,,,,
6,,,17159,4.0,0.9929500222206116,0.9299429655075073,0.017041433602571487,0.9231700897216797,0.9369499087333679,4.7799248695373535,4.099405765533447,264.0,0.6634777784347534,,,,,,,,,,,,
6,,,17169,4.0,0.9868000149726868,0.8971890807151794,0.030909836292266846,0.9340454339981079,0.8665017485618591,5.940299987792969,5.111749649047852,316.0,0.7976404428482056,,,,,,,,,,,,
6,,,17179,4.0,0.9843999743461609,0.9317553043365479,0.036509331315755844,0.9122666120529175,0.9535233378410339,4.260075092315674,3.8405048847198486,808.0,0.38306084275245667,,,,,,,,,,,,
6,,,17189,4.0,0.98294997215271,0.9405375123023987,0.03793705627322197,0.9214880466461182,0.9618228673934937,5.758975982666016,5.128598213195801,519.0,0.5924404859542847,,,,,,,,,,,,
6,,,17199,4.0,0.9941499829292297,0.9475803971290588,0.013921312056481838,0.9564586281776428,0.9390625953674316,4.343634128570557,4.246309757232666,299.0,0.08340306580066681,,,,,,,,,,,,
6,,,17209,4.0,0.9852499961853027,0.958706259727478,0.03735906258225441,0.9397107362747192,0.9799750447273254,5.202241897583008,4.254377841949463,704.0,0.9105047583580017,,,,,,,,,,,,
6,,,17219,4.0,0.986549973487854,0.9397461414337158,0.031428899616003036,0.9539729356765747,0.9265074133872986,4.613245010375977,4.271044731140137,816.0,0.3107714056968689,,,,,,,,,,,,
6,,,17229,4.0,0.9828500151634216,0.9107925295829773,0.0407477542757988,0.9237188100814819,0.8987257480621338,5.394523620605469,5.0008978843688965,402.0,0.3528781533241272,,,,,,,,,,,,
6,,,17239,4.0,0.989300012588501,0.9629559516906738,0.026397231966257095,0.9651308059692383,0.9608055353164673,4.2513885498046875,3.8632099628448486,892.0,0.3617812693119049,,,,,,,,,,,,
6,,,17249,4.0,0.9817000031471252,0.9236833453178406,0.046207062900066376,0.9083440899848938,0.9404449462890625,5.1380295753479,4.732092380523682,425.0,0.3597303628921509,,,,,,,,,,,,
6,,,17259,4.0,0.9788500070571899,0.9035741090774536,0.05557743087410927,0.8739889860153198,0.939205527305603,5.468865871429443,4.555892467498779,567.0,0.8573962450027466,,,,,,,,,,,,
6,,,17269,4.0,0.9905499815940857,0.9357385039329529,0.028545904904603958,0.947862982749939,0.9243090152740479,4.149806499481201,3.8252038955688477,521.0,0.2960568368434906,,,,,,,,,,,,
6,,,17279,4.0,0.984250009059906,0.8878148198127747,0.03851582109928131,0.8911758065223694,0.8845163583755493,4.754817008972168,4.361173629760742,259.0,0.3551275134086609,,,,,,,,,,,,
6,,,17289,4.0,0.9861500263214111,0.962239146232605,0.035680633038282394,0.9579787254333496,0.9666042923927307,4.539597034454346,4.315842628479004,1025.0,0.18807350099086761,,,,,,,,,,,,
6,,,17299,4.0,0.985450029373169,0.8403270840644836,0.035026244819164276,0.8636212348937988,0.8199893832206726,5.368361949920654,5.100246906280518,258.0,0.23308904469013214,,,,,,,,,,,,
6,,,17309,4.0,0.9791499972343445,0.9074714779853821,0.048141803592443466,0.8998428583145142,0.9154472351074219,5.852630615234375,5.44904899597168,448.0,0.35543957352638245,,,,,,,,,,,,
6,,,17319,4.0,0.9902499914169312,0.9328546524047852,0.024764059111475945,0.9410113096237183,0.925020158290863,4.8322625160217285,4.289154052734375,432.0,0.5183442234992981,,,,,,,,,,,,
6,,,17329,4.0,0.9932000041007996,0.8979756832122803,0.016560906544327736,0.9346336126327515,0.867213249206543,5.2146148681640625,5.07844352722168,238.0,0.11961054056882858,,,,,,,,,,,,
6,,,17339,4.0,0.9904000163078308,0.9057573676109314,0.022864846512675285,0.9376569986343384,0.8784270286560059,5.235475540161133,4.887418746948242,214.0,0.32519176602363586,,,,,,,,,,,,
6,,,17349,4.0,0.9835000038146973,0.895455002784729,0.04483920708298683,0.9113020896911621,0.8808982372283936,6.28016996383667,5.538748741149902,362.0,0.696582019329071,,,,,,,,,,,,
6,,,17359,4.0,0.9904500246047974,0.9574859142303467,0.023243043571710587,0.9710222482681274,0.9448133111000061,4.084455490112305,3.705897569656372,863.0,0.35531479120254517,,,,,,,,,,,,
6,,,17369,4.0,0.9829999804496765,0.9568630456924438,0.05221502110362053,0.9557836055755615,0.9579493403434753,6.189883232116699,5.48837947845459,1342.0,0.6492884755134583,,,,,,,,,,,,
6,,,17379,4.0,0.9855999946594238,0.9501171112060547,0.03386365994811058,0.9546428918838501,0.9456993341445923,4.547564506530762,4.164783477783203,750.0,0.34891748428344727,,,,,,,,,,,,
6,,,17389,4.0,0.9837999939918518,0.8885063529014587,0.03978225216269493,0.892001211643219,0.8850791454315186,5.028299808502197,4.523772716522217,279.0,0.46474489569664,,,,,,,,,,,,
6,,,17399,4.0,0.9876000285148621,0.951185405254364,0.029276372864842415,0.9381471872329712,0.9651774168014526,4.286716461181641,3.7673256397247314,747.0,0.4901142716407776,,,,,,,,,,,,
6,,,17409,4.0,0.9897000193595886,0.973739504814148,0.02514341101050377,0.9802595376968384,0.9674500226974487,4.424283504486084,4.112654685974121,875.0,0.2864852845668793,,,,,,,,,,,,
6,,,17419,4.0,0.9873499870300293,0.9182792901992798,0.03738746792078018,0.9428725838661194,0.8965040445327759,5.643470764160156,4.366989612579346,561.0,1.2390938997268677,,,,,,,,,,,,
6,,,17429,4.0,0.9923999905586243,0.981622576713562,0.020265182480216026,0.9900213479995728,0.9736039638519287,3.8068578243255615,3.425635576248169,892.0,0.36095717549324036,,,,,,,,,,,,
6,,,17439,4.0,0.9900500178337097,0.9572432041168213,0.029396548867225647,0.9784584045410156,0.9380878210067749,5.604984760284424,5.191335678100586,755.0,0.3842525780200958,,,,,,,,,,,,
6,,,17449,4.0,0.9813500046730042,0.9543004631996155,0.04404793307185173,0.9521729946136475,0.956455409526825,5.5325212478637695,4.722463607788086,817.0,0.7660095691680908,,,,,,,,,,,,
6,,,17459,4.0,0.975849986076355,0.9226815104484558,0.056462377309799194,0.9346466064453125,0.9115059971809387,6.661493301391602,4.284008502960205,921.0,2.3210225105285645,,,,,,,,,,,,
6,,,17469,4.0,0.9849500060081482,0.9506332278251648,0.03348732739686966,0.964310884475708,0.9379068613052368,4.947920799255371,4.5584001541137695,869.0,0.3560331463813782,,,,,,,,,,,,
6,,,17479,4.0,0.9894000291824341,0.9057338237762451,0.02458307333290577,0.9583539366722107,0.8645514845848083,5.5558247566223145,5.044009685516357,357.0,0.4872320890426636,,,,,,,,,,,,
6,,,17489,4.0,0.992900013923645,0.9687960147857666,0.020410781726241112,0.9702498316764832,0.9673524498939514,4.522921085357666,3.971564292907715,759.0,0.5309461951255798,,,,,,,,,,,,
6,,,17499,4.0,0.9866499900817871,0.9358139038085938,0.028871523216366768,0.9178677797317505,0.9556213021278381,5.333006381988525,4.921511173248291,569.0,0.38262346386909485,,,,,,,,,,,,
6,,,17509,4.0,0.9737499952316284,0.9264119863510132,0.08790300786495209,0.8983126878738403,0.9603296518325806,6.505470275878906,5.29679536819458,1011.0,1.1207717657089233,,,,,,,,,,,,
6,,,17519,4.0,0.9903500080108643,0.9750235080718994,0.03073878400027752,0.9753125905990601,0.9747347831726074,5.069550514221191,4.700529098510742,970.0,0.33828234672546387,,,,,,,,,,,,
6,,,17529,4.0,0.982450008392334,0.9178656935691833,0.042540717869997025,0.9332267045974731,0.9037015438079834,10.443719863891602,5.6991496086120605,896.0,4.702029228210449,,,,,,,,,,,,
6,,,17539,4.0,0.9894499778747559,0.8775528073310852,0.024098800495266914,0.88923180103302,0.8665893077850342,4.944377899169922,4.663238525390625,226.0,0.25704053044319153,,,,,,,,,,,,
6,,,17549,4.0,0.9827499985694885,0.9356425404548645,0.04507003352046013,0.9678612351417542,0.9082692861557007,4.217224597930908,3.893610715866089,917.0,0.2785440683364868,,,,,,,,,,,,
6,,,17559,4.0,0.9842000007629395,0.9045419692993164,0.04359331727027893,0.9298465847969055,0.8823249340057373,6.184782981872559,4.187044143676758,284.0,1.9541453123092651,,,,,,,,,,,,
6,,,17569,4.0,0.9642000198364258,0.8149070739746094,0.08007735013961792,0.8479947447776794,0.788283109664917,6.620432376861572,6.185458183288574,610.0,0.3548968732357025,,,,,,,,,,,,
6,,,17579,4.0,0.9859499931335449,0.9131473302841187,0.03434515371918678,0.9152637124061584,0.9110546708106995,5.515229225158691,5.330332279205322,367.0,0.15055178105831146,,,,,,,,,,,,
6,,,17589,4.0,0.9799500107765198,0.8719940185546875,0.062188658863306046,0.8844335079193115,0.8604133129119873,4.45838737487793,4.104879856109619,423.0,0.29131880402565,,,,,,,,,,,,
6,,,17599,4.0,0.9874500036239624,0.8752884864807129,0.02822413295507431,0.8524699807167053,0.9015028476715088,5.7756829261779785,5.05472469329834,267.0,0.6927341222763062,,,,,,,,,,,,
6,,,17609,4.0,0.9856500029563904,0.9259109497070312,0.055092841386795044,0.9582746624946594,0.8982926607131958,5.959287643432617,5.534639835357666,343.0,0.36955514550209045,,,,,,,,,,,,
6,,,17619,4.0,0.9804999828338623,0.8096321225166321,0.043648120015859604,0.7692903876304626,0.8656655550003052,5.488976955413818,5.105417728424072,245.0,0.3399111330509186,,,,,,,,,,,,
6,,,17629,4.0,0.988349974155426,0.9528359174728394,0.029261045157909393,0.9594701528549194,0.9464219808578491,4.109761714935303,3.7081074714660645,818.0,0.37239325046539307,,,,,,,,,,,,
6,,,17639,4.0,0.9819499850273132,0.7206785082817078,0.07045693695545197,0.85504150390625,0.6619229316711426,7.161074638366699,5.9741435050964355,201.0,1.116473913192749,,,,,,,,,,,,
6,,,17649,4.0,0.9778000116348267,0.8830471038818359,0.04953036829829216,0.8575379848480225,0.9130996465682983,5.58859920501709,5.041046619415283,308.0,0.4980218708515167,,,,,,,,,,,,
6,,,17659,4.0,0.9822499752044678,0.8832507729530334,0.039338309317827225,0.8726735711097717,0.8945139646530151,5.632628917694092,5.250148296356201,220.0,0.34314268827438354,,,,,,,,,,,,
6,,,17669,4.0,0.9947999715805054,0.9374952912330627,0.01380897406488657,0.9564446210861206,0.9201239943504333,5.038764953613281,4.660649299621582,229.0,0.3643066883087158,,,,,,,,,,,,
6,,,17679,4.0,0.9908999800682068,0.9656651020050049,0.023900024592876434,0.9803522825241089,0.9520010948181152,4.3415045738220215,4.109725475311279,925.0,0.20787927508354187,,,,,,,,,,,,
6,,,17689,4.0,0.978950023651123,0.8778682947158813,0.0475921556353569,0.9128519892692566,0.8488980531692505,6.763296604156494,5.80085563659668,416.0,0.914848804473877,,,,,,,,,,,,
6,,,17699,4.0,0.9852499961853027,0.898421049118042,0.04233778268098831,0.9236443042755127,0.8762710094451904,6.203830718994141,5.491810321807861,300.0,0.6696822643280029,,,,,,,,,,,,
6,,,17709,4.0,0.979200005531311,0.9090769290924072,0.050597596913576126,0.8943355083465576,0.9251692891120911,6.409415245056152,5.462071895599365,371.0,0.8967459201812744,,,,,,,,,,,,
6,,,17719,4.0,0.9805999994277954,0.9301328659057617,0.05149279907345772,0.9179286360740662,0.9432351589202881,6.144726276397705,5.790036201477051,524.0,0.3031972348690033,,,,,,,,,,,,
6,,,17729,4.0,0.9788500070571899,0.8570740222930908,0.047706231474876404,0.8956952095031738,0.8258997201919556,5.943874359130859,5.4541015625,372.0,0.44206663966178894,,,,,,,,,,,,
6,,,17739,4.0,0.980650007724762,0.9141281843185425,0.0519229993224144,0.936648964881897,0.8941315412521362,5.291055202484131,4.99052095413208,564.0,0.24861152470111847,,,,,,,,,,,,
6,,,17749,4.0,0.9866999983787537,0.9494253396987915,0.03517035394906998,0.9526809453964233,0.9462249279022217,4.9155755043029785,4.510056018829346,825.0,0.3703487813472748,,,,,,,,,,,,
6,,,17759,4.0,0.9904999732971191,0.9449102878570557,0.025007817894220352,0.9661624431610107,0.9256967902183533,4.135749816894531,3.7340433597564697,811.0,0.37669894099235535,,,,,,,,,,,,
6,,,17769,4.0,0.9771999716758728,0.8576877117156982,0.05548675358295441,0.9195717573165894,0.8130274415016174,6.5219926834106445,6.022200107574463,460.0,0.4443061053752899,,,,,,,,,,,,
6,,,17779,4.0,0.991599977016449,0.9343839883804321,0.019794562831521034,0.8991268277168274,0.9771279096603394,4.103100776672363,3.8367063999176025,259.0,0.24659991264343262,,,,,,,,,,,,
6,,,17789,4.0,0.9912999868392944,0.9163046479225159,0.022675974294543266,0.9024107456207275,0.9312605857849121,4.814663887023926,4.556325912475586,274.0,0.23566210269927979,,,,,,,,,,,,
6,,,17799,4.0,0.9857000112533569,0.9074552059173584,0.03855597600340843,0.8877195119857788,0.9295490384101868,5.609186172485352,5.252835273742676,291.0,0.31779471039772034,,,,,,,,,,,,
6,,,17809,4.0,0.9828000068664551,0.8685183525085449,0.038960885256528854,0.8648809790611267,0.8722355365753174,5.220271587371826,4.596629619598389,301.0,0.5846810936927795,,,,,,,,,,,,
6,,,17819,4.0,0.9803000092506409,0.9352208375930786,0.051582664251327515,0.9352208375930786,0.9352208375930786,5.343934535980225,4.945433616638184,1121.0,0.3469181954860687,,,,,,,,,,,,
6,,,17829,4.0,0.9901000261306763,0.9431897401809692,0.02284793183207512,0.9545997381210327,0.9323978424072266,5.252336502075195,4.167728424072266,616.0,1.0617597103118896,,,,,,,,,,,,
6,,,17839,4.0,0.9857500195503235,0.9239545464515686,0.03442990779876709,0.9103901982307434,0.9385717511177063,6.041134834289551,4.8966546058654785,396.0,1.1100504398345947,,,,,,,,,,,,
6,,,17849,4.0,0.9830999970436096,0.9167110919952393,0.04007762297987938,0.9009243249893188,0.9339904189109802,5.801908493041992,5.466865062713623,326.0,0.2949658930301666,,,,,,,,,,,,
,9.8807879715968e-05,0.00098807879715968,17857,,,,,,,,,,,,,,,,,,,,,,
7,,,17859,4.0,0.9786499738693237,0.8610857725143433,0.04688630998134613,0.8711105585098267,0.8516421318054199,5.081973552703857,4.8732781410217285,324.0,0.16180874407291412,,,,,,,,,,,,
7,,,17869,4.0,0.9861000180244446,0.9641034603118896,0.034989725798368454,0.968665599822998,0.9596574306488037,4.308169364929199,3.8096868991851807,891.0,0.46349242329597473,,,,,,,,,,,,
7,,,17879,4.0,0.9817000031471252,0.9143201112747192,0.04527561739087105,0.9441056251525879,0.8887605667114258,5.436471462249756,4.897935390472412,598.0,0.4932605028152466,,,,,,,,,,,,
7,,,17889,4.0,0.9825500249862671,0.9400244355201721,0.0461026169359684,0.9314467906951904,0.9490301609039307,6.4553422927856445,5.4682722091674805,995.0,0.9409674406051636,,,,,,,,,,,,
7,,,17899,4.0,0.9871500134468079,0.9082286953926086,0.030410952866077423,0.9084992408752441,0.9079585075378418,5.209578037261963,4.862292766571045,296.0,0.3168743848800659,,,,,,,,,,,,
7,,,17909,4.0,0.984000027179718,0.8867073059082031,0.03486808016896248,0.9020628333091736,0.8725795745849609,5.906325340270996,5.0947265625,260.0,0.7767302989959717,,,,,,,,,,,,
7,,,17919,4.0,0.9802500009536743,0.9407925605773926,0.050972215831279755,0.9349591135978699,0.9468283653259277,8.422149658203125,4.719849109649658,1090.0,3.6513280868530273,,,,,,,,,,,,
7,,,17929,4.0,0.9804999828338623,0.8440334796905518,0.04311322420835495,0.8591339588165283,0.8302491307258606,6.421090126037598,5.783130645751953,298.0,0.5948460102081299,,,,,,,,,,,,
7,,,17939,4.0,0.9870499968528748,0.9117161631584167,0.03950269892811775,0.933956503868103,0.8918288946151733,5.533107280731201,4.943158149719238,444.0,0.5504463911056519,,,,,,,,,,,,
7,,,17949,4.0,0.9846000075340271,0.9321081638336182,0.03494986146688461,0.9601948857307434,0.9076972007751465,5.053487777709961,4.0807342529296875,968.0,0.9378035664558411,,,,,,,,,,,,
7,,,17959,4.0,0.9854999780654907,0.9409032464027405,0.03668098524212837,0.9279429912567139,0.9548238515853882,6.008121967315674,5.785091876983643,557.0,0.18634873628616333,,,,,,,,,,,,
7,,,17969,4.0,0.9878000020980835,0.955710232257843,0.03438015654683113,0.9445045590400696,0.9676182270050049,6.531238079071045,6.219941139221191,1204.0,0.27691707015037537,,,,,,,,,,,,
7,,,17979,4.0,0.9819499850273132,0.9384251832962036,0.04319898411631584,0.9306749105453491,0.9465254545211792,5.002491474151611,4.597694396972656,678.0,0.3615978956222534,,,,,,,,,,,,
7,,,17989,4.0,0.9911999702453613,0.9583487510681152,0.02121911756694317,0.9868098497390747,0.933417558670044,4.299294471740723,3.9039313793182373,776.0,0.37414416670799255,,,,,,,,,,,,
7,,,17999,4.0,0.9811999797821045,0.8171422481536865,0.04332493990659714,0.8546614646911621,0.7872246503829956,5.902630805969238,5.437158584594727,209.0,0.42214712500572205,,,,,,,,,,,,
7,,,18009,4.0,0.9926999807357788,0.9501396417617798,0.017970407381653786,0.948442280292511,0.9518510103225708,5.103522300720215,4.859711170196533,388.0,0.22584043443202972,,,,,,,,,,,,
7,,,18019,4.0,0.984000027179718,0.9010370373725891,0.04632911831140518,0.8930418491363525,0.9094018936157227,4.702136993408203,4.116856098175049,516.0,0.5389516949653625,,,,,,,,,,,,
7,,,18029,4.0,0.9853500127792358,0.796405553817749,0.03271977975964546,0.8110134601593018,0.783170223236084,5.378185272216797,4.72282075881958,231.0,0.6226447224617004,,,,,,,,,,,,
7,,,18039,4.0,0.9902999997138977,0.9218316674232483,0.02713298425078392,0.9276432991027832,0.9161876440048218,4.919389247894287,4.3874030113220215,328.0,0.5048533082008362,,,,,,,,,,,,
7,,,18049,4.0,0.986299991607666,0.9210543632507324,0.033216651529073715,0.9410238265991211,0.9029947519302368,5.809133052825928,5.357021808624268,349.0,0.4188949763774872,,,,,,,,,,,,
7,,,18059,4.0,0.9871500134468079,0.9211010336875916,0.0308273583650589,0.9222875833511353,0.919921875,5.8441901206970215,5.471102714538574,266.0,0.34226006269454956,,,,,,,,,,,,
7,,,18069,4.0,0.9904000163078308,0.955930233001709,0.02450045384466648,0.9757480621337891,0.9379079341888428,4.508368492126465,4.21973991394043,636.0,0.26412832736968994,,,,,,,,,,,,
7,,,18079,4.0,0.9919499754905701,0.9103449583053589,0.02140779048204422,0.8948555588722229,0.9271743893623352,5.1306304931640625,4.126489162445068,239.0,0.9827337265014648,,,,,,,,,,,,
7,,,18089,4.0,0.9882000088691711,0.9634860754013062,0.028796520084142685,0.9687512516975403,0.9583661556243896,4.504631996154785,3.7620792388916016,724.0,0.7137560844421387,,,,,,,,,,,,
7,,,18099,4.0,0.9880499839782715,0.9666199684143066,0.032715726643800735,0.9757193326950073,0.957956075668335,4.868797779083252,4.511974334716797,945.0,0.32410770654678345,,,,,,,,,,,,
7,,,18109,4.0,0.9890000224113464,0.9637094140052795,0.02629932202398777,0.9720630645751953,0.9557092189788818,4.309055328369141,3.767061471939087,785.0,0.5156943798065186,,,,,,,,,,,,
7,,,18119,4.0,0.9772999882698059,0.9037928581237793,0.05096537247300148,0.9052952527999878,0.9023034572601318,5.750377655029297,5.233555316925049,386.0,0.46585679054260254,,,,,,,,,,,,
7,,,18129,4.0,0.9685999751091003,0.812157392501831,0.06958229094743729,0.8280118703842163,0.7979361414909363,6.034586429595947,5.5950446128845215,284.0,0.36995935440063477,,,,,,,,,,,,
7,,,18139,4.0,0.9810500144958496,0.9436044692993164,0.04817017540335655,0.9409356117248535,0.9463146328926086,6.581875801086426,6.10958194732666,1106.0,0.42412394285202026,,,,,,,,,,,,
7,,,18149,4.0,0.9910500049591064,0.9325919151306152,0.02395549975335598,0.9500054717063904,0.9165743589401245,5.101330757141113,4.525384426116943,354.0,0.5519911050796509,,,,,,,,,,,,
7,,,18159,4.0,0.9760000109672546,0.9072209596633911,0.055806782096624374,0.8856469392776489,0.9319208860397339,6.296167373657227,5.561770915985107,557.0,0.6785898804664612,,,,,,,,,,,,
7,,,18169,4.0,0.9867500066757202,0.8858919143676758,0.03048592619597912,0.8729426860809326,0.899848461151123,5.823611259460449,5.284467697143555,231.0,0.508657693862915,,,,,,,,,,,,
7,,,18179,4.0,0.991100013256073,0.9704912900924683,0.02061254344880581,0.9691920280456543,0.971799373626709,3.938603401184082,3.525177478790283,908.0,0.3928133249282837,,,,,,,,,,,,
7,,,18189,4.0,0.9905499815940857,0.9583874940872192,0.02322796918451786,0.9599910378456116,0.9567968249320984,3.890881061553955,3.491225481033325,995.0,0.37642765045166016,,,,,,,,,,,,
7,,,18199,4.0,0.9851999878883362,0.9157739281654358,0.03451525419950485,0.9179346561431885,0.9136380553245544,4.583827018737793,4.087721824645996,372.0,0.4615896940231323,,,,,,,,,,,,
7,,,18209,4.0,0.9901000261306763,0.9649249911308289,0.02281220629811287,0.9660446047782898,0.9638117551803589,4.495866775512695,3.9330697059631348,794.0,0.5399850010871887,,,,,,,,,,,,
7,,,18219,4.0,0.9825000166893005,0.9509081840515137,0.047067951411008835,0.9385770559310913,0.964177131652832,5.484228134155273,5.089993476867676,1004.0,0.34716668725013733,,,,,,,,,,,,
7,,,18229,4.0,0.9879000186920166,0.9434422254562378,0.033502452075481415,0.9607166051864624,0.9275823831558228,3.7269959449768066,3.3701424598693848,916.0,0.3233512043952942,,,,,,,,,,,,
7,,,18239,4.0,0.9948999881744385,0.9442073106765747,0.013836922124028206,0.9605667591094971,0.9290257692337036,4.316128730773926,3.972935438156128,200.0,0.3293564021587372,,,,,,,,,,,,
7,,,18249,4.0,0.9789999723434448,0.9008550643920898,0.05054909363389015,0.9133864045143127,0.8891650438308716,5.207874774932861,4.923888683319092,397.0,0.23343691229820251,,,,,,,,,,,,
7,,,18259,4.0,0.9891499876976013,0.9474287033081055,0.027691885828971863,0.9378201961517334,0.9575307965278625,4.675464630126953,4.413689613342285,349.0,0.23408325016498566,,,,,,,,,,,,
7,,,18269,4.0,0.9871500134468079,0.9550792574882507,0.03158317133784294,0.954944908618927,0.9552137851715088,4.432892322540283,4.038599967956543,1001.0,0.36270904541015625,,,,,,,,,,,,
7,,,18279,4.0,0.9898499846458435,0.9440547823905945,0.029867621138691902,0.9385948181152344,0.9496690034866333,4.207995414733887,3.781761646270752,621.0,0.39636626839637756,,,,,,,,,,,,
7,,,18289,4.0,0.9926999807357788,0.9635415077209473,0.023663340136408806,0.97416090965271,0.9534448385238647,3.946413040161133,3.48734974861145,880.0,0.43539994955062866,,,,,,,,,,,,
7,,,18299,4.0,0.9903500080108643,0.9805765748023987,0.02343757264316082,0.9745848178863525,0.9868017435073853,4.024051666259766,3.4372262954711914,942.0,0.5633879899978638,,,,,,,,,,,,
7,,,18309,4.0,0.9779999852180481,0.9399014711380005,0.056914228945970535,0.9164263010025024,0.9671880006790161,5.212108135223389,4.637332439422607,872.0,0.517861545085907,,,,,,,,,,,,
7,,,18319,4.0,0.9866999983787537,0.9030221700668335,0.029389437288045883,0.9080017805099487,0.8981730937957764,6.2823872566223145,5.930592060089111,345.0,0.32240599393844604,,,,,,,,,,,,
7,,,18329,4.0,0.9718999862670898,0.8663256168365479,0.06374151259660721,0.9111777544021606,0.8313794136047363,5.681112766265869,5.3094024658203125,609.0,0.3079685866832733,,,,,,,,,,,,
7,,,18339,4.0,0.9817000031471252,0.9044981002807617,0.04094603285193443,0.9014869928359985,0.9075608253479004,6.413759231567383,5.590266227722168,506.0,0.7825468182563782,,,,,,,,,,,,
7,,,18349,4.0,0.9863499999046326,0.9414318799972534,0.033959485590457916,0.9452855587005615,0.9376547932624817,4.991195201873779,4.582474231719971,730.0,0.3747614920139313,,,,,,,,,,,,
7,,,18359,4.0,0.9848999977111816,0.8923735618591309,0.03829798474907875,0.9080694913864136,0.8779397010803223,5.685969352722168,5.221832752227783,308.0,0.4258383512496948,,,,,,,,,,,,
7,,,18369,4.0,0.9821000099182129,0.9246385097503662,0.043992966413497925,0.9319641590118408,0.9175969362258911,9.464122772216797,5.223834991455078,476.0,4.196294784545898,,,,,,,,,,,,
7,,,18379,4.0,0.988349974155426,0.9577721357345581,0.03374801203608513,0.9621999263763428,0.9534447193145752,6.290387153625488,5.9832763671875,979.0,0.273362398147583,,,,,,,,,,,,
7,,,18389,4.0,0.9856500029563904,0.9154008626937866,0.03755764663219452,0.9414135217666626,0.8925694823265076,7.594222068786621,6.976898193359375,576.0,0.5797663331031799,,,,,,,,,,,,
7,,,18399,4.0,0.9884999990463257,0.9199358224868774,0.0246683731675148,0.9259815216064453,0.9140744209289551,4.690577507019043,4.1968889236450195,309.0,0.4690203070640564,,,,,,,,,,,,
7,,,18409,4.0,0.9879999756813049,0.9698946475982666,0.03419237956404686,0.9749017953872681,0.9650266766548157,5.3505167961120605,4.976083755493164,1021.0,0.3402402698993683,,,,,,,,,,,,
7,,,18419,4.0,0.9903500080108643,0.9558619856834412,0.026820752769708633,0.9523906707763672,0.9593949317932129,4.743164539337158,4.210581302642822,720.0,0.5057625770568848,,,,,,,,,,,,
7,,,18429,4.0,0.977400004863739,0.9357908964157104,0.06043824553489685,0.9416722059249878,0.9301077127456665,5.387462139129639,4.863428115844727,997.0,0.4635959565639496,,,,,,,,,,,,
7,,,18439,4.0,0.9861000180244446,0.9020907878875732,0.034382984042167664,0.875789999961853,0.9327789545059204,5.079109191894531,4.61458683013916,267.0,0.4301397204399109,,,,,,,,,,,,
7,,,18449,4.0,0.9830499887466431,0.8701517581939697,0.04019532725214958,0.840040922164917,0.9067409038543701,4.820080757141113,4.548748970031738,207.0,0.2311362773180008,,,,,,,,,,,,
7,,,18459,4.0,0.9856500029563904,0.9368595480918884,0.036560866981744766,0.9474555253982544,0.9268269538879395,5.785538196563721,5.323268413543701,619.0,0.42570871114730835,,,,,,,,,,,,
7,,,18469,4.0,0.9879000186920166,0.9296846389770508,0.03192765638232231,0.9135749340057373,0.9472605586051941,4.807327747344971,4.346913814544678,537.0,0.42848628759384155,,,,,,,,,,,,
7,,,18479,4.0,0.9857000112533569,0.9124439358711243,0.03364087641239166,0.8834850788116455,0.9467387795448303,6.252448558807373,5.915472030639648,242.0,0.30333584547042847,,,,,,,,,,,,
7,,,18489,4.0,0.9818500280380249,0.9033280611038208,0.0439816378057003,0.8796548843383789,0.9306198358535767,7.190121650695801,5.493644714355469,309.0,1.6524956226348877,,,,,,,,,,,,
7,,,18499,4.0,0.9699500203132629,0.8337054252624512,0.07755500823259354,0.8885617256164551,0.7937853336334229,7.312749862670898,5.973019599914551,455.0,1.2621748447418213,,,,,,,,,,,,
7,,,18509,4.0,0.9888499975204468,0.9550180435180664,0.027089327573776245,0.9532747864723206,0.9567772150039673,4.511521339416504,4.064707279205322,872.0,0.4197250306606293,,,,,,,,,,,,
7,,,18519,4.0,0.9908499717712402,0.9357585310935974,0.02451927401125431,0.9513589143753052,0.9212868213653564,5.593139171600342,4.978128433227539,376.0,0.5904914140701294,,,,,,,,,,,,
7,,,18529,4.0,0.9879000186920166,0.8968806266784668,0.03282734379172325,0.904667854309082,0.8894087076187134,5.958430290222168,5.352839946746826,219.0,0.5727631449699402,,,,,,,,,,,,
7,,,18539,4.0,0.973550021648407,0.9027446508407593,0.06290791928768158,0.9059337377548218,0.899615466594696,5.749779224395752,5.068542003631592,720.0,0.6183294653892517,,,,,,,,,,,,
7,,,18549,4.0,0.9795500040054321,0.9254605770111084,0.050072602927684784,0.9193592667579651,0.9317804574966431,6.194439888000488,5.127622127532959,702.0,1.0167450904846191,,,,,,,,,,,,
7,,,18559,4.0,0.98294997215271,0.9553811550140381,0.044539324939250946,0.9543538093566895,0.9564146995544434,6.310486793518066,4.742484092712402,906.0,1.523463487625122,,,,,,,,,,,,
7,,,18569,4.0,0.9915000200271606,0.9079715013504028,0.02884834073483944,0.9448428153991699,0.8770130276679993,5.673947334289551,5.527585506439209,382.0,0.11751360446214676,,,,,,,,,,,,
7,,,18579,4.0,0.9907000064849854,0.945610761642456,0.025534160435199738,0.965010404586792,0.9279200434684753,4.933102130889893,4.7841668128967285,510.0,0.12340108305215836,,,,,,,,,,,,
7,,,18589,4.0,0.9832500219345093,0.947567343711853,0.0416557639837265,0.9566926956176758,0.9388841390609741,5.411718845367432,5.0889058113098145,779.0,0.28115764260292053,,,,,,,,,,,,
7,,,18599,4.0,0.9871000051498413,0.9533132314682007,0.0335855595767498,0.9633416533470154,0.9437906742095947,5.832666873931885,5.365110874176025,872.0,0.43397054076194763,,,,,,,,,,,,
7,,,18609,4.0,0.9840999841690063,0.8915368318557739,0.043875694274902344,0.891044020652771,0.8920309543609619,4.948047161102295,4.356756210327148,338.0,0.5474151372909546,,,,,,,,,,,,
7,,,18619,4.0,0.9836000204086304,0.9468294382095337,0.041369881480932236,0.9679909944534302,0.9278862476348877,5.180509567260742,4.819123268127441,698.0,0.3200165629386902,,,,,,,,,,,,
7,,,18629,4.0,0.9684000015258789,0.7978993654251099,0.07663147151470184,0.8680576086044312,0.7520342469215393,5.854544162750244,5.561247825622559,401.0,0.2166648507118225,,,,,,,,,,,,
7,,,18639,4.0,0.9872499704360962,0.8713605999946594,0.04015861451625824,0.8640490770339966,0.8789920210838318,5.202514171600342,4.909030437469482,214.0,0.2533250153064728,,,,,,,,,,,,
7,,,18649,4.0,0.9894000291824341,0.930152416229248,0.028498440980911255,0.9338414669036865,0.9265314340591431,5.149657249450684,4.708643913269043,234.0,0.4125145375728607,,,,,,,,,,,,
7,,,18659,4.0,0.9889500141143799,0.8651593923568726,0.02884173020720482,0.9078158736228943,0.8309242725372314,5.323253154754639,4.870392322540283,238.0,0.4240191578865051,,,,,,,,,,,,
7,,,18669,4.0,0.9743000268936157,0.8713010549545288,0.05436559394001961,0.8862649202346802,0.8576029539108276,5.786463737487793,5.603026390075684,536.0,0.12907174229621887,,,,,,,,,,,,
7,,,18679,4.0,0.9835000038146973,0.9595916271209717,0.038251228630542755,0.9670233726501465,0.9524730443954468,4.730446815490723,4.242997169494629,927.0,0.44919800758361816,,,,,,,,,,,,
7,,,18689,4.0,0.9864000082015991,0.9661827683448792,0.038959696888923645,0.9790077209472656,0.9542437195777893,6.134576797485352,4.598062515258789,908.0,1.497554898262024,,,,,,,,,,,,
7,,,18699,4.0,0.9856500029563904,0.9427489042282104,0.04630499705672264,0.952957272529602,0.9330664873123169,4.499772548675537,4.014565467834473,870.0,0.43890202045440674,,,,,,,,,,,,
7,,,18709,4.0,0.9857000112533569,0.9439723491668701,0.03805215284228325,0.9454795122146606,0.9424771070480347,4.355362892150879,3.731112241744995,963.0,0.5861985683441162,,,,,,,,,,,,
7,,,18719,4.0,0.9786499738693237,0.8371427059173584,0.04462150111794472,0.7889057397842407,0.9073569178581238,5.467660427093506,5.214766979217529,191.0,0.20827193558216095,,,,,,,,,,,,
7,,,18729,4.0,0.9796500205993652,0.8674336671829224,0.05120684951543808,0.8703213930130005,0.8645952343940735,6.286006927490234,6.060421943664551,366.0,0.1743779331445694,,,,,,,,,,,,
7,,,18739,4.0,0.9660999774932861,0.910005509853363,0.07567537575960159,0.8985905647277832,0.9223374724388123,6.758363246917725,5.801174640655518,649.0,0.8815130591392517,,,,,,,,,,,,
7,,,18749,4.0,0.989549994468689,0.9391121864318848,0.025841422379016876,0.9384148120880127,0.9398119449615479,5.916731357574463,5.3935651779174805,261.0,0.4973248541355133,,,,,,,,,,,,
7,,,18759,4.0,0.9779000282287598,0.9458976984024048,0.06013280525803566,0.9354960322380066,0.9570075273513794,5.588531017303467,4.083145618438721,988.0,1.4452524185180664,,,,,,,,,,,,
7,,,18769,4.0,0.9929999709129333,0.8771170377731323,0.020542694255709648,0.9234868288040161,0.8401559591293335,5.630390167236328,5.440066814422607,193.0,0.1697808802127838,,,,,,,,,,,,
7,,,18779,4.0,0.9925500154495239,0.9677186012268066,0.01600428856909275,0.9773632884025574,0.9585126042366028,3.783090591430664,3.442493200302124,867.0,0.324593186378479,,,,,,,,,,,,
7,,,18789,4.0,0.9872000217437744,0.8611294627189636,0.03686108812689781,0.8947538733482361,0.8330503702163696,5.524881839752197,5.174075603485107,221.0,0.31394529342651367,,,,,,,,,,,,
7,,,18799,4.0,0.9792500138282776,0.9211732149124146,0.051516320556402206,0.8984440565109253,0.9472694396972656,5.442938804626465,4.652087211608887,499.0,0.7393349409103394,,,,,,,,,,,,
7,,,18809,4.0,0.9894999861717224,0.9055144786834717,0.02406930923461914,0.8810591697692871,0.9335927963256836,5.031452178955078,4.754776954650879,188.0,0.252606064081192,,,,,,,,,,,,
7,,,18819,4.0,0.9883000254631042,0.9570739269256592,0.028350504115223885,0.9619994759559631,0.9522721767425537,4.690624713897705,4.272720813751221,908.0,0.3895537555217743,,,,,,,,,,,,
7,,,18829,4.0,0.9883000254631042,0.9696251153945923,0.028299402445554733,0.9729055166244507,0.9664043188095093,5.6865153312683105,4.770925998687744,922.0,0.8872901797294617,,,,,,,,,,,,
7,,,18839,4.0,0.9919000267982483,0.9331096410751343,0.0198394563049078,0.9351316690444946,0.9311078190803528,5.456258296966553,5.082682132720947,380.0,0.3537366986274719,,,,,,,,,,,,
7,,,18849,4.0,0.9836999773979187,0.9506146907806396,0.04029405117034912,0.9565212726593018,0.944896936416626,5.241268157958984,4.674905776977539,924.0,0.5260682702064514,,,,,,,,,,,,
7,,,18859,4.0,0.9882000088691711,0.9674820899963379,0.03161360323429108,0.966252326965332,0.9687202572822571,5.136079788208008,4.41811990737915,1000.0,0.6863459348678589,,,,,,,,,,,,
7,,,18869,4.0,0.9825500249862671,0.8625876903533936,0.04317595437169075,0.8826655149459839,0.8446663618087769,5.53985595703125,5.352112770080566,361.0,0.1445668637752533,,,,,,,,,,,,
7,,,18879,4.0,0.986549973487854,0.8861954808235168,0.03270856291055679,0.940983772277832,0.8442302942276001,5.2540364265441895,4.834368705749512,232.0,0.3869590759277344,,,,,,,,,,,,
7,,,18889,4.0,0.9893500208854675,0.9204574227333069,0.027287695556879044,0.9303475618362427,0.9110474586486816,4.728830814361572,4.492486000061035,282.0,0.20905734598636627,,,,,,,,,,,,
7,,,18899,4.0,0.9820500016212463,0.8885339498519897,0.050369422882795334,0.9259374141693115,0.8577156066894531,6.185394287109375,5.6538777351379395,286.0,0.48114731907844543,,,,,,,,,,,,
7,,,18909,4.0,0.9732999801635742,0.8688747882843018,0.05967092141509056,0.8781904578208923,0.8600708246231079,6.384713172912598,6.024953365325928,617.0,0.3000890016555786,,,,,,,,,,,,
7,,,18919,4.0,0.9871000051498413,0.910763680934906,0.031528715044260025,0.958747148513794,0.8725459575653076,5.8432135581970215,5.382347583770752,272.0,0.4293370246887207,,,,,,,,,,,,
7,,,18929,4.0,0.9905999898910522,0.9191133379936218,0.02819344401359558,0.9239182472229004,0.9144237041473389,4.522290229797363,4.187716960906982,277.0,0.3063800036907196,,,,,,,,,,,,
7,,,18939,4.0,0.9848499894142151,0.9613048434257507,0.03341362997889519,0.9526149034500122,0.9704550504684448,4.981566905975342,4.67893123626709,995.0,0.2692224681377411,,,,,,,,,,,,
7,,,18949,4.0,0.9844499826431274,0.9544504880905151,0.042914461344480515,0.9392495155334473,0.9710655212402344,5.469919204711914,3.6933367252349854,852.0,1.7336679697036743,,,,,,,,,,,,
7,,,18959,4.0,0.9769999980926514,0.8588593006134033,0.05109046399593353,0.8740490674972534,0.84498131275177,5.107907772064209,4.690982341766357,335.0,0.36583518981933594,,,,,,,,,,,,
7,,,18969,4.0,0.9829000234603882,0.8518964052200317,0.04696095734834671,0.9036678075790405,0.8126014471054077,5.724137783050537,5.241551399230957,272.0,0.43562549352645874,,,,,,,,,,,,
7,,,18979,4.0,0.984749972820282,0.921771764755249,0.03785902261734009,0.9059730768203735,0.9390349388122559,4.788347244262695,4.181533336639404,488.0,0.5689550638198853,,,,,,,,,,,,
7,,,18989,4.0,0.9712499976158142,0.8583725690841675,0.0609448179602623,0.8987506031990051,0.8263201713562012,5.97251033782959,5.57051420211792,529.0,0.34105104207992554,,,,,,,,,,,,
7,,,18999,4.0,0.9902499914169312,0.8603875637054443,0.02559063583612442,0.870110273361206,0.8511837720870972,5.656610012054443,5.283855438232422,217.0,0.3471643030643463,,,,,,,,,,,,
7,,,19009,4.0,0.985450029373169,0.9551249742507935,0.035730279982089996,0.9509051442146301,0.9594451189041138,5.483780384063721,4.786334991455078,783.0,0.661715030670166,,,,,,,,,,,,
7,,,19019,4.0,0.9778500199317932,0.9235162138938904,0.05420463904738426,0.9583450555801392,0.8945178389549255,5.198582649230957,4.521223545074463,894.0,0.623154878616333,,,,,,,,,,,,
7,,,19029,4.0,0.9830499887466431,0.9267770051956177,0.04279148206114769,0.9053277969360352,0.9510672092437744,7.055912017822266,6.03856897354126,483.0,0.974551796913147,,,,,,,,,,,,
7,,,19039,4.0,0.9845499992370605,0.8651986122131348,0.03624120354652405,0.9150235652923584,0.8266881704330444,5.482725620269775,5.128220558166504,352.0,0.31826379895210266,,,,,,,,,,,,
7,,,19049,4.0,0.9922999739646912,0.9722352027893066,0.01861136592924595,0.9763303995132446,0.9682234525680542,3.9334733486175537,3.5454459190368652,851.0,0.36941608786582947,,,,,,,,,,,,
7,,,19059,4.0,0.9905499815940857,0.9180865287780762,0.025159688666462898,0.9303923845291138,0.9065109491348267,5.4654035568237305,5.180418968200684,292.0,0.2598246932029724,,,,,,,,,,,,
7,,,19069,4.0,0.9875500202178955,0.9250708818435669,0.033170804381370544,0.9290837645530701,0.9211403131484985,5.051733016967773,4.778466701507568,243.0,0.24009542167186737,,,,,,,,,,,,
7,,,19079,4.0,0.9872499704360962,0.9452524185180664,0.03156489133834839,0.9585935473442078,0.9327791333198547,5.773038387298584,4.389505863189697,911.0,1.3519679307937622,,,,,,,,,,,,
7,,,19089,4.0,0.9877499938011169,0.9617918729782104,0.03061949461698532,0.9751983880996704,0.9492895603179932,4.716335773468018,4.2603631019592285,941.0,0.42535290122032166,,,,,,,,,,,,
7,,,19099,4.0,0.9879500269889832,0.9524824619293213,0.03844510018825531,0.9829145669937134,0.9262155294418335,4.482341289520264,4.0168776512146,824.0,0.4270184338092804,,,,,,,,,,,,
7,,,19109,4.0,0.9908499717712402,0.9580130577087402,0.020411310717463493,0.9459372758865356,0.9708653688430786,3.6714723110198975,3.401439905166626,802.0,0.24962110817432404,,,,,,,,,,,,
7,,,19119,4.0,0.9891999959945679,0.8213621377944946,0.02368343621492386,0.8519341945648193,0.7958447933197021,4.923219203948975,4.634406089782715,147.0,0.26512956619262695,,,,,,,,,,,,
7,,,19129,4.0,0.988349974155426,0.9742273688316345,0.030956072732806206,0.9780765771865845,0.9704651236534119,4.780425548553467,4.315830707550049,935.0,0.4336385726928711,,,,,,,,,,,,
7,,,19139,4.0,0.9775000214576721,0.8991637229919434,0.04933112859725952,0.9388808012008667,0.8669054508209229,5.794926166534424,5.368524074554443,642.0,0.37707075476646423,,,,,,,,,,,,
7,,,19149,4.0,0.9905499815940857,0.9621148109436035,0.022938916459679604,0.9556424617767334,0.9688069820404053,4.223552227020264,3.7073376178741455,865.0,0.4932756721973419,,,,,,,,,,,,
7,,,19159,4.0,0.9922999739646912,0.9712997674942017,0.017914937809109688,0.9761673212051392,0.9665489792823792,4.008444786071777,3.6877615451812744,925.0,0.3027680516242981,,,,,,,,,,,,
7,,,19169,4.0,0.9910500049591064,0.9310429096221924,0.02248234488070011,0.9164198637008667,0.9468228816986084,5.868387222290039,5.762042045593262,318.0,0.08386271446943283,,,,,,,,,,,,
7,,,19179,4.0,0.9822499752044678,0.9204199314117432,0.044643089175224304,0.8841180205345154,0.9657891988754272,6.334068775177002,5.780314922332764,513.0,0.5091107487678528,,,,,,,,,,,,
7,,,19189,4.0,0.9766499996185303,0.8885920643806458,0.0571754164993763,0.8838787078857422,0.8934409022331238,6.168434143066406,5.669753551483154,677.0,0.4415050745010376,,,,,,,,,,,,
7,,,19199,4.0,0.9854000210762024,0.9518059492111206,0.034653957933187485,0.9687347412109375,0.9363047480583191,4.472785472869873,4.114892959594727,906.0,0.32323846220970154,,,,,,,,,,,,
7,,,19209,4.0,0.9831500053405762,0.9335542917251587,0.0340384803712368,0.9351862668991089,0.9319366216659546,4.278957366943359,3.7724130153656006,851.0,0.47250598669052124,,,,,,,,,,,,
7,,,19219,4.0,0.9858999848365784,0.8427973985671997,0.04685860499739647,0.8793096542358398,0.8130141496658325,6.215459823608398,5.716989040374756,244.0,0.4516119658946991,,,,,,,,,,,,
7,,,19229,4.0,0.988349974155426,0.9156813621520996,0.027803517878055573,0.9222149848937988,0.9093637466430664,5.020144462585449,4.7622246742248535,276.0,0.2301165908575058,,,,,,,,,,,,
7,,,19239,4.0,0.9894499778747559,0.8972910642623901,0.027673041447997093,0.9303898811340332,0.8691791296005249,5.774818420410156,4.4538893699646,316.0,1.2932559251785278,,,,,,,,,,,,
7,,,19249,4.0,0.9883999824523926,0.9697740077972412,0.02844073437154293,0.975039541721344,0.9646598696708679,4.2897629737854,3.6460864543914795,1004.0,0.6152359247207642,,,,,,,,,,,,
7,,,19259,4.0,0.9835500121116638,0.9491360187530518,0.040889546275138855,0.9490218162536621,0.9492502808570862,5.148707389831543,4.79358434677124,870.0,0.31423306465148926,,,,,,,,,,,,
7,,,19269,4.0,0.978950023651123,0.8818525075912476,0.05221467837691307,0.9000696539878845,0.8654015064239502,6.091427803039551,5.73726224899292,427.0,0.30195075273513794,,,,,,,,,,,,
7,,,19279,4.0,0.9822999835014343,0.9089103937149048,0.04056413099169731,0.9138892889022827,0.9040653705596924,5.559788227081299,5.1319169998168945,530.0,0.38730722665786743,,,,,,,,,,,,
7,,,19289,4.0,0.9854999780654907,0.9287272691726685,0.03648858889937401,0.9283514618873596,0.9291037321090698,5.738203048706055,5.291839122772217,481.0,0.40987515449523926,,,,,,,,,,,,
7,,,19299,4.0,0.974399983882904,0.928314745426178,0.06597446650266647,0.9200650453567505,0.9369996786117554,5.922274112701416,5.156863689422607,626.0,0.6994360089302063,,,,,,,,,,,,
7,,,19309,4.0,0.9861000180244446,0.9480912089347839,0.03425459563732147,0.9583887457847595,0.9383292198181152,4.386313438415527,3.960070848464966,1025.0,0.39198824763298035,,,,,,,,,,,,
7,,,19319,4.0,0.9879999756813049,0.8752202987670898,0.02677554078400135,0.8658326268196106,0.8851349353790283,5.037199974060059,4.731932640075684,212.0,0.27849194407463074,,,,,,,,,,,,
7,,,19329,4.0,0.9807999730110168,0.9318529367446899,0.044490788131952286,0.9707107543945312,0.8999520540237427,4.892576694488525,4.440165996551514,876.0,0.40792006254196167,,,,,,,,,,,,
7,,,19339,4.0,0.9837499856948853,0.9269718527793884,0.04550430178642273,0.9221296310424805,0.9319443702697754,6.203025817871094,5.462461471557617,480.0,0.6950601935386658,,,,,,,,,,,,
7,,,19349,4.0,0.9916499853134155,0.9383212924003601,0.020023738965392113,0.937420129776001,0.939226508140564,4.21273136138916,3.920380115509033,358.0,0.2723275423049927,,,,,,,,,,,,
7,,,19359,4.0,0.9836500287055969,0.8903317451477051,0.04128194972872734,0.91103196144104,0.8717942237854004,6.107844829559326,5.264570713043213,242.0,0.8019921183586121,,,,,,,,,,,,
7,,,19369,4.0,0.986299991607666,0.919276237487793,0.033474382013082504,0.901681125164032,0.9386826157569885,6.208518981933594,5.641747951507568,418.0,0.5332964062690735,,,,,,,,,,,,
7,,,19379,4.0,0.9875500202178955,0.9614059925079346,0.03378484770655632,0.9798150658607483,0.9446642398834229,5.403798580169678,4.27598762512207,803.0,1.09402596950531,,,,,,,,,,,,
7,,,19389,4.0,0.972100019454956,0.797661542892456,0.07847410440444946,0.9447174668312073,0.7274614572525024,5.849360942840576,5.252125263214111,426.0,0.5187615752220154,,,,,,,,,,,,
7,,,19399,4.0,0.9930499792098999,0.9753396511077881,0.02031073532998562,0.9751967191696167,0.9754825830459595,4.164759635925293,3.4669241905212402,1099.0,0.6775246858596802,,,,,,,,,,,,
7,,,19409,4.0,0.9876999855041504,0.9604628682136536,0.03481852263212204,0.9662008285522461,0.9548963308334351,5.894348621368408,5.669957160949707,1196.0,0.18957296013832092,,,,,,,,,,,,
7,,,19419,4.0,0.9728500247001648,0.8766167163848877,0.06473283469676971,0.8441527485847473,0.917233943939209,5.194732666015625,4.670416355133057,346.0,0.4595835208892822,,,,,,,,,,,,
7,,,19429,4.0,0.9882500171661377,0.9415516257286072,0.02732805535197258,0.9386288523674011,0.9445189833641052,6.322798252105713,5.616375923156738,574.0,0.6790941953659058,,,,,,,,,,,,
7,,,19439,4.0,0.9863499999046326,0.8981925845146179,0.03354893624782562,0.887202262878418,0.9098846912384033,5.198909282684326,4.707958221435547,263.0,0.45740219950675964,,,,,,,,,,,,
7,,,19449,4.0,0.9801499843597412,0.9496411681175232,0.0511087141931057,0.9402365684509277,0.9596059322357178,5.23669958114624,4.8128862380981445,1061.0,0.3727043867111206,,,,,,,,,,,,
7,,,19459,4.0,0.9925500154495239,0.9722581505775452,0.019030345603823662,0.9682384729385376,0.9763609170913696,4.201585292816162,3.7313075065612793,904.0,0.4512474238872528,,,,,,,,,,,,
7,,,19469,4.0,0.9782000184059143,0.844413161277771,0.051124926656484604,0.8509280681610107,0.8381585478782654,5.8886518478393555,5.476027011871338,284.0,0.36149975657463074,,,,,,,,,,,,
7,,,19479,4.0,0.9904000163078308,0.9628140926361084,0.023694587871432304,0.9671856760978699,0.9585379362106323,4.423335075378418,4.055720329284668,910.0,0.34392035007476807,,,,,,,,,,,,
7,,,19489,4.0,0.9876499772071838,0.9380155801773071,0.03308408707380295,0.9454337954521179,0.9308714866638184,5.669459342956543,5.049663543701172,420.0,0.5867116451263428,,,,,,,,,,,,
7,,,19499,4.0,0.9934499859809875,0.902991771697998,0.015464149415493011,0.9082493185997009,0.8978732824325562,5.182694911956787,4.883573532104492,178.0,0.28365689516067505,,,,,,,,,,,,
7,,,19509,4.0,0.9908000230789185,0.8911677598953247,0.03163519129157066,0.9058965444564819,0.8775207996368408,6.350545406341553,5.8223161697387695,235.0,0.49659374356269836,,,,,,,,,,,,
7,,,19519,4.0,0.9799500107765198,0.9248601794242859,0.05940794572234154,0.9529470205307007,0.9006143808364868,4.453795433044434,4.056297779083252,960.0,0.33809012174606323,,,,,,,,,,,,
7,,,19529,4.0,0.98785001039505,0.9311749339103699,0.02929817885160446,0.9662117958068848,0.9015162587165833,4.382129192352295,4.14004373550415,491.0,0.2127871811389923,,,,,,,,,,,,
7,,,19539,4.0,0.982450008392334,0.9444308876991272,0.03990751877427101,0.954359769821167,0.9350253343582153,5.154235363006592,4.6878862380981445,920.0,0.42644184827804565,,,,,,,,,,,,
7,,,19549,4.0,0.9836500287055969,0.9372327327728271,0.03989538550376892,0.9414668679237366,0.9330938458442688,4.442520618438721,3.986288070678711,905.0,0.4163370132446289,,,,,,,,,,,,
7,,,19559,4.0,0.9833499789237976,0.9193955659866333,0.03979412093758583,0.9410316348075867,0.9000414609909058,5.777223587036133,5.333362579345703,378.0,0.4040669798851013,,,,,,,,,,,,
7,,,19569,4.0,0.9758999943733215,0.8958500623703003,0.05616569146513939,0.9349654912948608,0.8640830516815186,7.111566066741943,6.5780534744262695,562.0,0.4773469567298889,,,,,,,,,,,,
7,,,19579,4.0,0.9800000190734863,0.7751033902168274,0.0478178970515728,0.8293783068656921,0.7369284629821777,5.851253032684326,5.347929000854492,200.0,0.4555061161518097,,,,,,,,,,,,
7,,,19589,4.0,0.9871500134468079,0.862434983253479,0.031187085434794426,0.8235061168670654,0.9128605127334595,4.612115383148193,4.125504970550537,166.0,0.45542335510253906,,,,,,,,,,,,
7,,,19599,4.0,0.9789000153541565,0.9177744388580322,0.05495688319206238,0.9264030456542969,0.9095499515533447,6.243478775024414,5.796011924743652,584.0,0.3925097584724426,,,,,,,,,,,,
7,,,19609,4.0,0.9670500159263611,0.8369654417037964,0.08243921399116516,0.9282643795013428,0.780869722366333,8.833322525024414,5.369633197784424,998.0,3.3812501430511475,,,,,,,,,,,,
7,,,19619,4.0,0.9843000173568726,0.920667290687561,0.03862641006708145,0.9015335440635681,0.9420040249824524,4.964260578155518,4.667063236236572,497.0,0.258571058511734,,,,,,,,,,,,
7,,,19629,4.0,0.991349995136261,0.965225338935852,0.020223619416356087,0.9605792760848999,0.9699827432632446,4.234318256378174,3.872189521789551,915.0,0.3419053256511688,,,,,,,,,,,,
7,,,19639,4.0,0.9903500080108643,0.944010853767395,0.026715468615293503,0.9382364749908447,0.9499570727348328,3.961613178253174,3.686446189880371,562.0,0.24845139682292938,,,,,,,,,,,,
7,,,19649,4.0,0.9796000123023987,0.9500969648361206,0.04899800941348076,0.948915958404541,0.9512864351272583,5.051786422729492,4.593508243560791,775.0,0.4092802405357361,,,,,,,,,,,,
7,,,19659,4.0,0.9786999821662903,0.8707420825958252,0.048495952039957047,0.8839973211288452,0.8584662675857544,6.2238383293151855,5.842421054840088,496.0,0.3329215347766876,,,,,,,,,,,,
7,,,19669,4.0,0.9853500127792358,0.9022184610366821,0.03437567874789238,0.8863542079925537,0.9195883870124817,5.200159072875977,4.540335655212402,316.0,0.6254475712776184,,,,,,,,,,,,
7,,,19679,4.0,0.9816499948501587,0.8981462717056274,0.04598334804177284,0.9023987650871277,0.8939934968948364,5.5828423500061035,4.949126720428467,416.0,0.5877323150634766,,,,,,,,,,,,
7,,,19689,4.0,0.9746500253677368,0.8828192353248596,0.05784326791763306,0.8522809743881226,0.9202876091003418,6.0763468742370605,5.442977428436279,392.0,0.5755261182785034,,,,,,,,,,,,
7,,,19699,4.0,0.9868500232696533,0.9605976343154907,0.02954377420246601,0.9569175243377686,0.9643533229827881,3.9560928344726562,3.534071922302246,907.0,0.39247697591781616,,,,,,,,,,,,
7,,,19709,4.0,0.9856500029563904,0.9589386582374573,0.038882456719875336,0.9442152976989746,0.9749801158905029,4.616758823394775,4.009586811065674,681.0,0.5682896375656128,,,,,,,,,,,,
7,,,19719,4.0,0.984499990940094,0.9081770181655884,0.03673965111374855,0.910841703414917,0.9055505394935608,5.338769912719727,4.930685043334961,490.0,0.371345192193985,,,,,,,,,,,,
7,,,19729,4.0,0.9872499704360962,0.9155237078666687,0.0375436469912529,0.8937696218490601,0.9401034116744995,3.673017978668213,3.4269416332244873,418.0,0.2085328847169876,,,,,,,,,,,,
7,,,19739,4.0,0.9869999885559082,0.919683575630188,0.030949899926781654,0.9274346232414246,0.9122366905212402,5.7096052169799805,5.353953838348389,329.0,0.32470107078552246,,,,,,,,,,,,
7,,,19749,4.0,0.9781500101089478,0.911913275718689,0.05944545194506645,0.899553656578064,0.9252169132232666,5.812791347503662,5.190511703491211,639.0,0.5628344416618347,,,,,,,,,,,,
7,,,19759,4.0,0.9900000095367432,0.9223387837409973,0.02223709598183632,0.9463843107223511,0.9009280204772949,5.414522171020508,4.824284553527832,342.0,0.5680003762245178,,,,,,,,,,,,
7,,,19769,4.0,0.9848499894142151,0.8485956788063049,0.041584428399801254,0.9002296924591064,0.8093689680099487,5.437568187713623,4.784120082855225,200.0,0.6118637323379517,,,,,,,,,,,,
7,,,19779,4.0,0.981249988079071,0.9028332233428955,0.04478740692138672,0.9220024347305298,0.8855314254760742,7.481750965118408,6.425483703613281,545.0,1.0114797353744507,,,,,,,,,,,,
7,,,19789,4.0,0.9648500084877014,0.8724340200424194,0.08097708970308304,0.907974362373352,0.8436195850372314,6.175832748413086,5.753330230712891,578.0,0.3415255546569824,,,,,,,,,,,,
7,,,19799,4.0,0.9852499961853027,0.9584071636199951,0.03233003616333008,0.9580959677696228,0.95871901512146,6.9568986892700195,4.589593887329102,1240.0,2.334974527359009,,,,,,,,,,,,
7,,,19809,4.0,0.9813500046730042,0.8919072151184082,0.04334599897265434,0.8774480223655701,0.9076671600341797,5.8145432472229,5.610255718231201,461.0,0.16094163060188293,,,,,,,,,,,,
7,,,19819,4.0,0.9785500168800354,0.9419959783554077,0.05484120920300484,0.9287813901901245,0.9563363194465637,6.210759162902832,6.089271068572998,941.0,0.06664711982011795,,,,,,,,,,,,
7,,,19829,4.0,0.9786499738693237,0.8963742256164551,0.05315902829170227,0.9388784170150757,0.862260639667511,6.668698310852051,5.8627400398254395,534.0,0.7527990937232971,,,,,,,,,,,,
7,,,19839,4.0,0.991100013256073,0.9674487113952637,0.024086948484182358,0.9797740578651428,0.9558538198471069,4.720871925354004,4.269044399261475,826.0,0.42774033546447754,,,,,,,,,,,,
7,,,19849,4.0,0.9807999730110168,0.9267508387565613,0.04836773872375488,0.9177533388137817,0.9362248778343201,5.15039587020874,4.850046157836914,783.0,0.2519824206829071,,,,,,,,,,,,
7,,,19859,4.0,0.9919999837875366,0.9717919826507568,0.02170255035161972,0.9737731218338013,0.9698306322097778,4.21903133392334,3.771862268447876,913.0,0.425466388463974,,,,,,,,,,,,
7,,,19869,4.0,0.9932000041007996,0.9787413477897644,0.016641385853290558,0.9770210385322571,0.9804771542549133,3.9830713272094727,3.565626859664917,793.0,0.40080317854881287,,,,,,,,,,,,
7,,,19879,4.0,0.9842000007629395,0.9089531898498535,0.03597607463598251,0.8989512324333191,0.9195331335067749,6.382136821746826,5.186343669891357,279.0,1.1598173379898071,,,,,,,,,,,,
7,,,19889,4.0,0.9835500121116638,0.9450163841247559,0.0405229851603508,0.9424201250076294,0.9476503133773804,6.004451274871826,5.716420650482178,1015.0,0.24750776588916779,,,,,,,,,,,,
7,,,19899,4.0,0.9768000245094299,0.8676965236663818,0.06836701929569244,0.8408014178276062,0.8998927474021912,6.869115352630615,6.656096935272217,615.0,0.14465132355690002,,,,,,,,,,,,
7,,,19909,4.0,0.9882000088691711,0.953829824924469,0.030265668407082558,0.9616456627845764,0.9463192820549011,6.393011569976807,5.864100456237793,939.0,0.49864524602890015,,,,,,,,,,,,
7,,,19919,4.0,0.9888499975204468,0.8859742879867554,0.031084081158041954,0.8995875716209412,0.8733099699020386,5.151094436645508,4.836583614349365,243.0,0.28342655301094055,,,,,,,,,,,,
7,,,19929,4.0,0.9818999767303467,0.9316190481185913,0.04127288982272148,0.9120515584945679,0.95356285572052,5.032580375671387,4.150214195251465,773.0,0.8410928845405579,,,,,,,,,,,,
7,,,19939,4.0,0.9881500005722046,0.9565914869308472,0.03117026761174202,0.9648969173431396,0.948632538318634,5.977856636047363,5.79502010345459,1266.0,0.15166640281677246,,,,,,,,,,,,
7,,,19949,4.0,0.9873499870300293,0.9213564395904541,0.032660048454999924,0.9192090034484863,0.9235284328460693,5.1782002449035645,4.8749566078186035,255.0,0.27058377861976624,,,,,,,,,,,,
7,,,19959,4.0,0.9934999942779541,0.9500271677970886,0.018753403797745705,0.9487403631210327,0.9513219594955444,4.925655364990234,4.329560279846191,256.0,0.5773416757583618,,,,,,,,,,,,
7,,,19969,4.0,0.9881500005722046,0.7443370819091797,0.027286289259791374,0.7438234686851501,0.7448530197143555,5.112027168273926,4.743208408355713,92.0,0.341532826423645,,,,,,,,,,,,
7,,,19979,4.0,0.9846000075340271,0.9185614585876465,0.03862978518009186,0.9213731288909912,0.9157918691635132,4.178915023803711,3.9293553829193115,494.0,0.2109300196170807,,,,,,,,,,,,
7,,,19989,4.0,0.982699990272522,0.9387807846069336,0.04933484271168709,0.9549903869628906,0.923902153968811,3.7386178970336914,3.282432794570923,903.0,0.4068504571914673,,,,,,,,,,,,
7,,,19999,4.0,0.9866999983787537,0.8220697641372681,0.034749746322631836,0.9233582615852356,0.7611066102981567,5.709434509277344,5.033020973205566,211.0,0.6416637301445007,,,,,,,,,,,,
7,,,20009,4.0,0.9864000082015991,0.9103841781616211,0.035393159836530685,0.8810237050056458,0.9452248811721802,5.896409511566162,4.795328617095947,442.0,1.0656875371932983,,,,,,,,,,,,
7,,,20019,4.0,0.9865999817848206,0.9615594148635864,0.035911478102207184,0.9590126872062683,0.9641425013542175,5.561735153198242,4.67425012588501,783.0,0.8515733480453491,,,,,,,,,,,,
7,,,20029,4.0,0.9828500151634216,0.8530192375183105,0.041443075984716415,0.9263666272163391,0.8023913502693176,6.2855544090271,6.0231122970581055,300.0,0.2209993153810501,,,,,,,,,,,,
7,,,20039,4.0,0.9886500239372253,0.9695171117782593,0.025910833850502968,0.985476553440094,0.9548593759536743,4.40980339050293,4.15796422958374,931.0,0.2259284257888794,,,,,,,,,,,,
7,,,20049,4.0,0.9902499914169312,0.8641382455825806,0.024585383012890816,0.896745502948761,0.8366749882698059,4.902204513549805,4.315545082092285,223.0,0.5620740056037903,,,,,,,,,,,,
7,,,20059,4.0,0.9835000038146973,0.8253181576728821,0.040496326982975006,0.8973195552825928,0.7764034271240234,4.973542213439941,4.686864852905273,241.0,0.24618108570575714,,,,,,,,,,,,
7,,,20069,4.0,0.9844499826431274,0.9550057649612427,0.03468123823404312,0.9799486994743347,0.9331267476081848,5.180543899536133,4.68924617767334,936.0,0.45661625266075134,,,,,,,,,,,,
7,,,20079,4.0,0.9883000254631042,0.9320091605186462,0.03245295584201813,0.9437759518623352,0.9209144711494446,4.865199565887451,4.736185550689697,482.0,0.09656087309122086,,,,,,,,,,,,
7,,,20089,4.0,0.9811999797821045,0.9336714744567871,0.043716371059417725,0.957712709903717,0.9124802350997925,5.155701637268066,4.488390922546387,834.0,0.6235944032669067,,,,,,,,,,,,
7,,,20099,4.0,0.9881500005722046,0.9582293033599854,0.030517175793647766,0.9498083591461182,0.9670411944389343,4.763375282287598,4.331298828125,708.0,0.401559442281723,,,,,,,,,,,,
7,,,20109,4.0,0.982200026512146,0.9463095664978027,0.04632221534848213,0.9590804576873779,0.9343994855880737,7.796282768249512,6.8597002029418945,1587.0,0.8902602791786194,,,,,,,,,,,,
7,,,20119,4.0,0.9865999817848206,0.9382855296134949,0.03239737078547478,0.9444559812545776,0.9323083162307739,4.832096576690674,4.467374801635742,437.0,0.3323245644569397,,,,,,,,,,,,
7,,,20129,4.0,0.9883999824523926,0.9133018255233765,0.02867947705090046,0.9288612604141235,0.8989177942276001,6.458771228790283,6.256570339202881,360.0,0.17352159321308136,,,,,,,,,,,,
7,,,20139,4.0,0.9908000230789185,0.9484940767288208,0.02748078852891922,0.9444392919540405,0.9526323080062866,4.788305759429932,4.03603458404541,627.0,0.7247904539108276,,,,,,,,,,,,
7,,,20149,4.0,0.9888499975204468,0.9244627952575684,0.028253881260752678,0.9236679673194885,0.9252609014511108,5.671229839324951,5.470510005950928,355.0,0.17246578633785248,,,,,,,,,,,,
7,,,20159,4.0,0.9865999817848206,0.8988633751869202,0.030796047300100327,0.8661818504333496,0.9386210441589355,5.89200496673584,5.607170581817627,326.0,0.2540382444858551,,,,,,,,,,,,
7,,,20169,4.0,0.9865999817848206,0.918952465057373,0.04211629927158356,0.9348738193511963,0.9042683839797974,5.783087253570557,5.532318592071533,439.0,0.208652526140213,,,,,,,,,,,,
7,,,20179,4.0,0.9912499785423279,0.9662080407142639,0.022240357473492622,0.963284969329834,0.9691750407218933,5.034476280212402,4.026025295257568,924.0,0.9862105846405029,,,,,,,,,,,,
7,,,20189,4.0,0.9909999966621399,0.9600752592086792,0.02007640339434147,0.9465407133102417,0.9745936393737793,3.951855421066284,3.566566228866577,792.0,0.36521264910697937,,,,,,,,,,,,
7,,,20199,4.0,0.9822999835014343,0.9437347650527954,0.04460134357213974,0.9518561363220215,0.9359671473503113,4.431188583374023,3.8375754356384277,804.0,0.5490114688873291,,,,,,,,,,,,
7,,,20209,4.0,0.9885500073432922,0.960782527923584,0.02853124774992466,0.9564502239227295,0.9652161002159119,4.2849531173706055,4.008197784423828,870.0,0.24822403490543365,,,,,,,,,,,,
7,,,20219,4.0,0.9785000085830688,0.9435381889343262,0.05396164581179619,0.9641573429107666,0.9251839518547058,4.106584072113037,3.780167818069458,943.0,0.2724544107913971,,,,,,,,,,,,
7,,,20229,4.0,0.9882500171661377,0.9602131843566895,0.02820531651377678,0.970285177230835,0.9506511688232422,4.834166526794434,4.418777942657471,862.0,0.38718336820602417,,,,,,,,,,,,
7,,,20239,4.0,0.9891499876976013,0.8999003171920776,0.03320084139704704,0.8880923986434937,0.9125033617019653,6.775397300720215,6.134738922119141,439.0,0.6074576377868652,,,,,,,,,,,,
7,,,20249,4.0,0.9811999797821045,0.9352532625198364,0.052515897899866104,0.9177277684211731,0.9546879529953003,6.639224529266357,6.072041988372803,701.0,0.5146663784980774,,,,,,,,,,,,
7,,,20259,4.0,0.9903500080108643,0.8981454372406006,0.028552861884236336,0.9655179977416992,0.8485492467880249,4.019060134887695,3.9172306060791016,258.0,0.073276586830616,,,,,,,,,,,,
7,,,20269,4.0,0.9884999990463257,0.9518663883209229,0.027432817965745926,0.9655299186706543,0.9391023516654968,4.758986473083496,4.097912788391113,667.0,0.6336410045623779,,,,,,,,,,,,
7,,,20279,4.0,0.9907500147819519,0.856857419013977,0.0244166050106287,0.8410645723342896,0.8742538690567017,3.779047727584839,3.5560061931610107,185.0,0.19862481951713562,,,,,,,,,,,,
7,,,20289,4.0,0.9861999750137329,0.9399983882904053,0.031628966331481934,0.9677297472953796,0.9158035516738892,4.571080207824707,3.957510471343994,724.0,0.5819404721260071,,,,,,,,,,,,
7,,,20299,4.0,0.9878000020980835,0.9303544759750366,0.03338006138801575,0.9680527448654175,0.8988161087036133,5.635448455810547,5.049960613250732,348.0,0.5521076321601868,,,,,,,,,,,,
7,,,20309,4.0,0.9733499884605408,0.8963205814361572,0.060582276433706284,0.9032396078109741,0.8896787166595459,7.107690811157227,5.562342166900635,447.0,1.4847667217254639,,,,,,,,,,,,
7,,,20319,4.0,0.9803500175476074,0.9556095600128174,0.04603751003742218,0.9826503992080688,0.9324620962142944,5.412878036499023,4.9443817138671875,1030.0,0.42245885729789734,,,,,,,,,,,,
7,,,20329,4.0,0.9825999736785889,0.9349374771118164,0.040328238159418106,0.9452430009841919,0.9251848459243774,5.017073631286621,4.356778621673584,904.0,0.619966983795166,,,,,,,,,,,,
7,,,20339,4.0,0.9822499752044678,0.9338615536689758,0.03985699638724327,0.9649190902709961,0.9073494076728821,5.25091552734375,4.731420040130615,931.0,0.4796385169029236,,,,,,,,,,,,
7,,,20349,4.0,0.9886500239372253,0.9535605907440186,0.035065021365880966,0.9442716240882874,0.9633170962333679,4.903382778167725,4.5960540771484375,1079.0,0.2722635269165039,,,,,,,,,,,,
7,,,20359,4.0,0.987500011920929,0.9412314295768738,0.04049595445394516,0.9679930210113525,0.9177312850952148,4.042111873626709,3.6032447814941406,932.0,0.3983710706233978,,,,,,,,,,,,
7,,,20369,4.0,0.9730499982833862,0.9179608821868896,0.05937802791595459,0.91827392578125,0.9176483750343323,4.794247627258301,4.411369800567627,842.0,0.3234996795654297,,,,,,,,,,,,
7,,,20379,4.0,0.9809499979019165,0.885349452495575,0.04609616845846176,0.9332923889160156,0.8478158712387085,5.8458452224731445,5.187572479248047,313.0,0.6121766567230225,,,,,,,,,,,,
7,,,20389,4.0,0.9898999929428101,0.9609034061431885,0.02617925964295864,0.9615190029144287,0.9602897763252258,4.672124862670898,4.310009479522705,790.0,0.33593612909317017,,,,,,,,,,,,
7,,,20399,4.0,0.9766499996185303,0.8700011372566223,0.04880189895629883,0.8683304786682129,0.871688961982727,6.2577738761901855,5.8612470626831055,479.0,0.3477247357368469,,,,,,,,,,,,
,9.844486647586725e-05,0.0009844486647586723,20408,,,,,,,,,,,,,,,,,,,,,,
8,,,20409,4.0,0.992900013923645,0.9774303436279297,0.019462814554572105,0.9714920520782471,0.9835568070411682,4.008411884307861,3.6603469848632812,589.0,0.32860204577445984,,,,,,,,,,,,
8,,,20419,4.0,0.9896500110626221,0.9654827117919922,0.027352426201105118,0.9653527736663818,0.9656126499176025,5.418470859527588,4.401302337646484,844.0,0.9898160696029663,,,,,,,,,,,,
8,,,20429,4.0,0.991100013256073,0.9815640449523926,0.022465214133262634,0.9902538657188416,0.973313570022583,3.6618785858154297,3.3455467224121094,1000.0,0.2938665747642517,,,,,,,,,,,,
8,,,20439,4.0,0.9779999852180481,0.8728262186050415,0.06690720468759537,0.8701048493385315,0.8755929470062256,6.266085624694824,5.283369541168213,347.0,0.9158086776733398,,,,,,,,,,,,
8,,,20449,4.0,0.9882500171661377,0.9514050483703613,0.02900312840938568,0.9605571031570435,0.94266676902771,4.6880035400390625,4.139334201812744,698.0,0.5196662545204163,,,,,,,,,,,,
8,,,20459,4.0,0.9930999875068665,0.9577527046203613,0.024175850674510002,0.9698895215988159,0.9462859034538269,5.204692840576172,4.604776382446289,408.0,0.5757406949996948,,,,,,,,,,,,
8,,,20469,4.0,0.9882000088691711,0.9651447534561157,0.028349490836262703,0.9547226428985596,0.9761934280395508,3.9171297550201416,3.457136392593384,818.0,0.4316440522670746,,,,,,,,,,,,
8,,,20479,4.0,0.991349995136261,0.9282901287078857,0.023653633892536163,0.9333478212356567,0.9233576059341431,3.9747660160064697,3.8406388759613037,224.0,0.11047332733869553,,,,,,,,,,,,
8,,,20489,4.0,0.9894000291824341,0.9304057955741882,0.027355404570698738,0.9153939485549927,0.9466617107391357,4.380019664764404,4.098775863647461,647.0,0.2538885772228241,,,,,,,,,,,,
8,,,20499,4.0,0.9699500203132629,0.9310421943664551,0.07333439588546753,0.9220315217971802,0.9406203031539917,7.268423557281494,5.467336177825928,1114.0,1.7277531623840332,,,,,,,,,,,,
8,,,20509,4.0,0.9823499917984009,0.8901469707489014,0.04594400152564049,0.8710079193115234,0.9116231203079224,5.721039772033691,5.5551605224609375,349.0,0.11993502825498581,,,,,,,,,,,,
8,,,20519,4.0,0.992900013923645,0.948439359664917,0.016866544261574745,0.9413069486618042,0.9558267593383789,3.8157799243927,3.6587703227996826,425.0,0.14014305174350739,,,,,,,,,,,,
8,,,20529,4.0,0.9859499931335449,0.9003186225891113,0.03490156680345535,0.8974456787109375,0.9032373428344727,6.826949119567871,5.312671661376953,335.0,1.479375958442688,,,,,,,,,,,,
8,,,20539,4.0,0.9836500287055969,0.9152705669403076,0.03918466344475746,0.9249942302703857,0.906036376953125,6.01384973526001,5.618539810180664,426.0,0.35612547397613525,,,,,,,,,,,,
8,,,20549,4.0,0.9873499870300293,0.8168377876281738,0.027486834675073624,0.8005089163780212,0.8351438045501709,5.169488906860352,4.71738862991333,178.0,0.4246133267879486,,,,,,,,,,,,
8,,,20559,4.0,0.9865999817848206,0.879007875919342,0.04331457242369652,0.8952065706253052,0.8641692399978638,5.834812641143799,5.32305908203125,435.0,0.4684393107891083,,,,,,,,,,,,
8,,,20569,4.0,0.988099992275238,0.9526053071022034,0.02928316406905651,0.9628545045852661,0.942874550819397,5.137032508850098,4.378407955169678,882.0,0.729341447353363,,,,,,,,,,,,
8,,,20579,4.0,0.990149974822998,0.9610516428947449,0.026397615671157837,0.9615249633789062,0.960579514503479,3.9510960578918457,3.619450569152832,877.0,0.3052477240562439,,,,,,,,,,,,
8,,,20589,4.0,0.9780499935150146,0.8928128480911255,0.05126641318202019,0.8889232277870178,0.8967927694320679,7.148614883422852,6.349141597747803,576.0,0.7482070326805115,,,,,,,,,,,,
8,,,20599,4.0,0.9921500086784363,0.9641819000244141,0.02258414775133133,0.9811440706253052,0.9485302567481995,4.30397367477417,3.946096181869507,782.0,0.33529341220855713,,,,,,,,,,,,
8,,,20609,4.0,0.9898499846458435,0.9526157975196838,0.023784345015883446,0.9588948488235474,0.9465298652648926,4.976983547210693,4.538669109344482,552.0,0.414530485868454,,,,,,,,,,,,
8,,,20619,4.0,0.9823499917984009,0.8021657466888428,0.03675708547234535,0.8044464588165283,0.7999210357666016,5.917984962463379,5.413719654083252,147.0,0.46750810742378235,,,,,,,,,,,,
8,,,20629,4.0,0.9886999726295471,0.9690638780593872,0.030076580122113228,0.9650174379348755,0.9732030630111694,4.4745707511901855,3.8593590259552,904.0,0.5851350426673889,,,,,,,,,,,,
8,,,20639,4.0,0.9853000044822693,0.8720574975013733,0.03384321182966232,0.8808033466339111,0.8637328147888184,5.032712936401367,4.836927890777588,315.0,0.16194196045398712,,,,,,,,,,,,
8,,,20649,4.0,0.9873499870300293,0.9438616037368774,0.029837528243660927,0.9668214321136475,0.9233517646789551,4.42567253112793,3.860279083251953,943.0,0.5355556607246399,,,,,,,,,,,,
8,,,20659,4.0,0.984499990940094,0.9609313011169434,0.04059699550271034,0.9609313011169434,0.9609313011169434,4.857260227203369,4.635721206665039,981.0,0.18094220757484436,,,,,,,,,,,,
8,,,20669,4.0,0.9847999811172485,0.8986098766326904,0.034230995923280716,0.9066279530525208,0.8909314274787903,5.345062732696533,5.115378379821777,278.0,0.1954529583454132,,,,,,,,,,,,
8,,,20679,4.0,0.9742500185966492,0.9207427501678467,0.0664048045873642,0.9172680377960205,0.9242914915084839,6.459275722503662,5.821024417877197,862.0,0.5718465447425842,,,,,,,,,,,,
8,,,20689,4.0,0.9722999930381775,0.8532369136810303,0.0629332959651947,0.8245089054107666,0.888508677482605,6.05225133895874,5.2893524169921875,469.0,0.6999656558036804,,,,,,,,,,,,
8,,,20699,4.0,0.9814500212669373,0.8964111804962158,0.0432644821703434,0.9304838180541992,0.8678534626960754,5.756139278411865,5.524822235107422,284.0,0.18805253505706787,,,,,,,,,,,,
8,,,20709,4.0,0.9921000003814697,0.9606152772903442,0.02084430493414402,0.9845207929611206,0.9392210245132446,4.233028888702393,3.896634817123413,868.0,0.3155496418476105,,,,,,,,,,,,
8,,,20719,4.0,0.9830499887466431,0.9512739181518555,0.047902971506118774,0.9517984986305237,0.9507508873939514,4.900107383728027,4.4814934730529785,840.0,0.3707107901573181,,,,,,,,,,,,
8,,,20729,4.0,0.9778500199317932,0.9079955816268921,0.04953529313206673,0.9096274971961975,0.9063787460327148,5.267000198364258,5.039576530456543,403.0,0.17788830399513245,,,,,,,,,,,,
8,,,20739,4.0,0.988099992275238,0.96071857213974,0.029176868498325348,0.9703549146652222,0.9515525102615356,5.121850490570068,4.699116230010986,709.0,0.39355769753456116,,,,,,,,,,,,
8,,,20749,4.0,0.9884499907493591,0.9159531593322754,0.039251215755939484,0.944657027721405,0.890995979309082,5.199978828430176,4.700367450714111,284.0,0.46035999059677124,,,,,,,,,,,,
8,,,20759,4.0,0.9872000217437744,0.9662739038467407,0.03140006959438324,0.9618777632713318,0.9707821607589722,4.375740051269531,3.9454901218414307,893.0,0.3988499641418457,,,,,,,,,,,,
8,,,20769,4.0,0.9885500073432922,0.8694241046905518,0.027212917804718018,0.8921335935592651,0.84932541847229,5.666031360626221,5.025025367736816,178.0,0.6137928366661072,,,,,,,,,,,,
8,,,20779,4.0,0.9813500046730042,0.9151086807250977,0.04851425066590309,0.9061578512191772,0.9245288372039795,5.771208763122559,5.461259365081787,476.0,0.2614348530769348,,,,,,,,,,,,
8,,,20789,4.0,0.9873499870300293,0.9602372646331787,0.036300987005233765,0.9474378824234009,0.9739875793457031,4.94313383102417,4.527431964874268,623.0,0.37940090894699097,,,,,,,,,,,,
8,,,20799,4.0,0.9911999702453613,0.9712209701538086,0.028999358415603638,0.9796178340911865,0.9631758332252502,5.543103218078613,5.199583530426025,1311.0,0.31452038884162903,,,,,,,,,,,,
8,,,20809,4.0,0.9843500256538391,0.8923600912094116,0.03708777576684952,0.9104417562484741,0.8759384751319885,5.892207145690918,5.054179668426514,243.0,0.8009395003318787,,,,,,,,,,,,
8,,,20819,4.0,0.989799976348877,0.9025839567184448,0.028944281861186028,0.909247875213623,0.8961471319198608,5.3133978843688965,5.060219764709473,262.0,0.22423353791236877,,,,,,,,,,,,
8,,,20829,4.0,0.9872999787330627,0.9547328948974609,0.029202105477452278,0.9474525451660156,0.9623053073883057,4.370391845703125,3.920811414718628,942.0,0.4203781187534332,,,,,,,,,,,,
8,,,20839,4.0,0.9927499890327454,0.9478771090507507,0.01864677108824253,0.9561043977737427,0.9399653673171997,5.289324760437012,4.990110397338867,392.0,0.2805677652359009,,,,,,,,,,,,
8,,,20849,4.0,0.9847000241279602,0.9123850464820862,0.03342686593532562,0.9119564294815063,0.9128146171569824,5.440958499908447,4.9484076499938965,347.0,0.45912423729896545,,,,,,,,,,,,
8,,,20859,4.0,0.9876999855041504,0.964317798614502,0.03031066246330738,0.9625815153121948,0.9660707712173462,4.352879524230957,3.8556957244873047,975.0,0.46687325835227966,,,,,,,,,,,,
8,,,20869,4.0,0.9886000156402588,0.8167245388031006,0.0248724315315485,0.7905913591384888,0.8482893109321594,4.724926948547363,4.29449987411499,114.0,0.40555477142333984,,,,,,,,,,,,
8,,,20879,4.0,0.9919499754905701,0.9552275538444519,0.02530512772500515,0.9860445857048035,0.9284526109695435,3.4962828159332275,3.1352880001068115,869.0,0.33568984270095825,,,,,,,,,,,,
8,,,20889,4.0,0.9818000197410583,0.9502605199813843,0.046238478273153305,0.9341967701911926,0.967972993850708,6.157846450805664,4.988041877746582,985.0,1.123565912246704,,,,,,,,,,,,
8,,,20899,4.0,0.9916499853134155,0.9641726016998291,0.024178478866815567,0.9657485485076904,0.9626089334487915,4.836337089538574,4.498100280761719,589.0,0.3140582740306854,,,,,,,,,,,,
8,,,20909,4.0,0.9854999780654907,0.9477797746658325,0.03836197033524513,0.9513776302337646,0.9442501068115234,5.280954360961914,4.225996971130371,832.0,1.016595482826233,,,,,,,,,,,,
8,,,20919,4.0,0.9854999780654907,0.9537365436553955,0.03414185717701912,0.9476035833358765,0.9600821137428284,5.110265731811523,3.7672717571258545,1101.0,1.3088520765304565,,,,,,,,,,,,
8,,,20929,4.0,0.9828500151634216,0.9283488988876343,0.03780975565314293,0.9138127565383911,0.9441395998001099,4.544496536254883,4.037114143371582,735.0,0.46957242488861084,,,,,,,,,,,,
8,,,20939,4.0,0.9810000061988831,0.9138963222503662,0.04452048987150192,0.9223712086677551,0.9058045744895935,6.111558437347412,5.891728401184082,574.0,0.17530956864356995,,,,,,,,,,,,
8,,,20949,4.0,0.9880499839782715,0.9406095743179321,0.028919989243149757,0.9239410758018494,0.9588432312011719,4.963205337524414,4.561638832092285,338.0,0.37264639139175415,,,,,,,,,,,,
8,,,20959,4.0,0.9769999980926514,0.8700478076934814,0.05124121159315109,0.8674136400222778,0.8727248907089233,6.296933174133301,5.919162750244141,451.0,0.3265288174152374,,,,,,,,,,,,
8,,,20969,4.0,0.9843999743461609,0.8314483761787415,0.034947626292705536,0.8945608139038086,0.7865352630615234,6.012242794036865,5.058991432189941,233.0,0.9183038473129272,,,,,,,,,,,,
8,,,20979,4.0,0.9848499894142151,0.889905571937561,0.03723184019327164,0.9096152782440186,0.8721540570259094,5.810253143310547,5.490347385406494,285.0,0.2826736867427826,,,,,,,,,,,,
8,,,20989,4.0,0.9742000102996826,0.8545258045196533,0.0607084296643734,0.9084032773971558,0.8144230842590332,5.7599897384643555,5.285426139831543,410.0,0.4138551354408264,,,,,,,,,,,,
8,,,20999,4.0,0.9613999724388123,0.808586597442627,0.0980205312371254,0.7907436490058899,0.8292092084884644,7.108267307281494,6.364659786224365,673.0,0.6455867886543274,,,,,,,,,,,,
8,,,21009,4.0,0.9898999929428101,0.9632884860038757,0.02331019565463066,0.9579160809516907,0.9688143730163574,3.741471767425537,3.5322086811065674,936.0,0.185952827334404,,,,,,,,,,,,
8,,,21019,4.0,0.9894999861717224,0.9609876871109009,0.025446925312280655,0.9666329622268677,0.9555025696754456,5.018404006958008,4.836362838745117,984.0,0.15659403800964355,,,,,,,,,,,,
8,,,21029,4.0,0.9901000261306763,0.9307180643081665,0.02758858911693096,0.9318374395370483,0.9296050071716309,5.2620930671691895,5.018986225128174,531.0,0.21551844477653503,,,,,,,,,,,,
8,,,21039,4.0,0.9707499742507935,0.9191985130310059,0.0745871365070343,0.8900725841522217,0.9548157453536987,6.832667350769043,5.650354862213135,1419.0,1.1077253818511963,,,,,,,,,,,,
8,,,21049,4.0,0.9897500276565552,0.887515664100647,0.025566838681697845,0.8657798171043396,0.912176787853241,4.655184745788574,4.233182907104492,205.0,0.396435022354126,,,,,,,,,,,,
8,,,21059,4.0,0.984000027179718,0.9187837243080139,0.037348125129938126,0.9027511477470398,0.9363415241241455,5.992648124694824,5.456823348999023,289.0,0.498476505279541,,,,,,,,,,,,
8,,,21069,4.0,0.9843999743461609,0.9097273349761963,0.04052403196692467,0.9520245790481567,0.8753511905670166,4.833163261413574,4.439427375793457,545.0,0.3532121181488037,,,,,,,,,,,,
8,,,21079,4.0,0.9865999817848206,0.9150967597961426,0.03017592243850231,0.9255142211914062,0.9052258729934692,6.081420421600342,5.714060306549072,408.0,0.3371846377849579,,,,,,,,,,,,
8,,,21089,4.0,0.9863499999046326,0.892511248588562,0.03814391791820526,0.8778262734413147,0.9084908962249756,4.208520889282227,3.951991081237793,248.0,0.2183856964111328,,,,,,,,,,,,
8,,,21099,4.0,0.9881500005722046,0.9554189443588257,0.03188997879624367,0.9458298683166504,0.9655138254165649,4.0793538093566895,3.6295177936553955,651.0,0.41794610023498535,,,,,,,,,,,,
8,,,21109,4.0,0.9837999939918518,0.9057591557502747,0.04250987991690636,0.9285824298858643,0.8854814171791077,6.173476696014404,5.606811046600342,444.0,0.5241554975509644,,,,,,,,,,,,
8,,,21119,4.0,0.9891999959945679,0.9337252378463745,0.029182827100157738,0.9337252378463745,0.9337252378463745,6.186640739440918,6.011007308959961,450.0,0.14645050466060638,,,,,,,,,,,,
8,,,21129,4.0,0.9872000217437744,0.9540987014770508,0.031699288636446,0.9816868305206299,0.9300295114517212,5.099887371063232,4.163512706756592,885.0,0.9046754837036133,,,,,,,,,,,,
8,,,21139,4.0,0.9902999997138977,0.9691816568374634,0.023876473307609558,0.9724172949790955,0.9660001993179321,4.2347092628479,3.7510738372802734,849.0,0.4597588777542114,,,,,,,,,,,,
8,,,21149,4.0,0.9787999987602234,0.8687254190444946,0.04812948778271675,0.8570283651351929,0.8813115358352661,5.991769313812256,5.63585901260376,461.0,0.30778077244758606,,,,,,,,,,,,
8,,,21159,4.0,0.9790999889373779,0.9315377473831177,0.048050470650196075,0.9546425342559814,0.9111359119415283,5.649853229522705,5.241520881652832,800.0,0.360281765460968,,,,,,,,,,,,
8,,,21169,4.0,0.982699990272522,0.9431750774383545,0.04500037059187889,0.9323437213897705,0.9547011852264404,5.071804523468018,4.427340030670166,879.0,0.599463939666748,,,,,,,,,,,,
8,,,21179,4.0,0.9856500029563904,0.9080612659454346,0.04386884719133377,0.918684720993042,0.8980147242546082,5.228217124938965,4.544185638427734,350.0,0.6401626467704773,,,,,,,,,,,,
8,,,21189,4.0,0.9928500056266785,0.9708901047706604,0.0161848533898592,0.9844870567321777,0.9581522345542908,4.0875043869018555,3.5984013080596924,886.0,0.4729180932044983,,,,,,,,,,,,
8,,,21199,4.0,0.9853000044822693,0.8868222236633301,0.03577371686697006,0.8936166167259216,0.8802773952484131,5.641561031341553,5.24686336517334,272.0,0.358924001455307,,,,,,,,,,,,
8,,,21209,4.0,0.9854000210762024,0.9044901728630066,0.036228328943252563,0.8959271311759949,0.9134718179702759,4.547281742095947,4.180169105529785,262.0,0.33088427782058716,,,,,,,,,,,,
8,,,21219,4.0,0.9797999858856201,0.9508448839187622,0.05276879295706749,0.9336171746253967,0.9700839519500732,5.780250549316406,5.221789360046387,1026.0,0.505692720413208,,,,,,,,,,,,
8,,,21229,4.0,0.9852499961853027,0.885366678237915,0.0332382470369339,0.8913360834121704,0.8795912861824036,5.867056846618652,5.085242748260498,346.0,0.7485756874084473,,,,,,,,,,,,
8,,,21239,4.0,0.988099992275238,0.952109694480896,0.028663048520684242,0.9820122718811035,0.9262270927429199,4.001891136169434,3.74263334274292,880.0,0.2305946946144104,,,,,,,,,,,,
8,,,21249,4.0,0.9829000234603882,0.9616734981536865,0.05191923677921295,0.9528350234031677,0.971019983291626,7.946285247802734,4.130438327789307,1114.0,3.763927698135376,,,,,,,,,,,,
8,,,21259,4.0,0.9845499992370605,0.8895138502120972,0.03643327206373215,0.9523462057113647,0.8430607318878174,6.091065883636475,5.785141944885254,452.0,0.2694908678531647,,,,,,,,,,,,
8,,,21269,4.0,0.9889000058174133,0.9599754810333252,0.03124355524778366,0.9645410776138306,0.9555161595344543,5.219252586364746,4.801614761352539,947.0,0.38639435172080994,,,,,,,,,,,,
8,,,21279,4.0,0.9819999933242798,0.9021039009094238,0.042578477412462234,0.8795319199562073,0.9279435873031616,6.558964729309082,5.84429407119751,477.0,0.6720917224884033,,,,,,,,,,,,
8,,,21289,4.0,0.983299970626831,0.9287467002868652,0.050477534532547,0.9515168070793152,0.9084855318069458,5.4220051765441895,4.445107936859131,714.0,0.9264198541641235,,,,,,,,,,,,
8,,,21299,4.0,0.9937499761581421,0.9703807830810547,0.017375554889440536,0.9631823301315308,0.9778390526771545,4.233280658721924,3.5448646545410156,655.0,0.6710403561592102,,,,,,,,,,,,
8,,,21309,4.0,0.9907000064849854,0.9744277000427246,0.02162337675690651,0.9786379337310791,0.9703119397163391,4.1190080642700195,3.8286192417144775,907.0,0.2687653601169586,,,,,,,,,,,,
8,,,21319,4.0,0.9813500046730042,0.844906210899353,0.04333912208676338,0.8574901819229126,0.8332443237304688,5.973233222961426,5.5037946701049805,208.0,0.4260992109775543,,,,,,,,,,,,
8,,,21329,4.0,0.9899500012397766,0.9232296943664551,0.02516166679561138,0.9229284524917603,0.9235312938690186,4.659723281860352,4.216359615325928,296.0,0.4182019531726837,,,,,,,,,,,,
8,,,21339,4.0,0.9803000092506409,0.8537794351577759,0.05268758535385132,0.8470819592475891,0.8607662916183472,5.503365993499756,5.171098709106445,229.0,0.2795795202255249,,,,,,,,,,,,
8,,,21349,4.0,0.9847999811172485,0.8229939937591553,0.034143898636102676,0.818041205406189,0.8281131982803345,4.836549758911133,4.585562705993652,166.0,0.21684294939041138,,,,,,,,,,,,
8,,,21359,4.0,0.9911999702453613,0.9294037818908691,0.02265579253435135,0.9300494194030762,0.928760290145874,3.5904412269592285,3.3894636631011963,350.0,0.17832189798355103,,,,,,,,,,,,
8,,,21369,4.0,0.9846500158309937,0.9636796712875366,0.04139328747987747,0.9607869982719421,0.9666229486465454,4.7215399742126465,3.969759225845337,940.0,0.7103872299194336,,,,,,,,,,,,
8,,,21379,4.0,0.9869499802589417,0.9696760177612305,0.03344161808490753,0.9689363241195679,0.9704189896583557,5.326429843902588,4.93913459777832,1083.0,0.3538537323474884,,,,,,,,,,,,
8,,,21389,4.0,0.9855499863624573,0.9658092260360718,0.03202216327190399,0.9657254219055176,0.9658929109573364,4.167726039886475,3.7930703163146973,1123.0,0.342633455991745,,,,,,,,,,,,
8,,,21399,4.0,0.9922500252723694,0.9405449032783508,0.0196786317974329,0.9377279281616211,0.9434013366699219,4.236550331115723,3.7134952545166016,417.0,0.5033764243125916,,,,,,,,,,,,
8,,,21409,4.0,0.9868000149726868,0.9308537244796753,0.033568236976861954,0.9320757389068604,0.9296395778656006,8.277667999267578,6.066992282867432,464.0,2.177107572555542,,,,,,,,,,,,
8,,,21419,4.0,0.9845499992370605,0.9257172346115112,0.038023218512535095,0.920508623123169,0.9310756921768188,5.807456970214844,5.13649845123291,663.0,0.6329354643821716,,,,,,,,,,,,
8,,,21429,4.0,0.9881500005722046,0.9551002979278564,0.03564821183681488,0.950568437576294,0.9597420692443848,5.1591315269470215,4.487162113189697,639.0,0.6363211870193481,,,,,,,,,,,,
8,,,21439,4.0,0.9898499846458435,0.9375386238098145,0.030101288110017776,0.9569206237792969,0.9198833703994751,4.524420261383057,4.210437774658203,345.0,0.28388118743896484,,,,,,,,,,,,
8,,,21449,4.0,0.9865000247955322,0.9142637252807617,0.03516998142004013,0.9211493730545044,0.9076216220855713,5.512444972991943,4.693002223968506,282.0,0.7842724919319153,,,,,,,,,,,,
8,,,21459,4.0,0.9876999855041504,0.929417610168457,0.03780781105160713,0.9276344776153564,0.9312173128128052,5.473334789276123,5.113393306732178,410.0,0.3221336603164673,,,,,,,,,,,,
8,,,21469,4.0,0.992900013923645,0.9445388317108154,0.025743035599589348,0.9649559259414673,0.9259613752365112,4.755528450012207,4.418186664581299,539.0,0.3115989565849304,,,,,,,,,,,,
8,,,21479,4.0,0.9779499769210815,0.9447565674781799,0.054378192871809006,0.9421006441116333,0.9474561214447021,6.152507781982422,5.1298747062683105,859.0,0.9682551622390747,,,,,,,,,,,,
8,,,21489,4.0,0.9854000210762024,0.8949652314186096,0.03399151936173439,0.8976211547851562,0.8923476934432983,5.955104827880859,5.23314905166626,364.0,0.6879644989967346,,,,,,,,,,,,
8,,,21499,4.0,0.9892500042915344,0.9473215341567993,0.0279756598174572,0.9575538635253906,0.9375947713851929,4.316102981567383,3.894702911376953,890.0,0.3934243321418762,,,,,,,,,,,,
8,,,21509,4.0,0.9727500081062317,0.8585208654403687,0.06683046370744705,0.9160028696060181,0.8164570927619934,5.679021835327148,5.185179710388184,422.0,0.4270114004611969,,,,,,,,,,,,
8,,,21519,4.0,0.982450008392334,0.9060728549957275,0.04164288192987442,0.9453938007354736,0.8738030195236206,6.193741321563721,5.952840328216553,361.0,0.19925832748413086,,,,,,,,,,,,
8,,,21529,4.0,0.9891499876976013,0.9252792596817017,0.02554619312286377,0.927183985710144,0.9233930110931396,5.384076118469238,4.809935569763184,328.0,0.5485944747924805,,,,,,,,,,,,
8,,,21539,4.0,0.9861500263214111,0.8724452257156372,0.03384304791688919,0.8734195232391357,0.8714763522148132,5.95841121673584,4.63236141204834,303.0,1.2922067642211914,,,,,,,,,,,,
8,,,21549,4.0,0.9868999719619751,0.9529368877410889,0.033100903034210205,0.9469515085220337,0.9591188430786133,4.901491165161133,4.403990745544434,723.0,0.4643995761871338,,,,,,,,,,,,
8,,,21559,4.0,0.991100013256073,0.9712537527084351,0.01837790757417679,0.9727773666381836,0.9697420597076416,4.207484245300293,3.745652675628662,830.0,0.4434533417224884,,,,,,,,,,,,
8,,,21569,4.0,0.9873499870300293,0.9497394561767578,0.033170800656080246,0.9687197208404541,0.932475209236145,4.087872505187988,3.471801519393921,955.0,0.5829004049301147,,,,,,,,,,,,
8,,,21579,4.0,0.9882000088691711,0.9725950360298157,0.03308777138590813,0.9729266166687012,0.9722640514373779,4.82393741607666,4.472594261169434,952.0,0.31825554370880127,,,,,,,,,,,,
8,,,21589,4.0,0.9862499833106995,0.9466142654418945,0.03343868628144264,0.9581621885299683,0.9357324242591858,4.684828281402588,4.380796909332275,697.0,0.2705928683280945,,,,,,,,,,,,
8,,,21599,4.0,0.9900000095367432,0.9460898637771606,0.02531168796122074,0.9531583189964294,0.9392637610435486,6.123160362243652,5.348563194274902,391.0,0.749285876750946,,,,,,,,,,,,
8,,,21609,4.0,0.9802500009536743,0.9197617769241333,0.04499072954058647,0.9392799735069275,0.9021719694137573,4.631585121154785,4.206575393676758,919.0,0.3800193667411804,,,,,,,,,,,,
8,,,21619,4.0,0.9861000180244446,0.9415220618247986,0.035379212349653244,0.9461181163787842,0.9370349645614624,5.106595993041992,4.60713529586792,473.0,0.4640815258026123,,,,,,,,,,,,
8,,,21629,4.0,0.9889000058174133,0.874373197555542,0.030483542010188103,0.9284312129020691,0.8329540491104126,6.968142032623291,5.3501482009887695,320.0,1.5875099897384644,,,,,,,,,,,,
8,,,21639,4.0,0.9841499924659729,0.9458991289138794,0.04121650382876396,0.9546789526939392,0.9375216960906982,6.042769908905029,5.6115641593933105,985.0,0.38998928666114807,,,,,,,,,,,,
8,,,21649,4.0,0.9876999855041504,0.9484426379203796,0.029491841793060303,0.9394719004631042,0.9578521847724915,5.0068888664245605,4.0284013748168945,842.0,0.9489954113960266,,,,,,,,,,,,
8,,,21659,4.0,0.9883000254631042,0.8941773772239685,0.03400127589702606,0.883090078830719,0.9059752225875854,4.995307445526123,4.4956889152526855,231.0,0.4656170904636383,,,,,,,,,,,,
8,,,21669,4.0,0.9825999736785889,0.780745267868042,0.03938845172524452,0.88694167137146,0.7218131422996521,6.593885898590088,6.2132110595703125,294.0,0.3412861227989197,,,,,,,,,,,,
8,,,21679,4.0,0.9902499914169312,0.9599932432174683,0.024630965664982796,0.9737521409988403,0.9471330642700195,3.918351888656616,3.584354877471924,890.0,0.30936601758003235,,,,,,,,,,,,
8,,,21689,4.0,0.9809499979019165,0.9410967230796814,0.05346547067165375,0.92844557762146,0.9547291994094849,4.67528772354126,3.859917640686035,799.0,0.7619046568870544,,,,,,,,,,,,
8,,,21699,4.0,0.988349974155426,0.9510776996612549,0.027948398143053055,0.9552557468414307,0.9469879865646362,4.600665092468262,4.2057414054870605,742.0,0.36697521805763245,,,,,,,,,,,,
8,,,21709,4.0,0.9908499717712402,0.9814019203186035,0.02564794383943081,0.9799439907073975,0.9828732013702393,4.082440376281738,3.621936559677124,890.0,0.4348561465740204,,,,,,,,,,,,
8,,,21719,4.0,0.9938499927520752,0.9700722694396973,0.01611235737800598,0.967036247253418,0.9731534719467163,3.6807117462158203,3.3642640113830566,679.0,0.3003352880477905,,,,,,,,,,,,
8,,,21729,4.0,0.9881500005722046,0.8666055202484131,0.03525139018893242,0.9250267744064331,0.8229127526283264,5.079949378967285,4.795626163482666,220.0,0.24907168745994568,,,,,,,,,,,,
8,,,21739,4.0,0.988099992275238,0.9450595378875732,0.027963677421212196,0.9617500305175781,0.9296908974647522,5.103762626647949,4.697879314422607,403.0,0.37791991233825684,,,,,,,,,,,,
8,,,21749,4.0,0.980650007724762,0.8924875855445862,0.04793281853199005,0.9423091411590576,0.8537335991859436,6.078517913818359,5.557833671569824,473.0,0.4727516770362854,,,,,,,,,,,,
8,,,21759,4.0,0.9786999821662903,0.9540106058120728,0.054899461567401886,0.9369137287139893,0.9732092618942261,5.850736141204834,4.928388595581055,1098.0,0.8674477934837341,,,,,,,,,,,,
8,,,21769,4.0,0.9917500019073486,0.9755898118019104,0.019633425399661064,0.9761631488800049,0.9750182628631592,3.4106006622314453,3.144981622695923,828.0,0.24598540365695953,,,,,,,,,,,,
8,,,21779,4.0,0.9907500147819519,0.9565656185150146,0.02371077798306942,0.9697269201278687,0.9442171454429626,3.6069319248199463,3.3642847537994385,949.0,0.21893638372421265,,,,,,,,,,,,
8,,,21789,4.0,0.9847999811172485,0.9278750419616699,0.04371325299143791,0.9394022226333618,0.9170176982879639,4.62151575088501,4.295614242553711,516.0,0.2821885049343109,,,,,,,,,,,,
8,,,21799,4.0,0.9871500134468079,0.8880674839019775,0.030793465673923492,0.9085662364959717,0.8696578741073608,5.055001258850098,4.922609329223633,240.0,0.10159847140312195,,,,,,,,,,,,
8,,,21809,4.0,0.987500011920929,0.8843755722045898,0.02930251508951187,0.9197748899459839,0.8548030853271484,5.495381832122803,5.264063358306885,258.0,0.20201575756072998,,,,,,,,,,,,
8,,,21819,4.0,0.9815499782562256,0.9488523006439209,0.0479060560464859,0.9509541988372803,0.9467755556106567,6.260288715362549,5.178401470184326,1293.0,1.033981204032898,,,,,,,,,,,,
8,,,21829,4.0,0.9898499846458435,0.9607491493225098,0.024821864441037178,0.9587647914886475,0.9627537727355957,4.580997467041016,4.06561279296875,802.0,0.49056288599967957,,,,,,,,,,,,
8,,,21839,4.0,0.9886999726295471,0.9411393404006958,0.02784586511552334,0.9548196792602539,0.9283525943756104,4.3678483963012695,3.915787935256958,784.0,0.42421475052833557,,,,,,,,,,,,
8,,,21849,4.0,0.9851499795913696,0.9053035974502563,0.03589411824941635,0.8913769721984863,0.9203734397888184,5.398049831390381,5.080560684204102,266.0,0.28159528970718384,,,,,,,,,,,,
8,,,21859,4.0,0.9764999747276306,0.853318452835083,0.05093034729361534,0.9060543775558472,0.8137551546096802,13.609739303588867,5.509877681732178,472.0,8.048931121826172,,,,,,,,,,,,
8,,,21869,4.0,0.9915000200271606,0.9615414142608643,0.02435898594558239,0.9804503321647644,0.9442580938339233,4.059645652770996,3.660311222076416,877.0,0.37497562170028687,,,,,,,,,,,,
8,,,21879,4.0,0.989549994468689,0.9052407145500183,0.02933344431221485,0.9515017867088318,0.868057131767273,5.791694641113281,5.677743911743164,374.0,0.08461737632751465,,,,,,,,,,,,
8,,,21889,4.0,0.9836500287055969,0.929847002029419,0.03873399645090103,0.9104187488555908,0.9515606760978699,6.491153240203857,6.190945625305176,616.0,0.2614738643169403,,,,,,,,,,,,
8,,,21899,4.0,0.9929999709129333,0.962152361869812,0.019462505355477333,0.9747034311294556,0.9503199458122253,4.071689128875732,3.742269992828369,701.0,0.30995655059814453,,,,,,,,,,,,
8,,,21909,4.0,0.9843500256538391,0.9417976140975952,0.04682231321930885,0.922749400138855,0.9630364179611206,6.135709762573242,4.096654415130615,994.0,1.9922326803207397,,,,,,,,,,,,
8,,,21919,4.0,0.989300012588501,0.9749917984008789,0.02802051417529583,0.9756648540496826,0.9743213057518005,4.091386795043945,3.7247049808502197,900.0,0.33866116404533386,,,,,,,,,,,,
8,,,21929,4.0,0.9826499819755554,0.9547820091247559,0.04354283958673477,0.9445818662643433,0.9656276106834412,4.499729633331299,4.072273254394531,884.0,0.3839135766029358,,,,,,,,,,,,
8,,,21939,4.0,0.9932500123977661,0.9607952237129211,0.016947919502854347,0.9809632301330566,0.9424110651016235,3.7276320457458496,3.521890163421631,778.0,0.18879392743110657,,,,,,,,,,,,
8,,,21949,4.0,0.9884499907493591,0.9495695233345032,0.030499987304210663,0.9242804050445557,0.9786427021026611,6.104086399078369,4.335326194763184,653.0,1.738260269165039,,,,,,,,,,,,
8,,,21959,4.0,0.9883999824523926,0.8146631717681885,0.026686111465096474,0.8568096160888672,0.7817225456237793,4.875612258911133,4.621068477630615,155.0,0.2278577834367752,,,,,,,,,,,,
8,,,21969,4.0,0.9861999750137329,0.7371050119400024,0.03346672281622887,0.7462520599365234,0.7286392450332642,5.11049747467041,4.616588592529297,125.0,0.46044230461120605,,,,,,,,,,,,
8,,,21979,4.0,0.9918500185012817,0.9706396460533142,0.017455220222473145,0.9690607786178589,0.9722312092781067,3.632408618927002,3.3173844814300537,922.0,0.297568678855896,,,,,,,,,,,,
8,,,21989,4.0,0.9891499876976013,0.9681420922279358,0.030128885060548782,0.9597432017326355,0.9769409894943237,4.313731670379639,4.006009101867676,899.0,0.2775937020778656,,,,,,,,,,,,
8,,,21999,4.0,0.9909999966621399,0.8592512607574463,0.020708967000246048,0.8614393472671509,0.8570906519889832,4.6710357666015625,4.177917957305908,142.0,0.4724086821079254,,,,,,,,,,,,
8,,,22009,4.0,0.9775000214576721,0.914048433303833,0.06078723818063736,0.9135056734085083,0.9145928621292114,5.686644554138184,5.064057350158691,627.0,0.5618000626564026,,,,,,,,,,,,
8,,,22019,4.0,0.9862499833106995,0.9575492739677429,0.03264009207487106,0.9560455083847046,0.9590654969215393,5.837750434875488,5.42335319519043,1311.0,0.3817572593688965,,,,,,,,,,,,
8,,,22029,4.0,0.9907000064849854,0.939234733581543,0.024657340720295906,0.9397636651992798,0.938707172870636,4.883421421051025,4.592623710632324,346.0,0.26614028215408325,,,,,,,,,,,,
8,,,22039,4.0,0.9887499809265137,0.9635558128356934,0.027922723442316055,0.9558511972427368,0.9715893268585205,4.131149768829346,3.8108716011047363,845.0,0.2923555076122284,,,,,,,,,,,,
8,,,22049,4.0,0.9836500287055969,0.9546940326690674,0.04016328975558281,0.9603227376937866,0.9492403268814087,4.781092643737793,4.204705238342285,1034.0,0.5362237691879272,,,,,,,,,,,,
8,,,22059,4.0,0.9920499920845032,0.9667128324508667,0.02148917317390442,0.9540018439292908,0.9802831411361694,3.9400241374969482,3.54044246673584,878.0,0.3780924677848816,,,,,,,,,,,,
8,,,22069,4.0,0.9821500182151794,0.9250418543815613,0.044159021228551865,0.9508988857269287,0.9024072885513306,5.74841833114624,5.10362434387207,426.0,0.6006349921226501,,,,,,,,,,,,
8,,,22079,4.0,0.9889500141143799,0.965230405330658,0.03091692179441452,0.9702540636062622,0.9603379964828491,4.867753028869629,4.206231117248535,957.0,0.6306054592132568,,,,,,,,,,,,
8,,,22089,4.0,0.9829000234603882,0.8609391450881958,0.03853967785835266,0.8318499326705933,0.8961846828460693,5.509449481964111,4.961402893066406,203.0,0.5095065236091614,,,,,,,,,,,,
8,,,22099,4.0,0.9851999878883362,0.9175608158111572,0.03707084804773331,0.9069188833236694,0.9288473129272461,6.360198974609375,5.669621467590332,388.0,0.6535069942474365,,,,,,,,,,,,
8,,,22109,4.0,0.982200026512146,0.845582127571106,0.04587690904736519,0.8542711734771729,0.8373405337333679,5.4620137214660645,5.346620082855225,371.0,0.06951650977134705,,,,,,,,,,,,
8,,,22119,4.0,0.9858499765396118,0.9245607852935791,0.03341693431138992,0.9211239814758301,0.9280612468719482,5.255833625793457,4.6089653968811035,477.0,0.6134516000747681,,,,,,,,,,,,
8,,,22129,4.0,0.9879999756813049,0.9556118249893188,0.029019445180892944,0.9533222913742065,0.9579291939735413,4.7662177085876465,4.532966613769531,701.0,0.20423182845115662,,,,,,,,,,,,
8,,,22139,4.0,0.9901999831199646,0.9684314727783203,0.02488597482442856,0.9671825766563416,0.9696886539459229,4.612844944000244,4.394094467163086,838.0,0.19386416673660278,,,,,,,,,,,,
8,,,22149,4.0,0.9907000064849854,0.9411430358886719,0.02439727820456028,0.9258661270141602,0.9576799869537354,4.92681884765625,4.7380690574646,529.0,0.16435235738754272,,,,,,,,,,,,
8,,,22159,4.0,0.984000027179718,0.9483489990234375,0.03460005670785904,0.9362622499465942,0.9612997770309448,4.783007621765137,4.107208251953125,885.0,0.6411991119384766,,,,,,,,,,,,
8,,,22169,4.0,0.9807999730110168,0.9291579723358154,0.04889807477593422,0.9593426585197449,0.9033368825912476,6.183711051940918,5.80570650100708,1183.0,0.32910656929016113,,,,,,,,,,,,
8,,,22179,4.0,0.9891499876976013,0.9493479132652283,0.031646668910980225,0.9495339393615723,0.9491620063781738,3.804276466369629,3.3785903453826904,838.0,0.3940392732620239,,,,,,,,,,,,
8,,,22189,4.0,0.986299991607666,0.942825198173523,0.03707560524344444,0.9321754574775696,0.954108715057373,6.428234100341797,6.149385452270508,456.0,0.24177321791648865,,,,,,,,,,,,
8,,,22199,4.0,0.9860000014305115,0.95518958568573,0.03321530297398567,0.9444024562835693,0.9666494131088257,4.6465373039245605,4.325374603271484,536.0,0.28794726729393005,,,,,,,,,,,,
8,,,22209,4.0,0.9842000007629395,0.9297452569007874,0.0435819998383522,0.970815896987915,0.8961127996444702,4.205361843109131,3.8202316761016846,858.0,0.34154799580574036,,,,,,,,,,,,
8,,,22219,4.0,0.9839500188827515,0.9116230010986328,0.038784828037023544,0.9110089540481567,0.9122391939163208,5.674665451049805,5.358281135559082,410.0,0.2775993347167969,,,,,,,,,,,,
8,,,22229,4.0,0.9873499870300293,0.9336410164833069,0.030022552236914635,0.9550231695175171,0.9143972396850586,5.395387649536133,5.085375785827637,447.0,0.2799891531467438,,,,,,,,,,,,
8,,,22239,4.0,0.9853500127792358,0.95111483335495,0.03243531659245491,0.9455322027206421,0.9568721055984497,5.473028182983398,3.9863059520721436,843.0,1.454287052154541,,,,,,,,,,,,
8,,,22249,4.0,0.9779000282287598,0.874618649482727,0.049634065479040146,0.8985984325408936,0.8536575436592102,5.940310001373291,5.611208915710449,470.0,0.2794671654701233,,,,,,,,,,,,
8,,,22259,4.0,0.9883999824523926,0.9404129981994629,0.028578875586390495,0.9600270390510559,0.9225912094116211,6.162405967712402,5.5875244140625,447.0,0.5463026165962219,,,,,,,,,,,,
8,,,22269,4.0,0.9896000027656555,0.9295878410339355,0.025521330535411835,0.9423397779464722,0.9176135063171387,7.100852966308594,4.896812915802002,551.0,2.1785190105438232,,,,,,,,,,,,
8,,,22279,4.0,0.9759500026702881,0.9069347381591797,0.061544232070446014,0.9355834722518921,0.882409930229187,6.292971611022949,4.742092132568359,865.0,1.4893348217010498,,,,,,,,,,,,
8,,,22289,4.0,0.9858999848365784,0.8702555894851685,0.03405806049704552,0.8928709030151367,0.8502582311630249,5.020420551300049,4.594550609588623,282.0,0.39181196689605713,,,,,,,,,,,,
8,,,22299,4.0,0.9883999824523926,0.940302848815918,0.029758404940366745,0.9394910335540771,0.9411181211471558,6.09193754196167,5.411731719970703,542.0,0.6504472494125366,,,,,,,,,,,,
8,,,22309,4.0,0.991349995136261,0.9519388675689697,0.019993538036942482,0.9732373356819153,0.9326668977737427,3.797452449798584,3.5928752422332764,860.0,0.18458376824855804,,,,,,,,,,,,
8,,,22319,4.0,0.9784500002861023,0.9459882974624634,0.04917408898472786,0.9485206007957458,0.9434942007064819,5.066873073577881,4.56364107131958,1193.0,0.4540576636791229,,,,,,,,,,,,
8,,,22329,4.0,0.9864500164985657,0.9337743520736694,0.034986771643161774,0.9105236530303955,0.9602572321891785,5.1768012046813965,4.187849521636963,363.0,0.9539645910263062,,,,,,,,,,,,
8,,,22339,4.0,0.9842000007629395,0.8924899697303772,0.04135012999176979,0.9010777473449707,0.8842959403991699,5.079591751098633,4.483410835266113,366.0,0.5548306703567505,,,,,,,,,,,,
8,,,22349,4.0,0.9901000261306763,0.9118112325668335,0.027254708111286163,0.9030298590660095,0.9210124015808105,5.061741828918457,4.698190212249756,207.0,0.3362971842288971,,,,,,,,,,,,
8,,,22359,4.0,0.9821500182151794,0.8663104772567749,0.043311744928359985,0.8670783042907715,0.8655460476875305,5.172323226928711,4.621263027191162,315.0,0.5077484250068665,,,,,,,,,,,,
8,,,22369,4.0,0.9720500111579895,0.8145883083343506,0.06748109310865402,0.9302701950073242,0.7510423064231873,7.396812915802002,6.992504119873047,422.0,0.33682766556739807,,,,,,,,,,,,
8,,,22379,4.0,0.9898499846458435,0.9595332145690918,0.02517690695822239,0.9606464505195618,0.9584263563156128,4.204310894012451,3.76644229888916,925.0,0.4126914441585541,,,,,,,,,,,,
8,,,22389,4.0,0.9934499859809875,0.9637163877487183,0.01548113115131855,0.9734736680984497,0.9543962478637695,3.8874566555023193,3.492084503173828,867.0,0.3798908591270447,,,,,,,,,,,,
8,,,22399,4.0,0.9803000092506409,0.9175450205802917,0.044962916523218155,0.9169361591339111,0.9181559085845947,5.777300834655762,5.213265419006348,516.0,0.5190724730491638,,,,,,,,,,,,
8,,,22409,4.0,0.9858999848365784,0.94395911693573,0.03408302739262581,0.9618653059005737,0.9276076555252075,4.7515740394592285,4.521626949310303,772.0,0.19586427509784698,,,,,,,,,,,,
8,,,22419,4.0,0.9927499890327454,0.9556345343589783,0.0201386958360672,0.9533519744873047,0.957942545413971,4.097535133361816,3.722669839859009,664.0,0.354726642370224,,,,,,,,,,,,
8,,,22429,4.0,0.9887999892234802,0.8928396701812744,0.02848270907998085,0.8778284192085266,0.9091827869415283,5.416301250457764,5.16788911819458,241.0,0.21992911398410797,,,,,,,,,,,,
8,,,22439,4.0,0.9736499786376953,0.9221851825714111,0.05837525054812431,0.9068197011947632,0.9391289949417114,7.0560760498046875,6.847106456756592,840.0,0.1505942940711975,,,,,,,,,,,,
8,,,22449,4.0,0.9873499870300293,0.8274332880973816,0.029423123225569725,0.8612649440765381,0.7996335029602051,5.208683013916016,4.78344202041626,166.0,0.39581751823425293,,,,,,,,,,,,
8,,,22459,4.0,0.9871500134468079,0.9523018598556519,0.03579492121934891,0.9467867612838745,0.9579823017120361,5.448598861694336,5.013946056365967,671.0,0.39885830879211426,,,,,,,,,,,,
8,,,22469,4.0,0.98580002784729,0.9251922965049744,0.0344034843146801,0.9260004758834839,0.924387514591217,6.113924026489258,5.5701680183410645,323.0,0.509352445602417,,,,,,,,,,,,
8,,,22479,4.0,0.9889000058174133,0.874373197555542,0.024616703391075134,0.8776395320892334,0.8711661100387573,5.463501930236816,4.700279712677002,153.0,0.7386053800582886,,,,,,,,,,,,
8,,,22489,4.0,0.9868999719619751,0.9513275623321533,0.032552484422922134,0.9429178833961487,0.9601287841796875,5.176156044006348,4.562166690826416,992.0,0.5814365148544312,,,,,,,,,,,,
8,,,22499,4.0,0.985450029373169,0.953117847442627,0.03443703427910805,0.9532392024993896,0.9529966711997986,5.019478797912598,4.531707763671875,926.0,0.45333409309387207,,,,,,,,,,,,
8,,,22509,4.0,0.9800000190734863,0.9016063809394836,0.045898910611867905,0.9269333481788635,0.8794711828231812,5.1837663650512695,4.72451114654541,409.0,0.413356214761734,,,,,,,,,,,,
8,,,22519,4.0,0.9908499717712402,0.9522266387939453,0.021383153274655342,0.9697264432907104,0.9361281394958496,3.9229695796966553,3.42098331451416,637.0,0.4806031286716461,,,,,,,,,,,,
8,,,22529,4.0,0.9876000285148621,0.8891692161560059,0.02630559913814068,0.915912389755249,0.865860104560852,6.376461982727051,6.184950351715088,359.0,0.16520589590072632,,,,,,,,,,,,
8,,,22539,4.0,0.9754999876022339,0.9138698577880859,0.05675583332777023,0.9061721563339233,0.9219332933425903,7.436617851257324,5.063488483428955,563.0,2.316373348236084,,,,,,,,,,,,
8,,,22549,4.0,0.9852499961853027,0.9074574112892151,0.03863423317670822,0.881941020488739,0.9370750188827515,4.080202102661133,3.8232297897338867,263.0,0.21833781898021698,,,,,,,,,,,,
8,,,22559,4.0,0.9898999929428101,0.9741568565368652,0.02822204865515232,0.9702237248420715,0.9781787395477295,4.441679954528809,3.8017048835754395,1030.0,0.6117532253265381,,,,,,,,,,,,
8,,,22569,4.0,0.9887499809265137,0.8473334312438965,0.02496345154941082,0.8980487585067749,0.8085068464279175,5.143115043640137,4.856863498687744,246.0,0.26128798723220825,,,,,,,,,,,,
8,,,22579,4.0,0.9869999885559082,0.8767333030700684,0.030373282730579376,0.8878864049911499,0.866243839263916,5.316014289855957,5.0630388259887695,184.0,0.2226022183895111,,,,,,,,,,,,
8,,,22589,4.0,0.9839000105857849,0.9342890977859497,0.035863909870386124,0.9189392328262329,0.9510289430618286,3.939771890640259,3.5364885330200195,887.0,0.36741945147514343,,,,,,,,,,,,
8,,,22599,4.0,0.9840999841690063,0.9215012788772583,0.04578912630677223,0.9398313760757446,0.9048230648040771,5.538900852203369,4.572759628295898,536.0,0.9203518629074097,,,,,,,,,,,,
8,,,22609,4.0,0.9850500226020813,0.8764462471008301,0.03734288737177849,0.9100111126899719,0.8483024835586548,5.900538444519043,5.352349281311035,284.0,0.5108461976051331,,,,,,,,,,,,
8,,,22619,4.0,0.9779499769210815,0.7796392440795898,0.05045478790998459,0.78756183385849,0.7721724510192871,5.404196739196777,5.04029655456543,162.0,0.3134455978870392,,,,,,,,,,,,
8,,,22629,4.0,0.9896500110626221,0.8719034194946289,0.025039713829755783,0.9194424748420715,0.8344365954399109,4.6989312171936035,4.352079391479492,184.0,0.3218120038509369,,,,,,,,,,,,
8,,,22639,4.0,0.9818000197410583,0.9193891286849976,0.0389908067882061,0.9132832288742065,0.9257084131240845,5.2177324295043945,4.564058780670166,752.0,0.6146827936172485,,,,,,,,,,,,
8,,,22649,4.0,0.9884999990463257,0.8522304892539978,0.02897445112466812,0.8696013689041138,0.8364913463592529,5.377100944519043,4.706783771514893,153.0,0.6413424015045166,,,,,,,,,,,,
8,,,22659,4.0,0.9899500012397766,0.9634362459182739,0.023384513333439827,0.9679388403892517,0.9590359926223755,4.748393535614014,4.317730903625488,754.0,0.4072779715061188,,,,,,,,,,,,
8,,,22669,4.0,0.9866499900817871,0.8759713172912598,0.027364691719412804,0.8736766576766968,0.8782963156700134,5.7400641441345215,5.504329681396484,228.0,0.20836953818798065,,,,,,,,,,,,
8,,,22679,4.0,0.9832000136375427,0.8389679193496704,0.042848628014326096,0.8408237099647522,0.8371336460113525,5.429741382598877,5.052742958068848,214.0,0.3341498374938965,,,,,,,,,,,,
8,,,22689,4.0,0.993149995803833,0.9741962552070618,0.017579032108187675,0.9746561050415039,0.9737374782562256,4.120025634765625,3.6181647777557373,910.0,0.48428183794021606,,,,,,,,,,,,
8,,,22699,4.0,0.9884499907493591,0.8775993585586548,0.030746541917324066,0.8712412714958191,0.8841930031776428,3.9641499519348145,3.8296215534210205,189.0,0.10378184169530869,,,,,,,,,,,,
8,,,22709,4.0,0.988349974155426,0.9560295939445496,0.034836042672395706,0.9649377465248108,0.9475168585777283,4.5344438552856445,3.9058315753936768,988.0,0.5937761664390564,,,,,,,,,,,,
8,,,22719,4.0,0.9937999844551086,0.9770079851150513,0.014745702035725117,0.983771562576294,0.9704650640487671,4.341771125793457,3.711219310760498,886.0,0.6158062219619751,,,,,,,,,,,,
