v -0.5 0.260955602312127 -0.438809950522886
v -0.499999959959055 0.137297025189284 -0.438808853401006
v -0.499999934665463 0.0591827415242491 -0.438808160356563
v -0.499999916954044 0.00448451199538891 -0.438807675063704
v -0.499999904890044 -0.0327727782723848 -0.4388073445101
v -0.499999868599981 -0.144847495572612 -0.438806350162377
v -0.499999832338941 -0.256832582150314 -0.438805356609875
v -0.499838639056837 -0.145201981537569 -0.441315922647932
v -0.49978109788172 -0.00325502099843155 -0.435929386863061
v -0.499772984933559 0.060094797404228 -0.435822964846966
v -0.499697551604066 0.0181454015813203 -0.4435142560137
v -0.499676618349557 -0.0329983671601205 -0.443839375733887
v -0.499673962489711 -0.0324362421892521 -0.434520039119948
v -0.499610425425191 -0.143821933986823 -0.433683785920026
v -0.499603403340327 0.0177049583603556 -0.444979690722514
v -0.499563132748771 0.138458697778241 -0.445608192321795
v -0.499546969468935 0.0567869031923038 -0.445858641501761
v -0.499429865179247 0.137884713358604 -0.447682526770197
v -0.499337638726579 -0.143072889160206 -0.429913284706258
v -0.499290894317836 -0.267341979703556 -0.450667007666906
v -0.499278994562453 -0.146540352202347 -0.450668279683768
v -0.499267840801964 -0.0333117709102912 -0.450669471957976
v -0.499262985742894 0.0159748756083491 -0.45066999093646
v -0.499259126044468 0.0551570130967363 -0.450670403516494
v -0.499251058063373 0.137059977949699 -0.450671265938255
v -0.499237879891038 0.270839590583766 -0.450672674610694
v -0.499227815611952 -0.032783887508834 -0.428651612283812
v -0.499208487921956 -0.0271747555266305 -0.42839740999029
v -0.499138368717859 -0.00682530505762406 -0.427475185839112
v -0.498910231249225 0.0593829780785334 -0.424474668561795
v -0.498651176807532 0.134563744859029 -0.421067524033022
v -0.498415941369277 0.134060947498092 -0.417813385265607
v -0.498216321059661 0.26076420044738 -0.41534819966058
v -0.498188853509289 -0.146413148367968 -0.452635225662788
v -0.498140470219786 0.142565613534449 -0.414023836049065
v -0.498132490794459 0.130131251574217 -0.413884514446813
v -0.498086637795143 0.0586783878502966 -0.413083916274483
v -0.498053425465904 0.0586463445060036 -0.412543874786939
v -0.498040494538698 -0.0132267844092957 -0.412278250182294
v -0.498040446252048 -0.0133020296395091 -0.41227740709231
v -0.49803685255805 -0.0132515556440255 -0.412219014210924
v -0.498027299452761 -0.0337887256429186 -0.412047862599302
v -0.497965157613024 -0.130624537311019 -0.410962859566573
v -0.49795540197781 -0.145826772365016 -0.410792525153574
v -0.497883480325696 -0.257902494431054 -0.409536765572049
v -0.497751564604618 -0.269724040962816 -0.426944879180255
v -0.497645748634247 -0.127245343633594 -0.405772023765741
v -0.497639225671739 0.160776626798621 -0.405887866708172
v -0.497388326774762 -0.147187701417573 -0.401571101449427
v -0.497289507266112 -0.125091966821126 -0.39998136627902
v -0.497237106458044 -0.147535937905092 -0.399199500925659
v -0.497155618071975 -0.0330344486322412 -0.454480558944397
v -0.496907787333794 0.110204169145459 -0.393956061535906
v -0.496895970134463 0.0127947807862405 -0.39368887150175
v -0.496886497405439 -0.0349802161880879 -0.393498041697843
v -0.496879881079327 -0.0335008262603691 -0.393391603136655
v -0.496786150252184 -0.0350800970981462 -0.391924054385966
v -0.496705383758846 0.0163705360939465 -0.455284666442587
v -0.496634204244232 0.269531599599505 -0.41671433550004
v -0.496634074603856 0.0214607366768193 -0.389437250352392
v -0.496482007833061 0.0554623933772258 -0.386990912609114
v -0.496446337118604 0.0553923407988722 -0.386431464259709
v -0.496373722962891 0.052764245059726 -0.455877004532125
v -0.496285086359911 0.0994934219310513 -0.38382298558792
v -0.496134862238386 0.181778804478262 -0.381443808096831
v -0.496087588478701 -0.1180672603092 -0.381114055425828
v -0.496070608589805 0.0395427375898598 -0.380565693160368
v -0.495906322263252 0.184183895186081 -0.377729708926568
v -0.495806381620005 -0.249122431865939 -0.376937190266995
v -0.495773594260833 0.0910266050010495 -0.375814254739289
v -0.495662356024783 -0.138588844610333 -0.374480065369692
v -0.495627037037648 0.134699374515999 -0.457210567376566
v -0.495614322023444 0.249474240068706 -0.373032225025552
v -0.49560717203459 -0.247474119375339 -0.373809200193423
v -0.495424908032091 0.189079682897565 -0.370168907322928
v -0.49537942888004 -0.258250525256948 -0.386960935744536
v -0.495279352572678 -0.146070891767527 -0.457868449064253
v -0.49510536314827 0.0871929552230247 -0.365338437746237
v -0.495096846185986 0.0604005503269554 -0.365252767331106
v -0.495089211527366 0.0517014099237838 -0.458187553450876
v -0.495024538545188 0.0614220706288244 -0.364116635095018
v -0.495020356093986 0.0600884981379413 -0.364053410163837
v -0.494740617711152 -0.106664227395678 -0.359963451236182
v -0.494726794034322 -0.0335136189446605 -0.359615715586721
v -0.49465273152883 -0.03345725325574 -0.358452485637287
v -0.494502758590931 -0.104947208922023 -0.356229035191589
v -0.494457426755738 0.198929889047805 -0.354956785620545
v -0.494409409058144 -0.262785220382582 -0.459446713140747
v -0.494398665059043 -0.146783124801398 -0.459452607115963
v -0.494388096028404 -0.0326701496494846 -0.459458405106455
v -0.494383520235108 0.0167343231459349 -0.45946091530885
v -0.49438032434485 0.0512400936379025 -0.459462668519902
v -0.49437698446124 -0.145050227775358 -0.35432774326745
v -0.494372669929602 0.133884200438959 -0.459466867601951
v -0.49435971432031 0.273764873673596 -0.459473974828911
v -0.494261152658798 0.174402432398428 -0.351919595829686
v -0.494059768686085 -0.246194320307265 -0.349532482167318
v -0.494046389333591 0.258525556457833 -0.37408060962634
v -0.494019931410625 -0.146847487366164 -0.348723662712464
v -0.494001677678187 -0.101326038265646 -0.348353055693039
v -0.493975518434844 -0.0360896999802485 -0.347821942440542
v -0.493938723245076 0.0556707311412315 -0.347074886699763
v -0.493930210540619 0.0768998492920978 -0.34690205256644
v -0.49392879262737 0.0804358639683189 -0.346873264558024
v -0.493911092871333 0.22546276910163 -0.34632787622414
v -0.49389543773065 0.163616837415313 -0.346196057367761
v -0.493870451436544 0.225928056185185 -0.345688758599348
v -0.493865114889148 0.239236423197955 -0.345580410242047
v -0.493861727443409 0.247684089411496 -0.34551163465475
v -0.493821893031465 0.247487007388213 -0.34513495961081
v -0.493743891156943 -0.147562542403925 -0.346110595711861
v -0.493729790822198 0.247862817345713 -0.345127835455538
v -0.493698710564175 -0.149193878949497 -0.344900481395829
v -0.493693204498396 -0.148202674962006 -0.345632991788866
v -0.4936392668925 0.0794081374397845 -0.344133746230385
v -0.493537102101326 -0.278769556279307 -0.445673893674252
v -0.493510442802808 -0.0986146097463411 -0.342485201519872
v -0.493509730992364 -0.0991556830919343 -0.343681210366935
v -0.493285338388891 -0.038138951738469 -0.339597345643881
v -0.493279993446764 -0.0377411727632783 -0.341237274546894
v -0.49326740007671 -0.0971799103050324 -0.339376055488536
v -0.493217273359287 0.151830238613814 -0.339819920980029
v -0.493158530516731 0.114707382987951 -0.3394243350384
v -0.493144875820328 0.2788199887258 -0.437499377558319
v -0.492949780142134 0.0520107944144376 -0.335292481790843
v -0.492942106033893 0.0530769362136571 -0.336832393814554
v -0.492939461678675 0.0532913649696347 -0.33761471566685
v -0.492931236759345 0.05549008869956 -0.337527219411435
v -0.492826807445829 0.0850481507090176 -0.33371486979545
v -0.49282607575494 0.0836022180178691 -0.336408522226503
v -0.492418276946201 -0.0408975478204557 -0.32850647415633
v -0.492319111573438 -0.277976016487923 -0.430542885502486
v -0.492289234372757 0.229470397947882 -0.326818365498493
v -0.492275659645044 0.0888649509996976 -0.32666418378171
v -0.492271523371846 0.0460219154735331 -0.326617204003096
v -0.492263086611588 -0.0413650636199228 -0.326521379305308
v -0.492262376997878 -0.0487151596993808 -0.326513319514904
v -0.492258438662502 -0.0895079783462756 -0.326468587913477
v -0.492257657212922 -0.0976021419856575 -0.326459712211483
v -0.492253460951143 0.236676273415864 -0.33031707632709
v -0.492252904614344 0.237359323303626 -0.329431826149373
v -0.49225027357434 -0.174081009541834 -0.326375848866546
v -0.492244368273417 -0.235247427987144 -0.326308776476322
v -0.492242255744076 0.23967170153944 -0.330197875928872
v -0.492143413731003 0.0912187448269483 -0.322293663814957
v -0.492091412257903 0.0419164681785061 -0.32068009834129
v -0.492060914162836 -0.182489079937977 -0.320142440255548
v -0.492001461213902 -0.0433655631130344 -0.317888987046421
v -0.492000823819379 0.270403001186604 -0.405618291901994
v -0.491988291745416 -0.156500142012607 -0.317690755395393
v -0.491987739931178 -0.0843087650620199 -0.31752162276688
v -0.491959526950307 -0.0831231803790673 -0.316587799294115
v -0.491957485371365 -0.0850587888112621 -0.316524450679222
v -0.491944153184198 -0.0976989534232417 -0.316110763227327
v -0.491924021105728 0.239453512350211 -0.326424402085194
v -0.491890066721626 -0.148977995758751 -0.314432502143659
v -0.49183727504292 -0.20888878824836 -0.312815028191284
v -0.491826480635957 -0.209263572296677 -0.312459475105671
v -0.491810796775315 -0.22413334405917 -0.311972817045469
v -0.491789132829905 -0.210153627720194 -0.311609856540684
v -0.491727170076497 0.0362078747800507 -0.312420642713418
v -0.491688294547951 0.0967242798663085 -0.312086732858402
v -0.491678191845644 0.13314594255386 -0.460501133132266
v -0.491677860938964 -0.138350018431567 -0.309745593086341
v -0.491632728590791 -0.212720442684079 -0.3091378964578
v -0.491616075221604 -0.258792707588953 -0.3697266195899
v -0.491615051582684 -0.0978192209417653 -0.308693277119438
v -0.491604538904278 -0.0910354029761368 -0.308517146364459
v -0.491575398707188 -0.072231270964123 -0.308028927785366
v -0.491534471626038 -0.0458210777038346 -0.307343230247247
v -0.49151866414643 -0.275499562052548 -0.45680212819559
v -0.491421154020329 0.0273026287160584 -0.305444692626711
v -0.49140654536424 0.0367295758554944 -0.305199937339168
v -0.491307186470308 0.100845743370782 -0.303535265756284
v -0.491285765096699 -0.124530819461566 -0.30351948740428
v -0.491259627810557 0.275142712254961 -0.410604297065754
v -0.491114165075927 0.225402202952303 -0.300301360693562
v -0.491079793962944 -0.22190946769576 -0.300291565428647
v -0.491044216882188 0.281849724655273 -0.456592350678798
v -0.491002394160446 -0.0980653477657906 -0.298996191840291
v -0.490958846006734 -0.224710853966162 -0.297615932748525
v -0.490951267642554 0.0179189689442928 -0.298020563827993
v -0.490878802481558 -0.270319371850466 -0.403340180499201
v -0.490625734879378 -0.265052836203093 -0.377570239840151
v -0.49062553467033 0.219986189165862 -0.292574850989903
v -0.490510582911574 -0.189287421609007 -0.291225733224347
v -0.490466184171744 -0.0497821779616879 -0.29043954111285
v -0.490442238768921 0.107487420225653 -0.289834927625167
v -0.490434161406074 0.240827932093759 -0.323308524976155
v -0.490394545989026 -0.210018133761327 -0.289350997345311
v -0.490384700812086 -0.227037734723692 -0.295181842046811
v -0.490373045359952 0.0376682665438091 -0.288839852343818
v -0.490372369145983 0.223142852874464 -0.288563096435596
v -0.490367820227087 -0.0176683002177561 -0.288836523485243
v -0.490321354673443 -0.0803455469292997 -0.288190951054419
v -0.490286020042002 -0.22516694095457 -0.28627761968644
v -0.490268013785841 0.199575537699128 -0.28694511520317
v -0.490259196426894 0.223864869343736 -0.287624173401595
v -0.490258545646328 -0.225046960694147 -0.285820077633463
v -0.490257951452206 -0.219409236365391 -0.287158716970506
v -0.490256952389718 -0.225044218615516 -0.285821163747581
v -0.490250445473225 0.0159805369978074 -0.286930391754575
v -0.490232459459333 -0.225170250353999 -0.285797930810302
v -0.490209197744851 0.259286033488419 -0.362649478636142
v -0.490185324936746 0.00446081523673319 -0.285916156739556
v -0.4901657275431 -0.118696132168931 -0.285782621154836
v -0.490129324016431 -0.25287172376459 -0.33565427095925
v -0.49010413204372 0.178632737860668 -0.284381156859507
v -0.490092416869841 0.0499879663665909 -0.461108564898749
v -0.49007986266817 0.0801677984886789 -0.284138251639008
v -0.490050338664755 -0.11130052754784 -0.283945581552938
v -0.490033083888106 0.25547740562406 -0.345250877659568
v -0.489919647096273 0.253024228263691 -0.334044255343635
v -0.489881356496049 0.132835563744557 -0.280920650993576
v -0.489805206941687 -0.0955893313744466 -0.280042981151424
v -0.489760212987144 -0.092705539600769 -0.279326658421466
v -0.489749455277565 -0.0730440474933622 -0.279128176922684
v -0.489705146025753 -0.169804268244541 -0.27837159866778
v -0.489699112499511 -0.1162436829694 -0.278327227374084
v -0.489680593780479 -0.0876025159715622 -0.278059087076516
v -0.489645933509234 -0.0952557883466462 -0.277497682690711
v -0.489518916942412 0.0199136531530191 -0.461328244285365
v -0.489399937359105 0.0970632789085291 -0.27335182904054
v -0.48929839580893 0.229511441375081 -0.285033809355494
v -0.48917284040441 0.117914782859778 -0.269727318214021
v -0.489120024085683 0.22854969033181 -0.281375746175007
v -0.489109170871676 0.0218008494196968 -0.268857395846908
v -0.489016555144747 -0.136721824202801 -0.267398199586833
v -0.489009339375993 -0.234151438018753 -0.295104867481961
v -0.488956968468302 -0.0289391313381912 -0.266521046048668
v -0.488831224292754 0.0432024487686702 -0.264427223466528
v -0.488744041284054 0.237273243028628 -0.288717725204262
v -0.488717652742214 -0.0258848591695751 -0.262728659682081
v -0.48857533192735 0.229610502511927 -0.27985024325351
v -0.488558641685214 -0.237323172491944 -0.298221089340174
v -0.488540358397803 -0.0314019177143069 -0.461703081544389
v -0.488354318757573 -0.103072576654676 -0.256846567932669
v -0.488144243791529 -0.0185106673168294 -0.253571192724972
v -0.488125590189763 -0.165832942565112 -0.253129860242235
v -0.488018214640813 0.0189441376029335 -0.2515933101598
v -0.487965054472575 0.264790815500372 -0.367364040545675
v -0.487806815965263 -0.214340295145833 -0.24499044684053
v -0.487803870981358 -0.229698504039748 -0.285386085349239
v -0.487681062225627 0.0727649748820134 -0.246179495630835
v -0.487474428477521 -0.237389890783848 -0.295162349530312
v -0.48739635492184 0.0588009130330211 -0.241693041200017
v -0.48738700660126 -0.212632691212079 -0.23882271143526
v -0.487383161414996 -0.203248377495773 -0.24122746127443
v -0.487273434447016 -0.0145353913351404 -0.239657154819158
v -0.487268528096004 0.0669937014318242 -0.239657984229063
v -0.48726559350435 -0.210305804752703 -0.239341546468594
v -0.48726270510166 -0.21240263933301 -0.238801819229509
v -0.48724642564227 0.218447555168117 -0.242951822494152
v -0.487196473309272 -0.0279530009419461 -0.238414064597602
v -0.487046201225963 -0.214279142548568 -0.238181293096492
v -0.486998195231775 0.0631648513156501 -0.235333608129458
v -0.486963209354066 -0.0952523307105319 -0.234620457209639
v -0.486859966901695 -0.225378629807434 -0.255593868715556
v -0.486755310839598 0.24541139090355 -0.322839341522557
v -0.486577927289205 0.0151371682510702 -0.228569900416766
v -0.486527371435627 -0.182946560478679 -0.22756934306642
v -0.48632501928497 -0.147574212020054 -0.46255166811638
v -0.486248144357587 0.0487618573624551 -0.22333175536426
v -0.486063525372289 0.232461052141958 -0.275346599604101
v -0.485833756408025 0.0694664857362872 -0.216728833711006
v -0.485532869722152 -0.205090859847721 -0.211582190722568
v -0.485531219313654 -0.20502944506882 -0.211626658131098
v -0.485529581510399 -0.205085468378996 -0.211586186253924
v -0.485477869729436 -0.204867143532721 -0.210774144424779
v -0.485428497017436 0.0186712483531452 -0.210202313419664
v -0.485385502956739 -0.00217200786900349 -0.209494891752232
v -0.485378936401174 -0.101518842931448 -0.209293375251599
v -0.485372992716664 -0.205746227243193 -0.211112857050738
v -0.48535606825027 -0.0776301840191653 -0.20895109976666
v -0.485324053016245 -0.0441862466938814 -0.208471916740592
v -0.485283331272126 -0.00164726487482864 -0.207862420381488
v -0.485267579196451 0.0148077587314427 -0.207626653643589
v -0.485264611790951 0.0179075868778437 -0.207582239464211
v -0.485241902178619 -0.239893492453871 -0.295313272287241
v -0.485215237629461 0.0694851065397961 -0.206843239396478
v -0.485172978761346 -0.0756281652615326 -0.206034992277242
v -0.485083564451309 0.207034296846788 -0.20487244162218
v -0.485015572953879 -0.0468527749074314 -0.203553076981962
v -0.484921934514348 -0.10332254078379 -0.202008288124114
v -0.484920786375621 0.0694936874650289 -0.202150466168879
v -0.484845954239973 -0.235458810101067 -0.284826288022001
v -0.484764461454983 0.249903969192874 -0.321705334113026
v -0.484752869778896 -0.249142170575612 -0.326497696957398
v -0.484752375597828 -0.030580258374034 -0.463154821335879
v -0.48475032960257 -0.0719779665900546 -0.199302462056065
v -0.484729598423932 -0.275646131350167 -0.406321462382676
v -0.484704150666985 0.00131961039513866 -0.198634554661037
v -0.484669832736995 -0.207757405823632 -0.209678784434948
v -0.484629651128707 -0.0499353843679149 -0.197399632136758
v -0.484514258672159 -0.104932621653008 -0.195503909659724
v -0.484390189622928 -0.00619643274536488 -0.193623859182946
v -0.484380561631685 -0.214064828026196 -0.214318029757222
v -0.484327669410329 0.00522322548073086 -0.192638055109635
v -0.484315907673168 0.023315267924151 -0.463322299809335
v -0.484312625370653 0.254995855250965 -0.328010469158899
v -0.484283198350682 0.0133461073618048 -0.191936845853907
v -0.484252803904866 0.284588635712121 -0.451423326703233
v -0.484231902003213 -0.00998936108732242 -0.191095240261877
v -0.484088114748774 -0.237598271447569 -0.285609013952665
v -0.484060496670402 0.270981498903949 -0.463421118540024
v -0.484057801130015 0.13105925125287 -0.463421624499061
v -0.484056205388349 0.0482262276056967 -0.463421924023386
v -0.484055734543284 0.0237852286505764 -0.463422012402072
v -0.484054699552154 -0.0299399115463553 -0.463422206672251
v -0.484054682956411 -0.0308013765109397 -0.46342220978731
v -0.484052429102687 -0.147796202687939 -0.46342263284076
v -0.484050135216967 -0.266869041388843 -0.463423063408306
v -0.484036266662686 0.258380691737463 -0.34596786879471
v -0.483992641913205 0.258405390565254 -0.345972888715917
v -0.483960712580256 0.0722498942803588 -0.186851965735072
v -0.483773388690023 0.0109747485495662 -0.183802586067902
v -0.483657474084086 0.25111073333814 -0.32163957039879
v -0.483552613780213 -0.0309536489860871 -0.180239024340718
v -0.483455474973552 -0.23763720165511 -0.283824235412759
v -0.483405310784754 -0.202377309744853 -0.177717620617294
v -0.483368419732695 -0.114353135941834 -0.17721739534598
v -0.483367515853732 -0.0600260350374556 -0.177257424052555
v -0.483345690547624 -0.0601199919820265 -0.176909198313513
v -0.483335060267244 -0.0347555310743695 -0.176765056723867
v -0.483317088859532 0.0081252822291664 -0.176521372909044
v -0.483305015939369 0.249020616307969 -0.318212155688316
v -0.483304345295134 0.215558989850168 -0.202216120402906
v -0.483289405792135 0.0741786745830505 -0.176146003568057
v -0.483234631826878 0.204872508686603 -0.175403294425796
v -0.482944008147523 0.230382004656887 -0.239479897288153
v -0.482942566262417 -0.257183865600749 -0.336993010981699
v -0.482820821657667 0.0750737450198602 -0.171219323560861
v -0.482727547867095 -0.117950103775074 -0.170485445742141
v -0.482697009875672 -0.283559565665309 -0.451696278906988
v -0.482597482472281 0.00501952137264038 -0.168961175467416
v -0.482480612534173 -0.223070767904165 -0.232991232142752
v -0.482437502275982 -0.0451610523198277 -0.167343640350871
v -0.482381361581902 -0.0627705583811578 -0.166776010442657
v -0.48233285005592 0.243102549786029 -0.281371119396772
v -0.482314350228755 0.237529777157154 -0.273009390779964
v -0.482263136587664 0.238111145936176 -0.275736534193081
v -0.482207774906042 -0.246868619553619 -0.310246947638211
v -0.482195711600693 -0.121002907000604 -0.16489893208584
v -0.482146496153501 0.0762177412386412 -0.164942442370658
v -0.482030758360142 0.284448906985702 -0.439531060736862
v -0.481974793098709 0.195680960587881 -0.163647403964668
v -0.481973363778832 0.0768696506963716 -0.16333177106087
v -0.481972470106872 0.00258373483137129 -0.163134423860868
v -0.48197183775643 -0.0499799952820428 -0.162994783596104
v -0.481971672011537 -0.0637574345904616 -0.162958182592548
v -0.481970969383417 -0.12216295227285 -0.162803023095016
v -0.481970132121274 -0.191759837873097 -0.162618132724585
v -0.481932844301792 -0.225667241554083 -0.238374843249485
v -0.481862963172477 -0.284588635712121 -0.439392069719102
v -0.481858981131257 0.00237291479098886 -0.162730565824445
v -0.481791423853269 -0.214694009884643 -0.202571470949782
v -0.481742917854364 0.279482350504765 -0.419453414217946
v -0.481640879333967 -0.264446204960078 -0.367491094096047
v -0.48152589737983 -0.232520286736625 -0.249458211671483
v -0.481466465097086 0.0775897034589888 -0.16153228189291
v -0.481345328905195 -0.241454873950056 -0.287922495344812
v -0.481257773814568 0.227434187920752 -0.233743743015031
v -0.481240761475777 -0.147579929111689 -0.463522880605078
v -0.481151758437165 -0.224907861292363 -0.231665769070795
v -0.481141467292224 0.00208845383704186 -0.160179985682307
v -0.481139572768102 -0.271877747859966 -0.390537582047873
v -0.481131517350367 0.259695116749455 -0.344468989549172
v -0.480898201802497 -0.0544253077620568 -0.159167772691926
v -0.480855521402253 -0.214921441907908 -0.198325411404191
v -0.480854365509758 -0.0646090531015557 -0.158985372528997
v -0.480702649568091 0.23816069161014 -0.272956117471119
v -0.480592793227216 -0.125375722607998 -0.157896986080879
v -0.480513827162069 -0.24473461883509 -0.295646962283315
v -0.480456991065443 0.155127271342087 -0.157191782555947
v -0.480425992105174 0.0793713595504607 -0.157093584803955
v -0.480394221493958 0.00172967092639162 -0.15699294263487
v -0.480375004807681 -0.28103834572723 -0.42559212269329
v -0.480370186295496 -0.0570080531410343 -0.156916804518067
v -0.480366883544749 -0.0650793849555318 -0.156906342144623
v -0.48035159932387 0.27395148043206 -0.39965069830328
v -0.480341935786912 -0.126047240835614 -0.156827313244441
v -0.480315887518342 -0.189704548017473 -0.156744798173138
v -0.48003968529666 -0.216933837635037 -0.200226487529064
v -0.479935330447037 -0.244005840506516 -0.290660950408173
v -0.479717404602786 0.210605577996243 -0.164809295102275
v -0.479691853057422 0.280370920584288 -0.459918343699202
v -0.479456389866418 0.216317186690354 -0.190779993113154
v -0.479033933691643 -0.243865459636532 -0.28975993077266
v -0.478871588093262 -0.208900632689125 -0.162985042185702
v -0.478852944183521 0.20380138924624 -0.156943241802355
v -0.478852642393615 -0.277302656143499 -0.460219060574297
v -0.478784706132582 0.263161921249534 -0.356610997941759
v -0.478549915210482 0.0801274188550238 -0.155117026991767
v -0.478542368511131 -0.0168575693761099 -0.25406926942835
v -0.47852153485921 -0.0321185633222798 -0.463619494869772
v -0.478354409401332 -0.0250222317744368 -0.46362543284608
v -0.478035294731878 -0.221878001028165 -0.20489715486225
v -0.477717491046218 -0.244446110274479 -0.290700556820378
v -0.477225223560094 0.221823779441743 -0.195494320297205
v -0.477068463468954 0.254354164106536 -0.322971200792413
v -0.476921692300143 0.035812518917271 -0.463676337360033
v -0.476664801791616 0.0467203736698299 -0.463685464693311
v -0.476546476558481 0.00133789248349682 -0.152937435928349
v -0.476429682568925 0.129674824266459 -0.463693604749697
v -0.47508381893929 -0.220103322708158 -0.196757482482344
v -0.474860771746707 -0.0649560684467753 -0.151103515463834
v -0.474850986626664 -0.0653408893010879 -0.151092869986781
v -0.474721638961178 0.129229213862344 -0.463754505370869
v -0.474665982763609 0.131592437488824 -0.463756482838496
v -0.474587599953229 -0.0653545419569931 -0.15081119406457
v -0.47438313388765 -0.260491650630166 -0.34699587094404
v -0.474298315425766 -0.246049809454153 -0.296239645720564
v -0.474116163200889 0.259881207589007 -0.341518784148624
v -0.473932528025971 0.213417924596853 -0.161787305113719
v -0.473798868629882 0.233349638930174 -0.236808553638009
v -0.473687884889574 -0.133457660314332 -0.436834453364572
v -0.473307930938466 0.0653356632152589 -0.228683768242484
v -0.473113034302681 0.166314120169588 -0.150632915467206
v -0.473104651802298 -0.134019255649124 -0.149192988613761
v -0.473020393634797 -0.245917515297848 -0.293976502910632
v -0.472781736050457 -0.266987678354062 -0.372558314276698
v -0.472401313108 -0.242832514884697 -0.283130085097041
v -0.472373414307813 -0.162776740086227 -0.148397457037776
v -0.472361107986095 0.258647881966346 -0.335845136308609
v -0.472271964647963 -0.134942639807379 -0.148302066374676
v -0.472020866848663 -0.066050527838431 -0.14806596518307
v -0.472014290854535 -0.0642463140022113 -0.148059781934735
v -0.471973341489261 0.250888863486376 -0.307021853043003
v -0.471924988039898 -0.250984463822113 -0.309283366000973
v -0.471861880417359 -0.266189846439572 -0.463850833833774
v -0.47180044390896 0.255457221316182 -0.32468761709675
v -0.471777051381599 0.000843576783366472 -0.147836711392452
v -0.471755054877854 -0.146847633997458 -0.463855801943859
v -0.471653821286163 -0.0337525739418435 -0.463860509990552
v -0.471640822703114 -0.0192309561075074 -0.463861114512577
v -0.471597311266545 -0.23120803716147 -0.237980806229051
v -0.471583497324164 0.0448111969648376 -0.46386378053041
v -0.471582714521279 0.0456857203098252 -0.463863816936039
v -0.471541010682994 0.210165400652423 -0.152969339386255
v -0.471520254243912 0.253862701218839 -0.319111690801085
v -0.471508682965693 0.128391500922551 -0.463867259904075
v -0.471502739220761 0.135031670245977 -0.463867536328414
v -0.471494738141824 -0.135733246223285 -0.147615681150347
v -0.471477524962769 0.0830227421969068 -0.147555073940432
v -0.471447646750545 -0.247346365453661 -0.296490322109772
v -0.47139878403508 -0.246973953995907 -0.295180770898638
v -0.471380961436246 0.271078071673828 -0.46387319981902
v -0.471235934620369 -0.245732782944551 -0.290816305145273
v -0.471234090348722 0.195398418171562 -0.150396043923308
v -0.471225807892416 0.152084759639933 -0.147318390463224
v -0.471160520676113 -0.18930025014024 -0.150130133484023
v -0.471113527541472 0.0455957910797699 -0.46385822876832
v -0.471108311022397 0.238465313156823 -0.255861288104371
v -0.470971700791672 -0.239460247412059 -0.264876892687969
v -0.470951011417014 0.247618768662981 -0.291900435083801
v -0.470922140182686 -0.217600967417722 -0.185280274465177
v -0.470843034245265 0.115012085869582 -0.280268968425588
v -0.470619880796701 -0.228219575497268 -0.224046112334614
v -0.470392364769033 0.269284299537748 -0.378525505488871
v -0.470357875251889 0.0216173727487406 -0.290600090628105
v -0.47021092197118 -0.254964804422872 -0.325817194251868
v -0.470009641824858 0.217227421294782 -0.288041321122352
v -0.469634302057694 0.230726313407275 -0.22683369307249
v -0.469500470336503 -0.228622478817453 -0.223223176736099
v -0.469423868340504 -0.220521771959667 -0.195994915727898
v -0.469422047794898 -0.228667072228771 -0.223161325891548
v -0.469397396981585 -0.228495381826433 -0.222497743365979
v -0.469248229596087 -0.0665912318825073 -0.145616917237155
v -0.469195191778739 0.0837842355121158 -0.145538857169648
v -0.469134135817115 -0.247411361532572 -0.296723878542329
v -0.469131442769129 -0.0629968202433086 -0.145513009644324
v -0.469042747768736 0.242255467154302 -0.272859331599853
v -0.468922042968277 0.242259968853705 -0.272881616232733
v -0.468878533340471 -0.228577207941044 -0.222834992968931
v -0.468838173552433 -0.13849549134021 -0.145147492029652
v -0.468829763700851 0.242646276980563 -0.27461203147159
v -0.468801551300025 -0.109281366471538 -0.372331383172612
v -0.468457200101353 -0.228515450972547 -0.222579991184174
v -0.46829317930631 -0.228490159643509 -0.222481042187038
v -0.467831308563379 0.221939733830021 -0.191604416071573
v -0.46706968779347 0.000458933069854136 -0.143678624704631
v -0.466811650619615 0.138743403429938 -0.423329216159531
v -0.466662296114607 0.00742217287044316 -0.202703008283284
v -0.466410405983628 -0.228165909642019 -0.221353924178955
v -0.466128568303969 -0.0229464428241193 -0.410639226630889
v -0.466056041580013 0.14094486117653 -0.463803028138477
v -0.465481363846253 0.126900582480387 -0.463795455047532
v -0.465397808891274 -0.201790697232261 -0.149534031355502
v -0.46481857346527 -0.211961251785632 -0.159398805669801
v -0.464748891262772 0.242424893338654 -0.273693624872432
v -0.46435742011688 0.0839358692901212 -0.141265465509144
v -0.463972615666622 0.20030296218231 -0.352078658288786
v -0.463341781326991 0.235770496958444 -0.245043796589446
v -0.462687429273924 -0.111684214435745 -0.265680940561624
v -0.462382290619588 -0.147092919871326 -0.139147059907409
v -0.462380766845289 -0.14335733101497 -0.139150268522554
v -0.462350053628186 -0.0680627472974251 -0.139214941416426
v -0.462346789498636 -0.0600606134014144 -0.139221814701736
v -0.462322271537249 4.60725924226621e-05 -0.139273442231
v -0.462310958288934 -0.143461510225837 -0.138928554109569
v -0.462288020908595 0.0840127511026157 -0.139345563860738
v -0.462261742318298 0.148435683759186 -0.139400898750459
v -0.462164995710957 0.045853422281019 -0.463751752018823
v -0.462066081862658 0.214453265167265 -0.16033807645351
v -0.461881686618597 -0.227417226563963 -0.21863480041582
v -0.461743640748232 0.0511686023339516 -0.434684125931197
v -0.461676299591313 -0.144418236095601 -0.136883712726675
v -0.461583855125286 0.20413661076724 -0.148862012299548
v -0.461436062365131 -0.221351390398082 -0.19467980193722
v -0.461374546241567 -0.221349975040795 -0.194677473387263
v -0.460931385348791 0.185866954042192 -0.147796995721726
v -0.460862956300059 -0.0697461508528132 -0.134493022185256
v -0.460771772020796 0.195483053474053 -0.147633056738414
v -0.460757084912044 -0.171445152149225 -0.145028039803138
v -0.460659463408508 -0.0593866680995001 -0.133869681040853
v -0.460507236402194 0.217052078643365 -0.16995075559977
v -0.460378103854692 -0.185322390923152 -0.147865200240453
v -0.460231903411403 0.226393448664246 -0.207006901029778
v -0.459912225341357 -0.00920097264404252 -0.463722065058835
v -0.459864870354257 -0.0708946027585183 -0.131278313346605
v -0.459676939649325 0.258647142747604 -0.335847167872952
v -0.459572342946364 -0.00891037778792015 -0.463717635131294
v -0.459523768921697 0.0849266468891896 -0.130577053037969
v -0.45951142722323 -0.000942066074651773 -0.130353006900079
v -0.459496374176908 -0.000947437515046619 -0.130304559127959
v -0.459295593107431 0.242677870119627 -0.274731681133795
v -0.458802963048649 0.258548850015951 -0.335509722180395
v -0.458787955639904 -0.0366764708045662 -0.463707249456635
v -0.45861434304814 -0.218819360332151 -0.184820346648628
v -0.457993176360667 -0.145460370724291 -0.46369210398049
v -0.45783737838522 0.149867094838457 -0.463695919301817
v -0.457833139428082 0.0844967585272678 -0.12521206154865
v -0.457696834669866 0.142381040538734 -0.129350758369531
v -0.457604593145787 -0.0581685108961144 -0.124044664649351
v -0.457449769333592 0.161731205723439 -0.139810897103692
v -0.457420696905993 -0.194218754961719 -0.148049560340729
v -0.457304004809056 0.176708569300905 -0.145939143528966
v -0.457156330692 -0.148557215860723 -0.130449475327789
v -0.45712003601815 -0.206878058553649 -0.299183487861028
v -0.456936156446009 0.130160661880256 -0.122464415700707
v -0.456870359585974 0.0842516612425769 -0.1221136820672
v -0.456749417075414 -0.000134581374598727 -0.121468991634385
v -0.456677556028889 -0.148691366873883 -0.129652648872038
v -0.456664922370757 -0.0590897875631712 -0.121018588153728
v -0.456651535882832 -0.148991652686069 -0.129815408258685
v -0.456651449890917 -0.0684900550716956 -0.120946772389207
v -0.456570353547881 -0.125074093613418 -0.120514484054444
v -0.456240352071609 -0.0681390830084498 -0.119458711819179
v -0.456190878840523 -0.0596034880518561 -0.11930043233401
v -0.456165418822309 -0.24609927440065 -0.292137617224223
v -0.455844385673837 0.000176826699023745 -0.118191898307956
v -0.455623470952101 -0.160856048528622 -0.136246087671108
v -0.455359331763661 0.0838629660212285 -0.116640067519939
v -0.455331304791005 0.159133834132445 -0.133471163018826
v -0.455266922944419 0.265610778674627 -0.366099205517953
v -0.455151974522494 0.119638220296639 -0.115976670433116
v -0.454986962508405 0.276383605283483 -0.409093838586864
v -0.454689349474122 0.0836924668923145 -0.114493046477656
v -0.454274819767281 -0.146970874546157 -0.463647775448152
v -0.453831408721304 0.000769632898282576 -0.11174115887912
v -0.453700651726763 0.083440955476702 -0.11133913508337
v -0.453618075030737 0.000454935535491254 -0.111057503087446
v -0.452802538529897 -0.0629118753507745 -0.10844210322214
v -0.45276857574991 -0.065550767729437 -0.108333185656695
v -0.452749156824152 0.169439054048258 -0.142146851571777
v -0.452592084968392 -0.141258466161827 -0.1588365506479
v -0.452098296593821 -0.117631149761531 -0.10618362151978
v -0.452090180893469 -0.0650476235934257 -0.106169278037787
v -0.452089958240541 -0.0636050030475373 -0.106168884526675
v -0.452080420068181 -0.00180494708853642 -0.106152027003903
v -0.452066960156823 0.0854049756985687 -0.106128238299564
v -0.452063557222434 0.107453385782631 -0.106122224040041
v -0.451564652977722 0.0856303662781639 -0.105287911321744
v -0.450884856299022 0.257671850539016 -0.332449162037062
v -0.450721284179259 0.123254257396595 -0.463602983714655
v -0.450541219429775 -0.0645112080484751 -0.103577969375916
v -0.450325859802441 -0.152415470620605 -0.128009481819062
v -0.449983721787799 -0.251838998706696 -0.4635912274503
v -0.449940560948364 -0.245519780870514 -0.289927675186935
v -0.449915398369126 -0.196420595262545 -0.218893690431954
v -0.449843807278936 -0.152588088946856 -0.128140206114412
v -0.449766938686427 -0.148801056129198 -0.463588988624059
v -0.449535457028312 -0.0387768261698694 -0.463586597998557
v -0.449513192854422 -0.0041043969713574 -0.101857274500973
v -0.449469019066306 -0.00719857643179199 -0.463585911860884
v -0.449452906875582 0.150078057959154 -0.125674253139562
v -0.449356620717852 0.0462248431080832 -0.463584751067582
v -0.449234846902484 0.140271696757747 -0.117682353448894
v -0.449197108393077 0.122041738689576 -0.463583103704959
v -0.449191761300298 0.124583234937569 -0.463583048482889
v -0.449141299180559 0.148568097978714 -0.463582527335636
v -0.44888302693666 0.271326008847608 -0.463579860030512
v -0.448131569348952 -0.0645392339711954 -0.0995467989443332
v -0.447758859537287 0.136961095022542 -0.111079626227166
v -0.447508105657719 0.123391983742511 -0.101771553692566
v -0.447237701902058 -0.103638694307984 -0.0980519931026923
v -0.447237228592764 -0.064551472820453 -0.0980801089041095
v -0.447236520991727 -0.00611577581422992 -0.0981221422436556
v -0.447235387376943 0.0875013424980987 -0.0981894819062754
v -0.447235119921752 0.109588549366675 -0.0982053694392989
v -0.446976452440208 0.129389052155365 -0.107420255957408
v -0.446323905562468 -0.0395153630185139 -0.463586591786958
v -0.446248694674815 0.258457150621338 -0.335199142893819
v -0.446014408540449 -0.152931010438745 -0.128216413445095
v -0.445726310644338 -0.0646750417870481 -0.097253279986486
v -0.445218328720013 0.163790047803017 -0.136391297234479
v -0.445149760652901 0.258646296120321 -0.335849494623756
v -0.444744347231955 -0.131664816303335 -0.107610350065896
v -0.444727414391622 0.164113624118766 -0.136722849975091
v -0.44461172733443 -0.143311257625267 -0.119125278053291
v -0.44379813528041 -0.123378604390017 -0.0985725136258981
v -0.443749836124779 -0.244987060961556 -0.287722412803949
v -0.443597713250699 0.148261953370039 -0.120898562007984
v -0.443522514539616 -0.00786119877139072 -0.0960886570966194
v -0.442731006700672 -0.245447668963426 -0.289626829285405
v -0.442130339005712 -0.221036822725745 -0.194461411921401
v -0.441890756314571 0.24360443734209 -0.277971460773589
v -0.440614103518718 -0.246477458151375 -0.293501083546779
v -0.440339388233634 0.125433324198041 -0.0985129939500178
v -0.440176517075609 0.0805506216568491 -0.15159198769686
v -0.440157006533852 0.218732310710413 -0.178565851446065
v -0.439855061463964 0.0866857072971967 -0.0941505468557191
v -0.439008069345101 0.0465003270363484 -0.46358467339667
v -0.438972514685516 0.109437755010375 -0.0936841542627942
v -0.438859718977666 0.0865681893431597 -0.0936209716252187
v -0.438382214019302 -0.0102469396177168 -0.0933534967070689
v -0.438230987976847 0.0863757325329247 -0.0935244287529082
v -0.438110659981642 -0.0653050886806077 -0.0932013854195859
v -0.43799642553329 -0.118843339216783 -0.0965638335446254
v -0.437898276749459 -0.10836623318347 -0.0930824187226971
v -0.437018385436468 -0.221724493316484 -0.19745126061991
v -0.436808778795291 -0.010751903825234 -0.0931118458006086
v -0.436116829936053 -0.0655171195841601 -0.0928960288584351
v -0.436015780127096 -0.047722217112905 -0.178270917653774
v -0.43591078902602 0.142461115460425 -0.115295262357869
v -0.435790676196045 -0.153538530598497 -0.129274446130442
v -0.434797251337776 0.118124878047537 -0.0943499363273597
v -0.434385073390778 -0.143339760005266 -0.118498527483219
v -0.434350300487179 0.154363005171572 -0.126782995721525
v -0.434279344418453 -0.00175720185338008 -0.11864589209362
v -0.434270963274147 0.133145129323849 -0.105844074343462
v -0.433802803725216 -0.00985788169180149 -0.0926539160835317
v -0.433329016815656 -0.220990999951467 -0.194266766033636
v -0.432760610618645 0.0727338998929851 -0.363137770670375
v -0.431859696947704 -0.250956733048858 -0.309272179299894
v -0.429890818112531 -0.204692407177221 -0.151393761352121
v -0.4298597163786 0.0849851393715649 -0.0922413573083958
v -0.429168534271144 -0.234839575695464 -0.248645592051605
v -0.428851520741132 0.109235253983535 -0.0921358714490352
v -0.428793238778677 0.0847789979841375 -0.0921129923642809
v -0.428571544460752 -0.00824829149607364 -0.0920259643563742
v -0.428433081752426 -0.0663499630691313 -0.0919716096314187
v -0.428362151642654 -0.0961136300694878 -0.0919437654078418
v -0.427712085399863 -0.003443402681429 -0.463585679602285
v -0.427597051864459 0.253934315927412 -0.319397469504916
v -0.427514993331635 -0.252912069237094 -0.317403486649736
v -0.426848043788327 -0.0665343016370902 -0.0919820691316545
v -0.425690202213694 -0.158641452748924 -0.463589035503873
v -0.425345057357016 -0.175221952224579 -0.147319497026213
v -0.425313662449218 0.145104421073217 -0.463582437479549
v -0.424924395760442 0.240264450446785 -0.26473106109901
v -0.424435955763159 0.253495160341347 -0.317611732418571
v -0.423950217944287 -0.223482450296628 -0.205094491928478
v -0.42240933346874 -0.240373552982493 -0.268636003735612
v -0.422056313427421 -0.254013823139682 -0.3219929665768
v -0.421393427468261 -0.154510999248019 -0.130439918214916
v -0.420833089819236 -0.240014448955024 -0.267226028734124
v -0.420192806692688 0.261960106228876 -0.35110667024515
v -0.418925449543729 -0.170082302466519 -0.14497123623641
v -0.418084629333758 -0.164844269199145 -0.140724113358861
v -0.417766521210009 -0.0392627952146227 -0.463586388472694
v -0.417613528150069 0.24298885154489 -0.27585585188812
v -0.417188333165853 0.0965502322534192 -0.463583435477811
v -0.416863540019355 -0.0689802177441644 -0.0920467334131104
v -0.416267405541266 0.0810462704662453 -0.0921934834327669
v -0.416222069960685 -0.155159799327981 -0.131155275465339
v -0.414956682726397 0.0743244990327366 -0.099868051740314
v -0.414721346111985 -0.255494786622444 -0.32815988301843
v -0.414675581517569 -0.063817265717907 -0.0920663261891707
v -0.414648773545955 0.251300690700404 -0.308689100836808
v -0.41439179391666 -0.14564318822794 -0.121752292119484
v -0.414217818411366 -0.239275992754094 -0.264337688540662
v -0.413840943715258 -0.00312059382898998 -0.0921296791280516
v -0.413310572833476 -0.2193341489085 -0.187079328818428
v -0.412873602600275 0.250897575888528 -0.307070610273395
v -0.411784762365764 0.250684063435632 -0.306078731128443
v -0.411279619046932 0.0724540319350946 -0.463583917760648
v -0.410688373810236 0.250473158607817 -0.305080079736157
v -0.410268514026209 0.086428220643998 -0.463583607326341
v -0.410088573738843 -0.272732558566746 -0.461712395703559
v -0.409087038110566 0.0811358984259521 -0.0922417457794933
v -0.409082682860192 -0.0708926442609393 -0.0920381388459731
v -0.408820538246515 -0.277298588004599 -0.460220159676977
v -0.408611662731292 0.250064174758799 -0.303188254837612
v -0.408213114151368 0.0829703041651445 -0.463583668171451
v -0.406382749152109 -0.266944981247377 -0.463603831508579
v -0.406123365284943 -0.283060990330638 -0.452370569957137
v -0.405934247109914 -0.218640642391122 -0.184490660746297
v -0.405917778832076 -0.266218613857255 -0.46383991870902
v -0.405892250258618 -0.283556704072701 -0.451700258517173
v -0.405797951122978 -0.259334800733458 -0.422514663952409
v -0.40541389891733 -0.0720551000095721 -0.0920330797906304
v -0.405252914413894 -0.26512409569419 -0.463832153759426
v -0.405135161439017 0.0812242141222506 -0.0922239538560479
v -0.405104654691781 -0.283886836554325 -0.44780705536511
v -0.405087577586412 -0.126830980316558 -0.102235136520197
v -0.404103540408407 -0.16389655946485 -0.463589000070435
v -0.40388786361377 0.0864839057162353 -0.455663361026929
v -0.403636092230665 0.242862307594734 -0.275430183474728
v -0.403576580669825 -0.0703395890301089 -0.109767733180301
v -0.40341221991555 -0.284587430420915 -0.439430660754655
v -0.403180544050915 -0.284121255696287 -0.437618663581521
v -0.40218929077921 -0.282189997122124 -0.430111978214595
v -0.401692395057993 -0.281400225521418 -0.426557425769562
v -0.401558387923897 -0.0608478025267148 -0.0920757492529749
v -0.400938964073849 0.0833621899196754 -0.0921911056978167
v -0.400938525770636 -0.279542422487254 -0.420393790316284
v -0.400761860869232 0.0897640932224576 -0.463583469035594
v -0.399895855114626 -0.0738023331950949 -0.0920344358036568
v -0.399570701923011 0.247668516280901 -0.292107721397359
v -0.399384929824328 -0.258823603862051 -0.341015375309275
v -0.399359720045287 -0.276062606856702 -0.407965691316067
v -0.399299945501505 -0.0530084572945983 -0.307674445409469
v -0.399162226839927 -0.275716202974467 -0.40651493287993
v -0.398560215615136 -0.217603763532769 -0.18059599518952
v -0.398372704239332 -0.25922981647361 -0.342579325668891
v -0.397523744932345 0.246939019287544 -0.289612195400263
v -0.397168672494134 -0.251791827427248 -0.463590860551955
v -0.397125847581688 -0.251721408507337 -0.463590858726239
v -0.397036979331327 0.0755202504177462 -0.46358375251671
v -0.396296643925427 -0.157722930315478 -0.133689898210266
v -0.396040736569817 -0.273710361942266 -0.398112050456893
v -0.395954486381954 -0.166429990887524 -0.442611327655381
v -0.395882738617389 -0.237023556337741 -0.256421418769661
v -0.395567145200825 0.151371195177148 -0.463582095337556
v -0.394044179434118 -0.259157959486721 -0.342327819055058
v -0.393901361079873 -0.261225764581359 -0.349581610953701
v -0.393782744121627 0.000469585635775246 -0.463585359593109
v -0.393192249467418 -0.271805266872619 -0.390437337478734
v -0.392681969395393 -0.0926426793510684 -0.463587373769847
v -0.392667933540343 0.193882988038934 -0.287315854816407
v -0.391690609827101 -0.149791187429443 -0.463588607801987
v -0.391389635548785 -0.210699468189181 -0.157659322184566
v -0.391303423531847 -0.0850676754326817 -0.442507449839846
v -0.390741249302756 -0.0767025753178307 -0.0920248892441484
v -0.389667848908834 0.261734348921468 -0.3500810588169
v -0.389666514733843 -0.114505312457129 -0.46358782759684
v -0.38919618613785 -0.268871016937708 -0.379647082306489
v -0.388694586313586 -0.00250959844583959 -0.0922989813425657
v -0.388430284427804 -0.263372926240811 -0.358012231193442
v -0.388283537225783 -0.265262795552342 -0.365450238471908
v -0.388064264782482 -0.268096409589061 -0.376595747513779
v -0.387580503982982 -0.233576431341488 -0.463590398608519
v -0.387552788564817 -0.179130813505365 -0.463589216206252
v -0.387176635645637 -0.198690861766805 -0.463589638319497
v -0.38690938790401 -0.164204085828266 -0.140094760383571
v -0.386415247607066 -0.026084501338425 -0.463585885139854
v -0.386075268344739 0.242920498451053 -0.275650564117741
v -0.385987948121904 -0.164840838557882 -0.140722664724443
v -0.385827612952736 0.116492709756156 -0.463582785204764
v -0.385435220951554 0.242730971432051 -0.27486753379269
v -0.382768148803453 -0.261327316102512 -0.349939301787475
v -0.382451238890318 -0.265143739392173 -0.364959619508886
v -0.381959503536784 -0.245475951341435 -0.35847458000208
v -0.381501159398114 -0.215117488663957 -0.171620537271974
v -0.38126742780336 -0.214872219457271 -0.170730520465785
v -0.379783816944375 -0.260134586500623 -0.345755645846685
v -0.379608975640206 0.0111463331074209 -0.463585029574304
v -0.37929944581949 -0.169832820114207 -0.144770594045552
v -0.379286590609874 -0.212822266282444 -0.163157443032388
v -0.379112427111348 -0.0722884753941917 -0.463586837804393
v -0.378963098569295 -0.170085796624758 -0.144971476152205
v -0.378286339268552 -0.211427259888265 -0.159714088993181
v -0.378035463082627 -0.209468582658268 -0.2597058650847
v -0.377741347970001 -0.210736421293329 -0.157764700215175
v -0.37771180286462 -0.210699123939542 -0.157658856403561
v -0.377671265583019 -0.210604237845361 -0.157559887614336
v -0.375439508109243 -0.258849107006109 -0.341246804599334
v -0.375355024119294 -0.23724883088555 -0.257257010237962
v -0.375146131014349 -0.204693783065049 -0.151394790720051
v -0.375074154994351 0.0292889162019732 -0.463584604218761
v -0.374643280139733 -0.0397957438971961 -0.0921528387481876
v -0.37459474239708 -0.0311719686703759 -0.0921861261694614
v -0.374431507673761 -0.00216980486630678 -0.0922980733409735
v -0.37424146364617 0.0315956091714757 -0.0924284064644605
v -0.374195658008872 -0.236163673250732 -0.253428133920525
v -0.37375409848746 -0.0300504664687337 -0.0917116738248521
v -0.373530212660912 -0.17492304598248 -0.147181183385024
v -0.373193194928255 -0.17522213168944 -0.147319612681345
v -0.372481505337917 -0.195179353355091 -0.148357164432972
v -0.37221807952032 -0.194235933129173 -0.148059848040798
v -0.372130600794221 -0.160323109715124 -0.463588700986756
v -0.372102879776525 -0.052018771600403 -0.0921229615475063
v -0.372038444195018 -0.234287178477384 -0.246333961332394
v -0.371520230413911 -0.268383499782496 -0.377661799305603
v -0.37121496438412 -0.0022219949726421 -0.0904518897310446
v -0.370769452565341 0.261732759639145 -0.350081840884079
v -0.370752584573174 -0.145027632269784 -0.192921615587924
v -0.370622514020715 -0.239134458156591 -0.263923500683467
v -0.370456474669771 -0.186204813861543 -0.147893935062836
v -0.370256827299909 -0.0253252209305583 -0.0895928944672605
v -0.370034632790854 -0.184322158407367 -0.147811336507411
v -0.369883503916895 -0.269306167745694 -0.381284962591305
v -0.369046501669588 -0.179952476840014 -0.147575223988757
v -0.368899850244267 0.242988635141659 -0.349233597565386
v -0.368768637832027 0.0245893217811734 -0.0892381518372752
v -0.368470470621728 -0.00227562686395751 -0.0887462278134907
v -0.368286779948985 -0.0188262076097934 -0.0884431701607846
v -0.368034990064172 -0.00235837695709575 -0.0874117193095243
v -0.367520043202816 0.159315962720671 -0.429167262218367
v -0.367515275499358 -0.0364789975402559 -0.463585979912987
v -0.367478899328667 -0.230670901937245 -0.231413507970127
v -0.367318015640936 -0.0215504655870342 -0.0882894725612682
v -0.367270598350036 -0.0213134490079264 -0.0878396988384675
v -0.36712489014998 -0.00516872173729561 -0.0846642596699795
v -0.367049729700675 -0.184289111225405 -0.147809556876616
v -0.367024847312776 -0.0196539721469526 -0.0849938790673151
v -0.366921255636179 -0.230205419855456 -0.22958379410854
v -0.366366233575449 0.00374894107169748 -0.0821968180151265
v -0.366154319500855 -0.186247031962349 -0.14789530983402
v -0.366002956425316 -0.0130408821178362 -0.463585460510638
v -0.365748032490463 -0.271782648970575 -0.390406055870574
v -0.365334154780796 -0.0934802480567946 -0.0919648629296788
v -0.365278685219232 0.101470039889678 -0.0921561602375199
v -0.364992567855152 -0.25596974731325 -0.330259359332554
v -0.364966958768555 -0.00945066571216623 0.0499050306521202
v -0.364964157551758 -0.00945292801751552 -0.034276350626724
v -0.364963301844463 -0.00945361909976006 -0.0599918261880605
v -0.364946806158303 -0.00777083376513518 -0.0343508065033679
v -0.364933365645622 0.0086665240697466 -0.0780353261942779
v -0.36492192381643 -0.0111953143229057 0.0500943383197581
v -0.36489305053472 -0.00228702580817252 0.04920734252394
v -0.364740697272591 0.0135793154237378 0.0476585834382937
v -0.364738638551123 -0.018295232857872 0.0504444254493824
v -0.364727080923043 0.0151601866192744 -0.0721979301107052
v -0.364720414633368 -0.0188430610667186 -0.0748015698067186
v -0.364686694756225 -0.0202006876563303 -0.0339939521330733
v -0.364678078445646 -0.0130731435412709 -0.0769007267368091
v -0.364662061300614 -0.021104316978904 -0.0740374073731546
v -0.364659298812614 -0.0212056533565358 -0.0785280304644168
v -0.364659128891079 -0.021205758518768 -0.0740033721297751
v -0.364657625420328 -0.021206688997293 -0.0339690620142117
v -0.36465643692254 -0.0136822575936805 -0.0782054792746759
v -0.364655774758759 -0.0119415477661062 -0.0781308496734192
v -0.364654449816273 -0.0212086543374084 0.0505906925094183
v -0.36465172690806 -0.00130047420676196 -0.0776746340169688
v -0.364647681321737 0.0234334858214582 -0.0763006987356682
v -0.36464753483052 0.00971974584847198 -0.0772021631803857
v -0.364643609623949 0.0200384099893688 -0.0767597702104962
v -0.364643018386781 0.0238638569984177 -0.0357398583815982
v -0.36464209678798 0.0240153844446283 -0.0765892650446712
v -0.364642091501561 0.0240154427561285 -0.0762274405998545
v -0.364641915008595 0.0240173895502787 -0.0641475299499936
v -0.364641500237023 0.0240219646610556 -0.0357588431475991
v -0.364640375515158 0.0240343708322337 0.0412217864291892
v -0.364517102985304 -0.00219522046314476 -0.442368008438377
v -0.364448410548625 0.0245484213913282 -0.076323253995153
v -0.364156272352557 -0.0226735326206273 -0.0341612764466549
v -0.364116344386365 -0.241469860979428 -0.273148341814241
v -0.363740315017022 -0.0316113022465811 -0.0877218587535386
v -0.363585932714063 0.0354722011090376 -0.0894169120581867
v -0.363453541785092 -0.155679274627585 -0.131673973751487
v -0.363405553468369 0.151824262983327 -0.463581862701716
v -0.363265523202445 0.060383001424861 -0.463583847250475
v -0.362977650727149 -0.0950352034254306 -0.0919494774944332
v -0.362555969866384 -0.194237881160145 -0.148061014682025
v -0.362468857388654 -0.09604716202892 -0.0919395405360836
v -0.3623276171878 -0.255284787307849 -0.327422658393139
v -0.362134666856038 0.030929335301939 0.0371694699472192
v -0.362079938816809 0.0335190603457129 -0.0771657862211512
v -0.362078098234624 -0.0287462880167582 0.0516548135271863
v -0.361983546237912 -0.195298077379408 -0.148395182397586
v -0.361682843429474 0.0321636538871713 -0.0376809186693774
v -0.361587039043238 -0.227985513688187 -0.220867122773759
v -0.361561445866394 0.0324952950981015 -0.0577919935704546
v -0.361557007851566 -0.0302778989284218 -0.0295819003948505
v -0.361479002747656 0.0327482667166591 0.0361000224643763
v -0.361475754417084 0.0327382087471041 -0.037816000537097
v -0.361474884475771 0.0327355151040025 -0.0576115849610651
v -0.361474241678252 0.0327335247776722 -0.0722384941005606
v -0.361364354461489 -0.261286545740998 -0.349799073282155
v -0.36127785847146 -0.0310983866028363 -0.0731006047703435
v -0.361251921213371 0.0328776525424767 -0.0575821567894091
v -0.361249579457339 -0.0311701026936231 0.051997012359287
v -0.36124448744818 -0.0311921338461537 -0.0290313748258214
v -0.361241718643171 -0.0312041133936321 -0.0730909586369393
v -0.361241360467554 -0.0312056630808772 -0.0787905541503137
v -0.360955267571953 0.0330699696387976 -0.0380254514023144
v -0.360946378286546 -0.197214627613968 -0.149007087153293
v -0.360917171044224 0.0462646775939873 -0.0922703020859953
v -0.360859677987697 -0.274467990439529 -0.401243442479755
v -0.360814968997644 -0.283555024582842 -0.451702594179813
v -0.360767408528838 -0.282765675128654 -0.452769964760337
v -0.360445084811498 -0.27729577789249 -0.460220918894355
v -0.360214206748711 0.0335406731207379 -0.0383234709810565
v -0.360121453106822 -0.284076567776411 -0.445552326452982
v -0.359881998134871 -0.0420149056717087 -0.091196332407632
v -0.359870988508108 -0.27437822231579 -0.461174408310914
v -0.359838677467747 0.0337938419822984 0.0355850514106255
v -0.359536100862762 -0.28458675632277 -0.439452244041187
v -0.359506943041896 -0.284531229781596 -0.440116177173943
v -0.359274473552097 -0.17522217958651 -0.147319643548346
v -0.35927119070835 -0.282822167467141 -0.432593040311163
v -0.359104810636737 -0.281596095820261 -0.42707990368919
v -0.358670631946102 0.104888456815717 -0.0921495548675048
v -0.358638452142933 -0.278745840564698 -0.417625668605023
v -0.358247224420231 -0.276263173470659 -0.408757520426223
v -0.358226487916351 -0.174834762810344 -0.147140331889558
v -0.358220575287691 0.0366982610577817 -0.0800734600040889
v -0.358192905697081 -0.275883363873369 -0.407167046505656
v -0.358045424460796 -0.033099674827577 -0.0749073985998871
v -0.357311088321401 0.00736607507593637 -0.463584957189609
v -0.356576230050977 -0.106471528211355 -0.0929087082244989
v -0.356548237564722 -0.244071799379605 -0.283905578076202
v -0.356099081259189 -0.0930943960908658 -0.091967954209348
v -0.355773885200169 -0.241626756428844 -0.273794114090596
v -0.355530287510298 -0.108325692301674 -0.0930775248727104
v -0.35549563272073 -0.225164711750785 -0.211047892319398
v -0.355479371821351 -0.244574954566456 -0.285985925027892
v -0.355134949154016 -0.0347951146053461 0.0539262559386458
v -0.355104285375906 -0.239084077358111 -0.263776065954895
v -0.354758866603571 -0.236804531587359 -0.255728804818001
v -0.354748451842883 -0.236632086037036 -0.255120006059043
v -0.35473100616579 0.0381574194366214 -0.0828924498879561
v -0.35444301087029 -0.234117046268481 -0.245622004741094
v -0.35418792030945 0.0384413897672995 -0.0833235405210488
v -0.354110129989973 -0.110323615649376 -0.0937415603230191
v -0.353882100392652 -0.231420125029078 -0.234496368708001
v -0.353776377868377 -0.0356212253480587 -0.033834028053737
v -0.353682401617448 -0.267552745370662 -0.463405033691196
v -0.353554771564993 0.0377644631051948 -0.0719482392755353
v -0.353554369360583 0.0377677566466989 -0.0565817339124369
v -0.353553982590965 0.0377709237969269 -0.0418049257548389
v -0.353552008411218 0.0377870898129478 0.0336200147158331
v -0.353371553407874 -0.252657402161622 -0.316538324371921
v -0.353270900782347 0.261731216552094 -0.350082235937171
v -0.353264189285052 0.241797183645239 -0.270976853233626
v -0.353186957512414 -0.035979636049934 -0.0719090988114526
v -0.353128178477092 -0.23097722789903 -0.232668899797509
v -0.353052250962828 -0.0360615474880039 -0.0806108027060559
v -0.35303981738894 -0.0360691080106409 -0.0814139802698479
v -0.353038562757221 -0.0360694119989143 -0.0806264846993844
v -0.353024518139188 -0.0360728149092048 -0.0718110894543773
v -0.353023433114386 -0.0360709317207159 -0.0806451331594276
v -0.352964869854788 -0.0360872672610113 -0.0343716089752228
v -0.352834109353428 -0.0360920050767045 -0.0717609420367333
v -0.352823035194946 -0.0361216327825517 0.0546538513855392
v -0.352815553956665 0.0387382720670204 -0.0814811117577985
v -0.352682425368117 -0.0361115868975694 -0.0810642779511471
v -0.352545235270856 -0.0360873303526078 -0.0812403489835077
v -0.352495401248214 -0.266241918805122 -0.463831076190858
v -0.352415894831829 -0.0360700095297827 -0.081405328567218
v -0.352409128095749 -0.0360691386877909 -0.0814139533669535
v -0.352059541149819 -0.0361782211512717 -0.0354136186812566
v -0.351805202031438 0.039406489662654 -0.0832581888997548
v -0.351710868772326 -0.0375236682925207 -0.0880122812396228
v -0.351545625509434 -0.23548402969021 -0.463590190399201
v -0.351290208029072 -0.204694382631432 -0.15139523928453
v -0.351123396907691 -0.264258017490449 -0.463816973469563
v -0.350899033745248 0.0405398712681895 -0.0885738074222353
v -0.350639401392488 0.042078972096025 -0.0890038185272216
v -0.350550421745604 -0.212792549120774 -0.463589690791276
v -0.350254741817617 0.109242070915329 -0.0921412044437024
v -0.350217155369752 -0.174673115225776 -0.348309713138376
v -0.350123217499184 -0.0363937505565218 0.0554501445388076
v -0.350099266751546 0.241052576024683 -0.267899775296721
v -0.349871134367834 0.0383895384566518 -0.0576720777072909
v -0.34934338414378 -0.222537302046269 -0.201026098778158
v -0.348968335449224 -0.163424966573971 -0.139328821992946
v -0.348928312708029 0.0836930071167173 -0.092193920784227
v -0.348860060724824 0.0413543210999665 -0.0884383079900789
v -0.348850352174614 0.0468803613622609 -0.0919012137739331
v -0.348658008800913 0.0515878489117742 -0.0922601485852309
v -0.348640142425627 -0.0370683133463664 -0.0859457430011935
v -0.348622771373043 0.0524502636120389 -0.0923259056699696
v -0.34861895848429 -0.0175760749260643 -0.46358543855906
v -0.348615048550834 0.0464852751457276 -0.0922706743779346
v -0.348573248495827 0.038627857556246 0.0334949426980991
v -0.348496632275006 -0.222215375399533 -0.199628052516795
v -0.348465864122538 0.060047122716219 -0.46358375201958
v -0.348378924313786 -0.0909043659599123 -0.0919777124594221
v -0.348247521118336 -0.227922427030286 -0.220665363935048
v -0.348141091682471 0.240577061105309 -0.26599025770436
v -0.348139348732581 -0.237527826309167 -0.439564662612884
v -0.347473574137243 0.0387971161127935 -0.0448723383881224
v -0.347389304384662 -0.213143362846933 -0.164559144802519
v -0.347373451978831 -0.25089825677579 -0.309248589745395
v -0.347296251675925 -0.248746802867918 -0.30168275473002
v -0.34689967662704 0.104159398576047 -0.0921518498926916
v -0.346802943978202 0.240253414220049 -0.264685861515699
v -0.346395813024242 0.109242405611671 -0.0921414662819986
v -0.34632897447145 -0.16483659962394 -0.140720874777569
v -0.346230065014715 -0.0375125317250669 -0.0879603167256168
v -0.346220313195256 -0.00127165564872829 -0.0955358062828086
v -0.346167413399097 -0.0375237659341182 -0.0880127524201932
v -0.346129294905973 -0.0375600085033674 -0.0880385151743118
v -0.345939856483307 0.262128624280457 -0.351913806358634
v -0.345909008089553 0.111351398112694 -0.092666823288991
v -0.345431955505913 -0.170088728462273 -0.14497167745795
v -0.345424919268294 0.243055200480854 -0.27616070818196
v -0.345415505172605 -0.0369702212498037 -0.0429323609971738
v -0.345340067752692 -0.108776194841979 -0.109461645052988
v -0.345105715059611 -0.0369906835517128 0.0569338363048242
v -0.344878366915319 -0.250049780734645 -0.306270137078132
v -0.344852663125919 -0.225426261177294 -0.211973496632672
v -0.34427585262672 0.0393535401375344 0.0332793616399896
v -0.343888400617267 -0.169609874825139 -0.144591293863294
v -0.343784336183774 -0.210369001155744 -0.157314265702284
v -0.343774064786961 -0.259322179489415 -0.342910453844934
v -0.343348824420777 -0.21069825907716 -0.157657686216513
v -0.343164145746389 -0.210830039994394 -0.158031669785771
v -0.342978119671942 0.0677243765794287 -0.447092002322977
v -0.342795953627118 0.16677221915453 -0.463581395355645
v -0.342557036826878 -0.25174305154307 -0.463590481172989
v -0.342553778216559 0.0396280698393262 -0.0443133251895465
v -0.342364920062558 -0.251467073783976 -0.463590473849638
v -0.342316450792435 0.0472137397835314 -0.0917013610490029
v -0.342234254613825 0.0396790076610931 -0.0587103191262325
v -0.342194124508642 0.0396983096906889 0.0331791689789252
v -0.342015538839055 0.0397172233898798 -0.0442523705992885
v -0.341982112671292 0.0397207634974575 -0.058745356727949
v -0.341952961616918 0.039723850835175 -0.0713847304568486
v -0.341812452258324 -0.0373828623290907 0.0556020587798049
v -0.34180266333411 -0.0374005098749494 -0.0447142542007285
v -0.341800321747454 -0.0374047313049031 -0.0687106949436096
v -0.341800155327911 -0.0374050313273012 -0.0704161525200581
v -0.341709822780462 -0.0374030814095785 -0.0686946051511129
v -0.341668689615684 -0.210817439491597 -0.192505499454398
v -0.34145083760932 -0.042016248754271 -0.0911988207000974
v -0.341389428142243 0.117175540404431 -0.094117783244051
v -0.341372687854644 -0.0422437691249601 -0.0912196479048424
v -0.341177456493617 -0.212248387924069 -0.162034174654433
v -0.341092799056161 -0.213142396513684 -0.164556926575321
v -0.340983284751988 -0.222903538813625 -0.202364055305868
v -0.340953363435816 0.0397097582370007 -0.0590565774822915
v -0.340938537297186 -0.21493124980829 -0.171072765383162
v -0.340917148412762 -0.222430555230292 -0.200566606825682
v -0.340852255060949 -0.220157495708866 -0.190692318358289
v -0.340808718965544 -0.216434775863018 -0.176533616306244
v -0.340701804868883 0.118069854567073 -0.0943283065813407
v -0.340628311074309 -0.210836905834683 -0.158051248891366
v -0.340574274966699 -0.210698189246094 -0.157657591732799
v -0.340527088322947 -0.092443780362272 -0.0919731666621845
v -0.340518586363746 -0.220161287199791 -0.190708956082567
v -0.340502989957215 -0.220049864533769 -0.190285274789474
v -0.340485978802961 -0.0373766635222393 -0.0453707264499877
v -0.340456243661248 -0.210345898163481 -0.1572901427598
v -0.339927239318962 0.00113061225650269 -0.463584972158042
v -0.339841742421675 -0.168364356772413 -0.143581557744882
v -0.339735839735674 0.0396925932675178 -0.0440407254036571
v -0.339719850535473 -0.169583629945959 -0.144570186839054
v -0.339711557347568 0.0554725755209196 -0.0922527387965465
v -0.339665773662088 -0.170089232635609 -0.144971712075485
v -0.338798368530122 0.238699349745299 -0.257029926947815
v -0.338562862244154 -0.204694702505397 -0.151395478597645
v -0.338516293691515 -0.174721059872097 -0.147087717841446
v -0.33839317211034 -0.175222251443193 -0.147319689855986
v -0.338021575874632 -0.0519591138584891 -0.0921212666169859
v -0.337886346913068 -0.052497554806053 -0.0921270836896338
v -0.337481090653706 -0.10874405921069 -0.0932184230749349
v -0.336800176660959 -0.148760354290666 -0.463588205167667
v -0.336684852762625 0.238267727481483 -0.255000286098797
v -0.336050508367057 -0.167056436156474 -0.463588597248141
v -0.335874141671784 -0.216334891698165 -0.176186506295958
v -0.335714156922478 -0.195595164421389 -0.148490316004405
v -0.335530603553724 -0.261758193054873 -0.351456962326615
v -0.335418788328783 -0.164835433492946 -0.140720382363071
v -0.335380718712599 -0.16955631109691 -0.144548216091728
v -0.335315112194545 -0.0372650452326384 0.0531750586104987
v -0.335291135238418 -0.194243378173139 -0.148064306745693
v -0.334763066571038 -0.183931651301537 -0.147790307226551
v -0.334645867488448 0.124495629042011 -0.0979897028896085
v -0.333771422161112 0.125428590892808 -0.0985120171716378
v -0.333653789047901 -0.186565967616001 -0.14790569551073
v -0.333430291451227 0.0396036959886697 0.0337262866905495
v -0.333391671335523 -0.170089781219609 -0.144971749742344
v -0.333245445141102 -0.187513963090013 -0.14792535176569
v -0.333175973523253 -0.0372343763734238 -0.0866950203195362
v -0.332970814664129 -0.163096457593376 -0.139005870610964
v -0.332658178074841 0.0711460308495174 -0.463583401515251
v -0.332489753005182 -0.0374846124784932 -0.0878300422864207
v -0.332379134927965 -0.0375240087988023 -0.088013924391189
v -0.332373444847071 0.126646707258335 -0.0996877089207128
v -0.332273267875616 -0.0376502215787183 -0.0881036398357185
v -0.331949002483653 0.262880060037868 -0.355410441760687
v -0.331700481696722 -0.133764714440244 -0.46358784423044
v -0.331583364142657 -0.0793820608946422 -0.0920249026413218
v -0.331441811206443 0.0435898588602452 -0.231068310624108
v -0.33125326288567 0.0395273527907551 -0.043261723182185
v -0.331141847987733 0.111626705819206 -0.120775316979509
v -0.330910823389761 -0.00141575363623431 0.059573563166667
v -0.330744612373808 0.0400469643776402 -0.0849646152841064
v -0.33068593408474 -0.0943596095656425 -0.0919536972907981
v -0.33062516755075 0.245766664639795 -0.285604339864707
v -0.330527005978921 -0.0371986179139365 -0.0667068376339041
v -0.329596267872131 0.181091393063016 -0.463580992994574
v -0.329429519261171 0.246308640280032 -0.287490151139865
v -0.328613870865954 -0.0420171841867502 -0.091200553750362
v -0.328609583511459 0.203458565281075 -0.463580500487568
v -0.328408581770639 -0.0424040673771252 -0.0912359783123325
v -0.328130212829548 0.214325351493974 -0.463580211669864
v -0.327660164118562 -0.224337487242068 -0.463589782902103
v -0.327615332337252 -0.0371428627630452 -0.0517877976496947
v -0.327221379088751 0.131165491800705 -0.103983721982202
v -0.327184339528168 0.235960108744731 -0.245735632196501
v -0.327038714616414 -0.264012589717394 -0.360298260704174
v -0.326748578949329 -0.0371304856327556 -0.0714747956513605
v -0.326368720738555 -0.0370517756527272 -0.0720506477711878
v -0.326363499439417 0.247719537129144 -0.292320312954278
v -0.325724973830495 0.133421415123398 -0.106128217121339
v -0.325574316693239 -0.264401599559461 -0.36182287711265
v -0.325228727566764 0.235394963936733 -0.243793937959366
v -0.325104833546398 0.211095663240129 -0.418916561496348
v -0.3250656032574 -0.0370997876036175 -0.0715931666851709
v -0.325052218855171 -0.0370960360722212 -0.0515412210031865
v -0.324994351487217 -0.091794804798591 -0.0919783659747265
v -0.324984897717467 -0.0370771665435404 0.0493164619504957
v -0.324580201659889 0.0412627232220057 -0.0881985132342595
v -0.324475160376767 -0.202442076592673 -0.463589285409971
v -0.324378863560482 0.0393808498410456 -0.0712670659257703
v -0.324322424121948 0.0393828436122145 -0.0642260620604757
v -0.324216813662893 0.235092850337178 -0.242785504759962
v -0.324167123703877 0.0393883297315686 -0.0448518288588872
v -0.324117510595596 0.041354120361215 -0.0884411741593532
v -0.324046657932593 0.12674028845507 -0.0997783078720062
v -0.323771493117097 0.156807069074891 -0.46358147994374
v -0.323531869752884 0.0394107706176822 0.0343981715057829
v -0.323346107900599 -0.0519334251323952 -0.0921205367769938
v -0.323129931043613 -0.237596410336425 -0.258586564961376
v -0.323095446042523 0.125428116710411 -0.0985119193180047
v -0.322967059542527 -0.0527063165839277 -0.0921288810495016
v -0.322812343806821 -0.143116170781952 -0.450352541050886
v -0.322555488493281 0.124388365231151 -0.0979298431441811
v -0.322405478478388 0.234308268756503 -0.240166606828138
v -0.321962861823735 -0.043725231731677 -0.463585821692328
v -0.321322231613459 0.263530940384683 -0.358052632109625
v -0.321246403406444 -0.108743378248022 -0.0932198874058257
v -0.320212831421289 0.141531487592455 -0.114356236034951
v -0.320202192095542 0.249859377633371 -0.302213085447896
v -0.320186355501996 -0.0361165786853708 -0.080958413502195
v -0.319869177096218 -0.0360707214528223 -0.0814125653318719
v -0.319236124758677 0.118057302244145 -0.094323372259582
v -0.31908215625905 0.143200460442201 -0.116035126439764
v -0.318866540666477 -0.108307646691471 -0.0930753465158188
v -0.318841982141148 0.116946382519015 -0.0940617444784442
v -0.318705009300354 0.250367346569599 -0.304620222617423
v -0.318452125865877 0.25045475348055 -0.30502637215325
v -0.317826517501667 -0.174601705982549 -0.14703248891435
v -0.317604634329936 -0.116967887219465 -0.463587381862479
v -0.317201502155679 0.232216011321405 -0.2326352914665
v -0.316834099294016 -0.0367097507542349 -0.0843107393486586
v -0.316577219917503 -0.15146546794353 -0.127515207058569
v -0.316404792882714 -0.159258124048437 -0.463588291823837
v -0.316056608459934 0.109245037020885 -0.0921435248754723
v -0.3159215808756 0.147936432960085 -0.120611881250676
v -0.315831392277279 0.10828368666067 -0.0921455105348401
v -0.315793642476289 0.148231389619199 -0.120896906792258
v -0.315687149076334 -0.147664873531814 -0.123760007841258
v -0.315682366551496 -0.175222329595561 -0.147319740220846
v -0.315393199714692 0.26391064027601 -0.359523972090159
v -0.315305876119127 -0.146003606538032 -0.122089430309251
v -0.31510262520467 -0.145159181639647 -0.121275665442784
v -0.314905340767891 -0.145910963272622 -0.463587991621557
v -0.314647397153826 0.0469792120298769 -0.0915741165117504
v -0.314435599094954 -0.142189093631085 -0.118234130811118
v -0.31425741676623 0.0472109249108843 -0.0917030967974326
v -0.313415939305395 0.0471164538164939 -0.0922717395879949
v -0.313011444146461 0.0394111227285697 0.0349835513626238
v -0.312820602267025 -0.13509764177298 -0.111055953060241
v -0.312555453357217 0.230509742725215 -0.225904222939027
v -0.312189163576539 0.00988531475493855 -0.463584589907568
v -0.312182840223964 0.224318885362387 -0.322679156679192
v -0.311425423711873 -0.0370780781261077 0.0441959934862468
v -0.311235799908346 -0.132318815704404 -0.108242933454947
v -0.31066839734634 0.160028665106824 -0.132839122405387
v -0.310552049937208 0.160296967913489 -0.133096406755516
v -0.310406643322732 -0.13166465268922 -0.463587651118352
v -0.310262754063836 0.160962634535533 -0.133777018895903
v -0.309516358111823 0.22191909394681 -0.191502055954526
v -0.309444449927834 0.222026157799666 -0.191932782998818
v -0.309328701443849 0.221389133393257 -0.189369912938591
v -0.30918934180534 -0.128713878336033 -0.104253016637987
v -0.309056282097102 0.0393818496602115 -0.0686938372403778
v -0.308550035836899 -0.270688125357084 -0.386486564161628
v -0.308389996998327 0.218724227447138 -0.178536207967977
v -0.308310620617891 0.218468191468235 -0.177249069843891
v -0.308103065817201 -0.126804286668503 -0.102219747695366
v -0.307870252520165 0.217028020874174 -0.169869805570105
v -0.307826980689675 -0.0840401429733573 -0.0920111472029289
v -0.307717219629677 0.216614766417494 -0.1683598421617
v -0.307584516653633 -0.125908592083468 -0.101590300304171
v -0.307527842884888 0.225746594466948 -0.204798512967747
v -0.307385792443363 -0.177884122836509 -0.147463586333427
v -0.307227109533265 0.226351242399163 -0.206850630614813
v -0.306918126775566 0.214445333003207 -0.16033575073402
v -0.306870722868024 0.0554719485349436 -0.0922549483867291
v -0.306774260112412 0.226892298069757 -0.209350314781783
v -0.306750936234676 -0.0589371834908255 -0.463586046618546
v -0.306602092825167 0.169395395794105 -0.142120619656131
v -0.306050525427734 0.264723168289994 -0.362672266761188
v -0.305906291352146 -0.079224932811595 -0.46358648128734
v -0.305903926182085 -0.271733328994147 -0.390337844054373
v -0.305749294042875 0.056726115845099 -0.0923387290723741
v -0.305607515958908 0.228306389753851 -0.215822732981352
v -0.305450305655244 0.0394090110185929 0.0270488718544011
v -0.305312578257955 0.210918846595036 -0.154276134150768
v -0.305242793526988 0.0573161138743384 -0.092365069297913
v -0.304981086180532 0.21018810140412 -0.152993066596407
v -0.304912762655263 0.257440136252776 -0.363344395190706
v -0.304746433139786 0.20414281206954 -0.148866923091425
v -0.304725099576797 0.209091640000016 -0.152238523603867
v -0.304721935276931 0.20967032579745 -0.152636759865663
v -0.304605968065983 0.202535737285932 -0.148648410415728
v -0.304396904511761 0.189795926390816 -0.463580629420279
v -0.304266296747378 0.210188198824058 -0.152993168421375
v -0.304195087591335 0.160601673170183 -0.133420596443486
v -0.304073790829501 0.175315403753984 -0.145208765853353
v -0.304037527989012 -0.0370955942352384 -0.0495639230079731
v -0.303998134376788 0.195499556001136 -0.14764914576254
v -0.303798198690412 0.245762019397074 -0.285615741086417
v -0.303496125412944 -0.118844368271053 -0.0965779315881195
v -0.303470953890363 0.176727197330039 -0.145938008826683
v -0.303313100117313 0.210927909417024 -0.1542918529272
v -0.303236639446475 -0.090885742629742 -0.0919856489890655
v -0.303129112753633 -0.105226275257208 -0.0927945408400085
v -0.303114758030075 0.18769185513262 -0.147782360242742
v -0.303110926858872 -0.037079682088666 0.03547063552134
v -0.302917746147971 0.185912889374785 -0.147787364016986
v -0.302779154375539 0.18412375711674 -0.147438344957194
v -0.302715397948106 0.190376768015385 -0.463580598355385
v -0.302495081843114 -0.117145550310642 -0.0960137877972596
v -0.302448552844957 0.265578220086841 -0.365984848198776
v -0.30240762204434 0.179245202715795 -0.146448740707531
v -0.302226018821791 0.224344928191977 -0.46357970507184
v -0.30214794477163 0.101387608354749 -0.0921605752976377
v -0.30189715351187 -0.237997452465094 -0.260044086833272
v -0.301732663623659 0.226908686940048 -0.209427303756003
v -0.301724692769951 -0.259320821465582 -0.342911175457036
v -0.301008175682758 0.0932141183193504 -0.463582703083574
v -0.30099467910508 -0.273491144008629 -0.39743569033486
v -0.300725478222928 0.246042914005551 -0.286595637031876
v -0.300666895160803 0.0394082862874933 0.0241886914622573
v -0.300659404176006 -0.249880938313389 -0.30577165458929
v -0.300344109855524 -0.238906295381134 -0.263255803507473
v -0.300289006566606 -0.19295935215471 -0.463588911957314
v -0.300167515528194 0.226349295015108 -0.206843420346058
v -0.29983244403874 -0.0959839792770072 -0.0919355244853338
v -0.299584183525805 0.250823803670577 -0.3067437131402
v -0.299199183235003 -0.132377777772774 -0.108299964738116
v -0.299010298716687 -0.157007621267831 -0.463588122457679
v -0.298840892603641 0.22570979655711 -0.204672883320242
v -0.298831189374788 0.214444919546812 -0.160335629508136
v -0.298393040186572 0.250914452455449 -0.307165056632415
v -0.298297842111936 -0.0373851753212991 -0.463585520088437
v -0.29815869047369 -0.237995128500462 -0.260043214039086
v -0.297281044526785 -0.108297022478648 -0.093074064025121
v -0.296564362597074 -0.0689253419591462 -0.435489659973194
v -0.296479873148726 -0.00653951312220153 -0.463584837724217
v -0.296087260543109 -0.249871024051555 -0.305715912445907
v -0.295803619470488 0.267388324831456 -0.372107440982581
v -0.295762082690505 -0.0999355657647007 -0.463586860716114
v -0.295670499741908 -0.214068835185772 -0.266570927566066
v -0.295342851153099 -0.105044864813575 -0.0927779087526885
v -0.294891671828056 0.195197752129816 -0.201596900914259
v -0.294497123314525 0.216576928148555 -0.16822218900003
v -0.294437280148223 -0.103525244795122 -0.0926366799025982
v -0.294021546106384 -0.105014080009904 -0.0927750863377683
v -0.293874829038536 0.268565744715534 -0.376090073657831
v -0.293592457055378 0.21702577048964 -0.169862233434329
v -0.293107409055568 -0.108294968247825 -0.0930738160508038
v -0.292893532805504 0.269167601360676 -0.378109809175676
v -0.292838105664585 -0.242810380728855 -0.278665840844998
v -0.292671418696363 0.0386869187895435 -0.463583829312734
v -0.292392172298654 -0.095976474108394 -0.0919350474384005
v -0.292088641525358 0.269597218237305 -0.379913102210048
v -0.291610948523169 -0.275959270490673 -0.407407126228281
v -0.291511677645212 0.269872587526522 -0.381280360194996
v -0.291315823922012 0.0394121818495503 0.0373672692535262
v -0.291082269494176 0.222036177144314 -0.191970851389204
v -0.2910049077213 0.226943559980839 -0.209591124665599
v -0.290955954382836 0.238671175688546 -0.463579223912399
v -0.290901978822634 0.0824032810141612 -0.463582867815487
v -0.290793816135462 -0.0903658671977787 -0.0919898140069875
v -0.290585291016105 -0.243925866458535 -0.283277974220803
v -0.290016024977419 -0.1169891916818 -0.0959631310880847
v -0.28996753582156 0.218431445966096 -0.177065873039373
v -0.28962116912464 -0.244453459924305 -0.28526336046357
v -0.289396369707947 0.0255665023774452 -0.422982553043448
v -0.289356434005676 -0.118844476453041 -0.0965794136813511
v -0.289329552385233 0.221319661096197 -0.189087973341252
v -0.289226411651323 0.218723051854658 -0.178531896757422
v -0.289224438407312 0.103446327736888 -0.454773050837036
v -0.289210830535348 -0.0370804871821245 0.0309131287335715
v -0.289084793473699 -0.276600581219255 -0.410089592958429
v -0.287895308584269 0.163495092665721 -0.463581086191887
v -0.287365233432152 -0.151141287424068 -0.127197888642788
v -0.287314452513571 0.281718023028458 -0.428497471047815
v -0.287258808374219 -0.0779223012012617 -0.0920382329529456
v -0.286986698872355 0.284445537699174 -0.439523652365882
v -0.286958518724473 0.0134549401672032 -0.463584337613899
v -0.286924191209657 -0.148254001321181 -0.124345064834341
v -0.286609196272442 0.284538890579655 -0.447471552977045
v -0.286591757690085 -0.146108052197617 -0.122187129620344
v -0.286540934402439 0.039386531614816 -0.0535609855444156
v -0.286445828728353 -0.277386331376604 -0.412901374977885
v -0.286428733865783 -0.145019404537068 -0.121138019597681
v -0.286272421427509 0.220082385290791 -0.184058110850207
v -0.28617589541123 0.28455665675908 -0.44898465218935
v -0.286091412009732 -0.125705265268633 -0.101448155717769
v -0.28582844886925 -0.141200542564268 -0.117227244051911
v -0.285799296902191 -0.090816062527198 -0.129670224399806
v -0.285573734925584 -0.126798085781178 -0.102216172898522
v -0.285564253099055 0.280487168663602 -0.423521711006529
v -0.285474556389147 0.28458250576321 -0.451431720123739
v -0.285221724609321 0.256822258850929 -0.432939667317324
v -0.285149379652139 -0.0370965537067647 -0.055037820648299
v -0.28508687117111 -0.162113161139188 -0.138039209218016
v -0.285084587633122 0.0999119600923087 -0.463582447339326
v -0.28468387564056 0.218722773192232 -0.178530874828131
v -0.284647817892182 -0.277966712236229 -0.414820835221702
v -0.284524343758167 0.226344979857147 -0.206827443298007
v -0.284523985725625 -0.164829993621805 -0.140718085304311
v -0.284465729373982 -0.132449950455303 -0.10836977403769
v -0.28438736504093 0.0841737614352289 -0.0921972692266863
v -0.284237602504642 0.218419967565419 -0.177008646815681
v -0.284185752490271 0.279521503129017 -0.419600998983089
v -0.284155358692097 -0.129205403929174 -0.104779778954122
v -0.284154165343559 -0.238007403725339 -0.260034219469241
v -0.28409318660858 0.273640041953982 -0.398340996381933
v -0.283973334513705 -0.12950762324632 -0.105114031937653
v -0.283787114516195 -0.169231481628141 -0.144286977187794
v -0.283728014264981 0.0393815738791159 -0.0712541466937635
v -0.283645963177864 -0.170094130797944 -0.144972048392969
v -0.283644102845429 -0.129215442097377 -0.104790536743353
v -0.283617002580621 0.247624591010213 -0.292017552290356
v -0.283344787392303 -0.238351941790719 -0.26133199709986
v -0.283326500302067 0.177906398429352 -0.463580741620352
v -0.283305323043781 0.278795032902048 -0.417145566600157
v -0.28327091313758 -0.174402363768855 -0.146940246787772
v -0.283206753082387 -0.177124687555989 -0.147422599584548
v -0.283198405809687 -0.175222441379287 -0.147319812259247
v -0.283082171487075 -0.0517514816909052 -0.463585726626708
v -0.28300159838389 0.178931216857609 -0.463580711743115
v -0.282904769188782 0.252247156905488 -0.31252078956107
v -0.282846315017217 0.281225815757067 -0.458192542465588
v -0.282700903698812 0.274402142385969 -0.401416883970921
v -0.282635636606695 0.221296408021574 -0.188993605330209
v -0.282327662470761 0.091398718374924 -0.0921825078870041
v -0.282233762955783 -0.238847499125553 -0.263083741725125
v -0.282174944128713 0.280367499219476 -0.459918955147933
v -0.282137416932225 0.217023965011673 -0.169856158328452
v -0.281635321453264 0.216540115382122 -0.168088266549787
v -0.281613554501624 0.252357225929551 -0.312968108424109
v -0.281604809267102 -0.183343112729665 -0.147758613711274
v -0.280988033205809 -0.126796823630083 -0.102215445271407
v -0.280648257807537 -0.187086123857076 -0.14792263364385
v -0.280567123531502 0.252518504337599 -0.313623644731799
v -0.280419760163732 0.222041995154664 -0.19199295685588
v -0.28035791970448 0.276339153165337 -0.40893614015001
v -0.28000643255235 -0.125647700784027 -0.101407912723443
v -0.27987554213047 0.275987297463429 -0.407570353455787
v -0.279821570793088 -0.233395523234773 -0.242602628910173
v -0.279817427405744 0.2729615684035 -0.462917076917507
v -0.27943027902811 0.214443927647153 -0.160335338682032
v -0.279297056652955 0.271326027103746 -0.463578259575801
v -0.279268292040078 0.271183238393107 -0.463578263039934
v -0.278940911953798 0.225625500265544 -0.204385092153784
v -0.278936252096424 -0.232560905363063 -0.239159161784994
v -0.278849602026136 -0.194254757660514 -0.148071121719023
v -0.278232215485148 -0.196245241960076 -0.148698484696498
v -0.278208861621328 0.115896138566402 -0.463582052633987
v -0.277991228921652 0.211042683170428 -0.154490919285605
v -0.277925667235412 0.0393423540656829 -0.0718701490411858
v -0.277723918494527 -0.231339591361266 -0.234357554907796
v -0.277623828459016 0.230278450913428 -0.22485938151963
v -0.277621101160474 0.210191830345691 -0.152996964149292
v -0.277498696103881 0.208916389086827 -0.152119245501295
v -0.277182803080619 -0.232000272824133 -0.418810889822747
v -0.277164505891736 -0.0722507507845187 -0.463586130745215
v -0.277137281022708 0.203058198715255 -0.148720162666325
v -0.277094250639555 -0.0370966181712636 -0.0573720537712561
v -0.277051098501141 0.204143907134355 -0.148867790269823
v -0.276903055771555 0.230460587386186 -0.22569325985255
v -0.276645899364696 -0.201346064231577 -0.150327032227026
v -0.276571235100836 -0.180003719635903 -0.17686381867383
v -0.276197580302867 0.274416970567673 -0.401474996979517
v -0.27608415383918 0.0393337236151757 -0.0720056809725231
v -0.275870517395163 -0.0533653264700062 -0.0921345548751117
v -0.275788086868797 -0.204696280211909 -0.15139665895585
v -0.275635890512961 -0.0370826616574413 0.0190421297589627
v -0.275528389405618 0.254182256704839 -0.320386877901766
v -0.275171781268163 -0.0518490982077744 -0.0921181409726331
v -0.27513311013818 -0.281982301384498 -0.428110094999175
v -0.274892664306354 0.0394095446772702 0.0270211030166356
v -0.2747437916092 0.0864543041876224 -0.0921932145804338
v -0.27469520796303 0.202230704879447 -0.148607710449483
v -0.274514363038928 -0.03709333411246 -0.038023380527953
v -0.274388305560004 0.226997576072391 -0.209844872691303
v -0.274367177027398 -0.213012950779785 -0.463589167820687
v -0.274279309561967 0.273624468512369 -0.398275504903397
v -0.274164026603369 -0.1188445926893 -0.0965810061180977
v -0.274109418021515 0.0864516911982172 -0.0974666222669379
v -0.273871077967487 -0.227570678095175 -0.21954042787049
v -0.273836339031039 -0.20988343531702 -0.156807263117234
v -0.27373110113546 0.226342002548739 -0.206816419692401
v -0.273533108121231 -0.227178928846235 -0.218176059474278
v -0.273530417697309 -0.210696501857146 -0.157655308640444
v -0.27333174428949 0.225601739838778 -0.204303973034456
v -0.273312823700484 -0.211019164319589 -0.158570989807432
v -0.273301849665251 -0.0370983076522259 -0.0716019456638445
v -0.27314895226547 -0.101415358544438 -0.463586736196206
v -0.273000971309416 0.132951181788189 -0.351638330070512
v -0.272916149860826 0.224864389260352 -0.201754271778889
v -0.272913117955712 -0.116774897675457 -0.0958937046084744
v -0.272675595694897 0.051065916757426 -0.463583421999902
v -0.271921798669164 0.245776265332322 -0.285698017853847
v -0.271893755710577 -0.213131776442246 -0.164532548099961
v -0.271619487538489 -0.243209436277416 -0.280308329591131
v -0.271285912403568 -0.0431103763196171 -0.0913079336374156
v -0.271149674159587 -0.0370825540733733 0.0195351227231016
v -0.270801399019964 -0.0420213969937901 -0.09120835870317
v -0.270590717895196 -0.0361882404904177 -0.0802706891950287
v -0.270325155249183 -0.243723219113384 -0.282432543477029
v -0.270237918404477 -0.215181006975586 -0.171997108124975
v -0.270236262343262 -0.0360731356310697 -0.081410448173586
v -0.270133320616885 -0.216062735678914 -0.175208781593249
v -0.270099802948021 -0.216343652587026 -0.17622012985615
v -0.270073829485771 -0.0710234679736472 -0.0920677295080893
v -0.269941371826073 -0.217635603401156 -0.180607767964108
v -0.269819003128279 0.0272612053944827 -0.463583919096912
v -0.269778435596296 0.0827014881423599 -0.0922012877970168
v -0.269688176834867 -0.219953252983104 -0.190388374267668
v -0.269654746641764 -0.0368290692211544 -0.0848396076270466
v -0.269570525659249 -0.220967472887907 -0.194246639665058
v -0.269521490012656 -0.0380587824780545 -0.0883985792348001
v -0.269510639468349 -0.221525949934034 -0.196672730928809
v -0.269426609278565 -0.0373564730695635 -0.0872321289583081
v -0.269357930359257 0.23268357781074 -0.234456219701606
v -0.26935103967804 -0.222900717737184 -0.201894919238254
v -0.269349294798172 -0.0375251189970218 -0.0880192817782375
v -0.269018051190886 -0.283873548313555 -0.436560680712555
v -0.268958328402834 0.225583214054898 -0.204240725211175
v -0.268763921504694 -0.2841553115603 -0.437825195385931
v -0.268422407581753 -0.284585356482199 -0.439497064161823
v -0.268336225608287 -0.257297475530703 -0.335817718705545
v -0.268174232557898 -0.284464384959435 -0.440943582538435
v -0.267973526904258 -0.244725391468155 -0.286201727583204
v -0.267868156645116 0.257154216283709 -0.330786197544029
v -0.267822206274531 0.173752256033827 -0.442556240215287
v -0.267779533040112 -0.108282502064819 -0.0930723112086091
v -0.26745244005778 -0.257056434979862 -0.334972273888397
v -0.267045305838467 -0.196119206883472 -0.463588750274757
v -0.266870053343899 -0.256906917678368 -0.334401948439301
v -0.266773365866028 -0.00449698435575786 -0.0422871361710576
v -0.266659308955703 -0.282021274385491 -0.428214054265081
v -0.266328718357548 -0.283551504213041 -0.45170748994991
v -0.266126221665107 0.233724365852614 -0.238219027605781
v -0.266122755481869 -0.282149438434947 -0.453603385225501
v -0.266047012775608 -0.104362307341283 -0.0927153304619753
v -0.265793465250136 -0.26675094026032 -0.463663566947189
v -0.265748991129365 0.0393940253992808 -0.0283852625117455
v -0.265725228425535 -0.268567107073238 -0.46307323902813
v -0.265685118045441 -0.266279788874106 -0.463816707277669
v -0.265400258009285 -0.277290256773829 -0.460222410553431
v -0.265293499492174 -0.26288472973904 -0.463792903003361
v -0.265082411613868 -0.238791816302765 -0.262920791114742
v -0.26503235663993 0.0893392522129939 -0.0921879180482244
v -0.264862360407861 0.226339556112829 -0.206807361663835
v -0.264511021151259 0.269961385049384 -0.381696184210471
v -0.264471042776264 -0.171147920296956 -0.463588190225172
v -0.264414594741839 -0.250110508975337 -0.306491682634402
v -0.264122674149448 0.258635746069926 -0.335878488891606
v -0.264043147512473 -0.251672927579106 -0.463589935748599
v -0.263705713127703 -0.271698551720301 -0.390289745470729
v -0.263603007302179 0.269647209832853 -0.380134783350125
v -0.263013339877269 -0.0975175979662131 -0.0920791730578445
v -0.262353642053337 0.269147522639373 -0.37803828577549
v -0.262294127334739 0.153894176805173 -0.463581117311183
v -0.262253324143812 -0.276930745601907 -0.411318214679403
v -0.262139822483442 -0.235510446682683 -0.463589571617777
v -0.262126889935824 0.269038385471828 -0.377671983903943
v -0.262064509293378 -0.276732399218231 -0.410610005238281
v -0.261909072327313 -0.276598904109873 -0.410050827752118
v -0.261841712431789 0.235222612977263 -0.243220315077643
v -0.261606601553545 -0.0959454200142201 -0.0919330735639741
v -0.26152246435199 -0.25695799262231 -0.334627715828321
v -0.261511117214061 -0.0360735600279781 -0.0814100759908641
v -0.261467970268075 -0.255601468291695 -0.32899637554433
v -0.26133165693569 0.268433270323412 -0.37564107193744
v -0.261276639707551 -0.250838665765366 -0.30922455050154
v -0.261057021072723 -0.216025161314709 -0.175073795109492
v -0.260751050604376 0.0574562274834293 -0.0923603260588908
v -0.260723638488325 0.0394085058417114 0.0224634366179862
v -0.260547723291051 -0.250169893171867 -0.30670005824108
v -0.26021926847401 -0.227506114514985 -0.219333945653875
v -0.260214291105033 0.0560676792554126 -0.0922979063547691
v -0.259976319052647 0.0554710532430299 -0.0922581035262355
v -0.259847802097693 0.227044843327068 -0.210066917126772
v -0.259617463423461 0.164527952809507 -0.463580867871164
v -0.25938943351915 0.236054519399483 -0.24608010789562
v -0.259223396242659 -0.274178494407636 -0.400298122290573
v -0.259160677561536 -0.0370901177094841 -0.0211123009413194
v -0.259137105594107 -0.274050332309816 -0.399781588814768
v -0.258935886584394 -0.0362050808072188 -0.0801090759730774
v -0.257775514948223 0.206040976084329 -0.463579764436351
v -0.257615072852473 -0.216345315505042 -0.176226511996693
v -0.25755047536427 0.265568654365153 -0.36595124998821
v -0.257544105702233 -0.235451971391545 -0.250279739990628
v -0.257330941046706 0.0481221512733248 -0.0922734368555014
v -0.257295423403588 -0.271575030263536 -0.389093423278139
v -0.257080923599097 -0.246989143543177 -0.294693319480921
v -0.256679355413433 0.047205148699564 -0.0917066586103404
v -0.25649069270861 -0.129442341447191 -0.463587229363442
v -0.256372878093318 -0.270097106626009 -0.383431857334973
v -0.256371846124624 0.243350293388666 -0.277278285218733
v -0.256191915926301 0.0464837331139678 -0.0913052912474018
v -0.255852160671213 -0.0889059647484758 -0.0920015101162704
v -0.255407116166615 -0.0363926423779287 -0.078322059109862
v -0.255328588554126 0.181566847874351 -0.463580381628658
v -0.255032122672508 -0.250432510540816 -0.306901609291289
v -0.254863737191566 0.263686688325326 -0.358661087150079
v -0.2548157575476 0.195504733105641 -0.147654193144609
v -0.254506936223283 0.261417438565482 -0.348680877535275
v -0.254376475173588 -0.0370936294773732 -0.0399704404139146
v -0.254130094229446 -0.0370835200634011 0.0140605586564564
v -0.254034014048077 -0.266434263876737 -0.369187101310843
v -0.253849020076439 -0.276772478343305 -0.410768236049066
v -0.253456709277191 0.262729388693503 -0.354768674088154
v -0.253336077833092 -0.243553289776555 -0.28172361000683
v -0.253331014469116 -0.262507976055721 -0.354097892798927
v -0.253216185728985 0.0393979455445895 -0.015319045907482
v -0.252724685017027 0.041353541144174 -0.0884494442819561
v -0.252350081007171 0.262035704096804 -0.351551006784435
v -0.252301944422304 -0.233129432895522 -0.241489113884814
v -0.252171568184589 0.23814350352069 -0.254458966090657
v -0.252046228384687 0.0409890825054633 -0.0874821471975529
v -0.251998022435693 0.261397923672589 -0.348592166164402
v -0.251726036222294 0.0605891144529865 -0.4635830700898
v -0.251640739630737 0.228208650389537 -0.21539660882165
v -0.251314654487784 0.242673417091767 -0.27447864602683
v -0.251264978837915 0.242093587664887 -0.27208523565584
v -0.251219509963514 0.238377358307641 -0.255559704570568
v -0.251197021210347 0.238854303485634 -0.257803673314018
v -0.251140000529286 0.24097198517568 -0.267581012962447
v -0.251060848608915 0.240239888722909 -0.264630466963789
v -0.250473971009642 0.258634950639205 -0.33588067494101
v -0.249951737518126 0.0393871125679699 -0.053799308811218
v -0.249949659862469 0.0214721119378565 -0.463583907154901
v -0.249924474527078 0.243371657880258 -0.277359196906456
v -0.249871053720818 -0.0370936955589516 -0.0404060533957079
v -0.249603448462419 0.257020806463776 -0.330334348032135
v -0.249431836554361 0.262721662674052 -0.354735765975854
v -0.249285817560068 0.256432544542638 -0.328277409231326
v -0.249260751567694 0.261376632567221 -0.348495380434915
v -0.248977945681275 -0.252962442254292 -0.315960996732468
v -0.248211150225627 0.254226796174115 -0.320564612784065
v -0.247846247376911 0.0387362134858833 -0.0814919870913181
v -0.247382680019559 -0.217350979727903 -0.179642477338523
v -0.247370031519538 0.252502443121165 -0.313554294306209
v -0.24664818435779 0.245542296067692 -0.284910407338266
v -0.246599232556326 0.250922087827272 -0.307207786476218
v -0.246505222933558 0.00695398086730556 -0.099423561936505
v -0.246417009304577 -0.0370975390013043 -0.0716065052528193
v -0.246299510855567 -0.221231902371904 -0.195407002417773
v -0.246207836861253 0.250120664810194 -0.303484231818725
v -0.246001077761466 -0.209100478077032 -0.463588886361838
v -0.245833797889015 0.249354925963524 -0.299856772501799
v -0.245783882555155 -0.249830987473383 -0.303461292294741
v -0.24577797630154 0.263707981142145 -0.358744271053927
v -0.245663830263032 0.230417516658132 -0.225508410476947
v -0.245423371627001 -0.161639078294945 -0.408350835155435
v -0.245134913653197 0.192089775664203 -0.147713429458465
v -0.245120416191572 -0.218125267456659 -0.18227218976787
v -0.245062820604811 0.247776198624954 -0.292556407727821
v -0.245008187447321 0.271326030794984 -0.463577935977203
v -0.244984892483052 -0.234693105133622 -0.245634552721802
v -0.244967404896044 0.273298711426663 -0.462780455354804
v -0.244880621288755 -0.262675310381136 -0.353894475547563
v -0.244836792743961 0.0393822665762051 -0.0712417866884361
v -0.244818841789609 0.280366852141437 -0.459919070790394
v -0.244640785204805 0.246909839167413 -0.289591648582948
v -0.244495320788561 0.0393028990695909 -0.0724887978094437
v -0.244485944787717 0.188369805149892 -0.147776923168216
v -0.244049589575061 -0.0370870899059624 -0.00520486124971901
v -0.24402856310485 0.185930008746397 -0.147783774433034
v -0.243980506047248 0.0391846404375452 -0.0743673735323868
v -0.24378995776695 0.281395436524762 -0.457850124190864
v -0.243613057288133 0.242174184586982 -0.272409281237528
v -0.243163346842622 -0.0734652541564968 -0.0920630376933323
v -0.243121733590793 0.183466196791144 -0.147303056447871
v -0.242904619341701 0.139587371936977 -0.463581293643375
v -0.242361877743169 0.259602108100961 -0.463578217720699
v -0.24207543324531 -0.0538382124514424 -0.0921386262443715
v -0.241990151607792 0.241284225799735 -0.359045889961343
v -0.241928741513771 -0.0517909078083751 -0.0921164877306436
v -0.24139221703969 -0.0784077926222828 -0.463586016625684
v -0.241262282365384 0.0392997442540872 -0.0725382436149961
v -0.240917134854008 0.097595152663422 -0.0921725136872722
v -0.240621018382088 -0.251029350599872 -0.307476252386146
v -0.240598065502052 0.284581121856269 -0.4514336150356
v -0.240596606740473 0.176734810942092 -0.14593754505336
v -0.24058164420729 -0.0434900276811518 -0.0913466106744656
v -0.240574659608111 0.238598771996303 -0.463578750337103
v -0.240345731631106 -0.0420236163047085 -0.0912124703600343
v -0.239652622831695 -0.254572767820346 -0.321068818410773
v -0.239598198931255 -0.284584913636615 -0.439511243199709
v -0.239385322619754 0.26552200217414 -0.365771927360612
v -0.239336642131678 0.265564773832415 -0.365937620179575
v -0.239334100909362 0.0393823645854336 -0.0712400378798944
v -0.239282619044924 0.232977498335461 -0.235600887239909
v -0.239268077139731 0.174726191710149 -0.144899866940392
v -0.239261494928559 -0.255776157867485 -0.325990639880119
v -0.238896359770745 -0.25721873683633 -0.331381446353608
v -0.238888552156132 0.279561335649787 -0.419760111885213
v -0.238853820173952 0.279530487182363 -0.419634864130789
v -0.238742159058764 0.284548998717369 -0.448400659613836
v -0.238688130423979 0.2807272660225 -0.424493814571298
v -0.23819376836778 0.233434563863097 -0.237252407420091
v -0.238061864567849 0.284444692547645 -0.439521794050773
v -0.238053883411581 -0.260000826221254 -0.342456861478626
v -0.237904685573583 0.278637781160826 -0.416617552978889
v -0.23747296556627 0.0394072727344914 0.016650718808778
v -0.237182710709859 -0.19200009424623 -0.463588453962098
v -0.237177137651754 -0.0382693683473167 -0.0885506008057243
v -0.236938719902162 0.284514364103283 -0.445454713602317
v -0.236690508773957 0.187214879058094 -0.463580057971109
v -0.23657631050357 0.268332498048971 -0.375299519703325
v -0.23654809825116 -0.0375256967524141 -0.0880220698022147
v -0.236491449784645 0.25863413575395 -0.335882914456507
v -0.236192763005503 -0.220737329351306 -0.193154963625744
v -0.236081348417323 0.125752858807052 -0.463581546772505
v -0.235991270464489 -0.235587225631387 -0.247218765012973
v -0.235786962142334 0.26913005614068 -0.377976067501879
v -0.235703499428296 0.169374216382593 -0.142107894077727
v -0.235456527731028 0.276327723440081 -0.408895592030332
v -0.23530214886454 -0.0372871348169946 -0.0869085886383923
v -0.235088859766325 0.269697251468572 -0.380356686386743
v -0.234689452682112 -0.106553683286101 -0.29038368047959
v -0.234622472989468 0.226231509501245 -0.273013797541536
v -0.234578655090317 -0.235664250541773 -0.247422232374229
v -0.234562665365066 0.270059876721547 -0.382157404313126
v -0.234270946493971 0.235147647340333 -0.242970812522982
v -0.234239375880605 -0.0370934392793174 -0.0419174764190646
v -0.234230563665414 -0.255509065752006 -0.32403867927214
v -0.233829250155028 -0.235349064121 -0.24605180840727
v -0.233444795117625 0.274514450890956 -0.40185703133668
v -0.233296288814831 -0.0370840355510787 0.0109241995543237
v -0.233170282588663 -0.23575356350157 -0.247634044337976
v -0.233007626528516 -0.103521404498083 -0.0926381442284396
v -0.232394268977303 -0.251905097769641 -0.309874285851208
v -0.23236994393685 0.273557963393598 -0.397995828858319
v -0.232173035640642 -0.0366710924777987 -0.0841130724489345
v -0.232075676499325 0.236092556323431 -0.246218893035963
v -0.231597539441946 -0.257509179555817 -0.331791194398249
v -0.231224505665651 0.272578036738135 -0.393559875819861
v -0.231019503026137 0.236512365011589 -0.247902934120027
v -0.230842301327765 -0.248859158708327 -0.297903069843808
v -0.230148021348223 0.238111131660663 -0.2543179020365
v -0.230027100805829 0.25687781611377 -0.329850049950566
v -0.22997407766698 -0.151067567230983 -0.463587515232143
v -0.229705882530881 0.238892318110115 -0.257993495628029
v -0.229680093772097 0.256784789026925 -0.329525006695128
v -0.229615867110222 0.256874812363985 -0.329839876465023
v -0.229603061681551 -0.244681565897211 -0.282461827029428
v -0.229387555383676 0.254257487157146 -0.320687085241535
v -0.229256623159018 0.101587157586401 -0.0921651251331245
v -0.229044186982159 0.252634098391694 -0.314087289581547
v -0.228935951641945 0.240236763136096 -0.264617665920018
v -0.228696886902953 0.250924726966424 -0.307222555894967
v -0.228484461597752 0.241064223495321 -0.267952549171491
v -0.228432362808381 0.241159782405975 -0.26833630552865
v -0.228429439472414 0.250060171328866 -0.30320565411466
v -0.228359419243361 0.258633661828563 -0.335884216926078
v -0.228312379240674 0.242335345093995 -0.273057238366447
v -0.228271903502434 -0.245955056815931 -0.28692521382956
v -0.228208201208605 0.243443618543874 -0.277631726618551
v -0.228161532964615 0.249235052411779 -0.29929683857997
v -0.228052270004103 0.0393940051090047 -0.0308172892520394
v -0.227936813192845 0.245369076452257 -0.284327298309661
v -0.227719355353985 0.247788285937111 -0.2926067726394
v -0.227663993482095 0.247251672767598 -0.290770327733033
v -0.227281987859135 -0.241536015308239 -0.270637294934634
v -0.227191420419324 0.161584077416049 -0.134401501543831
v -0.22715616683649 0.0387358077271819 -0.081494130684848
v -0.226857323777108 -0.255475631365641 -0.32400891458498
v -0.226706548414237 -0.0360752529455374 -0.0814085913554848
v -0.226570698036725 0.261200144253194 -0.347693094695214
v -0.22614930795958 -0.240063305032751 -0.264491988330554
v -0.22601759900485 0.261994402640786 -0.351378603889728
v -0.225888788877204 -0.282208787578837 -0.428714239866172
v -0.225830409296524 -0.270968723131267 -0.383221255827605
v -0.225746579316758 -0.0370951258247946 -0.0571885143939757
v -0.225721431323402 0.160254541803202 -0.133067364011537
v -0.225700070612245 -0.255042365673588 -0.322094007630635
v -0.225681771624763 0.262676072794263 -0.354541581002148
v -0.225400809779528 0.135515773486941 -0.108256538005691
v -0.225294061569366 -0.227362361923154 -0.214440254669101
v -0.225287287555489 -0.24862022013843 -0.297046677967443
v -0.225227434556691 -0.10341126071923 -0.0926281365267939
v -0.225115016290354 0.263756405553461 -0.358933449010468
v -0.225014739984431 -0.248891911719877 -0.297953966491878
v -0.224740074612667 0.0413533141022675 -0.0884526860104794
v -0.224646153199959 0.159272490149654 -0.132093440850658
v -0.224370017568116 0.0408846715954158 -0.0872088091111572
v -0.224259089853284 -0.263083657067277 -0.353398075539422
v -0.224194870649917 0.140759987610893 -0.11357693625729
v -0.224148806761957 0.265561538001076 -0.365926254791135
v -0.224145717445311 -0.241293185171479 -0.26930277578643
v -0.223790663792519 -0.225230941339132 -0.207288127765339
v -0.223702169715296 0.0462083443241957 -0.0911558772928781
v -0.223679898386498 -0.226813249449629 -0.212523180569597
v -0.223628464976823 0.133681284840598 -0.106395476978529
v -0.223624128661129 -0.227325527438624 -0.214320658208739
v -0.223619771240501 -0.227368556088684 -0.214469951805856
v -0.223591412987798 -0.227507662774264 -0.215026154120085
v -0.22350873955065 -0.27766641357671 -0.409958064280646
v -0.223506774907048 0.143805305135752 -0.116640395799688
v -0.223489635169704 0.0472018191182393 -0.0917087117460521
v -0.223284452482038 -0.0362565943322699 -0.0796147107627355
v -0.223185481344926 -0.236121035578668 -0.248945623720363
v -0.223164320839266 -0.235523440833531 -0.246594743916333
v -0.22312628504622 -0.235270043704308 -0.245800741509046
v -0.223045437064017 0.0392121366410166 -0.0827614216231844
v -0.223023020727993 0.048737349441907 -0.0922744750960323
v -0.222981056897818 -0.230598767994048 -0.227283561119117
v -0.222621889920296 0.268275693402566 -0.375106989029635
v -0.222593364703131 0.148209101204982 -0.12089569973708
v -0.222433549017784 -0.221952050990741 -0.324242407277081
v -0.222398869866709 0.262669771039006 -0.354514739383253
v -0.22214504413444 0.269121087141021 -0.377944118587297
v -0.222024640777596 0.0833626923149758 -0.463582369838282
v -0.221986463310125 0.00893693912806017 -0.46358398562471
v -0.221834964715586 0.269720511732171 -0.380459830959277
v -0.22178372169243 0.229920843437141 -0.223244639207936
v -0.221653795355596 0.270102330344112 -0.382356207559402
v -0.221633948923921 0.270142110584113 -0.382536319514775
v -0.221117795616933 0.25459498937321 -0.43057894141948
v -0.220842961485615 0.155856560569338 -0.128636754853962
v -0.220678910082592 -0.0907986050309437 -0.463586142184222
v -0.220670478572466 0.0387356805346152 -0.0814948026338707
v -0.220628857382264 -0.00381354897240012 0.00601695797831717
v -0.22045704055539 -0.252862058092309 -0.313469886409997
v -0.220333704746221 -0.235569722765097 -0.24673884632376
v -0.220324860162972 0.0393861569034794 -0.0590309842347628
v -0.22024279588649 0.25427239725593 -0.3207465840343
v -0.219783698273903 0.055470285899265 -0.092260807757772
v -0.219778013119609 0.0554829702786134 -0.0922616547098654
v -0.219264412783277 0.281472312510635 -0.427506336321774
v -0.219027322977087 -0.235239780904475 -0.24570458930429
v -0.21889964183158 0.0554702690211619 -0.0922608672386733
v -0.218829717692634 -0.119464482054334 -0.463586751813353
v -0.218812215046951 0.0575883014644652 -0.0923558549838486
v -0.218526323462073 -0.0623181157182139 -0.0921101528310433
v -0.218189631718171 0.280832258396437 -0.424918906548347
v -0.21815539811469 0.127930355034085 -0.100930449411014
v -0.218072492934677 0.00444505658756419 -0.421113104712735
v -0.217061890610142 0.263775278351458 -0.359007178711301
v -0.21691748890723 -0.254561873919489 -0.320091868073813
v -0.216858934046278 0.273533349287904 -0.397892318393852
v -0.216036421481258 0.23320467917872 -0.236485638438725
v -0.216001689908454 0.279535016103742 -0.419651935778239
v -0.215761166739821 0.125423349368736 -0.0985109355157673
v -0.215549342428893 0.216254860291723 -0.463579098717525
v -0.215515047926916 0.274555332380781 -0.40201724965725
v -0.214880300618253 -0.255421320855491 -0.323960565100514
v -0.21463216855655 0.278557173397864 -0.416346891449208
v -0.214404301932534 0.242481837477117 -0.273646221273833
v -0.214035401174149 0.123425593251435 -0.0973925576874325
v -0.213764371800038 0.252743870587859 -0.314531693073211
v -0.213458636714811 0.109060377767653 -0.463581752508424
v -0.213243402544351 0.276322069051502 -0.408875532508369
v -0.212820026146084 -0.215561213893593 -0.235326882165234
v -0.212456884934252 0.276986487366764 -0.411096443541102
v -0.21220999511509 0.2426841890154 -0.274478989340118
v -0.212015653798706 -0.0370846332910659 0.00734002391929699
v -0.211861470959108 -0.0132417221747867 -0.463584397062782
v -0.211379640634817 0.0330430698990541 -0.463583388715544
v -0.21077306230396 0.284444221147521 -0.439520757538452
v -0.210589738071312 0.0394056927606661 0.00938497849038633
v -0.210513698345734 -0.0837323382341718 -0.443395762830262
v -0.210376884618296 0.109497079961993 -0.126821417260394
v -0.209952600801626 -0.0482633135828812 -0.463585144283926
v -0.209330504691846 0.117993033568395 -0.0942981082246332
v -0.209293520628504 0.256027067474823 -0.463577999169851
v -0.208935851580267 0.265521221832948 -0.365771249337466
v -0.208915368238573 -0.258292065322085 -0.335117095102635
v -0.2086474503561 0.265558235372779 -0.365914654788065
v -0.208030966462003 -0.0370964415252988 -0.0716130154115325
v -0.20778337817263 -0.233025364268983 -0.23699145805468
v -0.207608568436104 0.11581587692335 -0.0937852881916456
v -0.20740768472505 -0.146574356263833 -0.463587261340604
v -0.206553448089297 0.0829693802532203 -0.092204986731275
v -0.206146246930534 0.250928051350727 -0.307241160152266
v -0.205644107863865 0.0392649878564131 -0.0730829848460028
v -0.205080479543985 0.284543564135031 -0.44798622523806
v -0.204900481242509 0.250664505170642 -0.306016833919168
v -0.204615636093459 0.0953467449457491 -0.0921795915201002
v -0.204404686968914 -0.0704559914381033 -0.463585587733871
v -0.203913970218223 -0.249069504701932 -0.298369734791437
v -0.203780864767265 0.271326035233156 -0.463577546897477
v -0.203595752060428 0.284566866562617 -0.450194737018331
v -0.203574527284323 0.0631576327013069 -0.463582680750424
v -0.203483033759931 -0.249012927730024 -0.298142019711655
v -0.203253810238501 0.273702253415938 -0.462616926723323
v -0.203203751504247 -0.0370932440787584 -0.0474004381359781
v -0.203165946242497 0.284579967519809 -0.451435195608531
v -0.203041137414236 -0.260815761634464 -0.344933381807924
v -0.202582162880011 0.109254878996174 -0.0921512244100007
v -0.202438204535686 0.109254891482108 -0.0921512341779465
v -0.20243391936039 0.109298272598991 -0.0921620402927164
v -0.202411974377604 0.0393931304554287 -0.0355131158971488
v -0.202331238567193 0.0393830236486884 -0.0712282780133284
v -0.202255939824086 0.200114253655598 -0.463579395527913
v -0.202175067359007 0.281576168936986 -0.457485274522856
v -0.202066544957678 -0.267613067040627 -0.370222730306344
v -0.201777031553009 0.28036610657623 -0.459919204033975
v -0.200933530798243 -0.0505510274498873 -0.166104738595829
v -0.200715922780816 -0.219001272580969 -0.185249827216896
v -0.200457620375337 0.115743199240199 -0.0937675154336036
v -0.200271667712557 0.243536191125734 -0.277982317869589
v -0.200054509213886 0.155851160965444 -0.128636052259184
v -0.199797745824564 -0.253625259190495 -0.31618913013414
v -0.199762346642644 0.117987438469192 -0.0942959087895251
v -0.199696827494662 -0.0370956612274991 -0.0673246942544932
v -0.199542510631837 -0.265085271288329 -0.360635186119109
v -0.199203869909044 0.158847375077874 -0.131668974214841
v -0.198839804886512 0.160135629850128 -0.13294636210169
v -0.198645322704828 -0.262826512697357 -0.352232229200854
v -0.198529972239312 0.123288031691352 -0.0973157899509412
v -0.198325043668136 0.161952351449281 -0.134769213592148
v -0.19831340870636 -0.270726997081636 -0.381942277644292
v -0.198028816955601 0.125422561771608 -0.0985107729849756
v -0.19776922007 -0.271141166155399 -0.383589771825576
v -0.197736855535916 0.127492422600368 -0.10050847438165
v -0.1977198358392 -0.263242722087987 -0.353771651273422
v -0.197574383926087 0.0407835827392712 -0.0869441678540134
v -0.197430629853025 0.128163271840519 -0.101155943625
v -0.197377910447212 -0.104482341367012 -0.463586277890655
v -0.196231937333484 0.169362425112603 -0.142100809332684
v -0.195425903527127 -0.275902580615693 -0.402574492336082
v -0.195293728545895 -0.276170770841033 -0.4036446248771
v -0.195290855893352 0.148202571936615 -0.120895346136904
v -0.195217844892144 -0.276315653554198 -0.404242106383325
v -0.194976586983046 0.17432349451026 -0.144688749858519
v -0.194870121950363 0.133754484429431 -0.106470758207404
v -0.194526271080783 -0.277611639211419 -0.409641922410348
v -0.19437530917148 -0.253769954309916 -0.316922749019252
v -0.194365785860464 0.176740409147894 -0.1459372040459
v -0.194147599608357 -0.276110015967704 -0.403388165094235
v -0.194075470268048 -0.235055560384435 -0.24511927633719
v -0.193978572485383 -0.252248693976016 -0.364858715908926
v -0.193566312980169 -0.102963229474221 -0.0925868786213114
v -0.19347160343509 0.0976394008607968 -0.463581862039575
v -0.193333754247457 0.10062143825203 -0.432231873074177
v -0.192927687763262 0.182912944359458 -0.147189228569502
v -0.19284083455266 0.143999373221422 -0.116834600142137
v -0.192697713987069 0.00387454516394343 -0.46358389265089
v -0.19222274048574 0.18594506895072 -0.147780616614571
v -0.191952682234325 0.0393848403636486 -0.0654591692167705
v -0.191824764499184 0.140499895268816 -0.113314214404801
v -0.191554508700346 0.188981873960859 -0.147772014452743
v -0.191382688316564 -0.265464104426241 -0.361976353672064
v -0.191340654659073 0.14157012769936 -0.114390814513354
v -0.191214400498302 -0.247154638370418 -0.291793811840321
v -0.190759698443954 0.268145991097144 -0.374667382873754
v -0.190312796795525 0.194647875634791 -0.14767553810398
v -0.19001696865309 0.19551155404687 -0.147660843173871
v -0.18992530976457 -0.06332324677967 -0.0921112745888021
v -0.189592325975603 0.144019931268348 -0.116855172623035
v -0.188835960658494 0.2187185182896 -0.17851591778477
v -0.18883374222635 0.218716893254105 -0.178509311529854
v -0.188588997901378 -0.236088763956651 -0.248354921598202
v -0.188358929924299 0.0413530189384495 -0.08845690039091
v -0.188350173395244 0.124313516052836 -0.463581247370058
v -0.18833098824772 0.131294205261372 -0.224031799049887
v -0.188200620246735 0.125092438990362 -0.463581225580708
v -0.188179052975229 -0.266005514265401 -0.363962450741436
v -0.188008795122791 0.218227198688936 -0.176047586546344
v -0.18798314841186 0.201346408121186 -0.148489720205015
v -0.18773451572053 0.189026046171815 -0.147771660197124
v -0.187378592965847 0.200178207137602 -0.174956762202376
v -0.187007446395274 0.204147467432017 -0.148870609658396
v -0.186725420237321 0.115603633901155 -0.0937333858233248
v -0.186623072897002 0.148200499076507 -0.120895233878737
v -0.18633110766969 0.185946781677003 -0.147780257490713
v -0.18625780936549 -0.0370843775505467 0.00823587317859404
v -0.185917235847935 0.217008799336559 -0.169805128582482
v -0.185466103992494 0.208323993700242 -0.151716053321586
v -0.185032165174005 0.182825917760985 -0.147171323446093
v -0.185001694126352 0.21626353273914 -0.167082076881565
v -0.184965251099778 0.182664548953985 -0.147138588386576
v -0.184918037678404 0.0394058734998174 0.0084161760556293
v -0.184771618071757 0.210204484968747 -0.153010190975638
v -0.184689885845748 0.176741580826843 -0.145937132674594
v -0.184533503152714 0.220955624494357 -0.187610602687294
v -0.184521088644483 0.174228433362181 -0.144638913325791
v -0.184363999877425 -0.236739539976978 -0.250858066613358
v -0.1842539281935 0.211467556267495 -0.155227829404073
v -0.184237900961374 0.269096164754449 -0.377855341328954
v -0.184212596384475 0.250664180196339 -0.306018221464652
v -0.184192386223934 0.169358828558777 -0.142098648355374
v -0.183979200238711 0.249908923178748 -0.302509143325749
v -0.183679980096892 0.248933327547864 -0.297887470258883
v -0.183482777269032 0.162141707437953 -0.134958280624229
v -0.183335061701906 0.247819219017927 -0.292735663319144
v -0.183276845972824 0.160066786476964 -0.132876308760393
v -0.183171404743701 0.244954662844188 -0.282932258170389
v -0.183130322925228 0.158578802206421 -0.131400811002607
v -0.183040253465184 0.2144389995674 -0.160333893763464
v -0.182954251431941 0.214616806731793 -0.160991576160489
v -0.182649666535025 0.153763832249134 -0.126527274193228
v -0.182382988826186 0.245021121912901 -0.283160112852527
v -0.18236627380228 0.222095498151073 -0.19219624090545
v -0.181805630287011 0.155229654716191 -0.463580376787474
v -0.181676138493757 0.24494082048905 -0.2828856606633
v -0.181661253399565 0.269403863874854 -0.379147725741668
v -0.181629677335537 -0.0370910224610125 -0.0347031333313446
v -0.181413246321204 -0.085711853899481 -0.0920267498125411
v -0.181361093208957 -0.0857936424960114 -0.0920264447009106
v -0.180873375808329 -0.284585324285137 -0.439512983992357
v -0.180842445482311 -0.284498824510984 -0.44050363027145
v -0.180806202809829 0.117976353628756 -0.0942915513355569
v -0.180719634516986 -0.284159798159145 -0.444501356477755
v -0.180716582208898 -0.267256695423766 -0.368592320787566
v -0.180581527271127 -0.282460966818885 -0.429860030618182
v -0.18057859131335 0.23017787690469 -0.224437211001155
v -0.180571809068642 0.216250853619549 -0.167035951069053
v -0.180515491235879 -0.281992130815679 -0.427847820703099
v -0.180396262902035 -0.281163170514092 -0.424469307136261
v -0.180329696887377 -0.280696365422751 -0.422525096374692
v -0.180309818624027 0.179666122496931 -0.463579723371148
v -0.180294254040413 0.0712847301748454 -0.463582343008757
v -0.180280532272931 -0.281160510518453 -0.424458508247327
v -0.180198062601584 -0.281990615099079 -0.42784175929108
v -0.180147382045899 -0.283548293267831 -0.451711955403945
v -0.180143595553814 -0.28246340433737 -0.429871105622363
v -0.179921224564167 -0.0370949084429433 -0.0658449782534928
v -0.179860052290604 -0.284585331371064 -0.439513014030525
v -0.179853662976751 0.269794187896117 -0.38078653819558
v -0.179774423616524 -0.281587219558099 -0.454363750070133
v -0.179768681048898 -0.284497251227761 -0.440521766196517
v -0.179707685539194 -0.127233848190253 -0.463586649497975
v -0.17947662895474 0.217007784204903 -0.16980171284859
v -0.179204009496746 0.217158420473941 -0.17057364368495
v -0.178953211639 -0.277285235097038 -0.460223767276629
v -0.178782514087511 -0.245408042899731 -0.285286862684683
v -0.178760671855415 -0.283548241601767 -0.45171202725582
v -0.178744223626321 -0.283493043897544 -0.451786666466805
v -0.178718534971341 -0.275278445189864 -0.460879608930803
v -0.178709266402119 -0.283548239686502 -0.451712029919375
v -0.178504666491304 -0.281578952097577 -0.454374931278367
v -0.17796813521956 -0.277285177874315 -0.460223782736683
v -0.17781974115327 -0.0980888435383476 -0.10534750266782
v -0.177554412898798 -0.26958393259536 -0.462740638457099
v -0.177404461940879 0.270247853887082 -0.383037670082609
v -0.17737720462414 0.225195276536372 -0.202916289830984
v -0.176886949786833 -0.266318526136945 -0.463802009328025
v -0.176847745030947 -0.269592082207217 -0.462737972743563
v -0.176370914787796 -0.266318751251762 -0.463801923913465
v -0.175914987498169 -0.261454663766034 -0.463767837350052
v -0.175629400440939 -0.261450094341865 -0.463767757258921
v -0.175612452047264 0.226314936588203 -0.206716206871482
v -0.174923751214714 -0.0958579810831713 -0.0919275157309584
v -0.174743958421991 0.0436378846015313 -0.0897306513145314
v -0.174708623849291 -0.255413208120513 -0.463658473790446
v -0.174584305952595 0.0947844079874577 -0.463581793190764
v -0.173902241594344 -0.284488655701135 -0.440620850598131
v -0.173652000931795 0.0393924094144593 -0.039861522214036
v -0.173422027482441 -0.284585376390618 -0.439513204874288
v -0.173378103357344 0.227325932993793 -0.211387374529894
v -0.173240895299176 -0.251591828375925 -0.463589304958767
v -0.172131963549017 0.227895477718053 -0.213994534295438
v -0.172048279579474 -0.00349434780038551 -0.0592099561821909
v -0.171965642932591 -0.17769955132765 -0.463587691657294
v -0.171180997119038 0.121965097442413 -0.0965649371435678
v -0.171107081437235 -0.102150322187662 -0.092512531055895
v -0.171102060293933 -0.0855472793279652 -0.0920280956976299
v -0.171024428088627 -0.0853617647693755 -0.0920299047191399
v -0.170979260090206 -0.102360839500541 -0.0925316979580641
v -0.17097395357893 -0.102147220470166 -0.0925122466839746
v -0.170811335895176 -0.095853832797805 -0.0919272520557614
v -0.170547150502692 0.207854444140046 -0.415258916256532
v -0.170469933267168 -0.102135477408727 -0.092511170055643
v -0.170052694234223 0.243636326971023 -0.278361552742032
v -0.169909240339102 0.22963682654631 -0.221965145179579
v -0.169773352432611 -0.270476283889378 -0.380615748279108
v -0.169678897090809 -0.15373657122955 -0.463587155493434
v -0.169573054255982 -0.226952135619539 -0.423364271375671
v -0.169512139672768 -0.282522578791302 -0.430139968126895
v -0.169048874769415 -0.0562920586396239 -0.0921419227468068
v -0.168461754353826 -0.281934574416815 -0.427617650334972
v -0.168339916751748 0.230538578976195 -0.46357827949582
v -0.168037778445081 -0.0548742024462651 -0.0921475457259887
v -0.16734238666512 0.203605662557614 -0.463578974692788
v -0.166815399383122 0.254107115785169 -0.320068119881376
v -0.166687790595066 0.218184487714955 -0.175834648540444
v -0.166618187847873 -0.280846490134466 -0.423183667341616
v -0.166540371535552 0.253083133999027 -0.315905172422126
v -0.166520910231105 0.208964007894688 -0.300613721330848
v -0.166201812145083 0.254360508529516 -0.321098192329022
v -0.166024190259043 -0.271530569074281 -0.384782556956533
v -0.166017650849403 0.225058110707304 -0.224849093895046
v -0.166003711627777 -0.108232408799417 -0.0930662642526634
v -0.165970810356528 0.250933973958282 -0.307274304850601
v -0.165720738009817 -0.0516575092324903 -0.0921126977561929
v -0.165633191083678 0.249846498319072 -0.302221671457651
v -0.165399439349253 0.249109177117841 -0.298728775337863
v -0.165252522487036 -0.27313619095007 -0.391184706830204
v -0.165088243292528 0.248807217084187 -0.29729840348408
v -0.164539798646557 0.122986476582715 -0.0971475038170567
v -0.164108113597268 0.247832619000007 -0.292791497809382
v -0.163983977109245 0.23258710458453 -0.234025185536237
v -0.163858053591311 0.232918551917483 -0.235332220297418
v -0.163747600015859 0.233206593052628 -0.236493418974122
v -0.163638597925672 0.243016547544948 -0.27579606062826
v -0.163559345223996 -0.276572837484046 -0.40539014265325
v -0.163126286338219 0.234954203140241 -0.242326986577071
v -0.162875381474642 -0.239573431041343 -0.261716920460099
v -0.162682300512889 0.236189192994945 -0.246571490791671
v -0.162634874665674 -0.0370938935711752 -0.0617273378753197
v -0.162593774186462 -0.278521884964024 -0.413510806315046
v -0.162180439103468 0.28457870360352 -0.451436926223427
v -0.162072866978395 0.256381462051723 -0.328168934266761
v -0.161985107545619 0.23801094070046 -0.253881308556094
v -0.161833416362544 0.24475712744665 -0.28226729494735
v -0.161607502005188 0.0393959394612047 -0.0281430555813975
v -0.161573714439735 0.239012833771185 -0.258595278809396
v -0.161530522912169 0.273445549759111 -0.397523092303796
v -0.161525152105407 0.230301511409386 -0.225010543392591
v -0.161419100723192 0.283040847945998 -0.454534381879841
v -0.161416858395221 -0.142985727677938 -0.422548981964722
v -0.16135130220968 0.230176255182263 -0.22443734388299
v -0.161300652852334 0.284536496006633 -0.447447218705764
v -0.161282527865221 -0.220669050610038 -0.463588550672895
v -0.161064222854145 0.240227174888941 -0.264578396631112
v -0.16101344436473 0.243666280103849 -0.27847499136607
v -0.160637369883483 0.241340451827437 -0.269065197664485
v -0.1604612705588 0.243050014015375 -0.275930614921337
v -0.160431766223499 0.281757459033738 -0.457119299041207
v -0.16037945990307 -0.115364886593603 -0.0954368924591505
v -0.160329174143254 0.218715144637898 -0.178502898888766
v -0.160267159860772 -0.0444830981929839 -0.0914477798756614
v -0.160139688443464 0.0222821965741918 -0.463583267410157
v -0.160128944912185 0.242668481415107 -0.274398439503712
v -0.159805362016598 -0.242612843349339 -0.274865285936633
v -0.159737616103638 0.229064248191907 -0.219348587678422
v -0.159714177091014 0.0394043929031377 0.00160671389310785
v -0.159543790393774 0.28444333618801 -0.439518811693743
v -0.159382231484638 0.279512511177325 -0.460264597631569
v -0.159362685601991 0.280365371879887 -0.459919335335129
v -0.15893500764034 -0.117196605169216 -0.0960454280384814
v -0.158934906086872 -0.196951688341188 -0.463588019420567
v -0.158707627635257 -0.0370897988395641 -0.0302095503364594
v -0.158517955171506 0.274119974918482 -0.400244639857027
v -0.158403669863077 -0.0420295874400649 -0.0912235329198016
v -0.158303940527926 -0.0550104055542729 -0.0921487183831805
v -0.158208265045125 0.27468599717133 -0.40252933699529
v -0.1581284953642 0.273440151150882 -0.397500389368648
v -0.157775408441447 -0.0370855869310814 0.00125071964682793
v -0.157572600132758 0.25862953645416 -0.335895554522198
v -0.157509265658007 -0.276664379386488 -0.405786115675089
v -0.157342400687952 0.27630783935695 -0.408825051211159
v -0.157263493971096 -0.122697704381934 -0.463586395520755
v -0.157076014684185 0.254267254998788 -0.463577552410952
v -0.157072635337926 -0.118845488548982 -0.0965932793957436
v -0.156886807961583 -0.0516420458476263 -0.0921122584274132
v -0.156559603593255 -0.280615299908855 -0.422245095288214
v -0.156343988990153 0.278355283771634 -0.415668994519012
v -0.156225778464564 -0.0958391200196084 -0.0919263168754769
v -0.156068957091848 0.270318020328406 -0.383366247845173
v -0.156021775343191 -0.0420936493669914 -0.454128710418269
v -0.15595028356194 -0.0370860863701157 -0.00145219680330212
v -0.155759061947949 0.279546955214996 -0.419696939937327
v -0.155713802244395 0.269836552764839 -0.380974399620976
v -0.155713193905105 0.0468207084714271 -0.46358270392641
v -0.155554691753042 -0.0370949412025751 -0.0716219152316687
v -0.155257268510954 0.269077111181307 -0.377787469659432
v -0.154984931870739 -0.0388045009388691 -0.0889369120881741
v -0.154955653116518 -0.095243998614196 -0.0919320445813069
v -0.154924883771905 0.274169792866469 -0.46242746419268
v -0.154875139715008 0.281156552332078 -0.426231904293583
v -0.154769696863586 0.267999485600792 -0.374170824868425
v -0.154711745414486 0.259658534206902 -0.340631088639837
v -0.154605085663003 0.260640379615424 -0.345148500233263
v -0.15460250886185 0.281654358973629 -0.428244331518046
v -0.154401212464423 0.262539244868398 -0.35395877781625
v -0.154234722812544 -0.255082739614985 -0.323431990172874
v -0.15422678310713 0.263922534750791 -0.359582460143874
v -0.154011842949412 0.265546595029941 -0.365873769771489
v -0.1539227879156 0.266146816671144 -0.367904049257284
v -0.153844934587501 -0.0445625075621795 -0.0914558697165672
v -0.153668003312707 0.045138113521976 -0.0905684491394367
v -0.153664270954854 -0.0422683285559219 -0.463584624176134
v -0.153647887456185 0.271326040630033 -0.463577073771313
v -0.153629846325981 -0.0375271572621578 -0.088029117657136
v -0.153492557281673 -0.251574190327988 -0.46358916776998
v -0.153465784736131 0.272421122652201 -0.463134371778077
v -0.153044019755797 -0.281860954983208 -0.427323243240903
v -0.152926701809411 0.0393887424880989 -0.0541154640779852
v -0.152757141812076 -0.0420299989037572 -0.0912242952273723
v -0.152410122581603 -0.0371187046591368 -0.0861226740077534
v -0.152248038772697 0.0456026865724639 -0.0908272737943512
v -0.15167501933437 0.0634379132689895 -0.463582315132813
v -0.151166271572693 -0.038829363266898 -0.0889548601593198
v -0.151090375632148 0.219649469196655 -0.182301464187848
v -0.151060215606002 -0.261056984695787 -0.463760866982327
v -0.150776539117732 -0.282626860739544 -0.430613779103069
v -0.150721695589523 -0.0363614418226747 -0.078608509933025
v -0.150518801558783 -0.0375272120596371 -0.088029382088569
v -0.150411707626918 -0.124421722356292 -0.100550838378921
v -0.150134682916506 -0.0371140811425071 -0.0861011001434853
v -0.149811376278998 -0.255126262022513 -0.323697891403987
v -0.149757383429217 -0.0370855846392794 0.00111632284632513
v -0.149722030891448 -0.266330376545843 -0.463797512967145
v -0.149623906779654 -0.255085607088282 -0.323519486469204
v -0.149617771581306 -0.26693560506449 -0.463600787202692
v -0.149483607402213 -0.0304638667115551 -0.463584338897418
v -0.149371253496046 -0.0360790145861277 -0.081405292515164
v -0.149187103248167 -0.0360790235433193 -0.0814052846599891
v -0.149151620906727 -0.0361325623448956 -0.0808752357271145
v -0.148970916755813 -0.0370919522388947 -0.0494571050967685
v -0.148892133339246 -0.241210316051176 -0.268769389617819
v -0.148819936908258 -0.28325469121586 -0.433466598913778
v -0.148756450477562 -0.269916043657281 -0.462632005927292
v -0.148742624366664 0.125420372684193 -0.0985103212386477
v -0.147621231591244 -0.126760116258982 -0.102194283558977
v -0.147585926531574 0.227409776403608 -0.21178124048905
v -0.147412759681302 -0.284585558267154 -0.439513975872646
v -0.147393543620575 -0.0589906972719932 -0.463584943838723
v -0.147384967000923 0.0471941843240925 -0.091713419625808
v -0.147213236412762 -0.284449550881859 -0.441071628983993
v -0.146629413467249 -0.277283357419616 -0.460224274575012
v -0.146407862073528 -0.255106805535979 -0.323567662814633
v -0.146117491150294 -0.281368077365533 -0.454660125780846
v -0.145840984783526 -0.283547015079692 -0.451713732977218
v -0.145731151620239 -0.0370877061209248 -0.0165855182534742
v -0.145649562584588 -0.128330233428633 -0.103866476543972
v -0.144065918517535 0.0393840614206077 -0.0712097607326143
v -0.144020655906549 0.126100300530062 -0.0991667013632629
v -0.143331955106234 -0.271441545572479 -0.384246491699836
v -0.142687054694049 0.0392035540404754 -0.0740458444850563
v -0.142573417170727 -0.239003589430253 -0.259203342533522
v -0.14241791877052 -0.037093401519011 -0.062411088133523
v -0.141876095603435 -0.131998962543679 -0.107773603541427
v -0.141424962432827 -0.270683904911833 -0.381121448184644
v -0.141264019877324 0.0393923871304384 -0.0419681929114302
v -0.14105583344992 0.0502071576677879 -0.0922769556210904
v -0.140788383222946 -0.103357036896463 -0.463585861434618
v -0.140700034530055 0.0389464497209684 -0.0781298473613762
v -0.140677160535697 -0.133154307140969 -0.109051065700328
v -0.140280371105271 -0.270217199624553 -0.37924492737314
v -0.140049196371218 0.0386018123937399 -0.449458371564928
v -0.139836918100021 -0.234655114998553 -0.24384696488718
v -0.139630099662054 -0.269937137428062 -0.378177773197978
v -0.139561399451872 0.0320664730097533 -0.463582912403057
v -0.139486231050254 0.128814484155633 -0.101786403107003
v -0.139398287156064 0.226304946936216 -0.206679219778256
v -0.139250743873856 0.0156025651653888 -0.463583267741683
v -0.138713496606117 -0.1318115726591 -0.122455313928773
v -0.138566184866393 -0.135230827101699 -0.111152412111662
v -0.138008319941343 0.0454230895468646 -0.463582611623957
v -0.137814663721579 -0.136085765871832 -0.11201759823716
v -0.137035725179192 -0.236931684706652 -0.250979421165015
v -0.136577255833794 0.0394003928205777 -0.0139753606323421
v -0.136573865041097 -0.2701846394236 -0.379072650588217
v -0.135883185357859 -0.195981692571869 -0.463587838668619
v -0.13525125815421 -0.0370898583799507 -0.0359923378297905
v -0.135061497777806 0.0360129810554155 -0.317730719459404
v -0.134747219238415 0.0542534241639929 -0.0921854235061236
v -0.133961927902317 -0.0212405181047019 -0.463584031099534
v -0.133865713719352 -0.140366303537972 -0.463586617082455
v -0.133104606606048 0.0387339632568875 -0.081503874886452
v -0.132943187694492 -0.235102529837392 -0.245246654389979
v -0.132892723305923 0.0125599537576712 -0.119014929613567
v -0.132586017211186 0.225083488112845 -0.202533072945576
v -0.132503798985668 0.225005192849768 -0.202267335946111
v -0.131623894800488 0.0560564212569381 -0.0922655270646882
v -0.131622801154285 0.24306276707532 -0.275983252297312
v -0.131012069037843 0.133917024503893 -0.106637920574594
v -0.130633275506689 -7.11023131125533e-05 -0.0172530020253461
v -0.130609936410472 -0.144259832012425 -0.120390028688279
v -0.130553128052484 -0.144325154319674 -0.120452971767352
v -0.130334367727794 -0.255241828723248 -0.323788979317968
v -0.130210220297568 -0.0370850667879497 0.000788426764843675
v -0.130058642640132 -0.234183946381602 -0.240776852602772
v -0.129447489989073 0.222124373345678 -0.192305951891475
v -0.129437071158465 -0.0829892720803691 -0.463585340541408
v -0.128838546020449 0.0576527022794019 -0.0923442357187919
v -0.128837444736391 0.0576649513552522 -0.0923369908432141
v -0.128826066297446 0.0577915084961364 -0.0922621369725725
v -0.128804129806081 0.0578717553559523 -0.0923462592738542
v -0.128632864240381 0.0560765093032708 -0.0922656867617689
v -0.128386216899631 0.0541614440077018 -0.0921797207854602
v -0.128186297787046 -0.0370913093130892 -0.0490753344846549
v -0.127998034252867 0.0504413057617882 -0.0922773507816319
v -0.127867834839482 0.220758781412153 -0.186811753913261
v -0.127685458403373 -0.264687692511959 -0.35856810637941
v -0.127468746104131 0.220415884050026 -0.185417771978878
v -0.127436308293423 0.0471921830815091 -0.0917146536616267
v -0.126915073739385 0.220755471746227 -0.186798322287739
v -0.126886686669112 0.0453877193019463 -0.0907106419227061
v -0.126702425991408 -0.146689638804609 -0.122731150416134
v -0.12620582277332 -0.0937913139931218 -0.0919441281826493
v -0.126053150105894 0.0578804187543496 -0.0923459659934969
v -0.125808570314932 -0.0370883947692893 -0.0265470723248186
v -0.125657165946486 0.0413525102328492 -0.0884641637436533
v -0.125353973650109 -0.262090718635357 -0.348896271219785
v -0.124792108857622 0.0405090052826392 -0.086225349518563
v -0.124700755983195 0.222126963406489 -0.192315792799195
v -0.124330673656769 -0.260936158654906 -0.344673821758599
v -0.124214831430038 0.218712929199139 -0.178494774285115
v -0.123902781174898 0.0396432424352068 -0.083923257244957
v -0.123753617888609 0.0903383901393084 -0.0921953574765078
v -0.12368934739643 -0.249461397231601 -0.298838920341917
v -0.123379629913334 0.0927380262033899 -0.0921904647394501
v -0.123084544615884 -0.259541998031804 -0.339513823991868
v -0.122850646169159 0.218096671630467 -0.175396836423936
v -0.12269631110815 0.204172291010097 -0.202772297468013
v -0.12177402891653 -0.231073754653856 -0.228485730828746
v -0.121029880465171 -0.0958036171296325 -0.0919240602246728
v -0.120995032360628 -0.241807669403799 -0.271290150960664
v -0.120814272090251 -0.185811067798532 -0.27905250514497
v -0.120764664361021 0.139928930571108 -0.112737477304852
v -0.120732896916169 0.224955331324256 -0.202097106552603
v -0.12038628261269 0.216998470722171 -0.169770374668499
v -0.119637381991345 -0.227753246915682 -0.216314302920143
v -0.11952377485789 -0.262032187503007 -0.348630901589631
v -0.118879959795375 0.226299286970004 -0.206658263522901
v -0.118739461402906 0.216073878433868 -0.166392126852741
v -0.118350259978507 -0.151706761218525 -0.127773966610559
v -0.118284515715327 0.0277181054550798 -0.463582859427024
v -0.118258569809506 -0.0563733774837212 -0.463584685175957
v -0.117206579598134 -0.229088474663795 -0.220742291174865
v -0.116653567862158 0.227510329158112 -0.212253600895019
v -0.116410981186642 -0.0637336066734999 -0.398968714686472
v -0.116406394419417 -0.152884812344206 -0.128938174613146
v -0.116252187100861 -0.234404798106997 -0.338011390380617
v -0.116197937711084 0.227760349581398 -0.213398063664333
v -0.115798344353523 0.214435561727343 -0.160332885784864
v -0.115241292851034 -0.261342167003755 -0.346014007720603
v -0.114854062225067 0.0393983719779584 -0.0224757213127583
v -0.1147971202738 -0.227890272842187 -0.21683304501429
v -0.114687970464527 0.109262502320222 -0.0921571882582124
v -0.113766179442974 -0.227403601235185 -0.215130119964116
v -0.112992413081708 0.144504690525229 -0.117340272233329
v -0.112701238613823 0.21179187553623 -0.155790336544189
v -0.112269892647885 -0.103947837051673 -0.178247963951573
v -0.112153910754046 0.121310046628486 -0.152668032045689
v -0.112135328291435 -0.254910883600064 -0.322256293606636
v -0.111840965147449 0.114842555977826 -0.093547270179621
v -0.110834698949373 0.210214561964442 -0.153020723622211
v -0.110415974996956 -0.254280487815144 -0.319506017104686
v -0.11030816725431 0.209592957293544 -0.152592977514287
v -0.110260454602139 0.117935101126707 -0.0942753349651191
v -0.109714798143965 -0.233203673212367 -0.23438943928475
v -0.109646104083396 -0.158510486179417 -0.134497483037559
v -0.109575404739664 -0.243643089039658 -0.279207889351481
v -0.109517405812273 0.207835127121708 -0.151383324225699
v -0.108996036236637 -0.225132157039385 -0.207273558548287
v -0.108526563773578 -0.100692272091917 -0.0923788539862418
v -0.108499379595569 0.0594780232477786 -0.0922600257330579
v -0.108030623673915 0.122485136677776 -0.0968677255876458
v -0.107967823228817 0.230227669849303 -0.224693632885347
v -0.107880113694522 -0.0370897703607261 -0.0414937677287758
v -0.10786686876462 0.204150596625547 -0.148873087656955
v -0.10753947031254 0.147766784660106 -0.120493413234644
v -0.107536374996089 -0.224764926024371 -0.206006740708733
v -0.107347911241516 0.148181540789233 -0.120894207170484
v -0.107272758884961 0.144540887111012 -0.117376494233029
v -0.107165608341363 0.0579398994909907 -0.0923439524035755
v -0.107116817640934 -0.263110063641556 -0.352721283024228
v -0.106860093462795 0.139817207971447 -0.112624625199659
v -0.10678451431798 0.200518337731946 -0.148379232151373
v -0.106591246505335 0.125418500495535 -0.0985099348884516
v -0.106427002560757 -0.242437547123815 -0.273982631440464
v -0.106380606439334 -0.143659484419459 -0.463586498187308
v -0.106344254194523 0.133979812332186 -0.106702493954685
v -0.105996740063676 -0.037093524316154 -0.0716303201128992
v -0.105957238582045 0.129191302161511 -0.102151212677219
v -0.10592985316853 -0.173448097376381 -0.463587141882707
v -0.105788272462222 0.127144471939284 -0.100175754419131
v -0.105286935160264 0.195520473018793 -0.147669538663582
v -0.105228524451287 0.0562336950800863 -0.092266936366099
v -0.105042160165828 -0.036999483523394 -0.0725260259293466
v -0.103873200213443 0.189995770393614 -0.147763883129894
v -0.103338315876221 0.17675143189205 -0.145936532609708
v -0.103177053880036 0.181923688450262 -0.146985695977762
v -0.103108541685405 0.157241718388639 -0.13006576666376
v -0.103038452296176 0.18597099525658 -0.147775180395675
v -0.103036412969936 0.173487576583329 -0.1442505135026
v -0.102974803229045 0.186537988796982 -0.147773577984763
v -0.102643929687368 0.16933446773247 -0.142084011234556
v -0.102450075398221 0.0537864071468692 -0.0921564686999883
v -0.102169740033346 0.261808877850463 -0.46357683693558
v -0.102084060268313 -0.164810493601475 -0.140709851158435
v -0.101961703347159 0.159707085681075 -0.132510285983451
v -0.101928918151942 -0.251751095080928 -0.308449343261893
v -0.101565237103464 -0.103413769804903 -0.0926265598170697
v -0.101243940351268 0.232575198810427 -0.233948116941307
v -0.100931763154241 0.163194884120899 -0.136009850163157
v -0.100705357673168 0.162398854211611 -0.135211105972625
v -0.0998967962748528 0.0509452077756197 -0.0922782011929645
v -0.0997397970503333 0.16321009109226 -0.136025033928732
v -0.0996495636448717 -0.264748967147718 -0.358889741273297
v -0.0996114566726743 -0.167084347882004 -0.142553664542201
v -0.0995452090281155 -0.168071508386945 -0.143354087264747
v -0.0994050953558907 -0.170110240129116 -0.144973154491413
v -0.0993868446954359 0.233208948783105 -0.236502995803755
v -0.0990775570495832 -0.173339800632543 -0.146448564261023
v -0.0990648772623461 0.245906831019375 -0.362240794113126
v -0.098999834011073 -0.21079706233279 -0.201953613903228
v -0.0988876518515792 -0.175223075629001 -0.147320220997951
v -0.0987702053776126 -0.164810139401386 -0.140709701592683
v -0.0986531187876752 -0.242763813960533 -0.275420769525346
v -0.0984679518792823 -0.222504857177546 -0.198130311977623
v -0.0980833813577736 -0.168062304829392 -0.143346685450815
v -0.0980325811903668 -0.18131070342155 -0.147649166007188
v -0.0979370933018689 -0.221964159457067 -0.196236514364879
v -0.0978048039604796 0.257913024547403 -0.441915448452491
v -0.0976733529197113 0.0393941121984313 -0.0386024349343134
v -0.0975935191335299 0.237115185685879 -0.463577439777006
v -0.0975514580180415 -0.265913756657934 -0.363259400691042
v -0.0969606802170602 -0.188888694978535 -0.147981331756461
v -0.0969163239566537 -0.237722072471337 -0.253550556429842
v -0.0965230603522207 -0.191934252305002 -0.148044378089302
v -0.096243404473394 -0.237598658726883 -0.253056096851515
v -0.0961720488513981 -0.220262958203857 -0.189924671909918
v -0.096010820341413 -0.222019689656266 -0.196442426015025
v -0.095858861445952 -0.237509365741311 -0.252776183268393
v -0.0958572002351504 -0.158227331132609 -0.134219118307572
v -0.0957643351965945 0.190908013852885 -0.463578631372737
v -0.0956337445144137 -0.249838062752704 -0.300266790830195
v -0.0956132928680745 0.23477063353728 -0.241716025518476
v -0.0955492523934465 -0.224500520502513 -0.205148252666417
v -0.0954809933353836 -0.194291727612406 -0.148093262368055
v -0.0951764842373437 0.271326046924551 -0.463576521951887
v -0.094916959901572 -0.170110632554864 -0.144973181436138
v -0.0948539147409832 -0.23736714026651 -0.252031814057285
v -0.0948070395284054 -0.225013226551609 -0.206930538545635
v -0.0947522446675619 -0.218880925470749 -0.184849552828859
v -0.0945779094332258 0.0471888867382317 -0.0917166863016017
v -0.0944626925649554 -0.218577792932819 -0.183817889072894
v -0.0943472085663943 -0.24964802949698 -0.299449832094416
v -0.0943032335546646 -0.0370866444576705 -0.0198287229267521
v -0.0942783626430007 -0.226243050068658 -0.211199555430773
v -0.0939364447494373 -0.198329488560564 -0.149365904908709
v -0.0938902097040813 -0.237637134590686 -0.253175894457498
v -0.0938728756630012 0.0469079736661055 -0.0915604579093668
v -0.0935219002966479 -0.237103193133895 -0.251055826010707
v -0.0933786123330967 -0.26852352400687 -0.371759962664591
v -0.0933040659443792 -0.228498732850093 -0.219136505583796
v -0.0931946513121598 -0.152222002668743 -0.128285647809472
v -0.0931799320721614 -0.228792656961094 -0.220105481735398
v -0.0931238830602004 -0.232087694314301 -0.230949478893067
v -0.092978239098672 0.257807851542763 -0.333095302109281
v -0.0929506590423967 -0.15168060419353 -0.127741184529539
v -0.0929324383503623 0.138852065402386 -0.436285782677677
v -0.0929169863842959 0.0471887201150024 -0.0917167890472833
v -0.0928370169650904 0.158184112634862 -0.463579459859531
v -0.0925079021445686 0.169331439814875 -0.14208219192042
v -0.0923555686717022 -0.216367327435186 -0.176310991947293
v -0.092320824528299 0.258625733655727 -0.335906005596102
v -0.0921753900731383 0.274776838500419 -0.462181469118055
v -0.0918353471994842 0.236287853906852 -0.246931474383504
v -0.0917668720182655 0.0450900375905872 -0.0905491328005651
v -0.0915879703211932 0.275452134411536 -0.46190808786497
v -0.091504471819622 -0.204700911777019 -0.15140012405271
v -0.0913022940628165 -0.215322405097023 -0.17254913254313
v -0.091244438523259 0.274785844630038 -0.462177819534888
v -0.0910890961933692 -0.243085970137261 -0.276819435880903
v -0.0910589877992431 -0.173293543610725 -0.146427159632357
v -0.0910111075827006 0.260145731422624 -0.342899914011329
v -0.0909910756841408 -0.036447747881948 -0.0777802475863098
v -0.0909339288158073 -0.214961010742903 -0.171232848181477
v -0.0909135780585506 -0.108195450021411 -0.0930618028125753
v -0.090583812917616 -0.208611330751304 -0.155478997716672
v -0.0903957131929265 -0.213103921690443 -0.164468607251308
v -0.0903368120292861 0.280364176221772 -0.459919549017001
v -0.0903299420537477 0.284473123565895 -0.442153842558741
v -0.090319771098135 0.255857360187886 -0.326393838764217
v -0.0901986778364272 -0.211514950773671 -0.159984808790684
v -0.0900939489531576 -0.21069188504835 -0.15764906194736
v -0.0900803345914319 0.282062993514729 -0.456502507882485
v -0.0900302383431359 0.284524989601085 -0.446569754771279
v -0.0897851513539829 0.284442131143143 -0.439516162046897
v -0.0897013077840314 0.284576468482838 -0.45143998665803
v -0.0895105332191015 -0.146824921793756 -0.122857695213639
v -0.0894617133895916 0.271326047539753 -0.463576468019171
v -0.0890524077058668 0.262413803352252 -0.353424473763973
v -0.0889520114007225 0.173359521531354 -0.144183379663827
v -0.0889227184448193 0.269451857508695 -0.46357651196446
v -0.0887086578400611 -0.17522311065693 -0.147320243571505
v -0.0884466258443592 0.105079242334822 -0.463580807739641
v -0.0884261792227796 0.254487318028461 -0.321604226005122
v -0.0884019835199999 0.263192729031003 -0.356590944015729
v -0.0883170944743778 0.264076996544761 -0.360185890640038
v -0.0881442834453893 0.265532561673107 -0.3658244796402
v -0.088121692321281 0.281498460440127 -0.427616218107715
v -0.0879480077641083 0.281193092832214 -0.426376405950045
v -0.0878031818055231 0.149465199425075 -0.298969744985959
v -0.0877559653209364 0.267726690947528 -0.373246229052829
v -0.0877439848019728 -0.0370921443551093 -0.0648420768565171
v -0.0876341745211671 0.268402839709088 -0.375515410009124
v -0.087607563511079 -0.144050207618691 -0.120183600551644
v -0.0875033293294755 -0.264814019790913 -0.359187546029248
v -0.0874347661235494 0.0413522001307466 -0.0884685914145033
v -0.0874303601747466 0.269032517780485 -0.37762862131424
v -0.0874046399159659 0.242359449861701 -0.273160991009938
v -0.0873483574037164 -0.271523032051925 -0.38454481203932
v -0.0871830014687686 0.26995682265415 -0.381507720589972
v -0.0871528485903122 -0.220371806239344 -0.190327979716402
v -0.0871326053929983 0.237900916881849 -0.253401867279177
v -0.0871227164297736 0.253653680848665 -0.318214983294058
v -0.0870558060118187 0.270544985063954 -0.384429085913911
v -0.0870194791353488 0.279560578284816 -0.41974829173298
v -0.086868032667635 -0.212795058909225 -0.46358786419684
v -0.0864027540705945 0.278113032085597 -0.414855571475116
v -0.0863728327478281 0.273326283551274 -0.397021538409365
v -0.086220836689577 -0.183303295570924 -0.463587219341117
v -0.0859669734861349 0.176753535431375 -0.145936404475333
v -0.0859485646812225 0.274850756003329 -0.403175042019131
v -0.0856838869542565 0.238323167811964 -0.255389235537531
v -0.0856401470512316 0.276289587427037 -0.408760300622506
v -0.0855709029923635 0.276159269387732 -0.40825444007208
v -0.0850798057911352 0.0433120678504328 -0.463582290801724
v -0.0849462671159376 -0.272736802342981 -0.389625240026169
v -0.0845200574679682 0.0229641899425186 -0.463582728749736
v -0.0843724934224604 -0.111097303650986 -0.0940267374462378
v -0.0838839508096448 -0.181154057678433 -0.147640730444101
v -0.0838467056635609 0.131839430072117 -0.463580064236054
v -0.0836573378652457 -0.219714965703378 -0.187917031545628
v -0.083444503975573 0.23915103271174 -0.259285361719539
v -0.0833921062291958 -0.0329519563094676 -0.463583935076633
v -0.082932466543825 0.250946215356619 -0.307342811408105
v -0.0827415068346586 0.03940201515164 -0.0116140839816796
v -0.082717272906167 0.0403502743081967 -0.0858098065376034
v -0.0826089972285091 0.181696981732963 -0.14693905263168
v -0.0818874865175447 0.0512681447032213 -0.0922787461981747
v -0.0818629940080917 0.182803356095914 -0.147154783275989
v -0.0816891060323194 -0.194294508270522 -0.148094927654925
v -0.0814688221369609 -0.189040720370558 -0.147986282242728
v -0.0814416940744809 -0.13546634507975 -0.111394062727526
v -0.0813675844197017 -0.184286556824469 -0.14777780753138
v -0.0813040256018004 -0.0360823254217247 -0.0814023890166237
v -0.0809580844710914 0.0393892612382895 -0.056788808005508
v -0.0808465753855887 -0.143882949941385 -0.463586326153597
v -0.0807673147517208 -0.198478421519359 -0.149413596418409
v -0.0807455516676152 -0.134113680880557 -0.110008934919302
v -0.0806484046152302 -0.0361361634959622 -0.0816464542182309
v -0.0805031963575309 0.249556831616625 -0.300887731285249
v -0.0804700913238741 0.0634393515371673 -0.463581821832365
v -0.0804090483561366 0.240215780722897 -0.264531731084121
v -0.0804061018654713 -0.133449548434971 -0.10933663895627
v -0.0802760026431438 -0.133208439361367 -0.109069785914608
v -0.0802261696165239 0.0621660093428945 -0.463581847791448
v -0.0793736310166824 -0.204701216659138 -0.151400352149703
v -0.0793488617645373 0.185977881935639 -0.147773736399178
v -0.0790973787268454 0.256851282236211 -0.463576748891154
v -0.0782346334118142 -0.218862165771031 -0.184787158083273
v -0.0781224536046405 0.24821731544256 -0.294542950468111
v -0.0780282065804773 0.279562360209127 -0.419755008648794
v -0.0775575081889191 0.247892939366774 -0.293042838214859
v -0.0771017625760255 -0.127184422945695 -0.102655582022556
v -0.0771000103495392 0.241680560517586 -0.270435156417996
v -0.0768188992637934 0.0534157800882383 -0.0921334900199024
v -0.0767794868782033 -0.126740618046675 -0.102183042885799
v -0.0765688103954953 -0.267877086738879 -0.368914167631081
v -0.0764486581160011 0.190312892091298 -0.147761339853458
v -0.0763898484653694 0.247033397770543 -0.290101798959976
v -0.0762130328375171 -0.0370860505469843 -0.0192247384815334
v -0.0761084185757769 -0.218504640695704 -0.1835705348515
v -0.0760652114583451 -0.208510545350984 -0.155373762845471
v -0.0759794558189981 -0.114199698488478 -0.107812168388798
v -0.0757691560442202 0.243960391710736 -0.27958524418851
v -0.0757668922209901 0.243948759439654 -0.279544798232659
v -0.0757661785156436 0.243942098923825 -0.279517304903545
v -0.0757654207078704 -0.208855745729636 -0.155733812784076
v -0.0757170883414518 -0.235096583810418 -0.463588271195482
v -0.0755727803721849 0.24235942950567 -0.273161492897936
v -0.0755287937041393 -0.239298333083359 -0.434311414437181
v -0.0750885375356142 0.0387328254882451 -0.0815098856349383
v -0.0750582091145498 -0.12370887109106 -0.100052488230935
v -0.0748432427781424 0.243951820113365 -0.279556389628339
v -0.0742526845995647 0.000188239072878625 -0.463583152170777
v -0.0740941322190012 -0.210691482358006 -0.157648517094174
v -0.0739727800929721 -0.254692724056622 -0.320796080862392
v -0.073585308303698 -0.114277383372673 -0.0950845656653098
v -0.0730969671297295 0.0327764102372936 -0.442952956346013
v -0.0730081485263518 0.195523870793819 -0.147672851300737
v -0.0725840985271523 -0.251501927676174 -0.463588605710869
v -0.0725750077192113 -0.245774016050543 -0.286502228582744
v -0.072282926041677 -0.118846137270303 -0.0966021668778417
v -0.0720458651753299 -0.181022992997868 -0.14763367245223
v -0.072041174665395 0.229773387432819 -0.463577390702746
v -0.0720028144309388 -0.152577316524084 -0.430323782886431
v -0.0718710010723734 -0.211564573449361 -0.160126316248809
v -0.0717112391299077 -0.0420359047358117 -0.0912352368014916
v -0.0714809937962343 -0.0455809191414059 -0.0915596205426479
v -0.0712711380045138 -0.0100644400335027 -0.0855068862587088
v -0.0711038101804781 -0.0514918866883126 -0.0921079922695959
v -0.0710008241793847 -0.259776025671694 -0.463738414818996
v -0.0707670094592852 -0.115108216128723 -0.0953608070833248
v -0.0704514323701267 -0.056239703263893 -0.0921593021710334
v -0.0704048523429572 -0.114237533267135 -0.0950716551197148
v -0.0703989262289968 -0.039355218953771 -0.0893344744604972
v -0.0702823161409839 0.278057196593521 -0.414668089288038
v -0.0702268487833354 -0.26382572338684 -0.463766599841876
v -0.069505417364283 0.200138162416567 -0.148328505991876
v -0.0695019928115287 -0.0375286390776438 -0.0880362683253261
v -0.0690216459739681 0.0564768639270101 -0.0922688695234765
v -0.0688010167965555 -0.266365677483392 -0.463784118850874
v -0.0687750296809999 0.0389694528885268 -0.0777494575795457
v -0.0687065524035144 0.232941126537922 -0.277864076248064
v -0.0679824409474593 -0.213100481895023 -0.164460711168085
v -0.0678865657598613 -0.108184116305578 -0.0930604346749666
v -0.067143722489136 -0.0369454499581536 -0.0853142474999268
v -0.0667235431428857 -0.0810039541455332 -0.0920648176198717
v -0.0664735371178785 0.204152233304852 -0.148874383738173
v -0.0661794408700183 0.277252037978965 -0.411976470434618
v -0.0660155607375102 0.241725689040436 -0.270616934234036
v -0.0659932152243721 -0.114182256851759 -0.0950537467937166
v -0.0658386812145896 -0.270872288685982 -0.462319221053513
v -0.0656146103463923 -0.160906893841685 -0.463586590285861
v -0.0654517890259017 0.0394024849210787 -0.0110368355813911
v -0.0652845117585053 0.205238880111482 -0.149614713491727
v -0.0652490810492792 -0.0996839592785121 -0.0922864097673614
v -0.064956382401124 0.0580728249867103 -0.0923394525023708
v -0.064586426298876 0.243951138775313 -0.279554159394365
v -0.0644251312872248 -0.0957465186523552 -0.0919204309053485
v -0.0643570228976382 -0.096816647118943 -0.0920199063079235
v -0.0642434471949946 -0.276111754843134 -0.403712529622841
v -0.0641875427389737 -0.0361926859034804 -0.0818985351952007
v -0.0641602838052896 0.244023904555454 -0.279801371407451
v -0.0639021339491238 -0.0360831718614009 -0.0814016467156872
v -0.0638705977193871 -0.133530548565859 -0.109414986638587
v -0.0634734913081723 0.207538751653988 -0.151181607140204
v -0.0634440602269034 -0.216371178336878 -0.17632577138656
v -0.0626781208591598 0.0132561469181503 -0.463582788237162
v -0.0626369221530213 -0.0369362924899858 -0.0852715176924851
v -0.0624094604091684 0.248185911210274 -0.294401250771228
v -0.0623621598180796 0.24811041107004 -0.294043596075969
v -0.0622392479875966 0.247903615237488 -0.293087321990704
v -0.0618032455557618 0.276283519703453 -0.408738774752325
v -0.0617061333742127 -0.277426320078429 -0.409215030017147
v -0.0616244753687998 -0.277278419514358 -0.460225608665374
v -0.0615736045888529 0.245264605499817 -0.284056074252843
v -0.0613777803303712 0.244494803196714 -0.281415832852745
v -0.061371177013771 -0.0375287822926227 -0.0880369594254012
v -0.0613516378196608 0.210221306099848 -0.15302777270676
v -0.0613446580718302 -0.0364905846293272 -0.0773691517118292
v -0.0612590365275871 -0.0370847202992131 -0.0120829572216676
v -0.061104413123585 -0.215197390913531 -0.172100017158047
v -0.060982074836254 -0.243721707233751 -0.279594120008196
v -0.0606718656727345 0.241372484506502 -0.269193375836235
v -0.0603503377392773 -0.278134461391837 -0.412145092258293
v -0.0603254956893025 -0.0188076351730624 -0.463583468159529
v -0.0602344750705342 -0.0394213971155376 -0.0893822483597996
v -0.0598534714512152 -0.27839257035349 -0.413221392675242
v -0.0596124221162206 -0.243519879705634 -0.2787237374388
v -0.05957522198911 -0.272278156000635 -0.387632217091831
v -0.0593980459892379 -0.215723881941267 -0.173995525729825
v -0.0593094897344158 0.249484717068398 -0.300555637564844
v -0.0592788011886687 -0.0360833967434058 -0.0814014495012518
v -0.059238346506924 -0.216371738521765 -0.176327921329397
v -0.0589256717449267 0.212035618330877 -0.15621308990965
v -0.0587876363314513 -0.218435607511907 -0.18333710864197
v -0.0586989221513719 -0.218839978296624 -0.184713362561932
v -0.0586653201076309 -0.0420368553946876 -0.0912369980612865
v -0.058573303014257 -0.246243211064139 -0.463588394465998
v -0.0585605451679755 -0.220942542218963 -0.463587845009061
v -0.058275848783272 -0.239513328903281 -0.261420627024864
v -0.0582574749232463 -0.280796015826231 -0.455433802192939
v -0.0582164264475055 -0.220721024863288 -0.191621917604916
v -0.0579521642529181 -0.21518434112969 -0.172053135608038
v -0.0577059868867968 -0.037092143659567 -0.0716385100810304
v -0.0575867745019405 -0.223127370116547 -0.200549818293554
v -0.0574620379530853 -0.223660413151979 -0.202420540666959
v -0.0574600771354881 -0.234254103278072 -0.2418995481568
v -0.0573740537521205 -0.224045300614587 -0.203756198940772
v -0.0573627930344419 -0.224093206458269 -0.203924690475737
v -0.0573255509888394 -0.0457559480038624 -0.0915774516331797
v -0.0566553871712744 -0.191816822832034 -0.463587199386989
v -0.0563877303722848 -0.280221712732564 -0.420677616039322
v -0.0561668403244027 -0.249890877799868 -0.300244758320105
v -0.0561389158957275 -0.0370917770667313 -0.0690920249267076
v -0.0559266036984479 -0.281397220890624 -0.425468751839257
v -0.0558844597763657 0.250950202736543 -0.307365125988887
v -0.0557663854472312 0.214432492506441 -0.160331985885818
v -0.0556354321842701 -0.283543654200186 -0.451718406944531
v -0.0556256304265388 -0.229565394703808 -0.223174591060426
v -0.0555114228985296 -0.175223224895173 -0.147320317191707
v -0.0553336830872404 -0.283619605551327 -0.45082267726297
v -0.0552664195463092 -0.0514641640704878 -0.0921072046448963
v -0.0552421882522888 -0.283158602874153 -0.433029779802309
v -0.0549735139897606 -0.122153144454506 -0.46358567508676
v -0.0548725563858142 -0.284314253009957 -0.442631266835189
v -0.0547286874196545 0.274921940224781 -0.40345401953343
v -0.0546936068362212 -0.284586206629823 -0.43951672436657
v -0.0543578677329401 -0.251485649084417 -0.463588479095936
v -0.0543517637903557 -0.174781655444259 -0.147115941532176
v -0.0543292752723483 0.188156343045801 -0.185679922711264
v -0.0542675749614693 -0.228593095551294 -0.219767023818533
v -0.0536182614286096 -0.0564752455257813 -0.0921613301007292
v -0.0534982853134352 -0.229736759320059 -0.223732574561388
v -0.0532788785862658 -0.278241457476243 -0.41260791378305
v -0.0531054756977702 0.215573780685963 -0.164553809212715
v -0.0526862641776011 0.0393890108037862 -0.0594438680897422
v -0.0525893751131083 -0.230305451348952 -0.227547906730736
v -0.0523073967786484 -0.213098076224643 -0.164455188928765
v -0.0517459915385086 -0.111418821150514 -0.0941369716887746
v -0.0511648424705053 -0.281374483557695 -0.425377824324786
v -0.0510593266108117 -0.248493088719054 -0.295597671644832
v -0.0501885215982341 -0.232727643287028 -0.238648734586304
v -0.0499531210490927 0.253920712096547 -0.319296036812968
v -0.0491268573800605 -0.17994508543127 -0.183689161449127
v -0.0490714452256384 -0.211626303857433 -0.160302350954996
v -0.0489639506450133 -0.24978731540395 -0.299962701565183
v -0.0488766378539288 -0.249888695961121 -0.300214447836778
v -0.0488162777159239 -0.233331498003609 -0.244292172062765
v -0.0487870030064045 -0.233315599051329 -0.244210662338891
v -0.0487712358110559 -0.233338881165954 -0.244291763576945
v -0.048675727209505 0.25455212926449 -0.321862855431886
v -0.0485463763480962 -0.245880236347153 -0.286846826762144
v -0.0485154618022666 -0.278278155408994 -0.412759224582774
v -0.0484583793383176 -0.242530534698505 -0.274461445424926
v -0.0484555124277328 0.0394050834708483 -0.0029196517314645
v -0.0483134490798748 -0.234961754854938 -0.247699120774725
v -0.048231974228363 0.215872073454667 -0.165657973462355
v -0.0480340377700921 -0.237159582657338 -0.252439768988072
v -0.0479992479919221 -0.278150520619818 -0.412239963115054
v -0.0479327043058925 -0.259406933229267 -0.463731945506827
v -0.047654341566399 -0.238082919602933 -0.255445988667898
v -0.0475069340863452 0.0393857812464409 -0.0711790733559955
v -0.0471476838675781 -0.238920818699776 -0.258801015501813
v -0.0470573120156545 -0.223430911287147 -0.201675379956006
v -0.0470052508562774 -0.210690800573263 -0.15764759461715
v -0.0469782860921447 0.255540783560851 -0.325321616386021
v -0.0466470789674466 -0.243903578964848 -0.280244398255986
v -0.0464942500223477 -0.243745146800982 -0.279709272480837
v -0.0461392335897798 -0.231877608365965 -0.236838464370902
v -0.0460059829412475 -0.243284230410309 -0.27771903193828
v -0.0459698584106828 -0.0801368413894246 -0.0920717645535939
v -0.0457759669337069 0.273261861211722 -0.396750621140536
v -0.0457551095001459 0.0391089673503478 -0.0755283131373042
v -0.0456900434908317 0.20030407597746 -0.463577912983526
v -0.0454728334043844 -0.0020384204816515 -0.46358300114833
v -0.0452379736755734 0.274399167232991 -0.401341275612869
v -0.0450148171417995 -0.0362351381552221 -0.0799053841066779
v -0.0449625297303501 0.274944207971892 -0.403541288883453
v -0.0448733810951823 -0.24221745992592 -0.273087593366687
v -0.0445908339709979 -0.0844341482123567 -0.0920296248430135
v -0.0444957192946124 -0.243748380184596 -0.279725157250145
v -0.044366679644088 -0.208290500105755 -0.155144003049246
v -0.044366112168458 0.0388921045133426 -0.0789731552805128
v -0.0443147623861652 0.276279067980489 -0.40872298180967
v -0.0442870583255477 0.240210677765092 -0.264510831589033
v -0.0437347102896564 -0.207715617464538 -0.154544349681683
v -0.0437290320561273 0.0667165465880466 -0.0922494532312344
v -0.0436148469671244 0.277964829917738 -0.414357944150146
v -0.0434026836172129 0.038732204088492 -0.0815131684443656
v -0.0433211879106217 0.278663930053964 -0.41672095507445
v -0.0426494411949792 0.279569371706306 -0.419781438299021
v -0.0423785438900296 -0.283230201640985 -0.433355092880719
v -0.0423093801460146 -0.266377234180024 -0.463779733932253
v -0.0422823889133114 -0.276785898568984 -0.40649536980192
v -0.0422516151160344 -0.252675921481119 -0.312094590623714
v -0.0422238409751102 -0.25283128684162 -0.312757796412167
v -0.0420867513875838 -0.204702153783204 -0.151401053257338
v -0.041789239383451 0.258622788733063 -0.335914099005452
v -0.0417851836960015 -0.255251799026071 -0.323134231408975
v -0.0417240309301456 0.273255431277001 -0.396723581136005
v -0.0415342994383387 -0.276606687726442 -0.405743572225019
v -0.041508425221898 0.258744196265525 -0.336472802374598
v -0.0413203302300872 -0.276658554923209 -0.405960596779934
v -0.0408977587988936 0.0401925065575959 -0.0853967851873962
v -0.0408494592672648 -0.263080617437916 -0.3531210333192
v -0.0407612539677927 0.281741038441805 -0.428598365271882
v -0.040747166802474 -0.263956765074684 -0.356458988839564
v -0.0407390387092889 -0.264218248766431 -0.357289436330838
v -0.0406734602387567 -0.264696936295773 -0.359184849704935
v -0.0404767522132075 -0.264990820309069 -0.360360841961877
v -0.0404110965057374 -0.198934820005076 -0.149559744947148
v -0.040130353167788 -0.243205551218048 -0.277351404096626
v -0.0397009611358111 -0.270225365549746 -0.462528876613378
v -0.0391447016197141 -0.271180135671142 -0.46221852523026
v -0.0390721405665428 -0.194303100510897 -0.148100073395419
v -0.0389115307109314 0.041351806456948 -0.0884742123309287
v -0.0386714866371675 0.259738622138158 -0.341049264719178
v -0.0386376608382012 -0.283984323852235 -0.436781770947619
v -0.0386372059807651 -0.235000027328753 -0.24419985788378
v -0.0384983566713828 -0.243530335504801 -0.278818881931732
v -0.0384223280727663 0.284441243876599 -0.439514211129497
v -0.0381899109360325 -0.271413094482114 -0.383980095012129
v -0.0381781616117327 -0.189465542209439 -0.148000115949393
v -0.0378918376046406 -0.243663569155344 -0.279363952301688
v -0.0378306069534611 0.190967241283391 -0.445950914856316
v -0.0377364559904342 -0.269558094050121 -0.377256531577885
v -0.0376162842614116 -0.263899361650638 -0.356276279403935
v -0.037407867558021 -0.270126358530931 -0.379304833955119
v -0.0372124186686812 0.284516462314447 -0.445919474677055
v -0.0370911350206342 -0.284586329719662 -0.439517246160453
v -0.0368693155885411 -0.243902918585309 -0.280282518334509
v -0.0368207259733411 0.257391945818398 -0.463576335763892
v -0.0365175205703094 0.271720035219373 -0.389774861085094
v -0.0364725789293869 -0.180629145416216 -0.147612463282699
v -0.0361747115016108 0.0446188286834426 -0.090293475385165
v -0.0361699056776889 0.284574817674643 -0.451442247023909
v -0.0361568640912888 -0.226927894228162 -0.281341968908164
v -0.0361350605866321 0.221845301010035 -0.463577259253901
v -0.0359988481153869 -0.284286599189743 -0.442950044537523
v -0.0359415367946672 -0.277942837462377 -0.411399631048207
v -0.0357943724331795 -0.244178132263965 -0.281247598748395
v -0.035594892884123 -0.277276907465587 -0.460226017180643
v -0.0355551645599992 0.282299794943498 -0.456024470093871
v -0.0354653574383971 0.270714651458461 -0.385223605391272
v -0.0354424348070338 0.281881813326936 -0.456865202584865
v -0.0354096948040665 -0.17522329406919 -0.147320361770518
v -0.0353201330072096 0.27132605336816 -0.463575957062119
v -0.0352590579269136 -0.174782043409764 -0.147116133030142
v -0.0352391817432814 0.282301167248847 -0.45602169978198
v -0.0352322469438368 0.274085765802972 -0.462460308778165
v -0.0350156926971815 0.275329807818332 -0.46195738756468
v -0.0348157746671919 0.271326053422455 -0.463575952302276
v -0.0347363647765805 0.270048865226516 -0.381915871243177
v -0.0347045146529227 0.247922805227041 -0.293167282044228
v -0.0346757032028756 -0.172968283237665 -0.146276651077512
v -0.0345949748714838 -0.242517232393754 -0.274341433957802
v -0.0343625456712196 -0.280640434589208 -0.455644215802278
v -0.0341641901943864 -0.2783887193223 -0.413215095333226
v -0.0341413388442707 0.280363202810353 -0.459919722980086
v -0.0341347660686815 0.284574754914749 -0.451442332957771
v -0.0340271752578883 0.0471828123093958 -0.0917204320058074
v -0.0337644167193761 -0.170115979504115 -0.144973548568217
v -0.033673885414102 0.268997175110671 -0.377502725452723
v -0.0333870765237273 -0.283594797868102 -0.451106702689812
v -0.0333622452242525 -0.108167123704316 -0.0930583834309438
v -0.0332931106414387 -0.283542821769716 -0.45171956460365
v -0.0328842941024141 -0.0957147027040212 -0.0919184086056022
v -0.032736805767134 -0.24498712691721 -0.283992031485772
v -0.0326797311830293 -0.167650528345219 -0.14301552080064
v -0.0323001836972346 0.267500945561153 -0.372481099541913
v -0.031906409833312 0.284515605674425 -0.445854148392352
v -0.0316647026867658 -0.118534333270111 -0.329131506613873
v -0.0314247831192725 0.239443488226799 -0.260732399943918
v -0.0314100159009888 -0.164802939633786 -0.140706661393971
v -0.0312920268327174 0.262302928336608 -0.352952214084923
v -0.0309565678925412 0.246724287259382 -0.463576559505525
v -0.0307658780262015 0.0521848403124769 -0.092280293261519
v -0.030575637728409 0.257682360265889 -0.463576269228626
v -0.0305557388107659 -0.0370840538892732 -0.0137613550026644
v -0.030504781929271 0.0527460774967241 -0.0920919688161891
v -0.0304759782714156 0.265520275201426 -0.365781325189744
v -0.030251568869176 0.216984264203645 -0.169722572310474
v -0.0302281042258009 0.196134703383019 -0.463577876140598
v -0.0300683836383485 -0.13003015524353 -0.105692161356351
v -0.030011134942894 0.176764011136052 -0.463578380863351
v -0.029578269934832 -0.0988528726799599 -0.0922102140169913
v -0.0293758437544107 0.284441087603202 -0.439513867516305
v -0.0292457969601629 -0.133056927210085 -0.108915308273962
v -0.0292040072412847 0.264215530251877 -0.360727095435552
v -0.0291512998377892 -0.248315459092101 -0.295201029329342
v -0.0290986748706918 -0.133600955367151 -0.109491845809013
v -0.0289763358018489 -0.134067553414344 -0.109971625221187
v -0.0289134763223738 -0.12672744358803 -0.102175447841618
v -0.0289134004354107 -0.245482759974352 -0.389600936428731
v -0.0287256896919455 -0.249496331800588 -0.299170194881926
v -0.0285905625118729 -0.249882624669495 -0.300130104397632
v -0.0284317663156546 0.263440154079867 -0.357574526134199
v -0.0282291988306976 -0.0923497039342725 -0.463584842676681
v -0.028005136391448 0.0567523347148678 -0.0922710594766409
v -0.0278092955179926 -0.251986163442328 -0.309108281819731
v -0.0277269661338184 -0.123261113029258 -0.0997394631901665
v -0.0273513952351663 -0.156820564892531 -0.132836151240628
v -0.0272664151140628 -0.0403697444903628 -0.463583707335082
v -0.0271068652947575 0.0581920208665692 -0.0923354173872074
v -0.0269977034456738 -0.280183515678567 -0.420532689993359
v -0.0269973530624036 0.264220701627591 -0.360747298268453
v -0.0264970069641793 -0.255517343456101 -0.32424478524906
v -0.0264475012511334 -0.143752069629843 -0.119890008434801
v -0.0262655384731905 -0.281255589783397 -0.424902363310227
v -0.0262152457956007 -0.118846489731547 -0.0966069955968795
v -0.0258289533632666 -0.0101837432564088 -0.463583041930423
v -0.0257342118721623 0.0394036857428446 -0.00928087367873556
v -0.0257136761749074 -0.153604159465384 -0.129658254082691
v -0.0256367315980605 -0.147057258417881 -0.123075024762889
v -0.0256342583201612 0.217198606168673 -0.170822133659841
v -0.0250443663217614 0.0871499668296522 -0.0922086075416684
v -0.025039082528533 -0.259499429820617 -0.339503424690123
v -0.0247612700238733 -0.283328259007019 -0.43380062211281
v -0.0247317672505784 0.265519051373436 -0.365777026671361
v -0.0246761871370449 0.084201826428305 -0.0922146749569378
v -0.0245417190096109 -0.151330632470542 -0.127371819278969
v -0.0244798714705901 -0.113662107807015 -0.0948852301017869
v -0.0243803448963241 0.281824940709739 -0.428938067858056
v -0.024250966785029 0.109270346189834 -0.092163324642743
v -0.0241500467909064 0.262289218815706 -0.352893819920076
v -0.0237859395268398 -0.284586422759685 -0.439517640569244
v -0.0235351605189677 0.113945072003029 -0.0933277975046648
v -0.023027733932581 -0.284267593870044 -0.443169127185017
v -0.0229570989977236 0.117884049405696 -0.094255266518885
v -0.0226387456075889 -0.108161845681453 -0.0930577462999547
v -0.0225164511712602 0.12541476624327 -0.0985091642774941
v -0.0224491822735245 0.121725872510196 -0.0964440098962201
v -0.0224307358416081 0.11962225762103 -0.0952455800430203
v -0.0224051312253664 0.0660172336563152 -0.0922523292766221
v -0.0222727653361197 -0.278480332281977 -0.413592828604688
v -0.0221188711210988 -0.00214955495500711 -0.422057783321565
v -0.0219556102911677 -0.106090556829658 -0.0928691339984192
v -0.0218109094048345 0.267458246581739 -0.372336377872247
v -0.0212547464872563 -0.283542373244207 -0.451720188367032
v -0.021158866811081 -0.283294657408865 -0.452055153679532
v -0.0209632849467076 -0.100146702947618 -0.139759520754785
v -0.0209136797388852 -0.280552868261799 -0.455762643624035
v -0.0207624248097098 0.130148770235365 -0.10307816815989
v -0.0206355665309067 -0.277276038483879 -0.460226251956334
v -0.0205378122088995 -0.26205112600121 -0.349302911905096
v -0.0204537139683821 -0.242874290741899 -0.276092114294241
v -0.0201946270242255 -0.242882098981562 -0.276123603214318
v -0.0200662141044154 0.279573847335439 -0.419798309062783
v -0.0200253070233716 -0.277668694816283 -0.410290389166285
v -0.0199792183562364 -0.0986292264303643 -0.0921897096630105
v -0.0197058048316028 -0.0668607755363727 -0.463584230174869
v -0.0195267577472852 0.268987873956454 -0.377469593354059
v -0.0193176372543335 0.134201324140837 -0.106930305086293
v -0.0192868382018128 0.279100766966371 -0.418199337401274
v -0.0192034824683164 -0.0957009025631572 -0.091917531434786
v -0.0183684936566311 0.277877385484382 -0.414064326721448
v -0.0180673804365941 0.158609501771991 -0.463578743098071
v -0.0179251853816252 -0.272421589981769 -0.461812733618969
v -0.0178112840495494 -0.242778220548761 -0.275692810605849
v -0.0177412541470207 -0.271426969859095 -0.462137786509529
v -0.0176592260453958 -0.263724780936874 -0.355362593648558
v -0.0174508917596471 0.270079200811434 -0.382050390395363
v -0.0172716470617597 0.13909736884769 -0.111897508566474
v -0.0171774065000192 0.276272160120658 -0.408698475470204
v -0.016964893180139 0.0113774897261061 -0.46358251235306
v -0.0168112468731311 -0.266388357471302 -0.463775513459171
v -0.0166865393280977 0.00464203326625312 0.0108670455357139
v -0.0163238053157005 -0.276391289447834 -0.404907942327194
v -0.0160828492363125 0.275010056327237 -0.403799354647468
v -0.0159185840422763 -0.258894703801597 -0.463722967343938
v -0.0159022891246549 -0.264738775291093 -0.359098321928964
v -0.0158909739689295 0.142467705340801 -0.115287902707832
v -0.0158585097351622 0.270779132835333 -0.385525560943523
v -0.0156340655325567 -0.243377721430188 -0.278146544451045
v -0.0151135849953857 -0.277584094851782 -0.409948078966942
v -0.0150480913212338 -0.251450539916235 -0.463588206016726
v -0.0150131906033576 -0.251160908110403 -0.463588199486004
v -0.0149186067901441 -0.251450424268308 -0.463588205117216
v -0.0147562263666332 -0.0788327000352931 -0.0920822127721071
v -0.0146819212727811 0.0621409843355121 -0.116376208648377
v -0.0145560288914184 -0.0780735694251381 -0.0920851639188607
v -0.0144588383602831 0.273212164698203 -0.396541630846076
v -0.0141650875846933 -0.278542794801294 -0.413850370461741
v -0.0139115328406143 -0.266590652257042 -0.36593721481743
v -0.0135740575485757 -0.272985897962129 -0.390537464751237
v -0.0132635184786853 0.272037025187282 -0.391221892925909
v -0.013103969252493 0.0390568415103346 -0.0763496061467697
v -0.0128447296541385 0.259537735842738 -0.340136069922087
v -0.0127981467699197 0.259526327442411 -0.3400836010415
v -0.0127772112193257 0.259537210669243 -0.340133682573051
v -0.012482789689342 -0.258839730715955 -0.463722003796569
v -0.0124043363130802 0.258621076214709 -0.335918805448929
v -0.0123778847792156 0.229564591428354 -0.381057971814046
v -0.0122341900635921 0.0249354553643289 -0.46358218518909
v -0.0122045802633865 -0.0984480868003506 -0.0921731024044472
v -0.0120753305950495 -0.111019009943957 -0.463585136149231
v -0.0119574321408283 0.145144086060153 -0.117980116693053
v -0.0117943666146796 -0.217579845623804 -0.463587448022035
v -0.0117235361878013 0.0390757591662656 -0.0760487890291405
v -0.0115482717194054 -0.281185315072429 -0.424621331897339
v -0.0114562015689204 -0.270331683827699 -0.379414588809781
v -0.0112252063197393 0.255279634470115 -0.324437123106288
v -0.0111584166827259 -0.262879642137151 -0.463750027612562
v -0.0110626958134464 -0.233155085037521 -0.234863048243698
v -0.010987319038207 0.25461357843535 -0.322108068527771
v -0.0109034122291845 0.239279347102306 -0.25992608709485
v -0.0108933194596345 -0.269418292080249 -0.376095657599496
v -0.010823739620809 0.254201822704414 -0.320434089435079
v -0.0106146845625429 0.151741597806157 -0.124519810738901
v -0.0105881933162279 -0.0779811615483973 -0.448211809631951
v -0.00985732094384464 0.239270534671276 -0.259885159821077
v -0.00983380289550151 0.239281239081962 -0.259935534510449
v -0.00958904719501524 -0.28309547024757 -0.432822696925455
v -0.00954601884712835 0.250957033885717 -0.307403355160164
v -0.00948165762220553 0.239281861974519 -0.259938644863588
v -0.00922220339144487 0.250218129016285 -0.303970265808119
v -0.00915994484870376 -0.266391695270982 -0.46377424700904
v -0.00896683378531666 -0.283416170498167 -0.434200052984018
v -0.00868520349013672 -0.0956902925397589 -0.0919168570356639
v -0.00844964716114161 0.148157889728014 -0.120892926319562
v -0.00819640203708123 0.147739592543632 -0.120488807910439
v -0.00817897817287652 -0.0873168334881924 -0.463584594497873
v -0.00770397610758671 0.240205509668738 -0.264489665314793
v -0.00759927504156406 0.24930876583733 -0.299745366955475
v -0.00758433232534869 0.270806344264725 -0.385652987536875
v -0.00750997918365137 0.262257277063793 -0.35275776761452
v -0.00678161381276095 0.145777530100772 -0.126701252526922
v -0.00677061788202912 -0.271553488173363 -0.46209640274933
v -0.00660288770892999 -0.284586542916621 -0.43951814993017
v -0.00590126323923381 -0.147129044846396 -0.123142174366229
v -0.00573797026771398 0.069505724888821 -0.0922462557929418
v -0.00553627593205983 -0.284241965327529 -0.443464558623927
v -0.0055339434300869 -0.244537886059593 -0.282572603894926
v -0.00552418170754794 -0.0571482137003632 -0.0921671241019185
v -0.00541911987966387 -0.0697832068598537 -0.463584194660945
v -0.00512467007931879 0.258620651964134 -0.335919971399267
v -0.00504441655149207 0.247907821433271 -0.293109653117916
v -0.00470543593167639 -0.154734784029174 -0.463586034321342
v -0.00465048574420206 -0.0370821004667787 -0.00416740955604819
v -0.00443934874875346 -0.244672200468474 -0.283044852432639
v -0.0043930868585665 0.241976574859568 -0.271627503013973
v -0.00413306916226294 0.237778917941847 -0.252870243051669
v -0.00412539223772231 -0.277275079413991 -0.460226511071451
v -0.00409683186200505 0.154693466206179 -0.127509144975808
v -0.00400076587373934 0.270102805455379 -0.382155062077138
v -0.00398084902007472 0.264274641656426 -0.360958023895328
v -0.00392290534447233 0.0393994425137041 -0.0256390496413218
v -0.00386103703276226 0.155583391988374 -0.128409969739743
v -0.00370989659232514 -0.280440853455847 -0.455914136439434
v -0.00343277069543904 0.082886071897284 -0.0922188168616911
v -0.00329303493790039 -0.283541704026554 -0.451721119046466
v -0.00303692044667296 -0.0513727387545273 -0.0921046071688038
v -0.00292508455949918 0.0516149043949912 -0.4635813993552
v -0.00288156031193426 0.159268800693115 -0.132064297844925
v -0.00269915680250121 0.148664499229962 -0.121407027035188
v -0.00267810162610846 0.212646935486567 -0.270050592247155
v -0.00265382410674642 0.148156503683809 -0.120892851256715
v -0.00246201369527746 0.145204177407722 -0.118040250231245
v -0.00225191569135442 -0.0370852444450038 -0.0295930594297384
v -0.00192644680947343 0.138974070856183 -0.111772964043255
v -0.00188923380005678 0.265514184676912 -0.365759933105405
v -0.00175554745646458 0.137085256708814 -0.109856732020536
v -0.00150339575981905 0.164463380205242 -0.137276410526812
v -0.00145923059427082 -0.036577114373396 -0.0765387427059428
v -0.0010861940741922 0.134247729253377 -0.106978029861169
v -0.000944545469522993 -0.0464530864399022 -0.0916484727115993
v -0.000857303345261038 0.217210262963316 -0.170888732518374
v -0.000723334768354843 0.243946896488785 -0.279540273054805
v -0.000688443041184264 -0.20219906817569 -0.463587037114184
v -0.000685184961302608 0.244452209774853 -0.281256983348262
v -0.00035160097145684 0.244184794360587 -0.280348490865655
v -0.000265521235374631 0.130379126168037 -0.103301183110034
v -0.000216521341993366 0.169303869773788 -0.14206562655366
v -4.12728289437875e-05 0.10257221827229 -0.0921786998000917
v 0.00042526839739807 -0.244658641149518 -0.283008121459185
v 0.000437675656941657 0.236416352595273 -0.247400326926114
v 0.000600302594250998 0.243946808562428 -0.279539985244155
v 0.000704458404951681 0.172544366990042 -0.143756028671359
v 0.000806651222846162 0.268974505576875 -0.377421973191999
v 0.000814870285081088 0.125413729963138 -0.0985089504277678
v 0.000903369601192082 0.10927252790005 -0.092165031429505
v 0.000932240194751632 -0.0420411982815006 -0.0912450440093455
v 0.000939575481333754 0.267365635552727 -0.372022486933117
v 0.00107720255469638 0.121517150377214 -0.0963275302219926
v 0.00111508976104077 0.113694542553757 -0.0932665324905464
v 0.00131081276325107 -0.145446991010424 -0.121520494140683
v 0.00133609143348852 0.117869843661005 -0.0942496822365554
v 0.00139958876068653 -0.0546846746714872 -0.463583819581159
v 0.00153866675976738 0.126960036499643 -0.463579386071596
v 0.00178550434359121 -0.0398251934609032 -0.0896737482356981
v 0.00190461258627419 0.176764176021649 -0.14593575631755
v 0.0022964588893945 -0.0366075628997661 -0.0762483134475527
v 0.00230399042731576 0.0882187542477713 -0.463580392387006
v 0.00232278257789835 -0.0365825790856914 -0.0764862989323766
v 0.00258172916041898 0.268446543520835 -0.375649859057791
v 0.00266904372212623 -0.0375299102875358 -0.0880424026924069
v 0.00276091746631247 -0.0368034091603752 -0.0846514686808519
v 0.00285772063571277 -0.0360864191054836 -0.0813987989849021
v 0.00308799409602898 0.180752406175109 -0.146744712714579
v 0.00326491490429895 0.0527950691252921 -0.0922813231155058
v 0.00328280452511948 0.0582877241597611 -0.0923321775620557
v 0.00331381519530607 0.0569626757789002 -0.0922727316578634
v 0.00335028243676675 0.060070655609289 -0.0922663246047786
v 0.00337434976386375 -0.0370903973424445 -0.071648869124485
v 0.00342397999592725 0.052255467266067 -0.0920615512433902
v 0.00361117606320962 0.100711430302281 -0.463580053220809
v 0.00362593557435987 0.0471790349622618 -0.091722761249499
v 0.0043622744482013 -0.24182439009612 -0.271683141810577
v 0.00453296331519367 0.0393923847081064 -0.0511056575227016
v 0.00459108672410577 0.217841375941625 -0.174124045152053
v 0.00464682683375589 -0.100142721345963 -0.463584784143811
v 0.00464734177583793 0.186002300040086 -0.147768616419435
v 0.00480767128963541 0.0442714548158365 -0.0901050054648746
v 0.00489002477438664 0.162471405295216 -0.463578425405378
v 0.00495783694529485 -0.0365863865325048 -0.076449759611045
v 0.00562005354380181 0.0394052701735289 -0.00564585787503802
v 0.00599514738876261 0.0413514421246359 -0.0884794143064853
v 0.00610567940062939 0.234494056979298 -0.240795516327841
v 0.00625263226062876 0.191269202446881 -0.14775367036376
v 0.00637069896619565 0.00132957860714645 -0.222552581282495
v 0.00641199211779111 0.0787489452924264 -0.45108216122941
v 0.00664876100621164 0.234305475364443 -0.240166042269824
v 0.00693720280394147 0.233212840452771 -0.236518816738171
v 0.00694187587563789 -0.0420416362049226 -0.0912458553381364
v 0.0070790869028524 -0.0370886402562362 -0.0585816117834977
v 0.00709733262187074 -0.0465525224514423 -0.0916586027695737
v 0.00725861205339697 -0.0513547169023551 -0.0921040951516489
v 0.00738869555701856 0.23197949680114 -0.231546760630988
v 0.00755436226983399 0.195532351078108 -0.147681119094987
v 0.00779779639751169 -0.0398643379685534 -0.0897020065873476
v 0.00779877720767772 -0.0573346384618558 -0.0921687291485323
v 0.00787442499290169 0.196602424888496 -0.147833125043358
v 0.00806389750143719 0.230067692429638 -0.224007047645862
v 0.00825705565518908 -0.249871596778104 -0.299976903012537
v 0.00825938179538643 0.0710788912394083 -0.463580784591551
v 0.00865614796627876 0.0400055601386641 -0.0849073767875832
v 0.00866028710943586 0.0583046589535727 -0.0923316042717425
v 0.00871814550187437 -0.0375300168355139 -0.0880429168517236
v 0.00886695839984914 0.203726251035139 -0.177854572484772
v 0.00902301818239374 0.227918869840004 -0.214172776986288
v 0.00914025329961727 0.199336127359629 -0.148221491789284
v 0.00977225740478408 0.226263798346118 -0.206526865447989
v 0.00981821919093018 0.242034433866757 -0.271860559256473
v 0.00985518503471056 -0.0778044070334808 -0.0920904510124976
v 0.0101636241189485 -0.0807534008200763 -0.0920615801550768
v 0.0102795343134359 0.224400362839811 -0.200202420267854
v 0.0103449821873685 0.22416799004121 -0.199398880899138
v 0.0107056182059007 0.0393868180785061 -0.0711605728453838
v 0.0108418778872171 -0.106586426602734 -0.0929138069236184
v 0.0110479056949486 -0.0367865706440775 -0.0845728982129206
v 0.0110651543234121 0.000357310331510589 -0.463582557463803
v 0.0111191305258443 -0.263473033110276 -0.354045046033188
v 0.0111804850270039 0.0387311336433778 -0.081518823527579
v 0.0113564962532059 -0.170556999230494 -0.463586266610189
v 0.0113740845217166 0.204155311375309 -0.148876821252531
v 0.0115654587937293 0.222201317221642 -0.192598299306484
v 0.0118441949816126 0.113107292187853 -0.35564880666492
v 0.0119022337626936 0.218704579081169 -0.178464152179827
v 0.0125602392198043 0.0570247756439745 -0.0922732253428639
v 0.0125900132672049 0.207049146089653 -0.150848375080751
v 0.0127425393713131 -0.0127674110969858 -0.0787319176943938
v 0.0130793532150902 0.220269164334466 -0.184824739699322
v 0.0131773737524602 -0.0360869210603295 -0.0813983587863119
v 0.0139254539559644 0.210231565750085 -0.153038496266953
v 0.0140729696566459 0.219020348564409 -0.179747913028849
v 0.0141633808013358 0.218704440370828 -0.178463643492084
v 0.0143708496971924 -0.269286948582478 -0.37500391907725
v 0.0145511124626777 0.217821423673447 -0.174024571976823
v 0.0146410118425767 0.212369066216127 -0.156791429941811
v 0.014812094021708 0.255698565398958 -0.325886068864004
v 0.0149348108510458 0.216977142184681 -0.16969860800847
v 0.0149739136476197 0.0390497076575526 -0.0764570974809807
v 0.0152188838777882 0.215690465803998 -0.164997296639678
v 0.0153366769601382 0.214428857259326 -0.160330920027245
v 0.0154116509412625 0.214844685245049 -0.161868984265236
v 0.0160624055388287 -0.0365020101494106 -0.0772900076173129
v 0.0164077159956343 0.214428802500903 -0.160330903972013
v 0.0166841766159139 0.0890902917546792 -0.463580233874223
v 0.0169873097678907 -0.0366037681768959 -0.0762829513742382
v 0.0173094486347624 0.123796768767 -0.19736366634199
v 0.0174184464686371 -0.0370824995999405 -0.0123236716531407
v 0.0183560053420873 -0.178183904620107 -0.421961281827046
v 0.0186875138831342 0.240201781339825 -0.264474395701603
v 0.0189453088922411 0.0393869648368113 -0.0711579541922071
v 0.018947328256679 0.212388584998699 -0.156825283787764
v 0.0192226012986946 0.240113016986016 -0.264037116631873
v 0.0199866260676367 -0.13867215225535 -0.463585514490563
v 0.0205312329334869 0.0393875923760995 -0.0690399873557661
v 0.0212421146454196 -0.0370898864941836 -0.0716518994442736
v 0.0216781784418859 0.21023262238285 -0.153039600677415
v 0.0223176532888168 -0.14423613481585 -0.120351473352411
v 0.0230026913453689 0.255029625676189 -0.323590361214533
v 0.023782396949501 0.206977102954648 -0.150799341564803
v 0.0240933480783407 0.0393870565292709 -0.071156318095698
v 0.0242139125209636 0.0531707195537553 -0.0922819570827707
v 0.0244299859350506 -0.143504056283439 -0.119645776682728
v 0.0253836998778522 -0.235058943424821 -0.241726857266217
v 0.0255586709588345 -0.227064998269235 -0.214691377402998
v 0.0255946804330158 0.204155873653195 -0.148877266518629
v 0.0268070661527984 0.218703664742408 -0.178460799056204
v 0.0272239326995847 0.199151708500781 -0.148196885087929
v 0.0273879349454256 0.254676147475893 -0.322357750466894
v 0.0281838234462332 0.0518974396866059 -0.0920393537242972
v 0.028414284120442 0.195534546864533 -0.147683259861706
v 0.0284607206121392 0.195338343737999 -0.147686609997504
v 0.0285267349611745 -0.0272924982939821 -0.463583036876255
v 0.0293634748262548 0.191536442993807 -0.147751527127928
v 0.029864890160203 0.218642601338343 -0.17815407605119
v 0.0299470027708976 0.254494725064702 -0.321619879973816
v 0.029979233084293 -0.244641941671533 -0.282792123799651
v 0.0300237885136168 -0.0365026020265202 -0.0772902755431319
v 0.0305053407907907 0.0394025769090338 -0.0167200593424925
v 0.0306629442334839 -0.256510169934207 -0.328396961431686
v 0.0307215451082028 0.186009879937671 -0.147767027069117
v 0.0308200577887505 -0.105776188408725 -0.0928397386113627
v 0.0316791696707642 -0.0370881384720938 -0.0601808746381947
v 0.0327356015270551 0.180425622178432 -0.146677479157352
v 0.0333242382615969 0.0390318013165158 -0.0767377457331578
v 0.034071212156918 0.176768071155695 -0.145935519050501
v 0.0348043255559648 0.239360197284965 -0.260329804584371
v 0.0349930154308479 0.175083988579339 -0.145065514111993
v 0.0355414227546955 -0.147279789807775 -0.123283182417077
v 0.0357789777339466 0.126573222282847 -0.46357907305108
v 0.0358441785122459 0.172224877470903 -0.14358853385146
v 0.0358671777807217 -0.00404660653044189 -0.463582481273685
v 0.0360337353012305 -0.245380196910168 -0.285610497951562
v 0.0367232772138353 0.169292834813046 -0.142058996234493
v 0.0375573399798481 0.0393938330750621 -0.0480559640544185
v 0.0388606930862671 0.164978340774254 -0.137790585267756
v 0.0395399076262338 -0.0972425030446005 -0.09206257197469
v 0.0395590482571998 -0.0370831027371448 -0.0221107199160246
v 0.0404303383033329 0.253743025317733 -0.318603505324354
v 0.0411761239449723 -0.0956399963029075 -0.0919136600834324
v 0.041238117541525 0.03873054417511 -0.0815219376453059
v 0.0418220296652358 0.159071052569277 -0.131863074166108
v 0.0421997438388314 0.15186711633995 -0.463578350724149
v 0.042400716238139 -0.0360883425032993 -0.0813971122255972
v 0.0426214903070877 0.0471751229416172 -0.0917251735375638
v 0.0430676042891331 -0.239945270168423 -0.263728393155828
v 0.0438112293720461 -0.169256448641877 -0.274480760015637
v 0.0438328026489775 -0.00670181513779954 -0.463582483746278
v 0.0439497789336645 0.154784521139048 -0.127612317423052
v 0.0440280165526676 0.160626666714733 -0.440852522059642
v 0.0455038424085563 0.151706671593048 -0.124497316132544
v 0.0468057896519701 0.148144675646545 -0.120892210695503
v 0.0468248898175123 0.039861565243609 -0.084530411496818
v 0.047253093321959 -0.149876875688374 -0.125891683646993
v 0.0477187398224672 0.14552174414985 -0.118358039939563
v 0.0486551595348494 -0.247059516720983 -0.291512634024494
v 0.0487450895933454 0.238653889118972 -0.257013843386777
v 0.0487577804726 0.116700013201321 -0.114193876691872
v 0.0490205379571817 -0.13526788541948 -0.111215843234999
v 0.049199886218499 -0.248375926004602 -0.296118720259234
v 0.0493532962971418 -0.0370852371246053 -0.0412208372762545
v 0.0495995442411913 -0.267644007745013 -0.46336580163717
v 0.0498902436694043 -0.237332564804557 -0.25214534963657
v 0.0502027333032247 -0.272210530497628 -0.461881486180569
v 0.0502258924734463 -0.266417601715162 -0.463764417413862
v 0.050249010277986 0.138554843413135 -0.111349498248095
v 0.0503807907301889 0.138195203451384 -0.110984641297247
v 0.0506085781464359 0.0393980191350171 -0.0340826594766104
v 0.0508493822723373 0.134379922642645 -0.107113982548223
v 0.0508725648116501 -0.277271884603109 -0.460227374224182
v 0.0512323176515985 0.130957888353474 -0.103861501302989
v 0.0516345760284937 -0.0367041016829754 -0.0841880884856837
v 0.0516600312973937 -0.280080336720933 -0.45640171211933
v 0.0518668505555189 0.125411462446789 -0.0985084824966209
v 0.0518824966917958 -0.155193497460321 -0.131236609959114
v 0.0520639146577366 0.121064804834897 -0.0960750938336968
v 0.0520785764351872 0.120752973283745 -0.0958974445639069
v 0.0521681287544212 -0.246786116990004 -0.432914242734825
v 0.052490432745817 0.11783993052487 -0.0942379233741249
v 0.0526250485899486 -0.283539620629961 -0.451724016421262
v 0.0528558558331522 0.113168682350243 -0.0931379374974777
v 0.0529013551003031 0.165876467597374 -0.463577883219987
v 0.0531702981311268 0.109277061165812 -0.0921685778757454
v 0.0534411131571452 0.101154589504684 -0.0921852437297797
v 0.0535089264510237 -0.133768220692015 -0.109674440016875
v 0.0535548410362285 0.0438582652515309 -0.0898808268161288
v 0.0537156633200137 -0.284155149188807 -0.444465326294116
v 0.0538978405832156 -0.0123812766593426 -0.463582537342686
v 0.0540163115447197 -0.257775737818907 -0.463703354533119
v 0.0541698834835296 0.0413510512782467 -0.0884849948528586
v 0.0543037114133601 0.232907840906206 -0.329430569105403
v 0.0544597689093122 -0.284586969913049 -0.439519960023721
v 0.0549196488838989 -0.283771761281581 -0.435815699978031
v 0.0552141931199147 -0.283213925644563 -0.433421812375889
v 0.0557631892106873 0.217738866215359 -0.173612977043278
v 0.0564215166463948 -0.010898054764614 -0.463582474722075
v 0.0564498244329262 0.042980052148941 -0.0893922249850636
v 0.0568034542293237 -0.251386366363824 -0.463587706874654
v 0.0568749866595447 -0.0977870782485367 -0.134651653740177
v 0.0571058030404423 -0.0806712994290012 -0.0920589103032615
v 0.0576797115645875 -0.280854752570739 -0.42329939907658
v 0.0583234478618364 0.253361498553145 -0.317075467052229
v 0.0583287857391576 -0.1321860298511 -0.10799804153617
v 0.0590187859200502 -0.131849584770736 -0.107641542029512
v 0.059404355949425 -0.279109582595378 -0.416187317204206
v 0.0599921615101781 -0.265122046688173 -0.361899061269085
v 0.060195401895521 -0.232807094093502 -0.234748741672681
v 0.0603315074932254 -0.272033471451396 -0.386307895920441
v 0.0615451048916701 -0.276940050679453 -0.407358211693652
v 0.0622282100695541 -0.23216765184328 -0.232323234084987
v 0.0624216177527646 0.00402492489913836 -0.0242215874567896
v 0.0633653678847454 0.254734806982386 -0.322591831398966
v 0.0634028026828163 -0.276231721168492 -0.404476075428327
v 0.0643812409203293 -0.0375309972769889 -0.0880476480829287
v 0.0644039445192267 -0.234118024561169 -0.463587279264734
v 0.0646500454818111 0.0786692231565869 -0.0922320912114512
v 0.0647501895501594 -0.231278659880104 -0.229342162497601
v 0.0653959532594148 -0.128743635678036 -0.104335051639608
v 0.0670994828280014 -0.274867282043076 -0.398726125302206
v 0.0675060189821161 -0.126656915712141 -0.106692852736593
v 0.0683324746886196 -0.126700677982432 -0.102160017533435
v 0.068465952616101 -0.231678158770395 -0.230731209110192
v 0.0690782166169458 -0.0190224773332042 -0.418697036571991
v 0.0693382041802694 -0.274086642676864 -0.39522903219399
v 0.0695278695784759 -0.247419835215362 -0.292818964869239
v 0.0699665849410808 -0.0393181668921679 -0.089318312563173
v 0.0701447010541583 -0.125375076988441 -0.1012284906737
v 0.0702787813395386 0.0393941709544773 -0.0489109582459424
v 0.0704398876666031 -0.128847471103664 -0.104446298002157
v 0.0704479573679936 -0.126700095725028 -0.102159681863422
v 0.0706106513159818 -0.147407351749726 -0.123402504884855
v 0.0706357382490647 -0.131690680269009 -0.107473895151713
v 0.0706951860305031 -0.132516480857931 -0.108349032349002
v 0.0708241271901748 0.217223150666683 -0.170974643570516
v 0.0713867145670105 -0.122323488179924 -0.0990839751448879
v 0.0715371937419608 -0.133804724644883 -0.109714289342269
v 0.0718246768922792 0.0642768032548906 -0.092262254760837
v 0.0720980628950843 0.21696813243954 -0.169668291850282
v 0.072723856717026 -0.135632667375014 -0.111593962187295
v 0.0728125385722558 -0.118847247387583 -0.0966173754845815
v 0.0730001447585581 -0.2394766111314 -0.261970085846821
v 0.0734296464274903 -0.116222059600365 -0.0957455075280681
v 0.0742738030612881 -0.272358903534837 -0.387521350250901
v 0.0743549090686403 -0.122295408777538 -0.0990643449989976
v 0.0744299382547145 -0.246158242241438 -0.288416610785135
v 0.074707437926307 -0.227897958354333 -0.217534376654033
v 0.0751183220318996 0.058513948914235 -0.0923245192190141
v 0.0757255560857198 0.0574489999326681 -0.0922765978649766
v 0.0766839536618598 0.0923185159836061 -0.092204934943058
v 0.0769788420007651 -0.227552412422954 -0.300303063438491
v 0.0771152090320389 0.239067833958145 -0.25897587337557
v 0.0774228959835624 -0.248475098165129 -0.296527711755904
v 0.0775337011378063 0.215512109704454 -0.164348448748539
v 0.0776226744960593 0.0541284276353904 -0.0922835733609034
v 0.0776609819701016 -0.143244570247685 -0.119390247171636
v 0.0776700752942343 -0.275985980316391 -0.403481753497267
v 0.0778715417319294 -0.11972553662481 -0.0972411125643398
v 0.0780237464356141 0.0394000567773597 -0.0285996812639227
v 0.0780534147307577 0.0393880176197084 -0.0711391690660402
v 0.0781077410880653 -0.112376717524038 -0.0944687923124368
v 0.0781343051642032 -0.0956027157584089 -0.0919112904405448
v 0.0782578970496264 -0.0370834292143967 -0.0334577109178095
v 0.0786955604174656 -0.226544473912179 -0.212804901155894
v 0.0787258168413632 -0.118847292629744 -0.096617995302189
v 0.079090482620883 -0.0375312563633822 -0.0880488983336166
v 0.0791034606355751 -0.0963207202852549 -0.0919780610113934
v 0.0793126184971639 0.0511581168080269 -0.0919935160998944
v 0.0793802445305519 -0.118847297636734 -0.096618063897947
v 0.0796881410003148 -0.146411627920119 -0.12244202614252
v 0.0797337144455066 -0.22612868773162 -0.211352266084684
v 0.0799453177436159 0.158093608685299 -0.463577831607598
v 0.0802715365388328 0.0389859899016557 -0.077455753587684
v 0.0802906138401189 -0.147442561957314 -0.123435440796586
v 0.0815838885614851 0.0471712142472191 -0.0917275837745493
v 0.0816318507166158 0.214425467822487 -0.160329926240523
v 0.0817008212287117 0.0387297506502094 -0.0815261297792929
v 0.0820280364828274 -0.0370856766835309 -0.0520986689161678
v 0.0823096080407357 -0.0756515013979695 -0.0921061509449816
v 0.0823998279896624 0.253360218760983 -0.317075936441722
v 0.082509264677697 -0.0747688362394421 -0.0921147706975286
v 0.0826060631704817 0.0397265776581656 -0.0841770265078787
v 0.0827052914097028 -0.244207182324479 -0.280843735038009
v 0.0831101510973627 -0.112314038911513 -0.0944484858396206
v 0.0832993648444029 -0.108109703769853 -0.0930514520438339
v 0.0835745404644542 0.043603813011702 -0.0897427721210858
v 0.0840782879157319 0.0413508086284094 -0.0884884594330809
v 0.0842563898996157 0.0423818700198487 -0.0890625303059468
v 0.0843782243410201 0.0774473179703778 -0.0922359376849229
v 0.0844069891825161 0.201787112465498 -0.249517909054833
v 0.0845403332412614 -0.154665563066595 -0.130697415954299
v 0.0846845959814974 -0.1549075959507 -0.13096036771243
v 0.0852263458268752 0.212689000855001 -0.157346332274441
v 0.0852940983018282 -0.0011117703669799 -0.463581946213451
v 0.0853517128968385 -0.156045599023182 -0.132078813060056
v 0.0855023835716739 0.0413507970745807 -0.0884886243998766
v 0.0859329594983841 -0.108108407535108 -0.0930512955702174
v 0.085951007523815 -0.223689229213696 -0.202625872070016
v 0.0862504470242224 -0.0584323926414875 -0.092178180396396
v 0.086856544777528 -0.219295236871566 -0.46358680186921
v 0.0870613283870852 -0.0955937108703023 -0.0919107180677605
v 0.0871500707566433 -0.0961332440371276 -0.0919608727984833
v 0.087954336138982 -0.0512134627797162 -0.0921000819939949
v 0.0883116403933809 -0.103137024984734 -0.0925985889136787
v 0.0884110579533501 0.0397046778109604 -0.0841196947374278
v 0.0889583337794629 -0.0475647152953621 -0.0917617200611008
v 0.0890835405548105 -0.222498711528547 -0.198208668632413
v 0.0897502574402071 -0.037087927812399 -0.0716635182215613
v 0.0901352922790089 0.0387295852395425 -0.0815270036317429
v 0.0903711581605038 0.210241984672612 -0.153049386301241
v 0.0904730466378019 -0.0420477231389873 -0.091257132435015
v 0.0904804646380562 -0.164789911417278 -0.14070116005431
v 0.0905550237068766 0.210086801842876 -0.152942602570382
v 0.0908003989897644 -0.210687332220755 -0.157642901822932
v 0.0909152628609418 0.0389756036988263 -0.077618537802775
v 0.0909377180445559 -0.212005382416706 -0.16138335762396
v 0.090975645250737 -0.204705498015157 -0.15140355523828
v 0.0910459791825746 -0.213076075586773 -0.164404686254527
v 0.0910889656031993 -0.0367108392555303 -0.0752554112038054
v 0.0912912075614371 -0.207348788570588 -0.154160716861001
v 0.0913940439480196 -0.208210323578821 -0.15505931774396
v 0.0914066090959599 -0.0404086937282119 -0.0900949760587316
v 0.0914308508042025 -0.214565920397041 -0.169831449574264
v 0.0914694214451922 -0.200426289506044 -0.150037345289933
v 0.0916393494408199 -0.112207170758538 -0.0944138629410611
v 0.0916645877774492 -0.166867665823759 -0.14238591614127
v 0.0918877407959841 -0.216391867935158 -0.176405176337834
v 0.0921810484740797 -0.19432956318692 -0.148115921423137
v 0.0921921946947338 -0.217833866881614 -0.181302405522054
v 0.0922043662003756 0.0393882696643218 -0.0711346717571692
v 0.0923695611859978 -0.218668403887933 -0.184142706221984
v 0.0929306129408159 -0.250305326109285 -0.303858894214003
v 0.0929403151031718 -0.190752239887728 -0.148042015391982
v 0.0929858968030076 -0.221001954418368 -0.192713188064541
v 0.0930477068148662 -0.037531502203851 -0.0880500846645985
v 0.0933823175258243 -0.0360908222825639 -0.0813949375372854
v 0.0935169879964474 -0.170127108513247 -0.144974312707929
v 0.0941104955207113 0.0585737591576014 -0.0923224944743651
v 0.0941198208240713 -0.269388604053131 -0.374088363348179
v 0.0941874097886887 0.0261398595876448 -0.116434831732182
v 0.0944346980982353 -0.0366171351598995 -0.0837822926131962
v 0.0946274498191954 -0.269308421144492 -0.373749202437092
v 0.0946406824519713 -0.172222290943283 -0.145931456176897
v 0.0946592747057895 0.0575761605915939 -0.0922776087739357
v 0.0948270084453215 -0.0368083725744418 -0.0846748917734322
v 0.0950085766359478 0.0393913031489103 -0.0605921250178574
v 0.0950214188679249 -0.269027006876887 -0.372477333985289
v 0.0953016183518605 -0.250586407927373 -0.304979533566496
v 0.0953113573780285 -0.179170107185775 -0.147533892305949
v 0.0957272291599994 0.206514008460488 -0.150484153292342
v 0.0958140837546127 -0.0366143323554047 -0.0837692144026945
v 0.0959338403829433 0.190728015683771 -0.160053992288747
v 0.0959343207571143 0.0551019515292924 -0.0922901011484703
v 0.0959348505316712 0.0551107346783501 -0.0922827789298922
v 0.0959428203410944 0.0552428663996818 -0.0921726251185051
v 0.0960532893624162 0.193047547340894 -0.147732726406447
v 0.0961062297311174 -0.175223746641467 -0.147320653428207
v 0.0961228083276476 -0.174982851306788 -0.147209157234788
v 0.0961821405955489 0.0575863883040619 -0.0922776900827796
v 0.0962780292822188 0.192310204576898 -0.147745321656603
v 0.0962836697070825 0.0585806029281178 -0.0923222627935199
v 0.0963733338389525 0.0544646581961559 -0.0922841408011426
v 0.0970434203633722 0.195541771001171 -0.147690302983531
v 0.0980812468806077 0.0765985931880573 -0.0922386094121542
v 0.098198406527883 0.186029495789108 -0.147762914024134
v 0.0982189963941212 0.198427694966763 -0.148100281167268
v 0.0982737662279269 0.185793314197298 -0.1477168336466
v 0.0984090619934201 -0.0360910667867847 -0.0813947231147847
v 0.0990430334426088 0.0862271073032838 -0.0922189406996759
v 0.099092318859334 0.0508721021465309 -0.0919757833433313
v 0.0991190143790161 0.204158780782217 -0.148879568665
v 0.0992184195988258 -0.108101868535279 -0.0930505062217176
v 0.0992691082088689 0.17969227176299 -0.1465265973589
v 0.0997346805604137 -0.250605521641385 -0.305063188560862
v 0.0997479284031433 0.176776024113635 -0.145935034606363
v 0.0998762246465826 0.0545274708641806 -0.0922842468070788
v 0.100082219222095 0.203006182658365 -0.148722873186053
v 0.100428087163516 0.0393977513381567 -0.0381482485794992
v 0.100809841884372 0.17163421116827 -0.143278872532219
v 0.101298997032385 0.169273544222384 -0.142047405547764
v 0.101459405860894 -0.0370840155637151 -0.0433521306828318
v 0.101831837310809 0.0471691829799616 -0.0917288363246268
v 0.102241493187137 0.165786945992838 -0.138597956557542
v 0.102565294677221 -0.262017735119737 -0.348095526296614
v 0.103195930384796 -0.144197770031509 -0.120306189168238
v 0.103586409401435 0.160846351073003 -0.133640519112919
v 0.104073267322209 0.198367992627429 -0.14809231518351
v 0.104121717086558 -0.244227907240384 -0.280813909775883
v 0.104316102776228 -0.143114634079931 -0.119262292211275
v 0.104329223496896 -0.0367299703893504 -0.0750718134596079
v 0.104981915332261 0.0394031208921414 -0.0194612812641656
v 0.105235802004159 0.158790539203081 -0.131577630590675
v 0.105891086504354 0.258614182093524 -0.335937752277499
v 0.105943763877139 0.127991089015073 -0.149483432187194
v 0.10624673855124 0.0434116394824894 -0.0896385071400086
v 0.106447685437576 -0.0370799815197516 -0.0125549106458255
v 0.106523489082004 0.195542768905494 -0.147691275883418
v 0.106541841272341 -0.188217466199812 -0.188265097763878
v 0.107053367360045 -0.210855778267979 -0.463586478705537
v 0.107511094117877 -0.0370874200212684 -0.0716665304066445
v 0.108324958837124 0.239384264478413 -0.260480562110642
v 0.108340904552244 0.0416297057630818 -0.0886466572063176
v 0.108445331024076 0.161550946073891 -0.463577472191119
v 0.108509395030977 0.0413506104164258 -0.0884912895248938
v 0.108600411034382 0.186032519702354 -0.147762279971044
v 0.10864672409509 0.192453229079669 -0.147744174617941
v 0.108714044070423 0.192357531862959 -0.147744440378667
v 0.109070042107262 0.239491562280029 -0.260985762855255
v 0.109296414979808 0.153692644299393 -0.126522106043544
v 0.109808522375816 0.179576103472104 -0.146502696532934
v 0.110354737180683 0.176777308518655 -0.145934956368493
v 0.110990828819548 0.108527648225824 -0.0921740473876531
v 0.111308778582142 0.0433687327429651 -0.0896152278132308
v 0.111347689095093 -0.101811114940593 -0.0924775211838724
v 0.111359184276639 -0.0955692010792946 -0.0919091601653018
v 0.111441714765587 0.10928211521864 -0.0921725317420287
v 0.111568312838858 -0.136230463692456 -0.112213614869694
v 0.111905038547949 0.0396160447278127 -0.0838876615396715
v 0.11204271112582 0.00301691716833593 -0.46358158576201
v 0.113088688375157 0.171522572181137 -0.143220344940785
v 0.113159043913399 0.112555799141049 -0.0929880617101267
v 0.113519202694492 0.14845680662733 -0.121223430026408
v 0.113644072305014 0.0387291242025718 -0.0815294392563245
v 0.113692694978963 0.148128679953321 -0.120891344430001
v 0.114036220272742 -0.13389077742169 -0.10980822834982
v 0.114126594419399 0.240188298649626 -0.264419176468302
v 0.114130380840913 -0.269638867460934 -0.376415758459946
v 0.114222059275552 -0.0370863676645166 -0.0648574839859411
v 0.114272661697307 0.169269668622466 -0.142045076906546
v 0.11480892346756 0.145946321493859 -0.118782915382775
v 0.115868077151125 0.0389512546144418 -0.0780001639518899
v 0.115932459817595 0.117802832011944 -0.0942233399380078
v 0.116384733849925 -0.239330335630192 -0.387177602065425
v 0.11705534602405 -0.13105572159526 -0.106804003247906
v 0.117090627478645 0.120487898765397 -0.095753145077831
v 0.11721419146193 -0.182433074410585 -0.463585791157674
v 0.117327279656953 -0.0957991527188613 -0.091930011416423
v 0.117451448426522 0.166122574265567 -0.138931784626975
v 0.117542728785022 -0.0955829370688243 -0.0919110608684733
v 0.117791594967636 0.0471675819025602 -0.0917298236046687
v 0.118489183391049 -0.0946792079938788 -0.0919173388639535
v 0.118990951249322 0.138002505019715 -0.110791575762713
v 0.119227229782812 0.125408470579277 -0.0985078650863004
v 0.120198852248781 0.0393887682781025 -0.0711257748394802
v 0.120815329907209 0.134558009349327 -0.107297133660666
v 0.120852642441569 -0.127495326801855 -0.103013252861816
v 0.121231605541913 0.131744580411123 -0.104623123059289
v 0.121622019214467 0.132962379801109 -0.105780688122443
v 0.121653981721918 -0.250706850759055 -0.305478108055882
v 0.121885899770933 -0.12668593814145 -0.102151520050047
v 0.122969309988673 0.0505268406203016 -0.0919543773127342
v 0.123777329096582 0.188154045884502 -0.38196737087275
v 0.12380615518324 -0.0370790813507735 -0.00936139808104064
v 0.123921926385282 -0.269766194726261 -0.377767804474502
v 0.124158866797216 0.0513024114954365 -0.091988872540292
v 0.124274059061308 0.0394044672878868 -0.0159120523740026
v 0.126223114709946 0.050479790572076 -0.0919514602348225
v 0.126806342771954 0.0393917826214406 -0.0608889972520398
v 0.126932301600135 0.169265886830611 -0.142042804629588
v 0.127354004068788 -0.121794032296381 -0.0987138356350276
v 0.128034200155717 0.242515730889609 -0.273799225008312
v 0.128458485279805 -0.268264795930661 -0.37281261356617
v 0.129524413444006 -0.0370787184254147 -0.00778395190649003
v 0.130656123101884 -0.118847689945612 -0.0966234385295697
v 0.13114427135732 0.171358411239982 -0.143134282313919
v 0.131247417545598 -0.0370836119884988 -0.0469034299155266
v 0.131824564604397 0.251077863369482 -0.307921539659781
v 0.13215289460123 -0.0816507475726125 -0.0920437766922767
v 0.132485602060231 0.250977971991755 -0.307520531117178
v 0.132573962512242 -0.243038024304264 -0.276075463406852
v 0.133794749222742 -0.171237347001944 -0.463585433197013
v 0.133798112816064 -0.0726259293272114 -0.0921319387442297
v 0.134574012265858 -0.0370859352539301 -0.0660438272039833
v 0.134793131853397 0.0471658763142248 -0.0917308753297896
v 0.135787938572283 -0.0370866115722593 -0.071671326075374
v 0.135938176132926 0.162939230163136 -0.463577176409677
v 0.136163951051627 -0.042051052644847 -0.0912633009197955
v 0.13616399951926 -0.0407000977378835 -0.0903053401039502
v 0.136167128281403 -0.0375322617029207 -0.0880537497132426
v 0.136240902609629 -0.0591318963192155 -0.0921842028582207
v 0.136481251846059 -0.036776427547653 -0.074625973210598
v 0.136503181629557 0.243937780829208 -0.2795104346308
v 0.137217918232439 -0.270378120285476 -0.381174181363863
v 0.137273311210636 -0.0944813612779598 -0.126495257785004
v 0.137548209534891 -0.111631947286663 -0.0942275033628204
v 0.13766473807515 -0.0511264470265138 -0.0920976097975771
v 0.138064291675691 -0.0360929956437413 -0.0813930315679851
v 0.138137861071733 -0.0481728090749235 -0.0918236697023371
v 0.138195519475399 -0.0478134713582335 -0.0917907991835418
v 0.138411443537333 -0.0365277778295443 -0.0833653409569476
v 0.138418371462349 -0.0365361575531192 -0.0834044532236432
v 0.139113302272496 -0.00136953002555126 -0.05725287938384
v 0.139316392752002 -0.0920794780328619 -0.0919412293955491
v 0.139599325705046 0.0113672954113839 -0.463581107238478
v 0.139745385831115 -0.265030654291773 -0.360466242544837
v 0.140939791678605 -0.108081333601386 -0.0930480273687302
v 0.141733361072549 0.244969028419045 -0.283013953828524
v 0.141758561196652 -0.0956367295853994 -0.091918504351641
v 0.141999269632279 0.176781140434287 -0.145934722952313
v 0.142525205939296 -0.096770032722123 -0.0920180475913108
v 0.142527672194431 0.0393901727191727 -0.0675615938668497
v 0.143258949926909 0.245423488676302 -0.284557912458558
v 0.144880685744414 -0.277266423706307 -0.460228849612917
v 0.145072555777964 -0.27776293705461 -0.459552497800073
v 0.145144292973339 -0.273305439288092 -0.461523344807234
v 0.14519673545415 0.179186044957875 -0.146422444679401
v 0.145605227685312 -0.266459209942561 -0.463748630143769
v 0.145688004122679 -0.279468115267059 -0.457229702231054
v 0.146080850066131 -0.102028878608141 -0.0924968427506053
v 0.147138940382044 -0.283536099230305 -0.451728913623575
v 0.147331945362316 -0.000868462493166928 -0.436394644789893
v 0.147691163486556 -0.256647950083941 -0.463679678171176
v 0.14779419534854 -0.256275281415501 -0.463677055103077
v 0.148058945621513 0.0393892644981962 -0.0711169206330798
v 0.148746506432321 0.248776777469343 -0.297295514593044
v 0.149036530314907 -0.250648428890254 -0.305256051340753
v 0.149159370247648 -0.21213962821772 -0.298698659061726
v 0.149192987423788 -0.251303849495115 -0.463587065058215
v 0.149440878838734 -0.284014892284231 -0.446082129087785
v 0.151414880857702 0.247828780769355 -0.292805656101778
v 0.151905144552451 0.0393962355106277 -0.0467272561265881
v 0.152111150700403 -0.284587652765605 -0.439522854724776
v 0.152686257001227 -0.284321003860653 -0.438311216887987
v 0.152692120039287 -0.284315960745409 -0.438288301262679
v 0.152698700082665 -0.284315997369789 -0.438288467667634
v 0.152913931508771 0.0430160801664157 -0.08942389389554
v 0.153146011355022 0.248189841558126 -0.294516932786279
v 0.153366617032946 -0.284587661544778 -0.439522891940836
v 0.154201169542279 0.186045776064394 -0.147759500381611
v 0.15425325092869 -0.232792908009278 -0.463586628064301
v 0.154620742997515 -0.0370803663295239 -0.0265089469570962
v 0.154991863428825 0.247826973736587 -0.292798706102345
v 0.155263539474604 0.0802388621477076 -0.0922350386219116
v 0.155506856846047 -0.037084579698146 -0.0600556267920052
v 0.155783186393065 -0.242660582106295 -0.274499652614641
v 0.156135603509603 0.188222405450336 -0.147753247258198
v 0.156194765585604 0.0394035962015044 -0.0209885156588801
v 0.156338957777703 0.248750943092731 -0.297176545058403
v 0.156878199362826 -0.258366534574556 -0.441857758780884
v 0.157054444140412 -0.28038023982825 -0.421401803417796
v 0.157131211560713 0.0394076148612705 -0.00684812824151694
v 0.157293434366488 -0.28400338669372 -0.446214759070867
v 0.157600638934497 -0.279866098506697 -0.419306539976873
v 0.158195979093274 -0.103719856990524 -0.421642427842688
v 0.15826568877648 -0.12284370244859 -0.46358421287543
v 0.158355313186003 -0.264074062870664 -0.357092647040558
v 0.158733147300566 -0.278798824992903 -0.414963206807245
v 0.159033554970633 -0.241134534564157 -0.268592949789149
v 0.159222964131839 0.0130375875076014 -0.463580878344243
v 0.159322467841919 0.0728054926674042 -0.092250549831667
v 0.159390883304218 0.150518112761539 -0.463577280034241
v 0.159403782166864 -0.278174392642057 -0.412384472000689
v 0.159965310729995 0.0389082243073571 -0.0786745831673586
v 0.160190163748626 0.0413501911252479 -0.0884972762089904
v 0.160437046650026 0.125406640210837 -0.0985074873662439
v 0.160467621491717 0.124127285817894 -0.0977912661624439
v 0.160528442419698 -0.283535600364086 -0.451729607395666
v 0.160757721277217 0.132188797520408 -0.105053183858383
v 0.16086820437906 0.134659957293276 -0.107401980786504
v 0.161036334552768 0.137664672262356 -0.110450327546266
v 0.161086728253329 -0.205161691340143 -0.463585980752531
v 0.161223211106526 -0.240160429504668 -0.264594311346351
v 0.161503381639944 0.146241825365717 -0.119078626730302
v 0.161526316493448 0.147103887860959 -0.119911587237963
v 0.161540653484818 0.147026871989754 -0.119837174885688
v 0.161551654648991 0.147077054582971 -0.119934738296051
v 0.161579838603316 0.147126195711859 -0.11993315355273
v 0.161791370676835 0.120091321282952 -0.095531830666651
v 0.16181512377061 -0.0370782955849318 -0.0117495015253106
v 0.16189338342128 0.0394075337291342 -0.00743296798923269
v 0.162038195609679 -0.280356442495505 -0.421306636921168
v 0.162273671830206 0.148117062037999 -0.120890715248188
v 0.16234970449323 -0.150831344545607 -0.463584792295994
v 0.162553873121995 0.117775569561736 -0.0942126230609785
v 0.162665153700273 0.0394074677826477 -0.0077142984110415
v 0.162678625694524 0.193078023043536 -0.147739163848329
v 0.162750949612813 0.0394075190037812 -0.00753828523539957
v 0.1628271695221 -0.0975522705241005 -0.0920889783177727
v 0.163048152277843 -0.279908066801179 -0.419479581228114
v 0.164155343218108 -0.279347873376795 -0.457392321648462
v 0.164194062480382 0.112037111705834 -0.0928612207613526
v 0.164223689247897 0.245564950563531 -0.285038676182403
v 0.164321736301782 -0.24797977375784 -0.294986180396963
v 0.164470552512262 0.0387281274308789 -0.0815347051282436
v 0.164985035147145 0.109286759189654 -0.0921761647947564
v 0.165050395959376 -0.279018030098512 -0.415857956953378
v 0.165529597482844 -0.248784694201032 -0.297804502998683
v 0.165546750277935 0.152752757534731 -0.12558365290573
v 0.165928080002577 0.195549022035072 -0.147697372328655
v 0.165971061642683 -0.27726519857421 -0.460229180610949
v 0.166471161265288 0.274256738839525 -0.400709654110593
v 0.166641827907204 0.244968698852854 -0.28301303936501
v 0.166662451092487 0.0929406897742711 -0.111361705781369
v 0.166866506469177 0.275427197859919 -0.405434170699743
v 0.166978643136898 -0.273557242839784 -0.461440980622564
v 0.167001703301438 0.058803308496923 -0.0923147235847929
v 0.16707287986313 0.0394079192530051 -0.0833428083343098
v 0.167114385059245 0.276225248333477 -0.408532051105807
v 0.167191758090241 0.100630877390219 -0.092194055601253
v 0.167332226132503 0.277234183909246 -0.411904610140544
v 0.167371832568838 0.0580645050608225 -0.0922814910422664
v 0.167796463029249 0.279320871261988 -0.418957738168482
v 0.167836229184793 -0.27038926715688 -0.462470678113496
v 0.167894628100483 0.279611098124168 -0.419938724910023
v 0.167999975422032 -0.0961679911210755 -0.0919680775723184
v 0.168630028862071 0.0557603411181482 -0.0922863274632518
v 0.168785422323474 0.250983323261289 -0.307550478435611
v 0.168836373043221 -0.0979792251786762 -0.46358359975018
v 0.169195391540258 -0.251005790400551 -0.306694851407562
v 0.169363100000079 0.272920461407994 -0.395314921924275
v 0.169404457258884 0.282817497613697 -0.432956721411782
v 0.169550284049122 0.197700252592976 -0.148003219742223
v 0.169592380724799 0.0815363548967025 -0.274567074269504
v 0.169593572708995 0.158505850022238 -0.131287937807873
v 0.169822667033672 0.283712098852027 -0.436573223481992
v 0.170155425941626 0.251269001405481 -0.308698077511711
v 0.170185801361702 -0.17006745667572 -0.463585155696964
v 0.170591232042699 -0.276588578238187 -0.405820284544695
v 0.170653448469427 -0.266470136964268 -0.463744484140592
v 0.170766197528085 0.0393923961408184 -0.0614737601952885
v 0.170949192988102 0.250983642241382 -0.307552263544425
v 0.171038306497607 0.0404458713228759 -0.0860984112542134
v 0.171496001901911 0.284437617644644 -0.439506237788151
v 0.171499653313519 0.0498250913792015 -0.0919108692338278
v 0.1715292480284 -0.235389921584533 -0.245841105103996
v 0.172766659549311 -0.274711366318715 -0.398067657334029
v 0.172778404214784 0.0471620656447603 -0.0917332251211897
v 0.172791059523988 0.22758594924371 -0.307435263987305
v 0.172827528535891 0.042847289023829 -0.089332315178326
v 0.172844122184861 0.041350088462434 -0.088498742039581
v 0.172934192008828 0.271400018636869 -0.388433065779534
v 0.173107712383139 0.0380757438120181 -0.463580092267106
v 0.173288581244154 0.245626116920512 -0.285246552424775
v 0.173620113959109 -0.0370855299315991 -0.0716777422998138
v 0.173755504056048 0.284482402143854 -0.443322089144798
v 0.174323203669023 0.253736192305832 -0.31860725674646
v 0.174343912901689 0.273765077182629 -0.462587982331292
v 0.175083757772834 -0.0807636074690521 -0.463583182658672
v 0.175165539913406 0.271326076027201 -0.463573970619572
v 0.175227902047751 -0.271458778410707 -0.398851143145416
v 0.175383937366022 0.166720089183978 -0.139529675775362
v 0.175405096145942 0.277365442110024 -0.461132480866585
v 0.175405783745977 0.270417659588415 -0.38355124122293
v 0.175476426499149 -0.255832362687697 -0.463669291791814
v 0.175904432136556 0.25466187338716 -0.32236364787336
v 0.176096910292604 0.269241022660223 -0.444911760465447
v 0.17628785899156 0.280359557780382 -0.459920374401105
v 0.176384699828845 -0.273663999088181 -0.393738319439135
v 0.176473926920941 -0.253588591650125 -0.463628679696463
v 0.176665561980883 -0.0370778486440778 -0.0115750597923742
v 0.17693723644795 -0.251279069972209 -0.463586872323016
v 0.176994117098168 -0.254014208761775 -0.318737817895219
v 0.177163478485619 0.169250881359909 -0.142033788642822
v 0.177249611930658 -0.0368353346292723 -0.074060653485993
v 0.177280595074973 -0.273203785635625 -0.391837119763725
v 0.177482671512674 0.0394078259619607 -0.00736524550303559
v 0.177694550994638 -0.0368058753880913 -0.0743525119749688
v 0.177862061753391 0.283226660537607 -0.454153380120926
v 0.178244613954484 0.170930176018935 -0.142909776729458
v 0.178348627791667 0.248676052115051 -0.296831665640668
v 0.178454371979503 -0.232134435325688 -0.233043633755764
v 0.178569991437034 0.28456819549835 -0.451451314425793
v 0.178590471899204 0.284552276638277 -0.451483376978338
v 0.178875758746366 0.268857432467092 -0.377004941312563
v 0.179100024263199 0.0393625458057364 -0.0832240248542696
v 0.179391103698551 0.258956729438065 -0.463574254344373
v 0.179537807377304 0.257208675626979 -0.331120349974226
v 0.179646315602322 -0.068190748356075 -0.463582810672431
v 0.179862969096692 0.257793811307181 -0.333132127147888
v 0.180336019648233 0.258645854101282 -0.336058089761521
v 0.18033820755022 0.204161992163551 -0.148882111747824
v 0.180426605084537 -0.271512690459815 -0.385232126254027
v 0.18070132022026 0.259149661709535 -0.338476818178818
v 0.18116604611695 0.247813750969954 -0.292747850233957
v 0.181296236481539 -0.0370838825353035 -0.0603779062127243
v 0.181558004233673 0.204162040393928 -0.148882149941309
v 0.1816194844185 0.204598775571692 -0.149179694705377
v 0.18164234061615 0.197576936799553 -0.147986765921176
v 0.181664836733605 0.195550678539686 -0.14769898732632
v 0.181790713768669 0.193299024283769 -0.147737391445965
v 0.181917761165586 -0.255924190774471 -0.326333172741864
v 0.182010800418084 0.176785985530687 -0.145934427819537
v 0.182127942178213 0.176980136157318 -0.145973806642196
v 0.182138782432752 0.178778859663575 -0.146338669108796
v 0.182159853155892 -0.230417663749212 -0.22618740372148
v 0.18216669136543 0.186053905777453 -0.147757795746173
v 0.182509449916079 -0.262839029037953 -0.352708534690711
v 0.182635157242998 0.261892280423237 -0.351203105409314
v 0.18283446991807 0.20595331657537 -0.150102538937427
v 0.183135623937534 0.266623965051466 -0.369508708038213
v 0.183439623324891 0.00385201419054644 -0.463580890111712
v 0.183451277657888 -0.229740919705868 -0.223824639339895
v 0.183467327976417 -0.221050507762242 -0.46358617071522
v 0.183670229084233 0.244004432630582 -0.463574605138079
v 0.183830399557301 0.0387277477597422 -0.0815367109030778
v 0.183899301364045 0.246668823761508 -0.288820504704336
v 0.184054200511768 -0.241020233058963 -0.268023486168
v 0.184424509470599 0.264716176585049 -0.362682952981058
v 0.184557962142515 0.144948316202185 -0.463577188237305
v 0.184591317517064 0.245702383378184 -0.285505746946443
v 0.184815787028697 0.039389919179537 -0.0711052389543399
v 0.184886912544097 0.265474391244008 -0.365620164441675
v 0.18498765395929 0.265657960402781 -0.3662410941976
v 0.185482984293553 -0.0957338580554926 -0.0919319444020101
v 0.185638901856662 -0.257502354277945 -0.33197428708714
v 0.18584024431277 0.243934503475241 -0.279499706819338
v 0.185935931898519 0.0695971738737917 -0.433320380153114
v 0.186717863655803 0.2102551159384 -0.153063111322644
v 0.186888187680308 0.242755345269556 -0.274764392399742
v 0.187248962131653 0.181665229635419 -0.165007367855859
v 0.187287768402006 0.228692765037889 -0.422928829824591
v 0.187668789374745 -0.267338107184669 -0.370294694816114
v 0.187930435550994 0.241588181518832 -0.270060399493152
v 0.188356387486136 0.251074775118051 -0.30792230736918
v 0.188750608184832 0.0388801354662104 -0.0791148229772279
v 0.188994404896884 -0.226837346113059 -0.21368264011792
v 0.191252911771398 -0.224201294731405 -0.204478713429544
v 0.191260251322752 -0.259699689783251 -0.340633637165554
v 0.191427713358645 -0.265293056806901 -0.362426152667527
v 0.191520009012085 -0.223894256731273 -0.203380279792375
v 0.191660304219601 -0.22373665712109 -0.202795550878325
v 0.191945910535581 0.213172717279768 -0.158185301675751
v 0.192445296354589 -0.264741210048423 -0.360294367974748
v 0.192530225983669 -0.174126214223431 -0.405876464108916
v 0.193102592823134 0.240177141700988 -0.2643734824606
v 0.193124678704717 0.0390172429676637 -0.0769604207289192
v 0.193784901186422 0.138359497742132 -0.437246881889814
v 0.194141825731803 0.214419715586955 -0.160328239678547
v 0.195149363567416 0.192429212947079 -0.147739040468609
v 0.19539424201574 0.23964425693675 -0.2617482287081
v 0.195904293908485 -0.0644796548099611 -0.249650552326042
v 0.196054549249982 0.193463963107807 -0.147736068657182
v 0.196093632984077 -0.218723844954345 -0.184387152957913
v 0.196609912517858 -0.21855001402761 -0.18374894164547
v 0.196704583364234 0.215171021426134 -0.163107591773943
v 0.196829860830009 0.24578496429691 -0.285786401409515
v 0.19697124107301 -0.263359357108883 -0.35499124095436
v 0.197199271087861 0.215317669945796 -0.163643446210374
v 0.197674525857843 -0.255332513339948 -0.355579995897146
v 0.197714320863804 -0.0444735185679601 -0.463582019673828
v 0.19782470034531 0.186058457636735 -0.147756841313884
v 0.197878886182536 0.195552385285757 -0.147700651306545
v 0.198275464025195 0.0519612206889945 -0.463579491480649
v 0.198528334492488 0.253518347403601 -0.317738033315252
v 0.198591824826653 -0.280181899506577 -0.420608632445413
v 0.199156985243017 -0.257721652902024 -0.333067614594575
v 0.199513987922677 0.197394680261538 -0.14796244773469
v 0.199735938237099 -0.0370847832672288 -0.0716821714659479
v 0.199799109760043 -0.217404992028231 -0.179852224234131
v 0.199904329804559 -0.256726971551194 -0.32920594243254
v 0.20053385347072 -0.255852069817613 -0.326079166413158
v 0.200810103249483 -0.0953504768706485 -0.0919394146494368
v 0.200860223565547 -0.189174124263059 -0.463585358075666
v 0.201121953965762 -0.255078729168072 -0.323008354163535
v 0.201567238573069 -0.284587998600097 -0.439524320762297
v 0.201952529708314 0.178720788145531 -0.146325009875847
v 0.201995682113467 0.178559991511925 -0.146293638493623
v 0.202323364514113 0.0394085259548863 -0.00642773302202242
v 0.202481655470608 0.176788464397758 -0.145934276822558
v 0.202574909399729 -0.216406611040163 -0.176461759144264
v 0.202642121210609 -0.0957719749841753 -0.0919372187921134
v 0.202697319967246 0.216947548130919 -0.16959902938541
v 0.20275526182287 -0.197713147746204 -0.149188628283749
v 0.202816611928533 -0.0368722769382715 -0.0737061253821452
v 0.202958889355861 0.233526817310698 -0.463574697215174
v 0.203052028710046 -0.194351916493927 -0.148129308422574
v 0.203256664749601 0.254644147127615 -0.322308188652046
v 0.203318573979539 -0.191835408736146 -0.148077287213596
v 0.203573414222977 -0.231725207933473 -0.231417663875555
v 0.203781749781049 -0.261156301548162 -0.346529427642344
v 0.204139783886999 -0.201700506591752 -0.150445376776009
v 0.20438984838687 0.237472415326744 -0.251534623119388
v 0.204642017371795 -0.179174597870071 -0.14752198159548
v 0.20496196972589 0.217439986055924 -0.172122892898124
v 0.204990824414417 -0.177955797308681 -0.147468500247585
v 0.205011048696011 -0.036727157383516 -0.0751438544649943
v 0.205186845566607 -0.204708368463571 -0.151405702758945
v 0.205329079388928 0.00312974052970377 -0.100712101831687
v 0.205517463514802 0.204162987743407 -0.148882900144395
v 0.205578815801391 0.202092680675782 -0.46357549486051
v 0.205623485058985 0.0388636708262688 -0.0793728752734976
v 0.205629318046281 0.170681194925308 -0.142779246490007
v 0.205770833878485 -0.175224124019033 -0.147320896627083
v 0.205820243247456 -0.248926270539727 -0.298388371680664
v 0.205894307286575 -0.248822183743088 -0.298024431994558
v 0.206115821303247 -0.206551697700981 -0.153328436047193
v 0.206376594753049 0.169242154577313 -0.142028545184755
v 0.206438097712502 -0.230186088261326 -0.225367602902597
v 0.206510947763021 -0.23014768942898 -0.225214206088435
v 0.206536023629629 -0.230132153772468 -0.225159971222207
v 0.206717705089464 -0.171575748010294 -0.145632279730735
v 0.206810608128072 -0.036096339510661 -0.0813900991020152
v 0.207045626188609 0.205797474205298 -0.149996470547457
v 0.207080269509116 -0.230141377505271 -0.225191453001369
v 0.207089914597235 -0.229789178858163 -0.223962113664827
v 0.207091644132616 -0.17013703905564 -0.144974994558551
v 0.207126066448257 -0.23617625550726 -0.248905665921607
v 0.207159003142337 -0.2405164785504 -0.265960687304379
v 0.207196871054844 0.236704283830266 -0.248450900229876
v 0.20725051254824 -0.223924807234213 -0.203492691704744
v 0.207259730439535 -0.180115421394931 -0.192937674405074
v 0.207271959748403 -0.0363878586101007 -0.0827124616681858
v 0.207879004024057 -0.147451302888615 -0.463584403500773
v 0.208045949434525 -0.166134937485227 -0.14179663109652
v 0.208198502305518 -0.210684377494251 -0.157638903981473
v 0.208224325029649 0.167139063207702 -0.139948010446159
v 0.208368238907939 -0.16477731102847 -0.14069583937065
v 0.20867672534191 0.244968324460536 -0.283012113687856
v 0.20891838177764 -0.119117676044124 -0.463583781075537
v 0.209061229673973 -0.238499728573163 -0.258329776561234
v 0.209074328370169 -0.243769177299903 -0.278505201524595
v 0.209079029235833 -0.244572494711544 -0.281605715462094
v 0.209084507177536 -0.240215199078047 -0.265072336110443
v 0.209086458668483 -0.240733202319949 -0.26706173403769
v 0.209131340753308 -0.0375335468836955 -0.0880599514983986
v 0.209377499324802 -0.214077640971406 -0.168077298196021
v 0.209570676123084 -0.244612099270419 -0.281756054880532
v 0.209627914868079 -0.159209579478458 -0.135206039046834
v 0.209661020614595 -0.212326828938057 -0.162300016782846
v 0.209899670086713 -0.000513831569790143 -0.463580754615085
v 0.209940137011205 -0.245239535776408 -0.284175856644485
v 0.210012594363416 -0.272289556952634 -0.388010695166006
v 0.210049200531909 -0.256175557492264 -0.327237231872139
v 0.210153396120611 -0.265983254482896 -0.365445998032799
v 0.210309370581193 -0.213057772071647 -0.164362670360837
v 0.210458549862756 -0.255813620362777 -0.325943749395841
v 0.210619048160582 -0.041184855662981 -0.0906552860027393
v 0.21061969732254 0.218692388734125 -0.178419446932304
v 0.210851150692444 -0.153807934366944 -0.129897858504655
v 0.210855442999781 -0.255508170802565 -0.324731145069539
v 0.210859707963885 -0.213575132580451 -0.166247243399972
v 0.210973751684914 -0.0420565040508274 -0.09127340059111
v 0.210989418532504 0.218791882973591 -0.178823933093871
v 0.211020369085389 0.218692364154867 -0.178419356793621
v 0.211112511776901 -0.15261944448074 -0.128607658424298
v 0.211219134585012 0.210258455260685 -0.153066601638853
v 0.211391698085653 0.210426085802116 -0.153360909036
v 0.211470565258462 -0.214068976028021 -0.168046169253076
v 0.211727431206662 0.217426433249399 -0.172055324605324
v 0.21200767091244 0.216946080686605 -0.169594091701462
v 0.212124084205956 -0.248948421456042 -0.298479723289506
v 0.212169371910708 -0.147922262001248 -0.123884156080784
v 0.21216973631313 0.000946701249522368 -0.00906994472175345
v 0.212196016139222 0.213264502780491 -0.158344496655801
v 0.212201145004194 0.146392719989151 -0.463576889568875
v 0.212380949239381 0.215126152876479 -0.162944362908225
v 0.212501964378625 -0.049092304465248 -0.0919173434274493
v 0.212534208369904 0.214418775249737 -0.160327963970609
v 0.212548724618014 -0.14625598973734 -0.122278386350218
v 0.212915919290212 -0.0509947233236718 -0.0920938674077876
v 0.212986436574617 0.219574734574538 -0.182006533663535
v 0.213334295246624 -0.0370779799197733 -0.0209174512601321
v 0.213412438283935 0.257421737440004 -0.331859654006227
v 0.214322621574678 -0.248497607961124 -0.297104181923986
v 0.21433874419486 -0.216408177937698 -0.176467772766217
v 0.214345535338839 -0.259907072641728 -0.341849712580175
v 0.214692799539683 -0.0602296536767885 -0.0921936541334453
v 0.21477197357551 -0.252524758949063 -0.312793279530298
v 0.214980915887076 -0.142575174445685 -0.118731058011362
v 0.215103293598416 -0.249093718190938 -0.299424659447032
v 0.215138150621082 -0.177843451773351 -0.147462450304369
v 0.215436070417253 -0.217342669832625 -0.179641490307493
v 0.215973671428719 -0.223959819821743 -0.204546755798991
v 0.216086224739638 0.158300187910626 -0.131078661047676
v 0.21612354048264 0.233952779366228 -0.238997253212246
v 0.216220560598434 -0.249858950855341 -0.302647902157328
v 0.216323626215988 0.233922468859014 -0.238893142092594
v 0.216373954790497 -0.0691758159210202 -0.0921595795660233
v 0.216619248464827 0.0394040101258858 -0.0233014046341873
v 0.21671032681772 0.0387288763777862 -0.0815119442424203
v 0.216745822460815 0.038727102246583 -0.0815401211018652
v 0.216829037288414 -0.218527050373643 -0.183672564551562
v 0.21715265261155 -0.250520258819155 -0.305362394636287
v 0.217187716439948 -0.255787550770703 -0.325851933623255
v 0.217942119551704 0.258661853318926 -0.336118878632638
v 0.218084339630017 -0.0783674860031842 -0.0920695370512224
v 0.218226684190148 -0.1378718814901 -0.113915045459965
v 0.218305221728525 -0.0822197977599547 -0.0920318361149447
v 0.218514376107879 -0.219875907475465 -0.274180127882164
v 0.218737256381674 -0.220060153188329 -0.189303816440549
v 0.218956951573206 0.0392121820843543 -0.0828303865664008
v 0.21910166536419 -0.0958085378529072 -0.0919422781407979
v 0.219457089476762 -0.099503336112108 -0.0922665682451164
v 0.21946064459151 -0.0997343670920486 -0.0922868435889004
v 0.219598738000606 -0.108042618281582 -0.0930433538895429
v 0.219653538087074 0.133071059334529 -0.105903438860004
v 0.219872194749659 -0.110600453834269 -0.0938933224850489
v 0.219894993212345 0.13285341602646 -0.105696622302851
v 0.219916409683361 0.22231500415508 -0.193030251566422
v 0.21997095552455 0.18745985608018 -0.463575741855501
v 0.220012027210654 0.134810498077539 -0.107556802629299
v 0.220059304003379 0.259098583757926 -0.338214809140314
v 0.220552595353124 -0.221395180611365 -0.194811676171531
v 0.220559826794485 0.137186403688455 -0.109967223719681
v 0.220753517223103 -0.118848379275732 -0.096632882352222
v 0.220832464541618 -0.134107020336459 -0.110044288655566
v 0.220836834393775 0.233220669600809 -0.236550644834659
v 0.220918575628696 0.259437530352814 -0.339841795358811
v 0.221051604038493 0.0388486159885035 -0.0796088315694795
v 0.221185374336601 -0.223980738299412 -0.20517651263139
v 0.221263978013419 -0.120905635008053 -0.0980927622895735
v 0.221556292988505 -0.281407568910959 -0.427117771264108
v 0.22179793425906 0.151812856589428 -0.124645185608902
v 0.222053627509161 -0.227395624515429 -0.217198805756534
v 0.222186896120117 -0.107342788147278 -0.463583433483264
v 0.222569493428864 0.223501102855338 -0.197132307988043
v 0.222654610391697 -0.229757642862815 -0.225492520842062
v 0.222676599760235 -0.126658196892629 -0.102135527285859
v 0.22270605281143 0.146629143840052 -0.119466217144085
v 0.222784907092032 -0.0187928724817387 -0.42245537883537
v 0.222835636926576 -0.230505627671089 -0.228595221108354
v 0.223018591081831 0.148102535172262 -0.120889928528759
v 0.22331592933301 -0.21851968295562 -0.183648060525374
v 0.223397794357745 -0.0169982005163421 -0.463581058486838
v 0.223447865582163 0.149971466783779 -0.122781733970835
v 0.223796034061723 -0.129595650539941 -0.105263604133163
v 0.223856185513116 -0.0365529403835063 -0.0768769729855579
v 0.22387567308093 -0.129805685667845 -0.105486191762165
v 0.224060275355383 -0.129592036069475 -0.105259790807033
v 0.224423090661656 -0.23309934880966 -0.239470130718907
v 0.22474649710216 0.0745256742052455 -0.463578651337729
v 0.226201442817482 -0.0370805271752585 -0.0439909868544936
v 0.226605213831477 -0.126657115595838 -0.102134903920822
v 0.226704091019293 0.261807687080049 -0.350842789562939
v 0.227040817750577 -0.237405613807925 -0.256788006581838
v 0.227282898692513 -0.0932006081359917 -0.11288267378458
v 0.228155941236465 -0.189824186871236 -0.4635851831009
v 0.228156288790729 -0.239247738728313 -0.264017321833962
v 0.228211619418566 0.125403629946573 -0.0985068661595171
v 0.228523686845717 0.226203455917727 -0.206303445149929
v 0.228686022691572 0.0413496354115832 -0.0885052107478836
v 0.228967905666497 -0.257946650701318 -0.335596205128415
v 0.229018678026257 0.226377854910024 -0.207109259052577
v 0.229087649614164 -0.27006771902116 -0.382733289040596
v 0.229334319616226 0.266265973159453 -0.368296503618935
v 0.229393005959352 0.266435663845145 -0.368870489857054
v 0.22945532049656 0.265464895759781 -0.365586812930007
v 0.229537231148919 0.264821899917473 -0.363095978631617
v 0.229543364515316 -0.243033383926376 -0.278747611636819
v 0.229616559958843 -0.245361562191733 -0.287535345301771
v 0.229625312587048 0.107182390165302 -0.121338827296911
v 0.229713399069136 -0.272833873371075 -0.393383060916169
v 0.229723397101662 0.263246290098447 -0.356690287856057
v 0.230188347757067 -0.274443566835012 -0.400459226314001
v 0.230203064313927 0.268823686876051 -0.37688473448385
v 0.230345954218691 -0.24521199876828 -0.287078991004379
v 0.230376023899927 -0.120819434187026 -0.0980324998000322
v 0.230413540884668 -0.245394588212939 -0.287766425224903
v 0.230474198792225 0.0423586657316316 -0.0890672094766014
v 0.230477263500353 -0.275661254176825 -0.405254063871058
v 0.230565584431722 -0.0394570531501285 -0.463581578403315
v 0.231036543191782 -0.175826651553283 -0.147353505367312
v 0.231132261440146 0.270515458202003 -0.383984916282119
v 0.231657336894226 -0.118848462700246 -0.0966340252680656
v 0.231681276143076 -0.276208978299526 -0.407490532672492
v 0.231726821905786 0.261798045603363 -0.350801722775626
v 0.231931989491388 0.271594045706986 -0.389341662244916
v 0.232039574234222 -0.175224214414958 -0.147320954882235
v 0.232518093255525 0.120755829649531 -0.0959049531350355
v 0.232706612352181 0.272819942878316 -0.394892208224084
v 0.232739644890875 0.253641794155901 -0.356708162108057
v 0.232892132625622 0.228646607945787 -0.217591426915724
v 0.233818424864623 -0.282291276355124 -0.453412306602749
v 0.233940930915133 -0.278893495464823 -0.458006838529107
v 0.233981347697651 -0.266435641060734 -0.369706267436596
v 0.233982080089538 0.119450857439479 -0.0951744127983282
v 0.233998610356982 -0.277261246879191 -0.460230248253596
v 0.234068793711016 0.275495276219796 -0.405690974170663
v 0.234198400994141 -0.283532855567931 -0.451733424577295
v 0.234240737501612 0.27558081736783 -0.406036219687435
v 0.2343203310342 -0.274333857488834 -0.461186952305881
v 0.234662042566286 -0.265921556396178 -0.367940969841414
v 0.234768300783797 0.229755126303447 -0.222665587775748
v 0.234885738961874 0.259738580602796 -0.341248768451621
v 0.235171782683804 -0.283889279078403 -0.447530127549731
v 0.23518246297544 -0.266498287065162 -0.463733803242276
v 0.235197650762179 -0.110408430725929 -0.0938311112797829
v 0.23530620289489 0.146598999750355 -0.463576666120081
v 0.235385291872477 0.25954108078 -0.34033279697843
v 0.235450294803109 0.276207853312095 -0.408470340487833
v 0.235697124943725 -0.147974038566977 -0.463584222142354
v 0.2358544616167 -0.254223004834238 -0.322625464207365
v 0.235918845449344 0.117732668483383 -0.0941957586347211
v 0.235972860421666 -0.260597200303856 -0.463692409596328
v 0.236101091034221 -0.265917933734381 -0.368087464482262
v 0.236193670929396 -0.108034450385042 -0.0930423679104866
v 0.236196671308683 0.230724796777005 -0.226488893151033
v 0.236464456222993 -0.0946725066414544 -0.463582967263717
v 0.236674776980037 -0.284456054561656 -0.441039268586623
v 0.236743313207112 0.276993768467728 -0.411097352765216
v 0.23680954453095 0.231132388195319 -0.228132043108979
v 0.236852352485309 0.212639442999685 -0.234105610387663
v 0.236923669720993 -0.243863228009886 -0.282963564133423
v 0.237045797504564 -0.284585863125599 -0.439437321194929
v 0.237283629476602 -0.256714147830668 -0.332153846774294
v 0.237639148957255 -0.254837752325615 -0.46365185863909
v 0.237645526072524 0.258670235977326 -0.336150728461327
v 0.237818610920751 -0.273057813456349 -0.395593334212101
v 0.238255725699501 -0.100458544478829 -0.0923525095897019
v 0.238328966306682 -0.248192280478542 -0.29923527718693
v 0.238452781565443 0.23071242508592 -0.226439021171434
v 0.238568558200005 0.017643699411429 -0.463580009022699
v 0.238616895372907 -0.0991216235341122 -0.092235223953095
v 0.238685407873917 -0.251223920156224 -0.46358644336759
v 0.23878711455053 -0.256694252145831 -0.332291286433442
v 0.238793197140582 -0.210351194123764 -0.463585555126934
v 0.238843489441092 -0.235558875170004 -0.251342721972595
v 0.238972849791132 0.0471554250407369 -0.0917373199487185
v 0.238999209717761 -0.17138952448122 -0.145546108046262
v 0.238999917208969 -0.250259162081668 -0.30700411450298
v 0.23919178852468 -0.22935018496871 -0.225812201305536
v 0.239383974095068 0.0475215889447226 -0.0917617861108555
v 0.239464592664114 -0.10050512231025 -0.0923567331127934
v 0.239742711697303 -0.28162630222468 -0.427927637971936
v 0.239970986023351 -0.037082387366829 -0.0618312087426262
v 0.240173991434348 -0.281115104623986 -0.426088364214733
v 0.240258481713091 -0.22405729300289 -0.207481214165173
v 0.240387353950917 -0.247681989736947 -0.426323732212381
v 0.240484094107224 0.0393909106956882 -0.0710875470293977
v 0.240618527417357 0.0471552599469232 -0.0917374217513092
v 0.240638969512692 -0.280590249936657 -0.42410447021507
v 0.240821416410807 0.257117763495435 -0.330820079033753
v 0.241125328681012 0.279625611260648 -0.419993431788037
v 0.241142696679621 -0.261254235814215 -0.3499391048031
v 0.241264223538127 -0.170140026977946 -0.144975199715188
v 0.241811176498825 -0.240415080177736 -0.463586187015148
v 0.242042223945992 0.111245912557865 -0.0926677392081392
v 0.242060836860602 -0.0370774530304312 -0.0232524367862856
v 0.242163756692293 0.229744929902445 -0.222621827234802
v 0.242295838915856 0.243930753252653 -0.279487431159987
v 0.242606457362328 -0.260725811057676 -0.347982660536641
v 0.242705607046302 0.03940062845905 -0.0368911339468567
v 0.243117656884953 -0.260540049354468 -0.347300517763086
v 0.243277404454766 -0.260478067382237 -0.347090972907497
v 0.243415807708324 -0.260594695116915 -0.347547140505433
v 0.243496648491195 -0.250171866013196 -0.306696607864704
v 0.24366155082078 -0.250240412706478 -0.306933779101781
v 0.243899613492854 0.109293603685136 -0.0921815193529361
v 0.243979035801608 -0.250354187805819 -0.307393523181542
v 0.244066768359226 -0.108030575307901 -0.0930419001346176
v 0.244306527954762 0.199796396988772 -0.148290174383826
v 0.244381608595534 0.236731243469274 -0.463574222458265
v 0.245246122718305 -0.110282526555932 -0.0937903211361838
v 0.245942263385357 0.254616483718526 -0.32222163959058
v 0.245979587223638 0.196920820235088 -0.147899221380142
v 0.246106018614508 0.2041645926021 -0.14888417102697
v 0.246559947409199 0.20554312842346 -0.149823359425222
v 0.246596935097345 0.0393917583263055 -0.0684753850079814
v 0.246772769631472 0.195557532022466 -0.147705669081741
v 0.246798587369065 0.228691814079104 -0.217803788949877
v 0.247320279385003 0.0394066662826451 -0.0158020938700173
v 0.247327053459749 0.221966465741908 -0.191624677644756
v 0.247408977447091 0.222330005505964 -0.193087249035002
v 0.247643810774367 0.194060511780844 -0.147731284411278
v 0.247711840399965 0.223394599907007 -0.196768702339896
v 0.24776726279591 0.104539908342732 -0.0921915254176441
v 0.247772657083036 0.219453895500952 -0.181516132148233
v 0.247912995110382 0.218690100972223 -0.178411057100435
v 0.247974561539275 0.283011886298738 -0.433741421247763
v 0.248109347076964 0.210263483094099 -0.153071856815493
v 0.248176349088997 0.28322096364511 -0.434590270273799
v 0.248184908434635 -0.0619286926531303 -0.463582000018792
v 0.248353622183763 0.21735306239636 -0.171689530017165
v 0.248495690448032 0.216940329653468 -0.169574740518094
v 0.248528175510536 0.226197937693559 -0.206283013700263
v 0.248620661962139 -0.269808096402219 -0.383109029158544
v 0.24863617396185 0.213429671209616 -0.158630968751855
v 0.248728478797902 0.215022119776726 -0.16256589725689
v 0.248765374281309 0.255101124079855 -0.46357370049938
v 0.248806043453045 0.2144169207996 -0.160327420243727
v 0.248858849948857 0.228227818272156 -0.215660741907827
v 0.249343555614821 0.284436272867907 -0.439503280899541
v 0.249404786427835 0.03939975943856 -0.0403810817455484
v 0.249516423621518 0.253059457287606 -0.315907014837942
v 0.249525779737798 -0.165873783579585 -0.141586602245607
v 0.249676801823409 -0.0367126704841293 -0.0753068874065145
v 0.24969943476783 -0.252448649130734 -0.315669499286663
v 0.249732670034194 -0.118848600993609 -0.09663591988713
v 0.250069967581093 -0.272812727039153 -0.394686346020653
v 0.250119971709279 0.284470073317927 -0.442381908472308
v 0.250169040241624 -0.273020021093873 -0.395436781234777
v 0.250289894917717 -0.273268684142798 -0.396442856616022
v 0.250420835996798 -0.12062980835748 -0.0978999334922687
v 0.250833511823794 0.0913499820537879 -0.463577964990963
v 0.251141576953434 -0.254257385345706 -0.322806149559119
v 0.251266029607642 -0.0958799870629646 -0.0919521648504421
v 0.251291351555082 -0.275350395522358 -0.404323292914292
v 0.251664705970293 -0.164772683302462 -0.140693885251097
v 0.251791595228306 -0.124155020854294 -0.100377387356079
v 0.251799922415111 0.271326084276986 -0.463573247388409
v 0.252208815225367 -0.182480701063228 -0.463584857022102
v 0.252264000116119 -0.266077277484335 -0.368750037136663
v 0.252290568139794 0.186074291129114 -0.147753521352647
v 0.252486689691242 0.0335911464584295 -0.463579460458985
v 0.252568449573892 0.284565913524474 -0.45145443901404
v 0.252678931937823 -0.265680480606339 -0.367104823436208
v 0.252724271796788 0.253482023080255 -0.436400140243076
v 0.252728975405249 0.232520476567819 -0.233727951801738
v 0.25283910236432 0.233221840946882 -0.236555406746895
v 0.252992250560764 0.067985434626681 -0.46357855587449
v 0.252999448513455 0.233822746334632 -0.238561243030443
v 0.253105645408203 -0.0369449406459505 -0.0730087860116533
v 0.253259400416555 0.283554109264692 -0.453492350049473
v 0.253303571890914 -0.257006171674093 -0.333554179596263
v 0.253501543454963 0.278120955893028 -0.460826321561524
v 0.253507726819059 0.0983639456872038 -0.455615851132679
v 0.253739538185626 0.236769098783725 -0.248687390236908
v 0.25384042861655 0.237399729157105 -0.251217884885557
v 0.2538455900305 0.237502269174901 -0.25170032329773
v 0.254062011177991 0.280358210585607 -0.45992061516483
v 0.254132206917152 0.104764957476136 -0.463577582901126
v 0.254220040384575 0.250995917915077 -0.307620961917172
v 0.254401585159401 0.212515580321675 -0.46357476141862
v 0.254422689966064 0.233221898909309 -0.236555642383481
v 0.254646288319283 0.281520986964101 -0.457581766381668
v 0.254683963247191 -0.250558489724639 -0.308230737956232
v 0.254715633245195 0.18190611017327 -0.14694015658921
v 0.255071882113394 -0.037083201185145 -0.0716915562774706
v 0.255231821425145 0.270557752343893 -0.384172464078702
v 0.255484294320016 -0.126649167027591 -0.102130321590068
v 0.255662223719884 -0.250192145266897 -0.306752711215862
v 0.255691686696511 0.233815426068281 -0.238536879532311
v 0.25581580978227 -0.0370776197305237 -0.0276864950056841
v 0.255891834635765 0.115982806990072 -0.463577272816681
v 0.256065472603931 0.184639889243666 -0.463575474991488
v 0.256084039809641 -0.260275359230863 -0.346337664578106
v 0.256297781144715 -0.260527198507308 -0.347321021204248
v 0.256303416781957 -0.0370782633218907 -0.0328905106513524
v 0.256330215881778 -0.249922725046712 -0.305818991009775
v 0.256412327546789 -0.260698229416005 -0.347892956605432
v 0.256724640294471 0.177956754042259 -0.146169526537864
v 0.256853458835897 0.243535491020089 -0.27790082078804
v 0.256936645349779 -0.261329076605592 -0.350321468426536
v 0.257315007934347 0.176795104305639 -0.145933872361164
v 0.257713406394721 -0.154113197362833 -0.463584202928695
v 0.257791389137296 -0.254272340681557 -0.322884746706264
v 0.258402395028541 0.249344523981046 -0.299948763185029
v 0.2596737109716 -0.129104891499961 -0.104745845228223
v 0.259797832246059 0.164663043652306 -0.373701551739624
v 0.260242676060825 -0.160498193972803 -0.136479684314438
v 0.260472146409457 -0.0934232404708982 -0.0919713676126729
v 0.260547433395984 0.0033086380082486 -0.463580176628478
v 0.260547853613547 0.170181876875346 -0.142517475189726
v 0.260577269014158 0.153621269329561 -0.463576243911823
v 0.260783902157689 0.0912691258330749 -0.0922196101068495
v 0.260852248674971 0.248395322016593 -0.295538879301154
v 0.260866166150527 0.0393957594259004 -0.0552318590543849
v 0.260897462897326 0.239760122381633 -0.262326791489181
v 0.260962778423442 0.0394056630141514 -0.0201999951639797
v 0.261014912400841 0.16922583256924 -0.142018738160924
v 0.261142130481902 0.0420987189614112 -0.0889261736888468
v 0.261609023135021 0.0939889432180322 -0.463577794258194
v 0.261660750967842 0.167820799203578 -0.140628706115235
v 0.261802217357604 0.0262953297702046 -0.12525331440914
v 0.26201675627732 -0.237700885373787 -0.336791809020774
v 0.262149391502883 0.236780810279541 -0.248730121915016
v 0.262224324005074 0.240167376865846 -0.264333489944129
v 0.262278890693188 -0.159482886432355 -0.13548220462546
v 0.262482586072627 0.247772671191303 -0.292589853963243
v 0.263604439567899 0.237385377281898 -0.251155344960455
v 0.263634742068046 0.0414846619782166 -0.0885845938881996
v 0.263763777329002 0.0393972638736464 -0.0500976650184769
v 0.264363623990093 -0.0956411902075785 -0.463582729309936
v 0.265164175188789 -0.131593844563154 -0.463583662337621
v 0.265506815568567 0.0420617231247572 -0.08890610136034
v 0.265526185502581 -0.0721985389347572 -0.463582105038569
v 0.265647322644582 0.24624931769876 -0.287364524499954
v 0.266042776877634 -0.246148385048569 -0.291682119044947
v 0.26613027848542 0.15807881603104 -0.13085339840987
v 0.266220585937928 -0.153325337049508 -0.12943156587336
v 0.266253565496892 0.0393958796385786 -0.0551444404945578
v 0.267028403156586 -0.125959434022297 -0.463583497338317
v 0.267182672635656 -0.151713035192598 -0.127681917537015
v 0.267577566377093 -0.24410017461332 -0.283993482730899
v 0.267761435109261 0.234435060150708 -0.46357406188507
v 0.268190789549174 -0.243342499419798 -0.280811982411882
v 0.268354828136175 -0.134203244454552 -0.110149331147993
v 0.268525250517875 -0.0819953529457113 -0.441085861301613
v 0.26876529699666 -0.256764963046998 -0.332658470053475
v 0.269072714340696 -0.0364613051115348 -0.0778040603227398
v 0.269374892622991 0.151017893266416 -0.123851434858303
v 0.269438831056145 0.150878367574872 -0.12371022350479
v 0.269440948672266 -0.148130583479936 -0.124079021669595
v 0.270021465753768 0.239776261384202 -0.262407380022022
v 0.270158486251407 0.243094366664694 -0.276129971525912
v 0.270337923289965 -0.0370814562474211 -0.0613384393088705
v 0.270436411552889 0.243928883935503 -0.279481312296373
v 0.270751291352522 0.240039529575844 -0.263704587971604
v 0.270783182141275 0.240166167754944 -0.264328537951909
v 0.271276839728329 0.24309891985788 -0.276148311800775
v 0.271349697666605 0.243535227546976 -0.277900477772356
v 0.271701143360058 -0.238705208966974 -0.263141158853314
v 0.271880578207769 0.0658339754388018 -0.0922724956883343
v 0.272049423854806 0.148090809675983 -0.120889293520774
v 0.272187176387215 0.0394063275999253 -0.0185433499464155
v 0.272586393803988 0.24392874111685 -0.279480844805951
v 0.272617004415063 -0.259858602665375 -0.344759210494088
v 0.272680426819095 0.0640005661298645 -0.0922763304639871
v 0.273116413555476 0.146948163641644 -0.119785460932072
v 0.273225686351739 -0.142291247679007 -0.118451460430459
v 0.273337567630668 -0.260437916548925 -0.347021919158154
v 0.273785144210378 -0.260836626649943 -0.348355218794023
v 0.274186338662081 -0.126644019548055 -0.102127354080317
v 0.274331438811083 0.239783885084823 -0.262445448226377
v 0.274421225887371 -0.261353207472136 -0.350343005676959
v 0.27442721563843 0.232906463052604 -0.28732931401319
v 0.274430786744334 -0.0370767399749204 -0.0249390698801366
v 0.274470052405218 -0.128902497171716 -0.104532315864071
v 0.274486630533694 -0.120695161821612 -0.0979466981960525
v 0.274599817287792 -0.120401072894023 -0.0977400258683041
v 0.274904468781602 -0.236221621633993 -0.253670049167979
v 0.275124449380533 -0.134216951702778 -0.110164294584879
v 0.275195976602692 -0.118848795811942 -0.0966385888983009
v 0.275429219394194 -0.13875219925761 -0.114827549016921
v 0.275586135353051 -0.138499465218057 -0.114567703920048
v 0.275753246635708 0.0184176975299452 -0.463579637846019
v 0.275789070246719 -0.138757737178229 -0.114833289412547
v 0.275817083457564 -0.235472168383438 -0.25102355917544
v 0.275895096868752 0.0591462360914972 -0.0923031145229827
v 0.276147083303806 0.0587950500127058 -0.0922872987696178
v 0.276875434160272 0.05770136157285 -0.0922896032306555
v 0.276917645347029 -0.161937831395807 -0.435355861197409
v 0.277036366922096 0.0388828116487974 -0.412400640566469
v 0.277537787038992 -0.0838227480579121 -0.463582295789184
v 0.2776126540843 -0.169354852763417 -0.463584396028655
v 0.277776404463653 0.0740549043456594 -0.4635781631883
v 0.278537374170797 -0.14226535470465 -0.118425962260359
v 0.27878794769593 0.0426953539283187 -0.463578974061323
v 0.279056261203809 -0.109858896232627 -0.0936530743577731
v 0.279120577975342 0.246340229972795 -0.287673493397966
v 0.2794465730548 -0.0369830012196794 -0.0726435261402208
v 0.279786673646231 0.0394064207177868 -0.0174217469389608
v 0.279848876400347 -0.10801296363344 -0.0930397741598235
v 0.281345727394868 -0.0370824500028758 -0.0716960122434969
v 0.282015810761258 0.04715110698569 -0.0917399826117254
v 0.28238693732364 -0.230661629877585 -0.231248695560435
v 0.282529610860765 -0.102164424132898 -0.0925071930923577
v 0.282688390551575 0.247646229332983 -0.292151944629118
v 0.282722584364441 0.136686928736751 -0.109462699120701
v 0.282891868398626 0.247762360757524 -0.29255019917103
v 0.282976023580402 -0.148179816397527 -0.12412507453719
v 0.282998717830653 -0.23044900165847 -0.230374961625309
v 0.283202326044086 0.136174748289788 -0.108943099257682
v 0.283628917856877 0.13497242431348 -0.107723333701711
v 0.283747925260109 0.048201980264449 -0.0918102372098533
v 0.28399047933374 0.0478747433842197 -0.091788413871909
v 0.284140512131045 0.248316080446066 -0.29517396502776
v 0.284165513499653 0.133575724915233 -0.106395912653009
v 0.284237486782962 0.243151687011616 -0.276360858043351
v 0.284737305690619 0.0471508339662544 -0.0917401509650103
v 0.284881099336049 0.239009991396216 -0.258809776217571
v 0.285377913459776 -0.0959557624501712 -0.0919626501903205
v 0.28547930022881 -0.151417258741486 -0.127379832863047
v 0.286298063945635 -0.148733097515549 -0.317231764235799
v 0.286471613988684 -0.22924377105364 -0.225415497583029
v 0.286891916454708 -0.153145166733321 -0.129257482661994
v 0.287171505394741 0.193377022355249 -0.463574952852434
v 0.287226891681419 0.237350655231041 -0.251004039683016
v 0.287250985982385 0.12540100766379 -0.0985063250177561
v 0.287733615781674 0.243047985181378 -0.275942879574305
v 0.287858855869173 0.236816613078114 -0.248860755412913
v 0.288460923299482 -0.228406760994547 -0.222536804021177
v 0.288490333930989 -0.26516753507427 -0.3649821252079
v 0.288593862345771 -0.257405678234067 -0.33522230462982
v 0.288927472430535 0.243170781520759 -0.276437770779492
v 0.288961370673967 0.12307074405606 -0.205378958427179
v 0.289928409334178 -0.204710498257204 -0.151407296160108
v 0.289960107829791 0.120590772468428 -0.0958134508957643
v 0.28997395393059 -0.0634683879525861 -0.0921943282297994
v 0.289993462592455 -0.202671447147071 -0.150756292649075
v 0.290035618107695 -0.205969142257228 -0.152720161962892
v 0.290100731676975 0.251001207397196 -0.307650563454588
v 0.290263839851913 -0.194369499745964 -0.148139838720621
v 0.290276387141982 -0.208796101672639 -0.15566874658489
v 0.290315507571885 -0.0660864530223089 -0.0921843302102154
v 0.290398545481834 -0.192689945792743 -0.148105113972707
v 0.290556124379531 -0.157960396236847 -0.133990078733238
v 0.290809265795303 -0.21068229831064 -0.157636090778142
v 0.290925668384601 -0.161279360330335 -0.137251776230872
v 0.290928052365251 0.23371961746429 -0.238218006880344
v 0.291067415225499 -0.0370816042640986 -0.0672039717995456
v 0.291207785909423 -0.0731198277615085 -0.0921154613852715
v 0.291232748049189 0.0393943218601241 -0.0622125389850081
v 0.291316350687321 -0.16476844515187 -0.140692095635003
v 0.291382286104581 -0.165610258149652 -0.141374666134221
v 0.291403662655877 0.233223252485786 -0.236561145123052
v 0.2915144277611 -0.153104877148528 -0.129218554272158
v 0.291598329265388 -0.176996927326789 -0.147416863937116
v 0.291722902243449 -0.170144438895755 -0.144975502646164
v 0.291727341391098 0.210269427868999 -0.153078070394903
v 0.291730925351433 -0.175224419824689 -0.147321087257394
v 0.291732629451294 -0.171085319220777 -0.145405342376917
v 0.291752124165692 -0.172782087083391 -0.146190675885197
v 0.291796919412108 -0.0613085519342087 -0.0922029430389578
v 0.291863374630345 -0.151314056178035 -0.12727442922927
v 0.29186585799419 0.176729960436605 -0.145897805137567
v 0.291877430452118 0.176799289555881 -0.145933617422063
v 0.291949894073196 -0.212549628266804 -0.162935366776465
v 0.291976035540033 0.213626113192394 -0.158971682451545
v 0.291989014664843 0.177568060511968 -0.146089555520378
v 0.292027990558876 0.214414711014913 -0.160326772332353
v 0.292159814304697 0.153621310156153 -0.463575945852972
v 0.292251152971991 -0.213045196354691 -0.164333802682522
v 0.292262792649868 -0.0813105685825145 -0.0920616646423569
v 0.292269434741276 0.214897497810171 -0.162112530647081
v 0.292473410251205 -0.148214362497823 -0.124157389237612
v 0.292530817021466 0.205247223131098 -0.149621962347329
v 0.29270535525698 0.204166435125204 -0.148885630115247
v 0.29276817140995 -0.0959721790063532 -0.0919649218140963
v 0.292772077227685 -0.213732401347304 -0.166837019514081
v 0.292842468122378 -0.0690990931230415 -0.46358176615651
v 0.292854072449858 -0.196027384864079 -0.463584869600999
v 0.292973132963973 0.118927498730833 -0.0948823467341487
v 0.293220783632214 0.186086189741609 -0.147751026455671
v 0.293267459522969 0.216933272983065 -0.169550996102143
v 0.293324134168249 -0.102580338788197 -0.0925449068522552
v 0.293390353992733 0.252664594225641 -0.314331470852001
v 0.293535035632225 0.217262553425654 -0.171238292362255
v 0.293554016193333 0.0418239901308955 -0.0887771177994513
v 0.293664876799713 -0.142191612411994 -0.11835334435653
v 0.293749199652409 -0.266486263714984 -0.37045065666226
v 0.293790002515307 -0.108006101919913 -0.0930389458552784
v 0.293904849247359 0.169878595845718 -0.142358477794215
v 0.294102783545994 0.169215948287967 -0.142012799223657
v 0.294144099909558 -0.109669850393857 -0.0935918277214591
v 0.294283248408845 -0.139042353123546 -0.115128311360364
v 0.294335051202058 0.194600422543212 -0.147726954394349
v 0.294340212795651 0.0413491027526582 -0.0885128161087466
v 0.294460017279253 0.19556255174458 -0.147710563024942
v 0.294493219508775 0.168239672196013 -0.141046939908916
v 0.294581583066246 0.196425173059931 -0.147833088002607
v 0.294662467610048 0.218687233120129 -0.178400539923423
v 0.294681401221968 0.197135596245878 -0.147929687875406
v 0.294729296468547 -0.136769541322617 -0.112791426590857
v 0.294757199534293 0.230403672061239 -0.225194395481761
v 0.294772312282716 0.218876471063436 -0.179169857705925
v 0.294787683244714 -0.216418893426863 -0.176508897919233
v 0.294831582792313 0.219290423962407 -0.180852715193503
v 0.294859721738198 -0.0370820636310742 -0.0716983041767495
v 0.294871288300805 -0.134256935449724 -0.110207942607007
v 0.295184404451615 -0.128619152306617 -0.104233382344517
v 0.295207664588188 0.117697998610355 -0.0941821298976476
v 0.295219586730436 -0.217024687072498 -0.178566275370127
v 0.295248199843325 0.222356109032101 -0.193186429097006
v 0.295271888162504 0.222974493275687 -0.195324823323802
v 0.295294112023225 -0.126638209924817 -0.102124004846291
v 0.29551254748026 0.223192116175388 -0.196077414167802
v 0.295532878124015 -0.0370062446683661 -0.0724204633156978
v 0.295607032143562 0.22967124559223 -0.222305591606789
v 0.295722522842331 -0.120201250089814 -0.0976003309152256
v 0.295795405346496 -0.217830823982684 -0.181309953477763
v 0.295812239775289 -0.118848953545818 -0.0966407498524001
v 0.295888621313893 -0.117869608032035 -0.0963154773975962
v 0.296173803637267 -0.134774241006791 -0.153894926373334
v 0.296264200227605 0.243927168251572 -0.279475696322654
v 0.296298922717937 -0.21846042169682 -0.183746896362589
v 0.296523065238884 -0.219243547230302 -0.186776281997443
v 0.296632718049761 -0.26726292616986 -0.373450839249511
v 0.296727349320474 0.228854119016688 -0.218566238736426
v 0.297215555952052 0.254583254851814 -0.32211767817287
v 0.29772200991522 -0.165967767807681 -0.463584183176115
v 0.297815029829897 -0.223254884541076 -0.204038575781655
v 0.297921149058017 0.259608374815538 -0.340629238470178
v 0.298119577988267 0.258695964184211 -0.336248482532004
v 0.298123296299689 -0.224260859013215 -0.208176770294125
v 0.298148769850377 -0.224361615519548 -0.208525715002485
v 0.298366614530478 -0.203111433453929 -0.202747277053455
v 0.298645728290244 0.15793498263426 -0.130707037045347
v 0.298737556952103 0.226184087470902 -0.206231732686942
v 0.298775708040015 0.256475032688409 -0.32862197333108
v 0.298836037244433 0.212512601010892 -0.463574342149923
v 0.29902920120128 0.255616314832025 -0.325669729404328
v 0.299217342276252 -0.259188071655818 -0.342219592649658
v 0.299509956752763 0.260000074813588 -0.34250919373518
v 0.299561285215094 -0.271822661199304 -0.391022421941243
v 0.299645532262816 0.226747824618519 -0.208836315925028
v 0.300153562667892 -0.272867068257929 -0.394803181737735
v 0.300500541649169 -0.0508414105040873 -0.0920895116516236
v 0.300523318532982 -0.273392201477968 -0.396927804630002
v 0.300647403226765 0.214903365279634 -0.200333014073163
v 0.300713251973603 -0.0676663103562808 -0.109102277812413
v 0.300999834178087 -0.0501865606952778 -0.0920288209382369
v 0.301271174574899 -0.228161465471832 -0.221685182363292
v 0.301631317034981 0.150478920721285 -0.123313284418067
v 0.301905343842753 -0.274141423882254 -0.399958812171275
v 0.301917443921452 0.149772173926171 -0.122597990503641
v 0.302124482758391 -0.229208540740679 -0.225284161410614
v 0.302887338367106 0.148083434931737 -0.120888894132862
v 0.302963254004043 0.0393954795433511 -0.0588566199175635
v 0.303418055829472 0.147139926282567 -0.119977358211103
v 0.303581140162856 0.244769215484847 -0.282336458911356
v 0.303812524596327 -0.230909287548046 -0.232288426782226
v 0.303823124736417 -0.230971343813579 -0.232543951303831
v 0.303859667585407 -0.0361010600419745 -0.0813859593447314
v 0.304128476105477 -0.0361910536932575 -0.0817941471246624
v 0.30458060526955 -0.235404715039693 -0.250775267216766
v 0.304820651074708 -0.236771435987164 -0.255600799411209
v 0.304915366751476 -0.0370756307399371 -0.0230632730888225
v 0.304989474598548 0.038887616916012 -0.0819807050342214
v 0.305242068258256 -0.239202052883836 -0.26485063552727
v 0.305428276529807 0.245810248172729 -0.35342671134198
v 0.305649763530795 -0.260268613011467 -0.346454738113047
v 0.305692454921949 0.0387253578903921 -0.0815493364079864
v 0.306015770065146 0.261655442868325 -0.350194322438503
v 0.306462390626705 0.0387652717041356 -0.0809150966343925
v 0.306627820076645 0.0394068056526006 -0.0132205783915022
v 0.306678847994573 0.110588987064545 -0.0925070932252418
v 0.307202058616781 -0.0420635162278879 -0.0912863918604749
v 0.307262493778565 -0.0418140766094037 -0.0911095195041071
v 0.30767229753608 0.262133439700296 -0.352136995851428
v 0.308226246037124 -0.218485804526385 -0.463585250763998
v 0.308248988283162 0.028280820983103 -0.463579073133867
v 0.308293143848815 -0.0375352935049311 -0.088068380016677
v 0.308770561592605 0.109299230134906 -0.0921859210144928
v 0.309528546781275 0.13647154403847 -0.109245136902303
v 0.310188943889196 -0.261126630584134 -0.349323864261159
v 0.310217853539194 0.135040102035999 -0.107792936034182
v 0.310219033095143 0.135270615317653 -0.108026796208926
v 0.310230478756247 0.133868657911671 -0.106679510461143
v 0.310290938183298 0.125399984325066 -0.0985061138386559
v 0.310340979221961 0.144304157269706 -0.463576018022289
v 0.310499124022729 0.173329879322385 -0.463575257167362
v 0.310755595752457 -0.0769893555749777 -0.0920961814524549
v 0.31100541489158 0.118767519355594 -0.0947930684901753
v 0.311092917926379 0.222364754720553 -0.193219278295701
v 0.311105692193304 0.222651595717516 -0.194211184774702
v 0.311118990192443 0.117688694265177 -0.0941784723568785
v 0.311319469183789 0.223125158076075 -0.195848816335713
v 0.311497307525555 0.21923253119027 -0.18061776881119
v 0.311504639136668 0.219180920237722 -0.180407953324112
v 0.311815239753393 -0.279989696632853 -0.422127186829663
v 0.311949198803672 0.039392183570853 -0.0710648347298035
v 0.312321856391093 0.198115473612562 -0.463574591532002
v 0.312466338136141 0.110530166699585 -0.0924927091658021
v 0.312511308799508 0.218686138180789 -0.178396524489404
v 0.312574019213973 0.225823115559131 -0.205005435191156
v 0.312693804238646 0.109299570409379 -0.0921861872166502
v 0.312962582054426 0.228268141493863 -0.215863247059492
v 0.313224121156412 -0.0703716666717806 -0.0921407159426019
v 0.313487905576806 0.106086804052722 -0.0921928259722851
v 0.313814515683266 0.22617992850241 -0.206216333936762
v 0.315195606518872 -0.284581159244459 -0.439245684336531
v 0.315197524533875 -0.0650468538097425 -0.0921926590310941
v 0.315226289171415 0.228914254080337 -0.21884873147587
v 0.315337513524866 -0.282535502753306 -0.431293980420398
v 0.315363941659505 -0.282231639575255 -0.430200403496731
v 0.315642737679574 -0.28415927067663 -0.444446865521116
v 0.315713267940924 -0.0636725334235599 -0.0921980284599913
v 0.315724244927886 -0.262073009799388 -0.352947646901665
v 0.316000894920342 -0.0616472319819374 -0.0922058589459404
v 0.316033673312623 -0.283770799966956 -0.448895888179901
v 0.316097787209002 -0.28370837429848 -0.449631982223981
v 0.316221074032637 0.0392771644451925 -0.0728718557062724
v 0.316240833600472 0.217217068385539 -0.171011524090834
v 0.316699042027061 0.0393968301610641 -0.0549270249532834
v 0.316985303295559 0.216929534712059 -0.169538417498268
v 0.317073094215654 0.264652481171334 -0.362374627572209
v 0.317205849750664 -0.264756227649233 -0.363280031149505
v 0.317323271555319 0.0393968580158371 -0.0547484747203721
v 0.317601763069496 -0.0370799408150611 -0.0600474293857262
v 0.317675486019416 -0.0508113465604784 -0.0920886575077363
v 0.317748431166799 0.229640718389313 -0.222174576073664
v 0.317766302448823 0.265028668010542 -0.363903752319751
v 0.317769168657422 -0.0503939097395999 -0.0920499446519439
v 0.318248640221511 -0.283529724023161 -0.451737779609324
v 0.318400877492496 -0.266729294890238 -0.371461212839937
v 0.318508019101946 0.265445922712868 -0.365520172853481
v 0.318666477098349 0.0393923032132541 -0.0710626999139694
v 0.319510855349428 0.266068818619378 -0.367627123989515
v 0.319626302368699 0.230267298913301 -0.224644656662262
v 0.319629462162359 -0.0420644218154103 -0.0912880696178014
v 0.319686657104646 -0.26905586674208 -0.380426356061811
v 0.31975623655801 -0.041895420197743 -0.0911682412983437
v 0.320042215707866 -0.0617037811515869 -0.0922063458128809
v 0.320152109771759 -0.279858733251283 -0.421666225836466
v 0.320603055670543 -0.037075114331677 -0.0225286335876894
v 0.320829970502515 0.214815752472814 -0.161815146425907
v 0.32154633359108 0.00147387199349736 -0.0145947701415905
v 0.321571582733269 0.214413200555946 -0.160326329464072
v 0.322094825059732 0.213762629427486 -0.159208459493135
v 0.322417183536608 -0.27136543263379 -0.389330361995779
v 0.322470256982771 -0.242438518794056 -0.277076853924612
v 0.322482047384423 0.240896336978661 -0.267270839076977
v 0.322549657278323 -0.265482052155334 -0.463711970146345
v 0.322635020152419 0.0908464060194099 -0.113903418521006
v 0.323032964895482 -0.0375355531299444 -0.0880696328665368
v 0.323048356730346 -0.266536617633098 -0.463719259603515
v 0.32330493617805 -0.278311641367769 -0.458793758745277
v 0.323318620490093 -0.164409014913572 -0.463583972010512
v 0.323822483753712 0.268762135960666 -0.376665480942438
v 0.323998231710592 -0.272794103476529 -0.394500928768631
v 0.324114713563271 -0.275369406716242 -0.460848227267146
v 0.32433893466362 -0.277255999043331 -0.460231666078945
v 0.324349868196261 0.186451527736338 -0.463574783167328
v 0.324532362457617 -0.0378062990542587 -0.463580648412706
v 0.324711742515925 0.0393936211711846 -0.0667845119513641
v 0.324837303888866 -0.242844767614125 -0.278785761165546
v 0.324969423466655 0.210273958492156 -0.153082805878962
v 0.325411885256688 0.186095547851245 -0.147749064250461
v 0.325447215678119 0.177199275115906 -0.146013680464431
v 0.325450404133755 0.176803354991288 -0.145933369781328
v 0.325462948377104 0.17673072786615 -0.145895852171363
v 0.325700643738648 0.1996280892122 -0.444034845344936
v 0.325956649512675 0.169587181622069 -0.142205701662348
v 0.325983857194058 0.169206424511177 -0.142007076894301
v 0.326099073807125 0.2699679717679 -0.38172691720495
v 0.326145483325485 0.168643488267465 -0.141450139758424
v 0.326177526309995 0.228949853598345 -0.219015965112203
v 0.326183655459426 -0.274551933677209 -0.401612608977824
v 0.326245096595283 -0.25342004746685 -0.463627009646697
v 0.326298415918463 0.194970028586097 -0.147723990200014
v 0.326343093859207 -0.255296402501065 -0.327094273593451
v 0.326355475026687 0.205029500573301 -0.149473777478511
v 0.326362387838868 0.195565909896768 -0.147713837032086
v 0.326375157951389 0.196100939552504 -0.147789826065426
v 0.326403028598205 0.1971314150666 -0.147929942057385
v 0.326488024571058 0.282441689309362 -0.455727567722088
v 0.326580116814021 0.204167774522613 -0.148886690779862
v 0.326754546570586 -0.164199776053684 -0.463583934110184
v 0.326940537534981 -0.251145095892313 -0.463585830272242
v 0.3278444540004 0.280356932534755 -0.459920843571508
v 0.327946747017468 0.28387847451428 -0.452837544681861
v 0.328024831208484 -0.276137997127692 -0.407621209781579
v 0.328192181430274 0.0393943778848624 -0.0643214334518747
v 0.328287134185048 -0.254430884639503 -0.323717967900097
v 0.328410848866563 0.243925032819491 -0.279468706381077
v 0.328464348411284 0.271155451407456 -0.387072845852002
v 0.328643207966526 0.284563567521387 -0.451457651274159
v 0.328686384277924 0.233224617106868 -0.236566692762627
v 0.328788174735491 -0.0361409471013544 -0.0815603439615653
v 0.328825882937591 0.278849651994268 -0.460531029672778
v 0.328871746123337 -0.244573962590885 -0.286052862533273
v 0.328943459882394 -0.036102280134448 -0.0813848893620603
v 0.329167763109596 0.229624974114842 -0.222107005372244
v 0.329329342566754 0.157799252435436 -0.13056892129788
v 0.329467473211079 0.0157319721925161 -0.463579201185398
v 0.329639831213662 -0.279709691215042 -0.421141632135305
v 0.329678413295721 0.233614254214862 -0.23786733421249
v 0.329972185748907 -0.241263551361809 -0.463585594706736
v 0.330101358666774 0.271916896997866 -0.390853521087916
v 0.330271703892437 -0.229011358853356 -0.406948727855471
v 0.330546255560073 0.166040119295258 -0.463575258686706
v 0.330928113681513 -0.282723015407104 -0.431988251690849
v 0.330968993409432 -0.2511414979137 -0.463585802287154
v 0.33111959293438 0.0815084783623202 -0.092244400025838
v 0.3311898648913 -0.253340930632985 -0.463625622916878
v 0.331402102769364 -0.266857468845751 -0.371994177314248
v 0.331430340035697 0.230202569848254 -0.224383724944073
v 0.331583039675416 0.149978457434456 -0.122813584497242
v 0.331594272600924 0.272663020064244 -0.39423229583188
v 0.331645158721406 0.149769734262202 -0.122602331980522
v 0.331651817225334 0.0621319212622394 -0.092284149500219
v 0.331726245623688 0.0593220598115378 -0.0922971623964524
v 0.331733204040696 0.0591683716977834 -0.0922902666233491
v 0.331746470707999 0.0586852906737334 -0.0922912637607485
v 0.331792588677674 -0.28458016026273 -0.43920498566356
v 0.332037837889746 0.14807646372496 -0.120888516598994
v 0.332197361163401 0.147322054879588 -0.120159614682091
v 0.332261482366982 0.0475004737522256 -0.0917667441800079
v 0.332280470359008 0.0471460644523196 -0.0917430920132779
v 0.332368397431586 0.213423466595602 -0.463574001861117
v 0.332519401481456 -0.266540749276318 -0.463717691947993
v 0.332608424087057 -0.284095508838543 -0.44517896269675
v 0.33315675027922 -0.283745711177558 -0.449185097648125
v 0.333473261770653 0.107968155703407 -0.0921903296544642
v 0.333500026771216 -0.275477642371611 -0.460812823709704
v 0.333505930861709 -0.283529155566853 -0.45173857016019
v 0.333563823876284 0.284456601545522 -0.44135456814694
v 0.33363392855119 -0.252065237853887 -0.31440528493469
v 0.333636111533612 0.0414842472576949 -0.0885927881241287
v 0.33366856253889 0.0413487836778747 -0.0885173718924897
v 0.333695187558275 -0.277255455542078 -0.460231812918495
v 0.333724665985138 0.271326093096285 -0.463572474229865
v 0.333776362641911 0.273853519675715 -0.399037228835088
v 0.333788899850825 0.1093014000496 -0.0921876185734302
v 0.333831338641036 -0.278243103365446 -0.458886451982082
v 0.333948695699384 0.11031183369492 -0.0924393175399785
v 0.334019136144294 0.275808321389246 -0.406927828882462
v 0.334028746473744 -0.0626485452395073 -0.0922051532441137
v 0.334060395273848 0.276182751944269 -0.408381290817443
v 0.3340894930026 0.276656595751064 -0.409965207672668
v 0.334163307438734 -0.28065595736464 -0.45562375404781
v 0.334194901363435 0.278283577470454 -0.415464483370663
v 0.334466975961673 0.284434802404289 -0.439500047651225
v 0.334568422878852 -0.0367802348917934 -0.0746752215552851
v 0.334730305590758 0.136269049043776 -0.109040594701249
v 0.334962885213552 0.135270699472582 -0.108027758206977
v 0.334976527864232 0.135103121132022 -0.107857747258763
v 0.335035172464088 0.134147427255196 -0.106949395983634
v 0.335095478427972 0.279644234619396 -0.420063632038457
v 0.335144529914974 0.117674645032561 -0.0941729495994904
v 0.335195296919822 0.118552910786942 -0.0946733038259983
v 0.335612177587924 0.125398859661067 -0.0985058817497823
v 0.335946245238882 0.283670517043593 -0.436410417164319
v 0.336339974068941 0.0387693444327648 -0.0816710786337874
v 0.336386234527155 0.0387247559464736 -0.081552516433663
v 0.336432553594282 0.0393926196473746 -0.0710570536834951
v 0.336441202653525 -0.0619332479877093 -0.092208321435461
v 0.336442354649248 0.0393955592980316 -0.0584832722787497
v 0.336446312162082 0.0393967462830292 -0.0534061758369528
v 0.336453756526184 0.0387360059752042 -0.0813737819490752
v 0.336483798720337 0.0394079897038644 -0.00531463969248119
v 0.336486984540413 -0.0370654201388611 -0.0718525679156199
v 0.336586949465346 -0.0370808706289355 -0.0717053809904831
v 0.336692462761733 -0.248362634446251 -0.300323460405126
v 0.336838256749785 -0.0540843818557726 -0.092123452872421
v 0.336887785856362 0.13465075787411 -0.463576020038303
v 0.337667369543147 0.28278520541678 -0.432815924820841
v 0.338231996149335 0.236926898322619 -0.463573331633961
v 0.338253392636277 0.236886792115038 -0.249116817325328
v 0.338320586630079 0.0390505289089926 -0.0764319195368133
v 0.338707417195668 0.00911110461173045 -0.0776408060840685
v 0.338707936019215 -0.249858130338351 -0.305499705514674
v 0.339021069613546 0.26320955006661 -0.428638258991967
v 0.339092853784036 0.039241844860277 -0.0734259296084862
v 0.339122447601355 -0.249658303076816 -0.304807265116238
v 0.339343643493009 0.283687918362247 -0.436480871433259
v 0.339433562048647 0.23727391795352 -0.250669648286809
v 0.339824945155274 0.26195902652794 -0.463572661717416
v 0.340386856418101 0.198844470515913 -0.463574307598972
v 0.340723886217157 0.28443469431936 -0.439499809994603
v 0.341288025293851 0.232673595409718 -0.234345339633909
v 0.341437062362669 0.233225083806814 -0.23656859005347
v 0.341490238644719 0.233582137551416 -0.237760442709858
v 0.34153931778201 -0.0193290083061816 -0.46358000451343
v 0.341599460610186 0.284455304214845 -0.441255635350306
v 0.342040405546562 0.236892065879536 -0.249136059684329
v 0.342141282308934 0.237269937943311 -0.250652304940604
v 0.342190207797993 0.039086392753248 -0.0038487418051139
v 0.3424735299463 0.238125980652252 -0.254680030189976
v 0.34309299516998 0.124890622907509 -0.420939919131289
v 0.343982371475503 0.279645995857383 -0.420070270977727
v 0.344097794222232 0.239907291379945 -0.263061665506523
v 0.344323015123924 0.0389523298550794 -0.0532112033381354
v 0.344339205020763 0.24015577648689 -0.264285979838762
v 0.344822352933016 0.0389377633126677 -0.00421385767650838
v 0.345093046988245 0.103761009042536 -0.463576750730369
v 0.345488619017101 -0.0370757754103432 -0.0333958314923016
v 0.34550493301897 -0.220039029581512 -0.463585026243528
v 0.345646661357099 -0.264348854957018 -0.361594220009798
v 0.345857922282548 -0.264309538862093 -0.361441871928437
v 0.346008816758568 -0.042066344084554 -0.091291630953464
v 0.346131094590542 -0.0370778502302451 -0.0499621429460299
v 0.346394003210811 0.2434047470976 -0.277380184776242
v 0.346424115197293 -0.0370787965152273 -0.0575177152268496
v 0.346689383823687 0.284563011011118 -0.451458413274752
v 0.346704905390345 0.243395787626046 -0.277344072832414
v 0.346716903495252 0.243406061733272 -0.277385480132399
v 0.34685873708245 0.243406639185514 -0.277387806111643
v 0.346942478922038 0.0388047244944765 -0.05246574896845
v 0.346962104006794 -0.0375359746142379 -0.0880716667866561
v 0.346974410328511 -0.037080573646277 -0.0717071426729552
v 0.346999867469183 -0.0370649642148053 -0.0566900052908253
v 0.347011781839567 -0.0370576587381042 -0.049661732194374
v 0.347038221374677 -0.0370414469365997 -0.0340650814869396
v 0.347271585466951 -0.0369296981122969 -0.0563244453246547
v 0.347318708136045 0.243923776811447 -0.279464595071276
v 0.347331058932829 -0.0507594358554106 -0.0920871826775545
v 0.347376662740827 -0.0361031767377926 -0.0813841030691665
v 0.347400177802414 0.283962960270156 -0.452666990880231
v 0.347400929914905 -0.0368640300595961 -0.0496291796742087
v 0.347697420020272 -0.0367135023162526 -0.0342819417404405
v 0.348214489838499 0.0387411833802589 -0.00468616262823183
v 0.348218239275169 0.038730906473936 -0.0521041503603433
v 0.348220567914281 0.0387245238601974 -0.0815537425284784
v 0.348256220754365 -0.26142988629239 -0.350336772130859
v 0.348680871163289 -0.0362148868552036 -0.0346034470453126
v 0.348804779892531 0.276755129409993 -0.410299391348192
v 0.348965197961783 -3.78284913004774e-05 -0.435971871297807
v 0.34912198410598 0.276604528521777 -0.409790378408004
v 0.349237261510121 -0.260040231207282 -0.345689639921209
v 0.349633078802609 0.0413486541561784 -0.0885192212170644
v 0.349863051569844 0.216339168570861 -0.463573760476955
v 0.350009472809582 0.276178692079612 -0.408366888032223
v 0.350011106988645 0.246818571623857 -0.289299156097221
v 0.350344599470056 -0.049331267562331 -0.463580706324607
v 0.350682324555783 -0.196740122733536 -0.463584484474259
v 0.350808491774393 0.275846602680335 -0.407077856784914
v 0.350867964145174 0.24772802035189 -0.292418123093623
v 0.351058536156761 -0.257881278928194 -0.337270150964274
v 0.351383011018931 0.248087278447665 -0.294120312072092
v 0.351445818798161 0.271326095003989 -0.463572306987832
v 0.351667253900737 0.280356519879 -0.459920917319223
v 0.351714347197367 -0.257105095337758 -0.334239033558675
v 0.352152478200399 0.279075316090893 -0.460439583077687
v 0.35217001081092 -0.157248527628275 -0.463583512397215
v 0.352335863023265 -0.224878384507131 -0.315820636028615
v 0.352415147831116 0.186816496953399 -0.463574508755245
v 0.35255608008246 -0.0342503110648912 -0.0492243459981798
v 0.352851360437042 -0.031521086536739 -0.32826606439292
v 0.352997056475725 0.249240804124539 -0.299480103611501
v 0.353150936813158 -0.0531121771968621 -0.0921124395405408
v 0.353596463418732 0.0745144898461115 -0.0922602636803681
v 0.354158451677456 0.243923322462132 -0.279463107842909
v 0.354219880661311 0.27361236752955 -0.462648027336015
v 0.35427277059116 -0.254489325977243 -0.324025103926167
v 0.354827406049938 0.251010749314431 -0.307703962901595
v 0.355453661875607 -0.182542054474344 -0.463584143129866
v 0.355758828899975 0.252103281237186 -0.312091774642406
v 0.355918661120157 0.0346435037311104 -0.00704028554080622
v 0.356242124898777 -0.25249671185671 -0.316173434799087
v 0.356655165672984 -0.0067319784007464 -0.463579532298996
v 0.356703137473626 0.0342183164479728 -0.0527438761577664
v 0.356865616081292 0.0297992496247263 -0.463578574593587
v 0.356942195597348 0.0471435903965221 -0.0917446176021779
v 0.356983118464728 -0.0320055297421342 -0.0321067657028008
v 0.356985080840575 -0.0320047627110403 -0.0492327267531002
v 0.356988838903911 -0.0320032938020972 -0.0820299334677327
v 0.357269064668488 0.0339128290371432 -0.00745728179068187
v 0.357269571076322 0.0339118332914014 -0.0527905441239646
v 0.357269939435125 0.033911108990385 -0.0857657571803112
v 0.357335008454394 -0.0314111507935359 -0.0494683438902393
v 0.357383462317576 -0.176799532109381 -0.463583974683336
v 0.357506863155668 0.262882670873547 -0.355164436868334
v 0.357525068771391 -0.0310860416446867 -0.0315907864089174
v 0.357604336927801 0.0333959881834114 -0.0530715257525765
v 0.357661712561678 0.261556304936828 -0.349772055551427
v 0.357726008368508 0.260416775944122 -0.344485051638902
v 0.357792884284083 0.258721351720207 -0.336344942226971
v 0.357822015023322 -0.0291149313033399 -0.184529493714245
v 0.357868616718974 0.254543947205064 -0.321994698393923
v 0.358035175753322 -0.137697805412064 -0.463582945564908
v 0.358065506757692 0.0326855816159938 -0.00798269142769164
v 0.358325139865809 0.255814611289073 -0.326363366729091
v 0.358412443621074 0.255336719996853 -0.324720381303451
v 0.358710011930869 -0.0553594865251008 -0.092136564582589
v 0.358872562728499 0.272619732701199 -0.394050258137307
v 0.359005744587017 -0.249776491312196 -0.305193449247459
v 0.359065440813657 -0.156534871684498 -0.433221239597515
v 0.359101305020688 -0.249664229917624 -0.304804601001681
v 0.359245214852972 -0.0722194125613405 -0.463581221118703
v 0.359520748231826 0.265126521099149 -0.364286031563646
v 0.359568657818141 -0.249774227240789 -0.305184955931328
v 0.359668987507635 -0.0908699358721537 -0.463581705048916
v 0.359779397436216 0.265437129674481 -0.365489288580981
v 0.359917119190807 0.208299133660402 -0.280200047967678
v 0.360057773988936 -0.0301574461411483 -0.0898122903670909
v 0.360090219249733 0.265903631078705 -0.367067246048113
v 0.360179117595487 0.086918427640063 -0.463577048987454
v 0.360554705863882 0.272017049443957 -0.391322518318372
v 0.360976925445587 0.176807656986666 -0.145933107730848
v 0.361952594425363 0.268737066982139 -0.376576181501689
v 0.36234297804659 0.271431957299593 -0.388414612467774
v 0.362713880812198 -0.0221609981765063 -0.0265840714748849
v 0.362716777785151 0.0256665776162896 -0.0835124596142234
v 0.362719232155691 0.0256556332951095 -0.057257710851631
v 0.362719462108279 0.0161963321322282 -0.0832266987996759
v 0.362720450221216 0.0127102868115206 -0.0831215087967271
v 0.362721759238085 -0.0221447340789662 -0.0531679043104821
v 0.36272355547828 0.0256363551012841 -0.0110105177042324
v 0.362725919708813 -0.00658597066233398 -0.0825392520576884
v 0.362730324798704 -0.0221270514713751 -0.082070306250696
v 0.362824373390325 0.269662331749222 -0.380459569614003
v 0.363032416922701 0.0171530672059551 -0.081280859779455
v 0.363104026696638 0.0152215876035824 -0.0807745716146715
v 0.363271430528578 -0.111217504630004 -0.463582203378285
v 0.363307183232483 0.0190881628243943 -0.0770150251776526
v 0.363327509129672 0.0188612045545966 -0.0775637827614988
v 0.363342430656354 0.0186949341369478 -0.0774184433398692
v 0.363375017172826 0.0183715127715938 -0.0136376475328405
v 0.363381374136871 0.0156547495775591 -0.0851015678156957
v 0.363600907374469 -0.00574087977075597 -0.0770469528297254
v 0.363652709941275 0.0152751208714259 -0.0142335515998347
v 0.363741124797316 0.0102352769309276 -0.085961763216286
v 0.363750436277979 0.0141534198893392 -0.0656282519454737
v 0.363759293842674 0.0140114922155927 -0.0144763814014923
v 0.363759544625036 0.0140488744598919 -0.0704183707960013
v 0.363764291864259 0.0139892156044199 -0.0657480321503145
v 0.363764739284835 0.0139872214125083 -0.0703378465715416
v 0.363765028257092 0.0139859334383585 -0.0733022364543361
v 0.363789060450659 0.011715904727441 -0.0674609852447306
v 0.363803319938274 -0.00363995263111024 -0.0758304994232377
v 0.363868312984627 -0.0108083627556561 -0.0203414225751497
v 0.363918564165208 -0.000191698066404448 -0.0739097072580315
v 0.363978309838135 -0.00981866688983958 -0.0597690746570045
v 0.363986040421149 -0.0069004179401346 -0.0184136121530432
v 0.363987337004797 -0.00665045362101015 -0.0615550623519222
v 0.363994307575375 -0.00749868519556652 -0.0185263463409958
v 0.364010656376153 -0.00881510405819676 -0.0603264198066857
v 0.364018867100142 -0.00945375322860709 -0.0743065597288666
v 0.364019474470643 -0.00945169522703331 -0.0599645371449492
v 0.364021184212227 -0.00944590197420434 -0.0195918941080009
v 0.364034561348767 0.270820930176233 -0.385672284435184
v 0.364051024491223 0.0328577616222562 -0.0904524538218691
v 0.364592698083061 0.0139209942682923 -0.0902669569667782
v 0.364808519190016 0.00637594471434587 -0.0901930487364239
v 0.365060189857167 -0.00963581101133144 -0.0891157635346161
v 0.365276812033281 -0.00999545082726843 -0.0900326812180585
v 0.365422760210047 -0.0150977609838029 -0.0899827010672734
v 0.365851850459913 -0.0103825691030679 -0.0901952098120319
v 0.367396020228123 0.00658602143427558 -0.0909599663620558
v 0.368149721403235 0.0148683015897859 -0.0913332400281344
v 0.368729486498111 0.269613187456294 -0.380255790993914
v 0.369256799770881 0.169193497661514 -0.141999309840018
v 0.369646011078125 -0.052111465268103 -0.092170025095837
v 0.369652444651158 0.240152200482532 -0.264271334080684
v 0.369657441089462 0.239952502589646 -0.263287423265851
v 0.369677331984384 0.238220636058987 -0.255139254836745
v 0.369751583634709 0.243499843664302 -0.277763234012429
v 0.369764464176981 0.243922285788601 -0.279459714484029
v 0.36985418438916 0.245238256230343 -0.283930485440218
v 0.370144887464018 0.237228776145302 -0.250472937734061
v 0.370255481921413 0.236931357973754 -0.24927942455836
v 0.37027358381773 0.0555657701363893 -0.463577773960777
v 0.370382844974113 0.0394076756104564 -0.0924392038366484
v 0.37066412971253 0.0154355203270846 -0.0923261626925855
v 0.370768594262902 0.00653265401014849 -0.0922841810608962
v 0.370842739258451 0.186108754821219 -0.147746295017539
v 0.371009381970639 -0.013988190286949 -0.0921874146379751
v 0.371155661858628 -0.0264547187215805 -0.0921286284912943
v 0.371246520189162 0.233501229440133 -0.237491162259714
v 0.371322082769341 0.233226177657453 -0.236573036920937
v 0.371610079410331 0.232457168628319 -0.233472882292674
v 0.371763383114211 0.015843358078002 -0.09238692400167
v 0.371937526052991 0.268730502300523 -0.376552797126597
v 0.372280126202386 0.00702310323766105 -0.0923673553692713
v 0.373435282452188 -0.0822530103105447 -0.435254525958503
v 0.373553212949272 0.229971583277582 -0.223452586471422
v 0.373604611835195 -0.0155844576200786 -0.0923171981962796
v 0.373864784540288 0.229563348603213 -0.221842523255025
v 0.374275028725954 0.229106205605134 -0.219750450186883
v 0.374366679010335 -0.0487202875170583 -0.0921808377941539
v 0.374442350659665 -0.252844060408562 -0.317596844531395
v 0.374541508947983 0.219578721026052 -0.182002853959437
v 0.374826768402503 0.059457792183514 -0.0922925674746063
v 0.375305455304639 0.219010876829658 -0.179718228363791
v 0.375354128328142 0.0173127217133813 -0.092265114211068
v 0.37546637103648 0.00834261112533648 -0.0922592710885582
v 0.375497091162375 -0.0478870666491349 -0.0922455315729165
v 0.375751552729283 0.21868225870031 -0.178382297401821
v 0.37578195456578 -0.0168779060868016 -0.09224284246481
v 0.376039590950675 0.246994201685677 -0.289896041690885
v 0.376164078539562 -0.0474161419677927 -0.0922229498835832
v 0.376352718763227 -0.0624917196394576 -0.0922131296649385
v 0.376601281096078 0.00796428245568428 -0.463578959579826
v 0.376943682875232 0.226162514365915 -0.206151857387345
v 0.376963734078505 0.222400697206342 -0.193355841377267
v 0.377278332616921 0.222845756418296 -0.194894927054128
v 0.37816228439121 0.243921727939635 -0.279457888468716
v 0.378212386541218 0.22420017374925 -0.199491668653383
v 0.378302784538337 0.195571377319838 -0.147719167458223
v 0.378352056053877 0.21709264503566 -0.170391204357024
v 0.378597621257864 0.247714011785159 -0.292364244972217
v 0.378639616512469 0.21691981711152 -0.169505719535055
v 0.379077102186195 0.086918783251974 -0.46357687062991
v 0.379796680318741 -0.247820356802914 -0.298395641390516
v 0.379902166435842 0.223791019697296 -0.365939886158183
v 0.379936033974909 0.247990122797284 -0.293672901914403
v 0.379998125311334 0.192464801374795 -0.180065161598609
v 0.38038087445284 0.265821033346521 -0.366787293649334
v 0.380999758659343 0.243545638768379 -0.277947696819513
v 0.381460106473068 0.214642218231008 -0.161183840139639
v 0.381517294566903 0.265432498325307 -0.365473021638474
v 0.38171441395654 -0.155945121759867 -0.463583199474915
v 0.381750530403961 0.21441012382003 -0.160325427361615
v 0.382005427789905 0.214034179846919 -0.159679443071843
v 0.382032934933706 0.213994250354802 -0.1596093325857
v 0.382127720015441 -0.254459427891811 -0.32398940724286
v 0.382363882277516 0.265180054828981 -0.364495169916399
v 0.382609890127256 -0.254553055768097 -0.324360033198191
v 0.382848949360445 -0.0426232512197725 -0.0922109541501649
v 0.384079662243171 0.264692939702834 -0.362514171004498
v 0.384370475221841 -0.247437050332123 -0.297063024232469
v 0.384573259962189 0.265185232587332 -0.364515397684124
v 0.384810243335577 0.26543179674891 -0.365470557453094
v 0.384889880924558 -0.0845118170471961 -0.463581300689477
v 0.385126337368564 0.265801715859181 -0.366721819976194
v 0.385186078745962 0.280355939269833 -0.459921021082709
v 0.385409321316809 0.279397046518069 -0.460309207211334
v 0.38578502903102 0.0671455588707185 -0.312091533561518
v 0.385881396311918 0.249240229259708 -0.299482038286999
v 0.386303979964332 0.0707746778282229 -0.434193868776816
v 0.38630553771403 0.284561789323119 -0.451460086068645
v 0.386344403464434 0.28413209405321 -0.452325555695269
v 0.386398774077283 0.283533894752977 -0.453528783270817
v 0.386678841972702 0.23949252836402 -0.463572807299408
v 0.387290093235818 0.271326098862669 -0.463571968710215
v 0.387556276280451 0.2102824885669 -0.153091721657555
v 0.387603330721968 0.268720202678677 -0.376516108337312
v 0.387967506329531 0.251015634782395 -0.307731303453938
v 0.388092402066851 0.284447798061791 -0.440683225611745
v 0.388289495755766 0.284433872647744 -0.439498003307015
v 0.388355814365547 0.269449850702501 -0.379578509130343
v 0.388585047672751 0.239985982707537 -0.263454602964141
v 0.3887203254286 -0.0246658760551339 -0.0922089878921654
v 0.388815580752209 0.28394131136486 -0.437506806255109
v 0.388831274695253 0.251805630967358 -0.310904119635612
v 0.38983996689448 0.270802902266496 -0.385666305042509
v 0.390086817104082 0.0726426413454171 -0.0922665825832572
v 0.390400550576341 0.240149269395153 -0.264259329621974
v 0.390836631078051 0.271664512837894 -0.389543106530567
v 0.391410882816788 0.272118526683187 -0.391797719334527
v 0.391774850843442 0.0725532363413882 -0.0922627433123902
v 0.391815802111641 0.254521946930805 -0.321925867286265
v 0.39193293116009 0.272567269875853 -0.393829634585653
v 0.392460140178653 0.204603998066316 -0.149184174812541
v 0.392643799151912 0.255334890876015 -0.32472095613211
v 0.392776850897252 0.255432531284086 -0.325056673120107
v 0.392832859295958 0.204170394135198 -0.148888765242866
v 0.392924376409408 0.024262398695844 -0.0922300645529509
v 0.393404918394048 0.279655790604162 -0.420107192012539
v 0.39407628923776 -0.256796904077288 -0.333163110898773
v 0.394249411580936 0.253372188807371 -0.463572372737139
v 0.39548120233365 0.275948460611891 -0.407477047391732
v 0.395601797971933 0.172566363797895 -0.463574473992451
v 0.395702783621727 0.276167060770076 -0.40832562477169
v 0.395947424420854 0.27644234176773 -0.409245794197609
v 0.396211055042252 0.276736121859444 -0.410238803776872
v 0.396441988053267 0.197494986251623 -0.147981193831686
v 0.397278571559192 0.258738150593427 -0.336408769381632
v 0.397392257016457 0.195728138983205 -0.147749519485859
v 0.39914887654206 -0.0309403586845108 -0.0921706701738095
v 0.399276153946064 0.261476423160258 -0.349431808094001
v 0.399456600428643 0.24110885836898 -0.268126647293877
v 0.400328638986365 0.189320858802141 -0.14778086030973
v 0.400529830337935 0.260723158814666 -0.345937817115099
v 0.401173603092842 0.261124101345564 -0.34779853245201
v 0.40126128292907 0.187256794908807 -0.147813685597386
v 0.40191327692068 0.24794577886705 -0.449032545054803
v 0.402430891957322 0.185893051928455 -0.147836905586558
v 0.402944420519868 0.0188379651170835 -0.0922042244022385
v 0.402962226310078 -0.258538160120748 -0.339983624424995
v 0.403551583480895 0.0819294271064608 -0.106919107679674
v 0.403559055407035 0.0652284779797161 -0.463577207038825
v 0.403854642963766 -0.259754057035914 -0.344730932453922
v 0.404198628877509 0.022673912559615 -0.0922038043819251
v 0.405180977058275 -0.261883366517713 -0.351851446633193
v 0.405724832836296 0.182524259246572 -0.147115036396052
v 0.405732622007597 0.260760399560311 -0.346114400321218
v 0.406335342060299 -0.263479579087288 -0.357996936802857
v 0.40808246146548 -0.232604848652063 -0.360589038175718
v 0.40826895509194 -0.265952414550219 -0.368250422157576
v 0.408276280749083 -0.171294542475155 -0.463583350366444
v 0.408630251805005 -0.0917186172315956 -0.463581265183795
v 0.410614767024397 0.0217736607376136 -0.0921829302467812
v 0.410623840125067 0.159690175066103 -0.463574669086194
v 0.410772953534939 -0.267639954779067 -0.375247858629125
v 0.411374051569476 0.176675602786785 -0.145995566463479
v 0.411460167992501 0.00321843665073016 -0.463578754761257
v 0.412366515237334 -0.245219355317561 -0.288858144239125
v 0.413391396498283 -0.269545508152761 -0.382595390582397
v 0.415526382134508 0.0704698148645401 -0.0922082081883501
v 0.415758884492758 -0.0238338517553172 -0.0921252416854659
v 0.416070659494164 0.172544240078139 -0.143845222288314
v 0.416879889458751 -0.244899816476269 -0.287521215339544
v 0.41719838893452 -0.272508910627507 -0.393319531610573
v 0.41876318693655 -0.273591258015899 -0.397698336167257
v 0.41906368031629 0.240145220151424 -0.264242745681313
v 0.419698461282848 0.169347269891486 -0.142193875997022
v 0.419909402374227 0.0707247017668313 -0.0921985430200729
v 0.4200121085111 -0.187221962849789 -0.463583656299006
v 0.421558795075772 0.24004430835719 -0.263745846398332
v 0.421639644329117 -0.140034942531499 -0.355166426824907
v 0.423443624016328 -0.245304978471136 -0.289230316184041
v 0.424001547817878 0.259353623132342 -0.339352391226701
v 0.425412798583943 -0.276229749492445 -0.408371927443083
v 0.42607534191144 0.14981845783149 -0.463574781524841
v 0.426151035132409 0.239849659467763 -0.262832395736516
v 0.426242233206861 0.258750472954099 -0.336455588070609
v 0.427400146019369 -0.164753899888442 -0.140685953701874
v 0.42919756577655 0.162513229809069 -0.13530576978594
v 0.429952155594333 -0.278133891042431 -0.415595177821571
v 0.431459722309529 -0.261293571621317 -0.428696735807557
v 0.432193206836641 -0.0962818947081174 -0.0920077784000984
v 0.432324988071151 -0.0147013403368632 -0.0920817988976323
v 0.432370893030494 0.134469143122081 -0.463575123675354
v 0.432372470040729 -0.107937892710402 -0.0930307120521576
v 0.432384915843611 0.0223975752848642 -0.092115459862717
v 0.432464145915642 0.0714457817549649 -0.0921599627797914
v 0.432525309861947 0.109309963751344 -0.0921943180941391
v 0.433056964189988 -0.197987531723523 -0.436118753734999
v 0.433388933703334 -0.27964106515961 -0.421023807041565
v 0.433945459028203 0.0717454898720199 -0.0924146838193769
v 0.434031203944439 -0.00772505007042765 -0.463578828049181
v 0.434091228788405 0.165863872507207 -0.43425194239999
v 0.434826357742577 0.0566902249135264 -0.463577135331402
v 0.434891481435399 -0.240641524621846 -0.269657037171466
v 0.435736394204908 -0.246149130347426 -0.292458004673066
v 0.435824500560564 0.0220428190274915 -0.0927062562540686
v 0.435847973330393 -0.240550304634723 -0.269275002540023
v 0.435892704772623 0.120061834268023 -0.343153987124627
v 0.437109506229913 -0.011946963910821 -0.0929056516506856
v 0.437246660617038 0.254939347502765 -0.323370010414137
v 0.437679948518666 0.12539432623576 -0.0985049462191945
v 0.437760205133017 0.240072966239333 -0.26388894673346
v 0.438011880653128 -0.006229089807461 -0.130292296313564
v 0.438540380226992 0.25449166596579 -0.321831128814449
v 0.438554535665883 -0.118850045659136 -0.0966557118048575
v 0.439941207291975 -0.0102959733401683 -0.0935423755900933
v 0.440263950342555 0.0914873345971153 -0.189584404754294
v 0.440375144621841 0.0213977759685694 -0.0937209924562992
v 0.440557481738944 -0.103149626999413 -0.093440676873179
v 0.440820075566853 -0.00989704734061807 -0.0937397015401503
v 0.440907119388627 0.0210140406631428 -0.0938388213482014
v 0.440965784214921 -0.224696941327809 -0.463584438959765
v 0.440970264043268 -0.205245969830768 -0.463583930046862
v 0.441012716459101 -0.230820994057232 -0.463584598732522
v 0.441054888960366 0.0734901170030863 -0.0940070916663946
v 0.441128577185539 -0.284048428229818 -0.436895632743054
v 0.441135808845614 -0.251043103427539 -0.463585036974562
v 0.441136709093006 -0.247003057283338 -0.463584949244387
v 0.44113838946391 -0.25158174220765 -0.463594788530208
v 0.441148092555607 -0.257256752941355 -0.46363446657843
v 0.441179135412829 0.117612639980637 -0.0941485753957195
v 0.441505720173371 0.240142049761798 -0.26422976114471
v 0.441803421588948 0.144223375323327 -0.141548147727599
v 0.442111410769769 -0.284573520110526 -0.438934464817065
v 0.442236902418378 0.07429619505559 -0.0948951958229267
v 0.442286972625073 -0.216438539764727 -0.176584298924109
v 0.442315334689121 0.253334780619187 -0.317139976362514
v 0.442743002993329 -0.0935226189455723 -0.463580990443159
v 0.442975757786909 -0.126597562590472 -0.10210057175439
v 0.443264394085364 0.161907476561096 -0.134705556903566
v 0.44361327848564 0.0179324421677331 -0.0958667051269094
v 0.444092950486235 -0.134559082097283 -0.110537779217278
v 0.444248992676125 -0.00810058644422106 -0.09631542133567
v 0.444475453384758 -0.266589588921258 -0.46369916088541
v 0.444987656960511 0.135383136201372 -0.108145725358913
v 0.445471425729228 -0.283870868708325 -0.44758862822065
v 0.446192728417996 -0.283668626963683 -0.450080311595924
v 0.446485468141153 -0.283579661562723 -0.451099224314221
v 0.446671412387537 -0.283524939246054 -0.451744433787719
v 0.446730661327981 0.120274929933605 -0.0985865636226271
v 0.44673265730942 0.0775430254805277 -0.0984916456890746
v 0.446735613101383 0.0142625674272951 -0.0983510844295298
v 0.446736596047898 -0.00678130388456603 -0.0983043408826547
v 0.446741425167957 -0.110167784792679 -0.0980746944100562
v 0.447033694280301 -0.276786963716249 -0.460384548634564
v 0.44705977998644 0.148048956760917 -0.120887026927137
v 0.447128997706076 -0.277505415893632 -0.459884126807654
v 0.447149312892077 -0.277248865034108 -0.460233593498054
v 0.447256367529671 -0.239389189835026 -0.26479340933368
v 0.447268216214763 -0.123032585496829 -0.102139871506576
v 0.447333000082919 0.0784683275602682 -0.0995659177850191
v 0.448425111052817 0.157272427525238 -0.130032837089014
v 0.448501430366791 -0.148781903845645 -0.124688271984867
v 0.448742552507016 -0.00545404838163341 -0.101889795394906
v 0.449033504702868 0.0097707156550785 -0.10244448873564
v 0.449544449813697 -0.141431743623707 -0.117605061700779
v 0.449968141646807 -0.246163587894535 -0.292577161810398
v 0.450276991735278 0.0748391252464223 -0.104815166757672
v 0.450408878037403 0.0817403889528306 -0.105066604810266
v 0.450954961662793 0.161366399223787 -0.134165620026363
v 0.451045586337716 -0.107419551780961 -0.105615719981352
v 0.451073757180894 -0.00392253418202898 -0.105974267770865
v 0.451076413646977 0.00583707134777849 -0.106008078261934
v 0.45109492566798 0.0738484883818778 -0.106243692232316
v 0.451097269246697 0.0824585752785895 -0.106273520411871
v 0.451107017349667 0.118272185053815 -0.106397590563043
v 0.451120396702161 -0.15171375924898 -0.127874435682217
v 0.451645879992707 -0.175224970123638 -0.147321441894495
v 0.452290441176087 -0.0173218944293046 -0.428422368781471
v 0.45239716919727 -0.170158487651646 -0.144976467261445
v 0.453651726395911 -0.00178067865364548 -0.113863076932964
v 0.45367625524819 -0.214741131888962 -0.286908093296312
v 0.453783561931458 0.0873160037207057 -0.114500719289432
v 0.454122419051388 -0.00248024591008918 -0.115300566694664
v 0.454267994350357 0.240430506029354 -0.265392199627083
v 0.454901723626102 0.149887863254031 -0.126433187688407
v 0.454969081978586 0.0661639598781411 -0.118070248736197
v 0.455427940154099 0.159664959978218 -0.13437706202419
v 0.455519992800272 0.0903959720234396 -0.119716290098715
v 0.455586508573341 0.0664636168186705 -0.119959066154036
v 0.455955003929807 0.169457798554634 -0.142333726587936
v 0.455997509095385 0.0310607984914225 -0.369198764450387
v 0.456002720267147 0.0616498263987099 -0.121219129952444
v 0.456337660179391 0.0668170336644233 -0.122216986581711
v 0.456798482180672 0.177131750446618 -0.264231640995352
v 0.457430957762792 -0.158346263074754 -0.134919083922777
v 0.457573601517673 -0.246185256417697 -0.292643368385773
v 0.457912106578282 0.0911064377468124 -0.126907594416504
v 0.457962120535936 -0.00810145341507928 -0.126828660184234
v 0.458075547469524 -0.139935938721358 -0.128655803280731
v 0.458854508354612 -0.0990788008230309 -0.463580983751301
v 0.458861169768806 0.218575587559333 -0.336486389805821
v 0.4593436443671 0.123480273682146 -0.463575156609726
v 0.459414421620819 0.204173026749215 -0.148890850001665
v 0.460298584391725 -0.245963040656862 -0.291870719837103
v 0.460684506676714 0.152309424400148 -0.136655116901365
v 0.460822947986574 -0.0120543585083259 -0.134872503100868
v 0.461336075614183 0.150980119916127 -0.137095716695323
v 0.461420047548615 -0.237844703019735 -0.259335150002113
v 0.461634140195653 0.148527242039842 -0.137996317449125
v 0.461852079287183 -0.146577295051038 -0.137965150039379
v 0.461912638461628 0.152823708990566 -0.138826022511985
v 0.461918316633639 0.146400156487599 -0.138774810420571
v 0.461947246713819 -0.0123655192509761 -0.138031857621727
v 0.461966162080351 0.0922739802511809 -0.138343286791864
v 0.461986571311791 0.0691856043726197 -0.13815921356828
v 0.461996837845366 0.0575713705463313 -0.138066618512175
v 0.462633776225937 0.14443970178073 -0.139448384204972
v 0.462703562740495 -0.167773911476503 -0.145382240555996
v 0.462913540602995 0.0690945481171767 -0.139053529334672
v 0.46398177712071 0.176537756214181 -0.146060764861032
v 0.46401980264885 0.214405917684255 -0.16032419411784
v 0.464179650702327 0.196276593265438 -0.147855710624524
v 0.464648434222567 0.114770028234994 -0.414966568749286
v 0.464735337936416 -0.245624152619633 -0.290617647281455
v 0.464802193523163 0.0928353766329505 -0.141086829650771
v 0.464877144185229 0.0689541400785115 -0.141136302184711
v 0.464955612366543 -0.0813855905612203 -0.463580463288022
v 0.465143232339565 -0.194404758140372 -0.148160954348207
v 0.465181157271069 -0.213018656551384 -0.164272880310693
v 0.465232459158331 -0.0132267487168849 -0.141409860400519
v 0.465287085528031 -0.210677906977017 -0.157630149160332
v 0.465522984637787 -0.235027289016916 -0.249385983287345
v 0.465616606573031 -0.220915525953915 -0.194001835083821
v 0.465673609967152 0.0489141411781178 -0.440774036495597
v 0.465949430103955 -0.00524449570085577 -0.236365235935719
v 0.466334216199215 0.0931456125623483 -0.142712357281337
v 0.467169137418558 0.0475330488339491 -0.463577069666328
v 0.467689426855821 0.129128604840047 -0.144195189257375
v 0.467838985389554 0.128624246428393 -0.144353203516226
v 0.468803373850193 0.185439820728748 -0.148027294952118
v 0.469433076360766 -0.2370421036155 -0.256498511543261
v 0.469601038103625 0.153158025141849 -0.146253206224343
v 0.469779328873571 0.21029369489463 -0.153103434701098
v 0.469809974891105 0.125356846247546 -0.146439878622117
v 0.470062099157104 0.091809131136389 -0.146665136422999
v 0.47025482082003 0.0661655405919732 -0.146837321586537
v 0.470318929225271 0.222451636574804 -0.193549384950495
v 0.47069462412587 -0.204715041420162 -0.151410695119061
v 0.470862588651539 -0.0147041923723814 -0.147380325428828
v 0.471062070102375 0.233229828337542 -0.236587878152393
v 0.471598116039627 0.218676378981191 -0.178360734906707
v 0.471780667179379 -0.0534719543337532 -0.340168929517108
v 0.471846086745619 0.243915504728025 -0.279437517937638
v 0.47195734662425 -0.160372949953744 -0.148358425543283
v 0.471969686478179 0.216905106959205 -0.169456222540681
v 0.472740290236718 0.226136088938961 -0.206054016168092
v 0.472870697008266 -0.224875613098768 -0.210277297643078
v 0.472899165856053 0.22942680607259 -0.221256515015339
v 0.473299406335663 -0.197609398086404 -0.150023735776097
v 0.473448343842417 0.241348548834894 -0.269091981694913
v 0.473782001927364 -0.228822186762281 -0.223843860475015
v 0.473902277322527 -0.0856028557191592 -0.427940604391006
v 0.474047375851261 -0.245696132237094 -0.29093051585854
v 0.474101429776624 0.237075973026823 -0.249807080802671
v 0.474160190694063 -0.244992340052039 -0.287974753950944
v 0.474204306602315 0.240137430428625 -0.26421084236571
v 0.474860531986528 -0.254760526188808 -0.325450385387386
v 0.474976687568077 -0.239898647548656 -0.266582441574899
v 0.47517188979828 -0.0158266512097854 -0.150928278330494
v 0.475180596947811 0.251028491616159 -0.307803254173729
v 0.475189080597387 -0.203498995760556 -0.156355086808022
v 0.475308723528959 -0.219521658975327 -0.198707879811566
v 0.475463675879519 0.247665076647427 -0.292176036332286
v 0.47566688460288 -0.235715906742514 -0.255021521701211
v 0.47584778736527 -0.249306545477677 -0.303430519630914
v 0.476089923466415 -0.23315220126731 -0.247935547467512
v 0.476335882239701 -0.268286313851241 -0.377935506222891
v 0.476636895931985 0.241009373686243 -0.269694250848624
v 0.47679352986585 -0.251011256059313 -0.463584789265642
v 0.476881853711635 -0.255531800591582 -0.333054451516798
v 0.476913915794029 0.0625059131295178 -0.152320933559622
v 0.476963102260738 0.258772051746507 -0.336537576481526
v 0.477150178470167 -0.212473456320321 -0.166157759466135
v 0.477511987024549 0.0893989981113248 -0.152799059046042
v 0.477534457616978 -0.262459756735205 -0.353776654210232
v 0.477863627861633 0.00725280147122939 -0.304940542403556
v 0.478055586042842 0.113842666104334 -0.153233636955455
v 0.478112126589271 0.253102102405239 -0.316217548581585
v 0.478294701117926 0.0771654651566207 -0.277629152068302
v 0.478526206312097 0.199141149519763 -0.152719054957652
v 0.478779475107547 0.210308482600018 -0.159740968358636
v 0.479242085501037 -0.187263939516474 -0.154029594390007
v 0.479253254294348 -0.0168882883115221 -0.154111648862875
v 0.479258373555084 0.0612040675515679 -0.154149258856146
v 0.479260185503217 0.0888446402056793 -0.154162570808897
v 0.479261717722507 0.112218056842471 -0.154173827660259
v 0.479265390388213 0.168243161247923 -0.154200809863272
v 0.479324069119932 -0.100662755708467 -0.463580832010398
v 0.479670220901399 0.110681809332226 -0.155378007173487
v 0.479769273619638 -0.0742115442632338 -0.463580135799961
v 0.479880605877439 0.230900546779598 -0.234340851109905
v 0.480038576127057 0.254464772081054 -0.321746987323583
v 0.480052559059362 0.221007236553088 -0.198073886283753
v 0.48011872056275 -0.00362469005983764 -0.463578285829455
v 0.480355737662427 -0.0171946651560766 -0.157362639700847
v 0.480543202381887 -0.22183095533506 -0.20810652285014
v 0.480866256964505 0.0607683202908907 -0.158890570974972
v 0.480958653618292 -0.00354617171213603 -0.463578275848479
v 0.481035555847211 0.265411295546845 -0.365398549953154
v 0.481042667390228 0.0877085033502025 -0.159418549065999
v 0.481118288674896 0.0992568641898853 -0.159644875720765
v 0.481376762310296 -0.234195372162805 -0.253986664653725
v 0.481658886131684 0.181813177897672 -0.161262827789525
v 0.481690342305809 0.0946597466616204 -0.16136861758104
v 0.481693003026095 0.0872878742419179 -0.161377565809874
v 0.481702653993924 0.0605486097110959 -0.161410022836291
v 0.481730851956226 -0.0175775209105706 -0.161504854984069
v 0.4817329039464 0.0424548438972505 -0.463577065076441
v 0.481748350072669 0.276145157725632 -0.408247921480705
v 0.481797139440785 -0.201235638530939 -0.161727785437839
v 0.481895221160194 -0.214511342958039 -0.200695971114816
v 0.481966276995436 0.0901378028134196 -0.163249489192718
v 0.481976986409292 0.0869438577488852 -0.163318703934166
v 0.482065200533818 0.060635128676906 -0.163888830171079
v 0.482191480618553 0.0606541709716033 -0.164667594927726
v 0.482195500107297 0.0867006814730973 -0.164666544011098
v 0.482328070696499 -0.0177625194121756 -0.165587755115934
v 0.482441766096088 -0.0177971148442255 -0.166288961899263
v 0.482549904062666 -0.233149954609122 -0.25167784289696
v 0.482743684891916 -0.233493821003052 -0.254089927653029
v 0.482811220588939 0.203812890794875 -0.168347580555354
v 0.482841583076685 0.0846835907777146 -0.168653012243089
v 0.482848559708449 0.05731029826389 -0.168723193725983
v 0.482867673046759 -0.0176821935552233 -0.168915464505215
v 0.482912085481924 -0.191937424466597 -0.169362231751108
v 0.483000275875795 0.117753999468072 -0.463575083161241
v 0.483147615737351 0.213885631886531 -0.192565717518411
v 0.48324703874523 0.261315235283291 -0.348745246431745
v 0.48338069814132 0.243426638612724 -0.284895757239663
v 0.483499572842796 0.237984624705412 -0.270930851788971
v 0.483533839752444 -0.226762504186916 -0.243206231384802
v 0.483540311469314 0.236119634347326 -0.266145047404655
v 0.483614149399617 0.268657079516711 -0.376291254219065
v 0.483619413956864 0.272421774463618 -0.393217778201923
v 0.483726665689875 -0.016654205843182 -0.182257003285024
v 0.483841549190311 0.250153843083807 -0.317730983032911
v 0.48386061115608 -0.259334856388746 -0.343326575139601
v 0.483933425914478 0.237446032279879 -0.270999998430881
v 0.483984177356429 -0.272304545851292 -0.392472960714231
v 0.484010459924351 0.0444132818764871 -0.186749454464776
v 0.484080014566882 -0.238300706660042 -0.283895148607641
v 0.484153233208992 0.0751355614274257 -0.189009549748977
v 0.484278926566697 0.0741941407932026 -0.191019764061957
v 0.484351220946392 0.28035422154283 -0.459921328066049
v 0.484490224618172 0.0389393212661167 -0.194423709918412
v 0.484568414222731 0.236353538647375 -0.270297715906036
v 0.484574444880102 -0.284570964236521 -0.438830338107638
v 0.484586851798455 0.284558758511439 -0.451464236001584
v 0.484657235910946 0.284432207944244 -0.439494342964981
v 0.484730202003744 -0.245238685804215 -0.298220183970456
v 0.484765578487155 0.206901408691569 -0.198702950576437
v 0.484779067175431 0.234546626405083 -0.269568226448945
v 0.484803033967695 -0.283523518537663 -0.451746409563575
v 0.484882773567268 0.279673920030571 -0.420175530398274
v 0.48494839610569 -0.203234661335224 -0.198724645917448
v 0.484948447113955 0.236440000167998 -0.271832728444063
v 0.484996380700723 -0.214112644960171 -0.214579413347919
v 0.485105594913838 -0.237685058522104 -0.283489776859637
v 0.485115374604009 -0.0149297466844988 -0.20445775124962
v 0.48525285251092 0.0627214685527583 -0.331367695501034
v 0.485328986709206 -0.238081469928765 -0.286270443793122
v 0.48535701963824 -0.266607423072663 -0.463692394133191
v 0.485427157389744 -0.101165533667238 -0.46365507189783
v 0.485439755469235 -0.0714490111224461 -0.463648368111669
v 0.485468728389684 -0.00310728932579326 -0.463632950820226
v 0.485487488339065 0.0411439363592032 -0.463622968132855
v 0.485515492871035 0.224948545659354 -0.236274351972403
v 0.485519710006857 0.117148847906635 -0.463605822093193
v 0.485530300140904 -0.236785779605079 -0.283183142515786
v 0.485585072210444 0.271326109444243 -0.463571041058819
v 0.485595200018365 0.0784755134527452 -0.212060576453564
v 0.485630921823824 -0.236521198258073 -0.283099398179849
v 0.485685700244283 -0.10113594175616 -0.463534328821834
v 0.485687427142042 0.008858251792663 -0.213586034302552
v 0.485758505129793 0.117074008635607 -0.463494304300509
v 0.485807290177802 -0.265303623614872 -0.375094221323529
v 0.485911082519115 -0.228552583099461 -0.257777069913324
v 0.485913090870049 0.079542716720271 -0.217287458079501
v 0.485932465924315 0.247783646548223 -0.315522939369301
v 0.485977030233749 -0.277253799710959 -0.412497458677501
v 0.48608664563048 0.00239944705065175 -0.219973276858049
v 0.486095021646898 0.23287558923042 -0.273204736656502
v 0.48617093260446 -0.0106482255122503 -0.221330370210121
v 0.486567152864489 0.248860899082738 -0.318388413407701
v 0.486610893189316 -0.0710130526202436 -0.463101422322593
v 0.486732486277257 -0.00830376609226324 -0.23056463976163
v 0.486885853769176 -0.277246556753218 -0.460234217134015
v 0.487071449322018 -0.226866659631379 -0.259548396461854
v 0.487217453811307 0.217249348645169 -0.23902218259758
v 0.487296019783468 -0.225421282780797 -0.256104430171868
v 0.487305068959061 0.0776964592342433 -0.240160811114356
v 0.487356717826656 -0.00456955175047263 -0.240832029220008
v 0.487366750287032 -0.0205491953321705 -0.240962409020433
v 0.487488595275626 -0.214623172884271 -0.242545881538542
v 0.487756013173579 -0.00227266492008034 -0.247149302680816
v 0.48776290640372 -0.225574175400282 -0.260975745405314
v 0.487903422267354 0.237112288412163 -0.283768337215749
v 0.487974842452032 -0.0318592837713063 -0.250556896691755
v 0.487986649216951 -0.245825130655748 -0.328423921329944
v 0.488101353379478 0.116453346832676 -0.462400186418101
v 0.488136909844822 0.0218466455674765 -0.253214245536033
v 0.488222989328323 0.0765174843171174 -0.254671863440459
v 0.488223666755846 0.196719932890517 -0.254793511227593
v 0.488265200901686 0.226652334586319 -0.265060787148523
v 0.488365621708205 0.0763354103844271 -0.25690999538309
v 0.488452644035793 0.165491869343977 -0.258357962046868
v 0.488522376927789 0.0346160553605737 -0.259331390926728
v 0.488558271373324 0.245938629049612 -0.319997213580643
v 0.48876578970965 0.000548701186801778 -0.26311975273467
v 0.48877861285459 0.222957007845604 -0.26352639642035
v 0.489014135294336 -0.220838230049351 -0.266655039278414
v 0.489054800770569 -0.0399004572231059 -0.267617784665822
v 0.489178316958604 0.253292821279917 -0.330177253618637
v 0.489336988711115 0.227316441532004 -0.276281233084884
v 0.489345690382522 0.0398665521402771 -0.461821182063358
v 0.489382887247808 0.0628563769381065 -0.2728612816959
v 0.489530006474152 0.137187308986972 -0.275238643801933
v 0.489617364537566 0.226023517168155 -0.276691583319313
v 0.489662777027269 0.0752331889883355 -0.277264964486306
v 0.489752540729521 0.165487177728938 -0.278756964630237
v 0.489768124755869 0.0936700788519932 -0.278935192372301
v 0.489876803565276 0.0655335587838039 -0.280614679756213
v 0.489939779361233 -0.226287041852913 -0.283688399697034
v 0.489989632895298 0.00394260372883174 -0.282328402410974
v 0.490019274796898 0.19215581866805 -0.28296739728724
v 0.49004618379167 0.0923793878633679 -0.371576526225986
v 0.490047914781868 -0.00335414753287345 -0.461494428953682
v 0.490096825013874 -0.225249113026163 -0.283765529276413
v 0.490100385717679 0.227789461704387 -0.284273164663849
v 0.490195160985098 0.0778987523569709 -0.285622016449949
v 0.490196039774773 -0.206030833257316 -0.285368168984389
v 0.490211552325091 0.051975221403534 -0.285855299761375
v 0.490236865645897 -0.205338863770112 -0.286014885237018
v 0.49024023741253 0.00660865878638314 -0.286263549006987
v 0.490275355748979 -0.0489323331284943 -0.286763356943531
v 0.490372806059375 -0.203053725227951 -0.288150280228601
v 0.490387589111434 -0.226433687318362 -0.288360674213404
v 0.490454731608233 -0.201597882244334 -0.289511981359064
v 0.490527980268183 0.0796642750138537 -0.291147675547346
v 0.490628987503919 0.27387465813491 -0.406242460491761
v 0.490654237259378 -0.236789607938362 -0.305318852604167
v 0.490766318116597 -0.0527466557896534 -0.294905010879649
v 0.49080563519549 0.263975278578071 -0.369977105211774
v 0.490811976316459 0.026307887198114 -0.295780787069683
v 0.490856987376122 -0.0528046988299444 -0.296409549397625
v 0.490918437555863 -0.252540760834484 -0.335336050269614
v 0.490963790014525 -0.167628319062432 -0.297369301554778
v 0.491037204196088 0.0155370423491446 -0.299502276574404
v 0.491041438726593 0.0154232939362123 -0.299572377233147
v 0.491041653074101 0.0155025804266064 -0.299576052696965
v 0.491041871487993 0.0155833710600074 -0.299579797887961
v 0.491064168548187 -0.266387384699071 -0.37964883458295
v 0.49108986915564 0.242586073749759 -0.322467802879421
v 0.491096306271367 -0.191190143978154 -0.29923167727153
v 0.491170388665551 -0.0724404775760462 -0.460972128913461
v 0.49120571264097 0.0761877145442592 -0.302389218138422
v 0.491523660445983 0.240156376128271 -0.320718286131101
v 0.491568653247648 0.0717504891371182 -0.315884614420296
v 0.4915758132805 -0.0973936628244011 -0.460783480165573
v 0.491581356079005 0.0242044039247415 -0.314519922418391
v 0.491585527516777 0.0085909134977348 -0.31407177604814
v 0.491589826824452 -0.00750118780749208 -0.313609892344214
v 0.491597723245593 0.0258175980186475 -0.317447865601762
v 0.491597992967382 0.00757962846660004 -0.316134786528158
v 0.491602091549503 -0.0534074622450789 -0.31229226702801
v 0.491603035425936 -0.00481952809753662 -0.312052325787058
v 0.491605216393689 0.0696644879925328 -0.322001360914886
v 0.491619596103839 0.229281946917771 -0.309486168817719
v 0.491620897484253 0.0368833259382201 -0.322248062871647
v 0.491627604791814 -0.148902297914138 -0.309551325520866
v 0.491629319299795 0.0742416569789398 -0.308756951972197
v 0.491632660573702 0.0209636938838481 -0.308506364281737
v 0.491633261862143 0.0113759066345411 -0.308461269061803
v 0.491633907806877 0.00107605673939843 -0.308412824724832
v 0.491634022821178 0.00944494115050521 -0.322454556564772
v 0.491637315520329 -0.0532613117532711 -0.308157254224662
v 0.491638643998056 -0.1457149398511 -0.311682612517036
v 0.491643486351597 -0.151657710745202 -0.307694456382166
v 0.491648132016049 -0.225734708364151 -0.307346042466333
v 0.491648892839347 -0.0536958752393328 -0.320299297186187
v 0.491649614666248 -0.0231496540953144 -0.322699854471346
v 0.491664075505179 -0.0533798923901267 -0.322927358881603
v 0.491665049895449 -0.0554168454442327 -0.322942688426768
v 0.491694681431454 0.241322322558721 -0.323373589630939
v 0.491704140729943 -0.137135841657537 -0.323557682984832
v 0.491748628054705 -0.230136146480236 -0.324257577550533
v 0.49178338594235 0.0687066853608099 -0.325083925449181
v 0.491786163730642 0.0686367481245614 -0.325131943407846
v 0.491822635245005 0.0448062631676122 -0.325745165314649
v 0.491874942853608 0.0106284753310286 -0.32662465090906
v 0.491939849862359 -0.031781759688462 -0.327715979316081
v 0.491971878658217 -0.0527093726821339 -0.328254502588604
v 0.491981766025773 -0.0591697779581635 -0.328420746038926
v 0.492037069039033 -0.0343901764180673 -0.32923180168888
v 0.492093439216131 -0.132137032798458 -0.330298388026833
v 0.492201044655819 -0.202446419633298 -0.332107635985442
v 0.492221174084886 0.0587433951001365 -0.331911072118056
v 0.492226807678568 -0.130597266841654 -0.33236786186166
v 0.492239408641028 -0.130540973287064 -0.332439592693617
v 0.492251382525377 -0.062061756067996 -0.332616086268632
v 0.492254935614617 -0.0521527304766228 -0.332651975138114
v 0.492260260877799 -0.037301381249354 -0.332705764295196
v 0.49227808107957 0.0123964516603487 -0.332885761714965
v 0.492294216868859 0.0573967142959058 -0.333048745303767
v 0.492295167583423 0.0600481126446504 -0.333058348234792
v 0.492354782645825 0.226305456315428 -0.333660505132312
v 0.492361798079013 0.245870432673841 -0.333731366275669
v 0.492409075778428 0.225859572638061 -0.333968478222251
v 0.492785477574646 -0.258748813923755 -0.373114412476585
v 0.492793688164999 0.0630677123959601 -0.335897425543892
v 0.492815739258276 0.0537343195560579 -0.336008018438976
v 0.492911208248995 0.0133259106298859 -0.336486824271492
v 0.492949271227897 -0.0650853530999378 -0.336579086526901
v 0.493039022647522 -0.0407730846921859 -0.337127852096684
v 0.493064400226057 -0.0515144527872953 -0.337255128320366
v 0.493098394431694 -0.0659029128743701 -0.337425619532311
v 0.493235433902603 -0.123906532036879 -0.338112913882671
v 0.493266352776782 0.0664116856636816 -0.338996874030219
v 0.493289399507759 0.0499552754049822 -0.3390884454623
v 0.493428810643709 0.216249806042294 -0.340594993917869
v 0.493509639219892 -0.269651242531077 -0.40473823900426
v 0.493518827045915 -0.243856119180992 -0.339534216117989
v 0.493565438577347 -0.121399427033157 -0.340277502664243
v 0.493585415929437 -0.0689154090308264 -0.340596069692229
v 0.493592218184915 -0.0510446873579179 -0.340704541240483
v 0.493595030978711 -0.0436549832791708 -0.340749395200901
v 0.493605122426126 0.0145195265436427 -0.341023778696083
v 0.493617190865981 0.0145629385546958 -0.341102765827618
v 0.493629606361144 0.0471806282605801 -0.341300748391928
v 0.493637600580518 0.0681828487589728 -0.341428227484039
v 0.493692941712971 0.213573738344385 -0.342310719818932
v 0.49370278475965 0.239433153384954 -0.342467681067489
v 0.49386708962756 0.209260954446092 -0.345056631879734
v 0.493909678506231 0.256884355885277 -0.364589954198687
v 0.494055446924838 -0.0311773430213691 -0.348010704900417
v 0.494079284433331 0.277114372774446 -0.459739482881655
v 0.494080354369127 -0.0500710952928282 -0.348402206362285
v 0.494158830122202 0.20212358316742 -0.349601203830891
v 0.494177173276005 -0.0771994396518791 -0.349927151285605
v 0.494186569580056 0.114854193876495 -0.459653960870078
v 0.494237223530826 0.0382441563754288 -0.459613582235231
v 0.494264864437689 -0.00356049813159148 -0.45959154837473
v 0.494276453838501 -0.278928264237584 -0.435244000995102
v 0.49431104271294 -0.0734014354107803 -0.459554737510307
v 0.494325767192587 -0.0956710298017642 -0.459542999938451
v 0.494443611914142 -0.273901718629803 -0.459449060395571
v 0.494472751406165 0.279744840658451 -0.440356657322692
v 0.494574753882344 0.0793087080591503 -0.356207293272304
v 0.494612810820827 -0.102979385184875 -0.356795143132849
v 0.494707836277112 -0.00134138582993541 -0.358300483784196
v 0.494797435844284 0.0248343962735603 -0.359715176337958
v 0.49483137704342 0.185669860879197 -0.360077767524116
v 0.494870508938229 0.0249975942325004 -0.3608675039033
v 0.495203169393468 -0.0360906593427417 -0.366109232689217
v 0.495295889034578 0.0877403274184945 -0.367411325532091
v 0.495299052168443 0.249452477663272 -0.367278097486925
v 0.495336507793368 -0.0605763168837788 -0.368210245051878
v 0.495451943720468 0.17898693317507 -0.369735024592063
v 0.49546519275775 -0.0328771475080475 -0.37018003173971
v 0.495534094850167 -0.0968603056743115 -0.371323623113619
v 0.495636902780375 0.0937419298263192 -0.372707268130751
v 0.495684897825236 -0.0634495162124306 -0.373630898731611
v 0.495746623480389 0.0957861584831884 -0.374511222853204
v 0.495781709938108 0.027002367827739 -0.375034281141866
v 0.495860817312118 0.267802745825399 -0.406470211274059
v 0.495904409154546 -0.029547958073585 -0.377006025339978
v 0.495917339965799 -0.093438734289795 -0.456619682877021
v 0.495981593007098 -0.0651208993098373 -0.378246349588767
v 0.496043219850865 -0.0935238361864121 -0.379236676790301
v 0.496067613572588 -0.0750372228859858 -0.456331175941022
v 0.496178645035939 0.0981478092242804 -0.381609826309548
v 0.496199658215722 0.0376956752395638 -0.456011352424751
v 0.496298409409195 0.169392210767777 -0.383632393398654
v 0.496380583033329 -0.0911960511784504 -0.384780310718408
v 0.496392470529629 -0.254488512886982 -0.384849043515455
v 0.496404260121832 0.152246359042131 -0.385357905077204
v 0.496641888852915 -0.00471527250709438 -0.455228637677065
v 0.496773216854581 0.0293144525743152 -0.391323454226686
v 0.496898880751715 0.108680493459566 -0.393449225966908
v 0.496969466120001 -0.0855941022455798 -0.394458173326398
v 0.496992184871564 0.0381796597409552 -0.454556112187109
v 0.497018326542378 -0.0712919959927459 -0.39527188169621
v 0.49716102882325 -0.268353545935827 -0.417480479474413
v 0.497196239336119 -0.0192145157730435 -0.398234793646686
v 0.497334993480137 0.135171947206388 -0.400633733847398
v 0.497337680270281 0.02218715802563 -0.400590313029541
v 0.497370876538129 0.0319041544588424 -0.401143154770985
v 0.49740318571577 -0.017547110902097 -0.401661144849236
v 0.49760577271714 0.1133155666967 -0.453378098608568
v 0.497642200498972 0.111324346266384 -0.405661711245355
v 0.497647167719426 0.112778318853096 -0.405744434002575
v 0.497689308824127 0.125113589973064 -0.406446240657957
v 0.497760517216439 0.0168037180179333 -0.40758810566793
v 0.497906355771334 -0.076620354934651 -0.409970469340261
v 0.497969758706563 -0.258458357905459 -0.410958061899859
v 0.498033407206808 -0.0770486215574811 -0.412073528240342
v 0.498043753274106 0.114966516461339 -0.412310242758835
v 0.498055115723958 -0.0151754217561028 -0.412453978998641
v 0.49806498083531 0.0129419296719456 -0.412626869162823
v 0.498072709298354 0.0349694470201784 -0.412762313680086
v 0.4981007213849 0.114808959580538 -0.413253237104012
v 0.498117781106778 0.0351262961212078 -0.413363252912446
v 0.498151838616439 0.260502313873507 -0.414149087767915
v 0.498661732153626 -0.0787274333605838 -0.420445247560289
v 0.498882773768462 0.269688664479405 -0.450926412857108
v 0.498887416137629 0.112724578355316 -0.450920278648378
v 0.49888958469141 0.0394031663426306 -0.450917413223192
v 0.498890923579705 -0.00586625756529779 -0.450915644079038
v 0.498893050316098 -0.0777737733886201 -0.450912833909386
v 0.498893386175878 -0.0891295965585155 -0.450912390120036
v 0.498898634504626 -0.266581905059511 -0.450905455224756
v 0.498916201432668 -0.0126324134074997 -0.423934105847267
v 0.498979025132357 0.00368520929377072 -0.424795439624388
v 0.499125958841642 0.0418492913530926 -0.426809949553459
v 0.4992684938205 -0.0867032947668433 -0.446831018737445
v 0.499282833615303 -0.0797292312503732 -0.44667304898879
v 0.499395750130228 0.11192400005413 -0.430508877677435
v 0.49943099910121 -0.00766993585225779 -0.44504083145085
v 0.49953361390792 0.0422360906670701 -0.443910408355763
v 0.499675837460434 0.111405566408543 -0.442343648220632
v 0.499721154000615 0.0459411256957905 -0.434993959278185
v 0.499791700590416 -0.00887939588463839 -0.4411018929267
v 0.499879745683669 -0.0827352984054146 -0.440154836548281
v 0.499916988164774 0.11072573620618 -0.437676720014718
v 0.499999161694706 0.268652150281582 -0.438781850529428
v 0.499999408428497 0.110862387475379 -0.43881007687509
v 0.499999512521212 0.044293618087516 -0.438821985081692
v 0.499999592736148 -0.00700497296410278 -0.438831161670447
v 0.499999596381977 -0.00933653184592141 -0.438831578753189
v 0.499999710671411 -0.0824262480447321 -0.438844653464482
v 0.5 -0.267455989223552 -0.438877752655072
f 2913 2886 2882
f 2882 2886 2927
f 2882 2947 2913
f 2927 2947 2882
f 3091 2886 2913
f 2886 3057 2927
f 3057 2886 3091
f 2913 2947 3735
f 3121 3091 2913
f 3735 3121 2913
f 2927 2989 2947
f 2927 2993 2989
f 2994 2993 2927
f 2999 2994 2927
f 2927 3004 2999
f 2927 3011 3004
f 3010 3011 2927
f 3010 2927 3051
f 3028 3051 2927
f 3253 3028 2927
f 2927 3057 3091
f 2927 3091 3121
f 2927 3121 3253
f 2947 2989 3762
f 3735 2947 3762
f 2989 2993 3830
f 3762 2989 3828
f 2989 3830 3828
f 3028 2991 3051
f 3576 2991 3028
f 3051 2991 3357
f 3357 2991 3576
f 3830 2993 2994
f 2994 2999 3860
f 3860 3830 2994
f 2999 3004 3936
f 2999 3950 3860
f 3950 2999 3936
f 3004 3011 3925
f 3936 3004 3925
f 3010 3013 3011
f 3010 3017 3013
f 3010 3018 3017
f 3010 3027 3018
f 3010 3033 3027
f 3010 3036 3033
f 3010 3071 3036
f 3010 3051 3315
f 3010 3079 3071
f 3159 3079 3010
f 3315 3159 3010
f 3011 3013 3893
f 3925 3011 3893
f 3017 3869 3013
f 3013 3869 3893
f 3017 3018 3027
f 3017 3027 3852
f 3017 3852 3869
f 3033 3814 3027
f 3027 3814 3852
f 3253 3576 3028
f 3071 3033 3036
f 3814 3033 3071
f 3315 3051 3357
f 3071 3079 3791
f 3814 3071 3791
f 3079 3159 3791
f 3121 3215 3253
f 3735 3215 3121
f 3315 3198 3159
f 3159 3198 3737
f 3159 3737 3791
f 3217 3202 3198
f 3737 3198 3202
f 3217 3198 3256
f 3198 3276 3256
f 3315 3276 3198
f 3202 3217 3725
f 3737 3202 3725
f 3253 3215 3364
f 3735 3364 3215
f 3217 3256 3239
f 3217 3239 3698
f 3217 3698 3701
f 3725 3217 3701
f 3239 3256 3691
f 3698 3239 3691
f 3364 3591 3253
f 3591 3576 3253
f 3256 3276 3273
f 3685 3256 3273
f 3691 3256 3685
f 3276 3313 3273
f 3313 3671 3273
f 3671 3685 3273
f 3313 3276 3315
f 3340 3313 3315
f 3340 3334 3313
f 3334 3652 3313
f 3652 3671 3313
f 3315 3350 3340
f 3315 3360 3350
f 3315 3357 3392
f 3315 3369 3360
f 3315 3368 3370
f 3315 3373 3368
f 3315 3370 3369
f 3373 3315 3374
f 3374 3315 3383
f 3383 3315 3392
f 3575 3334 3340
f 3575 3634 3334
f 3334 3634 3652
f 3340 3350 3575
f 3360 3552 3350
f 3552 3575 3350
f 3392 3357 3401
f 3401 3357 3673
f 3673 3357 3576
f 3369 3539 3360
f 3539 3552 3360
f 3364 3371 3591
f 3735 3371 3364
f 3368 3492 3370
f 3469 3368 3373
f 3469 3492 3368
f 3369 3370 3492
f 3369 3492 3499
f 3539 3369 3499
f 3371 3389 3591
f 3389 3371 3693
f 3693 3371 3735
f 3374 3462 3373
f 3462 3469 3373
f 3374 3383 3428
f 3374 3428 3462
f 3383 3392 3422
f 3383 3422 3428
f 3424 3591 3389
f 3424 3389 3688
f 3389 3693 3688
f 3401 3422 3392
f 3422 3401 3673
f 3428 3422 3673
f 3445 3591 3424
f 3445 3424 3672
f 3672 3424 3676
f 3676 3424 3688
f 3462 3428 3673
f 3555 3460 3445
f 3460 3591 3445
f 3555 3445 3669
f 3445 3672 3669
f 3460 3555 3591
f 3469 3462 3673
f 3492 3469 3673
f 3499 3492 3673
f 3539 3499 3673
f 3552 3539 3673
f 3575 3552 3673
f 3596 3591 3555
f 3669 3596 3555
f 3634 3575 3673
f 4102 3576 3591
f 3576 3955 3673
f 3955 3576 4102
f 3659 3591 3596
f 3663 3591 3659
f 3663 3669 3591
f 3672 3591 3669
f 3676 3591 3672
f 3591 3676 3955
f 4102 3591 3955
f 3659 3596 3663
f 3663 3596 3669
f 3652 3634 3640
f 3640 3634 3673
f 3701 3652 3640
f 3673 3701 3640
f 3701 3671 3652
f 3701 3685 3671
f 3791 3701 3673
f 3796 3791 3673
f 3673 3955 3796
f 3955 3676 3688
f 3698 3691 3685
f 3701 3698 3685
f 3955 3688 3693
f 3955 3693 3735
f 3737 3725 3701
f 3791 3737 3701
f 3955 3735 3762
f 3762 3828 3955
f 3796 3814 3791
f 3796 3955 3814
f 3814 3955 3852
f 3830 3955 3828
f 3860 3955 3830
f 3852 3955 3869
f 3860 3950 3954
f 3954 3955 3860
f 3869 3955 3893
f 3896 3925 3893
f 3893 3955 3896
f 3925 3896 3955
f 3936 3925 3955
f 3950 3936 3955
f 3954 3950 3955
f 1854 1412 1982
f 1854 2168 1412
f 1412 1999 1982
f 1412 2168 1999
f 1854 1876 1853
f 1854 1853 1966
f 1853 1876 1874
f 1966 1853 1874
f 1914 1876 1854
f 1914 1854 1982
f 1854 1966 2152
f 2152 2168 1854
f 1874 1876 2393
f 1966 1874 2451
f 1874 2393 2451
f 2393 1876 1914
f 1982 1931 1914
f 1994 1914 1931
f 2359 1914 1994
f 2359 2393 1914
f 1982 1994 1931
f 2152 1966 2103
f 2451 2103 1966
f 1982 1992 1994
f 1992 1982 2064
f 1999 2086 1982
f 2054 2057 1982
f 2058 2054 1982
f 2057 2062 1982
f 2090 2058 1982
f 2062 2068 1982
f 2085 2064 1982
f 2068 2073 1982
f 2073 2081 1982
f 2081 2085 1982
f 2086 2088 1982
f 2088 2089 1982
f 2089 2090 1982
f 1994 1992 2064
f 1994 2064 2331
f 2359 1994 2331
f 1999 1998 1995
f 2000 1995 1998
f 1995 2000 1999
f 1999 2004 1998
f 2394 2000 1998
f 2413 1998 2004
f 2394 1998 2413
f 2000 2023 1999
f 1999 2006 2004
f 1999 2007 2006
f 2025 2007 1999
f 2023 2083 1999
f 2036 2025 1999
f 2038 2036 1999
f 2044 2038 1999
f 2178 2044 1999
f 1999 2083 2084
f 1999 2084 2086
f 2168 2400 1999
f 2408 2178 1999
f 2400 2513 1999
f 2408 1999 2513
f 2023 2000 2394
f 2004 2006 2434
f 2434 2413 2004
f 2006 2007 2009
f 2006 2009 2450
f 2434 2006 2450
f 2025 2009 2007
f 2025 2011 2009
f 2009 2011 2460
f 2009 2460 2450
f 2011 2025 2462
f 2460 2011 2462
f 2030 2033 2022
f 2039 2030 2022
f 2022 2033 2386
f 2039 2022 2386
f 2023 2060 2083
f 2060 2023 2380
f 2023 2394 2380
f 2025 2036 2474
f 2462 2025 2474
f 2033 2030 2097
f 2049 2030 2039
f 2030 2049 2080
f 2030 2080 2097
f 2033 2097 2048
f 2033 2048 2384
f 2386 2033 2384
f 2036 2038 2475
f 2474 2036 2475
f 2178 2038 2044
f 2178 2476 2038
f 2038 2476 2475
f 2050 2049 2039
f 2039 2383 2050
f 2039 2386 2383
f 2097 2085 2048
f 2048 2085 2385
f 2379 2384 2048
f 2379 2048 2385
f 2080 2049 2050
f 2050 2378 2080
f 2050 2383 2378
f 2057 2054 2058
f 2057 2058 2418
f 2057 2421 2062
f 2057 2418 2421
f 2090 2070 2058
f 2058 2070 2418
f 2083 2060 2362
f 2060 2355 2362
f 2060 2380 2355
f 2068 2062 2423
f 2421 2423 2062
f 2085 2097 2064
f 2064 2097 2094
f 2064 2094 2294
f 2064 2294 2321
f 2331 2064 2321
f 2068 2417 2073
f 2417 2068 2423
f 2077 2074 2070
f 2414 2070 2074
f 2082 2077 2070
f 2090 2082 2070
f 2418 2070 2414
f 2398 2081 2073
f 2399 2398 2073
f 2399 2073 2415
f 2073 2417 2415
f 2410 2074 2077
f 2414 2074 2410
f 2077 2082 2407
f 2407 2410 2077
f 2097 2080 2336
f 2080 2363 2336
f 2378 2363 2080
f 2385 2085 2081
f 2385 2081 2398
f 2082 2090 2401
f 2082 2401 2403
f 2407 2082 2403
f 2084 2083 2362
f 2084 2372 2086
f 2084 2362 2372
f 2088 2086 2389
f 2086 2372 2389
f 2088 2396 2089
f 2088 2389 2396
f 2090 2089 2397
f 2396 2397 2089
f 2401 2090 2397
f 2094 2097 2336
f 2094 2336 2294
f 2152 2103 2161
f 2161 2103 2451
f 2152 2161 2155
f 2152 2155 2231
f 2488 2168 2152
f 2152 2231 2488
f 2155 2161 2231
f 2231 2161 2451
f 2357 2400 2168
f 2357 2168 2488
f 2408 2476 2178
f 2427 2231 2425
f 2425 2231 2451
f 2488 2231 2427
f 2319 2321 2294
f 2319 2294 2366
f 2363 2294 2336
f 2366 2294 2363
f 2310 2357 2319
f 2418 2310 2319
f 2310 2362 2355
f 2310 2355 2380
f 2310 2400 2357
f 2362 2310 2372
f 2310 2389 2372
f 2310 2380 2394
f 2310 2395 2389
f 2310 2394 2413
f 2396 2395 2310
f 2397 2396 2310
f 2401 2397 2310
f 2400 2310 2513
f 2403 2401 2310
f 2403 2310 2407
f 2407 2310 2410
f 2414 2410 2310
f 2310 2413 2434
f 2418 2414 2310
f 2310 2434 2450
f 2310 2450 2460
f 2310 2460 2462
f 2310 2462 2469
f 2310 2469 2513
f 2319 2331 2321
f 2357 2331 2319
f 2319 2366 2383
f 2319 2384 2379
f 2319 2379 2385
f 2319 2383 2386
f 2319 2386 2384
f 2319 2385 2398
f 2319 2398 2399
f 2399 2415 2319
f 2415 2417 2319
f 2417 2423 2319
f 2421 2418 2319
f 2424 2421 2319
f 2423 2424 2319
f 2357 2359 2331
f 2357 2430 2359
f 2393 2430 2357
f 2393 2357 2488
f 2393 2359 2430
f 2366 2363 2378
f 2383 2366 2378
f 2396 2389 2395
f 2451 2393 2488
f 2479 2476 2408
f 2513 2479 2408
f 2423 2421 2424
f 2427 2425 2488
f 2455 2425 2451
f 2425 2455 2488
f 2455 2451 2488
f 2462 2474 2469
f 2513 2469 2474
f 2513 2474 2475
f 2513 2475 2476
f 2513 2476 2479
f 3926 3927 3932
f 3927 3926 3947
f 3932 3977 3926
f 3926 3981 3947
f 3977 3979 3926
f 3979 3984 3926
f 3984 3981 3926
f 3930 3927 3934
f 3930 4451 3927
f 3932 3927 4428
f 3934 3927 3947
f 3927 4451 4428
f 3930 3934 4455
f 3930 4456 4451
f 4456 3930 4455
f 3938 3977 3932
f 3932 4415 3938
f 3932 4428 4415
f 3939 3934 3947
f 3934 3939 4450
f 4455 3934 4450
f 3952 3977 3938
f 4414 3952 3938
f 4415 4414 3938
f 3939 3947 3959
f 3939 3959 4447
f 4450 3939 4447
f 3967 3959 3947
f 3967 3947 3981
f 3957 3977 3952
f 4410 3957 3952
f 4410 3952 4414
f 3957 4405 3977
f 4410 4405 3957
f 4473 3959 3967
f 3959 4473 4447
f 3989 3967 3981
f 4374 3967 3989
f 4374 4483 3967
f 4473 3967 4483
f 3969 3989 3981
f 4185 3969 3981
f 4054 3989 3969
f 4185 4054 3969
f 3977 4394 3979
f 3977 4408 4394
f 4405 4408 3977
f 3984 3979 4050
f 3979 4394 4050
f 3981 3984 4050
f 3981 4042 4029
f 3981 4029 4055
f 4042 3981 4044
f 3981 4045 4044
f 3981 4050 4045
f 3981 4055 4059
f 3981 4059 4096
f 3981 4096 4118
f 4118 4185 3981
f 4275 3989 4054
f 4275 4374 3989
f 4029 4042 4055
f 4042 4044 4338
f 4055 4042 4284
f 4042 4338 4284
f 4044 4045 4340
f 4044 4340 4338
f 4050 4348 4045
f 4340 4045 4342
f 4045 4348 4342
f 4050 4394 4348
f 4188 4054 4185
f 4188 4275 4054
f 4055 4226 4059
f 4284 4226 4055
f 4096 4059 4168
f 4059 4226 4168
f 4118 4089 4067
f 4067 4089 4142
f 4067 4142 4118
f 4118 4090 4089
f 4089 4090 4160
f 4089 4160 4142
f 4118 4093 4090
f 4093 4164 4090
f 4160 4090 4164
f 4118 4096 4093
f 4096 4165 4093
f 4165 4164 4093
f 4096 4168 4165
f 4142 4160 4118
f 4160 4164 4118
f 4164 4165 4118
f 4165 4168 4118
f 4118 4168 4504
f 4504 4185 4118
f 4504 4168 4226
f 4188 4185 4275
f 4275 4185 4374
f 4185 4504 4374
f 4504 4226 4284
f 4284 4338 4321
f 4504 4284 4321
f 4504 4321 4338
f 4504 4338 4340
f 4504 4340 4342
f 4348 4504 4342
f 4394 4504 4348
f 4502 4483 4374
f 4504 4502 4374
f 4408 4409 4394
f 4409 4504 4394
f 4502 4408 4405
f 4502 4405 4410
f 4504 4409 4408
f 4502 4504 4408
f 4502 4410 4414
f 4502 4414 4415
f 4451 4415 4428
f 4450 4447 4415
f 4483 4415 4447
f 4455 4450 4415
f 4455 4415 4451
f 4483 4502 4415
f 4473 4483 4447
f 4455 4451 4456
f 198 185 193
f 185 282 193
f 197 282 185
f 462 197 185
f 226 185 198
f 234 185 226
f 264 185 234
f 462 185 264
f 193 253 198
f 282 253 193
f 208 282 197
f 462 208 197
f 198 253 226
f 214 282 208
f 214 208 457
f 208 462 457
f 214 225 282
f 214 457 225
f 225 223 244
f 225 457 223
f 223 457 244
f 225 244 250
f 225 250 282
f 253 234 226
f 253 330 234
f 234 330 264
f 250 244 417
f 244 457 417
f 250 256 265
f 256 250 417
f 250 265 282
f 282 327 253
f 253 327 362
f 253 362 330
f 417 265 256
f 264 330 340
f 340 462 264
f 265 280 282
f 265 417 280
f 280 315 282
f 280 285 315
f 280 417 285
f 315 329 282
f 282 387 327
f 282 329 387
f 285 417 315
f 315 328 329
f 332 328 315
f 344 332 315
f 344 315 417
f 327 399 362
f 327 387 399
f 328 332 329
f 329 332 346
f 329 346 385
f 329 385 387
f 340 330 453
f 362 415 330
f 330 415 453
f 347 332 344
f 346 332 347
f 371 340 453
f 371 462 340
f 347 344 360
f 360 344 393
f 393 344 444
f 344 417 620
f 344 469 444
f 620 469 344
f 347 360 346
f 346 360 374
f 346 374 390
f 346 390 385
f 360 375 374
f 375 360 393
f 362 399 463
f 362 463 415
f 371 453 472
f 472 462 371
f 375 393 374
f 374 449 390
f 374 393 444
f 374 418 449
f 374 450 418
f 374 444 450
f 387 385 414
f 385 390 414
f 387 480 399
f 387 414 480
f 390 439 414
f 390 449 439
f 463 399 518
f 399 480 518
f 414 439 504
f 480 414 516
f 414 504 516
f 453 415 493
f 463 493 415
f 457 1088 417
f 417 1088 620
f 418 511 449
f 450 535 418
f 418 537 511
f 418 535 537
f 449 508 439
f 504 439 1206
f 508 1211 439
f 1206 439 1208
f 1211 1208 439
f 444 502 450
f 444 469 502
f 449 513 508
f 449 511 513
f 450 502 535
f 472 453 473
f 490 473 453
f 490 453 661
f 453 493 1062
f 661 453 1054
f 1054 453 1062
f 741 457 462
f 457 741 1088
f 473 462 472
f 462 473 490
f 462 490 526
f 462 526 617
f 462 617 741
f 463 1134 493
f 463 518 1170
f 463 1150 1134
f 1150 463 1170
f 491 502 469
f 620 491 469
f 480 516 621
f 518 480 1180
f 480 621 1181
f 480 1179 1180
f 480 1181 1179
f 661 526 490
f 491 501 502
f 620 501 491
f 1062 493 1105
f 493 1112 1105
f 493 1134 1112
f 501 540 502
f 501 523 540
f 620 523 501
f 502 540 533
f 502 533 554
f 502 554 535
f 516 504 1195
f 504 1206 1195
f 513 1213 508
f 508 1210 1211
f 1213 1210 508
f 511 1219 513
f 537 1229 511
f 511 1226 1219
f 511 1228 1226
f 1229 1228 511
f 513 1219 1213
f 621 516 1188
f 516 1190 1188
f 516 1195 1190
f 1170 518 1197
f 518 1180 1192
f 518 1192 1194
f 1197 518 1194
f 532 540 523
f 523 620 532
f 617 526 672
f 661 709 526
f 672 526 709
f 532 541 540
f 541 532 677
f 532 620 677
f 540 588 533
f 533 586 554
f 533 588 586
f 535 565 537
f 535 554 606
f 535 609 565
f 535 606 609
f 537 565 1217
f 537 1217 1222
f 537 1222 1229
f 541 556 540
f 556 601 540
f 540 594 588
f 540 601 594
f 553 556 541
f 553 541 677
f 553 558 556
f 558 553 677
f 586 639 554
f 606 554 639
f 556 558 572
f 556 572 595
f 556 595 601
f 571 558 561
f 561 558 677
f 558 571 572
f 561 573 571
f 561 599 573
f 561 622 599
f 561 627 622
f 677 627 561
f 565 609 1178
f 1178 1199 565
f 1217 565 1199
f 571 573 572
f 572 573 599
f 572 600 595
f 572 599 600
f 588 613 586
f 586 613 639
f 588 594 635
f 588 635 613
f 601 641 594
f 635 594 641
f 600 637 595
f 601 595 619
f 595 637 619
f 599 624 600
f 622 624 599
f 600 624 637
f 601 619 641
f 609 606 639
f 1178 609 639
f 635 1157 613
f 613 1175 639
f 1175 613 1157
f 617 672 741
f 637 1040 619
f 641 619 1083
f 1040 1072 619
f 1072 1073 619
f 1083 619 1073
f 620 1088 677
f 1181 621 1185
f 621 1186 1185
f 621 1188 1186
f 622 625 624
f 622 627 625
f 625 649 624
f 624 649 637
f 625 627 647
f 647 649 625
f 677 647 627
f 635 641 1110
f 635 1110 1138
f 635 1138 1143
f 635 1143 1157
f 649 963 637
f 963 1030 637
f 1030 1040 637
f 1175 1176 639
f 1178 639 1176
f 641 1083 1110
f 647 650 649
f 677 650 647
f 650 691 649
f 691 704 649
f 704 716 649
f 716 824 649
f 824 905 649
f 905 963 649
f 677 675 650
f 650 675 691
f 661 761 709
f 661 966 761
f 966 661 983
f 983 661 990
f 661 1054 990
f 741 672 709
f 677 691 675
f 677 704 691
f 704 677 824
f 677 1090 824
f 677 1088 1090
f 716 704 824
f 741 709 761
f 741 761 937
f 741 937 983
f 741 983 990
f 741 990 1122
f 1264 1088 741
f 741 1122 1264
f 761 966 937
f 905 824 998
f 824 1090 998
f 963 905 998
f 983 937 966
f 1030 963 998
f 1112 990 1054
f 990 1112 1122
f 998 1072 1030
f 1083 1072 998
f 1083 998 1090
f 1030 1072 1040
f 1105 1054 1062
f 1105 1112 1054
f 1083 1073 1072
f 1104 1083 1090
f 1104 1110 1083
f 1264 1090 1088
f 1110 1104 1090
f 1110 1090 1138
f 1138 1090 1143
f 1143 1090 1155
f 1157 1155 1090
f 1175 1157 1090
f 1176 1175 1090
f 1178 1176 1090
f 1199 1178 1090
f 1217 1199 1090
f 1264 1217 1090
f 1112 1134 1122
f 1264 1122 1134
f 1264 1134 1150
f 1157 1143 1155
f 1264 1150 1170
f 1204 1170 1197
f 1264 1170 1204
f 1264 1180 1179
f 1179 1181 1264
f 1264 1192 1180
f 1181 1185 1264
f 1185 1186 1264
f 1186 1188 1264
f 1188 1190 1264
f 1190 1195 1212
f 1264 1190 1212
f 1264 1194 1192
f 1264 1197 1194
f 1195 1206 1212
f 1264 1204 1197
f 1206 1208 1212
f 1211 1212 1208
f 1211 1210 1264
f 1210 1213 1264
f 1212 1211 1264
f 1213 1219 1264
f 1264 1222 1217
f 1219 1226 1264
f 1229 1222 1233
f 1264 1233 1222
f 1226 1228 1264
f 1228 1229 1264
f 1229 1233 1264
f 3129 3128 3126
f 3158 3126 3128
f 3162 3129 3126
f 3142 3126 3158
f 3179 3126 3142
f 3179 3162 3126
f 3468 3128 3129
f 3158 3128 3134
f 3134 3128 3468
f 3162 3153 3129
f 3129 3153 3470
f 3470 3468 3129
f 3158 3134 3137
f 3134 3466 3137
f 3134 3468 3466
f 3158 3137 3144
f 3137 3471 3144
f 3466 3471 3137
f 3158 3165 3142
f 3165 3169 3142
f 3169 3173 3142
f 3142 3173 3177
f 3142 3177 3183
f 3142 3263 3179
f 3142 3183 3188
f 3142 3188 3207
f 3207 3302 3142
f 3142 3396 3263
f 3302 3396 3142
f 3151 3157 3144
f 3144 3473 3151
f 3157 3158 3144
f 3471 3473 3144
f 3156 3157 3151
f 3151 3482 3156
f 3473 3482 3151
f 3476 3153 3162
f 3470 3153 3475
f 3153 3476 3475
f 3157 3156 3485
f 3482 3485 3156
f 3157 3165 3158
f 3487 3165 3157
f 3485 3487 3157
f 3162 3179 3263
f 3162 3263 3481
f 3476 3162 3481
f 3165 3503 3169
f 3487 3503 3165
f 3177 3173 3169
f 3177 3169 3220
f 3169 3506 3220
f 3503 3506 3169
f 3177 3220 3183
f 3220 3188 3183
f 3188 3220 3207
f 3207 3220 3302
f 3220 3305 3302
f 3220 3390 3305
f 3220 3446 3390
f 3220 3618 3446
f 3506 3510 3220
f 3220 3510 3515
f 3220 3515 3618
f 3263 3396 3362
f 3481 3263 3362
f 3305 3396 3302
f 3390 3396 3305
f 3399 3362 3396
f 3399 3481 3362
f 3417 3396 3390
f 3390 3446 3417
f 3399 3396 3434
f 3396 3417 3425
f 3396 3425 3458
f 3396 3687 3434
f 3396 3458 3509
f 3396 3509 3702
f 3702 3687 3396
f 3493 3399 3434
f 3493 3481 3399
f 3417 3446 3425
f 3446 3458 3425
f 3493 3434 3524
f 3524 3434 3580
f 3434 3687 3580
f 3458 3446 3509
f 3446 3675 3509
f 3446 3618 3635
f 3446 3635 3675
f 3467 3466 3468
f 3471 3466 3467
f 3467 3468 3502
f 3467 3486 3471
f 3502 3486 3467
f 3468 3470 3502
f 3470 3475 3502
f 3471 3486 3473
f 3473 3486 3482
f 3502 3475 3476
f 3502 3476 3481
f 3502 3481 3493
f 3482 3486 3485
f 3487 3485 3486
f 3486 3502 3487
f 3502 3503 3487
f 3493 3687 3502
f 3493 3524 3687
f 3502 3506 3503
f 3502 3510 3506
f 3502 3515 3510
f 3603 3515 3502
f 3502 3687 3603
f 3509 3682 3650
f 3509 3650 3702
f 3509 3675 3682
f 3603 3589 3515
f 3618 3515 3589
f 3580 3687 3524
f 3611 3589 3603
f 3618 3589 3611
f 3603 3618 3611
f 3603 3635 3618
f 3603 3675 3635
f 3675 3603 3682
f 3603 3702 3682
f 3603 3687 3702
f 3650 3682 3686
f 3650 3686 3700
f 3700 3702 3650
f 3682 3702 3686
f 3700 3686 3702
f 708 644 810
f 1012 644 708
f 644 1412 810
f 1012 1412 644
f 708 718 730
f 718 708 760
f 730 864 708
f 708 810 760
f 864 1012 708
f 730 718 760
f 864 730 760
f 863 760 810
f 864 760 863
f 810 1013 863
f 810 1126 1013
f 1449 1126 810
f 1449 810 1412
f 864 863 980
f 980 863 1080
f 1080 863 1013
f 980 1012 864
f 1012 980 1080
f 1292 1012 1080
f 1292 1412 1012
f 1126 1080 1013
f 1126 1239 1080
f 1239 1292 1080
f 1295 1239 1126
f 1449 1295 1126
f 1292 1239 1318
f 1318 1239 1295
f 1292 1318 1371
f 1292 1371 1449
f 1292 1449 1412
f 1371 1318 1295
f 1478 1371 1295
f 1478 1295 1449
f 1449 1371 1478
f 19 44 43
f 416 19 43
f 44 19 416
f 43 44 49
f 47 43 50
f 416 43 47
f 50 43 49
f 49 44 416
f 416 47 50
f 50 49 71
f 71 49 51
f 51 49 416
f 66 50 71
f 416 50 66
f 477 71 51
f 477 51 416
f 93 66 71
f 93 83 66
f 66 83 477
f 416 66 477
f 477 93 71
f 86 83 93
f 118 83 86
f 477 83 118
f 86 93 99
f 86 99 100
f 100 118 86
f 477 99 93
f 99 111 100
f 477 111 99
f 100 111 118
f 114 118 111
f 114 111 477
f 114 113 118
f 142 113 114
f 113 117 118
f 117 113 139
f 139 113 142
f 142 114 477
f 121 118 117
f 121 117 139
f 477 118 121
f 477 121 139
f 142 150 139
f 139 150 156
f 154 139 156
f 477 139 154
f 142 147 150
f 477 147 142
f 150 147 539
f 539 147 477
f 494 156 150
f 494 150 539
f 156 164 154
f 154 164 167
f 154 167 494
f 477 154 494
f 494 164 156
f 164 175 167
f 494 175 164
f 167 175 211
f 167 211 180
f 167 180 494
f 206 211 175
f 206 175 494
f 494 180 211
f 206 219 211
f 219 206 494
f 494 211 219
f 964 477 494
f 539 477 964
f 494 539 964
f 2574 2561 2564
f 2564 2561 2615
f 2657 2561 2574
f 2615 2561 2657
f 2615 2566 2564
f 2566 3290 2564
f 2564 3290 2574
f 2615 2567 2566
f 2566 2567 3292
f 2566 3292 3290
f 2615 2573 2567
f 3270 2567 2573
f 3270 3294 2567
f 2567 3294 3292
f 2576 2573 2615
f 2635 2573 2576
f 2635 3270 2573
f 2653 2574 2609
f 2574 3286 2609
f 2657 2574 2653
f 2574 3290 3286
f 2577 2576 2615
f 2577 2635 2576
f 2579 2577 2615
f 2577 2579 2635
f 2580 2602 2579
f 2580 2579 2615
f 2602 2635 2579
f 2602 2580 2615
f 2615 2604 2602
f 2602 2604 2635
f 2615 2608 2604
f 2640 2604 2608
f 2604 2875 2635
f 2640 2875 2604
f 2615 2613 2608
f 2613 2640 2608
f 2616 2653 2609
f 2609 3281 2616
f 3286 3281 2609
f 2615 2620 2613
f 2620 2640 2613
f 2615 2708 2620
f 2657 2668 2615
f 2668 2682 2615
f 2682 2686 2615
f 2686 2694 2615
f 2694 2705 2615
f 2705 2717 2615
f 2615 2743 2708
f 2717 2719 2615
f 2719 2726 2615
f 2726 2733 2615
f 2733 2740 2615
f 2740 2745 2615
f 2615 2812 2743
f 2745 2773 2615
f 2773 2784 2615
f 2784 2792 2615
f 2792 2812 2615
f 2653 2616 2636
f 3279 2636 2616
f 3281 3279 2616
f 2621 2640 2620
f 2620 2708 2621
f 2627 2690 2621
f 2708 2627 2621
f 2690 2640 2621
f 2629 2690 2627
f 2629 2627 2708
f 2629 2632 2690
f 2632 2629 2708
f 2634 2632 2708
f 2632 2634 2875
f 2632 2875 2690
f 2650 2634 2708
f 2650 2727 2634
f 2727 3068 2634
f 2634 3068 2875
f 2875 3069 2635
f 3069 3261 2635
f 2635 3261 3270
f 2653 2636 3277
f 3279 3277 2636
f 2640 2690 2875
f 2708 2727 2650
f 2653 3283 2657
f 2653 3277 3283
f 2657 3283 2668
f 2668 3280 2682
f 3283 3280 2668
f 2682 3287 2686
f 3280 3287 2682
f 2686 3291 2694
f 3287 3291 2686
f 2705 2694 3296
f 3291 3296 2694
f 2705 3312 2717
f 2705 3296 3312
f 2708 2817 2727
f 2708 2743 3111
f 2708 2818 2817
f 2830 2818 2708
f 2979 2830 2708
f 3111 2979 2708
f 3306 2719 2717
f 2717 3320 3306
f 3312 3320 2717
f 2726 2719 3306
f 2726 3300 2733
f 2726 3306 3300
f 2727 2817 2830
f 2727 2830 3068
f 2740 2733 3289
f 3289 2733 3300
f 2740 3275 2745
f 2740 3289 3275
f 2991 2743 2812
f 3111 2743 2991
f 2745 3139 2773
f 3275 3139 2745
f 2773 3139 2784
f 2901 2792 2784
f 2784 3139 2901
f 2901 2812 2792
f 2957 2812 2901
f 2812 2957 3062
f 3163 2991 2812
f 2812 3062 3163
f 2817 2818 2830
f 3068 2830 2979
f 2875 3068 3069
f 2957 2901 3093
f 2901 3139 3093
f 3093 3062 2957
f 2979 3110 3068
f 3111 3110 2979
f 3111 2991 3163
f 3062 3093 3163
f 3068 3174 3069
f 3110 3127 3068
f 3068 3127 3171
f 3068 3171 3174
f 3174 3181 3069
f 3181 3210 3069
f 3210 3234 3069
f 3069 3234 3261
f 3093 3139 3118
f 3093 3118 3163
f 3111 3171 3110
f 3110 3171 3127
f 3111 3163 3361
f 3171 3111 3181
f 3210 3181 3111
f 3227 3210 3111
f 3227 3111 3361
f 3195 3118 3139
f 3118 3195 3163
f 3195 3139 3254
f 3139 3255 3254
f 3258 3255 3139
f 3258 3139 3275
f 3195 3233 3163
f 3163 3233 3237
f 3163 3237 3254
f 3163 3254 3255
f 3163 3255 3258
f 3163 3258 3275
f 3163 3275 3289
f 3163 3289 3300
f 3163 3300 3306
f 3163 3306 3321
f 3163 3321 3361
f 3174 3171 3181
f 3237 3233 3195
f 3195 3254 3237
f 3210 3227 3234
f 3361 3234 3227
f 3361 3261 3234
f 3361 3270 3261
f 3270 3297 3294
f 3361 3297 3270
f 3279 3284 3277
f 3283 3277 3284
f 3361 3279 3281
f 3361 3284 3279
f 3280 3283 3361
f 3361 3287 3280
f 3361 3281 3286
f 3283 3284 3361
f 3361 3286 3290
f 3291 3287 3361
f 3361 3290 3292
f 3296 3291 3361
f 3361 3292 3294
f 3361 3294 3297
f 3312 3296 3361
f 3306 3320 3321
f 3320 3312 3361
f 3321 3320 3361
f 4765 4761 4699
f 4761 4847 4699
f 4766 4765 4699
f 4766 4699 4774
f 4774 4699 4775
f 4775 4699 4776
f 4776 4699 4781
f 4781 4699 4783
f 4783 4699 4784
f 4784 4699 4799
f 4799 4699 4803
f 4803 4699 4812
f 4699 4833 4812
f 4833 4699 5031
f 4847 4853 4699
f 4853 4877 4699
f 4911 4699 4877
f 4921 4699 4911
f 5031 4699 4921
f 4765 4847 4761
f 4765 4766 5101
f 4915 4847 4765
f 4921 4915 4765
f 5101 4921 4765
f 4774 5087 4766
f 4766 5087 5101
f 4774 4775 5087
f 4775 4776 4781
f 4775 4781 5087
f 4781 4783 5095
f 4781 5095 5087
f 4783 4784 5095
f 5095 4784 4799
f 4800 4787 4789
f 4812 4789 4787
f 4787 4800 4812
f 4812 4793 4789
f 4789 4793 5088
f 4800 4789 5088
f 4793 4820 4805
f 4793 4805 5088
f 4812 4820 4793
f 4799 4803 5084
f 4799 5084 5093
f 5095 4799 5093
f 4800 4801 4812
f 4801 4800 5084
f 4800 5088 5084
f 4801 4803 4812
f 4801 5084 4803
f 4805 4815 4807
f 4805 4807 5092
f 4805 4820 4815
f 4805 5092 5088
f 4815 5058 4807
f 4807 5058 5092
f 4820 4812 4841
f 4812 4833 4953
f 4812 4859 4841
f 4859 4812 4862
f 4862 4812 4872
f 4812 4874 4872
f 4812 4878 4874
f 4812 4881 4878
f 4881 4812 4883
f 4883 4812 4969
f 4812 4953 4969
f 4815 4819 4818
f 4815 4818 5058
f 4815 4820 4819
f 4818 4819 5058
f 4841 4819 4820
f 5058 4819 4841
f 5126 4953 4833
f 5126 4833 5031
f 5040 4841 4859
f 5040 5080 4841
f 5058 4841 5080
f 4853 4847 4911
f 4911 4847 4915
f 4877 4853 4911
f 4862 5040 4859
f 4872 5040 4862
f 4872 4874 5040
f 4878 5059 4874
f 4874 5059 5040
f 4878 4881 4883
f 4878 4883 5059
f 4891 4883 4969
f 4891 5077 4883
f 4883 5077 5059
f 4901 4891 4969
f 4901 5057 4891
f 5057 5077 4891
f 4907 4901 4969
f 4901 4907 5057
f 4912 4907 4969
f 4907 4912 5027
f 4907 5027 5057
f 4915 4921 4911
f 4924 4912 4969
f 4912 4924 4976
f 4912 4976 5027
f 4968 4921 4948
f 5101 4948 4921
f 5031 4921 4968
f 4976 4924 4969
f 4968 4948 5103
f 5103 4948 5101
f 4953 5076 4969
f 4953 5081 5076
f 4953 5124 5081
f 4953 5136 5124
f 4953 5126 5249
f 5148 5136 4953
f 5151 5148 4953
f 5159 5151 4953
f 5163 5159 4953
f 4953 5190 5163
f 4953 5218 5190
f 4953 5225 5218
f 4953 5238 5225
f 4953 5249 5238
f 5031 4968 5021
f 5021 4968 5103
f 4976 4969 5006
f 5024 5006 4969
f 5024 4969 5049
f 5049 4969 5054
f 5075 5054 4969
f 5076 5075 4969
f 4976 5006 5027
f 5027 5006 5024
f 5021 5185 5031
f 5097 5021 5103
f 5021 5097 5115
f 5021 5115 5177
f 5021 5177 5185
f 5027 5024 5048
f 5048 5024 5042
f 5042 5024 5049
f 5057 5027 5048
f 5031 5264 5126
f 5031 5185 5199
f 5031 5199 5257
f 5250 5253 5031
f 5031 5257 5250
f 5031 5253 5264
f 5059 5127 5040
f 5040 5127 5080
f 5042 5046 5044
f 5044 5048 5042
f 5042 5049 5046
f 5046 5048 5044
f 5046 5049 5048
f 5079 5048 5049
f 5048 5079 5057
f 5079 5049 5054
f 5079 5054 5075
f 5057 5079 5077
f 5058 5080 5092
f 5077 5127 5059
f 5076 5081 5075
f 5081 5079 5075
f 5134 5077 5079
f 5134 5127 5077
f 5124 5079 5081
f 5134 5079 5124
f 5128 5092 5080
f 5128 5080 5127
f 5084 5088 5140
f 5093 5084 5140
f 5087 5095 5138
f 5101 5087 5138
f 5088 5092 5128
f 5088 5128 5174
f 5140 5088 5174
f 5095 5093 5140
f 5138 5095 5214
f 5095 5140 5214
f 5097 5103 5115
f 5103 5101 5179
f 5101 5138 5179
f 5115 5103 5179
f 5177 5115 5179
f 5133 5134 5124
f 5124 5136 5133
f 5249 5126 5252
f 5126 5266 5252
f 5264 5268 5126
f 5126 5268 5266
f 5127 5168 5128
f 5134 5150 5127
f 5127 5150 5168
f 5168 5174 5128
f 5133 5136 5134
f 5136 5150 5134
f 5148 5150 5136
f 5214 5179 5138
f 5174 5214 5140
f 5148 5151 5150
f 5159 5150 5151
f 5159 5169 5150
f 5169 5168 5150
f 5159 5163 5169
f 5163 5189 5169
f 5163 5190 5189
f 5169 5198 5168
f 5198 5174 5168
f 5169 5189 5198
f 5198 5236 5174
f 5236 5214 5174
f 5177 5179 5193
f 5185 5177 5193
f 5199 5193 5179
f 5251 5199 5179
f 5251 5179 5214
f 5199 5185 5193
f 5190 5218 5189
f 5218 5198 5189
f 5225 5198 5218
f 5238 5198 5225
f 5236 5198 5238
f 5199 5251 5257
f 5257 5214 5236
f 5257 5251 5214
f 5249 5236 5238
f 5249 5253 5236
f 5236 5253 5250
f 5250 5257 5236
f 5249 5252 5266
f 5249 5264 5253
f 5249 5268 5264
f 5266 5268 5249
f 4343 4229 4464
f 4229 4343 4699
f 4229 4448 4550
f 4953 4448 4229
f 4464 4229 4465
f 4465 4229 4467
f 4467 4229 4468
f 4468 4229 4470
f 4470 4229 4498
f 4498 4229 4512
f 4512 4229 4514
f 4514 4229 4520
f 4520 4229 4521
f 4521 4229 4549
f 4549 4229 4550
f 4699 4833 4229
f 4229 4833 4953
f 4388 4389 4343
f 4392 4388 4343
f 4389 4391 4343
f 4391 4399 4343
f 4393 4392 4343
f 4343 4398 4393
f 4343 4417 4398
f 4343 4399 4699
f 4343 4419 4417
f 4343 4440 4419
f 4343 4442 4440
f 4343 4443 4442
f 4343 4461 4443
f 4476 4461 4343
f 4462 4343 4463
f 4474 4343 4462
f 4463 4343 4464
f 4478 4343 4474
f 4481 4476 4343
f 4343 4478 4479
f 4479 4481 4343
f 4391 4389 4388
f 4391 4388 4800
f 4388 4392 4787
f 4388 4787 4800
f 4404 4399 4391
f 4391 4801 4404
f 4391 4800 4801
f 4392 4393 4398
f 4392 4398 4789
f 4392 4789 4787
f 4398 4417 4793
f 4789 4398 4793
f 4399 4404 4699
f 4404 4471 4699
f 4471 4404 4799
f 4404 4801 4799
f 4417 4419 4805
f 4793 4417 4805
f 4419 4440 4807
f 4805 4419 4807
f 4440 4442 4815
f 4440 4815 4807
f 4442 4443 4818
f 4815 4442 4818
f 4819 4443 4461
f 4818 4443 4819
f 4528 4448 4508
f 4448 4656 4508
f 4528 4540 4448
f 4540 4554 4448
f 4552 4550 4448
f 4556 4552 4448
f 4554 4555 4448
f 4555 4556 4448
f 4886 4656 4448
f 4886 4448 4953
f 4476 4841 4461
f 4820 4819 4461
f 4841 4820 4461
f 4704 4462 4463
f 4462 4771 4474
f 4704 4771 4462
f 4464 4704 4463
f 4464 4465 4704
f 4465 4467 4704
f 4467 4468 4757
f 4467 4757 4704
f 4470 4757 4468
f 4470 4498 4757
f 4471 4497 4699
f 4497 4471 4784
f 4784 4471 4799
f 4477 4478 4474
f 4474 4804 4477
f 4474 4771 4804
f 4481 4859 4476
f 4859 4841 4476
f 4477 4804 4478
f 4804 4479 4478
f 4479 4804 4481
f 4804 4862 4481
f 4481 4862 4859
f 4497 4511 4699
f 4511 4497 4783
f 4497 4784 4783
f 4512 4998 4498
f 4498 4998 4757
f 4528 4508 4538
f 4508 4656 4538
f 4511 4585 4699
f 4585 4511 4781
f 4511 4783 4781
f 4512 4514 4992
f 4992 4998 4512
f 4514 4520 4992
f 4521 4992 4520
f 4521 4549 4992
f 4528 4538 4540
f 4538 4933 4540
f 4656 4852 4538
f 4852 4933 4538
f 4933 4554 4540
f 4549 4550 4981
f 4549 4981 4992
f 4552 4551 4550
f 4550 4551 4981
f 4551 4552 4981
f 4552 4556 4947
f 4981 4552 4947
f 4554 4967 4555
f 4933 4967 4554
f 4555 4947 4556
f 4967 4947 4555
f 4585 4586 4699
f 4586 4585 4775
f 4775 4585 4776
f 4585 4781 4776
f 4586 4587 4699
f 4587 4586 4774
f 4774 4586 4775
f 4699 4587 4590
f 4590 4587 4766
f 4587 4774 4766
f 4699 4590 4591
f 4591 4590 4765
f 4765 4590 4766
f 4699 4591 4593
f 4761 4593 4591
f 4761 4591 4765
f 4699 4593 4761
f 4886 4852 4656
f 4761 4765 4699
f 4765 4766 4699
f 4766 4774 4699
f 4774 4775 4699
f 4775 4776 4699
f 4699 4776 4781
f 4699 4781 4783
f 4699 4783 4784
f 4699 4784 4799
f 4699 4799 4803
f 4699 4803 4812
f 4812 4833 4699
f 4704 4757 4907
f 4704 4891 4771
f 4704 4901 4891
f 4704 4907 4901
f 4907 4757 4912
f 4757 4924 4912
f 4757 4998 4924
f 4771 4878 4804
f 4771 4881 4878
f 4771 4883 4881
f 4891 4883 4771
f 4787 4789 4812
f 4812 4800 4787
f 4789 4793 4812
f 4793 4805 4820
f 4793 4820 4812
f 4799 4801 4803
f 4812 4801 4800
f 4812 4803 4801
f 4804 4872 4862
f 4804 4874 4872
f 4878 4874 4804
f 4815 4805 4807
f 4820 4805 4815
f 4812 4820 4841
f 4953 4833 4812
f 4812 4841 4859
f 4812 4859 4862
f 4812 4862 4872
f 4812 4872 4874
f 4878 4812 4874
f 4812 4878 4881
f 4883 4812 4881
f 4969 4812 4883
f 4969 4953 4812
f 4815 4818 4819
f 4820 4815 4819
f 4886 4856 4852
f 4852 4856 4933
f 4886 4905 4856
f 4856 4905 4913
f 4856 4913 4933
f 4891 4969 4883
f 4905 4886 4913
f 4913 4886 4932
f 4886 4997 4932
f 4886 4953 5051
f 5025 4997 4886
f 5025 4886 5034
f 5034 4886 5051
f 4901 4969 4891
f 4907 4969 4901
f 4969 4907 4912
f 4969 4912 4924
f 4913 4932 4933
f 4969 4924 4976
f 4924 4998 4976
f 4932 4936 4933
f 4932 4997 4936
f 4933 4936 4961
f 4933 4961 4967
f 4961 4936 4971
f 4936 4997 4971
f 4967 4986 4947
f 4981 4947 4986
f 4969 5076 4953
f 5051 4953 5062
f 5062 4953 5073
f 5073 4953 5082
f 5076 5081 4953
f 5081 5124 4953
f 5082 4953 5147
f 5124 5136 4953
f 5148 4953 5136
f 5147 4953 5152
f 5151 4953 5148
f 5159 4953 5151
f 5152 4953 5160
f 5163 4953 5159
f 5160 4953 5163
f 4961 4971 4967
f 4967 4971 4987
f 4967 4987 4986
f 4976 5006 4969
f 4969 5006 5024
f 4969 5024 5049
f 5049 5054 4969
f 4969 5054 5075
f 4969 5075 5076
f 4971 4997 4987
f 4976 4998 5006
f 5012 4981 4986
f 4992 4981 5022
f 5012 5022 4981
f 4997 4986 4987
f 5005 4986 4997
f 5012 4986 5005
f 4998 4992 5022
f 5019 5005 4997
f 5025 5019 4997
f 5006 4998 5022
f 5011 5012 5005
f 5019 5011 5005
f 5024 5006 5022
f 5019 5012 5011
f 5019 5025 5012
f 5012 5044 5022
f 5025 5034 5012
f 5034 5046 5012
f 5046 5044 5012
f 5024 5022 5042
f 5044 5042 5022
f 5024 5042 5049
f 5034 5049 5046
f 5034 5051 5049
f 5046 5042 5044
f 5049 5042 5046
f 5054 5049 5051
f 5075 5054 5051
f 5062 5075 5051
f 5073 5081 5062
f 5062 5076 5075
f 5062 5081 5076
f 5073 5082 5081
f 5124 5081 5082
f 5121 5124 5082
f 5121 5082 5147
f 5133 5124 5121
f 5132 5133 5121
f 5132 5121 5147
f 5124 5133 5136
f 5132 5136 5133
f 5136 5132 5148
f 5132 5147 5148
f 5147 5151 5148
f 5147 5152 5151
f 5159 5151 5152
f 5160 5159 5152
f 5160 5163 5159
f 832 827 826
f 827 837 826
f 826 834 831
f 826 831 1091
f 832 826 1091
f 826 837 834
f 829 827 832
f 829 1103 827
f 827 1103 837
f 855 829 832
f 850 829 855
f 829 850 985
f 829 985 1103
f 1091 831 834
f 855 832 833
f 833 832 1091
f 833 869 855
f 833 877 869
f 833 899 877
f 833 934 899
f 833 978 934
f 833 1091 978
f 837 842 834
f 834 842 845
f 1091 834 845
f 842 837 1103
f 876 845 842
f 858 876 842
f 842 1103 858
f 876 871 845
f 1003 845 871
f 1003 1091 845
f 854 850 855
f 850 854 895
f 850 895 985
f 854 855 869
f 854 869 873
f 895 854 873
f 876 858 929
f 929 858 945
f 945 858 954
f 858 1001 954
f 858 1103 1001
f 873 869 877
f 876 885 871
f 871 885 884
f 1003 871 884
f 873 877 878
f 888 873 878
f 888 895 873
f 876 929 885
f 899 878 877
f 888 878 899
f 884 885 920
f 1003 884 920
f 885 929 920
f 895 888 934
f 888 899 934
f 895 934 933
f 895 933 985
f 947 920 929
f 965 920 947
f 965 1003 920
f 947 929 945
f 1006 933 934
f 985 933 1015
f 1015 933 1006
f 1006 934 978
f 947 945 965
f 945 954 965
f 965 954 1023
f 954 1001 1024
f 954 1024 1023
f 1003 965 1023
f 1006 978 1091
f 1015 1103 985
f 1001 1046 1024
f 1001 1103 1046
f 1069 1003 1023
f 1117 1003 1069
f 1091 1003 1173
f 1173 1003 1117
f 1015 1006 1020
f 1006 1019 1020
f 1019 1006 1091
f 1015 1020 1103
f 1050 1020 1019
f 1050 1019 1075
f 1075 1019 1091
f 1020 1050 1103
f 1023 1024 1069
f 1024 1046 1069
f 1069 1046 1117
f 1046 1103 1115
f 1046 1115 1117
f 1089 1050 1075
f 1050 1089 1103
f 1089 1075 1127
f 1127 1075 1091
f 1089 1115 1103
f 1089 1218 1115
f 1089 1127 1123
f 1089 1123 1454
f 1454 1218 1089
f 1168 1127 1091
f 1091 1205 1168
f 1091 1173 1227
f 1091 1227 1205
f 1115 1173 1117
f 1115 1218 1173
f 1168 1123 1127
f 1205 1123 1168
f 1304 1123 1205
f 1123 1304 1454
f 1173 1218 1227
f 1205 1227 1242
f 1242 1304 1205
f 1227 1218 1390
f 1390 1218 1397
f 1454 1397 1218
f 1242 1227 1390
f 1394 1304 1242
f 1242 1390 1420
f 1394 1242 1420
f 1461 1304 1394
f 1304 1461 1454
f 1390 1397 1420
f 1394 1420 1741
f 1461 1394 1493
f 1493 1394 1741
f 1420 1397 1502
f 1397 1454 1502
f 1420 1502 1525
f 1420 1525 1741
f 1741 1454 1461
f 1502 1454 1584
f 1584 1454 1741
f 1531 1461 1493
f 1741 1461 1531
f 1531 1493 1622
f 1622 1493 1741
f 1525 1502 1584
f 1525 1584 1647
f 1525 1647 1741
f 1741 1531 1622
f 1647 1584 1775
f 1741 1775 1584
f 1741 1647 1775
f 1449 1412 1594
f 1982 1412 1449
f 1594 1412 1982
f 1737 1449 1594
f 1763 1626 1449
f 1813 1449 1626
f 1763 1449 1737
f 1982 1449 1813
f 1689 1695 1594
f 1594 1729 1689
f 1695 1700 1594
f 1700 1707 1594
f 1707 1726 1594
f 1726 1730 1594
f 1594 1757 1729
f 1594 1730 1733
f 1733 1735 1594
f 1735 1736 1594
f 1594 1736 1759
f 1737 1594 1759
f 1594 1785 1757
f 1594 1787 1785
f 1594 1865 1787
f 1594 1916 1865
f 1982 1916 1594
f 1626 1763 1813
f 1695 1689 1729
f 1700 1695 1729
f 1700 1757 1707
f 1700 1729 1757
f 1726 1707 1787
f 1707 1757 1785
f 1785 1787 1707
f 1726 1865 1730
f 1726 1787 1865
f 1899 1733 1730
f 1730 1865 1899
f 1735 1733 1939
f 1939 1733 1899
f 1759 1736 1735
f 1759 1735 1955
f 1955 1735 1939
f 1737 1754 1748
f 1737 1748 1801
f 1754 1737 1766
f 1737 1759 1764
f 1737 1784 1763
f 1737 1764 1771
f 1737 1773 1766
f 1737 1771 1773
f 1737 1801 1784
f 1778 1748 1754
f 1801 1748 1778
f 1754 1766 1761
f 2081 1754 1761
f 2081 1778 1754
f 1759 2028 1764
f 2028 1759 1955
f 1761 1766 2073
f 2073 2081 1761
f 1763 1784 1813
f 1764 2057 1771
f 1764 2028 2057
f 1766 1773 2068
f 2073 1766 2068
f 1773 1771 2062
f 2057 2062 1771
f 2068 1773 2062
f 1801 1778 1795
f 1795 1778 2048
f 2048 1778 2081
f 1784 1804 1800
f 1784 1800 1992
f 1784 1801 1806
f 1784 1816 1804
f 1784 1806 1814
f 1784 1992 1813
f 1784 1814 1816
f 1795 2033 1801
f 2033 1795 2048
f 1800 1804 2080
f 1800 2064 1992
f 1800 2094 2064
f 2094 1800 2080
f 1806 1801 2033
f 1804 1816 2049
f 1804 2049 2080
f 1814 1806 2022
f 1806 2033 2022
f 1982 1813 1992
f 1814 2039 1816
f 2030 1814 2022
f 1814 2030 2039
f 1816 2039 2050
f 2049 1816 2050
f 1916 1899 1865
f 1899 1916 1939
f 1939 1916 1955
f 1916 1982 1955
f 1955 1982 2028
f 1992 2064 1982
f 2028 1982 2054
f 2054 1982 2057
f 2057 1982 2062
f 2068 2062 1982
f 2085 1982 2064
f 2068 1982 2073
f 2073 1982 2081
f 2081 1982 2085
f 2030 2022 2033
f 2057 2028 2054
f 2030 2033 2097
f 2039 2030 2049
f 2049 2030 2080
f 2030 2097 2080
f 2033 2048 2097
f 2039 2049 2050
f 2085 2048 2081
f 2085 2097 2048
f 2097 2085 2064
f 2094 2097 2064
f 2097 2094 2080
f 3899 3898 3900
f 3898 3899 3924
f 3900 3898 3924
f 3899 3900 4430
f 3899 3908 3924
f 3899 4432 3908
f 3899 4430 4432
f 3901 3900 3924
f 3901 4426 3900
f 4426 4430 3900
f 3901 3906 3919
f 3906 3901 3924
f 3901 3919 4367
f 3901 4367 4373
f 3901 4373 4426
f 3924 3919 3906
f 3908 3916 3924
f 4082 3916 3908
f 4082 3908 4453
f 3908 4432 4453
f 3916 3920 3924
f 3920 3916 4082
f 3924 3937 3919
f 3919 3937 3942
f 3919 3942 4337
f 4367 3919 4337
f 3923 4060 3920
f 3923 3920 4503
f 3920 4060 3924
f 4503 3920 4082
f 3933 3931 3923
f 3931 4060 3923
f 3923 4513 3933
f 3923 4503 4513
f 3937 3924 3942
f 3960 3942 3924
f 3960 3924 3985
f 3985 3924 4007
f 4007 3924 4169
f 4060 4102 3924
f 3924 4102 4169
f 4060 3931 3933
f 4060 3933 3943
f 3933 4541 3943
f 3933 4513 4541
f 4326 3942 3960
f 4337 3942 4326
f 4060 3943 3953
f 3953 3943 4543
f 4541 4543 3943
f 3986 4060 3953
f 3986 3953 4544
f 3953 4543 4544
f 3960 3985 4327
f 4327 4326 3960
f 3985 4007 4333
f 4327 3985 4333
f 4060 3986 4022
f 4553 4022 3986
f 3986 4544 4546
f 3986 4546 4553
f 4037 4007 4169
f 4037 4323 4007
f 4333 4007 4323
f 4024 4066 4022
f 4553 4024 4022
f 4078 4060 4022
f 4066 4078 4022
f 4035 4066 4024
f 4035 4024 4547
f 4547 4024 4557
f 4557 4024 4553
f 4032 4068 4053
f 4032 4053 4138
f 4060 4078 4032
f 4060 4032 4138
f 4032 4073 4068
f 4032 4078 4073
f 4043 4066 4035
f 4043 4035 4531
f 4531 4035 4547
f 4075 4037 4169
f 4037 4075 4280
f 4037 4280 4323
f 4058 4066 4043
f 4058 4043 4491
f 4043 4531 4491
f 4053 4068 4494
f 4138 4053 4536
f 4053 4494 4536
f 4066 4058 4485
f 4485 4058 4491
f 4060 4466 4102
f 4466 4060 4138
f 4078 4066 4480
f 4066 4485 4480
f 4068 4073 4484
f 4068 4484 4494
f 4073 4078 4480
f 4073 4480 4484
f 4100 4075 4169
f 4075 4100 4235
f 4280 4075 4235
f 4082 4453 4469
f 4490 4082 4469
f 4490 4503 4082
f 4109 4100 4169
f 4235 4100 4109
f 4169 4102 4364
f 4102 4466 4364
f 4122 4109 4169
f 4210 4109 4122
f 4109 4210 4235
f 4130 4122 4169
f 4122 4130 4193
f 4122 4193 4203
f 4210 4122 4203
f 4130 4150 4159
f 4150 4130 4169
f 4193 4130 4159
f 4334 4466 4138
f 4334 4138 4536
f 4150 4154 4159
f 4154 4150 4169
f 4169 4159 4154
f 4169 4193 4159
f 4169 4201 4193
f 4201 4169 4203
f 4210 4203 4169
f 4235 4210 4169
f 4280 4235 4169
f 4323 4280 4169
f 4323 4169 4364
f 4201 4203 4193
f 4335 4333 4323
f 4335 4323 4364
f 4364 4326 4327
f 4364 4337 4326
f 4364 4327 4333
f 4364 4333 4335
f 4396 4466 4334
f 4334 4524 4396
f 4334 4536 4524
f 4364 4367 4337
f 4364 4373 4367
f 4364 4420 4373
f 4426 4420 4364
f 4430 4426 4364
f 4364 4432 4430
f 4364 4453 4432
f 4364 4469 4453
f 4466 4577 4364
f 4364 4490 4469
f 4364 4503 4490
f 4577 4503 4364
f 4420 4426 4373
f 4524 4466 4396
f 4572 4466 4524
f 4577 4466 4572
f 4582 4484 4480
f 4571 4480 4485
f 4577 4480 4571
f 4577 4582 4480
f 4582 4494 4484
f 4531 4485 4491
f 4547 4485 4531
f 4557 4485 4547
f 4571 4485 4557
f 4582 4536 4494
f 4577 4513 4503
f 4541 4513 4537
f 4577 4537 4513
f 4524 4536 4572
f 4572 4536 4582
f 4577 4541 4537
f 4577 4543 4541
f 4577 4544 4543
f 4577 4546 4544
f 4577 4553 4546
f 4571 4557 4553
f 4577 4571 4553
f 4577 4572 4582
f 4692 4894 4650
f 4916 4692 4650
f 4650 4786 4693
f 4693 4809 4650
f 4650 4821 4786
f 4650 4809 4826
f 4894 4821 4650
f 4650 4826 4903
f 4650 4903 5018
f 5018 4916 4650
f 4780 4685 4692
f 4692 4685 4817
f 4780 4719 4685
f 4685 4719 4817
f 4692 4916 4780
f 4692 4817 4934
f 4934 4894 4692
f 4693 4786 4696
f 4693 4696 4809
f 4786 5112 4696
f 4696 5112 4809
f 4780 4829 4719
f 4817 4719 4829
f 4780 4897 4829
f 5099 4897 4780
f 5099 4780 4916
f 4821 5104 4786
f 5104 5112 4786
f 4826 4809 5112
f 4817 4829 4897
f 4897 4896 4817
f 4934 4817 4896
f 4894 4823 4821
f 4823 5104 4821
f 4894 4865 4823
f 4865 5104 4823
f 4903 4826 4941
f 4826 5003 4941
f 4826 5112 5003
f 4894 4885 4865
f 4865 4885 5104
f 4894 4888 4885
f 4885 4888 5104
f 4888 4893 4890
f 5122 4888 4890
f 4894 4893 4888
f 4888 5184 5104
f 5122 5184 4888
f 4893 5122 4890
f 4894 4895 4893
f 4895 4900 4893
f 4900 5122 4893
f 4894 4926 4895
f 4934 4926 4894
f 4895 4926 4900
f 4897 4974 4896
f 4896 4914 4934
f 4914 4896 4974
f 5099 4974 4897
f 4900 4926 4904
f 4904 5114 4900
f 5114 5122 4900
f 4903 4917 4908
f 5018 4903 4908
f 4903 4941 4917
f 4904 4926 4909
f 4904 4909 5114
f 5018 4908 4917
f 4909 4910 4919
f 4909 4926 4910
f 4909 4919 5186
f 4909 5186 5114
f 4926 4919 4910
f 4934 4914 4959
f 4959 4914 4974
f 5018 5324 4916
f 5099 4916 5421
f 4916 5324 5332
f 4916 5332 5342
f 4916 5342 5345
f 4916 5345 5346
f 5396 4916 5346
f 5407 4916 5396
f 5416 4916 5407
f 5421 4916 5416
f 5018 4917 4941
f 4926 4925 4919
f 4925 5227 4919
f 4919 5227 5186
f 4926 4935 4925
f 4935 5227 4925
f 4934 4960 4926
f 4935 4926 4982
f 4926 4960 4964
f 4964 4963 4926
f 4963 4965 4926
f 4965 4966 4926
f 4966 4982 4926
f 4958 4934 4959
f 4934 4958 4960
f 4962 4935 4982
f 4962 5227 4935
f 5018 4941 5003
f 4958 4959 5116
f 4960 4958 5116
f 4959 4974 5037
f 4959 5037 5135
f 4959 5135 5116
f 4964 4960 5116
f 4970 4962 4982
f 4970 5194 4962
f 5194 5227 4962
f 4963 4964 5116
f 4965 4963 5116
f 4980 4966 4965
f 4965 5116 4980
f 4966 4980 4991
f 4966 4983 4982
f 4966 4984 4983
f 4966 4985 4984
f 4966 4993 4985
f 4966 4991 4993
f 4982 5194 4970
f 5099 5037 4974
f 4991 4980 5209
f 4980 5116 5209
f 4983 5194 4982
f 5200 4983 4984
f 5200 5194 4983
f 4985 5200 4984
f 4993 5200 4985
f 4993 4991 4994
f 4994 4991 5234
f 5234 4991 5209
f 4994 5234 4993
f 5234 5200 4993
f 5018 5003 5033
f 5003 5112 5033
f 5018 5033 5219
f 5219 5278 5018
f 5018 5278 5285
f 5018 5285 5301
f 5301 5294 5018
f 5018 5294 5324
f 5041 5033 5112
f 5188 5033 5041
f 5219 5033 5188
f 5099 5135 5037
f 5041 5100 5061
f 5188 5041 5061
f 5041 5112 5100
f 5061 5100 5102
f 5188 5061 5102
f 5099 5210 5135
f 5099 5220 5210
f 5220 5099 5306
f 5099 5470 5306
f 5099 5421 5427
f 5099 5427 5441
f 5099 5441 5443
f 5099 5443 5470
f 5100 5208 5102
f 5112 5197 5100
f 5100 5197 5208
f 5102 5208 5188
f 5104 5197 5112
f 5184 5117 5104
f 5117 5197 5104
f 5114 5223 5122
f 5114 5186 5223
f 5116 5135 5210
f 5116 5210 5209
f 5184 5293 5117
f 5117 5246 5197
f 5117 5293 5246
f 5122 5223 5184
f 5223 5356 5184
f 5184 5356 5293
f 5186 5299 5223
f 5227 5368 5186
f 5186 5368 5299
f 5188 5208 5205
f 5205 5216 5188
f 5216 5219 5188
f 5200 5390 5194
f 5194 5390 5227
f 5197 5288 5208
f 5246 5288 5197
f 5234 5393 5200
f 5200 5393 5390
f 5208 5216 5205
f 5208 5270 5216
f 5208 5284 5270
f 5288 5284 5208
f 5209 5210 5220
f 5209 5220 5306
f 5234 5209 5393
f 5209 5306 5393
f 5216 5270 5219
f 5219 5270 5278
f 5223 5299 5356
f 5390 5368 5227
f 5246 5333 5288
f 5246 5293 5369
f 5246 5369 5333
f 5278 5270 5275
f 5284 5275 5270
f 5284 5278 5275
f 5284 5280 5278
f 5285 5278 5280
f 5284 5283 5280
f 5285 5280 5283
f 5285 5283 5284
f 5326 5285 5284
f 5288 5326 5284
f 5326 5301 5285
f 5288 5333 5326
f 5356 5369 5293
f 5301 5325 5294
f 5324 5294 5317
f 5317 5294 5325
f 5299 5422 5356
f 5368 5422 5299
f 5301 5326 5325
f 5306 5392 5393
f 5306 5470 5392
f 5317 5332 5324
f 5317 5325 5326
f 5333 5317 5326
f 5333 5332 5317
f 5343 5332 5333
f 5343 5342 5332
f 5333 5369 5343
f 5343 5345 5342
f 5346 5345 5343
f 5343 5364 5346
f 5369 5364 5343
f 5364 5396 5346
f 5356 5422 5369
f 5369 5370 5364
f 5364 5370 5396
f 5390 5430 5368
f 5368 5442 5422
f 5430 5442 5368
f 5422 5370 5369
f 5370 5407 5396
f 5422 5407 5370
f 5393 5478 5390
f 5390 5478 5430
f 5393 5392 5414
f 5392 5470 5414
f 5393 5414 5458
f 5393 5458 5478
f 5422 5416 5407
f 5414 5457 5458
f 5414 5462 5457
f 5414 5470 5462
f 5421 5416 5422
f 5427 5421 5422
f 5442 5427 5422
f 5427 5443 5441
f 5442 5443 5427
f 5478 5442 5430
f 5451 5443 5442
f 5477 5451 5442
f 5478 5477 5442
f 5470 5443 5451
f 5477 5470 5451
f 5458 5457 5462
f 5458 5462 5478
f 5477 5462 5470
f 5478 5462 5477
f 12 6 5
f 6 14 5
f 12 5 485
f 5 27 13
f 13 485 5
f 5 14 27
f 12 8 6
f 6 8 416
f 14 6 416
f 22 8 12
f 21 8 22
f 8 21 416
f 22 12 289
f 289 12 485
f 485 13 27
f 14 19 43
f 19 14 416
f 14 43 27
f 416 43 19
f 34 21 22
f 21 34 416
f 52 34 22
f 52 22 289
f 27 43 42
f 485 27 42
f 77 34 52
f 416 34 77
f 42 43 47
f 50 42 47
f 55 42 50
f 485 42 55
f 416 47 43
f 50 47 416
f 83 55 50
f 66 83 50
f 66 50 416
f 90 77 52
f 90 52 236
f 236 52 289
f 86 57 55
f 485 55 57
f 86 55 83
f 84 57 86
f 57 84 485
f 477 83 66
f 477 66 416
f 89 77 90
f 262 77 89
f 416 77 262
f 83 118 86
f 477 118 83
f 85 84 101
f 84 85 485
f 84 86 100
f 84 100 101
f 101 120 85
f 120 485 85
f 118 100 86
f 89 90 262
f 262 90 236
f 100 118 101
f 118 120 101
f 118 117 120
f 118 121 117
f 117 119 120
f 137 119 117
f 117 121 138
f 137 117 138
f 477 121 118
f 119 131 120
f 131 119 137
f 120 131 485
f 121 477 138
f 137 723 131
f 723 485 131
f 138 151 137
f 151 723 137
f 138 477 151
f 477 723 151
f 236 311 262
f 236 289 310
f 236 310 311
f 416 262 311
f 602 310 289
f 602 289 485
f 311 310 395
f 583 395 310
f 602 583 310
f 363 311 395
f 416 311 363
f 363 395 434
f 416 363 433
f 363 434 433
f 528 434 395
f 583 528 395
f 416 433 530
f 733 477 416
f 530 733 416
f 433 434 528
f 530 433 528
f 723 477 964
f 733 964 477
f 671 602 485
f 485 856 671
f 856 485 723
f 530 528 559
f 528 583 559
f 559 582 530
f 582 733 530
f 559 583 582
f 602 582 583
f 602 658 582
f 658 733 582
f 671 658 602
f 740 658 671
f 707 733 658
f 747 707 658
f 740 747 658
f 740 671 757
f 671 856 757
f 733 707 742
f 742 707 747
f 744 856 723
f 744 723 964
f 733 742 747
f 733 747 744
f 744 964 733
f 740 744 747
f 744 740 771
f 771 740 757
f 744 771 811
f 744 811 856
f 811 771 757
f 811 757 821
f 757 856 821
f 821 856 811
f 2708 2683 2650
f 2683 2727 2650
f 2708 2650 2727
f 2691 2683 2708
f 2683 2691 2727
f 2695 2691 2708
f 2691 2695 2817
f 2727 2691 2817
f 2702 2695 2708
f 2702 2845 2695
f 2817 2695 2845
f 2712 2702 2708
f 2712 2904 2702
f 2702 2904 2845
f 2739 2712 2708
f 2708 2727 2817
f 2739 2708 2761
f 2708 2743 2765
f 2708 3111 2743
f 2708 2766 2761
f 2778 2708 2765
f 2708 2767 2766
f 2767 2708 2771
f 2771 2708 2778
f 2708 2817 2818
f 2708 2818 2845
f 2708 2845 2904
f 2708 2904 2911
f 3111 2708 2911
f 2739 3124 2712
f 2712 2911 2904
f 2712 3124 2911
f 2761 3124 2739
f 3053 2765 2743
f 2881 3053 2743
f 2881 2743 3187
f 2991 2743 3111
f 3187 2743 2991
f 2766 3124 2761
f 2778 2765 2788
f 2816 2788 2765
f 2832 2816 2765
f 2842 2832 2765
f 2846 2839 2765
f 2856 2765 2839
f 2855 2842 2765
f 2854 2846 2765
f 2869 2848 2765
f 2848 2871 2765
f 2871 2854 2765
f 2878 2855 2765
f 2872 2765 2856
f 2869 2765 3053
f 2878 2765 2872
f 2767 3005 2766
f 2766 3005 3124
f 2771 3005 2767
f 2778 3005 2771
f 2788 2816 2778
f 2816 3084 2778
f 3084 3005 2778
f 2832 3023 2816
f 2816 3023 3084
f 2818 2817 2845
f 2842 3023 2832
f 2856 2839 2846
f 2855 3023 2842
f 2846 2854 3173
f 2856 2846 3038
f 2846 3177 3038
f 2846 3173 3177
f 2849 2848 2869
f 2848 2849 2884
f 2848 2884 2871
f 2849 2862 2874
f 2862 2849 3153
f 2849 2869 2940
f 2874 2884 2849
f 3162 2849 2940
f 3153 2849 3162
f 2871 3169 2854
f 2854 3169 3173
f 2855 2878 3023
f 2872 2856 3038
f 2888 2874 2862
f 2888 2862 3129
f 2862 3153 3129
f 2940 2869 3053
f 2884 2889 2871
f 2871 2889 3165
f 2871 3165 3169
f 2872 3038 2878
f 2889 2884 2874
f 2874 2888 2899
f 2889 2874 2900
f 2874 2899 2914
f 2900 2874 2903
f 2903 2874 2922
f 2874 2914 2920
f 2874 2920 2922
f 2878 3038 3023
f 2881 2906 2893
f 2881 2893 2982
f 2881 2959 2906
f 2881 3077 2959
f 2881 2982 3053
f 3187 3077 2881
f 2899 2888 3126
f 3126 2888 3129
f 2900 3157 2889
f 3157 3158 2889
f 2889 3158 3165
f 2893 2906 2982
f 2914 2899 3128
f 3128 2899 3126
f 2903 3156 2900
f 2900 3156 3157
f 2922 3151 2903
f 2903 3151 3156
f 2906 2959 2982
f 2946 3111 2911
f 2946 2911 3124
f 2914 3134 2920
f 2914 3128 3134
f 2920 3137 2922
f 2920 3134 3137
f 3137 3144 2922
f 2922 3144 3151
f 3053 3025 2940
f 3025 3162 2940
f 2946 3097 3081
f 3111 2946 3081
f 2946 3124 3097
f 2982 2959 3077
f 3053 2982 3058
f 2982 3077 3058
f 3694 2991 3111
f 3187 2991 3694
f 3084 3124 3005
f 3038 3170 3023
f 3023 3347 3084
f 3023 3170 3347
f 3058 3025 3053
f 3058 3179 3025
f 3179 3162 3025
f 3172 3170 3038
f 3183 3172 3038
f 3177 3183 3038
f 3058 3077 3152
f 3152 3263 3058
f 3263 3179 3058
f 3152 3077 3187
f 3214 3081 3097
f 3111 3081 3214
f 3084 3295 3124
f 3084 3311 3295
f 3337 3311 3084
f 3084 3644 3337
f 3347 3644 3084
f 3097 3124 3120
f 3214 3097 3120
f 3214 3480 3111
f 3111 3480 3694
f 3124 3189 3120
f 3189 3214 3120
f 3124 3216 3189
f 3295 3216 3124
f 3128 3126 3158
f 3162 3126 3129
f 3126 3142 3158
f 3142 3126 3179
f 3179 3126 3162
f 3134 3128 3158
f 3162 3129 3153
f 3158 3137 3134
f 3158 3144 3137
f 3165 3158 3142
f 3169 3165 3142
f 3173 3169 3142
f 3142 3177 3173
f 3142 3183 3177
f 3179 3263 3142
f 3142 3188 3183
f 3142 3207 3188
f 3207 3142 3302
f 3142 3263 3396
f 3142 3396 3302
f 3151 3144 3157
f 3157 3144 3158
f 3156 3151 3157
f 3160 3152 3187
f 3152 3160 3601
f 3399 3263 3152
f 3399 3152 3508
f 3152 3571 3508
f 3152 3601 3571
f 3257 3160 3187
f 3160 3257 3601
f 3170 3172 3347
f 3188 3172 3183
f 3172 3188 3207
f 3172 3207 3310
f 3172 3310 3347
f 3187 3382 3257
f 3474 3382 3187
f 3694 3474 3187
f 3214 3189 3216
f 3207 3302 3310
f 3214 3216 3295
f 3214 3295 3311
f 3311 3337 3214
f 3337 3480 3214
f 3601 3257 3382
f 3396 3263 3362
f 3399 3362 3263
f 3302 3305 3310
f 3302 3396 3305
f 3305 3390 3310
f 3390 3305 3396
f 3310 3390 3347
f 3412 3480 3337
f 3615 3412 3337
f 3337 3644 3615
f 3347 3390 3417
f 3417 3425 3347
f 3425 3458 3347
f 3458 3509 3347
f 3347 3509 3668
f 3347 3668 3644
f 3396 3362 3399
f 3474 3457 3382
f 3382 3457 3601
f 3417 3390 3396
f 3396 3399 3434
f 3425 3417 3396
f 3458 3425 3396
f 3396 3434 3687
f 3396 3509 3458
f 3702 3509 3396
f 3396 3687 3702
f 3508 3434 3399
f 3479 3480 3412
f 3615 3479 3412
f 3508 3536 3434
f 3536 3580 3434
f 3434 3580 3687
f 3474 3512 3457
f 3457 3512 3601
f 3474 3654 3512
f 3873 3654 3474
f 3474 3694 3873
f 3480 3479 3572
f 3615 3572 3479
f 3480 3687 3507
f 3694 3480 3507
f 3572 3702 3480
f 3687 3480 3702
f 3536 3508 3507
f 3508 3571 3507
f 3507 3580 3536
f 3507 3571 3631
f 3687 3580 3507
f 3873 3507 3631
f 3873 3694 3507
f 3668 3509 3650
f 3702 3650 3509
f 3512 3631 3601
f 3654 3631 3512
f 3631 3571 3601
f 3572 3615 3702
f 3615 3644 3702
f 3703 3631 3654
f 3703 3873 3631
f 3644 3668 3702
f 3668 3650 3681
f 3650 3700 3681
f 3700 3650 3702
f 3703 3654 3783
f 3873 3783 3654
f 3681 3702 3668
f 3702 3681 3700
f 3703 3783 3877
f 3873 3703 3877
f 3873 3877 3783
f 2495 2582 2480
f 2495 2480 2765
f 2569 2480 2570
f 2569 2735 2480
f 2480 2582 2570
f 2480 2611 2583
f 2624 2480 2583
f 2480 2663 2611
f 2630 2480 2624
f 2665 2480 2630
f 2480 2689 2663
f 2672 2480 2665
f 2765 2480 2672
f 2701 2689 2480
f 2710 2701 2480
f 2735 2710 2480
f 2523 2582 2495
f 2495 2595 2523
f 2495 2881 2595
f 2495 2765 2743
f 2495 2743 2881
f 2595 2582 2523
f 2599 2569 2570
f 2569 2599 2684
f 2569 2684 2735
f 2869 2570 2582
f 2869 2599 2570
f 2582 2595 2909
f 2582 2909 2869
f 2624 2583 2611
f 2769 2867 2595
f 2595 2881 2769
f 2867 2909 2595
f 2599 2631 2664
f 2631 2599 2847
f 2599 2664 2684
f 2599 2848 2847
f 2848 2599 2869
f 2624 2611 2729
f 2663 2780 2611
f 2729 2611 2780
f 2624 2729 2630
f 2630 2711 2665
f 2630 2729 2711
f 2631 2841 2664
f 2631 2847 2841
f 2689 2789 2663
f 2663 2789 2780
f 2684 2664 2837
f 2664 2841 2837
f 2672 2665 2674
f 2665 2711 2674
f 2672 2674 2765
f 2674 2711 2765
f 2728 2684 2685
f 2837 2685 2684
f 2735 2684 2728
f 2685 2713 2728
f 2713 2685 2831
f 2831 2685 2837
f 2689 2701 2789
f 2710 2797 2701
f 2701 2797 2789
f 2735 2799 2710
f 2799 2797 2710
f 2711 2729 2765
f 2713 2815 2728
f 2713 2831 2815
f 2735 2728 2737
f 2813 2737 2728
f 2815 2813 2728
f 2729 2776 2765
f 2729 2780 2776
f 2735 2737 2799
f 2737 2810 2799
f 2813 2810 2737
f 2743 2765 3053
f 2881 2743 3053
f 2765 2776 2837
f 2765 2837 2841
f 2847 2765 2841
f 2765 2847 2848
f 2765 2848 2869
f 2869 3053 2765
f 2893 2867 2769
f 2893 2769 2881
f 2811 2776 2780
f 2776 2811 2829
f 2831 2776 2829
f 2837 2776 2831
f 2789 2811 2780
f 2799 2789 2797
f 2810 2789 2799
f 2810 2811 2789
f 2813 2811 2810
f 2811 2813 2829
f 2829 2813 2815
f 2829 2815 2831
f 2893 2881 2867
f 3053 2867 2881
f 3053 2909 2867
f 2869 2909 2940
f 2869 2940 3053
f 2909 3025 2940
f 3053 3025 2909
f 2940 3025 3053
f 983 937 741
f 937 1000 741
f 990 983 741
f 1122 990 741
f 1000 1172 741
f 741 1088 1264
f 1412 1088 741
f 1264 1122 741
f 1172 1412 741
f 983 966 937
f 937 966 1000
f 1541 966 983
f 1000 966 1515
f 1515 966 1541
f 1544 983 990
f 1544 1541 983
f 1054 990 1112
f 990 1054 1545
f 1122 1112 990
f 1545 1544 990
f 1000 1094 1172
f 1220 1094 1000
f 1220 1000 1515
f 1054 1105 1062
f 1543 1054 1062
f 1054 1112 1105
f 1545 1054 1543
f 1062 1105 1535
f 1535 1543 1062
f 1264 1088 1412
f 1094 1220 1172
f 1105 1112 1500
f 1535 1105 1500
f 1112 1122 1484
f 1500 1112 1484
f 1264 1134 1122
f 1134 1457 1122
f 1484 1122 1457
f 1264 1150 1134
f 1150 1438 1134
f 1438 1457 1134
f 1264 1170 1150
f 1383 1150 1170
f 1438 1150 1383
f 1264 1204 1170
f 1375 1170 1204
f 1170 1375 1383
f 1220 1241 1172
f 1241 1335 1172
f 1172 1335 1416
f 1412 1172 1639
f 1172 1416 1515
f 1172 1515 1540
f 1172 1540 1639
f 1413 1204 1264
f 1375 1204 1280
f 1413 1280 1204
f 1241 1220 1515
f 1241 1416 1335
f 1241 1515 1416
f 1264 1375 1398
f 1639 1375 1264
f 1264 1398 1405
f 1408 1264 1405
f 1413 1264 1408
f 1264 1412 1639
f 1367 1321 1280
f 1398 1280 1321
f 1413 1367 1280
f 1375 1280 1398
f 1321 1367 1405
f 1398 1321 1405
f 1405 1367 1408
f 1367 1413 1408
f 1639 1383 1375
f 1639 1438 1383
f 1639 1457 1438
f 1457 1639 1484
f 1639 1500 1484
f 1639 1535 1500
f 1515 1541 1540
f 1542 1543 1535
f 1639 1542 1535
f 1639 1540 1541
f 1639 1541 1544
f 1639 1543 1542
f 1639 1545 1543
f 1639 1544 1545
f 1296 1301 1311
f 1296 1317 1301
f 1385 1296 1311
f 1385 1317 1296
f 1301 1303 1311
f 1303 1301 2202
f 1301 1317 2230
f 1301 2230 2202
f 1311 1303 1306
f 1303 2181 1306
f 1303 2182 2181
f 2202 2182 1303
f 1306 1310 1311
f 1310 1306 2162
f 2162 1306 2181
f 1310 1323 1311
f 1310 2150 1323
f 1310 2162 2150
f 1323 1330 1311
f 1311 1330 1334
f 1311 1334 1360
f 1311 1360 1401
f 1311 1638 1385
f 1311 1401 1414
f 1311 1414 1450
f 1459 1311 1450
f 1476 1311 1459
f 1311 1476 1649
f 1311 1817 1638
f 1311 1649 1699
f 1311 1699 1953
f 1817 1311 1953
f 1385 1322 1317
f 1322 2256 1317
f 2230 1317 2256
f 1385 1331 1322
f 1331 2295 1322
f 1322 2295 2256
f 1330 1323 1334
f 1323 2144 1334
f 1323 2150 2144
f 1385 1333 1331
f 1331 1333 2306
f 1331 2306 2295
f 1333 1385 1339
f 1339 2307 1333
f 1333 2307 2306
f 1360 1334 1355
f 1334 2126 1355
f 1334 2144 2126
f 1385 1341 1339
f 1339 1341 2309
f 1339 2309 2307
f 1340 1354 1341
f 1385 1340 1341
f 1384 1354 1340
f 1384 1340 1385
f 1341 1354 2312
f 1341 2312 2309
f 1354 1370 1356
f 1354 1356 2317
f 1384 1370 1354
f 1354 2317 2312
f 1360 1355 2110
f 1355 2126 2110
f 1370 1369 1356
f 1369 2323 1356
f 2317 1356 2323
f 1360 2065 1401
f 1360 2110 2065
f 1370 2335 1369
f 1369 2325 2323
f 1369 2335 2325
f 1384 2346 1370
f 1370 2346 2335
f 1385 1404 1384
f 1384 1404 1389
f 1384 1389 2346
f 1385 1409 1404
f 1385 1417 1409
f 1385 1424 1417
f 1491 1424 1385
f 1506 1491 1385
f 1558 1506 1385
f 1573 1558 1385
f 1630 1573 1385
f 1709 1630 1385
f 1638 1772 1385
f 1772 1709 1385
f 1404 2367 1389
f 1389 2367 2346
f 1414 1401 2040
f 1401 2051 2040
f 1401 2065 2051
f 1404 1409 1407
f 1404 1407 2376
f 1404 2376 2367
f 1409 2382 1407
f 1407 2382 2376
f 1417 2381 1409
f 1409 2381 2382
f 1450 1414 2003
f 1414 2040 2003
f 1424 1491 1417
f 1417 1491 2377
f 1417 2377 2381
f 1459 1450 1699
f 1699 1450 2003
f 1459 1649 1476
f 1459 1699 1649
f 1491 1506 2368
f 1491 2368 2377
f 1818 1506 1558
f 1818 2361 1506
f 1506 2361 2368
f 1818 1558 1573
f 1630 1818 1573
f 1709 1818 1630
f 1772 1638 2222
f 1817 2247 1638
f 2247 2222 1638
f 1699 1852 1953
f 2003 1852 1699
f 1772 1711 1709
f 1711 1818 1709
f 1713 1711 1772
f 1711 1713 1818
f 1715 1714 1713
f 1714 2226 1713
f 1715 1713 1772
f 1713 2267 1818
f 1713 2226 2259
f 1713 2259 2267
f 1715 2153 1714
f 2153 2226 1714
f 1725 1749 1715
f 1725 1715 1772
f 1715 1749 1789
f 1789 1850 1715
f 1850 2153 1715
f 1720 1743 1721
f 1720 1721 1772
f 1720 1749 1743
f 1772 1749 1720
f 1721 1743 1722
f 1721 1722 1772
f 1722 1749 1725
f 1722 1725 1772
f 1743 1749 1722
f 1772 1789 1749
f 1772 1850 1789
f 1772 1897 1850
f 1897 1772 2018
f 2122 2018 1772
f 2122 1772 2222
f 2247 1817 1953
f 2267 2318 1818
f 2318 2327 1818
f 2327 2340 1818
f 1818 2340 2342
f 1818 2342 2361
f 1850 1897 1872
f 1872 2153 1850
f 1953 1852 1979
f 1979 1852 2003
f 1897 2163 1872
f 1872 2163 2153
f 1897 2018 2163
f 2040 1953 1979
f 2051 1953 2040
f 2051 2065 1953
f 2065 2110 1953
f 2110 2126 1953
f 2126 2137 1953
f 2137 2159 1953
f 1953 2159 2247
f 2003 2040 1979
f 2018 2122 2142
f 2018 2142 2163
f 2142 2122 2222
f 2144 2137 2126
f 2137 2144 2159
f 2163 2142 2222
f 2144 2150 2159
f 2150 2160 2159
f 2150 2162 2160
f 2163 2173 2153
f 2173 2185 2153
f 2153 2185 2226
f 2159 2160 2162
f 2181 2159 2162
f 2159 2181 2182
f 2182 2202 2159
f 2202 2230 2159
f 2230 2247 2159
f 2173 2163 2222
f 2185 2173 2222
f 2219 2185 2222
f 2226 2185 2219
f 2311 2219 2222
f 2219 2233 2226
f 2311 2233 2219
f 2311 2222 2247
f 2233 2242 2226
f 2242 2244 2226
f 2259 2226 2244
f 2230 2236 2247
f 2230 2256 2236
f 2311 2242 2233
f 2256 2247 2236
f 2311 2244 2242
f 2311 2259 2244
f 2295 2247 2256
f 2305 2247 2295
f 2306 2247 2305
f 2307 2247 2306
f 2309 2247 2307
f 2309 2312 2247
f 2311 2247 2325
f 2317 2247 2312
f 2323 2247 2317
f 2325 2247 2323
f 2311 2267 2259
f 2311 2315 2267
f 2267 2315 2318
f 2295 2306 2305
f 2311 2318 2315
f 2311 2327 2318
f 2325 2374 2311
f 2327 2311 2340
f 2311 2342 2340
f 2311 2361 2342
f 2311 2368 2361
f 2311 2374 2368
f 2325 2335 2346
f 2325 2346 2367
f 2325 2367 2376
f 2325 2377 2374
f 2325 2376 2381
f 2325 2381 2377
f 2377 2368 2374
f 2381 2376 2382
f 5199 5185 5031
f 5031 5185 5229
f 5257 5199 5031
f 5031 5229 5265
f 5031 5253 5250
f 5250 5257 5031
f 5264 5253 5031
f 5031 5267 5264
f 5031 5265 5272
f 5031 5272 5267
f 5199 5193 5185
f 5203 5185 5193
f 5229 5185 5203
f 5199 5203 5193
f 5229 5203 5199
f 5229 5199 5251
f 5257 5251 5199
f 5261 5229 5251
f 5265 5229 5261
f 5253 5272 5250
f 5250 5272 5257
f 5265 5251 5257
f 5261 5251 5265
f 5253 5264 5267
f 5253 5267 5272
f 5272 5265 5257
f 4185 4127 4098
f 4188 4098 4127
f 4185 4098 4188
f 4141 4126 4135
f 4187 4135 4126
f 4141 4187 4126
f 4185 4135 4127
f 4127 4135 4452
f 4188 4127 4324
f 4324 4127 4452
f 4141 4135 4185
f 4187 4452 4135
f 4217 4141 4185
f 4141 4274 4187
f 4653 4141 4217
f 4274 4141 4458
f 4141 4632 4458
f 4141 4653 4632
f 4185 4188 4324
f 4185 4692 4217
f 4185 4324 4452
f 4185 4452 4692
f 4274 4452 4187
f 4217 4780 4653
f 4217 4692 4780
f 4274 4458 4452
f 4458 4482 4452
f 4452 4482 4692
f 4458 4697 4482
f 4588 4458 4632
f 4639 4458 4588
f 4639 4697 4458
f 4649 4482 4685
f 4482 4649 4692
f 4697 4685 4482
f 4632 4639 4588
f 4780 4639 4632
f 4632 4653 4780
f 4694 4697 4639
f 4780 4694 4639
f 4649 4685 4692
f 4692 4685 4780
f 4719 4685 4697
f 4780 4685 4719
f 4697 4694 4780
f 4719 4697 4780
f 2756 2828 2696
f 2696 2985 2756
f 2696 2828 2960
f 2696 3028 2864
f 2864 3114 2696
f 2696 2960 3028
f 3114 2985 2696
f 2828 2756 2985
f 2960 2828 2985
f 2864 2863 2860
f 2860 2863 2907
f 2864 2860 2907
f 2864 2873 2863
f 2863 2873 2907
f 2864 2876 2873
f 2927 2876 2864
f 2864 2907 3041
f 3028 2927 2864
f 2864 3041 3155
f 3114 2864 3155
f 2873 2876 3063
f 2873 3041 2907
f 2873 3063 3041
f 2927 2879 2876
f 3073 2876 2879
f 3063 2876 3073
f 2927 2885 2879
f 3080 2879 2885
f 3073 2879 3080
f 2885 2887 2895
f 2927 2887 2885
f 2885 2895 3432
f 2885 3103 3080
f 3166 3103 2885
f 3432 3166 2885
f 2941 2895 2887
f 2941 2887 2927
f 2941 2908 2895
f 2895 2908 3478
f 3432 2895 3478
f 2908 2941 3465
f 2908 3465 3483
f 3478 2908 3483
f 2942 2941 2927
f 2948 2942 2927
f 3014 2948 2927
f 3054 3014 2927
f 2927 3028 3253
f 3057 3054 2927
f 3091 3057 2927
f 3121 3091 2927
f 3121 2927 3253
f 2948 2941 2942
f 2941 2948 3445
f 3465 2941 3445
f 2948 3014 3424
f 2948 3424 3445
f 3028 2960 2977
f 3049 2977 2960
f 2960 2985 3094
f 2960 3094 3049
f 2992 2977 2964
f 3049 2964 2977
f 2964 3006 2992
f 2964 3049 3006
f 3028 2977 2992
f 2985 3107 3094
f 3114 3107 2985
f 2992 3006 3049
f 3114 3028 2992
f 3049 3094 2992
f 3094 3114 2992
f 3014 3054 3389
f 3424 3014 3389
f 3028 3114 3415
f 3028 3576 3253
f 3415 3576 3028
f 3155 3041 3063
f 3054 3057 3091
f 3054 3091 3389
f 3155 3063 3073
f 3155 3073 3080
f 3155 3080 3103
f 3215 3091 3121
f 3371 3091 3215
f 3389 3091 3371
f 3107 3114 3094
f 3103 3166 3155
f 3415 3114 3155
f 3215 3121 3253
f 3166 3243 3155
f 3155 3243 3430
f 3155 3591 3415
f 3155 3430 3591
f 3243 3166 3432
f 3253 3364 3215
f 3364 3371 3215
f 3430 3243 3432
f 3591 3364 3253
f 3253 3576 3591
f 3591 3371 3364
f 3591 3389 3371
f 3591 3424 3389
f 3576 3415 4102
f 4102 3415 3591
f 3591 3445 3424
f 3591 3430 3432
f 3591 3432 3478
f 3460 3465 3445
f 3591 3460 3445
f 3591 3465 3460
f 3465 3490 3483
f 3591 3490 3465
f 3490 3478 3483
f 3591 3478 3490
f 3591 3576 4102
f 2248 1875 2168
f 2168 1875 2400
f 1875 2248 2218
f 2218 2400 1875
f 2168 2991 2248
f 2168 2400 2991
f 2200 2198 2211
f 2218 2198 2200
f 2211 2198 2218
f 2218 2200 2209
f 2200 3033 2209
f 2200 2211 3033
f 2218 2209 2224
f 2224 2209 3027
f 2209 3033 3027
f 2218 2217 2211
f 2211 2217 2981
f 2211 2981 3029
f 3033 2211 3029
f 2218 2225 2217
f 2217 2225 2753
f 2786 2217 2753
f 2217 2786 2981
f 2218 2224 2238
f 2218 2229 2225
f 2253 2229 2218
f 2218 2238 2513
f 2218 2248 2292
f 2258 2253 2218
f 2265 2258 2218
f 2273 2265 2218
f 2282 2273 2218
f 2285 2282 2218
f 2291 2285 2218
f 2218 2286 2287
f 2218 2290 2286
f 2218 2287 2289
f 2218 2289 2291
f 2218 2292 2290
f 2513 2400 2218
f 2234 2224 2228
f 2224 3017 2228
f 2238 2224 2234
f 2224 3018 3017
f 3018 2224 3027
f 2229 2628 2225
f 2225 2628 2753
f 2234 2228 3013
f 2228 3017 3013
f 2246 2239 2229
f 2229 2239 2588
f 2253 2246 2229
f 2606 2229 2588
f 2229 2606 2628
f 2263 2238 2234
f 2263 2234 3011
f 3011 2234 3013
f 2513 2238 2263
f 2239 2246 2565
f 2239 2565 2588
f 2253 2251 2246
f 2549 2246 2251
f 2565 2246 2549
f 2292 2248 2300
f 2300 2248 2301
f 2301 2248 2601
f 2601 2248 3051
f 3051 2248 2991
f 2253 2549 2251
f 2536 2253 2258
f 2253 2536 2549
f 2265 2518 2258
f 2518 2536 2258
f 2513 2263 2299
f 2299 2263 3004
f 2263 3011 3004
f 2508 2265 2273
f 2508 2518 2265
f 2282 2489 2273
f 2489 2508 2273
f 2285 2468 2282
f 2468 2489 2282
f 2285 2291 2457
f 2285 2457 2468
f 2286 2420 2287
f 2286 2290 2390
f 2286 2390 2420
f 2437 2289 2287
f 2420 2437 2287
f 2289 2457 2291
f 2437 2439 2289
f 2439 2457 2289
f 2290 2292 2360
f 2290 2360 2390
f 2300 2303 2292
f 2303 2360 2292
f 2513 2299 2308
f 2299 2999 2308
f 2299 3004 2999
f 2300 2301 2303
f 2303 2301 2601
f 2360 2303 2601
f 2513 2308 2333
f 2333 2308 2994
f 2308 2999 2994
f 2513 2333 2364
f 2364 2333 2947
f 2333 2989 2947
f 2989 2333 2994
f 2390 2360 2601
f 2513 2364 2412
f 2412 2364 2913
f 2913 2364 2947
f 2420 2390 2601
f 2513 2927 2400
f 2400 2927 3051
f 2991 2400 3051
f 2513 2412 2422
f 2412 2877 2422
f 2412 2913 2877
f 2437 2420 2601
f 2513 2422 2432
f 2877 2432 2422
f 2513 2432 2452
f 2452 2432 2656
f 2656 2432 2744
f 2744 2432 2877
f 2439 2437 2601
f 2439 2601 2457
f 2513 2452 2464
f 2520 2464 2452
f 2554 2520 2452
f 2656 2554 2452
f 2457 2508 2468
f 2518 2508 2457
f 2518 2457 2525
f 2457 2601 2525
f 2513 2464 2479
f 2479 2464 2520
f 2508 2489 2468
f 2513 2479 2520
f 2513 2520 2554
f 2513 2554 2656
f 2513 2656 2927
f 2536 2518 2525
f 2601 2536 2525
f 2565 2549 2536
f 2606 2565 2536
f 2606 2536 2601
f 2606 2588 2565
f 2601 2628 2606
f 2628 2601 2753
f 2601 2786 2753
f 3010 2786 2601
f 2601 3051 3010
f 2656 2744 2927
f 2927 2744 2877
f 2981 2786 2938
f 3010 2938 2786
f 2882 2877 2913
f 2927 2877 2882
f 2947 2882 2913
f 2927 2882 2947
f 2989 2927 2947
f 2993 2927 2989
f 2994 2927 2993
f 2999 2927 2994
f 2999 3004 2927
f 3011 2927 3004
f 3010 2927 3011
f 3010 3051 2927
f 3010 2981 2938
f 3010 3029 2981
f 2993 2989 2994
f 3013 3010 3011
f 3017 3010 3013
f 3018 3010 3017
f 3018 3027 3010
f 3027 3033 3010
f 3010 3036 3029
f 3033 3036 3010
f 3036 3033 3029
f 4466 4457 4505
f 4466 4583 4457
f 4505 4457 4583
f 4466 4505 4570
f 4466 4570 4594
f 4466 4651 4583
f 4810 4466 4594
f 4466 4868 4651
f 4938 4466 4810
f 4938 4868 4466
f 4651 4570 4505
f 4651 4505 4583
f 4600 4594 4570
f 4651 4600 4570
f 4835 4594 4600
f 4699 4810 4594
f 4594 4833 4699
f 4835 4833 4594
f 4702 4600 4651
f 4702 4835 4600
f 4808 4702 4651
f 4808 4651 4868
f 4699 4944 4810
f 4699 4833 4944
f 4702 4808 4835
f 4808 4887 4835
f 4899 4808 4868
f 4887 4808 4899
f 4810 4944 4938
f 5028 4833 4835
f 4944 4833 5207
f 5207 4833 5028
f 4835 4887 5071
f 5071 5028 4835
f 4938 4899 4868
f 4887 4899 4929
f 4887 4929 4939
f 5071 4887 4939
f 4929 4899 4920
f 4938 4920 4899
f 5060 4929 4920
f 5060 4920 4938
f 4939 4929 5039
f 5060 5039 4929
f 4944 5060 4938
f 5074 4939 5039
f 5071 4939 5074
f 4944 5273 5060
f 5207 5273 4944
f 5071 5425 5028
f 5028 5398 5207
f 5398 5028 5400
f 5028 5425 5400
f 5060 5222 5039
f 5074 5039 5173
f 5039 5222 5173
f 5467 5222 5060
f 5273 5444 5060
f 5060 5444 5448
f 5060 5448 5464
f 5060 5464 5471
f 5473 5467 5060
f 5471 5473 5060
f 5074 5419 5071
f 5468 5071 5419
f 5071 5434 5425
f 5071 5447 5434
f 5071 5449 5447
f 5071 5461 5449
f 5071 5468 5461
f 5074 5173 5155
f 5155 5262 5074
f 5074 5262 5388
f 5074 5388 5419
f 5155 5173 5215
f 5155 5215 5213
f 5213 5262 5155
f 5173 5222 5215
f 5207 5365 5273
f 5207 5351 5344
f 5207 5344 5352
f 5207 5366 5351
f 5207 5352 5365
f 5398 5366 5207
f 5213 5215 5222
f 5213 5222 5247
f 5213 5247 5262
f 5222 5436 5247
f 5453 5436 5222
f 5467 5453 5222
f 5247 5387 5262
f 5247 5436 5387
f 5262 5387 5388
f 5273 5365 5395
f 5395 5402 5273
f 5402 5408 5273
f 5408 5410 5273
f 5273 5410 5418
f 5273 5418 5437
f 5273 5437 5444
f 5351 5352 5344
f 5357 5352 5351
f 5358 5357 5351
f 5351 5366 5358
f 5365 5352 5357
f 5358 5377 5357
f 5357 5377 5365
f 5358 5366 5377
f 5395 5365 5377
f 5366 5376 5377
f 5366 5398 5376
f 5376 5395 5377
f 5400 5395 5376
f 5398 5400 5376
f 5436 5388 5387
f 5428 5419 5388
f 5428 5388 5436
f 5400 5411 5395
f 5395 5411 5402
f 5400 5425 5411
f 5402 5411 5408
f 5408 5418 5410
f 5411 5434 5408
f 5434 5418 5408
f 5425 5434 5411
f 5437 5418 5434
f 5428 5468 5419
f 5428 5436 5454
f 5454 5468 5428
f 5434 5447 5437
f 5436 5453 5454
f 5437 5448 5444
f 5447 5448 5437
f 5461 5448 5447
f 5449 5461 5447
f 5461 5464 5448
f 5454 5453 5466
f 5466 5453 5467
f 5466 5468 5454
f 5468 5464 5461
f 5468 5471 5464
f 5466 5467 5474
f 5474 5468 5466
f 5474 5467 5473
f 5468 5473 5471
f 5468 5474 5473
f 1454 1397 1502
f 1524 1397 1454
f 1397 1524 1502
f 1454 1461 1678
f 1741 1461 1454
f 1454 1502 1584
f 1550 1524 1454
f 1643 1550 1454
f 1454 1584 1741
f 1643 1454 1973
f 1454 1678 1973
f 1678 1461 1531
f 1741 1531 1461
f 1502 1524 1584
f 1524 1550 1584
f 1678 1531 1622
f 1622 1531 1741
f 1584 1550 1775
f 1550 1643 2072
f 1550 1886 1775
f 1550 2072 1886
f 1741 1584 1775
f 1678 1622 1779
f 1741 1779 1622
f 1643 1805 1917
f 1805 1643 1973
f 2072 1643 1917
f 1811 1678 1779
f 1678 1811 1973
f 1775 1886 1741
f 1892 1779 1741
f 1741 1886 2180
f 2180 1892 1741
f 1892 1811 1779
f 1973 1917 1805
f 1968 1811 1892
f 1968 1973 1811
f 1886 2072 2059
f 1886 2059 2180
f 1968 1892 2047
f 2180 2047 1892
f 1973 2053 1917
f 2053 2072 1917
f 2180 1973 1968
f 2026 1968 2047
f 2180 1968 2026
f 2136 2053 1973
f 2180 2136 1973
f 2164 2026 2047
f 2180 2026 2164
f 2180 2164 2047
f 2136 2072 2053
f 2136 2059 2072
f 2180 2059 2136
f 3731 3726 3729
f 3726 3734 3729
f 3736 3726 3731
f 3726 3749 3734
f 3764 3726 3736
f 3726 3768 3749
f 3726 3764 3788
f 3768 3726 3782
f 3782 3726 3788
f 3729 4236 3731
f 3729 3734 4236
f 3824 3736 3731
f 3824 3731 4239
f 4236 4239 3731
f 3749 3740 3734
f 3740 4233 3734
f 3734 4233 4236
f 3736 3824 3764
f 3749 4230 3740
f 3740 4230 4233
f 3749 3768 4234
f 3749 4234 4230
f 3788 3764 3794
f 3801 3794 3764
f 3818 3801 3764
f 3825 3818 3764
f 3824 3915 3764
f 3835 3825 3764
f 3843 3835 3764
f 3874 3764 3842
f 3842 3764 4217
f 3856 3843 3764
f 3856 3764 3863
f 3863 3764 3867
f 3867 3764 3870
f 3870 3764 3874
f 3915 4317 3764
f 4317 4217 3764
f 3782 4241 3768
f 3768 4237 4234
f 3768 4241 4237
f 3782 3788 4261
f 4261 4241 3782
f 3788 3794 3801
f 3788 3801 4266
f 3788 4266 4261
f 3801 3818 4273
f 3801 4273 4266
f 3818 3825 4300
f 3818 4300 4273
f 3824 4251 3915
f 4251 3824 4239
f 3835 3876 3825
f 3825 3876 4306
f 3825 4306 4300
f 3843 3876 3835
f 3842 3883 3874
f 3842 3888 3883
f 3842 3891 3888
f 3891 3842 3902
f 3902 3842 3909
f 3909 3842 3911
f 4118 3911 3842
f 3842 4217 4118
f 3843 3856 3876
f 3856 3863 3876
f 3867 3980 3863
f 3863 3980 3876
f 3867 3870 3980
f 3870 3874 3883
f 3870 3883 3974
f 3870 3974 3980
f 3980 4320 3876
f 4306 3876 4314
f 3876 4320 4314
f 3888 3970 3883
f 3883 3970 3974
f 3891 3970 3888
f 3902 3970 3891
f 3909 3956 3902
f 3956 3970 3902
f 3909 3911 3956
f 3911 3963 3956
f 4118 3963 3911
f 3915 4251 3921
f 3915 3921 4317
f 3972 3921 4254
f 3921 3972 4317
f 4251 4254 3921
f 3963 3999 3956
f 3956 4139 3970
f 3999 4092 3956
f 4092 4137 3956
f 3956 4137 4139
f 4118 3999 3963
f 3970 4181 3974
f 3970 4139 4155
f 4155 4174 3970
f 4174 4181 3970
f 3972 4255 3988
f 4317 3972 3988
f 3972 4254 4255
f 3974 4225 3980
f 3974 4181 4199
f 4199 4205 3974
f 4205 4218 3974
f 3974 4218 4225
f 4225 4328 3980
f 3980 4325 4320
f 4328 4325 3980
f 3988 4252 4038
f 3988 4038 4317
f 4255 4252 3988
f 3999 4002 4000
f 3999 4000 4084
f 4118 4002 3999
f 3999 4084 4092
f 4002 4084 4000
f 4040 4079 4002
f 4118 4040 4002
f 4002 4079 4084
f 4038 4248 4051
f 4038 4051 4317
f 4038 4252 4248
f 4079 4040 4118
f 4247 4103 4051
f 4051 4103 4317
f 4248 4247 4051
f 4084 4079 4118
f 4092 4084 4118
f 4131 4092 4118
f 4137 4092 4131
f 4121 4103 4242
f 4121 4317 4103
f 4242 4103 4247
f 4118 4217 4131
f 4121 4242 4133
f 4317 4121 4133
f 4131 4217 4137
f 4136 4133 4216
f 4317 4133 4136
f 4216 4133 4219
f 4133 4242 4219
f 4146 4136 4204
f 4317 4136 4146
f 4204 4136 4216
f 4137 4217 4139
f 4139 4217 4155
f 4146 4190 4163
f 4317 4146 4163
f 4204 4190 4146
f 4174 4155 4217
f 4163 4180 4177
f 4317 4163 4177
f 4163 4190 4180
f 4181 4174 4217
f 4177 4180 4178
f 4317 4177 4178
f 4178 4180 4317
f 4180 4190 4317
f 4199 4181 4217
f 4190 4204 4317
f 4225 4205 4199
f 4199 4217 4330
f 4225 4199 4330
f 4204 4216 4317
f 4225 4218 4205
f 4216 4219 4317
f 4330 4217 4317
f 4242 4240 4219
f 4219 4240 4317
f 4328 4225 4329
f 4329 4225 4330
f 4230 4330 4233
f 4234 4330 4230
f 4330 4236 4233
f 4330 4234 4237
f 4236 4330 4239
f 4237 4241 4330
f 4239 4330 4251
f 4240 4242 4317
f 4241 4261 4330
f 4242 4247 4317
f 4247 4248 4317
f 4248 4252 4317
f 4251 4330 4254
f 4252 4255 4317
f 4255 4254 4256
f 4254 4330 4256
f 4255 4256 4317
f 4330 4317 4256
f 4261 4266 4330
f 4266 4273 4330
f 4273 4300 4330
f 4300 4306 4330
f 4306 4314 4330
f 4314 4320 4319
f 4314 4319 4330
f 4320 4330 4319
f 4325 4330 4320
f 4328 4330 4325
f 4329 4330 4328
f 4639 4632 4588
f 4588 4632 4665
f 4639 4588 4665
f 4780 4632 4639
f 4653 4632 4780
f 5015 4632 4653
f 4665 4632 4798
f 4632 4902 4798
f 5015 4902 4632
f 4694 4639 4665
f 4639 4694 4780
f 4653 4780 5089
f 5015 4653 5089
f 4798 4694 4665
f 4694 4829 4780
f 4694 4798 4829
f 4829 4897 4780
f 5099 4780 4897
f 5099 5089 4780
f 4902 4829 4798
f 4897 4829 4902
f 4897 4902 4937
f 4897 4937 4974
f 4974 5099 4897
f 5015 4937 4902
f 4974 4937 5064
f 5015 5141 4937
f 5064 4937 5141
f 4974 5064 5099
f 5015 5089 5435
f 5469 5141 5015
f 5015 5435 5445
f 5015 5445 5469
f 5064 5232 5099
f 5064 5141 5137
f 5064 5137 5232
f 5099 5409 5089
f 5384 5401 5089
f 5384 5089 5404
f 5401 5406 5089
f 5404 5089 5409
f 5413 5089 5406
f 5431 5089 5413
f 5435 5089 5431
f 5232 5302 5099
f 5302 5470 5099
f 5099 5415 5409
f 5099 5429 5415
f 5099 5441 5429
f 5099 5443 5441
f 5099 5470 5443
f 5141 5145 5137
f 5137 5145 5211
f 5137 5211 5232
f 5469 5145 5141
f 5145 5212 5211
f 5469 5212 5145
f 5211 5212 5232
f 5232 5212 5274
f 5469 5274 5212
f 5232 5274 5302
f 5274 5389 5302
f 5274 5469 5389
f 5302 5389 5391
f 5302 5391 5470
f 5404 5401 5384
f 5424 5391 5389
f 5389 5469 5424
f 5417 5391 5424
f 5470 5391 5417
f 5401 5404 5415
f 5401 5413 5406
f 5401 5415 5413
f 5404 5409 5415
f 5429 5413 5415
f 5431 5413 5429
f 5417 5424 5455
f 5417 5455 5456
f 5417 5456 5463
f 5470 5417 5463
f 5424 5465 5455
f 5469 5465 5424
f 5429 5445 5431
f 5441 5443 5429
f 5443 5445 5429
f 5431 5445 5435
f 5451 5445 5443
f 5451 5443 5470
f 5459 5445 5451
f 5469 5445 5459
f 5477 5459 5451
f 5451 5470 5477
f 5465 5456 5455
f 5463 5456 5465
f 5476 5469 5459
f 5477 5476 5459
f 5463 5465 5469
f 5463 5469 5476
f 5470 5463 5477
f 5477 5463 5476
f 4583 4466 4524
f 4524 4466 4636
f 4583 4651 4466
f 4882 4636 4466
f 4868 4466 4651
f 4466 4810 4882
f 4466 4938 4810
f 4938 4466 4868
f 4636 4583 4524
f 4651 4583 4636
f 4651 4636 4839
f 4882 4839 4636
f 4651 4839 4868
f 4825 4827 4810
f 4825 4810 4876
f 4827 4828 4810
f 4828 4830 4810
f 4810 4830 4851
f 4810 4851 4882
f 4876 4810 4880
f 4810 4892 4880
f 4810 4918 4892
f 4810 5038 4918
f 4938 5038 4810
f 4827 4825 4876
f 4827 5146 4828
f 4827 4876 5146
f 4830 4828 5146
f 4842 4846 4830
f 4830 5146 4842
f 4830 4846 4851
f 4832 4866 4831
f 4832 4831 5191
f 4831 4882 4838
f 4831 4838 5191
f 4831 4866 4882
f 4840 4866 4832
f 4832 5191 4840
f 4882 4836 4837
f 4837 4836 5195
f 4836 4882 4844
f 4836 4844 5195
f 4882 4837 4838
f 4838 4837 5195
f 4838 5195 5191
f 4839 4866 4868
f 4882 4866 4839
f 4840 5217 4866
f 4840 5191 5217
f 4846 4842 5180
f 4842 5146 5180
f 4844 4882 4845
f 4844 4845 5196
f 4844 5196 5195
f 4882 4849 4845
f 4845 4849 5196
f 4846 4854 4851
f 4854 4846 5180
f 4882 4864 4849
f 5196 4849 4864
f 4855 4851 4854
f 4882 4851 4855
f 5181 4855 4854
f 5181 4854 5180
f 4882 4855 4858
f 4858 4855 5181
f 4882 4858 4867
f 4858 5181 4867
f 4882 4871 4864
f 4864 4871 5201
f 5196 4864 5201
f 4868 4866 4899
f 4899 4866 4920
f 4866 5217 4920
f 4882 4867 4869
f 4867 5156 4869
f 4867 5181 5156
f 4938 4868 4899
f 4882 4869 4870
f 4870 4869 5156
f 4870 4871 4882
f 4870 5156 4871
f 4871 5156 5201
f 4876 4880 4892
f 4876 4892 5175
f 4876 5175 5146
f 5175 4892 4918
f 4899 4920 4938
f 4922 4918 5038
f 5175 4918 4922
f 4920 5039 4929
f 5060 4920 4929
f 4938 4920 5060
f 4920 5217 5039
f 4946 4922 5038
f 4922 4946 5119
f 5175 4922 5119
f 4929 5039 5060
f 5038 4938 5420
f 5060 5423 4938
f 4938 5423 5420
f 4950 4946 5038
f 4946 4950 5139
f 4946 5139 5119
f 4973 4950 5038
f 4973 5139 4950
f 4973 5038 5125
f 5125 5139 4973
f 5038 5183 5125
f 5038 5255 5183
f 5038 5367 5255
f 5385 5367 5038
f 5038 5399 5385
f 5038 5420 5399
f 5039 5222 5060
f 5039 5217 5173
f 5039 5173 5222
f 5467 5060 5222
f 5432 5423 5060
f 5060 5439 5432
f 5060 5444 5439
f 5444 5060 5448
f 5448 5060 5464
f 5464 5060 5471
f 5467 5473 5060
f 5473 5471 5060
f 5119 5139 5175
f 5139 5125 5183
f 5260 5175 5139
f 5231 5139 5183
f 5260 5139 5231
f 5146 5175 5290
f 5180 5146 5290
f 5156 5181 5287
f 5201 5156 5287
f 5173 5217 5215
f 5173 5215 5222
f 5175 5260 5381
f 5290 5175 5381
f 5181 5180 5290
f 5287 5181 5412
f 5181 5290 5412
f 5183 5255 5231
f 5191 5195 5383
f 5217 5191 5383
f 5195 5196 5394
f 5195 5394 5383
f 5196 5201 5394
f 5201 5287 5394
f 5215 5217 5247
f 5222 5215 5247
f 5217 5387 5247
f 5217 5383 5387
f 5247 5436 5222
f 5436 5453 5222
f 5453 5467 5222
f 5255 5260 5231
f 5387 5436 5247
f 5300 5260 5255
f 5353 5300 5255
f 5367 5353 5255
f 5300 5331 5260
f 5331 5354 5260
f 5403 5260 5354
f 5403 5381 5260
f 5412 5394 5287
f 5381 5412 5290
f 5353 5331 5300
f 5353 5354 5331
f 5355 5354 5353
f 5367 5355 5353
f 5355 5379 5354
f 5379 5403 5354
f 5355 5367 5379
f 5378 5379 5367
f 5380 5378 5367
f 5385 5380 5367
f 5380 5379 5378
f 5380 5403 5379
f 5380 5385 5403
f 5450 5381 5403
f 5450 5412 5381
f 5387 5383 5452
f 5452 5383 5394
f 5385 5399 5405
f 5405 5403 5385
f 5436 5387 5452
f 5472 5394 5412
f 5452 5394 5472
f 5399 5420 5405
f 5450 5403 5405
f 5405 5420 5450
f 5472 5412 5450
f 5432 5420 5423
f 5450 5420 5432
f 5450 5432 5439
f 5436 5452 5453
f 5444 5448 5439
f 5448 5450 5439
f 5464 5450 5448
f 5472 5450 5464
f 5453 5452 5472
f 5467 5453 5472
f 5471 5473 5464
f 5473 5472 5464
f 5467 5472 5473
f 2696 2709 2754
f 2864 2709 2696
f 2696 2754 2756
f 2696 2756 2985
f 3114 2864 2696
f 2696 2985 3114
f 2754 2709 2747
f 2864 2747 2709
f 2730 2716 2720
f 2794 2720 2716
f 2716 2722 2721
f 2716 2721 2825
f 2716 2730 2722
f 2794 2716 2819
f 2716 2825 2819
f 2720 3621 2730
f 2720 2758 2731
f 2720 2731 3621
f 2720 2794 2758
f 2723 2721 2722
f 2721 2723 2825
f 2723 2722 3600
f 2722 2730 3605
f 3600 2722 3605
f 2723 2749 2825
f 3146 2749 2723
f 3146 2723 3602
f 2723 3600 3602
f 3605 2730 3610
f 2730 3621 3610
f 2758 2742 2731
f 2742 3598 2731
f 2731 3598 3625
f 3621 2731 3625
f 2742 2758 3586
f 2742 3586 3598
f 2749 2747 2857
f 2985 2747 2749
f 2985 2754 2747
f 2747 2864 2857
f 2749 2827 2825
f 2749 2835 2827
f 2749 2840 2835
f 2749 2853 2840
f 2749 2857 2853
f 2985 2749 3146
f 2756 2754 2985
f 3578 2758 2794
f 2758 3578 3586
f 3574 2794 2819
f 3578 2794 3574
f 2819 2825 3567
f 3574 2819 3567
f 3567 2825 2827
f 3563 2827 2835
f 2827 3563 3565
f 3567 2827 3565
f 2840 3561 2835
f 3563 2835 3561
f 2840 2853 3557
f 2840 3557 3561
f 2853 2857 2896
f 2853 2896 3573
f 3557 2853 3554
f 2853 3573 3554
f 2864 2896 2857
f 2864 2860 2861
f 2861 2860 2907
f 2864 2907 2860
f 2864 2861 2897
f 2861 3356 2897
f 2861 2907 3356
f 2864 2966 2896
f 2864 2897 2917
f 2864 3041 2907
f 2864 2917 2932
f 2864 2932 2954
f 2864 2954 2966
f 3155 3041 2864
f 3155 2864 3114
f 2896 2966 2916
f 3594 2896 2916
f 3573 2896 3594
f 2897 3651 2917
f 2897 3356 3651
f 2907 3041 3063
f 2907 3063 3176
f 2907 3176 3356
f 2916 2966 2950
f 3606 2916 2950
f 3594 2916 3606
f 2917 3661 2932
f 2917 3651 3661
f 2954 2932 3653
f 3653 2932 3665
f 3661 3665 2932
f 2950 2966 3627
f 3627 3606 2950
f 3627 2966 2954
f 2954 3653 3627
f 2985 3107 3114
f 3107 2985 3146
f 3155 3063 3041
f 3155 3073 3063
f 3063 3073 3176
f 3155 3080 3073
f 3073 3080 3176
f 3155 3103 3080
f 3176 3080 3103
f 3155 3166 3103
f 3176 3103 3166
f 3114 3107 3146
f 3114 3146 3235
f 3114 3415 3155
f 3235 3415 3114
f 3235 3146 3602
f 3155 3243 3166
f 3155 3430 3243
f 3155 3415 3591
f 3591 3430 3155
f 3176 3166 3243
f 3176 3243 3599
f 3356 3176 3608
f 3599 3608 3176
f 3235 3366 3415
f 3366 3235 3602
f 3599 3243 3430
f 3356 3608 3632
f 3356 3632 3633
f 3636 3356 3633
f 3651 3356 3636
f 3415 3366 3439
f 3439 3366 3602
f 3690 3415 3439
f 3591 3415 4102
f 4102 3415 3690
f 3432 3430 3591
f 3432 3599 3430
f 3432 3478 3570
f 3478 3432 3591
f 3570 3599 3432
f 3514 3439 3657
f 3514 3690 3439
f 3629 3439 3602
f 3629 3657 3439
f 3478 3490 3501
f 3490 3478 3591
f 3570 3478 3501
f 3591 3501 3490
f 3591 3570 3501
f 3662 3514 3657
f 3690 3514 3662
f 3557 3554 3674
f 3674 3554 3573
f 3561 3557 3674
f 3674 3563 3561
f 3674 3565 3563
f 3609 3567 3565
f 3609 3565 3674
f 3609 3574 3567
f 3591 3579 3570
f 3579 3599 3570
f 3674 3573 3594
f 3609 3578 3574
f 3626 3586 3578
f 3626 3578 3609
f 3591 3599 3579
f 3626 3598 3586
f 3591 3608 3599
f 3591 3630 3608
f 3632 3630 3591
f 3633 3632 3591
f 3636 3633 3591
f 3591 3651 3636
f 3674 3651 3591
f 3591 4102 3674
f 3674 3594 3606
f 3626 3625 3598
f 3600 3629 3602
f 3621 3600 3605
f 3609 3600 3621
f 3609 3629 3600
f 3621 3605 3610
f 3674 3606 3627
f 3630 3632 3608
f 3609 3621 3626
f 3629 3609 3657
f 3609 3674 3657
f 3621 3625 3626
f 3653 3674 3627
f 3674 3661 3651
f 3666 3653 3665
f 3666 3674 3653
f 3662 3657 3743
f 3728 3657 3674
f 3728 3743 3657
f 3674 3665 3661
f 3690 3662 3808
f 3808 3662 3743
f 3674 3666 3665
f 3674 3743 3728
f 3674 3853 3743
f 4102 3853 3674
f 3808 3941 3690
f 4107 3690 3941
f 4102 3690 4107
f 3808 3743 3853
f 3941 3808 3853
f 3941 3853 4088
f 4088 3853 4102
f 3941 4088 4107
f 4102 4107 4088
f 256 263 280
f 417 263 256
f 265 256 280
f 256 265 417
f 270 278 263
f 270 263 417
f 280 263 278
f 280 417 265
f 278 270 483
f 483 270 417
f 278 285 280
f 278 315 285
f 278 301 315
f 301 278 483
f 285 417 280
f 315 417 285
f 301 328 315
f 301 316 328
f 316 301 483
f 328 332 315
f 332 344 315
f 344 417 315
f 316 325 328
f 483 325 316
f 325 332 328
f 325 335 332
f 483 335 325
f 332 335 344
f 344 335 347
f 335 348 347
f 335 355 348
f 483 355 335
f 360 344 347
f 393 344 360
f 444 344 393
f 620 417 344
f 469 344 444
f 620 344 469
f 347 348 365
f 347 365 360
f 348 355 365
f 483 365 355
f 360 365 376
f 360 376 375
f 375 393 360
f 365 403 376
f 483 403 365
f 375 376 403
f 375 403 393
f 393 403 432
f 393 432 444
f 483 432 403
f 417 1088 483
f 620 1088 417
f 432 481 444
f 481 432 483
f 444 491 469
f 481 491 444
f 469 491 620
f 499 481 483
f 491 481 501
f 481 499 501
f 524 499 483
f 525 524 483
f 640 525 483
f 1088 640 483
f 491 501 620
f 499 532 501
f 499 524 532
f 501 532 523
f 501 523 620
f 532 620 523
f 524 525 542
f 524 542 532
f 640 542 525
f 532 542 541
f 541 677 532
f 677 620 532
f 542 551 541
f 551 553 541
f 677 541 553
f 640 551 542
f 553 551 560
f 640 560 551
f 553 560 558
f 677 553 558
f 558 560 562
f 558 562 561
f 677 558 561
f 560 584 562
f 584 560 640
f 561 562 571
f 573 561 571
f 599 561 573
f 622 561 599
f 627 561 622
f 677 561 627
f 571 562 570
f 584 570 562
f 571 570 573
f 570 584 573
f 573 584 599
f 584 598 599
f 598 584 640
f 598 622 599
f 614 622 598
f 614 598 640
f 614 625 622
f 614 626 625
f 626 614 640
f 677 1088 620
f 625 627 622
f 625 626 627
f 626 647 627
f 632 626 640
f 626 632 642
f 642 647 626
f 647 677 627
f 683 632 640
f 683 642 632
f 749 683 640
f 784 749 640
f 784 640 994
f 994 640 1088
f 642 651 647
f 683 651 642
f 647 651 650
f 650 677 647
f 651 785 650
f 675 677 650
f 650 785 675
f 651 683 785
f 677 675 691
f 675 785 691
f 677 691 704
f 677 704 824
f 677 824 1090
f 1090 1088 677
f 749 785 683
f 785 704 691
f 704 785 716
f 824 704 716
f 785 890 716
f 890 824 716
f 749 784 785
f 784 806 785
f 796 806 784
f 796 784 994
f 785 806 861
f 785 861 890
f 796 807 806
f 807 796 994
f 807 819 806
f 819 851 806
f 806 851 861
f 807 809 819
f 809 807 994
f 994 819 809
f 819 830 849
f 994 830 819
f 819 849 851
f 824 890 905
f 998 824 905
f 1090 824 998
f 994 849 830
f 849 847 851
f 849 857 847
f 847 852 851
f 847 857 852
f 849 926 857
f 994 926 849
f 851 852 857
f 851 857 870
f 851 870 861
f 857 924 870
f 857 926 924
f 861 870 909
f 861 960 890
f 861 909 924
f 861 924 926
f 861 926 960
f 924 909 870
f 890 973 905
f 960 961 890
f 961 972 890
f 890 972 973
f 989 963 905
f 963 998 905
f 905 973 970
f 970 989 905
f 960 926 994
f 977 961 960
f 977 960 994
f 977 972 961
f 989 991 963
f 963 991 998
f 975 970 973
f 1090 970 975
f 970 1090 989
f 977 973 972
f 977 975 973
f 1090 975 977
f 1090 977 994
f 989 1090 991
f 991 1090 998
f 994 1088 1090
f 3468 3466 3467
f 3467 3466 3543
f 3466 3468 3553
f 3466 3553 3543
f 3502 3468 3467
f 3486 3467 3471
f 3467 3543 3471
f 3502 3467 3486
f 3470 3468 3502
f 3558 3468 3470
f 3553 3468 3558
f 3470 3475 3476
f 3475 3470 3502
f 3582 3470 3476
f 3558 3470 3566
f 3566 3470 3582
f 3486 3471 3473
f 3471 3520 3473
f 3543 3520 3471
f 3486 3473 3482
f 3473 3505 3482
f 3473 3520 3505
f 3502 3476 3475
f 3502 3481 3476
f 3607 3476 3481
f 3476 3607 3582
f 3502 3493 3481
f 3481 3493 3614
f 3614 3607 3481
f 3486 3482 3485
f 3482 3491 3485
f 3482 3505 3491
f 3485 3491 3486
f 3486 3491 3505
f 3502 3486 3558
f 3486 3505 3520
f 3543 3486 3520
f 3553 3486 3543
f 3558 3486 3553
f 3502 3687 3493
f 3614 3493 3524
f 3493 3687 3524
f 3502 3558 3566
f 3502 3566 3582
f 3502 3582 3607
f 3502 3607 3612
f 3502 3612 3614
f 3502 3614 3656
f 3502 3656 3716
f 3502 3716 3687
f 3656 3524 3580
f 3524 3687 3580
f 3656 3614 3524
f 3656 3580 3716
f 3766 3580 3687
f 3716 3580 3766
f 3612 3607 3614
f 3716 3890 3687
f 3944 3766 3687
f 3890 4054 3687
f 3944 3687 4185
f 4054 4185 3687
f 3890 3716 3766
f 3890 3766 3944
f 3890 3944 4054
f 4054 3944 4098
f 4185 4098 3944
f 4098 4185 4054
f 4330 4317 4217
f 4683 4217 4317
f 4217 4356 4330
f 4217 4359 4356
f 4217 4360 4359
f 4217 4363 4360
f 4650 4363 4217
f 4650 4217 4916
f 4683 4653 4217
f 4653 4916 4217
f 4330 4230 4233
f 4230 5085 4233
f 4330 4234 4230
f 4234 5085 4230
f 4330 4233 4236
f 4233 5065 4236
f 5085 5065 4233
f 4234 4237 4241
f 4330 4237 4234
f 4241 5068 4234
f 4234 5068 5085
f 4330 4236 4239
f 4236 5065 4239
f 4330 4241 4237
f 4330 4239 4251
f 4251 4239 5014
f 4239 5065 5014
f 4240 4242 4250
f 4317 4242 4240
f 4317 4240 4250
f 4330 4261 4241
f 4261 5068 4241
f 4317 4247 4242
f 4923 4242 4247
f 4923 4250 4242
f 4317 4248 4247
f 4248 4923 4247
f 4317 4252 4248
f 4248 4252 4923
f 4317 4250 4258
f 4258 4250 4999
f 4923 5013 4250
f 4250 5013 4999
f 4330 4251 4254
f 4251 5014 4254
f 4317 4255 4252
f 4255 5016 4252
f 4252 5016 4923
f 4330 4254 4256
f 4254 5014 4256
f 4317 4256 4255
f 4255 4256 5014
f 4255 5014 5016
f 4330 4256 4317
f 4317 4258 4269
f 4269 4258 4999
f 4330 4266 4261
f 4266 5066 4261
f 5066 5068 4261
f 4330 4273 4266
f 4273 5066 4266
f 4344 4272 4267
f 4386 4267 4272
f 4267 4386 4344
f 4317 4269 4283
f 4999 4283 4269
f 4344 4279 4272
f 4279 4927 4272
f 4386 4272 4797
f 4272 4927 4797
f 4330 4300 4273
f 4300 4972 4273
f 4273 4972 5066
f 4279 4288 4285
f 4285 4930 4279
f 4344 4288 4279
f 4930 4927 4279
f 4317 4283 4289
f 4283 5002 4289
f 4999 5002 4283
f 4288 4930 4285
f 4344 4316 4288
f 4288 4316 4930
f 4317 4289 4297
f 4289 4978 4297
f 5002 4978 4289
f 4297 4303 4344
f 4297 4978 4303
f 4317 4297 4344
f 4330 4306 4300
f 4306 4972 4300
f 4303 4304 4344
f 4304 4303 4975
f 4303 4978 4975
f 4304 4309 4344
f 4304 4975 4309
f 4330 4314 4306
f 4306 4314 4972
f 4344 4309 4313
f 4313 4309 4951
f 4309 4975 4951
f 4316 4313 4315
f 4313 4951 4315
f 4344 4313 4316
f 4330 4319 4314
f 4314 4319 4972
f 4316 4315 4930
f 4315 4951 4930
f 4344 4683 4317
f 4320 4319 4330
f 4319 4320 4972
f 4320 4330 4325
f 4325 5070 4320
f 4320 5070 4972
f 4325 4330 4328
f 4328 5070 4325
f 4328 4330 4329
f 4329 4346 4328
f 4346 5094 4328
f 5094 5070 4328
f 4329 4330 4346
f 4346 4330 4355
f 4356 4355 4330
f 4386 4402 4344
f 4402 4406 4344
f 4406 4411 4344
f 4411 4542 4344
f 4344 4542 4561
f 4344 4561 4758
f 4344 4758 4683
f 4350 4346 4355
f 4346 4350 5094
f 4355 5069 4350
f 5069 5098 4350
f 4350 5098 5094
f 5069 4355 4356
f 4359 5069 4356
f 4360 4995 4359
f 4995 5069 4359
f 4363 4445 4360
f 4445 4943 4360
f 4943 4995 4360
f 4650 4445 4363
f 4402 4386 4797
f 4402 4797 4406
f 4411 4406 4542
f 4406 4797 4542
f 4650 4460 4445
f 4445 4460 4940
f 4445 4940 4943
f 4460 4650 4495
f 4903 4460 4495
f 4940 4460 4903
f 4495 4650 4568
f 4568 4826 4495
f 4826 4903 4495
f 4542 4797 4561
f 4758 4561 4689
f 4561 4797 4689
f 4568 4650 4579
f 4568 4579 4693
f 4568 4693 4809
f 4568 4809 4826
f 4579 4650 4693
f 4650 4809 4693
f 4826 4809 4650
f 4650 4903 4826
f 5018 4903 4650
f 4916 5018 4650
f 5072 4653 4683
f 4653 5089 4916
f 5072 5089 4653
f 4758 4792 4683
f 4792 4875 4683
f 4949 4683 4875
f 5072 4683 4949
f 4689 4797 4758
f 4758 4785 4792
f 4758 4797 4785
f 4785 4797 4792
f 4792 4797 4796
f 4792 4796 4824
f 4792 4824 4875
f 4796 4797 4824
f 4797 4927 4824
f 4824 4906 4875
f 4824 4927 4906
f 4906 4949 4875
f 4908 4940 4903
f 5018 4908 4903
f 4906 4927 4928
f 4906 4928 4945
f 4906 4945 4952
f 4906 4952 4949
f 4908 5018 4940
f 4916 5324 5018
f 5089 5396 4916
f 5324 4916 5332
f 5332 4916 5342
f 5342 4916 5345
f 5345 4916 5346
f 4916 5396 5346
f 4923 5032 5013
f 5016 5032 4923
f 4927 4945 4928
f 4930 4955 4927
f 4927 4955 4945
f 4951 4955 4930
f 4943 4940 5018
f 4995 4943 5018
f 4952 4945 4956
f 4945 4955 4956
f 4949 4952 5000
f 4949 5000 5008
f 4949 5008 5017
f 4949 5017 5020
f 4949 5020 5035
f 4949 5035 5043
f 4949 5043 5050
f 4949 5050 5067
f 4949 5067 5086
f 4949 5182 5072
f 4949 5086 5154
f 4949 5154 5164
f 4949 5164 5165
f 4949 5165 5171
f 4949 5171 5182
f 4951 4990 4955
f 4975 4996 4951
f 4951 4996 4990
f 4979 4952 4956
f 5000 4952 4979
f 4955 4979 4956
f 4955 4990 4979
f 4972 5070 5066
f 4978 4996 4975
f 5002 4996 4978
f 4979 4990 4989
f 4989 5000 4979
f 5000 4989 4990
f 4996 5007 4990
f 5007 5000 4990
f 5045 4995 5018
f 4995 5045 5069
f 5002 5036 4996
f 5036 5007 4996
f 5013 5002 4999
f 5007 5008 5000
f 5013 5036 5002
f 5020 5008 5007
f 5007 5035 5020
f 5007 5047 5035
f 5047 5007 5036
f 5020 5017 5008
f 5013 5032 5036
f 5014 5055 5016
f 5065 5055 5014
f 5016 5055 5032
f 5018 5078 5045
f 5018 5111 5078
f 5224 5111 5018
f 5278 5224 5018
f 5018 5285 5278
f 5018 5301 5285
f 5018 5294 5301
f 5324 5294 5018
f 5047 5036 5032
f 5055 5047 5032
f 5047 5043 5035
f 5047 5050 5043
f 5078 5069 5045
f 5067 5050 5047
f 5055 5091 5047
f 5091 5067 5047
f 5065 5091 5055
f 5085 5096 5065
f 5065 5096 5091
f 5066 5108 5068
f 5070 5120 5066
f 5066 5120 5108
f 5091 5086 5067
f 5068 5108 5085
f 5069 5078 5113
f 5069 5113 5098
f 5094 5109 5070
f 5070 5109 5120
f 5089 5072 5282
f 5182 5206 5072
f 5072 5206 5230
f 5072 5230 5233
f 5072 5233 5240
f 5072 5240 5245
f 5259 5072 5245
f 5282 5072 5259
f 5078 5111 5113
f 5108 5096 5085
f 5106 5086 5091
f 5154 5086 5106
f 5089 5282 5289
f 5289 5292 5089
f 5089 5292 5323
f 5089 5323 5312
f 5312 5327 5089
f 5330 5089 5327
f 5340 5089 5330
f 5347 5089 5340
f 5360 5089 5347
f 5360 5386 5089
f 5089 5386 5396
f 5129 5091 5096
f 5130 5106 5091
f 5129 5130 5091
f 5098 5143 5094
f 5094 5158 5109
f 5094 5143 5158
f 5108 5129 5096
f 5113 5178 5098
f 5098 5178 5143
f 5142 5106 5130
f 5142 5154 5106
f 5120 5157 5108
f 5108 5157 5129
f 5109 5158 5120
f 5111 5149 5113
f 5224 5149 5111
f 5149 5166 5113
f 5113 5166 5178
f 5158 5157 5120
f 5129 5142 5130
f 5129 5154 5142
f 5129 5157 5154
f 5143 5204 5158
f 5178 5204 5143
f 5149 5167 5166
f 5224 5167 5149
f 5172 5154 5157
f 5172 5164 5154
f 5158 5202 5157
f 5202 5172 5157
f 5204 5202 5158
f 5172 5165 5164
f 5172 5171 5165
f 5167 5237 5166
f 5166 5237 5178
f 5167 5224 5237
f 5172 5182 5171
f 5172 5206 5182
f 5202 5241 5172
f 5172 5230 5206
f 5241 5230 5172
f 5178 5241 5204
f 5237 5241 5178
f 5204 5241 5202
f 5235 5237 5224
f 5278 5235 5224
f 5240 5233 5230
f 5240 5230 5241
f 5235 5243 5237
f 5278 5243 5235
f 5258 5241 5237
f 5243 5258 5237
f 5245 5240 5241
f 5241 5259 5245
f 5258 5278 5241
f 5280 5259 5241
f 5278 5280 5241
f 5278 5258 5243
f 5280 5283 5259
f 5283 5282 5259
f 5278 5285 5280
f 5280 5285 5283
f 5285 5282 5283
f 5285 5289 5282
f 5292 5289 5285
f 5294 5292 5285
f 5301 5294 5285
f 5294 5325 5292
f 5325 5323 5292
f 5324 5317 5294
f 5317 5325 5294
f 5317 5312 5323
f 5324 5312 5317
f 5324 5332 5312
f 5312 5330 5327
f 5332 5330 5312
f 5317 5323 5325
f 5342 5330 5332
f 5342 5340 5330
f 5342 5345 5340
f 5340 5345 5347
f 5346 5364 5345
f 5364 5347 5345
f 5346 5396 5364
f 5347 5363 5360
f 5347 5364 5363
f 5360 5363 5386
f 5364 5370 5363
f 5363 5370 5371
f 5363 5371 5386
f 5364 5396 5370
f 5386 5371 5370
f 5396 5386 5370
f 2898 2851 2945
f 2898 3051 2851
f 2902 2921 2851
f 2902 2851 2974
f 2921 2945 2851
f 3008 2974 2851
f 2991 2851 3051
f 3303 2851 2991
f 3303 3008 2851
f 2898 2915 2919
f 2898 2926 2915
f 2898 2919 2925
f 2898 2925 2934
f 2926 2898 2928
f 2928 2898 2929
f 2929 2898 2931
f 2931 2898 2933
f 2898 2936 2933
f 2898 2934 2944
f 2936 2898 2943
f 2943 2898 2955
f 2898 2944 3010
f 2956 2898 2945
f 2955 2898 2956
f 3051 2898 3010
f 2902 2974 2921
f 2919 2915 2926
f 2919 3106 2925
f 2919 2926 3113
f 3113 3106 2919
f 2921 3148 2945
f 2974 3030 2921
f 3030 3180 2921
f 3180 3148 2921
f 2934 2925 3100
f 2925 3106 3100
f 3113 2926 2928
f 2928 2929 3116
f 3113 2928 3116
f 2929 2931 3119
f 2929 3119 3116
f 2936 2931 2933
f 3130 2931 2936
f 2931 3130 3119
f 2944 2934 3098
f 2934 3100 3098
f 2936 2943 3133
f 3130 2936 3133
f 2943 2955 2951
f 3135 2943 2951
f 3133 2943 3135
f 2944 2949 3010
f 2949 2944 3095
f 3095 2944 3098
f 2952 2956 2945
f 2945 3148 2952
f 2949 2962 3010
f 2962 2949 3090
f 3090 2949 3095
f 2955 3138 2951
f 3135 2951 3138
f 2952 3145 2956
f 2952 3147 3145
f 2952 3148 3147
f 2958 2955 2956
f 2955 2958 3140
f 3140 3138 2955
f 2956 3143 2958
f 3145 3143 2956
f 3140 2958 3141
f 2958 3143 3141
f 2962 2970 3010
f 2962 3088 2970
f 2962 3090 3088
f 2970 2983 3010
f 2970 3085 2983
f 3088 3085 2970
f 3030 2974 3008
f 2983 2990 3003
f 2983 3085 2990
f 2983 3003 3010
f 2990 3000 3003
f 2990 3078 3000
f 2990 3085 3078
f 2991 3051 3303
f 3003 3000 3012
f 3000 3075 3012
f 3076 3075 3000
f 3000 3078 3076
f 3003 3046 3010
f 3003 3012 3031
f 3003 3031 3035
f 3003 3035 3040
f 3045 3003 3040
f 3046 3003 3045
f 3066 3030 3008
f 3066 3008 3303
f 3010 3046 3056
f 3010 3090 3051
f 3010 3056 3061
f 3010 3061 3064
f 3070 3010 3064
f 3010 3070 3072
f 3010 3072 3075
f 3010 3075 3076
f 3010 3076 3078
f 3010 3078 3085
f 3010 3085 3088
f 3010 3088 3090
f 3012 3026 3031
f 3072 3026 3012
f 3075 3072 3012
f 3026 3064 3031
f 3026 3070 3064
f 3072 3070 3026
f 3066 3074 3030
f 3074 3212 3030
f 3030 3201 3180
f 3030 3212 3201
f 3031 3061 3035
f 3064 3061 3031
f 3056 3040 3035
f 3061 3056 3035
f 3045 3040 3048
f 3048 3040 3056
f 3046 3045 3048
f 3056 3046 3048
f 3090 3092 3051
f 3092 3095 3051
f 3095 3098 3051
f 3098 3100 3051
f 3100 3106 3051
f 3051 3106 3113
f 3113 3115 3051
f 3116 3051 3115
f 3119 3051 3116
f 3130 3051 3119
f 3122 3051 3131
f 3303 3051 3122
f 3131 3051 3130
f 3109 3074 3066
f 3109 3066 3303
f 3109 3231 3074
f 3074 3231 3212
f 3092 3090 3095
f 3150 3238 3109
f 3150 3109 3303
f 3109 3238 3231
f 3115 3113 3116
f 3131 3133 3122
f 3133 3135 3122
f 3135 3138 3122
f 3138 3140 3122
f 3140 3141 3122
f 3122 3141 3143
f 3122 3143 3145
f 3122 3145 3147
f 3122 3147 3148
f 3122 3148 3180
f 3122 3180 3201
f 3122 3201 3303
f 3131 3130 3133
f 3161 3249 3150
f 3161 3150 3303
f 3150 3249 3238
f 3161 3251 3249
f 3161 3303 3251
f 3212 3211 3201
f 3211 3303 3201
f 3211 3212 3218
f 3218 3303 3211
f 3212 3231 3218
f 3231 3238 3218
f 3238 3303 3218
f 3249 3303 3238
f 3251 3303 3249
f 3192 3303 3175
f 3192 3175 3309
f 3175 3241 3226
f 3175 3226 3455
f 3241 3175 3299
f 3299 3175 3303
f 3309 3175 3455
f 3192 3223 3236
f 3223 3192 3309
f 3192 3236 3240
f 3192 3240 3303
f 3236 3223 3293
f 3223 3309 3293
f 3226 3241 3344
f 3226 3344 3455
f 3240 3236 3278
f 3278 3236 3293
f 3245 3240 3268
f 3245 3303 3240
f 3268 3240 3272
f 3240 3278 3272
f 3282 3271 3241
f 3344 3241 3271
f 3299 3282 3241
f 3250 3245 3259
f 3250 3303 3245
f 3245 3268 3259
f 3250 3259 3251
f 3251 3303 3250
f 3259 3303 3251
f 3268 3455 3259
f 3455 3303 3259
f 3272 3455 3268
f 3282 3353 3271
f 3344 3271 3363
f 3353 3363 3271
f 3278 3455 3272
f 3455 3278 3293
f 3282 3299 3331
f 3282 3331 3353
f 3455 3293 3309
f 3308 3299 3303
f 3308 3304 3299
f 3304 3314 3299
f 3314 3331 3299
f 3308 3303 3455
f 3304 3308 3314
f 3331 3314 3308
f 3331 3308 3455
f 3391 3353 3331
f 3391 3331 3455
f 3344 3363 3391
f 3344 3391 3429
f 3455 3344 3429
f 3391 3363 3353
f 3429 3391 3455
f 4764 4699 4802
f 4834 4699 4764
f 4802 4699 4814
f 4699 4857 4810
f 4944 4699 4810
f 4814 4699 4877
f 4699 4944 4833
f 4699 4833 5031
f 4699 4834 4843
f 4699 4843 4850
f 4699 4850 4857
f 4877 4699 4911
f 4921 4911 4699
f 4921 4699 5031
f 4802 4795 4764
f 4795 4834 4764
f 5090 4795 4802
f 4806 4811 4795
f 4806 4795 5110
f 4811 4834 4795
f 5110 4795 5090
f 4802 4814 5090
f 4811 4806 5110
f 4810 4857 4860
f 4810 4860 4861
f 4810 4861 4873
f 4879 4810 4873
f 4810 4879 4880
f 4892 4810 4880
f 4918 4810 4892
f 5038 4810 4918
f 4810 4938 4944
f 5038 4938 4810
f 4811 5110 4834
f 4911 4814 4877
f 5090 4814 4911
f 5207 4833 4944
f 5031 4833 5126
f 5126 4833 5207
f 4843 4834 5110
f 4850 4843 5107
f 4843 5110 5107
f 4850 4950 4857
f 4850 4973 4950
f 5107 4973 4850
f 4861 4860 4857
f 4861 4857 4946
f 4946 4857 4950
f 4873 4861 4922
f 4861 4946 4922
f 4892 4879 4873
f 4918 4892 4873
f 4918 4873 4922
f 4880 4879 4892
f 4921 4915 4911
f 4911 4915 4948
f 4911 4948 4968
f 4968 5090 4911
f 4948 4915 4921
f 5038 4918 4922
f 4921 4968 4948
f 5031 4968 4921
f 5038 4922 4946
f 5060 4944 4938
f 5038 5420 4938
f 4938 5423 5060
f 4938 5420 5423
f 4944 5060 5273
f 5207 4944 5273
f 5038 4946 4950
f 5038 4950 4973
f 5031 5021 4968
f 5021 5090 4968
f 5038 4973 5125
f 5107 5125 4973
f 5021 5031 5185
f 5097 5090 5021
f 5097 5021 5115
f 5115 5021 5177
f 5177 5021 5185
f 5264 5031 5126
f 5229 5185 5031
f 5265 5229 5031
f 5264 5267 5031
f 5272 5265 5031
f 5272 5031 5267
f 5183 5038 5125
f 5038 5183 5255
f 5038 5255 5367
f 5038 5367 5385
f 5385 5399 5038
f 5038 5399 5420
f 5060 5426 5273
f 5423 5432 5060
f 5438 5426 5060
f 5439 5060 5432
f 5444 5438 5060
f 5444 5060 5439
f 5090 5097 5115
f 5110 5090 5176
f 5090 5115 5176
f 5107 5110 5176
f 5125 5107 5226
f 5107 5176 5226
f 5176 5115 5177
f 5183 5125 5226
f 5318 5126 5207
f 5268 5264 5126
f 5126 5266 5268
f 5126 5277 5266
f 5126 5286 5277
f 5303 5286 5126
f 5318 5303 5126
f 5176 5177 5203
f 5176 5203 5244
f 5304 5226 5176
f 5304 5176 5244
f 5177 5185 5203
f 5231 5183 5226
f 5231 5255 5183
f 5229 5203 5185
f 5229 5244 5203
f 5273 5365 5207
f 5314 5305 5207
f 5305 5318 5207
f 5334 5314 5207
f 5207 5335 5334
f 5207 5344 5335
f 5352 5344 5207
f 5365 5352 5207
f 5304 5231 5226
f 5276 5244 5229
f 5265 5261 5229
f 5276 5229 5261
f 5304 5255 5231
f 5276 5304 5244
f 5304 5300 5255
f 5255 5300 5353
f 5367 5255 5353
f 5276 5261 5265
f 5264 5277 5267
f 5268 5277 5264
f 5272 5276 5265
f 5266 5277 5268
f 5267 5277 5272
f 5277 5276 5272
f 5273 5395 5365
f 5273 5402 5395
f 5273 5408 5402
f 5273 5410 5408
f 5273 5426 5410
f 5286 5276 5277
f 5315 5276 5286
f 5315 5304 5276
f 5315 5286 5303
f 5304 5331 5300
f 5353 5300 5331
f 5318 5315 5303
f 5314 5304 5305
f 5304 5315 5305
f 5334 5304 5314
f 5353 5331 5304
f 5335 5304 5334
f 5335 5353 5304
f 5305 5315 5318
f 5344 5352 5335
f 5352 5353 5335
f 5355 5353 5352
f 5357 5355 5352
f 5352 5365 5357
f 5367 5353 5355
f 5357 5367 5355
f 5357 5365 5378
f 5357 5378 5367
f 5365 5377 5378
f 5365 5395 5377
f 5380 5367 5378
f 5385 5367 5380
f 5377 5380 5378
f 5377 5395 5380
f 5395 5385 5380
f 5395 5399 5385
f 5395 5408 5399
f 5395 5402 5408
f 5408 5405 5399
f 5420 5399 5405
f 5423 5405 5408
f 5423 5420 5405
f 5410 5423 5408
f 5432 5423 5410
f 5426 5432 5410
f 5439 5432 5426
f 5438 5439 5426
f 5444 5439 5438
f 186 190 248
f 539 190 186
f 186 261 218
f 186 218 539
f 186 248 261
f 200 251 190
f 200 190 539
f 190 251 248
f 203 199 201
f 242 201 199
f 203 258 199
f 199 258 242
f 201 252 200
f 201 200 539
f 200 252 251
f 203 201 539
f 242 252 201
f 319 203 243
f 243 203 539
f 319 258 203
f 218 239 228
f 218 228 494
f 218 261 239
f 539 218 494
f 228 239 580
f 494 228 580
f 239 261 580
f 242 247 252
f 242 255 247
f 353 255 242
f 258 353 242
f 286 319 243
f 286 243 539
f 255 252 247
f 248 251 580
f 580 261 248
f 251 252 580
f 580 252 255
f 353 336 255
f 255 336 505
f 505 580 255
f 319 359 258
f 359 353 258
f 304 319 286
f 304 286 470
f 286 539 470
f 361 319 304
f 420 361 304
f 420 304 470
f 319 454 359
f 361 388 319
f 388 422 319
f 319 422 454
f 353 364 336
f 505 336 364
f 359 436 353
f 353 458 364
f 353 436 458
f 359 454 436
f 388 361 420
f 505 364 458
f 398 388 420
f 388 398 422
f 420 448 398
f 398 448 422
f 420 446 448
f 446 420 470
f 422 448 454
f 436 454 466
f 458 436 464
f 464 436 466
f 446 470 448
f 448 579 454
f 470 550 448
f 448 550 579
f 466 454 474
f 454 648 474
f 454 579 612
f 612 664 454
f 454 682 648
f 664 667 454
f 667 682 454
f 478 458 464
f 458 478 479
f 484 458 479
f 505 458 484
f 464 466 474
f 464 474 478
f 470 539 550
f 648 478 474
f 479 478 812
f 648 812 478
f 484 479 874
f 479 812 818
f 479 818 874
f 484 663 505
f 484 874 663
f 774 539 494
f 580 798 494
f 494 798 774
f 505 631 580
f 505 663 631
f 550 539 579
f 579 539 612
f 664 612 539
f 667 664 539
f 667 539 682
f 682 539 734
f 539 774 734
f 631 643 580
f 580 643 684
f 580 684 698
f 698 725 580
f 725 765 580
f 765 798 580
f 663 643 631
f 643 663 684
f 648 682 734
f 734 786 648
f 648 786 794
f 648 794 812
f 663 968 684
f 874 918 663
f 918 968 663
f 684 1038 698
f 684 968 979
f 684 979 1038
f 725 698 1038
f 725 1039 765
f 725 1038 1039
f 774 779 734
f 734 779 786
f 766 798 765
f 766 765 986
f 765 1039 986
f 770 798 766
f 766 986 770
f 773 804 770
f 770 986 773
f 804 798 770
f 775 804 773
f 986 775 773
f 774 786 779
f 774 794 786
f 774 812 794
f 1028 774 798
f 774 818 812
f 774 874 818
f 774 918 874
f 774 968 918
f 774 979 968
f 1028 979 774
f 776 777 775
f 775 1010 776
f 775 777 804
f 986 1011 775
f 1011 1010 775
f 777 776 1008
f 776 1010 1008
f 777 780 804
f 777 958 780
f 777 1008 958
f 790 802 780
f 780 872 790
f 802 804 780
f 780 889 872
f 780 958 889
f 790 791 800
f 790 866 791
f 790 800 802
f 790 872 866
f 791 820 800
f 791 866 820
f 889 798 804
f 1028 798 889
f 802 800 816
f 816 800 820
f 802 816 804
f 816 889 804
f 820 889 816
f 866 872 820
f 889 820 872
f 889 958 1008
f 889 1008 1011
f 889 1011 1032
f 889 1032 1028
f 1038 979 1028
f 986 1033 1011
f 1036 1033 986
f 1039 1036 986
f 1008 1010 1011
f 1011 1033 1032
f 1032 1033 1028
f 1028 1033 1036
f 1036 1039 1028
f 1045 1038 1028
f 1039 1045 1028
f 1039 1038 1045
f 744 723 856
f 744 964 723
f 856 723 1257
f 723 964 1257
f 742 733 747
f 733 742 792
f 733 744 747
f 733 964 744
f 792 1132 733
f 1132 964 733
f 744 740 747
f 771 740 744
f 771 747 740
f 742 747 792
f 771 744 811
f 744 856 811
f 792 747 771
f 1061 792 771
f 811 1086 771
f 771 1086 1061
f 792 1061 1132
f 821 811 856
f 811 821 976
f 1135 811 976
f 1086 811 1135
f 821 856 976
f 856 1135 976
f 1257 1135 856
f 1132 1257 964
f 1086 1132 1061
f 1132 1086 1149
f 1086 1135 1149
f 1149 1201 1132
f 1201 1257 1132
f 1149 1135 1201
f 1201 1135 1198
f 1198 1135 1257
f 1257 1201 1198
f 1953 1979 1983
f 2040 1979 1953
f 1953 1983 2069
f 2051 2040 1953
f 2065 2051 1953
f 1953 2110 2065
f 1953 2069 2079
f 1953 2079 2247
f 1953 2126 2110
f 1953 2137 2126
f 2159 2137 1953
f 1953 2247 2159
f 1983 1979 2003
f 2040 2003 1979
f 1983 2003 2260
f 2069 1983 2220
f 1983 2260 2220
f 2040 2375 2003
f 2260 2003 2298
f 2003 2375 2298
f 2040 2051 2065
f 2487 2040 2065
f 2040 2428 2375
f 2040 2487 2428
f 2065 2110 2492
f 2065 2492 2487
f 2069 2203 2079
f 2220 2203 2069
f 2247 2079 2203
f 2110 2126 2482
f 2110 2482 2492
f 2137 2466 2126
f 2126 2466 2482
f 2159 2144 2137
f 2137 2144 2466
f 2159 2150 2144
f 2150 2454 2144
f 2454 2463 2144
f 2144 2463 2466
f 2159 2160 2150
f 2160 2453 2150
f 2150 2453 2454
f 2162 2160 2159
f 2181 2162 2159
f 2182 2181 2159
f 2202 2182 2159
f 2230 2202 2159
f 2247 2230 2159
f 2160 2162 2453
f 2162 2181 2448
f 2162 2448 2453
f 2182 2202 2181
f 2202 2404 2181
f 2181 2404 2448
f 2202 2230 2387
f 2387 2404 2202
f 2260 2203 2220
f 2473 2247 2203
f 2260 2298 2203
f 2298 2473 2203
f 2247 2236 2230
f 2236 2352 2230
f 2230 2352 2356
f 2387 2230 2356
f 2256 2236 2247
f 2236 2256 2352
f 2295 2256 2247
f 2305 2295 2247
f 2305 2247 2313
f 2313 2247 2330
f 2330 2247 2352
f 2352 2247 2356
f 2247 2387 2356
f 2247 2404 2387
f 2247 2442 2404
f 2473 2442 2247
f 2295 2330 2256
f 2256 2330 2352
f 2305 2313 2295
f 2295 2313 2330
f 2298 2375 2428
f 2298 2428 2473
f 2448 2404 2442
f 2473 2428 2487
f 2473 2448 2442
f 2473 2453 2448
f 2473 2454 2453
f 2473 2463 2454
f 2473 2466 2463
f 2473 2482 2466
f 2473 2492 2482
f 2473 2487 2502
f 2473 2502 2492
f 2502 2487 2492
f 693 690 696
f 697 690 693
f 728 696 690
f 705 690 697
f 705 701 690
f 729 690 701
f 729 728 690
f 693 696 894
f 693 894 697
f 703 699 696
f 930 696 699
f 728 703 696
f 894 696 898
f 898 696 930
f 705 697 700
f 893 700 697
f 894 893 697
f 699 703 951
f 951 930 699
f 705 700 892
f 893 892 700
f 711 701 705
f 712 701 711
f 701 712 713
f 701 713 714
f 701 714 717
f 701 717 722
f 701 722 724
f 701 724 732
f 701 753 729
f 701 732 739
f 701 733 755
f 733 701 764
f 701 739 748
f 701 748 752
f 701 752 764
f 753 701 755
f 703 728 959
f 951 703 959
f 705 896 711
f 705 892 896
f 712 711 713
f 711 900 713
f 896 900 711
f 903 714 713
f 900 903 713
f 717 714 904
f 903 904 714
f 717 906 722
f 717 904 906
f 724 722 732
f 732 722 891
f 891 722 907
f 906 907 722
f 728 729 1014
f 959 728 1014
f 957 729 753
f 957 1014 729
f 732 822 739
f 891 822 732
f 733 742 754
f 792 742 733
f 754 755 733
f 764 964 733
f 792 733 1132
f 733 964 1132
f 739 803 748
f 739 822 803
f 792 754 742
f 748 795 752
f 803 795 748
f 751 763 750
f 764 751 750
f 763 764 750
f 752 763 751
f 764 752 751
f 752 795 763
f 962 753 755
f 962 957 753
f 792 755 754
f 755 792 962
f 795 764 763
f 795 984 764
f 984 964 764
f 792 1063 962
f 1061 1063 792
f 1061 792 1132
f 795 803 984
f 803 822 984
f 822 891 984
f 891 907 910
f 891 910 984
f 984 892 893
f 896 892 984
f 898 893 894
f 893 898 984
f 900 896 901
f 901 896 984
f 1016 898 930
f 984 898 1016
f 900 901 984
f 903 900 984
f 904 903 984
f 906 904 984
f 907 906 984
f 910 907 984
f 951 1014 930
f 1014 1016 930
f 959 1014 951
f 984 957 962
f 957 984 1016
f 1016 1014 957
f 962 1063 984
f 964 984 1132
f 1063 1132 984
f 1061 1132 1063
f 292 296 298
f 483 296 292
f 292 298 483
f 298 296 325
f 296 303 325
f 483 303 296
f 316 298 325
f 298 316 483
f 325 303 318
f 303 483 318
f 483 316 325
f 325 318 324
f 337 324 318
f 368 337 318
f 378 368 318
f 406 378 318
f 410 406 318
f 410 318 634
f 318 483 634
f 324 335 325
f 324 337 335
f 483 325 335
f 335 337 348
f 355 335 348
f 483 335 355
f 337 349 348
f 368 349 337
f 349 355 348
f 355 349 365
f 349 368 365
f 483 355 365
f 365 368 376
f 403 365 376
f 483 365 403
f 368 378 376
f 376 378 403
f 378 406 403
f 403 406 427
f 403 427 432
f 483 403 432
f 427 406 410
f 410 634 427
f 427 471 432
f 427 634 471
f 432 471 481
f 483 432 481
f 471 498 481
f 471 634 498
f 483 481 499
f 481 498 499
f 483 499 524
f 483 524 525
f 483 525 640
f 483 1088 634
f 640 1088 483
f 498 515 499
f 498 634 515
f 515 524 499
f 515 534 524
f 515 634 534
f 524 534 525
f 525 534 542
f 640 525 542
f 534 544 542
f 534 634 544
f 544 551 542
f 640 542 551
f 549 551 544
f 549 544 634
f 549 562 551
f 549 563 562
f 563 549 634
f 560 551 562
f 640 551 560
f 584 560 562
f 640 560 584
f 562 563 570
f 584 562 570
f 563 569 570
f 569 563 576
f 563 634 576
f 569 584 570
f 569 576 593
f 569 593 584
f 576 710 593
f 576 634 710
f 584 593 598
f 640 584 598
f 598 593 597
f 597 593 605
f 593 710 605
f 597 614 598
f 605 614 597
f 640 598 614
f 605 626 614
f 605 628 626
f 628 605 657
f 605 710 657
f 640 614 626
f 628 632 626
f 640 626 632
f 628 633 632
f 633 628 657
f 633 642 632
f 640 632 683
f 683 632 642
f 642 633 652
f 652 633 657
f 634 994 710
f 634 1088 994
f 640 683 749
f 640 749 784
f 640 784 994
f 1088 640 994
f 642 652 651
f 651 683 642
f 652 679 651
f 679 749 651
f 651 749 683
f 652 657 679
f 657 710 679
f 679 710 715
f 679 715 749
f 994 715 710
f 715 783 749
f 994 783 715
f 749 783 784
f 783 787 784
f 994 787 783
f 787 796 784
f 784 796 994
f 787 808 796
f 801 808 787
f 994 801 787
f 796 808 807
f 796 807 994
f 801 813 808
f 994 813 801
f 808 815 807
f 807 815 809
f 807 809 994
f 813 814 808
f 814 817 808
f 808 844 815
f 808 817 843
f 808 843 844
f 815 994 809
f 994 814 813
f 817 814 994
f 994 815 844
f 817 994 843
f 843 838 844
f 843 994 838
f 838 994 844
f 1999 1412 1875
f 1875 1412 2168
f 2168 1412 1999
f 2002 1999 1875
f 2002 1875 2218
f 2400 1875 2168
f 2218 1875 2400
f 2002 2017 1999
f 1999 2017 2019
f 1999 2019 2024
f 1999 2024 2027
f 1999 2027 2035
f 2035 2037 1999
f 2037 2044 1999
f 2044 2178 1999
f 1999 2400 2168
f 2408 1999 2178
f 2400 1999 2513
f 2513 1999 2408
f 2002 2012 2013
f 2002 2029 2012
f 2002 2013 2014
f 2002 2014 2017
f 2002 2032 2029
f 2046 2032 2002
f 2002 2127 2046
f 2127 2002 2157
f 2157 2002 2175
f 2002 2218 2175
f 2013 2012 2029
f 2013 2299 2014
f 2013 2029 2263
f 2299 2013 2263
f 2017 2014 2308
f 2014 2299 2308
f 2017 2333 2019
f 2333 2017 2308
f 2024 2019 2364
f 2019 2333 2364
f 2027 2024 2412
f 2024 2364 2412
f 2035 2027 2432
f 2432 2027 2412
f 2029 2032 2127
f 2029 2127 2263
f 2127 2032 2046
f 2037 2035 2452
f 2035 2432 2452
f 2178 2044 2037
f 2408 2178 2037
f 2408 2037 2464
f 2464 2037 2452
f 2234 2127 2157
f 2238 2127 2234
f 2238 2263 2127
f 2157 2175 2228
f 2228 2234 2157
f 2218 2176 2175
f 2175 2176 2224
f 2228 2175 2224
f 2176 2186 2209
f 2218 2186 2176
f 2176 2209 2224
f 2186 2196 2200
f 2218 2196 2186
f 2186 2200 2209
f 2196 2198 2200
f 2218 2198 2196
f 2218 2200 2198
f 2218 2209 2200
f 2209 2218 2224
f 2218 2238 2224
f 2513 2238 2218
f 2218 2400 2513
f 2224 2234 2228
f 2224 2238 2234
f 2513 2263 2238
f 2513 2299 2263
f 2513 2308 2299
f 2513 2333 2308
f 2513 2364 2333
f 2513 2412 2364
f 2479 2408 2464
f 2513 2408 2479
f 2422 2432 2412
f 2513 2422 2412
f 2513 2432 2422
f 2513 2452 2432
f 2513 2464 2452
f 2513 2479 2464
f 2838 2750 2910
f 2838 2930 2750
f 2910 2750 2930
f 2838 2783 2918
f 2838 2987 2783
f 2918 2783 2987
f 2910 3052 2838
f 2918 2980 2838
f 2838 3032 2930
f 2980 3032 2838
f 3083 2987 2838
f 2838 3052 3175
f 3175 3083 2838
f 2910 2930 3052
f 2980 2918 2987
f 2930 3032 2996
f 2930 2996 3052
f 3059 2980 2987
f 3059 3032 2980
f 3059 2987 3083
f 2996 3032 3087
f 3052 2996 3087
f 3059 3099 3032
f 3125 3087 3032
f 3032 3099 3175
f 3125 3032 3175
f 3102 3052 3087
f 3052 3102 3175
f 3099 3059 3083
f 3132 3099 3083
f 3132 3083 3175
f 3125 3102 3087
f 3175 3099 3132
f 3102 3125 3226
f 3175 3102 3226
f 3175 3226 3125
f 1412 1594 1982
f 1999 1594 1412
f 1982 1999 1412
f 1662 1663 1594
f 1594 1745 1662
f 1663 1673 1594
f 1673 1687 1594
f 1687 1689 1594
f 1689 1729 1594
f 1729 1757 1594
f 1745 1594 1769
f 1757 1785 1594
f 1769 1594 1793
f 1787 1594 1785
f 1865 1594 1787
f 1793 1594 1796
f 1594 1999 1796
f 1916 1594 1865
f 1982 1594 1916
f 1663 1662 1745
f 1663 2023 1673
f 1663 1745 2023
f 2060 1687 1673
f 1673 2023 2060
f 1729 1689 1687
f 1687 2084 1729
f 2084 1687 2060
f 1729 2086 1757
f 1729 2084 2086
f 1745 1769 2000
f 2023 1745 2000
f 1785 1757 1787
f 1757 2088 1787
f 1757 2086 2088
f 1998 1769 1793
f 1995 1769 1998
f 2000 1769 1995
f 1865 1787 2089
f 2088 2089 1787
f 1793 1796 1900
f 1793 1900 2004
f 2004 1998 1793
f 1796 1999 1900
f 1916 1865 1899
f 1865 2082 1899
f 1865 2089 2082
f 2077 1916 1899
f 1899 2082 2077
f 1999 1902 1900
f 2004 1900 1902
f 1902 1999 1903
f 1902 1903 2006
f 2004 1902 2006
f 1999 1905 1903
f 2009 1903 1905
f 2006 1903 2007
f 1903 2009 2007
f 1905 1912 1915
f 1999 1912 1905
f 2011 1905 1915
f 2009 1905 2011
f 1999 1915 1912
f 1999 1984 1915
f 1915 1984 2025
f 1915 2025 2011
f 1955 1916 1939
f 2077 1939 1916
f 1982 1916 1955
f 1955 1939 2074
f 2074 1939 2077
f 1982 1955 2028
f 2028 1955 2070
f 2070 1955 2074
f 1982 2086 1999
f 1982 2028 2054
f 1982 2054 2058
f 1982 2058 2090
f 1982 2088 2086
f 1982 2089 2088
f 1982 2090 2089
f 1999 2015 1984
f 2015 2036 1984
f 2025 1984 2036
f 1995 1998 1999
f 1999 2000 1995
f 1998 2004 1999
f 2000 1999 2023
f 2004 2006 1999
f 2006 2007 1999
f 2007 2025 1999
f 1999 2044 2015
f 1999 2083 2023
f 2025 2036 1999
f 2036 2038 1999
f 2038 2044 1999
f 1999 2084 2083
f 1999 2086 2084
f 2007 2009 2025
f 2009 2011 2025
f 2015 2038 2036
f 2038 2015 2044
f 2023 2083 2060
f 2028 2058 2054
f 2028 2070 2058
f 2090 2058 2070
f 2083 2084 2060
f 2077 2070 2074
f 2082 2070 2077
f 2090 2070 2082
f 2090 2082 2089
f 16 2 1
f 2 33 1
f 1 18 16
f 26 18 1
f 1 59 26
f 1 33 59
f 16 31 2
f 31 33 2
f 18 72 16
f 16 32 31
f 482 32 16
f 72 163 16
f 163 482 16
f 25 18 26
f 25 72 18
f 95 25 26
f 95 72 25
f 26 59 124
f 95 26 179
f 26 124 179
f 31 32 35
f 31 35 33
f 482 35 32
f 33 35 48
f 33 48 65
f 33 149 59
f 33 65 68
f 33 68 73
f 33 73 98
f 33 98 149
f 482 48 35
f 482 65 48
f 59 176 124
f 59 149 176
f 75 68 65
f 75 65 492
f 492 65 482
f 73 68 75
f 94 72 95
f 94 163 72
f 73 75 105
f 73 204 98
f 73 105 108
f 73 108 109
f 73 109 204
f 105 75 87
f 87 75 492
f 105 87 492
f 94 95 163
f 95 305 163
f 95 179 386
f 95 386 305
f 98 241 149
f 98 204 241
f 105 492 108
f 108 110 109
f 110 108 314
f 108 492 314
f 109 110 112
f 109 112 212
f 109 212 204
f 112 110 314
f 212 112 313
f 313 112 314
f 124 176 357
f 179 124 345
f 124 357 345
f 149 380 176
f 149 241 380
f 163 305 306
f 163 306 482
f 357 176 380
f 179 345 302
f 179 302 386
f 204 212 392
f 204 392 241
f 392 212 313
f 380 241 459
f 241 392 459
f 302 345 1302
f 386 302 1314
f 302 1302 1308
f 302 1308 1314
f 409 306 305
f 305 386 447
f 409 305 447
f 409 404 306
f 306 404 482
f 313 314 392
f 314 367 392
f 521 367 314
f 574 314 492
f 527 521 314
f 574 527 314
f 345 357 1297
f 345 1297 1299
f 1302 345 1299
f 357 380 557
f 357 557 1338
f 1297 357 1313
f 1313 357 1326
f 357 1338 1326
f 392 367 413
f 521 413 367
f 380 459 1329
f 380 1346 557
f 380 1329 1346
f 447 386 592
f 592 386 1350
f 386 1314 1345
f 386 1345 1350
f 392 413 521
f 459 392 555
f 607 392 521
f 392 1136 555
f 668 392 607
f 392 668 997
f 392 997 1085
f 392 1085 1136
f 409 531 404
f 531 482 404
f 409 447 442
f 409 442 486
f 409 486 531
f 442 447 486
f 447 531 486
f 447 592 531
f 459 555 1268
f 459 1268 1271
f 1275 459 1271
f 1277 459 1275
f 1329 459 1277
f 492 482 810
f 482 531 591
f 482 591 660
f 660 810 482
f 492 668 574
f 805 668 492
f 492 810 805
f 521 527 607
f 527 574 603
f 527 603 607
f 531 592 591
f 1136 1232 555
f 1268 555 1232
f 1338 557 1359
f 1346 1359 557
f 574 668 603
f 591 592 660
f 660 592 735
f 735 592 1099
f 592 1101 1099
f 592 1365 1101
f 592 1350 1363
f 592 1363 1365
f 603 668 607
f 660 735 810
f 805 746 668
f 746 997 668
f 810 735 863
f 863 735 1099
f 805 797 746
f 797 997 746
f 797 805 936
f 936 997 797
f 810 1113 805
f 936 805 1209
f 1113 1209 805
f 810 863 1013
f 810 1013 1096
f 810 1096 1113
f 1013 863 1099
f 997 936 1209
f 1085 997 1209
f 1096 1013 1099
f 1136 1085 1209
f 1113 1096 1099
f 1113 1099 1101
f 1101 1234 1113
f 1101 1365 1234
f 1209 1113 1315
f 1315 1113 1234
f 1160 1136 1209
f 1232 1136 1160
f 1160 1209 1200
f 1232 1160 1200
f 1200 1209 1232
f 1232 1209 1260
f 1209 1268 1260
f 1209 1271 1268
f 1275 1271 1209
f 1277 1275 1209
f 1315 1277 1209
f 1260 1268 1232
f 1281 1315 1234
f 1234 1365 1281
f 1315 1329 1277
f 1315 1281 1366
f 1281 1365 1366
f 1315 1299 1297
f 1315 1297 1313
f 1315 1302 1299
f 1308 1302 1314
f 1302 1345 1314
f 1302 1315 1363
f 1345 1302 1350
f 1350 1302 1363
f 1315 1313 1338
f 1338 1313 1326
f 1315 1346 1329
f 1315 1338 1359
f 1315 1361 1346
f 1315 1359 1361
f 1315 1366 1363
f 1359 1346 1361
f 1363 1366 1365
f 2649 2647 2671
f 2647 2649 2703
f 2647 2864 2671
f 2696 2647 2709
f 2696 2864 2647
f 2709 2647 2703
f 2649 2655 2703
f 2649 2835 2655
f 2649 2671 2840
f 2649 2840 2835
f 2655 2659 2703
f 2827 2659 2655
f 2827 2655 2835
f 2662 2661 2659
f 2659 2661 2703
f 2662 2659 2819
f 2819 2659 2827
f 2661 2662 2716
f 2703 2661 2718
f 2721 2661 2716
f 2718 2661 2721
f 2662 2677 2716
f 2794 2677 2662
f 2794 2662 2819
f 2671 2704 2853
f 2671 2864 2704
f 2840 2671 2853
f 2677 2692 2714
f 2692 2677 2758
f 2716 2677 2714
f 2758 2677 2794
f 2692 2700 2707
f 2700 2692 2742
f 2692 2707 2714
f 2742 2692 2758
f 2709 2864 2696
f 2707 2700 2731
f 2700 2742 2731
f 2703 2747 2709
f 2723 2703 2718
f 2703 2723 2749
f 2703 2749 2747
f 2853 2704 2715
f 2715 2704 2864
f 2714 2707 2720
f 2720 2707 2731
f 2709 2747 2864
f 2714 2720 2716
f 2715 2724 2833
f 2864 2724 2715
f 2844 2715 2833
f 2853 2715 2844
f 2794 2716 2720
f 2716 2825 2721
f 2794 2819 2716
f 2819 2825 2716
f 2718 2721 2723
f 2720 2731 2758
f 2794 2720 2758
f 2825 2723 2721
f 2749 2723 2825
f 2823 2724 2734
f 2864 2734 2724
f 2833 2724 2823
f 2758 2731 2742
f 2734 2741 2809
f 2864 2741 2734
f 2734 2809 2823
f 2741 2752 2790
f 2752 2741 2864
f 2741 2790 2809
f 2749 2857 2747
f 2857 2864 2747
f 2825 2827 2749
f 2827 2835 2749
f 2835 2840 2749
f 2840 2853 2749
f 2853 2857 2749
f 2760 2777 2752
f 2760 2752 2864
f 2777 2790 2752
f 2760 2768 2777
f 2768 2760 2864
f 2864 2777 2768
f 2864 2790 2777
f 2790 2857 2809
f 2864 2857 2790
f 2809 2844 2823
f 2809 2857 2844
f 2819 2827 2825
f 2823 2844 2833
f 2857 2853 2844
f 1013 810 1096
f 1013 1126 810
f 810 1113 1096
f 1113 810 1412
f 810 1126 1449
f 810 1449 1412
f 1126 1013 1096
f 1214 1096 1113
f 1126 1096 1214
f 1230 1214 1113
f 1230 1113 1234
f 1234 1113 1315
f 1594 1315 1113
f 1412 1594 1113
f 1295 1126 1214
f 1449 1126 1295
f 1214 1230 1337
f 1295 1214 1337
f 1343 1230 1234
f 1337 1230 1343
f 1281 1234 1315
f 1343 1234 1281
f 1366 1281 1315
f 1343 1281 1505
f 1281 1366 1505
f 1449 1295 1337
f 1299 1297 1313
f 1297 1299 1315
f 1313 1297 1315
f 1308 1302 1299
f 1299 1302 1315
f 1308 1299 1619
f 1299 1313 1619
f 1308 1314 1302
f 1314 1345 1302
f 1363 1315 1302
f 1345 1350 1302
f 1350 1363 1302
f 1314 1308 1600
f 1308 1616 1600
f 1308 1619 1616
f 1315 1338 1313
f 1313 1338 1326
f 1617 1313 1326
f 1619 1313 1617
f 1345 1314 1587
f 1587 1314 1600
f 1359 1338 1315
f 1361 1359 1315
f 1315 1386 1361
f 1366 1315 1363
f 1315 1400 1386
f 1315 1469 1400
f 1315 1481 1469
f 1315 1594 1481
f 1326 1338 1615
f 1615 1614 1326
f 1614 1617 1326
f 1449 1337 1343
f 1338 1359 1621
f 1615 1338 1621
f 1519 1449 1343
f 1343 1505 1519
f 1350 1345 1580
f 1345 1587 1580
f 1363 1350 1580
f 1361 1386 1359
f 1386 1635 1359
f 1621 1359 1635
f 1365 1366 1363
f 1363 1577 1365
f 1363 1580 1577
f 1366 1365 1575
f 1365 1577 1575
f 1505 1366 1592
f 1366 1575 1592
f 1386 1400 1646
f 1386 1646 1635
f 1400 1469 1651
f 1646 1400 1651
f 1449 1594 1412
f 1519 1505 1449
f 1449 1505 1603
f 1594 1449 1737
f 1449 1603 1737
f 1469 1481 1475
f 1641 1469 1475
f 1651 1469 1641
f 1475 1481 1477
f 1637 1475 1477
f 1641 1475 1637
f 1477 1481 1633
f 1633 1637 1477
f 1594 1489 1481
f 1633 1481 1489
f 1594 1507 1489
f 1489 1507 1627
f 1633 1489 1627
f 1505 1592 1603
f 1521 1569 1507
f 1594 1521 1507
f 1608 1507 1569
f 1627 1507 1608
f 1521 1528 1552
f 1594 1528 1521
f 1521 1552 1569
f 1528 1533 1552
f 1594 1533 1528
f 1552 1533 1594
f 1569 1552 1594
f 1607 1569 1594
f 1608 1569 1607
f 1577 1737 1575
f 1575 1737 1592
f 1580 1625 1577
f 1625 1737 1577
f 1587 1625 1580
f 1587 1600 1625
f 1737 1603 1592
f 1607 1594 1737
f 1600 1616 1625
f 1608 1607 1737
f 1627 1608 1737
f 1737 1614 1615
f 1614 1737 1617
f 1737 1615 1621
f 1625 1616 1619
f 1617 1737 1619
f 1619 1737 1625
f 1635 1737 1621
f 1641 1633 1627
f 1641 1627 1737
f 1641 1637 1633
f 1737 1635 1646
f 1655 1651 1641
f 1655 1641 1737
f 1737 1646 1651
f 1737 1651 1655
f 3431 3377 3400
f 3377 3472 3400
f 3447 3377 3431
f 3472 3377 3447
f 3404 3400 3402
f 3463 3402 3400
f 3404 3431 3400
f 3472 3463 3400
f 3404 3402 3461
f 3463 3461 3402
f 3404 3456 3431
f 3404 3461 3456
f 3447 3431 3472
f 3463 3431 3456
f 3472 3431 3463
f 3463 3456 3461
f 2755 2759 2764
f 2812 2759 2755
f 2808 2755 2764
f 2812 2755 2808
f 2812 2762 2759
f 2759 2762 3149
f 2764 2759 3168
f 2759 3149 3168
f 2812 2763 2762
f 2763 3123 2762
f 3123 3149 2762
f 2812 2779 2763
f 2779 3067 2763
f 3067 3123 2763
f 2808 2764 2772
f 2764 3185 2772
f 2764 3168 3185
f 2793 2772 2781
f 2772 3199 2781
f 2808 2772 2793
f 2772 3185 3199
f 2812 2785 2779
f 2785 2901 2779
f 2779 2901 2957
f 2957 3067 2779
f 2781 3204 2793
f 2781 3199 3204
f 2812 2792 2785
f 2785 2792 2901
f 2812 2901 2792
f 2801 2808 2793
f 2793 3224 2801
f 2793 3204 3206
f 2793 3206 3224
f 2808 2801 3020
f 3020 2801 3248
f 3224 3248 2801
f 2812 2808 3020
f 2812 2957 2901
f 2812 3062 2957
f 2812 3020 3163
f 3163 3062 2812
f 2957 3062 3067
f 3163 3020 3086
f 3020 3248 3086
f 3163 3067 3062
f 3163 3123 3067
f 3101 3164 3086
f 3101 3086 3248
f 3164 3163 3086
f 3104 3164 3101
f 3101 3225 3104
f 3101 3230 3225
f 3101 3248 3230
f 3225 3164 3104
f 3163 3149 3123
f 3163 3167 3149
f 3167 3168 3149
f 3267 3163 3164
f 3184 3167 3163
f 3204 3184 3163
f 3206 3204 3163
f 3267 3206 3163
f 3225 3230 3164
f 3230 3267 3164
f 3168 3167 3184
f 3182 3168 3184
f 3185 3168 3182
f 3185 3182 3184
f 3191 3185 3184
f 3191 3184 3199
f 3199 3184 3204
f 3199 3185 3191
f 3267 3224 3206
f 3267 3248 3224
f 3230 3248 3267
f 194 187 230
f 723 187 194
f 394 230 187
f 394 187 723
f 205 194 233
f 194 205 460
f 194 230 233
f 723 194 460
f 202 205 240
f 460 205 202
f 227 202 240
f 460 202 227
f 240 205 233
f 227 240 460
f 233 230 394
f 233 238 240
f 238 233 394
f 240 238 249
f 394 249 238
f 271 240 249
f 260 240 271
f 260 483 240
f 240 483 460
f 271 249 394
f 270 260 277
f 260 270 483
f 276 260 271
f 260 276 277
f 483 270 277
f 276 271 483
f 483 271 394
f 276 292 277
f 292 276 483
f 483 277 292
f 483 394 723
f 483 1088 460
f 460 1088 723
f 723 1088 483
f 1799 1728 1742
f 1728 1822 1742
f 1799 1864 1728
f 1728 1847 1822
f 1728 2087 1847
f 1864 1946 1728
f 1946 2045 1728
f 2031 1728 2222
f 2237 1728 2031
f 2045 2122 1728
f 2237 2087 1728
f 2122 2222 1728
f 1742 1822 1799
f 1799 1822 1803
f 1799 1803 1864
f 1822 2214 1803
f 1803 2214 1864
f 1822 1847 2214
f 1847 2087 2214
f 1864 2257 1946
f 1864 2214 2257
f 1946 2257 2045
f 2031 2063 1987
f 2031 1987 2171
f 1987 2063 2171
f 2031 2148 2063
f 2031 2187 2148
f 2031 2171 2276
f 2235 2187 2031
f 2235 2031 2222
f 2237 2031 2495
f 2031 2276 2495
f 2122 2045 2221
f 2045 2257 2221
f 2171 2063 2148
f 2087 2115 2214
f 2237 2115 2087
f 2115 2133 2214
f 2237 2133 2115
f 2221 2222 2122
f 2237 2183 2133
f 2183 2249 2133
f 2214 2133 2249
f 2187 2171 2148
f 2276 2171 2187
f 2216 2183 2237
f 2183 2216 2249
f 2235 2232 2187
f 2232 2276 2187
f 2214 2249 2252
f 2252 2297 2214
f 2214 2491 2257
f 2297 2332 2214
f 2332 2343 2214
f 2214 2343 2491
f 2237 2249 2216
f 2314 2222 2221
f 2221 2257 2275
f 2275 2314 2221
f 2222 2743 2235
f 2370 2222 2314
f 2222 2370 2559
f 2222 2559 2708
f 2708 2743 2222
f 2433 2232 2235
f 2433 2276 2232
f 2235 2807 2433
f 2743 2807 2235
f 2237 2252 2249
f 2297 2252 2237
f 2332 2297 2237
f 2237 2343 2332
f 2237 2491 2343
f 2708 2491 2237
f 2743 2237 2495
f 2708 2237 2743
f 2257 2314 2275
f 2257 2370 2314
f 2257 2553 2370
f 2491 2553 2257
f 2276 2433 2446
f 2495 2276 2446
f 2559 2370 2553
f 2433 2595 2446
f 2556 2595 2433
f 2433 2807 2556
f 2446 2595 2495
f 2708 2553 2491
f 2495 2595 2881
f 2881 2743 2495
f 2708 2559 2553
f 2595 2556 2769
f 2774 2556 2646
f 2646 2556 2807
f 2774 2769 2556
f 2881 2595 2769
f 2774 2646 2782
f 2646 2807 2782
f 2881 2807 2743
f 2774 2822 2769
f 2881 2769 2822
f 2807 2774 2782
f 2774 2807 2881
f 2822 2774 2881
f 2830 2708 2818
f 2818 2708 2845
f 2979 2708 2830
f 2845 2708 2904
f 2904 2708 2911
f 2911 2708 3111
f 3111 2708 2979
f 2830 2818 2845
f 2830 2845 3205
f 2830 3205 2979
f 2904 2946 2845
f 2946 3081 2845
f 3081 3246 2845
f 2845 3511 3205
f 2845 3246 3511
f 2911 2946 2904
f 2946 2911 3111
f 3081 2946 3111
f 3111 2979 3110
f 2979 3205 3110
f 2991 3111 3163
f 3694 3111 2991
f 2991 3163 3447
f 3447 3694 2991
f 3097 3081 3214
f 3097 3246 3081
f 3081 3111 3214
f 3120 3209 3097
f 3120 3097 3214
f 3209 3246 3097
f 3171 3111 3110
f 3127 3171 3110
f 3110 3205 3127
f 3361 3163 3111
f 3181 3111 3171
f 3210 3111 3181
f 3227 3111 3210
f 3111 3480 3214
f 3361 3111 3227
f 3480 3111 3694
f 3120 3189 3209
f 3214 3189 3120
f 3127 3205 3171
f 3233 3163 3237
f 3348 3163 3233
f 3237 3163 3254
f 3254 3163 3255
f 3255 3163 3258
f 3258 3163 3275
f 3289 3275 3163
f 3300 3289 3163
f 3306 3300 3163
f 3321 3306 3163
f 3321 3163 3361
f 3447 3163 3348
f 3174 3181 3171
f 3174 3171 3205
f 3174 3186 3181
f 3174 3205 3186
f 3186 3210 3181
f 3205 3624 3186
f 3186 3648 3210
f 3624 3648 3186
f 3209 3189 3214
f 3511 3525 3205
f 3525 3588 3205
f 3588 3624 3205
f 3246 3209 3214
f 3655 3227 3210
f 3210 3648 3655
f 3214 3351 3246
f 3480 3351 3214
f 3361 3227 3234
f 3227 3655 3234
f 3237 3348 3233
f 3361 3234 3261
f 3234 3680 3261
f 3655 3680 3234
f 3237 3254 3805
f 3805 3348 3237
f 3351 3433 3246
f 3246 3433 3511
f 3254 3255 3798
f 3805 3254 3798
f 3258 3792 3255
f 3798 3255 3792
f 3781 3258 3275
f 3781 3792 3258
f 3361 3261 3270
f 3261 3683 3270
f 3680 3683 3261
f 3361 3270 3297
f 3684 3297 3270
f 3683 3684 3270
f 3289 3770 3275
f 3770 3781 3275
f 3279 3277 3284
f 3279 3768 3277
f 3749 3284 3277
f 3277 3768 3749
f 3281 3279 3361
f 3279 3281 3782
f 3279 3284 3361
f 3782 3768 3279
f 3361 3283 3280
f 3283 3740 3280
f 3361 3280 3287
f 3280 3734 3287
f 3280 3740 3734
f 3286 3281 3361
f 3286 3779 3281
f 3779 3788 3281
f 3281 3788 3782
f 3361 3284 3283
f 3283 3284 3749
f 3283 3749 3740
f 3290 3286 3361
f 3290 3723 3286
f 3286 3723 3779
f 3361 3287 3291
f 3287 3726 3291
f 3287 3734 3726
f 3289 3300 3767
f 3289 3767 3770
f 3292 3290 3361
f 3292 3712 3290
f 3712 3723 3290
f 3296 3361 3291
f 3291 3729 3296
f 3726 3729 3291
f 3294 3292 3361
f 3294 3697 3292
f 3292 3697 3712
f 3297 3294 3361
f 3297 3684 3294
f 3294 3684 3696
f 3294 3696 3697
f 3312 3361 3296
f 3312 3296 3731
f 3729 3731 3296
f 3306 3759 3300
f 3767 3300 3759
f 3306 3321 3754
f 3306 3754 3759
f 3361 3312 3320
f 3312 3738 3320
f 3312 3731 3736
f 3312 3736 3738
f 3361 3320 3321
f 3320 3746 3321
f 3738 3746 3320
f 3754 3321 3746
f 3348 3352 3447
f 3348 3805 3352
f 3480 3433 3351
f 3352 3380 3447
f 3352 3822 3380
f 3805 3812 3352
f 3812 3822 3352
f 3380 3388 3447
f 3840 3388 3380
f 3822 3840 3380
f 3388 3397 3447
f 3397 3388 3859
f 3840 3859 3388
f 3409 3397 3413
f 3397 3409 3447
f 3397 3879 3413
f 3397 3859 3879
f 3409 3413 3472
f 3409 3472 3447
f 3472 3413 3423
f 3413 3871 3423
f 3879 3871 3413
f 3472 3423 3427
f 3423 3864 3427
f 3423 3871 3864
f 3472 3427 3448
f 3427 3858 3448
f 3864 3858 3427
f 3480 3498 3433
f 3433 3498 3511
f 3472 3541 3447
f 3541 3568 3447
f 3447 3568 3667
f 3447 3667 3889
f 3447 3889 3694
f 3472 3448 3459
f 3448 3850 3459
f 3448 3858 3850
f 3472 3459 3541
f 3459 3848 3541
f 3850 3848 3459
f 3480 3511 3498
f 3480 3525 3511
f 3480 3588 3525
f 3588 3480 3624
f 3624 3480 3648
f 3655 3648 3480
f 3679 3655 3480
f 3679 3480 3764
f 3480 3694 3764
f 3568 3541 3667
f 3847 3667 3541
f 3541 3848 3847
f 3655 3679 3680
f 3667 3724 3715
f 3889 3667 3715
f 3847 3724 3667
f 3679 3764 3680
f 3680 3764 3683
f 3683 3764 3684
f 3684 3764 3696
f 3694 3889 3764
f 3697 3696 3712
f 3696 3764 3712
f 3712 3764 3723
f 3889 3715 3724
f 3723 3764 3779
f 3847 3846 3724
f 3889 3724 3846
f 3731 3729 3726
f 3736 3731 3726
f 3726 3734 3749
f 3736 3726 3764
f 3726 3749 3768
f 3726 3788 3764
f 3726 3768 3782
f 3726 3782 3788
f 3734 3740 3749
f 3738 3736 3764
f 3746 3738 3764
f 3754 3746 3764
f 3759 3754 3764
f 3889 3759 3764
f 3889 3767 3759
f 3779 3764 3794
f 3788 3794 3764
f 3889 3770 3767
f 3889 3781 3770
f 3788 3779 3794
f 3889 3792 3781
f 3889 3798 3792
f 3889 3805 3798
f 3889 3812 3805
f 3822 3812 3889
f 3840 3822 3889
f 3859 3840 3889
f 3889 3846 3847
f 3889 3847 3848
f 3889 3848 3850
f 3858 3889 3850
f 3864 3889 3858
f 3879 3859 3881
f 3881 3859 3889
f 3871 3879 3864
f 3879 3889 3864
f 3889 3879 3881
f 1854 1412 1449
f 1449 1412 1982
f 1982 1412 1854
f 1449 1499 1478
f 1449 1478 1591
f 1449 1519 1499
f 1449 1626 1519
f 1449 1591 1770
f 1626 1449 1813
f 1449 1770 1854
f 1449 1982 1813
f 1591 1478 1499
f 1499 1519 1626
f 1874 1591 1499
f 1874 1499 1626
f 1874 1770 1591
f 1813 1876 1626
f 1876 1874 1626
f 1854 1770 1853
f 1853 1770 1874
f 1914 1876 1813
f 1813 1931 1914
f 1992 1931 1813
f 1813 1982 1992
f 1854 1853 1876
f 1876 1853 1874
f 1914 1854 1876
f 1982 1854 1914
f 1914 1931 1982
f 1982 1931 1994
f 1931 1992 1994
f 1992 1982 1994
f 1264 1088 1090
f 1088 1402 1090
f 1781 1088 1264
f 1781 1402 1088
f 1090 1104 1110
f 1104 1090 1125
f 1138 1090 1110
f 1125 1090 1133
f 1090 1142 1133
f 1090 1138 1143
f 1090 1145 1142
f 1090 1143 1155
f 1090 1154 1145
f 1090 1156 1154
f 1090 1155 1157
f 1402 1156 1090
f 1090 1157 1175
f 1090 1175 1176
f 1090 1176 1178
f 1090 1178 1199
f 1090 1199 1217
f 1090 1217 1264
f 1110 1104 1125
f 1712 1110 1125
f 1696 1138 1110
f 1696 1110 1712
f 1125 1133 1130
f 1755 1125 1130
f 1712 1125 1755
f 1133 1762 1130
f 1755 1130 1762
f 1142 1768 1133
f 1133 1768 1762
f 1143 1138 1706
f 1138 1696 1706
f 1145 1783 1142
f 1142 1783 1768
f 1143 1717 1155
f 1143 1706 1717
f 1154 1790 1145
f 1790 1783 1145
f 1156 1235 1154
f 1235 1598 1154
f 1598 1666 1154
f 1666 1808 1154
f 1154 1808 1790
f 1155 1717 1157
f 1402 1235 1156
f 1216 1175 1157
f 1216 1157 1727
f 1157 1717 1727
f 1175 1216 1176
f 1178 1176 1216
f 1216 1199 1178
f 1216 1634 1199
f 1217 1199 1611
f 1611 1199 1634
f 1264 1210 1211
f 1210 1377 1211
f 1264 1213 1210
f 1213 1382 1210
f 1210 1382 1377
f 1212 1211 1215
f 1264 1211 1212
f 1377 1215 1211
f 1223 1212 1215
f 1252 1212 1223
f 1265 1212 1252
f 1265 1264 1212
f 1264 1219 1213
f 1219 1396 1213
f 1380 1382 1213
f 1396 1380 1213
f 1376 1223 1215
f 1377 1376 1215
f 1216 1683 1634
f 1216 1693 1683
f 1703 1693 1216
f 1703 1216 1727
f 1264 1217 1222
f 1222 1217 1601
f 1601 1217 1611
f 1264 1226 1219
f 1226 1522 1219
f 1219 1522 1396
f 1222 1233 1264
f 1222 1601 1233
f 1252 1223 1372
f 1372 1223 1376
f 1264 1228 1226
f 1226 1228 1583
f 1226 1583 1522
f 1264 1229 1228
f 1229 1585 1228
f 1228 1585 1583
f 1264 1233 1229
f 1233 1590 1229
f 1590 1585 1229
f 1233 1601 1590
f 1402 1348 1235
f 1348 1598 1235
f 1265 1252 1364
f 1252 1372 1364
f 1269 1264 1265
f 1286 1264 1269
f 1291 1264 1286
f 1307 1264 1291
f 1307 1319 1264
f 1319 1325 1264
f 1325 1372 1264
f 1264 1372 1377
f 1377 1382 1264
f 1382 1380 1264
f 1264 1380 1572
f 1264 1572 1583
f 1264 1583 1585
f 1264 1585 1590
f 1264 1590 1601
f 1264 1601 1611
f 1264 1611 1634
f 1264 1634 1683
f 1264 1683 1693
f 1264 1693 1703
f 1264 1703 1738
f 1264 1738 1781
f 1265 1352 1269
f 1265 1364 1352
f 1286 1269 1351
f 1269 1352 1351
f 1286 1325 1291
f 1286 1351 1325
f 1307 1291 1319
f 1291 1325 1319
f 1351 1352 1325
f 1352 1372 1325
f 1402 1395 1348
f 1395 1467 1348
f 1348 1467 1598
f 1352 1364 1372
f 1372 1376 1377
f 1572 1380 1396
f 1402 1467 1395
f 1572 1396 1522
f 1402 1598 1467
f 1402 1666 1598
f 1781 1666 1402
f 1522 1583 1572
f 1810 1666 1781
f 1810 1808 1666
f 1781 1706 1696
f 1781 1696 1712
f 1738 1703 1727
f 1781 1717 1706
f 1781 1712 1755
f 1781 1727 1717
f 1781 1738 1727
f 1768 1755 1762
f 1810 1755 1768
f 1781 1755 1810
f 1768 1783 1790
f 1810 1768 1790
f 1790 1808 1810
f 4632 4653 4833
f 5028 4653 4632
f 4632 4667 4665
f 4665 4798 4632
f 4632 4767 4667
f 4835 4767 4632
f 4632 4798 4902
f 4835 4632 4833
f 4632 4902 5015
f 4632 5015 5028
f 4833 4653 5028
f 4665 4667 4798
f 4798 4667 4767
f 4808 4767 4702
f 4835 4702 4767
f 4808 4702 4835
f 4798 4767 4887
f 4887 4767 4808
f 4902 4798 4887
f 4835 4887 4808
f 4835 4833 5028
f 4887 4835 5071
f 5071 4835 5028
f 4902 4887 4939
f 4939 4887 5071
f 4902 4939 4937
f 4937 5015 4902
f 4937 4939 5074
f 5015 4937 5141
f 4937 5074 5141
f 5071 5074 4939
f 5015 5440 5028
f 5015 5141 5469
f 5015 5446 5440
f 5015 5469 5446
f 5028 5425 5071
f 5028 5433 5425
f 5028 5440 5433
f 5074 5071 5419
f 5071 5468 5419
f 5425 5434 5071
f 5434 5447 5071
f 5447 5449 5071
f 5461 5071 5449
f 5468 5071 5461
f 5141 5074 5155
f 5262 5155 5074
f 5262 5074 5388
f 5388 5074 5419
f 5141 5155 5145
f 5469 5141 5145
f 5145 5155 5213
f 5212 5145 5213
f 5469 5145 5212
f 5262 5213 5155
f 5212 5213 5262
f 5274 5212 5262
f 5469 5212 5274
f 5262 5388 5274
f 5274 5388 5389
f 5469 5274 5389
f 5419 5389 5388
f 5424 5389 5419
f 5424 5469 5389
f 5424 5419 5428
f 5419 5468 5428
f 5424 5428 5455
f 5455 5465 5424
f 5424 5465 5469
f 5434 5425 5433
f 5428 5454 5455
f 5428 5468 5454
f 5447 5434 5433
f 5440 5447 5433
f 5446 5447 5440
f 5449 5447 5446
f 5461 5449 5446
f 5460 5461 5446
f 5460 5446 5469
f 5465 5455 5454
f 5465 5454 5466
f 5454 5468 5466
f 5474 5461 5460
f 5460 5469 5475
f 5475 5474 5460
f 5461 5474 5468
f 5465 5466 5475
f 5469 5465 5475
f 5466 5468 5474
f 5466 5474 5475
f 2264 2205 2180
f 2180 2205 2344
f 2320 2180 2241
f 2241 2180 2435
f 2264 2180 2499
f 2445 2180 2320
f 2344 2435 2180
f 2499 2180 2445
f 2205 2264 2344
f 2320 2241 2435
f 2344 2264 2402
f 2402 2264 2499
f 2320 2435 2445
f 2344 2402 2470
f 2344 2470 2435
f 2470 2402 2585
f 2499 2585 2402
f 2524 2445 2435
f 2470 2524 2435
f 2607 2499 2445
f 2607 2445 2524
f 2470 2838 2524
f 2470 2585 2551
f 2551 2838 2470
f 2499 2532 2534
f 2499 2563 2532
f 2499 2534 2585
f 2499 2648 2563
f 2499 2607 2633
f 2499 2633 2644
f 2499 2644 2654
f 3032 2648 2499
f 2499 2654 3032
f 2607 2524 2626
f 2524 2838 2626
f 2532 2563 2534
f 2534 2563 2550
f 2585 2534 2550
f 2550 2563 2648
f 2585 2550 2575
f 2575 2550 2935
f 2550 2648 2935
f 2551 2585 2750
f 2750 2838 2551
f 2575 2975 2585
f 2575 2935 2975
f 2750 2585 2975
f 2607 2626 2633
f 2633 2626 2783
f 2626 2838 2783
f 2870 2644 2633
f 2918 2633 2783
f 2870 2633 3019
f 2980 2633 2918
f 2980 3019 2633
f 2858 2654 2644
f 2858 2644 2870
f 3032 2935 2648
f 3032 2654 2858
f 2930 2838 2750
f 2750 2975 2930
f 2783 2838 2918
f 2838 2980 2918
f 3032 2838 2930
f 3032 2980 2838
f 3059 2858 2870
f 3032 2858 3059
f 3059 2870 3019
f 2930 2975 2996
f 2996 3032 2930
f 2975 2935 2963
f 3032 2963 2935
f 3032 2975 2963
f 3032 2996 2975
f 3059 3019 2980
f 3032 3059 2980
f 3184 3163 3203
f 3184 3447 3163
f 3203 3163 3219
f 3219 3163 3233
f 3233 3163 3348
f 3163 3447 3348
f 3194 3191 3184
f 3184 3191 3208
f 3193 3194 3184
f 3184 3196 3193
f 3184 3197 3196
f 3197 3184 3200
f 3200 3184 3203
f 3184 3208 3221
f 3184 3221 3377
f 3184 3377 3447
f 3208 3191 3194
f 3193 3196 3194
f 3194 3196 3397
f 3208 3194 3413
f 3194 3397 3409
f 3409 3413 3194
f 3196 3197 3200
f 3196 3200 3388
f 3196 3388 3397
f 3203 3380 3200
f 3380 3388 3200
f 3219 3352 3203
f 3352 3380 3203
f 3221 3208 3232
f 3208 3423 3232
f 3208 3413 3423
f 3233 3348 3219
f 3348 3352 3219
f 3377 3221 3232
f 3377 3232 3288
f 3232 3427 3288
f 3232 3423 3427
f 3377 3288 3335
f 3288 3448 3335
f 3288 3427 3448
f 3377 3335 3459
f 3448 3459 3335
f 3352 3348 3447
f 3380 3352 3447
f 3447 3377 3472
f 3472 3377 3459
f 3388 3380 3447
f 3397 3388 3447
f 3409 3397 3447
f 3409 3472 3413
f 3447 3472 3409
f 3413 3472 3423
f 3423 3472 3427
f 3427 3472 3448
f 3448 3472 3459
f 8 7 6
f 7 14 6
f 8 6 416
f 6 14 416
f 21 7 8
f 14 7 44
f 20 7 21
f 20 46 7
f 7 45 44
f 46 45 7
f 21 8 416
f 19 14 44
f 14 19 416
f 19 44 416
f 34 20 21
f 88 20 34
f 116 46 20
f 171 20 88
f 171 116 20
f 34 21 416
f 77 89 34
f 77 34 416
f 88 34 89
f 44 45 49
f 44 49 416
f 46 183 45
f 49 45 74
f 74 45 69
f 76 69 45
f 183 76 45
f 116 132 46
f 132 291 46
f 291 183 46
f 51 49 74
f 49 51 416
f 71 51 93
f 51 71 477
f 97 51 74
f 93 51 97
f 51 477 416
f 69 166 74
f 76 166 69
f 93 477 71
f 166 97 74
f 184 166 76
f 183 184 76
f 89 77 262
f 77 416 262
f 88 89 262
f 171 88 312
f 88 262 312
f 93 97 99
f 99 477 93
f 97 114 99
f 97 113 114
f 97 142 113
f 97 143 142
f 97 207 143
f 166 207 97
f 99 114 111
f 111 477 99
f 114 477 111
f 113 142 114
f 142 477 114
f 116 354 132
f 171 334 116
f 116 334 354
f 132 377 291
f 132 354 377
f 143 147 142
f 147 477 142
f 143 157 147
f 143 159 157
f 143 235 159
f 207 288 143
f 342 235 143
f 288 342 143
f 147 157 539
f 539 477 147
f 157 159 158
f 160 157 158
f 165 157 160
f 191 157 165
f 539 157 191
f 159 160 158
f 159 165 160
f 159 178 165
f 181 178 159
f 235 181 159
f 178 191 165
f 184 358 166
f 166 331 207
f 166 358 331
f 171 312 391
f 171 391 334
f 191 178 181
f 181 229 191
f 235 229 181
f 183 366 184
f 183 291 366
f 184 366 358
f 229 539 191
f 207 331 288
f 235 245 229
f 245 470 229
f 470 539 229
f 279 245 235
f 235 373 279
f 342 373 235
f 245 279 470
f 262 311 312
f 416 311 262
f 373 412 279
f 470 279 412
f 331 461 288
f 288 461 342
f 291 722 366
f 377 722 291
f 312 311 363
f 416 363 311
f 312 363 430
f 391 312 430
f 358 411 331
f 331 411 461
f 334 705 354
f 391 697 334
f 697 700 334
f 334 700 705
f 342 412 373
f 342 429 412
f 342 461 429
f 354 711 377
f 705 711 354
f 358 366 421
f 358 421 411
f 416 433 363
f 363 433 430
f 366 739 421
f 366 722 724
f 724 732 366
f 732 739 366
f 377 711 712
f 712 713 377
f 713 714 377
f 377 714 717
f 377 717 722
f 391 430 693
f 391 693 697
f 421 737 411
f 411 678 461
f 411 726 678
f 737 726 411
f 412 429 445
f 412 445 470
f 416 530 433
f 733 416 477
f 733 530 416
f 421 751 737
f 739 748 421
f 748 751 421
f 429 470 445
f 461 645 429
f 470 429 550
f 429 645 550
f 430 433 578
f 430 578 703
f 693 430 690
f 690 430 696
f 696 430 699
f 430 703 699
f 559 433 530
f 433 559 578
f 461 656 645
f 461 665 656
f 678 665 461
f 539 470 550
f 539 964 477
f 477 964 733
f 530 582 559
f 733 582 530
f 539 550 579
f 539 579 612
f 612 615 539
f 615 618 539
f 618 645 539
f 645 656 539
f 539 656 764
f 764 964 539
f 579 550 618
f 550 645 618
f 559 582 578
f 578 582 658
f 578 658 728
f 703 578 728
f 579 615 612
f 579 618 615
f 733 658 582
f 764 656 665
f 728 658 707
f 707 658 733
f 764 665 678
f 678 726 721
f 764 678 721
f 690 697 693
f 728 690 696
f 705 697 690
f 705 690 701
f 701 690 729
f 729 690 728
f 703 696 699
f 703 728 696
f 705 700 697
f 711 705 701
f 712 711 701
f 712 701 713
f 713 701 714
f 701 717 714
f 701 722 717
f 701 724 722
f 724 701 732
f 701 729 753
f 701 739 732
f 733 701 755
f 764 701 733
f 739 701 748
f 748 701 752
f 701 764 752
f 755 701 753
f 729 728 707
f 729 707 755
f 733 742 707
f 754 707 742
f 755 707 754
f 764 721 726
f 764 726 737
f 753 729 755
f 733 754 742
f 733 755 754
f 733 964 764
f 737 751 750
f 764 737 750
f 748 752 751
f 750 751 764
f 751 752 764
f 2807 2836 2782
f 2782 3022 2807
f 2782 2836 3022
f 2807 2992 2836
f 2991 3028 2807
f 3187 2991 2807
f 2807 3028 2992
f 2807 3022 3187
f 2836 2992 2865
f 3022 2836 2865
f 2865 2992 2924
f 2865 2924 3112
f 3022 2865 3096
f 3096 2865 3112
f 3006 2924 2992
f 3112 2924 3006
f 2991 3576 3028
f 3187 3576 2991
f 2992 3049 3006
f 3114 2992 3028
f 2992 3094 3049
f 3114 3094 2992
f 3049 3112 3006
f 3187 3022 3096
f 3114 3028 3415
f 3576 3415 3028
f 3049 3094 3112
f 3114 3107 3094
f 3146 3094 3107
f 3094 3160 3112
f 3094 3146 3235
f 3160 3094 3257
f 3235 3257 3094
f 3096 3112 3187
f 3146 3107 3114
f 3112 3160 3187
f 3114 3235 3146
f 3114 3415 3235
f 3187 3160 3257
f 3187 3257 3382
f 3187 3382 3474
f 3474 3576 3187
f 3257 3235 3382
f 3366 3382 3235
f 3235 3415 3366
f 3382 3366 3457
f 3439 3366 3415
f 3366 3439 3457
f 3474 3382 3457
f 3439 3415 3690
f 3415 3576 4102
f 3690 3415 4102
f 3514 3457 3439
f 3514 3439 3690
f 3474 3457 3512
f 3457 3595 3512
f 3457 3514 3595
f 3474 3512 3595
f 3670 3576 3474
f 3474 3595 3670
f 3595 3514 3662
f 3662 3514 3690
f 3670 4102 3576
f 3595 3662 3706
f 3595 3706 3670
f 3808 3662 3690
f 3662 3808 3706
f 3706 3884 3670
f 3670 3884 4069
f 4069 4102 3670
f 3941 3808 3690
f 3690 4107 3941
f 4102 4107 3690
f 3884 3706 3808
f 3808 3941 3884
f 3884 3941 4047
f 4069 3884 4047
f 3941 4074 4047
f 4087 4074 3941
f 4087 3941 4107
f 4069 4047 4074
f 4069 4074 4087
f 4069 4087 4107
f 4069 4107 4102
f 1988 2021 2061
f 2021 1988 2067
f 2034 2096 1988
f 2166 2034 1988
f 1988 2061 2140
f 2067 1988 2123
f 2096 2116 1988
f 2134 1988 2116
f 2128 2123 1988
f 2131 2128 1988
f 2135 2131 1988
f 2135 1988 2134
f 1988 2140 2154
f 1988 2154 2197
f 2166 1988 2495
f 1988 2197 2237
f 2237 2495 1988
f 2021 2067 2061
f 2096 2034 2166
f 2067 2555 2061
f 2140 2061 2165
f 2061 2555 2165
f 2098 2067 2123
f 2067 2098 2558
f 2067 2558 2555
f 2096 2106 2116
f 2106 2096 2490
f 2096 2166 2416
f 2096 2416 2490
f 2107 2098 2123
f 2107 2586 2098
f 2558 2098 2586
f 2106 2114 2116
f 2106 2501 2114
f 2106 2490 2501
f 2123 2594 2107
f 2107 2594 2586
f 2114 2124 2116
f 2124 2114 2511
f 2114 2501 2507
f 2114 2507 2511
f 2124 2134 2116
f 2123 2128 2594
f 2132 2134 2124
f 2132 2124 2522
f 2522 2124 2511
f 2131 2598 2128
f 2128 2598 2594
f 2135 2596 2131
f 2596 2598 2131
f 2132 2545 2134
f 2132 2522 2545
f 2134 2572 2135
f 2545 2572 2134
f 2572 2589 2135
f 2596 2135 2589
f 2154 2140 2145
f 2145 2140 2165
f 2154 2145 2151
f 2145 2165 2151
f 2151 2165 2154
f 2154 2165 2197
f 2197 2165 2227
f 2165 2271 2227
f 2165 2322 2271
f 2165 2350 2322
f 2165 2409 2350
f 2165 2426 2409
f 2426 2165 2544
f 2555 2544 2165
f 2416 2166 2280
f 2280 2166 2495
f 2207 2197 2227
f 2197 2207 2237
f 2207 2227 2210
f 2207 2210 2237
f 2227 2216 2210
f 2210 2216 2237
f 2227 2240 2216
f 2237 2216 2240
f 2227 2271 2240
f 2237 2240 2271
f 2237 2271 2304
f 2237 2304 2480
f 2480 2495 2237
f 2271 2322 2304
f 2416 2280 2419
f 2419 2280 2446
f 2446 2280 2495
f 2304 2322 2480
f 2322 2350 2480
f 2350 2409 2480
f 2409 2426 2480
f 2480 2416 2419
f 2480 2478 2416
f 2490 2416 2478
f 2523 2419 2446
f 2480 2419 2495
f 2495 2419 2523
f 2480 2426 2531
f 2426 2544 2531
f 2495 2523 2446
f 2478 2480 2490
f 2490 2480 2507
f 2507 2480 2572
f 2531 2544 2480
f 2544 2555 2480
f 2555 2558 2480
f 2558 2583 2480
f 2572 2480 2589
f 2586 2480 2583
f 2594 2480 2586
f 2589 2480 2592
f 2592 2480 2596
f 2598 2480 2594
f 2596 2480 2598
f 2501 2490 2507
f 2522 2511 2507
f 2545 2522 2507
f 2545 2507 2572
f 2558 2586 2583
f 2596 2589 2592
f 219 228 272
f 228 219 494
f 237 219 272
f 219 237 494
f 272 228 239
f 239 228 580
f 228 494 580
f 257 237 272
f 494 237 257
f 261 272 239
f 580 261 239
f 494 257 272
f 267 269 261
f 261 273 267
f 272 261 269
f 261 293 273
f 580 293 261
f 266 269 268
f 273 266 268
f 266 273 269
f 268 269 267
f 267 273 268
f 269 284 272
f 273 293 269
f 269 321 284
f 293 369 269
f 269 320 321
f 369 320 269
f 272 284 566
f 494 272 566
f 295 284 321
f 284 295 566
f 356 369 293
f 383 356 293
f 405 383 293
f 405 293 465
f 293 580 465
f 566 295 321
f 320 352 321
f 320 389 352
f 369 389 320
f 321 352 333
f 566 321 333
f 333 352 343
f 333 343 566
f 343 352 351
f 343 351 566
f 352 372 351
f 351 372 566
f 352 382 372
f 389 382 352
f 383 369 356
f 369 383 405
f 369 456 389
f 369 405 456
f 372 382 381
f 566 372 381
f 382 423 381
f 381 423 419
f 566 381 419
f 389 488 382
f 382 451 423
f 488 451 382
f 389 456 489
f 389 489 488
f 405 465 456
f 419 423 425
f 566 419 425
f 423 443 425
f 423 475 443
f 451 514 423
f 423 495 475
f 423 552 495
f 514 552 423
f 566 425 443
f 443 475 566
f 488 536 451
f 451 517 514
f 451 536 517
f 465 529 456
f 456 529 489
f 465 509 529
f 465 580 509
f 475 495 496
f 566 475 496
f 489 646 488
f 488 646 536
f 529 766 489
f 489 743 646
f 489 770 743
f 766 770 489
f 566 798 494
f 798 580 494
f 495 500 496
f 495 507 500
f 495 538 507
f 545 538 495
f 552 545 495
f 581 496 500
f 581 566 496
f 581 500 507
f 581 507 538
f 509 510 529
f 509 580 510
f 510 616 529
f 510 580 616
f 517 659 514
f 514 669 552
f 514 659 669
f 536 800 517
f 517 802 659
f 517 800 802
f 616 643 529
f 643 684 529
f 529 684 725
f 529 725 766
f 646 790 536
f 790 791 536
f 536 791 800
f 581 538 545
f 552 577 545
f 577 581 545
f 552 581 577
f 552 604 581
f 552 636 604
f 552 670 636
f 669 670 552
f 581 604 566
f 604 636 566
f 636 666 566
f 566 666 676
f 566 676 798
f 616 580 643
f 684 643 580
f 698 684 580
f 698 580 725
f 725 580 765
f 580 798 765
f 636 670 666
f 743 780 646
f 646 780 790
f 659 788 669
f 659 789 788
f 802 789 659
f 666 670 676
f 669 759 670
f 669 769 759
f 669 772 769
f 788 772 669
f 670 731 676
f 670 756 731
f 759 756 670
f 676 731 798
f 725 684 698
f 766 725 765
f 756 798 731
f 770 773 743
f 773 775 743
f 775 776 743
f 743 776 777
f 743 777 780
f 759 798 756
f 769 798 759
f 798 766 765
f 766 798 770
f 772 798 769
f 770 804 773
f 770 798 804
f 788 798 772
f 773 804 775
f 775 777 776
f 775 804 777
f 777 804 780
f 802 790 780
f 804 802 780
f 788 789 798
f 804 798 789
f 789 802 804
f 800 791 790
f 802 800 790
f 128 130 115
f 128 115 644
f 457 115 130
f 644 115 457
f 130 126 125
f 125 126 135
f 125 129 130
f 129 125 134
f 125 135 134
f 128 126 130
f 126 128 644
f 126 460 135
f 644 460 126
f 134 130 129
f 457 130 134
f 134 135 145
f 162 134 145
f 134 162 457
f 135 146 145
f 146 135 161
f 135 460 161
f 145 146 173
f 145 173 162
f 146 161 173
f 173 161 460
f 173 174 162
f 188 162 174
f 457 162 188
f 173 210 174
f 173 192 210
f 192 173 460
f 174 210 188
f 188 210 457
f 460 210 192
f 460 457 210
f 457 460 644
f 257 272 274
f 272 257 494
f 257 274 494
f 272 284 274
f 566 284 272
f 566 272 494
f 274 290 281
f 274 281 494
f 284 290 274
f 290 634 281
f 281 634 494
f 284 295 290
f 566 295 284
f 290 295 323
f 290 323 322
f 322 634 290
f 295 321 323
f 566 321 295
f 323 321 338
f 338 321 333
f 566 333 321
f 323 338 322
f 338 370 322
f 370 379 322
f 379 407 322
f 407 410 322
f 410 634 322
f 333 343 338
f 566 343 333
f 338 343 350
f 338 350 370
f 343 351 350
f 566 351 343
f 351 370 350
f 351 372 370
f 566 372 351
f 370 372 379
f 372 381 379
f 566 381 372
f 381 407 379
f 381 419 407
f 566 419 381
f 410 407 426
f 407 419 426
f 426 634 410
f 426 419 425
f 566 425 419
f 425 468 426
f 443 468 425
f 566 443 425
f 426 468 634
f 443 497 468
f 443 475 496
f 566 475 443
f 443 496 497
f 468 497 634
f 475 566 496
f 494 798 566
f 634 798 494
f 496 512 497
f 500 512 496
f 500 496 581
f 496 566 581
f 512 634 497
f 507 547 500
f 507 500 581
f 500 547 512
f 538 543 507
f 538 507 581
f 507 543 547
f 512 547 520
f 520 634 512
f 520 547 546
f 520 546 710
f 710 634 520
f 545 543 538
f 545 538 581
f 545 577 543
f 543 567 547
f 543 610 567
f 577 610 543
f 577 545 581
f 547 548 546
f 546 548 576
f 546 576 710
f 547 567 548
f 548 567 564
f 576 548 564
f 564 567 568
f 564 568 576
f 604 581 566
f 636 604 566
f 666 636 566
f 666 566 676
f 566 798 676
f 567 596 568
f 567 611 596
f 610 608 567
f 608 611 567
f 576 568 593
f 568 596 593
f 710 576 593
f 577 581 610
f 581 604 610
f 593 596 597
f 605 593 597
f 710 593 605
f 596 605 597
f 596 628 605
f 611 630 596
f 596 630 628
f 604 638 610
f 604 636 638
f 657 605 628
f 710 605 657
f 610 638 608
f 608 706 611
f 638 681 608
f 681 1174 608
f 608 1174 706
f 611 629 630
f 611 706 629
f 630 633 628
f 633 657 628
f 629 917 630
f 706 1221 629
f 629 927 917
f 629 1231 927
f 629 1221 1231
f 630 653 633
f 630 913 653
f 630 917 913
f 633 653 652
f 633 652 657
f 1002 634 710
f 798 634 1002
f 636 681 638
f 636 666 681
f 653 674 652
f 652 674 657
f 653 692 674
f 653 702 692
f 653 719 702
f 653 745 719
f 653 823 745
f 867 823 653
f 913 867 653
f 710 657 674
f 666 676 681
f 710 674 692
f 676 731 681
f 676 798 731
f 731 862 681
f 862 1158 681
f 681 1158 1161
f 1161 1162 681
f 681 1162 1165
f 681 1165 1169
f 681 1169 1174
f 702 719 692
f 719 710 692
f 1174 1182 706
f 1182 1187 706
f 706 1187 1191
f 706 1191 1221
f 745 710 719
f 1002 710 745
f 862 731 798
f 823 1002 745
f 969 862 798
f 992 969 798
f 1049 992 798
f 1002 1311 798
f 1067 1049 798
f 1079 1067 798
f 1152 1079 798
f 1311 1152 798
f 867 865 823
f 865 1002 823
f 862 969 1158
f 867 1002 865
f 913 1002 867
f 917 1002 913
f 927 1002 917
f 1002 927 1060
f 927 1231 1060
f 992 1079 969
f 1158 969 1079
f 1049 1067 992
f 992 1067 1079
f 1060 1137 1002
f 1002 1137 1311
f 1231 1137 1060
f 1158 1079 1152
f 1137 1231 1144
f 1311 1137 1144
f 1225 1144 1256
f 1311 1144 1225
f 1231 1256 1144
f 1158 1152 1311
f 1161 1158 1311
f 1162 1161 1311
f 1165 1162 1311
f 1169 1165 1311
f 1174 1169 1311
f 1182 1174 1311
f 1191 1187 1182
f 1266 1191 1182
f 1266 1182 1311
f 1231 1221 1191
f 1266 1231 1191
f 1263 1225 1256
f 1225 1263 1266
f 1311 1225 1266
f 1263 1256 1231
f 1266 1263 1231
f 3303 2991 3447
f 3694 2991 3303
f 3447 2991 3694
f 3441 3303 3440
f 3440 3303 3447
f 3442 3303 3441
f 3455 3303 3442
f 3741 3303 3455
f 3694 3303 3741
f 3436 3429 3455
f 3429 3436 3497
f 3455 3429 3497
f 3447 3431 3435
f 3431 3456 3435
f 3447 3472 3431
f 3431 3463 3456
f 3431 3472 3463
f 3447 3435 3443
f 3435 3820 3443
f 3456 3831 3435
f 3435 3831 3820
f 3444 3438 3436
f 3497 3436 3438
f 3450 3444 3436
f 3450 3436 3455
f 3444 3597 3438
f 3438 3597 3497
f 3440 3790 3441
f 3452 3440 3447
f 3452 3795 3440
f 3440 3795 3790
f 3441 3778 3442
f 3790 3778 3441
f 3455 3442 3454
f 3442 3778 3454
f 3447 3443 3449
f 3449 3443 3813
f 3813 3443 3820
f 3444 3450 3617
f 3444 3617 3597
f 3447 3449 3451
f 3447 3451 3452
f 3541 3472 3447
f 3568 3541 3447
f 3667 3568 3447
f 3889 3667 3447
f 3694 3889 3447
f 3449 3810 3451
f 3449 3813 3810
f 3454 3453 3450
f 3453 3755 3450
f 3454 3450 3455
f 3617 3450 3620
f 3620 3450 3755
f 3452 3451 3795
f 3810 3795 3451
f 3453 3454 3765
f 3453 3765 3755
f 3765 3454 3778
f 3620 3455 3497
f 3741 3455 3620
f 3456 3463 3461
f 3456 3461 3667
f 3456 3667 3841
f 3456 3841 3831
f 3463 3541 3461
f 3461 3541 3568
f 3568 3667 3461
f 3472 3541 3463
f 3597 3617 3497
f 3617 3620 3497
f 3741 3620 3739
f 3739 3620 3755
f 3841 3667 3715
f 3889 3715 3667
f 3741 3889 3694
f 3841 3715 3724
f 3889 3724 3715
f 3841 3724 3845
f 3846 3845 3724
f 3889 3846 3724
f 3741 3739 3755
f 3741 3755 3765
f 3741 3765 3778
f 3741 3778 3790
f 3741 3790 3795
f 3741 3795 3889
f 3889 3795 3810
f 3889 3810 3813
f 3889 3813 3820
f 3820 3831 3889
f 3831 3841 3839
f 3831 3839 3889
f 3889 3839 3841
f 3845 3889 3841
f 3889 3845 3846
f 3032 3082 3047
f 3047 3087 3032
f 3032 3099 3059
f 3032 3059 3303
f 3108 3082 3032
f 3032 3087 3125
f 3175 3099 3032
f 3032 3136 3108
f 3032 3125 3175
f 3032 3178 3136
f 3032 3303 3178
f 3050 3047 3082
f 3047 3050 3087
f 3050 3060 3087
f 3050 3282 3060
f 3050 3082 3282
f 3089 3059 3065
f 3065 3059 3099
f 3105 3059 3089
f 3303 3059 3105
f 3271 3087 3060
f 3060 3282 3271
f 3089 3065 3223
f 3065 3099 3223
f 3282 3082 3108
f 3125 3087 3271
f 3105 3089 3236
f 3236 3089 3223
f 3175 3132 3099
f 3223 3099 3132
f 3117 3105 3240
f 3303 3105 3117
f 3105 3236 3240
f 3136 3299 3108
f 3282 3108 3299
f 3117 3245 3154
f 3117 3154 3303
f 3117 3240 3245
f 3125 3226 3175
f 3125 3241 3226
f 3125 3271 3241
f 3175 3192 3132
f 3192 3223 3132
f 3136 3178 3229
f 3136 3229 3304
f 3136 3304 3299
f 3154 3250 3161
f 3154 3161 3303
f 3154 3245 3250
f 3161 3250 3251
f 3303 3161 3251
f 3192 3175 3303
f 3175 3226 3241
f 3241 3299 3175
f 3299 3303 3175
f 3190 3229 3178
f 3303 3190 3178
f 3229 3190 3303
f 3236 3223 3192
f 3240 3236 3192
f 3240 3192 3303
f 3308 3229 3303
f 3308 3304 3229
f 3245 3240 3303
f 3241 3271 3282
f 3241 3282 3299
f 3250 3245 3303
f 3251 3250 3303
f 3308 3303 3299
f 3299 3304 3308
f 4466 4572 4524
f 4466 4524 4636
f 4577 4572 4466
f 4466 4810 4577
f 4466 4636 4882
f 4466 4882 4810
f 4524 4572 4636
f 4595 4571 4577
f 4577 4571 4658
f 4595 4580 4571
f 4623 4571 4580
f 4646 4571 4623
f 4648 4571 4646
f 4658 4571 4648
f 4577 4582 4572
f 4572 4582 4645
f 4636 4572 4645
f 4658 4582 4577
f 4631 4595 4577
f 4577 4633 4631
f 4633 4577 4637
f 4637 4577 4641
f 4641 4577 4690
f 4690 4577 4703
f 4703 4577 4706
f 4706 4577 4746
f 4577 4810 4746
f 4623 4580 4584
f 4584 4580 4849
f 4595 4849 4580
f 4658 4645 4582
f 4623 4584 4589
f 4589 4584 4845
f 4845 4584 4849
f 4623 4589 4609
f 4589 4844 4609
f 4844 4589 4845
f 4595 4631 4633
f 4595 4633 4864
f 4864 4849 4595
f 4623 4609 4836
f 4609 4844 4836
f 4623 4837 4646
f 4837 4623 4836
f 4633 4637 4870
f 4864 4633 4870
f 4636 4645 4839
f 4882 4636 4839
f 4641 4869 4637
f 4870 4637 4869
f 4641 4690 4867
f 4641 4867 4869
f 4645 4658 4840
f 4645 4840 4839
f 4648 4646 4831
f 4646 4837 4831
f 4648 4832 4658
f 4648 4831 4832
f 4840 4658 4832
f 4690 4703 4858
f 4867 4690 4858
f 4855 4703 4706
f 4858 4703 4855
f 4756 4706 4746
f 4854 4706 4756
f 4854 4855 4706
f 4746 4813 4756
f 4810 4813 4746
f 4813 4778 4756
f 4756 4778 4846
f 4846 4851 4756
f 4851 4854 4756
f 4778 4813 4842
f 4846 4778 4842
f 4816 4813 4810
f 4822 4816 4810
f 4825 4822 4810
f 4825 4810 4827
f 4827 4810 4828
f 4830 4828 4810
f 4830 4810 4851
f 4882 4851 4810
f 4813 4816 4830
f 4842 4813 4830
f 4822 4828 4816
f 4830 4816 4828
f 4822 4825 4827
f 4822 4827 4828
f 4842 4830 4846
f 4846 4830 4851
f 4831 4866 4832
f 4831 4837 4838
f 4838 4882 4831
f 4882 4866 4831
f 4866 4840 4832
f 4882 4837 4836
f 4844 4882 4836
f 4882 4838 4837
f 4839 4840 4866
f 4882 4839 4866
f 4845 4882 4844
f 4882 4845 4849
f 4882 4849 4864
f 4851 4855 4854
f 4882 4855 4851
f 4882 4858 4855
f 4882 4867 4858
f 4864 4870 4871
f 4882 4864 4871
f 4882 4869 4867
f 4882 4870 4869
f 4882 4871 4870
f 750 763 762
f 764 750 762
f 764 763 750
f 762 763 1066
f 764 762 767
f 881 767 762
f 1066 881 762
f 764 795 763
f 795 1106 763
f 763 1106 1066
f 764 767 881
f 795 764 984
f 764 881 1009
f 964 984 764
f 764 1009 964
f 803 795 984
f 795 803 1106
f 822 803 984
f 822 1184 803
f 1106 803 1111
f 803 1184 1111
f 891 822 984
f 891 1202 822
f 822 1202 1184
f 881 1066 1009
f 910 891 984
f 910 1276 891
f 891 1240 1202
f 1276 1240 891
f 892 984 893
f 893 1456 892
f 896 984 892
f 896 892 1446
f 1446 892 1456
f 894 893 898
f 894 1458 893
f 893 984 898
f 893 1458 1456
f 894 898 930
f 894 930 1464
f 894 1464 1458
f 901 984 896
f 901 896 1444
f 896 1446 1444
f 930 898 1016
f 898 984 1016
f 984 901 900
f 901 1444 900
f 984 900 903
f 903 900 1443
f 900 1444 1443
f 984 903 904
f 903 1393 904
f 1443 1393 903
f 984 904 906
f 906 904 1305
f 904 1393 1305
f 984 906 907
f 907 906 1294
f 906 1305 1294
f 984 907 910
f 910 907 1276
f 907 1294 1276
f 951 930 1014
f 1462 930 951
f 1014 930 1016
f 1464 930 1462
f 959 951 1014
f 951 959 1463
f 1460 1462 951
f 1460 951 1463
f 959 1014 1465
f 1463 959 1465
f 1132 984 964
f 1009 1378 964
f 1132 964 1378
f 984 1102 1016
f 984 1119 1102
f 1132 1119 984
f 1009 1066 1378
f 1014 1016 1473
f 1465 1014 1473
f 1473 1016 1102
f 1066 1106 1378
f 1245 1102 1119
f 1245 1399 1102
f 1399 1473 1102
f 1106 1111 1378
f 1184 1378 1111
f 1132 1153 1119
f 1245 1119 1153
f 1132 1245 1153
f 1378 1245 1132
f 1202 1240 1184
f 1240 1378 1184
f 1276 1378 1240
f 1378 1399 1245
f 1294 1378 1276
f 1305 1378 1294
f 1320 1378 1305
f 1305 1393 1320
f 1441 1378 1320
f 1393 1441 1320
f 1480 1399 1378
f 1441 1460 1378
f 1378 1460 1465
f 1378 1465 1473
f 1378 1473 1480
f 1443 1441 1393
f 1480 1473 1399
f 1443 1456 1441
f 1441 1456 1458
f 1441 1458 1464
f 1441 1462 1460
f 1441 1464 1462
f 1443 1444 1446
f 1456 1443 1446
f 1465 1460 1463
f 856 912 821
f 856 821 976
f 821 912 976
f 976 912 856
f 1562 1311 1604
f 1562 1817 1311
f 1311 1589 1593
f 1589 1311 1753
f 1311 1593 1595
f 1311 1595 1602
f 1311 1602 1604
f 1311 1817 1753
f 1562 1604 1624
f 1562 1624 1628
f 1628 1652 1562
f 1562 1652 1973
f 1740 1723 1562
f 1723 1836 1562
f 1562 1859 1740
f 2174 1817 1562
f 1836 1873 1562
f 1973 1859 1562
f 1873 2174 1562
f 1589 1753 1593
f 1595 1593 1993
f 1753 1993 1593
f 1595 2005 1602
f 1595 1993 2005
f 2042 1604 1602
f 2005 2042 1602
f 1604 2055 1624
f 2042 2055 1604
f 2078 1628 1624
f 2055 2078 1624
f 1628 1636 1652
f 1628 2095 1636
f 2078 2095 1628
f 1652 1636 1686
f 1636 2101 1686
f 1636 2095 2101
f 1652 1686 1973
f 1686 1719 1824
f 1686 2118 1719
f 1686 1824 1973
f 2101 2118 1686
f 1719 1788 1824
f 1719 2108 1788
f 1719 2118 2108
f 1836 1723 1740
f 1740 1859 1794
f 1740 1794 2149
f 1836 1740 2172
f 1740 2149 2172
f 1817 1868 1753
f 1753 1868 1993
f 1824 1788 1937
f 1788 2076 1937
f 2108 2076 1788
f 1794 1859 1812
f 2141 1794 1812
f 2149 1794 2141
f 1812 1859 2138
f 2138 2141 1812
f 1817 1990 1868
f 2174 1990 1817
f 1973 1824 1937
f 1836 2208 1873
f 1836 2172 2208
f 1973 1968 1859
f 1859 1968 2099
f 2138 1859 2099
f 1993 1868 1990
f 1964 2174 1873
f 1964 1873 2206
f 1873 2208 2206
f 1973 1937 2020
f 1937 2076 2020
f 1964 2092 2174
f 1964 2206 2092
f 2180 1968 1973
f 2099 1968 2026
f 2180 2026 1968
f 1973 2020 2120
f 2174 2099 1973
f 1973 2099 2180
f 1973 2120 2174
f 2174 1993 1990
f 2174 2005 1993
f 2174 2042 2005
f 2108 2020 2076
f 2120 2020 2108
f 2099 2026 2164
f 2164 2026 2180
f 2174 2055 2042
f 2174 2078 2055
f 2174 2095 2078
f 2092 2102 2174
f 2092 2206 2102
f 2174 2101 2095
f 2099 2141 2138
f 2099 2149 2141
f 2146 2099 2164
f 2099 2146 2180
f 2174 2149 2099
f 2174 2118 2101
f 2102 2130 2174
f 2201 2130 2102
f 2206 2201 2102
f 2108 2118 2120
f 2174 2120 2118
f 2130 2169 2147
f 2130 2147 2174
f 2130 2199 2169
f 2201 2199 2130
f 2180 2146 2164
f 2147 2169 2177
f 2147 2188 2174
f 2147 2177 2188
f 2172 2149 2174
f 2169 2193 2177
f 2199 2193 2169
f 2212 2172 2174
f 2212 2208 2172
f 2174 2188 2195
f 2174 2195 2199
f 2174 2199 2201
f 2174 2201 2206
f 2174 2206 2208
f 2174 2208 2212
f 2188 2177 2189
f 2177 2190 2189
f 2177 2192 2190
f 2177 2193 2192
f 2188 2189 2192
f 2188 2192 2195
f 2189 2190 2192
f 2195 2192 2193
f 2193 2199 2195
f 2881 2743 2807
f 2743 2991 2807
f 3187 2743 2881
f 3187 2991 2743
f 2782 2774 2807
f 2782 2959 2774
f 2807 2774 2881
f 2881 2774 2822
f 2959 2822 2774
f 2807 3022 2782
f 3022 2959 2782
f 2807 2991 3187
f 3187 3022 2807
f 2881 2822 2893
f 2893 2822 2906
f 2959 2906 2822
f 2893 2906 2881
f 2881 2906 2959
f 2881 2959 3077
f 2881 3077 3187
f 2959 3022 3077
f 3077 3022 3096
f 3187 3096 3022
f 3077 3096 3112
f 3077 3112 3152
f 3077 3152 3187
f 3187 3112 3096
f 3112 3160 3152
f 3187 3160 3112
f 3152 3160 3187
f 1638 1088 1288
f 1088 1756 1288
f 1638 1756 1088
f 1257 1288 1254
f 1254 1342 1257
f 1254 1288 1258
f 1342 1254 1258
f 1638 1288 1257
f 1342 1379 1257
f 1257 1379 1780
f 1638 1257 1780
f 1258 1288 1300
f 1342 1258 1300
f 1288 1430 1300
f 1288 1548 1430
f 1756 1548 1288
f 1430 1342 1300
f 1596 1379 1342
f 1548 1342 1430
f 1596 1342 1548
f 1780 1379 1596
f 1596 1548 1732
f 1732 1548 1756
f 1776 1596 1732
f 1780 1596 1739
f 1782 1739 1596
f 1782 1596 1776
f 1756 1638 1780
f 1776 1732 1756
f 1780 1739 1798
f 1798 1739 1782
f 1756 1782 1776
f 1780 1782 1756
f 1780 1798 1782
f 3062 3093 3067
f 3067 3163 3062
f 3163 3093 3062
f 3093 3219 3067
f 3123 3163 3067
f 3067 3219 3123
f 3163 3118 3093
f 3093 3118 3195
f 3093 3195 3219
f 3163 3195 3118
f 3149 3163 3123
f 3203 3149 3123
f 3219 3203 3123
f 3167 3163 3149
f 3149 3200 3167
f 3203 3200 3149
f 3184 3163 3167
f 3184 3203 3163
f 3163 3233 3195
f 3163 3203 3219
f 3163 3219 3233
f 3184 3167 3168
f 3168 3167 3200
f 3184 3168 3182
f 3168 3196 3182
f 3196 3168 3197
f 3168 3200 3197
f 3184 3182 3185
f 3182 3196 3185
f 3184 3185 3191
f 3184 3191 3194
f 3184 3194 3193
f 3193 3196 3184
f 3196 3197 3184
f 3184 3197 3200
f 3184 3200 3203
f 3185 3194 3191
f 3193 3194 3185
f 3185 3196 3193
f 3219 3195 3233
f 1441 1378 1460
f 1479 1378 1441
f 1465 1460 1378
f 1473 1465 1378
f 1480 1473 1378
f 1482 1378 1479
f 1378 1566 1480
f 1483 1378 1482
f 1501 1378 1483
f 1378 1501 1503
f 1378 1503 1510
f 1378 1510 1514
f 1378 1514 1526
f 1526 1578 1378
f 1566 1378 1623
f 1378 1571 1623
f 1728 1571 1378
f 1578 1620 1378
f 1620 1728 1378
f 1441 1443 1455
f 1456 1443 1441
f 1455 1479 1441
f 1456 1441 1458
f 1458 1441 1464
f 1462 1441 1460
f 1464 1441 1462
f 1446 1444 1443
f 1444 1606 1443
f 1456 1446 1443
f 1606 1455 1443
f 1446 1606 1444
f 1446 1456 1606
f 1479 1455 1527
f 1455 1690 1527
f 1606 1690 1455
f 1458 1935 1456
f 1456 1935 1606
f 1464 1940 1458
f 1458 1940 1935
f 1463 1462 1460
f 1465 1463 1460
f 1463 1954 1462
f 1464 1462 1945
f 1945 1462 1949
f 1949 1462 1954
f 1463 1465 1957
f 1954 1463 1957
f 1464 1945 1940
f 1465 1473 1960
f 1465 1960 1957
f 1473 1480 1566
f 1971 1473 1566
f 1960 1473 1965
f 1965 1473 1971
f 1479 1527 1482
f 1482 1527 1483
f 1527 1501 1483
f 1527 1503 1501
f 1527 1510 1503
f 1510 1691 1514
f 1527 1691 1510
f 1578 1526 1514
f 1578 1514 1705
f 1514 1691 1705
f 1690 1716 1527
f 1527 1716 1691
f 1971 1566 1623
f 1571 1660 1623
f 1660 1571 2031
f 2031 1571 1728
f 1578 1705 1620
f 1606 1920 1690
f 1921 1920 1606
f 1923 1921 1606
f 1606 1935 1923
f 1620 1705 1654
f 1654 1728 1620
f 1791 1623 1660
f 1971 1623 1791
f 1654 1705 1685
f 1685 1728 1654
f 1791 1660 2031
f 1694 1742 1685
f 1685 1765 1694
f 1705 1765 1685
f 1742 1728 1685
f 1690 1843 1716
f 1690 1846 1843
f 1690 1929 1846
f 1920 1925 1690
f 1925 1928 1690
f 1690 1928 1929
f 1691 1815 1705
f 1716 1840 1691
f 1691 1831 1815
f 1840 1831 1691
f 1694 1758 1742
f 1694 1765 1758
f 1705 1786 1765
f 1705 1807 1786
f 1705 1828 1807
f 1815 1825 1705
f 1705 1825 1828
f 1716 1841 1840
f 1716 1843 1841
f 1742 1765 1728
f 1765 1786 1728
f 1728 1786 1851
f 1728 1851 2031
f 1758 1765 1742
f 1851 1786 1807
f 1971 1791 1974
f 1974 1791 1987
f 1987 1791 2031
f 1851 1807 1828
f 1851 1825 1815
f 1815 1831 1851
f 1828 1825 1835
f 1851 1835 1825
f 1828 1835 1851
f 1840 1833 1831
f 1831 1833 1851
f 1988 1833 1840
f 1851 1833 1988
f 1988 1840 1841
f 1841 1843 1988
f 1843 1846 1988
f 1846 1929 1930
f 1930 1988 1846
f 2031 1851 1988
f 1921 1988 1920
f 1920 1988 1925
f 1923 1988 1921
f 1940 1923 1935
f 1949 1923 1940
f 1949 1965 1923
f 1965 1988 1923
f 1925 1988 1928
f 1928 1988 1929
f 1929 1988 1930
f 1945 1949 1940
f 1949 1954 1965
f 1957 1965 1954
f 1957 1960 1965
f 1971 1988 1965
f 2034 1971 1974
f 2034 1988 1971
f 2031 1974 1987
f 1988 1974 2031
f 1988 2034 1974
f 3357 2991 3303
f 2991 3694 3303
f 3357 3576 2991
f 3576 3694 2991
f 3303 3316 3324
f 3339 3316 3303
f 3303 3324 3332
f 3303 3332 3357
f 3418 3339 3303
f 3420 3418 3303
f 3437 3420 3303
f 3489 3437 3303
f 3741 3489 3303
f 3741 3303 3694
f 3315 3323 3319
f 3315 3319 3340
f 3315 3328 3323
f 3315 3330 3328
f 3315 3357 3330
f 3340 3350 3315
f 3350 3360 3315
f 3315 3392 3357
f 3360 3369 3315
f 3315 3370 3368
f 3315 3368 3373
f 3369 3370 3315
f 3315 3373 3374
f 3315 3374 3383
f 3315 3383 3392
f 3322 3316 3317
f 3339 3317 3316
f 3324 3316 3322
f 3317 3318 3322
f 3339 3318 3317
f 3318 3418 3322
f 3418 3318 3339
f 3319 3323 3326
f 3329 3319 3326
f 3340 3319 3329
f 3324 3322 3327
f 3322 3513 3327
f 3418 3564 3322
f 3322 3564 3513
f 3326 3323 3360
f 3323 3328 3369
f 3360 3323 3369
f 3332 3324 3327
f 3329 3326 3350
f 3326 3360 3350
f 3332 3327 3375
f 3375 3327 3379
f 3496 3379 3327
f 3513 3496 3327
f 3330 3368 3328
f 3369 3328 3368
f 3350 3340 3329
f 3330 3357 3336
f 3330 3336 3368
f 3357 3332 3375
f 3336 3357 3338
f 3338 3373 3336
f 3373 3368 3336
f 3338 3357 3342
f 3338 3342 3374
f 3338 3374 3373
f 3342 3357 3343
f 3342 3343 3383
f 3374 3342 3383
f 3343 3357 3346
f 3343 3346 3392
f 3383 3343 3392
f 3346 3349 3355
f 3346 3357 3349
f 3577 3346 3355
f 3346 3401 3392
f 3346 3604 3401
f 3604 3346 3577
f 3357 3355 3349
f 3357 3372 3355
f 3372 3577 3355
f 3357 3385 3372
f 3375 3411 3357
f 3385 3357 3387
f 3387 3357 3393
f 3392 3401 3357
f 3393 3357 3405
f 3357 3401 3673
f 3405 3357 3408
f 3408 3357 3411
f 3357 3673 3576
f 3369 3368 3370
f 3372 3385 3551
f 3372 3551 3577
f 3375 3379 3384
f 3375 3384 3398
f 3375 3398 3406
f 3375 3406 3410
f 3375 3410 3411
f 3379 3548 3384
f 3496 3548 3379
f 3384 3395 3398
f 3544 3395 3384
f 3548 3544 3384
f 3385 3387 3535
f 3551 3385 3535
f 3393 3527 3387
f 3527 3535 3387
f 3393 3405 3526
f 3393 3526 3527
f 3395 3537 3398
f 3544 3537 3395
f 3398 3531 3406
f 3537 3531 3398
f 3422 3401 3604
f 3401 3422 3673
f 3405 3408 3523
f 3526 3405 3523
f 3410 3406 3518
f 3519 3518 3406
f 3406 3531 3519
f 3408 3411 3522
f 3523 3408 3522
f 3411 3410 3521
f 3521 3410 3518
f 3522 3411 3521
f 3418 3420 3564
f 3437 3587 3420
f 3420 3587 3564
f 3428 3422 3616
f 3422 3428 3673
f 3422 3604 3616
f 3462 3428 3622
f 3428 3462 3673
f 3428 3616 3622
f 3489 3590 3437
f 3437 3590 3587
f 3462 3645 3469
f 3462 3469 3673
f 3462 3622 3645
f 3469 3647 3492
f 3469 3492 3673
f 3645 3647 3469
f 3517 3592 3489
f 3741 3517 3489
f 3489 3592 3590
f 3539 3499 3492
f 3492 3499 3673
f 3492 3649 3539
f 3647 3649 3492
f 3556 3496 3513
f 3496 3562 3548
f 3556 3562 3496
f 3673 3499 3539
f 3556 3513 3559
f 3559 3513 3564
f 3517 3585 3593
f 3741 3585 3517
f 3517 3593 3592
f 3521 3518 3519
f 3521 3519 3556
f 3531 3562 3519
f 3562 3556 3519
f 3522 3521 3556
f 3523 3522 3556
f 3556 3526 3523
f 3527 3526 3528
f 3529 3528 3526
f 3529 3526 3556
f 3529 3527 3528
f 3527 3529 3530
f 3535 3527 3530
f 3530 3529 3535
f 3551 3535 3529
f 3551 3529 3673
f 3529 3556 3673
f 3537 3562 3531
f 3537 3544 3562
f 3539 3643 3552
f 3673 3539 3552
f 3539 3649 3643
f 3544 3548 3562
f 3673 3577 3551
f 3552 3642 3575
f 3673 3552 3575
f 3643 3642 3552
f 3556 3559 3569
f 3556 3569 3587
f 3576 3673 3556
f 3741 3576 3556
f 3556 3587 3590
f 3556 3590 3741
f 3559 3564 3569
f 3564 3587 3569
f 3641 3634 3575
f 3673 3575 3634
f 3642 3641 3575
f 3741 3694 3576
f 3604 3577 3673
f 3593 3585 3741
f 3590 3592 3741
f 3592 3593 3741
f 3616 3604 3673
f 3622 3616 3673
f 3645 3622 3673
f 3634 3639 3640
f 3641 3639 3634
f 3673 3634 3640
f 3641 3640 3639
f 3641 3673 3640
f 3642 3673 3641
f 3643 3673 3642
f 3649 3673 3643
f 3647 3645 3646
f 3646 3645 3673
f 3673 3647 3646
f 3673 3649 3647
f 4069 4087 4074
f 4069 4074 4115
f 4069 4107 4087
f 4102 4107 4069
f 4186 4102 4069
f 4069 4115 4189
f 4069 4189 4186
f 4115 4074 4087
f 4107 4265 4087
f 4265 4115 4087
f 4265 4107 4102
f 4186 4833 4102
f 4265 4102 4594
f 4102 4833 4594
f 4189 4115 4265
f 4189 4191 4186
f 4191 4375 4186
f 4375 4632 4186
f 4653 4186 4632
f 4653 4833 4186
f 4191 4189 4375
f 4384 4189 4265
f 4375 4189 4384
f 4384 4265 4594
f 4375 4384 4600
f 4499 4375 4600
f 4375 4499 4632
f 4594 4570 4384
f 4600 4384 4570
f 4499 4600 4667
f 4632 4499 4665
f 4499 4667 4665
f 4594 4600 4570
f 4835 4600 4594
f 4833 4835 4594
f 4667 4600 4702
f 4835 4702 4600
f 4632 4833 4653
f 4665 4667 4632
f 4767 4632 4667
f 4835 4632 4767
f 4632 4835 4833
f 4667 4702 4767
f 4835 4767 4702
f 4169 4102 4229
f 4169 4699 4102
f 4102 4833 4229
f 4699 4833 4102
f 4152 4151 4167
f 4169 4151 4152
f 4169 4167 4151
f 4169 4152 4153
f 4152 4212 4153
f 4152 4167 4598
f 4223 4212 4152
f 4446 4223 4152
f 4446 4152 4598
f 4169 4153 4154
f 4154 4153 4212
f 4212 4169 4154
f 4169 4214 4167
f 4596 4167 4214
f 4598 4167 4596
f 4223 4169 4212
f 4169 4221 4214
f 4169 4224 4221
f 4446 4169 4223
f 4169 4243 4224
f 4343 4169 4229
f 4169 4249 4243
f 4169 4298 4249
f 4169 4312 4298
f 4169 4322 4312
f 4169 4339 4322
f 4343 4339 4169
f 4699 4169 4446
f 4214 4221 4581
f 4596 4214 4581
f 4221 4224 4573
f 4221 4573 4581
f 4243 4501 4224
f 4224 4501 4573
f 4699 4343 4229
f 4229 4833 4699
f 4243 4249 4492
f 4501 4243 4492
f 4249 4298 4433
f 4249 4433 4492
f 4298 4312 4425
f 4298 4425 4433
f 4312 4322 4407
f 4312 4407 4425
f 4401 4322 4339
f 4407 4322 4401
f 4339 4343 4401
f 4401 4343 4699
f 4407 4401 4699
f 4425 4407 4699
f 4433 4425 4699
f 4492 4433 4699
f 4598 4610 4446
f 4699 4446 4610
f 4501 4492 4699
f 4593 4573 4501
f 4593 4501 4699
f 4593 4581 4573
f 4593 4596 4581
f 4596 4593 4699
f 4598 4596 4699
f 4610 4598 4699
f 3557 3554 3573
f 3674 3554 3557
f 3573 3554 3674
f 3674 3557 3561
f 3557 3933 3561
f 3557 3573 3931
f 3557 3931 3933
f 3674 3561 3563
f 3563 3561 3943
f 3933 3943 3561
f 3567 3565 3563
f 3674 3563 3565
f 3563 3953 3567
f 3563 3943 3953
f 3609 3565 3567
f 3674 3565 3609
f 3609 3567 3574
f 3574 3567 3986
f 3567 3953 3986
f 3594 3573 3674
f 3573 3594 3923
f 3931 3573 3923
f 3586 3578 3574
f 3609 3574 3578
f 3586 3574 4024
f 4024 3574 3986
f 3578 3586 3626
f 3578 3626 3609
f 3591 3579 3599
f 3591 3677 3579
f 3599 3579 3677
f 3586 3598 3626
f 3598 3586 4035
f 3586 4024 4035
f 3591 3599 3608
f 3591 3608 3630
f 3591 3630 3632
f 3591 3632 3633
f 3591 3633 3636
f 3591 3636 3651
f 3591 3651 3674
f 4102 3591 3674
f 3924 3677 3591
f 3924 3591 4102
f 3606 3594 3674
f 3920 3594 3606
f 3923 3594 3920
f 3598 3625 3626
f 3598 4043 3625
f 3598 4035 4043
f 3707 3608 3599
f 3599 3677 3707
f 3602 3600 3605
f 3600 3602 3629
f 3621 3605 3600
f 3621 3600 3609
f 3600 3629 3609
f 3602 3605 4053
f 3728 3629 3602
f 3602 4053 3728
f 3621 3610 3605
f 3605 3610 4068
f 4053 3605 4068
f 3674 3627 3606
f 3916 3606 3627
f 3920 3606 3916
f 3630 3608 3730
f 3707 3730 3608
f 3626 3621 3609
f 3609 3629 3657
f 3609 3657 3674
f 3610 3621 4073
f 4068 3610 4073
f 3621 3626 4058
f 3621 4058 4066
f 4073 3621 4066
f 3626 3625 4058
f 3625 4043 4058
f 3674 3653 3627
f 3627 3653 3908
f 3908 3916 3627
f 3657 3629 3728
f 3632 3630 3730
f 3633 3632 3816
f 3632 3730 3816
f 3636 3633 3838
f 3633 3816 3838
f 3651 3636 3861
f 3861 3636 3838
f 3651 3661 3674
f 3651 3887 3661
f 3651 3861 3887
f 3666 3653 3674
f 3653 3666 3899
f 3908 3653 3899
f 3674 3657 3728
f 3661 3665 3674
f 3661 3901 3665
f 3661 3887 3901
f 3665 3666 3674
f 3666 3665 3900
f 3901 3900 3665
f 3899 3666 3898
f 3898 3666 3900
f 3743 3674 3728
f 3674 3743 3853
f 3674 3853 4102
f 3924 3707 3677
f 3924 3730 3707
f 3743 3728 3853
f 4005 3853 3728
f 4005 3728 4032
f 3728 4053 4032
f 3924 3816 3730
f 3924 3838 3816
f 3855 3861 3838
f 3924 3855 3838
f 4076 3853 4005
f 3853 4076 4088
f 4102 3853 4088
f 3924 3861 3855
f 3924 3887 3861
f 3901 3887 3906
f 3924 3906 3887
f 3924 3899 3898
f 3924 3898 3900
f 3924 3908 3899
f 3924 3900 3901
f 3924 3901 3906
f 3916 3908 3924
f 3920 3916 3924
f 4060 3923 3920
f 4060 3920 3924
f 4060 3931 3923
f 3924 4102 4060
f 3933 3931 4060
f 3943 3933 4060
f 4060 3953 3943
f 3986 3953 4060
f 4022 4024 3986
f 4022 3986 4060
f 4060 4005 4032
f 4060 4076 4005
f 4024 4022 4066
f 4022 4060 4078
f 4066 4022 4078
f 4035 4024 4066
f 4032 4053 4068
f 4060 4032 4078
f 4032 4068 4073
f 4032 4073 4078
f 4043 4035 4066
f 4058 4043 4066
f 4076 4060 4088
f 4060 4102 4088
f 4078 4073 4066
f 5072 4653 5089
f 5123 4653 5072
f 5089 4653 5123
f 5072 5089 5282
f 5072 5242 5123
f 5233 5239 5072
f 5072 5240 5233
f 5239 5242 5072
f 5072 5245 5240
f 5072 5259 5245
f 5259 5072 5282
f 5123 5341 5089
f 5282 5089 5289
f 5289 5089 5292
f 5292 5089 5323
f 5323 5089 5312
f 5312 5089 5327
f 5089 5329 5327
f 5089 5339 5329
f 5089 5348 5339
f 5341 5349 5089
f 5089 5384 5348
f 5349 5384 5089
f 5123 5242 5256
f 5123 5256 5271
f 5123 5271 5281
f 5123 5281 5295
f 5123 5295 5313
f 5123 5313 5309
f 5123 5309 5328
f 5123 5328 5338
f 5123 5338 5341
f 5239 5233 5240
f 5240 5256 5239
f 5239 5256 5242
f 5240 5245 5259
f 5240 5259 5256
f 5259 5271 5256
f 5282 5271 5259
f 5282 5281 5271
f 5292 5281 5282
f 5296 5281 5292
f 5296 5295 5281
f 5289 5292 5282
f 5321 5296 5292
f 5323 5321 5292
f 5313 5295 5296
f 5313 5296 5321
f 5312 5309 5323
f 5328 5309 5312
f 5309 5313 5323
f 5327 5329 5312
f 5329 5328 5312
f 5313 5321 5323
f 5338 5328 5329
f 5339 5338 5329
f 5339 5341 5338
f 5339 5349 5341
f 5348 5349 5339
f 5361 5349 5348
f 5362 5361 5348
f 5348 5384 5362
f 5349 5361 5384
f 5362 5373 5361
f 5361 5373 5384
f 5372 5373 5362
f 5362 5384 5372
f 5384 5373 5372
f 3513 3496 3556
f 3496 3513 3562
f 3496 3562 3556
f 3556 3559 3513
f 3559 3564 3513
f 3562 3513 4001
f 3564 4156 3513
f 4001 3513 4019
f 4019 3513 4156
f 3518 3521 3519
f 3519 3531 3518
f 3851 3521 3518
f 3518 3531 3892
f 3851 3518 3892
f 3521 3556 3519
f 3531 3519 3562
f 3519 3556 3562
f 3522 3556 3521
f 3849 3522 3521
f 3849 3521 3851
f 3523 3556 3522
f 3523 3522 3854
f 3522 3849 3854
f 3526 3556 3523
f 3526 3523 3857
f 3523 3854 3857
f 3529 3526 3528
f 3530 3528 3526
f 3529 3556 3526
f 3530 3526 3535
f 3526 3872 3535
f 3526 3857 3872
f 3529 3528 3527
f 3527 3528 3530
f 3529 3527 3530
f 3529 3530 3535
f 3529 3535 3551
f 3529 3551 3673
f 3673 3556 3529
f 3537 3531 3562
f 3537 3929 3531
f 3531 3922 3892
f 3929 3922 3531
f 3551 3535 3875
f 3872 3875 3535
f 3544 3537 3562
f 3544 3946 3537
f 3537 3946 3929
f 3548 3544 3562
f 3548 3990 3544
f 3990 3946 3544
f 3562 4001 3548
f 3548 4001 3990
f 3551 3577 3673
f 3551 3827 3577
f 3866 3827 3551
f 3551 3875 3866
f 3556 3569 3559
f 3556 3587 3569
f 3576 3556 3673
f 3741 3556 3576
f 3556 3590 3587
f 3741 3590 3556
f 3559 3569 3564
f 3587 3564 3569
f 4183 3564 3587
f 3564 4161 4156
f 3564 4183 4161
f 3576 3673 3904
f 3741 3576 3694
f 3694 3576 4117
f 3904 4117 3576
f 3673 3577 3604
f 3604 3577 3769
f 3769 3577 3827
f 3593 3585 3628
f 3741 3585 3593
f 3628 3585 3741
f 3590 3971 3587
f 3587 3971 3975
f 3975 4208 3587
f 4208 4183 3587
f 3741 3592 3590
f 3912 3590 3592
f 3912 3971 3590
f 3741 3593 3592
f 3593 3894 3592
f 3894 3912 3592
f 3593 3628 3844
f 3593 3844 3894
f 3604 3616 3673
f 3604 3750 3616
f 3604 3769 3750
f 3616 3622 3673
f 3622 3616 3750
f 3622 3645 3673
f 3645 3622 3745
f 3622 3750 3745
f 3658 3628 3741
f 3628 3658 3844
f 3640 3641 3639
f 3640 3639 3652
f 3710 3639 3641
f 3639 3742 3652
f 3710 3742 3639
f 3673 3641 3640
f 3701 3640 3652
f 3673 3640 3701
f 3673 3642 3641
f 3642 3705 3641
f 3705 3710 3641
f 3673 3643 3642
f 3643 3695 3642
f 3695 3705 3642
f 3673 3649 3643
f 3643 3649 3692
f 3643 3692 3695
f 3645 3646 3673
f 3645 3722 3646
f 3645 3745 3722
f 3673 3646 3647
f 3646 3720 3647
f 3646 3722 3720
f 3673 3647 3649
f 3647 3704 3649
f 3720 3704 3647
f 3649 3704 3692
f 3701 3652 3671
f 3756 3671 3652
f 3742 3756 3652
f 3678 3658 3741
f 3658 3678 3744
f 3658 3744 3834
f 3844 3658 3834
f 3701 3671 3685
f 3799 3685 3671
f 3756 3799 3671
f 3692 3704 3673
f 3673 3800 3692
f 3701 3791 3673
f 3704 3719 3673
f 3673 3719 3720
f 3673 3720 3722
f 3673 3722 3745
f 3673 3745 3750
f 3673 3750 3769
f 3673 3769 3827
f 3791 3796 3673
f 3673 3796 3797
f 3673 3797 3802
f 3673 3807 3800
f 3673 3802 3803
f 3673 3803 3809
f 3807 3673 3811
f 3673 3809 3811
f 3673 3827 3904
f 3689 3678 3741
f 3744 3678 3689
f 3698 3685 3691
f 3691 3685 3807
f 3701 3685 3698
f 3807 3685 3799
f 3741 3744 3689
f 3698 3691 3811
f 3691 3807 3811
f 3695 3692 3710
f 3692 3742 3710
f 3692 3756 3742
f 3692 3799 3756
f 3692 3800 3799
f 3694 4117 3741
f 3695 3710 3705
f 3698 3809 3701
f 3809 3698 3811
f 3701 3725 3737
f 3725 3701 3809
f 3701 3737 3791
f 3720 3719 3704
f 3737 3725 3803
f 3725 3809 3803
f 3737 3802 3791
f 3737 3803 3802
f 3741 3833 3744
f 3834 3833 3741
f 3844 3834 3741
f 3894 3844 3741
f 3741 3912 3894
f 4117 3912 3741
f 3833 3834 3744
f 3796 3791 3797
f 3791 3802 3797
f 3800 3807 3799
f 3904 3827 3866
f 3904 3849 3851
f 3904 3854 3849
f 3904 3851 3892
f 3857 3854 3904
f 3872 3857 3904
f 3866 3875 3878
f 3904 3866 3878
f 3875 3872 3904
f 3878 3875 3904
f 3904 3892 3922
f 3904 3922 4019
f 4019 4108 3904
f 4156 3904 4108
f 4117 3904 4156
f 4117 3971 3912
f 4019 3922 3929
f 3946 4019 3929
f 3990 4019 3946
f 4117 3975 3971
f 4117 3983 3975
f 3975 3983 4208
f 4117 4114 3983
f 3983 4114 4198
f 4208 3983 4198
f 4001 4019 3990
f 4156 4108 4019
f 4117 4124 4114
f 4124 4128 4114
f 4114 4128 4198
f 4117 4128 4124
f 4117 4198 4128
f 4161 4117 4156
f 4161 4182 4117
f 4182 4184 4117
f 4184 4208 4117
f 4117 4209 4198
f 4208 4209 4117
f 4161 4183 4182
f 4182 4183 4184
f 4183 4208 4184
f 4208 4198 4209
f 3694 4317 3889
f 4344 3694 3889
f 4317 3694 4217
f 3694 4653 4217
f 4344 4683 3694
f 4683 4653 3694
f 3966 4049 3889
f 3889 4052 3966
f 4049 4104 3889
f 4083 4052 3889
f 3889 4101 4083
f 3889 4140 4101
f 4104 4344 3889
f 3889 4178 4140
f 4317 4178 3889
f 4006 3976 3966
f 3966 3976 4049
f 4006 3966 4041
f 4041 3966 4046
f 3966 4052 4046
f 3976 4006 4003
f 4003 4200 3976
f 4049 3976 4200
f 4006 4196 4003
f 4003 4196 4200
f 4006 4041 4192
f 4006 4192 4196
f 4046 4176 4041
f 4192 4041 4176
f 4046 4052 4083
f 4046 4083 4173
f 4046 4173 4176
f 4049 4215 4104
f 4049 4200 4215
f 4101 4166 4083
f 4083 4166 4172
f 4172 4173 4083
f 4101 4140 4171
f 4101 4171 4166
f 4267 4104 4215
f 4104 4267 4344
f 4171 4140 4175
f 4178 4175 4140
f 4317 4166 4171
f 4317 4172 4166
f 4171 4175 4317
f 4172 4267 4173
f 4267 4172 4344
f 4344 4172 4317
f 4267 4176 4173
f 4175 4178 4317
f 4267 4192 4176
f 4267 4196 4192
f 4267 4200 4196
f 4267 4215 4200
f 4217 4683 4317
f 4217 4653 4683
f 4317 4683 4344
f 926 955 971
f 994 955 926
f 960 926 971
f 994 926 960
f 971 955 1092
f 994 1092 955
f 960 971 961
f 960 961 977
f 994 960 977
f 971 972 961
f 961 972 977
f 975 973 970
f 989 970 973
f 1090 975 970
f 1090 970 989
f 971 1017 972
f 971 1124 1017
f 971 1092 1118
f 971 1118 1124
f 973 977 972
f 973 972 1017
f 975 977 973
f 973 1052 989
f 973 1017 1052
f 1090 977 975
f 994 977 1090
f 991 1090 989
f 989 1154 991
f 1052 1235 989
f 989 1156 1154
f 1235 1156 989
f 998 991 1030
f 1090 991 998
f 1030 991 1154
f 1090 1088 994
f 994 1088 1402
f 1118 1092 994
f 1124 1118 994
f 1167 1124 994
f 1402 1167 994
f 1072 998 1030
f 1083 998 1072
f 1090 998 1083
f 1017 1166 1052
f 1124 1164 1017
f 1164 1166 1017
f 1072 1030 1040
f 1145 1040 1030
f 1030 1154 1145
f 1040 1142 1072
f 1145 1142 1040
f 1196 1052 1166
f 1235 1052 1196
f 1083 1072 1073
f 1133 1073 1072
f 1142 1133 1072
f 1083 1073 1130
f 1133 1130 1073
f 1090 1083 1104
f 1104 1083 1125
f 1125 1083 1130
f 1402 1088 1090
f 1090 1104 1125
f 1090 1125 1133
f 1090 1133 1142
f 1090 1142 1145
f 1090 1145 1154
f 1090 1154 1156
f 1090 1156 1402
f 1167 1164 1124
f 1133 1125 1130
f 1402 1156 1235
f 1167 1166 1164
f 1167 1196 1166
f 1203 1196 1167
f 1207 1203 1167
f 1402 1207 1167
f 1203 1207 1196
f 1207 1324 1196
f 1324 1235 1196
f 1402 1324 1207
f 1324 1348 1235
f 1402 1235 1348
f 1324 1395 1348
f 1395 1324 1402
f 1402 1348 1395
f 4364 4102 4169
f 4102 4699 4169
f 4364 4466 4102
f 4466 4810 4102
f 4102 4810 4699
f 4154 4159 4169
f 4159 4154 4212
f 4169 4212 4154
f 4159 4193 4169
f 4193 4159 4318
f 4318 4159 4212
f 4193 4201 4169
f 4169 4201 4203
f 4169 4203 4210
f 4169 4210 4235
f 4169 4223 4212
f 4228 4223 4169
f 4318 4228 4169
f 4169 4235 4280
f 4169 4280 4323
f 4354 4318 4169
f 4169 4323 4364
f 4699 4354 4169
f 4201 4193 4638
f 4354 4193 4318
f 4638 4193 4354
f 4203 4201 4638
f 4210 4203 4642
f 4203 4638 4642
f 4210 4644 4235
f 4644 4210 4642
f 4228 4212 4223
f 4318 4212 4228
f 4280 4235 4660
f 4235 4644 4660
f 4662 4323 4280
f 4280 4660 4662
f 4323 4335 4364
f 4684 4335 4323
f 4662 4684 4323
f 4327 4337 4326
f 4364 4327 4326
f 4326 4337 4364
f 4364 4333 4327
f 4327 4333 4682
f 4682 4337 4327
f 4364 4335 4333
f 4333 4335 4684
f 4682 4333 4687
f 4333 4684 4687
f 4337 4367 4364
f 4681 4367 4337
f 4681 4337 4682
f 4489 4638 4354
f 4699 4489 4354
f 4367 4373 4364
f 4373 4420 4364
f 4364 4420 4426
f 4364 4426 4430
f 4364 4430 4432
f 4364 4432 4453
f 4364 4453 4469
f 4364 4577 4466
f 4364 4469 4490
f 4364 4490 4503
f 4364 4503 4577
f 4367 4680 4373
f 4680 4367 4681
f 4373 4680 4420
f 4426 4420 4680
f 4426 4695 4430
f 4426 4680 4677
f 4426 4677 4695
f 4432 4430 4698
f 4695 4698 4430
f 4432 4701 4453
f 4701 4432 4698
f 4469 4453 4705
f 4453 4701 4705
f 4466 4577 4810
f 4490 4469 4716
f 4469 4705 4716
f 4489 4607 4620
f 4699 4607 4489
f 4620 4638 4489
f 4703 4503 4490
f 4706 4703 4490
f 4706 4490 4716
f 4577 4503 4513
f 4513 4503 4690
f 4690 4503 4703
f 4513 4537 4577
f 4641 4537 4513
f 4513 4690 4641
f 4537 4541 4577
f 4541 4537 4641
f 4541 4543 4577
f 4541 4637 4543
f 4541 4641 4637
f 4543 4544 4577
f 4544 4543 4633
f 4633 4543 4637
f 4553 4546 4544
f 4544 4546 4577
f 4595 4553 4544
f 4544 4631 4595
f 4544 4633 4631
f 4577 4546 4553
f 4577 4553 4571
f 4595 4571 4553
f 4577 4571 4595
f 4577 4595 4631
f 4631 4633 4577
f 4633 4637 4577
f 4637 4641 4577
f 4641 4690 4577
f 4690 4703 4577
f 4703 4706 4577
f 4706 4746 4577
f 4746 4810 4577
f 4611 4607 4610
f 4699 4610 4607
f 4620 4607 4611
f 4611 4610 4699
f 4620 4611 4699
f 4654 4638 4620
f 4654 4620 4699
f 4644 4642 4638
f 4654 4644 4638
f 4660 4644 4654
f 4654 4699 4660
f 4660 4699 4662
f 4662 4699 4684
f 4810 4677 4680
f 4677 4810 4695
f 4810 4680 4681
f 4810 4681 4682
f 4810 4682 4687
f 4688 4687 4684
f 4684 4810 4688
f 4684 4699 4810
f 4810 4687 4688
f 4695 4810 4698
f 4701 4698 4810
f 4705 4701 4810
f 4705 4810 4716
f 4746 4706 4716
f 4716 4810 4746
f 2168 1638 1817
f 1817 1638 2247
f 2235 1638 2168
f 2222 1638 2235
f 2222 2247 1638
f 1817 2247 2168
f 2168 2743 2235
f 2168 2247 2991
f 2991 2743 2168
f 2235 2743 2222
f 2247 2222 2311
f 2311 2222 2615
f 2222 2743 2615
f 2305 2247 2306
f 2615 2247 2305
f 2306 2247 2307
f 2309 2307 2247
f 2309 2247 2312
f 2247 2311 2325
f 2312 2247 2317
f 2317 2247 2323
f 2323 2247 2325
f 2743 2247 2615
f 2991 2247 2743
f 2306 2316 2305
f 2316 2615 2305
f 2306 2307 2316
f 2309 2337 2307
f 2307 2337 2316
f 2309 2312 2371
f 2309 2371 2337
f 2311 2315 2318
f 2311 2328 2315
f 2311 2318 2327
f 2311 2374 2325
f 2340 2311 2327
f 2311 2411 2328
f 2342 2311 2340
f 2361 2311 2342
f 2311 2361 2368
f 2311 2368 2374
f 2311 2431 2411
f 2459 2431 2311
f 2471 2459 2311
f 2311 2537 2471
f 2311 2561 2537
f 2615 2561 2311
f 2317 2392 2312
f 2312 2392 2371
f 2315 2328 2318
f 2337 2615 2316
f 2317 2323 2429
f 2317 2429 2392
f 2318 2328 2327
f 2325 2335 2323
f 2335 2441 2323
f 2429 2323 2441
f 2346 2335 2325
f 2367 2346 2325
f 2367 2325 2376
f 2325 2374 2377
f 2376 2325 2381
f 2381 2325 2377
f 2327 2328 2411
f 2327 2411 2340
f 2346 2440 2335
f 2335 2440 2441
f 2371 2615 2337
f 2340 2459 2342
f 2411 2431 2340
f 2431 2459 2340
f 2342 2471 2361
f 2342 2459 2471
f 2367 2447 2346
f 2346 2447 2440
f 2368 2361 2537
f 2471 2537 2361
f 2376 2456 2367
f 2367 2456 2447
f 2374 2368 2514
f 2368 2552 2514
f 2368 2537 2552
f 2392 2615 2371
f 2374 2514 2377
f 2376 2381 2382
f 2376 2382 2472
f 2376 2472 2456
f 2377 2496 2381
f 2377 2514 2496
f 2381 2485 2382
f 2496 2485 2381
f 2382 2477 2472
f 2382 2485 2477
f 2429 2615 2392
f 2429 2441 2443
f 2443 2615 2429
f 2441 2440 2615
f 2440 2447 2615
f 2443 2441 2615
f 2447 2456 2615
f 2456 2472 2615
f 2472 2477 2615
f 2477 2485 2496
f 2477 2496 2514
f 2477 2514 2552
f 2477 2552 2561
f 2477 2561 2615
f 2552 2537 2561
f 1756 1638 1088
f 1638 2168 1088
f 1088 2168 1756
f 1780 1638 1756
f 2031 1638 1780
f 2031 2235 1638
f 2168 1638 2235
f 1756 1732 1776
f 1857 1732 1756
f 1776 1732 1857
f 1780 1798 1739
f 1780 1739 1838
f 1838 1739 1798
f 1776 1782 1756
f 1782 1780 1756
f 2152 1857 1756
f 2168 2152 1756
f 1857 1782 1776
f 1782 1798 1780
f 1942 1780 1838
f 2031 1780 1942
f 1798 1782 1857
f 1838 1798 2093
f 2093 1798 1857
f 1942 1838 2093
f 2043 2093 1857
f 2152 2043 1857
f 2031 1942 2063
f 1942 2093 2063
f 2031 2063 2148
f 2031 2148 2187
f 2031 2187 2235
f 2117 2093 2043
f 2158 2117 2043
f 2155 2043 2152
f 2158 2043 2155
f 2063 2093 2129
f 2148 2063 2129
f 2071 2093 2117
f 2071 2129 2093
f 2117 2235 2071
f 2071 2187 2129
f 2235 2187 2071
f 2170 2117 2158
f 2117 2170 2235
f 2148 2129 2187
f 2152 2158 2155
f 2152 2235 2158
f 2168 2235 2152
f 2158 2235 2170
f 3 11 4
f 4 30 3
f 3 10 17
f 3 30 10
f 3 17 11
f 4 9 29
f 485 9 4
f 485 4 11
f 29 30 4
f 29 9 485
f 17 10 24
f 24 10 63
f 506 10 30
f 63 10 80
f 10 506 80
f 17 15 11
f 506 11 15
f 485 11 506
f 24 15 17
f 23 15 24
f 506 15 23
f 63 23 24
f 63 58 23
f 506 23 58
f 30 29 37
f 29 39 37
f 39 29 485
f 506 30 37
f 38 37 61
f 506 37 38
f 37 39 54
f 37 54 60
f 37 60 61
f 506 38 61
f 54 39 41
f 41 39 485
f 54 41 485
f 60 54 67
f 54 485 67
f 80 58 63
f 80 92 58
f 91 58 92
f 91 222 58
f 299 58 222
f 506 58 299
f 61 60 67
f 62 61 67
f 506 61 62
f 79 62 67
f 506 62 79
f 79 67 644
f 67 485 644
f 506 79 644
f 209 92 80
f 209 80 506
f 91 92 222
f 92 209 222
f 209 308 222
f 308 209 307
f 209 506 307
f 299 222 308
f 308 401 299
f 401 452 299
f 452 506 299
f 308 307 401
f 401 307 402
f 307 506 402
f 401 402 437
f 437 452 401
f 437 402 438
f 402 506 438
f 437 438 452
f 438 506 452
f 644 485 506
f 2174 2188 2191
f 2174 2204 2188
f 2174 2191 2215
f 2174 2261 2204
f 2174 2215 2248
f 2174 2248 2991
f 2174 2270 2261
f 2174 2302 2270
f 2174 2341 2302
f 2174 2348 2341
f 2348 2174 2358
f 2358 2174 2438
f 2527 2438 2174
f 2527 2174 2851
f 2991 2851 2174
f 2188 2189 2191
f 2188 2204 2189
f 2189 2204 2190
f 2189 2190 2213
f 2191 2189 2213
f 2261 2190 2204
f 2261 2213 2190
f 2215 2191 2213
f 2215 2213 2243
f 2791 2243 2213
f 2261 2283 2213
f 2283 2510 2213
f 2213 2510 2658
f 2791 2213 2658
f 2243 2250 2215
f 2281 2248 2215
f 2250 2254 2215
f 2254 2262 2215
f 2262 2274 2215
f 2274 2281 2215
f 2243 2795 2250
f 2243 2791 2787
f 2787 2795 2243
f 2268 2248 2266
f 2269 2266 2248
f 2288 2248 2268
f 2272 2269 2248
f 2277 2272 2248
f 2279 2277 2248
f 2281 2279 2248
f 2296 2248 2288
f 2301 2248 2296
f 2601 2248 2301
f 2248 2601 3051
f 2991 2248 3051
f 2798 2254 2250
f 2795 2798 2250
f 2254 2800 2262
f 2798 2800 2254
f 2270 2283 2261
f 2803 2274 2262
f 2800 2803 2262
f 2266 2269 2268
f 2269 2868 2268
f 2880 2288 2268
f 2868 2891 2268
f 2880 2268 2891
f 2272 2834 2269
f 2269 2834 2843
f 2269 2843 2868
f 2270 2302 2283
f 2272 2277 2824
f 2272 2824 2834
f 2281 2274 2802
f 2803 2802 2274
f 2277 2279 2814
f 2277 2814 2824
f 2802 2279 2281
f 2814 2279 2802
f 2283 2302 2293
f 2465 2283 2293
f 2510 2283 2465
f 2919 2296 2288
f 2288 2880 2919
f 2341 2293 2302
f 2341 2358 2293
f 2358 2465 2293
f 2303 2301 2296
f 2296 2925 2303
f 2919 2925 2296
f 2303 2601 2301
f 2360 2601 2303
f 2303 2934 2360
f 2303 2925 2934
f 2348 2358 2341
f 2465 2358 2438
f 2390 2601 2360
f 2390 2360 2944
f 2360 2934 2944
f 2420 2601 2390
f 2390 2949 2420
f 2949 2390 2944
f 2437 2601 2420
f 2420 2962 2437
f 2420 2949 2962
f 2439 2437 2457
f 2601 2437 2439
f 2970 2457 2437
f 2437 2962 2970
f 2465 2438 2510
f 2510 2438 2527
f 2601 2439 2457
f 2508 2457 2468
f 2457 2983 2468
f 2518 2457 2508
f 2525 2457 2518
f 2601 2457 2525
f 2970 2983 2457
f 2508 2468 2489
f 2468 2990 2489
f 2468 2983 2990
f 2489 3000 2508
f 2990 3000 2489
f 3012 2518 2508
f 2508 3000 3003
f 3003 3012 2508
f 2658 2510 2527
f 2518 3026 2525
f 3012 3026 2518
f 2601 2525 2536
f 2525 3026 2536
f 2658 2527 2851
f 2565 2536 2549
f 3031 2549 2536
f 2606 2536 2565
f 2601 2536 2606
f 3026 3031 2536
f 3035 2565 2549
f 3031 3035 2549
f 2606 2565 2588
f 2588 2565 3040
f 3040 2565 3035
f 2628 2606 2588
f 2628 2588 3045
f 2588 3040 3045
f 2606 2628 2601
f 2628 2753 2601
f 2753 2786 2601
f 3010 2601 2786
f 3010 3051 2601
f 2628 3044 2753
f 2628 3045 3044
f 2658 2805 2791
f 2851 2805 2658
f 2938 2786 2753
f 2938 2753 3042
f 2753 3044 3042
f 2938 3010 2786
f 2851 2787 2791
f 2795 2787 2851
f 2851 2791 2805
f 2898 2798 2795
f 2898 2795 2851
f 2798 2804 2800
f 2898 2804 2798
f 2803 2800 2804
f 2803 2814 2802
f 2804 2898 2803
f 2898 2814 2803
f 2898 2824 2814
f 2898 2834 2824
f 2898 2843 2834
f 2868 2843 2898
f 2851 3051 2898
f 3051 2851 2991
f 2891 2868 2892
f 2892 2868 2898
f 2898 2880 2891
f 2915 2880 2898
f 2915 2919 2880
f 2898 2891 2892
f 2919 2915 2898
f 2898 2925 2919
f 2934 2925 2898
f 2944 2934 2898
f 3010 2944 2898
f 2898 3051 3010
f 2938 2981 3010
f 2981 2938 3042
f 3010 2949 2944
f 3010 2962 2949
f 3010 2970 2962
f 3010 2983 2970
f 2981 3029 3010
f 2981 3039 3029
f 2981 3042 3039
f 2983 3003 2990
f 3010 3003 2983
f 2990 3003 3000
f 3010 3046 3003
f 3012 3003 3031
f 3031 3003 3035
f 3003 3040 3035
f 3040 3003 3045
f 3003 3046 3045
f 3029 3036 3010
f 3010 3036 3037
f 3010 3037 3039
f 3010 3039 3042
f 3010 3042 3044
f 3010 3044 3046
f 3026 3012 3031
f 3036 3029 3037
f 3029 3039 3037
f 3046 3044 3045
f 2319 2366 2369
f 2366 2319 2383
f 2388 2319 2369
f 2319 2379 2384
f 2385 2379 2319
f 2319 2386 2383
f 2319 2384 2386
f 2398 2385 2319
f 2319 2388 2391
f 2391 2458 2319
f 2399 2398 2319
f 2319 2461 2399
f 2319 2458 2494
f 2319 2506 2461
f 2494 2696 2319
f 2319 2519 2506
f 2543 2519 2319
f 2597 2543 2319
f 2643 2597 2319
f 2704 2643 2319
f 2864 2319 2696
f 2704 2319 2864
f 2369 2366 2378
f 2378 2366 2383
f 2369 2378 2722
f 2369 2722 2388
f 2378 2383 2714
f 2716 2378 2714
f 2378 2716 2730
f 2722 2378 2730
f 2384 2379 2385
f 2383 2386 2707
f 2383 2707 2714
f 2692 2384 2385
f 2384 2700 2386
f 2700 2384 2692
f 2385 2398 2677
f 2385 2677 2692
f 2386 2700 2707
f 2458 2391 2388
f 2458 2388 2718
f 2388 2721 2718
f 2388 2722 2721
f 2461 2398 2399
f 2677 2398 2461
f 2703 2494 2458
f 2458 2718 2703
f 2461 2506 2662
f 2662 2677 2461
f 2494 2645 2696
f 2645 2494 2709
f 2494 2703 2709
f 2506 2519 2659
f 2661 2506 2659
f 2662 2506 2661
f 2659 2519 2543
f 2597 2655 2543
f 2659 2543 2655
f 2597 2643 2647
f 2597 2647 2649
f 2597 2649 2655
f 2671 2647 2643
f 2643 2704 2671
f 2645 2756 2696
f 2754 2645 2709
f 2756 2645 2754
f 2647 2703 2649
f 2671 2864 2647
f 2709 2647 2696
f 2647 2864 2696
f 2709 2703 2647
f 2649 2703 2655
f 2655 2703 2659
f 2703 2661 2659
f 2716 2662 2661
f 2703 2718 2661
f 2716 2661 2721
f 2661 2718 2721
f 2677 2662 2716
f 2704 2864 2671
f 2677 2714 2692
f 2677 2716 2714
f 2692 2707 2700
f 2692 2714 2707
f 2754 2709 2696
f 2696 2756 2754
f 2716 2721 2722
f 2730 2716 2722
f 1781 1810 1834
f 1781 1975 1810
f 1781 1834 1837
f 1781 1837 1845
f 1781 1845 1860
f 1781 1860 1863
f 1781 1863 1869
f 1781 1869 1884
f 1781 1911 1875
f 1781 1875 2248
f 1781 1884 1911
f 1975 1781 2010
f 1781 2248 2010
f 1829 1810 1819
f 1810 1883 1819
f 1834 1810 1829
f 1810 1975 1883
f 1829 1819 1823
f 1883 1823 1819
f 1829 1823 1922
f 1883 1922 1823
f 1834 1829 1832
f 2010 1832 1829
f 1829 1922 1975
f 1975 2010 1829
f 1832 1837 1834
f 1837 1832 2125
f 2010 2125 1832
f 1845 1837 2156
f 2156 1837 2125
f 1860 1845 2179
f 1845 2156 2179
f 1869 1863 1860
f 1860 2223 1869
f 1860 2179 2223
f 1879 1866 1867
f 1866 1880 1867
f 1888 1866 1879
f 1881 1880 1866
f 1910 1881 1866
f 1893 1866 1888
f 1898 1866 1893
f 1898 1909 1866
f 1909 1910 1866
f 1867 2282 1879
f 1880 2282 1867
f 1869 2245 1884
f 1869 2223 2245
f 1875 1894 1881
f 2218 1875 1881
f 1875 1896 1894
f 1875 1901 1896
f 1875 1904 1901
f 1875 1906 1904
f 1875 1908 1906
f 1875 1911 1908
f 2218 2248 1875
f 1882 1888 1879
f 2273 1882 1879
f 2282 2273 1879
f 1881 1885 1880
f 1880 1885 2285
f 1880 2285 2282
f 1881 1889 1885
f 1881 1891 1889
f 1894 1891 1881
f 1927 1881 1910
f 1943 1881 1927
f 1944 1881 1943
f 1881 1944 1996
f 1881 1996 2041
f 1881 2041 2218
f 1882 2258 1888
f 1882 2265 2258
f 2273 2265 1882
f 1883 1975 1922
f 1911 1884 2268
f 2245 2268 1884
f 1889 2289 1885
f 1885 2289 2285
f 1888 2251 1893
f 2258 2251 1888
f 1891 2287 1889
f 2287 2289 1889
f 1891 1894 2287
f 2246 1898 1893
f 2246 1893 2251
f 1894 1896 2286
f 1894 2286 2287
f 1896 1901 2290
f 2286 1896 2290
f 1909 1898 2239
f 2239 1898 2246
f 1904 2292 1901
f 2290 1901 2292
f 1904 1906 2296
f 1904 2300 2292
f 1904 2296 2300
f 2288 1906 1908
f 2288 2296 1906
f 1908 1911 2268
f 1908 2268 2288
f 1909 1927 1910
f 2229 1927 1909
f 2229 1909 2239
f 1943 1927 2225
f 1927 2229 2225
f 1996 1944 1943
f 1996 1943 2225
f 1996 2217 2041
f 2217 1996 2225
f 2010 2248 2125
f 2105 2041 2211
f 2218 2041 2105
f 2041 2217 2211
f 2198 2105 2211
f 2218 2105 2198
f 2139 2156 2125
f 2125 2248 2139
f 2248 2156 2139
f 2156 2248 2179
f 2248 2223 2179
f 2218 2198 2211
f 2218 2211 2217
f 2218 2217 2225
f 2218 2225 2229
f 2218 2229 2253
f 2292 2248 2218
f 2218 2253 2258
f 2218 2258 2265
f 2273 2218 2265
f 2282 2218 2273
f 2285 2218 2282
f 2291 2218 2285
f 2287 2286 2218
f 2286 2290 2218
f 2289 2287 2218
f 2291 2289 2218
f 2290 2292 2218
f 2248 2245 2223
f 2246 2229 2239
f 2253 2229 2246
f 2248 2266 2245
f 2268 2245 2266
f 2253 2246 2251
f 2248 2268 2266
f 2248 2288 2268
f 2248 2296 2288
f 2292 2300 2248
f 2248 2301 2296
f 2301 2248 2300
f 2258 2253 2251
f 2285 2289 2291
f 2301 2300 2296
f 3507 3687 3480
f 3480 3694 3507
f 3687 4217 3480
f 3480 4217 3694
f 3507 3508 3536
f 3571 3508 3507
f 3536 3580 3507
f 3631 3571 3507
f 3580 3687 3507
f 3507 3873 3631
f 3873 3507 3694
f 3536 3508 3571
f 3580 3536 3571
f 3580 3571 3766
f 3631 3601 3571
f 3772 3571 3601
f 3766 3571 3772
f 3766 3687 3580
f 3601 3631 3868
f 3772 3601 3868
f 3868 3631 3703
f 3631 3873 3703
f 3766 3772 3687
f 3687 3772 4141
f 4141 4217 3687
f 3694 4217 3873
f 3868 3703 3914
f 3873 3877 3703
f 3703 3877 3914
f 3772 3868 4141
f 3951 3868 3914
f 3868 3951 4141
f 3914 3877 3873
f 4141 3914 3873
f 3873 4217 4141
f 3951 3914 4025
f 4141 4025 3914
f 3951 4025 4129
f 3951 4129 4141
f 4141 4129 4025
f 4780 4694 4697
f 4697 4694 4829
f 4780 4829 4694
f 4780 4697 4719
f 4719 4697 4829
f 4780 4719 4829
f 2247 2305 2313
f 2615 2305 2247
f 2247 2313 2330
f 2247 2330 2352
f 2247 2352 2356
f 2387 2247 2356
f 2404 2247 2387
f 2442 2247 2404
f 2473 2247 2442
f 2473 2812 2247
f 2812 2615 2247
f 2305 2316 2313
f 2615 2316 2305
f 2316 2740 2313
f 2313 2745 2330
f 2740 2745 2313
f 2615 2337 2316
f 2316 2337 2740
f 2330 2773 2352
f 2745 2773 2330
f 2615 2371 2337
f 2371 2733 2337
f 2740 2337 2733
f 2387 2356 2352
f 2352 2784 2387
f 2773 2784 2352
f 2371 2392 2591
f 2615 2392 2371
f 2600 2371 2591
f 2371 2600 2726
f 2371 2726 2733
f 2785 2404 2387
f 2387 2784 2785
f 2429 2493 2392
f 2615 2429 2392
f 2493 2591 2392
f 2442 2404 2535
f 2404 2779 2535
f 2785 2779 2404
f 2429 2443 2493
f 2615 2443 2429
f 2473 2442 2448
f 2448 2442 2535
f 2615 2493 2443
f 2473 2448 2453
f 2448 2535 2453
f 2473 2453 2454
f 2453 2535 2454
f 2454 2466 2463
f 2473 2454 2463
f 2535 2466 2454
f 2473 2463 2466
f 2473 2466 2482
f 2466 2764 2482
f 2535 2764 2466
f 2473 2482 2492
f 2473 2492 2502
f 2473 2502 2521
f 2473 2521 2610
f 2473 2610 2808
f 2473 2808 2812
f 2482 2772 2492
f 2482 2764 2772
f 2521 2502 2492
f 2492 2781 2521
f 2492 2772 2781
f 2615 2591 2493
f 2521 2793 2610
f 2521 2781 2793
f 2535 2759 2755
f 2535 2755 2764
f 2535 2762 2759
f 2763 2762 2535
f 2779 2763 2535
f 2615 2600 2591
f 2719 2600 2615
f 2726 2600 2719
f 2610 2793 2736
f 2808 2610 2736
f 2726 2719 2615
f 2615 2733 2726
f 2615 2740 2733
f 2615 2745 2740
f 2615 2773 2745
f 2615 2784 2773
f 2615 2792 2784
f 2812 2792 2615
f 2793 2801 2736
f 2808 2736 2801
f 2759 2812 2755
f 2808 2764 2755
f 2808 2755 2812
f 2762 2812 2759
f 2763 2812 2762
f 2779 2812 2763
f 2808 2772 2764
f 2793 2781 2772
f 2808 2793 2772
f 2785 2812 2779
f 2785 2784 2792
f 2792 2812 2785
f 2808 2801 2793
f 1953 1977 1978
f 1953 1981 1977
f 1953 1978 2056
f 1953 1979 1980
f 1983 1979 1953
f 1953 1980 1981
f 2069 1983 1953
f 1953 2056 2066
f 1953 2066 2091
f 2079 2069 1953
f 2247 2079 1953
f 1953 2091 2100
f 1953 2100 2174
f 1953 2174 2247
f 2120 2020 1973
f 1973 2020 2143
f 1973 2099 2174
f 2180 2099 1973
f 2174 2120 1973
f 2143 2194 1973
f 2194 2180 1973
f 1977 1981 1978
f 1981 2069 1978
f 1978 2517 2056
f 2069 2079 1978
f 2203 1978 2079
f 2203 2517 1978
f 1980 1979 1983
f 1981 1980 1983
f 1981 1983 2069
f 2020 2108 2076
f 2020 2076 2143
f 2020 2120 2108
f 2066 2056 2503
f 2517 2503 2056
f 2066 2500 2091
f 2066 2503 2500
f 2108 2278 2076
f 2076 2278 2143
f 2247 2203 2079
f 2498 2100 2091
f 2500 2498 2091
f 2099 2138 2141
f 2138 2099 2146
f 2099 2141 2149
f 2180 2146 2099
f 2099 2149 2174
f 2100 2104 2174
f 2100 2497 2104
f 2498 2497 2100
f 2104 2109 2174
f 2505 2109 2104
f 2497 2505 2104
f 2108 2120 2373
f 2108 2284 2278
f 2108 2373 2284
f 2109 2111 2174
f 2109 2509 2111
f 2505 2509 2109
f 2174 2111 2119
f 2111 2444 2119
f 2111 2449 2444
f 2111 2516 2449
f 2111 2509 2516
f 2119 2120 2174
f 2373 2120 2119
f 2119 2444 2373
f 2141 2138 2633
f 2138 2146 2241
f 2320 2138 2241
f 2445 2138 2320
f 2138 2445 2633
f 2141 2172 2149
f 2481 2172 2141
f 2512 2481 2141
f 2512 2141 2644
f 2644 2141 2633
f 2194 2143 2278
f 2180 2164 2146
f 2241 2146 2164
f 2174 2149 2172
f 2241 2164 2180
f 2174 2172 2212
f 2212 2172 2481
f 2188 2174 2195
f 2188 2204 2174
f 2195 2174 2199
f 2199 2174 2201
f 2201 2174 2206
f 2204 2261 2174
f 2206 2174 2208
f 2208 2174 2212
f 2174 2499 2247
f 2261 2270 2174
f 2270 2302 2174
f 2302 2341 2174
f 2341 2348 2174
f 2365 2174 2348
f 2406 2174 2365
f 2436 2174 2406
f 2481 2174 2436
f 2512 2174 2481
f 2499 2174 2512
f 2499 2180 2194
f 2180 2320 2241
f 2445 2320 2180
f 2445 2180 2499
f 2192 2189 2188
f 2188 2189 2204
f 2192 2188 2195
f 2190 2189 2192
f 2189 2190 2204
f 2190 2192 2261
f 2190 2261 2204
f 2193 2192 2195
f 2283 2192 2193
f 2192 2283 2261
f 2199 2193 2195
f 2199 2293 2193
f 2293 2283 2193
f 2278 2284 2194
f 2284 2499 2194
f 2201 2341 2199
f 2199 2341 2293
f 2206 2365 2201
f 2201 2365 2341
f 2203 2260 2220
f 2220 2517 2203
f 2473 2203 2247
f 2203 2298 2260
f 2473 2298 2203
f 2206 2208 2406
f 2206 2406 2365
f 2208 2212 2436
f 2406 2208 2436
f 2436 2212 2481
f 2260 2529 2220
f 2529 2517 2220
f 2473 2247 2499
f 2260 2298 2526
f 2260 2526 2529
f 2261 2283 2270
f 2270 2283 2302
f 2283 2293 2302
f 2499 2284 2373
f 2293 2341 2302
f 2298 2428 2375
f 2526 2298 2375
f 2473 2428 2298
f 2365 2348 2341
f 2499 2373 2444
f 2428 2515 2375
f 2526 2375 2515
f 2487 2428 2473
f 2428 2487 2515
f 2499 2444 2449
f 2499 2607 2445
f 2633 2445 2607
f 2449 2532 2499
f 2449 2516 2532
f 2502 2487 2473
f 2497 2498 2473
f 2499 2497 2473
f 2498 2500 2473
f 2500 2503 2473
f 2473 2504 2502
f 2503 2517 2473
f 2473 2515 2504
f 2473 2526 2515
f 2517 2529 2473
f 2473 2530 2526
f 2473 2529 2530
f 2487 2502 2504
f 2515 2487 2504
f 2499 2505 2497
f 2499 2509 2505
f 2499 2516 2509
f 2512 2654 2499
f 2499 2532 2516
f 2499 2633 2607
f 2499 2644 2633
f 2499 2654 2644
f 2654 2512 2644
f 2529 2526 2530
f 172 173 161
f 182 172 161
f 460 161 173
f 182 161 460
f 172 192 173
f 172 182 202
f 172 202 192
f 460 173 192
f 202 182 460
f 460 192 202
f 4217 3694 3873
f 3873 3694 4653
f 4653 3694 4217
f 3877 3914 3873
f 3873 4105 3877
f 3873 3914 4141
f 3873 4179 4105
f 4141 4217 3873
f 4186 4179 3873
f 3873 4653 4186
f 3877 4105 3914
f 3914 4105 4025
f 4141 3914 4025
f 4129 4025 4105
f 4141 4025 4129
f 4105 4179 4129
f 4141 4129 4274
f 4274 4129 4179
f 4653 4217 4141
f 4458 4141 4274
f 4632 4141 4458
f 4632 4653 4141
f 4179 4186 4375
f 4274 4179 4375
f 4375 4186 4632
f 4186 4653 4632
f 4274 4375 4458
f 4375 4499 4458
f 4499 4375 4632
f 4458 4499 4588
f 4632 4458 4588
f 4632 4588 4499
f 1132 1086 1061
f 1061 1086 1163
f 1061 1163 1132
f 1132 1149 1086
f 1163 1086 1149
f 1132 1201 1149
f 1163 1177 1132
f 1132 1177 1261
f 1257 1201 1132
f 1132 1261 1257
f 1163 1149 1177
f 1177 1149 1261
f 1261 1149 1201
f 1261 1201 1257
f 3659 3591 3663
f 3591 3659 3699
f 3591 3669 3663
f 3591 3672 3669
f 3591 3676 3672
f 3955 3676 3591
f 3591 3699 3771
f 3771 3993 3591
f 3591 4102 3955
f 3993 4169 3591
f 4169 4102 3591
f 3659 3663 3699
f 3699 3663 3669
f 3672 3993 3669
f 3771 3699 3669
f 3771 3669 3993
f 3688 3672 3676
f 3672 3688 4120
f 3993 3672 4095
f 4095 3672 4148
f 4148 3672 4120
f 3955 3688 3676
f 3955 3693 3688
f 3688 3693 4120
f 3955 3735 3693
f 4111 3693 3735
f 4120 3693 4111
f 3955 3762 3735
f 3735 3762 4071
f 4072 3735 4071
f 4072 4111 3735
f 3762 3828 3830
f 3955 3828 3762
f 3762 3830 4070
f 4071 3762 4070
f 3955 3830 3828
f 3955 3860 3830
f 3830 3860 4064
f 4070 3830 4064
f 3955 3954 3860
f 3860 3954 4062
f 4064 3860 4062
f 3955 4061 3954
f 4062 3954 4061
f 3955 4062 4061
f 3955 4064 4062
f 3955 4070 4064
f 3955 4071 4070
f 3955 4072 4071
f 4169 4072 3955
f 3955 4102 4169
f 3993 4095 4169
f 4169 4111 4072
f 4154 4095 4148
f 4095 4154 4169
f 4169 4120 4111
f 4169 4148 4120
f 4169 4154 4148
f 4699 4760 4759
f 4699 4759 4762
f 4699 4761 4760
f 4847 4761 4699
f 4699 4762 4763
f 4699 4763 4764
f 4699 4764 4802
f 4699 4802 4814
f 4699 4814 4877
f 4853 4847 4699
f 4877 4853 4699
f 4759 4760 4847
f 4814 4762 4759
f 4853 4814 4759
f 4759 4847 4853
f 4847 4760 4761
f 4763 4762 4802
f 4802 4762 4814
f 4802 4764 4763
f 4877 4814 4853
f 457 644 460
f 460 1088 457
f 741 644 457
f 457 1088 741
f 460 644 1088
f 1088 644 741
f 249 238 254
f 238 249 394
f 238 394 254
f 271 249 254
f 271 394 249
f 271 254 276
f 276 254 275
f 275 254 394
f 483 271 276
f 483 394 271
f 275 296 276
f 275 283 296
f 394 283 275
f 276 296 292
f 483 276 292
f 283 294 296
f 634 294 283
f 634 283 394
f 292 296 483
f 296 294 303
f 294 318 303
f 318 294 324
f 294 322 323
f 634 322 294
f 294 323 324
f 296 303 483
f 483 303 318
f 318 324 337
f 318 337 368
f 318 368 378
f 318 378 406
f 410 318 406
f 318 410 634
f 483 318 634
f 323 322 338
f 370 338 322
f 379 370 322
f 379 322 407
f 322 410 407
f 634 410 322
f 323 337 324
f 323 338 337
f 337 338 349
f 337 349 368
f 338 350 349
f 370 350 338
f 350 368 349
f 350 370 368
f 368 370 378
f 370 379 378
f 378 379 406
f 379 407 406
f 483 723 394
f 723 634 394
f 406 407 410
f 634 1088 483
f 483 1088 723
f 723 1088 634
f 774 1028 798
f 774 798 1262
f 922 923 774
f 922 774 1129
f 923 925 774
f 925 928 774
f 774 928 939
f 774 939 982
f 774 982 1005
f 774 1005 1034
f 774 1034 1028
f 774 1262 1129
f 1028 1077 798
f 798 1051 1049
f 798 1049 1068
f 798 1053 1051
f 1056 1053 798
f 798 1057 1056
f 798 1071 1057
f 798 1068 1076
f 798 1074 1071
f 798 1077 1074
f 798 1076 1385
f 1262 798 1638
f 1638 798 1385
f 922 1129 923
f 925 923 1255
f 1129 1255 923
f 928 925 939
f 925 1362 939
f 1362 925 1255
f 939 1368 982
f 939 1362 1368
f 982 1403 1005
f 982 1368 1374
f 982 1374 1403
f 1005 1406 1034
f 1403 1406 1005
f 1033 1032 1028
f 1077 1028 1032
f 1036 1033 1028
f 1034 1037 1028
f 1039 1036 1028
f 1037 1044 1028
f 1045 1039 1028
f 1044 1045 1028
f 1032 1033 1041
f 1041 1077 1032
f 1064 1033 1036
f 1033 1409 1041
f 1064 1417 1033
f 1033 1417 1409
f 1034 1406 1037
f 1039 1064 1036
f 1037 1436 1044
f 1406 1436 1037
f 1039 1045 1064
f 1047 1041 1042
f 1041 1407 1042
f 1047 1077 1041
f 1409 1407 1041
f 1047 1042 1404
f 1042 1407 1404
f 1045 1044 1064
f 1044 1434 1064
f 1436 1434 1044
f 1055 1077 1047
f 1047 1389 1055
f 1047 1404 1389
f 1051 1068 1049
f 1051 1053 1068
f 1053 1056 1076
f 1053 1076 1068
f 1065 1077 1055
f 1055 1389 1065
f 1056 1057 1148
f 1056 1148 1076
f 1071 1159 1057
f 1057 1159 1148
f 1064 1426 1417
f 1064 1427 1426
f 1429 1427 1064
f 1432 1429 1064
f 1434 1432 1064
f 1070 1077 1065
f 1065 1370 1070
f 1389 1370 1065
f 1070 1369 1077
f 1370 1369 1070
f 1071 1074 1354
f 1071 1193 1159
f 1071 1354 1193
f 1077 1356 1074
f 1354 1074 1356
f 1076 1148 1385
f 1077 1369 1356
f 1129 1236 1255
f 1129 1262 1236
f 1148 1159 1385
f 1159 1193 1385
f 1193 1354 1340
f 1193 1340 1385
f 1262 1255 1236
f 1262 1328 1255
f 1362 1255 1328
f 1362 1328 1262
f 1368 1362 1262
f 1374 1368 1262
f 1403 1374 1262
f 1385 1403 1262
f 1262 1638 1385
f 1384 1340 1354
f 1385 1340 1384
f 1370 1354 1356
f 1384 1354 1370
f 1370 1356 1369
f 1370 1389 1384
f 1384 1404 1385
f 1384 1389 1404
f 1385 1406 1403
f 1385 1404 1409
f 1385 1439 1406
f 1385 1409 1417
f 1417 1424 1385
f 1424 1426 1385
f 1426 1427 1385
f 1427 1429 1385
f 1429 1432 1385
f 1432 1434 1385
f 1434 1436 1385
f 1436 1439 1385
f 1404 1407 1409
f 1406 1439 1436
f 1417 1426 1424
f 2615 2440 2441
f 2440 2686 2441
f 2615 2447 2440
f 2682 2440 2447
f 2682 2686 2440
f 2493 2443 2441
f 2615 2441 2443
f 2441 2694 2493
f 2441 2686 2694
f 2443 2493 2615
f 2615 2456 2447
f 2456 2668 2447
f 2447 2668 2682
f 2615 2472 2456
f 2456 2472 2668
f 2615 2477 2472
f 2477 2636 2472
f 2472 2636 2653
f 2668 2472 2653
f 2477 2496 2485
f 2636 2477 2485
f 2477 2514 2496
f 2477 2552 2514
f 2477 2561 2552
f 2615 2561 2477
f 2496 2636 2485
f 2493 2591 2615
f 2493 2705 2591
f 2493 2694 2705
f 2496 2514 2616
f 2496 2616 2636
f 2552 2609 2514
f 2514 2609 2616
f 2552 2561 2574
f 2552 2574 2609
f 2657 2574 2561
f 2657 2561 2615
f 2574 2653 2609
f 2657 2653 2574
f 2591 2600 2615
f 2600 2591 2717
f 2705 2717 2591
f 2600 2719 2615
f 2600 2717 2719
f 2653 2616 2609
f 2615 2668 2657
f 2668 2615 2682
f 2615 2686 2682
f 2615 2694 2686
f 2615 2705 2694
f 2615 2717 2705
f 2615 2719 2717
f 2653 2636 2616
f 2668 2653 2657
f 1262 1328 1362
f 1508 1328 1262
f 1262 1362 1368
f 1262 1368 1374
f 1262 1374 1403
f 1262 1403 1385
f 1385 1638 1262
f 1576 1508 1262
f 1772 1576 1262
f 1262 1638 1772
f 1328 1508 1362
f 1362 1534 1368
f 1362 1508 1534
f 1374 1368 1495
f 1368 1534 1495
f 1403 1374 1495
f 1385 1403 1406
f 1406 1439 1385
f 1385 1426 1424
f 1424 1491 1385
f 1385 1427 1426
f 1385 1429 1427
f 1385 1432 1429
f 1385 1434 1432
f 1385 1436 1434
f 1385 1439 1436
f 1491 1506 1385
f 1506 1558 1385
f 1385 1558 1573
f 1385 1573 1630
f 1385 1630 1709
f 1772 1638 1385
f 1385 1709 1772
f 1403 1495 1406
f 1495 1439 1406
f 1426 1491 1424
f 1426 1427 1491
f 1429 1506 1427
f 1427 1506 1491
f 1564 1429 1432
f 1573 1506 1429
f 1564 1573 1429
f 1434 1564 1432
f 1436 1564 1434
f 1439 1495 1436
f 1495 1564 1436
f 1534 1697 1495
f 1495 1697 1564
f 1573 1558 1506
f 1508 1576 1534
f 1576 1645 1534
f 1534 1645 1697
f 1564 1630 1573
f 1697 1630 1564
f 1632 1645 1576
f 1772 1632 1576
f 1697 1709 1630
f 1640 1645 1632
f 1772 1640 1632
f 1640 1648 1645
f 1772 1648 1640
f 1648 1721 1645
f 1645 1722 1697
f 1721 1722 1645
f 1648 1720 1721
f 1772 1720 1648
f 1697 1711 1709
f 1697 1713 1711
f 1697 1714 1713
f 1715 1714 1697
f 1697 1722 1715
f 1709 1711 1772
f 1711 1713 1772
f 1713 1714 1715
f 1713 1715 1772
f 1715 1722 1725
f 1715 1725 1772
f 1772 1721 1720
f 1772 1722 1721
f 1772 1725 1722
f 1728 1765 1742
f 1742 1822 1728
f 1728 1786 1765
f 1851 1786 1728
f 1822 1847 1728
f 1728 1847 2087
f 1728 2031 1851
f 2237 2031 1728
f 1728 2087 2237
f 1742 1765 1758
f 1758 1822 1742
f 1758 1765 1822
f 1786 2112 1765
f 1822 1765 1847
f 1765 2087 1847
f 1765 2112 2087
f 1851 1807 1786
f 1807 2112 1786
f 1851 1828 1807
f 1807 1828 2112
f 1851 1835 1828
f 1828 1835 1877
f 2207 1828 1877
f 1828 2207 2112
f 1862 1835 1851
f 1835 1862 1877
f 1851 1877 1862
f 1851 1924 1877
f 1986 1924 1851
f 2001 1986 1851
f 1988 2001 1851
f 1851 2031 1988
f 1924 2154 1877
f 2207 1877 2154
f 1924 1986 2154
f 2001 2151 1986
f 1986 2151 2154
f 1987 2052 2031
f 2031 2171 1987
f 2052 1987 2171
f 1988 2008 2001
f 1988 2016 2008
f 1988 2021 2016
f 1988 2061 2021
f 2031 2052 1988
f 1988 2052 2034
f 1988 2034 2166
f 1988 2140 2061
f 1988 2154 2140
f 1988 2197 2154
f 1988 2166 2495
f 2237 2197 1988
f 1988 2495 2237
f 2008 2145 2001
f 2001 2145 2151
f 2008 2016 2061
f 2140 2008 2061
f 2008 2140 2145
f 2021 2061 2016
f 2031 2276 2171
f 2237 2495 2031
f 2495 2276 2031
f 2034 2052 2166
f 2052 2171 2166
f 2087 2112 2115
f 2115 2237 2087
f 2112 2133 2115
f 2210 2133 2112
f 2207 2210 2112
f 2133 2237 2115
f 2210 2183 2133
f 2183 2237 2133
f 2140 2154 2145
f 2145 2154 2151
f 2207 2154 2197
f 2166 2171 2280
f 2495 2166 2280
f 2280 2171 2276
f 2210 2216 2183
f 2216 2237 2183
f 2207 2197 2237
f 2210 2207 2237
f 2216 2210 2237
f 2280 2276 2446
f 2495 2446 2276
f 2495 2280 2446
f 774 914 916
f 774 919 914
f 774 916 921
f 774 988 919
f 774 921 922
f 774 922 1129
f 774 964 1004
f 1262 964 774
f 774 1004 988
f 774 1129 1262
f 914 919 916
f 916 919 1272
f 916 1244 921
f 916 1272 1244
f 919 988 1284
f 919 1284 1272
f 921 1129 922
f 1129 921 1244
f 964 1243 1004
f 964 1259 1243
f 1471 1259 964
f 1728 964 1262
f 1471 964 1728
f 1004 1243 988
f 1284 988 1243
f 1129 1244 1236
f 1262 1129 1236
f 1262 1236 1244
f 1284 1243 1259
f 1262 1244 1272
f 1287 1284 1259
f 1287 1259 1471
f 1262 1272 1284
f 1262 1284 1287
f 1262 1287 1728
f 1728 1287 1471
f 828 827 829
f 828 837 827
f 1103 829 827
f 837 1103 827
f 828 829 854
f 848 828 835
f 828 853 835
f 836 828 838
f 836 839 828
f 839 837 828
f 846 838 828
f 846 828 848
f 828 854 853
f 854 829 850
f 985 850 829
f 985 829 1103
f 830 846 848
f 830 994 846
f 848 994 830
f 853 848 835
f 994 836 838
f 994 839 836
f 839 841 837
f 837 841 842
f 842 1103 837
f 846 994 838
f 994 841 839
f 841 858 842
f 882 858 841
f 841 911 882
f 994 911 841
f 858 1103 842
f 853 875 848
f 875 883 848
f 883 932 848
f 848 932 994
f 854 850 895
f 985 895 850
f 853 854 875
f 875 854 873
f 873 854 895
f 882 876 858
f 929 858 876
f 945 858 929
f 954 858 945
f 1001 858 954
f 1001 1103 858
f 875 873 879
f 873 878 879
f 878 873 888
f 888 873 895
f 879 883 875
f 882 886 876
f 876 886 885
f 929 876 885
f 879 878 888
f 883 879 888
f 882 911 886
f 883 888 933
f 883 933 932
f 885 886 929
f 886 911 938
f 886 938 929
f 933 888 895
f 985 933 895
f 911 994 938
f 945 929 938
f 932 933 985
f 967 994 932
f 967 932 1018
f 932 985 1015
f 932 1015 1018
f 945 938 943
f 938 946 943
f 994 946 938
f 943 954 945
f 943 946 954
f 946 1001 954
f 994 1025 946
f 946 1024 1001
f 946 1025 1024
f 967 1018 994
f 1015 985 1103
f 1018 1021 994
f 1021 1035 994
f 994 1027 1025
f 994 1095 1027
f 1035 1121 994
f 1107 1095 994
f 1108 1107 994
f 1140 1108 994
f 1121 1183 994
f 1141 1140 994
f 1151 1141 994
f 994 1562 1151
f 1183 1332 994
f 1332 1562 994
f 1024 1046 1001
f 1046 1103 1001
f 1018 1015 1020
f 1103 1020 1015
f 1018 1020 1021
f 1050 1021 1020
f 1050 1020 1103
f 1035 1021 1050
f 1025 1046 1024
f 1025 1027 1046
f 1027 1103 1046
f 1027 1095 1103
f 1035 1050 1123
f 1121 1035 1123
f 1103 1089 1050
f 1050 1089 1123
f 1103 1115 1089
f 1218 1089 1115
f 1454 1123 1089
f 1454 1089 1218
f 1103 1095 1115
f 1095 1107 1114
f 1095 1114 1115
f 1108 1114 1107
f 1108 1140 1114
f 1114 1218 1115
f 1140 1410 1114
f 1114 1316 1218
f 1114 1410 1316
f 1121 1123 1183
f 1183 1123 1304
f 1454 1304 1123
f 1140 1141 1422
f 1140 1422 1410
f 1151 1425 1141
f 1422 1141 1425
f 1151 1433 1425
f 1151 1562 1433
f 1332 1183 1304
f 1454 1218 1316
f 1332 1304 1547
f 1454 1547 1304
f 1316 1410 1381
f 1454 1316 1381
f 1332 1387 1373
f 1332 1373 1562
f 1387 1332 1579
f 1332 1547 1579
f 1373 1387 1562
f 1410 1454 1381
f 1387 1586 1562
f 1582 1387 1579
f 1586 1387 1582
f 1422 1562 1410
f 1562 1454 1410
f 1425 1562 1422
f 1433 1562 1425
f 1579 1547 1454
f 1562 1586 1454
f 1582 1579 1454
f 1586 1582 1454
f 1172 1094 1097
f 1097 1094 1220
f 1172 1220 1094
f 1139 1097 1109
f 1109 1097 1241
f 1172 1097 1139
f 1097 1220 1241
f 1139 1109 1574
f 1109 1241 1335
f 1109 1335 1574
f 1172 1139 1146
f 1139 1567 1146
f 1139 1574 1567
f 1172 1146 1147
f 1248 1147 1146
f 1146 1565 1248
f 1146 1567 1565
f 1147 1248 1172
f 1172 1241 1220
f 1172 1335 1241
f 1172 1248 1253
f 1172 1253 1344
f 1416 1335 1172
f 1172 1344 1353
f 1357 1172 1353
f 1594 1172 1357
f 1594 1412 1172
f 1172 1412 1639
f 1515 1416 1172
f 1540 1515 1172
f 1639 1540 1172
f 1253 1248 1565
f 1561 1344 1253
f 1253 1565 1561
f 1574 1335 1416
f 1353 1344 1559
f 1559 1344 1561
f 1357 1353 1559
f 1391 1357 1559
f 1391 1594 1357
f 1448 1391 1556
f 1448 1594 1391
f 1391 1559 1556
f 1639 1412 1594
f 1416 1515 1560
f 1574 1416 1560
f 1448 1551 1472
f 1472 1594 1448
f 1448 1556 1551
f 1523 1472 1546
f 1523 1594 1472
f 1472 1551 1546
f 1540 1549 1515
f 1560 1515 1549
f 1523 1537 1533
f 1533 1594 1523
f 1523 1546 1537
f 1533 1537 1594
f 1537 1546 1594
f 1549 1540 1639
f 1546 1551 1594
f 1560 1549 1639
f 1553 1551 1556
f 1551 1553 1594
f 1553 1556 1594
f 1556 1559 1594
f 1561 1639 1559
f 1559 1639 1594
f 1574 1560 1581
f 1581 1560 1639
f 1565 1639 1561
f 1567 1639 1565
f 1574 1639 1567
f 1581 1639 1574
f 1868 1817 1953
f 1868 1990 1817
f 1953 1817 2247
f 1817 1990 2174
f 1817 2174 2247
f 1918 1868 1953
f 1868 1918 1990
f 1918 1976 1919
f 1918 1919 1990
f 1953 1979 1918
f 1918 1979 1976
f 1919 1976 1963
f 1963 1977 1919
f 1977 1978 1919
f 1919 1978 1990
f 1978 1977 1953
f 1977 1981 1953
f 1953 2056 1978
f 1980 1979 1953
f 1981 1980 1953
f 1953 2066 2056
f 1953 2091 2066
f 1953 2100 2091
f 2174 2100 1953
f 2247 2174 1953
f 1976 1981 1963
f 1977 1963 1981
f 1976 1979 1980
f 1976 1980 1981
f 1990 1978 1993
f 1993 1978 2056
f 2174 1990 1993
f 1993 2056 2005
f 2174 1993 2005
f 2005 2066 2042
f 2174 2005 2042
f 2005 2056 2066
f 2091 2055 2042
f 2042 2055 2174
f 2066 2091 2042
f 2055 2100 2078
f 2055 2078 2174
f 2091 2100 2055
f 2104 2095 2078
f 2078 2095 2174
f 2100 2104 2078
f 2095 2109 2101
f 2095 2101 2174
f 2104 2109 2095
f 2174 2104 2100
f 2101 2109 2111
f 2101 2111 2118
f 2101 2118 2174
f 2174 2109 2104
f 2174 2111 2109
f 2111 2119 2118
f 2174 2119 2111
f 2118 2119 2120
f 2118 2120 2174
f 2174 2120 2119
f 1948 1951 1950
f 1950 1989 1948
f 1951 1948 1965
f 1948 1988 1965
f 2021 1988 1948
f 1989 1991 1948
f 1991 1997 1948
f 1997 2021 1948
f 1951 2134 1950
f 1967 1989 1950
f 1950 2135 1967
f 1950 2134 2135
f 1952 1951 1965
f 1952 2132 1951
f 2132 2134 1951
f 1958 1952 1965
f 1952 1958 2124
f 1952 2124 2132
f 1958 1965 1959
f 2114 1958 1959
f 2114 2116 1958
f 2124 1958 2116
f 1959 1965 1961
f 1961 2106 1959
f 1959 2106 2114
f 1961 1965 1971
f 1961 1971 2096
f 1961 2096 2106
f 1971 1965 1988
f 1969 1989 1967
f 2131 1969 1967
f 2135 2131 1967
f 1989 1969 2128
f 2131 2128 1969
f 2034 1971 1988
f 1971 2034 2096
f 2021 2067 1988
f 2034 1988 2096
f 2067 2123 1988
f 2096 1988 2116
f 2116 1988 2134
f 2128 1988 2123
f 2131 1988 2128
f 2135 1988 2131
f 2134 1988 2135
f 1989 2098 1991
f 2107 2098 1989
f 2107 1989 2128
f 1997 1991 2067
f 1991 2098 2067
f 1997 2067 2021
f 2067 2098 2123
f 2106 2096 2116
f 2098 2107 2123
f 2106 2116 2114
f 2107 2128 2123
f 2124 2116 2134
f 2132 2124 2134
f 3687 3702 3842
f 4118 3702 3687
f 4217 3687 3842
f 4118 3687 4185
f 3687 4217 4185
f 3702 3733 3786
f 3819 3733 3702
f 3702 3786 3789
f 3702 3789 3793
f 3702 3793 3821
f 3702 3895 3819
f 3702 3821 3836
f 3702 3836 3842
f 4118 3895 3702
f 3733 3819 3786
f 3784 3780 3775
f 3775 3780 3842
f 3775 3842 3784
f 3784 3817 3780
f 3903 3780 3817
f 3780 3903 3842
f 3842 3817 3784
f 3786 3837 3789
f 3786 3819 3837
f 3789 3837 3793
f 3837 3821 3793
f 3842 3823 3817
f 3817 3823 3903
f 3819 3895 3837
f 3837 3836 3821
f 3842 3829 3823
f 3829 3973 3823
f 3903 3823 3973
f 3842 3836 3829
f 3836 3945 3829
f 3945 3973 3829
f 3837 3945 3836
f 3837 3895 3945
f 3903 3911 3842
f 3842 3911 4118
f 4118 4217 3842
f 3945 3895 3958
f 4118 3958 3895
f 3911 3903 3973
f 3911 3973 3963
f 4118 3911 3963
f 3945 3958 3968
f 3968 4048 3945
f 3945 4002 3973
f 3945 4048 4002
f 4118 3968 3958
f 3973 3999 3963
f 4118 3963 3999
f 3968 4067 4048
f 4118 4067 3968
f 3973 4000 3999
f 4002 4000 3973
f 3999 4000 4002
f 3999 4002 4118
f 4002 4048 4040
f 4002 4040 4118
f 4118 4040 4048
f 4118 4048 4067
f 4185 4217 4118
f 3455 3620 3497
f 3497 3638 3455
f 3741 3620 3455
f 3455 3638 3741
f 3497 3617 3597
f 3497 3597 3638
f 3497 3620 3617
f 3617 3711 3597
f 3597 3711 3638
f 3617 3620 3727
f 3617 3727 3711
f 3727 3620 3739
f 3741 3739 3620
f 3638 3711 3741
f 3711 3727 3741
f 3727 3739 3741
f 889 804 798
f 804 902 798
f 1028 889 798
f 902 908 798
f 798 908 999
f 999 1007 798
f 1007 1049 798
f 798 1077 1028
f 798 1049 1051
f 798 1051 1053
f 798 1053 1056
f 798 1056 1057
f 798 1057 1071
f 798 1071 1074
f 798 1074 1077
f 889 816 804
f 804 816 902
f 816 889 820
f 816 820 1071
f 816 1071 902
f 820 872 866
f 866 1074 820
f 820 889 872
f 1071 820 1074
f 872 1070 866
f 866 1070 1074
f 889 958 872
f 958 1065 872
f 872 1065 1070
f 1008 958 889
f 1011 1008 889
f 1032 1011 889
f 1032 889 1028
f 902 1057 908
f 1071 1057 902
f 908 1056 999
f 908 1057 1056
f 1008 1055 958
f 958 1055 1065
f 1007 999 1053
f 1056 1053 999
f 1007 1051 1049
f 1007 1053 1051
f 1010 1008 1011
f 1008 1010 1047
f 1008 1047 1055
f 1011 1042 1010
f 1047 1010 1042
f 1032 1041 1011
f 1011 1041 1042
f 1028 1077 1032
f 1032 1077 1041
f 1041 1047 1042
f 1041 1077 1047
f 1047 1077 1055
f 1055 1077 1065
f 1065 1077 1070
f 1074 1070 1077
f 1378 1452 1399
f 1378 1399 1480
f 1571 1452 1378
f 1378 1480 1566
f 1566 1623 1378
f 1623 1571 1378
f 1480 1399 1452
f 1566 1452 1470
f 1470 1452 1571
f 1480 1452 1566
f 1623 1566 1470
f 1660 1470 1571
f 1623 1470 1660
f 1660 1571 1623
f 3486 3491 3488
f 3502 3486 3488
f 3491 3486 3505
f 3502 3558 3486
f 3505 3486 3520
f 3486 3543 3520
f 3486 3553 3543
f 3486 3558 3553
f 3491 3718 3488
f 3502 3488 3534
f 3718 3534 3488
f 3505 3718 3491
f 3502 3534 3542
f 3502 3542 3549
f 3502 3549 3603
f 3502 3566 3558
f 3502 3582 3566
f 3502 3607 3582
f 3603 3687 3502
f 3502 3612 3607
f 3502 3614 3612
f 3502 3656 3614
f 3656 3502 3716
f 3502 3687 3716
f 3520 3938 3505
f 3938 3718 3505
f 3543 3932 3520
f 3520 3932 3938
f 3534 3708 3542
f 3718 3708 3534
f 3542 3708 3549
f 3553 3927 3543
f 3927 3926 3543
f 3543 3926 3932
f 3549 3581 3603
f 3549 3708 3581
f 3930 3553 3558
f 3553 3930 3927
f 3582 3558 3566
f 3582 3934 3558
f 3930 3558 3934
f 3603 3581 3589
f 3611 3589 3581
f 3581 3708 3611
f 3582 3607 3939
f 3939 3934 3582
f 3603 3589 3611
f 3603 3611 3618
f 3603 3618 3635
f 3603 3635 3675
f 3603 3675 3682
f 3603 3682 3702
f 3702 3687 3603
f 3607 3612 3959
f 3607 3947 3939
f 3607 3959 3947
f 3618 3611 3708
f 3959 3612 3614
f 3614 3656 3967
f 3959 3614 3967
f 3618 3785 3635
f 3618 3708 3785
f 3635 3785 3675
f 3967 3656 3716
f 3675 3787 3682
f 3675 3785 3787
f 3686 3682 3700
f 3682 3686 3702
f 3682 3787 3700
f 3686 3700 3702
f 4118 3687 3702
f 3687 3890 3716
f 3687 4054 3890
f 4185 4054 3687
f 4185 3687 4118
f 3702 3700 3733
f 3700 3787 3733
f 3702 3733 3819
f 3702 3819 3895
f 3702 3895 4118
f 3718 3865 3708
f 3708 3907 3785
f 3708 3865 3907
f 3890 3967 3716
f 3718 3957 3865
f 3952 3718 3938
f 3952 3957 3718
f 3733 3787 3819
f 3785 3928 3787
f 3785 3905 3897
f 3785 3897 3928
f 3907 3905 3785
f 3819 3787 3895
f 3787 3994 3895
f 3928 3935 3787
f 3787 3935 3987
f 3787 3987 3994
f 3907 3865 3913
f 3913 3865 3918
f 3865 3979 3918
f 3957 3977 3865
f 3977 3979 3865
f 3969 3967 3890
f 3969 3890 4054
f 3895 3996 3958
f 4118 3895 3958
f 3895 3994 3996
f 3981 3897 3905
f 3928 3897 3981
f 3981 3905 3907
f 3981 3907 3913
f 3913 3918 3981
f 3918 3979 3984
f 3918 3984 3981
f 3947 3926 3927
f 3932 3926 3977
f 3981 3926 3947
f 3977 3926 3979
f 3979 3926 3984
f 3926 3981 3984
f 3934 3927 3930
f 3947 3927 3934
f 4118 3935 3928
f 4118 3928 3981
f 3938 3932 3977
f 3947 3934 3939
f 4118 3987 3935
f 3977 3952 3938
f 3967 3947 3959
f 3981 3947 3967
f 3957 3952 3977
f 3958 3996 3968
f 4118 3958 3968
f 3989 3967 3969
f 3981 3967 3989
f 3968 3996 3997
f 3997 4067 3968
f 4118 3968 4067
f 3981 3989 3969
f 3981 3969 4185
f 4185 3969 4054
f 4118 3981 4185
f 3994 3987 4118
f 3997 3996 3994
f 3997 3994 4118
f 4067 3997 4118
f 4229 4683 4448
f 4448 4953 4229
f 4833 4683 4229
f 4229 4953 4833
f 4515 4508 4448
f 4508 4656 4448
f 4516 4515 4448
f 4518 4516 4448
f 4522 4518 4448
f 4523 4522 4448
f 4575 4523 4448
f 4448 4683 4575
f 4886 4448 4656
f 4886 4953 4448
f 4515 4656 4508
f 4517 4515 4516
f 4517 4788 4515
f 4788 4656 4515
f 4518 4517 4516
f 4522 4517 4518
f 4668 4517 4522
f 4788 4517 4668
f 4523 4668 4522
f 4575 4533 4523
f 4635 4523 4533
f 4635 4668 4523
f 4575 4534 4533
f 4534 4635 4533
f 4575 4558 4534
f 4534 4558 4635
f 4575 4559 4558
f 4558 4559 4628
f 4558 4628 4635
f 4575 4564 4559
f 4559 4564 4628
f 4575 4574 4564
f 4628 4564 4574
f 4574 4575 4597
f 4578 4574 4597
f 4628 4574 4578
f 4613 4597 4575
f 4575 4627 4613
f 4575 4666 4627
f 4734 4666 4575
f 4683 4710 4575
f 4710 4720 4575
f 4575 4720 4734
f 4578 4597 4613
f 4578 4613 4628
f 4613 4627 4628
f 4628 4627 4666
f 4635 4628 4674
f 4628 4666 4674
f 4635 4747 4668
f 4635 4674 4747
f 4788 4852 4656
f 4886 4656 4852
f 4666 4673 4674
f 4666 4679 4673
f 4734 4679 4666
f 4747 4768 4668
f 4668 4768 4788
f 4679 4674 4673
f 4709 4674 4679
f 4708 4674 4709
f 4747 4674 4708
f 4734 4709 4679
f 4683 4724 4710
f 4683 4748 4724
f 4683 4755 4748
f 4683 4769 4755
f 4683 4777 4769
f 4683 4790 4777
f 4683 4863 4790
f 5072 4683 4833
f 4889 4863 4683
f 4949 4889 4683
f 4949 4683 5072
f 4709 4720 4708
f 4710 4708 4717
f 4724 4708 4710
f 4708 4721 4717
f 4721 4708 4720
f 4724 4748 4708
f 4748 4747 4708
f 4730 4720 4709
f 4728 4730 4709
f 4728 4709 4734
f 4710 4717 4720
f 4720 4717 4721
f 4734 4720 4730
f 4730 4728 4732
f 4732 4728 4731
f 4731 4728 4734
f 4734 4730 4732
f 4734 4732 4731
f 4748 4755 4747
f 4755 4768 4747
f 4755 4769 4768
f 4769 4777 4768
f 4768 4777 4790
f 4768 4790 4788
f 4788 4790 4863
f 4788 4905 4852
f 4788 4863 4889
f 4788 4889 4913
f 4905 4788 4913
f 4833 4953 5072
f 4886 4852 4856
f 4856 4852 4905
f 4856 4905 4886
f 4886 4905 4913
f 4886 4913 4932
f 4886 4932 4997
f 4886 5052 4953
f 5023 4886 4997
f 4886 5023 5026
f 4886 5026 5030
f 4886 5030 5052
f 4889 4898 4931
f 4949 4898 4889
f 4889 4931 4913
f 4949 4931 4898
f 4913 4931 4932
f 4931 4942 4932
f 4949 4942 4931
f 4932 4942 4936
f 4932 4936 4997
f 4936 4942 4954
f 4961 4936 4954
f 4936 4961 4971
f 4936 4971 4997
f 4949 4954 4942
f 4957 4954 4949
f 4957 4949 4977
f 4977 4949 4988
f 4988 4949 5001
f 5001 4949 5009
f 5009 4949 5017
f 4949 5020 5017
f 4949 5035 5020
f 4949 5043 5035
f 4949 5050 5043
f 5050 4949 5067
f 4949 5086 5067
f 4949 5072 5182
f 5086 4949 5154
f 4949 5164 5154
f 4949 5165 5164
f 5165 4949 5171
f 5171 4949 5182
f 5052 5063 4953
f 5083 4953 5063
f 5072 4953 5192
f 5118 4953 5083
f 5144 4953 5118
f 5153 4953 5144
f 5161 4953 5153
f 5162 4953 5161
f 5170 4953 5162
f 5187 4953 5170
f 5192 4953 5187
f 4961 4954 4957
f 4957 4971 4961
f 4957 4977 4971
f 4971 4977 4987
f 4997 4971 4987
f 4977 4988 4987
f 5004 4987 4988
f 5004 4997 4987
f 5001 5004 4988
f 5004 5023 4997
f 5010 5004 5001
f 5009 5010 5001
f 5010 5023 5004
f 5009 5029 5010
f 5017 5020 5009
f 5029 5009 5020
f 5029 5023 5010
f 5020 5035 5029
f 5029 5026 5023
f 5029 5030 5026
f 5029 5052 5030
f 5035 5053 5029
f 5029 5053 5052
f 5035 5043 5050
f 5050 5053 5035
f 5067 5053 5050
f 5056 5052 5053
f 5052 5056 5063
f 5083 5056 5053
f 5067 5086 5053
f 5086 5083 5053
f 5056 5083 5063
f 5182 5072 5206
f 5072 5192 5221
f 5230 5206 5072
f 5072 5221 5228
f 5072 5228 5233
f 5233 5230 5072
f 5118 5083 5086
f 5106 5118 5086
f 5106 5086 5154
f 5131 5118 5106
f 5130 5131 5106
f 5106 5142 5130
f 5106 5154 5142
f 5131 5144 5118
f 5130 5144 5131
f 5130 5142 5144
f 5142 5153 5144
f 5142 5154 5153
f 5161 5153 5154
f 5164 5161 5154
f 5162 5161 5170
f 5164 5170 5161
f 5164 5165 5171
f 5164 5171 5170
f 5171 5187 5170
f 5182 5187 5171
f 5182 5192 5187
f 5182 5221 5192
f 5206 5230 5182
f 5182 5228 5221
f 5182 5230 5228
f 5233 5228 5230
f 644 492 482
f 482 492 810
f 482 810 644
f 655 574 492
f 492 574 668
f 741 492 644
f 662 655 492
f 662 492 680
f 492 668 805
f 680 492 685
f 685 492 686
f 686 492 694
f 694 492 741
f 805 810 492
f 603 574 655
f 668 574 603
f 668 603 607
f 603 1448 607
f 603 655 1448
f 746 668 607
f 607 797 746
f 936 797 607
f 936 607 1472
f 607 1448 1472
f 1412 741 644
f 810 1412 644
f 655 662 1391
f 1448 655 1391
f 1391 662 680
f 668 746 805
f 1253 680 685
f 1344 680 1253
f 1391 680 1344
f 685 686 1147
f 685 1147 1253
f 688 686 694
f 686 688 1146
f 686 1146 1147
f 688 694 1139
f 688 1139 1146
f 720 694 727
f 1139 694 720
f 727 694 758
f 694 741 758
f 720 727 1109
f 1139 720 1109
f 727 758 1000
f 727 1000 1097
f 727 1097 1109
f 758 741 761
f 741 937 761
f 937 741 1000
f 1000 741 1172
f 1412 1172 741
f 805 746 797
f 761 937 758
f 758 937 1000
f 805 797 936
f 805 1113 810
f 805 936 1209
f 1209 1113 805
f 810 1113 1412
f 1209 936 997
f 997 936 1472
f 1085 1209 997
f 997 1523 1085
f 997 1472 1523
f 1094 1097 1000
f 1094 1000 1172
f 1085 1136 1209
f 1136 1085 1528
f 1085 1523 1528
f 1094 1172 1097
f 1109 1097 1139
f 1097 1172 1139
f 1209 1315 1113
f 1113 1315 1594
f 1594 1412 1113
f 1136 1160 1209
f 1136 1521 1160
f 1136 1528 1521
f 1139 1172 1146
f 1146 1172 1147
f 1147 1172 1248
f 1253 1147 1248
f 1209 1160 1200
f 1160 1521 1200
f 1253 1248 1172
f 1344 1253 1172
f 1353 1344 1172
f 1357 1353 1172
f 1357 1172 1594
f 1172 1412 1594
f 1209 1200 1232
f 1200 1521 1232
f 1209 1232 1260
f 1209 1260 1268
f 1209 1268 1271
f 1209 1271 1275
f 1209 1275 1277
f 1209 1277 1315
f 1260 1232 1507
f 1232 1521 1507
f 1268 1260 1507
f 1268 1489 1271
f 1489 1268 1507
f 1475 1275 1271
f 1477 1475 1271
f 1271 1489 1477
f 1469 1277 1275
f 1469 1275 1475
f 1315 1277 1329
f 1329 1277 1400
f 1400 1277 1469
f 1329 1346 1315
f 1346 1361 1315
f 1315 1361 1386
f 1315 1386 1400
f 1315 1400 1469
f 1315 1469 1481
f 1315 1481 1594
f 1346 1329 1386
f 1329 1400 1386
f 1353 1357 1344
f 1357 1391 1344
f 1346 1386 1361
f 1357 1594 1391
f 1391 1594 1448
f 1448 1594 1472
f 1481 1469 1475
f 1472 1594 1523
f 1477 1481 1475
f 1477 1489 1481
f 1481 1489 1594
f 1489 1507 1594
f 1507 1521 1594
f 1521 1528 1594
f 1528 1523 1533
f 1523 1594 1533
f 1528 1533 1594
f 710 994 634
f 710 634 1311
f 994 1088 634
f 634 1088 1311
f 674 679 657
f 674 657 710
f 710 657 679
f 674 692 679
f 692 674 710
f 679 692 715
f 710 679 715
f 692 702 715
f 702 692 719
f 692 710 719
f 702 782 715
f 702 719 782
f 710 715 994
f 719 710 745
f 710 1002 745
f 1311 1002 710
f 715 782 783
f 715 783 994
f 719 745 793
f 719 793 782
f 745 823 793
f 745 1002 823
f 782 787 783
f 782 801 787
f 793 897 782
f 782 860 801
f 782 897 860
f 783 787 994
f 787 801 994
f 823 915 793
f 793 1058 897
f 1059 793 915
f 793 1059 1058
f 801 860 813
f 994 801 813
f 860 814 813
f 813 814 994
f 814 860 817
f 994 814 817
f 817 840 843
f 860 840 817
f 994 817 843
f 865 915 823
f 823 1002 865
f 843 836 838
f 836 994 838
f 840 839 836
f 839 994 836
f 840 836 843
f 994 843 838
f 840 841 839
f 841 994 839
f 887 841 840
f 860 887 840
f 887 882 841
f 882 911 841
f 911 994 841
f 860 941 887
f 897 956 860
f 860 956 941
f 865 1002 915
f 887 886 882
f 886 911 882
f 887 911 886
f 911 887 940
f 887 941 940
f 897 1029 956
f 1031 1029 897
f 1058 1031 897
f 911 940 953
f 911 953 974
f 911 974 994
f 915 1002 981
f 1059 915 981
f 940 941 942
f 953 940 942
f 941 944 942
f 941 949 944
f 941 950 949
f 941 952 950
f 941 953 952
f 956 953 941
f 952 942 944
f 953 942 952
f 944 949 950
f 952 944 950
f 956 974 953
f 956 993 974
f 956 995 993
f 996 995 956
f 1029 996 956
f 995 974 993
f 994 974 995
f 1002 1087 981
f 1059 981 1087
f 994 995 996
f 994 996 1029
f 994 1029 1311
f 1311 1088 994
f 1311 1087 1002
f 1311 1029 1031
f 1031 1058 1311
f 1058 1059 1311
f 1059 1087 1311
f 4118 4217 4185
f 4118 4185 4504
f 4504 4217 4118
f 4185 4188 4275
f 4185 4324 4188
f 4692 4185 4217
f 4185 4275 4374
f 4185 4452 4324
f 4185 4374 4504
f 4692 4452 4185
f 4275 4188 4324
f 4692 4217 4504
f 4374 4275 4324
f 4374 4324 4452
f 4502 4374 4452
f 4374 4502 4504
f 4452 4482 4661
f 4692 4482 4452
f 4502 4452 4602
f 4602 4452 4640
f 4640 4452 4661
f 4661 4482 4649
f 4692 4649 4482
f 4504 4502 4602
f 4504 4602 4640
f 4504 4640 4692
f 4640 4661 4692
f 4661 4649 4676
f 4676 4649 4692
f 4661 4676 4692
f 1254 1198 1257
f 1342 1198 1254
f 1257 1198 1379
f 1379 1198 1342
f 1257 1342 1254
f 1257 1379 1342
f 1288 1088 1412
f 1756 1088 1288
f 1412 1088 1756
f 1288 1273 1300
f 1288 1415 1273
f 1300 1273 1415
f 1288 1300 1430
f 1288 1412 1854
f 1288 1538 1415
f 1288 1430 1548
f 1854 1538 1288
f 1288 1548 1756
f 1430 1300 1415
f 1854 1412 1756
f 1415 1538 1430
f 1548 1430 1538
f 1732 1548 1538
f 1731 1732 1538
f 1854 1731 1538
f 1732 1756 1548
f 1777 1732 1731
f 1802 1777 1731
f 1802 1731 1853
f 1854 1853 1731
f 1756 1732 1777
f 1756 1777 1854
f 1854 1777 1802
f 1854 1802 1853
f 2400 2357 2168
f 2488 2168 2357
f 2400 2168 3028
f 2807 2168 2488
f 3028 2168 2807
f 2294 2321 2319
f 2319 2366 2294
f 2321 2294 2336
f 2294 2363 2336
f 2294 2366 2363
f 2319 2357 2310
f 2310 2418 2319
f 2310 2355 2362
f 2380 2355 2310
f 2310 2357 2400
f 2372 2310 2362
f 2389 2310 2372
f 2394 2380 2310
f 2310 2389 2395
f 2413 2394 2310
f 2395 2396 2310
f 2396 2397 2310
f 2397 2401 2310
f 2310 2400 2513
f 2401 2403 2310
f 2310 2403 2407
f 2310 2407 2410
f 2310 2410 2414
f 2434 2413 2310
f 2310 2414 2418
f 2450 2434 2310
f 2460 2450 2310
f 2462 2460 2310
f 2469 2462 2310
f 2513 2469 2310
f 2319 2321 2331
f 2319 2331 2357
f 2369 2366 2319
f 2388 2369 2319
f 2391 2388 2319
f 2319 2458 2391
f 2319 2415 2399
f 2399 2461 2319
f 2319 2417 2415
f 2319 2423 2417
f 2418 2421 2319
f 2421 2424 2319
f 2319 2424 2423
f 2319 2494 2458
f 2461 2506 2319
f 2696 2494 2319
f 2506 2519 2319
f 2519 2543 2319
f 2543 2597 2319
f 2597 2643 2319
f 2643 2704 2319
f 2696 2319 2864
f 2704 2864 2319
f 2331 2321 2494
f 2321 2336 2391
f 2458 2321 2391
f 2494 2321 2458
f 2359 2357 2331
f 2359 2331 2494
f 2336 2363 2388
f 2336 2388 2391
f 2362 2355 2380
f 2359 2430 2357
f 2430 2393 2357
f 2357 2393 2488
f 2430 2359 2645
f 2359 2494 2645
f 2372 2362 2669
f 2380 2637 2362
f 2669 2362 2637
f 2363 2366 2369
f 2388 2363 2369
f 2372 2688 2389
f 2673 2372 2669
f 2372 2673 2688
f 2380 2394 2622
f 2380 2622 2637
f 2389 2746 2395
f 2389 2688 2746
f 2451 2393 2430
f 2488 2393 2451
f 2394 2413 2614
f 2394 2614 2622
f 2396 2395 2746
f 2396 2752 2397
f 2396 2746 2760
f 2396 2760 2752
f 2741 2401 2397
f 2741 2397 2752
f 2461 2399 2415
f 2513 2400 2864
f 2864 2400 3028
f 2407 2403 2401
f 2407 2401 2734
f 2401 2741 2734
f 2724 2410 2407
f 2724 2407 2734
f 2715 2414 2410
f 2715 2410 2724
f 2587 2413 2434
f 2614 2413 2587
f 2418 2414 2643
f 2643 2414 2715
f 2415 2417 2461
f 2417 2423 2506
f 2417 2506 2461
f 2421 2418 2597
f 2597 2418 2643
f 2424 2421 2543
f 2421 2597 2543
f 2424 2543 2423
f 2506 2423 2519
f 2519 2423 2543
f 2425 2427 2488
f 2538 2427 2425
f 2488 2455 2425
f 2455 2538 2425
f 2488 2427 2538
f 2451 2430 2756
f 2430 2645 2756
f 2434 2450 2562
f 2434 2562 2587
f 2450 2460 2540
f 2450 2540 2562
f 2488 2451 2455
f 2455 2451 2865
f 2828 2451 2756
f 2924 2451 2828
f 2924 2865 2451
f 2865 2538 2455
f 2541 2460 2462
f 2460 2541 2540
f 2462 2469 2542
f 2541 2462 2542
f 2474 2483 2469
f 2513 2474 2469
f 2542 2469 2483
f 2474 2475 2483
f 2513 2475 2474
f 2476 2483 2475
f 2513 2476 2475
f 2483 2476 2479
f 2513 2479 2476
f 2483 2479 2528
f 2513 2528 2479
f 2533 2483 2528
f 2546 2483 2533
f 2542 2483 2546
f 2538 2646 2488
f 2646 2807 2488
f 2696 2645 2494
f 2513 2533 2528
f 2513 2547 2533
f 2513 2540 2541
f 2513 2864 2540
f 2513 2541 2542
f 2513 2542 2546
f 2513 2546 2547
f 2547 2546 2533
f 2646 2538 2865
f 2540 2864 2562
f 2562 2864 2587
f 2587 2864 2614
f 2614 2864 2622
f 2622 2864 2637
f 2669 2637 2673
f 2637 2864 2673
f 2704 2643 2715
f 2756 2645 2696
f 2836 2807 2646
f 2836 2646 2865
f 2688 2673 2864
f 2746 2688 2864
f 2696 2828 2756
f 2696 2960 2828
f 2864 3028 2696
f 3028 2960 2696
f 2704 2715 2864
f 2715 2724 2864
f 2724 2734 2864
f 2864 2734 2741
f 2864 2741 2752
f 2760 2746 2768
f 2768 2746 2864
f 2752 2760 2864
f 2760 2768 2864
f 2807 2836 2992
f 3028 2807 2992
f 2924 2828 2964
f 2964 2828 2960
f 2836 2865 2992
f 2865 2924 2992
f 2924 2964 3006
f 2924 3006 2992
f 2977 2964 2960
f 3028 2977 2960
f 2964 2977 2992
f 2992 3006 2964
f 2992 2977 3028
f 3546 3498 3480
f 3480 3498 3660
f 3550 3546 3480
f 3572 3550 3480
f 3572 3480 3702
f 3480 3660 3842
f 3480 3687 3702
f 3480 4217 3687
f 3694 3480 3842
f 3694 4217 3480
f 3498 3546 3660
f 3550 3748 3546
f 3546 3748 3660
f 3572 3615 3550
f 3615 3747 3550
f 3550 3747 3748
f 3615 3572 3702
f 3644 3615 3702
f 3644 3717 3615
f 3717 3747 3615
f 3668 3644 3702
f 3668 3714 3644
f 3644 3714 3717
f 3775 3660 3748
f 3842 3660 3775
f 3681 3668 3702
f 3668 3681 3713
f 3668 3713 3714
f 3702 3700 3681
f 3681 3700 3709
f 3713 3681 3709
f 3702 3687 3842
f 3687 4217 3842
f 3842 4217 3694
f 3733 3700 3702
f 3709 3700 3733
f 3713 3709 3702
f 3702 3709 3733
f 3702 3714 3713
f 3842 3714 3702
f 3842 3717 3714
f 3842 3747 3717
f 3842 3748 3747
f 3842 3775 3748
f 2787 2791 2795
f 2851 2791 2787
f 2851 2787 2795
f 2921 2795 2791
f 2851 2805 2791
f 2805 2902 2791
f 2902 2921 2791
f 2898 2795 2798
f 2795 2952 2798
f 2851 2795 2898
f 2921 2945 2795
f 2945 2952 2795
f 2804 2798 2800
f 2956 2800 2798
f 2898 2798 2804
f 2952 2956 2798
f 2800 2958 2804
f 2956 2958 2800
f 2803 2802 2814
f 2803 2951 2802
f 2814 2802 2951
f 2804 2803 2898
f 2804 2955 2803
f 2803 2814 2898
f 2803 2955 2951
f 2804 2958 2955
f 2851 2902 2805
f 2814 2824 2898
f 2824 2814 2943
f 2943 2814 2951
f 2898 2824 2834
f 2936 2834 2824
f 2824 2943 2936
f 2868 2843 2834
f 2898 2834 2843
f 2834 2931 2868
f 2931 2834 2933
f 2933 2834 2936
f 2868 2898 2843
f 2898 2945 2851
f 2921 2902 2851
f 2945 2921 2851
f 2892 2898 2868
f 2868 2929 2892
f 2868 2931 2929
f 2891 2880 2898
f 2915 2880 2891
f 2898 2880 2915
f 2892 2891 2898
f 2892 2928 2891
f 2928 2915 2891
f 2892 2929 2928
f 2915 2926 2898
f 2898 2926 2928
f 2898 2928 2929
f 2898 2929 2931
f 2898 2931 2933
f 2898 2933 2936
f 2898 2936 2943
f 2898 2943 2955
f 2898 2956 2945
f 2898 2955 2956
f 2926 2915 2928
f 2955 2943 2951
f 2952 2945 2956
f 2956 2955 2958
f 54 41 56
f 41 54 485
f 56 41 485
f 54 56 60
f 67 54 60
f 485 54 67
f 84 56 57
f 57 56 485
f 84 60 56
f 485 84 57
f 84 67 60
f 82 79 67
f 644 67 79
f 82 67 84
f 485 67 644
f 127 79 82
f 644 79 127
f 82 84 102
f 127 82 102
f 102 84 85
f 485 85 84
f 101 102 85
f 120 101 85
f 485 120 85
f 101 127 102
f 120 127 101
f 120 119 127
f 131 119 120
f 126 119 125
f 119 135 125
f 127 119 126
f 119 131 136
f 119 136 135
f 485 131 120
f 135 126 125
f 644 127 126
f 460 126 135
f 644 126 460
f 723 136 131
f 131 485 723
f 136 146 135
f 135 146 161
f 135 161 460
f 136 148 146
f 136 170 148
f 136 187 170
f 723 187 136
f 148 172 146
f 146 172 161
f 170 172 148
f 182 161 172
f 460 161 182
f 170 182 172
f 170 194 182
f 170 187 194
f 182 194 205
f 460 182 205
f 194 187 723
f 205 194 460
f 460 194 723
f 460 723 644
f 723 485 644
f 911 940 938
f 994 911 938
f 911 953 940
f 911 974 953
f 994 974 911
f 938 940 943
f 946 938 943
f 994 938 946
f 940 942 943
f 940 953 942
f 942 946 943
f 944 946 942
f 942 952 944
f 942 953 952
f 944 1026 946
f 944 950 949
f 949 1026 944
f 944 952 950
f 994 946 1025
f 946 1026 1025
f 949 950 1026
f 950 952 1108
f 950 1108 1026
f 952 953 1140
f 1108 952 1140
f 974 1078 953
f 1078 1141 953
f 1140 953 1141
f 994 1078 974
f 994 1025 1027
f 994 1027 1095
f 1082 1078 994
f 994 1084 1082
f 994 1098 1084
f 994 1095 1107
f 994 1311 1098
f 1108 994 1107
f 1140 994 1108
f 1141 994 1140
f 994 1141 1151
f 994 1151 1562
f 994 1562 1311
f 1026 1027 1025
f 1026 1107 1027
f 1108 1107 1026
f 1107 1095 1027
f 1082 1081 1078
f 1078 1081 1141
f 1081 1082 1437
f 1141 1081 1151
f 1081 1437 1151
f 1084 1440 1082
f 1437 1082 1440
f 1098 1435 1084
f 1084 1435 1440
f 1311 1100 1098
f 1100 1421 1098
f 1098 1421 1435
f 1311 1128 1100
f 1128 1419 1100
f 1100 1419 1421
f 1311 1131 1128
f 1128 1131 1392
f 1128 1392 1419
f 1189 1298 1131
f 1311 1189 1131
f 1298 1388 1131
f 1392 1131 1388
f 1151 1437 1433
f 1562 1151 1433
f 1311 1298 1189
f 1562 1298 1311
f 1562 1388 1298
f 1562 1392 1388
f 1562 1419 1392
f 1562 1421 1419
f 1562 1435 1421
f 1562 1433 1437
f 1562 1440 1435
f 1562 1437 1440
f 856 644 708
f 708 644 1012
f 856 1288 644
f 644 1412 1012
f 1288 1412 644
f 708 730 781
f 708 864 730
f 708 781 856
f 1012 864 708
f 864 781 730
f 912 856 781
f 864 912 781
f 1048 856 912
f 1048 1171 856
f 1171 1288 856
f 980 912 864
f 1012 980 864
f 980 1048 912
f 1080 980 1012
f 980 1080 1048
f 1292 1080 1012
f 1012 1412 1292
f 1171 1048 1080
f 1171 1080 1273
f 1273 1080 1239
f 1292 1239 1080
f 1273 1288 1171
f 1273 1239 1282
f 1282 1239 1318
f 1292 1318 1239
f 1288 1273 1282
f 1288 1282 1292
f 1292 1282 1318
f 1412 1288 1292
f 4504 4444 4435
f 4435 4444 4510
f 4504 4435 4510
f 4444 4472 4454
f 4444 4454 4904
f 4504 4472 4444
f 4510 4444 4904
f 4454 4472 4909
f 4454 4909 4904
f 4504 4486 4472
f 4486 4919 4472
f 4909 4472 4910
f 4472 4919 4910
f 4486 4545 4500
f 4486 4500 4919
f 4486 4504 4545
f 4500 4545 4506
f 4506 4925 4500
f 4500 4925 4919
f 4502 4545 4504
f 4502 4504 4602
f 4502 4507 4529
f 4507 4502 4602
f 4502 4529 4535
f 4502 4535 4539
f 4502 4539 4545
f 4504 4510 4603
f 4640 4602 4504
f 4504 4603 4604
f 4629 4504 4604
f 4634 4504 4629
f 4643 4504 4634
f 4504 4692 4640
f 4647 4504 4643
f 4650 4504 4647
f 4650 4692 4504
f 4506 4526 4519
f 4519 4962 4506
f 4506 4527 4526
f 4506 4530 4527
f 4506 4545 4530
f 4962 4925 4506
f 4507 4509 4525
f 4509 4507 4963
f 4507 4525 4529
f 4507 4602 4963
f 4525 4509 4965
f 4509 4963 4965
f 4510 4900 4603
f 4510 4904 4900
f 4526 4970 4519
f 4519 4970 4962
f 4529 4525 4980
f 4525 4965 4966
f 4525 4966 4980
f 4983 4526 4527
f 4526 4983 4970
f 4530 4984 4527
f 4984 4983 4527
f 4535 4529 4991
f 4991 4529 4980
f 4545 4985 4530
f 4530 4985 4984
f 4535 4994 4539
f 4535 4991 4994
f 4539 4993 4545
f 4994 4993 4539
f 4545 4993 4985
f 4640 4963 4602
f 4603 4893 4604
f 4895 4893 4603
f 4900 4895 4603
f 4604 4893 4629
f 4890 4634 4629
f 4893 4890 4629
f 4643 4634 4865
f 4634 4888 4865
f 4890 4888 4634
f 4640 4692 4661
f 4964 4640 4661
f 4964 4963 4640
f 4647 4643 4659
f 4643 4823 4659
f 4643 4865 4823
f 4650 4647 4659
f 4676 4649 4685
f 4649 4676 4692
f 4685 4649 4692
f 4650 4659 4664
f 4693 4650 4664
f 4894 4692 4650
f 4693 4786 4650
f 4786 4821 4650
f 4650 4821 4894
f 4659 4786 4664
f 4786 4659 4821
f 4659 4823 4821
f 4661 4692 4676
f 4661 4676 4817
f 4896 4661 4817
f 4914 4661 4896
f 4960 4661 4914
f 4964 4661 4960
f 4693 4664 4691
f 4664 4696 4691
f 4786 4696 4664
f 4676 4685 4817
f 4692 4817 4685
f 4691 4696 4693
f 4817 4692 4934
f 4692 4894 4934
f 4693 4696 4786
f 4896 4817 4934
f 4894 4821 4823
f 4894 4823 4865
f 4865 4888 4885
f 4865 4885 4894
f 4894 4885 4888
f 4893 4888 4890
f 4894 4888 4893
f 4894 4893 4895
f 4895 4926 4894
f 4926 4934 4894
f 4895 4900 4926
f 4934 4914 4896
f 4900 4904 4926
f 4909 4926 4904
f 4909 4910 4926
f 4926 4910 4919
f 4934 4959 4914
f 4958 4914 4959
f 4958 4960 4914
f 4926 4919 4925
f 4926 4925 4935
f 4962 4935 4925
f 4926 4960 4934
f 4935 4982 4926
f 4926 4964 4960
f 4926 4963 4964
f 4926 4965 4963
f 4926 4966 4965
f 4982 4966 4926
f 4959 4934 4958
f 4960 4958 4934
f 4935 4962 4982
f 4962 4970 4982
f 4966 4991 4980
f 4982 4983 4966
f 4966 4983 4984
f 4966 4984 4985
f 4966 4985 4993
f 4966 4993 4991
f 4983 4982 4970
f 4991 4993 4994
f 3 10 2
f 2 18 3
f 10 31 2
f 16 18 2
f 2 31 16
f 17 10 3
f 18 17 3
f 24 10 17
f 63 10 24
f 30 31 10
f 506 30 10
f 80 10 63
f 506 10 80
f 16 72 18
f 31 32 16
f 32 482 16
f 16 163 72
f 482 163 16
f 25 17 18
f 24 17 25
f 18 72 25
f 25 72 24
f 72 63 24
f 36 31 30
f 30 37 36
f 506 37 30
f 32 31 36
f 482 32 36
f 36 37 53
f 482 36 53
f 64 37 38
f 506 38 37
f 53 37 64
f 38 61 64
f 61 38 506
f 53 64 482
f 79 61 62
f 62 61 506
f 64 61 70
f 78 70 61
f 78 61 81
f 81 61 79
f 62 506 79
f 94 63 72
f 92 80 63
f 92 63 94
f 64 70 482
f 70 78 115
f 70 115 644
f 70 644 482
f 163 94 72
f 78 81 103
f 78 103 104
f 78 104 115
f 79 115 81
f 644 115 79
f 506 644 79
f 209 80 92
f 506 80 209
f 81 115 103
f 92 94 163
f 92 163 209
f 103 115 104
f 209 163 306
f 306 163 482
f 209 306 307
f 307 506 209
f 408 307 306
f 408 306 404
f 404 306 482
f 402 307 408
f 506 307 402
f 402 408 441
f 402 441 438
f 506 402 438
f 408 404 482
f 441 408 482
f 438 441 487
f 452 438 503
f 506 438 452
f 503 438 487
f 487 441 482
f 503 506 452
f 575 487 482
f 575 482 708
f 482 644 708
f 503 487 589
f 487 575 589
f 587 506 503
f 503 589 587
f 623 506 587
f 708 506 623
f 708 644 506
f 589 575 708
f 623 587 589
f 623 589 673
f 673 589 708
f 687 623 673
f 687 708 623
f 687 673 689
f 689 673 708
f 687 689 695
f 687 695 708
f 695 689 708
f 1088 1781 1264
f 1875 1088 1264
f 1875 1781 1088
f 1307 1264 1319
f 1264 1307 1347
f 1325 1319 1264
f 1264 1372 1325
f 1264 1347 1358
f 1264 1358 1413
f 1264 1377 1372
f 1264 1382 1377
f 1264 1380 1382
f 1264 1572 1380
f 1264 1413 1539
f 1264 1539 1734
f 1583 1572 1264
f 1585 1583 1264
f 1590 1585 1264
f 1601 1590 1264
f 1264 1611 1601
f 1264 1634 1611
f 1264 1683 1634
f 1264 1693 1683
f 1264 1703 1693
f 1264 1738 1703
f 1264 1734 1875
f 1781 1738 1264
f 1347 1307 1319
f 1319 1325 1871
f 1347 1319 1870
f 1870 1319 1871
f 1351 1325 1352
f 1325 1351 1878
f 1352 1325 1372
f 1325 1878 1871
f 1347 1895 1358
f 1347 1870 1895
f 1351 1352 1887
f 1878 1351 1887
f 1352 1372 1364
f 1352 1364 1890
f 1352 1890 1887
f 1442 1413 1358
f 1442 1358 1913
f 1358 1895 1913
f 1364 1372 1909
f 1890 1364 1909
f 1377 1376 1372
f 1898 1372 1376
f 1909 1372 1898
f 1888 1376 1377
f 1888 1893 1376
f 1893 1898 1376
f 1382 1882 1377
f 1882 1888 1377
f 1380 1396 1382
f 1380 1572 1396
f 1396 1882 1382
f 1396 1572 1522
f 1522 1879 1396
f 1879 1882 1396
f 1498 1413 1442
f 1539 1413 1498
f 1498 1442 1468
f 1442 1956 1468
f 1956 1442 1913
f 1498 1468 1962
f 1468 1956 1962
f 1734 1539 1498
f 1734 1498 1970
f 1970 1498 1962
f 1572 1867 1522
f 1522 1867 1879
f 1572 1583 1861
f 1572 1861 1866
f 1572 1866 1867
f 1585 1858 1583
f 1583 1858 1861
f 1590 1858 1585
f 1601 1855 1590
f 1855 1858 1590
f 1601 1611 1848
f 1601 1848 1855
f 1611 1634 1844
f 1848 1611 1844
f 1683 1839 1634
f 1844 1634 1839
f 1683 1693 1830
f 1683 1830 1839
f 1703 1827 1693
f 1830 1693 1827
f 1706 1696 1712
f 1781 1696 1706
f 1781 1712 1696
f 1703 1738 1826
f 1703 1826 1827
f 1706 1712 1845
f 1781 1706 1717
f 1717 1706 1856
f 1706 1845 1860
f 1706 1860 1856
f 1781 1755 1712
f 1712 1755 1845
f 1781 1717 1727
f 1717 1842 1727
f 1717 1856 1842
f 1781 1727 1738
f 1738 1727 1821
f 1821 1727 1842
f 2002 1875 1734
f 1926 1734 1970
f 2002 1734 1926
f 1826 1738 1821
f 1755 1768 1762
f 1837 1755 1762
f 1755 1810 1768
f 1781 1810 1755
f 1845 1755 1837
f 1768 1832 1762
f 1832 1834 1762
f 1834 1837 1762
f 1768 1790 1783
f 1783 1829 1768
f 1768 1810 1790
f 1768 1829 1832
f 1834 1810 1781
f 1826 1821 1781
f 1781 1821 1842
f 1781 1827 1826
f 1830 1827 1781
f 1839 1830 1781
f 1837 1834 1781
f 1781 1845 1837
f 1844 1839 1781
f 1781 1842 1856
f 1848 1844 1781
f 1860 1845 1781
f 1881 1848 1781
f 1781 1856 1863
f 1863 1860 1781
f 1781 1875 1881
f 1790 1823 1783
f 1783 1823 1829
f 1810 1819 1790
f 1819 1823 1790
f 1810 1829 1819
f 1834 1829 1810
f 1819 1829 1823
f 1832 1829 1834
f 1881 1855 1848
f 1881 1858 1855
f 1856 1860 1863
f 1881 1861 1858
f 1881 1866 1861
f 1867 1866 1879
f 1879 1866 1888
f 1910 1866 1881
f 1866 1893 1888
f 1866 1898 1893
f 1866 1909 1898
f 1910 1909 1866
f 1881 1870 1871
f 2002 1870 1881
f 2002 1895 1870
f 1881 1871 1878
f 1881 1875 2002
f 1881 1878 1890
f 1890 1878 1887
f 1879 1888 1882
f 1910 1881 1890
f 1910 1890 1909
f 2002 1913 1895
f 2002 1956 1913
f 1972 1926 1970
f 1985 1926 1972
f 2002 1926 1985
f 2002 1962 1956
f 2002 1970 1962
f 2002 1972 1970
f 2002 1985 1972
f 5072 4833 5123
f 5072 5126 4833
f 4833 5126 5123
f 5123 5242 5072
f 5072 5248 5126
f 5072 5242 5248
f 5269 5123 5126
f 5123 5256 5242
f 5123 5271 5256
f 5269 5279 5123
f 5123 5281 5271
f 5291 5123 5279
f 5123 5295 5281
f 5295 5123 5291
f 5126 5248 5254
f 5254 5263 5126
f 5126 5263 5266
f 5126 5266 5269
f 5242 5256 5248
f 5256 5254 5248
f 5254 5256 5281
f 5254 5279 5263
f 5254 5281 5279
f 5256 5271 5281
f 5263 5269 5266
f 5263 5279 5269
f 5291 5279 5281
f 5295 5291 5281
f 1264 1412 1088
f 1088 1875 1264
f 1412 1875 1088
f 1639 1412 1264
f 1264 1539 1570
f 1734 1539 1264
f 1264 1570 1610
f 1264 1610 1618
f 1264 1618 1642
f 1264 1642 1639
f 1875 1734 1264
f 1999 1412 1639
f 1875 1412 1999
f 1734 1570 1539
f 1760 1610 1570
f 1570 1734 1926
f 1760 1570 2029
f 2029 1570 1926
f 1610 1760 1618
f 1618 1760 1642
f 1642 1653 1639
f 1653 1656 1639
f 1639 1656 1658
f 1639 1658 1661
f 1639 1661 1668
f 1639 1668 1670
f 1639 1670 1671
f 1671 1767 1639
f 1767 1774 1639
f 1999 1639 1774
f 1642 2017 1653
f 1642 1760 2017
f 1656 1653 2019
f 1653 2017 2019
f 1658 1656 2019
f 1661 1658 2024
f 1658 2019 2024
f 1668 1661 2027
f 2027 1661 2024
f 2035 1670 1668
f 1668 2027 2035
f 1670 1767 1671
f 1670 2037 1767
f 2037 1670 2035
f 1875 2002 1734
f 1734 2002 1926
f 1760 2012 2013
f 2012 1760 2029
f 1760 2013 2014
f 2017 1760 2014
f 1767 2015 1774
f 1767 2037 2015
f 1820 1999 1774
f 1774 2015 1820
f 1907 1820 1984
f 1907 1999 1820
f 2015 1984 1820
f 2002 1875 1999
f 1907 1915 1912
f 1912 1999 1907
f 1907 1984 1915
f 1912 1915 1999
f 1915 1984 1999
f 2002 1985 1926
f 2029 1926 1985
f 1984 2015 1999
f 2032 1985 2002
f 2032 2029 1985
f 1999 2017 2002
f 2015 2044 1999
f 1999 2019 2017
f 1999 2024 2019
f 1999 2027 2024
f 1999 2035 2027
f 1999 2037 2035
f 1999 2044 2037
f 2002 2013 2012
f 2012 2029 2002
f 2014 2013 2002
f 2002 2017 2014
f 2029 2032 2002
f 2037 2044 2015
f 3955 3964 3954
f 3955 3954 4061
f 3954 3964 4061
f 3955 3992 3964
f 3955 4013 3992
f 3955 4004 4020
f 3955 4229 4004
f 3955 4034 4013
f 3955 4015 4016
f 3955 4020 4015
f 3955 4016 4018
f 3955 4018 4028
f 3955 4028 4034
f 4061 4077 3955
f 4077 4085 3955
f 4085 4119 3955
f 4169 4102 3955
f 3955 4102 4229
f 4119 4123 3955
f 4123 4147 3955
f 4147 4151 3955
f 4151 4169 3955
f 3964 3992 4298
f 3964 4298 4061
f 3992 4013 4312
f 4298 3992 4312
f 4004 4008 4009
f 4008 4004 4056
f 4010 4004 4009
f 4023 4004 4010
f 4021 4020 4004
f 4004 4026 4021
f 4030 4004 4023
f 4004 4027 4026
f 4004 4031 4027
f 4030 4031 4004
f 4004 4229 4056
f 4008 4271 4009
f 4012 4008 4017
f 4012 4294 4008
f 4017 4008 4056
f 4294 4271 4008
f 4009 4271 4010
f 4270 4023 4010
f 4010 4271 4270
f 4017 4292 4012
f 4012 4292 4294
f 4322 4013 4034
f 4312 4013 4322
f 4016 4015 4020
f 4018 4016 4307
f 4301 4016 4020
f 4307 4016 4301
f 4017 4056 4290
f 4017 4290 4292
f 4018 4310 4028
f 4018 4307 4308
f 4018 4308 4310
f 4020 4021 4295
f 4301 4020 4295
f 4026 4281 4021
f 4021 4281 4295
f 4030 4023 4253
f 4270 4253 4023
f 4026 4027 4278
f 4026 4278 4281
f 4031 4268 4027
f 4027 4268 4278
f 4028 4322 4034
f 4028 4310 4332
f 4322 4028 4332
f 4033 4031 4030
f 4033 4030 4262
f 4262 4030 4253
f 4031 4033 4264
f 4031 4264 4268
f 4033 4262 4264
f 4056 4229 4080
f 4080 4277 4056
f 4056 4277 4290
f 4077 4061 4298
f 4085 4077 4249
f 4077 4298 4249
f 4229 4094 4080
f 4080 4094 4277
f 4085 4243 4119
f 4085 4249 4243
f 4229 4097 4094
f 4097 4263 4094
f 4263 4277 4094
f 4229 4106 4097
f 4097 4106 4260
f 4097 4260 4263
f 4229 4102 4169
f 4229 4113 4106
f 4106 4113 4286
f 4260 4106 4259
f 4259 4106 4286
f 4229 4116 4113
f 4116 4287 4113
f 4286 4113 4287
f 4229 4132 4116
f 4116 4132 4293
f 4116 4293 4287
f 4123 4119 4224
f 4119 4243 4224
f 4167 4147 4123
f 4167 4123 4221
f 4123 4224 4221
f 4229 4144 4132
f 4144 4331 4132
f 4293 4132 4331
f 4144 4145 4157
f 4229 4145 4144
f 4144 4157 4347
f 4144 4347 4331
f 4448 4157 4145
f 4448 4145 4229
f 4151 4147 4167
f 4167 4169 4151
f 4162 4351 4157
f 4448 4162 4157
f 4347 4157 4349
f 4349 4157 4351
f 4162 4202 4353
f 4448 4202 4162
f 4162 4353 4351
f 4214 4169 4167
f 4214 4167 4221
f 4169 4214 4221
f 4169 4221 4224
f 4169 4224 4243
f 4169 4343 4229
f 4169 4243 4249
f 4169 4249 4298
f 4169 4298 4312
f 4169 4312 4322
f 4169 4322 4339
f 4169 4339 4343
f 4202 4206 4378
f 4448 4206 4202
f 4353 4202 4378
f 4378 4206 4207
f 4207 4206 4448
f 4207 4211 4380
f 4211 4207 4448
f 4380 4378 4207
f 4382 4211 4222
f 4222 4211 4448
f 4380 4211 4382
f 4231 4276 4222
f 4231 4222 4448
f 4276 4383 4222
f 4382 4222 4383
f 4260 4259 4229
f 4229 4259 4286
f 4263 4260 4229
f 4277 4263 4229
f 4343 4277 4229
f 4229 4286 4287
f 4229 4287 4293
f 4229 4293 4331
f 4229 4331 4347
f 4229 4347 4349
f 4229 4349 4448
f 4231 4403 4276
f 4448 4403 4231
f 4253 4296 4262
f 4270 4296 4253
f 4262 4268 4264
f 4296 4268 4262
f 4296 4278 4268
f 4271 4296 4270
f 4294 4296 4271
f 4305 4387 4276
f 4276 4403 4305
f 4276 4387 4383
f 4290 4277 4294
f 4296 4294 4277
f 4343 4296 4277
f 4296 4281 4278
f 4296 4295 4281
f 4290 4294 4292
f 4296 4343 4295
f 4299 4301 4295
f 4343 4299 4295
f 4343 4301 4299
f 4343 4307 4301
f 4370 4390 4305
f 4305 4403 4370
f 4305 4390 4387
f 4343 4308 4307
f 4343 4310 4308
f 4343 4332 4310
f 4339 4322 4332
f 4343 4339 4332
f 4349 4351 4448
f 4351 4353 4448
f 4353 4378 4448
f 4377 4397 4370
f 4370 4403 4377
f 4370 4397 4390
f 4377 4400 4397
f 4403 4400 4377
f 4381 4378 4380
f 4378 4381 4448
f 4382 4381 4380
f 4448 4381 4382
f 4448 4382 4383
f 4387 4448 4383
f 4390 4448 4387
f 4448 4390 4397
f 4448 4397 4400
f 4448 4400 4403
f 2991 3303 3051
f 2991 3051 3357
f 3357 3303 2991
f 3037 3036 3010
f 3010 3036 3071
f 3039 3037 3010
f 3042 3039 3010
f 3044 3042 3010
f 3046 3044 3010
f 3046 3010 3056
f 3051 3090 3010
f 3315 3051 3010
f 3061 3056 3010
f 3061 3010 3064
f 3070 3064 3010
f 3070 3010 3072
f 3010 3071 3079
f 3072 3010 3075
f 3075 3010 3076
f 3010 3078 3076
f 3010 3085 3078
f 3159 3010 3079
f 3010 3088 3085
f 3010 3090 3088
f 3315 3010 3159
f 3036 3037 3071
f 3037 3039 3071
f 3039 3042 3159
f 3071 3039 3079
f 3079 3039 3159
f 3042 3044 3202
f 3159 3042 3202
f 3044 3046 3048
f 3044 3048 3217
f 3044 3217 3202
f 3056 3048 3046
f 3048 3056 3239
f 3217 3048 3239
f 3051 3092 3090
f 3051 3095 3092
f 3051 3098 3095
f 3051 3100 3098
f 3051 3106 3100
f 3051 3113 3106
f 3051 3115 3113
f 3051 3116 3115
f 3119 3116 3051
f 3130 3119 3051
f 3122 3131 3051
f 3051 3303 3122
f 3131 3130 3051
f 3315 3357 3051
f 3256 3056 3061
f 3239 3056 3256
f 3064 3273 3061
f 3273 3256 3061
f 3070 3313 3064
f 3064 3276 3273
f 3313 3276 3064
f 3072 3334 3070
f 3070 3334 3313
f 3075 3326 3072
f 3326 3329 3072
f 3072 3329 3334
f 3076 3319 3075
f 3319 3326 3075
f 3076 3078 3319
f 3078 3085 3323
f 3078 3323 3319
f 3088 3328 3085
f 3085 3328 3323
f 3090 3336 3088
f 3088 3336 3328
f 3090 3092 3338
f 3090 3338 3336
f 3338 3092 3095
f 3095 3098 3342
f 3338 3095 3342
f 3100 3343 3098
f 3342 3098 3343
f 3100 3106 3346
f 3100 3346 3343
f 3113 3355 3106
f 3346 3106 3349
f 3106 3355 3349
f 3113 3115 3372
f 3113 3372 3355
f 3372 3115 3116
f 3116 3119 3387
f 3387 3372 3116
f 3119 3130 3393
f 3119 3393 3387
f 3122 3133 3131
f 3122 3135 3133
f 3122 3138 3135
f 3122 3140 3138
f 3122 3141 3140
f 3122 3143 3141
f 3122 3145 3143
f 3122 3147 3145
f 3122 3148 3147
f 3148 3122 3213
f 3122 3252 3213
f 3122 3303 3252
f 3130 3131 3405
f 3130 3405 3393
f 3405 3131 3133
f 3133 3135 3408
f 3405 3133 3408
f 3135 3138 3406
f 3410 3135 3406
f 3408 3135 3410
f 3398 3138 3140
f 3398 3406 3138
f 3141 3143 3140
f 3143 3395 3140
f 3140 3395 3398
f 3384 3143 3145
f 3384 3395 3143
f 3147 3379 3145
f 3145 3379 3384
f 3148 3213 3147
f 3213 3379 3147
f 3198 3159 3202
f 3315 3159 3198
f 3202 3217 3198
f 3217 3256 3198
f 3256 3276 3198
f 3276 3315 3198
f 3252 3332 3213
f 3332 3375 3213
f 3213 3375 3379
f 3217 3239 3256
f 3252 3303 3301
f 3252 3301 3307
f 3252 3307 3327
f 3327 3332 3252
f 3256 3273 3276
f 3313 3315 3276
f 3301 3303 3316
f 3307 3301 3316
f 3324 3316 3303
f 3332 3324 3303
f 3332 3303 3357
f 3317 3307 3316
f 3307 3317 3318
f 3318 3322 3307
f 3307 3322 3327
f 3340 3315 3313
f 3334 3340 3313
f 3319 3323 3315
f 3319 3315 3340
f 3323 3328 3315
f 3328 3330 3315
f 3315 3330 3357
f 3322 3317 3316
f 3324 3322 3316
f 3318 3317 3322
f 3326 3319 3329
f 3329 3319 3340
f 3324 3327 3322
f 3332 3327 3324
f 3336 3330 3328
f 3329 3340 3334
f 3357 3330 3336
f 3357 3375 3332
f 3357 3336 3338
f 3338 3342 3357
f 3342 3343 3357
f 3343 3346 3357
f 3346 3349 3357
f 3357 3349 3355
f 3372 3357 3355
f 3357 3372 3385
f 3357 3411 3375
f 3357 3385 3387
f 3357 3387 3393
f 3357 3393 3405
f 3357 3405 3408
f 3357 3408 3411
f 3385 3372 3387
f 3384 3379 3375
f 3398 3384 3375
f 3398 3375 3406
f 3406 3375 3410
f 3375 3411 3410
f 3395 3384 3398
f 3411 3408 3410
f 5089 4653 5028
f 5028 4653 5123
f 5123 4653 5089
f 5397 5089 5028
f 5123 5374 5028
f 5028 5374 5398
f 5028 5398 5397
f 5089 5341 5123
f 5089 5349 5341
f 5089 5384 5349
f 5382 5384 5089
f 5382 5089 5397
f 5123 5295 5311
f 5123 5313 5295
f 5309 5313 5123
f 5328 5309 5123
f 5123 5311 5322
f 5123 5322 5337
f 5123 5338 5328
f 5123 5337 5350
f 5123 5341 5338
f 5123 5350 5374
f 5297 5295 5296
f 5295 5313 5296
f 5311 5295 5297
f 5320 5297 5296
f 5296 5313 5321
f 5321 5320 5296
f 5308 5311 5297
f 5308 5297 5320
f 5311 5308 5309
f 5308 5313 5309
f 5308 5321 5313
f 5308 5320 5321
f 5309 5322 5311
f 5328 5322 5309
f 5328 5337 5322
f 5338 5337 5328
f 5338 5350 5337
f 5338 5341 5349
f 5349 5350 5338
f 5359 5350 5349
f 5361 5359 5349
f 5361 5349 5384
f 5374 5350 5359
f 5361 5374 5359
f 5373 5375 5361
f 5361 5384 5373
f 5361 5375 5374
f 5373 5382 5375
f 5373 5384 5382
f 5398 5374 5375
f 5382 5397 5375
f 5397 5398 5375
f 1218 1316 1397
f 1316 1218 1454
f 1454 1218 1397
f 1454 1461 1304
f 1454 1304 1547
f 1304 1461 1547
f 1381 1316 1454
f 1316 1381 1550
f 1316 1524 1397
f 1316 1550 1524
f 1454 1410 1381
f 1550 1381 1410
f 1454 1397 1524
f 1422 1504 1410
f 1410 1562 1422
f 1454 1562 1410
f 1410 1504 1518
f 1518 1563 1410
f 1550 1410 1563
f 1425 1487 1422
f 1422 1562 1425
f 1422 1487 1504
f 1433 1487 1425
f 1425 1562 1433
f 1433 1562 1487
f 1461 1454 1678
f 1524 1550 1454
f 1454 1547 1579
f 1550 1643 1454
f 1454 1586 1562
f 1454 1579 1582
f 1454 1582 1586
f 1973 1454 1643
f 1454 1973 1678
f 1678 1547 1461
f 1487 1562 1504
f 1504 1562 1518
f 1562 1692 1518
f 1518 1692 1563
f 1579 1547 1609
f 1609 1547 1678
f 1643 1550 1563
f 1586 1597 1562
f 1597 1609 1562
f 1609 1744 1562
f 1692 1562 1805
f 1744 1973 1562
f 1562 1973 1805
f 1643 1563 1692
f 1597 1582 1579
f 1597 1579 1609
f 1586 1582 1597
f 1744 1609 1678
f 1643 1692 1805
f 1973 1643 1805
f 1744 1678 1811
f 1678 1973 1811
f 1973 1744 1811
f 3303 2991 3163
f 3163 2991 3447
f 3447 2991 3303
f 3163 3242 3244
f 3163 3264 3242
f 3163 3244 3262
f 3163 3262 3266
f 3163 3265 3264
f 3163 3267 3265
f 3163 3266 3269
f 3447 3267 3163
f 3163 3269 3274
f 3303 3163 3274
f 3242 3264 3244
f 3244 3435 3262
f 3378 3244 3264
f 3378 3435 3244
f 3266 3262 3443
f 3435 3443 3262
f 3265 3378 3264
f 3265 3267 3378
f 3266 3449 3269
f 3266 3443 3449
f 3267 3377 3378
f 3447 3377 3267
f 3269 3440 3274
f 3451 3440 3269
f 3449 3451 3269
f 3303 3274 3285
f 3274 3440 3285
f 3303 3285 3298
f 3441 3298 3285
f 3440 3441 3285
f 3298 3308 3303
f 3314 3308 3298
f 3314 3298 3442
f 3441 3442 3298
f 3455 3303 3308
f 3440 3303 3441
f 3447 3303 3440
f 3441 3303 3442
f 3442 3303 3455
f 3314 3331 3308
f 3331 3455 3308
f 3314 3453 3331
f 3314 3442 3453
f 3353 3391 3331
f 3331 3450 3353
f 3455 3331 3391
f 3453 3450 3331
f 3353 3363 3391
f 3353 3444 3363
f 3353 3450 3444
f 3363 3438 3391
f 3444 3438 3363
f 3377 3400 3378
f 3431 3400 3377
f 3431 3377 3447
f 3400 3402 3378
f 3378 3402 3404
f 3378 3404 3435
f 3391 3436 3429
f 3391 3429 3455
f 3391 3438 3436
f 3400 3404 3402
f 3431 3404 3400
f 3435 3404 3431
f 3455 3429 3436
f 3435 3431 3447
f 3443 3435 3447
f 3444 3436 3438
f 3450 3436 3444
f 3455 3436 3450
f 3452 3447 3440
f 3451 3452 3440
f 3453 3442 3454
f 3454 3442 3455
f 3449 3443 3447
f 3451 3449 3447
f 3452 3451 3447
f 3454 3450 3453
f 3455 3450 3454
f 4886 5051 4953
f 4953 5052 4886
f 4886 5023 4997
f 4886 4997 5025
f 5026 5023 4886
f 4886 5025 5034
f 4886 5030 5026
f 4886 5052 5030
f 4886 5034 5051
f 5051 5062 4953
f 4953 5063 5052
f 5062 5073 4953
f 5083 5063 4953
f 4953 5073 5082
f 4953 5082 5147
f 5118 5083 4953
f 5144 5118 4953
f 5153 5144 4953
f 4953 5147 5152
f 4953 5152 5160
f 5161 5153 4953
f 4953 5160 5163
f 5162 5161 4953
f 4953 5170 5162
f 4953 5163 5190
f 4953 5187 5170
f 4953 5192 5187
f 5190 5192 4953
f 5005 4997 5004
f 4997 5023 5004
f 5019 4997 5005
f 5025 4997 5019
f 5011 5005 5004
f 5010 5011 5004
f 5004 5023 5010
f 5019 5005 5011
f 5010 5019 5011
f 5010 5026 5019
f 5023 5026 5010
f 5019 5034 5025
f 5026 5030 5019
f 5019 5030 5034
f 5030 5052 5034
f 5034 5052 5051
f 5056 5051 5052
f 5062 5051 5056
f 5052 5063 5056
f 5056 5082 5062
f 5063 5082 5056
f 5062 5082 5073
f 5063 5083 5082
f 5121 5082 5083
f 5147 5082 5121
f 5118 5121 5083
f 5132 5121 5118
f 5131 5132 5118
f 5144 5131 5118
f 5147 5121 5132
f 5131 5147 5132
f 5131 5144 5147
f 5144 5152 5147
f 5144 5153 5152
f 5160 5152 5153
f 5161 5160 5153
f 5161 5169 5160
f 5160 5169 5163
f 5161 5162 5169
f 5162 5170 5169
f 5189 5163 5169
f 5190 5163 5189
f 5169 5170 5189
f 5170 5187 5189
f 5187 5190 5189
f 5192 5190 5187
f 3904 3673 3576
f 3955 3576 3673
f 3694 4117 3576
f 3694 3576 4229
f 3576 4117 3904
f 4102 3576 3955
f 4229 3576 4102
f 3673 3704 3692
f 3692 3800 3673
f 3673 3719 3704
f 3720 3719 3673
f 3722 3720 3673
f 3673 3745 3722
f 3673 3750 3745
f 3673 3769 3750
f 3673 3827 3769
f 3796 3673 3797
f 3955 3673 3796
f 3802 3797 3673
f 3807 3673 3800
f 3803 3802 3673
f 3803 3673 3809
f 3811 3673 3807
f 3809 3673 3811
f 3673 3904 3827
f 3695 3692 3704
f 3692 3695 3710
f 3692 3710 3742
f 3692 3742 3756
f 3692 3756 3799
f 3692 3799 3800
f 4229 4117 3694
f 3695 3704 4017
f 3695 3705 3710
f 3695 4017 3705
f 3719 4056 3704
f 3704 4056 4017
f 3705 4012 3710
f 4017 4012 3705
f 4008 3742 3710
f 4012 4008 3710
f 3719 3720 4056
f 3722 4094 3720
f 4056 3720 4094
f 3722 3745 4097
f 3722 4097 4094
f 3742 4009 3756
f 4008 4004 3742
f 4004 4009 3742
f 3745 3750 4106
f 4097 3745 4106
f 3769 4113 3750
f 4106 3750 4113
f 4010 3799 3756
f 4009 4010 3756
f 3769 3827 4116
f 3769 4116 4113
f 3814 3796 3797
f 3814 3955 3796
f 3797 3802 4021
f 4021 3814 3797
f 4023 3800 3799
f 4010 4023 3799
f 4023 3807 3800
f 3802 3803 4026
f 4021 3802 4026
f 3803 3809 4027
f 4026 3803 4027
f 3811 3807 4030
f 4030 3807 4023
f 3809 3811 4031
f 3809 4031 4027
f 3811 4030 4033
f 4031 3811 4033
f 3852 3955 3814
f 3814 4020 3852
f 4020 3814 4021
f 3827 3904 3866
f 3866 4132 3827
f 4116 3827 4132
f 3854 3849 3851
f 3904 3851 3849
f 3904 3849 3854
f 4207 3854 3851
f 3904 3892 3851
f 4211 3851 3892
f 4207 3851 4211
f 3869 3955 3852
f 3869 3852 4016
f 3852 4015 4016
f 3852 4020 4015
f 3904 3854 3857
f 3857 3854 4202
f 4207 4202 3854
f 3904 3857 3872
f 3872 3857 4162
f 3857 4202 4162
f 3904 3878 3866
f 3866 3878 4144
f 3866 4144 4132
f 3893 3955 3869
f 3869 4018 3893
f 3869 4016 4018
f 3904 3872 3875
f 3872 4157 3875
f 3872 4162 4157
f 3904 3875 3878
f 4144 3878 3875
f 4145 4144 3875
f 4145 3875 4157
f 3904 3922 3892
f 3922 3929 3892
f 3929 4222 3892
f 4222 4211 3892
f 3896 3955 3893
f 3893 4028 3896
f 3893 4018 4028
f 3955 3896 3925
f 4028 3925 3896
f 4019 3922 3904
f 4019 3904 4108
f 4156 4108 3904
f 4117 4156 3904
f 4019 3929 3922
f 3955 3925 3936
f 3936 3925 3992
f 3992 3925 4013
f 4013 3925 4028
f 4019 3946 3929
f 3946 4276 3929
f 3929 4231 4222
f 4276 4231 3929
f 3955 3936 3950
f 3950 3936 3964
f 3964 3936 3992
f 4019 3990 3946
f 3990 4305 3946
f 3946 4305 4276
f 3955 3950 3954
f 3954 3950 3964
f 3955 3954 3964
f 3955 3964 3992
f 3955 3992 4013
f 3955 4020 4004
f 4004 4229 3955
f 3955 4013 4034
f 3955 4016 4015
f 3955 4015 4020
f 3955 4018 4016
f 3955 4028 4018
f 3955 4034 4028
f 3955 4229 4102
f 4019 4001 3990
f 4001 4370 3990
f 4370 4305 3990
f 4019 4377 4001
f 4001 4377 4370
f 4008 4056 4004
f 4009 4004 4010
f 4010 4004 4023
f 4004 4020 4021
f 4004 4021 4026
f 4023 4004 4030
f 4004 4026 4027
f 4004 4027 4031
f 4004 4031 4030
f 4056 4229 4004
f 4008 4012 4017
f 4056 4008 4017
f 4034 4013 4028
f 4019 4108 4377
f 4030 4031 4033
f 4094 4080 4056
f 4080 4229 4056
f 4094 4229 4080
f 4097 4229 4094
f 4106 4229 4097
f 4113 4229 4106
f 4108 4156 4377
f 4116 4229 4113
f 4132 4229 4116
f 4117 4161 4156
f 4117 4182 4161
f 4117 4184 4182
f 4117 4208 4184
f 4117 4209 4208
f 4213 4209 4117
f 4282 4213 4117
f 4117 4229 4448
f 4291 4282 4117
f 4362 4291 4117
f 4117 4366 4362
f 4117 4368 4366
f 4117 4416 4368
f 4575 4416 4117
f 4117 4448 4575
f 4132 4144 4229
f 4145 4229 4144
f 4448 4145 4157
f 4229 4145 4448
f 4161 4183 4156
f 4183 4515 4156
f 4377 4156 4515
f 4448 4157 4162
f 4182 4183 4161
f 4162 4202 4448
f 4182 4184 4183
f 4208 4183 4184
f 4208 4517 4183
f 4183 4517 4515
f 4206 4202 4207
f 4202 4206 4448
f 4206 4207 4448
f 4207 4211 4448
f 4209 4213 4208
f 4213 4522 4208
f 4208 4522 4517
f 4211 4222 4448
f 4282 4523 4213
f 4213 4523 4522
f 4222 4231 4448
f 4231 4276 4403
f 4231 4403 4448
f 4403 4276 4305
f 4291 4533 4282
f 4282 4533 4523
f 4291 4362 4534
f 4291 4534 4533
f 4403 4305 4370
f 4362 4366 4558
f 4534 4362 4558
f 4366 4368 4559
f 4558 4366 4559
f 4416 4564 4368
f 4559 4368 4564
f 4403 4370 4377
f 4377 4515 4403
f 4448 4403 4508
f 4515 4508 4403
f 4574 4564 4416
f 4575 4574 4416
f 4448 4508 4515
f 4448 4515 4516
f 4448 4516 4518
f 4448 4518 4522
f 4448 4522 4523
f 4448 4523 4575
f 4516 4515 4517
f 4516 4517 4518
f 4517 4522 4518
f 4523 4533 4575
f 4533 4534 4575
f 4534 4558 4575
f 4558 4559 4575
f 4559 4564 4575
f 4564 4574 4575
f 2478 2490 2480
f 2480 2570 2478
f 2490 2478 2569
f 2569 2478 2570
f 2490 2507 2480
f 2507 2572 2480
f 2569 2570 2480
f 2735 2569 2480
f 2572 2589 2480
f 2583 2480 2586
f 2611 2480 2583
f 2586 2480 2594
f 2589 2592 2480
f 2596 2480 2592
f 2594 2480 2598
f 2598 2480 2596
f 2663 2480 2611
f 2689 2480 2663
f 2701 2480 2689
f 2710 2480 2701
f 2735 2480 2710
f 2490 2501 2507
f 2501 2490 2599
f 2490 2569 2599
f 2511 2507 2501
f 2501 2631 2511
f 2501 2599 2631
f 2507 2511 2522
f 2507 2522 2545
f 2507 2545 2572
f 2522 2511 2664
f 2511 2631 2664
f 2545 2522 2685
f 2685 2522 2664
f 2545 2713 2572
f 2545 2685 2713
f 2684 2599 2569
f 2684 2569 2735
f 2728 2589 2572
f 2713 2728 2572
f 2586 2611 2583
f 2594 2611 2586
f 2589 2737 2592
f 2728 2737 2589
f 2592 2710 2596
f 2592 2737 2710
f 2594 2598 2663
f 2663 2611 2594
f 2596 2701 2598
f 2710 2701 2596
f 2663 2598 2701
f 2664 2631 2599
f 2684 2664 2599
f 2663 2701 2689
f 2684 2685 2664
f 2684 2728 2685
f 2684 2735 2728
f 2685 2728 2713
f 2710 2737 2735
f 2735 2737 2728
f 4612 4611 4610
f 4699 4610 4611
f 4612 4610 4699
f 4620 4611 4612
f 4699 4611 4620
f 4620 4612 4657
f 4657 4612 4699
f 4654 4620 4638
f 4638 4620 4657
f 4699 4620 4654
f 4644 4638 4642
f 4642 4638 4795
f 4654 4638 4644
f 4764 4638 4657
f 4795 4638 4764
f 4644 4642 4806
f 4642 4795 4806
f 4811 4654 4644
f 4644 4806 4811
f 4699 4654 4660
f 4660 4654 4811
f 4764 4657 4699
f 4699 4660 4662
f 4662 4660 4843
f 4660 4811 4843
f 4699 4662 4684
f 4850 4684 4662
f 4662 4843 4850
f 4695 4677 4680
f 4677 4810 4680
f 4677 4695 4810
f 4681 4680 4810
f 4680 4681 4876
f 4822 4695 4680
f 4822 4680 4825
f 4680 4876 4825
f 4682 4681 4810
f 4681 4682 4873
f 4879 4681 4873
f 4876 4681 4879
f 4687 4682 4810
f 4682 4687 4861
f 4682 4861 4873
f 4810 4684 4688
f 4857 4688 4684
f 4699 4684 4810
f 4850 4857 4684
f 4687 4810 4688
f 4687 4688 4857
f 4860 4687 4857
f 4687 4860 4861
f 4695 4698 4810
f 4695 4816 4698
f 4695 4822 4816
f 4698 4701 4810
f 4701 4698 4813
f 4813 4698 4816
f 4764 4699 4834
f 4857 4699 4810
f 4834 4699 4843
f 4850 4843 4699
f 4850 4699 4857
f 4705 4701 4778
f 4701 4705 4810
f 4701 4813 4778
f 4716 4705 4756
f 4810 4705 4716
f 4756 4705 4778
f 4746 4716 4756
f 4716 4746 4810
f 4813 4746 4756
f 4810 4746 4813
f 4813 4756 4778
f 4795 4764 4834
f 4806 4795 4811
f 4811 4795 4834
f 4810 4813 4816
f 4810 4816 4822
f 4810 4822 4825
f 4810 4825 4876
f 4860 4857 4810
f 4860 4810 4861
f 4861 4810 4873
f 4873 4810 4879
f 4810 4876 4880
f 4879 4810 4880
f 4843 4811 4834
f 4880 4876 4879
f 1412 1088 1875
f 1412 2168 1088
f 1875 1088 1817
f 1817 1088 2168
f 1875 2168 1412
f 1817 2168 1875
f 1379 1411 1257
f 1780 1379 1257
f 1411 1513 1257
f 1513 1571 1257
f 1571 1638 1257
f 1257 1638 1780
f 1596 1411 1379
f 1780 1596 1379
f 1596 1513 1411
f 1470 1571 1513
f 1470 1513 1660
f 1660 1571 1470
f 1660 1513 1596
f 1780 1638 1571
f 1571 1660 1780
f 1751 1660 1596
f 1739 1751 1596
f 1739 1596 1780
f 1780 1660 1751
f 1780 1751 1739
f 798 723 494
f 494 723 964
f 494 774 798
f 964 774 494
f 964 723 798
f 798 774 964
f 3694 3889 3741
f 3741 4117 3694
f 4117 3889 3694
f 3755 3739 3741
f 3741 3739 3880
f 3739 3755 3880
f 3741 3765 3755
f 3778 3765 3741
f 3790 3778 3741
f 3795 3790 3741
f 3889 3795 3741
f 3741 3880 4039
f 4039 4117 3741
f 3765 4357 3755
f 3880 3755 4039
f 4039 3755 4143
f 3755 4357 4143
f 3765 3778 4358
f 3765 4358 4357
f 3790 4376 3778
f 4358 3778 4376
f 3795 4372 3790
f 3790 4372 4376
f 3889 3810 3795
f 3810 4345 3795
f 4345 4371 3795
f 3795 4371 4372
f 3889 3813 3810
f 3813 4341 3810
f 4341 4345 3810
f 3889 3820 3813
f 3813 3820 4257
f 3813 4257 4341
f 3889 3831 3820
f 3831 4232 3820
f 4232 4257 3820
f 3889 3839 3831
f 3839 4238 3831
f 3831 4238 4232
f 3889 3841 3839
f 3839 3841 4238
f 3889 3845 3841
f 3841 3845 4049
f 3841 4049 4104
f 3841 4104 4245
f 3841 4245 4238
f 3889 3846 3845
f 3846 3966 3845
f 3966 4049 3845
f 3889 3966 3846
f 3966 3889 4049
f 4049 3889 4104
f 4104 3889 4344
f 4344 3889 4117
f 4039 4143 4117
f 4245 4104 4267
f 4267 4104 4344
f 4194 4117 4143
f 4197 4117 4194
f 4244 4117 4197
f 4575 4117 4244
f 4344 4117 4575
f 4194 4143 4357
f 4194 4311 4197
f 4194 4357 4311
f 4197 4302 4244
f 4311 4302 4197
f 4344 4232 4238
f 4257 4232 4344
f 4344 4238 4245
f 4311 4244 4302
f 4311 4357 4244
f 4575 4244 4357
f 4344 4245 4267
f 4341 4257 4344
f 4345 4341 4344
f 4371 4345 4344
f 4575 4371 4344
f 4575 4357 4358
f 4575 4358 4376
f 4575 4372 4371
f 4575 4376 4372
f 289 309 310
f 289 522 309
f 289 310 602
f 485 522 289
f 289 602 485
f 310 309 395
f 395 309 396
f 309 522 396
f 310 395 583
f 602 310 583
f 395 396 434
f 528 395 434
f 583 395 528
f 396 435 434
f 396 519 435
f 396 522 519
f 434 435 528
f 435 519 528
f 485 585 522
f 485 654 585
f 485 602 671
f 654 485 738
f 671 856 485
f 485 856 738
f 519 522 585
f 519 585 528
f 528 585 583
f 602 583 585
f 602 585 654
f 671 602 654
f 671 654 738
f 757 671 738
f 671 757 856
f 757 738 821
f 821 738 856
f 821 856 757
f 5327 5329 5089
f 5089 5330 5327
f 5329 5339 5089
f 5089 5340 5330
f 5339 5348 5089
f 5089 5347 5340
f 5089 5360 5347
f 5348 5384 5089
f 5089 5386 5360
f 5089 5384 5386
f 5330 5329 5327
f 5339 5329 5330
f 5340 5339 5330
f 5340 5348 5339
f 5347 5348 5340
f 5362 5348 5347
f 5360 5362 5347
f 5348 5362 5384
f 5363 5362 5360
f 5360 5386 5363
f 5363 5372 5362
f 5362 5372 5384
f 5371 5372 5363
f 5363 5386 5371
f 5371 5384 5372
f 5386 5384 5371
f 1562 1704 1702
f 1562 1702 1710
f 1562 1723 1704
f 1562 1710 1718
f 1562 1718 1724
f 1723 1562 1836
f 1562 1724 1752
f 1562 1752 1792
f 1562 1792 1781
f 1781 1817 1562
f 1562 1817 2174
f 1836 1562 1873
f 1562 2174 1873
f 1704 1836 1702
f 1702 1873 1710
f 1702 1836 1873
f 1704 1723 1836
f 2102 1718 1710
f 1710 1873 1964
f 1964 2102 1710
f 1746 1724 1718
f 1746 1718 1750
f 1718 2130 1750
f 2102 2130 1718
f 1747 1724 1746
f 1752 1724 1747
f 1747 1746 1792
f 1746 1750 1792
f 1752 1747 1792
f 1750 2177 1792
f 2130 2169 1750
f 1750 2169 2177
f 1781 1792 1797
f 1809 1781 1797
f 1781 1809 1810
f 1781 1810 1975
f 1781 1875 1817
f 1781 2248 1875
f 2010 1781 1975
f 2248 1781 2010
f 1792 2177 1797
f 2213 1809 1797
f 1797 2177 2213
f 1810 1809 1883
f 1809 2243 1883
f 2213 2215 1809
f 2215 2243 1809
f 1975 1810 1883
f 1817 1875 2174
f 1873 2174 1964
f 1875 2248 2174
f 1975 1883 1922
f 2250 1922 1883
f 2243 2250 1883
f 1975 1922 2010
f 1922 2254 2010
f 2250 2254 1922
f 1964 2092 2102
f 2092 1964 2174
f 2248 2010 2125
f 2262 2125 2010
f 2254 2262 2010
f 2174 2102 2092
f 2174 2130 2102
f 2139 2248 2125
f 2125 2274 2139
f 2262 2274 2125
f 2169 2130 2147
f 2174 2147 2130
f 2248 2139 2156
f 2274 2156 2139
f 2147 2177 2169
f 2174 2188 2147
f 2188 2177 2147
f 2248 2156 2179
f 2179 2156 2279
f 2279 2156 2274
f 2174 2191 2188
f 2174 2215 2191
f 2248 2215 2174
f 2188 2189 2177
f 2189 2190 2177
f 2213 2177 2190
f 2248 2179 2223
f 2223 2179 2277
f 2179 2279 2277
f 2188 2191 2189
f 2190 2189 2213
f 2189 2191 2213
f 2191 2215 2213
f 2243 2215 2250
f 2281 2215 2248
f 2250 2215 2254
f 2215 2262 2254
f 2274 2262 2215
f 2281 2274 2215
f 2248 2223 2245
f 2223 2272 2245
f 2223 2277 2272
f 2248 2245 2266
f 2245 2269 2266
f 2245 2272 2269
f 2266 2269 2248
f 2269 2272 2248
f 2272 2277 2248
f 2248 2277 2279
f 2279 2281 2248
f 2281 2279 2274
f 2864 2400 2513
f 2513 2400 2927
f 3028 2400 2864
f 3028 2927 2400
f 2513 2520 2479
f 2479 2528 2513
f 2528 2479 2520
f 2513 2554 2520
f 2528 2533 2513
f 2533 2547 2513
f 2541 2540 2513
f 2513 2540 2864
f 2542 2541 2513
f 2546 2542 2513
f 2547 2546 2513
f 2513 2656 2554
f 2513 2927 2656
f 2528 2520 2912
f 2912 2520 2554
f 2939 2533 2528
f 2528 2912 2939
f 2547 2533 2941
f 2939 2941 2533
f 2562 2540 2541
f 2864 2540 2562
f 2541 2542 2725
f 2541 2725 2562
f 2542 2546 2725
f 2725 2546 2547
f 2725 2547 2941
f 2912 2554 2656
f 2864 2562 2587
f 2562 2895 2587
f 2895 2562 2725
f 2864 2587 2614
f 2885 2614 2587
f 2587 2887 2885
f 2587 2895 2887
f 2864 2614 2622
f 2622 2614 2879
f 2879 2614 2885
f 2864 2622 2637
f 2637 2622 2876
f 2622 2879 2876
f 2673 2637 2669
f 2637 2873 2669
f 2864 2637 2673
f 2637 2876 2873
f 2656 2744 2894
f 2656 2927 2744
f 2912 2656 2894
f 2688 2673 2669
f 2688 2669 2863
f 2669 2873 2863
f 2864 2673 2688
f 2746 2688 2796
f 2864 2688 2746
f 2688 2859 2796
f 2859 2688 2863
f 2895 2725 2908
f 2725 2941 2908
f 2894 2744 2877
f 2877 2744 2927
f 2746 2796 2768
f 2864 2746 2768
f 2864 2768 2796
f 2864 2796 2859
f 2860 2859 2863
f 2864 2859 2860
f 2860 2863 2864
f 2863 2873 2864
f 2873 2876 2864
f 2876 2927 2864
f 2864 2927 3028
f 2879 2927 2876
f 2883 2877 2882
f 2882 2877 2927
f 2894 2877 2883
f 2885 2927 2879
f 2883 2882 2894
f 2882 2927 2894
f 2887 2927 2885
f 2941 2887 2895
f 2927 2887 2941
f 2894 2927 2912
f 2941 2895 2908
f 2912 2927 2939
f 2939 2927 2942
f 2927 2941 2942
f 2942 2941 2939
f 188 210 223
f 457 210 188
f 188 225 214
f 457 188 214
f 188 223 225
f 210 192 246
f 210 460 192
f 192 231 246
f 460 231 192
f 223 210 244
f 244 210 250
f 246 250 210
f 457 460 210
f 457 214 225
f 457 225 223
f 457 223 244
f 246 231 460
f 417 244 250
f 457 244 417
f 250 246 256
f 460 256 246
f 417 250 256
f 417 256 460
f 1088 457 417
f 460 1088 417
f 460 457 1088
f 3591 3584 3579
f 3579 3584 3677
f 3591 3579 3677
f 3591 3623 3584
f 3584 3623 4075
f 3677 3584 4075
f 3591 3659 3623
f 3659 3591 3699
f 3924 3591 3677
f 3699 3591 3771
f 3771 3591 3993
f 3924 4102 3591
f 3993 3591 4169
f 4102 4169 3591
f 3623 3659 3637
f 3623 3637 4109
f 4075 3623 4100
f 3623 4109 4100
f 3637 3659 3699
f 3637 3699 4122
f 4109 3637 4122
f 3707 3924 3677
f 3707 3677 4075
f 4130 3699 3771
f 4122 3699 4130
f 3730 3924 3707
f 4037 3730 3707
f 4037 3707 4075
f 3816 3924 3730
f 3816 3730 4007
f 4037 4007 3730
f 3993 4130 3771
f 3924 3816 3838
f 3816 3985 3838
f 3816 4007 3985
f 3855 3924 3838
f 3855 3838 3960
f 3838 3985 3960
f 3924 3855 3861
f 3942 3861 3855
f 3960 3942 3855
f 3924 3861 3887
f 3887 3861 3937
f 3937 3861 3942
f 3906 3887 3919
f 3924 3887 3906
f 3887 3937 3919
f 3906 3919 3924
f 3919 3937 3924
f 3924 3937 3942
f 3924 3942 3960
f 3924 3960 3985
f 3924 3985 4007
f 3924 4007 4169
f 3924 4169 4102
f 3993 4095 4150
f 4095 3993 4169
f 4150 4130 3993
f 4007 4037 4169
f 4169 4037 4075
f 4075 4100 4169
f 4150 4095 4154
f 4169 4154 4095
f 4100 4109 4169
f 4109 4122 4169
f 4122 4130 4169
f 4169 4130 4150
f 4150 4154 4169
f 3455 3429 3494
f 3497 3429 3455
f 3429 3497 3494
f 3455 3500 3484
f 3484 3583 3455
f 3494 3532 3455
f 3638 3497 3455
f 3538 3500 3455
f 3532 3540 3455
f 3455 3540 3538
f 3455 3583 3741
f 3638 3455 3741
f 3500 3583 3484
f 3532 3494 3497
f 3532 3497 3638
f 3538 3583 3500
f 3613 3540 3532
f 3532 3638 3613
f 3619 3538 3540
f 3538 3664 3583
f 3619 3832 3538
f 3995 3664 3538
f 3832 3995 3538
f 3619 3540 3613
f 3689 3583 3664
f 3741 3583 3689
f 3806 3619 3613
f 3613 3638 3711
f 3815 3613 3711
f 3613 3815 3806
f 3806 3721 3619
f 3619 3721 3832
f 3711 3638 3741
f 3664 3744 3689
f 3744 3664 3982
f 3982 3664 3995
f 3689 3744 3741
f 3727 3711 3741
f 3727 4065 3711
f 3815 3711 3885
f 3885 3711 3978
f 3978 3711 4081
f 4065 4081 3711
f 3806 3832 3721
f 3739 3727 3741
f 3727 3739 3880
f 3727 3880 4065
f 3880 3739 3741
f 3744 3833 3741
f 3741 3833 4011
f 3741 4039 3880
f 3741 4011 4134
f 3741 4149 4039
f 3741 4134 4149
f 3833 3744 3862
f 3862 3744 3982
f 3806 3815 3885
f 3832 3806 3995
f 3806 3885 3978
f 3806 3978 4110
f 3995 3806 4036
f 3806 4110 4036
f 4011 3833 3862
f 4011 3862 3982
f 4065 3880 4039
f 4149 3978 4081
f 4149 4110 3978
f 4011 3982 3995
f 4036 4011 3995
f 4036 4110 4011
f 4134 4011 4110
f 4065 4039 4149
f 4081 4065 4149
f 4149 4134 4110
f 87 96 106
f 492 96 87
f 105 87 107
f 492 87 105
f 107 87 106
f 96 122 106
f 492 122 96
f 105 107 140
f 105 140 189
f 105 189 492
f 106 140 107
f 106 122 140
f 115 130 123
f 115 123 644
f 457 130 115
f 457 115 644
f 123 130 122
f 644 123 122
f 130 140 122
f 644 122 492
f 130 134 129
f 130 129 140
f 129 134 133
f 129 133 141
f 140 129 141
f 457 134 130
f 134 145 133
f 133 232 141
f 145 162 133
f 162 174 133
f 174 177 133
f 133 177 232
f 134 162 145
f 457 162 134
f 140 141 155
f 189 140 155
f 141 232 155
f 155 232 189
f 188 174 162
f 188 162 457
f 177 174 208
f 174 188 214
f 174 214 208
f 185 193 177
f 177 197 185
f 193 198 177
f 177 208 197
f 177 198 224
f 177 224 232
f 185 198 193
f 185 197 462
f 185 226 198
f 185 234 226
f 185 264 234
f 462 264 185
f 457 214 188
f 189 232 326
f 326 259 189
f 492 189 259
f 462 197 208
f 224 198 226
f 457 208 214
f 457 462 208
f 226 234 224
f 224 341 232
f 224 234 341
f 232 339 326
f 232 341 339
f 341 234 264
f 317 259 287
f 259 326 287
f 492 259 317
f 264 340 341
f 462 340 264
f 287 326 317
f 326 400 317
f 492 317 400
f 326 339 455
f 326 440 400
f 326 428 440
f 326 455 428
f 341 476 339
f 455 339 476
f 341 340 371
f 371 340 462
f 341 371 476
f 472 371 462
f 371 472 476
f 400 440 431
f 431 492 400
f 440 428 655
f 428 455 688
f 655 428 680
f 680 428 685
f 428 686 685
f 428 688 686
f 431 440 574
f 492 431 574
f 574 440 655
f 455 476 526
f 617 455 526
f 727 455 617
f 688 455 720
f 455 727 720
f 741 462 457
f 644 741 457
f 473 472 462
f 462 490 473
f 462 526 490
f 462 617 526
f 462 741 617
f 476 472 473
f 476 473 490
f 490 526 476
f 574 655 492
f 492 741 644
f 655 662 492
f 492 662 680
f 492 680 685
f 492 685 686
f 492 686 694
f 492 694 741
f 727 617 672
f 617 741 672
f 662 655 680
f 727 672 709
f 709 672 741
f 694 686 688
f 694 688 720
f 720 727 694
f 727 758 694
f 758 741 694
f 727 709 758
f 761 709 741
f 761 758 709
f 761 741 758
f 2174 2247 2499
f 2991 2247 2174
f 2174 2348 2358
f 2365 2348 2174
f 2174 2358 2438
f 2406 2365 2174
f 2436 2406 2174
f 2174 2481 2436
f 2174 2438 2527
f 2174 2512 2481
f 2499 2512 2174
f 2851 2174 2527
f 2851 2991 2174
f 2473 2499 2247
f 2247 2812 2473
f 2812 2247 2991
f 2348 2365 2358
f 2706 2358 2365
f 2358 2465 2438
f 2358 2732 2465
f 2706 2732 2358
f 2406 2706 2365
f 2406 2436 2687
f 2406 2687 2706
f 2436 2481 2675
f 2687 2436 2675
f 2510 2438 2465
f 2527 2438 2510
f 2465 2751 2510
f 2732 2751 2465
f 2473 2498 2497
f 2473 2497 2499
f 2473 2500 2498
f 2473 2503 2500
f 2502 2504 2473
f 2473 2521 2502
f 2473 2517 2503
f 2504 2515 2473
f 2515 2526 2473
f 2473 2529 2517
f 2473 2610 2521
f 2526 2530 2473
f 2473 2530 2529
f 2473 2808 2610
f 2812 2808 2473
f 2481 2512 2660
f 2675 2481 2660
f 2498 2568 2497
f 2499 2497 2505
f 2497 2557 2505
f 2497 2568 2557
f 2500 2581 2498
f 2498 2581 2568
f 2499 2505 2509
f 2509 2516 2499
f 2654 2512 2499
f 2516 2532 2499
f 2532 2539 2499
f 2539 2548 2499
f 2548 2557 2499
f 2557 2568 2499
f 2568 2812 2499
f 2660 2654 2499
f 2675 2660 2499
f 2499 2687 2675
f 2499 2706 2687
f 2499 2732 2706
f 2499 2851 2732
f 2991 2499 2812
f 2499 2991 2851
f 2500 2503 2593
f 2500 2593 2581
f 2504 2502 2521
f 2517 2603 2503
f 2593 2503 2603
f 2515 2504 2521
f 2505 2548 2509
f 2557 2548 2505
f 2509 2548 2516
f 2527 2510 2658
f 2658 2510 2770
f 2751 2770 2510
f 2660 2512 2654
f 2515 2521 2610
f 2526 2515 2736
f 2610 2736 2515
f 2516 2539 2532
f 2516 2548 2539
f 2529 2642 2517
f 2517 2642 2603
f 2530 2526 2738
f 2757 2526 2736
f 2526 2757 2738
f 2851 2527 2658
f 2530 2738 2529
f 2651 2642 2529
f 2738 2651 2529
f 2581 2812 2568
f 2593 2812 2581
f 2603 2812 2593
f 2642 2812 2603
f 2610 2808 2736
f 2651 2812 2642
f 2651 2738 2757
f 2651 2757 2808
f 2651 2808 2812
f 2658 2770 2805
f 2851 2658 2805
f 2732 2748 2751
f 2851 2748 2732
f 2757 2736 2808
f 2751 2748 2770
f 2770 2748 2775
f 2851 2775 2748
f 2775 2805 2770
f 2851 2805 2775
f 4260 4229 4259
f 4259 4229 4286
f 4263 4229 4260
f 4277 4229 4263
f 4343 4229 4277
f 4286 4229 4287
f 4287 4229 4293
f 4331 4293 4229
f 4331 4229 4347
f 4343 4464 4229
f 4347 4229 4349
f 4448 4349 4229
f 4229 4550 4448
f 4464 4465 4229
f 4465 4467 4229
f 4467 4468 4229
f 4468 4470 4229
f 4470 4498 4229
f 4229 4498 4512
f 4512 4514 4229
f 4229 4514 4520
f 4229 4520 4521
f 4229 4521 4549
f 4229 4549 4550
f 4262 4296 4253
f 4443 4262 4253
f 4253 4296 4270
f 4270 4461 4253
f 4461 4443 4253
f 4260 4259 4286
f 4260 4464 4263
f 4260 4286 4464
f 4264 4268 4262
f 4264 4262 4442
f 4262 4268 4296
f 4442 4262 4443
f 4463 4277 4263
f 4464 4463 4263
f 4268 4264 4440
f 4440 4264 4442
f 4268 4278 4296
f 4278 4268 4419
f 4268 4440 4419
f 4270 4296 4271
f 4271 4476 4270
f 4476 4461 4270
f 4296 4481 4271
f 4271 4481 4476
f 4290 4294 4277
f 4277 4462 4290
f 4294 4296 4277
f 4296 4343 4277
f 4463 4462 4277
f 4278 4281 4296
f 4281 4278 4417
f 4417 4278 4419
f 4281 4295 4296
f 4295 4281 4398
f 4281 4417 4398
f 4286 4287 4467
f 4464 4286 4467
f 4293 4468 4287
f 4467 4287 4468
f 4292 4294 4290
f 4290 4474 4292
f 4290 4462 4474
f 4292 4477 4294
f 4474 4477 4292
f 4293 4331 4470
f 4293 4470 4468
f 4296 4294 4478
f 4477 4478 4294
f 4295 4343 4296
f 4299 4343 4295
f 4393 4299 4295
f 4393 4295 4398
f 4296 4478 4481
f 4299 4301 4343
f 4301 4299 4393
f 4301 4307 4343
f 4307 4301 4392
f 4301 4393 4392
f 4310 4308 4307
f 4307 4308 4343
f 4388 4310 4307
f 4307 4392 4388
f 4308 4310 4343
f 4310 4332 4343
f 4332 4310 4391
f 4389 4310 4388
f 4310 4389 4391
f 4347 4498 4331
f 4470 4331 4498
f 4332 4339 4343
f 4339 4332 4404
f 4332 4391 4399
f 4332 4399 4404
f 4339 4401 4343
f 4401 4339 4404
f 4343 4389 4388
f 4343 4388 4392
f 4343 4391 4389
f 4343 4399 4391
f 4343 4392 4393
f 4343 4393 4398
f 4343 4398 4417
f 4699 4399 4343
f 4343 4401 4699
f 4343 4417 4419
f 4343 4419 4440
f 4343 4440 4442
f 4343 4442 4443
f 4343 4443 4461
f 4476 4343 4461
f 4343 4462 4463
f 4343 4474 4462
f 4343 4463 4464
f 4343 4478 4474
f 4481 4343 4476
f 4343 4479 4478
f 4343 4481 4479
f 4347 4349 4351
f 4347 4351 4512
f 4347 4512 4498
f 4448 4351 4349
f 4448 4353 4351
f 4353 4520 4351
f 4512 4351 4520
f 4448 4378 4353
f 4353 4378 4521
f 4353 4521 4520
f 4448 4381 4378
f 4378 4381 4549
f 4521 4378 4549
f 4381 4382 4380
f 4549 4381 4380
f 4380 4382 4551
f 4551 4549 4380
f 4448 4382 4381
f 4448 4383 4382
f 4552 4382 4383
f 4551 4382 4552
f 4448 4387 4383
f 4387 4556 4383
f 4552 4383 4556
f 4448 4390 4387
f 4390 4555 4387
f 4387 4555 4556
f 4448 4397 4390
f 4397 4554 4390
f 4390 4554 4555
f 4448 4400 4397
f 4400 4540 4397
f 4540 4554 4397
f 4699 4404 4399
f 4448 4403 4400
f 4403 4538 4400
f 4400 4538 4540
f 4404 4407 4401
f 4699 4401 4407
f 4448 4508 4403
f 4403 4508 4528
f 4403 4528 4538
f 4404 4471 4407
f 4699 4471 4404
f 4425 4407 4471
f 4699 4407 4425
f 4433 4425 4497
f 4425 4433 4699
f 4425 4471 4497
f 4433 4511 4492
f 4433 4492 4699
f 4433 4497 4511
f 4528 4508 4448
f 4448 4540 4528
f 4448 4554 4540
f 4448 4550 4552
f 4448 4552 4556
f 4448 4555 4554
f 4448 4556 4555
f 4465 4464 4467
f 4699 4497 4471
f 4474 4478 4477
f 4478 4479 4481
f 4501 4492 4586
f 4492 4501 4699
f 4492 4511 4586
f 4699 4511 4497
f 4501 4587 4573
f 4501 4573 4593
f 4501 4586 4587
f 4699 4501 4593
f 4586 4511 4585
f 4699 4585 4511
f 4514 4512 4520
f 4528 4540 4538
f 4550 4549 4551
f 4552 4550 4551
f 4581 4573 4590
f 4593 4573 4581
f 4573 4587 4590
f 4591 4581 4590
f 4593 4581 4591
f 4699 4586 4585
f 4586 4699 4587
f 4699 4590 4587
f 4699 4591 4590
f 4699 4593 4591
f 2240 2216 2237
f 2237 2216 2249
f 2216 2240 2249
f 2271 2240 2237
f 2237 2249 2252
f 2237 2252 2297
f 2304 2271 2237
f 2237 2297 2332
f 2480 2304 2237
f 2237 2332 2343
f 2237 2343 2491
f 2480 2237 2495
f 2237 2491 2708
f 2237 2743 2495
f 2708 2743 2237
f 2240 2486 2249
f 2240 2271 2486
f 2249 2486 2252
f 2252 2486 2297
f 2304 2405 2271
f 2271 2405 2486
f 2332 2297 2343
f 2486 2343 2297
f 2322 2405 2304
f 2480 2322 2304
f 2322 2350 2405
f 2480 2350 2322
f 2486 2584 2343
f 2343 2584 2491
f 2350 2467 2405
f 2350 2409 2467
f 2480 2409 2350
f 2467 2678 2405
f 2678 2486 2405
f 2480 2426 2409
f 2409 2426 2560
f 2409 2560 2467
f 2480 2531 2426
f 2426 2531 2560
f 2560 2679 2467
f 2467 2679 2678
f 2495 2765 2480
f 2544 2531 2480
f 2555 2544 2480
f 2558 2555 2480
f 2583 2558 2480
f 2480 2624 2583
f 2480 2630 2624
f 2480 2665 2630
f 2480 2672 2665
f 2765 2672 2480
f 2486 2667 2584
f 2670 2667 2486
f 2676 2670 2486
f 2676 2486 2678
f 2491 2638 2553
f 2708 2491 2553
f 2491 2584 2638
f 2495 2743 2765
f 2531 2544 2560
f 2555 2605 2544
f 2544 2605 2560
f 2553 2639 2559
f 2553 2559 2708
f 2638 2639 2553
f 2558 2605 2555
f 2558 2583 2605
f 2559 2639 2625
f 2708 2559 2625
f 2560 2605 2693
f 2560 2680 2679
f 2560 2681 2680
f 2560 2697 2681
f 2560 2693 2697
f 2583 2624 2605
f 2584 2617 2612
f 2584 2612 2623
f 2584 2618 2617
f 2667 2618 2584
f 2638 2584 2623
f 2605 2624 2630
f 2605 2630 2665
f 2693 2605 2665
f 2612 2617 2708
f 2623 2612 2708
f 2617 2618 2708
f 2618 2667 2666
f 2618 2666 2708
f 2638 2623 2708
f 2639 2641 2625
f 2641 2650 2625
f 2708 2625 2650
f 2639 2638 2708
f 2641 2639 2708
f 2650 2641 2708
f 2672 2693 2665
f 2708 2666 2667
f 2708 2667 2670
f 2765 2670 2676
f 2708 2670 2765
f 2765 2693 2672
f 2765 2676 2678
f 2678 2679 2765
f 2765 2679 2680
f 2765 2680 2681
f 2765 2681 2697
f 2697 2693 2699
f 2765 2699 2693
f 2765 2697 2699
f 2708 2765 2743
f 4974 5064 5037
f 5099 4974 5037
f 5099 5064 4974
f 5037 5064 5135
f 5037 5135 5099
f 5064 5099 5232
f 5064 5137 5135
f 5137 5064 5232
f 5135 5210 5099
f 5210 5220 5099
f 5306 5099 5220
f 5302 5232 5099
f 5470 5302 5099
f 5470 5099 5306
f 5135 5137 5210
f 5137 5211 5210
f 5211 5137 5232
f 5306 5210 5211
f 5220 5210 5306
f 5302 5211 5232
f 5211 5302 5306
f 5302 5392 5306
f 5302 5391 5392
f 5391 5302 5470
f 5392 5470 5306
f 5414 5392 5391
f 5414 5391 5417
f 5417 5391 5470
f 5392 5414 5470
f 5414 5417 5457
f 5414 5457 5462
f 5414 5462 5470
f 5417 5456 5457
f 5456 5417 5463
f 5463 5417 5470
f 5457 5456 5462
f 5462 5456 5463
f 5462 5463 5470
f 756 731 798
f 731 756 862
f 798 731 862
f 759 756 798
f 759 969 756
f 756 969 862
f 769 759 798
f 769 992 759
f 759 992 969
f 772 769 798
f 769 772 999
f 769 1007 992
f 769 999 1007
f 788 772 798
f 788 908 772
f 908 999 772
f 789 788 798
f 788 789 902
f 788 902 908
f 804 789 798
f 804 902 789
f 798 902 804
f 798 862 969
f 798 908 902
f 798 999 908
f 798 969 992
f 798 992 1049
f 798 1007 999
f 798 1049 1007
f 992 1007 1049
f 4032 4005 4060
f 4138 4005 4032
f 4005 4076 4060
f 4005 4138 4076
f 4060 4138 4032
f 4060 4076 4088
f 4060 4088 4102
f 4060 4102 4466
f 4060 4466 4138
f 4088 4076 4138
f 4102 4088 4466
f 4088 4138 4220
f 4466 4088 4220
f 4220 4138 4334
f 4138 4466 4334
f 4220 4334 4396
f 4396 4466 4220
f 4334 4466 4396
f 150 147 156
f 539 147 150
f 147 158 156
f 158 147 157
f 539 157 147
f 494 150 156
f 539 150 494
f 158 160 156
f 160 164 156
f 156 164 494
f 158 157 160
f 160 157 165
f 165 157 191
f 157 539 191
f 160 165 164
f 165 206 164
f 164 206 175
f 164 175 494
f 178 165 191
f 178 200 165
f 165 190 186
f 165 186 206
f 165 200 190
f 206 494 175
f 181 178 191
f 178 181 201
f 178 201 200
f 191 196 181
f 196 201 181
f 186 190 539
f 186 218 206
f 218 186 539
f 200 539 190
f 229 196 191
f 539 229 191
f 199 201 196
f 196 203 199
f 243 203 196
f 229 245 196
f 304 243 196
f 245 304 196
f 199 203 201
f 201 539 200
f 203 539 201
f 203 243 539
f 206 218 228
f 206 228 219
f 219 494 206
f 218 494 228
f 539 494 218
f 228 494 219
f 229 470 245
f 229 539 470
f 243 304 286
f 286 539 243
f 384 245 279
f 245 470 279
f 361 304 245
f 384 361 245
f 373 384 279
f 279 412 373
f 279 470 412
f 286 304 470
f 286 470 539
f 304 361 420
f 304 420 470
f 384 388 361
f 361 388 420
f 373 420 384
f 373 412 420
f 384 398 388
f 384 420 398
f 420 388 398
f 420 412 446
f 412 445 446
f 412 470 445
f 420 446 470
f 445 470 446
f 1537 1554 1533
f 1594 1537 1533
f 1554 1594 1533
f 1537 1546 1554
f 1594 1546 1537
f 1540 1588 1549
f 1540 1549 1639
f 1639 1588 1540
f 1594 1551 1546
f 1546 1551 1629
f 1554 1546 1629
f 1549 1560 1639
f 1560 1549 1676
f 1588 1676 1549
f 1594 1553 1551
f 1551 1553 1659
f 1551 1659 1629
f 1594 1556 1553
f 1659 1553 1556
f 1629 1594 1554
f 1594 1559 1556
f 1556 1559 1665
f 1665 1659 1556
f 1639 1561 1559
f 1667 1559 1561
f 1639 1559 1594
f 1665 1559 1667
f 1560 1581 1639
f 1679 1581 1560
f 1560 1676 1679
f 1639 1565 1561
f 1561 1565 1669
f 1669 1667 1561
f 1639 1567 1565
f 1565 1567 1672
f 1669 1565 1672
f 1639 1574 1567
f 1567 1574 1677
f 1567 1677 1672
f 1639 1581 1574
f 1574 1581 1680
f 1677 1574 1680
f 1680 1581 1679
f 1639 1671 1588
f 1674 1588 1671
f 1588 1674 1676
f 1659 1594 1629
f 1667 1639 1594
f 1662 1594 1659
f 1662 1665 1594
f 1665 1667 1594
f 1669 1639 1667
f 1672 1639 1669
f 1639 1674 1671
f 1677 1639 1672
f 1639 1676 1674
f 1639 1679 1676
f 1680 1639 1677
f 1639 1681 1679
f 1681 1639 1680
f 1662 1659 1665
f 1680 1679 1681
f 5126 4833 5123
f 4833 5207 5123
f 5126 5207 4833
f 5123 5269 5126
f 5207 5310 5123
f 5123 5279 5269
f 5123 5291 5279
f 5295 5291 5123
f 5123 5298 5295
f 5123 5319 5298
f 5123 5310 5307
f 5123 5307 5319
f 5126 5318 5207
f 5269 5266 5126
f 5126 5266 5277
f 5126 5277 5286
f 5126 5286 5303
f 5126 5303 5318
f 5305 5314 5207
f 5318 5305 5207
f 5207 5316 5310
f 5314 5334 5207
f 5207 5336 5316
f 5207 5334 5335
f 5207 5335 5344
f 5207 5344 5336
f 5266 5269 5277
f 5279 5277 5269
f 5303 5277 5279
f 5303 5286 5277
f 5303 5279 5291
f 5298 5291 5295
f 5303 5291 5298
f 5319 5303 5298
f 5319 5318 5303
f 5316 5305 5307
f 5305 5318 5307
f 5316 5314 5305
f 5310 5316 5307
f 5307 5318 5319
f 5336 5314 5316
f 5314 5335 5334
f 5336 5335 5314
f 5336 5344 5335
f 3806 3832 3995
f 4014 3832 3806
f 3806 3991 4086
f 3806 4091 3991
f 3806 3995 4036
f 3806 4112 4014
f 3806 4036 4125
f 3806 4086 4112
f 3806 4125 4091
f 4014 3995 3832
f 3991 4091 4086
f 4112 3995 4014
f 4036 3995 4352
f 4112 4352 3995
f 4125 4036 4352
f 4086 4091 4170
f 4112 4086 4441
f 4086 4170 4441
f 4091 4125 4134
f 4091 4134 4149
f 4091 4149 4170
f 4195 4158 4112
f 4158 4352 4112
f 4195 4112 4441
f 4246 4134 4125
f 4246 4125 4352
f 4149 4134 4575
f 4575 4134 4246
f 4170 4149 4244
f 4244 4149 4575
f 4418 4158 4195
f 4418 4352 4158
f 4170 4244 4361
f 4441 4170 4361
f 4418 4195 4369
f 4441 4369 4195
f 4244 4423 4361
f 4423 4244 4575
f 4575 4246 4352
f 4575 4352 4418
f 4361 4423 4439
f 4441 4361 4439
f 4422 4418 4369
f 4369 4565 4422
f 4441 4592 4369
f 4369 4592 4565
f 4575 4418 4422
f 4563 4422 4565
f 4575 4422 4563
f 4423 4606 4439
f 4575 4606 4423
f 4439 4630 4441
f 4439 4606 4601
f 4439 4601 4618
f 4439 4618 4625
f 4439 4625 4630
f 4441 4599 4592
f 4599 4441 4723
f 4441 4630 4741
f 4441 4741 4723
f 4613 4563 4565
f 4575 4563 4597
f 4613 4597 4563
f 4599 4565 4592
f 4613 4565 4599
f 4575 4597 4613
f 4575 4617 4606
f 4575 4613 4627
f 4575 4624 4617
f 4575 4652 4624
f 4666 4575 4627
f 4575 4740 4652
f 4734 4575 4666
f 4575 4734 4740
f 4613 4599 4627
f 4627 4599 4626
f 4599 4723 4626
f 4618 4601 4606
f 4618 4606 4617
f 4617 4625 4618
f 4617 4624 4625
f 4625 4624 4630
f 4630 4624 4652
f 4627 4626 4663
f 4626 4723 4663
f 4627 4663 4666
f 4630 4652 4670
f 4630 4670 4669
f 4741 4630 4669
f 4652 4740 4670
f 4666 4663 4672
f 4663 4686 4672
f 4663 4723 4686
f 4666 4672 4673
f 4673 4679 4666
f 4679 4734 4666
f 4670 4675 4669
f 4675 4678 4669
f 4678 4741 4669
f 4675 4670 4740
f 4672 4686 4673
f 4686 4679 4673
f 4678 4675 4712
f 4712 4675 4740
f 4678 4712 4707
f 4678 4707 4741
f 4713 4679 4686
f 4709 4679 4713
f 4709 4734 4679
f 4686 4723 4713
f 4707 4712 4738
f 4707 4738 4736
f 4707 4736 4741
f 4723 4709 4713
f 4726 4709 4723
f 4728 4709 4726
f 4728 4734 4709
f 4712 4740 4738
f 4726 4723 4739
f 4723 4741 4739
f 4729 4728 4726
f 4726 4739 4729
f 4731 4728 4729
f 4731 4734 4728
f 4742 4731 4729
f 4739 4742 4729
f 4740 4734 4731
f 4742 4740 4731
f 4736 4738 4744
f 4741 4736 4745
f 4736 4744 4745
f 4738 4740 4742
f 4738 4742 4744
f 4745 4739 4741
f 4744 4742 4739
f 4744 4739 4745
f 1169 1249 1174
f 1169 1174 1311
f 1249 1169 1311
f 1174 1249 1182
f 1174 1182 1311
f 1182 1187 1191
f 1182 1312 1187
f 1182 1191 1266
f 1249 1327 1182
f 1182 1266 1311
f 1327 1312 1182
f 1187 1312 1191
f 1191 1221 1231
f 1191 1309 1221
f 1266 1191 1231
f 1191 1312 1309
f 1221 1289 1231
f 1309 1289 1221
f 1256 1263 1231
f 1231 1285 1256
f 1263 1266 1231
f 1231 1289 1285
f 1330 1249 1311
f 1327 1249 1330
f 1263 1256 1270
f 1285 1270 1256
f 1263 1267 1266
f 1263 1270 1267
f 1311 1266 1267
f 1311 1267 1270
f 1311 1270 1285
f 1311 1285 1289
f 1311 1289 1309
f 1311 1309 1327
f 1327 1309 1312
f 1311 1327 1330
f 4683 4751 4575
f 4949 4683 4575
f 4575 4720 4711
f 4575 4711 4749
f 4714 4725 4575
f 4575 4750 4714
f 4734 4720 4575
f 4575 4725 4734
f 4575 4749 4949
f 4575 4751 4750
f 4683 4772 4751
f 4683 4782 4772
f 4683 4875 4782
f 4949 4875 4683
f 4727 4711 4714
f 4714 4711 4735
f 4711 4720 4718
f 4735 4711 4718
f 4749 4711 4727
f 4725 4714 4735
f 4750 4727 4714
f 4718 4720 4722
f 4722 4733 4718
f 4718 4733 4737
f 4735 4718 4737
f 4733 4722 4720
f 4733 4720 4730
f 4734 4730 4720
f 4734 4725 4735
f 4750 4749 4727
f 4733 4730 4732
f 4734 4732 4730
f 4737 4733 4732
f 4734 4737 4732
f 4737 4734 4735
f 4750 4751 4749
f 4751 4754 4749
f 4749 4754 4770
f 4749 4770 4949
f 4751 4753 4754
f 4751 4772 4753
f 4753 4770 4754
f 4753 4772 4770
f 4772 4779 4770
f 4770 4779 4949
f 4772 4782 4779
f 4779 4782 4791
f 4779 4791 4949
f 4782 4794 4791
f 4782 4848 4794
f 4782 4875 4848
f 4791 4794 4884
f 4791 4884 4949
f 4794 4848 4884
f 4848 4875 4906
f 4884 4848 4928
f 4928 4848 4906
f 4949 4906 4875
f 4898 4884 4931
f 4884 4898 4949
f 4884 4928 4931
f 4949 4898 4931
f 4945 4928 4906
f 4952 4945 4906
f 4952 4906 4949
f 4928 4945 4931
f 4931 4945 4942
f 4949 4931 4942
f 4942 4945 4952
f 4949 4942 4954
f 4956 4942 4952
f 4954 4942 4957
f 4957 4942 4956
f 4952 4949 5000
f 4949 4954 4957
f 4949 4957 4977
f 4949 4977 4988
f 4949 4988 5001
f 4949 5008 5000
f 4949 5001 5009
f 4949 5017 5008
f 5017 4949 5009
f 4956 4952 4979
f 4979 4952 5000
f 4956 4977 4957
f 4956 4979 4977
f 4977 4979 4988
f 4988 4979 4989
f 4979 5000 4989
f 5001 4988 4989
f 5000 5001 4989
f 5009 5001 5000
f 5008 5009 5000
f 5017 5009 5008
f 964 1009 1238
f 1378 1009 964
f 1378 964 1132
f 1132 964 1571
f 964 1238 1728
f 1571 964 1728
f 1066 1238 1009
f 1378 1066 1009
f 1378 1106 1066
f 1106 1530 1066
f 1066 1530 1238
f 1378 1111 1106
f 1111 1530 1106
f 1111 1378 1184
f 1184 1530 1111
f 1163 1153 1132
f 1132 1153 1245
f 1132 1250 1163
f 1132 1245 1378
f 1250 1132 1470
f 1132 1571 1470
f 1250 1153 1163
f 1245 1153 1250
f 1202 1184 1240
f 1202 1474 1184
f 1184 1378 1240
f 1474 1530 1184
f 1240 1474 1202
f 1238 1530 1445
f 1238 1445 1728
f 1378 1276 1240
f 1276 1474 1240
f 1452 1245 1250
f 1378 1245 1399
f 1399 1245 1452
f 1452 1250 1470
f 1378 1294 1276
f 1294 1483 1276
f 1483 1474 1276
f 1378 1305 1294
f 1305 1482 1294
f 1294 1482 1483
f 1378 1320 1305
f 1305 1320 1479
f 1305 1479 1482
f 1378 1441 1320
f 1320 1441 1393
f 1479 1320 1393
f 1378 1399 1452
f 1479 1441 1378
f 1378 1452 1571
f 1482 1479 1378
f 1483 1482 1378
f 1501 1483 1378
f 1378 1503 1501
f 1378 1510 1503
f 1378 1514 1510
f 1378 1526 1514
f 1378 1578 1526
f 1378 1571 1728
f 1378 1620 1578
f 1728 1620 1378
f 1441 1455 1393
f 1479 1393 1455
f 1479 1455 1441
f 1445 1530 1451
f 1445 1451 1728
f 1451 1486 1453
f 1451 1453 1728
f 1530 1486 1451
f 1571 1452 1470
f 1486 1488 1453
f 1453 1488 1728
f 1483 1501 1474
f 1503 1474 1501
f 1503 1510 1474
f 1474 1510 1514
f 1530 1474 1514
f 1486 1555 1488
f 1486 1530 1612
f 1486 1612 1555
f 1488 1555 1728
f 1526 1530 1514
f 1530 1526 1578
f 1530 1578 1613
f 1612 1530 1613
f 1605 1599 1555
f 1555 1599 1728
f 1612 1605 1555
f 1613 1578 1620
f 1728 1599 1605
f 1728 1605 1612
f 1728 1612 1613
f 1728 1613 1620
f 1571 1638 1780
f 2031 1638 1571
f 1660 1571 1780
f 2031 1571 1660
f 1780 1638 2031
f 1751 1660 1780
f 1660 1751 1791
f 1791 2031 1660
f 1751 1780 1739
f 1838 1751 1739
f 1739 1780 1838
f 1791 1751 1838
f 1780 1942 1838
f 2031 1942 1780
f 1791 1838 1942
f 1791 1942 2031
f 1781 1821 1826
f 1842 1821 1781
f 1781 1826 1827
f 1781 1827 1830
f 1781 1830 1839
f 1781 1839 1844
f 1856 1842 1781
f 1781 1844 1848
f 1781 1848 1881
f 1863 1856 1781
f 1869 1863 1781
f 1884 1869 1781
f 1881 1875 1781
f 1875 1911 1781
f 1911 1884 1781
f 1826 1821 1842
f 1908 1827 1826
f 1826 1842 1908
f 1830 1827 1906
f 1908 1906 1827
f 1830 1904 1839
f 1830 1906 1904
f 1844 1839 1901
f 1904 1901 1839
f 1856 1869 1842
f 1869 1884 1842
f 1908 1842 1884
f 1848 1844 1896
f 1844 1901 1896
f 1848 1855 1881
f 1848 1894 1855
f 1848 1896 1894
f 1855 1858 1881
f 1855 1885 1858
f 1889 1885 1855
f 1855 1894 1889
f 1856 1863 1869
f 1861 1858 1880
f 1858 1861 1881
f 1858 1885 1880
f 1861 1880 1866
f 1861 1866 1881
f 1881 1866 1880
f 1881 1894 1875
f 1894 1896 1875
f 1896 1901 1875
f 1901 1904 1875
f 1904 1906 1875
f 1906 1908 1875
f 1908 1911 1875
f 1881 1880 1885
f 1881 1885 1889
f 1881 1889 1891
f 1881 1891 1894
f 1911 1908 1884
f 1889 1894 1891
f 2532 2499 2539
f 2532 2563 2499
f 2539 2499 2548
f 2548 2499 2557
f 2557 2499 2568
f 2563 2648 2499
f 2568 2499 2812
f 3032 2499 2648
f 2499 2654 2660
f 3032 2654 2499
f 2499 2660 2675
f 2499 2675 2687
f 2499 2687 2706
f 2499 2706 2732
f 2499 2732 2851
f 2812 2499 2991
f 2991 2499 2851
f 2532 2539 2563
f 2539 2548 2968
f 2539 2968 2563
f 2557 2967 2548
f 2968 2548 2967
f 2568 2961 2557
f 2557 2961 2967
f 2969 2648 2563
f 2968 2969 2563
f 2581 2568 2812
f 2581 2937 2568
f 2937 2953 2568
f 2568 2953 2961
f 2593 2581 2812
f 2593 2923 2581
f 2923 2937 2581
f 2603 2593 2812
f 2593 2603 2905
f 2593 2905 2923
f 2642 2603 2812
f 2642 2852 2603
f 2852 2905 2603
f 2651 2738 2642
f 2651 2642 2812
f 2738 2850 2642
f 2642 2850 2852
f 2648 2969 2935
f 2935 3032 2648
f 2651 2757 2738
f 2651 2808 2757
f 2812 2808 2651
f 2858 2660 2654
f 3032 2858 2654
f 2675 2660 3007
f 3024 2660 2858
f 3007 2660 3024
f 2687 2675 2988
f 2675 3007 2988
f 2687 2988 2706
f 2984 2732 2706
f 2988 2984 2706
f 2748 2732 2751
f 2851 2732 2748
f 2732 2978 2751
f 2984 2978 2732
f 2757 2826 2738
f 2826 2850 2738
f 2748 2751 2770
f 2748 2770 2775
f 2748 2775 2851
f 2751 2976 2770
f 2978 2976 2751
f 2757 2808 2821
f 2757 2821 2826
f 2770 2805 2775
f 2805 2770 2902
f 2770 2973 2902
f 2976 2973 2770
f 2775 2805 2851
f 2902 2851 2805
f 2812 2852 2808
f 2808 2852 2821
f 2905 2852 2812
f 2923 2905 2812
f 2937 2923 2812
f 2953 2937 2812
f 3032 2953 2812
f 2991 3032 2812
f 2821 2850 2826
f 2821 2852 2850
f 2974 2851 2902
f 2971 2851 2972
f 2976 2851 2971
f 2972 2851 2974
f 2976 2978 2851
f 2984 2851 2978
f 2988 2851 2984
f 3032 2851 2988
f 2851 3032 2991
f 3024 2858 2870
f 3059 2870 2858
f 3059 2858 3032
f 3043 2870 3019
f 3059 3019 2870
f 3024 2870 3043
f 2902 2973 2974
f 2935 2965 2963
f 2963 3032 2935
f 2935 2969 2965
f 3032 2961 2953
f 3032 2967 2961
f 3032 2963 2965
f 3032 2965 2969
f 3032 2968 2967
f 3032 2969 2968
f 2973 2971 2972
f 2973 2976 2971
f 2973 2972 2974
f 3032 2988 3007
f 3032 3007 3024
f 3043 3019 3055
f 3055 3019 3059
f 3032 3024 3059
f 3059 3024 3043
f 3059 3043 3055
f 3214 3189 3209
f 3189 3216 3209
f 3214 3216 3189
f 3214 3209 3246
f 3216 3546 3209
f 3209 3351 3246
f 3209 3546 3351
f 3214 3295 3216
f 3214 3246 3351
f 3214 3311 3295
f 3337 3311 3214
f 3480 3337 3214
f 3214 3351 3480
f 3295 3337 3216
f 3216 3337 3412
f 3216 3412 3550
f 3216 3550 3546
f 3311 3337 3295
f 3480 3412 3337
f 3480 3351 3433
f 3546 3433 3351
f 3480 3479 3412
f 3412 3479 3550
f 3480 3433 3498
f 3546 3498 3433
f 3572 3479 3480
f 3479 3572 3550
f 3480 3498 3546
f 3480 3546 3550
f 3480 3550 3572
f 830 848 849
f 830 994 848
f 994 830 849
f 849 835 847
f 835 852 847
f 849 848 835
f 835 848 853
f 835 853 852
f 849 847 857
f 857 847 852
f 853 848 875
f 875 848 883
f 848 932 883
f 848 994 932
f 926 849 857
f 994 849 926
f 852 853 880
f 857 852 880
f 853 875 880
f 857 880 870
f 924 857 870
f 924 926 857
f 870 880 931
f 909 924 870
f 909 870 931
f 875 879 880
f 875 883 879
f 880 879 883
f 880 883 931
f 883 932 931
f 924 909 948
f 909 931 948
f 926 924 955
f 924 948 955
f 926 955 994
f 931 932 967
f 948 931 1022
f 931 967 1018
f 931 1018 1022
f 994 967 932
f 955 948 1092
f 948 1022 1120
f 1092 948 1557
f 948 1120 1387
f 948 1387 1557
f 955 1092 994
f 994 1018 967
f 994 1021 1018
f 994 1035 1021
f 994 1121 1035
f 1088 994 1402
f 1562 994 1088
f 994 1092 1118
f 994 1118 1124
f 994 1183 1121
f 994 1124 1167
f 994 1167 1402
f 1183 994 1332
f 994 1562 1332
f 1018 1021 1022
f 1022 1021 1035
f 1022 1035 1121
f 1022 1121 1120
f 1562 1088 1402
f 1118 1092 1557
f 1118 1536 1124
f 1118 1557 1536
f 1120 1121 1183
f 1120 1183 1332
f 1373 1120 1332
f 1387 1120 1373
f 1167 1124 1164
f 1124 1532 1164
f 1124 1536 1532
f 1167 1164 1166
f 1516 1166 1164
f 1532 1516 1164
f 1167 1166 1196
f 1166 1512 1196
f 1516 1512 1166
f 1167 1196 1203
f 1167 1203 1207
f 1167 1207 1402
f 1203 1196 1207
f 1196 1324 1207
f 1196 1497 1324
f 1497 1196 1512
f 1207 1324 1402
f 1402 1324 1395
f 1395 1324 1497
f 1332 1562 1373
f 1562 1387 1373
f 1586 1557 1387
f 1562 1586 1387
f 1395 1431 1402
f 1395 1497 1431
f 1492 1402 1431
f 1509 1402 1492
f 1562 1402 1509
f 1497 1492 1431
f 1497 1496 1492
f 1509 1492 1496
f 1497 1509 1496
f 1497 1512 1509
f 1516 1509 1512
f 1562 1509 1516
f 1562 1516 1532
f 1562 1532 1536
f 1562 1536 1557
f 1562 1557 1586
f 1853 1932 1854
f 1854 1966 1853
f 1932 1853 1966
f 1854 1932 2152
f 2152 1966 1854
f 2103 1932 1966
f 2075 1932 2103
f 2152 1932 2075
f 2152 2103 1966
f 2161 2075 2103
f 2152 2075 2155
f 2155 2075 2161
f 2152 2161 2103
f 2152 2155 2161
f 4344 4411 4413
f 4437 4411 4344
f 4344 4413 4424
f 4344 4424 4427
f 4344 4427 4434
f 4344 4434 4575
f 4569 4437 4344
f 4683 4569 4344
f 4575 4683 4344
f 4411 4437 4413
f 4424 4413 4437
f 4424 4621 4427
f 4569 4424 4437
f 4424 4569 4621
f 4621 4434 4427
f 4434 4436 4575
f 4434 4605 4436
f 4621 4605 4434
f 4436 4449 4575
f 4605 4449 4436
f 4449 4493 4575
f 4449 4614 4493
f 4605 4614 4449
f 4493 4496 4575
f 4493 4622 4496
f 4493 4614 4622
f 4496 4548 4575
f 4496 4622 4548
f 4619 4548 4566
f 4566 4548 4622
f 4575 4548 4652
f 4652 4548 4619
f 4608 4566 4567
f 4566 4615 4567
f 4616 4566 4608
f 4566 4622 4615
f 4619 4566 4616
f 4567 4615 4608
f 4569 4655 4621
f 4655 4569 4683
f 4652 4740 4575
f 4575 4751 4683
f 4575 4725 4714
f 4575 4714 4750
f 4734 4725 4575
f 4734 4575 4740
f 4575 4750 4751
f 4605 4700 4614
f 4605 4621 4700
f 4608 4615 4616
f 4614 4671 4622
f 4614 4700 4671
f 4615 4619 4616
f 4619 4615 4670
f 4622 4671 4615
f 4615 4671 4670
f 4652 4619 4670
f 4621 4655 4758
f 4621 4773 4700
f 4621 4758 4785
f 4621 4785 4773
f 4652 4670 4740
f 4758 4655 4683
f 4671 4675 4670
f 4740 4670 4675
f 4675 4671 4712
f 4700 4715 4671
f 4671 4715 4712
f 4740 4675 4712
f 4751 4772 4683
f 4683 4792 4758
f 4772 4782 4683
f 4782 4875 4683
f 4683 4875 4792
f 4700 4752 4715
f 4700 4773 4752
f 4715 4743 4712
f 4738 4740 4712
f 4712 4743 4738
f 4715 4714 4743
f 4752 4714 4715
f 4743 4714 4725
f 4752 4750 4714
f 4734 4735 4725
f 4725 4735 4743
f 4734 4737 4735
f 4743 4737 4734
f 4740 4743 4734
f 4735 4737 4743
f 4742 4740 4738
f 4744 4742 4738
f 4738 4743 4744
f 4743 4740 4742
f 4743 4742 4744
f 4752 4751 4750
f 4752 4753 4751
f 4751 4753 4772
f 4752 4772 4753
f 4752 4773 4772
f 4758 4792 4785
f 4773 4782 4772
f 4773 4792 4782
f 4773 4785 4792
f 4782 4792 4796
f 4782 4796 4794
f 4782 4794 4848
f 4782 4848 4875
f 4792 4824 4796
f 4792 4875 4824
f 4794 4796 4824
f 4794 4824 4848
f 4824 4875 4848
f 3180 3148 3122
f 3122 3148 3213
f 3201 3180 3122
f 3303 3201 3122
f 3122 3213 3252
f 3122 3252 3303
f 3180 3213 3148
f 3201 3252 3180
f 3252 3213 3180
f 3211 3212 3201
f 3211 3201 3303
f 3201 3212 3252
f 3211 3218 3212
f 3218 3211 3303
f 3231 3212 3218
f 3307 3212 3231
f 3212 3307 3252
f 3238 3231 3218
f 3238 3218 3303
f 3238 3333 3231
f 3231 3318 3307
f 3333 3318 3231
f 3249 3238 3303
f 3249 3345 3238
f 3238 3345 3333
f 3251 3249 3303
f 3251 3358 3249
f 3358 3345 3249
f 3303 3365 3251
f 3251 3365 3358
f 3303 3252 3301
f 3252 3307 3301
f 3301 3316 3303
f 3316 3301 3307
f 3303 3316 3325
f 3303 3325 3333
f 3303 3333 3345
f 3303 3345 3358
f 3303 3358 3365
f 3317 3316 3307
f 3317 3307 3318
f 3316 3317 3325
f 3325 3317 3318
f 3325 3318 3333
f 1881 1871 1870
f 1895 1870 1871
f 1881 1870 2002
f 2002 1870 1895
f 1881 1878 1871
f 1871 1878 1996
f 1895 1871 2041
f 1871 1996 2041
f 2002 1875 1881
f 1881 1875 2218
f 2218 1875 2002
f 1878 1881 1890
f 1878 1890 1887
f 1878 1887 1944
f 1878 1944 1996
f 1881 1910 1890
f 1927 1910 1881
f 1943 1927 1881
f 1944 1943 1881
f 1881 1996 1944
f 1881 2041 1996
f 1881 2218 2041
f 1890 1927 1887
f 1887 1927 1943
f 1944 1887 1943
f 1890 1910 1927
f 2002 1895 1913
f 1895 2196 1913
f 2105 1895 2041
f 1895 2105 2196
f 2002 1913 1956
f 1956 1913 2186
f 1913 2196 2186
f 2002 1956 1962
f 1962 1956 2157
f 1956 2176 2157
f 2176 1956 2186
f 2002 1962 1970
f 2127 1970 1962
f 2127 1962 2157
f 1970 1972 2002
f 2046 1972 1970
f 2046 1970 2127
f 2002 1972 1985
f 2046 1985 1972
f 2002 1985 2032
f 2032 1985 2046
f 2002 2032 2046
f 2046 2127 2002
f 2127 2157 2002
f 2157 2175 2002
f 2175 2218 2002
f 2041 2218 2105
f 2196 2105 2198
f 2218 2198 2105
f 2157 2176 2175
f 2176 2218 2175
f 2186 2218 2176
f 2196 2218 2186
f 2198 2218 2196
f 1973 2020 2121
f 1973 2143 2020
f 1973 2121 2167
f 2194 2143 1973
f 1973 2167 2180
f 2180 2194 1973
f 2121 2020 2143
f 2167 2121 2143
f 2167 2143 2194
f 2167 2205 2180
f 2205 2167 2194
f 2180 2499 2194
f 2180 2205 2264
f 2264 2499 2180
f 2205 2194 2264
f 2264 2194 2278
f 2278 2194 2284
f 2194 2499 2284
f 2402 2264 2278
f 2264 2402 2499
f 2284 2373 2278
f 2373 2575 2278
f 2278 2575 2402
f 2499 2373 2284
f 2499 2444 2373
f 2373 2444 2550
f 2373 2550 2575
f 2499 2402 2585
f 2402 2575 2585
f 2499 2449 2444
f 2449 2534 2444
f 2550 2444 2534
f 2532 2449 2499
f 2449 2532 2534
f 2499 2534 2532
f 2499 2585 2534
f 2534 2585 2550
f 2550 2585 2575
f 4484 4480 4485
f 4582 4480 4484
f 4485 4480 4571
f 4480 4577 4571
f 4577 4480 4582
f 4484 4485 4623
f 4494 4582 4484
f 4494 4484 4646
f 4484 4623 4646
f 4491 4485 4531
f 4485 4491 4609
f 4531 4485 4547
f 4547 4485 4557
f 4557 4485 4571
f 4485 4609 4623
f 4491 4531 4589
f 4491 4589 4609
f 4536 4582 4494
f 4494 4648 4536
f 4494 4646 4648
f 4531 4547 4584
f 4531 4584 4589
f 4536 4645 4582
f 4536 4648 4645
f 4547 4557 4584
f 4580 4557 4571
f 4584 4557 4580
f 4571 4577 4658
f 4571 4623 4580
f 4571 4646 4623
f 4648 4646 4571
f 4648 4571 4658
f 4577 4582 4658
f 4580 4623 4584
f 4658 4582 4645
f 4589 4584 4623
f 4609 4589 4623
f 4645 4648 4658
f 1328 1262 1336
f 1262 1328 1508
f 1336 1262 1349
f 1418 1349 1262
f 1418 1262 1423
f 1423 1262 1447
f 1728 1447 1262
f 1262 1508 1576
f 1262 1576 1772
f 1262 1638 1728
f 1262 1772 1638
f 1336 1466 1328
f 1328 1466 1508
f 1349 1466 1336
f 1418 1466 1349
f 1423 1529 1418
f 1529 1466 1418
f 1423 1447 1529
f 1447 1511 1529
f 1728 1511 1447
f 1466 1576 1508
f 1529 1632 1466
f 1466 1632 1576
f 1511 1568 1529
f 1728 1568 1511
f 1568 1657 1529
f 1529 1640 1632
f 1529 1682 1640
f 1529 1657 1664
f 1529 1664 1682
f 1599 1657 1568
f 1728 1599 1568
f 1576 1632 1772
f 1650 1657 1599
f 1728 1650 1599
f 1632 1640 1772
f 1638 1772 1728
f 1640 1682 1648
f 1640 1648 1772
f 1682 1688 1648
f 1688 1720 1648
f 1648 1720 1772
f 1650 1701 1657
f 1650 1742 1701
f 1728 1742 1650
f 1664 1657 1675
f 1657 1698 1675
f 1657 1701 1698
f 1728 1664 1675
f 1728 1682 1664
f 1728 1675 1698
f 1772 1688 1682
f 1772 1682 1728
f 1772 1720 1688
f 1728 1698 1701
f 1728 1701 1742
f 187 217 230
f 217 187 494
f 394 187 230
f 394 723 187
f 187 723 494
f 217 220 233
f 494 220 217
f 217 233 230
f 257 220 221
f 494 221 220
f 275 233 220
f 220 257 274
f 275 220 274
f 257 221 237
f 237 221 494
f 230 233 394
f 238 233 254
f 233 238 394
f 254 233 275
f 257 237 494
f 238 254 394
f 254 275 394
f 494 274 257
f 274 281 275
f 274 494 281
f 275 281 283
f 275 283 394
f 281 290 283
f 634 290 281
f 494 634 281
f 290 294 283
f 283 294 634
f 283 634 394
f 290 322 294
f 634 322 290
f 294 322 634
f 394 634 723
f 494 798 634
f 494 723 798
f 634 1088 723
f 634 798 1088
f 1088 798 723
f 1288 1282 1273
f 1273 1282 1415
f 1273 1415 1288
f 1292 1282 1288
f 1318 1282 1292
f 1415 1282 1318
f 1288 1412 1292
f 1854 1412 1288
f 1415 1538 1288
f 1538 1854 1288
f 1292 1371 1318
f 1449 1371 1292
f 1292 1412 1449
f 1415 1318 1371
f 1538 1415 1371
f 1449 1478 1371
f 1631 1371 1478
f 1631 1538 1371
f 1412 1854 1449
f 1449 1631 1478
f 1854 1631 1449
f 1631 1731 1538
f 1538 1731 1854
f 1770 1731 1631
f 1770 1631 1854
f 1853 1731 1770
f 1854 1731 1853
f 1854 1853 1770
f 3758 3732 3751
f 3732 3760 3751
f 3826 3732 3758
f 3842 3760 3732
f 3764 3732 3826
f 3842 3732 3764
f 3753 3751 3752
f 3751 3757 3752
f 3758 3751 3753
f 3760 3757 3751
f 3752 3757 3753
f 3757 3758 3753
f 3757 3826 3758
f 3760 3773 3757
f 3773 3883 3757
f 3757 3867 3826
f 3757 3870 3867
f 3757 3874 3870
f 3757 3883 3874
f 3842 3773 3760
f 3764 3826 3856
f 3842 3764 3874
f 3863 3764 3856
f 3867 3764 3863
f 3870 3764 3867
f 3874 3764 3870
f 3842 3776 3773
f 3773 3776 3883
f 3780 3774 3775
f 3842 3775 3774
f 3774 3780 3777
f 3842 3774 3777
f 3842 3780 3775
f 3842 3777 3776
f 3777 3888 3776
f 3776 3888 3883
f 3780 3902 3777
f 3902 3888 3777
f 3842 3903 3780
f 3780 3903 3902
f 3826 3863 3856
f 3867 3863 3826
f 3874 3883 3842
f 3883 3888 3842
f 3888 3891 3842
f 3891 3902 3842
f 3902 3909 3842
f 3842 3911 3903
f 3909 3911 3842
f 3902 3891 3888
f 3903 3909 3902
f 3903 3911 3909
f 865 867 915
f 865 1002 867
f 915 1002 865
f 867 1002 913
f 913 1247 867
f 867 1043 915
f 1093 1043 867
f 1247 1093 867
f 913 1002 917
f 913 917 1144
f 913 1144 1225
f 913 1225 1247
f 981 1002 915
f 915 1043 981
f 917 1002 927
f 927 1060 917
f 917 1060 1144
f 1002 1060 927
f 1002 981 1043
f 1002 1043 1093
f 1002 1137 1060
f 1002 1093 1116
f 1002 1116 1189
f 1311 1137 1002
f 1002 1189 1311
f 1060 1137 1144
f 1093 1247 1116
f 1116 1224 1189
f 1247 1224 1116
f 1311 1144 1137
f 1311 1225 1144
f 1266 1189 1224
f 1311 1189 1266
f 1266 1224 1247
f 1247 1225 1266
f 1311 1266 1225
f 4 5 9
f 12 5 4
f 485 4 9
f 11 15 4
f 485 11 4
f 15 12 4
f 5 28 9
f 485 5 12
f 5 13 28
f 485 13 5
f 28 29 9
f 29 485 9
f 15 11 506
f 506 11 485
f 23 12 15
f 23 22 12
f 289 12 22
f 485 12 289
f 28 13 485
f 23 15 506
f 52 22 23
f 289 22 52
f 58 52 23
f 58 23 506
f 28 40 29
f 40 28 485
f 29 40 39
f 39 485 29
f 39 40 41
f 41 485 39
f 41 40 485
f 90 52 58
f 236 52 90
f 289 52 236
f 90 58 91
f 222 91 58
f 299 222 58
f 299 58 506
f 90 91 236
f 91 222 236
f 236 222 309
f 309 222 299
f 289 236 309
f 289 309 522
f 289 522 485
f 299 308 309
f 299 401 308
f 452 401 299
f 452 299 506
f 309 308 396
f 396 308 401
f 309 396 522
f 396 401 435
f 519 396 435
f 522 396 519
f 401 437 435
f 452 437 401
f 435 437 519
f 503 437 452
f 437 503 519
f 452 506 503
f 506 485 644
f 522 585 485
f 585 654 485
f 485 856 644
f 485 654 738
f 485 738 856
f 503 506 587
f 503 522 519
f 522 503 585
f 503 587 585
f 587 506 623
f 708 623 506
f 506 644 708
f 585 587 623
f 585 623 654
f 654 623 687
f 708 687 623
f 644 856 708
f 654 687 738
f 687 708 730
f 738 687 730
f 708 781 730
f 856 781 708
f 738 730 781
f 768 738 781
f 856 738 768
f 768 781 856
f 1639 1594 1412
f 1594 1999 1412
f 1412 1999 1639
f 1639 1667 1594
f 1594 1665 1662
f 1662 1745 1594
f 1594 1667 1665
f 1745 1769 1594
f 1769 1793 1594
f 1793 1796 1594
f 1796 1999 1594
f 1639 1669 1667
f 1639 1672 1669
f 1671 1674 1639
f 1639 1767 1671
f 1639 1677 1672
f 1674 1676 1639
f 1676 1679 1639
f 1639 1680 1677
f 1679 1681 1639
f 1639 1681 1680
f 1639 1774 1767
f 1999 1774 1639
f 1662 1665 1745
f 1665 1667 1745
f 1769 1667 1669
f 1745 1667 1769
f 1669 1672 1793
f 1793 1769 1669
f 1767 1674 1671
f 1672 1677 1902
f 1793 1672 1796
f 1672 1902 1796
f 1674 1767 1676
f 1679 1676 1820
f 1676 1767 1774
f 1774 1820 1676
f 1903 1677 1680
f 1677 1903 1902
f 1679 1907 1681
f 1679 1820 1907
f 1680 1681 1905
f 1903 1680 1905
f 1905 1681 1907
f 1999 1820 1774
f 1796 1902 1900
f 1900 1999 1796
f 1999 1907 1820
f 1900 1902 1999
f 1902 1903 1999
f 1999 1903 1905
f 1905 1907 1912
f 1905 1912 1999
f 1999 1912 1907
f 1772 1638 1728
f 1728 1638 2222
f 2222 1638 1772
f 1682 1664 1675
f 1728 1675 1664
f 1728 1664 1682
f 1682 1675 1708
f 1675 1698 1708
f 1698 1675 1728
f 1682 1708 1688
f 1682 1688 1772
f 1728 1682 1772
f 1708 1720 1688
f 1688 1720 1772
f 1701 1698 1728
f 1701 1803 1698
f 1698 1864 1708
f 1698 1803 1864
f 1742 1701 1728
f 1742 1799 1701
f 1799 1803 1701
f 1708 1743 1720
f 1708 1872 1743
f 1708 1864 1946
f 1708 1897 1872
f 1708 2018 1897
f 1946 2045 1708
f 1708 2045 2018
f 1720 1743 1749
f 1720 1749 1772
f 1728 1799 1742
f 1799 1728 1864
f 1864 1728 1946
f 1728 2045 1946
f 1728 2122 2045
f 2222 2122 1728
f 1743 1850 1749
f 1743 1872 1850
f 1749 1789 1772
f 1749 1850 1789
f 1772 1789 1850
f 1772 1850 1897
f 1772 1897 2018
f 1772 2018 2122
f 1772 2122 2222
f 1803 1799 1864
f 1897 1850 1872
f 2018 2045 2122
f 4650 4217 4692
f 4650 4916 4217
f 4780 4217 4653
f 4653 4217 4916
f 4692 4217 4780
f 4692 4916 4650
f 4780 4653 5089
f 5089 4653 4916
f 4780 4916 4692
f 4916 4780 5099
f 5099 4780 5089
f 5396 5089 4916
f 5099 5421 4916
f 4916 5407 5396
f 4916 5416 5407
f 4916 5421 5416
f 5089 5409 5099
f 5384 5089 5386
f 5384 5404 5089
f 5386 5089 5396
f 5404 5409 5089
f 5409 5415 5099
f 5415 5429 5099
f 5099 5427 5421
f 5099 5441 5427
f 5429 5441 5099
f 5386 5404 5384
f 5386 5396 5407
f 5407 5404 5386
f 5407 5409 5404
f 5407 5416 5409
f 5416 5415 5409
f 5421 5415 5416
f 5421 5427 5415
f 5429 5415 5427
f 5441 5429 5427
f 4653 4632 5015
f 5028 4632 4653
f 5015 4632 5028
f 5089 4653 5015
f 5028 4653 5089
f 5028 5440 5015
f 5435 5089 5015
f 5445 5435 5015
f 5015 5440 5446
f 5469 5445 5015
f 5015 5446 5469
f 5397 5028 5089
f 5397 5398 5028
f 5028 5398 5400
f 5028 5400 5425
f 5028 5425 5433
f 5028 5433 5440
f 5382 5089 5384
f 5382 5397 5089
f 5089 5401 5384
f 5089 5406 5401
f 5413 5406 5089
f 5431 5413 5089
f 5435 5431 5089
f 5384 5401 5382
f 5401 5397 5382
f 5397 5400 5398
f 5401 5400 5397
f 5401 5406 5400
f 5400 5406 5413
f 5413 5411 5400
f 5425 5400 5411
f 5431 5411 5413
f 5433 5425 5411
f 5431 5433 5411
f 5440 5433 5431
f 5435 5446 5431
f 5431 5446 5440
f 5445 5446 5435
f 5460 5446 5445
f 5459 5460 5445
f 5445 5469 5459
f 5469 5446 5460
f 5475 5460 5459
f 5469 5476 5459
f 5476 5475 5459
f 5475 5469 5460
f 5469 5475 5476
f 815 819 809
f 994 815 809
f 994 809 819
f 815 846 819
f 815 844 846
f 994 844 815
f 830 819 846
f 994 819 830
f 830 846 994
f 838 846 844
f 994 838 844
f 846 838 994
f 1815 1831 1825
f 1851 1815 1825
f 1851 1831 1815
f 1831 1877 1825
f 1851 1825 1835
f 1835 1825 1862
f 1862 1825 1877
f 1851 1833 1831
f 1833 1986 1831
f 1877 1831 1924
f 1831 1986 1924
f 1849 1833 1840
f 1840 1833 1988
f 1833 1849 1986
f 1833 1851 1988
f 1851 1835 1862
f 1841 1849 1840
f 1841 1840 1988
f 1843 1849 1841
f 1843 1841 1988
f 1843 1846 1849
f 1846 1843 1988
f 1846 1930 1849
f 1988 1930 1846
f 1930 2016 1849
f 1849 2008 1986
f 1849 2016 2008
f 1862 1877 1851
f 1877 1924 1851
f 1986 1851 1924
f 2001 1851 1986
f 1988 1851 2001
f 1930 1988 1933
f 1930 1933 1997
f 1930 1997 2016
f 1934 1933 1988
f 1933 1934 1991
f 1933 1991 1997
f 1934 1988 1936
f 1936 1989 1934
f 1989 1991 1934
f 1938 1969 1936
f 1936 1988 1938
f 1969 1989 1936
f 1941 1967 1938
f 1938 1988 1941
f 1967 1969 1938
f 1947 1950 1941
f 1941 1988 1947
f 1950 1967 1941
f 1948 1950 1947
f 1947 1988 1948
f 1989 1950 1948
f 1948 1988 2021
f 1991 1989 1948
f 1997 1991 1948
f 1997 1948 2021
f 1989 1967 1950
f 1989 1969 1967
f 1986 2008 2001
f 2001 2008 1988
f 2008 2016 1988
f 2016 2021 1988
f 2016 1997 2021
f 247 252 255
f 252 247 268
f 247 255 266
f 247 266 268
f 251 267 248
f 580 251 248
f 267 261 248
f 580 248 261
f 251 252 268
f 580 252 251
f 251 268 267
f 252 580 255
f 255 297 266
f 336 297 255
f 255 505 336
f 255 580 505
f 261 267 273
f 261 273 293
f 261 293 580
f 268 266 273
f 266 297 273
f 267 268 273
f 297 293 273
f 297 356 293
f 383 293 356
f 405 293 383
f 465 293 405
f 580 293 465
f 336 364 297
f 397 356 297
f 364 397 297
f 336 505 364
f 397 383 356
f 364 458 397
f 364 505 458
f 383 397 405
f 397 465 405
f 458 467 397
f 397 467 465
f 458 464 467
f 458 478 464
f 458 479 478
f 458 484 479
f 458 505 484
f 464 466 467
f 474 466 464
f 478 474 464
f 465 467 509
f 580 465 509
f 466 474 467
f 474 478 467
f 467 478 479
f 467 479 484
f 467 484 509
f 509 484 505
f 510 509 505
f 616 510 505
f 631 505 580
f 505 631 616
f 580 509 510
f 510 616 580
f 616 643 580
f 643 631 580
f 631 643 616
f 1236 1244 1255
f 1244 1236 1262
f 1262 1236 1255
f 1244 1349 1255
f 1272 1244 1262
f 1272 1349 1244
f 1262 1255 1328
f 1255 1336 1328
f 1349 1336 1255
f 1284 1272 1262
f 1287 1284 1262
f 1728 1287 1262
f 1328 1336 1262
f 1336 1349 1262
f 1349 1418 1262
f 1418 1423 1262
f 1423 1447 1262
f 1262 1447 1728
f 1284 1418 1272
f 1272 1418 1349
f 1284 1287 1423
f 1284 1423 1418
f 1423 1287 1471
f 1728 1471 1287
f 1423 1471 1447
f 1447 1471 1494
f 1447 1494 1511
f 1728 1447 1511
f 1494 1471 1728
f 1494 1520 1511
f 1520 1494 1728
f 1568 1511 1520
f 1728 1511 1568
f 1520 1599 1568
f 1599 1520 1728
f 1728 1568 1599
f 3187 2991 3576
f 3694 2991 3187
f 3576 2991 3694
f 3576 3474 3187
f 3474 3694 3187
f 3512 3474 3595
f 3512 3654 3474
f 3474 3576 3670
f 3474 3670 3595
f 3474 3654 3873
f 3474 3873 3694
f 3654 3512 3595
f 3576 4102 3670
f 3694 3873 3576
f 4186 3576 3873
f 3576 4186 4102
f 3595 3706 3654
f 3595 3670 3706
f 3783 3654 3706
f 3873 3654 3783
f 3706 3670 3884
f 4069 3884 3670
f 3670 4102 4069
f 3884 3783 3706
f 3783 3877 3873
f 3877 3783 3965
f 3965 3783 3884
f 3873 3877 3965
f 3873 3965 4057
f 3873 4057 4186
f 3965 3884 4063
f 3884 4047 4063
f 4069 4047 3884
f 3965 4063 4057
f 4047 4069 4063
f 4057 4063 4186
f 4069 4186 4063
f 4069 4102 4186
f 2963 2986 2975
f 2963 2975 3032
f 3032 2986 2963
f 2986 3050 2975
f 2975 2996 3032
f 2975 3060 2996
f 2975 3050 3060
f 3032 3047 2986
f 2986 3047 3050
f 2996 3087 3032
f 2996 3060 3087
f 3032 3087 3047
f 3047 3087 3050
f 3050 3087 3060
f 4040 4099 4079
f 4118 4040 4079
f 4118 4099 4040
f 4118 4079 4084
f 4532 4084 4079
f 4099 4488 4079
f 4488 4532 4079
f 4092 4118 4084
f 4092 4084 4576
f 4532 4576 4084
f 4131 4118 4092
f 4092 4568 4131
f 4092 4576 4568
f 4118 4142 4099
f 4099 4142 4227
f 4099 4227 4488
f 4131 4217 4118
f 4118 4227 4142
f 4118 4217 4650
f 4475 4227 4118
f 4650 4475 4118
f 4137 4217 4131
f 4131 4495 4137
f 4131 4568 4495
f 4139 4217 4137
f 4139 4137 4445
f 4445 4137 4495
f 4155 4139 4174
f 4139 4155 4217
f 4139 4363 4174
f 4139 4445 4363
f 4217 4155 4174
f 4217 4174 4181
f 4174 4360 4181
f 4363 4360 4174
f 4199 4181 4205
f 4217 4181 4199
f 4181 4359 4205
f 4360 4359 4181
f 4199 4205 4225
f 4217 4199 4330
f 4199 4225 4330
f 4205 4218 4225
f 4356 4218 4205
f 4359 4356 4205
f 4330 4356 4217
f 4217 4356 4359
f 4217 4359 4360
f 4217 4360 4363
f 4650 4217 4363
f 4218 4350 4225
f 4356 4350 4218
f 4225 4329 4330
f 4225 4346 4329
f 4225 4350 4346
f 4227 4475 4488
f 4330 4329 4346
f 4330 4346 4355
f 4330 4355 4356
f 4355 4346 4350
f 4356 4355 4350
f 4650 4363 4445
f 4445 4495 4460
f 4650 4445 4460
f 4460 4495 4650
f 4650 4488 4475
f 4650 4532 4488
f 4495 4568 4650
f 4650 4576 4532
f 4568 4576 4579
f 4568 4579 4650
f 4650 4579 4576
f 4217 4504 4118
f 4650 4217 4118
f 4118 4227 4475
f 4504 4227 4118
f 4118 4475 4650
f 4504 4217 4692
f 4692 4217 4650
f 4227 4336 4475
f 4504 4336 4227
f 4504 4365 4336
f 4336 4365 4643
f 4336 4643 4475
f 4504 4379 4365
f 4379 4634 4365
f 4643 4365 4634
f 4504 4412 4379
f 4412 4629 4379
f 4379 4629 4634
f 4421 4412 4504
f 4421 4603 4412
f 4412 4603 4629
f 4429 4421 4504
f 4429 4510 4421
f 4510 4603 4421
f 4435 4429 4504
f 4435 4510 4429
f 4504 4510 4435
f 4475 4643 4488
f 4475 4488 4650
f 4488 4532 4650
f 4488 4659 4532
f 4488 4643 4647
f 4647 4659 4488
f 4504 4603 4510
f 4504 4604 4603
f 4504 4629 4604
f 4504 4634 4629
f 4504 4643 4634
f 4504 4647 4643
f 4650 4647 4504
f 4650 4504 4692
f 4532 4576 4650
f 4664 4576 4532
f 4659 4664 4532
f 4576 4579 4650
f 4579 4576 4691
f 4664 4691 4576
f 4579 4693 4650
f 4579 4691 4693
f 4629 4603 4604
f 4650 4659 4647
f 4650 4664 4659
f 4650 4693 4664
f 4664 4693 4691
f 767 778 764
f 764 881 767
f 778 825 764
f 825 868 764
f 868 935 764
f 881 764 1009
f 935 987 764
f 1004 964 764
f 764 964 1009
f 987 1004 764
f 767 881 778
f 778 1451 825
f 778 881 1009
f 778 1009 1451
f 1453 868 825
f 825 1451 1453
f 868 1453 935
f 935 1490 987
f 1453 1490 935
f 1004 1243 964
f 1009 964 1238
f 1238 964 1728
f 1243 1259 964
f 964 1259 1471
f 964 1471 1728
f 1004 987 1243
f 987 1490 1243
f 1009 1238 1451
f 1451 1238 1445
f 1445 1238 1728
f 1243 1490 1259
f 1259 1490 1471
f 1451 1445 1728
f 1453 1451 1728
f 1488 1490 1453
f 1488 1453 1728
f 1471 1490 1494
f 1728 1471 1494
f 1488 1555 1490
f 1555 1488 1728
f 1490 1520 1494
f 1555 1520 1490
f 1728 1494 1520
f 1555 1599 1520
f 1728 1520 1599
f 1599 1555 1728
f 202 227 192
f 192 460 202
f 227 231 192
f 192 231 460
f 202 460 227
f 227 240 231
f 240 227 460
f 240 246 231
f 460 231 246
f 263 246 240
f 240 260 270
f 483 260 240
f 263 240 270
f 483 240 460
f 256 246 263
f 460 246 256
f 256 263 417
f 460 256 417
f 483 270 260
f 417 263 270
f 417 270 483
f 417 1088 460
f 483 1088 417
f 460 1088 483
f 3576 4102 4186
f 4833 4102 3576
f 4653 3576 4186
f 4833 3576 4653
f 4186 4102 4833
f 4186 4833 4653
f 2071 2117 2093
f 2071 2093 2129
f 2235 2117 2071
f 2071 2129 2187
f 2071 2187 2235
f 2117 2129 2093
f 2170 2129 2117
f 2235 2170 2117
f 2170 2232 2129
f 2187 2129 2232
f 2152 2155 2158
f 2152 2231 2155
f 2235 2152 2158
f 2152 2235 2168
f 2152 2168 2488
f 2488 2231 2152
f 2231 2158 2155
f 2158 2231 2170
f 2170 2235 2158
f 2168 2235 2488
f 2232 2170 2231
f 2187 2232 2235
f 2433 2232 2231
f 2433 2231 2427
f 2488 2427 2231
f 2232 2433 2235
f 2484 2235 2433
f 2488 2235 2484
f 2484 2433 2427
f 2484 2427 2488
f 2416 2480 2419
f 2582 2416 2419
f 2480 2416 2478
f 2478 2416 2570
f 2570 2416 2582
f 2480 2495 2419
f 2419 2495 2523
f 2582 2419 2523
f 2480 2478 2570
f 2480 2582 2495
f 2480 2570 2582
f 2523 2495 2582
f 1987 1791 1942
f 2031 1942 1791
f 2031 1791 1987
f 1987 1942 2031
f 32 36 35
f 32 35 482
f 36 32 482
f 35 36 53
f 48 35 53
f 35 48 482
f 53 36 482
f 65 48 53
f 482 48 65
f 53 64 68
f 53 482 64
f 65 53 68
f 75 68 64
f 70 78 64
f 64 482 70
f 78 75 64
f 75 65 68
f 492 65 75
f 482 65 492
f 115 78 70
f 115 70 644
f 482 644 70
f 75 78 106
f 87 75 96
f 492 75 87
f 96 75 106
f 106 78 104
f 115 104 78
f 87 96 492
f 122 96 106
f 492 96 122
f 104 123 106
f 104 115 123
f 106 123 122
f 115 644 123
f 122 123 644
f 122 644 492
f 492 644 482
f 2222 2314 2221
f 2221 2329 2222
f 2221 2314 2275
f 2324 2221 2275
f 2221 2324 2329
f 2311 2222 2354
f 2311 2615 2222
f 2222 2370 2314
f 2329 2349 2222
f 2354 2222 2349
f 2222 2559 2370
f 2708 2559 2222
f 2222 2615 2743
f 2222 2743 2708
f 2275 2314 2347
f 2324 2275 2347
f 2311 2315 2328
f 2334 2315 2311
f 2311 2328 2411
f 2339 2334 2311
f 2339 2311 2345
f 2311 2351 2345
f 2311 2353 2351
f 2353 2311 2354
f 2311 2411 2431
f 2311 2431 2459
f 2311 2459 2471
f 2311 2471 2537
f 2311 2537 2561
f 2311 2561 2615
f 2314 2571 2347
f 2314 2370 2571
f 2315 2334 2328
f 2324 2326 2329
f 2324 2347 2326
f 2347 2329 2326
f 2328 2334 2576
f 2328 2576 2411
f 2347 2338 2329
f 2329 2338 2349
f 2334 2339 2577
f 2334 2577 2576
f 2338 2347 2349
f 2577 2339 2345
f 2351 2579 2345
f 2579 2577 2345
f 2349 2347 2590
f 2347 2571 2578
f 2347 2578 2590
f 2354 2349 2590
f 2353 2590 2351
f 2351 2580 2579
f 2590 2580 2351
f 2354 2590 2353
f 2370 2559 2571
f 2411 2573 2431
f 2576 2573 2411
f 2431 2573 2459
f 2459 2567 2471
f 2573 2567 2459
f 2471 2566 2537
f 2471 2567 2566
f 2537 2564 2561
f 2566 2564 2537
f 2559 2625 2571
f 2708 2625 2559
f 2561 2564 2615
f 2564 2566 2615
f 2566 2567 2615
f 2567 2573 2615
f 2571 2619 2578
f 2571 2629 2619
f 2625 2634 2571
f 2571 2632 2629
f 2571 2634 2632
f 2573 2576 2615
f 2576 2577 2615
f 2577 2579 2615
f 2578 2608 2590
f 2578 2613 2608
f 2620 2613 2578
f 2619 2620 2578
f 2579 2580 2615
f 2590 2602 2580
f 2615 2580 2602
f 2590 2604 2602
f 2608 2604 2590
f 2615 2602 2604
f 2608 2615 2604
f 2613 2615 2608
f 2620 2615 2613
f 2615 2620 2708
f 2743 2615 2708
f 2621 2620 2619
f 2627 2621 2619
f 2619 2629 2627
f 2708 2620 2621
f 2708 2621 2627
f 2625 2650 2634
f 2708 2650 2625
f 2708 2627 2629
f 2708 2629 2632
f 2708 2632 2634
f 2708 2634 2650
f 1049 1067 798
f 1068 1049 798
f 1067 1079 798
f 798 1076 1068
f 1385 1076 798
f 1079 1152 798
f 1152 1311 798
f 1638 798 1311
f 1385 798 1638
f 1049 1068 1067
f 1068 1322 1067
f 1067 1322 1079
f 1068 1076 1331
f 1068 1331 1322
f 1148 1333 1076
f 1385 1148 1076
f 1331 1076 1333
f 1152 1079 1317
f 1322 1317 1079
f 1148 1159 1339
f 1385 1159 1148
f 1148 1339 1333
f 1158 1311 1152
f 1152 1317 1158
f 1161 1158 1301
f 1161 1311 1158
f 1158 1296 1301
f 1158 1317 1296
f 1193 1341 1159
f 1385 1193 1159
f 1339 1159 1341
f 1303 1162 1161
f 1162 1311 1161
f 1303 1161 1301
f 1165 1162 1306
f 1165 1311 1162
f 1303 1306 1162
f 1169 1165 1249
f 1169 1311 1165
f 1165 1310 1249
f 1165 1306 1310
f 1311 1169 1249
f 1193 1340 1341
f 1385 1340 1193
f 1310 1323 1249
f 1311 1249 1330
f 1249 1323 1330
f 1296 1311 1301
f 1385 1311 1296
f 1317 1385 1296
f 1301 1311 1303
f 1303 1311 1306
f 1306 1311 1310
f 1310 1311 1323
f 1323 1311 1330
f 1385 1638 1311
f 1322 1385 1317
f 1331 1385 1322
f 1333 1385 1331
f 1385 1333 1339
f 1341 1385 1339
f 1385 1341 1340
f 4593 4596 4699
f 4761 4596 4593
f 4699 4761 4593
f 4596 4598 4699
f 4598 4596 4760
f 4760 4596 4761
f 4598 4612 4610
f 4598 4610 4699
f 4612 4598 4759
f 4598 4760 4759
f 4610 4612 4699
f 4612 4657 4699
f 4657 4612 4762
f 4762 4612 4759
f 4657 4764 4699
f 4657 4762 4763
f 4763 4764 4657
f 4699 4759 4760
f 4699 4762 4759
f 4699 4760 4761
f 4699 4763 4762
f 4699 4764 4763
f 2168 1817 1875
f 1875 1817 2174
f 2174 1817 2168
f 1875 2248 2168
f 2174 2248 1875
f 2168 2991 2174
f 2248 2991 2168
f 2174 2991 2248
f 3873 3965 3877
f 3877 4105 3873
f 3873 4057 3965
f 4186 4057 3873
f 3873 4105 4179
f 3873 4179 4186
f 3877 3965 4105
f 3965 4057 4105
f 4186 4063 4057
f 4057 4063 4191
f 4105 4057 4179
f 4057 4191 4179
f 4186 4191 4063
f 4186 4179 4375
f 4179 4191 4375
f 4375 4191 4186
f 2777 2768 2796
f 2864 2768 2777
f 2864 2796 2768
f 2864 2777 2790
f 2777 2917 2790
f 2777 2796 2897
f 2777 2897 2917
f 2857 2790 2809
f 2809 2790 2932
f 2864 2790 2857
f 2917 2932 2790
f 2864 2859 2796
f 2796 2859 2897
f 2823 2844 2809
f 2809 2954 2823
f 2844 2857 2809
f 2954 2809 2932
f 2833 2844 2823
f 2916 2833 2823
f 2916 2823 2950
f 2823 2954 2950
f 2896 2844 2833
f 2896 2833 2916
f 2857 2844 2896
f 2857 2896 2864
f 2859 2860 2861
f 2864 2860 2859
f 2859 2861 2897
f 2864 2861 2860
f 2864 2897 2861
f 2896 2966 2864
f 2864 2917 2897
f 2864 2932 2917
f 2864 2954 2932
f 2864 2966 2954
f 2896 2916 2966
f 2966 2916 2950
f 2950 2954 2966
f 5072 4953 4833
f 4833 4953 5126
f 5072 4833 5126
f 5192 4953 5072
f 5249 5126 4953
f 5190 4953 5192
f 5218 4953 5190
f 5225 4953 5218
f 5225 5238 4953
f 5238 5249 4953
f 5126 5248 5072
f 5221 5192 5072
f 5072 5228 5221
f 5072 5233 5228
f 5072 5239 5233
f 5072 5242 5239
f 5248 5242 5072
f 5126 5254 5248
f 5252 5126 5249
f 5126 5252 5266
f 5126 5263 5254
f 5266 5263 5126
f 5192 5218 5190
f 5221 5218 5192
f 5228 5218 5221
f 5238 5225 5218
f 5228 5238 5218
f 5233 5239 5228
f 5228 5239 5238
f 5239 5248 5238
f 5248 5254 5238
f 5254 5249 5238
f 5242 5248 5239
f 5249 5263 5252
f 5254 5263 5249
f 5263 5266 5252
f 1002 634 798
f 1088 798 634
f 1311 634 1002
f 1311 1088 634
f 1311 1002 798
f 1311 798 1088
f 3741 3833 3834
f 4011 3833 3741
f 3741 3834 3844
f 3741 3844 3894
f 3741 3894 3912
f 3741 3912 4117
f 3741 4134 4011
f 4117 4039 3741
f 4039 4149 3741
f 4149 4134 3741
f 3834 3833 3862
f 4011 3862 3833
f 3844 3834 4366
f 3834 3862 4366
f 3844 4362 3894
f 3844 4366 4362
f 4011 3982 3862
f 4368 3862 3982
f 4366 3862 4368
f 3894 4114 3912
f 3894 4124 4114
f 3894 4291 4124
f 3894 4362 4291
f 3912 3983 3971
f 3912 3971 4117
f 4114 3983 3912
f 3971 3983 3975
f 3971 3975 4117
f 4117 3975 3983
f 3982 4011 4395
f 4395 4368 3982
f 4117 3983 4114
f 4011 4134 4246
f 4395 4011 4246
f 4065 4039 4143
f 4039 4065 4149
f 4117 4143 4039
f 4065 4081 4149
f 4065 4194 4081
f 4065 4143 4194
f 4081 4197 4149
f 4194 4197 4081
f 4117 4114 4124
f 4124 4128 4117
f 4128 4198 4117
f 4194 4143 4117
f 4197 4194 4117
f 4244 4197 4117
f 4198 4209 4117
f 4117 4209 4213
f 4117 4213 4282
f 4575 4244 4117
f 4117 4282 4291
f 4117 4291 4362
f 4117 4362 4366
f 4117 4366 4368
f 4117 4368 4416
f 4117 4416 4575
f 4124 4291 4128
f 4128 4282 4198
f 4291 4282 4128
f 4575 4134 4149
f 4575 4246 4134
f 4149 4197 4244
f 4244 4575 4149
f 4198 4213 4209
f 4282 4213 4198
f 4246 4416 4395
f 4575 4416 4246
f 4416 4368 4395
f 539 615 612
f 612 664 539
f 539 618 615
f 539 645 618
f 539 656 645
f 764 656 539
f 664 667 539
f 539 667 682
f 539 682 734
f 539 734 774
f 539 964 764
f 774 964 539
f 664 612 615
f 615 618 919
f 664 615 919
f 645 988 618
f 618 988 919
f 656 665 645
f 645 665 935
f 645 935 987
f 645 987 988
f 764 665 656
f 667 664 682
f 859 682 664
f 859 664 919
f 764 678 665
f 678 935 665
f 721 736 678
f 764 721 678
f 736 825 678
f 825 868 678
f 678 868 935
f 734 682 799
f 859 799 682
f 736 721 764
f 734 779 774
f 734 799 779
f 767 736 764
f 767 778 736
f 736 778 825
f 764 778 767
f 764 825 778
f 764 868 825
f 935 868 764
f 764 987 935
f 964 1004 764
f 764 1004 987
f 774 779 799
f 774 799 859
f 914 774 859
f 774 914 919
f 774 919 988
f 774 1004 964
f 774 988 1004
f 859 919 914
f 988 987 1004
f 1088 1412 1756
f 2168 1412 1088
f 2168 1088 1756
f 1412 1854 1756
f 2168 1854 1412
f 1777 1732 1756
f 1756 1732 1857
f 1857 1732 1777
f 1777 1756 1854
f 1857 2152 1756
f 2152 2168 1756
f 1802 1777 1854
f 1802 1857 1777
f 1854 1853 1802
f 1932 1802 1853
f 1932 1857 1802
f 1854 1932 1853
f 2152 1932 1854
f 2152 1854 2168
f 2043 1857 1932
f 1857 2043 2152
f 2043 1932 2075
f 2152 2075 1932
f 2043 2075 2155
f 2152 2043 2155
f 2155 2075 2152
f 1597 1586 1562
f 1562 1586 1684
f 1609 1597 1562
f 1744 1609 1562
f 1562 1684 1723
f 1723 1740 1562
f 1740 1859 1562
f 1973 1744 1562
f 1859 1973 1562
f 1684 1586 1597
f 1794 1597 1609
f 1684 1597 1740
f 1740 1597 1794
f 1609 1744 1812
f 1812 1794 1609
f 1723 1684 1740
f 1794 1859 1740
f 1812 1744 1811
f 1811 1744 1973
f 1794 1812 1859
f 1859 1812 1811
f 1968 1859 1811
f 1968 1811 1973
f 1968 1973 1859
f 1428 1298 1311
f 1311 1298 1562
f 1298 1428 1388
f 1562 1298 1388
f 1311 1589 1428
f 1562 1604 1311
f 1593 1589 1311
f 1595 1593 1311
f 1602 1595 1311
f 1311 1604 1602
f 1562 1388 1392
f 1392 1388 1593
f 1428 1593 1388
f 1562 1392 1419
f 1392 1595 1419
f 1392 1593 1595
f 1562 1419 1421
f 1602 1421 1419
f 1595 1602 1419
f 1562 1421 1435
f 1421 1604 1435
f 1602 1604 1421
f 1428 1589 1593
f 1433 1437 1487
f 1562 1437 1433
f 1562 1433 1487
f 1562 1435 1440
f 1624 1440 1435
f 1604 1624 1435
f 1440 1437 1562
f 1437 1440 1628
f 1487 1437 1636
f 1437 1628 1636
f 1624 1628 1440
f 1562 1487 1504
f 1487 1686 1504
f 1487 1636 1652
f 1652 1686 1487
f 1562 1504 1518
f 1504 1719 1518
f 1504 1686 1719
f 1692 1562 1518
f 1563 1692 1518
f 1518 1719 1563
f 1562 1624 1604
f 1562 1628 1624
f 1562 1652 1628
f 1973 1652 1562
f 1692 1805 1562
f 1805 1973 1562
f 1692 1563 1788
f 1719 1788 1563
f 1628 1652 1636
f 1973 1686 1652
f 1686 1824 1719
f 1973 1824 1686
f 1692 1788 1805
f 1719 1824 1788
f 1824 1805 1788
f 1917 1805 1824
f 1805 1917 1973
f 1917 1824 1937
f 1937 1824 1973
f 1917 1937 2020
f 1917 2053 1973
f 2053 1917 2020
f 1937 1973 2020
f 1973 2053 2020
f 2142 2122 2221
f 2122 2142 2222
f 2221 2122 2222
f 2142 2163 2222
f 2142 2324 2163
f 2142 2221 2324
f 2163 2173 2222
f 2326 2173 2163
f 2324 2326 2163
f 2173 2185 2222
f 2173 2255 2185
f 2329 2255 2173
f 2329 2173 2326
f 2185 2219 2222
f 2185 2255 2219
f 2311 2222 2219
f 2219 2255 2233
f 2233 2311 2219
f 2221 2222 2329
f 2324 2221 2329
f 2311 2354 2222
f 2329 2222 2349
f 2354 2349 2222
f 2255 2242 2233
f 2242 2311 2233
f 2244 2311 2242
f 2351 2244 2242
f 2255 2351 2242
f 2267 2259 2244
f 2259 2311 2244
f 2267 2244 2345
f 2351 2345 2244
f 2338 2255 2329
f 2255 2338 2354
f 2255 2354 2351
f 2311 2259 2267
f 2311 2267 2315
f 2267 2334 2315
f 2267 2345 2334
f 2311 2315 2334
f 2311 2334 2339
f 2339 2345 2311
f 2345 2351 2311
f 2351 2353 2311
f 2311 2353 2354
f 2326 2324 2329
f 2338 2329 2349
f 2339 2334 2345
f 2338 2349 2354
f 2351 2354 2353
f 4632 4499 4588
f 4588 4499 4665
f 4632 4665 4499
f 4588 4665 4632
f 4088 4107 4102
f 4466 4088 4102
f 4088 4220 4107
f 4466 4220 4088
f 4107 4265 4102
f 4102 4265 4466
f 4107 4220 4265
f 4265 4220 4385
f 4385 4220 4396
f 4396 4220 4466
f 4466 4265 4385
f 4385 4396 4457
f 4466 4385 4457
f 4457 4396 4466
f 81 79 82
f 115 79 81
f 79 127 82
f 644 79 115
f 644 127 79
f 81 82 102
f 81 102 103
f 115 81 103
f 82 127 102
f 102 128 103
f 127 128 102
f 103 128 115
f 115 128 644
f 127 126 128
f 644 126 127
f 128 126 644
f 5273 5426 5060
f 5273 5060 5444
f 5060 5426 5438
f 5060 5438 5444
f 5418 5410 5273
f 5273 5410 5426
f 5418 5273 5437
f 5437 5273 5444
f 5418 5426 5410
f 5437 5426 5418
f 5438 5426 5437
f 5437 5444 5438
f 2623 2612 2617
f 2708 2617 2612
f 2708 2612 2623
f 2708 2618 2617
f 2617 2618 2766
f 2623 2617 2652
f 2652 2617 2712
f 2712 2617 2766
f 2708 2666 2618
f 2666 2767 2618
f 2618 2767 2766
f 2638 2623 2652
f 2708 2623 2638
f 2638 2652 2639
f 2708 2638 2639
f 2639 2652 2641
f 2708 2639 2641
f 2652 2650 2641
f 2708 2641 2650
f 2652 2683 2650
f 2708 2650 2683
f 2652 2691 2683
f 2652 2695 2691
f 2702 2695 2652
f 2712 2702 2652
f 2708 2667 2666
f 2666 2667 2767
f 2670 2667 2708
f 2670 2771 2667
f 2667 2771 2767
f 2698 2670 2676
f 2765 2676 2670
f 2698 2778 2670
f 2765 2670 2708
f 2670 2778 2771
f 2693 2672 2674
f 2765 2674 2672
f 2765 2672 2693
f 2693 2674 2856
f 2765 2711 2674
f 2674 2711 2856
f 2698 2676 2678
f 2765 2678 2676
f 2679 2698 2678
f 2765 2679 2678
f 2680 2681 2679
f 2765 2680 2679
f 2681 2698 2679
f 2681 2680 2765
f 2681 2697 2698
f 2697 2681 2765
f 2708 2683 2691
f 2708 2691 2695
f 2765 2693 2699
f 2699 2693 2872
f 2693 2856 2872
f 2708 2695 2702
f 2697 2832 2698
f 2699 2697 2765
f 2697 2699 2855
f 2697 2855 2832
f 2698 2788 2778
f 2698 2816 2788
f 2698 2832 2816
f 2855 2699 2872
f 2708 2702 2712
f 2708 2712 2739
f 2739 2761 2708
f 2766 2708 2761
f 2765 2708 2778
f 2767 2708 2766
f 2771 2708 2767
f 2771 2778 2708
f 2765 2729 2711
f 2711 2729 2820
f 2856 2711 2820
f 2766 2739 2712
f 2765 2776 2729
f 2776 2806 2729
f 2820 2729 2806
f 2739 2766 2761
f 2806 2776 2765
f 2788 2765 2778
f 2765 2788 2816
f 2820 2806 2765
f 2765 2816 2832
f 2839 2820 2765
f 2765 2832 2842
f 2765 2856 2839
f 2842 2855 2765
f 2855 2878 2765
f 2765 2872 2856
f 2765 2878 2872
f 2856 2820 2839
f 2832 2855 2842
f 2855 2872 2878
f 4118 4160 4142
f 4118 4142 4227
f 4118 4164 4160
f 4118 4165 4164
f 4118 4168 4165
f 4504 4168 4118
f 4118 4227 4504
f 4160 4227 4142
f 4160 4164 4336
f 4160 4336 4227
f 4165 4365 4164
f 4336 4164 4365
f 4168 4226 4165
f 4165 4226 4379
f 4379 4365 4165
f 4504 4226 4168
f 4284 4421 4226
f 4504 4284 4226
f 4226 4421 4379
f 4504 4227 4336
f 4321 4429 4284
f 4504 4321 4284
f 4284 4429 4421
f 4321 4338 4429
f 4504 4338 4321
f 4504 4336 4365
f 4338 4340 4444
f 4504 4340 4338
f 4338 4435 4429
f 4338 4444 4435
f 4340 4342 4348
f 4504 4342 4340
f 4454 4340 4348
f 4444 4340 4454
f 4504 4348 4342
f 4394 4472 4348
f 4504 4394 4348
f 4348 4472 4454
f 4504 4365 4379
f 4379 4421 4412
f 4504 4379 4412
f 4409 4438 4394
f 4504 4409 4394
f 4394 4438 4472
f 4438 4409 4504
f 4504 4412 4421
f 4504 4421 4429
f 4504 4429 4435
f 4504 4435 4444
f 4472 4438 4486
f 4486 4438 4504
f 4472 4444 4454
f 4504 4444 4472
f 4504 4472 4486
f 590 575 482
f 482 575 708
f 660 590 482
f 708 644 482
f 482 644 810
f 660 482 810
f 575 590 589
f 708 575 589
f 589 590 660
f 673 589 660
f 708 589 673
f 810 644 708
f 673 660 735
f 735 660 810
f 708 673 718
f 718 673 735
f 718 760 708
f 760 810 708
f 718 735 760
f 760 735 863
f 735 810 863
f 863 810 760
f 2053 1973 2020
f 2020 1973 2121
f 1973 2053 2136
f 2121 1973 2167
f 1973 2136 2180
f 2167 1973 2180
f 2053 2020 2121
f 2136 2053 2121
f 2136 2121 2167
f 2136 2167 2205
f 2180 2136 2205
f 2180 2205 2167
f 211 215 180
f 494 211 180
f 180 215 494
f 211 221 215
f 211 219 221
f 494 219 211
f 215 221 494
f 494 221 219
f 221 219 237
f 494 219 221
f 494 237 219
f 221 237 494
f 121 139 138
f 477 121 138
f 139 121 477
f 138 139 154
f 151 138 153
f 477 138 151
f 138 154 153
f 477 154 139
f 168 151 153
f 151 168 180
f 151 180 494
f 477 151 723
f 723 151 494
f 154 168 153
f 167 168 154
f 494 167 154
f 494 154 477
f 167 180 168
f 494 180 167
f 494 477 964
f 477 723 964
f 964 723 494
f 3889 3694 3764
f 3764 3694 4217
f 4317 3694 3889
f 4217 3694 4317
f 3764 3736 3738
f 3738 3736 3824
f 3764 3824 3736
f 3764 3738 3746
f 3738 3824 3746
f 3764 3746 3754
f 3746 3921 3754
f 3824 3921 3746
f 3764 3754 3759
f 3754 3972 3759
f 3754 3921 3972
f 3764 3759 3889
f 3889 3759 3767
f 3767 3759 3988
f 3972 3988 3759
f 3764 3915 3824
f 3764 4317 3915
f 3764 4217 4317
f 3889 3767 3770
f 3767 4038 3770
f 3767 3988 4038
f 3770 3781 3889
f 4051 3781 3770
f 4038 4051 3770
f 3781 3792 3889
f 4103 3792 3781
f 4103 3781 4051
f 3792 3798 3889
f 3798 3792 4133
f 4103 4133 3792
f 3889 3798 3805
f 3805 3798 4136
f 3798 4133 4136
f 3812 3805 3822
f 3805 3812 3889
f 4146 3822 3805
f 3805 4136 4146
f 3889 3812 3822
f 3889 3822 3840
f 3822 4163 3840
f 4146 4163 3822
f 3921 3824 3915
f 3889 3840 3859
f 3840 4140 3859
f 3840 4177 4140
f 4163 4177 3840
f 3882 3881 3859
f 3889 3859 3881
f 3882 3859 4101
f 3859 4140 4101
f 3889 3881 3882
f 3910 3882 3886
f 3882 4083 3886
f 3889 3882 3910
f 3882 4101 4083
f 3886 4052 3910
f 3886 4083 4052
f 3889 3910 3917
f 3889 3917 3940
f 3889 3940 3949
f 3889 3949 3962
f 3889 3962 3966
f 3966 4052 3889
f 3889 4052 4083
f 3889 4083 4101
f 3889 4101 4140
f 3889 4140 4178
f 3889 4178 4317
f 3910 4046 3917
f 3910 4052 4046
f 3915 4317 3921
f 3940 3917 4006
f 4006 3917 4041
f 4046 4041 3917
f 3921 4317 3972
f 3940 4003 3949
f 3940 4006 4003
f 3949 3976 3962
f 3949 4003 3976
f 3976 3966 3962
f 3966 3976 4006
f 3966 4006 4041
f 3966 4041 4046
f 3966 4046 4052
f 3972 4317 3988
f 3976 4003 4006
f 3988 4317 4038
f 4038 4317 4051
f 4051 4317 4103
f 4103 4121 4133
f 4103 4317 4121
f 4133 4121 4317
f 4136 4133 4317
f 4146 4136 4317
f 4177 4178 4140
f 4163 4146 4317
f 4177 4163 4317
f 4178 4177 4317
f 4069 4047 4063
f 4115 4063 4047
f 4069 4074 4047
f 4115 4047 4074
f 4069 4063 4186
f 4189 4063 4115
f 4063 4191 4186
f 4191 4063 4189
f 4115 4074 4069
f 4069 4189 4115
f 4186 4189 4069
f 4191 4189 4186
f 3687 3772 3766
f 3687 3766 3944
f 4141 3772 3687
f 3687 3944 4185
f 4141 3687 4217
f 4217 3687 4185
f 3766 3772 3868
f 3944 3766 3868
f 4141 3868 3772
f 3944 3868 4127
f 3868 3951 4127
f 4141 3951 3868
f 4098 3944 4127
f 3944 4098 4185
f 4127 3951 4126
f 4126 3951 4129
f 4141 4129 3951
f 4098 4127 4185
f 4135 4127 4126
f 4141 4126 4129
f 4141 4135 4126
f 4127 4135 4185
f 4185 4135 4141
f 4141 4217 4185
f 2812 2808 3016
f 3020 2808 2812
f 3016 2808 2866
f 2866 2808 3020
f 3032 2991 2812
f 2812 2991 3163
f 2812 2997 2995
f 2812 2995 3032
f 2812 2998 2997
f 2812 3002 2998
f 2812 3015 3002
f 2812 3016 3015
f 3163 3020 2812
f 2971 2972 2851
f 2976 2971 2851
f 2972 2974 2851
f 2851 2974 3008
f 2851 2978 2976
f 2851 2984 2978
f 2851 2988 2984
f 3032 2988 2851
f 2851 2991 3032
f 3303 2991 2851
f 2851 3008 3303
f 3016 2866 2890
f 2866 3101 2890
f 3101 2866 3020
f 3016 2890 3104
f 2890 3101 3104
f 2972 2971 2973
f 2976 2973 2971
f 2973 2974 2972
f 2973 3030 2974
f 3030 2973 2976
f 3008 2974 3030
f 2978 3074 2976
f 3074 3030 2976
f 2984 3109 2978
f 2978 3109 3074
f 2988 3150 2984
f 3150 3109 2984
f 3032 3007 2988
f 2988 3007 3117
f 2988 3117 3154
f 2988 3154 3150
f 3163 2991 3303
f 2997 3269 2995
f 3032 2995 3001
f 2995 3274 3001
f 3269 3274 2995
f 2998 3266 2997
f 3266 3269 2997
f 2998 3002 3262
f 2998 3262 3266
f 3032 3001 3009
f 3001 3178 3009
f 3190 3178 3001
f 3285 3190 3001
f 3274 3285 3001
f 3015 3244 3002
f 3244 3262 3002
f 3032 3024 3007
f 3007 3024 3105
f 3007 3105 3117
f 3066 3008 3030
f 3303 3008 3066
f 3032 3009 3021
f 3021 3009 3136
f 3009 3178 3136
f 3016 3104 3015
f 3104 3164 3015
f 3164 3244 3015
f 3101 3020 3086
f 3163 3086 3020
f 3021 3034 3032
f 3021 3108 3034
f 3021 3136 3108
f 3032 3059 3024
f 3024 3059 3043
f 3024 3043 3089
f 3024 3089 3105
f 3066 3030 3074
f 3034 3047 3032
f 3032 3047 3082
f 3303 3059 3032
f 3032 3082 3108
f 3032 3108 3136
f 3032 3136 3178
f 3032 3178 3303
f 3047 3034 3082
f 3034 3108 3082
f 3043 3059 3055
f 3043 3055 3065
f 3089 3043 3065
f 3055 3059 3065
f 3059 3089 3065
f 3059 3105 3089
f 3303 3105 3059
f 3109 3066 3074
f 3066 3109 3303
f 3101 3086 3164
f 3086 3163 3164
f 3104 3101 3164
f 3303 3117 3105
f 3109 3150 3303
f 3303 3154 3117
f 3150 3154 3161
f 3150 3161 3303
f 3303 3161 3154
f 3164 3163 3267
f 3163 3244 3242
f 3264 3163 3242
f 3244 3163 3262
f 3262 3163 3266
f 3265 3163 3264
f 3267 3163 3265
f 3266 3163 3269
f 3269 3163 3274
f 3163 3303 3274
f 3225 3164 3230
f 3164 3225 3242
f 3230 3164 3267
f 3164 3242 3244
f 3303 3178 3190
f 3190 3285 3229
f 3303 3190 3229
f 3230 3264 3225
f 3264 3242 3225
f 3229 3285 3298
f 3308 3229 3298
f 3303 3229 3308
f 3230 3265 3264
f 3230 3267 3265
f 3274 3303 3285
f 3285 3303 3298
f 3298 3303 3308
f 1562 1402 1088
f 1088 1402 1781
f 1562 1088 1781
f 1431 1395 1402
f 1402 1395 1467
f 1395 1431 1467
f 1402 1492 1431
f 1402 1467 1598
f 1402 1509 1492
f 1562 1509 1402
f 1402 1598 1666
f 1402 1666 1781
f 1431 1497 1467
f 1492 1497 1431
f 1467 1497 1598
f 1492 1496 1497
f 1492 1509 1496
f 1496 1509 1497
f 1512 1497 1509
f 1497 1512 1718
f 1497 1746 1598
f 1497 1718 1746
f 1516 1512 1509
f 1562 1516 1509
f 1516 1718 1512
f 1562 1532 1516
f 1532 1710 1516
f 1710 1718 1516
f 1562 1536 1532
f 1532 1536 1702
f 1532 1702 1710
f 1562 1557 1536
f 1536 1557 1704
f 1702 1536 1704
f 1562 1586 1557
f 1557 1586 1684
f 1704 1557 1684
f 1684 1586 1562
f 1723 1684 1562
f 1702 1704 1562
f 1710 1702 1562
f 1704 1723 1562
f 1718 1710 1562
f 1724 1718 1562
f 1752 1724 1562
f 1792 1752 1562
f 1781 1792 1562
f 1666 1598 1797
f 1598 1746 1797
f 1781 1666 1810
f 1797 1808 1666
f 1810 1666 1808
f 1723 1704 1684
f 1724 1746 1718
f 1724 1747 1746
f 1747 1724 1752
f 1792 1746 1747
f 1797 1746 1792
f 1792 1747 1752
f 1781 1797 1792
f 1809 1797 1781
f 1810 1809 1781
f 1797 1809 1808
f 1808 1809 1810
f 4940 4908 4917
f 4917 4908 5018
f 5018 4908 4940
f 4943 4940 4917
f 4941 5003 4917
f 4941 4917 5018
f 4943 4917 5061
f 5003 5061 4917
f 4940 4943 5018
f 5018 5003 4941
f 4943 4995 5018
f 4943 5105 4995
f 4943 5061 5105
f 4995 5045 5018
f 5105 5045 4995
f 5018 5033 5003
f 5003 5033 5041
f 5003 5041 5061
f 5018 5219 5033
f 5018 5045 5078
f 5018 5078 5111
f 5224 5018 5111
f 5018 5278 5219
f 5018 5224 5278
f 5041 5033 5188
f 5033 5219 5188
f 5061 5041 5188
f 5105 5078 5045
f 5061 5102 5105
f 5061 5188 5102
f 5078 5105 5111
f 5102 5188 5105
f 5105 5149 5111
f 5105 5167 5149
f 5105 5205 5167
f 5105 5188 5205
f 5224 5111 5149
f 5224 5149 5167
f 5205 5235 5167
f 5167 5235 5224
f 5216 5205 5188
f 5188 5219 5216
f 5216 5235 5205
f 5216 5219 5243
f 5235 5216 5243
f 5243 5219 5270
f 5219 5278 5270
f 5278 5224 5235
f 5278 5235 5243
f 5270 5258 5243
f 5258 5278 5243
f 5270 5275 5258
f 5275 5278 5258
f 5270 5278 5275
f 1571 964 1638
f 1571 1728 964
f 964 1728 1638
f 1638 1728 1571
f 1257 964 723
f 964 1638 723
f 723 1638 1257
f 1132 964 1257
f 1132 1571 964
f 1638 964 1571
f 1177 1163 1132
f 1132 1163 1250
f 1132 1261 1177
f 1470 1132 1250
f 1257 1261 1132
f 1571 1132 1470
f 1250 1163 1177
f 1250 1177 1261
f 1198 1201 1257
f 1379 1201 1198
f 1257 1379 1198
f 1257 1201 1261
f 1379 1261 1201
f 1411 1250 1261
f 1470 1250 1411
f 1411 1379 1257
f 1411 1257 1513
f 1257 1571 1513
f 1257 1638 1571
f 1411 1261 1379
f 1470 1411 1513
f 1513 1571 1470
f 4229 3576 3694
f 3576 4653 3694
f 4229 4102 3576
f 4102 4833 3576
f 4653 3576 4833
f 3694 4117 4229
f 4683 4117 3694
f 4653 4683 3694
f 4229 4833 4102
f 4448 4229 4117
f 4448 4117 4575
f 4575 4117 4683
f 4683 4229 4448
f 4229 4683 4833
f 4448 4575 4683
f 4833 4683 4653
f 270 277 278
f 277 270 483
f 483 270 278
f 277 301 278
f 277 292 298
f 292 277 483
f 298 301 277
f 483 278 301
f 483 298 292
f 298 316 301
f 483 316 298
f 483 301 316
f 2247 2743 2615
f 2812 2247 2615
f 2991 2743 2247
f 2991 2247 2812
f 2615 2743 2812
f 2812 2743 2991
f 1189 1266 1224
f 1189 1224 1298
f 1311 1266 1189
f 1311 1189 1298
f 1224 1266 1247
f 1247 1283 1224
f 1224 1283 1298
f 1266 1274 1247
f 1274 1283 1247
f 1283 1274 1266
f 1298 1283 1266
f 1298 1266 1311
f 4185 4098 4054
f 4054 4098 4188
f 4054 4188 4185
f 4185 4188 4098
f 3928 3897 3905
f 3905 3897 3981
f 3897 3928 3981
f 3907 3961 3905
f 3907 3905 3981
f 3905 3961 3928
f 3907 3913 3918
f 3913 3907 3981
f 3907 3918 3961
f 3981 3918 3913
f 3918 3984 3961
f 3981 3984 3918
f 3928 3948 3935
f 3928 3935 4118
f 3928 3961 3948
f 3928 4118 3981
f 3935 3948 3987
f 3987 4118 3935
f 3961 4029 3948
f 3987 3948 3998
f 3948 4059 3998
f 4029 4055 3948
f 4055 4059 3948
f 3984 4045 3961
f 3961 4042 4029
f 3961 4044 4042
f 3961 4045 4044
f 4050 3984 3981
f 4029 4042 3981
f 4029 3981 4055
f 4042 4044 3981
f 3981 4044 4045
f 4045 4050 3981
f 4055 3981 4059
f 4059 3981 4096
f 3981 4118 4096
f 3984 4050 4045
f 3994 3987 3998
f 4118 3987 3994
f 3997 3994 3996
f 3994 3998 3996
f 4118 3994 3997
f 3996 3998 3997
f 3998 4067 3997
f 4118 3997 4067
f 4059 4093 3998
f 3998 4089 4067
f 3998 4090 4089
f 4093 4090 3998
f 4093 4059 4096
f 4089 4118 4067
f 4090 4118 4089
f 4093 4118 4090
f 4096 4118 4093
f 4265 4102 4466
f 4594 4102 4265
f 4466 4102 4594
f 4265 4385 4384
f 4384 4594 4265
f 4385 4265 4466
f 4384 4385 4505
f 4570 4384 4505
f 4570 4594 4384
f 4466 4457 4385
f 4505 4385 4457
f 4505 4457 4466
f 4505 4466 4570
f 4466 4594 4570
f 3175 3222 3341
f 3354 3222 3175
f 3226 3359 3175
f 3175 3455 3226
f 3175 3341 3455
f 3175 3419 3354
f 3175 3359 3416
f 3175 3416 3419
f 3341 3222 3354
f 3226 3344 3359
f 3226 3455 3344
f 3421 3341 3354
f 3455 3341 3421
f 3359 3344 3416
f 3344 3429 3416
f 3344 3455 3429
f 3421 3354 3419
f 3419 3416 3426
f 3416 3429 3426
f 3421 3419 3484
f 3504 3419 3426
f 3484 3419 3504
f 3455 3421 3484
f 3426 3429 3494
f 3426 3494 3532
f 3504 3426 3532
f 3429 3455 3494
f 3500 3455 3484
f 3494 3455 3532
f 3538 3455 3500
f 3532 3455 3540
f 3540 3455 3538
f 3484 3504 3500
f 3500 3504 3533
f 3538 3500 3533
f 3533 3504 3532
f 3540 3533 3532
f 3538 3533 3540
f 1088 644 723
f 723 644 1288
f 644 1088 1412
f 644 1412 1288
f 1088 723 1288
f 1412 1088 1288
f 2782 2807 2646
f 2782 2646 2836
f 2807 2836 2646
f 2782 2836 2807
f 1311 1267 1266
f 1266 1267 1459
f 1311 1266 1476
f 1266 1459 1476
f 1311 1270 1267
f 1267 1270 1450
f 1267 1450 1459
f 1270 1311 1285
f 1285 1414 1270
f 1414 1450 1270
f 1285 1311 1289
f 1285 1289 1401
f 1285 1401 1414
f 1289 1311 1309
f 1309 1360 1289
f 1360 1401 1289
f 1311 1327 1309
f 1309 1327 1312
f 1309 1312 1355
f 1309 1355 1360
f 1311 1330 1327
f 1311 1334 1330
f 1311 1360 1334
f 1311 1401 1360
f 1414 1401 1311
f 1450 1414 1311
f 1459 1450 1311
f 1476 1459 1311
f 1334 1312 1327
f 1334 1355 1312
f 1330 1334 1327
f 1360 1355 1334
f 644 723 460
f 460 1088 644
f 460 723 1088
f 1088 723 644
f 1283 1266 1274
f 1266 1476 1274
f 1298 1266 1283
f 1311 1266 1298
f 1476 1266 1311
f 1485 1283 1274
f 1476 1485 1274
f 1298 1283 1428
f 1428 1283 1517
f 1485 1517 1283
f 1298 1428 1311
f 1311 1428 1589
f 1311 1589 1476
f 1428 1517 1589
f 1476 1517 1485
f 1476 1589 1517
f 3455 3421 3464
f 3484 3421 3455
f 3464 3421 3484
f 3455 3464 3741
f 3583 3484 3455
f 3455 3741 3583
f 3477 3464 3484
f 3464 3477 3516
f 3464 3516 3547
f 3464 3547 3741
f 3477 3484 3583
f 3516 3477 3664
f 3477 3583 3664
f 3547 3516 3658
f 3658 3516 3678
f 3678 3516 3664
f 3560 3547 3628
f 3547 3560 3741
f 3628 3547 3658
f 3560 3628 3585
f 3560 3585 3741
f 3664 3583 3689
f 3583 3741 3689
f 3741 3585 3628
f 3741 3628 3658
f 3741 3658 3678
f 3689 3678 3664
f 3741 3678 3689
f 3694 3889 4117
f 4344 3889 3694
f 4683 3694 4117
f 4344 3694 4683
f 4117 3889 4344
f 4344 4575 4117
f 4117 4575 4683
f 4683 4575 4344
f 1264 1398 1375
f 1375 1639 1264
f 1264 1405 1398
f 1264 1408 1405
f 1264 1413 1408
f 1539 1413 1264
f 1264 1570 1539
f 1264 1610 1570
f 1610 1264 1618
f 1618 1264 1642
f 1264 1639 1642
f 1383 1375 1398
f 1375 1383 1639
f 1383 1398 1498
f 1570 1438 1383
f 1383 1438 1639
f 1383 1498 1570
f 1468 1398 1405
f 1498 1398 1468
f 1408 1442 1405
f 1405 1442 1468
f 1408 1413 1442
f 1498 1442 1413
f 1539 1498 1413
f 1438 1610 1457
f 1438 1457 1639
f 1610 1438 1570
f 1498 1468 1442
f 1457 1618 1484
f 1484 1639 1457
f 1610 1618 1457
f 1500 1639 1484
f 1484 1642 1500
f 1484 1618 1642
f 1570 1498 1539
f 1535 1639 1500
f 1535 1500 1653
f 1500 1642 1653
f 1535 1542 1639
f 1542 1535 1658
f 1535 1653 1658
f 1541 1588 1540
f 1541 1540 1639
f 1639 1540 1588
f 1588 1541 1544
f 1544 1541 1639
f 1542 1543 1639
f 1658 1543 1542
f 1543 1545 1639
f 1545 1543 1661
f 1661 1543 1658
f 1545 1544 1639
f 1668 1544 1545
f 1670 1588 1544
f 1668 1670 1544
f 1545 1661 1668
f 1639 1588 1671
f 1671 1588 1670
f 1642 1639 1653
f 1653 1639 1656
f 1639 1658 1656
f 1639 1661 1658
f 1639 1668 1661
f 1639 1670 1668
f 1639 1671 1670
f 1656 1658 1653
f 3498 3511 3480
f 3480 3660 3498
f 3511 3525 3480
f 3525 3588 3480
f 3480 3588 3624
f 3480 3624 3648
f 3480 3648 3655
f 3480 3655 3679
f 3842 3660 3480
f 3480 3679 3764
f 3694 3480 3764
f 3842 3480 3694
f 3498 3660 3511
f 3511 3761 3525
f 3660 3761 3511
f 3761 3588 3525
f 3588 3761 3624
f 3624 3751 3648
f 3624 3732 3751
f 3761 3732 3624
f 3648 3752 3655
f 3648 3751 3752
f 3753 3679 3655
f 3752 3753 3655
f 3775 3761 3660
f 3842 3775 3660
f 3679 3753 3680
f 3679 3680 3764
f 3680 3763 3683
f 3680 3683 3764
f 3753 3763 3680
f 3683 3763 3684
f 3683 3684 3764
f 3696 3684 3697
f 3684 3696 3764
f 3763 3697 3684
f 3842 3694 3764
f 3712 3696 3697
f 3764 3696 3712
f 3697 3835 3712
f 3763 3835 3697
f 3764 3712 3723
f 3712 3825 3723
f 3712 3835 3825
f 3764 3723 3779
f 3723 3818 3779
f 3825 3818 3723
f 3758 3751 3732
f 3826 3758 3732
f 3760 3732 3761
f 3732 3760 3842
f 3826 3732 3764
f 3764 3732 3842
f 3753 3752 3751
f 3758 3753 3751
f 3758 3763 3753
f 3758 3826 3763
f 3761 3773 3760
f 3760 3773 3842
f 3761 3776 3773
f 3774 3761 3775
f 3774 3777 3761
f 3777 3776 3761
f 3763 3826 3843
f 3763 3843 3835
f 3764 3779 3794
f 3801 3764 3794
f 3818 3764 3801
f 3825 3764 3818
f 3825 3835 3764
f 3856 3826 3764
f 3843 3764 3835
f 3856 3764 3843
f 3842 3773 3776
f 3842 3774 3775
f 3842 3777 3774
f 3842 3776 3777
f 3779 3801 3794
f 3779 3818 3801
f 3843 3826 3856
f 1571 1728 1638
f 1638 2031 1571
f 1571 2031 1728
f 1728 2031 1638
f 1449 1505 1519
f 1449 1603 1505
f 1519 1626 1449
f 1737 1603 1449
f 1449 1626 1763
f 1449 1763 1737
f 1519 1505 1626
f 1505 1603 1626
f 1594 1533 1552
f 1552 1533 1689
f 1689 1533 1594
f 1594 1552 1569
f 1552 1695 1569
f 1552 1689 1695
f 1594 1569 1607
f 1569 1700 1607
f 1569 1695 1700
f 1575 1737 1577
f 1575 1577 1800
f 1592 1737 1575
f 1592 1575 1784
f 1575 1800 1784
f 1577 1625 1580
f 1577 1580 1804
f 1737 1625 1577
f 1577 1804 1800
f 1580 1625 1587
f 1580 1587 1816
f 1804 1580 1816
f 1625 1600 1587
f 1587 1600 1814
f 1816 1587 1814
f 1737 1592 1603
f 1784 1603 1592
f 1737 1594 1607
f 1594 1695 1689
f 1594 1700 1695
f 1594 1707 1700
f 1594 1726 1707
f 1594 1730 1726
f 1594 1733 1730
f 1594 1735 1733
f 1594 1736 1735
f 1594 1759 1736
f 1737 1759 1594
f 1625 1616 1600
f 1600 1616 1806
f 1814 1600 1806
f 1626 1603 1763
f 1603 1784 1763
f 1607 1700 1608
f 1608 1737 1607
f 1627 1608 1707
f 1627 1737 1608
f 1700 1707 1608
f 1615 1617 1614
f 1615 1614 1737
f 1737 1614 1617
f 1615 1754 1617
f 1737 1621 1615
f 1615 1621 1761
f 1761 1754 1615
f 1616 1625 1795
f 1806 1616 1795
f 1737 1617 1619
f 1748 1619 1617
f 1748 1617 1754
f 1737 1619 1625
f 1625 1619 1778
f 1619 1748 1778
f 1635 1621 1737
f 1621 1635 1766
f 1761 1621 1766
f 1795 1625 1778
f 1633 1641 1627
f 1627 1726 1633
f 1641 1737 1627
f 1627 1707 1726
f 1637 1641 1633
f 1730 1637 1633
f 1633 1726 1730
f 1646 1635 1737
f 1646 1764 1635
f 1764 1771 1635
f 1766 1635 1771
f 1641 1637 1733
f 1733 1637 1730
f 1655 1641 1735
f 1655 1737 1641
f 1735 1641 1733
f 1651 1646 1737
f 1646 1651 1759
f 1646 1759 1764
f 1655 1651 1737
f 1651 1655 1759
f 1736 1655 1735
f 1759 1655 1736
f 1737 1748 1754
f 1748 1737 1801
f 1737 1754 1766
f 1737 1764 1759
f 1737 1763 1784
f 1737 1771 1764
f 1773 1737 1766
f 1737 1773 1771
f 1784 1801 1737
f 1778 1748 1801
f 1766 1754 1761
f 1773 1766 1771
f 1795 1778 1801
f 1784 1800 1804
f 1784 1806 1801
f 1784 1804 1816
f 1784 1814 1806
f 1784 1816 1814
f 1801 1806 1795
f 2168 2991 2400
f 2168 2400 3028
f 3028 2991 2168
f 3028 2400 2927
f 2927 2400 3051
f 3051 2400 2991
f 3028 2927 3051
f 3051 2991 3028
f 1257 723 856
f 856 723 1288
f 1288 723 1257
f 856 912 976
f 856 1048 912
f 856 976 1135
f 856 1171 1048
f 856 1135 1257
f 1288 1171 856
f 976 912 1048
f 1135 976 1048
f 1171 1135 1048
f 1254 1135 1171
f 1198 1135 1254
f 1198 1257 1135
f 1254 1171 1258
f 1258 1171 1300
f 1300 1171 1288
f 1254 1257 1198
f 1257 1254 1288
f 1288 1254 1258
f 1288 1258 1300
f 4396 4457 4466
f 4396 4524 4457
f 4466 4524 4396
f 4466 4457 4583
f 4524 4583 4457
f 4466 4583 4524
f 408 404 409
f 482 404 408
f 531 409 404
f 531 404 482
f 408 409 441
f 482 408 441
f 409 442 441
f 486 442 409
f 531 486 409
f 441 442 487
f 482 441 487
f 442 486 487
f 482 487 575
f 482 591 531
f 482 575 590
f 482 590 660
f 482 660 591
f 486 590 487
f 486 531 591
f 590 486 591
f 575 487 590
f 590 591 660
f 1449 1337 1295
f 1295 1337 1478
f 1449 1295 1478
f 1449 1343 1337
f 1337 1343 1499
f 1478 1337 1499
f 1519 1343 1449
f 1499 1343 1519
f 1449 1478 1499
f 1449 1499 1519
f 108 105 107
f 107 105 140
f 105 108 492
f 140 105 189
f 105 492 189
f 107 140 108
f 108 144 110
f 108 110 314
f 108 140 144
f 108 314 492
f 112 110 213
f 110 112 314
f 110 144 213
f 112 213 212
f 112 212 313
f 314 112 313
f 140 141 144
f 141 140 155
f 155 140 189
f 141 155 144
f 144 155 259
f 144 259 213
f 259 155 189
f 189 492 259
f 212 213 313
f 259 287 213
f 213 287 300
f 213 300 367
f 313 213 367
f 317 287 259
f 317 259 492
f 287 317 300
f 317 400 300
f 413 367 300
f 300 400 424
f 413 300 424
f 314 313 367
f 367 521 314
f 574 492 314
f 521 527 314
f 527 574 314
f 317 492 400
f 367 413 521
f 400 431 424
f 400 492 431
f 413 424 521
f 424 431 527
f 424 527 521
f 431 492 574
f 527 431 574
f 3873 3694 3576
f 4653 3576 3694
f 3873 3576 4186
f 4186 3576 4653
f 3873 4653 3694
f 4186 4653 3873
f 1638 2031 1728
f 1638 1728 2222
f 2031 1638 2235
f 1638 2222 2235
f 1728 2031 2222
f 2235 2222 2031
f 1168 1205 1091
f 1278 1168 1091
f 1227 1173 1091
f 1091 1173 1293
f 1205 1227 1091
f 1091 1394 1278
f 1091 1293 1420
f 1091 1420 1394
f 1168 1278 1205
f 1293 1173 1227
f 1242 1227 1205
f 1242 1205 1278
f 1390 1227 1242
f 1227 1390 1293
f 1394 1242 1278
f 1390 1242 1420
f 1420 1242 1394
f 1390 1420 1293
f 1974 2031 1987
f 2052 1974 1987
f 1988 2031 1974
f 1974 2034 1988
f 2034 1974 2052
f 2031 2052 1987
f 1988 2052 2031
f 1988 2034 2052
f 4102 4466 4594
f 4810 4466 4102
f 4594 4833 4102
f 4699 4810 4102
f 4833 4699 4102
f 4594 4466 4810
f 4594 4810 4699
f 4594 4699 4833
f 3501 3490 3495
f 3591 3495 3490
f 3591 3490 3501
f 3501 3495 3623
f 3591 3545 3495
f 3495 3545 3637
f 3623 3495 3637
f 3591 3501 3570
f 3501 3623 3570
f 3591 3555 3545
f 3596 3545 3555
f 3637 3545 3596
f 3591 3596 3555
f 3579 3570 3584
f 3591 3570 3579
f 3570 3623 3584
f 3579 3584 3591
f 3584 3623 3591
f 3591 3659 3596
f 3623 3659 3591
f 3659 3637 3596
f 3623 3637 3659
f 984 962 957
f 957 962 1102
f 984 957 1016
f 1016 957 1102
f 1063 962 984
f 1119 962 1063
f 1102 962 1119
f 1016 1102 984
f 1063 984 1132
f 1119 984 1102
f 984 1119 1132
f 1061 1063 1132
f 1153 1063 1061
f 1132 1163 1061
f 1163 1153 1061
f 1153 1119 1063
f 1132 1119 1153
f 1153 1163 1132
f 2812 2808 2852
f 3016 2808 2812
f 2852 2808 2821
f 2821 2808 2866
f 3016 2866 2808
f 2812 2852 2905
f 2812 2905 2923
f 2812 2923 2937
f 2812 2937 2953
f 2812 2953 3032
f 2995 2997 2812
f 3032 2995 2812
f 2997 2998 2812
f 2998 3002 2812
f 3002 3015 2812
f 3015 3016 2812
f 2850 2821 2826
f 2821 2866 2826
f 2852 2821 2850
f 2826 2890 2850
f 2866 2890 2826
f 2852 2850 2905
f 2890 3015 2850
f 2850 3015 2905
f 3016 2890 2866
f 2890 3016 3015
f 2923 2905 3002
f 3015 3002 2905
f 2923 2998 2937
f 2923 3002 2998
f 2997 2953 2937
f 2998 2997 2937
f 2953 2995 2961
f 2953 2961 3032
f 2997 2995 2953
f 3001 2967 2961
f 2961 2967 3032
f 2995 3001 2961
f 2965 2986 2963
f 2965 2963 3032
f 2963 2986 3032
f 2965 2969 2986
f 2969 2965 3032
f 2967 3009 2968
f 2967 2968 3032
f 3001 3009 2967
f 2968 3021 2969
f 2968 2969 3032
f 2968 3009 3021
f 2986 2969 3034
f 3021 3034 2969
f 2986 3047 3032
f 3047 2986 3034
f 3032 3001 2995
f 3032 3009 3001
f 3032 3021 3009
f 3032 3034 3021
f 3032 3047 3034
f 4232 4238 4257
f 4232 4344 4238
f 4344 4232 4257
f 4238 4344 4245
f 4245 4402 4238
f 4238 4406 4257
f 4402 4406 4238
f 4311 4302 4244
f 4244 4302 4423
f 4357 4311 4244
f 4357 4244 4575
f 4244 4423 4575
f 4245 4344 4267
f 4245 4267 4386
f 4245 4386 4402
f 4344 4257 4341
f 4341 4257 4413
f 4406 4413 4257
f 4386 4267 4344
f 4311 4567 4302
f 4302 4567 4423
f 4311 4357 4566
f 4311 4566 4567
f 4344 4341 4345
f 4341 4424 4345
f 4341 4413 4424
f 4344 4345 4371
f 4344 4371 4575
f 4402 4386 4344
f 4406 4402 4344
f 4411 4406 4344
f 4413 4411 4344
f 4424 4413 4344
f 4427 4424 4344
f 4434 4427 4344
f 4575 4434 4344
f 4427 4371 4345
f 4424 4427 4345
f 4358 4493 4357
f 4358 4357 4575
f 4493 4496 4357
f 4357 4496 4548
f 4566 4357 4548
f 4358 4376 4449
f 4376 4358 4575
f 4358 4449 4493
f 4371 4434 4372
f 4371 4372 4575
f 4427 4434 4371
f 4436 4376 4372
f 4372 4376 4575
f 4434 4436 4372
f 4436 4449 4376
f 4413 4406 4411
f 4423 4567 4606
f 4575 4423 4606
f 4575 4436 4434
f 4575 4449 4436
f 4575 4493 4449
f 4575 4496 4493
f 4575 4548 4496
f 4566 4548 4619
f 4575 4652 4548
f 4548 4652 4619
f 4567 4566 4608
f 4608 4566 4616
f 4616 4566 4619
f 4567 4608 4606
f 4575 4606 4617
f 4624 4575 4617
f 4575 4624 4652
f 4606 4608 4616
f 4606 4616 4617
f 4616 4619 4617
f 4619 4624 4617
f 4624 4619 4652
f 2893 2867 2881
f 2867 3053 2881
f 2982 2867 2893
f 2909 2867 2982
f 2867 2909 3053
f 2893 2881 2982
f 2881 3053 2982
f 3058 2909 2982
f 2909 3025 3053
f 3025 2909 3058
f 2982 3053 3058
f 3053 3025 3058
f 723 1088 1288
f 1638 1088 723
f 1257 723 1288
f 1257 1638 723
f 1288 1088 1638
f 1288 1638 1257
f 4833 5028 4653
f 4833 4653 5123
f 4653 5028 5123
f 5123 5028 4833
f 1088 1638 1311
f 1311 1817 1088
f 2168 1638 1088
f 1817 2168 1088
f 1311 1638 1817
f 1817 1638 2168
f 2886 2883 2882
f 2894 2882 2883
f 2927 2886 2882
f 2927 2882 2894
f 2894 2883 2886
f 3054 2894 2886
f 2927 3057 2886
f 3057 3054 2886
f 2927 2894 2912
f 3014 2912 2894
f 3014 2894 3054
f 2927 2912 2939
f 2939 2912 2948
f 2948 2912 3014
f 2927 2939 2942
f 2942 2948 2927
f 2948 3014 2927
f 3014 3054 2927
f 3054 3057 2927
f 2948 2942 2939
f 4653 4683 4833
f 5072 4683 4653
f 5072 4653 4833
f 4833 4683 5072
f 644 485 723
f 644 856 485
f 485 856 723
f 723 856 644
f 3486 3488 3487
f 3502 3486 3487
f 3502 3488 3486
f 3488 3503 3487
f 3502 3487 3503
f 3502 3534 3488
f 3488 3534 3503
f 3502 3503 3506
f 3502 3506 3510
f 3502 3510 3515
f 3515 3603 3502
f 3502 3542 3534
f 3502 3549 3542
f 3603 3549 3502
f 3503 3534 3506
f 3506 3542 3510
f 3534 3542 3506
f 3515 3510 3549
f 3542 3549 3510
f 3589 3515 3549
f 3515 3589 3603
f 3589 3549 3581
f 3603 3581 3549
f 3589 3581 3603
f 131 137 136
f 131 136 723
f 723 137 131
f 137 148 136
f 136 148 170
f 136 170 187
f 136 187 723
f 137 152 148
f 137 151 152
f 723 151 137
f 152 169 148
f 148 169 170
f 151 169 152
f 187 169 151
f 187 151 723
f 169 187 170
f 3132 3192 3175
f 3175 3222 3132
f 3222 3192 3132
f 3175 3192 3309
f 3175 3341 3222
f 3175 3309 3455
f 3175 3455 3341
f 3309 3192 3222
f 3309 3222 3341
f 3259 3251 3303
f 3251 3259 3365
f 3303 3251 3365
f 3259 3268 3367
f 3455 3268 3259
f 3455 3259 3303
f 3259 3367 3365
f 3268 3272 3381
f 3455 3272 3268
f 3367 3268 3381
f 3272 3278 3386
f 3455 3278 3272
f 3381 3272 3386
f 3394 3278 3293
f 3455 3293 3278
f 3386 3278 3394
f 3293 3309 3407
f 3455 3309 3293
f 3394 3293 3407
f 3303 3365 3367
f 3303 3367 3381
f 3303 3381 3386
f 3303 3386 3421
f 3303 3421 3455
f 3407 3309 3341
f 3421 3407 3341
f 3341 3455 3421
f 3386 3394 3421
f 3394 3407 3421
f 3702 3709 3713
f 3733 3709 3702
f 3702 3713 3714
f 3702 3714 3842
f 3733 3702 3786
f 3789 3786 3702
f 3793 3789 3702
f 3821 3793 3702
f 3836 3821 3702
f 3836 3702 3842
f 3709 3733 3713
f 3713 3786 3714
f 3713 3733 3786
f 3714 3789 3717
f 3842 3714 3717
f 3786 3789 3714
f 3717 3793 3747
f 3717 3747 3842
f 3789 3793 3717
f 3747 3804 3748
f 3747 3748 3842
f 3793 3804 3747
f 3748 3784 3775
f 3748 3775 3842
f 3804 3784 3748
f 3842 3775 3784
f 3804 3817 3784
f 3842 3784 3817
f 3821 3804 3793
f 3804 3823 3817
f 3821 3829 3804
f 3829 3823 3804
f 3842 3817 3823
f 3821 3836 3829
f 3842 3823 3829
f 3842 3829 3836
f 2136 2184 2180
f 2180 2205 2136
f 2184 2136 2205
f 2180 2184 2344
f 2180 2344 2205
f 2184 2205 2344
f 3367 3365 3303
f 3303 3365 3376
f 3381 3367 3303
f 3303 3376 3403
f 3303 3386 3381
f 3303 3421 3386
f 3303 3403 3414
f 3303 3414 3418
f 3418 3420 3303
f 3420 3437 3303
f 3455 3421 3303
f 3437 3489 3303
f 3303 3741 3455
f 3489 3741 3303
f 3365 3367 3376
f 3367 3489 3376
f 3367 3381 3517
f 3367 3517 3489
f 3376 3437 3403
f 3489 3437 3376
f 3381 3386 3547
f 3517 3381 3560
f 3381 3547 3560
f 3386 3421 3394
f 3386 3394 3516
f 3386 3516 3547
f 3394 3421 3407
f 3394 3407 3477
f 3516 3394 3477
f 3403 3420 3414
f 3403 3437 3420
f 3407 3421 3464
f 3407 3464 3477
f 3420 3418 3414
f 3464 3421 3455
f 3455 3741 3464
f 3477 3464 3516
f 3516 3464 3547
f 3464 3741 3547
f 3489 3517 3741
f 3585 3517 3560
f 3517 3585 3741
f 3547 3741 3560
f 3560 3741 3585
f 708 673 689
f 689 673 718
f 708 718 673
f 689 695 708
f 695 689 718
f 708 695 718
f 708 718 695
f 695 730 708
f 730 695 718
f 708 730 718
f 4395 4246 4352
f 4575 4352 4246
f 4416 4246 4395
f 4575 4246 4416
f 4395 4352 4431
f 4459 4352 4418
f 4575 4418 4352
f 4431 4352 4459
f 4431 4416 4395
f 4416 4431 4459
f 4416 4459 4487
f 4416 4487 4562
f 4416 4562 4597
f 4416 4597 4575
f 4487 4418 4422
f 4575 4422 4418
f 4487 4459 4418
f 4422 4563 4487
f 4575 4563 4422
f 4562 4487 4563
f 4562 4563 4597
f 4575 4597 4563
f 4344 4411 4437
f 4542 4411 4344
f 4344 4437 4569
f 4344 4561 4542
f 4561 4344 4758
f 4344 4569 4683
f 4344 4683 4758
f 4411 4542 4437
f 4542 4561 4437
f 4437 4561 4569
f 4655 4569 4561
f 4561 4689 4655
f 4689 4561 4758
f 4683 4569 4655
f 4683 4655 4758
f 4655 4689 4758
f 2235 2743 2168
f 2235 2168 2807
f 2743 2991 2168
f 2168 2991 2807
f 2807 2743 2235
f 2807 2991 2743
f 3889 3847 3846
f 3847 3962 3846
f 3846 3966 3889
f 3962 3966 3846
f 3889 3848 3847
f 3848 3949 3847
f 3949 3962 3847
f 3848 3889 3850
f 3850 3940 3848
f 3940 3949 3848
f 3850 3889 3858
f 3850 3858 3917
f 3850 3917 3940
f 3889 3864 3858
f 3864 3910 3858
f 3910 3917 3858
f 3864 3879 3871
f 3864 3871 3886
f 3889 3879 3864
f 3864 3886 3910
f 3879 3882 3871
f 3882 3886 3871
f 3879 3881 3882
f 3889 3881 3879
f 3889 3882 3881
f 3882 3910 3886
f 3882 3889 3910
f 3889 3917 3910
f 3889 3940 3917
f 3889 3949 3940
f 3889 3962 3949
f 3889 3966 3962
f 3885 3815 3806
f 3806 3815 3991
f 3806 3978 3885
f 3806 4110 3978
f 3991 4091 3806
f 3806 4036 4110
f 4125 4036 3806
f 4091 4125 3806
f 3815 3885 3991
f 3885 3978 3991
f 3991 3978 4091
f 4091 3978 4149
f 4110 4149 3978
f 4110 4036 4125
f 4091 4134 4125
f 4091 4149 4134
f 4134 4110 4125
f 4134 4149 4110
f 1554 1533 1594
f 1533 1554 1689
f 1594 1533 1689
f 1629 1554 1594
f 1554 1629 1687
f 1554 1687 1689
f 1659 1629 1594
f 1662 1659 1594
f 1662 1594 1663
f 1663 1594 1673
f 1594 1687 1673
f 1594 1689 1687
f 1629 1659 1673
f 1687 1629 1673
f 1659 1662 1663
f 1659 1663 1673
f 5123 4833 5028
f 5028 4833 5207
f 5207 4833 5123
f 5123 5028 5374
f 5207 5398 5028
f 5398 5374 5028
f 5123 5310 5207
f 5123 5295 5298
f 5123 5311 5295
f 5123 5298 5319
f 5123 5307 5310
f 5123 5319 5307
f 5123 5322 5311
f 5322 5123 5337
f 5337 5123 5350
f 5350 5123 5374
f 5207 5310 5316
f 5207 5316 5336
f 5336 5344 5207
f 5207 5344 5351
f 5207 5351 5366
f 5207 5366 5398
f 5298 5295 5297
f 5295 5311 5297
f 5320 5298 5297
f 5297 5311 5308
f 5297 5308 5320
f 5320 5319 5298
f 5308 5307 5319
f 5322 5307 5308
f 5322 5310 5307
f 5311 5322 5308
f 5308 5319 5320
f 5322 5316 5310
f 5337 5316 5322
f 5337 5336 5316
f 5337 5350 5336
f 5336 5351 5344
f 5350 5351 5336
f 5358 5351 5350
f 5359 5358 5350
f 5359 5350 5374
f 5366 5351 5358
f 5359 5366 5358
f 5359 5376 5366
f 5359 5374 5375
f 5375 5376 5359
f 5398 5366 5376
f 5398 5375 5374
f 5398 5376 5375
f 1921 1938 1920
f 1921 1920 1988
f 1920 1938 1925
f 1920 1925 1988
f 1923 1941 1921
f 1923 1921 1988
f 1941 1938 1921
f 1940 1935 1923
f 1935 1941 1923
f 1949 1940 1923
f 1949 1923 1965
f 1923 1988 1965
f 1936 1928 1925
f 1925 1928 1988
f 1938 1936 1925
f 1928 1934 1929
f 1928 1929 1988
f 1936 1934 1928
f 1929 1933 1930
f 1929 1930 1988
f 1929 1934 1933
f 1933 1988 1930
f 1934 1988 1933
f 1936 1988 1934
f 1940 1947 1935
f 1935 1947 1941
f 1938 1988 1936
f 1941 1988 1938
f 1949 1945 1940
f 1945 1951 1940
f 1940 1951 1947
f 1947 1988 1941
f 1945 1949 1952
f 1945 1952 1951
f 1951 1948 1947
f 1948 1988 1947
f 1951 1965 1948
f 1965 1988 1948
f 1952 1949 1954
f 1954 1949 1965
f 1952 1965 1951
f 1958 1952 1954
f 1952 1958 1965
f 1958 1954 1957
f 1954 1965 1957
f 1959 1958 1957
f 1957 1960 1959
f 1957 1965 1960
f 1959 1965 1958
f 1960 1961 1959
f 1959 1961 1965
f 1960 1965 1961
f 687 708 695
f 730 687 695
f 730 708 687
f 695 708 730
f 2031 1942 1987
f 1987 1942 2063
f 2063 1942 2031
f 2031 1987 2063
f 182 205 202
f 202 460 182
f 182 460 205
f 205 460 202
f 1311 1476 1589
f 1311 1649 1476
f 1589 1753 1311
f 1311 1699 1649
f 1953 1699 1311
f 1753 1817 1311
f 1311 1817 1953
f 1517 1476 1485
f 1476 1649 1485
f 1589 1476 1517
f 1963 1517 1485
f 1649 1699 1485
f 1699 1963 1485
f 1589 1517 1753
f 1517 1919 1753
f 1963 1919 1517
f 1953 1852 1699
f 1699 1852 1976
f 1699 1976 1963
f 1868 1817 1753
f 1753 1918 1868
f 1753 1919 1918
f 1953 1817 1868
f 1953 1979 1852
f 1976 1852 1979
f 1918 1953 1868
f 1918 1919 1976
f 1918 1979 1953
f 1918 1976 1979
f 1919 1963 1976
f 4171 4309 4166
f 4171 4166 4317
f 4173 4172 4166
f 4166 4172 4317
f 4173 4166 4309
f 4171 4175 4304
f 4175 4171 4317
f 4171 4304 4309
f 4173 4267 4172
f 4267 4344 4172
f 4172 4344 4317
f 4176 4267 4173
f 4173 4313 4176
f 4313 4173 4309
f 4178 4180 4175
f 4178 4175 4317
f 4180 4303 4175
f 4304 4175 4303
f 4176 4192 4267
f 4192 4176 4315
f 4176 4313 4315
f 4180 4178 4317
f 4190 4289 4180
f 4190 4180 4317
f 4303 4180 4289
f 4204 4283 4190
f 4204 4190 4317
f 4190 4283 4289
f 4267 4192 4196
f 4192 4288 4196
f 4192 4315 4288
f 4196 4200 4267
f 4196 4285 4200
f 4288 4285 4196
f 4267 4200 4215
f 4279 4215 4200
f 4285 4279 4200
f 4204 4216 4269
f 4216 4204 4317
f 4204 4269 4283
f 4267 4215 4272
f 4279 4272 4215
f 4216 4219 4258
f 4219 4216 4317
f 4269 4216 4258
f 4240 4250 4219
f 4240 4219 4317
f 4258 4219 4250
f 4317 4250 4240
f 4317 4258 4250
f 4317 4269 4258
f 4267 4272 4344
f 4317 4283 4269
f 4272 4279 4344
f 4279 4285 4288
f 4279 4288 4344
f 4317 4289 4283
f 4288 4315 4316
f 4288 4316 4344
f 4303 4289 4297
f 4317 4297 4289
f 4297 4344 4303
f 4317 4344 4297
f 4303 4344 4304
f 4304 4344 4309
f 4309 4344 4313
f 4315 4313 4316
f 4313 4344 4316
f 2881 2822 2769
f 2769 2822 2893
f 2769 2893 2881
f 2881 2893 2822
f 1288 1273 1171
f 1171 1273 1300
f 1300 1288 1171
f 1300 1273 1288
f 768 856 781
f 768 781 912
f 768 912 856
f 856 912 781
f 1562 1781 1088
f 1562 1088 1817
f 1875 1088 1781
f 1817 1088 1875
f 1817 1781 1562
f 1875 1781 1817
f 4223 4228 4169
f 4169 4446 4223
f 4228 4318 4169
f 4318 4354 4169
f 4169 4354 4699
f 4699 4446 4169
f 4446 4228 4223
f 4318 4228 4489
f 4607 4228 4446
f 4489 4228 4607
f 4489 4354 4318
f 4699 4354 4489
f 4610 4607 4446
f 4699 4610 4446
f 4699 4489 4607
f 4607 4610 4699
f 410 426 427
f 426 410 634
f 410 427 634
f 426 468 427
f 468 426 634
f 468 471 427
f 427 471 634
f 471 468 497
f 497 468 634
f 471 497 498
f 471 498 634
f 497 515 498
f 512 515 497
f 512 497 634
f 498 515 634
f 515 512 546
f 512 520 546
f 520 512 634
f 534 515 544
f 515 534 634
f 515 546 544
f 710 546 520
f 520 634 710
f 634 534 544
f 546 549 544
f 634 544 549
f 548 549 546
f 576 548 546
f 710 576 546
f 548 563 549
f 548 564 563
f 576 564 548
f 634 549 563
f 563 564 569
f 576 563 569
f 634 563 576
f 564 568 569
f 576 568 564
f 568 576 569
f 634 576 710
f 1204 1251 1237
f 1204 1237 1280
f 1204 1279 1251
f 1264 1279 1204
f 1264 1204 1413
f 1413 1204 1280
f 1237 1251 1246
f 1280 1237 1246
f 1246 1251 1321
f 1321 1280 1246
f 1251 1279 1367
f 1321 1251 1367
f 1264 1290 1279
f 1264 1307 1290
f 1347 1307 1264
f 1358 1347 1264
f 1413 1358 1264
f 1279 1290 1347
f 1279 1347 1358
f 1367 1279 1358
f 1367 1280 1321
f 1413 1280 1367
f 1290 1307 1347
f 1413 1367 1358
f 151 153 152
f 152 169 151
f 168 153 151
f 180 168 151
f 169 187 151
f 180 151 494
f 187 723 151
f 151 723 494
f 153 168 152
f 168 169 152
f 168 195 169
f 168 180 215
f 168 216 195
f 215 216 168
f 169 195 187
f 494 215 180
f 187 195 723
f 494 195 216
f 723 195 494
f 216 215 221
f 494 221 215
f 216 221 494
f 644 1088 741
f 1412 644 741
f 1412 1088 644
f 741 1088 1412
f 964 798 723
f 723 798 1638
f 723 1638 964
f 774 798 964
f 1262 798 774
f 774 964 1262
f 1262 1638 798
f 964 1638 1262
f 3184 3221 3163
f 3184 3163 3447
f 3163 3221 3228
f 3163 3228 3247
f 3163 3247 3260
f 3260 3267 3163
f 3163 3267 3447
f 3184 3377 3221
f 3447 3377 3184
f 3221 3232 3228
f 3221 3377 3232
f 3228 3232 3247
f 3247 3232 3288
f 3232 3377 3288
f 3247 3288 3260
f 3267 3260 3335
f 3288 3335 3260
f 3267 3335 3377
f 3447 3267 3377
f 3288 3377 3335
f 1180 1179 1181
f 1264 1179 1180
f 1264 1181 1179
f 1180 1181 1279
f 1192 1180 1251
f 1264 1180 1192
f 1251 1180 1279
f 1264 1185 1181
f 1181 1185 1290
f 1279 1181 1290
f 1185 1264 1186
f 1185 1186 1286
f 1185 1286 1291
f 1290 1185 1291
f 1186 1264 1188
f 1186 1188 1269
f 1186 1269 1286
f 1188 1264 1190
f 1190 1265 1188
f 1188 1265 1269
f 1190 1212 1195
f 1190 1195 1252
f 1264 1212 1190
f 1190 1252 1265
f 1194 1192 1246
f 1264 1192 1194
f 1192 1251 1246
f 1237 1197 1194
f 1264 1194 1197
f 1237 1194 1246
f 1195 1212 1206
f 1195 1206 1223
f 1195 1223 1252
f 1204 1197 1237
f 1264 1197 1204
f 1204 1237 1251
f 1204 1251 1279
f 1264 1204 1279
f 1206 1212 1208
f 1215 1206 1208
f 1223 1206 1215
f 1212 1215 1208
f 1212 1223 1215
f 1212 1252 1223
f 1212 1265 1252
f 1264 1265 1212
f 1237 1246 1251
f 1264 1269 1265
f 1264 1286 1269
f 1279 1290 1264
f 1264 1291 1286
f 1290 1307 1264
f 1264 1307 1291
f 1307 1290 1291
f 4129 4126 4141
f 4126 4129 4187
f 4141 4126 4187
f 4274 4129 4141
f 4187 4129 4274
f 4141 4187 4274
f 3184 3204 3163
f 3184 3163 3221
f 3163 3204 3206
f 3163 3206 3267
f 3221 3163 3228
f 3228 3163 3247
f 3247 3163 3260
f 3260 3163 3267
f 3184 3191 3199
f 3208 3191 3184
f 3184 3199 3204
f 3221 3208 3184
f 3199 3191 3208
f 3204 3199 3208
f 3204 3228 3206
f 3204 3208 3221
f 3204 3221 3228
f 3224 3206 3228
f 3267 3206 3224
f 3224 3228 3247
f 3224 3247 3248
f 3267 3224 3248
f 3247 3260 3248
f 3267 3248 3260
f 774 779 786
f 774 922 779
f 774 786 794
f 774 794 812
f 774 812 818
f 774 818 874
f 774 874 918
f 774 918 968
f 923 922 774
f 925 923 774
f 928 925 774
f 774 939 928
f 982 939 774
f 774 968 979
f 774 979 1028
f 774 1005 982
f 774 1034 1005
f 1028 1034 774
f 779 922 786
f 794 786 923
f 922 923 786
f 794 925 812
f 925 794 923
f 874 818 812
f 874 812 939
f 812 925 928
f 928 939 812
f 874 982 918
f 874 939 982
f 918 1005 968
f 982 1005 918
f 968 1037 979
f 1005 1037 968
f 1028 979 1038
f 979 1037 1038
f 1005 1034 1037
f 1028 1037 1034
f 1028 1044 1037
f 1028 1038 1045
f 1028 1045 1044
f 1037 1044 1038
f 1038 1044 1045
f 4416 4459 4431
f 4574 4416 4431
f 4416 4487 4459
f 4562 4487 4416
f 4597 4562 4416
f 4575 4416 4574
f 4597 4416 4575
f 4431 4459 4560
f 4574 4431 4560
f 4560 4459 4487
f 4560 4487 4562
f 4560 4562 4597
f 4578 4574 4560
f 4560 4597 4578
f 4575 4574 4597
f 4597 4574 4578
f 995 993 974
f 974 993 1078
f 995 974 994
f 994 974 1078
f 1043 981 1002
f 1002 981 1087
f 981 1043 1087
f 993 995 1081
f 993 1081 1078
f 996 995 994
f 1029 996 994
f 1311 1029 994
f 1078 1082 994
f 1082 1084 994
f 1084 1098 994
f 1098 1311 994
f 996 1082 995
f 1081 995 1082
f 1029 1084 996
f 996 1084 1082
f 1093 1043 1002
f 1002 1087 1311
f 1002 1116 1093
f 1002 1189 1116
f 1002 1311 1189
f 1031 1098 1029
f 1311 1031 1029
f 1029 1098 1084
f 1058 1100 1031
f 1311 1058 1031
f 1031 1100 1098
f 1043 1116 1087
f 1093 1116 1043
f 1058 1059 1128
f 1311 1059 1058
f 1058 1128 1100
f 1087 1131 1059
f 1311 1087 1059
f 1128 1059 1131
f 1078 1081 1082
f 1087 1116 1131
f 1098 1100 1311
f 1100 1128 1311
f 1131 1116 1189
f 1128 1131 1311
f 1189 1311 1131
f 3545 3465 3460
f 3460 3465 3591
f 3555 3545 3460
f 3591 3555 3460
f 3465 3483 3490
f 3483 3465 3495
f 3465 3490 3591
f 3495 3465 3545
f 3490 3483 3495
f 3591 3490 3495
f 3591 3495 3545
f 3591 3545 3555
f 2059 2072 2113
f 2059 2136 2072
f 2059 2113 2180
f 2180 2136 2059
f 2072 2136 2113
f 2113 2136 2184
f 2113 2184 2180
f 2180 2184 2136
f 774 799 779
f 774 779 922
f 774 859 799
f 774 914 859
f 916 914 774
f 921 916 774
f 922 921 774
f 779 799 922
f 859 921 799
f 799 921 922
f 914 916 859
f 859 916 921
f 4048 4099 4040
f 4048 4040 4118
f 4118 4040 4099
f 4067 4099 4048
f 4067 4048 4118
f 4067 4142 4099
f 4118 4142 4067
f 4118 4099 4142
f 2235 2168 2488
f 2807 2168 2235
f 2488 2168 2807
f 2484 2433 2235
f 2807 2235 2433
f 2484 2235 2488
f 2488 2427 2484
f 2538 2484 2427
f 2538 2427 2488
f 2556 2433 2484
f 2556 2807 2433
f 2556 2484 2538
f 2538 2488 2646
f 2488 2807 2646
f 2556 2538 2646
f 2807 2556 2646
f 1644 1599 1605
f 1605 1599 1728
f 1644 1650 1599
f 1728 1599 1650
f 1612 1644 1605
f 1612 1605 1728
f 1612 1613 1644
f 1613 1612 1728
f 1613 1620 1644
f 1620 1613 1728
f 1620 1654 1644
f 1728 1654 1620
f 1644 1694 1650
f 1654 1685 1644
f 1644 1685 1694
f 1742 1650 1694
f 1728 1650 1742
f 1728 1685 1654
f 1685 1742 1694
f 1728 1742 1685
f 723 798 1088
f 1638 798 723
f 723 1088 1638
f 1088 798 1638
f 710 634 1002
f 1311 634 710
f 1002 634 1311
f 710 1002 1311
f 195 217 187
f 723 195 187
f 494 187 217
f 494 723 187
f 216 220 195
f 494 216 195
f 217 195 220
f 494 195 723
f 216 221 220
f 494 221 216
f 217 220 494
f 220 221 494
f 2765 2776 2806
f 2837 2776 2765
f 2765 2806 2820
f 2765 2820 2839
f 2841 2837 2765
f 2765 2839 2846
f 2847 2841 2765
f 2765 2846 2854
f 2848 2847 2765
f 2848 2765 2871
f 2765 2854 2871
f 2776 2780 2806
f 2780 2776 2811
f 2776 2829 2811
f 2776 2831 2829
f 2837 2831 2776
f 2780 2811 2789
f 2789 2871 2780
f 2780 2871 2806
f 2799 2797 2789
f 2797 2889 2789
f 2810 2799 2789
f 2811 2810 2789
f 2789 2884 2871
f 2789 2889 2884
f 2799 2900 2797
f 2797 2900 2889
f 2810 2903 2799
f 2799 2903 2900
f 2820 2806 2854
f 2871 2854 2806
f 2811 2922 2810
f 2810 2922 2903
f 2811 2829 2813
f 2813 2920 2811
f 2811 2920 2922
f 2813 2829 2815
f 2815 2914 2813
f 2914 2920 2813
f 2815 2829 2914
f 2820 2846 2839
f 2820 2854 2846
f 2829 2831 2899
f 2914 2829 2899
f 2888 2831 2837
f 2899 2831 2888
f 2841 2862 2837
f 2837 2862 2874
f 2837 2874 2888
f 2841 2847 2849
f 2841 2849 2862
f 2847 2848 2849
f 2849 2848 2884
f 2848 2871 2884
f 2862 2849 2874
f 2849 2884 2874
f 2874 2884 2889
f 2874 2899 2888
f 2874 2889 2900
f 2874 2914 2899
f 2874 2900 2903
f 2874 2903 2922
f 2920 2914 2874
f 2920 2874 2922
f 2495 2446 2523
f 2495 2595 2446
f 2523 2446 2595
f 2523 2595 2495
f 3764 3694 3842
f 4217 3694 3764
f 3842 3694 4217
f 3842 4217 3764
f 856 723 644
f 644 723 1288
f 856 644 1288
f 1288 723 856
f 1311 1088 798
f 798 1088 1638
f 1311 798 1638
f 1638 1088 1311
f 1113 1099 1096
f 1096 1099 1214
f 1113 1096 1214
f 1113 1101 1099
f 1099 1101 1214
f 1113 1234 1101
f 1214 1101 1234
f 1113 1214 1230
f 1230 1234 1113
f 1230 1214 1234
f 4502 4405 4408
f 4405 4506 4408
f 4502 4410 4405
f 4410 4519 4405
f 4405 4519 4506
f 4409 4408 4438
f 4504 4408 4409
f 4438 4408 4506
f 4502 4408 4504
f 4438 4504 4409
f 4502 4414 4410
f 4526 4410 4414
f 4410 4526 4519
f 4415 4428 4414
f 4502 4415 4414
f 4428 4527 4414
f 4527 4526 4414
f 4415 4451 4428
f 4450 4415 4447
f 4447 4415 4483
f 4450 4455 4415
f 4415 4455 4451
f 4502 4483 4415
f 4451 4530 4428
f 4428 4530 4527
f 4438 4500 4486
f 4486 4504 4438
f 4506 4500 4438
f 4450 4447 4473
f 4483 4473 4447
f 4455 4450 4525
f 4450 4473 4525
f 4456 4451 4455
f 4456 4539 4451
f 4451 4539 4530
f 4456 4455 4529
f 4529 4455 4525
f 4456 4529 4535
f 4456 4535 4539
f 4473 4483 4509
f 4473 4509 4525
f 4483 4502 4507
f 4509 4483 4507
f 4500 4545 4486
f 4545 4504 4486
f 4506 4545 4500
f 4502 4504 4545
f 4529 4507 4502
f 4529 4502 4535
f 4535 4502 4539
f 4539 4502 4545
f 4506 4519 4526
f 4506 4526 4527
f 4506 4527 4530
f 4506 4530 4545
f 4525 4509 4507
f 4525 4507 4529
f 4530 4539 4545
f 1591 1478 1449
f 1449 1478 1631
f 1591 1449 1770
f 1449 1631 1854
f 1449 1854 1770
f 1631 1478 1591
f 1770 1631 1591
f 1854 1631 1770
f 1562 1088 1311
f 1311 1088 1817
f 1817 1088 1562
f 1311 1817 1562
f 3955 4061 4062
f 4077 4061 3955
f 3955 4062 4064
f 3955 4064 4070
f 4071 3955 4070
f 3955 4071 4072
f 4072 4169 3955
f 3955 4085 4077
f 3955 4119 4085
f 3955 4123 4119
f 3955 4147 4123
f 3955 4151 4147
f 4169 4151 3955
f 4062 4061 4077
f 4064 4062 4077
f 4064 4085 4070
f 4064 4077 4085
f 4071 4070 4119
f 4070 4085 4119
f 4071 4111 4072
f 4111 4071 4123
f 4071 4119 4123
f 4072 4111 4169
f 4120 4111 4147
f 4111 4120 4169
f 4123 4147 4111
f 4120 4147 4152
f 4148 4120 4152
f 4148 4169 4120
f 4151 4152 4147
f 4153 4148 4152
f 4154 4148 4153
f 4154 4169 4148
f 4152 4151 4169
f 4153 4152 4169
f 4154 4153 4169
f 3303 3325 3316
f 3303 3316 3339
f 3303 3333 3325
f 3303 3345 3333
f 3303 3339 3418
f 3303 3358 3345
f 3303 3365 3358
f 3376 3365 3303
f 3403 3376 3303
f 3414 3403 3303
f 3418 3414 3303
f 3325 3317 3316
f 3339 3316 3317
f 3325 3318 3317
f 3339 3317 3318
f 3333 3318 3325
f 3414 3318 3333
f 3318 3418 3339
f 3414 3418 3318
f 3345 3403 3333
f 3403 3414 3333
f 3376 3345 3358
f 3376 3403 3345
f 3365 3376 3358
f 27 28 13
f 485 27 13
f 13 28 485
f 27 42 28
f 485 42 27
f 28 42 40
f 28 40 485
f 41 40 56
f 40 41 485
f 40 42 56
f 485 41 56
f 42 55 56
f 485 55 42
f 56 55 57
f 485 57 55
f 485 56 57
f 4575 4710 4683
f 4575 4683 4949
f 4575 4720 4710
f 4711 4720 4575
f 4749 4711 4575
f 4949 4749 4575
f 4683 4710 4724
f 4683 4724 4748
f 4683 4748 4755
f 4683 4755 4769
f 4769 4777 4683
f 4777 4790 4683
f 4790 4863 4683
f 4683 4863 4889
f 4683 4889 4949
f 4711 4710 4718
f 4724 4710 4711
f 4710 4717 4718
f 4710 4720 4717
f 4711 4718 4720
f 4727 4724 4711
f 4749 4727 4711
f 4722 4718 4717
f 4717 4720 4721
f 4721 4722 4717
f 4720 4718 4722
f 4722 4721 4720
f 4727 4748 4724
f 4749 4748 4727
f 4749 4754 4748
f 4748 4754 4755
f 4749 4770 4754
f 4949 4770 4749
f 4754 4770 4755
f 4755 4770 4769
f 4770 4779 4769
f 4769 4779 4777
f 4949 4779 4770
f 4777 4779 4791
f 4777 4791 4790
f 4949 4791 4779
f 4790 4791 4884
f 4889 4863 4790
f 4889 4790 4884
f 4949 4884 4791
f 4884 4898 4889
f 4949 4898 4884
f 4889 4898 4949
f 494 539 774
f 964 539 494
f 774 964 494
f 774 539 964
f 726 736 721
f 764 726 721
f 721 736 764
f 737 736 726
f 764 737 726
f 737 762 736
f 736 762 767
f 736 767 764
f 750 762 737
f 764 750 737
f 764 762 750
f 764 767 762
f 2168 1817 2174
f 2247 1817 2168
f 2174 1817 2247
f 2991 2168 2174
f 2247 2168 2991
f 2247 2991 2174
f 5072 4833 4653
f 4653 4833 5123
f 5072 4653 5123
f 5123 4833 5072
f 994 1088 1311
f 1562 1088 994
f 1311 1562 994
f 1311 1088 1562
f 1638 964 1262
f 1262 964 1728
f 1728 964 1638
f 1262 1728 1638
f 2807 2991 2168
f 2168 3028 2807
f 2991 3028 2168
f 2807 3028 2991
f 821 738 768
f 768 738 856
f 856 738 821
f 768 856 821
f 856 768 821
f 821 768 912
f 912 768 856
f 856 821 912
