v -0.280368175547252 0.276190494786179 -0.490914606273326
v -0.280118986528377 0.168196283173484 -0.490112816895729
v -0.280075419700306 0.168178229936359 -0.492645077396637
v -0.279962375136404 0.100323614136562 -0.489608904841089
v -0.279957604385111 0.0982560530259827 -0.489593554494888
v -0.279926236390735 0.113137050357486 -0.493526895512262
v -0.279924482300147 0.0987304971787878 -0.493523787871456
v -0.279916690466997 0.034735251229876 -0.493509983442648
v -0.279903414879079 0.0988561442495997 -0.492831443004747
v -0.279897878192933 0.0987960794878317 -0.49314507040225
v -0.279812841227382 0.0355182038216924 -0.489127765261242
v -0.279771931069147 0.0351035964207429 -0.491449272427688
v -0.279672925425971 0.0355747545488806 -0.488812535765298
v -0.27966751750176 0.0985990114921067 -0.493938265408302
v -0.278523899580941 0.0343363600642216 -0.495756648237098
v -0.277999844599356 0.168270370315373 -0.496197450029413
v -0.277201362451706 0.131885129123157 -0.497978559393292
v -0.277190904992818 0.0973244946269299 -0.497971655722661
v -0.27717172753328 0.0339453145870831 -0.49795899539422
v -0.277148525095354 0.168305400633916 -0.497994123885861
v -0.276982750668214 0.282572087364548 -0.498042956662848
v -0.276294348277528 0.284072971095499 -0.491301505658265
v -0.276189036775623 0.0970421659866604 -0.498361465963502
v -0.276090833955485 0.168505001187075 -0.481034478469145
v -0.27590149731308 0.168374221465108 -0.498473112359246
v -0.274524239946608 0.0396059638720996 -0.477216913666304
v -0.274350268202306 0.0337540887104858 -0.499056969974171
v -0.27357630377702 0.0953019398902969 -0.475204216692519
v -0.27341416977484 0.10482812085785 -0.474859967125928
v -0.272300279126098 0.170274749913204 -0.472494908792071
v -0.271976783973833 0.278546594887535 -0.499966327743493
v -0.271968640753675 0.168591415754936 -0.499965510946335
v -0.271963254228828 0.0958589716981419 -0.499964970656608
v -0.271958643077205 0.033596133067382 -0.49996450813988
v -0.271668710777035 0.168608905197807 -0.499965506322431
v -0.270672997149131 0.265885679078786 -0.469039796923137
v -0.270199649958894 0.171205771489569 -0.468018267001122
v -0.269878992811022 0.107067249587238 -0.467326257250106
v -0.269811893567689 0.0936459168127814 -0.467181450465102
v -0.269560152913371 0.0432922179234237 -0.466638169304301
v -0.269277552656819 0.0435025443157844 -0.4660345173482
v -0.268376210322367 0.276014102265222 -0.473659748405615
v -0.266682472357612 0.172768041963208 -0.46050523817078
v -0.265587876942963 0.0917837930146931 -0.458158135346288
v -0.265587272656557 0.109795215314126 -0.458158821391601
v -0.262996284054976 0.0384098578343534 -0.452616259738016
v -0.262292751671897 0.0869687321094291 -0.45111874246496
v -0.26218700213135 0.094267726111116 -0.45089364726338
v -0.262023232290373 0.105571369424988 -0.45054505184465
v -0.261827582721019 0.269062512802089 -0.459534715728053
v -0.261034705081009 0.173801019731828 -0.448440903398163
v -0.259811962920141 0.258196541940306 -0.445838212249274
v -0.259773446996802 0.0357910247114734 -0.445693408506165
v -0.259668771020572 0.174052414994776 -0.445507173420278
v -0.259547226971433 0.102629255367457 -0.445226181270445
v -0.259536306569277 0.0962120787809762 -0.445200934890219
v -0.259513632858371 0.0828882831293478 -0.445148516570956
v -0.259433062366055 0.0355424922435289 -0.444962249320446
v -0.25790148899534 0.174371644581257 -0.441772791363532
v -0.256173848850742 0.0780522963666859 -0.438089495901694
v -0.256171347691141 0.0986485667203802 -0.438091175982361
v -0.252327226327605 0.0303815215343832 -0.429944975391024
v -0.251990255750532 0.0300297760108059 -0.429232795068571
v -0.251479380977579 0.176673544935662 -0.499965246225827
v -0.25097673767831 0.0765977054078792 -0.42710685200699
v -0.250588737995672 0.0944250558245524 -0.426292988637598
v -0.250395593753141 0.258548442809183 -0.43641550650884
v -0.250261477891629 0.109461615938517 -0.425606531862341
v -0.248507712352069 0.190041560256817 -0.42192785480403
v -0.248247783001298 0.0336373740630526 -0.499964132636011
v -0.247259505670644 0.247392684234399 -0.419309631797928
v -0.2471706177585 0.0249925819608865 -0.419019060026846
v -0.247104426437384 0.0755083114532444 -0.418902043350506
v -0.247103169528134 0.091785209977993 -0.418906863300957
v -0.246632595312869 0.193174123659592 -0.417956464126726
v -0.246342799726757 0.0905115538117749 -0.49996452486314
v -0.245760050151596 0.117711751577064 -0.416073100916569
v -0.245444273510755 0.0904016988443115 -0.415391506273241
v -0.245262408212892 0.0746730152353011 -0.414998955347052
v -0.24467288862846 0.0236882087119869 -0.413726494566493
v -0.242759734512267 0.123298663575378 -0.409567768945298
v -0.242674312106935 0.199878482059613 -0.409374125184782
v -0.242219732695817 0.0331670307579334 -0.49996403359981
v -0.241895522577211 0.241272659512921 -0.407681135372492
v -0.241846112591485 0.200972214431658 -0.407578459323054
v -0.241753500684414 0.125434830238219 -0.407386007845703
v -0.241706691784346 0.0872559180457465 -0.407288736962768
v -0.241689216461822 0.073002457630358 -0.407252422500153
v -0.241626787692448 0.022083455030586 -0.407122692865215
v -0.240969638864769 0.170598111053628 -0.47548444830976
v -0.240526394550346 0.0342721090048955 -0.496485739860517
v -0.238179543524884 0.218727625703054 -0.399784917215704
v -0.238179144638089 0.205775003028833 -0.399784819739332
v -0.238054526971706 0.0343571350816986 -0.499963976421761
v -0.237857161679403 0.133585245171399 -0.399104694909465
v -0.236305950503817 0.0193016389632783 -0.395814544898689
v -0.235436209476979 0.0701555519381534 -0.393963149429449
v -0.235236146478624 0.0818532711372271 -0.393537280443982
v -0.235161468966126 0.0231672576272606 -0.44094942427138
v -0.234287602962611 0.13731477971016 -0.391518140132402
v -0.233596761131506 0.222918848648883 -0.390044944017278
v -0.233025979057047 0.229799144751468 -0.388831469436311
v -0.232762362739975 0.0929324421402991 -0.471985225581031
v -0.232712796135339 0.229394015798993 -0.388165889134722
v -0.232319467443222 0.139373098270347 -0.387327362237286
v -0.232103416431528 0.0351505876237054 -0.4999638879916
v -0.232089982511012 0.173703823006302 -0.499964916852587
v -0.231521982630252 0.232200910616512 -0.389565407718115
v -0.231415405395775 0.142491951633095 -0.385402354742521
v -0.231164639761215 0.125695121965258 -0.384868206136127
v -0.230527240814723 0.118161166018665 -0.38351484986997
v -0.23045040759934 0.0778542924696982 -0.383346840919646
v -0.230300472811076 0.0678113330180198 -0.383027469175021
v -0.229523275469435 0.015752958317768 -0.381371983655004
v -0.229128432322891 0.237842804938755 -0.392378457890228
v -0.228846405957764 0.0153992968234764 -0.379935767359175
v -0.228840209778044 0.236741849491865 -0.390809510875014
v -0.228493061803548 0.237198714049069 -0.391003289212205
v -0.228028354920853 0.154148983494895 -0.378217198738049
v -0.227413267104436 0.0664996583648896 -0.376901273015083
v -0.227412586541075 0.0753194310962444 -0.376900919861023
v -0.226923964743012 0.237782473520119 -0.392249427109078
v -0.226727183484421 0.237855625765186 -0.392405720224865
v -0.226195069318546 0.00951741109271806 -0.374309469731474
v -0.225934521032856 0.238151500702117 -0.393034988944748
v -0.225570520020477 0.224252254862289 -0.3730108685497
v -0.225561039544408 0.159517897689516 -0.372982746463842
v -0.225550561865253 0.0879744625569646 -0.372951666358729
v -0.22554870792648 0.0753154427137438 -0.372946166990875
v -0.225546936860723 0.06322229438527 -0.372940913450553
v -0.225539159469889 0.0101169025887845 -0.372917843253322
v -0.224262010078084 0.162356615214833 -0.370210737716358
v -0.224119835830271 0.0606975471041238 -0.369894924082513
v -0.223555955433102 0.0119374870011321 -0.36868556295984
v -0.223473955008885 0.0753196338886987 -0.368518284109529
v -0.222385443511234 0.073590543033738 -0.366195000629146
v -0.222072004351462 0.0587641235652051 -0.36552426009656
v -0.221789595728103 0.217885829195954 -0.401778028903286
v -0.220990965907524 0.00762842806669445 -0.363210904285629
v -0.220521068122033 0.0981357355579076 -0.499964172223214
v -0.220362262520895 0.00656951707683868 -0.361863633176763
v -0.219940485266624 0.0567390732192724 -0.360956448320778
v -0.218367907188144 0.0671966761151053 -0.357585652991178
v -0.218314546086718 0.0114281431938049 -0.373910213360658
v -0.218269263842713 0.143066430300361 -0.400823105611649
v -0.216082041121866 0.180288641147495 -0.352679504365201
v -0.21550126832123 0.0022206120587515 -0.351446581591195
v -0.215476406942478 0.0383317004396443 -0.351390929721982
v -0.215460909202699 0.0608421274134813 -0.351356238235405
v -0.215378002057548 0.181264541464851 -0.351170651681867
v -0.215357216222453 0.211455913216648 -0.351124122863506
v -0.214417115392932 0.0585810214590322 -0.349161984372294
v -0.213581428357964 0.222082420547474 -0.358729189882349
v -0.212952258779044 0.0280878632761451 -0.346085135871773
v -0.212688616223095 0.0669379405035616 -0.370523355515922
v -0.211332086198543 0.186813216140356 -0.342664023046635
v -0.211220946257508 -0.00153791338404289 -0.342448010831255
v -0.21091152233707 0.24345858104908 -0.404322119850415
v -0.21071992373808 0.025764758366211 -0.341392106005186
v -0.210270796930402 0.0502394303196716 -0.340445571377787
v -0.209828629581895 0.215796244976055 -0.345366756449527
v -0.207652863626911 0.203052826366951 -0.334927326439058
v -0.207551220334807 -0.00480082085818535 -0.334633514087953
v -0.207458412939671 0.203497206082546 -0.334518472867398
v -0.207382859598332 0.207614402412496 -0.334359244220677
v -0.20733507900801 0.203781878674493 -0.334255995750735
v -0.206320836546585 0.206130605011957 -0.332088870998585
v -0.205537219068747 0.206873998298336 -0.331614203406637
v -0.205295236885268 0.0401643238377516 -0.329848126850913
v -0.205179564433575 0.17960197728126 -0.499964534137607
v -0.205041545296702 0.0198154953960535 -0.329299927923692
v -0.204711145089438 -0.00668619972402806 -0.328585970317927
v -0.20274360533331 0.208872552485015 -0.330651779976056
v -0.202552557137896 0.0875894445741587 -0.499963809097311
v -0.201278877899101 0.0320161819106063 -0.32126128526458
v -0.197962064430612 -0.0111841663152196 -0.314159356364163
v -0.197959439721842 0.0123805728191833 -0.314160654849485
v -0.197816175973377 -0.0112908251952379 -0.313847507207384
v -0.197372596868186 0.0123807665796882 -0.312906353486742
v -0.197328854309209 0.203581099740318 -0.319405815088177
v -0.196647374101994 0.192437424130616 -0.35184092169838
v -0.194062866471304 0.189004475683915 -0.305884009465367
v -0.193096564467966 0.255522162419666 -0.429979053479709
v -0.1917235959006 0.0123774224341183 -0.300898684020416
v -0.191360464724744 0.256501802732062 -0.432062560707626
v -0.19134784467453 -0.0159937427688046 -0.300097903566988
v -0.188489496683299 0.102042249069188 -0.499963693546978
v -0.18718231562144 0.258860796000096 -0.437075586939002
v -0.187164890980981 -0.0190225687194879 -0.291243105606254
v -0.187163785293469 0.012371540915327 -0.291246755222945
v -0.186977302112411 -0.0192031242286557 -0.290845994534004
v -0.186700674801739 0.0120554895493179 -0.290266411009394
v -0.186397086237228 0.194226475323762 -0.299515090033867
v -0.185911440609197 0.211241371281676 -0.335685429610858
v -0.18519321096575 0.182397418981014 -0.287108005567932
v -0.183070244687829 -0.0230390045398254 -0.282384671591922
v -0.182511238617682 0.261491942582752 -0.44268547951147
v -0.182131666656799 0.00891860225501025 -0.280372367803956
v -0.179924089202174 0.237034565062546 -0.468703916200902
v -0.177476360298976 0.206513527103533 -0.499964294929609
v -0.177456178041223 0.0461960245110501 -0.499963103886471
v -0.177293734866194 0.215117577096993 -0.343923024155508
v -0.177293272238941 0.173660905198672 -0.269998888889216
v -0.177091986377142 0.00547198931321241 -0.269617988572954
v -0.177050882824617 -0.0288730057924242 -0.269540206874744
v -0.176792377837981 0.264713239125546 -0.449553789311538
v -0.176523923007204 0.00508472632494364 -0.268420373347701
v -0.176519873789718 -0.029382267097896 -0.268420749247997
v -0.176084165610325 0.184804506394192 -0.279441267479733
v -0.175514932001542 0.275435939004394 -0.472417977517141
v -0.175504191242318 0.0779213477871527 -0.499963308580966
v -0.173515293927843 0.216816925420991 -0.347535140815036
v -0.173492794094126 0.277145436480304 -0.476062991908874
v -0.171553605090491 0.233474612853001 -0.499964401303256
v -0.170947825959839 -0.0241979395610707 -0.256671199285287
v -0.170256533749197 -0.00292972913817124 -0.255208165861297
v -0.169830114992598 0.176403978366054 -0.261547815635775
v -0.166169974681319 -0.0197294009353963 -0.246549355064913
v -0.166086510589938 -0.00827825052751231 -0.246373344525028
v -0.165357844107279 0.283858220858979 -0.490746762002512
v -0.164830853277084 0.163996083408169 -0.243725392359153
v -0.16477061377529 0.284028841795097 -0.49184505929583
v -0.162163692280619 0.258220778464889 -0.499964436272635
v -0.161988460904941 0.282817773226868 -0.497295094043201
v -0.161604017582365 0.282563447680465 -0.498058810483141
v -0.160995367524708 0.279301402690059 -0.499617057663793
v -0.160980412910355 -0.0148480024796021 -0.235498865214953
v -0.160944122532751 0.0622506060588425 -0.446281006598951
v -0.160861603902387 0.278543128907424 -0.499964566574738
v -0.158672272427834 -0.014040238740047 -0.230583777740005
v -0.157932999462875 0.0959811197405166 -0.499963164217745
v -0.157671475618229 0.220144290595033 -0.354607464176383
v -0.156399971122966 0.0022357183853687 -0.35471264403676
v -0.152938062794559 0.160757283891163 -0.228197840201049
v -0.151672583909145 -0.0116644446452105 -0.215956745681408
v -0.150570836849149 0.150419974824646 -0.213898846478383
v -0.148943520471057 0.132496339686433 -0.499963292945965
v -0.148903436851647 0.0684036427886042 -0.499962816276136
v -0.148820508023761 -0.0105807248112723 -0.209560501045275
v -0.146708868714835 0.222446964000449 -0.359500615288839
v -0.146153749472662 0.147560794018832 -0.499963360616859
v -0.145915249403212 -0.00955579123106473 -0.203342943997886
v -0.145305512730471 0.140159294088036 -0.202059180059186
v -0.144692019562874 -0.0090262705895341 -0.200725118164852
v -0.144496797008421 0.222910078529523 -0.3604891160174
v -0.143333202179446 0.149566986063999 -0.485684896907118
v -0.142387485099509 -0.00807547134485766 -0.195938884979025
v -0.142248247362663 0.163182856015104 -0.499963414745251
v -0.140673016294405 0.0564565222587307 -0.192354070734817
v -0.140547305489755 -0.0110546793197753 -0.192115560622901
v -0.140546632765826 -0.00450722661277835 -0.19211678832882
v -0.140325214889937 0.00649456657659043 -0.191661304948598
v -0.139719141824925 -0.00977164754971284 -0.190395944474251
v -0.139501999716656 0.0484687273026103 -0.189889964005352
v -0.138671783474275 0.146484299592013 -0.197844990319779
v -0.138102014462655 0.0614543043351761 -0.186925538649051
v -0.137460473025764 -0.00977077750110122 -0.197310262929031
v -0.136321044878374 -0.00447159104685312 -0.183222117998003
v -0.135608343649806 0.0580818954413236 -0.195259502153776
v -0.135553121410337 0.154255927633566 -0.499963242326657
v -0.135179005252283 0.134117297637107 -0.180698738373493
v -0.134868669805171 0.0632245907506292 -0.18010221431786
v -0.134576823435639 -0.00344449047644268 -0.179541229803859
v -0.132568204702467 -0.00316523502112137 -0.177583282545018
v -0.132041008122624 0.0636538614537002 -0.177346035940799
v -0.131475793847394 0.135291479430746 -0.177091680786419
v -0.131130824220744 0.233373048546194 -0.382825690465631
v -0.129902442976621 0.0635239025268181 -0.176566199017435
v -0.129694202353877 0.235121509234651 -0.386558423845272
v -0.12890812020543 0.200640558518804 -0.499963481517057
v -0.128431114246986 -0.00358998777990277 -0.176074791513892
v -0.128299667079586 0.165414897381229 -0.499963210242345
v -0.127949356030349 0.0633864410785926 -0.17590787502736
v -0.127007848536126 0.23838805050381 -0.393537873559251
v -0.126372347075642 0.138714776388218 -0.181274113977567
v -0.126085833857796 0.0439995323597469 -0.499962273367618
v -0.12510694809698 0.131004566459014 -0.174945203376008
v -0.125081165206597 0.0640653267755108 -0.174941038838232
v -0.125054958799385 -0.00397347522065212 -0.174936805892615
v -0.122541137104109 0.243846437009335 -0.405146826910282
v -0.121626468598877 0.0646311189633022 -0.174986395310582
v -0.12065631166873 0.187424108616193 -0.40148033848106
v -0.118048271678739 0.253960202927015 -0.426656897873487
v -0.117934792813622 -0.00576988441495496 -0.175030086781111
v -0.1178342879375 0.254442313906353 -0.427681455240039
v -0.117811210329264 0.220700238223287 -0.499963454623183
v -0.115677009190469 0.24438645695552 -0.49996359672094
v -0.115037338901793 0.0396151793920429 -0.499962065688389
v -0.110468241231608 -0.00765464883536677 -0.175130335558059
v -0.110386537721909 0.0664711577272382 -0.17513770243901
v -0.110331458788253 0.116441720765776 -0.17514266868769
v -0.109908775916011 0.0666541262142487 -0.174641013249512
v -0.10927957831756 -0.00745872997583267 -0.173894258607485
v -0.109141541372453 0.259246415692326 -0.437890497814675
v -0.108178365895049 0.232853251569899 -0.464847189731114
v -0.10815410900262 0.104139484485858 -0.172338734942902
v -0.108151766540496 0.0674197960476894 -0.172368758049007
v -0.108147008963934 -0.00715845528185678 -0.17242973543874
v -0.107797505756613 -0.0055694140675165 -0.168200308648075
v -0.107611326054245 0.0688711654868945 -0.165830349242031
v -0.107568320113698 0.204054567461812 -0.499963168644291
v -0.107523546264796 0.103968323322038 -0.164712963538767
v -0.107376580978674 0.0692248313934964 -0.164319497778984
v -0.107067327589084 -0.00388456014069553 -0.163491542939371
v -0.105732983375385 -0.00341487263199527 -0.161473482497847
v -0.105503515102993 0.278541402140347 -0.499963689152443
v -0.105285828778288 0.070231062327799 -0.161158776734042
v -0.105047493354703 0.109484678902246 -0.16099103713792
v -0.105000905928263 0.279682232723261 -0.4994408372596
v -0.104794519207797 -0.00344139383057087 -0.160955012894457
v -0.104144357745408 0.262001853353194 -0.443765382659329
v -0.104118775014934 0.070559702648281 -0.160513686925424
v -0.103716151274159 0.282559112974547 -0.498066764668501
v -0.103242493090727 0.282943284274329 -0.496913041043232
v -0.102398949813647 0.264965651708872 -0.45008485580337
v -0.102351280370044 -0.00352054766580581 -0.159605215639571
v -0.102176009819164 0.0345114249395997 -0.499962042761649
v -0.101444724080635 0.284003784104713 -0.492153702275275
v -0.100986903856665 0.28373361196899 -0.490424871827714
v -0.100126259909738 0.112375335285784 -0.172783695023963
v -0.0999764157730555 0.281099408440961 -0.484659514190061
v -0.0996722774782987 0.278025629031778 -0.477932746224396
v -0.0992438552184335 0.104796204009371 -0.158030531084429
v -0.0992422627679565 0.0718895233488525 -0.158026615887715
v -0.0992386060814765 -0.00367289822284048 -0.158017625562994
v -0.0990112428273866 0.270718086663058 -0.462350606787599
v -0.0973258730108889 0.224541620672327 -0.499963158467625
v -0.0973047750392747 0.0722375254196849 -0.157904653772119
v -0.0962045864536083 0.265234242418931 -0.450656983077149
v -0.0951038244648189 0.0726441935728716 -0.157711623529544
v -0.0926968062570366 -0.00513388817358134 -0.1576055229101
v -0.0919183467356687 0.0754959620834135 -0.15742920918649
v -0.0895685707136544 0.0734567643805586 -0.155622117411695
v -0.0895578024464993 0.0725968769133464 -0.135395649847812
v -0.0895497080983884 0.0719505121458629 -0.120191711539084
v -0.0895404837745062 0.0736065950667339 -0.135129249574867
v -0.0895374506304207 0.0709717062773372 -0.0971680184327517
v -0.0895205990128556 0.0737126709715103 -0.120620876472243
v -0.0895145090510578 0.066936164957121 -0.13685614134585
v -0.0895130837522033 0.0690259175174005 -0.0513987349628757
v -0.0894869472007835 0.073892187652456 -0.0960677511343311
v -0.0894769114421127 0.0615594056706733 -0.155434525365598
v -0.0894729439961031 0.0615554180853437 -0.136230470498424
v -0.0894691151972367 0.0615515698509501 -0.117697524284174
v -0.0894668889425196 0.0631208823451378 -0.0478840039555158
v -0.0894655838374799 0.0615480205655093 -0.10060430452499
v -0.0894546015747542 0.0615369825552571 -0.0474456791938362
v -0.089429978725123 0.0741960878301705 -0.0545022592016179
v -0.0883339010925547 0.0585038939785037 -0.101176163021109
v -0.0875143995575271 0.0563186756641862 -0.0465151232702015
v -0.0874756501262055 -0.00625070427228705 -0.157150405338755
v -0.0872097157563178 0.0803577829085602 -0.156329902295247
v -0.0871733036887961 0.0308244829877121 -0.472423521635945
v -0.0868990677071525 0.0546442404449139 -0.102126786938951
v -0.0868745596654604 -0.0399276902971658 -0.270112967119465
v -0.0868059105578882 0.0795535894388941 -0.0582562530226474
v -0.0867872757759919 -0.00635338244416326 -0.157090341321447
v -0.0867417493709617 0.0542161472743834 -0.116344699429333
v -0.086536460672083 0.053657517605999 -0.134898015124092
v -0.0862922675236465 0.0529930215169404 -0.156967386688068
v -0.0862830711665742 0.0529989694095742 -0.13478568192368
v -0.0862753339917796 0.0530039735524762 -0.116123539332164
v -0.0862696941453161 0.053007621214368 -0.102520173544395
v -0.0862462360174805 0.0530227931378437 -0.0459389357907458
v -0.0862153538448574 0.0807639245938119 -0.0580779282347266
v -0.0859764977871322 0.0444055043210229 -0.499961845859704
v -0.0859051595768948 0.0810964931877526 -0.156666921211348
v -0.085686355614102 0.0816975224716262 -0.0913474943000313
v -0.0853783287929529 0.0821599156424202 -0.0910276261471961
v -0.085176330341426 0.0825976360911407 -0.123423819924112
v -0.0850451150400329 0.0828292102624614 -0.131676165366252
v -0.0849826365129008 0.0814690358520105 -0.157063288515959
v -0.0847596272444364 0.0833330508891686 -0.149630960910415
v -0.084729420110408 0.0853948698617534 -0.15313918485635
v -0.08469545101814 0.0877134651596036 -0.157084318572261
v -0.0846398796062363 0.0834382178314382 -0.131422658158884
v -0.0845892656298808 0.0834826689555641 -0.123726518019565
v -0.0843750525266621 0.0836707990715164 -0.0911542093262288
v -0.0841539258081735 0.0838650009880394 -0.0575306464968275
v -0.083990774544773 0.0506826970819316 -0.115911858437369
v -0.0839550823477473 0.0838665202322259 -0.131150363945229
v -0.0837806270752957 0.270292128743538 -0.461440859023049
v -0.0836443411794958 0.0840725632853485 -0.124012561798226
v -0.0823718549533758 -0.00737085861858445 -0.157453364187415
v -0.0822047726719265 0.085027097543386 -0.0909453140888148
v -0.0818969258752925 0.0486033428330818 -0.0458823766172271
v -0.0807191771251855 0.086012150936466 -0.0568208138084979
v -0.0805156251219335 0.047160857062589 -0.102301451074838
v -0.0803090938695212 0.276184600828487 -0.474005207007933
v -0.0802070254626605 0.0468385879143259 -0.11490616957063
v -0.0797619898976879 0.0463738394022621 -0.13308359734327
v -0.0794313365376753 0.244372668192706 -0.499963022135247
v -0.0793295883042013 0.0459264726163766 -0.0458299935393171
v -0.0792452038009079 0.045836234936693 -0.102267278878613
v -0.0792267119486671 0.0458164604310179 -0.114634833354124
v -0.079199349693307 0.0457872002429711 -0.132935011147585
v -0.0791625171934816 0.0457478129243109 -0.157568992758918
v -0.0785226750948002 0.0455012734687665 -0.132804635276061
v -0.0784023613377145 0.089554857963854 -0.154164849030729
v -0.0780525644804143 0.0453201337545226 -0.114609540994001
v -0.077722403697861 0.0451929185247955 -0.101831045076306
v -0.0775415495307053 -0.00834279545732813 -0.157556194480349
v -0.0771040302294646 0.0898049854998076 -0.155011872046418
v -0.076287472004602 0.044640020740907 -0.0462936531344806
v -0.0756307279603531 -0.007740422599854 -0.157597741459892
v -0.0754023727497576 -0.0122377757611577 -0.164825741765341
v -0.0749277856402528 0.278320667842184 -0.478559484189945
v -0.0746627939436253 0.261062279533484 -0.49996307051369
v -0.0739774892391835 0.0905945820602023 -0.127056309471375
v -0.0739392363974616 0.0437709345649749 -0.0466861139023225
v -0.0738957502876746 0.278720496215688 -0.4794336637339
v -0.073342079769502 0.0910355243042958 -0.151817299788594
v -0.0732947286941953 0.0910550245435368 -0.126867139269296
v -0.0732251281186642 0.0910836876280682 -0.0901933040820538
v -0.0731587803482382 0.0911110111341985 -0.0552334322838518
v -0.0730663154117388 0.0911276303880138 -0.055217078674354
v -0.072288212806986 0.0912359390612218 -0.126671785380917
v -0.0710062645937529 0.0427183959834954 -0.131401716573474
v -0.0709605722131006 0.0426684295678407 -0.0469384052188543
v -0.0707376207036792 0.0915308164513751 -0.089674291901241
v -0.0707177547494922 0.0425991822839553 -0.0996714993272879
v -0.0706489671178231 0.0425795652572917 -0.114610229846912
v -0.0705716414907379 0.0425575133440116 -0.131403171793862
v -0.0704625492300179 0.042526402143707 -0.155094929238158
v -0.070055531949923 0.264052065148778 -0.483924860157521
v -0.0700207982242536 0.0914043899740863 -0.157010608158612
v -0.0698738023264005 0.282868809051522 -0.488508590939991
v -0.0697763658515882 0.0424818171186195 -0.131352874038869
v -0.0696353578453831 0.283672921829423 -0.490268096820444
v -0.0693424568061659 0.283991081422164 -0.492310164971121
v -0.0692969019864823 0.0424506637722601 -0.11476334723124
v -0.0692640409854059 0.0918110483322035 -0.0545143321011547
v -0.0688377081272781 0.0424208274772168 -0.0988751658862627
v -0.0688219802595519 -0.00549838424168953 -0.157594617013053
v -0.0686709785133305 0.283017146484254 -0.496688206023074
v -0.0684547813619935 0.282556472565104 -0.498071609819829
v -0.0682009108906236 0.279932517178767 -0.499325023841364
v -0.0680701886084313 0.278540234494621 -0.499963095836525
v -0.0679735969936738 0.274864554606176 -0.499963067005266
v -0.0673542014868879 0.0423244360709856 -0.0475455976515179
v -0.0660224541922344 0.0424272795260837 -0.0975682286644215
v -0.0659919902185246 -0.00492713533098771 -0.157593518768654
v -0.0655786329881762 0.0675027824395251 -0.0555634783291872
v -0.0643436430671944 0.0938800672046364 -0.157026198366539
v -0.0626372392156923 0.0932159567823165 -0.0880420067647195
v -0.0624868663463406 0.0932993020043318 -0.156972765407378
v -0.062398624190856 0.0932933120706198 -0.124705387903821
v -0.0622978679759579 0.0932864726745852 -0.0878620129421554
v -0.0622030647401878 0.093280037370565 -0.0531954549874867
v -0.0620183723233581 -0.00413097656311988 -0.157599908694517
v -0.0614415558867571 0.0423457085814789 -0.0487193112379743
v -0.0596105578802023 0.0423522961442963 -0.0490827808897019
v -0.0593589865858227 0.0721111599923523 -0.188856892847099
v -0.05881123898502 0.0424479065009986 -0.0963012465800952
v -0.0584704972215614 0.04248866425331 -0.116430012913693
v -0.0582348853366487 0.0425168469179456 -0.130348402396357
v -0.058015967326171 0.0918904760442723 -0.052570020194152
v -0.057986992467892 0.0719468488211411 -0.0814910372726162
v -0.0578661043719115 0.0425609585732513 -0.15213353901163
v -0.0568634111638386 0.0429563875826824 -0.130123603666075
v -0.0562680583711611 0.0431911750163412 -0.117055123328195
v -0.0552686995155943 0.0435852890675201 -0.0951183797450703
v -0.0547005113691497 0.0907910512566502 -0.0508741679412735
v -0.0534520265096358 0.09035389288294 -0.082294053025864
v -0.0532567391994032 0.0443787396149466 -0.0509542065755951
v -0.0532142185066839 0.0984361148309911 -0.157451758599257
v -0.051812330607159 0.0897797515238009 -0.123559316626702
v -0.0510497012292724 0.0459414304178017 -0.128899000844688
v -0.0505976125559645 0.0893544166358926 -0.15412941228134
v -0.0505412749270344 0.0892837575155569 -0.123434148500224
v -0.0504622529703583 0.0891846475236743 -0.0803794468604977
v -0.0504040507113721 0.0891116497688945 -0.0486682491021741
v -0.0499587944625432 0.0460822784717489 -0.05212403016021
v -0.0499025739382652 0.0886920010559869 -0.123428710977207
v -0.0496375289279231 0.046469873241243 -0.0927028287181838
v -0.0494249444636768 0.0467263483919778 -0.119554206228714
v -0.0493521006537732 0.0468142317055179 -0.128755050918659
v -0.0492144712011579 0.0469802764573308 -0.146138919499287
v -0.0489018746573334 0.0877382716118822 -0.0792266063217233
v -0.0485893343801338 0.0874297449574284 -0.0477048897962452
v -0.0481833699603903 0.0870534913804384 -0.0474893797493559
v -0.0479005168639186 0.0492210516465109 -0.0534861871853202
v -0.0478596542604095 0.0865740473699733 -0.0784201921374472
v -0.046866082788564 0.0506277197105815 -0.121550715446697
v -0.0466788860293958 0.0509936309403461 -0.0899380496230859
v -0.0460255650678198 0.052087892627901 -0.0517166113111188
v -0.0460180945037774 0.000287992490609123 -0.157625562392035
v -0.0456491171090135 0.0447497289272829 -0.157623369400716
v -0.0448297663141871 0.0510891286583059 -0.499961535626357
v -0.0434967535233431 0.0557527015365552 -0.12894125238712
v -0.0433183955026675 0.0561242761234922 -0.0897710055519018
v -0.0428075953790797 0.0810436128212928 -0.0446021761553556
v -0.0425038696302189 0.0805597932155394 -0.0826153228134955
v -0.0421762907996554 0.0800379768688819 -0.123613829443299
v -0.0419336746437741 0.0796515017236953 -0.153978734459554
v -0.0417673179154815 0.0792241718904962 -0.123683302131839
v -0.0416107633862793 0.0782842528389769 -0.123815311490339
v -0.0415478387753192 0.078660383546503 -0.0837136807863484
v -0.0413284785494726 0.0780969006643637 -0.0437657150759288
v -0.0411923625368398 0.0765126884184626 -0.0847321222257948
v -0.0408345273985076 0.0598277176625492 -0.124686474939015
v -0.0407494929355404 0.0746375200729859 -0.0433632854505166
v -0.0406594457713447 0.0600887639595224 -0.127147578724363
v -0.0403513472270541 0.071744276317274 -0.0870092604451873
v -0.040156024629786 0.0605372643230416 -0.0463462856844402
v -0.0401159838105171 0.0710777207638344 -0.0429302888639441
v -0.0396455010459907 0.0614226883844613 -0.0896613195296359
v -0.0392231810947967 0.062155136910394 -0.125492774843568
v -0.0392140587196579 0.0621709582567559 -0.126266756693628
v -0.0389966389445118 0.0635377906942894 -0.125860526183039
v -0.0389298027322422 0.0643759691266725 -0.0445559112854069
v -0.0389234413343337 0.0636710018802591 -0.0893553027323867
v -0.0389182710436604 0.0630980326002981 -0.125766462528339
v -0.0389182439703906 0.0630950323527559 -0.125957122824636
v -0.038914592126557 0.0626903366665674 -0.151674800567403
v -0.0377534639221161 0.0528270276389556 -0.499961476215573
v -0.0366967914244646 0.0785071607700675 -0.157617990681406
v -0.035671836697847 0.0503635114145456 -0.495408624441475
v -0.0320436074946817 0.0479859670167836 -0.499961492546525
v -0.0275757134744959 0.0450073686234317 -0.499961496992557
v -0.02683003280892 0.0512131633292392 -0.499961428734583
v -0.0266185485089046 0.176309559109486 -0.369297611058615
v -0.0258717362455679 0.0994287185665777 -0.157550663823548
v -0.0218031720285661 0.229451242446596 -0.437717178082764
v -0.0208434180351825 0.102079049416129 -0.157797860286173
v -0.0174753518171037 0.197813784283952 -0.499961694345115
v -0.0158137937780394 0.104734501165652 -0.158030011700223
v -0.0152745055894284 0.00880698106422255 -0.157628514557325
v -0.0137932869623067 0.140438404919622 -0.499961209842361
v -0.0128129825476086 0.106113187353261 -0.158869454414925
v -0.0127791867625426 0.125563800042213 -0.499961083291289
v -0.0123841943209979 0.24234330462305 -0.401949710135731
v -0.0123810249565942 0.250296912517732 -0.418865540329003
v -0.0123788253706731 0.253720536185724 -0.426141338024999
v -0.0122450482791693 0.239000795805031 -0.39484082134808
v -0.011938337765389 0.231898790775047 -0.379665997151649
v -0.0118136799845696 0.228993861842957 -0.373464098778271
v -0.0107519807041049 0.223188107956589 -0.361068980522031
v -0.00994947672545637 0.218746348970127 -0.351629213689739
v -0.00954589733497858 0.0103983292946937 -0.157622554096322
v -0.0088560414889173 0.219108577121909 -0.499961715893999
v -0.00838384329123098 0.103929453271758 -0.499960852941996
v -0.00814318735700083 0.214960861884846 -0.343584121116796
v -0.00804594116734412 0.158016197225146 -0.499961249303831
v -0.00651764798216376 0.211555240544413 -0.33634485450612
v -0.00632199905485396 0.109078520475424 -0.160742739169089
v -0.00561330859006859 0.259757975523027 -0.438971551707917
v -0.00545467096981752 0.10134129019678 -0.499960787292458
v -0.00378470459063649 0.189194704135781 -0.312010180554307
v -0.00342008749052138 0.205063780590289 -0.322548655927737
v -0.00323181066443537 0.20488585632239 -0.322170511859764
v -0.0023130399258897 0.193457176893768 -0.297845821046444
v -0.00213935071510626 0.110295863824117 -0.164313641325438
v -0.00170420009568198 0.0193144959196345 -0.157608815792906
v -0.000431388474453279 0.19694066417741 -0.305266210403266
v -0.000386177279538444 0.187968989278558 -0.28615428723384
v 0.000135466004246886 0.127864794524702 -0.479577093337568
v 0.000184903002970499 0.199644465125979 -0.31102588193909
v 0.000563167735289629 0.201302014091751 -0.314550212345864
v 0.00135485835308444 0.183010272229081 -0.275590170424305
v 0.00174748227541994 0.023233902540237 -0.157607305849899
v 0.00256966685557788 0.267047404007019 -0.454513858595205
v 0.00295459914062558 0.178453254019539 -0.265883842557529
v 0.00409897352882336 0.244683778425653 -0.499961700515036
v 0.00454848614747759 0.111944322465517 -0.171039165684798
v 0.00547804085665455 0.269643252269087 -0.460048651110228
v 0.006051702332211 0.16963512775201 -0.247089714035625
v 0.00610824637691929 0.169595398655327 -0.24700503140084
v 0.00615153445744088 0.0910858000680146 -0.499960824762378
v 0.00702076475318679 0.282550820874736 -0.498081980671654
v 0.00710365887596875 0.28317903936752 -0.496195407476838
v 0.00713837146967214 0.280444915380029 -0.499087923270868
v 0.00724762068878158 0.278537885130395 -0.49996190205389
v 0.00729338124127312 0.283960757061758 -0.492683679082036
v 0.00754166224007901 0.283523523004922 -0.489882169189295
v 0.00763028015479283 0.160112932899598 -0.240623559265459
v 0.00779853671813891 0.282512675736786 -0.487669875256594
v 0.00789503718514466 0.27145213678833 -0.499961839164679
v 0.00836560377329114 0.0307435149184982 -0.157609017562538
v 0.00849292465658203 0.260191784632705 -0.499961746054531
v 0.0086266428235144 0.0267249131060206 -0.499961472772295
v 0.00888821136099653 0.113506912091301 -0.173723152918104
v 0.00954420230046235 0.167166982132001 -0.241852263594256
v 0.00961773822985832 0.262830343860827 -0.487389323484506
v 0.0100436436482693 0.253988983855867 -0.499961675406141
v 0.0102162248109708 0.279335875094008 -0.480716044293832
v 0.0113116305292563 0.0509580652406967 -0.408048080085337
v 0.0116663395558463 0.164843589544205 -0.236921975978434
v 0.0119280082877039 0.0542362459689587 -0.499961170198801
v 0.0126583700724905 0.276051924683761 -0.473713350466508
v 0.0136728211886133 0.115714440879608 -0.175029898327723
v 0.0140579060730017 0.162209416291621 -0.231332200762688
v 0.0146996141080474 0.161504774660156 -0.229833696552432
v 0.0169937783367959 0.170079450300886 -0.248035759493399
v 0.0172552877741123 0.170214833533524 -0.248323166602852
v 0.0188035444806108 0.118489961506123 -0.17503937925364
v 0.019462317902408 0.154684091892963 -0.215328305766495
v 0.0206437568969338 0.120138705195381 -0.175046073693596
v 0.0215811458969739 0.119001034774736 -0.178424276742373
v 0.022811201220846 0.118123762915121 -0.175034006684678
v 0.0231431817962814 0.115658897612988 -0.175021285915515
v 0.023473957343629 0.123402199555042 -0.175060039225495
v 0.0235483833133428 0.123406071150068 -0.17505999326489
v 0.0235630897804929 0.123506183666637 -0.175058645486723
v 0.0237929328281259 0.11366162400164 -0.173851597867468
v 0.0250684868662101 0.111859828509575 -0.170697175427913
v 0.0264342658972086 0.130900076244354 -0.174959253125665
v 0.0265769318028585 0.0375156600046722 -0.157610830039181
v 0.0270329688153456 0.110525817889287 -0.165255530553494
v 0.0276262572266891 0.134356623627296 -0.177048430394405
v 0.028368073749255 0.136465266957207 -0.178114674887186
v 0.028506797244915 0.141653479811549 -0.187709513704154
v 0.0287556395935076 0.108934210450632 -0.16065451771738
v 0.0288577712059489 0.138091080196467 -0.180106050867854
v 0.028939512345155 0.038104182943917 -0.171494222678949
v 0.0294008349607351 0.140380644785048 -0.184993626621252
v 0.0294964316297374 0.106757873586772 -0.159280121964102
v 0.029719464405581 0.0863801257638298 -0.269729575202365
v 0.0301806826088794 0.10470048476989 -0.158029725366925
v 0.0306357799122586 0.0311265740918445 -0.499961298320998
v 0.0308943427387405 0.100285953619963 -0.15764431693193
v 0.0316527606487094 0.0956459663500708 -0.157213920594256
v 0.0320472166227566 0.0924210460060982 -0.157318750763014
v 0.0321399064613281 0.0901360343494853 -0.157392400020778
v 0.0323668306154805 0.0841644455602678 -0.157620687335236
v 0.0329823946597419 0.0375570990122319 -0.157610979346858
v 0.0339277629393796 0.178820604515806 -0.266661113120825
v 0.0342380733906241 0.0497858292834152 -0.157613557628435
v 0.0361112411572732 -0.0208362865634771 -0.229741903082274
v 0.0376129782561178 0.0421651817189198 -0.157612042202953
v 0.0396581023764113 0.0375990303866504 -0.157580717323218
v 0.0412593851721369 0.182606764230885 -0.274724091462088
v 0.0430527080962924 0.0368809544879373 -0.157561767852929
v 0.0484620634882481 0.186325713695153 -0.282645612846495
v 0.0504441975192156 0.0487338887748102 -0.499961000843228
v 0.0550878771228868 0.189746954641212 -0.289932616627733
v 0.0562682578952294 0.0752474279224098 -0.499960693738926
v 0.057404074440488 0.02514556410832 -0.499961202824456
v 0.0602067694372016 0.03323281530779 -0.157619035976131
v 0.060414426369612 0.033112704056268 -0.15762011922601
v 0.0611579752771368 0.0836940213200984 -0.49996057809862
v 0.0618584558114374 0.174035733236029 -0.308179579988933
v 0.0656067890488424 0.199388165637324 -0.310469070829693
v 0.0680471213981437 0.0287242215635365 -0.157631931578499
v 0.0714905956027164 0.00841826209856107 -0.499961292361931
v 0.0718277359582012 0.0845831697001281 -0.499960506339978
v 0.0718281641156385 0.0730252356208114 -0.499960625315172
v 0.0736147503416752 0.201776729690632 -0.315555985277521
v 0.0771624104452476 0.0970326021831247 -0.499960346883508
v 0.0782089266172741 0.0853213613274686 -0.490020673381906
v 0.078297636617146 0.0736790731170683 0.0579056785969214
v 0.0783784170136109 0.0739893073066107 -0.0656279930161065
v 0.0783785856104023 0.0739899547964876 -0.0658858201819231
v 0.0784032671853991 0.0740847434921469 -0.103630195227997
v 0.078422764643307 0.0645399795193114 0.0576298845231836
v 0.078426010253156 0.0612831499779844 0.0575129269235762
v 0.0784312259173934 0.0700979868871277 -0.0650637428361044
v 0.0784312616389527 0.0701214515199456 -0.0655817272007423
v 0.078433896477229 0.0718522133890535 -0.103788486883291
v 0.078434845663771 0.0742060194956505 -0.151921681132412
v 0.0784372134520664 0.0740310543528208 -0.151886642137923
v 0.0784374953028308 0.0742161953385809 -0.15597364987514
v 0.0784399221511961 0.0611822965328675 -0.0637271386319434
v 0.0784400504238411 0.0611813666282546 -0.0648450151319201
v 0.0784446016973715 0.0611483724520541 -0.104508668474246
v 0.0784497344614433 0.0611111627961086 -0.149239923027783
v 0.078450684217305 0.0611042775996824 -0.157516900230799
v 0.0785037926333481 0.0743484619947807 -0.151976119406866
v 0.0786213401641481 0.0743473408542244 0.058076189112083
v 0.0792228330782748 0.0592598364116849 0.057799266881489
v 0.0793034061753717 0.075943733005399 -0.10376181768243
v 0.0795032408333711 0.0763130454968931 -0.0664160527029834
v 0.0795275862065982 0.0585078864437921 0.0579095764139422
v 0.0797642328622547 0.0220383669929793 -0.157595886009727
v 0.0799238672852655 0.077181585505151 -0.0663498710500782
v 0.0801279597522232 0.07740935668874 -0.153198055978756
v 0.0806120148605909 0.0556664295771698 -0.0637454881429527
v 0.080626846661202 0.0556280640483654 -0.0650431783335333
v 0.0810916708914084 0.0544256997595916 -0.105712403851068
v 0.0815835942999418 0.0531532378249595 -0.148752638716002
v 0.081607715814642 0.0681367381498338 -0.49996061825516
v 0.0816716529113902 0.0529254559606673 -0.1564572188455
v 0.0816862152874 0.052899999273177 -0.148738190599901
v 0.0817668126963715 0.0527591058467654 -0.106016201004689
v 0.0818438889560559 0.0526243677892953 -0.0651606548239846
v 0.0818465140444366 0.0526197788366068 -0.0637691833124765
v 0.0820170851061475 0.0813576649898874 0.0598648943171381
v 0.0820526483005991 0.0796931360610433 -0.499960496682588
v 0.0820802735828336 0.0522111406093802 0.0601389260750082
v 0.0832853768451168 0.0837507996959944 0.0605247777181501
v 0.0833868957547246 0.0890291331808911 -0.499960392748755
v 0.0835206793039479 0.0839659143678982 -0.0658500367639992
v 0.0835925326427828 0.0840316030457193 -0.10444059127965
v 0.0836773070860734 0.0841091042611544 -0.149970734045238
v 0.0836797572414509 0.0841113442053215 -0.151286648603994
v 0.0837317595181909 0.0841448394553106 -0.149976492123823
v 0.0838277754975535 0.0504640484569293 0.061264537046051
v 0.0840735089674303 0.0883999518420419 -0.157622706270938
v 0.0855207393429929 0.085297141435413 -0.104904551868616
v 0.0860290659881169 0.205485884607969 -0.323441933891116
v 0.0868804065044561 0.0475933580335492 -0.0649775243581966
v 0.0869115550949411 0.0475640659375819 -0.0662656794820115
v 0.0870726353893343 0.0862967350933852 -0.0658057510251048
v 0.0877884245439041 0.086704732343109 0.0626661352277546
v 0.0879250928802771 0.0466109362578012 -0.108180702635017
v 0.0880560859509301 0.098811568401771 -0.499960264651216
v 0.0883671687008493 0.087179639343201 -0.150472643840803
v 0.0889339644717233 0.0456621946609832 -0.149902754566078
v 0.0891192634484929 0.0454879397324079 -0.1575658244722
v 0.0891255641966406 0.0454903603809802 -0.149937542822087
v 0.0891597026863999 0.0455034758530733 -0.108606258205106
v 0.0891942478456486 0.0455167475612031 -0.0667826210402684
v 0.0891952506516374 0.0455171328235288 -0.0655685292619383
v 0.0892594803375174 0.0454680829598398 -0.108637025211609
v 0.0893028508031197 0.0455584711133574 0.0647023912476691
v 0.0893336290041002 0.0229437330632805 -0.157566163906089
v 0.0893620181966642 0.045406488217021 -0.150006780919234
v 0.0899788115354126 0.0451975181262174 -0.150189402828333
v 0.0906895455633354 0.0449610628791134 -0.108669434243144
v 0.0910497387172164 0.0889003438636077 -0.06575680186239
v 0.0920101843634055 0.0445179488623755 -0.0675465879026735
v 0.0920429080641216 0.0445069690770882 -0.0665276176012022
v 0.0921198341108624 0.0895476924268087 0.0613544528402712
v 0.09261997765899 0.0295472630639625 -0.499960950880951
v 0.0928170499845152 0.0443137487010009 0.0666115032388004
v 0.0942319940371371 0.0910196091896229 -0.151750028956667
v 0.094235124764268 0.0910210213133856 -0.150226871269075
v 0.0943239254166399 0.0910610751111498 -0.107023682148432
v 0.0944090965746724 0.0910994918147218 -0.0655863103520237
v 0.0944096929390644 0.0910997608066505 -0.0652961678482872
v 0.0946684294431804 0.0912164646746207 0.0605840123211284
v 0.0949319546076329 0.0911722482266828 -0.107189273021641
v 0.0962622051918279 0.0235810589961169 -0.157578453049192
v 0.0963157542426096 0.0430733007394985 0.0665228401205529
v 0.0963931651407973 0.0430288344448117 -0.108795721617738
v 0.0969507555536721 0.082002759615931 -0.160291223908454
v 0.0973937056024675 0.0917149520549231 0.0601923574450467
v 0.0976369951742353 0.0916427803627722 -0.151597742462633
v 0.0982968322143141 0.0423791136518969 -0.155076287923287
v 0.0982972574614642 0.0423799543138932 -0.145612299524762
v 0.098298926060703 0.0423832529320416 -0.108477179792086
v 0.098300688147084 0.0423867363629218 -0.0692614788522236
v 0.0983007156127302 0.0423867906591704 -0.0686502235926925
v 0.0983067872813176 0.0423987936109442 0.0664763752507305
v 0.098972136732772 0.209354756138954 -0.331663757173154
v 0.0993492430176945 0.0238701957501022 -0.157574309911596
v 0.0998001357236189 0.152358274124133 -0.49995964453068
v 0.100176848670696 0.278534986418845 -0.499960429131354
v 0.100179846037858 0.0919241083986093 -0.152795379147813
v 0.100245048109724 0.132103359004339 -0.399084470616257
v 0.100295810446002 0.269986239831999 -0.499960363751896
v 0.100589150129669 0.0219684034461517 -0.461617144612277
v 0.100706946027599 0.281081294806487 -0.498793453218683
v 0.101025123042556 0.282543781726911 -0.498094897507913
v 0.101203491288992 0.0110598214894243 -0.499961090826716
v 0.101545831145232 0.0425662927932448 0.0665615371487952
v 0.101984794229007 0.0927338514545174 -0.153070341226494
v 0.10209431861889 0.0925060579088296 -0.0651624731642405
v 0.102115902363275 0.0925096904194135 -0.0657380633291667
v 0.102233772149769 0.283382285319649 -0.495576731055019
v 0.103170354497025 0.249242999226705 -0.416618982192901
v 0.103401241409677 0.283922727734178 -0.493152097551219
v 0.103671866362448 0.0927715567385325 -0.107232141414095
v 0.103888811707317 0.0927356508135576 -0.151683742746772
v 0.104217912350835 0.0631522823222012 0.0692306418606787
v 0.10435744812187 0.0928727337104654 -0.151297174510816
v 0.104433658449978 0.22750682415063 -0.415752831473669
v 0.104587227958457 0.246241836868595 -0.410240904899528
v 0.104647760925124 0.211050940582508 -0.335269083665435
v 0.104785849173565 0.0931731509585483 0.0590943649366425
v 0.10480750834945 0.260303593398475 -0.440124578769612
v 0.104875418953614 0.0427265440189535 -0.0712661742668905
v 0.105102767466364 0.0931000718523729 -0.0650991014405274
v 0.105104531715771 0.0930996650289972 -0.0657904728580147
v 0.10521030041849 0.0930752755177836 -0.107238953817739
v 0.105230776347172 0.283334416988675 -0.489393669784232
v 0.105296464860746 0.093044974137021 -0.15055654800762
v 0.105320789482034 0.0930497975249086 -0.150537242714365
v 0.105322618531501 0.0930493757590994 -0.151254007882697
v 0.105342365903114 0.0930450877573061 -0.1505230973485
v 0.10540012471707 0.264288417722495 -0.448621269849723
v 0.105663535053363 0.282931775376567 -0.488512214265763
v 0.106360404220181 0.236304173401907 -0.499960017463667
v 0.106511156714022 0.0927912931161105 -0.107262579812248
v 0.106819166563655 0.211700024944995 -0.336648424999568
v 0.107203603298127 0.280492295721293 -0.483172577758929
v 0.10762620445313 0.0925491684020711 -0.0659912575009765
v 0.107644508295165 0.0925451938524954 -0.0653137764051983
v 0.107655961531471 0.163705735723926 -0.499959481624861
v 0.107705534944726 0.239641239886952 -0.396202668103565
v 0.107772359840531 0.239500376371051 -0.395901682288183
v 0.108473400723233 0.0428824570885684 0.0667383308891556
v 0.108744780410854 0.0429266130881912 -0.0714584868277709
v 0.108965560259906 0.182801404316787 -0.49995957879257
v 0.109083522227079 0.0975761206672206 -0.157412273088042
v 0.109198046582235 0.256233775635865 -0.481985055938917
v 0.109231685981153 0.16594222491158 -0.49995944935668
v 0.109473716515809 0.0921497711632665 0.0590527880537962
v 0.110493197871088 0.154103617955145 -0.499959563821614
v 0.110583226550393 0.0430186306078041 -0.106705627889108
v 0.110995285872428 0.0918175962490481 0.0587087353979551
v 0.111071374220525 0.274221832300182 -0.469801521976101
v 0.111294971927172 0.273859325815682 -0.469028536939537
v 0.111432687154287 0.25611797918898 -0.499960084232188
v 0.11175005188384 0.167683431424462 -0.490290563741727
v 0.11231190533937 0.043105154075067 -0.139848282337546
v 0.112489259168274 0.04306578152622 0.0666387846192407
v 0.112873764568324 0.0431151259662975 -0.0716662720587175
v 0.112970218973864 0.0431275041764182 -0.106360536491214
v 0.113062456306923 0.0431393412001725 -0.139537936795496
v 0.113105625374116 0.0431448811833535 -0.155065677846838
v 0.113627935982743 0.0435664405673661 -0.139446939679993
v 0.113642039461692 0.0910314880649939 0.0581723741395034
v 0.114421416719811 0.173308233738542 -0.499959421810393
v 0.114740479077802 0.0444643794070021 -0.10617838450605
v 0.114988240746651 0.0903655919132633 -0.0660803299049822
v 0.114994567703968 0.0903624622947014 -0.0666643001951488
v 0.115436431409603 0.0901438951721926 -0.107447770585176
v 0.115831519723212 0.0899484654169506 -0.143913930475802
v 0.11589689644905 0.0453977293842612 -0.0715978497920953
v 0.115936747439803 0.0898964147078059 -0.153626317823072
v 0.116085788807284 0.0897910652477102 -0.143781003462015
v 0.116635242949802 0.0894026851741789 -0.107485383987459
v 0.117248450681194 0.0889692410605048 -0.0669783557293807
v 0.117255663302116 0.0889641428402398 -0.0665019073342467
v 0.119134135170466 0.0876363504260923 0.0575854274430462
v 0.120535301613475 0.0491414083209263 0.0671051261349221
v 0.120660013629363 0.22826986616695 -0.371904817529069
v 0.120955032570073 0.0853708345929288 -0.107665880691085
v 0.121129857468869 0.0496434098508437 0.0671457733048638
v 0.121391512938616 0.0855296632611514 0.0575562661317936
v 0.122629835470721 0.0509109853712892 0.0663678129130087
v 0.122891430665769 0.0513037455728438 -0.071375284003371
v 0.122956003299124 0.0514006952147764 -0.105376040372972
v 0.123018403932203 0.0514943838057338 -0.138233128777385
v 0.123040562027538 0.0515276520696574 -0.149900486324643
v 0.123254180360771 0.0833608501554375 -0.0680983620942133
v 0.123667276699606 0.0531132885149481 0.0655109179738323
v 0.123713531077508 0.0829319458474642 -0.0681677453421823
v 0.124430062998945 0.0821303382206319 -0.106963853780491
v 0.12448603758148 0.0466133446468185 -0.157520510604035
v 0.125040724137081 0.0814471716915562 -0.140027664373436
v 0.125042158653269 0.224449082838379 -0.363747176833355
v 0.125154760902851 0.223928978548837 -0.362636767278638
v 0.125341106589712 0.0811111240462352 -0.156291657444251
v 0.125369103697827 0.0810459304769685 -0.139921601870256
v 0.125425843105925 0.0809138080978688 -0.106745773138074
v 0.125491272648443 0.0807614500259274 -0.0684887773502616
v 0.125511512510126 0.080668186168084 -0.139943126912441
v 0.125707381821039 0.0802582220405503 0.0578713863848527
v 0.125913651613568 0.00192567818100342 -0.15756269980104
v 0.126080927699538 -0.0199058143901859 -0.499961263617403
v 0.126149045099614 0.001891284772724 -0.157562439416502
v 0.126248069561534 0.0584332182463703 -0.0708267396672394
v 0.126381553484743 0.078470201378669 0.0582082558191827
v 0.126502197459378 0.0588919166678201 -0.139368659994892
v 0.126645958436578 0.217092322892346 -0.348107277542649
v 0.126900387084417 0.0597778760976473 -0.105287251558771
v 0.127395603641415 0.0757099597243985 -0.0691130671060566
v 0.127531392708463 0.0610786025641447 -0.138621902320517
v 0.127689865013497 0.0749089811030563 -0.10605970818958
v 0.127710487983737 0.00168323570916261 -0.157629122434235
v 0.127764131800983 0.0615232761419369 0.0621960458410562
v 0.127808094097807 0.0616353748186758 -0.070583248173548
v 0.127819576228063 0.0616646528978676 -0.105262718068172
v 0.127830549396952 0.061692633185546 -0.138404972306525
v 0.12783594817685 0.0617063994381374 -0.15471090341559
v 0.127862993661905 0.0622983119881495 -0.138378187238458
v 0.127917675748957 0.0634950741657098 -0.105355780504187
v 0.127946219473438 0.0742111849891916 -0.138246862604807
v 0.127975773855435 0.0647665987209756 -0.0702704462381927
v 0.128032833486709 0.0731328707830292 0.0593190032471737
v 0.128064212182667 0.0738900091688743 -0.153061699657619
v 0.128076958874903 0.073788593225654 -0.138156234798233
v 0.128104526337631 0.0735692594422107 -0.105919962100058
v 0.12813575750418 0.0733207762942175 -0.0693995027624473
v 0.128191728833667 0.069492949962001 0.060144347926133
v 0.128245917738114 0.0724443133011346 0.0594174063854153
v 0.132085761213641 0.010169598058144 -0.188692920327892
v 0.135473018171318 0.213649096663706 -0.340789217944282
v 0.135554427454773 0.203492387005772 -0.354965385313968
v 0.137453798769816 0.000370982888392119 -0.157997423985103
v 0.137467908202798 0.10462113774797 -0.1580290574627
v 0.137524126871758 0.111396776776665 -0.168822968221937
v 0.138867021509409 0.209864722912149 -0.332746412851422
v 0.139854991960434 0.000401688822981333 -0.159293754947117
v 0.140093834154786 0.208496970201218 -0.329838986474746
v 0.141802787561807 0.10846913248773 -0.160370200303507
v 0.141974331309698 0.000467711706205861 -0.160570430725177
v 0.142454165824645 0.205865184668512 -0.324245646757758
v 0.143105995182673 0.000883486859909227 -0.162547638134478
v 0.143136193676058 -0.0374544371473723 -0.48604893184859
v 0.143796783735238 -0.0289685949744654 -0.499961252960645
v 0.144281062314012 0.203828746389487 -0.31991559798792
v 0.144577838320708 0.104412325548976 -0.166099788947896
v 0.144648130559566 0.00159812614392814 -0.165746072557511
v 0.14489621254206 0.00257766634420181 -0.16920409288028
v 0.14495833486551 0.00265324336918444 -0.169492231645826
v 0.145988048966029 0.00367837405628145 -0.174271925349934
v 0.146499856289434 0.00374290057871403 -0.174919573000158
v 0.146505188180021 0.114935384634428 -0.174909099643649
v 0.147114740077021 0.200673703171228 -0.313194096286881
v 0.156684929354865 0.00171685600620084 -0.174953912511094
v 0.158630896898325 -0.0253972157079509 -0.499961129156351
v 0.158708523143803 0.194313578727569 -0.299643518417489
v 0.160062929419361 0.17164652885423 -0.303337394475609
v 0.160829525609354 -0.0396820256726304 -0.499961263303956
v 0.162335486980288 -0.0309730653901146 -0.349758796041211
v 0.165763287426087 0.130804006541702 -0.174972170653648
v 0.165814217836785 -8.28221786165681e-05 -0.175048169924087
v 0.167030763996921 0.0724238370167921 -0.302494601794279
v 0.168374465214559 0.186150491066608 -0.282252496209266
v 0.168985545205046 -0.00015230689511019 -0.177238765837409
v 0.170578134961369 -0.000164830056529111 -0.178425719289412
v 0.171643259167917 0.137517385052348 -0.179031630111515
v 0.171888201694612 -0.000189882999948296 -0.17940212912058
v 0.17288142192527 0.182140193590255 -0.27370881165619
v 0.17386404922789 0.181265887723635 -0.27184606936822
v 0.174735207172897 0.180490620690239 -0.270194671468522
v 0.176348675966099 0.179055564452621 -0.2671359248865
v 0.177969222526018 0.143983268793614 -0.19622746942898
v 0.180360208522905 0.00250062882424353 -0.197293780534901
v 0.182262150165214 0.00168878677405653 -0.201308897496588
v 0.182592846627891 0.173479570222176 -0.255303910451182
v 0.18799104171599 -0.0179660452800204 -0.499960880386537
v 0.190657138392266 0.142330314104085 -0.245850406152086
v 0.191216324283454 -0.0389324217054974 -0.499961077290402
v 0.19168370418989 0.152777916953163 -0.221363624708628
v 0.192623429107948 0.167976485088123 -0.243627821677151
v 0.1939509810213 -0.00332375980627821 -0.226151933375696
v 0.19491889333366 0.163782113533123 -0.234726794952315
v 0.195163517127269 -0.00796267452370139 -0.258437463426855
v 0.196631821197466 0.165777358271396 -0.238961857165978
v 0.196994596549594 0.165220166958395 -0.238538680715625
v 0.198649562397825 -0.0329567472042987 -0.469712056145859
v 0.198766521322165 0.155812418997859 -0.23645515443381
v 0.198769430269088 0.160150333985163 -0.236462529659645
v 0.198788605627662 -0.0054017268799073 -0.236458450549566
v 0.1997919057483 0.143204118208979 -0.23863642443147
v 0.203197800377438 -0.0028128279455136 -0.245853418373428
v 0.204925383524515 -0.0228041580200471 -0.499960830826527
v 0.205111560028821 0.135452848563522 -0.249968417981952
v 0.205112711383745 0.119709494506694 -0.249966597993362
v 0.206488259105321 -0.00790735251361826 -0.252862712955759
v 0.206845665509136 -0.00148451751480218 -0.253625949152619
v 0.208885752568974 -0.000741398975558137 -0.257969381845579
v 0.208887311464693 -0.0116191172403716 -0.257968720121809
v 0.209618417442258 0.180904345445227 -0.271070064524001
v 0.211839423622565 0.0882566959727622 -0.264290047248938
v 0.214069564502563 0.0778370358593489 -0.269034002545502
v 0.214580428569729 0.00133554189365394 -0.270093591812643
v 0.214581734892898 -0.0111026311008142 -0.270091821369249
v 0.216825455735003 -0.00971656290336109 -0.274869007233854
v 0.216829558806405 0.0024462136189719 -0.274882193013316
v 0.216829788292003 0.00312648012226086 -0.274882930496577
v 0.216852812787422 0.071378227371031 -0.27495692285231
v 0.216889119690799 0.179003152371603 -0.275073600037253
v 0.217828065698669 -0.0324810592202006 -0.499960854733248
v 0.222771108241101 0.057632603328884 -0.287564961397122
v 0.223472739088722 -0.0119176784841581 -0.499960609932616
v 0.224954770483722 0.0525681761676242 -0.292208450831474
v 0.225214804097505 0.00720871942489255 -0.292754547832882
v 0.225244219550889 0.00660175297178949 -0.292817016342407
v 0.225766859524757 -0.00418254217561383 -0.293926927509162
v 0.226945335412515 0.192388942708829 -0.299774300095992
v 0.227348703404168 0.00785310427556601 -0.318986847834114
v 0.228395355677187 0.0087574278742303 -0.299519258518076
v 0.228504285488403 -0.00648997158485022 -0.499960524536621
v 0.233036764497145 0.0197546698862228 -0.309392402887899
v 0.233037416038789 0.0104500439031421 -0.309392363203234
v 0.233038250033748 0.000301171920433053 -0.309392582232487
v 0.236086284678372 0.206494597260655 -0.325579332278417
v 0.23769616470903 0.000933696144421159 -0.31929924385436
v 0.243479530741153 -0.00823861299876833 -0.331598040406312
v 0.243481860527561 -0.045001330222947 -0.499960833091469
v 0.247054268158555 0.00439805674999656 -0.499960303611352
v 0.250228540927447 -0.01896515210528 -0.346002320961433
v 0.2502653255923 0.211714239105736 -0.3460639268895
v 0.253473104040949 -0.0379914546079574 -0.384625363426009
v 0.253673665289223 0.22462957570599 -0.364119329761471
v 0.256156221838127 -0.0283610781919113 -0.358595984797056
v 0.256846759157341 -0.0292127952936201 -0.360063049535189
v 0.257855971452393 0.00800601141213446 -0.469700793749113
v 0.26085316422259 -0.0510806511932841 -0.499960793744581
v 0.263582023806153 -0.0375347825812479 -0.374408171719686
v 0.263816247250699 -0.0378506062974432 -0.374907031091889
v 0.263818211223996 -0.0373489321994112 -0.374911253827404
v 0.264847402049101 0.22554587369706 -0.377124115200673
v 0.265200989888856 0.01266490590814 -0.499960112034745
v 0.267343093819709 -0.0686368646608294 -0.463086310259853
v 0.268724189255907 -0.0334878214339697 -0.385364057468065
v 0.269987763045163 0.240507702473415 -0.39804512288679
v 0.270385955958174 -0.0317461789014057 -0.388904693740523
v 0.270717723628689 -0.0471583580250845 -0.389610368030899
v 0.270785492042488 -0.0472497846706382 -0.389754813778593
v 0.272843845279453 -0.0291692120158165 -0.394144170668981
v 0.275619343873635 -0.0693215390531477 -0.499960894874999
v 0.277920406158137 -0.0551560651582636 -0.404962776261613
v 0.278304397383221 -0.0219292933237991 -0.405784566216065
v 0.281363091257562 0.242739576263019 -0.412330559289549
v 0.283635788221611 -0.0148273356646738 -0.417212358558696
v 0.284051792606224 -0.0619735088624996 -0.418105944431733
v 0.285719251682905 -0.0638060608218985 -0.421611522544924
v 0.288273372263077 -0.00875326317481862 -0.426957624931642
v 0.28834582594623 -0.00873390544264418 -0.427109907455777
v 0.289965872516349 -0.0670776303122898 -0.430538826550207
v 0.291022386966582 0.261223729377032 -0.442069056272014
v 0.291251986348088 0.00804071596214124 -0.499960006779866
v 0.295573821146182 -0.0816523733452088 -0.499960904724381
v 0.29699606374741 -0.0725314421007451 -0.445477250478981
v 0.297277402114986 -0.00629896296211944 -0.446090792462814
v 0.298278758708203 -0.0735373687275734 -0.448248618963428
v 0.298406337044994 0.259474098298232 -0.448552770836201
v 0.298514449836413 -0.00595146318109836 -0.448763649078829
v 0.302434168007431 -0.00446117400637591 -0.457232914790191
v 0.303578983002696 -0.0794784873771402 -0.459700038920339
v 0.305160253324595 0.00298202509163181 -0.486816740743318
v 0.305872496923629 9.96322618272605e-06 -0.499960003661584
v 0.306353377295804 -0.0899907529091871 -0.485999214516095
v 0.308892715591506 -0.00205169748596507 -0.471017356261918
v 0.309106599143354 0.278528469340268 -0.499957117607687
v 0.309133031248747 0.00421140013278702 -0.499959941280411
v 0.309133777156689 0.0024356712033058 -0.499959959555439
v 0.309133799626677 0.00333510476691266 -0.499959950296512
v 0.309135012313154 -0.00175006706760192 -0.499960002636302
v 0.309160527231982 -0.0882158511436839 -0.499960892567864
v 0.309268259921039 -0.00181103092660744 -0.499904544924689
v 0.309353275694654 -0.0858967034227281 -0.472026777891268
v 0.310409708905962 -0.0877291087726886 -0.474282218273387
v 0.310862705696134 -0.0891970077678921 -0.49925247210095
v 0.311839425612112 0.000325436990522874 -0.477306100452941
v 0.311999023872967 0.282934156223355 -0.488359714600733
v 0.312015060740602 -0.0885496174452912 -0.498772705064811
v 0.312493398058414 -0.0913477195308537 -0.478740469164913
v 0.313333830435063 -0.087809384495246 -0.498229296130476
v 0.313333830435063 -0.00367443972458154 -0.498229296130476
v 0.313333830435063 0.0710096681374394 -0.498229296130476
v 0.313402059121114 0.282527878712679 -0.498124079539028
v 0.313780422301623 -0.0935711268783729 -0.481468567704944
v 0.314398147638406 -0.0870720049262872 -0.496573278104296
v 0.314433624520847 0.00242210549336607 -0.482854073656602
v 0.314948926454234 0.00139989476817421 -0.483956660501848
v 0.315739843198345 -0.00423531643253756 -0.494485674872921
v 0.315844292412528 0.283838665240594 -0.494187520133357
v 0.316136511601382 -0.0166406154905348 -0.493868481029036
v 0.316136511601382 -0.00432778562947638 -0.493868481029036
v 0.316136511601382 0.130183906518153 -0.493868481029036
v 0.316136543936007 -0.08586756032847 -0.49386799600966
v 0.31618619451969 -0.00412937778870798 -0.492724665136699
v 0.316317274078529 -0.00366890366822373 -0.490026827258447
v 0.316322507559075 -0.0854103741905515 -0.490722733458445
v 0.316329629728963 0.27687175011148 -0.486802980606254
v 0.316391919382941 -0.0852105021664537 -0.489294553485114
v 0.316430351774137 0.0573547207914174 -0.487103599438963
v 0.31643102125458 -0.00151791885984608 -0.487098207730399
v 0.316431998514289 -0.0874559911881221 -0.487090337299528
v 0.316447246811855 -0.00170295946331662 -0.487336934184336
v 0.31647160683415 -0.086854968697314 -0.487673366673844
f 650 688 681
f 681 724 650
f 650 691 688
f 650 706 691
f 650 799 706
f 724 752 650
f 650 752 750
f 650 750 805
f 805 799 650
f 706 681 688
f 724 681 706
f 706 688 691
f 724 706 755
f 706 799 755
f 752 724 755
f 782 748 751
f 751 748 1021
f 782 753 748
f 748 753 1021
f 908 750 752
f 805 750 767
f 881 767 750
f 750 906 881
f 906 750 911
f 911 750 908
f 782 751 796
f 796 751 804
f 804 751 1021
f 892 752 755
f 908 752 892
f 782 754 753
f 753 754 1038
f 753 1038 1021
f 782 760 754
f 754 760 1038
f 799 852 755
f 852 892 755
f 776 762 760
f 760 762 1044
f 782 776 760
f 760 1044 1038
f 767 768 761
f 767 761 796
f 761 768 771
f 761 771 796
f 776 1032 762
f 762 1032 1044
f 767 790 768
f 767 791 790
f 828 791 767
f 796 805 767
f 843 828 767
f 881 843 767
f 992 771 768
f 790 992 768
f 771 781 796
f 771 803 781
f 803 771 1007
f 992 1007 771
f 776 782 1032
f 796 781 803
f 782 796 786
f 782 786 1032
f 783 794 796
f 1021 794 783
f 796 804 783
f 1021 783 804
f 786 796 802
f 802 1032 786
f 789 797 799
f 805 797 789
f 805 789 799
f 790 791 828
f 790 828 992
f 794 805 796
f 814 805 794
f 814 794 1021
f 802 796 803
f 799 797 925
f 805 814 797
f 797 814 1021
f 925 797 968
f 797 1021 968
f 799 893 852
f 904 893 799
f 904 799 925
f 1007 802 803
f 1032 802 1007
f 828 843 980
f 828 980 992
f 881 844 843
f 843 844 980
f 844 857 880
f 881 857 844
f 844 880 980
f 852 893 892
f 880 857 881
f 880 881 885
f 885 972 880
f 880 972 980
f 885 881 906
f 887 885 906
f 885 887 972
f 890 887 906
f 887 890 972
f 894 890 906
f 972 890 894
f 892 893 904
f 892 904 935
f 892 935 908
f 894 902 905
f 902 894 906
f 894 905 972
f 906 905 902
f 935 904 925
f 905 906 912
f 905 912 972
f 926 906 911
f 912 906 917
f 918 917 906
f 919 918 906
f 920 919 906
f 924 920 906
f 924 906 926
f 966 911 908
f 908 935 979
f 908 979 966
f 926 911 943
f 943 911 949
f 949 911 950
f 911 956 950
f 911 959 956
f 911 961 959
f 966 961 911
f 917 948 912
f 912 948 972
f 917 918 948
f 918 919 948
f 919 920 948
f 948 920 924
f 929 924 926
f 948 924 929
f 925 941 935
f 941 925 968
f 929 926 936
f 939 936 926
f 926 942 939
f 943 942 926
f 934 933 929
f 933 948 929
f 937 934 929
f 937 929 936
f 948 933 934
f 957 934 937
f 948 934 957
f 935 941 968
f 935 968 983
f 935 983 979
f 957 937 936
f 942 936 939
f 957 936 942
f 957 942 943
f 957 943 949
f 948 957 965
f 948 965 972
f 950 956 949
f 956 957 949
f 956 959 957
f 959 978 957
f 957 978 965
f 961 978 959
f 966 969 961
f 969 978 961
f 972 965 978
f 970 969 966
f 966 973 970
f 966 974 973
f 966 977 974
f 979 977 966
f 983 968 976
f 968 1021 976
f 970 973 969
f 973 974 969
f 974 978 969
f 978 980 972
f 977 978 974
f 983 976 989
f 976 1021 989
f 982 978 977
f 979 981 977
f 981 982 977
f 988 980 978
f 982 988 978
f 982 981 979
f 985 982 979
f 996 979 983
f 987 985 979
f 991 987 979
f 991 979 993
f 993 979 996
f 992 980 988
f 982 985 987
f 987 988 982
f 1008 983 989
f 999 996 983
f 1001 999 983
f 1004 1001 983
f 983 1005 1004
f 1011 1005 983
f 1017 983 1008
f 1014 1011 983
f 1017 1014 983
f 993 988 987
f 991 993 987
f 992 988 1000
f 999 988 993
f 1000 988 999
f 989 1021 1008
f 1000 1007 992
f 996 999 993
f 1001 1000 999
f 1001 1004 1000
f 1004 1005 1000
f 1000 1005 1011
f 1007 1000 1013
f 1000 1011 1013
f 1013 1032 1007
f 1017 1008 1018
f 1018 1008 1022
f 1008 1021 1022
f 1011 1015 1013
f 1011 1014 1015
f 1013 1015 1031
f 1013 1031 1052
f 1013 1052 1032
f 1017 1015 1014
f 1017 1020 1015
f 1031 1015 1020
f 1017 1018 1043
f 1017 1031 1020
f 1017 1041 1031
f 1017 1050 1041
f 1049 1017 1043
f 1050 1017 1049
f 1024 1018 1022
f 1024 1023 1018
f 1018 1023 1025
f 1018 1025 1027
f 1036 1018 1027
f 1043 1018 1036
f 1022 1021 1038
f 1024 1022 1037
f 1022 1038 1037
f 1023 1024 1027
f 1025 1023 1027
f 1027 1024 1037
f 1027 1037 1036
f 1054 1031 1041
f 1054 1052 1031
f 1044 1032 1052
f 1036 1037 1043
f 1037 1038 1047
f 1037 1047 1043
f 1038 1044 1047
f 1041 1050 1042
f 1054 1041 1042
f 1042 1050 1055
f 1055 1054 1042
f 1043 1047 1046
f 1046 1049 1043
f 1047 1044 1052
f 1046 1047 1049
f 1049 1047 1054
f 1047 1052 1054
f 1050 1049 1057
f 1049 1054 1057
f 1055 1050 1057
f 1055 1057 1054
f 5 9 10
f 5 28 9
f 11 5 10
f 5 11 26
f 26 28 5
f 8 12 7
f 14 8 7
f 7 12 10
f 10 14 7
f 12 8 15
f 15 8 14
f 76 10 9
f 9 28 39
f 39 103 9
f 9 103 76
f 10 12 11
f 76 14 10
f 13 11 12
f 11 13 26
f 13 12 15
f 13 15 19
f 13 19 27
f 13 91 26
f 13 27 34
f 13 34 70
f 13 70 91
f 15 14 18
f 18 14 76
f 19 15 18
f 19 18 23
f 23 18 76
f 19 23 27
f 23 33 27
f 33 23 76
f 28 26 40
f 26 91 40
f 27 33 34
f 28 40 39
f 34 33 76
f 106 70 34
f 34 76 211
f 201 106 34
f 201 34 211
f 39 40 47
f 44 39 47
f 44 103 39
f 47 40 41
f 40 91 41
f 47 41 46
f 99 46 41
f 99 41 91
f 103 44 47
f 46 57 47
f 46 53 58
f 99 53 46
f 46 58 57
f 103 47 57
f 58 53 99
f 57 58 60
f 103 57 60
f 60 58 65
f 65 58 62
f 62 58 99
f 60 65 103
f 63 65 62
f 99 63 62
f 63 79 65
f 63 72 80
f 99 72 63
f 63 80 79
f 73 65 79
f 65 73 103
f 91 70 83
f 94 83 70
f 106 94 70
f 80 72 99
f 79 103 73
f 103 140 76
f 174 76 140
f 211 76 174
f 80 88 79
f 88 103 79
f 89 88 80
f 89 80 99
f 83 94 91
f 88 89 97
f 97 103 88
f 89 96 97
f 99 96 89
f 94 106 91
f 99 91 228
f 106 228 91
f 96 113 97
f 144 96 99
f 96 114 113
f 144 114 96
f 113 103 97
f 99 228 144
f 120 103 113
f 155 103 120
f 103 174 140
f 228 103 155
f 174 103 211
f 103 228 211
f 106 201 228
f 114 130 113
f 113 130 120
f 114 116 130
f 144 116 114
f 124 131 116
f 124 116 144
f 131 130 116
f 155 120 130
f 144 131 124
f 130 131 133
f 155 130 133
f 131 134 133
f 144 134 131
f 133 134 137
f 133 137 155
f 137 134 139
f 144 139 134
f 139 148 137
f 137 148 142
f 137 142 155
f 144 141 139
f 139 141 147
f 139 147 148
f 144 147 141
f 155 142 148
f 144 157 147
f 144 163 157
f 233 163 144
f 144 228 233
f 148 147 154
f 154 147 159
f 147 157 159
f 155 148 154
f 155 154 233
f 159 233 154
f 233 228 155
f 157 171 159
f 157 163 172
f 157 172 171
f 171 233 159
f 233 172 163
f 171 172 177
f 177 233 171
f 172 176 177
f 233 176 172
f 177 176 233
f 201 211 238
f 228 201 238
f 228 238 211
f 588 583 576
f 576 583 594
f 588 576 592
f 592 576 593
f 597 593 576
f 576 594 642
f 597 576 612
f 612 576 599
f 599 576 618
f 642 618 576
f 594 583 588
f 629 618 587
f 618 750 587
f 620 587 635
f 752 587 620
f 587 908 629
f 635 587 650
f 587 750 650
f 752 908 587
f 594 588 592
f 592 593 931
f 592 595 594
f 920 595 592
f 924 920 592
f 931 924 592
f 593 597 931
f 642 594 595
f 642 595 627
f 627 595 920
f 612 915 597
f 597 915 931
f 599 601 600
f 599 600 603
f 599 605 601
f 599 603 604
f 599 604 610
f 599 623 605
f 599 610 611
f 599 611 614
f 616 612 599
f 599 614 616
f 599 618 615
f 599 615 625
f 599 624 623
f 624 599 625
f 600 601 603
f 901 603 601
f 605 901 601
f 604 603 607
f 603 909 607
f 901 909 603
f 610 604 607
f 606 605 622
f 606 884 605
f 605 623 622
f 605 884 901
f 609 606 617
f 606 609 884
f 617 606 619
f 606 621 619
f 606 622 621
f 607 909 610
f 613 609 617
f 609 613 884
f 610 915 611
f 610 909 915
f 614 611 915
f 612 616 915
f 617 888 613
f 613 888 884
f 616 614 915
f 615 618 629
f 625 615 628
f 615 630 628
f 615 629 639
f 615 631 630
f 639 631 615
f 619 883 617
f 617 883 888
f 642 750 618
f 795 619 621
f 795 883 619
f 620 635 638
f 638 752 620
f 622 795 621
f 623 698 622
f 698 795 622
f 698 623 624
f 625 698 624
f 628 630 625
f 630 698 625
f 642 627 632
f 632 627 919
f 627 920 919
f 639 629 640
f 640 629 644
f 644 629 674
f 716 674 629
f 733 716 629
f 733 629 879
f 932 879 629
f 932 629 908
f 630 631 633
f 630 633 698
f 639 633 631
f 642 632 634
f 634 632 918
f 632 919 918
f 633 639 667
f 633 667 698
f 634 636 642
f 917 636 634
f 634 918 917
f 647 638 635
f 647 635 650
f 642 636 643
f 648 643 636
f 648 636 902
f 902 636 917
f 647 645 638
f 752 638 645
f 639 640 667
f 640 644 667
f 642 643 881
f 881 750 642
f 881 643 648
f 644 709 667
f 674 716 644
f 716 709 644
f 681 645 647
f 724 645 681
f 755 645 724
f 645 755 752
f 646 647 650
f 647 646 688
f 649 646 650
f 646 649 688
f 647 688 681
f 881 648 700
f 894 700 648
f 648 902 894
f 650 747 649
f 649 691 688
f 649 706 691
f 649 747 706
f 650 681 688
f 650 724 681
f 650 688 691
f 650 691 706
f 650 706 799
f 752 724 650
f 805 747 650
f 650 750 752
f 650 799 805
f 661 660 662
f 661 668 660
f 662 660 668
f 667 661 662
f 667 666 661
f 736 661 666
f 736 668 661
f 667 662 698
f 662 668 676
f 662 676 695
f 662 695 698
f 682 666 667
f 682 680 666
f 736 666 680
f 667 709 682
f 736 676 668
f 676 694 695
f 696 694 676
f 707 696 676
f 707 676 736
f 682 683 680
f 718 680 683
f 718 736 680
f 708 683 682
f 709 708 682
f 718 683 708
f 695 694 696
f 695 696 707
f 698 695 726
f 695 707 726
f 698 726 749
f 698 749 795
f 881 700 745
f 745 700 890
f 890 700 894
f 706 747 799
f 707 727 726
f 707 736 727
f 708 709 710
f 717 708 710
f 717 718 708
f 709 717 710
f 716 733 709
f 709 718 717
f 709 739 718
f 709 733 746
f 709 841 739
f 709 746 841
f 718 856 736
f 718 739 740
f 740 812 718
f 812 835 718
f 718 835 856
f 752 755 724
f 726 727 738
f 749 726 738
f 736 738 727
f 746 733 879
f 736 749 738
f 736 757 749
f 757 736 822
f 736 842 822
f 736 846 842
f 736 849 846
f 736 870 849
f 736 856 860
f 736 860 868
f 736 868 874
f 870 736 874
f 739 811 740
f 841 811 739
f 740 811 806
f 740 806 812
f 745 769 881
f 769 745 887
f 745 890 887
f 746 853 841
f 746 851 853
f 746 879 851
f 799 747 789
f 789 747 805
f 795 749 757
f 752 750 908
f 906 750 881
f 750 906 911
f 908 750 911
f 757 764 795
f 819 764 757
f 819 757 822
f 764 766 779
f 766 764 780
f 764 779 795
f 780 764 819
f 766 777 779
f 777 766 780
f 769 785 881
f 885 785 769
f 885 769 887
f 777 778 779
f 778 777 780
f 779 778 780
f 779 780 821
f 795 779 821
f 780 819 821
f 881 785 857
f 857 785 885
f 805 799 789
f 821 845 795
f 795 845 883
f 806 811 810
f 806 810 812
f 811 812 810
f 811 836 812
f 841 836 811
f 812 836 835
f 821 819 822
f 845 821 822
f 845 822 842
f 836 856 835
f 841 867 836
f 856 836 860
f 836 867 860
f 867 841 845
f 841 883 845
f 853 862 841
f 841 862 882
f 841 882 883
f 845 842 846
f 873 845 846
f 867 845 873
f 849 873 846
f 873 849 870
f 853 851 879
f 862 853 879
f 881 857 880
f 880 857 885
f 860 867 866
f 868 860 866
f 882 862 879
f 867 868 866
f 868 867 873
f 868 873 874
f 873 870 874
f 886 882 879
f 898 886 879
f 899 898 879
f 900 899 879
f 879 903 900
f 914 903 879
f 914 879 922
f 932 922 879
f 881 880 885
f 881 885 906
f 882 886 883
f 886 888 883
f 895 884 888
f 901 884 895
f 885 887 906
f 886 889 888
f 898 889 886
f 887 890 906
f 891 888 889
f 891 895 888
f 889 897 891
f 898 897 889
f 890 894 906
f 896 895 891
f 897 896 891
f 894 902 906
f 897 895 896
f 898 895 897
f 899 895 898
f 901 895 899
f 899 900 901
f 900 903 901
f 903 909 901
f 906 902 905
f 905 902 912
f 912 902 917
f 903 910 909
f 913 910 903
f 914 913 903
f 906 905 912
f 911 906 926
f 906 912 917
f 906 917 918
f 906 918 919
f 906 919 920
f 906 920 924
f 906 924 926
f 966 908 911
f 932 908 966
f 913 909 910
f 915 909 913
f 943 911 926
f 949 911 943
f 950 911 949
f 911 950 956
f 911 956 959
f 911 959 961
f 911 961 966
f 914 915 913
f 916 915 914
f 916 914 922
f 922 915 916
f 928 921 915
f 931 915 921
f 923 915 922
f 928 915 923
f 928 931 921
f 932 923 922
f 923 930 928
f 932 930 923
f 924 929 926
f 929 924 931
f 929 936 926
f 936 939 926
f 939 942 926
f 926 942 943
f 930 943 928
f 937 931 928
f 937 928 936
f 939 936 928
f 943 939 928
f 933 929 931
f 929 933 934
f 929 934 937
f 929 937 936
f 932 938 930
f 940 930 938
f 945 930 940
f 949 943 930
f 949 930 945
f 933 931 934
f 937 934 931
f 932 940 938
f 945 940 932
f 946 945 932
f 932 955 946
f 932 962 955
f 966 962 932
f 942 939 943
f 946 955 945
f 949 945 950
f 945 956 950
f 955 956 945
f 956 955 959
f 955 962 959
f 962 961 959
f 962 969 961
f 961 969 966
f 966 967 962
f 962 967 969
f 970 967 966
f 969 970 966
f 970 969 967
f 3 6 2
f 3 2 90
f 2 6 4
f 4 29 2
f 2 29 24
f 24 90 2
f 17 6 3
f 17 3 16
f 3 35 16
f 90 35 3
f 6 10 4
f 4 10 9
f 29 4 9
f 7 10 6
f 14 7 6
f 14 6 18
f 18 6 17
f 7 14 10
f 9 10 76
f 38 29 9
f 38 9 103
f 9 76 103
f 10 14 76
f 14 18 76
f 17 16 20
f 16 25 20
f 16 35 25
f 18 17 23
f 17 20 25
f 17 33 23
f 17 25 32
f 17 32 33
f 18 23 76
f 23 33 76
f 29 30 24
f 90 24 30
f 25 35 32
f 30 29 38
f 30 38 37
f 90 30 37
f 32 237 33
f 241 32 35
f 237 32 241
f 76 33 140
f 187 140 33
f 187 33 237
f 64 35 90
f 107 35 64
f 107 248 35
f 241 35 248
f 37 38 45
f 43 37 51
f 90 37 43
f 51 37 45
f 45 38 103
f 90 43 51
f 49 51 45
f 49 45 103
f 49 54 51
f 49 55 54
f 55 49 103
f 90 51 54
f 54 55 68
f 68 59 54
f 90 54 59
f 68 55 61
f 61 55 103
f 59 68 69
f 59 69 138
f 90 59 138
f 103 68 61
f 107 64 90
f 68 77 69
f 145 77 68
f 145 68 103
f 69 77 75
f 69 75 138
f 77 86 75
f 82 75 85
f 75 82 138
f 75 86 85
f 103 76 140
f 77 81 86
f 145 81 77
f 86 81 145
f 82 85 138
f 85 86 95
f 93 85 100
f 85 93 138
f 100 85 95
f 95 86 145
f 170 107 90
f 90 138 199
f 199 170 90
f 92 93 101
f 93 92 138
f 101 138 92
f 93 100 101
f 145 100 95
f 101 100 104
f 100 109 104
f 100 105 109
f 145 105 100
f 102 101 104
f 101 102 138
f 102 104 108
f 102 108 138
f 103 140 187
f 103 246 145
f 187 246 103
f 104 117 108
f 109 119 104
f 104 126 117
f 119 127 104
f 127 126 104
f 109 105 145
f 248 107 170
f 108 117 125
f 108 125 138
f 119 109 145
f 117 118 122
f 126 118 117
f 123 117 122
f 125 117 123
f 118 153 122
f 126 153 118
f 145 127 119
f 122 269 123
f 122 153 240
f 122 240 269
f 274 125 123
f 123 269 274
f 138 125 158
f 158 125 274
f 127 132 126
f 132 146 126
f 146 151 126
f 126 151 153
f 145 132 127
f 145 146 132
f 138 158 199
f 181 146 145
f 181 145 282
f 145 246 282
f 146 150 151
f 181 150 146
f 151 150 156
f 181 156 150
f 151 161 153
f 151 156 162
f 151 165 161
f 151 162 164
f 151 164 165
f 153 161 202
f 212 153 202
f 153 212 232
f 153 232 240
f 181 162 156
f 199 158 183
f 183 158 274
f 173 161 165
f 161 173 194
f 161 194 202
f 181 164 162
f 164 166 165
f 164 181 166
f 166 167 165
f 165 167 168
f 168 173 165
f 166 168 167
f 181 168 166
f 168 181 173
f 199 200 170
f 170 200 270
f 248 170 270
f 181 194 173
f 181 202 194
f 181 212 202
f 232 212 181
f 282 232 181
f 183 185 199
f 183 274 185
f 185 188 199
f 283 188 185
f 274 283 185
f 187 237 246
f 188 197 199
f 294 197 188
f 283 285 188
f 285 294 188
f 197 206 199
f 197 315 206
f 315 197 294
f 214 200 199
f 199 206 210
f 199 210 223
f 199 223 214
f 200 214 286
f 270 200 286
f 210 206 213
f 206 315 213
f 229 210 213
f 223 210 229
f 225 213 220
f 220 213 322
f 226 213 225
f 226 229 213
f 315 322 213
f 287 214 223
f 286 214 287
f 220 222 224
f 220 319 222
f 225 220 224
f 220 322 319
f 224 222 318
f 222 319 318
f 223 229 306
f 287 223 306
f 225 224 314
f 224 318 314
f 226 225 309
f 309 225 313
f 225 314 313
f 229 226 306
f 226 309 306
f 282 240 232
f 237 241 246
f 245 267 240
f 282 245 240
f 269 240 267
f 246 241 248
f 267 245 282
f 248 270 246
f 270 295 246
f 295 282 246
f 267 282 269
f 269 282 274
f 270 286 295
f 274 282 280
f 283 274 280
f 295 280 282
f 295 283 280
f 295 285 283
f 295 294 285
f 295 286 287
f 321 295 287
f 306 321 287
f 295 311 294
f 311 315 294
f 295 315 311
f 295 326 315
f 295 321 322
f 295 322 326
f 309 321 306
f 309 313 321
f 313 314 321
f 318 319 314
f 319 321 314
f 315 326 322
f 321 319 322
f 893 892 904
f 893 907 892
f 904 892 935
f 935 892 907
f 907 893 904
f 925 907 904
f 925 904 935
f 927 907 925
f 927 935 907
f 941 927 925
f 935 941 925
f 935 927 958
f 941 958 927
f 941 935 960
f 935 958 975
f 976 960 935
f 935 975 990
f 976 935 983
f 983 935 979
f 979 935 990
f 960 958 941
f 960 975 958
f 975 960 976
f 976 984 975
f 990 975 984
f 983 989 976
f 984 976 989
f 996 983 979
f 979 986 985
f 985 987 979
f 979 994 986
f 987 991 979
f 990 1002 979
f 991 993 979
f 993 996 979
f 979 995 994
f 979 998 995
f 979 1002 998
f 983 1008 989
f 999 983 996
f 1001 983 999
f 1004 983 1001
f 1004 1005 983
f 1005 1011 983
f 1017 1008 983
f 1011 1014 983
f 1017 983 1014
f 997 984 989
f 984 997 990
f 986 987 985
f 991 987 986
f 986 994 991
f 989 1008 997
f 1019 990 997
f 990 1003 1002
f 990 1006 1003
f 1010 1006 990
f 1012 1010 990
f 1019 1012 990
f 994 993 991
f 996 993 994
f 995 996 994
f 996 995 998
f 999 996 998
f 1009 997 1008
f 1009 1019 997
f 1002 999 998
f 1002 1001 999
f 1001 1002 1006
f 1004 1001 1005
f 1001 1006 1005
f 1002 1003 1006
f 1005 1006 1011
f 1006 1010 1011
f 1008 1018 1009
f 1017 1018 1008
f 1009 1018 1026
f 1019 1009 1030
f 1030 1009 1026
f 1014 1011 1010
f 1010 1012 1015
f 1014 1010 1015
f 1012 1016 1015
f 1019 1016 1012
f 1015 1017 1014
f 1015 1016 1020
f 1020 1017 1015
f 1019 1028 1016
f 1020 1016 1031
f 1031 1016 1028
f 1017 1043 1018
f 1017 1020 1031
f 1017 1031 1041
f 1017 1041 1050
f 1017 1049 1043
f 1017 1050 1049
f 1018 1025 1026
f 1018 1027 1025
f 1018 1036 1027
f 1018 1043 1036
f 1019 1029 1028
f 1019 1034 1029
f 1019 1030 1040
f 1019 1039 1034
f 1019 1053 1039
f 1048 1019 1040
f 1019 1048 1051
f 1019 1051 1053
f 1026 1025 1027
f 1026 1027 1033
f 1030 1026 1033
f 1027 1036 1033
f 1028 1029 1031
f 1029 1042 1031
f 1034 1042 1029
f 1040 1030 1033
f 1042 1041 1031
f 1033 1036 1035
f 1040 1033 1035
f 1039 1056 1034
f 1034 1055 1042
f 1034 1056 1055
f 1035 1036 1040
f 1036 1043 1040
f 1039 1053 1056
f 1040 1043 1045
f 1040 1045 1048
f 1050 1041 1042
f 1050 1042 1055
f 1043 1046 1045
f 1043 1049 1046
f 1045 1046 1049
f 1048 1045 1051
f 1045 1049 1050
f 1045 1050 1057
f 1045 1053 1051
f 1053 1045 1058
f 1045 1057 1058
f 1057 1050 1055
f 1056 1053 1058
f 1056 1058 1055
f 1055 1058 1057
f 105 110 109
f 105 109 145
f 145 110 105
f 109 110 119
f 109 119 145
f 110 111 127
f 145 111 110
f 110 127 119
f 111 128 127
f 145 128 111
f 127 145 119
f 128 132 127
f 132 145 127
f 128 136 132
f 128 135 136
f 155 135 128
f 155 128 145
f 136 143 132
f 143 150 132
f 146 145 132
f 132 150 146
f 155 136 135
f 155 143 136
f 143 149 150
f 143 155 149
f 181 145 146
f 145 228 155
f 181 282 145
f 246 228 145
f 145 282 246
f 146 150 181
f 150 149 156
f 149 155 152
f 156 149 152
f 150 156 181
f 233 152 155
f 160 156 152
f 233 160 152
f 233 155 228
f 156 160 164
f 162 156 164
f 156 162 181
f 160 169 164
f 233 169 160
f 164 181 162
f 164 169 166
f 166 181 164
f 167 168 166
f 166 182 167
f 168 181 166
f 169 182 166
f 168 167 180
f 167 182 180
f 180 173 168
f 173 181 168
f 169 175 182
f 233 175 169
f 173 180 194
f 194 181 173
f 177 179 175
f 177 175 233
f 179 182 175
f 233 179 177
f 179 184 182
f 184 179 233
f 182 193 180
f 551 180 193
f 202 194 180
f 202 180 551
f 181 194 202
f 181 202 212
f 212 232 181
f 232 282 181
f 184 195 182
f 182 195 193
f 184 190 195
f 190 184 233
f 192 195 190
f 355 192 190
f 355 190 233
f 195 192 203
f 192 198 203
f 355 198 192
f 195 209 193
f 193 209 556
f 558 551 193
f 193 556 552
f 193 552 558
f 195 203 209
f 198 204 203
f 355 204 198
f 232 212 202
f 232 202 545
f 545 202 550
f 550 202 551
f 203 204 221
f 203 217 209
f 203 221 217
f 221 204 207
f 355 207 204
f 207 216 221
f 216 207 355
f 209 217 560
f 556 209 560
f 216 219 221
f 219 216 355
f 217 221 234
f 217 234 563
f 560 217 563
f 219 230 221
f 219 227 230
f 227 219 355
f 221 230 236
f 221 236 234
f 230 227 355
f 238 228 231
f 246 231 228
f 233 228 353
f 238 276 228
f 228 276 353
f 230 235 236
f 355 235 230
f 246 237 231
f 237 542 231
f 231 548 238
f 542 548 231
f 240 282 232
f 232 543 240
f 543 232 545
f 353 587 233
f 233 587 355
f 234 236 255
f 234 255 592
f 563 234 567
f 567 234 568
f 568 234 592
f 235 243 236
f 239 243 235
f 257 239 235
f 257 235 355
f 243 255 236
f 246 241 237
f 529 237 241
f 531 237 529
f 531 542 237
f 548 276 238
f 239 242 244
f 257 242 239
f 239 244 243
f 245 282 240
f 245 240 538
f 240 539 538
f 240 543 539
f 260 241 246
f 529 241 260
f 257 244 242
f 244 252 243
f 252 249 243
f 249 256 243
f 243 261 255
f 256 261 243
f 244 247 251
f 257 247 244
f 244 251 252
f 267 282 245
f 267 245 538
f 246 272 260
f 272 246 301
f 246 282 295
f 246 295 301
f 257 251 247
f 252 254 249
f 249 254 259
f 256 249 259
f 252 251 257
f 259 254 252
f 259 252 257
f 261 275 255
f 255 275 612
f 592 255 597
f 255 612 597
f 262 256 259
f 262 261 256
f 453 259 257
f 257 355 453
f 265 262 259
f 268 265 259
f 273 268 259
f 273 259 278
f 278 259 281
f 281 259 290
f 259 453 290
f 544 260 272
f 529 260 544
f 262 265 261
f 265 266 261
f 261 266 275
f 265 268 266
f 266 268 277
f 275 266 611
f 277 611 266
f 267 269 282
f 269 267 538
f 278 268 273
f 268 278 277
f 269 274 282
f 269 536 274
f 536 269 537
f 537 269 538
f 526 272 301
f 544 272 526
f 274 280 282
f 280 274 535
f 274 536 535
f 275 611 614
f 612 275 614
f 276 288 353
f 288 276 548
f 278 281 277
f 277 281 291
f 291 607 277
f 277 607 610
f 277 610 611
f 295 282 280
f 295 280 283
f 283 280 535
f 281 290 291
f 285 283 294
f 295 283 285
f 533 294 283
f 533 283 532
f 283 535 532
f 295 285 294
f 288 317 353
f 288 366 317
f 366 288 548
f 290 292 291
f 290 453 292
f 291 292 296
f 291 296 320
f 320 591 291
f 591 602 291
f 291 602 607
f 292 297 296
f 292 453 297
f 295 294 311
f 294 329 311
f 329 294 547
f 533 534 294
f 534 547 294
f 327 301 295
f 425 295 311
f 327 295 425
f 297 300 296
f 300 302 296
f 296 302 308
f 296 308 320
f 300 297 303
f 303 297 307
f 307 297 312
f 312 297 324
f 324 297 328
f 328 297 330
f 297 453 330
f 300 303 302
f 541 301 327
f 526 301 541
f 302 303 307
f 302 307 308
f 307 312 308
f 308 312 323
f 320 308 553
f 323 530 308
f 530 546 308
f 308 546 553
f 329 425 311
f 312 324 323
f 317 366 353
f 320 553 565
f 320 565 582
f 320 582 591
f 324 328 323
f 323 328 332
f 323 332 375
f 375 426 323
f 426 444 323
f 444 466 323
f 466 525 323
f 525 527 323
f 323 527 530
f 392 327 425
f 564 327 392
f 541 327 564
f 332 328 330
f 425 329 382
f 329 566 382
f 562 329 547
f 566 329 562
f 330 453 332
f 332 372 375
f 453 372 332
f 352 367 374
f 375 367 352
f 352 374 375
f 489 353 366
f 518 353 489
f 518 587 353
f 355 618 453
f 355 587 618
f 366 548 489
f 374 367 372
f 372 367 375
f 374 372 399
f 372 403 399
f 453 403 372
f 375 374 399
f 375 399 403
f 375 403 426
f 407 389 382
f 425 382 389
f 407 382 566
f 425 389 407
f 425 408 392
f 585 392 408
f 564 392 585
f 426 403 453
f 425 407 411
f 586 411 407
f 407 566 586
f 425 439 408
f 578 408 439
f 580 408 578
f 585 408 580
f 411 427 425
f 586 427 411
f 427 439 425
f 444 426 453
f 427 429 435
f 429 427 577
f 427 435 436
f 427 436 437
f 427 437 438
f 427 438 439
f 577 427 586
f 429 430 435
f 429 575 430
f 429 577 575
f 435 430 574
f 430 575 574
f 436 435 571
f 435 574 571
f 437 436 570
f 436 571 570
f 438 437 572
f 437 570 572
f 573 439 438
f 438 572 573
f 578 439 573
f 466 444 453
f 466 453 523
f 553 523 453
f 565 553 453
f 582 565 453
f 453 591 582
f 599 591 453
f 599 453 618
f 466 523 525
f 518 489 516
f 489 548 516
f 516 519 518
f 519 516 521
f 516 548 521
f 519 521 518
f 518 521 589
f 518 589 587
f 521 548 589
f 532 522 524
f 524 522 557
f 532 535 522
f 535 536 522
f 536 537 522
f 522 537 538
f 522 538 539
f 543 522 539
f 545 522 543
f 550 522 545
f 549 522 550
f 618 522 549
f 522 587 557
f 618 587 522
f 530 525 523
f 523 546 530
f 553 546 523
f 526 541 524
f 524 557 526
f 524 533 532
f 524 534 533
f 534 524 547
f 584 524 541
f 562 547 524
f 562 524 584
f 530 527 525
f 526 557 544
f 529 557 531
f 529 544 557
f 557 542 531
f 564 584 541
f 542 557 548
f 548 557 569
f 589 548 569
f 549 550 551
f 549 551 559
f 549 555 552
f 549 552 556
f 558 555 549
f 549 556 560
f 559 558 549
f 549 560 563
f 549 563 567
f 549 567 576
f 576 618 549
f 558 559 551
f 558 552 555
f 557 589 569
f 587 589 557
f 584 566 562
f 564 585 584
f 584 590 566
f 586 566 590
f 567 568 576
f 568 583 576
f 583 568 588
f 588 568 592
f 571 578 570
f 570 578 572
f 584 571 574
f 584 578 571
f 572 578 573
f 584 574 575
f 584 575 577
f 583 588 576
f 588 592 576
f 592 593 576
f 597 576 593
f 612 576 597
f 599 576 612
f 599 618 576
f 577 586 584
f 578 584 580
f 584 585 580
f 586 590 584
f 599 596 591
f 591 596 602
f 593 592 597
f 598 596 599
f 602 596 598
f 599 602 598
f 599 604 602
f 599 610 604
f 599 611 610
f 599 614 611
f 599 612 616
f 599 616 614
f 607 602 604
f 604 610 607
f 616 612 614
f 524 522 532
f 557 522 524
f 532 522 535
f 535 522 536
f 536 522 537
f 538 537 522
f 539 538 522
f 543 539 522
f 545 543 522
f 550 545 522
f 549 550 522
f 549 522 618
f 557 587 522
f 522 587 618
f 541 526 524
f 526 557 524
f 524 532 533
f 524 533 534
f 547 524 534
f 584 541 524
f 562 524 547
f 584 524 562
f 794 526 541
f 526 544 557
f 794 544 526
f 557 529 531
f 797 531 529
f 557 544 529
f 544 797 529
f 557 531 542
f 797 542 531
f 532 535 533
f 534 533 547
f 535 768 533
f 533 768 547
f 535 536 790
f 535 790 768
f 536 537 538
f 828 536 538
f 790 536 791
f 536 828 791
f 538 539 543
f 769 538 543
f 769 844 538
f 844 828 538
f 584 564 541
f 783 541 564
f 783 794 541
f 542 548 557
f 548 542 797
f 543 545 745
f 769 543 745
f 814 544 794
f 814 797 544
f 545 550 551
f 545 551 700
f 545 700 745
f 547 771 562
f 547 768 761
f 761 771 547
f 548 569 557
f 747 569 548
f 548 789 747
f 548 797 789
f 549 551 550
f 549 559 551
f 549 552 555
f 556 552 549
f 549 555 558
f 549 560 556
f 549 558 559
f 549 563 560
f 549 567 563
f 576 567 549
f 549 618 576
f 648 551 559
f 648 700 551
f 555 552 556
f 558 555 556
f 556 634 558
f 556 560 632
f 556 632 634
f 557 569 589
f 557 589 587
f 648 559 558
f 558 634 643
f 558 643 648
f 560 563 627
f 560 627 632
f 584 562 566
f 771 566 562
f 563 567 568
f 563 568 595
f 563 595 627
f 584 585 564
f 564 585 804
f 783 564 804
f 584 566 590
f 566 802 590
f 771 781 566
f 802 566 781
f 576 568 567
f 576 583 568
f 594 568 583
f 594 595 568
f 589 569 637
f 569 641 637
f 641 569 747
f 571 570 578
f 570 571 754
f 578 570 572
f 572 570 753
f 753 570 754
f 574 571 584
f 571 574 760
f 571 578 584
f 754 571 760
f 578 572 573
f 573 572 748
f 748 572 753
f 748 578 573
f 575 574 584
f 574 575 762
f 760 574 762
f 577 575 584
f 575 577 586
f 776 575 586
f 575 776 762
f 594 583 576
f 576 642 594
f 576 618 642
f 584 586 577
f 584 578 580
f 751 580 578
f 751 578 748
f 580 585 584
f 585 580 804
f 804 580 751
f 584 590 586
f 590 786 586
f 776 586 786
f 587 589 650
f 587 750 618
f 650 750 587
f 650 589 637
f 590 802 786
f 594 642 595
f 595 642 627
f 618 750 642
f 632 627 642
f 632 642 634
f 634 642 636
f 643 634 636
f 642 643 636
f 650 637 641
f 641 649 646
f 641 646 650
f 641 747 649
f 881 643 642
f 642 750 881
f 881 648 643
f 650 646 649
f 881 700 648
f 650 649 747
f 650 747 805
f 750 650 805
f 881 745 700
f 881 769 745
f 789 805 747
f 751 748 782
f 748 753 782
f 767 750 805
f 767 881 750
f 751 782 796
f 751 796 804
f 782 753 754
f 760 782 754
f 776 760 762
f 776 782 760
f 767 761 768
f 796 761 767
f 796 771 761
f 767 768 790
f 767 790 791
f 767 791 828
f 767 805 796
f 767 828 843
f 767 843 881
f 844 769 785
f 881 785 769
f 796 781 771
f 782 776 786
f 796 803 781
f 781 803 802
f 782 786 796
f 783 796 794
f 796 783 804
f 844 785 857
f 881 857 785
f 786 802 796
f 805 789 797
f 796 805 794
f 805 814 794
f 802 803 796
f 805 797 814
f 843 828 844
f 843 844 881
f 844 857 881
f 657 651 652
f 675 652 651
f 657 655 651
f 655 765 651
f 669 675 651
f 651 765 669
f 672 657 652
f 675 672 652
f 663 656 655
f 656 765 655
f 663 655 657
f 663 677 656
f 677 670 656
f 670 765 656
f 657 772 663
f 772 657 672
f 663 772 677
f 675 669 687
f 765 687 669
f 670 686 673
f 673 765 670
f 677 686 670
f 675 772 672
f 686 689 673
f 765 673 689
f 675 687 692
f 692 703 675
f 772 675 703
f 677 772 686
f 701 689 686
f 772 701 686
f 692 687 690
f 687 704 690
f 765 704 687
f 701 697 689
f 765 689 697
f 703 692 690
f 703 690 723
f 723 690 704
f 697 701 713
f 715 697 713
f 725 697 715
f 765 697 725
f 772 713 701
f 720 703 730
f 772 703 720
f 703 723 731
f 703 731 730
f 765 723 704
f 715 713 734
f 713 722 734
f 772 722 713
f 725 715 734
f 730 758 720
f 758 837 720
f 772 720 793
f 793 720 837
f 734 722 744
f 722 743 744
f 772 743 722
f 765 731 723
f 765 725 734
f 730 731 737
f 730 737 758
f 765 737 731
f 765 734 744
f 758 737 770
f 765 770 737
f 744 743 756
f 743 793 756
f 743 772 793
f 756 765 744
f 765 756 792
f 807 792 756
f 807 756 793
f 758 770 773
f 773 788 758
f 758 788 837
f 765 798 770
f 807 765 792
f 765 801 798
f 801 765 813
f 827 765 807
f 813 765 826
f 826 765 831
f 830 765 827
f 765 830 838
f 765 872 831
f 765 838 863
f 877 765 863
f 765 878 872
f 878 765 877
f 801 773 770
f 798 801 770
f 788 773 801
f 788 801 813
f 788 813 816
f 837 788 816
f 807 793 808
f 808 793 837
f 808 820 807
f 807 820 827
f 837 820 808
f 826 816 813
f 825 816 826
f 825 837 816
f 827 820 832
f 820 833 832
f 837 833 820
f 831 825 826
f 839 825 831
f 839 837 825
f 830 827 832
f 838 830 832
f 850 839 831
f 831 855 850
f 831 872 855
f 832 833 838
f 833 837 839
f 833 854 838
f 839 848 833
f 854 833 848
f 863 838 854
f 848 839 850
f 859 848 850
f 854 848 859
f 855 859 850
f 864 854 859
f 863 854 864
f 876 859 855
f 878 855 872
f 876 855 878
f 876 864 859
f 863 864 877
f 871 864 876
f 864 871 877
f 871 876 878
f 877 871 878
f 247 250 253
f 247 257 250
f 247 253 251
f 247 251 257
f 254 249 259
f 249 254 262
f 259 249 256
f 249 262 256
f 250 257 253
f 251 253 252
f 257 251 252
f 253 258 252
f 252 254 259
f 252 263 254
f 257 252 259
f 252 258 263
f 253 257 258
f 263 262 254
f 259 256 262
f 263 258 257
f 453 257 259
f 257 264 263
f 257 271 264
f 257 279 271
f 284 279 257
f 289 284 257
f 406 289 257
f 406 257 355
f 355 257 453
f 259 262 265
f 268 259 265
f 259 268 273
f 259 273 278
f 259 278 281
f 259 281 290
f 259 290 453
f 263 264 262
f 264 265 262
f 265 264 268
f 264 271 268
f 268 271 273
f 273 271 279
f 273 279 278
f 279 281 278
f 279 284 281
f 281 284 290
f 284 289 290
f 289 293 290
f 406 293 289
f 290 293 292
f 290 292 453
f 292 293 298
f 292 298 297
f 292 297 453
f 406 298 293
f 298 299 297
f 297 299 300
f 297 300 303
f 297 303 307
f 297 307 312
f 297 312 324
f 297 324 328
f 297 328 330
f 297 330 453
f 298 304 299
f 298 305 304
f 298 310 305
f 406 310 298
f 299 304 300
f 300 304 303
f 303 304 305
f 307 303 305
f 305 310 307
f 307 310 316
f 307 316 312
f 310 331 316
f 406 331 310
f 312 316 325
f 312 325 324
f 316 331 325
f 325 328 324
f 325 331 328
f 330 328 360
f 328 331 360
f 332 330 360
f 332 453 330
f 357 331 351
f 406 351 331
f 331 357 360
f 332 360 372
f 372 453 332
f 334 336 333
f 339 334 333
f 333 336 373
f 342 339 333
f 367 342 333
f 352 367 333
f 333 374 352
f 333 373 374
f 334 339 336
f 339 371 336
f 373 336 371
f 342 343 339
f 490 339 343
f 339 381 371
f 409 381 339
f 409 339 490
f 342 359 343
f 360 359 342
f 360 342 372
f 372 342 367
f 490 343 359
f 406 357 351
f 374 367 352
f 406 355 629
f 453 618 355
f 587 355 618
f 629 355 587
f 357 397 360
f 384 397 357
f 406 384 357
f 360 361 359
f 490 359 361
f 397 361 360
f 397 391 361
f 391 477 361
f 477 490 361
f 374 372 367
f 371 376 373
f 376 371 381
f 374 399 372
f 399 403 372
f 403 453 372
f 374 373 399
f 373 376 381
f 373 381 412
f 399 373 412
f 413 381 409
f 412 381 413
f 384 405 397
f 384 402 405
f 406 402 384
f 397 396 391
f 468 391 396
f 468 477 391
f 397 398 396
f 468 396 398
f 397 424 398
f 397 405 434
f 397 488 424
f 397 434 442
f 442 487 397
f 487 488 397
f 418 398 423
f 468 398 418
f 398 424 423
f 403 399 446
f 399 412 446
f 405 402 406
f 426 403 446
f 426 453 403
f 434 405 406
f 406 442 434
f 406 450 442
f 450 406 487
f 406 629 487
f 409 417 413
f 409 510 417
f 409 490 510
f 412 413 417
f 412 417 447
f 412 447 446
f 417 510 447
f 428 418 423
f 468 418 428
f 424 428 423
f 424 459 428
f 424 488 459
f 426 446 444
f 444 453 426
f 428 459 456
f 456 468 428
f 442 450 487
f 446 466 444
f 466 453 444
f 446 447 469
f 466 446 523
f 469 517 446
f 517 624 446
f 446 622 523
f 624 622 446
f 469 447 467
f 447 510 467
f 466 523 453
f 453 523 553
f 453 553 565
f 453 565 582
f 453 582 591
f 453 591 599
f 453 599 618
f 459 460 456
f 460 468 456
f 459 478 460
f 459 488 478
f 468 460 477
f 460 478 477
f 470 469 467
f 467 474 470
f 467 510 474
f 474 469 470
f 469 474 494
f 469 494 495
f 469 495 517
f 510 494 474
f 478 490 477
f 488 515 478
f 478 515 490
f 487 528 488
f 487 629 528
f 488 517 515
f 488 561 517
f 528 554 488
f 488 554 561
f 510 490 503
f 490 515 503
f 496 495 494
f 497 496 494
f 510 497 494
f 495 496 497
f 495 497 514
f 495 514 515
f 495 515 517
f 514 497 510
f 510 503 509
f 503 515 509
f 510 509 514
f 515 514 509
f 561 579 517
f 579 625 517
f 517 625 624
f 523 525 530
f 523 622 525
f 546 523 530
f 553 523 546
f 525 527 530
f 621 527 525
f 525 622 621
f 527 619 530
f 621 619 527
f 528 540 554
f 528 629 540
f 530 617 546
f 530 619 617
f 554 540 629
f 546 613 553
f 546 617 613
f 565 553 609
f 553 613 609
f 561 554 615
f 554 629 615
f 579 561 615
f 565 606 582
f 565 609 606
f 615 608 579
f 579 608 625
f 582 605 591
f 582 606 605
f 629 587 618
f 591 596 599
f 601 596 591
f 591 605 601
f 599 596 598
f 601 598 596
f 598 602 599
f 601 600 598
f 598 600 602
f 600 601 599
f 599 603 600
f 601 605 599
f 602 604 599
f 599 604 603
f 605 623 599
f 618 599 615
f 599 625 615
f 599 623 624
f 599 624 625
f 600 603 602
f 602 603 604
f 605 606 622
f 622 623 605
f 609 617 606
f 606 617 619
f 606 619 621
f 622 606 621
f 615 628 608
f 625 608 628
f 613 617 609
f 615 629 618
f 625 628 615
f 624 623 622
f 3 2 1
f 2 36 1
f 16 3 1
f 16 1 20
f 20 1 21
f 21 1 22
f 1 42 22
f 36 42 1
f 90 2 3
f 2 24 30
f 24 2 90
f 2 30 36
f 3 16 35
f 3 35 90
f 16 20 25
f 35 16 25
f 20 21 31
f 25 20 31
f 21 22 222
f 31 21 225
f 21 222 224
f 21 224 225
f 22 42 213
f 22 213 220
f 22 220 222
f 24 90 30
f 25 31 32
f 35 25 32
f 30 37 36
f 30 90 37
f 32 31 64
f 31 214 64
f 214 31 223
f 223 31 229
f 31 225 226
f 31 226 229
f 35 32 64
f 90 35 64
f 36 37 52
f 36 50 42
f 36 52 50
f 52 37 43
f 37 90 43
f 50 67 42
f 67 210 42
f 210 213 42
f 43 51 52
f 51 43 90
f 50 52 67
f 51 54 52
f 54 51 90
f 52 54 69
f 52 71 67
f 52 69 71
f 69 54 59
f 59 54 90
f 138 69 59
f 138 59 90
f 90 64 107
f 107 64 170
f 170 64 200
f 200 64 214
f 67 71 115
f 67 115 125
f 67 125 158
f 158 183 67
f 183 185 67
f 185 188 67
f 197 67 188
f 67 197 210
f 69 75 71
f 138 75 69
f 75 82 71
f 82 85 71
f 85 84 71
f 71 84 115
f 138 82 75
f 138 85 82
f 84 85 92
f 84 92 102
f 84 102 108
f 84 108 115
f 92 85 93
f 138 93 85
f 107 170 90
f 138 90 199
f 90 170 199
f 138 92 93
f 102 92 101
f 101 92 138
f 138 102 101
f 102 138 108
f 108 117 115
f 108 125 117
f 138 125 108
f 117 118 115
f 115 118 122
f 115 122 123
f 115 123 125
f 118 117 122
f 117 123 122
f 117 125 123
f 138 158 125
f 199 158 138
f 199 183 158
f 199 170 200
f 185 183 199
f 188 185 199
f 197 188 199
f 206 197 199
f 210 197 206
f 200 214 199
f 199 210 206
f 223 210 199
f 199 214 223
f 229 213 210
f 223 229 210
f 225 220 213
f 213 226 225
f 213 229 226
f 222 220 224
f 220 225 224
f 659 654 661
f 671 654 659
f 661 654 660
f 671 660 654
f 661 666 659
f 666 665 659
f 659 665 732
f 671 659 732
f 668 661 660
f 668 660 671
f 736 666 661
f 661 668 736
f 666 679 665
f 705 665 679
f 714 665 705
f 732 665 714
f 680 679 666
f 680 666 736
f 668 671 694
f 676 668 694
f 668 676 736
f 694 671 693
f 693 671 699
f 699 671 732
f 694 696 676
f 696 707 676
f 707 736 676
f 680 684 679
f 705 679 684
f 683 684 680
f 718 683 680
f 718 680 736
f 683 705 684
f 708 705 683
f 718 708 683
f 694 693 699
f 696 694 699
f 696 699 728
f 707 696 727
f 727 696 728
f 728 699 732
f 705 708 711
f 711 714 705
f 727 736 707
f 711 708 710
f 717 710 708
f 718 717 708
f 710 714 711
f 710 719 714
f 710 717 719
f 732 714 719
f 717 718 740
f 717 740 719
f 736 856 718
f 740 718 812
f 835 812 718
f 718 856 835
f 732 719 735
f 719 740 735
f 727 728 732
f 763 727 732
f 727 738 736
f 738 727 766
f 727 763 777
f 777 766 727
f 763 732 735
f 735 740 741
f 735 741 800
f 735 775 763
f 735 784 775
f 818 784 735
f 735 800 809
f 735 809 815
f 834 735 815
f 823 818 735
f 823 735 829
f 861 829 735
f 858 735 834
f 869 735 858
f 861 735 875
f 875 735 869
f 749 736 738
f 757 736 749
f 757 822 736
f 736 822 842
f 842 846 736
f 846 849 736
f 736 849 870
f 736 860 856
f 736 868 860
f 736 874 868
f 736 870 874
f 749 738 764
f 764 738 766
f 740 806 741
f 806 740 812
f 741 806 800
f 749 764 757
f 764 819 757
f 822 757 819
f 763 775 778
f 777 763 778
f 766 780 764
f 780 819 764
f 777 780 766
f 780 778 775
f 780 775 784
f 778 780 777
f 780 784 819
f 819 784 818
f 800 806 810
f 809 800 810
f 806 812 810
f 810 812 809
f 812 815 809
f 815 812 835
f 815 835 834
f 819 818 822
f 822 818 823
f 842 822 823
f 829 842 823
f 840 842 829
f 840 829 861
f 834 835 858
f 860 835 856
f 835 860 858
f 842 840 846
f 846 840 847
f 847 840 861
f 870 846 847
f 846 870 849
f 861 870 847
f 858 860 866
f 865 858 866
f 865 869 858
f 860 868 866
f 870 861 874
f 874 861 875
f 865 866 869
f 866 868 869
f 869 868 875
f 868 874 875
f 659 653 654
f 654 653 672
f 658 653 659
f 653 658 672
f 654 671 659
f 671 654 672
f 659 665 658
f 665 664 658
f 664 772 658
f 658 772 672
f 659 732 665
f 659 671 732
f 665 678 664
f 664 678 772
f 665 679 678
f 665 705 679
f 665 714 705
f 732 714 665
f 675 671 672
f 671 675 692
f 693 671 692
f 671 693 699
f 671 699 732
f 772 675 672
f 703 692 675
f 703 675 772
f 679 685 678
f 678 685 772
f 679 684 685
f 679 705 684
f 684 702 685
f 684 705 702
f 772 685 702
f 693 692 703
f 699 693 703
f 699 703 720
f 729 699 720
f 699 729 728
f 732 699 728
f 702 705 712
f 712 772 702
f 720 703 772
f 712 705 711
f 705 714 711
f 711 721 712
f 714 719 711
f 719 721 711
f 721 772 712
f 719 714 732
f 721 719 742
f 732 735 719
f 719 735 741
f 719 741 742
f 720 759 729
f 720 837 759
f 793 720 772
f 720 793 837
f 742 772 721
f 728 729 759
f 763 732 728
f 763 728 759
f 732 763 735
f 800 741 735
f 775 735 763
f 784 735 775
f 818 735 784
f 809 800 735
f 815 809 735
f 834 815 735
f 823 735 818
f 829 735 823
f 861 735 829
f 858 834 735
f 869 858 735
f 875 735 861
f 875 869 735
f 772 742 741
f 772 741 800
f 759 774 763
f 759 787 774
f 759 837 787
f 763 774 775
f 772 800 793
f 775 774 787
f 784 775 787
f 784 787 817
f 818 784 817
f 837 817 787
f 793 800 809
f 793 809 808
f 808 837 793
f 809 815 808
f 815 820 808
f 808 820 837
f 820 815 834
f 818 817 824
f 837 824 817
f 823 818 824
f 820 834 833
f 820 833 837
f 837 823 824
f 823 840 829
f 837 839 823
f 839 840 823
f 840 861 829
f 833 834 858
f 837 833 839
f 848 839 833
f 854 848 833
f 833 858 854
f 847 840 839
f 847 839 848
f 847 861 840
f 859 847 848
f 859 861 847
f 854 859 848
f 854 858 865
f 864 859 854
f 854 865 864
f 869 865 858
f 861 859 876
f 859 864 876
f 875 861 876
f 865 869 864
f 869 871 864
f 876 864 871
f 871 869 875
f 871 875 876
f 335 337 338
f 335 346 337
f 344 335 338
f 335 344 346
f 337 341 338
f 458 341 337
f 458 337 346
f 370 338 341
f 344 338 358
f 358 338 370
f 370 341 368
f 458 368 341
f 346 344 354
f 344 358 354
f 346 354 349
f 458 346 349
f 354 458 349
f 354 358 363
f 363 441 354
f 441 458 354
f 358 362 363
f 358 370 362
f 362 390 363
f 362 370 380
f 380 390 362
f 390 388 363
f 388 441 363
f 368 369 378
f 458 369 368
f 370 368 378
f 369 385 378
f 458 385 369
f 370 378 377
f 380 370 377
f 385 377 378
f 380 377 383
f 383 377 385
f 383 409 380
f 400 390 380
f 422 400 380
f 380 409 484
f 422 380 431
f 380 484 431
f 383 385 414
f 409 383 413
f 413 383 414
f 385 420 414
f 385 445 420
f 458 445 385
f 390 395 388
f 388 395 394
f 388 394 401
f 388 401 441
f 400 395 390
f 395 400 394
f 394 400 401
f 400 422 401
f 401 422 421
f 401 421 441
f 413 417 409
f 417 510 409
f 409 501 484
f 501 409 510
f 417 413 414
f 417 414 420
f 447 417 420
f 417 447 510
f 447 420 445
f 422 431 421
f 421 431 433
f 421 433 441
f 431 455 433
f 431 484 455
f 441 433 454
f 433 455 454
f 458 441 454
f 445 448 447
f 445 464 448
f 458 483 445
f 445 479 464
f 445 483 479
f 447 448 467
f 447 467 510
f 467 448 464
f 455 461 454
f 458 454 462
f 454 461 462
f 455 484 461
f 458 462 475
f 458 475 485
f 458 504 483
f 458 485 491
f 458 491 507
f 458 512 504
f 458 507 512
f 461 476 462
f 461 484 476
f 462 476 475
f 464 470 467
f 464 471 470
f 479 471 464
f 470 474 467
f 467 474 510
f 471 474 470
f 471 479 474
f 474 479 493
f 474 493 494
f 474 494 510
f 475 476 491
f 485 475 491
f 476 484 501
f 476 501 491
f 479 483 493
f 483 504 493
f 507 491 501
f 493 498 494
f 493 500 498
f 493 504 500
f 496 497 494
f 498 496 494
f 494 497 510
f 497 496 500
f 496 498 500
f 497 500 504
f 497 504 512
f 510 497 513
f 497 512 513
f 507 501 508
f 501 510 508
f 507 508 512
f 508 510 513
f 508 513 512
f 337 346 340
f 340 348 337
f 337 348 341
f 341 458 337
f 458 346 337
f 340 347 345
f 348 340 345
f 346 347 340
f 341 348 356
f 341 356 368
f 368 458 341
f 350 345 347
f 356 348 345
f 386 345 350
f 356 345 443
f 386 443 345
f 346 350 347
f 349 350 346
f 458 349 346
f 354 350 349
f 458 354 349
f 354 364 350
f 386 350 364
f 354 363 364
f 354 441 363
f 458 441 354
f 365 368 356
f 443 365 356
f 363 388 364
f 363 441 388
f 388 386 364
f 369 368 365
f 369 365 378
f 378 365 379
f 365 387 379
f 443 387 365
f 458 368 369
f 385 369 378
f 458 369 385
f 385 378 379
f 387 385 379
f 385 387 414
f 420 385 414
f 445 385 420
f 458 385 445
f 388 394 386
f 394 393 386
f 393 443 386
f 414 387 415
f 387 416 415
f 443 416 387
f 394 388 401
f 388 441 401
f 394 401 393
f 393 401 404
f 404 443 393
f 404 401 421
f 401 441 421
f 410 404 421
f 443 404 410
f 410 421 419
f 443 410 419
f 420 414 415
f 420 415 416
f 420 416 432
f 457 432 416
f 457 416 443
f 421 433 419
f 419 433 440
f 443 419 440
f 448 420 432
f 445 420 448
f 421 441 433
f 448 432 449
f 457 449 432
f 433 441 440
f 440 441 451
f 443 440 451
f 451 441 452
f 452 441 454
f 441 458 454
f 443 451 452
f 443 452 465
f 480 457 443
f 443 465 482
f 443 481 480
f 443 492 481
f 482 486 443
f 486 505 443
f 443 499 492
f 443 502 499
f 443 506 502
f 505 511 443
f 511 506 443
f 464 445 448
f 458 445 483
f 479 445 464
f 483 445 479
f 448 449 464
f 464 449 457
f 454 462 452
f 452 462 465
f 454 458 462
f 457 463 464
f 480 463 457
f 462 458 475
f 475 458 485
f 458 483 504
f 458 491 485
f 458 507 491
f 458 504 512
f 458 512 507
f 462 475 465
f 463 471 464
f 463 472 471
f 480 472 463
f 471 479 464
f 465 475 473
f 482 465 473
f 472 479 471
f 480 479 472
f 475 485 473
f 473 485 482
f 481 479 480
f 483 479 481
f 483 481 492
f 482 485 491
f 482 491 486
f 483 492 493
f 504 483 493
f 486 491 507
f 486 507 505
f 499 493 492
f 499 498 493
f 500 493 498
f 504 493 500
f 498 499 502
f 500 498 502
f 500 502 511
f 504 500 512
f 512 500 511
f 511 502 506
f 507 512 505
f 512 511 505
f 615 626 608
f 628 615 608
f 608 626 628
f 615 631 626
f 628 630 615
f 630 631 615
f 626 630 628
f 626 631 630
f 61 66 68
f 66 61 103
f 103 61 68
f 66 74 68
f 74 66 103
f 68 74 78
f 68 78 77
f 68 77 145
f 103 68 145
f 78 74 103
f 78 87 77
f 77 87 81
f 77 81 145
f 103 87 78
f 87 86 81
f 81 86 145
f 86 87 98
f 95 86 100
f 86 95 145
f 86 98 100
f 98 87 155
f 87 103 155
f 145 95 100
f 100 98 110
f 98 112 110
f 112 98 155
f 105 100 110
f 145 100 105
f 103 140 174
f 103 187 140
f 246 103 145
f 103 228 155
f 174 211 103
f 246 187 103
f 211 228 103
f 145 105 110
f 112 111 110
f 145 110 111
f 111 112 128
f 145 111 128
f 112 121 129
f 121 112 155
f 129 128 112
f 129 121 155
f 129 135 128
f 128 135 155
f 145 128 155
f 135 129 155
f 231 174 140
f 231 140 187
f 155 228 145
f 145 228 246
f 231 211 174
f 231 187 237
f 246 237 187
f 238 228 211
f 238 211 231
f 238 231 228
f 228 231 246
f 246 231 237
f 44 47 48
f 103 47 44
f 44 48 103
f 47 56 48
f 47 57 56
f 103 57 47
f 48 56 103
f 56 57 66
f 61 56 66
f 56 61 103
f 65 57 60
f 103 60 57
f 66 57 65
f 103 65 60
f 61 66 103
f 65 74 66
f 65 73 78
f 103 73 65
f 74 65 78
f 66 74 103
f 73 79 78
f 79 73 103
f 78 103 74
f 79 87 78
f 78 87 103
f 88 87 79
f 103 88 79
f 87 88 98
f 98 155 87
f 87 155 103
f 88 97 98
f 97 88 103
f 98 97 112
f 113 97 103
f 97 113 112
f 112 155 98
f 120 113 103
f 155 120 103
f 112 113 121
f 121 155 112
f 113 120 129
f 113 129 121
f 120 130 129
f 155 130 120
f 155 121 129
f 130 135 129
f 155 129 135
f 130 133 135
f 155 133 130
f 155 135 133
f 135 133 136
f 133 135 155
f 136 133 137
f 137 133 155
f 155 135 136
f 136 137 143
f 155 136 143
f 137 142 149
f 142 137 155
f 143 137 149
f 149 142 148
f 148 142 155
f 155 143 149
f 152 149 148
f 152 148 160
f 154 148 155
f 159 148 154
f 148 159 160
f 155 149 152
f 152 233 155
f 152 160 233
f 233 154 155
f 233 159 154
f 159 169 160
f 159 171 169
f 233 171 159
f 160 169 233
f 171 175 169
f 175 233 169
f 171 177 175
f 233 177 171
f 175 177 233
f 248 241 246
f 246 241 260
f 241 248 260
f 246 270 248
f 246 260 272
f 295 270 246
f 246 272 301
f 246 301 295
f 260 248 272
f 272 248 270
f 272 270 301
f 286 270 295
f 301 270 286
f 295 287 286
f 286 287 327
f 301 286 327
f 287 295 321
f 306 287 321
f 408 287 306
f 327 287 392
f 392 287 408
f 295 301 327
f 311 315 295
f 311 295 425
f 315 326 295
f 321 295 322
f 322 295 326
f 425 295 327
f 309 306 321
f 306 309 438
f 408 306 439
f 439 306 438
f 313 309 321
f 309 313 437
f 438 309 437
f 329 315 311
f 329 311 425
f 314 313 321
f 313 314 436
f 437 313 436
f 318 314 319
f 314 318 435
f 319 314 321
f 436 314 435
f 326 315 329
f 318 319 430
f 435 318 430
f 319 321 407
f 319 407 429
f 319 429 430
f 321 322 407
f 326 329 322
f 322 329 382
f 389 322 382
f 407 322 389
f 392 425 327
f 382 329 425
f 425 389 382
f 407 389 425
f 392 408 425
f 411 407 425
f 429 407 411
f 439 425 408
f 411 425 427
f 427 429 411
f 427 425 439
f 427 435 429
f 427 436 435
f 427 437 436
f 438 437 427
f 438 427 439
f 435 430 429
f 589 581 587
f 587 581 620
f 581 589 620
f 589 587 620
f 518 519 520
f 518 521 519
f 518 520 581
f 589 521 518
f 518 581 587
f 589 518 587
f 519 521 520
f 520 521 581
f 521 589 581
f 587 581 589
f 4 9 5
f 5 28 4
f 29 9 4
f 4 28 29
f 28 5 9
f 39 28 9
f 9 29 38
f 103 9 38
f 39 9 103
f 28 39 29
f 29 39 38
f 39 49 38
f 45 38 49
f 103 38 45
f 48 39 44
f 44 39 103
f 48 49 39
f 103 48 44
f 45 49 103
f 48 55 49
f 48 56 55
f 103 56 48
f 49 55 103
f 55 56 61
f 55 61 103
f 103 61 56
f 176 179 177
f 233 176 177
f 176 178 179
f 233 178 176
f 177 179 233
f 178 184 179
f 178 186 184
f 233 186 178
f 179 184 233
f 186 192 184
f 190 184 192
f 184 190 233
f 186 189 192
f 233 189 186
f 191 192 189
f 233 191 189
f 355 190 192
f 233 190 355
f 192 191 198
f 191 196 198
f 191 233 196
f 355 192 198
f 198 196 204
f 196 205 204
f 233 205 196
f 355 198 204
f 204 205 216
f 207 204 216
f 355 204 207
f 215 205 208
f 233 208 205
f 205 215 216
f 216 355 207
f 208 355 215
f 233 355 208
f 215 219 216
f 215 218 219
f 215 355 218
f 219 355 216
f 218 227 219
f 218 355 227
f 227 355 219
f 334 335 336
f 343 335 334
f 334 336 339
f 339 343 334
f 336 335 338
f 344 338 335
f 343 344 335
f 336 338 371
f 336 371 339
f 358 338 344
f 358 370 338
f 371 338 370
f 339 490 343
f 371 381 339
f 339 381 409
f 490 339 409
f 359 344 343
f 343 490 359
f 359 358 344
f 359 361 358
f 358 361 362
f 362 370 358
f 490 361 359
f 361 391 362
f 361 477 391
f 490 477 361
f 380 370 362
f 362 391 380
f 371 370 376
f 376 370 377
f 380 377 370
f 371 376 381
f 381 376 377
f 380 383 377
f 383 381 377
f 380 409 383
f 391 390 380
f 390 400 380
f 400 422 380
f 484 409 380
f 380 422 431
f 431 484 380
f 381 383 409
f 391 396 390
f 390 396 395
f 395 400 390
f 468 396 391
f 468 391 477
f 396 398 395
f 395 398 400
f 398 396 468
f 398 418 400
f 398 468 418
f 400 418 422
f 484 501 409
f 510 490 409
f 510 409 501
f 422 418 423
f 423 418 428
f 428 418 468
f 422 423 431
f 423 428 431
f 431 428 455
f 428 456 455
f 428 468 456
f 431 455 484
f 455 456 461
f 484 455 461
f 456 460 461
f 456 468 460
f 461 460 476
f 460 468 476
f 484 461 476
f 476 468 477
f 477 484 476
f 477 501 484
f 477 490 503
f 477 503 501
f 503 490 510
f 501 503 509
f 508 501 509
f 501 508 510
f 509 503 510
f 509 514 508
f 508 513 510
f 508 514 513
f 509 510 514
f 510 513 514
f 951 946 932
f 932 946 955
f 932 954 951
f 932 963 954
f 932 955 962
f 932 962 966
f 932 966 963
f 951 955 946
f 954 955 951
f 954 963 955
f 955 963 962
f 963 967 962
f 962 967 966
f 963 966 970
f 963 970 967
f 966 967 970
f 620 587 589
f 589 587 650
f 620 635 587
f 650 587 635
f 589 637 620
f 637 589 650
f 620 637 635
f 635 637 647
f 647 650 635
f 637 641 647
f 650 641 637
f 641 646 647
f 650 646 641
f 650 647 646
f 944 940 932
f 932 940 945
f 947 944 932
f 932 945 946
f 932 946 951
f 952 947 932
f 932 951 954
f 966 952 932
f 932 954 963
f 932 963 966
f 945 940 944
f 944 953 945
f 947 953 944
f 945 953 946
f 946 953 951
f 947 952 953
f 953 954 951
f 966 953 952
f 953 964 954
f 966 964 953
f 954 964 963
f 964 971 963
f 963 970 966
f 963 973 970
f 971 973 963
f 966 971 964
f 970 973 966
f 966 973 971
f 658 652 653
f 653 652 672
f 657 652 658
f 672 652 657
f 653 672 658
f 658 664 657
f 664 663 657
f 772 657 663
f 772 672 657
f 664 658 772
f 772 658 672
f 664 677 663
f 772 663 677
f 664 678 677
f 664 772 678
f 678 686 677
f 772 677 686
f 678 685 686
f 678 772 685
f 685 701 686
f 685 702 701
f 685 772 702
f 772 686 701
f 701 702 713
f 772 701 713
f 713 702 712
f 772 712 702
f 712 722 713
f 712 721 722
f 772 721 712
f 722 772 713
f 722 721 743
f 743 721 742
f 772 742 721
f 743 772 722
f 743 742 772
f 729 720 730
f 759 720 729
f 758 730 720
f 837 758 720
f 837 720 759
f 729 730 758
f 759 729 758
f 759 758 774
f 774 758 773
f 773 758 788
f 788 758 837
f 787 759 774
f 787 837 759
f 788 774 773
f 787 774 788
f 787 788 816
f 817 787 816
f 787 817 837
f 816 788 837
f 817 816 825
f 825 816 837
f 824 817 825
f 837 817 824
f 837 824 825
f 960 935 941
f 968 941 935
f 976 935 960
f 968 935 983
f 983 935 976
f 960 941 968
f 976 960 968
f 983 976 968
