# https://github.com/mikedh/trimesh
v -0.26320861 0.02517787 -0.45914919 0.78431373 0.00000000 0.00000000
v -0.24500532 0.06009769 -0.46097598 0.78431373 0.00000000 0.00000000
v -0.21857050 0.11080823 -0.46362883 0.78431373 0.00000000 0.00000000
v -0.21536934 0.11694910 -0.46395009 0.78431373 0.00000000 0.00000000
v -0.18459853 0.17597748 -0.46703808 0.78431373 0.00000000 0.00000000
v -0.21487079 0.11726562 -0.46525885 0.78431373 0.00000000 0.00000000
v -0.21813991 0.11092528 -0.46506671 0.78431373 0.00000000 0.00000000
v -0.24392987 0.06090668 -0.46355092 0.78431373 0.00000000 0.00000000
v -0.21551999 0.11410855 -0.46257719 0.78431373 0.00000000 0.00000000
v -0.26143317 0.02695970 -0.46252218 0.78431373 0.00000000 0.00000000
v -0.24355363 0.06115978 -0.46437988 0.78431373 0.00000000 0.00000000
v -0.21736058 0.11126198 -0.46710136 0.78431373 0.00000000 0.00000000
v -0.21401632 0.11765891 -0.46744883 0.78431373 0.00000000 0.00000000
v -0.18816210 0.16711299 -0.47013510 0.78431373 0.00000000 0.00000000
v -0.21351340 0.11499914 -0.46770827 0.78431373 0.00000000 0.00000000
v -0.24209062 0.05774773 -0.45704263 0.78431373 0.00000000 0.00000000
v -0.25814037 0.02474218 -0.45425225 0.78431373 0.00000000 0.00000000
v -0.24101876 0.05706463 -0.45603118 0.78431373 0.00000000 0.00000000
v -0.23983360 0.06059414 -0.46520582 0.78431373 0.00000000 0.00000000
v -0.18152732 0.16937348 -0.46221230 0.78431373 0.00000000 0.00000000
v -0.25630589 0.02663714 -0.46363442 0.78431373 0.00000000 0.00000000
v -0.23702441 0.05993442 -0.46527086 0.78431373 0.00000000 0.00000000
v -0.25869086 0.00879067 -0.45875628 0.78431373 0.00000000 0.00000000
v -0.23278376 0.05502878 -0.45597696 0.78431373 0.00000000 0.00000000
v -0.17692692 0.16371709 -0.47037140 0.78431373 0.00000000 0.00000000
v -0.23879933 0.04160901 -0.45524516 0.78431373 0.00000000 0.00000000
v -0.16728610 0.17626926 -0.46363996 0.78431373 0.00000000 0.00000000
v -0.22936584 0.05410511 -0.45576542 0.78431373 0.00000000 0.00000000
v -0.25332418 0.00931197 -0.46410472 0.78431373 0.00000000 0.00000000
v -0.16200833 0.18294170 -0.47087645 0.78431373 0.00000000 0.00000000
v -0.22766440 0.05363662 -0.45563924 0.78431373 0.00000000 0.00000000
v -0.22611731 0.05693155 -0.46446294 0.78431373 0.00000000 0.00000000
v -0.25216616 0.00493228 -0.45438327 0.78431373 0.00000000 0.00000000
v -0.25340404 -0.00777907 -0.45965233 0.78431373 0.00000000 0.00000000
v -0.21721445 0.05980660 -0.46422629 0.78431373 0.00000000 0.00000000
v -0.21364453 0.05816764 -0.45527767 0.78431373 0.00000000 0.00000000
v -0.14849935 0.18160025 -0.46586660 0.78431373 0.00000000 0.00000000
v -0.14471509 0.18836394 -0.47130557 0.78431373 0.00000000 0.00000000
v -0.24795713 -0.01262109 -0.45602307 0.78431373 0.00000000 0.00000000
v -0.15853639 0.15713651 -0.46911760 0.78431373 0.00000000 0.00000000
v -0.24659739 -0.01125771 -0.46541269 0.78431373 0.00000000 0.00000000
v -0.14069855 0.18986947 -0.47324602 0.78431373 0.00000000 0.00000000
v -0.14033475 0.18985335 -0.47228153 0.78431373 0.00000000 0.00000000
v -0.14063081 0.18869259 -0.47360815 0.78431373 0.00000000 0.00000000
v -0.14054684 0.18729451 -0.47402900 0.78431373 0.00000000 0.00000000
v -0.13944183 0.18847355 -0.47053273 0.78431373 0.00000000 0.00000000
v -0.14052865 0.18644377 -0.47437300 0.78431373 0.00000000 0.00000000
v -0.24888190 -0.02243544 -0.46041754 0.78431373 0.00000000 0.00000000
v -0.21521728 0.03950817 -0.45385122 0.78431373 0.00000000 0.00000000
v -0.20740569 0.05428005 -0.45463961 0.78431373 0.00000000 0.00000000
v -0.14052131 0.18574907 -0.47467398 0.78431373 0.00000000 0.00000000
v -0.15635276 0.15082208 -0.45979213 0.78431373 0.00000000 0.00000000
v -0.20658872 0.05377303 -0.45452598 0.78431373 0.00000000 0.00000000
v -0.22432853 0.01835934 -0.45150725 0.78431373 0.00000000 0.00000000
v -0.14036633 0.18270931 -0.47566269 0.78431373 0.00000000 0.00000000
v -0.13763465 0.18513820 -0.46724382 0.78431373 0.00000000 0.00000000
v -0.13761236 0.18506782 -0.46721675 0.78431373 0.00000000 0.00000000
v -0.14029351 0.18186646 -0.47594335 0.78431373 0.00000000 0.00000000
v -0.13741315 0.18412021 -0.46712184 0.78431373 0.00000000 0.00000000
v -0.13735479 0.18388685 -0.46709927 0.78431373 0.00000000 0.00000000
v -0.20410548 0.05222535 -0.45427638 0.78431373 0.00000000 0.00000000
v -0.13133051 0.19291500 -0.47428771 0.78431373 0.00000000 0.00000000
v -0.13663883 0.18038949 -0.46717770 0.78431373 0.00000000 0.00000000
v -0.13902502 0.17714426 -0.47525712 0.78431373 0.00000000 0.00000000
v -0.13901738 0.17711187 -0.47525234 0.78431373 0.00000000 0.00000000
v -0.20225572 0.05048482 -0.46270519 0.78431373 0.00000000 0.00000000
v -0.15418000 0.14041587 -0.45862438 0.78431373 0.00000000 0.00000000
v -0.24260339 -0.02608591 -0.46599628 0.78431373 0.00000000 0.00000000
v -0.13810836 0.17375615 -0.47446667 0.78431373 0.00000000 0.00000000
v -0.13789100 0.17301422 -0.47425245 0.78431373 0.00000000 0.00000000
v -0.13507309 0.17505480 -0.46605409 0.78431373 0.00000000 0.00000000
v -0.13731802 0.17105657 -0.47368852 0.78431373 0.00000000 0.00000000
v -0.12657050 0.18874110 -0.46864632 0.78431373 0.00000000 0.00000000
v -0.13676822 0.16913171 -0.47316765 0.78431373 0.00000000 0.00000000
v -0.15184193 0.13862924 -0.46690412 0.78431373 0.00000000 0.00000000
v -0.13387728 0.17087822 -0.46525323 0.78431373 0.00000000 0.00000000
v -0.24368841 -0.03870499 -0.46124952 0.78431373 0.00000000 0.00000000
v -0.24322163 -0.04026992 -0.46133291 0.78431373 0.00000000 0.00000000
v -0.13566707 0.16527790 -0.47212384 0.78431373 0.00000000 0.00000000
v -0.13122684 0.17218526 -0.47419864 0.78431373 0.00000000 0.00000000
v -0.24139157 -0.03940374 -0.46338090 0.78431373 0.00000000 0.00000000
v -0.19550694 0.04682990 -0.46206264 0.78431373 0.00000000 0.00000000
v -0.23935589 -0.03789665 -0.45675469 0.78431373 0.00000000 0.00000000
v -0.13495378 0.16238925 -0.47161876 0.78431373 0.00000000 0.00000000
v -0.11651544 0.19763142 -0.47595056 0.78431373 0.00000000 0.00000000
v -0.11646988 0.19749943 -0.47599797 0.78431373 0.00000000 0.00000000
v -0.11607422 0.19728015 -0.47546631 0.78431373 0.00000000 0.00000000
v -0.23926527 -0.04073730 -0.45764257 0.78431373 0.00000000 0.00000000
v -0.11613821 0.19634199 -0.47654299 0.78431373 0.00000000 0.00000000
v -0.11508118 0.19808802 -0.47611154 0.78431373 0.00000000 0.00000000
v -0.23845554 -0.03798323 -0.46677367 0.78431373 0.00000000 0.00000000
v -0.23835913 -0.03795925 -0.46680644 0.78431373 0.00000000 0.00000000
v -0.23845194 -0.04082654 -0.45690765 0.78431373 0.00000000 0.00000000
v -0.11588031 0.19538812 -0.47702161 0.78431373 0.00000000 0.00000000
v -0.23662160 -0.04059308 -0.45676045 0.78431373 0.00000000 0.00000000
v -0.23755317 -0.04057147 -0.46694279 0.78431373 0.00000000 0.00000000
v -0.23544257 -0.03984716 -0.45662150 0.78431373 0.00000000 0.00000000
v -0.13356574 0.15631617 -0.47083298 0.78431373 0.00000000 0.00000000
v -0.13081450 0.15884355 -0.46292367 0.78431373 0.00000000 0.00000000
v -0.13075159 0.15852708 -0.46290603 0.78431373 0.00000000 0.00000000
v -0.23430338 -0.03743648 -0.46649919 0.78431373 0.00000000 0.00000000
v -0.13058338 0.15776663 -0.46282148 0.78431373 0.00000000 0.00000000
v -0.13057900 0.15774717 -0.46281914 0.78431373 0.00000000 0.00000000
v -0.19028591 0.04400512 -0.46153343 0.78431373 0.00000000 0.00000000
v -0.19010174 0.04398660 -0.46152128 0.78431373 0.00000000 0.00000000
v -0.19016838 0.04382176 -0.46151190 0.78431373 0.00000000 0.00000000
v -0.12871600 0.15913972 -0.46315362 0.78431373 0.00000000 0.00000000
v -0.11143462 0.19347324 -0.47048923 0.78431373 0.00000000 0.00000000
v -0.11139435 0.19341843 -0.47046818 0.78431373 0.00000000 0.00000000
v -0.11407952 0.18994582 -0.47912408 0.78431373 0.00000000 0.00000000
v -0.19975442 0.02010893 -0.46016322 0.78431373 0.00000000 0.00000000
v -0.23880818 -0.05506664 -0.46212143 0.78431373 0.00000000 0.00000000
v -0.18535513 0.04206899 -0.45251181 0.78431373 0.00000000 0.00000000
v -0.12763145 0.15382441 -0.46250772 0.78431373 0.00000000 0.00000000
v -0.11209532 0.18662439 -0.47871861 0.78431373 0.00000000 0.00000000
v -0.18490167 0.04202391 -0.45248488 0.78431373 0.00000000 0.00000000
v -0.10924965 0.18965338 -0.47020792 0.78431373 0.00000000 0.00000000
v -0.18504115 0.04157722 -0.45245701 0.78431373 0.00000000 0.00000000
v -0.18733473 0.03938367 -0.46101709 0.78431373 0.00000000 0.00000000
v -0.18471444 0.04345023 -0.46119724 0.78431373 0.00000000 0.00000000
v -0.21501558 -0.01668982 -0.45351591 0.78431373 0.00000000 0.00000000
v -0.22325217 -0.03043476 -0.46525665 0.78431373 0.00000000 0.00000000
v -0.18784289 0.03260412 -0.45189710 0.78431373 0.00000000 0.00000000
v -0.18390758 0.03980205 -0.45225873 0.78431373 0.00000000 0.00000000
v -0.18280677 0.04181550 -0.45235988 0.78431373 0.00000000 0.00000000
v -0.10810878 0.18739101 -0.47033359 0.78431373 0.00000000 0.00000000
v -0.10805762 0.18731032 -0.47031810 0.78431373 0.00000000 0.00000000
v -0.10054915 0.20266840 -0.47792993 0.78431373 0.00000000 0.00000000
v -0.18300783 0.03838091 -0.45211846 0.78431373 0.00000000 0.00000000
v -0.12726853 0.14799726 -0.47007970 0.78431373 0.00000000 0.00000000
v -0.13733610 0.12498424 -0.45653833 0.78431373 0.00000000 0.00000000
v -0.19499531 0.01356304 -0.44975642 0.78431373 0.00000000 0.00000000
v -0.21801559 -0.02881594 -0.45460284 0.78431373 0.00000000 0.00000000
v -0.18033502 0.04157431 -0.45224083 0.78431373 0.00000000 0.00000000
v -0.23355901 -0.05539941 -0.46752654 0.78431373 0.00000000 0.00000000
v -0.12454442 0.14964768 -0.46227888 0.78431373 0.00000000 0.00000000
v -0.12451162 0.14955434 -0.46227064 0.78431373 0.00000000 0.00000000
v -0.18426088 0.03457790 -0.46046832 0.78431373 0.00000000 0.00000000
v -0.09989682 0.19708047 -0.47189405 0.78431373 0.00000000 0.00000000
v -0.10868795 0.18136471 -0.47757045 0.78431373 0.00000000 0.00000000
v -0.12602708 0.14635388 -0.46993601 0.78431373 0.00000000 0.00000000
v -0.12580524 0.14609378 -0.46986253 0.78431373 0.00000000 0.00000000
v -0.10834543 0.18086022 -0.47743037 0.78431373 0.00000000 0.00000000
v -0.10803977 0.18012385 -0.47722033 0.78431373 0.00000000 0.00000000
v -0.23557737 -0.06553678 -0.46266814 0.78431373 0.00000000 0.00000000
v -0.10775018 0.17942583 -0.47702172 0.78431373 0.00000000 0.00000000
v -0.10770096 0.17934529 -0.47695105 0.78431373 0.00000000 0.00000000
v -0.21191623 -0.02384609 -0.45381614 0.78431373 0.00000000 0.00000000
v -0.12419951 0.14407433 -0.46952548 0.78431373 0.00000000 0.00000000
v -0.20976399 -0.02209411 -0.45353214 0.78431373 0.00000000 0.00000000
v -0.23406863 -0.06544518 -0.46427242 0.78431373 0.00000000 0.00000000
v -0.20949012 -0.01920914 -0.46352715 0.78431373 0.00000000 0.00000000
v -0.17983033 0.03340190 -0.45156699 0.78431373 0.00000000 0.00000000
v -0.12252908 0.14427179 -0.46119874 0.78431373 0.00000000 0.00000000
v -0.17572246 0.04255168 -0.46063646 0.78431373 0.00000000 0.00000000
v -0.10473651 0.17876494 -0.46856294 0.78431373 0.00000000 0.00000000
v -0.13311285 0.12353331 -0.46474489 0.78431373 0.00000000 0.00000000
v -0.23428563 -0.06972292 -0.46288673 0.78431373 0.00000000 0.00000000
v -0.10623297 0.17575632 -0.47599305 0.78431373 0.00000000 0.00000000
v -0.17872995 0.03174616 -0.45127939 0.78431373 0.00000000 0.00000000
v -0.23200157 -0.06534090 -0.46631573 0.78431373 0.00000000 0.00000000
v -0.23079915 -0.06651433 -0.45850526 0.78431373 0.00000000 0.00000000
v -0.23058085 -0.06394126 -0.46808464 0.78431373 0.00000000 0.00000000
v -0.23038250 -0.06381151 -0.46815594 0.78431373 0.00000000 0.00000000
v -0.23050829 -0.06657383 -0.45825189 0.78431373 0.00000000 0.00000000
v -0.23031167 -0.06721110 -0.45828516 0.78431373 0.00000000 0.00000000
v -0.17995170 0.02782123 -0.45972658 0.78431373 0.00000000 0.00000000
v -0.23014406 -0.06519405 -0.46816649 0.78431373 0.00000000 0.00000000
v -0.22995487 -0.06519745 -0.46822829 0.78431373 0.00000000 0.00000000
v -0.22880422 -0.06673382 -0.45814281 0.78431373 0.00000000 0.00000000
v -0.22842204 -0.06676240 -0.45811781 0.78431373 0.00000000 0.00000000
v -0.16990789 0.04054166 -0.45164678 0.78431373 0.00000000 0.00000000
v -0.12121006 0.13604920 -0.46800443 0.78431373 0.00000000 0.00000000
v -0.08472800 0.20757425 -0.47998958 0.78431373 0.00000000 0.00000000
v -0.10399149 0.16979196 -0.47499908 0.78431373 0.00000000 0.00000000
v -0.12148875 0.13253752 -0.45866269 0.78431373 0.00000000 0.00000000
v -0.10374305 0.16934106 -0.47492896 0.78431373 0.00000000 0.00000000
v -0.09683171 0.18279326 -0.47833467 0.78431373 0.00000000 0.00000000
v -0.22850860 -0.06988481 -0.46847298 0.78431373 0.00000000 0.00000000
v -0.10143719 0.17013489 -0.46695556 0.78431373 0.00000000 0.00000000
v -0.22559447 -0.06552073 -0.46796232 0.78431373 0.00000000 0.00000000
v -0.20061759 -0.02050992 -0.46303267 0.78431373 0.00000000 0.00000000
v -0.22164004 -0.05959873 -0.46726938 0.78431373 0.00000000 0.00000000
v -0.11850419 0.13353322 -0.45904511 0.78431373 0.00000000 0.00000000
v -0.11849331 0.13350089 -0.45904456 0.78431373 0.00000000 0.00000000
v -0.11844013 0.13335799 -0.45901774 0.78431373 0.00000000 0.00000000
v -0.10045721 0.16837865 -0.46664611 0.78431373 0.00000000 0.00000000
v -0.11968596 0.13196248 -0.46722141 0.78431373 0.00000000 0.00000000
v -0.10035138 0.16816986 -0.46664084 0.78431373 0.00000000 0.00000000
v -0.16620012 0.04160458 -0.46006954 0.78431373 0.00000000 0.00000000
v -0.10015333 0.16783721 -0.46654553 0.78431373 0.00000000 0.00000000
v -0.10009690 0.16773093 -0.46653529 0.78431373 0.00000000 0.00000000
v -0.09948129 0.16804185 -0.46662534 0.78431373 0.00000000 0.00000000
v -0.11888468 0.13096590 -0.46705281 0.78431373 0.00000000 0.00000000
v -0.11763161 0.13100732 -0.45889418 0.78431373 0.00000000 0.00000000
v -0.11760886 0.13097812 -0.45889384 0.78431373 0.00000000 0.00000000
v -0.17130492 0.02612032 -0.45009994 0.78431373 0.00000000 0.00000000
v -0.19763294 -0.02389287 -0.45278673 0.78431373 0.00000000 0.00000000
v -0.12492005 0.11478103 -0.46379219 0.78431373 0.00000000 0.00000000
v -0.10635422 0.15167025 -0.47207264 0.78431373 0.00000000 0.00000000
v -0.22976327 -0.08437987 -0.46365188 0.78431373 0.00000000 0.00000000
v -0.19599128 -0.02118817 -0.46277485 0.78431373 0.00000000 0.00000000
v -0.16419174 0.03495899 -0.45092269 0.78431373 0.00000000 0.00000000
v -0.19264783 -0.01618115 -0.46218897 0.78431373 0.00000000 0.00000000
v -0.15925455 0.04397662 -0.45139643 0.78431373 0.00000000 0.00000000
v -0.11649273 0.12796170 -0.46669378 0.78431373 0.00000000 0.00000000
v -0.12318656 0.10985373 -0.45485729 0.78431373 0.00000000 0.00000000
v -0.21215330 -0.05874206 -0.45636890 0.78431373 0.00000000 0.00000000
v -0.11551180 0.12673458 -0.46652244 0.78431373 0.00000000 0.00000000
v -0.15594097 0.04504675 -0.45120722 0.78431373 0.00000000 0.00000000
v -0.07437351 0.20509027 -0.47501377 0.78431373 0.00000000 0.00000000
v -0.09824794 0.15906066 -0.47382998 0.78431373 0.00000000 0.00000000
v -0.11425510 0.12511950 -0.46651506 0.78431373 0.00000000 0.00000000
v -0.07013957 0.21222090 -0.48139506 0.78431373 0.00000000 0.00000000
v -0.21482410 -0.06632013 -0.46729924 0.78431373 0.00000000 0.00000000
v -0.15477549 0.04528888 -0.45975897 0.78431373 0.00000000 0.00000000
v -0.22451468 -0.08471293 -0.46905665 0.78431373 0.00000000 0.00000000
v -0.09529541 0.15855352 -0.46586132 0.78431373 0.00000000 0.00000000
v -0.16808859 0.01850685 -0.45839661 0.78431373 0.00000000 0.00000000
v -0.16606542 0.01939208 -0.44888911 0.78431373 0.00000000 0.00000000
v -0.09500111 0.15803135 -0.46576069 0.78431373 0.00000000 0.00000000
v -0.15203485 0.04630741 -0.45103832 0.78431373 0.00000000 0.00000000
v -0.18912000 -0.02219672 -0.46238788 0.78431373 0.00000000 0.00000000
v -0.20501819 -0.05159133 -0.46557775 0.78431373 0.00000000 0.00000000
v -0.21228284 -0.06797062 -0.45705287 0.78431373 0.00000000 0.00000000
v -0.18864098 -0.02228461 -0.46236217 0.78431373 0.00000000 0.00000000
v -0.09622620 0.15527127 -0.47343604 0.78431373 0.00000000 0.00000000
v -0.09610842 0.15510676 -0.47333039 0.78431373 0.00000000 0.00000000
v -0.09601958 0.15492477 -0.47333583 0.78431373 0.00000000 0.00000000
v -0.22322733 -0.08945496 -0.45938761 0.78431373 0.00000000 0.00000000
v -0.16639664 0.01628304 -0.45813828 0.78431373 0.00000000 0.00000000
v -0.22457985 -0.09490051 -0.46235446 0.78431373 0.00000000 0.00000000
v -0.22591264 -0.09728580 -0.46432152 0.78431373 0.00000000 0.00000000
v -0.11074910 0.12071638 -0.46598743 0.78431373 0.00000000 0.00000000
v -0.22394169 -0.09482666 -0.46175540 0.78431373 0.00000000 0.00000000
v -0.22469635 -0.09612300 -0.46589674 0.78431373 0.00000000 0.00000000
v -0.11014245 0.11998964 -0.46572271 0.78431373 0.00000000 0.00000000
v -0.10893344 0.12008398 -0.45758260 0.78431373 0.00000000 0.00000000
v -0.22381311 -0.09525298 -0.46695548 0.78431373 0.00000000 0.00000000
v -0.09411045 0.15153847 -0.47268139 0.78431373 0.00000000 0.00000000
v -0.20161790 -0.05670631 -0.45547036 0.78431373 0.00000000 0.00000000
v -0.22172743 -0.09457030 -0.45967544 0.78431373 0.00000000 0.00000000
v -0.22171500 -0.09456761 -0.45964861 0.78431373 0.00000000 0.00000000
v -0.10846652 0.11787523 -0.45723058 0.78431373 0.00000000 0.00000000
v -0.22477555 -0.10109691 -0.46451927 0.78431373 0.00000000 0.00000000
v -0.14341657 0.04775367 -0.45055036 0.78431373 0.00000000 0.00000000
v -0.22081808 -0.09537055 -0.46974193 0.78431373 0.00000000 0.00000000
v -0.19798939 -0.05600262 -0.45516523 0.78431373 0.00000000 0.00000000
v -0.22066842 -0.09536888 -0.46979017 0.78431373 0.00000000 0.00000000
v -0.20524414 -0.06703119 -0.46670934 0.78431373 0.00000000 0.00000000
v -0.16060852 0.01238003 -0.44764008 0.78431373 0.00000000 0.00000000
v -0.20267817 -0.06610963 -0.45623258 0.78431373 0.00000000 0.00000000
v -0.10759820 0.11368947 -0.45647597 0.78431373 0.00000000 0.00000000
v -0.05691348 0.21640196 -0.48329513 0.78431373 0.00000000 0.00000000
v -0.09019375 0.14821108 -0.46382878 0.78431373 0.00000000 0.00000000
v -0.18817051 -0.03774758 -0.46344893 0.78431373 0.00000000 0.00000000
v -0.19401886 -0.04943876 -0.46468586 0.78431373 0.00000000 0.00000000
v -0.14017734 0.04829678 -0.45037437 0.78431373 0.00000000 0.00000000
v -0.11396383 0.10022624 -0.46185261 0.78431373 0.00000000 0.00000000
v -0.10634057 0.11522479 -0.46510197 0.78431373 0.00000000 0.00000000
v -0.11571812 0.09422506 -0.45259431 0.78431373 0.00000000 0.00000000
v -0.09115053 0.14545383 -0.47155149 0.78431373 0.00000000 0.00000000
v -0.06772944 0.19195720 -0.48189148 0.78431373 0.00000000 0.00000000
v -0.18394445 -0.03558210 -0.45265338 0.78431373 0.00000000 0.00000000
v -0.19660182 -0.05920646 -0.45529965 0.78431373 0.00000000 0.00000000
v -0.18273660 -0.03127850 -0.46261740 0.78431373 0.00000000 0.00000000
v -0.21948923 -0.09920177 -0.46998828 0.78431373 0.00000000 0.00000000
v -0.19377534 -0.05519115 -0.45480105 0.78431373 0.00000000 0.00000000
v -0.08997527 0.14267267 -0.46268015 0.78431373 0.00000000 0.00000000
v -0.21445290 -0.09424917 -0.45912651 0.78431373 0.00000000 0.00000000
v -0.10664441 0.10857749 -0.45498927 0.78431373 0.00000000 0.00000000
v -0.10658950 0.10831991 -0.45495062 0.78431373 0.00000000 0.00000000
v -0.10643323 0.10856120 -0.45499095 0.78431373 0.00000000 0.00000000
v -0.21900547 -0.10385340 -0.46019778 0.78431373 0.00000000 0.00000000
v -0.17697927 -0.02442494 -0.46173437 0.78431373 0.00000000 0.00000000
v -0.17728049 -0.02766064 -0.45159109 0.78431373 0.00000000 0.00000000
v -0.08799423 0.14371189 -0.46295439 0.78431373 0.00000000 0.00000000
v -0.21480445 -0.09511263 -0.46937910 0.78431373 0.00000000 0.00000000
v -0.08786259 0.14341013 -0.46295261 0.78431373 0.00000000 0.00000000
v -0.08775912 0.14319173 -0.46292200 0.78431373 0.00000000 0.00000000
v -0.07053851 0.17736632 -0.47022454 0.78431373 0.00000000 0.00000000
v -0.09671370 0.12659496 -0.46816167 0.78431373 0.00000000 0.00000000
v -0.05278402 0.21193168 -0.47766893 0.78431373 0.00000000 0.00000000
v -0.15414064 0.01215751 -0.44724201 0.78431373 0.00000000 0.00000000
v -0.08893936 0.14079200 -0.47088862 0.78431373 0.00000000 0.00000000
v -0.13606188 0.04840794 -0.45902669 0.78431373 0.00000000 0.00000000
v -0.08708259 0.14179719 -0.46266968 0.78431373 0.00000000 0.00000000
v -0.08703858 0.14169864 -0.46266545 0.78431373 0.00000000 0.00000000
v -0.13020875 0.05588790 -0.45031365 0.78431373 0.00000000 0.00000000
v -0.13135731 0.05315899 -0.45017001 0.78431373 0.00000000 0.00000000
v -0.10462212 0.10702381 -0.46371452 0.78431373 0.00000000 0.00000000
v -0.21204308 -0.09499222 -0.46918873 0.78431373 0.00000000 0.00000000
v -0.15582875 0.00575965 -0.44778769 0.78431373 0.00000000 0.00000000
v -0.19391117 -0.06441203 -0.45550989 0.78431373 0.00000000 0.00000000
v -0.10536267 0.10288729 -0.45450016 0.78431373 0.00000000 0.00000000
v -0.08601770 0.14057672 -0.46266594 0.78431373 0.00000000 0.00000000
v -0.19424489 -0.06490203 -0.46581912 0.78431373 0.00000000 0.00000000
v -0.10471213 0.10067605 -0.45433139 0.78431373 0.00000000 0.00000000
v -0.15677552 0.00297068 -0.45839987 0.78431373 0.00000000 0.00000000
v -0.19111800 -0.06288404 -0.45520517 0.78431373 0.00000000 0.00000000
v -0.10399548 0.10401069 -0.46317963 0.78431373 0.00000000 0.00000000
v -0.14139711 0.02930501 -0.44891447 0.78431373 0.00000000 0.00000000
v -0.10393695 0.10379785 -0.46314271 0.78431373 0.00000000 0.00000000
v -0.21983246 -0.11561740 -0.46523413 0.78431373 0.00000000 0.00000000
v -0.10355841 0.10250117 -0.46302885 0.78431373 0.00000000 0.00000000
v -0.15589000 0.00132867 -0.45845282 0.78431373 0.00000000 0.00000000
v -0.10373989 0.09726232 -0.45390854 0.78431373 0.00000000 0.00000000
v -0.15318231 0.00209681 -0.44786241 0.78431373 0.00000000 0.00000000
v -0.20526967 -0.09384712 -0.45847371 0.78431373 0.00000000 0.00000000
v -0.08479161 0.13640839 -0.47041108 0.78431373 0.00000000 0.00000000
v -0.16769254 -0.02661408 -0.45082109 0.78431373 0.00000000 0.00000000
v -0.04109209 0.22138340 -0.48524704 0.78431373 0.00000000 0.00000000
v -0.10327964 0.09554601 -0.45355131 0.78431373 0.00000000 0.00000000
v -0.06998116 0.16312463 -0.47651846 0.78431373 0.00000000 0.00000000
v -0.10237128 0.09820321 -0.46230946 0.78431373 0.00000000 0.00000000
v -0.10297634 0.09442002 -0.45332386 0.78431373 0.00000000 0.00000000
v -0.10281623 0.09382339 -0.45320028 0.78431373 0.00000000 0.00000000
v -0.16360820 -0.02203396 -0.45019015 0.78431373 0.00000000 0.00000000
v -0.16341155 -0.02181319 -0.45015904 0.78431373 0.00000000 0.00000000
v -0.16297558 -0.02132647 -0.45009788 0.78431373 0.00000000 0.00000000
v -0.12351554 0.05528327 -0.45890255 0.78431373 0.00000000 0.00000000
v -0.16317417 -0.02207908 -0.45016207 0.78431373 0.00000000 0.00000000
v -0.10314384 0.09169516 -0.45271104 0.78431373 0.00000000 0.00000000
v -0.12222679 0.05598850 -0.45889385 0.78431373 0.00000000 0.00000000
v -0.11820693 0.06037722 -0.44999170 0.78431373 0.00000000 0.00000000
v -0.04605660 0.20261914 -0.47719757 0.78431373 0.00000000 0.00000000
v -0.08147252 0.13292562 -0.46996009 0.78431373 0.00000000 0.00000000
v -0.17928536 -0.05641057 -0.45389747 0.78431373 0.00000000 0.00000000
v -0.07948028 0.13367091 -0.46190398 0.78431373 0.00000000 0.00000000
v -0.18048244 -0.05737445 -0.46435373 0.78431373 0.00000000 0.00000000
v -0.11504369 0.06150864 -0.44990292 0.78431373 0.00000000 0.00000000
v -0.21351020 -0.12230523 -0.46106461 0.78431373 0.00000000 0.00000000
v -0.16077958 -0.02263040 -0.46051686 0.78431373 0.00000000 0.00000000
v -0.21345768 -0.11999149 -0.47084017 0.78431373 0.00000000 0.00000000
v -0.10460584 0.08058870 -0.45080673 0.78431373 0.00000000 0.00000000
v -0.14212153 0.00846878 -0.44665935 0.78431373 0.00000000 0.00000000
v -0.08014301 0.13146112 -0.46997007 0.78431373 0.00000000 0.00000000
v -0.21656939 -0.12805127 -0.46562362 0.78431373 0.00000000 0.00000000
v -0.14711052 -0.00183718 -0.44773020 0.78431373 0.00000000 0.00000000
v -0.10012043 0.09003658 -0.46091802 0.78431373 0.00000000 0.00000000
v -0.14898051 -0.00569538 -0.44811532 0.78431373 0.00000000 0.00000000
v -0.09847200 0.09075521 -0.45275441 0.78431373 0.00000000 0.00000000
v -0.07946433 0.13080266 -0.46973045 0.78431373 0.00000000 0.00000000
v -0.09584266 0.09706389 -0.46256675 0.78431373 0.00000000 0.00000000
v -0.10067036 0.08618621 -0.46014496 0.78431373 0.00000000 0.00000000
v -0.10513474 0.07504255 -0.45038271 0.78431373 0.00000000 0.00000000
v -0.13804872 0.01379163 -0.45647571 0.78431373 0.00000000 0.00000000
v -0.13841237 0.01307345 -0.45643952 0.78431373 0.00000000 0.00000000
v -0.13831987 0.01035006 -0.44626159 0.78431373 0.00000000 0.00000000
v -0.07672905 0.13079246 -0.46150696 0.78431373 0.00000000 0.00000000
v -0.14056482 0.00862890 -0.45689513 0.78431373 0.00000000 0.00000000
v -0.10528461 0.07343414 -0.45026896 0.78431373 0.00000000 0.00000000
v -0.10531871 0.07305125 -0.45024601 0.78431373 0.00000000 0.00000000
v -0.06548556 0.15122118 -0.46583845 0.78431373 0.00000000 0.00000000
v -0.14555218 -0.00493932 -0.44783842 0.78431373 0.00000000 0.00000000
v -0.14968147 -0.01020946 -0.45887195 0.78431373 0.00000000 0.00000000
v -0.10202325 0.07741949 -0.45039129 0.78431373 0.00000000 0.00000000
v -0.11909647 0.04560821 -0.45724248 0.78431373 0.00000000 0.00000000
v -0.09694278 0.08776309 -0.46071596 0.78431373 0.00000000 0.00000000
v -0.11061272 0.06025777 -0.45822484 0.78431373 0.00000000 0.00000000
v -0.07639047 0.12756679 -0.46934143 0.78431373 0.00000000 0.00000000
v -0.16968098 -0.05146642 -0.46320350 0.78431373 0.00000000 0.00000000
v -0.10159696 0.07626888 -0.45943695 0.78431373 0.00000000 0.00000000
v -0.16951077 -0.05142484 -0.46318910 0.78431373 0.00000000 0.00000000
v -0.10154455 0.07591650 -0.45927488 0.78431373 0.00000000 0.00000000
v -0.02575454 0.22567005 -0.48643371 0.78431373 0.00000000 0.00000000
v -0.09752255 0.08286161 -0.45974060 0.78431373 0.00000000 0.00000000
v -0.13161617 0.01716792 -0.45640066 0.78431373 0.00000000 0.00000000
v -0.10127195 0.07533695 -0.45935052 0.78431373 0.00000000 0.00000000
v -0.10847813 0.06087493 -0.45860080 0.78431373 0.00000000 0.00000000
v -0.13045456 0.01774099 -0.45627368 0.78431373 0.00000000 0.00000000
v -0.05083894 0.17224702 -0.47132504 0.78431373 0.00000000 0.00000000
v -0.04357603 0.18624481 -0.47362095 0.78431373 0.00000000 0.00000000
v -0.18796025 -0.09167105 -0.45714395 0.78431373 0.00000000 0.00000000
v -0.12977372 0.01813694 -0.45638524 0.78431373 0.00000000 0.00000000
v -0.13262738 0.01240995 -0.45608835 0.78431373 0.00000000 0.00000000
v -0.14391217 -0.00893148 -0.45839206 0.78431373 0.00000000 0.00000000
v -0.14779756 -0.01627941 -0.45918524 0.78431373 0.00000000 0.00000000
v -0.12866098 0.01870806 -0.45633222 0.78431373 0.00000000 0.00000000
v -0.10279596 0.06598235 -0.44969596 0.78431373 0.00000000 0.00000000
v -0.10280537 0.06584303 -0.44968749 0.78431373 0.00000000 0.00000000
v -0.10275353 0.06586176 -0.44968547 0.78431373 0.00000000 0.00000000
v -0.16591748 -0.05054721 -0.46288430 0.78431373 0.00000000 0.00000000
v -0.16777757 -0.05406495 -0.46326402 0.78431373 0.00000000 0.00000000
v -0.02531554 0.21891967 -0.48017393 0.78431373 0.00000000 0.00000000
v -0.21247180 -0.13888758 -0.46688994 0.78431373 0.00000000 0.00000000
v -0.20894760 -0.13435475 -0.46212160 0.78431373 0.00000000 0.00000000
v -0.07299098 0.12400288 -0.46887070 0.78431373 0.00000000 0.00000000
v -0.09252033 0.08461451 -0.46036880 0.78431373 0.00000000 0.00000000
v -0.12587190 0.02016913 -0.45629084 0.78431373 0.00000000 0.00000000
v -0.10318864 0.06291811 -0.45800184 0.78431373 0.00000000 0.00000000
v -0.13610391 -0.00283726 -0.44703009 0.78431373 0.00000000 0.00000000
v -0.09008732 0.08477987 -0.45212105 0.78431373 0.00000000 0.00000000
v -0.02494294 0.21741840 -0.48993967 0.78431373 0.00000000 0.00000000
v -0.21043664 -0.13911108 -0.47088713 0.78431373 0.00000000 0.00000000
v -0.12424123 0.01790241 -0.44660156 0.78431373 0.00000000 0.00000000
v -0.14633257 -0.02099775 -0.45942588 0.78431373 0.00000000 0.00000000
v -0.06487818 0.13594379 -0.47163597 0.78431373 0.00000000 0.00000000
v -0.07151324 0.12013508 -0.45957121 0.78431373 0.00000000 0.00000000
v -0.09095207 0.08347438 -0.46034593 0.78431373 0.00000000 0.00000000
v -0.09882892 0.06766208 -0.45820995 0.78431373 0.00000000 0.00000000
v -0.08910897 0.08406297 -0.45213069 0.78431373 0.00000000 0.00000000
v -0.10017481 0.06394024 -0.45808361 0.78431373 0.00000000 0.00000000
v -0.06919206 0.12313986 -0.46046404 0.78431373 0.00000000 0.00000000
v -0.02049295 0.22098268 -0.48285107 0.78431373 0.00000000 0.00000000
v -0.12241952 0.01887797 -0.44664035 0.78431373 0.00000000 0.00000000
v -0.18314089 -0.09136029 -0.46702146 0.78431373 0.00000000 0.00000000
v -0.09844842 0.06668152 -0.45818975 0.78431373 0.00000000 0.00000000
v -0.09565769 0.07111281 -0.45836133 0.78431373 0.00000000 0.00000000
v -0.15953027 -0.05159796 -0.45217350 0.78431373 0.00000000 0.00000000
v -0.20617607 -0.13591327 -0.47208531 0.78431373 0.00000000 0.00000000
v -0.08484386 0.08801328 -0.45288093 0.78431373 0.00000000 0.00000000
v -0.09778714 0.06479323 -0.45801966 0.78431373 0.00000000 0.00000000
v -0.14332722 -0.02386171 -0.44897747 0.78431373 0.00000000 0.00000000
v -0.02809452 0.20357329 -0.48626459 0.78431373 0.00000000 0.00000000
v -0.08824597 0.08100493 -0.45189641 0.78431373 0.00000000 0.00000000
v -0.06748606 0.12146394 -0.46007989 0.78431373 0.00000000 0.00000000
v -0.06745487 0.12145426 -0.46001772 0.78431373 0.00000000 0.00000000
v -0.15532550 -0.04796190 -0.46197931 0.78431373 0.00000000 0.00000000
v -0.15520805 -0.05054576 -0.45179338 0.78431373 0.00000000 0.00000000
v -0.06588659 0.11981081 -0.45993524 0.78431373 0.00000000 0.00000000
v -0.10734237 0.03781070 -0.44808923 0.78431373 0.00000000 0.00000000
v -0.10946892 0.03327105 -0.44788621 0.78431373 0.00000000 0.00000000
v -0.08688147 0.07657630 -0.45108560 0.78431373 0.00000000 0.00000000
v -0.11368792 0.02423951 -0.44691547 0.78431373 0.00000000 0.00000000
v -0.08850729 0.07503201 -0.45944320 0.78431373 0.00000000 0.00000000
v -0.10443560 0.04171333 -0.44822052 0.78431373 0.00000000 0.00000000
v -0.10783895 0.03712578 -0.45656200 0.78431373 0.00000000 0.00000000
v -0.11183930 0.02858509 -0.45615906 0.78431373 0.00000000 0.00000000
v -0.08813866 0.07375573 -0.45931067 0.78431373 0.00000000 0.00000000
v -0.06630701 0.11720173 -0.46798436 0.78431373 0.00000000 0.00000000
v -0.09962738 0.04816906 -0.44833949 0.78431373 0.00000000 0.00000000
v -0.08782256 0.07283904 -0.45900444 0.78431373 0.00000000 0.00000000
v -0.08750429 0.07178339 -0.45883987 0.78431373 0.00000000 0.00000000
v -0.12788489 -0.00537693 -0.45704843 0.78431373 0.00000000 0.00000000
v -0.08575362 0.07228115 -0.45028808 0.78431373 0.00000000 0.00000000
v -0.17301818 -0.08932305 -0.46620602 0.78431373 0.00000000 0.00000000
v -0.17106398 -0.08826890 -0.45575642 0.78431373 0.00000000 0.00000000
v -0.17025443 -0.08754290 -0.45565052 0.78431373 0.00000000 0.00000000
v -0.10496821 0.03383012 -0.44774126 0.78431373 0.00000000 0.00000000
v -0.09578835 0.05330493 -0.45709091 0.78431373 0.00000000 0.00000000
v -0.18278186 -0.11155373 -0.45818406 0.78431373 0.00000000 0.00000000
v -0.11671284 0.00788155 -0.44492258 0.78431373 0.00000000 0.00000000
v -0.04259866 0.15376908 -0.46785035 0.78431373 0.00000000 0.00000000
v -0.11651575 0.00797459 -0.44492566 0.78431373 0.00000000 0.00000000
v -0.01211725 0.21701208 -0.49050176 0.78431373 0.00000000 0.00000000
v -0.12372938 -0.00308271 -0.45660114 0.78431373 0.00000000 0.00000000
v -0.16819334 -0.08499653 -0.46557015 0.78431373 0.00000000 0.00000000
v -0.03063135 0.17706819 -0.48136814 0.78431373 0.00000000 0.00000000
v -0.08709899 0.06172879 -0.44843743 0.78431373 0.00000000 0.00000000
v -0.02565980 0.18673315 -0.48321044 0.78431373 0.00000000 0.00000000
v -0.06246917 0.11314947 -0.46786270 0.78431373 0.00000000 0.00000000
v -0.16344739 -0.08144062 -0.45472845 0.78431373 0.00000000 0.00000000
v -0.06043153 0.11414532 -0.45951402 0.78431373 0.00000000 0.00000000
v -0.16194078 -0.08009018 -0.45452163 0.78431373 0.00000000 0.00000000
v -0.14428271 -0.04578240 -0.46107297 0.78431373 0.00000000 0.00000000
v -0.08624596 0.06174892 -0.45719646 0.78431373 0.00000000 0.00000000
v -0.06124487 0.11175214 -0.46781200 0.78431373 0.00000000 0.00000000
v -0.11197755 0.00975140 -0.44494820 0.78431373 0.00000000 0.00000000
v -0.13300175 -0.02992319 -0.44870995 0.78431373 0.00000000 0.00000000
v -0.13268100 -0.03011158 -0.44870070 0.78431373 0.00000000 0.00000000
v -0.08483528 0.06137963 -0.45719705 0.78431373 0.00000000 0.00000000
v -0.11625041 0.00105739 -0.45577913 0.78431373 0.00000000 0.00000000
v -0.15767675 -0.07556311 -0.46422800 0.78431373 0.00000000 0.00000000
v -0.06033516 0.10922806 -0.46731318 0.78431373 0.00000000 0.00000000
v -0.02316254 0.18074804 -0.47394071 0.78431373 0.00000000 0.00000000
v -0.10873131 0.01102703 -0.44495713 0.78431373 0.00000000 0.00000000
v -0.08434031 0.05985296 -0.45696060 0.78431373 0.00000000 0.00000000
v -0.08275652 0.06059229 -0.44844968 0.78431373 0.00000000 0.00000000
v -0.05923980 0.10957178 -0.46746004 0.78431373 0.00000000 0.00000000
v -0.05895689 0.10922655 -0.46750393 0.78431373 0.00000000 0.00000000
v -0.05871255 0.10900741 -0.46734518 0.78431373 0.00000000 0.00000000
v -0.10715375 0.01139455 -0.44492864 0.78431373 0.00000000 0.00000000
v -0.15610573 -0.07933992 -0.45406384 0.78431373 0.00000000 0.00000000
v -0.05614155 0.10933161 -0.45913093 0.78431373 0.00000000 0.00000000
v -0.13038871 -0.03512490 -0.44889140 0.78431373 0.00000000 0.00000000
v -0.12993333 -0.03428641 -0.44880081 0.78431373 0.00000000 0.00000000
v -0.10759741 0.00684015 -0.44435768 0.78431373 0.00000000 0.00000000
v -0.13661780 -0.04688754 -0.45022501 0.78431373 0.00000000 0.00000000
v -0.16843768 -0.10317406 -0.46692539 0.78431373 0.00000000 0.00000000
v -0.10992772 0.00397528 -0.45512672 0.78431373 0.00000000 0.00000000
v -0.06186953 0.09504901 -0.45567750 0.78431373 0.00000000 0.00000000
v -0.08147572 0.05581673 -0.44770124 0.78431373 0.00000000 0.00000000
v -0.13608702 -0.04705745 -0.45020127 0.78431373 0.00000000 0.00000000
v -0.08125344 0.05595378 -0.44773494 0.78431373 0.00000000 0.00000000
v -0.08123628 0.05589919 -0.44772904 0.78431373 0.00000000 0.00000000
v -0.12933007 -0.03520129 -0.44882618 0.78431373 0.00000000 0.00000000
v -0.18612964 -0.13894359 -0.46431424 0.78431373 0.00000000 0.00000000
v -0.07165130 0.07640186 -0.46033177 0.78431373 0.00000000 0.00000000
v -0.08104896 0.05532625 -0.44763292 0.78431373 0.00000000 0.00000000
v -0.12837489 -0.03153896 -0.45896712 0.78431373 0.00000000 0.00000000
v -0.04251031 0.12970529 -0.46323465 0.78431373 0.00000000 0.00000000
v -0.15120285 -0.07871080 -0.45367596 0.78431373 0.00000000 0.00000000
v -0.15516038 -0.08699808 -0.45458567 0.78431373 0.00000000 0.00000000
v -0.05243004 0.10531347 -0.45843505 0.78431373 0.00000000 0.00000000
v -0.07453056 0.06009905 -0.44875397 0.78431373 0.00000000 0.00000000
v -0.14695262 -0.07415331 -0.46346467 0.78431373 0.00000000 0.00000000
v -0.10293941 0.00691312 -0.45484959 0.78431373 0.00000000 0.00000000
v -0.13291390 -0.04942175 -0.46056387 0.78431373 0.00000000 0.00000000
v -0.05295605 0.10281378 -0.46617021 0.78431373 0.00000000 0.00000000
v -0.02814825 0.15150087 -0.47705313 0.78431373 0.00000000 0.00000000
v -0.07318508 0.06067895 -0.45759982 0.78431373 0.00000000 0.00000000
v -0.07224222 0.05996642 -0.44889968 0.78431373 0.00000000 0.00000000
v -0.08006932 0.04607859 -0.45574880 0.78431373 0.00000000 0.00000000
v -0.07808179 0.04582632 -0.44669524 0.78431373 0.00000000 0.00000000
v -0.14392104 -0.07776438 -0.45313027 0.78431373 0.00000000 0.00000000
v -0.12419470 -0.04296166 -0.44909699 0.78431373 0.00000000 0.00000000
v -0.06756400 0.06439456 -0.44980994 0.78431373 0.00000000 0.00000000
v -0.12334722 -0.03916523 -0.45917560 0.78431373 0.00000000 0.00000000
v -0.12716146 -0.04992087 -0.44984979 0.78431373 0.00000000 0.00000000
v -0.05013010 0.09971451 -0.46573950 0.78431373 0.00000000 0.00000000
v -0.06586052 0.06599843 -0.45016190 0.78431373 0.00000000 0.00000000
v -0.16836943 -0.12540171 -0.46245707 0.78431373 0.00000000 0.00000000
v -0.04982384 0.09957645 -0.46573082 0.78431373 0.00000000 0.00000000
v -0.06526688 0.06581094 -0.45015813 0.78431373 0.00000000 0.00000000
v -0.07424541 0.04980938 -0.45571117 0.78431373 0.00000000 0.00000000
v -0.14083449 -0.07697121 -0.45286804 0.78431373 0.00000000 0.00000000
v -0.07994200 0.03530333 -0.44603129 0.78431373 0.00000000 0.00000000
v -0.06818261 0.06038673 -0.45788795 0.78431373 0.00000000 0.00000000
v -0.08969938 0.01546490 -0.44460615 0.78431373 0.00000000 0.00000000
v -0.08945183 0.01552658 -0.44459435 0.78431373 0.00000000 0.00000000
v -0.02423545 0.14326953 -0.46721997 0.78431373 0.00000000 0.00000000
v -0.04444397 0.10179428 -0.45807805 0.78431373 0.00000000 0.00000000
v -0.07738740 0.03750550 -0.45488261 0.78431373 0.00000000 0.00000000
v -0.04657120 0.09801758 -0.46578822 0.78431373 0.00000000 0.00000000
v -0.09128192 0.00977039 -0.45438031 0.78431373 0.00000000 0.00000000
v -0.05667237 0.07451003 -0.45239377 0.78431373 0.00000000 0.00000000
v -0.08192100 0.02458594 -0.44501538 0.78431373 0.00000000 0.00000000
v -0.04302535 0.10116664 -0.45801867 0.78431373 0.00000000 0.00000000
v -0.05071221 0.08523423 -0.45488553 0.78431373 0.00000000 0.00000000
v 0.00836136 0.20467782 -0.48622051 0.78431373 0.00000000 0.00000000
v 0.00705365 0.20169340 -0.48442391 0.78431373 0.00000000 0.00000000
v 0.00889253 0.20575425 -0.48708295 0.78431373 0.00000000 0.00000000
v -0.02817410 0.13078478 -0.47289072 0.78431373 0.00000000 0.00000000
v 0.00498134 0.19558416 -0.48292532 0.78431373 0.00000000 0.00000000
v -0.05820379 0.06971128 -0.46011909 0.78431373 0.00000000 0.00000000
v 0.01009472 0.20662558 -0.49056413 0.78431373 0.00000000 0.00000000
v -0.05719443 0.07153925 -0.46049269 0.78431373 0.00000000 0.00000000
v 0.00399170 0.19268583 -0.48219094 0.78431373 0.00000000 0.00000000
v -0.11978122 -0.04767272 -0.45954676 0.78431373 0.00000000 0.00000000
v -0.12034578 -0.05210522 -0.44956435 0.78431373 0.00000000 0.00000000
v -0.02063231 0.14116560 -0.46767540 0.78431373 0.00000000 0.00000000
v -0.04889346 0.08648869 -0.46390818 0.78431373 0.00000000 0.00000000
v -0.04888785 0.08649854 -0.46391155 0.78431373 0.00000000 0.00000000
v -0.02067729 0.14075776 -0.46759894 0.78431373 0.00000000 0.00000000
v 0.01032752 0.20531997 -0.49267898 0.78431373 0.00000000 0.00000000
v -0.03946246 0.10232331 -0.45846132 0.78431373 0.00000000 0.00000000
v -0.14683880 -0.10123739 -0.45824721 0.78431373 0.00000000 0.00000000
v -0.01982824 0.14158299 -0.46792162 0.78431373 0.00000000 0.00000000
v -0.07969718 0.02459864 -0.45395495 0.78431373 0.00000000 0.00000000
v 0.01048974 0.20508272 -0.49349548 0.78431373 0.00000000 0.00000000
v -0.07979831 0.02396779 -0.45395695 0.78431373 0.00000000 0.00000000
v -0.04708167 0.08818713 -0.46449447 0.78431373 0.00000000 0.00000000
v 0.01023524 0.20397151 -0.49366415 0.78431373 0.00000000 0.00000000
v -0.07881268 0.02480233 -0.45391930 0.78431373 0.00000000 0.00000000
v -0.03172422 0.11820621 -0.47114904 0.78431373 0.00000000 0.00000000
v -0.04255156 0.09289659 -0.45688840 0.78431373 0.00000000 0.00000000
v -0.12944870 -0.07370921 -0.45267229 0.78431373 0.00000000 0.00000000
v 0.00915766 0.19916975 -0.49447285 0.78431373 0.00000000 0.00000000
v -0.04044708 0.09488004 -0.45726201 0.78431373 0.00000000 0.00000000
v -0.12385366 -0.06508612 -0.45083209 0.78431373 0.00000000 0.00000000
v -0.02035275 0.13665563 -0.47595864 0.78431373 0.00000000 0.00000000
v -0.03891935 0.09631666 -0.45759527 0.78431373 0.00000000 0.00000000
v 0.00558003 0.18904484 -0.49147325 0.78431373 0.00000000 0.00000000
v 0.00415684 0.18511256 -0.49018671 0.78431373 0.00000000 0.00000000
v -0.03999648 0.09485602 -0.46592127 0.78431373 0.00000000 0.00000000
v -0.06821446 0.03599369 -0.44522998 0.78431373 0.00000000 0.00000000
v 0.00380395 0.18356303 -0.48973295 0.78431373 0.00000000 0.00000000
v -0.06803500 0.03614424 -0.44522835 0.78431373 0.00000000 0.00000000
v -0.03685283 0.09826005 -0.45804414 0.78431373 0.00000000 0.00000000
v -0.02225206 0.12664938 -0.46473304 0.78431373 0.00000000 0.00000000
v -0.00082355 0.17030412 -0.47716000 0.78431373 0.00000000 0.00000000
v -0.01322550 0.14498013 -0.46999687 0.78431373 0.00000000 0.00000000
v -0.07100398 0.03131429 -0.45399338 0.78431373 0.00000000 0.00000000
v -0.00105136 0.16924037 -0.47692654 0.78431373 0.00000000 0.00000000
v -0.11685846 -0.05457723 -0.45996841 0.78431373 0.00000000 0.00000000
v -0.11717534 -0.05799866 -0.44981915 0.78431373 0.00000000 0.00000000
v -0.03291973 0.10550009 -0.46785372 0.78431373 0.00000000 0.00000000
v -0.03445175 0.10020229 -0.45851800 0.78431373 0.00000000 0.00000000
v -0.02426794 0.12044872 -0.46316682 0.78431373 0.00000000 0.00000000
v -0.02507180 0.11795145 -0.46265418 0.78431373 0.00000000 0.00000000
v -0.02522682 0.11746756 -0.46256581 0.78431373 0.00000000 0.00000000
v -0.02139895 0.12745797 -0.47386054 0.78431373 0.00000000 0.00000000
v -0.02533005 0.11714433 -0.46251151 0.78431373 0.00000000 0.00000000
v -0.02140654 0.12738622 -0.47385086 0.78431373 0.00000000 0.00000000
v -0.02540631 0.11690912 -0.46245513 0.78431373 0.00000000 0.00000000
v -0.08150099 0.00560395 -0.44292280 0.78431373 0.00000000 0.00000000
v -0.02575692 0.11593776 -0.46222037 0.78431373 0.00000000 0.00000000
v -0.11417124 -0.05481051 -0.44936350 0.78431373 0.00000000 0.00000000
v -0.02181770 0.12610141 -0.47362271 0.78431373 0.00000000 0.00000000
v -0.12438290 -0.07337023 -0.45286154 0.78431373 0.00000000 0.00000000
v -0.12262148 -0.06785433 -0.46150422 0.78431373 0.00000000 0.00000000
v -0.12262118 -0.06785433 -0.46150420 0.78431373 0.00000000 0.00000000
v -0.03528892 0.09651719 -0.45789864 0.78431373 0.00000000 0.00000000
v -0.00174305 0.16434034 -0.47593137 0.78431373 0.00000000 0.00000000
v 0.00148279 0.17319081 -0.48691691 0.78431373 0.00000000 0.00000000
v -0.06493240 0.03680343 -0.44505256 0.78431373 0.00000000 0.00000000
v -0.07592539 0.01559790 -0.44359141 0.78431373 0.00000000 0.00000000
v -0.03501420 0.09889259 -0.46684142 0.78431373 0.00000000 0.00000000
v -0.02427226 0.11741255 -0.46262757 0.78431373 0.00000000 0.00000000
v -0.12123112 -0.06678274 -0.46133973 0.78431373 0.00000000 0.00000000
v -0.06442210 0.03621694 -0.44497085 0.78431373 0.00000000 0.00000000
v 0.00092034 0.17035062 -0.48654117 0.78431373 0.00000000 0.00000000
v -0.03462702 0.09578021 -0.45783634 0.78431373 0.00000000 0.00000000
v -0.06375655 0.03697510 -0.44514594 0.78431373 0.00000000 0.00000000
v -0.03016596 0.10365087 -0.45954336 0.78431373 0.00000000 0.00000000
v -0.03727723 0.09175336 -0.46574765 0.78431373 0.00000000 0.00000000
v -0.03732003 0.09161831 -0.46572696 0.78431373 0.00000000 0.00000000
v -0.07505607 0.01358249 -0.44076119 0.78431373 0.00000000 0.00000000
v -0.03712462 0.09156166 -0.46575721 0.78431373 0.00000000 0.00000000
v -0.01304043 0.14030387 -0.47845763 0.78431373 0.00000000 0.00000000
v -0.03708172 0.09150585 -0.46576200 0.78431373 0.00000000 0.00000000
v -0.03405212 0.09510850 -0.45781694 0.78431373 0.00000000 0.00000000
v -0.02540594 0.11481043 -0.47198713 0.78431373 0.00000000 0.00000000
v -0.03695705 0.09135959 -0.46575845 0.78431373 0.00000000 0.00000000
v -0.12002985 -0.06770865 -0.46155698 0.78431373 0.00000000 0.00000000
v -0.02651287 0.11145309 -0.47091157 0.78431373 0.00000000 0.00000000
v -0.11954777 -0.06768303 -0.46156444 0.78431373 0.00000000 0.00000000
v -0.00288814 0.15624676 -0.47427417 0.78431373 0.00000000 0.00000000
v -0.07574660 0.00915278 -0.43805731 0.78431373 0.00000000 0.00000000
v 0.00021396 0.16469354 -0.48586906 0.78431373 0.00000000 0.00000000
v -0.02920789 0.10414515 -0.46849647 0.78431373 0.00000000 0.00000000
v -0.02939220 0.10364813 -0.46832065 0.78431373 0.00000000 0.00000000
v -0.02951224 0.10330877 -0.46826638 0.78431373 0.00000000 0.00000000
v -0.11413668 -0.05961670 -0.46023755 0.78431373 0.00000000 0.00000000
v -0.11801803 -0.06762116 -0.46155724 0.78431373 0.00000000 0.00000000
v -0.06031452 0.03749010 -0.44539373 0.78431373 0.00000000 0.00000000
v -0.00022763 0.16117726 -0.48543821 0.78431373 0.00000000 0.00000000
v -0.11778385 -0.06758702 -0.46159535 0.78431373 0.00000000 0.00000000
v -0.07245732 0.01118135 -0.43527612 0.78431373 0.00000000 0.00000000
v -0.07080918 0.01100619 -0.42222955 0.78431373 0.00000000 0.00000000
v -0.06842785 0.01075311 -0.40337916 0.78431373 0.00000000 0.00000000
v -0.07049857 0.01162226 -0.42237331 0.78431373 0.00000000 0.00000000
v -0.05079734 0.00887940 -0.26381721 0.78431373 0.00000000 0.00000000
v -0.06773441 0.01224447 -0.40416505 0.78431373 0.00000000 0.00000000
v -0.04151137 0.00789252 -0.19031011 0.78431373 0.00000000 0.00000000
v -0.03422386 0.00711802 -0.13262272 0.78431373 0.00000000 0.00000000
v -0.03223583 0.01066491 -0.13195414 0.78431373 0.00000000 0.00000000
v -0.06776288 0.01703729 -0.42363649 0.78431373 0.00000000 0.00000000
v -0.03873320 0.01298650 -0.18992673 0.78431373 0.00000000 0.00000000
v -0.04620870 0.01708987 -0.26236944 0.78431373 0.00000000 0.00000000
v -0.04603531 0.01739957 -0.26231490 0.78431373 0.00000000 0.00000000
v -0.03569132 0.01945731 -0.19308865 0.78431373 0.00000000 0.00000000
v -0.06254922 0.02337301 -0.41003476 0.78431373 0.00000000 0.00000000
v -0.02722092 0.02136398 -0.13729186 0.78431373 0.00000000 0.00000000
v -0.06319968 0.02861722 -0.43597957 0.78431373 0.00000000 0.00000000
v -0.06171512 0.02846176 -0.42423305 0.78431373 0.00000000 0.00000000
v -0.05972830 0.02825372 -0.40851235 0.78431373 0.00000000 0.00000000
v -0.04114085 0.02630736 -0.26143932 0.78431373 0.00000000 0.00000000
v -0.03287215 0.02544151 -0.19601331 0.78431373 0.00000000 0.00000000
v -0.02566045 0.02468635 -0.13895088 0.78431373 0.00000000 0.00000000
v -0.11148232 -0.05693555 -0.45982518 0.78431373 0.00000000 0.00000000
v -0.03192781 0.09286143 -0.45748720 0.78431373 0.00000000 0.00000000
v -0.11381974 -0.06378704 -0.45122287 0.78431373 0.00000000 0.00000000
v -0.00848683 0.14267276 -0.47984296 0.78431373 0.00000000 0.00000000
v -0.03453837 0.00572354 -0.13306766 0.78431373 0.00000000 0.00000000
v -0.02500760 0.02534691 -0.13944290 0.78431373 0.00000000 0.00000000
v -0.00828684 0.14289304 -0.47992327 0.78431373 0.00000000 0.00000000
v -0.03166717 0.02662521 -0.19664591 0.78431373 0.00000000 0.00000000
v -0.04202329 0.00529865 -0.19057028 0.78431373 0.00000000 0.00000000
v -0.00085503 0.15712617 -0.48432813 0.78431373 0.00000000 0.00000000
v -0.03922232 0.02807543 -0.26154165 0.78431373 0.00000000 0.00000000
v -0.06193347 0.03317805 -0.45360923 0.78431373 0.00000000 0.00000000
v -0.05170001 0.00474933 -0.26491136 0.78431373 0.00000000 0.00000000
v -0.06910669 0.00583002 -0.40160001 0.78431373 0.00000000 0.00000000
v -0.02294276 0.02730831 -0.14096363 0.78431373 0.00000000 0.00000000
v -0.05775504 0.03804710 -0.44522168 0.78431373 0.00000000 0.00000000
v -0.11742051 -0.07300026 -0.45296925 0.78431373 0.00000000 0.00000000
v -0.09783544 -0.03747393 -0.44688574 0.78431373 0.00000000 0.00000000
v -0.05622388 0.03133889 -0.40757819 0.78431373 0.00000000 0.00000000
v -0.03407908 0.08793322 -0.46573129 0.78431373 0.00000000 0.00000000
v -0.02977256 0.02836941 -0.19758800 0.78431373 0.00000000 0.00000000
v -0.07482090 0.00368338 -0.43760517 0.78431373 0.00000000 0.00000000
v -0.05815480 0.03170953 -0.42416399 0.78431373 0.00000000 0.00000000
v -0.05938621 0.03194591 -0.43474135 0.78431373 0.00000000 0.00000000
v -0.05802965 0.03181672 -0.42416072 0.78431373 0.00000000 0.00000000
v -0.05589297 0.03161325 -0.40749544 0.78431373 0.00000000 0.00000000
v -0.03719746 0.02983293 -0.26167771 0.78431373 0.00000000 0.00000000
v -0.02889927 0.02904272 -0.19695508 0.78431373 0.00000000 0.00000000
v -0.06941787 0.00374354 -0.40102828 0.78431373 0.00000000 0.00000000
v -0.02172083 0.02835913 -0.14096603 0.78431373 0.00000000 0.00000000
v -0.07193185 0.00360083 -0.42034179 0.78431373 0.00000000 0.00000000
v -0.03594389 -0.00034872 -0.13499113 0.78431373 0.00000000 0.00000000
v -0.04302817 0.00036159 -0.19106329 0.78431373 0.00000000 0.00000000
v -0.05247277 0.00130855 -0.26581750 0.78431373 0.00000000 0.00000000
v -0.06953022 0.00301882 -0.40082758 0.78431373 0.00000000 0.00000000
v -0.07198489 0.00326493 -0.42025630 0.78431373 0.00000000 0.00000000
v -0.07410476 0.00347748 -0.43703509 0.78431373 0.00000000 0.00000000
v -0.05613695 0.03878497 -0.44582381 0.78431373 0.00000000 0.00000000
v -0.02684752 0.09698345 -0.45860402 0.78431373 0.00000000 0.00000000
v -0.07426359 0.00189997 -0.43787238 0.78431373 0.00000000 0.00000000
v -0.00193157 0.14971028 -0.48266829 0.78431373 0.00000000 0.00000000
v -0.10848915 -0.05828282 -0.46012717 0.78431373 0.00000000 0.00000000
v -0.03178304 0.08767169 -0.46620726 0.78431373 0.00000000 0.00000000
v -0.10663316 -0.05824253 -0.45055884 0.78431373 0.00000000 0.00000000
v -0.12566262 -0.09340161 -0.45776884 0.78431373 0.00000000 0.00000000
v -0.03515879 -0.00356420 -0.13660587 0.78431373 0.00000000 0.00000000
v -0.02858901 0.08933447 -0.45696373 0.78431373 0.00000000 0.00000000
v -0.09965889 -0.04499280 -0.45798832 0.78431373 0.00000000 0.00000000
v -0.05378223 0.03313718 -0.42376970 0.78431373 0.00000000 0.00000000
v -0.01758784 0.02967187 -0.14111427 0.78431373 0.00000000 0.00000000
v -0.05909445 0.02934301 -0.45312454 0.78431373 0.00000000 0.00000000
v -0.05590237 0.03402919 -0.45414832 0.78431373 0.00000000 0.00000000
v -0.05576020 0.03411136 -0.45417186 0.78431373 0.00000000 0.00000000
v -0.04142229 -0.00519325 -0.19181490 0.78431373 0.00000000 0.00000000
v -0.04138262 -0.00537848 -0.19195325 0.78431373 0.00000000 0.00000000
v -0.10982760 -0.06719936 -0.46166262 0.78431373 0.00000000 0.00000000
v -0.07516417 -0.00704464 -0.44261986 0.78431373 0.00000000 0.00000000
v -0.02702477 0.08743009 -0.45699516 0.78431373 0.00000000 0.00000000
v -0.02119289 0.03122935 -0.19227611 0.78431373 0.00000000 0.00000000
v -0.02804903 0.08724316 -0.46709011 0.78431373 0.00000000 0.00000000
v -0.05038521 -0.00678195 -0.26896458 0.78431373 0.00000000 0.00000000
v -0.03236947 0.07272997 -0.45340296 0.78431373 0.00000000 0.00000000
v -0.10875375 -0.06969383 -0.46226494 0.78431373 0.00000000 0.00000000
v -0.10883175 -0.07235378 -0.45340415 0.78431373 0.00000000 0.00000000
v -0.05003222 -0.00789989 -0.26887257 0.78431373 0.00000000 0.00000000
v -0.03366266 -0.00961721 -0.13965264 0.78431373 0.00000000 0.00000000
v -0.10861020 -0.07007605 -0.46219411 0.78431373 0.00000000 0.00000000
v -0.06859511 -0.00668819 -0.41741921 0.78431373 0.00000000 0.00000000
v -0.02624304 0.03341117 -0.26394663 0.78431373 0.00000000 0.00000000
v -0.02590089 0.03352110 -0.26401797 0.78431373 0.00000000 0.00000000
v -0.04270441 0.04662565 -0.44791676 0.78431373 0.00000000 0.00000000
v -0.03484528 0.06402206 -0.46074146 0.78431373 0.00000000 0.00000000
v -0.04436388 0.04243411 -0.44703584 0.78431373 0.00000000 0.00000000
v -0.00883025 0.03240660 -0.14143133 0.78431373 0.00000000 0.00000000
v -0.09996815 -0.06199368 -0.45176234 0.78431373 0.00000000 0.00000000
v -0.01416883 0.03318680 -0.18802001 0.78431373 0.00000000 0.00000000
v -0.07046333 -0.01144087 -0.43927284 0.78431373 0.00000000 0.00000000
v -0.06488340 0.00238392 -0.45327026 0.78431373 0.00000000 0.00000000
v -0.10667638 -0.07456688 -0.46328270 0.78431373 0.00000000 0.00000000
v -0.03929362 0.04858837 -0.44849594 0.78431373 0.00000000 0.00000000
v -0.07015541 -0.01236755 -0.43932158 0.78431373 0.00000000 0.00000000
v -0.06479132 -0.01220225 -0.40012246 0.78431373 0.00000000 0.00000000
v -0.03970923 0.03665167 -0.40614119 0.78431373 0.00000000 0.00000000
v -0.04391968 0.04113141 -0.45583271 0.78431373 0.00000000 0.00000000
v -0.03441770 0.05720668 -0.45039985 0.78431373 0.00000000 0.00000000
v -0.06698997 -0.01284317 -0.41967471 0.78431373 0.00000000 0.00000000
v -0.03345714 0.05810601 -0.45062711 0.78431373 0.00000000 0.00000000
v -0.03628405 0.05462372 -0.45876529 0.78431373 0.00000000 0.00000000
v -0.03580908 0.05506952 -0.45886601 0.78431373 0.00000000 0.00000000
v -0.06912281 -0.01346491 -0.43864161 0.78431373 0.00000000 0.00000000
v -0.06671824 -0.01387279 -0.42005229 0.78431373 0.00000000 0.00000000
v -0.06412804 -0.01431215 -0.40002787 0.78431373 0.00000000 0.00000000
v -0.09839517 -0.06389632 -0.46133338 0.78431373 0.00000000 0.00000000
v -0.06937280 -0.01475221 -0.43943107 0.78431373 0.00000000 0.00000000
v -0.04706441 -0.01720661 -0.26811169 0.78431373 0.00000000 0.00000000
v -0.03617393 0.03770161 -0.40488326 0.78431373 0.00000000 0.00000000
v -0.03639608 0.03779758 -0.40803600 0.78431373 0.00000000 0.00000000
v -0.03849829 -0.01865965 -0.20188844 0.78431373 0.00000000 0.00000000
v -0.01853646 0.08617222 -0.46863440 0.78431373 0.00000000 0.00000000
v -0.02993864 -0.02011160 -0.13571511 0.78431373 0.00000000 0.00000000
v 0.03288270 0.18993069 -0.49701484 0.78431373 0.00000000 0.00000000
v 0.03328426 0.19052459 -0.49692507 0.78431373 0.00000000 0.00000000
v -0.03778392 0.03839717 -0.42773191 0.78431373 0.00000000 0.00000000
v -0.02802824 0.06311245 -0.45271684 0.78431373 0.00000000 0.00000000
v 0.03453210 0.19239594 -0.49667928 0.78431373 0.00000000 0.00000000
v -0.03849284 0.03870344 -0.43779268 0.78431373 0.00000000 0.00000000
v -0.03723369 0.03857503 -0.42786730 0.78431373 0.00000000 0.00000000
v -0.03483163 0.03833006 -0.40893277 0.78431373 0.00000000 0.00000000
v -0.03423063 0.03826877 -0.40419535 0.78431373 0.00000000 0.00000000
v -0.01678476 0.03648959 -0.26667639 0.78431373 0.00000000 0.00000000
v -0.10463837 -0.08208578 -0.45578362 0.78431373 0.00000000 0.00000000
v -0.10449295 -0.07968410 -0.46436681 0.78431373 0.00000000 0.00000000
v -0.00720572 0.03551269 -0.19116855 0.78431373 0.00000000 0.00000000
v -0.00088258 0.03486783 -0.14132569 0.78431373 0.00000000 0.00000000
v -0.03703192 0.03854846 -0.42789057 0.78431373 0.00000000 0.00000000
v 0.03524505 0.19233972 -0.49509606 0.78431373 0.00000000 0.00000000
v -0.02946539 -0.02101156 -0.13536335 0.78431373 0.00000000 0.00000000
v -0.02952624 0.06085044 -0.46142142 0.78431373 0.00000000 0.00000000
v -0.06327076 -0.00519811 -0.45317807 0.78431373 0.00000000 0.00000000
v 0.03226070 0.18680635 -0.49754406 0.78431373 0.00000000 0.00000000
v -0.03784486 -0.02036738 -0.20327910 0.78431373 0.00000000 0.00000000
v -0.03428982 0.03825755 -0.40930459 0.78431373 0.00000000 0.00000000
v -0.03351451 0.03817529 -0.40404955 0.78431373 0.00000000 0.00000000
v 0.03621223 0.19275097 -0.49357329 0.78431373 0.00000000 0.00000000
v -0.02689150 0.06303281 -0.45295920 0.78431373 0.00000000 0.00000000
v -0.07092224 -0.02273093 -0.44432415 0.78431373 0.00000000 0.00000000
v -0.04582738 -0.01975371 -0.26797753 0.78431373 0.00000000 0.00000000
v -0.01888313 0.07842748 -0.45730819 0.78431373 0.00000000 0.00000000
v -0.06832560 -0.02017191 -0.43848590 0.78431373 0.00000000 0.00000000
v -0.02774701 0.06249482 -0.46206824 0.78431373 0.00000000 0.00000000
v 0.03657966 0.19140596 -0.49107023 0.78431373 0.00000000 0.00000000
v -0.06213774 -0.01849983 -0.40017333 0.78431373 0.00000000 0.00000000
v -0.06479859 -0.01829527 -0.42173952 0.78431373 0.00000000 0.00000000
v -0.06630394 -0.01817955 -0.43394043 0.78431373 0.00000000 0.00000000
v 0.03594707 0.18908983 -0.48944181 0.78431373 0.00000000 0.00000000
v -0.06462454 -0.01848212 -0.42181888 0.78431373 0.00000000 0.00000000
v 0.03570734 0.18838080 -0.48904096 0.78431373 0.00000000 0.00000000
v -0.02625641 0.06386514 -0.46268727 0.78431373 0.00000000 0.00000000
v -0.06164498 -0.01901894 -0.40031302 0.78431373 0.00000000 0.00000000
v -0.01408920 0.08595888 -0.45960115 0.78431373 0.00000000 0.00000000
v -0.03455572 0.04333541 -0.44782343 0.78431373 0.00000000 0.00000000
v 0.03576484 0.18641385 -0.48819360 0.78431373 0.00000000 0.00000000
v -0.10317329 -0.08278111 -0.46500909 0.78431373 0.00000000 0.00000000
v -0.06104880 -0.01960903 -0.40048964 0.78431373 0.00000000 0.00000000
v -0.10490756 -0.08839384 -0.45712617 0.78431373 0.00000000 0.00000000
v -0.02057590 0.07329190 -0.46589274 0.78431373 0.00000000 0.00000000
v -0.06421533 -0.01301040 -0.45319018 0.78431373 0.00000000 0.00000000
v -0.10493803 -0.08921161 -0.45732713 0.78431373 0.00000000 0.00000000
v -0.01344210 0.03604582 -0.26799862 0.78431373 0.00000000 0.00000000
v -0.03599978 -0.02250040 -0.20542816 0.78431373 0.00000000 0.00000000
v -0.03779800 0.03659484 -0.45499579 0.78431373 0.00000000 0.00000000
v -0.10434095 -0.08909089 -0.45731441 0.78431373 0.00000000 0.00000000
v 0.03180498 0.17773042 -0.49552963 0.78431373 0.00000000 0.00000000
v -0.04332205 -0.02232012 -0.26806190 0.78431373 0.00000000 0.00000000
v -0.06633586 -0.02264011 -0.44052493 0.78431373 0.00000000 0.00000000
v -0.03269252 0.03789158 -0.42836653 0.78431373 0.00000000 0.00000000
v -0.09122678 -0.06692755 -0.45341104 0.78431373 0.00000000 0.00000000
v -0.09122387 -0.06692263 -0.45341018 0.78431373 0.00000000 0.00000000
v -0.09121892 -0.06692537 -0.45341067 0.78431373 0.00000000 0.00000000
v -0.01278942 0.08552363 -0.46962102 0.78431373 0.00000000 0.00000000
v -0.08733998 -0.06035873 -0.45225416 0.78431373 0.00000000 0.00000000
v -0.00246785 0.03488156 -0.19361504 0.78431373 0.00000000 0.00000000
v -0.06165162 -0.01168538 -0.45348768 0.78431373 0.00000000 0.00000000
v -0.06155862 -0.01206347 -0.45350350 0.78431373 0.00000000 0.00000000
v -0.03488257 -0.02384063 -0.20714750 0.78431373 0.00000000 0.00000000
v -0.10521372 -0.09443259 -0.45811712 0.78431373 0.00000000 0.00000000
v 0.00523232 0.03406465 -0.14142324 0.78431373 0.00000000 0.00000000
v -0.02465427 -0.02568343 -0.13332172 0.78431373 0.00000000 0.00000000
v 0.03511083 0.17627548 -0.48632439 0.78431373 0.00000000 0.00000000
v 0.03372379 0.17344592 -0.48553554 0.78431373 0.00000000 0.00000000
v -0.10529308 -0.09652914 -0.45862476 0.78431373 0.00000000 0.00000000
v 0.02636283 0.15840582 -0.48122079 0.78431373 0.00000000 0.00000000
v -0.01208832 0.01243838 -0.19190677 0.78431373 0.00000000 0.00000000
v 0.02622895 0.15765653 -0.48105856 0.78431373 0.00000000 0.00000000
v 0.02664497 0.16063655 -0.49035296 0.78431373 0.00000000 0.00000000
v 0.02603128 0.15940640 -0.49012199 0.78431373 0.00000000 0.00000000
v 0.02984126 0.16722954 -0.49256403 0.78431373 0.00000000 0.00000000
v 0.03151381 0.17069498 -0.49380486 0.78431373 0.00000000 0.00000000
v -0.10359294 -0.09190349 -0.46676623 0.78431373 0.00000000 0.00000000
v -0.00720568 0.08837292 -0.46151323 0.78431373 0.00000000 0.00000000
v -0.02379109 -0.02647259 -0.13297223 0.78431373 0.00000000 0.00000000
v -0.10579230 -0.09936122 -0.45930860 0.78431373 0.00000000 0.00000000
v 0.00695135 0.03380548 -0.14145287 0.78431373 0.00000000 0.00000000
v -0.03340638 -0.02548897 -0.20932241 0.78431373 0.00000000 0.00000000
v -0.04081715 -0.02473087 -0.26816757 0.78431373 0.00000000 0.00000000
v -0.05787573 -0.02298583 -0.40362109 0.78431373 0.00000000 0.00000000
v -0.06039759 -0.02272785 -0.42364590 0.78431373 0.00000000 0.00000000
v -0.06207922 -0.02255582 -0.43699885 0.78431373 0.00000000 0.00000000
v 0.00033723 0.03444939 -0.19507153 0.78431373 0.00000000 0.00000000
v -0.06046145 -0.01536681 -0.45367650 0.78431373 0.00000000 0.00000000
v -0.00689436 0.00757087 -0.14309217 0.78431373 0.00000000 0.00000000
v -0.06404180 -0.02511448 -0.44305770 0.78431373 0.00000000 0.00000000
v -0.00888370 0.03534708 -0.26982296 0.78431373 0.00000000 0.00000000
v 0.02516343 0.15468421 -0.48950967 0.78431373 0.00000000 0.00000000
v -0.10613329 -0.10140185 -0.45999722 0.78431373 0.00000000 0.00000000
v -0.02524021 0.03693946 -0.40242036 0.78431373 0.00000000 0.00000000
v -0.05977437 -0.02305886 -0.42381386 0.78431373 0.00000000 0.00000000
v -0.02673381 0.03708487 -0.41452854 0.78431373 0.00000000 0.00000000
v -0.02767586 0.03717658 -0.42216542 0.78431373 0.00000000 0.00000000
v -0.02980265 0.03738363 -0.43940667 0.78431373 0.00000000 0.00000000
v 0.01456698 0.12992232 -0.47365710 0.78431373 0.00000000 0.00000000
v -0.01358145 0.07176862 -0.45738114 0.78431373 0.00000000 0.00000000
v -0.05646606 -0.02378090 -0.40488850 0.78431373 0.00000000 0.00000000
v -0.02650788 0.03664791 -0.42058519 0.78431373 0.00000000 0.00000000
v 0.00195432 0.03355350 -0.19600003 0.78431373 0.00000000 0.00000000
v -0.10696889 -0.10594649 -0.46073363 0.78431373 0.00000000 0.00000000
v 0.01510215 0.12821587 -0.47348271 0.78431373 0.00000000 0.00000000
v -0.02560375 0.03644602 -0.41542031 0.78431373 0.00000000 0.00000000
v -0.08659037 -0.06938670 -0.45385222 0.78431373 0.00000000 0.00000000
v 0.02402814 0.14849964 -0.48868528 0.78431373 0.00000000 0.00000000
v 0.02363601 0.14489954 -0.47829001 0.78431373 0.00000000 0.00000000
v 0.02407599 0.14562676 -0.47851336 0.78431373 0.00000000 0.00000000
v -0.02330613 0.03593296 -0.40229506 0.78431373 0.00000000 0.00000000
v -0.10647602 -0.10758770 -0.46103484 0.78431373 0.00000000 0.00000000
v -0.03780723 -0.02630328 -0.26847647 0.78431373 0.00000000 0.00000000
v 0.01636822 0.12931572 -0.48300178 0.78431373 0.00000000 0.00000000
v -0.00346714 0.08884570 -0.47163861 0.78431373 0.00000000 0.00000000
v 0.01775082 0.13160845 -0.48368594 0.78431373 0.00000000 0.00000000
v -0.10629608 -0.10680944 -0.46957431 0.78431373 0.00000000 0.00000000
v -0.06144597 -0.02787990 -0.44594052 0.78431373 0.00000000 0.00000000
v 0.02276901 0.14130451 -0.48667653 0.78431373 0.00000000 0.00000000
v -0.02376772 0.03539372 -0.41687262 0.78431373 0.00000000 0.00000000
v -0.00211497 0.08932756 -0.47193126 0.78431373 0.00000000 0.00000000
v 0.02239989 0.13922862 -0.48619651 0.78431373 0.00000000 0.00000000
v 0.01637338 0.12418229 -0.47310682 0.78431373 0.00000000 0.00000000
v 0.00056731 0.09109631 -0.46370030 0.78431373 0.00000000 0.00000000
v -0.02901894 -0.02799633 -0.21389488 0.78431373 0.00000000 0.00000000
v -0.01351509 0.06209470 -0.45579992 0.78431373 0.00000000 0.00000000
v -0.01739228 -0.02969284 -0.13128271 0.78431373 0.00000000 0.00000000
v -0.01210751 0.06287778 -0.46574599 0.78431373 0.00000000 0.00000000
v -0.05930874 -0.03258873 -0.44712285 0.78431373 0.00000000 0.00000000
v -0.05632980 -0.02541005 -0.45550164 0.78431373 0.00000000 0.00000000
v 0.00300470 0.09108706 -0.47374305 0.78431373 0.00000000 0.00000000
v -0.05274741 -0.02667581 -0.42566808 0.78431373 0.00000000 0.00000000
v -0.03327067 -0.02884331 -0.27219809 0.78431373 0.00000000 0.00000000
v -0.00150538 0.03129204 -0.27343892 0.78431373 0.00000000 0.00000000
v 0.01568886 0.02920933 -0.14182092 0.78431373 0.00000000 0.00000000
v 0.00635583 0.09312441 -0.46532900 0.78431373 0.00000000 0.00000000
v -0.00074130 0.03089424 -0.27339266 0.78431373 0.00000000 0.00000000
v -0.10393180 -0.11465755 -0.47117124 0.78431373 0.00000000 0.00000000
v 0.00490282 0.09169370 -0.47440312 0.78431373 0.00000000 0.00000000
v -0.03513242 0.00146473 -0.41752490 0.78431373 0.00000000 0.00000000
v 0.01920528 0.12028385 -0.48210498 0.78431373 0.00000000 0.00000000
v -0.00994407 0.05866440 -0.46539590 0.78431373 0.00000000 0.00000000
v -0.05720213 -0.03319814 -0.45683191 0.78431373 0.00000000 0.00000000
v -0.02345197 -0.03098624 -0.21602976 0.78431373 0.00000000 0.00000000
v -0.07767948 -0.07415746 -0.45505452 0.78431373 0.00000000 0.00000000
v -0.01478849 0.03144217 -0.40176394 0.78431373 0.00000000 0.00000000
v -0.10267362 -0.11883704 -0.47200257 0.78431373 0.00000000 0.00000000
v -0.07497514 -0.07086107 -0.45459616 0.78431373 0.00000000 0.00000000
v -0.00542134 0.06152425 -0.45748791 0.78431373 0.00000000 0.00000000
v 0.01096684 0.09473255 -0.46670668 0.78431373 0.00000000 0.00000000
v 0.01178041 0.02809815 -0.20186195 0.78431373 0.00000000 0.00000000
v -0.07727249 -0.07516766 -0.46377405 0.78431373 0.00000000 0.00000000
v -0.06079422 -0.04751693 -0.45049679 0.78431373 0.00000000 0.00000000
v -0.07689861 -0.07471043 -0.46370200 0.78431373 0.00000000 0.00000000
v -0.06089866 -0.04848489 -0.45067968 0.78431373 0.00000000 0.00000000
v -0.06957644 -0.06424456 -0.45347169 0.78431373 0.00000000 0.00000000
v -0.01169999 0.00045699 -0.27670529 0.78431373 0.00000000 0.00000000
v 0.02157754 0.11464711 -0.48167591 0.78431373 0.00000000 0.00000000
v -0.10165675 -0.12362851 -0.46402379 0.78431373 0.00000000 0.00000000
v -0.06832948 -0.06361691 -0.45338457 0.78431373 0.00000000 0.00000000
v -0.10127756 -0.12488049 -0.46432119 0.78431373 0.00000000 0.00000000
v 0.01285478 0.09424705 -0.47706219 0.78431373 0.00000000 0.00000000
v 0.02212515 0.11054267 -0.47215774 0.78431373 0.00000000 0.00000000
v -0.00931898 -0.03407078 -0.13518126 0.78431373 0.00000000 0.00000000
v -0.07009926 -0.06647796 -0.46287299 0.78431373 0.00000000 0.00000000
v -0.08442374 -0.09548076 -0.45847121 0.78431373 0.00000000 0.00000000
v -0.07569995 -0.07740559 -0.46471592 0.78431373 0.00000000 0.00000000
v -0.04416340 -0.03049862 -0.41591071 0.78431373 0.00000000 0.00000000
v 0.02261751 0.02567822 -0.13995461 0.78431373 0.00000000 0.00000000
v -0.10273853 -0.12745479 -0.47363127 0.78431373 0.00000000 0.00000000
v -0.05897150 -0.04960300 -0.45993476 0.78431373 0.00000000 0.00000000
v -0.06445454 -0.05955992 -0.46169716 0.78431373 0.00000000 0.00000000
v -0.00268750 0.05598714 -0.45717644 0.78431373 0.00000000 0.00000000
v -0.07457851 -0.07895630 -0.46449793 0.78431373 0.00000000 0.00000000
v -0.10136379 -0.13068843 -0.46567887 0.78431373 0.00000000 0.00000000
v -0.11712357 -0.16039939 -0.47071106 0.78431373 0.00000000 0.00000000
v -0.07341404 -0.07926016 -0.46457676 0.78431373 0.00000000 0.00000000
v -0.01325247 0.02845811 -0.44208735 0.78431373 0.00000000 0.00000000
v -0.01099361 0.02819914 -0.42462090 0.78431373 0.00000000 0.00000000
v -0.00803644 0.02786011 -0.40175475 0.78431373 0.00000000 0.00000000
v 0.02414296 0.10850741 -0.48106408 0.78431373 0.00000000 0.00000000
v -0.01086170 0.02800768 -0.42472284 0.78431373 0.00000000 0.00000000
v 0.00213982 0.06349236 -0.46914984 0.78431373 0.00000000 0.00000000
v 0.02414340 0.10574157 -0.47177415 0.78431373 0.00000000 0.00000000
v 0.00222424 0.06349654 -0.46917328 0.78431373 0.00000000 0.00000000
v -0.00590336 -0.03586639 -0.13683952 0.78431373 0.00000000 0.00000000
v 0.00863685 0.02594860 -0.27282958 0.78431373 0.00000000 0.00000000
v -0.01066440 0.02775873 -0.42486830 0.78431373 0.00000000 0.00000000
v -0.10278984 -0.13405237 -0.47488801 0.78431373 0.00000000 0.00000000
v -0.00771394 0.02741463 -0.40186019 0.78431373 0.00000000 0.00000000
v -0.02385066 -0.03394907 -0.27987219 0.78431373 0.00000000 0.00000000
v 0.01738180 0.02494603 -0.20520981 0.78431373 0.00000000 0.00000000
v 0.01873923 0.09621924 -0.47829316 0.78431373 0.00000000 0.00000000
v 0.01745864 0.02483504 -0.20526578 0.78431373 0.00000000 0.00000000
v 0.02593698 0.02396521 -0.13905738 0.78431373 0.00000000 0.00000000
v -0.10140075 -0.13448368 -0.46644737 0.78431373 0.00000000 0.00000000
v -0.11066963 -0.15165569 -0.46928777 0.78431373 0.00000000 0.00000000
v -0.01567668 -0.03503358 -0.21899358 0.78431373 0.00000000 0.00000000
v -0.11565223 -0.15864378 -0.47932616 0.78431373 0.00000000 0.00000000
v 0.00351896 0.06189211 -0.45951708 0.78431373 0.00000000 0.00000000
v -0.00722503 0.02682929 -0.40198532 0.78431373 0.00000000 0.00000000
v -0.00483131 -0.03590173 -0.13744287 0.78431373 0.00000000 0.00000000
v -0.02294558 -0.03441417 -0.28009563 0.78431373 0.00000000 0.00000000
v -0.10553408 -0.14192126 -0.47630218 0.78431373 0.00000000 0.00000000
v -0.10562544 -0.14482812 -0.46840971 0.78431373 0.00000000 0.00000000
v -0.10449086 -0.14329035 -0.46813425 0.78431373 0.00000000 0.00000000
v 0.01005140 0.02406759 -0.27282784 0.78431373 0.00000000 0.00000000
v -0.07202087 -0.08258647 -0.46583948 0.78431373 0.00000000 0.00000000
v -0.03917210 -0.03303146 -0.41649500 0.78431373 0.00000000 0.00000000
v 0.02505329 0.10464849 -0.48050988 0.78431373 0.00000000 0.00000000
v 0.02331613 0.09875317 -0.47034362 0.78431373 0.00000000 0.00000000
v -0.10834311 -0.14873941 -0.47763643 0.78431373 0.00000000 0.00000000
v -0.04184607 -0.03280361 -0.43897224 0.78431373 0.00000000 0.00000000
v -0.10755938 -0.14767691 -0.47743638 0.78431373 0.00000000 0.00000000
v -0.03874257 -0.03304672 -0.41654837 0.78431373 0.00000000 0.00000000
v -0.05441090 -0.05173426 -0.46046285 0.78431373 0.00000000 0.00000000
v -0.00342318 0.04528577 -0.46475828 0.78431373 0.00000000 0.00000000
v -0.01321821 -0.03511819 -0.21976414 0.78431373 0.00000000 0.00000000
v 0.01897678 0.02238602 -0.20800143 0.78431373 0.00000000 0.00000000
v -0.11667950 -0.16783387 -0.47211802 0.78431373 0.00000000 0.00000000
v -0.03768946 -0.03274435 -0.41668440 0.78431373 0.00000000 0.00000000
v -0.01992997 -0.03452041 -0.28062112 0.78431373 0.00000000 0.00000000
v 0.02562416 0.09950591 -0.47101172 0.78431373 0.00000000 0.00000000
v -0.01799109 -0.03467229 -0.26661206 0.78431373 0.00000000 0.00000000
v -0.01196670 -0.03521789 -0.22016429 0.78431373 0.00000000 0.00000000
v -0.03976998 -0.02835543 -0.45635711 0.78431373 0.00000000 0.00000000
v 0.02860879 0.02057133 -0.13804270 0.78431373 0.00000000 0.00000000
v -0.00147906 -0.03616770 -0.13930514 0.78431373 0.00000000 0.00000000
v -0.11654148 -0.17016558 -0.47255218 0.78431373 0.00000000 0.00000000
v 0.02538202 0.09794314 -0.47067858 0.78431373 0.00000000 0.00000000
v 0.00112272 0.04832369 -0.45670927 0.78431373 0.00000000 0.00000000
v -0.00797499 0.02954665 -0.45142683 0.78431373 0.00000000 0.00000000
v -0.01867167 -0.03415936 -0.28077890 0.78431373 0.00000000 0.00000000
v -0.06935701 -0.08586904 -0.45743649 0.78431373 0.00000000 0.00000000
v 0.01219204 0.02158216 -0.27279875 0.78431373 0.00000000 0.00000000
v -0.00926195 0.02370204 -0.44371668 0.78431373 0.00000000 0.00000000
v -0.00718310 0.02346246 -0.42741690 0.78431373 0.00000000 0.00000000
v -0.00403941 0.02310016 -0.40276788 0.78431373 0.00000000 0.00000000
v 0.02946625 0.01961529 -0.13773639 0.78431373 0.00000000 0.00000000
v 0.02038717 0.02043368 -0.21032852 0.78431373 0.00000000 0.00000000
v 0.01253734 0.02118972 -0.27279344 0.78431373 0.00000000 0.00000000
v 0.01446742 0.02096728 -0.25766010 0.78431373 0.00000000 0.00000000
v -0.05155615 -0.05306833 -0.46079284 0.78431373 0.00000000 0.00000000
v -0.11506297 -0.16832647 -0.48122050 0.78431373 0.00000000 0.00000000
v -0.04202037 -0.03843489 -0.44925394 0.78431373 0.00000000 0.00000000
v -0.00934105 -0.03440381 -0.22086118 0.78431373 0.00000000 0.00000000
v 0.02646970 0.09878611 -0.48012427 0.78431373 0.00000000 0.00000000
v -0.00160968 0.04166055 -0.46452224 0.78431373 0.00000000 0.00000000
v -0.00158168 0.04103819 -0.46441442 0.78431373 0.00000000 0.00000000
v -0.05021554 -0.05235932 -0.46069228 0.78431373 0.00000000 0.00000000
v -0.11862479 -0.17875806 -0.47405933 0.78431373 0.00000000 0.00000000
v -0.00656352 0.02119170 -0.42815228 0.78431373 0.00000000 0.00000000
v -0.04916238 -0.05396962 -0.45204376 0.78431373 0.00000000 0.00000000
v 0.02386410 0.08819740 -0.46852524 0.78431373 0.00000000 0.00000000
v -0.11939479 -0.18167665 -0.47436701 0.78431373 0.00000000 0.00000000
v -0.02086738 -0.03250452 -0.32648415 0.78431373 0.00000000 0.00000000
v -0.01437760 0.01274739 -0.45897350 0.78431373 0.00000000 0.00000000
v -0.00701153 -0.03372077 -0.22069838 0.78431373 0.00000000 0.00000000
v -0.00611701 0.01957656 -0.42867826 0.78431373 0.00000000 0.00000000
v 0.02536889 0.09133454 -0.47905662 0.78431373 0.00000000 0.00000000
v -0.11949152 -0.18400371 -0.47630621 0.78431373 0.00000000 0.00000000
v -0.11471101 -0.17409292 -0.48235450 0.78431373 0.00000000 0.00000000
v 0.02143778 0.01558245 -0.21431772 0.78431373 0.00000000 0.00000000
v 0.01416291 0.01590137 -0.27302063 0.78431373 0.00000000 0.00000000
v -0.00150061 0.03435947 -0.46390655 0.78431373 0.00000000 0.00000000
v -0.00248847 0.01740071 -0.40464767 0.78431373 0.00000000 0.00000000
v 0.02485700 0.08779640 -0.47865422 0.78431373 0.00000000 0.00000000
v 0.00156923 0.03759491 -0.45495808 0.78431373 0.00000000 0.00000000
v 0.00279896 0.04157564 -0.46555368 0.78431373 0.00000000 0.00000000
v 0.01446281 0.01490365 -0.27311867 0.78431373 0.00000000 0.00000000
v 0.02434045 0.08459837 -0.47776897 0.78431373 0.00000000 0.00000000
v 0.01241927 0.06000319 -0.47100217 0.78431373 0.00000000 0.00000000
v -0.11959961 -0.18809194 -0.47991558 0.78431373 0.00000000 0.00000000
v 0.03143076 0.09557143 -0.47165933 0.78431373 0.00000000 0.00000000
v 0.02198491 0.01298718 -0.21644094 0.78431373 0.00000000 0.00000000
v -0.11666798 -0.18228777 -0.48388995 0.78431373 0.00000000 0.00000000
v -0.04256593 -0.05048070 -0.45154994 0.78431373 0.00000000 0.00000000
v -0.06072952 -0.08162325 -0.46565664 0.78431373 0.00000000 0.00000000
v -0.11885293 -0.18779116 -0.48206942 0.78431373 0.00000000 0.00000000
v 0.02369625 0.08066487 -0.47659437 0.78431373 0.00000000 0.00000000
v -0.04188789 -0.04795591 -0.46006428 0.78431373 0.00000000 0.00000000
v -0.00151954 0.02935419 -0.46376160 0.78431373 0.00000000 0.00000000
v 0.00804522 -0.03304533 -0.14520465 0.78431373 0.00000000 0.00000000
v -0.11785061 -0.18609730 -0.48370996 0.78431373 0.00000000 0.00000000
v -0.11842279 -0.18772416 -0.48341320 0.78431373 0.00000000 0.00000000
v 0.00941477 -0.01138785 -0.22344184 0.78431373 0.00000000 0.00000000
v -0.02567450 -0.02919381 -0.41823792 0.78431373 0.00000000 0.00000000
v -0.04049991 -0.04930735 -0.45171404 0.78431373 0.00000000 0.00000000
v -0.05889579 -0.08132616 -0.46596197 0.78431373 0.00000000 0.00000000
v 0.00161247 0.02913736 -0.45449065 0.78431373 0.00000000 0.00000000
v -0.05860104 -0.08476876 -0.45769755 0.78431373 0.00000000 0.00000000
v -0.04248810 -0.05351063 -0.46111488 0.78431373 0.00000000 0.00000000
v -0.03824207 -0.04592997 -0.46017740 0.78431373 0.00000000 0.00000000
v 0.01122528 -0.03214032 -0.14443680 0.78431373 0.00000000 0.00000000
v -0.11625863 -0.18886754 -0.48370781 0.78431373 0.00000000 0.00000000
v -0.00061836 0.01062593 -0.40687666 0.78431373 0.00000000 0.00000000
v -0.03822860 -0.04915929 -0.45212206 0.78431373 0.00000000 0.00000000
v -0.00551637 -0.03015400 -0.28239340 0.78431373 0.00000000 0.00000000
v -0.11610048 -0.18922896 -0.48251570 0.78431373 0.00000000 0.00000000
v -0.11602464 -0.18998599 -0.48041699 0.78431373 0.00000000 0.00000000
v -0.03688838 -0.04586589 -0.46036032 0.78431373 0.00000000 0.00000000
v 0.03409722 0.00608400 -0.13486736 0.78431373 0.00000000 0.00000000
v -0.11478901 -0.18783681 -0.48411290 0.78431373 0.00000000 0.00000000
v 0.03421126 0.00571455 -0.13489110 0.78431373 0.00000000 0.00000000
v -0.00322554 0.01489858 -0.45226898 0.78431373 0.00000000 0.00000000
v 0.01293193 0.04717663 -0.45916214 0.78431373 0.00000000 0.00000000
v 0.00254966 0.02622574 -0.45462671 0.78431373 0.00000000 0.00000000
v -0.04301227 -0.06033588 -0.45342839 0.78431373 0.00000000 0.00000000
v -0.00314038 -0.02942703 -0.28268446 0.78431373 0.00000000 0.00000000
v -0.01935654 -0.02736504 -0.41830809 0.78431373 0.00000000 0.00000000
v 0.03573563 0.09250606 -0.48125360 0.78431373 0.00000000 0.00000000
v -0.04323239 -0.06168331 -0.46265907 0.78431373 0.00000000 0.00000000
v -0.05396627 -0.08432574 -0.45773599 0.78431373 0.00000000 0.00000000
v -0.11086800 -0.18529276 -0.48465487 0.78431373 0.00000000 0.00000000
v 0.01706671 0.05285285 -0.47044466 0.78431373 0.00000000 0.00000000
v 0.02002876 0.05620390 -0.46221389 0.78431373 0.00000000 0.00000000
v -0.11090180 -0.18817163 -0.47717610 0.78431373 0.00000000 0.00000000
v -0.04117994 -0.06228856 -0.45417059 0.78431373 0.00000000 0.00000000
v -0.04335472 -0.06789729 -0.45486964 0.78431373 0.00000000 0.00000000
v 0.00852307 -0.02914121 -0.21961818 0.78431373 0.00000000 0.00000000
v -0.01951660 -0.02214991 -0.45801946 0.78431373 0.00000000 0.00000000
v -0.01897167 -0.02605580 -0.44169955 0.78431373 0.00000000 0.00000000
v -0.01598152 -0.02635163 -0.41834491 0.78431373 0.00000000 0.00000000
v -0.10866082 -0.18734874 -0.47583477 0.78431373 0.00000000 0.00000000
v 0.00108457 -0.02804005 -0.28504962 0.78431373 0.00000000 0.00000000
v -0.05076288 -0.08053245 -0.46606829 0.78431373 0.00000000 0.00000000
v 0.00546157 -0.02847308 -0.25086289 0.78431373 0.00000000 0.00000000
v 0.00935513 -0.02886083 -0.22025358 0.78431373 0.00000000 0.00000000
v 0.01924570 -0.02984578 -0.14249870 0.78431373 0.00000000 0.00000000
v -0.00308412 0.00391545 -0.44437547 0.78431373 0.00000000 0.00000000
v -0.00038940 0.00356586 -0.42325582 0.78431373 0.00000000 0.00000000
v 0.00100708 0.00338470 -0.41231107 0.78431373 0.00000000 0.00000000
v 0.03609444 -0.00050479 -0.13529828 0.78431373 0.00000000 0.00000000
v 0.02528311 0.00056686 -0.22103954 0.78431373 0.00000000 0.00000000
v 0.00206093 -0.02715593 -0.28557572 0.78431373 0.00000000 0.00000000
v 0.01854673 0.00123459 -0.27446368 0.78431373 0.00000000 0.00000000
v 0.01445273 0.00164039 -0.30693193 0.78431373 0.00000000 0.00000000
v 0.02031095 -0.02896537 -0.14216790 0.78431373 0.00000000 0.00000000
v -0.02233777 -0.03181264 -0.45091802 0.78431373 0.00000000 0.00000000
v 0.02270266 0.05630177 -0.46281878 0.78431373 0.00000000 0.00000000
v 0.01853527 0.00052874 -0.27454893 0.78431373 0.00000000 0.00000000
v 0.01136950 -0.02690237 -0.22202227 0.78431373 0.00000000 0.00000000
v -0.10566708 -0.18235052 -0.48424292 0.78431373 0.00000000 0.00000000
v -0.10637008 -0.18598590 -0.47582844 0.78431373 0.00000000 0.00000000
v -0.03991909 -0.06562373 -0.45507827 0.78431373 0.00000000 0.00000000
v 0.02520237 -0.00128669 -0.22166492 0.78431373 0.00000000 0.00000000
v 0.00245535 0.01660608 -0.46474667 0.78431373 0.00000000 0.00000000
v 0.00412874 -0.02523175 -0.28668807 0.78431373 0.00000000 0.00000000
v 0.04029932 0.08956249 -0.47263038 0.78431373 0.00000000 0.00000000
v 0.02500805 -0.00278617 -0.22215713 0.78431373 0.00000000 0.00000000
v 0.03602893 -0.00423471 -0.13578776 0.78431373 0.00000000 0.00000000
v -0.01094635 -0.02211787 -0.41835028 0.78431373 0.00000000 0.00000000
v -0.00003023 -0.00207075 -0.41663863 0.78431373 0.00000000 0.00000000
v -0.01061376 -0.02183030 -0.41835049 0.78431373 0.00000000 0.00000000
v -0.00060262 -0.00221742 -0.42097444 0.78431373 0.00000000 0.00000000
v -0.04772170 -0.08024222 -0.46609238 0.78431373 0.00000000 0.00000000
v -0.02870378 -0.04533877 -0.46181459 0.78431373 0.00000000 0.00000000
v 0.00536518 0.01739663 -0.45511928 0.78431373 0.00000000 0.00000000
v -0.01327265 -0.02121683 -0.44209655 0.78431373 0.00000000 0.00000000
v -0.01018661 -0.02141381 -0.41834991 0.78431373 0.00000000 0.00000000
v -0.00914585 -0.01949914 -0.41833209 0.78431373 0.00000000 0.00000000
v 0.00674251 -0.02249438 -0.28808302 0.78431373 0.00000000 0.00000000
v 0.00805130 -0.01991872 -0.28873774 0.78431373 0.00000000 0.00000000
v 0.03585753 -0.00584386 -0.13602831 0.78431373 0.00000000 0.00000000
v 0.02471900 -0.00503797 -0.22287491 0.78431373 0.00000000 0.00000000
v 0.01491292 -0.02301588 -0.22521300 0.78431373 0.00000000 0.00000000
v 0.01800878 -0.00455248 -0.27519415 0.78431373 0.00000000 0.00000000
v 0.01723268 -0.00599214 -0.27542149 0.78431373 0.00000000 0.00000000
v -0.00174382 -0.00555748 -0.41951290 0.78431373 0.00000000 0.00000000
v -0.00025029 -0.00323142 -0.41755928 0.78431373 0.00000000 0.00000000
v -0.00063843 -0.00320334 -0.42058560 0.78431373 0.00000000 0.00000000
v -0.00361093 -0.00298827 -0.44376206 0.78431373 0.00000000 0.00000000
v 0.01648018 -0.01970498 -0.22691092 0.78431373 0.00000000 0.00000000
v -0.00116325 -0.00435005 -0.42006501 0.78431373 0.00000000 0.00000000
v -0.00100877 -0.00443600 -0.41856944 0.78431373 0.00000000 0.00000000
v 0.02594228 -0.02371988 -0.14034379 0.78431373 0.00000000 0.00000000
v 0.01315464 -0.01231588 -0.28144767 0.78431373 0.00000000 0.00000000
v 0.02963605 -0.01715392 -0.13874890 0.78431373 0.00000000 0.00000000
v 0.01890610 -0.01551574 -0.22576545 0.78431373 0.00000000 0.00000000
v 0.02781177 -0.02047045 -0.13954598 0.78431373 0.00000000 0.00000000
v 0.03156365 0.07164624 -0.47638921 0.78431373 0.00000000 0.00000000
v -0.02884642 -0.04867770 -0.45348318 0.78431373 0.00000000 0.00000000
v -0.03922952 -0.06594058 -0.46423022 0.78431373 0.00000000 0.00000000
v 0.02663452 0.06143700 -0.47513042 0.78431373 0.00000000 0.00000000
v 0.02634617 0.06080084 -0.47489472 0.78431373 0.00000000 0.00000000
v 0.03033285 0.06811879 -0.47603321 0.78431373 0.00000000 0.00000000
v 0.03343751 0.07426013 -0.47755468 0.78431373 0.00000000 0.00000000
v 0.03242628 0.07201932 -0.47671402 0.78431373 0.00000000 0.00000000
v 0.02662110 0.05999567 -0.47476608 0.78431373 0.00000000 0.00000000
v -0.10195139 -0.18346904 -0.47552328 0.78431373 0.00000000 0.00000000
v 0.02749519 0.06103084 -0.47525697 0.78431373 0.00000000 0.00000000
v 0.02787871 0.06108524 -0.47532339 0.78431373 0.00000000 0.00000000
v 0.02780818 0.06088313 -0.47530299 0.78431373 0.00000000 0.00000000
v 0.02805563 0.06112564 -0.47539130 0.78431373 0.00000000 0.00000000
v -0.04486820 -0.07964534 -0.46605289 0.78431373 0.00000000 0.00000000
v -0.03383165 -0.06159532 -0.45544794 0.78431373 0.00000000 0.00000000
v -0.00366492 -0.00332921 -0.46120908 0.78431373 0.00000000 0.00000000
v -0.04490486 -0.08242928 -0.45761366 0.78431373 0.00000000 0.00000000
v -0.09968084 -0.18178804 -0.47529510 0.78431373 0.00000000 0.00000000
v 0.02822284 0.05672623 -0.46464079 0.78431373 0.00000000 0.00000000
v 0.03892681 0.07811672 -0.47019759 0.78431373 0.00000000 0.00000000
v 0.03295679 0.06587837 -0.46665632 0.78431373 0.00000000 0.00000000
v 0.03464891 0.06930076 -0.46759346 0.78431373 0.00000000 0.00000000
v 0.03494326 0.06989578 -0.46775604 0.78431373 0.00000000 0.00000000
v 0.03514115 0.07029760 -0.46786789 0.78431373 0.00000000 0.00000000
v -0.02553147 -0.04846657 -0.45406630 0.78431373 0.00000000 0.00000000
v -0.09587372 -0.17515299 -0.48314445 0.78431373 0.00000000 0.00000000
v -0.03759191 -0.07176561 -0.45683385 0.78431373 0.00000000 0.00000000
v -0.01294804 -0.02646203 -0.45157858 0.78431373 0.00000000 0.00000000
v 0.00112292 0.00006929 -0.45300273 0.78431373 0.00000000 0.00000000
v -0.01827109 -0.03459135 -0.46124831 0.78431373 0.00000000 0.00000000
v -0.04530994 -0.08449587 -0.46696937 0.78431373 0.00000000 0.00000000
v 0.00733717 0.01120186 -0.45547538 0.78431373 0.00000000 0.00000000
v 0.03651886 0.06920508 -0.46798941 0.78431373 0.00000000 0.00000000
v 0.00510499 0.00852164 -0.46498073 0.78431373 0.00000000 0.00000000
v -0.04117404 -0.08145411 -0.45815411 0.78431373 0.00000000 0.00000000
v -0.01880274 -0.04147656 -0.45377011 0.78431373 0.00000000 0.00000000
v 0.00804378 0.00850567 -0.45558199 0.78431373 0.00000000 0.00000000
v -0.01260836 -0.03015791 -0.46127723 0.78431373 0.00000000 0.00000000
v -0.01221185 -0.02977136 -0.46136721 0.78431373 0.00000000 0.00000000
v 0.01285121 0.01898917 -0.46831212 0.78431373 0.00000000 0.00000000
v -0.04627151 -0.09524111 -0.46003287 0.78431373 0.00000000 0.00000000
v -0.07692818 -0.15102768 -0.47058765 0.78431373 0.00000000 0.00000000
v -0.07817262 -0.15332790 -0.47101422 0.78431373 0.00000000 0.00000000
v -0.08386896 -0.16385025 -0.47246053 0.78431373 0.00000000 0.00000000
v -0.08951426 -0.17428277 -0.47422690 0.78431373 0.00000000 0.00000000
v 0.03036703 0.05023923 -0.46500560 0.78431373 0.00000000 0.00000000
v 0.03561464 0.06268850 -0.47789578 0.78431373 0.00000000 0.00000000
v -0.07430495 -0.14821258 -0.47010090 0.78431373 0.00000000 0.00000000
v -0.07797997 -0.15308314 -0.47930126 0.78431373 0.00000000 0.00000000
v -0.08033818 -0.15744137 -0.48005803 0.78431373 0.00000000 0.00000000
v -0.01310977 -0.03698402 -0.45384010 0.78431373 0.00000000 0.00000000
v -0.08514565 -0.16632836 -0.48177106 0.78431373 0.00000000 0.00000000
v -0.08598591 -0.16788131 -0.48204558 0.78431373 0.00000000 0.00000000
v 0.00683086 0.00319957 -0.46519063 0.78431373 0.00000000 0.00000000
v 0.05038364 0.08706669 -0.47453442 0.78431373 0.00000000 0.00000000
v 0.04449816 0.07724018 -0.48125951 0.78431373 0.00000000 0.00000000
v -0.00384022 -0.01917016 -0.46298726 0.78431373 0.00000000 0.00000000
v -0.03499746 -0.07713760 -0.46726299 0.78431373 0.00000000 0.00000000
v 0.01846171 0.02120491 -0.45946455 0.78431373 0.00000000 0.00000000
v 0.03060182 0.04793857 -0.47553513 0.78431373 0.00000000 0.00000000
v 0.05165823 0.08764025 -0.47493904 0.78431373 0.00000000 0.00000000
v -0.03457729 -0.07971207 -0.45916373 0.78431373 0.00000000 0.00000000
v -0.05362408 -0.11500779 -0.46335112 0.78431373 0.00000000 0.00000000
v -0.00949529 -0.03410469 -0.45391576 0.78431373 0.00000000 0.00000000
v -0.06763728 -0.14101734 -0.46849711 0.78431373 0.00000000 0.00000000
v 0.05169502 0.08850026 -0.48397430 0.78431373 0.00000000 0.00000000
v -0.06719743 -0.14070570 -0.46842945 0.78431373 0.00000000 0.00000000
v -0.00772428 -0.03225340 -0.45385683 0.78431373 0.00000000 0.00000000
v 0.05343642 0.08843942 -0.47549264 0.78431373 0.00000000 0.00000000
v -0.03232834 -0.07724894 -0.46775193 0.78431373 0.00000000 0.00000000
v -0.06439059 -0.13870462 -0.46819876 0.78431373 0.00000000 0.00000000
v -0.06654735 -0.14083012 -0.47732529 0.78431373 0.00000000 0.00000000
v 0.01045143 -0.00078258 -0.45604516 0.78431373 0.00000000 0.00000000
v 0.05444849 0.08972184 -0.48466150 0.78431373 0.00000000 0.00000000
v 0.05473077 0.09007593 -0.48475801 0.78431373 0.00000000 0.00000000
v 0.05503394 0.08998713 -0.48486691 0.78431373 0.00000000 0.00000000
v 0.00851397 -0.00309482 -0.46531855 0.78431373 0.00000000 0.00000000
v -0.04655273 -0.10672213 -0.47130884 0.78431373 0.00000000 0.00000000
v -0.06341110 -0.13746958 -0.47679013 0.78431373 0.00000000 0.00000000
v 0.03323211 0.04157789 -0.46544938 0.78431373 0.00000000 0.00000000
v 0.00318571 -0.01865870 -0.45574142 0.78431373 0.00000000 0.00000000
v 0.00394713 -0.01770698 -0.45587595 0.78431373 0.00000000 0.00000000
v 0.04324712 0.05986681 -0.46970210 0.78431373 0.00000000 0.00000000
v -0.02545373 -0.07341120 -0.46816635 0.78431373 0.00000000 0.00000000
v 0.00952606 -0.00769471 -0.46619872 0.78431373 0.00000000 0.00000000
v 0.05820472 0.08507338 -0.47600050 0.78431373 0.00000000 0.00000000
v -0.05510897 -0.13208449 -0.46748394 0.78431373 0.00000000 0.00000000
v 0.03400465 0.03602771 -0.46538788 0.78431373 0.00000000 0.00000000
v -0.05542815 -0.13178833 -0.47597155 0.78431373 0.00000000 0.00000000
v 0.04667758 0.06013226 -0.47083445 0.78431373 0.00000000 0.00000000
v -0.02482965 -0.07747386 -0.46940654 0.78431373 0.00000000 0.00000000
v -0.02477127 -0.08001987 -0.46128376 0.78431373 0.00000000 0.00000000
v -0.02462955 -0.07768002 -0.46950527 0.78431373 0.00000000 0.00000000
v 0.01047761 -0.01200857 -0.46701554 0.78431373 0.00000000 0.00000000
v 0.01751888 0.00154506 -0.46866767 0.78431373 0.00000000 0.00000000
v 0.01401425 -0.00546084 -0.46746273 0.78431373 0.00000000 0.00000000
v 0.01536465 -0.00296297 -0.46763014 0.78431373 0.00000000 0.00000000
v 0.01784337 0.00173224 -0.46878974 0.78431373 0.00000000 0.00000000
v 0.03371651 0.03350639 -0.47579396 0.78431373 0.00000000 0.00000000
v 0.03476020 0.03535848 -0.47623883 0.78431373 0.00000000 0.00000000
v -0.04837484 -0.12506276 -0.46658770 0.78431373 0.00000000 0.00000000
v 0.03490260 0.03433708 -0.47623130 0.78431373 0.00000000 0.00000000
v 0.06612516 0.09412223 -0.47923081 0.78431373 0.00000000 0.00000000
v -0.04727099 -0.12393082 -0.46618506 0.78431373 0.00000000 0.00000000
v -0.04723179 -0.12388965 -0.46618372 0.78431373 0.00000000 0.00000000
v -0.04845488 -0.12453369 -0.47482279 0.78431373 0.00000000 0.00000000
v 0.05031277 0.06381146 -0.48270226 0.78431373 0.00000000 0.00000000
v -0.04753984 -0.12358212 -0.47466675 0.78431373 0.00000000 0.00000000
v 0.01320046 -0.01312823 -0.45828947 0.78431373 0.00000000 0.00000000
v 0.06628010 0.09510374 -0.48903476 0.78431373 0.00000000 0.00000000
v 0.02446389 0.00859428 -0.46099371 0.78431373 0.00000000 0.00000000
v 0.01946022 -0.00160526 -0.45898332 0.78431373 0.00000000 0.00000000
v -0.00994021 -0.05730392 -0.45887635 0.78431373 0.00000000 0.00000000
v 0.07299874 0.10766428 -0.49166975 0.78431373 0.00000000 0.00000000
v 0.02494829 0.00887744 -0.46116332 0.78431373 0.00000000 0.00000000
v -0.04581765 -0.12179270 -0.47435267 0.78431373 0.00000000 0.00000000
v 0.05137988 0.06418658 -0.48306093 0.78431373 0.00000000 0.00000000
v 0.03506823 0.02838211 -0.46529295 0.78431373 0.00000000 0.00000000
v -0.02234919 -0.07989230 -0.47023142 0.78431373 0.00000000 0.00000000
v -0.00181142 -0.04267368 -0.46636882 0.78431373 0.00000000 0.00000000
v -0.04298816 -0.11881823 -0.47430020 0.78431373 0.00000000 0.00000000
v 0.05208811 0.06055679 -0.47263881 0.78431373 0.00000000 0.00000000
v 0.01274566 -0.01508476 -0.46813635 0.78431373 0.00000000 0.00000000
v -0.04567868 -0.12616725 -0.46689534 0.78431373 0.00000000 0.00000000
v 0.01918038 -0.00288954 -0.46891766 0.78431373 0.00000000 0.00000000
v -0.04565969 -0.12503130 -0.47500677 0.78431373 0.00000000 0.00000000
v -0.01983576 -0.08021078 -0.46223571 0.78431373 0.00000000 0.00000000
v 0.07567717 0.10503510 -0.48312655 0.78431373 0.00000000 0.00000000
v -0.02209994 -0.08545207 -0.46300436 0.78431373 0.00000000 0.00000000
v 0.03588589 0.02730156 -0.47621915 0.78431373 0.00000000 0.00000000
v 0.05439741 0.06137922 -0.47344420 0.78431373 0.00000000 0.00000000
v -0.01881432 -0.08025100 -0.46243046 0.78431373 0.00000000 0.00000000
v 0.07346255 0.09745093 -0.48184775 0.78431373 0.00000000 0.00000000
v 0.03596386 0.02197687 -0.46528893 0.78431373 0.00000000 0.00000000
v 0.03328990 0.01563788 -0.46410749 0.78431373 0.00000000 0.00000000
v 0.03223954 0.01314983 -0.46368179 0.78431373 0.00000000 0.00000000
v 0.03640707 0.02357532 -0.47621909 0.78431373 0.00000000 0.00000000
v 0.05325336 0.05425939 -0.47267606 0.78431373 0.00000000 0.00000000
v 0.05852359 0.06676206 -0.48563850 0.78431373 0.00000000 0.00000000
v 0.03710361 0.02381868 -0.47645782 0.78431373 0.00000000 0.00000000
v 0.08378882 0.11726487 -0.49668530 0.78431373 0.00000000 0.00000000
v 0.04243658 0.03156664 -0.46787902 0.78431373 0.00000000 0.00000000
v 0.01558634 -0.01891491 -0.46945128 0.78431373 0.00000000 0.00000000
v 0.03234602 0.01394947 -0.47445197 0.78431373 0.00000000 0.00000000
v 0.03021018 0.00888035 -0.47339390 0.78431373 0.00000000 0.00000000
v 0.07478817 0.09614245 -0.49214464 0.78431373 0.00000000 0.00000000
v -0.01551816 -0.08354930 -0.46377242 0.78431373 0.00000000 0.00000000
v 0.07782988 0.09800580 -0.48329939 0.78431373 0.00000000 0.00000000
v -0.05047718 -0.14899185 -0.47056715 0.78431373 0.00000000 0.00000000
v -0.01490429 -0.08412592 -0.46391289 0.78431373 0.00000000 0.00000000
v 0.03079997 0.00470672 -0.47330396 0.78431373 0.00000000 0.00000000
v -0.05562898 -0.16030772 -0.47315298 0.78431373 0.00000000 0.00000000
v -0.04933634 -0.14719087 -0.47908201 0.78431373 0.00000000 0.00000000
v -0.03066586 -0.11304267 -0.47545695 0.78431373 0.00000000 0.00000000
v 0.09361961 0.12722067 -0.49949874 0.78431373 0.00000000 0.00000000
v 0.00640895 -0.04792232 -0.46002079 0.78431373 0.00000000 0.00000000
v -0.03047987 -0.11612595 -0.46753582 0.78431373 0.00000000 0.00000000
v 0.02019600 -0.02256657 -0.46155158 0.78431373 0.00000000 0.00000000
v 0.04464063 0.02501353 -0.46830078 0.78431373 0.00000000 0.00000000
v 0.03101963 -0.00266086 -0.46275334 0.78431373 0.00000000 0.00000000
v 0.01817113 -0.02575420 -0.47100087 0.78431373 0.00000000 0.00000000
v 0.06557183 0.06537355 -0.47738184 0.78431373 0.00000000 0.00000000
v 0.08210801 0.09854024 -0.48478210 0.78431373 0.00000000 0.00000000
v -0.02833649 -0.11512066 -0.46773870 0.78431373 0.00000000 0.00000000
v 0.08015449 0.09680632 -0.49404796 0.78431373 0.00000000 0.00000000
v 0.03159404 -0.00103218 -0.47324325 0.78431373 0.00000000 0.00000000
v 0.04676758 0.02575500 -0.46901736 0.78431373 0.00000000 0.00000000
v 0.02145580 -0.02426637 -0.46213935 0.78431373 0.00000000 0.00000000
v 0.05842952 0.05081447 -0.48490630 0.78431373 0.00000000 0.00000000
v 0.03408091 -0.00070338 -0.46381623 0.78431373 0.00000000 0.00000000
v 0.02171766 -0.02496245 -0.46229975 0.78431373 0.00000000 0.00000000
v -0.02528432 -0.11096776 -0.47604849 0.78431373 0.00000000 0.00000000
v 0.06772434 0.06748107 -0.48884430 0.78431373 0.00000000 0.00000000
v 0.09745969 0.12435475 -0.49132368 0.78431373 0.00000000 0.00000000
v 0.01923635 -0.02867506 -0.47174833 0.78431373 0.00000000 0.00000000
v -0.05861953 -0.17533899 -0.47544964 0.78431373 0.00000000 0.00000000
v 0.03436696 -0.00281946 -0.46381896 0.78431373 0.00000000 0.00000000
v 0.04840478 0.02778084 -0.48043311 0.78431373 0.00000000 0.00000000
v 0.03236202 -0.00441842 -0.47330919 0.78431373 0.00000000 0.00000000
v -0.01070905 -0.08822389 -0.46533021 0.78431373 0.00000000 0.00000000
v 0.03440715 -0.00322937 -0.46387618 0.78431373 0.00000000 0.00000000
v 0.04891318 0.02795879 -0.48060974 0.78431373 0.00000000 0.00000000
v 0.07673124 0.08363140 -0.49266031 0.78431373 0.00000000 0.00000000
v 0.06897201 0.06756674 -0.48921368 0.78431373 0.00000000 0.00000000
v 0.08622454 0.09905450 -0.48620880 0.78431373 0.00000000 0.00000000
v 0.04136978 0.01161669 -0.47729398 0.78431373 0.00000000 0.00000000
v 0.08105747 0.08746669 -0.48355852 0.78431373 0.00000000 0.00000000
v 0.01602479 -0.04009905 -0.47214362 0.78431373 0.00000000 0.00000000
v -0.02327465 -0.11647405 -0.46883859 0.78431373 0.00000000 0.00000000
v 0.07187987 0.06585354 -0.47950813 0.78431373 0.00000000 0.00000000
v -0.00869783 -0.09028232 -0.46628245 0.78431373 0.00000000 0.00000000
v 0.01655289 -0.04344996 -0.46272866 0.78431373 0.00000000 0.00000000
v -0.05444488 -0.17339106 -0.48391785 0.78431373 0.00000000 0.00000000
v -0.00823653 -0.09074749 -0.46648065 0.78431373 0.00000000 0.00000000
v -0.00987098 -0.09235478 -0.47524234 0.78431373 0.00000000 0.00000000
v 0.08996029 0.09952913 -0.48745045 0.78431373 0.00000000 0.00000000
v -0.01820605 -0.11121961 -0.46883924 0.78431373 0.00000000 0.00000000
v 0.03389183 -0.01244328 -0.47464501 0.78431373 0.00000000 0.00000000
v -0.01717184 -0.11097252 -0.46897677 0.78431373 0.00000000 0.00000000
v 0.05688572 0.02930280 -0.47257955 0.78431373 0.00000000 0.00000000
v -0.00846187 -0.09375780 -0.47579566 0.78431373 0.00000000 0.00000000
v -0.01487804 -0.10692348 -0.47727816 0.78431373 0.00000000 0.00000000
v 0.00036640 -0.08131154 -0.46584097 0.78431373 0.00000000 0.00000000
v 0.03650813 -0.01427858 -0.46573727 0.78431373 0.00000000 0.00000000
v 0.07628163 0.06604810 -0.49122823 0.78431373 0.00000000 0.00000000
v -0.00719563 -0.09595419 -0.47648537 0.78431373 0.00000000 0.00000000
v -0.02544824 -0.13021091 -0.48054981 0.78431373 0.00000000 0.00000000
v 0.04989018 0.00940555 -0.46930530 0.78431373 0.00000000 0.00000000
v 0.09301989 0.09839790 -0.49861105 0.78431373 0.00000000 0.00000000
v 0.07766000 0.06468091 -0.48136878 0.78431373 0.00000000 0.00000000
v 0.06259848 0.03627025 -0.48554292 0.78431373 0.00000000 0.00000000
v 0.04204332 -0.00554131 -0.47653456 0.78431373 0.00000000 0.00000000
v 0.03512423 -0.01914574 -0.47594489 0.78431373 0.00000000 0.00000000
v -0.06943788 -0.21360404 -0.49008163 0.78431373 0.00000000 0.00000000
v 0.07617797 0.06199443 -0.49089808 0.78431373 0.00000000 0.00000000
v -0.00614864 -0.09775988 -0.47702682 0.78431373 0.00000000 0.00000000
v 0.01938501 -0.05009245 -0.47460354 0.78431373 0.00000000 0.00000000
v 0.01139226 -0.06580795 -0.47392237 0.78431373 0.00000000 0.00000000
v 0.09510642 0.09836434 -0.49934713 0.78431373 0.00000000 0.00000000
v -0.00406062 -0.09808082 -0.46900472 0.78431373 0.00000000 0.00000000
v 0.03566868 -0.02190435 -0.47632864 0.78431373 0.00000000 0.00000000
v 0.06582024 0.03474391 -0.47584673 0.78431373 0.00000000 0.00000000
v -0.06444367 -0.21071416 -0.48188100 0.78431373 0.00000000 0.00000000
v -0.00816311 -0.10526969 -0.47828414 0.78431373 0.00000000 0.00000000
v -0.05373767 -0.19014275 -0.48736910 0.78431373 0.00000000 0.00000000
v 0.06746752 0.03922828 -0.48730097 0.78431373 0.00000000 0.00000000
v 0.02055096 -0.05540035 -0.46532506 0.78431373 0.00000000 0.00000000
v 0.12024671 0.14145421 -0.49928583 0.78431373 0.00000000 0.00000000
v -0.00112701 -0.09429384 -0.47728356 0.78431373 0.00000000 0.00000000
v -0.06385400 -0.20965090 -0.49085524 0.78431373 0.00000000 0.00000000
v 0.06797097 0.03605358 -0.47663284 0.78431373 0.00000000 0.00000000
v 0.02076160 -0.05423853 -0.47532459 0.78431373 0.00000000 0.00000000
v 0.08212965 0.06377471 -0.48281297 0.78431373 0.00000000 0.00000000
v 0.08190258 0.06494564 -0.49339654 0.78431373 0.00000000 0.00000000
v 0.10102417 0.10310909 -0.50150063 0.78431373 0.00000000 0.00000000
v 0.06975009 0.03654775 -0.47725227 0.78431373 0.00000000 0.00000000
v 0.02688916 -0.04738214 -0.46643451 0.78431373 0.00000000 0.00000000
v -0.00331977 -0.10271713 -0.47870747 0.78431373 0.00000000 0.00000000
v 0.12383275 0.14527336 -0.50850486 0.78431373 0.00000000 0.00000000
v 0.12497307 0.14559787 -0.50379998 0.78431373 0.00000000 0.00000000
v 0.07079998 0.03542053 -0.47754351 0.78431373 0.00000000 0.00000000
v 0.07167131 0.03708148 -0.47792150 0.78431373 0.00000000 0.00000000
v 0.00331779 -0.09246773 -0.47777678 0.78431373 0.00000000 0.00000000
v 0.00298278 -0.09310106 -0.47785911 0.78431373 0.00000000 0.00000000
v -0.00152814 -0.10177290 -0.47886406 0.78431373 0.00000000 0.00000000
v -0.00259116 -0.10394611 -0.47900765 0.78431373 0.00000000 0.00000000
v 0.12167377 0.13895768 -0.50943023 0.78431373 0.00000000 0.00000000
v -0.06368386 -0.21771651 -0.48775797 0.78431373 0.00000000 0.00000000
v 0.08598981 0.06437586 -0.48413286 0.78431373 0.00000000 0.00000000
v -0.02309949 -0.14447421 -0.47493064 0.78431373 0.00000000 0.00000000
v 0.10167275 0.09827950 -0.50147004 0.78431373 0.00000000 0.00000000
v 0.08860050 0.06935246 -0.48526538 0.78431373 0.00000000 0.00000000
v -0.04123324 -0.17838505 -0.47879539 0.78431373 0.00000000 0.00000000
v 0.02245816 -0.05939172 -0.47597430 0.78431373 0.00000000 0.00000000
v 0.06444806 0.01967739 -0.47459473 0.78431373 0.00000000 0.00000000
v 0.03941047 -0.02956380 -0.46832859 0.78431373 0.00000000 0.00000000
v 0.10815652 0.10688998 -0.49381750 0.78431373 0.00000000 0.00000000
v 0.03671890 -0.03490589 -0.46808904 0.78431373 0.00000000 0.00000000
v 0.08599908 0.06411112 -0.49468254 0.78431373 0.00000000 0.00000000
v 0.06607238 0.02415087 -0.48607340 0.78431373 0.00000000 0.00000000
v 0.03936694 -0.03240860 -0.46863049 0.78431373 0.00000000 0.00000000
v 0.03896169 -0.03326053 -0.46859970 0.78431373 0.00000000 0.00000000
v 0.10614027 0.09931840 -0.49269711 0.78431373 0.00000000 0.00000000
v -0.02934159 -0.15905860 -0.48590376 0.78431373 0.00000000 0.00000000
v 0.01010160 -0.08873994 -0.46956722 0.78431373 0.00000000 0.00000000
v 0.00718920 -0.09423877 -0.47028797 0.78431373 0.00000000 0.00000000
v 0.03951535 -0.03289563 -0.47103883 0.78431373 0.00000000 0.00000000
v 0.06052972 0.00728798 -0.47263452 0.78431373 0.00000000 0.00000000
v 0.04079257 -0.03115512 -0.46893209 0.78431373 0.00000000 0.00000000
v 0.06164120 0.01205060 -0.48374329 0.78431373 0.00000000 0.00000000
v 0.04001879 -0.03045946 -0.47820663 0.78431373 0.00000000 0.00000000
v 0.04286711 -0.02773886 -0.46919445 0.78431373 0.00000000 0.00000000
v 0.00095529 -0.10664916 -0.47137022 0.78431373 0.00000000 0.00000000
v 0.08975213 0.06496191 -0.48541403 0.78431373 0.00000000 0.00000000
v 0.07706063 0.04188133 -0.49060324 0.78431373 0.00000000 0.00000000
v 0.07043463 0.02573312 -0.47691095 0.78431373 0.00000000 0.00000000
v 0.05911133 0.00280993 -0.47198211 0.78431373 0.00000000 0.00000000
v 0.06338261 0.01380650 -0.48442906 0.78431373 0.00000000 0.00000000
v 0.04468082 -0.02325626 -0.47877692 0.78431373 0.00000000 0.00000000
v 0.05864838 0.00134872 -0.47177242 0.78431373 0.00000000 0.00000000
v 0.00040345 -0.10902693 -0.47168915 0.78431373 0.00000000 0.00000000
v 0.05625833 -0.00385672 -0.47078809 0.78431373 0.00000000 0.00000000
v 0.04342149 -0.02625775 -0.47871588 0.78431373 0.00000000 0.00000000
v 0.02259297 -0.06927083 -0.46751724 0.78431373 0.00000000 0.00000000
v 0.05267662 -0.01157352 -0.47050656 0.78431373 0.00000000 0.00000000
v 0.03531122 -0.04290853 -0.47786447 0.78431373 0.00000000 0.00000000
v 0.04089871 -0.03223524 -0.47849462 0.78431373 0.00000000 0.00000000
v 0.10659112 0.09821768 -0.50304410 0.78431373 0.00000000 0.00000000
v 0.05814565 0.00097355 -0.48178775 0.78431373 0.00000000 0.00000000
v 0.05504339 -0.00579879 -0.48028670 0.78431373 0.00000000 0.00000000
v 0.05388502 -0.00811817 -0.47982205 0.78431373 0.00000000 0.00000000
v 0.04164805 -0.03395072 -0.46950635 0.78431373 0.00000000 0.00000000
v 0.05430016 -0.00741745 -0.47998131 0.78431373 0.00000000 0.00000000
v 0.00244952 -0.10765333 -0.47180483 0.78431373 0.00000000 0.00000000
v 0.07408484 0.02938964 -0.47839986 0.78431373 0.00000000 0.00000000
v 0.10918675 0.09927683 -0.49370263 0.78431373 0.00000000 0.00000000
v 0.06697776 0.01734894 -0.48602153 0.78431373 0.00000000 0.00000000
v 0.12172726 0.12683625 -0.50958374 0.78431373 0.00000000 0.00000000
v 0.00221650 -0.10718188 -0.48027383 0.78431373 0.00000000 0.00000000
v 0.02289977 -0.07121639 -0.46797942 0.78431373 0.00000000 0.00000000
v 0.07562708 0.03095913 -0.47897640 0.78431373 0.00000000 0.00000000
v 0.00314922 -0.10812301 -0.47202288 0.78431373 0.00000000 0.00000000
v 0.02236474 -0.07092729 -0.47658396 0.78431373 0.00000000 0.00000000
v 0.02371628 -0.06853984 -0.47674699 0.78431373 0.00000000 0.00000000
v 0.02308720 -0.07238863 -0.46827747 0.78431373 0.00000000 0.00000000
v 0.00357896 -0.10841074 -0.47217683 0.78431373 0.00000000 0.00000000
v 0.02379598 -0.06905299 -0.47685960 0.78431373 0.00000000 0.00000000
v 0.02310711 -0.07252978 -0.46829320 0.78431373 0.00000000 0.00000000
v 0.02314472 -0.07275756 -0.46836010 0.78431373 0.00000000 0.00000000
v 0.12804908 0.13533998 -0.50875399 0.78431373 0.00000000 0.00000000
v 0.04278988 -0.03484689 -0.47904780 0.78431373 0.00000000 0.00000000
v 0.02462049 -0.07194536 -0.46845639 0.78431373 0.00000000 0.00000000
v 0.11226888 0.09923697 -0.49469947 0.78431373 0.00000000 0.00000000
v 0.08101206 0.03924920 -0.49177397 0.78431373 0.00000000 0.00000000
v 0.07328725 0.02373656 -0.48845146 0.78431373 0.00000000 0.00000000
v -0.05244841 -0.21490049 -0.48825225 0.78431373 0.00000000 0.00000000
v 0.05747836 -0.00890011 -0.48081963 0.78431373 0.00000000 0.00000000
v 0.02433317 -0.07253564 -0.47759588 0.78431373 0.00000000 0.00000000
v 0.02366124 -0.07595952 -0.46920879 0.78431373 0.00000000 0.00000000
v 0.02384441 -0.07389880 -0.47761106 0.78431373 0.00000000 0.00000000
v 0.08395874 0.04049008 -0.48218533 0.78431373 0.00000000 0.00000000
v 0.02044993 -0.08467357 -0.47062322 0.78431373 0.00000000 0.00000000
v 0.01724615 -0.09080411 -0.47143514 0.78431373 0.00000000 0.00000000
v 0.12933356 0.12902031 -0.50255636 0.78431373 0.00000000 0.00000000
v 0.01170952 -0.10143675 -0.47232838 0.78431373 0.00000000 0.00000000
v 0.01104596 -0.10271012 -0.47244817 0.78431373 0.00000000 0.00000000
v 0.01930595 -0.08621118 -0.47962615 0.78431373 0.00000000 0.00000000
v 0.01798012 -0.08874841 -0.47995938 0.78431373 0.00000000 0.00000000
v 0.01600507 -0.09253248 -0.48039654 0.78431373 0.00000000 0.00000000
v 0.01329877 -0.09773860 -0.48071423 0.78431373 0.00000000 0.00000000
v 0.08726520 0.04556874 -0.49416000 0.78431373 0.00000000 0.00000000
v 0.01039552 -0.10573750 -0.47290363 0.78431373 0.00000000 0.00000000
v 0.08018899 0.03073472 -0.49108610 0.78431373 0.00000000 0.00000000
v 0.00775526 -0.11120150 -0.47382116 0.78431373 0.00000000 0.00000000
v 0.01010139 -0.10714509 -0.47317851 0.78431373 0.00000000 0.00000000
v 0.09825886 0.06602344 -0.49875310 0.78431373 0.00000000 0.00000000
v 0.01202507 -0.10352501 -0.48135291 0.78431373 0.00000000 0.00000000
v 0.00936752 -0.11074994 -0.47403013 0.78431373 0.00000000 0.00000000
v 0.00816763 -0.11116124 -0.48254668 0.78431373 0.00000000 0.00000000
v -0.04225754 -0.20648323 -0.48435313 0.78431373 0.00000000 0.00000000
v 0.04640855 -0.03944011 -0.48121457 0.78431373 0.00000000 0.00000000
v 0.04807441 -0.03876134 -0.47202550 0.78431373 0.00000000 0.00000000
v 0.10159524 0.06681083 -0.48928314 0.78431373 0.00000000 0.00000000
v 0.00909233 -0.11209533 -0.47433812 0.78431373 0.00000000 0.00000000
v 0.11112767 0.08493386 -0.49348622 0.78431373 0.00000000 0.00000000
v 0.10253645 0.06695766 -0.48959494 0.78431373 0.00000000 0.00000000
v 0.04707976 -0.04029587 -0.48160608 0.78431373 0.00000000 0.00000000
v 0.01075444 -0.10969533 -0.48270034 0.78431373 0.00000000 0.00000000
v 0.08904424 0.03710183 -0.48369433 0.78431373 0.00000000 0.00000000
v 0.01017118 -0.11250237 -0.48327366 0.78431373 0.00000000 0.00000000
v 0.10247981 0.06576826 -0.50010860 0.78431373 0.00000000 0.00000000
v 0.06929540 -0.00447443 -0.47493845 0.78431373 0.00000000 0.00000000
v 0.00723668 -0.11968517 -0.48445443 0.78431373 0.00000000 0.00000000
v 0.02531429 -0.08661983 -0.48098648 0.78431373 0.00000000 0.00000000
v 0.10550025 0.06977831 -0.50128953 0.78431373 0.00000000 0.00000000
v 0.13212067 0.12193928 -0.50886548 0.78431373 0.00000000 0.00000000
v 0.12654649 0.11022643 -0.51041657 0.78431373 0.00000000 0.00000000
v 0.05157769 -0.04138604 -0.47340848 0.78431373 0.00000000 0.00000000
v 0.05043703 -0.04376239 -0.47330998 0.78431373 0.00000000 0.00000000
v 0.02700919 -0.08673304 -0.48135835 0.78431373 0.00000000 0.00000000
v 0.09158292 0.03540247 -0.48447357 0.78431373 0.00000000 0.00000000
v 0.01192401 -0.11588975 -0.48445321 0.78431373 0.00000000 0.00000000
v 0.08977494 0.03340226 -0.49440226 0.78431373 0.00000000 0.00000000
v 0.05263530 -0.04217877 -0.47382759 0.78431373 0.00000000 0.00000000
v 0.09107503 0.03443804 -0.49488481 0.78431373 0.00000000 0.00000000
v 0.02956461 -0.08538627 -0.48158171 0.78431373 0.00000000 0.00000000
v 0.05153548 -0.04374918 -0.48386834 0.78431373 0.00000000 0.00000000
v 0.10689131 0.06549976 -0.50154119 0.78431373 0.00000000 0.00000000
v 0.09432575 0.03758855 -0.48547492 0.78431373 0.00000000 0.00000000
v 0.07036145 -0.00807198 -0.48582767 0.78431373 0.00000000 0.00000000
v 0.02264417 -0.10170518 -0.47439240 0.78431373 0.00000000 0.00000000
v 0.01294491 -0.11786530 -0.48512744 0.78431373 0.00000000 0.00000000
v 0.09648170 0.03930579 -0.48628269 0.78431373 0.00000000 0.00000000
v 0.08320188 0.01265105 -0.48077664 0.78431373 0.00000000 0.00000000
v 0.01353190 -0.12062661 -0.47756208 0.78431373 0.00000000 0.00000000
v 0.01344540 -0.11884502 -0.48540294 0.78431373 0.00000000 0.00000000
v 0.03283905 -0.08547880 -0.47321379 0.78431373 0.00000000 0.00000000
v 0.09687061 0.03782307 -0.48633289 0.78431373 0.00000000 0.00000000
v -0.03434955 -0.20918688 -0.49202475 0.78431373 0.00000000 0.00000000
v 0.11127925 0.06643251 -0.49237251 0.78431373 0.00000000 0.00000000
v 0.12489818 0.09636314 -0.50882276 0.78431373 0.00000000 0.00000000
v 0.09852875 0.04093803 -0.48701682 0.78431373 0.00000000 0.00000000
v 0.03181438 -0.08701535 -0.48219107 0.78431373 0.00000000 0.00000000
v 0.09904940 0.04135288 -0.48720900 0.78431373 0.00000000 0.00000000
v 0.13439523 0.11190047 -0.50281077 0.78431373 0.00000000 0.00000000
v 0.11129169 0.06491431 -0.49228112 0.78431373 0.00000000 0.00000000
v 0.03526110 -0.08562571 -0.47365998 0.78431373 0.00000000 0.00000000
v 0.03372981 -0.08714652 -0.48262990 0.78431373 0.00000000 0.00000000
v 0.01518147 -0.12384101 -0.47854220 0.78431373 0.00000000 0.00000000
v -0.00796997 -0.16724138 -0.48267088 0.78431373 0.00000000 0.00000000
v 0.01528572 -0.12246681 -0.48632179 0.78431373 0.00000000 0.00000000
v 0.03644151 -0.08569974 -0.47389135 0.78431373 0.00000000 0.00000000
v 0.10070268 0.04211155 -0.49839777 0.78431373 0.00000000 0.00000000
v 0.03821454 -0.08364296 -0.47382696 0.78431373 0.00000000 0.00000000
v 0.01574614 -0.12494884 -0.47884106 0.78431373 0.00000000 0.00000000
v 0.10221264 0.04331497 -0.49894991 0.78431373 0.00000000 0.00000000
v 0.11513079 0.06617871 -0.49379433 0.78431373 0.00000000 0.00000000
v 0.05641969 -0.04726990 -0.48519023 0.78431373 0.00000000 0.00000000
v 0.13149842 0.09728131 -0.50081812 0.78431373 0.00000000 0.00000000
v 0.05907366 -0.04700870 -0.47639659 0.78431373 0.00000000 0.00000000
v 0.11726687 0.06687135 -0.49463559 0.78431373 0.00000000 0.00000000
v 0.13664958 0.10727761 -0.50962029 0.78431373 0.00000000 0.00000000
v 0.01695467 -0.12735156 -0.47932555 0.78431373 0.00000000 0.00000000
v 0.01669315 -0.12590318 -0.48713431 0.78431373 0.00000000 0.00000000
v 0.13082107 0.09575871 -0.51072051 0.78431373 0.00000000 0.00000000
v 0.03985492 -0.08592191 -0.47460693 0.78431373 0.00000000 0.00000000
v 0.00475946 -0.14846497 -0.49014846 0.78431373 0.00000000 0.00000000
v 0.13323567 0.09710362 -0.50137735 0.78431373 0.00000000 0.00000000
v 0.01496225 -0.13234008 -0.47960555 0.78431373 0.00000000 0.00000000
v 0.13165656 0.09572754 -0.51064435 0.78431373 0.00000000 0.00000000
v 0.13116574 0.09459215 -0.51074502 0.78431373 0.00000000 0.00000000
v 0.09516802 0.02248006 -0.49566350 0.78431373 0.00000000 0.00000000
v 0.01774732 -0.12929656 -0.47968780 0.78431373 0.00000000 0.00000000
v 0.04279889 -0.08617556 -0.47557974 0.78431373 0.00000000 0.00000000
v 0.01852525 -0.13120972 -0.48000167 0.78431373 0.00000000 0.00000000
v 0.06062292 -0.05029651 -0.48631366 0.78431373 0.00000000 0.00000000
v 0.11914964 0.06476019 -0.50546431 0.78431373 0.00000000 0.00000000
v 0.04234171 -0.08685084 -0.48454657 0.78431373 0.00000000 0.00000000
v 0.08194513 -0.01203794 -0.48864925 0.78431373 0.00000000 0.00000000
v 0.01925849 -0.13297814 -0.48063955 0.78431373 0.00000000 0.00000000
v 0.06179432 -0.05108321 -0.48662318 0.78431373 0.00000000 0.00000000
v 0.04335309 -0.08681592 -0.48476901 0.78431373 0.00000000 0.00000000
v 0.02681877 -0.11938329 -0.47995570 0.78431373 0.00000000 0.00000000
v 0.04013917 -0.09304338 -0.48444586 0.78431373 0.00000000 0.00000000
v 0.13858034 0.09668413 -0.50310687 0.78431373 0.00000000 0.00000000
v 0.13881903 0.09646401 -0.50432910 0.78431373 0.00000000 0.00000000
v -0.01424913 -0.19761050 -0.48793809 0.78431373 0.00000000 0.00000000
v 0.11311168 0.04636750 -0.50266653 0.78431373 0.00000000 0.00000000
v 0.13875943 0.09541281 -0.51031285 0.78431373 0.00000000 0.00000000
v 0.11410950 0.04664643 -0.50300152 0.78431373 0.00000000 0.00000000
v 0.13929931 0.09407009 -0.50315774 0.78431373 0.00000000 0.00000000
v 0.12798525 0.07049112 -0.49832215 0.78431373 0.00000000 0.00000000
v 0.14032034 0.09539253 -0.51023671 0.78431373 0.00000000 0.00000000
v 0.12603458 0.06709552 -0.50779466 0.78431373 0.00000000 0.00000000
v 0.04981231 -0.08598335 -0.47780862 0.78431373 0.00000000 0.00000000
v 0.12692820 0.06739853 -0.50809750 0.78431373 0.00000000 0.00000000
v 0.02134734 -0.13719677 -0.49050888 0.78431373 0.00000000 0.00000000
v -0.01305803 -0.20233810 -0.49483257 0.78431373 0.00000000 0.00000000
v 0.06603229 -0.05418234 -0.48881326 0.78431373 0.00000000 0.00000000
v 0.11879071 0.04689674 -0.49408800 0.78431373 0.00000000 0.00000000
v 0.04929082 -0.08668842 -0.48714043 0.78431373 0.00000000 0.00000000
v 0.14117220 0.09263440 -0.51037976 0.78431373 0.00000000 0.00000000
v 0.02224359 -0.14019495 -0.48306618 0.78431373 0.00000000 0.00000000
v 0.13558600 0.08092331 -0.51194483 0.78431373 0.00000000 0.00000000
v 0.12137606 0.04920926 -0.49505244 0.78431373 0.00000000 0.00000000
v 0.05233053 -0.08591336 -0.47859554 0.78431373 0.00000000 0.00000000
v 0.00214884 -0.17669783 -0.49561642 0.78431373 0.00000000 0.00000000
v 0.12282033 0.05053216 -0.49567530 0.78431373 0.00000000 0.00000000
v 0.13282125 0.07024129 -0.49989550 0.78431373 0.00000000 0.00000000
v 0.06792050 -0.05556624 -0.48980210 0.78431373 0.00000000 0.00000000
v 0.11575444 0.03823905 -0.50314464 0.78431373 0.00000000 0.00000000
v 0.02322508 -0.14256821 -0.48386001 0.78431373 0.00000000 0.00000000
v 0.12552669 0.05682036 -0.50715663 0.78431373 0.00000000 0.00000000
v 0.07061005 -0.05510936 -0.48093822 0.78431373 0.00000000 0.00000000
v 0.12568218 0.05308932 -0.49673564 0.78431373 0.00000000 0.00000000
v 0.05449920 -0.08472717 -0.48893213 0.78431373 0.00000000 0.00000000
v 0.02356455 -0.14254332 -0.49244689 0.78431373 0.00000000 0.00000000
v 0.02373531 -0.14296654 -0.49248372 0.78431373 0.00000000 0.00000000
v 0.02382348 -0.14317589 -0.49259283 0.78431373 0.00000000 0.00000000
v 0.02346483 -0.14682579 -0.48497524 0.78431373 0.00000000 0.00000000
v 0.12869876 0.05507720 -0.49781949 0.78431373 0.00000000 0.00000000
v 0.04961264 -0.09947811 -0.47924649 0.78431373 0.00000000 0.00000000
v 0.05816736 -0.08373121 -0.48019484 0.78431373 0.00000000 0.00000000
v 0.07154747 -0.05910209 -0.48167812 0.78431373 0.00000000 0.00000000
v 0.13112017 0.06049373 -0.50913180 0.78431373 0.00000000 0.00000000
v 0.02484801 -0.14567734 -0.49318467 0.78431373 0.00000000 0.00000000
v 0.04596139 -0.10733918 -0.48902013 0.78431373 0.00000000 0.00000000
v 0.09881406 -0.00891174 -0.48470081 0.78431373 0.00000000 0.00000000
v 0.02362249 -0.15110362 -0.48560651 0.78431373 0.00000000 0.00000000
v 0.05893435 -0.08305634 -0.49047757 0.78431373 0.00000000 0.00000000
v 0.06955894 -0.06316919 -0.49167118 0.78431373 0.00000000 0.00000000
v 0.12539989 0.04294268 -0.49615824 0.78431373 0.00000000 0.00000000
v 0.09852376 -0.00895271 -0.49492521 0.78431373 0.00000000 0.00000000
v 0.06180344 -0.08237004 -0.48123778 0.78431373 0.00000000 0.00000000
v 0.14471241 0.07992135 -0.50553801 0.78431373 0.00000000 0.00000000
v 0.10953500 0.00875528 -0.48914123 0.78431373 0.00000000 0.00000000
v 0.13480994 0.05916527 -0.50018165 0.78431373 0.00000000 0.00000000
v 0.07262708 -0.06377260 -0.48259678 0.78431373 0.00000000 0.00000000
v 0.13816418 0.06551081 -0.51163724 0.78431373 0.00000000 0.00000000
v 0.02386004 -0.15729283 -0.48657546 0.78431373 0.00000000 0.00000000
v 0.02386060 -0.15730204 -0.48657810 0.78431373 0.00000000 0.00000000
v 0.02387525 -0.15744947 -0.48665405 0.78431373 0.00000000 0.00000000
v 0.02387825 -0.15760487 -0.48673064 0.78431373 0.00000000 0.00000000
v 0.02515917 -0.15325639 -0.49449027 0.78431373 0.00000000 0.00000000
v 0.02468833 -0.15703395 -0.48667707 0.78431373 0.00000000 0.00000000
v 0.14569216 0.07797910 -0.51114533 0.78431373 0.00000000 0.00000000
v 0.06446283 -0.08100183 -0.49167153 0.78431373 0.00000000 0.00000000
v 0.13987274 0.06674898 -0.51224723 0.78431373 0.00000000 0.00000000
v 0.13987805 0.06673201 -0.51224815 0.78431373 0.00000000 0.00000000
v 0.13988175 0.06674245 -0.51226968 0.78431373 0.00000000 0.00000000
v 0.13989063 0.06673665 -0.51229241 0.78431373 0.00000000 0.00000000
v 0.03386014 -0.13930128 -0.49370526 0.78431373 0.00000000 0.00000000
v 0.02525963 -0.15539624 -0.49493299 0.78431373 0.00000000 0.00000000
v 0.07115578 -0.06949620 -0.49249405 0.78431373 0.00000000 0.00000000
v 0.14102964 0.06684954 -0.51217864 0.78431373 0.00000000 0.00000000
v 0.14034921 0.06522533 -0.51232944 0.78431373 0.00000000 0.00000000
v 0.02513802 -0.15996278 -0.49581628 0.78431373 0.00000000 0.00000000
v 0.01124593 -0.18963931 -0.49106355 0.78431373 0.00000000 0.00000000
v 0.07272385 -0.07323384 -0.49313112 0.78431373 0.00000000 0.00000000
v 0.00759850 -0.19590626 -0.49721088 0.78431373 0.00000000 0.00000000
v 0.02370889 -0.16772603 -0.48934205 0.78431373 0.00000000 0.00000000
v 0.07565476 -0.07161906 -0.48454285 0.78431373 0.00000000 0.00000000
v 0.14744249 0.06933695 -0.50513145 0.78431373 0.00000000 0.00000000
v 0.06916064 -0.08211168 -0.49288334 0.78431373 0.00000000 0.00000000
v 0.14762619 0.06926217 -0.50540114 0.78431373 0.00000000 0.00000000
v 0.02506593 -0.16549224 -0.49737633 0.78431373 0.00000000 0.00000000
v 0.14777477 0.06898571 -0.50631373 0.78431373 0.00000000 0.00000000
v 0.02444601 -0.16868441 -0.48974396 0.78431373 0.00000000 0.00000000
v 0.14771183 0.06851888 -0.50519673 0.78431373 0.00000000 0.00000000
v 0.14779552 0.06864274 -0.50539319 0.78431373 0.00000000 0.00000000
v 0.14782036 0.06890537 -0.50660931 0.78431373 0.00000000 0.00000000
v 0.07095472 -0.08434513 -0.48451079 0.78431373 0.00000000 0.00000000
v 0.14840436 0.06641546 -0.50536459 0.78431373 0.00000000 0.00000000
v 0.02499589 -0.16957088 -0.49841698 0.78431373 0.00000000 0.00000000
v 0.14891174 0.06754648 -0.51168944 0.78431373 0.00000000 0.00000000
v 0.02497021 -0.17122730 -0.49885771 0.78431373 0.00000000 0.00000000
v 0.05677035 -0.11298241 -0.49202173 0.78431373 0.00000000 0.00000000
v 0.07318373 -0.08308188 -0.49382468 0.78431373 0.00000000 0.00000000
v 0.07528945 -0.07924584 -0.49405599 0.78431373 0.00000000 0.00000000
v 0.02573783 -0.17222729 -0.49928555 0.78431373 0.00000000 0.00000000
v 0.11051438 -0.01507599 -0.49792533 0.78431373 0.00000000 0.00000000
v 0.15021611 0.06331986 -0.51190988 0.78431373 0.00000000 0.00000000
v 0.05830774 -0.11858874 -0.48442453 0.78431373 0.00000000 0.00000000
v 0.14463042 0.05160985 -0.51347500 0.78431373 0.00000000 0.00000000
v 0.07701736 -0.08387910 -0.49534314 0.78431373 0.00000000 0.00000000
v 0.07721359 -0.08571136 -0.48667418 0.78431373 0.00000000 0.00000000
v 0.07955450 -0.08164050 -0.48695273 0.78431373 0.00000000 0.00000000
v 0.02962249 -0.17532140 -0.49212401 0.78431373 0.00000000 0.00000000
v 0.05013035 -0.13756313 -0.48806968 0.78431373 0.00000000 0.00000000
v 0.12583506 0.00712227 -0.50498200 0.78431373 0.00000000 0.00000000
v 0.03164470 -0.17786952 -0.49284208 0.78431373 0.00000000 0.00000000
v 0.12003533 -0.01124410 -0.49176962 0.78431373 0.00000000 0.00000000
v 0.08149722 -0.08664411 -0.48816607 0.78431373 0.00000000 0.00000000
v 0.02578221 -0.19017935 -0.49943377 0.78431373 0.00000000 0.00000000
v 0.03125025 -0.17941164 -0.50237332 0.78431373 0.00000000 0.00000000
v 0.08252160 -0.08753108 -0.48860063 0.78431373 0.00000000 0.00000000
v 0.15311727 0.04935492 -0.50559878 0.78431373 0.00000000 0.00000000
v 0.13411676 0.01113836 -0.49741744 0.78431373 0.00000000 0.00000000
v 0.08180441 -0.08806269 -0.49768884 0.78431373 0.00000000 0.00000000
v 0.05176427 -0.14870511 -0.49012916 0.78431373 0.00000000 0.00000000
v 0.03504925 -0.18214302 -0.49397287 0.78431373 0.00000000 0.00000000
v 0.03398886 -0.18251293 -0.50168790 0.78431373 0.00000000 0.00000000
v 0.15473620 0.04866460 -0.51267537 0.78431373 0.00000000 0.00000000
v 0.03535226 -0.18268239 -0.49482773 0.78431373 0.00000000 0.00000000
v 0.14932468 0.03695101 -0.51388641 0.78431373 0.00000000 0.00000000
v 0.03670736 -0.18162083 -0.49417552 0.78431373 0.00000000 0.00000000
v 0.03433125 -0.18452638 -0.50118593 0.78431373 0.00000000 0.00000000
v 0.03458898 -0.18615805 -0.50080835 0.78431373 0.00000000 0.00000000
v 0.03647911 -0.18468816 -0.49800651 0.78431373 0.00000000 0.00000000
v 0.06489934 -0.13103887 -0.49754959 0.78431373 0.00000000 0.00000000
v 0.03477687 -0.18734693 -0.50053308 0.78431373 0.00000000 0.00000000
v 0.08567022 -0.09145273 -0.49967724 0.78431373 0.00000000 0.00000000
v 0.12524738 -0.01602466 -0.50373130 0.78431373 0.00000000 0.00000000
v 0.05304090 -0.16082246 -0.50185469 0.78431373 0.00000000 0.00000000
v 0.04033342 -0.18559717 -0.50121219 0.78431373 0.00000000 0.00000000
v 0.08904348 -0.09432534 -0.50071564 0.78431373 0.00000000 0.00000000
v 0.15827955 0.03595096 -0.50783342 0.78431373 0.00000000 0.00000000
v 0.05551755 -0.16409523 -0.49492351 0.78431373 0.00000000 0.00000000
v 0.15926081 0.03400615 -0.51344004 0.78431373 0.00000000 0.00000000
v 0.09319729 -0.09675418 -0.49296147 0.78431373 0.00000000 0.00000000
v 0.15367486 0.02229606 -0.51500518 0.78431373 0.00000000 0.00000000
v 0.15442941 0.01696511 -0.50413742 0.78431373 0.00000000 0.00000000
v 0.14084669 -0.01272097 -0.49865981 0.78431373 0.00000000 0.00000000
v 0.09521646 -0.09959600 -0.50272881 0.78431373 0.00000000 0.00000000
v 0.13904469 -0.01829356 -0.50727238 0.78431373 0.00000000 0.00000000
v 0.05852479 -0.17475142 -0.49684351 0.78431373 0.00000000 0.00000000
v 0.09673899 -0.10115373 -0.50324651 0.78431373 0.00000000 0.00000000
v 0.05487996 -0.18101596 -0.50298989 0.78431373 0.00000000 0.00000000
v 0.09798535 -0.10168842 -0.49500501 0.78431373 0.00000000 0.00000000
v 0.07680687 -0.14019287 -0.50134974 0.78431373 0.00000000 0.00000000
v 0.07920116 -0.14067883 -0.49340328 0.78431373 0.00000000 0.00000000
v 0.16378101 0.01935136 -0.51420540 0.78431373 0.00000000 0.00000000
v 0.16393358 0.01762883 -0.50878792 0.78431373 0.00000000 0.00000000
v 0.15825035 0.00764955 -0.51547073 0.78431373 0.00000000 0.00000000
v 0.10055072 -0.10512352 -0.50536137 0.78431373 0.00000000 0.00000000
v 0.06945470 -0.17642441 -0.50477377 0.78431373 0.00000000 0.00000000
v 0.07670778 -0.16900485 -0.49906734 0.78431373 0.00000000 0.00000000
v 0.10624667 -0.11104282 -0.50837101 0.78431373 0.00000000 0.00000000
v 0.16831482 0.00467025 -0.51497324 0.78431373 0.00000000 0.00000000
v 0.10998007 -0.11404115 -0.50002861 0.78431373 0.00000000 0.00000000
v 0.16919654 -0.00048872 -0.50907791 0.78431373 0.00000000 0.00000000
v 0.11073637 -0.11482280 -0.50037788 0.78431373 0.00000000 0.00000000
v 0.16468757 -0.01039423 -0.51619756 0.78431373 0.00000000 0.00000000
v 0.08266291 -0.17236071 -0.50632398 0.78431373 0.00000000 0.00000000
v 0.11265235 -0.11621238 -0.51154321 0.78431373 0.00000000 0.00000000
v 0.09090129 -0.16044505 -0.50959766 0.78431373 0.00000000 0.00000000
v 0.11382021 -0.11715942 -0.51182557 0.78431373 0.00000000 0.00000000
v 0.12308385 -0.10270045 -0.50284927 0.78431373 0.00000000 0.00000000
v 0.17110967 -0.00896016 -0.51739457 0.78431373 0.00000000 0.00000000
v 0.11580135 -0.11891525 -0.50256862 0.78431373 0.00000000 0.00000000
v 0.17260194 -0.01462498 -0.50912524 0.78431373 0.00000000 0.00000000
v 0.11789181 -0.12059781 -0.50389715 0.78431373 0.00000000 0.00000000
v 0.09600641 -0.16298957 -0.50180579 0.78431373 0.00000000 0.00000000
v 0.11835640 -0.12094505 -0.50593381 0.78431373 0.00000000 0.00000000
v 0.11808383 -0.12065299 -0.51049997 0.78431373 0.00000000 0.00000000
v 0.11863123 -0.12115276 -0.50698797 0.78431373 0.00000000 0.00000000
v 0.11891297 -0.12133099 -0.51033283 0.78431373 0.00000000 0.00000000
v 0.17449823 -0.01533175 -0.51630315 0.78431373 0.00000000 0.00000000
v 0.12063670 -0.11953965 -0.51034835 0.78431373 0.00000000 0.00000000
v 0.11616891 -0.12818364 -0.50985440 0.78431373 0.00000000 0.00000000
v 0.09579533 -0.16760115 -0.50760195 0.78431373 0.00000000 0.00000000
f 532 531 559
f 532 786 531
f 531 533 554
f 531 782 533
f 559 531 554
f 786 782 531
f 535 532 559
f 535 793 532
f 532 788 786
f 532 793 788
f 533 537 546
f 533 782 537
f 551 533 546
f 533 551 554
f 539 535 564
f 539 572 535
f 535 559 564
f 572 821 535
f 535 821 793
f 546 537 775
f 782 775 537
f 539 564 565
f 539 565 568
f 572 539 568
f 549 542 545
f 545 542 585
f 549 611 542
f 542 562 583
f 611 562 542
f 542 583 585
f 858 549 545
f 545 585 571
f 571 916 545
f 876 858 545
f 545 916 876
f 546 767 551
f 546 775 767
f 573 611 549
f 573 549 852
f 549 858 852
f 554 551 756
f 551 767 756
f 559 554 753
f 753 554 756
f 564 559 771
f 752 559 753
f 559 752 771
f 583 562 611
f 564 568 565
f 804 568 564
f 564 771 804
f 570 566 594
f 570 606 566
f 594 566 607
f 606 599 566
f 566 599 607
f 568 596 572
f 596 568 828
f 828 568 804
f 570 594 579
f 579 606 570
f 580 571 590
f 600 571 580
f 590 571 585
f 600 916 571
f 572 575 595
f 572 603 575
f 825 572 595
f 572 596 603
f 572 823 821
f 572 825 823
f 655 611 573
f 692 573 619
f 573 852 619
f 655 573 658
f 658 573 692
f 595 575 692
f 661 575 603
f 692 575 661
f 594 690 579
f 579 690 606
f 580 581 600
f 614 581 580
f 590 614 580
f 582 600 581
f 614 582 581
f 584 600 582
f 614 584 582
f 585 583 963
f 911 583 611
f 583 911 963
f 584 586 600
f 614 586 584
f 585 946 590
f 963 946 585
f 586 588 600
f 588 586 617
f 617 586 614
f 588 606 600
f 606 588 617
f 614 590 915
f 915 590 946
f 594 607 604
f 604 690 594
f 595 692 619
f 619 862 595
f 595 862 825
f 621 603 596
f 826 621 596
f 596 828 826
f 606 624 599
f 607 599 624
f 606 690 600
f 600 690 831
f 877 600 831
f 600 877 889
f 903 600 889
f 964 600 903
f 600 964 916
f 661 603 621
f 604 607 613
f 613 690 604
f 606 617 622
f 606 622 623
f 606 623 624
f 613 607 610
f 610 607 624
f 613 610 612
f 610 711 612
f 610 624 750
f 750 711 610
f 655 867 611
f 867 894 611
f 611 894 911
f 613 612 615
f 615 612 711
f 653 613 615
f 613 653 690
f 892 617 614
f 892 614 915
f 653 615 671
f 671 615 694
f 694 615 711
f 622 617 892
f 619 852 862
f 621 628 661
f 621 845 628
f 827 621 826
f 621 827 845
f 623 622 874
f 874 622 884
f 622 892 884
f 750 624 623
f 868 750 623
f 868 623 874
f 661 628 861
f 628 845 861
f 698 653 671
f 653 698 690
f 658 867 655
f 658 692 869
f 869 867 658
f 872 692 661
f 661 861 872
f 671 694 750
f 698 671 709
f 709 671 791
f 671 750 811
f 671 811 791
f 698 709 690
f 709 791 690
f 791 831 690
f 869 692 872
f 694 711 750
f 811 750 868
f 752 753 786
f 752 804 771
f 788 752 786
f 788 829 752
f 752 829 804
f 782 753 756
f 753 782 786
f 782 756 767
f 767 775 782
f 793 820 788
f 820 829 788
f 811 831 791
f 821 820 793
f 804 829 828
f 877 831 811
f 868 877 811
f 829 820 821
f 821 823 828
f 829 821 828
f 875 823 825
f 826 823 827
f 828 823 826
f 872 827 823
f 875 872 823
f 825 862 863
f 863 875 825
f 872 845 827
f 872 861 845
f 858 894 852
f 862 852 875
f 852 867 869
f 852 894 867
f 852 869 875
f 858 876 894
f 862 875 863
f 903 868 874
f 889 877 868
f 903 889 868
f 875 869 872
f 884 903 874
f 876 911 894
f 876 934 911
f 876 916 934
f 976 884 892
f 964 903 884
f 976 964 884
f 915 946 892
f 976 892 946
f 934 963 911
f 916 937 934
f 916 964 937
f 934 937 963
f 963 937 1000
f 937 964 976
f 1000 937 976
f 1000 946 963
f 976 946 1000
f 715 744 707
f 707 762 715
f 707 744 718
f 718 762 707
f 714 730 718
f 714 718 920
f 730 714 920
f 808 744 715
f 715 762 808
f 718 730 762
f 718 744 905
f 927 718 905
f 718 927 920
f 763 762 730
f 763 730 1212
f 961 730 920
f 1212 730 961
f 808 810 744
f 744 810 860
f 744 860 905
f 763 794 762
f 794 796 762
f 762 796 808
f 794 763 1242
f 1242 763 1212
f 794 799 796
f 822 799 794
f 830 822 794
f 830 794 1242
f 799 803 796
f 796 803 808
f 803 799 817
f 822 817 799
f 803 810 808
f 810 803 860
f 803 817 919
f 803 919 860
f 822 919 817
f 822 830 846
f 822 846 833
f 833 919 822
f 830 857 846
f 870 857 830
f 891 870 830
f 891 830 1242
f 833 846 1197
f 1197 919 833
f 857 865 846
f 865 1235 846
f 846 1235 1197
f 870 865 857
f 860 898 905
f 919 898 860
f 865 870 912
f 912 1205 865
f 865 1205 1235
f 891 914 870
f 870 914 912
f 900 914 891
f 900 891 1240
f 891 1242 1240
f 898 987 905
f 919 987 898
f 928 914 900
f 949 900 923
f 1240 923 900
f 928 900 949
f 905 987 927
f 912 914 1201
f 912 1201 1205
f 914 928 1199
f 1201 914 1199
f 987 919 1044
f 919 1175 1044
f 919 1197 1175
f 927 961 920
f 949 923 942
f 923 1206 942
f 1213 1206 923
f 1213 923 1240
f 987 961 927
f 928 949 1182
f 1199 928 1182
f 950 967 929
f 929 973 950
f 965 952 929
f 973 929 952
f 967 965 929
f 959 949 942
f 959 942 957
f 1183 957 942
f 1183 942 1206
f 959 1176 949
f 949 1176 1182
f 958 967 950
f 958 950 1178
f 950 973 1152
f 950 1152 1178
f 997 952 965
f 982 973 952
f 997 982 952
f 959 957 967
f 967 957 1184
f 1184 957 1183
f 959 967 958
f 959 958 1177
f 958 1178 1177
f 959 1177 1176
f 1031 961 987
f 1042 961 1031
f 1212 961 1042
f 1186 965 967
f 997 965 1160
f 1160 965 1186
f 1184 1186 967
f 982 1152 973
f 1015 982 997
f 1004 982 1015
f 1004 1097 982
f 982 1097 1152
f 1109 1031 987
f 1044 1109 987
f 1160 1015 997
f 1029 1008 1004
f 1008 1077 1004
f 1029 1004 1015
f 1077 1097 1004
f 1037 1014 1008
f 1014 1070 1008
f 1037 1008 1029
f 1070 1077 1008
f 1014 1032 1026
f 1014 1026 1053
f 1038 1032 1014
f 1037 1038 1014
f 1014 1053 1070
f 1029 1015 1067
f 1067 1015 1096
f 1015 1160 1096
f 1032 1053 1026
f 1056 1037 1029
f 1067 1056 1029
f 1042 1031 1165
f 1109 1079 1031
f 1031 1079 1165
f 1038 1052 1032
f 1052 1053 1032
f 1038 1037 1048
f 1048 1037 1056
f 1038 1048 1052
f 1212 1042 1165
f 1066 1109 1044
f 1175 1066 1044
f 1096 1052 1048
f 1067 1048 1056
f 1067 1096 1048
f 1053 1052 1096
f 1070 1053 1096
f 1109 1066 1148
f 1148 1066 1192
f 1066 1151 1169
f 1175 1151 1066
f 1066 1169 1196
f 1066 1196 1192
f 1077 1070 1097
f 1143 1070 1096
f 1097 1070 1143
f 1079 1109 1165
f 1160 1143 1096
f 1152 1097 1143
f 1109 1148 1165
f 1187 1152 1143
f 1160 1187 1143
f 1165 1148 1192
f 1151 1175 1169
f 1152 1179 1178
f 1187 1179 1152
f 1187 1160 1186
f 1165 1192 1204
f 1204 1227 1165
f 1212 1165 1340
f 1165 1227 1253
f 1165 1253 1329
f 1340 1165 1329
f 1175 1263 1169
f 1169 1263 1196
f 1175 1197 1263
f 1183 1176 1177
f 1176 1213 1182
f 1206 1176 1183
f 1176 1206 1213
f 1184 1177 1178
f 1184 1183 1177
f 1187 1178 1179
f 1186 1184 1178
f 1187 1186 1178
f 1213 1199 1182
f 1226 1192 1196
f 1266 1204 1192
f 1261 1192 1226
f 1261 1266 1192
f 1196 1263 1226
f 1235 1238 1197
f 1197 1238 1239
f 1197 1239 1291
f 1263 1197 1284
f 1284 1197 1314
f 1197 1291 1298
f 1197 1298 1331
f 1197 1325 1314
f 1197 1328 1325
f 1197 1354 1328
f 1197 1331 1333
f 1197 1333 1354
f 1201 1199 1205
f 1205 1199 1223
f 1199 1213 1223
f 1204 1225 1227
f 1225 1204 1266
f 1205 1223 1221
f 1205 1221 1235
f 1250 1242 1212
f 1212 1255 1250
f 1255 1212 1288
f 1288 1212 1306
f 1212 1350 1306
f 1212 1340 1350
f 1223 1213 1240
f 1223 1240 1221
f 1235 1221 1255
f 1240 1242 1221
f 1221 1242 1250
f 1221 1250 1255
f 1225 1253 1227
f 1253 1225 1328
f 1266 1281 1225
f 1225 1281 1325
f 1225 1325 1328
f 1226 1263 1261
f 1238 1235 1239
f 1235 1255 1239
f 1255 1288 1239
f 1288 1298 1239
f 1239 1298 1291
f 1253 1328 1329
f 1263 1266 1261
f 1263 1281 1266
f 1263 1284 1281
f 1281 1284 1314
f 1281 1314 1325
f 1298 1288 1306
f 1298 1306 1336
f 1298 1336 1331
f 1306 1350 1336
f 1328 1335 1329
f 1354 1335 1328
f 1335 1340 1329
f 1333 1331 1336
f 1333 1336 1407
f 1333 1407 1354
f 1407 1340 1335
f 1407 1335 1354
f 1358 1336 1350
f 1380 1336 1358
f 1407 1336 1380
f 1350 1340 1407
f 1372 1358 1350
f 1372 1350 1380
f 1380 1350 1407
f 1358 1372 1380
f 8 2 3
f 2 16 3
f 8 16 2
f 7 8 3
f 9 7 3
f 3 16 9
f 6 4 5
f 4 9 5
f 9 4 6
f 14 6 5
f 9 16 5
f 5 30 14
f 16 20 5
f 5 20 27
f 5 27 30
f 15 9 6
f 13 6 14
f 15 6 13
f 11 8 7
f 15 7 9
f 12 11 7
f 12 7 15
f 16 8 11
f 11 12 19
f 19 16 11
f 19 12 15
f 13 14 15
f 15 14 19
f 19 14 22
f 22 14 25
f 14 58 25
f 30 44 14
f 44 45 14
f 45 47 14
f 47 51 14
f 14 51 55
f 14 55 58
f 19 18 16
f 18 20 16
f 19 22 18
f 18 24 20
f 24 18 22
f 24 28 20
f 27 20 37
f 28 52 20
f 20 63 37
f 52 71 20
f 20 71 63
f 24 22 32
f 22 25 35
f 32 22 35
f 28 24 32
f 35 25 82
f 40 25 74
f 75 25 40
f 25 58 64
f 64 65 25
f 25 65 69
f 70 25 69
f 72 25 70
f 74 25 72
f 25 75 82
f 27 37 30
f 31 28 32
f 28 31 36
f 28 36 52
f 30 37 38
f 30 38 43
f 30 43 42
f 30 42 44
f 32 35 31
f 31 35 36
f 36 35 66
f 66 35 82
f 36 50 52
f 50 36 66
f 37 56 38
f 56 37 57
f 37 59 57
f 37 60 59
f 63 60 37
f 38 46 43
f 56 46 38
f 40 74 79
f 40 130 75
f 40 79 84
f 40 84 98
f 40 98 130
f 43 44 42
f 43 45 44
f 43 46 45
f 46 47 45
f 55 47 46
f 46 59 55
f 56 59 46
f 55 51 47
f 50 67 52
f 61 53 50
f 53 67 50
f 61 50 66
f 52 67 100
f 52 76 71
f 52 99 76
f 52 100 99
f 53 61 116
f 53 116 67
f 58 55 64
f 55 59 64
f 57 59 56
f 63 59 60
f 64 59 63
f 61 66 82
f 61 82 113
f 116 61 113
f 64 63 71
f 65 64 69
f 69 64 70
f 64 76 70
f 64 71 76
f 100 67 102
f 102 67 103
f 103 67 114
f 67 137 114
f 67 116 125
f 67 125 131
f 131 176 67
f 67 154 137
f 176 154 67
f 70 76 72
f 72 76 74
f 74 76 79
f 82 75 105
f 75 120 105
f 75 157 120
f 75 130 141
f 142 75 141
f 75 142 149
f 75 149 173
f 75 173 157
f 79 76 84
f 84 76 98
f 76 100 98
f 76 99 100
f 104 82 105
f 113 82 104
f 98 100 102
f 102 103 98
f 98 103 130
f 103 114 149
f 130 103 142
f 142 103 149
f 105 113 104
f 120 113 105
f 116 113 190
f 120 155 113
f 155 190 113
f 114 137 136
f 149 114 136
f 116 190 125
f 120 157 155
f 125 134 131
f 125 190 134
f 130 142 141
f 134 207 131
f 131 196 176
f 131 238 196
f 131 207 244
f 238 131 244
f 190 172 134
f 134 172 205
f 134 205 207
f 136 137 188
f 149 136 173
f 173 136 188
f 188 137 154
f 176 184 154
f 154 184 185
f 154 185 195
f 188 154 195
f 155 157 259
f 190 155 216
f 216 155 259
f 157 173 188
f 157 188 194
f 157 194 206
f 199 157 213
f 157 199 259
f 157 206 209
f 213 157 209
f 190 216 172
f 172 216 205
f 176 185 184
f 176 186 185
f 195 186 176
f 176 196 195
f 185 186 195
f 195 194 188
f 195 206 194
f 195 196 260
f 195 209 206
f 195 237 209
f 195 260 237
f 196 238 260
f 199 213 234
f 199 234 237
f 199 237 259
f 205 210 207
f 205 216 210
f 210 261 207
f 207 253 244
f 207 271 253
f 207 261 272
f 207 272 271
f 213 209 234
f 209 237 234
f 216 222 210
f 210 222 261
f 286 222 216
f 216 259 321
f 286 216 321
f 286 246 222
f 246 289 222
f 222 289 261
f 259 237 260
f 301 238 244
f 291 260 238
f 301 291 238
f 253 301 244
f 258 246 286
f 246 258 289
f 295 253 271
f 295 301 253
f 286 321 258
f 258 290 289
f 258 324 290
f 258 321 324
f 260 291 259
f 259 291 301
f 259 301 303
f 259 303 305
f 259 305 315
f 259 315 345
f 321 259 324
f 370 324 259
f 363 259 345
f 370 259 363
f 272 261 295
f 289 346 261
f 295 261 298
f 261 307 298
f 261 313 307
f 261 316 313
f 323 316 261
f 335 323 261
f 346 335 261
f 272 295 271
f 290 325 289
f 325 346 289
f 290 324 325
f 340 295 298
f 301 295 303
f 315 303 295
f 315 295 340
f 340 298 307
f 305 303 315
f 340 307 313
f 340 313 316
f 345 315 340
f 323 317 316
f 340 316 317
f 323 340 317
f 335 345 323
f 345 340 323
f 324 360 325
f 324 370 360
f 331 352 325
f 331 325 413
f 325 352 346
f 325 360 391
f 413 325 391
f 331 353 352
f 380 353 331
f 331 381 380
f 381 331 413
f 363 345 335
f 363 335 346
f 363 346 352
f 363 352 353
f 365 363 353
f 365 353 380
f 370 365 360
f 365 391 360
f 369 363 365
f 370 363 369
f 370 369 365
f 382 365 380
f 401 365 382
f 365 401 391
f 381 382 380
f 381 413 382
f 408 401 382
f 408 382 413
f 391 401 403
f 413 391 403
f 401 408 403
f 403 408 413
f 233 235 232
f 233 232 236
f 292 232 235
f 236 232 239
f 239 232 292
f 245 235 233
f 245 233 236
f 270 235 242
f 235 274 242
f 245 274 235
f 270 309 235
f 309 292 235
f 245 236 239
f 245 239 247
f 278 247 239
f 292 278 239
f 270 242 243
f 242 332 243
f 274 332 242
f 243 442 270
f 332 442 243
f 245 247 267
f 245 267 334
f 245 304 274
f 245 334 304
f 247 249 267
f 278 249 247
f 249 278 267
f 267 278 292
f 267 292 407
f 334 267 480
f 267 407 480
f 270 442 309
f 304 332 274
f 309 407 292
f 338 332 304
f 338 304 334
f 374 407 309
f 309 442 374
f 338 387 332
f 387 442 332
f 338 334 395
f 395 334 411
f 334 480 411
f 338 386 387
f 395 386 338
f 407 374 437
f 374 438 437
f 438 374 442
f 386 1008 387
f 395 1032 386
f 386 1014 1008
f 386 1026 1014
f 1032 1026 386
f 387 513 442
f 387 488 513
f 387 1008 488
f 395 411 1038
f 395 1038 1032
f 407 437 480
f 411 480 952
f 411 952 997
f 411 997 1029
f 1037 411 1029
f 1038 411 1037
f 437 438 448
f 437 448 480
f 464 438 439
f 439 438 494
f 438 442 494
f 448 438 464
f 464 439 453
f 439 494 453
f 442 513 494
f 480 448 464
f 464 453 455
f 455 453 474
f 453 494 474
f 497 464 455
f 497 455 474
f 480 464 497
f 494 493 474
f 493 497 474
f 480 497 592
f 480 592 593
f 480 593 616
f 870 480 616
f 480 870 891
f 923 480 891
f 957 480 923
f 952 480 965
f 965 480 957
f 488 1004 513
f 1008 1004 488
f 494 506 493
f 506 497 493
f 494 517 506
f 494 513 548
f 494 696 517
f 494 548 696
f 592 497 506
f 517 592 506
f 513 958 548
f 929 950 513
f 973 929 513
f 513 950 958
f 1004 973 513
f 558 592 517
f 517 696 558
f 548 865 696
f 548 912 865
f 548 928 912
f 958 928 548
f 592 558 591
f 558 696 591
f 593 592 591
f 616 593 591
f 618 616 591
f 618 591 668
f 696 668 591
f 763 616 618
f 870 616 763
f 629 618 626
f 626 618 668
f 730 618 629
f 763 618 730
f 626 718 629
f 707 626 668
f 626 707 718
f 629 718 714
f 714 730 629
f 696 796 668
f 707 668 715
f 715 668 796
f 696 799 796
f 799 696 817
f 833 817 696
f 696 846 833
f 857 846 696
f 865 857 696
f 715 762 707
f 707 762 718
f 714 718 730
f 715 796 762
f 718 762 730
f 730 762 763
f 762 794 763
f 762 796 794
f 794 830 763
f 870 763 830
f 794 796 799
f 794 799 822
f 794 822 830
f 799 817 822
f 833 822 817
f 830 822 846
f 846 822 833
f 857 830 846
f 870 830 857
f 870 857 865
f 912 870 865
f 891 870 914
f 914 870 912
f 900 891 914
f 900 923 891
f 928 900 914
f 900 949 923
f 928 949 900
f 912 928 914
f 942 923 949
f 942 957 923
f 958 949 928
f 967 950 929
f 965 929 952
f 952 929 973
f 967 929 965
f 942 949 959
f 957 942 959
f 949 958 959
f 967 958 950
f 982 952 973
f 997 952 982
f 957 959 967
f 967 965 957
f 959 958 967
f 973 1004 982
f 1015 997 982
f 1015 982 1004
f 1029 997 1015
f 1029 1004 1008
f 1029 1015 1004
f 1014 1037 1008
f 1037 1029 1008
f 1026 1032 1014
f 1032 1038 1014
f 1038 1037 1014
f 78 81 96
f 81 78 101
f 78 88 101
f 112 88 78
f 112 78 96
f 81 91 96
f 91 81 101
f 95 88 93
f 112 93 88
f 101 88 95
f 91 92 96
f 92 91 101
f 92 101 96
f 165 95 93
f 112 165 93
f 95 97 122
f 95 165 97
f 101 95 122
f 101 122 96
f 112 96 135
f 122 182 96
f 135 96 164
f 96 182 164
f 97 133 122
f 133 97 248
f 165 170 97
f 170 208 97
f 97 208 241
f 97 241 248
f 145 112 135
f 145 162 112
f 112 162 165
f 122 133 152
f 122 152 182
f 133 148 152
f 133 248 148
f 151 145 135
f 151 135 163
f 135 164 163
f 145 151 170
f 145 170 162
f 148 150 152
f 148 264 150
f 248 268 148
f 148 268 264
f 152 150 182
f 182 150 202
f 150 198 223
f 150 264 198
f 150 223 202
f 161 151 163
f 161 170 151
f 183 161 163
f 170 161 224
f 224 161 183
f 162 170 165
f 183 163 164
f 164 182 183
f 208 170 224
f 182 202 183
f 183 202 224
f 198 226 223
f 275 226 198
f 264 276 198
f 276 275 198
f 266 202 223
f 256 224 202
f 266 256 202
f 224 257 208
f 208 257 241
f 223 226 266
f 257 224 256
f 266 226 275
f 241 257 248
f 248 257 268
f 256 264 257
f 266 264 256
f 264 268 257
f 266 275 264
f 275 276 264
f 10 1 2
f 1 17 2
f 23 1 10
f 23 17 1
f 10 2 8
f 16 8 2
f 2 17 16
f 10 8 11
f 8 16 11
f 10 11 21
f 10 21 29
f 23 10 29
f 11 16 19
f 11 19 21
f 17 18 16
f 18 19 16
f 17 26 18
f 23 33 17
f 17 54 26
f 33 54 17
f 18 22 19
f 18 24 22
f 18 26 24
f 21 19 22
f 21 22 111
f 29 21 111
f 24 32 22
f 111 22 32
f 23 29 34
f 23 34 33
f 26 28 24
f 24 28 32
f 26 49 28
f 26 54 49
f 28 31 32
f 28 49 31
f 34 29 41
f 29 111 41
f 31 35 32
f 31 36 35
f 36 31 50
f 31 49 50
f 32 35 66
f 32 66 82
f 32 82 111
f 34 39 33
f 39 83 33
f 33 121 54
f 83 121 33
f 34 48 39
f 34 41 48
f 36 66 35
f 50 66 36
f 48 83 39
f 48 41 68
f 68 41 92
f 41 101 92
f 41 122 101
f 41 111 204
f 41 152 122
f 41 204 152
f 48 68 77
f 48 77 83
f 49 53 50
f 49 123 53
f 54 123 49
f 53 61 50
f 61 66 50
f 53 123 61
f 54 121 132
f 54 132 123
f 66 61 82
f 61 113 82
f 113 61 118
f 61 123 118
f 77 68 81
f 81 68 91
f 68 92 91
f 78 77 81
f 78 88 77
f 88 83 77
f 101 78 81
f 101 88 78
f 101 81 91
f 82 104 106
f 82 113 104
f 82 106 111
f 88 93 83
f 93 97 83
f 83 97 133
f 83 133 121
f 93 88 95
f 95 88 101
f 101 91 92
f 93 95 97
f 97 95 122
f 95 101 122
f 133 97 122
f 113 106 104
f 106 119 111
f 113 119 106
f 111 119 138
f 111 138 167
f 111 167 231
f 204 111 306
f 299 111 231
f 306 111 299
f 118 167 113
f 113 138 119
f 113 167 138
f 118 123 124
f 124 167 118
f 121 318 132
f 133 148 121
f 148 150 121
f 150 198 121
f 198 276 121
f 276 311 121
f 311 318 121
f 133 122 152
f 123 129 124
f 123 153 129
f 132 251 123
f 160 153 123
f 160 123 197
f 220 197 123
f 251 220 123
f 129 167 124
f 153 167 129
f 132 293 251
f 132 320 293
f 318 319 132
f 132 319 320
f 148 133 152
f 150 148 152
f 152 182 150
f 150 182 202
f 150 223 198
f 150 202 223
f 152 204 182
f 160 167 153
f 197 167 160
f 219 167 197
f 231 167 219
f 182 204 202
f 197 231 219
f 220 299 197
f 197 299 231
f 226 198 223
f 226 275 198
f 276 198 275
f 202 204 223
f 223 204 226
f 226 204 275
f 333 275 204
f 356 204 306
f 356 333 204
f 251 293 220
f 293 308 220
f 308 299 220
f 276 275 333
f 276 333 311
f 293 341 308
f 320 341 293
f 299 308 306
f 308 356 306
f 308 341 356
f 311 333 318
f 318 333 319
f 319 333 320
f 333 356 320
f 320 356 341
f 983 1027 976
f 976 1033 983
f 1000 1013 976
f 1064 1000 976
f 1013 1024 976
f 976 1024 1033
f 1064 976 1027
f 1027 983 1007
f 1033 1007 983
f 1064 1013 1000
f 1102 1027 1007
f 1154 1007 1033
f 1154 1102 1007
f 1013 1020 1024
f 1020 1013 1190
f 1190 1013 1064
f 1024 1020 1190
f 1033 1024 1140
f 1024 1190 1140
f 1102 1064 1027
f 1140 1154 1033
f 1064 1102 1189
f 1200 1064 1189
f 1200 1190 1064
f 1154 1189 1102
f 1138 1137 1144
f 1137 1138 1153
f 1139 1144 1137
f 1139 1137 1155
f 1137 1153 1155
f 1145 1138 1144
f 1217 1138 1145
f 1217 1153 1138
f 1141 1139 1156
f 1139 1141 1190
f 1139 1145 1144
f 1145 1139 1147
f 1147 1139 1190
f 1139 1155 1156
f 1158 1140 1141
f 1140 1190 1141
f 1140 1158 1154
f 1157 1141 1156
f 1158 1141 1157
f 1217 1145 1147
f 1147 1190 1181
f 1217 1147 1181
f 1155 1153 1167
f 1153 1217 1167
f 1154 1158 1167
f 1167 1189 1154
f 1155 1167 1156
f 1156 1167 1157
f 1158 1157 1167
f 1167 1195 1189
f 1220 1195 1167
f 1217 1224 1167
f 1167 1224 1220
f 1181 1190 1241
f 1181 1224 1217
f 1181 1256 1224
f 1241 1256 1181
f 1200 1189 1195
f 1208 1190 1200
f 1190 1208 1317
f 1241 1190 1251
f 1190 1273 1251
f 1273 1190 1307
f 1190 1317 1307
f 1203 1200 1195
f 1195 1220 1203
f 1203 1237 1200
f 1267 1208 1200
f 1237 1267 1200
f 1203 1220 1237
f 1267 1210 1208
f 1208 1210 1317
f 1267 1244 1210
f 1210 1244 1317
f 1220 1224 1256
f 1220 1267 1237
f 1256 1265 1220
f 1265 1296 1220
f 1220 1321 1267
f 1296 1324 1220
f 1220 1386 1321
f 1324 1386 1220
f 1251 1296 1241
f 1241 1265 1256
f 1241 1296 1265
f 1244 1267 1282
f 1280 1244 1297
f 1244 1280 1317
f 1297 1244 1282
f 1273 1296 1251
f 1267 1321 1282
f 1296 1273 1324
f 1273 1307 1324
f 1299 1280 1297
f 1317 1280 1299
f 1321 1297 1282
f 1299 1297 1319
f 1297 1321 1319
f 1317 1299 1343
f 1330 1299 1319
f 1343 1299 1330
f 1307 1317 1318
f 1307 1318 1324
f 1318 1317 1339
f 1339 1317 1368
f 1317 1343 1353
f 1317 1353 1385
f 1368 1317 1393
f 1317 1385 1489
f 1470 1393 1317
f 1470 1317 1489
f 1344 1324 1318
f 1367 1318 1339
f 1367 1344 1318
f 1321 1479 1319
f 1319 1479 1330
f 1321 1386 1479
f 1344 1386 1324
f 1343 1330 1397
f 1330 1479 1397
f 1367 1339 1393
f 1393 1339 1368
f 1353 1343 1447
f 1430 1343 1397
f 1447 1343 1430
f 1344 1367 1386
f 1385 1353 1447
f 1367 1383 1386
f 1393 1383 1367
f 1383 1408 1386
f 1393 1408 1383
f 1422 1385 1447
f 1385 1422 1489
f 1408 1477 1386
f 1386 1477 1479
f 1393 1477 1408
f 1470 1480 1393
f 1480 1477 1393
f 1479 1430 1397
f 1422 1447 1533
f 1422 1515 1489
f 1515 1422 1563
f 1542 1422 1533
f 1563 1422 1542
f 1430 1479 1447
f 1533 1447 1479
f 1480 1470 1514
f 1485 1470 1489
f 1485 1531 1470
f 1470 1531 1514
f 1479 1477 1480
f 1480 1514 1479
f 1514 1531 1479
f 1531 1535 1479
f 1533 1479 1565
f 1479 1535 1566
f 1479 1583 1565
f 1479 1566 1583
f 1485 1489 1502
f 1502 1531 1485
f 1489 1551 1502
f 1515 1545 1489
f 1489 1545 1570
f 1489 1568 1551
f 1489 1570 1568
f 1551 1531 1502
f 1539 1515 1544
f 1545 1515 1539
f 1544 1515 1563
f 1535 1531 1551
f 1533 1565 1542
f 1566 1535 1551
f 1539 1544 1545
f 1542 1559 1560
f 1542 1565 1559
f 1542 1560 1563
f 1545 1544 1576
f 1576 1544 1563
f 1570 1545 1622
f 1578 1545 1576
f 1545 1578 1625
f 1545 1624 1622
f 1624 1545 1625
f 1566 1551 1568
f 1565 1560 1559
f 1563 1560 1567
f 1576 1560 1565
f 1576 1567 1560
f 1563 1567 1576
f 1609 1576 1565
f 1583 1637 1565
f 1609 1565 1637
f 1566 1568 1570
f 1570 1583 1566
f 1570 1639 1583
f 1570 1622 1641
f 1570 1641 1639
f 1578 1576 1620
f 1620 1576 1609
f 1578 1620 1629
f 1578 1629 1625
f 1583 1639 1637
f 1645 1620 1609
f 1609 1637 1639
f 1639 1641 1609
f 1641 1645 1609
f 1629 1620 1649
f 1649 1620 1645
f 1622 1624 1641
f 1629 1624 1625
f 1645 1624 1629
f 1645 1641 1624
f 1649 1645 1629
f 631 632 635
f 682 632 631
f 631 635 633
f 893 631 633
f 893 682 631
f 632 644 635
f 665 644 632
f 632 680 665
f 682 680 632
f 633 635 644
f 639 633 647
f 893 633 639
f 647 633 644
f 639 647 893
f 647 644 648
f 644 670 648
f 893 644 665
f 644 677 670
f 644 734 677
f 893 734 644
f 647 648 674
f 647 674 893
f 674 648 670
f 665 680 733
f 665 733 893
f 674 670 676
f 676 670 677
f 674 676 700
f 674 700 893
f 676 677 700
f 700 677 748
f 677 734 748
f 682 687 680
f 680 687 686
f 680 686 733
f 893 687 682
f 719 686 687
f 719 733 686
f 893 719 687
f 700 748 754
f 700 754 893
f 737 733 719
f 893 737 719
f 737 743 733
f 893 733 743
f 734 873 748
f 893 873 734
f 737 742 743
f 737 893 742
f 742 783 743
f 742 784 783
f 742 893 784
f 893 743 783
f 754 748 759
f 759 748 773
f 748 873 773
f 754 759 758
f 754 758 766
f 754 766 893
f 773 758 759
f 766 758 773
f 766 773 850
f 807 766 850
f 766 807 893
f 850 773 849
f 773 873 849
f 783 784 790
f 893 783 790
f 784 787 790
f 893 787 784
f 837 790 787
f 837 787 838
f 893 838 787
f 795 790 837
f 790 795 893
f 795 837 921
f 795 921 893
f 873 807 850
f 893 807 873
f 837 838 854
f 921 837 854
f 838 848 854
f 893 848 838
f 854 848 921
f 893 885 848
f 848 885 921
f 850 849 855
f 855 849 859
f 849 873 859
f 873 850 855
f 855 859 873
f 921 885 893
f 632 634 641
f 665 634 632
f 632 641 635
f 635 644 632
f 644 665 632
f 910 641 634
f 665 664 634
f 664 910 634
f 635 641 649
f 644 635 648
f 635 649 648
f 641 642 649
f 910 642 641
f 910 649 642
f 670 644 648
f 893 665 644
f 677 644 670
f 734 644 677
f 893 644 734
f 648 649 670
f 670 649 662
f 910 662 649
f 670 662 677
f 662 678 677
f 910 678 662
f 665 680 664
f 664 680 685
f 685 910 664
f 665 733 680
f 893 733 665
f 747 677 678
f 747 734 677
f 747 678 720
f 910 720 678
f 680 686 685
f 680 733 686
f 686 712 685
f 910 685 712
f 733 712 686
f 733 716 712
f 712 716 910
f 733 743 716
f 716 743 746
f 716 746 910
f 720 721 761
f 910 721 720
f 747 720 760
f 720 761 760
f 761 721 887
f 910 887 721
f 893 743 733
f 893 734 747
f 783 746 743
f 893 783 743
f 783 778 746
f 910 746 778
f 774 747 760
f 893 747 774
f 774 760 761
f 800 774 761
f 761 887 800
f 774 800 847
f 847 893 774
f 783 805 778
f 910 778 805
f 783 790 805
f 893 790 783
f 790 795 836
f 893 795 790
f 805 790 836
f 836 795 837
f 795 921 837
f 893 921 795
f 847 800 844
f 800 887 844
f 805 836 910
f 836 837 886
f 866 836 886
f 836 866 910
f 837 854 886
f 837 921 854
f 847 844 887
f 847 887 864
f 864 893 847
f 886 854 944
f 854 921 962
f 944 854 956
f 854 962 956
f 887 890 864
f 899 864 890
f 893 864 899
f 944 866 886
f 910 866 944
f 890 887 940
f 910 1017 887
f 960 940 887
f 988 960 887
f 988 887 994
f 887 1017 994
f 899 890 933
f 933 890 940
f 893 899 933
f 893 962 921
f 893 933 943
f 893 943 954
f 893 954 991
f 893 974 962
f 893 1040 974
f 893 991 1019
f 893 1019 1049
f 893 1063 1040
f 893 1049 1122
f 893 1076 1063
f 893 1105 1076
f 893 1107 1105
f 893 1113 1107
f 893 1114 1113
f 893 1122 1114
f 944 956 910
f 956 975 910
f 975 986 910
f 986 1051 910
f 910 1023 1017
f 910 1121 1023
f 1051 1062 910
f 910 1062 1088
f 1101 910 1088
f 910 1101 1115
f 910 1115 1116
f 1116 1121 910
f 960 933 940
f 943 933 960
f 954 943 960
f 988 954 960
f 954 988 991
f 956 962 975
f 962 974 968
f 962 968 975
f 1009 968 974
f 975 968 1009
f 974 1063 1009
f 974 1040 1063
f 986 975 1009
f 1009 1051 986
f 991 988 994
f 991 994 1090
f 1019 991 1090
f 994 1017 1023
f 994 1023 1090
f 1051 1009 1078
f 1009 1063 1076
f 1009 1076 1078
f 1049 1019 1090
f 1023 1089 1090
f 1023 1121 1089
f 1085 1049 1090
f 1122 1049 1085
f 1062 1051 1078
f 1088 1062 1078
f 1078 1076 1088
f 1076 1105 1088
f 1106 1085 1090
f 1122 1085 1106
f 1101 1088 1105
f 1094 1090 1089
f 1089 1121 1094
f 1120 1090 1094
f 1123 1106 1090
f 1123 1090 1120
f 1094 1121 1120
f 1101 1105 1107
f 1115 1101 1107
f 1122 1106 1123
f 1115 1107 1113
f 1113 1114 1116
f 1115 1113 1116
f 1116 1114 1128
f 1114 1122 1128
f 1116 1130 1121
f 1116 1128 1130
f 1120 1121 1130
f 1120 1130 1123
f 1122 1123 1128
f 1130 1128 1123
f 1243 1230 1228
f 1228 1230 1257
f 1292 1243 1228
f 1302 1228 1257
f 1302 1292 1228
f 1231 1229 1232
f 1231 1246 1229
f 1232 1229 1270
f 1246 1245 1229
f 1229 1245 1249
f 1270 1229 1249
f 1230 1246 1231
f 1230 1231 1259
f 1243 1246 1230
f 1230 1259 1257
f 1231 1232 1259
f 1232 1279 1259
f 1232 1270 1279
f 1243 1294 1246
f 1292 1294 1243
f 1246 1294 1245
f 1245 1294 1249
f 1270 1249 1304
f 1249 1294 1304
f 1257 1259 1332
f 1302 1257 1277
f 1332 1277 1257
f 1279 1285 1259
f 1259 1285 1300
f 1259 1300 1313
f 1332 1259 1313
f 1270 1285 1279
f 1300 1285 1270
f 1315 1300 1270
f 1304 1315 1270
f 1305 1277 1295
f 1295 1277 1332
f 1305 1302 1277
f 1292 1302 1294
f 1302 1305 1294
f 1294 1311 1304
f 1305 1371 1294
f 1294 1315 1311
f 1294 1338 1315
f 1294 1392 1338
f 1294 1371 1392
f 1305 1295 1309
f 1309 1295 1347
f 1295 1332 1347
f 1401 1313 1300
f 1338 1300 1315
f 1390 1300 1338
f 1401 1300 1390
f 1311 1315 1304
f 1305 1309 1326
f 1305 1326 1371
f 1309 1322 1326
f 1322 1309 1351
f 1351 1309 1347
f 1401 1332 1313
f 1361 1326 1322
f 1388 1322 1351
f 1361 1322 1388
f 1326 1361 1371
f 1332 1355 1347
f 1401 1355 1332
f 1390 1338 1392
f 1355 1351 1347
f 1355 1405 1351
f 1366 1388 1351
f 1405 1366 1351
f 1401 1421 1355
f 1355 1421 1405
f 1388 1371 1361
f 1388 1366 1420
f 1420 1366 1405
f 1388 1420 1371
f 1420 1392 1371
f 1395 1390 1392
f 1403 1390 1395
f 1401 1390 1403
f 1395 1392 1396
f 1401 1396 1392
f 1401 1392 1420
f 1401 1395 1396
f 1401 1403 1395
f 1401 1420 1421
f 1420 1405 1421
f 158 145 151
f 145 170 151
f 158 162 145
f 145 162 170
f 158 151 161
f 170 161 151
f 158 161 168
f 158 166 162
f 201 166 158
f 158 168 179
f 201 158 179
f 161 181 168
f 170 250 161
f 161 215 181
f 161 250 215
f 162 166 165
f 162 165 170
f 166 170 165
f 166 171 170
f 166 225 171
f 201 230 166
f 166 230 225
f 168 169 179
f 168 181 169
f 169 181 179
f 171 250 170
f 225 250 171
f 179 181 215
f 201 179 217
f 179 215 278
f 217 179 249
f 179 278 249
f 236 201 217
f 235 230 201
f 233 232 201
f 232 235 201
f 233 201 236
f 278 215 250
f 236 217 239
f 239 217 247
f 217 249 247
f 225 230 252
f 225 297 250
f 252 297 225
f 235 242 230
f 242 243 230
f 243 270 230
f 230 294 252
f 230 270 309
f 294 230 300
f 230 439 300
f 230 309 374
f 230 374 439
f 232 233 236
f 292 235 232
f 239 232 236
f 292 232 239
f 270 242 235
f 235 309 270
f 292 309 235
f 247 278 239
f 278 292 239
f 270 243 242
f 249 278 247
f 250 297 278
f 294 297 252
f 278 384 292
f 297 384 278
f 309 292 407
f 292 384 407
f 330 297 294
f 362 294 300
f 330 294 362
f 330 384 297
f 362 300 328
f 300 453 328
f 439 453 300
f 374 309 407
f 364 362 328
f 328 383 364
f 328 419 383
f 410 419 328
f 328 453 410
f 330 362 384
f 362 364 384
f 384 364 383
f 407 437 374
f 374 437 438
f 439 374 438
f 384 383 419
f 407 384 437
f 384 419 499
f 437 384 448
f 448 384 464
f 497 464 384
f 497 384 601
f 384 499 601
f 420 419 410
f 474 420 410
f 410 453 455
f 455 474 410
f 420 456 419
f 499 419 456
f 420 479 456
f 479 420 474
f 448 438 437
f 438 464 439
f 448 464 438
f 439 464 453
f 464 455 453
f 497 455 464
f 497 474 455
f 499 456 479
f 474 484 479
f 493 484 474
f 497 493 474
f 576 479 484
f 576 499 479
f 493 510 484
f 576 484 510
f 497 506 493
f 493 506 510
f 592 506 497
f 592 497 601
f 601 499 576
f 506 517 510
f 592 517 506
f 517 561 510
f 510 561 541
f 576 510 541
f 517 558 561
f 592 558 517
f 541 561 577
f 541 715 576
f 541 577 654
f 541 654 715
f 558 591 561
f 558 592 591
f 561 654 577
f 591 668 561
f 561 668 654
f 576 625 601
f 625 576 715
f 592 593 591
f 593 616 591
f 591 616 618
f 591 618 668
f 593 592 601
f 593 601 616
f 616 601 618
f 618 601 629
f 601 625 626
f 601 626 629
f 618 629 626
f 626 668 618
f 626 625 707
f 625 715 707
f 626 707 668
f 654 668 715
f 707 715 668
f 1268 1278 1269
f 1269 1342 1268
f 1268 1271 1278
f 1293 1271 1268
f 1268 1342 1293
f 1269 1278 1270
f 1269 1270 1342
f 1278 1279 1270
f 1285 1270 1279
f 1300 1270 1285
f 1315 1270 1300
f 1315 1304 1270
f 1270 1304 1342
f 1271 1274 1320
f 1334 1274 1271
f 1278 1271 1320
f 1293 1301 1271
f 1301 1334 1271
f 1274 1312 1320
f 1334 1312 1274
f 1279 1278 1285
f 1278 1320 1285
f 1285 1320 1300
f 1301 1293 1402
f 1293 1342 1402
f 1313 1300 1320
f 1401 1300 1313
f 1338 1315 1300
f 1338 1300 1390
f 1390 1300 1401
f 1301 1402 1334
f 1315 1311 1304
f 1311 1416 1304
f 1304 1416 1342
f 1311 1315 1419
f 1311 1419 1416
f 1320 1312 1316
f 1334 1316 1312
f 1313 1320 1346
f 1332 1313 1346
f 1401 1313 1332
f 1315 1338 1419
f 1320 1316 1345
f 1356 1316 1334
f 1316 1365 1345
f 1356 1365 1316
f 1320 1345 1394
f 1346 1320 1424
f 1320 1394 1404
f 1424 1320 1404
f 1332 1346 1347
f 1332 1347 1355
f 1332 1355 1401
f 1356 1334 1402
f 1338 1390 1406
f 1338 1406 1419
f 1402 1342 1411
f 1414 1411 1342
f 1342 1416 1414
f 1365 1360 1345
f 1345 1360 1394
f 1413 1347 1346
f 1425 1413 1346
f 1346 1424 1425
f 1347 1417 1355
f 1347 1413 1417
f 1355 1421 1401
f 1417 1405 1355
f 1355 1405 1421
f 1356 1375 1365
f 1356 1389 1375
f 1356 1402 1389
f 1360 1365 1370
f 1376 1360 1370
f 1455 1360 1376
f 1360 1409 1394
f 1409 1360 1455
f 1365 1375 1370
f 1370 1375 1376
f 1375 1455 1376
f 1389 1410 1375
f 1410 1429 1375
f 1375 1429 1435
f 1375 1435 1495
f 1375 1483 1455
f 1375 1495 1483
f 1423 1389 1402
f 1412 1389 1404
f 1423 1404 1389
f 1449 1410 1389
f 1431 1389 1412
f 1431 1449 1389
f 1401 1403 1390
f 1406 1390 1403
f 1404 1394 1412
f 1409 1448 1394
f 1394 1431 1412
f 1431 1394 1449
f 1394 1448 1467
f 1394 1467 1449
f 1403 1401 1419
f 1401 1417 1413
f 1401 1413 1425
f 1401 1421 1417
f 1401 1425 1419
f 1411 1423 1402
f 1406 1403 1419
f 1424 1404 1423
f 1405 1417 1421
f 1409 1455 1448
f 1449 1429 1410
f 1414 1423 1411
f 1423 1414 1416
f 1427 1416 1419
f 1424 1423 1416
f 1424 1416 1427
f 1419 1425 1427
f 1427 1425 1424
f 1467 1435 1429
f 1449 1467 1429
f 1495 1435 1467
f 1448 1455 1483
f 1467 1448 1497
f 1497 1448 1483
f 1497 1495 1467
f 1497 1483 1495
f 1462 1457 1456
f 1457 1511 1456
f 1462 1456 1461
f 1511 1461 1456
f 1464 1459 1457
f 1457 1459 1511
f 1462 1463 1457
f 1464 1457 1463
f 1460 1459 1464
f 1459 1460 1505
f 1459 1505 1521
f 1511 1459 1521
f 1464 1471 1460
f 1460 1471 1466
f 1466 1505 1460
f 1462 1461 1488
f 1461 1517 1488
f 1511 1548 1461
f 1548 1517 1461
f 1463 1462 1494
f 1494 1462 1488
f 1471 1464 1463
f 1463 1494 1471
f 1466 1482 1469
f 1466 1469 1505
f 1471 1482 1466
f 1482 1472 1469
f 1472 1596 1469
f 1469 1596 1505
f 1471 1558 1482
f 1494 1517 1471
f 1471 1517 1558
f 1484 1478 1472
f 1472 1478 1509
f 1482 1484 1472
f 1472 1509 1596
f 1484 1509 1478
f 1484 1482 1496
f 1482 1558 1496
f 1496 1537 1484
f 1484 1523 1509
f 1529 1523 1484
f 1537 1529 1484
f 1494 1488 1517
f 1506 1510 1496
f 1496 1558 1506
f 1496 1510 1525
f 1496 1525 1537
f 1521 1505 1526
f 1505 1596 1526
f 1506 1601 1510
f 1506 1558 1601
f 1523 1557 1509
f 1509 1557 1596
f 1525 1510 1651
f 1510 1601 1651
f 1521 1526 1511
f 1526 1540 1511
f 1540 1548 1511
f 1548 1522 1517
f 1517 1522 1558
f 1548 1569 1522
f 1522 1552 1558
f 1522 1580 1552
f 1522 1569 1580
f 1523 1529 1557
f 1537 1525 1554
f 1586 1525 1538
f 1538 1525 1651
f 1525 1577 1554
f 1586 1577 1525
f 1526 1596 1540
f 1529 1537 1557
f 1537 1554 1547
f 1537 1547 1557
f 1586 1538 1571
f 1571 1538 1684
f 1538 1651 1684
f 1596 1548 1540
f 1554 1549 1547
f 1547 1549 1557
f 1596 1569 1548
f 1549 1554 1657
f 1549 1657 1557
f 1552 1556 1558
f 1552 1580 1556
f 1577 1663 1554
f 1554 1663 1657
f 1558 1556 1575
f 1556 1580 1575
f 1557 1657 1596
f 1558 1575 1601
f 1596 1580 1569
f 1586 1571 1600
f 1600 1571 1592
f 1571 1684 1592
f 1580 1597 1575
f 1575 1590 1601
f 1621 1590 1575
f 1575 1597 1608
f 1621 1575 1608
f 1577 1586 1663
f 1596 1597 1580
f 1600 1594 1586
f 1586 1594 1663
f 1590 1604 1601
f 1590 1621 1604
f 1592 1591 1593
f 1591 1592 1626
f 1591 1626 1593
f 1600 1592 1593
f 1592 1684 1626
f 1593 1626 1600
f 1600 1603 1594
f 1594 1603 1663
f 1596 1646 1597
f 1657 1646 1596
f 1597 1646 1608
f 1616 1603 1600
f 1618 1616 1600
f 1618 1600 1626
f 1601 1604 1651
f 1616 1614 1603
f 1614 1619 1603
f 1603 1619 1663
f 1638 1604 1621
f 1604 1638 1651
f 1608 1646 1621
f 1616 1615 1614
f 1614 1615 1619
f 1615 1616 1619
f 1616 1617 1619
f 1627 1617 1616
f 1627 1616 1618
f 1617 1674 1619
f 1627 1635 1617
f 1617 1635 1692
f 1617 1692 1674
f 1618 1626 1704
f 1627 1618 1704
f 1619 1674 1663
f 1638 1621 1652
f 1621 1646 1660
f 1621 1667 1652
f 1621 1660 1667
f 1626 1684 1704
f 1627 1631 1635
f 1631 1627 1704
f 1631 1640 1635
f 1631 1704 1640
f 1640 1648 1635
f 1642 1635 1650
f 1642 1692 1635
f 1648 1650 1635
f 1651 1638 1652
f 1648 1640 1688
f 1640 1704 1688
f 1642 1650 1662
f 1662 1692 1642
f 1657 1660 1646
f 1650 1648 1654
f 1648 1688 1654
f 1654 1676 1650
f 1678 1662 1650
f 1676 1683 1650
f 1650 1683 1678
f 1651 1652 1673
f 1651 1673 1684
f 1652 1667 1659
f 1673 1652 1659
f 1669 1676 1654
f 1654 1688 1669
f 1657 1670 1660
f 1663 1705 1657
f 1657 1703 1670
f 1657 1705 1703
f 1659 1667 1670
f 1694 1659 1670
f 1673 1659 1694
f 1660 1670 1667
f 1662 1678 1665
f 1662 1665 1692
f 1674 1705 1663
f 1665 1678 1675
f 1675 1680 1665
f 1665 1680 1692
f 1669 1720 1676
f 1669 1688 1720
f 1694 1670 1703
f 1684 1673 1686
f 1690 1686 1673
f 1694 1690 1673
f 1692 1705 1674
f 1675 1678 1680
f 1683 1676 1681
f 1676 1720 1681
f 1678 1683 1680
f 1683 1689 1680
f 1689 1702 1680
f 1680 1700 1692
f 1680 1702 1700
f 1683 1681 1682
f 1681 1720 1682
f 1683 1682 1685
f 1685 1682 1689
f 1682 1720 1689
f 1685 1689 1683
f 1684 1686 1690
f 1684 1690 1701
f 1684 1701 1704
f 1688 1704 1720
f 1689 1720 1702
f 1698 1690 1694
f 1701 1690 1698
f 1700 1711 1692
f 1692 1711 1705
f 1703 1698 1694
f 1701 1698 1716
f 1703 1714 1698
f 1698 1714 1716
f 1702 1710 1700
f 1700 1710 1711
f 1704 1701 1709
f 1709 1701 1716
f 1702 1720 1710
f 1705 1714 1703
f 1704 1709 1712
f 1704 1712 1719
f 1704 1719 1720
f 1711 1727 1705
f 1716 1714 1705
f 1705 1724 1716
f 1727 1724 1705
f 1709 1716 1712
f 1710 1718 1711
f 1710 1720 1718
f 1711 1718 1727
f 1716 1728 1712
f 1712 1729 1719
f 1728 1730 1712
f 1712 1731 1729
f 1730 1731 1712
f 1716 1724 1728
f 1718 1720 1735
f 1718 1735 1727
f 1720 1719 1721
f 1719 1729 1721
f 1720 1721 1729
f 1720 1729 1735
f 1724 1727 1726
f 1724 1726 1728
f 1727 1728 1726
f 1727 1734 1728
f 1727 1735 1734
f 1730 1728 1734
f 1729 1731 1734
f 1729 1734 1735
f 1734 1731 1730
f 1052 1096 1048
f 1048 1348 1052
f 1048 1067 1056
f 1048 1056 1348
f 1048 1096 1067
f 1053 1096 1052
f 1348 1053 1052
f 1070 1096 1053
f 1053 1382 1070
f 1348 1382 1053
f 1348 1056 1067
f 1067 1096 1364
f 1348 1067 1364
f 1070 1077 1097
f 1070 1357 1077
f 1143 1096 1070
f 1143 1070 1097
f 1070 1382 1357
f 1077 1357 1097
f 1160 1096 1143
f 1096 1160 1364
f 1097 1357 1143
f 1187 1143 1152
f 1143 1357 1152
f 1187 1160 1143
f 1187 1152 1179
f 1357 1179 1152
f 1160 1187 1359
f 1160 1359 1364
f 1176 1177 1182
f 1176 1183 1177
f 1176 1182 1213
f 1183 1176 1206
f 1176 1213 1206
f 1178 1177 1184
f 1177 1178 1286
f 1177 1286 1182
f 1183 1184 1177
f 1178 1187 1179
f 1179 1310 1178
f 1184 1186 1178
f 1178 1186 1187
f 1178 1310 1286
f 1357 1310 1179
f 1201 1199 1182
f 1182 1199 1213
f 1182 1286 1201
f 1206 1184 1183
f 1186 1184 1327
f 1184 1206 1287
f 1327 1184 1287
f 1187 1186 1359
f 1359 1186 1327
f 1205 1199 1201
f 1205 1223 1199
f 1223 1213 1199
f 1201 1283 1205
f 1201 1286 1283
f 1221 1223 1205
f 1283 1221 1205
f 1223 1206 1213
f 1287 1206 1223
f 1221 1240 1223
f 1221 1235 1255
f 1221 1258 1235
f 1221 1242 1240
f 1221 1250 1242
f 1221 1255 1250
f 1283 1258 1221
f 1223 1240 1260
f 1287 1223 1260
f 1235 1238 1239
f 1235 1258 1238
f 1255 1235 1239
f 1238 1258 1239
f 1255 1239 1288
f 1291 1239 1258
f 1239 1298 1288
f 1239 1291 1298
f 1240 1242 1260
f 1260 1242 1250
f 1250 1255 1260
f 1255 1288 1260
f 1283 1523 1258
f 1291 1258 1323
f 1323 1258 1415
f 1258 1468 1415
f 1258 1509 1468
f 1523 1509 1258
f 1287 1260 1341
f 1288 1306 1260
f 1260 1306 1358
f 1260 1433 1341
f 1260 1358 1433
f 1286 1384 1283
f 1283 1384 1523
f 1286 1310 1384
f 1327 1287 1398
f 1341 1487 1287
f 1398 1287 1541
f 1287 1487 1538
f 1287 1538 1571
f 1287 1571 1541
f 1306 1288 1298
f 1291 1323 1298
f 1336 1306 1298
f 1331 1298 1323
f 1336 1298 1331
f 1358 1306 1336
f 1310 1357 1387
f 1384 1310 1594
f 1387 1524 1310
f 1310 1524 1594
f 1333 1331 1323
f 1333 1323 1415
f 1359 1327 1618
f 1398 1541 1327
f 1541 1593 1327
f 1327 1593 1618
f 1331 1333 1336
f 1336 1333 1407
f 1333 1415 1407
f 1358 1336 1380
f 1380 1336 1407
f 1433 1473 1341
f 1341 1473 1487
f 1348 1364 1450
f 1348 1450 1382
f 1382 1474 1357
f 1357 1474 1387
f 1433 1358 1380
f 1359 1581 1364
f 1359 1631 1581
f 1359 1618 1631
f 1450 1364 1513
f 1513 1364 1572
f 1572 1364 1634
f 1581 1654 1364
f 1364 1669 1634
f 1364 1654 1669
f 1407 1468 1380
f 1433 1380 1478
f 1380 1468 1478
f 1382 1450 1474
f 1523 1384 1529
f 1384 1543 1529
f 1384 1577 1543
f 1384 1594 1577
f 1474 1662 1387
f 1524 1387 1615
f 1387 1617 1615
f 1387 1635 1617
f 1387 1642 1635
f 1662 1642 1387
f 1407 1415 1428
f 1407 1428 1440
f 1440 1468 1407
f 1415 1436 1428
f 1415 1440 1436
f 1468 1440 1415
f 1436 1440 1428
f 1433 1478 1473
f 1450 1513 1474
f 1468 1509 1478
f 1473 1478 1484
f 1487 1473 1484
f 1474 1513 1561
f 1561 1632 1474
f 1474 1632 1662
f 1509 1484 1478
f 1484 1496 1487
f 1496 1484 1537
f 1484 1509 1523
f 1484 1523 1529
f 1484 1529 1537
f 1487 1496 1506
f 1487 1506 1510
f 1525 1487 1510
f 1538 1487 1525
f 1496 1510 1506
f 1496 1525 1510
f 1537 1525 1496
f 1513 1572 1561
f 1594 1524 1603
f 1524 1614 1603
f 1524 1615 1614
f 1537 1554 1525
f 1525 1586 1538
f 1554 1577 1525
f 1577 1586 1525
f 1529 1543 1537
f 1537 1543 1547
f 1547 1554 1537
f 1586 1571 1538
f 1571 1592 1541
f 1541 1592 1591
f 1541 1591 1593
f 1543 1549 1547
f 1543 1554 1549
f 1577 1554 1543
f 1549 1554 1547
f 1572 1634 1561
f 1561 1634 1632
f 1586 1600 1571
f 1600 1592 1571
f 1586 1577 1594
f 1631 1640 1581
f 1581 1640 1648
f 1581 1648 1650
f 1581 1650 1654
f 1600 1586 1594
f 1592 1593 1591
f 1600 1593 1592
f 1618 1593 1600
f 1603 1600 1594
f 1603 1616 1600
f 1616 1618 1600
f 1614 1616 1603
f 1615 1616 1614
f 1615 1617 1616
f 1617 1627 1616
f 1627 1618 1616
f 1617 1635 1627
f 1627 1631 1618
f 1635 1631 1627
f 1631 1635 1640
f 1634 1668 1632
f 1662 1632 1665
f 1632 1675 1665
f 1632 1668 1675
f 1634 1681 1668
f 1669 1681 1634
f 1635 1648 1640
f 1650 1635 1642
f 1650 1648 1635
f 1650 1642 1662
f 1676 1654 1650
f 1678 1650 1662
f 1676 1650 1683
f 1683 1650 1678
f 1676 1669 1654
f 1665 1678 1662
f 1675 1678 1665
f 1675 1668 1678
f 1668 1685 1678
f 1681 1682 1668
f 1668 1682 1685
f 1681 1669 1676
f 1676 1683 1681
f 1683 1678 1685
f 1682 1681 1683
f 1683 1685 1682
f 42 44 43
f 42 43 62
f 42 62 44
f 44 45 43
f 45 46 43
f 43 46 62
f 62 45 44
f 45 47 46
f 45 89 47
f 62 86 45
f 86 89 45
f 47 55 46
f 55 59 46
f 46 59 56
f 56 73 46
f 46 73 62
f 47 51 55
f 47 94 51
f 89 94 47
f 51 94 55
f 55 58 64
f 58 55 94
f 55 64 59
f 56 59 57
f 73 56 57
f 57 59 60
f 57 60 109
f 73 57 109
f 58 110 64
f 58 94 110
f 59 63 60
f 59 64 63
f 63 126 60
f 109 60 117
f 126 117 60
f 62 73 87
f 62 85 86
f 62 87 85
f 63 64 71
f 63 71 126
f 64 65 69
f 64 110 65
f 64 69 70
f 64 70 76
f 64 76 71
f 69 65 140
f 110 115 65
f 140 65 115
f 140 70 69
f 76 70 72
f 80 72 70
f 80 70 144
f 144 70 140
f 76 156 71
f 126 71 127
f 127 71 156
f 76 72 74
f 74 72 80
f 73 108 87
f 73 109 108
f 76 74 79
f 74 80 79
f 79 84 76
f 84 98 76
f 100 76 98
f 99 76 100
f 76 99 156
f 79 80 159
f 84 79 159
f 80 144 146
f 80 146 147
f 159 80 147
f 98 84 212
f 84 159 175
f 84 175 177
f 84 177 212
f 143 86 85
f 143 85 87
f 89 86 143
f 108 143 87
f 140 94 89
f 140 89 143
f 110 94 115
f 115 94 140
f 100 98 102
f 102 98 103
f 130 103 98
f 98 212 130
f 100 107 99
f 99 107 187
f 99 180 156
f 99 187 180
f 100 102 107
f 107 102 103
f 107 103 114
f 103 149 114
f 130 142 103
f 103 142 149
f 107 114 192
f 187 107 189
f 107 191 189
f 107 192 191
f 126 108 109
f 143 108 126
f 126 109 117
f 114 149 136
f 114 136 192
f 143 126 127
f 127 147 143
f 147 127 159
f 127 156 175
f 159 127 175
f 130 141 142
f 141 130 227
f 227 130 212
f 137 136 188
f 192 136 137
f 149 173 136
f 136 173 188
f 137 188 154
f 137 154 218
f 192 137 218
f 143 144 140
f 200 142 141
f 200 141 227
f 142 200 149
f 143 147 144
f 144 147 146
f 149 200 173
f 154 185 184
f 184 255 154
f 154 195 185
f 188 195 154
f 218 154 221
f 221 154 255
f 175 156 180
f 194 188 173
f 194 173 262
f 173 200 262
f 180 177 175
f 177 180 212
f 187 189 180
f 189 240 180
f 180 228 212
f 180 240 228
f 185 269 184
f 184 277 255
f 184 269 277
f 185 195 186
f 185 186 269
f 195 196 186
f 196 296 186
f 186 287 269
f 288 287 186
f 186 296 288
f 195 188 194
f 191 192 189
f 189 192 218
f 189 218 240
f 206 195 194
f 206 194 262
f 196 195 260
f 206 209 195
f 237 195 209
f 260 195 237
f 196 260 238
f 196 238 329
f 196 329 296
f 200 227 229
f 200 229 228
f 240 200 228
f 262 200 240
f 209 206 310
f 206 262 285
f 206 285 310
f 213 234 209
f 282 213 209
f 234 237 209
f 282 209 327
f 209 310 327
f 212 228 227
f 234 213 282
f 218 221 240
f 240 221 262
f 221 255 285
f 262 221 285
f 227 228 229
f 234 282 237
f 237 343 260
f 237 282 343
f 301 244 238
f 238 244 329
f 238 260 291
f 301 238 291
f 253 244 301
f 244 253 404
f 244 350 329
f 244 404 350
f 271 273 253
f 271 253 295
f 253 273 404
f 253 301 295
f 255 277 279
f 255 279 280
f 285 255 280
f 260 343 291
f 277 269 279
f 269 280 279
f 287 280 269
f 271 272 273
f 272 271 295
f 273 272 295
f 273 295 399
f 273 399 418
f 404 273 418
f 285 280 288
f 287 288 280
f 282 327 337
f 343 282 337
f 310 285 288
f 296 388 288
f 327 310 288
f 343 327 288
f 361 343 288
f 388 361 288
f 431 301 291
f 343 361 291
f 291 361 388
f 388 431 291
f 295 340 298
f 295 298 399
f 303 295 301
f 303 315 295
f 315 340 295
f 329 388 296
f 298 340 307
f 298 307 475
f 298 475 399
f 303 301 431
f 305 315 303
f 305 303 431
f 315 305 344
f 305 458 344
f 305 431 452
f 305 452 458
f 313 307 340
f 307 313 475
f 313 340 316
f 316 482 313
f 475 313 495
f 313 482 523
f 313 523 495
f 315 344 340
f 340 317 316
f 317 342 316
f 412 316 342
f 412 482 316
f 359 317 340
f 400 342 317
f 359 389 317
f 389 400 317
f 343 337 327
f 350 388 329
f 340 344 359
f 402 393 342
f 393 412 342
f 400 402 342
f 344 389 359
f 344 514 389
f 458 471 344
f 344 471 465
f 344 465 500
f 344 500 511
f 344 511 514
f 431 388 350
f 404 452 350
f 452 431 350
f 400 389 525
f 389 514 525
f 393 402 412
f 418 399 417
f 399 421 417
f 454 421 399
f 399 475 454
f 400 433 402
f 400 426 433
f 400 525 426
f 402 416 412
f 402 434 416
f 402 433 434
f 418 417 404
f 417 421 404
f 421 452 404
f 416 557 412
f 412 560 482
f 557 560 412
f 416 434 424
f 416 424 512
f 512 527 416
f 416 527 530
f 416 530 557
f 421 454 452
f 424 434 462
f 436 424 462
f 436 512 424
f 426 430 433
f 430 426 553
f 553 426 525
f 489 433 430
f 489 430 553
f 434 433 502
f 433 489 502
f 462 434 502
f 469 436 462
f 469 496 436
f 496 508 436
f 508 512 436
f 454 472 452
f 458 452 470
f 470 452 472
f 454 500 472
f 454 475 511
f 454 511 500
f 458 470 471
f 469 462 502
f 471 470 465
f 465 470 472
f 500 465 472
f 503 496 469
f 519 469 502
f 503 469 519
f 475 495 511
f 523 482 529
f 482 563 529
f 560 563 482
f 489 519 502
f 489 536 519
f 489 538 536
f 489 543 538
f 489 544 543
f 544 489 553
f 495 523 511
f 496 503 508
f 508 503 519
f 512 508 519
f 511 523 514
f 536 512 519
f 527 512 536
f 514 523 525
f 525 523 529
f 566 525 529
f 553 525 566
f 527 543 530
f 536 538 527
f 527 538 543
f 570 529 563
f 529 570 566
f 543 544 530
f 544 557 530
f 553 566 544
f 544 570 557
f 566 570 544
f 557 563 560
f 557 570 563
f 85 90 86
f 143 85 86
f 85 87 90
f 143 87 85
f 90 89 86
f 89 143 86
f 87 108 90
f 143 108 87
f 90 128 89
f 128 94 89
f 94 140 89
f 89 140 143
f 108 139 90
f 90 139 128
f 115 94 110
f 94 174 110
f 115 140 94
f 128 174 94
f 109 108 126
f 108 109 139
f 143 126 108
f 117 109 126
f 109 117 139
f 110 394 115
f 110 174 394
f 140 115 263
f 115 394 263
f 126 326 117
f 117 326 139
f 127 126 143
f 126 127 326
f 127 143 147
f 127 147 159
f 127 175 156
f 127 156 326
f 127 159 175
f 128 139 174
f 139 211 174
f 139 326 211
f 178 143 140
f 178 140 263
f 143 144 147
f 178 144 143
f 144 146 147
f 146 144 178
f 146 178 147
f 159 147 415
f 147 178 415
f 175 180 156
f 180 373 156
f 156 373 326
f 177 175 159
f 159 415 177
f 174 211 214
f 174 214 394
f 177 180 175
f 212 180 177
f 177 451 212
f 177 415 451
f 178 263 415
f 187 180 189
f 187 373 180
f 189 180 240
f 180 212 228
f 180 228 240
f 187 189 373
f 189 192 191
f 191 193 189
f 189 218 192
f 189 193 373
f 189 240 218
f 191 192 193
f 192 218 193
f 218 372 193
f 193 372 281
f 193 281 373
f 211 283 214
f 211 326 283
f 212 227 228
f 227 212 314
f 212 451 314
f 214 283 254
f 214 254 394
f 240 221 218
f 218 221 372
f 240 262 221
f 255 221 285
f 221 255 372
f 221 262 285
f 228 227 229
f 229 227 314
f 229 314 228
f 240 228 449
f 228 314 449
f 262 240 449
f 254 283 312
f 254 312 394
f 255 279 277
f 277 354 255
f 255 280 279
f 255 285 280
f 255 354 372
f 262 449 285
f 263 394 415
f 277 279 354
f 279 280 354
f 285 288 280
f 287 280 288
f 287 444 280
f 280 444 354
f 281 372 373
f 283 385 312
f 283 326 385
f 285 310 288
f 310 285 449
f 288 296 287
f 296 444 287
f 296 288 388
f 310 327 288
f 288 327 343
f 361 288 343
f 388 288 361
f 329 296 388
f 296 329 444
f 327 310 398
f 310 501 398
f 310 449 501
f 312 385 366
f 312 366 394
f 314 451 449
f 326 373 385
f 327 337 343
f 337 327 398
f 329 388 350
f 329 350 492
f 329 492 444
f 343 337 398
f 343 398 361
f 350 388 431
f 404 350 452
f 404 492 350
f 350 431 452
f 354 466 372
f 354 444 466
f 361 398 388
f 385 405 366
f 394 366 446
f 405 537 366
f 446 366 537
f 372 466 373
f 373 466 385
f 385 532 405
f 466 535 385
f 535 532 385
f 431 388 398
f 415 394 559
f 394 446 559
f 431 398 534
f 398 501 534
f 418 404 417
f 417 404 421
f 404 418 492
f 421 404 452
f 532 531 405
f 531 533 405
f 405 533 537
f 451 415 568
f 415 559 564
f 565 415 564
f 568 415 565
f 418 417 492
f 417 421 492
f 421 452 454
f 454 584 421
f 421 582 492
f 584 582 421
f 431 534 452
f 444 522 466
f 444 492 522
f 446 537 546
f 446 546 551
f 554 446 551
f 559 446 554
f 449 451 596
f 501 449 661
f 603 449 596
f 449 603 621
f 449 621 628
f 449 628 661
f 451 568 596
f 472 454 452
f 458 470 452
f 458 452 534
f 470 472 452
f 472 500 454
f 454 511 475
f 475 584 454
f 500 511 454
f 458 471 470
f 458 556 471
f 458 534 556
f 522 595 466
f 466 539 535
f 466 572 539
f 466 575 572
f 466 595 575
f 471 556 470
f 470 556 472
f 500 472 578
f 472 556 578
f 511 495 475
f 475 495 584
f 522 492 581
f 582 581 492
f 523 495 511
f 584 495 523
f 511 500 514
f 500 578 514
f 534 501 562
f 562 501 611
f 658 611 501
f 501 661 658
f 514 523 511
f 525 523 514
f 514 578 525
f 522 545 542
f 522 542 549
f 580 545 522
f 522 549 595
f 522 581 580
f 525 529 523
f 523 529 547
f 584 523 547
f 525 566 529
f 566 525 599
f 525 578 599
f 529 570 547
f 570 529 566
f 532 559 531
f 554 533 531
f 559 554 531
f 535 559 532
f 546 537 533
f 533 551 546
f 554 551 533
f 556 534 590
f 534 562 583
f 590 534 583
f 539 564 535
f 535 564 559
f 539 565 564
f 568 565 539
f 568 539 572
f 542 545 585
f 611 549 542
f 562 542 583
f 611 542 562
f 583 542 585
f 580 571 545
f 585 545 571
f 570 579 547
f 547 579 588
f 588 584 547
f 595 549 573
f 611 573 549
f 578 556 614
f 556 590 614
f 570 566 606
f 606 566 599
f 596 568 572
f 579 570 606
f 571 580 590
f 571 590 585
f 603 572 575
f 603 596 572
f 619 595 573
f 655 573 611
f 692 619 573
f 655 658 573
f 658 692 573
f 595 692 575
f 575 661 603
f 575 692 661
f 599 578 623
f 617 578 614
f 578 617 622
f 578 622 623
f 606 588 579
f 580 581 614
f 590 580 614
f 581 582 614
f 614 582 584
f 585 590 583
f 586 584 588
f 584 586 614
f 586 588 617
f 586 617 614
f 617 588 606
f 619 692 595
f 606 599 624
f 624 599 623
f 603 661 621
f 617 606 622
f 622 606 623
f 623 606 624
f 658 655 611
f 621 661 628
f 692 658 661
f 552 528 555
f 528 552 729
f 555 528 574
f 528 567 574
f 567 528 598
f 598 528 729
f 552 555 729
f 555 574 702
f 555 702 729
f 574 567 569
f 567 602 569
f 567 598 602
f 663 574 569
f 569 602 597
f 605 569 597
f 605 627 569
f 627 703 569
f 703 663 569
f 574 663 702
f 602 605 597
f 598 630 602
f 598 609 630
f 598 729 609
f 602 627 605
f 602 667 627
f 602 630 646
f 602 646 675
f 602 675 667
f 620 630 609
f 609 729 620
f 688 630 620
f 688 620 673
f 620 729 673
f 667 703 627
f 631 633 630
f 688 631 630
f 630 633 639
f 630 639 646
f 893 633 631
f 688 682 631
f 893 631 682
f 893 639 633
f 646 639 647
f 893 647 639
f 646 647 675
f 675 647 674
f 893 674 647
f 663 703 702
f 667 675 724
f 704 667 689
f 689 667 724
f 704 703 667
f 673 691 688
f 673 770 691
f 729 770 673
f 674 676 675
f 674 700 676
f 893 700 674
f 675 676 754
f 724 675 757
f 675 754 757
f 676 700 754
f 688 687 682
f 893 682 687
f 741 687 688
f 687 737 719
f 893 687 719
f 741 737 687
f 741 688 691
f 704 689 735
f 722 689 724
f 689 722 735
f 728 732 691
f 691 814 728
f 741 691 732
f 691 770 814
f 893 754 700
f 703 704 702
f 702 704 802
f 729 702 770
f 770 702 814
f 702 802 1010
f 814 702 1010
f 802 704 735
f 893 719 737
f 724 792 722
f 722 731 735
f 722 792 731
f 724 757 851
f 724 851 792
f 728 815 732
f 814 815 728
f 739 735 731
f 736 739 731
f 731 792 736
f 732 745 741
f 732 815 745
f 735 739 802
f 736 738 755
f 736 792 738
f 739 736 755
f 741 742 737
f 893 737 742
f 792 755 738
f 739 755 740
f 739 740 802
f 740 755 769
f 802 740 769
f 785 742 741
f 745 780 741
f 780 785 741
f 785 784 742
f 893 742 784
f 780 745 815
f 754 758 757
f 754 766 758
f 893 766 754
f 755 781 769
f 776 789 755
f 755 792 776
f 755 789 781
f 757 758 766
f 757 766 807
f 757 807 851
f 893 807 766
f 769 781 895
f 802 769 970
f 769 895 970
f 776 879 789
f 792 985 776
f 776 985 879
f 780 806 785
f 780 815 806
f 781 789 881
f 781 881 895
f 785 787 784
f 893 784 787
f 787 785 838
f 806 839 785
f 785 839 838
f 893 787 838
f 879 902 789
f 902 881 789
f 792 851 931
f 792 931 985
f 802 970 1002
f 802 1002 1010
f 806 815 843
f 806 843 839
f 807 850 851
f 873 850 807
f 873 807 893
f 815 814 979
f 814 1010 979
f 843 815 841
f 841 815 979
f 839 848 838
f 893 838 848
f 843 966 839
f 848 839 885
f 839 966 885
f 843 841 871
f 841 883 871
f 883 841 979
f 843 871 966
f 893 848 885
f 850 855 851
f 873 855 850
f 851 855 932
f 851 932 931
f 855 873 932
f 871 883 882
f 882 998 871
f 871 998 966
f 893 1012 873
f 932 873 935
f 935 873 941
f 941 873 990
f 873 1005 990
f 873 1012 1005
f 926 902 879
f 879 985 926
f 895 881 902
f 882 883 896
f 896 924 882
f 882 924 906
f 906 998 882
f 896 883 979
f 921 893 885
f 921 885 962
f 885 966 962
f 962 893 921
f 974 893 962
f 1040 893 974
f 1122 1012 893
f 893 1040 1063
f 893 1063 1076
f 893 1076 1105
f 893 1105 1107
f 893 1107 1113
f 893 1113 1114
f 893 1114 1122
f 970 895 902
f 896 979 924
f 1001 902 926
f 970 902 1001
f 908 906 924
f 906 908 998
f 924 969 908
f 908 969 996
f 908 996 1006
f 908 1006 998
f 969 924 979
f 926 985 984
f 1001 926 984
f 931 932 935
f 931 935 941
f 931 941 990
f 985 931 989
f 931 990 989
f 966 968 962
f 968 974 962
f 968 966 974
f 974 966 1040
f 998 1092 966
f 966 1075 1040
f 1092 1075 966
f 969 979 1003
f 969 1003 996
f 1001 1002 970
f 1003 979 1034
f 979 1010 1074
f 979 1074 1034
f 984 985 1021
f 1002 1001 984
f 1018 1002 984
f 1035 1018 984
f 1043 984 1021
f 1035 984 1043
f 1058 985 989
f 985 1043 1021
f 985 1060 1043
f 1058 1111 985
f 1111 1060 985
f 989 990 1005
f 1012 989 1005
f 1083 989 1012
f 1058 989 1083
f 996 1003 1006
f 1006 1030 998
f 1030 1041 998
f 1041 1050 998
f 998 1050 1092
f 1002 1018 1010
f 1006 1003 1034
f 1030 1006 1041
f 1006 1034 1046
f 1006 1046 1041
f 1010 1018 1035
f 1010 1035 1100
f 1074 1010 1150
f 1150 1010 1100
f 1083 1012 1084
f 1122 1084 1012
f 1034 1074 1046
f 1035 1043 1166
f 1100 1035 1168
f 1188 1035 1166
f 1168 1035 1188
f 1040 1075 1063
f 1046 1050 1041
f 1111 1043 1060
f 1166 1043 1111
f 1046 1159 1050
f 1046 1074 1054
f 1046 1054 1159
f 1050 1135 1092
f 1050 1159 1135
f 1054 1074 1110
f 1054 1110 1159
f 1058 1083 1163
f 1166 1111 1058
f 1163 1171 1058
f 1058 1171 1166
f 1063 1075 1076
f 1110 1074 1164
f 1074 1150 1219
f 1164 1074 1172
f 1074 1173 1172
f 1074 1191 1173
f 1191 1074 1219
f 1075 1112 1076
f 1092 1112 1075
f 1076 1112 1105
f 1125 1083 1084
f 1163 1083 1125
f 1122 1108 1084
f 1108 1125 1084
f 1092 1162 1112
f 1135 1159 1092
f 1159 1170 1092
f 1092 1198 1162
f 1170 1185 1092
f 1092 1185 1198
f 1150 1100 1168
f 1105 1112 1107
f 1107 1112 1113
f 1124 1108 1122
f 1125 1108 1124
f 1110 1170 1159
f 1164 1170 1110
f 1113 1112 1127
f 1112 1125 1127
f 1162 1125 1112
f 1114 1113 1122
f 1122 1113 1127
f 1122 1127 1124
f 1127 1125 1124
f 1162 1163 1125
f 1150 1168 1188
f 1150 1188 1211
f 1219 1150 1211
f 1162 1215 1163
f 1198 1202 1162
f 1162 1202 1215
f 1163 1207 1171
f 1243 1207 1163
f 1215 1216 1163
f 1216 1243 1163
f 1185 1170 1164
f 1172 1198 1164
f 1198 1185 1164
f 1166 1171 1207
f 1166 1243 1188
f 1166 1207 1243
f 1173 1198 1172
f 1202 1173 1191
f 1202 1198 1173
f 1211 1188 1243
f 1215 1202 1191
f 1216 1215 1191
f 1191 1243 1216
f 1191 1219 1228
f 1228 1243 1191
f 1219 1211 1243
f 1228 1219 1243
f 1006 1003 996
f 996 1003 1065
f 1006 996 1071
f 996 1065 1071
f 1006 1034 1003
f 1003 1034 1045
f 1003 1045 1065
f 1006 1030 1041
f 1006 1061 1030
f 1006 1046 1034
f 1006 1041 1046
f 1061 1006 1071
f 1030 1149 1041
f 1061 1149 1030
f 1034 1046 1045
f 1046 1041 1050
f 1041 1149 1050
f 1046 1054 1045
f 1045 1054 1110
f 1065 1045 1136
f 1045 1110 1254
f 1136 1045 1218
f 1218 1045 1254
f 1050 1159 1046
f 1046 1159 1054
f 1050 1149 1135
f 1135 1159 1050
f 1159 1110 1054
f 1061 1071 1149
f 1065 1136 1071
f 1071 1136 1098
f 1098 1149 1071
f 1136 1161 1098
f 1098 1161 1149
f 1110 1159 1170
f 1110 1170 1164
f 1110 1164 1172
f 1110 1172 1254
f 1149 1159 1135
f 1136 1196 1161
f 1136 1192 1196
f 1192 1136 1218
f 1159 1149 1170
f 1161 1226 1149
f 1170 1149 1185
f 1149 1290 1185
f 1149 1226 1247
f 1149 1247 1290
f 1161 1196 1226
f 1170 1185 1164
f 1164 1198 1172
f 1185 1198 1164
f 1198 1173 1172
f 1172 1173 1254
f 1191 1173 1202
f 1173 1191 1254
f 1202 1173 1198
f 1185 1290 1198
f 1215 1191 1202
f 1216 1191 1215
f 1191 1216 1243
f 1191 1243 1228
f 1191 1228 1257
f 1191 1257 1254
f 1192 1226 1196
f 1204 1192 1218
f 1192 1204 1266
f 1192 1261 1226
f 1192 1266 1261
f 1198 1290 1202
f 1202 1290 1215
f 1218 1225 1204
f 1204 1225 1266
f 1215 1292 1216
f 1290 1292 1215
f 1216 1292 1243
f 1225 1218 1227
f 1218 1352 1227
f 1218 1254 1352
f 1225 1227 1253
f 1225 1253 1328
f 1225 1281 1266
f 1225 1325 1281
f 1325 1225 1328
f 1226 1261 1247
f 1253 1227 1437
f 1227 1352 1437
f 1228 1243 1292
f 1302 1257 1228
f 1302 1228 1292
f 1261 1266 1247
f 1266 1281 1247
f 1247 1281 1434
f 1247 1418 1290
f 1247 1434 1418
f 1253 1329 1328
f 1253 1437 1329
f 1254 1257 1295
f 1254 1295 1309
f 1254 1309 1322
f 1254 1322 1351
f 1254 1351 1352
f 1295 1257 1277
f 1277 1257 1302
f 1277 1305 1295
f 1302 1305 1277
f 1314 1284 1281
f 1284 1337 1281
f 1314 1281 1325
f 1281 1337 1439
f 1281 1439 1434
f 1284 1314 1337
f 1290 1326 1292
f 1326 1290 1361
f 1290 1418 1361
f 1302 1292 1305
f 1292 1326 1305
f 1305 1309 1295
f 1309 1305 1326
f 1309 1326 1322
f 1314 1325 1337
f 1361 1322 1326
f 1388 1351 1322
f 1361 1388 1322
f 1325 1328 1443
f 1325 1443 1337
f 1329 1335 1328
f 1354 1328 1335
f 1443 1328 1354
f 1335 1329 1363
f 1329 1437 1363
f 1340 1335 1363
f 1407 1335 1340
f 1407 1354 1335
f 1439 1337 1442
f 1443 1442 1337
f 1340 1363 1350
f 1407 1340 1350
f 1350 1363 1379
f 1372 1350 1379
f 1380 1350 1372
f 1407 1350 1380
f 1366 1352 1351
f 1388 1366 1351
f 1352 1366 1388
f 1352 1388 1438
f 1352 1438 1437
f 1354 1400 1399
f 1443 1354 1399
f 1354 1407 1400
f 1439 1388 1361
f 1418 1434 1361
f 1434 1439 1361
f 1363 1377 1378
f 1363 1437 1377
f 1379 1363 1378
f 1372 1379 1380
f 1378 1377 1400
f 1377 1399 1400
f 1377 1461 1399
f 1377 1437 1461
f 1379 1378 1400
f 1380 1379 1407
f 1379 1400 1407
f 1453 1438 1388
f 1439 1453 1388
f 1443 1399 1456
f 1461 1456 1399
f 1437 1438 1441
f 1437 1441 1452
f 1437 1452 1454
f 1461 1437 1454
f 1438 1453 1441
f 1442 1443 1439
f 1443 1453 1439
f 1453 1452 1441
f 1443 1456 1453
f 1453 1456 1452
f 1452 1456 1454
f 1454 1456 1461
f 771 752 753
f 752 786 753
f 752 771 804
f 788 786 752
f 752 829 788
f 752 804 829
f 753 782 756
f 753 756 1373
f 771 753 1381
f 786 782 753
f 1381 753 1373
f 782 767 756
f 756 767 1373
f 782 775 767
f 767 775 1374
f 767 1374 1373
f 804 771 1381
f 782 1374 775
f 1362 782 786
f 1362 1374 782
f 788 793 786
f 793 1362 786
f 793 788 820
f 788 829 820
f 820 1308 793
f 1308 1362 793
f 1289 829 804
f 1289 804 1381
f 829 821 820
f 1308 820 821
f 823 825 821
f 823 821 828
f 825 1308 821
f 829 828 821
f 825 823 875
f 827 823 826
f 826 823 828
f 827 872 823
f 875 823 872
f 825 875 863
f 825 863 1262
f 825 1262 1308
f 845 827 826
f 826 828 1289
f 845 826 1289
f 872 827 845
f 1289 828 829
f 845 861 872
f 861 845 1275
f 845 1289 1275
f 852 858 862
f 894 858 852
f 862 875 852
f 869 867 852
f 894 852 867
f 875 869 852
f 858 1262 862
f 876 858 894
f 858 876 1262
f 872 861 1248
f 861 1275 1248
f 863 875 862
f 862 1262 863
f 869 894 867
f 869 875 1248
f 894 869 911
f 1248 911 869
f 875 872 1248
f 911 876 894
f 934 876 911
f 934 916 876
f 876 916 1262
f 934 911 1209
f 1248 1209 911
f 937 916 934
f 937 1027 916
f 1027 1203 916
f 916 1203 1262
f 937 934 963
f 963 934 1209
f 937 963 1000
f 937 1000 976
f 976 1027 937
f 1064 1000 963
f 1064 963 1209
f 976 1000 1064
f 1027 976 1064
f 1027 1064 1102
f 1195 1027 1102
f 1027 1195 1203
f 1064 1189 1102
f 1200 1189 1064
f 1200 1064 1209
f 1189 1195 1102
f 1189 1200 1195
f 1195 1200 1203
f 1203 1200 1237
f 1208 1200 1209
f 1267 1200 1208
f 1237 1200 1267
f 1203 1237 1262
f 1208 1209 1210
f 1208 1210 1267
f 1209 1244 1210
f 1209 1248 1244
f 1210 1244 1267
f 1237 1267 1262
f 1244 1248 1280
f 1282 1267 1244
f 1297 1244 1280
f 1297 1282 1244
f 1275 1369 1248
f 1280 1248 1299
f 1343 1299 1248
f 1353 1343 1248
f 1353 1248 1369
f 1267 1282 1262
f 1282 1297 1262
f 1297 1319 1262
f 1262 1319 1308
f 1275 1289 1369
f 1297 1280 1299
f 1369 1289 1432
f 1289 1381 1432
f 1297 1299 1319
f 1319 1299 1330
f 1299 1343 1330
f 1308 1319 1330
f 1330 1397 1308
f 1308 1391 1362
f 1397 1391 1308
f 1330 1343 1397
f 1343 1353 1447
f 1397 1343 1430
f 1430 1343 1447
f 1353 1369 1385
f 1353 1385 1447
f 1458 1374 1362
f 1391 1458 1362
f 1369 1422 1385
f 1369 1515 1422
f 1369 1432 1491
f 1515 1369 1491
f 1381 1373 1374
f 1381 1374 1444
f 1374 1458 1444
f 1432 1381 1444
f 1385 1422 1447
f 1430 1391 1397
f 1391 1430 1447
f 1391 1447 1533
f 1391 1519 1458
f 1391 1533 1519
f 1422 1533 1447
f 1515 1563 1422
f 1422 1542 1533
f 1563 1542 1422
f 1432 1444 1490
f 1491 1432 1490
f 1490 1444 1458
f 1458 1519 1490
f 1491 1490 1536
f 1536 1490 1519
f 1539 1515 1491
f 1491 1536 1544
f 1491 1544 1539
f 1539 1544 1515
f 1544 1563 1515
f 1519 1533 1542
f 1560 1536 1519
f 1542 1559 1519
f 1559 1560 1519
f 1544 1536 1563
f 1567 1536 1560
f 1563 1536 1567
f 1560 1559 1542
f 1563 1560 1542
f 1563 1567 1560
f 469 462 468
f 468 462 502
f 462 469 502
f 469 468 504
f 468 502 516
f 504 468 516
f 485 469 486
f 485 496 469
f 486 469 524
f 469 496 503
f 502 469 519
f 519 469 503
f 524 469 504
f 485 486 496
f 486 505 490
f 490 605 486
f 496 486 503
f 486 713 503
f 486 524 505
f 605 713 486
f 505 597 490
f 597 605 490
f 502 519 516
f 508 503 515
f 508 519 503
f 503 713 515
f 504 516 663
f 524 504 663
f 524 518 505
f 518 567 505
f 505 567 569
f 569 597 505
f 508 515 512
f 512 519 508
f 512 515 527
f 536 519 512
f 527 536 512
f 527 515 653
f 515 713 653
f 519 723 516
f 516 703 663
f 703 516 704
f 516 723 704
f 524 550 518
f 550 528 518
f 518 528 567
f 536 723 519
f 550 524 555
f 555 524 574
f 663 574 524
f 527 530 543
f 530 527 653
f 527 538 536
f 538 527 543
f 550 552 528
f 555 528 552
f 555 574 528
f 574 567 528
f 543 530 544
f 557 544 530
f 557 530 653
f 538 723 536
f 543 608 538
f 538 608 723
f 543 544 553
f 543 553 608
f 544 566 553
f 557 570 544
f 570 566 544
f 550 555 552
f 553 566 608
f 560 563 557
f 557 613 560
f 563 570 557
f 557 653 613
f 560 594 563
f 560 604 594
f 613 604 560
f 563 594 570
f 594 566 570
f 607 566 594
f 566 607 608
f 569 567 574
f 663 569 574
f 605 597 569
f 627 605 569
f 703 627 569
f 703 569 663
f 604 607 594
f 604 613 607
f 627 689 605
f 605 689 722
f 605 722 713
f 608 607 610
f 607 613 610
f 610 612 608
f 615 608 612
f 723 608 615
f 610 613 612
f 613 615 612
f 653 615 613
f 653 671 615
f 671 723 615
f 627 667 689
f 667 627 703
f 698 671 653
f 653 713 698
f 689 667 704
f 704 667 703
f 709 671 698
f 797 671 709
f 723 671 797
f 735 689 704
f 735 722 689
f 713 709 698
f 704 723 739
f 735 704 739
f 713 779 709
f 797 709 779
f 722 736 713
f 736 738 713
f 738 755 713
f 755 776 713
f 713 776 879
f 713 853 779
f 879 853 713
f 731 722 735
f 722 731 736
f 739 723 740
f 740 723 769
f 723 781 769
f 723 797 781
f 735 739 731
f 739 736 731
f 738 736 755
f 736 739 755
f 755 739 740
f 755 740 769
f 755 769 781
f 776 755 789
f 755 781 789
f 879 776 789
f 779 881 797
f 853 881 779
f 781 797 789
f 789 797 881
f 879 789 902
f 902 789 881
f 879 902 853
f 853 902 881
f 339 336 351
f 339 392 336
f 336 347 348
f 371 347 336
f 336 348 351
f 336 392 349
f 349 396 336
f 336 390 371
f 396 390 336
f 341 355 339
f 341 339 356
f 351 356 339
f 355 392 339
f 435 355 341
f 377 341 356
f 377 435 341
f 348 347 376
f 347 371 368
f 347 368 376
f 351 348 376
f 392 443 349
f 349 443 396
f 377 356 351
f 377 351 376
f 392 355 435
f 371 375 368
f 376 368 375
f 376 375 371
f 371 379 376
f 371 390 379
f 377 376 435
f 376 379 390
f 429 376 390
f 376 429 504
f 435 376 447
f 447 376 463
f 463 376 481
f 376 498 481
f 376 526 498
f 376 504 550
f 376 552 526
f 376 550 552
f 441 382 413
f 413 382 457
f 432 382 441
f 432 483 382
f 462 382 450
f 382 483 450
f 462 457 382
f 396 406 390
f 429 390 406
f 447 392 435
f 447 443 392
f 406 396 467
f 396 443 445
f 445 459 396
f 396 459 467
f 429 406 425
f 425 406 473
f 406 467 473
f 413 504 441
f 413 457 468
f 468 504 413
f 428 423 422
f 423 440 422
f 422 440 427
f 441 422 427
f 441 428 422
f 429 425 423
f 423 425 440
f 428 429 423
f 425 473 440
f 440 432 427
f 432 441 427
f 504 429 428
f 504 428 441
f 440 483 432
f 473 520 440
f 440 505 483
f 440 518 505
f 440 528 518
f 440 520 521
f 440 521 528
f 445 443 463
f 463 443 447
f 445 498 459
f 463 481 445
f 481 498 445
f 462 450 469
f 450 485 469
f 483 485 450
f 457 462 468
f 498 467 459
f 468 462 469
f 467 526 473
f 498 526 467
f 504 468 469
f 485 486 469
f 486 524 469
f 524 504 469
f 473 526 520
f 483 486 485
f 490 486 483
f 505 490 483
f 490 505 486
f 486 505 524
f 550 504 524
f 524 505 518
f 550 524 518
f 518 528 550
f 520 526 521
f 552 521 526
f 552 528 521
f 552 550 528
f 435 341 355
f 341 460 355
f 356 341 377
f 356 397 341
f 377 341 435
f 397 414 341
f 341 414 460
f 435 355 392
f 355 461 392
f 460 461 355
f 378 356 377
f 356 378 397
f 699 378 377
f 699 377 435
f 699 397 378
f 392 447 435
f 392 443 447
f 392 478 443
f 461 477 392
f 477 478 392
f 397 460 414
f 397 491 460
f 491 397 699
f 435 447 699
f 443 445 463
f 443 478 445
f 447 443 463
f 445 478 459
f 498 445 459
f 481 463 445
f 498 481 445
f 798 447 463
f 699 447 798
f 459 478 467
f 498 459 467
f 491 461 460
f 461 507 477
f 491 509 461
f 509 507 461
f 463 481 798
f 467 478 473
f 526 467 473
f 526 498 467
f 478 587 473
f 520 526 473
f 473 587 520
f 477 669 478
f 477 507 487
f 487 669 477
f 478 708 587
f 669 708 478
f 481 498 798
f 487 507 669
f 509 491 699
f 498 526 770
f 498 770 798
f 509 540 507
f 540 576 507
f 576 541 507
f 507 541 669
f 540 509 699
f 521 526 520
f 520 587 521
f 552 526 521
f 552 521 528
f 528 521 598
f 598 521 587
f 526 552 729
f 526 729 770
f 528 729 552
f 528 598 729
f 540 699 576
f 652 541 576
f 541 589 669
f 695 589 541
f 693 541 652
f 695 541 693
f 576 699 652
f 587 620 598
f 673 620 587
f 587 708 673
f 589 695 669
f 598 620 609
f 609 729 598
f 620 729 609
f 620 673 729
f 652 699 693
f 695 726 669
f 669 777 708
f 726 812 669
f 669 812 777
f 673 708 691
f 770 673 691
f 770 729 673
f 728 691 708
f 691 728 814
f 691 814 770
f 726 695 693
f 693 699 744
f 693 744 726
f 744 699 907
f 699 798 841
f 699 841 896
f 699 896 924
f 907 699 918
f 699 925 918
f 699 924 969
f 699 969 925
f 732 728 708
f 708 745 732
f 708 777 745
f 744 809 726
f 726 809 812
f 815 728 732
f 728 815 814
f 815 732 745
f 810 809 744
f 744 860 810
f 744 905 860
f 905 744 907
f 777 780 745
f 815 745 780
f 798 770 814
f 777 806 780
f 777 843 806
f 812 871 777
f 777 871 843
f 780 806 815
f 798 814 815
f 798 815 841
f 806 843 815
f 809 810 812
f 810 860 812
f 860 901 812
f 812 882 871
f 812 906 882
f 901 909 812
f 812 913 906
f 909 913 812
f 843 841 815
f 871 841 843
f 883 841 871
f 883 896 841
f 860 898 901
f 905 898 860
f 882 883 871
f 896 883 882
f 924 896 882
f 924 882 906
f 901 898 925
f 898 905 907
f 898 907 918
f 925 898 918
f 909 901 925
f 908 906 913
f 924 906 908
f 908 913 1006
f 908 969 924
f 996 969 908
f 1006 996 908
f 996 913 909
f 996 909 925
f 996 1006 913
f 996 925 969
f 637 645 636
f 636 656 637
f 640 636 645
f 640 660 636
f 660 656 636
f 637 638 645
f 842 638 637
f 842 637 656
f 645 638 657
f 638 666 657
f 842 666 638
f 640 645 643
f 650 640 643
f 659 640 650
f 672 640 659
f 640 684 660
f 824 640 672
f 640 705 684
f 824 705 640
f 643 645 651
f 643 651 650
f 645 657 651
f 650 651 657
f 650 657 659
f 656 660 683
f 842 656 683
f 659 657 666
f 659 666 679
f 672 659 679
f 660 684 683
f 666 681 679
f 666 701 681
f 842 701 666
f 710 672 679
f 824 672 710
f 679 681 710
f 710 681 701
f 684 697 683
f 842 683 697
f 705 697 684
f 706 697 705
f 697 706 717
f 842 697 717
f 710 701 727
f 727 701 725
f 842 725 701
f 706 705 824
f 706 751 717
f 706 749 751
f 801 749 706
f 801 706 824
f 824 710 727
f 880 717 751
f 842 717 880
f 727 725 765
f 842 765 725
f 727 765 764
f 727 764 856
f 727 856 824
f 749 768 751
f 749 772 768
f 801 772 749
f 768 880 751
f 818 764 765
f 813 764 818
f 856 764 813
f 765 842 818
f 772 819 768
f 880 768 819
f 772 801 819
f 801 816 819
f 801 878 816
f 1039 801 824
f 1039 878 801
f 813 818 834
f 813 834 840
f 856 813 840
f 819 816 832
f 816 835 832
f 816 878 835
f 842 834 818
f 832 880 819
f 856 947 824
f 824 947 1016
f 824 1016 1028
f 824 1028 1039
f 832 835 917
f 880 832 917
f 840 834 888
f 842 888 834
f 835 878 897
f 835 897 917
f 856 840 888
f 842 880 917
f 842 1055 888
f 842 917 939
f 842 939 955
f 842 955 981
f 842 981 1036
f 842 1036 1131
f 842 1131 1055
f 856 888 904
f 856 904 945
f 856 945 947
f 878 951 897
f 878 971 951
f 878 978 971
f 878 999 978
f 1039 999 878
f 888 922 904
f 888 948 922
f 980 948 888
f 992 980 888
f 1055 992 888
f 917 897 939
f 897 951 939
f 904 922 948
f 904 948 945
f 939 951 955
f 948 947 945
f 980 947 948
f 972 947 980
f 1016 947 972
f 951 971 955
f 981 955 971
f 981 971 978
f 972 980 992
f 972 992 993
f 972 993 1016
f 1036 981 978
f 1011 978 999
f 1036 978 1011
f 1057 993 992
f 1055 1057 992
f 1016 993 1057
f 1011 999 1039
f 1047 1036 1011
f 1073 1011 1039
f 1011 1073 1047
f 1028 1016 1087
f 1016 1057 1086
f 1016 1086 1087
f 1087 1039 1028
f 1131 1036 1047
f 1126 1073 1039
f 1099 1039 1087
f 1103 1039 1099
f 1103 1126 1039
f 1047 1073 1082
f 1082 1131 1047
f 1055 1131 1057
f 1057 1131 1086
f 1082 1073 1081
f 1126 1081 1073
f 1082 1081 1091
f 1081 1095 1091
f 1126 1095 1081
f 1082 1091 1131
f 1086 1104 1087
f 1086 1131 1104
f 1104 1099 1087
f 1129 1091 1095
f 1091 1129 1131
f 1126 1119 1095
f 1129 1095 1119
f 1118 1103 1099
f 1117 1099 1104
f 1118 1099 1117
f 1103 1118 1126
f 1104 1131 1117
f 1117 1131 1118
f 1126 1118 1132
f 1131 1133 1118
f 1133 1132 1118
f 1119 1126 1132
f 1119 1132 1129
f 1129 1133 1131
f 1129 1132 1133
f 634 636 641
f 634 660 636
f 634 641 910
f 634 664 660
f 664 634 910
f 636 640 643
f 640 636 660
f 636 643 641
f 640 650 643
f 640 659 650
f 640 672 659
f 640 660 684
f 824 672 640
f 640 684 705
f 640 705 824
f 642 641 650
f 641 642 910
f 641 643 650
f 642 650 649
f 642 649 910
f 649 650 659
f 649 659 662
f 649 662 910
f 662 659 672
f 664 684 660
f 662 672 678
f 662 678 910
f 664 685 684
f 685 664 910
f 672 679 678
f 672 710 679
f 824 710 672
f 678 679 720
f 678 720 910
f 720 679 710
f 685 706 684
f 684 706 705
f 716 706 685
f 712 716 685
f 712 685 910
f 705 706 824
f 716 749 706
f 706 749 801
f 706 801 824
f 720 710 721
f 721 710 761
f 710 727 764
f 824 727 710
f 710 764 761
f 910 716 712
f 716 746 749
f 910 746 716
f 720 721 910
f 721 761 887
f 721 887 910
f 856 764 727
f 856 727 824
f 746 772 749
f 746 778 772
f 910 778 746
f 749 772 801
f 761 764 813
f 800 761 813
f 887 761 800
f 856 813 764
f 778 816 772
f 772 816 801
f 778 805 816
f 910 805 778
f 800 813 840
f 844 800 840
f 887 800 844
f 878 801 816
f 1039 824 801
f 1039 801 878
f 816 805 835
f 805 836 835
f 910 836 805
f 856 840 813
f 816 835 878
f 824 947 856
f 824 1016 947
f 1016 824 1028
f 824 1039 1028
f 836 878 835
f 866 897 836
f 910 866 836
f 836 897 878
f 840 856 844
f 844 856 904
f 887 844 890
f 844 904 890
f 856 945 904
f 856 947 945
f 886 897 866
f 866 944 886
f 910 944 866
f 951 878 897
f 971 878 951
f 978 878 971
f 999 878 978
f 1039 878 999
f 897 886 951
f 886 944 956
f 886 956 951
f 940 887 890
f 910 887 1017
f 960 887 940
f 988 887 960
f 994 887 988
f 1017 887 994
f 890 904 945
f 940 890 945
f 910 956 944
f 910 975 956
f 910 986 975
f 910 1051 986
f 1017 1023 910
f 1023 1121 910
f 910 1062 1051
f 910 1088 1062
f 1088 910 1101
f 910 1115 1101
f 910 1116 1115
f 1121 1116 910
f 972 940 945
f 972 960 940
f 972 945 947
f 947 1016 972
f 956 977 951
f 951 977 971
f 956 975 977
f 960 972 995
f 988 960 995
f 971 977 978
f 995 972 993
f 993 972 1016
f 977 975 986
f 978 977 999
f 986 1051 977
f 999 977 1011
f 977 1080 1011
f 1051 1080 977
f 988 995 994
f 995 993 1016
f 994 995 1017
f 995 1016 1028
f 1017 995 1023
f 1023 995 1089
f 995 1028 1087
f 995 1087 1089
f 1039 999 1011
f 1039 1011 1073
f 1073 1011 1081
f 1011 1080 1081
f 1023 1089 1121
f 1087 1028 1039
f 1039 1073 1126
f 1099 1087 1039
f 1103 1099 1039
f 1103 1039 1126
f 1051 1062 1080
f 1062 1078 1080
f 1078 1062 1088
f 1126 1073 1081
f 1078 1088 1080
f 1081 1080 1095
f 1080 1088 1101
f 1080 1101 1095
f 1126 1081 1095
f 1099 1089 1087
f 1099 1094 1089
f 1089 1094 1121
f 1103 1094 1099
f 1103 1118 1094
f 1118 1120 1094
f 1094 1120 1121
f 1095 1101 1119
f 1126 1095 1119
f 1119 1101 1115
f 1118 1103 1126
f 1130 1115 1116
f 1119 1115 1130
f 1121 1130 1116
f 1132 1120 1118
f 1132 1118 1126
f 1126 1119 1130
f 1132 1121 1120
f 1132 1130 1121
f 1126 1130 1132
f 168 161 163
f 183 163 161
f 161 168 181
f 161 170 224
f 161 250 170
f 161 181 215
f 183 161 224
f 161 215 250
f 163 164 168
f 164 163 183
f 168 164 169
f 164 183 169
f 168 169 181
f 169 183 181
f 170 171 208
f 170 250 171
f 224 170 208
f 171 265 208
f 171 250 225
f 171 225 252
f 171 252 265
f 181 183 215
f 215 183 224
f 224 208 257
f 257 208 241
f 208 265 241
f 330 215 224
f 250 215 297
f 215 330 297
f 257 330 224
f 225 250 297
f 252 225 297
f 257 241 248
f 241 265 248
f 248 268 257
f 265 268 248
f 252 294 265
f 294 252 297
f 257 264 256
f 362 257 256
f 256 264 266
f 364 256 266
f 362 256 364
f 257 268 264
f 362 330 257
f 264 275 266
f 268 311 264
f 264 276 275
f 264 311 276
f 268 265 311
f 294 300 265
f 265 300 322
f 265 322 311
f 383 266 275
f 364 266 383
f 275 276 333
f 383 275 333
f 276 311 333
f 297 330 294
f 294 362 300
f 294 330 362
f 322 300 328
f 300 362 328
f 311 322 318
f 318 333 311
f 318 322 319
f 318 319 333
f 319 322 320
f 319 320 333
f 322 476 320
f 356 333 320
f 341 356 320
f 320 414 341
f 320 476 414
f 328 410 322
f 410 420 322
f 420 476 322
f 328 362 364
f 383 328 364
f 419 328 383
f 410 328 419
f 378 333 356
f 383 333 378
f 356 341 397
f 341 414 397
f 356 397 378
f 383 378 397
f 383 397 419
f 460 397 414
f 419 397 456
f 540 456 397
f 491 397 460
f 509 397 491
f 509 540 397
f 420 410 419
f 414 476 460
f 420 419 456
f 420 456 479
f 479 476 420
f 479 456 499
f 499 456 540
f 460 477 461
f 461 491 460
f 476 477 460
f 477 507 461
f 461 509 491
f 507 509 461
f 476 487 477
f 484 476 479
f 484 510 476
f 476 510 487
f 477 487 507
f 576 484 479
f 576 479 499
f 510 484 576
f 487 510 507
f 499 540 576
f 509 507 540
f 507 510 541
f 540 507 576
f 507 541 576
f 510 576 541
f 1142 1138 1144
f 1138 1142 1153
f 1144 1138 1145
f 1145 1138 1217
f 1138 1153 1217
f 1142 1144 1146
f 1194 1142 1146
f 1153 1142 1180
f 1180 1142 1214
f 1234 1142 1194
f 1214 1142 1234
f 1145 1146 1144
f 1146 1145 1147
f 1147 1145 1217
f 1146 1147 1303
f 1194 1146 1303
f 1147 1217 1181
f 1303 1147 1181
f 1217 1153 1180
f 1180 1214 1272
f 1217 1180 1224
f 1180 1272 1224
f 1224 1181 1217
f 1224 1256 1181
f 1256 1241 1181
f 1181 1241 1303
f 1234 1194 1303
f 1214 1268 1222
f 1214 1222 1272
f 1236 1214 1234
f 1236 1264 1214
f 1264 1271 1214
f 1271 1268 1214
f 1268 1252 1222
f 1252 1276 1222
f 1222 1276 1272
f 1224 1272 1256
f 1236 1234 1303
f 1264 1236 1312
f 1236 1303 1312
f 1296 1251 1241
f 1241 1251 1303
f 1265 1241 1256
f 1296 1241 1265
f 1273 1251 1296
f 1251 1273 1303
f 1252 1268 1293
f 1252 1293 1276
f 1256 1272 1265
f 1271 1264 1274
f 1264 1312 1274
f 1272 1296 1265
f 1271 1293 1268
f 1271 1274 1334
f 1271 1301 1293
f 1271 1334 1301
f 1276 1356 1272
f 1272 1324 1296
f 1272 1344 1324
f 1272 1370 1344
f 1272 1356 1365
f 1365 1370 1272
f 1273 1296 1324
f 1273 1307 1303
f 1307 1273 1324
f 1274 1312 1334
f 1276 1293 1301
f 1276 1301 1334
f 1276 1334 1356
f 1303 1307 1318
f 1312 1303 1316
f 1316 1303 1345
f 1303 1318 1339
f 1303 1339 1349
f 1303 1360 1345
f 1303 1349 1465
f 1360 1303 1409
f 1303 1465 1409
f 1318 1307 1324
f 1316 1334 1312
f 1334 1316 1356
f 1365 1316 1345
f 1356 1316 1365
f 1344 1318 1324
f 1367 1339 1318
f 1344 1367 1318
f 1349 1339 1368
f 1367 1393 1339
f 1339 1393 1368
f 1344 1370 1367
f 1365 1345 1360
f 1349 1368 1465
f 1360 1370 1365
f 1360 1376 1370
f 1455 1376 1360
f 1409 1455 1360
f 1383 1367 1370
f 1367 1383 1393
f 1465 1368 1393
f 1370 1376 1383
f 1376 1408 1383
f 1376 1455 1408
f 1393 1383 1408
f 1393 1408 1477
f 1465 1393 1470
f 1393 1480 1470
f 1393 1477 1480
f 1455 1483 1408
f 1507 1477 1408
f 1483 1507 1408
f 1455 1409 1448
f 1409 1465 1448
f 1483 1455 1448
f 1448 1465 1499
f 1448 1497 1483
f 1497 1448 1499
f 1465 1470 1485
f 1465 1485 1562
f 1499 1465 1527
f 1465 1530 1527
f 1530 1465 1562
f 1470 1480 1514
f 1485 1470 1531
f 1531 1470 1514
f 1477 1520 1480
f 1507 1520 1477
f 1480 1520 1514
f 1495 1483 1497
f 1483 1495 1503
f 1483 1503 1507
f 1502 1485 1531
f 1485 1502 1562
f 1503 1495 1497
f 1499 1518 1497
f 1497 1507 1503
f 1497 1516 1507
f 1518 1516 1497
f 1527 1518 1499
f 1551 1502 1531
f 1502 1551 1587
f 1502 1564 1562
f 1502 1587 1564
f 1516 1520 1507
f 1520 1531 1514
f 1516 1518 1520
f 1518 1574 1520
f 1530 1518 1527
f 1574 1518 1530
f 1520 1579 1531
f 1574 1579 1520
f 1574 1530 1562
f 1551 1531 1535
f 1531 1579 1535
f 1566 1551 1535
f 1566 1535 1595
f 1535 1579 1582
f 1535 1582 1589
f 1595 1535 1589
f 1566 1568 1551
f 1551 1568 1599
f 1551 1599 1587
f 1574 1562 1564
f 1574 1564 1582
f 1564 1589 1582
f 1587 1589 1564
f 1570 1568 1566
f 1566 1583 1570
f 1566 1595 1583
f 1568 1570 1613
f 1568 1613 1599
f 1639 1570 1583
f 1613 1570 1622
f 1622 1570 1641
f 1641 1570 1639
f 1574 1582 1579
f 1595 1611 1583
f 1611 1643 1583
f 1639 1583 1637
f 1583 1643 1637
f 1587 1595 1589
f 1611 1595 1587
f 1599 1611 1587
f 1611 1599 1641
f 1599 1613 1641
f 1644 1611 1641
f 1643 1611 1644
f 1613 1622 1623
f 1613 1623 1641
f 1622 1624 1623
f 1622 1641 1624
f 1623 1624 1641
f 1639 1637 1643
f 1644 1641 1639
f 1639 1643 1644
f 694 671 750
f 797 671 694
f 791 671 709
f 671 797 709
f 671 811 750
f 791 811 671
f 694 750 711
f 936 694 711
f 797 694 936
f 709 779 791
f 779 709 797
f 750 1137 711
f 938 936 711
f 1137 938 711
f 750 811 1134
f 750 1134 1137
f 791 779 853
f 797 881 779
f 779 881 853
f 831 811 791
f 791 853 831
f 881 797 936
f 831 877 811
f 877 868 811
f 811 868 1134
f 853 1157 831
f 877 831 1157
f 881 902 853
f 902 953 853
f 853 953 1156
f 853 1156 1157
f 868 903 874
f 868 874 1134
f 889 868 877
f 889 903 868
f 874 903 884
f 874 884 1033
f 874 1033 1134
f 889 877 1157
f 881 953 902
f 936 953 881
f 884 976 892
f 884 892 1033
f 964 884 903
f 964 976 884
f 889 1007 903
f 1007 889 1158
f 889 1157 1158
f 946 915 892
f 892 915 1024
f 892 976 946
f 892 1024 1033
f 1007 964 903
f 915 946 1020
f 1024 915 1020
f 938 953 936
f 938 1069 953
f 938 1025 1069
f 1025 938 1137
f 1000 946 976
f 1013 946 1000
f 1020 946 1013
f 953 1069 1156
f 964 983 976
f 983 964 1007
f 976 983 1033
f 976 1013 1000
f 976 1024 1013
f 1024 976 1033
f 983 1007 1033
f 1007 1154 1033
f 1158 1154 1007
f 1020 1013 1024
f 1069 1025 1153
f 1138 1025 1137
f 1153 1025 1138
f 1033 1140 1134
f 1033 1154 1140
f 1093 1069 1153
f 1069 1093 1156
f 1093 1153 1155
f 1093 1155 1156
f 1134 1139 1137
f 1139 1134 1141
f 1140 1141 1134
f 1137 1153 1138
f 1137 1139 1155
f 1155 1153 1137
f 1141 1156 1139
f 1156 1155 1139
f 1140 1158 1141
f 1154 1158 1140
f 1141 1157 1156
f 1141 1158 1157
f 1389 1402 1410
f 1423 1402 1389
f 1404 1389 1412
f 1423 1389 1404
f 1449 1389 1410
f 1412 1389 1431
f 1431 1389 1449
f 1401 1403 1419
f 1401 1426 1403
f 1413 1417 1401
f 1425 1413 1401
f 1417 1421 1401
f 1401 1419 1425
f 1401 1421 1445
f 1481 1426 1401
f 1401 1445 1475
f 1401 1475 1481
f 1402 1486 1410
f 1423 1411 1402
f 1402 1411 1486
f 1403 1406 1419
f 1406 1403 1476
f 1476 1403 1426
f 1423 1404 1412
f 1419 1406 1492
f 1406 1476 1492
f 1449 1410 1429
f 1410 1508 1429
f 1486 1508 1410
f 1414 1411 1423
f 1414 1486 1411
f 1423 1412 1451
f 1431 1504 1412
f 1412 1504 1451
f 1451 1417 1413
f 1451 1413 1425
f 1416 1414 1423
f 1416 1486 1414
f 1419 1416 1427
f 1416 1419 1486
f 1423 1424 1416
f 1427 1416 1424
f 1421 1417 1445
f 1417 1451 1445
f 1419 1427 1425
f 1419 1492 1486
f 1424 1423 1451
f 1427 1424 1451
f 1425 1427 1451
f 1481 1476 1426
f 1429 1435 1467
f 1429 1508 1435
f 1449 1429 1467
f 1504 1431 1449
f 1467 1435 1495
f 1435 1508 1495
f 1445 1451 1475
f 1449 1467 1546
f 1504 1449 1546
f 1475 1451 1504
f 1497 1467 1495
f 1467 1497 1546
f 1481 1475 1501
f 1475 1504 1501
f 1481 1492 1476
f 1481 1501 1492
f 1492 1498 1486
f 1498 1602 1486
f 1602 1508 1486
f 1501 1498 1492
f 1497 1495 1503
f 1503 1495 1512
f 1495 1508 1512
f 1499 1497 1518
f 1497 1499 1546
f 1507 1497 1503
f 1507 1516 1497
f 1516 1518 1497
f 1532 1498 1501
f 1534 1498 1532
f 1534 1588 1498
f 1588 1602 1498
f 1518 1527 1499
f 1499 1527 1585
f 1546 1499 1585
f 1501 1504 1532
f 1503 1512 1507
f 1504 1555 1532
f 1504 1546 1607
f 1504 1553 1555
f 1504 1607 1553
f 1512 1516 1507
f 1508 1610 1512
f 1508 1602 1610
f 1512 1518 1516
f 1512 1606 1518
f 1512 1610 1606
f 1518 1530 1527
f 1518 1574 1530
f 1518 1606 1574
f 1527 1530 1585
f 1530 1574 1562
f 1530 1562 1585
f 1550 1534 1532
f 1550 1532 1555
f 1555 1534 1550
f 1588 1534 1555
f 1546 1585 1664
f 1607 1546 1664
f 1555 1553 1573
f 1553 1584 1573
f 1553 1607 1584
f 1588 1555 1573
f 1562 1574 1564
f 1562 1564 1585
f 1574 1582 1564
f 1564 1582 1589
f 1564 1587 1585
f 1564 1589 1587
f 1588 1573 1584
f 1574 1579 1582
f 1574 1606 1579
f 1579 1606 1582
f 1582 1606 1589
f 1588 1584 1598
f 1584 1612 1598
f 1584 1607 1605
f 1605 1628 1584
f 1628 1612 1584
f 1587 1599 1585
f 1599 1630 1585
f 1585 1630 1679
f 1585 1679 1664
f 1595 1587 1589
f 1595 1611 1587
f 1587 1611 1599
f 1598 1602 1588
f 1589 1606 1595
f 1606 1611 1595
f 1636 1602 1598
f 1612 1636 1598
f 1611 1641 1599
f 1613 1630 1599
f 1599 1641 1613
f 1602 1666 1610
f 1636 1666 1602
f 1605 1607 1633
f 1628 1605 1633
f 1610 1672 1606
f 1606 1647 1611
f 1606 1671 1647
f 1606 1696 1671
f 1672 1696 1606
f 1633 1607 1655
f 1607 1664 1655
f 1666 1672 1610
f 1611 1644 1641
f 1643 1644 1611
f 1611 1647 1643
f 1612 1628 1636
f 1613 1623 1630
f 1613 1641 1623
f 1623 1624 1630
f 1641 1624 1623
f 1629 1625 1624
f 1624 1625 1630
f 1645 1629 1624
f 1645 1624 1641
f 1625 1629 1630
f 1628 1633 1653
f 1636 1628 1661
f 1628 1653 1667
f 1661 1628 1667
f 1630 1629 1656
f 1649 1629 1645
f 1629 1649 1656
f 1658 1630 1656
f 1630 1658 1679
f 1653 1633 1655
f 1661 1666 1636
f 1647 1641 1644
f 1647 1645 1641
f 1644 1643 1647
f 1656 1645 1647
f 1656 1649 1645
f 1671 1656 1647
f 1653 1655 1673
f 1653 1659 1667
f 1659 1653 1673
f 1687 1655 1664
f 1673 1655 1686
f 1686 1655 1687
f 1658 1656 1677
f 1677 1656 1671
f 1658 1677 1679
f 1667 1659 1670
f 1670 1659 1694
f 1659 1673 1694
f 1661 1697 1666
f 1661 1667 1670
f 1670 1697 1661
f 1664 1679 1708
f 1687 1664 1699
f 1664 1708 1699
f 1666 1697 1672
f 1670 1694 1697
f 1691 1677 1671
f 1691 1671 1696
f 1697 1696 1672
f 1673 1686 1690
f 1673 1690 1694
f 1679 1677 1693
f 1693 1677 1691
f 1695 1679 1693
f 1679 1695 1708
f 1686 1687 1690
f 1690 1687 1699
f 1694 1690 1698
f 1690 1699 1698
f 1707 1693 1691
f 1691 1696 1707
f 1695 1693 1706
f 1706 1693 1707
f 1694 1703 1697
f 1694 1698 1703
f 1695 1706 1708
f 1697 1725 1696
f 1707 1696 1715
f 1696 1725 1715
f 1703 1722 1697
f 1697 1722 1725
f 1698 1699 1701
f 1716 1698 1701
f 1703 1698 1714
f 1714 1698 1716
f 1701 1699 1709
f 1699 1708 1717
f 1709 1699 1717
f 1701 1709 1716
f 1714 1722 1703
f 1713 1706 1707
f 1708 1706 1713
f 1715 1713 1707
f 1708 1713 1717
f 1716 1709 1712
f 1712 1709 1719
f 1709 1717 1719
f 1712 1728 1716
f 1719 1729 1712
f 1712 1730 1728
f 1712 1729 1731
f 1712 1731 1730
f 1723 1713 1715
f 1717 1713 1723
f 1716 1724 1714
f 1724 1722 1714
f 1725 1723 1715
f 1716 1728 1724
f 1719 1717 1721
f 1721 1717 1723
f 1719 1721 1729
f 1721 1723 1729
f 1722 1724 1726
f 1722 1726 1725
f 1723 1725 1732
f 1729 1723 1733
f 1723 1732 1733
f 1724 1728 1726
f 1726 1728 1725
f 1728 1732 1725
f 1728 1730 1733
f 1728 1733 1732
f 1731 1729 1733
f 1730 1731 1733
f 902 881 895
f 895 881 936
f 881 902 953
f 936 881 953
f 970 902 895
f 895 936 1068
f 895 1068 970
f 926 953 902
f 1001 926 902
f 1001 902 970
f 926 1059 953
f 984 926 1001
f 926 984 1059
f 938 936 953
f 1068 936 938
f 938 953 1069
f 1068 938 1025
f 1025 938 1069
f 1059 1069 953
f 1001 970 1022
f 970 1068 1022
f 1002 984 1001
f 1018 984 1002
f 1018 1035 984
f 1043 1021 984
f 984 1021 1059
f 1043 984 1035
f 1002 1001 1022
f 1002 1022 1018
f 1018 1022 1174
f 1035 1018 1174
f 1021 1043 1059
f 1174 1022 1068
f 1068 1025 1138
f 1069 1153 1025
f 1025 1153 1138
f 1043 1035 1166
f 1100 1168 1035
f 1100 1035 1174
f 1166 1035 1188
f 1168 1188 1035
f 1043 1060 1059
f 1043 1111 1060
f 1166 1111 1043
f 1060 1193 1059
f 1059 1093 1069
f 1059 1153 1093
f 1059 1180 1153
f 1059 1214 1180
f 1193 1222 1059
f 1059 1222 1214
f 1111 1193 1060
f 1068 1138 1142
f 1194 1068 1142
f 1174 1068 1233
f 1233 1068 1194
f 1069 1093 1153
f 1168 1100 1174
f 1166 1193 1111
f 1142 1138 1153
f 1180 1142 1153
f 1214 1142 1180
f 1234 1194 1142
f 1234 1142 1214
f 1171 1193 1166
f 1166 1207 1171
f 1166 1188 1243
f 1166 1243 1207
f 1168 1174 1188
f 1171 1245 1193
f 1207 1246 1171
f 1246 1245 1171
f 1211 1188 1174
f 1211 1174 1229
f 1229 1174 1232
f 1174 1278 1232
f 1174 1233 1264
f 1271 1174 1264
f 1174 1271 1278
f 1188 1211 1243
f 1193 1252 1222
f 1245 1249 1193
f 1193 1249 1270
f 1193 1268 1252
f 1193 1269 1268
f 1193 1270 1269
f 1233 1194 1234
f 1243 1246 1207
f 1219 1211 1230
f 1211 1219 1243
f 1211 1229 1231
f 1230 1211 1231
f 1268 1214 1222
f 1236 1234 1214
f 1264 1236 1214
f 1271 1264 1214
f 1271 1214 1268
f 1219 1230 1228
f 1219 1228 1243
f 1268 1222 1252
f 1230 1243 1228
f 1229 1246 1231
f 1270 1229 1232
f 1245 1246 1229
f 1249 1245 1229
f 1270 1249 1229
f 1231 1246 1230
f 1246 1243 1230
f 1279 1270 1232
f 1279 1232 1278
f 1233 1234 1236
f 1233 1236 1264
f 1278 1268 1269
f 1278 1271 1268
f 1278 1269 1270
f 1278 1270 1279
f 541 652 576
f 576 715 541
f 541 577 589
f 541 654 577
f 589 695 541
f 541 693 652
f 541 715 654
f 695 693 541
f 576 652 625
f 576 625 715
f 577 654 589
f 695 589 654
f 625 652 693
f 625 693 707
f 625 707 715
f 654 726 695
f 654 715 726
f 693 695 726
f 693 744 707
f 744 693 726
f 715 707 744
f 715 808 726
f 808 715 744
f 744 726 809
f 726 808 809
f 808 744 810
f 744 809 810
f 808 810 809
f 104 105 106
f 104 113 105
f 104 106 113
f 106 105 120
f 105 113 120
f 106 119 113
f 106 120 119
f 113 118 116
f 113 116 190
f 113 167 118
f 119 138 113
f 120 113 155
f 138 167 113
f 155 113 190
f 116 118 125
f 116 125 190
f 118 124 125
f 118 167 124
f 155 119 120
f 138 119 155
f 124 134 125
f 129 134 124
f 124 167 129
f 125 134 190
f 129 203 134
f 129 167 153
f 153 203 129
f 134 172 190
f 134 203 172
f 155 347 138
f 348 167 138
f 347 348 138
f 167 160 153
f 160 197 153
f 197 203 153
f 368 155 190
f 347 155 368
f 197 160 167
f 167 219 197
f 219 167 348
f 216 190 172
f 172 203 205
f 216 172 205
f 190 216 368
f 197 284 203
f 219 231 197
f 284 197 220
f 197 299 220
f 231 299 197
f 203 210 205
f 203 222 210
f 203 246 222
f 203 302 246
f 203 284 302
f 210 216 205
f 222 216 210
f 216 222 286
f 216 286 368
f 231 219 348
f 251 284 220
f 220 293 251
f 220 308 293
f 299 308 220
f 286 222 246
f 351 299 231
f 351 231 348
f 286 246 258
f 246 302 258
f 251 293 284
f 321 286 258
f 258 302 290
f 324 258 290
f 324 321 258
f 293 339 284
f 284 349 302
f 339 336 284
f 336 349 284
f 286 321 368
f 302 325 290
f 325 324 290
f 293 308 339
f 299 306 308
f 306 299 351
f 302 331 325
f 302 422 331
f 349 396 302
f 302 396 406
f 302 406 425
f 302 423 422
f 302 425 423
f 306 356 308
f 356 306 351
f 308 341 339
f 356 341 308
f 375 321 324
f 375 368 321
f 360 324 325
f 360 370 324
f 375 324 370
f 331 413 325
f 391 360 325
f 413 391 325
f 381 413 331
f 331 427 381
f 331 422 427
f 339 351 336
f 336 348 347
f 336 347 371
f 336 351 348
f 349 336 396
f 390 336 371
f 396 336 390
f 341 356 339
f 356 351 339
f 371 347 368
f 370 360 358
f 360 391 358
f 375 370 358
f 371 375 358
f 358 379 371
f 358 403 379
f 358 391 403
f 371 368 375
f 379 390 371
f 390 379 428
f 428 379 403
f 382 413 381
f 432 382 381
f 427 432 381
f 441 413 382
f 441 382 432
f 396 390 406
f 390 429 406
f 429 390 428
f 413 403 391
f 441 403 413
f 428 403 441
f 429 425 406
f 422 423 428
f 441 427 422
f 441 422 428
f 423 425 429
f 429 428 423
f 432 427 441
f 1371 1388 1361
f 1361 1446 1371
f 1388 1439 1361
f 1361 1434 1418
f 1418 1446 1361
f 1361 1439 1434
f 1420 1388 1371
f 1392 1420 1371
f 1392 1371 1493
f 1371 1446 1493
f 1388 1420 1438
f 1438 1453 1388
f 1388 1453 1439
f 1401 1392 1396
f 1396 1392 1476
f 1401 1420 1392
f 1476 1392 1493
f 1401 1396 1395
f 1395 1396 1426
f 1395 1403 1401
f 1403 1395 1426
f 1476 1426 1396
f 1401 1403 1426
f 1421 1420 1401
f 1401 1445 1421
f 1401 1426 1481
f 1475 1445 1401
f 1401 1481 1475
f 1434 1446 1418
f 1420 1421 1445
f 1420 1445 1438
f 1481 1426 1476
f 1439 1446 1434
f 1438 1441 1453
f 1441 1438 1475
f 1438 1445 1475
f 1439 1443 1442
f 1439 1442 1446
f 1439 1453 1443
f 1441 1452 1453
f 1452 1441 1500
f 1441 1475 1481
f 1501 1441 1481
f 1500 1441 1501
f 1443 1446 1442
f 1443 1453 1446
f 1453 1511 1446
f 1446 1528 1493
f 1511 1528 1446
f 1453 1452 1456
f 1452 1454 1456
f 1454 1452 1500
f 1456 1511 1453
f 1456 1454 1461
f 1488 1461 1454
f 1488 1454 1500
f 1456 1461 1511
f 1517 1461 1488
f 1548 1511 1461
f 1548 1461 1517
f 1481 1476 1492
f 1476 1493 1492
f 1481 1492 1501
f 1494 1488 1500
f 1517 1488 1494
f 1493 1498 1492
f 1501 1492 1498
f 1534 1498 1493
f 1569 1493 1528
f 1493 1588 1534
f 1569 1597 1493
f 1493 1598 1588
f 1597 1598 1493
f 1494 1500 1517
f 1501 1498 1532
f 1498 1534 1532
f 1500 1501 1552
f 1500 1522 1517
f 1522 1500 1552
f 1552 1501 1532
f 1521 1511 1526
f 1511 1521 1528
f 1526 1511 1540
f 1540 1511 1548
f 1517 1522 1548
f 1521 1526 1528
f 1569 1548 1522
f 1580 1522 1552
f 1580 1569 1522
f 1526 1540 1528
f 1540 1548 1528
f 1548 1569 1528
f 1532 1534 1550
f 1532 1550 1556
f 1532 1556 1552
f 1534 1555 1550
f 1588 1555 1534
f 1550 1555 1556
f 1580 1552 1556
f 1556 1555 1590
f 1588 1573 1555
f 1555 1573 1590
f 1580 1556 1575
f 1575 1556 1590
f 1569 1580 1597
f 1588 1584 1573
f 1573 1584 1605
f 1590 1573 1604
f 1573 1605 1604
f 1580 1575 1597
f 1590 1621 1575
f 1575 1608 1597
f 1621 1608 1575
f 1584 1588 1598
f 1612 1584 1598
f 1628 1605 1584
f 1628 1584 1612
f 1604 1621 1590
f 1608 1598 1597
f 1608 1612 1598
f 1621 1604 1605
f 1621 1605 1628
f 1608 1636 1612
f 1608 1621 1646
f 1646 1636 1608
f 1628 1612 1636
f 1621 1628 1633
f 1621 1633 1638
f 1621 1638 1652
f 1646 1621 1660
f 1621 1652 1667
f 1660 1621 1667
f 1653 1633 1628
f 1661 1628 1636
f 1653 1628 1667
f 1667 1628 1661
f 1638 1633 1653
f 1646 1661 1636
f 1652 1638 1653
f 1646 1660 1661
f 1652 1653 1659
f 1652 1659 1667
f 1659 1653 1667
f 1660 1667 1661
f 323 317 340
f 342 317 323
f 317 359 340
f 342 400 317
f 389 359 317
f 400 389 317
f 345 335 323
f 335 393 323
f 345 323 340
f 393 342 323
f 345 363 335
f 346 357 335
f 346 335 363
f 357 393 335
f 340 359 345
f 393 402 342
f 402 400 342
f 345 359 367
f 363 345 367
f 352 357 346
f 352 346 363
f 353 352 363
f 352 353 380
f 352 380 357
f 365 353 363
f 380 353 365
f 380 450 357
f 357 416 393
f 357 424 416
f 357 436 424
f 469 436 357
f 450 469 357
f 359 389 367
f 365 363 369
f 369 363 367
f 369 367 365
f 367 409 365
f 365 382 380
f 365 401 382
f 365 409 401
f 367 389 400
f 367 400 426
f 367 426 409
f 380 382 450
f 408 382 401
f 413 382 408
f 413 457 382
f 382 462 450
f 457 462 382
f 393 416 402
f 433 400 402
f 433 426 400
f 401 409 408
f 434 402 416
f 434 433 402
f 408 409 457
f 413 408 457
f 409 426 430
f 433 409 430
f 409 433 434
f 409 434 462
f 409 462 457
f 424 434 416
f 434 424 462
f 424 436 462
f 433 430 426
f 462 436 469
f 462 469 450
f 734 747 748
f 893 747 734
f 734 748 873
f 734 873 893
f 748 747 759
f 759 747 760
f 760 747 774
f 747 893 774
f 748 759 773
f 748 773 873
f 774 759 760
f 773 759 774
f 773 774 847
f 773 847 849
f 773 849 873
f 774 893 847
f 849 847 864
f 893 864 847
f 849 864 859
f 849 859 873
f 933 859 864
f 873 859 933
f 893 899 864
f 933 864 899
f 893 873 1012
f 873 933 932
f 935 873 932
f 941 873 935
f 990 873 941
f 1005 873 990
f 1012 873 1005
f 893 933 899
f 893 943 933
f 893 954 943
f 893 991 954
f 893 1019 991
f 1012 1122 893
f 893 1049 1019
f 893 1122 1049
f 943 932 933
f 935 932 943
f 941 935 954
f 954 935 943
f 941 954 991
f 941 991 990
f 1019 990 991
f 1005 990 1019
f 1084 1012 1005
f 1019 1085 1005
f 1084 1005 1085
f 1012 1084 1122
f 1049 1085 1019
f 1049 1122 1085
f 1106 1084 1085
f 1108 1084 1106
f 1084 1108 1122
f 1085 1122 1106
f 1123 1108 1106
f 1106 1122 1123
f 1108 1124 1122
f 1124 1108 1123
f 1123 1122 1128
f 1122 1124 1127
f 1122 1127 1128
f 1123 1128 1124
f 1128 1127 1124
f 1400 1377 1378
f 1378 1377 1462
f 1400 1399 1377
f 1461 1377 1399
f 1462 1377 1461
f 1379 1400 1378
f 1379 1378 1463
f 1463 1378 1462
f 1380 1407 1379
f 1433 1380 1379
f 1407 1400 1379
f 1379 1463 1433
f 1380 1468 1407
f 1433 1478 1380
f 1478 1468 1380
f 1456 1399 1400
f 1461 1399 1456
f 1407 1428 1400
f 1457 1400 1428
f 1400 1457 1456
f 1440 1428 1407
f 1468 1440 1407
f 1436 1428 1440
f 1428 1436 1466
f 1457 1428 1459
f 1428 1460 1459
f 1428 1466 1460
f 1433 1463 1464
f 1433 1464 1471
f 1433 1471 1482
f 1473 1478 1433
f 1433 1482 1473
f 1436 1440 1469
f 1436 1469 1466
f 1468 1469 1440
f 1462 1456 1457
f 1462 1461 1456
f 1464 1457 1459
f 1463 1462 1457
f 1463 1457 1464
f 1464 1459 1460
f 1471 1464 1460
f 1466 1471 1460
f 1469 1482 1466
f 1482 1471 1466
f 1468 1472 1469
f 1468 1478 1472
f 1472 1482 1469
f 1484 1472 1478
f 1484 1482 1472
f 1478 1473 1484
f 1473 1482 1484
f 925 898 901
f 898 987 901
f 907 905 898
f 898 905 987
f 898 918 907
f 925 918 898
f 909 901 913
f 925 901 909
f 901 1044 913
f 987 1044 901
f 927 905 907
f 905 927 987
f 930 907 918
f 927 907 930
f 909 913 996
f 925 909 996
f 913 1006 996
f 913 1072 1006
f 1044 1072 913
f 918 925 996
f 930 918 1031
f 918 996 1079
f 1031 918 1079
f 927 930 920
f 927 920 961
f 920 930 1031
f 961 920 1042
f 920 1031 1042
f 927 961 987
f 961 1031 987
f 1031 961 1042
f 987 1031 1109
f 987 1109 1044
f 1071 996 1006
f 1065 996 1071
f 996 1065 1079
f 1071 1006 1061
f 1006 1072 1061
f 1031 1079 1109
f 1044 1066 1072
f 1044 1109 1066
f 1061 1098 1071
f 1072 1098 1061
f 1065 1071 1136
f 1109 1079 1065
f 1109 1065 1148
f 1148 1065 1136
f 1151 1072 1066
f 1066 1109 1148
f 1192 1066 1148
f 1169 1151 1066
f 1196 1169 1066
f 1196 1066 1192
f 1136 1071 1098
f 1072 1161 1098
f 1072 1151 1169
f 1072 1169 1161
f 1136 1098 1161
f 1148 1136 1192
f 1196 1136 1161
f 1192 1136 1196
f 1169 1196 1161

