# https://github.com/mikedh/trimesh
v -0.37171927 -0.05047908 -0.10196438 0.78431373 0.00000000 0.00000000
v -0.37092642 -0.03847944 -0.10393414 0.78431373 0.00000000 0.00000000
v -0.36891402 -0.05005288 -0.10935657 0.78431373 0.00000000 0.00000000
v -0.36877342 -0.06955498 -0.09681096 0.78431373 0.00000000 0.00000000
v -0.36708293 -0.02419442 -0.11392443 0.78431373 0.00000000 0.00000000
v -0.36706157 -0.05487736 -0.11086010 0.78431373 0.00000000 0.00000000
v -0.36297277 -0.00956152 -0.12410845 0.78431373 0.00000000 0.00000000
v -0.36266490 -0.00819850 -0.12486415 0.78431373 0.00000000 0.00000000
v -0.36235545 -0.11316697 -0.08422577 0.78431373 0.00000000 0.00000000
v -0.36067159 -0.04880062 -0.13107646 0.78431373 0.00000000 0.00000000
v -0.36053588 -0.06102223 -0.12333500 0.78431373 0.00000000 0.00000000
v -0.36028653 -0.08347720 -0.10911149 0.78431373 0.00000000 0.00000000
v -0.36009488 -0.10073627 -0.09817920 0.78431373 0.00000000 0.00000000
v -0.35985875 -0.12200165 -0.08470921 0.78431373 0.00000000 0.00000000
v -0.35860585 -0.10589674 -0.09839129 0.78431373 0.00000000 0.00000000
v -0.35802496 -0.08702806 -0.11226482 0.78431373 0.00000000 0.00000000
v -0.35783012 0.05481241 -0.13411433 0.78431373 0.00000000 0.00000000
v -0.35709411 0.05941209 -0.13297784 0.78431373 0.00000000 0.00000000
v -0.35586249 0.01966019 -0.14006911 0.78431373 0.00000000 0.00000000
v -0.35500552 -0.06604791 -0.13346147 0.78431373 0.00000000 0.00000000
v -0.35489586 0.06770035 -0.13305163 0.78431373 0.00000000 0.00000000
v -0.35267746 -0.14672419 -0.08584122 0.78431373 0.00000000 0.00000000
v -0.35264630 -0.14671142 -0.08592541 0.78431373 0.00000000 0.00000000
v -0.35260110 -0.14669290 -0.08604754 0.78431373 0.00000000 0.00000000
v -0.35256009 -0.14696243 -0.08579748 0.78431373 0.00000000 0.00000000
v -0.35195239 -0.12976797 -0.09880226 0.78431373 0.00000000 0.00000000
v -0.35157119 -0.15659777 -0.07581573 0.78431373 0.00000000 0.00000000
v -0.35120819 -0.07006235 -0.14004239 0.78431373 0.00000000 0.00000000
v -0.35103202 -0.10937777 -0.11450600 0.78431373 0.00000000 0.00000000
v -0.35060067 -0.16456241 -0.06742934 0.78431373 0.00000000 0.00000000
v -0.35045839 -0.10258617 -0.12038593 0.78431373 0.00000000 0.00000000
v -0.34781290 0.08562197 -0.13887952 0.78431373 0.00000000 0.00000000
v -0.34622323 0.06140739 -0.15815749 0.78431373 0.00000000 0.00000000
v -0.34591279 0.06144795 -0.15879118 0.78431373 0.00000000 0.00000000
v -0.34585612 0.05581538 -0.16260947 0.78431373 0.00000000 0.00000000
v -0.34576142 -0.17546957 -0.06382082 0.78431373 0.00000000 0.00000000
v -0.34395832 0.09412006 -0.14149943 0.78431373 0.00000000 0.00000000
v -0.34342211 0.05445044 -0.16868278 0.78431373 0.00000000 0.00000000
v -0.34092796 0.10161964 -0.14391898 0.78431373 0.00000000 0.00000000
v -0.33877082 0.04678702 -0.18023469 0.78431373 0.00000000 0.00000000
v -0.33829017 -0.04940921 -0.08610355 0.78431373 0.00000000 0.00000000
v -0.33804278 -0.10809593 -0.14693225 0.78431373 0.00000000 0.00000000
v -0.33780432 0.05130012 -0.18270020 0.78431373 0.00000000 0.00000000
v -0.33510298 -0.15436789 -0.11461495 0.78431373 0.00000000 0.00000000
v -0.33450746 -0.08716630 -0.16775815 0.78431373 0.00000000 0.00000000
v -0.33428342 0.05722115 -0.18630217 0.78431373 0.00000000 0.00000000
v -0.33307471 0.12139389 -0.14998277 0.78431373 0.00000000 0.00000000
v -0.33185636 0.04796464 -0.19754146 0.78431373 0.00000000 0.00000000
v -0.33183651 0.12375122 -0.15140224 0.78431373 0.00000000 0.00000000
v -0.33172091 -0.11384505 -0.15850526 0.78431373 0.00000000 0.00000000
v -0.33110391 -0.19951281 -0.06481937 0.78431373 0.00000000 0.00000000
v -0.32727463 0.07062579 -0.19429982 0.78431373 0.00000000 0.00000000
v -0.32663307 -0.15187090 -0.05822584 0.78431373 0.00000000 0.00000000
v -0.32571658 0.04774604 -0.21045347 0.78431373 0.00000000 0.00000000
v -0.32568912 0.04758381 -0.21051702 0.78431373 0.00000000 0.00000000
v -0.32554797 0.05534451 -0.20682339 0.78431373 0.00000000 0.00000000
v -0.32470799 0.07530286 -0.19711007 0.78431373 0.00000000 0.00000000
v -0.32399876 0.13793239 -0.15976048 0.78431373 0.00000000 0.00000000
v -0.32297989 -0.12130181 -0.17388244 0.78431373 0.00000000 0.00000000
v -0.32265180 0.02963936 -0.21754610 0.78431373 0.00000000 0.00000000
v -0.32257790 -0.13438694 -0.16716764 0.78431373 0.00000000 0.00000000
v -0.32244881 -0.09470074 -0.19057496 0.78431373 0.00000000 0.00000000
v -0.32240626 -0.12322167 -0.17405833 0.78431373 0.00000000 0.00000000
v -0.32238488 -0.12183102 -0.17491657 0.78431373 0.00000000 0.00000000
v -0.32198075 -0.09554264 -0.19114054 0.78431373 0.00000000 0.00000000
v -0.32178198 0.14069005 -0.16106373 0.78431373 0.00000000 0.00000000
v -0.32118046 -0.04348410 -0.22326865 0.78431373 0.00000000 0.00000000
v -0.31999896 -0.00392840 -0.22432906 0.78431373 0.00000000 0.00000000
v -0.31920573 -0.13296806 -0.17494656 0.78431373 0.00000000 0.00000000
v -0.31831138 0.15388763 -0.15311353 0.78431373 0.00000000 0.00000000
v -0.31791065 -0.02321945 -0.22941200 0.78431373 0.00000000 0.00000000
v -0.31778876 0.15587499 -0.15191635 0.78431373 0.00000000 0.00000000
v -0.31692090 -0.03236245 -0.23182106 0.78431373 0.00000000 0.00000000
v -0.31648625 -0.03626093 -0.23283977 0.78431373 0.00000000 0.00000000
v -0.31635936 -0.04260829 -0.23328825 0.78431373 0.00000000 0.00000000
v -0.31519138 0.13038933 -0.18575075 0.78431373 0.00000000 0.00000000
v -0.31476141 -0.14039392 -0.17559082 0.78431373 0.00000000 0.00000000
v -0.31473228 0.16657713 -0.14530726 0.78431373 0.00000000 0.00000000
v -0.31465854 -0.05040200 -0.23265648 0.78431373 0.00000000 0.00000000
v -0.31292044 -0.17244323 -0.14031256 0.78431373 0.00000000 0.00000000
v -0.31201881 -0.06151151 -0.23159115 0.78431373 0.00000000 0.00000000
v -0.31199391 -0.12993359 -0.19158280 0.78431373 0.00000000 0.00000000
v -0.31165309 -0.13011810 -0.19203008 0.78431373 0.00000000 0.00000000
v -0.31131583 -0.05677062 -0.06394972 0.78431373 0.00000000 0.00000000
v -0.31016754 0.07793777 -0.22679910 0.78431373 0.00000000 0.00000000
v -0.30977131 0.07380085 -0.23003662 0.78431373 0.00000000 0.00000000
v -0.30952600 -0.14867947 -0.17630519 0.78431373 0.00000000 0.00000000
v -0.30943630 -0.03764559 -0.07840962 0.78431373 0.00000000 0.00000000
v -0.30917576 -0.11706485 -0.20492384 0.78431373 0.00000000 0.00000000
v -0.30912100 -0.23204791 -0.07099145 0.78431373 0.00000000 0.00000000
v -0.30842483 -0.03411807 -0.08067852 0.78431373 0.00000000 0.00000000
v -0.30812459 -0.03747657 -0.08133145 0.78431373 0.00000000 0.00000000
v -0.30810075 0.07831872 -0.23103665 0.78431373 0.00000000 0.00000000
v -0.30637832 -0.23556042 -0.07248663 0.78431373 0.00000000 0.00000000
v -0.30496003 0.07881419 -0.23724864 0.78431373 0.00000000 0.00000000
v -0.30371873 -0.07572682 -0.07002645 0.78431373 0.00000000 0.00000000
v -0.30206789 -0.08897133 -0.06638223 0.78431373 0.00000000 0.00000000
v -0.30139267 -0.12547299 -0.21603774 0.78431373 0.00000000 0.00000000
v -0.30130594 -0.05792758 -0.08491549 0.78431373 0.00000000 0.00000000
v -0.30112482 -0.00627413 -0.09706481 0.78431373 0.00000000 0.00000000
v -0.29878990 -0.18687822 -0.15300133 0.78431373 0.00000000 0.00000000
v -0.29809313 -0.07939850 -0.24981190 0.78431373 0.00000000 0.00000000
v -0.29739685 0.16828965 -0.17847689 0.78431373 0.00000000 0.00000000
v -0.29711673 -0.12018130 -0.05749521 0.78431373 0.00000000 0.00000000
v -0.29700503 -0.12051630 -0.05754085 0.78431373 0.00000000 0.00000000
v -0.29657043 -0.01500346 -0.27371879 0.78431373 0.00000000 0.00000000
v -0.29627415 -0.10081745 -0.07243666 0.78431373 0.00000000 0.00000000
v -0.29624333 -0.10046447 -0.07269520 0.78431373 0.00000000 0.00000000
v -0.29614966 0.04669334 -0.27263301 0.78431373 0.00000000 0.00000000
v -0.29601755 0.04766502 -0.27239922 0.78431373 0.00000000 0.00000000
v -0.29593440 -0.03889786 -0.27573709 0.78431373 0.00000000 0.00000000
v -0.29583370 0.19795364 -0.14622473 0.78431373 0.00000000 0.00000000
v -0.29574213 -0.19088870 -0.15460766 0.78431373 0.00000000 0.00000000
v -0.29555740 0.13647229 -0.14529931 0.78431373 0.00000000 0.00000000
v -0.29534908 0.02396127 -0.27513328 0.78431373 0.00000000 0.00000000
v -0.29514331 0.01853042 -0.27571955 0.78431373 0.00000000 0.00000000
v -0.29494428 -0.12393122 -0.05808856 0.78431373 0.00000000 0.00000000
v -0.29445312 0.05552515 -0.27154141 0.78431373 0.00000000 0.00000000
v -0.29352621 0.03908624 -0.11396766 0.78431373 0.00000000 0.00000000
v -0.29336556 0.04340557 -0.11427505 0.78431373 0.00000000 0.00000000
v -0.29300987 0.02709314 -0.11529165 0.78431373 0.00000000 0.00000000
v -0.29292505 -0.07490807 -0.09375803 0.78431373 0.00000000 0.00000000
v -0.29278121 0.02802083 -0.11579696 0.78431373 0.00000000 0.00000000
v -0.29276138 -0.02742540 -0.21392299 0.78431373 0.00000000 0.00000000
v -0.29262448 -0.05237518 -0.27537655 0.78431373 0.00000000 0.00000000
v -0.29229614 0.12106074 -0.24049755 0.78431373 0.00000000 0.00000000
v -0.29176912 -0.16738138 -0.12410765 0.78431373 0.00000000 0.00000000
v -0.29093811 0.09451824 -0.25767521 0.78431373 0.00000000 0.00000000
v -0.29041170 0.05413461 -0.11434101 0.78431373 0.00000000 0.00000000
v -0.29039476 0.09535514 -0.25834305 0.78431373 0.00000000 0.00000000
v -0.29038056 -0.11286773 -0.07859543 0.78431373 0.00000000 0.00000000
v -0.28978261 -0.06339573 -0.10680081 0.78431373 0.00000000 0.00000000
v -0.28967798 0.07856940 -0.26891324 0.78431373 0.00000000 0.00000000
v -0.28931763 -0.10137990 -0.17141554 0.78431373 0.00000000 0.00000000
v -0.28928206 0.08031220 -0.26878625 0.78431373 0.00000000 0.00000000
v -0.28878931 -0.14325911 -0.22124699 0.78431373 0.00000000 0.00000000
v -0.28855529 0.05269225 -0.19144202 0.78431373 0.00000000 0.00000000
v -0.28852799 -0.07811906 -0.27026951 0.78431373 0.00000000 0.00000000
v -0.28813905 -0.13648856 -0.22946205 0.78431373 0.00000000 0.00000000
v -0.28746739 -0.08391506 -0.26906139 0.78431373 0.00000000 0.00000000
v -0.28731101 -0.09317135 -0.26396426 0.78431373 0.00000000 0.00000000
v -0.28677065 0.04635941 -0.29235716 0.78431373 0.00000000 0.00000000
v -0.28657298 0.06782679 -0.11440633 0.78431373 0.00000000 0.00000000
v -0.28646990 0.04030544 -0.12991713 0.78431373 0.00000000 0.00000000
v -0.28568837 0.07086991 -0.11441226 0.78431373 0.00000000 0.00000000
v -0.28550505 0.04225467 -0.13207485 0.78431373 0.00000000 0.00000000
v -0.28486302 0.04057298 -0.13349672 0.78431373 0.00000000 0.00000000
v -0.28417340 -0.03620983 -0.46022329 0.78431373 0.00000000 0.00000000
v -0.28402769 -0.02321797 -0.46045837 0.78431373 0.00000000 0.00000000
v -0.28341391 -0.21684532 -0.14883766 0.78431373 0.00000000 0.00000000
v -0.28339086 0.21624271 -0.14967377 0.78431373 0.00000000 0.00000000
v -0.28336402 -0.19060702 -0.17926953 0.78431373 0.00000000 0.00000000
v -0.28327868 0.04356844 -0.46166682 0.78431373 0.00000000 0.00000000
v -0.28327678 0.10603200 -0.26680993 0.78431373 0.00000000 0.00000000
v -0.28168989 0.07996521 -0.11725304 0.78431373 0.00000000 0.00000000
v -0.28131565 0.11631329 -0.26513750 0.78431373 0.00000000 0.00000000
v -0.28130836 -0.14732557 -0.23104771 0.78431373 0.00000000 0.00000000
v -0.28041868 -0.14617744 -0.06175511 0.78431373 0.00000000 0.00000000
v -0.28033676 0.04122395 -0.14304628 0.78431373 0.00000000 0.00000000
v -0.28030409 0.18295556 -0.19594789 0.78431373 0.00000000 0.00000000
v -0.27991127 0.22021983 -0.15041876 0.78431373 0.00000000 0.00000000
v -0.27913556 -0.08011465 -0.12067464 0.78431373 0.00000000 0.00000000
v -0.27901940 -0.14040274 -0.24248768 0.78431373 0.00000000 0.00000000
v -0.27873818 -0.21265312 -0.16287702 0.78431373 0.00000000 0.00000000
v -0.27854607 -0.21288602 -0.16298547 0.78431373 0.00000000 0.00000000
v -0.27840353 -0.02316487 -0.45274623 0.78431373 0.00000000 0.00000000
v -0.27826381 0.04146845 -0.14714116 0.78431373 0.00000000 0.00000000
v -0.27791831 -0.01379879 -0.48614803 0.78431373 0.00000000 0.00000000
v -0.27788625 -0.25853931 -0.08359070 0.78431373 0.00000000 0.00000000
v -0.27783782 -0.01367725 -0.48647718 0.78431373 0.00000000 0.00000000
v -0.27755613 -0.08086931 -0.12367152 0.78431373 0.00000000 0.00000000
v -0.27706816 0.04057208 -0.14998501 0.78431373 0.00000000 0.00000000
v -0.27685163 0.11438326 -0.27515466 0.78431373 0.00000000 0.00000000
v -0.27670706 0.04909779 -0.48871186 0.78431373 0.00000000 0.00000000
v -0.27628403 -0.01362570 -0.49292081 0.78431373 0.00000000 0.00000000
v -0.27615564 -0.03266310 -0.49419829 0.78431373 0.00000000 0.00000000
v -0.27601186 -0.07701618 -0.12909940 0.78431373 0.00000000 0.00000000
v -0.27582417 -0.02336496 -0.44920177 0.78431373 0.00000000 0.00000000
v -0.27535353 -0.14639359 -0.24315791 0.78431373 0.00000000 0.00000000
v -0.27461771 0.22498471 -0.15130401 0.78431373 0.00000000 0.00000000
v -0.27441175 0.18798441 -0.20194239 0.78431373 0.00000000 0.00000000
v -0.27409249 0.09755337 -0.12246570 0.78431373 0.00000000 0.00000000
v -0.27377729 0.00513126 -0.31965004 0.78431373 0.00000000 0.00000000
v -0.27372319 0.13533192 -0.25939341 0.78431373 0.00000000 0.00000000
v -0.27364993 -0.10960870 -0.28248855 0.78431373 0.00000000 0.00000000
v -0.27360084 -0.10657803 -0.28436410 0.78431373 0.00000000 0.00000000
v -0.27319793 -0.15572055 -0.23755297 0.78431373 0.00000000 0.00000000
v -0.27316639 -0.03476179 -0.32305544 0.78431373 0.00000000 0.00000000
v -0.27202096 -0.01336061 -0.49512145 0.78431373 0.00000000 0.00000000
v -0.27198312 0.02117236 -0.25768587 0.78431373 0.00000000 0.00000000
v -0.27185141 -0.15215441 -0.24375937 0.78431373 0.00000000 0.00000000
v -0.27138610 -0.20706238 -0.18379514 0.78431373 0.00000000 0.00000000
v -0.27118495 -0.11276272 -0.28572092 0.78431373 0.00000000 0.00000000
v -0.27099564 -0.11268306 -0.28615762 0.78431373 0.00000000 0.00000000
v -0.27083797 -0.16063869 -0.06440801 0.78431373 0.00000000 0.00000000
v -0.27054245 -0.11330280 -0.28636542 0.78431373 0.00000000 0.00000000
v -0.27050115 -0.02499228 -0.32763474 0.78431373 0.00000000 0.00000000
v -0.27036796 -0.02614809 -0.32793979 0.78431373 0.00000000 0.00000000
v -0.26952106 -0.14109602 -0.23021803 0.78431373 0.00000000 0.00000000
v -0.26915487 0.04456084 -0.32633478 0.78431373 0.00000000 0.00000000
v -0.26905207 0.04673448 -0.32544121 0.78431373 0.00000000 0.00000000
v -0.26863764 0.11442670 -0.12364465 0.78431373 0.00000000 0.00000000
v -0.26783017 0.03529606 -0.32940036 0.78431373 0.00000000 0.00000000
v -0.26778816 -0.21880239 -0.07183131 0.78431373 0.00000000 0.00000000
v -0.26759191 0.03335459 -0.17030372 0.78431373 0.00000000 0.00000000
v -0.26708167 -0.03433098 -0.33452377 0.78431373 0.00000000 0.00000000
v -0.26704712 -0.10365557 -0.47309394 0.78431373 0.00000000 0.00000000
v -0.26687796 -0.08579003 -0.14344656 0.78431373 0.00000000 0.00000000
v -0.26676801 0.21535971 -0.18144549 0.78431373 0.00000000 0.00000000
v -0.26650375 0.10684309 -0.46815748 0.78431373 0.00000000 0.00000000
v -0.26573687 0.03831226 -0.17403951 0.78431373 0.00000000 0.00000000
v -0.26530015 -0.11900928 -0.29028050 0.78431373 0.00000000 0.00000000
v -0.26521214 0.12074801 -0.12326989 0.78431373 0.00000000 0.00000000
v -0.26512270 -0.22505292 -0.16523134 0.78431373 0.00000000 0.00000000
v -0.26505805 -0.15146115 -0.08583418 0.78431373 0.00000000 0.00000000
v -0.26470375 0.10913108 -0.30241419 0.78431373 0.00000000 0.00000000
v -0.26457592 0.12571471 -0.28570392 0.78431373 0.00000000 0.00000000
v -0.26432764 -0.10961924 -0.28634495 0.78431373 0.00000000 0.00000000
v -0.26395477 0.19787442 -0.21142140 0.78431373 0.00000000 0.00000000
v -0.26374551 0.11336940 -0.13447901 0.78431373 0.00000000 0.00000000
v -0.26274462 0.19880208 -0.21232685 0.78431373 0.00000000 0.00000000
v -0.26264833 0.14805098 -0.26636089 0.78431373 0.00000000 0.00000000
v -0.26209127 0.19611330 -0.21734166 0.78431373 0.00000000 0.00000000
v -0.26159636 0.12343101 -0.12737187 0.78431373 0.00000000 0.00000000
v -0.26153074 0.11133305 -0.45455170 0.78431373 0.00000000 0.00000000
v -0.26132000 0.04597024 -0.17944881 0.78431373 0.00000000 0.00000000
v -0.26125424 0.03741828 -0.18355541 0.78431373 0.00000000 0.00000000
v -0.26114560 -0.04295262 -0.34143704 0.78431373 0.00000000 0.00000000
v -0.26078953 0.24355054 -0.14304809 0.78431373 0.00000000 0.00000000
v -0.26021777 -0.10814814 -0.31102002 0.78431373 0.00000000 0.00000000
v -0.26010026 -0.21660000 -0.18678525 0.78431373 0.00000000 0.00000000
v -0.25977608 -0.11001346 -0.45287937 0.78431373 0.00000000 0.00000000
v -0.25973404 0.02831112 -0.18711662 0.78431373 0.00000000 0.00000000
v -0.25972738 0.11152928 -0.48753604 0.78431373 0.00000000 0.00000000
v -0.25871665 -0.10073013 -0.49195582 0.78431373 0.00000000 0.00000000
v -0.25867280 0.23325329 -0.16447875 0.78431373 0.00000000 0.00000000
v -0.25854111 0.20421920 -0.14719169 0.78431373 0.00000000 0.00000000
v -0.25841776 -0.17883116 -0.06777903 0.78431373 0.00000000 0.00000000
v -0.25822596 0.07530266 -0.33148893 0.78431373 0.00000000 0.00000000
v -0.25755336 -0.03096013 -0.19397844 0.78431373 0.00000000 0.00000000
v -0.25745411 0.20198448 -0.21551422 0.78431373 0.00000000 0.00000000
v -0.25719071 -0.13314001 -0.29085563 0.78431373 0.00000000 0.00000000
v -0.25708342 -0.18471947 -0.23774560 0.78431373 0.00000000 0.00000000
v -0.25677869 -0.07748651 -0.16943915 0.78431373 0.00000000 0.00000000
v -0.25662661 -0.00630624 -0.19500326 0.78431373 0.00000000 0.00000000
v -0.25631606 0.06317823 -0.18161319 0.78431373 0.00000000 0.00000000
v -0.25609025 -0.18642328 -0.23772849 0.78431373 0.00000000 0.00000000
v -0.25585960 0.04837804 -0.18941581 0.78431373 0.00000000 0.00000000
v -0.25579595 0.23471294 -0.16683655 0.78431373 0.00000000 0.00000000
v -0.25564528 -0.27389359 -0.09693425 0.78431373 0.00000000 0.00000000
v -0.25508907 -0.10325981 -0.15850670 0.78431373 0.00000000 0.00000000
v -0.25495336 -0.02481135 -0.42098363 0.78431373 0.00000000 0.00000000
v -0.25480615 0.20358485 -0.21711620 0.78431373 0.00000000 0.00000000
v -0.25456444 0.09525231 -0.24799485 0.78431373 0.00000000 0.00000000
v -0.25428284 0.08544288 -0.33358036 0.78431373 0.00000000 0.00000000
v -0.25401240 -0.16622666 -0.26260784 0.78431373 0.00000000 0.00000000
v -0.25399965 -0.15948584 -0.26959881 0.78431373 0.00000000 0.00000000
v -0.25395693 -0.06693160 -0.25716324 0.78431373 0.00000000 0.00000000
v -0.25390325 -0.10456864 -0.15950161 0.78431373 0.00000000 0.00000000
v -0.25354374 -0.17055513 -0.17750827 0.78431373 0.00000000 0.00000000
v -0.25315664 -0.16644589 -0.26398317 0.78431373 0.00000000 0.00000000
v -0.25271541 0.15942610 -0.27259768 0.78431373 0.00000000 0.00000000
v -0.25202277 -0.23669770 -0.16712585 0.78431373 0.00000000 0.00000000
v -0.25200390 0.04280973 -0.35941586 0.78431373 0.00000000 0.00000000
v -0.25194712 -0.01205578 -0.49840672 0.78431373 0.00000000 0.00000000
v -0.25181518 -0.02693151 -0.36300479 0.78431373 0.00000000 0.00000000
v -0.25172695 -0.16027297 -0.27268257 0.78431373 0.00000000 0.00000000
v -0.25165057 -0.19101028 -0.24115424 0.78431373 0.00000000 0.00000000
v -0.25145220 0.13599252 -0.29885790 0.78431373 0.00000000 0.00000000
v -0.25145094 -0.02026219 -0.20648076 0.78431373 0.00000000 0.00000000
v -0.25108768 -0.03319857 -0.36466884 0.78431373 0.00000000 0.00000000
v -0.25093546 -0.19006324 -0.06947570 0.78431373 0.00000000 0.00000000
v -0.25079312 0.08574037 -0.49986105 0.78431373 0.00000000 0.00000000
v -0.25034639 0.13681671 -0.29991413 0.78431373 0.00000000 0.00000000
v -0.25031311 -0.18992245 -0.24504140 0.78431373 0.00000000 0.00000000
v -0.25022118 0.12471370 -0.48954421 0.78431373 0.00000000 0.00000000
v -0.24949213 0.00215198 -0.36604277 0.78431373 0.00000000 0.00000000
v -0.24933744 0.11900565 -0.49162644 0.78431373 0.00000000 0.00000000
v -0.24923032 -0.27918418 -0.09922269 0.78431373 0.00000000 0.00000000
v -0.24911391 0.05597580 -0.19958104 0.78431373 0.00000000 0.00000000
v -0.24911172 0.13264548 -0.48376811 0.78431373 0.00000000 0.00000000
v -0.24847866 0.13281392 -0.14173562 0.78431373 0.00000000 0.00000000
v -0.24823442 -0.02805388 -0.21287718 0.78431373 0.00000000 0.00000000
v -0.24779634 0.01724638 -0.36854487 0.78431373 0.00000000 0.00000000
v -0.24776337 -0.08869622 -0.18216559 0.78431373 0.00000000 0.00000000
v -0.24741063 -0.14926175 -0.29121685 0.78431373 0.00000000 0.00000000
v -0.24733662 -0.11148964 -0.16463208 0.78431373 0.00000000 0.00000000
v -0.24725516 -0.02981409 -0.21483336 0.78431373 0.00000000 0.00000000
v -0.24712902 0.14099393 -0.47215261 0.78431373 0.00000000 0.00000000
v -0.24659536 0.14024852 -0.47643967 0.78431373 0.00000000 0.00000000
v -0.24616769 0.14035342 -0.46436062 0.78431373 0.00000000 0.00000000
v -0.24590390 -0.19539967 -0.24342072 0.78431373 0.00000000 0.00000000
v -0.24584998 0.04146343 -0.37265795 0.78431373 0.00000000 0.00000000
v -0.24573518 0.10192673 -0.34090589 0.78431373 0.00000000 0.00000000
v -0.24573483 -0.18582787 -0.08542596 0.78431373 0.00000000 0.00000000
v -0.24573279 -0.16582897 -0.10757810 0.78431373 0.00000000 0.00000000
v -0.24572750 -0.11415272 -0.16481821 0.78431373 0.00000000 0.00000000
v -0.24572738 -0.11290666 -0.16619843 0.78431373 0.00000000 0.00000000
v -0.24572613 -0.10071080 -0.17970740 0.78431373 0.00000000 0.00000000
v -0.24566681 -0.12591944 -0.31785753 0.78431373 0.00000000 0.00000000
v -0.24517149 0.13975389 -0.45486701 0.78431373 0.00000000 0.00000000
v -0.24501556 -0.11578772 -0.32924045 0.78431373 0.00000000 0.00000000
v -0.24423218 0.04587395 -0.37324588 0.78431373 0.00000000 0.00000000
v -0.24381093 0.26610388 -0.13332973 0.78431373 0.00000000 0.00000000
v -0.24379818 -0.10138611 -0.34515108 0.78431373 0.00000000 0.00000000
v -0.24367227 -0.09341577 -0.18766730 0.78431373 0.00000000 0.00000000
v -0.24353356 -0.19680872 -0.07065507 0.78431373 0.00000000 0.00000000
v -0.24336606 -0.22635763 -0.19820193 0.78431373 0.00000000 0.00000000
v -0.24319099 -0.03004300 -0.40499264 0.78431373 0.00000000 0.00000000
v -0.24303747 -0.00676261 -0.49992591 0.78431373 0.00000000 0.00000000
v -0.24236269 -0.05795623 -0.36911641 0.78431373 0.00000000 0.00000000
v -0.24227676 -0.06784763 -0.36459901 0.78431373 0.00000000 0.00000000
v -0.24221732 -0.09458868 -0.18989579 0.78431373 0.00000000 0.00000000
v -0.24193553 -0.16853758 -0.28102800 0.78431373 0.00000000 0.00000000
v -0.24180449 -0.09327631 -0.35290193 0.78431373 0.00000000 0.00000000
v -0.24155618 -0.16881123 -0.11204266 0.78431373 0.00000000 0.00000000
v -0.24100676 0.11310231 -0.49815877 0.78431373 0.00000000 0.00000000
v -0.24068419 -0.10010368 -0.35162408 0.78431373 0.00000000 0.00000000
v -0.24064342 0.17782459 -0.19537661 0.78431373 0.00000000 0.00000000
v -0.24029673 0.13512042 -0.44596414 0.78431373 0.00000000 0.00000000
v -0.24009519 -0.03262924 -0.40075983 0.78431373 0.00000000 0.00000000
v -0.23976294 -0.00870617 -0.23029790 0.78431373 0.00000000 0.00000000
v -0.23962700 -0.03238712 -0.38626964 0.78431373 0.00000000 0.00000000
v -0.23947193 0.00073780 -0.23102276 0.78431373 0.00000000 0.00000000
v -0.23898386 0.27247517 -0.13057137 0.78431373 0.00000000 0.00000000
v -0.23897436 0.06694936 -0.21430351 0.78431373 0.00000000 0.00000000
v -0.23881914 -0.03343629 -0.39934564 0.78431373 0.00000000 0.00000000
v -0.23876430 0.20621512 -0.23748790 0.78431373 0.00000000 0.00000000
v -0.23856424 -0.03250488 -0.39869450 0.78431373 0.00000000 0.00000000
v -0.23853848 0.02016331 -0.23226017 0.78431373 0.00000000 0.00000000
v -0.23849826 -0.18063898 -0.27463142 0.78431373 0.00000000 0.00000000
v -0.23830838 -0.02881844 -0.23295152 0.78431373 0.00000000 0.00000000
v -0.23816197 0.03281294 -0.23257659 0.78431373 0.00000000 0.00000000
v -0.23813975 -0.03386265 -0.39859696 0.78431373 0.00000000 0.00000000
v -0.23809938 -0.09770485 -0.19595908 0.78431373 0.00000000 0.00000000
v -0.23706128 -0.20239722 -0.07165091 0.78431373 0.00000000 0.00000000
v -0.23683349 -0.18403521 -0.27233907 0.78431373 0.00000000 0.00000000
v -0.23655540 -0.22395543 -0.13496865 0.78431373 0.00000000 0.00000000
v -0.23643184 -0.04207065 -0.38760662 0.78431373 0.00000000 0.00000000
v -0.23626749 0.04312889 -0.23163011 0.78431373 0.00000000 0.00000000
v -0.23623301 0.17942171 -0.28178086 0.78431373 0.00000000 0.00000000
v -0.23621381 0.17943615 -0.28178818 0.78431373 0.00000000 0.00000000
v -0.23555250 -0.14888406 -0.31185289 0.78431373 0.00000000 0.00000000
v -0.23519985 0.03913350 -0.39557504 0.78431373 0.00000000 0.00000000
v -0.23475217 -0.17810755 -0.11440083 0.78431373 0.00000000 0.00000000
v -0.23470097 -0.19592281 -0.25904981 0.78431373 0.00000000 0.00000000
v -0.23464818 -0.17761379 -0.28427385 0.78431373 0.00000000 0.00000000
v -0.23422486 0.05338223 -0.23056823 0.78431373 0.00000000 0.00000000
v -0.23417811 -0.11242974 -0.50000000 0.78431373 0.00000000 0.00000000
v -0.23417354 -0.04550710 -0.23210175 0.78431373 0.00000000 0.00000000
v -0.23379155 -0.23911178 -0.19331220 0.78431373 0.00000000 0.00000000
v -0.23359049 0.15761340 -0.14233397 0.78431373 0.00000000 0.00000000
v -0.23354117 0.10840894 -0.49982186 0.78431373 0.00000000 0.00000000
v -0.23285891 0.07370552 -0.37930692 0.78431373 0.00000000 0.00000000
v -0.23278867 -0.20515902 -0.24823167 0.78431373 0.00000000 0.00000000
v -0.23259002 0.07846294 -0.37696079 0.78431373 0.00000000 0.00000000
v -0.23240132 -0.17107884 -0.29473594 0.78431373 0.00000000 0.00000000
v -0.23213773 0.09676235 -0.36849831 0.78431373 0.00000000 0.00000000
v -0.23202452 -0.00057231 -0.49988487 0.78431373 0.00000000 0.00000000
v -0.23152616 0.17638343 -0.29351039 0.78431373 0.00000000 0.00000000
v -0.23126181 0.08090216 -0.37816113 0.78431373 0.00000000 0.00000000
v -0.23125009 0.12075812 -0.34707107 0.78431373 0.00000000 0.00000000
v -0.23116370 -0.12156035 -0.34698632 0.78431373 0.00000000 0.00000000
v -0.23093092 -0.29341107 -0.10535207 0.78431373 0.00000000 0.00000000
v -0.23090227 -0.12288009 -0.34615576 0.78431373 0.00000000 0.00000000
v -0.23071347 0.18738064 -0.27814037 0.78431373 0.00000000 0.00000000
v -0.23065010 0.10435030 -0.36373414 0.78431373 0.00000000 0.00000000
v -0.23054890 -0.16968762 -0.47655573 0.78431373 0.00000000 0.00000000
v -0.23039133 -0.21466977 -0.23771883 0.78431373 0.00000000 0.00000000
v -0.23025549 0.07782097 -0.22624425 0.78431373 0.00000000 0.00000000
v -0.23022181 -0.12608224 -0.18044293 0.78431373 0.00000000 0.00000000
v -0.23020323 -0.17412120 -0.29540611 0.78431373 0.00000000 0.00000000
v -0.22979025 0.07477747 -0.22869610 0.78431373 0.00000000 0.00000000
v -0.22978350 0.15237110 -0.31933728 0.78431373 0.00000000 0.00000000
v -0.22944384 -0.13999263 -0.16648430 0.78431373 0.00000000 0.00000000
v -0.22944307 -0.24458415 -0.19119726 0.78431373 0.00000000 0.00000000
v -0.22942674 0.15252751 -0.31978256 0.78431373 0.00000000 0.00000000
v -0.22871330 0.06773236 -0.23437167 0.78431373 0.00000000 0.00000000
v -0.22842221 0.09535118 -0.37603797 0.78431373 0.00000000 0.00000000
v -0.22835081 0.17273093 -0.13545317 0.78431373 0.00000000 0.00000000
v -0.22827384 -0.29625754 -0.10490900 0.78431373 0.00000000 0.00000000
v -0.22780501 0.14965163 -0.16209781 0.78431373 0.00000000 0.00000000
v -0.22778114 0.18909191 -0.28000644 0.78431373 0.00000000 0.00000000
v -0.22768344 0.17526964 -0.47616234 0.78431373 0.00000000 0.00000000
v -0.22753419 0.10481792 -0.49985858 0.78431373 0.00000000 0.00000000
v -0.22746652 0.11416078 -0.20148916 0.78431373 0.00000000 0.00000000
v -0.22744980 0.22355126 -0.22848363 0.78431373 0.00000000 0.00000000
v -0.22732737 0.09795880 -0.37537343 0.78431373 0.00000000 0.00000000
v -0.22711015 0.12620391 -0.34877236 0.78431373 0.00000000 0.00000000
v -0.22699593 -0.14088546 -0.33457542 0.78431373 0.00000000 0.00000000
v -0.22692948 -0.22723391 -0.22328460 0.78431373 0.00000000 0.00000000
v -0.22691146 0.07720121 -0.23316556 0.78431373 0.00000000 0.00000000
v -0.22688329 -0.10372899 -0.20952056 0.78431373 0.00000000 0.00000000
v -0.22660963 -0.29403180 -0.11147609 0.78431373 0.00000000 0.00000000
v -0.22619987 0.11586036 -0.36016357 0.78431373 0.00000000 0.00000000
v -0.22607594 0.17292847 -0.45523505 0.78431373 0.00000000 0.00000000
v -0.22593168 -0.17367519 -0.45732060 0.78431373 0.00000000 0.00000000
v -0.22554099 0.10837337 -0.36840887 0.78431373 0.00000000 0.00000000
v -0.22544557 0.25319009 -0.18644148 0.78431373 0.00000000 0.00000000
v -0.22527244 0.09080419 -0.40139913 0.78431373 0.00000000 0.00000000
v -0.22516108 0.07687680 -0.23678841 0.78431373 0.00000000 0.00000000
v -0.22425571 0.09376872 -0.38449276 0.78431373 0.00000000 0.00000000
v -0.22377708 0.07937026 -0.23737520 0.78431373 0.00000000 0.00000000
v -0.22369581 0.16150250 -0.49514764 0.78431373 0.00000000 0.00000000
v -0.22369463 -0.00959764 -0.42521930 0.78431373 0.00000000 0.00000000
v -0.22340397 0.15524067 -0.32742855 0.78431373 0.00000000 0.00000000
v -0.22335692 0.29531561 -0.11785078 0.78431373 0.00000000 0.00000000
v -0.22334097 -0.16484798 -0.31652691 0.78431373 0.00000000 0.00000000
v -0.22306159 0.13161726 -0.35049543 0.78431373 0.00000000 0.00000000
v -0.22291039 0.02977128 -0.26495323 0.78431373 0.00000000 0.00000000
v -0.22276262 0.12492041 -0.35737742 0.78431373 0.00000000 0.00000000
v -0.22212136 -0.14369263 -0.27507863 0.78431373 0.00000000 0.00000000
v -0.22197127 0.21120322 -0.25543973 0.78431373 0.00000000 0.00000000
v -0.22187935 0.13630813 -0.42516412 0.78431373 0.00000000 0.00000000
v -0.22135635 -0.17157861 -0.48982136 0.78431373 0.00000000 0.00000000
v -0.22131555 0.21103246 -0.25669256 0.78431373 0.00000000 0.00000000
v -0.22106795 -0.05768757 -0.25130640 0.78431373 0.00000000 0.00000000
v -0.22048539 -0.19124290 -0.11655671 0.78431373 0.00000000 0.00000000
v -0.22036504 -0.05830743 -0.25229105 0.78431373 0.00000000 0.00000000
v -0.22015439 -0.19148189 -0.11670746 0.78431373 0.00000000 0.00000000
v -0.22012897 -0.16620539 -0.32063686 0.78431373 0.00000000 0.00000000
v -0.22008285 -0.09161950 -0.39444767 0.78431373 0.00000000 0.00000000
v -0.21928105 0.00659871 -0.49988100 0.78431373 0.00000000 0.00000000
v -0.21909454 0.21856932 -0.24868395 0.78431373 0.00000000 0.00000000
v -0.21841341 0.21029451 -0.26230284 0.78431373 0.00000000 0.00000000
v -0.21726218 0.30083038 -0.11355666 0.78431373 0.00000000 0.00000000
v -0.21723376 0.19137104 -0.12401565 0.78431373 0.00000000 0.00000000
v -0.21634283 0.30145819 -0.11333516 0.78431373 0.00000000 0.00000000
v -0.21504011 0.22897823 -0.23915052 0.78431373 0.00000000 0.00000000
v -0.21483504 0.16533858 -0.33236965 0.78431373 0.00000000 0.00000000
v -0.21470471 -0.13208664 -0.20265080 0.78431373 0.00000000 0.00000000
v -0.21445980 0.09701360 -0.49985668 0.78431373 0.00000000 0.00000000
v -0.21430900 0.24176595 -0.12361262 0.78431373 0.00000000 0.00000000
v -0.21419512 0.09685560 -0.49985667 0.78431373 0.00000000 0.00000000
v -0.21360713 -0.08093852 -0.25221895 0.78431373 0.00000000 0.00000000
v -0.21360207 0.23720766 -0.22887897 0.78431373 0.00000000 0.00000000
v -0.21336199 -0.24551504 -0.21602443 0.78431373 0.00000000 0.00000000
v -0.21332134 -0.10844301 -0.22846239 0.78431373 0.00000000 0.00000000
v -0.21296864 -0.22450710 -0.07318291 0.78431373 0.00000000 0.00000000
v -0.21290542 -0.19103268 -0.29682968 0.78431373 0.00000000 0.00000000
v -0.21284725 -0.16048381 -0.33887375 0.78431373 0.00000000 0.00000000
v -0.21273977 0.14893907 -0.35153755 0.78431373 0.00000000 0.00000000
v -0.21272384 0.14901541 -0.35149195 0.78431373 0.00000000 0.00000000
v -0.21267548 0.16137699 -0.17766187 0.78431373 0.00000000 0.00000000
v -0.21267379 0.14910399 -0.35149842 0.78431373 0.00000000 0.00000000
v -0.21257612 0.09219938 -0.24821285 0.78431373 0.00000000 0.00000000
v -0.21218796 0.19834289 -0.29008221 0.78431373 0.00000000 0.00000000
v -0.21180999 0.16764456 -0.33340738 0.78431373 0.00000000 0.00000000
v -0.21142489 -0.24914811 -0.21335855 0.78431373 0.00000000 0.00000000
v -0.21112303 -0.29420112 -0.12989413 0.78431373 0.00000000 0.00000000
v -0.21103407 -0.08703753 -0.25363204 0.78431373 0.00000000 0.00000000
v -0.20999496 -0.15769315 -0.18305104 0.78431373 0.00000000 0.00000000
v -0.20998635 0.16213010 -0.34365808 0.78431373 0.00000000 0.00000000
v -0.20961619 0.15543586 -0.35098319 0.78431373 0.00000000 0.00000000
v -0.20946312 -0.18991082 -0.45721904 0.78431373 0.00000000 0.00000000
v -0.20934774 -0.16376041 -0.33936059 0.78431373 0.00000000 0.00000000
v -0.20875080 -0.18119548 -0.44828525 0.78431373 0.00000000 0.00000000
v -0.20834193 0.15823812 -0.18933076 0.78431373 0.00000000 0.00000000
v -0.20829854 -0.16967311 -0.33273436 0.78431373 0.00000000 0.00000000
v -0.20802453 -0.15931922 -0.18491466 0.78431373 0.00000000 0.00000000
v -0.20747509 0.15976168 -0.35060854 0.78431373 0.00000000 0.00000000
v -0.20742751 0.11585356 -0.39429573 0.78431373 0.00000000 0.00000000
v -0.20689685 -0.13498041 -0.21337796 0.78431373 0.00000000 0.00000000
v -0.20670035 -0.19296449 -0.46843224 0.78431373 0.00000000 0.00000000
v -0.20647483 0.17050399 -0.33692089 0.78431373 0.00000000 0.00000000
v -0.20601525 0.20650569 -0.11817075 0.78431373 0.00000000 0.00000000
v -0.20571305 -0.18716030 -0.49087348 0.78431373 0.00000000 0.00000000
v -0.20567880 0.26961591 -0.19169116 0.78431373 0.00000000 0.00000000
v -0.20559523 -0.19095555 -0.48447902 0.78431373 0.00000000 0.00000000
v -0.20555872 0.26829157 -0.19416109 0.78431373 0.00000000 0.00000000
v -0.20551361 -0.18940451 -0.20775137 0.78431373 0.00000000 0.00000000
v -0.20549655 -0.29349397 -0.13815723 0.78431373 0.00000000 0.00000000
v -0.20548436 0.26778427 -0.19503366 0.78431373 0.00000000 0.00000000
v -0.20533743 0.09918996 -0.25418939 0.78431373 0.00000000 0.00000000
v -0.20532157 0.09886876 -0.44853522 0.78431373 0.00000000 0.00000000
v -0.20519181 0.26574731 -0.19855292 0.78431373 0.00000000 0.00000000
v -0.20517406 -0.26536346 -0.19606258 0.78431373 0.00000000 0.00000000
v -0.20505373 0.27091217 -0.19052727 0.78431373 0.00000000 0.00000000
v -0.20456408 0.27025933 -0.19247151 0.78431373 0.00000000 0.00000000
v -0.20447928 -0.19369804 -0.47530482 0.78431373 0.00000000 0.00000000
v -0.20443059 0.16580205 -0.18374783 0.78431373 0.00000000 0.00000000
v -0.20406017 0.26958747 -0.19447240 0.78431373 0.00000000 0.00000000
v -0.20398649 0.16565394 -0.18467462 0.78431373 0.00000000 0.00000000
v -0.20377954 0.20789106 -0.28859161 0.78431373 0.00000000 0.00000000
v -0.20361286 0.16421603 -0.34950368 0.78431373 0.00000000 0.00000000
v -0.20347096 -0.26308570 -0.20278316 0.78431373 0.00000000 0.00000000
v -0.20333200 -0.16970023 -0.33977541 0.78431373 0.00000000 0.00000000
v -0.20328828 0.19305075 -0.14330678 0.78431373 0.00000000 0.00000000
v -0.20319889 0.21022370 -0.11670144 0.78431373 0.00000000 0.00000000
v -0.20305714 0.13907465 -0.40497306 0.78431373 0.00000000 0.00000000
v -0.20301707 0.16730453 -0.18363827 0.78431373 0.00000000 0.00000000
v -0.20288849 -0.14403787 -0.21139006 0.78431373 0.00000000 0.00000000
v -0.20270483 0.24804512 -0.22928089 0.78431373 0.00000000 0.00000000
v -0.20249132 -0.28395929 -0.16129274 0.78431373 0.00000000 0.00000000
v -0.20230691 0.02783080 -0.30470000 0.78431373 0.00000000 0.00000000
v -0.20228247 -0.17410566 -0.49592434 0.78431373 0.00000000 0.00000000
v -0.20222023 -0.02480235 -0.30603380 0.78431373 0.00000000 0.00000000
v -0.20152299 0.05740759 -0.29280035 0.78431373 0.00000000 0.00000000
v -0.20132492 0.00434217 -0.30711303 0.78431373 0.00000000 0.00000000
v -0.20029932 -0.00388902 -0.30927186 0.78431373 0.00000000 0.00000000
v -0.20024757 -0.05961431 -0.35432292 0.78431373 0.00000000 0.00000000
v -0.20023766 -0.00170481 -0.49988103 0.78431373 0.00000000 0.00000000
v -0.19987623 0.01235987 -0.30972697 0.78431373 0.00000000 0.00000000
v -0.19888515 0.07200698 -0.29117295 0.78431373 0.00000000 0.00000000
v -0.19874602 -0.15279684 -0.20939357 0.78431373 0.00000000 0.00000000
v -0.19806546 -0.26917880 -0.19687495 0.78431373 0.00000000 0.00000000
v -0.19806042 -0.31742447 -0.09823975 0.78431373 0.00000000 0.00000000
v -0.19777817 0.06786595 -0.29513441 0.78431373 0.00000000 0.00000000
v -0.19770994 -0.16903862 -0.49904743 0.78431373 0.00000000 0.00000000
v -0.19766597 -0.25532199 -0.22569012 0.78431373 0.00000000 0.00000000
v -0.19752073 0.20663279 -0.29914362 0.78431373 0.00000000 0.00000000
v -0.19722376 0.27243281 -0.19663378 0.78431373 0.00000000 0.00000000
v -0.19698023 0.06951490 -0.29589388 0.78431373 0.00000000 0.00000000
v -0.19632847 -0.16750909 -0.49993285 0.78431373 0.00000000 0.00000000
v -0.19608082 -0.15092332 -0.21642500 0.78431373 0.00000000 0.00000000
v -0.19595744 0.25874121 -0.22347752 0.78431373 0.00000000 0.00000000
v -0.19587375 0.07162133 -0.29682337 0.78431373 0.00000000 0.00000000
v -0.19584027 -0.16697576 -0.49993078 0.78431373 0.00000000 0.00000000
v -0.19547446 -0.17622654 -0.43108194 0.78431373 0.00000000 0.00000000
v -0.19544461 -0.16879529 -0.49993129 0.78431373 0.00000000 0.00000000
v -0.19543949 -0.13655416 -0.23176461 0.78431373 0.00000000 0.00000000
v -0.19526078 -0.01629899 -0.31925645 0.78431373 0.00000000 0.00000000
v -0.19503218 -0.15784603 -0.36788690 0.78431373 0.00000000 0.00000000
v -0.19501825 0.02649846 -0.36347833 0.78431373 0.00000000 0.00000000
v -0.19481767 -0.14858539 -0.22093801 0.78431373 0.00000000 0.00000000
v -0.19475552 0.16257610 -0.20282077 0.78431373 0.00000000 0.00000000
v -0.19474319 -0.14982697 -0.21980180 0.78431373 0.00000000 0.00000000
v -0.19462123 -0.15052231 -0.21901791 0.78431373 0.00000000 0.00000000
v -0.19459854 -0.11163808 -0.25789151 0.78431373 0.00000000 0.00000000
v -0.19458165 -0.21134225 -0.29504792 0.78431373 0.00000000 0.00000000
v -0.19452983 -0.20922761 -0.12793829 0.78431373 0.00000000 0.00000000
v -0.19397215 -0.15397141 -0.21504847 0.78431373 0.00000000 0.00000000
v -0.19390040 0.25598768 -0.23084102 0.78431373 0.00000000 0.00000000
v -0.19381728 0.14688076 -0.38840944 0.78431373 0.00000000 0.00000000
v -0.19373785 -0.20559365 -0.30414664 0.78431373 0.00000000 0.00000000
v -0.19372683 0.14043436 -0.39497625 0.78431373 0.00000000 0.00000000
v -0.19303937 -0.16460496 -0.46979865 0.78431373 0.00000000 0.00000000
v -0.19281369 -0.26231243 -0.21727696 0.78431373 0.00000000 0.00000000
v -0.19277963 0.20316284 -0.31064530 0.78431373 0.00000000 0.00000000
v -0.19251621 -0.16078103 -0.20689078 0.78431373 0.00000000 0.00000000
v -0.19248514 0.28659597 -0.17266613 0.78431373 0.00000000 0.00000000
v -0.19198761 0.17812294 -0.34624204 0.78431373 0.00000000 0.00000000
v -0.19195508 -0.02431561 -0.32570583 0.78431373 0.00000000 0.00000000
v -0.19155032 0.07746680 -0.29881782 0.78431373 0.00000000 0.00000000
v -0.19148774 -0.32186696 -0.09676529 0.78431373 0.00000000 0.00000000
v -0.19140293 0.14460375 -0.39509168 0.78431373 0.00000000 0.00000000
v -0.19118089 -0.16839110 -0.19731863 0.78431373 0.00000000 0.00000000
v -0.19070099 -0.14308249 -0.39433852 0.78431373 0.00000000 0.00000000
v -0.19046308 0.16851974 -0.36156431 0.78431373 0.00000000 0.00000000
v -0.19044370 -0.25923785 -0.22617605 0.78431373 0.00000000 0.00000000
v -0.19021666 0.16649095 -0.36486305 0.78431373 0.00000000 0.00000000
v -0.19014229 -0.13993188 -0.23764230 0.78431373 0.00000000 0.00000000
v -0.19011602 0.11108491 -0.26941392 0.78431373 0.00000000 0.00000000
v -0.19000551 -0.08718013 -0.29009636 0.78431373 0.00000000 0.00000000
v -0.18882120 -0.07828271 -0.30096501 0.78431373 0.00000000 0.00000000
v -0.18878610 -0.20559804 -0.31119783 0.78431373 0.00000000 0.00000000
v -0.18839918 0.12017323 -0.26379198 0.78431373 0.00000000 0.00000000
v -0.18837154 -0.02932596 -0.32972210 0.78431373 0.00000000 0.00000000
v -0.18829438 0.19985887 -0.32133630 0.78431373 0.00000000 0.00000000
v -0.18814990 0.32074683 -0.10653647 0.78431373 0.00000000 0.00000000
v -0.18802508 -0.25618506 -0.23417162 0.78431373 0.00000000 0.00000000
v -0.18796321 -0.24350063 -0.08135252 0.78431373 0.00000000 0.00000000
v -0.18768604 -0.00717867 -0.49987706 0.78431373 0.00000000 0.00000000
v -0.18765690 -0.17331872 -0.42088144 0.78431373 0.00000000 0.00000000
v -0.18753609 -0.21405014 -0.30136973 0.78431373 0.00000000 0.00000000
v -0.18718689 -0.15699695 -0.38023425 0.78431373 0.00000000 0.00000000
v -0.18718095 -0.03522795 -0.32872424 0.78431373 0.00000000 0.00000000
v -0.18717444 -0.13443877 -0.24824591 0.78431373 0.00000000 0.00000000
v -0.18659553 0.12228387 -0.26476740 0.78431373 0.00000000 0.00000000
v -0.18658518 -0.27128552 -0.20647762 0.78431373 0.00000000 0.00000000
v -0.18643377 -0.22008785 -0.29408161 0.78431373 0.00000000 0.00000000
v -0.18624349 0.23906880 -0.09749657 0.78431373 0.00000000 0.00000000
v -0.18589176 -0.14257209 -0.24214696 0.78431373 0.00000000 0.00000000
v -0.18496272 0.24046862 -0.09729490 0.78431373 0.00000000 0.00000000
v -0.18491038 0.11521268 -0.27456402 0.78431373 0.00000000 0.00000000
v -0.18413127 -0.23743378 -0.27187796 0.78431373 0.00000000 0.00000000
v -0.18393580 -0.32566452 -0.09794791 0.78431373 0.00000000 0.00000000
v -0.18361380 0.30180681 -0.15140960 0.78431373 0.00000000 0.00000000
v -0.18327192 -0.05411330 -0.32536708 0.78431373 0.00000000 0.00000000
v -0.18292299 -0.17517018 -0.19982860 0.78431373 0.00000000 0.00000000
v -0.18288137 0.21937573 -0.47144242 0.78431373 0.00000000 0.00000000
v -0.18215332 0.21833032 -0.45788352 0.78431373 0.00000000 0.00000000
v -0.18197425 -0.12481388 -0.26682529 0.78431373 0.00000000 0.00000000
v -0.18196278 0.21809756 -0.45563802 0.78431373 0.00000000 0.00000000
v -0.18186488 0.21800855 -0.45545965 0.78431373 0.00000000 0.00000000
v -0.18170798 -0.24663774 -0.08265236 0.78431373 0.00000000 0.00000000
v -0.18160928 -0.24605976 -0.25901983 0.78431373 0.00000000 0.00000000
v -0.18160112 -0.02382466 -0.34554806 0.78431373 0.00000000 0.00000000
v -0.18145189 -0.17970526 -0.35721617 0.78431373 0.00000000 0.00000000
v -0.18103962 0.01343859 -0.42769099 0.78431373 0.00000000 0.00000000
v -0.18099600 0.09531472 -0.49985361 0.78431373 0.00000000 0.00000000
v -0.18092779 0.13617501 -0.26030504 0.78431373 0.00000000 0.00000000
v -0.18072582 -0.27972682 -0.19631832 0.78431373 0.00000000 0.00000000
v -0.18045192 0.21775206 -0.48569089 0.78431373 0.00000000 0.00000000
v -0.18032492 0.20594153 -0.15937941 0.78431373 0.00000000 0.00000000
v -0.18017583 0.23761605 -0.27997047 0.78431373 0.00000000 0.00000000
v -0.18010784 0.21748012 -0.48636943 0.78431373 0.00000000 0.00000000
v -0.18001264 -0.21275951 -0.49260201 0.78431373 0.00000000 0.00000000
v -0.17997158 0.00238201 -0.34830523 0.78431373 0.00000000 0.00000000
v -0.17988657 0.02571920 -0.34795170 0.78431373 0.00000000 0.00000000
v -0.17987272 0.03419177 -0.34414542 0.78431373 0.00000000 0.00000000
v -0.17983748 -0.15619815 -0.39177754 0.78431373 0.00000000 0.00000000
v -0.17983631 -0.18610234 -0.35073183 0.78431373 0.00000000 0.00000000
v -0.17969017 0.00671230 -0.34875153 0.78431373 0.00000000 0.00000000
v -0.17946868 0.23549721 -0.28428190 0.78431373 0.00000000 0.00000000
v -0.17927169 -0.04071085 -0.34065729 0.78431373 0.00000000 0.00000000
v -0.17919081 0.27755965 -0.20675860 0.78431373 0.00000000 0.00000000
v -0.17913695 -0.04026868 -0.34115536 0.78431373 0.00000000 0.00000000
v -0.17910252 -0.15664591 -0.39659572 0.78431373 0.00000000 0.00000000
v -0.17907173 0.21677123 -0.48829748 0.78431373 0.00000000 0.00000000
v -0.17906472 0.23612872 -0.28394791 0.78431373 0.00000000 0.00000000
v -0.17899488 0.23603523 -0.28419790 0.78431373 0.00000000 0.00000000
v -0.17876537 -0.14616598 -0.24718543 0.78431373 0.00000000 0.00000000
v -0.17863636 0.01697173 -0.35055483 0.78431373 0.00000000 0.00000000
v -0.17849257 -0.22998136 -0.29112030 0.78431373 0.00000000 0.00000000
v -0.17842049 0.31073425 -0.13895016 0.78431373 0.00000000 0.00000000
v -0.17825722 -0.01392729 -0.42952948 0.78431373 0.00000000 0.00000000
v -0.17815058 0.21562678 -0.44963492 0.78431373 0.00000000 0.00000000
v -0.17805400 -0.15607198 -0.39504868 0.78431373 0.00000000 0.00000000
v -0.17804203 0.23721020 -0.28305154 0.78431373 0.00000000 0.00000000
v -0.17791553 0.16733153 -0.22046746 0.78431373 0.00000000 0.00000000
v -0.17768615 -0.18142239 -0.36021201 0.78431373 0.00000000 0.00000000
v -0.17762682 -0.14707734 -0.49992233 0.78431373 0.00000000 0.00000000
v -0.17696847 -0.18362468 -0.19617555 0.78431373 0.00000000 0.00000000
v -0.17692168 0.19444660 -0.18151160 0.78431373 0.00000000 0.00000000
v -0.17675351 0.06917275 -0.33269950 0.78431373 0.00000000 0.00000000
v -0.17668029 0.22350651 -0.45568628 0.78431373 0.00000000 0.00000000
v -0.17646638 0.23915314 -0.28115591 0.78431373 0.00000000 0.00000000
v -0.17629568 -0.24667259 -0.08904738 0.78431373 0.00000000 0.00000000
v -0.17607378 -0.07325854 -0.32812823 0.78431373 0.00000000 0.00000000
v -0.17603330 0.23932313 -0.28128982 0.78431373 0.00000000 0.00000000
v -0.17589475 0.04193008 -0.34814969 0.78431373 0.00000000 0.00000000
v -0.17570372 -0.11119071 -0.29122551 0.78431373 0.00000000 0.00000000
v -0.17569277 -0.11318767 -0.28926790 0.78431373 0.00000000 0.00000000
v -0.17565446 0.21401788 -0.44586358 0.78431373 0.00000000 0.00000000
v -0.17547119 -0.13403111 -0.26845336 0.78431373 0.00000000 0.00000000
v -0.17535010 -0.13141078 -0.27132196 0.78431373 0.00000000 0.00000000
v -0.17530544 0.26805861 -0.22866416 0.78431373 0.00000000 0.00000000
v -0.17491886 -0.18151303 -0.20261056 0.78431373 0.00000000 0.00000000
v -0.17483324 -0.07562176 -0.32794848 0.78431373 0.00000000 0.00000000
v -0.17473015 0.23329215 -0.18771897 0.78431373 0.00000000 0.00000000
v -0.17449639 -0.13323213 -0.27091422 0.78431373 0.00000000 0.00000000
v -0.17444773 -0.01455848 -0.43197893 0.78431373 0.00000000 0.00000000
v -0.17437896 -0.05207134 -0.43209206 0.78431373 0.00000000 0.00000000
v -0.17423712 0.16633544 -0.22735503 0.78431373 0.00000000 0.00000000
v -0.17405399 -0.13286953 -0.27203105 0.78431373 0.00000000 0.00000000
v -0.17388225 -0.14482436 -0.25586016 0.78431373 0.00000000 0.00000000
v -0.17356314 -0.21094160 -0.32555373 0.78431373 0.00000000 0.00000000
v -0.17347136 0.20070853 -0.34044717 0.78431373 0.00000000 0.00000000
v -0.17331081 -0.13226040 -0.27390717 0.78431373 0.00000000 0.00000000
v -0.17317986 -0.14894410 -0.25101769 0.78431373 0.00000000 0.00000000
v -0.17312324 -0.22573672 -0.45699493 0.78431373 0.00000000 0.00000000
v -0.17295635 -0.16450582 -0.39015537 0.78431373 0.00000000 0.00000000
v -0.17284814 0.20993579 -0.16440787 0.78431373 0.00000000 0.00000000
v -0.17260050 -0.17576284 -0.37520949 0.78431373 0.00000000 0.00000000
v -0.17255732 0.18613606 -0.36178338 0.78431373 0.00000000 0.00000000
v -0.17251817 0.22488807 -0.48729145 0.78431373 0.00000000 0.00000000
v -0.17223384 0.04872405 -0.35131447 0.78431373 0.00000000 0.00000000
v -0.17223206 -0.29804043 -0.16916639 0.78431373 0.00000000 0.00000000
v -0.17217430 -0.18924514 -0.35730910 0.78431373 0.00000000 0.00000000
v -0.17155679 0.05302685 -0.35034600 0.78431373 0.00000000 0.00000000
v -0.17150126 0.05068356 -0.43812049 0.78431373 0.00000000 0.00000000
v -0.17148432 0.32864219 -0.10983001 0.78431373 0.00000000 0.00000000
v -0.17146527 -0.21167450 -0.32752975 0.78431373 0.00000000 0.00000000
v -0.17144444 0.05267778 -0.35072751 0.78431373 0.00000000 0.00000000
v -0.17132661 0.05916898 -0.34923692 0.78431373 0.00000000 0.00000000
v -0.17127765 0.20485151 -0.33773841 0.78431373 0.00000000 0.00000000
v -0.17119159 -0.22033197 -0.31603526 0.78431373 0.00000000 0.00000000
v -0.17117849 -0.25419890 -0.08035496 0.78431373 0.00000000 0.00000000
v -0.17100745 0.05858065 -0.35020949 0.78431373 0.00000000 0.00000000
v -0.17058962 0.20207132 -0.34251181 0.78431373 0.00000000 0.00000000
v -0.17050658 0.24434487 -0.27786700 0.78431373 0.00000000 0.00000000
v -0.17030942 -0.01244096 -0.41281432 0.78431373 0.00000000 0.00000000
v -0.17022192 0.22314351 -0.14857888 0.78431373 0.00000000 0.00000000
v -0.16977088 0.08466934 -0.49985337 0.78431373 0.00000000 0.00000000
v -0.16949770 -0.10172140 -0.31140178 0.78431373 0.00000000 0.00000000
v -0.16912344 -0.18586762 -0.20450803 0.78431373 0.00000000 0.00000000
v -0.16893839 -0.21860008 -0.15304969 0.78431373 0.00000000 0.00000000
v -0.16888956 -0.24056171 -0.18826381 0.78431373 0.00000000 0.00000000
v -0.16882842 -0.10476857 -0.30943597 0.78431373 0.00000000 0.00000000
v -0.16878263 -0.05247026 -0.35391470 0.78431373 0.00000000 0.00000000
v -0.16861560 0.23341989 -0.46993952 0.78431373 0.00000000 0.00000000
v -0.16848551 0.10901342 -0.30911184 0.78431373 0.00000000 0.00000000
v -0.16840657 0.20710836 -0.47359656 0.78431373 0.00000000 0.00000000
v -0.16839593 0.19171294 -0.19810890 0.78431373 0.00000000 0.00000000
v -0.16827437 -0.21292964 -0.33063026 0.78431373 0.00000000 0.00000000
v -0.16824869 0.07096598 -0.34612806 0.78431373 0.00000000 0.00000000
v -0.16819978 -0.02208542 -0.49987443 0.78431373 0.00000000 0.00000000
v -0.16817139 0.17263298 -0.39936337 0.78431373 0.00000000 0.00000000
v -0.16789697 -0.21883347 -0.15383436 0.78431373 0.00000000 0.00000000
v -0.16768172 -0.06995096 -0.34601071 0.78431373 0.00000000 0.00000000
v -0.16756935 -0.01212897 -0.40861220 0.78431373 0.00000000 0.00000000
v -0.16737208 -0.04895996 -0.35861076 0.78431373 0.00000000 0.00000000
v -0.16733826 0.12341449 -0.29737898 0.78431373 0.00000000 0.00000000
v -0.16732341 0.17874157 -0.37913677 0.78431373 0.00000000 0.00000000
v -0.16724023 -0.01596344 -0.43825429 0.78431373 0.00000000 0.00000000
v -0.16723346 0.07118004 -0.34773104 0.78431373 0.00000000 0.00000000
v -0.16701934 -0.16953781 -0.39221488 0.78431373 0.00000000 0.00000000
v -0.16697313 -0.06945017 -0.34764736 0.78431373 0.00000000 0.00000000
v -0.16684320 -0.14289041 -0.26836484 0.78431373 0.00000000 0.00000000
v -0.16677781 0.15739238 -0.25082466 0.78431373 0.00000000 0.00000000
v -0.16656908 -0.16902981 -0.39381187 0.78431373 0.00000000 0.00000000
v -0.16656593 0.21767071 -0.16210616 0.78431373 0.00000000 0.00000000
v -0.16649943 -0.31164735 -0.14829208 0.78431373 0.00000000 0.00000000
v -0.16639856 0.21797220 -0.16190262 0.78431373 0.00000000 0.00000000
v -0.16637953 -0.16806263 -0.39570423 0.78431373 0.00000000 0.00000000
v -0.16626943 -0.27467160 -0.22313831 0.78431373 0.00000000 0.00000000
v -0.16591184 -0.24089601 -0.28461973 0.78431373 0.00000000 0.00000000
v -0.16589280 0.12407474 -0.29923013 0.78431373 0.00000000 0.00000000
v -0.16545786 0.08057898 -0.49985304 0.78431373 0.00000000 0.00000000
v -0.16543615 0.12370722 -0.30041237 0.78431373 0.00000000 0.00000000
v -0.16507432 0.12432638 -0.30006161 0.78431373 0.00000000 0.00000000
v -0.16496304 -0.02165158 -0.48106844 0.78431373 0.00000000 0.00000000
v -0.16481960 0.20592516 -0.49882963 0.78431373 0.00000000 0.00000000
v -0.16477412 0.17857211 -0.38285848 0.78431373 0.00000000 0.00000000
v -0.16475627 0.32503761 -0.12532294 0.78431373 0.00000000 0.00000000
v -0.16467685 -0.05605739 -0.43833478 0.78431373 0.00000000 0.00000000
v -0.16466527 0.21562782 -0.16794285 0.78431373 0.00000000 0.00000000
v -0.16457713 -0.31626104 -0.14118823 0.78431373 0.00000000 0.00000000
v -0.16439879 -0.11083806 -0.31075735 0.78431373 0.00000000 0.00000000
v -0.16439758 0.17705055 -0.38547089 0.78431373 0.00000000 0.00000000
v -0.16380519 -0.20158930 -0.35298972 0.78431373 0.00000000 0.00000000
v -0.16371299 0.16340555 -0.24676636 0.78431373 0.00000000 0.00000000
v -0.16363650 0.20560333 -0.42707967 0.78431373 0.00000000 0.00000000
v -0.16279255 0.17828174 -0.38547378 0.78431373 0.00000000 0.00000000
v -0.16248182 0.17910989 -0.38741271 0.78431373 0.00000000 0.00000000
v -0.16231640 0.22364445 -0.15606850 0.78431373 0.00000000 0.00000000
v -0.16229380 -0.14164049 -0.27644672 0.78431373 0.00000000 0.00000000
v -0.16223241 0.02405650 -0.38200885 0.78431373 0.00000000 0.00000000
v -0.16222689 0.11764971 -0.31195658 0.78431373 0.00000000 0.00000000
v -0.16207476 0.20374288 -0.49949399 0.78431373 0.00000000 0.00000000
v -0.16175698 -0.20438943 -0.18811977 0.78431373 0.00000000 0.00000000
v -0.16164187 -0.13559165 -0.28566263 0.78431373 0.00000000 0.00000000
v -0.16145368 0.20312985 -0.49965813 0.78431373 0.00000000 0.00000000
v -0.16136933 0.21116986 -0.17942866 0.78431373 0.00000000 0.00000000
v -0.16128702 -0.03427081 -0.37819813 0.78431373 0.00000000 0.00000000
v -0.16112965 -0.02285398 -0.38477937 0.78431373 0.00000000 0.00000000
v -0.16106970 0.21076459 -0.18047283 0.78431373 0.00000000 0.00000000
v -0.16090966 -0.02639248 -0.38840069 0.78431373 0.00000000 0.00000000
v -0.16088818 0.21051907 -0.18110540 0.78431373 0.00000000 0.00000000
v -0.16088057 0.08699483 -0.34383942 0.78431373 0.00000000 0.00000000
v -0.16080783 -0.13567127 -0.49991664 0.78431373 0.00000000 0.00000000
v -0.16075971 -0.02154625 -0.39469609 0.78431373 0.00000000 0.00000000
v -0.16073514 0.28761954 -0.20816995 0.78431373 0.00000000 0.00000000
v -0.16051714 0.21113147 -0.18040158 0.78431373 0.00000000 0.00000000
v -0.16045738 0.11970416 -0.31249905 0.78431373 0.00000000 0.00000000
v -0.16027195 -0.03664977 -0.39889807 0.78431373 0.00000000 0.00000000
v -0.15989103 -0.20675849 -0.18714569 0.78431373 0.00000000 0.00000000
v -0.15984185 0.18801331 -0.40715379 0.78431373 0.00000000 0.00000000
v -0.15974884 0.08082410 -0.42944436 0.78431373 0.00000000 0.00000000
v -0.15969554 0.09412534 -0.33909267 0.78431373 0.00000000 0.00000000
v -0.15964714 -0.01961777 -0.39695174 0.78431373 0.00000000 0.00000000
v -0.15943257 0.12592015 -0.30554324 0.78431373 0.00000000 0.00000000
v -0.15925608 -0.02855583 -0.38518270 0.78431373 0.00000000 0.00000000
v -0.15919400 0.12152366 -0.31250568 0.78431373 0.00000000 0.00000000
v -0.15898928 0.22442947 -0.32311526 0.78431373 0.00000000 0.00000000
v -0.15873949 0.17126969 -0.33093971 0.78431373 0.00000000 0.00000000
v -0.15861208 -0.20508454 -0.19196556 0.78431373 0.00000000 0.00000000
v -0.15849965 -0.01668243 -0.43819671 0.78431373 0.00000000 0.00000000
v -0.15847445 0.18322498 -0.40093013 0.78431373 0.00000000 0.00000000
v -0.15840809 -0.20802778 -0.18642010 0.78431373 0.00000000 0.00000000
v -0.15820094 0.16235869 -0.25624336 0.78431373 0.00000000 0.00000000
v -0.15817336 -0.11985333 -0.31212119 0.78431373 0.00000000 0.00000000
v -0.15817041 0.18290659 -0.40085223 0.78431373 0.00000000 0.00000000
v -0.15786464 0.22585293 -0.32183279 0.78431373 0.00000000 0.00000000
v -0.15775496 -0.14492776 -0.27810671 0.78431373 0.00000000 0.00000000
v -0.15767973 0.03401274 -0.39082315 0.78431373 0.00000000 0.00000000
v -0.15749973 0.08659222 -0.42778397 0.78431373 0.00000000 0.00000000
v -0.15725816 -0.20948282 -0.18493147 0.78431373 0.00000000 0.00000000
v -0.15692667 0.07934972 -0.43795157 0.78431373 0.00000000 0.00000000
v -0.15685240 -0.33107155 -0.12026683 0.78431373 0.00000000 0.00000000
v -0.15681149 -0.24341885 -0.28955986 0.78431373 0.00000000 0.00000000
v -0.15675244 -0.29394375 -0.19548808 0.78431373 0.00000000 0.00000000
v -0.15675160 -0.20257279 -0.19809581 0.78431373 0.00000000 0.00000000
v -0.15663972 -0.27756611 -0.22845047 0.78431373 0.00000000 0.00000000
v -0.15627672 0.07966780 -0.42205867 0.78431373 0.00000000 0.00000000
v -0.15610397 0.23196114 -0.14702668 0.78431373 0.00000000 0.00000000
v -0.15541476 0.12526068 -0.31188504 0.78431373 0.00000000 0.00000000
v -0.15538907 0.10474325 -0.33655325 0.78431373 0.00000000 0.00000000
v -0.15521789 0.25463049 -0.27488616 0.78431373 0.00000000 0.00000000
v -0.15514134 -0.17960517 -0.39633528 0.78431373 0.00000000 0.00000000
v -0.15468138 -0.24381279 -0.12048492 0.78431373 0.00000000 0.00000000
v -0.15411578 -0.21969096 -0.16860576 0.78431373 0.00000000 0.00000000
v -0.15408224 0.28029994 -0.22903569 0.78431373 0.00000000 0.00000000
v -0.15356893 0.26493570 -0.08595098 0.78431373 0.00000000 0.00000000
v -0.15346130 -0.20527541 -0.19690642 0.78431373 0.00000000 0.00000000
v -0.15315471 0.23587801 -0.14271797 0.78431373 0.00000000 0.00000000
v -0.15290934 0.33744212 -0.11350090 0.78431373 0.00000000 0.00000000
v -0.15275883 0.17110559 -0.25176747 0.78431373 0.00000000 0.00000000
v -0.15271613 0.20792154 -0.35388336 0.78431373 0.00000000 0.00000000
v -0.15261505 0.32361866 -0.14267570 0.78431373 0.00000000 0.00000000
v -0.15247662 0.17150193 -0.25161634 0.78431373 0.00000000 0.00000000
v -0.15191786 0.21565965 -0.49963648 0.78431373 0.00000000 0.00000000
v -0.15147708 0.08310540 -0.41426302 0.78431373 0.00000000 0.00000000
v -0.15139101 0.29260266 -0.20883878 0.78431373 0.00000000 0.00000000
v -0.15128364 -0.25229366 -0.27938247 0.78431373 0.00000000 0.00000000
v -0.15094559 -0.23254034 -0.14711819 0.78431373 0.00000000 0.00000000
v -0.15067655 -0.23086341 -0.15073785 0.78431373 0.00000000 0.00000000
v -0.15060096 0.27104792 -0.25003758 0.78431373 0.00000000 0.00000000
v -0.15032012 -0.24210099 -0.46952885 0.78431373 0.00000000 0.00000000
v -0.15024022 -0.21496375 -0.34473153 0.78431373 0.00000000 0.00000000
v -0.15018838 0.27108853 -0.25038345 0.78431373 0.00000000 0.00000000
v -0.15007970 0.15646191 -0.27636486 0.78431373 0.00000000 0.00000000
v -0.14987057 -0.01815777 -0.49986209 0.78431373 0.00000000 0.00000000
v -0.14978700 -0.34370124 -0.10139206 0.78431373 0.00000000 0.00000000
v -0.14921783 -0.01746561 -0.43828871 0.78431373 0.00000000 0.00000000
v -0.14895808 -0.21710240 -0.17973552 0.78431373 0.00000000 0.00000000
v -0.14890930 -0.21998596 -0.17413916 0.78431373 0.00000000 0.00000000
v -0.14886020 0.15207118 -0.28434389 0.78431373 0.00000000 0.00000000
v -0.14883794 -0.20869973 -0.19534582 0.78431373 0.00000000 0.00000000
v -0.14864833 0.11783468 -0.33293645 0.78431373 0.00000000 0.00000000
v -0.14817972 -0.06226459 -0.38756713 0.78431373 0.00000000 0.00000000
v -0.14760159 -0.24085252 -0.13476243 0.78431373 0.00000000 0.00000000
v -0.14737687 0.19534690 -0.40272319 0.78431373 0.00000000 0.00000000
v -0.14702640 -0.10618330 -0.43146670 0.78431373 0.00000000 0.00000000
v -0.14699937 -0.01764844 -0.43827670 0.78431373 0.00000000 0.00000000
v -0.14692442 0.26538531 -0.09284091 0.78431373 0.00000000 0.00000000
v -0.14670926 -0.21990186 -0.17688663 0.78431373 0.00000000 0.00000000
v -0.14662185 -0.20552886 -0.20346713 0.78431373 0.00000000 0.00000000
v -0.14657227 -0.34530974 -0.10191322 0.78431373 0.00000000 0.00000000
v -0.14627749 0.12062399 -0.33184855 0.78431373 0.00000000 0.00000000
v -0.14617273 -0.20727496 -0.25512892 0.78431373 0.00000000 0.00000000
v -0.14603136 0.30352239 -0.10449571 0.78431373 0.00000000 0.00000000
v -0.14576987 -0.14709971 -0.40781904 0.78431373 0.00000000 0.00000000
v -0.14563772 -0.16862162 -0.26147180 0.78431373 0.00000000 0.00000000
v -0.14556486 0.18696207 -0.49978448 0.78431373 0.00000000 0.00000000
v -0.14549545 0.12679831 -0.32324086 0.78431373 0.00000000 0.00000000
v -0.14461920 0.13703259 -0.31052402 0.78431373 0.00000000 0.00000000
v -0.14458872 0.21448381 -0.19129316 0.78431373 0.00000000 0.00000000
v -0.14449505 0.24682778 -0.29981193 0.78431373 0.00000000 0.00000000
v -0.14446331 -0.24864325 -0.12317159 0.78431373 0.00000000 0.00000000
v -0.14435060 0.27005203 -0.08668317 0.78431373 0.00000000 0.00000000
v -0.14425159 0.07413808 -0.43787825 0.78431373 0.00000000 0.00000000
v -0.14366904 -0.22005301 -0.34294437 0.78431373 0.00000000 0.00000000
v -0.14362608 -0.18171596 -0.24577365 0.78431373 0.00000000 0.00000000
v -0.14253697 -0.26922851 -0.08499787 0.78431373 0.00000000 0.00000000
v -0.14249231 -0.18332204 -0.24507981 0.78431373 0.00000000 0.00000000
v -0.14236834 -0.25915543 -0.27615183 0.78431373 0.00000000 0.00000000
v -0.14225226 0.18531288 -0.24604844 0.78431373 0.00000000 0.00000000
v -0.14199349 -0.13559004 -0.31315904 0.78431373 0.00000000 0.00000000
v -0.14184306 -0.21705094 -0.34948165 0.78431373 0.00000000 0.00000000
v -0.14181927 -0.13601520 -0.31281919 0.78431373 0.00000000 0.00000000
v -0.14180851 0.28188993 -0.23945951 0.78431373 0.00000000 0.00000000
v -0.14157354 -0.33613153 -0.12843389 0.78431373 0.00000000 0.00000000
v -0.14133847 -0.13588310 -0.31367332 0.78431373 0.00000000 0.00000000
v -0.14133694 0.34373325 -0.11410156 0.78431373 0.00000000 0.00000000
v -0.14065815 -0.22228800 -0.34209768 0.78431373 0.00000000 0.00000000
v -0.14058425 0.07679899 -0.38980844 0.78431373 0.00000000 0.00000000
v -0.14044908 -0.22769490 -0.16895601 0.78431373 0.00000000 0.00000000
v -0.14028292 0.21357742 -0.35950518 0.78431373 0.00000000 0.00000000
v -0.13997856 0.34026673 -0.12294066 0.78431373 0.00000000 0.00000000
v -0.13986446 0.07005032 -0.49985082 0.78431373 0.00000000 0.00000000
v -0.13983120 -0.13252118 -0.32039759 0.78431373 0.00000000 0.00000000
v -0.13931715 -0.19500153 -0.22865678 0.78431373 0.00000000 0.00000000
v -0.13870449 0.25535236 -0.29035505 0.78431373 0.00000000 0.00000000
v -0.13822253 0.26566818 -0.10177800 0.78431373 0.00000000 0.00000000
v -0.13819223 -0.30854572 -0.18763798 0.78431373 0.00000000 0.00000000
v -0.13811340 -0.27167526 -0.08546815 0.78431373 0.00000000 0.00000000
v -0.13808977 -0.14467611 -0.30576695 0.78431373 0.00000000 0.00000000
v -0.13804458 -0.17731739 -0.25973497 0.78431373 0.00000000 0.00000000
v -0.13752311 0.22521548 -0.17955748 0.78431373 0.00000000 0.00000000
v -0.13741267 0.11773100 -0.43772539 0.78431373 0.00000000 0.00000000
v -0.13731537 -0.26659218 -0.09637103 0.78431373 0.00000000 0.00000000
v -0.13632817 0.17962738 -0.49984888 0.78431373 0.00000000 0.00000000
v -0.13578135 0.22624051 -0.17948433 0.78431373 0.00000000 0.00000000
v -0.13577158 0.30231641 -0.20706556 0.78431373 0.00000000 0.00000000
v -0.13550974 -0.34756042 -0.10294192 0.78431373 0.00000000 0.00000000
v -0.13528529 -0.13852577 -0.31834620 0.78431373 0.00000000 0.00000000
v -0.13509279 0.17562928 -0.27099798 0.78431373 0.00000000 0.00000000
v -0.13505321 0.31674096 -0.17783785 0.78431373 0.00000000 0.00000000
v -0.13466812 0.26808302 -0.27154981 0.78431373 0.00000000 0.00000000
v -0.13447161 -0.19159388 -0.23934530 0.78431373 0.00000000 0.00000000
v -0.13441600 -0.24935540 -0.30143747 0.78431373 0.00000000 0.00000000
v -0.13422788 -0.16816651 -0.27795693 0.78431373 0.00000000 0.00000000
v -0.13372580 -0.01598545 -0.49985193 0.78431373 0.00000000 0.00000000
v -0.13356741 -0.17127300 -0.27448711 0.78431373 0.00000000 0.00000000
v -0.13349752 -0.27419260 -0.08595104 0.78431373 0.00000000 0.00000000
v -0.13255288 -0.31394526 -0.18332253 0.78431373 0.00000000 0.00000000
v -0.13203011 0.19487176 -0.23976340 0.78431373 0.00000000 0.00000000
v -0.13186538 -0.31225436 -0.18750582 0.78431373 0.00000000 0.00000000
v -0.13181520 0.08873617 -0.39060124 0.78431373 0.00000000 0.00000000
v -0.13120313 -0.28475084 -0.24201988 0.78431373 0.00000000 0.00000000
v -0.13114974 0.10518096 -0.37388874 0.78431373 0.00000000 0.00000000
v -0.13102900 0.11167127 -0.36707145 0.78431373 0.00000000 0.00000000
v -0.13099621 -0.28486459 -0.24203101 0.78431373 0.00000000 0.00000000
v -0.13099312 0.31733649 -0.18140939 0.78431373 0.00000000 0.00000000
v -0.13074113 0.12908544 -0.34013187 0.78431373 0.00000000 0.00000000
v -0.13029281 0.25127065 -0.30623961 0.78431373 0.00000000 0.00000000
v -0.13014958 -0.13280901 -0.33355006 0.78431373 0.00000000 0.00000000
v -0.13001058 -0.22325934 -0.49972722 0.78431373 0.00000000 0.00000000
v -0.12969993 -0.12371306 -0.49990890 0.78431373 0.00000000 0.00000000
v -0.12935082 -0.21855215 -0.19721086 0.78431373 0.00000000 0.00000000
v -0.12926517 0.34707089 -0.11392640 0.78431373 0.00000000 0.00000000
v -0.12878496 -0.13129118 -0.33754321 0.78431373 0.00000000 0.00000000
v -0.12876758 -0.18380125 -0.25829469 0.78431373 0.00000000 0.00000000
v -0.12846814 -0.14782199 -0.31468398 0.78431373 0.00000000 0.00000000
v -0.12836996 -0.23845092 -0.16154358 0.78431373 0.00000000 0.00000000
v -0.12756509 -0.23784888 -0.32864158 0.78431373 0.00000000 0.00000000
v -0.12746706 -0.11616565 -0.43807956 0.78431373 0.00000000 0.00000000
v -0.12739769 -0.09462876 -0.38981342 0.78431373 0.00000000 0.00000000
v -0.12719962 0.30765573 -0.20609391 0.78431373 0.00000000 0.00000000
v -0.12690047 0.20581392 -0.38553837 0.78431373 0.00000000 0.00000000
v -0.12683676 0.12969067 -0.34460166 0.78431373 0.00000000 0.00000000
v -0.12657373 0.24948047 -0.31286031 0.78431373 0.00000000 0.00000000
v -0.12656415 0.13159610 -0.34238240 0.78431373 0.00000000 0.00000000
v -0.12614125 -0.20337215 -0.39936275 0.78431373 0.00000000 0.00000000
v -0.12594627 0.28347492 -0.25271434 0.78431373 0.00000000 0.00000000
v -0.12592757 -0.19285860 -0.24594464 0.78431373 0.00000000 0.00000000
v -0.12557692 0.21872991 -0.36523804 0.78431373 0.00000000 0.00000000
v -0.12537372 0.12991746 -0.34627658 0.78431373 0.00000000 0.00000000
v -0.12529630 0.16152099 -0.30344423 0.78431373 0.00000000 0.00000000
v -0.12515169 0.30242953 -0.21941993 0.78431373 0.00000000 0.00000000
v -0.12478409 -0.29483798 -0.23059380 0.78431373 0.00000000 0.00000000
v -0.12439388 0.06596047 -0.43810756 0.78431373 0.00000000 0.00000000
v -0.12418369 0.16440293 -0.30103681 0.78431373 0.00000000 0.00000000
v -0.12368380 0.26448842 -0.11988285 0.78431373 0.00000000 0.00000000
v -0.12340755 -0.12129481 -0.49990407 0.78431373 0.00000000 0.00000000
v -0.12328789 0.16348108 -0.30350345 0.78431373 0.00000000 0.00000000
v -0.12286550 -0.24687305 -0.49294017 0.78431373 0.00000000 0.00000000
v -0.12269240 0.28157774 -0.08814525 0.78431373 0.00000000 0.00000000
v -0.12246809 -0.28943277 -0.24247135 0.78431373 0.00000000 0.00000000
v -0.12243023 -0.20401230 -0.23073613 0.78431373 0.00000000 0.00000000
v -0.12240761 0.12566905 -0.35706383 0.78431373 0.00000000 0.00000000
v -0.12231395 0.16850662 -0.49984678 0.78431373 0.00000000 0.00000000
v -0.12214525 0.29431171 -0.23707743 0.78431373 0.00000000 0.00000000
v -0.12172834 -0.15528966 -0.31349656 0.78431373 0.00000000 0.00000000
v -0.12152612 0.25401312 -0.31020726 0.78431373 0.00000000 0.00000000
v -0.12132964 0.29598291 -0.23422333 0.78431373 0.00000000 0.00000000
v -0.12078284 0.22336865 -0.36216032 0.78431373 0.00000000 0.00000000
v -0.12074788 -0.13086566 -0.43099860 0.78431373 0.00000000 0.00000000
v -0.12005802 -0.35130197 -0.10451796 0.78431373 0.00000000 0.00000000
v -0.11980230 -0.21981109 -0.36627916 0.78431373 0.00000000 0.00000000
v -0.11977061 0.34011310 -0.13588414 0.78431373 0.00000000 0.00000000
v -0.11943982 -0.15220005 -0.32103717 0.78431373 0.00000000 0.00000000
v -0.11938515 -0.20653818 -0.22959382 0.78431373 0.00000000 0.00000000
v -0.11927076 0.28655015 -0.25395997 0.78431373 0.00000000 0.00000000
v -0.11914576 0.28276605 -0.08972717 0.78431373 0.00000000 0.00000000
v -0.11882670 0.17029488 -0.44079785 0.78431373 0.00000000 0.00000000
v -0.11866382 -0.25380200 -0.30931221 0.78431373 0.00000000 0.00000000
v -0.11825073 0.10720130 -0.39182758 0.78431373 0.00000000 0.00000000
v -0.11792589 -0.35178706 -0.10472817 0.78431373 0.00000000 0.00000000
v -0.11766857 -0.27823136 -0.26708561 0.78431373 0.00000000 0.00000000
v -0.11763929 -0.12863721 -0.43521530 0.78431373 0.00000000 0.00000000
v -0.11756224 -0.24927446 -0.31842333 0.78431373 0.00000000 0.00000000
v -0.11696679 -0.28269557 -0.08868494 0.78431373 0.00000000 0.00000000
v -0.11686271 0.30142409 -0.22591706 0.78431373 0.00000000 0.00000000
v -0.11645102 -0.01366037 -0.49985024 0.78431373 0.00000000 0.00000000
v -0.11640841 -0.27889607 -0.26648173 0.78431373 0.00000000 0.00000000
v -0.11529513 0.06721876 -0.43818762 0.78431373 0.00000000 0.00000000
v -0.11513674 -0.12692248 -0.43810912 0.78431373 0.00000000 0.00000000
v -0.11512522 0.27535657 -0.27830769 0.78431373 0.00000000 0.00000000
v -0.11494153 0.27486061 -0.27938649 0.78431373 0.00000000 0.00000000
v -0.11450084 0.14424603 -0.43412704 0.78431373 0.00000000 0.00000000
v -0.11403907 0.31214386 -0.20394431 0.78431373 0.00000000 0.00000000
v -0.11398502 0.20742456 -0.23641277 0.78431373 0.00000000 0.00000000
v -0.11388381 0.18047933 -0.28368659 0.78431373 0.00000000 0.00000000
v -0.11385502 -0.22052941 -0.37079118 0.78431373 0.00000000 0.00000000
v -0.11374425 -0.19712598 -0.25120590 0.78431373 0.00000000 0.00000000
v -0.11363970 0.27563712 -0.27856280 0.78431373 0.00000000 0.00000000
v -0.11283065 0.21800426 -0.21867791 0.78431373 0.00000000 0.00000000
v -0.11269064 -0.12569618 -0.43809618 0.78431373 0.00000000 0.00000000
v -0.11232246 -0.12308268 -0.37184774 0.78431373 0.00000000 0.00000000
v -0.11119410 0.20795290 -0.23842695 0.78431373 0.00000000 0.00000000
v -0.11092037 0.30822733 -0.21497602 0.78431373 0.00000000 0.00000000
v -0.11082768 0.26023932 -0.14204879 0.78431373 0.00000000 0.00000000
v -0.11076796 0.06783845 -0.43816406 0.78431373 0.00000000 0.00000000
v -0.11063745 0.26323893 -0.30466538 0.78431373 0.00000000 0.00000000
v -0.11055249 0.25272495 -0.32306582 0.78431373 0.00000000 0.00000000
v -0.11021435 0.26480367 -0.48047550 0.78431373 0.00000000 0.00000000
v -0.11019635 0.12497737 -0.37510116 0.78431373 0.00000000 0.00000000
v -0.11008345 0.25290350 -0.49366212 0.78431373 0.00000000 0.00000000
v -0.10993959 -0.26567489 -0.13030549 0.78431373 0.00000000 0.00000000
v -0.10967826 0.31595597 -0.19787135 0.78431373 0.00000000 0.00000000
v -0.10913010 -0.25830380 -0.31087493 0.78431373 0.00000000 0.00000000
v -0.10900404 -0.01696758 -0.43807464 0.78431373 0.00000000 0.00000000
v -0.10870596 0.25802363 -0.31600944 0.78431373 0.00000000 0.00000000
v -0.10820623 0.21199409 -0.23435484 0.78431373 0.00000000 0.00000000
v -0.10817955 0.24411841 -0.24859559 0.78431373 0.00000000 0.00000000
v -0.10795031 -0.29344627 -0.24265664 0.78431373 0.00000000 0.00000000
v -0.10754863 0.26154534 -0.45198823 0.78431373 0.00000000 0.00000000
v -0.10745403 -0.25439208 -0.31947064 0.78431373 0.00000000 0.00000000
v -0.10740153 -0.11325926 -0.49989077 0.78431373 0.00000000 0.00000000
v -0.10733614 0.35338427 -0.11303092 0.78431373 0.00000000 0.00000000
v -0.10697605 -0.25983715 -0.45288848 0.78431373 0.00000000 0.00000000
v -0.10689838 0.26269344 -0.14161679 0.78431373 0.00000000 0.00000000
v -0.10659303 0.14630074 -0.34947367 0.78431373 0.00000000 0.00000000
v -0.10638612 -0.12765603 -0.40571229 0.78431373 0.00000000 0.00000000
v -0.10618120 0.25349052 -0.32570825 0.78431373 0.00000000 0.00000000
v -0.10606308 0.14956823 -0.43495317 0.78431373 0.00000000 0.00000000
v -0.10585033 -0.25617296 -0.15202026 0.78431373 0.00000000 0.00000000
v -0.10563579 0.25845449 -0.15095009 0.78431373 0.00000000 0.00000000
v -0.10533151 -0.25644505 -0.15176245 0.78431373 0.00000000 0.00000000
v -0.10528091 -0.22067313 -0.37878832 0.78431373 0.00000000 0.00000000
v -0.10521675 -0.29413682 -0.24268175 0.78431373 0.00000000 0.00000000
v -0.10476557 -0.01689392 -0.43807876 0.78431373 0.00000000 0.00000000
v -0.10471633 0.14651024 -0.42877445 0.78431373 0.00000000 0.00000000
v -0.10459949 0.12343397 -0.38529366 0.78431373 0.00000000 0.00000000
v -0.10452934 0.19477395 -0.26807145 0.78431373 0.00000000 0.00000000
v -0.10444115 0.14331405 -0.42335921 0.78431373 0.00000000 0.00000000
v -0.10441059 -0.26608267 -0.47457200 0.78431373 0.00000000 0.00000000
v -0.10438116 0.07492560 -0.49984735 0.78431373 0.00000000 0.00000000
v -0.10435822 -0.24716689 -0.33534744 0.78431373 0.00000000 0.00000000
v -0.10395444 0.31560197 -0.20230048 0.78431373 0.00000000 0.00000000
v -0.10330981 0.14575758 -0.43790904 0.78431373 0.00000000 0.00000000
v -0.10319775 -0.13733793 -0.43813774 0.78431373 0.00000000 0.00000000
v -0.10230604 -0.21963375 -0.38338544 0.78431373 0.00000000 0.00000000
v -0.10229752 -0.12281178 -0.39262209 0.78431373 0.00000000 0.00000000
v -0.10202690 -0.14844951 -0.43066513 0.78431373 0.00000000 0.00000000
v -0.10174111 0.28541022 -0.09462457 0.78431373 0.00000000 0.00000000
v -0.10154174 0.22100799 -0.22527194 0.78431373 0.00000000 0.00000000
v -0.10145530 0.24441921 -0.18185291 0.78431373 0.00000000 0.00000000
v -0.10139964 -0.28623769 -0.09021982 0.78431373 0.00000000 0.00000000
v -0.10121973 0.32335017 -0.18609186 0.78431373 0.00000000 0.00000000
v -0.10117479 -0.12158567 -0.38950184 0.78431373 0.00000000 0.00000000
v -0.10041181 0.12309318 -0.39446332 0.78431373 0.00000000 0.00000000
v -0.10023451 0.24243764 -0.34916970 0.78431373 0.00000000 0.00000000
v -0.10004302 0.24246965 -0.34928795 0.78431373 0.00000000 0.00000000
v -0.09872561 -0.32350052 -0.18278025 0.78431373 0.00000000 0.00000000
v -0.09867035 -0.12416022 -0.38947208 0.78431373 0.00000000 0.00000000
v -0.09855935 0.25485700 -0.16223054 0.78431373 0.00000000 0.00000000
v -0.09843171 -0.23017480 -0.41197650 0.78431373 0.00000000 0.00000000
v -0.09834074 0.33154157 -0.16899827 0.78431373 0.00000000 0.00000000
v -0.09820307 0.26909774 -0.29987277 0.78431373 0.00000000 0.00000000
v -0.09773925 -0.23337041 -0.36478986 0.78431373 0.00000000 0.00000000
v -0.09754055 0.22132341 -0.39863893 0.78431373 0.00000000 0.00000000
v -0.09735426 -0.23541125 -0.41742146 0.78431373 0.00000000 0.00000000
v -0.09698148 0.14986217 -0.35288750 0.78431373 0.00000000 0.00000000
v -0.09650943 0.22781431 -0.21841352 0.78431373 0.00000000 0.00000000
v -0.09636564 -0.15831606 -0.33431215 0.78431373 0.00000000 0.00000000
v -0.09592800 -0.28432546 -0.26719880 0.78431373 0.00000000 0.00000000
v -0.09530508 -0.21758005 -0.39494972 0.78431373 0.00000000 0.00000000
v -0.09521555 0.13459240 -0.38080220 0.78431373 0.00000000 0.00000000
v -0.09520498 0.05717201 -0.43807097 0.78431373 0.00000000 0.00000000
v -0.09506328 -0.21704668 -0.39447033 0.78431373 0.00000000 0.00000000
v -0.09500526 -0.35572938 -0.11021216 0.78431373 0.00000000 0.00000000
v -0.09496329 0.34431709 -0.14164548 0.78431373 0.00000000 0.00000000
v -0.09474729 -0.24374463 -0.42751061 0.78431373 0.00000000 0.00000000
v -0.09442274 -0.26024632 -0.15025589 0.78431373 0.00000000 0.00000000
v -0.09433383 0.22279607 -0.22934027 0.78431373 0.00000000 0.00000000
v -0.09431511 0.22284783 -0.22926861 0.78431373 0.00000000 0.00000000
v -0.09429943 0.22281234 -0.22934618 0.78431373 0.00000000 0.00000000
v -0.09429301 0.22279781 -0.22937793 0.78431373 0.00000000 0.00000000
v -0.09428251 0.24648399 -0.18166366 0.78431373 0.00000000 0.00000000
v -0.09421962 0.22263170 -0.22974099 0.78431373 0.00000000 0.00000000
v -0.09420515 -0.26394299 -0.14284302 0.78431373 0.00000000 0.00000000
v -0.09371242 0.14055968 -0.49984234 0.78431373 0.00000000 0.00000000
v -0.09369561 -0.35546321 -0.11177075 0.78431373 0.00000000 0.00000000
v -0.09360727 -0.22772459 -0.21703337 0.78431373 0.00000000 0.00000000
v -0.09335379 0.06737983 -0.49984645 0.78431373 0.00000000 0.00000000
v -0.09325425 -0.22690430 -0.21890798 0.78431373 0.00000000 0.00000000
v -0.09315059 -0.33907030 -0.15155242 0.78431373 0.00000000 0.00000000
v -0.09302573 0.29184730 -0.25779493 0.78431373 0.00000000 0.00000000
v -0.09302479 -0.15880059 -0.33690942 0.78431373 0.00000000 0.00000000
v -0.09225392 0.25392087 -0.33174237 0.78431373 0.00000000 0.00000000
v -0.09159743 -0.22782448 -0.21798011 0.78431373 0.00000000 0.00000000
v -0.09156639 -0.26561884 -0.14071451 0.78431373 0.00000000 0.00000000
v -0.09146087 -0.17856964 -0.30521836 0.78431373 0.00000000 0.00000000
v -0.09142238 0.22873208 -0.21939172 0.78431373 0.00000000 0.00000000
v -0.09140645 0.22696302 -0.38246518 0.78431373 0.00000000 0.00000000
v -0.09129292 0.12713770 -0.43811610 0.78431373 0.00000000 0.00000000
v -0.09109446 -0.21952011 -0.39434713 0.78431373 0.00000000 0.00000000
v -0.09090285 0.31638240 -0.20872530 0.78431373 0.00000000 0.00000000
v -0.09047743 0.27361899 -0.19183875 0.78431373 0.00000000 0.00000000
v -0.09044714 0.13549131 -0.49984178 0.78431373 0.00000000 0.00000000
v -0.09021283 0.18589239 -0.29784813 0.78431373 0.00000000 0.00000000
v -0.09008301 -0.20420776 -0.26345438 0.78431373 0.00000000 0.00000000
v -0.08967101 0.34189309 -0.15053158 0.78431373 0.00000000 0.00000000
v -0.08939163 -0.18109312 -0.30308314 0.78431373 0.00000000 0.00000000
v -0.08929682 0.21148981 -0.25409348 0.78431373 0.00000000 0.00000000
v -0.08923152 -0.15942471 -0.33991561 0.78431373 0.00000000 0.00000000
v -0.08906803 0.15514172 -0.35167582 0.78431373 0.00000000 0.00000000
v -0.08866660 0.21006340 -0.25721116 0.78431373 0.00000000 0.00000000
v -0.08828354 -0.34197318 -0.14760236 0.78431373 0.00000000 0.00000000
v -0.08721077 0.19217671 -0.35634687 0.78431373 0.00000000 0.00000000
v -0.08651139 0.23816689 -0.20293792 0.78431373 0.00000000 0.00000000
v -0.08641332 0.27924071 -0.28627430 0.78431373 0.00000000 0.00000000
v -0.08636780 0.21130642 -0.25604165 0.78431373 0.00000000 0.00000000
v -0.08575383 -0.25186233 -0.43513480 0.78431373 0.00000000 0.00000000
v -0.08573274 -0.32722201 -0.18245769 0.78431373 0.00000000 0.00000000
v -0.08550374 -0.18593292 -0.29905811 0.78431373 0.00000000 0.00000000
v -0.08523711 -0.23967185 -0.35915001 0.78431373 0.00000000 0.00000000
v -0.08523119 -0.20662100 -0.26434759 0.78431373 0.00000000 0.00000000
v -0.08516034 -0.26294743 -0.15005013 0.78431373 0.00000000 0.00000000
v -0.08503725 -0.20781102 -0.26254189 0.78431373 0.00000000 0.00000000
v -0.08474428 -0.20687202 -0.26444431 0.78431373 0.00000000 0.00000000
v -0.08429147 -0.25299301 -0.43638264 0.78431373 0.00000000 0.00000000
v -0.08422582 0.11616081 -0.43806804 0.78431373 0.00000000 0.00000000
v -0.08351436 -0.26916862 -0.23831461 0.78431373 0.00000000 0.00000000
v -0.08321377 -0.27585817 -0.12335835 0.78431373 0.00000000 0.00000000
v -0.08318406 -0.01398743 -0.43809915 0.78431373 0.00000000 0.00000000
v -0.08304379 -0.26556896 -0.31110306 0.78431373 0.00000000 0.00000000
v -0.08272077 -0.11064229 -0.43812195 0.78431373 0.00000000 0.00000000
v -0.08267124 -0.26096386 -0.32033478 0.78431373 0.00000000 0.00000000
v -0.08265317 -0.20743770 -0.26444921 0.78431373 0.00000000 0.00000000
v -0.08244516 0.27111222 -0.30447645 0.78431373 0.00000000 0.00000000
v -0.08184848 -0.26117108 -0.32036034 0.78431373 0.00000000 0.00000000
v -0.08183474 -0.16567742 -0.33725766 0.78431373 0.00000000 0.00000000
v -0.08160377 0.12176491 -0.49984201 0.78431373 0.00000000 0.00000000
v -0.08146124 0.19177128 -0.29631741 0.78431373 0.00000000 0.00000000
v -0.08083411 0.19233591 -0.29595758 0.78431373 0.00000000 0.00000000
v -0.08074892 -0.20792688 -0.26443289 0.78431373 0.00000000 0.00000000
v -0.08067292 0.19197107 -0.29675498 0.78431373 0.00000000 0.00000000
v -0.08026019 0.24116786 -0.36142906 0.78431373 0.00000000 0.00000000
v -0.08023125 0.14107113 -0.39744506 0.78431373 0.00000000 0.00000000
v -0.07980215 -0.29094017 -0.09281479 0.78431373 0.00000000 0.00000000
v -0.07975784 -0.29113642 -0.09240994 0.78431373 0.00000000 0.00000000
v -0.07963709 0.36231475 -0.10969576 0.78431373 0.00000000 0.00000000
v -0.07936800 -0.26306533 -0.31804813 0.78431373 0.00000000 0.00000000
v -0.07931544 -0.29134819 -0.09220933 0.78431373 0.00000000 0.00000000
v -0.07929966 -0.18942128 -0.29979995 0.78431373 0.00000000 0.00000000
v -0.07918177 -0.35226076 -0.12852459 0.78431373 0.00000000 0.00000000
v -0.07910908 0.18843159 -0.30449113 0.78431373 0.00000000 0.00000000
v -0.07886096 -0.24203066 -0.35789191 0.78431373 0.00000000 0.00000000
v -0.07806873 0.25389810 -0.17564575 0.78431373 0.00000000 0.00000000
v -0.07785691 0.10627648 -0.43807654 0.78431373 0.00000000 0.00000000
v -0.07762526 0.31672595 -0.21508142 0.78431373 0.00000000 0.00000000
v -0.07718542 0.25362862 -0.17668836 0.78431373 0.00000000 0.00000000
v -0.07684023 0.29279989 -0.09366539 0.78431373 0.00000000 0.00000000
v -0.07682466 -0.26155478 -0.49293146 0.78431373 0.00000000 0.00000000
v -0.07668880 0.25382567 -0.17653921 0.78431373 0.00000000 0.00000000
v -0.07667406 0.25347262 -0.17729194 0.78431373 0.00000000 0.00000000
v -0.07652249 -0.29016708 -0.26651189 0.78431373 0.00000000 0.00000000
v -0.07627321 0.24637149 -0.19196812 0.78431373 0.00000000 0.00000000
v -0.07611704 -0.26814643 -0.48415738 0.78431373 0.00000000 0.00000000
v -0.07608197 -0.19024082 -0.29990254 0.78431373 0.00000000 0.00000000
v -0.07605235 -0.26911563 -0.48285000 0.78431373 0.00000000 0.00000000
v -0.07589482 -0.30366837 -0.23846943 0.78431373 0.00000000 0.00000000
v -0.07586053 -0.26572777 -0.31477538 0.78431373 0.00000000 0.00000000
v -0.07579915 0.19196618 -0.29941247 0.78431373 0.00000000 0.00000000
v -0.07556382 -0.24994923 -0.49788920 0.78431373 0.00000000 0.00000000
v -0.07551064 -0.29076438 -0.26590243 0.78431373 0.00000000 0.00000000
v -0.07519924 0.27472365 -0.30129424 0.78431373 0.00000000 0.00000000
v -0.07515545 -0.27367687 -0.47391760 0.78431373 0.00000000 0.00000000
v -0.07508040 -0.26579305 -0.31508007 0.78431373 0.00000000 0.00000000
v -0.07490398 0.27656581 -0.46836126 0.78431373 0.00000000 0.00000000
v -0.07481024 -0.24411048 -0.49988441 0.78431373 0.00000000 0.00000000
v -0.07427620 0.16961812 -0.43806539 0.78431373 0.00000000 0.00000000
v -0.07406889 -0.24053252 -0.49993716 0.78431373 0.00000000 0.00000000
v -0.07373772 0.32863316 -0.19119617 0.78431373 0.00000000 0.00000000
v -0.07366415 -0.17135869 -0.33639521 0.78431373 0.00000000 0.00000000
v -0.07349847 0.29029438 -0.10126087 0.78431373 0.00000000 0.00000000
v -0.07306598 0.29009075 -0.10197745 0.78431373 0.00000000 0.00000000
v -0.07302965 -0.24420447 -0.35674599 0.78431373 0.00000000 0.00000000
v -0.07301809 -0.29055831 -0.26768856 0.78431373 0.00000000 0.00000000
v -0.07295752 0.16327861 -0.34884753 0.78431373 0.00000000 0.00000000
v -0.07279379 -0.27214016 -0.46442926 0.78431373 0.00000000 0.00000000
v -0.07274409 0.24078960 -0.36604376 0.78431373 0.00000000 0.00000000
v -0.07241911 0.04158532 -0.43809681 0.78431373 0.00000000 0.00000000
v -0.07240971 0.29603202 -0.26076059 0.78431373 0.00000000 0.00000000
v -0.07228036 0.29072694 -0.10105699 0.78431373 0.00000000 0.00000000
v -0.07127308 -0.11272180 -0.49987040 0.78431373 0.00000000 0.00000000
v -0.07099848 0.25297103 -0.34394962 0.78431373 0.00000000 0.00000000
v -0.07088745 -0.22544029 -0.49993214 0.78431373 0.00000000 0.00000000
v -0.07042780 -0.22326063 -0.49993069 0.78431373 0.00000000 0.00000000
v -0.07029257 -0.16055231 -0.35828920 0.78431373 0.00000000 0.00000000
v -0.07010875 0.27243407 -0.30806591 0.78431373 0.00000000 0.00000000
v -0.06992930 -0.27004333 -0.45316198 0.78431373 0.00000000 0.00000000
v -0.06979527 -0.11045073 -0.43813452 0.78431373 0.00000000 0.00000000
v -0.06955727 0.12013052 -0.49984099 0.78431373 0.00000000 0.00000000
v -0.06950425 -0.33192169 -0.10231171 0.78431373 0.00000000 0.00000000
v -0.06946249 -0.01030442 -0.43811169 0.78431373 0.00000000 0.00000000
v -0.06912808 0.10509453 -0.43808533 0.78431373 0.00000000 0.00000000
v -0.06894878 -0.00091751 -0.49984548 0.78431373 0.00000000 0.00000000
v -0.06864059 -0.26761668 -0.44962933 0.78431373 0.00000000 0.00000000
v -0.06811388 -0.16570573 -0.42964066 0.78431373 0.00000000 0.00000000
v -0.06639742 -0.23585295 -0.21603462 0.78431373 0.00000000 0.00000000
v -0.06613236 0.25917245 -0.33476588 0.78431373 0.00000000 0.00000000
v -0.06605725 0.20270893 -0.28380398 0.78431373 0.00000000 0.00000000
v -0.06593888 0.20249571 -0.28428314 0.78431373 0.00000000 0.00000000
v -0.06575047 0.20269691 -0.28399405 0.78431373 0.00000000 0.00000000
v -0.06565910 0.35443627 -0.13656948 0.78431373 0.00000000 0.00000000
v -0.06541228 0.29660301 -0.09231582 0.78431373 0.00000000 0.00000000
v -0.06534088 -0.10529839 -0.49986303 0.78431373 0.00000000 0.00000000
v -0.06531583 -0.14460120 -0.39060657 0.78431373 0.00000000 0.00000000
v -0.06482723 0.29676244 -0.09232462 0.78431373 0.00000000 0.00000000
v -0.06462642 0.36693204 -0.10783882 0.78431373 0.00000000 0.00000000
v -0.06431068 0.26504029 -0.15952421 0.78431373 0.00000000 0.00000000
v -0.06421370 0.22367227 -0.30695110 0.78431373 0.00000000 0.00000000
v -0.06418151 0.25272637 -0.34794925 0.78431373 0.00000000 0.00000000
v -0.06385463 0.21996900 -0.25141912 0.78431373 0.00000000 0.00000000
v -0.06379954 0.03830961 -0.43810597 0.78431373 0.00000000 0.00000000
v -0.06350524 0.29771043 -0.26202123 0.78431373 0.00000000 0.00000000
v -0.06323882 0.03809635 -0.43810599 0.78431373 0.00000000 0.00000000
v -0.06155726 0.05528557 -0.49984367 0.78431373 0.00000000 0.00000000
v -0.06003916 0.19160011 -0.30799230 0.78431373 0.00000000 0.00000000
v -0.05992596 0.23214229 -0.22986899 0.78431373 0.00000000 0.00000000
v -0.05960723 -0.01423453 -0.43812221 0.78431373 0.00000000 0.00000000
v -0.05944472 0.33812592 -0.17823913 0.78431373 0.00000000 0.00000000
v -0.05878057 -0.10929695 -0.43814500 0.78431373 0.00000000 0.00000000
v -0.05863643 -0.20367697 -0.28366323 0.78431373 0.00000000 0.00000000
v -0.05834300 0.29544427 -0.09858582 0.78431373 0.00000000 0.00000000
v -0.05828928 -0.20946212 -0.46130076 0.78431373 0.00000000 0.00000000
v -0.05800679 0.28728177 -0.28587093 0.78431373 0.00000000 0.00000000
v -0.05793069 -0.00531331 -0.49984452 0.78431373 0.00000000 0.00000000
v -0.05748941 -0.25423635 -0.42876127 0.78431373 0.00000000 0.00000000
v -0.05695796 -0.36206497 -0.11879079 0.78431373 0.00000000 0.00000000
v -0.05690640 0.36889021 -0.10792272 0.78431373 0.00000000 0.00000000
v -0.05659487 -0.30145681 -0.25359906 0.78431373 0.00000000 0.00000000
v -0.05598162 -0.25122272 -0.49993803 0.78431373 0.00000000 0.00000000
v -0.05597005 -0.23521363 -0.22330670 0.78431373 0.00000000 0.00000000
v -0.05583310 -0.15838850 -0.36966971 0.78431373 0.00000000 0.00000000
v -0.05548868 -0.08396971 -0.49984583 0.78431373 0.00000000 0.00000000
v -0.05489154 -0.15796328 -0.37094180 0.78431373 0.00000000 0.00000000
v -0.05487536 0.27351842 -0.31352076 0.78431373 0.00000000 0.00000000
v -0.05470176 -0.34140374 -0.16990902 0.78431373 0.00000000 0.00000000
v -0.05442745 0.36994372 -0.10689024 0.78431373 0.00000000 0.00000000
v -0.05411748 0.36854665 -0.11057447 0.78431373 0.00000000 0.00000000
v -0.05372693 -0.30343058 -0.08053879 0.78431373 0.00000000 0.00000000
v -0.05355221 -0.09012476 -0.43814567 0.78431373 0.00000000 0.00000000
v -0.05337026 0.36517883 -0.11945581 0.78431373 0.00000000 0.00000000
v -0.05317755 0.32213771 -0.21687655 0.78431373 0.00000000 0.00000000
v -0.05306873 0.03521368 -0.43810606 0.78431373 0.00000000 0.00000000
v -0.05282113 -0.20793593 -0.27820600 0.78431373 0.00000000 0.00000000
v -0.05281318 0.27988563 -0.13437702 0.78431373 0.00000000 0.00000000
v -0.05274445 0.35891650 -0.13434472 0.78431373 0.00000000 0.00000000
v -0.05184022 -0.11158181 -0.43815230 0.78431373 0.00000000 0.00000000
v -0.05141369 0.34559992 -0.16600533 0.78431373 0.00000000 0.00000000
v -0.05102100 -0.07429614 -0.49984522 0.78431373 0.00000000 0.00000000
v -0.05070626 0.22261109 -0.25342222 0.78431373 0.00000000 0.00000000
v -0.05040611 0.16727907 -0.35676936 0.78431373 0.00000000 0.00000000
v -0.05015293 0.33298379 -0.19600062 0.78431373 0.00000000 0.00000000
v -0.04970760 0.28742888 -0.29009905 0.78431373 0.00000000 0.00000000
v -0.04949403 0.23485698 -0.23025497 0.78431373 0.00000000 0.00000000
v -0.04937747 -0.20682533 -0.49990996 0.78431373 0.00000000 0.00000000
v -0.04917794 -0.08465093 -0.43814358 0.78431373 0.00000000 0.00000000
v -0.04917240 -0.17074549 -0.49989002 0.78431373 0.00000000 0.00000000
v -0.04913654 -0.34379604 -0.16762270 0.78431373 0.00000000 0.00000000
v -0.04868897 -0.36459920 -0.11784866 0.78431373 0.00000000 0.00000000
v -0.04857081 -0.36156361 -0.12522604 0.78431373 0.00000000 0.00000000
v -0.04789472 -0.34419393 -0.16743958 0.78431373 0.00000000 0.00000000
v -0.04780241 -0.34182245 -0.17320297 0.78431373 0.00000000 0.00000000
v -0.04768550 0.32278628 -0.21845563 0.78431373 0.00000000 0.00000000
v -0.04735168 -0.16783870 -0.43816969 0.78431373 0.00000000 0.00000000
v -0.04723308 0.17463753 -0.43805970 0.78431373 0.00000000 0.00000000
v -0.04720616 0.26043114 -0.17842849 0.78431373 0.00000000 0.00000000
v -0.04672328 -0.29326770 -0.27622835 0.78431373 0.00000000 0.00000000
v -0.04652478 0.22322754 -0.25449468 0.78431373 0.00000000 0.00000000
v -0.04604211 -0.06482552 -0.49984456 0.78431373 0.00000000 0.00000000
v -0.04562198 -0.17516354 -0.43156042 0.78431373 0.00000000 0.00000000
v -0.04521981 -0.26780663 -0.32637225 0.78431373 0.00000000 0.00000000
v -0.04507875 -0.24548122 -0.20860552 0.78431373 0.00000000 0.00000000
v -0.04504251 -0.07569735 -0.43814041 0.78431373 0.00000000 0.00000000
v -0.04486902 -0.20842468 -0.28117697 0.78431373 0.00000000 0.00000000
v -0.04470287 0.23973456 -0.38258778 0.78431373 0.00000000 0.00000000
v -0.04463560 -0.27407317 -0.14880195 0.78431373 0.00000000 0.00000000
v -0.04451966 0.27852630 -0.14169615 0.78431373 0.00000000 0.00000000
v -0.04393545 0.28746031 -0.29287407 0.78431373 0.00000000 0.00000000
v -0.04369127 0.27709893 -0.48988659 0.78431373 0.00000000 0.00000000
v -0.04364506 0.26227222 -0.43116391 0.78431373 0.00000000 0.00000000
v -0.04350356 -0.17281534 -0.43505849 0.78431373 0.00000000 0.00000000
v -0.04315970 0.36491153 -0.11967859 0.78431373 0.00000000 0.00000000
v -0.04305840 -0.15329520 -0.38821344 0.78431373 0.00000000 0.00000000
v -0.04283552 -0.30565201 -0.25220786 0.78431373 0.00000000 0.00000000
v -0.04282745 -0.15949611 -0.40474165 0.78431373 0.00000000 0.00000000
v -0.04208736 0.29964999 -0.26940199 0.78431373 0.00000000 0.00000000
v -0.04196764 0.19229435 -0.31570817 0.78431373 0.00000000 0.00000000
v -0.04176787 -0.15221868 -0.39122968 0.78431373 0.00000000 0.00000000
v -0.04153881 -0.27280691 -0.49292479 0.78431373 0.00000000 0.00000000
v -0.04113976 -0.29330296 -0.27918114 0.78431373 0.00000000 0.00000000
v -0.04102780 -0.23388284 -0.23328773 0.78431373 0.00000000 0.00000000
v -0.04095221 0.27308515 -0.26067480 0.78431373 0.00000000 0.00000000
v -0.04093460 -0.16907787 -0.43707528 0.78431373 0.00000000 0.00000000
v -0.04088063 -0.16889062 -0.43718070 0.78431373 0.00000000 0.00000000
v -0.04085942 0.20134427 -0.29902046 0.78431373 0.00000000 0.00000000
v -0.04063444 -0.16786876 -0.43815351 0.78431373 0.00000000 0.00000000
v -0.04051868 -0.10949867 -0.49985155 0.78431373 0.00000000 0.00000000
v -0.04048952 -0.08374179 -0.43814257 0.78431373 0.00000000 0.00000000
v -0.04039248 -0.28786104 -0.29106760 0.78431373 0.00000000 0.00000000
v -0.04026860 0.29213335 -0.28595371 0.78431373 0.00000000 0.00000000
v -0.04017225 -0.16656886 -0.43816627 0.78431373 0.00000000 0.00000000
v -0.03999576 0.28750778 -0.29482893 0.78431373 0.00000000 0.00000000
v -0.03979239 -0.17761488 -0.43205800 0.78431373 0.00000000 0.00000000
v -0.03971052 -0.16527626 -0.43816133 0.78431373 0.00000000 0.00000000
v -0.03946317 -0.24791972 -0.20660977 0.78431373 0.00000000 0.00000000
v -0.03931511 -0.26883787 -0.32741374 0.78431373 0.00000000 0.00000000
v -0.03924869 0.27484243 -0.31913033 0.78431373 0.00000000 0.00000000
v -0.03902360 0.36047720 -0.13007169 0.78431373 0.00000000 0.00000000
v -0.03897688 0.30321689 -0.09258290 0.78431373 0.00000000 0.00000000
v -0.03861519 0.30026003 -0.09901495 0.78431373 0.00000000 0.00000000
v -0.03858442 -0.14107410 -0.49986783 0.78431373 0.00000000 0.00000000
v -0.03839725 -0.27873024 -0.45339478 0.78431373 0.00000000 0.00000000
v -0.03837405 -0.29963161 -0.09731067 0.78431373 0.00000000 0.00000000
v -0.03835346 0.25966518 -0.34825140 0.78431373 0.00000000 0.00000000
v -0.03816111 0.28508993 -0.47091168 0.78431373 0.00000000 0.00000000
v -0.03810867 -0.24753591 -0.36811379 0.78431373 0.00000000 0.00000000
v -0.03788135 0.26037593 -0.49983842 0.78431373 0.00000000 0.00000000
v -0.03786767 -0.28335622 -0.47308353 0.78431373 0.00000000 0.00000000
v -0.03757197 0.28528463 -0.13116760 0.78431373 0.00000000 0.00000000
v -0.03747941 0.23554636 -0.39424424 0.78431373 0.00000000 0.00000000
v -0.03740082 0.23552309 -0.39439575 0.78431373 0.00000000 0.00000000
v -0.03738729 0.23579850 -0.39473131 0.78431373 0.00000000 0.00000000
v -0.03732299 -0.23366314 -0.39461944 0.78431373 0.00000000 0.00000000
v -0.03729362 0.28326175 -0.47518965 0.78431373 0.00000000 0.00000000
v -0.03699181 0.24125867 -0.40167117 0.78431373 0.00000000 0.00000000
v -0.03695602 0.28495966 -0.47118267 0.78431373 0.00000000 0.00000000
v -0.03693591 0.23563286 -0.39436295 0.78431373 0.00000000 0.00000000
v -0.03693003 0.28648344 -0.12898309 0.78431373 0.00000000 0.00000000
v -0.03690851 0.28506998 -0.47074299 0.78431373 0.00000000 0.00000000
v -0.03687254 0.21022369 -0.28409734 0.78431373 0.00000000 0.00000000
v -0.03669455 0.27701658 -0.48987339 0.78431373 0.00000000 0.00000000
v -0.03668047 0.27184479 -0.44119458 0.78431373 0.00000000 0.00000000
v -0.03664197 0.27730225 -0.44825251 0.78431373 0.00000000 0.00000000
v -0.03647017 -0.26878865 -0.32749978 0.78431373 0.00000000 0.00000000
v -0.03597007 0.16865581 -0.36374426 0.78431373 0.00000000 0.00000000
v -0.03595232 0.10059385 -0.43808401 0.78431373 0.00000000 0.00000000
v -0.03549648 -0.27817696 -0.14508889 0.78431373 0.00000000 0.00000000
v -0.03548181 -0.07736667 -0.43814015 0.78431373 0.00000000 0.00000000
v -0.03545510 0.25991421 -0.34753774 0.78431373 0.00000000 0.00000000
v -0.03525787 -0.10214598 -0.49984458 0.78431373 0.00000000 0.00000000
v -0.03515192 0.30334074 -0.09243724 0.78431373 0.00000000 0.00000000
v -0.03506109 -0.36586250 -0.11431207 0.78431373 0.00000000 0.00000000
v -0.03497935 -0.10179132 -0.49984423 0.78431373 0.00000000 0.00000000
v -0.03479991 -0.18598859 -0.32879793 0.78431373 0.00000000 0.00000000
v -0.03478781 0.29863045 -0.27134284 0.78431373 0.00000000 0.00000000
v -0.03460694 0.26099164 -0.49944087 0.78431373 0.00000000 0.00000000
v -0.03450796 0.26024271 -0.49981570 0.78431373 0.00000000 0.00000000
v -0.03446026 0.25990534 -0.49982560 0.78431373 0.00000000 0.00000000
v -0.03427888 -0.27842687 -0.14452390 0.78431373 0.00000000 0.00000000
v -0.03424021 0.25944319 -0.49983793 0.78431373 0.00000000 0.00000000
v -0.03412177 0.26352526 -0.17892391 0.78431373 0.00000000 0.00000000
v -0.03410238 -0.24957995 -0.41480003 0.78431373 0.00000000 0.00000000
v -0.03407925 0.27371354 -0.32088326 0.78431373 0.00000000 0.00000000
v -0.03382918 -0.11751303 -0.43815268 0.78431373 0.00000000 0.00000000
v -0.03380665 0.35695874 -0.13823976 0.78431373 0.00000000 0.00000000
v -0.03356009 0.27552869 -0.44597719 0.78431373 0.00000000 0.00000000
v -0.03336423 0.17611439 -0.43002404 0.78431373 0.00000000 0.00000000
v -0.03326130 0.17596838 -0.42881529 0.78431373 0.00000000 0.00000000
v -0.03307436 0.17646221 -0.43217628 0.78431373 0.00000000 0.00000000
v -0.03288289 -0.18617441 -0.32942390 0.78431373 0.00000000 0.00000000
v -0.03275818 0.27761841 -0.44882284 0.78431373 0.00000000 0.00000000
v -0.03267907 -0.25717081 -0.19186831 0.78431373 0.00000000 0.00000000
v -0.03262096 -0.17769282 -0.43159277 0.78431373 0.00000000 0.00000000
v -0.03247455 0.27675359 -0.44766805 0.78431373 0.00000000 0.00000000
v -0.03229382 -0.23730485 -0.39854791 0.78431373 0.00000000 0.00000000
v -0.03215824 0.17504460 -0.43805863 0.78431373 0.00000000 0.00000000
v -0.03203229 0.15898796 -0.39424402 0.78431373 0.00000000 0.00000000
v -0.03202196 0.15858402 -0.39360819 0.78431373 0.00000000 0.00000000
v -0.03201300 0.17227477 -0.43806105 0.78431373 0.00000000 0.00000000
v -0.03200436 0.15858011 -0.39342938 0.78431373 0.00000000 0.00000000
v -0.03198301 0.15860878 -0.39325657 0.78431373 0.00000000 0.00000000
v -0.03172856 0.23947235 -0.23092732 0.78431373 0.00000000 0.00000000
v -0.03161305 -0.25030577 -0.20582001 0.78431373 0.00000000 0.00000000
v -0.03136927 0.15882112 -0.39355625 0.78431373 0.00000000 0.00000000
v -0.03130762 0.23947756 -0.23114589 0.78431373 0.00000000 0.00000000
v -0.03128752 0.36064664 -0.12935461 0.78431373 0.00000000 0.00000000
v -0.03119495 0.23959787 -0.23097301 0.78431373 0.00000000 0.00000000
v -0.03118398 0.23947729 -0.23120825 0.78431373 0.00000000 0.00000000
v -0.03117832 -0.02557601 -0.43812344 0.78431373 0.00000000 0.00000000
v -0.03084676 0.23942610 -0.23132666 0.78431373 0.00000000 0.00000000
v -0.03077847 -0.24833803 -0.41322971 0.78431373 0.00000000 0.00000000
v -0.03076132 -0.10609557 -0.43814882 0.78431373 0.00000000 0.00000000
v -0.03064249 -0.11275137 -0.49984785 0.78431373 0.00000000 0.00000000
v -0.03013325 0.23306840 -0.47341066 0.78431373 0.00000000 0.00000000
v -0.02996044 0.13306847 -0.43807326 0.78431373 0.00000000 0.00000000
v -0.02989963 0.22536960 -0.25872872 0.78431373 0.00000000 0.00000000
v -0.02958595 0.28616643 -0.29656628 0.78431373 0.00000000 0.00000000
v -0.02943660 -0.15620770 -0.39155598 0.78431373 0.00000000 0.00000000
v -0.02904227 -0.23375040 -0.23946520 0.78431373 0.00000000 0.00000000
v -0.02899770 -0.35555446 -0.13917060 0.78431373 0.00000000 0.00000000
v -0.02893311 -0.29593939 -0.10547264 0.78431373 0.00000000 0.00000000
v -0.02882436 0.21355857 -0.28176902 0.78431373 0.00000000 0.00000000
v -0.02873744 -0.29115596 -0.28401905 0.78431373 0.00000000 0.00000000
v -0.02808247 0.30079403 -0.09819485 0.78431373 0.00000000 0.00000000
v -0.02774142 -0.04279000 -0.43812859 0.78431373 0.00000000 0.00000000
v -0.02757335 0.19981701 -0.30857527 0.78431373 0.00000000 0.00000000
v -0.02718407 0.36449330 -0.12002716 0.78431373 0.00000000 0.00000000
v -0.02692590 -0.12944521 -0.43814582 0.78431373 0.00000000 0.00000000
v -0.02682995 0.19165129 -0.32450450 0.78431373 0.00000000 0.00000000
v -0.02671245 -0.17448806 -0.42565395 0.78431373 0.00000000 0.00000000
v -0.02634701 0.04530440 -0.49984052 0.78431373 0.00000000 0.00000000
v -0.02606150 0.16254840 -0.37987049 0.78431373 0.00000000 0.00000000
v -0.02595292 0.18201773 -0.34329711 0.78431373 0.00000000 0.00000000
v -0.02579626 -0.10977098 -0.49984352 0.78431373 0.00000000 0.00000000
v -0.02574425 0.29269470 -0.19922069 0.78431373 0.00000000 0.00000000
v -0.02560548 -0.21161798 -0.28444453 0.78431373 0.00000000 0.00000000
v -0.02530330 0.16376596 -0.37839548 0.78431373 0.00000000 0.00000000
v -0.02515676 0.20971113 -0.39342763 0.78431373 0.00000000 0.00000000
v -0.02504035 -0.18738506 -0.33227885 0.78431373 0.00000000 0.00000000
v -0.02476698 0.16899095 -0.36870901 0.78431373 0.00000000 0.00000000
v -0.02467125 -0.34597102 -0.16232641 0.78431373 0.00000000 0.00000000
v -0.02444706 -0.12060361 -0.43814272 0.78431373 0.00000000 0.00000000
v -0.02440073 0.16496801 -0.37655674 0.78431373 0.00000000 0.00000000
v -0.02424722 0.16328183 -0.37984605 0.78431373 0.00000000 0.00000000
v -0.02393703 0.18691859 -0.49983463 0.78431373 0.00000000 0.00000000
v -0.02388555 0.35874892 -0.13357419 0.78431373 0.00000000 0.00000000
v -0.02383745 -0.24205291 -0.40504992 0.78431373 0.00000000 0.00000000
v -0.02375111 -0.17248223 -0.42199830 0.78431373 0.00000000 0.00000000
v -0.02351847 -0.19817793 -0.31175850 0.78431373 0.00000000 0.00000000
v -0.02317268 0.30591587 -0.08723177 0.78431373 0.00000000 0.00000000
v -0.02303244 -0.10807085 -0.49984322 0.78431373 0.00000000 0.00000000
v -0.02286902 0.17968767 -0.34800279 0.78431373 0.00000000 0.00000000
v -0.02257039 0.26419355 -0.17784505 0.78431373 0.00000000 0.00000000
v -0.02253571 -0.27952513 -0.14199790 0.78431373 0.00000000 0.00000000
v -0.02235228 0.15661928 -0.49983360 0.78431373 0.00000000 0.00000000
v -0.02217021 0.09248003 -0.43808543 0.78431373 0.00000000 0.00000000
v -0.02216613 0.32075468 -0.22184981 0.78431373 0.00000000 0.00000000
v -0.02179633 0.09201268 -0.49983862 0.78431373 0.00000000 0.00000000
v -0.02150532 0.14043091 -0.49983479 0.78431373 0.00000000 0.00000000
v -0.02137404 0.10404362 -0.43808171 0.78431373 0.00000000 0.00000000
v -0.02132782 0.05331289 -0.43809772 0.78431373 0.00000000 0.00000000
v -0.02124418 0.16848247 -0.36989504 0.78431373 0.00000000 0.00000000
v -0.02124064 0.23165474 -0.49983550 0.78431373 0.00000000 0.00000000
v -0.02080515 0.08296258 -0.43808832 0.78431373 0.00000000 0.00000000
v -0.02078997 0.22453843 -0.26085450 0.78431373 0.00000000 0.00000000
v -0.02046002 0.08269561 -0.49983922 0.78431373 0.00000000 0.00000000
v -0.01971431 -0.28928164 -0.28729728 0.78431373 0.00000000 0.00000000
v -0.01971044 -0.18678932 -0.33329290 0.78431373 0.00000000 0.00000000
v -0.01942064 0.16788667 -0.37115606 0.78431373 0.00000000 0.00000000
v -0.01903714 0.13208648 -0.49983521 0.78431373 0.00000000 0.00000000
v -0.01831660 -0.03197801 -0.43812440 0.78431373 0.00000000 0.00000000
v -0.01830835 0.29500830 -0.27864590 0.78431373 0.00000000 0.00000000
v -0.01816427 -0.04446276 -0.43812833 0.78431373 0.00000000 0.00000000
v -0.01791962 -0.08007573 -0.49984219 0.78431373 0.00000000 0.00000000
v -0.01761275 0.27670006 -0.31380559 0.78431373 0.00000000 0.00000000
v -0.01749939 -0.23660951 -0.39750813 0.78431373 0.00000000 0.00000000
v -0.01723005 -0.24536925 -0.37219515 0.78431373 0.00000000 0.00000000
v -0.01721725 0.05051023 -0.49983955 0.78431373 0.00000000 0.00000000
v -0.01706677 0.05903693 -0.49983937 0.78431373 0.00000000 0.00000000
v -0.01558263 0.32242264 -0.21787559 0.78431373 0.00000000 0.00000000
v -0.01554101 0.36418849 -0.12028119 0.78431373 0.00000000 0.00000000
v -0.01516326 0.17877046 -0.42473363 0.78431373 0.00000000 0.00000000
v -0.01493809 0.25353901 -0.35813948 0.78431373 0.00000000 0.00000000
v -0.01473680 -0.23377984 -0.39433299 0.78431373 0.00000000 0.00000000
v -0.01419555 -0.23094710 -0.24507633 0.78431373 0.00000000 0.00000000
v -0.01370871 0.37598418 -0.08896327 0.78431373 0.00000000 0.00000000
v -0.01346095 -0.02744919 -0.49984073 0.78431373 0.00000000 0.00000000
v -0.01306836 0.04221249 -0.49983932 0.78431373 0.00000000 0.00000000
v -0.01295407 0.30321807 -0.26025129 0.78431373 0.00000000 0.00000000
v -0.01293539 -0.07060714 -0.49984153 0.78431373 0.00000000 0.00000000
v -0.01284221 0.09600646 -0.43808354 0.78431373 0.00000000 0.00000000
v -0.01235777 -0.03760445 -0.43812568 0.78431373 0.00000000 0.00000000
v -0.01140015 0.21762644 -0.27482712 0.78431373 0.00000000 0.00000000
v -0.01117740 -0.26755119 -0.32979323 0.78431373 0.00000000 0.00000000
v -0.01062812 0.22945177 -0.25186215 0.78431373 0.00000000 0.00000000
v -0.01049035 -0.03936805 -0.43812375 0.78431373 0.00000000 0.00000000
v -0.01021875 -0.30945152 -0.24431484 0.78431373 0.00000000 0.00000000
v -0.01019686 -0.23759030 -0.38703927 0.78431373 0.00000000 0.00000000
v -0.01016922 0.16500405 -0.37764565 0.78431373 0.00000000 0.00000000
v -0.01013376 -0.25284896 -0.20052104 0.78431373 0.00000000 0.00000000
v -0.00991496 0.01435823 -0.49983957 0.78431373 0.00000000 0.00000000
v -0.00991466 -0.01605588 -0.49984016 0.78431373 0.00000000 0.00000000
v -0.00985369 -0.02828520 -0.43812253 0.78431373 0.00000000 0.00000000
v -0.00960091 -0.21133517 -0.28492407 0.78431373 0.00000000 0.00000000
v -0.00922949 0.21572822 -0.49983352 0.78431373 0.00000000 0.00000000
v -0.00836559 -0.36337394 -0.11945298 0.78431373 0.00000000 0.00000000
v -0.00728763 -0.21122430 -0.28513568 0.78431373 0.00000000 0.00000000
v -0.00696267 -0.34727720 -0.15841289 0.78431373 0.00000000 0.00000000
v -0.00690349 0.02446515 -0.43810563 0.78431373 0.00000000 0.00000000
v -0.00649708 -0.17199659 -0.36108292 0.78431373 0.00000000 0.00000000
v -0.00605200 0.04704000 -0.49983856 0.78431373 0.00000000 0.00000000
v -0.00599215 0.00761924 -0.43811088 0.78431373 0.00000000 0.00000000
v -0.00599207 0.01641307 -0.43810810 0.78431373 0.00000000 0.00000000
v -0.00572242 0.25073848 -0.36293739 0.78431373 0.00000000 0.00000000
v -0.00568953 -0.08600171 -0.49984114 0.78431373 0.00000000 0.00000000
v -0.00565514 -0.24354753 -0.37564352 0.78431373 0.00000000 0.00000000
v -0.00516063 -0.02382729 -0.49983987 0.78431373 0.00000000 0.00000000
v -0.00492668 0.17849417 -0.42698704 0.78431373 0.00000000 0.00000000
v -0.00492335 0.16164179 -0.38474079 0.78431373 0.00000000 0.00000000
v -0.00489569 -0.23383069 -0.39420818 0.78431373 0.00000000 0.00000000
v -0.00404571 0.26902987 -0.16794065 0.78431373 0.00000000 0.00000000
v -0.00386590 -0.23596874 -0.39654994 0.78431373 0.00000000 0.00000000
v -0.00372969 -0.07762395 -0.49984079 0.78431373 0.00000000 0.00000000
v -0.00362151 0.29110931 -0.28495663 0.78431373 0.00000000 0.00000000
v -0.00355844 0.17705163 -0.43302082 0.78431373 0.00000000 0.00000000
v -0.00319810 0.37689622 -0.08604929 0.78431373 0.00000000 0.00000000
v -0.00263378 0.17160308 -0.41191997 0.78431373 0.00000000 0.00000000
v -0.00203072 -0.35003160 -0.15168055 0.78431373 0.00000000 0.00000000
v -0.00159940 -0.25374198 -0.19832312 0.78431373 0.00000000 0.00000000
v -0.00132779 0.18514831 -0.33858091 0.78431373 0.00000000 0.00000000
v -0.00110299 0.22011109 -0.27056775 0.78431373 0.00000000 0.00000000
v -0.00108998 0.17588353 -0.43805642 0.78431373 0.00000000 0.00000000
v -0.00070221 -0.35026987 -0.15105587 0.78431373 0.00000000 0.00000000
v -0.00061179 0.30909589 -0.08105383 0.78431373 0.00000000 0.00000000
v -0.00054523 0.29392420 -0.11399907 0.78431373 0.00000000 0.00000000
v -0.00036244 -0.34967430 -0.15244561 0.78431373 0.00000000 0.00000000
v -0.00032718 0.36728594 -0.11135764 0.78431373 0.00000000 0.00000000
v -0.00029408 0.15935831 -0.39170409 0.78431373 0.00000000 0.00000000
v 0.00004089 0.17428967 -0.43805776 0.78431373 0.00000000 0.00000000
v 0.00017263 -0.29332865 -0.11109252 0.78431373 0.00000000 0.00000000
v 0.00042456 0.32643146 -0.20817000 0.78431373 0.00000000 0.00000000
v 0.00047264 0.21597187 -0.27870923 0.78431373 0.00000000 0.00000000
v 0.00069436 0.23428569 -0.24204079 0.78431373 0.00000000 0.00000000
v 0.00071664 0.16285237 -0.39732528 0.78431373 0.00000000 0.00000000
v 0.00089899 -0.15653236 -0.39138572 0.78431373 0.00000000 0.00000000
v 0.00098856 -0.21075676 -0.28583592 0.78431373 0.00000000 0.00000000
v 0.00133460 0.30874071 -0.08188779 0.78431373 0.00000000 0.00000000
v 0.00201141 -0.10433296 -0.43811342 0.78431373 0.00000000 0.00000000
v 0.00235119 -0.28937127 -0.11989424 0.78431373 0.00000000 0.00000000
v 0.00255210 0.18422802 -0.34073196 0.78431373 0.00000000 0.00000000
v 0.00289660 -0.33883408 -0.17787797 0.78431373 0.00000000 0.00000000
v 0.00346480 0.26945990 -0.16724893 0.78431373 0.00000000 0.00000000
v 0.00350738 -0.28538432 -0.12876875 0.78431373 0.00000000 0.00000000
v 0.00368612 0.19193462 -0.32565698 0.78431373 0.00000000 0.00000000
v 0.00375561 -0.26660098 -0.33097120 0.78431373 0.00000000 0.00000000
v 0.00481151 -0.15977794 -0.38510937 0.78431373 0.00000000 0.00000000
v 0.00521239 -0.32009234 -0.22127973 0.78431373 0.00000000 0.00000000
v 0.00524758 -0.32332491 -0.21422489 0.78431373 0.00000000 0.00000000
v 0.00540479 0.19157158 -0.32645927 0.78431373 0.00000000 0.00000000
v 0.00547318 -0.33024006 -0.19795967 0.78431373 0.00000000 0.00000000
v 0.00578678 -0.28716150 -0.12479409 0.78431373 0.00000000 0.00000000
v 0.00578850 -0.28754031 -0.28954305 0.78431373 0.00000000 0.00000000
v 0.00585253 -0.26937305 -0.44201557 0.78431373 0.00000000 0.00000000
v 0.00600305 0.30986150 -0.07923197 0.78431373 0.00000000 0.00000000
v 0.00601625 -0.27668054 -0.14797113 0.78431373 0.00000000 0.00000000
v 0.00645613 -0.34539144 -0.16223423 0.78431373 0.00000000 0.00000000
v 0.00678292 -0.25924554 -0.42859360 0.78431373 0.00000000 0.00000000
v 0.00701712 -0.28812075 -0.12264871 0.78431373 0.00000000 0.00000000
v 0.00701916 -0.09796284 -0.43810772 0.78431373 0.00000000 0.00000000
v 0.00722899 -0.25282399 -0.41973499 0.78431373 0.00000000 0.00000000
v 0.00755985 0.27185227 -0.32109247 0.78431373 0.00000000 0.00000000
v 0.00826221 -0.18215517 -0.34147653 0.78431373 0.00000000 0.00000000
v 0.00869438 -0.14445879 -0.49984342 0.78431373 0.00000000 0.00000000
v 0.00902662 -0.27917504 -0.45510209 0.78431373 0.00000000 0.00000000
v 0.00939409 -0.15662328 -0.39133804 0.78431373 0.00000000 0.00000000
v 0.00939923 0.21957181 -0.27220334 0.78431373 0.00000000 0.00000000
v 0.00946650 -0.26388155 -0.33607239 0.78431373 0.00000000 0.00000000
v 0.00949736 0.04373216 -0.43809819 0.78431373 0.00000000 0.00000000
v 0.00959597 -0.14052510 -0.49984076 0.78431373 0.00000000 0.00000000
v 0.00968706 -0.27644777 -0.48801389 0.78431373 0.00000000 0.00000000
v 0.01046750 -0.29218846 -0.11356320 0.78431373 0.00000000 0.00000000
v 0.01052746 0.10423258 -0.49983456 0.78431373 0.00000000 0.00000000
v 0.01053321 -0.01939004 -0.43810013 0.78431373 0.00000000 0.00000000
v 0.01086621 -0.28089155 -0.47964176 0.78431373 0.00000000 0.00000000
v 0.01112932 -0.26726437 -0.49517068 0.78431373 0.00000000 0.00000000
v 0.01117097 -0.11483323 -0.43810406 0.78431373 0.00000000 0.00000000
v 0.01126475 -0.29507733 -0.22649631 0.78431373 0.00000000 0.00000000
v 0.01202443 0.18575923 -0.49982998 0.78431373 0.00000000 0.00000000
v 0.01223096 -0.29218583 -0.11355715 0.78431373 0.00000000 0.00000000
v 0.01234308 0.29458510 -0.11297935 0.78431373 0.00000000 0.00000000
v 0.01259795 -0.31289667 -0.23707517 0.78431373 0.00000000 0.00000000
v 0.01281386 -0.28092984 -0.46255666 0.78431373 0.00000000 0.00000000
v 0.01282007 -0.22953942 -0.24777728 0.78431373 0.00000000 0.00000000
v 0.01297890 0.37838248 -0.08156954 0.78431373 0.00000000 0.00000000
v 0.01325324 -0.16064215 -0.39879238 0.78431373 0.00000000 0.00000000
v 0.01333079 -0.28639044 -0.12635401 0.78431373 0.00000000 0.00000000
v 0.01359669 -0.05299870 -0.49983866 0.78431373 0.00000000 0.00000000
v 0.01377918 -0.25918025 -0.49786102 0.78431373 0.00000000 0.00000000
v 0.01383330 -0.06884245 -0.43809897 0.78431373 0.00000000 0.00000000
v 0.01384980 -0.25902547 -0.49791269 0.78431373 0.00000000 0.00000000
v 0.01399512 -0.10251267 -0.43810042 0.78431373 0.00000000 0.00000000
v 0.01493131 -0.22908392 -0.24869080 0.78431373 0.00000000 0.00000000
v 0.01498171 0.30556221 -0.25386013 0.78431373 0.00000000 0.00000000
v 0.01574224 -0.28074935 -0.46705875 0.78431373 0.00000000 0.00000000
v 0.01584085 0.15201485 -0.43806349 0.78431373 0.00000000 0.00000000
v 0.01655529 -0.17822731 -0.42840262 0.78431373 0.00000000 0.00000000
v 0.01688162 -0.26946441 -0.16372204 0.78431373 0.00000000 0.00000000
v 0.01725940 -0.24597958 -0.37093202 0.78431373 0.00000000 0.00000000
v 0.01749413 0.04124691 -0.43808970 0.78431373 0.00000000 0.00000000
v 0.01754361 -0.30776984 -0.24832536 0.78431373 0.00000000 0.00000000
v 0.01821233 0.15967823 -0.39060107 0.78431373 0.00000000 0.00000000
v 0.01848135 -0.10176496 -0.49983915 0.78431373 0.00000000 0.00000000
v 0.01873258 0.12397478 -0.43807210 0.78431373 0.00000000 0.00000000
v 0.01916005 0.21475656 -0.28211713 0.78431373 0.00000000 0.00000000
v 0.01933917 -0.00779642 -0.43809008 0.78431373 0.00000000 0.00000000
v 0.01942104 -0.21819773 -0.27038873 0.78431373 0.00000000 0.00000000
v 0.01960323 0.11227136 -0.49983306 0.78431373 0.00000000 0.00000000
v 0.01990621 -0.14528401 -0.43809612 0.78431373 0.00000000 0.00000000
v 0.01991005 -0.24593971 -0.37100075 0.78431373 0.00000000 0.00000000
v 0.02024213 -0.16917213 -0.41270634 0.78431373 0.00000000 0.00000000
v 0.02038423 -0.21304699 -0.49987463 0.78431373 0.00000000 0.00000000
v 0.02044350 -0.09339107 -0.49983880 0.78431373 0.00000000 0.00000000
v 0.02074213 -0.18030919 -0.34527100 0.78431373 0.00000000 0.00000000
v 0.02074407 0.16548390 -0.37840894 0.78431373 0.00000000 0.00000000
v 0.02077620 -0.16949175 -0.41365968 0.78431373 0.00000000 0.00000000
v 0.02081724 -0.07339557 -0.43809166 0.78431373 0.00000000 0.00000000
v 0.02083721 -0.18680539 -0.49985995 0.78431373 0.00000000 0.00000000
v 0.02087203 0.28398251 -0.29668215 0.78431373 0.00000000 0.00000000
v 0.02104643 -0.30523003 -0.25391156 0.78431373 0.00000000 0.00000000
v 0.02128641 0.24098504 -0.37999575 0.78431373 0.00000000 0.00000000
v 0.02143629 -0.27370398 -0.31612417 0.78431373 0.00000000 0.00000000
v 0.02150016 -0.06375710 -0.43809046 0.78431373 0.00000000 0.00000000
v 0.02189701 -0.10728817 -0.43809214 0.78431373 0.00000000 0.00000000
v 0.02194835 -0.24338925 -0.49989043 0.78431373 0.00000000 0.00000000
v 0.02207131 0.16141063 -0.38546860 0.78431373 0.00000000 0.00000000
v 0.02214165 0.10528820 -0.49983337 0.78431373 0.00000000 0.00000000
v 0.02226958 0.28382594 -0.29687019 0.78431373 0.00000000 0.00000000
v 0.02247242 0.18753234 -0.33590376 0.78431373 0.00000000 0.00000000
v 0.02256371 0.18812921 -0.33473168 0.78431373 0.00000000 0.00000000
v 0.02264299 0.17058007 -0.49982820 0.78431373 0.00000000 0.00000000
v 0.02277451 -0.20064271 -0.30549006 0.78431373 0.00000000 0.00000000
v 0.02279791 0.23675880 -0.23711707 0.78431373 0.00000000 0.00000000
v 0.02280795 -0.06002054 -0.49983792 0.78431373 0.00000000 0.00000000
v 0.02280891 -0.15542925 -0.43813626 0.78431373 0.00000000 0.00000000
v 0.02307407 0.15846510 -0.39069236 0.78431373 0.00000000 0.00000000
v 0.02317374 0.14153432 -0.43806619 0.78431373 0.00000000 0.00000000
v 0.02346053 0.20202616 -0.35544194 0.78431373 0.00000000 0.00000000
v 0.02347257 0.35968461 -0.12942637 0.78431373 0.00000000 0.00000000
v 0.02410520 -0.24302331 -0.37656158 0.78431373 0.00000000 0.00000000
v 0.02416477 0.18752706 -0.33509886 0.78431373 0.00000000 0.00000000
v 0.02445431 0.09939634 -0.43807938 0.78431373 0.00000000 0.00000000
v 0.02460804 -0.24920206 -0.20733400 0.78431373 0.00000000 0.00000000
v 0.02528220 -0.15679331 -0.39124886 0.78431373 0.00000000 0.00000000
v 0.02531883 0.01630910 -0.49983618 0.78431373 0.00000000 0.00000000
v 0.02544495 0.17828831 -0.35194429 0.78431373 0.00000000 0.00000000
v 0.02569561 -0.16542360 -0.43802296 0.78431373 0.00000000 0.00000000
v 0.02581964 0.10447760 -0.43807767 0.78431373 0.00000000 0.00000000
v 0.02611168 0.21132716 -0.28917769 0.78431373 0.00000000 0.00000000
v 0.02628373 -0.18025416 -0.34546311 0.78431373 0.00000000 0.00000000
v 0.02631271 -0.18093316 -0.34413799 0.78431373 0.00000000 0.00000000
v 0.02637430 0.23183370 -0.24721732 0.78431373 0.00000000 0.00000000
v 0.02658185 0.26829945 -0.32667673 0.78431373 0.00000000 0.00000000
v 0.02675384 0.21414774 -0.28341000 0.78431373 0.00000000 0.00000000
v 0.02682105 -0.23462234 -0.49988291 0.78431373 0.00000000 0.00000000
v 0.02687184 0.08206994 -0.49983474 0.78431373 0.00000000 0.00000000
v 0.02691288 -0.19499211 -0.31670081 0.78431373 0.00000000 0.00000000
v 0.02691985 -0.24292497 -0.37662418 0.78431373 0.00000000 0.00000000
v 0.02713269 0.04610163 -0.43807908 0.78431373 0.00000000 0.00000000
v 0.02720855 0.03601138 -0.43807948 0.78431373 0.00000000 0.00000000
v 0.02731960 0.06385804 -0.49983505 0.78431373 0.00000000 0.00000000
v 0.02752863 -0.19929804 -0.30804987 0.78431373 0.00000000 0.00000000
v 0.02756417 0.09967869 -0.43807602 0.78431373 0.00000000 0.00000000
v 0.02758234 0.02890936 -0.49983572 0.78431373 0.00000000 0.00000000
v 0.02767723 -0.26220797 -0.17909102 0.78431373 0.00000000 0.00000000
v 0.02769749 0.21829252 -0.27493449 0.78431373 0.00000000 0.00000000
v 0.02773122 -0.16995704 -0.41876120 0.78431373 0.00000000 0.00000000
v 0.02792320 0.07690943 -0.49983474 0.78431373 0.00000000 0.00000000
v 0.02794974 -0.01508319 -0.43808116 0.78431373 0.00000000 0.00000000
v 0.02805932 -0.27265601 -0.15644742 0.78431373 0.00000000 0.00000000
v 0.02807956 0.28693056 -0.29045284 0.78431373 0.00000000 0.00000000
v 0.02850913 -0.25829951 -0.34620136 0.78431373 0.00000000 0.00000000
v 0.02886390 -0.27243663 -0.15691712 0.78431373 0.00000000 0.00000000
v 0.02923197 0.09149291 -0.43807462 0.78431373 0.00000000 0.00000000
v 0.02927246 -0.16818157 -0.43798513 0.78431373 0.00000000 0.00000000
v 0.02942047 0.11787855 -0.43807314 0.78431373 0.00000000 0.00000000
v 0.02943759 0.29183743 -0.11949637 0.78431373 0.00000000 0.00000000
v 0.02950090 -0.24525115 -0.21573254 0.78431373 0.00000000 0.00000000
v 0.02957914 0.19673305 -0.31509191 0.78431373 0.00000000 0.00000000
v 0.02958542 0.22658485 -0.25797781 0.78431373 0.00000000 0.00000000
v 0.02962815 -0.35909566 -0.12856057 0.78431373 0.00000000 0.00000000
v 0.02974128 -0.31478442 -0.23316510 0.78431373 0.00000000 0.00000000
v 0.02986420 -0.17944468 -0.34520273 0.78431373 0.00000000 0.00000000
v 0.03036784 0.28296861 -0.29797727 0.78431373 0.00000000 0.00000000
v 0.03039353 -0.21933233 -0.26779944 0.78431373 0.00000000 0.00000000
v 0.03066737 -0.24251282 -0.49988511 0.78431373 0.00000000 0.00000000
v 0.03082359 0.11256293 -0.43807188 0.78431373 0.00000000 0.00000000
v 0.03124242 0.15828795 -0.49982834 0.78431373 0.00000000 0.00000000
v 0.03125503 -0.22535678 -0.25569585 0.78431373 0.00000000 0.00000000
v 0.03138881 0.08201023 -0.49983431 0.78431373 0.00000000 0.00000000
v 0.03141244 -0.05028349 -0.49983691 0.78431373 0.00000000 0.00000000
v 0.03150225 0.25726849 -0.34772585 0.78431373 0.00000000 0.00000000
v 0.03163561 0.23558986 -0.23956380 0.78431373 0.00000000 0.00000000
v 0.03185079 0.36784694 -0.10834401 0.78431373 0.00000000 0.00000000
v 0.03200746 0.23722313 -0.23622397 0.78431373 0.00000000 0.00000000
v 0.03219507 -0.06334037 -0.43807891 0.78431373 0.00000000 0.00000000
v 0.03222430 -0.24298406 -0.22032577 0.78431373 0.00000000 0.00000000
v 0.03237945 0.21259092 -0.28348345 0.78431373 0.00000000 0.00000000
v 0.03284878 -0.19677309 -0.31026697 0.78431373 0.00000000 0.00000000
v 0.03307306 -0.29555895 -0.27243988 0.78431373 0.00000000 0.00000000
v 0.03324423 -0.27352318 -0.15442946 0.78431373 0.00000000 0.00000000
v 0.03344134 0.14995934 -0.49982878 0.78431373 0.00000000 0.00000000
v 0.03360814 -0.24181212 -0.22263581 0.78431373 0.00000000 0.00000000
v 0.03367556 0.31550126 -0.06585873 0.78431373 0.00000000 0.00000000
v 0.03385867 0.35785739 -0.13335712 0.78431373 0.00000000 0.00000000
v 0.03392064 0.23685827 -0.23593188 0.78431373 0.00000000 0.00000000
v 0.03397722 -0.24439305 -0.21745052 0.78431373 0.00000000 0.00000000
v 0.03414056 0.20628370 -0.29484423 0.78431373 0.00000000 0.00000000
v 0.03420998 0.27132056 -0.16453522 0.78431373 0.00000000 0.00000000
v 0.03429600 0.37812145 -0.08145525 0.78431373 0.00000000 0.00000000
v 0.03455765 0.36790103 -0.10810199 0.78431373 0.00000000 0.00000000
v 0.03471120 0.23623995 -0.39557314 0.78431373 0.00000000 0.00000000
v 0.03482265 0.01540808 -0.49983529 0.78431373 0.00000000 0.00000000
v 0.03509277 0.21603799 -0.27543171 0.78431373 0.00000000 0.00000000
v 0.03516782 -0.24916960 -0.20707606 0.78431373 0.00000000 0.00000000
v 0.03563066 0.35745052 -0.13425430 0.78431373 0.00000000 0.00000000
v 0.03581618 0.02873181 -0.43807056 0.78431373 0.00000000 0.00000000
v 0.03597625 0.10142076 -0.43806687 0.78431373 0.00000000 0.00000000
v 0.03601219 0.21332339 -0.28018312 0.78431373 0.00000000 0.00000000
v 0.03602042 0.26725542 -0.32805392 0.78431373 0.00000000 0.00000000
v 0.03666148 0.21142004 -0.28355065 0.78431373 0.00000000 0.00000000
v 0.03676131 0.25810341 -0.19352666 0.78431373 0.00000000 0.00000000
v 0.03701699 -0.23404724 -0.39367662 0.78431373 0.00000000 0.00000000
v 0.03716985 -0.17182115 -0.42643506 0.78431373 0.00000000 0.00000000
v 0.03742240 -0.35900469 -0.12851598 0.78431373 0.00000000 0.00000000
v 0.03755177 -0.24441175 -0.37319261 0.78431373 0.00000000 0.00000000
v 0.03760270 -0.24539878 -0.37124188 0.78431373 0.00000000 0.00000000
v 0.03762110 0.30616901 -0.25154118 0.78431373 0.00000000 0.00000000
v 0.03767691 -0.23767687 -0.22860140 0.78431373 0.00000000 0.00000000
v 0.03801988 0.27193288 -0.16336483 0.78431373 0.00000000 0.00000000
v 0.03826049 -0.25814751 -0.34604580 0.78431373 0.00000000 0.00000000
v 0.03835822 -0.35727536 -0.13268917 0.78431373 0.00000000 0.00000000
v 0.03885912 -0.33671433 -0.18119411 0.78431373 0.00000000 0.00000000
v 0.03894885 0.32746318 -0.20401598 0.78431373 0.00000000 0.00000000
v 0.03933828 -0.26947433 -0.16300264 0.78431373 0.00000000 0.00000000
v 0.03945920 0.09255621 -0.43806355 0.78431373 0.00000000 0.00000000
v 0.03958403 -0.29200412 -0.11343162 0.78431373 0.00000000 0.00000000
v 0.03966408 -0.28535041 -0.29228308 0.78431373 0.00000000 0.00000000
v 0.03966908 -0.22461116 -0.49987027 0.78431373 0.00000000 0.00000000
v 0.03968688 0.29025035 -0.12341477 0.78431373 0.00000000 0.00000000
v 0.03971450 -0.28632766 -0.29035167 0.78431373 0.00000000 0.00000000
v 0.03975917 -0.23054820 -0.46398936 0.78431373 0.00000000 0.00000000
v 0.03979079 -0.28780611 -0.28742974 0.78431373 0.00000000 0.00000000
v 0.04014592 -0.26914103 -0.16369888 0.78431373 0.00000000 0.00000000
v 0.04042406 -0.26036942 -0.49735937 0.78431373 0.00000000 0.00000000
v 0.04047924 -0.27531784 -0.15032059 0.78431373 0.00000000 0.00000000
v 0.04048884 -0.26200204 -0.49714007 0.78431373 0.00000000 0.00000000
v 0.04058053 -0.26416506 -0.49642655 0.78431373 0.00000000 0.00000000
v 0.04066889 -0.33861198 -0.17663034 0.78431373 0.00000000 0.00000000
v 0.04071428 0.21427146 -0.27591130 0.78431373 0.00000000 0.00000000
v 0.04071560 0.30155430 -0.09876105 0.78431373 0.00000000 0.00000000
v 0.04098058 -0.31086548 -0.24185611 0.78431373 0.00000000 0.00000000
v 0.04114251 -0.28609399 -0.29027201 0.78431373 0.00000000 0.00000000
v 0.04128860 -0.27869384 -0.48498434 0.78431373 0.00000000 0.00000000
v 0.04133068 -0.27935083 -0.48374142 0.78431373 0.00000000 0.00000000
v 0.04140733 -0.27938979 -0.47831997 0.78431373 0.00000000 0.00000000
v 0.04149665 -0.17145288 -0.43489493 0.78431373 0.00000000 0.00000000
v 0.04161073 0.24596571 -0.21438742 0.78431373 0.00000000 0.00000000
v 0.04176506 -0.27563679 -0.14959035 0.78431373 0.00000000 0.00000000
v 0.04187058 0.17654586 -0.49982589 0.78431373 0.00000000 0.00000000
v 0.04233007 -0.28473630 -0.12945342 0.78431373 0.00000000 0.00000000
v 0.04238589 0.17420222 -0.43088115 0.78431373 0.00000000 0.00000000
v 0.04242843 -0.28632028 -0.12594812 0.78431373 0.00000000 0.00000000
v 0.04257807 -0.28598484 -0.12659231 0.78431373 0.00000000 0.00000000
v 0.04275247 -0.29153901 -0.11439925 0.78431373 0.00000000 0.00000000
v 0.04284258 -0.27949222 -0.45631950 0.78431373 0.00000000 0.00000000
v 0.04295533 0.23813439 -0.38403725 0.78431373 0.00000000 0.00000000
v 0.04302967 -0.24444200 -0.37107365 0.78431373 0.00000000 0.00000000
v 0.04310406 -0.24457061 -0.37079399 0.78431373 0.00000000 0.00000000
v 0.04311933 0.28379524 -0.45996528 0.78431373 0.00000000 0.00000000
v 0.04319742 0.17575645 -0.43429997 0.78431373 0.00000000 0.00000000
v 0.04322452 0.24321592 -0.37416694 0.78431373 0.00000000 0.00000000
v 0.04322893 0.31380405 -0.06984311 0.78431373 0.00000000 0.00000000
v 0.04335846 -0.35817215 -0.13033799 0.78431373 0.00000000 0.00000000
v 0.04335865 0.24574804 -0.36924858 0.78431373 0.00000000 0.00000000
v 0.04352297 -0.31594380 -0.22980119 0.78431373 0.00000000 0.00000000
v 0.04380258 0.31659997 -0.06324280 0.78431373 0.00000000 0.00000000
v 0.04384407 0.17704312 -0.43805327 0.78431373 0.00000000 0.00000000
v 0.04387587 0.17709773 -0.43805322 0.78431373 0.00000000 0.00000000
v 0.04392963 0.17717551 -0.43774192 0.78431373 0.00000000 0.00000000
v 0.04395966 -0.24440067 -0.37069175 0.78431373 0.00000000 0.00000000
v 0.04402253 0.34619583 -0.07076914 0.78431373 0.00000000 0.00000000
v 0.04424675 -0.33639676 -0.18169091 0.78431373 0.00000000 0.00000000
v 0.04444645 0.26628274 -0.32936219 0.78431373 0.00000000 0.00000000
v 0.04450393 0.37397347 -0.09189311 0.78431373 0.00000000 0.00000000
v 0.04453064 0.25322535 -0.19888347 0.78431373 0.00000000 0.00000000
v 0.04480429 -0.27928241 -0.47060771 0.78431373 0.00000000 0.00000000
v 0.04495245 -0.19097381 -0.31527617 0.78431373 0.00000000 0.00000000
v 0.04503337 -0.31580964 -0.22927166 0.78431373 0.00000000 0.00000000
v 0.04523950 0.28125342 -0.30028330 0.78431373 0.00000000 0.00000000
v 0.04534330 0.17713736 -0.43805311 0.78431373 0.00000000 0.00000000
v 0.04547072 0.27604944 -0.48971833 0.78431373 0.00000000 0.00000000
v 0.04548179 0.24305229 -0.37332660 0.78431373 0.00000000 0.00000000
v 0.04564707 -0.28648936 -0.28780450 0.78431373 0.00000000 0.00000000
v 0.04572169 -0.25529269 -0.27130662 0.78431373 0.00000000 0.00000000
v 0.04587620 -0.11831953 -0.49983688 0.78431373 0.00000000 0.00000000
v 0.04611078 -0.28406712 -0.29237037 0.78431373 0.00000000 0.00000000
v 0.04616001 0.24020524 -0.37843294 0.78431373 0.00000000 0.00000000
v 0.04622727 0.29989973 -0.26406488 0.78431373 0.00000000 0.00000000
v 0.04641703 0.30348188 -0.25710696 0.78431373 0.00000000 0.00000000
v 0.04642311 0.23912550 -0.38038645 0.78431373 0.00000000 0.00000000
v 0.04665229 0.20864016 -0.28380082 0.78431373 0.00000000 0.00000000
v 0.04666938 0.25860339 -0.18661039 0.78431373 0.00000000 0.00000000
v 0.04667605 -0.17860944 -0.33825695 0.78431373 0.00000000 0.00000000
v 0.04670683 -0.27907894 -0.48446490 0.78431373 0.00000000 0.00000000
v 0.04684790 0.17950310 -0.33934265 0.78431373 0.00000000 0.00000000
v 0.04693526 0.30639803 -0.25058237 0.78431373 0.00000000 0.00000000
v 0.04698407 0.23663147 -0.38476420 0.78431373 0.00000000 0.00000000
v 0.04702776 -0.16945410 -0.43182292 0.78431373 0.00000000 0.00000000
v 0.04744830 -0.33440769 -0.18621807 0.78431373 0.00000000 0.00000000
v 0.04753073 0.26077882 -0.18152365 0.78431373 0.00000000 0.00000000
v 0.04780511 -0.33618702 -0.18201903 0.78431373 0.00000000 0.00000000
v 0.04795780 -0.27198576 -0.31531860 0.78431373 0.00000000 0.00000000
v 0.04798213 -0.16969133 -0.43658312 0.78431373 0.00000000 0.00000000
v 0.04799834 -0.18979855 -0.31599056 0.78431373 0.00000000 0.00000000
v 0.04826063 -0.33845553 -0.17664350 0.78431373 0.00000000 0.00000000
v 0.04859764 -0.16826805 -0.43793858 0.78431373 0.00000000 0.00000000
v 0.04860855 -0.16826647 -0.42534330 0.78431373 0.00000000 0.00000000
v 0.04868387 -0.27062625 -0.31770608 0.78431373 0.00000000 0.00000000
v 0.04874128 0.24187324 -0.37391885 0.78431373 0.00000000 0.00000000
v 0.04876807 0.18839497 -0.49982532 0.78431373 0.00000000 0.00000000
v 0.04882928 0.23214850 -0.39504077 0.78431373 0.00000000 0.00000000
v 0.04901405 -0.28916310 -0.11596756 0.78431373 0.00000000 0.00000000
v 0.04956314 -0.21714001 -0.26241061 0.78431373 0.00000000 0.00000000
v 0.04970035 0.21148583 -0.27669133 0.78431373 0.00000000 0.00000000
v 0.04974285 -0.25604780 -0.34583731 0.78431373 0.00000000 0.00000000
v 0.05050244 -0.26312093 -0.49684965 0.78431373 0.00000000 0.00000000
v 0.05055787 -0.27780599 -0.45706664 0.78431373 0.00000000 0.00000000
v 0.05086070 0.32848675 -0.20116120 0.78431373 0.00000000 0.00000000
v 0.05097138 0.30255915 -0.25654645 0.78431373 0.00000000 0.00000000
v 0.05104407 -0.25829737 -0.34094572 0.78431373 0.00000000 0.00000000
v 0.05131048 0.11133191 -0.49983010 0.78431373 0.00000000 0.00000000
v 0.05132819 0.28526835 -0.12728526 0.78431373 0.00000000 0.00000000
v 0.05140438 -0.02991787 -0.43805660 0.78431373 0.00000000 0.00000000
v 0.05165584 0.29826005 -0.09944493 0.78431373 0.00000000 0.00000000
v 0.05185662 -0.25551555 -0.34579701 0.78431373 0.00000000 0.00000000
v 0.05190002 -0.33267658 -0.19008091 0.78431373 0.00000000 0.00000000
v 0.05199804 0.24071883 -0.37451731 0.78431373 0.00000000 0.00000000
v 0.05238989 -0.01094278 -0.43805462 0.78431373 0.00000000 0.00000000
v 0.05256047 -0.27220853 -0.45047447 0.78431373 0.00000000 0.00000000
v 0.05258719 -0.24544388 -0.20514141 0.78431373 0.00000000 0.00000000
v 0.05268849 0.33877189 -0.17814928 0.78431373 0.00000000 0.00000000
v 0.05282092 -0.15012096 -0.43812196 0.78431373 0.00000000 0.00000000
v 0.05286207 0.35350868 -0.14298195 0.78431373 0.00000000 0.00000000
v 0.05296674 0.36239501 -0.12177594 0.78431373 0.00000000 0.00000000
v 0.05305020 -0.26678561 -0.44353049 0.78431373 0.00000000 0.00000000
v 0.05311313 -0.17419214 -0.34350506 0.78431373 0.00000000 0.00000000
v 0.05314727 -0.16828840 -0.43792762 0.78431373 0.00000000 0.00000000
v 0.05348972 -0.33585195 -0.18254321 0.78431373 0.00000000 0.00000000
v 0.05350193 -0.26151486 -0.33339116 0.78431373 0.00000000 0.00000000
v 0.05359370 0.30155379 -0.09131392 0.78431373 0.00000000 0.00000000
v 0.05365291 -0.24020233 -0.49987107 0.78431373 0.00000000 0.00000000
v 0.05382723 -0.11924211 -0.43805831 0.78431373 0.00000000 0.00000000
v 0.05424855 -0.25306602 -0.42612674 0.78431373 0.00000000 0.00000000
v 0.05432644 -0.35653745 -0.13368175 0.78431373 0.00000000 0.00000000
v 0.05436667 0.30425544 -0.25098996 0.78431373 0.00000000 0.00000000
v 0.05448380 0.15062758 -0.39128218 0.78431373 0.00000000 0.00000000
v 0.05461654 -0.19907988 -0.49984793 0.78431373 0.00000000 0.00000000
v 0.05471552 -0.25470918 -0.34574136 0.78431373 0.00000000 0.00000000
v 0.05505566 -0.12175640 -0.49983607 0.78431373 0.00000000 0.00000000
v 0.05514232 -0.00891580 -0.49983384 0.78431373 0.00000000 0.00000000
v 0.05540802 0.30477818 -0.24928785 0.78431373 0.00000000 0.00000000
v 0.05544575 -0.25900157 -0.17597927 0.78431373 0.00000000 0.00000000
v 0.05548545 -0.09102465 -0.43805516 0.78431373 0.00000000 0.00000000
v 0.05549484 -0.25769867 -0.33979576 0.78431373 0.00000000 0.00000000
v 0.05553219 -0.11364763 -0.49983587 0.78431373 0.00000000 0.00000000
v 0.05602746 -0.14901765 -0.39435020 0.78431373 0.00000000 0.00000000
v 0.05607792 -0.24106359 -0.37100012 0.78431373 0.00000000 0.00000000
v 0.05621700 -0.13310732 -0.43805640 0.78431373 0.00000000 0.00000000
v 0.05643696 -0.13438313 -0.43806142 0.78431373 0.00000000 0.00000000
v 0.05650536 -0.20387090 -0.28462592 0.78431373 0.00000000 0.00000000
v 0.05671918 -0.23752801 -0.40682377 0.78431373 0.00000000 0.00000000
v 0.05678364 -0.23487392 -0.49986640 0.78431373 0.00000000 0.00000000
v 0.05680478 -0.14714289 -0.39110892 0.78431373 0.00000000 0.00000000
v 0.05724130 0.30453516 -0.24877801 0.78431373 0.00000000 0.00000000
v 0.05732649 0.38180197 -0.07099691 0.78431373 0.00000000 0.00000000
v 0.05737654 -0.25400841 -0.34569022 0.78431373 0.00000000 0.00000000
v 0.05740560 0.00368434 -0.49983338 0.78431373 0.00000000 0.00000000
v 0.05745542 0.30751833 -0.07570773 0.78431373 0.00000000 0.00000000
v 0.05762541 0.38156490 -0.07160406 0.78431373 0.00000000 0.00000000
v 0.05767819 0.11690605 -0.49982905 0.78431373 0.00000000 0.00000000
v 0.05768738 0.38181990 -0.07093668 0.78431373 0.00000000 0.00000000
v 0.05786574 -0.32886213 -0.19490235 0.78431373 0.00000000 0.00000000
v 0.05813066 0.12081541 -0.43804206 0.78431373 0.00000000 0.00000000
v 0.05827711 -0.22790234 -0.39476594 0.78431373 0.00000000 0.00000000
v 0.05834777 -0.18288805 -0.49983696 0.78431373 0.00000000 0.00000000
v 0.05835106 0.17769761 -0.33721633 0.78431373 0.00000000 0.00000000
v 0.05869287 -0.15065813 -0.38358011 0.78431373 0.00000000 0.00000000
v 0.05895410 -0.07619847 -0.43805070 0.78431373 0.00000000 0.00000000
v 0.05909703 -0.19888439 -0.29289677 0.78431373 0.00000000 0.00000000
v 0.05922222 -0.22740427 -0.23767150 0.78431373 0.00000000 0.00000000
v 0.05927660 0.22429901 -0.49982495 0.78431373 0.00000000 0.00000000
v 0.05934612 0.27059553 -0.15387683 0.78431373 0.00000000 0.00000000
v 0.05948630 -0.22939472 -0.39134974 0.78431373 0.00000000 0.00000000
v 0.05980004 -0.14622591 -0.39109562 0.78431373 0.00000000 0.00000000
v 0.05985363 -0.05857487 -0.49983437 0.78431373 0.00000000 0.00000000
v 0.06007390 -0.22738301 -0.39485800 0.78431373 0.00000000 0.00000000
v 0.06093393 0.27191228 -0.15015601 0.78431373 0.00000000 0.00000000
v 0.06100469 -0.01823081 -0.43804569 0.78431373 0.00000000 0.00000000
v 0.06122558 0.27163510 -0.15057727 0.78431373 0.00000000 0.00000000
v 0.06132736 0.32715483 -0.19813170 0.78431373 0.00000000 0.00000000
v 0.06210462 -0.02949810 -0.43804505 0.78431373 0.00000000 0.00000000
v 0.06224138 0.24632420 -0.41791503 0.78431373 0.00000000 0.00000000
v 0.06249334 -0.16490870 -0.49983621 0.78431373 0.00000000 0.00000000
v 0.06294970 0.27258875 -0.14755041 0.78431373 0.00000000 0.00000000
v 0.06299923 0.08159237 -0.49983131 0.78431373 0.00000000 0.00000000
v 0.06319955 0.11045689 -0.49982903 0.78431373 0.00000000 0.00000000
v 0.06332881 0.27946404 -0.13269813 0.78431373 0.00000000 0.00000000
v 0.06335978 -0.18059795 -0.32592698 0.78431373 0.00000000 0.00000000
v 0.06339356 0.08058903 -0.49983130 0.78431373 0.00000000 0.00000000
v 0.06345075 -0.23168871 -0.22684591 0.78431373 0.00000000 0.00000000
v 0.06376857 -0.12196798 -0.43804773 0.78431373 0.00000000 0.00000000
v 0.06380086 0.31408569 -0.22467971 0.78431373 0.00000000 0.00000000
v 0.06383288 -0.16602083 -0.35244084 0.78431373 0.00000000 0.00000000
v 0.06391288 -0.28712950 -0.11181841 0.78431373 0.00000000 0.00000000
v 0.06448346 -0.27589039 -0.29963796 0.78431373 0.00000000 0.00000000
v 0.06464946 -0.00981979 -0.49983296 0.78431373 0.00000000 0.00000000
v 0.06475160 -0.16560447 -0.35268498 0.78431373 0.00000000 0.00000000
v 0.06492498 0.29734719 -0.19023648 0.78431373 0.00000000 0.00000000
v 0.06530943 0.12446709 -0.43803415 0.78431373 0.00000000 0.00000000
v 0.06572654 0.03634219 -0.43803796 0.78431373 0.00000000 0.00000000
v 0.06595875 0.35783520 -0.12412871 0.78431373 0.00000000 0.00000000
v 0.06596431 0.30339343 -0.24635613 0.78431373 0.00000000 0.00000000
v 0.06600697 0.00586866 -0.49983252 0.78431373 0.00000000 0.00000000
v 0.06609396 -0.17173465 -0.34066121 0.78431373 0.00000000 0.00000000
v 0.06621951 0.04582039 -0.43803697 0.78431373 0.00000000 0.00000000
v 0.06623659 -0.28738885 -0.27604724 0.78431373 0.00000000 0.00000000
v 0.06631381 -0.17171837 -0.34056647 0.78431373 0.00000000 0.00000000
v 0.06660462 -0.18262650 -0.32036048 0.78431373 0.00000000 0.00000000
v 0.06661189 -0.23795262 -0.37106163 0.78431373 0.00000000 0.00000000
v 0.06672623 -0.17333241 -0.33736725 0.78431373 0.00000000 0.00000000
v 0.06716965 0.23346541 -0.49982418 0.78431373 0.00000000 0.00000000
v 0.06728090 0.05476813 -0.43803539 0.78431373 0.00000000 0.00000000
v 0.06729599 -0.16245919 -0.42355967 0.78431373 0.00000000 0.00000000
v 0.06732997 0.17637567 -0.33561118 0.78431373 0.00000000 0.00000000
v 0.06755282 -0.06227227 -0.49983371 0.78431373 0.00000000 0.00000000
v 0.06765076 -0.18495797 -0.31532858 0.78431373 0.00000000 0.00000000
v 0.06771541 0.03871484 -0.49983171 0.78431373 0.00000000 0.00000000
v 0.06788313 0.34650782 -0.14981469 0.78431373 0.00000000 0.00000000
v 0.06839642 -0.18374666 -0.31728666 0.78431373 0.00000000 0.00000000
v 0.06845904 -0.04884171 -0.49983336 0.78431373 0.00000000 0.00000000
v 0.06872150 -0.18114113 -0.32188943 0.78431373 0.00000000 0.00000000
v 0.06882290 0.25616216 -0.49911964 0.78431373 0.00000000 0.00000000
v 0.06882385 -0.21070680 -0.34493914 0.78431373 0.00000000 0.00000000
v 0.06885882 -0.18167855 -0.32082420 0.78431373 0.00000000 0.00000000
v 0.06886617 0.22127776 -0.46473085 0.78431373 0.00000000 0.00000000
v 0.06894250 0.25114264 -0.42641299 0.78431373 0.00000000 0.00000000
v 0.06908733 -0.18257285 -0.31905158 0.78431373 0.00000000 0.00000000
v 0.06932725 -0.31055459 -0.22727300 0.78431373 0.00000000 0.00000000
v 0.06938070 -0.24037653 -0.36489702 0.78431373 0.00000000 0.00000000
v 0.06957562 -0.18448385 -0.31526374 0.78431373 0.00000000 0.00000000
v 0.06981042 0.36392624 -0.10712217 0.78431373 0.00000000 0.00000000
v 0.06986814 -0.18108331 -0.32088983 0.78431373 0.00000000 0.00000000
v 0.07029169 0.33266829 -0.18131290 0.78431373 0.00000000 0.00000000
v 0.07030700 0.27665822 -0.13463396 0.78431373 0.00000000 0.00000000
v 0.07032401 0.23389890 -0.37779306 0.78431373 0.00000000 0.00000000
v 0.07058618 -0.27305278 -0.13762125 0.78431373 0.00000000 0.00000000
v 0.07077139 0.18327344 -0.32069721 0.78431373 0.00000000 0.00000000
v 0.07088173 0.31343262 -0.05468235 0.78431373 0.00000000 0.00000000
v 0.07098062 0.36581183 -0.10172701 0.78431373 0.00000000 0.00000000
v 0.07136854 -0.27184886 -0.13969996 0.78431373 0.00000000 0.00000000
v 0.07139406 0.06972507 -0.49983075 0.78431373 0.00000000 0.00000000
v 0.07161982 -0.34992365 -0.13800087 0.78431373 0.00000000 0.00000000
v 0.07173190 -0.23807864 -0.36796816 0.78431373 0.00000000 0.00000000
v 0.07217740 -0.28596224 -0.27598963 0.78431373 0.00000000 0.00000000
v 0.07220746 0.12797559 -0.43803297 0.78431373 0.00000000 0.00000000
v 0.07220819 0.34870980 -0.14174942 0.78431373 0.00000000 0.00000000
v 0.07221276 -0.12774320 -0.43803891 0.78431373 0.00000000 0.00000000
v 0.07246488 0.27576922 -0.13522715 0.78431373 0.00000000 0.00000000
v 0.07301240 0.24142710 -0.20607546 0.78431373 0.00000000 0.00000000
v 0.07316879 0.25825667 -0.33005400 0.78431373 0.00000000 0.00000000
v 0.07337605 0.25995106 -0.16796797 0.78431373 0.00000000 0.00000000
v 0.07373513 0.25802414 -0.33020989 0.78431373 0.00000000 0.00000000
v 0.07377342 -0.27158787 -0.30319136 0.78431373 0.00000000 0.00000000
v 0.07383394 0.33461002 -0.17465850 0.78431373 0.00000000 0.00000000
v 0.07399887 0.24127873 -0.49953195 0.78431373 0.00000000 0.00000000
v 0.07413171 -0.24470721 -0.35444371 0.78431373 0.00000000 0.00000000
v 0.07466560 -0.23521147 -0.37180016 0.78431373 0.00000000 0.00000000
v 0.07494477 0.23167012 -0.22459136 0.78431373 0.00000000 0.00000000
v 0.07510912 0.33853466 -0.16484388 0.78431373 0.00000000 0.00000000
v 0.07514108 0.09853139 -0.43802481 0.78431373 0.00000000 0.00000000
v 0.07528856 -0.26579325 -0.15011869 0.78431373 0.00000000 0.00000000
v 0.07529610 -0.06377421 -0.49983301 0.78431373 0.00000000 0.00000000
v 0.07537906 0.14002605 -0.39110353 0.78431373 0.00000000 0.00000000
v 0.07547936 0.07922838 -0.49983017 0.78431373 0.00000000 0.00000000
v 0.07618504 -0.00152547 -0.49983170 0.78431373 0.00000000 0.00000000
v 0.07630681 0.33058265 -0.18239393 0.78431373 0.00000000 0.00000000
v 0.07634937 0.08141590 -0.49983005 0.78431373 0.00000000 0.00000000
v 0.07649129 0.34270886 -0.15377668 0.78431373 0.00000000 0.00000000
v 0.07658218 -0.29172838 -0.26245095 0.78431373 0.00000000 0.00000000
v 0.07659322 0.25679833 -0.17250330 0.78431373 0.00000000 0.00000000
v 0.07678729 -0.25954708 -0.16240305 0.78431373 0.00000000 0.00000000
v 0.07702962 0.19625262 -0.29221695 0.78431373 0.00000000 0.00000000
v 0.07715142 -0.21006545 -0.26224794 0.78431373 0.00000000 0.00000000
v 0.07734912 0.09836880 -0.43802411 0.78431373 0.00000000 0.00000000
v 0.07740294 -0.34584615 -0.14380382 0.78431373 0.00000000 0.00000000
v 0.07759968 -0.31603022 -0.21080026 0.78431373 0.00000000 0.00000000
v 0.07863359 0.32642008 -0.18998550 0.78431373 0.00000000 0.00000000
v 0.07882861 0.19998361 -0.28403003 0.78431373 0.00000000 0.00000000
v 0.07907253 -0.29498840 -0.25479653 0.78431373 0.00000000 0.00000000
v 0.07907736 0.14811525 -0.37289633 0.78431373 0.00000000 0.00000000
v 0.07955884 0.16580220 -0.43766401 0.78431373 0.00000000 0.00000000
v 0.07956974 0.25048517 -0.49920726 0.78431373 0.00000000 0.00000000
v 0.07993340 -0.34229167 -0.15047856 0.78431373 0.00000000 0.00000000
v 0.08014189 -0.29319507 -0.25773704 0.78431373 0.00000000 0.00000000
v 0.08027382 0.08499133 -0.43801993 0.78431373 0.00000000 0.00000000
v 0.08028858 0.14271588 -0.39971499 0.78431373 0.00000000 0.00000000
v 0.08053809 -0.24611782 -0.18849498 0.78431373 0.00000000 0.00000000
v 0.08074788 0.25953362 -0.44150976 0.78431373 0.00000000 0.00000000
v 0.08091271 -0.23771171 -0.20540296 0.78431373 0.00000000 0.00000000
v 0.08126365 0.24959037 -0.49922107 0.78431373 0.00000000 0.00000000
v 0.08128097 -0.20899057 -0.26221979 0.78431373 0.00000000 0.00000000
v 0.08132657 -0.29365293 -0.25612741 0.78431373 0.00000000 0.00000000
v 0.08140597 -0.34842483 -0.13520319 0.78431373 0.00000000 0.00000000
v 0.08149398 0.08782973 -0.43802027 0.78431373 0.00000000 0.00000000
v 0.08257105 -0.21169153 -0.25637367 0.78431373 0.00000000 0.00000000
v 0.08262682 -0.23829029 -0.20328840 0.78431373 0.00000000 0.00000000
v 0.08283073 -0.20815961 -0.26210714 0.78431373 0.00000000 0.00000000
v 0.08298104 0.20859549 -0.26513294 0.78431373 0.00000000 0.00000000
v 0.08319930 0.25420038 -0.33285489 0.78431373 0.00000000 0.00000000
v 0.08321485 -0.23857071 -0.36122037 0.78431373 0.00000000 0.00000000
v 0.08330695 0.29600783 -0.25256682 0.78431373 0.00000000 0.00000000
v 0.08340036 -0.12952934 -0.49983353 0.78431373 0.00000000 0.00000000
v 0.08344255 0.13864808 -0.43803228 0.78431373 0.00000000 0.00000000
v 0.08347511 -0.23734695 -0.20474524 0.78431373 0.00000000 0.00000000
v 0.08401304 0.25671925 -0.49556903 0.78431373 0.00000000 0.00000000
v 0.08443437 -0.29491128 -0.25198205 0.78431373 0.00000000 0.00000000
v 0.08459172 0.26898169 -0.30367370 0.78431373 0.00000000 0.00000000
v 0.08472372 0.14541260 -0.40794000 0.78431373 0.00000000 0.00000000
v 0.08473069 0.19131958 -0.29319640 0.78431373 0.00000000 0.00000000
v 0.08513582 0.22707350 -0.22814653 0.78431373 0.00000000 0.00000000
v 0.08526499 -0.15050880 -0.35922648 0.78431373 0.00000000 0.00000000
v 0.08563273 -0.28384712 -0.10562870 0.78431373 0.00000000 0.00000000
v 0.08576619 -0.33416639 -0.16585429 0.78431373 0.00000000 0.00000000
v 0.08588249 -0.08142834 -0.43802194 0.78431373 0.00000000 0.00000000
v 0.08671402 -0.28217359 -0.27580891 0.78431373 0.00000000 0.00000000
v 0.08709518 0.32024086 -0.19844342 0.78431373 0.00000000 0.00000000
v 0.08766751 0.13379132 -0.39099847 0.78431373 0.00000000 0.00000000
v 0.08779925 0.10368386 -0.43802233 0.78431373 0.00000000 0.00000000
v 0.08789203 0.19389364 -0.28567261 0.78431373 0.00000000 0.00000000
v 0.08814835 0.33839670 -0.15710582 0.78431373 0.00000000 0.00000000
v 0.08831013 0.22962207 -0.22112349 0.78431373 0.00000000 0.00000000
v 0.08836699 0.26747917 -0.30462186 0.78431373 0.00000000 0.00000000
v 0.08840463 -0.30612447 -0.22564340 0.78431373 0.00000000 0.00000000
v 0.08871514 -0.23989241 -0.19669978 0.78431373 0.00000000 0.00000000
v 0.08881001 0.22542405 -0.22941330 0.78431373 0.00000000 0.00000000
v 0.08896027 -0.13138905 -0.39063611 0.78431373 0.00000000 0.00000000
v 0.08898745 -0.13157332 -0.39095765 0.78431373 0.00000000 0.00000000
v 0.08916969 0.37589760 -0.06515820 0.78431373 0.00000000 0.00000000
v 0.08921165 -0.13182423 -0.39154732 0.78431373 0.00000000 0.00000000
v 0.08926271 0.25691177 -0.49434195 0.78431373 0.00000000 0.00000000
v 0.08947683 0.26381350 -0.48935347 0.78431373 0.00000000 0.00000000
v 0.08952771 -0.23648535 -0.20319163 0.78431373 0.00000000 0.00000000
v 0.08966234 0.32595185 -0.18479417 0.78431373 0.00000000 0.00000000
v 0.08968261 0.13318415 -0.49982471 0.78431373 0.00000000 0.00000000
v 0.08979814 0.26746635 -0.45504113 0.78431373 0.00000000 0.00000000
v 0.08984501 -0.13093889 -0.39062217 0.78431373 0.00000000 0.00000000
v 0.08990823 0.16781658 -0.32830482 0.78431373 0.00000000 0.00000000
v 0.08997664 0.26851932 -0.30180694 0.78431373 0.00000000 0.00000000
v 0.09015783 -0.29706031 -0.24412053 0.78431373 0.00000000 0.00000000
v 0.09040281 -0.13145388 -0.38915531 0.78431373 0.00000000 0.00000000
v 0.09046594 -0.32781395 -0.17821539 0.78431373 0.00000000 0.00000000
v 0.09056426 0.22432263 -0.23062282 0.78431373 0.00000000 0.00000000
v 0.09067280 0.22457136 -0.23004947 0.78431373 0.00000000 0.00000000
v 0.09075338 0.25815804 -0.49313991 0.78431373 0.00000000 0.00000000
v 0.09080398 -0.22904049 -0.21734198 0.78431373 0.00000000 0.00000000
v 0.09107995 0.22428070 -0.23015002 0.78431373 0.00000000 0.00000000
v 0.09127702 0.22595596 -0.22685782 0.78431373 0.00000000 0.00000000
v 0.09146820 -0.34510069 -0.13649188 0.78431373 0.00000000 0.00000000
v 0.09157803 0.24401206 -0.18974463 0.78431373 0.00000000 0.00000000
v 0.09158420 0.14643192 -0.43776116 0.78431373 0.00000000 0.00000000
v 0.09204906 0.27077650 -0.46741505 0.78431373 0.00000000 0.00000000
v 0.09211268 -0.21816000 -0.39458954 0.78431373 0.00000000 0.00000000
v 0.09229798 0.22418168 -0.22903330 0.78431373 0.00000000 0.00000000
v 0.09256122 0.25231194 -0.33181345 0.78431373 0.00000000 0.00000000
v 0.09304232 0.22286410 -0.23062882 0.78431373 0.00000000 0.00000000
v 0.09325825 0.26276208 -0.48932212 0.78431373 0.00000000 0.00000000
v 0.09331653 0.22250672 -0.23098463 0.78431373 0.00000000 0.00000000
v 0.09380203 -0.23535817 -0.20312848 0.78431373 0.00000000 0.00000000
v 0.09403261 -0.23584407 -0.20203530 0.78431373 0.00000000 0.00000000
v 0.09413929 -0.28092855 -0.10666651 0.78431373 0.00000000 0.00000000
v 0.09416293 0.12620557 -0.49982483 0.78431373 0.00000000 0.00000000
v 0.09423419 -0.14279610 -0.43810222 0.78431373 0.00000000 0.00000000
v 0.09441065 0.21893895 -0.39332198 0.78431373 0.00000000 0.00000000
v 0.09443205 -0.30319148 -0.22839680 0.78431373 0.00000000 0.00000000
v 0.09455552 0.26936341 -0.46550004 0.78431373 0.00000000 0.00000000
v 0.09472094 0.26499880 -0.30623003 0.78431373 0.00000000 0.00000000
v 0.09544694 0.26917350 -0.46826264 0.78431373 0.00000000 0.00000000
v 0.09544724 -0.32025550 -0.19143526 0.78431373 0.00000000 0.00000000
v 0.09551831 0.18677077 -0.29049893 0.78431373 0.00000000 0.00000000
v 0.09567988 0.26832489 -0.47150123 0.78431373 0.00000000 0.00000000
v 0.09570308 -0.22145574 -0.22589499 0.78431373 0.00000000 0.00000000
v 0.09582574 0.26822640 -0.47166538 0.78431373 0.00000000 0.00000000
v 0.09590927 0.26842823 -0.47064759 0.78431373 0.00000000 0.00000000
v 0.09592324 -0.28861140 -0.22187804 0.78431373 0.00000000 0.00000000
v 0.09612514 -0.22814883 -0.37400779 0.78431373 0.00000000 0.00000000
v 0.09614559 0.37447627 -0.06387015 0.78431373 0.00000000 0.00000000
v 0.09649507 -0.23399010 -0.20285908 0.78431373 0.00000000 0.00000000
v 0.09675343 0.15137173 -0.43760125 0.78431373 0.00000000 0.00000000
v 0.09687545 -0.26513283 -0.30375056 0.78431373 0.00000000 0.00000000
v 0.09689399 -0.23006284 -0.37006401 0.78431373 0.00000000 0.00000000
v 0.09706750 0.32549160 -0.18127799 0.78431373 0.00000000 0.00000000
v 0.09720389 -0.28017295 -0.10641319 0.78431373 0.00000000 0.00000000
v 0.09734361 0.30920776 -0.21627385 0.78431373 0.00000000 0.00000000
v 0.09736688 0.26791826 -0.29926664 0.78431373 0.00000000 0.00000000
v 0.09748969 0.12445713 -0.43802460 0.78431373 0.00000000 0.00000000
v 0.09755513 -0.27905286 -0.27563475 0.78431373 0.00000000 0.00000000
v 0.09772499 -0.24201436 -0.18677423 0.78431373 0.00000000 0.00000000
v 0.09773025 0.24074396 -0.19277012 0.78431373 0.00000000 0.00000000
v 0.09792905 -0.14180713 -0.36314876 0.78431373 0.00000000 0.00000000
v 0.09796045 -0.14591183 -0.43212117 0.78431373 0.00000000 0.00000000
v 0.09818976 0.15301987 -0.43606206 0.78431373 0.00000000 0.00000000
v 0.09821221 0.20418856 -0.25785079 0.78431373 0.00000000 0.00000000
v 0.09828738 0.30852927 -0.21719431 0.78431373 0.00000000 0.00000000
v 0.09836317 -0.14598299 -0.43427327 0.78431373 0.00000000 0.00000000
v 0.09838846 -0.14564072 -0.43806211 0.78431373 0.00000000 0.00000000
v 0.09846524 -0.30793748 -0.21593975 0.78431373 0.00000000 0.00000000
v 0.09863740 0.30856333 -0.21692497 0.78431373 0.00000000 0.00000000
v 0.09863812 -0.14453948 -0.42519292 0.78431373 0.00000000 0.00000000
v 0.09885541 0.23158036 -0.36735873 0.78431373 0.00000000 0.00000000
v 0.09886930 -0.23924152 -0.35202125 0.78431373 0.00000000 0.00000000
v 0.09918137 0.14372836 -0.36212217 0.78431373 0.00000000 0.00000000
v 0.09920606 0.16382888 -0.32607506 0.78431373 0.00000000 0.00000000
v 0.09944275 -0.30586756 -0.21978448 0.78431373 0.00000000 0.00000000
v 0.09997250 -0.24220350 -0.18405869 0.78431373 0.00000000 0.00000000
v 0.10036762 -0.14065401 -0.36295038 0.78431373 0.00000000 0.00000000
v 0.10048065 -0.23899167 -0.35166636 0.78431373 0.00000000 0.00000000
v 0.10049479 0.23129731 -0.36703962 0.78431373 0.00000000 0.00000000
v 0.10114574 0.01062769 -0.43800104 0.78431373 0.00000000 0.00000000
v 0.10145448 0.20371451 -0.25550092 0.78431373 0.00000000 0.00000000
v 0.10157529 0.12083577 -0.39118031 0.78431373 0.00000000 0.00000000
v 0.10177185 0.17164481 -0.31045816 0.78431373 0.00000000 0.00000000
v 0.10192583 -0.20686870 -0.24554817 0.78431373 0.00000000 0.00000000
v 0.10226621 -0.08368538 -0.43800439 0.78431373 0.00000000 0.00000000
v 0.10257870 -0.22474688 -0.37340180 0.78431373 0.00000000 0.00000000
v 0.10264619 -0.29933521 -0.23222227 0.78431373 0.00000000 0.00000000
v 0.10279242 0.30822133 -0.04791009 0.78431373 0.00000000 0.00000000
v 0.10334466 -0.20333432 -0.25014776 0.78431373 0.00000000 0.00000000
v 0.10350631 0.28693168 -0.25962617 0.78431373 0.00000000 0.00000000
v 0.10357477 0.14638094 -0.49982234 0.78431373 0.00000000 0.00000000
v 0.10374565 -0.23025127 -0.20211440 0.78431373 0.00000000 0.00000000
v 0.10382501 0.16022834 -0.32769222 0.78431373 0.00000000 0.00000000
v 0.10386844 -0.16093455 -0.32326984 0.78431373 0.00000000 0.00000000
v 0.10393714 0.13822917 -0.43768316 0.78431373 0.00000000 0.00000000
v 0.10409707 0.17900182 -0.29550836 0.78431373 0.00000000 0.00000000
v 0.10412401 -0.26609876 -0.46225389 0.78431373 0.00000000 0.00000000
v 0.10441901 0.13578419 -0.41347815 0.78431373 0.00000000 0.00000000
v 0.10480243 0.13686892 -0.41530714 0.78431373 0.00000000 0.00000000
v 0.10486675 -0.16114075 -0.32195395 0.78431373 0.00000000 0.00000000
v 0.10487661 -0.16304180 -0.31864239 0.78431373 0.00000000 0.00000000
v 0.10489479 -0.18945578 -0.27215712 0.78431373 0.00000000 0.00000000
v 0.10489770 -0.18967089 -0.27178954 0.78431373 0.00000000 0.00000000
v 0.10493309 -0.16051092 -0.32298431 0.78431373 0.00000000 0.00000000
v 0.10510334 -0.18948514 -0.27190259 0.78431373 0.00000000 0.00000000
v 0.10528846 0.12442404 -0.38132892 0.78431373 0.00000000 0.00000000
v 0.10529999 -0.26263245 -0.30376513 0.78431373 0.00000000 0.00000000
v 0.10530375 -0.25099855 -0.32692647 0.78431373 0.00000000 0.00000000
v 0.10537424 -0.15980894 -0.32378043 0.78431373 0.00000000 0.00000000
v 0.10603576 -0.16030053 -0.32229192 0.78431373 0.00000000 0.00000000
v 0.10632759 0.14333666 -0.43756630 0.78431373 0.00000000 0.00000000
v 0.10684900 0.26164016 -0.14460239 0.78431373 0.00000000 0.00000000
v 0.10730141 0.26377378 -0.13984567 0.78431373 0.00000000 0.00000000
v 0.10733048 0.30741158 -0.04692187 0.78431373 0.00000000 0.00000000
v 0.10758926 -0.15426346 -0.33128789 0.78431373 0.00000000 0.00000000
v 0.10789524 0.14636112 -0.43522755 0.78431373 0.00000000 0.00000000
v 0.10803152 0.25673341 -0.31552673 0.78431373 0.00000000 0.00000000
v 0.10813489 -0.29457037 -0.23954143 0.78431373 0.00000000 0.00000000
v 0.10829322 0.20259758 -0.25046940 0.78431373 0.00000000 0.00000000
v 0.10866921 0.01008482 -0.43799295 0.78431373 0.00000000 0.00000000
v 0.10885044 -0.11359744 -0.38794851 0.78431373 0.00000000 0.00000000
v 0.10890547 -0.00389369 -0.49982863 0.78431373 0.00000000 0.00000000
v 0.10910334 0.24878338 -0.32985225 0.78431373 0.00000000 0.00000000
v 0.10911374 0.36749924 -0.07292884 0.78431373 0.00000000 0.00000000
v 0.10944532 -0.14010568 -0.43809498 0.78431373 0.00000000 0.00000000
v 0.10973697 0.26236055 -0.13997047 0.78431373 0.00000000 0.00000000
v 0.10978980 -0.14935315 -0.33817242 0.78431373 0.00000000 0.00000000
v 0.10988615 0.36917153 -0.06795195 0.78431373 0.00000000 0.00000000
v 0.11011993 0.27706607 -0.11021155 0.78431373 0.00000000 0.00000000
v 0.11030478 -0.15974469 -0.31916192 0.78431373 0.00000000 0.00000000
v 0.11047334 0.32967903 -0.16336485 0.78431373 0.00000000 0.00000000
v 0.11052436 -0.11290411 -0.39272212 0.78431373 0.00000000 0.00000000
v 0.11058868 0.00994599 -0.43799235 0.78431373 0.00000000 0.00000000
v 0.11063250 -0.15477530 -0.32747930 0.78431373 0.00000000 0.00000000
v 0.11117395 -0.29161313 -0.24356744 0.78431373 0.00000000 0.00000000
v 0.11119960 0.25997983 -0.45278350 0.78431373 0.00000000 0.00000000
v 0.11138128 0.25772295 -0.48917185 0.78431373 0.00000000 0.00000000
v 0.11155669 -0.25978634 -0.48586191 0.78431373 0.00000000 0.00000000
v 0.11178215 0.15460346 -0.33051992 0.78431373 0.00000000 0.00000000
v 0.11181294 0.25428723 -0.31814730 0.78431373 0.00000000 0.00000000
v 0.11182867 -0.12432353 -0.36972130 0.78431373 0.00000000 0.00000000
v 0.11191845 0.13907080 -0.35216365 0.78431373 0.00000000 0.00000000
v 0.11205738 0.26093690 -0.14006274 0.78431373 0.00000000 0.00000000
v 0.11205933 -0.27544448 -0.27427323 0.78431373 0.00000000 0.00000000
v 0.11234989 0.28297680 -0.26268084 0.78431373 0.00000000 0.00000000
v 0.11243394 -0.26659431 -0.12598019 0.78431373 0.00000000 0.00000000
v 0.11266279 -0.26148294 -0.30171563 0.78431373 0.00000000 0.00000000
v 0.11304473 -0.33804098 -0.13928777 0.78431373 0.00000000 0.00000000
v 0.11315762 -0.15246252 -0.32931592 0.78431373 0.00000000 0.00000000
v 0.11323997 -0.12970553 -0.36041548 0.78431373 0.00000000 0.00000000
v 0.11326033 -0.11094765 -0.39558025 0.78431373 0.00000000 0.00000000
v 0.11337534 0.36789839 -0.06904695 0.78431373 0.00000000 0.00000000
v 0.11350946 -0.23387530 -0.34751894 0.78431373 0.00000000 0.00000000
v 0.11366231 -0.13594947 -0.42597583 0.78431373 0.00000000 0.00000000
v 0.11383359 0.25839166 -0.30941846 0.78431373 0.00000000 0.00000000
v 0.11463314 -0.30084491 -0.22226856 0.78431373 0.00000000 0.00000000
v 0.11470150 0.19623776 -0.25503541 0.78431373 0.00000000 0.00000000
v 0.11510229 0.22690133 -0.19971142 0.78431373 0.00000000 0.00000000
v 0.11526422 0.29644701 -0.23373242 0.78431373 0.00000000 0.00000000
v 0.11531183 0.30155132 -0.05562361 0.78431373 0.00000000 0.00000000
v 0.11558280 0.27632741 -0.10564169 0.78431373 0.00000000 0.00000000
v 0.11567578 -0.24888502 -0.15520633 0.78431373 0.00000000 0.00000000
v 0.11625504 0.26887383 -0.28796183 0.78431373 0.00000000 0.00000000
v 0.11629066 -0.27516720 -0.10466961 0.78431373 0.00000000 0.00000000
v 0.11678305 -0.15580975 -0.31978195 0.78431373 0.00000000 0.00000000
v 0.11694729 0.30442266 -0.04782339 0.78431373 0.00000000 0.00000000
v 0.11698012 -0.23383672 -0.49983239 0.78431373 0.00000000 0.00000000
v 0.11714973 0.25783959 -0.14027455 0.78431373 0.00000000 0.00000000
v 0.11797797 0.22209394 -0.20548914 0.78431373 0.00000000 0.00000000
v 0.11821844 0.13927856 -0.43433993 0.78431373 0.00000000 0.00000000
v 0.11843857 0.17157464 -0.29430013 0.78431373 0.00000000 0.00000000
v 0.11876997 -0.15371642 -0.49983065 0.78431373 0.00000000 0.00000000
v 0.11885255 0.28011812 -0.26494515 0.78431373 0.00000000 0.00000000
v 0.11894395 -0.15858641 -0.31279502 0.78431373 0.00000000 0.00000000
v 0.11940688 -0.27109123 -0.27861150 0.78431373 0.00000000 0.00000000
v 0.11942789 0.21963812 -0.20839645 0.78431373 0.00000000 0.00000000
v 0.11953652 0.00994634 -0.43798970 0.78431373 0.00000000 0.00000000
v 0.11955058 -0.27365971 -0.27357657 0.78431373 0.00000000 0.00000000
v 0.11974515 0.22399991 -0.36081026 0.78431373 0.00000000 0.00000000
v 0.11987176 -0.29598015 -0.22994436 0.78431373 0.00000000 0.00000000
v 0.11989858 -0.25152004 -0.14590255 0.78431373 0.00000000 0.00000000
v 0.11999712 -0.28164091 -0.25793118 0.78431373 0.00000000 0.00000000
v 0.12020694 -0.27326475 -0.27349571 0.78431373 0.00000000 0.00000000
v 0.12071040 -0.29438949 -0.23294043 0.78431373 0.00000000 0.00000000
v 0.12076982 0.28841771 -0.24795618 0.78431373 0.00000000 0.00000000
v 0.12092644 0.14406689 -0.33347486 0.78431373 0.00000000 0.00000000
v 0.12097885 -0.29568074 -0.22998031 0.78431373 0.00000000 0.00000000
v 0.12127822 0.28959872 -0.24512618 0.78431373 0.00000000 0.00000000
v 0.12135621 -0.29553177 -0.22996786 0.78431373 0.00000000 0.00000000
v 0.12204313 0.32996352 -0.15556293 0.78431373 0.00000000 0.00000000
v 0.12208702 -0.27837237 -0.26147400 0.78431373 0.00000000 0.00000000
v 0.12214271 0.19640187 -0.24715111 0.78431373 0.00000000 0.00000000
v 0.12216841 0.29694168 -0.22880170 0.78431373 0.00000000 0.00000000
v 0.12225414 0.28797848 -0.24717579 0.78431373 0.00000000 0.00000000
v 0.12225625 -0.30182503 -0.21589493 0.78431373 0.00000000 0.00000000
v 0.12251288 0.16386461 -0.30360767 0.78431373 0.00000000 0.00000000
v 0.12251374 0.32572261 -0.16502646 0.78431373 0.00000000 0.00000000
v 0.12278480 -0.23115887 -0.26980838 0.78431373 0.00000000 0.00000000
v 0.12290839 -0.07032113 -0.49982861 0.78431373 0.00000000 0.00000000
v 0.12323510 0.14252302 -0.33265273 0.78431373 0.00000000 0.00000000
v 0.12338300 0.13815260 -0.33860070 0.78431373 0.00000000 0.00000000
v 0.12342339 0.13695913 -0.34022496 0.78431373 0.00000000 0.00000000
v 0.12365340 0.29511624 -0.23190484 0.78431373 0.00000000 0.00000000
v 0.12367682 -0.12075817 -0.35845671 0.78431373 0.00000000 0.00000000
v 0.12380465 -0.19744579 -0.24004408 0.78431373 0.00000000 0.00000000
v 0.12384281 -0.22976462 -0.34420778 0.78431373 0.00000000 0.00000000
v 0.12389860 0.13685427 -0.33969949 0.78431373 0.00000000 0.00000000
v 0.12391242 0.25104207 -0.14573601 0.78431373 0.00000000 0.00000000
v 0.12434691 0.24233612 -0.32602823 0.78431373 0.00000000 0.00000000
v 0.12469794 0.09929626 -0.39148264 0.78431373 0.00000000 0.00000000
v 0.12485432 -0.27089915 -0.27295896 0.78431373 0.00000000 0.00000000
v 0.12498809 -0.30195563 -0.21325091 0.78431373 0.00000000 0.00000000
v 0.12529732 0.18158824 -0.42077308 0.78431373 0.00000000 0.00000000
v 0.12592494 0.16760615 -0.29358834 0.78431373 0.00000000 0.00000000
v 0.12605113 -0.32007833 -0.17405039 0.78431373 0.00000000 0.00000000
v 0.12645724 0.29880827 -0.04821886 0.78431373 0.00000000 0.00000000
v 0.12689233 -0.20594864 -0.38110362 0.78431373 0.00000000 0.00000000
v 0.12711994 0.36257526 -0.07311663 0.78431373 0.00000000 0.00000000
v 0.12713896 -0.29209695 -0.22917068 0.78431373 0.00000000 0.00000000
v 0.12723898 0.34115790 -0.05623873 0.78431373 0.00000000 0.00000000
v 0.12725349 0.22232561 -0.19517155 0.78431373 0.00000000 0.00000000
v 0.12735484 -0.10532369 -0.40622988 0.78431373 0.00000000 0.00000000
v 0.12738098 -0.27081006 -0.27033716 0.78431373 0.00000000 0.00000000
v 0.12768595 -0.25627050 -0.12847792 0.78431373 0.00000000 0.00000000
v 0.12779450 -0.16995902 -0.28417808 0.78431373 0.00000000 0.00000000
v 0.12794080 0.22128398 -0.19635493 0.78431373 0.00000000 0.00000000
v 0.12807917 -0.26950950 -0.10217276 0.78431373 0.00000000 0.00000000
v 0.12821526 -0.20031790 -0.23084399 0.78431373 0.00000000 0.00000000
v 0.12848804 -0.20261878 -0.38510812 0.78431373 0.00000000 0.00000000
v 0.12851189 -0.16892175 -0.28465225 0.78431373 0.00000000 0.00000000
v 0.12867362 -0.26889102 -0.27251253 0.78431373 0.00000000 0.00000000
v 0.12930036 0.24524600 -0.15082130 0.78431373 0.00000000 0.00000000
v 0.12936470 0.24618300 -0.14894020 0.78431373 0.00000000 0.00000000
v 0.12936541 0.28587416 -0.24343703 0.78431373 0.00000000 0.00000000
v 0.12968333 0.25273551 -0.13593424 0.78431373 0.00000000 0.00000000
v 0.13025846 0.13736721 -0.32996710 0.78431373 0.00000000 0.00000000
v 0.13057003 0.12224947 -0.35082512 0.78431373 0.00000000 0.00000000
v 0.13064113 -0.30161131 -0.20677691 0.78431373 0.00000000 0.00000000
v 0.13078890 0.31169192 -0.19218537 0.78431373 0.00000000 0.00000000
v 0.13084363 -0.20287823 -0.38234844 0.78431373 0.00000000 0.00000000
v 0.13105095 -0.26574475 -0.27579422 0.78431373 0.00000000 0.00000000
v 0.13120045 -0.26741967 -0.10267521 0.78431373 0.00000000 0.00000000
v 0.13170187 -0.15436821 -0.30093726 0.78431373 0.00000000 0.00000000
v 0.13184864 -0.22199171 -0.18774166 0.78431373 0.00000000 0.00000000
v 0.13198962 -0.09495719 -0.39954608 0.78431373 0.00000000 0.00000000
v 0.13202550 0.27059658 -0.26815474 0.78431373 0.00000000 0.00000000
v 0.13206020 0.29552523 -0.04845648 0.78431373 0.00000000 0.00000000
v 0.13218106 -0.27994240 -0.16981474 0.78431373 0.00000000 0.00000000
v 0.13247077 -0.09204515 -0.38462562 0.78431373 0.00000000 0.00000000
v 0.13267107 -0.12623488 -0.33868189 0.78431373 0.00000000 0.00000000
v 0.13311570 0.21329011 -0.20533390 0.78431373 0.00000000 0.00000000
v 0.13334355 0.27575155 -0.08714233 0.78431373 0.00000000 0.00000000
v 0.13372216 0.31830971 -0.17515207 0.78431373 0.00000000 0.00000000
v 0.13386133 -0.20585737 -0.21535944 0.78431373 0.00000000 0.00000000
v 0.13390378 0.17635545 -0.27015888 0.78431373 0.00000000 0.00000000
v 0.13407155 -0.20396982 -0.21849845 0.78431373 0.00000000 0.00000000
v 0.13414528 -0.22274991 -0.18392555 0.78431373 0.00000000 0.00000000
v 0.13487933 -0.11738710 -0.34780597 0.78431373 0.00000000 0.00000000
v 0.13518039 -0.22065958 -0.18668816 0.78431373 0.00000000 0.00000000
v 0.13598540 0.26541742 -0.27329534 0.78431373 0.00000000 0.00000000
v 0.13605352 0.32356952 -0.16161403 0.78431373 0.00000000 0.00000000
v 0.13610340 -0.12946716 -0.32956885 0.78431373 0.00000000 0.00000000
v 0.13642099 -0.21815429 -0.18999919 0.78431373 0.00000000 0.00000000
v 0.13645808 0.24652699 -0.14024536 0.78431373 0.00000000 0.00000000
v 0.13676923 -0.30150780 -0.20019898 0.78431373 0.00000000 0.00000000
v 0.13682448 -0.10927575 -0.35592608 0.78431373 0.00000000 0.00000000
v 0.13695241 0.21661068 -0.35667835 0.78431373 0.00000000 0.00000000
v 0.13718254 -0.19527614 -0.39703675 0.78431373 0.00000000 0.00000000
v 0.13816454 -0.19925634 -0.38556990 0.78431373 0.00000000 0.00000000
v 0.13829283 -0.25705018 -0.11536319 0.78431373 0.00000000 0.00000000
v 0.13880359 0.16798402 -0.49981727 0.78431373 0.00000000 0.00000000
v 0.13883968 0.26977185 -0.26242439 0.78431373 0.00000000 0.00000000
v 0.13896922 0.33193122 -0.14058052 0.78431373 0.00000000 0.00000000
v 0.13938554 -0.33175145 -0.13722389 0.78431373 0.00000000 0.00000000
v 0.13955586 0.19199872 -0.23706306 0.78431373 0.00000000 0.00000000
v 0.13992277 -0.00389386 -0.49982569 0.78431373 0.00000000 0.00000000
v 0.13994825 0.33235652 -0.13899749 0.78431373 0.00000000 0.00000000
v 0.14023495 -0.22281914 -0.33966656 0.78431373 0.00000000 0.00000000
v 0.14052875 -0.25222621 -0.28899366 0.78431373 0.00000000 0.00000000
v 0.14087895 -0.26776182 -0.26115947 0.78431373 0.00000000 0.00000000
v 0.14106738 -0.15986730 -0.49982865 0.78431373 0.00000000 0.00000000
v 0.14107528 -0.33164890 -0.13638384 0.78431373 0.00000000 0.00000000
v 0.14121685 -0.09807529 -0.41827431 0.78431373 0.00000000 0.00000000
v 0.14122702 0.26026420 -0.27703176 0.78431373 0.00000000 0.00000000
v 0.14126286 -0.10433142 -0.35648667 0.78431373 0.00000000 0.00000000
v 0.14154786 0.15542914 -0.28864949 0.78431373 0.00000000 0.00000000
v 0.14155210 -0.33125310 -0.13700954 0.78431373 0.00000000 0.00000000
v 0.14160650 -0.24603996 -0.29835185 0.78431373 0.00000000 0.00000000
v 0.14166992 -0.33159743 -0.13608563 0.78431373 0.00000000 0.00000000
v 0.14214368 0.27944994 -0.07002934 0.78431373 0.00000000 0.00000000
v 0.14237120 0.33782298 -0.12492756 0.78431373 0.00000000 0.00000000
v 0.14237487 0.16304673 -0.27684773 0.78431373 0.00000000 0.00000000
v 0.14263035 0.14423876 -0.30275911 0.78431373 0.00000000 0.00000000
v 0.14277328 -0.33120827 -0.13548289 0.78431373 0.00000000 0.00000000
v 0.14297895 0.11117638 -0.34884690 0.78431373 0.00000000 0.00000000
v 0.14321327 -0.23723391 -0.31184618 0.78431373 0.00000000 0.00000000
v 0.14339917 -0.13627802 -0.30994835 0.78431373 0.00000000 0.00000000
v 0.14359817 -0.19823219 -0.38352735 0.78431373 0.00000000 0.00000000
v 0.14367242 0.24642253 -0.48029238 0.78431373 0.00000000 0.00000000
v 0.14430654 -0.16939698 -0.49982853 0.78431373 0.00000000 0.00000000
v 0.14444957 0.06520364 -0.39142458 0.78431373 0.00000000 0.00000000
v 0.14453721 0.11126943 -0.43742682 0.78431373 0.00000000 0.00000000
v 0.14460369 0.30781589 -0.18406352 0.78431373 0.00000000 0.00000000
v 0.14482417 -0.22083777 -0.33838255 0.78431373 0.00000000 0.00000000
v 0.14484269 -0.27019436 -0.25221801 0.78431373 0.00000000 0.00000000
v 0.14493374 0.18845048 -0.23777001 0.78431373 0.00000000 0.00000000
v 0.14494268 -0.15295640 -0.36953889 0.78431373 0.00000000 0.00000000
v 0.14588889 0.15555700 -0.28237258 0.78431373 0.00000000 0.00000000
v 0.14622971 0.19024421 -0.23314046 0.78431373 0.00000000 0.00000000
v 0.14628879 -0.30131553 -0.19004189 0.78431373 0.00000000 0.00000000
v 0.14634301 0.28113544 -0.06158437 0.78431373 0.00000000 0.00000000
v 0.14636404 -0.25751338 -0.10512226 0.78431373 0.00000000 0.00000000
v 0.14654926 0.26062801 -0.27073938 0.78431373 0.00000000 0.00000000
v 0.14659149 -0.24434911 -0.46200337 0.78431373 0.00000000 0.00000000
v 0.14661958 -0.09002753 -0.43795690 0.78431373 0.00000000 0.00000000
v 0.14683212 -0.21749713 -0.34207267 0.78431373 0.00000000 0.00000000
v 0.14698537 -0.09359735 -0.42462315 0.78431373 0.00000000 0.00000000
v 0.14752262 0.33428400 -0.12620648 0.78431373 0.00000000 0.00000000
v 0.14765170 -0.19547473 -0.21997282 0.78431373 0.00000000 0.00000000
v 0.14775743 0.19461314 -0.40208456 0.78431373 0.00000000 0.00000000
v 0.14781909 -0.11349325 -0.33550355 0.78431373 0.00000000 0.00000000
v 0.14823277 -0.09089668 -0.35601330 0.78431373 0.00000000 0.00000000
v 0.14837858 0.30412159 -0.18713995 0.78431373 0.00000000 0.00000000
v 0.14848438 0.19227959 -0.38478043 0.78431373 0.00000000 0.00000000
v 0.14865717 0.35537074 -0.07664127 0.78431373 0.00000000 0.00000000
v 0.14878996 -0.24505878 -0.29269761 0.78431373 0.00000000 0.00000000
v 0.14884032 -0.05771014 -0.38613504 0.78431373 0.00000000 0.00000000
v 0.14892218 0.22540731 -0.49238336 0.78431373 0.00000000 0.00000000
v 0.14896042 0.35517845 -0.07691888 0.78431373 0.00000000 0.00000000
v 0.14943583 0.33467127 -0.12293586 0.78431373 0.00000000 0.00000000
v 0.14957457 0.22593565 -0.49166997 0.78431373 0.00000000 0.00000000
v 0.14970595 -0.28040582 -0.22696159 0.78431373 0.00000000 0.00000000
v 0.15053556 0.27253755 -0.07453485 0.78431373 0.00000000 0.00000000
v 0.15065420 -0.22797560 -0.15602678 0.78431373 0.00000000 0.00000000
v 0.15076398 0.14875993 -0.28501790 0.78431373 0.00000000 0.00000000
v 0.15086846 -0.18870438 -0.49983189 0.78431373 0.00000000 0.00000000
v 0.15091229 -0.10135160 -0.43795282 0.78431373 0.00000000 0.00000000
v 0.15107732 0.27259585 -0.07377635 0.78431373 0.00000000 0.00000000
v 0.15126394 0.19721195 -0.21515692 0.78431373 0.00000000 0.00000000
v 0.15134103 0.27209864 -0.07446160 0.78431373 0.00000000 0.00000000
v 0.15161920 -0.25213162 -0.10989172 0.78431373 0.00000000 0.00000000
v 0.15183728 -0.25786219 -0.21546637 0.78431373 0.00000000 0.00000000
v 0.15224090 0.21297967 -0.49942171 0.78431373 0.00000000 0.00000000
v 0.15243880 0.21199228 -0.49980136 0.78431373 0.00000000 0.00000000
v 0.15246537 0.21161553 -0.49981262 0.78431373 0.00000000 0.00000000
v 0.15248833 -0.08351450 -0.35592017 0.78431373 0.00000000 0.00000000
v 0.15250952 0.21087408 -0.49981260 0.78431373 0.00000000 0.00000000
v 0.15251655 -0.09086959 -0.43795494 0.78431373 0.00000000 0.00000000
v 0.15259166 0.15286072 -0.27672253 0.78431373 0.00000000 0.00000000
v 0.15285262 0.09961335 -0.34344582 0.78431373 0.00000000 0.00000000
v 0.15286646 -0.27500594 -0.23397587 0.78431373 0.00000000 0.00000000
v 0.15307712 0.12084174 -0.32092374 0.78431373 0.00000000 0.00000000
v 0.15314995 0.21572420 -0.34272649 0.78431373 0.00000000 0.00000000
v 0.15325605 -0.20661414 -0.35396766 0.78431373 0.00000000 0.00000000
v 0.15340554 -0.07467408 -0.49982580 0.78431373 0.00000000 0.00000000
v 0.15349807 0.33545791 -0.11597727 0.78431373 0.00000000 0.00000000
v 0.15359128 0.19271967 -0.49981392 0.78431373 0.00000000 0.00000000
v 0.15373185 0.24828438 -0.28595641 0.78431373 0.00000000 0.00000000
v 0.15377690 0.26730130 -0.08084909 0.78431373 0.00000000 0.00000000
v 0.15378871 -0.20336574 -0.19850221 0.78431373 0.00000000 0.00000000
v 0.15379851 0.21127402 -0.49981244 0.78431373 0.00000000 0.00000000
v 0.15395244 -0.20542350 -0.35527537 0.78431373 0.00000000 0.00000000
v 0.15402101 0.09549397 -0.34550378 0.78431373 0.00000000 0.00000000
v 0.15430376 0.15536016 -0.27082623 0.78431373 0.00000000 0.00000000
v 0.15461222 -0.20236511 -0.19880384 0.78431373 0.00000000 0.00000000
v 0.15483105 -0.09154967 -0.43662908 0.78431373 0.00000000 0.00000000
v 0.15491653 -0.18154798 -0.46702251 0.78431373 0.00000000 0.00000000
v 0.15512412 -0.09123179 -0.43799258 0.78431373 0.00000000 0.00000000
v 0.15515831 0.11909127 -0.32044167 0.78431373 0.00000000 0.00000000
v 0.15540026 0.20852034 -0.35215174 0.78431373 0.00000000 0.00000000
v 0.15573955 -0.20382642 -0.35796125 0.78431373 0.00000000 0.00000000
v 0.15586717 -0.14400489 -0.28186166 0.78431373 0.00000000 0.00000000
v 0.15592519 -0.14404032 -0.28172984 0.78431373 0.00000000 0.00000000
v 0.15599392 -0.14396660 -0.28173868 0.78431373 0.00000000 0.00000000
v 0.15606147 0.20909091 -0.42449609 0.78431373 0.00000000 0.00000000
v 0.15654360 -0.02997404 -0.39167336 0.78431373 0.00000000 0.00000000
v 0.15673228 0.21232423 -0.34478267 0.78431373 0.00000000 0.00000000
v 0.15699274 0.14586400 -0.28031260 0.78431373 0.00000000 0.00000000
v 0.15700516 0.20639888 -0.42202502 0.78431373 0.00000000 0.00000000
v 0.15701999 0.26134376 -0.25836004 0.78431373 0.00000000 0.00000000
v 0.15718261 0.20707966 -0.35277206 0.78431373 0.00000000 0.00000000
v 0.15726318 -0.18962739 -0.49983295 0.78431373 0.00000000 0.00000000
v 0.15736302 0.02495159 -0.39053089 0.78431373 0.00000000 0.00000000
v 0.15741942 0.02873184 -0.39045226 0.78431373 0.00000000 0.00000000
v 0.15831074 0.18403667 -0.40212079 0.78431373 0.00000000 0.00000000
v 0.15831374 -0.07767952 -0.35178770 0.78431373 0.00000000 0.00000000
v 0.15866716 0.02397909 -0.39316501 0.78431373 0.00000000 0.00000000
v 0.15875988 0.23386538 -0.48356381 0.78431373 0.00000000 0.00000000
v 0.15885793 0.13927707 -0.28689274 0.78431373 0.00000000 0.00000000
v 0.15941357 0.18217963 -0.39794135 0.78431373 0.00000000 0.00000000
v 0.15942414 0.21089364 -0.34452350 0.78431373 0.00000000 0.00000000
v 0.15943289 -0.21062306 -0.17875583 0.78431373 0.00000000 0.00000000
v 0.15953188 0.11293398 -0.31906434 0.78431373 0.00000000 0.00000000
v 0.15982882 0.18685903 -0.40623352 0.78431373 0.00000000 0.00000000
v 0.15997578 0.02876309 -0.38554019 0.78431373 0.00000000 0.00000000
v 0.16010853 -0.23113510 -0.13973837 0.78431373 0.00000000 0.00000000
v 0.16028061 0.07349796 -0.35653363 0.78431373 0.00000000 0.00000000
v 0.16038679 0.20316891 -0.35379165 0.78431373 0.00000000 0.00000000
v 0.16044933 0.02272565 -0.39663004 0.78431373 0.00000000 0.00000000
v 0.16064455 0.23960162 -0.12622668 0.78431373 0.00000000 0.00000000
v 0.16078634 0.24124034 -0.29098138 0.78431373 0.00000000 0.00000000
v 0.16085604 -0.20618388 -0.34718747 0.78431373 0.00000000 0.00000000
v 0.16113971 -0.24176186 -0.11877567 0.78431373 0.00000000 0.00000000
v 0.16197915 0.21524099 -0.33512141 0.78431373 0.00000000 0.00000000
v 0.16213210 -0.20887251 -0.17738126 0.78431373 0.00000000 0.00000000
v 0.16221964 0.30406239 -0.08783586 0.78431373 0.00000000 0.00000000
v 0.16249513 -0.18560922 -0.37371020 0.78431373 0.00000000 0.00000000
v 0.16254642 0.18225749 -0.22044601 0.78431373 0.00000000 0.00000000
v 0.16255614 -0.17425670 -0.39894424 0.78431373 0.00000000 0.00000000
v 0.16298730 -0.21685400 -0.32666919 0.78431373 0.00000000 0.00000000
v 0.16311050 0.12425908 -0.30189525 0.78431373 0.00000000 0.00000000
v 0.16343204 0.23460151 -0.46642487 0.78431373 0.00000000 0.00000000
v 0.16357571 0.17668760 -0.38494971 0.78431373 0.00000000 0.00000000
v 0.16369983 -0.06519717 -0.35461371 0.78431373 0.00000000 0.00000000
v 0.16390175 0.19735131 -0.49981257 0.78431373 0.00000000 0.00000000
v 0.16390635 0.23370725 -0.46086008 0.78431373 0.00000000 0.00000000
v 0.16397819 0.34078367 -0.09052783 0.78431373 0.00000000 0.00000000
v 0.16406708 -0.17406399 -0.38764211 0.78431373 0.00000000 0.00000000
v 0.16409338 -0.23194027 -0.29960783 0.78431373 0.00000000 0.00000000
v 0.16428396 0.06970854 -0.35349252 0.78431373 0.00000000 0.00000000
v 0.16437936 -0.17372021 -0.38858280 0.78431373 0.00000000 0.00000000
v 0.16471016 0.23295926 -0.45800683 0.78431373 0.00000000 0.00000000
v 0.16553377 -0.27392733 -0.22206171 0.78431373 0.00000000 0.00000000
v 0.16556609 0.07770961 -0.43491932 0.78431373 0.00000000 0.00000000
v 0.16562906 0.20614214 -0.34263714 0.78431373 0.00000000 0.00000000
v 0.16583021 -0.15534588 -0.25173127 0.78431373 0.00000000 0.00000000
v 0.16607979 0.17356345 -0.22808404 0.78431373 0.00000000 0.00000000
v 0.16628426 0.17303382 -0.22853406 0.78431373 0.00000000 0.00000000
v 0.16639725 0.21815754 -0.16109694 0.78431373 0.00000000 0.00000000
v 0.16651420 -0.04923960 -0.35728819 0.78431373 0.00000000 0.00000000
v 0.16698903 0.17292333 -0.22766756 0.78431373 0.00000000 0.00000000
v 0.16701308 -0.00101810 -0.49982306 0.78431373 0.00000000 0.00000000
v 0.16735972 0.12916915 -0.28881006 0.78431373 0.00000000 0.00000000
v 0.16741931 0.04404939 -0.36342898 0.78431373 0.00000000 0.00000000
v 0.16752322 0.18492198 -0.36911133 0.78431373 0.00000000 0.00000000
v 0.16758754 0.04443427 -0.36290899 0.78431373 0.00000000 0.00000000
v 0.16761132 -0.30489271 -0.15949026 0.78431373 0.00000000 0.00000000
v 0.16771269 0.12767942 -0.29039815 0.78431373 0.00000000 0.00000000
v 0.16776484 0.23366786 -0.12961636 0.78431373 0.00000000 0.00000000
v 0.16777385 0.10139154 -0.31647773 0.78431373 0.00000000 0.00000000
v 0.16783429 0.11464734 -0.30335575 0.78431373 0.00000000 0.00000000
v 0.16803232 -0.19072162 -0.35845152 0.78431373 0.00000000 0.00000000
v 0.16813823 0.23358209 -0.29677181 0.78431373 0.00000000 0.00000000
v 0.16820613 0.12804615 -0.28916543 0.78431373 0.00000000 0.00000000
v 0.16845847 -0.21570085 -0.32306031 0.78431373 0.00000000 0.00000000
v 0.16854354 -0.04203453 -0.35867059 0.78431373 0.00000000 0.00000000
v 0.16854828 0.28658499 -0.19915156 0.78431373 0.00000000 0.00000000
v 0.16855501 0.12830544 -0.28829387 0.78431373 0.00000000 0.00000000
v 0.16874619 0.01517238 -0.43797640 0.78431373 0.00000000 0.00000000
v 0.16876190 0.33796845 -0.09082638 0.78431373 0.00000000 0.00000000
v 0.16878421 0.27996400 -0.21163685 0.78431373 0.00000000 0.00000000
v 0.16891669 -0.15554360 -0.24712534 0.78431373 0.00000000 0.00000000
v 0.16902668 -0.19151607 -0.35531647 0.78431373 0.00000000 0.00000000
v 0.16908160 -0.12972328 -0.28335788 0.78431373 0.00000000 0.00000000
v 0.16911834 -0.30500946 -0.15759582 0.78431373 0.00000000 0.00000000
v 0.16920903 0.28600548 -0.19954324 0.78431373 0.00000000 0.00000000
v 0.16946358 0.19986646 -0.49897682 0.78431373 0.00000000 0.00000000
v 0.16985902 0.31006608 -0.15000736 0.78431373 0.00000000 0.00000000
v 0.17005131 -0.17554203 -0.29844133 0.78431373 0.00000000 0.00000000
v 0.17106005 0.17520119 -0.37697649 0.78431373 0.00000000 0.00000000
v 0.17134855 -0.32162061 -0.11995557 0.78431373 0.00000000 0.00000000
v 0.17151462 0.17217000 -0.22196638 0.78431373 0.00000000 0.00000000
v 0.17163900 -0.03273179 -0.35950811 0.78431373 0.00000000 0.00000000
v 0.17165907 -0.16671584 -0.39962856 0.78431373 0.00000000 0.00000000
v 0.17176734 -0.18702373 -0.19658237 0.78431373 0.00000000 0.00000000
v 0.17180052 -0.12522797 -0.28320384 0.78431373 0.00000000 0.00000000
v 0.17233144 0.25279841 -0.08752748 0.78431373 0.00000000 0.00000000
v 0.17253595 0.17700377 -0.21321704 0.78431373 0.00000000 0.00000000
v 0.17284493 -0.02353772 -0.36023167 0.78431373 0.00000000 0.00000000
v 0.17292211 -0.02872917 -0.35996563 0.78431373 0.00000000 0.00000000
v 0.17298605 0.22667449 -0.30383179 0.78431373 0.00000000 0.00000000
v 0.17300496 -0.27791029 -0.20604375 0.78431373 0.00000000 0.00000000
v 0.17325486 -0.18812191 -0.42133881 0.78431373 0.00000000 0.00000000
v 0.17327994 -0.04760857 -0.43816394 0.78431373 0.00000000 0.00000000
v 0.17351920 0.05837752 -0.34394957 0.78431373 0.00000000 0.00000000
v 0.17355301 0.01566516 -0.43804349 0.78431373 0.00000000 0.00000000
v 0.17369030 0.04747643 -0.43798294 0.78431373 0.00000000 0.00000000
v 0.17373979 -0.19601087 -0.34278634 0.78431373 0.00000000 0.00000000
v 0.17376574 -0.19197780 -0.49970186 0.78431373 0.00000000 0.00000000
v 0.17378124 0.27273093 -0.22008533 0.78431373 0.00000000 0.00000000
v 0.17384868 0.18942150 -0.42199120 0.78431373 0.00000000 0.00000000
v 0.17389847 0.16805901 -0.22450268 0.78431373 0.00000000 0.00000000
v 0.17390956 -0.22252470 -0.30576067 0.78431373 0.00000000 0.00000000
v 0.17402883 -0.26916525 -0.22193301 0.78431373 0.00000000 0.00000000
v 0.17411825 0.22820858 -0.45892518 0.78431373 0.00000000 0.00000000
v 0.17431475 0.01652394 -0.43503770 0.78431373 0.00000000 0.00000000
v 0.17449159 0.05509605 -0.34420742 0.78431373 0.00000000 0.00000000
v 0.17454364 -0.01016717 -0.35724021 0.78431373 0.00000000 0.00000000
v 0.17477754 0.07888289 -0.32675407 0.78431373 0.00000000 0.00000000
v 0.17495411 -0.07404350 -0.32776172 0.78431373 0.00000000 0.00000000
v 0.17510059 0.07216528 -0.33280638 0.78431373 0.00000000 0.00000000
v 0.17530469 0.22908300 -0.29724053 0.78431373 0.00000000 0.00000000
v 0.17533962 -0.19206809 -0.49912190 0.78431373 0.00000000 0.00000000
v 0.17545440 -0.03996478 -0.42966260 0.78431373 0.00000000 0.00000000
v 0.17554663 -0.31754947 -0.12397192 0.78431373 0.00000000 0.00000000
v 0.17567726 -0.22061637 -0.45429502 0.78431373 0.00000000 0.00000000
v 0.17569868 0.05003477 -0.34449640 0.78431373 0.00000000 0.00000000
v 0.17577862 -0.28065734 -0.11090692 0.78431373 0.00000000 0.00000000
v 0.17578608 0.16407214 -0.38508667 0.78431373 0.00000000 0.00000000
v 0.17589244 -0.07134048 -0.32874963 0.78431373 0.00000000 0.00000000
v 0.17593311 0.23032621 -0.12681719 0.78431373 0.00000000 0.00000000
v 0.17599578 -0.22215811 -0.48502892 0.78431373 0.00000000 0.00000000
v 0.17623833 0.01824702 -0.42916881 0.78431373 0.00000000 0.00000000
v 0.17658312 -0.08636449 -0.31352085 0.78431373 0.00000000 0.00000000
v 0.17671355 0.01854904 -0.42771481 0.78431373 0.00000000 0.00000000
v 0.17673013 0.20433196 -0.43883134 0.78431373 0.00000000 0.00000000
v 0.17678614 -0.06470136 -0.33038091 0.78431373 0.00000000 0.00000000
v 0.17690579 0.02748239 -0.42741743 0.78431373 0.00000000 0.00000000
v 0.17712014 0.01106896 -0.35245628 0.78431373 0.00000000 0.00000000
v 0.17721395 0.01875995 -0.35233652 0.78431373 0.00000000 0.00000000
v 0.17740976 -0.08752933 -0.31106550 0.78431373 0.00000000 0.00000000
v 0.17752937 0.33271042 -0.09136682 0.78431373 0.00000000 0.00000000
v 0.17757634 0.24874113 -0.08941915 0.78431373 0.00000000 0.00000000
v 0.17765606 -0.20144667 -0.33011396 0.78431373 0.00000000 0.00000000
v 0.17786012 0.09424732 -0.30645552 0.78431373 0.00000000 0.00000000
v 0.17830974 0.02898725 -0.35031130 0.78431373 0.00000000 0.00000000
v 0.17831254 -0.23489862 -0.11270458 0.78431373 0.00000000 0.00000000
v 0.17874069 -0.13709623 -0.25966925 0.78431373 0.00000000 0.00000000
v 0.17889358 -0.05531920 -0.33110643 0.78431373 0.00000000 0.00000000
v 0.17957488 0.20075003 -0.16714268 0.78431373 0.00000000 0.00000000
v 0.17962230 0.20555317 -0.44273694 0.78431373 0.00000000 0.00000000
v 0.17974457 0.10436786 -0.29293548 0.78431373 0.00000000 0.00000000
v 0.18004706 0.16017004 -0.39060710 0.78431373 0.00000000 0.00000000
v 0.18010083 0.26292150 -0.23107204 0.78431373 0.00000000 0.00000000
v 0.18020523 0.18923361 -0.18341180 0.78431373 0.00000000 0.00000000
v 0.18025535 -0.19743457 -0.43716706 0.78431373 0.00000000 0.00000000
v 0.18088690 -0.19884428 -0.43912969 0.78431373 0.00000000 0.00000000
v 0.18096334 -0.16286002 -0.37874832 0.78431373 0.00000000 0.00000000
v 0.18124696 -0.19540599 -0.16930030 0.78431373 0.00000000 0.00000000
v 0.18158636 -0.15612981 -0.22761882 0.78431373 0.00000000 0.00000000
v 0.18174241 -0.11897885 -0.27254021 0.78431373 0.00000000 0.00000000
v 0.18176721 -0.18152367 -0.18996737 0.78431373 0.00000000 0.00000000
v 0.18192063 0.21458890 -0.48858578 0.78431373 0.00000000 0.00000000
v 0.18210223 0.19226968 -0.17599283 0.78431373 0.00000000 0.00000000
v 0.18243242 0.20680587 -0.31864016 0.78431373 0.00000000 0.00000000
v 0.18247108 -0.20174912 -0.49222060 0.78431373 0.00000000 0.00000000
v 0.18252113 -0.15950357 -0.38119345 0.78431373 0.00000000 0.00000000
v 0.18332407 -0.20916942 -0.31124353 0.78431373 0.00000000 0.00000000
v 0.18409687 -0.09702032 -0.29031679 0.78431373 0.00000000 0.00000000
v 0.18412949 0.12054966 -0.40638067 0.78431373 0.00000000 0.00000000
v 0.18464516 -0.21280491 -0.46568558 0.78431373 0.00000000 0.00000000
v 0.18508371 0.24200327 -0.09392236 0.78431373 0.00000000 0.00000000
v 0.18530687 -0.15702078 -0.37993879 0.78431373 0.00000000 0.00000000
v 0.18546073 -0.06765384 -0.49982262 0.78431373 0.00000000 0.00000000
v 0.18561685 0.29630880 -0.15995144 0.78431373 0.00000000 0.00000000
v 0.18562468 -0.09554680 -0.28918684 0.78431373 0.00000000 0.00000000
v 0.18578885 -0.15535790 -0.38169364 0.78431373 0.00000000 0.00000000
v 0.18578895 0.20737583 -0.49017648 0.78431373 0.00000000 0.00000000
v 0.18587279 0.32087113 -0.10717122 0.78431373 0.00000000 0.00000000
v 0.18588199 0.19514525 -0.16595769 0.78431373 0.00000000 0.00000000
v 0.18592328 -0.03993743 -0.32560917 0.78431373 0.00000000 0.00000000
v 0.18593590 0.24012624 -0.26701892 0.78431373 0.00000000 0.00000000
v 0.18603655 -0.09306092 -0.29095286 0.78431373 0.00000000 0.00000000
v 0.18625377 0.20778514 -0.48984600 0.78431373 0.00000000 0.00000000
v 0.18629813 -0.21060387 -0.45509399 0.78431373 0.00000000 0.00000000
v 0.18681974 -0.30581009 -0.13446451 0.78431373 0.00000000 0.00000000
v 0.18705065 -0.06860008 -0.49982248 0.78431373 0.00000000 0.00000000
v 0.18723184 -0.21114046 -0.47878526 0.78431373 0.00000000 0.00000000
v 0.18734574 0.07494647 -0.30938828 0.78431373 0.00000000 0.00000000
v 0.18749218 0.24249428 -0.26100109 0.78431373 0.00000000 0.00000000
v 0.18754038 0.15434589 -0.40001199 0.78431373 0.00000000 0.00000000
v 0.18759832 -0.22780917 -0.10962515 0.78431373 0.00000000 0.00000000
v 0.18760130 -0.28266539 -0.18064043 0.78431373 0.00000000 0.00000000
v 0.18766833 -0.23974839 -0.26209566 0.78431373 0.00000000 0.00000000
v 0.18797925 -0.28705348 -0.17168102 0.78431373 0.00000000 0.00000000
v 0.18800269 0.14275892 -0.23971010 0.78431373 0.00000000 0.00000000
v 0.18808811 0.17697462 -0.35218626 0.78431373 0.00000000 0.00000000
v 0.18820265 0.20891062 -0.48737043 0.78431373 0.00000000 0.00000000
v 0.18825359 -0.21020591 -0.48479496 0.78431373 0.00000000 0.00000000
v 0.18836066 -0.29250397 -0.15999448 0.78431373 0.00000000 0.00000000
v 0.18849315 -0.19839088 -0.31910046 0.78431373 0.00000000 0.00000000
v 0.18853977 0.20869140 -0.48617835 0.78431373 0.00000000 0.00000000
v 0.18857638 -0.07773134 -0.30184332 0.78431373 0.00000000 0.00000000
v 0.18863909 0.20878455 -0.48374798 0.78431373 0.00000000 0.00000000
v 0.18882668 0.24146470 -0.26051190 0.78431373 0.00000000 0.00000000
v 0.18901110 0.08612575 -0.29518107 0.78431373 0.00000000 0.00000000
v 0.18917520 -0.18061888 -0.49966644 0.78431373 0.00000000 0.00000000
v 0.18928065 0.08793519 -0.29288154 0.78431373 0.00000000 0.00000000
v 0.18978198 -0.11376395 -0.26358354 0.78431373 0.00000000 0.00000000
v 0.18989396 0.06405702 -0.31010362 0.78431373 0.00000000 0.00000000
v 0.19001154 0.24632773 -0.25125924 0.78431373 0.00000000 0.00000000
v 0.19016235 -0.22575785 -0.10878049 0.78431373 0.00000000 0.00000000
v 0.19043558 0.06886163 -0.30659734 0.78431373 0.00000000 0.00000000
v 0.19058383 0.24719854 -0.24904629 0.78431373 0.00000000 0.00000000
v 0.19116510 -0.18991851 -0.16278940 0.78431373 0.00000000 0.00000000
v 0.19125367 0.07637551 -0.30103830 0.78431373 0.00000000 0.00000000
v 0.19128441 0.08444163 -0.29285786 0.78431373 0.00000000 0.00000000
v 0.19133494 0.24539145 -0.25064479 0.78431373 0.00000000 0.00000000
v 0.19141973 0.31594120 -0.11109952 0.78431373 0.00000000 0.00000000
v 0.19153735 0.18775879 -0.33276814 0.78431373 0.00000000 0.00000000
v 0.19153958 0.10309900 -0.27361057 0.78431373 0.00000000 0.00000000
v 0.19159421 0.10729135 -0.26927840 0.78431373 0.00000000 0.00000000
v 0.19164830 0.21063551 -0.45875515 0.78431373 0.00000000 0.00000000
v 0.19170910 0.03302740 -0.32257239 0.78431373 0.00000000 0.00000000
v 0.19189877 -0.14760641 -0.38262888 0.78431373 0.00000000 0.00000000
v 0.19203742 -0.08055224 -0.29290750 0.78431373 0.00000000 0.00000000
v 0.19206687 0.10663858 -0.26911229 0.78431373 0.00000000 0.00000000
v 0.19224400 -0.14842935 -0.22320406 0.78431373 0.00000000 0.00000000
v 0.19232728 -0.07942189 -0.29352952 0.78431373 0.00000000 0.00000000
v 0.19236896 -0.02784942 -0.32186708 0.78431373 0.00000000 0.00000000
v 0.19241583 0.10898113 -0.26613525 0.78431373 0.00000000 0.00000000
v 0.19243812 -0.01899382 -0.32236907 0.78431373 0.00000000 0.00000000
v 0.19252665 -0.02723909 -0.32201251 0.78431373 0.00000000 0.00000000
v 0.19259483 0.02916191 -0.32286238 0.78431373 0.00000000 0.00000000
v 0.19268319 0.00979320 -0.32254018 0.78431373 0.00000000 0.00000000
v 0.19270315 0.01625997 -0.32255270 0.78431373 0.00000000 0.00000000
v 0.19274909 0.02418602 -0.32252679 0.78431373 0.00000000 0.00000000
v 0.19281707 -0.06969468 -0.29790894 0.78431373 0.00000000 0.00000000
v 0.19337237 -0.14666502 -0.40278426 0.78431373 0.00000000 0.00000000
v 0.19339098 0.14887948 -0.40224120 0.78431373 0.00000000 0.00000000
v 0.19342434 0.14878181 -0.40188385 0.78431373 0.00000000 0.00000000
v 0.19376559 -0.03854107 -0.31163391 0.78431373 0.00000000 0.00000000
v 0.19376813 -0.25776753 -0.22153870 0.78431373 0.00000000 0.00000000
v 0.19381375 0.14794094 -0.40210289 0.78431373 0.00000000 0.00000000
v 0.19439068 0.12326177 -0.24825313 0.78431373 0.00000000 0.00000000
v 0.19460156 -0.03577820 -0.31144470 0.78431373 0.00000000 0.00000000
v 0.19488538 -0.14438905 -0.39536147 0.78431373 0.00000000 0.00000000
v 0.19497225 0.14424945 -0.38530189 0.78431373 0.00000000 0.00000000
v 0.19573642 0.11582748 -0.25336629 0.78431373 0.00000000 0.00000000
v 0.19591022 0.28716784 -0.16646598 0.78431373 0.00000000 0.00000000
v 0.19599851 0.17773146 -0.34045764 0.78431373 0.00000000 0.00000000
v 0.19604893 -0.02080278 -0.31533204 0.78431373 0.00000000 0.00000000
v 0.19627508 0.07821172 -0.29030919 0.78431373 0.00000000 0.00000000
v 0.19627674 0.01374746 -0.31566590 0.78431373 0.00000000 0.00000000
v 0.19627690 0.01437311 -0.31567053 0.78431373 0.00000000 0.00000000
v 0.19651268 -0.18074224 -0.33140144 0.78431373 0.00000000 0.00000000
v 0.19689534 -0.19602166 -0.31056150 0.78431373 0.00000000 0.00000000
v 0.19700762 -0.02982203 -0.31113548 0.78431373 0.00000000 0.00000000
v 0.19706836 -0.14110525 -0.38465176 0.78431373 0.00000000 0.00000000
v 0.19731180 -0.14073905 -0.38345745 0.78431373 0.00000000 0.00000000
v 0.19731852 0.00379288 -0.49982008 0.78431373 0.00000000 0.00000000
v 0.19734261 -0.02687305 -0.31268913 0.78431373 0.00000000 0.00000000
v 0.19754644 0.02303454 -0.31329912 0.78431373 0.00000000 0.00000000
v 0.19763101 0.23708425 -0.25360258 0.78431373 0.00000000 0.00000000
v 0.19765808 0.02922381 -0.31313328 0.78431373 0.00000000 0.00000000
v 0.19782520 0.19797646 -0.14360450 0.78431373 0.00000000 0.00000000
v 0.19787787 -0.13828403 -0.40223658 0.78431373 0.00000000 0.00000000
v 0.19801228 0.15193272 -0.21218951 0.78431373 0.00000000 0.00000000
v 0.19862353 0.15065232 -0.21317734 0.78431373 0.00000000 0.00000000
v 0.19865364 -0.25497359 -0.22139041 0.78431373 0.00000000 0.00000000
v 0.19881408 -0.08234552 -0.27915165 0.78431373 0.00000000 0.00000000
v 0.19893389 -0.25536199 -0.22035199 0.78431373 0.00000000 0.00000000
v 0.19902745 0.20582849 -0.29703329 0.78431373 0.00000000 0.00000000
v 0.19912590 0.15107945 -0.21177634 0.78431373 0.00000000 0.00000000
v 0.19995170 0.17993542 -0.33209824 0.78431373 0.00000000 0.00000000
v 0.20021358 0.22198739 -0.10181579 0.78431373 0.00000000 0.00000000
v 0.20023791 -0.20250658 -0.29671768 0.78431373 0.00000000 0.00000000
v 0.20052255 0.19752629 -0.14007281 0.78431373 0.00000000 0.00000000
v 0.20081180 -0.07918540 -0.27695443 0.78431373 0.00000000 0.00000000
v 0.20133716 0.06820412 -0.28575733 0.78431373 0.00000000 0.00000000
v 0.20138955 0.18073523 -0.32898461 0.78431373 0.00000000 0.00000000
v 0.20189615 0.26441136 -0.20530388 0.78431373 0.00000000 0.00000000
v 0.20191425 -0.13188333 -0.38685575 0.78431373 0.00000000 0.00000000
v 0.20198812 -0.13174554 -0.38685183 0.78431373 0.00000000 0.00000000
v 0.20212255 0.28539570 -0.16287225 0.78431373 0.00000000 0.00000000
v 0.20246655 0.21398072 -0.11095193 0.78431373 0.00000000 0.00000000
v 0.20300440 0.30556459 -0.11929819 0.78431373 0.00000000 0.00000000
v 0.20319794 -0.09653454 -0.44389753 0.78431373 0.00000000 0.00000000
v 0.20355696 0.13626049 -0.40569917 0.78431373 0.00000000 0.00000000
v 0.20452359 -0.13495001 -0.21548774 0.78431373 0.00000000 0.00000000
v 0.20494841 0.14447916 -0.20785130 0.78431373 0.00000000 0.00000000
v 0.20527853 0.18945166 -0.31136484 0.78431373 0.00000000 0.00000000
v 0.20561513 0.21776461 -0.27076322 0.78431373 0.00000000 0.00000000
v 0.20601986 0.13621994 -0.21463825 0.78431373 0.00000000 0.00000000
v 0.20645033 0.13710663 -0.21288274 0.78431373 0.00000000 0.00000000
v 0.20664958 0.05771235 -0.28097466 0.78431373 0.00000000 0.00000000
v 0.20680765 0.19200608 -0.13890771 0.78431373 0.00000000 0.00000000
v 0.20751359 0.19175518 -0.13821205 0.78431373 0.00000000 0.00000000
v 0.20766314 -0.17448769 -0.16169931 0.78431373 0.00000000 0.00000000
v 0.20792213 -0.18497671 -0.30990238 0.78431373 0.00000000 0.00000000
v 0.20799607 0.16928113 -0.33580187 0.78431373 0.00000000 0.00000000
v 0.20802825 -0.26796642 -0.18665348 0.78431373 0.00000000 0.00000000
v 0.20820057 -0.09313664 -0.25176791 0.78431373 0.00000000 0.00000000
v 0.20838771 0.19652567 -0.29692474 0.78431373 0.00000000 0.00000000
v 0.20882793 0.08330619 -0.26297993 0.78431373 0.00000000 0.00000000
v 0.20902460 0.21376903 -0.10096712 0.78431373 0.00000000 0.00000000
v 0.20922177 0.08294602 -0.26264636 0.78431373 0.00000000 0.00000000
v 0.20981726 0.27914592 -0.16656961 0.78431373 0.00000000 0.00000000
v 0.21018093 0.17021545 -0.49680483 0.78431373 0.00000000 0.00000000
v 0.21020259 -0.05292296 -0.27289269 0.78431373 0.00000000 0.00000000
v 0.21031556 -0.16743898 -0.16858313 0.78431373 0.00000000 0.00000000
v 0.21048382 0.02938063 -0.28848849 0.78431373 0.00000000 0.00000000
v 0.21085304 0.16979972 -0.33123033 0.78431373 0.00000000 0.00000000
v 0.21141443 -0.16451878 -0.17143501 0.78431373 0.00000000 0.00000000
v 0.21181499 -0.12962993 -0.20803505 0.78431373 0.00000000 0.00000000
v 0.21181551 -0.13147038 -0.41365704 0.78431373 0.00000000 0.00000000
v 0.21191876 0.20171833 -0.28455172 0.78431373 0.00000000 0.00000000
v 0.21234393 -0.19688139 -0.11899926 0.78431373 0.00000000 0.00000000
v 0.21260002 0.11805957 -0.31408488 0.78431373 0.00000000 0.00000000
v 0.21283086 0.16580521 -0.33389636 0.78431373 0.00000000 0.00000000
v 0.21286868 -0.04419677 -0.27243731 0.78431373 0.00000000 0.00000000
v 0.21295023 0.16736659 -0.33172456 0.78431373 0.00000000 0.00000000
v 0.21299328 -0.08873615 -0.24772374 0.78431373 0.00000000 0.00000000
v 0.21304114 0.13780837 -0.19972781 0.78431373 0.00000000 0.00000000
v 0.21326413 -0.16590560 -0.16631181 0.78431373 0.00000000 0.00000000
v 0.21327433 0.10473872 -0.39573627 0.78431373 0.00000000 0.00000000
v 0.21328350 0.10477055 -0.39576885 0.78431373 0.00000000 0.00000000
v 0.21348524 0.01978887 -0.43848507 0.78431373 0.00000000 0.00000000
v 0.21353976 0.16666087 -0.33185581 0.78431373 0.00000000 0.00000000
v 0.21373161 0.20812127 -0.10250524 0.78431373 0.00000000 0.00000000
v 0.21383967 0.16702286 -0.33099255 0.78431373 0.00000000 0.00000000
v 0.21396296 -0.13117153 -0.30496535 0.78431373 0.00000000 0.00000000
v 0.21407871 0.04089890 -0.27541747 0.78431373 0.00000000 0.00000000
v 0.21463720 -0.16083577 -0.33264674 0.78431373 0.00000000 0.00000000
v 0.21466278 0.28815936 -0.14287503 0.78431373 0.00000000 0.00000000
v 0.21486752 0.10100688 -0.39235533 0.78431373 0.00000000 0.00000000
v 0.21492912 0.16422121 -0.33189090 0.78431373 0.00000000 0.00000000
v 0.21513002 -0.16730455 -0.16114378 0.78431373 0.00000000 0.00000000
v 0.21514407 0.11470405 -0.40474945 0.78431373 0.00000000 0.00000000
v 0.21545139 -0.18368620 -0.48427586 0.78431373 0.00000000 0.00000000
v 0.21550605 0.16273757 -0.33236664 0.78431373 0.00000000 0.00000000
v 0.21550642 -0.23951674 -0.21908944 0.78431373 0.00000000 0.00000000
v 0.21556949 -0.08989726 -0.24201361 0.78431373 0.00000000 0.00000000
v 0.21616769 -0.02544222 -0.27624501 0.78431373 0.00000000 0.00000000
v 0.21627822 0.16184958 -0.33192404 0.78431373 0.00000000 0.00000000
v 0.21638316 -0.10502747 -0.38611979 0.78431373 0.00000000 0.00000000
v 0.21639254 0.13056796 -0.20113684 0.78431373 0.00000000 0.00000000
v 0.21645567 -0.03498925 -0.27043321 0.78431373 0.00000000 0.00000000
v 0.21667020 -0.15921468 -0.33197332 0.78431373 0.00000000 0.00000000
v 0.21753520 0.29320438 -0.12813944 0.78431373 0.00000000 0.00000000
v 0.21762586 -0.02985542 -0.27094960 0.78431373 0.00000000 0.00000000
v 0.21791767 -0.24163906 -0.21204457 0.78431373 0.00000000 0.00000000
v 0.21799693 -0.28266029 -0.14429768 0.78431373 0.00000000 0.00000000
v 0.21801358 -0.10218636 -0.38389626 0.78431373 0.00000000 0.00000000
v 0.21839518 -0.28223530 -0.14434547 0.78431373 0.00000000 0.00000000
v 0.21845401 0.03062587 -0.27199991 0.78431373 0.00000000 0.00000000
v 0.21851027 -0.02577336 -0.27133593 0.78431373 0.00000000 0.00000000
v 0.21856756 -0.02251420 -0.27130240 0.78431373 0.00000000 0.00000000
v 0.21884351 0.00284909 -0.27095188 0.78431373 0.00000000 0.00000000
v 0.21906261 0.09188882 -0.39384261 0.78431373 0.00000000 0.00000000
v 0.21944481 -0.16089262 -0.16011742 0.78431373 0.00000000 0.00000000
v 0.21955324 -0.09796421 -0.39960177 0.78431373 0.00000000 0.00000000
v 0.21958002 -0.12041135 -0.20389897 0.78431373 0.00000000 0.00000000
v 0.21973128 -0.19798299 -0.27553834 0.78431373 0.00000000 0.00000000
v 0.22041519 -0.15955218 -0.15977155 0.78431373 0.00000000 0.00000000
v 0.22092392 0.20036913 -0.27367598 0.78431373 0.00000000 0.00000000
v 0.22097353 -0.11918168 -0.41580091 0.78431373 0.00000000 0.00000000
v 0.22141192 0.01352676 -0.26572782 0.78431373 0.00000000 0.00000000
v 0.22163722 0.06511688 -0.24793471 0.78431373 0.00000000 0.00000000
v 0.22183749 0.17533198 -0.30786002 0.78431373 0.00000000 0.00000000
v 0.22221658 0.06697319 -0.24582815 0.78431373 0.00000000 0.00000000
v 0.22229577 0.09393792 -0.38667575 0.78431373 0.00000000 0.00000000
v 0.22274304 0.17768977 -0.48068810 0.78431373 0.00000000 0.00000000
v 0.22299300 0.15093229 -0.16700444 0.78431373 0.00000000 0.00000000
v 0.22378053 0.17842444 -0.45844349 0.78431373 0.00000000 0.00000000
v 0.22386393 0.17357991 -0.30746532 0.78431373 0.00000000 0.00000000
v 0.22398701 0.06474017 -0.24345599 0.78431373 0.00000000 0.00000000
v 0.22407524 -0.18760078 -0.11496950 0.78431373 0.00000000 0.00000000
v 0.22416295 -0.16636575 -0.31204616 0.78431373 0.00000000 0.00000000
v 0.22452442 -0.08419620 -0.22751438 0.78431373 0.00000000 0.00000000
v 0.22454996 0.28471067 -0.13194353 0.78431373 0.00000000 0.00000000
v 0.22467170 -0.17442835 -0.45798067 0.78431373 0.00000000 0.00000000
v 0.22484267 0.14114143 -0.33769202 0.78431373 0.00000000 0.00000000
v 0.22490515 0.26099825 -0.17258014 0.78431373 0.00000000 0.00000000
v 0.22499019 -0.15320940 -0.15813236 0.78431373 0.00000000 0.00000000
v 0.22503124 -0.08911744 -0.38404502 0.78431373 0.00000000 0.00000000
v 0.22521962 0.02207164 -0.49981707 0.78431373 0.00000000 0.00000000
v 0.22528270 -0.16440081 -0.31211057 0.78431373 0.00000000 0.00000000
v 0.22535808 0.15492493 -0.15829633 0.78431373 0.00000000 0.00000000
v 0.22550565 0.02208248 -0.49981704 0.78431373 0.00000000 0.00000000
v 0.22590266 0.18506599 -0.11986885 0.78431373 0.00000000 0.00000000
v 0.22599145 -0.07253194 -0.23103387 0.78431373 0.00000000 0.00000000
v 0.22675423 -0.11135523 -0.41720243 0.78431373 0.00000000 0.00000000
v 0.22738045 -0.19845288 -0.26407004 0.78431373 0.00000000 0.00000000
v 0.22768807 0.28193012 -0.13169696 0.78431373 0.00000000 0.00000000
v 0.22779917 -0.14704015 -0.32523756 0.78431373 0.00000000 0.00000000
v 0.22792237 0.25245521 -0.18226630 0.78431373 0.00000000 0.00000000
v 0.22815589 0.20280324 -0.25879288 0.78431373 0.00000000 0.00000000
v 0.22886388 -0.09107874 -0.37598767 0.78431373 0.00000000 0.00000000
v 0.22893102 0.18392167 -0.11678626 0.78431373 0.00000000 0.00000000
v 0.22910450 0.05341838 -0.39373654 0.78431373 0.00000000 0.00000000
v 0.22912684 0.18947529 -0.10751489 0.78431373 0.00000000 0.00000000
v 0.22929586 -0.10774683 -0.41793471 0.78431373 0.00000000 0.00000000
v 0.22951816 0.09036794 -0.21927961 0.78431373 0.00000000 0.00000000
v 0.22955421 0.06599093 -0.23174278 0.78431373 0.00000000 0.00000000
v 0.22965158 0.11490415 -0.19287410 0.78431373 0.00000000 0.00000000
v 0.22966912 0.11813016 -0.18940232 0.78431373 0.00000000 0.00000000
v 0.22972190 -0.06646448 -0.22702229 0.78431373 0.00000000 0.00000000
v 0.22985165 0.19882481 -0.26224700 0.78431373 0.00000000 0.00000000
v 0.22985572 0.15244631 -0.15247179 0.78431373 0.00000000 0.00000000
v 0.22999098 0.17732159 -0.12570138 0.78431373 0.00000000 0.00000000
v 0.23006922 0.24656050 -0.18884073 0.78431373 0.00000000 0.00000000
v 0.23010002 0.15231967 -0.15216835 0.78431373 0.00000000 0.00000000
v 0.23023245 0.14385308 -0.32584230 0.78431373 0.00000000 0.00000000
v 0.23037920 0.12775454 -0.34142077 0.78431373 0.00000000 0.00000000
v 0.23106031 -0.11300416 -0.35276385 0.78431373 0.00000000 0.00000000
v 0.23110098 -0.17927883 -0.11690820 0.78431373 0.00000000 0.00000000
v 0.23161774 -0.17829898 -0.11702528 0.78431373 0.00000000 0.00000000
v 0.23186987 -0.09526981 -0.49983245 0.78431373 0.00000000 0.00000000
v 0.23204958 0.19845368 -0.25946165 0.78431373 0.00000000 0.00000000
v 0.23238675 -0.12204230 -0.34249807 0.78431373 0.00000000 0.00000000
v 0.23311344 -0.12872367 -0.33456027 0.78431373 0.00000000 0.00000000
v 0.23322976 0.25142820 -0.17513194 0.78431373 0.00000000 0.00000000
v 0.23345626 0.03674680 -0.39369057 0.78431373 0.00000000 0.00000000
v 0.23362304 0.25557833 -0.16730647 0.78431373 0.00000000 0.00000000
v 0.23431193 0.11287596 -0.18667217 0.78431373 0.00000000 0.00000000
v 0.23502744 0.18078753 -0.11191953 0.78431373 0.00000000 0.00000000
v 0.23507933 -0.19864965 -0.25179248 0.78431373 0.00000000 0.00000000
v 0.23509300 0.14716389 -0.49144337 0.78431373 0.00000000 0.00000000
v 0.23529658 -0.08188653 -0.36899649 0.78431373 0.00000000 0.00000000
v 0.23533137 -0.26072955 -0.15227895 0.78431373 0.00000000 0.00000000
v 0.23552980 -0.05670584 -0.22048359 0.78431373 0.00000000 0.00000000
v 0.23572818 0.06825311 -0.37379826 0.78431373 0.00000000 0.00000000
v 0.23576210 0.21685977 -0.22587263 0.78431373 0.00000000 0.00000000
v 0.23602421 0.22787139 -0.20876215 0.78431373 0.00000000 0.00000000
v 0.23612735 0.18154445 -0.10890970 0.78431373 0.00000000 0.00000000
v 0.23615597 0.17031321 -0.28973303 0.78431373 0.00000000 0.00000000
v 0.23617289 0.07442032 -0.36990444 0.78431373 0.00000000 0.00000000
v 0.23676531 -0.14821248 -0.30879822 0.78431373 0.00000000 0.00000000
v 0.23690502 -0.09519370 -0.35908276 0.78431373 0.00000000 0.00000000
v 0.23696053 0.18214663 -0.27672722 0.78431373 0.00000000 0.00000000
v 0.23707792 0.17536783 -0.28319230 0.78431373 0.00000000 0.00000000
v 0.23708491 -0.07256807 -0.37059165 0.78431373 0.00000000 0.00000000
v 0.23720999 -0.11010926 -0.18313898 0.78431373 0.00000000 0.00000000
v 0.23729469 0.16285063 -0.29513019 0.78431373 0.00000000 0.00000000
v 0.23748257 0.15200110 -0.30547761 0.78431373 0.00000000 0.00000000
v 0.23749275 -0.03483744 -0.39875538 0.78431373 0.00000000 0.00000000
v 0.23760736 0.07242912 -0.36819649 0.78431373 0.00000000 0.00000000
v 0.23764646 0.17879101 -0.10903782 0.78431373 0.00000000 0.00000000
v 0.23773076 0.10573883 -0.18814695 0.78431373 0.00000000 0.00000000
v 0.23781465 0.13282528 -0.32376595 0.78431373 0.00000000 0.00000000
v 0.23796275 0.18023491 -0.27688524 0.78431373 0.00000000 0.00000000
v 0.23819073 0.22078370 -0.21621765 0.78431373 0.00000000 0.00000000
v 0.23826352 0.10690455 -0.34848706 0.78431373 0.00000000 0.00000000
v 0.23831229 0.10408880 -0.35117250 0.78431373 0.00000000 0.00000000
v 0.23844868 0.18325193 -0.27278262 0.78431373 0.00000000 0.00000000
v 0.23864260 0.05055731 -0.40565092 0.78431373 0.00000000 0.00000000
v 0.23873059 0.18708321 -0.26653881 0.78431373 0.00000000 0.00000000
v 0.23919469 0.10443128 -0.34931943 0.78431373 0.00000000 0.00000000
v 0.23923087 -0.10847962 -0.18109824 0.78431373 0.00000000 0.00000000
v 0.23936609 -0.07849369 -0.36330616 0.78431373 0.00000000 0.00000000
v 0.23936852 -0.03856635 -0.38419376 0.78431373 0.00000000 0.00000000
v 0.23940428 0.05034698 -0.40657192 0.78431373 0.00000000 0.00000000
v 0.23940744 0.14892163 -0.30519866 0.78431373 0.00000000 0.00000000
v 0.23944237 -0.09588376 -0.19172202 0.78431373 0.00000000 0.00000000
v 0.23965253 0.15137975 -0.13602494 0.78431373 0.00000000 0.00000000
v 0.23981680 -0.10461082 -0.18432175 0.78431373 0.00000000 0.00000000
v 0.24000515 0.10062186 -0.34971084 0.78431373 0.00000000 0.00000000
v 0.24046546 -0.09831565 -0.49983410 0.78431373 0.00000000 0.00000000
v 0.24055221 -0.09664777 -0.49983391 0.78431373 0.00000000 0.00000000
v 0.24060898 -0.09679816 -0.18887829 0.78431373 0.00000000 0.00000000
v 0.24079139 0.22276730 -0.20924521 0.78431373 0.00000000 0.00000000
v 0.24089811 0.19171273 -0.25621084 0.78431373 0.00000000 0.00000000
v 0.24113128 0.09527836 -0.35024458 0.78431373 0.00000000 0.00000000
v 0.24120309 -0.09676181 -0.49973075 0.78431373 0.00000000 0.00000000
v 0.24129541 -0.10149205 -0.18499262 0.78431373 0.00000000 0.00000000
v 0.24138775 -0.19401450 -0.24913529 0.78431373 0.00000000 0.00000000
v 0.24163330 0.09728743 -0.34830504 0.78431373 0.00000000 0.00000000
v 0.24187210 0.25511375 -0.15426396 0.78431373 0.00000000 0.00000000
v 0.24193031 -0.18332289 -0.26479342 0.78431373 0.00000000 0.00000000
v 0.24200133 0.10797757 -0.17809426 0.78431373 0.00000000 0.00000000
v 0.24257999 -0.10974513 -0.43547576 0.78431373 0.00000000 0.00000000
v 0.24272156 0.06525734 -0.36214336 0.78431373 0.00000000 0.00000000
v 0.24272296 -0.04956112 -0.37228688 0.78431373 0.00000000 0.00000000
v 0.24288657 -0.10210961 -0.18125073 0.78431373 0.00000000 0.00000000
v 0.24338730 -0.09724319 -0.18302826 0.78431373 0.00000000 0.00000000
v 0.24371086 -0.14260318 -0.13418380 0.78431373 0.00000000 0.00000000
v 0.24379628 0.10621727 -0.33965597 0.78431373 0.00000000 0.00000000
v 0.24380499 -0.14306294 -0.45887788 0.78431373 0.00000000 0.00000000
v 0.24385169 -0.00517639 -0.37457252 0.78431373 0.00000000 0.00000000
v 0.24406616 -0.10256744 -0.17847672 0.78431373 0.00000000 0.00000000
v 0.24444718 0.15913839 -0.28649086 0.78431373 0.00000000 0.00000000
v 0.24447096 0.12307241 -0.32192003 0.78431373 0.00000000 0.00000000
v 0.24457502 -0.02429290 -0.37367542 0.78431373 0.00000000 0.00000000
v 0.24471822 -0.05610094 -0.36520454 0.78431373 0.00000000 0.00000000
v 0.24473827 0.03314343 -0.37182173 0.78431373 0.00000000 0.00000000
v 0.24483627 0.00426179 -0.37240324 0.78431373 0.00000000 0.00000000
v 0.24486556 0.04145664 -0.36991715 0.78431373 0.00000000 0.00000000
v 0.24497626 -0.03721018 -0.37305278 0.78431373 0.00000000 0.00000000
v 0.24500872 -0.03891098 -0.37301120 0.78431373 0.00000000 0.00000000
v 0.24513068 0.09974442 -0.18125743 0.78431373 0.00000000 0.00000000
v 0.24522021 0.03845036 -0.37074152 0.78431373 0.00000000 0.00000000
v 0.24547447 -0.08882994 -0.18329040 0.78431373 0.00000000 0.00000000
v 0.24559976 0.09884794 -0.18137152 0.78431373 0.00000000 0.00000000
v 0.24589550 -0.09214876 -0.18067296 0.78431373 0.00000000 0.00000000
v 0.24605648 0.18890249 -0.25261680 0.78431373 0.00000000 0.00000000
v 0.24636394 -0.14523372 -0.12614636 0.78431373 0.00000000 0.00000000
v 0.24647897 -0.09768296 -0.17620154 0.78431373 0.00000000 0.00000000
v 0.24669624 -0.04356550 -0.20491917 0.78431373 0.00000000 0.00000000
v 0.24670882 0.16355175 -0.27826422 0.78431373 0.00000000 0.00000000
v 0.24676983 0.02288791 -0.49982011 0.78431373 0.00000000 0.00000000
v 0.24700074 -0.25143967 -0.14824121 0.78431373 0.00000000 0.00000000
v 0.24723457 0.16462915 -0.27614272 0.78431373 0.00000000 0.00000000
v 0.24753791 -0.04285957 -0.36614846 0.78431373 0.00000000 0.00000000
v 0.24760474 -0.10394084 -0.17015510 0.78431373 0.00000000 0.00000000
v 0.24763840 -0.14235682 -0.12693663 0.78431373 0.00000000 0.00000000
v 0.24790474 -0.13197248 -0.13809148 0.78431373 0.00000000 0.00000000
v 0.24822891 -0.06579951 -0.18998609 0.78431373 0.00000000 0.00000000
v 0.24865209 0.03894734 -0.36404664 0.78431373 0.00000000 0.00000000
v 0.24884261 0.03458648 -0.36379231 0.78431373 0.00000000 0.00000000
v 0.24896054 -0.13612739 -0.13140154 0.78431373 0.00000000 0.00000000
v 0.24904928 0.00569580 -0.36416249 0.78431373 0.00000000 0.00000000
v 0.24907603 -0.12961041 -0.30649683 0.78431373 0.00000000 0.00000000
v 0.24914411 -0.00395038 -0.36423582 0.78431373 0.00000000 0.00000000
v 0.24915792 -0.03916451 -0.36478479 0.78431373 0.00000000 0.00000000
v 0.24935481 -0.01118930 -0.36401916 0.78431373 0.00000000 0.00000000
v 0.24969497 0.07912446 -0.49981362 0.78431373 0.00000000 0.00000000
v 0.24994307 -0.03591433 -0.36318389 0.78431373 0.00000000 0.00000000
v 0.25019303 0.06010757 -0.19372890 0.78431373 0.00000000 0.00000000
v 0.25034138 -0.18971890 -0.24184001 0.78431373 0.00000000 0.00000000
v 0.25205595 0.23144897 -0.17784456 0.78431373 0.00000000 0.00000000
v 0.25239483 -0.13993220 -0.29049535 0.78431373 0.00000000 0.00000000
v 0.25294221 -0.11108518 -0.31849407 0.78431373 0.00000000 0.00000000
v 0.25309720 -0.21809742 -0.19372292 0.78431373 0.00000000 0.00000000
v 0.25348731 -0.10746644 -0.32083448 0.78431373 0.00000000 0.00000000
v 0.25387111 -0.03077185 -0.19723446 0.78431373 0.00000000 0.00000000
v 0.25444831 0.06355827 -0.18315876 0.78431373 0.00000000 0.00000000
v 0.25456211 -0.03086953 -0.19578641 0.78431373 0.00000000 0.00000000
v 0.25456807 0.23103768 -0.17452465 0.78431373 0.00000000 0.00000000
v 0.25457954 -0.02882044 -0.19580421 0.78431373 0.00000000 0.00000000
v 0.25467324 0.04455347 -0.19281831 0.78431373 0.00000000 0.00000000
v 0.25468953 0.01345016 -0.19669361 0.78431373 0.00000000 0.00000000
v 0.25474681 0.11046742 -0.31665960 0.78431373 0.00000000 0.00000000
v 0.25475098 0.15829668 -0.09862713 0.78431373 0.00000000 0.00000000
v 0.25488569 -0.10439509 -0.32128198 0.78431373 0.00000000 0.00000000
v 0.25505921 0.11001186 -0.15248730 0.78431373 0.00000000 0.00000000
v 0.25512233 0.14939945 -0.10793512 0.78431373 0.00000000 0.00000000
v 0.25513645 -0.10452341 -0.32075481 0.78431373 0.00000000 0.00000000
v 0.25515650 0.05625319 -0.18584128 0.78431373 0.00000000 0.00000000
v 0.25516054 0.02213174 -0.19593826 0.78431373 0.00000000 0.00000000
v 0.25531735 0.05603915 -0.18563149 0.78431373 0.00000000 0.00000000
v 0.25532028 0.05612406 -0.18557734 0.78431373 0.00000000 0.00000000
v 0.25545631 -0.22022381 -0.18675296 0.78431373 0.00000000 0.00000000
v 0.25552486 0.05576304 -0.18536085 0.78431373 0.00000000 0.00000000
v 0.25582129 0.04068983 -0.42451071 0.78431373 0.00000000 0.00000000
v 0.25585201 0.03646881 -0.19463158 0.78431373 0.00000000 0.00000000
v 0.25589441 0.02319060 -0.49838920 0.78431373 0.00000000 0.00000000
v 0.25622902 0.15654716 -0.09774098 0.78431373 0.00000000 0.00000000
v 0.25649186 -0.10809817 -0.45138695 0.78431373 0.00000000 0.00000000
v 0.25653305 0.11238387 -0.48918630 0.78431373 0.00000000 0.00000000
v 0.25675702 0.11023367 -0.14890910 0.78431373 0.00000000 0.00000000
v 0.25685947 -0.12141980 -0.30146093 0.78431373 0.00000000 0.00000000
v 0.25695759 -0.09621759 -0.32175990 0.78431373 0.00000000 0.00000000
v 0.25698173 0.10484979 -0.15454154 0.78431373 0.00000000 0.00000000
v 0.25730556 0.23053659 -0.17079541 0.78431373 0.00000000 0.00000000
v 0.25751308 -0.09803831 -0.31978814 0.78431373 0.00000000 0.00000000
v 0.25784025 0.25418093 -0.12893523 0.78431373 0.00000000 0.00000000
v 0.25862810 0.14896806 -0.10164323 0.78431373 0.00000000 0.00000000
v 0.25877415 -0.10561034 -0.49020303 0.78431373 0.00000000 0.00000000
v 0.25878934 0.10256460 -0.31297819 0.78431373 0.00000000 0.00000000
v 0.25880325 -0.08803840 -0.32213998 0.78431373 0.00000000 0.00000000
v 0.25906040 -0.13608005 -0.28235325 0.78431373 0.00000000 0.00000000
v 0.25907502 -0.07723991 -0.32686966 0.78431373 0.00000000 0.00000000
v 0.25960984 -0.10063473 -0.49058128 0.78431373 0.00000000 0.00000000
v 0.26000009 0.08750381 -0.15815969 0.78431373 0.00000000 0.00000000
v 0.26006283 0.02295899 -0.49773253 0.78431373 0.00000000 0.00000000
v 0.26029742 -0.10716447 -0.30990490 0.78431373 0.00000000 0.00000000
v 0.26034165 -0.10103259 -0.48787188 0.78431373 0.00000000 0.00000000
v 0.26045925 -0.09716413 -0.44904442 0.78431373 0.00000000 0.00000000
v 0.26052365 -0.10091950 -0.48923739 0.78431373 0.00000000 0.00000000
v 0.26053021 -0.09235172 -0.14945505 0.78431373 0.00000000 0.00000000
v 0.26094697 0.06524882 -0.32781416 0.78431373 0.00000000 0.00000000
v 0.26099293 0.04601164 -0.17950216 0.78431373 0.00000000 0.00000000
v 0.26118386 0.11082915 -0.13967927 0.78431373 0.00000000 0.00000000
v 0.26162257 0.20046393 -0.21135608 0.78431373 0.00000000 0.00000000
v 0.26175927 -0.10595172 -0.46196676 0.78431373 0.00000000 0.00000000
v 0.26192504 -0.00115535 -0.33895196 0.78431373 0.00000000 0.00000000
v 0.26200750 -0.01046699 -0.33891325 0.78431373 0.00000000 0.00000000
v 0.26284299 -0.11327719 -0.47273903 0.78431373 0.00000000 0.00000000
v 0.26293566 -0.21305815 -0.18620570 0.78431373 0.00000000 0.00000000
v 0.26299361 0.22837288 -0.16498474 0.78431373 0.00000000 0.00000000
v 0.26304425 0.11553544 -0.46192409 0.78431373 0.00000000 0.00000000
v 0.26314763 0.10204338 -0.14273910 0.78431373 0.00000000 0.00000000
v 0.26317554 0.03495841 -0.43439474 0.78431373 0.00000000 0.00000000
v 0.26323901 0.24789640 -0.13072286 0.78431373 0.00000000 0.00000000
v 0.26326167 -0.08091379 -0.31690391 0.78431373 0.00000000 0.00000000
v 0.26398753 0.05150640 -0.32900379 0.78431373 0.00000000 0.00000000
v 0.26418932 0.06342901 -0.16318138 0.78431373 0.00000000 0.00000000
v 0.26453215 0.24648429 -0.13098944 0.78431373 0.00000000 0.00000000
v 0.26454256 0.22758056 -0.16375308 0.78431373 0.00000000 0.00000000
v 0.26456249 0.10834742 -0.13594363 0.78431373 0.00000000 0.00000000
v 0.26469013 0.17366061 -0.23404167 0.78431373 0.00000000 0.00000000
v 0.26486035 -0.10339279 -0.47206992 0.78431373 0.00000000 0.00000000
v 0.26501238 0.03790000 -0.17568077 0.78431373 0.00000000 0.00000000
v 0.26519073 -0.10393920 -0.47069631 0.78431373 0.00000000 0.00000000
v 0.26549202 0.05594263 -0.16474294 0.78431373 0.00000000 0.00000000
v 0.26549566 0.16662221 -0.23999877 0.78431373 0.00000000 0.00000000
v 0.26559353 -0.02849008 -0.17277351 0.78431373 0.00000000 0.00000000
v 0.26571861 0.03501331 -0.17419365 0.78431373 0.00000000 0.00000000
v 0.26573065 0.14438941 -0.09307074 0.78431373 0.00000000 0.00000000
v 0.26612486 0.03038214 -0.33019887 0.78431373 0.00000000 0.00000000
v 0.26616093 0.03488403 -0.33006696 0.78431373 0.00000000 0.00000000
v 0.26617463 0.04148481 -0.32986378 0.78431373 0.00000000 0.00000000
v 0.26618042 -0.08711221 -0.14050756 0.78431373 0.00000000 0.00000000
v 0.26707641 -0.11015855 -0.29450120 0.78431373 0.00000000 0.00000000
v 0.26737933 0.08558024 -0.30525284 0.78431373 0.00000000 0.00000000
v 0.26809118 0.11296313 -0.12392002 0.78431373 0.00000000 0.00000000
v 0.26824569 0.10445056 -0.13019962 0.78431373 0.00000000 0.00000000
v 0.26853581 0.03845049 -0.16839157 0.78431373 0.00000000 0.00000000
v 0.26856430 0.11019379 -0.12612596 0.78431373 0.00000000 0.00000000
v 0.26870220 0.04185083 -0.32493301 0.78431373 0.00000000 0.00000000
v 0.26870754 0.22544259 -0.16043213 0.78431373 0.00000000 0.00000000
v 0.26872267 -0.04035997 -0.32599474 0.78431373 0.00000000 0.00000000
v 0.26873363 -0.04345797 -0.32446416 0.78431373 0.00000000 0.00000000
v 0.26929075 -0.12863863 -0.10086767 0.78431373 0.00000000 0.00000000
v 0.26947105 0.22159494 -0.16581598 0.78431373 0.00000000 0.00000000
v 0.26998314 0.08043730 -0.30290839 0.78431373 0.00000000 0.00000000
v 0.27014053 0.08517840 -0.30020224 0.78431373 0.00000000 0.00000000
v 0.27025292 0.08856400 -0.29826978 0.78431373 0.00000000 0.00000000
v 0.27026825 -0.17461331 -0.22100255 0.78431373 0.00000000 0.00000000
v 0.27059466 0.01421706 -0.16344298 0.78431373 0.00000000 0.00000000
v 0.27061452 -0.10413532 -0.29063597 0.78431373 0.00000000 0.00000000
v 0.27065991 -0.12227532 -0.10539293 0.78431373 0.00000000 0.00000000
v 0.27069473 -0.03463682 -0.49559843 0.78431373 0.00000000 0.00000000
v 0.27093182 -0.20592377 -0.18480488 0.78431373 0.00000000 0.00000000
v 0.27119192 0.11685015 -0.28212445 0.78431373 0.00000000 0.00000000
v 0.27126271 -0.20562803 -0.18474673 0.78431373 0.00000000 0.00000000
v 0.27140099 -0.20573318 -0.18436938 0.78431373 0.00000000 0.00000000
v 0.27172095 -0.20499555 -0.18458359 0.78431373 0.00000000 0.00000000
v 0.27242064 0.16739513 -0.22639904 0.78431373 0.00000000 0.00000000
v 0.27269632 0.05571698 -0.14915664 0.78431373 0.00000000 0.00000000
v 0.27285076 -0.04713043 -0.31463487 0.78431373 0.00000000 0.00000000
v 0.27338232 0.08468853 -0.29417855 0.78431373 0.00000000 0.00000000
v 0.27376161 -0.02305892 -0.15583104 0.78431373 0.00000000 0.00000000
v 0.27383058 0.06302874 -0.14238063 0.78431373 0.00000000 0.00000000
v 0.27385953 0.02178066 -0.49079744 0.78431373 0.00000000 0.00000000
v 0.27428008 0.06228973 -0.14183458 0.78431373 0.00000000 0.00000000
v 0.27466664 -0.03371143 -0.15365575 0.78431373 0.00000000 0.00000000
v 0.27474250 0.05566513 -0.14483435 0.78431373 0.00000000 0.00000000
v 0.27484714 -0.12373722 -0.09572930 0.78431373 0.00000000 0.00000000
v 0.27503296 0.17080453 -0.21797132 0.78431373 0.00000000 0.00000000
v 0.27519863 -0.04075567 -0.31315518 0.78431373 0.00000000 0.00000000
v 0.27535391 0.04842019 -0.48853049 0.78431373 0.00000000 0.00000000
v 0.27555187 -0.11478776 -0.10443250 0.78431373 0.00000000 0.00000000
v 0.27627127 -0.01082883 -0.15046105 0.78431373 0.00000000 0.00000000
v 0.27631200 -0.11295237 -0.10388891 0.78431373 0.00000000 0.00000000
v 0.27678229 0.17372236 -0.21165642 0.78431373 0.00000000 0.00000000
v 0.27724335 -0.16905402 -0.21401001 0.78431373 0.00000000 0.00000000
v 0.27742520 0.02114245 -0.48514645 0.78431373 0.00000000 0.00000000
v 0.27786584 -0.02020525 -0.14677727 0.78431373 0.00000000 0.00000000
v 0.27793392 0.16095766 -0.22303092 0.78431373 0.00000000 0.00000000
v 0.27873290 -0.22608496 -0.13721482 0.78431373 0.00000000 0.00000000
v 0.27930502 -0.11624444 -0.09560631 0.78431373 0.00000000 0.00000000
v 0.27952915 -0.02025329 -0.14308899 0.78431373 0.00000000 0.00000000
v 0.27955530 0.05387982 -0.13566813 0.78431373 0.00000000 0.00000000
v 0.27978802 0.21926340 -0.15099927 0.78431373 0.00000000 0.00000000
v 0.27990328 -0.01404565 -0.30346551 0.78431373 0.00000000 0.00000000
v 0.27992734 -0.00421572 -0.30328597 0.78431373 0.00000000 0.00000000
v 0.28001323 -0.11403499 -0.09539147 0.78431373 0.00000000 0.00000000
v 0.28027037 -0.12641780 -0.25377020 0.78431373 0.00000000 0.00000000
v 0.28133762 -0.03971594 -0.45664729 0.78431373 0.00000000 0.00000000
v 0.28151547 0.22692546 -0.13431943 0.78431373 0.00000000 0.00000000
v 0.28181283 0.02302722 -0.45953548 0.78431373 0.00000000 0.00000000
v 0.28198153 0.04530197 -0.46056083 0.78431373 0.00000000 0.00000000
v 0.28205981 0.01923756 -0.46536619 0.78431373 0.00000000 0.00000000
v 0.28206611 0.01924904 -0.46550199 0.78431373 0.00000000 0.00000000
v 0.28226696 -0.04262065 -0.47723610 0.78431373 0.00000000 0.00000000
v 0.28234384 0.09575501 -0.10455415 0.78431373 0.00000000 0.00000000
v 0.28274336 -0.07926081 -0.10989516 0.78431373 0.00000000 0.00000000
v 0.28314197 -0.07938957 -0.10897293 0.78431373 0.00000000 0.00000000
v 0.28339225 0.18564344 -0.18459837 0.78431373 0.00000000 0.00000000
v 0.28351279 0.05935504 -0.12395567 0.78431373 0.00000000 0.00000000
v 0.28397454 0.05234834 -0.29006827 0.78431373 0.00000000 0.00000000
v 0.28399273 0.01272172 -0.29499530 0.78431373 0.00000000 0.00000000
v 0.28404050 -0.12937932 -0.24386744 0.78431373 0.00000000 0.00000000
v 0.28417634 0.11739692 -0.08782485 0.78431373 0.00000000 0.00000000
v 0.28452218 0.21646868 -0.14678090 0.78431373 0.00000000 0.00000000
v 0.28478856 -0.08826395 -0.10029192 0.78431373 0.00000000 0.00000000
v 0.28503755 0.04773890 -0.12769677 0.78431373 0.00000000 0.00000000
v 0.28524970 0.13990297 -0.23179518 0.78431373 0.00000000 0.00000000
v 0.28546907 -0.18538305 -0.17945314 0.78431373 0.00000000 0.00000000
v 0.28578003 -0.21786740 -0.13916842 0.78431373 0.00000000 0.00000000
v 0.28585374 0.08752891 -0.26861148 0.78431373 0.00000000 0.00000000
v 0.28593143 -0.03658543 -0.22434779 0.78431373 0.00000000 0.00000000
v 0.28614459 0.04684194 -0.28746259 0.78431373 0.00000000 0.00000000
v 0.28620482 -0.08036988 -0.10177743 0.78431373 0.00000000 0.00000000
v 0.28627279 0.11206048 -0.08638982 0.78431373 0.00000000 0.00000000
v 0.28638708 0.21777208 -0.14152203 0.78431373 0.00000000 0.00000000
v 0.28690823 0.04454046 -0.28666772 0.78431373 0.00000000 0.00000000
v 0.28694206 0.21458842 -0.14407504 0.78431373 0.00000000 0.00000000
v 0.28707811 0.00064025 -0.12668429 0.78431373 0.00000000 0.00000000
v 0.28756546 -0.08247242 -0.26815914 0.78431373 0.00000000 0.00000000
v 0.28768250 0.15449450 -0.21187237 0.78431373 0.00000000 0.00000000
v 0.28801488 0.21951561 -0.13560651 0.78431373 0.00000000 0.00000000
v 0.28861575 -0.07310813 -0.10074518 0.78431373 0.00000000 0.00000000
v 0.28874995 0.03563119 -0.28344029 0.78431373 0.00000000 0.00000000
v 0.28882817 0.21312268 -0.14196577 0.78431373 0.00000000 0.00000000
v 0.28956085 0.04149485 -0.12182769 0.78431373 0.00000000 0.00000000
v 0.29016556 -0.18252132 -0.17314666 0.78431373 0.00000000 0.00000000
v 0.29071785 0.13352148 -0.22845117 0.78431373 0.00000000 0.00000000
v 0.29142240 0.09034049 -0.08849443 0.78431373 0.00000000 0.00000000
v 0.29165058 0.09885644 -0.08288800 0.78431373 0.00000000 0.00000000
v 0.29227691 0.09675891 -0.08281673 0.78431373 0.00000000 0.00000000
v 0.29267119 -0.02065121 -0.11363656 0.78431373 0.00000000 0.00000000
v 0.29295696 0.18008369 -0.17174471 0.78431373 0.00000000 0.00000000
v 0.29315275 0.01440794 -0.11340943 0.78431373 0.00000000 0.00000000
v 0.29377830 0.20898715 -0.13607870 0.78431373 0.00000000 0.00000000
v 0.29422237 0.08661594 -0.08477688 0.78431373 0.00000000 0.00000000
v 0.29428198 0.08938701 -0.25025971 0.78431373 0.00000000 0.00000000
v 0.29505045 0.08229861 -0.08561121 0.78431373 0.00000000 0.00000000
v 0.29598543 0.08422106 -0.08237488 0.78431373 0.00000000 0.00000000
v 0.29629006 0.02613652 -0.10666571 0.78431373 0.00000000 0.00000000
v 0.29653766 0.02556121 -0.10609702 0.78431373 0.00000000 0.00000000
v 0.29671722 0.07360859 -0.08729057 0.78431373 0.00000000 0.00000000
v 0.29675956 0.02743597 -0.10564544 0.78431373 0.00000000 0.00000000
v 0.29690074 -0.02333940 -0.10409558 0.78431373 0.00000000 0.00000000
v 0.29694234 -0.03892938 -0.10242614 0.78431373 0.00000000 0.00000000
v 0.29738560 0.01163964 -0.10385913 0.78431373 0.00000000 0.00000000
v 0.29745631 0.12789467 -0.22196421 0.78431373 0.00000000 0.00000000
v 0.29763244 -0.03685550 -0.10212796 0.78431373 0.00000000 0.00000000
v 0.29805137 0.03855143 -0.10295772 0.78431373 0.00000000 0.00000000
v 0.29815299 -0.03073315 -0.10111047 0.78431373 0.00000000 0.00000000
v 0.29846502 0.06230844 -0.25698840 0.78431373 0.00000000 0.00000000
v 0.29849861 0.20304604 -0.13302649 0.78431373 0.00000000 0.00000000
v 0.29854116 -0.14316585 -0.20253961 0.78431373 0.00000000 0.00000000
v 0.29865331 -0.06400000 -0.25582422 0.78431373 0.00000000 0.00000000
v 0.29874057 0.04282404 -0.10149749 0.78431373 0.00000000 0.00000000
v 0.29879097 0.14661665 -0.19858225 0.78431373 0.00000000 0.00000000
v 0.29961003 0.08779962 -0.24022049 0.78431373 0.00000000 0.00000000
v 0.29970061 0.08772838 -0.24007485 0.78431373 0.00000000 0.00000000
v 0.29974206 -0.13888579 -0.20501923 0.78431373 0.00000000 0.00000000
v 0.29977477 -0.13218754 -0.21238263 0.78431373 0.00000000 0.00000000
v 0.30028115 -0.19046663 -0.14246043 0.78431373 0.00000000 0.00000000
v 0.30064258 0.17561546 -0.16141506 0.78431373 0.00000000 0.00000000
v 0.30075045 -0.13807270 -0.20401871 0.78431373 0.00000000 0.00000000
v 0.30120898 -0.05768806 -0.25411147 0.78431373 0.00000000 0.00000000
v 0.30142680 0.12324129 -0.21644579 0.78431373 0.00000000 0.00000000
v 0.30174055 0.12969625 -0.21215088 0.78431373 0.00000000 0.00000000
v 0.30193485 -0.18136333 -0.15020784 0.78431373 0.00000000 0.00000000
v 0.30306582 -0.13273498 -0.20556884 0.78431373 0.00000000 0.00000000
v 0.30384613 -0.10081025 -0.22503105 0.78431373 0.00000000 0.00000000
v 0.30453720 -0.18108681 -0.14507619 0.78431373 0.00000000 0.00000000
v 0.30506393 -0.17886594 -0.14670702 0.78431373 0.00000000 0.00000000
v 0.30549790 -0.12712821 -0.20719711 0.78431373 0.00000000 0.00000000
v 0.30597623 0.14152020 -0.18998490 0.78431373 0.00000000 0.00000000
v 0.30599056 0.08228320 -0.22901820 0.78431373 0.00000000 0.00000000
v 0.30615730 -0.12001212 -0.20977483 0.78431373 0.00000000 0.00000000
v 0.30632910 -0.14168934 -0.18820333 0.78431373 0.00000000 0.00000000
v 0.30641473 -0.13319851 -0.19810076 0.78431373 0.00000000 0.00000000
v 0.30664602 -0.12431756 -0.20632753 0.78431373 0.00000000 0.00000000
v 0.30693745 -0.12773151 -0.20350750 0.78431373 0.00000000 0.00000000
v 0.30711230 -0.04270569 -0.24988154 0.78431373 0.00000000 0.00000000
v 0.30714540 -0.07455218 -0.23278520 0.78431373 0.00000000 0.00000000
v 0.30719417 -0.04233806 -0.24971421 0.78431373 0.00000000 0.00000000
v 0.30785350 0.17462431 -0.14803234 0.78431373 0.00000000 0.00000000
v 0.30938568 0.13258239 -0.19342277 0.78431373 0.00000000 0.00000000
v 0.30967973 0.17340797 -0.14575614 0.78431373 0.00000000 0.00000000
v 0.30984632 -0.15747210 -0.16221134 0.78431373 0.00000000 0.00000000
v 0.31004688 -0.17732483 -0.13812838 0.78431373 0.00000000 0.00000000
v 0.31018567 -0.13207610 -0.19164256 0.78431373 0.00000000 0.00000000
v 0.31068594 0.14209669 -0.17983298 0.78431373 0.00000000 0.00000000
v 0.31085775 -0.03845730 -0.24239558 0.78431373 0.00000000 0.00000000
v 0.31104604 -0.06725418 -0.22888580 0.78431373 0.00000000 0.00000000
v 0.31182020 -0.00221841 -0.23784293 0.78431373 0.00000000 0.00000000
v 0.31202326 0.10967502 -0.20026372 0.78431373 0.00000000 0.00000000
v 0.31246798 0.03100891 -0.23415943 0.78431373 0.00000000 0.00000000
v 0.31287755 -0.13022097 -0.18828283 0.78431373 0.00000000 0.00000000
v 0.31328584 -0.04308291 -0.23764157 0.78431373 0.00000000 0.00000000
v 0.31364246 0.10259335 -0.20057838 0.78431373 0.00000000 0.00000000
v 0.31431431 0.09994166 -0.20071463 0.78431373 0.00000000 0.00000000
v 0.31507524 -0.03368558 -0.23324053 0.78431373 0.00000000 0.00000000
v 0.31536362 -0.15374194 -0.15523963 0.78431373 0.00000000 0.00000000
v 0.31642804 0.04890149 -0.22462324 0.78431373 0.00000000 0.00000000
v 0.31655607 0.11024672 -0.18979692 0.78431373 0.00000000 0.00000000
v 0.31665108 -0.05628809 -0.22309961 0.78431373 0.00000000 0.00000000
v 0.31689540 0.17822383 -0.12326914 0.78431373 0.00000000 0.00000000
v 0.31728442 0.05586023 -0.22053066 0.78431373 0.00000000 0.00000000
v 0.31768159 0.07277911 -0.20963456 0.78431373 0.00000000 0.00000000
v 0.31789053 -0.01890069 -0.22631635 0.78431373 0.00000000 0.00000000
v 0.31862766 0.13607135 -0.17078290 0.78431373 0.00000000 0.00000000
v 0.31948203 0.09977614 -0.18975045 0.78431373 0.00000000 0.00000000
v 0.32017748 -0.04488941 -0.22197569 0.78431373 0.00000000 0.00000000
v 0.32030058 0.16579009 -0.13151548 0.78431373 0.00000000 0.00000000
v 0.32048320 -0.02722511 -0.22068113 0.78431373 0.00000000 0.00000000
v 0.32280520 0.07264183 -0.19874803 0.78431373 0.00000000 0.00000000
v 0.32401386 0.13012178 -0.16203097 0.78431373 0.00000000 0.00000000
v 0.32660302 0.16551121 -0.11833528 0.78431373 0.00000000 0.00000000
v 0.32671784 -0.13602133 -0.15280974 0.78431373 0.00000000 0.00000000
v 0.32674914 0.16135557 -0.12322079 0.78431373 0.00000000 0.00000000
v 0.32752015 0.13942839 -0.14899915 0.78431373 0.00000000 0.00000000
v 0.32808591 0.12590943 -0.15581513 0.78431373 0.00000000 0.00000000
v 0.32850718 0.11584309 -0.16089038 0.78431373 0.00000000 0.00000000
v 0.32927319 -0.15954391 -0.11962150 0.78431373 0.00000000 0.00000000
v 0.32945464 0.05169027 -0.19695400 0.78431373 0.00000000 0.00000000
v 0.32983100 0.05088155 -0.19645300 0.78431373 0.00000000 0.00000000
v 0.32988058 0.08302574 -0.17743623 0.78431373 0.00000000 0.00000000
v 0.33019844 -0.15868559 -0.11872854 0.78431373 0.00000000 0.00000000
v 0.33043464 0.06978630 -0.18411129 0.78431373 0.00000000 0.00000000
v 0.33069580 0.04834797 -0.19482188 0.78431373 0.00000000 0.00000000
v 0.33121723 0.05108634 -0.19353943 0.78431373 0.00000000 0.00000000
v 0.33121829 -0.02159424 -0.19599306 0.78431373 0.00000000 0.00000000
v 0.33138767 -0.11186191 -0.15728828 0.78431373 0.00000000 0.00000000
v 0.33155389 0.04549185 -0.19296022 0.78431373 0.00000000 0.00000000
v 0.33304213 0.15695657 -0.11499446 0.78431373 0.00000000 0.00000000
v 0.33378658 -0.11858533 -0.14753872 0.78431373 0.00000000 0.00000000
v 0.33396694 0.14890730 -0.12305666 0.78431373 0.00000000 0.00000000
v 0.33423453 0.03625740 -0.18692268 0.78431373 0.00000000 0.00000000
v 0.33440506 0.11873383 -0.14527298 0.78431373 0.00000000 0.00000000
v 0.33494405 0.13025920 -0.13705936 0.78431373 0.00000000 0.00000000
v 0.33516945 0.14298740 -0.12784593 0.78431373 0.00000000 0.00000000
v 0.33540972 -0.01858297 -0.18632636 0.78431373 0.00000000 0.00000000
v 0.33551932 -0.10970013 -0.14915065 0.78431373 0.00000000 0.00000000
v 0.33662535 0.06719919 -0.17110612 0.78431373 0.00000000 0.00000000
v 0.33726226 -0.04936783 -0.18313911 0.78431373 0.00000000 0.00000000
v 0.33749107 0.06977850 -0.16751505 0.78431373 0.00000000 0.00000000
v 0.33775518 0.02115732 -0.17911318 0.78431373 0.00000000 0.00000000
v 0.33972165 0.06590964 -0.16461993 0.78431373 0.00000000 0.00000000
v 0.34014584 -0.14164891 -0.11839333 0.78431373 0.00000000 0.00000000
v 0.34026741 0.11480806 -0.13384705 0.78431373 0.00000000 0.00000000
v 0.34051537 0.14571834 -0.11275734 0.78431373 0.00000000 0.00000000
v 0.34062046 0.14552360 -0.11277184 0.78431373 0.00000000 0.00000000
v 0.34378997 -0.01233985 -0.16603419 0.78431373 0.00000000 0.00000000
v 0.34416272 -0.11236339 -0.12760137 0.78431373 0.00000000 0.00000000
v 0.34522637 -0.12207371 -0.11904062 0.78431373 0.00000000 0.00000000
v 0.34551395 -0.12469905 -0.11672608 0.78431373 0.00000000 0.00000000
v 0.34622385 -0.12238199 -0.11649112 0.78431373 0.00000000 0.00000000
v 0.34672116 -0.01245434 -0.15902932 0.78431373 0.00000000 0.00000000
v 0.34749086 -0.00296309 -0.15680553 0.78431373 0.00000000 0.00000000
v 0.34756307 -0.01248658 -0.15702825 0.78431373 0.00000000 0.00000000
v 0.34785506 -0.11348296 -0.11817735 0.78431373 0.00000000 0.00000000
v 0.34856250 0.10276449 -0.12158991 0.78431373 0.00000000 0.00000000
v 0.35057775 0.05262022 -0.14717972 0.78431373 0.00000000 0.00000000
v 0.35083903 0.11062749 -0.11149563 0.78431373 0.00000000 0.00000000
v 0.35100236 0.11003376 -0.11146918 0.78431373 0.00000000 0.00000000
v 0.35178462 0.10720353 -0.11134475 0.78431373 0.00000000 0.00000000
v 0.35288289 0.08539646 -0.12195277 0.78431373 0.00000000 0.00000000
v 0.35475777 0.09379950 -0.11247234 0.78431373 0.00000000 0.00000000
v 0.35541611 0.09083148 -0.11272202 0.78431373 0.00000000 0.00000000
v 0.35576202 0.04374283 -0.13514070 0.78431373 0.00000000 0.00000000
v 0.35593081 0.09202903 -0.11065604 0.78431373 0.00000000 0.00000000
v 0.35629733 0.08685864 -0.11305622 0.78431373 0.00000000 0.00000000
v 0.35670624 -0.08617724 -0.11426136 0.78431373 0.00000000 0.00000000
v 0.35673518 0.07978098 -0.11630811 0.78431373 0.00000000 0.00000000
v 0.35832204 0.03779284 -0.12925903 0.78431373 0.00000000 0.00000000
v 0.35862884 0.03401553 -0.12867784 0.78431373 0.00000000 0.00000000
v 0.35886646 -0.07727788 -0.11469748 0.78431373 0.00000000 0.00000000
v 0.35970812 0.05334359 -0.12531660 0.78431373 0.00000000 0.00000000
v 0.36164924 -0.06870540 -0.11345865 0.78431373 0.00000000 0.00000000
v 0.36251826 -0.01294675 -0.12147747 0.78431373 0.00000000 0.00000000
v 0.36263735 -0.02243182 -0.12160838 0.78431373 0.00000000 0.00000000
v 0.36486102 -0.03437077 -0.11684069 0.78431373 0.00000000 0.00000000
v 0.36507385 -0.04999378 -0.11701665 0.78431373 0.00000000 0.00000000
v 0.36738139 -0.05069920 -0.11084629 0.78431373 0.00000000 0.00000000
v 0.36742906 -0.04964782 -0.11066779 0.78431373 0.00000000 0.00000000
f 2686 2712 2750
f 2686 2781 2712
f 2750 2782 2686
f 2686 2818 2781
f 2686 2782 2821
f 2686 2860 2818
f 2686 2821 2826
f 2835 2686 2826
f 2686 2835 2841
f 2686 2841 2860
f 2781 2750 2712
f 2818 2750 2781
f 2818 2782 2750
f 2821 2782 2818
f 2821 2818 2860
f 2826 2821 2855
f 2860 2855 2821
f 2835 2826 2855
f 2841 2835 2845
f 2845 2835 2855
f 2860 2841 2845
f 2860 2845 2855
f 176 148 149
f 148 178 149
f 207 148 176
f 148 309 178
f 207 232 148
f 232 327 148
f 148 321 309
f 148 327 321
f 149 178 166
f 405 149 166
f 176 149 168
f 405 168 149
f 405 166 178
f 175 168 170
f 405 170 168
f 176 168 175
f 265 175 170
f 405 265 170
f 176 175 189
f 265 189 175
f 176 189 265
f 207 176 235
f 235 176 349
f 176 265 310
f 176 310 349
f 252 178 309
f 405 178 252
f 207 368 232
f 368 207 235
f 327 232 334
f 232 422 334
f 368 397 232
f 232 397 422
f 235 349 415
f 235 415 368
f 252 309 405
f 359 310 265
f 423 359 265
f 423 265 405
f 405 309 321
f 349 310 359
f 315 311 312
f 312 311 422
f 501 311 315
f 311 339 422
f 501 339 311
f 315 312 422
f 315 318 363
f 318 315 422
f 315 363 501
f 363 318 422
f 405 321 327
f 405 327 334
f 405 334 339
f 422 339 334
f 405 339 501
f 349 359 518
f 415 349 514
f 349 518 514
f 518 359 423
f 365 363 548
f 365 680 363
f 363 422 548
f 640 501 363
f 676 640 363
f 680 676 363
f 365 441 390
f 680 365 390
f 548 441 365
f 464 397 368
f 368 415 469
f 480 464 368
f 469 480 368
f 390 441 680
f 397 548 422
f 397 455 457
f 455 397 464
f 397 457 519
f 519 548 397
f 423 405 713
f 501 692 405
f 405 673 617
f 405 617 713
f 405 692 673
f 469 415 467
f 415 496 467
f 415 509 496
f 415 514 509
f 502 518 423
f 563 502 423
f 563 423 713
f 441 523 456
f 680 441 456
f 548 523 441
f 537 457 455
f 537 455 464
f 456 523 487
f 456 487 720
f 680 456 720
f 519 457 537
f 537 464 480
f 496 469 467
f 537 480 469
f 537 469 496
f 523 853 487
f 720 487 763
f 487 840 763
f 853 840 487
f 623 496 509
f 537 496 623
f 691 501 640
f 501 681 693
f 681 501 699
f 699 501 691
f 501 736 692
f 501 693 736
f 623 518 502
f 688 502 563
f 742 623 502
f 891 502 688
f 742 502 891
f 518 509 514
f 623 509 518
f 824 519 537
f 519 564 548
f 824 564 519
f 548 566 523
f 566 894 523
f 523 894 853
f 537 623 742
f 537 742 824
f 564 609 548
f 566 548 602
f 619 602 548
f 619 548 609
f 713 688 563
f 824 609 564
f 566 602 824
f 566 824 894
f 619 824 602
f 824 619 609
f 643 617 644
f 713 617 643
f 644 617 747
f 617 673 747
f 640 676 812
f 691 640 812
f 717 643 644
f 643 696 713
f 717 696 643
f 717 644 815
f 815 644 747
f 673 692 752
f 673 752 747
f 676 680 720
f 676 720 763
f 676 763 812
f 812 693 681
f 812 681 699
f 713 804 688
f 688 804 875
f 688 875 1202
f 982 891 688
f 982 688 1202
f 812 699 691
f 692 736 743
f 692 743 752
f 812 736 693
f 696 759 713
f 696 717 759
f 759 806 713
f 804 713 875
f 806 816 713
f 816 975 713
f 875 713 947
f 947 713 1090
f 975 995 713
f 1090 713 995
f 717 806 759
f 717 816 806
f 815 899 717
f 816 717 975
f 717 899 975
f 743 736 739
f 739 736 754
f 812 754 736
f 747 743 739
f 739 812 747
f 754 812 739
f 824 742 917
f 917 742 891
f 747 752 743
f 815 747 812
f 763 900 812
f 853 763 840
f 894 763 853
f 900 763 894
f 815 812 900
f 899 815 930
f 815 900 1007
f 815 987 930
f 815 1007 987
f 824 962 894
f 824 917 943
f 824 943 930
f 930 987 824
f 1014 962 824
f 987 1007 824
f 1007 1014 824
f 1426 875 947
f 1218 1202 875
f 1218 875 1238
f 1238 875 1426
f 917 891 982
f 900 894 962
f 899 930 943
f 899 943 950
f 950 961 899
f 899 961 1092
f 899 1209 975
f 899 1092 1209
f 900 962 1014
f 1007 900 1014
f 943 917 950
f 917 982 950
f 947 1090 1161
f 947 1161 1163
f 1194 947 1163
f 1426 947 1194
f 950 1092 961
f 982 1092 950
f 975 1209 995
f 982 1151 1092
f 1151 982 1173
f 1173 982 1202
f 1090 995 1187
f 995 1209 1187
f 1161 1090 1187
f 1158 1092 1151
f 1092 1158 1209
f 1158 1151 1173
f 1209 1158 1173
f 1163 1161 1187
f 1163 1187 1194
f 1225 1173 1202
f 1209 1173 1225
f 1187 1348 1194
f 1187 1209 1225
f 1242 1187 1225
f 1348 1187 1242
f 1194 1348 1426
f 1218 1225 1202
f 1242 1225 1218
f 1238 1242 1218
f 1238 1364 1242
f 1364 1238 1426
f 1242 1364 1348
f 1348 1364 1410
f 1426 1348 1410
f 1410 1364 1426
f 1431 1410 1426
f 1426 1410 1456
f 1410 1431 1442
f 1410 1442 1456
f 1431 1426 1536
f 1639 1426 1456
f 1639 1536 1426
f 1435 1431 1536
f 1431 1435 1782
f 1431 1782 1442
f 1582 1435 1536
f 1582 1571 1435
f 1782 1435 1571
f 1442 1522 1456
f 1442 1782 1522
f 1456 1522 1809
f 1865 1639 1456
f 1865 1456 1809
f 1809 1522 1617
f 1522 1847 1617
f 1522 1782 1847
f 1582 1536 1639
f 1639 1571 1582
f 1639 1782 1571
f 1617 1847 1809
f 1782 1639 1865
f 1847 1782 1865
f 1809 1847 1865
f 1892 1878 1898
f 1912 1878 1892
f 1878 1912 1898
f 1892 1898 1925
f 1969 1912 1892
f 1892 1925 1969
f 1898 1912 1925
f 1912 1969 1925
f 180 229 236
f 433 229 180
f 237 180 236
f 433 180 237
f 229 304 236
f 433 304 229
f 237 236 249
f 304 249 236
f 237 249 399
f 237 399 641
f 466 237 427
f 427 237 488
f 433 237 489
f 489 237 466
f 237 641 488
f 478 249 304
f 399 249 478
f 433 325 304
f 478 304 325
f 433 407 325
f 478 325 407
f 468 399 478
f 641 399 468
f 407 426 428
f 433 426 407
f 407 428 578
f 478 407 541
f 541 407 578
f 428 426 433
f 427 674 466
f 488 674 427
f 433 560 428
f 428 560 663
f 428 616 578
f 616 428 716
f 716 428 663
f 433 489 572
f 823 560 433
f 433 572 574
f 433 574 785
f 433 785 823
f 466 674 489
f 641 468 478
f 641 478 541
f 488 641 595
f 595 674 488
f 572 489 574
f 489 674 574
f 823 541 578
f 641 541 823
f 663 560 823
f 574 674 817
f 785 574 817
f 578 616 823
f 595 641 654
f 654 703 595
f 705 674 595
f 703 705 595
f 823 616 716
f 641 735 654
f 641 705 703
f 641 703 718
f 641 727 705
f 641 718 745
f 641 777 727
f 641 745 735
f 641 787 777
f 787 641 856
f 641 823 856
f 718 703 654
f 654 735 718
f 823 716 663
f 674 705 727
f 674 727 777
f 674 777 787
f 674 787 856
f 817 674 856
f 718 735 745
f 785 817 823
f 817 856 823
f 2 3 1
f 41 2 1
f 3 6 1
f 4 1 6
f 41 1 4
f 3 2 41
f 6 3 41
f 4 6 11
f 11 12 4
f 41 4 12
f 41 11 6
f 20 12 11
f 41 20 11
f 28 16 12
f 41 12 16
f 20 28 12
f 28 42 16
f 42 41 16
f 20 41 28
f 45 28 41
f 50 42 28
f 28 45 50
f 134 41 42
f 45 41 134
f 134 42 50
f 50 45 65
f 45 62 65
f 134 62 45
f 50 65 59
f 134 50 59
f 59 65 64
f 134 59 64
f 134 65 62
f 89 64 65
f 98 82 64
f 134 64 82
f 89 98 64
f 134 89 65
f 83 82 98
f 134 82 83
f 136 83 98
f 134 83 136
f 98 89 134
f 134 139 98
f 139 136 98
f 134 136 199
f 199 139 134
f 157 136 139
f 136 157 199
f 199 157 139
f 30 25 27
f 25 44 27
f 53 25 30
f 127 44 25
f 127 25 53
f 27 90 30
f 44 150 27
f 27 94 90
f 27 150 94
f 30 51 36
f 30 36 53
f 30 90 51
f 36 51 53
f 127 80 44
f 44 80 150
f 53 51 90
f 53 90 204
f 53 158 127
f 53 204 158
f 127 101 80
f 80 101 150
f 204 90 94
f 94 150 250
f 204 94 169
f 169 94 250
f 127 113 101
f 113 150 101
f 127 164 113
f 113 164 150
f 158 215 127
f 338 164 127
f 296 127 215
f 316 127 296
f 127 316 338
f 164 165 150
f 165 214 150
f 214 263 150
f 250 150 279
f 263 394 150
f 150 394 279
f 158 204 195
f 215 158 195
f 164 214 165
f 164 263 214
f 338 263 164
f 169 250 204
f 195 204 238
f 295 215 195
f 195 238 295
f 204 272 238
f 250 279 204
f 204 307 272
f 279 439 204
f 204 336 307
f 439 336 204
f 296 215 295
f 238 272 295
f 338 376 263
f 376 477 263
f 263 477 394
f 295 272 307
f 279 394 364
f 439 279 364
f 296 295 345
f 295 307 336
f 295 336 439
f 418 345 295
f 420 418 295
f 295 562 420
f 295 439 562
f 316 296 345
f 338 316 345
f 345 418 338
f 338 679 376
f 338 418 420
f 338 420 531
f 679 338 531
f 629 364 394
f 439 364 562
f 364 586 562
f 586 364 629
f 679 477 376
f 394 494 450
f 629 394 450
f 477 494 394
f 420 562 531
f 494 472 450
f 472 782 450
f 450 782 629
f 472 494 797
f 797 782 472
f 477 506 494
f 679 506 477
f 494 506 679
f 679 797 494
f 531 562 678
f 678 679 531
f 629 562 586
f 782 562 629
f 678 562 782
f 679 678 690
f 798 690 678
f 797 678 782
f 798 678 797
f 679 690 783
f 679 783 808
f 798 797 679
f 808 798 679
f 783 690 798
f 783 798 808
f 1003 1062 1116
f 1003 1139 1062
f 1003 1116 1063
f 1003 1063 1139
f 1116 1062 1221
f 1062 1139 1221
f 1211 1063 1116
f 1063 1120 1177
f 1235 1120 1063
f 1139 1063 1246
f 1246 1063 1177
f 1374 1063 1211
f 1374 1235 1063
f 1116 1221 1211
f 1120 1235 1177
f 1139 1188 1221
f 1188 1139 1246
f 1235 1246 1177
f 1188 1217 1221
f 1217 1188 1324
f 1188 1246 1288
f 1324 1188 1288
f 1211 1221 1232
f 1211 1232 1374
f 1221 1217 1324
f 1232 1221 1396
f 1221 1324 1385
f 1221 1385 1587
f 1396 1221 1419
f 1221 1480 1419
f 1221 1790 1480
f 1221 1587 1653
f 1221 1653 1664
f 1221 1664 1790
f 1232 1396 1374
f 1235 1320 1246
f 1374 1320 1235
f 1246 1320 1288
f 1320 1297 1288
f 1297 1324 1288
f 1297 1320 1363
f 1297 1363 1324
f 1320 1392 1363
f 1374 1392 1320
f 1363 1345 1324
f 1324 1345 1385
f 1385 1345 1363
f 1474 1385 1363
f 1392 1474 1363
f 1374 1460 1392
f 1374 1396 1419
f 1374 1419 1480
f 1374 1491 1460
f 1480 1682 1374
f 1491 1374 1657
f 1374 1867 1657
f 1682 1867 1374
f 1385 1474 1587
f 1392 1460 1474
f 1474 1460 1491
f 1474 1491 1529
f 1474 1529 1587
f 1480 1790 1682
f 1491 1625 1529
f 1491 1657 1625
f 1653 1587 1529
f 1625 1653 1529
f 1688 1653 1625
f 1688 1625 1657
f 1653 1887 1664
f 1781 1653 1688
f 1781 1937 1653
f 1653 1937 1887
f 1657 1678 1688
f 1867 1678 1657
f 1790 1664 1792
f 1664 1887 1792
f 1688 1678 1781
f 1678 1846 1781
f 1867 1846 1678
f 1682 1790 1777
f 1849 1682 1777
f 1867 1682 1849
f 1777 1790 1849
f 1856 1781 1846
f 1781 1856 1937
f 1792 1887 1790
f 1849 1790 1902
f 1790 1887 1928
f 1790 1928 1902
f 1856 1846 1937
f 1846 1867 1923
f 1846 1923 1928
f 1846 1928 1937
f 1849 1902 1867
f 1902 1923 1867
f 1928 1887 1937
f 1902 1928 1923
f 1179 1178 1283
f 1377 1178 1179
f 1178 1372 1256
f 1178 1256 1586
f 1283 1178 1308
f 1308 1178 1422
f 1377 1372 1178
f 1453 1422 1178
f 1453 1178 1586
f 1179 1283 1244
f 1377 1179 1244
f 1289 1244 1283
f 1377 1244 1289
f 1249 1294 1301
f 1294 1249 1377
f 1301 1353 1249
f 1249 1353 1377
f 1372 1368 1256
f 1586 1256 1368
f 1289 1283 1296
f 1283 1308 1296
f 1290 1289 1296
f 1377 1289 1290
f 1291 1290 1296
f 1377 1290 1291
f 1291 1296 1294
f 1377 1291 1294
f 1300 1293 1295
f 1330 1295 1293
f 1300 1353 1293
f 1333 1330 1293
f 1353 1333 1293
f 1294 1296 1301
f 1330 1298 1295
f 1740 1295 1298
f 1300 1295 1740
f 1301 1296 1325
f 1308 1422 1296
f 1325 1296 1660
f 1296 1422 1453
f 1296 1453 1569
f 1296 1569 1715
f 1660 1296 1715
f 1298 1330 1718
f 1740 1298 1718
f 1315 1353 1300
f 1315 1300 1740
f 1325 1353 1301
f 1316 1317 1315
f 1315 1740 1316
f 1317 1353 1315
f 1319 1317 1316
f 1316 1891 1319
f 1316 1740 1891
f 1317 1319 1402
f 1317 1402 1353
f 1880 1402 1319
f 1319 1891 1880
f 1333 1353 1325
f 1325 1660 1333
f 1330 1333 1718
f 1333 1660 1718
f 1353 1457 1377
f 1353 1402 1444
f 1353 1444 1527
f 1353 1464 1457
f 1353 1471 1464
f 1471 1353 1478
f 1478 1353 1544
f 1353 1527 1544
f 1391 1368 1372
f 1469 1368 1391
f 1368 1469 1586
f 1377 1391 1372
f 1391 1377 1401
f 1408 1401 1377
f 1438 1408 1377
f 1458 1438 1377
f 1377 1457 1466
f 1477 1458 1377
f 1377 1466 1483
f 1483 1477 1377
f 1408 1391 1401
f 1469 1391 1408
f 1444 1402 1840
f 1840 1402 1880
f 1408 1438 1469
f 1469 1438 1458
f 1769 1527 1444
f 1840 1769 1444
f 1586 1569 1453
f 1464 1471 1457
f 1466 1457 1550
f 1471 1728 1457
f 1457 1728 1550
f 1469 1458 1489
f 1477 1550 1458
f 1489 1458 1550
f 1466 1550 1483
f 1469 1489 1586
f 1478 1727 1471
f 1471 1727 1728
f 1483 1550 1477
f 1478 1544 1726
f 1478 1726 1727
f 1489 1550 1577
f 1586 1489 1577
f 1585 1544 1527
f 1585 1527 1579
f 1579 1527 1708
f 1708 1527 1769
f 1726 1544 1585
f 1550 1574 1563
f 1550 1563 1577
f 1584 1574 1550
f 1719 1584 1550
f 1728 1719 1550
f 1563 1574 1710
f 1577 1563 1589
f 1586 1594 1563
f 1586 1563 1710
f 1589 1563 1594
f 1569 1586 1720
f 1569 1720 1715
f 1574 1584 1710
f 1586 1577 1589
f 1636 1585 1579
f 1636 1579 1708
f 1719 1710 1584
f 1894 1585 1636
f 1894 1726 1585
f 1589 1594 1586
f 1586 1710 1894
f 1720 1586 1741
f 1741 1586 1746
f 1746 1586 1749
f 1749 1586 1756
f 1756 1586 1770
f 1770 1586 1894
f 1708 1894 1636
f 1660 1715 1770
f 1660 1770 1718
f 1769 1894 1708
f 1894 1710 1719
f 1715 1720 1741
f 1715 1741 1746
f 1715 1746 1749
f 1715 1749 1756
f 1770 1715 1756
f 1740 1718 2020
f 1718 1770 1851
f 1851 1895 1718
f 1718 1895 1957
f 1718 1957 2004
f 2020 1718 2004
f 1894 1719 1728
f 1894 1727 1726
f 1894 1728 1727
f 1891 1740 2000
f 1740 2020 2000
f 1894 1769 1840
f 1851 1770 1894
f 1924 1840 1880
f 1894 1840 1924
f 1895 1851 1894
f 1880 1891 1924
f 1924 1891 1951
f 1891 1974 1951
f 1891 2000 1974
f 1957 1895 1894
f 2000 1894 1924
f 1957 1894 2004
f 2000 2039 1894
f 2004 1894 2034
f 2034 1894 2036
f 2036 1894 2042
f 2039 2042 1894
f 1974 1924 1951
f 1974 2000 1924
f 2000 2020 2039
f 2020 2004 2034
f 2020 2034 2036
f 2042 2020 2036
f 2039 2020 2042
f 1889 1837 1850
f 1837 2082 1850
f 1889 1884 1837
f 1837 1884 1931
f 1983 1837 1931
f 1837 1983 2082
f 1889 1850 1847
f 1847 1850 2117
f 1889 1847 1865
f 1865 1847 1934
f 1934 1847 2077
f 2077 1847 2117
f 2312 1850 2082
f 2117 1850 2312
f 2273 1889 1865
f 2119 1865 1934
f 2119 2273 1865
f 1931 1884 1889
f 2541 1931 1889
f 2429 1889 2273
f 2429 2541 1889
f 2082 1983 1931
f 2082 1931 2196
f 2541 2196 1931
f 1934 2077 2119
f 2119 2077 2117
f 2196 2312 2082
f 2119 2117 2130
f 2312 2130 2117
f 2118 2246 2129
f 2304 2118 2129
f 2118 2138 2246
f 2304 2138 2118
f 2119 2130 2174
f 2119 2174 2273
f 2148 2129 2242
f 2129 2148 2304
f 2129 2246 2242
f 2312 2174 2130
f 2147 2201 2138
f 2304 2147 2138
f 2138 2201 2282
f 2138 2282 2246
f 2304 2201 2147
f 2148 2242 2219
f 2148 2219 2304
f 2174 2446 2273
f 2312 2446 2174
f 2352 2312 2196
f 2541 2352 2196
f 2282 2201 2263
f 2304 2263 2201
f 2280 2219 2242
f 2219 2280 2304
f 2242 2246 2324
f 2280 2242 2314
f 2363 2314 2242
f 2242 2324 2373
f 2363 2242 2491
f 2491 2242 2373
f 2282 2319 2246
f 2319 2324 2246
f 2263 2713 2282
f 2304 2650 2263
f 2263 2650 2651
f 2263 2651 2713
f 2446 2429 2273
f 2280 2314 2304
f 2282 2713 2319
f 2314 2655 2304
f 2540 2304 2544
f 2540 2592 2304
f 2544 2304 2655
f 2592 2626 2304
f 2626 2650 2304
f 2352 2345 2312
f 2345 2446 2312
f 2655 2314 2363
f 2319 2343 2324
f 2319 2713 2343
f 2343 2383 2324
f 2373 2324 2443
f 2383 2411 2324
f 2324 2411 2427
f 2324 2427 2443
f 2713 2383 2343
f 2365 2345 2352
f 2365 2471 2345
f 2345 2471 2446
f 2655 2365 2352
f 2655 2352 2541
f 2365 2363 2471
f 2655 2363 2365
f 2363 2491 2471
f 2384 2373 2380
f 2373 2485 2380
f 2491 2373 2384
f 2373 2443 2460
f 2373 2460 2467
f 2373 2467 2466
f 2373 2466 2485
f 2392 2384 2380
f 2392 2380 2513
f 2380 2485 2506
f 2507 2380 2506
f 2513 2380 2507
f 2810 2411 2383
f 2721 2383 2713
f 2721 2797 2383
f 2810 2383 2797
f 2392 2396 2384
f 2491 2384 2396
f 2431 2396 2392
f 2392 2513 2431
f 2695 2396 2431
f 2491 2396 2502
f 2502 2396 2695
f 2810 2427 2411
f 2443 2427 2810
f 2473 2429 2446
f 2483 2429 2473
f 2500 2429 2483
f 2695 2429 2500
f 2628 2541 2429
f 2695 2628 2429
f 2433 2431 2494
f 2431 2433 2695
f 2431 2513 2494
f 2472 2433 2484
f 2433 2472 2695
f 2433 2494 2484
f 2866 2460 2443
f 2851 2443 2810
f 2851 2867 2443
f 2867 2866 2443
f 2446 2471 2473
f 2460 2866 2467
f 2861 2466 2467
f 2485 2466 2857
f 2857 2466 2861
f 2861 2467 2866
f 2471 2491 2473
f 2484 2865 2472
f 2472 2768 2695
f 2472 2800 2768
f 2472 2815 2800
f 2865 2815 2472
f 2473 2491 2483
f 2483 2491 2502
f 2500 2483 2502
f 2865 2484 2494
f 2506 2485 2864
f 2864 2485 2857
f 2869 2494 2513
f 2865 2494 2869
f 2500 2502 2695
f 2507 2506 2864
f 2863 2513 2507
f 2863 2507 2864
f 2863 2869 2513
f 2540 2544 2592
f 2554 2541 2628
f 2541 2554 2655
f 2544 2626 2592
f 2544 2614 2626
f 2614 2544 2655
f 2554 2628 2757
f 2554 2786 2655
f 2554 2757 2878
f 2786 2554 2837
f 2554 2878 2837
f 2614 2650 2626
f 2634 2614 2655
f 2634 2729 2614
f 2650 2614 2651
f 2614 2729 2651
f 2754 2628 2695
f 2757 2628 2754
f 2683 2634 2655
f 2683 2734 2634
f 2734 2729 2634
f 2651 2729 2713
f 2655 2734 2683
f 2655 2760 2734
f 2655 2770 2760
f 2655 2849 2770
f 2970 2655 2786
f 2970 2849 2655
f 2695 2924 2754
f 2768 2824 2695
f 2824 2830 2695
f 2695 2830 2922
f 2695 2922 2961
f 2924 2695 3042
f 2961 3042 2695
f 2721 2713 2753
f 2713 2729 2753
f 2721 2753 2766
f 2766 2797 2721
f 2734 2760 2729
f 2729 2814 2753
f 2760 2770 2729
f 2770 2926 2729
f 2946 2814 2729
f 2926 2946 2729
f 2753 2797 2766
f 2797 2753 2810
f 2753 2829 2810
f 2753 2814 2829
f 2754 2924 2757
f 2757 2924 2878
f 2791 2768 2800
f 2824 2768 2791
f 2770 2849 2926
f 2837 2842 2786
f 2842 2941 2786
f 2941 2945 2786
f 2945 2970 2786
f 2791 2800 2865
f 2814 2791 2829
f 2814 3038 2791
f 2830 2824 2791
f 2829 2791 2857
f 2922 2830 2791
f 2857 2791 2864
f 2864 2791 2863
f 2863 2791 2869
f 2791 2865 2869
f 2791 2961 2922
f 2961 2791 3040
f 2791 3038 3040
f 2865 2800 2815
f 2810 2829 2851
f 2946 3038 2814
f 2829 2867 2851
f 2829 2857 2861
f 2829 2861 2866
f 2829 2866 2867
f 2842 2837 3001
f 2837 2878 3001
f 2842 3001 2941
f 2970 2926 2849
f 2943 2878 2924
f 2878 2943 3001
f 2943 2924 3042
f 2953 2946 2926
f 2970 2953 2926
f 2941 2947 2945
f 2947 2941 3044
f 2941 3001 3044
f 3001 2943 3013
f 2943 3042 3013
f 2947 3044 2945
f 2945 3038 2970
f 2945 3044 3038
f 2953 3038 2946
f 2972 2953 2970
f 2972 3038 2953
f 2961 3040 3042
f 2970 3038 2972
f 3001 3013 3026
f 3001 3026 3044
f 3013 3042 3026
f 3026 3042 3043
f 3026 3043 3044
f 3042 3040 3038
f 3038 3043 3042
f 3044 3043 3038
f 2102 2100 2086
f 2086 2100 2195
f 2102 2086 2202
f 2195 2202 2086
f 2456 2100 2102
f 2195 2100 2456
f 2102 2202 2316
f 2102 2316 2222
f 2102 2222 2456
f 2195 2225 2202
f 2225 2195 2253
f 2195 2238 2228
f 2195 2228 2277
f 2195 2276 2238
f 2195 2339 2253
f 2195 2323 2276
f 2195 2277 2302
f 2195 2302 2348
f 2195 2416 2323
f 2195 2348 2339
f 2195 2480 2416
f 2195 2456 2535
f 2480 2195 2535
f 2202 2225 2316
f 2222 2370 2227
f 2222 2227 2456
f 2316 2423 2222
f 2222 2423 2370
f 2225 2253 2316
f 2456 2227 2370
f 2561 2228 2238
f 2561 2277 2228
f 2561 2238 2276
f 2251 2241 2260
f 2339 2241 2251
f 2339 2260 2241
f 2253 2251 2316
f 2339 2251 2253
f 2251 2260 2316
f 2260 2357 2316
f 2339 2357 2260
f 2561 2276 2323
f 2277 2561 2302
f 2348 2302 2481
f 2302 2610 2481
f 2561 2637 2302
f 2302 2637 2610
f 2357 2362 2316
f 2362 2462 2316
f 2316 2449 2423
f 2316 2527 2449
f 2462 2529 2316
f 2527 2316 2595
f 2529 2681 2316
f 2316 2681 2595
f 2323 2416 2561
f 2348 2420 2339
f 2339 2362 2357
f 2362 2339 2462
f 2420 2481 2339
f 2339 2610 2462
f 2481 2610 2339
f 2348 2481 2420
f 2456 2370 2423
f 2416 2480 2561
f 2449 2795 2423
f 2731 2456 2423
f 2761 2731 2423
f 2795 2761 2423
f 2795 2449 2527
f 2644 2535 2456
f 2644 2456 2731
f 2709 2529 2462
f 2462 2610 2637
f 2637 2709 2462
f 2480 2535 2644
f 2561 2480 2644
f 2595 2795 2527
f 2529 2678 2681
f 2529 2901 2678
f 2901 2529 2709
f 2637 2561 2709
f 2561 2644 2731
f 2709 2561 3002
f 2761 2561 2731
f 2561 2761 2795
f 2561 2795 2844
f 2561 2844 2897
f 2561 2897 3002
f 2595 2682 2657
f 2595 2657 2795
f 2681 2682 2595
f 2844 2657 2682
f 2657 2844 2795
f 2681 2678 2692
f 2678 2901 2692
f 2681 2811 2682
f 2681 2692 2732
f 2882 2681 2732
f 2811 2681 2827
f 2858 2827 2681
f 2858 2681 2882
f 2682 2811 2997
f 2897 2844 2682
f 2897 2682 2997
f 2732 2692 2728
f 2692 2901 2728
f 2901 2709 3002
f 2728 2957 2732
f 2901 2957 2728
f 2752 2882 2732
f 2732 2957 2752
f 2854 2884 2752
f 3058 2854 2752
f 2882 2752 2884
f 2752 2957 3002
f 2752 3002 3006
f 2752 3006 3058
f 2997 2811 2827
f 3025 2827 2858
f 2997 2827 3025
f 2888 2884 2854
f 2888 2854 3076
f 3076 2854 3058
f 2858 2882 2875
f 2875 3025 2858
f 3125 2875 2882
f 3102 3025 2875
f 3102 2875 3126
f 3126 2875 3125
f 3125 2882 2884
f 2884 2888 3135
f 2884 3135 3125
f 2888 3076 3135
f 3004 2897 2997
f 3002 2897 3004
f 2957 2901 3002
f 3004 2997 3025
f 3002 3004 3006
f 3006 3004 3102
f 3102 3004 3025
f 3058 3006 3125
f 3006 3102 3126
f 3125 3006 3126
f 3076 3058 3125
f 3076 3125 3135
f 2459 2635 2465
f 2459 2465 2801
f 2787 2635 2459
f 2801 2787 2459
f 2465 2635 2522
f 2465 2522 2820
f 2465 2820 2801
f 2522 2641 2531
f 2522 2531 2820
f 2641 2522 2635
f 2641 2547 2531
f 2531 2547 2898
f 2531 2839 2820
f 2898 2839 2531
f 2778 2547 2641
f 2778 2664 2547
f 2898 2547 2664
f 2787 2641 2635
f 2658 2691 2641
f 2787 2658 2641
f 2641 2691 2741
f 2741 2756 2641
f 2756 2778 2641
f 2840 2691 2658
f 2840 2658 2787
f 2778 2665 2664
f 2665 2932 2664
f 2906 2898 2664
f 2932 2906 2664
f 2778 2758 2665
f 2665 2758 2932
f 3018 2741 2691
f 2873 2691 2840
f 2873 2969 2691
f 2969 3007 2691
f 3018 2691 3007
f 2756 2741 3048
f 2741 3018 3024
f 3048 2741 3024
f 2777 2778 2756
f 2777 2756 3048
f 2767 2758 2778
f 2758 2767 2932
f 2794 2767 2778
f 2958 2767 2794
f 2767 2958 2932
f 2777 2780 2778
f 2777 3048 2780
f 2780 2833 2778
f 2914 2794 2778
f 2833 2914 2778
f 2833 2780 3132
f 3048 3082 2780
f 3082 3111 2780
f 2780 3111 3132
f 2787 2801 2873
f 2840 2787 2873
f 2914 2816 2794
f 2816 2958 2794
f 2801 2820 2952
f 2801 2952 2873
f 2914 2911 2816
f 2911 3084 2816
f 2816 2967 2958
f 2816 2989 2967
f 2816 3033 2989
f 2816 3054 3033
f 3067 3054 2816
f 3074 3067 2816
f 3074 2816 3084
f 2839 2952 2820
f 2833 3132 2914
f 2952 2839 2898
f 2969 2873 2952
f 2993 2898 2906
f 2952 2898 2993
f 2993 2906 2932
f 2935 2911 2914
f 2935 2925 2911
f 2911 2925 3084
f 2914 3132 2935
f 2935 2977 2925
f 2925 2977 3101
f 2925 3101 3084
f 2993 2932 2958
f 2935 3132 2977
f 2969 2952 3007
f 2993 3054 2952
f 3007 2952 3018
f 3018 2952 3024
f 3024 2952 3048
f 3054 3048 2952
f 2993 2958 2967
f 2967 2989 2993
f 3101 2977 3153
f 3132 3134 2977
f 2977 3134 3160
f 2977 3164 3153
f 2977 3160 3166
f 2977 3181 3164
f 2977 3166 3181
f 2993 2989 3033
f 2993 3033 3054
f 3082 3048 3054
f 3067 3082 3054
f 3134 3067 3074
f 3082 3067 3111
f 3111 3067 3132
f 3132 3067 3134
f 3134 3074 3084
f 3101 3160 3084
f 3160 3134 3084
f 3160 3101 3153
f 3166 3160 3153
f 3166 3153 3164
f 3181 3166 3164
f 857 880 878
f 878 1056 857
f 857 992 880
f 992 857 1045
f 1045 857 1056
f 878 880 1018
f 1051 878 1018
f 878 1051 1056
f 880 992 1018
f 992 1038 1018
f 1038 992 1045
f 1038 1079 1018
f 1051 1018 1079
f 1083 1038 1045
f 1038 1083 1079
f 1083 1045 1056
f 1051 1073 1056
f 1051 1205 1073
f 1051 1079 1205
f 1073 1089 1056
f 1089 1083 1056
f 1160 1089 1073
f 1160 1073 1111
f 1111 1073 1205
f 1083 1245 1079
f 1205 1079 1318
f 1245 1306 1079
f 1079 1306 1318
f 1109 1083 1089
f 1208 1083 1109
f 1245 1083 1208
f 1105 1109 1089
f 1105 1089 1160
f 1106 1109 1105
f 1106 1105 1160
f 1160 1109 1106
f 1160 1208 1109
f 1160 1111 1196
f 1111 1205 1196
f 1160 1196 1359
f 1282 1208 1160
f 1360 1282 1160
f 1160 1359 1467
f 1160 1475 1360
f 1160 1467 1475
f 1229 1196 1205
f 1359 1196 1229
f 1229 1205 1227
f 1318 1227 1205
f 1208 1282 1245
f 1227 1230 1229
f 1318 1230 1227
f 1229 1230 1359
f 1318 1380 1230
f 1230 1380 1359
f 1306 1245 1282
f 1306 1282 1318
f 1318 1282 1360
f 1393 1318 1360
f 1318 1393 1380
f 1380 1467 1359
f 1393 1360 1488
f 1360 1475 1488
f 1393 1447 1380
f 1467 1380 1447
f 1488 1447 1393
f 1467 1447 1475
f 1475 1447 1488
f 188 111 106
f 258 106 111
f 188 106 116
f 190 116 106
f 190 106 258
f 142 109 110
f 190 110 109
f 115 109 142
f 190 109 115
f 142 110 118
f 118 110 190
f 111 188 125
f 111 125 258
f 142 116 115
f 190 115 116
f 188 116 142
f 142 118 133
f 254 133 118
f 254 118 190
f 125 188 138
f 125 138 258
f 142 133 135
f 254 135 133
f 142 135 216
f 216 135 154
f 254 154 135
f 230 140 138
f 138 140 258
f 138 188 230
f 230 186 140
f 186 258 140
f 188 142 183
f 183 142 203
f 200 142 201
f 203 142 200
f 201 142 239
f 239 142 216
f 154 173 216
f 254 173 154
f 216 173 217
f 254 217 173
f 197 188 183
f 198 197 183
f 198 183 499
f 183 203 499
f 186 194 196
f 230 194 186
f 186 196 218
f 218 258 186
f 188 197 198
f 188 198 206
f 188 206 228
f 188 228 312
f 230 188 312
f 190 348 254
f 190 258 332
f 190 322 324
f 190 332 322
f 190 324 330
f 190 330 333
f 190 333 340
f 190 340 348
f 212 196 194
f 212 194 230
f 196 212 218
f 228 206 198
f 228 198 500
f 198 499 500
f 201 498 200
f 203 200 495
f 200 498 495
f 498 201 239
f 203 495 503
f 499 203 503
f 412 218 212
f 242 212 230
f 242 412 212
f 216 217 269
f 255 239 216
f 294 255 216
f 362 216 269
f 294 216 362
f 254 269 217
f 258 218 412
f 312 228 311
f 501 311 228
f 228 500 501
f 357 242 230
f 302 300 230
f 300 343 230
f 230 305 302
f 230 315 305
f 230 312 315
f 343 357 230
f 508 239 255
f 508 498 239
f 357 286 242
f 412 242 286
f 254 274 269
f 254 474 274
f 254 348 378
f 254 378 401
f 254 401 403
f 403 446 254
f 446 474 254
f 508 255 294
f 332 258 350
f 350 258 417
f 412 435 258
f 417 258 419
f 435 419 258
f 389 269 274
f 362 269 389
f 389 274 374
f 553 374 274
f 474 553 274
f 412 286 357
f 362 508 294
f 300 302 315
f 300 315 412
f 412 343 300
f 302 305 315
f 311 315 312
f 501 315 311
f 315 501 412
f 497 324 322
f 497 322 332
f 330 324 410
f 497 410 324
f 333 330 410
f 350 497 332
f 410 340 333
f 348 340 410
f 412 357 343
f 378 348 410
f 417 497 350
f 389 544 362
f 362 513 508
f 517 513 362
f 544 517 362
f 374 377 389
f 377 374 575
f 553 575 374
f 409 389 377
f 443 377 406
f 575 406 377
f 443 409 377
f 378 504 401
f 410 504 378
f 389 409 544
f 504 403 401
f 504 446 403
f 406 448 430
f 453 406 430
f 443 406 453
f 448 406 753
f 694 406 575
f 709 406 694
f 712 406 709
f 753 406 712
f 409 443 828
f 409 683 544
f 409 730 683
f 746 730 409
f 755 746 409
f 778 755 409
f 409 828 778
f 495 498 410
f 503 495 410
f 497 500 410
f 498 504 410
f 500 499 410
f 499 503 410
f 412 451 435
f 412 529 451
f 579 412 501
f 554 529 412
f 554 412 555
f 579 555 412
f 419 579 417
f 567 497 417
f 579 567 417
f 555 419 435
f 555 579 419
f 430 448 465
f 430 465 453
f 555 435 451
f 445 443 453
f 445 828 443
f 454 445 453
f 757 445 454
f 757 828 445
f 504 474 446
f 465 448 757
f 757 448 753
f 451 529 554
f 451 554 555
f 454 453 461
f 461 453 485
f 453 465 542
f 485 453 542
f 757 454 461
f 485 757 461
f 542 465 757
f 504 553 474
f 757 485 542
f 497 522 500
f 543 522 497
f 558 543 497
f 567 558 497
f 498 508 504
f 501 500 522
f 522 543 501
f 543 558 501
f 501 558 567
f 501 567 579
f 513 504 508
f 513 517 504
f 504 517 544
f 504 544 683
f 504 711 553
f 504 683 711
f 553 711 575
f 575 711 694
f 730 711 683
f 694 711 709
f 711 712 709
f 753 712 711
f 730 755 711
f 778 753 711
f 711 755 778
f 730 746 755
f 757 753 828
f 778 828 753
f 1973 1965 2001
f 1965 1973 2195
f 2001 1965 2043
f 2043 1965 2195
f 2014 1973 2001
f 1973 2014 2195
f 2027 2014 2001
f 2027 2001 2043
f 2251 2014 2027
f 2014 2040 2195
f 2253 2040 2014
f 2251 2253 2014
f 2043 2046 2027
f 2251 2027 2046
f 2040 2081 2195
f 2225 2081 2040
f 2253 2225 2040
f 2043 2089 2046
f 2043 2115 2084
f 2043 2084 2177
f 2339 2089 2043
f 2043 2132 2115
f 2132 2043 2179
f 2043 2177 2216
f 2188 2179 2043
f 2220 2188 2043
f 2228 2043 2195
f 2043 2216 2339
f 2228 2220 2043
f 2046 2089 2251
f 2081 2086 2195
f 2202 2086 2081
f 2202 2081 2225
f 2084 2115 2177
f 2195 2086 2202
f 2251 2089 2241
f 2241 2089 2339
f 2115 2132 2181
f 2115 2181 2177
f 2132 2179 2181
f 2177 2181 2184
f 2186 2177 2184
f 2177 2186 2216
f 2181 2179 2216
f 2216 2179 2188
f 2181 2186 2184
f 2186 2181 2216
f 2216 2188 2302
f 2188 2220 2302
f 2202 2225 2195
f 2225 2253 2195
f 2277 2228 2195
f 2253 2339 2195
f 2302 2277 2195
f 2195 2348 2302
f 2339 2348 2195
f 2348 2216 2302
f 2216 2329 2339
f 2329 2216 2348
f 2228 2277 2220
f 2277 2302 2220
f 2241 2339 2251
f 2251 2339 2253
f 2339 2329 2420
f 2329 2348 2420
f 2339 2420 2348
f 506 593 659
f 679 593 506
f 506 659 679
f 593 844 659
f 679 773 593
f 593 773 857
f 593 878 844
f 593 857 878
f 831 679 659
f 704 831 659
f 659 844 704
f 992 773 679
f 797 798 679
f 797 679 813
f 798 808 679
f 679 808 849
f 831 813 679
f 679 849 897
f 990 679 897
f 990 992 679
f 704 844 719
f 719 863 704
f 704 863 831
f 719 844 771
f 771 877 719
f 877 863 719
f 805 771 820
f 805 877 771
f 771 844 820
f 857 773 992
f 798 797 813
f 808 798 849
f 813 972 798
f 798 972 849
f 820 877 805
f 831 972 813
f 867 820 844
f 867 877 820
f 863 972 831
f 844 931 867
f 844 878 1051
f 931 844 941
f 844 1047 941
f 844 1051 1047
f 972 897 849
f 878 857 1056
f 857 992 1045
f 857 1045 1056
f 863 877 945
f 945 972 863
f 867 931 877
f 931 945 877
f 1051 878 1056
f 972 990 897
f 941 945 931
f 941 1012 945
f 1160 1012 941
f 941 1047 1035
f 1160 941 1035
f 945 1012 972
f 990 972 992
f 992 972 1045
f 1012 1105 972
f 1045 972 1105
f 1012 1106 1105
f 1160 1106 1012
f 1160 1035 1047
f 1056 1045 1105
f 1047 1051 1073
f 1111 1047 1073
f 1160 1047 1111
f 1051 1056 1073
f 1089 1073 1056
f 1089 1056 1105
f 1089 1160 1073
f 1160 1111 1073
f 1089 1105 1160
f 1105 1106 1160
f 278 276 317
f 276 278 475
f 404 276 281
f 281 276 475
f 276 404 317
f 434 278 317
f 475 278 434
f 281 290 384
f 290 281 475
f 404 281 384
f 290 289 384
f 290 475 289
f 289 291 384
f 289 475 291
f 301 396 291
f 291 475 301
f 291 396 384
f 414 301 320
f 301 475 320
f 396 301 546
f 301 414 490
f 301 490 546
f 404 353 317
f 353 434 317
f 320 475 414
f 353 385 432
f 734 385 353
f 404 734 353
f 353 432 434
f 384 396 582
f 404 384 594
f 384 582 581
f 594 384 581
f 432 385 1064
f 734 826 385
f 826 864 385
f 385 864 924
f 1046 385 924
f 1064 385 1046
f 396 546 618
f 582 396 584
f 396 585 584
f 585 396 618
f 597 404 594
f 404 597 610
f 404 610 714
f 404 714 734
f 490 414 475
f 432 591 434
f 1159 591 432
f 1098 432 1064
f 1159 432 1098
f 475 434 591
f 536 490 475
f 757 536 475
f 591 710 475
f 710 852 475
f 475 770 750
f 750 776 475
f 475 883 757
f 475 914 770
f 776 794 475
f 794 883 475
f 852 914 475
f 490 536 546
f 536 534 546
f 536 551 534
f 546 534 721
f 721 534 551
f 757 551 536
f 549 542 656
f 757 542 549
f 656 542 649
f 757 649 542
f 546 635 618
f 546 749 635
f 546 721 689
f 546 689 764
f 546 764 749
f 551 549 721
f 757 549 551
f 549 656 695
f 549 695 721
f 581 582 684
f 594 581 684
f 582 584 585
f 582 585 684
f 684 585 618
f 591 675 710
f 1397 675 591
f 1397 591 1159
f 597 594 684
f 597 684 610
f 684 731 610
f 610 731 714
f 684 618 635
f 684 635 938
f 635 749 724
f 938 635 724
f 656 649 757
f 656 923 695
f 757 905 656
f 656 905 910
f 656 910 923
f 1001 710 675
f 1001 675 1405
f 1405 675 1397
f 684 826 731
f 684 924 826
f 938 924 684
f 689 721 726
f 689 726 760
f 764 689 760
f 695 715 721
f 970 715 695
f 970 695 923
f 1001 852 710
f 734 714 731
f 721 715 725
f 725 715 970
f 726 721 725
f 724 749 938
f 726 725 970
f 760 726 764
f 764 726 970
f 731 826 734
f 749 764 970
f 749 970 938
f 750 768 794
f 768 750 862
f 750 770 862
f 776 750 794
f 757 883 884
f 757 884 905
f 768 940 794
f 862 940 768
f 770 833 862
f 770 914 833
f 794 881 883
f 794 940 881
f 826 924 864
f 833 1060 862
f 833 914 949
f 833 949 1060
f 949 914 852
f 1001 949 852
f 862 953 940
f 862 1004 953
f 1060 1004 862
f 881 940 883
f 883 940 884
f 905 884 903
f 910 903 884
f 910 884 923
f 923 884 970
f 884 940 970
f 910 905 903
f 1046 924 938
f 938 970 997
f 938 996 989
f 938 989 1004
f 938 999 996
f 999 938 997
f 938 1004 1060
f 1046 938 1064
f 938 1060 1115
f 1064 938 1098
f 938 1115 1098
f 953 999 940
f 970 940 997
f 940 1015 997
f 999 1015 940
f 1001 966 949
f 949 966 1087
f 949 1087 1060
f 989 999 953
f 1004 989 953
f 1001 1049 966
f 966 1033 1087
f 1033 966 1148
f 966 1049 1148
f 989 996 999
f 1015 999 997
f 1405 1049 1001
f 1033 1115 1087
f 1115 1033 1162
f 1033 1148 1181
f 1033 1181 1162
f 1148 1049 1181
f 1049 1184 1181
f 1418 1184 1049
f 1418 1049 1405
f 1115 1060 1087
f 1098 1115 1159
f 1115 1162 1159
f 1162 1305 1159
f 1305 1395 1159
f 1395 1397 1159
f 1162 1181 1183
f 1212 1162 1183
f 1305 1162 1212
f 1181 1184 1183
f 1212 1183 1184
f 1212 1184 1370
f 1370 1184 1417
f 1417 1184 1418
f 1305 1212 1400
f 1370 1417 1212
f 1212 1417 1400
f 1305 1400 1395
f 1395 1403 1397
f 1395 1400 1403
f 1403 1418 1397
f 1397 1418 1405
f 1403 1400 1418
f 1400 1417 1418
f 1869 1886 1872
f 1934 1869 1872
f 1869 1874 1886
f 1874 1869 2117
f 1934 2077 1869
f 2117 1869 2077
f 2754 1872 1886
f 2119 1934 1872
f 2429 2119 1872
f 2628 2429 1872
f 2754 2628 1872
f 1881 1910 1874
f 1874 2117 1881
f 1874 1910 1886
f 1881 1933 1910
f 1963 1933 1881
f 1954 1963 1881
f 1881 2117 1954
f 1886 1910 2894
f 2757 2754 1886
f 2757 1886 2894
f 1910 1933 2894
f 2030 1936 1933
f 1933 1936 2894
f 1987 1933 1963
f 1987 2030 1933
f 1934 2119 2077
f 2894 1936 2030
f 1954 2474 1963
f 2117 2474 1954
f 1963 2474 1987
f 2054 2030 1987
f 1987 2474 2054
f 2054 2088 2030
f 2894 2030 2088
f 2054 2108 2088
f 2092 2108 2054
f 2092 2054 2299
f 2054 2474 2299
f 2077 2119 2117
f 2095 2207 2079
f 2095 2079 2210
f 2207 2103 2079
f 2079 2103 2210
f 2108 2210 2088
f 2210 2268 2088
f 2894 2088 2268
f 2092 2299 2108
f 2096 2207 2095
f 2210 2096 2095
f 2167 2096 2113
f 2096 2210 2113
f 2167 2207 2096
f 2207 2139 2103
f 2103 2139 2210
f 2113 2108 2167
f 2210 2108 2113
f 2108 2299 2167
f 2117 2119 2130
f 2117 2130 2174
f 2174 2446 2117
f 2446 2474 2117
f 2174 2130 2119
f 2174 2119 2273
f 2429 2273 2119
f 2207 2199 2139
f 2210 2139 2199
f 2299 2207 2167
f 2446 2174 2273
f 2204 2210 2199
f 2234 2204 2199
f 2234 2199 2207
f 2204 2382 2210
f 2537 2204 2234
f 2204 2387 2382
f 2410 2387 2204
f 2410 2204 2457
f 2457 2204 2496
f 2496 2204 2520
f 2520 2204 2558
f 2558 2204 2537
f 2292 2234 2207
f 2347 2292 2207
f 2298 2207 2299
f 2298 2360 2207
f 2207 2360 2347
f 2268 2210 2354
f 2210 2590 2354
f 2210 2382 2391
f 2391 2478 2210
f 2478 2503 2210
f 2518 2210 2503
f 2590 2210 2518
f 2234 2292 2537
f 2412 2268 2354
f 2894 2268 2412
f 2273 2429 2446
f 2292 2347 2537
f 2298 2299 2421
f 2298 2394 2360
f 2381 2433 2298
f 2505 2381 2298
f 2298 2417 2394
f 2472 2417 2298
f 2505 2298 2421
f 2298 2433 2472
f 2474 2421 2299
f 2537 2347 2360
f 2454 2412 2354
f 2454 2354 2545
f 2545 2354 2569
f 2569 2354 2571
f 2571 2354 2590
f 2537 2360 2394
f 2384 2380 2381
f 2380 2392 2381
f 2384 2392 2380
f 2384 2381 2505
f 2381 2392 2431
f 2381 2431 2433
f 2382 2387 2558
f 2478 2391 2382
f 2478 2382 2607
f 2382 2558 2608
f 2607 2382 2608
f 2384 2396 2392
f 2396 2384 2505
f 2387 2410 2520
f 2558 2387 2520
f 2396 2431 2392
f 2394 2417 2537
f 2695 2431 2396
f 2502 2396 2505
f 2695 2396 2502
f 2410 2457 2496
f 2410 2496 2520
f 2412 2454 2676
f 2894 2412 2676
f 2537 2417 2472
f 2474 2505 2421
f 2429 2473 2446
f 2473 2429 2483
f 2429 2500 2483
f 2695 2500 2429
f 2429 2628 2695
f 2431 2695 2433
f 2433 2695 2472
f 2446 2473 2474
f 2676 2454 2545
f 2537 2472 2693
f 2693 2472 2703
f 2695 2768 2472
f 2703 2472 2739
f 2472 2805 2739
f 2768 2800 2472
f 2800 2815 2472
f 2472 2815 2805
f 2473 2483 2474
f 2474 2483 2505
f 2518 2503 2478
f 2518 2478 2607
f 2505 2483 2500
f 2500 2502 2505
f 2695 2502 2500
f 2590 2518 2607
f 2537 2608 2558
f 2537 2611 2608
f 2537 2656 2611
f 2656 2537 2706
f 2693 2694 2537
f 2694 2706 2537
f 2565 2551 2545
f 2676 2545 2551
f 2565 2545 2569
f 2551 2565 2740
f 2676 2551 2740
f 2565 2569 2740
f 2569 2571 2740
f 2742 2571 2590
f 2571 2742 2740
f 2742 2590 2607
f 2611 2607 2608
f 2607 2611 2742
f 2611 2656 2742
f 2628 2754 2695
f 2656 2706 2742
f 2676 2740 2796
f 2894 2676 2796
f 2693 2727 2694
f 2727 2693 2703
f 2694 2727 2706
f 2754 2924 2695
f 2695 2824 2768
f 2695 2830 2824
f 2922 2830 2695
f 2961 2922 2695
f 3042 2695 2924
f 2961 2695 3042
f 2727 2703 2739
f 2706 2727 2742
f 2805 2727 2739
f 2742 2727 2959
f 2768 2727 2800
f 2824 2727 2768
f 2800 2727 2805
f 2959 2727 2824
f 2959 2740 2742
f 2796 2740 2959
f 2754 2757 2924
f 2757 2894 2878
f 2757 2878 2924
f 2894 2796 2927
f 2927 2796 2959
f 2800 2805 2815
f 3041 2824 2830
f 3041 2959 2824
f 3041 2830 2922
f 2878 2894 2924
f 2924 2894 2943
f 2894 2927 3020
f 2943 2894 3020
f 2922 2961 3041
f 2943 3042 2924
f 3020 2927 2959
f 3013 2943 3020
f 2943 3013 3042
f 3020 2959 3041
f 2961 3040 3041
f 3040 2961 3042
f 3013 3020 3026
f 3013 3026 3042
f 3020 3041 3026
f 3026 3041 3043
f 3042 3026 3043
f 3043 3041 3040
f 3042 3043 3040
f 1400 1417 1448
f 1450 1417 1400
f 1400 1448 1517
f 1450 1400 1517
f 1410 1441 1426
f 1410 1426 1456
f 1410 1451 1441
f 1451 1410 1442
f 1442 1410 1456
f 1417 1427 1448
f 1427 1417 1450
f 1456 1426 1441
f 1440 1452 1427
f 1612 1440 1427
f 1427 1452 1448
f 1450 1612 1427
f 1440 1441 1451
f 1593 1441 1440
f 1452 1440 1451
f 1612 1593 1440
f 1593 1456 1441
f 1451 1442 1517
f 1522 1442 1456
f 1517 1442 1554
f 1442 1522 1554
f 1448 1452 1517
f 1450 1517 1548
f 1548 1612 1450
f 1452 1451 1517
f 1522 1456 1593
f 1548 1517 1608
f 1517 1554 1608
f 1554 1522 1593
f 1548 1608 1612
f 1554 1593 1612
f 1608 1554 1612
f 1522 1593 1456
f 1522 1456 1809
f 1809 1456 1593
f 1522 1554 1593
f 1522 1617 1554
f 1617 1522 1809
f 1593 1554 1612
f 1612 1554 1608
f 1608 1554 1787
f 1787 1554 1617
f 1661 1593 1612
f 1661 1809 1593
f 1661 1612 1608
f 1787 1661 1608
f 1787 1617 1847
f 1847 1617 1809
f 1661 1787 1865
f 1865 1809 1661
f 1865 1787 1847
f 1865 1847 1809
f 570 593 506
f 679 570 506
f 679 506 593
f 593 570 773
f 679 707 570
f 913 570 707
f 570 913 773
f 679 593 773
f 775 707 679
f 773 992 679
f 679 882 775
f 808 818 679
f 808 679 849
f 818 892 679
f 849 679 897
f 1088 882 679
f 1048 679 892
f 990 897 679
f 679 992 990
f 1055 679 1048
f 1088 679 1055
f 775 913 707
f 857 773 880
f 857 992 773
f 773 913 880
f 882 913 775
f 808 849 818
f 849 892 818
f 849 897 892
f 992 857 880
f 880 913 1018
f 1018 992 880
f 885 913 882
f 885 882 1088
f 921 913 885
f 921 885 1088
f 897 990 892
f 990 1048 892
f 913 921 979
f 979 994 913
f 994 1231 913
f 1018 913 1079
f 1079 913 1231
f 979 921 1088
f 994 979 1088
f 992 1048 990
f 1038 992 1018
f 992 1038 1048
f 1088 1127 994
f 994 1127 1231
f 1079 1038 1018
f 1038 1055 1048
f 1038 1083 1055
f 1083 1038 1079
f 1083 1166 1055
f 1088 1055 1166
f 1245 1083 1079
f 1205 1079 1231
f 1079 1205 1318
f 1245 1079 1306
f 1306 1079 1318
f 1241 1166 1083
f 1331 1241 1083
f 1331 1083 1245
f 1198 1127 1088
f 1088 1166 1241
f 1088 1253 1198
f 1088 1241 1274
f 1088 1526 1253
f 1274 1342 1088
f 1342 1526 1088
f 1198 1231 1127
f 1253 1231 1198
f 1205 1231 1227
f 1205 1227 1318
f 1227 1231 1230
f 1227 1230 1318
f 1231 1380 1230
f 1230 1380 1318
f 1253 1436 1231
f 1231 1490 1380
f 1436 1497 1231
f 1497 1490 1231
f 1241 1331 1274
f 1331 1245 1306
f 1253 1526 1436
f 1274 1331 1342
f 1331 1306 1318
f 1331 1318 1393
f 1318 1380 1393
f 1342 1331 1439
f 1331 1393 1492
f 1331 1546 1439
f 1331 1492 1504
f 1331 1504 1546
f 1439 1526 1342
f 1380 1447 1393
f 1380 1490 1447
f 1447 1488 1393
f 1492 1393 1488
f 1436 1496 1497
f 1436 1530 1496
f 1530 1436 1526
f 1468 1526 1439
f 1439 1546 1468
f 1475 1488 1447
f 1475 1447 1490
f 1526 1468 1591
f 1468 1546 1591
f 1475 1492 1488
f 1475 1490 1504
f 1475 1504 1492
f 1497 1499 1490
f 1499 1504 1490
f 1496 1526 1497
f 1526 1496 1530
f 1497 1526 1499
f 1526 1504 1499
f 1546 1504 1526
f 1613 1546 1526
f 1591 1613 1526
f 1591 1546 1613
f 1905 1981 1909
f 1909 2037 1905
f 1905 1952 1944
f 1944 1981 1905
f 1905 1982 1952
f 2010 1982 1905
f 1905 2037 2010
f 1930 2037 1909
f 1930 1909 2143
f 1909 1981 2029
f 1909 2029 2143
f 1993 1940 1930
f 1940 2043 1930
f 2056 1993 1930
f 1930 2065 2037
f 2043 2065 1930
f 2056 1930 2143
f 1993 1956 1940
f 2043 1940 1956
f 1944 1952 1962
f 1962 1981 1944
f 1952 2017 1962
f 1952 1982 2017
f 1965 1956 1993
f 2043 1956 1965
f 2017 1981 1962
f 2043 1965 1993
f 2029 1981 2017
f 2212 1982 2010
f 2017 1982 2145
f 1982 2271 2145
f 2212 2284 1982
f 1982 2284 2271
f 2043 1993 2056
f 2010 2037 2212
f 2145 2029 2017
f 2029 2051 2143
f 2145 2051 2029
f 2037 2065 2072
f 2037 2072 2212
f 2043 2056 2245
f 2043 2072 2065
f 2043 2084 2072
f 2153 2084 2043
f 2043 2192 2153
f 2043 2209 2192
f 2043 2235 2209
f 2235 2043 2262
f 2043 2245 2262
f 2143 2051 2161
f 2051 2145 2161
f 2056 2143 2073
f 2245 2056 2073
f 2072 2084 2153
f 2072 2153 2212
f 2073 2143 2159
f 2245 2073 2159
f 2159 2143 2178
f 2161 2239 2143
f 2143 2221 2178
f 2143 2267 2221
f 2267 2143 2239
f 2145 2224 2161
f 2145 2271 2224
f 2153 2192 2212
f 2159 2178 2245
f 2161 2224 2239
f 2178 2221 2245
f 2192 2209 2212
f 2209 2284 2212
f 2209 2235 2284
f 2221 2495 2245
f 2221 2267 2495
f 2239 2224 2495
f 2271 2495 2224
f 2235 2262 2284
f 2309 2267 2239
f 2309 2239 2495
f 2307 2262 2245
f 2245 2434 2307
f 2434 2245 2452
f 2553 2452 2245
f 2553 2245 2495
f 2262 2307 2284
f 2267 2309 2495
f 2271 2284 2279
f 2271 2279 2286
f 2271 2286 2291
f 2271 2291 2458
f 2271 2458 2495
f 2284 2286 2279
f 2286 2284 2291
f 2492 2291 2284
f 2284 2307 2434
f 2434 2452 2284
f 2284 2452 2553
f 2284 2553 2492
f 2492 2458 2291
f 2495 2458 2492
f 2495 2492 2553
f 581 582 682
f 684 582 581
f 594 581 682
f 684 581 594
f 582 585 584
f 582 584 627
f 684 585 582
f 582 627 682
f 584 585 627
f 585 618 627
f 618 585 684
f 597 594 657
f 597 684 594
f 657 594 682
f 610 597 657
f 684 597 610
f 610 657 714
f 684 610 731
f 731 610 714
f 618 635 627
f 635 618 684
f 635 724 627
f 682 627 980
f 724 814 627
f 814 980 627
f 938 635 684
f 938 724 635
f 656 649 671
f 757 649 656
f 671 649 757
f 656 671 715
f 695 656 715
f 656 695 923
f 656 905 757
f 656 910 905
f 656 923 910
f 657 682 969
f 714 657 793
f 793 657 971
f 657 969 971
f 715 671 790
f 790 671 757
f 969 682 980
f 731 826 684
f 684 826 924
f 684 924 938
f 715 970 695
f 695 970 923
f 714 793 731
f 725 715 902
f 715 725 970
f 715 790 850
f 715 850 902
f 749 814 724
f 938 749 724
f 726 725 902
f 725 726 970
f 726 760 764
f 760 726 814
f 726 764 970
f 814 726 902
f 731 793 734
f 731 734 826
f 793 826 734
f 764 814 749
f 749 970 764
f 938 970 749
f 850 790 757
f 757 909 850
f 905 986 757
f 1074 909 757
f 986 1027 757
f 1027 1074 757
f 764 760 814
f 826 793 864
f 793 1286 864
f 793 971 1286
f 814 902 1025
f 980 814 1025
f 924 826 864
f 902 850 909
f 924 864 1384
f 864 1286 1402
f 1384 864 1444
f 864 1402 1444
f 902 909 929
f 902 929 1059
f 1025 902 1059
f 910 986 905
f 1074 929 909
f 910 923 1032
f 1032 986 910
f 923 970 1032
f 924 1046 938
f 1394 1046 924
f 1394 924 1384
f 929 1016 1059
f 1074 1016 929
f 997 970 938
f 938 989 996
f 989 938 1004
f 996 999 938
f 999 997 938
f 1004 938 1060
f 938 1046 1064
f 1060 938 1115
f 938 1064 1098
f 938 1098 1115
f 971 969 1248
f 969 980 1135
f 969 1135 1248
f 970 997 1032
f 971 1248 1286
f 980 1025 1291
f 1135 980 1302
f 980 1291 1249
f 980 1249 1302
f 986 1032 1027
f 1137 996 989
f 1004 1137 989
f 996 1104 999
f 1137 1104 996
f 999 1015 997
f 1015 1104 997
f 997 1104 1032
f 999 1104 1015
f 1060 1137 1004
f 1016 1017 1059
f 1016 1103 1017
f 1074 1103 1016
f 1017 1103 1059
f 1025 1059 1289
f 1025 1289 1290
f 1291 1025 1290
f 1027 1032 1071
f 1071 1074 1027
f 1071 1032 1145
f 1104 1339 1032
f 1032 1220 1145
f 1032 1371 1220
f 1339 1340 1032
f 1340 1371 1032
f 1064 1046 1394
f 1059 1103 1147
f 1059 1147 1244
f 1059 1244 1289
f 1087 1060 1115
f 1060 1087 1137
f 1409 1098 1064
f 1398 1064 1394
f 1409 1064 1398
f 1145 1074 1071
f 1074 1147 1103
f 1074 1145 1220
f 1377 1147 1074
f 1074 1220 1377
f 1087 1115 1162
f 1087 1162 1137
f 1115 1098 1159
f 1409 1159 1098
f 1137 1337 1104
f 1104 1337 1339
f 1162 1115 1159
f 1135 1284 1248
f 1135 1302 1284
f 1137 1162 1338
f 1234 1328 1137
f 1137 1338 1234
f 1326 1327 1137
f 1137 1328 1326
f 1327 1336 1137
f 1137 1336 1337
f 1377 1244 1147
f 1162 1159 1305
f 1159 1395 1305
f 1159 1397 1395
f 1409 1397 1159
f 1338 1162 1305
f 1220 1371 1304
f 1220 1304 1377
f 1234 1335 1328
f 1338 1335 1234
f 1377 1289 1244
f 1248 1284 1300
f 1286 1248 1300
f 1294 1249 1291
f 1377 1249 1294
f 1249 1301 1302
f 1353 1301 1249
f 1353 1249 1377
f 1293 1284 1295
f 1300 1284 1293
f 1295 1284 1298
f 1284 1302 1298
f 1286 1300 1315
f 1286 1315 1316
f 1286 1316 1317
f 1286 1317 1319
f 1402 1286 1319
f 1377 1290 1289
f 1377 1291 1290
f 1377 1294 1291
f 1330 1293 1295
f 1300 1293 1353
f 1330 1333 1293
f 1333 1353 1293
f 1298 1330 1295
f 1298 1302 1330
f 1315 1300 1353
f 1302 1301 1325
f 1353 1325 1301
f 1302 1325 1330
f 1371 1376 1304
f 1376 1379 1304
f 1304 1379 1377
f 1338 1305 1354
f 1354 1305 1395
f 1317 1316 1315
f 1317 1315 1353
f 1317 1402 1319
f 1353 1402 1317
f 1330 1325 1333
f 1353 1333 1325
f 1326 1377 1327
f 1353 1326 1328
f 1353 1377 1326
f 1327 1377 1336
f 1384 1328 1335
f 1353 1328 1384
f 1384 1335 1338
f 1336 1377 1337
f 1337 1377 1339
f 1354 1394 1338
f 1394 1384 1338
f 1339 1377 1340
f 1376 1371 1340
f 1382 1376 1340
f 1401 1340 1377
f 1401 1382 1340
f 1384 1444 1353
f 1444 1402 1353
f 1394 1354 1398
f 1399 1354 1395
f 1399 1398 1354
f 1382 1379 1376
f 1379 1401 1377
f 1382 1401 1379
f 1397 1409 1395
f 1409 1399 1395
f 1399 1409 1398
f 54 55 56
f 55 54 109
f 110 54 56
f 110 109 54
f 56 55 57
f 55 137 57
f 109 60 55
f 55 60 137
f 86 56 57
f 118 56 86
f 118 110 56
f 86 57 85
f 137 85 57
f 115 68 60
f 60 68 137
f 109 115 60
f 115 71 68
f 124 68 71
f 68 124 137
f 73 71 115
f 71 73 124
f 73 111 74
f 73 74 124
f 106 111 73
f 116 106 73
f 116 73 115
f 111 75 74
f 124 74 75
f 124 75 79
f 79 75 125
f 125 75 111
f 124 79 81
f 81 79 138
f 79 125 138
f 81 102 124
f 81 138 102
f 86 85 93
f 137 93 85
f 133 86 93
f 118 86 133
f 95 133 93
f 137 95 93
f 135 95 128
f 128 95 137
f 95 135 133
f 102 258 124
f 102 138 140
f 102 140 141
f 102 141 258
f 258 111 106
f 106 116 190
f 258 106 190
f 190 109 110
f 190 115 109
f 190 110 118
f 258 125 111
f 190 116 115
f 118 133 254
f 190 118 254
f 137 124 233
f 233 124 245
f 270 245 124
f 258 283 124
f 283 270 124
f 258 138 125
f 135 128 130
f 254 130 128
f 254 128 137
f 154 135 130
f 254 154 130
f 254 133 135
f 254 135 154
f 137 227 226
f 137 226 248
f 137 233 227
f 137 248 254
f 258 140 138
f 140 186 141
f 186 140 258
f 185 141 186
f 258 141 185
f 186 194 185
f 185 194 193
f 185 193 218
f 258 185 218
f 186 196 194
f 218 196 186
f 218 186 258
f 348 190 254
f 190 332 258
f 190 324 322
f 190 322 332
f 190 330 324
f 330 190 333
f 340 333 190
f 348 340 190
f 196 193 194
f 193 196 218
f 226 227 340
f 226 340 248
f 227 233 333
f 333 340 227
f 233 245 324
f 330 233 324
f 333 233 330
f 245 270 324
f 254 248 280
f 340 280 248
f 280 326 254
f 326 373 254
f 254 378 348
f 373 392 254
f 254 401 378
f 392 403 254
f 254 403 401
f 258 288 283
f 258 350 288
f 332 350 258
f 332 270 283
f 322 324 270
f 332 322 270
f 378 326 280
f 348 280 340
f 348 378 280
f 332 283 288
f 288 350 332
f 373 326 378
f 378 401 373
f 373 401 392
f 401 403 392
f 2292 2233 2204
f 2233 2618 2204
f 2234 2292 2204
f 2234 2204 2537
f 2204 2457 2496
f 2564 2457 2204
f 2520 2204 2496
f 2558 2204 2520
f 2537 2204 2558
f 2618 2564 2204
f 2366 2233 2292
f 2366 2349 2233
f 2233 2349 2618
f 2292 2234 2537
f 2347 2390 2292
f 2347 2292 2537
f 2292 2390 2366
f 2360 2390 2347
f 2360 2347 2537
f 2686 2349 2366
f 2618 2349 2686
f 2390 2360 2437
f 2360 2394 2486
f 2394 2360 2537
f 2360 2486 2437
f 2686 2366 2390
f 2686 2390 2437
f 2417 2488 2394
f 2537 2417 2394
f 2394 2488 2486
f 2417 2472 2488
f 2537 2472 2417
f 2686 2437 2486
f 2496 2457 2615
f 2457 2564 2615
f 2686 2488 2472
f 2693 2472 2537
f 2686 2472 2815
f 2693 2703 2472
f 2739 2472 2703
f 2739 2805 2472
f 2805 2815 2472
f 2686 2486 2488
f 2496 2615 2520
f 2558 2520 2615
f 2537 2558 2608
f 2537 2608 2611
f 2537 2611 2656
f 2537 2656 2706
f 2694 2693 2537
f 2537 2706 2694
f 2608 2558 2615
f 2615 2564 2687
f 2668 2564 2618
f 2564 2668 2687
f 2693 2611 2608
f 2693 2608 2615
f 2656 2611 2693
f 2615 2687 2708
f 2703 2693 2615
f 2703 2615 2822
f 2615 2708 2822
f 2618 2686 2668
f 2656 2693 2694
f 2656 2694 2706
f 2668 2686 2687
f 2687 2686 2708
f 2708 2686 2712
f 2686 2750 2712
f 2686 2782 2750
f 2782 2686 2821
f 2686 2815 2841
f 2821 2686 2826
f 2686 2835 2826
f 2686 2841 2835
f 2739 2703 2822
f 2750 2708 2712
f 2822 2708 2750
f 2805 2739 2822
f 2822 2750 2782
f 2822 2782 2821
f 2815 2805 2841
f 2805 2822 2841
f 2822 2821 2826
f 2835 2822 2826
f 2841 2822 2835
f 10 3 2
f 41 2 3
f 10 2 5
f 41 5 2
f 10 6 3
f 41 3 6
f 10 5 7
f 41 7 5
f 10 11 6
f 6 11 41
f 10 7 8
f 8 7 41
f 10 8 19
f 19 8 41
f 20 11 10
f 10 19 35
f 28 20 10
f 10 67 28
f 67 10 35
f 11 20 41
f 35 17 18
f 18 17 119
f 19 17 35
f 119 17 19
f 35 18 33
f 33 18 167
f 18 119 144
f 147 18 144
f 159 18 147
f 167 18 159
f 19 41 100
f 121 19 100
f 119 19 123
f 19 121 123
f 20 28 41
f 28 45 41
f 28 67 45
f 34 35 33
f 34 33 167
f 34 38 35
f 38 34 40
f 34 137 40
f 34 167 137
f 40 35 38
f 67 35 40
f 46 43 40
f 40 43 48
f 46 40 137
f 67 40 48
f 45 134 41
f 41 92 91
f 100 41 91
f 41 99 92
f 41 132 99
f 132 41 134
f 48 43 46
f 45 67 62
f 134 45 62
f 48 46 52
f 52 46 137
f 56 48 52
f 55 48 54
f 54 48 56
f 60 48 55
f 68 48 60
f 67 48 68
f 57 56 52
f 57 52 137
f 54 56 55
f 56 57 55
f 57 137 55
f 137 60 55
f 68 60 137
f 62 67 65
f 62 65 134
f 81 65 67
f 81 102 65
f 65 89 134
f 65 185 89
f 102 141 65
f 141 185 65
f 71 67 68
f 67 71 73
f 74 67 73
f 75 67 74
f 67 75 79
f 79 81 67
f 71 68 124
f 124 68 137
f 124 73 71
f 124 74 73
f 124 75 74
f 124 79 75
f 124 81 79
f 81 124 102
f 134 89 98
f 89 193 98
f 185 193 89
f 92 240 91
f 240 100 91
f 99 240 92
f 134 98 139
f 163 139 98
f 163 98 193
f 99 132 240
f 240 121 100
f 102 124 258
f 141 102 258
f 123 144 119
f 121 144 123
f 121 147 144
f 240 147 121
f 137 233 124
f 233 245 124
f 245 270 124
f 124 283 258
f 270 283 124
f 177 132 134
f 177 240 132
f 134 139 199
f 208 177 134
f 199 306 134
f 244 208 134
f 134 285 244
f 134 306 285
f 137 167 172
f 137 172 205
f 137 205 211
f 137 211 226
f 226 227 137
f 227 233 137
f 199 139 163
f 141 258 185
f 159 147 172
f 205 172 147
f 205 147 233
f 233 147 245
f 147 240 245
f 172 167 159
f 199 163 179
f 257 179 163
f 257 163 193
f 177 208 244
f 244 240 177
f 199 179 191
f 257 191 179
f 218 193 185
f 185 258 218
f 199 191 257
f 218 196 193
f 196 242 193
f 257 193 242
f 196 218 212
f 212 242 196
f 199 257 267
f 199 267 412
f 199 313 306
f 199 335 313
f 199 393 335
f 412 393 199
f 211 205 227
f 227 205 233
f 227 226 211
f 412 212 218
f 412 242 212
f 258 412 218
f 285 240 244
f 245 240 270
f 283 270 240
f 288 283 240
f 285 350 240
f 240 350 288
f 257 242 267
f 242 314 267
f 286 314 242
f 412 286 242
f 258 283 288
f 288 350 258
f 350 417 258
f 258 435 412
f 417 419 258
f 258 419 435
f 412 267 314
f 306 313 285
f 313 417 285
f 285 417 350
f 314 286 412
f 335 451 313
f 419 417 313
f 435 419 313
f 451 435 313
f 335 393 451
f 412 438 393
f 529 393 438
f 451 393 529
f 412 435 451
f 412 529 438
f 451 529 412
f 2463 2528 2536
f 2528 2463 2699
f 2699 2463 2536
f 2528 2543 2536
f 2528 2638 2543
f 2528 2576 2638
f 2576 2528 2699
f 2536 2543 2699
f 2543 2638 2699
f 2576 2670 2638
f 2699 2670 2576
f 2638 2646 2699
f 2646 2638 2759
f 2670 2690 2638
f 2638 2690 2759
f 2677 2646 2775
f 2646 2677 2963
f 2646 2902 2699
f 2775 2646 2759
f 2646 2915 2902
f 2646 2933 2915
f 2963 2933 2646
f 2663 2736 2647
f 2647 2983 2663
f 2647 2736 3010
f 2647 2995 2983
f 2995 2647 3010
f 2700 2736 2663
f 3062 2700 2663
f 2983 2994 2663
f 2994 3062 2663
f 2699 2690 2670
f 2688 2677 2775
f 2688 3009 2677
f 3009 2963 2677
f 2715 2688 2775
f 3019 2688 2715
f 3009 2688 3019
f 2699 2759 2690
f 2699 2999 2759
f 2890 2699 2902
f 2929 2699 2890
f 2999 2699 2929
f 2723 2923 2700
f 3062 2723 2700
f 2736 2700 2918
f 2700 2908 2918
f 2700 2923 2908
f 2715 2775 2718
f 2715 2718 3034
f 3019 2715 3034
f 2724 2718 2903
f 2718 2724 3034
f 2718 2775 2799
f 2876 2718 2799
f 2903 2718 2876
f 2723 2735 2917
f 3062 2735 2723
f 2723 2917 2923
f 2724 2907 2725
f 2724 2725 3034
f 2903 2907 2724
f 2725 2917 2726
f 3034 2725 2726
f 2907 2909 2725
f 2909 2917 2725
f 2726 2917 2735
f 3035 2726 2735
f 3034 2726 3035
f 3073 3035 2735
f 2735 3062 3073
f 2744 2736 2918
f 2736 2744 3010
f 2772 2744 2896
f 2744 2772 3086
f 2896 2744 2916
f 2744 2918 2916
f 2744 3060 3010
f 2744 3086 3060
f 2759 3069 2775
f 2999 3069 2759
f 2896 3086 2772
f 2799 2775 3069
f 2876 2799 3061
f 2799 3069 3061
f 3061 2903 2876
f 2900 2890 2902
f 2900 2944 2890
f 2890 2944 2929
f 2896 2916 3106
f 3106 3086 2896
f 2900 2902 2944
f 2902 2915 2944
f 3061 2907 2903
f 3061 2909 2907
f 3143 2918 2908
f 2923 3143 2908
f 2909 3143 2917
f 3061 3141 2909
f 3141 3143 2909
f 2915 2933 2944
f 2918 2919 2916
f 3106 2916 2919
f 2923 2917 3143
f 3143 2919 2918
f 3107 3106 2919
f 3107 2919 3123
f 3123 2919 3155
f 3143 3155 2919
f 2929 2944 2982
f 2982 2999 2929
f 2933 3113 2944
f 2933 2963 3113
f 2944 2999 2982
f 2999 2944 3069
f 2944 3103 3069
f 2944 3113 3103
f 2963 3009 3113
f 2994 2983 2995
f 2994 2995 3010
f 2994 3010 3060
f 3062 2994 3050
f 3050 2994 3100
f 2994 3060 3100
f 3009 3019 3129
f 3129 3113 3009
f 3019 3034 3139
f 3129 3019 3131
f 3131 3019 3139
f 3034 3035 3139
f 3051 3035 3073
f 3035 3051 3139
f 3050 3150 3062
f 3050 3100 3154
f 3150 3050 3154
f 3143 3051 3073
f 3156 3139 3051
f 3141 3051 3143
f 3141 3156 3051
f 3106 3060 3086
f 3100 3060 3107
f 3107 3060 3106
f 3069 3103 3061
f 3061 3103 3113
f 3061 3113 3129
f 3061 3129 3131
f 3131 3139 3061
f 3139 3148 3061
f 3061 3156 3141
f 3148 3161 3061
f 3061 3161 3156
f 3062 3066 3073
f 3066 3062 3150
f 3150 3073 3066
f 3143 3073 3150
f 3107 3123 3100
f 3155 3100 3123
f 3154 3100 3155
f 3148 3139 3156
f 3150 3155 3143
f 3148 3156 3161
f 3154 3155 3150
f 1607 1609 1608
f 1869 1607 1608
f 1607 1616 1609
f 1622 1616 1607
f 1622 1607 1881
f 1874 1607 1869
f 1881 1607 1874
f 1608 1609 1612
f 1612 1826 1608
f 1826 1665 1608
f 1608 1665 1869
f 1886 1612 1609
f 1609 1616 1910
f 1886 1609 1910
f 1872 1826 1612
f 1872 1612 1886
f 1780 1616 1622
f 1780 1638 1616
f 1616 1638 1858
f 1910 1616 1858
f 1622 1684 1666
f 1666 1780 1622
f 1684 1622 1881
f 1854 1638 1780
f 1858 1638 1854
f 1826 1869 1665
f 1858 1666 1684
f 1858 1780 1666
f 1910 1858 1684
f 1910 1684 1881
f 1858 1854 1780
f 1826 1872 1869
f 1872 1886 1869
f 1886 1874 1869
f 1874 1910 1881
f 1874 1886 1910
f 168 149 153
f 149 344 153
f 149 166 344
f 149 405 166
f 168 405 149
f 168 153 170
f 175 170 153
f 175 153 174
f 174 153 210
f 210 153 225
f 153 344 225
f 178 344 166
f 178 166 405
f 170 405 168
f 175 265 170
f 265 405 170
f 175 174 189
f 189 174 273
f 174 210 234
f 174 234 273
f 175 189 265
f 178 252 344
f 252 178 405
f 265 189 310
f 189 273 310
f 210 225 291
f 234 210 290
f 290 210 289
f 210 291 289
f 225 301 291
f 301 225 320
f 320 225 414
f 344 400 225
f 225 400 462
f 414 225 490
f 225 462 490
f 234 317 273
f 234 276 278
f 276 234 281
f 234 278 317
f 234 290 281
f 252 309 344
f 309 252 405
f 310 359 265
f 359 423 265
f 423 405 265
f 271 266 323
f 501 266 271
f 266 277 323
f 277 266 501
f 311 271 339
f 501 271 311
f 339 271 323
f 310 273 359
f 317 353 273
f 353 385 273
f 359 273 423
f 273 385 432
f 423 273 502
f 434 273 432
f 591 273 434
f 502 273 875
f 675 273 591
f 710 273 675
f 852 273 710
f 875 273 852
f 276 475 278
f 281 475 276
f 284 277 303
f 277 284 323
f 277 524 303
f 524 277 501
f 434 317 278
f 434 278 475
f 290 475 281
f 293 284 303
f 293 344 284
f 344 323 284
f 289 475 290
f 291 475 289
f 301 475 291
f 344 293 303
f 320 475 301
f 344 303 354
f 354 303 524
f 321 329 309
f 321 309 405
f 309 329 344
f 501 311 339
f 434 353 317
f 475 320 414
f 327 329 321
f 327 321 405
f 339 323 329
f 329 323 344
f 327 334 329
f 334 327 405
f 334 339 329
f 339 334 405
f 501 339 405
f 344 354 402
f 400 344 402
f 432 385 353
f 434 432 353
f 354 361 402
f 697 361 354
f 354 524 658
f 665 354 658
f 670 354 665
f 670 697 354
f 402 361 379
f 379 361 741
f 741 361 697
f 379 388 402
f 388 379 741
f 388 398 402
f 741 398 388
f 402 398 411
f 741 411 398
f 400 402 462
f 402 411 442
f 462 402 442
f 713 405 423
f 501 405 692
f 617 673 405
f 713 617 405
f 673 692 405
f 442 411 821
f 741 751 411
f 411 751 779
f 811 411 779
f 821 411 811
f 475 414 490
f 563 423 502
f 713 423 563
f 591 434 475
f 445 462 442
f 445 442 821
f 454 462 445
f 757 454 445
f 445 821 757
f 534 454 461
f 757 461 454
f 462 454 536
f 536 454 534
f 549 461 485
f 757 485 461
f 551 534 461
f 551 461 549
f 490 462 536
f 475 490 536
f 475 536 757
f 475 710 591
f 710 475 852
f 475 750 770
f 475 776 750
f 757 883 475
f 475 770 914
f 794 776 475
f 883 794 475
f 475 914 852
f 485 542 549
f 757 542 485
f 588 524 501
f 501 579 606
f 501 630 579
f 608 588 501
f 501 606 608
f 501 640 630
f 501 691 640
f 501 693 681
f 501 681 699
f 501 699 691
f 501 692 736
f 501 736 693
f 875 563 502
f 599 524 588
f 604 524 599
f 600 601 524
f 614 600 524
f 601 632 524
f 614 524 604
f 632 658 524
f 536 534 551
f 536 551 757
f 549 542 757
f 551 549 757
f 713 563 688
f 688 563 804
f 804 563 875
f 693 606 579
f 699 579 630
f 681 693 579
f 699 681 579
f 588 737 599
f 608 736 588
f 736 754 588
f 754 737 588
f 643 590 617
f 617 590 673
f 643 696 590
f 696 662 590
f 662 848 590
f 590 692 673
f 590 767 692
f 590 848 767
f 591 710 675
f 599 729 604
f 737 729 599
f 729 601 600
f 614 729 600
f 729 632 601
f 604 729 614
f 606 736 608
f 693 736 606
f 713 643 617
f 630 640 691
f 691 699 630
f 729 658 632
f 713 696 643
f 729 665 658
f 662 696 759
f 750 662 770
f 662 750 776
f 662 759 833
f 662 833 770
f 662 776 848
f 665 767 670
f 729 767 665
f 670 848 697
f 767 848 670
f 713 688 804
f 736 692 743
f 752 743 692
f 692 767 752
f 759 696 713
f 848 741 697
f 713 806 759
f 804 875 713
f 713 816 806
f 816 713 975
f 875 947 713
f 947 1090 713
f 975 713 995
f 713 1090 995
f 743 729 737
f 743 752 729
f 752 767 729
f 743 739 736
f 736 739 754
f 739 743 737
f 737 754 739
f 848 751 741
f 848 779 751
f 757 821 887
f 757 884 883
f 757 905 884
f 757 887 905
f 759 806 914
f 759 914 833
f 914 770 833
f 776 794 848
f 779 884 811
f 779 848 884
f 794 881 848
f 883 881 794
f 806 816 975
f 806 949 914
f 806 1033 949
f 806 975 1033
f 887 821 811
f 903 811 884
f 887 811 903
f 848 881 883
f 848 883 884
f 852 1163 875
f 949 852 914
f 949 1001 852
f 1049 852 1001
f 1049 1184 852
f 1184 1163 852
f 947 875 1163
f 884 905 903
f 903 905 887
f 1161 1090 947
f 1163 1161 947
f 949 966 1001
f 966 949 1033
f 1001 966 1049
f 966 1033 1148
f 966 1148 1049
f 975 995 1090
f 975 1148 1033
f 1161 975 1090
f 1148 975 1181
f 975 1161 1181
f 1049 1148 1181
f 1184 1049 1181
f 1163 1187 1161
f 1181 1161 1187
f 1184 1370 1163
f 1194 1187 1163
f 1440 1194 1163
f 1440 1163 1370
f 1183 1184 1181
f 1181 1187 1183
f 1183 1212 1184
f 1212 1183 1187
f 1370 1184 1212
f 1194 1348 1187
f 1212 1187 1348
f 1426 1348 1194
f 1426 1194 1441
f 1441 1194 1440
f 1400 1212 1348
f 1212 1417 1370
f 1400 1417 1212
f 1410 1400 1348
f 1426 1410 1348
f 1417 1427 1370
f 1370 1427 1440
f 1400 1410 1448
f 1417 1400 1448
f 1441 1410 1426
f 1441 1451 1410
f 1451 1448 1410
f 1427 1417 1448
f 1440 1427 1452
f 1427 1448 1452
f 1451 1441 1440
f 1452 1451 1440
f 1451 1452 1448
f 2536 2543 2550
f 2699 2543 2536
f 2930 2536 2550
f 2699 2536 2902
f 2902 2536 2912
f 2912 2536 2930
f 2543 2593 2550
f 2593 2543 2638
f 2699 2638 2543
f 2550 2593 2938
f 2930 2550 2938
f 2577 2679 2580
f 2686 2577 2580
f 2632 2679 2577
f 2577 2964 2632
f 2686 2949 2577
f 2577 2949 2964
f 2580 2647 2583
f 2686 2580 2583
f 2580 2663 2647
f 2580 2700 2663
f 2679 2700 2580
f 2583 2620 2584
f 2686 2583 2584
f 2583 2647 2620
f 2584 2620 2686
f 2593 2638 2596
f 2596 2940 2593
f 2593 2940 2938
f 2605 2596 2646
f 2596 2605 2940
f 2596 2638 2646
f 2609 2605 2711
f 2605 2609 2940
f 2605 2646 2677
f 2605 2677 2688
f 2605 2688 2711
f 2613 2609 2711
f 2613 2991 2609
f 2991 2940 2609
f 2613 2711 2625
f 2991 2613 2625
f 2619 2711 2621
f 2621 2954 2619
f 2629 2711 2619
f 2619 2955 2629
f 2954 2955 2619
f 2620 2647 2686
f 2621 2679 2622
f 2622 2954 2621
f 2621 2711 2679
f 2622 2679 2630
f 2622 2630 2954
f 2625 2711 2629
f 2625 2629 2955
f 2991 2625 2955
f 2630 2679 2632
f 2632 2978 2630
f 2954 2630 2978
f 2632 2964 2980
f 2979 2978 2632
f 2632 2980 2979
f 2699 2646 2638
f 2963 2677 2646
f 2902 2646 2699
f 2902 2915 2646
f 2915 2933 2646
f 2933 2963 2646
f 2647 2663 2983
f 2686 2647 2937
f 2647 2983 2937
f 2700 3062 2663
f 2983 2663 2994
f 2663 3062 2994
f 2688 2677 3009
f 2677 2963 3009
f 2679 2723 2700
f 2711 2726 2679
f 2735 2723 2679
f 2726 2735 2679
f 2686 2937 2949
f 2688 2715 2711
f 2715 2688 3019
f 2688 3009 3019
f 2700 2723 3062
f 2715 2718 2711
f 2711 2718 2724
f 2724 2725 2711
f 2711 2725 2726
f 3034 2718 2715
f 2715 3019 3034
f 3034 2724 2718
f 2723 2735 3062
f 3034 2725 2724
f 3034 2726 2725
f 3035 2735 2726
f 3035 2726 3034
f 3035 3073 2735
f 2735 3073 3062
f 2902 2912 2915
f 2915 2912 2933
f 2912 2930 2933
f 2930 2938 2933
f 2933 2938 2963
f 2949 2937 2983
f 2938 2940 2963
f 3009 2963 2940
f 2991 3009 2940
f 2964 2949 2994
f 2994 2949 2983
f 2955 2954 3035
f 2954 2978 3051
f 3035 2954 3051
f 2990 2991 2955
f 2990 2955 3034
f 2955 3035 3034
f 2980 2964 2988
f 2988 2964 2994
f 2978 2979 3051
f 2979 2980 2988
f 2979 2988 3051
f 2988 2994 3050
f 2988 3050 3062
f 3051 2988 3073
f 2988 3062 3066
f 3073 2988 3066
f 2990 3019 2991
f 2990 3034 3019
f 3019 3009 2991
f 2994 3062 3050
f 3051 3073 3035
f 3062 3073 3066
f 1173 1151 1158
f 1158 1151 1189
f 1151 1173 1266
f 1151 1266 1189
f 1173 1158 1209
f 1189 1209 1158
f 1225 1202 1173
f 1312 1173 1202
f 1173 1209 1225
f 1266 1173 1309
f 1309 1173 1312
f 1189 1216 1209
f 1216 1189 1266
f 1218 1202 1225
f 1413 1202 1218
f 1312 1202 1413
f 1209 1216 1225
f 1242 1225 1216
f 1242 1216 1267
f 1216 1266 1352
f 1267 1216 1323
f 1323 1216 1352
f 1242 1218 1225
f 1242 1238 1218
f 1429 1218 1238
f 1413 1218 1429
f 1242 1364 1238
f 1426 1238 1364
f 1429 1238 1426
f 1307 1242 1267
f 1364 1242 1307
f 1352 1266 1309
f 1267 1413 1307
f 1309 1312 1267
f 1267 1351 1309
f 1267 1312 1413
f 1351 1267 1323
f 1307 1412 1364
f 1412 1307 1429
f 1307 1413 1429
f 1351 1352 1309
f 1381 1351 1323
f 1381 1323 1352
f 1381 1352 1351
f 1412 1410 1364
f 1410 1426 1364
f 1412 1426 1410
f 1429 1426 1412
f 649 667 671
f 757 667 649
f 757 649 671
f 790 671 667
f 757 756 667
f 790 667 756
f 757 671 790
f 757 765 756
f 850 756 765
f 790 756 850
f 765 757 904
f 757 790 850
f 757 850 909
f 904 757 1178
f 757 905 911
f 757 986 905
f 757 909 1074
f 918 757 911
f 1178 757 918
f 986 757 1027
f 757 1074 1027
f 850 765 904
f 904 909 850
f 929 909 904
f 968 929 904
f 1178 968 904
f 905 918 911
f 986 918 905
f 1074 909 929
f 1065 918 986
f 1178 918 1065
f 1016 929 968
f 1074 929 1016
f 1016 968 988
f 1178 988 968
f 1065 986 1027
f 1016 988 1017
f 1017 988 1054
f 1178 1054 988
f 1016 1017 1103
f 1016 1103 1074
f 1017 1054 1103
f 1027 1071 1065
f 1027 1074 1071
f 1054 1152 1103
f 1178 1152 1054
f 1065 1071 1112
f 1065 1112 1099
f 1178 1065 1099
f 1071 1074 1145
f 1071 1145 1112
f 1103 1147 1074
f 1074 1220 1145
f 1147 1377 1074
f 1074 1377 1220
f 1099 1112 1102
f 1102 1178 1099
f 1112 1129 1102
f 1129 1178 1102
f 1147 1103 1152
f 1112 1185 1129
f 1145 1220 1112
f 1304 1185 1112
f 1220 1304 1112
f 1185 1178 1129
f 1147 1152 1179
f 1147 1179 1244
f 1244 1377 1147
f 1178 1179 1152
f 1178 1377 1179
f 1256 1178 1185
f 1256 1372 1178
f 1372 1377 1178
f 1179 1377 1244
f 1304 1256 1185
f 1220 1377 1304
f 1372 1256 1304
f 1379 1372 1304
f 1304 1377 1379
f 1391 1377 1372
f 1379 1391 1372
f 1379 1377 1401
f 1401 1377 1391
f 1379 1401 1391
f 103 70 72
f 114 72 70
f 70 103 114
f 114 78 72
f 72 78 151
f 103 72 160
f 160 72 151
f 151 78 112
f 237 112 78
f 237 78 114
f 114 103 160
f 237 151 112
f 114 160 181
f 114 181 319
f 352 237 114
f 319 282 114
f 282 352 114
f 181 160 151
f 209 151 161
f 237 161 151
f 181 151 219
f 219 151 209
f 161 180 236
f 237 180 161
f 161 236 209
f 237 236 180
f 319 181 219
f 221 219 209
f 221 209 473
f 209 236 249
f 209 249 399
f 209 399 470
f 473 209 470
f 319 219 221
f 319 221 241
f 241 221 473
f 237 249 236
f 399 249 237
f 380 237 352
f 427 237 380
f 641 399 237
f 488 237 427
f 641 237 488
f 319 241 253
f 476 253 241
f 476 241 473
f 253 387 319
f 436 387 253
f 436 253 476
f 319 382 282
f 282 382 352
f 319 444 382
f 319 387 436
f 319 436 641
f 319 481 444
f 491 481 319
f 319 625 491
f 641 625 319
f 352 382 380
f 380 382 444
f 380 488 427
f 444 488 380
f 470 399 468
f 641 468 399
f 436 476 493
f 436 493 641
f 444 481 491
f 444 595 488
f 491 595 444
f 470 468 641
f 473 470 641
f 476 473 641
f 493 476 641
f 595 641 488
f 491 654 595
f 625 735 491
f 491 735 654
f 641 595 654
f 641 738 625
f 625 738 735
f 654 735 641
f 735 745 641
f 641 745 738
f 735 738 745
f 1307 1267 1351
f 1267 1307 1413
f 1309 1267 1312
f 1309 1351 1267
f 1267 1413 1312
f 1412 1307 1351
f 1307 1412 1429
f 1307 1429 1413
f 1309 1312 1373
f 1352 1351 1309
f 1352 1309 1373
f 1390 1373 1312
f 1454 1390 1312
f 1454 1312 1413
f 1352 1381 1351
f 1351 1381 1487
f 1431 1412 1351
f 1351 1435 1431
f 1351 1538 1435
f 1351 1487 1508
f 1351 1508 1538
f 1381 1352 1373
f 1381 1373 1390
f 1381 1390 1487
f 1390 1454 1487
f 1426 1412 1410
f 1431 1410 1412
f 1426 1410 1431
f 1429 1412 1426
f 1429 1462 1413
f 1462 1454 1413
f 1429 1426 1536
f 1426 1431 1536
f 1582 1462 1429
f 1536 1582 1429
f 1431 1435 1536
f 1582 1536 1435
f 1435 1538 1571
f 1571 1582 1435
f 1462 1538 1454
f 1487 1454 1508
f 1538 1508 1454
f 1538 1462 1582
f 1571 1538 1582
f 1690 1693 1702
f 1690 1821 1693
f 1690 1702 1703
f 1690 1703 1704
f 1690 1704 1788
f 1757 1762 1690
f 1892 1757 1690
f 1762 1765 1690
f 1765 1791 1690
f 1690 1788 1794
f 1791 1818 1690
f 1690 1794 1802
f 1690 1802 1820
f 1806 1821 1690
f 1834 1806 1690
f 1818 1852 1690
f 1820 1833 1690
f 1690 1833 1892
f 1852 1834 1690
f 1696 1693 1695
f 1775 1695 1693
f 1702 1693 1696
f 1775 1693 1800
f 1693 1821 1800
f 1696 1695 1775
f 1702 1696 1753
f 1696 1775 1753
f 1702 1753 1703
f 1753 1704 1703
f 1753 1735 1704
f 1776 1704 1735
f 1788 1704 1776
f 1753 2094 1735
f 1735 2094 1776
f 1753 1775 2135
f 1753 2135 2094
f 1762 1757 1796
f 1766 1882 1757
f 1892 1766 1757
f 1757 1882 1796
f 1765 1762 1796
f 1796 1791 1765
f 1766 1836 1815
f 1882 1766 1815
f 1892 1836 1766
f 1775 1800 2164
f 2135 1775 2164
f 1776 2094 1788
f 1794 1788 2021
f 1788 2094 2021
f 1796 2031 1791
f 1916 1818 1791
f 1791 2031 1916
f 1820 1802 1794
f 1820 1794 1845
f 1794 2021 1845
f 1796 1882 2063
f 1796 2064 2031
f 1796 2063 2064
f 1800 1821 2164
f 1808 1818 1801
f 1971 1808 1801
f 1818 1817 1801
f 1817 1860 1801
f 1971 1801 1860
f 1821 1806 2164
f 1806 1834 2164
f 1852 1818 1808
f 1971 1852 1808
f 1815 1836 1822
f 1822 1843 1815
f 1882 1815 1843
f 1817 1818 1916
f 1817 1916 1860
f 1820 1845 1833
f 1822 1836 1843
f 1845 1842 1833
f 1833 1842 1892
f 2297 1834 1852
f 2164 1834 2297
f 1836 1862 1843
f 1862 1836 1892
f 1845 1878 1842
f 1842 1878 1892
f 1862 1866 1843
f 1843 1866 1980
f 1843 1995 1882
f 1995 1843 1980
f 1878 1845 1926
f 1845 2021 1926
f 2169 1852 1971
f 2169 2278 1852
f 2278 2297 1852
f 1916 2031 1860
f 2364 1971 1860
f 2031 2364 1860
f 1866 1862 1892
f 1892 1980 1866
f 1892 1878 1926
f 1995 1996 1882
f 1996 1998 1882
f 1882 1998 2067
f 1882 2059 2063
f 1882 2067 2059
f 1892 1926 2044
f 1892 2058 1980
f 1892 2044 2083
f 2304 2058 1892
f 1892 2083 2214
f 1892 2214 2237
f 1892 2237 2266
f 1892 2266 2304
f 2021 2044 1926
f 2364 2169 1971
f 1995 1980 2009
f 2009 1980 2058
f 2009 1996 1995
f 2304 1998 1996
f 2304 1996 2009
f 2304 2067 1998
f 2009 2058 2074
f 2074 2147 2009
f 2304 2009 2147
f 2021 2083 2044
f 2021 2226 2083
f 2094 2311 2021
f 2021 2265 2226
f 2311 2265 2021
f 2064 2364 2031
f 2074 2058 2304
f 2364 2063 2059
f 2364 2059 2067
f 2364 2064 2063
f 2364 2067 2304
f 2147 2074 2304
f 2083 2226 2214
f 2135 2311 2094
f 2135 2164 2499
f 2499 2311 2135
f 2164 2297 2333
f 2164 2333 2379
f 2476 2164 2379
f 2164 2476 2499
f 2364 2278 2169
f 2214 2226 2237
f 2226 2265 2237
f 2237 2265 2266
f 2266 2265 2295
f 2295 2265 2415
f 2311 2493 2265
f 2265 2406 2418
f 2265 2493 2406
f 2265 2418 2415
f 2404 2266 2295
f 2304 2266 2404
f 2364 2297 2278
f 2404 2295 2415
f 2364 2333 2297
f 2304 2406 2364
f 2304 2404 2415
f 2304 2418 2406
f 2304 2415 2418
f 2499 2493 2311
f 2379 2333 2364
f 2476 2379 2364
f 2406 2470 2364
f 2470 2523 2364
f 2490 2476 2364
f 2364 2533 2490
f 2364 2523 2524
f 2364 2524 2552
f 2533 2364 2566
f 2364 2552 2538
f 2364 2538 2555
f 2364 2555 2566
f 2406 2493 2470
f 2493 2523 2470
f 2499 2476 2490
f 2490 2533 2499
f 2499 2538 2493
f 2493 2524 2523
f 2493 2552 2524
f 2538 2552 2493
f 2499 2533 2566
f 2499 2555 2538
f 2499 2566 2555
f 1773 1947 1967
f 1773 2035 1947
f 1773 1967 1976
f 1976 1991 1773
f 1991 2035 1773
f 1947 1988 1967
f 2035 1988 1947
f 1976 1967 2007
f 2061 1967 1988
f 2007 1967 2061
f 1991 1976 2007
f 1988 2035 2114
f 2061 1988 2038
f 2038 1988 2206
f 2206 1988 2114
f 2035 1991 2007
f 2035 2007 2053
f 2007 2061 2053
f 2114 2035 2053
f 2061 2038 2093
f 2093 2038 2374
f 2038 2206 2350
f 2374 2038 2350
f 2053 2061 2078
f 2116 2053 2078
f 2053 2160 2114
f 2160 2053 2116
f 2061 2093 2078
f 2093 2168 2078
f 2116 2078 2154
f 2154 2078 2252
f 2078 2168 2252
f 2374 2168 2093
f 2114 2152 2137
f 2206 2114 2137
f 2152 2114 2160
f 2116 2154 2398
f 2160 2116 2257
f 2116 2281 2257
f 2116 2355 2281
f 2116 2398 2355
f 2137 2152 2206
f 2160 2281 2152
f 2206 2152 2401
f 2152 2281 2355
f 2398 2152 2355
f 2440 2152 2398
f 2401 2152 2468
f 2468 2152 2440
f 2154 2252 2440
f 2154 2440 2398
f 2160 2257 2281
f 2168 2211 2252
f 2374 2211 2168
f 2350 2206 2401
f 2211 2289 2252
f 2211 2283 2305
f 2374 2283 2211
f 2211 2305 2289
f 2252 2289 2440
f 2283 2332 2305
f 2283 2422 2332
f 2374 2388 2283
f 2422 2283 2388
f 2289 2305 2532
f 2440 2289 2468
f 2289 2532 2468
f 2305 2332 2648
f 2305 2648 2532
f 2422 2587 2332
f 2587 2648 2332
f 2350 2401 2374
f 2374 2401 2388
f 2422 2388 2401
f 2587 2422 2401
f 2532 2401 2468
f 2648 2401 2532
f 2587 2401 2648
f 2349 2290 2233
f 2290 2648 2233
f 2349 2233 2618
f 2642 2618 2233
f 2233 2648 2642
f 2290 2386 2332
f 2332 2648 2290
f 2366 2290 2349
f 2408 2290 2366
f 2408 2386 2290
f 2386 2712 2332
f 2680 2648 2332
f 2689 2680 2332
f 2696 2689 2332
f 2704 2696 2332
f 2332 2712 2704
f 2686 2366 2349
f 2349 2618 2686
f 2390 2408 2366
f 2686 2390 2366
f 2386 2408 2435
f 2430 2386 2435
f 2686 2386 2430
f 2686 2712 2386
f 2390 2438 2408
f 2390 2437 2438
f 2686 2437 2390
f 2438 2435 2408
f 2430 2435 2686
f 2435 2438 2686
f 2438 2437 2686
f 2642 2668 2618
f 2686 2618 2668
f 2680 2642 2648
f 2689 2668 2642
f 2680 2689 2642
f 2686 2668 2687
f 2668 2689 2687
f 2687 2708 2686
f 2708 2712 2686
f 2687 2689 2696
f 2687 2696 2704
f 2687 2704 2708
f 2712 2708 2704
f 33 18 21
f 143 21 18
f 18 33 167
f 120 18 119
f 119 18 144
f 129 18 120
f 143 18 129
f 144 18 147
f 18 159 147
f 18 167 159
f 33 21 32
f 32 21 145
f 145 21 143
f 34 33 32
f 46 34 32
f 37 46 32
f 37 32 145
f 167 33 34
f 40 34 38
f 38 34 46
f 137 34 40
f 167 34 137
f 52 37 39
f 145 39 37
f 46 37 52
f 40 38 43
f 43 38 46
f 39 47 76
f 155 47 39
f 52 39 76
f 155 39 145
f 43 46 40
f 46 137 40
f 52 137 46
f 47 49 76
f 47 114 49
f 155 114 47
f 58 49 66
f 76 49 58
f 49 114 66
f 57 52 76
f 57 137 52
f 85 57 76
f 85 137 57
f 76 58 66
f 76 66 103
f 114 103 66
f 85 76 126
f 76 103 160
f 76 223 126
f 76 160 223
f 93 85 126
f 93 137 85
f 128 95 93
f 95 137 93
f 126 128 93
f 137 95 128
f 160 103 114
f 155 182 114
f 114 181 160
f 319 181 114
f 114 182 202
f 114 202 213
f 114 213 224
f 114 224 282
f 114 282 319
f 119 144 120
f 146 129 120
f 144 146 120
f 130 128 126
f 130 126 154
f 154 126 156
f 156 126 184
f 184 126 222
f 222 126 223
f 128 130 254
f 137 128 254
f 146 143 129
f 130 154 254
f 137 172 167
f 137 205 172
f 211 205 137
f 226 211 137
f 248 226 137
f 254 248 137
f 143 155 145
f 146 155 143
f 147 146 144
f 146 147 159
f 146 220 155
f 159 167 146
f 167 226 146
f 246 220 146
f 226 248 146
f 280 246 146
f 248 280 146
f 254 154 156
f 155 220 182
f 254 156 184
f 160 181 223
f 172 211 167
f 211 226 167
f 172 205 211
f 181 219 223
f 219 181 319
f 182 220 202
f 222 254 184
f 202 224 213
f 220 224 202
f 223 219 221
f 221 219 319
f 224 220 282
f 246 386 220
f 282 220 382
f 220 458 382
f 386 458 220
f 223 221 241
f 241 221 319
f 262 222 223
f 262 254 222
f 253 223 241
f 328 223 253
f 341 262 223
f 341 223 328
f 253 241 319
f 326 246 280
f 373 246 326
f 370 246 373
f 370 386 246
f 254 280 248
f 328 253 319
f 262 341 254
f 254 326 280
f 254 373 326
f 254 341 342
f 474 254 342
f 254 392 373
f 254 403 392
f 254 446 403
f 254 474 446
f 319 282 382
f 319 413 328
f 319 382 444
f 319 526 413
f 319 444 481
f 319 481 483
f 319 483 526
f 413 341 328
f 366 342 341
f 416 366 341
f 413 416 341
f 366 701 342
f 474 342 557
f 342 569 557
f 342 592 569
f 342 701 592
f 383 366 416
f 366 383 701
f 373 392 370
f 446 386 370
f 392 403 370
f 403 446 370
f 382 458 444
f 383 416 425
f 425 484 383
f 447 383 484
f 383 447 701
f 446 474 386
f 386 592 458
f 474 557 386
f 386 557 592
f 416 413 723
f 526 621 413
f 621 645 413
f 413 645 723
f 416 723 425
f 484 425 762
f 723 762 425
f 458 481 444
f 447 484 511
f 701 447 511
f 458 483 481
f 526 483 458
f 458 645 526
f 592 645 458
f 762 511 484
f 701 511 762
f 645 621 526
f 557 569 592
f 592 701 645
f 701 723 645
f 701 762 723
f 24 44 25
f 53 24 25
f 53 26 24
f 61 24 26
f 61 44 24
f 25 44 127
f 53 25 127
f 50 26 29
f 104 29 26
f 50 61 26
f 104 26 53
f 42 29 31
f 108 31 29
f 42 50 29
f 104 107 29
f 108 29 107
f 42 31 122
f 108 122 31
f 50 42 134
f 42 122 134
f 61 80 44
f 44 80 127
f 50 59 63
f 59 50 134
f 50 63 61
f 105 104 53
f 117 105 53
f 158 117 53
f 127 158 53
f 59 77 63
f 134 77 59
f 69 61 63
f 77 61 69
f 61 77 165
f 61 101 80
f 61 113 101
f 61 164 113
f 61 165 164
f 63 77 69
f 77 134 87
f 165 77 87
f 127 80 101
f 134 260 87
f 165 87 152
f 87 260 152
f 127 101 113
f 104 105 131
f 107 104 131
f 131 105 117
f 131 108 107
f 108 162 122
f 108 131 171
f 108 171 162
f 127 113 164
f 131 117 259
f 215 117 158
f 259 117 215
f 134 122 162
f 127 215 158
f 127 164 338
f 127 296 215
f 127 316 296
f 338 316 127
f 131 208 171
f 251 208 131
f 251 131 259
f 134 162 171
f 134 171 208
f 134 208 251
f 134 251 259
f 134 259 287
f 134 375 260
f 134 287 297
f 134 297 375
f 152 192 165
f 192 152 260
f 214 164 165
f 263 164 214
f 338 164 263
f 165 192 214
f 192 231 214
f 231 192 260
f 214 231 351
f 214 376 263
f 351 376 214
f 296 259 215
f 231 260 471
f 351 231 308
f 308 231 471
f 297 287 259
f 296 297 259
f 452 260 375
f 260 452 471
f 376 338 263
f 297 296 316
f 345 297 316
f 375 297 345
f 471 351 308
f 338 345 316
f 338 418 345
f 679 338 376
f 420 418 338
f 531 420 338
f 338 679 531
f 452 375 345
f 420 345 418
f 420 460 345
f 460 452 345
f 351 471 376
f 471 679 376
f 732 460 420
f 420 531 678
f 420 678 732
f 471 452 460
f 460 547 471
f 460 624 547
f 732 624 460
f 547 580 471
f 471 580 624
f 624 732 471
f 761 679 471
f 732 748 471
f 748 761 471
f 531 679 678
f 624 580 547
f 678 679 690
f 748 678 690
f 732 678 748
f 783 690 679
f 769 679 761
f 808 679 769
f 808 783 679
f 783 748 690
f 769 761 748
f 769 748 783
f 783 808 769
f 1160 1196 1228
f 1359 1196 1160
f 1160 1228 1311
f 1160 1311 1445
f 1160 1467 1359
f 1160 1360 1475
f 1160 1479 1360
f 1160 1445 1479
f 1467 1160 1475
f 1196 1229 1228
f 1359 1229 1196
f 1228 1229 1311
f 1229 1359 1311
f 1359 1445 1311
f 1359 1467 1445
f 1475 1360 1488
f 1488 1360 1479
f 1445 1467 1472
f 1479 1445 1472
f 1467 1475 1472
f 1475 1479 1472
f 1488 1479 1475
f 2194 2165 2232
f 2300 2165 2194
f 2165 2205 2261
f 2320 2205 2165
f 2165 2261 2232
f 2300 2320 2165
f 2258 2194 2232
f 2194 2258 2250
f 2250 2300 2194
f 2205 2230 2261
f 2205 2453 2230
f 2320 2444 2205
f 2205 2444 2453
f 2223 2426 2218
f 2585 2223 2218
f 2218 2426 2229
f 2218 2229 2453
f 2218 2453 2448
f 2477 2218 2448
f 2521 2218 2477
f 2581 2218 2521
f 2581 2585 2218
f 2223 2248 2336
f 2248 2223 2585
f 2223 2336 2426
f 2229 2426 2230
f 2229 2230 2453
f 2230 2426 2261
f 2258 2232 2455
f 2261 2617 2232
f 2232 2542 2455
f 2617 2542 2232
f 2631 2336 2248
f 2631 2248 2585
f 2250 2258 2542
f 2300 2250 2542
f 2542 2258 2455
f 2397 2261 2436
f 2617 2261 2397
f 2261 2426 2436
f 2320 2300 2675
f 2300 2542 2617
f 2675 2300 2617
f 2444 2320 2649
f 2320 2675 2649
f 2405 2465 2336
f 2405 2336 2631
f 2426 2336 2522
f 2336 2465 2522
f 2436 2751 2397
f 2617 2397 2652
f 2397 2675 2652
f 2751 2675 2397
f 2459 2465 2405
f 2459 2405 2787
f 2405 2631 2765
f 2787 2405 2765
f 2436 2426 2498
f 2633 2498 2426
f 2517 2426 2531
f 2633 2426 2517
f 2531 2426 2522
f 2436 2498 2751
f 2453 2444 2649
f 2448 2453 2649
f 2477 2448 2649
f 2801 2465 2459
f 2801 2459 2787
f 2820 2522 2465
f 2820 2465 2801
f 2477 2649 2521
f 2633 2645 2498
f 2645 2653 2498
f 2751 2498 2653
f 2517 2531 2820
f 2790 2633 2517
f 2764 2517 2779
f 2790 2517 2764
f 2779 2517 2802
f 2517 2820 2802
f 2521 2649 2581
f 2531 2522 2820
f 2765 2585 2581
f 2765 2581 2649
f 2765 2631 2585
f 2617 2652 2675
f 2645 2633 2790
f 2653 2645 2792
f 2792 2645 2790
f 2764 2649 2675
f 2779 2649 2764
f 2649 2801 2765
f 2802 2649 2779
f 2649 2820 2801
f 2649 2802 2820
f 2751 2653 2792
f 2751 2764 2675
f 2790 2764 2751
f 2792 2790 2751
f 2765 2801 2787
f 1389 1345 1363
f 1486 1363 1345
f 1389 1366 1345
f 1420 1345 1366
f 1730 1345 1420
f 1503 1486 1345
f 1503 1345 1730
f 1389 1363 1473
f 1363 1486 1473
f 1425 1366 1389
f 1420 1366 1425
f 1730 1425 1389
f 1473 1730 1389
f 1465 1420 1425
f 1476 1420 1465
f 1420 1476 1730
f 1730 1465 1425
f 1642 1476 1465
f 1642 1465 1533
f 1730 1533 1465
f 1473 1486 1503
f 1730 1473 1503
f 1476 1642 1730
f 1658 1642 1533
f 1730 1658 1533
f 1658 1659 1642
f 1642 1659 1730
f 1658 1733 1659
f 1730 1824 1658
f 1658 1824 1733
f 1730 1659 1733
f 1733 1824 1730
f 1627 1586 1589
f 1589 1586 1754
f 1656 1586 1627
f 1640 1586 1669
f 1640 1723 1586
f 1669 1586 1656
f 1723 1741 1586
f 1768 1586 1741
f 1586 2068 1754
f 1786 1586 1768
f 1904 1586 1786
f 1904 2068 1586
f 1589 1754 1627
f 1627 1754 1656
f 1668 1640 1669
f 1723 1640 1668
f 1669 1656 1750
f 1656 1906 1750
f 1754 1835 1656
f 1835 1906 1656
f 1668 1669 1732
f 1668 1732 1723
f 1732 1669 1750
f 1723 1732 1741
f 1732 1768 1741
f 1732 1750 1919
f 1732 1919 1768
f 1750 1906 1941
f 1750 1941 1919
f 1754 2068 1835
f 1768 1921 1786
f 1768 1919 1921
f 1786 2023 1904
f 1786 1921 1968
f 1786 1968 2023
f 1883 1906 1835
f 1835 2068 1883
f 1883 2006 1906
f 2006 1883 2068
f 2068 1904 2023
f 1906 1978 1941
f 1906 2080 1978
f 2006 2080 1906
f 1919 1941 1921
f 1968 1921 1941
f 1941 1978 1968
f 2023 1968 1978
f 1978 2038 2023
f 1978 2080 2038
f 2006 2068 2076
f 2006 2071 2080
f 2006 2176 2071
f 2076 2176 2006
f 2038 2120 2023
f 2068 2023 2076
f 2076 2023 2120
f 2038 2080 2093
f 2038 2093 2374
f 2206 2120 2038
f 2206 2038 2350
f 2038 2374 2350
f 2080 2071 2374
f 2071 2176 2264
f 2071 2264 2367
f 2071 2367 2374
f 2176 2076 2120
f 2080 2374 2093
f 2120 2206 2176
f 2264 2176 2206
f 2264 2206 2350
f 2367 2264 2350
f 2367 2350 2374
f 907 925 936
f 1063 925 907
f 978 907 936
f 1063 907 978
f 936 925 928
f 1063 928 925
f 946 936 928
f 1063 946 928
f 1052 936 946
f 978 936 1052
f 1063 964 946
f 946 964 1149
f 1052 946 1149
f 964 1003 1062
f 1063 1003 964
f 1149 964 1062
f 1039 1040 978
f 978 1041 1039
f 1040 1058 978
f 978 1186 1041
f 978 1052 1149
f 1058 1075 978
f 1075 1063 978
f 978 1149 1261
f 978 1261 1186
f 1003 1116 1062
f 1063 1116 1003
f 1039 1041 1040
f 1040 1041 1058
f 1041 1186 1058
f 1058 1123 1075
f 1346 1123 1058
f 1186 1223 1058
f 1223 1341 1058
f 1341 1346 1058
f 1149 1062 1116
f 1123 1063 1075
f 1116 1063 1211
f 1063 1121 1120
f 1063 1120 1235
f 1063 1123 1121
f 1211 1063 1374
f 1063 1235 1374
f 1149 1116 1182
f 1182 1116 1211
f 1121 1235 1120
f 1346 1121 1123
f 1346 1235 1121
f 1149 1182 1261
f 1182 1211 1255
f 1261 1182 1255
f 1186 1261 1223
f 1255 1211 1232
f 1232 1211 1374
f 1223 1261 1341
f 1314 1255 1232
f 1314 1232 1396
f 1396 1232 1374
f 1346 1320 1235
f 1374 1235 1320
f 1261 1255 1314
f 1428 1261 1314
f 1341 1261 1344
f 1344 1261 1347
f 1347 1261 1349
f 1349 1261 1482
f 1261 1428 1542
f 1261 1581 1482
f 1261 1542 1581
f 1314 1396 1428
f 1346 1392 1320
f 1374 1320 1392
f 1344 1346 1341
f 1347 1346 1344
f 1347 1349 1346
f 1346 1349 1670
f 1346 1460 1392
f 1346 1491 1460
f 1346 1670 1491
f 1349 1482 1670
f 1392 1460 1374
f 1374 1419 1396
f 1374 1480 1419
f 1374 1460 1491
f 1682 1480 1374
f 1374 1491 1657
f 1374 1657 1867
f 1867 1682 1374
f 1428 1396 1419
f 1428 1419 1542
f 1419 1480 1676
f 1542 1419 1676
f 1676 1480 1682
f 1482 1581 1670
f 1491 1670 1657
f 1581 1542 1676
f 1581 1643 1670
f 1643 1581 1676
f 1643 1654 1670
f 1654 1643 1676
f 1654 1706 1670
f 1654 1676 1755
f 1706 1654 1861
f 1654 1755 1810
f 1861 1654 1810
f 1657 1670 1678
f 1657 1678 1867
f 1678 1670 1841
f 1670 1706 1734
f 1734 1751 1670
f 1670 1751 1759
f 1670 1759 1841
f 1755 1676 1682
f 1846 1678 1841
f 1678 1846 1867
f 1682 1777 1755
f 1682 1849 1777
f 1867 1849 1682
f 1734 1706 1867
f 1867 1706 1861
f 1751 1734 1867
f 1759 1751 1867
f 1755 1777 1810
f 1867 1841 1759
f 1777 1849 1810
f 1861 1810 1849
f 1867 1846 1841
f 1867 1861 1849
f 978 1039 1042
f 978 1044 1039
f 978 1042 1180
f 978 1077 1044
f 1180 1077 978
f 1039 1044 1042
f 1044 1077 1042
f 1180 1042 1077
f 2568 2535 2456
f 2456 2535 2624
f 2623 2568 2456
f 2701 2623 2456
f 2456 2624 2667
f 2456 2667 2746
f 2699 2701 2456
f 2456 2755 2699
f 2456 2746 2755
f 2487 2570 2497
f 2828 2487 2497
f 2501 2570 2487
f 2789 2501 2487
f 2788 2487 2783
f 2783 2487 2807
f 2789 2487 2788
f 2828 2807 2487
f 2504 2497 2605
f 2497 2504 2828
f 2605 2497 2570
f 2508 2570 2501
f 2699 2508 2501
f 2699 2501 2789
f 2516 2504 2605
f 2516 2862 2504
f 2862 2828 2504
f 2536 2550 2508
f 2699 2536 2508
f 2550 2570 2508
f 2548 2516 2609
f 2516 2548 2881
f 2609 2516 2605
f 2881 2862 2516
f 2535 2568 2624
f 2536 2930 2550
f 2699 2902 2536
f 2536 2902 2912
f 2536 2912 2930
f 2597 2548 2613
f 2881 2548 2597
f 2548 2609 2613
f 2550 2596 2570
f 2550 2593 2596
f 2550 2938 2593
f 2930 2938 2550
f 2568 2623 2716
f 2568 2746 2624
f 2568 2716 2746
f 2570 2596 2605
f 2632 2577 2591
f 2850 2591 2577
f 2964 2577 2632
f 2841 2577 2686
f 2686 2577 2949
f 2841 2850 2577
f 2949 2577 2964
f 2591 2601 2632
f 2601 2591 2887
f 2850 2886 2591
f 2591 2886 2887
f 2593 2940 2596
f 2938 2940 2593
f 2605 2596 2940
f 2600 2597 2629
f 2600 2895 2597
f 2597 2613 2625
f 2597 2625 2629
f 2895 2881 2597
f 2599 2600 2619
f 2599 2893 2600
f 2619 2602 2599
f 2602 2891 2599
f 2891 2893 2599
f 2600 2629 2619
f 2893 2895 2600
f 2604 2632 2601
f 2601 2887 2604
f 2602 2621 2603
f 2603 2889 2602
f 2619 2621 2602
f 2889 2891 2602
f 2603 2630 2604
f 2887 2603 2604
f 2621 2622 2603
f 2603 2622 2630
f 2887 2889 2603
f 2630 2632 2604
f 2940 2609 2605
f 2613 2609 2991
f 2609 2940 2991
f 2625 2613 2991
f 2621 2619 2954
f 2629 2955 2619
f 2619 2955 2954
f 2621 2954 2622
f 2954 2630 2622
f 2623 2701 2716
f 2624 2746 2667
f 2629 2625 2955
f 2991 2955 2625
f 2632 2630 2978
f 2954 2978 2630
f 2980 2964 2632
f 2978 2979 2632
f 2979 2980 2632
f 2686 2860 2841
f 2937 2860 2686
f 2949 2937 2686
f 2716 2701 2699
f 2763 2716 2699
f 2699 2755 2806
f 2699 2789 2763
f 2699 2806 2890
f 2699 2890 2902
f 2716 2763 2746
f 2746 2900 2755
f 2746 2763 2900
f 2755 2900 2806
f 2763 2789 2900
f 2788 2783 2900
f 2783 2807 2912
f 2900 2783 2902
f 2783 2912 2902
f 2788 2900 2789
f 2900 2890 2806
f 2807 2828 2930
f 2912 2807 2930
f 2828 2862 2930
f 2841 2860 2845
f 2964 2841 2845
f 2850 2841 2964
f 2845 2860 2855
f 2845 2855 2937
f 2949 2845 2937
f 2964 2845 2949
f 2886 2850 2964
f 2855 2860 2910
f 2937 2855 2910
f 2937 2910 2860
f 2862 2881 2991
f 2862 2938 2930
f 2862 2940 2938
f 2991 2940 2862
f 2892 2881 2895
f 2881 2892 2990
f 2990 2991 2881
f 2979 2887 2886
f 2980 2886 2964
f 2979 2886 2980
f 2979 2889 2887
f 2979 2891 2889
f 2902 2890 2900
f 2893 2891 2979
f 2892 2895 2990
f 2895 2893 2955
f 2893 2954 2955
f 2893 2978 2954
f 2893 2979 2978
f 2955 2990 2895
f 2991 2990 2955
f 538 570 506
f 679 538 506
f 679 506 570
f 550 538 679
f 538 550 707
f 538 707 570
f 561 550 679
f 561 775 550
f 550 775 707
f 822 587 561
f 587 882 561
f 822 561 679
f 882 775 561
f 679 570 707
f 615 576 571
f 822 571 576
f 615 571 822
f 576 796 587
f 822 576 587
f 615 708 576
f 576 708 796
f 796 885 587
f 587 885 882
f 708 615 822
f 679 707 775
f 679 775 882
f 679 810 819
f 892 810 679
f 679 819 854
f 679 854 822
f 679 882 1088
f 679 1048 892
f 1048 679 1055
f 679 1088 1055
f 796 708 822
f 838 796 822
f 838 885 796
f 810 892 819
f 819 935 854
f 892 1048 819
f 819 1050 935
f 1048 1050 819
f 1088 838 822
f 822 854 872
f 872 922 822
f 922 935 822
f 935 1050 822
f 1050 1055 822
f 1055 1088 822
f 838 942 885
f 1088 942 838
f 922 872 854
f 935 922 854
f 1088 882 885
f 942 921 885
f 1088 885 921
f 921 942 948
f 979 921 948
f 979 1088 921
f 1088 948 942
f 948 1030 979
f 1088 1030 948
f 1088 979 994
f 1131 994 979
f 979 1030 1122
f 979 1122 1131
f 1088 994 1127
f 1131 1127 994
f 1088 1122 1030
f 1050 1048 1055
f 1131 1122 1088
f 1088 1127 1198
f 1198 1131 1088
f 1131 1198 1127
f 1563 1574 1594
f 1563 1710 1574
f 1586 1563 1594
f 1586 1710 1563
f 1574 1710 1584
f 1584 1835 1574
f 1594 1574 1754
f 1574 1835 1754
f 1710 1805 1584
f 1805 1835 1584
f 1624 1585 1636
f 1726 1585 1624
f 1894 1636 1585
f 1726 1894 1585
f 1586 1594 1589
f 1589 1754 1586
f 1894 1710 1586
f 1586 1741 1746
f 1586 1768 1741
f 1586 1746 1749
f 1586 1749 1756
f 2068 1586 1754
f 1586 1756 1770
f 1586 1786 1768
f 1586 1770 1894
f 1586 1904 1786
f 1904 1586 2068
f 1754 1589 1594
f 1624 1650 1635
f 1624 1635 1832
f 1624 1636 1650
f 1726 1624 1739
f 1624 1868 1739
f 1624 1832 1868
f 1780 1635 1650
f 1666 1635 1780
f 1832 1635 1666
f 2088 1650 1636
f 1894 1708 1636
f 2268 1636 1708
f 2268 2088 1636
f 1829 1780 1650
f 2003 1829 1650
f 2088 2003 1650
f 1780 1829 1666
f 1829 1832 1666
f 1894 1769 1708
f 1708 1769 2344
f 2354 2268 1708
f 2354 1708 2344
f 1739 1710 1719
f 1894 1719 1710
f 1739 1805 1710
f 1728 1739 1719
f 1894 1728 1719
f 1726 1739 1727
f 1727 1894 1726
f 1727 1739 1728
f 1894 1727 1728
f 1739 1950 1805
f 1868 1972 1739
f 1739 2019 1950
f 1739 1972 2019
f 1746 1741 1768
f 1746 1768 1749
f 1749 1786 1756
f 1749 1768 1786
f 1835 2068 1754
f 1770 1756 2032
f 1756 1786 1904
f 1756 1904 2032
f 1894 1840 1769
f 2344 1769 1840
f 1894 1770 1851
f 1770 2032 1851
f 1805 1883 1835
f 1883 1805 2006
f 1805 1932 1949
f 1932 1805 1950
f 1805 1949 2090
f 1805 2090 2006
f 1829 2003 1832
f 1832 1914 1868
f 2003 1914 1832
f 1835 1883 2068
f 1880 1840 1924
f 1840 1880 2342
f 1840 1894 1924
f 2344 1840 2342
f 1894 1851 1895
f 1851 2032 1895
f 1868 1914 1972
f 1880 1924 2342
f 1883 2006 2068
f 1894 1895 1957
f 1894 2013 1924
f 1894 1957 2004
f 1894 2004 2034
f 1894 2025 2013
f 1894 2041 2025
f 1894 2034 2036
f 1894 2036 2042
f 1894 2042 2041
f 1895 2032 1957
f 1904 2068 2032
f 1914 2088 1972
f 2003 2088 1914
f 1924 1999 1959
f 2342 1924 1959
f 1924 2013 1999
f 1949 1932 2210
f 1955 1932 1950
f 1932 1955 2210
f 2090 1949 2070
f 2210 2070 1949
f 1977 1955 1950
f 2060 1977 1950
f 2019 2047 1950
f 1950 2047 2060
f 1977 2210 1955
f 2004 1957 2032
f 1999 2134 1959
f 1959 2134 2341
f 2342 1959 2341
f 1972 2047 2019
f 1972 2088 2047
f 2060 2210 1977
f 1999 2013 2134
f 2004 2032 2133
f 2034 2004 2133
f 2006 2076 2068
f 2006 2090 2071
f 2071 2176 2006
f 2176 2076 2006
f 2013 2025 2134
f 2025 2041 2134
f 2068 2076 2032
f 2032 2076 2176
f 2133 2032 2317
f 2032 2176 2264
f 2032 2264 2321
f 2317 2032 2321
f 2036 2034 2296
f 2034 2133 2296
f 2296 2042 2036
f 2296 2041 2042
f 2134 2041 2296
f 2047 2210 2060
f 2088 2210 2047
f 2090 2070 2136
f 2136 2070 2139
f 2210 2139 2070
f 2071 2090 2395
f 2071 2264 2176
f 2367 2264 2071
f 2071 2395 2367
f 2268 2210 2088
f 2090 2136 2395
f 2133 2409 2296
f 2317 2372 2133
f 2372 2419 2133
f 2133 2413 2409
f 2133 2419 2413
f 2325 2134 2296
f 2340 2134 2325
f 2341 2134 2340
f 2139 2199 2136
f 2136 2198 2183
f 2395 2136 2183
f 2199 2198 2136
f 2210 2199 2139
f 2183 2198 2457
f 2395 2183 2432
f 2432 2183 2457
f 2204 2198 2199
f 2198 2204 2457
f 2199 2210 2204
f 2382 2204 2210
f 2382 2387 2204
f 2387 2410 2204
f 2410 2457 2204
f 2354 2210 2268
f 2325 2328 2210
f 2340 2325 2210
f 2328 2409 2210
f 2344 2340 2210
f 2354 2344 2210
f 2210 2372 2391
f 2210 2419 2372
f 2391 2382 2210
f 2409 2413 2210
f 2210 2413 2419
f 2321 2264 2367
f 2328 2325 2296
f 2328 2296 2385
f 2296 2409 2385
f 2321 2387 2317
f 2317 2376 2372
f 2376 2317 2391
f 2382 2317 2387
f 2391 2317 2382
f 2321 2367 2378
f 2432 2321 2378
f 2321 2410 2387
f 2321 2457 2410
f 2321 2432 2457
f 2328 2385 2409
f 2342 2341 2340
f 2344 2342 2340
f 2378 2367 2395
f 2391 2372 2376
f 2395 2432 2378
f 197 198 183
f 197 183 264
f 183 198 499
f 264 183 203
f 203 183 499
f 198 197 266
f 197 264 284
f 266 197 277
f 277 197 284
f 206 228 198
f 206 198 271
f 228 500 198
f 271 198 266
f 198 500 499
f 264 200 201
f 200 498 201
f 203 200 264
f 203 495 200
f 495 498 200
f 264 201 239
f 201 498 239
f 503 495 203
f 203 499 503
f 228 206 271
f 271 311 228
f 501 228 311
f 501 500 228
f 255 356 239
f 239 508 255
f 356 264 239
f 239 498 508
f 294 358 255
f 508 294 255
f 358 356 255
f 293 284 264
f 293 264 303
f 303 264 354
f 354 264 356
f 501 271 266
f 501 266 277
f 501 311 271
f 277 284 303
f 277 303 524
f 501 277 524
f 284 293 303
f 294 367 358
f 294 362 395
f 508 362 294
f 367 294 395
f 354 524 303
f 356 524 354
f 358 524 356
f 367 524 358
f 395 362 389
f 544 389 362
f 508 513 362
f 517 362 513
f 544 362 517
f 751 367 395
f 524 367 661
f 661 367 666
f 666 367 687
f 751 687 367
f 411 395 389
f 411 389 409
f 389 544 409
f 395 411 751
f 409 442 411
f 443 442 409
f 828 443 409
f 544 683 409
f 683 730 409
f 730 746 409
f 755 409 746
f 778 409 755
f 778 828 409
f 821 411 442
f 751 411 779
f 811 779 411
f 821 811 411
f 445 442 443
f 445 821 442
f 828 445 443
f 821 445 757
f 757 445 828
f 498 495 632
f 495 503 614
f 600 601 495
f 495 614 600
f 632 495 601
f 632 508 498
f 500 599 499
f 503 499 604
f 499 599 604
f 501 522 500
f 522 599 500
f 501 543 522
f 501 524 588
f 501 558 543
f 501 567 558
f 501 579 567
f 606 579 501
f 501 588 608
f 608 606 501
f 614 503 604
f 632 513 508
f 513 626 517
f 513 661 626
f 632 658 513
f 513 658 661
f 517 626 544
f 543 588 522
f 588 599 522
f 588 524 599
f 599 524 604
f 524 601 600
f 524 600 614
f 601 524 632
f 614 604 524
f 632 524 658
f 524 661 658
f 558 588 543
f 544 626 683
f 567 608 558
f 608 588 558
f 606 567 579
f 606 608 567
f 661 666 626
f 666 687 626
f 751 683 626
f 687 751 626
f 683 779 730
f 751 779 683
f 730 811 746
f 779 811 730
f 746 811 755
f 778 755 827
f 827 755 811
f 757 827 821
f 757 828 827
f 827 828 778
f 821 827 811
f 357 408 372
f 372 412 357
f 357 412 408
f 421 372 408
f 440 412 372
f 372 421 535
f 440 372 535
f 421 408 412
f 412 459 421
f 535 412 440
f 637 459 412
f 637 412 535
f 459 556 421
f 421 556 535
f 487 556 459
f 459 840 487
f 637 650 459
f 733 459 650
f 733 840 459
f 556 487 859
f 487 840 842
f 859 487 842
f 556 859 535
f 646 637 535
f 535 728 646
f 766 728 535
f 535 859 766
f 646 650 637
f 650 646 728
f 733 650 728
f 733 728 842
f 766 859 728
f 728 859 842
f 840 733 842
f 1494 1485 1516
f 1494 1555 1485
f 1516 1485 1580
f 1485 1555 1580
f 1570 1494 1516
f 1743 1555 1494
f 1743 1494 1570
f 1570 1516 1620
f 1516 1580 1620
f 1580 1555 1633
f 1743 1633 1555
f 1686 1570 1620
f 1570 1686 1743
f 1580 1633 1610
f 1610 1892 1580
f 1580 1892 1620
f 1610 1633 1647
f 1647 1892 1610
f 1620 1679 1686
f 1774 1679 1620
f 1784 1774 1620
f 1807 1784 1620
f 1825 1807 1620
f 1825 1620 1892
f 1633 1772 1647
f 1743 1772 1633
f 1647 1819 1736
f 1736 1892 1647
f 1647 1772 1819
f 1686 1679 1701
f 1701 1679 1761
f 1679 1774 1761
f 1686 1701 1743
f 1743 1701 1761
f 1763 1736 1819
f 1736 1763 1892
f 1761 1892 1743
f 1892 1772 1743
f 1761 1774 1767
f 1761 1767 1892
f 1763 1819 1838
f 1763 1838 1885
f 1877 1763 1885
f 1763 1877 1892
f 1774 1779 1767
f 1767 1779 1798
f 1798 1892 1767
f 1892 1819 1772
f 1784 1779 1774
f 1784 1807 1779
f 1779 1813 1798
f 1807 1813 1779
f 1813 1892 1798
f 1807 1825 1813
f 1825 1892 1813
f 1892 1838 1819
f 1892 1885 1838
f 1888 1877 1885
f 1877 1888 1893
f 1877 1893 1892
f 1892 1888 1885
f 1892 1896 1888
f 1893 1888 1896
f 1893 1901 1892
f 1892 1901 1896
f 1901 1893 1896
f 1363 1345 1385
f 1363 1486 1345
f 1385 1345 1420
f 1345 1730 1420
f 1486 1503 1345
f 1503 1730 1345
f 1474 1363 1385
f 1363 1474 1486
f 1587 1385 1420
f 1474 1385 1587
f 1420 1730 1476
f 1420 1476 1793
f 1587 1420 1793
f 1474 1529 1486
f 1529 1474 1587
f 1642 1476 1730
f 1476 1642 1793
f 1486 1699 1503
f 1529 1625 1486
f 1486 1625 1699
f 1503 1699 1652
f 1730 1503 1652
f 1587 1653 1529
f 1529 1653 1625
f 1653 1587 1793
f 1653 1688 1625
f 1625 1688 1699
f 1659 1642 1730
f 1793 1642 1659
f 1652 1699 1721
f 1730 1652 1721
f 1664 1653 1793
f 1664 1887 1653
f 1653 1781 1688
f 1653 1937 1781
f 1653 1887 1937
f 1733 1659 1730
f 1793 1659 1733
f 1664 1793 1792
f 1664 1792 1887
f 1699 1688 1781
f 1699 1799 1721
f 1699 1781 1783
f 1699 1783 1799
f 1730 1721 1827
f 1721 1799 1827
f 1730 1824 1733
f 1730 1799 1783
f 1730 1783 1937
f 1730 1827 1799
f 1730 1828 1824
f 1730 1908 1828
f 1730 1870 1900
f 1730 1915 1870
f 1730 1900 1908
f 1915 1730 1937
f 1793 1733 1824
f 1783 1781 1856
f 1937 1856 1781
f 1937 1783 1856
f 1793 1870 1792
f 1887 1792 1870
f 1793 1824 1828
f 1793 1828 1900
f 1793 1900 1870
f 1900 1828 1908
f 1870 1915 1887
f 1937 1887 1915
f 1167 1178 1156
f 1167 1156 1204
f 1178 1322 1156
f 1156 1322 1204
f 1179 1178 1167
f 1179 1167 1204
f 1179 1283 1178
f 1299 1178 1264
f 1264 1178 1365
f 1283 1308 1178
f 1322 1178 1299
f 1308 1422 1178
f 1365 1178 1586
f 1422 1453 1178
f 1453 1586 1178
f 1283 1179 1204
f 1283 1204 1276
f 1204 1322 1276
f 1365 1299 1264
f 1283 1276 1308
f 1276 1322 1308
f 1361 1322 1299
f 1365 1361 1299
f 1414 1308 1322
f 1422 1308 1414
f 1414 1322 1361
f 1361 1365 1432
f 1414 1361 1432
f 1365 1493 1432
f 1493 1365 1586
f 1414 1510 1422
f 1414 1432 1481
f 1510 1414 1481
f 1422 1510 1453
f 1432 1493 1481
f 1453 1510 1569
f 1453 1569 1586
f 1493 1498 1481
f 1481 1498 1553
f 1510 1481 1601
f 1601 1481 1553
f 1493 1586 1498
f 1498 1597 1553
f 1498 1586 1578
f 1498 1578 1597
f 1569 1510 1601
f 1553 1597 1602
f 1601 1553 1602
f 1720 1586 1569
f 1569 1601 1640
f 1720 1569 1640
f 1578 1586 1589
f 1578 1589 1597
f 1586 1627 1589
f 1627 1586 1656
f 1669 1586 1640
f 1640 1586 1723
f 1669 1656 1586
f 1741 1586 1720
f 1723 1586 1741
f 1589 1627 1597
f 1597 1646 1602
f 1627 1656 1597
f 1597 1656 1646
f 1601 1602 1646
f 1640 1601 1668
f 1668 1601 1646
f 1668 1669 1640
f 1640 1723 1720
f 1646 1656 1669
f 1668 1646 1669
f 1720 1723 1741
f 59 64 63
f 59 63 77
f 64 59 134
f 59 77 134
f 64 82 63
f 63 69 77
f 82 69 63
f 82 64 134
f 82 77 69
f 83 77 82
f 243 77 83
f 77 87 134
f 87 77 192
f 192 77 243
f 83 82 134
f 134 136 83
f 136 243 83
f 87 260 134
f 152 87 192
f 152 260 87
f 134 199 136
f 134 287 199
f 260 375 134
f 297 287 134
f 134 375 297
f 199 157 136
f 136 157 243
f 260 152 192
f 199 187 157
f 157 187 243
f 471 187 199
f 471 243 187
f 260 192 231
f 192 308 231
f 192 243 247
f 192 247 268
f 268 308 192
f 287 298 199
f 298 371 199
f 199 371 431
f 199 431 463
f 199 463 492
f 199 540 471
f 199 492 505
f 199 505 540
f 260 231 471
f 231 308 471
f 471 247 243
f 292 268 247
f 292 247 471
f 375 260 452
f 471 452 260
f 292 369 268
f 268 391 308
f 268 369 391
f 298 287 297
f 355 369 292
f 355 292 471
f 298 297 375
f 371 298 375
f 308 449 351
f 471 308 351
f 308 391 437
f 308 437 449
f 471 351 376
f 376 351 477
f 449 486 351
f 351 486 477
f 471 369 355
f 471 391 369
f 371 375 452
f 431 371 460
f 460 371 452
f 471 376 679
f 376 477 679
f 679 437 391
f 679 391 471
f 431 460 505
f 431 492 463
f 431 505 492
f 679 449 437
f 679 486 449
f 471 460 452
f 471 547 460
f 547 505 460
f 471 540 580
f 471 580 547
f 486 506 477
f 477 506 679
f 679 506 486
f 547 540 505
f 580 540 547
f 1437 1459 1455
f 1455 1562 1437
f 1437 1495 1459
f 1437 1562 1495
f 1455 1459 1588
f 1588 1562 1455
f 1461 1671 1459
f 1461 1459 1690
f 1459 1495 1559
f 1459 1559 1564
f 1459 1564 1690
f 1459 1671 1588
f 1461 1509 1671
f 1509 1461 1690
f 1534 1495 1514
f 1495 1562 1514
f 1559 1495 1534
f 1502 1513 1506
f 1690 1502 1506
f 1502 1543 1513
f 1690 1543 1502
f 1509 1506 1671
f 1690 1506 1509
f 1513 1714 1506
f 1506 1714 1671
f 1513 1543 1531
f 1531 1714 1513
f 1534 1514 1592
f 1562 1592 1514
f 1690 1519 1523
f 1519 1702 1523
f 1537 1524 1519
f 1519 1524 1702
f 1537 1519 1690
f 1523 1543 1690
f 1523 1735 1543
f 1702 1703 1523
f 1703 1704 1523
f 1523 1704 1735
f 1524 1537 1539
f 1524 1539 1696
f 1702 1524 1696
f 1543 1735 1531
f 1735 1714 1531
f 1534 1592 1559
f 1537 1603 1539
f 1690 1603 1537
f 1539 1603 1573
f 1695 1539 1573
f 1696 1539 1695
f 1592 1564 1559
f 1588 1598 1562
f 1598 1592 1562
f 1564 1592 1615
f 1564 1615 1672
f 1564 1672 1690
f 1573 1603 1634
f 1634 1695 1573
f 1588 1606 1598
f 1588 1671 1606
f 1592 1598 1631
f 1592 1815 1615
f 1592 1631 1752
f 1592 1752 1795
f 1822 1592 1795
f 1592 1822 1815
f 1606 1631 1598
f 1603 1693 1634
f 1690 1693 1603
f 1674 1631 1606
f 1606 1671 1674
f 1672 1615 1815
f 1752 1631 1674
f 1634 1693 1695
f 1671 1716 1674
f 1714 1820 1671
f 1671 1729 1716
f 1833 1729 1671
f 1820 1833 1671
f 1672 1757 1690
f 1672 1766 1757
f 1766 1672 1815
f 1716 1752 1674
f 1702 1693 1690
f 1703 1702 1690
f 1704 1703 1690
f 1690 1788 1704
f 1690 1757 1892
f 1794 1788 1690
f 1802 1794 1690
f 1820 1802 1690
f 1833 1820 1690
f 1892 1833 1690
f 1696 1695 1693
f 1702 1696 1693
f 1704 1776 1735
f 1704 1788 1776
f 1735 1776 1714
f 1714 1776 1794
f 1714 1794 1802
f 1714 1802 1820
f 1729 1752 1716
f 1892 1752 1729
f 1833 1816 1729
f 1892 1729 1816
f 1892 1795 1752
f 1892 1757 1766
f 1836 1766 1815
f 1892 1766 1836
f 1794 1776 1788
f 1836 1822 1795
f 1836 1795 1862
f 1892 1862 1795
f 1836 1815 1822
f 1842 1816 1833
f 1842 1878 1816
f 1892 1816 1878
f 1892 1842 1833
f 1892 1836 1862
f 1892 1878 1842
f 2241 2254 2256
f 2254 2241 2339
f 2339 2241 2256
f 2256 2254 2389
f 2331 2254 2339
f 2254 2331 2389
f 2339 2256 2389
f 2560 2331 2339
f 2331 2393 2389
f 2393 2331 2560
f 2339 2389 2402
f 2610 2339 2402
f 2339 2420 2469
f 2481 2420 2339
f 2560 2339 2469
f 2610 2481 2339
f 2393 2514 2389
f 2389 2514 2402
f 2495 2400 2393
f 2393 2400 2514
f 2495 2393 2567
f 2562 2393 2560
f 2567 2393 2562
f 2495 2514 2400
f 2402 2514 2582
f 2402 2582 2526
f 2526 2610 2402
f 2420 2481 2469
f 2481 2669 2469
f 2469 2669 2560
f 2610 2639 2481
f 2639 2669 2481
f 2495 2559 2514
f 2495 2567 2553
f 2495 2553 2720
f 2495 2579 2559
f 2495 2798 2579
f 2495 2720 2722
f 2495 2722 2798
f 2514 2559 2666
f 2514 2666 2582
f 2719 2526 2582
f 2526 2639 2610
f 2719 2639 2526
f 2553 2567 2720
f 2579 2685 2559
f 2666 2559 2685
f 2560 2669 2562
f 2567 2562 2720
f 2562 2669 2720
f 2579 2798 2685
f 2920 2582 2666
f 2719 2582 2920
f 2669 2639 2719
f 2705 2666 2685
f 2705 2920 2666
f 2920 2669 2719
f 2669 2798 2720
f 2669 2879 2798
f 2669 3005 2879
f 2669 2920 2957
f 2669 2957 3002
f 2669 3002 3005
f 2705 2685 2784
f 2784 2685 2745
f 2798 2745 2685
f 2732 2728 2705
f 2728 2920 2705
f 2732 2705 2874
f 2705 2784 2874
f 2720 2798 2722
f 2957 2728 2732
f 2957 2920 2728
f 2854 2752 2732
f 2957 2732 2752
f 2854 2732 2874
f 3110 2784 2745
f 2798 2879 2745
f 2879 3029 2745
f 2745 3029 3059
f 3059 3110 2745
f 2854 3058 2752
f 3002 2957 2752
f 3006 3002 2752
f 3006 2752 3058
f 2874 2784 2785
f 2785 2784 3110
f 2785 3119 2874
f 3110 3119 2785
f 2883 2854 2874
f 3119 2854 2883
f 3076 3058 2854
f 3116 3076 2854
f 3116 2854 3119
f 3119 2883 2874
f 2879 3005 3059
f 2879 3059 3029
f 3002 3004 3005
f 3004 3002 3006
f 3005 3004 3006
f 3005 3006 3058
f 3005 3058 3076
f 3005 3116 3059
f 3005 3076 3116
f 3059 3119 3110
f 3059 3116 3119
f 501 412 579
f 633 412 501
f 529 554 412
f 583 529 412
f 555 412 554
f 579 412 555
f 637 583 412
f 412 633 634
f 412 634 637
f 630 501 579
f 640 501 630
f 640 633 501
f 554 529 633
f 634 529 583
f 633 529 634
f 555 554 640
f 640 554 633
f 630 579 555
f 555 640 630
f 583 637 634
f 2594 2598 2589
f 2594 2589 2686
f 2589 2598 2859
f 2686 2589 2859
f 2594 2672 2598
f 2672 2594 2686
f 2616 2598 2674
f 2598 2616 2859
f 2598 2672 2674
f 2616 2771 2661
f 2880 2616 2661
f 2616 2674 2771
f 2859 2616 2877
f 2880 2877 2616
f 2771 2662 2661
f 2662 2880 2661
f 2662 2714 2691
f 3007 2662 2691
f 2771 2714 2662
f 2880 2662 2974
f 2974 2662 3007
f 2672 2686 2674
f 2674 2686 2738
f 2738 2771 2674
f 2738 2686 2744
f 2686 2937 2744
f 2686 2859 2831
f 2831 2860 2686
f 2860 2937 2686
f 2691 2714 3057
f 3057 3007 2691
f 2771 2773 2714
f 2714 2773 3057
f 2738 2744 2772
f 2738 2772 2771
f 2744 3086 2772
f 2744 2937 2996
f 3010 2744 2996
f 3010 3060 2744
f 2744 3060 3086
f 2772 2896 2771
f 2771 2817 2773
f 2771 2871 2817
f 2904 2871 2771
f 2896 2916 2771
f 2916 2904 2771
f 2896 2772 3086
f 3057 2773 2817
f 2817 2871 2868
f 2868 3077 2817
f 3057 2817 3077
f 2831 2859 3003
f 2860 2831 3003
f 3003 2859 2877
f 2860 2910 2937
f 2910 2860 3003
f 2871 3147 2868
f 2868 3114 3077
f 3142 3114 2868
f 3146 3142 2868
f 2868 3147 3146
f 2904 3147 2871
f 3003 2877 2880
f 3003 2880 2974
f 3106 2916 2896
f 2896 3086 3106
f 2916 2919 2904
f 3155 2904 2919
f 3155 3147 2904
f 2937 2910 3003
f 2916 3106 2919
f 3106 3107 2919
f 3107 3123 2919
f 3123 3155 2919
f 2996 2937 3003
f 3003 2974 3057
f 3057 2974 3007
f 2996 3003 3060
f 3010 2996 3060
f 3003 3057 3077
f 3060 3003 3086
f 3003 3077 3096
f 3114 3086 3003
f 3114 3003 3096
f 3114 3096 3077
f 3106 3086 3114
f 3107 3106 3114
f 3114 3142 3107
f 3123 3107 3146
f 3107 3142 3146
f 3147 3123 3146
f 3147 3155 3123
f 1036 983 1107
f 1141 983 1036
f 1118 1107 983
f 1141 1118 983
f 1171 1036 1107
f 1036 1171 1141
f 1118 1176 1107
f 1171 1107 1210
f 1107 1176 1210
f 1141 1150 1118
f 1150 1172 1118
f 1172 1176 1118
f 1141 1171 1150
f 1150 1171 1191
f 1150 1175 1172
f 1191 1175 1150
f 1171 1215 1191
f 1171 1210 1215
f 1176 1172 1175
f 1197 1176 1175
f 1278 1175 1191
f 1197 1175 1278
f 1176 1197 1210
f 1215 1277 1191
f 1279 1191 1277
f 1279 1278 1191
f 1197 1207 1210
f 1251 1207 1197
f 1345 1251 1197
f 1197 1278 1310
f 1345 1197 1310
f 1210 1207 1251
f 1215 1210 1251
f 1277 1215 1251
f 1345 1277 1251
f 1277 1345 1279
f 1278 1279 1310
f 1279 1363 1310
f 1363 1279 1345
f 1363 1345 1310
f 2247 2255 2304
f 2247 2318 2255
f 2259 2247 2304
f 2259 2318 2247
f 2263 2255 2282
f 2255 2263 2304
f 2255 2318 2282
f 2259 2294 2318
f 2456 2294 2259
f 2456 2259 2304
f 2282 2713 2263
f 2263 2650 2304
f 2263 2651 2650
f 2263 2713 2651
f 2318 2319 2282
f 2319 2713 2282
f 2294 2451 2318
f 2294 2369 2451
f 2456 2369 2294
f 2304 2404 2439
f 2304 2525 2404
f 2304 2439 2450
f 2304 2450 2475
f 2304 2475 2456
f 2304 2540 2525
f 2540 2304 2592
f 2592 2304 2626
f 2626 2304 2650
f 2318 2508 2319
f 2451 2463 2318
f 2463 2536 2318
f 2318 2536 2508
f 2343 2319 2501
f 2343 2713 2319
f 2319 2508 2501
f 2383 2343 2501
f 2383 2713 2343
f 2370 2371 2369
f 2456 2370 2369
f 2451 2369 2371
f 2370 2699 2371
f 2456 2699 2370
f 2371 2699 2451
f 2383 2497 2411
f 2383 2411 2810
f 2497 2383 2487
f 2383 2501 2487
f 2383 2721 2713
f 2383 2797 2721
f 2383 2810 2797
f 2439 2404 2525
f 2427 2411 2516
f 2411 2427 2810
f 2504 2411 2497
f 2516 2411 2504
f 2427 2548 2443
f 2427 2443 2810
f 2427 2516 2548
f 2437 2486 2512
f 2686 2486 2437
f 2437 2512 2686
f 2450 2439 2627
f 2439 2525 2540
f 2627 2439 2540
f 2443 2548 2460
f 2866 2443 2460
f 2851 2810 2443
f 2867 2851 2443
f 2866 2867 2443
f 2475 2450 2701
f 2450 2627 2701
f 2451 2699 2463
f 2456 2475 2511
f 2456 2511 2535
f 2456 2535 2568
f 2456 2568 2623
f 2456 2623 2701
f 2456 2701 2699
f 2460 2597 2467
f 2866 2460 2467
f 2548 2597 2460
f 2536 2463 2699
f 2467 2600 2466
f 2861 2467 2466
f 2466 2599 2485
f 2857 2466 2485
f 2600 2599 2466
f 2861 2466 2857
f 2597 2600 2467
f 2861 2866 2467
f 2484 2556 2472
f 2484 2472 2865
f 2472 2556 2488
f 2488 2686 2472
f 2472 2686 2815
f 2472 2815 2865
f 2511 2475 2623
f 2623 2475 2701
f 2484 2494 2577
f 2494 2484 2865
f 2556 2484 2580
f 2484 2577 2580
f 2485 2602 2506
f 2864 2485 2506
f 2485 2599 2602
f 2864 2857 2485
f 2488 2556 2486
f 2686 2488 2486
f 2512 2486 2556
f 2487 2828 2497
f 2501 2789 2487
f 2788 2783 2487
f 2807 2487 2783
f 2487 2789 2788
f 2807 2828 2487
f 2494 2513 2591
f 2869 2513 2494
f 2494 2591 2577
f 2869 2494 2865
f 2828 2504 2497
f 2501 2508 2699
f 2699 2789 2501
f 2862 2516 2504
f 2862 2504 2828
f 2506 2603 2507
f 2864 2506 2507
f 2506 2602 2603
f 2507 2604 2513
f 2507 2513 2863
f 2507 2603 2604
f 2864 2507 2863
f 2508 2536 2699
f 2535 2511 2568
f 2568 2511 2623
f 2556 2573 2512
f 2512 2573 2686
f 2513 2601 2591
f 2513 2604 2601
f 2863 2513 2869
f 2516 2881 2548
f 2881 2516 2862
f 2540 2592 2627
f 2548 2881 2597
f 2556 2583 2573
f 2580 2583 2556
f 2573 2583 2584
f 2573 2584 2686
f 2580 2577 2686
f 2577 2591 2850
f 2686 2577 2841
f 2850 2841 2577
f 2583 2580 2686
f 2584 2583 2686
f 2887 2591 2601
f 2850 2591 2886
f 2886 2591 2887
f 2626 2627 2592
f 2895 2600 2597
f 2881 2895 2597
f 2600 2893 2599
f 2891 2602 2599
f 2893 2891 2599
f 2895 2893 2600
f 2601 2604 2887
f 2889 2603 2602
f 2891 2889 2602
f 2887 2604 2603
f 2887 2603 2889
f 2626 2651 2627
f 2626 2650 2651
f 2627 2651 2713
f 2701 2627 2716
f 2627 2713 2721
f 2716 2627 2788
f 2627 2721 2783
f 2627 2783 2788
f 2686 2841 2815
f 2699 2701 2716
f 2699 2716 2763
f 2763 2789 2699
f 2716 2789 2763
f 2716 2788 2789
f 2797 2766 2721
f 2721 2766 2807
f 2807 2783 2721
f 2807 2766 2797
f 2807 2797 2828
f 2797 2810 2828
f 2828 2810 2862
f 2862 2810 2851
f 2850 2815 2841
f 2865 2815 2850
f 2850 2886 2865
f 2881 2862 2851
f 2851 2867 2881
f 2861 2857 2893
f 2857 2864 2891
f 2893 2857 2891
f 2866 2861 2895
f 2893 2895 2861
f 2889 2864 2863
f 2887 2863 2869
f 2889 2863 2887
f 2891 2864 2889
f 2869 2865 2886
f 2867 2866 2892
f 2895 2892 2866
f 2881 2867 2892
f 2886 2887 2869
f 2895 2881 2892
f 2332 2375 2346
f 2671 2332 2346
f 2386 2375 2332
f 2712 2386 2332
f 2648 2332 2659
f 2680 2332 2648
f 2659 2332 2671
f 2689 2332 2680
f 2696 2332 2689
f 2704 2332 2696
f 2704 2712 2332
f 2737 2346 2375
f 2671 2346 2737
f 2375 2386 2430
f 2375 2430 2686
f 2737 2375 2686
f 2686 2430 2386
f 2686 2386 2712
f 2698 2648 2659
f 2698 2680 2648
f 2671 2737 2659
f 2737 2698 2659
f 2698 2689 2680
f 2686 2712 2781
f 2686 2743 2737
f 2686 2813 2743
f 2781 2818 2686
f 2686 2831 2813
f 2818 2860 2686
f 2686 2860 2831
f 2689 2698 2696
f 2696 2698 2704
f 2704 2698 2743
f 2743 2698 2737
f 2743 2712 2704
f 2813 2712 2743
f 2813 2781 2712
f 2818 2781 2813
f 2818 2813 2831
f 2831 2860 2818
f 416 413 424
f 413 416 723
f 641 424 413
f 413 645 621
f 685 413 621
f 685 641 413
f 413 723 645
f 596 416 424
f 425 416 596
f 425 723 416
f 533 424 429
f 641 429 424
f 424 533 596
f 425 596 723
f 493 533 429
f 493 429 641
f 493 641 533
f 533 799 596
f 533 641 638
f 533 638 799
f 723 596 628
f 596 799 628
f 645 839 621
f 621 839 685
f 631 628 672
f 723 628 631
f 628 799 672
f 879 631 672
f 723 631 789
f 792 789 631
f 839 792 631
f 879 839 631
f 641 799 638
f 685 740 641
f 740 745 641
f 641 745 829
f 799 641 802
f 641 978 802
f 978 641 829
f 723 792 645
f 792 839 645
f 780 672 802
f 672 780 978
f 672 799 802
f 955 879 672
f 955 672 978
f 685 839 740
f 723 789 792
f 829 745 740
f 740 839 829
f 871 780 802
f 978 780 871
f 871 802 907
f 907 802 978
f 829 839 879
f 960 829 879
f 978 829 960
f 978 871 907
f 955 977 879
f 960 879 1010
f 1010 879 977
f 978 977 955
f 960 1010 978
f 978 1039 977
f 977 1039 1010
f 1010 1039 978
f 1652 1721 1725
f 1730 1721 1652
f 1652 1725 1730
f 1721 1827 1725
f 1730 1827 1721
f 1725 1907 1730
f 1907 1725 1827
f 1730 1783 1799
f 1730 1937 1783
f 1730 1799 1827
f 1730 1824 1828
f 1997 1824 1730
f 1730 1828 1908
f 1730 1900 1870
f 1870 1915 1730
f 1730 1908 1900
f 1730 1907 2217
f 1915 1937 1730
f 1730 2045 1997
f 2217 2045 1730
f 1799 1783 1856
f 1937 1856 1783
f 1907 1827 1799
f 1799 1856 1903
f 1799 1903 2157
f 1907 1799 2085
f 1799 2157 2085
f 1828 1824 1830
f 1824 1997 1830
f 1908 1828 1830
f 1908 1830 1997
f 1903 1856 2128
f 1937 1989 1856
f 1856 1989 2128
f 1870 1900 1915
f 1900 1908 1997
f 1900 2121 1915
f 1900 1997 2121
f 1903 2128 1917
f 1903 1917 2157
f 2217 1907 2085
f 1937 1915 1989
f 1915 2121 1989
f 2128 2126 1917
f 1917 2126 2157
f 1989 2121 2288
f 2128 1989 2187
f 1989 2288 2187
f 1997 2045 2121
f 2045 2125 2121
f 2217 2125 2045
f 2085 2157 2111
f 2085 2111 2217
f 2111 2157 2163
f 2217 2111 2163
f 2121 2125 2149
f 2121 2149 2288
f 2217 2149 2125
f 2158 2126 2128
f 2126 2158 2157
f 2187 2158 2128
f 2217 2215 2149
f 2288 2149 2215
f 2158 2249 2157
f 2163 2157 2213
f 2213 2157 2244
f 2244 2157 2308
f 2249 2287 2157
f 2308 2157 2287
f 2270 2158 2187
f 2403 2249 2158
f 2270 2403 2158
f 2217 2163 2213
f 2187 2288 2270
f 2217 2213 2244
f 2322 2215 2217
f 2288 2215 2322
f 2217 2244 2403
f 2326 2322 2217
f 2217 2414 2326
f 2403 2414 2217
f 2403 2244 2308
f 2403 2287 2249
f 2270 2288 2274
f 2270 2274 2315
f 2270 2315 2327
f 2270 2327 2353
f 2270 2353 2403
f 2274 2288 2315
f 2403 2308 2287
f 2288 2327 2315
f 2288 2322 2326
f 2288 2326 2414
f 2288 2353 2327
f 2353 2288 2447
f 2288 2414 2447
f 2403 2353 2509
f 2353 2447 2509
f 2403 2447 2414
f 2403 2509 2447
f 1795 1752 1857
f 1892 1752 1795
f 1892 1857 1752
f 1862 1795 1857
f 1892 1795 1862
f 1862 1857 1873
f 1873 1857 1879
f 1879 1857 1890
f 1892 1890 1857
f 1892 1862 1873
f 1873 1879 1892
f 1879 1890 1901
f 1879 1901 1892
f 1892 1901 1890
f 1119 1124 1130
f 1119 1258 1124
f 1130 1199 1119
f 1119 1199 1258
f 1126 1192 1124
f 1124 1258 1126
f 1130 1124 1192
f 1133 1192 1126
f 1258 1133 1126
f 1130 1192 1136
f 1130 1136 1199
f 1146 1192 1133
f 1133 1287 1146
f 1287 1133 1258
f 1136 1192 1138
f 1136 1138 1199
f 1138 1192 1153
f 1138 1153 1199
f 1157 1192 1146
f 1146 1281 1157
f 1146 1287 1281
f 1153 1192 1154
f 1154 1603 1153
f 1199 1153 1573
f 1573 1153 1603
f 1192 1224 1154
f 1154 1224 1560
f 1560 1603 1154
f 1164 1192 1157
f 1157 1281 1164
f 1164 1195 1192
f 1164 1281 1195
f 1195 1350 1192
f 1192 1226 1224
f 1226 1192 1280
f 1192 1262 1265
f 1192 1332 1262
f 1192 1265 1270
f 1192 1270 1367
f 1192 1367 1280
f 1192 1369 1332
f 1192 1350 1386
f 1192 1423 1369
f 1192 1386 1415
f 1192 1415 1423
f 1195 1281 1321
f 1195 1321 1350
f 1258 1199 1539
f 1539 1199 1573
f 1224 1226 1566
f 1560 1224 1566
f 1226 1280 1512
f 1566 1226 1512
f 1258 1519 1287
f 1258 1524 1519
f 1258 1537 1524
f 1537 1258 1539
f 1265 1262 1263
f 1262 1332 1263
f 1263 1545 1265
f 1263 1332 1545
f 1265 1595 1270
f 1265 1545 1623
f 1623 1595 1265
f 1367 1270 1273
f 1270 1583 1273
f 1595 1583 1270
f 1273 1557 1367
f 1273 1583 1557
f 1367 1352 1280
f 1518 1280 1352
f 1512 1280 1518
f 1287 1513 1281
f 1281 1350 1321
f 1350 1281 1386
f 1281 1502 1386
f 1281 1513 1502
f 1287 1531 1513
f 1519 1523 1287
f 1523 1543 1287
f 1543 1531 1287
f 1332 1369 1545
f 1381 1352 1367
f 1352 1381 1373
f 1518 1352 1373
f 1367 1525 1381
f 1557 1525 1367
f 1369 1495 1387
f 1369 1387 1545
f 1369 1423 1495
f 1373 1381 1390
f 1551 1373 1390
f 1518 1373 1551
f 1381 1487 1390
f 1381 1525 1487
f 1386 1506 1415
f 1386 1502 1506
f 1387 1495 1484
f 1387 1484 1534
f 1387 1534 1545
f 1551 1390 1487
f 1415 1461 1423
f 1415 1506 1461
f 1423 1459 1437
f 1423 1437 1495
f 1461 1459 1423
f 1495 1437 1459
f 1690 1459 1461
f 1559 1495 1459
f 1564 1559 1459
f 1690 1564 1459
f 1461 1506 1509
f 1690 1461 1509
f 1495 1514 1484
f 1534 1484 1514
f 1525 1540 1487
f 1551 1487 1540
f 1534 1514 1495
f 1559 1534 1495
f 1690 1506 1502
f 1543 1502 1513
f 1690 1502 1543
f 1690 1509 1506
f 1525 1512 1518
f 1690 1512 1525
f 1690 1566 1512
f 1531 1543 1513
f 1525 1518 1551
f 1690 1523 1519
f 1537 1519 1524
f 1690 1519 1537
f 1690 1543 1523
f 1525 1551 1540
f 1557 1583 1525
f 1583 1690 1525
f 1534 1559 1545
f 1603 1537 1539
f 1690 1537 1603
f 1573 1603 1539
f 1559 1564 1545
f 1564 1615 1545
f 1672 1545 1615
f 1623 1545 1705
f 1545 1672 1757
f 1545 1757 1705
f 1560 1566 1690
f 1690 1603 1560
f 1564 1672 1615
f 1690 1672 1564
f 1595 1690 1583
f 1595 1623 1690
f 1623 1705 1690
f 1690 1757 1672
f 1705 1757 1690
f 1088 1122 1131
f 1144 1122 1088
f 1088 1131 1198
f 1236 1144 1088
f 1166 1200 1088
f 1088 1241 1166
f 1253 1088 1198
f 1200 1260 1088
f 1260 1236 1088
f 1088 1274 1241
f 1526 1088 1253
f 1274 1088 1342
f 1342 1088 1526
f 1131 1122 1144
f 1131 1144 1198
f 1144 1236 1198
f 1200 1166 1241
f 1236 1253 1198
f 1200 1241 1260
f 1259 1253 1236
f 1260 1259 1236
f 1241 1274 1260
f 1253 1259 1362
f 1436 1253 1362
f 1526 1253 1436
f 1260 1358 1259
f 1259 1358 1362
f 1260 1274 1342
f 1260 1342 1358
f 1424 1358 1342
f 1424 1342 1439
f 1439 1342 1526
f 1358 1406 1362
f 1424 1406 1358
f 1362 1406 1568
f 1436 1362 1549
f 1549 1362 1568
f 1501 1406 1424
f 1568 1406 1501
f 1532 1424 1439
f 1424 1532 1501
f 1436 1530 1526
f 1436 1549 1530
f 1468 1439 1526
f 1439 1468 1626
f 1626 1532 1439
f 1468 1526 1591
f 1626 1468 1591
f 1743 1501 1532
f 1568 1501 1648
f 1501 1689 1648
f 1743 1689 1501
f 1526 1530 1549
f 1526 1549 1568
f 1526 1568 1648
f 1626 1591 1526
f 1645 1626 1526
f 1526 1651 1645
f 1526 1648 1743
f 1526 1677 1651
f 1743 1677 1526
f 1541 1532 1626
f 1743 1532 1541
f 1645 1541 1626
f 1541 1645 1637
f 1743 1541 1637
f 1637 1645 1651
f 1677 1637 1651
f 1772 1637 1677
f 1743 1637 1772
f 1648 1689 1691
f 1648 1691 1743
f 1772 1677 1743
f 1689 1701 1691
f 1743 1701 1689
f 1691 1701 1743
f 1801 1814 1808
f 1971 1801 1808
f 1812 1814 1801
f 1812 1801 2334
f 1860 1801 1971
f 1801 1860 2334
f 1971 1808 1814
f 1814 1812 1884
f 1812 1837 1884
f 1837 1812 1983
f 1983 1812 2082
f 2082 1812 2312
f 1812 2334 2312
f 1931 1814 1884
f 1931 2196 1814
f 2352 1971 1814
f 2196 2352 1814
f 1837 1931 1884
f 1983 1931 1837
f 1860 2031 1916
f 1916 2334 1860
f 2364 1860 1971
f 2364 2031 1860
f 2031 2122 1916
f 1916 2122 2334
f 2082 1931 1983
f 2196 1931 2082
f 2278 2169 1971
f 2169 2364 1971
f 2554 2278 1971
f 2352 2554 1971
f 1996 1995 1998
f 2009 1995 1996
f 1995 2005 1998
f 1995 2009 2005
f 2304 1996 1998
f 2009 1996 2304
f 1998 2005 2151
f 2067 1998 2151
f 2304 1998 2067
f 2009 2138 2005
f 2005 2118 2129
f 2005 2138 2118
f 2005 2129 2148
f 2005 2148 2219
f 2005 2219 2151
f 2009 2147 2138
f 2147 2009 2304
f 2064 2122 2031
f 2364 2064 2031
f 2063 2059 2122
f 2364 2059 2063
f 2067 2151 2059
f 2364 2067 2059
f 2059 2151 2122
f 2064 2063 2122
f 2364 2063 2064
f 2304 2067 2364
f 2082 2312 2196
f 2304 2129 2118
f 2304 2118 2138
f 2151 2334 2122
f 2148 2129 2304
f 2304 2138 2147
f 2304 2219 2148
f 2280 2151 2219
f 2334 2151 2280
f 2169 2278 2364
f 2352 2196 2312
f 2304 2280 2219
f 2278 2297 2364
f 2297 2278 2554
f 2304 2314 2280
f 2334 2280 2314
f 2297 2333 2364
f 2379 2333 2297
f 2379 2297 2836
f 2297 2554 2786
f 2297 2786 2836
f 2655 2314 2304
f 2364 2406 2304
f 2304 2415 2404
f 2304 2404 2525
f 2406 2418 2304
f 2304 2418 2415
f 2304 2525 2540
f 2304 2540 2544
f 2304 2544 2655
f 2334 2345 2312
f 2352 2312 2345
f 2334 2314 2363
f 2363 2314 2655
f 2364 2333 2379
f 2334 2365 2345
f 2334 2363 2365
f 2352 2345 2365
f 2352 2365 2655
f 2541 2554 2352
f 2541 2352 2655
f 2365 2363 2655
f 2364 2379 2476
f 2364 2470 2406
f 2364 2523 2470
f 2364 2476 2490
f 2490 2533 2364
f 2524 2523 2364
f 2552 2524 2364
f 2533 2566 2364
f 2538 2552 2364
f 2364 2555 2538
f 2364 2566 2555
f 2574 2476 2379
f 2574 2379 2836
f 2404 2415 2534
f 2525 2404 2534
f 2406 2461 2418
f 2406 2470 2461
f 2415 2418 2534
f 2418 2461 2534
f 2470 2606 2461
f 2461 2606 2534
f 2470 2523 2606
f 2476 2574 2490
f 2490 2574 2533
f 2524 2606 2523
f 2552 2749 2524
f 2524 2749 2606
f 2525 2534 2540
f 2566 2533 2707
f 2533 2574 2707
f 2540 2534 2544
f 2614 2544 2534
f 2606 2614 2534
f 2538 2749 2552
f 2555 2749 2538
f 2655 2554 2541
f 2544 2614 2655
f 2655 2786 2554
f 2566 2707 2555
f 2555 2707 2749
f 2574 2936 2707
f 2574 2836 2936
f 2606 2634 2614
f 2683 2634 2606
f 2749 2683 2606
f 2614 2634 2655
f 2634 2683 2655
f 2655 2683 2734
f 2655 2734 2760
f 2655 2760 2770
f 2655 2770 2849
f 2655 2970 2786
f 2655 2849 2970
f 2749 2734 2683
f 2707 2856 2749
f 2707 2956 2856
f 2707 2936 2956
f 2749 2856 2734
f 2734 2856 2760
f 2760 2849 2770
f 2856 2849 2760
f 2786 2837 2836
f 2842 2837 2786
f 2842 2786 2941
f 2786 2945 2941
f 2786 2970 2945
f 2836 2837 2842
f 2836 2842 2941
f 2836 2941 2936
f 2856 2926 2849
f 2970 2849 2926
f 2953 2926 2856
f 2956 2953 2856
f 2970 2926 2953
f 2936 2941 2947
f 2936 2947 2945
f 2936 2945 2970
f 2936 2972 2956
f 2936 2970 2972
f 2941 2945 2947
f 2956 2972 2953
f 2953 2972 2970
f 1549 1530 1526
f 1526 1530 1630
f 1526 1568 1549
f 1568 1526 1648
f 1526 1591 1626
f 1526 1663 1591
f 1526 1626 1645
f 1526 1630 1724
f 1526 1645 1651
f 1526 1743 1648
f 1526 1651 1677
f 1526 1789 1663
f 1526 1677 1743
f 1526 1724 1737
f 1737 1897 1526
f 2043 1789 1526
f 1897 2043 1526
f 1530 1549 1630
f 1549 1568 1630
f 1568 1700 1630
f 1568 1648 1700
f 1591 1663 1626
f 1645 1626 1655
f 1626 1663 1655
f 1700 1724 1630
f 1645 1655 1651
f 1648 1691 1700
f 1648 1743 1691
f 1677 1651 1655
f 1655 1663 1789
f 1677 1655 1839
f 1655 1789 1958
f 1839 1655 1859
f 1859 1655 1958
f 1743 1677 1772
f 1772 1677 1839
f 1691 1701 1700
f 1691 1743 1701
f 1701 1742 1700
f 1724 1700 1737
f 1737 1700 1897
f 1700 1742 1875
f 1700 1875 1948
f 1700 1948 1897
f 1701 1875 1742
f 1743 1875 1701
f 1772 1839 1743
f 1839 1859 1743
f 1743 1859 1958
f 1875 1743 1938
f 1953 1938 1743
f 1961 1953 1743
f 1743 1958 1965
f 1975 1961 1743
f 1743 1965 2043
f 2008 1975 1743
f 2008 1743 2043
f 1789 1965 1958
f 2043 1965 1789
f 1875 1938 1948
f 1897 1948 1992
f 1992 2043 1897
f 1938 1953 1948
f 1948 1953 1961
f 1948 1961 1975
f 1948 1975 2033
f 1992 1948 2033
f 2033 1975 2008
f 2043 1992 2033
f 2008 2084 2033
f 2084 2008 2043
f 2043 2033 2084
f 2430 2435 2441
f 2686 2435 2430
f 2686 2430 2441
f 2435 2438 2519
f 2686 2438 2435
f 2519 2441 2435
f 2437 2512 2438
f 2686 2437 2438
f 2686 2512 2437
f 2512 2573 2438
f 2519 2438 2573
f 2686 2441 2519
f 2686 2573 2512
f 2573 2575 2519
f 2519 2575 2686
f 2573 2584 2575
f 2686 2584 2573
f 2575 2584 2686
f 1743 1839 1772
f 1743 1772 1942
f 1743 1859 1839
f 1958 1859 1743
f 1913 1875 1743
f 1743 1875 1938
f 1743 1984 1913
f 1743 1938 1953
f 1743 1942 1960
f 1743 1953 1961
f 1965 1958 1743
f 1743 1960 2195
f 1743 1961 1975
f 1965 1743 2043
f 1743 1975 2008
f 2195 1984 1743
f 1743 2008 2043
f 1942 1772 1839
f 1964 1839 1859
f 1942 1839 1964
f 1964 1859 1958
f 1875 1913 1938
f 1938 1913 1984
f 1938 1984 1953
f 1942 1964 1960
f 1961 1953 1984
f 1964 1958 1973
f 1958 1965 1973
f 1966 1960 1964
f 1960 1966 2195
f 1961 2141 1975
f 1961 1984 2055
f 1961 2055 2141
f 2081 1966 1964
f 1964 1973 2014
f 1964 2014 2040
f 1964 2040 2081
f 2195 1973 1965
f 2195 1965 2043
f 2086 1966 2081
f 2195 1966 2086
f 2195 2014 1973
f 1975 2115 2008
f 1975 2141 2115
f 2195 2055 1984
f 2008 2084 2043
f 2008 2115 2084
f 2195 2040 2014
f 2195 2081 2040
f 2043 2084 2115
f 2043 2115 2132
f 2043 2132 2179
f 2043 2179 2188
f 2043 2188 2220
f 2043 2228 2195
f 2043 2220 2228
f 2195 2141 2055
f 2195 2086 2081
f 2115 2141 2132
f 2132 2141 2179
f 2179 2141 2175
f 2195 2175 2141
f 2188 2179 2175
f 2188 2175 2180
f 2195 2180 2175
f 2180 2220 2188
f 2195 2208 2180
f 2180 2208 2220
f 2195 2228 2208
f 2228 2220 2208
f 1917 2110 2126
f 1917 2128 2110
f 2126 2128 1917
f 2110 2123 2126
f 2110 2128 2123
f 2126 2123 2158
f 2123 2128 2140
f 2123 2140 2464
f 2158 2123 2249
f 2123 2330 2249
f 2123 2356 2330
f 2123 2464 2356
f 2126 2158 2128
f 2140 2128 2165
f 2158 2187 2128
f 2128 2194 2165
f 2128 2187 2194
f 2140 2165 2232
f 2140 2232 2397
f 2140 2397 2464
f 2270 2187 2158
f 2249 2403 2158
f 2403 2270 2158
f 2232 2165 2194
f 2258 2194 2187
f 2187 2270 2258
f 2194 2258 2232
f 2232 2258 2455
f 2261 2397 2232
f 2261 2232 2617
f 2232 2455 2542
f 2617 2232 2542
f 2249 2330 2287
f 2249 2287 2403
f 2270 2274 2258
f 2258 2274 2455
f 2617 2397 2261
f 2274 2270 2315
f 2270 2327 2315
f 2353 2327 2270
f 2353 2270 2403
f 2702 2274 2315
f 2455 2274 2702
f 2335 2308 2287
f 2287 2308 2403
f 2335 2287 2330
f 2403 2308 2335
f 2315 2327 2717
f 2315 2717 2702
f 2327 2353 2586
f 2327 2586 2654
f 2327 2654 2717
f 2330 2337 2335
f 2330 2356 2337
f 2403 2335 2337
f 2403 2337 2356
f 2403 2509 2353
f 2353 2509 2546
f 2586 2353 2546
f 2356 2464 2403
f 2397 2436 2498
f 2436 2397 2751
f 2464 2397 2539
f 2397 2498 2539
f 2652 2397 2617
f 2397 2652 2675
f 2751 2397 2675
f 2464 2510 2403
f 2546 2509 2403
f 2748 2403 2510
f 2403 2586 2546
f 2403 2654 2586
f 2654 2403 2717
f 2748 2717 2403
f 2498 2436 2751
f 2542 2455 2702
f 2510 2464 2539
f 2653 2539 2498
f 2653 2498 2751
f 2539 2748 2510
f 2653 2643 2539
f 2539 2643 2748
f 2617 2542 2652
f 2542 2702 2652
f 2653 2673 2643
f 2748 2643 2673
f 2652 2702 2675
f 2673 2653 2934
f 2653 2751 2792
f 2653 2792 2846
f 2934 2653 2846
f 2762 2748 2673
f 2762 2673 2934
f 2846 2675 2702
f 2792 2751 2675
f 2846 2792 2675
f 2717 2748 2702
f 2748 2762 2702
f 2702 2762 2934
f 2702 2934 2846
f 519 457 455
f 537 455 457
f 537 464 455
f 652 455 464
f 455 652 519
f 537 457 519
f 537 480 464
f 480 652 464
f 469 496 467
f 469 467 598
f 467 496 520
f 467 520 598
f 537 469 480
f 598 480 469
f 537 496 469
f 598 652 480
f 509 520 496
f 496 623 509
f 537 623 496
f 509 518 514
f 509 514 520
f 509 623 518
f 514 518 520
f 520 518 623
f 537 519 824
f 781 564 519
f 824 519 564
f 519 652 781
f 598 520 890
f 520 623 1138
f 890 520 1138
f 537 742 623
f 824 742 537
f 781 706 564
f 824 564 706
f 598 800 652
f 598 919 800
f 598 890 919
f 660 622 655
f 894 655 622
f 896 622 660
f 889 622 868
f 868 622 896
f 889 894 622
f 1138 623 742
f 652 906 781
f 984 652 800
f 652 984 906
f 722 660 655
f 655 698 781
f 824 698 655
f 722 655 781
f 894 824 655
f 896 660 722
f 781 698 702
f 824 702 698
f 781 702 706
f 824 706 702
f 722 781 801
f 896 722 801
f 917 742 824
f 917 891 742
f 1138 742 891
f 801 781 841
f 841 781 932
f 906 1034 781
f 781 1006 932
f 781 1034 1006
f 800 919 1000
f 1000 984 800
f 841 896 801
f 894 962 824
f 943 917 824
f 943 824 930
f 930 824 987
f 824 962 1014
f 824 1007 987
f 1007 824 1014
f 841 934 896
f 841 932 1029
f 1029 934 841
f 868 934 889
f 868 896 934
f 894 889 1019
f 934 1019 889
f 919 890 1136
f 890 1138 1136
f 1352 891 917
f 1138 891 1153
f 1154 1153 891
f 1154 891 1226
f 1226 891 1280
f 1280 891 1352
f 962 894 1019
f 906 984 1021
f 906 1021 1031
f 906 1031 1034
f 950 917 943
f 982 917 950
f 917 982 1151
f 917 1151 1352
f 919 1119 1000
f 919 1130 1119
f 919 1136 1130
f 943 930 1008
f 930 987 1008
f 932 1006 957
f 1029 932 957
f 1053 1019 934
f 1029 1053 934
f 943 1008 950
f 1005 961 950
f 1092 950 961
f 982 950 1092
f 950 1008 1005
f 1006 993 957
f 1155 957 993
f 1053 1029 957
f 1053 957 1070
f 1070 957 1155
f 1005 1233 961
f 1092 961 1216
f 961 1233 1216
f 1014 962 1019
f 982 1092 1151
f 1000 1146 984
f 1021 984 1026
f 984 1037 1026
f 984 1078 1037
f 984 1086 1078
f 984 1157 1086
f 1146 1157 984
f 987 1007 1019
f 987 1019 1008
f 1006 1252 993
f 1155 993 1201
f 993 1203 1201
f 993 1252 1203
f 1119 1126 1000
f 1133 1000 1126
f 1000 1133 1146
f 1008 1233 1005
f 1034 1252 1006
f 1007 1014 1019
f 1008 1019 1174
f 1165 1008 1174
f 1233 1008 1165
f 1019 1053 1070
f 1019 1070 1155
f 1019 1155 1174
f 1021 1026 1192
f 1021 1252 1031
f 1192 1252 1021
f 1026 1037 1192
f 1031 1252 1034
f 1078 1192 1037
f 1086 1192 1078
f 1086 1157 1164
f 1164 1192 1086
f 1151 1092 1158
f 1158 1092 1216
f 1126 1119 1124
f 1124 1119 1130
f 1126 1124 1192
f 1124 1130 1192
f 1133 1126 1192
f 1130 1136 1192
f 1146 1133 1192
f 1192 1136 1138
f 1192 1138 1153
f 1157 1146 1192
f 1189 1151 1158
f 1266 1151 1189
f 1352 1151 1266
f 1153 1154 1192
f 1192 1154 1224
f 1224 1154 1226
f 1155 1201 1174
f 1164 1157 1192
f 1189 1158 1216
f 1165 1174 1254
f 1165 1239 1233
f 1239 1165 1254
f 1201 1203 1174
f 1252 1174 1203
f 1257 1174 1252
f 1254 1174 1257
f 1266 1189 1216
f 1192 1224 1226
f 1192 1226 1280
f 1250 1239 1192
f 1239 1254 1192
f 1262 1250 1192
f 1192 1254 1252
f 1262 1192 1265
f 1265 1192 1270
f 1270 1192 1367
f 1192 1280 1367
f 1216 1233 1323
f 1266 1216 1352
f 1216 1323 1352
f 1239 1250 1233
f 1233 1250 1263
f 1233 1263 1265
f 1265 1270 1233
f 1233 1270 1273
f 1233 1273 1367
f 1233 1367 1323
f 1263 1250 1262
f 1254 1257 1252
f 1263 1262 1265
f 1273 1270 1367
f 1367 1280 1352
f 1323 1381 1352
f 1323 1367 1381
f 1381 1367 1352
f 412 187 199
f 199 187 471
f 275 243 187
f 471 187 243
f 256 275 187
f 412 256 187
f 199 463 412
f 199 492 463
f 199 471 540
f 199 505 492
f 199 540 505
f 247 243 268
f 243 247 471
f 243 275 268
f 247 268 292
f 247 292 471
f 275 256 261
f 261 256 412
f 331 275 261
f 314 331 261
f 314 261 412
f 275 292 268
f 275 355 292
f 331 337 275
f 337 346 275
f 346 355 275
f 292 355 471
f 412 331 314
f 412 337 331
f 471 346 337
f 471 337 412
f 471 355 346
f 463 521 412
f 540 471 412
f 521 525 412
f 525 527 412
f 527 528 412
f 528 532 412
f 532 540 412
f 463 492 521
f 492 505 515
f 492 515 525
f 521 492 525
f 532 515 505
f 540 532 505
f 515 527 525
f 527 515 528
f 532 528 515
f 346 471 337
f 337 530 346
f 347 337 412
f 337 347 530
f 471 412 337
f 471 346 355
f 346 576 355
f 530 576 346
f 372 347 357
f 357 347 412
f 347 372 530
f 369 471 355
f 355 510 369
f 576 510 355
f 412 372 357
f 391 471 369
f 369 510 391
f 412 440 372
f 372 440 530
f 391 510 437
f 679 391 437
f 679 471 391
f 440 412 822
f 471 540 412
f 525 521 412
f 412 521 552
f 412 527 525
f 412 528 527
f 412 532 528
f 412 540 532
f 412 552 573
f 412 573 613
f 412 613 651
f 651 835 412
f 835 822 412
f 437 510 449
f 679 437 449
f 530 440 822
f 510 486 449
f 679 449 486
f 580 540 471
f 639 580 471
f 677 639 471
f 471 679 677
f 486 538 506
f 679 486 506
f 510 538 486
f 506 538 679
f 510 550 538
f 510 561 550
f 587 561 510
f 576 587 510
f 521 525 552
f 525 527 573
f 525 573 552
f 613 527 528
f 573 527 613
f 532 677 528
f 613 528 837
f 528 677 837
f 530 571 576
f 571 530 822
f 639 532 540
f 532 639 677
f 538 550 679
f 580 639 540
f 550 561 679
f 561 587 822
f 679 561 822
f 822 576 571
f 822 587 576
f 613 835 651
f 613 837 835
f 677 679 774
f 677 774 837
f 774 679 786
f 786 679 810
f 810 679 819
f 854 819 679
f 854 679 822
f 786 819 774
f 819 854 774
f 854 837 774
f 810 819 786
f 822 835 837
f 822 837 872
f 872 854 822
f 854 872 837
f 1743 1701 1745
f 1761 1701 1743
f 1701 1761 1745
f 1743 1745 1864
f 1892 1761 1743
f 1892 1743 1772
f 1772 1743 1942
f 1743 1864 1922
f 1922 2195 1743
f 1942 1743 1960
f 1960 1743 2195
f 1761 1767 1745
f 1745 1767 1798
f 1864 1745 1798
f 1892 1767 1761
f 1892 1798 1767
f 1892 1772 1819
f 1819 1772 1942
f 1864 1798 1813
f 1892 1813 1798
f 1892 1825 1813
f 1825 1925 1813
f 1864 1813 1922
f 1813 2105 1922
f 1813 1925 2105
f 1892 1819 1838
f 1942 1838 1819
f 1925 1825 1892
f 1838 1885 1892
f 1885 1838 1942
f 1885 1888 1892
f 1888 1885 1899
f 1885 1942 1899
f 1888 1896 1892
f 1888 1899 1896
f 1896 1901 1892
f 1892 1901 2091
f 1892 2069 1925
f 2075 2069 1892
f 2150 2075 1892
f 2091 2203 1892
f 2203 2150 1892
f 1901 1896 1899
f 2091 1901 1899
f 1899 1942 1960
f 1899 1960 1966
f 1899 1966 2099
f 2091 1899 2098
f 1899 2099 2098
f 1922 2105 2048
f 1922 2048 2195
f 1925 2069 2105
f 1966 1960 2195
f 2099 1966 2100
f 2195 2100 1966
f 2048 2105 2104
f 2104 2195 2048
f 2069 2075 2105
f 2075 2150 2105
f 2097 2091 2098
f 2101 2091 2097
f 2091 2101 2203
f 2097 2098 2195
f 2097 2293 2101
f 2195 2293 2097
f 2098 2099 2195
f 2099 2100 2195
f 2203 2101 2275
f 2101 2301 2275
f 2293 2301 2101
f 2104 2105 2144
f 2144 2195 2104
f 2285 2144 2105
f 2105 2150 2203
f 2105 2203 2275
f 2105 2275 2301
f 2105 2293 2285
f 2105 2301 2293
f 2276 2195 2144
f 2285 2276 2144
f 2285 2195 2276
f 2293 2195 2285
f 2870 2872 3015
f 2870 3118 2872
f 2885 2870 3015
f 2870 2885 3130
f 3130 3118 2870
f 2872 2875 2948
f 2872 3118 2875
f 2981 2872 2948
f 2872 2981 3046
f 2872 3046 3015
f 3137 2948 2875
f 2875 3118 3126
f 3137 2875 3126
f 2905 2885 3015
f 3061 2885 2905
f 3061 3130 2885
f 2905 2975 2907
f 3061 2905 2907
f 2905 3015 2975
f 2907 2975 3061
f 2981 2948 3137
f 3015 3011 2975
f 2975 3011 3061
f 3179 3046 2981
f 2981 3137 3144
f 3179 2981 3144
f 3011 3015 3031
f 3027 3011 3031
f 3011 3027 3061
f 3015 3093 3031
f 3046 3047 3015
f 3047 3072 3015
f 3072 3094 3015
f 3015 3099 3093
f 3094 3097 3015
f 3015 3097 3099
f 3031 3206 3027
f 3061 3027 3178
f 3178 3027 3188
f 3027 3199 3188
f 3204 3199 3027
f 3027 3206 3204
f 3031 3093 3081
f 3081 3206 3031
f 3207 3047 3046
f 3189 3046 3179
f 3046 3189 3200
f 3207 3046 3200
f 3047 3063 3072
f 3063 3047 3207
f 3061 3140 3130
f 3061 3152 3140
f 3061 3159 3152
f 3061 3161 3159
f 3061 3178 3161
f 3072 3063 3207
f 3094 3072 3223
f 3219 3072 3207
f 3223 3072 3219
f 3081 3093 3206
f 3093 3099 3227
f 3093 3227 3206
f 3094 3223 3097
f 3223 3099 3097
f 3225 3099 3223
f 3231 3099 3225
f 3227 3099 3231
f 3118 3124 3126
f 3118 3140 3124
f 3118 3130 3140
f 3124 3127 3126
f 3127 3124 3191
f 3124 3140 3191
f 3126 3127 3128
f 3126 3128 3137
f 3128 3127 3144
f 3144 3127 3179
f 3127 3191 3179
f 3137 3128 3144
f 3191 3140 3152
f 3152 3159 3191
f 3159 3161 3191
f 3191 3161 3178
f 3191 3178 3188
f 3179 3191 3189
f 3188 3204 3191
f 3188 3199 3204
f 3189 3191 3200
f 3200 3191 3219
f 3191 3204 3227
f 3219 3191 3223
f 3223 3191 3225
f 3191 3229 3225
f 3191 3227 3228
f 3191 3228 3229
f 3207 3200 3219
f 3204 3206 3227
f 3225 3229 3230
f 3230 3231 3225
f 3227 3231 3228
f 3229 3228 3231
f 3229 3231 3230
f 1639 1582 1571
f 1582 1644 1571
f 1782 1639 1571
f 1571 1644 1782
f 1844 1582 1639
f 1844 1644 1582
f 1639 1782 1865
f 1889 1844 1639
f 1889 1639 1865
f 1782 1644 1850
f 1644 1837 1850
f 1884 1837 1644
f 1884 1644 1844
f 1782 1850 1847
f 1865 1782 1847
f 1837 1889 1850
f 1884 1889 1837
f 1884 1844 1889
f 1847 1850 1889
f 1847 1889 1865
f 2001 1965 1993
f 2043 1993 1965
f 1965 2001 2043
f 2001 1993 2028
f 2028 1993 2056
f 2043 2056 1993
f 2027 2001 2028
f 2001 2027 2043
f 2027 2028 2046
f 2027 2046 2043
f 2028 2089 2046
f 2028 2056 2241
f 2241 2089 2028
f 2046 2089 2043
f 2043 2245 2056
f 2043 2084 2153
f 2177 2084 2043
f 2089 2339 2043
f 2153 2192 2043
f 2216 2177 2043
f 2192 2209 2043
f 2209 2235 2043
f 2339 2216 2043
f 2235 2262 2043
f 2262 2245 2043
f 2245 2073 2056
f 2254 2056 2073
f 2241 2056 2254
f 2159 2073 2245
f 2073 2159 2254
f 2084 2177 2153
f 2339 2089 2241
f 2153 2177 2192
f 2178 2159 2245
f 2159 2178 2254
f 2177 2186 2184
f 2177 2184 2192
f 2216 2186 2177
f 2221 2178 2245
f 2178 2221 2393
f 2254 2178 2331
f 2331 2178 2393
f 2184 2186 2192
f 2186 2209 2192
f 2209 2186 2216
f 2209 2216 2235
f 2216 2420 2235
f 2339 2329 2216
f 2329 2420 2216
f 2495 2221 2245
f 2221 2267 2400
f 2495 2267 2221
f 2393 2221 2400
f 2235 2469 2262
f 2235 2420 2469
f 2241 2254 2339
f 2262 2307 2245
f 2245 2307 2434
f 2245 2434 2452
f 2245 2452 2553
f 2245 2553 2495
f 2254 2331 2339
f 2469 2307 2262
f 2338 2267 2309
f 2495 2309 2267
f 2267 2338 2400
f 2434 2307 2562
f 2469 2560 2307
f 2307 2560 2562
f 2495 2338 2309
f 2339 2420 2329
f 2560 2339 2331
f 2560 2331 2393
f 2495 2400 2338
f 2469 2420 2339
f 2469 2339 2560
f 2400 2495 2393
f 2393 2495 2567
f 2393 2562 2560
f 2393 2567 2562
f 2434 2562 2452
f 2553 2452 2567
f 2452 2562 2567
f 2495 2553 2567
f 772 796 708
f 822 772 708
f 708 796 822
f 873 796 772
f 822 873 772
f 796 838 822
f 873 838 796
f 822 838 1088
f 822 872 908
f 822 922 872
f 822 958 873
f 908 958 822
f 935 922 822
f 822 1050 935
f 822 1055 1050
f 1088 1055 822
f 942 838 873
f 1088 838 942
f 922 908 872
f 942 873 939
f 939 873 958
f 922 935 908
f 908 935 958
f 1084 958 935
f 1050 1084 935
f 974 942 939
f 958 1066 939
f 974 939 1066
f 948 942 974
f 942 948 1088
f 1030 948 974
f 1088 948 1030
f 1084 1066 958
f 1030 974 1091
f 1091 974 1066
f 1088 1030 1122
f 1122 1030 1091
f 1084 1050 1055
f 1084 1055 1166
f 1088 1166 1055
f 1084 1082 1066
f 1091 1066 1082
f 1082 1084 1085
f 1091 1082 1085
f 1084 1094 1085
f 1084 1101 1094
f 1084 1200 1101
f 1084 1166 1200
f 1091 1085 1094
f 1122 1144 1088
f 1144 1236 1088
f 1200 1166 1088
f 1260 1200 1088
f 1260 1088 1236
f 1091 1094 1101
f 1091 1101 1128
f 1122 1091 1128
f 1101 1213 1128
f 1101 1200 1213
f 1122 1128 1134
f 1144 1122 1134
f 1134 1128 1213
f 1144 1134 1268
f 1240 1134 1213
f 1268 1134 1240
f 1268 1236 1144
f 1213 1200 1243
f 1243 1200 1260
f 1243 1240 1213
f 1259 1260 1236
f 1268 1259 1236
f 1240 1243 1275
f 1268 1240 1275
f 1243 1260 1358
f 1243 1303 1275
f 1243 1375 1303
f 1375 1243 1358
f 1358 1260 1259
f 1268 1362 1259
f 1362 1358 1259
f 1275 1303 1268
f 1303 1433 1268
f 1362 1268 1433
f 1303 1375 1443
f 1433 1303 1443
f 1406 1358 1362
f 1375 1358 1424
f 1424 1358 1406
f 1362 1433 1406
f 1443 1375 1424
f 1501 1424 1406
f 1406 1433 1501
f 1446 1443 1424
f 1446 1424 1532
f 1532 1424 1501
f 1433 1443 1446
f 1494 1433 1446
f 1501 1433 1494
f 1494 1446 1485
f 1446 1541 1485
f 1446 1532 1541
f 1555 1494 1485
f 1485 1541 1555
f 1501 1494 1570
f 1743 1494 1555
f 1743 1570 1494
f 1743 1532 1501
f 1501 1570 1689
f 1743 1501 1689
f 1743 1541 1532
f 1541 1637 1555
f 1743 1637 1541
f 1555 1637 1633
f 1743 1555 1633
f 1570 1686 1689
f 1686 1570 1743
f 1633 1637 1772
f 1743 1633 1772
f 1743 1772 1637
f 1689 1686 1701
f 1701 1686 1743
f 1743 1689 1701
f 468 478 479
f 641 478 468
f 641 468 479
f 866 479 478
f 641 541 478
f 866 478 541
f 641 479 512
f 512 479 866
f 641 512 607
f 512 744 607
f 744 512 866
f 823 578 541
f 541 578 866
f 823 541 641
f 791 578 616
f 823 616 578
f 578 791 870
f 866 578 870
f 744 641 607
f 616 716 791
f 823 716 616
f 641 703 705
f 641 718 703
f 641 705 727
f 641 745 718
f 641 727 777
f 795 641 744
f 861 745 641
f 641 777 787
f 641 787 856
f 1063 641 795
f 641 856 823
f 865 861 641
f 865 641 1063
f 718 705 703
f 705 718 861
f 727 705 861
f 791 716 823
f 861 718 745
f 777 727 991
f 727 861 865
f 1011 727 865
f 991 727 1011
f 795 744 866
f 777 965 787
f 965 777 991
f 856 787 916
f 965 916 787
f 791 823 1063
f 870 791 1063
f 1063 795 866
f 856 916 823
f 916 1063 823
f 1011 865 1063
f 866 870 886
f 866 886 901
f 954 866 901
f 1063 866 954
f 973 886 870
f 1003 973 870
f 1003 870 1063
f 954 901 886
f 886 973 954
f 916 965 1063
f 954 973 1003
f 1063 954 1003
f 991 1063 965
f 1011 1020 991
f 1020 1063 991
f 1043 1020 1011
f 1043 1011 1063
f 1043 1114 1020
f 1063 1020 1114
f 1063 1117 1043
f 1117 1114 1043
f 1063 1114 1120
f 1063 1120 1117
f 1117 1120 1114
f 2201 2147 2255
f 2147 2201 2304
f 2147 2247 2255
f 2304 2247 2147
f 2201 2255 2263
f 2201 2263 2304
f 2304 2255 2247
f 2304 2263 2255
f 1853 1846 1848
f 1848 1846 1867
f 2128 1846 1853
f 1867 1846 2050
f 2050 1846 2128
f 1848 1920 1853
f 1920 1848 1867
f 1853 1920 1917
f 1853 1917 2128
f 1939 1920 1867
f 2018 1939 1867
f 1946 1985 1867
f 1867 2050 1946
f 1867 1985 2052
f 1867 2190 2018
f 1867 2052 2066
f 1867 2066 2190
f 1917 1920 2109
f 1917 2109 2110
f 2128 1917 2110
f 1939 2109 1920
f 1939 2018 2109
f 1985 1946 2002
f 1946 2050 2002
f 2002 2052 1985
f 2002 2050 2236
f 2066 2052 2002
f 2066 2002 2236
f 2057 2109 2018
f 2018 2190 2057
f 2050 2128 2236
f 2057 2229 2109
f 2057 2190 2155
f 2057 2155 2223
f 2057 2223 2218
f 2057 2218 2229
f 2190 2066 2236
f 2109 2123 2110
f 2109 2140 2123
f 2109 2165 2140
f 2109 2205 2165
f 2109 2230 2205
f 2109 2229 2230
f 2123 2128 2110
f 2140 2128 2123
f 2165 2128 2140
f 2194 2128 2165
f 2236 2128 2194
f 2166 2223 2155
f 2269 2166 2155
f 2231 2155 2190
f 2269 2155 2231
f 2194 2165 2300
f 2165 2205 2320
f 2165 2320 2300
f 2166 2173 2248
f 2173 2166 2269
f 2166 2248 2223
f 2173 2269 2248
f 2231 2190 2200
f 2200 2190 2236
f 2194 2250 2236
f 2194 2300 2250
f 2231 2200 2477
f 2200 2236 2448
f 2477 2200 2448
f 2453 2205 2230
f 2444 2320 2205
f 2444 2205 2453
f 2223 2585 2218
f 2218 2453 2229
f 2448 2453 2218
f 2218 2477 2448
f 2218 2521 2477
f 2218 2581 2521
f 2218 2585 2581
f 2248 2585 2223
f 2453 2230 2229
f 2269 2231 2377
f 2231 2521 2377
f 2231 2477 2521
f 2236 2250 2300
f 2236 2300 2320
f 2236 2320 2444
f 2453 2236 2444
f 2448 2236 2453
f 2269 2377 2248
f 2377 2578 2248
f 2578 2585 2248
f 2377 2521 2581
f 2377 2581 2578
f 2585 2578 2581
f 328 319 253
f 319 387 253
f 387 328 253
f 328 413 319
f 436 387 319
f 319 413 526
f 641 436 319
f 483 481 319
f 319 481 491
f 526 483 319
f 319 491 625
f 319 625 641
f 436 328 387
f 424 413 328
f 424 328 436
f 424 641 413
f 413 621 526
f 413 685 621
f 641 685 413
f 424 436 429
f 641 424 429
f 429 436 493
f 429 493 641
f 641 493 436
f 483 491 481
f 740 491 483
f 526 685 483
f 685 740 483
f 740 625 491
f 621 685 526
f 641 625 738
f 740 738 625
f 641 740 685
f 641 738 745
f 641 745 740
f 738 740 745
f 556 668 565
f 556 565 822
f 556 648 668
f 648 556 801
f 801 556 896
f 556 822 874
f 556 874 859
f 556 859 896
f 565 615 571
f 571 822 565
f 668 615 565
f 615 822 571
f 668 772 615
f 615 772 708
f 708 822 615
f 668 648 664
f 664 648 801
f 668 664 686
f 686 664 801
f 686 801 668
f 898 772 668
f 801 834 668
f 834 898 668
f 822 708 772
f 822 772 873
f 898 873 772
f 1057 834 801
f 801 896 926
f 1057 801 926
f 822 873 958
f 876 874 822
f 895 876 822
f 822 958 895
f 834 847 898
f 847 834 1057
f 898 847 1080
f 847 1057 1068
f 847 1068 1080
f 859 874 926
f 859 926 896
f 939 873 898
f 873 939 958
f 876 926 874
f 1066 876 895
f 1068 926 876
f 1066 1082 876
f 1082 1068 876
f 958 1066 895
f 898 944 939
f 898 1080 944
f 926 1068 1057
f 939 944 974
f 958 939 1066
f 939 974 1066
f 981 974 944
f 1080 981 944
f 974 981 1091
f 974 1091 1066
f 1093 981 1080
f 981 1093 1091
f 1066 1091 1082
f 1080 1068 1082
f 1080 1082 1085
f 1080 1085 1110
f 1080 1110 1093
f 1082 1091 1085
f 1085 1091 1094
f 1085 1094 1110
f 1091 1093 1108
f 1094 1091 1101
f 1101 1091 1128
f 1128 1091 1108
f 1108 1093 1096
f 1110 1096 1093
f 1094 1101 1190
f 1110 1094 1125
f 1094 1190 1125
f 1096 1213 1108
f 1125 1096 1110
f 1190 1096 1125
f 1190 1213 1096
f 1101 1128 1213
f 1190 1101 1213
f 1213 1128 1108
f 788 716 823
f 716 788 851
f 823 716 791
f 791 716 851
f 823 933 788
f 788 933 851
f 823 791 1063
f 870 791 851
f 791 870 1063
f 916 856 823
f 823 856 920
f 916 823 1063
f 823 920 937
f 1009 933 823
f 823 937 1009
f 870 851 886
f 933 886 851
f 856 916 937
f 920 856 937
f 973 870 886
f 1003 870 973
f 1063 870 1003
f 973 886 933
f 916 985 937
f 965 985 916
f 965 916 1063
f 1013 973 933
f 1036 933 1009
f 1022 1013 933
f 1022 933 1036
f 985 1009 937
f 965 991 985
f 991 965 1063
f 1003 973 1013
f 1020 985 991
f 985 1141 1009
f 1114 985 1020
f 1114 1142 985
f 985 1142 1141
f 1020 991 1063
f 1063 1003 1013
f 1141 1036 1009
f 1063 1013 1022
f 1063 1114 1020
f 1067 1022 1036
f 1063 1022 1214
f 1022 1067 1214
f 1214 1067 1036
f 1142 1036 1141
f 1142 1214 1036
f 1063 1120 1114
f 1063 1177 1120
f 1063 1214 1177
f 1114 1120 1142
f 1120 1177 1142
f 1177 1214 1142
f 888 855 967
f 1178 855 888
f 855 952 967
f 978 952 855
f 978 855 1178
f 904 888 927
f 888 904 1178
f 927 888 967
f 904 927 1178
f 927 967 1178
f 967 952 959
f 978 959 952
f 967 959 1023
f 978 1076 959
f 959 1076 1023
f 967 1023 1178
f 1132 1076 978
f 978 1156 1132
f 1178 1156 978
f 1095 1023 1076
f 1023 1095 1156
f 1023 1156 1178
f 1095 1076 1132
f 1095 1132 1156
f 1892 1878 1912
f 1892 1926 1878
f 1878 1926 1912
f 1892 1912 1969
f 1892 2044 1926
f 1969 2049 1892
f 1892 2083 2044
f 2049 2083 1892
f 1926 1969 1912
f 2044 1969 1926
f 2044 2049 1969
f 2044 2083 2049
f 1197 1206 1207
f 1197 1425 1206
f 1197 1207 1251
f 1197 1251 1345
f 1197 1345 1310
f 1310 1389 1197
f 1389 1425 1197
f 1207 1206 1251
f 1206 1425 1251
f 1345 1251 1366
f 1251 1425 1366
f 1310 1345 1363
f 1389 1310 1363
f 1345 1389 1363
f 1345 1366 1389
f 1366 1425 1389
f 1701 1745 1742
f 1701 1742 1875
f 1743 1745 1701
f 1701 1875 1743
f 1875 1742 1745
f 1743 1864 1745
f 1743 1922 1864
f 1743 1875 1913
f 1743 1913 1984
f 2195 1922 1743
f 1743 1984 2195
f 1875 1745 1864
f 1875 1864 1913
f 1864 1922 1913
f 1984 1913 1922
f 1922 2048 1984
f 2195 2048 1922
f 2055 1984 2048
f 1984 2055 2195
f 2055 2048 2104
f 2195 2104 2048
f 2141 2055 2104
f 2195 2055 2141
f 2144 2141 2104
f 2195 2144 2104
f 2141 2144 2172
f 2141 2172 2175
f 2195 2141 2175
f 2276 2172 2144
f 2195 2276 2144
f 2175 2172 2180
f 2172 2208 2180
f 2238 2208 2172
f 2238 2172 2276
f 2195 2175 2180
f 2195 2180 2208
f 2228 2195 2208
f 2228 2238 2195
f 2238 2276 2195
f 2238 2228 2208
f 521 529 412
f 412 568 521
f 412 529 583
f 412 637 568
f 412 583 637
f 529 521 583
f 583 521 568
f 568 637 583
f 2965 2942 2904
f 2904 2942 3151
f 2965 2904 3158
f 2904 3151 3147
f 2904 3147 3158
f 2960 2942 3045
f 2942 2960 3151
f 2942 2965 3012
f 2942 3012 3045
f 2985 2960 3045
f 3185 2960 2985
f 3151 2960 3169
f 3169 2960 3185
f 2965 3158 3012
f 2985 3045 3185
f 3012 3014 3045
f 3012 3158 3014
f 3014 3032 3049
f 3014 3158 3032
f 3014 3087 3045
f 3014 3049 3087
f 3032 3213 3049
f 3158 3173 3032
f 3032 3173 3192
f 3032 3192 3194
f 3194 3213 3032
f 3078 3045 3085
f 3185 3045 3078
f 3045 3087 3085
f 3049 3213 3087
f 3196 3078 3085
f 3185 3078 3196
f 3087 3088 3085
f 3088 3196 3085
f 3213 3088 3087
f 3208 3196 3088
f 3208 3088 3214
f 3213 3217 3088
f 3214 3088 3217
f 3151 3158 3147
f 3169 3158 3151
f 3169 3173 3158
f 3208 3173 3169
f 3196 3169 3185
f 3196 3208 3169
f 3192 3173 3208
f 3213 3194 3192
f 3213 3192 3208
f 3213 3208 3214
f 3213 3214 3215
f 3213 3215 3217
f 3215 3214 3217
f 1918 1939 1867
f 1867 2156 1918
f 1867 1939 2018
f 2018 2190 1867
f 1867 2052 2062
f 2066 2052 1867
f 1867 2062 2156
f 1867 2190 2066
f 1918 1990 1939
f 1918 2156 1990
f 1990 2018 1939
f 1990 2016 2018
f 2243 2016 1990
f 1990 2156 2191
f 2243 1990 2191
f 2016 2057 2018
f 2016 2022 2166
f 2243 2022 2016
f 2016 2166 2057
f 2057 2190 2018
f 2024 2022 2243
f 2022 2024 2306
f 2022 2173 2166
f 2336 2173 2022
f 2336 2022 2306
f 2024 2257 2026
f 2306 2024 2026
f 2243 2257 2024
f 2026 2116 2189
f 2257 2116 2026
f 2026 2189 2272
f 2026 2272 2306
f 2062 2052 2066
f 2057 2166 2155
f 2155 2190 2057
f 2156 2062 2066
f 2066 2190 2156
f 2257 2189 2116
f 2166 2269 2155
f 2155 2231 2190
f 2269 2231 2155
f 2185 2156 2190
f 2191 2156 2185
f 2173 2269 2166
f 2173 2248 2269
f 2248 2173 2336
f 2185 2190 2200
f 2191 2185 2231
f 2231 2185 2200
f 2257 2310 2189
f 2572 2272 2189
f 2310 2557 2189
f 2557 2572 2189
f 2231 2200 2190
f 2191 2231 2269
f 2243 2191 2269
f 2257 2243 2310
f 2243 2269 2310
f 2377 2269 2248
f 2248 2336 2631
f 2248 2578 2377
f 2248 2585 2578
f 2248 2631 2585
f 2269 2377 2310
f 2572 2306 2272
f 2306 2405 2336
f 2572 2405 2306
f 2310 2377 2557
f 2336 2405 2631
f 2557 2377 2578
f 2631 2405 2572
f 2572 2557 2578
f 2578 2631 2572
f 2585 2631 2578
f 607 641 744
f 978 641 607
f 607 744 912
f 607 912 784
f 978 607 784
f 795 744 641
f 641 829 745
f 641 745 861
f 795 641 1063
f 829 641 978
f 641 861 865
f 865 1063 641
f 744 795 912
f 861 745 829
f 907 784 843
f 784 912 843
f 978 784 907
f 795 866 912
f 1063 866 795
f 861 829 1028
f 960 829 978
f 1028 829 960
f 907 843 925
f 843 912 925
f 865 861 1011
f 861 1028 1011
f 865 1011 1063
f 866 901 912
f 866 954 901
f 1063 954 866
f 912 901 954
f 1063 907 925
f 978 907 1063
f 925 912 928
f 928 912 946
f 912 964 946
f 912 954 964
f 925 928 1063
f 1063 928 946
f 1063 946 964
f 964 954 1003
f 1063 1003 954
f 978 1010 960
f 960 1010 1028
f 1063 964 1003
f 978 1039 1010
f 1040 1039 978
f 978 1058 1040
f 978 1075 1058
f 1063 1075 978
f 1010 1039 1028
f 1028 1043 1011
f 1043 1063 1011
f 1039 1040 1028
f 1040 1058 1028
f 1028 1058 1043
f 1043 1058 1075
f 1063 1043 1117
f 1075 1117 1043
f 1123 1075 1063
f 1063 1117 1120
f 1063 1120 1121
f 1063 1121 1123
f 1075 1123 1117
f 1121 1120 1117
f 1121 1117 1123
f 2714 2773 2691
f 2691 3057 2714
f 2773 2774 2691
f 2691 2774 3007
f 3007 3057 2691
f 3057 2773 2714
f 2773 2817 2774
f 3057 2817 2773
f 2774 2817 2793
f 3007 2774 2793
f 2817 2868 2793
f 2793 2868 2848
f 2848 3028 2793
f 3007 2793 3028
f 2817 3077 2868
f 3057 3077 2817
f 3142 2848 2868
f 2848 3070 3028
f 2848 3105 3070
f 3122 3105 2848
f 3133 3122 2848
f 3142 3133 2848
f 3077 3114 2868
f 2868 3114 3142
f 3096 3007 3028
f 3077 3057 3007
f 3096 3077 3007
f 3096 3028 3070
f 3096 3070 3115
f 3115 3070 3105
f 3077 3096 3114
f 3114 3096 3115
f 3115 3105 3133
f 3133 3105 3122
f 3115 3133 3114
f 3133 3142 3114
f 2691 2774 2741
f 2741 3018 2691
f 2691 3007 2774
f 3018 3007 2691
f 2741 2777 2756
f 2756 3048 2741
f 2741 2774 2777
f 3024 3018 2741
f 3048 3024 2741
f 2777 3048 2756
f 2774 2848 2777
f 2774 2793 2848
f 2774 3007 2793
f 2780 2777 2913
f 2777 2780 3048
f 2777 2848 2913
f 2780 2913 2833
f 2780 2833 3132
f 2780 3082 3048
f 3111 3082 2780
f 2780 3132 3111
f 2848 2793 3028
f 3007 3028 2793
f 2913 2928 2833
f 2928 2914 2833
f 2833 2914 3132
f 2913 2848 3138
f 2848 3028 3070
f 3105 2848 3070
f 3122 2848 3105
f 2848 3122 3138
f 2913 3138 2928
f 2951 2914 2928
f 2914 2984 2935
f 2914 2935 3132
f 2968 2914 2951
f 2968 2984 2914
f 2928 3138 2951
f 2984 2977 2935
f 2935 2977 3132
f 3138 2968 2951
f 2968 2987 2984
f 2968 2985 2987
f 3138 2985 2968
f 2984 3181 2977
f 3132 2977 3134
f 3134 2977 3160
f 3160 2977 3166
f 3166 2977 3181
f 2987 3183 2984
f 2984 3183 3181
f 3185 2987 2985
f 3157 2985 3138
f 3157 3163 2985
f 3163 3168 2985
f 3168 3185 2985
f 2987 3185 3183
f 3028 3007 3018
f 3018 3024 3070
f 3070 3028 3018
f 3105 3024 3048
f 3070 3024 3105
f 3105 3048 3082
f 3122 3105 3082
f 3157 3082 3111
f 3082 3138 3122
f 3157 3138 3082
f 3167 3111 3132
f 3157 3111 3167
f 3132 3134 3167
f 3167 3134 3160
f 3157 3167 3163
f 3167 3160 3166
f 3168 3163 3167
f 3187 3167 3166
f 3181 3183 3166
f 3183 3187 3166
f 3168 3167 3186
f 3167 3187 3186
f 3185 3168 3186
f 3185 3186 3183
f 3186 3187 3183
f 978 1039 1041
f 1042 1039 978
f 978 1041 1186
f 1180 1042 978
f 1180 978 1219
f 1261 978 1186
f 1219 978 1261
f 1039 1042 1041
f 1041 1042 1186
f 1042 1180 1186
f 1186 1180 1219
f 1186 1219 1223
f 1261 1186 1223
f 1219 1237 1223
f 1219 1261 1237
f 1223 1237 1341
f 1223 1341 1261
f 1237 1261 1355
f 1237 1344 1341
f 1355 1344 1237
f 1261 1341 1344
f 1261 1344 1347
f 1261 1347 1349
f 1261 1349 1482
f 1355 1261 1404
f 1434 1404 1261
f 1482 1434 1261
f 1355 1347 1344
f 1347 1355 1349
f 1355 1404 1349
f 1404 1434 1349
f 1349 1434 1482
f 511 612 539
f 803 511 539
f 605 612 511
f 789 605 511
f 789 511 762
f 803 762 511
f 539 612 559
f 539 559 757
f 757 803 539
f 559 612 667
f 649 559 667
f 757 559 649
f 605 611 612
f 620 611 605
f 631 620 605
f 631 605 789
f 611 620 612
f 612 620 855
f 667 612 756
f 756 612 765
f 765 612 830
f 612 855 830
f 855 620 631
f 631 672 780
f 631 879 672
f 855 631 780
f 789 792 631
f 792 839 631
f 631 839 879
f 757 649 667
f 757 667 756
f 978 780 672
f 955 672 879
f 978 672 955
f 757 756 765
f 978 757 765
f 809 803 757
f 828 809 757
f 757 911 828
f 911 757 915
f 956 915 757
f 998 956 757
f 998 757 978
f 762 869 789
f 762 803 869
f 830 978 765
f 855 780 978
f 789 869 792
f 869 839 792
f 809 869 803
f 809 828 915
f 915 869 809
f 915 828 911
f 978 830 855
f 839 869 963
f 879 839 963
f 869 915 956
f 869 956 963
f 955 879 963
f 955 963 978
f 963 956 998
f 963 1069 978
f 1069 963 998
f 978 1072 998
f 1069 1077 978
f 978 1077 1072
f 998 1072 1069
f 1072 1077 1069
f 2883 3000 2888
f 2883 2888 3135
f 2992 3000 2883
f 2992 2883 3119
f 3119 2883 3120
f 3120 2883 3135
f 3135 2888 3000
f 3021 3000 2992
f 3030 2992 3017
f 3017 2992 3136
f 3021 2992 3030
f 2992 3119 3136
f 3000 3021 3182
f 3149 3135 3000
f 3000 3165 3149
f 3182 3165 3000
f 3030 3017 3203
f 3170 3017 3136
f 3174 3017 3170
f 3174 3195 3017
f 3195 3202 3017
f 3017 3202 3203
f 3023 3021 3036
f 3023 3182 3021
f 3021 3030 3036
f 3036 3203 3023
f 3201 3182 3023
f 3203 3201 3023
f 3030 3203 3036
f 3119 3120 3136
f 3120 3135 3149
f 3120 3170 3136
f 3165 3120 3149
f 3165 3195 3120
f 3195 3170 3120
f 3165 3182 3202
f 3195 3165 3202
f 3174 3170 3195
f 3202 3182 3201
f 3201 3203 3202
f 2370 2515 2371
f 2699 2370 2371
f 2456 2423 2370
f 2423 2515 2370
f 2456 2370 2699
f 2371 2515 2451
f 2371 2451 2699
f 2449 2515 2423
f 2423 2795 2449
f 2731 2423 2456
f 2731 2761 2423
f 2761 2795 2423
f 2449 2595 2515
f 2449 2527 2595
f 2795 2527 2449
f 2515 2463 2451
f 2451 2463 2699
f 2624 2535 2456
f 2456 2535 2644
f 2667 2624 2456
f 2731 2456 2644
f 2746 2667 2456
f 2699 2755 2456
f 2456 2755 2746
f 2515 2528 2463
f 2699 2463 2528
f 2515 2576 2528
f 2515 2670 2576
f 2595 2657 2515
f 2657 2730 2515
f 2670 2515 2710
f 2515 2843 2710
f 2730 2843 2515
f 2527 2795 2595
f 2699 2528 2576
f 2644 2535 2624
f 2699 2576 2670
f 2595 2795 2657
f 2644 2624 2847
f 2624 2667 2847
f 2731 2644 2847
f 2657 2682 2730
f 2682 2657 2844
f 2795 2844 2657
f 2667 2746 2847
f 2670 2710 2699
f 2997 2730 2682
f 2682 2844 2897
f 2997 2682 2897
f 2710 2747 2699
f 2699 2747 2939
f 2699 2806 2755
f 2699 2899 2806
f 2699 2939 2899
f 2747 2710 2832
f 2710 2843 2832
f 2834 2843 2730
f 2834 2730 3108
f 2997 3108 2730
f 2761 2731 2847
f 2755 2806 2746
f 2746 2806 2899
f 2746 2899 2847
f 2832 3052 2747
f 2747 3037 2939
f 3052 3037 2747
f 2761 2847 2795
f 2795 2847 2844
f 2832 2843 2838
f 2838 3052 2832
f 2843 2834 2852
f 2834 3108 2852
f 2838 2843 2853
f 2838 2853 3126
f 2838 3109 3052
f 2838 3117 3109
f 2838 3126 3117
f 2843 2852 2875
f 2843 2875 2853
f 2844 2847 2897
f 2897 2847 3109
f 2847 2899 2939
f 2847 2939 3037
f 2847 3037 3052
f 2847 3052 3109
f 2852 3108 2875
f 2875 3126 2853
f 2875 3108 3112
f 2875 3112 3126
f 2997 2897 3109
f 3109 3108 2997
f 3109 3117 3108
f 3117 3112 3108
f 3112 3117 3126
f 1492 1475 1488
f 1505 1488 1475
f 1504 1490 1475
f 1475 1490 1505
f 1504 1475 1492
f 1492 1488 1500
f 1505 1500 1488
f 1499 1490 1504
f 1499 1630 1490
f 1490 1681 1505
f 1630 1681 1490
f 1492 1500 1504
f 1496 1497 1526
f 1496 1530 1497
f 1526 1530 1496
f 1497 1499 1526
f 1497 1630 1499
f 1530 1630 1497
f 1526 1499 1504
f 1546 1504 1500
f 1618 1500 1505
f 1546 1500 1618
f 1526 1504 1546
f 1618 1505 1681
f 1526 1630 1530
f 1526 1546 1613
f 1526 1613 1591
f 1526 1591 1663
f 1526 1724 1630
f 1526 1663 1789
f 1526 1737 1724
f 1897 1737 1526
f 1526 1789 2043
f 2043 1897 1526
f 1546 1621 1613
f 1546 1618 1621
f 1663 1591 1613
f 1613 1621 1663
f 1758 1621 1618
f 1758 1618 1681
f 1663 1621 1683
f 1683 1621 1758
f 1630 1724 1681
f 1683 1692 1663
f 1663 1692 1789
f 1681 1724 1758
f 1692 1683 2043
f 1683 1758 1831
f 1683 1831 1945
f 1683 1945 2043
f 1789 1692 1811
f 1811 1692 2043
f 1724 1737 1785
f 1724 1785 1758
f 1785 1737 1831
f 1831 1737 1897
f 1831 1758 1785
f 1789 1811 1965
f 2043 1789 1965
f 1965 1811 2043
f 1831 1897 1945
f 1945 1897 1992
f 2043 1992 1897
f 1945 1992 2043
f 1561 1551 1540
f 1744 1540 1551
f 1565 1561 1540
f 1540 1812 1565
f 1744 1572 1540
f 1572 1812 1540
f 1814 1551 1561
f 1814 1744 1551
f 1582 1561 1565
f 1561 1582 1884
f 1814 1561 1884
f 1571 1582 1565
f 1571 1565 1644
f 1644 1565 1837
f 1837 1565 1812
f 1571 1644 1582
f 1572 1744 1808
f 1801 1572 1808
f 1801 1812 1572
f 1644 1844 1582
f 1884 1582 1844
f 1644 1837 1884
f 1644 1884 1844
f 1808 1744 1814
f 1801 1808 1814
f 1812 1801 1814
f 1812 1814 1884
f 1837 1812 1884
f 2670 2690 2699
f 2670 2710 2690
f 2710 2670 2699
f 2690 2759 2699
f 2747 2690 2710
f 2759 2690 2747
f 2747 2710 2699
f 2747 2699 2939
f 2699 2759 2999
f 2699 2890 2806
f 2699 2806 2899
f 2890 2699 2929
f 2699 2899 2939
f 2929 2699 2999
f 2759 2747 2832
f 2747 3052 2832
f 3037 2747 2939
f 3037 3052 2747
f 2759 2832 2775
f 2775 3069 2759
f 2759 3069 2999
f 2799 2775 2885
f 2775 2799 3069
f 2775 2832 2870
f 2885 2775 2870
f 2876 2799 2885
f 3061 2799 2876
f 3061 3069 2799
f 2806 2890 2929
f 2806 2929 2899
f 2832 2838 2853
f 3052 2838 2832
f 2832 2853 2872
f 2870 2832 2872
f 2838 3126 2853
f 3052 3109 2838
f 2838 3109 3117
f 2838 3117 3126
f 2853 2875 2872
f 2853 3126 2875
f 3118 2870 2872
f 3130 2885 2870
f 3130 2870 3118
f 2875 3118 2872
f 3126 3118 2875
f 2885 2905 2876
f 2903 2876 2905
f 2876 2903 3061
f 3061 2905 2885
f 3061 2885 3130
f 2899 2929 2982
f 2939 2899 2982
f 2905 2907 2903
f 2903 2907 3061
f 3061 2907 2905
f 2982 2929 2999
f 3037 2939 2982
f 2982 2999 3118
f 3037 2982 3121
f 2982 3118 3124
f 2982 3124 3121
f 2999 3069 3118
f 3052 3037 3121
f 3109 3052 3121
f 3061 3103 3069
f 3113 3103 3061
f 3129 3113 3061
f 3131 3129 3061
f 3130 3140 3061
f 3061 3139 3131
f 3061 3148 3139
f 3140 3152 3061
f 3061 3161 3148
f 3152 3159 3061
f 3159 3161 3061
f 3069 3103 3130
f 3069 3130 3118
f 3103 3113 3140
f 3130 3103 3140
f 3117 3109 3121
f 3129 3145 3113
f 3113 3145 3140
f 3117 3121 3128
f 3126 3117 3128
f 3124 3118 3126
f 3121 3124 3127
f 3121 3127 3128
f 3127 3124 3126
f 3128 3127 3126
f 3129 3131 3145
f 3131 3139 3145
f 3145 3139 3148
f 3140 3145 3152
f 3145 3148 3159
f 3152 3145 3159
f 3161 3159 3148
f 801 841 834
f 801 834 1057
f 896 841 801
f 801 926 896
f 801 1057 926
f 841 932 834
f 834 932 847
f 847 1057 834
f 896 934 841
f 932 841 1029
f 934 1029 841
f 847 932 898
f 1080 847 898
f 1057 847 1068
f 1080 1068 847
f 926 934 896
f 932 957 898
f 1002 944 898
f 944 1080 898
f 957 1002 898
f 934 926 1057
f 957 932 1029
f 1057 1029 934
f 1002 981 944
f 944 981 1080
f 1024 1002 957
f 1024 957 1081
f 1053 957 1029
f 957 1053 1070
f 957 1070 1097
f 1081 957 1097
f 981 1002 1093
f 981 1093 1080
f 1024 1081 1002
f 1081 1113 1002
f 1093 1002 1113
f 1057 1053 1029
f 1068 1053 1057
f 1140 1053 1068
f 1070 1053 1097
f 1097 1053 1140
f 1110 1068 1080
f 1140 1068 1110
f 1080 1093 1110
f 1081 1097 1140
f 1113 1081 1313
f 1081 1140 1313
f 1110 1093 1096
f 1096 1093 1113
f 1113 1108 1096
f 1213 1096 1108
f 1110 1096 1125
f 1125 1096 1190
f 1213 1190 1096
f 1134 1108 1113
f 1128 1108 1134
f 1108 1128 1213
f 1110 1125 1140
f 1143 1134 1113
f 1113 1313 1143
f 1190 1140 1125
f 1128 1134 1213
f 1240 1134 1143
f 1213 1134 1240
f 1140 1190 1313
f 1143 1285 1240
f 1285 1143 1313
f 1190 1213 1243
f 1190 1243 1388
f 1190 1388 1313
f 1213 1240 1243
f 1275 1243 1240
f 1275 1240 1285
f 1303 1243 1275
f 1375 1243 1303
f 1243 1375 1388
f 1275 1285 1303
f 1285 1416 1303
f 1329 1285 1313
f 1329 1378 1285
f 1416 1285 1378
f 1443 1375 1303
f 1303 1416 1433
f 1443 1303 1433
f 1313 1388 1329
f 1378 1329 1388
f 1388 1375 1443
f 1407 1378 1388
f 1416 1378 1407
f 1511 1407 1388
f 1388 1443 1446
f 1388 1446 1485
f 1388 1485 1605
f 1511 1388 1605
f 1455 1416 1407
f 1511 1455 1407
f 1416 1455 1433
f 1446 1443 1433
f 1494 1446 1433
f 1455 1547 1433
f 1494 1433 1558
f 1547 1558 1433
f 1485 1446 1494
f 1562 1455 1511
f 1547 1455 1562
f 1516 1485 1494
f 1516 1580 1485
f 1485 1580 1605
f 1494 1558 1516
f 1605 1562 1511
f 1516 1558 1620
f 1516 1620 1580
f 1558 1547 1892
f 1599 1547 1562
f 1752 1547 1599
f 1892 1547 1752
f 1558 1675 1620
f 1675 1558 1892
f 1605 1599 1562
f 1580 1610 1605
f 1580 1892 1610
f 1620 1892 1580
f 1752 1599 1605
f 1605 1610 1647
f 1605 1647 1736
f 1605 1736 1763
f 1752 1605 1763
f 1610 1892 1647
f 1620 1675 1679
f 1774 1620 1679
f 1784 1620 1774
f 1807 1620 1784
f 1825 1620 1807
f 1892 1620 1825
f 1647 1892 1736
f 1675 1717 1679
f 1717 1675 1892
f 1717 1774 1679
f 1729 1774 1717
f 1729 1717 1892
f 1729 1816 1774
f 1892 1816 1729
f 1763 1736 1892
f 1857 1752 1763
f 1892 1752 1857
f 1877 1857 1763
f 1877 1763 1892
f 1816 1784 1774
f 1784 1816 1807
f 1816 1878 1807
f 1807 1898 1825
f 1878 1898 1807
f 1892 1878 1816
f 1892 1825 1925
f 1898 1925 1825
f 1890 1857 1877
f 1892 1857 1890
f 1890 1877 1893
f 1893 1877 1892
f 1898 1878 1892
f 1892 1890 1901
f 1890 1893 1901
f 1901 1893 1892
f 1925 1898 1892
f 1662 1632 1668
f 1662 1738 1632
f 1632 1738 1668
f 1668 1667 1662
f 1698 1662 1667
f 1698 1738 1662
f 1669 1667 1668
f 1667 1669 1698
f 1669 1668 1732
f 1668 1738 1732
f 1698 1669 1750
f 1669 1732 1750
f 1773 1738 1698
f 1698 1750 1773
f 1919 1732 1738
f 1732 1919 1750
f 1976 1738 1773
f 1919 1738 1976
f 1773 1750 1941
f 1750 1919 1941
f 1773 1941 1947
f 1947 2035 1773
f 1991 1976 1773
f 1773 2035 1991
f 1941 1919 1921
f 1921 1919 1976
f 1921 1968 1941
f 1968 1921 1991
f 1921 1976 1991
f 1941 1978 1947
f 1941 1968 1978
f 1988 1947 1978
f 1947 1988 2035
f 2023 1978 1968
f 2023 1968 1991
f 1978 2038 1988
f 2038 1978 2023
f 2035 1988 2114
f 2206 1988 2038
f 2114 1988 2206
f 2023 1991 2035
f 2023 2035 2114
f 2038 2023 2120
f 2023 2114 2120
f 2038 2120 2206
f 2120 2114 2137
f 2137 2114 2206
f 2120 2137 2206
f 2210 2328 2325
f 2210 2325 2340
f 2328 2210 2409
f 2210 2340 2344
f 2210 2344 2354
f 2590 2210 2354
f 2391 2372 2210
f 2372 2419 2210
f 2210 2478 2391
f 2210 2413 2409
f 2419 2413 2210
f 2210 2503 2478
f 2518 2503 2210
f 2590 2518 2210
f 2328 2340 2325
f 2358 2340 2328
f 2358 2328 2385
f 2328 2409 2385
f 2342 2340 2341
f 2341 2340 2358
f 2344 2340 2342
f 2342 2341 2358
f 2344 2342 2358
f 2412 2354 2344
f 2412 2344 2358
f 2454 2354 2412
f 2545 2354 2454
f 2545 2569 2354
f 2569 2571 2354
f 2571 2590 2354
f 2358 2385 2530
f 2412 2358 2454
f 2454 2358 2530
f 2391 2376 2372
f 2372 2376 2419
f 2376 2391 2478
f 2376 2482 2419
f 2478 2503 2376
f 2482 2376 2518
f 2518 2376 2503
f 2385 2409 2530
f 2413 2482 2409
f 2409 2482 2530
f 2419 2482 2413
f 2545 2454 2530
f 2590 2482 2518
f 2571 2530 2482
f 2590 2571 2482
f 2551 2545 2530
f 2551 2530 2565
f 2530 2569 2565
f 2530 2571 2569
f 2545 2551 2565
f 2545 2565 2569
f 2588 2584 2620
f 2584 2588 2686
f 2584 2686 2620
f 2588 2594 2589
f 2588 2589 2686
f 2588 2672 2594
f 2620 2672 2588
f 2686 2589 2594
f 2686 2594 2672
f 2620 2686 2647
f 2647 2738 2620
f 2620 2674 2672
f 2738 2674 2620
f 2686 2937 2647
f 2647 2736 2738
f 2736 2647 3010
f 2647 2937 2983
f 2983 2995 2647
f 2647 2995 3010
f 2686 2672 2674
f 2686 2674 2738
f 2686 2738 2744
f 2686 2744 2937
f 2736 2744 2738
f 3010 2744 2736
f 2937 2744 2996
f 2996 2744 3010
f 2996 2983 2937
f 2995 2983 2996
f 2995 2996 3010
f 394 381 364
f 364 381 669
f 629 394 364
f 629 364 586
f 364 669 586
f 381 394 771
f 381 507 669
f 381 771 507
f 450 394 629
f 394 450 771
f 719 450 472
f 472 450 782
f 629 782 450
f 719 771 450
f 494 704 472
f 494 472 797
f 704 719 472
f 472 782 797
f 506 659 494
f 506 494 679
f 659 704 494
f 494 797 679
f 679 659 506
f 545 507 577
f 507 545 669
f 577 507 805
f 507 771 805
f 545 577 669
f 577 836 669
f 577 805 836
f 836 629 586
f 836 586 669
f 858 782 629
f 836 858 629
f 659 679 831
f 659 831 704
f 679 797 813
f 679 813 831
f 863 719 704
f 831 863 704
f 719 877 771
f 863 877 719
f 877 805 771
f 813 797 782
f 813 782 858
f 836 805 858
f 858 805 877
f 858 831 813
f 858 863 831
f 858 877 863
f 1024 957 993
f 993 957 1155
f 1024 1081 957
f 1097 1070 957
f 957 1070 1155
f 1081 1097 957
f 1006 1024 993
f 1252 1006 993
f 993 1155 1201
f 1203 993 1201
f 1203 1252 993
f 1061 1024 1006
f 1034 1061 1006
f 1252 1034 1006
f 1031 1021 1026
f 1026 1021 1192
f 1252 1021 1031
f 1192 1021 1252
f 1024 1061 1081
f 1031 1026 1061
f 1026 1037 1061
f 1037 1026 1192
f 1031 1061 1034
f 1252 1031 1034
f 1037 1078 1061
f 1037 1192 1078
f 1078 1292 1061
f 1081 1061 1113
f 1061 1292 1113
f 1140 1070 1097
f 1070 1140 1155
f 1078 1192 1086
f 1078 1086 1292
f 1140 1097 1081
f 1313 1081 1113
f 1140 1081 1313
f 1086 1192 1164
f 1086 1164 1195
f 1086 1195 1334
f 1086 1334 1292
f 1143 1113 1292
f 1113 1143 1313
f 1155 1140 1201
f 1140 1313 1201
f 1285 1143 1292
f 1143 1285 1313
f 1164 1192 1195
f 1192 1350 1195
f 1192 1239 1250
f 1254 1239 1192
f 1192 1250 1262
f 1192 1252 1254
f 1262 1332 1192
f 1332 1369 1192
f 1192 1386 1350
f 1369 1423 1192
f 1192 1415 1386
f 1192 1423 1415
f 1195 1321 1334
f 1195 1350 1321
f 1201 1313 1203
f 1252 1203 1329
f 1203 1313 1329
f 1239 1272 1250
f 1272 1239 1254
f 1250 1272 1262
f 1254 1252 1257
f 1329 1257 1252
f 1254 1257 1357
f 1272 1254 1357
f 1357 1257 1329
f 1262 1272 1332
f 1272 1369 1332
f 1272 1357 1387
f 1272 1387 1369
f 1285 1292 1416
f 1313 1285 1329
f 1329 1285 1378
f 1285 1416 1378
f 1334 1423 1292
f 1292 1423 1416
f 1321 1350 1334
f 1378 1357 1329
f 1350 1386 1334
f 1334 1386 1415
f 1334 1415 1423
f 1357 1378 1407
f 1387 1357 1484
f 1357 1407 1449
f 1449 1484 1357
f 1369 1387 1495
f 1369 1495 1423
f 1378 1416 1407
f 1387 1484 1495
f 1407 1416 1437
f 1449 1407 1437
f 1416 1423 1437
f 1495 1437 1423
f 1449 1437 1495
f 1449 1495 1484
f 1608 1612 1661
f 1826 1612 1608
f 1787 1608 1661
f 1608 1787 1665
f 1665 1826 1608
f 1612 1826 1661
f 1787 1661 1865
f 1826 1865 1661
f 1787 1847 1665
f 1826 1665 1865
f 1865 1665 1847
f 1847 1787 1865
f 1407 1437 1416
f 1407 1416 1455
f 1407 1449 1437
f 1407 1511 1449
f 1511 1407 1455
f 1416 1437 1455
f 1449 1495 1437
f 1455 1437 1562
f 1437 1495 1562
f 1449 1511 1495
f 1511 1455 1562
f 1511 1562 1495
f 1472 1445 1479
f 1472 1629 1445
f 1445 1629 1479
f 1475 1472 1479
f 1472 1475 1680
f 1472 1680 1629
f 1475 1479 1488
f 1475 1488 1697
f 1680 1475 1697
f 1507 1488 1479
f 1507 1479 1520
f 1479 1629 1520
f 1488 1507 1697
f 1507 1520 1528
f 1507 1528 1535
f 1507 1535 1697
f 1528 1520 1629
f 1649 1535 1528
f 1685 1528 1629
f 1528 1685 1649
f 1758 1535 1649
f 1697 1535 1731
f 1758 1731 1535
f 1629 1680 1673
f 1685 1629 1673
f 1649 1694 1683
f 1683 1758 1649
f 1649 1685 1694
f 1685 1673 1680
f 1764 1685 1680
f 1680 1697 1731
f 1680 1731 1764
f 1764 1683 1694
f 1758 1683 1760
f 1764 1760 1683
f 1694 1685 1709
f 1685 1711 1709
f 1764 1711 1685
f 1709 1764 1694
f 1709 1711 1712
f 1712 1764 1709
f 1712 1711 1764
f 1758 1760 1731
f 1731 1760 1764
f 1377 1326 1327
f 1326 1421 1327
f 1353 1328 1326
f 1328 1421 1326
f 1353 1326 1377
f 1327 1343 1336
f 1377 1327 1336
f 1421 1343 1327
f 1328 1384 1335
f 1328 1335 1421
f 1353 1384 1328
f 1335 1384 1338
f 1338 1471 1335
f 1335 1471 1421
f 1336 1343 1337
f 1377 1336 1337
f 1337 1343 1339
f 1377 1337 1339
f 1354 1338 1394
f 1338 1354 1399
f 1338 1384 1394
f 1338 1399 1478
f 1338 1478 1471
f 1343 1340 1339
f 1377 1339 1340
f 1343 1383 1340
f 1376 1340 1371
f 1340 1383 1371
f 1382 1340 1376
f 1377 1340 1401
f 1401 1340 1382
f 1343 1458 1383
f 1421 1477 1343
f 1343 1477 1458
f 1377 1457 1353
f 1353 1444 1384
f 1444 1353 1527
f 1353 1457 1464
f 1353 1464 1471
f 1353 1471 1478
f 1353 1478 1544
f 1353 1544 1527
f 1394 1398 1354
f 1399 1354 1398
f 1371 1383 1376
f 1383 1382 1376
f 1377 1401 1408
f 1377 1408 1438
f 1438 1458 1377
f 1377 1466 1457
f 1458 1477 1377
f 1377 1483 1466
f 1477 1483 1377
f 1383 1401 1382
f 1383 1408 1401
f 1383 1438 1408
f 1383 1458 1438
f 1394 1384 1579
f 1444 1527 1384
f 1579 1384 1527
f 1636 1398 1394
f 1636 1394 1579
f 1397 1395 1409
f 1397 1521 1395
f 1409 1395 1399
f 1399 1395 1430
f 1395 1521 1430
f 1521 1397 1409
f 1399 1398 1409
f 1636 1409 1398
f 1478 1399 1430
f 1556 1521 1409
f 1636 1556 1409
f 1464 1457 1421
f 1421 1457 1466
f 1421 1471 1464
f 1421 1466 1477
f 1552 1478 1430
f 1430 1521 1590
f 1430 1590 1552
f 1477 1466 1483
f 1544 1478 1552
f 1556 1575 1521
f 1590 1521 1575
f 1585 1527 1544
f 1585 1579 1527
f 1585 1544 1552
f 1552 1596 1556
f 1636 1552 1556
f 1636 1585 1552
f 1552 1590 1596
f 1596 1575 1556
f 1611 1590 1575
f 1611 1575 1596
f 1636 1579 1585
f 1590 1611 1596
f 1892 2049 1969
f 1969 2069 1892
f 1892 2083 2049
f 2075 1892 2069
f 2150 1892 2075
f 2214 2083 1892
f 2106 1892 2091
f 2091 1892 2203
f 2304 1892 2106
f 2203 1892 2150
f 1892 2237 2214
f 1892 2266 2237
f 2304 2266 1892
f 1969 2049 2069
f 2049 2075 2069
f 2075 2049 2083
f 2075 2083 2150
f 2083 2214 2150
f 2106 2091 2101
f 2101 2091 2203
f 2106 2101 2304
f 2275 2101 2203
f 2101 2275 2301
f 2101 2301 2313
f 2304 2101 2351
f 2351 2101 2313
f 2150 2214 2203
f 2214 2237 2203
f 2275 2203 2237
f 2237 2266 2359
f 2313 2275 2237
f 2351 2313 2237
f 2351 2237 2359
f 2359 2266 2295
f 2404 2295 2266
f 2404 2266 2304
f 2275 2313 2301
f 2359 2295 2368
f 2368 2295 2404
f 2304 2351 2359
f 2304 2359 2404
f 2404 2359 2368
f 412 535 440
f 440 822 412
f 412 637 535
f 642 637 412
f 822 642 412
f 440 565 530
f 440 530 822
f 440 535 565
f 565 571 530
f 571 822 530
f 535 556 565
f 535 859 556
f 535 637 646
f 535 646 728
f 728 766 535
f 766 859 535
f 565 556 822
f 556 874 822
f 556 859 874
f 571 565 822
f 637 642 646
f 646 642 700
f 822 700 642
f 728 646 700
f 876 728 700
f 822 825 700
f 825 876 700
f 874 766 728
f 876 874 728
f 874 859 766
f 825 822 860
f 860 822 895
f 822 874 876
f 822 876 895
f 825 860 876
f 895 876 860
f 1780 1666 1829
f 1666 1780 1929
f 1829 1666 1832
f 1666 1929 1832
f 1855 1780 1829
f 1929 1780 1855
f 1832 2003 1829
f 2030 1855 1829
f 2003 2030 1829
f 1868 1914 1832
f 1832 1929 1868
f 1914 2003 1832
f 1943 1929 1855
f 1855 2030 1943
f 1914 1868 2054
f 1929 1987 1868
f 1868 1987 2054
f 1914 2054 1972
f 1972 2088 1914
f 1914 2088 2003
f 1929 1943 1987
f 1932 1986 1949
f 2210 1932 1949
f 1986 1932 1955
f 2210 1955 1932
f 1943 2030 1987
f 1949 1986 2070
f 2210 1949 2070
f 1986 1955 1977
f 2210 1977 1955
f 2019 2047 1972
f 2019 1972 2092
f 2047 2088 1972
f 1972 2054 2092
f 2096 1986 1977
f 1977 2060 2096
f 2210 2060 1977
f 2103 2070 1986
f 2095 2079 1986
f 2079 2103 1986
f 2096 2095 1986
f 2054 1987 2030
f 2088 2030 2003
f 2019 2108 2047
f 2019 2092 2108
f 2054 2030 2088
f 2047 2108 2060
f 2060 2210 2047
f 2210 2088 2047
f 2108 2054 2088
f 2108 2092 2054
f 2113 2096 2060
f 2060 2108 2113
f 2103 2139 2070
f 2210 2070 2139
f 2079 2095 2210
f 2103 2079 2210
f 2210 2108 2088
f 2210 2095 2096
f 2210 2096 2113
f 2210 2139 2103
f 2210 2113 2108
f 16 31 41
f 42 31 16
f 16 41 42
f 31 99 41
f 31 42 122
f 31 122 99
f 41 134 42
f 99 134 41
f 122 42 134
f 122 162 99
f 162 134 99
f 122 134 162
f 1680 1673 1685
f 1680 1722 1673
f 1685 1673 1911
f 1673 1722 1911
f 1764 1680 1685
f 1680 1764 1722
f 1683 1694 1692
f 1692 2043 1683
f 1694 1683 1764
f 1683 1758 1760
f 1683 1831 1758
f 1764 1683 1760
f 1683 1945 1831
f 2043 1945 1683
f 1685 1713 1711
f 1711 1764 1685
f 1713 1685 1911
f 1694 1707 1692
f 1692 1707 1811
f 1811 2043 1692
f 1694 1709 1707
f 1694 1764 1709
f 1707 1709 1712
f 1707 1712 1771
f 1707 1771 1863
f 1811 1707 1956
f 1707 1863 1905
f 1707 1905 1909
f 1956 1707 1909
f 1709 1764 1712
f 1711 1713 1712
f 1712 1764 1711
f 1713 1771 1712
f 1713 1911 1771
f 1803 1722 1764
f 1911 1722 1803
f 1758 1785 1760
f 1758 1831 1785
f 1760 1797 1764
f 1785 1797 1760
f 1764 1797 1803
f 1911 1863 1771
f 1785 1831 1797
f 1803 1797 1911
f 2010 1797 1831
f 1797 1952 1911
f 1797 1982 1952
f 2010 1982 1797
f 1965 1811 1956
f 2043 1811 1965
f 1945 2010 1831
f 1905 1863 1981
f 1911 1981 1863
f 2037 1909 1905
f 1905 1944 1952
f 1905 1981 1944
f 1982 1905 1952
f 2010 1905 1982
f 2037 1905 2010
f 1930 1940 1909
f 1930 1909 2037
f 1940 1956 1909
f 1911 1952 1944
f 1944 1962 1911
f 1962 1981 1911
f 1940 1930 2043
f 1930 2037 2065
f 1930 2065 2043
f 1956 1940 2043
f 1944 1981 1962
f 1992 2010 1945
f 2043 1992 1945
f 1965 1956 2043
f 1992 2033 2010
f 2043 2033 1992
f 2033 2037 2010
f 2065 2037 2033
f 2043 2084 2033
f 2072 2065 2033
f 2033 2084 2072
f 2065 2072 2043
f 2072 2084 2043
f 484 425 596
f 425 484 762
f 723 596 425
f 723 425 762
f 484 605 511
f 484 511 762
f 484 596 611
f 484 611 605
f 511 605 789
f 762 511 789
f 596 620 611
f 596 628 620
f 723 628 596
f 605 611 620
f 605 620 631
f 789 605 631
f 620 628 631
f 723 631 628
f 723 789 631
f 723 762 789
f 603 648 556
f 603 556 868
f 648 801 556
f 801 896 556
f 859 868 556
f 896 859 556
f 660 603 622
f 868 622 603
f 664 648 603
f 664 603 660
f 896 660 622
f 896 622 868
f 664 801 648
f 686 664 660
f 722 686 660
f 722 660 896
f 686 801 664
f 686 722 801
f 801 722 896
f 859 896 868
f 1969 1925 1892
f 1892 1925 2069
f 1892 2069 1969
f 1969 2069 1925
f 302 300 315
f 300 302 421
f 300 412 315
f 300 408 343
f 300 343 412
f 300 421 408
f 315 305 302
f 302 305 318
f 302 318 363
f 302 363 365
f 302 365 390
f 302 390 421
f 318 305 315
f 315 363 318
f 501 363 315
f 315 412 501
f 408 357 343
f 412 343 357
f 412 357 408
f 363 680 365
f 640 363 501
f 640 676 363
f 363 676 680
f 680 390 365
f 390 441 421
f 441 390 680
f 421 412 408
f 459 412 421
f 459 637 412
f 501 412 633
f 633 412 634
f 634 412 637
f 441 459 421
f 456 487 441
f 456 441 680
f 441 487 459
f 720 487 456
f 720 456 680
f 487 840 459
f 459 650 637
f 733 650 459
f 459 840 733
f 720 763 487
f 763 840 487
f 501 633 640
f 633 634 676
f 640 633 676
f 634 637 650
f 634 650 763
f 676 634 680
f 634 763 680
f 763 650 733
f 680 763 720
f 763 733 840
f 1314 1411 1261
f 1261 1428 1314
f 1261 1404 1434
f 1261 1567 1404
f 1411 1463 1261
f 1261 1542 1428
f 1261 1434 1482
f 1261 1463 1567
f 1261 1482 1581
f 1261 1581 1542
f 1411 1314 1428
f 1404 1470 1434
f 1404 1567 1470
f 1411 1428 1542
f 1411 1748 1463
f 1411 1542 1748
f 1470 1515 1434
f 1434 1515 1482
f 1463 1748 1567
f 1470 1567 1515
f 1482 1515 1581
f 1515 1567 1614
f 1581 1515 1614
f 1676 1542 1581
f 1542 1676 1748
f 1614 1567 1576
f 1567 1748 1576
f 1576 1632 1614
f 1576 1619 1632
f 1576 1748 1619
f 1581 1614 1600
f 1643 1581 1600
f 1643 1676 1581
f 1600 1614 1628
f 1632 1619 1600
f 1619 1641 1600
f 1628 1632 1600
f 1600 1641 1643
f 1614 1662 1628
f 1614 1632 1662
f 1641 1619 1654
f 1619 1810 1654
f 1747 1619 1748
f 1747 1804 1619
f 1619 1804 1810
f 1662 1632 1628
f 1641 1654 1643
f 1654 1676 1643
f 1755 1676 1654
f 1810 1755 1654
f 1676 1755 1748
f 1747 1748 1778
f 1747 1778 1804
f 1748 1755 1804
f 1778 1748 1804
f 1755 1810 1804
f 1693 1603 1634
f 1634 1603 1800
f 1687 1603 1690
f 1821 1603 1687
f 1690 1603 1693
f 1800 1603 1821
f 1800 1693 1634
f 1690 1806 1687
f 1806 1821 1687
f 1690 1693 1821
f 1690 1821 1806
f 1821 1693 1800
f 1390 1487 1454
f 1561 1390 1454
f 1551 1487 1390
f 1551 1390 1561
f 1538 1462 1454
f 1561 1454 1462
f 1454 1487 1508
f 1508 1538 1454
f 1462 1538 1582
f 1561 1462 1582
f 1487 1540 1508
f 1551 1540 1487
f 1508 1565 1538
f 1540 1565 1508
f 1538 1565 1571
f 1582 1538 1571
f 1561 1540 1551
f 1561 1565 1540
f 1582 1565 1561
f 1582 1571 1565
f 1600 1619 1632
f 1600 1641 1619
f 1628 1600 1632
f 1600 1628 1641
f 1619 1747 1632
f 1619 1641 1654
f 1810 1619 1654
f 1747 1619 1804
f 1804 1619 1810
f 1628 1632 1662
f 1628 1662 1641
f 1662 1632 1738
f 1632 1747 1738
f 1641 1662 1654
f 1698 1654 1662
f 1927 1654 1698
f 1654 1927 1810
f 1698 1662 1738
f 1773 1698 1738
f 1698 1773 2011
f 1698 1979 1927
f 1698 2011 1979
f 1738 1747 1778
f 1773 1738 1976
f 1976 1738 1778
f 1747 1804 1778
f 1976 1967 1773
f 1773 1967 2011
f 1778 1804 1823
f 1871 1778 1823
f 1970 1778 1871
f 1970 1976 1778
f 1804 1810 1823
f 1810 1927 1823
f 1927 1871 1823
f 1970 1871 1927
f 2087 1970 1927
f 1979 2087 1927
f 1976 2007 1967
f 2061 1967 2007
f 1967 2061 2011
f 2007 1976 1970
f 2087 2007 1970
f 1979 2011 1994
f 1994 2243 1979
f 1979 2142 2087
f 2243 2142 1979
f 2011 2012 1994
f 2243 1994 2012
f 2053 2061 2007
f 2007 2142 2053
f 2142 2007 2087
f 2011 2015 2012
f 2011 2024 2015
f 2011 2026 2024
f 2011 2116 2026
f 2061 2078 2011
f 2011 2078 2116
f 2243 2012 2015
f 2243 2015 2024
f 2257 2024 2026
f 2257 2243 2024
f 2257 2026 2116
f 2061 2053 2078
f 2078 2053 2116
f 2116 2053 2160
f 2160 2053 2142
f 2116 2160 2257
f 2160 2142 2170
f 2243 2170 2142
f 2170 2257 2160
f 2170 2243 2257
f 2106 2101 2107
f 2304 2101 2106
f 2101 2301 2107
f 2313 2301 2101
f 2304 2351 2101
f 2101 2351 2313
f 2131 2106 2107
f 2106 2131 2304
f 2127 2131 2107
f 2456 2127 2107
f 2107 2301 2456
f 2131 2127 2162
f 2127 2171 2162
f 2456 2171 2127
f 2131 2162 2146
f 2131 2146 2304
f 2162 2259 2146
f 2259 2247 2146
f 2146 2247 2304
f 2171 2240 2162
f 2240 2369 2162
f 2162 2294 2259
f 2162 2369 2294
f 2456 2240 2171
f 2240 2370 2369
f 2456 2370 2240
f 2247 2259 2304
f 2294 2456 2259
f 2259 2456 2304
f 2456 2294 2369
f 2313 2399 2301
f 2301 2399 2407
f 2301 2407 2456
f 2304 2359 2351
f 2304 2404 2359
f 2439 2404 2304
f 2450 2439 2304
f 2304 2475 2450
f 2456 2475 2304
f 2313 2351 2399
f 2351 2359 2399
f 2359 2368 2399
f 2359 2404 2368
f 2399 2368 2439
f 2439 2368 2404
f 2456 2369 2370
f 2407 2399 2442
f 2399 2439 2450
f 2442 2399 2511
f 2399 2450 2475
f 2399 2475 2511
f 2456 2407 2442
f 2456 2442 2535
f 2535 2442 2511
f 2456 2511 2475
f 2456 2535 2511
f 1003 1063 1013
f 1003 1013 1139
f 1003 1139 1063
f 1013 1063 1022
f 1013 1022 1067
f 1013 1067 1171
f 1013 1171 1139
f 1022 1063 1214
f 1067 1022 1214
f 1171 1067 1036
f 1067 1214 1036
f 1036 1142 1141
f 1036 1141 1171
f 1036 1214 1142
f 1063 1139 1246
f 1214 1063 1177
f 1063 1246 1177
f 1139 1171 1188
f 1139 1188 1246
f 1142 1150 1141
f 1141 1150 1171
f 1214 1150 1142
f 1150 1191 1171
f 1214 1191 1150
f 1188 1171 1215
f 1171 1191 1215
f 1177 1246 1214
f 1217 1188 1215
f 1217 1324 1188
f 1188 1288 1246
f 1324 1288 1188
f 1279 1191 1214
f 1191 1277 1215
f 1277 1191 1279
f 1279 1214 1246
f 1217 1215 1277
f 1324 1217 1277
f 1288 1279 1246
f 1345 1277 1279
f 1324 1277 1345
f 1297 1279 1288
f 1279 1297 1363
f 1345 1279 1363
f 1288 1324 1297
f 1297 1324 1363
f 1324 1345 1363
f 1862 1873 1866
f 1892 1862 1866
f 1873 1862 1892
f 1873 1876 1866
f 1980 1866 1876
f 1892 1866 1980
f 1876 1873 1892
f 2091 1876 1892
f 1876 2091 1980
f 1892 1980 2058
f 1892 2058 2304
f 2091 1892 2106
f 2106 1892 2304
f 2058 1980 2112
f 2112 1980 2091
f 2058 2112 2074
f 2058 2074 2304
f 2074 2112 2124
f 2074 2124 2147
f 2074 2147 2304
f 2106 2112 2091
f 2304 2112 2106
f 2304 2124 2112
f 2304 2147 2124
f 2868 2871 2848
f 2868 2848 3142
f 2871 2931 2848
f 2848 2931 2913
f 2913 3138 2848
f 2848 3122 3133
f 3138 3122 2848
f 3142 2848 3133
f 3147 2871 2868
f 2868 3142 3146
f 3147 2868 3146
f 2904 2942 2871
f 2904 2871 3147
f 2942 2931 2871
f 2942 2904 3151
f 2904 3147 3151
f 2931 2928 2913
f 2928 3138 2913
f 2951 2928 2931
f 2951 3138 2928
f 2931 2942 2960
f 2968 2951 2931
f 2931 2960 2985
f 2931 2985 2968
f 2942 3151 2960
f 2951 2968 3138
f 2985 2960 3185
f 2960 3151 3169
f 3169 3185 2960
f 3138 2968 2985
f 3157 3138 2985
f 3157 2985 3163
f 3163 2985 3168
f 2985 3185 3168
f 3133 3122 3138
f 3133 3138 3157
f 3142 3133 3163
f 3133 3157 3163
f 3142 3163 3146
f 3151 3147 3146
f 3151 3146 3163
f 3168 3151 3163
f 3168 3169 3151
f 3169 3168 3185
f 173 154 156
f 254 156 154
f 254 154 173
f 173 156 222
f 156 184 222
f 254 184 156
f 254 173 217
f 217 173 360
f 360 173 222
f 222 184 254
f 254 217 269
f 269 217 360
f 262 222 254
f 360 222 262
f 254 341 262
f 254 269 274
f 254 274 474
f 341 254 342
f 254 474 342
f 360 262 341
f 269 360 274
f 274 360 374
f 274 374 553
f 474 274 553
f 360 341 342
f 360 342 383
f 383 342 366
f 701 366 342
f 342 474 557
f 342 557 569
f 592 342 569
f 592 701 342
f 374 360 377
f 406 377 360
f 360 383 447
f 406 360 430
f 430 360 539
f 360 447 511
f 360 511 539
f 701 383 366
f 575 374 377
f 553 374 575
f 406 575 377
f 701 447 383
f 448 406 430
f 448 753 406
f 694 575 406
f 694 406 709
f 709 406 712
f 712 406 753
f 448 430 539
f 511 447 701
f 448 539 465
f 757 448 465
f 753 448 757
f 465 539 559
f 542 465 649
f 757 465 542
f 465 559 649
f 474 553 557
f 803 539 511
f 762 511 701
f 803 511 762
f 757 559 539
f 757 539 803
f 757 542 649
f 553 575 557
f 557 694 569
f 575 694 557
f 649 559 757
f 569 694 592
f 694 709 592
f 701 592 762
f 709 809 592
f 803 762 592
f 592 809 803
f 712 809 709
f 753 828 712
f 828 809 712
f 828 753 757
f 757 803 809
f 757 809 828
f 2907 3011 2909
f 2907 2909 3061
f 2907 2975 3011
f 2907 3061 2975
f 2918 2908 2921
f 2908 2918 3143
f 2908 2950 2921
f 2923 2971 2908
f 2923 2908 3143
f 2908 2971 2950
f 2909 2998 2917
f 3143 2909 2917
f 2909 3011 2998
f 3061 2909 3141
f 3143 3141 2909
f 2923 2917 2976
f 2917 2923 3143
f 2917 2998 2976
f 2921 2919 2918
f 3143 2918 2919
f 2921 3155 2919
f 3155 3143 2919
f 2950 3155 2921
f 2923 2976 2971
f 3184 2950 2971
f 3184 3155 2950
f 2976 3184 2971
f 2975 3061 3011
f 2998 3184 2976
f 2998 3011 3022
f 3022 3184 2998
f 3022 3011 3027
f 3027 3011 3061
f 3022 3027 3193
f 3193 3184 3022
f 3027 3061 3178
f 3188 3027 3178
f 3199 3027 3188
f 3027 3199 3193
f 3141 3156 3061
f 3156 3161 3061
f 3161 3178 3061
f 3176 3141 3143
f 3156 3141 3176
f 3150 3143 3155
f 3143 3150 3176
f 3150 3155 3154
f 3150 3154 3171
f 3172 3150 3171
f 3176 3150 3172
f 3171 3154 3155
f 3184 3171 3155
f 3161 3156 3178
f 3156 3176 3180
f 3178 3156 3188
f 3156 3180 3188
f 3176 3172 3171
f 3180 3176 3171
f 3184 3180 3171
f 3180 3184 3188
f 3188 3184 3193
f 3188 3193 3199
f 199 287 134
f 134 306 199
f 208 244 134
f 134 251 208
f 134 244 285
f 134 259 251
f 134 287 259
f 134 285 306
f 199 298 287
f 199 371 298
f 199 306 313
f 199 313 335
f 335 393 199
f 431 371 199
f 199 393 412
f 412 463 199
f 463 431 199
f 208 285 244
f 299 208 251
f 299 285 208
f 251 259 299
f 299 259 287
f 299 306 285
f 299 287 298
f 299 298 371
f 299 313 306
f 335 313 299
f 335 299 393
f 299 371 431
f 393 299 438
f 299 431 438
f 393 438 412
f 412 438 529
f 412 521 463
f 529 521 412
f 438 431 529
f 521 431 463
f 529 431 521
f 412 552 521
f 521 568 412
f 412 573 552
f 568 637 412
f 412 613 573
f 412 651 613
f 412 637 636
f 412 636 647
f 412 647 651
f 521 552 568
f 552 573 568
f 568 573 636
f 568 636 637
f 647 573 613
f 647 636 573
f 651 647 613
f 41 99 132
f 134 99 41
f 132 134 41
f 162 132 99
f 134 162 99
f 132 177 134
f 162 177 132
f 171 162 134
f 208 171 134
f 208 134 177
f 171 177 162
f 208 177 171
f 978 1076 1132
f 1193 1076 978
f 978 1178 1077
f 978 1077 1180
f 978 1132 1156
f 978 1156 1178
f 978 1180 1219
f 1261 1193 978
f 978 1219 1261
f 1132 1076 1193
f 1077 1178 1168
f 1077 1168 1180
f 1132 1222 1156
f 1132 1193 1222
f 1322 1178 1156
f 1156 1222 1204
f 1204 1322 1156
f 1170 1168 1178
f 1168 1170 1180
f 1264 1170 1178
f 1170 1219 1180
f 1170 1237 1219
f 1264 1237 1170
f 1299 1264 1178
f 1178 1322 1299
f 1193 1261 1222
f 1204 1222 1247
f 1276 1204 1247
f 1276 1322 1204
f 1237 1261 1219
f 1261 1247 1222
f 1355 1261 1237
f 1264 1299 1237
f 1299 1355 1237
f 1261 1271 1247
f 1276 1247 1271
f 1261 1356 1271
f 1404 1261 1355
f 1414 1356 1261
f 1404 1414 1261
f 1276 1271 1322
f 1271 1356 1322
f 1299 1322 1361
f 1361 1355 1299
f 1414 1322 1356
f 1361 1322 1414
f 1355 1361 1404
f 1361 1432 1404
f 1361 1414 1432
f 1432 1414 1404
f 603 556 487
f 556 859 487
f 487 589 603
f 840 589 487
f 842 840 487
f 487 859 842
f 556 603 868
f 556 868 859
f 603 589 622
f 840 622 589
f 603 622 868
f 840 845 622
f 622 845 868
f 840 842 845
f 859 845 842
f 859 868 845
f 1575 1611 1650
f 1780 1611 1575
f 1780 1575 1650
f 1650 1611 1635
f 1611 1666 1635
f 1780 1666 1611
f 1650 1635 1780
f 1780 1635 1666
f 523 589 487
f 487 853 523
f 487 589 840
f 840 853 487
f 566 589 523
f 894 566 523
f 853 894 523
f 564 619 609
f 824 564 609
f 706 619 564
f 706 564 824
f 589 566 622
f 566 602 653
f 824 602 566
f 655 622 566
f 655 566 653
f 824 566 894
f 840 589 622
f 602 619 702
f 824 619 602
f 698 653 602
f 602 702 698
f 824 609 619
f 706 702 619
f 894 622 655
f 845 840 622
f 845 622 868
f 868 622 889
f 889 622 894
f 655 653 698
f 655 698 824
f 894 655 824
f 698 702 824
f 702 706 824
f 853 840 845
f 853 845 889
f 868 889 845
f 894 853 889
f 1666 1858 1684
f 1666 1684 1929
f 1780 1858 1666
f 1929 1780 1666
f 1684 1858 1910
f 1881 1684 1910
f 1684 1881 1954
f 1684 1954 1929
f 1855 1854 1780
f 1780 1854 1858
f 1855 1780 1929
f 1855 1936 1854
f 1936 1858 1854
f 1943 1855 1929
f 2030 1936 1855
f 2030 1855 1943
f 1910 1858 1933
f 1933 1858 1936
f 1881 1910 1933
f 1963 1881 1933
f 1954 1881 1963
f 1929 1963 1943
f 1954 1963 1929
f 1933 1936 2030
f 1963 1933 1987
f 1933 2030 1987
f 1943 1963 1987
f 1987 2030 1943
f 1873 1879 1876
f 1892 1873 1876
f 1879 1873 1892
f 1876 1879 1901
f 1892 1876 2091
f 2091 1876 1901
f 1901 1879 1892
f 2091 1901 1892
f 2112 2106 2131
f 2106 2112 2304
f 2304 2131 2106
f 2112 2131 2124
f 2112 2124 2304
f 2124 2131 2146
f 2146 2247 2124
f 2124 2247 2147
f 2124 2147 2304
f 2304 2146 2131
f 2304 2247 2146
f 2147 2247 2304
f 163 157 139
f 199 139 157
f 163 139 199
f 179 157 163
f 199 157 179
f 199 179 163
f 2101 2097 2098
f 2195 2098 2097
f 2097 2101 2293
f 2097 2293 2195
f 2098 2099 2102
f 2195 2099 2098
f 2101 2098 2107
f 2102 2127 2098
f 2107 2098 2127
f 2099 2100 2102
f 2195 2100 2099
f 2456 2102 2100
f 2456 2100 2195
f 2101 2107 2301
f 2101 2301 2293
f 2127 2102 2171
f 2171 2102 2222
f 2456 2222 2102
f 2107 2127 2456
f 2301 2107 2456
f 2127 2171 2456
f 2222 2240 2171
f 2171 2240 2456
f 2285 2276 2195
f 2195 2276 2323
f 2293 2285 2195
f 2195 2323 2416
f 2195 2416 2480
f 2195 2535 2456
f 2195 2480 2535
f 2222 2227 2240
f 2456 2227 2222
f 2240 2227 2370
f 2456 2370 2227
f 2456 2240 2370
f 2323 2276 2285
f 2285 2293 2480
f 2285 2416 2323
f 2285 2480 2416
f 2293 2301 2407
f 2442 2293 2407
f 2480 2293 2442
f 2301 2456 2407
f 2442 2407 2456
f 2535 2442 2456
f 2480 2442 2535
f 357 314 286
f 412 286 314
f 412 357 286
f 314 357 412
f 2375 2361 2346
f 2684 2346 2361
f 2737 2375 2346
f 2671 2346 2684
f 2737 2346 2671
f 2361 2375 2445
f 2563 2425 2361
f 2684 2361 2425
f 2563 2361 2445
f 2445 2375 2430
f 2686 2430 2375
f 2737 2686 2375
f 2428 2425 2479
f 2428 2684 2425
f 2479 2425 2563
f 2428 2479 2459
f 2459 2684 2428
f 2686 2445 2430
f 2589 2563 2445
f 2686 2589 2445
f 2459 2479 2825
f 2459 2733 2684
f 2776 2733 2459
f 2787 2776 2459
f 2459 2825 2787
f 2479 2563 2825
f 2589 2612 2563
f 2563 2612 2825
f 2825 2612 2589
f 2804 2589 2686
f 2804 2809 2589
f 2589 2809 2819
f 2819 2823 2589
f 2823 2825 2589
f 2684 2808 2671
f 2671 2743 2737
f 2808 2743 2671
f 2808 2684 2733
f 2686 2737 2743
f 2686 2743 2813
f 2812 2804 2686
f 2831 2812 2686
f 2686 2813 2831
f 2808 2733 2776
f 2809 2804 2743
f 2812 2743 2804
f 2809 2743 2808
f 2813 2743 2812
f 2776 2787 2825
f 2776 2823 2808
f 2776 2825 2823
f 2819 2809 2808
f 2819 2808 2823
f 2831 2813 2812
f 4 13 9
f 41 4 9
f 13 4 41
f 13 14 9
f 53 9 14
f 41 9 53
f 15 14 13
f 15 13 41
f 15 23 14
f 23 22 14
f 53 14 22
f 15 53 23
f 41 53 15
f 22 23 25
f 53 22 25
f 23 53 25
f 2071 2090 2080
f 2080 2374 2071
f 2090 2071 2395
f 2374 2367 2071
f 2395 2071 2367
f 2090 2193 2080
f 2093 2080 2168
f 2093 2374 2080
f 2080 2193 2168
f 2090 2136 2193
f 2136 2090 2395
f 2168 2374 2093
f 2183 2197 2136
f 2136 2395 2183
f 2197 2193 2136
f 2168 2193 2211
f 2168 2211 2374
f 2395 2197 2183
f 2233 2193 2197
f 2290 2211 2193
f 2290 2193 2233
f 2197 2395 2233
f 2290 2283 2211
f 2374 2211 2283
f 2290 2233 2648
f 2395 2618 2233
f 2233 2618 2642
f 2648 2233 2642
f 2290 2332 2283
f 2283 2332 2422
f 2374 2283 2388
f 2283 2422 2388
f 2290 2648 2332
f 2422 2332 2587
f 2332 2648 2587
f 2367 2374 2378
f 2395 2367 2378
f 2374 2388 2378
f 2618 2378 2388
f 2618 2395 2378
f 2618 2388 2422
f 2422 2587 2618
f 2642 2618 2587
f 2642 2587 2648
f 2189 2116 2154
f 2398 2154 2116
f 2116 2189 2257
f 2281 2116 2257
f 2281 2355 2116
f 2355 2398 2116
f 2252 2189 2154
f 2440 2252 2154
f 2440 2154 2398
f 2303 2189 2252
f 2257 2189 2310
f 2303 2272 2189
f 2272 2572 2189
f 2310 2189 2557
f 2189 2572 2557
f 2289 2361 2252
f 2289 2252 2440
f 2361 2303 2252
f 2257 2310 2281
f 2272 2303 2306
f 2306 2572 2272
f 2281 2310 2549
f 2355 2281 2549
f 2289 2346 2361
f 2346 2289 2440
f 2303 2424 2306
f 2303 2361 2425
f 2303 2425 2424
f 2306 2424 2405
f 2306 2405 2572
f 2549 2310 2557
f 2684 2361 2346
f 2346 2440 2489
f 2346 2489 2640
f 2346 2640 2671
f 2684 2346 2671
f 2398 2355 2549
f 2425 2361 2684
f 2489 2440 2398
f 2489 2398 2549
f 2684 2405 2424
f 2405 2631 2572
f 2660 2631 2405
f 2660 2405 2684
f 2684 2424 2425
f 2640 2489 2549
f 2660 2549 2557
f 2684 2640 2549
f 2660 2684 2549
f 2572 2660 2557
f 2631 2660 2572
f 2684 2671 2640
f 1054 1156 1152
f 1054 1152 1178
f 1178 1156 1054
f 1156 1167 1152
f 1152 1167 1179
f 1152 1179 1178
f 1178 1167 1156
f 1178 1179 1167
f 3055 2875 2882
f 3125 2882 2875
f 3055 2948 2875
f 3137 2875 2948
f 3125 2875 3126
f 3126 2875 3137
f 2882 2884 3021
f 2884 2882 3125
f 3023 2882 3021
f 3055 2882 3023
f 3021 2884 2888
f 2884 3135 2888
f 3125 3135 2884
f 3000 3021 2888
f 2888 3135 3000
f 2981 2948 3055
f 2981 3137 2948
f 3046 2981 3047
f 2981 3046 3179
f 2981 3055 3047
f 2981 3144 3137
f 3179 3144 2981
f 3182 3021 3000
f 3135 3149 3000
f 3000 3149 3165
f 3165 3182 3000
f 3023 3021 3182
f 3036 3055 3023
f 3023 3203 3036
f 3182 3201 3023
f 3023 3201 3203
f 3055 3036 3207
f 3203 3207 3036
f 3207 3046 3047
f 3046 3189 3179
f 3189 3046 3200
f 3200 3046 3207
f 3055 3063 3047
f 3047 3063 3207
f 3207 3063 3055
f 3125 3126 3137
f 3135 3125 3144
f 3144 3125 3137
f 3135 3144 3165
f 3149 3135 3165
f 3182 3165 3144
f 3144 3179 3182
f 3182 3179 3200
f 3179 3189 3200
f 3182 3200 3201
f 3201 3200 3207
f 3201 3207 3203
f 1414 1432 1470
f 1481 1432 1414
f 1414 1470 1567
f 1510 1481 1414
f 1414 1567 1510
f 1432 1481 1470
f 1470 1481 1515
f 1515 1567 1470
f 1601 1481 1510
f 1481 1553 1515
f 1481 1601 1553
f 1567 1576 1510
f 1510 1576 1601
f 1515 1553 1614
f 1614 1567 1515
f 1553 1601 1602
f 1553 1602 1614
f 1614 1576 1567
f 1576 1632 1601
f 1614 1632 1576
f 1602 1601 1646
f 1601 1632 1668
f 1646 1601 1668
f 1602 1646 1614
f 1662 1632 1614
f 1614 1646 1662
f 1668 1632 1662
f 1646 1667 1662
f 1646 1669 1667
f 1646 1668 1669
f 1668 1662 1667
f 1668 1667 1669
f 533 493 516
f 641 516 493
f 493 533 641
f 533 516 638
f 641 607 516
f 607 784 516
f 638 516 784
f 533 638 641
f 978 607 641
f 978 784 607
f 641 638 799
f 843 638 784
f 799 638 843
f 641 799 802
f 641 802 978
f 784 907 843
f 978 907 784
f 802 799 907
f 799 843 907
f 978 802 907
f 765 904 757
f 765 757 978
f 904 1178 757
f 915 757 911
f 911 757 918
f 956 757 915
f 918 757 1178
f 998 757 956
f 978 757 998
f 765 830 888
f 830 765 978
f 904 765 888
f 830 855 888
f 855 830 978
f 855 1178 888
f 978 1178 855
f 888 1178 904
f 911 918 915
f 956 915 918
f 956 918 1065
f 1065 918 1178
f 998 956 1065
f 978 998 1072
f 978 1072 1077
f 978 1077 1178
f 1072 998 1065
f 1072 1065 1099
f 1099 1065 1178
f 1100 1077 1072
f 1099 1100 1072
f 1100 1168 1077
f 1178 1077 1168
f 1100 1099 1178
f 1168 1100 1178
f 978 1052 959
f 959 1076 978
f 1076 959 1052
f 1149 1052 978
f 978 1076 1193
f 1261 1149 978
f 978 1193 1261
f 1076 1052 1149
f 1193 1076 1149
f 1261 1182 1149
f 1149 1182 1269
f 1222 1193 1149
f 1222 1149 1269
f 1255 1182 1261
f 1182 1255 1269
f 1261 1193 1222
f 1261 1222 1247
f 1222 1269 1247
f 1261 1247 1271
f 1247 1269 1271
f 1314 1255 1261
f 1269 1255 1314
f 1261 1271 1356
f 1261 1411 1314
f 1261 1356 1414
f 1404 1261 1414
f 1261 1404 1567
f 1261 1463 1411
f 1261 1567 1463
f 1271 1269 1356
f 1269 1314 1411
f 1269 1411 1356
f 1356 1411 1414
f 1404 1414 1432
f 1404 1432 1470
f 1567 1404 1470
f 1411 1463 1414
f 1432 1414 1470
f 1414 1463 1567
f 1414 1567 1470
f 179 187 157
f 179 157 199
f 199 157 187
f 179 191 187
f 191 179 199
f 191 256 187
f 199 187 412
f 187 256 412
f 257 191 199
f 191 257 256
f 199 267 257
f 412 267 199
f 257 261 256
f 412 256 261
f 257 267 261
f 267 314 261
f 412 261 314
f 314 267 412
f 2430 2441 2445
f 2441 2430 2686
f 2686 2430 2445
f 2441 2575 2445
f 2519 2575 2441
f 2519 2441 2686
f 2575 2588 2445
f 2445 2588 2589
f 2686 2445 2589
f 2686 2575 2519
f 2575 2584 2588
f 2686 2584 2575
f 2686 2588 2584
f 2686 2589 2588
f 1924 1894 2000
f 1924 2013 1894
f 1894 2039 2000
f 1894 2013 2025
f 1894 2025 2041
f 1894 2042 2039
f 1894 2041 2042
f 1924 1951 1959
f 1951 1924 1974
f 1924 1959 1999
f 1924 2000 1974
f 1924 1999 2013
f 1951 1974 1959
f 1974 1999 1959
f 1974 2000 1999
f 2013 1999 2000
f 2013 2000 2025
f 2000 2039 2025
f 2025 2039 2041
f 2041 2039 2042
f 347 331 314
f 314 331 412
f 357 347 314
f 412 357 314
f 331 347 337
f 331 337 412
f 412 337 347
f 412 347 357
f 2547 2517 2531
f 2820 2531 2517
f 2547 2633 2517
f 2517 2633 2790
f 2779 2517 2764
f 2517 2790 2764
f 2779 2802 2517
f 2802 2820 2517
f 2898 2547 2531
f 2839 2531 2820
f 2839 2898 2531
f 2547 2664 2633
f 2547 2898 2664
f 2665 2645 2633
f 2633 2645 2790
f 2665 2633 2664
f 2645 2758 2653
f 2792 2645 2653
f 2665 2758 2645
f 2790 2645 2792
f 2653 2697 2673
f 2934 2653 2673
f 2653 2758 2697
f 2846 2792 2653
f 2846 2653 2934
f 2664 2932 2665
f 2664 2898 2906
f 2906 2932 2664
f 2665 2932 2758
f 2962 2673 2697
f 2934 2673 2962
f 2767 2697 2758
f 2767 2769 2697
f 2962 2697 2769
f 2758 2932 2767
f 2906 2779 2764
f 2790 2906 2764
f 2794 2769 2767
f 2767 2958 2794
f 2932 2958 2767
f 2794 2803 2769
f 2769 2803 3084
f 2962 2769 2966
f 2966 2769 3039
f 3039 2769 3071
f 2769 3084 3071
f 2839 2802 2779
f 2898 2839 2779
f 2898 2779 2906
f 2792 2932 2790
f 2932 2906 2790
f 2846 2967 2792
f 2958 2932 2792
f 2967 2958 2792
f 2794 2816 2803
f 2794 2958 2816
f 2802 2839 2820
f 2816 3084 2803
f 2958 2967 2816
f 2816 2967 2989
f 2989 3033 2816
f 2816 3033 3054
f 2816 3054 3067
f 2816 3067 3074
f 2816 3074 3084
f 2846 2934 2962
f 2846 2962 2966
f 2846 2966 2989
f 2846 2989 2967
f 2989 2966 3033
f 3033 2966 3065
f 3065 2966 3039
f 3033 3065 3054
f 3065 3039 3071
f 3067 3054 3065
f 3067 3065 3074
f 3084 3065 3071
f 3074 3065 3084
f 3068 3027 3031
f 3031 3027 3206
f 3068 3199 3027
f 3027 3199 3204
f 3206 3027 3204
f 3031 3081 3068
f 3031 3206 3081
f 3068 3081 3093
f 3068 3095 3083
f 3068 3083 3199
f 3068 3093 3095
f 3081 3206 3093
f 3083 3095 3090
f 3090 3205 3083
f 3083 3205 3199
f 3222 3090 3095
f 3090 3221 3205
f 3221 3090 3222
f 3093 3226 3095
f 3206 3227 3093
f 3093 3227 3226
f 3222 3095 3226
f 3199 3205 3204
f 3205 3222 3204
f 3206 3204 3226
f 3204 3222 3226
f 3205 3221 3222
f 3227 3206 3226
f 1178 1256 1185
f 1264 1178 1185
f 1586 1256 1178
f 1365 1178 1264
f 1586 1178 1365
f 1256 1264 1185
f 1256 1368 1264
f 1586 1368 1256
f 1368 1365 1264
f 1368 1469 1365
f 1493 1365 1469
f 1586 1365 1493
f 1586 1469 1368
f 1469 1489 1498
f 1586 1489 1469
f 1469 1498 1493
f 1498 1489 1577
f 1586 1577 1489
f 1493 1498 1586
f 1498 1577 1578
f 1498 1578 1586
f 1577 1589 1578
f 1586 1589 1577
f 1578 1589 1586
f 1099 1102 1100
f 1100 1178 1099
f 1178 1102 1099
f 1102 1129 1100
f 1100 1129 1168
f 1168 1178 1100
f 1178 1129 1102
f 1129 1169 1168
f 1185 1169 1129
f 1178 1185 1129
f 1168 1169 1178
f 1169 1185 1178
f 13 4 12
f 41 12 4
f 4 13 41
f 16 13 12
f 41 16 12
f 31 15 13
f 13 15 41
f 16 31 13
f 26 23 15
f 15 23 53
f 29 26 15
f 31 29 15
f 15 53 41
f 41 31 16
f 23 24 25
f 24 23 26
f 25 53 23
f 25 24 53
f 24 26 53
f 26 29 104
f 104 53 26
f 29 31 108
f 29 107 104
f 108 107 29
f 41 99 31
f 31 99 122
f 31 122 108
f 41 53 97
f 96 84 41
f 41 84 99
f 41 97 96
f 97 53 104
f 96 99 84
f 97 122 96
f 96 122 99
f 97 104 107
f 107 108 97
f 97 108 122
f 855 780 871
f 978 780 855
f 871 780 978
f 978 855 871
f 955 963 977
f 963 955 978
f 978 955 977
f 963 1069 977
f 1069 963 978
f 978 977 1039
f 1039 977 1069
f 978 1039 1044
f 978 1044 1077
f 1077 1069 978
f 1039 1069 1044
f 1069 1077 1044
f 624 580 471
f 471 580 639
f 732 624 471
f 471 639 677
f 471 677 679
f 679 761 471
f 471 748 732
f 471 761 748
f 624 639 580
f 758 639 624
f 758 624 732
f 639 774 677
f 758 774 639
f 679 677 774
f 679 769 761
f 679 808 769
f 679 774 786
f 786 810 679
f 679 807 808
f 679 810 807
f 732 748 758
f 758 748 761
f 758 761 769
f 769 807 758
f 786 774 758
f 758 810 786
f 807 810 758
f 769 808 807
f 822 872 895
f 908 872 822
f 822 895 958
f 822 958 908
f 908 895 872
f 958 895 908
f 1706 1861 1654
f 1654 1927 1706
f 1861 1810 1654
f 1654 1810 1927
f 1867 1706 1734
f 1706 1927 1734
f 1867 1861 1706
f 1867 1734 1751
f 1734 1918 1751
f 1994 1918 1734
f 1927 1979 1734
f 1979 1994 1734
f 1841 1759 1751
f 1867 1751 1759
f 1841 1751 1920
f 1918 1920 1751
f 1759 1841 1867
f 1810 1861 1823
f 1927 1810 1823
f 1823 1861 2052
f 1823 1871 1927
f 1871 1823 2062
f 2062 1823 2052
f 1846 1841 1848
f 1841 1846 1867
f 1841 1920 1848
f 1867 1846 1848
f 1867 1848 1920
f 1867 1849 1861
f 1861 1849 1946
f 1946 1849 1867
f 1985 1861 1946
f 1985 2052 1861
f 1939 1918 1867
f 1867 1918 2156
f 1867 1920 1939
f 1867 1985 1946
f 1867 2052 1985
f 1867 2062 2052
f 2062 1867 2156
f 1871 1970 1927
f 2062 1970 1871
f 1918 1939 1920
f 1990 1918 1994
f 2156 1918 1990
f 1927 1970 2087
f 1927 2087 1979
f 2156 1970 2062
f 2087 1970 2182
f 2182 1970 2156
f 2243 1994 1979
f 1979 2087 2142
f 2243 1979 2142
f 1994 2012 1990
f 2012 2016 1990
f 2243 1990 2016
f 2191 2156 1990
f 2191 1990 2243
f 2012 1994 2243
f 2015 2022 2012
f 2015 2012 2243
f 2012 2022 2016
f 2015 2024 2022
f 2024 2015 2243
f 2243 2016 2022
f 2022 2024 2243
f 2142 2087 2182
f 2142 2182 2170
f 2243 2142 2170
f 2182 2156 2185
f 2185 2156 2191
f 2170 2182 2243
f 2182 2185 2191
f 2182 2191 2243
f 1867 1902 1849
f 1867 1849 1946
f 1946 1849 1902
f 1867 1923 1902
f 1935 1923 1867
f 1946 1935 1867
f 1902 1923 1935
f 1946 1902 1935
f 1512 1525 1518
f 1512 1518 1834
f 1690 1525 1512
f 1566 1690 1512
f 1566 1512 1834
f 1525 1551 1518
f 1744 1518 1551
f 1808 1518 1744
f 1852 1518 1808
f 1852 1834 1518
f 1525 1540 1551
f 1525 1572 1540
f 1525 1583 1557
f 1557 1817 1525
f 1525 1801 1572
f 1690 1583 1525
f 1525 1817 1801
f 1744 1551 1540
f 1572 1744 1540
f 1557 1583 1817
f 1690 1566 1560
f 1560 1566 1806
f 1603 1560 1687
f 1690 1560 1603
f 1806 1687 1560
f 1806 1566 1834
f 1808 1744 1572
f 1801 1808 1572
f 1595 1623 1583
f 1690 1595 1583
f 1623 1791 1583
f 1817 1583 1791
f 1690 1623 1595
f 1690 1603 1687
f 1690 1705 1623
f 1623 1705 1765
f 1765 1791 1623
f 1687 1806 1690
f 1690 1757 1705
f 1762 1757 1690
f 1690 1765 1762
f 1690 1791 1765
f 1690 1818 1791
f 1806 1834 1690
f 1852 1818 1690
f 1834 1852 1690
f 1705 1757 1762
f 1765 1705 1762
f 1817 1791 1818
f 1808 1801 1818
f 1818 1801 1817
f 1808 1818 1852
f 470 468 479
f 468 470 641
f 641 479 468
f 473 470 482
f 470 473 641
f 470 479 482
f 476 473 482
f 473 476 641
f 516 476 482
f 493 476 516
f 476 493 641
f 482 479 512
f 641 512 479
f 482 512 607
f 482 607 516
f 641 493 516
f 641 607 512
f 641 516 607
f 2100 1966 2086
f 2195 2086 1966
f 1966 2100 2195
f 2195 2100 2086
f 2241 2256 2260
f 2256 2241 2339
f 2339 2241 2260
f 2260 2256 2389
f 2389 2256 2339
f 2339 2260 2357
f 2260 2389 2357
f 2339 2357 2362
f 2362 2462 2339
f 2402 2389 2339
f 2402 2339 2610
f 2462 2610 2339
f 2362 2357 2462
f 2357 2389 2529
f 2462 2357 2529
f 2389 2402 2678
f 2678 2529 2389
f 2402 2610 2526
f 2678 2402 2526
f 2462 2529 2709
f 2462 2637 2610
f 2462 2709 2637
f 2582 2678 2526
f 2719 2582 2526
f 2526 2610 2639
f 2639 2719 2526
f 2529 2678 2901
f 2709 2529 2901
f 2666 2678 2582
f 2920 2666 2582
f 2920 2582 2719
f 2637 2639 2610
f 2639 2637 2709
f 2719 2639 2709
f 2678 2666 2692
f 2692 2666 2705
f 2920 2705 2666
f 2901 2678 2692
f 2692 2705 2728
f 2901 2692 2728
f 2920 2728 2705
f 2901 2719 2709
f 2920 2719 2901
f 2901 2728 2957
f 2957 2728 2920
f 2920 2901 2957
f 968 904 927
f 1178 927 904
f 904 968 1178
f 927 967 976
f 1178 967 927
f 968 927 976
f 976 967 1023
f 1178 1023 967
f 968 976 988
f 968 988 1178
f 988 976 1054
f 976 1023 1095
f 976 1095 1054
f 988 1054 1178
f 1023 1156 1095
f 1178 1156 1023
f 1054 1095 1156
f 1178 1054 1156
f 2888 2854 2883
f 3119 2883 2854
f 3076 2854 2888
f 3116 2854 3076
f 3116 3119 2854
f 3135 2888 2883
f 3120 2883 3119
f 3120 3135 2883
f 3076 2888 3135
f 3116 3076 3135
f 3116 3120 3119
f 3116 3135 3120
f 823 846 788
f 788 933 823
f 788 846 851
f 788 851 933
f 823 893 846
f 1009 893 823
f 823 933 1009
f 851 846 893
f 933 851 893
f 933 893 983
f 1009 983 893
f 1036 933 983
f 933 1036 1009
f 1118 983 1009
f 1141 1036 983
f 1141 983 1118
f 1009 1036 1141
f 1009 1141 1118
f 757 905 828
f 828 911 757
f 757 911 905
f 905 911 828
f 636 637 412
f 647 636 412
f 637 642 412
f 642 822 412
f 651 647 412
f 412 835 651
f 412 822 835
f 637 636 642
f 700 642 636
f 700 636 647
f 642 700 822
f 647 651 860
f 647 825 700
f 647 860 825
f 651 835 860
f 825 822 700
f 822 825 860
f 837 835 822
f 872 837 822
f 822 860 895
f 822 895 872
f 837 860 835
f 895 860 837
f 872 895 837
f 808 807 679
f 807 810 679
f 679 818 808
f 810 892 679
f 679 892 818
f 808 818 807
f 807 892 810
f 807 818 892
f 871 907 936
f 978 907 871
f 871 936 951
f 978 871 951
f 936 907 978
f 959 951 936
f 959 936 1052
f 1052 936 978
f 978 951 959
f 978 959 1052
f 855 871 952
f 871 855 978
f 978 855 952
f 952 871 951
f 978 951 871
f 952 951 959
f 978 959 951
f 978 952 959
f 3049 3032 3104
f 3049 3213 3032
f 3032 3056 3104
f 3056 3032 3194
f 3213 3194 3032
f 3049 3091 3087
f 3049 3087 3213
f 3104 3091 3049
f 3056 3075 3104
f 3075 3056 3216
f 3056 3194 3216
f 3075 3089 3092
f 3089 3075 3216
f 3075 3092 3098
f 3075 3098 3104
f 3091 3088 3087
f 3213 3087 3088
f 3220 3088 3091
f 3217 3213 3088
f 3218 3217 3088
f 3220 3218 3088
f 3089 3090 3092
f 3090 3089 3216
f 3221 3092 3090
f 3090 3216 3221
f 3220 3091 3104
f 3092 3221 3098
f 3220 3104 3098
f 3224 3220 3098
f 3221 3224 3098
f 3216 3194 3209
f 3209 3194 3224
f 3220 3194 3213
f 3220 3224 3194
f 3209 3224 3216
f 3215 3213 3217
f 3213 3215 3218
f 3213 3218 3220
f 3218 3215 3217
f 3224 3221 3216
f 3053 2977 2984
f 2977 3181 2984
f 3053 3181 2977
f 3053 2984 2987
f 2987 2984 3183
f 3181 3183 2984
f 2987 2985 3064
f 3185 2985 2987
f 3064 2985 3045
f 3045 2985 3185
f 3053 2987 3064
f 3185 2987 3183
f 3064 3045 3079
f 3045 3078 3080
f 3078 3045 3185
f 3079 3045 3080
f 3053 3064 3181
f 3064 3079 3181
f 3080 3078 3085
f 3078 3196 3085
f 3196 3078 3185
f 3080 3217 3079
f 3181 3079 3197
f 3079 3198 3197
f 3079 3210 3198
f 3211 3210 3079
f 3212 3211 3079
f 3217 3212 3079
f 3085 3088 3080
f 3088 3217 3080
f 3088 3085 3196
f 3088 3196 3208
f 3088 3208 3214
f 3088 3214 3217
f 3181 3198 3183
f 3181 3197 3198
f 3186 3185 3183
f 3186 3183 3187
f 3198 3187 3183
f 3185 3186 3210
f 3196 3185 3210
f 3187 3198 3186
f 3198 3210 3186
f 3208 3196 3211
f 3211 3196 3210
f 3208 3211 3212
f 3208 3212 3214
f 3214 3212 3217
f 1169 1170 1168
f 1169 1168 1178
f 1178 1168 1170
f 1185 1170 1169
f 1185 1169 1178
f 1178 1170 1264
f 1185 1264 1170
f 1178 1264 1185
f 2424 2428 2405
f 2424 2405 2684
f 2405 2428 2459
f 2787 2405 2459
f 2631 2660 2405
f 2765 2631 2405
f 2405 2660 2684
f 2765 2405 2787
f 2424 2425 2428
f 2424 2684 2425
f 2425 2684 2428
f 2428 2684 2459
f 2459 2684 2733
f 2459 2733 2776
f 2459 2776 2787
f 2776 2660 2631
f 2776 2631 2765
f 2733 2684 2660
f 2733 2660 2776
f 2765 2787 2776
f 2921 2973 2919
f 2919 3155 2921
f 2973 3162 2919
f 3162 3155 2919
f 2950 2986 2921
f 2950 2921 3155
f 2986 2973 2921
f 2971 2986 2950
f 2950 3184 2971
f 2950 3155 3184
f 2976 2986 2971
f 2971 3184 2976
f 2973 2986 3008
f 3008 3162 2973
f 2998 2986 2976
f 2976 3184 2998
f 2986 2998 3089
f 3008 2986 3056
f 2986 3075 3056
f 3075 2986 3089
f 3068 2998 3022
f 2998 3184 3022
f 3089 2998 3068
f 3016 3008 3032
f 3016 3162 3008
f 3008 3056 3032
f 3016 3032 3162
f 3068 3022 3027
f 3022 3193 3027
f 3184 3193 3022
f 3027 3199 3068
f 3193 3199 3027
f 3056 3194 3032
f 3032 3175 3162
f 3032 3190 3175
f 3194 3190 3032
f 3075 3216 3056
f 3216 3194 3056
f 3068 3083 3089
f 3068 3199 3083
f 3075 3089 3216
f 3089 3083 3090
f 3205 3090 3083
f 3083 3199 3205
f 3089 3090 3216
f 3221 3090 3205
f 3090 3221 3216
f 3175 3155 3162
f 3175 3171 3155
f 3184 3155 3171
f 3171 3172 3176
f 3172 3171 3177
f 3177 3171 3175
f 3180 3171 3176
f 3184 3171 3180
f 3176 3172 3177
f 3177 3175 3190
f 3176 3177 3180
f 3180 3177 3216
f 3177 3190 3194
f 3177 3194 3209
f 3177 3209 3216
f 3184 3180 3216
f 3193 3184 3221
f 3184 3216 3221
f 3199 3193 3205
f 3193 3221 3205
f 3216 3209 3194
f 2479 2636 2459
f 2825 2479 2459
f 2459 2636 2635
f 2787 2459 2635
f 2825 2459 2787
f 2479 2563 2636
f 2825 2563 2479
f 2612 2636 2563
f 2612 2563 2825
f 2589 2598 2612
f 2598 2589 2859
f 2589 2612 2825
f 2589 2804 2686
f 2589 2686 2859
f 2589 2809 2804
f 2589 2819 2809
f 2589 2823 2819
f 2825 2823 2589
f 2598 2636 2612
f 2598 2616 2636
f 2598 2859 2616
f 2616 2661 2636
f 2661 2616 2880
f 2616 2859 2877
f 2616 2877 2880
f 2641 2635 2636
f 2787 2635 2641
f 2636 2662 2641
f 2661 2662 2636
f 2662 2658 2641
f 2658 2787 2641
f 2662 2691 2658
f 2658 2691 2840
f 2840 2787 2658
f 2661 2880 2662
f 2691 2662 3007
f 2662 2880 2974
f 3007 2662 2974
f 2686 2804 2812
f 2686 2812 2831
f 2686 2831 2859
f 2840 2691 2873
f 2873 2691 2969
f 2691 3007 2969
f 2787 2840 2825
f 2812 2804 2809
f 2812 2809 2877
f 2877 2809 2819
f 2831 2812 2859
f 2859 2812 2877
f 2819 2823 2880
f 2877 2819 2880
f 2825 2873 2823
f 2873 2880 2823
f 2825 2840 2873
f 2974 2880 2873
f 2969 2974 2873
f 2974 2969 3007
f 2919 2965 2904
f 2919 2904 3155
f 2904 2965 3158
f 2904 3147 3155
f 3158 3147 2904
f 2919 2973 2965
f 2973 2919 3162
f 2919 3155 3162
f 2965 2973 3014
f 3012 2965 3014
f 3012 3158 2965
f 3014 2973 3008
f 2973 3162 3008
f 3008 3016 3014
f 3008 3162 3016
f 3014 3158 3012
f 3014 3016 3032
f 3014 3032 3158
f 3016 3162 3032
f 3158 3032 3173
f 3162 3175 3032
f 3032 3192 3173
f 3032 3175 3190
f 3032 3190 3194
f 3194 3192 3032
f 3173 3155 3147
f 3158 3173 3147
f 3173 3162 3155
f 3175 3162 3173
f 3175 3173 3192
f 3190 3175 3192
f 3190 3192 3194
f 1575 1604 1616
f 1638 1604 1575
f 1575 1616 1611
f 1575 1611 1780
f 1780 1638 1575
f 1616 1604 1638
f 1611 1616 1622
f 1611 1622 1666
f 1780 1611 1666
f 1622 1616 1780
f 1780 1616 1638
f 1666 1622 1780
f 1395 1397 1403
f 1395 1521 1397
f 1395 1403 1430
f 1430 1521 1395
f 1397 1418 1403
f 1397 1405 1418
f 1604 1405 1397
f 1575 1397 1521
f 1575 1604 1397
f 1418 1400 1403
f 1430 1403 1400
f 1418 1417 1400
f 1400 1417 1450
f 1430 1400 1517
f 1517 1400 1450
f 1616 1418 1405
f 1616 1405 1604
f 1417 1418 1609
f 1450 1417 1609
f 1609 1418 1616
f 1430 1517 1590
f 1430 1590 1521
f 1517 1450 1548
f 1548 1450 1612
f 1612 1450 1609
f 1517 1548 1607
f 1517 1622 1590
f 1622 1517 1607
f 1575 1521 1590
f 1607 1548 1608
f 1548 1612 1608
f 1590 1611 1575
f 1616 1604 1575
f 1616 1575 1611
f 1611 1590 1622
f 1607 1608 1609
f 1607 1609 1616
f 1607 1616 1622
f 1609 1608 1612
f 1616 1611 1622
f 66 70 103
f 70 66 114
f 114 66 103
f 114 103 70
f 2305 2346 2289
f 2305 2289 2532
f 2346 2440 2289
f 2289 2440 2468
f 2532 2289 2468
f 2305 2332 2346
f 2305 2648 2332
f 2532 2648 2305
f 2346 2332 2671
f 2332 2648 2659
f 2671 2332 2659
f 2346 2489 2440
f 2346 2640 2489
f 2671 2640 2346
f 2468 2440 2489
f 2640 2468 2489
f 2659 2532 2468
f 2659 2468 2640
f 2659 2648 2532
f 2671 2659 2640
f 1596 1552 1556
f 1552 1636 1556
f 1585 1552 1596
f 1552 1585 1636
f 1596 1556 1575
f 1650 1575 1556
f 1650 1556 1636
f 1611 1596 1575
f 1575 1650 1611
f 1585 1596 1624
f 1585 1624 1636
f 1596 1611 1635
f 1596 1635 1624
f 1611 1650 1635
f 1635 1650 1624
f 1624 1650 1636
f 2198 2197 2183
f 2395 2183 2197
f 2183 2457 2198
f 2395 2432 2183
f 2183 2432 2457
f 2233 2197 2198
f 2233 2395 2197
f 2204 2233 2198
f 2198 2457 2204
f 2233 2204 2618
f 2204 2457 2564
f 2618 2204 2564
f 2618 2395 2233
f 2564 2432 2395
f 2618 2564 2395
f 2564 2457 2432
f 84 88 41
f 41 99 84
f 88 91 41
f 41 91 92
f 41 92 99
f 84 99 88
f 88 92 91
f 88 99 92
f 1865 1665 1826
f 1826 1665 1869
f 1847 1665 1865
f 1665 1847 1869
f 1865 1826 1872
f 1872 1826 1869
f 1872 1847 1865
f 1869 1847 1872
f 823 817 785
f 785 817 832
f 823 785 832
f 823 856 817
f 832 817 920
f 817 856 920
f 823 832 920
f 920 856 823
f 2682 2811 2730
f 2730 2997 2682
f 2997 2811 2682
f 2730 2811 2834
f 2730 2834 3108
f 3108 2997 2730
f 2852 2811 2827
f 2997 2827 2811
f 2834 2811 2852
f 2852 2827 2858
f 3025 2858 2827
f 2997 3025 2827
f 2852 3108 2834
f 2852 2858 2875
f 2875 3108 2852
f 3025 2875 2858
f 3102 2875 3025
f 3102 3126 2875
f 3112 3108 2875
f 3112 2875 3126
f 2997 3108 3025
f 3102 3025 3108
f 3102 3108 3112
f 3102 3112 3126
f 1488 1505 1475
f 1475 1697 1488
f 1505 1697 1475
f 1500 1505 1488
f 1500 1488 1507
f 1488 1697 1507
f 1618 1505 1500
f 1500 1507 1535
f 1618 1500 1535
f 1618 1681 1505
f 1505 1681 1697
f 1507 1697 1535
f 1535 1649 1618
f 1649 1535 1758
f 1535 1697 1731
f 1535 1731 1758
f 1618 1649 1621
f 1621 1758 1618
f 1618 1758 1681
f 1621 1649 1683
f 1683 1758 1621
f 1649 1758 1683
f 1681 1731 1697
f 1758 1731 1681
f 1865 1847 1872
f 1865 1934 1847
f 1872 1847 1869
f 1869 1847 2077
f 1847 1934 2077
f 1865 1872 1934
f 1872 1869 1934
f 1934 1869 2077
f 1455 1547 1562
f 1455 1588 1547
f 1588 1455 1562
f 1547 1588 1558
f 1558 1892 1547
f 1562 1547 1599
f 1599 1547 1752
f 1547 1892 1752
f 1606 1558 1588
f 1675 1558 1606
f 1675 1892 1558
f 1598 1588 1562
f 1599 1598 1562
f 1606 1588 1598
f 1631 1598 1599
f 1606 1598 1631
f 1599 1752 1631
f 1631 1674 1606
f 1606 1674 1675
f 1631 1752 1674
f 1674 1716 1675
f 1674 1752 1716
f 1716 1717 1675
f 1717 1892 1675
f 1716 1729 1717
f 1716 1752 1729
f 1729 1892 1717
f 1752 1892 1729
f 1856 1846 1853
f 1853 1846 2128
f 1846 1856 1937
f 1867 1846 1923
f 1867 2050 1846
f 1923 1846 1928
f 1937 1928 1846
f 1846 2050 2128
f 1856 1853 1903
f 1853 1917 1903
f 1853 2128 1917
f 1856 1903 2128
f 1937 1856 1989
f 1856 2128 1989
f 1867 1923 1935
f 1867 1935 1946
f 1946 2050 1867
f 1903 1917 2128
f 1935 1923 1928
f 1935 1928 1989
f 1928 1937 1989
f 1946 1935 2002
f 2002 1935 1989
f 1946 2002 2050
f 2050 2002 1989
f 2128 2050 1989
f 716 663 788
f 663 716 823
f 823 788 663
f 823 716 788
f 757 821 827
f 757 887 821
f 757 827 828
f 828 905 757
f 757 905 887
f 827 821 887
f 827 905 828
f 887 905 827
f 354 356 361
f 524 356 354
f 361 697 354
f 658 524 354
f 665 658 354
f 670 665 354
f 697 670 354
f 361 356 358
f 524 358 356
f 379 361 358
f 358 367 388
f 524 367 358
f 358 388 379
f 741 361 379
f 741 697 361
f 388 367 398
f 398 367 395
f 395 367 751
f 524 661 367
f 661 666 367
f 367 666 687
f 751 367 687
f 741 379 388
f 741 388 398
f 398 395 411
f 751 411 395
f 741 398 411
f 741 411 751
f 658 661 524
f 658 665 661
f 665 670 661
f 661 670 666
f 670 697 666
f 666 697 687
f 697 741 687
f 751 687 741

