MODEL_NAME: jigsaw_finetune_everyday_double_attn_correct_ds_correct_params
MODULE: experiments
BATCH_SIZE: 4
NUM_WORKERS: 8
LOG_FILE_NAME: 
MODEL_SAVE_PATH: results/jigsaw_finetune_everyday_double_attn_correct_ds_correct_params/model_save
DATASET: breaking_bad.all_piece_matching
PROJECT: jigsaw
TRAIN:
  NUM_EPOCHS: 100
  OPTIMIZER: SGD
  LR: 0.0001
  PAIR_LR_MULT: 10.0
  LR_SCHEDULER: cosine
  LR_DECAY: 100.0
  LR_STEP: [10, 20]
  WARMUP_RATIO: 0.0
  CLIP_GRAD: None
  beta1: 0
  beta2: 0.9
  WEIGHT_DECAY: 0.0
  MOMENTUM: 0.9
  VAL_EVERY: 5
  VIS: True
  VAL_SAMPLE_VIS: 5
  LOSS: 
CALLBACK:
  MATCHING_TASK: ['trans']
  CHECKPOINT_MONITOR: val/mat_f1
  CHECKPOINT_MODE: max
LOSS:
EVAL:
GPUS: [0]
PARALLEL_STRATEGY: ddp
FP16: False
CUDNN: False
WEIGHT_FILE: checkpoint/jigsaw_multi_4x4_128_512_250e_cosine_everyday_weights.pt
OUTPUT_PATH: results/jigsaw_finetune_everyday_double_attn_correct_ds_correct_params
STATISTIC_STEP: 100
RANDOM_SEED: 42
STATS: ./results/jigsaw_finetune_everyday_double_attn_correct_ds_correct_params/stats/eval
MODEL:
  ROT_TYPE: rmat
  PC_FEAT_DIM: 128
  AFF_FEAT_DIM: 512
  AFFINITY: aff_dual
  ENCODER: pointnet2_pt.msg.dynamic
  TEST_S_MASK: True
  PC_CLS_METHOD: multi
  PC_NUM_CLS: 2
  SINKHORN_MAXITER: 20
  SINKHORN_TAU: 0.05
  TF_NUM_HEADS: 8
  TF_NUM_SAMPLE: 16
  USE_PAIR_BIAS: False
  USE_DOUBLE_ATTN: True
  LOSS:
    w_cls_loss: 1.0
    w_mat_loss: 1.0
    mat_epoch: 0
    w_rig_loss: 1.0
    rig_epoch: 30
DATA:
  DATA_DIR: /workspace/everyday_all_2
  DATA_FN: everyday.{}.txt
  DATA_KEYS: ('part_ids',)
  SUBSET: everyday
  CATEGORY: 
  ALL_CATEGORY: ['BeerBottle', 'Bowl', 'Cup', 'DrinkingUtensil', 'Mug', 'Plate', 'Spoon', 'Teacup', 'ToyFigure', 'WineBottle', 'Bottle', 'Cookie', 'DrinkBottle', 'Mirror', 'PillBottle', 'Ring', 'Statue', 'Teapot', 'Vase', 'WineGlass']
  ROT_RANGE: -1.0
  NUM_PC_POINTS: 5000
  MIN_PART_POINT: 30
  MIN_NUM_PART: 2
  MAX_NUM_PART: 2
  SHUFFLE_PARTS: False
  SAMPLE_BY: area
  LENGTH: -1
  TEST_LENGTH: -1
  OVERFIT: -1
  FRACTURE_LABEL_THRESHOLD: 0.025
  COLORS: [[0, 204, 0], [204, 0, 0], [0, 0, 204], [127, 127, 0], [127, 0, 127], [0, 127, 127], [76, 153, 0], [153, 0, 76], [76, 0, 153], [153, 76, 0], [76, 0, 153], [153, 0, 76], [204, 51, 127], [204, 51, 127], [51, 204, 127], [51, 127, 204], [127, 51, 204], [127, 204, 51], [76, 76, 178], [76, 178, 76], [178, 76, 76]]
Warning: /workspace/everyday_all_2/pc1,pc2 is not a valid directory, skipping.
Warning: /workspace/everyday_all_2/Mirror_485f4c9da0348ab4e552ee47f47ae09a_mode_1_piece_0.obj,Mirror_485f4c9da0348ab4e552ee47f47ae09a_mode_1_piece_1.obj is not a valid directory, skipping.
Warning: /workspace/everyday_all_2/PillBottle_8e6277003de9770a7c35d3c5d3b1fcf7_fractured_46_piece_0.obj,PillBottle_8e6277003de9770a7c35d3c5d3b1fcf7_fractured_46_piece_1.obj is not a valid directory, skipping.
Warning: /workspace/everyday_all_2/PillBottle_8e6277003de9770a7c35d3c5d3b1fcf7_fractured_74_piece_0.obj,PillBottle_8e6277003de9770a7c35d3c5d3b1fcf7_fractured_74_piece_1.obj is not a valid directory, skipping.
Warning: /workspace/everyday_all_2/PillBottle_8e6277003de9770a7c35d3c5d3b1fcf7_fractured_45_piece_0.obj,PillBottle_8e6277003de9770a7c35d3c5d3b1fcf7_fractured_45_piece_1.obj is not a valid directory, skipping.
Warning: /workspace/everyday_all_2/PillBottle_8e6277003de9770a7c35d3c5d3b1fcf7_fractured_54_piece_0.obj,PillBottle_8e6277003de9770a7c35d3c5d3b1fcf7_fractured_54_piece_1.obj is not a valid directory, skipping.
Warning: /workspace/everyday_all_2/PillBottle_8e6277003de9770a7c35d3c5d3b1fcf7_fractured_29_piece_0.obj,PillBottle_8e6277003de9770a7c35d3c5d3b1fcf7_fractured_29_piece_1.obj is not a valid directory, skipping.
Warning: /workspace/everyday_all_2/PillBottle_8e6277003de9770a7c35d3c5d3b1fcf7_fractured_10_piece_0.obj,PillBottle_8e6277003de9770a7c35d3c5d3b1fcf7_fractured_10_piece_1.obj is not a valid directory, skipping.
Warning: /workspace/everyday_all_2/PillBottle_8e6277003de9770a7c35d3c5d3b1fcf7_fractured_71_piece_0.obj,PillBottle_8e6277003de9770a7c35d3c5d3b1fcf7_fractured_71_piece_1.obj is not a valid directory, skipping.
Warning: /workspace/everyday_all_2/PillBottle_8e6277003de9770a7c35d3c5d3b1fcf7_fractured_18_piece_0.obj,PillBottle_8e6277003de9770a7c35d3c5d3b1fcf7_fractured_18_piece_1.obj is not a valid directory, skipping.
Warning: /workspace/everyday_all_2/PillBottle_8e6277003de9770a7c35d3c5d3b1fcf7_fractured_28_piece_0.obj,PillBottle_8e6277003de9770a7c35d3c5d3b1fcf7_fractured_28_piece_1.obj is not a valid directory, skipping.
Warning: /workspace/everyday_all_2/PillBottle_8e6277003de9770a7c35d3c5d3b1fcf7_fractured_4_piece_0.obj,PillBottle_8e6277003de9770a7c35d3c5d3b1fcf7_fractured_4_piece_1.obj is not a valid directory, skipping.
Warning: /workspace/everyday_all_2/PillBottle_8e6277003de9770a7c35d3c5d3b1fcf7_fractured_64_piece_0.obj,PillBottle_8e6277003de9770a7c35d3c5d3b1fcf7_fractured_64_piece_1.obj is not a valid directory, skipping.
Warning: /workspace/everyday_all_2/PillBottle_8e6277003de9770a7c35d3c5d3b1fcf7_fractured_63_piece_0.obj,PillBottle_8e6277003de9770a7c35d3c5d3b1fcf7_fractured_63_piece_1.obj is not a valid directory, skipping.
Warning: /workspace/everyday_all_2/PillBottle_8e6277003de9770a7c35d3c5d3b1fcf7_fractured_32_piece_0.obj,PillBottle_8e6277003de9770a7c35d3c5d3b1fcf7_fractured_32_piece_1.obj is not a valid directory, skipping.
Warning: /workspace/everyday_all_2/PillBottle_8e6277003de9770a7c35d3c5d3b1fcf7_fractured_12_piece_0.obj,PillBottle_8e6277003de9770a7c35d3c5d3b1fcf7_fractured_12_piece_1.obj is not a valid directory, skipping.
Warning: /workspace/everyday_all_2/PillBottle_8e6277003de9770a7c35d3c5d3b1fcf7_fractured_66_piece_0.obj,PillBottle_8e6277003de9770a7c35d3c5d3b1fcf7_fractured_66_piece_1.obj is not a valid directory, skipping.
Warning: /workspace/everyday_all_2/PillBottle_8e6277003de9770a7c35d3c5d3b1fcf7_fractured_42_piece_0.obj,PillBottle_8e6277003de9770a7c35d3c5d3b1fcf7_fractured_42_piece_1.obj is not a valid directory, skipping.
Warning: /workspace/everyday_all_2/PillBottle_8e6277003de9770a7c35d3c5d3b1fcf7_fractured_60_piece_0.obj,PillBottle_8e6277003de9770a7c35d3c5d3b1fcf7_fractured_60_piece_1.obj is not a valid directory, skipping.
Warning: /workspace/everyday_all_2/PillBottle_8e6277003de9770a7c35d3c5d3b1fcf7_fractured_31_piece_0.obj,PillBottle_8e6277003de9770a7c35d3c5d3b1fcf7_fractured_31_piece_1.obj is not a valid directory, skipping.
Warning: /workspace/everyday_all_2/Bowl_2_fractured_76_piece_0.obj,Bowl_2_fractured_76_piece_1.obj is not a valid directory, skipping.
Warning: /workspace/everyday_all_2/Bowl_2_fractured_73_piece_0.obj,Bowl_2_fractured_73_piece_1.obj is not a valid directory, skipping.
Warning: /workspace/everyday_all_2/Bowl_2_fractured_42_piece_0.obj,Bowl_2_fractured_42_piece_1.obj is not a valid directory, skipping.
Warning: /workspace/everyday_all_2/Bowl_2_fractured_68_piece_0.obj,Bowl_2_fractured_68_piece_1.obj is not a valid directory, skipping.
Warning: /workspace/everyday_all_2/Bowl_2_fractured_2_piece_0.obj,Bowl_2_fractured_2_piece_1.obj is not a valid directory, skipping.
Warning: /workspace/everyday_all_2/Bowl_2_fractured_72_piece_0.obj,Bowl_2_fractured_72_piece_1.obj is not a valid directory, skipping.
Warning: /workspace/everyday_all_2/Vase_d74e6a54e500b5744f9bdb71bf603cdc_fractured_44_piece_0.obj,Vase_d74e6a54e500b5744f9bdb71bf603cdc_fractured_44_piece_1.obj is not a valid directory, skipping.
Warning: /workspace/everyday_all_2/Vase_d74e6a54e500b5744f9bdb71bf603cdc_fractured_42_piece_0.obj,Vase_d74e6a54e500b5744f9bdb71bf603cdc_fractured_42_piece_1.obj is not a valid directory, skipping.
Warning: /workspace/everyday_all_2/Vase_d74e6a54e500b5744f9bdb71bf603cdc_fractured_74_piece_0.obj,Vase_d74e6a54e500b5744f9bdb71bf603cdc_fractured_74_piece_1.obj is not a valid directory, skipping.
Warning: /workspace/everyday_all_2/Vase_d74e6a54e500b5744f9bdb71bf603cdc_fractured_59_piece_0.obj,Vase_d74e6a54e500b5744f9bdb71bf603cdc_fractured_59_piece_1.obj is not a valid directory, skipping.
Warning: /workspace/everyday_all_2/Vase_d74e6a54e500b5744f9bdb71bf603cdc_fractured_38_piece_0.obj,Vase_d74e6a54e500b5744f9bdb71bf603cdc_fractured_38_piece_1.obj is not a valid directory, skipping.
Warning: /workspace/everyday_all_2/Vase_d74e6a54e500b5744f9bdb71bf603cdc_fractured_73_piece_0.obj,Vase_d74e6a54e500b5744f9bdb71bf603cdc_fractured_73_piece_1.obj is not a valid directory, skipping.
Warning: /workspace/everyday_all_2/Vase_d74e6a54e500b5744f9bdb71bf603cdc_fractured_37_piece_0.obj,Vase_d74e6a54e500b5744f9bdb71bf603cdc_fractured_37_piece_1.obj is not a valid directory, skipping.
Warning: /workspace/everyday_all_2/Vase_d74e6a54e500b5744f9bdb71bf603cdc_fractured_13_piece_0.obj,Vase_d74e6a54e500b5744f9bdb71bf603cdc_fractured_13_piece_1.obj is not a valid directory, skipping.
Warning: /workspace/everyday_all_2/Vase_d74e6a54e500b5744f9bdb71bf603cdc_fractured_53_piece_0.obj,Vase_d74e6a54e500b5744f9bdb71bf603cdc_fractured_53_piece_1.obj is not a valid directory, skipping.
Warning: /workspace/everyday_all_2/Vase_d74e6a54e500b5744f9bdb71bf603cdc_fractured_4_piece_0.obj,Vase_d74e6a54e500b5744f9bdb71bf603cdc_fractured_4_piece_1.obj is not a valid directory, skipping.
Warning: /workspace/everyday_all_2/Bowl_d65a2b5811df52f2e10ddc5f810dd417_fractured_0_piece_0.obj,Bowl_d65a2b5811df52f2e10ddc5f810dd417_fractured_0_piece_1.obj is not a valid directory, skipping.
Warning: /workspace/everyday_all_2/Bowl_d65a2b5811df52f2e10ddc5f810dd417_fractured_69_piece_0.obj,Bowl_d65a2b5811df52f2e10ddc5f810dd417_fractured_69_piece_1.obj is not a valid directory, skipping.
Warning: /workspace/everyday_all_2/Bowl_d65a2b5811df52f2e10ddc5f810dd417_fractured_59_piece_0.obj,Bowl_d65a2b5811df52f2e10ddc5f810dd417_fractured_59_piece_1.obj is not a valid directory, skipping.
Warning: /workspace/everyday_all_2/Bowl_d65a2b5811df52f2e10ddc5f810dd417_fractured_41_piece_0.obj,Bowl_d65a2b5811df52f2e10ddc5f810dd417_fractured_41_piece_1.obj is not a valid directory, skipping.
Warning: /workspace/everyday_all_2/Bowl_d65a2b5811df52f2e10ddc5f810dd417_fractured_54_piece_0.obj,Bowl_d65a2b5811df52f2e10ddc5f810dd417_fractured_54_piece_1.obj is not a valid directory, skipping.
Warning: /workspace/everyday_all_2/Bowl_d65a2b5811df52f2e10ddc5f810dd417_fractured_52_piece_0.obj,Bowl_d65a2b5811df52f2e10ddc5f810dd417_fractured_52_piece_1.obj is not a valid directory, skipping.
Warning: /workspace/everyday_all_2/Bowl_d65a2b5811df52f2e10ddc5f810dd417_fractured_4_piece_0.obj,Bowl_d65a2b5811df52f2e10ddc5f810dd417_fractured_4_piece_1.obj is not a valid directory, skipping.
Warning: /workspace/everyday_all_2/Bowl_d65a2b5811df52f2e10ddc5f810dd417_fractured_50_piece_0.obj,Bowl_d65a2b5811df52f2e10ddc5f810dd417_fractured_50_piece_1.obj is not a valid directory, skipping.
Warning: /workspace/everyday_all_2/Bowl_d65a2b5811df52f2e10ddc5f810dd417_fractured_71_piece_0.obj,Bowl_d65a2b5811df52f2e10ddc5f810dd417_fractured_71_piece_1.obj is not a valid directory, skipping.
Warning: /workspace/everyday_all_2/Bowl_d65a2b5811df52f2e10ddc5f810dd417_fractured_34_piece_0.obj,Bowl_d65a2b5811df52f2e10ddc5f810dd417_fractured_34_piece_1.obj is not a valid directory, skipping.
Warning: /workspace/everyday_all_2/Bowl_d65a2b5811df52f2e10ddc5f810dd417_fractured_64_piece_0.obj,Bowl_d65a2b5811df52f2e10ddc5f810dd417_fractured_64_piece_1.obj is not a valid directory, skipping.
Warning: /workspace/everyday_all_2/Bowl_d65a2b5811df52f2e10ddc5f810dd417_fractured_22_piece_0.obj,Bowl_d65a2b5811df52f2e10ddc5f810dd417_fractured_22_piece_1.obj is not a valid directory, skipping.
Warning: /workspace/everyday_all_2/Bowl_d65a2b5811df52f2e10ddc5f810dd417_fractured_66_piece_0.obj,Bowl_d65a2b5811df52f2e10ddc5f810dd417_fractured_66_piece_1.obj is not a valid directory, skipping.
Warning: /workspace/everyday_all_2/Bowl_d65a2b5811df52f2e10ddc5f810dd417_fractured_79_piece_0.obj,Bowl_d65a2b5811df52f2e10ddc5f810dd417_fractured_79_piece_1.obj is not a valid directory, skipping.
Warning: /workspace/everyday_all_2/Bowl_d65a2b5811df52f2e10ddc5f810dd417_fractured_30_piece_0.obj,Bowl_d65a2b5811df52f2e10ddc5f810dd417_fractured_30_piece_1.obj is not a valid directory, skipping.
Warning: /workspace/everyday_all_2/Bowl_d65a2b5811df52f2e10ddc5f810dd417_fractured_29_piece_0.obj,Bowl_d65a2b5811df52f2e10ddc5f810dd417_fractured_29_piece_1.obj is not a valid directory, skipping.
Warning: /workspace/everyday_all_2/Bowl_d65a2b5811df52f2e10ddc5f810dd417_fractured_72_piece_0.obj,Bowl_d65a2b5811df52f2e10ddc5f810dd417_fractured_72_piece_1.obj is not a valid directory, skipping.
Warning: /workspace/everyday_all_2/Bowl_d65a2b5811df52f2e10ddc5f810dd417_fractured_31_piece_0.obj,Bowl_d65a2b5811df52f2e10ddc5f810dd417_fractured_31_piece_1.obj is not a valid directory, skipping.
Warning: /workspace/everyday_all_2/Bowl_d65a2b5811df52f2e10ddc5f810dd417_fractured_44_piece_0.obj,Bowl_d65a2b5811df52f2e10ddc5f810dd417_fractured_44_piece_1.obj is not a valid directory, skipping.
Warning: /workspace/everyday_all_2/Bowl_d65a2b5811df52f2e10ddc5f810dd417_fractured_65_piece_0.obj,Bowl_d65a2b5811df52f2e10ddc5f810dd417_fractured_65_piece_1.obj is not a valid directory, skipping.
Warning: /workspace/everyday_all_2/Bowl_d65a2b5811df52f2e10ddc5f810dd417_fractured_76_piece_0.obj,Bowl_d65a2b5811df52f2e10ddc5f810dd417_fractured_76_piece_1.obj is not a valid directory, skipping.
Warning: /workspace/everyday_all_2/DrinkingUtensil_2e228ee528f0a7054212ff51b27f0221_fractured_65_piece_0.obj,DrinkingUtensil_2e228ee528f0a7054212ff51b27f0221_fractured_65_piece_1.obj is not a valid directory, skipping.
Warning: /workspace/everyday_all_2/DrinkingUtensil_2e228ee528f0a7054212ff51b27f0221_fractured_32_piece_0.obj,DrinkingUtensil_2e228ee528f0a7054212ff51b27f0221_fractured_32_piece_1.obj is not a valid directory, skipping.
Warning: /workspace/everyday_all_2/DrinkingUtensil_2e228ee528f0a7054212ff51b27f0221_fractured_10_piece_0.obj,DrinkingUtensil_2e228ee528f0a7054212ff51b27f0221_fractured_10_piece_1.obj is not a valid directory, skipping.
Warning: /workspace/everyday_all_2/DrinkingUtensil_2e228ee528f0a7054212ff51b27f0221_fractured_75_piece_0.obj,DrinkingUtensil_2e228ee528f0a7054212ff51b27f0221_fractured_75_piece_1.obj is not a valid directory, skipping.
Warning: /workspace/everyday_all_2/DrinkingUtensil_2e228ee528f0a7054212ff51b27f0221_fractured_33_piece_0.obj,DrinkingUtensil_2e228ee528f0a7054212ff51b27f0221_fractured_33_piece_1.obj is not a valid directory, skipping.
Warning: /workspace/everyday_all_2/DrinkingUtensil_2e228ee528f0a7054212ff51b27f0221_fractured_41_piece_0.obj,DrinkingUtensil_2e228ee528f0a7054212ff51b27f0221_fractured_41_piece_1.obj is not a valid directory, skipping.
Warning: /workspace/everyday_all_2/DrinkingUtensil_2e228ee528f0a7054212ff51b27f0221_fractured_28_piece_0.obj,DrinkingUtensil_2e228ee528f0a7054212ff51b27f0221_fractured_28_piece_1.obj is not a valid directory, skipping.
Warning: /workspace/everyday_all_2/DrinkingUtensil_2e228ee528f0a7054212ff51b27f0221_fractured_4_piece_0.obj,DrinkingUtensil_2e228ee528f0a7054212ff51b27f0221_fractured_4_piece_1.obj is not a valid directory, skipping.
Warning: /workspace/everyday_all_2/DrinkingUtensil_2e228ee528f0a7054212ff51b27f0221_fractured_79_piece_0.obj,DrinkingUtensil_2e228ee528f0a7054212ff51b27f0221_fractured_79_piece_1.obj is not a valid directory, skipping.
Warning: /workspace/everyday_all_2/DrinkingUtensil_2e228ee528f0a7054212ff51b27f0221_fractured_44_piece_0.obj,DrinkingUtensil_2e228ee528f0a7054212ff51b27f0221_fractured_44_piece_1.obj is not a valid directory, skipping.
Warning: /workspace/everyday_all_2/DrinkingUtensil_2e228ee528f0a7054212ff51b27f0221_fractured_9_piece_0.obj,DrinkingUtensil_2e228ee528f0a7054212ff51b27f0221_fractured_9_piece_1.obj is not a valid directory, skipping.
Warning: /workspace/everyday_all_2/DrinkingUtensil_2e228ee528f0a7054212ff51b27f0221_fractured_29_piece_0.obj,DrinkingUtensil_2e228ee528f0a7054212ff51b27f0221_fractured_29_piece_1.obj is not a valid directory, skipping.
Warning: /workspace/everyday_all_2/DrinkingUtensil_2e228ee528f0a7054212ff51b27f0221_fractured_2_piece_0.obj,DrinkingUtensil_2e228ee528f0a7054212ff51b27f0221_fractured_2_piece_1.obj is not a valid directory, skipping.
Warning: /workspace/everyday_all_2/DrinkingUtensil_2e228ee528f0a7054212ff51b27f0221_fractured_43_piece_0.obj,DrinkingUtensil_2e228ee528f0a7054212ff51b27f0221_fractured_43_piece_1.obj is not a valid directory, skipping.
Warning: /workspace/everyday_all_2/DrinkingUtensil_2e228ee528f0a7054212ff51b27f0221_fractured_24_piece_0.obj,DrinkingUtensil_2e228ee528f0a7054212ff51b27f0221_fractured_24_piece_1.obj is not a valid directory, skipping.
Warning: /workspace/everyday_all_2/DrinkingUtensil_2e228ee528f0a7054212ff51b27f0221_fractured_72_piece_0.obj,DrinkingUtensil_2e228ee528f0a7054212ff51b27f0221_fractured_72_piece_1.obj is not a valid directory, skipping.
Warning: /workspace/everyday_all_2/DrinkingUtensil_2e228ee528f0a7054212ff51b27f0221_fractured_21_piece_0.obj,DrinkingUtensil_2e228ee528f0a7054212ff51b27f0221_fractured_21_piece_1.obj is not a valid directory, skipping.
Warning: /workspace/everyday_all_2/DrinkingUtensil_2e228ee528f0a7054212ff51b27f0221_fractured_55_piece_0.obj,DrinkingUtensil_2e228ee528f0a7054212ff51b27f0221_fractured_55_piece_1.obj is not a valid directory, skipping.
Warning: /workspace/everyday_all_2/DrinkingUtensil_2e228ee528f0a7054212ff51b27f0221_fractured_50_piece_0.obj,DrinkingUtensil_2e228ee528f0a7054212ff51b27f0221_fractured_50_piece_1.obj is not a valid directory, skipping.
Warning: /workspace/everyday_all_2/DrinkingUtensil_2e228ee528f0a7054212ff51b27f0221_fractured_30_piece_0.obj,DrinkingUtensil_2e228ee528f0a7054212ff51b27f0221_fractured_30_piece_1.obj is not a valid directory, skipping.
Warning: /workspace/everyday_all_2/DrinkingUtensil_2e228ee528f0a7054212ff51b27f0221_fractured_13_piece_0.obj,DrinkingUtensil_2e228ee528f0a7054212ff51b27f0221_fractured_13_piece_1.obj is not a valid directory, skipping.
Warning: /workspace/everyday_all_2/DrinkingUtensil_2e228ee528f0a7054212ff51b27f0221_fractured_34_piece_0.obj,DrinkingUtensil_2e228ee528f0a7054212ff51b27f0221_fractured_34_piece_1.obj is not a valid directory, skipping.
Warning: /workspace/everyday_all_2/DrinkingUtensil_2e228ee528f0a7054212ff51b27f0221_fractured_6_piece_0.obj,DrinkingUtensil_2e228ee528f0a7054212ff51b27f0221_fractured_6_piece_1.obj is not a valid directory, skipping.
Warning: /workspace/everyday_all_2/DrinkingUtensil_2e228ee528f0a7054212ff51b27f0221_fractured_45_piece_0.obj,DrinkingUtensil_2e228ee528f0a7054212ff51b27f0221_fractured_45_piece_1.obj is not a valid directory, skipping.
Warning: /workspace/everyday_all_2/DrinkingUtensil_2e228ee528f0a7054212ff51b27f0221_fractured_52_piece_0.obj,DrinkingUtensil_2e228ee528f0a7054212ff51b27f0221_fractured_52_piece_1.obj is not a valid directory, skipping.
Warning: /workspace/everyday_all_2/DrinkingUtensil_2e228ee528f0a7054212ff51b27f0221_fractured_67_piece_0.obj,DrinkingUtensil_2e228ee528f0a7054212ff51b27f0221_fractured_67_piece_1.obj is not a valid directory, skipping.
Warning: /workspace/everyday_all_2/DrinkingUtensil_2e228ee528f0a7054212ff51b27f0221_fractured_5_piece_0.obj,DrinkingUtensil_2e228ee528f0a7054212ff51b27f0221_fractured_5_piece_1.obj is not a valid directory, skipping.
Warning: /workspace/everyday_all_2/DrinkingUtensil_2e228ee528f0a7054212ff51b27f0221_fractured_37_piece_0.obj,DrinkingUtensil_2e228ee528f0a7054212ff51b27f0221_fractured_37_piece_1.obj is not a valid directory, skipping.
Warning: /workspace/everyday_all_2/Mirror_329491717ac1a15835836c728d324152_fractured_44_piece_0.obj,Mirror_329491717ac1a15835836c728d324152_fractured_44_piece_1.obj is not a valid directory, skipping.
Warning: /workspace/everyday_all_2/Mirror_329491717ac1a15835836c728d324152_fractured_55_piece_0.obj,Mirror_329491717ac1a15835836c728d324152_fractured_55_piece_1.obj is not a valid directory, skipping.
Warning: /workspace/everyday_all_2/Mirror_329491717ac1a15835836c728d324152_fractured_75_piece_0.obj,Mirror_329491717ac1a15835836c728d324152_fractured_75_piece_1.obj is not a valid directory, skipping.
Warning: /workspace/everyday_all_2/Mirror_329491717ac1a15835836c728d324152_fractured_5_piece_0.obj,Mirror_329491717ac1a15835836c728d324152_fractured_5_piece_1.obj is not a valid directory, skipping.
Warning: /workspace/everyday_all_2/Mirror_329491717ac1a15835836c728d324152_fractured_79_piece_0.obj,Mirror_329491717ac1a15835836c728d324152_fractured_79_piece_1.obj is not a valid directory, skipping.
Warning: /workspace/everyday_all_2/Mirror_329491717ac1a15835836c728d324152_fractured_66_piece_0.obj,Mirror_329491717ac1a15835836c728d324152_fractured_66_piece_1.obj is not a valid directory, skipping.
Warning: /workspace/everyday_all_2/Mirror_329491717ac1a15835836c728d324152_fractured_25_piece_0.obj,Mirror_329491717ac1a15835836c728d324152_fractured_25_piece_1.obj is not a valid directory, skipping.
Warning: /workspace/everyday_all_2/Mirror_329491717ac1a15835836c728d324152_fractured_73_piece_0.obj,Mirror_329491717ac1a15835836c728d324152_fractured_73_piece_1.obj is not a valid directory, skipping.
Warning: /workspace/everyday_all_2/Mirror_329491717ac1a15835836c728d324152_fractured_56_piece_0.obj,Mirror_329491717ac1a15835836c728d324152_fractured_56_piece_1.obj is not a valid directory, skipping.
Warning: /workspace/everyday_all_2/Vase_c129a8ee633cc30430e9519d8ae32613_fractured_68_piece_0.obj,Vase_c129a8ee633cc30430e9519d8ae32613_fractured_68_piece_1.obj is not a valid directory, skipping.
Warning: /workspace/everyday_all_2/Vase_c129a8ee633cc30430e9519d8ae32613_fractured_46_piece_0.obj,Vase_c129a8ee633cc30430e9519d8ae32613_fractured_46_piece_1.obj is not a valid directory, skipping.
Warning: /workspace/everyday_all_2/Vase_c129a8ee633cc30430e9519d8ae32613_fractured_48_piece_0.obj,Vase_c129a8ee633cc30430e9519d8ae32613_fractured_48_piece_1.obj is not a valid directory, skipping.
Warning: /workspace/everyday_all_2/Vase_c129a8ee633cc30430e9519d8ae32613_fractured_45_piece_0.obj,Vase_c129a8ee633cc30430e9519d8ae32613_fractured_45_piece_1.obj is not a valid directory, skipping.
Warning: /workspace/everyday_all_2/Vase_c129a8ee633cc30430e9519d8ae32613_fractured_20_piece_1.obj,Vase_c129a8ee633cc30430e9519d8ae32613_fractured_20_piece_0.obj is not a valid directory, skipping.
Warning: /workspace/everyday_all_2/Vase_c129a8ee633cc30430e9519d8ae32613_fractured_61_piece_0.obj,Vase_c129a8ee633cc30430e9519d8ae32613_fractured_61_piece_1.obj is not a valid directory, skipping.
Warning: /workspace/everyday_all_2/Vase_c129a8ee633cc30430e9519d8ae32613_fractured_39_piece_0.obj,Vase_c129a8ee633cc30430e9519d8ae32613_fractured_39_piece_1.obj is not a valid directory, skipping.
Warning: /workspace/everyday_all_2/Vase_c129a8ee633cc30430e9519d8ae32613_fractured_56_piece_0.obj,Vase_c129a8ee633cc30430e9519d8ae32613_fractured_56_piece_1.obj is not a valid directory, skipping.
Warning: /workspace/everyday_all_2/Vase_c129a8ee633cc30430e9519d8ae32613_fractured_53_piece_0.obj,Vase_c129a8ee633cc30430e9519d8ae32613_fractured_53_piece_1.obj is not a valid directory, skipping.
Warning: /workspace/everyday_all_2/Vase_c129a8ee633cc30430e9519d8ae32613_fractured_6_piece_0.obj,Vase_c129a8ee633cc30430e9519d8ae32613_fractured_6_piece_1.obj is not a valid directory, skipping.
Warning: /workspace/everyday_all_2/Vase_c129a8ee633cc30430e9519d8ae32613_fractured_14_piece_0.obj,Vase_c129a8ee633cc30430e9519d8ae32613_fractured_14_piece_1.obj is not a valid directory, skipping.
Warning: /workspace/everyday_all_2/Vase_c129a8ee633cc30430e9519d8ae32613_fractured_15_piece_1.obj,Vase_c129a8ee633cc30430e9519d8ae32613_fractured_15_piece_0.obj is not a valid directory, skipping.
Warning: /workspace/everyday_all_2/Vase_c129a8ee633cc30430e9519d8ae32613_fractured_16_piece_1.obj,Vase_c129a8ee633cc30430e9519d8ae32613_fractured_16_piece_0.obj is not a valid directory, skipping.
Warning: /workspace/everyday_all_2/Vase_c129a8ee633cc30430e9519d8ae32613_fractured_67_piece_0.obj,Vase_c129a8ee633cc30430e9519d8ae32613_fractured_67_piece_1.obj is not a valid directory, skipping.
Warning: /workspace/everyday_all_2/Vase_c129a8ee633cc30430e9519d8ae32613_fractured_19_piece_0.obj,Vase_c129a8ee633cc30430e9519d8ae32613_fractured_19_piece_1.obj is not a valid directory, skipping.
Warning: /workspace/everyday_all_2/Vase_c129a8ee633cc30430e9519d8ae32613_fractured_59_piece_0.obj,Vase_c129a8ee633cc30430e9519d8ae32613_fractured_59_piece_1.obj is not a valid directory, skipping.
Warning: /workspace/everyday_all_2/Vase_c129a8ee633cc30430e9519d8ae32613_fractured_58_piece_1.obj,Vase_c129a8ee633cc30430e9519d8ae32613_fractured_58_piece_0.obj is not a valid directory, skipping.
Warning: /workspace/everyday_all_2/Vase_c129a8ee633cc30430e9519d8ae32613_fractured_24_piece_0.obj,Vase_c129a8ee633cc30430e9519d8ae32613_fractured_24_piece_1.obj is not a valid directory, skipping.
Warning: /workspace/everyday_all_2/Vase_c129a8ee633cc30430e9519d8ae32613_fractured_74_piece_0.obj,Vase_c129a8ee633cc30430e9519d8ae32613_fractured_74_piece_1.obj is not a valid directory, skipping.
Warning: /workspace/everyday_all_2/Vase_c129a8ee633cc30430e9519d8ae32613_fractured_40_piece_1.obj,Vase_c129a8ee633cc30430e9519d8ae32613_fractured_40_piece_0.obj is not a valid directory, skipping.
Warning: /workspace/everyday_all_2/Vase_c129a8ee633cc30430e9519d8ae32613_fractured_21_piece_0.obj,Vase_c129a8ee633cc30430e9519d8ae32613_fractured_21_piece_1.obj is not a valid directory, skipping.
Warning: /workspace/everyday_all_2/Vase_c129a8ee633cc30430e9519d8ae32613_fractured_47_piece_1.obj,Vase_c129a8ee633cc30430e9519d8ae32613_fractured_47_piece_0.obj is not a valid directory, skipping.
Warning: /workspace/everyday_all_2/Bottle_c5eb3234b73037562825656dc457df78_fractured_27_piece_0.obj,Bottle_c5eb3234b73037562825656dc457df78_fractured_27_piece_1.obj is not a valid directory, skipping.
Warning: /workspace/everyday_all_2/Bottle_c5eb3234b73037562825656dc457df78_fractured_58_piece_0.obj,Bottle_c5eb3234b73037562825656dc457df78_fractured_58_piece_1.obj is not a valid directory, skipping.
Warning: /workspace/everyday_all_2/Bottle_c5eb3234b73037562825656dc457df78_fractured_12_piece_0.obj,Bottle_c5eb3234b73037562825656dc457df78_fractured_12_piece_1.obj is not a valid directory, skipping.
Warning: /workspace/everyday_all_2/Bottle_c5eb3234b73037562825656dc457df78_fractured_79_piece_0.obj,Bottle_c5eb3234b73037562825656dc457df78_fractured_79_piece_1.obj is not a valid directory, skipping.
Warning: /workspace/everyday_all_2/Bottle_c5eb3234b73037562825656dc457df78_fractured_77_piece_0.obj,Bottle_c5eb3234b73037562825656dc457df78_fractured_77_piece_1.obj is not a valid directory, skipping.
Warning: /workspace/everyday_all_2/WineBottle_8cd9b10f611ac28e866a1445c8fba9da_fractured_53_piece_0.obj,WineBottle_8cd9b10f611ac28e866a1445c8fba9da_fractured_53_piece_1.obj is not a valid directory, skipping.
Warning: /workspace/everyday_all_2/WineBottle_8cd9b10f611ac28e866a1445c8fba9da_fractured_34_piece_0.obj,WineBottle_8cd9b10f611ac28e866a1445c8fba9da_fractured_34_piece_1.obj is not a valid directory, skipping.
Warning: /workspace/everyday_all_2/WineBottle_8cd9b10f611ac28e866a1445c8fba9da_fractured_12_piece_0.obj,WineBottle_8cd9b10f611ac28e866a1445c8fba9da_fractured_12_piece_1.obj is not a valid directory, skipping.
Warning: /workspace/everyday_all_2/WineBottle_8cd9b10f611ac28e866a1445c8fba9da_fractured_71_piece_0.obj,WineBottle_8cd9b10f611ac28e866a1445c8fba9da_fractured_71_piece_1.obj is not a valid directory, skipping.
Warning: /workspace/everyday_all_2/WineBottle_8cd9b10f611ac28e866a1445c8fba9da_fractured_8_piece_0.obj,WineBottle_8cd9b10f611ac28e866a1445c8fba9da_fractured_8_piece_1.obj is not a valid directory, skipping.
Warning: /workspace/everyday_all_2/WineBottle_8cd9b10f611ac28e866a1445c8fba9da_fractured_52_piece_0.obj,WineBottle_8cd9b10f611ac28e866a1445c8fba9da_fractured_52_piece_1.obj is not a valid directory, skipping.
Warning: /workspace/everyday_all_2/WineBottle_8cd9b10f611ac28e866a1445c8fba9da_fractured_10_piece_0.obj,WineBottle_8cd9b10f611ac28e866a1445c8fba9da_fractured_10_piece_1.obj is not a valid directory, skipping.
Warning: /workspace/everyday_all_2/WineBottle_8cd9b10f611ac28e866a1445c8fba9da_fractured_21_piece_0.obj,WineBottle_8cd9b10f611ac28e866a1445c8fba9da_fractured_21_piece_1.obj is not a valid directory, skipping.
Warning: /workspace/everyday_all_2/WineBottle_8cd9b10f611ac28e866a1445c8fba9da_fractured_47_piece_0.obj,WineBottle_8cd9b10f611ac28e866a1445c8fba9da_fractured_47_piece_1.obj is not a valid directory, skipping.
Warning: /workspace/everyday_all_2/WineBottle_8cd9b10f611ac28e866a1445c8fba9da_fractured_62_piece_0.obj,WineBottle_8cd9b10f611ac28e866a1445c8fba9da_fractured_62_piece_1.obj is not a valid directory, skipping.
Warning: /workspace/everyday_all_2/WineBottle_8cd9b10f611ac28e866a1445c8fba9da_fractured_56_piece_0.obj,WineBottle_8cd9b10f611ac28e866a1445c8fba9da_fractured_56_piece_1.obj is not a valid directory, skipping.
Warning: /workspace/everyday_all_2/Bottle_1b64b36bf7ddae3d7ad11050da24bb12_fractured_54_piece_0.obj,Bottle_1b64b36bf7ddae3d7ad11050da24bb12_fractured_54_piece_1.obj is not a valid directory, skipping.
Warning: /workspace/everyday_all_2/Bottle_1b64b36bf7ddae3d7ad11050da24bb12_fractured_70_piece_0.obj,Bottle_1b64b36bf7ddae3d7ad11050da24bb12_fractured_70_piece_1.obj is not a valid directory, skipping.
Warning: /workspace/everyday_all_2/Bottle_1b64b36bf7ddae3d7ad11050da24bb12_fractured_46_piece_0.obj,Bottle_1b64b36bf7ddae3d7ad11050da24bb12_fractured_46_piece_1.obj is not a valid directory, skipping.
Warning: /workspace/everyday_all_2/Bottle_1b64b36bf7ddae3d7ad11050da24bb12_fractured_32_piece_0.obj,Bottle_1b64b36bf7ddae3d7ad11050da24bb12_fractured_32_piece_1.obj is not a valid directory, skipping.
Warning: /workspace/everyday_all_2/Bottle_1b64b36bf7ddae3d7ad11050da24bb12_fractured_65_piece_0.obj,Bottle_1b64b36bf7ddae3d7ad11050da24bb12_fractured_65_piece_1.obj is not a valid directory, skipping.
Warning: /workspace/everyday_all_2/Bottle_1b64b36bf7ddae3d7ad11050da24bb12_fractured_19_piece_0.obj,Bottle_1b64b36bf7ddae3d7ad11050da24bb12_fractured_19_piece_1.obj is not a valid directory, skipping.
Warning: /workspace/everyday_all_2/Bottle_1b64b36bf7ddae3d7ad11050da24bb12_fractured_78_piece_0.obj,Bottle_1b64b36bf7ddae3d7ad11050da24bb12_fractured_78_piece_1.obj is not a valid directory, skipping.
Warning: /workspace/everyday_all_2/Bottle_1b64b36bf7ddae3d7ad11050da24bb12_fractured_8_piece_0.obj,Bottle_1b64b36bf7ddae3d7ad11050da24bb12_fractured_8_piece_1.obj is not a valid directory, skipping.
Warning: /workspace/everyday_all_2/Bottle_1b64b36bf7ddae3d7ad11050da24bb12_fractured_39_piece_0.obj,Bottle_1b64b36bf7ddae3d7ad11050da24bb12_fractured_39_piece_1.obj is not a valid directory, skipping.
Warning: /workspace/everyday_all_2/Bottle_1b64b36bf7ddae3d7ad11050da24bb12_fractured_50_piece_0.obj,Bottle_1b64b36bf7ddae3d7ad11050da24bb12_fractured_50_piece_1.obj is not a valid directory, skipping.
Warning: /workspace/everyday_all_2/Bottle_1b64b36bf7ddae3d7ad11050da24bb12_fractured_23_piece_0.obj,Bottle_1b64b36bf7ddae3d7ad11050da24bb12_fractured_23_piece_1.obj is not a valid directory, skipping.
Warning: /workspace/everyday_all_2/Bottle_1b64b36bf7ddae3d7ad11050da24bb12_fractured_76_piece_0.obj,Bottle_1b64b36bf7ddae3d7ad11050da24bb12_fractured_76_piece_1.obj is not a valid directory, skipping.
Warning: /workspace/everyday_all_2/Bottle_1b64b36bf7ddae3d7ad11050da24bb12_fractured_12_piece_0.obj,Bottle_1b64b36bf7ddae3d7ad11050da24bb12_fractured_12_piece_1.obj is not a valid directory, skipping.
Warning: /workspace/everyday_all_2/Bottle_1b64b36bf7ddae3d7ad11050da24bb12_fractured_57_piece_0.obj,Bottle_1b64b36bf7ddae3d7ad11050da24bb12_fractured_57_piece_1.obj is not a valid directory, skipping.
Warning: /workspace/everyday_all_2/ToyFigure_2acb67458c17af08c4b494041bc63422_fractured_77_piece_0.obj,ToyFigure_2acb67458c17af08c4b494041bc63422_fractured_77_piece_1.obj is not a valid directory, skipping.
Warning: /workspace/everyday_all_2/ToyFigure_2acb67458c17af08c4b494041bc63422_fractured_32_piece_0.obj,ToyFigure_2acb67458c17af08c4b494041bc63422_fractured_32_piece_1.obj is not a valid directory, skipping.
Warning: /workspace/everyday_all_2/ToyFigure_2acb67458c17af08c4b494041bc63422_fractured_1_piece_0.obj,ToyFigure_2acb67458c17af08c4b494041bc63422_fractured_1_piece_1.obj is not a valid directory, skipping.
Warning: /workspace/everyday_all_2/ToyFigure_2acb67458c17af08c4b494041bc63422_fractured_4_piece_0.obj,ToyFigure_2acb67458c17af08c4b494041bc63422_fractured_4_piece_1.obj is not a valid directory, skipping.
Warning: /workspace/everyday_all_2/ToyFigure_2acb67458c17af08c4b494041bc63422_fractured_44_piece_0.obj,ToyFigure_2acb67458c17af08c4b494041bc63422_fractured_44_piece_1.obj is not a valid directory, skipping.
Warning: /workspace/everyday_all_2/ToyFigure_2acb67458c17af08c4b494041bc63422_fractured_68_piece_0.obj,ToyFigure_2acb67458c17af08c4b494041bc63422_fractured_68_piece_1.obj is not a valid directory, skipping.
Warning: /workspace/everyday_all_2/ToyFigure_2acb67458c17af08c4b494041bc63422_fractured_24_piece_0.obj,ToyFigure_2acb67458c17af08c4b494041bc63422_fractured_24_piece_1.obj is not a valid directory, skipping.
Warning: /workspace/everyday_all_2/ToyFigure_2acb67458c17af08c4b494041bc63422_fractured_47_piece_0.obj,ToyFigure_2acb67458c17af08c4b494041bc63422_fractured_47_piece_1.obj is not a valid directory, skipping.
Warning: /workspace/everyday_all_2/ToyFigure_2acb67458c17af08c4b494041bc63422_fractured_72_piece_0.obj,ToyFigure_2acb67458c17af08c4b494041bc63422_fractured_72_piece_1.obj is not a valid directory, skipping.
Warning: /workspace/everyday_all_2/ToyFigure_2acb67458c17af08c4b494041bc63422_fractured_39_piece_0.obj,ToyFigure_2acb67458c17af08c4b494041bc63422_fractured_39_piece_1.obj is not a valid directory, skipping.
Warning: /workspace/everyday_all_2/ToyFigure_2acb67458c17af08c4b494041bc63422_fractured_18_piece_0.obj,ToyFigure_2acb67458c17af08c4b494041bc63422_fractured_18_piece_1.obj is not a valid directory, skipping.
Warning: /workspace/everyday_all_2/Teacup_5bbc259497af2fa15db77ed1f5c8b93_fractured_34_piece_0.obj,Teacup_5bbc259497af2fa15db77ed1f5c8b93_fractured_34_piece_1.obj is not a valid directory, skipping.
Warning: /workspace/everyday_all_2/Teacup_5bbc259497af2fa15db77ed1f5c8b93_fractured_58_piece_0.obj,Teacup_5bbc259497af2fa15db77ed1f5c8b93_fractured_58_piece_1.obj is not a valid directory, skipping.
Warning: /workspace/everyday_all_2/Teacup_5bbc259497af2fa15db77ed1f5c8b93_fractured_72_piece_0.obj,Teacup_5bbc259497af2fa15db77ed1f5c8b93_fractured_72_piece_1.obj is not a valid directory, skipping.
Warning: /workspace/everyday_all_2/Teacup_5bbc259497af2fa15db77ed1f5c8b93_fractured_17_piece_0.obj,Teacup_5bbc259497af2fa15db77ed1f5c8b93_fractured_17_piece_1.obj is not a valid directory, skipping.
Warning: /workspace/everyday_all_2/Teacup_5bbc259497af2fa15db77ed1f5c8b93_fractured_25_piece_0.obj,Teacup_5bbc259497af2fa15db77ed1f5c8b93_fractured_25_piece_1.obj is not a valid directory, skipping.
Warning: /workspace/everyday_all_2/Teacup_5bbc259497af2fa15db77ed1f5c8b93_fractured_57_piece_0.obj,Teacup_5bbc259497af2fa15db77ed1f5c8b93_fractured_57_piece_1.obj is not a valid directory, skipping.
Warning: /workspace/everyday_all_2/Teacup_5bbc259497af2fa15db77ed1f5c8b93_fractured_22_piece_0.obj,Teacup_5bbc259497af2fa15db77ed1f5c8b93_fractured_22_piece_1.obj is not a valid directory, skipping.
Warning: /workspace/everyday_all_2/Bottle_c0b6be0fb83b237f504721639e19f609_fractured_8_piece_0.obj,Bottle_c0b6be0fb83b237f504721639e19f609_fractured_8_piece_1.obj is not a valid directory, skipping.
Warning: /workspace/everyday_all_2/Bottle_c0b6be0fb83b237f504721639e19f609_fractured_75_piece_0.obj,Bottle_c0b6be0fb83b237f504721639e19f609_fractured_75_piece_1.obj is not a valid directory, skipping.
Warning: /workspace/everyday_all_2/Bottle_c0b6be0fb83b237f504721639e19f609_fractured_77_piece_0.obj,Bottle_c0b6be0fb83b237f504721639e19f609_fractured_77_piece_1.obj is not a valid directory, skipping.
Warning: /workspace/everyday_all_2/Bottle_c0b6be0fb83b237f504721639e19f609_fractured_69_piece_0.obj,Bottle_c0b6be0fb83b237f504721639e19f609_fractured_69_piece_1.obj is not a valid directory, skipping.
Warning: /workspace/everyday_all_2/Bottle_c0b6be0fb83b237f504721639e19f609_fractured_60_piece_0.obj,Bottle_c0b6be0fb83b237f504721639e19f609_fractured_60_piece_1.obj is not a valid directory, skipping.
Warning: /workspace/everyday_all_2/Bottle_c0b6be0fb83b237f504721639e19f609_fractured_46_piece_0.obj,Bottle_c0b6be0fb83b237f504721639e19f609_fractured_46_piece_1.obj is not a valid directory, skipping.
Warning: /workspace/everyday_all_2/Bottle_c0b6be0fb83b237f504721639e19f609_fractured_33_piece_0.obj,Bottle_c0b6be0fb83b237f504721639e19f609_fractured_33_piece_1.obj is not a valid directory, skipping.
Warning: /workspace/everyday_all_2/Bottle_c0b6be0fb83b237f504721639e19f609_fractured_4_piece_0.obj,Bottle_c0b6be0fb83b237f504721639e19f609_fractured_4_piece_1.obj is not a valid directory, skipping.
Warning: /workspace/everyday_all_2/Bottle_c0b6be0fb83b237f504721639e19f609_fractured_3_piece_0.obj,Bottle_c0b6be0fb83b237f504721639e19f609_fractured_3_piece_1.obj is not a valid directory, skipping.
Warning: /workspace/everyday_all_2/Bottle_c0b6be0fb83b237f504721639e19f609_fractured_79_piece_0.obj,Bottle_c0b6be0fb83b237f504721639e19f609_fractured_79_piece_1.obj is not a valid directory, skipping.
Warning: /workspace/everyday_all_2/Bottle_c0b6be0fb83b237f504721639e19f609_fractured_27_piece_0.obj,Bottle_c0b6be0fb83b237f504721639e19f609_fractured_27_piece_1.obj is not a valid directory, skipping.
Warning: /workspace/everyday_all_2/Bottle_c0b6be0fb83b237f504721639e19f609_fractured_62_piece_0.obj,Bottle_c0b6be0fb83b237f504721639e19f609_fractured_62_piece_1.obj is not a valid directory, skipping.
Warning: /workspace/everyday_all_2/Vase_82f323529563fca65706d1c54190f27a_fractured_13_piece_1.obj,Vase_82f323529563fca65706d1c54190f27a_fractured_13_piece_0.obj is not a valid directory, skipping.
Warning: /workspace/everyday_all_2/Vase_82f323529563fca65706d1c54190f27a_fractured_35_piece_0.obj,Vase_82f323529563fca65706d1c54190f27a_fractured_35_piece_1.obj is not a valid directory, skipping.
Warning: /workspace/everyday_all_2/Vase_82f323529563fca65706d1c54190f27a_fractured_20_piece_1.obj,Vase_82f323529563fca65706d1c54190f27a_fractured_20_piece_0.obj is not a valid directory, skipping.
Warning: /workspace/everyday_all_2/Vase_82f323529563fca65706d1c54190f27a_fractured_48_piece_0.obj,Vase_82f323529563fca65706d1c54190f27a_fractured_48_piece_1.obj is not a valid directory, skipping.
Warning: /workspace/everyday_all_2/Vase_82f323529563fca65706d1c54190f27a_fractured_56_piece_1.obj,Vase_82f323529563fca65706d1c54190f27a_fractured_56_piece_0.obj is not a valid directory, skipping.
Warning: /workspace/everyday_all_2/Vase_82f323529563fca65706d1c54190f27a_fractured_17_piece_0.obj,Vase_82f323529563fca65706d1c54190f27a_fractured_17_piece_1.obj is not a valid directory, skipping.
Warning: /workspace/everyday_all_2/Vase_82f323529563fca65706d1c54190f27a_fractured_41_piece_0.obj,Vase_82f323529563fca65706d1c54190f27a_fractured_41_piece_1.obj is not a valid directory, skipping.
Warning: /workspace/everyday_all_2/Vase_82f323529563fca65706d1c54190f27a_fractured_76_piece_0.obj,Vase_82f323529563fca65706d1c54190f27a_fractured_76_piece_1.obj is not a valid directory, skipping.
Warning: /workspace/everyday_all_2/Vase_82f323529563fca65706d1c54190f27a_fractured_73_piece_0.obj,Vase_82f323529563fca65706d1c54190f27a_fractured_73_piece_1.obj is not a valid directory, skipping.
Warning: /workspace/everyday_all_2/Vase_82f323529563fca65706d1c54190f27a_fractured_29_piece_0.obj,Vase_82f323529563fca65706d1c54190f27a_fractured_29_piece_1.obj is not a valid directory, skipping.
Warning: /workspace/everyday_all_2/Vase_82f323529563fca65706d1c54190f27a_fractured_51_piece_0.obj,Vase_82f323529563fca65706d1c54190f27a_fractured_51_piece_1.obj is not a valid directory, skipping.
Warning: /workspace/everyday_all_2/ToyFigure_2_fractured_54_piece_0.obj,ToyFigure_2_fractured_54_piece_1.obj is not a valid directory, skipping.
Warning: /workspace/everyday_all_2/ToyFigure_2_fractured_45_piece_0.obj,ToyFigure_2_fractured_45_piece_1.obj is not a valid directory, skipping.
Warning: /workspace/everyday_all_2/ToyFigure_2_fractured_67_piece_0.obj,ToyFigure_2_fractured_67_piece_1.obj is not a valid directory, skipping.
Warning: /workspace/everyday_all_2/ToyFigure_2_fractured_24_piece_0.obj,ToyFigure_2_fractured_24_piece_1.obj is not a valid directory, skipping.
Warning: /workspace/everyday_all_2/ToyFigure_2_fractured_10_piece_0.obj,ToyFigure_2_fractured_10_piece_1.obj is not a valid directory, skipping.
Warning: /workspace/everyday_all_2/ToyFigure_2_fractured_12_piece_0.obj,ToyFigure_2_fractured_12_piece_1.obj is not a valid directory, skipping.
Warning: /workspace/everyday_all_2/ToyFigure_2_fractured_15_piece_0.obj,ToyFigure_2_fractured_15_piece_1.obj is not a valid directory, skipping.
Warning: /workspace/everyday_all_2/ToyFigure_2_fractured_71_piece_0.obj,ToyFigure_2_fractured_71_piece_1.obj is not a valid directory, skipping.
Warning: /workspace/everyday_all_2/ToyFigure_2_fractured_40_piece_0.obj,ToyFigure_2_fractured_40_piece_1.obj is not a valid directory, skipping.
Warning: /workspace/everyday_all_2/ToyFigure_2_fractured_70_piece_0.obj,ToyFigure_2_fractured_70_piece_1.obj is not a valid directory, skipping.
Warning: /workspace/everyday_all_2/ToyFigure_2_fractured_39_piece_0.obj,ToyFigure_2_fractured_39_piece_1.obj is not a valid directory, skipping.
Warning: /workspace/everyday_all_2/ToyFigure_2_fractured_60_piece_0.obj,ToyFigure_2_fractured_60_piece_1.obj is not a valid directory, skipping.
Warning: /workspace/everyday_all_2/ToyFigure_2_fractured_27_piece_0.obj,ToyFigure_2_fractured_27_piece_1.obj is not a valid directory, skipping.
Warning: /workspace/everyday_all_2/ToyFigure_2_fractured_50_piece_0.obj,ToyFigure_2_fractured_50_piece_1.obj is not a valid directory, skipping.
Warning: /workspace/everyday_all_2/ToyFigure_2_fractured_68_piece_0.obj,ToyFigure_2_fractured_68_piece_1.obj is not a valid directory, skipping.
Warning: /workspace/everyday_all_2/ToyFigure_2_fractured_0_piece_0.obj,ToyFigure_2_fractured_0_piece_1.obj is not a valid directory, skipping.
Warning: /workspace/everyday_all_2/ToyFigure_2_fractured_7_piece_0.obj,ToyFigure_2_fractured_7_piece_1.obj is not a valid directory, skipping.
Warning: /workspace/everyday_all_2/ToyFigure_2_fractured_30_piece_0.obj,ToyFigure_2_fractured_30_piece_1.obj is not a valid directory, skipping.
Warning: /workspace/everyday_all_2/Plate_8_fractured_52_piece_0.obj,Plate_8_fractured_52_piece_1.obj is not a valid directory, skipping.
Warning: /workspace/everyday_all_2/Plate_8_fractured_20_piece_0.obj,Plate_8_fractured_20_piece_1.obj is not a valid directory, skipping.
Warning: /workspace/everyday_all_2/Plate_8_fractured_76_piece_0.obj,Plate_8_fractured_76_piece_1.obj is not a valid directory, skipping.
Warning: /workspace/everyday_all_2/Plate_8_fractured_48_piece_0.obj,Plate_8_fractured_48_piece_1.obj is not a valid directory, skipping.
Warning: /workspace/everyday_all_2/Plate_8_fractured_78_piece_0.obj,Plate_8_fractured_78_piece_1.obj is not a valid directory, skipping.
Warning: /workspace/everyday_all_2/Plate_8_fractured_53_piece_0.obj,Plate_8_fractured_53_piece_1.obj is not a valid directory, skipping.
Warning: /workspace/everyday_all_2/Plate_8_fractured_68_piece_0.obj,Plate_8_fractured_68_piece_1.obj is not a valid directory, skipping.
Warning: /workspace/everyday_all_2/Plate_8_fractured_39_piece_0.obj,Plate_8_fractured_39_piece_1.obj is not a valid directory, skipping.
Warning: /workspace/everyday_all_2/Plate_8_fractured_70_piece_0.obj,Plate_8_fractured_70_piece_1.obj is not a valid directory, skipping.
Warning: /workspace/everyday_all_2/Plate_8_fractured_32_piece_0.obj,Plate_8_fractured_32_piece_1.obj is not a valid directory, skipping.
Warning: /workspace/everyday_all_2/Plate_8_fractured_75_piece_0.obj,Plate_8_fractured_75_piece_1.obj is not a valid directory, skipping.
Warning: /workspace/everyday_all_2/Plate_8_fractured_0_piece_0.obj,Plate_8_fractured_0_piece_1.obj is not a valid directory, skipping.
Warning: /workspace/everyday_all_2/Plate_8_fractured_12_piece_0.obj,Plate_8_fractured_12_piece_1.obj is not a valid directory, skipping.
Warning: /workspace/everyday_all_2/Plate_8_fractured_74_piece_0.obj,Plate_8_fractured_74_piece_1.obj is not a valid directory, skipping.
Warning: /workspace/everyday_all_2/Plate_8_fractured_67_piece_0.obj,Plate_8_fractured_67_piece_1.obj is not a valid directory, skipping.
Warning: /workspace/everyday_all_2/Plate_8_fractured_56_piece_0.obj,Plate_8_fractured_56_piece_1.obj is not a valid directory, skipping.
Warning: /workspace/everyday_all_2/Plate_8_fractured_26_piece_0.obj,Plate_8_fractured_26_piece_1.obj is not a valid directory, skipping.
Warning: /workspace/everyday_all_2/ToyFigure_a56419bd8118099593b55327c66a07aa_fractured_13_piece_0.obj,ToyFigure_a56419bd8118099593b55327c66a07aa_fractured_13_piece_1.obj is not a valid directory, skipping.
Warning: /workspace/everyday_all_2/ToyFigure_a56419bd8118099593b55327c66a07aa_fractured_26_piece_0.obj,ToyFigure_a56419bd8118099593b55327c66a07aa_fractured_26_piece_1.obj is not a valid directory, skipping.
Warning: /workspace/everyday_all_2/ToyFigure_a56419bd8118099593b55327c66a07aa_fractured_56_piece_0.obj,ToyFigure_a56419bd8118099593b55327c66a07aa_fractured_56_piece_1.obj is not a valid directory, skipping.
Warning: /workspace/everyday_all_2/ToyFigure_a56419bd8118099593b55327c66a07aa_fractured_73_piece_0.obj,ToyFigure_a56419bd8118099593b55327c66a07aa_fractured_73_piece_1.obj is not a valid directory, skipping.
Warning: /workspace/everyday_all_2/ToyFigure_a56419bd8118099593b55327c66a07aa_fractured_47_piece_0.obj,ToyFigure_a56419bd8118099593b55327c66a07aa_fractured_47_piece_1.obj is not a valid directory, skipping.
Warning: /workspace/everyday_all_2/ToyFigure_a56419bd8118099593b55327c66a07aa_fractured_4_piece_0.obj,ToyFigure_a56419bd8118099593b55327c66a07aa_fractured_4_piece_1.obj is not a valid directory, skipping.
Warning: /workspace/everyday_all_2/ToyFigure_a56419bd8118099593b55327c66a07aa_fractured_45_piece_0.obj,ToyFigure_a56419bd8118099593b55327c66a07aa_fractured_45_piece_1.obj is not a valid directory, skipping.
Warning: /workspace/everyday_all_2/ToyFigure_a56419bd8118099593b55327c66a07aa_fractured_15_piece_0.obj,ToyFigure_a56419bd8118099593b55327c66a07aa_fractured_15_piece_1.obj is not a valid directory, skipping.
Warning: /workspace/everyday_all_2/ToyFigure_a56419bd8118099593b55327c66a07aa_fractured_44_piece_0.obj,ToyFigure_a56419bd8118099593b55327c66a07aa_fractured_44_piece_1.obj is not a valid directory, skipping.
Warning: /workspace/everyday_all_2/ToyFigure_a56419bd8118099593b55327c66a07aa_fractured_18_piece_0.obj,ToyFigure_a56419bd8118099593b55327c66a07aa_fractured_18_piece_1.obj is not a valid directory, skipping.
Warning: /workspace/everyday_all_2/ToyFigure_a56419bd8118099593b55327c66a07aa_fractured_32_piece_0.obj,ToyFigure_a56419bd8118099593b55327c66a07aa_fractured_32_piece_1.obj is not a valid directory, skipping.
Warning: /workspace/everyday_all_2/ToyFigure_a56419bd8118099593b55327c66a07aa_fractured_29_piece_0.obj,ToyFigure_a56419bd8118099593b55327c66a07aa_fractured_29_piece_1.obj is not a valid directory, skipping.
Warning: /workspace/everyday_all_2/ToyFigure_a56419bd8118099593b55327c66a07aa_fractured_46_piece_0.obj,ToyFigure_a56419bd8118099593b55327c66a07aa_fractured_46_piece_1.obj is not a valid directory, skipping.
Warning: /workspace/everyday_all_2/ToyFigure_a56419bd8118099593b55327c66a07aa_fractured_71_piece_0.obj,ToyFigure_a56419bd8118099593b55327c66a07aa_fractured_71_piece_1.obj is not a valid directory, skipping.
Warning: /workspace/everyday_all_2/ToyFigure_a56419bd8118099593b55327c66a07aa_fractured_78_piece_0.obj,ToyFigure_a56419bd8118099593b55327c66a07aa_fractured_78_piece_1.obj is not a valid directory, skipping.
Warning: /workspace/everyday_all_2/ToyFigure_a56419bd8118099593b55327c66a07aa_fractured_1_piece_0.obj,ToyFigure_a56419bd8118099593b55327c66a07aa_fractured_1_piece_1.obj is not a valid directory, skipping.
Warning: /workspace/everyday_all_2/ToyFigure_a56419bd8118099593b55327c66a07aa_fractured_77_piece_0.obj,ToyFigure_a56419bd8118099593b55327c66a07aa_fractured_77_piece_1.obj is not a valid directory, skipping.
Warning: /workspace/everyday_all_2/ToyFigure_a56419bd8118099593b55327c66a07aa_fractured_24_piece_0.obj,ToyFigure_a56419bd8118099593b55327c66a07aa_fractured_24_piece_1.obj is not a valid directory, skipping.
Warning: /workspace/everyday_all_2/ToyFigure_a56419bd8118099593b55327c66a07aa_fractured_23_piece_0.obj,ToyFigure_a56419bd8118099593b55327c66a07aa_fractured_23_piece_1.obj is not a valid directory, skipping.
Warning: /workspace/everyday_all_2/ToyFigure_a56419bd8118099593b55327c66a07aa_fractured_36_piece_0.obj,ToyFigure_a56419bd8118099593b55327c66a07aa_fractured_36_piece_1.obj is not a valid directory, skipping.
Warning: /workspace/everyday_all_2/ToyFigure_a56419bd8118099593b55327c66a07aa_fractured_30_piece_0.obj,ToyFigure_a56419bd8118099593b55327c66a07aa_fractured_30_piece_1.obj is not a valid directory, skipping.
Warning: /workspace/everyday_all_2/ToyFigure_a56419bd8118099593b55327c66a07aa_fractured_48_piece_0.obj,ToyFigure_a56419bd8118099593b55327c66a07aa_fractured_48_piece_1.obj is not a valid directory, skipping.
Warning: /workspace/everyday_all_2/ToyFigure_a56419bd8118099593b55327c66a07aa_fractured_10_piece_0.obj,ToyFigure_a56419bd8118099593b55327c66a07aa_fractured_10_piece_1.obj is not a valid directory, skipping.
Warning: /workspace/everyday_all_2/ToyFigure_a56419bd8118099593b55327c66a07aa_fractured_62_piece_0.obj,ToyFigure_a56419bd8118099593b55327c66a07aa_fractured_62_piece_1.obj is not a valid directory, skipping.
Warning: /workspace/everyday_all_2/ToyFigure_a56419bd8118099593b55327c66a07aa_fractured_61_piece_0.obj,ToyFigure_a56419bd8118099593b55327c66a07aa_fractured_61_piece_1.obj is not a valid directory, skipping.
Warning: /workspace/everyday_all_2/ToyFigure_a56419bd8118099593b55327c66a07aa_fractured_20_piece_0.obj,ToyFigure_a56419bd8118099593b55327c66a07aa_fractured_20_piece_1.obj is not a valid directory, skipping.
Warning: /workspace/everyday_all_2/ToyFigure_a56419bd8118099593b55327c66a07aa_fractured_16_piece_0.obj,ToyFigure_a56419bd8118099593b55327c66a07aa_fractured_16_piece_1.obj is not a valid directory, skipping.
Warning: /workspace/everyday_all_2/ToyFigure_a56419bd8118099593b55327c66a07aa_fractured_19_piece_0.obj,ToyFigure_a56419bd8118099593b55327c66a07aa_fractured_19_piece_1.obj is not a valid directory, skipping.
Warning: /workspace/everyday_all_2/ToyFigure_a56419bd8118099593b55327c66a07aa_fractured_64_piece_0.obj,ToyFigure_a56419bd8118099593b55327c66a07aa_fractured_64_piece_1.obj is not a valid directory, skipping.
Warning: /workspace/everyday_all_2/ToyFigure_a56419bd8118099593b55327c66a07aa_fractured_67_piece_0.obj,ToyFigure_a56419bd8118099593b55327c66a07aa_fractured_67_piece_1.obj is not a valid directory, skipping.
Warning: /workspace/everyday_all_2/ToyFigure_a56419bd8118099593b55327c66a07aa_fractured_31_piece_0.obj,ToyFigure_a56419bd8118099593b55327c66a07aa_fractured_31_piece_1.obj is not a valid directory, skipping.
Warning: /workspace/everyday_all_2/ToyFigure_a56419bd8118099593b55327c66a07aa_fractured_7_piece_0.obj,ToyFigure_a56419bd8118099593b55327c66a07aa_fractured_7_piece_1.obj is not a valid directory, skipping.
Warning: /workspace/everyday_all_2/ToyFigure_a56419bd8118099593b55327c66a07aa_fractured_21_piece_0.obj,ToyFigure_a56419bd8118099593b55327c66a07aa_fractured_21_piece_1.obj is not a valid directory, skipping.
Warning: /workspace/everyday_all_2/ToyFigure_a56419bd8118099593b55327c66a07aa_fractured_34_piece_0.obj,ToyFigure_a56419bd8118099593b55327c66a07aa_fractured_34_piece_1.obj is not a valid directory, skipping.
Warning: /workspace/everyday_all_2/ToyFigure_a56419bd8118099593b55327c66a07aa_fractured_22_piece_0.obj,ToyFigure_a56419bd8118099593b55327c66a07aa_fractured_22_piece_1.obj is not a valid directory, skipping.
Warning: /workspace/everyday_all_2/Bottle_defc45107217afb846564a8a219239b_fractured_11_piece_0.obj,Bottle_defc45107217afb846564a8a219239b_fractured_11_piece_1.obj is not a valid directory, skipping.
Warning: /workspace/everyday_all_2/Bottle_defc45107217afb846564a8a219239b_fractured_39_piece_0.obj,Bottle_defc45107217afb846564a8a219239b_fractured_39_piece_1.obj is not a valid directory, skipping.
Warning: /workspace/everyday_all_2/Bottle_defc45107217afb846564a8a219239b_fractured_40_piece_0.obj,Bottle_defc45107217afb846564a8a219239b_fractured_40_piece_1.obj is not a valid directory, skipping.
Warning: /workspace/everyday_all_2/Bottle_defc45107217afb846564a8a219239b_fractured_74_piece_0.obj,Bottle_defc45107217afb846564a8a219239b_fractured_74_piece_1.obj is not a valid directory, skipping.
Warning: /workspace/everyday_all_2/Bottle_defc45107217afb846564a8a219239b_fractured_46_piece_0.obj,Bottle_defc45107217afb846564a8a219239b_fractured_46_piece_1.obj is not a valid directory, skipping.
Warning: /workspace/everyday_all_2/Bottle_defc45107217afb846564a8a219239b_fractured_54_piece_0.obj,Bottle_defc45107217afb846564a8a219239b_fractured_54_piece_1.obj is not a valid directory, skipping.
Warning: /workspace/everyday_all_2/Bottle_defc45107217afb846564a8a219239b_fractured_44_piece_0.obj,Bottle_defc45107217afb846564a8a219239b_fractured_44_piece_1.obj is not a valid directory, skipping.
Warning: /workspace/everyday_all_2/Bottle_defc45107217afb846564a8a219239b_fractured_4_piece_0.obj,Bottle_defc45107217afb846564a8a219239b_fractured_4_piece_1.obj is not a valid directory, skipping.
Warning: /workspace/everyday_all_2/Bottle_defc45107217afb846564a8a219239b_fractured_63_piece_0.obj,Bottle_defc45107217afb846564a8a219239b_fractured_63_piece_1.obj is not a valid directory, skipping.
Warning: /workspace/everyday_all_2/Bottle_defc45107217afb846564a8a219239b_fractured_25_piece_0.obj,Bottle_defc45107217afb846564a8a219239b_fractured_25_piece_1.obj is not a valid directory, skipping.
Warning: /workspace/everyday_all_2/Bottle_defc45107217afb846564a8a219239b_fractured_73_piece_0.obj,Bottle_defc45107217afb846564a8a219239b_fractured_73_piece_1.obj is not a valid directory, skipping.
Warning: /workspace/everyday_all_2/Bottle_defc45107217afb846564a8a219239b_fractured_29_piece_0.obj,Bottle_defc45107217afb846564a8a219239b_fractured_29_piece_1.obj is not a valid directory, skipping.
Warning: /workspace/everyday_all_2/Bottle_defc45107217afb846564a8a219239b_fractured_30_piece_0.obj,Bottle_defc45107217afb846564a8a219239b_fractured_30_piece_1.obj is not a valid directory, skipping.
Warning: /workspace/everyday_all_2/Bottle_defc45107217afb846564a8a219239b_fractured_59_piece_0.obj,Bottle_defc45107217afb846564a8a219239b_fractured_59_piece_1.obj is not a valid directory, skipping.
Warning: /workspace/everyday_all_2/Ring_74cd9bcdf1ae8be08b799476ffd68751_fractured_61_piece_0.obj,Ring_74cd9bcdf1ae8be08b799476ffd68751_fractured_61_piece_1.obj is not a valid directory, skipping.
Warning: /workspace/everyday_all_2/Ring_74cd9bcdf1ae8be08b799476ffd68751_fractured_19_piece_0.obj,Ring_74cd9bcdf1ae8be08b799476ffd68751_fractured_19_piece_1.obj is not a valid directory, skipping.
Warning: /workspace/everyday_all_2/Ring_74cd9bcdf1ae8be08b799476ffd68751_fractured_41_piece_0.obj,Ring_74cd9bcdf1ae8be08b799476ffd68751_fractured_41_piece_1.obj is not a valid directory, skipping.
Warning: /workspace/everyday_all_2/Ring_74cd9bcdf1ae8be08b799476ffd68751_fractured_72_piece_0.obj,Ring_74cd9bcdf1ae8be08b799476ffd68751_fractured_72_piece_1.obj is not a valid directory, skipping.
Warning: /workspace/everyday_all_2/Ring_74cd9bcdf1ae8be08b799476ffd68751_fractured_21_piece_0.obj,Ring_74cd9bcdf1ae8be08b799476ffd68751_fractured_21_piece_1.obj is not a valid directory, skipping.
Warning: /workspace/everyday_all_2/Ring_74cd9bcdf1ae8be08b799476ffd68751_fractured_78_piece_0.obj,Ring_74cd9bcdf1ae8be08b799476ffd68751_fractured_78_piece_1.obj is not a valid directory, skipping.
Warning: /workspace/everyday_all_2/Ring_74cd9bcdf1ae8be08b799476ffd68751_fractured_69_piece_0.obj,Ring_74cd9bcdf1ae8be08b799476ffd68751_fractured_69_piece_1.obj is not a valid directory, skipping.
Warning: /workspace/everyday_all_2/Ring_74cd9bcdf1ae8be08b799476ffd68751_fractured_64_piece_0.obj,Ring_74cd9bcdf1ae8be08b799476ffd68751_fractured_64_piece_1.obj is not a valid directory, skipping.
Warning: /workspace/everyday_all_2/WineBottle_fa44223c6f785c60e71da2487cb2ee5b_fractured_15_piece_0.obj,WineBottle_fa44223c6f785c60e71da2487cb2ee5b_fractured_15_piece_1.obj is not a valid directory, skipping.
Warning: /workspace/everyday_all_2/WineBottle_fa44223c6f785c60e71da2487cb2ee5b_fractured_2_piece_0.obj,WineBottle_fa44223c6f785c60e71da2487cb2ee5b_fractured_2_piece_1.obj is not a valid directory, skipping.
Warning: /workspace/everyday_all_2/WineBottle_fa44223c6f785c60e71da2487cb2ee5b_fractured_11_piece_0.obj,WineBottle_fa44223c6f785c60e71da2487cb2ee5b_fractured_11_piece_1.obj is not a valid directory, skipping.
Warning: /workspace/everyday_all_2/WineBottle_fa44223c6f785c60e71da2487cb2ee5b_fractured_4_piece_0.obj,WineBottle_fa44223c6f785c60e71da2487cb2ee5b_fractured_4_piece_1.obj is not a valid directory, skipping.
Warning: /workspace/everyday_all_2/WineBottle_fa44223c6f785c60e71da2487cb2ee5b_fractured_25_piece_0.obj,WineBottle_fa44223c6f785c60e71da2487cb2ee5b_fractured_25_piece_1.obj is not a valid directory, skipping.
Warning: /workspace/everyday_all_2/WineBottle_fa44223c6f785c60e71da2487cb2ee5b_fractured_49_piece_0.obj,WineBottle_fa44223c6f785c60e71da2487cb2ee5b_fractured_49_piece_1.obj is not a valid directory, skipping.
Warning: /workspace/everyday_all_2/WineBottle_fa44223c6f785c60e71da2487cb2ee5b_fractured_45_piece_0.obj,WineBottle_fa44223c6f785c60e71da2487cb2ee5b_fractured_45_piece_1.obj is not a valid directory, skipping.
Warning: /workspace/everyday_all_2/WineBottle_fa44223c6f785c60e71da2487cb2ee5b_fractured_9_piece_0.obj,WineBottle_fa44223c6f785c60e71da2487cb2ee5b_fractured_9_piece_1.obj is not a valid directory, skipping.
Warning: /workspace/everyday_all_2/WineBottle_fa44223c6f785c60e71da2487cb2ee5b_fractured_20_piece_0.obj,WineBottle_fa44223c6f785c60e71da2487cb2ee5b_fractured_20_piece_1.obj is not a valid directory, skipping.
Warning: /workspace/everyday_all_2/WineBottle_fa44223c6f785c60e71da2487cb2ee5b_fractured_68_piece_0.obj,WineBottle_fa44223c6f785c60e71da2487cb2ee5b_fractured_68_piece_1.obj is not a valid directory, skipping.
Warning: /workspace/everyday_all_2/Mug_c7f8d39c406fee941050b055aafa6fb8_fractured_22_piece_0.obj,Mug_c7f8d39c406fee941050b055aafa6fb8_fractured_22_piece_1.obj is not a valid directory, skipping.
Warning: /workspace/everyday_all_2/Mug_c7f8d39c406fee941050b055aafa6fb8_fractured_5_piece_0.obj,Mug_c7f8d39c406fee941050b055aafa6fb8_fractured_5_piece_1.obj is not a valid directory, skipping.
Warning: /workspace/everyday_all_2/Mug_c7f8d39c406fee941050b055aafa6fb8_fractured_64_piece_0.obj,Mug_c7f8d39c406fee941050b055aafa6fb8_fractured_64_piece_1.obj is not a valid directory, skipping.
Warning: /workspace/everyday_all_2/Mug_c7f8d39c406fee941050b055aafa6fb8_fractured_76_piece_0.obj,Mug_c7f8d39c406fee941050b055aafa6fb8_fractured_76_piece_1.obj is not a valid directory, skipping.
Warning: /workspace/everyday_all_2/Mug_c7f8d39c406fee941050b055aafa6fb8_fractured_27_piece_0.obj,Mug_c7f8d39c406fee941050b055aafa6fb8_fractured_27_piece_1.obj is not a valid directory, skipping.
Warning: /workspace/everyday_all_2/Mug_c7f8d39c406fee941050b055aafa6fb8_fractured_57_piece_0.obj,Mug_c7f8d39c406fee941050b055aafa6fb8_fractured_57_piece_1.obj is not a valid directory, skipping.
Warning: /workspace/everyday_all_2/Mug_c7f8d39c406fee941050b055aafa6fb8_fractured_36_piece_0.obj,Mug_c7f8d39c406fee941050b055aafa6fb8_fractured_36_piece_1.obj is not a valid directory, skipping.
Warning: /workspace/everyday_all_2/Mug_c7f8d39c406fee941050b055aafa6fb8_fractured_55_piece_0.obj,Mug_c7f8d39c406fee941050b055aafa6fb8_fractured_55_piece_1.obj is not a valid directory, skipping.
Warning: /workspace/everyday_all_2/Mug_c7f8d39c406fee941050b055aafa6fb8_fractured_45_piece_0.obj,Mug_c7f8d39c406fee941050b055aafa6fb8_fractured_45_piece_1.obj is not a valid directory, skipping.
Warning: /workspace/everyday_all_2/Mug_c7f8d39c406fee941050b055aafa6fb8_fractured_4_piece_0.obj,Mug_c7f8d39c406fee941050b055aafa6fb8_fractured_4_piece_1.obj is not a valid directory, skipping.
Warning: /workspace/everyday_all_2/Mug_c7f8d39c406fee941050b055aafa6fb8_fractured_53_piece_0.obj,Mug_c7f8d39c406fee941050b055aafa6fb8_fractured_53_piece_1.obj is not a valid directory, skipping.
Warning: /workspace/everyday_all_2/Mug_c7f8d39c406fee941050b055aafa6fb8_fractured_72_piece_0.obj,Mug_c7f8d39c406fee941050b055aafa6fb8_fractured_72_piece_1.obj is not a valid directory, skipping.
Warning: /workspace/everyday_all_2/Mug_c7f8d39c406fee941050b055aafa6fb8_fractured_77_piece_0.obj,Mug_c7f8d39c406fee941050b055aafa6fb8_fractured_77_piece_1.obj is not a valid directory, skipping.
Warning: /workspace/everyday_all_2/Mug_c7f8d39c406fee941050b055aafa6fb8_fractured_11_piece_0.obj,Mug_c7f8d39c406fee941050b055aafa6fb8_fractured_11_piece_1.obj is not a valid directory, skipping.
Warning: /workspace/everyday_all_2/Mug_c7f8d39c406fee941050b055aafa6fb8_fractured_16_piece_0.obj,Mug_c7f8d39c406fee941050b055aafa6fb8_fractured_16_piece_1.obj is not a valid directory, skipping.
Warning: /workspace/everyday_all_2/Mug_c7f8d39c406fee941050b055aafa6fb8_fractured_69_piece_0.obj,Mug_c7f8d39c406fee941050b055aafa6fb8_fractured_69_piece_1.obj is not a valid directory, skipping.
Warning: /workspace/everyday_all_2/Mug_c7f8d39c406fee941050b055aafa6fb8_fractured_31_piece_0.obj,Mug_c7f8d39c406fee941050b055aafa6fb8_fractured_31_piece_1.obj is not a valid directory, skipping.
Warning: /workspace/everyday_all_2/Mug_c7f8d39c406fee941050b055aafa6fb8_fractured_15_piece_0.obj,Mug_c7f8d39c406fee941050b055aafa6fb8_fractured_15_piece_1.obj is not a valid directory, skipping.
Warning: /workspace/everyday_all_2/BeerBottle_5566f264a6fa08cd2a68e506fbd6eecf_fractured_38_piece_0.obj,BeerBottle_5566f264a6fa08cd2a68e506fbd6eecf_fractured_38_piece_1.obj is not a valid directory, skipping.
Warning: /workspace/everyday_all_2/BeerBottle_5566f264a6fa08cd2a68e506fbd6eecf_fractured_75_piece_0.obj,BeerBottle_5566f264a6fa08cd2a68e506fbd6eecf_fractured_75_piece_1.obj is not a valid directory, skipping.
Warning: /workspace/everyday_all_2/BeerBottle_5566f264a6fa08cd2a68e506fbd6eecf_fractured_16_piece_0.obj,BeerBottle_5566f264a6fa08cd2a68e506fbd6eecf_fractured_16_piece_1.obj is not a valid directory, skipping.
Warning: /workspace/everyday_all_2/BeerBottle_5566f264a6fa08cd2a68e506fbd6eecf_fractured_8_piece_0.obj,BeerBottle_5566f264a6fa08cd2a68e506fbd6eecf_fractured_8_piece_1.obj is not a valid directory, skipping.
Warning: /workspace/everyday_all_2/BeerBottle_5566f264a6fa08cd2a68e506fbd6eecf_fractured_28_piece_0.obj,BeerBottle_5566f264a6fa08cd2a68e506fbd6eecf_fractured_28_piece_1.obj is not a valid directory, skipping.
Warning: /workspace/everyday_all_2/BeerBottle_5566f264a6fa08cd2a68e506fbd6eecf_fractured_42_piece_0.obj,BeerBottle_5566f264a6fa08cd2a68e506fbd6eecf_fractured_42_piece_1.obj is not a valid directory, skipping.
Warning: /workspace/everyday_all_2/BeerBottle_5566f264a6fa08cd2a68e506fbd6eecf_fractured_78_piece_0.obj,BeerBottle_5566f264a6fa08cd2a68e506fbd6eecf_fractured_78_piece_1.obj is not a valid directory, skipping.
Warning: /workspace/everyday_all_2/BeerBottle_5566f264a6fa08cd2a68e506fbd6eecf_fractured_17_piece_0.obj,BeerBottle_5566f264a6fa08cd2a68e506fbd6eecf_fractured_17_piece_1.obj is not a valid directory, skipping.
Warning: /workspace/everyday_all_2/BeerBottle_5566f264a6fa08cd2a68e506fbd6eecf_fractured_66_piece_0.obj,BeerBottle_5566f264a6fa08cd2a68e506fbd6eecf_fractured_66_piece_1.obj is not a valid directory, skipping.
Warning: /workspace/everyday_all_2/BeerBottle_5566f264a6fa08cd2a68e506fbd6eecf_fractured_6_piece_0.obj,BeerBottle_5566f264a6fa08cd2a68e506fbd6eecf_fractured_6_piece_1.obj is not a valid directory, skipping.
Warning: /workspace/everyday_all_2/BeerBottle_5566f264a6fa08cd2a68e506fbd6eecf_fractured_29_piece_0.obj,BeerBottle_5566f264a6fa08cd2a68e506fbd6eecf_fractured_29_piece_1.obj is not a valid directory, skipping.
Warning: /workspace/everyday_all_2/BeerBottle_5566f264a6fa08cd2a68e506fbd6eecf_fractured_61_piece_0.obj,BeerBottle_5566f264a6fa08cd2a68e506fbd6eecf_fractured_61_piece_1.obj is not a valid directory, skipping.
Warning: /workspace/everyday_all_2/BeerBottle_5566f264a6fa08cd2a68e506fbd6eecf_fractured_20_piece_0.obj,BeerBottle_5566f264a6fa08cd2a68e506fbd6eecf_fractured_20_piece_1.obj is not a valid directory, skipping.
Warning: /workspace/everyday_all_2/BeerBottle_5566f264a6fa08cd2a68e506fbd6eecf_fractured_74_piece_0.obj,BeerBottle_5566f264a6fa08cd2a68e506fbd6eecf_fractured_74_piece_1.obj is not a valid directory, skipping.
Warning: /workspace/everyday_all_2/BeerBottle_5566f264a6fa08cd2a68e506fbd6eecf_fractured_44_piece_0.obj,BeerBottle_5566f264a6fa08cd2a68e506fbd6eecf_fractured_44_piece_1.obj is not a valid directory, skipping.
Warning: /workspace/everyday_all_2/BeerBottle_5566f264a6fa08cd2a68e506fbd6eecf_fractured_30_piece_0.obj,BeerBottle_5566f264a6fa08cd2a68e506fbd6eecf_fractured_30_piece_1.obj is not a valid directory, skipping.
Warning: /workspace/everyday_all_2/BeerBottle_5566f264a6fa08cd2a68e506fbd6eecf_fractured_56_piece_0.obj,BeerBottle_5566f264a6fa08cd2a68e506fbd6eecf_fractured_56_piece_1.obj is not a valid directory, skipping.
Warning: /workspace/everyday_all_2/Bottle_bb234652525a68498d969821a85884b2_mode_1_piece_0.obj,Bottle_bb234652525a68498d969821a85884b2_mode_1_piece_1.obj is not a valid directory, skipping.
Warning: /workspace/everyday_all_2/Vase_40f0d91382abe04b2396ca3dd50467ab_fractured_64_piece_0.obj,Vase_40f0d91382abe04b2396ca3dd50467ab_fractured_64_piece_1.obj is not a valid directory, skipping.
Warning: /workspace/everyday_all_2/Vase_40f0d91382abe04b2396ca3dd50467ab_fractured_44_piece_0.obj,Vase_40f0d91382abe04b2396ca3dd50467ab_fractured_44_piece_1.obj is not a valid directory, skipping.
Warning: /workspace/everyday_all_2/Vase_40f0d91382abe04b2396ca3dd50467ab_fractured_75_piece_1.obj,Vase_40f0d91382abe04b2396ca3dd50467ab_fractured_75_piece_0.obj is not a valid directory, skipping.
Warning: /workspace/everyday_all_2/Vase_40f0d91382abe04b2396ca3dd50467ab_fractured_33_piece_0.obj,Vase_40f0d91382abe04b2396ca3dd50467ab_fractured_33_piece_1.obj is not a valid directory, skipping.
Warning: /workspace/everyday_all_2/Vase_40f0d91382abe04b2396ca3dd50467ab_fractured_3_piece_0.obj,Vase_40f0d91382abe04b2396ca3dd50467ab_fractured_3_piece_1.obj is not a valid directory, skipping.
Warning: /workspace/everyday_all_2/Vase_40f0d91382abe04b2396ca3dd50467ab_fractured_69_piece_1.obj,Vase_40f0d91382abe04b2396ca3dd50467ab_fractured_69_piece_0.obj is not a valid directory, skipping.
Warning: /workspace/everyday_all_2/Vase_a891dc805b93d01370a43c2d978e502e_fractured_43_piece_0.obj,Vase_a891dc805b93d01370a43c2d978e502e_fractured_43_piece_1.obj is not a valid directory, skipping.
Warning: /workspace/everyday_all_2/Vase_a891dc805b93d01370a43c2d978e502e_fractured_65_piece_0.obj,Vase_a891dc805b93d01370a43c2d978e502e_fractured_65_piece_1.obj is not a valid directory, skipping.
Warning: /workspace/everyday_all_2/Vase_a891dc805b93d01370a43c2d978e502e_fractured_41_piece_0.obj,Vase_a891dc805b93d01370a43c2d978e502e_fractured_41_piece_1.obj is not a valid directory, skipping.
Warning: /workspace/everyday_all_2/Vase_a891dc805b93d01370a43c2d978e502e_fractured_77_piece_0.obj,Vase_a891dc805b93d01370a43c2d978e502e_fractured_77_piece_1.obj is not a valid directory, skipping.
Warning: /workspace/everyday_all_2/Vase_a891dc805b93d01370a43c2d978e502e_fractured_26_piece_0.obj,Vase_a891dc805b93d01370a43c2d978e502e_fractured_26_piece_1.obj is not a valid directory, skipping.
Warning: /workspace/everyday_all_2/Vase_a891dc805b93d01370a43c2d978e502e_fractured_7_piece_0.obj,Vase_a891dc805b93d01370a43c2d978e502e_fractured_7_piece_1.obj is not a valid directory, skipping.
Warning: /workspace/everyday_all_2/Vase_a891dc805b93d01370a43c2d978e502e_fractured_5_piece_0.obj,Vase_a891dc805b93d01370a43c2d978e502e_fractured_5_piece_1.obj is not a valid directory, skipping.
Warning: /workspace/everyday_all_2/Vase_a891dc805b93d01370a43c2d978e502e_fractured_42_piece_0.obj,Vase_a891dc805b93d01370a43c2d978e502e_fractured_42_piece_1.obj is not a valid directory, skipping.
Warning: /workspace/everyday_all_2/Vase_a891dc805b93d01370a43c2d978e502e_fractured_20_piece_0.obj,Vase_a891dc805b93d01370a43c2d978e502e_fractured_20_piece_1.obj is not a valid directory, skipping.
Warning: /workspace/everyday_all_2/Vase_a891dc805b93d01370a43c2d978e502e_fractured_32_piece_0.obj,Vase_a891dc805b93d01370a43c2d978e502e_fractured_32_piece_1.obj is not a valid directory, skipping.
Warning: /workspace/everyday_all_2/Vase_a891dc805b93d01370a43c2d978e502e_fractured_62_piece_0.obj,Vase_a891dc805b93d01370a43c2d978e502e_fractured_62_piece_1.obj is not a valid directory, skipping.
Warning: /workspace/everyday_all_2/Vase_a891dc805b93d01370a43c2d978e502e_fractured_10_piece_0.obj,Vase_a891dc805b93d01370a43c2d978e502e_fractured_10_piece_1.obj is not a valid directory, skipping.
Warning: /workspace/everyday_all_2/Vase_a891dc805b93d01370a43c2d978e502e_fractured_2_piece_0.obj,Vase_a891dc805b93d01370a43c2d978e502e_fractured_2_piece_1.obj is not a valid directory, skipping.
Warning: /workspace/everyday_all_2/Mug_b7841572364fd9ce1249ffc39a0c3c0b_fractured_39_piece_0.obj,Mug_b7841572364fd9ce1249ffc39a0c3c0b_fractured_39_piece_1.obj is not a valid directory, skipping.
Warning: /workspace/everyday_all_2/Mug_b7841572364fd9ce1249ffc39a0c3c0b_fractured_78_piece_0.obj,Mug_b7841572364fd9ce1249ffc39a0c3c0b_fractured_78_piece_1.obj is not a valid directory, skipping.
Warning: /workspace/everyday_all_2/Mug_b7841572364fd9ce1249ffc39a0c3c0b_fractured_31_piece_0.obj,Mug_b7841572364fd9ce1249ffc39a0c3c0b_fractured_31_piece_1.obj is not a valid directory, skipping.
Warning: /workspace/everyday_all_2/Mug_b7841572364fd9ce1249ffc39a0c3c0b_fractured_59_piece_0.obj,Mug_b7841572364fd9ce1249ffc39a0c3c0b_fractured_59_piece_1.obj is not a valid directory, skipping.
Warning: /workspace/everyday_all_2/Mug_b7841572364fd9ce1249ffc39a0c3c0b_fractured_7_piece_0.obj,Mug_b7841572364fd9ce1249ffc39a0c3c0b_fractured_7_piece_1.obj is not a valid directory, skipping.
Warning: /workspace/everyday_all_2/Mug_b7841572364fd9ce1249ffc39a0c3c0b_fractured_26_piece_0.obj,Mug_b7841572364fd9ce1249ffc39a0c3c0b_fractured_26_piece_1.obj is not a valid directory, skipping.
Warning: /workspace/everyday_all_2/Mug_b7841572364fd9ce1249ffc39a0c3c0b_fractured_17_piece_0.obj,Mug_b7841572364fd9ce1249ffc39a0c3c0b_fractured_17_piece_1.obj is not a valid directory, skipping.
Warning: /workspace/everyday_all_2/Mug_b7841572364fd9ce1249ffc39a0c3c0b_fractured_0_piece_0.obj,Mug_b7841572364fd9ce1249ffc39a0c3c0b_fractured_0_piece_1.obj is not a valid directory, skipping.
Warning: /workspace/everyday_all_2/Mug_b7841572364fd9ce1249ffc39a0c3c0b_fractured_2_piece_0.obj,Mug_b7841572364fd9ce1249ffc39a0c3c0b_fractured_2_piece_1.obj is not a valid directory, skipping.
Warning: /workspace/everyday_all_2/Mug_b7841572364fd9ce1249ffc39a0c3c0b_fractured_73_piece_0.obj,Mug_b7841572364fd9ce1249ffc39a0c3c0b_fractured_73_piece_1.obj is not a valid directory, skipping.
Warning: /workspace/everyday_all_2/Mug_b7841572364fd9ce1249ffc39a0c3c0b_fractured_51_piece_0.obj,Mug_b7841572364fd9ce1249ffc39a0c3c0b_fractured_51_piece_1.obj is not a valid directory, skipping.
Warning: /workspace/everyday_all_2/Mug_b7841572364fd9ce1249ffc39a0c3c0b_fractured_35_piece_0.obj,Mug_b7841572364fd9ce1249ffc39a0c3c0b_fractured_35_piece_1.obj is not a valid directory, skipping.
Warning: /workspace/everyday_all_2/Mug_b7841572364fd9ce1249ffc39a0c3c0b_fractured_6_piece_0.obj,Mug_b7841572364fd9ce1249ffc39a0c3c0b_fractured_6_piece_1.obj is not a valid directory, skipping.
Warning: /workspace/everyday_all_2/Mug_b7841572364fd9ce1249ffc39a0c3c0b_fractured_22_piece_0.obj,Mug_b7841572364fd9ce1249ffc39a0c3c0b_fractured_22_piece_1.obj is not a valid directory, skipping.
Warning: /workspace/everyday_all_2/Mug_b7841572364fd9ce1249ffc39a0c3c0b_fractured_77_piece_0.obj,Mug_b7841572364fd9ce1249ffc39a0c3c0b_fractured_77_piece_1.obj is not a valid directory, skipping.
Warning: /workspace/everyday_all_2/Cup_f9244dc91aebf77ba4c322790a683350_fractured_72_piece_0.obj,Cup_f9244dc91aebf77ba4c322790a683350_fractured_72_piece_1.obj is not a valid directory, skipping.
Warning: /workspace/everyday_all_2/Cup_f9244dc91aebf77ba4c322790a683350_fractured_60_piece_0.obj,Cup_f9244dc91aebf77ba4c322790a683350_fractured_60_piece_1.obj is not a valid directory, skipping.
Warning: /workspace/everyday_all_2/Cup_f9244dc91aebf77ba4c322790a683350_fractured_35_piece_0.obj,Cup_f9244dc91aebf77ba4c322790a683350_fractured_35_piece_1.obj is not a valid directory, skipping.
Warning: /workspace/everyday_all_2/Cup_f9244dc91aebf77ba4c322790a683350_fractured_32_piece_0.obj,Cup_f9244dc91aebf77ba4c322790a683350_fractured_32_piece_1.obj is not a valid directory, skipping.
Warning: /workspace/everyday_all_2/Cup_f9244dc91aebf77ba4c322790a683350_fractured_9_piece_0.obj,Cup_f9244dc91aebf77ba4c322790a683350_fractured_9_piece_1.obj is not a valid directory, skipping.
Warning: /workspace/everyday_all_2/Cup_f9244dc91aebf77ba4c322790a683350_fractured_2_piece_0.obj,Cup_f9244dc91aebf77ba4c322790a683350_fractured_2_piece_1.obj is not a valid directory, skipping.
Warning: /workspace/everyday_all_2/Cup_f9244dc91aebf77ba4c322790a683350_fractured_33_piece_0.obj,Cup_f9244dc91aebf77ba4c322790a683350_fractured_33_piece_1.obj is not a valid directory, skipping.
Warning: /workspace/everyday_all_2/Cup_f9244dc91aebf77ba4c322790a683350_fractured_19_piece_0.obj,Cup_f9244dc91aebf77ba4c322790a683350_fractured_19_piece_1.obj is not a valid directory, skipping.
Warning: /workspace/everyday_all_2/Cup_f9244dc91aebf77ba4c322790a683350_fractured_40_piece_0.obj,Cup_f9244dc91aebf77ba4c322790a683350_fractured_40_piece_1.obj is not a valid directory, skipping.
Warning: /workspace/everyday_all_2/Cup_f9244dc91aebf77ba4c322790a683350_fractured_49_piece_0.obj,Cup_f9244dc91aebf77ba4c322790a683350_fractured_49_piece_1.obj is not a valid directory, skipping.
Warning: /workspace/everyday_all_2/Cup_f9244dc91aebf77ba4c322790a683350_fractured_61_piece_0.obj,Cup_f9244dc91aebf77ba4c322790a683350_fractured_61_piece_1.obj is not a valid directory, skipping.
Warning: /workspace/everyday_all_2/Cup_f9244dc91aebf77ba4c322790a683350_fractured_13_piece_0.obj,Cup_f9244dc91aebf77ba4c322790a683350_fractured_13_piece_1.obj is not a valid directory, skipping.
Warning: /workspace/everyday_all_2/Cup_f9244dc91aebf77ba4c322790a683350_fractured_30_piece_0.obj,Cup_f9244dc91aebf77ba4c322790a683350_fractured_30_piece_1.obj is not a valid directory, skipping.
Warning: /workspace/everyday_all_2/Cup_f9244dc91aebf77ba4c322790a683350_fractured_65_piece_0.obj,Cup_f9244dc91aebf77ba4c322790a683350_fractured_65_piece_1.obj is not a valid directory, skipping.
Warning: /workspace/everyday_all_2/Cup_f9244dc91aebf77ba4c322790a683350_fractured_26_piece_0.obj,Cup_f9244dc91aebf77ba4c322790a683350_fractured_26_piece_1.obj is not a valid directory, skipping.
Warning: /workspace/everyday_all_2/Bottle_109d55a137c042f5760315ac3bf2c13e_fractured_2_piece_0.obj,Bottle_109d55a137c042f5760315ac3bf2c13e_fractured_2_piece_1.obj is not a valid directory, skipping.
Warning: /workspace/everyday_all_2/Bottle_109d55a137c042f5760315ac3bf2c13e_fractured_12_piece_0.obj,Bottle_109d55a137c042f5760315ac3bf2c13e_fractured_12_piece_1.obj is not a valid directory, skipping.
Warning: /workspace/everyday_all_2/Bottle_109d55a137c042f5760315ac3bf2c13e_fractured_73_piece_0.obj,Bottle_109d55a137c042f5760315ac3bf2c13e_fractured_73_piece_1.obj is not a valid directory, skipping.
Warning: /workspace/everyday_all_2/Bottle_109d55a137c042f5760315ac3bf2c13e_fractured_53_piece_0.obj,Bottle_109d55a137c042f5760315ac3bf2c13e_fractured_53_piece_1.obj is not a valid directory, skipping.
Warning: /workspace/everyday_all_2/Bottle_109d55a137c042f5760315ac3bf2c13e_fractured_39_piece_0.obj,Bottle_109d55a137c042f5760315ac3bf2c13e_fractured_39_piece_1.obj is not a valid directory, skipping.
Warning: /workspace/everyday_all_2/Bottle_109d55a137c042f5760315ac3bf2c13e_fractured_64_piece_0.obj,Bottle_109d55a137c042f5760315ac3bf2c13e_fractured_64_piece_1.obj is not a valid directory, skipping.
Warning: /workspace/everyday_all_2/Bottle_109d55a137c042f5760315ac3bf2c13e_fractured_71_piece_0.obj,Bottle_109d55a137c042f5760315ac3bf2c13e_fractured_71_piece_1.obj is not a valid directory, skipping.
Warning: /workspace/everyday_all_2/Bottle_109d55a137c042f5760315ac3bf2c13e_fractured_5_piece_0.obj,Bottle_109d55a137c042f5760315ac3bf2c13e_fractured_5_piece_1.obj is not a valid directory, skipping.
Warning: /workspace/everyday_all_2/Bottle_109d55a137c042f5760315ac3bf2c13e_fractured_47_piece_0.obj,Bottle_109d55a137c042f5760315ac3bf2c13e_fractured_47_piece_1.obj is not a valid directory, skipping.
Warning: /workspace/everyday_all_2/Bottle_109d55a137c042f5760315ac3bf2c13e_fractured_32_piece_0.obj,Bottle_109d55a137c042f5760315ac3bf2c13e_fractured_32_piece_1.obj is not a valid directory, skipping.
Warning: /workspace/everyday_all_2/Bottle_109d55a137c042f5760315ac3bf2c13e_fractured_9_piece_0.obj,Bottle_109d55a137c042f5760315ac3bf2c13e_fractured_9_piece_1.obj is not a valid directory, skipping.
Warning: /workspace/everyday_all_2/Teapot_139af10e719186bddaa266217a65f9d7_fractured_77_piece_0.obj,Teapot_139af10e719186bddaa266217a65f9d7_fractured_77_piece_1.obj is not a valid directory, skipping.
Warning: /workspace/everyday_all_2/Teapot_139af10e719186bddaa266217a65f9d7_fractured_47_piece_0.obj,Teapot_139af10e719186bddaa266217a65f9d7_fractured_47_piece_1.obj is not a valid directory, skipping.
Warning: /workspace/everyday_all_2/Teapot_139af10e719186bddaa266217a65f9d7_fractured_11_piece_0.obj,Teapot_139af10e719186bddaa266217a65f9d7_fractured_11_piece_1.obj is not a valid directory, skipping.
Warning: /workspace/everyday_all_2/Teapot_139af10e719186bddaa266217a65f9d7_fractured_37_piece_0.obj,Teapot_139af10e719186bddaa266217a65f9d7_fractured_37_piece_1.obj is not a valid directory, skipping.
Warning: /workspace/everyday_all_2/Teapot_139af10e719186bddaa266217a65f9d7_fractured_4_piece_0.obj,Teapot_139af10e719186bddaa266217a65f9d7_fractured_4_piece_1.obj is not a valid directory, skipping.
Warning: /workspace/everyday_all_2/Teapot_139af10e719186bddaa266217a65f9d7_fractured_32_piece_0.obj,Teapot_139af10e719186bddaa266217a65f9d7_fractured_32_piece_1.obj is not a valid directory, skipping.
Warning: /workspace/everyday_all_2/Teapot_139af10e719186bddaa266217a65f9d7_fractured_48_piece_0.obj,Teapot_139af10e719186bddaa266217a65f9d7_fractured_48_piece_1.obj is not a valid directory, skipping.
Warning: /workspace/everyday_all_2/Teapot_139af10e719186bddaa266217a65f9d7_fractured_68_piece_0.obj,Teapot_139af10e719186bddaa266217a65f9d7_fractured_68_piece_1.obj is not a valid directory, skipping.
Warning: /workspace/everyday_all_2/Teapot_139af10e719186bddaa266217a65f9d7_fractured_10_piece_0.obj,Teapot_139af10e719186bddaa266217a65f9d7_fractured_10_piece_1.obj is not a valid directory, skipping.
Warning: /workspace/everyday_all_2/Teapot_139af10e719186bddaa266217a65f9d7_fractured_67_piece_0.obj,Teapot_139af10e719186bddaa266217a65f9d7_fractured_67_piece_1.obj is not a valid directory, skipping.
Warning: /workspace/everyday_all_2/Teapot_139af10e719186bddaa266217a65f9d7_fractured_50_piece_0.obj,Teapot_139af10e719186bddaa266217a65f9d7_fractured_50_piece_1.obj is not a valid directory, skipping.
Warning: /workspace/everyday_all_2/Teapot_139af10e719186bddaa266217a65f9d7_fractured_75_piece_0.obj,Teapot_139af10e719186bddaa266217a65f9d7_fractured_75_piece_1.obj is not a valid directory, skipping.
Warning: /workspace/everyday_all_2/Teapot_139af10e719186bddaa266217a65f9d7_fractured_5_piece_0.obj,Teapot_139af10e719186bddaa266217a65f9d7_fractured_5_piece_1.obj is not a valid directory, skipping.
Warning: /workspace/everyday_all_2/Teapot_139af10e719186bddaa266217a65f9d7_fractured_60_piece_0.obj,Teapot_139af10e719186bddaa266217a65f9d7_fractured_60_piece_1.obj is not a valid directory, skipping.
Warning: /workspace/everyday_all_2/Teapot_139af10e719186bddaa266217a65f9d7_fractured_78_piece_0.obj,Teapot_139af10e719186bddaa266217a65f9d7_fractured_78_piece_1.obj is not a valid directory, skipping.
Warning: /workspace/everyday_all_2/Teapot_139af10e719186bddaa266217a65f9d7_fractured_20_piece_0.obj,Teapot_139af10e719186bddaa266217a65f9d7_fractured_20_piece_1.obj is not a valid directory, skipping.
Warning: /workspace/everyday_all_2/Teapot_139af10e719186bddaa266217a65f9d7_fractured_26_piece_0.obj,Teapot_139af10e719186bddaa266217a65f9d7_fractured_26_piece_1.obj is not a valid directory, skipping.
Warning: /workspace/everyday_all_2/Teapot_139af10e719186bddaa266217a65f9d7_fractured_56_piece_0.obj,Teapot_139af10e719186bddaa266217a65f9d7_fractured_56_piece_1.obj is not a valid directory, skipping.
Warning: /workspace/everyday_all_2/Teapot_139af10e719186bddaa266217a65f9d7_fractured_71_piece_0.obj,Teapot_139af10e719186bddaa266217a65f9d7_fractured_71_piece_1.obj is not a valid directory, skipping.
Warning: /workspace/everyday_all_2/Teapot_139af10e719186bddaa266217a65f9d7_fractured_15_piece_0.obj,Teapot_139af10e719186bddaa266217a65f9d7_fractured_15_piece_1.obj is not a valid directory, skipping.
Warning: /workspace/everyday_all_2/Teapot_139af10e719186bddaa266217a65f9d7_fractured_28_piece_0.obj,Teapot_139af10e719186bddaa266217a65f9d7_fractured_28_piece_1.obj is not a valid directory, skipping.
Warning: /workspace/everyday_all_2/Teapot_139af10e719186bddaa266217a65f9d7_fractured_34_piece_0.obj,Teapot_139af10e719186bddaa266217a65f9d7_fractured_34_piece_1.obj is not a valid directory, skipping.
Warning: /workspace/everyday_all_2/Teapot_139af10e719186bddaa266217a65f9d7_fractured_43_piece_0.obj,Teapot_139af10e719186bddaa266217a65f9d7_fractured_43_piece_1.obj is not a valid directory, skipping.
Warning: /workspace/everyday_all_2/Teapot_139af10e719186bddaa266217a65f9d7_fractured_52_piece_0.obj,Teapot_139af10e719186bddaa266217a65f9d7_fractured_52_piece_1.obj is not a valid directory, skipping.
Warning: /workspace/everyday_all_2/Teapot_139af10e719186bddaa266217a65f9d7_fractured_38_piece_0.obj,Teapot_139af10e719186bddaa266217a65f9d7_fractured_38_piece_1.obj is not a valid directory, skipping.
Warning: /workspace/everyday_all_2/Teapot_139af10e719186bddaa266217a65f9d7_fractured_57_piece_0.obj,Teapot_139af10e719186bddaa266217a65f9d7_fractured_57_piece_1.obj is not a valid directory, skipping.
Warning: /workspace/everyday_all_2/Teapot_139af10e719186bddaa266217a65f9d7_fractured_63_piece_0.obj,Teapot_139af10e719186bddaa266217a65f9d7_fractured_63_piece_1.obj is not a valid directory, skipping.
Warning: /workspace/everyday_all_2/Teapot_139af10e719186bddaa266217a65f9d7_fractured_23_piece_0.obj,Teapot_139af10e719186bddaa266217a65f9d7_fractured_23_piece_1.obj is not a valid directory, skipping.
Warning: /workspace/everyday_all_2/Teapot_139af10e719186bddaa266217a65f9d7_fractured_54_piece_0.obj,Teapot_139af10e719186bddaa266217a65f9d7_fractured_54_piece_1.obj is not a valid directory, skipping.
Warning: /workspace/everyday_all_2/Teapot_139af10e719186bddaa266217a65f9d7_fractured_53_piece_0.obj,Teapot_139af10e719186bddaa266217a65f9d7_fractured_53_piece_1.obj is not a valid directory, skipping.
Warning: /workspace/everyday_all_2/Teapot_139af10e719186bddaa266217a65f9d7_fractured_31_piece_0.obj,Teapot_139af10e719186bddaa266217a65f9d7_fractured_31_piece_1.obj is not a valid directory, skipping.
Warning: /workspace/everyday_all_2/Teapot_139af10e719186bddaa266217a65f9d7_fractured_6_piece_0.obj,Teapot_139af10e719186bddaa266217a65f9d7_fractured_6_piece_1.obj is not a valid directory, skipping.
Warning: /workspace/everyday_all_2/Teapot_139af10e719186bddaa266217a65f9d7_fractured_73_piece_0.obj,Teapot_139af10e719186bddaa266217a65f9d7_fractured_73_piece_1.obj is not a valid directory, skipping.
Warning: /workspace/everyday_all_2/Teapot_139af10e719186bddaa266217a65f9d7_fractured_62_piece_0.obj,Teapot_139af10e719186bddaa266217a65f9d7_fractured_62_piece_1.obj is not a valid directory, skipping.
Warning: /workspace/everyday_all_2/Teapot_139af10e719186bddaa266217a65f9d7_fractured_72_piece_0.obj,Teapot_139af10e719186bddaa266217a65f9d7_fractured_72_piece_1.obj is not a valid directory, skipping.
Warning: /workspace/everyday_all_2/Teapot_139af10e719186bddaa266217a65f9d7_fractured_12_piece_0.obj,Teapot_139af10e719186bddaa266217a65f9d7_fractured_12_piece_1.obj is not a valid directory, skipping.
Warning: /workspace/everyday_all_2/Teapot_139af10e719186bddaa266217a65f9d7_fractured_36_piece_0.obj,Teapot_139af10e719186bddaa266217a65f9d7_fractured_36_piece_1.obj is not a valid directory, skipping.
Warning: /workspace/everyday_all_2/Teapot_139af10e719186bddaa266217a65f9d7_fractured_76_piece_0.obj,Teapot_139af10e719186bddaa266217a65f9d7_fractured_76_piece_1.obj is not a valid directory, skipping.
Warning: /workspace/everyday_all_2/Teapot_139af10e719186bddaa266217a65f9d7_fractured_25_piece_0.obj,Teapot_139af10e719186bddaa266217a65f9d7_fractured_25_piece_1.obj is not a valid directory, skipping.
Warning: /workspace/everyday_all_2/Teapot_139af10e719186bddaa266217a65f9d7_fractured_30_piece_0.obj,Teapot_139af10e719186bddaa266217a65f9d7_fractured_30_piece_1.obj is not a valid directory, skipping.
Warning: /workspace/everyday_all_2/Ring_5d54885f9b7f64b1b59cdd71b032af64_fractured_15_piece_0.obj,Ring_5d54885f9b7f64b1b59cdd71b032af64_fractured_15_piece_1.obj is not a valid directory, skipping.
Warning: /workspace/everyday_all_2/Ring_5d54885f9b7f64b1b59cdd71b032af64_fractured_17_piece_0.obj,Ring_5d54885f9b7f64b1b59cdd71b032af64_fractured_17_piece_1.obj is not a valid directory, skipping.
Warning: /workspace/everyday_all_2/Ring_5d54885f9b7f64b1b59cdd71b032af64_fractured_30_piece_0.obj,Ring_5d54885f9b7f64b1b59cdd71b032af64_fractured_30_piece_1.obj is not a valid directory, skipping.
Warning: /workspace/everyday_all_2/Ring_5d54885f9b7f64b1b59cdd71b032af64_fractured_28_piece_0.obj,Ring_5d54885f9b7f64b1b59cdd71b032af64_fractured_28_piece_1.obj is not a valid directory, skipping.
Warning: /workspace/everyday_all_2/Ring_5d54885f9b7f64b1b59cdd71b032af64_fractured_47_piece_0.obj,Ring_5d54885f9b7f64b1b59cdd71b032af64_fractured_47_piece_1.obj is not a valid directory, skipping.
Warning: /workspace/everyday_all_2/Ring_5d54885f9b7f64b1b59cdd71b032af64_fractured_71_piece_0.obj,Ring_5d54885f9b7f64b1b59cdd71b032af64_fractured_71_piece_1.obj is not a valid directory, skipping.
Warning: /workspace/everyday_all_2/Ring_5d54885f9b7f64b1b59cdd71b032af64_fractured_5_piece_0.obj,Ring_5d54885f9b7f64b1b59cdd71b032af64_fractured_5_piece_1.obj is not a valid directory, skipping.
Warning: /workspace/everyday_all_2/Ring_5d54885f9b7f64b1b59cdd71b032af64_fractured_2_piece_0.obj,Ring_5d54885f9b7f64b1b59cdd71b032af64_fractured_2_piece_1.obj is not a valid directory, skipping.
Warning: /workspace/everyday_all_2/Mirror_97b3ad5ef72aa25a3bac5db195d5c0cc_fractured_10_piece_0.obj,Mirror_97b3ad5ef72aa25a3bac5db195d5c0cc_fractured_10_piece_1.obj is not a valid directory, skipping.
Warning: /workspace/everyday_all_2/Mirror_97b3ad5ef72aa25a3bac5db195d5c0cc_fractured_4_piece_0.obj,Mirror_97b3ad5ef72aa25a3bac5db195d5c0cc_fractured_4_piece_1.obj is not a valid directory, skipping.
Warning: /workspace/everyday_all_2/Mirror_97b3ad5ef72aa25a3bac5db195d5c0cc_fractured_11_piece_0.obj,Mirror_97b3ad5ef72aa25a3bac5db195d5c0cc_fractured_11_piece_1.obj is not a valid directory, skipping.
Warning: /workspace/everyday_all_2/Mirror_97b3ad5ef72aa25a3bac5db195d5c0cc_fractured_48_piece_0.obj,Mirror_97b3ad5ef72aa25a3bac5db195d5c0cc_fractured_48_piece_1.obj is not a valid directory, skipping.
Warning: /workspace/everyday_all_2/Mirror_97b3ad5ef72aa25a3bac5db195d5c0cc_fractured_62_piece_0.obj,Mirror_97b3ad5ef72aa25a3bac5db195d5c0cc_fractured_62_piece_1.obj is not a valid directory, skipping.
Warning: /workspace/everyday_all_2/Mirror_97b3ad5ef72aa25a3bac5db195d5c0cc_fractured_53_piece_0.obj,Mirror_97b3ad5ef72aa25a3bac5db195d5c0cc_fractured_53_piece_1.obj is not a valid directory, skipping.
Warning: /workspace/everyday_all_2/Mirror_97b3ad5ef72aa25a3bac5db195d5c0cc_fractured_29_piece_0.obj,Mirror_97b3ad5ef72aa25a3bac5db195d5c0cc_fractured_29_piece_1.obj is not a valid directory, skipping.
Warning: /workspace/everyday_all_2/Mirror_97b3ad5ef72aa25a3bac5db195d5c0cc_fractured_26_piece_0.obj,Mirror_97b3ad5ef72aa25a3bac5db195d5c0cc_fractured_26_piece_1.obj is not a valid directory, skipping.
Warning: /workspace/everyday_all_2/Mirror_97b3ad5ef72aa25a3bac5db195d5c0cc_fractured_16_piece_0.obj,Mirror_97b3ad5ef72aa25a3bac5db195d5c0cc_fractured_16_piece_1.obj is not a valid directory, skipping.
Warning: /workspace/everyday_all_2/Mirror_97b3ad5ef72aa25a3bac5db195d5c0cc_fractured_77_piece_0.obj,Mirror_97b3ad5ef72aa25a3bac5db195d5c0cc_fractured_77_piece_1.obj is not a valid directory, skipping.
Warning: /workspace/everyday_all_2/Vase_c61fb2d0f5e3daa5edd4171cd40b3feb_fractured_65_piece_0.obj,Vase_c61fb2d0f5e3daa5edd4171cd40b3feb_fractured_65_piece_1.obj is not a valid directory, skipping.
Warning: /workspace/everyday_all_2/Vase_c61fb2d0f5e3daa5edd4171cd40b3feb_fractured_41_piece_0.obj,Vase_c61fb2d0f5e3daa5edd4171cd40b3feb_fractured_41_piece_1.obj is not a valid directory, skipping.
Warning: /workspace/everyday_all_2/Vase_c61fb2d0f5e3daa5edd4171cd40b3feb_fractured_57_piece_0.obj,Vase_c61fb2d0f5e3daa5edd4171cd40b3feb_fractured_57_piece_1.obj is not a valid directory, skipping.
Warning: /workspace/everyday_all_2/Vase_c61fb2d0f5e3daa5edd4171cd40b3feb_fractured_52_piece_0.obj,Vase_c61fb2d0f5e3daa5edd4171cd40b3feb_fractured_52_piece_1.obj is not a valid directory, skipping.
Warning: /workspace/everyday_all_2/Plate_2_mode_1_piece_0.obj,Plate_2_mode_1_piece_1.obj is not a valid directory, skipping.
Warning: /workspace/everyday_all_2/Bowl_4b93a81c3534e56d19620b61f6587b3e_fractured_77_piece_0.obj,Bowl_4b93a81c3534e56d19620b61f6587b3e_fractured_77_piece_1.obj is not a valid directory, skipping.
Warning: /workspace/everyday_all_2/Bowl_4b93a81c3534e56d19620b61f6587b3e_fractured_25_piece_0.obj,Bowl_4b93a81c3534e56d19620b61f6587b3e_fractured_25_piece_1.obj is not a valid directory, skipping.
Warning: /workspace/everyday_all_2/Bowl_4b93a81c3534e56d19620b61f6587b3e_fractured_67_piece_0.obj,Bowl_4b93a81c3534e56d19620b61f6587b3e_fractured_67_piece_1.obj is not a valid directory, skipping.
Warning: /workspace/everyday_all_2/Bowl_4b93a81c3534e56d19620b61f6587b3e_fractured_38_piece_0.obj,Bowl_4b93a81c3534e56d19620b61f6587b3e_fractured_38_piece_1.obj is not a valid directory, skipping.
Warning: /workspace/everyday_all_2/Bowl_4b93a81c3534e56d19620b61f6587b3e_fractured_12_piece_0.obj,Bowl_4b93a81c3534e56d19620b61f6587b3e_fractured_12_piece_1.obj is not a valid directory, skipping.
Warning: /workspace/everyday_all_2/Bowl_4b93a81c3534e56d19620b61f6587b3e_fractured_36_piece_0.obj,Bowl_4b93a81c3534e56d19620b61f6587b3e_fractured_36_piece_1.obj is not a valid directory, skipping.
Warning: /workspace/everyday_all_2/Bowl_4b93a81c3534e56d19620b61f6587b3e_fractured_60_piece_0.obj,Bowl_4b93a81c3534e56d19620b61f6587b3e_fractured_60_piece_1.obj is not a valid directory, skipping.
Warning: /workspace/everyday_all_2/Bowl_4b93a81c3534e56d19620b61f6587b3e_fractured_48_piece_0.obj,Bowl_4b93a81c3534e56d19620b61f6587b3e_fractured_48_piece_1.obj is not a valid directory, skipping.
Warning: /workspace/everyday_all_2/Bowl_4b93a81c3534e56d19620b61f6587b3e_fractured_24_piece_0.obj,Bowl_4b93a81c3534e56d19620b61f6587b3e_fractured_24_piece_1.obj is not a valid directory, skipping.
Warning: /workspace/everyday_all_2/Bowl_4b93a81c3534e56d19620b61f6587b3e_fractured_78_piece_0.obj,Bowl_4b93a81c3534e56d19620b61f6587b3e_fractured_78_piece_1.obj is not a valid directory, skipping.
Warning: /workspace/everyday_all_2/Bowl_4b93a81c3534e56d19620b61f6587b3e_fractured_13_piece_0.obj,Bowl_4b93a81c3534e56d19620b61f6587b3e_fractured_13_piece_1.obj is not a valid directory, skipping.
Warning: /workspace/everyday_all_2/Bowl_4b93a81c3534e56d19620b61f6587b3e_fractured_51_piece_0.obj,Bowl_4b93a81c3534e56d19620b61f6587b3e_fractured_51_piece_1.obj is not a valid directory, skipping.
Warning: /workspace/everyday_all_2/Bowl_4b93a81c3534e56d19620b61f6587b3e_fractured_69_piece_0.obj,Bowl_4b93a81c3534e56d19620b61f6587b3e_fractured_69_piece_1.obj is not a valid directory, skipping.
Warning: /workspace/everyday_all_2/Bowl_4b93a81c3534e56d19620b61f6587b3e_fractured_20_piece_0.obj,Bowl_4b93a81c3534e56d19620b61f6587b3e_fractured_20_piece_1.obj is not a valid directory, skipping.
Warning: /workspace/everyday_all_2/Mug_9ff8400080c77feac2ad6fd1941624c3_fractured_67_piece_0.obj,Mug_9ff8400080c77feac2ad6fd1941624c3_fractured_67_piece_1.obj is not a valid directory, skipping.
Warning: /workspace/everyday_all_2/Mug_9ff8400080c77feac2ad6fd1941624c3_fractured_54_piece_0.obj,Mug_9ff8400080c77feac2ad6fd1941624c3_fractured_54_piece_1.obj is not a valid directory, skipping.
Warning: /workspace/everyday_all_2/Mug_9ff8400080c77feac2ad6fd1941624c3_fractured_78_piece_0.obj,Mug_9ff8400080c77feac2ad6fd1941624c3_fractured_78_piece_1.obj is not a valid directory, skipping.
Warning: /workspace/everyday_all_2/Mug_9ff8400080c77feac2ad6fd1941624c3_fractured_72_piece_0.obj,Mug_9ff8400080c77feac2ad6fd1941624c3_fractured_72_piece_1.obj is not a valid directory, skipping.
Warning: /workspace/everyday_all_2/Mug_9ff8400080c77feac2ad6fd1941624c3_fractured_18_piece_0.obj,Mug_9ff8400080c77feac2ad6fd1941624c3_fractured_18_piece_1.obj is not a valid directory, skipping.
Warning: /workspace/everyday_all_2/Mug_9ff8400080c77feac2ad6fd1941624c3_fractured_51_piece_0.obj,Mug_9ff8400080c77feac2ad6fd1941624c3_fractured_51_piece_1.obj is not a valid directory, skipping.
Warning: /workspace/everyday_all_2/Mug_9ff8400080c77feac2ad6fd1941624c3_fractured_16_piece_0.obj,Mug_9ff8400080c77feac2ad6fd1941624c3_fractured_16_piece_1.obj is not a valid directory, skipping.
Warning: /workspace/everyday_all_2/Mug_9ff8400080c77feac2ad6fd1941624c3_fractured_42_piece_0.obj,Mug_9ff8400080c77feac2ad6fd1941624c3_fractured_42_piece_1.obj is not a valid directory, skipping.
Warning: /workspace/everyday_all_2/Mug_9ff8400080c77feac2ad6fd1941624c3_fractured_45_piece_0.obj,Mug_9ff8400080c77feac2ad6fd1941624c3_fractured_45_piece_1.obj is not a valid directory, skipping.
Warning: /workspace/everyday_all_2/Mug_9ff8400080c77feac2ad6fd1941624c3_fractured_71_piece_0.obj,Mug_9ff8400080c77feac2ad6fd1941624c3_fractured_71_piece_1.obj is not a valid directory, skipping.
Warning: /workspace/everyday_all_2/Mug_9ff8400080c77feac2ad6fd1941624c3_fractured_46_piece_0.obj,Mug_9ff8400080c77feac2ad6fd1941624c3_fractured_46_piece_1.obj is not a valid directory, skipping.
Warning: /workspace/everyday_all_2/Mug_9ff8400080c77feac2ad6fd1941624c3_fractured_56_piece_0.obj,Mug_9ff8400080c77feac2ad6fd1941624c3_fractured_56_piece_1.obj is not a valid directory, skipping.
Warning: /workspace/everyday_all_2/Mug_9ff8400080c77feac2ad6fd1941624c3_fractured_29_piece_0.obj,Mug_9ff8400080c77feac2ad6fd1941624c3_fractured_29_piece_1.obj is not a valid directory, skipping.
Warning: /workspace/everyday_all_2/Mug_9ff8400080c77feac2ad6fd1941624c3_fractured_47_piece_0.obj,Mug_9ff8400080c77feac2ad6fd1941624c3_fractured_47_piece_1.obj is not a valid directory, skipping.
Warning: /workspace/everyday_all_2/Mug_9ff8400080c77feac2ad6fd1941624c3_fractured_13_piece_0.obj,Mug_9ff8400080c77feac2ad6fd1941624c3_fractured_13_piece_1.obj is not a valid directory, skipping.
Warning: /workspace/everyday_all_2/Mug_9ff8400080c77feac2ad6fd1941624c3_fractured_57_piece_0.obj,Mug_9ff8400080c77feac2ad6fd1941624c3_fractured_57_piece_1.obj is not a valid directory, skipping.
Warning: /workspace/everyday_all_2/Mug_9ff8400080c77feac2ad6fd1941624c3_fractured_3_piece_0.obj,Mug_9ff8400080c77feac2ad6fd1941624c3_fractured_3_piece_1.obj is not a valid directory, skipping.
Warning: /workspace/everyday_all_2/Mug_9ff8400080c77feac2ad6fd1941624c3_fractured_25_piece_0.obj,Mug_9ff8400080c77feac2ad6fd1941624c3_fractured_25_piece_1.obj is not a valid directory, skipping.
Warning: /workspace/everyday_all_2/Mug_9ff8400080c77feac2ad6fd1941624c3_fractured_24_piece_0.obj,Mug_9ff8400080c77feac2ad6fd1941624c3_fractured_24_piece_1.obj is not a valid directory, skipping.
Warning: /workspace/everyday_all_2/Mug_9ff8400080c77feac2ad6fd1941624c3_fractured_7_piece_0.obj,Mug_9ff8400080c77feac2ad6fd1941624c3_fractured_7_piece_1.obj is not a valid directory, skipping.
Warning: /workspace/everyday_all_2/Mug_9ff8400080c77feac2ad6fd1941624c3_fractured_70_piece_0.obj,Mug_9ff8400080c77feac2ad6fd1941624c3_fractured_70_piece_1.obj is not a valid directory, skipping.
Warning: /workspace/everyday_all_2/Vase_2_fractured_1_piece_0.obj,Vase_2_fractured_1_piece_1.obj is not a valid directory, skipping.
Warning: /workspace/everyday_all_2/Vase_2_fractured_27_piece_0.obj,Vase_2_fractured_27_piece_1.obj is not a valid directory, skipping.
Warning: /workspace/everyday_all_2/Vase_2_fractured_24_piece_0.obj,Vase_2_fractured_24_piece_1.obj is not a valid directory, skipping.
Warning: /workspace/everyday_all_2/Vase_2_fractured_14_piece_1.obj,Vase_2_fractured_14_piece_0.obj is not a valid directory, skipping.
Warning: /workspace/everyday_all_2/Vase_d2b45cdfcfb75861eca6b4e05d53da1a_fractured_22_piece_0.obj,Vase_d2b45cdfcfb75861eca6b4e05d53da1a_fractured_22_piece_1.obj is not a valid directory, skipping.
Warning: /workspace/everyday_all_2/Vase_d2b45cdfcfb75861eca6b4e05d53da1a_fractured_14_piece_0.obj,Vase_d2b45cdfcfb75861eca6b4e05d53da1a_fractured_14_piece_1.obj is not a valid directory, skipping.
Warning: /workspace/everyday_all_2/Vase_d2b45cdfcfb75861eca6b4e05d53da1a_fractured_62_piece_0.obj,Vase_d2b45cdfcfb75861eca6b4e05d53da1a_fractured_62_piece_1.obj is not a valid directory, skipping.
Warning: /workspace/everyday_all_2/Vase_d2b45cdfcfb75861eca6b4e05d53da1a_fractured_73_piece_1.obj,Vase_d2b45cdfcfb75861eca6b4e05d53da1a_fractured_73_piece_0.obj is not a valid directory, skipping.
Warning: /workspace/everyday_all_2/Vase_d2b45cdfcfb75861eca6b4e05d53da1a_fractured_27_piece_0.obj,Vase_d2b45cdfcfb75861eca6b4e05d53da1a_fractured_27_piece_1.obj is not a valid directory, skipping.
Warning: /workspace/everyday_all_2/Vase_d2b45cdfcfb75861eca6b4e05d53da1a_fractured_24_piece_0.obj,Vase_d2b45cdfcfb75861eca6b4e05d53da1a_fractured_24_piece_1.obj is not a valid directory, skipping.
Warning: /workspace/everyday_all_2/Vase_d2b45cdfcfb75861eca6b4e05d53da1a_fractured_2_piece_0.obj,Vase_d2b45cdfcfb75861eca6b4e05d53da1a_fractured_2_piece_1.obj is not a valid directory, skipping.
Warning: /workspace/everyday_all_2/Vase_d2b45cdfcfb75861eca6b4e05d53da1a_fractured_79_piece_0.obj,Vase_d2b45cdfcfb75861eca6b4e05d53da1a_fractured_79_piece_1.obj is not a valid directory, skipping.
Warning: /workspace/everyday_all_2/Vase_d2b45cdfcfb75861eca6b4e05d53da1a_fractured_23_piece_0.obj,Vase_d2b45cdfcfb75861eca6b4e05d53da1a_fractured_23_piece_1.obj is not a valid directory, skipping.
Warning: /workspace/everyday_all_2/Vase_d2b45cdfcfb75861eca6b4e05d53da1a_fractured_77_piece_0.obj,Vase_d2b45cdfcfb75861eca6b4e05d53da1a_fractured_77_piece_1.obj is not a valid directory, skipping.
Warning: /workspace/everyday_all_2/Vase_d2b45cdfcfb75861eca6b4e05d53da1a_fractured_40_piece_1.obj,Vase_d2b45cdfcfb75861eca6b4e05d53da1a_fractured_40_piece_0.obj is not a valid directory, skipping.
Warning: /workspace/everyday_all_2/Vase_d2b45cdfcfb75861eca6b4e05d53da1a_fractured_43_piece_0.obj,Vase_d2b45cdfcfb75861eca6b4e05d53da1a_fractured_43_piece_1.obj is not a valid directory, skipping.
Warning: /workspace/everyday_all_2/Vase_d2b45cdfcfb75861eca6b4e05d53da1a_fractured_37_piece_0.obj,Vase_d2b45cdfcfb75861eca6b4e05d53da1a_fractured_37_piece_1.obj is not a valid directory, skipping.
Warning: /workspace/everyday_all_2/Vase_d2b45cdfcfb75861eca6b4e05d53da1a_fractured_74_piece_0.obj,Vase_d2b45cdfcfb75861eca6b4e05d53da1a_fractured_74_piece_1.obj is not a valid directory, skipping.
Warning: /workspace/everyday_all_2/Vase_d2b45cdfcfb75861eca6b4e05d53da1a_fractured_28_piece_0.obj,Vase_d2b45cdfcfb75861eca6b4e05d53da1a_fractured_28_piece_1.obj is not a valid directory, skipping.
Warning: /workspace/everyday_all_2/Vase_d2b45cdfcfb75861eca6b4e05d53da1a_fractured_20_piece_0.obj,Vase_d2b45cdfcfb75861eca6b4e05d53da1a_fractured_20_piece_1.obj is not a valid directory, skipping.
Warning: /workspace/everyday_all_2/Vase_d2b45cdfcfb75861eca6b4e05d53da1a_fractured_51_piece_0.obj,Vase_d2b45cdfcfb75861eca6b4e05d53da1a_fractured_51_piece_1.obj is not a valid directory, skipping.
Warning: /workspace/everyday_all_2/PillBottle_fdc47f5f8dff184830eaaf40a8a562c1_fractured_62_piece_0.obj,PillBottle_fdc47f5f8dff184830eaaf40a8a562c1_fractured_62_piece_1.obj is not a valid directory, skipping.
Warning: /workspace/everyday_all_2/PillBottle_fdc47f5f8dff184830eaaf40a8a562c1_fractured_40_piece_0.obj,PillBottle_fdc47f5f8dff184830eaaf40a8a562c1_fractured_40_piece_1.obj is not a valid directory, skipping.
Warning: /workspace/everyday_all_2/PillBottle_fdc47f5f8dff184830eaaf40a8a562c1_fractured_74_piece_0.obj,PillBottle_fdc47f5f8dff184830eaaf40a8a562c1_fractured_74_piece_1.obj is not a valid directory, skipping.
Warning: /workspace/everyday_all_2/PillBottle_fdc47f5f8dff184830eaaf40a8a562c1_fractured_16_piece_0.obj,PillBottle_fdc47f5f8dff184830eaaf40a8a562c1_fractured_16_piece_1.obj is not a valid directory, skipping.
Warning: /workspace/everyday_all_2/PillBottle_fdc47f5f8dff184830eaaf40a8a562c1_fractured_46_piece_0.obj,PillBottle_fdc47f5f8dff184830eaaf40a8a562c1_fractured_46_piece_1.obj is not a valid directory, skipping.
Warning: /workspace/everyday_all_2/PillBottle_fdc47f5f8dff184830eaaf40a8a562c1_fractured_41_piece_0.obj,PillBottle_fdc47f5f8dff184830eaaf40a8a562c1_fractured_41_piece_1.obj is not a valid directory, skipping.
Warning: /workspace/everyday_all_2/PillBottle_fdc47f5f8dff184830eaaf40a8a562c1_fractured_38_piece_0.obj,PillBottle_fdc47f5f8dff184830eaaf40a8a562c1_fractured_38_piece_1.obj is not a valid directory, skipping.
Warning: /workspace/everyday_all_2/PillBottle_fdc47f5f8dff184830eaaf40a8a562c1_fractured_49_piece_0.obj,PillBottle_fdc47f5f8dff184830eaaf40a8a562c1_fractured_49_piece_1.obj is not a valid directory, skipping.
Warning: /workspace/everyday_all_2/PillBottle_fdc47f5f8dff184830eaaf40a8a562c1_fractured_13_piece_0.obj,PillBottle_fdc47f5f8dff184830eaaf40a8a562c1_fractured_13_piece_1.obj is not a valid directory, skipping.
Warning: /workspace/everyday_all_2/PillBottle_fdc47f5f8dff184830eaaf40a8a562c1_fractured_25_piece_0.obj,PillBottle_fdc47f5f8dff184830eaaf40a8a562c1_fractured_25_piece_1.obj is not a valid directory, skipping.
Warning: /workspace/everyday_all_2/PillBottle_fdc47f5f8dff184830eaaf40a8a562c1_fractured_71_piece_0.obj,PillBottle_fdc47f5f8dff184830eaaf40a8a562c1_fractured_71_piece_1.obj is not a valid directory, skipping.
Warning: /workspace/everyday_all_2/Plate_17e958fa60740e4c3c143af07c12991a_fractured_23_piece_0.obj,Plate_17e958fa60740e4c3c143af07c12991a_fractured_23_piece_1.obj is not a valid directory, skipping.
Warning: /workspace/everyday_all_2/Plate_17e958fa60740e4c3c143af07c12991a_fractured_33_piece_0.obj,Plate_17e958fa60740e4c3c143af07c12991a_fractured_33_piece_1.obj is not a valid directory, skipping.
Warning: /workspace/everyday_all_2/Plate_17e958fa60740e4c3c143af07c12991a_fractured_31_piece_0.obj,Plate_17e958fa60740e4c3c143af07c12991a_fractured_31_piece_1.obj is not a valid directory, skipping.
Warning: /workspace/everyday_all_2/Plate_17e958fa60740e4c3c143af07c12991a_fractured_16_piece_0.obj,Plate_17e958fa60740e4c3c143af07c12991a_fractured_16_piece_1.obj is not a valid directory, skipping.
Warning: /workspace/everyday_all_2/Plate_17e958fa60740e4c3c143af07c12991a_fractured_43_piece_0.obj,Plate_17e958fa60740e4c3c143af07c12991a_fractured_43_piece_1.obj is not a valid directory, skipping.
Warning: /workspace/everyday_all_2/Plate_17e958fa60740e4c3c143af07c12991a_fractured_10_piece_0.obj,Plate_17e958fa60740e4c3c143af07c12991a_fractured_10_piece_1.obj is not a valid directory, skipping.
Warning: /workspace/everyday_all_2/Plate_17e958fa60740e4c3c143af07c12991a_fractured_32_piece_0.obj,Plate_17e958fa60740e4c3c143af07c12991a_fractured_32_piece_1.obj is not a valid directory, skipping.
Warning: /workspace/everyday_all_2/Plate_17e958fa60740e4c3c143af07c12991a_fractured_1_piece_0.obj,Plate_17e958fa60740e4c3c143af07c12991a_fractured_1_piece_1.obj is not a valid directory, skipping.
Warning: /workspace/everyday_all_2/Plate_17e958fa60740e4c3c143af07c12991a_fractured_47_piece_0.obj,Plate_17e958fa60740e4c3c143af07c12991a_fractured_47_piece_1.obj is not a valid directory, skipping.
Warning: /workspace/everyday_all_2/Plate_17e958fa60740e4c3c143af07c12991a_fractured_21_piece_0.obj,Plate_17e958fa60740e4c3c143af07c12991a_fractured_21_piece_1.obj is not a valid directory, skipping.
Warning: /workspace/everyday_all_2/Plate_17e958fa60740e4c3c143af07c12991a_fractured_14_piece_0.obj,Plate_17e958fa60740e4c3c143af07c12991a_fractured_14_piece_1.obj is not a valid directory, skipping.
Warning: /workspace/everyday_all_2/Plate_17e958fa60740e4c3c143af07c12991a_fractured_74_piece_0.obj,Plate_17e958fa60740e4c3c143af07c12991a_fractured_74_piece_1.obj is not a valid directory, skipping.
Warning: /workspace/everyday_all_2/Plate_17e958fa60740e4c3c143af07c12991a_fractured_46_piece_0.obj,Plate_17e958fa60740e4c3c143af07c12991a_fractured_46_piece_1.obj is not a valid directory, skipping.
Warning: /workspace/everyday_all_2/Plate_17e958fa60740e4c3c143af07c12991a_fractured_37_piece_0.obj,Plate_17e958fa60740e4c3c143af07c12991a_fractured_37_piece_1.obj is not a valid directory, skipping.
Warning: /workspace/everyday_all_2/Plate_17e958fa60740e4c3c143af07c12991a_fractured_44_piece_0.obj,Plate_17e958fa60740e4c3c143af07c12991a_fractured_44_piece_1.obj is not a valid directory, skipping.
Warning: /workspace/everyday_all_2/Bowl_1be987c137d37f0b7c15f7bdb6fa82dd_fractured_10_piece_0.obj,Bowl_1be987c137d37f0b7c15f7bdb6fa82dd_fractured_10_piece_1.obj is not a valid directory, skipping.
Warning: /workspace/everyday_all_2/Bowl_1be987c137d37f0b7c15f7bdb6fa82dd_fractured_3_piece_0.obj,Bowl_1be987c137d37f0b7c15f7bdb6fa82dd_fractured_3_piece_1.obj is not a valid directory, skipping.
Warning: /workspace/everyday_all_2/Bowl_1be987c137d37f0b7c15f7bdb6fa82dd_fractured_21_piece_0.obj,Bowl_1be987c137d37f0b7c15f7bdb6fa82dd_fractured_21_piece_1.obj is not a valid directory, skipping.
Warning: /workspace/everyday_all_2/Bowl_1be987c137d37f0b7c15f7bdb6fa82dd_fractured_54_piece_0.obj,Bowl_1be987c137d37f0b7c15f7bdb6fa82dd_fractured_54_piece_1.obj is not a valid directory, skipping.
Warning: /workspace/everyday_all_2/Bowl_1be987c137d37f0b7c15f7bdb6fa82dd_fractured_73_piece_0.obj,Bowl_1be987c137d37f0b7c15f7bdb6fa82dd_fractured_73_piece_1.obj is not a valid directory, skipping.
Warning: /workspace/everyday_all_2/Bowl_1be987c137d37f0b7c15f7bdb6fa82dd_fractured_34_piece_0.obj,Bowl_1be987c137d37f0b7c15f7bdb6fa82dd_fractured_34_piece_1.obj is not a valid directory, skipping.
Warning: /workspace/everyday_all_2/Bowl_1be987c137d37f0b7c15f7bdb6fa82dd_fractured_24_piece_0.obj,Bowl_1be987c137d37f0b7c15f7bdb6fa82dd_fractured_24_piece_1.obj is not a valid directory, skipping.
Warning: /workspace/everyday_all_2/Bowl_1be987c137d37f0b7c15f7bdb6fa82dd_fractured_55_piece_0.obj,Bowl_1be987c137d37f0b7c15f7bdb6fa82dd_fractured_55_piece_1.obj is not a valid directory, skipping.
Warning: /workspace/everyday_all_2/Bowl_1be987c137d37f0b7c15f7bdb6fa82dd_fractured_72_piece_0.obj,Bowl_1be987c137d37f0b7c15f7bdb6fa82dd_fractured_72_piece_1.obj is not a valid directory, skipping.
Warning: /workspace/everyday_all_2/Bowl_1be987c137d37f0b7c15f7bdb6fa82dd_fractured_26_piece_0.obj,Bowl_1be987c137d37f0b7c15f7bdb6fa82dd_fractured_26_piece_1.obj is not a valid directory, skipping.
Warning: /workspace/everyday_all_2/Bowl_1be987c137d37f0b7c15f7bdb6fa82dd_fractured_78_piece_0.obj,Bowl_1be987c137d37f0b7c15f7bdb6fa82dd_fractured_78_piece_1.obj is not a valid directory, skipping.
Warning: /workspace/everyday_all_2/Bowl_1be987c137d37f0b7c15f7bdb6fa82dd_fractured_4_piece_0.obj,Bowl_1be987c137d37f0b7c15f7bdb6fa82dd_fractured_4_piece_1.obj is not a valid directory, skipping.
Warning: /workspace/everyday_all_2/Bowl_1be987c137d37f0b7c15f7bdb6fa82dd_fractured_47_piece_0.obj,Bowl_1be987c137d37f0b7c15f7bdb6fa82dd_fractured_47_piece_1.obj is not a valid directory, skipping.
Warning: /workspace/everyday_all_2/Bowl_1be987c137d37f0b7c15f7bdb6fa82dd_fractured_61_piece_0.obj,Bowl_1be987c137d37f0b7c15f7bdb6fa82dd_fractured_61_piece_1.obj is not a valid directory, skipping.
Warning: /workspace/everyday_all_2/Bowl_1be987c137d37f0b7c15f7bdb6fa82dd_fractured_27_piece_0.obj,Bowl_1be987c137d37f0b7c15f7bdb6fa82dd_fractured_27_piece_1.obj is not a valid directory, skipping.
Warning: /workspace/everyday_all_2/Bowl_1be987c137d37f0b7c15f7bdb6fa82dd_fractured_67_piece_0.obj,Bowl_1be987c137d37f0b7c15f7bdb6fa82dd_fractured_67_piece_1.obj is not a valid directory, skipping.
Warning: /workspace/everyday_all_2/Bowl_1be987c137d37f0b7c15f7bdb6fa82dd_fractured_0_piece_0.obj,Bowl_1be987c137d37f0b7c15f7bdb6fa82dd_fractured_0_piece_1.obj is not a valid directory, skipping.
Warning: /workspace/everyday_all_2/Bowl_1be987c137d37f0b7c15f7bdb6fa82dd_fractured_45_piece_0.obj,Bowl_1be987c137d37f0b7c15f7bdb6fa82dd_fractured_45_piece_1.obj is not a valid directory, skipping.
Warning: /workspace/everyday_all_2/Bowl_1be987c137d37f0b7c15f7bdb6fa82dd_fractured_58_piece_0.obj,Bowl_1be987c137d37f0b7c15f7bdb6fa82dd_fractured_58_piece_1.obj is not a valid directory, skipping.
Warning: /workspace/everyday_all_2/Bowl_1be987c137d37f0b7c15f7bdb6fa82dd_fractured_19_piece_0.obj,Bowl_1be987c137d37f0b7c15f7bdb6fa82dd_fractured_19_piece_1.obj is not a valid directory, skipping.
Warning: /workspace/everyday_all_2/Mug_336122c3105440d193e42e2720468bf0_fractured_37_piece_0.obj,Mug_336122c3105440d193e42e2720468bf0_fractured_37_piece_1.obj is not a valid directory, skipping.
Warning: /workspace/everyday_all_2/Mug_336122c3105440d193e42e2720468bf0_fractured_8_piece_0.obj,Mug_336122c3105440d193e42e2720468bf0_fractured_8_piece_1.obj is not a valid directory, skipping.
Warning: /workspace/everyday_all_2/Mug_336122c3105440d193e42e2720468bf0_fractured_36_piece_0.obj,Mug_336122c3105440d193e42e2720468bf0_fractured_36_piece_1.obj is not a valid directory, skipping.
Warning: /workspace/everyday_all_2/Mug_336122c3105440d193e42e2720468bf0_fractured_27_piece_0.obj,Mug_336122c3105440d193e42e2720468bf0_fractured_27_piece_1.obj is not a valid directory, skipping.
Warning: /workspace/everyday_all_2/Mug_336122c3105440d193e42e2720468bf0_fractured_2_piece_0.obj,Mug_336122c3105440d193e42e2720468bf0_fractured_2_piece_1.obj is not a valid directory, skipping.
Warning: /workspace/everyday_all_2/Mug_336122c3105440d193e42e2720468bf0_fractured_78_piece_0.obj,Mug_336122c3105440d193e42e2720468bf0_fractured_78_piece_1.obj is not a valid directory, skipping.
Warning: /workspace/everyday_all_2/Mug_336122c3105440d193e42e2720468bf0_fractured_5_piece_0.obj,Mug_336122c3105440d193e42e2720468bf0_fractured_5_piece_1.obj is not a valid directory, skipping.
Warning: /workspace/everyday_all_2/Mug_336122c3105440d193e42e2720468bf0_fractured_32_piece_0.obj,Mug_336122c3105440d193e42e2720468bf0_fractured_32_piece_1.obj is not a valid directory, skipping.
Warning: /workspace/everyday_all_2/Mug_336122c3105440d193e42e2720468bf0_fractured_59_piece_0.obj,Mug_336122c3105440d193e42e2720468bf0_fractured_59_piece_1.obj is not a valid directory, skipping.
Warning: /workspace/everyday_all_2/Mug_336122c3105440d193e42e2720468bf0_fractured_60_piece_0.obj,Mug_336122c3105440d193e42e2720468bf0_fractured_60_piece_1.obj is not a valid directory, skipping.
Warning: /workspace/everyday_all_2/Mug_336122c3105440d193e42e2720468bf0_fractured_76_piece_0.obj,Mug_336122c3105440d193e42e2720468bf0_fractured_76_piece_1.obj is not a valid directory, skipping.
Warning: /workspace/everyday_all_2/Mug_336122c3105440d193e42e2720468bf0_fractured_41_piece_0.obj,Mug_336122c3105440d193e42e2720468bf0_fractured_41_piece_1.obj is not a valid directory, skipping.
Warning: /workspace/everyday_all_2/Mug_336122c3105440d193e42e2720468bf0_fractured_26_piece_0.obj,Mug_336122c3105440d193e42e2720468bf0_fractured_26_piece_1.obj is not a valid directory, skipping.
Warning: /workspace/everyday_all_2/ToyFigure_12ddd9e1fa8912ae1bfccceeaa1b7669_fractured_9_piece_0.obj,ToyFigure_12ddd9e1fa8912ae1bfccceeaa1b7669_fractured_9_piece_1.obj is not a valid directory, skipping.
Warning: /workspace/everyday_all_2/ToyFigure_12ddd9e1fa8912ae1bfccceeaa1b7669_fractured_60_piece_0.obj,ToyFigure_12ddd9e1fa8912ae1bfccceeaa1b7669_fractured_60_piece_1.obj is not a valid directory, skipping.
Warning: /workspace/everyday_all_2/ToyFigure_12ddd9e1fa8912ae1bfccceeaa1b7669_fractured_46_piece_0.obj,ToyFigure_12ddd9e1fa8912ae1bfccceeaa1b7669_fractured_46_piece_1.obj is not a valid directory, skipping.
Warning: /workspace/everyday_all_2/ToyFigure_12ddd9e1fa8912ae1bfccceeaa1b7669_fractured_14_piece_0.obj,ToyFigure_12ddd9e1fa8912ae1bfccceeaa1b7669_fractured_14_piece_1.obj is not a valid directory, skipping.
Warning: /workspace/everyday_all_2/ToyFigure_12ddd9e1fa8912ae1bfccceeaa1b7669_fractured_54_piece_0.obj,ToyFigure_12ddd9e1fa8912ae1bfccceeaa1b7669_fractured_54_piece_1.obj is not a valid directory, skipping.
Warning: /workspace/everyday_all_2/ToyFigure_12ddd9e1fa8912ae1bfccceeaa1b7669_fractured_11_piece_0.obj,ToyFigure_12ddd9e1fa8912ae1bfccceeaa1b7669_fractured_11_piece_1.obj is not a valid directory, skipping.
Warning: /workspace/everyday_all_2/ToyFigure_12ddd9e1fa8912ae1bfccceeaa1b7669_fractured_4_piece_0.obj,ToyFigure_12ddd9e1fa8912ae1bfccceeaa1b7669_fractured_4_piece_1.obj is not a valid directory, skipping.
Warning: /workspace/everyday_all_2/ToyFigure_12ddd9e1fa8912ae1bfccceeaa1b7669_fractured_22_piece_0.obj,ToyFigure_12ddd9e1fa8912ae1bfccceeaa1b7669_fractured_22_piece_1.obj is not a valid directory, skipping.
Warning: /workspace/everyday_all_2/ToyFigure_12ddd9e1fa8912ae1bfccceeaa1b7669_fractured_39_piece_0.obj,ToyFigure_12ddd9e1fa8912ae1bfccceeaa1b7669_fractured_39_piece_1.obj is not a valid directory, skipping.
Warning: /workspace/everyday_all_2/ToyFigure_12ddd9e1fa8912ae1bfccceeaa1b7669_fractured_28_piece_0.obj,ToyFigure_12ddd9e1fa8912ae1bfccceeaa1b7669_fractured_28_piece_1.obj is not a valid directory, skipping.
Warning: /workspace/everyday_all_2/ToyFigure_12ddd9e1fa8912ae1bfccceeaa1b7669_fractured_1_piece_0.obj,ToyFigure_12ddd9e1fa8912ae1bfccceeaa1b7669_fractured_1_piece_1.obj is not a valid directory, skipping.
Warning: /workspace/everyday_all_2/ToyFigure_12ddd9e1fa8912ae1bfccceeaa1b7669_fractured_52_piece_0.obj,ToyFigure_12ddd9e1fa8912ae1bfccceeaa1b7669_fractured_52_piece_1.obj is not a valid directory, skipping.
Warning: /workspace/everyday_all_2/ToyFigure_12ddd9e1fa8912ae1bfccceeaa1b7669_fractured_44_piece_0.obj,ToyFigure_12ddd9e1fa8912ae1bfccceeaa1b7669_fractured_44_piece_1.obj is not a valid directory, skipping.
Warning: /workspace/everyday_all_2/ToyFigure_12ddd9e1fa8912ae1bfccceeaa1b7669_fractured_32_piece_0.obj,ToyFigure_12ddd9e1fa8912ae1bfccceeaa1b7669_fractured_32_piece_1.obj is not a valid directory, skipping.
Warning: /workspace/everyday_all_2/ToyFigure_12ddd9e1fa8912ae1bfccceeaa1b7669_fractured_17_piece_0.obj,ToyFigure_12ddd9e1fa8912ae1bfccceeaa1b7669_fractured_17_piece_1.obj is not a valid directory, skipping.
Warning: /workspace/everyday_all_2/ToyFigure_12ddd9e1fa8912ae1bfccceeaa1b7669_fractured_43_piece_0.obj,ToyFigure_12ddd9e1fa8912ae1bfccceeaa1b7669_fractured_43_piece_1.obj is not a valid directory, skipping.
Warning: /workspace/everyday_all_2/ToyFigure_12ddd9e1fa8912ae1bfccceeaa1b7669_fractured_29_piece_0.obj,ToyFigure_12ddd9e1fa8912ae1bfccceeaa1b7669_fractured_29_piece_1.obj is not a valid directory, skipping.
Warning: /workspace/everyday_all_2/ToyFigure_12ddd9e1fa8912ae1bfccceeaa1b7669_fractured_6_piece_0.obj,ToyFigure_12ddd9e1fa8912ae1bfccceeaa1b7669_fractured_6_piece_1.obj is not a valid directory, skipping.
Warning: /workspace/everyday_all_2/ToyFigure_12ddd9e1fa8912ae1bfccceeaa1b7669_fractured_0_piece_0.obj,ToyFigure_12ddd9e1fa8912ae1bfccceeaa1b7669_fractured_0_piece_1.obj is not a valid directory, skipping.
Warning: /workspace/everyday_all_2/ToyFigure_12ddd9e1fa8912ae1bfccceeaa1b7669_fractured_35_piece_0.obj,ToyFigure_12ddd9e1fa8912ae1bfccceeaa1b7669_fractured_35_piece_1.obj is not a valid directory, skipping.
Warning: /workspace/everyday_all_2/ToyFigure_12ddd9e1fa8912ae1bfccceeaa1b7669_fractured_57_piece_0.obj,ToyFigure_12ddd9e1fa8912ae1bfccceeaa1b7669_fractured_57_piece_1.obj is not a valid directory, skipping.
Warning: /workspace/everyday_all_2/ToyFigure_12ddd9e1fa8912ae1bfccceeaa1b7669_fractured_40_piece_0.obj,ToyFigure_12ddd9e1fa8912ae1bfccceeaa1b7669_fractured_40_piece_1.obj is not a valid directory, skipping.
Warning: /workspace/everyday_all_2/ToyFigure_12ddd9e1fa8912ae1bfccceeaa1b7669_fractured_59_piece_0.obj,ToyFigure_12ddd9e1fa8912ae1bfccceeaa1b7669_fractured_59_piece_1.obj is not a valid directory, skipping.
Warning: /workspace/everyday_all_2/ToyFigure_12ddd9e1fa8912ae1bfccceeaa1b7669_fractured_66_piece_0.obj,ToyFigure_12ddd9e1fa8912ae1bfccceeaa1b7669_fractured_66_piece_1.obj is not a valid directory, skipping.
Warning: /workspace/everyday_all_2/ToyFigure_12ddd9e1fa8912ae1bfccceeaa1b7669_fractured_48_piece_0.obj,ToyFigure_12ddd9e1fa8912ae1bfccceeaa1b7669_fractured_48_piece_1.obj is not a valid directory, skipping.
Warning: /workspace/everyday_all_2/ToyFigure_12ddd9e1fa8912ae1bfccceeaa1b7669_fractured_7_piece_0.obj,ToyFigure_12ddd9e1fa8912ae1bfccceeaa1b7669_fractured_7_piece_1.obj is not a valid directory, skipping.
Warning: /workspace/everyday_all_2/ToyFigure_12ddd9e1fa8912ae1bfccceeaa1b7669_fractured_16_piece_0.obj,ToyFigure_12ddd9e1fa8912ae1bfccceeaa1b7669_fractured_16_piece_1.obj is not a valid directory, skipping.
Warning: /workspace/everyday_all_2/Bowl_75467099fb4d6984df85db41e3677c28_fractured_43_piece_0.obj,Bowl_75467099fb4d6984df85db41e3677c28_fractured_43_piece_1.obj is not a valid directory, skipping.
Warning: /workspace/everyday_all_2/Bowl_75467099fb4d6984df85db41e3677c28_fractured_60_piece_0.obj,Bowl_75467099fb4d6984df85db41e3677c28_fractured_60_piece_1.obj is not a valid directory, skipping.
Warning: /workspace/everyday_all_2/Bowl_75467099fb4d6984df85db41e3677c28_fractured_25_piece_0.obj,Bowl_75467099fb4d6984df85db41e3677c28_fractured_25_piece_1.obj is not a valid directory, skipping.
Warning: /workspace/everyday_all_2/Bowl_75467099fb4d6984df85db41e3677c28_fractured_14_piece_0.obj,Bowl_75467099fb4d6984df85db41e3677c28_fractured_14_piece_1.obj is not a valid directory, skipping.
Warning: /workspace/everyday_all_2/Bowl_75467099fb4d6984df85db41e3677c28_fractured_11_piece_0.obj,Bowl_75467099fb4d6984df85db41e3677c28_fractured_11_piece_1.obj is not a valid directory, skipping.
Warning: /workspace/everyday_all_2/Bowl_75467099fb4d6984df85db41e3677c28_fractured_15_piece_0.obj,Bowl_75467099fb4d6984df85db41e3677c28_fractured_15_piece_1.obj is not a valid directory, skipping.
Warning: /workspace/everyday_all_2/Bowl_75467099fb4d6984df85db41e3677c28_fractured_56_piece_0.obj,Bowl_75467099fb4d6984df85db41e3677c28_fractured_56_piece_1.obj is not a valid directory, skipping.
Warning: /workspace/everyday_all_2/Bowl_75467099fb4d6984df85db41e3677c28_fractured_22_piece_0.obj,Bowl_75467099fb4d6984df85db41e3677c28_fractured_22_piece_1.obj is not a valid directory, skipping.
Warning: /workspace/everyday_all_2/Bowl_75467099fb4d6984df85db41e3677c28_fractured_32_piece_0.obj,Bowl_75467099fb4d6984df85db41e3677c28_fractured_32_piece_1.obj is not a valid directory, skipping.
Warning: /workspace/everyday_all_2/Bowl_75467099fb4d6984df85db41e3677c28_fractured_6_piece_0.obj,Bowl_75467099fb4d6984df85db41e3677c28_fractured_6_piece_1.obj is not a valid directory, skipping.
Warning: /workspace/everyday_all_2/Bowl_75467099fb4d6984df85db41e3677c28_fractured_64_piece_0.obj,Bowl_75467099fb4d6984df85db41e3677c28_fractured_64_piece_1.obj is not a valid directory, skipping.
Warning: /workspace/everyday_all_2/Bowl_75467099fb4d6984df85db41e3677c28_fractured_33_piece_0.obj,Bowl_75467099fb4d6984df85db41e3677c28_fractured_33_piece_1.obj is not a valid directory, skipping.
Warning: /workspace/everyday_all_2/Bowl_75467099fb4d6984df85db41e3677c28_fractured_63_piece_0.obj,Bowl_75467099fb4d6984df85db41e3677c28_fractured_63_piece_1.obj is not a valid directory, skipping.
Warning: /workspace/everyday_all_2/Bowl_75467099fb4d6984df85db41e3677c28_fractured_21_piece_0.obj,Bowl_75467099fb4d6984df85db41e3677c28_fractured_21_piece_1.obj is not a valid directory, skipping.
Warning: /workspace/everyday_all_2/Bowl_75467099fb4d6984df85db41e3677c28_fractured_42_piece_0.obj,Bowl_75467099fb4d6984df85db41e3677c28_fractured_42_piece_1.obj is not a valid directory, skipping.
Warning: /workspace/everyday_all_2/Bowl_75467099fb4d6984df85db41e3677c28_fractured_34_piece_0.obj,Bowl_75467099fb4d6984df85db41e3677c28_fractured_34_piece_1.obj is not a valid directory, skipping.
Warning: /workspace/everyday_all_2/Bowl_75467099fb4d6984df85db41e3677c28_fractured_47_piece_0.obj,Bowl_75467099fb4d6984df85db41e3677c28_fractured_47_piece_1.obj is not a valid directory, skipping.
Warning: /workspace/everyday_all_2/Bowl_75467099fb4d6984df85db41e3677c28_fractured_39_piece_0.obj,Bowl_75467099fb4d6984df85db41e3677c28_fractured_39_piece_1.obj is not a valid directory, skipping.
Warning: /workspace/everyday_all_2/Bowl_75467099fb4d6984df85db41e3677c28_fractured_10_piece_0.obj,Bowl_75467099fb4d6984df85db41e3677c28_fractured_10_piece_1.obj is not a valid directory, skipping.
Warning: /workspace/everyday_all_2/Bowl_75467099fb4d6984df85db41e3677c28_fractured_17_piece_0.obj,Bowl_75467099fb4d6984df85db41e3677c28_fractured_17_piece_1.obj is not a valid directory, skipping.
Warning: /workspace/everyday_all_2/Bowl_75467099fb4d6984df85db41e3677c28_fractured_65_piece_0.obj,Bowl_75467099fb4d6984df85db41e3677c28_fractured_65_piece_1.obj is not a valid directory, skipping.
Warning: /workspace/everyday_all_2/Bowl_75467099fb4d6984df85db41e3677c28_fractured_36_piece_0.obj,Bowl_75467099fb4d6984df85db41e3677c28_fractured_36_piece_1.obj is not a valid directory, skipping.
Warning: /workspace/everyday_all_2/Bowl_75467099fb4d6984df85db41e3677c28_fractured_69_piece_0.obj,Bowl_75467099fb4d6984df85db41e3677c28_fractured_69_piece_1.obj is not a valid directory, skipping.
Warning: /workspace/everyday_all_2/Bowl_75467099fb4d6984df85db41e3677c28_fractured_55_piece_0.obj,Bowl_75467099fb4d6984df85db41e3677c28_fractured_55_piece_1.obj is not a valid directory, skipping.
Warning: /workspace/everyday_all_2/Bowl_75467099fb4d6984df85db41e3677c28_fractured_68_piece_0.obj,Bowl_75467099fb4d6984df85db41e3677c28_fractured_68_piece_1.obj is not a valid directory, skipping.
Warning: /workspace/everyday_all_2/Bowl_75467099fb4d6984df85db41e3677c28_fractured_73_piece_0.obj,Bowl_75467099fb4d6984df85db41e3677c28_fractured_73_piece_1.obj is not a valid directory, skipping.
Warning: /workspace/everyday_all_2/Bowl_75467099fb4d6984df85db41e3677c28_fractured_54_piece_0.obj,Bowl_75467099fb4d6984df85db41e3677c28_fractured_54_piece_1.obj is not a valid directory, skipping.
Warning: /workspace/everyday_all_2/Bowl_75467099fb4d6984df85db41e3677c28_fractured_66_piece_0.obj,Bowl_75467099fb4d6984df85db41e3677c28_fractured_66_piece_1.obj is not a valid directory, skipping.
Warning: /workspace/everyday_all_2/Vase_59cf4966f108d8f1db88a58e9c22108d_fractured_8_piece_0.obj,Vase_59cf4966f108d8f1db88a58e9c22108d_fractured_8_piece_1.obj is not a valid directory, skipping.
Warning: /workspace/everyday_all_2/Vase_59cf4966f108d8f1db88a58e9c22108d_fractured_13_piece_0.obj,Vase_59cf4966f108d8f1db88a58e9c22108d_fractured_13_piece_1.obj is not a valid directory, skipping.
Warning: /workspace/everyday_all_2/Vase_59cf4966f108d8f1db88a58e9c22108d_fractured_74_piece_0.obj,Vase_59cf4966f108d8f1db88a58e9c22108d_fractured_74_piece_1.obj is not a valid directory, skipping.
Warning: /workspace/everyday_all_2/Vase_59cf4966f108d8f1db88a58e9c22108d_fractured_19_piece_0.obj,Vase_59cf4966f108d8f1db88a58e9c22108d_fractured_19_piece_1.obj is not a valid directory, skipping.
Warning: /workspace/everyday_all_2/Vase_59cf4966f108d8f1db88a58e9c22108d_fractured_56_piece_0.obj,Vase_59cf4966f108d8f1db88a58e9c22108d_fractured_56_piece_1.obj is not a valid directory, skipping.
Warning: /workspace/everyday_all_2/Vase_59cf4966f108d8f1db88a58e9c22108d_fractured_72_piece_0.obj,Vase_59cf4966f108d8f1db88a58e9c22108d_fractured_72_piece_1.obj is not a valid directory, skipping.
Warning: /workspace/everyday_all_2/Vase_59cf4966f108d8f1db88a58e9c22108d_fractured_45_piece_0.obj,Vase_59cf4966f108d8f1db88a58e9c22108d_fractured_45_piece_1.obj is not a valid directory, skipping.
Warning: /workspace/everyday_all_2/Vase_59cf4966f108d8f1db88a58e9c22108d_fractured_10_piece_0.obj,Vase_59cf4966f108d8f1db88a58e9c22108d_fractured_10_piece_1.obj is not a valid directory, skipping.
Warning: /workspace/everyday_all_2/Vase_59cf4966f108d8f1db88a58e9c22108d_fractured_46_piece_0.obj,Vase_59cf4966f108d8f1db88a58e9c22108d_fractured_46_piece_1.obj is not a valid directory, skipping.
Warning: /workspace/everyday_all_2/Mug_10f6e09036350e92b3f21f1137c3c347_fractured_28_piece_0.obj,Mug_10f6e09036350e92b3f21f1137c3c347_fractured_28_piece_1.obj is not a valid directory, skipping.
Warning: /workspace/everyday_all_2/Mug_10f6e09036350e92b3f21f1137c3c347_fractured_74_piece_0.obj,Mug_10f6e09036350e92b3f21f1137c3c347_fractured_74_piece_1.obj is not a valid directory, skipping.
Warning: /workspace/everyday_all_2/Mug_10f6e09036350e92b3f21f1137c3c347_fractured_46_piece_0.obj,Mug_10f6e09036350e92b3f21f1137c3c347_fractured_46_piece_1.obj is not a valid directory, skipping.
Warning: /workspace/everyday_all_2/Mug_10f6e09036350e92b3f21f1137c3c347_fractured_78_piece_0.obj,Mug_10f6e09036350e92b3f21f1137c3c347_fractured_78_piece_1.obj is not a valid directory, skipping.
Warning: /workspace/everyday_all_2/Mug_10f6e09036350e92b3f21f1137c3c347_fractured_72_piece_0.obj,Mug_10f6e09036350e92b3f21f1137c3c347_fractured_72_piece_1.obj is not a valid directory, skipping.
Warning: /workspace/everyday_all_2/Mug_10f6e09036350e92b3f21f1137c3c347_fractured_45_piece_0.obj,Mug_10f6e09036350e92b3f21f1137c3c347_fractured_45_piece_1.obj is not a valid directory, skipping.
Warning: /workspace/everyday_all_2/Mug_10f6e09036350e92b3f21f1137c3c347_fractured_16_piece_0.obj,Mug_10f6e09036350e92b3f21f1137c3c347_fractured_16_piece_1.obj is not a valid directory, skipping.
Warning: /workspace/everyday_all_2/Mug_10f6e09036350e92b3f21f1137c3c347_fractured_30_piece_0.obj,Mug_10f6e09036350e92b3f21f1137c3c347_fractured_30_piece_1.obj is not a valid directory, skipping.
Warning: /workspace/everyday_all_2/Mug_10f6e09036350e92b3f21f1137c3c347_fractured_27_piece_0.obj,Mug_10f6e09036350e92b3f21f1137c3c347_fractured_27_piece_1.obj is not a valid directory, skipping.
Warning: /workspace/everyday_all_2/Mug_10f6e09036350e92b3f21f1137c3c347_fractured_71_piece_0.obj,Mug_10f6e09036350e92b3f21f1137c3c347_fractured_71_piece_1.obj is not a valid directory, skipping.
Warning: /workspace/everyday_all_2/Mug_10f6e09036350e92b3f21f1137c3c347_fractured_63_piece_0.obj,Mug_10f6e09036350e92b3f21f1137c3c347_fractured_63_piece_1.obj is not a valid directory, skipping.
Warning: /workspace/everyday_all_2/Mug_10f6e09036350e92b3f21f1137c3c347_fractured_54_piece_0.obj,Mug_10f6e09036350e92b3f21f1137c3c347_fractured_54_piece_1.obj is not a valid directory, skipping.
Warning: /workspace/everyday_all_2/Mug_10f6e09036350e92b3f21f1137c3c347_fractured_37_piece_0.obj,Mug_10f6e09036350e92b3f21f1137c3c347_fractured_37_piece_1.obj is not a valid directory, skipping.
Warning: /workspace/everyday_all_2/Mug_10f6e09036350e92b3f21f1137c3c347_fractured_58_piece_0.obj,Mug_10f6e09036350e92b3f21f1137c3c347_fractured_58_piece_1.obj is not a valid directory, skipping.
Warning: /workspace/everyday_all_2/Mug_10f6e09036350e92b3f21f1137c3c347_fractured_17_piece_0.obj,Mug_10f6e09036350e92b3f21f1137c3c347_fractured_17_piece_1.obj is not a valid directory, skipping.
Warning: /workspace/everyday_all_2/Mug_10f6e09036350e92b3f21f1137c3c347_fractured_32_piece_0.obj,Mug_10f6e09036350e92b3f21f1137c3c347_fractured_32_piece_1.obj is not a valid directory, skipping.
Warning: /workspace/everyday_all_2/Mug_10f6e09036350e92b3f21f1137c3c347_fractured_76_piece_0.obj,Mug_10f6e09036350e92b3f21f1137c3c347_fractured_76_piece_1.obj is not a valid directory, skipping.
Warning: /workspace/everyday_all_2/Mug_10f6e09036350e92b3f21f1137c3c347_fractured_56_piece_0.obj,Mug_10f6e09036350e92b3f21f1137c3c347_fractured_56_piece_1.obj is not a valid directory, skipping.
Warning: /workspace/everyday_all_2/Mug_10f6e09036350e92b3f21f1137c3c347_fractured_0_piece_0.obj,Mug_10f6e09036350e92b3f21f1137c3c347_fractured_0_piece_1.obj is not a valid directory, skipping.
Warning: /workspace/everyday_all_2/Mug_10f6e09036350e92b3f21f1137c3c347_fractured_69_piece_0.obj,Mug_10f6e09036350e92b3f21f1137c3c347_fractured_69_piece_1.obj is not a valid directory, skipping.
Warning: /workspace/everyday_all_2/Mirror_92a1e771eb621c14c2a5a06bb7a05e87_fractured_53_piece_0.obj,Mirror_92a1e771eb621c14c2a5a06bb7a05e87_fractured_53_piece_1.obj is not a valid directory, skipping.
Warning: /workspace/everyday_all_2/Mirror_92a1e771eb621c14c2a5a06bb7a05e87_fractured_29_piece_0.obj,Mirror_92a1e771eb621c14c2a5a06bb7a05e87_fractured_29_piece_1.obj is not a valid directory, skipping.
Warning: /workspace/everyday_all_2/Mirror_92a1e771eb621c14c2a5a06bb7a05e87_fractured_15_piece_0.obj,Mirror_92a1e771eb621c14c2a5a06bb7a05e87_fractured_15_piece_1.obj is not a valid directory, skipping.
Warning: /workspace/everyday_all_2/Mirror_92a1e771eb621c14c2a5a06bb7a05e87_fractured_42_piece_0.obj,Mirror_92a1e771eb621c14c2a5a06bb7a05e87_fractured_42_piece_1.obj is not a valid directory, skipping.
Warning: /workspace/everyday_all_2/Mirror_92a1e771eb621c14c2a5a06bb7a05e87_fractured_77_piece_0.obj,Mirror_92a1e771eb621c14c2a5a06bb7a05e87_fractured_77_piece_1.obj is not a valid directory, skipping.
Warning: /workspace/everyday_all_2/Mirror_92a1e771eb621c14c2a5a06bb7a05e87_fractured_17_piece_0.obj,Mirror_92a1e771eb621c14c2a5a06bb7a05e87_fractured_17_piece_1.obj is not a valid directory, skipping.
Warning: /workspace/everyday_all_2/Mirror_92a1e771eb621c14c2a5a06bb7a05e87_fractured_61_piece_0.obj,Mirror_92a1e771eb621c14c2a5a06bb7a05e87_fractured_61_piece_1.obj is not a valid directory, skipping.
Warning: /workspace/everyday_all_2/Mirror_92a1e771eb621c14c2a5a06bb7a05e87_fractured_8_piece_0.obj,Mirror_92a1e771eb621c14c2a5a06bb7a05e87_fractured_8_piece_1.obj is not a valid directory, skipping.
Warning: /workspace/everyday_all_2/Mirror_92a1e771eb621c14c2a5a06bb7a05e87_fractured_19_piece_0.obj,Mirror_92a1e771eb621c14c2a5a06bb7a05e87_fractured_19_piece_1.obj is not a valid directory, skipping.
Warning: /workspace/everyday_all_2/Mirror_92a1e771eb621c14c2a5a06bb7a05e87_fractured_34_piece_0.obj,Mirror_92a1e771eb621c14c2a5a06bb7a05e87_fractured_34_piece_1.obj is not a valid directory, skipping.
Warning: /workspace/everyday_all_2/Teapot_3d2cafbf9a6a2da44212ff51b27f0221_fractured_17_piece_0.obj,Teapot_3d2cafbf9a6a2da44212ff51b27f0221_fractured_17_piece_1.obj is not a valid directory, skipping.
Warning: /workspace/everyday_all_2/Teapot_3d2cafbf9a6a2da44212ff51b27f0221_fractured_12_piece_0.obj,Teapot_3d2cafbf9a6a2da44212ff51b27f0221_fractured_12_piece_1.obj is not a valid directory, skipping.
Warning: /workspace/everyday_all_2/Teapot_3d2cafbf9a6a2da44212ff51b27f0221_fractured_73_piece_0.obj,Teapot_3d2cafbf9a6a2da44212ff51b27f0221_fractured_73_piece_1.obj is not a valid directory, skipping.
Warning: /workspace/everyday_all_2/Teapot_3d2cafbf9a6a2da44212ff51b27f0221_fractured_27_piece_0.obj,Teapot_3d2cafbf9a6a2da44212ff51b27f0221_fractured_27_piece_1.obj is not a valid directory, skipping.
Warning: /workspace/everyday_all_2/Teapot_3d2cafbf9a6a2da44212ff51b27f0221_fractured_50_piece_0.obj,Teapot_3d2cafbf9a6a2da44212ff51b27f0221_fractured_50_piece_1.obj is not a valid directory, skipping.
Warning: /workspace/everyday_all_2/Teapot_3d2cafbf9a6a2da44212ff51b27f0221_fractured_43_piece_0.obj,Teapot_3d2cafbf9a6a2da44212ff51b27f0221_fractured_43_piece_1.obj is not a valid directory, skipping.
Warning: /workspace/everyday_all_2/Teapot_3d2cafbf9a6a2da44212ff51b27f0221_fractured_47_piece_0.obj,Teapot_3d2cafbf9a6a2da44212ff51b27f0221_fractured_47_piece_1.obj is not a valid directory, skipping.
Warning: /workspace/everyday_all_2/Teapot_3d2cafbf9a6a2da44212ff51b27f0221_fractured_63_piece_0.obj,Teapot_3d2cafbf9a6a2da44212ff51b27f0221_fractured_63_piece_1.obj is not a valid directory, skipping.
Warning: /workspace/everyday_all_2/Teapot_3d2cafbf9a6a2da44212ff51b27f0221_fractured_69_piece_0.obj,Teapot_3d2cafbf9a6a2da44212ff51b27f0221_fractured_69_piece_1.obj is not a valid directory, skipping.
Warning: /workspace/everyday_all_2/Teapot_3d2cafbf9a6a2da44212ff51b27f0221_fractured_22_piece_0.obj,Teapot_3d2cafbf9a6a2da44212ff51b27f0221_fractured_22_piece_1.obj is not a valid directory, skipping.
Warning: /workspace/everyday_all_2/Teapot_3d2cafbf9a6a2da44212ff51b27f0221_fractured_7_piece_0.obj,Teapot_3d2cafbf9a6a2da44212ff51b27f0221_fractured_7_piece_1.obj is not a valid directory, skipping.
Warning: /workspace/everyday_all_2/Teapot_3d2cafbf9a6a2da44212ff51b27f0221_fractured_16_piece_0.obj,Teapot_3d2cafbf9a6a2da44212ff51b27f0221_fractured_16_piece_1.obj is not a valid directory, skipping.
Warning: /workspace/everyday_all_2/Teapot_3d2cafbf9a6a2da44212ff51b27f0221_fractured_30_piece_0.obj,Teapot_3d2cafbf9a6a2da44212ff51b27f0221_fractured_30_piece_1.obj is not a valid directory, skipping.
Warning: /workspace/everyday_all_2/Cup_106f8b5d2f2c777535c291801eaf5463_fractured_57_piece_0.obj,Cup_106f8b5d2f2c777535c291801eaf5463_fractured_57_piece_1.obj is not a valid directory, skipping.
Warning: /workspace/everyday_all_2/Cup_106f8b5d2f2c777535c291801eaf5463_fractured_47_piece_0.obj,Cup_106f8b5d2f2c777535c291801eaf5463_fractured_47_piece_1.obj is not a valid directory, skipping.
Warning: /workspace/everyday_all_2/Cup_106f8b5d2f2c777535c291801eaf5463_fractured_79_piece_0.obj,Cup_106f8b5d2f2c777535c291801eaf5463_fractured_79_piece_1.obj is not a valid directory, skipping.
Warning: /workspace/everyday_all_2/Cup_106f8b5d2f2c777535c291801eaf5463_fractured_63_piece_0.obj,Cup_106f8b5d2f2c777535c291801eaf5463_fractured_63_piece_1.obj is not a valid directory, skipping.
Warning: /workspace/everyday_all_2/Cup_106f8b5d2f2c777535c291801eaf5463_fractured_44_piece_0.obj,Cup_106f8b5d2f2c777535c291801eaf5463_fractured_44_piece_1.obj is not a valid directory, skipping.
Warning: /workspace/everyday_all_2/Cup_106f8b5d2f2c777535c291801eaf5463_fractured_45_piece_0.obj,Cup_106f8b5d2f2c777535c291801eaf5463_fractured_45_piece_1.obj is not a valid directory, skipping.
Warning: /workspace/everyday_all_2/Cup_106f8b5d2f2c777535c291801eaf5463_fractured_74_piece_0.obj,Cup_106f8b5d2f2c777535c291801eaf5463_fractured_74_piece_1.obj is not a valid directory, skipping.
Warning: /workspace/everyday_all_2/Cup_106f8b5d2f2c777535c291801eaf5463_fractured_73_piece_0.obj,Cup_106f8b5d2f2c777535c291801eaf5463_fractured_73_piece_1.obj is not a valid directory, skipping.
Warning: /workspace/everyday_all_2/Cup_106f8b5d2f2c777535c291801eaf5463_fractured_77_piece_0.obj,Cup_106f8b5d2f2c777535c291801eaf5463_fractured_77_piece_1.obj is not a valid directory, skipping.
Warning: /workspace/everyday_all_2/Cup_106f8b5d2f2c777535c291801eaf5463_fractured_60_piece_0.obj,Cup_106f8b5d2f2c777535c291801eaf5463_fractured_60_piece_1.obj is not a valid directory, skipping.
Warning: /workspace/everyday_all_2/Cup_106f8b5d2f2c777535c291801eaf5463_fractured_25_piece_0.obj,Cup_106f8b5d2f2c777535c291801eaf5463_fractured_25_piece_1.obj is not a valid directory, skipping.
Warning: /workspace/everyday_all_2/Cup_106f8b5d2f2c777535c291801eaf5463_fractured_32_piece_0.obj,Cup_106f8b5d2f2c777535c291801eaf5463_fractured_32_piece_1.obj is not a valid directory, skipping.
Warning: /workspace/everyday_all_2/Bottle_8748b67d0ba5f35f724d867867ccd9fb_fractured_44_piece_0.obj,Bottle_8748b67d0ba5f35f724d867867ccd9fb_fractured_44_piece_1.obj is not a valid directory, skipping.
Warning: /workspace/everyday_all_2/Bottle_8748b67d0ba5f35f724d867867ccd9fb_fractured_78_piece_0.obj,Bottle_8748b67d0ba5f35f724d867867ccd9fb_fractured_78_piece_1.obj is not a valid directory, skipping.
Warning: /workspace/everyday_all_2/Bottle_8748b67d0ba5f35f724d867867ccd9fb_fractured_23_piece_0.obj,Bottle_8748b67d0ba5f35f724d867867ccd9fb_fractured_23_piece_1.obj is not a valid directory, skipping.
Warning: /workspace/everyday_all_2/Bottle_8748b67d0ba5f35f724d867867ccd9fb_fractured_1_piece_0.obj,Bottle_8748b67d0ba5f35f724d867867ccd9fb_fractured_1_piece_1.obj is not a valid directory, skipping.
Warning: /workspace/everyday_all_2/Bottle_8748b67d0ba5f35f724d867867ccd9fb_fractured_41_piece_0.obj,Bottle_8748b67d0ba5f35f724d867867ccd9fb_fractured_41_piece_1.obj is not a valid directory, skipping.
Warning: /workspace/everyday_all_2/Bottle_8748b67d0ba5f35f724d867867ccd9fb_fractured_72_piece_0.obj,Bottle_8748b67d0ba5f35f724d867867ccd9fb_fractured_72_piece_1.obj is not a valid directory, skipping.
Warning: /workspace/everyday_all_2/Bottle_8748b67d0ba5f35f724d867867ccd9fb_fractured_21_piece_0.obj,Bottle_8748b67d0ba5f35f724d867867ccd9fb_fractured_21_piece_1.obj is not a valid directory, skipping.
Warning: /workspace/everyday_all_2/Bottle_8748b67d0ba5f35f724d867867ccd9fb_fractured_38_piece_0.obj,Bottle_8748b67d0ba5f35f724d867867ccd9fb_fractured_38_piece_1.obj is not a valid directory, skipping.
Warning: /workspace/everyday_all_2/Bottle_8748b67d0ba5f35f724d867867ccd9fb_fractured_34_piece_0.obj,Bottle_8748b67d0ba5f35f724d867867ccd9fb_fractured_34_piece_1.obj is not a valid directory, skipping.
Warning: /workspace/everyday_all_2/Bottle_8748b67d0ba5f35f724d867867ccd9fb_fractured_48_piece_0.obj,Bottle_8748b67d0ba5f35f724d867867ccd9fb_fractured_48_piece_1.obj is not a valid directory, skipping.
Warning: /workspace/everyday_all_2/Bottle_8748b67d0ba5f35f724d867867ccd9fb_fractured_30_piece_0.obj,Bottle_8748b67d0ba5f35f724d867867ccd9fb_fractured_30_piece_1.obj is not a valid directory, skipping.
Warning: /workspace/everyday_all_2/Bottle_8748b67d0ba5f35f724d867867ccd9fb_fractured_33_piece_0.obj,Bottle_8748b67d0ba5f35f724d867867ccd9fb_fractured_33_piece_1.obj is not a valid directory, skipping.
Warning: /workspace/everyday_all_2/Bottle_8748b67d0ba5f35f724d867867ccd9fb_fractured_12_piece_0.obj,Bottle_8748b67d0ba5f35f724d867867ccd9fb_fractured_12_piece_1.obj is not a valid directory, skipping.
Warning: /workspace/everyday_all_2/Bottle_8748b67d0ba5f35f724d867867ccd9fb_fractured_3_piece_0.obj,Bottle_8748b67d0ba5f35f724d867867ccd9fb_fractured_3_piece_1.obj is not a valid directory, skipping.
Warning: /workspace/everyday_all_2/Bottle_8748b67d0ba5f35f724d867867ccd9fb_fractured_36_piece_0.obj,Bottle_8748b67d0ba5f35f724d867867ccd9fb_fractured_36_piece_1.obj is not a valid directory, skipping.
Warning: /workspace/everyday_all_2/Bottle_8748b67d0ba5f35f724d867867ccd9fb_fractured_39_piece_0.obj,Bottle_8748b67d0ba5f35f724d867867ccd9fb_fractured_39_piece_1.obj is not a valid directory, skipping.
Warning: /workspace/everyday_all_2/Vase_3a275e00d69810c62600e861c93ad9cc_fractured_51_piece_0.obj,Vase_3a275e00d69810c62600e861c93ad9cc_fractured_51_piece_1.obj is not a valid directory, skipping.
Warning: /workspace/everyday_all_2/Vase_3a275e00d69810c62600e861c93ad9cc_fractured_41_piece_0.obj,Vase_3a275e00d69810c62600e861c93ad9cc_fractured_41_piece_1.obj is not a valid directory, skipping.
Warning: /workspace/everyday_all_2/Vase_3a275e00d69810c62600e861c93ad9cc_fractured_33_piece_0.obj,Vase_3a275e00d69810c62600e861c93ad9cc_fractured_33_piece_1.obj is not a valid directory, skipping.
Warning: /workspace/everyday_all_2/Vase_3a275e00d69810c62600e861c93ad9cc_fractured_55_piece_0.obj,Vase_3a275e00d69810c62600e861c93ad9cc_fractured_55_piece_1.obj is not a valid directory, skipping.
Warning: /workspace/everyday_all_2/Vase_3a275e00d69810c62600e861c93ad9cc_fractured_11_piece_0.obj,Vase_3a275e00d69810c62600e861c93ad9cc_fractured_11_piece_1.obj is not a valid directory, skipping.
Warning: /workspace/everyday_all_2/Vase_3a275e00d69810c62600e861c93ad9cc_fractured_64_piece_0.obj,Vase_3a275e00d69810c62600e861c93ad9cc_fractured_64_piece_1.obj is not a valid directory, skipping.
Warning: /workspace/everyday_all_2/Vase_3a275e00d69810c62600e861c93ad9cc_fractured_6_piece_0.obj,Vase_3a275e00d69810c62600e861c93ad9cc_fractured_6_piece_1.obj is not a valid directory, skipping.
Warning: /workspace/everyday_all_2/Vase_3a275e00d69810c62600e861c93ad9cc_fractured_37_piece_0.obj,Vase_3a275e00d69810c62600e861c93ad9cc_fractured_37_piece_1.obj is not a valid directory, skipping.
Warning: /workspace/everyday_all_2/Vase_3a275e00d69810c62600e861c93ad9cc_fractured_36_piece_0.obj,Vase_3a275e00d69810c62600e861c93ad9cc_fractured_36_piece_1.obj is not a valid directory, skipping.
Warning: /workspace/everyday_all_2/Vase_3a275e00d69810c62600e861c93ad9cc_fractured_61_piece_0.obj,Vase_3a275e00d69810c62600e861c93ad9cc_fractured_61_piece_1.obj is not a valid directory, skipping.
Warning: /workspace/everyday_all_2/Vase_3a275e00d69810c62600e861c93ad9cc_fractured_74_piece_1.obj,Vase_3a275e00d69810c62600e861c93ad9cc_fractured_74_piece_0.obj is not a valid directory, skipping.
Warning: /workspace/everyday_all_2/Vase_3a275e00d69810c62600e861c93ad9cc_fractured_2_piece_0.obj,Vase_3a275e00d69810c62600e861c93ad9cc_fractured_2_piece_1.obj is not a valid directory, skipping.
Warning: /workspace/everyday_all_2/Vase_3a275e00d69810c62600e861c93ad9cc_fractured_21_piece_0.obj,Vase_3a275e00d69810c62600e861c93ad9cc_fractured_21_piece_1.obj is not a valid directory, skipping.
Warning: /workspace/everyday_all_2/Vase_3a275e00d69810c62600e861c93ad9cc_fractured_25_piece_0.obj,Vase_3a275e00d69810c62600e861c93ad9cc_fractured_25_piece_1.obj is not a valid directory, skipping.
Warning: /workspace/everyday_all_2/Vase_3a275e00d69810c62600e861c93ad9cc_fractured_1_piece_0.obj,Vase_3a275e00d69810c62600e861c93ad9cc_fractured_1_piece_1.obj is not a valid directory, skipping.
Warning: /workspace/everyday_all_2/Vase_3a275e00d69810c62600e861c93ad9cc_fractured_70_piece_1.obj,Vase_3a275e00d69810c62600e861c93ad9cc_fractured_70_piece_0.obj is not a valid directory, skipping.
Warning: /workspace/everyday_all_2/Vase_3a275e00d69810c62600e861c93ad9cc_fractured_50_piece_0.obj,Vase_3a275e00d69810c62600e861c93ad9cc_fractured_50_piece_1.obj is not a valid directory, skipping.
Warning: /workspace/everyday_all_2/Bottle_9edfe64416a9646e30612f5c0ef21eb8_fractured_32_piece_0.obj,Bottle_9edfe64416a9646e30612f5c0ef21eb8_fractured_32_piece_1.obj is not a valid directory, skipping.
Warning: /workspace/everyday_all_2/Bottle_9edfe64416a9646e30612f5c0ef21eb8_fractured_43_piece_0.obj,Bottle_9edfe64416a9646e30612f5c0ef21eb8_fractured_43_piece_1.obj is not a valid directory, skipping.
Warning: /workspace/everyday_all_2/Bottle_9edfe64416a9646e30612f5c0ef21eb8_fractured_73_piece_0.obj,Bottle_9edfe64416a9646e30612f5c0ef21eb8_fractured_73_piece_1.obj is not a valid directory, skipping.
Warning: /workspace/everyday_all_2/Bottle_9edfe64416a9646e30612f5c0ef21eb8_fractured_22_piece_0.obj,Bottle_9edfe64416a9646e30612f5c0ef21eb8_fractured_22_piece_1.obj is not a valid directory, skipping.
Warning: /workspace/everyday_all_2/Bottle_9edfe64416a9646e30612f5c0ef21eb8_fractured_23_piece_0.obj,Bottle_9edfe64416a9646e30612f5c0ef21eb8_fractured_23_piece_1.obj is not a valid directory, skipping.
Warning: /workspace/everyday_all_2/Bottle_9edfe64416a9646e30612f5c0ef21eb8_fractured_59_piece_0.obj,Bottle_9edfe64416a9646e30612f5c0ef21eb8_fractured_59_piece_1.obj is not a valid directory, skipping.
Warning: /workspace/everyday_all_2/Vase_d3978e26d3e0d773b3ffb0c309689ebd_fractured_34_piece_0.obj,Vase_d3978e26d3e0d773b3ffb0c309689ebd_fractured_34_piece_1.obj is not a valid directory, skipping.
Warning: /workspace/everyday_all_2/Vase_d3978e26d3e0d773b3ffb0c309689ebd_fractured_52_piece_0.obj,Vase_d3978e26d3e0d773b3ffb0c309689ebd_fractured_52_piece_1.obj is not a valid directory, skipping.
Warning: /workspace/everyday_all_2/Vase_d3978e26d3e0d773b3ffb0c309689ebd_fractured_38_piece_0.obj,Vase_d3978e26d3e0d773b3ffb0c309689ebd_fractured_38_piece_1.obj is not a valid directory, skipping.
Warning: /workspace/everyday_all_2/Vase_d3978e26d3e0d773b3ffb0c309689ebd_fractured_64_piece_0.obj,Vase_d3978e26d3e0d773b3ffb0c309689ebd_fractured_64_piece_1.obj is not a valid directory, skipping.
Warning: /workspace/everyday_all_2/Vase_d3978e26d3e0d773b3ffb0c309689ebd_fractured_35_piece_1.obj,Vase_d3978e26d3e0d773b3ffb0c309689ebd_fractured_35_piece_0.obj is not a valid directory, skipping.
Warning: /workspace/everyday_all_2/Vase_d3978e26d3e0d773b3ffb0c309689ebd_fractured_57_piece_1.obj,Vase_d3978e26d3e0d773b3ffb0c309689ebd_fractured_57_piece_0.obj is not a valid directory, skipping.
Warning: /workspace/everyday_all_2/Vase_d3978e26d3e0d773b3ffb0c309689ebd_fractured_73_piece_1.obj,Vase_d3978e26d3e0d773b3ffb0c309689ebd_fractured_73_piece_0.obj is not a valid directory, skipping.
Warning: /workspace/everyday_all_2/Vase_d3978e26d3e0d773b3ffb0c309689ebd_fractured_37_piece_0.obj,Vase_d3978e26d3e0d773b3ffb0c309689ebd_fractured_37_piece_1.obj is not a valid directory, skipping.
Warning: /workspace/everyday_all_2/Vase_d3978e26d3e0d773b3ffb0c309689ebd_fractured_47_piece_0.obj,Vase_d3978e26d3e0d773b3ffb0c309689ebd_fractured_47_piece_1.obj is not a valid directory, skipping.
Warning: /workspace/everyday_all_2/Cup_75dd1eb981f15ad166ab797924e689f7_fractured_69_piece_0.obj,Cup_75dd1eb981f15ad166ab797924e689f7_fractured_69_piece_1.obj is not a valid directory, skipping.
Warning: /workspace/everyday_all_2/Cup_75dd1eb981f15ad166ab797924e689f7_fractured_73_piece_0.obj,Cup_75dd1eb981f15ad166ab797924e689f7_fractured_73_piece_1.obj is not a valid directory, skipping.
Warning: /workspace/everyday_all_2/Cup_75dd1eb981f15ad166ab797924e689f7_fractured_48_piece_0.obj,Cup_75dd1eb981f15ad166ab797924e689f7_fractured_48_piece_1.obj is not a valid directory, skipping.
Warning: /workspace/everyday_all_2/Cup_75dd1eb981f15ad166ab797924e689f7_fractured_22_piece_0.obj,Cup_75dd1eb981f15ad166ab797924e689f7_fractured_22_piece_1.obj is not a valid directory, skipping.
Warning: /workspace/everyday_all_2/Cup_75dd1eb981f15ad166ab797924e689f7_fractured_57_piece_0.obj,Cup_75dd1eb981f15ad166ab797924e689f7_fractured_57_piece_1.obj is not a valid directory, skipping.
Warning: /workspace/everyday_all_2/Cup_75dd1eb981f15ad166ab797924e689f7_fractured_36_piece_0.obj,Cup_75dd1eb981f15ad166ab797924e689f7_fractured_36_piece_1.obj is not a valid directory, skipping.
Warning: /workspace/everyday_all_2/Cup_75dd1eb981f15ad166ab797924e689f7_fractured_32_piece_0.obj,Cup_75dd1eb981f15ad166ab797924e689f7_fractured_32_piece_1.obj is not a valid directory, skipping.
Warning: /workspace/everyday_all_2/Cup_75dd1eb981f15ad166ab797924e689f7_fractured_61_piece_0.obj,Cup_75dd1eb981f15ad166ab797924e689f7_fractured_61_piece_1.obj is not a valid directory, skipping.
Warning: /workspace/everyday_all_2/Cup_75dd1eb981f15ad166ab797924e689f7_fractured_7_piece_0.obj,Cup_75dd1eb981f15ad166ab797924e689f7_fractured_7_piece_1.obj is not a valid directory, skipping.
Warning: /workspace/everyday_all_2/Cup_75dd1eb981f15ad166ab797924e689f7_fractured_30_piece_0.obj,Cup_75dd1eb981f15ad166ab797924e689f7_fractured_30_piece_1.obj is not a valid directory, skipping.
Warning: /workspace/everyday_all_2/Cup_75dd1eb981f15ad166ab797924e689f7_fractured_26_piece_0.obj,Cup_75dd1eb981f15ad166ab797924e689f7_fractured_26_piece_1.obj is not a valid directory, skipping.
Warning: /workspace/everyday_all_2/Cup_75dd1eb981f15ad166ab797924e689f7_fractured_5_piece_0.obj,Cup_75dd1eb981f15ad166ab797924e689f7_fractured_5_piece_1.obj is not a valid directory, skipping.
Warning: /workspace/everyday_all_2/Cup_75dd1eb981f15ad166ab797924e689f7_fractured_28_piece_0.obj,Cup_75dd1eb981f15ad166ab797924e689f7_fractured_28_piece_1.obj is not a valid directory, skipping.
Warning: /workspace/everyday_all_2/Cup_75dd1eb981f15ad166ab797924e689f7_fractured_52_piece_0.obj,Cup_75dd1eb981f15ad166ab797924e689f7_fractured_52_piece_1.obj is not a valid directory, skipping.
Warning: /workspace/everyday_all_2/Cup_75dd1eb981f15ad166ab797924e689f7_fractured_0_piece_0.obj,Cup_75dd1eb981f15ad166ab797924e689f7_fractured_0_piece_1.obj is not a valid directory, skipping.
Warning: /workspace/everyday_all_2/Cup_75dd1eb981f15ad166ab797924e689f7_fractured_29_piece_0.obj,Cup_75dd1eb981f15ad166ab797924e689f7_fractured_29_piece_1.obj is not a valid directory, skipping.
Warning: /workspace/everyday_all_2/Cup_75dd1eb981f15ad166ab797924e689f7_fractured_8_piece_0.obj,Cup_75dd1eb981f15ad166ab797924e689f7_fractured_8_piece_1.obj is not a valid directory, skipping.
Warning: /workspace/everyday_all_2/Cup_75dd1eb981f15ad166ab797924e689f7_fractured_54_piece_0.obj,Cup_75dd1eb981f15ad166ab797924e689f7_fractured_54_piece_1.obj is not a valid directory, skipping.
Warning: /workspace/everyday_all_2/Bottle_10d3d5961e00b2133ff038bc77759685_fractured_1_piece_0.obj,Bottle_10d3d5961e00b2133ff038bc77759685_fractured_1_piece_1.obj is not a valid directory, skipping.
Warning: /workspace/everyday_all_2/Bottle_10d3d5961e00b2133ff038bc77759685_fractured_60_piece_0.obj,Bottle_10d3d5961e00b2133ff038bc77759685_fractured_60_piece_1.obj is not a valid directory, skipping.
Warning: /workspace/everyday_all_2/Bottle_10d3d5961e00b2133ff038bc77759685_fractured_24_piece_0.obj,Bottle_10d3d5961e00b2133ff038bc77759685_fractured_24_piece_1.obj is not a valid directory, skipping.
Warning: /workspace/everyday_all_2/Bottle_10d3d5961e00b2133ff038bc77759685_fractured_39_piece_0.obj,Bottle_10d3d5961e00b2133ff038bc77759685_fractured_39_piece_1.obj is not a valid directory, skipping.
Warning: /workspace/everyday_all_2/Bottle_10d3d5961e00b2133ff038bc77759685_fractured_71_piece_0.obj,Bottle_10d3d5961e00b2133ff038bc77759685_fractured_71_piece_1.obj is not a valid directory, skipping.
Warning: /workspace/everyday_all_2/Bottle_10d3d5961e00b2133ff038bc77759685_fractured_6_piece_0.obj,Bottle_10d3d5961e00b2133ff038bc77759685_fractured_6_piece_1.obj is not a valid directory, skipping.
Warning: /workspace/everyday_all_2/Bottle_10d3d5961e00b2133ff038bc77759685_fractured_67_piece_0.obj,Bottle_10d3d5961e00b2133ff038bc77759685_fractured_67_piece_1.obj is not a valid directory, skipping.
Warning: /workspace/everyday_all_2/Bottle_10d3d5961e00b2133ff038bc77759685_fractured_32_piece_0.obj,Bottle_10d3d5961e00b2133ff038bc77759685_fractured_32_piece_1.obj is not a valid directory, skipping.
Warning: /workspace/everyday_all_2/Bottle_10d3d5961e00b2133ff038bc77759685_fractured_29_piece_0.obj,Bottle_10d3d5961e00b2133ff038bc77759685_fractured_29_piece_1.obj is not a valid directory, skipping.
Warning: /workspace/everyday_all_2/Bottle_10d3d5961e00b2133ff038bc77759685_fractured_38_piece_0.obj,Bottle_10d3d5961e00b2133ff038bc77759685_fractured_38_piece_1.obj is not a valid directory, skipping.
Warning: /workspace/everyday_all_2/Bottle_10d3d5961e00b2133ff038bc77759685_fractured_76_piece_0.obj,Bottle_10d3d5961e00b2133ff038bc77759685_fractured_76_piece_1.obj is not a valid directory, skipping.
Warning: /workspace/everyday_all_2/Bottle_10d3d5961e00b2133ff038bc77759685_fractured_61_piece_0.obj,Bottle_10d3d5961e00b2133ff038bc77759685_fractured_61_piece_1.obj is not a valid directory, skipping.
Warning: /workspace/everyday_all_2/Bottle_10d3d5961e00b2133ff038bc77759685_fractured_28_piece_0.obj,Bottle_10d3d5961e00b2133ff038bc77759685_fractured_28_piece_1.obj is not a valid directory, skipping.
Warning: /workspace/everyday_all_2/Bottle_10d3d5961e00b2133ff038bc77759685_fractured_31_piece_0.obj,Bottle_10d3d5961e00b2133ff038bc77759685_fractured_31_piece_1.obj is not a valid directory, skipping.
Warning: /workspace/everyday_all_2/ToyFigure_47204f6aaa776c7bf8208b6313b1ffa0_fractured_70_piece_0.obj,ToyFigure_47204f6aaa776c7bf8208b6313b1ffa0_fractured_70_piece_1.obj is not a valid directory, skipping.
Warning: /workspace/everyday_all_2/ToyFigure_47204f6aaa776c7bf8208b6313b1ffa0_fractured_29_piece_0.obj,ToyFigure_47204f6aaa776c7bf8208b6313b1ffa0_fractured_29_piece_1.obj is not a valid directory, skipping.
Warning: /workspace/everyday_all_2/ToyFigure_47204f6aaa776c7bf8208b6313b1ffa0_fractured_33_piece_0.obj,ToyFigure_47204f6aaa776c7bf8208b6313b1ffa0_fractured_33_piece_1.obj is not a valid directory, skipping.
Warning: /workspace/everyday_all_2/ToyFigure_47204f6aaa776c7bf8208b6313b1ffa0_fractured_16_piece_0.obj,ToyFigure_47204f6aaa776c7bf8208b6313b1ffa0_fractured_16_piece_1.obj is not a valid directory, skipping.
Warning: /workspace/everyday_all_2/ToyFigure_47204f6aaa776c7bf8208b6313b1ffa0_fractured_24_piece_0.obj,ToyFigure_47204f6aaa776c7bf8208b6313b1ffa0_fractured_24_piece_1.obj is not a valid directory, skipping.
Warning: /workspace/everyday_all_2/ToyFigure_47204f6aaa776c7bf8208b6313b1ffa0_fractured_66_piece_0.obj,ToyFigure_47204f6aaa776c7bf8208b6313b1ffa0_fractured_66_piece_1.obj is not a valid directory, skipping.
Warning: /workspace/everyday_all_2/ToyFigure_47204f6aaa776c7bf8208b6313b1ffa0_fractured_7_piece_0.obj,ToyFigure_47204f6aaa776c7bf8208b6313b1ffa0_fractured_7_piece_1.obj is not a valid directory, skipping.
Warning: /workspace/everyday_all_2/ToyFigure_47204f6aaa776c7bf8208b6313b1ffa0_fractured_34_piece_0.obj,ToyFigure_47204f6aaa776c7bf8208b6313b1ffa0_fractured_34_piece_1.obj is not a valid directory, skipping.
Warning: /workspace/everyday_all_2/ToyFigure_47204f6aaa776c7bf8208b6313b1ffa0_fractured_19_piece_0.obj,ToyFigure_47204f6aaa776c7bf8208b6313b1ffa0_fractured_19_piece_1.obj is not a valid directory, skipping.
Warning: /workspace/everyday_all_2/ToyFigure_47204f6aaa776c7bf8208b6313b1ffa0_fractured_12_piece_0.obj,ToyFigure_47204f6aaa776c7bf8208b6313b1ffa0_fractured_12_piece_1.obj is not a valid directory, skipping.
Warning: /workspace/everyday_all_2/ToyFigure_47204f6aaa776c7bf8208b6313b1ffa0_fractured_47_piece_0.obj,ToyFigure_47204f6aaa776c7bf8208b6313b1ffa0_fractured_47_piece_1.obj is not a valid directory, skipping.
Warning: /workspace/everyday_all_2/ToyFigure_47204f6aaa776c7bf8208b6313b1ffa0_fractured_13_piece_0.obj,ToyFigure_47204f6aaa776c7bf8208b6313b1ffa0_fractured_13_piece_1.obj is not a valid directory, skipping.
Warning: /workspace/everyday_all_2/ToyFigure_47204f6aaa776c7bf8208b6313b1ffa0_fractured_22_piece_0.obj,ToyFigure_47204f6aaa776c7bf8208b6313b1ffa0_fractured_22_piece_1.obj is not a valid directory, skipping.
Warning: /workspace/everyday_all_2/ToyFigure_47204f6aaa776c7bf8208b6313b1ffa0_fractured_55_piece_0.obj,ToyFigure_47204f6aaa776c7bf8208b6313b1ffa0_fractured_55_piece_1.obj is not a valid directory, skipping.
Warning: /workspace/everyday_all_2/ToyFigure_47204f6aaa776c7bf8208b6313b1ffa0_fractured_27_piece_0.obj,ToyFigure_47204f6aaa776c7bf8208b6313b1ffa0_fractured_27_piece_1.obj is not a valid directory, skipping.
Warning: /workspace/everyday_all_2/ToyFigure_47204f6aaa776c7bf8208b6313b1ffa0_fractured_25_piece_0.obj,ToyFigure_47204f6aaa776c7bf8208b6313b1ffa0_fractured_25_piece_1.obj is not a valid directory, skipping.
Warning: /workspace/everyday_all_2/ToyFigure_47204f6aaa776c7bf8208b6313b1ffa0_fractured_8_piece_0.obj,ToyFigure_47204f6aaa776c7bf8208b6313b1ffa0_fractured_8_piece_1.obj is not a valid directory, skipping.
Warning: /workspace/everyday_all_2/ToyFigure_47204f6aaa776c7bf8208b6313b1ffa0_fractured_56_piece_0.obj,ToyFigure_47204f6aaa776c7bf8208b6313b1ffa0_fractured_56_piece_1.obj is not a valid directory, skipping.
Warning: /workspace/everyday_all_2/ToyFigure_47204f6aaa776c7bf8208b6313b1ffa0_fractured_39_piece_0.obj,ToyFigure_47204f6aaa776c7bf8208b6313b1ffa0_fractured_39_piece_1.obj is not a valid directory, skipping.
Warning: /workspace/everyday_all_2/ToyFigure_47204f6aaa776c7bf8208b6313b1ffa0_fractured_63_piece_0.obj,ToyFigure_47204f6aaa776c7bf8208b6313b1ffa0_fractured_63_piece_1.obj is not a valid directory, skipping.
Warning: /workspace/everyday_all_2/ToyFigure_47204f6aaa776c7bf8208b6313b1ffa0_fractured_17_piece_0.obj,ToyFigure_47204f6aaa776c7bf8208b6313b1ffa0_fractured_17_piece_1.obj is not a valid directory, skipping.
Warning: /workspace/everyday_all_2/Vase_8fb8d64e04e0be16a383bc0337fb2972_fractured_31_piece_1.obj,Vase_8fb8d64e04e0be16a383bc0337fb2972_fractured_31_piece_0.obj is not a valid directory, skipping.
Warning: /workspace/everyday_all_2/Vase_8fb8d64e04e0be16a383bc0337fb2972_fractured_76_piece_0.obj,Vase_8fb8d64e04e0be16a383bc0337fb2972_fractured_76_piece_1.obj is not a valid directory, skipping.
Warning: /workspace/everyday_all_2/Vase_8fb8d64e04e0be16a383bc0337fb2972_fractured_37_piece_0.obj,Vase_8fb8d64e04e0be16a383bc0337fb2972_fractured_37_piece_1.obj is not a valid directory, skipping.
Warning: /workspace/everyday_all_2/Vase_8fb8d64e04e0be16a383bc0337fb2972_fractured_1_piece_1.obj,Vase_8fb8d64e04e0be16a383bc0337fb2972_fractured_1_piece_0.obj is not a valid directory, skipping.
Warning: /workspace/everyday_all_2/Vase_8fb8d64e04e0be16a383bc0337fb2972_fractured_45_piece_1.obj,Vase_8fb8d64e04e0be16a383bc0337fb2972_fractured_45_piece_0.obj is not a valid directory, skipping.
Warning: /workspace/everyday_all_2/Vase_8fb8d64e04e0be16a383bc0337fb2972_fractured_60_piece_0.obj,Vase_8fb8d64e04e0be16a383bc0337fb2972_fractured_60_piece_1.obj is not a valid directory, skipping.
Warning: /workspace/everyday_all_2/Vase_8fb8d64e04e0be16a383bc0337fb2972_fractured_72_piece_0.obj,Vase_8fb8d64e04e0be16a383bc0337fb2972_fractured_72_piece_1.obj is not a valid directory, skipping.
Warning: /workspace/everyday_all_2/Vase_8fb8d64e04e0be16a383bc0337fb2972_fractured_59_piece_0.obj,Vase_8fb8d64e04e0be16a383bc0337fb2972_fractured_59_piece_1.obj is not a valid directory, skipping.
Warning: /workspace/everyday_all_2/Vase_8fb8d64e04e0be16a383bc0337fb2972_fractured_11_piece_0.obj,Vase_8fb8d64e04e0be16a383bc0337fb2972_fractured_11_piece_1.obj is not a valid directory, skipping.
Warning: /workspace/everyday_all_2/Vase_8fb8d64e04e0be16a383bc0337fb2972_fractured_46_piece_0.obj,Vase_8fb8d64e04e0be16a383bc0337fb2972_fractured_46_piece_1.obj is not a valid directory, skipping.
Warning: /workspace/everyday_all_2/Vase_8fb8d64e04e0be16a383bc0337fb2972_fractured_29_piece_0.obj,Vase_8fb8d64e04e0be16a383bc0337fb2972_fractured_29_piece_1.obj is not a valid directory, skipping.
Warning: /workspace/everyday_all_2/Vase_8fb8d64e04e0be16a383bc0337fb2972_fractured_41_piece_0.obj,Vase_8fb8d64e04e0be16a383bc0337fb2972_fractured_41_piece_1.obj is not a valid directory, skipping.
Warning: /workspace/everyday_all_2/Plate_cc87e29afe238126e20e92c5b8147e4a_fractured_40_piece_0.obj,Plate_cc87e29afe238126e20e92c5b8147e4a_fractured_40_piece_1.obj is not a valid directory, skipping.
Warning: /workspace/everyday_all_2/Plate_cc87e29afe238126e20e92c5b8147e4a_fractured_44_piece_0.obj,Plate_cc87e29afe238126e20e92c5b8147e4a_fractured_44_piece_1.obj is not a valid directory, skipping.
Warning: /workspace/everyday_all_2/Plate_cc87e29afe238126e20e92c5b8147e4a_fractured_63_piece_0.obj,Plate_cc87e29afe238126e20e92c5b8147e4a_fractured_63_piece_1.obj is not a valid directory, skipping.
Warning: /workspace/everyday_all_2/Plate_cc87e29afe238126e20e92c5b8147e4a_fractured_4_piece_0.obj,Plate_cc87e29afe238126e20e92c5b8147e4a_fractured_4_piece_1.obj is not a valid directory, skipping.
Warning: /workspace/everyday_all_2/Plate_cc87e29afe238126e20e92c5b8147e4a_fractured_52_piece_0.obj,Plate_cc87e29afe238126e20e92c5b8147e4a_fractured_52_piece_1.obj is not a valid directory, skipping.
Warning: /workspace/everyday_all_2/Plate_cc87e29afe238126e20e92c5b8147e4a_fractured_77_piece_0.obj,Plate_cc87e29afe238126e20e92c5b8147e4a_fractured_77_piece_1.obj is not a valid directory, skipping.
Warning: /workspace/everyday_all_2/Plate_cc87e29afe238126e20e92c5b8147e4a_fractured_23_piece_0.obj,Plate_cc87e29afe238126e20e92c5b8147e4a_fractured_23_piece_1.obj is not a valid directory, skipping.
Warning: /workspace/everyday_all_2/Plate_cc87e29afe238126e20e92c5b8147e4a_fractured_43_piece_0.obj,Plate_cc87e29afe238126e20e92c5b8147e4a_fractured_43_piece_1.obj is not a valid directory, skipping.
Warning: /workspace/everyday_all_2/Plate_cc87e29afe238126e20e92c5b8147e4a_fractured_34_piece_0.obj,Plate_cc87e29afe238126e20e92c5b8147e4a_fractured_34_piece_1.obj is not a valid directory, skipping.
Warning: /workspace/everyday_all_2/Plate_cc87e29afe238126e20e92c5b8147e4a_fractured_74_piece_0.obj,Plate_cc87e29afe238126e20e92c5b8147e4a_fractured_74_piece_1.obj is not a valid directory, skipping.
Warning: /workspace/everyday_all_2/Plate_cc87e29afe238126e20e92c5b8147e4a_fractured_8_piece_0.obj,Plate_cc87e29afe238126e20e92c5b8147e4a_fractured_8_piece_1.obj is not a valid directory, skipping.
Warning: /workspace/everyday_all_2/Vase_3dfde41f48617120c7d17f1ea7477fc2_fractured_6_piece_0.obj,Vase_3dfde41f48617120c7d17f1ea7477fc2_fractured_6_piece_1.obj is not a valid directory, skipping.
Warning: /workspace/everyday_all_2/Vase_3dfde41f48617120c7d17f1ea7477fc2_fractured_52_piece_0.obj,Vase_3dfde41f48617120c7d17f1ea7477fc2_fractured_52_piece_1.obj is not a valid directory, skipping.
Warning: /workspace/everyday_all_2/Vase_3dfde41f48617120c7d17f1ea7477fc2_fractured_9_piece_0.obj,Vase_3dfde41f48617120c7d17f1ea7477fc2_fractured_9_piece_1.obj is not a valid directory, skipping.
Warning: /workspace/everyday_all_2/Vase_3dfde41f48617120c7d17f1ea7477fc2_fractured_58_piece_0.obj,Vase_3dfde41f48617120c7d17f1ea7477fc2_fractured_58_piece_1.obj is not a valid directory, skipping.
Warning: /workspace/everyday_all_2/Vase_3dfde41f48617120c7d17f1ea7477fc2_fractured_44_piece_0.obj,Vase_3dfde41f48617120c7d17f1ea7477fc2_fractured_44_piece_1.obj is not a valid directory, skipping.
Warning: /workspace/everyday_all_2/Vase_3dfde41f48617120c7d17f1ea7477fc2_fractured_40_piece_1.obj,Vase_3dfde41f48617120c7d17f1ea7477fc2_fractured_40_piece_0.obj is not a valid directory, skipping.
Warning: /workspace/everyday_all_2/Vase_3dfde41f48617120c7d17f1ea7477fc2_fractured_74_piece_0.obj,Vase_3dfde41f48617120c7d17f1ea7477fc2_fractured_74_piece_1.obj is not a valid directory, skipping.
Warning: /workspace/everyday_all_2/Vase_3dfde41f48617120c7d17f1ea7477fc2_fractured_24_piece_0.obj,Vase_3dfde41f48617120c7d17f1ea7477fc2_fractured_24_piece_1.obj is not a valid directory, skipping.
Warning: /workspace/everyday_all_2/Vase_3dfde41f48617120c7d17f1ea7477fc2_fractured_25_piece_0.obj,Vase_3dfde41f48617120c7d17f1ea7477fc2_fractured_25_piece_1.obj is not a valid directory, skipping.
Warning: /workspace/everyday_all_2/Vase_3dfde41f48617120c7d17f1ea7477fc2_fractured_26_piece_0.obj,Vase_3dfde41f48617120c7d17f1ea7477fc2_fractured_26_piece_1.obj is not a valid directory, skipping.
Warning: /workspace/everyday_all_2/Vase_3dfde41f48617120c7d17f1ea7477fc2_fractured_0_piece_0.obj,Vase_3dfde41f48617120c7d17f1ea7477fc2_fractured_0_piece_1.obj is not a valid directory, skipping.
Warning: /workspace/everyday_all_2/Vase_3dfde41f48617120c7d17f1ea7477fc2_fractured_64_piece_0.obj,Vase_3dfde41f48617120c7d17f1ea7477fc2_fractured_64_piece_1.obj is not a valid directory, skipping.
Warning: /workspace/everyday_all_2/Vase_3dfde41f48617120c7d17f1ea7477fc2_fractured_27_piece_0.obj,Vase_3dfde41f48617120c7d17f1ea7477fc2_fractured_27_piece_1.obj is not a valid directory, skipping.
Warning: /workspace/everyday_all_2/Vase_3dfde41f48617120c7d17f1ea7477fc2_fractured_36_piece_0.obj,Vase_3dfde41f48617120c7d17f1ea7477fc2_fractured_36_piece_1.obj is not a valid directory, skipping.
Warning: /workspace/everyday_all_2/Vase_3dfde41f48617120c7d17f1ea7477fc2_fractured_50_piece_0.obj,Vase_3dfde41f48617120c7d17f1ea7477fc2_fractured_50_piece_1.obj is not a valid directory, skipping.
Warning: /workspace/everyday_all_2/Vase_3dfde41f48617120c7d17f1ea7477fc2_fractured_10_piece_0.obj,Vase_3dfde41f48617120c7d17f1ea7477fc2_fractured_10_piece_1.obj is not a valid directory, skipping.
Warning: /workspace/everyday_all_2/Bowl_518833fb88d143ddee8f0f6d51f8e71b_fractured_16_piece_0.obj,Bowl_518833fb88d143ddee8f0f6d51f8e71b_fractured_16_piece_1.obj is not a valid directory, skipping.
Warning: /workspace/everyday_all_2/Bowl_518833fb88d143ddee8f0f6d51f8e71b_fractured_7_piece_0.obj,Bowl_518833fb88d143ddee8f0f6d51f8e71b_fractured_7_piece_1.obj is not a valid directory, skipping.
Warning: /workspace/everyday_all_2/Bowl_518833fb88d143ddee8f0f6d51f8e71b_fractured_73_piece_0.obj,Bowl_518833fb88d143ddee8f0f6d51f8e71b_fractured_73_piece_1.obj is not a valid directory, skipping.
Warning: /workspace/everyday_all_2/Bowl_518833fb88d143ddee8f0f6d51f8e71b_fractured_3_piece_0.obj,Bowl_518833fb88d143ddee8f0f6d51f8e71b_fractured_3_piece_1.obj is not a valid directory, skipping.
Warning: /workspace/everyday_all_2/Bowl_518833fb88d143ddee8f0f6d51f8e71b_fractured_55_piece_0.obj,Bowl_518833fb88d143ddee8f0f6d51f8e71b_fractured_55_piece_1.obj is not a valid directory, skipping.
Warning: /workspace/everyday_all_2/Bowl_518833fb88d143ddee8f0f6d51f8e71b_fractured_51_piece_0.obj,Bowl_518833fb88d143ddee8f0f6d51f8e71b_fractured_51_piece_1.obj is not a valid directory, skipping.
Warning: /workspace/everyday_all_2/Bowl_518833fb88d143ddee8f0f6d51f8e71b_fractured_27_piece_0.obj,Bowl_518833fb88d143ddee8f0f6d51f8e71b_fractured_27_piece_1.obj is not a valid directory, skipping.
Warning: /workspace/everyday_all_2/Bowl_518833fb88d143ddee8f0f6d51f8e71b_fractured_35_piece_0.obj,Bowl_518833fb88d143ddee8f0f6d51f8e71b_fractured_35_piece_1.obj is not a valid directory, skipping.
Warning: /workspace/everyday_all_2/Bowl_518833fb88d143ddee8f0f6d51f8e71b_fractured_32_piece_0.obj,Bowl_518833fb88d143ddee8f0f6d51f8e71b_fractured_32_piece_1.obj is not a valid directory, skipping.
Warning: /workspace/everyday_all_2/Bowl_518833fb88d143ddee8f0f6d51f8e71b_fractured_25_piece_0.obj,Bowl_518833fb88d143ddee8f0f6d51f8e71b_fractured_25_piece_1.obj is not a valid directory, skipping.
Warning: /workspace/everyday_all_2/Bowl_518833fb88d143ddee8f0f6d51f8e71b_fractured_5_piece_0.obj,Bowl_518833fb88d143ddee8f0f6d51f8e71b_fractured_5_piece_1.obj is not a valid directory, skipping.
Warning: /workspace/everyday_all_2/Bowl_518833fb88d143ddee8f0f6d51f8e71b_fractured_71_piece_0.obj,Bowl_518833fb88d143ddee8f0f6d51f8e71b_fractured_71_piece_1.obj is not a valid directory, skipping.
Warning: /workspace/everyday_all_2/Bowl_518833fb88d143ddee8f0f6d51f8e71b_fractured_45_piece_0.obj,Bowl_518833fb88d143ddee8f0f6d51f8e71b_fractured_45_piece_1.obj is not a valid directory, skipping.
Warning: /workspace/everyday_all_2/Bowl_518833fb88d143ddee8f0f6d51f8e71b_fractured_23_piece_0.obj,Bowl_518833fb88d143ddee8f0f6d51f8e71b_fractured_23_piece_1.obj is not a valid directory, skipping.
Warning: /workspace/everyday_all_2/Bowl_518833fb88d143ddee8f0f6d51f8e71b_fractured_10_piece_0.obj,Bowl_518833fb88d143ddee8f0f6d51f8e71b_fractured_10_piece_1.obj is not a valid directory, skipping.
Warning: /workspace/everyday_all_2/Bowl_518833fb88d143ddee8f0f6d51f8e71b_fractured_13_piece_0.obj,Bowl_518833fb88d143ddee8f0f6d51f8e71b_fractured_13_piece_1.obj is not a valid directory, skipping.
Warning: /workspace/everyday_all_2/ToyFigure_c316443737330629ff4bf5889ecc03a5_fractured_21_piece_0.obj,ToyFigure_c316443737330629ff4bf5889ecc03a5_fractured_21_piece_1.obj is not a valid directory, skipping.
Warning: /workspace/everyday_all_2/ToyFigure_c316443737330629ff4bf5889ecc03a5_fractured_28_piece_0.obj,ToyFigure_c316443737330629ff4bf5889ecc03a5_fractured_28_piece_1.obj is not a valid directory, skipping.
Warning: /workspace/everyday_all_2/ToyFigure_c316443737330629ff4bf5889ecc03a5_fractured_46_piece_0.obj,ToyFigure_c316443737330629ff4bf5889ecc03a5_fractured_46_piece_1.obj is not a valid directory, skipping.
Warning: /workspace/everyday_all_2/ToyFigure_c316443737330629ff4bf5889ecc03a5_fractured_62_piece_0.obj,ToyFigure_c316443737330629ff4bf5889ecc03a5_fractured_62_piece_1.obj is not a valid directory, skipping.
Warning: /workspace/everyday_all_2/ToyFigure_c316443737330629ff4bf5889ecc03a5_fractured_67_piece_0.obj,ToyFigure_c316443737330629ff4bf5889ecc03a5_fractured_67_piece_1.obj is not a valid directory, skipping.
Warning: /workspace/everyday_all_2/ToyFigure_c316443737330629ff4bf5889ecc03a5_fractured_66_piece_0.obj,ToyFigure_c316443737330629ff4bf5889ecc03a5_fractured_66_piece_1.obj is not a valid directory, skipping.
Warning: /workspace/everyday_all_2/ToyFigure_c316443737330629ff4bf5889ecc03a5_fractured_18_piece_0.obj,ToyFigure_c316443737330629ff4bf5889ecc03a5_fractured_18_piece_1.obj is not a valid directory, skipping.
Warning: /workspace/everyday_all_2/ToyFigure_c316443737330629ff4bf5889ecc03a5_fractured_72_piece_0.obj,ToyFigure_c316443737330629ff4bf5889ecc03a5_fractured_72_piece_1.obj is not a valid directory, skipping.
Warning: /workspace/everyday_all_2/ToyFigure_c316443737330629ff4bf5889ecc03a5_fractured_69_piece_0.obj,ToyFigure_c316443737330629ff4bf5889ecc03a5_fractured_69_piece_1.obj is not a valid directory, skipping.
Warning: /workspace/everyday_all_2/ToyFigure_c316443737330629ff4bf5889ecc03a5_fractured_30_piece_0.obj,ToyFigure_c316443737330629ff4bf5889ecc03a5_fractured_30_piece_1.obj is not a valid directory, skipping.
Warning: /workspace/everyday_all_2/ToyFigure_c316443737330629ff4bf5889ecc03a5_fractured_16_piece_0.obj,ToyFigure_c316443737330629ff4bf5889ecc03a5_fractured_16_piece_1.obj is not a valid directory, skipping.
Warning: /workspace/everyday_all_2/ToyFigure_c316443737330629ff4bf5889ecc03a5_fractured_32_piece_0.obj,ToyFigure_c316443737330629ff4bf5889ecc03a5_fractured_32_piece_1.obj is not a valid directory, skipping.
Warning: /workspace/everyday_all_2/ToyFigure_c316443737330629ff4bf5889ecc03a5_fractured_4_piece_0.obj,ToyFigure_c316443737330629ff4bf5889ecc03a5_fractured_4_piece_1.obj is not a valid directory, skipping.
Warning: /workspace/everyday_all_2/ToyFigure_c316443737330629ff4bf5889ecc03a5_fractured_26_piece_0.obj,ToyFigure_c316443737330629ff4bf5889ecc03a5_fractured_26_piece_1.obj is not a valid directory, skipping.
Warning: /workspace/everyday_all_2/ToyFigure_c316443737330629ff4bf5889ecc03a5_fractured_68_piece_0.obj,ToyFigure_c316443737330629ff4bf5889ecc03a5_fractured_68_piece_1.obj is not a valid directory, skipping.
Warning: /workspace/everyday_all_2/ToyFigure_c316443737330629ff4bf5889ecc03a5_fractured_37_piece_0.obj,ToyFigure_c316443737330629ff4bf5889ecc03a5_fractured_37_piece_1.obj is not a valid directory, skipping.
Warning: /workspace/everyday_all_2/ToyFigure_c316443737330629ff4bf5889ecc03a5_fractured_76_piece_0.obj,ToyFigure_c316443737330629ff4bf5889ecc03a5_fractured_76_piece_1.obj is not a valid directory, skipping.
Warning: /workspace/everyday_all_2/ToyFigure_c316443737330629ff4bf5889ecc03a5_fractured_10_piece_0.obj,ToyFigure_c316443737330629ff4bf5889ecc03a5_fractured_10_piece_1.obj is not a valid directory, skipping.
Warning: /workspace/everyday_all_2/ToyFigure_c316443737330629ff4bf5889ecc03a5_fractured_20_piece_0.obj,ToyFigure_c316443737330629ff4bf5889ecc03a5_fractured_20_piece_1.obj is not a valid directory, skipping.
Warning: /workspace/everyday_all_2/ToyFigure_c316443737330629ff4bf5889ecc03a5_fractured_64_piece_0.obj,ToyFigure_c316443737330629ff4bf5889ecc03a5_fractured_64_piece_1.obj is not a valid directory, skipping.
Warning: /workspace/everyday_all_2/ToyFigure_c316443737330629ff4bf5889ecc03a5_fractured_0_piece_0.obj,ToyFigure_c316443737330629ff4bf5889ecc03a5_fractured_0_piece_1.obj is not a valid directory, skipping.
Warning: /workspace/everyday_all_2/ToyFigure_c316443737330629ff4bf5889ecc03a5_fractured_57_piece_0.obj,ToyFigure_c316443737330629ff4bf5889ecc03a5_fractured_57_piece_1.obj is not a valid directory, skipping.
Warning: /workspace/everyday_all_2/ToyFigure_c316443737330629ff4bf5889ecc03a5_fractured_50_piece_0.obj,ToyFigure_c316443737330629ff4bf5889ecc03a5_fractured_50_piece_1.obj is not a valid directory, skipping.
Warning: /workspace/everyday_all_2/ToyFigure_c316443737330629ff4bf5889ecc03a5_fractured_31_piece_0.obj,ToyFigure_c316443737330629ff4bf5889ecc03a5_fractured_31_piece_1.obj is not a valid directory, skipping.
Warning: /workspace/everyday_all_2/ToyFigure_c316443737330629ff4bf5889ecc03a5_fractured_73_piece_0.obj,ToyFigure_c316443737330629ff4bf5889ecc03a5_fractured_73_piece_1.obj is not a valid directory, skipping.
Warning: /workspace/everyday_all_2/ToyFigure_c316443737330629ff4bf5889ecc03a5_fractured_2_piece_0.obj,ToyFigure_c316443737330629ff4bf5889ecc03a5_fractured_2_piece_1.obj is not a valid directory, skipping.
Warning: /workspace/everyday_all_2/ToyFigure_c316443737330629ff4bf5889ecc03a5_fractured_54_piece_0.obj,ToyFigure_c316443737330629ff4bf5889ecc03a5_fractured_54_piece_1.obj is not a valid directory, skipping.
Warning: /workspace/everyday_all_2/Plate_9_fractured_52_piece_0.obj,Plate_9_fractured_52_piece_1.obj is not a valid directory, skipping.
Warning: /workspace/everyday_all_2/Plate_9_fractured_30_piece_0.obj,Plate_9_fractured_30_piece_1.obj is not a valid directory, skipping.
Warning: /workspace/everyday_all_2/Plate_9_fractured_11_piece_0.obj,Plate_9_fractured_11_piece_1.obj is not a valid directory, skipping.
Warning: /workspace/everyday_all_2/Plate_9_fractured_76_piece_0.obj,Plate_9_fractured_76_piece_1.obj is not a valid directory, skipping.
Warning: /workspace/everyday_all_2/Plate_9_fractured_6_piece_0.obj,Plate_9_fractured_6_piece_1.obj is not a valid directory, skipping.
Warning: /workspace/everyday_all_2/Plate_9_fractured_65_piece_0.obj,Plate_9_fractured_65_piece_1.obj is not a valid directory, skipping.
Warning: /workspace/everyday_all_2/Plate_9_fractured_49_piece_0.obj,Plate_9_fractured_49_piece_1.obj is not a valid directory, skipping.
Warning: /workspace/everyday_all_2/Plate_9_fractured_5_piece_0.obj,Plate_9_fractured_5_piece_1.obj is not a valid directory, skipping.
Warning: /workspace/everyday_all_2/ToyFigure_84c2dd765877d5f553b4f77adb46c92a_fractured_25_piece_0.obj,ToyFigure_84c2dd765877d5f553b4f77adb46c92a_fractured_25_piece_1.obj is not a valid directory, skipping.
Warning: /workspace/everyday_all_2/ToyFigure_84c2dd765877d5f553b4f77adb46c92a_fractured_21_piece_0.obj,ToyFigure_84c2dd765877d5f553b4f77adb46c92a_fractured_21_piece_1.obj is not a valid directory, skipping.
Warning: /workspace/everyday_all_2/ToyFigure_84c2dd765877d5f553b4f77adb46c92a_fractured_65_piece_0.obj,ToyFigure_84c2dd765877d5f553b4f77adb46c92a_fractured_65_piece_1.obj is not a valid directory, skipping.
Warning: /workspace/everyday_all_2/ToyFigure_84c2dd765877d5f553b4f77adb46c92a_fractured_3_piece_0.obj,ToyFigure_84c2dd765877d5f553b4f77adb46c92a_fractured_3_piece_1.obj is not a valid directory, skipping.
Warning: /workspace/everyday_all_2/ToyFigure_84c2dd765877d5f553b4f77adb46c92a_fractured_59_piece_0.obj,ToyFigure_84c2dd765877d5f553b4f77adb46c92a_fractured_59_piece_1.obj is not a valid directory, skipping.
Warning: /workspace/everyday_all_2/ToyFigure_84c2dd765877d5f553b4f77adb46c92a_fractured_49_piece_0.obj,ToyFigure_84c2dd765877d5f553b4f77adb46c92a_fractured_49_piece_1.obj is not a valid directory, skipping.
Warning: /workspace/everyday_all_2/ToyFigure_84c2dd765877d5f553b4f77adb46c92a_fractured_16_piece_0.obj,ToyFigure_84c2dd765877d5f553b4f77adb46c92a_fractured_16_piece_1.obj is not a valid directory, skipping.
Warning: /workspace/everyday_all_2/ToyFigure_84c2dd765877d5f553b4f77adb46c92a_fractured_69_piece_0.obj,ToyFigure_84c2dd765877d5f553b4f77adb46c92a_fractured_69_piece_1.obj is not a valid directory, skipping.
Warning: /workspace/everyday_all_2/ToyFigure_84c2dd765877d5f553b4f77adb46c92a_fractured_70_piece_0.obj,ToyFigure_84c2dd765877d5f553b4f77adb46c92a_fractured_70_piece_1.obj is not a valid directory, skipping.
Warning: /workspace/everyday_all_2/ToyFigure_84c2dd765877d5f553b4f77adb46c92a_fractured_36_piece_0.obj,ToyFigure_84c2dd765877d5f553b4f77adb46c92a_fractured_36_piece_1.obj is not a valid directory, skipping.
Warning: /workspace/everyday_all_2/ToyFigure_84c2dd765877d5f553b4f77adb46c92a_fractured_72_piece_0.obj,ToyFigure_84c2dd765877d5f553b4f77adb46c92a_fractured_72_piece_1.obj is not a valid directory, skipping.
Warning: /workspace/everyday_all_2/ToyFigure_84c2dd765877d5f553b4f77adb46c92a_fractured_11_piece_0.obj,ToyFigure_84c2dd765877d5f553b4f77adb46c92a_fractured_11_piece_1.obj is not a valid directory, skipping.
Warning: /workspace/everyday_all_2/ToyFigure_84c2dd765877d5f553b4f77adb46c92a_fractured_76_piece_0.obj,ToyFigure_84c2dd765877d5f553b4f77adb46c92a_fractured_76_piece_1.obj is not a valid directory, skipping.
Warning: /workspace/everyday_all_2/ToyFigure_84c2dd765877d5f553b4f77adb46c92a_fractured_40_piece_0.obj,ToyFigure_84c2dd765877d5f553b4f77adb46c92a_fractured_40_piece_1.obj is not a valid directory, skipping.
Warning: /workspace/everyday_all_2/ToyFigure_84c2dd765877d5f553b4f77adb46c92a_fractured_55_piece_0.obj,ToyFigure_84c2dd765877d5f553b4f77adb46c92a_fractured_55_piece_1.obj is not a valid directory, skipping.
Warning: /workspace/everyday_all_2/ToyFigure_84c2dd765877d5f553b4f77adb46c92a_fractured_29_piece_0.obj,ToyFigure_84c2dd765877d5f553b4f77adb46c92a_fractured_29_piece_1.obj is not a valid directory, skipping.
Warning: /workspace/everyday_all_2/ToyFigure_84c2dd765877d5f553b4f77adb46c92a_fractured_18_piece_0.obj,ToyFigure_84c2dd765877d5f553b4f77adb46c92a_fractured_18_piece_1.obj is not a valid directory, skipping.
Warning: /workspace/everyday_all_2/ToyFigure_84c2dd765877d5f553b4f77adb46c92a_fractured_19_piece_0.obj,ToyFigure_84c2dd765877d5f553b4f77adb46c92a_fractured_19_piece_1.obj is not a valid directory, skipping.
Warning: /workspace/everyday_all_2/Mug_7223820f07fd6b55e453535335057818_fractured_48_piece_0.obj,Mug_7223820f07fd6b55e453535335057818_fractured_48_piece_1.obj is not a valid directory, skipping.
Warning: /workspace/everyday_all_2/Mug_7223820f07fd6b55e453535335057818_fractured_29_piece_0.obj,Mug_7223820f07fd6b55e453535335057818_fractured_29_piece_1.obj is not a valid directory, skipping.
Warning: /workspace/everyday_all_2/Mug_7223820f07fd6b55e453535335057818_fractured_69_piece_0.obj,Mug_7223820f07fd6b55e453535335057818_fractured_69_piece_1.obj is not a valid directory, skipping.
Warning: /workspace/everyday_all_2/Mug_7223820f07fd6b55e453535335057818_fractured_12_piece_0.obj,Mug_7223820f07fd6b55e453535335057818_fractured_12_piece_1.obj is not a valid directory, skipping.
Warning: /workspace/everyday_all_2/Mug_7223820f07fd6b55e453535335057818_fractured_5_piece_0.obj,Mug_7223820f07fd6b55e453535335057818_fractured_5_piece_1.obj is not a valid directory, skipping.
Warning: /workspace/everyday_all_2/Mug_7223820f07fd6b55e453535335057818_fractured_22_piece_0.obj,Mug_7223820f07fd6b55e453535335057818_fractured_22_piece_1.obj is not a valid directory, skipping.
Warning: /workspace/everyday_all_2/Mug_7223820f07fd6b55e453535335057818_fractured_67_piece_0.obj,Mug_7223820f07fd6b55e453535335057818_fractured_67_piece_1.obj is not a valid directory, skipping.
Warning: /workspace/everyday_all_2/Mug_7223820f07fd6b55e453535335057818_fractured_73_piece_0.obj,Mug_7223820f07fd6b55e453535335057818_fractured_73_piece_1.obj is not a valid directory, skipping.
Warning: /workspace/everyday_all_2/Mug_7223820f07fd6b55e453535335057818_fractured_61_piece_0.obj,Mug_7223820f07fd6b55e453535335057818_fractured_61_piece_1.obj is not a valid directory, skipping.
Warning: /workspace/everyday_all_2/Mug_7223820f07fd6b55e453535335057818_fractured_27_piece_0.obj,Mug_7223820f07fd6b55e453535335057818_fractured_27_piece_1.obj is not a valid directory, skipping.
Warning: /workspace/everyday_all_2/Mug_7223820f07fd6b55e453535335057818_fractured_51_piece_0.obj,Mug_7223820f07fd6b55e453535335057818_fractured_51_piece_1.obj is not a valid directory, skipping.
Warning: /workspace/everyday_all_2/Mug_7223820f07fd6b55e453535335057818_fractured_79_piece_0.obj,Mug_7223820f07fd6b55e453535335057818_fractured_79_piece_1.obj is not a valid directory, skipping.
Warning: /workspace/everyday_all_2/Mug_7223820f07fd6b55e453535335057818_fractured_25_piece_0.obj,Mug_7223820f07fd6b55e453535335057818_fractured_25_piece_1.obj is not a valid directory, skipping.
Warning: /workspace/everyday_all_2/Mug_7223820f07fd6b55e453535335057818_fractured_2_piece_0.obj,Mug_7223820f07fd6b55e453535335057818_fractured_2_piece_1.obj is not a valid directory, skipping.
Warning: /workspace/everyday_all_2/Mug_7223820f07fd6b55e453535335057818_fractured_75_piece_0.obj,Mug_7223820f07fd6b55e453535335057818_fractured_75_piece_1.obj is not a valid directory, skipping.
Warning: /workspace/everyday_all_2/Mug_7223820f07fd6b55e453535335057818_fractured_37_piece_0.obj,Mug_7223820f07fd6b55e453535335057818_fractured_37_piece_1.obj is not a valid directory, skipping.
Warning: /workspace/everyday_all_2/Mug_7223820f07fd6b55e453535335057818_fractured_42_piece_0.obj,Mug_7223820f07fd6b55e453535335057818_fractured_42_piece_1.obj is not a valid directory, skipping.
Warning: /workspace/everyday_all_2/Mug_7223820f07fd6b55e453535335057818_fractured_72_piece_0.obj,Mug_7223820f07fd6b55e453535335057818_fractured_72_piece_1.obj is not a valid directory, skipping.
Warning: /workspace/everyday_all_2/Mug_7223820f07fd6b55e453535335057818_fractured_38_piece_0.obj,Mug_7223820f07fd6b55e453535335057818_fractured_38_piece_1.obj is not a valid directory, skipping.
Warning: /workspace/everyday_all_2/Mug_7223820f07fd6b55e453535335057818_fractured_0_piece_0.obj,Mug_7223820f07fd6b55e453535335057818_fractured_0_piece_1.obj is not a valid directory, skipping.
Warning: /workspace/everyday_all_2/Mug_7223820f07fd6b55e453535335057818_fractured_15_piece_0.obj,Mug_7223820f07fd6b55e453535335057818_fractured_15_piece_1.obj is not a valid directory, skipping.
Warning: /workspace/everyday_all_2/WineGlass_ec742ff34906e5e890234001fde0a408_fractured_13_piece_0.obj,WineGlass_ec742ff34906e5e890234001fde0a408_fractured_13_piece_1.obj is not a valid directory, skipping.
Warning: /workspace/everyday_all_2/WineGlass_ec742ff34906e5e890234001fde0a408_fractured_5_piece_0.obj,WineGlass_ec742ff34906e5e890234001fde0a408_fractured_5_piece_1.obj is not a valid directory, skipping.
Warning: /workspace/everyday_all_2/WineGlass_ec742ff34906e5e890234001fde0a408_fractured_78_piece_0.obj,WineGlass_ec742ff34906e5e890234001fde0a408_fractured_78_piece_1.obj is not a valid directory, skipping.
Warning: /workspace/everyday_all_2/WineGlass_ec742ff34906e5e890234001fde0a408_fractured_75_piece_0.obj,WineGlass_ec742ff34906e5e890234001fde0a408_fractured_75_piece_1.obj is not a valid directory, skipping.
Warning: /workspace/everyday_all_2/WineBottle_5ad47181a9026fc728cc22dce7529b69_fractured_58_piece_0.obj,WineBottle_5ad47181a9026fc728cc22dce7529b69_fractured_58_piece_1.obj is not a valid directory, skipping.
Warning: /workspace/everyday_all_2/WineBottle_5ad47181a9026fc728cc22dce7529b69_fractured_52_piece_0.obj,WineBottle_5ad47181a9026fc728cc22dce7529b69_fractured_52_piece_1.obj is not a valid directory, skipping.
Warning: /workspace/everyday_all_2/Bottle_f331ad8d0e6654ef8f992b1fe7075c8f_fractured_35_piece_0.obj,Bottle_f331ad8d0e6654ef8f992b1fe7075c8f_fractured_35_piece_1.obj is not a valid directory, skipping.
Warning: /workspace/everyday_all_2/Bottle_f331ad8d0e6654ef8f992b1fe7075c8f_fractured_25_piece_0.obj,Bottle_f331ad8d0e6654ef8f992b1fe7075c8f_fractured_25_piece_1.obj is not a valid directory, skipping.
Warning: /workspace/everyday_all_2/Bottle_f331ad8d0e6654ef8f992b1fe7075c8f_fractured_1_piece_0.obj,Bottle_f331ad8d0e6654ef8f992b1fe7075c8f_fractured_1_piece_1.obj is not a valid directory, skipping.
Warning: /workspace/everyday_all_2/Bottle_f331ad8d0e6654ef8f992b1fe7075c8f_fractured_14_piece_0.obj,Bottle_f331ad8d0e6654ef8f992b1fe7075c8f_fractured_14_piece_1.obj is not a valid directory, skipping.
Warning: /workspace/everyday_all_2/Bottle_f331ad8d0e6654ef8f992b1fe7075c8f_fractured_45_piece_0.obj,Bottle_f331ad8d0e6654ef8f992b1fe7075c8f_fractured_45_piece_1.obj is not a valid directory, skipping.
Warning: /workspace/everyday_all_2/Bottle_f331ad8d0e6654ef8f992b1fe7075c8f_fractured_75_piece_0.obj,Bottle_f331ad8d0e6654ef8f992b1fe7075c8f_fractured_75_piece_1.obj is not a valid directory, skipping.
Warning: /workspace/everyday_all_2/Bottle_f331ad8d0e6654ef8f992b1fe7075c8f_fractured_67_piece_0.obj,Bottle_f331ad8d0e6654ef8f992b1fe7075c8f_fractured_67_piece_1.obj is not a valid directory, skipping.
Warning: /workspace/everyday_all_2/Bottle_f331ad8d0e6654ef8f992b1fe7075c8f_fractured_57_piece_0.obj,Bottle_f331ad8d0e6654ef8f992b1fe7075c8f_fractured_57_piece_1.obj is not a valid directory, skipping.
Warning: /workspace/everyday_all_2/Bottle_f331ad8d0e6654ef8f992b1fe7075c8f_fractured_20_piece_0.obj,Bottle_f331ad8d0e6654ef8f992b1fe7075c8f_fractured_20_piece_1.obj is not a valid directory, skipping.
Warning: /workspace/everyday_all_2/Bottle_defc45107217afb846564a8a219239b_mode_1_piece_0.obj,Bottle_defc45107217afb846564a8a219239b_mode_1_piece_1.obj is not a valid directory, skipping.
Warning: /workspace/everyday_all_2/Cup_2_fractured_16_piece_0.obj,Cup_2_fractured_16_piece_1.obj is not a valid directory, skipping.
Warning: /workspace/everyday_all_2/Cup_2_fractured_4_piece_0.obj,Cup_2_fractured_4_piece_1.obj is not a valid directory, skipping.
Warning: /workspace/everyday_all_2/Cup_2_fractured_56_piece_0.obj,Cup_2_fractured_56_piece_1.obj is not a valid directory, skipping.
Warning: /workspace/everyday_all_2/Cup_2_fractured_59_piece_0.obj,Cup_2_fractured_59_piece_1.obj is not a valid directory, skipping.
Warning: /workspace/everyday_all_2/Cup_2_fractured_54_piece_0.obj,Cup_2_fractured_54_piece_1.obj is not a valid directory, skipping.
Warning: /workspace/everyday_all_2/Cup_2_fractured_45_piece_0.obj,Cup_2_fractured_45_piece_1.obj is not a valid directory, skipping.
Warning: /workspace/everyday_all_2/Cup_2_fractured_63_piece_0.obj,Cup_2_fractured_63_piece_1.obj is not a valid directory, skipping.
Warning: /workspace/everyday_all_2/Cup_2_fractured_64_piece_0.obj,Cup_2_fractured_64_piece_1.obj is not a valid directory, skipping.
Warning: /workspace/everyday_all_2/Cup_2_fractured_21_piece_0.obj,Cup_2_fractured_21_piece_1.obj is not a valid directory, skipping.
Warning: /workspace/everyday_all_2/Cup_2_fractured_11_piece_0.obj,Cup_2_fractured_11_piece_1.obj is not a valid directory, skipping.
Warning: /workspace/everyday_all_2/Cup_2_fractured_20_piece_0.obj,Cup_2_fractured_20_piece_1.obj is not a valid directory, skipping.
Warning: /workspace/everyday_all_2/Vase_2fc5fff977ac930050b92125e5fcb8ac_fractured_55_piece_0.obj,Vase_2fc5fff977ac930050b92125e5fcb8ac_fractured_55_piece_1.obj is not a valid directory, skipping.
Warning: /workspace/everyday_all_2/Vase_2fc5fff977ac930050b92125e5fcb8ac_fractured_11_piece_0.obj,Vase_2fc5fff977ac930050b92125e5fcb8ac_fractured_11_piece_1.obj is not a valid directory, skipping.
Warning: /workspace/everyday_all_2/Vase_2fc5fff977ac930050b92125e5fcb8ac_fractured_40_piece_0.obj,Vase_2fc5fff977ac930050b92125e5fcb8ac_fractured_40_piece_1.obj is not a valid directory, skipping.
Warning: /workspace/everyday_all_2/Vase_2fc5fff977ac930050b92125e5fcb8ac_fractured_4_piece_0.obj,Vase_2fc5fff977ac930050b92125e5fcb8ac_fractured_4_piece_1.obj is not a valid directory, skipping.
Warning: /workspace/everyday_all_2/Vase_2fc5fff977ac930050b92125e5fcb8ac_fractured_15_piece_0.obj,Vase_2fc5fff977ac930050b92125e5fcb8ac_fractured_15_piece_1.obj is not a valid directory, skipping.
Warning: /workspace/everyday_all_2/Vase_2fc5fff977ac930050b92125e5fcb8ac_fractured_3_piece_0.obj,Vase_2fc5fff977ac930050b92125e5fcb8ac_fractured_3_piece_1.obj is not a valid directory, skipping.
Warning: /workspace/everyday_all_2/Vase_2fc5fff977ac930050b92125e5fcb8ac_fractured_43_piece_0.obj,Vase_2fc5fff977ac930050b92125e5fcb8ac_fractured_43_piece_1.obj is not a valid directory, skipping.
Warning: /workspace/everyday_all_2/Vase_2fc5fff977ac930050b92125e5fcb8ac_fractured_77_piece_0.obj,Vase_2fc5fff977ac930050b92125e5fcb8ac_fractured_77_piece_1.obj is not a valid directory, skipping.
Warning: /workspace/everyday_all_2/Vase_2fc5fff977ac930050b92125e5fcb8ac_fractured_19_piece_0.obj,Vase_2fc5fff977ac930050b92125e5fcb8ac_fractured_19_piece_1.obj is not a valid directory, skipping.
Warning: /workspace/everyday_all_2/Vase_2fc5fff977ac930050b92125e5fcb8ac_fractured_52_piece_0.obj,Vase_2fc5fff977ac930050b92125e5fcb8ac_fractured_52_piece_1.obj is not a valid directory, skipping.
Warning: /workspace/everyday_all_2/Vase_2fc5fff977ac930050b92125e5fcb8ac_fractured_35_piece_0.obj,Vase_2fc5fff977ac930050b92125e5fcb8ac_fractured_35_piece_1.obj is not a valid directory, skipping.
Warning: /workspace/everyday_all_2/Vase_2fc5fff977ac930050b92125e5fcb8ac_fractured_5_piece_0.obj,Vase_2fc5fff977ac930050b92125e5fcb8ac_fractured_5_piece_1.obj is not a valid directory, skipping.
Warning: /workspace/everyday_all_2/Vase_e54d94d05be8294235836c728d324152_fractured_18_piece_0.obj,Vase_e54d94d05be8294235836c728d324152_fractured_18_piece_1.obj is not a valid directory, skipping.
Warning: /workspace/everyday_all_2/Vase_e54d94d05be8294235836c728d324152_fractured_72_piece_0.obj,Vase_e54d94d05be8294235836c728d324152_fractured_72_piece_1.obj is not a valid directory, skipping.
Warning: /workspace/everyday_all_2/Vase_e54d94d05be8294235836c728d324152_fractured_25_piece_0.obj,Vase_e54d94d05be8294235836c728d324152_fractured_25_piece_1.obj is not a valid directory, skipping.
Warning: /workspace/everyday_all_2/Vase_e54d94d05be8294235836c728d324152_fractured_26_piece_0.obj,Vase_e54d94d05be8294235836c728d324152_fractured_26_piece_1.obj is not a valid directory, skipping.
Warning: /workspace/everyday_all_2/Vase_e54d94d05be8294235836c728d324152_fractured_70_piece_0.obj,Vase_e54d94d05be8294235836c728d324152_fractured_70_piece_1.obj is not a valid directory, skipping.
Warning: /workspace/everyday_all_2/Vase_e54d94d05be8294235836c728d324152_fractured_45_piece_0.obj,Vase_e54d94d05be8294235836c728d324152_fractured_45_piece_1.obj is not a valid directory, skipping.
Warning: /workspace/everyday_all_2/Cup_cd82398f7e6b64b08c9441777325d0fd_fractured_67_piece_0.obj,Cup_cd82398f7e6b64b08c9441777325d0fd_fractured_67_piece_1.obj is not a valid directory, skipping.
Warning: /workspace/everyday_all_2/Cup_cd82398f7e6b64b08c9441777325d0fd_fractured_38_piece_0.obj,Cup_cd82398f7e6b64b08c9441777325d0fd_fractured_38_piece_1.obj is not a valid directory, skipping.
Warning: /workspace/everyday_all_2/Cup_cd82398f7e6b64b08c9441777325d0fd_fractured_29_piece_0.obj,Cup_cd82398f7e6b64b08c9441777325d0fd_fractured_29_piece_1.obj is not a valid directory, skipping.
Warning: /workspace/everyday_all_2/Cup_cd82398f7e6b64b08c9441777325d0fd_fractured_2_piece_0.obj,Cup_cd82398f7e6b64b08c9441777325d0fd_fractured_2_piece_1.obj is not a valid directory, skipping.
Warning: /workspace/everyday_all_2/Cup_cd82398f7e6b64b08c9441777325d0fd_fractured_60_piece_0.obj,Cup_cd82398f7e6b64b08c9441777325d0fd_fractured_60_piece_1.obj is not a valid directory, skipping.
Warning: /workspace/everyday_all_2/Cup_cd82398f7e6b64b08c9441777325d0fd_fractured_44_piece_0.obj,Cup_cd82398f7e6b64b08c9441777325d0fd_fractured_44_piece_1.obj is not a valid directory, skipping.
Warning: /workspace/everyday_all_2/Cup_cd82398f7e6b64b08c9441777325d0fd_fractured_63_piece_0.obj,Cup_cd82398f7e6b64b08c9441777325d0fd_fractured_63_piece_1.obj is not a valid directory, skipping.
Warning: /workspace/everyday_all_2/Cup_cd82398f7e6b64b08c9441777325d0fd_fractured_3_piece_0.obj,Cup_cd82398f7e6b64b08c9441777325d0fd_fractured_3_piece_1.obj is not a valid directory, skipping.
Warning: /workspace/everyday_all_2/Cup_cd82398f7e6b64b08c9441777325d0fd_fractured_28_piece_0.obj,Cup_cd82398f7e6b64b08c9441777325d0fd_fractured_28_piece_1.obj is not a valid directory, skipping.
Warning: /workspace/everyday_all_2/Cup_cd82398f7e6b64b08c9441777325d0fd_fractured_26_piece_0.obj,Cup_cd82398f7e6b64b08c9441777325d0fd_fractured_26_piece_1.obj is not a valid directory, skipping.
Warning: /workspace/everyday_all_2/Cup_cd82398f7e6b64b08c9441777325d0fd_fractured_13_piece_0.obj,Cup_cd82398f7e6b64b08c9441777325d0fd_fractured_13_piece_1.obj is not a valid directory, skipping.
Warning: /workspace/everyday_all_2/Teapot_c7a70db33a8c900dab5b523beb03efcd_fractured_32_piece_0.obj,Teapot_c7a70db33a8c900dab5b523beb03efcd_fractured_32_piece_1.obj is not a valid directory, skipping.
Warning: /workspace/everyday_all_2/Teapot_c7a70db33a8c900dab5b523beb03efcd_fractured_60_piece_0.obj,Teapot_c7a70db33a8c900dab5b523beb03efcd_fractured_60_piece_1.obj is not a valid directory, skipping.
Warning: /workspace/everyday_all_2/Teapot_c7a70db33a8c900dab5b523beb03efcd_fractured_51_piece_0.obj,Teapot_c7a70db33a8c900dab5b523beb03efcd_fractured_51_piece_1.obj is not a valid directory, skipping.
Warning: /workspace/everyday_all_2/Teapot_c7a70db33a8c900dab5b523beb03efcd_fractured_27_piece_0.obj,Teapot_c7a70db33a8c900dab5b523beb03efcd_fractured_27_piece_1.obj is not a valid directory, skipping.
Warning: /workspace/everyday_all_2/Teapot_c7a70db33a8c900dab5b523beb03efcd_fractured_61_piece_0.obj,Teapot_c7a70db33a8c900dab5b523beb03efcd_fractured_61_piece_1.obj is not a valid directory, skipping.
Warning: /workspace/everyday_all_2/Teapot_c7a70db33a8c900dab5b523beb03efcd_fractured_28_piece_0.obj,Teapot_c7a70db33a8c900dab5b523beb03efcd_fractured_28_piece_1.obj is not a valid directory, skipping.
Warning: /workspace/everyday_all_2/Teapot_c7a70db33a8c900dab5b523beb03efcd_fractured_43_piece_0.obj,Teapot_c7a70db33a8c900dab5b523beb03efcd_fractured_43_piece_1.obj is not a valid directory, skipping.
Warning: /workspace/everyday_all_2/Teapot_c7a70db33a8c900dab5b523beb03efcd_fractured_13_piece_0.obj,Teapot_c7a70db33a8c900dab5b523beb03efcd_fractured_13_piece_1.obj is not a valid directory, skipping.
Warning: /workspace/everyday_all_2/Teapot_c7a70db33a8c900dab5b523beb03efcd_fractured_38_piece_0.obj,Teapot_c7a70db33a8c900dab5b523beb03efcd_fractured_38_piece_1.obj is not a valid directory, skipping.
Warning: /workspace/everyday_all_2/Teapot_c7a70db33a8c900dab5b523beb03efcd_fractured_49_piece_0.obj,Teapot_c7a70db33a8c900dab5b523beb03efcd_fractured_49_piece_1.obj is not a valid directory, skipping.
Warning: /workspace/everyday_all_2/Teapot_c7a70db33a8c900dab5b523beb03efcd_fractured_62_piece_0.obj,Teapot_c7a70db33a8c900dab5b523beb03efcd_fractured_62_piece_1.obj is not a valid directory, skipping.
Warning: /workspace/everyday_all_2/Teapot_c7a70db33a8c900dab5b523beb03efcd_fractured_63_piece_0.obj,Teapot_c7a70db33a8c900dab5b523beb03efcd_fractured_63_piece_1.obj is not a valid directory, skipping.
Warning: /workspace/everyday_all_2/Teapot_c7a70db33a8c900dab5b523beb03efcd_fractured_46_piece_0.obj,Teapot_c7a70db33a8c900dab5b523beb03efcd_fractured_46_piece_1.obj is not a valid directory, skipping.
Warning: /workspace/everyday_all_2/Teapot_c7a70db33a8c900dab5b523beb03efcd_fractured_35_piece_0.obj,Teapot_c7a70db33a8c900dab5b523beb03efcd_fractured_35_piece_1.obj is not a valid directory, skipping.
Warning: /workspace/everyday_all_2/Teapot_c7a70db33a8c900dab5b523beb03efcd_fractured_17_piece_0.obj,Teapot_c7a70db33a8c900dab5b523beb03efcd_fractured_17_piece_1.obj is not a valid directory, skipping.
Warning: /workspace/everyday_all_2/Teapot_c7a70db33a8c900dab5b523beb03efcd_fractured_15_piece_0.obj,Teapot_c7a70db33a8c900dab5b523beb03efcd_fractured_15_piece_1.obj is not a valid directory, skipping.
Warning: /workspace/everyday_all_2/Teapot_c7a70db33a8c900dab5b523beb03efcd_fractured_26_piece_0.obj,Teapot_c7a70db33a8c900dab5b523beb03efcd_fractured_26_piece_1.obj is not a valid directory, skipping.
Warning: /workspace/everyday_all_2/Teapot_c7a70db33a8c900dab5b523beb03efcd_fractured_78_piece_0.obj,Teapot_c7a70db33a8c900dab5b523beb03efcd_fractured_78_piece_1.obj is not a valid directory, skipping.
Warning: /workspace/everyday_all_2/Teapot_c7a70db33a8c900dab5b523beb03efcd_fractured_23_piece_0.obj,Teapot_c7a70db33a8c900dab5b523beb03efcd_fractured_23_piece_1.obj is not a valid directory, skipping.
Warning: /workspace/everyday_all_2/Teapot_c7a70db33a8c900dab5b523beb03efcd_fractured_72_piece_0.obj,Teapot_c7a70db33a8c900dab5b523beb03efcd_fractured_72_piece_1.obj is not a valid directory, skipping.
Warning: /workspace/everyday_all_2/Teapot_c7a70db33a8c900dab5b523beb03efcd_fractured_7_piece_0.obj,Teapot_c7a70db33a8c900dab5b523beb03efcd_fractured_7_piece_1.obj is not a valid directory, skipping.
Warning: /workspace/everyday_all_2/Teapot_c7a70db33a8c900dab5b523beb03efcd_fractured_65_piece_0.obj,Teapot_c7a70db33a8c900dab5b523beb03efcd_fractured_65_piece_1.obj is not a valid directory, skipping.
Warning: /workspace/everyday_all_2/Teapot_c7a70db33a8c900dab5b523beb03efcd_fractured_73_piece_0.obj,Teapot_c7a70db33a8c900dab5b523beb03efcd_fractured_73_piece_1.obj is not a valid directory, skipping.
Warning: /workspace/everyday_all_2/Teapot_c7a70db33a8c900dab5b523beb03efcd_fractured_69_piece_0.obj,Teapot_c7a70db33a8c900dab5b523beb03efcd_fractured_69_piece_1.obj is not a valid directory, skipping.
Warning: /workspace/everyday_all_2/Teapot_c7a70db33a8c900dab5b523beb03efcd_fractured_75_piece_0.obj,Teapot_c7a70db33a8c900dab5b523beb03efcd_fractured_75_piece_1.obj is not a valid directory, skipping.
Warning: /workspace/everyday_all_2/Teapot_c7a70db33a8c900dab5b523beb03efcd_fractured_30_piece_0.obj,Teapot_c7a70db33a8c900dab5b523beb03efcd_fractured_30_piece_1.obj is not a valid directory, skipping.
Warning: /workspace/everyday_all_2/Teapot_c7a70db33a8c900dab5b523beb03efcd_fractured_37_piece_0.obj,Teapot_c7a70db33a8c900dab5b523beb03efcd_fractured_37_piece_1.obj is not a valid directory, skipping.
Warning: /workspace/everyday_all_2/Teapot_c7a70db33a8c900dab5b523beb03efcd_fractured_67_piece_0.obj,Teapot_c7a70db33a8c900dab5b523beb03efcd_fractured_67_piece_1.obj is not a valid directory, skipping.
Warning: /workspace/everyday_all_2/Teapot_c7a70db33a8c900dab5b523beb03efcd_fractured_14_piece_0.obj,Teapot_c7a70db33a8c900dab5b523beb03efcd_fractured_14_piece_1.obj is not a valid directory, skipping.
Warning: /workspace/everyday_all_2/Bottle_6642f712146b65d959aed18156aac466_mode_1_piece_0.obj,Bottle_6642f712146b65d959aed18156aac466_mode_1_piece_1.obj is not a valid directory, skipping.
Warning: /workspace/everyday_all_2/Mug_4_fractured_14_piece_0.obj,Mug_4_fractured_14_piece_1.obj is not a valid directory, skipping.
Warning: /workspace/everyday_all_2/Mug_4_fractured_35_piece_0.obj,Mug_4_fractured_35_piece_1.obj is not a valid directory, skipping.
Warning: /workspace/everyday_all_2/Mug_4_fractured_67_piece_0.obj,Mug_4_fractured_67_piece_1.obj is not a valid directory, skipping.
Warning: /workspace/everyday_all_2/Mug_4_fractured_10_piece_0.obj,Mug_4_fractured_10_piece_1.obj is not a valid directory, skipping.
Warning: /workspace/everyday_all_2/Mug_4_fractured_36_piece_0.obj,Mug_4_fractured_36_piece_1.obj is not a valid directory, skipping.
Warning: /workspace/everyday_all_2/Mug_4_fractured_13_piece_0.obj,Mug_4_fractured_13_piece_1.obj is not a valid directory, skipping.
Warning: /workspace/everyday_all_2/Mug_4_fractured_70_piece_0.obj,Mug_4_fractured_70_piece_1.obj is not a valid directory, skipping.
Warning: /workspace/everyday_all_2/Mug_4_fractured_0_piece_0.obj,Mug_4_fractured_0_piece_1.obj is not a valid directory, skipping.
Warning: /workspace/everyday_all_2/Mug_4_fractured_55_piece_0.obj,Mug_4_fractured_55_piece_1.obj is not a valid directory, skipping.
Warning: /workspace/everyday_all_2/Mug_4_fractured_69_piece_0.obj,Mug_4_fractured_69_piece_1.obj is not a valid directory, skipping.
Warning: /workspace/everyday_all_2/Mug_4_fractured_6_piece_0.obj,Mug_4_fractured_6_piece_1.obj is not a valid directory, skipping.
Warning: /workspace/everyday_all_2/Mug_4_fractured_61_piece_0.obj,Mug_4_fractured_61_piece_1.obj is not a valid directory, skipping.
Warning: /workspace/everyday_all_2/Plate_14_fractured_9_piece_1.obj,Plate_14_fractured_9_piece_0.obj is not a valid directory, skipping.
Warning: /workspace/everyday_all_2/Plate_14_fractured_34_piece_0.obj,Plate_14_fractured_34_piece_1.obj is not a valid directory, skipping.
Warning: /workspace/everyday_all_2/Plate_14_fractured_53_piece_0.obj,Plate_14_fractured_53_piece_1.obj is not a valid directory, skipping.
Warning: /workspace/everyday_all_2/Plate_14_fractured_52_piece_0.obj,Plate_14_fractured_52_piece_1.obj is not a valid directory, skipping.
Warning: /workspace/everyday_all_2/Plate_14_fractured_14_piece_0.obj,Plate_14_fractured_14_piece_1.obj is not a valid directory, skipping.
Warning: /workspace/everyday_all_2/Plate_14_fractured_48_piece_1.obj,Plate_14_fractured_48_piece_0.obj is not a valid directory, skipping.
Warning: /workspace/everyday_all_2/Plate_14_fractured_79_piece_1.obj,Plate_14_fractured_79_piece_0.obj is not a valid directory, skipping.
Warning: /workspace/everyday_all_2/Plate_14_fractured_38_piece_1.obj,Plate_14_fractured_38_piece_0.obj is not a valid directory, skipping.
Warning: /workspace/everyday_all_2/Bowl_ecb86f63e92e346a25c70fb1df3f879b_fractured_21_piece_0.obj,Bowl_ecb86f63e92e346a25c70fb1df3f879b_fractured_21_piece_1.obj is not a valid directory, skipping.
Warning: /workspace/everyday_all_2/Bowl_ecb86f63e92e346a25c70fb1df3f879b_fractured_73_piece_0.obj,Bowl_ecb86f63e92e346a25c70fb1df3f879b_fractured_73_piece_1.obj is not a valid directory, skipping.
Warning: /workspace/everyday_all_2/Bowl_ecb86f63e92e346a25c70fb1df3f879b_fractured_8_piece_0.obj,Bowl_ecb86f63e92e346a25c70fb1df3f879b_fractured_8_piece_1.obj is not a valid directory, skipping.
Warning: /workspace/everyday_all_2/Bowl_ecb86f63e92e346a25c70fb1df3f879b_fractured_43_piece_0.obj,Bowl_ecb86f63e92e346a25c70fb1df3f879b_fractured_43_piece_1.obj is not a valid directory, skipping.
Warning: /workspace/everyday_all_2/Bowl_ecb86f63e92e346a25c70fb1df3f879b_fractured_56_piece_0.obj,Bowl_ecb86f63e92e346a25c70fb1df3f879b_fractured_56_piece_1.obj is not a valid directory, skipping.
Warning: /workspace/everyday_all_2/Bowl_ecb86f63e92e346a25c70fb1df3f879b_fractured_52_piece_0.obj,Bowl_ecb86f63e92e346a25c70fb1df3f879b_fractured_52_piece_1.obj is not a valid directory, skipping.
Warning: /workspace/everyday_all_2/ToyFigure_afc6565a63ab5897e6597d3a0393435c_fractured_19_piece_0.obj,ToyFigure_afc6565a63ab5897e6597d3a0393435c_fractured_19_piece_1.obj is not a valid directory, skipping.
Warning: /workspace/everyday_all_2/ToyFigure_afc6565a63ab5897e6597d3a0393435c_fractured_65_piece_0.obj,ToyFigure_afc6565a63ab5897e6597d3a0393435c_fractured_65_piece_1.obj is not a valid directory, skipping.
Warning: /workspace/everyday_all_2/ToyFigure_afc6565a63ab5897e6597d3a0393435c_fractured_36_piece_0.obj,ToyFigure_afc6565a63ab5897e6597d3a0393435c_fractured_36_piece_1.obj is not a valid directory, skipping.
Warning: /workspace/everyday_all_2/ToyFigure_afc6565a63ab5897e6597d3a0393435c_fractured_26_piece_0.obj,ToyFigure_afc6565a63ab5897e6597d3a0393435c_fractured_26_piece_1.obj is not a valid directory, skipping.
Warning: /workspace/everyday_all_2/ToyFigure_afc6565a63ab5897e6597d3a0393435c_fractured_13_piece_0.obj,ToyFigure_afc6565a63ab5897e6597d3a0393435c_fractured_13_piece_1.obj is not a valid directory, skipping.
Warning: /workspace/everyday_all_2/ToyFigure_afc6565a63ab5897e6597d3a0393435c_fractured_35_piece_0.obj,ToyFigure_afc6565a63ab5897e6597d3a0393435c_fractured_35_piece_1.obj is not a valid directory, skipping.
Warning: /workspace/everyday_all_2/ToyFigure_afc6565a63ab5897e6597d3a0393435c_fractured_34_piece_0.obj,ToyFigure_afc6565a63ab5897e6597d3a0393435c_fractured_34_piece_1.obj is not a valid directory, skipping.
Warning: /workspace/everyday_all_2/ToyFigure_afc6565a63ab5897e6597d3a0393435c_fractured_37_piece_0.obj,ToyFigure_afc6565a63ab5897e6597d3a0393435c_fractured_37_piece_1.obj is not a valid directory, skipping.
Warning: /workspace/everyday_all_2/ToyFigure_afc6565a63ab5897e6597d3a0393435c_fractured_10_piece_0.obj,ToyFigure_afc6565a63ab5897e6597d3a0393435c_fractured_10_piece_1.obj is not a valid directory, skipping.
Warning: /workspace/everyday_all_2/ToyFigure_afc6565a63ab5897e6597d3a0393435c_fractured_11_piece_0.obj,ToyFigure_afc6565a63ab5897e6597d3a0393435c_fractured_11_piece_1.obj is not a valid directory, skipping.
Warning: /workspace/everyday_all_2/ToyFigure_afc6565a63ab5897e6597d3a0393435c_fractured_22_piece_0.obj,ToyFigure_afc6565a63ab5897e6597d3a0393435c_fractured_22_piece_1.obj is not a valid directory, skipping.
Warning: /workspace/everyday_all_2/Plate_11_fractured_27_piece_0.obj,Plate_11_fractured_27_piece_1.obj is not a valid directory, skipping.
Warning: /workspace/everyday_all_2/Plate_11_fractured_39_piece_0.obj,Plate_11_fractured_39_piece_1.obj is not a valid directory, skipping.
Warning: /workspace/everyday_all_2/Plate_11_fractured_45_piece_0.obj,Plate_11_fractured_45_piece_1.obj is not a valid directory, skipping.
Warning: /workspace/everyday_all_2/Plate_11_fractured_13_piece_0.obj,Plate_11_fractured_13_piece_1.obj is not a valid directory, skipping.
Warning: /workspace/everyday_all_2/Plate_11_fractured_28_piece_0.obj,Plate_11_fractured_28_piece_1.obj is not a valid directory, skipping.
Warning: /workspace/everyday_all_2/Plate_11_fractured_77_piece_0.obj,Plate_11_fractured_77_piece_1.obj is not a valid directory, skipping.
Warning: /workspace/everyday_all_2/Plate_11_fractured_34_piece_0.obj,Plate_11_fractured_34_piece_1.obj is not a valid directory, skipping.
Warning: /workspace/everyday_all_2/Plate_11_fractured_26_piece_0.obj,Plate_11_fractured_26_piece_1.obj is not a valid directory, skipping.
Warning: /workspace/everyday_all_2/Plate_11_fractured_69_piece_0.obj,Plate_11_fractured_69_piece_1.obj is not a valid directory, skipping.
Warning: /workspace/everyday_all_2/Plate_11_fractured_58_piece_0.obj,Plate_11_fractured_58_piece_1.obj is not a valid directory, skipping.
Warning: /workspace/everyday_all_2/Plate_11_fractured_8_piece_0.obj,Plate_11_fractured_8_piece_1.obj is not a valid directory, skipping.
Warning: /workspace/everyday_all_2/Vase_56a6f9bab3aef1b88a649b7864cb0854_fractured_55_piece_0.obj,Vase_56a6f9bab3aef1b88a649b7864cb0854_fractured_55_piece_1.obj is not a valid directory, skipping.
Warning: /workspace/everyday_all_2/Vase_56a6f9bab3aef1b88a649b7864cb0854_fractured_42_piece_0.obj,Vase_56a6f9bab3aef1b88a649b7864cb0854_fractured_42_piece_1.obj is not a valid directory, skipping.
Warning: /workspace/everyday_all_2/Vase_56a6f9bab3aef1b88a649b7864cb0854_fractured_45_piece_0.obj,Vase_56a6f9bab3aef1b88a649b7864cb0854_fractured_45_piece_1.obj is not a valid directory, skipping.
Warning: /workspace/everyday_all_2/Vase_56a6f9bab3aef1b88a649b7864cb0854_fractured_4_piece_0.obj,Vase_56a6f9bab3aef1b88a649b7864cb0854_fractured_4_piece_1.obj is not a valid directory, skipping.
Warning: /workspace/everyday_all_2/Vase_56a6f9bab3aef1b88a649b7864cb0854_fractured_37_piece_0.obj,Vase_56a6f9bab3aef1b88a649b7864cb0854_fractured_37_piece_1.obj is not a valid directory, skipping.
Warning: /workspace/everyday_all_2/Vase_56a6f9bab3aef1b88a649b7864cb0854_fractured_75_piece_0.obj,Vase_56a6f9bab3aef1b88a649b7864cb0854_fractured_75_piece_1.obj is not a valid directory, skipping.
Warning: /workspace/everyday_all_2/Vase_56a6f9bab3aef1b88a649b7864cb0854_fractured_5_piece_0.obj,Vase_56a6f9bab3aef1b88a649b7864cb0854_fractured_5_piece_1.obj is not a valid directory, skipping.
Warning: /workspace/everyday_all_2/Vase_56a6f9bab3aef1b88a649b7864cb0854_fractured_78_piece_0.obj,Vase_56a6f9bab3aef1b88a649b7864cb0854_fractured_78_piece_1.obj is not a valid directory, skipping.
Warning: /workspace/everyday_all_2/Vase_56a6f9bab3aef1b88a649b7864cb0854_fractured_56_piece_0.obj,Vase_56a6f9bab3aef1b88a649b7864cb0854_fractured_56_piece_1.obj is not a valid directory, skipping.
Warning: /workspace/everyday_all_2/Vase_56a6f9bab3aef1b88a649b7864cb0854_fractured_54_piece_0.obj,Vase_56a6f9bab3aef1b88a649b7864cb0854_fractured_54_piece_1.obj is not a valid directory, skipping.
Warning: /workspace/everyday_all_2/ToyFigure_9228911f4728e71e311588cd2f5b5b60_fractured_40_piece_0.obj,ToyFigure_9228911f4728e71e311588cd2f5b5b60_fractured_40_piece_1.obj is not a valid directory, skipping.
Warning: /workspace/everyday_all_2/ToyFigure_9228911f4728e71e311588cd2f5b5b60_fractured_8_piece_0.obj,ToyFigure_9228911f4728e71e311588cd2f5b5b60_fractured_8_piece_1.obj is not a valid directory, skipping.
Warning: /workspace/everyday_all_2/ToyFigure_9228911f4728e71e311588cd2f5b5b60_fractured_67_piece_0.obj,ToyFigure_9228911f4728e71e311588cd2f5b5b60_fractured_67_piece_1.obj is not a valid directory, skipping.
Warning: /workspace/everyday_all_2/ToyFigure_9228911f4728e71e311588cd2f5b5b60_fractured_15_piece_0.obj,ToyFigure_9228911f4728e71e311588cd2f5b5b60_fractured_15_piece_1.obj is not a valid directory, skipping.
Warning: /workspace/everyday_all_2/ToyFigure_9228911f4728e71e311588cd2f5b5b60_fractured_43_piece_0.obj,ToyFigure_9228911f4728e71e311588cd2f5b5b60_fractured_43_piece_1.obj is not a valid directory, skipping.
Warning: /workspace/everyday_all_2/ToyFigure_9228911f4728e71e311588cd2f5b5b60_fractured_41_piece_0.obj,ToyFigure_9228911f4728e71e311588cd2f5b5b60_fractured_41_piece_1.obj is not a valid directory, skipping.
Warning: /workspace/everyday_all_2/ToyFigure_9228911f4728e71e311588cd2f5b5b60_fractured_59_piece_0.obj,ToyFigure_9228911f4728e71e311588cd2f5b5b60_fractured_59_piece_1.obj is not a valid directory, skipping.
Warning: /workspace/everyday_all_2/ToyFigure_9228911f4728e71e311588cd2f5b5b60_fractured_74_piece_0.obj,ToyFigure_9228911f4728e71e311588cd2f5b5b60_fractured_74_piece_1.obj is not a valid directory, skipping.
Warning: /workspace/everyday_all_2/ToyFigure_9228911f4728e71e311588cd2f5b5b60_fractured_34_piece_0.obj,ToyFigure_9228911f4728e71e311588cd2f5b5b60_fractured_34_piece_1.obj is not a valid directory, skipping.
Warning: /workspace/everyday_all_2/ToyFigure_9228911f4728e71e311588cd2f5b5b60_fractured_25_piece_0.obj,ToyFigure_9228911f4728e71e311588cd2f5b5b60_fractured_25_piece_1.obj is not a valid directory, skipping.
Warning: /workspace/everyday_all_2/ToyFigure_9228911f4728e71e311588cd2f5b5b60_fractured_62_piece_0.obj,ToyFigure_9228911f4728e71e311588cd2f5b5b60_fractured_62_piece_1.obj is not a valid directory, skipping.
Warning: /workspace/everyday_all_2/ToyFigure_9228911f4728e71e311588cd2f5b5b60_fractured_49_piece_0.obj,ToyFigure_9228911f4728e71e311588cd2f5b5b60_fractured_49_piece_1.obj is not a valid directory, skipping.
Warning: /workspace/everyday_all_2/ToyFigure_9228911f4728e71e311588cd2f5b5b60_fractured_6_piece_0.obj,ToyFigure_9228911f4728e71e311588cd2f5b5b60_fractured_6_piece_1.obj is not a valid directory, skipping.
Warning: /workspace/everyday_all_2/ToyFigure_9228911f4728e71e311588cd2f5b5b60_fractured_16_piece_0.obj,ToyFigure_9228911f4728e71e311588cd2f5b5b60_fractured_16_piece_1.obj is not a valid directory, skipping.
Warning: /workspace/everyday_all_2/ToyFigure_9228911f4728e71e311588cd2f5b5b60_fractured_13_piece_0.obj,ToyFigure_9228911f4728e71e311588cd2f5b5b60_fractured_13_piece_1.obj is not a valid directory, skipping.
Warning: /workspace/everyday_all_2/ToyFigure_9228911f4728e71e311588cd2f5b5b60_fractured_68_piece_0.obj,ToyFigure_9228911f4728e71e311588cd2f5b5b60_fractured_68_piece_1.obj is not a valid directory, skipping.
Warning: /workspace/everyday_all_2/ToyFigure_9228911f4728e71e311588cd2f5b5b60_fractured_35_piece_0.obj,ToyFigure_9228911f4728e71e311588cd2f5b5b60_fractured_35_piece_1.obj is not a valid directory, skipping.
Warning: /workspace/everyday_all_2/ToyFigure_9228911f4728e71e311588cd2f5b5b60_fractured_50_piece_0.obj,ToyFigure_9228911f4728e71e311588cd2f5b5b60_fractured_50_piece_1.obj is not a valid directory, skipping.
Warning: /workspace/everyday_all_2/ToyFigure_9228911f4728e71e311588cd2f5b5b60_fractured_31_piece_0.obj,ToyFigure_9228911f4728e71e311588cd2f5b5b60_fractured_31_piece_1.obj is not a valid directory, skipping.
Warning: /workspace/everyday_all_2/ToyFigure_9228911f4728e71e311588cd2f5b5b60_fractured_48_piece_0.obj,ToyFigure_9228911f4728e71e311588cd2f5b5b60_fractured_48_piece_1.obj is not a valid directory, skipping.
Warning: /workspace/everyday_all_2/ToyFigure_9228911f4728e71e311588cd2f5b5b60_fractured_18_piece_0.obj,ToyFigure_9228911f4728e71e311588cd2f5b5b60_fractured_18_piece_1.obj is not a valid directory, skipping.
Warning: /workspace/everyday_all_2/ToyFigure_9228911f4728e71e311588cd2f5b5b60_fractured_72_piece_0.obj,ToyFigure_9228911f4728e71e311588cd2f5b5b60_fractured_72_piece_1.obj is not a valid directory, skipping.
Warning: /workspace/everyday_all_2/ToyFigure_9228911f4728e71e311588cd2f5b5b60_fractured_38_piece_0.obj,ToyFigure_9228911f4728e71e311588cd2f5b5b60_fractured_38_piece_1.obj is not a valid directory, skipping.
Warning: /workspace/everyday_all_2/ToyFigure_9228911f4728e71e311588cd2f5b5b60_fractured_57_piece_0.obj,ToyFigure_9228911f4728e71e311588cd2f5b5b60_fractured_57_piece_1.obj is not a valid directory, skipping.
Warning: /workspace/everyday_all_2/Mug_d309d5f8038df4121198791a5b8655c_fractured_29_piece_0.obj,Mug_d309d5f8038df4121198791a5b8655c_fractured_29_piece_1.obj is not a valid directory, skipping.
Warning: /workspace/everyday_all_2/Mug_d309d5f8038df4121198791a5b8655c_fractured_44_piece_0.obj,Mug_d309d5f8038df4121198791a5b8655c_fractured_44_piece_1.obj is not a valid directory, skipping.
Warning: /workspace/everyday_all_2/Mug_d309d5f8038df4121198791a5b8655c_fractured_0_piece_0.obj,Mug_d309d5f8038df4121198791a5b8655c_fractured_0_piece_1.obj is not a valid directory, skipping.
Warning: /workspace/everyday_all_2/Mug_d309d5f8038df4121198791a5b8655c_fractured_51_piece_0.obj,Mug_d309d5f8038df4121198791a5b8655c_fractured_51_piece_1.obj is not a valid directory, skipping.
Warning: /workspace/everyday_all_2/Mug_d309d5f8038df4121198791a5b8655c_fractured_4_piece_0.obj,Mug_d309d5f8038df4121198791a5b8655c_fractured_4_piece_1.obj is not a valid directory, skipping.
Warning: /workspace/everyday_all_2/Mug_d309d5f8038df4121198791a5b8655c_fractured_54_piece_0.obj,Mug_d309d5f8038df4121198791a5b8655c_fractured_54_piece_1.obj is not a valid directory, skipping.
Warning: /workspace/everyday_all_2/Mug_d309d5f8038df4121198791a5b8655c_fractured_8_piece_0.obj,Mug_d309d5f8038df4121198791a5b8655c_fractured_8_piece_1.obj is not a valid directory, skipping.
Warning: /workspace/everyday_all_2/Mug_d309d5f8038df4121198791a5b8655c_fractured_62_piece_0.obj,Mug_d309d5f8038df4121198791a5b8655c_fractured_62_piece_1.obj is not a valid directory, skipping.
Warning: /workspace/everyday_all_2/Mug_d309d5f8038df4121198791a5b8655c_fractured_63_piece_0.obj,Mug_d309d5f8038df4121198791a5b8655c_fractured_63_piece_1.obj is not a valid directory, skipping.
Warning: /workspace/everyday_all_2/Mug_d309d5f8038df4121198791a5b8655c_fractured_38_piece_0.obj,Mug_d309d5f8038df4121198791a5b8655c_fractured_38_piece_1.obj is not a valid directory, skipping.
Warning: /workspace/everyday_all_2/Mug_d309d5f8038df4121198791a5b8655c_fractured_5_piece_0.obj,Mug_d309d5f8038df4121198791a5b8655c_fractured_5_piece_1.obj is not a valid directory, skipping.
Warning: /workspace/everyday_all_2/Mug_d309d5f8038df4121198791a5b8655c_fractured_9_piece_0.obj,Mug_d309d5f8038df4121198791a5b8655c_fractured_9_piece_1.obj is not a valid directory, skipping.
Warning: /workspace/everyday_all_2/Mug_d309d5f8038df4121198791a5b8655c_fractured_23_piece_0.obj,Mug_d309d5f8038df4121198791a5b8655c_fractured_23_piece_1.obj is not a valid directory, skipping.
Warning: /workspace/everyday_all_2/Mug_d309d5f8038df4121198791a5b8655c_fractured_61_piece_0.obj,Mug_d309d5f8038df4121198791a5b8655c_fractured_61_piece_1.obj is not a valid directory, skipping.
Warning: /workspace/everyday_all_2/Mug_d309d5f8038df4121198791a5b8655c_fractured_15_piece_0.obj,Mug_d309d5f8038df4121198791a5b8655c_fractured_15_piece_1.obj is not a valid directory, skipping.
Warning: /workspace/everyday_all_2/Mug_d309d5f8038df4121198791a5b8655c_fractured_26_piece_0.obj,Mug_d309d5f8038df4121198791a5b8655c_fractured_26_piece_1.obj is not a valid directory, skipping.
Warning: /workspace/everyday_all_2/Mug_d309d5f8038df4121198791a5b8655c_fractured_74_piece_0.obj,Mug_d309d5f8038df4121198791a5b8655c_fractured_74_piece_1.obj is not a valid directory, skipping.
Warning: /workspace/everyday_all_2/Vase_7366d4cca1110f3b35836c728d324152_fractured_41_piece_0.obj,Vase_7366d4cca1110f3b35836c728d324152_fractured_41_piece_1.obj is not a valid directory, skipping.
Warning: /workspace/everyday_all_2/Vase_7366d4cca1110f3b35836c728d324152_fractured_9_piece_1.obj,Vase_7366d4cca1110f3b35836c728d324152_fractured_9_piece_0.obj is not a valid directory, skipping.
Warning: /workspace/everyday_all_2/Vase_7366d4cca1110f3b35836c728d324152_fractured_39_piece_0.obj,Vase_7366d4cca1110f3b35836c728d324152_fractured_39_piece_1.obj is not a valid directory, skipping.
Warning: /workspace/everyday_all_2/Vase_7366d4cca1110f3b35836c728d324152_fractured_79_piece_0.obj,Vase_7366d4cca1110f3b35836c728d324152_fractured_79_piece_1.obj is not a valid directory, skipping.
Warning: /workspace/everyday_all_2/Vase_7366d4cca1110f3b35836c728d324152_fractured_31_piece_1.obj,Vase_7366d4cca1110f3b35836c728d324152_fractured_31_piece_0.obj is not a valid directory, skipping.
Warning: /workspace/everyday_all_2/DrinkBottle_c0b6be0fb83b237f504721639e19f609_fractured_47_piece_0.obj,DrinkBottle_c0b6be0fb83b237f504721639e19f609_fractured_47_piece_1.obj is not a valid directory, skipping.
Warning: /workspace/everyday_all_2/DrinkBottle_c0b6be0fb83b237f504721639e19f609_fractured_68_piece_0.obj,DrinkBottle_c0b6be0fb83b237f504721639e19f609_fractured_68_piece_1.obj is not a valid directory, skipping.
Warning: /workspace/everyday_all_2/DrinkBottle_c0b6be0fb83b237f504721639e19f609_fractured_62_piece_0.obj,DrinkBottle_c0b6be0fb83b237f504721639e19f609_fractured_62_piece_1.obj is not a valid directory, skipping.
Warning: /workspace/everyday_all_2/DrinkBottle_c0b6be0fb83b237f504721639e19f609_fractured_17_piece_0.obj,DrinkBottle_c0b6be0fb83b237f504721639e19f609_fractured_17_piece_1.obj is not a valid directory, skipping.
Warning: /workspace/everyday_all_2/DrinkBottle_c0b6be0fb83b237f504721639e19f609_fractured_7_piece_0.obj,DrinkBottle_c0b6be0fb83b237f504721639e19f609_fractured_7_piece_1.obj is not a valid directory, skipping.
Warning: /workspace/everyday_all_2/DrinkBottle_c0b6be0fb83b237f504721639e19f609_fractured_15_piece_0.obj,DrinkBottle_c0b6be0fb83b237f504721639e19f609_fractured_15_piece_1.obj is not a valid directory, skipping.
Warning: /workspace/everyday_all_2/DrinkBottle_c0b6be0fb83b237f504721639e19f609_fractured_76_piece_0.obj,DrinkBottle_c0b6be0fb83b237f504721639e19f609_fractured_76_piece_1.obj is not a valid directory, skipping.
Warning: /workspace/everyday_all_2/DrinkBottle_c0b6be0fb83b237f504721639e19f609_fractured_69_piece_0.obj,DrinkBottle_c0b6be0fb83b237f504721639e19f609_fractured_69_piece_1.obj is not a valid directory, skipping.
Warning: /workspace/everyday_all_2/DrinkBottle_c0b6be0fb83b237f504721639e19f609_fractured_13_piece_0.obj,DrinkBottle_c0b6be0fb83b237f504721639e19f609_fractured_13_piece_1.obj is not a valid directory, skipping.
Warning: /workspace/everyday_all_2/DrinkBottle_c0b6be0fb83b237f504721639e19f609_fractured_25_piece_0.obj,DrinkBottle_c0b6be0fb83b237f504721639e19f609_fractured_25_piece_1.obj is not a valid directory, skipping.
Warning: /workspace/everyday_all_2/DrinkBottle_c0b6be0fb83b237f504721639e19f609_fractured_6_piece_0.obj,DrinkBottle_c0b6be0fb83b237f504721639e19f609_fractured_6_piece_1.obj is not a valid directory, skipping.
Warning: /workspace/everyday_all_2/DrinkBottle_c0b6be0fb83b237f504721639e19f609_fractured_16_piece_0.obj,DrinkBottle_c0b6be0fb83b237f504721639e19f609_fractured_16_piece_1.obj is not a valid directory, skipping.
Warning: /workspace/everyday_all_2/DrinkBottle_c0b6be0fb83b237f504721639e19f609_fractured_66_piece_0.obj,DrinkBottle_c0b6be0fb83b237f504721639e19f609_fractured_66_piece_1.obj is not a valid directory, skipping.
Warning: /workspace/everyday_all_2/Bottle_83fd5e88eca47f1dab298e30fc6f45ba_fractured_14_piece_0.obj,Bottle_83fd5e88eca47f1dab298e30fc6f45ba_fractured_14_piece_1.obj is not a valid directory, skipping.
Warning: /workspace/everyday_all_2/Bottle_83fd5e88eca47f1dab298e30fc6f45ba_fractured_22_piece_0.obj,Bottle_83fd5e88eca47f1dab298e30fc6f45ba_fractured_22_piece_1.obj is not a valid directory, skipping.
Warning: /workspace/everyday_all_2/Bottle_83fd5e88eca47f1dab298e30fc6f45ba_fractured_52_piece_0.obj,Bottle_83fd5e88eca47f1dab298e30fc6f45ba_fractured_52_piece_1.obj is not a valid directory, skipping.
Warning: /workspace/everyday_all_2/Bottle_83fd5e88eca47f1dab298e30fc6f45ba_fractured_64_piece_0.obj,Bottle_83fd5e88eca47f1dab298e30fc6f45ba_fractured_64_piece_1.obj is not a valid directory, skipping.
Warning: /workspace/everyday_all_2/Bottle_83fd5e88eca47f1dab298e30fc6f45ba_fractured_74_piece_0.obj,Bottle_83fd5e88eca47f1dab298e30fc6f45ba_fractured_74_piece_1.obj is not a valid directory, skipping.
Warning: /workspace/everyday_all_2/Bottle_83fd5e88eca47f1dab298e30fc6f45ba_fractured_37_piece_0.obj,Bottle_83fd5e88eca47f1dab298e30fc6f45ba_fractured_37_piece_1.obj is not a valid directory, skipping.
Warning: /workspace/everyday_all_2/Bottle_83fd5e88eca47f1dab298e30fc6f45ba_fractured_20_piece_0.obj,Bottle_83fd5e88eca47f1dab298e30fc6f45ba_fractured_20_piece_1.obj is not a valid directory, skipping.
Warning: /workspace/everyday_all_2/Bottle_83fd5e88eca47f1dab298e30fc6f45ba_fractured_69_piece_0.obj,Bottle_83fd5e88eca47f1dab298e30fc6f45ba_fractured_69_piece_1.obj is not a valid directory, skipping.
Warning: /workspace/everyday_all_2/Bottle_83fd5e88eca47f1dab298e30fc6f45ba_fractured_77_piece_0.obj,Bottle_83fd5e88eca47f1dab298e30fc6f45ba_fractured_77_piece_1.obj is not a valid directory, skipping.
Warning: /workspace/everyday_all_2/Bottle_83fd5e88eca47f1dab298e30fc6f45ba_fractured_38_piece_0.obj,Bottle_83fd5e88eca47f1dab298e30fc6f45ba_fractured_38_piece_1.obj is not a valid directory, skipping.
Warning: /workspace/everyday_all_2/ToyFigure_50c9c9392ae7403c648c1a69840a0330_mode_1_piece_0.obj,ToyFigure_50c9c9392ae7403c648c1a69840a0330_mode_1_piece_1.obj is not a valid directory, skipping.
Warning: /workspace/everyday_all_2/Mug_f1c5b9bb744afd96d6e1954365b10b52_fractured_33_piece_0.obj,Mug_f1c5b9bb744afd96d6e1954365b10b52_fractured_33_piece_1.obj is not a valid directory, skipping.
Warning: /workspace/everyday_all_2/Mug_f1c5b9bb744afd96d6e1954365b10b52_fractured_29_piece_0.obj,Mug_f1c5b9bb744afd96d6e1954365b10b52_fractured_29_piece_1.obj is not a valid directory, skipping.
Warning: /workspace/everyday_all_2/Mug_f1c5b9bb744afd96d6e1954365b10b52_fractured_4_piece_0.obj,Mug_f1c5b9bb744afd96d6e1954365b10b52_fractured_4_piece_1.obj is not a valid directory, skipping.
Warning: /workspace/everyday_all_2/Mug_f1c5b9bb744afd96d6e1954365b10b52_fractured_54_piece_0.obj,Mug_f1c5b9bb744afd96d6e1954365b10b52_fractured_54_piece_1.obj is not a valid directory, skipping.
Warning: /workspace/everyday_all_2/Mug_f1c5b9bb744afd96d6e1954365b10b52_fractured_27_piece_0.obj,Mug_f1c5b9bb744afd96d6e1954365b10b52_fractured_27_piece_1.obj is not a valid directory, skipping.
Warning: /workspace/everyday_all_2/Mug_f1c5b9bb744afd96d6e1954365b10b52_fractured_49_piece_0.obj,Mug_f1c5b9bb744afd96d6e1954365b10b52_fractured_49_piece_1.obj is not a valid directory, skipping.
Warning: /workspace/everyday_all_2/Mug_f1c5b9bb744afd96d6e1954365b10b52_fractured_53_piece_0.obj,Mug_f1c5b9bb744afd96d6e1954365b10b52_fractured_53_piece_1.obj is not a valid directory, skipping.
Warning: /workspace/everyday_all_2/Mug_f1c5b9bb744afd96d6e1954365b10b52_fractured_36_piece_0.obj,Mug_f1c5b9bb744afd96d6e1954365b10b52_fractured_36_piece_1.obj is not a valid directory, skipping.
Warning: /workspace/everyday_all_2/Mug_f1c5b9bb744afd96d6e1954365b10b52_fractured_73_piece_0.obj,Mug_f1c5b9bb744afd96d6e1954365b10b52_fractured_73_piece_1.obj is not a valid directory, skipping.
Warning: /workspace/everyday_all_2/Mug_f1c5b9bb744afd96d6e1954365b10b52_fractured_71_piece_0.obj,Mug_f1c5b9bb744afd96d6e1954365b10b52_fractured_71_piece_1.obj is not a valid directory, skipping.
Warning: /workspace/everyday_all_2/Vase_d2b45cdfcfb75861eca6b4e05d53da1a_mode_1_piece_0.obj,Vase_d2b45cdfcfb75861eca6b4e05d53da1a_mode_1_piece_1.obj is not a valid directory, skipping.
Warning: /workspace/everyday_all_2/Teapot_13961f08fe5b4c549ef60e9225cbea3a_fractured_49_piece_0.obj,Teapot_13961f08fe5b4c549ef60e9225cbea3a_fractured_49_piece_1.obj is not a valid directory, skipping.
Warning: /workspace/everyday_all_2/Teapot_13961f08fe5b4c549ef60e9225cbea3a_fractured_30_piece_0.obj,Teapot_13961f08fe5b4c549ef60e9225cbea3a_fractured_30_piece_1.obj is not a valid directory, skipping.
Warning: /workspace/everyday_all_2/Teapot_13961f08fe5b4c549ef60e9225cbea3a_fractured_17_piece_0.obj,Teapot_13961f08fe5b4c549ef60e9225cbea3a_fractured_17_piece_1.obj is not a valid directory, skipping.
Warning: /workspace/everyday_all_2/Teapot_13961f08fe5b4c549ef60e9225cbea3a_fractured_56_piece_0.obj,Teapot_13961f08fe5b4c549ef60e9225cbea3a_fractured_56_piece_1.obj is not a valid directory, skipping.
Warning: /workspace/everyday_all_2/Teapot_13961f08fe5b4c549ef60e9225cbea3a_fractured_77_piece_0.obj,Teapot_13961f08fe5b4c549ef60e9225cbea3a_fractured_77_piece_1.obj is not a valid directory, skipping.
Warning: /workspace/everyday_all_2/Teapot_13961f08fe5b4c549ef60e9225cbea3a_fractured_23_piece_0.obj,Teapot_13961f08fe5b4c549ef60e9225cbea3a_fractured_23_piece_1.obj is not a valid directory, skipping.
Warning: /workspace/everyday_all_2/Teapot_13961f08fe5b4c549ef60e9225cbea3a_fractured_53_piece_0.obj,Teapot_13961f08fe5b4c549ef60e9225cbea3a_fractured_53_piece_1.obj is not a valid directory, skipping.
Warning: /workspace/everyday_all_2/Teapot_13961f08fe5b4c549ef60e9225cbea3a_fractured_76_piece_0.obj,Teapot_13961f08fe5b4c549ef60e9225cbea3a_fractured_76_piece_1.obj is not a valid directory, skipping.
Warning: /workspace/everyday_all_2/Teapot_13961f08fe5b4c549ef60e9225cbea3a_fractured_61_piece_0.obj,Teapot_13961f08fe5b4c549ef60e9225cbea3a_fractured_61_piece_1.obj is not a valid directory, skipping.
Warning: /workspace/everyday_all_2/Teapot_13961f08fe5b4c549ef60e9225cbea3a_fractured_18_piece_0.obj,Teapot_13961f08fe5b4c549ef60e9225cbea3a_fractured_18_piece_1.obj is not a valid directory, skipping.
Warning: /workspace/everyday_all_2/Teapot_13961f08fe5b4c549ef60e9225cbea3a_fractured_67_piece_0.obj,Teapot_13961f08fe5b4c549ef60e9225cbea3a_fractured_67_piece_1.obj is not a valid directory, skipping.
Warning: /workspace/everyday_all_2/Teapot_13961f08fe5b4c549ef60e9225cbea3a_fractured_40_piece_0.obj,Teapot_13961f08fe5b4c549ef60e9225cbea3a_fractured_40_piece_1.obj is not a valid directory, skipping.
Warning: /workspace/everyday_all_2/Teapot_13961f08fe5b4c549ef60e9225cbea3a_fractured_20_piece_0.obj,Teapot_13961f08fe5b4c549ef60e9225cbea3a_fractured_20_piece_1.obj is not a valid directory, skipping.
Warning: /workspace/everyday_all_2/Teapot_13961f08fe5b4c549ef60e9225cbea3a_fractured_22_piece_0.obj,Teapot_13961f08fe5b4c549ef60e9225cbea3a_fractured_22_piece_1.obj is not a valid directory, skipping.
Warning: /workspace/everyday_all_2/Teapot_13961f08fe5b4c549ef60e9225cbea3a_fractured_57_piece_0.obj,Teapot_13961f08fe5b4c549ef60e9225cbea3a_fractured_57_piece_1.obj is not a valid directory, skipping.
Warning: /workspace/everyday_all_2/Teapot_13961f08fe5b4c549ef60e9225cbea3a_fractured_19_piece_0.obj,Teapot_13961f08fe5b4c549ef60e9225cbea3a_fractured_19_piece_1.obj is not a valid directory, skipping.
Warning: /workspace/everyday_all_2/Teapot_13961f08fe5b4c549ef60e9225cbea3a_fractured_55_piece_0.obj,Teapot_13961f08fe5b4c549ef60e9225cbea3a_fractured_55_piece_1.obj is not a valid directory, skipping.
Warning: /workspace/everyday_all_2/Teapot_13961f08fe5b4c549ef60e9225cbea3a_fractured_26_piece_0.obj,Teapot_13961f08fe5b4c549ef60e9225cbea3a_fractured_26_piece_1.obj is not a valid directory, skipping.
Warning: /workspace/everyday_all_2/Teapot_13961f08fe5b4c549ef60e9225cbea3a_fractured_6_piece_0.obj,Teapot_13961f08fe5b4c549ef60e9225cbea3a_fractured_6_piece_1.obj is not a valid directory, skipping.
Warning: /workspace/everyday_all_2/Teapot_13961f08fe5b4c549ef60e9225cbea3a_fractured_52_piece_0.obj,Teapot_13961f08fe5b4c549ef60e9225cbea3a_fractured_52_piece_1.obj is not a valid directory, skipping.
Warning: /workspace/everyday_all_2/Teapot_13961f08fe5b4c549ef60e9225cbea3a_fractured_60_piece_0.obj,Teapot_13961f08fe5b4c549ef60e9225cbea3a_fractured_60_piece_1.obj is not a valid directory, skipping.
Warning: /workspace/everyday_all_2/Teapot_13961f08fe5b4c549ef60e9225cbea3a_fractured_44_piece_0.obj,Teapot_13961f08fe5b4c549ef60e9225cbea3a_fractured_44_piece_1.obj is not a valid directory, skipping.
Warning: /workspace/everyday_all_2/Teapot_13961f08fe5b4c549ef60e9225cbea3a_fractured_27_piece_0.obj,Teapot_13961f08fe5b4c549ef60e9225cbea3a_fractured_27_piece_1.obj is not a valid directory, skipping.
Warning: /workspace/everyday_all_2/Teapot_13961f08fe5b4c549ef60e9225cbea3a_fractured_69_piece_0.obj,Teapot_13961f08fe5b4c549ef60e9225cbea3a_fractured_69_piece_1.obj is not a valid directory, skipping.
Warning: /workspace/everyday_all_2/Bottle_a34966853ab2272ab2047d3072d5e051_fractured_11_piece_0.obj,Bottle_a34966853ab2272ab2047d3072d5e051_fractured_11_piece_1.obj is not a valid directory, skipping.
Warning: /workspace/everyday_all_2/Bottle_a34966853ab2272ab2047d3072d5e051_fractured_71_piece_0.obj,Bottle_a34966853ab2272ab2047d3072d5e051_fractured_71_piece_1.obj is not a valid directory, skipping.
Warning: /workspace/everyday_all_2/Bottle_a34966853ab2272ab2047d3072d5e051_fractured_45_piece_0.obj,Bottle_a34966853ab2272ab2047d3072d5e051_fractured_45_piece_1.obj is not a valid directory, skipping.
Warning: /workspace/everyday_all_2/Bottle_a34966853ab2272ab2047d3072d5e051_fractured_22_piece_0.obj,Bottle_a34966853ab2272ab2047d3072d5e051_fractured_22_piece_1.obj is not a valid directory, skipping.
Warning: /workspace/everyday_all_2/Bottle_a34966853ab2272ab2047d3072d5e051_fractured_24_piece_0.obj,Bottle_a34966853ab2272ab2047d3072d5e051_fractured_24_piece_1.obj is not a valid directory, skipping.
Warning: /workspace/everyday_all_2/Bottle_a34966853ab2272ab2047d3072d5e051_fractured_70_piece_0.obj,Bottle_a34966853ab2272ab2047d3072d5e051_fractured_70_piece_1.obj is not a valid directory, skipping.
Warning: /workspace/everyday_all_2/Bottle_a34966853ab2272ab2047d3072d5e051_fractured_69_piece_0.obj,Bottle_a34966853ab2272ab2047d3072d5e051_fractured_69_piece_1.obj is not a valid directory, skipping.
Warning: /workspace/everyday_all_2/Bottle_a34966853ab2272ab2047d3072d5e051_fractured_36_piece_0.obj,Bottle_a34966853ab2272ab2047d3072d5e051_fractured_36_piece_1.obj is not a valid directory, skipping.
Warning: /workspace/everyday_all_2/Bottle_a34966853ab2272ab2047d3072d5e051_fractured_9_piece_0.obj,Bottle_a34966853ab2272ab2047d3072d5e051_fractured_9_piece_1.obj is not a valid directory, skipping.
Warning: /workspace/everyday_all_2/Bottle_a34966853ab2272ab2047d3072d5e051_fractured_27_piece_0.obj,Bottle_a34966853ab2272ab2047d3072d5e051_fractured_27_piece_1.obj is not a valid directory, skipping.
Warning: /workspace/everyday_all_2/Bottle_a34966853ab2272ab2047d3072d5e051_fractured_60_piece_0.obj,Bottle_a34966853ab2272ab2047d3072d5e051_fractured_60_piece_1.obj is not a valid directory, skipping.
Warning: /workspace/everyday_all_2/Bottle_a34966853ab2272ab2047d3072d5e051_fractured_14_piece_0.obj,Bottle_a34966853ab2272ab2047d3072d5e051_fractured_14_piece_1.obj is not a valid directory, skipping.
Warning: /workspace/everyday_all_2/Bottle_a34966853ab2272ab2047d3072d5e051_fractured_31_piece_0.obj,Bottle_a34966853ab2272ab2047d3072d5e051_fractured_31_piece_1.obj is not a valid directory, skipping.
Warning: /workspace/everyday_all_2/Bottle_a34966853ab2272ab2047d3072d5e051_fractured_32_piece_0.obj,Bottle_a34966853ab2272ab2047d3072d5e051_fractured_32_piece_1.obj is not a valid directory, skipping.
Warning: /workspace/everyday_all_2/ToyFigure_5849956e579b006674c7221f16c9f5a2_fractured_19_piece_0.obj,ToyFigure_5849956e579b006674c7221f16c9f5a2_fractured_19_piece_1.obj is not a valid directory, skipping.
Warning: /workspace/everyday_all_2/ToyFigure_5849956e579b006674c7221f16c9f5a2_fractured_53_piece_0.obj,ToyFigure_5849956e579b006674c7221f16c9f5a2_fractured_53_piece_1.obj is not a valid directory, skipping.
Warning: /workspace/everyday_all_2/ToyFigure_5849956e579b006674c7221f16c9f5a2_fractured_58_piece_0.obj,ToyFigure_5849956e579b006674c7221f16c9f5a2_fractured_58_piece_1.obj is not a valid directory, skipping.
Warning: /workspace/everyday_all_2/ToyFigure_5849956e579b006674c7221f16c9f5a2_fractured_24_piece_0.obj,ToyFigure_5849956e579b006674c7221f16c9f5a2_fractured_24_piece_1.obj is not a valid directory, skipping.
Warning: /workspace/everyday_all_2/ToyFigure_5849956e579b006674c7221f16c9f5a2_fractured_29_piece_0.obj,ToyFigure_5849956e579b006674c7221f16c9f5a2_fractured_29_piece_1.obj is not a valid directory, skipping.
Warning: /workspace/everyday_all_2/ToyFigure_5849956e579b006674c7221f16c9f5a2_fractured_18_piece_0.obj,ToyFigure_5849956e579b006674c7221f16c9f5a2_fractured_18_piece_1.obj is not a valid directory, skipping.
Warning: /workspace/everyday_all_2/ToyFigure_5849956e579b006674c7221f16c9f5a2_fractured_1_piece_0.obj,ToyFigure_5849956e579b006674c7221f16c9f5a2_fractured_1_piece_1.obj is not a valid directory, skipping.
Warning: /workspace/everyday_all_2/ToyFigure_5849956e579b006674c7221f16c9f5a2_fractured_54_piece_0.obj,ToyFigure_5849956e579b006674c7221f16c9f5a2_fractured_54_piece_1.obj is not a valid directory, skipping.
Warning: /workspace/everyday_all_2/ToyFigure_5849956e579b006674c7221f16c9f5a2_fractured_0_piece_0.obj,ToyFigure_5849956e579b006674c7221f16c9f5a2_fractured_0_piece_1.obj is not a valid directory, skipping.
Warning: /workspace/everyday_all_2/ToyFigure_5849956e579b006674c7221f16c9f5a2_fractured_65_piece_0.obj,ToyFigure_5849956e579b006674c7221f16c9f5a2_fractured_65_piece_1.obj is not a valid directory, skipping.
Warning: /workspace/everyday_all_2/ToyFigure_5849956e579b006674c7221f16c9f5a2_fractured_39_piece_0.obj,ToyFigure_5849956e579b006674c7221f16c9f5a2_fractured_39_piece_1.obj is not a valid directory, skipping.
Warning: /workspace/everyday_all_2/ToyFigure_5849956e579b006674c7221f16c9f5a2_fractured_25_piece_0.obj,ToyFigure_5849956e579b006674c7221f16c9f5a2_fractured_25_piece_1.obj is not a valid directory, skipping.
Warning: /workspace/everyday_all_2/ToyFigure_5849956e579b006674c7221f16c9f5a2_fractured_4_piece_0.obj,ToyFigure_5849956e579b006674c7221f16c9f5a2_fractured_4_piece_1.obj is not a valid directory, skipping.
Warning: /workspace/everyday_all_2/ToyFigure_5849956e579b006674c7221f16c9f5a2_fractured_77_piece_0.obj,ToyFigure_5849956e579b006674c7221f16c9f5a2_fractured_77_piece_1.obj is not a valid directory, skipping.
Warning: /workspace/everyday_all_2/ToyFigure_5849956e579b006674c7221f16c9f5a2_fractured_27_piece_0.obj,ToyFigure_5849956e579b006674c7221f16c9f5a2_fractured_27_piece_1.obj is not a valid directory, skipping.
Warning: /workspace/everyday_all_2/ToyFigure_5849956e579b006674c7221f16c9f5a2_fractured_52_piece_0.obj,ToyFigure_5849956e579b006674c7221f16c9f5a2_fractured_52_piece_1.obj is not a valid directory, skipping.
Warning: /workspace/everyday_all_2/ToyFigure_5849956e579b006674c7221f16c9f5a2_fractured_37_piece_0.obj,ToyFigure_5849956e579b006674c7221f16c9f5a2_fractured_37_piece_1.obj is not a valid directory, skipping.
Warning: /workspace/everyday_all_2/ToyFigure_5849956e579b006674c7221f16c9f5a2_fractured_9_piece_0.obj,ToyFigure_5849956e579b006674c7221f16c9f5a2_fractured_9_piece_1.obj is not a valid directory, skipping.
Warning: /workspace/everyday_all_2/ToyFigure_5849956e579b006674c7221f16c9f5a2_fractured_78_piece_0.obj,ToyFigure_5849956e579b006674c7221f16c9f5a2_fractured_78_piece_1.obj is not a valid directory, skipping.
Warning: /workspace/everyday_all_2/ToyFigure_5849956e579b006674c7221f16c9f5a2_fractured_3_piece_0.obj,ToyFigure_5849956e579b006674c7221f16c9f5a2_fractured_3_piece_1.obj is not a valid directory, skipping.
Warning: /workspace/everyday_all_2/ToyFigure_5849956e579b006674c7221f16c9f5a2_fractured_75_piece_0.obj,ToyFigure_5849956e579b006674c7221f16c9f5a2_fractured_75_piece_1.obj is not a valid directory, skipping.
Warning: /workspace/everyday_all_2/ToyFigure_5849956e579b006674c7221f16c9f5a2_fractured_72_piece_0.obj,ToyFigure_5849956e579b006674c7221f16c9f5a2_fractured_72_piece_1.obj is not a valid directory, skipping.
Warning: /workspace/everyday_all_2/ToyFigure_5849956e579b006674c7221f16c9f5a2_fractured_79_piece_0.obj,ToyFigure_5849956e579b006674c7221f16c9f5a2_fractured_79_piece_1.obj is not a valid directory, skipping.
Warning: /workspace/everyday_all_2/ToyFigure_5849956e579b006674c7221f16c9f5a2_fractured_10_piece_0.obj,ToyFigure_5849956e579b006674c7221f16c9f5a2_fractured_10_piece_1.obj is not a valid directory, skipping.
Warning: /workspace/everyday_all_2/ToyFigure_5849956e579b006674c7221f16c9f5a2_fractured_68_piece_0.obj,ToyFigure_5849956e579b006674c7221f16c9f5a2_fractured_68_piece_1.obj is not a valid directory, skipping.
Warning: /workspace/everyday_all_2/ToyFigure_5849956e579b006674c7221f16c9f5a2_fractured_40_piece_0.obj,ToyFigure_5849956e579b006674c7221f16c9f5a2_fractured_40_piece_1.obj is not a valid directory, skipping.
Warning: /workspace/everyday_all_2/ToyFigure_5849956e579b006674c7221f16c9f5a2_fractured_21_piece_0.obj,ToyFigure_5849956e579b006674c7221f16c9f5a2_fractured_21_piece_1.obj is not a valid directory, skipping.
Warning: /workspace/everyday_all_2/ToyFigure_5849956e579b006674c7221f16c9f5a2_fractured_43_piece_0.obj,ToyFigure_5849956e579b006674c7221f16c9f5a2_fractured_43_piece_1.obj is not a valid directory, skipping.
Warning: /workspace/everyday_all_2/ToyFigure_5849956e579b006674c7221f16c9f5a2_fractured_64_piece_0.obj,ToyFigure_5849956e579b006674c7221f16c9f5a2_fractured_64_piece_1.obj is not a valid directory, skipping.
Warning: /workspace/everyday_all_2/ToyFigure_5849956e579b006674c7221f16c9f5a2_fractured_32_piece_0.obj,ToyFigure_5849956e579b006674c7221f16c9f5a2_fractured_32_piece_1.obj is not a valid directory, skipping.
Warning: /workspace/everyday_all_2/Statue_c2f594f29b86cb8fcad6a699dd685278_fractured_39_piece_0.obj,Statue_c2f594f29b86cb8fcad6a699dd685278_fractured_39_piece_1.obj is not a valid directory, skipping.
Warning: /workspace/everyday_all_2/Statue_c2f594f29b86cb8fcad6a699dd685278_fractured_46_piece_0.obj,Statue_c2f594f29b86cb8fcad6a699dd685278_fractured_46_piece_1.obj is not a valid directory, skipping.
Warning: /workspace/everyday_all_2/Statue_c2f594f29b86cb8fcad6a699dd685278_fractured_7_piece_0.obj,Statue_c2f594f29b86cb8fcad6a699dd685278_fractured_7_piece_1.obj is not a valid directory, skipping.
Warning: /workspace/everyday_all_2/Statue_c2f594f29b86cb8fcad6a699dd685278_fractured_57_piece_0.obj,Statue_c2f594f29b86cb8fcad6a699dd685278_fractured_57_piece_1.obj is not a valid directory, skipping.
Warning: /workspace/everyday_all_2/Statue_c2f594f29b86cb8fcad6a699dd685278_fractured_58_piece_0.obj,Statue_c2f594f29b86cb8fcad6a699dd685278_fractured_58_piece_1.obj is not a valid directory, skipping.
Warning: /workspace/everyday_all_2/Statue_c2f594f29b86cb8fcad6a699dd685278_fractured_26_piece_0.obj,Statue_c2f594f29b86cb8fcad6a699dd685278_fractured_26_piece_1.obj is not a valid directory, skipping.
Warning: /workspace/everyday_all_2/Statue_c2f594f29b86cb8fcad6a699dd685278_fractured_40_piece_0.obj,Statue_c2f594f29b86cb8fcad6a699dd685278_fractured_40_piece_1.obj is not a valid directory, skipping.
Warning: /workspace/everyday_all_2/Statue_c2f594f29b86cb8fcad6a699dd685278_fractured_37_piece_0.obj,Statue_c2f594f29b86cb8fcad6a699dd685278_fractured_37_piece_1.obj is not a valid directory, skipping.
Warning: /workspace/everyday_all_2/Statue_c2f594f29b86cb8fcad6a699dd685278_fractured_59_piece_0.obj,Statue_c2f594f29b86cb8fcad6a699dd685278_fractured_59_piece_1.obj is not a valid directory, skipping.
Warning: /workspace/everyday_all_2/Statue_c2f594f29b86cb8fcad6a699dd685278_fractured_52_piece_0.obj,Statue_c2f594f29b86cb8fcad6a699dd685278_fractured_52_piece_1.obj is not a valid directory, skipping.
Warning: /workspace/everyday_all_2/Statue_c2f594f29b86cb8fcad6a699dd685278_fractured_21_piece_0.obj,Statue_c2f594f29b86cb8fcad6a699dd685278_fractured_21_piece_1.obj is not a valid directory, skipping.
Warning: /workspace/everyday_all_2/Statue_c2f594f29b86cb8fcad6a699dd685278_fractured_56_piece_0.obj,Statue_c2f594f29b86cb8fcad6a699dd685278_fractured_56_piece_1.obj is not a valid directory, skipping.
Warning: /workspace/everyday_all_2/Statue_c2f594f29b86cb8fcad6a699dd685278_fractured_51_piece_0.obj,Statue_c2f594f29b86cb8fcad6a699dd685278_fractured_51_piece_1.obj is not a valid directory, skipping.
Warning: /workspace/everyday_all_2/Statue_c2f594f29b86cb8fcad6a699dd685278_fractured_10_piece_0.obj,Statue_c2f594f29b86cb8fcad6a699dd685278_fractured_10_piece_1.obj is not a valid directory, skipping.
Warning: /workspace/everyday_all_2/Statue_c2f594f29b86cb8fcad6a699dd685278_fractured_12_piece_0.obj,Statue_c2f594f29b86cb8fcad6a699dd685278_fractured_12_piece_1.obj is not a valid directory, skipping.
Warning: /workspace/everyday_all_2/Statue_c2f594f29b86cb8fcad6a699dd685278_fractured_78_piece_0.obj,Statue_c2f594f29b86cb8fcad6a699dd685278_fractured_78_piece_1.obj is not a valid directory, skipping.
Warning: /workspace/everyday_all_2/Statue_c2f594f29b86cb8fcad6a699dd685278_fractured_11_piece_0.obj,Statue_c2f594f29b86cb8fcad6a699dd685278_fractured_11_piece_1.obj is not a valid directory, skipping.
Warning: /workspace/everyday_all_2/Statue_c2f594f29b86cb8fcad6a699dd685278_fractured_71_piece_0.obj,Statue_c2f594f29b86cb8fcad6a699dd685278_fractured_71_piece_1.obj is not a valid directory, skipping.
Warning: /workspace/everyday_all_2/Statue_c2f594f29b86cb8fcad6a699dd685278_fractured_8_piece_0.obj,Statue_c2f594f29b86cb8fcad6a699dd685278_fractured_8_piece_1.obj is not a valid directory, skipping.
Warning: /workspace/everyday_all_2/Statue_c2f594f29b86cb8fcad6a699dd685278_fractured_0_piece_0.obj,Statue_c2f594f29b86cb8fcad6a699dd685278_fractured_0_piece_1.obj is not a valid directory, skipping.
Warning: /workspace/everyday_all_2/Statue_c2f594f29b86cb8fcad6a699dd685278_fractured_41_piece_0.obj,Statue_c2f594f29b86cb8fcad6a699dd685278_fractured_41_piece_1.obj is not a valid directory, skipping.
Warning: /workspace/everyday_all_2/Statue_c2f594f29b86cb8fcad6a699dd685278_fractured_54_piece_0.obj,Statue_c2f594f29b86cb8fcad6a699dd685278_fractured_54_piece_1.obj is not a valid directory, skipping.
Warning: /workspace/everyday_all_2/Statue_c2f594f29b86cb8fcad6a699dd685278_fractured_9_piece_0.obj,Statue_c2f594f29b86cb8fcad6a699dd685278_fractured_9_piece_1.obj is not a valid directory, skipping.
Warning: /workspace/everyday_all_2/Statue_c2f594f29b86cb8fcad6a699dd685278_fractured_62_piece_0.obj,Statue_c2f594f29b86cb8fcad6a699dd685278_fractured_62_piece_1.obj is not a valid directory, skipping.
Warning: /workspace/everyday_all_2/Statue_c2f594f29b86cb8fcad6a699dd685278_fractured_70_piece_0.obj,Statue_c2f594f29b86cb8fcad6a699dd685278_fractured_70_piece_1.obj is not a valid directory, skipping.
Warning: /workspace/everyday_all_2/Statue_c2f594f29b86cb8fcad6a699dd685278_fractured_2_piece_0.obj,Statue_c2f594f29b86cb8fcad6a699dd685278_fractured_2_piece_1.obj is not a valid directory, skipping.
Warning: /workspace/everyday_all_2/ToyFigure_3f76a67b083d2a045136774b39da07bf_fractured_48_piece_0.obj,ToyFigure_3f76a67b083d2a045136774b39da07bf_fractured_48_piece_1.obj is not a valid directory, skipping.
Warning: /workspace/everyday_all_2/ToyFigure_3f76a67b083d2a045136774b39da07bf_fractured_8_piece_0.obj,ToyFigure_3f76a67b083d2a045136774b39da07bf_fractured_8_piece_1.obj is not a valid directory, skipping.
Warning: /workspace/everyday_all_2/ToyFigure_3f76a67b083d2a045136774b39da07bf_fractured_77_piece_0.obj,ToyFigure_3f76a67b083d2a045136774b39da07bf_fractured_77_piece_1.obj is not a valid directory, skipping.
Warning: /workspace/everyday_all_2/ToyFigure_3f76a67b083d2a045136774b39da07bf_fractured_78_piece_0.obj,ToyFigure_3f76a67b083d2a045136774b39da07bf_fractured_78_piece_1.obj is not a valid directory, skipping.
Warning: /workspace/everyday_all_2/ToyFigure_3f76a67b083d2a045136774b39da07bf_fractured_59_piece_0.obj,ToyFigure_3f76a67b083d2a045136774b39da07bf_fractured_59_piece_1.obj is not a valid directory, skipping.
Warning: /workspace/everyday_all_2/ToyFigure_3f76a67b083d2a045136774b39da07bf_fractured_69_piece_0.obj,ToyFigure_3f76a67b083d2a045136774b39da07bf_fractured_69_piece_1.obj is not a valid directory, skipping.
Warning: /workspace/everyday_all_2/ToyFigure_3f76a67b083d2a045136774b39da07bf_fractured_14_piece_0.obj,ToyFigure_3f76a67b083d2a045136774b39da07bf_fractured_14_piece_1.obj is not a valid directory, skipping.
Warning: /workspace/everyday_all_2/ToyFigure_3f76a67b083d2a045136774b39da07bf_fractured_25_piece_0.obj,ToyFigure_3f76a67b083d2a045136774b39da07bf_fractured_25_piece_1.obj is not a valid directory, skipping.
Warning: /workspace/everyday_all_2/ToyFigure_3f76a67b083d2a045136774b39da07bf_fractured_67_piece_0.obj,ToyFigure_3f76a67b083d2a045136774b39da07bf_fractured_67_piece_1.obj is not a valid directory, skipping.
Warning: /workspace/everyday_all_2/ToyFigure_3f76a67b083d2a045136774b39da07bf_fractured_15_piece_0.obj,ToyFigure_3f76a67b083d2a045136774b39da07bf_fractured_15_piece_1.obj is not a valid directory, skipping.
Warning: /workspace/everyday_all_2/ToyFigure_3f76a67b083d2a045136774b39da07bf_fractured_16_piece_0.obj,ToyFigure_3f76a67b083d2a045136774b39da07bf_fractured_16_piece_1.obj is not a valid directory, skipping.
Warning: /workspace/everyday_all_2/ToyFigure_3f76a67b083d2a045136774b39da07bf_fractured_37_piece_0.obj,ToyFigure_3f76a67b083d2a045136774b39da07bf_fractured_37_piece_1.obj is not a valid directory, skipping.
Warning: /workspace/everyday_all_2/ToyFigure_3f76a67b083d2a045136774b39da07bf_fractured_55_piece_0.obj,ToyFigure_3f76a67b083d2a045136774b39da07bf_fractured_55_piece_1.obj is not a valid directory, skipping.
Warning: /workspace/everyday_all_2/ToyFigure_3f76a67b083d2a045136774b39da07bf_fractured_20_piece_0.obj,ToyFigure_3f76a67b083d2a045136774b39da07bf_fractured_20_piece_1.obj is not a valid directory, skipping.
Warning: /workspace/everyday_all_2/ToyFigure_3f76a67b083d2a045136774b39da07bf_fractured_50_piece_0.obj,ToyFigure_3f76a67b083d2a045136774b39da07bf_fractured_50_piece_1.obj is not a valid directory, skipping.
Warning: /workspace/everyday_all_2/ToyFigure_3f76a67b083d2a045136774b39da07bf_fractured_7_piece_0.obj,ToyFigure_3f76a67b083d2a045136774b39da07bf_fractured_7_piece_1.obj is not a valid directory, skipping.
Warning: /workspace/everyday_all_2/Mirror_7eed749ec4a3e391289014a3a9ce92_fractured_7_piece_0.obj,Mirror_7eed749ec4a3e391289014a3a9ce92_fractured_7_piece_1.obj is not a valid directory, skipping.
Warning: /workspace/everyday_all_2/Mirror_7eed749ec4a3e391289014a3a9ce92_fractured_12_piece_0.obj,Mirror_7eed749ec4a3e391289014a3a9ce92_fractured_12_piece_1.obj is not a valid directory, skipping.
Warning: /workspace/everyday_all_2/Mirror_7eed749ec4a3e391289014a3a9ce92_fractured_38_piece_0.obj,Mirror_7eed749ec4a3e391289014a3a9ce92_fractured_38_piece_1.obj is not a valid directory, skipping.
Warning: /workspace/everyday_all_2/Mirror_7eed749ec4a3e391289014a3a9ce92_fractured_62_piece_0.obj,Mirror_7eed749ec4a3e391289014a3a9ce92_fractured_62_piece_1.obj is not a valid directory, skipping.
Warning: /workspace/everyday_all_2/Mirror_7eed749ec4a3e391289014a3a9ce92_fractured_0_piece_0.obj,Mirror_7eed749ec4a3e391289014a3a9ce92_fractured_0_piece_1.obj is not a valid directory, skipping.
Warning: /workspace/everyday_all_2/Mirror_7eed749ec4a3e391289014a3a9ce92_fractured_15_piece_0.obj,Mirror_7eed749ec4a3e391289014a3a9ce92_fractured_15_piece_1.obj is not a valid directory, skipping.
Warning: /workspace/everyday_all_2/Mirror_7eed749ec4a3e391289014a3a9ce92_fractured_78_piece_0.obj,Mirror_7eed749ec4a3e391289014a3a9ce92_fractured_78_piece_1.obj is not a valid directory, skipping.
Warning: /workspace/everyday_all_2/Mirror_7eed749ec4a3e391289014a3a9ce92_fractured_61_piece_0.obj,Mirror_7eed749ec4a3e391289014a3a9ce92_fractured_61_piece_1.obj is not a valid directory, skipping.
Warning: /workspace/everyday_all_2/Mirror_7eed749ec4a3e391289014a3a9ce92_fractured_70_piece_0.obj,Mirror_7eed749ec4a3e391289014a3a9ce92_fractured_70_piece_1.obj is not a valid directory, skipping.
Warning: /workspace/everyday_all_2/Mirror_7eed749ec4a3e391289014a3a9ce92_fractured_43_piece_0.obj,Mirror_7eed749ec4a3e391289014a3a9ce92_fractured_43_piece_1.obj is not a valid directory, skipping.
Warning: /workspace/everyday_all_2/Mirror_7eed749ec4a3e391289014a3a9ce92_fractured_39_piece_0.obj,Mirror_7eed749ec4a3e391289014a3a9ce92_fractured_39_piece_1.obj is not a valid directory, skipping.
Warning: /workspace/everyday_all_2/ToyFigure_31fb6849b47dd54c9c184d4625d13a0d_fractured_53_piece_0.obj,ToyFigure_31fb6849b47dd54c9c184d4625d13a0d_fractured_53_piece_1.obj is not a valid directory, skipping.
Warning: /workspace/everyday_all_2/ToyFigure_31fb6849b47dd54c9c184d4625d13a0d_fractured_19_piece_0.obj,ToyFigure_31fb6849b47dd54c9c184d4625d13a0d_fractured_19_piece_1.obj is not a valid directory, skipping.
Warning: /workspace/everyday_all_2/ToyFigure_31fb6849b47dd54c9c184d4625d13a0d_fractured_23_piece_0.obj,ToyFigure_31fb6849b47dd54c9c184d4625d13a0d_fractured_23_piece_1.obj is not a valid directory, skipping.
Warning: /workspace/everyday_all_2/ToyFigure_31fb6849b47dd54c9c184d4625d13a0d_fractured_43_piece_0.obj,ToyFigure_31fb6849b47dd54c9c184d4625d13a0d_fractured_43_piece_1.obj is not a valid directory, skipping.
Warning: /workspace/everyday_all_2/ToyFigure_31fb6849b47dd54c9c184d4625d13a0d_fractured_28_piece_0.obj,ToyFigure_31fb6849b47dd54c9c184d4625d13a0d_fractured_28_piece_1.obj is not a valid directory, skipping.
Warning: /workspace/everyday_all_2/ToyFigure_31fb6849b47dd54c9c184d4625d13a0d_fractured_27_piece_0.obj,ToyFigure_31fb6849b47dd54c9c184d4625d13a0d_fractured_27_piece_1.obj is not a valid directory, skipping.
Warning: /workspace/everyday_all_2/ToyFigure_31fb6849b47dd54c9c184d4625d13a0d_fractured_26_piece_0.obj,ToyFigure_31fb6849b47dd54c9c184d4625d13a0d_fractured_26_piece_1.obj is not a valid directory, skipping.
Warning: /workspace/everyday_all_2/ToyFigure_31fb6849b47dd54c9c184d4625d13a0d_fractured_42_piece_0.obj,ToyFigure_31fb6849b47dd54c9c184d4625d13a0d_fractured_42_piece_1.obj is not a valid directory, skipping.
Warning: /workspace/everyday_all_2/ToyFigure_31fb6849b47dd54c9c184d4625d13a0d_fractured_70_piece_0.obj,ToyFigure_31fb6849b47dd54c9c184d4625d13a0d_fractured_70_piece_1.obj is not a valid directory, skipping.
Warning: /workspace/everyday_all_2/ToyFigure_31fb6849b47dd54c9c184d4625d13a0d_fractured_2_piece_0.obj,ToyFigure_31fb6849b47dd54c9c184d4625d13a0d_fractured_2_piece_1.obj is not a valid directory, skipping.
Warning: /workspace/everyday_all_2/ToyFigure_31fb6849b47dd54c9c184d4625d13a0d_fractured_3_piece_0.obj,ToyFigure_31fb6849b47dd54c9c184d4625d13a0d_fractured_3_piece_1.obj is not a valid directory, skipping.
Warning: /workspace/everyday_all_2/ToyFigure_31fb6849b47dd54c9c184d4625d13a0d_fractured_34_piece_0.obj,ToyFigure_31fb6849b47dd54c9c184d4625d13a0d_fractured_34_piece_1.obj is not a valid directory, skipping.
Warning: /workspace/everyday_all_2/ToyFigure_31fb6849b47dd54c9c184d4625d13a0d_fractured_29_piece_0.obj,ToyFigure_31fb6849b47dd54c9c184d4625d13a0d_fractured_29_piece_1.obj is not a valid directory, skipping.
Warning: /workspace/everyday_all_2/ToyFigure_31fb6849b47dd54c9c184d4625d13a0d_fractured_30_piece_0.obj,ToyFigure_31fb6849b47dd54c9c184d4625d13a0d_fractured_30_piece_1.obj is not a valid directory, skipping.
Warning: /workspace/everyday_all_2/ToyFigure_31fb6849b47dd54c9c184d4625d13a0d_fractured_52_piece_0.obj,ToyFigure_31fb6849b47dd54c9c184d4625d13a0d_fractured_52_piece_1.obj is not a valid directory, skipping.
Warning: /workspace/everyday_all_2/ToyFigure_31fb6849b47dd54c9c184d4625d13a0d_fractured_45_piece_0.obj,ToyFigure_31fb6849b47dd54c9c184d4625d13a0d_fractured_45_piece_1.obj is not a valid directory, skipping.
Warning: /workspace/everyday_all_2/Vase_c637b5e2387eec7421aff7e1274fec72_fractured_16_piece_1.obj,Vase_c637b5e2387eec7421aff7e1274fec72_fractured_16_piece_0.obj is not a valid directory, skipping.
Warning: /workspace/everyday_all_2/Vase_c637b5e2387eec7421aff7e1274fec72_fractured_29_piece_0.obj,Vase_c637b5e2387eec7421aff7e1274fec72_fractured_29_piece_1.obj is not a valid directory, skipping.
Warning: /workspace/everyday_all_2/Vase_c637b5e2387eec7421aff7e1274fec72_fractured_63_piece_0.obj,Vase_c637b5e2387eec7421aff7e1274fec72_fractured_63_piece_1.obj is not a valid directory, skipping.
Warning: /workspace/everyday_all_2/Vase_c637b5e2387eec7421aff7e1274fec72_fractured_35_piece_1.obj,Vase_c637b5e2387eec7421aff7e1274fec72_fractured_35_piece_0.obj is not a valid directory, skipping.
Warning: /workspace/everyday_all_2/Vase_c637b5e2387eec7421aff7e1274fec72_fractured_60_piece_0.obj,Vase_c637b5e2387eec7421aff7e1274fec72_fractured_60_piece_1.obj is not a valid directory, skipping.
Warning: /workspace/everyday_all_2/Vase_c637b5e2387eec7421aff7e1274fec72_fractured_75_piece_1.obj,Vase_c637b5e2387eec7421aff7e1274fec72_fractured_75_piece_0.obj is not a valid directory, skipping.
Warning: /workspace/everyday_all_2/Vase_c637b5e2387eec7421aff7e1274fec72_fractured_71_piece_0.obj,Vase_c637b5e2387eec7421aff7e1274fec72_fractured_71_piece_1.obj is not a valid directory, skipping.
Warning: /workspace/everyday_all_2/Vase_c637b5e2387eec7421aff7e1274fec72_fractured_65_piece_0.obj,Vase_c637b5e2387eec7421aff7e1274fec72_fractured_65_piece_1.obj is not a valid directory, skipping.
Warning: /workspace/everyday_all_2/Vase_c637b5e2387eec7421aff7e1274fec72_fractured_4_piece_0.obj,Vase_c637b5e2387eec7421aff7e1274fec72_fractured_4_piece_1.obj is not a valid directory, skipping.
Warning: /workspace/everyday_all_2/Vase_c637b5e2387eec7421aff7e1274fec72_fractured_28_piece_0.obj,Vase_c637b5e2387eec7421aff7e1274fec72_fractured_28_piece_1.obj is not a valid directory, skipping.
Warning: /workspace/everyday_all_2/Vase_c637b5e2387eec7421aff7e1274fec72_fractured_21_piece_0.obj,Vase_c637b5e2387eec7421aff7e1274fec72_fractured_21_piece_1.obj is not a valid directory, skipping.
Warning: /workspace/everyday_all_2/Vase_c637b5e2387eec7421aff7e1274fec72_fractured_48_piece_0.obj,Vase_c637b5e2387eec7421aff7e1274fec72_fractured_48_piece_1.obj is not a valid directory, skipping.
Warning: /workspace/everyday_all_2/Cup_11705ed6a5b1ed37f83d00225df18677_fractured_28_piece_0.obj,Cup_11705ed6a5b1ed37f83d00225df18677_fractured_28_piece_1.obj is not a valid directory, skipping.
Warning: /workspace/everyday_all_2/Cup_11705ed6a5b1ed37f83d00225df18677_fractured_8_piece_0.obj,Cup_11705ed6a5b1ed37f83d00225df18677_fractured_8_piece_1.obj is not a valid directory, skipping.
Warning: /workspace/everyday_all_2/Cup_11705ed6a5b1ed37f83d00225df18677_fractured_1_piece_0.obj,Cup_11705ed6a5b1ed37f83d00225df18677_fractured_1_piece_1.obj is not a valid directory, skipping.
Warning: /workspace/everyday_all_2/Cup_11705ed6a5b1ed37f83d00225df18677_fractured_11_piece_0.obj,Cup_11705ed6a5b1ed37f83d00225df18677_fractured_11_piece_1.obj is not a valid directory, skipping.
Warning: /workspace/everyday_all_2/Cup_11705ed6a5b1ed37f83d00225df18677_fractured_50_piece_0.obj,Cup_11705ed6a5b1ed37f83d00225df18677_fractured_50_piece_1.obj is not a valid directory, skipping.
Warning: /workspace/everyday_all_2/Cup_11705ed6a5b1ed37f83d00225df18677_fractured_22_piece_0.obj,Cup_11705ed6a5b1ed37f83d00225df18677_fractured_22_piece_1.obj is not a valid directory, skipping.
Warning: /workspace/everyday_all_2/Cup_11705ed6a5b1ed37f83d00225df18677_fractured_69_piece_0.obj,Cup_11705ed6a5b1ed37f83d00225df18677_fractured_69_piece_1.obj is not a valid directory, skipping.
Warning: /workspace/everyday_all_2/Cup_11705ed6a5b1ed37f83d00225df18677_fractured_58_piece_0.obj,Cup_11705ed6a5b1ed37f83d00225df18677_fractured_58_piece_1.obj is not a valid directory, skipping.
Warning: /workspace/everyday_all_2/Cup_11705ed6a5b1ed37f83d00225df18677_fractured_20_piece_0.obj,Cup_11705ed6a5b1ed37f83d00225df18677_fractured_20_piece_1.obj is not a valid directory, skipping.
Warning: /workspace/everyday_all_2/Cup_11705ed6a5b1ed37f83d00225df18677_fractured_73_piece_0.obj,Cup_11705ed6a5b1ed37f83d00225df18677_fractured_73_piece_1.obj is not a valid directory, skipping.
Warning: /workspace/everyday_all_2/Cup_11705ed6a5b1ed37f83d00225df18677_fractured_49_piece_0.obj,Cup_11705ed6a5b1ed37f83d00225df18677_fractured_49_piece_1.obj is not a valid directory, skipping.
Warning: /workspace/everyday_all_2/Cup_11705ed6a5b1ed37f83d00225df18677_fractured_19_piece_0.obj,Cup_11705ed6a5b1ed37f83d00225df18677_fractured_19_piece_1.obj is not a valid directory, skipping.
Warning: /workspace/everyday_all_2/Cup_11705ed6a5b1ed37f83d00225df18677_fractured_48_piece_0.obj,Cup_11705ed6a5b1ed37f83d00225df18677_fractured_48_piece_1.obj is not a valid directory, skipping.
Warning: /workspace/everyday_all_2/Cup_11705ed6a5b1ed37f83d00225df18677_fractured_74_piece_0.obj,Cup_11705ed6a5b1ed37f83d00225df18677_fractured_74_piece_1.obj is not a valid directory, skipping.
Warning: /workspace/everyday_all_2/Cup_11705ed6a5b1ed37f83d00225df18677_fractured_2_piece_0.obj,Cup_11705ed6a5b1ed37f83d00225df18677_fractured_2_piece_1.obj is not a valid directory, skipping.
Warning: /workspace/everyday_all_2/Vase_deaa26bac4809cdbe69433742d227857_fractured_1_piece_0.obj,Vase_deaa26bac4809cdbe69433742d227857_fractured_1_piece_1.obj is not a valid directory, skipping.
Warning: /workspace/everyday_all_2/Vase_deaa26bac4809cdbe69433742d227857_fractured_25_piece_0.obj,Vase_deaa26bac4809cdbe69433742d227857_fractured_25_piece_1.obj is not a valid directory, skipping.
Warning: /workspace/everyday_all_2/Vase_deaa26bac4809cdbe69433742d227857_fractured_45_piece_0.obj,Vase_deaa26bac4809cdbe69433742d227857_fractured_45_piece_1.obj is not a valid directory, skipping.
Warning: /workspace/everyday_all_2/Vase_deaa26bac4809cdbe69433742d227857_fractured_51_piece_0.obj,Vase_deaa26bac4809cdbe69433742d227857_fractured_51_piece_1.obj is not a valid directory, skipping.
Warning: /workspace/everyday_all_2/Vase_deaa26bac4809cdbe69433742d227857_fractured_67_piece_0.obj,Vase_deaa26bac4809cdbe69433742d227857_fractured_67_piece_1.obj is not a valid directory, skipping.
Warning: /workspace/everyday_all_2/Vase_deaa26bac4809cdbe69433742d227857_fractured_58_piece_0.obj,Vase_deaa26bac4809cdbe69433742d227857_fractured_58_piece_1.obj is not a valid directory, skipping.
Warning: /workspace/everyday_all_2/Vase_deaa26bac4809cdbe69433742d227857_fractured_18_piece_0.obj,Vase_deaa26bac4809cdbe69433742d227857_fractured_18_piece_1.obj is not a valid directory, skipping.
Warning: /workspace/everyday_all_2/Vase_deaa26bac4809cdbe69433742d227857_fractured_42_piece_0.obj,Vase_deaa26bac4809cdbe69433742d227857_fractured_42_piece_1.obj is not a valid directory, skipping.
Warning: /workspace/everyday_all_2/Vase_deaa26bac4809cdbe69433742d227857_fractured_63_piece_0.obj,Vase_deaa26bac4809cdbe69433742d227857_fractured_63_piece_1.obj is not a valid directory, skipping.
Warning: /workspace/everyday_all_2/Vase_deaa26bac4809cdbe69433742d227857_fractured_13_piece_0.obj,Vase_deaa26bac4809cdbe69433742d227857_fractured_13_piece_1.obj is not a valid directory, skipping.
Warning: /workspace/everyday_all_2/Vase_deaa26bac4809cdbe69433742d227857_fractured_65_piece_0.obj,Vase_deaa26bac4809cdbe69433742d227857_fractured_65_piece_1.obj is not a valid directory, skipping.
Warning: /workspace/everyday_all_2/Vase_deaa26bac4809cdbe69433742d227857_fractured_74_piece_0.obj,Vase_deaa26bac4809cdbe69433742d227857_fractured_74_piece_1.obj is not a valid directory, skipping.
Warning: /workspace/everyday_all_2/Vase_deaa26bac4809cdbe69433742d227857_fractured_48_piece_0.obj,Vase_deaa26bac4809cdbe69433742d227857_fractured_48_piece_1.obj is not a valid directory, skipping.
Warning: /workspace/everyday_all_2/Bottle_4b5f54fc4e629371cf078dc7b29022e6_fractured_2_piece_0.obj,Bottle_4b5f54fc4e629371cf078dc7b29022e6_fractured_2_piece_1.obj is not a valid directory, skipping.
Warning: /workspace/everyday_all_2/Bottle_4b5f54fc4e629371cf078dc7b29022e6_fractured_12_piece_0.obj,Bottle_4b5f54fc4e629371cf078dc7b29022e6_fractured_12_piece_1.obj is not a valid directory, skipping.
Warning: /workspace/everyday_all_2/Bottle_4b5f54fc4e629371cf078dc7b29022e6_fractured_27_piece_0.obj,Bottle_4b5f54fc4e629371cf078dc7b29022e6_fractured_27_piece_1.obj is not a valid directory, skipping.
Warning: /workspace/everyday_all_2/Bottle_4b5f54fc4e629371cf078dc7b29022e6_fractured_46_piece_0.obj,Bottle_4b5f54fc4e629371cf078dc7b29022e6_fractured_46_piece_1.obj is not a valid directory, skipping.
Warning: /workspace/everyday_all_2/Bottle_4b5f54fc4e629371cf078dc7b29022e6_fractured_54_piece_0.obj,Bottle_4b5f54fc4e629371cf078dc7b29022e6_fractured_54_piece_1.obj is not a valid directory, skipping.
Warning: /workspace/everyday_all_2/Bottle_4b5f54fc4e629371cf078dc7b29022e6_fractured_34_piece_0.obj,Bottle_4b5f54fc4e629371cf078dc7b29022e6_fractured_34_piece_1.obj is not a valid directory, skipping.
Warning: /workspace/everyday_all_2/Bottle_4b5f54fc4e629371cf078dc7b29022e6_fractured_76_piece_0.obj,Bottle_4b5f54fc4e629371cf078dc7b29022e6_fractured_76_piece_1.obj is not a valid directory, skipping.
Warning: /workspace/everyday_all_2/Bottle_4b5f54fc4e629371cf078dc7b29022e6_fractured_9_piece_0.obj,Bottle_4b5f54fc4e629371cf078dc7b29022e6_fractured_9_piece_1.obj is not a valid directory, skipping.
Warning: /workspace/everyday_all_2/ToyFigure_da0f7f3893b690ff9eda02c6c8b462ec_fractured_11_piece_0.obj,ToyFigure_da0f7f3893b690ff9eda02c6c8b462ec_fractured_11_piece_1.obj is not a valid directory, skipping.
Warning: /workspace/everyday_all_2/ToyFigure_da0f7f3893b690ff9eda02c6c8b462ec_fractured_39_piece_0.obj,ToyFigure_da0f7f3893b690ff9eda02c6c8b462ec_fractured_39_piece_1.obj is not a valid directory, skipping.
Warning: /workspace/everyday_all_2/ToyFigure_da0f7f3893b690ff9eda02c6c8b462ec_fractured_35_piece_0.obj,ToyFigure_da0f7f3893b690ff9eda02c6c8b462ec_fractured_35_piece_1.obj is not a valid directory, skipping.
Warning: /workspace/everyday_all_2/ToyFigure_da0f7f3893b690ff9eda02c6c8b462ec_fractured_23_piece_0.obj,ToyFigure_da0f7f3893b690ff9eda02c6c8b462ec_fractured_23_piece_1.obj is not a valid directory, skipping.
Warning: /workspace/everyday_all_2/ToyFigure_da0f7f3893b690ff9eda02c6c8b462ec_fractured_66_piece_0.obj,ToyFigure_da0f7f3893b690ff9eda02c6c8b462ec_fractured_66_piece_1.obj is not a valid directory, skipping.
Warning: /workspace/everyday_all_2/ToyFigure_da0f7f3893b690ff9eda02c6c8b462ec_fractured_57_piece_0.obj,ToyFigure_da0f7f3893b690ff9eda02c6c8b462ec_fractured_57_piece_1.obj is not a valid directory, skipping.
Warning: /workspace/everyday_all_2/ToyFigure_da0f7f3893b690ff9eda02c6c8b462ec_fractured_15_piece_0.obj,ToyFigure_da0f7f3893b690ff9eda02c6c8b462ec_fractured_15_piece_1.obj is not a valid directory, skipping.
Warning: /workspace/everyday_all_2/ToyFigure_da0f7f3893b690ff9eda02c6c8b462ec_fractured_40_piece_0.obj,ToyFigure_da0f7f3893b690ff9eda02c6c8b462ec_fractured_40_piece_1.obj is not a valid directory, skipping.
Warning: /workspace/everyday_all_2/ToyFigure_da0f7f3893b690ff9eda02c6c8b462ec_fractured_20_piece_0.obj,ToyFigure_da0f7f3893b690ff9eda02c6c8b462ec_fractured_20_piece_1.obj is not a valid directory, skipping.
Warning: /workspace/everyday_all_2/ToyFigure_da0f7f3893b690ff9eda02c6c8b462ec_fractured_55_piece_0.obj,ToyFigure_da0f7f3893b690ff9eda02c6c8b462ec_fractured_55_piece_1.obj is not a valid directory, skipping.
Warning: /workspace/everyday_all_2/ToyFigure_da0f7f3893b690ff9eda02c6c8b462ec_fractured_53_piece_0.obj,ToyFigure_da0f7f3893b690ff9eda02c6c8b462ec_fractured_53_piece_1.obj is not a valid directory, skipping.
Warning: /workspace/everyday_all_2/ToyFigure_da0f7f3893b690ff9eda02c6c8b462ec_fractured_14_piece_0.obj,ToyFigure_da0f7f3893b690ff9eda02c6c8b462ec_fractured_14_piece_1.obj is not a valid directory, skipping.
Warning: /workspace/everyday_all_2/ToyFigure_da0f7f3893b690ff9eda02c6c8b462ec_fractured_49_piece_0.obj,ToyFigure_da0f7f3893b690ff9eda02c6c8b462ec_fractured_49_piece_1.obj is not a valid directory, skipping.
Warning: /workspace/everyday_all_2/ToyFigure_da0f7f3893b690ff9eda02c6c8b462ec_fractured_13_piece_0.obj,ToyFigure_da0f7f3893b690ff9eda02c6c8b462ec_fractured_13_piece_1.obj is not a valid directory, skipping.
Warning: /workspace/everyday_all_2/ToyFigure_da0f7f3893b690ff9eda02c6c8b462ec_fractured_24_piece_0.obj,ToyFigure_da0f7f3893b690ff9eda02c6c8b462ec_fractured_24_piece_1.obj is not a valid directory, skipping.
Warning: /workspace/everyday_all_2/Vase_a2da98dc3d78788435836c728d324152_fractured_42_piece_0.obj,Vase_a2da98dc3d78788435836c728d324152_fractured_42_piece_1.obj is not a valid directory, skipping.
Warning: /workspace/everyday_all_2/Vase_a2da98dc3d78788435836c728d324152_fractured_45_piece_0.obj,Vase_a2da98dc3d78788435836c728d324152_fractured_45_piece_1.obj is not a valid directory, skipping.
Warning: /workspace/everyday_all_2/Vase_a2da98dc3d78788435836c728d324152_fractured_58_piece_0.obj,Vase_a2da98dc3d78788435836c728d324152_fractured_58_piece_1.obj is not a valid directory, skipping.
Warning: /workspace/everyday_all_2/Vase_a2da98dc3d78788435836c728d324152_fractured_35_piece_0.obj,Vase_a2da98dc3d78788435836c728d324152_fractured_35_piece_1.obj is not a valid directory, skipping.
Warning: /workspace/everyday_all_2/Vase_a2da98dc3d78788435836c728d324152_fractured_54_piece_1.obj,Vase_a2da98dc3d78788435836c728d324152_fractured_54_piece_0.obj is not a valid directory, skipping.
Warning: /workspace/everyday_all_2/Vase_a2da98dc3d78788435836c728d324152_fractured_26_piece_0.obj,Vase_a2da98dc3d78788435836c728d324152_fractured_26_piece_1.obj is not a valid directory, skipping.
Warning: /workspace/everyday_all_2/Vase_ad64ff0a281c92b7eb895521e4d63cbe_fractured_73_piece_1.obj,Vase_ad64ff0a281c92b7eb895521e4d63cbe_fractured_73_piece_0.obj is not a valid directory, skipping.
Warning: /workspace/everyday_all_2/Vase_ad64ff0a281c92b7eb895521e4d63cbe_fractured_79_piece_0.obj,Vase_ad64ff0a281c92b7eb895521e4d63cbe_fractured_79_piece_1.obj is not a valid directory, skipping.
Warning: /workspace/everyday_all_2/Vase_ad64ff0a281c92b7eb895521e4d63cbe_fractured_65_piece_0.obj,Vase_ad64ff0a281c92b7eb895521e4d63cbe_fractured_65_piece_1.obj is not a valid directory, skipping.
Warning: /workspace/everyday_all_2/Vase_ad64ff0a281c92b7eb895521e4d63cbe_fractured_0_piece_0.obj,Vase_ad64ff0a281c92b7eb895521e4d63cbe_fractured_0_piece_1.obj is not a valid directory, skipping.
Warning: /workspace/everyday_all_2/Vase_ad64ff0a281c92b7eb895521e4d63cbe_fractured_52_piece_0.obj,Vase_ad64ff0a281c92b7eb895521e4d63cbe_fractured_52_piece_1.obj is not a valid directory, skipping.
Warning: /workspace/everyday_all_2/Vase_ad64ff0a281c92b7eb895521e4d63cbe_fractured_27_piece_0.obj,Vase_ad64ff0a281c92b7eb895521e4d63cbe_fractured_27_piece_1.obj is not a valid directory, skipping.
Warning: /workspace/everyday_all_2/Vase_ad64ff0a281c92b7eb895521e4d63cbe_fractured_41_piece_0.obj,Vase_ad64ff0a281c92b7eb895521e4d63cbe_fractured_41_piece_1.obj is not a valid directory, skipping.
Warning: /workspace/everyday_all_2/Vase_ad64ff0a281c92b7eb895521e4d63cbe_fractured_58_piece_0.obj,Vase_ad64ff0a281c92b7eb895521e4d63cbe_fractured_58_piece_1.obj is not a valid directory, skipping.
Warning: /workspace/everyday_all_2/Vase_ad64ff0a281c92b7eb895521e4d63cbe_fractured_19_piece_0.obj,Vase_ad64ff0a281c92b7eb895521e4d63cbe_fractured_19_piece_1.obj is not a valid directory, skipping.
Warning: /workspace/everyday_all_2/Vase_ad64ff0a281c92b7eb895521e4d63cbe_fractured_72_piece_0.obj,Vase_ad64ff0a281c92b7eb895521e4d63cbe_fractured_72_piece_1.obj is not a valid directory, skipping.
Warning: /workspace/everyday_all_2/Vase_ad64ff0a281c92b7eb895521e4d63cbe_fractured_70_piece_1.obj,Vase_ad64ff0a281c92b7eb895521e4d63cbe_fractured_70_piece_0.obj is not a valid directory, skipping.
Warning: /workspace/everyday_all_2/Vase_ad64ff0a281c92b7eb895521e4d63cbe_fractured_56_piece_0.obj,Vase_ad64ff0a281c92b7eb895521e4d63cbe_fractured_56_piece_1.obj is not a valid directory, skipping.
Warning: /workspace/everyday_all_2/WineBottle_ba85427b56a4619ad2b623ffc463478b_fractured_15_piece_0.obj,WineBottle_ba85427b56a4619ad2b623ffc463478b_fractured_15_piece_1.obj is not a valid directory, skipping.
Warning: /workspace/everyday_all_2/WineBottle_ba85427b56a4619ad2b623ffc463478b_fractured_69_piece_0.obj,WineBottle_ba85427b56a4619ad2b623ffc463478b_fractured_69_piece_1.obj is not a valid directory, skipping.
Warning: /workspace/everyday_all_2/WineBottle_ba85427b56a4619ad2b623ffc463478b_fractured_35_piece_0.obj,WineBottle_ba85427b56a4619ad2b623ffc463478b_fractured_35_piece_1.obj is not a valid directory, skipping.
Warning: /workspace/everyday_all_2/WineBottle_ba85427b56a4619ad2b623ffc463478b_fractured_25_piece_0.obj,WineBottle_ba85427b56a4619ad2b623ffc463478b_fractured_25_piece_1.obj is not a valid directory, skipping.
Warning: /workspace/everyday_all_2/WineBottle_ba85427b56a4619ad2b623ffc463478b_fractured_49_piece_0.obj,WineBottle_ba85427b56a4619ad2b623ffc463478b_fractured_49_piece_1.obj is not a valid directory, skipping.
Warning: /workspace/everyday_all_2/WineBottle_ba85427b56a4619ad2b623ffc463478b_fractured_18_piece_0.obj,WineBottle_ba85427b56a4619ad2b623ffc463478b_fractured_18_piece_1.obj is not a valid directory, skipping.
Warning: /workspace/everyday_all_2/WineBottle_ba85427b56a4619ad2b623ffc463478b_fractured_66_piece_0.obj,WineBottle_ba85427b56a4619ad2b623ffc463478b_fractured_66_piece_1.obj is not a valid directory, skipping.
Warning: /workspace/everyday_all_2/Bowl_53476e51e6bb59eaf35de0153a1c1eca_fractured_46_piece_0.obj,Bowl_53476e51e6bb59eaf35de0153a1c1eca_fractured_46_piece_1.obj is not a valid directory, skipping.
Warning: /workspace/everyday_all_2/Bowl_53476e51e6bb59eaf35de0153a1c1eca_fractured_6_piece_0.obj,Bowl_53476e51e6bb59eaf35de0153a1c1eca_fractured_6_piece_1.obj is not a valid directory, skipping.
Warning: /workspace/everyday_all_2/Bowl_53476e51e6bb59eaf35de0153a1c1eca_fractured_26_piece_0.obj,Bowl_53476e51e6bb59eaf35de0153a1c1eca_fractured_26_piece_1.obj is not a valid directory, skipping.
Warning: /workspace/everyday_all_2/Bowl_53476e51e6bb59eaf35de0153a1c1eca_fractured_16_piece_0.obj,Bowl_53476e51e6bb59eaf35de0153a1c1eca_fractured_16_piece_1.obj is not a valid directory, skipping.
Warning: /workspace/everyday_all_2/Bowl_53476e51e6bb59eaf35de0153a1c1eca_fractured_11_piece_0.obj,Bowl_53476e51e6bb59eaf35de0153a1c1eca_fractured_11_piece_1.obj is not a valid directory, skipping.
Warning: /workspace/everyday_all_2/Bowl_53476e51e6bb59eaf35de0153a1c1eca_fractured_54_piece_0.obj,Bowl_53476e51e6bb59eaf35de0153a1c1eca_fractured_54_piece_1.obj is not a valid directory, skipping.
Warning: /workspace/everyday_all_2/Bowl_53476e51e6bb59eaf35de0153a1c1eca_fractured_36_piece_0.obj,Bowl_53476e51e6bb59eaf35de0153a1c1eca_fractured_36_piece_1.obj is not a valid directory, skipping.
Warning: /workspace/everyday_all_2/Bowl_53476e51e6bb59eaf35de0153a1c1eca_fractured_37_piece_0.obj,Bowl_53476e51e6bb59eaf35de0153a1c1eca_fractured_37_piece_1.obj is not a valid directory, skipping.
Warning: /workspace/everyday_all_2/Bowl_53476e51e6bb59eaf35de0153a1c1eca_fractured_8_piece_0.obj,Bowl_53476e51e6bb59eaf35de0153a1c1eca_fractured_8_piece_1.obj is not a valid directory, skipping.
Warning: /workspace/everyday_all_2/Bowl_53476e51e6bb59eaf35de0153a1c1eca_fractured_52_piece_0.obj,Bowl_53476e51e6bb59eaf35de0153a1c1eca_fractured_52_piece_1.obj is not a valid directory, skipping.
Warning: /workspace/everyday_all_2/Bowl_53476e51e6bb59eaf35de0153a1c1eca_fractured_40_piece_0.obj,Bowl_53476e51e6bb59eaf35de0153a1c1eca_fractured_40_piece_1.obj is not a valid directory, skipping.
Warning: /workspace/everyday_all_2/Bowl_53476e51e6bb59eaf35de0153a1c1eca_fractured_33_piece_0.obj,Bowl_53476e51e6bb59eaf35de0153a1c1eca_fractured_33_piece_1.obj is not a valid directory, skipping.
Warning: /workspace/everyday_all_2/Bowl_53476e51e6bb59eaf35de0153a1c1eca_fractured_48_piece_0.obj,Bowl_53476e51e6bb59eaf35de0153a1c1eca_fractured_48_piece_1.obj is not a valid directory, skipping.
Warning: /workspace/everyday_all_2/Bowl_53476e51e6bb59eaf35de0153a1c1eca_fractured_24_piece_0.obj,Bowl_53476e51e6bb59eaf35de0153a1c1eca_fractured_24_piece_1.obj is not a valid directory, skipping.
Warning: /workspace/everyday_all_2/Bowl_53476e51e6bb59eaf35de0153a1c1eca_fractured_21_piece_0.obj,Bowl_53476e51e6bb59eaf35de0153a1c1eca_fractured_21_piece_1.obj is not a valid directory, skipping.
Warning: /workspace/everyday_all_2/Bowl_53476e51e6bb59eaf35de0153a1c1eca_fractured_67_piece_0.obj,Bowl_53476e51e6bb59eaf35de0153a1c1eca_fractured_67_piece_1.obj is not a valid directory, skipping.
Warning: /workspace/everyday_all_2/Bowl_53476e51e6bb59eaf35de0153a1c1eca_fractured_35_piece_0.obj,Bowl_53476e51e6bb59eaf35de0153a1c1eca_fractured_35_piece_1.obj is not a valid directory, skipping.
Warning: /workspace/everyday_all_2/Teacup_5b4f446bc0844d8a502ac88bde4dfaa5_fractured_29_piece_0.obj,Teacup_5b4f446bc0844d8a502ac88bde4dfaa5_fractured_29_piece_1.obj is not a valid directory, skipping.
Warning: /workspace/everyday_all_2/Teacup_5b4f446bc0844d8a502ac88bde4dfaa5_fractured_52_piece_0.obj,Teacup_5b4f446bc0844d8a502ac88bde4dfaa5_fractured_52_piece_1.obj is not a valid directory, skipping.
Warning: /workspace/everyday_all_2/Teacup_5b4f446bc0844d8a502ac88bde4dfaa5_fractured_46_piece_0.obj,Teacup_5b4f446bc0844d8a502ac88bde4dfaa5_fractured_46_piece_1.obj is not a valid directory, skipping.
Warning: /workspace/everyday_all_2/Teacup_5b4f446bc0844d8a502ac88bde4dfaa5_fractured_62_piece_0.obj,Teacup_5b4f446bc0844d8a502ac88bde4dfaa5_fractured_62_piece_1.obj is not a valid directory, skipping.
Warning: /workspace/everyday_all_2/Teacup_5b4f446bc0844d8a502ac88bde4dfaa5_fractured_59_piece_0.obj,Teacup_5b4f446bc0844d8a502ac88bde4dfaa5_fractured_59_piece_1.obj is not a valid directory, skipping.
Warning: /workspace/everyday_all_2/Teacup_5b4f446bc0844d8a502ac88bde4dfaa5_fractured_30_piece_0.obj,Teacup_5b4f446bc0844d8a502ac88bde4dfaa5_fractured_30_piece_1.obj is not a valid directory, skipping.
Warning: /workspace/everyday_all_2/Teacup_5b4f446bc0844d8a502ac88bde4dfaa5_fractured_27_piece_0.obj,Teacup_5b4f446bc0844d8a502ac88bde4dfaa5_fractured_27_piece_1.obj is not a valid directory, skipping.
Warning: /workspace/everyday_all_2/Teacup_5b4f446bc0844d8a502ac88bde4dfaa5_fractured_75_piece_0.obj,Teacup_5b4f446bc0844d8a502ac88bde4dfaa5_fractured_75_piece_1.obj is not a valid directory, skipping.
Warning: /workspace/everyday_all_2/Teacup_5b4f446bc0844d8a502ac88bde4dfaa5_fractured_14_piece_0.obj,Teacup_5b4f446bc0844d8a502ac88bde4dfaa5_fractured_14_piece_1.obj is not a valid directory, skipping.
Warning: /workspace/everyday_all_2/Teacup_5b4f446bc0844d8a502ac88bde4dfaa5_fractured_69_piece_0.obj,Teacup_5b4f446bc0844d8a502ac88bde4dfaa5_fractured_69_piece_1.obj is not a valid directory, skipping.
Warning: /workspace/everyday_all_2/Teacup_5b4f446bc0844d8a502ac88bde4dfaa5_fractured_79_piece_0.obj,Teacup_5b4f446bc0844d8a502ac88bde4dfaa5_fractured_79_piece_1.obj is not a valid directory, skipping.
Warning: /workspace/everyday_all_2/Teacup_5b4f446bc0844d8a502ac88bde4dfaa5_fractured_50_piece_0.obj,Teacup_5b4f446bc0844d8a502ac88bde4dfaa5_fractured_50_piece_1.obj is not a valid directory, skipping.
Warning: /workspace/everyday_all_2/Teacup_5b4f446bc0844d8a502ac88bde4dfaa5_fractured_24_piece_0.obj,Teacup_5b4f446bc0844d8a502ac88bde4dfaa5_fractured_24_piece_1.obj is not a valid directory, skipping.
Warning: /workspace/everyday_all_2/Vase_9c06b546a29ccb2f2c27670a86683659_fractured_15_piece_0.obj,Vase_9c06b546a29ccb2f2c27670a86683659_fractured_15_piece_1.obj is not a valid directory, skipping.
Warning: /workspace/everyday_all_2/Vase_9c06b546a29ccb2f2c27670a86683659_fractured_69_piece_1.obj,Vase_9c06b546a29ccb2f2c27670a86683659_fractured_69_piece_0.obj is not a valid directory, skipping.
Warning: /workspace/everyday_all_2/Vase_9c06b546a29ccb2f2c27670a86683659_fractured_77_piece_0.obj,Vase_9c06b546a29ccb2f2c27670a86683659_fractured_77_piece_1.obj is not a valid directory, skipping.
Warning: /workspace/everyday_all_2/Vase_9c06b546a29ccb2f2c27670a86683659_fractured_62_piece_1.obj,Vase_9c06b546a29ccb2f2c27670a86683659_fractured_62_piece_0.obj is not a valid directory, skipping.
Warning: /workspace/everyday_all_2/Vase_9c06b546a29ccb2f2c27670a86683659_fractured_78_piece_0.obj,Vase_9c06b546a29ccb2f2c27670a86683659_fractured_78_piece_1.obj is not a valid directory, skipping.
Warning: /workspace/everyday_all_2/Vase_9c06b546a29ccb2f2c27670a86683659_fractured_19_piece_0.obj,Vase_9c06b546a29ccb2f2c27670a86683659_fractured_19_piece_1.obj is not a valid directory, skipping.
Warning: /workspace/everyday_all_2/Vase_9c06b546a29ccb2f2c27670a86683659_fractured_17_piece_0.obj,Vase_9c06b546a29ccb2f2c27670a86683659_fractured_17_piece_1.obj is not a valid directory, skipping.
Warning: /workspace/everyday_all_2/Vase_9c06b546a29ccb2f2c27670a86683659_fractured_7_piece_0.obj,Vase_9c06b546a29ccb2f2c27670a86683659_fractured_7_piece_1.obj is not a valid directory, skipping.
Warning: /workspace/everyday_all_2/Vase_9c06b546a29ccb2f2c27670a86683659_fractured_39_piece_1.obj,Vase_9c06b546a29ccb2f2c27670a86683659_fractured_39_piece_0.obj is not a valid directory, skipping.
Warning: /workspace/everyday_all_2/Vase_9c06b546a29ccb2f2c27670a86683659_fractured_41_piece_1.obj,Vase_9c06b546a29ccb2f2c27670a86683659_fractured_41_piece_0.obj is not a valid directory, skipping.
Warning: /workspace/everyday_all_2/Vase_9c06b546a29ccb2f2c27670a86683659_fractured_68_piece_0.obj,Vase_9c06b546a29ccb2f2c27670a86683659_fractured_68_piece_1.obj is not a valid directory, skipping.
Warning: /workspace/everyday_all_2/Vase_9c06b546a29ccb2f2c27670a86683659_fractured_50_piece_0.obj,Vase_9c06b546a29ccb2f2c27670a86683659_fractured_50_piece_1.obj is not a valid directory, skipping.
Warning: /workspace/everyday_all_2/Vase_9c06b546a29ccb2f2c27670a86683659_fractured_23_piece_0.obj,Vase_9c06b546a29ccb2f2c27670a86683659_fractured_23_piece_1.obj is not a valid directory, skipping.
Warning: /workspace/everyday_all_2/Vase_9c06b546a29ccb2f2c27670a86683659_fractured_24_piece_0.obj,Vase_9c06b546a29ccb2f2c27670a86683659_fractured_24_piece_1.obj is not a valid directory, skipping.
Warning: /workspace/everyday_all_2/Vase_9c06b546a29ccb2f2c27670a86683659_fractured_53_piece_0.obj,Vase_9c06b546a29ccb2f2c27670a86683659_fractured_53_piece_1.obj is not a valid directory, skipping.
Warning: /workspace/everyday_all_2/Vase_9c06b546a29ccb2f2c27670a86683659_fractured_63_piece_0.obj,Vase_9c06b546a29ccb2f2c27670a86683659_fractured_63_piece_1.obj is not a valid directory, skipping.
Warning: /workspace/everyday_all_2/Vase_9c06b546a29ccb2f2c27670a86683659_fractured_44_piece_0.obj,Vase_9c06b546a29ccb2f2c27670a86683659_fractured_44_piece_1.obj is not a valid directory, skipping.
Warning: /workspace/everyday_all_2/Vase_9c06b546a29ccb2f2c27670a86683659_fractured_36_piece_0.obj,Vase_9c06b546a29ccb2f2c27670a86683659_fractured_36_piece_1.obj is not a valid directory, skipping.
Warning: /workspace/everyday_all_2/Vase_9c06b546a29ccb2f2c27670a86683659_fractured_60_piece_0.obj,Vase_9c06b546a29ccb2f2c27670a86683659_fractured_60_piece_1.obj is not a valid directory, skipping.
Warning: /workspace/everyday_all_2/Vase_9c06b546a29ccb2f2c27670a86683659_fractured_49_piece_0.obj,Vase_9c06b546a29ccb2f2c27670a86683659_fractured_49_piece_1.obj is not a valid directory, skipping.
Warning: /workspace/everyday_all_2/Vase_9c06b546a29ccb2f2c27670a86683659_fractured_61_piece_0.obj,Vase_9c06b546a29ccb2f2c27670a86683659_fractured_61_piece_1.obj is not a valid directory, skipping.
Warning: /workspace/everyday_all_2/Vase_9c06b546a29ccb2f2c27670a86683659_fractured_10_piece_1.obj,Vase_9c06b546a29ccb2f2c27670a86683659_fractured_10_piece_0.obj is not a valid directory, skipping.
Warning: /workspace/everyday_all_2/Vase_9c06b546a29ccb2f2c27670a86683659_fractured_79_piece_1.obj,Vase_9c06b546a29ccb2f2c27670a86683659_fractured_79_piece_0.obj is not a valid directory, skipping.
Warning: /workspace/everyday_all_2/Vase_a0320e94417cce5b35836c728d324152_fractured_7_piece_0.obj,Vase_a0320e94417cce5b35836c728d324152_fractured_7_piece_1.obj is not a valid directory, skipping.
Warning: /workspace/everyday_all_2/Vase_a0320e94417cce5b35836c728d324152_fractured_37_piece_0.obj,Vase_a0320e94417cce5b35836c728d324152_fractured_37_piece_1.obj is not a valid directory, skipping.
Warning: /workspace/everyday_all_2/Vase_a0320e94417cce5b35836c728d324152_fractured_72_piece_0.obj,Vase_a0320e94417cce5b35836c728d324152_fractured_72_piece_1.obj is not a valid directory, skipping.
Warning: /workspace/everyday_all_2/Vase_a0320e94417cce5b35836c728d324152_fractured_31_piece_0.obj,Vase_a0320e94417cce5b35836c728d324152_fractured_31_piece_1.obj is not a valid directory, skipping.
Warning: /workspace/everyday_all_2/Vase_a0320e94417cce5b35836c728d324152_fractured_26_piece_0.obj,Vase_a0320e94417cce5b35836c728d324152_fractured_26_piece_1.obj is not a valid directory, skipping.
Warning: /workspace/everyday_all_2/Vase_a0320e94417cce5b35836c728d324152_fractured_19_piece_0.obj,Vase_a0320e94417cce5b35836c728d324152_fractured_19_piece_1.obj is not a valid directory, skipping.
Warning: /workspace/everyday_all_2/Vase_a0320e94417cce5b35836c728d324152_fractured_44_piece_1.obj,Vase_a0320e94417cce5b35836c728d324152_fractured_44_piece_0.obj is not a valid directory, skipping.
Warning: /workspace/everyday_all_2/Vase_a0320e94417cce5b35836c728d324152_fractured_38_piece_0.obj,Vase_a0320e94417cce5b35836c728d324152_fractured_38_piece_1.obj is not a valid directory, skipping.
Warning: /workspace/everyday_all_2/Vase_a0320e94417cce5b35836c728d324152_fractured_65_piece_0.obj,Vase_a0320e94417cce5b35836c728d324152_fractured_65_piece_1.obj is not a valid directory, skipping.
Warning: /workspace/everyday_all_2/Vase_a0320e94417cce5b35836c728d324152_fractured_29_piece_0.obj,Vase_a0320e94417cce5b35836c728d324152_fractured_29_piece_1.obj is not a valid directory, skipping.
Warning: /workspace/everyday_all_2/Vase_a0320e94417cce5b35836c728d324152_fractured_68_piece_0.obj,Vase_a0320e94417cce5b35836c728d324152_fractured_68_piece_1.obj is not a valid directory, skipping.
Warning: /workspace/everyday_all_2/Vase_a0320e94417cce5b35836c728d324152_fractured_4_piece_1.obj,Vase_a0320e94417cce5b35836c728d324152_fractured_4_piece_0.obj is not a valid directory, skipping.
Warning: /workspace/everyday_all_2/Vase_a0320e94417cce5b35836c728d324152_fractured_70_piece_0.obj,Vase_a0320e94417cce5b35836c728d324152_fractured_70_piece_1.obj is not a valid directory, skipping.
Warning: /workspace/everyday_all_2/Mug_2_fractured_42_piece_0.obj,Mug_2_fractured_42_piece_1.obj is not a valid directory, skipping.
Warning: /workspace/everyday_all_2/Mug_2_fractured_70_piece_0.obj,Mug_2_fractured_70_piece_1.obj is not a valid directory, skipping.
Warning: /workspace/everyday_all_2/Mug_2_fractured_68_piece_0.obj,Mug_2_fractured_68_piece_1.obj is not a valid directory, skipping.
Warning: /workspace/everyday_all_2/Mug_2_fractured_13_piece_0.obj,Mug_2_fractured_13_piece_1.obj is not a valid directory, skipping.
Warning: /workspace/everyday_all_2/Mug_2_fractured_30_piece_0.obj,Mug_2_fractured_30_piece_1.obj is not a valid directory, skipping.
Warning: /workspace/everyday_all_2/Mug_2_fractured_17_piece_0.obj,Mug_2_fractured_17_piece_1.obj is not a valid directory, skipping.
Warning: /workspace/everyday_all_2/Vase_1a8f9295b44b48895e8c5748ca5ef3ea_fractured_13_piece_0.obj,Vase_1a8f9295b44b48895e8c5748ca5ef3ea_fractured_13_piece_1.obj is not a valid directory, skipping.
Warning: /workspace/everyday_all_2/Vase_1a8f9295b44b48895e8c5748ca5ef3ea_fractured_31_piece_0.obj,Vase_1a8f9295b44b48895e8c5748ca5ef3ea_fractured_31_piece_1.obj is not a valid directory, skipping.
Warning: /workspace/everyday_all_2/Vase_1a8f9295b44b48895e8c5748ca5ef3ea_fractured_8_piece_0.obj,Vase_1a8f9295b44b48895e8c5748ca5ef3ea_fractured_8_piece_1.obj is not a valid directory, skipping.
Warning: /workspace/everyday_all_2/Vase_1a8f9295b44b48895e8c5748ca5ef3ea_fractured_11_piece_0.obj,Vase_1a8f9295b44b48895e8c5748ca5ef3ea_fractured_11_piece_1.obj is not a valid directory, skipping.
Warning: /workspace/everyday_all_2/Vase_1a8f9295b44b48895e8c5748ca5ef3ea_fractured_1_piece_0.obj,Vase_1a8f9295b44b48895e8c5748ca5ef3ea_fractured_1_piece_1.obj is not a valid directory, skipping.
Warning: /workspace/everyday_all_2/Vase_1a8f9295b44b48895e8c5748ca5ef3ea_fractured_68_piece_0.obj,Vase_1a8f9295b44b48895e8c5748ca5ef3ea_fractured_68_piece_1.obj is not a valid directory, skipping.
Warning: /workspace/everyday_all_2/Vase_1a8f9295b44b48895e8c5748ca5ef3ea_fractured_24_piece_0.obj,Vase_1a8f9295b44b48895e8c5748ca5ef3ea_fractured_24_piece_1.obj is not a valid directory, skipping.
Warning: /workspace/everyday_all_2/Vase_1a8f9295b44b48895e8c5748ca5ef3ea_fractured_34_piece_0.obj,Vase_1a8f9295b44b48895e8c5748ca5ef3ea_fractured_34_piece_1.obj is not a valid directory, skipping.
Warning: /workspace/everyday_all_2/Vase_1a8f9295b44b48895e8c5748ca5ef3ea_fractured_17_piece_0.obj,Vase_1a8f9295b44b48895e8c5748ca5ef3ea_fractured_17_piece_1.obj is not a valid directory, skipping.
Warning: /workspace/everyday_all_2/Vase_1a8f9295b44b48895e8c5748ca5ef3ea_fractured_66_piece_1.obj,Vase_1a8f9295b44b48895e8c5748ca5ef3ea_fractured_66_piece_0.obj is not a valid directory, skipping.
Warning: /workspace/everyday_all_2/Vase_1a8f9295b44b48895e8c5748ca5ef3ea_fractured_15_piece_1.obj,Vase_1a8f9295b44b48895e8c5748ca5ef3ea_fractured_15_piece_0.obj is not a valid directory, skipping.
Warning: /workspace/everyday_all_2/Vase_1a8f9295b44b48895e8c5748ca5ef3ea_fractured_27_piece_1.obj,Vase_1a8f9295b44b48895e8c5748ca5ef3ea_fractured_27_piece_0.obj is not a valid directory, skipping.
Warning: /workspace/everyday_all_2/Vase_1a8f9295b44b48895e8c5748ca5ef3ea_fractured_21_piece_0.obj,Vase_1a8f9295b44b48895e8c5748ca5ef3ea_fractured_21_piece_1.obj is not a valid directory, skipping.
Warning: /workspace/everyday_all_2/Vase_1a8f9295b44b48895e8c5748ca5ef3ea_fractured_69_piece_0.obj,Vase_1a8f9295b44b48895e8c5748ca5ef3ea_fractured_69_piece_1.obj is not a valid directory, skipping.
Warning: /workspace/everyday_all_2/Vase_1a8f9295b44b48895e8c5748ca5ef3ea_fractured_54_piece_0.obj,Vase_1a8f9295b44b48895e8c5748ca5ef3ea_fractured_54_piece_1.obj is not a valid directory, skipping.
Warning: /workspace/everyday_all_2/Vase_1a8f9295b44b48895e8c5748ca5ef3ea_fractured_70_piece_1.obj,Vase_1a8f9295b44b48895e8c5748ca5ef3ea_fractured_70_piece_0.obj is not a valid directory, skipping.
Warning: /workspace/everyday_all_2/Vase_1a8f9295b44b48895e8c5748ca5ef3ea_fractured_39_piece_1.obj,Vase_1a8f9295b44b48895e8c5748ca5ef3ea_fractured_39_piece_0.obj is not a valid directory, skipping.
Warning: /workspace/everyday_all_2/Vase_1a8f9295b44b48895e8c5748ca5ef3ea_fractured_64_piece_0.obj,Vase_1a8f9295b44b48895e8c5748ca5ef3ea_fractured_64_piece_1.obj is not a valid directory, skipping.
Warning: /workspace/everyday_all_2/Vase_1a8f9295b44b48895e8c5748ca5ef3ea_fractured_45_piece_0.obj,Vase_1a8f9295b44b48895e8c5748ca5ef3ea_fractured_45_piece_1.obj is not a valid directory, skipping.
Warning: /workspace/everyday_all_2/Vase_1a8f9295b44b48895e8c5748ca5ef3ea_fractured_14_piece_0.obj,Vase_1a8f9295b44b48895e8c5748ca5ef3ea_fractured_14_piece_1.obj is not a valid directory, skipping.
Warning: /workspace/everyday_all_2/Vase_1a8f9295b44b48895e8c5748ca5ef3ea_fractured_65_piece_0.obj,Vase_1a8f9295b44b48895e8c5748ca5ef3ea_fractured_65_piece_1.obj is not a valid directory, skipping.
Warning: /workspace/everyday_all_2/Vase_1a8f9295b44b48895e8c5748ca5ef3ea_fractured_5_piece_0.obj,Vase_1a8f9295b44b48895e8c5748ca5ef3ea_fractured_5_piece_1.obj is not a valid directory, skipping.
Warning: /workspace/everyday_all_2/Vase_1a8f9295b44b48895e8c5748ca5ef3ea_fractured_67_piece_0.obj,Vase_1a8f9295b44b48895e8c5748ca5ef3ea_fractured_67_piece_1.obj is not a valid directory, skipping.
Warning: /workspace/everyday_all_2/Vase_1a8f9295b44b48895e8c5748ca5ef3ea_fractured_23_piece_0.obj,Vase_1a8f9295b44b48895e8c5748ca5ef3ea_fractured_23_piece_1.obj is not a valid directory, skipping.
Warning: /workspace/everyday_all_2/Vase_1a8f9295b44b48895e8c5748ca5ef3ea_fractured_71_piece_0.obj,Vase_1a8f9295b44b48895e8c5748ca5ef3ea_fractured_71_piece_1.obj is not a valid directory, skipping.
Warning: /workspace/everyday_all_2/Vase_1a8f9295b44b48895e8c5748ca5ef3ea_fractured_73_piece_0.obj,Vase_1a8f9295b44b48895e8c5748ca5ef3ea_fractured_73_piece_1.obj is not a valid directory, skipping.
Warning: /workspace/everyday_all_2/Vase_1a8f9295b44b48895e8c5748ca5ef3ea_fractured_41_piece_0.obj,Vase_1a8f9295b44b48895e8c5748ca5ef3ea_fractured_41_piece_1.obj is not a valid directory, skipping.
Warning: /workspace/everyday_all_2/DrinkingUtensil_5600c26d4baa13d730612f5c0ef21eb8_fractured_61_piece_0.obj,DrinkingUtensil_5600c26d4baa13d730612f5c0ef21eb8_fractured_61_piece_1.obj is not a valid directory, skipping.
Warning: /workspace/everyday_all_2/DrinkingUtensil_5600c26d4baa13d730612f5c0ef21eb8_fractured_53_piece_0.obj,DrinkingUtensil_5600c26d4baa13d730612f5c0ef21eb8_fractured_53_piece_1.obj is not a valid directory, skipping.
Warning: /workspace/everyday_all_2/DrinkingUtensil_5600c26d4baa13d730612f5c0ef21eb8_fractured_56_piece_0.obj,DrinkingUtensil_5600c26d4baa13d730612f5c0ef21eb8_fractured_56_piece_1.obj is not a valid directory, skipping.
Warning: /workspace/everyday_all_2/DrinkingUtensil_5600c26d4baa13d730612f5c0ef21eb8_fractured_18_piece_0.obj,DrinkingUtensil_5600c26d4baa13d730612f5c0ef21eb8_fractured_18_piece_1.obj is not a valid directory, skipping.
Warning: /workspace/everyday_all_2/DrinkingUtensil_5600c26d4baa13d730612f5c0ef21eb8_fractured_24_piece_0.obj,DrinkingUtensil_5600c26d4baa13d730612f5c0ef21eb8_fractured_24_piece_1.obj is not a valid directory, skipping.
Warning: /workspace/everyday_all_2/DrinkingUtensil_5600c26d4baa13d730612f5c0ef21eb8_fractured_78_piece_0.obj,DrinkingUtensil_5600c26d4baa13d730612f5c0ef21eb8_fractured_78_piece_1.obj is not a valid directory, skipping.
Warning: /workspace/everyday_all_2/DrinkingUtensil_5600c26d4baa13d730612f5c0ef21eb8_fractured_13_piece_0.obj,DrinkingUtensil_5600c26d4baa13d730612f5c0ef21eb8_fractured_13_piece_1.obj is not a valid directory, skipping.
Warning: /workspace/everyday_all_2/DrinkingUtensil_5600c26d4baa13d730612f5c0ef21eb8_fractured_11_piece_0.obj,DrinkingUtensil_5600c26d4baa13d730612f5c0ef21eb8_fractured_11_piece_1.obj is not a valid directory, skipping.
Warning: /workspace/everyday_all_2/DrinkingUtensil_5600c26d4baa13d730612f5c0ef21eb8_fractured_9_piece_0.obj,DrinkingUtensil_5600c26d4baa13d730612f5c0ef21eb8_fractured_9_piece_1.obj is not a valid directory, skipping.
Warning: /workspace/everyday_all_2/DrinkingUtensil_5600c26d4baa13d730612f5c0ef21eb8_fractured_74_piece_0.obj,DrinkingUtensil_5600c26d4baa13d730612f5c0ef21eb8_fractured_74_piece_1.obj is not a valid directory, skipping.
Warning: /workspace/everyday_all_2/Bowl_960c5c5bff2d3a4bbced73c51e99f8b2_mode_1_piece_0.obj,Bowl_960c5c5bff2d3a4bbced73c51e99f8b2_mode_1_piece_1.obj is not a valid directory, skipping.
Warning: /workspace/everyday_all_2/Bowl_c5a2f2b387962f95efa86b03d795ce7f_fractured_41_piece_0.obj,Bowl_c5a2f2b387962f95efa86b03d795ce7f_fractured_41_piece_1.obj is not a valid directory, skipping.
Warning: /workspace/everyday_all_2/Bowl_c5a2f2b387962f95efa86b03d795ce7f_fractured_53_piece_0.obj,Bowl_c5a2f2b387962f95efa86b03d795ce7f_fractured_53_piece_1.obj is not a valid directory, skipping.
Warning: /workspace/everyday_all_2/Bowl_c5a2f2b387962f95efa86b03d795ce7f_fractured_39_piece_0.obj,Bowl_c5a2f2b387962f95efa86b03d795ce7f_fractured_39_piece_1.obj is not a valid directory, skipping.
Warning: /workspace/everyday_all_2/Bowl_c5a2f2b387962f95efa86b03d795ce7f_fractured_76_piece_0.obj,Bowl_c5a2f2b387962f95efa86b03d795ce7f_fractured_76_piece_1.obj is not a valid directory, skipping.
Warning: /workspace/everyday_all_2/Bowl_c5a2f2b387962f95efa86b03d795ce7f_fractured_1_piece_0.obj,Bowl_c5a2f2b387962f95efa86b03d795ce7f_fractured_1_piece_1.obj is not a valid directory, skipping.
Warning: /workspace/everyday_all_2/Bowl_c5a2f2b387962f95efa86b03d795ce7f_fractured_21_piece_0.obj,Bowl_c5a2f2b387962f95efa86b03d795ce7f_fractured_21_piece_1.obj is not a valid directory, skipping.
Warning: /workspace/everyday_all_2/Bowl_c5a2f2b387962f95efa86b03d795ce7f_fractured_45_piece_0.obj,Bowl_c5a2f2b387962f95efa86b03d795ce7f_fractured_45_piece_1.obj is not a valid directory, skipping.
Warning: /workspace/everyday_all_2/Bowl_c5a2f2b387962f95efa86b03d795ce7f_fractured_6_piece_0.obj,Bowl_c5a2f2b387962f95efa86b03d795ce7f_fractured_6_piece_1.obj is not a valid directory, skipping.
Warning: /workspace/everyday_all_2/Bowl_c5a2f2b387962f95efa86b03d795ce7f_fractured_78_piece_0.obj,Bowl_c5a2f2b387962f95efa86b03d795ce7f_fractured_78_piece_1.obj is not a valid directory, skipping.
Warning: /workspace/everyday_all_2/Bowl_c5a2f2b387962f95efa86b03d795ce7f_fractured_23_piece_0.obj,Bowl_c5a2f2b387962f95efa86b03d795ce7f_fractured_23_piece_1.obj is not a valid directory, skipping.
Warning: /workspace/everyday_all_2/Bowl_c5a2f2b387962f95efa86b03d795ce7f_fractured_58_piece_0.obj,Bowl_c5a2f2b387962f95efa86b03d795ce7f_fractured_58_piece_1.obj is not a valid directory, skipping.
Warning: /workspace/everyday_all_2/Bowl_c5a2f2b387962f95efa86b03d795ce7f_fractured_38_piece_0.obj,Bowl_c5a2f2b387962f95efa86b03d795ce7f_fractured_38_piece_1.obj is not a valid directory, skipping.
Warning: /workspace/everyday_all_2/Bowl_c5a2f2b387962f95efa86b03d795ce7f_fractured_74_piece_0.obj,Bowl_c5a2f2b387962f95efa86b03d795ce7f_fractured_74_piece_1.obj is not a valid directory, skipping.
Warning: /workspace/everyday_all_2/Mirror_28f1c6c292c0190480360680c1602c7d_fractured_9_piece_0.obj,Mirror_28f1c6c292c0190480360680c1602c7d_fractured_9_piece_1.obj is not a valid directory, skipping.
Warning: /workspace/everyday_all_2/Mirror_28f1c6c292c0190480360680c1602c7d_fractured_72_piece_0.obj,Mirror_28f1c6c292c0190480360680c1602c7d_fractured_72_piece_1.obj is not a valid directory, skipping.
Warning: /workspace/everyday_all_2/Mirror_28f1c6c292c0190480360680c1602c7d_fractured_48_piece_0.obj,Mirror_28f1c6c292c0190480360680c1602c7d_fractured_48_piece_1.obj is not a valid directory, skipping.
Warning: /workspace/everyday_all_2/Mirror_28f1c6c292c0190480360680c1602c7d_fractured_3_piece_0.obj,Mirror_28f1c6c292c0190480360680c1602c7d_fractured_3_piece_1.obj is not a valid directory, skipping.
Warning: /workspace/everyday_all_2/Mirror_28f1c6c292c0190480360680c1602c7d_fractured_61_piece_0.obj,Mirror_28f1c6c292c0190480360680c1602c7d_fractured_61_piece_1.obj is not a valid directory, skipping.
Warning: /workspace/everyday_all_2/Mirror_28f1c6c292c0190480360680c1602c7d_fractured_54_piece_0.obj,Mirror_28f1c6c292c0190480360680c1602c7d_fractured_54_piece_1.obj is not a valid directory, skipping.
Warning: /workspace/everyday_all_2/Mirror_28f1c6c292c0190480360680c1602c7d_fractured_52_piece_0.obj,Mirror_28f1c6c292c0190480360680c1602c7d_fractured_52_piece_1.obj is not a valid directory, skipping.
Warning: /workspace/everyday_all_2/Mirror_28f1c6c292c0190480360680c1602c7d_fractured_4_piece_0.obj,Mirror_28f1c6c292c0190480360680c1602c7d_fractured_4_piece_1.obj is not a valid directory, skipping.
Warning: /workspace/everyday_all_2/Mirror_28f1c6c292c0190480360680c1602c7d_fractured_24_piece_0.obj,Mirror_28f1c6c292c0190480360680c1602c7d_fractured_24_piece_1.obj is not a valid directory, skipping.
Warning: /workspace/everyday_all_2/Mirror_506137c7512fe09271d95e285252f806_fractured_59_piece_0.obj,Mirror_506137c7512fe09271d95e285252f806_fractured_59_piece_1.obj is not a valid directory, skipping.
Warning: /workspace/everyday_all_2/Mirror_506137c7512fe09271d95e285252f806_fractured_65_piece_0.obj,Mirror_506137c7512fe09271d95e285252f806_fractured_65_piece_1.obj is not a valid directory, skipping.
Warning: /workspace/everyday_all_2/Mirror_506137c7512fe09271d95e285252f806_fractured_62_piece_0.obj,Mirror_506137c7512fe09271d95e285252f806_fractured_62_piece_1.obj is not a valid directory, skipping.
Warning: /workspace/everyday_all_2/Mirror_506137c7512fe09271d95e285252f806_fractured_7_piece_0.obj,Mirror_506137c7512fe09271d95e285252f806_fractured_7_piece_1.obj is not a valid directory, skipping.
Warning: /workspace/everyday_all_2/Mirror_506137c7512fe09271d95e285252f806_fractured_52_piece_0.obj,Mirror_506137c7512fe09271d95e285252f806_fractured_52_piece_1.obj is not a valid directory, skipping.
Warning: /workspace/everyday_all_2/Mirror_506137c7512fe09271d95e285252f806_fractured_76_piece_0.obj,Mirror_506137c7512fe09271d95e285252f806_fractured_76_piece_1.obj is not a valid directory, skipping.
Warning: /workspace/everyday_all_2/Mirror_506137c7512fe09271d95e285252f806_fractured_40_piece_0.obj,Mirror_506137c7512fe09271d95e285252f806_fractured_40_piece_1.obj is not a valid directory, skipping.
Warning: /workspace/everyday_all_2/Mirror_506137c7512fe09271d95e285252f806_fractured_6_piece_0.obj,Mirror_506137c7512fe09271d95e285252f806_fractured_6_piece_1.obj is not a valid directory, skipping.
Warning: /workspace/everyday_all_2/Mirror_506137c7512fe09271d95e285252f806_fractured_30_piece_0.obj,Mirror_506137c7512fe09271d95e285252f806_fractured_30_piece_1.obj is not a valid directory, skipping.
Warning: /workspace/everyday_all_2/Vase_3e8fd535abd8381c614be109ad41e469_fractured_3_piece_0.obj,Vase_3e8fd535abd8381c614be109ad41e469_fractured_3_piece_1.obj is not a valid directory, skipping.
Warning: /workspace/everyday_all_2/Vase_3e8fd535abd8381c614be109ad41e469_fractured_68_piece_0.obj,Vase_3e8fd535abd8381c614be109ad41e469_fractured_68_piece_1.obj is not a valid directory, skipping.
Warning: /workspace/everyday_all_2/Vase_3e8fd535abd8381c614be109ad41e469_fractured_66_piece_0.obj,Vase_3e8fd535abd8381c614be109ad41e469_fractured_66_piece_1.obj is not a valid directory, skipping.
Warning: /workspace/everyday_all_2/Vase_3e8fd535abd8381c614be109ad41e469_fractured_65_piece_1.obj,Vase_3e8fd535abd8381c614be109ad41e469_fractured_65_piece_0.obj is not a valid directory, skipping.
Warning: /workspace/everyday_all_2/Vase_3e8fd535abd8381c614be109ad41e469_fractured_37_piece_0.obj,Vase_3e8fd535abd8381c614be109ad41e469_fractured_37_piece_1.obj is not a valid directory, skipping.
Warning: /workspace/everyday_all_2/Vase_3e8fd535abd8381c614be109ad41e469_fractured_67_piece_0.obj,Vase_3e8fd535abd8381c614be109ad41e469_fractured_67_piece_1.obj is not a valid directory, skipping.
Warning: /workspace/everyday_all_2/Vase_3e8fd535abd8381c614be109ad41e469_fractured_77_piece_0.obj,Vase_3e8fd535abd8381c614be109ad41e469_fractured_77_piece_1.obj is not a valid directory, skipping.
Warning: /workspace/everyday_all_2/Vase_3e8fd535abd8381c614be109ad41e469_fractured_69_piece_1.obj,Vase_3e8fd535abd8381c614be109ad41e469_fractured_69_piece_0.obj is not a valid directory, skipping.
Warning: /workspace/everyday_all_2/Vase_3e8fd535abd8381c614be109ad41e469_fractured_57_piece_0.obj,Vase_3e8fd535abd8381c614be109ad41e469_fractured_57_piece_1.obj is not a valid directory, skipping.
Warning: /workspace/everyday_all_2/Vase_3e8fd535abd8381c614be109ad41e469_fractured_56_piece_0.obj,Vase_3e8fd535abd8381c614be109ad41e469_fractured_56_piece_1.obj is not a valid directory, skipping.
Warning: /workspace/everyday_all_2/Mirror_1dc7f7d076afd0ccf11c3739edd52fa3_fractured_26_piece_0.obj,Mirror_1dc7f7d076afd0ccf11c3739edd52fa3_fractured_26_piece_1.obj is not a valid directory, skipping.
Warning: /workspace/everyday_all_2/Mirror_1dc7f7d076afd0ccf11c3739edd52fa3_fractured_32_piece_0.obj,Mirror_1dc7f7d076afd0ccf11c3739edd52fa3_fractured_32_piece_1.obj is not a valid directory, skipping.
Warning: /workspace/everyday_all_2/Mirror_1dc7f7d076afd0ccf11c3739edd52fa3_fractured_58_piece_0.obj,Mirror_1dc7f7d076afd0ccf11c3739edd52fa3_fractured_58_piece_1.obj is not a valid directory, skipping.
Warning: /workspace/everyday_all_2/Mirror_1dc7f7d076afd0ccf11c3739edd52fa3_fractured_18_piece_0.obj,Mirror_1dc7f7d076afd0ccf11c3739edd52fa3_fractured_18_piece_1.obj is not a valid directory, skipping.
Warning: /workspace/everyday_all_2/Mirror_1dc7f7d076afd0ccf11c3739edd52fa3_fractured_10_piece_0.obj,Mirror_1dc7f7d076afd0ccf11c3739edd52fa3_fractured_10_piece_1.obj is not a valid directory, skipping.
Warning: /workspace/everyday_all_2/Mirror_1dc7f7d076afd0ccf11c3739edd52fa3_fractured_45_piece_0.obj,Mirror_1dc7f7d076afd0ccf11c3739edd52fa3_fractured_45_piece_1.obj is not a valid directory, skipping.
Warning: /workspace/everyday_all_2/Mirror_1dc7f7d076afd0ccf11c3739edd52fa3_fractured_74_piece_0.obj,Mirror_1dc7f7d076afd0ccf11c3739edd52fa3_fractured_74_piece_1.obj is not a valid directory, skipping.
Warning: /workspace/everyday_all_2/Mirror_1dc7f7d076afd0ccf11c3739edd52fa3_fractured_48_piece_0.obj,Mirror_1dc7f7d076afd0ccf11c3739edd52fa3_fractured_48_piece_1.obj is not a valid directory, skipping.
Warning: /workspace/everyday_all_2/Mirror_1dc7f7d076afd0ccf11c3739edd52fa3_fractured_44_piece_0.obj,Mirror_1dc7f7d076afd0ccf11c3739edd52fa3_fractured_44_piece_1.obj is not a valid directory, skipping.
Warning: /workspace/everyday_all_2/Mirror_1dc7f7d076afd0ccf11c3739edd52fa3_fractured_13_piece_0.obj,Mirror_1dc7f7d076afd0ccf11c3739edd52fa3_fractured_13_piece_1.obj is not a valid directory, skipping.
Warning: /workspace/everyday_all_2/Mirror_1dc7f7d076afd0ccf11c3739edd52fa3_fractured_8_piece_0.obj,Mirror_1dc7f7d076afd0ccf11c3739edd52fa3_fractured_8_piece_1.obj is not a valid directory, skipping.
Warning: /workspace/everyday_all_2/Mirror_1dc7f7d076afd0ccf11c3739edd52fa3_fractured_33_piece_0.obj,Mirror_1dc7f7d076afd0ccf11c3739edd52fa3_fractured_33_piece_1.obj is not a valid directory, skipping.
Warning: /workspace/everyday_all_2/Mug_542235fc88d22e1e3406473757712946_fractured_45_piece_0.obj,Mug_542235fc88d22e1e3406473757712946_fractured_45_piece_1.obj is not a valid directory, skipping.
Warning: /workspace/everyday_all_2/Mug_542235fc88d22e1e3406473757712946_fractured_44_piece_0.obj,Mug_542235fc88d22e1e3406473757712946_fractured_44_piece_1.obj is not a valid directory, skipping.
Warning: /workspace/everyday_all_2/Mug_542235fc88d22e1e3406473757712946_fractured_47_piece_0.obj,Mug_542235fc88d22e1e3406473757712946_fractured_47_piece_1.obj is not a valid directory, skipping.
Warning: /workspace/everyday_all_2/Mug_542235fc88d22e1e3406473757712946_fractured_50_piece_0.obj,Mug_542235fc88d22e1e3406473757712946_fractured_50_piece_1.obj is not a valid directory, skipping.
Warning: /workspace/everyday_all_2/Mug_542235fc88d22e1e3406473757712946_fractured_0_piece_0.obj,Mug_542235fc88d22e1e3406473757712946_fractured_0_piece_1.obj is not a valid directory, skipping.
Warning: /workspace/everyday_all_2/Mug_542235fc88d22e1e3406473757712946_fractured_10_piece_0.obj,Mug_542235fc88d22e1e3406473757712946_fractured_10_piece_1.obj is not a valid directory, skipping.
Warning: /workspace/everyday_all_2/Mug_542235fc88d22e1e3406473757712946_fractured_38_piece_0.obj,Mug_542235fc88d22e1e3406473757712946_fractured_38_piece_1.obj is not a valid directory, skipping.
Warning: /workspace/everyday_all_2/Mug_542235fc88d22e1e3406473757712946_fractured_57_piece_0.obj,Mug_542235fc88d22e1e3406473757712946_fractured_57_piece_1.obj is not a valid directory, skipping.
Warning: /workspace/everyday_all_2/Mug_542235fc88d22e1e3406473757712946_fractured_13_piece_0.obj,Mug_542235fc88d22e1e3406473757712946_fractured_13_piece_1.obj is not a valid directory, skipping.
Warning: /workspace/everyday_all_2/Mug_542235fc88d22e1e3406473757712946_fractured_7_piece_0.obj,Mug_542235fc88d22e1e3406473757712946_fractured_7_piece_1.obj is not a valid directory, skipping.
Warning: /workspace/everyday_all_2/Bottle_fa44223c6f785c60e71da2487cb2ee5b_fractured_52_piece_0.obj,Bottle_fa44223c6f785c60e71da2487cb2ee5b_fractured_52_piece_1.obj is not a valid directory, skipping.
Warning: /workspace/everyday_all_2/Bottle_fa44223c6f785c60e71da2487cb2ee5b_fractured_13_piece_0.obj,Bottle_fa44223c6f785c60e71da2487cb2ee5b_fractured_13_piece_1.obj is not a valid directory, skipping.
Warning: /workspace/everyday_all_2/Bottle_fa44223c6f785c60e71da2487cb2ee5b_fractured_37_piece_0.obj,Bottle_fa44223c6f785c60e71da2487cb2ee5b_fractured_37_piece_1.obj is not a valid directory, skipping.
Warning: /workspace/everyday_all_2/Bottle_fa44223c6f785c60e71da2487cb2ee5b_fractured_79_piece_0.obj,Bottle_fa44223c6f785c60e71da2487cb2ee5b_fractured_79_piece_1.obj is not a valid directory, skipping.
Warning: /workspace/everyday_all_2/Bottle_fa44223c6f785c60e71da2487cb2ee5b_fractured_11_piece_0.obj,Bottle_fa44223c6f785c60e71da2487cb2ee5b_fractured_11_piece_1.obj is not a valid directory, skipping.
Warning: /workspace/everyday_all_2/Bottle_fa44223c6f785c60e71da2487cb2ee5b_fractured_57_piece_0.obj,Bottle_fa44223c6f785c60e71da2487cb2ee5b_fractured_57_piece_1.obj is not a valid directory, skipping.
Warning: /workspace/everyday_all_2/Bottle_fa44223c6f785c60e71da2487cb2ee5b_fractured_42_piece_0.obj,Bottle_fa44223c6f785c60e71da2487cb2ee5b_fractured_42_piece_1.obj is not a valid directory, skipping.
Warning: /workspace/everyday_all_2/Bottle_fa44223c6f785c60e71da2487cb2ee5b_fractured_17_piece_0.obj,Bottle_fa44223c6f785c60e71da2487cb2ee5b_fractured_17_piece_1.obj is not a valid directory, skipping.
Warning: /workspace/everyday_all_2/Bottle_fa44223c6f785c60e71da2487cb2ee5b_fractured_50_piece_0.obj,Bottle_fa44223c6f785c60e71da2487cb2ee5b_fractured_50_piece_1.obj is not a valid directory, skipping.
Warning: /workspace/everyday_all_2/Bottle_fa44223c6f785c60e71da2487cb2ee5b_fractured_72_piece_0.obj,Bottle_fa44223c6f785c60e71da2487cb2ee5b_fractured_72_piece_1.obj is not a valid directory, skipping.
Warning: /workspace/everyday_all_2/Bottle_fa44223c6f785c60e71da2487cb2ee5b_fractured_3_piece_0.obj,Bottle_fa44223c6f785c60e71da2487cb2ee5b_fractured_3_piece_1.obj is not a valid directory, skipping.
Warning: /workspace/everyday_all_2/Bottle_fa44223c6f785c60e71da2487cb2ee5b_fractured_60_piece_0.obj,Bottle_fa44223c6f785c60e71da2487cb2ee5b_fractured_60_piece_1.obj is not a valid directory, skipping.
Warning: /workspace/everyday_all_2/Bottle_fa44223c6f785c60e71da2487cb2ee5b_fractured_54_piece_0.obj,Bottle_fa44223c6f785c60e71da2487cb2ee5b_fractured_54_piece_1.obj is not a valid directory, skipping.
Warning: /workspace/everyday_all_2/Bottle_fa44223c6f785c60e71da2487cb2ee5b_fractured_70_piece_0.obj,Bottle_fa44223c6f785c60e71da2487cb2ee5b_fractured_70_piece_1.obj is not a valid directory, skipping.
Warning: /workspace/everyday_all_2/ToyFigure_b7533865b357f4a4aa008dc56caffad9_fractured_31_piece_0.obj,ToyFigure_b7533865b357f4a4aa008dc56caffad9_fractured_31_piece_1.obj is not a valid directory, skipping.
Warning: /workspace/everyday_all_2/ToyFigure_b7533865b357f4a4aa008dc56caffad9_fractured_17_piece_0.obj,ToyFigure_b7533865b357f4a4aa008dc56caffad9_fractured_17_piece_1.obj is not a valid directory, skipping.
Warning: /workspace/everyday_all_2/ToyFigure_b7533865b357f4a4aa008dc56caffad9_fractured_18_piece_0.obj,ToyFigure_b7533865b357f4a4aa008dc56caffad9_fractured_18_piece_1.obj is not a valid directory, skipping.
Warning: /workspace/everyday_all_2/ToyFigure_b7533865b357f4a4aa008dc56caffad9_fractured_58_piece_0.obj,ToyFigure_b7533865b357f4a4aa008dc56caffad9_fractured_58_piece_1.obj is not a valid directory, skipping.
Warning: /workspace/everyday_all_2/ToyFigure_b7533865b357f4a4aa008dc56caffad9_fractured_34_piece_0.obj,ToyFigure_b7533865b357f4a4aa008dc56caffad9_fractured_34_piece_1.obj is not a valid directory, skipping.
Warning: /workspace/everyday_all_2/ToyFigure_b7533865b357f4a4aa008dc56caffad9_fractured_48_piece_0.obj,ToyFigure_b7533865b357f4a4aa008dc56caffad9_fractured_48_piece_1.obj is not a valid directory, skipping.
Warning: /workspace/everyday_all_2/ToyFigure_b7533865b357f4a4aa008dc56caffad9_fractured_77_piece_0.obj,ToyFigure_b7533865b357f4a4aa008dc56caffad9_fractured_77_piece_1.obj is not a valid directory, skipping.
Warning: /workspace/everyday_all_2/ToyFigure_b7533865b357f4a4aa008dc56caffad9_fractured_59_piece_0.obj,ToyFigure_b7533865b357f4a4aa008dc56caffad9_fractured_59_piece_1.obj is not a valid directory, skipping.
Warning: /workspace/everyday_all_2/ToyFigure_b7533865b357f4a4aa008dc56caffad9_fractured_57_piece_0.obj,ToyFigure_b7533865b357f4a4aa008dc56caffad9_fractured_57_piece_1.obj is not a valid directory, skipping.
Warning: /workspace/everyday_all_2/ToyFigure_b7533865b357f4a4aa008dc56caffad9_fractured_11_piece_0.obj,ToyFigure_b7533865b357f4a4aa008dc56caffad9_fractured_11_piece_1.obj is not a valid directory, skipping.
Warning: /workspace/everyday_all_2/ToyFigure_b7533865b357f4a4aa008dc56caffad9_fractured_53_piece_0.obj,ToyFigure_b7533865b357f4a4aa008dc56caffad9_fractured_53_piece_1.obj is not a valid directory, skipping.
Warning: /workspace/everyday_all_2/ToyFigure_b7533865b357f4a4aa008dc56caffad9_fractured_27_piece_0.obj,ToyFigure_b7533865b357f4a4aa008dc56caffad9_fractured_27_piece_1.obj is not a valid directory, skipping.
Warning: /workspace/everyday_all_2/ToyFigure_b7533865b357f4a4aa008dc56caffad9_fractured_76_piece_0.obj,ToyFigure_b7533865b357f4a4aa008dc56caffad9_fractured_76_piece_1.obj is not a valid directory, skipping.
Warning: /workspace/everyday_all_2/ToyFigure_b7533865b357f4a4aa008dc56caffad9_fractured_15_piece_0.obj,ToyFigure_b7533865b357f4a4aa008dc56caffad9_fractured_15_piece_1.obj is not a valid directory, skipping.
Warning: /workspace/everyday_all_2/ToyFigure_b7533865b357f4a4aa008dc56caffad9_fractured_62_piece_0.obj,ToyFigure_b7533865b357f4a4aa008dc56caffad9_fractured_62_piece_1.obj is not a valid directory, skipping.
Warning: /workspace/everyday_all_2/ToyFigure_b7533865b357f4a4aa008dc56caffad9_fractured_55_piece_0.obj,ToyFigure_b7533865b357f4a4aa008dc56caffad9_fractured_55_piece_1.obj is not a valid directory, skipping.
Warning: /workspace/everyday_all_2/ToyFigure_b7533865b357f4a4aa008dc56caffad9_fractured_8_piece_0.obj,ToyFigure_b7533865b357f4a4aa008dc56caffad9_fractured_8_piece_1.obj is not a valid directory, skipping.
Warning: /workspace/everyday_all_2/ToyFigure_b7533865b357f4a4aa008dc56caffad9_fractured_13_piece_0.obj,ToyFigure_b7533865b357f4a4aa008dc56caffad9_fractured_13_piece_1.obj is not a valid directory, skipping.
Warning: /workspace/everyday_all_2/ToyFigure_b7533865b357f4a4aa008dc56caffad9_fractured_24_piece_0.obj,ToyFigure_b7533865b357f4a4aa008dc56caffad9_fractured_24_piece_1.obj is not a valid directory, skipping.
Warning: /workspace/everyday_all_2/ToyFigure_b7533865b357f4a4aa008dc56caffad9_fractured_38_piece_0.obj,ToyFigure_b7533865b357f4a4aa008dc56caffad9_fractured_38_piece_1.obj is not a valid directory, skipping.
Warning: /workspace/everyday_all_2/ToyFigure_b7533865b357f4a4aa008dc56caffad9_fractured_36_piece_0.obj,ToyFigure_b7533865b357f4a4aa008dc56caffad9_fractured_36_piece_1.obj is not a valid directory, skipping.
Warning: /workspace/everyday_all_2/ToyFigure_b7533865b357f4a4aa008dc56caffad9_fractured_30_piece_0.obj,ToyFigure_b7533865b357f4a4aa008dc56caffad9_fractured_30_piece_1.obj is not a valid directory, skipping.
Warning: /workspace/everyday_all_2/ToyFigure_b7533865b357f4a4aa008dc56caffad9_fractured_74_piece_0.obj,ToyFigure_b7533865b357f4a4aa008dc56caffad9_fractured_74_piece_1.obj is not a valid directory, skipping.
Warning: /workspace/everyday_all_2/ToyFigure_b7533865b357f4a4aa008dc56caffad9_fractured_61_piece_0.obj,ToyFigure_b7533865b357f4a4aa008dc56caffad9_fractured_61_piece_1.obj is not a valid directory, skipping.
Warning: /workspace/everyday_all_2/Bowl_4_fractured_16_piece_0.obj,Bowl_4_fractured_16_piece_1.obj is not a valid directory, skipping.
Warning: /workspace/everyday_all_2/Bowl_4_fractured_10_piece_0.obj,Bowl_4_fractured_10_piece_1.obj is not a valid directory, skipping.
Warning: /workspace/everyday_all_2/Bowl_4_fractured_50_piece_0.obj,Bowl_4_fractured_50_piece_1.obj is not a valid directory, skipping.
Warning: /workspace/everyday_all_2/Bowl_4_fractured_7_piece_0.obj,Bowl_4_fractured_7_piece_1.obj is not a valid directory, skipping.
Warning: /workspace/everyday_all_2/Bowl_4_fractured_68_piece_0.obj,Bowl_4_fractured_68_piece_1.obj is not a valid directory, skipping.
Warning: /workspace/everyday_all_2/Bowl_4_fractured_75_piece_0.obj,Bowl_4_fractured_75_piece_1.obj is not a valid directory, skipping.
Warning: /workspace/everyday_all_2/Bowl_4_fractured_26_piece_0.obj,Bowl_4_fractured_26_piece_1.obj is not a valid directory, skipping.
Warning: /workspace/everyday_all_2/Bowl_4_fractured_18_piece_0.obj,Bowl_4_fractured_18_piece_1.obj is not a valid directory, skipping.
Warning: /workspace/everyday_all_2/Bowl_4_fractured_44_piece_0.obj,Bowl_4_fractured_44_piece_1.obj is not a valid directory, skipping.
Warning: /workspace/everyday_all_2/Mug_6a9b31e1298ca1109c515ccf0f61e75f_fractured_20_piece_0.obj,Mug_6a9b31e1298ca1109c515ccf0f61e75f_fractured_20_piece_1.obj is not a valid directory, skipping.
Warning: /workspace/everyday_all_2/Mug_6a9b31e1298ca1109c515ccf0f61e75f_fractured_3_piece_0.obj,Mug_6a9b31e1298ca1109c515ccf0f61e75f_fractured_3_piece_1.obj is not a valid directory, skipping.
Warning: /workspace/everyday_all_2/Mug_6a9b31e1298ca1109c515ccf0f61e75f_fractured_26_piece_0.obj,Mug_6a9b31e1298ca1109c515ccf0f61e75f_fractured_26_piece_1.obj is not a valid directory, skipping.
Warning: /workspace/everyday_all_2/Mug_6a9b31e1298ca1109c515ccf0f61e75f_fractured_42_piece_0.obj,Mug_6a9b31e1298ca1109c515ccf0f61e75f_fractured_42_piece_1.obj is not a valid directory, skipping.
Warning: /workspace/everyday_all_2/Mug_6a9b31e1298ca1109c515ccf0f61e75f_fractured_48_piece_0.obj,Mug_6a9b31e1298ca1109c515ccf0f61e75f_fractured_48_piece_1.obj is not a valid directory, skipping.
Warning: /workspace/everyday_all_2/Mug_6a9b31e1298ca1109c515ccf0f61e75f_fractured_35_piece_0.obj,Mug_6a9b31e1298ca1109c515ccf0f61e75f_fractured_35_piece_1.obj is not a valid directory, skipping.
Warning: /workspace/everyday_all_2/Mug_6a9b31e1298ca1109c515ccf0f61e75f_fractured_27_piece_0.obj,Mug_6a9b31e1298ca1109c515ccf0f61e75f_fractured_27_piece_1.obj is not a valid directory, skipping.
Warning: /workspace/everyday_all_2/Mug_6a9b31e1298ca1109c515ccf0f61e75f_fractured_39_piece_0.obj,Mug_6a9b31e1298ca1109c515ccf0f61e75f_fractured_39_piece_1.obj is not a valid directory, skipping.
Warning: /workspace/everyday_all_2/Mug_6a9b31e1298ca1109c515ccf0f61e75f_fractured_56_piece_0.obj,Mug_6a9b31e1298ca1109c515ccf0f61e75f_fractured_56_piece_1.obj is not a valid directory, skipping.
Warning: /workspace/everyday_all_2/Mug_6a9b31e1298ca1109c515ccf0f61e75f_fractured_61_piece_0.obj,Mug_6a9b31e1298ca1109c515ccf0f61e75f_fractured_61_piece_1.obj is not a valid directory, skipping.
Warning: /workspace/everyday_all_2/Mug_6a9b31e1298ca1109c515ccf0f61e75f_fractured_31_piece_0.obj,Mug_6a9b31e1298ca1109c515ccf0f61e75f_fractured_31_piece_1.obj is not a valid directory, skipping.
Warning: /workspace/everyday_all_2/Mug_6a9b31e1298ca1109c515ccf0f61e75f_fractured_34_piece_0.obj,Mug_6a9b31e1298ca1109c515ccf0f61e75f_fractured_34_piece_1.obj is not a valid directory, skipping.
Warning: /workspace/everyday_all_2/Mug_6a9b31e1298ca1109c515ccf0f61e75f_fractured_32_piece_0.obj,Mug_6a9b31e1298ca1109c515ccf0f61e75f_fractured_32_piece_1.obj is not a valid directory, skipping.
Warning: /workspace/everyday_all_2/Mug_6a9b31e1298ca1109c515ccf0f61e75f_fractured_76_piece_0.obj,Mug_6a9b31e1298ca1109c515ccf0f61e75f_fractured_76_piece_1.obj is not a valid directory, skipping.
Warning: /workspace/everyday_all_2/Bowl_15_fractured_69_piece_0.obj,Bowl_15_fractured_69_piece_1.obj is not a valid directory, skipping.
Warning: /workspace/everyday_all_2/Bowl_15_fractured_38_piece_0.obj,Bowl_15_fractured_38_piece_1.obj is not a valid directory, skipping.
Warning: /workspace/everyday_all_2/Bowl_15_fractured_29_piece_0.obj,Bowl_15_fractured_29_piece_1.obj is not a valid directory, skipping.
Warning: /workspace/everyday_all_2/Bowl_15_fractured_79_piece_0.obj,Bowl_15_fractured_79_piece_1.obj is not a valid directory, skipping.
Warning: /workspace/everyday_all_2/Bowl_15_fractured_49_piece_0.obj,Bowl_15_fractured_49_piece_1.obj is not a valid directory, skipping.
Warning: /workspace/everyday_all_2/DrinkBottle_5e67380e99a257814e5292217a77cd7_fractured_11_piece_0.obj,DrinkBottle_5e67380e99a257814e5292217a77cd7_fractured_11_piece_1.obj is not a valid directory, skipping.
Warning: /workspace/everyday_all_2/DrinkBottle_5e67380e99a257814e5292217a77cd7_fractured_0_piece_0.obj,DrinkBottle_5e67380e99a257814e5292217a77cd7_fractured_0_piece_1.obj is not a valid directory, skipping.
Warning: /workspace/everyday_all_2/DrinkBottle_5e67380e99a257814e5292217a77cd7_fractured_3_piece_0.obj,DrinkBottle_5e67380e99a257814e5292217a77cd7_fractured_3_piece_1.obj is not a valid directory, skipping.
Warning: /workspace/everyday_all_2/DrinkBottle_5e67380e99a257814e5292217a77cd7_fractured_30_piece_0.obj,DrinkBottle_5e67380e99a257814e5292217a77cd7_fractured_30_piece_1.obj is not a valid directory, skipping.
Warning: /workspace/everyday_all_2/DrinkBottle_5e67380e99a257814e5292217a77cd7_fractured_47_piece_0.obj,DrinkBottle_5e67380e99a257814e5292217a77cd7_fractured_47_piece_1.obj is not a valid directory, skipping.
Warning: /workspace/everyday_all_2/DrinkBottle_5e67380e99a257814e5292217a77cd7_fractured_16_piece_0.obj,DrinkBottle_5e67380e99a257814e5292217a77cd7_fractured_16_piece_1.obj is not a valid directory, skipping.
Warning: /workspace/everyday_all_2/DrinkBottle_5e67380e99a257814e5292217a77cd7_fractured_68_piece_0.obj,DrinkBottle_5e67380e99a257814e5292217a77cd7_fractured_68_piece_1.obj is not a valid directory, skipping.
Warning: /workspace/everyday_all_2/DrinkBottle_5e67380e99a257814e5292217a77cd7_fractured_75_piece_0.obj,DrinkBottle_5e67380e99a257814e5292217a77cd7_fractured_75_piece_1.obj is not a valid directory, skipping.
Warning: /workspace/everyday_all_2/DrinkBottle_5e67380e99a257814e5292217a77cd7_fractured_70_piece_0.obj,DrinkBottle_5e67380e99a257814e5292217a77cd7_fractured_70_piece_1.obj is not a valid directory, skipping.
Warning: /workspace/everyday_all_2/DrinkBottle_5e67380e99a257814e5292217a77cd7_fractured_53_piece_0.obj,DrinkBottle_5e67380e99a257814e5292217a77cd7_fractured_53_piece_1.obj is not a valid directory, skipping.
Warning: /workspace/everyday_all_2/DrinkBottle_5e67380e99a257814e5292217a77cd7_fractured_37_piece_0.obj,DrinkBottle_5e67380e99a257814e5292217a77cd7_fractured_37_piece_1.obj is not a valid directory, skipping.
Warning: /workspace/everyday_all_2/DrinkBottle_5e67380e99a257814e5292217a77cd7_fractured_4_piece_0.obj,DrinkBottle_5e67380e99a257814e5292217a77cd7_fractured_4_piece_1.obj is not a valid directory, skipping.
Warning: /workspace/everyday_all_2/DrinkBottle_5e67380e99a257814e5292217a77cd7_fractured_1_piece_0.obj,DrinkBottle_5e67380e99a257814e5292217a77cd7_fractured_1_piece_1.obj is not a valid directory, skipping.
Warning: /workspace/everyday_all_2/DrinkBottle_5e67380e99a257814e5292217a77cd7_fractured_38_piece_0.obj,DrinkBottle_5e67380e99a257814e5292217a77cd7_fractured_38_piece_1.obj is not a valid directory, skipping.
Warning: /workspace/everyday_all_2/DrinkBottle_5e67380e99a257814e5292217a77cd7_fractured_66_piece_0.obj,DrinkBottle_5e67380e99a257814e5292217a77cd7_fractured_66_piece_1.obj is not a valid directory, skipping.
Warning: /workspace/everyday_all_2/DrinkBottle_5e67380e99a257814e5292217a77cd7_fractured_36_piece_0.obj,DrinkBottle_5e67380e99a257814e5292217a77cd7_fractured_36_piece_1.obj is not a valid directory, skipping.
Warning: /workspace/everyday_all_2/DrinkBottle_5e67380e99a257814e5292217a77cd7_fractured_56_piece_0.obj,DrinkBottle_5e67380e99a257814e5292217a77cd7_fractured_56_piece_1.obj is not a valid directory, skipping.
Warning: /workspace/everyday_all_2/DrinkBottle_5e67380e99a257814e5292217a77cd7_fractured_26_piece_0.obj,DrinkBottle_5e67380e99a257814e5292217a77cd7_fractured_26_piece_1.obj is not a valid directory, skipping.
Warning: /workspace/everyday_all_2/DrinkBottle_5e67380e99a257814e5292217a77cd7_fractured_7_piece_0.obj,DrinkBottle_5e67380e99a257814e5292217a77cd7_fractured_7_piece_1.obj is not a valid directory, skipping.
Warning: /workspace/everyday_all_2/DrinkBottle_5e67380e99a257814e5292217a77cd7_fractured_12_piece_0.obj,DrinkBottle_5e67380e99a257814e5292217a77cd7_fractured_12_piece_1.obj is not a valid directory, skipping.
Warning: /workspace/everyday_all_2/DrinkBottle_5e67380e99a257814e5292217a77cd7_fractured_14_piece_0.obj,DrinkBottle_5e67380e99a257814e5292217a77cd7_fractured_14_piece_1.obj is not a valid directory, skipping.
Warning: /workspace/everyday_all_2/Vase_d6b6a7a860cfeeda2f2318fdd66be40a_fractured_31_piece_0.obj,Vase_d6b6a7a860cfeeda2f2318fdd66be40a_fractured_31_piece_1.obj is not a valid directory, skipping.
Warning: /workspace/everyday_all_2/Vase_d6b6a7a860cfeeda2f2318fdd66be40a_fractured_47_piece_0.obj,Vase_d6b6a7a860cfeeda2f2318fdd66be40a_fractured_47_piece_1.obj is not a valid directory, skipping.
Warning: /workspace/everyday_all_2/Vase_d6b6a7a860cfeeda2f2318fdd66be40a_fractured_10_piece_0.obj,Vase_d6b6a7a860cfeeda2f2318fdd66be40a_fractured_10_piece_1.obj is not a valid directory, skipping.
Warning: /workspace/everyday_all_2/Vase_d6b6a7a860cfeeda2f2318fdd66be40a_fractured_38_piece_1.obj,Vase_d6b6a7a860cfeeda2f2318fdd66be40a_fractured_38_piece_0.obj is not a valid directory, skipping.
Warning: /workspace/everyday_all_2/Vase_d6b6a7a860cfeeda2f2318fdd66be40a_fractured_40_piece_0.obj,Vase_d6b6a7a860cfeeda2f2318fdd66be40a_fractured_40_piece_1.obj is not a valid directory, skipping.
Warning: /workspace/everyday_all_2/Vase_d6b6a7a860cfeeda2f2318fdd66be40a_fractured_78_piece_1.obj,Vase_d6b6a7a860cfeeda2f2318fdd66be40a_fractured_78_piece_0.obj is not a valid directory, skipping.
Warning: /workspace/everyday_all_2/Vase_d6b6a7a860cfeeda2f2318fdd66be40a_fractured_53_piece_0.obj,Vase_d6b6a7a860cfeeda2f2318fdd66be40a_fractured_53_piece_1.obj is not a valid directory, skipping.
Warning: /workspace/everyday_all_2/Vase_d6b6a7a860cfeeda2f2318fdd66be40a_fractured_3_piece_0.obj,Vase_d6b6a7a860cfeeda2f2318fdd66be40a_fractured_3_piece_1.obj is not a valid directory, skipping.
Warning: /workspace/everyday_all_2/Vase_d6b6a7a860cfeeda2f2318fdd66be40a_fractured_23_piece_0.obj,Vase_d6b6a7a860cfeeda2f2318fdd66be40a_fractured_23_piece_1.obj is not a valid directory, skipping.
Warning: /workspace/everyday_all_2/Vase_d6b6a7a860cfeeda2f2318fdd66be40a_fractured_33_piece_0.obj,Vase_d6b6a7a860cfeeda2f2318fdd66be40a_fractured_33_piece_1.obj is not a valid directory, skipping.
Warning: /workspace/everyday_all_2/Vase_d6b6a7a860cfeeda2f2318fdd66be40a_fractured_9_piece_1.obj,Vase_d6b6a7a860cfeeda2f2318fdd66be40a_fractured_9_piece_0.obj is not a valid directory, skipping.
Warning: /workspace/everyday_all_2/Vase_d6b6a7a860cfeeda2f2318fdd66be40a_fractured_11_piece_0.obj,Vase_d6b6a7a860cfeeda2f2318fdd66be40a_fractured_11_piece_1.obj is not a valid directory, skipping.
Warning: /workspace/everyday_all_2/Vase_d6b6a7a860cfeeda2f2318fdd66be40a_fractured_43_piece_0.obj,Vase_d6b6a7a860cfeeda2f2318fdd66be40a_fractured_43_piece_1.obj is not a valid directory, skipping.
Warning: /workspace/everyday_all_2/Vase_d6b6a7a860cfeeda2f2318fdd66be40a_fractured_72_piece_1.obj,Vase_d6b6a7a860cfeeda2f2318fdd66be40a_fractured_72_piece_0.obj is not a valid directory, skipping.
Warning: /workspace/everyday_all_2/Vase_d6b6a7a860cfeeda2f2318fdd66be40a_fractured_25_piece_0.obj,Vase_d6b6a7a860cfeeda2f2318fdd66be40a_fractured_25_piece_1.obj is not a valid directory, skipping.
Warning: /workspace/everyday_all_2/Vase_d6b6a7a860cfeeda2f2318fdd66be40a_fractured_16_piece_0.obj,Vase_d6b6a7a860cfeeda2f2318fdd66be40a_fractured_16_piece_1.obj is not a valid directory, skipping.
Warning: /workspace/everyday_all_2/Vase_d6b6a7a860cfeeda2f2318fdd66be40a_fractured_34_piece_0.obj,Vase_d6b6a7a860cfeeda2f2318fdd66be40a_fractured_34_piece_1.obj is not a valid directory, skipping.
Warning: /workspace/everyday_all_2/Vase_d6b6a7a860cfeeda2f2318fdd66be40a_fractured_79_piece_0.obj,Vase_d6b6a7a860cfeeda2f2318fdd66be40a_fractured_79_piece_1.obj is not a valid directory, skipping.
Warning: /workspace/everyday_all_2/Vase_d6b6a7a860cfeeda2f2318fdd66be40a_fractured_15_piece_0.obj,Vase_d6b6a7a860cfeeda2f2318fdd66be40a_fractured_15_piece_1.obj is not a valid directory, skipping.
Warning: /workspace/everyday_all_2/Vase_d6b6a7a860cfeeda2f2318fdd66be40a_fractured_45_piece_0.obj,Vase_d6b6a7a860cfeeda2f2318fdd66be40a_fractured_45_piece_1.obj is not a valid directory, skipping.
Warning: /workspace/everyday_all_2/Vase_d6b6a7a860cfeeda2f2318fdd66be40a_fractured_5_piece_0.obj,Vase_d6b6a7a860cfeeda2f2318fdd66be40a_fractured_5_piece_1.obj is not a valid directory, skipping.
Warning: /workspace/everyday_all_2/Vase_d6b6a7a860cfeeda2f2318fdd66be40a_fractured_28_piece_0.obj,Vase_d6b6a7a860cfeeda2f2318fdd66be40a_fractured_28_piece_1.obj is not a valid directory, skipping.
Warning: /workspace/everyday_all_2/ToyFigure_2cd9ec4e736d25ed57ecc706f7088340_fractured_38_piece_0.obj,ToyFigure_2cd9ec4e736d25ed57ecc706f7088340_fractured_38_piece_1.obj is not a valid directory, skipping.
Warning: /workspace/everyday_all_2/ToyFigure_2cd9ec4e736d25ed57ecc706f7088340_fractured_39_piece_0.obj,ToyFigure_2cd9ec4e736d25ed57ecc706f7088340_fractured_39_piece_1.obj is not a valid directory, skipping.
Warning: /workspace/everyday_all_2/ToyFigure_2cd9ec4e736d25ed57ecc706f7088340_fractured_32_piece_0.obj,ToyFigure_2cd9ec4e736d25ed57ecc706f7088340_fractured_32_piece_1.obj is not a valid directory, skipping.
Warning: /workspace/everyday_all_2/ToyFigure_2cd9ec4e736d25ed57ecc706f7088340_fractured_73_piece_0.obj,ToyFigure_2cd9ec4e736d25ed57ecc706f7088340_fractured_73_piece_1.obj is not a valid directory, skipping.
Warning: /workspace/everyday_all_2/ToyFigure_2cd9ec4e736d25ed57ecc706f7088340_fractured_53_piece_0.obj,ToyFigure_2cd9ec4e736d25ed57ecc706f7088340_fractured_53_piece_1.obj is not a valid directory, skipping.
Warning: /workspace/everyday_all_2/ToyFigure_2cd9ec4e736d25ed57ecc706f7088340_fractured_30_piece_0.obj,ToyFigure_2cd9ec4e736d25ed57ecc706f7088340_fractured_30_piece_1.obj is not a valid directory, skipping.
Warning: /workspace/everyday_all_2/ToyFigure_2cd9ec4e736d25ed57ecc706f7088340_fractured_70_piece_0.obj,ToyFigure_2cd9ec4e736d25ed57ecc706f7088340_fractured_70_piece_1.obj is not a valid directory, skipping.
Warning: /workspace/everyday_all_2/ToyFigure_2cd9ec4e736d25ed57ecc706f7088340_fractured_10_piece_0.obj,ToyFigure_2cd9ec4e736d25ed57ecc706f7088340_fractured_10_piece_1.obj is not a valid directory, skipping.
Warning: /workspace/everyday_all_2/ToyFigure_2cd9ec4e736d25ed57ecc706f7088340_fractured_24_piece_0.obj,ToyFigure_2cd9ec4e736d25ed57ecc706f7088340_fractured_24_piece_1.obj is not a valid directory, skipping.
Warning: /workspace/everyday_all_2/ToyFigure_2cd9ec4e736d25ed57ecc706f7088340_fractured_68_piece_0.obj,ToyFigure_2cd9ec4e736d25ed57ecc706f7088340_fractured_68_piece_1.obj is not a valid directory, skipping.
Warning: /workspace/everyday_all_2/ToyFigure_2cd9ec4e736d25ed57ecc706f7088340_fractured_26_piece_0.obj,ToyFigure_2cd9ec4e736d25ed57ecc706f7088340_fractured_26_piece_1.obj is not a valid directory, skipping.
Warning: /workspace/everyday_all_2/ToyFigure_2cd9ec4e736d25ed57ecc706f7088340_fractured_7_piece_0.obj,ToyFigure_2cd9ec4e736d25ed57ecc706f7088340_fractured_7_piece_1.obj is not a valid directory, skipping.
Warning: /workspace/everyday_all_2/ToyFigure_2cd9ec4e736d25ed57ecc706f7088340_fractured_46_piece_0.obj,ToyFigure_2cd9ec4e736d25ed57ecc706f7088340_fractured_46_piece_1.obj is not a valid directory, skipping.
Warning: /workspace/everyday_all_2/ToyFigure_2cd9ec4e736d25ed57ecc706f7088340_fractured_76_piece_0.obj,ToyFigure_2cd9ec4e736d25ed57ecc706f7088340_fractured_76_piece_1.obj is not a valid directory, skipping.
Warning: /workspace/everyday_all_2/Mirror_ac64eadd9e8139c6a0f1202f391a1c2a_fractured_15_piece_0.obj,Mirror_ac64eadd9e8139c6a0f1202f391a1c2a_fractured_15_piece_1.obj is not a valid directory, skipping.
Warning: /workspace/everyday_all_2/Mirror_ac64eadd9e8139c6a0f1202f391a1c2a_fractured_32_piece_0.obj,Mirror_ac64eadd9e8139c6a0f1202f391a1c2a_fractured_32_piece_1.obj is not a valid directory, skipping.
Warning: /workspace/everyday_all_2/Mirror_ac64eadd9e8139c6a0f1202f391a1c2a_fractured_68_piece_0.obj,Mirror_ac64eadd9e8139c6a0f1202f391a1c2a_fractured_68_piece_1.obj is not a valid directory, skipping.
Warning: /workspace/everyday_all_2/Mirror_ac64eadd9e8139c6a0f1202f391a1c2a_fractured_31_piece_0.obj,Mirror_ac64eadd9e8139c6a0f1202f391a1c2a_fractured_31_piece_1.obj is not a valid directory, skipping.
Warning: /workspace/everyday_all_2/Mirror_ac64eadd9e8139c6a0f1202f391a1c2a_fractured_3_piece_0.obj,Mirror_ac64eadd9e8139c6a0f1202f391a1c2a_fractured_3_piece_1.obj is not a valid directory, skipping.
Warning: /workspace/everyday_all_2/Mirror_ac64eadd9e8139c6a0f1202f391a1c2a_fractured_39_piece_0.obj,Mirror_ac64eadd9e8139c6a0f1202f391a1c2a_fractured_39_piece_1.obj is not a valid directory, skipping.
Warning: /workspace/everyday_all_2/Mirror_ac64eadd9e8139c6a0f1202f391a1c2a_fractured_1_piece_0.obj,Mirror_ac64eadd9e8139c6a0f1202f391a1c2a_fractured_1_piece_1.obj is not a valid directory, skipping.
Warning: /workspace/everyday_all_2/Mirror_ac64eadd9e8139c6a0f1202f391a1c2a_fractured_44_piece_0.obj,Mirror_ac64eadd9e8139c6a0f1202f391a1c2a_fractured_44_piece_1.obj is not a valid directory, skipping.
Warning: /workspace/everyday_all_2/Mirror_ac64eadd9e8139c6a0f1202f391a1c2a_fractured_27_piece_0.obj,Mirror_ac64eadd9e8139c6a0f1202f391a1c2a_fractured_27_piece_1.obj is not a valid directory, skipping.
Warning: /workspace/everyday_all_2/Mirror_ac64eadd9e8139c6a0f1202f391a1c2a_fractured_52_piece_0.obj,Mirror_ac64eadd9e8139c6a0f1202f391a1c2a_fractured_52_piece_1.obj is not a valid directory, skipping.
Warning: /workspace/everyday_all_2/Mirror_ac64eadd9e8139c6a0f1202f391a1c2a_fractured_49_piece_0.obj,Mirror_ac64eadd9e8139c6a0f1202f391a1c2a_fractured_49_piece_1.obj is not a valid directory, skipping.
Warning: /workspace/everyday_all_2/Mirror_ac64eadd9e8139c6a0f1202f391a1c2a_fractured_41_piece_0.obj,Mirror_ac64eadd9e8139c6a0f1202f391a1c2a_fractured_41_piece_1.obj is not a valid directory, skipping.
Warning: /workspace/everyday_all_2/Mirror_ac64eadd9e8139c6a0f1202f391a1c2a_fractured_0_piece_0.obj,Mirror_ac64eadd9e8139c6a0f1202f391a1c2a_fractured_0_piece_1.obj is not a valid directory, skipping.
Warning: /workspace/everyday_all_2/Mirror_ac64eadd9e8139c6a0f1202f391a1c2a_fractured_40_piece_0.obj,Mirror_ac64eadd9e8139c6a0f1202f391a1c2a_fractured_40_piece_1.obj is not a valid directory, skipping.
Warning: /workspace/everyday_all_2/Mirror_ac64eadd9e8139c6a0f1202f391a1c2a_fractured_79_piece_0.obj,Mirror_ac64eadd9e8139c6a0f1202f391a1c2a_fractured_79_piece_1.obj is not a valid directory, skipping.
Warning: /workspace/everyday_all_2/Mirror_ac64eadd9e8139c6a0f1202f391a1c2a_fractured_25_piece_0.obj,Mirror_ac64eadd9e8139c6a0f1202f391a1c2a_fractured_25_piece_1.obj is not a valid directory, skipping.
Warning: /workspace/everyday_all_2/Mirror_ac64eadd9e8139c6a0f1202f391a1c2a_fractured_22_piece_0.obj,Mirror_ac64eadd9e8139c6a0f1202f391a1c2a_fractured_22_piece_1.obj is not a valid directory, skipping.
Warning: /workspace/everyday_all_2/Bowl_4845731dbf7522b07492cbf7d8bec255_fractured_69_piece_0.obj,Bowl_4845731dbf7522b07492cbf7d8bec255_fractured_69_piece_1.obj is not a valid directory, skipping.
Warning: /workspace/everyday_all_2/Bowl_4845731dbf7522b07492cbf7d8bec255_fractured_25_piece_0.obj,Bowl_4845731dbf7522b07492cbf7d8bec255_fractured_25_piece_1.obj is not a valid directory, skipping.
Warning: /workspace/everyday_all_2/Bowl_4845731dbf7522b07492cbf7d8bec255_fractured_68_piece_0.obj,Bowl_4845731dbf7522b07492cbf7d8bec255_fractured_68_piece_1.obj is not a valid directory, skipping.
Warning: /workspace/everyday_all_2/Bowl_4845731dbf7522b07492cbf7d8bec255_fractured_52_piece_0.obj,Bowl_4845731dbf7522b07492cbf7d8bec255_fractured_52_piece_1.obj is not a valid directory, skipping.
Warning: /workspace/everyday_all_2/Bowl_4845731dbf7522b07492cbf7d8bec255_fractured_37_piece_0.obj,Bowl_4845731dbf7522b07492cbf7d8bec255_fractured_37_piece_1.obj is not a valid directory, skipping.
Warning: /workspace/everyday_all_2/Bowl_4845731dbf7522b07492cbf7d8bec255_fractured_16_piece_0.obj,Bowl_4845731dbf7522b07492cbf7d8bec255_fractured_16_piece_1.obj is not a valid directory, skipping.
Warning: /workspace/everyday_all_2/Bowl_4845731dbf7522b07492cbf7d8bec255_fractured_24_piece_0.obj,Bowl_4845731dbf7522b07492cbf7d8bec255_fractured_24_piece_1.obj is not a valid directory, skipping.
Warning: /workspace/everyday_all_2/Bowl_4845731dbf7522b07492cbf7d8bec255_fractured_40_piece_0.obj,Bowl_4845731dbf7522b07492cbf7d8bec255_fractured_40_piece_1.obj is not a valid directory, skipping.
Warning: /workspace/everyday_all_2/Bowl_4845731dbf7522b07492cbf7d8bec255_fractured_32_piece_0.obj,Bowl_4845731dbf7522b07492cbf7d8bec255_fractured_32_piece_1.obj is not a valid directory, skipping.
Warning: /workspace/everyday_all_2/Bowl_4845731dbf7522b07492cbf7d8bec255_fractured_35_piece_0.obj,Bowl_4845731dbf7522b07492cbf7d8bec255_fractured_35_piece_1.obj is not a valid directory, skipping.
Warning: /workspace/everyday_all_2/Bottle_776502db6e2e680e5e4f0d37557f3953_fractured_23_piece_0.obj,Bottle_776502db6e2e680e5e4f0d37557f3953_fractured_23_piece_1.obj is not a valid directory, skipping.
Warning: /workspace/everyday_all_2/Bottle_776502db6e2e680e5e4f0d37557f3953_fractured_35_piece_0.obj,Bottle_776502db6e2e680e5e4f0d37557f3953_fractured_35_piece_1.obj is not a valid directory, skipping.
Warning: /workspace/everyday_all_2/Bottle_776502db6e2e680e5e4f0d37557f3953_fractured_58_piece_0.obj,Bottle_776502db6e2e680e5e4f0d37557f3953_fractured_58_piece_1.obj is not a valid directory, skipping.
Warning: /workspace/everyday_all_2/Bottle_776502db6e2e680e5e4f0d37557f3953_fractured_2_piece_0.obj,Bottle_776502db6e2e680e5e4f0d37557f3953_fractured_2_piece_1.obj is not a valid directory, skipping.
Warning: /workspace/everyday_all_2/Bottle_776502db6e2e680e5e4f0d37557f3953_fractured_4_piece_0.obj,Bottle_776502db6e2e680e5e4f0d37557f3953_fractured_4_piece_1.obj is not a valid directory, skipping.
Warning: /workspace/everyday_all_2/Bottle_776502db6e2e680e5e4f0d37557f3953_fractured_75_piece_0.obj,Bottle_776502db6e2e680e5e4f0d37557f3953_fractured_75_piece_1.obj is not a valid directory, skipping.
Warning: /workspace/everyday_all_2/Bottle_776502db6e2e680e5e4f0d37557f3953_fractured_69_piece_0.obj,Bottle_776502db6e2e680e5e4f0d37557f3953_fractured_69_piece_1.obj is not a valid directory, skipping.
Warning: /workspace/everyday_all_2/Bottle_776502db6e2e680e5e4f0d37557f3953_fractured_49_piece_0.obj,Bottle_776502db6e2e680e5e4f0d37557f3953_fractured_49_piece_1.obj is not a valid directory, skipping.
Warning: /workspace/everyday_all_2/Bottle_2_fractured_29_piece_0.obj,Bottle_2_fractured_29_piece_1.obj is not a valid directory, skipping.
Warning: /workspace/everyday_all_2/Bottle_2_fractured_15_piece_0.obj,Bottle_2_fractured_15_piece_1.obj is not a valid directory, skipping.
Warning: /workspace/everyday_all_2/Bottle_2_fractured_40_piece_0.obj,Bottle_2_fractured_40_piece_1.obj is not a valid directory, skipping.
Warning: /workspace/everyday_all_2/Bottle_2_fractured_55_piece_0.obj,Bottle_2_fractured_55_piece_1.obj is not a valid directory, skipping.
Warning: /workspace/everyday_all_2/Bottle_2_fractured_64_piece_0.obj,Bottle_2_fractured_64_piece_1.obj is not a valid directory, skipping.
Warning: /workspace/everyday_all_2/Bottle_2_fractured_25_piece_0.obj,Bottle_2_fractured_25_piece_1.obj is not a valid directory, skipping.
Warning: /workspace/everyday_all_2/Bottle_2_fractured_4_piece_0.obj,Bottle_2_fractured_4_piece_1.obj is not a valid directory, skipping.
Warning: /workspace/everyday_all_2/Bottle_2_fractured_12_piece_0.obj,Bottle_2_fractured_12_piece_1.obj is not a valid directory, skipping.
Warning: /workspace/everyday_all_2/Bottle_9afea0432f292379dc0e610397fef7f9_fractured_21_piece_0.obj,Bottle_9afea0432f292379dc0e610397fef7f9_fractured_21_piece_1.obj is not a valid directory, skipping.
Warning: /workspace/everyday_all_2/Bottle_9afea0432f292379dc0e610397fef7f9_fractured_2_piece_0.obj,Bottle_9afea0432f292379dc0e610397fef7f9_fractured_2_piece_1.obj is not a valid directory, skipping.
Warning: /workspace/everyday_all_2/Bottle_9afea0432f292379dc0e610397fef7f9_fractured_45_piece_0.obj,Bottle_9afea0432f292379dc0e610397fef7f9_fractured_45_piece_1.obj is not a valid directory, skipping.
Warning: /workspace/everyday_all_2/Bottle_9afea0432f292379dc0e610397fef7f9_fractured_42_piece_0.obj,Bottle_9afea0432f292379dc0e610397fef7f9_fractured_42_piece_1.obj is not a valid directory, skipping.
Warning: /workspace/everyday_all_2/Bottle_9afea0432f292379dc0e610397fef7f9_fractured_47_piece_0.obj,Bottle_9afea0432f292379dc0e610397fef7f9_fractured_47_piece_1.obj is not a valid directory, skipping.
Warning: /workspace/everyday_all_2/Bottle_9afea0432f292379dc0e610397fef7f9_fractured_57_piece_0.obj,Bottle_9afea0432f292379dc0e610397fef7f9_fractured_57_piece_1.obj is not a valid directory, skipping.
Warning: /workspace/everyday_all_2/Bottle_9afea0432f292379dc0e610397fef7f9_fractured_12_piece_0.obj,Bottle_9afea0432f292379dc0e610397fef7f9_fractured_12_piece_1.obj is not a valid directory, skipping.
Warning: /workspace/everyday_all_2/Bottle_9afea0432f292379dc0e610397fef7f9_fractured_53_piece_0.obj,Bottle_9afea0432f292379dc0e610397fef7f9_fractured_53_piece_1.obj is not a valid directory, skipping.
Warning: /workspace/everyday_all_2/Bottle_9afea0432f292379dc0e610397fef7f9_fractured_23_piece_0.obj,Bottle_9afea0432f292379dc0e610397fef7f9_fractured_23_piece_1.obj is not a valid directory, skipping.
Warning: /workspace/everyday_all_2/Bottle_9afea0432f292379dc0e610397fef7f9_fractured_50_piece_0.obj,Bottle_9afea0432f292379dc0e610397fef7f9_fractured_50_piece_1.obj is not a valid directory, skipping.
Warning: /workspace/everyday_all_2/Bottle_9afea0432f292379dc0e610397fef7f9_fractured_28_piece_0.obj,Bottle_9afea0432f292379dc0e610397fef7f9_fractured_28_piece_1.obj is not a valid directory, skipping.
Warning: /workspace/everyday_all_2/Bottle_9afea0432f292379dc0e610397fef7f9_fractured_62_piece_0.obj,Bottle_9afea0432f292379dc0e610397fef7f9_fractured_62_piece_1.obj is not a valid directory, skipping.
Warning: /workspace/everyday_all_2/Bottle_9afea0432f292379dc0e610397fef7f9_fractured_33_piece_0.obj,Bottle_9afea0432f292379dc0e610397fef7f9_fractured_33_piece_1.obj is not a valid directory, skipping.
Warning: /workspace/everyday_all_2/Bottle_9afea0432f292379dc0e610397fef7f9_fractured_66_piece_0.obj,Bottle_9afea0432f292379dc0e610397fef7f9_fractured_66_piece_1.obj is not a valid directory, skipping.
Warning: /workspace/everyday_all_2/Bottle_9afea0432f292379dc0e610397fef7f9_fractured_34_piece_0.obj,Bottle_9afea0432f292379dc0e610397fef7f9_fractured_34_piece_1.obj is not a valid directory, skipping.
Warning: /workspace/everyday_all_2/Bottle_9afea0432f292379dc0e610397fef7f9_fractured_19_piece_0.obj,Bottle_9afea0432f292379dc0e610397fef7f9_fractured_19_piece_1.obj is not a valid directory, skipping.
Warning: /workspace/everyday_all_2/Bottle_9afea0432f292379dc0e610397fef7f9_fractured_32_piece_0.obj,Bottle_9afea0432f292379dc0e610397fef7f9_fractured_32_piece_1.obj is not a valid directory, skipping.
Warning: /workspace/everyday_all_2/PillBottle_6aba175c988c8bec9fac57ed2e044778_fractured_61_piece_0.obj,PillBottle_6aba175c988c8bec9fac57ed2e044778_fractured_61_piece_1.obj is not a valid directory, skipping.
Warning: /workspace/everyday_all_2/PillBottle_6aba175c988c8bec9fac57ed2e044778_fractured_13_piece_0.obj,PillBottle_6aba175c988c8bec9fac57ed2e044778_fractured_13_piece_1.obj is not a valid directory, skipping.
Warning: /workspace/everyday_all_2/PillBottle_6aba175c988c8bec9fac57ed2e044778_fractured_3_piece_0.obj,PillBottle_6aba175c988c8bec9fac57ed2e044778_fractured_3_piece_1.obj is not a valid directory, skipping.
Warning: /workspace/everyday_all_2/PillBottle_6aba175c988c8bec9fac57ed2e044778_fractured_41_piece_0.obj,PillBottle_6aba175c988c8bec9fac57ed2e044778_fractured_41_piece_1.obj is not a valid directory, skipping.
Warning: /workspace/everyday_all_2/PillBottle_6aba175c988c8bec9fac57ed2e044778_fractured_21_piece_0.obj,PillBottle_6aba175c988c8bec9fac57ed2e044778_fractured_21_piece_1.obj is not a valid directory, skipping.
Warning: /workspace/everyday_all_2/PillBottle_6aba175c988c8bec9fac57ed2e044778_fractured_36_piece_0.obj,PillBottle_6aba175c988c8bec9fac57ed2e044778_fractured_36_piece_1.obj is not a valid directory, skipping.
Warning: /workspace/everyday_all_2/PillBottle_6aba175c988c8bec9fac57ed2e044778_fractured_42_piece_0.obj,PillBottle_6aba175c988c8bec9fac57ed2e044778_fractured_42_piece_1.obj is not a valid directory, skipping.
Warning: /workspace/everyday_all_2/PillBottle_6aba175c988c8bec9fac57ed2e044778_fractured_58_piece_0.obj,PillBottle_6aba175c988c8bec9fac57ed2e044778_fractured_58_piece_1.obj is not a valid directory, skipping.
Warning: /workspace/everyday_all_2/PillBottle_6aba175c988c8bec9fac57ed2e044778_fractured_49_piece_0.obj,PillBottle_6aba175c988c8bec9fac57ed2e044778_fractured_49_piece_1.obj is not a valid directory, skipping.
Warning: /workspace/everyday_all_2/PillBottle_6aba175c988c8bec9fac57ed2e044778_fractured_20_piece_0.obj,PillBottle_6aba175c988c8bec9fac57ed2e044778_fractured_20_piece_1.obj is not a valid directory, skipping.
Warning: /workspace/everyday_all_2/PillBottle_6aba175c988c8bec9fac57ed2e044778_fractured_65_piece_0.obj,PillBottle_6aba175c988c8bec9fac57ed2e044778_fractured_65_piece_1.obj is not a valid directory, skipping.
Warning: /workspace/everyday_all_2/PillBottle_6aba175c988c8bec9fac57ed2e044778_fractured_57_piece_0.obj,PillBottle_6aba175c988c8bec9fac57ed2e044778_fractured_57_piece_1.obj is not a valid directory, skipping.
Warning: /workspace/everyday_all_2/PillBottle_6aba175c988c8bec9fac57ed2e044778_fractured_35_piece_0.obj,PillBottle_6aba175c988c8bec9fac57ed2e044778_fractured_35_piece_1.obj is not a valid directory, skipping.
Warning: /workspace/everyday_all_2/PillBottle_6aba175c988c8bec9fac57ed2e044778_fractured_76_piece_0.obj,PillBottle_6aba175c988c8bec9fac57ed2e044778_fractured_76_piece_1.obj is not a valid directory, skipping.
Warning: /workspace/everyday_all_2/PillBottle_6aba175c988c8bec9fac57ed2e044778_fractured_74_piece_0.obj,PillBottle_6aba175c988c8bec9fac57ed2e044778_fractured_74_piece_1.obj is not a valid directory, skipping.
Warning: /workspace/everyday_all_2/WineGlass_461664fa3a9ad7a18ee45bd8e008284e_fractured_7_piece_0.obj,WineGlass_461664fa3a9ad7a18ee45bd8e008284e_fractured_7_piece_1.obj is not a valid directory, skipping.
Warning: /workspace/everyday_all_2/WineGlass_461664fa3a9ad7a18ee45bd8e008284e_fractured_49_piece_0.obj,WineGlass_461664fa3a9ad7a18ee45bd8e008284e_fractured_49_piece_1.obj is not a valid directory, skipping.
Warning: /workspace/everyday_all_2/WineGlass_461664fa3a9ad7a18ee45bd8e008284e_fractured_48_piece_0.obj,WineGlass_461664fa3a9ad7a18ee45bd8e008284e_fractured_48_piece_1.obj is not a valid directory, skipping.
Warning: /workspace/everyday_all_2/WineGlass_461664fa3a9ad7a18ee45bd8e008284e_fractured_46_piece_0.obj,WineGlass_461664fa3a9ad7a18ee45bd8e008284e_fractured_46_piece_1.obj is not a valid directory, skipping.
Warning: /workspace/everyday_all_2/WineGlass_461664fa3a9ad7a18ee45bd8e008284e_fractured_56_piece_0.obj,WineGlass_461664fa3a9ad7a18ee45bd8e008284e_fractured_56_piece_1.obj is not a valid directory, skipping.
Warning: /workspace/everyday_all_2/WineGlass_461664fa3a9ad7a18ee45bd8e008284e_fractured_5_piece_0.obj,WineGlass_461664fa3a9ad7a18ee45bd8e008284e_fractured_5_piece_1.obj is not a valid directory, skipping.
Warning: /workspace/everyday_all_2/WineGlass_461664fa3a9ad7a18ee45bd8e008284e_fractured_43_piece_0.obj,WineGlass_461664fa3a9ad7a18ee45bd8e008284e_fractured_43_piece_1.obj is not a valid directory, skipping.
Warning: /workspace/everyday_all_2/WineGlass_461664fa3a9ad7a18ee45bd8e008284e_fractured_50_piece_0.obj,WineGlass_461664fa3a9ad7a18ee45bd8e008284e_fractured_50_piece_1.obj is not a valid directory, skipping.
Warning: /workspace/everyday_all_2/WineGlass_461664fa3a9ad7a18ee45bd8e008284e_fractured_63_piece_0.obj,WineGlass_461664fa3a9ad7a18ee45bd8e008284e_fractured_63_piece_1.obj is not a valid directory, skipping.
Warning: /workspace/everyday_all_2/WineGlass_461664fa3a9ad7a18ee45bd8e008284e_fractured_58_piece_0.obj,WineGlass_461664fa3a9ad7a18ee45bd8e008284e_fractured_58_piece_1.obj is not a valid directory, skipping.
Warning: /workspace/everyday_all_2/WineGlass_461664fa3a9ad7a18ee45bd8e008284e_fractured_39_piece_0.obj,WineGlass_461664fa3a9ad7a18ee45bd8e008284e_fractured_39_piece_1.obj is not a valid directory, skipping.
Warning: /workspace/everyday_all_2/WineGlass_461664fa3a9ad7a18ee45bd8e008284e_fractured_32_piece_0.obj,WineGlass_461664fa3a9ad7a18ee45bd8e008284e_fractured_32_piece_1.obj is not a valid directory, skipping.
Warning: /workspace/everyday_all_2/WineGlass_461664fa3a9ad7a18ee45bd8e008284e_fractured_1_piece_0.obj,WineGlass_461664fa3a9ad7a18ee45bd8e008284e_fractured_1_piece_1.obj is not a valid directory, skipping.
Warning: /workspace/everyday_all_2/Vase_1_fractured_59_piece_0.obj,Vase_1_fractured_59_piece_1.obj is not a valid directory, skipping.
Warning: /workspace/everyday_all_2/Vase_1_fractured_19_piece_0.obj,Vase_1_fractured_19_piece_1.obj is not a valid directory, skipping.
Warning: /workspace/everyday_all_2/Vase_1_fractured_6_piece_0.obj,Vase_1_fractured_6_piece_1.obj is not a valid directory, skipping.
Warning: /workspace/everyday_all_2/Vase_1_fractured_18_piece_1.obj,Vase_1_fractured_18_piece_0.obj is not a valid directory, skipping.
Warning: /workspace/everyday_all_2/Vase_1_fractured_5_piece_0.obj,Vase_1_fractured_5_piece_1.obj is not a valid directory, skipping.
Warning: /workspace/everyday_all_2/Vase_1_fractured_20_piece_0.obj,Vase_1_fractured_20_piece_1.obj is not a valid directory, skipping.
Warning: /workspace/everyday_all_2/Vase_1_fractured_12_piece_0.obj,Vase_1_fractured_12_piece_1.obj is not a valid directory, skipping.
Warning: /workspace/everyday_all_2/DrinkBottle_1ef68777bfdb7d6ba7a07ee616e34cd7_fractured_32_piece_0.obj,DrinkBottle_1ef68777bfdb7d6ba7a07ee616e34cd7_fractured_32_piece_1.obj is not a valid directory, skipping.
Warning: /workspace/everyday_all_2/DrinkBottle_1ef68777bfdb7d6ba7a07ee616e34cd7_fractured_22_piece_0.obj,DrinkBottle_1ef68777bfdb7d6ba7a07ee616e34cd7_fractured_22_piece_1.obj is not a valid directory, skipping.
Warning: /workspace/everyday_all_2/DrinkBottle_1ef68777bfdb7d6ba7a07ee616e34cd7_fractured_78_piece_0.obj,DrinkBottle_1ef68777bfdb7d6ba7a07ee616e34cd7_fractured_78_piece_1.obj is not a valid directory, skipping.
Warning: /workspace/everyday_all_2/DrinkBottle_1ef68777bfdb7d6ba7a07ee616e34cd7_fractured_2_piece_0.obj,DrinkBottle_1ef68777bfdb7d6ba7a07ee616e34cd7_fractured_2_piece_1.obj is not a valid directory, skipping.
Warning: /workspace/everyday_all_2/DrinkBottle_1ef68777bfdb7d6ba7a07ee616e34cd7_fractured_58_piece_0.obj,DrinkBottle_1ef68777bfdb7d6ba7a07ee616e34cd7_fractured_58_piece_1.obj is not a valid directory, skipping.
Warning: /workspace/everyday_all_2/DrinkBottle_1ef68777bfdb7d6ba7a07ee616e34cd7_fractured_46_piece_0.obj,DrinkBottle_1ef68777bfdb7d6ba7a07ee616e34cd7_fractured_46_piece_1.obj is not a valid directory, skipping.
Warning: /workspace/everyday_all_2/DrinkBottle_1ef68777bfdb7d6ba7a07ee616e34cd7_fractured_25_piece_0.obj,DrinkBottle_1ef68777bfdb7d6ba7a07ee616e34cd7_fractured_25_piece_1.obj is not a valid directory, skipping.
Warning: /workspace/everyday_all_2/DrinkBottle_1ef68777bfdb7d6ba7a07ee616e34cd7_fractured_49_piece_0.obj,DrinkBottle_1ef68777bfdb7d6ba7a07ee616e34cd7_fractured_49_piece_1.obj is not a valid directory, skipping.
Warning: /workspace/everyday_all_2/DrinkBottle_1ef68777bfdb7d6ba7a07ee616e34cd7_fractured_21_piece_0.obj,DrinkBottle_1ef68777bfdb7d6ba7a07ee616e34cd7_fractured_21_piece_1.obj is not a valid directory, skipping.
Warning: /workspace/everyday_all_2/Cup_50ba488200fff98bdccf03d91dc58d38_fractured_31_piece_0.obj,Cup_50ba488200fff98bdccf03d91dc58d38_fractured_31_piece_1.obj is not a valid directory, skipping.
Warning: /workspace/everyday_all_2/Cup_50ba488200fff98bdccf03d91dc58d38_fractured_66_piece_0.obj,Cup_50ba488200fff98bdccf03d91dc58d38_fractured_66_piece_1.obj is not a valid directory, skipping.
Warning: /workspace/everyday_all_2/Cup_50ba488200fff98bdccf03d91dc58d38_fractured_7_piece_0.obj,Cup_50ba488200fff98bdccf03d91dc58d38_fractured_7_piece_1.obj is not a valid directory, skipping.
Warning: /workspace/everyday_all_2/Cup_50ba488200fff98bdccf03d91dc58d38_fractured_3_piece_0.obj,Cup_50ba488200fff98bdccf03d91dc58d38_fractured_3_piece_1.obj is not a valid directory, skipping.
Warning: /workspace/everyday_all_2/Cup_50ba488200fff98bdccf03d91dc58d38_fractured_6_piece_0.obj,Cup_50ba488200fff98bdccf03d91dc58d38_fractured_6_piece_1.obj is not a valid directory, skipping.
Warning: /workspace/everyday_all_2/Cup_50ba488200fff98bdccf03d91dc58d38_fractured_23_piece_0.obj,Cup_50ba488200fff98bdccf03d91dc58d38_fractured_23_piece_1.obj is not a valid directory, skipping.
Warning: /workspace/everyday_all_2/Cup_50ba488200fff98bdccf03d91dc58d38_fractured_51_piece_0.obj,Cup_50ba488200fff98bdccf03d91dc58d38_fractured_51_piece_1.obj is not a valid directory, skipping.
Warning: /workspace/everyday_all_2/Cup_50ba488200fff98bdccf03d91dc58d38_fractured_22_piece_0.obj,Cup_50ba488200fff98bdccf03d91dc58d38_fractured_22_piece_1.obj is not a valid directory, skipping.
Warning: /workspace/everyday_all_2/Cup_50ba488200fff98bdccf03d91dc58d38_fractured_2_piece_0.obj,Cup_50ba488200fff98bdccf03d91dc58d38_fractured_2_piece_1.obj is not a valid directory, skipping.
Warning: /workspace/everyday_all_2/Cup_50ba488200fff98bdccf03d91dc58d38_fractured_60_piece_0.obj,Cup_50ba488200fff98bdccf03d91dc58d38_fractured_60_piece_1.obj is not a valid directory, skipping.
Warning: /workspace/everyday_all_2/Bottle_7b1fc86844257f8fa54fd40ef3a8dfd0_fractured_38_piece_0.obj,Bottle_7b1fc86844257f8fa54fd40ef3a8dfd0_fractured_38_piece_1.obj is not a valid directory, skipping.
Warning: /workspace/everyday_all_2/Bottle_7b1fc86844257f8fa54fd40ef3a8dfd0_fractured_43_piece_0.obj,Bottle_7b1fc86844257f8fa54fd40ef3a8dfd0_fractured_43_piece_1.obj is not a valid directory, skipping.
Warning: /workspace/everyday_all_2/Bottle_7b1fc86844257f8fa54fd40ef3a8dfd0_fractured_35_piece_0.obj,Bottle_7b1fc86844257f8fa54fd40ef3a8dfd0_fractured_35_piece_1.obj is not a valid directory, skipping.
Warning: /workspace/everyday_all_2/Bottle_7b1fc86844257f8fa54fd40ef3a8dfd0_fractured_46_piece_0.obj,Bottle_7b1fc86844257f8fa54fd40ef3a8dfd0_fractured_46_piece_1.obj is not a valid directory, skipping.
Warning: /workspace/everyday_all_2/Bottle_7b1fc86844257f8fa54fd40ef3a8dfd0_fractured_32_piece_0.obj,Bottle_7b1fc86844257f8fa54fd40ef3a8dfd0_fractured_32_piece_1.obj is not a valid directory, skipping.
Warning: /workspace/everyday_all_2/Bottle_7b1fc86844257f8fa54fd40ef3a8dfd0_fractured_27_piece_0.obj,Bottle_7b1fc86844257f8fa54fd40ef3a8dfd0_fractured_27_piece_1.obj is not a valid directory, skipping.
Warning: /workspace/everyday_all_2/Bottle_7b1fc86844257f8fa54fd40ef3a8dfd0_fractured_50_piece_0.obj,Bottle_7b1fc86844257f8fa54fd40ef3a8dfd0_fractured_50_piece_1.obj is not a valid directory, skipping.
Warning: /workspace/everyday_all_2/Bottle_7b1fc86844257f8fa54fd40ef3a8dfd0_fractured_1_piece_0.obj,Bottle_7b1fc86844257f8fa54fd40ef3a8dfd0_fractured_1_piece_1.obj is not a valid directory, skipping.
Warning: /workspace/everyday_all_2/Bottle_7b1fc86844257f8fa54fd40ef3a8dfd0_fractured_74_piece_0.obj,Bottle_7b1fc86844257f8fa54fd40ef3a8dfd0_fractured_74_piece_1.obj is not a valid directory, skipping.
Warning: /workspace/everyday_all_2/Bottle_7b1fc86844257f8fa54fd40ef3a8dfd0_fractured_2_piece_0.obj,Bottle_7b1fc86844257f8fa54fd40ef3a8dfd0_fractured_2_piece_1.obj is not a valid directory, skipping.
Warning: /workspace/everyday_all_2/Bottle_7b1fc86844257f8fa54fd40ef3a8dfd0_fractured_5_piece_0.obj,Bottle_7b1fc86844257f8fa54fd40ef3a8dfd0_fractured_5_piece_1.obj is not a valid directory, skipping.
Warning: /workspace/everyday_all_2/Bottle_7b1fc86844257f8fa54fd40ef3a8dfd0_fractured_60_piece_0.obj,Bottle_7b1fc86844257f8fa54fd40ef3a8dfd0_fractured_60_piece_1.obj is not a valid directory, skipping.
Warning: /workspace/everyday_all_2/Bottle_7b1fc86844257f8fa54fd40ef3a8dfd0_fractured_36_piece_0.obj,Bottle_7b1fc86844257f8fa54fd40ef3a8dfd0_fractured_36_piece_1.obj is not a valid directory, skipping.
Warning: /workspace/everyday_all_2/Bottle_7b1fc86844257f8fa54fd40ef3a8dfd0_fractured_37_piece_0.obj,Bottle_7b1fc86844257f8fa54fd40ef3a8dfd0_fractured_37_piece_1.obj is not a valid directory, skipping.
Warning: /workspace/everyday_all_2/BeerBottle_8309e710832c07f91082f2ea630bf69e_fractured_23_piece_0.obj,BeerBottle_8309e710832c07f91082f2ea630bf69e_fractured_23_piece_1.obj is not a valid directory, skipping.
Warning: /workspace/everyday_all_2/BeerBottle_8309e710832c07f91082f2ea630bf69e_fractured_51_piece_1.obj,BeerBottle_8309e710832c07f91082f2ea630bf69e_fractured_51_piece_0.obj is not a valid directory, skipping.
Warning: /workspace/everyday_all_2/BeerBottle_8309e710832c07f91082f2ea630bf69e_fractured_32_piece_0.obj,BeerBottle_8309e710832c07f91082f2ea630bf69e_fractured_32_piece_1.obj is not a valid directory, skipping.
Warning: /workspace/everyday_all_2/Teacup_659192a6ba300f1f4293529704725d98_fractured_73_piece_0.obj,Teacup_659192a6ba300f1f4293529704725d98_fractured_73_piece_1.obj is not a valid directory, skipping.
Warning: /workspace/everyday_all_2/Teacup_659192a6ba300f1f4293529704725d98_fractured_3_piece_0.obj,Teacup_659192a6ba300f1f4293529704725d98_fractured_3_piece_1.obj is not a valid directory, skipping.
Warning: /workspace/everyday_all_2/Teacup_659192a6ba300f1f4293529704725d98_fractured_17_piece_0.obj,Teacup_659192a6ba300f1f4293529704725d98_fractured_17_piece_1.obj is not a valid directory, skipping.
Warning: /workspace/everyday_all_2/Teacup_659192a6ba300f1f4293529704725d98_fractured_71_piece_0.obj,Teacup_659192a6ba300f1f4293529704725d98_fractured_71_piece_1.obj is not a valid directory, skipping.
Warning: /workspace/everyday_all_2/Teacup_659192a6ba300f1f4293529704725d98_fractured_37_piece_0.obj,Teacup_659192a6ba300f1f4293529704725d98_fractured_37_piece_1.obj is not a valid directory, skipping.
Warning: /workspace/everyday_all_2/Teacup_659192a6ba300f1f4293529704725d98_fractured_67_piece_0.obj,Teacup_659192a6ba300f1f4293529704725d98_fractured_67_piece_1.obj is not a valid directory, skipping.
Warning: /workspace/everyday_all_2/Statue_d3ca5d06ad8ab969b2644d7d4d7ea2c7_fractured_56_piece_0.obj,Statue_d3ca5d06ad8ab969b2644d7d4d7ea2c7_fractured_56_piece_1.obj is not a valid directory, skipping.
Warning: /workspace/everyday_all_2/Statue_d3ca5d06ad8ab969b2644d7d4d7ea2c7_fractured_0_piece_0.obj,Statue_d3ca5d06ad8ab969b2644d7d4d7ea2c7_fractured_0_piece_1.obj is not a valid directory, skipping.
Warning: /workspace/everyday_all_2/Statue_d3ca5d06ad8ab969b2644d7d4d7ea2c7_fractured_3_piece_0.obj,Statue_d3ca5d06ad8ab969b2644d7d4d7ea2c7_fractured_3_piece_1.obj is not a valid directory, skipping.
Warning: /workspace/everyday_all_2/Statue_d3ca5d06ad8ab969b2644d7d4d7ea2c7_fractured_34_piece_0.obj,Statue_d3ca5d06ad8ab969b2644d7d4d7ea2c7_fractured_34_piece_1.obj is not a valid directory, skipping.
Warning: /workspace/everyday_all_2/Statue_d3ca5d06ad8ab969b2644d7d4d7ea2c7_fractured_13_piece_0.obj,Statue_d3ca5d06ad8ab969b2644d7d4d7ea2c7_fractured_13_piece_1.obj is not a valid directory, skipping.
Warning: /workspace/everyday_all_2/Statue_d3ca5d06ad8ab969b2644d7d4d7ea2c7_fractured_62_piece_0.obj,Statue_d3ca5d06ad8ab969b2644d7d4d7ea2c7_fractured_62_piece_1.obj is not a valid directory, skipping.
Warning: /workspace/everyday_all_2/Statue_d3ca5d06ad8ab969b2644d7d4d7ea2c7_fractured_38_piece_0.obj,Statue_d3ca5d06ad8ab969b2644d7d4d7ea2c7_fractured_38_piece_1.obj is not a valid directory, skipping.
Warning: /workspace/everyday_all_2/Statue_d3ca5d06ad8ab969b2644d7d4d7ea2c7_fractured_27_piece_0.obj,Statue_d3ca5d06ad8ab969b2644d7d4d7ea2c7_fractured_27_piece_1.obj is not a valid directory, skipping.
Warning: /workspace/everyday_all_2/Statue_d3ca5d06ad8ab969b2644d7d4d7ea2c7_fractured_2_piece_0.obj,Statue_d3ca5d06ad8ab969b2644d7d4d7ea2c7_fractured_2_piece_1.obj is not a valid directory, skipping.
Warning: /workspace/everyday_all_2/Statue_d3ca5d06ad8ab969b2644d7d4d7ea2c7_fractured_74_piece_0.obj,Statue_d3ca5d06ad8ab969b2644d7d4d7ea2c7_fractured_74_piece_1.obj is not a valid directory, skipping.
Warning: /workspace/everyday_all_2/Statue_d3ca5d06ad8ab969b2644d7d4d7ea2c7_fractured_44_piece_0.obj,Statue_d3ca5d06ad8ab969b2644d7d4d7ea2c7_fractured_44_piece_1.obj is not a valid directory, skipping.
Warning: /workspace/everyday_all_2/Statue_d3ca5d06ad8ab969b2644d7d4d7ea2c7_fractured_20_piece_0.obj,Statue_d3ca5d06ad8ab969b2644d7d4d7ea2c7_fractured_20_piece_1.obj is not a valid directory, skipping.
Warning: /workspace/everyday_all_2/Vase_38e712afedf758c355db916689d826c1_fractured_52_piece_1.obj,Vase_38e712afedf758c355db916689d826c1_fractured_52_piece_0.obj is not a valid directory, skipping.
Warning: /workspace/everyday_all_2/Vase_38e712afedf758c355db916689d826c1_fractured_46_piece_0.obj,Vase_38e712afedf758c355db916689d826c1_fractured_46_piece_1.obj is not a valid directory, skipping.
Warning: /workspace/everyday_all_2/Vase_38e712afedf758c355db916689d826c1_fractured_19_piece_1.obj,Vase_38e712afedf758c355db916689d826c1_fractured_19_piece_0.obj is not a valid directory, skipping.
Warning: /workspace/everyday_all_2/Vase_38e712afedf758c355db916689d826c1_fractured_22_piece_0.obj,Vase_38e712afedf758c355db916689d826c1_fractured_22_piece_1.obj is not a valid directory, skipping.
Warning: /workspace/everyday_all_2/Vase_38e712afedf758c355db916689d826c1_fractured_8_piece_0.obj,Vase_38e712afedf758c355db916689d826c1_fractured_8_piece_1.obj is not a valid directory, skipping.
Warning: /workspace/everyday_all_2/Vase_38e712afedf758c355db916689d826c1_fractured_44_piece_0.obj,Vase_38e712afedf758c355db916689d826c1_fractured_44_piece_1.obj is not a valid directory, skipping.
Warning: /workspace/everyday_all_2/Vase_38e712afedf758c355db916689d826c1_fractured_24_piece_0.obj,Vase_38e712afedf758c355db916689d826c1_fractured_24_piece_1.obj is not a valid directory, skipping.
Warning: /workspace/everyday_all_2/Vase_38e712afedf758c355db916689d826c1_fractured_59_piece_0.obj,Vase_38e712afedf758c355db916689d826c1_fractured_59_piece_1.obj is not a valid directory, skipping.
Warning: /workspace/everyday_all_2/Vase_38e712afedf758c355db916689d826c1_fractured_54_piece_0.obj,Vase_38e712afedf758c355db916689d826c1_fractured_54_piece_1.obj is not a valid directory, skipping.
Warning: /workspace/everyday_all_2/Vase_38e712afedf758c355db916689d826c1_fractured_29_piece_1.obj,Vase_38e712afedf758c355db916689d826c1_fractured_29_piece_0.obj is not a valid directory, skipping.
Warning: /workspace/everyday_all_2/Vase_38e712afedf758c355db916689d826c1_fractured_63_piece_0.obj,Vase_38e712afedf758c355db916689d826c1_fractured_63_piece_1.obj is not a valid directory, skipping.
Warning: /workspace/everyday_all_2/Vase_38e712afedf758c355db916689d826c1_fractured_12_piece_0.obj,Vase_38e712afedf758c355db916689d826c1_fractured_12_piece_1.obj is not a valid directory, skipping.
Warning: /workspace/everyday_all_2/Vase_38e712afedf758c355db916689d826c1_fractured_16_piece_0.obj,Vase_38e712afedf758c355db916689d826c1_fractured_16_piece_1.obj is not a valid directory, skipping.
Warning: /workspace/everyday_all_2/Vase_38e712afedf758c355db916689d826c1_fractured_11_piece_0.obj,Vase_38e712afedf758c355db916689d826c1_fractured_11_piece_1.obj is not a valid directory, skipping.
Warning: /workspace/everyday_all_2/Plate_9_mode_1_piece_0.obj,Plate_9_mode_1_piece_1.obj is not a valid directory, skipping.
Warning: /workspace/everyday_all_2/Vase_884b167e2c44a19930eaaf40a8a562c1_fractured_28_piece_1.obj,Vase_884b167e2c44a19930eaaf40a8a562c1_fractured_28_piece_0.obj is not a valid directory, skipping.
Warning: /workspace/everyday_all_2/Vase_884b167e2c44a19930eaaf40a8a562c1_fractured_11_piece_0.obj,Vase_884b167e2c44a19930eaaf40a8a562c1_fractured_11_piece_1.obj is not a valid directory, skipping.
Warning: /workspace/everyday_all_2/Vase_884b167e2c44a19930eaaf40a8a562c1_fractured_17_piece_0.obj,Vase_884b167e2c44a19930eaaf40a8a562c1_fractured_17_piece_1.obj is not a valid directory, skipping.
Warning: /workspace/everyday_all_2/Vase_884b167e2c44a19930eaaf40a8a562c1_fractured_51_piece_0.obj,Vase_884b167e2c44a19930eaaf40a8a562c1_fractured_51_piece_1.obj is not a valid directory, skipping.
Warning: /workspace/everyday_all_2/Vase_884b167e2c44a19930eaaf40a8a562c1_fractured_8_piece_1.obj,Vase_884b167e2c44a19930eaaf40a8a562c1_fractured_8_piece_0.obj is not a valid directory, skipping.
Warning: /workspace/everyday_all_2/Vase_884b167e2c44a19930eaaf40a8a562c1_fractured_49_piece_0.obj,Vase_884b167e2c44a19930eaaf40a8a562c1_fractured_49_piece_1.obj is not a valid directory, skipping.
Warning: /workspace/everyday_all_2/Vase_884b167e2c44a19930eaaf40a8a562c1_fractured_77_piece_0.obj,Vase_884b167e2c44a19930eaaf40a8a562c1_fractured_77_piece_1.obj is not a valid directory, skipping.
Warning: /workspace/everyday_all_2/Vase_884b167e2c44a19930eaaf40a8a562c1_fractured_19_piece_1.obj,Vase_884b167e2c44a19930eaaf40a8a562c1_fractured_19_piece_0.obj is not a valid directory, skipping.
Warning: /workspace/everyday_all_2/Vase_884b167e2c44a19930eaaf40a8a562c1_fractured_43_piece_0.obj,Vase_884b167e2c44a19930eaaf40a8a562c1_fractured_43_piece_1.obj is not a valid directory, skipping.
Warning: /workspace/everyday_all_2/Mirror_d97dbcad4f2786f0b877c077186eb35f_mode_1_piece_0.obj,Mirror_d97dbcad4f2786f0b877c077186eb35f_mode_1_piece_1.obj is not a valid directory, skipping.
Warning: /workspace/everyday_all_2/Bottle_371b604f78300e02d76ab6ff59fe7e10_fractured_63_piece_0.obj,Bottle_371b604f78300e02d76ab6ff59fe7e10_fractured_63_piece_1.obj is not a valid directory, skipping.
Warning: /workspace/everyday_all_2/Bottle_371b604f78300e02d76ab6ff59fe7e10_fractured_32_piece_0.obj,Bottle_371b604f78300e02d76ab6ff59fe7e10_fractured_32_piece_1.obj is not a valid directory, skipping.
Warning: /workspace/everyday_all_2/Bottle_371b604f78300e02d76ab6ff59fe7e10_fractured_12_piece_0.obj,Bottle_371b604f78300e02d76ab6ff59fe7e10_fractured_12_piece_1.obj is not a valid directory, skipping.
Warning: /workspace/everyday_all_2/Bottle_371b604f78300e02d76ab6ff59fe7e10_fractured_35_piece_0.obj,Bottle_371b604f78300e02d76ab6ff59fe7e10_fractured_35_piece_1.obj is not a valid directory, skipping.
Warning: /workspace/everyday_all_2/Bottle_371b604f78300e02d76ab6ff59fe7e10_fractured_1_piece_0.obj,Bottle_371b604f78300e02d76ab6ff59fe7e10_fractured_1_piece_1.obj is not a valid directory, skipping.
Warning: /workspace/everyday_all_2/Bottle_371b604f78300e02d76ab6ff59fe7e10_fractured_57_piece_0.obj,Bottle_371b604f78300e02d76ab6ff59fe7e10_fractured_57_piece_1.obj is not a valid directory, skipping.
Warning: /workspace/everyday_all_2/Bottle_371b604f78300e02d76ab6ff59fe7e10_fractured_19_piece_0.obj,Bottle_371b604f78300e02d76ab6ff59fe7e10_fractured_19_piece_1.obj is not a valid directory, skipping.
Warning: /workspace/everyday_all_2/Bottle_371b604f78300e02d76ab6ff59fe7e10_fractured_50_piece_0.obj,Bottle_371b604f78300e02d76ab6ff59fe7e10_fractured_50_piece_1.obj is not a valid directory, skipping.
Warning: /workspace/everyday_all_2/Bottle_371b604f78300e02d76ab6ff59fe7e10_fractured_13_piece_0.obj,Bottle_371b604f78300e02d76ab6ff59fe7e10_fractured_13_piece_1.obj is not a valid directory, skipping.
Warning: /workspace/everyday_all_2/Bottle_371b604f78300e02d76ab6ff59fe7e10_fractured_64_piece_0.obj,Bottle_371b604f78300e02d76ab6ff59fe7e10_fractured_64_piece_1.obj is not a valid directory, skipping.
Warning: /workspace/everyday_all_2/Bottle_371b604f78300e02d76ab6ff59fe7e10_fractured_62_piece_0.obj,Bottle_371b604f78300e02d76ab6ff59fe7e10_fractured_62_piece_1.obj is not a valid directory, skipping.
Warning: /workspace/everyday_all_2/Bottle_371b604f78300e02d76ab6ff59fe7e10_fractured_37_piece_0.obj,Bottle_371b604f78300e02d76ab6ff59fe7e10_fractured_37_piece_1.obj is not a valid directory, skipping.
Warning: /workspace/everyday_all_2/Bottle_371b604f78300e02d76ab6ff59fe7e10_fractured_65_piece_0.obj,Bottle_371b604f78300e02d76ab6ff59fe7e10_fractured_65_piece_1.obj is not a valid directory, skipping.
Warning: /workspace/everyday_all_2/Bottle_371b604f78300e02d76ab6ff59fe7e10_fractured_39_piece_0.obj,Bottle_371b604f78300e02d76ab6ff59fe7e10_fractured_39_piece_1.obj is not a valid directory, skipping.
Warning: /workspace/everyday_all_2/Teapot_7c381f85d3b6e8f46a47bc678e9c8907_fractured_36_piece_0.obj,Teapot_7c381f85d3b6e8f46a47bc678e9c8907_fractured_36_piece_1.obj is not a valid directory, skipping.
Warning: /workspace/everyday_all_2/Teapot_7c381f85d3b6e8f46a47bc678e9c8907_fractured_40_piece_0.obj,Teapot_7c381f85d3b6e8f46a47bc678e9c8907_fractured_40_piece_1.obj is not a valid directory, skipping.
Warning: /workspace/everyday_all_2/Teapot_7c381f85d3b6e8f46a47bc678e9c8907_fractured_70_piece_0.obj,Teapot_7c381f85d3b6e8f46a47bc678e9c8907_fractured_70_piece_1.obj is not a valid directory, skipping.
Warning: /workspace/everyday_all_2/Teapot_7c381f85d3b6e8f46a47bc678e9c8907_fractured_38_piece_0.obj,Teapot_7c381f85d3b6e8f46a47bc678e9c8907_fractured_38_piece_1.obj is not a valid directory, skipping.
Warning: /workspace/everyday_all_2/Teapot_7c381f85d3b6e8f46a47bc678e9c8907_fractured_46_piece_0.obj,Teapot_7c381f85d3b6e8f46a47bc678e9c8907_fractured_46_piece_1.obj is not a valid directory, skipping.
Warning: /workspace/everyday_all_2/Teapot_7c381f85d3b6e8f46a47bc678e9c8907_fractured_15_piece_0.obj,Teapot_7c381f85d3b6e8f46a47bc678e9c8907_fractured_15_piece_1.obj is not a valid directory, skipping.
Warning: /workspace/everyday_all_2/Teapot_7c381f85d3b6e8f46a47bc678e9c8907_fractured_33_piece_0.obj,Teapot_7c381f85d3b6e8f46a47bc678e9c8907_fractured_33_piece_1.obj is not a valid directory, skipping.
Warning: /workspace/everyday_all_2/Teapot_7c381f85d3b6e8f46a47bc678e9c8907_fractured_61_piece_0.obj,Teapot_7c381f85d3b6e8f46a47bc678e9c8907_fractured_61_piece_1.obj is not a valid directory, skipping.
Warning: /workspace/everyday_all_2/Teapot_7c381f85d3b6e8f46a47bc678e9c8907_fractured_5_piece_0.obj,Teapot_7c381f85d3b6e8f46a47bc678e9c8907_fractured_5_piece_1.obj is not a valid directory, skipping.
Warning: /workspace/everyday_all_2/Teapot_7c381f85d3b6e8f46a47bc678e9c8907_fractured_25_piece_0.obj,Teapot_7c381f85d3b6e8f46a47bc678e9c8907_fractured_25_piece_1.obj is not a valid directory, skipping.
Warning: /workspace/everyday_all_2/DrinkingUtensil_f23a544c04e2f5ccb50d0c6a0c254040_fractured_59_piece_0.obj,DrinkingUtensil_f23a544c04e2f5ccb50d0c6a0c254040_fractured_59_piece_1.obj is not a valid directory, skipping.
Warning: /workspace/everyday_all_2/DrinkingUtensil_f23a544c04e2f5ccb50d0c6a0c254040_fractured_51_piece_0.obj,DrinkingUtensil_f23a544c04e2f5ccb50d0c6a0c254040_fractured_51_piece_1.obj is not a valid directory, skipping.
Warning: /workspace/everyday_all_2/DrinkingUtensil_f23a544c04e2f5ccb50d0c6a0c254040_fractured_78_piece_0.obj,DrinkingUtensil_f23a544c04e2f5ccb50d0c6a0c254040_fractured_78_piece_1.obj is not a valid directory, skipping.
Warning: /workspace/everyday_all_2/DrinkingUtensil_f23a544c04e2f5ccb50d0c6a0c254040_fractured_29_piece_0.obj,DrinkingUtensil_f23a544c04e2f5ccb50d0c6a0c254040_fractured_29_piece_1.obj is not a valid directory, skipping.
Warning: /workspace/everyday_all_2/DrinkingUtensil_f23a544c04e2f5ccb50d0c6a0c254040_fractured_39_piece_0.obj,DrinkingUtensil_f23a544c04e2f5ccb50d0c6a0c254040_fractured_39_piece_1.obj is not a valid directory, skipping.
Warning: /workspace/everyday_all_2/DrinkingUtensil_f23a544c04e2f5ccb50d0c6a0c254040_fractured_79_piece_0.obj,DrinkingUtensil_f23a544c04e2f5ccb50d0c6a0c254040_fractured_79_piece_1.obj is not a valid directory, skipping.
Warning: /workspace/everyday_all_2/DrinkingUtensil_f23a544c04e2f5ccb50d0c6a0c254040_fractured_40_piece_0.obj,DrinkingUtensil_f23a544c04e2f5ccb50d0c6a0c254040_fractured_40_piece_1.obj is not a valid directory, skipping.
Warning: /workspace/everyday_all_2/DrinkingUtensil_f23a544c04e2f5ccb50d0c6a0c254040_fractured_35_piece_0.obj,DrinkingUtensil_f23a544c04e2f5ccb50d0c6a0c254040_fractured_35_piece_1.obj is not a valid directory, skipping.
Warning: /workspace/everyday_all_2/DrinkingUtensil_f23a544c04e2f5ccb50d0c6a0c254040_fractured_72_piece_0.obj,DrinkingUtensil_f23a544c04e2f5ccb50d0c6a0c254040_fractured_72_piece_1.obj is not a valid directory, skipping.
Warning: /workspace/everyday_all_2/DrinkingUtensil_f23a544c04e2f5ccb50d0c6a0c254040_fractured_11_piece_0.obj,DrinkingUtensil_f23a544c04e2f5ccb50d0c6a0c254040_fractured_11_piece_1.obj is not a valid directory, skipping.
Warning: /workspace/everyday_all_2/DrinkingUtensil_f23a544c04e2f5ccb50d0c6a0c254040_fractured_46_piece_0.obj,DrinkingUtensil_f23a544c04e2f5ccb50d0c6a0c254040_fractured_46_piece_1.obj is not a valid directory, skipping.
Warning: /workspace/everyday_all_2/DrinkingUtensil_f23a544c04e2f5ccb50d0c6a0c254040_fractured_36_piece_0.obj,DrinkingUtensil_f23a544c04e2f5ccb50d0c6a0c254040_fractured_36_piece_1.obj is not a valid directory, skipping.
Warning: /workspace/everyday_all_2/DrinkingUtensil_f23a544c04e2f5ccb50d0c6a0c254040_fractured_23_piece_0.obj,DrinkingUtensil_f23a544c04e2f5ccb50d0c6a0c254040_fractured_23_piece_1.obj is not a valid directory, skipping.
Warning: /workspace/everyday_all_2/DrinkingUtensil_f23a544c04e2f5ccb50d0c6a0c254040_fractured_25_piece_0.obj,DrinkingUtensil_f23a544c04e2f5ccb50d0c6a0c254040_fractured_25_piece_1.obj is not a valid directory, skipping.
Warning: /workspace/everyday_all_2/DrinkingUtensil_f23a544c04e2f5ccb50d0c6a0c254040_fractured_76_piece_1.obj,DrinkingUtensil_f23a544c04e2f5ccb50d0c6a0c254040_fractured_76_piece_0.obj is not a valid directory, skipping.
Warning: /workspace/everyday_all_2/DrinkingUtensil_f23a544c04e2f5ccb50d0c6a0c254040_fractured_55_piece_0.obj,DrinkingUtensil_f23a544c04e2f5ccb50d0c6a0c254040_fractured_55_piece_1.obj is not a valid directory, skipping.
Warning: /workspace/everyday_all_2/DrinkingUtensil_f23a544c04e2f5ccb50d0c6a0c254040_fractured_68_piece_0.obj,DrinkingUtensil_f23a544c04e2f5ccb50d0c6a0c254040_fractured_68_piece_1.obj is not a valid directory, skipping.
Warning: /workspace/everyday_all_2/DrinkingUtensil_f23a544c04e2f5ccb50d0c6a0c254040_fractured_13_piece_0.obj,DrinkingUtensil_f23a544c04e2f5ccb50d0c6a0c254040_fractured_13_piece_1.obj is not a valid directory, skipping.
Warning: /workspace/everyday_all_2/Bowl_64ccb121147c56af48ce81ccd3000f65_fractured_43_piece_0.obj,Bowl_64ccb121147c56af48ce81ccd3000f65_fractured_43_piece_1.obj is not a valid directory, skipping.
Warning: /workspace/everyday_all_2/Bowl_64ccb121147c56af48ce81ccd3000f65_fractured_10_piece_0.obj,Bowl_64ccb121147c56af48ce81ccd3000f65_fractured_10_piece_1.obj is not a valid directory, skipping.
Warning: /workspace/everyday_all_2/Bowl_64ccb121147c56af48ce81ccd3000f65_fractured_53_piece_0.obj,Bowl_64ccb121147c56af48ce81ccd3000f65_fractured_53_piece_1.obj is not a valid directory, skipping.
Warning: /workspace/everyday_all_2/Bowl_64ccb121147c56af48ce81ccd3000f65_fractured_59_piece_0.obj,Bowl_64ccb121147c56af48ce81ccd3000f65_fractured_59_piece_1.obj is not a valid directory, skipping.
Warning: /workspace/everyday_all_2/Bowl_64ccb121147c56af48ce81ccd3000f65_fractured_33_piece_0.obj,Bowl_64ccb121147c56af48ce81ccd3000f65_fractured_33_piece_1.obj is not a valid directory, skipping.
Warning: /workspace/everyday_all_2/Bowl_64ccb121147c56af48ce81ccd3000f65_fractured_74_piece_0.obj,Bowl_64ccb121147c56af48ce81ccd3000f65_fractured_74_piece_1.obj is not a valid directory, skipping.
Warning: /workspace/everyday_all_2/Bowl_64ccb121147c56af48ce81ccd3000f65_fractured_35_piece_0.obj,Bowl_64ccb121147c56af48ce81ccd3000f65_fractured_35_piece_1.obj is not a valid directory, skipping.
Warning: /workspace/everyday_all_2/Bowl_64ccb121147c56af48ce81ccd3000f65_fractured_58_piece_0.obj,Bowl_64ccb121147c56af48ce81ccd3000f65_fractured_58_piece_1.obj is not a valid directory, skipping.
Warning: /workspace/everyday_all_2/Bowl_64ccb121147c56af48ce81ccd3000f65_fractured_73_piece_0.obj,Bowl_64ccb121147c56af48ce81ccd3000f65_fractured_73_piece_1.obj is not a valid directory, skipping.
Warning: /workspace/everyday_all_2/Bowl_64ccb121147c56af48ce81ccd3000f65_fractured_20_piece_0.obj,Bowl_64ccb121147c56af48ce81ccd3000f65_fractured_20_piece_1.obj is not a valid directory, skipping.
Warning: /workspace/everyday_all_2/Bowl_64ccb121147c56af48ce81ccd3000f65_fractured_26_piece_0.obj,Bowl_64ccb121147c56af48ce81ccd3000f65_fractured_26_piece_1.obj is not a valid directory, skipping.
Warning: /workspace/everyday_all_2/Bowl_64ccb121147c56af48ce81ccd3000f65_fractured_21_piece_0.obj,Bowl_64ccb121147c56af48ce81ccd3000f65_fractured_21_piece_1.obj is not a valid directory, skipping.
Warning: /workspace/everyday_all_2/Bowl_64ccb121147c56af48ce81ccd3000f65_fractured_36_piece_0.obj,Bowl_64ccb121147c56af48ce81ccd3000f65_fractured_36_piece_1.obj is not a valid directory, skipping.
Warning: /workspace/everyday_all_2/Bowl_64ccb121147c56af48ce81ccd3000f65_fractured_49_piece_0.obj,Bowl_64ccb121147c56af48ce81ccd3000f65_fractured_49_piece_1.obj is not a valid directory, skipping.
Warning: /workspace/everyday_all_2/Bowl_64ccb121147c56af48ce81ccd3000f65_fractured_1_piece_0.obj,Bowl_64ccb121147c56af48ce81ccd3000f65_fractured_1_piece_1.obj is not a valid directory, skipping.
Warning: /workspace/everyday_all_2/Bowl_64ccb121147c56af48ce81ccd3000f65_fractured_18_piece_0.obj,Bowl_64ccb121147c56af48ce81ccd3000f65_fractured_18_piece_1.obj is not a valid directory, skipping.
Warning: /workspace/everyday_all_2/Bowl_64ccb121147c56af48ce81ccd3000f65_fractured_61_piece_0.obj,Bowl_64ccb121147c56af48ce81ccd3000f65_fractured_61_piece_1.obj is not a valid directory, skipping.
Warning: /workspace/everyday_all_2/Bowl_64ccb121147c56af48ce81ccd3000f65_fractured_34_piece_0.obj,Bowl_64ccb121147c56af48ce81ccd3000f65_fractured_34_piece_1.obj is not a valid directory, skipping.
Warning: /workspace/everyday_all_2/Bowl_64ccb121147c56af48ce81ccd3000f65_fractured_72_piece_0.obj,Bowl_64ccb121147c56af48ce81ccd3000f65_fractured_72_piece_1.obj is not a valid directory, skipping.
Warning: /workspace/everyday_all_2/Bowl_64ccb121147c56af48ce81ccd3000f65_fractured_2_piece_0.obj,Bowl_64ccb121147c56af48ce81ccd3000f65_fractured_2_piece_1.obj is not a valid directory, skipping.
Warning: /workspace/everyday_all_2/WineBottle_e101cc44ead036294bc79c881a0e818b_fractured_33_piece_0.obj,WineBottle_e101cc44ead036294bc79c881a0e818b_fractured_33_piece_1.obj is not a valid directory, skipping.
Warning: /workspace/everyday_all_2/WineBottle_e101cc44ead036294bc79c881a0e818b_fractured_42_piece_0.obj,WineBottle_e101cc44ead036294bc79c881a0e818b_fractured_42_piece_1.obj is not a valid directory, skipping.
Warning: /workspace/everyday_all_2/WineBottle_e101cc44ead036294bc79c881a0e818b_fractured_35_piece_0.obj,WineBottle_e101cc44ead036294bc79c881a0e818b_fractured_35_piece_1.obj is not a valid directory, skipping.
Warning: /workspace/everyday_all_2/WineBottle_e101cc44ead036294bc79c881a0e818b_fractured_11_piece_0.obj,WineBottle_e101cc44ead036294bc79c881a0e818b_fractured_11_piece_1.obj is not a valid directory, skipping.
Warning: /workspace/everyday_all_2/WineBottle_e101cc44ead036294bc79c881a0e818b_fractured_37_piece_0.obj,WineBottle_e101cc44ead036294bc79c881a0e818b_fractured_37_piece_1.obj is not a valid directory, skipping.
Warning: /workspace/everyday_all_2/WineBottle_e101cc44ead036294bc79c881a0e818b_fractured_14_piece_0.obj,WineBottle_e101cc44ead036294bc79c881a0e818b_fractured_14_piece_1.obj is not a valid directory, skipping.
Warning: /workspace/everyday_all_2/WineBottle_e101cc44ead036294bc79c881a0e818b_fractured_48_piece_0.obj,WineBottle_e101cc44ead036294bc79c881a0e818b_fractured_48_piece_1.obj is not a valid directory, skipping.
Warning: /workspace/everyday_all_2/WineBottle_e101cc44ead036294bc79c881a0e818b_fractured_5_piece_0.obj,WineBottle_e101cc44ead036294bc79c881a0e818b_fractured_5_piece_1.obj is not a valid directory, skipping.
Warning: /workspace/everyday_all_2/WineBottle_e101cc44ead036294bc79c881a0e818b_fractured_6_piece_0.obj,WineBottle_e101cc44ead036294bc79c881a0e818b_fractured_6_piece_1.obj is not a valid directory, skipping.
Warning: /workspace/everyday_all_2/WineBottle_e101cc44ead036294bc79c881a0e818b_fractured_27_piece_0.obj,WineBottle_e101cc44ead036294bc79c881a0e818b_fractured_27_piece_1.obj is not a valid directory, skipping.
Warning: /workspace/everyday_all_2/WineBottle_e101cc44ead036294bc79c881a0e818b_fractured_47_piece_0.obj,WineBottle_e101cc44ead036294bc79c881a0e818b_fractured_47_piece_1.obj is not a valid directory, skipping.
Warning: /workspace/everyday_all_2/WineBottle_e101cc44ead036294bc79c881a0e818b_fractured_36_piece_0.obj,WineBottle_e101cc44ead036294bc79c881a0e818b_fractured_36_piece_1.obj is not a valid directory, skipping.
Warning: /workspace/everyday_all_2/Vase_b99191dfcaa751ad50e02ef26f47fe02_fractured_46_piece_0.obj,Vase_b99191dfcaa751ad50e02ef26f47fe02_fractured_46_piece_1.obj is not a valid directory, skipping.
Warning: /workspace/everyday_all_2/Vase_b99191dfcaa751ad50e02ef26f47fe02_fractured_12_piece_0.obj,Vase_b99191dfcaa751ad50e02ef26f47fe02_fractured_12_piece_1.obj is not a valid directory, skipping.
Warning: /workspace/everyday_all_2/Vase_b99191dfcaa751ad50e02ef26f47fe02_fractured_19_piece_0.obj,Vase_b99191dfcaa751ad50e02ef26f47fe02_fractured_19_piece_1.obj is not a valid directory, skipping.
Warning: /workspace/everyday_all_2/Vase_b99191dfcaa751ad50e02ef26f47fe02_fractured_28_piece_0.obj,Vase_b99191dfcaa751ad50e02ef26f47fe02_fractured_28_piece_1.obj is not a valid directory, skipping.
Warning: /workspace/everyday_all_2/Vase_b99191dfcaa751ad50e02ef26f47fe02_fractured_47_piece_0.obj,Vase_b99191dfcaa751ad50e02ef26f47fe02_fractured_47_piece_1.obj is not a valid directory, skipping.
Warning: /workspace/everyday_all_2/Vase_b99191dfcaa751ad50e02ef26f47fe02_fractured_24_piece_0.obj,Vase_b99191dfcaa751ad50e02ef26f47fe02_fractured_24_piece_1.obj is not a valid directory, skipping.
Warning: /workspace/everyday_all_2/Vase_b99191dfcaa751ad50e02ef26f47fe02_fractured_57_piece_0.obj,Vase_b99191dfcaa751ad50e02ef26f47fe02_fractured_57_piece_1.obj is not a valid directory, skipping.
Warning: /workspace/everyday_all_2/Bottle_d851cbc873de1c4d3b6eb309177a6753_fractured_68_piece_0.obj,Bottle_d851cbc873de1c4d3b6eb309177a6753_fractured_68_piece_1.obj is not a valid directory, skipping.
Warning: /workspace/everyday_all_2/Bottle_d851cbc873de1c4d3b6eb309177a6753_fractured_49_piece_0.obj,Bottle_d851cbc873de1c4d3b6eb309177a6753_fractured_49_piece_1.obj is not a valid directory, skipping.
Warning: /workspace/everyday_all_2/Bottle_d851cbc873de1c4d3b6eb309177a6753_fractured_66_piece_0.obj,Bottle_d851cbc873de1c4d3b6eb309177a6753_fractured_66_piece_1.obj is not a valid directory, skipping.
Warning: /workspace/everyday_all_2/Bottle_d851cbc873de1c4d3b6eb309177a6753_fractured_23_piece_0.obj,Bottle_d851cbc873de1c4d3b6eb309177a6753_fractured_23_piece_1.obj is not a valid directory, skipping.
Warning: /workspace/everyday_all_2/Bottle_d851cbc873de1c4d3b6eb309177a6753_fractured_46_piece_0.obj,Bottle_d851cbc873de1c4d3b6eb309177a6753_fractured_46_piece_1.obj is not a valid directory, skipping.
Warning: /workspace/everyday_all_2/Bottle_d851cbc873de1c4d3b6eb309177a6753_fractured_62_piece_0.obj,Bottle_d851cbc873de1c4d3b6eb309177a6753_fractured_62_piece_1.obj is not a valid directory, skipping.
Warning: /workspace/everyday_all_2/Bottle_d851cbc873de1c4d3b6eb309177a6753_fractured_17_piece_0.obj,Bottle_d851cbc873de1c4d3b6eb309177a6753_fractured_17_piece_1.obj is not a valid directory, skipping.
Warning: /workspace/everyday_all_2/Bottle_d851cbc873de1c4d3b6eb309177a6753_fractured_4_piece_0.obj,Bottle_d851cbc873de1c4d3b6eb309177a6753_fractured_4_piece_1.obj is not a valid directory, skipping.
Warning: /workspace/everyday_all_2/Bottle_d851cbc873de1c4d3b6eb309177a6753_fractured_39_piece_0.obj,Bottle_d851cbc873de1c4d3b6eb309177a6753_fractured_39_piece_1.obj is not a valid directory, skipping.
Warning: /workspace/everyday_all_2/Bottle_d851cbc873de1c4d3b6eb309177a6753_fractured_35_piece_0.obj,Bottle_d851cbc873de1c4d3b6eb309177a6753_fractured_35_piece_1.obj is not a valid directory, skipping.
Warning: /workspace/everyday_all_2/Bottle_d851cbc873de1c4d3b6eb309177a6753_fractured_18_piece_0.obj,Bottle_d851cbc873de1c4d3b6eb309177a6753_fractured_18_piece_1.obj is not a valid directory, skipping.
Warning: /workspace/everyday_all_2/Cup_81a3211c23e49d7739d900aac4aa1cce_fractured_9_piece_0.obj,Cup_81a3211c23e49d7739d900aac4aa1cce_fractured_9_piece_1.obj is not a valid directory, skipping.
Warning: /workspace/everyday_all_2/Cup_81a3211c23e49d7739d900aac4aa1cce_fractured_47_piece_0.obj,Cup_81a3211c23e49d7739d900aac4aa1cce_fractured_47_piece_1.obj is not a valid directory, skipping.
Warning: /workspace/everyday_all_2/Cup_81a3211c23e49d7739d900aac4aa1cce_fractured_28_piece_0.obj,Cup_81a3211c23e49d7739d900aac4aa1cce_fractured_28_piece_1.obj is not a valid directory, skipping.
Warning: /workspace/everyday_all_2/Cup_81a3211c23e49d7739d900aac4aa1cce_fractured_55_piece_0.obj,Cup_81a3211c23e49d7739d900aac4aa1cce_fractured_55_piece_1.obj is not a valid directory, skipping.
Warning: /workspace/everyday_all_2/Cup_81a3211c23e49d7739d900aac4aa1cce_fractured_58_piece_0.obj,Cup_81a3211c23e49d7739d900aac4aa1cce_fractured_58_piece_1.obj is not a valid directory, skipping.
Warning: /workspace/everyday_all_2/Bottle_ba85427b56a4619ad2b623ffc463478b_fractured_45_piece_0.obj,Bottle_ba85427b56a4619ad2b623ffc463478b_fractured_45_piece_1.obj is not a valid directory, skipping.
Warning: /workspace/everyday_all_2/Bottle_ba85427b56a4619ad2b623ffc463478b_fractured_62_piece_0.obj,Bottle_ba85427b56a4619ad2b623ffc463478b_fractured_62_piece_1.obj is not a valid directory, skipping.
Warning: /workspace/everyday_all_2/Bottle_ba85427b56a4619ad2b623ffc463478b_fractured_37_piece_0.obj,Bottle_ba85427b56a4619ad2b623ffc463478b_fractured_37_piece_1.obj is not a valid directory, skipping.
Warning: /workspace/everyday_all_2/Bottle_ba85427b56a4619ad2b623ffc463478b_fractured_40_piece_0.obj,Bottle_ba85427b56a4619ad2b623ffc463478b_fractured_40_piece_1.obj is not a valid directory, skipping.
Warning: /workspace/everyday_all_2/Bottle_ba85427b56a4619ad2b623ffc463478b_fractured_8_piece_0.obj,Bottle_ba85427b56a4619ad2b623ffc463478b_fractured_8_piece_1.obj is not a valid directory, skipping.
Warning: /workspace/everyday_all_2/Bottle_ba85427b56a4619ad2b623ffc463478b_fractured_39_piece_0.obj,Bottle_ba85427b56a4619ad2b623ffc463478b_fractured_39_piece_1.obj is not a valid directory, skipping.
Warning: /workspace/everyday_all_2/Bottle_ba85427b56a4619ad2b623ffc463478b_fractured_20_piece_0.obj,Bottle_ba85427b56a4619ad2b623ffc463478b_fractured_20_piece_1.obj is not a valid directory, skipping.
Warning: /workspace/everyday_all_2/Bottle_ba85427b56a4619ad2b623ffc463478b_fractured_55_piece_0.obj,Bottle_ba85427b56a4619ad2b623ffc463478b_fractured_55_piece_1.obj is not a valid directory, skipping.
Warning: /workspace/everyday_all_2/Bottle_ba85427b56a4619ad2b623ffc463478b_fractured_23_piece_0.obj,Bottle_ba85427b56a4619ad2b623ffc463478b_fractured_23_piece_1.obj is not a valid directory, skipping.
Warning: /workspace/everyday_all_2/Bottle_ba85427b56a4619ad2b623ffc463478b_fractured_4_piece_0.obj,Bottle_ba85427b56a4619ad2b623ffc463478b_fractured_4_piece_1.obj is not a valid directory, skipping.
Warning: /workspace/everyday_all_2/Bottle_ba85427b56a4619ad2b623ffc463478b_fractured_29_piece_0.obj,Bottle_ba85427b56a4619ad2b623ffc463478b_fractured_29_piece_1.obj is not a valid directory, skipping.
Warning: /workspace/everyday_all_2/Vase_e0a8f8e79f18f7c8561dce3fe08634b7_fractured_5_piece_0.obj,Vase_e0a8f8e79f18f7c8561dce3fe08634b7_fractured_5_piece_1.obj is not a valid directory, skipping.
Warning: /workspace/everyday_all_2/Vase_e0a8f8e79f18f7c8561dce3fe08634b7_fractured_48_piece_0.obj,Vase_e0a8f8e79f18f7c8561dce3fe08634b7_fractured_48_piece_1.obj is not a valid directory, skipping.
Warning: /workspace/everyday_all_2/Vase_e0a8f8e79f18f7c8561dce3fe08634b7_fractured_55_piece_0.obj,Vase_e0a8f8e79f18f7c8561dce3fe08634b7_fractured_55_piece_1.obj is not a valid directory, skipping.
Warning: /workspace/everyday_all_2/Vase_e0a8f8e79f18f7c8561dce3fe08634b7_fractured_64_piece_0.obj,Vase_e0a8f8e79f18f7c8561dce3fe08634b7_fractured_64_piece_1.obj is not a valid directory, skipping.
Warning: /workspace/everyday_all_2/Vase_e0a8f8e79f18f7c8561dce3fe08634b7_fractured_26_piece_0.obj,Vase_e0a8f8e79f18f7c8561dce3fe08634b7_fractured_26_piece_1.obj is not a valid directory, skipping.
Warning: /workspace/everyday_all_2/Vase_e0a8f8e79f18f7c8561dce3fe08634b7_fractured_2_piece_0.obj,Vase_e0a8f8e79f18f7c8561dce3fe08634b7_fractured_2_piece_1.obj is not a valid directory, skipping.
Warning: /workspace/everyday_all_2/Vase_e0a8f8e79f18f7c8561dce3fe08634b7_fractured_29_piece_0.obj,Vase_e0a8f8e79f18f7c8561dce3fe08634b7_fractured_29_piece_1.obj is not a valid directory, skipping.
Warning: /workspace/everyday_all_2/Vase_e0a8f8e79f18f7c8561dce3fe08634b7_fractured_8_piece_0.obj,Vase_e0a8f8e79f18f7c8561dce3fe08634b7_fractured_8_piece_1.obj is not a valid directory, skipping.
Warning: /workspace/everyday_all_2/Mirror_b1598cc4f821dc6c8adbf302116d52d_fractured_19_piece_0.obj,Mirror_b1598cc4f821dc6c8adbf302116d52d_fractured_19_piece_1.obj is not a valid directory, skipping.
Warning: /workspace/everyday_all_2/Mirror_b1598cc4f821dc6c8adbf302116d52d_fractured_55_piece_0.obj,Mirror_b1598cc4f821dc6c8adbf302116d52d_fractured_55_piece_1.obj is not a valid directory, skipping.
Warning: /workspace/everyday_all_2/Mirror_b1598cc4f821dc6c8adbf302116d52d_fractured_35_piece_0.obj,Mirror_b1598cc4f821dc6c8adbf302116d52d_fractured_35_piece_1.obj is not a valid directory, skipping.
Warning: /workspace/everyday_all_2/Mirror_b1598cc4f821dc6c8adbf302116d52d_fractured_25_piece_0.obj,Mirror_b1598cc4f821dc6c8adbf302116d52d_fractured_25_piece_1.obj is not a valid directory, skipping.
Warning: /workspace/everyday_all_2/Mirror_b1598cc4f821dc6c8adbf302116d52d_fractured_22_piece_0.obj,Mirror_b1598cc4f821dc6c8adbf302116d52d_fractured_22_piece_1.obj is not a valid directory, skipping.
Warning: /workspace/everyday_all_2/Mirror_b1598cc4f821dc6c8adbf302116d52d_fractured_43_piece_0.obj,Mirror_b1598cc4f821dc6c8adbf302116d52d_fractured_43_piece_1.obj is not a valid directory, skipping.
Warning: /workspace/everyday_all_2/Mirror_b1598cc4f821dc6c8adbf302116d52d_fractured_1_piece_0.obj,Mirror_b1598cc4f821dc6c8adbf302116d52d_fractured_1_piece_1.obj is not a valid directory, skipping.
Warning: /workspace/everyday_all_2/Mirror_b1598cc4f821dc6c8adbf302116d52d_fractured_79_piece_0.obj,Mirror_b1598cc4f821dc6c8adbf302116d52d_fractured_79_piece_1.obj is not a valid directory, skipping.
Warning: /workspace/everyday_all_2/Mirror_b1598cc4f821dc6c8adbf302116d52d_fractured_4_piece_0.obj,Mirror_b1598cc4f821dc6c8adbf302116d52d_fractured_4_piece_1.obj is not a valid directory, skipping.
Warning: /workspace/everyday_all_2/Mirror_b1598cc4f821dc6c8adbf302116d52d_fractured_18_piece_0.obj,Mirror_b1598cc4f821dc6c8adbf302116d52d_fractured_18_piece_1.obj is not a valid directory, skipping.
Warning: /workspace/everyday_all_2/Mirror_b1598cc4f821dc6c8adbf302116d52d_fractured_21_piece_0.obj,Mirror_b1598cc4f821dc6c8adbf302116d52d_fractured_21_piece_1.obj is not a valid directory, skipping.
Warning: /workspace/everyday_all_2/Mirror_b1598cc4f821dc6c8adbf302116d52d_fractured_20_piece_0.obj,Mirror_b1598cc4f821dc6c8adbf302116d52d_fractured_20_piece_1.obj is not a valid directory, skipping.
Warning: /workspace/everyday_all_2/Mirror_b1598cc4f821dc6c8adbf302116d52d_fractured_28_piece_0.obj,Mirror_b1598cc4f821dc6c8adbf302116d52d_fractured_28_piece_1.obj is not a valid directory, skipping.
Warning: /workspace/everyday_all_2/Mirror_b1598cc4f821dc6c8adbf302116d52d_fractured_71_piece_0.obj,Mirror_b1598cc4f821dc6c8adbf302116d52d_fractured_71_piece_1.obj is not a valid directory, skipping.
Warning: /workspace/everyday_all_2/Mirror_b1598cc4f821dc6c8adbf302116d52d_fractured_33_piece_0.obj,Mirror_b1598cc4f821dc6c8adbf302116d52d_fractured_33_piece_1.obj is not a valid directory, skipping.
Warning: /workspace/everyday_all_2/Mirror_b1598cc4f821dc6c8adbf302116d52d_fractured_61_piece_0.obj,Mirror_b1598cc4f821dc6c8adbf302116d52d_fractured_61_piece_1.obj is not a valid directory, skipping.
Warning: /workspace/everyday_all_2/Mirror_b1598cc4f821dc6c8adbf302116d52d_fractured_67_piece_0.obj,Mirror_b1598cc4f821dc6c8adbf302116d52d_fractured_67_piece_1.obj is not a valid directory, skipping.
Warning: /workspace/everyday_all_2/Bottle_2d3f7082ad6d293daf6843c094838b08_fractured_6_piece_0.obj,Bottle_2d3f7082ad6d293daf6843c094838b08_fractured_6_piece_1.obj is not a valid directory, skipping.
Warning: /workspace/everyday_all_2/Bottle_2d3f7082ad6d293daf6843c094838b08_fractured_68_piece_0.obj,Bottle_2d3f7082ad6d293daf6843c094838b08_fractured_68_piece_1.obj is not a valid directory, skipping.
Warning: /workspace/everyday_all_2/Bottle_2d3f7082ad6d293daf6843c094838b08_fractured_32_piece_0.obj,Bottle_2d3f7082ad6d293daf6843c094838b08_fractured_32_piece_1.obj is not a valid directory, skipping.
Warning: /workspace/everyday_all_2/Bottle_2d3f7082ad6d293daf6843c094838b08_fractured_9_piece_0.obj,Bottle_2d3f7082ad6d293daf6843c094838b08_fractured_9_piece_1.obj is not a valid directory, skipping.
Warning: /workspace/everyday_all_2/Bottle_2d3f7082ad6d293daf6843c094838b08_fractured_64_piece_0.obj,Bottle_2d3f7082ad6d293daf6843c094838b08_fractured_64_piece_1.obj is not a valid directory, skipping.
Warning: /workspace/everyday_all_2/Bottle_2d3f7082ad6d293daf6843c094838b08_fractured_37_piece_0.obj,Bottle_2d3f7082ad6d293daf6843c094838b08_fractured_37_piece_1.obj is not a valid directory, skipping.
Warning: /workspace/everyday_all_2/Bottle_2d3f7082ad6d293daf6843c094838b08_fractured_23_piece_0.obj,Bottle_2d3f7082ad6d293daf6843c094838b08_fractured_23_piece_1.obj is not a valid directory, skipping.
Warning: /workspace/everyday_all_2/Bottle_2d3f7082ad6d293daf6843c094838b08_fractured_71_piece_0.obj,Bottle_2d3f7082ad6d293daf6843c094838b08_fractured_71_piece_1.obj is not a valid directory, skipping.
Warning: /workspace/everyday_all_2/Bottle_2d3f7082ad6d293daf6843c094838b08_fractured_55_piece_0.obj,Bottle_2d3f7082ad6d293daf6843c094838b08_fractured_55_piece_1.obj is not a valid directory, skipping.
Warning: /workspace/everyday_all_2/Bottle_2d3f7082ad6d293daf6843c094838b08_fractured_34_piece_0.obj,Bottle_2d3f7082ad6d293daf6843c094838b08_fractured_34_piece_1.obj is not a valid directory, skipping.
Warning: /workspace/everyday_all_2/Bottle_2d3f7082ad6d293daf6843c094838b08_fractured_33_piece_0.obj,Bottle_2d3f7082ad6d293daf6843c094838b08_fractured_33_piece_1.obj is not a valid directory, skipping.
Warning: /workspace/everyday_all_2/Bottle_2d3f7082ad6d293daf6843c094838b08_fractured_39_piece_0.obj,Bottle_2d3f7082ad6d293daf6843c094838b08_fractured_39_piece_1.obj is not a valid directory, skipping.
Warning: /workspace/everyday_all_2/Bottle_2d3f7082ad6d293daf6843c094838b08_fractured_8_piece_0.obj,Bottle_2d3f7082ad6d293daf6843c094838b08_fractured_8_piece_1.obj is not a valid directory, skipping.
Warning: /workspace/everyday_all_2/Bowl_9bc687dcffc25b955d20b6ca8788556a_fractured_7_piece_0.obj,Bowl_9bc687dcffc25b955d20b6ca8788556a_fractured_7_piece_1.obj is not a valid directory, skipping.
Warning: /workspace/everyday_all_2/Bowl_9bc687dcffc25b955d20b6ca8788556a_fractured_76_piece_0.obj,Bowl_9bc687dcffc25b955d20b6ca8788556a_fractured_76_piece_1.obj is not a valid directory, skipping.
Warning: /workspace/everyday_all_2/Bowl_9bc687dcffc25b955d20b6ca8788556a_fractured_24_piece_0.obj,Bowl_9bc687dcffc25b955d20b6ca8788556a_fractured_24_piece_1.obj is not a valid directory, skipping.
Warning: /workspace/everyday_all_2/Bowl_9bc687dcffc25b955d20b6ca8788556a_fractured_41_piece_0.obj,Bowl_9bc687dcffc25b955d20b6ca8788556a_fractured_41_piece_1.obj is not a valid directory, skipping.
Warning: /workspace/everyday_all_2/Bowl_9bc687dcffc25b955d20b6ca8788556a_fractured_5_piece_0.obj,Bowl_9bc687dcffc25b955d20b6ca8788556a_fractured_5_piece_1.obj is not a valid directory, skipping.
Warning: /workspace/everyday_all_2/Bowl_9bc687dcffc25b955d20b6ca8788556a_fractured_59_piece_0.obj,Bowl_9bc687dcffc25b955d20b6ca8788556a_fractured_59_piece_1.obj is not a valid directory, skipping.
Warning: /workspace/everyday_all_2/Bowl_9bc687dcffc25b955d20b6ca8788556a_fractured_39_piece_0.obj,Bowl_9bc687dcffc25b955d20b6ca8788556a_fractured_39_piece_1.obj is not a valid directory, skipping.
Warning: /workspace/everyday_all_2/Bowl_9bc687dcffc25b955d20b6ca8788556a_fractured_6_piece_0.obj,Bowl_9bc687dcffc25b955d20b6ca8788556a_fractured_6_piece_1.obj is not a valid directory, skipping.
Warning: /workspace/everyday_all_2/Bowl_9bc687dcffc25b955d20b6ca8788556a_fractured_10_piece_0.obj,Bowl_9bc687dcffc25b955d20b6ca8788556a_fractured_10_piece_1.obj is not a valid directory, skipping.
Warning: /workspace/everyday_all_2/Bowl_9bc687dcffc25b955d20b6ca8788556a_fractured_71_piece_0.obj,Bowl_9bc687dcffc25b955d20b6ca8788556a_fractured_71_piece_1.obj is not a valid directory, skipping.
Warning: /workspace/everyday_all_2/Bowl_9bc687dcffc25b955d20b6ca8788556a_fractured_77_piece_0.obj,Bowl_9bc687dcffc25b955d20b6ca8788556a_fractured_77_piece_1.obj is not a valid directory, skipping.
Warning: /workspace/everyday_all_2/Bowl_9bc687dcffc25b955d20b6ca8788556a_fractured_23_piece_0.obj,Bowl_9bc687dcffc25b955d20b6ca8788556a_fractured_23_piece_1.obj is not a valid directory, skipping.
Warning: /workspace/everyday_all_2/Bowl_9bc687dcffc25b955d20b6ca8788556a_fractured_13_piece_0.obj,Bowl_9bc687dcffc25b955d20b6ca8788556a_fractured_13_piece_1.obj is not a valid directory, skipping.
Warning: /workspace/everyday_all_2/Bowl_9bc687dcffc25b955d20b6ca8788556a_fractured_43_piece_0.obj,Bowl_9bc687dcffc25b955d20b6ca8788556a_fractured_43_piece_1.obj is not a valid directory, skipping.
Warning: /workspace/everyday_all_2/Bowl_9bc687dcffc25b955d20b6ca8788556a_fractured_2_piece_0.obj,Bowl_9bc687dcffc25b955d20b6ca8788556a_fractured_2_piece_1.obj is not a valid directory, skipping.
Warning: /workspace/everyday_all_2/Bowl_9bc687dcffc25b955d20b6ca8788556a_fractured_55_piece_0.obj,Bowl_9bc687dcffc25b955d20b6ca8788556a_fractured_55_piece_1.obj is not a valid directory, skipping.
Warning: /workspace/everyday_all_2/Bowl_9bc687dcffc25b955d20b6ca8788556a_fractured_25_piece_0.obj,Bowl_9bc687dcffc25b955d20b6ca8788556a_fractured_25_piece_1.obj is not a valid directory, skipping.
Warning: /workspace/everyday_all_2/Bowl_9bc687dcffc25b955d20b6ca8788556a_fractured_54_piece_0.obj,Bowl_9bc687dcffc25b955d20b6ca8788556a_fractured_54_piece_1.obj is not a valid directory, skipping.
Warning: /workspace/everyday_all_2/Bowl_9bc687dcffc25b955d20b6ca8788556a_fractured_62_piece_0.obj,Bowl_9bc687dcffc25b955d20b6ca8788556a_fractured_62_piece_1.obj is not a valid directory, skipping.
Warning: /workspace/everyday_all_2/Bowl_9bc687dcffc25b955d20b6ca8788556a_fractured_9_piece_0.obj,Bowl_9bc687dcffc25b955d20b6ca8788556a_fractured_9_piece_1.obj is not a valid directory, skipping.
Warning: /workspace/everyday_all_2/Bowl_9bc687dcffc25b955d20b6ca8788556a_fractured_17_piece_0.obj,Bowl_9bc687dcffc25b955d20b6ca8788556a_fractured_17_piece_1.obj is not a valid directory, skipping.
Warning: /workspace/everyday_all_2/Bowl_9bc687dcffc25b955d20b6ca8788556a_fractured_31_piece_0.obj,Bowl_9bc687dcffc25b955d20b6ca8788556a_fractured_31_piece_1.obj is not a valid directory, skipping.
Warning: /workspace/everyday_all_2/Bowl_9bc687dcffc25b955d20b6ca8788556a_fractured_15_piece_0.obj,Bowl_9bc687dcffc25b955d20b6ca8788556a_fractured_15_piece_1.obj is not a valid directory, skipping.
Warning: /workspace/everyday_all_2/Bowl_9bc687dcffc25b955d20b6ca8788556a_fractured_42_piece_0.obj,Bowl_9bc687dcffc25b955d20b6ca8788556a_fractured_42_piece_1.obj is not a valid directory, skipping.
Warning: /workspace/everyday_all_2/Bowl_9bc687dcffc25b955d20b6ca8788556a_fractured_4_piece_0.obj,Bowl_9bc687dcffc25b955d20b6ca8788556a_fractured_4_piece_1.obj is not a valid directory, skipping.
Warning: /workspace/everyday_all_2/Bowl_38af522494d535151f6a5b0146bf3030_fractured_67_piece_0.obj,Bowl_38af522494d535151f6a5b0146bf3030_fractured_67_piece_1.obj is not a valid directory, skipping.
Warning: /workspace/everyday_all_2/Bowl_38af522494d535151f6a5b0146bf3030_fractured_8_piece_0.obj,Bowl_38af522494d535151f6a5b0146bf3030_fractured_8_piece_1.obj is not a valid directory, skipping.
Warning: /workspace/everyday_all_2/Bowl_38af522494d535151f6a5b0146bf3030_fractured_71_piece_0.obj,Bowl_38af522494d535151f6a5b0146bf3030_fractured_71_piece_1.obj is not a valid directory, skipping.
Warning: /workspace/everyday_all_2/Bowl_38af522494d535151f6a5b0146bf3030_fractured_0_piece_0.obj,Bowl_38af522494d535151f6a5b0146bf3030_fractured_0_piece_1.obj is not a valid directory, skipping.
Warning: /workspace/everyday_all_2/Bowl_38af522494d535151f6a5b0146bf3030_fractured_15_piece_0.obj,Bowl_38af522494d535151f6a5b0146bf3030_fractured_15_piece_1.obj is not a valid directory, skipping.
Warning: /workspace/everyday_all_2/Bowl_38af522494d535151f6a5b0146bf3030_fractured_18_piece_0.obj,Bowl_38af522494d535151f6a5b0146bf3030_fractured_18_piece_1.obj is not a valid directory, skipping.
Warning: /workspace/everyday_all_2/Bowl_38af522494d535151f6a5b0146bf3030_fractured_6_piece_0.obj,Bowl_38af522494d535151f6a5b0146bf3030_fractured_6_piece_1.obj is not a valid directory, skipping.
Warning: /workspace/everyday_all_2/Bowl_38af522494d535151f6a5b0146bf3030_fractured_59_piece_0.obj,Bowl_38af522494d535151f6a5b0146bf3030_fractured_59_piece_1.obj is not a valid directory, skipping.
Warning: /workspace/everyday_all_2/Bowl_38af522494d535151f6a5b0146bf3030_fractured_49_piece_0.obj,Bowl_38af522494d535151f6a5b0146bf3030_fractured_49_piece_1.obj is not a valid directory, skipping.
Warning: /workspace/everyday_all_2/Bowl_38af522494d535151f6a5b0146bf3030_fractured_30_piece_0.obj,Bowl_38af522494d535151f6a5b0146bf3030_fractured_30_piece_1.obj is not a valid directory, skipping.
Warning: /workspace/everyday_all_2/Bowl_38af522494d535151f6a5b0146bf3030_fractured_4_piece_0.obj,Bowl_38af522494d535151f6a5b0146bf3030_fractured_4_piece_1.obj is not a valid directory, skipping.
Warning: /workspace/everyday_all_2/Bowl_38af522494d535151f6a5b0146bf3030_fractured_25_piece_0.obj,Bowl_38af522494d535151f6a5b0146bf3030_fractured_25_piece_1.obj is not a valid directory, skipping.
Warning: /workspace/everyday_all_2/Bowl_38af522494d535151f6a5b0146bf3030_fractured_12_piece_0.obj,Bowl_38af522494d535151f6a5b0146bf3030_fractured_12_piece_1.obj is not a valid directory, skipping.
Warning: /workspace/everyday_all_2/Bowl_38af522494d535151f6a5b0146bf3030_fractured_52_piece_0.obj,Bowl_38af522494d535151f6a5b0146bf3030_fractured_52_piece_1.obj is not a valid directory, skipping.
Warning: /workspace/everyday_all_2/Bowl_38af522494d535151f6a5b0146bf3030_fractured_33_piece_0.obj,Bowl_38af522494d535151f6a5b0146bf3030_fractured_33_piece_1.obj is not a valid directory, skipping.
Warning: /workspace/everyday_all_2/Bowl_38af522494d535151f6a5b0146bf3030_fractured_2_piece_0.obj,Bowl_38af522494d535151f6a5b0146bf3030_fractured_2_piece_1.obj is not a valid directory, skipping.
Warning: /workspace/everyday_all_2/Vase_2ec608cc4d3287bb92e0b07fda7527d0_fractured_67_piece_1.obj,Vase_2ec608cc4d3287bb92e0b07fda7527d0_fractured_67_piece_0.obj is not a valid directory, skipping.
Warning: /workspace/everyday_all_2/Vase_2ec608cc4d3287bb92e0b07fda7527d0_fractured_42_piece_1.obj,Vase_2ec608cc4d3287bb92e0b07fda7527d0_fractured_42_piece_0.obj is not a valid directory, skipping.
Warning: /workspace/everyday_all_2/Vase_2ec608cc4d3287bb92e0b07fda7527d0_fractured_23_piece_0.obj,Vase_2ec608cc4d3287bb92e0b07fda7527d0_fractured_23_piece_1.obj is not a valid directory, skipping.
Warning: /workspace/everyday_all_2/Vase_2ec608cc4d3287bb92e0b07fda7527d0_fractured_0_piece_1.obj,Vase_2ec608cc4d3287bb92e0b07fda7527d0_fractured_0_piece_0.obj is not a valid directory, skipping.
Warning: /workspace/everyday_all_2/Vase_2ec608cc4d3287bb92e0b07fda7527d0_fractured_31_piece_0.obj,Vase_2ec608cc4d3287bb92e0b07fda7527d0_fractured_31_piece_1.obj is not a valid directory, skipping.
Warning: /workspace/everyday_all_2/Vase_2ec608cc4d3287bb92e0b07fda7527d0_fractured_77_piece_1.obj,Vase_2ec608cc4d3287bb92e0b07fda7527d0_fractured_77_piece_0.obj is not a valid directory, skipping.
Warning: /workspace/everyday_all_2/Vase_2ec608cc4d3287bb92e0b07fda7527d0_fractured_36_piece_0.obj,Vase_2ec608cc4d3287bb92e0b07fda7527d0_fractured_36_piece_1.obj is not a valid directory, skipping.
Warning: /workspace/everyday_all_2/Vase_2ec608cc4d3287bb92e0b07fda7527d0_fractured_20_piece_0.obj,Vase_2ec608cc4d3287bb92e0b07fda7527d0_fractured_20_piece_1.obj is not a valid directory, skipping.
Warning: /workspace/everyday_all_2/Vase_2ec608cc4d3287bb92e0b07fda7527d0_fractured_54_piece_0.obj,Vase_2ec608cc4d3287bb92e0b07fda7527d0_fractured_54_piece_1.obj is not a valid directory, skipping.
Warning: /workspace/everyday_all_2/Vase_2ec608cc4d3287bb92e0b07fda7527d0_fractured_56_piece_1.obj,Vase_2ec608cc4d3287bb92e0b07fda7527d0_fractured_56_piece_0.obj is not a valid directory, skipping.
Warning: /workspace/everyday_all_2/Vase_2ec608cc4d3287bb92e0b07fda7527d0_fractured_19_piece_0.obj,Vase_2ec608cc4d3287bb92e0b07fda7527d0_fractured_19_piece_1.obj is not a valid directory, skipping.
Warning: /workspace/everyday_all_2/Vase_2ec608cc4d3287bb92e0b07fda7527d0_fractured_7_piece_0.obj,Vase_2ec608cc4d3287bb92e0b07fda7527d0_fractured_7_piece_1.obj is not a valid directory, skipping.
Warning: /workspace/everyday_all_2/Vase_2ec608cc4d3287bb92e0b07fda7527d0_fractured_14_piece_0.obj,Vase_2ec608cc4d3287bb92e0b07fda7527d0_fractured_14_piece_1.obj is not a valid directory, skipping.
Warning: /workspace/everyday_all_2/Bowl_9_fractured_30_piece_0.obj,Bowl_9_fractured_30_piece_1.obj is not a valid directory, skipping.
Warning: /workspace/everyday_all_2/Bowl_9_fractured_32_piece_0.obj,Bowl_9_fractured_32_piece_1.obj is not a valid directory, skipping.
Warning: /workspace/everyday_all_2/Bowl_9_fractured_24_piece_0.obj,Bowl_9_fractured_24_piece_1.obj is not a valid directory, skipping.
Warning: /workspace/everyday_all_2/Bowl_9_fractured_4_piece_0.obj,Bowl_9_fractured_4_piece_1.obj is not a valid directory, skipping.
Warning: /workspace/everyday_all_2/Bowl_9_fractured_77_piece_0.obj,Bowl_9_fractured_77_piece_1.obj is not a valid directory, skipping.
Warning: /workspace/everyday_all_2/Bowl_9_fractured_22_piece_0.obj,Bowl_9_fractured_22_piece_1.obj is not a valid directory, skipping.
Warning: /workspace/everyday_all_2/Vase_60c012f2258eb9e4cf4fab2fd9a8c84d_fractured_73_piece_0.obj,Vase_60c012f2258eb9e4cf4fab2fd9a8c84d_fractured_73_piece_1.obj is not a valid directory, skipping.
Warning: /workspace/everyday_all_2/Vase_60c012f2258eb9e4cf4fab2fd9a8c84d_fractured_34_piece_0.obj,Vase_60c012f2258eb9e4cf4fab2fd9a8c84d_fractured_34_piece_1.obj is not a valid directory, skipping.
Warning: /workspace/everyday_all_2/Vase_60c012f2258eb9e4cf4fab2fd9a8c84d_fractured_22_piece_0.obj,Vase_60c012f2258eb9e4cf4fab2fd9a8c84d_fractured_22_piece_1.obj is not a valid directory, skipping.
Warning: /workspace/everyday_all_2/Vase_60c012f2258eb9e4cf4fab2fd9a8c84d_fractured_37_piece_0.obj,Vase_60c012f2258eb9e4cf4fab2fd9a8c84d_fractured_37_piece_1.obj is not a valid directory, skipping.
Warning: /workspace/everyday_all_2/Vase_60c012f2258eb9e4cf4fab2fd9a8c84d_fractured_51_piece_0.obj,Vase_60c012f2258eb9e4cf4fab2fd9a8c84d_fractured_51_piece_1.obj is not a valid directory, skipping.
Warning: /workspace/everyday_all_2/Vase_60c012f2258eb9e4cf4fab2fd9a8c84d_fractured_48_piece_0.obj,Vase_60c012f2258eb9e4cf4fab2fd9a8c84d_fractured_48_piece_1.obj is not a valid directory, skipping.
Warning: /workspace/everyday_all_2/Vase_60c012f2258eb9e4cf4fab2fd9a8c84d_fractured_65_piece_0.obj,Vase_60c012f2258eb9e4cf4fab2fd9a8c84d_fractured_65_piece_1.obj is not a valid directory, skipping.
Warning: /workspace/everyday_all_2/Bowl_6c3bf99a9534c75314513156cf2b8d0d_fractured_36_piece_0.obj,Bowl_6c3bf99a9534c75314513156cf2b8d0d_fractured_36_piece_1.obj is not a valid directory, skipping.
Warning: /workspace/everyday_all_2/Bowl_6c3bf99a9534c75314513156cf2b8d0d_fractured_77_piece_0.obj,Bowl_6c3bf99a9534c75314513156cf2b8d0d_fractured_77_piece_1.obj is not a valid directory, skipping.
Warning: /workspace/everyday_all_2/Bowl_6c3bf99a9534c75314513156cf2b8d0d_fractured_55_piece_0.obj,Bowl_6c3bf99a9534c75314513156cf2b8d0d_fractured_55_piece_1.obj is not a valid directory, skipping.
Warning: /workspace/everyday_all_2/Bowl_6c3bf99a9534c75314513156cf2b8d0d_fractured_40_piece_0.obj,Bowl_6c3bf99a9534c75314513156cf2b8d0d_fractured_40_piece_1.obj is not a valid directory, skipping.
Warning: /workspace/everyday_all_2/Bowl_6c3bf99a9534c75314513156cf2b8d0d_fractured_21_piece_0.obj,Bowl_6c3bf99a9534c75314513156cf2b8d0d_fractured_21_piece_1.obj is not a valid directory, skipping.
Warning: /workspace/everyday_all_2/Bowl_6c3bf99a9534c75314513156cf2b8d0d_fractured_49_piece_0.obj,Bowl_6c3bf99a9534c75314513156cf2b8d0d_fractured_49_piece_1.obj is not a valid directory, skipping.
Warning: /workspace/everyday_all_2/Bowl_6c3bf99a9534c75314513156cf2b8d0d_fractured_65_piece_0.obj,Bowl_6c3bf99a9534c75314513156cf2b8d0d_fractured_65_piece_1.obj is not a valid directory, skipping.
Warning: /workspace/everyday_all_2/Bowl_6c3bf99a9534c75314513156cf2b8d0d_fractured_8_piece_0.obj,Bowl_6c3bf99a9534c75314513156cf2b8d0d_fractured_8_piece_1.obj is not a valid directory, skipping.
Warning: /workspace/everyday_all_2/Bowl_6c3bf99a9534c75314513156cf2b8d0d_fractured_68_piece_0.obj,Bowl_6c3bf99a9534c75314513156cf2b8d0d_fractured_68_piece_1.obj is not a valid directory, skipping.
Warning: /workspace/everyday_all_2/Bowl_6c3bf99a9534c75314513156cf2b8d0d_fractured_61_piece_0.obj,Bowl_6c3bf99a9534c75314513156cf2b8d0d_fractured_61_piece_1.obj is not a valid directory, skipping.
Warning: /workspace/everyday_all_2/Bowl_6c3bf99a9534c75314513156cf2b8d0d_fractured_51_piece_0.obj,Bowl_6c3bf99a9534c75314513156cf2b8d0d_fractured_51_piece_1.obj is not a valid directory, skipping.
Warning: /workspace/everyday_all_2/Bowl_6c3bf99a9534c75314513156cf2b8d0d_fractured_3_piece_0.obj,Bowl_6c3bf99a9534c75314513156cf2b8d0d_fractured_3_piece_1.obj is not a valid directory, skipping.
Warning: /workspace/everyday_all_2/Bowl_6c3bf99a9534c75314513156cf2b8d0d_fractured_24_piece_0.obj,Bowl_6c3bf99a9534c75314513156cf2b8d0d_fractured_24_piece_1.obj is not a valid directory, skipping.
Warning: /workspace/everyday_all_2/Bowl_6c3bf99a9534c75314513156cf2b8d0d_fractured_32_piece_0.obj,Bowl_6c3bf99a9534c75314513156cf2b8d0d_fractured_32_piece_1.obj is not a valid directory, skipping.
Warning: /workspace/everyday_all_2/Bowl_6c3bf99a9534c75314513156cf2b8d0d_fractured_39_piece_0.obj,Bowl_6c3bf99a9534c75314513156cf2b8d0d_fractured_39_piece_1.obj is not a valid directory, skipping.
Warning: /workspace/everyday_all_2/Bowl_6c3bf99a9534c75314513156cf2b8d0d_fractured_16_piece_0.obj,Bowl_6c3bf99a9534c75314513156cf2b8d0d_fractured_16_piece_1.obj is not a valid directory, skipping.
Warning: /workspace/everyday_all_2/Bowl_6c3bf99a9534c75314513156cf2b8d0d_fractured_4_piece_0.obj,Bowl_6c3bf99a9534c75314513156cf2b8d0d_fractured_4_piece_1.obj is not a valid directory, skipping.
Warning: /workspace/everyday_all_2/Bowl_6c3bf99a9534c75314513156cf2b8d0d_fractured_0_piece_0.obj,Bowl_6c3bf99a9534c75314513156cf2b8d0d_fractured_0_piece_1.obj is not a valid directory, skipping.
Warning: /workspace/everyday_all_2/Bowl_6c3bf99a9534c75314513156cf2b8d0d_fractured_35_piece_0.obj,Bowl_6c3bf99a9534c75314513156cf2b8d0d_fractured_35_piece_1.obj is not a valid directory, skipping.
Warning: /workspace/everyday_all_2/Vase_e0bf4bf06f17f07a8f5635ac8b18fdb9_fractured_51_piece_0.obj,Vase_e0bf4bf06f17f07a8f5635ac8b18fdb9_fractured_51_piece_1.obj is not a valid directory, skipping.
Warning: /workspace/everyday_all_2/Vase_e0bf4bf06f17f07a8f5635ac8b18fdb9_fractured_59_piece_0.obj,Vase_e0bf4bf06f17f07a8f5635ac8b18fdb9_fractured_59_piece_1.obj is not a valid directory, skipping.
Warning: /workspace/everyday_all_2/Vase_e0bf4bf06f17f07a8f5635ac8b18fdb9_fractured_39_piece_1.obj,Vase_e0bf4bf06f17f07a8f5635ac8b18fdb9_fractured_39_piece_0.obj is not a valid directory, skipping.
Warning: /workspace/everyday_all_2/Vase_e0bf4bf06f17f07a8f5635ac8b18fdb9_fractured_48_piece_0.obj,Vase_e0bf4bf06f17f07a8f5635ac8b18fdb9_fractured_48_piece_1.obj is not a valid directory, skipping.
Warning: /workspace/everyday_all_2/Vase_e0bf4bf06f17f07a8f5635ac8b18fdb9_fractured_24_piece_0.obj,Vase_e0bf4bf06f17f07a8f5635ac8b18fdb9_fractured_24_piece_1.obj is not a valid directory, skipping.
Warning: /workspace/everyday_all_2/Vase_e0bf4bf06f17f07a8f5635ac8b18fdb9_fractured_53_piece_0.obj,Vase_e0bf4bf06f17f07a8f5635ac8b18fdb9_fractured_53_piece_1.obj is not a valid directory, skipping.
Warning: /workspace/everyday_all_2/Vase_e0bf4bf06f17f07a8f5635ac8b18fdb9_fractured_74_piece_0.obj,Vase_e0bf4bf06f17f07a8f5635ac8b18fdb9_fractured_74_piece_1.obj is not a valid directory, skipping.
Warning: /workspace/everyday_all_2/Vase_e0bf4bf06f17f07a8f5635ac8b18fdb9_fractured_32_piece_1.obj,Vase_e0bf4bf06f17f07a8f5635ac8b18fdb9_fractured_32_piece_0.obj is not a valid directory, skipping.
Warning: /workspace/everyday_all_2/Vase_e0bf4bf06f17f07a8f5635ac8b18fdb9_fractured_77_piece_1.obj,Vase_e0bf4bf06f17f07a8f5635ac8b18fdb9_fractured_77_piece_0.obj is not a valid directory, skipping.
Warning: /workspace/everyday_all_2/Vase_e0bf4bf06f17f07a8f5635ac8b18fdb9_fractured_63_piece_0.obj,Vase_e0bf4bf06f17f07a8f5635ac8b18fdb9_fractured_63_piece_1.obj is not a valid directory, skipping.
Warning: /workspace/everyday_all_2/Vase_e0bf4bf06f17f07a8f5635ac8b18fdb9_fractured_55_piece_0.obj,Vase_e0bf4bf06f17f07a8f5635ac8b18fdb9_fractured_55_piece_1.obj is not a valid directory, skipping.
Warning: /workspace/everyday_all_2/Vase_e0bf4bf06f17f07a8f5635ac8b18fdb9_fractured_43_piece_0.obj,Vase_e0bf4bf06f17f07a8f5635ac8b18fdb9_fractured_43_piece_1.obj is not a valid directory, skipping.
Warning: /workspace/everyday_all_2/Vase_e0bf4bf06f17f07a8f5635ac8b18fdb9_fractured_71_piece_0.obj,Vase_e0bf4bf06f17f07a8f5635ac8b18fdb9_fractured_71_piece_1.obj is not a valid directory, skipping.
Warning: /workspace/everyday_all_2/Bottle_114509277e76e413c8724d5673a063a6_fractured_75_piece_0.obj,Bottle_114509277e76e413c8724d5673a063a6_fractured_75_piece_1.obj is not a valid directory, skipping.
Warning: /workspace/everyday_all_2/Bottle_114509277e76e413c8724d5673a063a6_fractured_4_piece_0.obj,Bottle_114509277e76e413c8724d5673a063a6_fractured_4_piece_1.obj is not a valid directory, skipping.
Warning: /workspace/everyday_all_2/Bottle_114509277e76e413c8724d5673a063a6_fractured_76_piece_0.obj,Bottle_114509277e76e413c8724d5673a063a6_fractured_76_piece_1.obj is not a valid directory, skipping.
Warning: /workspace/everyday_all_2/Bottle_114509277e76e413c8724d5673a063a6_fractured_54_piece_0.obj,Bottle_114509277e76e413c8724d5673a063a6_fractured_54_piece_1.obj is not a valid directory, skipping.
Warning: /workspace/everyday_all_2/Bottle_114509277e76e413c8724d5673a063a6_fractured_42_piece_0.obj,Bottle_114509277e76e413c8724d5673a063a6_fractured_42_piece_1.obj is not a valid directory, skipping.
Warning: /workspace/everyday_all_2/Bottle_114509277e76e413c8724d5673a063a6_fractured_35_piece_0.obj,Bottle_114509277e76e413c8724d5673a063a6_fractured_35_piece_1.obj is not a valid directory, skipping.
Warning: /workspace/everyday_all_2/Bottle_114509277e76e413c8724d5673a063a6_fractured_50_piece_0.obj,Bottle_114509277e76e413c8724d5673a063a6_fractured_50_piece_1.obj is not a valid directory, skipping.
Warning: /workspace/everyday_all_2/Bottle_114509277e76e413c8724d5673a063a6_fractured_51_piece_0.obj,Bottle_114509277e76e413c8724d5673a063a6_fractured_51_piece_1.obj is not a valid directory, skipping.
Warning: /workspace/everyday_all_2/Bottle_114509277e76e413c8724d5673a063a6_fractured_14_piece_0.obj,Bottle_114509277e76e413c8724d5673a063a6_fractured_14_piece_1.obj is not a valid directory, skipping.
Warning: /workspace/everyday_all_2/Bottle_114509277e76e413c8724d5673a063a6_fractured_56_piece_0.obj,Bottle_114509277e76e413c8724d5673a063a6_fractured_56_piece_1.obj is not a valid directory, skipping.
Warning: /workspace/everyday_all_2/Bottle_114509277e76e413c8724d5673a063a6_fractured_48_piece_0.obj,Bottle_114509277e76e413c8724d5673a063a6_fractured_48_piece_1.obj is not a valid directory, skipping.
Warning: /workspace/everyday_all_2/Bottle_114509277e76e413c8724d5673a063a6_fractured_13_piece_0.obj,Bottle_114509277e76e413c8724d5673a063a6_fractured_13_piece_1.obj is not a valid directory, skipping.
Warning: /workspace/everyday_all_2/Bottle_bb234652525a68498d969821a85884b2_fractured_22_piece_0.obj,Bottle_bb234652525a68498d969821a85884b2_fractured_22_piece_1.obj is not a valid directory, skipping.
Warning: /workspace/everyday_all_2/Bottle_bb234652525a68498d969821a85884b2_fractured_79_piece_0.obj,Bottle_bb234652525a68498d969821a85884b2_fractured_79_piece_1.obj is not a valid directory, skipping.
Warning: /workspace/everyday_all_2/Bottle_bb234652525a68498d969821a85884b2_fractured_14_piece_0.obj,Bottle_bb234652525a68498d969821a85884b2_fractured_14_piece_1.obj is not a valid directory, skipping.
Warning: /workspace/everyday_all_2/Bottle_bb234652525a68498d969821a85884b2_fractured_59_piece_0.obj,Bottle_bb234652525a68498d969821a85884b2_fractured_59_piece_1.obj is not a valid directory, skipping.
Warning: /workspace/everyday_all_2/Bottle_bb234652525a68498d969821a85884b2_fractured_1_piece_0.obj,Bottle_bb234652525a68498d969821a85884b2_fractured_1_piece_1.obj is not a valid directory, skipping.
Warning: /workspace/everyday_all_2/Bottle_bb234652525a68498d969821a85884b2_fractured_9_piece_0.obj,Bottle_bb234652525a68498d969821a85884b2_fractured_9_piece_1.obj is not a valid directory, skipping.
Warning: /workspace/everyday_all_2/Bottle_bb234652525a68498d969821a85884b2_fractured_33_piece_0.obj,Bottle_bb234652525a68498d969821a85884b2_fractured_33_piece_1.obj is not a valid directory, skipping.
Warning: /workspace/everyday_all_2/Bottle_bb234652525a68498d969821a85884b2_fractured_47_piece_0.obj,Bottle_bb234652525a68498d969821a85884b2_fractured_47_piece_1.obj is not a valid directory, skipping.
Warning: /workspace/everyday_all_2/Bottle_bb234652525a68498d969821a85884b2_fractured_6_piece_0.obj,Bottle_bb234652525a68498d969821a85884b2_fractured_6_piece_1.obj is not a valid directory, skipping.
Warning: /workspace/everyday_all_2/Bottle_bb234652525a68498d969821a85884b2_fractured_40_piece_0.obj,Bottle_bb234652525a68498d969821a85884b2_fractured_40_piece_1.obj is not a valid directory, skipping.
Warning: /workspace/everyday_all_2/Bottle_bb234652525a68498d969821a85884b2_fractured_8_piece_0.obj,Bottle_bb234652525a68498d969821a85884b2_fractured_8_piece_1.obj is not a valid directory, skipping.
Warning: /workspace/everyday_all_2/Bottle_bb234652525a68498d969821a85884b2_fractured_27_piece_0.obj,Bottle_bb234652525a68498d969821a85884b2_fractured_27_piece_1.obj is not a valid directory, skipping.
Warning: /workspace/everyday_all_2/Bottle_bb234652525a68498d969821a85884b2_fractured_26_piece_0.obj,Bottle_bb234652525a68498d969821a85884b2_fractured_26_piece_1.obj is not a valid directory, skipping.
Warning: /workspace/everyday_all_2/Bottle_bb234652525a68498d969821a85884b2_fractured_38_piece_0.obj,Bottle_bb234652525a68498d969821a85884b2_fractured_38_piece_1.obj is not a valid directory, skipping.
Warning: /workspace/everyday_all_2/Bottle_bb234652525a68498d969821a85884b2_fractured_54_piece_0.obj,Bottle_bb234652525a68498d969821a85884b2_fractured_54_piece_1.obj is not a valid directory, skipping.
Warning: /workspace/everyday_all_2/Vase_8d861e4406a9d3258534bca5562e21be_fractured_15_piece_0.obj,Vase_8d861e4406a9d3258534bca5562e21be_fractured_15_piece_1.obj is not a valid directory, skipping.
Warning: /workspace/everyday_all_2/Vase_8d861e4406a9d3258534bca5562e21be_fractured_31_piece_0.obj,Vase_8d861e4406a9d3258534bca5562e21be_fractured_31_piece_1.obj is not a valid directory, skipping.
Warning: /workspace/everyday_all_2/Vase_8d861e4406a9d3258534bca5562e21be_fractured_51_piece_0.obj,Vase_8d861e4406a9d3258534bca5562e21be_fractured_51_piece_1.obj is not a valid directory, skipping.
Warning: /workspace/everyday_all_2/Vase_8d861e4406a9d3258534bca5562e21be_fractured_24_piece_0.obj,Vase_8d861e4406a9d3258534bca5562e21be_fractured_24_piece_1.obj is not a valid directory, skipping.
Warning: /workspace/everyday_all_2/Vase_8d861e4406a9d3258534bca5562e21be_fractured_3_piece_0.obj,Vase_8d861e4406a9d3258534bca5562e21be_fractured_3_piece_1.obj is not a valid directory, skipping.
Warning: /workspace/everyday_all_2/Vase_8d861e4406a9d3258534bca5562e21be_fractured_1_piece_0.obj,Vase_8d861e4406a9d3258534bca5562e21be_fractured_1_piece_1.obj is not a valid directory, skipping.
Warning: /workspace/everyday_all_2/Vase_8d861e4406a9d3258534bca5562e21be_fractured_54_piece_0.obj,Vase_8d861e4406a9d3258534bca5562e21be_fractured_54_piece_1.obj is not a valid directory, skipping.
Warning: /workspace/everyday_all_2/Vase_8d861e4406a9d3258534bca5562e21be_fractured_43_piece_0.obj,Vase_8d861e4406a9d3258534bca5562e21be_fractured_43_piece_1.obj is not a valid directory, skipping.
Warning: /workspace/everyday_all_2/Vase_8d861e4406a9d3258534bca5562e21be_fractured_29_piece_0.obj,Vase_8d861e4406a9d3258534bca5562e21be_fractured_29_piece_1.obj is not a valid directory, skipping.
Warning: /workspace/everyday_all_2/Bottle_4b5f54fc4e629371cf078dc7b29022e6_mode_1_piece_0.obj,Bottle_4b5f54fc4e629371cf078dc7b29022e6_mode_1_piece_1.obj is not a valid directory, skipping.
Warning: /workspace/everyday_all_2/Mug_128ecbc10df5b05d96eaf1340564a4de_fractured_14_piece_0.obj,Mug_128ecbc10df5b05d96eaf1340564a4de_fractured_14_piece_1.obj is not a valid directory, skipping.
Warning: /workspace/everyday_all_2/Mug_128ecbc10df5b05d96eaf1340564a4de_fractured_8_piece_0.obj,Mug_128ecbc10df5b05d96eaf1340564a4de_fractured_8_piece_1.obj is not a valid directory, skipping.
Warning: /workspace/everyday_all_2/Mug_128ecbc10df5b05d96eaf1340564a4de_fractured_20_piece_0.obj,Mug_128ecbc10df5b05d96eaf1340564a4de_fractured_20_piece_1.obj is not a valid directory, skipping.
Warning: /workspace/everyday_all_2/Mug_128ecbc10df5b05d96eaf1340564a4de_fractured_65_piece_0.obj,Mug_128ecbc10df5b05d96eaf1340564a4de_fractured_65_piece_1.obj is not a valid directory, skipping.
Warning: /workspace/everyday_all_2/Mug_128ecbc10df5b05d96eaf1340564a4de_fractured_28_piece_0.obj,Mug_128ecbc10df5b05d96eaf1340564a4de_fractured_28_piece_1.obj is not a valid directory, skipping.
Warning: /workspace/everyday_all_2/Mug_128ecbc10df5b05d96eaf1340564a4de_fractured_5_piece_0.obj,Mug_128ecbc10df5b05d96eaf1340564a4de_fractured_5_piece_1.obj is not a valid directory, skipping.
Warning: /workspace/everyday_all_2/Mug_128ecbc10df5b05d96eaf1340564a4de_fractured_0_piece_0.obj,Mug_128ecbc10df5b05d96eaf1340564a4de_fractured_0_piece_1.obj is not a valid directory, skipping.
Warning: /workspace/everyday_all_2/Mug_128ecbc10df5b05d96eaf1340564a4de_fractured_1_piece_0.obj,Mug_128ecbc10df5b05d96eaf1340564a4de_fractured_1_piece_1.obj is not a valid directory, skipping.
Warning: /workspace/everyday_all_2/Mug_128ecbc10df5b05d96eaf1340564a4de_fractured_61_piece_0.obj,Mug_128ecbc10df5b05d96eaf1340564a4de_fractured_61_piece_1.obj is not a valid directory, skipping.
Warning: /workspace/everyday_all_2/Mug_128ecbc10df5b05d96eaf1340564a4de_fractured_76_piece_0.obj,Mug_128ecbc10df5b05d96eaf1340564a4de_fractured_76_piece_1.obj is not a valid directory, skipping.
Warning: /workspace/everyday_all_2/ToyFigure_2daedbac8e1ee36f57467549cdfd9eb3_fractured_1_piece_0.obj,ToyFigure_2daedbac8e1ee36f57467549cdfd9eb3_fractured_1_piece_1.obj is not a valid directory, skipping.
Warning: /workspace/everyday_all_2/ToyFigure_2daedbac8e1ee36f57467549cdfd9eb3_fractured_62_piece_0.obj,ToyFigure_2daedbac8e1ee36f57467549cdfd9eb3_fractured_62_piece_1.obj is not a valid directory, skipping.
Warning: /workspace/everyday_all_2/ToyFigure_2daedbac8e1ee36f57467549cdfd9eb3_fractured_34_piece_0.obj,ToyFigure_2daedbac8e1ee36f57467549cdfd9eb3_fractured_34_piece_1.obj is not a valid directory, skipping.
Warning: /workspace/everyday_all_2/ToyFigure_2daedbac8e1ee36f57467549cdfd9eb3_fractured_40_piece_0.obj,ToyFigure_2daedbac8e1ee36f57467549cdfd9eb3_fractured_40_piece_1.obj is not a valid directory, skipping.
Warning: /workspace/everyday_all_2/ToyFigure_2daedbac8e1ee36f57467549cdfd9eb3_fractured_15_piece_0.obj,ToyFigure_2daedbac8e1ee36f57467549cdfd9eb3_fractured_15_piece_1.obj is not a valid directory, skipping.
Warning: /workspace/everyday_all_2/ToyFigure_2daedbac8e1ee36f57467549cdfd9eb3_fractured_27_piece_0.obj,ToyFigure_2daedbac8e1ee36f57467549cdfd9eb3_fractured_27_piece_1.obj is not a valid directory, skipping.
Warning: /workspace/everyday_all_2/ToyFigure_2daedbac8e1ee36f57467549cdfd9eb3_fractured_55_piece_0.obj,ToyFigure_2daedbac8e1ee36f57467549cdfd9eb3_fractured_55_piece_1.obj is not a valid directory, skipping.
Warning: /workspace/everyday_all_2/ToyFigure_2daedbac8e1ee36f57467549cdfd9eb3_fractured_30_piece_0.obj,ToyFigure_2daedbac8e1ee36f57467549cdfd9eb3_fractured_30_piece_1.obj is not a valid directory, skipping.
Warning: /workspace/everyday_all_2/ToyFigure_2daedbac8e1ee36f57467549cdfd9eb3_fractured_49_piece_0.obj,ToyFigure_2daedbac8e1ee36f57467549cdfd9eb3_fractured_49_piece_1.obj is not a valid directory, skipping.
Warning: /workspace/everyday_all_2/ToyFigure_2daedbac8e1ee36f57467549cdfd9eb3_fractured_54_piece_0.obj,ToyFigure_2daedbac8e1ee36f57467549cdfd9eb3_fractured_54_piece_1.obj is not a valid directory, skipping.
Warning: /workspace/everyday_all_2/ToyFigure_2daedbac8e1ee36f57467549cdfd9eb3_fractured_26_piece_0.obj,ToyFigure_2daedbac8e1ee36f57467549cdfd9eb3_fractured_26_piece_1.obj is not a valid directory, skipping.
Warning: /workspace/everyday_all_2/Plate_12_fractured_6_piece_0.obj,Plate_12_fractured_6_piece_1.obj is not a valid directory, skipping.
Warning: /workspace/everyday_all_2/Plate_12_fractured_41_piece_0.obj,Plate_12_fractured_41_piece_1.obj is not a valid directory, skipping.
Warning: /workspace/everyday_all_2/Plate_12_fractured_11_piece_0.obj,Plate_12_fractured_11_piece_1.obj is not a valid directory, skipping.
Warning: /workspace/everyday_all_2/Plate_12_fractured_39_piece_0.obj,Plate_12_fractured_39_piece_1.obj is not a valid directory, skipping.
Warning: /workspace/everyday_all_2/Plate_12_fractured_36_piece_0.obj,Plate_12_fractured_36_piece_1.obj is not a valid directory, skipping.
Warning: /workspace/everyday_all_2/Plate_12_fractured_59_piece_0.obj,Plate_12_fractured_59_piece_1.obj is not a valid directory, skipping.
Warning: /workspace/everyday_all_2/Plate_12_fractured_0_piece_0.obj,Plate_12_fractured_0_piece_1.obj is not a valid directory, skipping.
Warning: /workspace/everyday_all_2/Plate_12_fractured_56_piece_0.obj,Plate_12_fractured_56_piece_1.obj is not a valid directory, skipping.
Warning: /workspace/everyday_all_2/Plate_8_mode_2_piece_0.obj,Plate_8_mode_2_piece_1.obj is not a valid directory, skipping.
Warning: /workspace/everyday_all_2/Vase_38db6c39ee6d8a9d80fa98b5eeb7036c_fractured_78_piece_1.obj,Vase_38db6c39ee6d8a9d80fa98b5eeb7036c_fractured_78_piece_0.obj is not a valid directory, skipping.
Warning: /workspace/everyday_all_2/Vase_38db6c39ee6d8a9d80fa98b5eeb7036c_fractured_75_piece_0.obj,Vase_38db6c39ee6d8a9d80fa98b5eeb7036c_fractured_75_piece_1.obj is not a valid directory, skipping.
Warning: /workspace/everyday_all_2/Vase_38db6c39ee6d8a9d80fa98b5eeb7036c_fractured_50_piece_0.obj,Vase_38db6c39ee6d8a9d80fa98b5eeb7036c_fractured_50_piece_1.obj is not a valid directory, skipping.
Warning: /workspace/everyday_all_2/Vase_38db6c39ee6d8a9d80fa98b5eeb7036c_fractured_47_piece_1.obj,Vase_38db6c39ee6d8a9d80fa98b5eeb7036c_fractured_47_piece_0.obj is not a valid directory, skipping.
Warning: /workspace/everyday_all_2/Vase_38db6c39ee6d8a9d80fa98b5eeb7036c_fractured_8_piece_1.obj,Vase_38db6c39ee6d8a9d80fa98b5eeb7036c_fractured_8_piece_0.obj is not a valid directory, skipping.
Warning: /workspace/everyday_all_2/Vase_38db6c39ee6d8a9d80fa98b5eeb7036c_fractured_15_piece_0.obj,Vase_38db6c39ee6d8a9d80fa98b5eeb7036c_fractured_15_piece_1.obj is not a valid directory, skipping.
Warning: /workspace/everyday_all_2/Vase_38db6c39ee6d8a9d80fa98b5eeb7036c_fractured_26_piece_0.obj,Vase_38db6c39ee6d8a9d80fa98b5eeb7036c_fractured_26_piece_1.obj is not a valid directory, skipping.
Warning: /workspace/everyday_all_2/Vase_38db6c39ee6d8a9d80fa98b5eeb7036c_fractured_73_piece_1.obj,Vase_38db6c39ee6d8a9d80fa98b5eeb7036c_fractured_73_piece_0.obj is not a valid directory, skipping.
Warning: /workspace/everyday_all_2/Vase_38db6c39ee6d8a9d80fa98b5eeb7036c_fractured_18_piece_0.obj,Vase_38db6c39ee6d8a9d80fa98b5eeb7036c_fractured_18_piece_1.obj is not a valid directory, skipping.
Warning: /workspace/everyday_all_2/Vase_38db6c39ee6d8a9d80fa98b5eeb7036c_fractured_67_piece_0.obj,Vase_38db6c39ee6d8a9d80fa98b5eeb7036c_fractured_67_piece_1.obj is not a valid directory, skipping.
Warning: /workspace/everyday_all_2/Vase_38db6c39ee6d8a9d80fa98b5eeb7036c_fractured_56_piece_1.obj,Vase_38db6c39ee6d8a9d80fa98b5eeb7036c_fractured_56_piece_0.obj is not a valid directory, skipping.
Warning: /workspace/everyday_all_2/Vase_38db6c39ee6d8a9d80fa98b5eeb7036c_fractured_29_piece_0.obj,Vase_38db6c39ee6d8a9d80fa98b5eeb7036c_fractured_29_piece_1.obj is not a valid directory, skipping.
Warning: /workspace/everyday_all_2/Vase_38db6c39ee6d8a9d80fa98b5eeb7036c_fractured_45_piece_0.obj,Vase_38db6c39ee6d8a9d80fa98b5eeb7036c_fractured_45_piece_1.obj is not a valid directory, skipping.
Warning: /workspace/everyday_all_2/Vase_38db6c39ee6d8a9d80fa98b5eeb7036c_fractured_28_piece_0.obj,Vase_38db6c39ee6d8a9d80fa98b5eeb7036c_fractured_28_piece_1.obj is not a valid directory, skipping.
Warning: /workspace/everyday_all_2/Vase_38db6c39ee6d8a9d80fa98b5eeb7036c_fractured_4_piece_0.obj,Vase_38db6c39ee6d8a9d80fa98b5eeb7036c_fractured_4_piece_1.obj is not a valid directory, skipping.
Warning: /workspace/everyday_all_2/Vase_38db6c39ee6d8a9d80fa98b5eeb7036c_fractured_53_piece_0.obj,Vase_38db6c39ee6d8a9d80fa98b5eeb7036c_fractured_53_piece_1.obj is not a valid directory, skipping.
Warning: /workspace/everyday_all_2/Vase_38db6c39ee6d8a9d80fa98b5eeb7036c_fractured_40_piece_0.obj,Vase_38db6c39ee6d8a9d80fa98b5eeb7036c_fractured_40_piece_1.obj is not a valid directory, skipping.
Warning: /workspace/everyday_all_2/WineBottle_1c79735033726294724d5ee7f09ab66b_fractured_1_piece_0.obj,WineBottle_1c79735033726294724d5ee7f09ab66b_fractured_1_piece_1.obj is not a valid directory, skipping.
Warning: /workspace/everyday_all_2/WineBottle_1c79735033726294724d5ee7f09ab66b_fractured_70_piece_0.obj,WineBottle_1c79735033726294724d5ee7f09ab66b_fractured_70_piece_1.obj is not a valid directory, skipping.
Warning: /workspace/everyday_all_2/WineBottle_1c79735033726294724d5ee7f09ab66b_fractured_67_piece_0.obj,WineBottle_1c79735033726294724d5ee7f09ab66b_fractured_67_piece_1.obj is not a valid directory, skipping.
Warning: /workspace/everyday_all_2/WineBottle_1c79735033726294724d5ee7f09ab66b_fractured_72_piece_0.obj,WineBottle_1c79735033726294724d5ee7f09ab66b_fractured_72_piece_1.obj is not a valid directory, skipping.
Warning: /workspace/everyday_all_2/WineBottle_1c79735033726294724d5ee7f09ab66b_fractured_48_piece_0.obj,WineBottle_1c79735033726294724d5ee7f09ab66b_fractured_48_piece_1.obj is not a valid directory, skipping.
Warning: /workspace/everyday_all_2/WineBottle_1c79735033726294724d5ee7f09ab66b_fractured_64_piece_0.obj,WineBottle_1c79735033726294724d5ee7f09ab66b_fractured_64_piece_1.obj is not a valid directory, skipping.
Warning: /workspace/everyday_all_2/WineBottle_1c79735033726294724d5ee7f09ab66b_fractured_35_piece_0.obj,WineBottle_1c79735033726294724d5ee7f09ab66b_fractured_35_piece_1.obj is not a valid directory, skipping.
Warning: /workspace/everyday_all_2/WineBottle_1c79735033726294724d5ee7f09ab66b_fractured_22_piece_0.obj,WineBottle_1c79735033726294724d5ee7f09ab66b_fractured_22_piece_1.obj is not a valid directory, skipping.
Warning: /workspace/everyday_all_2/WineBottle_1c79735033726294724d5ee7f09ab66b_fractured_38_piece_0.obj,WineBottle_1c79735033726294724d5ee7f09ab66b_fractured_38_piece_1.obj is not a valid directory, skipping.
Warning: /workspace/everyday_all_2/WineBottle_1c79735033726294724d5ee7f09ab66b_fractured_42_piece_0.obj,WineBottle_1c79735033726294724d5ee7f09ab66b_fractured_42_piece_1.obj is not a valid directory, skipping.
Warning: /workspace/everyday_all_2/WineBottle_1c79735033726294724d5ee7f09ab66b_fractured_13_piece_0.obj,WineBottle_1c79735033726294724d5ee7f09ab66b_fractured_13_piece_1.obj is not a valid directory, skipping.
Warning: /workspace/everyday_all_2/WineBottle_1c79735033726294724d5ee7f09ab66b_fractured_27_piece_0.obj,WineBottle_1c79735033726294724d5ee7f09ab66b_fractured_27_piece_1.obj is not a valid directory, skipping.
Warning: /workspace/everyday_all_2/WineBottle_1c79735033726294724d5ee7f09ab66b_fractured_73_piece_0.obj,WineBottle_1c79735033726294724d5ee7f09ab66b_fractured_73_piece_1.obj is not a valid directory, skipping.
Warning: /workspace/everyday_all_2/Bowl_b70690efb402013233e4fde2bc371944_fractured_10_piece_0.obj,Bowl_b70690efb402013233e4fde2bc371944_fractured_10_piece_1.obj is not a valid directory, skipping.
Warning: /workspace/everyday_all_2/Bowl_b70690efb402013233e4fde2bc371944_fractured_73_piece_0.obj,Bowl_b70690efb402013233e4fde2bc371944_fractured_73_piece_1.obj is not a valid directory, skipping.
Warning: /workspace/everyday_all_2/Bowl_b70690efb402013233e4fde2bc371944_fractured_35_piece_0.obj,Bowl_b70690efb402013233e4fde2bc371944_fractured_35_piece_1.obj is not a valid directory, skipping.
Warning: /workspace/everyday_all_2/Bowl_b70690efb402013233e4fde2bc371944_fractured_44_piece_0.obj,Bowl_b70690efb402013233e4fde2bc371944_fractured_44_piece_1.obj is not a valid directory, skipping.
Warning: /workspace/everyday_all_2/Bowl_b70690efb402013233e4fde2bc371944_fractured_22_piece_0.obj,Bowl_b70690efb402013233e4fde2bc371944_fractured_22_piece_1.obj is not a valid directory, skipping.
Warning: /workspace/everyday_all_2/Bowl_b70690efb402013233e4fde2bc371944_fractured_48_piece_0.obj,Bowl_b70690efb402013233e4fde2bc371944_fractured_48_piece_1.obj is not a valid directory, skipping.
Warning: /workspace/everyday_all_2/Bowl_b70690efb402013233e4fde2bc371944_fractured_78_piece_0.obj,Bowl_b70690efb402013233e4fde2bc371944_fractured_78_piece_1.obj is not a valid directory, skipping.
Warning: /workspace/everyday_all_2/Bowl_b70690efb402013233e4fde2bc371944_fractured_6_piece_0.obj,Bowl_b70690efb402013233e4fde2bc371944_fractured_6_piece_1.obj is not a valid directory, skipping.
Warning: /workspace/everyday_all_2/Bowl_b70690efb402013233e4fde2bc371944_fractured_70_piece_0.obj,Bowl_b70690efb402013233e4fde2bc371944_fractured_70_piece_1.obj is not a valid directory, skipping.
Warning: /workspace/everyday_all_2/Bowl_b70690efb402013233e4fde2bc371944_fractured_33_piece_0.obj,Bowl_b70690efb402013233e4fde2bc371944_fractured_33_piece_1.obj is not a valid directory, skipping.
Warning: /workspace/everyday_all_2/Bowl_b70690efb402013233e4fde2bc371944_fractured_4_piece_0.obj,Bowl_b70690efb402013233e4fde2bc371944_fractured_4_piece_1.obj is not a valid directory, skipping.
Warning: /workspace/everyday_all_2/Bowl_b70690efb402013233e4fde2bc371944_fractured_24_piece_0.obj,Bowl_b70690efb402013233e4fde2bc371944_fractured_24_piece_1.obj is not a valid directory, skipping.
Warning: /workspace/everyday_all_2/Bowl_b70690efb402013233e4fde2bc371944_fractured_15_piece_0.obj,Bowl_b70690efb402013233e4fde2bc371944_fractured_15_piece_1.obj is not a valid directory, skipping.
Warning: /workspace/everyday_all_2/Bowl_b70690efb402013233e4fde2bc371944_fractured_2_piece_0.obj,Bowl_b70690efb402013233e4fde2bc371944_fractured_2_piece_1.obj is not a valid directory, skipping.
Warning: /workspace/everyday_all_2/Bowl_b70690efb402013233e4fde2bc371944_fractured_46_piece_0.obj,Bowl_b70690efb402013233e4fde2bc371944_fractured_46_piece_1.obj is not a valid directory, skipping.
Warning: /workspace/everyday_all_2/Bowl_b70690efb402013233e4fde2bc371944_fractured_64_piece_0.obj,Bowl_b70690efb402013233e4fde2bc371944_fractured_64_piece_1.obj is not a valid directory, skipping.
Warning: /workspace/everyday_all_2/Bowl_b70690efb402013233e4fde2bc371944_fractured_45_piece_0.obj,Bowl_b70690efb402013233e4fde2bc371944_fractured_45_piece_1.obj is not a valid directory, skipping.
Warning: /workspace/everyday_all_2/Vase_6519a8929afa98739de171e0db680498_fractured_60_piece_1.obj,Vase_6519a8929afa98739de171e0db680498_fractured_60_piece_0.obj is not a valid directory, skipping.
Warning: /workspace/everyday_all_2/Vase_6519a8929afa98739de171e0db680498_fractured_53_piece_0.obj,Vase_6519a8929afa98739de171e0db680498_fractured_53_piece_1.obj is not a valid directory, skipping.
Warning: /workspace/everyday_all_2/Vase_6519a8929afa98739de171e0db680498_fractured_59_piece_0.obj,Vase_6519a8929afa98739de171e0db680498_fractured_59_piece_1.obj is not a valid directory, skipping.
Warning: /workspace/everyday_all_2/Vase_6519a8929afa98739de171e0db680498_fractured_70_piece_0.obj,Vase_6519a8929afa98739de171e0db680498_fractured_70_piece_1.obj is not a valid directory, skipping.
Warning: /workspace/everyday_all_2/Vase_6519a8929afa98739de171e0db680498_fractured_66_piece_0.obj,Vase_6519a8929afa98739de171e0db680498_fractured_66_piece_1.obj is not a valid directory, skipping.
Warning: /workspace/everyday_all_2/Vase_6519a8929afa98739de171e0db680498_fractured_30_piece_1.obj,Vase_6519a8929afa98739de171e0db680498_fractured_30_piece_0.obj is not a valid directory, skipping.
Warning: /workspace/everyday_all_2/Vase_6519a8929afa98739de171e0db680498_fractured_46_piece_0.obj,Vase_6519a8929afa98739de171e0db680498_fractured_46_piece_1.obj is not a valid directory, skipping.
Warning: /workspace/everyday_all_2/Vase_6519a8929afa98739de171e0db680498_fractured_38_piece_0.obj,Vase_6519a8929afa98739de171e0db680498_fractured_38_piece_1.obj is not a valid directory, skipping.
Warning: /workspace/everyday_all_2/Vase_ceff9f8c32f704ac35836c728d324152_fractured_47_piece_0.obj,Vase_ceff9f8c32f704ac35836c728d324152_fractured_47_piece_1.obj is not a valid directory, skipping.
Warning: /workspace/everyday_all_2/Vase_ceff9f8c32f704ac35836c728d324152_fractured_33_piece_0.obj,Vase_ceff9f8c32f704ac35836c728d324152_fractured_33_piece_1.obj is not a valid directory, skipping.
Warning: /workspace/everyday_all_2/Vase_ceff9f8c32f704ac35836c728d324152_fractured_43_piece_1.obj,Vase_ceff9f8c32f704ac35836c728d324152_fractured_43_piece_0.obj is not a valid directory, skipping.
Warning: /workspace/everyday_all_2/Vase_ceff9f8c32f704ac35836c728d324152_fractured_38_piece_0.obj,Vase_ceff9f8c32f704ac35836c728d324152_fractured_38_piece_1.obj is not a valid directory, skipping.
Warning: /workspace/everyday_all_2/Vase_ceff9f8c32f704ac35836c728d324152_fractured_37_piece_0.obj,Vase_ceff9f8c32f704ac35836c728d324152_fractured_37_piece_1.obj is not a valid directory, skipping.
Warning: /workspace/everyday_all_2/Vase_ceff9f8c32f704ac35836c728d324152_fractured_15_piece_0.obj,Vase_ceff9f8c32f704ac35836c728d324152_fractured_15_piece_1.obj is not a valid directory, skipping.
Warning: /workspace/everyday_all_2/Vase_ceff9f8c32f704ac35836c728d324152_fractured_25_piece_0.obj,Vase_ceff9f8c32f704ac35836c728d324152_fractured_25_piece_1.obj is not a valid directory, skipping.
Warning: /workspace/everyday_all_2/Vase_ceff9f8c32f704ac35836c728d324152_fractured_53_piece_1.obj,Vase_ceff9f8c32f704ac35836c728d324152_fractured_53_piece_0.obj is not a valid directory, skipping.
Warning: /workspace/everyday_all_2/Vase_ceff9f8c32f704ac35836c728d324152_fractured_30_piece_0.obj,Vase_ceff9f8c32f704ac35836c728d324152_fractured_30_piece_1.obj is not a valid directory, skipping.
Warning: /workspace/everyday_all_2/Vase_ceff9f8c32f704ac35836c728d324152_fractured_10_piece_0.obj,Vase_ceff9f8c32f704ac35836c728d324152_fractured_10_piece_1.obj is not a valid directory, skipping.
Warning: /workspace/everyday_all_2/Vase_ceff9f8c32f704ac35836c728d324152_fractured_36_piece_0.obj,Vase_ceff9f8c32f704ac35836c728d324152_fractured_36_piece_1.obj is not a valid directory, skipping.
Warning: /workspace/everyday_all_2/Vase_ceff9f8c32f704ac35836c728d324152_fractured_56_piece_0.obj,Vase_ceff9f8c32f704ac35836c728d324152_fractured_56_piece_1.obj is not a valid directory, skipping.
Warning: /workspace/everyday_all_2/Vase_ceff9f8c32f704ac35836c728d324152_fractured_67_piece_0.obj,Vase_ceff9f8c32f704ac35836c728d324152_fractured_67_piece_1.obj is not a valid directory, skipping.
Warning: /workspace/everyday_all_2/Vase_ceff9f8c32f704ac35836c728d324152_fractured_46_piece_0.obj,Vase_ceff9f8c32f704ac35836c728d324152_fractured_46_piece_1.obj is not a valid directory, skipping.
Warning: /workspace/everyday_all_2/Vase_ceff9f8c32f704ac35836c728d324152_fractured_73_piece_0.obj,Vase_ceff9f8c32f704ac35836c728d324152_fractured_73_piece_1.obj is not a valid directory, skipping.
Warning: /workspace/everyday_all_2/Vase_ceff9f8c32f704ac35836c728d324152_fractured_51_piece_0.obj,Vase_ceff9f8c32f704ac35836c728d324152_fractured_51_piece_1.obj is not a valid directory, skipping.
Warning: /workspace/everyday_all_2/Vase_ceff9f8c32f704ac35836c728d324152_fractured_29_piece_0.obj,Vase_ceff9f8c32f704ac35836c728d324152_fractured_29_piece_1.obj is not a valid directory, skipping.
Warning: /workspace/everyday_all_2/Vase_ceff9f8c32f704ac35836c728d324152_fractured_77_piece_1.obj,Vase_ceff9f8c32f704ac35836c728d324152_fractured_77_piece_0.obj is not a valid directory, skipping.
Warning: /workspace/everyday_all_2/Vase_ceff9f8c32f704ac35836c728d324152_fractured_32_piece_1.obj,Vase_ceff9f8c32f704ac35836c728d324152_fractured_32_piece_0.obj is not a valid directory, skipping.
Warning: /workspace/everyday_all_2/Vase_ceff9f8c32f704ac35836c728d324152_fractured_18_piece_0.obj,Vase_ceff9f8c32f704ac35836c728d324152_fractured_18_piece_1.obj is not a valid directory, skipping.
Warning: /workspace/everyday_all_2/Vase_ceff9f8c32f704ac35836c728d324152_fractured_76_piece_0.obj,Vase_ceff9f8c32f704ac35836c728d324152_fractured_76_piece_1.obj is not a valid directory, skipping.
Warning: /workspace/everyday_all_2/Vase_ceff9f8c32f704ac35836c728d324152_fractured_13_piece_0.obj,Vase_ceff9f8c32f704ac35836c728d324152_fractured_13_piece_1.obj is not a valid directory, skipping.
Warning: /workspace/everyday_all_2/Vase_ceff9f8c32f704ac35836c728d324152_fractured_55_piece_0.obj,Vase_ceff9f8c32f704ac35836c728d324152_fractured_55_piece_1.obj is not a valid directory, skipping.
Warning: /workspace/everyday_all_2/Vase_ceff9f8c32f704ac35836c728d324152_fractured_79_piece_0.obj,Vase_ceff9f8c32f704ac35836c728d324152_fractured_79_piece_1.obj is not a valid directory, skipping.
Warning: /workspace/everyday_all_2/Vase_ceff9f8c32f704ac35836c728d324152_fractured_71_piece_0.obj,Vase_ceff9f8c32f704ac35836c728d324152_fractured_71_piece_1.obj is not a valid directory, skipping.
Warning: /workspace/everyday_all_2/Vase_ceff9f8c32f704ac35836c728d324152_fractured_23_piece_1.obj,Vase_ceff9f8c32f704ac35836c728d324152_fractured_23_piece_0.obj is not a valid directory, skipping.
Warning: /workspace/everyday_all_2/Bottle_e8b48d395d3d8744e53e6e0633163da8_fractured_27_piece_0.obj,Bottle_e8b48d395d3d8744e53e6e0633163da8_fractured_27_piece_1.obj is not a valid directory, skipping.
Warning: /workspace/everyday_all_2/Bottle_e8b48d395d3d8744e53e6e0633163da8_fractured_14_piece_0.obj,Bottle_e8b48d395d3d8744e53e6e0633163da8_fractured_14_piece_1.obj is not a valid directory, skipping.
Warning: /workspace/everyday_all_2/Bottle_e8b48d395d3d8744e53e6e0633163da8_fractured_1_piece_0.obj,Bottle_e8b48d395d3d8744e53e6e0633163da8_fractured_1_piece_1.obj is not a valid directory, skipping.
Warning: /workspace/everyday_all_2/Bottle_e8b48d395d3d8744e53e6e0633163da8_fractured_47_piece_0.obj,Bottle_e8b48d395d3d8744e53e6e0633163da8_fractured_47_piece_1.obj is not a valid directory, skipping.
Warning: /workspace/everyday_all_2/Bottle_e8b48d395d3d8744e53e6e0633163da8_fractured_17_piece_0.obj,Bottle_e8b48d395d3d8744e53e6e0633163da8_fractured_17_piece_1.obj is not a valid directory, skipping.
Warning: /workspace/everyday_all_2/Bottle_e8b48d395d3d8744e53e6e0633163da8_fractured_22_piece_0.obj,Bottle_e8b48d395d3d8744e53e6e0633163da8_fractured_22_piece_1.obj is not a valid directory, skipping.
Warning: /workspace/everyday_all_2/Bottle_e8b48d395d3d8744e53e6e0633163da8_fractured_68_piece_0.obj,Bottle_e8b48d395d3d8744e53e6e0633163da8_fractured_68_piece_1.obj is not a valid directory, skipping.
Warning: /workspace/everyday_all_2/Bottle_e8b48d395d3d8744e53e6e0633163da8_fractured_16_piece_0.obj,Bottle_e8b48d395d3d8744e53e6e0633163da8_fractured_16_piece_1.obj is not a valid directory, skipping.
Warning: /workspace/everyday_all_2/Bottle_e8b48d395d3d8744e53e6e0633163da8_fractured_57_piece_0.obj,Bottle_e8b48d395d3d8744e53e6e0633163da8_fractured_57_piece_1.obj is not a valid directory, skipping.
Warning: /workspace/everyday_all_2/Bottle_e8b48d395d3d8744e53e6e0633163da8_fractured_41_piece_0.obj,Bottle_e8b48d395d3d8744e53e6e0633163da8_fractured_41_piece_1.obj is not a valid directory, skipping.
Warning: /workspace/everyday_all_2/Vase_e90d611a334c531735836c728d324152_fractured_45_piece_0.obj,Vase_e90d611a334c531735836c728d324152_fractured_45_piece_1.obj is not a valid directory, skipping.
Warning: /workspace/everyday_all_2/Vase_e90d611a334c531735836c728d324152_fractured_36_piece_0.obj,Vase_e90d611a334c531735836c728d324152_fractured_36_piece_1.obj is not a valid directory, skipping.
Warning: /workspace/everyday_all_2/Vase_e90d611a334c531735836c728d324152_fractured_15_piece_0.obj,Vase_e90d611a334c531735836c728d324152_fractured_15_piece_1.obj is not a valid directory, skipping.
Warning: /workspace/everyday_all_2/Vase_e90d611a334c531735836c728d324152_fractured_77_piece_0.obj,Vase_e90d611a334c531735836c728d324152_fractured_77_piece_1.obj is not a valid directory, skipping.
Warning: /workspace/everyday_all_2/Vase_e90d611a334c531735836c728d324152_fractured_55_piece_0.obj,Vase_e90d611a334c531735836c728d324152_fractured_55_piece_1.obj is not a valid directory, skipping.
Warning: /workspace/everyday_all_2/Vase_e90d611a334c531735836c728d324152_fractured_79_piece_0.obj,Vase_e90d611a334c531735836c728d324152_fractured_79_piece_1.obj is not a valid directory, skipping.
Warning: /workspace/everyday_all_2/Vase_e90d611a334c531735836c728d324152_fractured_70_piece_0.obj,Vase_e90d611a334c531735836c728d324152_fractured_70_piece_1.obj is not a valid directory, skipping.
Warning: /workspace/everyday_all_2/Vase_e90d611a334c531735836c728d324152_fractured_0_piece_0.obj,Vase_e90d611a334c531735836c728d324152_fractured_0_piece_1.obj is not a valid directory, skipping.
Warning: /workspace/everyday_all_2/Vase_e90d611a334c531735836c728d324152_fractured_8_piece_0.obj,Vase_e90d611a334c531735836c728d324152_fractured_8_piece_1.obj is not a valid directory, skipping.
Warning: /workspace/everyday_all_2/Vase_e90d611a334c531735836c728d324152_fractured_17_piece_0.obj,Vase_e90d611a334c531735836c728d324152_fractured_17_piece_1.obj is not a valid directory, skipping.
Warning: /workspace/everyday_all_2/Vase_e90d611a334c531735836c728d324152_fractured_4_piece_0.obj,Vase_e90d611a334c531735836c728d324152_fractured_4_piece_1.obj is not a valid directory, skipping.
Warning: /workspace/everyday_all_2/Vase_e90d611a334c531735836c728d324152_fractured_14_piece_0.obj,Vase_e90d611a334c531735836c728d324152_fractured_14_piece_1.obj is not a valid directory, skipping.
Warning: /workspace/everyday_all_2/Bowl_95ac294f47fd7d87e0b49f27ced29e3_fractured_57_piece_0.obj,Bowl_95ac294f47fd7d87e0b49f27ced29e3_fractured_57_piece_1.obj is not a valid directory, skipping.
Warning: /workspace/everyday_all_2/Bowl_95ac294f47fd7d87e0b49f27ced29e3_fractured_24_piece_0.obj,Bowl_95ac294f47fd7d87e0b49f27ced29e3_fractured_24_piece_1.obj is not a valid directory, skipping.
Warning: /workspace/everyday_all_2/Bowl_95ac294f47fd7d87e0b49f27ced29e3_fractured_72_piece_0.obj,Bowl_95ac294f47fd7d87e0b49f27ced29e3_fractured_72_piece_1.obj is not a valid directory, skipping.
Warning: /workspace/everyday_all_2/Bowl_95ac294f47fd7d87e0b49f27ced29e3_fractured_35_piece_0.obj,Bowl_95ac294f47fd7d87e0b49f27ced29e3_fractured_35_piece_1.obj is not a valid directory, skipping.
Warning: /workspace/everyday_all_2/Bowl_95ac294f47fd7d87e0b49f27ced29e3_fractured_40_piece_0.obj,Bowl_95ac294f47fd7d87e0b49f27ced29e3_fractured_40_piece_1.obj is not a valid directory, skipping.
Warning: /workspace/everyday_all_2/Bowl_95ac294f47fd7d87e0b49f27ced29e3_fractured_71_piece_0.obj,Bowl_95ac294f47fd7d87e0b49f27ced29e3_fractured_71_piece_1.obj is not a valid directory, skipping.
Warning: /workspace/everyday_all_2/Mirror_257fbf52b92e7679cc4cd6c58bd35c0c_fractured_64_piece_0.obj,Mirror_257fbf52b92e7679cc4cd6c58bd35c0c_fractured_64_piece_1.obj is not a valid directory, skipping.
Warning: /workspace/everyday_all_2/Mirror_257fbf52b92e7679cc4cd6c58bd35c0c_fractured_30_piece_0.obj,Mirror_257fbf52b92e7679cc4cd6c58bd35c0c_fractured_30_piece_1.obj is not a valid directory, skipping.
Warning: /workspace/everyday_all_2/Mirror_257fbf52b92e7679cc4cd6c58bd35c0c_fractured_4_piece_0.obj,Mirror_257fbf52b92e7679cc4cd6c58bd35c0c_fractured_4_piece_1.obj is not a valid directory, skipping.
Warning: /workspace/everyday_all_2/Mirror_257fbf52b92e7679cc4cd6c58bd35c0c_fractured_16_piece_0.obj,Mirror_257fbf52b92e7679cc4cd6c58bd35c0c_fractured_16_piece_1.obj is not a valid directory, skipping.
Warning: /workspace/everyday_all_2/Mirror_257fbf52b92e7679cc4cd6c58bd35c0c_fractured_34_piece_0.obj,Mirror_257fbf52b92e7679cc4cd6c58bd35c0c_fractured_34_piece_1.obj is not a valid directory, skipping.
Warning: /workspace/everyday_all_2/Mirror_257fbf52b92e7679cc4cd6c58bd35c0c_fractured_37_piece_0.obj,Mirror_257fbf52b92e7679cc4cd6c58bd35c0c_fractured_37_piece_1.obj is not a valid directory, skipping.
Warning: /workspace/everyday_all_2/Mirror_257fbf52b92e7679cc4cd6c58bd35c0c_fractured_1_piece_0.obj,Mirror_257fbf52b92e7679cc4cd6c58bd35c0c_fractured_1_piece_1.obj is not a valid directory, skipping.
Warning: /workspace/everyday_all_2/Mirror_257fbf52b92e7679cc4cd6c58bd35c0c_fractured_17_piece_0.obj,Mirror_257fbf52b92e7679cc4cd6c58bd35c0c_fractured_17_piece_1.obj is not a valid directory, skipping.
Warning: /workspace/everyday_all_2/Mirror_257fbf52b92e7679cc4cd6c58bd35c0c_fractured_62_piece_0.obj,Mirror_257fbf52b92e7679cc4cd6c58bd35c0c_fractured_62_piece_1.obj is not a valid directory, skipping.
Warning: /workspace/everyday_all_2/Mirror_257fbf52b92e7679cc4cd6c58bd35c0c_fractured_5_piece_0.obj,Mirror_257fbf52b92e7679cc4cd6c58bd35c0c_fractured_5_piece_1.obj is not a valid directory, skipping.
Warning: /workspace/everyday_all_2/DrinkBottle_7446fa250adf49c5e7ef9fff09638f8e_fractured_75_piece_0.obj,DrinkBottle_7446fa250adf49c5e7ef9fff09638f8e_fractured_75_piece_1.obj is not a valid directory, skipping.
Warning: /workspace/everyday_all_2/DrinkBottle_7446fa250adf49c5e7ef9fff09638f8e_fractured_65_piece_0.obj,DrinkBottle_7446fa250adf49c5e7ef9fff09638f8e_fractured_65_piece_1.obj is not a valid directory, skipping.
Warning: /workspace/everyday_all_2/DrinkBottle_7446fa250adf49c5e7ef9fff09638f8e_fractured_67_piece_0.obj,DrinkBottle_7446fa250adf49c5e7ef9fff09638f8e_fractured_67_piece_1.obj is not a valid directory, skipping.
Warning: /workspace/everyday_all_2/DrinkBottle_7446fa250adf49c5e7ef9fff09638f8e_fractured_20_piece_0.obj,DrinkBottle_7446fa250adf49c5e7ef9fff09638f8e_fractured_20_piece_1.obj is not a valid directory, skipping.
Warning: /workspace/everyday_all_2/DrinkBottle_7446fa250adf49c5e7ef9fff09638f8e_fractured_68_piece_0.obj,DrinkBottle_7446fa250adf49c5e7ef9fff09638f8e_fractured_68_piece_1.obj is not a valid directory, skipping.
Warning: /workspace/everyday_all_2/DrinkBottle_7446fa250adf49c5e7ef9fff09638f8e_fractured_63_piece_0.obj,DrinkBottle_7446fa250adf49c5e7ef9fff09638f8e_fractured_63_piece_1.obj is not a valid directory, skipping.
Warning: /workspace/everyday_all_2/DrinkBottle_7446fa250adf49c5e7ef9fff09638f8e_fractured_40_piece_0.obj,DrinkBottle_7446fa250adf49c5e7ef9fff09638f8e_fractured_40_piece_1.obj is not a valid directory, skipping.
Warning: /workspace/everyday_all_2/DrinkBottle_7446fa250adf49c5e7ef9fff09638f8e_fractured_27_piece_0.obj,DrinkBottle_7446fa250adf49c5e7ef9fff09638f8e_fractured_27_piece_1.obj is not a valid directory, skipping.
Warning: /workspace/everyday_all_2/DrinkBottle_7446fa250adf49c5e7ef9fff09638f8e_fractured_19_piece_0.obj,DrinkBottle_7446fa250adf49c5e7ef9fff09638f8e_fractured_19_piece_1.obj is not a valid directory, skipping.
Warning: /workspace/everyday_all_2/DrinkBottle_7446fa250adf49c5e7ef9fff09638f8e_fractured_3_piece_0.obj,DrinkBottle_7446fa250adf49c5e7ef9fff09638f8e_fractured_3_piece_1.obj is not a valid directory, skipping.
Warning: /workspace/everyday_all_2/DrinkBottle_7446fa250adf49c5e7ef9fff09638f8e_fractured_57_piece_0.obj,DrinkBottle_7446fa250adf49c5e7ef9fff09638f8e_fractured_57_piece_1.obj is not a valid directory, skipping.
Warning: /workspace/everyday_all_2/DrinkBottle_7446fa250adf49c5e7ef9fff09638f8e_fractured_5_piece_0.obj,DrinkBottle_7446fa250adf49c5e7ef9fff09638f8e_fractured_5_piece_1.obj is not a valid directory, skipping.
Warning: /workspace/everyday_all_2/DrinkBottle_7446fa250adf49c5e7ef9fff09638f8e_fractured_47_piece_0.obj,DrinkBottle_7446fa250adf49c5e7ef9fff09638f8e_fractured_47_piece_1.obj is not a valid directory, skipping.
Warning: /workspace/everyday_all_2/DrinkBottle_7446fa250adf49c5e7ef9fff09638f8e_fractured_26_piece_0.obj,DrinkBottle_7446fa250adf49c5e7ef9fff09638f8e_fractured_26_piece_1.obj is not a valid directory, skipping.
Warning: /workspace/everyday_all_2/Mirror_6bf0f5e06cb748bb9671c58246946ed6_fractured_61_piece_0.obj,Mirror_6bf0f5e06cb748bb9671c58246946ed6_fractured_61_piece_1.obj is not a valid directory, skipping.
Warning: /workspace/everyday_all_2/Mirror_6bf0f5e06cb748bb9671c58246946ed6_fractured_78_piece_0.obj,Mirror_6bf0f5e06cb748bb9671c58246946ed6_fractured_78_piece_1.obj is not a valid directory, skipping.
Warning: /workspace/everyday_all_2/Mirror_6bf0f5e06cb748bb9671c58246946ed6_fractured_37_piece_0.obj,Mirror_6bf0f5e06cb748bb9671c58246946ed6_fractured_37_piece_1.obj is not a valid directory, skipping.
Warning: /workspace/everyday_all_2/Mirror_6bf0f5e06cb748bb9671c58246946ed6_fractured_52_piece_0.obj,Mirror_6bf0f5e06cb748bb9671c58246946ed6_fractured_52_piece_1.obj is not a valid directory, skipping.
Warning: /workspace/everyday_all_2/Mirror_6bf0f5e06cb748bb9671c58246946ed6_fractured_49_piece_0.obj,Mirror_6bf0f5e06cb748bb9671c58246946ed6_fractured_49_piece_1.obj is not a valid directory, skipping.
Warning: /workspace/everyday_all_2/Mirror_6bf0f5e06cb748bb9671c58246946ed6_fractured_53_piece_0.obj,Mirror_6bf0f5e06cb748bb9671c58246946ed6_fractured_53_piece_1.obj is not a valid directory, skipping.
Warning: /workspace/everyday_all_2/Mirror_6bf0f5e06cb748bb9671c58246946ed6_fractured_55_piece_0.obj,Mirror_6bf0f5e06cb748bb9671c58246946ed6_fractured_55_piece_1.obj is not a valid directory, skipping.
Warning: /workspace/everyday_all_2/Mirror_6bf0f5e06cb748bb9671c58246946ed6_fractured_4_piece_0.obj,Mirror_6bf0f5e06cb748bb9671c58246946ed6_fractured_4_piece_1.obj is not a valid directory, skipping.
Warning: /workspace/everyday_all_2/Mirror_6bf0f5e06cb748bb9671c58246946ed6_fractured_77_piece_0.obj,Mirror_6bf0f5e06cb748bb9671c58246946ed6_fractured_77_piece_1.obj is not a valid directory, skipping.
Warning: /workspace/everyday_all_2/Mirror_6bf0f5e06cb748bb9671c58246946ed6_fractured_79_piece_0.obj,Mirror_6bf0f5e06cb748bb9671c58246946ed6_fractured_79_piece_1.obj is not a valid directory, skipping.
Warning: /workspace/everyday_all_2/DrinkBottle_738d7eb5c8800842f8060bac8721179_fractured_66_piece_0.obj,DrinkBottle_738d7eb5c8800842f8060bac8721179_fractured_66_piece_1.obj is not a valid directory, skipping.
Warning: /workspace/everyday_all_2/DrinkBottle_738d7eb5c8800842f8060bac8721179_fractured_55_piece_0.obj,DrinkBottle_738d7eb5c8800842f8060bac8721179_fractured_55_piece_1.obj is not a valid directory, skipping.
Warning: /workspace/everyday_all_2/DrinkBottle_738d7eb5c8800842f8060bac8721179_fractured_79_piece_0.obj,DrinkBottle_738d7eb5c8800842f8060bac8721179_fractured_79_piece_1.obj is not a valid directory, skipping.
Warning: /workspace/everyday_all_2/DrinkBottle_738d7eb5c8800842f8060bac8721179_fractured_37_piece_0.obj,DrinkBottle_738d7eb5c8800842f8060bac8721179_fractured_37_piece_1.obj is not a valid directory, skipping.
Warning: /workspace/everyday_all_2/DrinkBottle_738d7eb5c8800842f8060bac8721179_fractured_70_piece_0.obj,DrinkBottle_738d7eb5c8800842f8060bac8721179_fractured_70_piece_1.obj is not a valid directory, skipping.
Warning: /workspace/everyday_all_2/DrinkBottle_738d7eb5c8800842f8060bac8721179_fractured_31_piece_0.obj,DrinkBottle_738d7eb5c8800842f8060bac8721179_fractured_31_piece_1.obj is not a valid directory, skipping.
Warning: /workspace/everyday_all_2/DrinkBottle_738d7eb5c8800842f8060bac8721179_fractured_1_piece_0.obj,DrinkBottle_738d7eb5c8800842f8060bac8721179_fractured_1_piece_1.obj is not a valid directory, skipping.
Warning: /workspace/everyday_all_2/DrinkBottle_738d7eb5c8800842f8060bac8721179_fractured_56_piece_0.obj,DrinkBottle_738d7eb5c8800842f8060bac8721179_fractured_56_piece_1.obj is not a valid directory, skipping.
Warning: /workspace/everyday_all_2/DrinkBottle_738d7eb5c8800842f8060bac8721179_fractured_25_piece_0.obj,DrinkBottle_738d7eb5c8800842f8060bac8721179_fractured_25_piece_1.obj is not a valid directory, skipping.
Warning: /workspace/everyday_all_2/DrinkBottle_738d7eb5c8800842f8060bac8721179_fractured_67_piece_0.obj,DrinkBottle_738d7eb5c8800842f8060bac8721179_fractured_67_piece_1.obj is not a valid directory, skipping.
Warning: /workspace/everyday_all_2/DrinkBottle_738d7eb5c8800842f8060bac8721179_fractured_26_piece_0.obj,DrinkBottle_738d7eb5c8800842f8060bac8721179_fractured_26_piece_1.obj is not a valid directory, skipping.
Warning: /workspace/everyday_all_2/DrinkBottle_738d7eb5c8800842f8060bac8721179_fractured_35_piece_0.obj,DrinkBottle_738d7eb5c8800842f8060bac8721179_fractured_35_piece_1.obj is not a valid directory, skipping.
Warning: /workspace/everyday_all_2/DrinkBottle_738d7eb5c8800842f8060bac8721179_fractured_40_piece_0.obj,DrinkBottle_738d7eb5c8800842f8060bac8721179_fractured_40_piece_1.obj is not a valid directory, skipping.
Warning: /workspace/everyday_all_2/DrinkBottle_738d7eb5c8800842f8060bac8721179_fractured_54_piece_0.obj,DrinkBottle_738d7eb5c8800842f8060bac8721179_fractured_54_piece_1.obj is not a valid directory, skipping.
Warning: /workspace/everyday_all_2/Mug_5_fractured_75_piece_0.obj,Mug_5_fractured_75_piece_1.obj is not a valid directory, skipping.
Warning: /workspace/everyday_all_2/Mug_5_fractured_23_piece_0.obj,Mug_5_fractured_23_piece_1.obj is not a valid directory, skipping.
Warning: /workspace/everyday_all_2/Mug_5_fractured_31_piece_0.obj,Mug_5_fractured_31_piece_1.obj is not a valid directory, skipping.
Warning: /workspace/everyday_all_2/Mug_5_fractured_18_piece_0.obj,Mug_5_fractured_18_piece_1.obj is not a valid directory, skipping.
Warning: /workspace/everyday_all_2/Mug_5_fractured_16_piece_0.obj,Mug_5_fractured_16_piece_1.obj is not a valid directory, skipping.
Warning: /workspace/everyday_all_2/Mug_5_fractured_46_piece_0.obj,Mug_5_fractured_46_piece_1.obj is not a valid directory, skipping.
Warning: /workspace/everyday_all_2/Mug_5_fractured_33_piece_0.obj,Mug_5_fractured_33_piece_1.obj is not a valid directory, skipping.
Warning: /workspace/everyday_all_2/Mug_5_fractured_3_piece_0.obj,Mug_5_fractured_3_piece_1.obj is not a valid directory, skipping.
Warning: /workspace/everyday_all_2/Mug_5_fractured_2_piece_0.obj,Mug_5_fractured_2_piece_1.obj is not a valid directory, skipping.
Warning: /workspace/everyday_all_2/Mug_5_fractured_72_piece_0.obj,Mug_5_fractured_72_piece_1.obj is not a valid directory, skipping.
Warning: /workspace/everyday_all_2/Mug_5_fractured_30_piece_0.obj,Mug_5_fractured_30_piece_1.obj is not a valid directory, skipping.
Warning: /workspace/everyday_all_2/Mug_5_fractured_52_piece_0.obj,Mug_5_fractured_52_piece_1.obj is not a valid directory, skipping.
Warning: /workspace/everyday_all_2/Mug_5_fractured_0_piece_0.obj,Mug_5_fractured_0_piece_1.obj is not a valid directory, skipping.
Warning: /workspace/everyday_all_2/Mug_5_fractured_73_piece_0.obj,Mug_5_fractured_73_piece_1.obj is not a valid directory, skipping.
Warning: /workspace/everyday_all_2/Mug_5_fractured_25_piece_0.obj,Mug_5_fractured_25_piece_1.obj is not a valid directory, skipping.
Warning: /workspace/everyday_all_2/ToyFigure_5908022a1e5b8ec3adf5ea2911b3df77_fractured_66_piece_0.obj,ToyFigure_5908022a1e5b8ec3adf5ea2911b3df77_fractured_66_piece_1.obj is not a valid directory, skipping.
Warning: /workspace/everyday_all_2/ToyFigure_5908022a1e5b8ec3adf5ea2911b3df77_fractured_61_piece_0.obj,ToyFigure_5908022a1e5b8ec3adf5ea2911b3df77_fractured_61_piece_1.obj is not a valid directory, skipping.
Warning: /workspace/everyday_all_2/ToyFigure_5908022a1e5b8ec3adf5ea2911b3df77_fractured_38_piece_0.obj,ToyFigure_5908022a1e5b8ec3adf5ea2911b3df77_fractured_38_piece_1.obj is not a valid directory, skipping.
Warning: /workspace/everyday_all_2/ToyFigure_5908022a1e5b8ec3adf5ea2911b3df77_fractured_40_piece_0.obj,ToyFigure_5908022a1e5b8ec3adf5ea2911b3df77_fractured_40_piece_1.obj is not a valid directory, skipping.
Warning: /workspace/everyday_all_2/ToyFigure_5908022a1e5b8ec3adf5ea2911b3df77_fractured_39_piece_0.obj,ToyFigure_5908022a1e5b8ec3adf5ea2911b3df77_fractured_39_piece_1.obj is not a valid directory, skipping.
Warning: /workspace/everyday_all_2/ToyFigure_5908022a1e5b8ec3adf5ea2911b3df77_fractured_70_piece_0.obj,ToyFigure_5908022a1e5b8ec3adf5ea2911b3df77_fractured_70_piece_1.obj is not a valid directory, skipping.
Warning: /workspace/everyday_all_2/ToyFigure_5908022a1e5b8ec3adf5ea2911b3df77_fractured_7_piece_0.obj,ToyFigure_5908022a1e5b8ec3adf5ea2911b3df77_fractured_7_piece_1.obj is not a valid directory, skipping.
Warning: /workspace/everyday_all_2/ToyFigure_5908022a1e5b8ec3adf5ea2911b3df77_fractured_58_piece_0.obj,ToyFigure_5908022a1e5b8ec3adf5ea2911b3df77_fractured_58_piece_1.obj is not a valid directory, skipping.
Warning: /workspace/everyday_all_2/ToyFigure_5908022a1e5b8ec3adf5ea2911b3df77_fractured_44_piece_0.obj,ToyFigure_5908022a1e5b8ec3adf5ea2911b3df77_fractured_44_piece_1.obj is not a valid directory, skipping.
Warning: /workspace/everyday_all_2/ToyFigure_5908022a1e5b8ec3adf5ea2911b3df77_fractured_48_piece_0.obj,ToyFigure_5908022a1e5b8ec3adf5ea2911b3df77_fractured_48_piece_1.obj is not a valid directory, skipping.
Warning: /workspace/everyday_all_2/ToyFigure_5908022a1e5b8ec3adf5ea2911b3df77_fractured_1_piece_0.obj,ToyFigure_5908022a1e5b8ec3adf5ea2911b3df77_fractured_1_piece_1.obj is not a valid directory, skipping.
Warning: /workspace/everyday_all_2/ToyFigure_5908022a1e5b8ec3adf5ea2911b3df77_fractured_46_piece_0.obj,ToyFigure_5908022a1e5b8ec3adf5ea2911b3df77_fractured_46_piece_1.obj is not a valid directory, skipping.
Warning: /workspace/everyday_all_2/ToyFigure_5908022a1e5b8ec3adf5ea2911b3df77_fractured_62_piece_0.obj,ToyFigure_5908022a1e5b8ec3adf5ea2911b3df77_fractured_62_piece_1.obj is not a valid directory, skipping.
Warning: /workspace/everyday_all_2/ToyFigure_5908022a1e5b8ec3adf5ea2911b3df77_fractured_78_piece_0.obj,ToyFigure_5908022a1e5b8ec3adf5ea2911b3df77_fractured_78_piece_1.obj is not a valid directory, skipping.
Warning: /workspace/everyday_all_2/ToyFigure_5908022a1e5b8ec3adf5ea2911b3df77_fractured_23_piece_0.obj,ToyFigure_5908022a1e5b8ec3adf5ea2911b3df77_fractured_23_piece_1.obj is not a valid directory, skipping.
Warning: /workspace/everyday_all_2/ToyFigure_5908022a1e5b8ec3adf5ea2911b3df77_fractured_17_piece_0.obj,ToyFigure_5908022a1e5b8ec3adf5ea2911b3df77_fractured_17_piece_1.obj is not a valid directory, skipping.
Warning: /workspace/everyday_all_2/ToyFigure_5908022a1e5b8ec3adf5ea2911b3df77_fractured_49_piece_0.obj,ToyFigure_5908022a1e5b8ec3adf5ea2911b3df77_fractured_49_piece_1.obj is not a valid directory, skipping.
Warning: /workspace/everyday_all_2/ToyFigure_5908022a1e5b8ec3adf5ea2911b3df77_fractured_27_piece_0.obj,ToyFigure_5908022a1e5b8ec3adf5ea2911b3df77_fractured_27_piece_1.obj is not a valid directory, skipping.
Warning: /workspace/everyday_all_2/ToyFigure_5908022a1e5b8ec3adf5ea2911b3df77_fractured_16_piece_0.obj,ToyFigure_5908022a1e5b8ec3adf5ea2911b3df77_fractured_16_piece_1.obj is not a valid directory, skipping.
Warning: /workspace/everyday_all_2/ToyFigure_5908022a1e5b8ec3adf5ea2911b3df77_fractured_19_piece_0.obj,ToyFigure_5908022a1e5b8ec3adf5ea2911b3df77_fractured_19_piece_1.obj is not a valid directory, skipping.
Warning: /workspace/everyday_all_2/ToyFigure_5908022a1e5b8ec3adf5ea2911b3df77_fractured_76_piece_0.obj,ToyFigure_5908022a1e5b8ec3adf5ea2911b3df77_fractured_76_piece_1.obj is not a valid directory, skipping.
Warning: /workspace/everyday_all_2/ToyFigure_5908022a1e5b8ec3adf5ea2911b3df77_fractured_28_piece_0.obj,ToyFigure_5908022a1e5b8ec3adf5ea2911b3df77_fractured_28_piece_1.obj is not a valid directory, skipping.
Warning: /workspace/everyday_all_2/ToyFigure_5908022a1e5b8ec3adf5ea2911b3df77_fractured_0_piece_0.obj,ToyFigure_5908022a1e5b8ec3adf5ea2911b3df77_fractured_0_piece_1.obj is not a valid directory, skipping.
Warning: /workspace/everyday_all_2/ToyFigure_5908022a1e5b8ec3adf5ea2911b3df77_fractured_72_piece_0.obj,ToyFigure_5908022a1e5b8ec3adf5ea2911b3df77_fractured_72_piece_1.obj is not a valid directory, skipping.
Warning: /workspace/everyday_all_2/ToyFigure_5908022a1e5b8ec3adf5ea2911b3df77_fractured_73_piece_0.obj,ToyFigure_5908022a1e5b8ec3adf5ea2911b3df77_fractured_73_piece_1.obj is not a valid directory, skipping.
Warning: /workspace/everyday_all_2/Ring_9b586cba3598cca2fffe50105e90d100_fractured_6_piece_0.obj,Ring_9b586cba3598cca2fffe50105e90d100_fractured_6_piece_1.obj is not a valid directory, skipping.
Warning: /workspace/everyday_all_2/Ring_9b586cba3598cca2fffe50105e90d100_fractured_14_piece_0.obj,Ring_9b586cba3598cca2fffe50105e90d100_fractured_14_piece_1.obj is not a valid directory, skipping.
Warning: /workspace/everyday_all_2/Ring_9b586cba3598cca2fffe50105e90d100_fractured_2_piece_0.obj,Ring_9b586cba3598cca2fffe50105e90d100_fractured_2_piece_1.obj is not a valid directory, skipping.
Warning: /workspace/everyday_all_2/Ring_9b586cba3598cca2fffe50105e90d100_fractured_34_piece_0.obj,Ring_9b586cba3598cca2fffe50105e90d100_fractured_34_piece_1.obj is not a valid directory, skipping.
Warning: /workspace/everyday_all_2/BeerBottle_412289ded0359b326802d3678aa9d56b_fractured_45_piece_0.obj,BeerBottle_412289ded0359b326802d3678aa9d56b_fractured_45_piece_1.obj is not a valid directory, skipping.
Warning: /workspace/everyday_all_2/BeerBottle_412289ded0359b326802d3678aa9d56b_fractured_57_piece_0.obj,BeerBottle_412289ded0359b326802d3678aa9d56b_fractured_57_piece_1.obj is not a valid directory, skipping.
Warning: /workspace/everyday_all_2/BeerBottle_412289ded0359b326802d3678aa9d56b_fractured_40_piece_0.obj,BeerBottle_412289ded0359b326802d3678aa9d56b_fractured_40_piece_1.obj is not a valid directory, skipping.
Warning: /workspace/everyday_all_2/Teacup_659192a6ba300f1f4293529704725d98_mode_1_piece_0.obj,Teacup_659192a6ba300f1f4293529704725d98_mode_1_piece_1.obj is not a valid directory, skipping.
Warning: /workspace/everyday_all_2/Mug_10f6e09036350e92b3f21f1137c3c347_mode_1_piece_0.obj,Mug_10f6e09036350e92b3f21f1137c3c347_mode_1_piece_1.obj is not a valid directory, skipping.
Warning: /workspace/everyday_all_2/Bottle_15787789482f045d8add95bf56d3d2fa_fractured_2_piece_0.obj,Bottle_15787789482f045d8add95bf56d3d2fa_fractured_2_piece_1.obj is not a valid directory, skipping.
Warning: /workspace/everyday_all_2/Bottle_15787789482f045d8add95bf56d3d2fa_fractured_67_piece_0.obj,Bottle_15787789482f045d8add95bf56d3d2fa_fractured_67_piece_1.obj is not a valid directory, skipping.
Warning: /workspace/everyday_all_2/Bottle_15787789482f045d8add95bf56d3d2fa_fractured_0_piece_0.obj,Bottle_15787789482f045d8add95bf56d3d2fa_fractured_0_piece_1.obj is not a valid directory, skipping.
Warning: /workspace/everyday_all_2/Bottle_15787789482f045d8add95bf56d3d2fa_fractured_17_piece_0.obj,Bottle_15787789482f045d8add95bf56d3d2fa_fractured_17_piece_1.obj is not a valid directory, skipping.
Warning: /workspace/everyday_all_2/Bottle_15787789482f045d8add95bf56d3d2fa_fractured_3_piece_0.obj,Bottle_15787789482f045d8add95bf56d3d2fa_fractured_3_piece_1.obj is not a valid directory, skipping.
Warning: /workspace/everyday_all_2/Bottle_15787789482f045d8add95bf56d3d2fa_fractured_47_piece_0.obj,Bottle_15787789482f045d8add95bf56d3d2fa_fractured_47_piece_1.obj is not a valid directory, skipping.
Warning: /workspace/everyday_all_2/Bottle_15787789482f045d8add95bf56d3d2fa_fractured_70_piece_0.obj,Bottle_15787789482f045d8add95bf56d3d2fa_fractured_70_piece_1.obj is not a valid directory, skipping.
Warning: /workspace/everyday_all_2/Bottle_15787789482f045d8add95bf56d3d2fa_fractured_42_piece_0.obj,Bottle_15787789482f045d8add95bf56d3d2fa_fractured_42_piece_1.obj is not a valid directory, skipping.
Warning: /workspace/everyday_all_2/Bottle_15787789482f045d8add95bf56d3d2fa_fractured_56_piece_0.obj,Bottle_15787789482f045d8add95bf56d3d2fa_fractured_56_piece_1.obj is not a valid directory, skipping.
Warning: /workspace/everyday_all_2/Bottle_15787789482f045d8add95bf56d3d2fa_fractured_65_piece_0.obj,Bottle_15787789482f045d8add95bf56d3d2fa_fractured_65_piece_1.obj is not a valid directory, skipping.
Warning: /workspace/everyday_all_2/Bottle_15787789482f045d8add95bf56d3d2fa_fractured_4_piece_0.obj,Bottle_15787789482f045d8add95bf56d3d2fa_fractured_4_piece_1.obj is not a valid directory, skipping.
Warning: /workspace/everyday_all_2/Bottle_15787789482f045d8add95bf56d3d2fa_fractured_71_piece_0.obj,Bottle_15787789482f045d8add95bf56d3d2fa_fractured_71_piece_1.obj is not a valid directory, skipping.
Warning: /workspace/everyday_all_2/Bottle_15787789482f045d8add95bf56d3d2fa_fractured_5_piece_0.obj,Bottle_15787789482f045d8add95bf56d3d2fa_fractured_5_piece_1.obj is not a valid directory, skipping.
Warning: /workspace/everyday_all_2/Bottle_15787789482f045d8add95bf56d3d2fa_fractured_43_piece_0.obj,Bottle_15787789482f045d8add95bf56d3d2fa_fractured_43_piece_1.obj is not a valid directory, skipping.
Warning: /workspace/everyday_all_2/Bottle_15787789482f045d8add95bf56d3d2fa_fractured_37_piece_0.obj,Bottle_15787789482f045d8add95bf56d3d2fa_fractured_37_piece_1.obj is not a valid directory, skipping.
Warning: /workspace/everyday_all_2/Bottle_15787789482f045d8add95bf56d3d2fa_fractured_59_piece_0.obj,Bottle_15787789482f045d8add95bf56d3d2fa_fractured_59_piece_1.obj is not a valid directory, skipping.
Warning: /workspace/everyday_all_2/Bottle_15787789482f045d8add95bf56d3d2fa_fractured_75_piece_0.obj,Bottle_15787789482f045d8add95bf56d3d2fa_fractured_75_piece_1.obj is not a valid directory, skipping.
Warning: /workspace/everyday_all_2/Bottle_15787789482f045d8add95bf56d3d2fa_fractured_60_piece_0.obj,Bottle_15787789482f045d8add95bf56d3d2fa_fractured_60_piece_1.obj is not a valid directory, skipping.
Warning: /workspace/everyday_all_2/DrinkingUtensil_50651245d23db6bfd4c7c9add3ce42f3_mode_1_piece_0.obj,DrinkingUtensil_50651245d23db6bfd4c7c9add3ce42f3_mode_1_piece_1.obj is not a valid directory, skipping.
Warning: /workspace/everyday_all_2/Mirror_f290da1f292718751fc56912e22744f_fractured_9_piece_0.obj,Mirror_f290da1f292718751fc56912e22744f_fractured_9_piece_1.obj is not a valid directory, skipping.
Warning: /workspace/everyday_all_2/Mirror_f290da1f292718751fc56912e22744f_fractured_70_piece_0.obj,Mirror_f290da1f292718751fc56912e22744f_fractured_70_piece_1.obj is not a valid directory, skipping.
Warning: /workspace/everyday_all_2/Mirror_f290da1f292718751fc56912e22744f_fractured_42_piece_0.obj,Mirror_f290da1f292718751fc56912e22744f_fractured_42_piece_1.obj is not a valid directory, skipping.
Warning: /workspace/everyday_all_2/Cup_5d034d08b3afb0054212ff51b27f0221_fractured_53_piece_0.obj,Cup_5d034d08b3afb0054212ff51b27f0221_fractured_53_piece_1.obj is not a valid directory, skipping.
Warning: /workspace/everyday_all_2/Cup_5d034d08b3afb0054212ff51b27f0221_fractured_3_piece_0.obj,Cup_5d034d08b3afb0054212ff51b27f0221_fractured_3_piece_1.obj is not a valid directory, skipping.
Warning: /workspace/everyday_all_2/Cup_5d034d08b3afb0054212ff51b27f0221_fractured_52_piece_0.obj,Cup_5d034d08b3afb0054212ff51b27f0221_fractured_52_piece_1.obj is not a valid directory, skipping.
Warning: /workspace/everyday_all_2/Cup_5d034d08b3afb0054212ff51b27f0221_fractured_42_piece_0.obj,Cup_5d034d08b3afb0054212ff51b27f0221_fractured_42_piece_1.obj is not a valid directory, skipping.
Warning: /workspace/everyday_all_2/Cup_5d034d08b3afb0054212ff51b27f0221_fractured_68_piece_0.obj,Cup_5d034d08b3afb0054212ff51b27f0221_fractured_68_piece_1.obj is not a valid directory, skipping.
Warning: /workspace/everyday_all_2/Bowl_2eb4cfc59205bb3a147c505998f546dd_fractured_4_piece_0.obj,Bowl_2eb4cfc59205bb3a147c505998f546dd_fractured_4_piece_1.obj is not a valid directory, skipping.
Warning: /workspace/everyday_all_2/Bowl_2eb4cfc59205bb3a147c505998f546dd_fractured_38_piece_0.obj,Bowl_2eb4cfc59205bb3a147c505998f546dd_fractured_38_piece_1.obj is not a valid directory, skipping.
Warning: /workspace/everyday_all_2/Bowl_2eb4cfc59205bb3a147c505998f546dd_fractured_72_piece_0.obj,Bowl_2eb4cfc59205bb3a147c505998f546dd_fractured_72_piece_1.obj is not a valid directory, skipping.
Warning: /workspace/everyday_all_2/Bowl_2eb4cfc59205bb3a147c505998f546dd_fractured_5_piece_0.obj,Bowl_2eb4cfc59205bb3a147c505998f546dd_fractured_5_piece_1.obj is not a valid directory, skipping.
Warning: /workspace/everyday_all_2/Bowl_2eb4cfc59205bb3a147c505998f546dd_fractured_76_piece_0.obj,Bowl_2eb4cfc59205bb3a147c505998f546dd_fractured_76_piece_1.obj is not a valid directory, skipping.
Warning: /workspace/everyday_all_2/Bowl_2eb4cfc59205bb3a147c505998f546dd_fractured_48_piece_0.obj,Bowl_2eb4cfc59205bb3a147c505998f546dd_fractured_48_piece_1.obj is not a valid directory, skipping.
Warning: /workspace/everyday_all_2/Bottle_c382be46c8ab7815d333084c1357713e_mode_1_piece_0.obj,Bottle_c382be46c8ab7815d333084c1357713e_mode_1_piece_1.obj is not a valid directory, skipping.
Warning: /workspace/everyday_all_2/Plate_4_fractured_77_piece_0.obj,Plate_4_fractured_77_piece_1.obj is not a valid directory, skipping.
Warning: /workspace/everyday_all_2/Plate_4_fractured_58_piece_0.obj,Plate_4_fractured_58_piece_1.obj is not a valid directory, skipping.
Warning: /workspace/everyday_all_2/Plate_4_fractured_76_piece_0.obj,Plate_4_fractured_76_piece_1.obj is not a valid directory, skipping.
Warning: /workspace/everyday_all_2/Plate_4_fractured_33_piece_0.obj,Plate_4_fractured_33_piece_1.obj is not a valid directory, skipping.
Warning: /workspace/everyday_all_2/Plate_4_fractured_16_piece_0.obj,Plate_4_fractured_16_piece_1.obj is not a valid directory, skipping.
Warning: /workspace/everyday_all_2/Plate_4_fractured_68_piece_0.obj,Plate_4_fractured_68_piece_1.obj is not a valid directory, skipping.
Warning: /workspace/everyday_all_2/Plate_4_fractured_23_piece_0.obj,Plate_4_fractured_23_piece_1.obj is not a valid directory, skipping.
Warning: /workspace/everyday_all_2/Plate_4_fractured_67_piece_0.obj,Plate_4_fractured_67_piece_1.obj is not a valid directory, skipping.
Warning: /workspace/everyday_all_2/Plate_4_fractured_70_piece_0.obj,Plate_4_fractured_70_piece_1.obj is not a valid directory, skipping.
Warning: /workspace/everyday_all_2/Plate_4_fractured_11_piece_0.obj,Plate_4_fractured_11_piece_1.obj is not a valid directory, skipping.
Warning: /workspace/everyday_all_2/Plate_4_fractured_32_piece_0.obj,Plate_4_fractured_32_piece_1.obj is not a valid directory, skipping.
Warning: /workspace/everyday_all_2/Plate_4_fractured_59_piece_0.obj,Plate_4_fractured_59_piece_1.obj is not a valid directory, skipping.
Warning: /workspace/everyday_all_2/Plate_4_fractured_62_piece_0.obj,Plate_4_fractured_62_piece_1.obj is not a valid directory, skipping.
Warning: /workspace/everyday_all_2/Plate_4_fractured_71_piece_0.obj,Plate_4_fractured_71_piece_1.obj is not a valid directory, skipping.
Warning: /workspace/everyday_all_2/Plate_4_fractured_60_piece_0.obj,Plate_4_fractured_60_piece_1.obj is not a valid directory, skipping.
Warning: /workspace/everyday_all_2/Plate_4_fractured_54_piece_0.obj,Plate_4_fractured_54_piece_1.obj is not a valid directory, skipping.
Warning: /workspace/everyday_all_2/Plate_4_fractured_27_piece_0.obj,Plate_4_fractured_27_piece_1.obj is not a valid directory, skipping.
Warning: /workspace/everyday_all_2/Plate_4_fractured_0_piece_0.obj,Plate_4_fractured_0_piece_1.obj is not a valid directory, skipping.
Warning: /workspace/everyday_all_2/Plate_4_fractured_26_piece_0.obj,Plate_4_fractured_26_piece_1.obj is not a valid directory, skipping.
Warning: /workspace/everyday_all_2/Plate_4_fractured_31_piece_0.obj,Plate_4_fractured_31_piece_1.obj is not a valid directory, skipping.
Warning: /workspace/everyday_all_2/Bottle_c5e425b9b1f4f42b6d7d15cb5e1928e_fractured_35_piece_0.obj,Bottle_c5e425b9b1f4f42b6d7d15cb5e1928e_fractured_35_piece_1.obj is not a valid directory, skipping.
Warning: /workspace/everyday_all_2/Bottle_c5e425b9b1f4f42b6d7d15cb5e1928e_fractured_60_piece_0.obj,Bottle_c5e425b9b1f4f42b6d7d15cb5e1928e_fractured_60_piece_1.obj is not a valid directory, skipping.
Warning: /workspace/everyday_all_2/Bottle_c5e425b9b1f4f42b6d7d15cb5e1928e_fractured_13_piece_0.obj,Bottle_c5e425b9b1f4f42b6d7d15cb5e1928e_fractured_13_piece_1.obj is not a valid directory, skipping.
Warning: /workspace/everyday_all_2/Bottle_c5e425b9b1f4f42b6d7d15cb5e1928e_fractured_32_piece_0.obj,Bottle_c5e425b9b1f4f42b6d7d15cb5e1928e_fractured_32_piece_1.obj is not a valid directory, skipping.
Warning: /workspace/everyday_all_2/Bottle_c5e425b9b1f4f42b6d7d15cb5e1928e_fractured_79_piece_0.obj,Bottle_c5e425b9b1f4f42b6d7d15cb5e1928e_fractured_79_piece_1.obj is not a valid directory, skipping.
Warning: /workspace/everyday_all_2/Bottle_c5e425b9b1f4f42b6d7d15cb5e1928e_fractured_52_piece_0.obj,Bottle_c5e425b9b1f4f42b6d7d15cb5e1928e_fractured_52_piece_1.obj is not a valid directory, skipping.
Warning: /workspace/everyday_all_2/Bottle_c5e425b9b1f4f42b6d7d15cb5e1928e_fractured_5_piece_0.obj,Bottle_c5e425b9b1f4f42b6d7d15cb5e1928e_fractured_5_piece_1.obj is not a valid directory, skipping.
Warning: /workspace/everyday_all_2/Bottle_c5e425b9b1f4f42b6d7d15cb5e1928e_fractured_65_piece_0.obj,Bottle_c5e425b9b1f4f42b6d7d15cb5e1928e_fractured_65_piece_1.obj is not a valid directory, skipping.
Warning: /workspace/everyday_all_2/Bottle_c5e425b9b1f4f42b6d7d15cb5e1928e_fractured_56_piece_0.obj,Bottle_c5e425b9b1f4f42b6d7d15cb5e1928e_fractured_56_piece_1.obj is not a valid directory, skipping.
Warning: /workspace/everyday_all_2/Bottle_c5e425b9b1f4f42b6d7d15cb5e1928e_fractured_55_piece_0.obj,Bottle_c5e425b9b1f4f42b6d7d15cb5e1928e_fractured_55_piece_1.obj is not a valid directory, skipping.
Warning: /workspace/everyday_all_2/Bottle_c5e425b9b1f4f42b6d7d15cb5e1928e_fractured_10_piece_0.obj,Bottle_c5e425b9b1f4f42b6d7d15cb5e1928e_fractured_10_piece_1.obj is not a valid directory, skipping.
Warning: /workspace/everyday_all_2/Plate_dc460c2d0c94098d8af30108ea9ccb6c_fractured_72_piece_0.obj,Plate_dc460c2d0c94098d8af30108ea9ccb6c_fractured_72_piece_1.obj is not a valid directory, skipping.
Warning: /workspace/everyday_all_2/Plate_dc460c2d0c94098d8af30108ea9ccb6c_fractured_53_piece_0.obj,Plate_dc460c2d0c94098d8af30108ea9ccb6c_fractured_53_piece_1.obj is not a valid directory, skipping.
Warning: /workspace/everyday_all_2/Plate_dc460c2d0c94098d8af30108ea9ccb6c_fractured_42_piece_0.obj,Plate_dc460c2d0c94098d8af30108ea9ccb6c_fractured_42_piece_1.obj is not a valid directory, skipping.
Warning: /workspace/everyday_all_2/Plate_dc460c2d0c94098d8af30108ea9ccb6c_fractured_44_piece_0.obj,Plate_dc460c2d0c94098d8af30108ea9ccb6c_fractured_44_piece_1.obj is not a valid directory, skipping.
Warning: /workspace/everyday_all_2/Plate_dc460c2d0c94098d8af30108ea9ccb6c_fractured_25_piece_1.obj,Plate_dc460c2d0c94098d8af30108ea9ccb6c_fractured_25_piece_0.obj is not a valid directory, skipping.
Warning: /workspace/everyday_all_2/Plate_dc460c2d0c94098d8af30108ea9ccb6c_fractured_69_piece_0.obj,Plate_dc460c2d0c94098d8af30108ea9ccb6c_fractured_69_piece_1.obj is not a valid directory, skipping.
Warning: /workspace/everyday_all_2/Plate_dc460c2d0c94098d8af30108ea9ccb6c_fractured_15_piece_0.obj,Plate_dc460c2d0c94098d8af30108ea9ccb6c_fractured_15_piece_1.obj is not a valid directory, skipping.
Warning: /workspace/everyday_all_2/Plate_dc460c2d0c94098d8af30108ea9ccb6c_fractured_0_piece_0.obj,Plate_dc460c2d0c94098d8af30108ea9ccb6c_fractured_0_piece_1.obj is not a valid directory, skipping.
Warning: /workspace/everyday_all_2/Bowl_a2841256fc6fd90da518b93bb7233de6_fractured_13_piece_0.obj,Bowl_a2841256fc6fd90da518b93bb7233de6_fractured_13_piece_1.obj is not a valid directory, skipping.
Warning: /workspace/everyday_all_2/Bowl_a2841256fc6fd90da518b93bb7233de6_fractured_23_piece_0.obj,Bowl_a2841256fc6fd90da518b93bb7233de6_fractured_23_piece_1.obj is not a valid directory, skipping.
Warning: /workspace/everyday_all_2/Bowl_a2841256fc6fd90da518b93bb7233de6_fractured_54_piece_0.obj,Bowl_a2841256fc6fd90da518b93bb7233de6_fractured_54_piece_1.obj is not a valid directory, skipping.
Warning: /workspace/everyday_all_2/Bowl_a2841256fc6fd90da518b93bb7233de6_fractured_66_piece_0.obj,Bowl_a2841256fc6fd90da518b93bb7233de6_fractured_66_piece_1.obj is not a valid directory, skipping.
Warning: /workspace/everyday_all_2/Bowl_a2841256fc6fd90da518b93bb7233de6_fractured_61_piece_0.obj,Bowl_a2841256fc6fd90da518b93bb7233de6_fractured_61_piece_1.obj is not a valid directory, skipping.
Warning: /workspace/everyday_all_2/Bowl_a2841256fc6fd90da518b93bb7233de6_fractured_75_piece_0.obj,Bowl_a2841256fc6fd90da518b93bb7233de6_fractured_75_piece_1.obj is not a valid directory, skipping.
Warning: /workspace/everyday_all_2/Bowl_a2841256fc6fd90da518b93bb7233de6_fractured_40_piece_0.obj,Bowl_a2841256fc6fd90da518b93bb7233de6_fractured_40_piece_1.obj is not a valid directory, skipping.
Warning: /workspace/everyday_all_2/Bowl_a2841256fc6fd90da518b93bb7233de6_fractured_43_piece_0.obj,Bowl_a2841256fc6fd90da518b93bb7233de6_fractured_43_piece_1.obj is not a valid directory, skipping.
Warning: /workspace/everyday_all_2/Bowl_a2841256fc6fd90da518b93bb7233de6_fractured_0_piece_0.obj,Bowl_a2841256fc6fd90da518b93bb7233de6_fractured_0_piece_1.obj is not a valid directory, skipping.
Warning: /workspace/everyday_all_2/Bowl_a2841256fc6fd90da518b93bb7233de6_fractured_69_piece_0.obj,Bowl_a2841256fc6fd90da518b93bb7233de6_fractured_69_piece_1.obj is not a valid directory, skipping.
Warning: /workspace/everyday_all_2/Bowl_a2841256fc6fd90da518b93bb7233de6_fractured_6_piece_0.obj,Bowl_a2841256fc6fd90da518b93bb7233de6_fractured_6_piece_1.obj is not a valid directory, skipping.
Warning: /workspace/everyday_all_2/Vase_6af347c8e74b5b715d878ba9ec3c0d6a_fractured_61_piece_0.obj,Vase_6af347c8e74b5b715d878ba9ec3c0d6a_fractured_61_piece_1.obj is not a valid directory, skipping.
Warning: /workspace/everyday_all_2/Vase_6af347c8e74b5b715d878ba9ec3c0d6a_fractured_17_piece_1.obj,Vase_6af347c8e74b5b715d878ba9ec3c0d6a_fractured_17_piece_0.obj is not a valid directory, skipping.
Warning: /workspace/everyday_all_2/Vase_6af347c8e74b5b715d878ba9ec3c0d6a_fractured_46_piece_1.obj,Vase_6af347c8e74b5b715d878ba9ec3c0d6a_fractured_46_piece_0.obj is not a valid directory, skipping.
Warning: /workspace/everyday_all_2/Vase_6af347c8e74b5b715d878ba9ec3c0d6a_fractured_52_piece_0.obj,Vase_6af347c8e74b5b715d878ba9ec3c0d6a_fractured_52_piece_1.obj is not a valid directory, skipping.
Warning: /workspace/everyday_all_2/Vase_6af347c8e74b5b715d878ba9ec3c0d6a_fractured_47_piece_0.obj,Vase_6af347c8e74b5b715d878ba9ec3c0d6a_fractured_47_piece_1.obj is not a valid directory, skipping.
Warning: /workspace/everyday_all_2/Vase_6af347c8e74b5b715d878ba9ec3c0d6a_fractured_56_piece_0.obj,Vase_6af347c8e74b5b715d878ba9ec3c0d6a_fractured_56_piece_1.obj is not a valid directory, skipping.
Warning: /workspace/everyday_all_2/ToyFigure_2e64972982a073ff8359e487c70b625e_fractured_42_piece_0.obj,ToyFigure_2e64972982a073ff8359e487c70b625e_fractured_42_piece_1.obj is not a valid directory, skipping.
Warning: /workspace/everyday_all_2/ToyFigure_2e64972982a073ff8359e487c70b625e_fractured_69_piece_0.obj,ToyFigure_2e64972982a073ff8359e487c70b625e_fractured_69_piece_1.obj is not a valid directory, skipping.
Warning: /workspace/everyday_all_2/ToyFigure_2e64972982a073ff8359e487c70b625e_fractured_52_piece_0.obj,ToyFigure_2e64972982a073ff8359e487c70b625e_fractured_52_piece_1.obj is not a valid directory, skipping.
Warning: /workspace/everyday_all_2/ToyFigure_2e64972982a073ff8359e487c70b625e_fractured_54_piece_0.obj,ToyFigure_2e64972982a073ff8359e487c70b625e_fractured_54_piece_1.obj is not a valid directory, skipping.
Warning: /workspace/everyday_all_2/ToyFigure_2e64972982a073ff8359e487c70b625e_fractured_41_piece_0.obj,ToyFigure_2e64972982a073ff8359e487c70b625e_fractured_41_piece_1.obj is not a valid directory, skipping.
Warning: /workspace/everyday_all_2/ToyFigure_2e64972982a073ff8359e487c70b625e_fractured_21_piece_0.obj,ToyFigure_2e64972982a073ff8359e487c70b625e_fractured_21_piece_1.obj is not a valid directory, skipping.
Warning: /workspace/everyday_all_2/ToyFigure_2e64972982a073ff8359e487c70b625e_fractured_1_piece_0.obj,ToyFigure_2e64972982a073ff8359e487c70b625e_fractured_1_piece_1.obj is not a valid directory, skipping.
Warning: /workspace/everyday_all_2/ToyFigure_2e64972982a073ff8359e487c70b625e_fractured_59_piece_0.obj,ToyFigure_2e64972982a073ff8359e487c70b625e_fractured_59_piece_1.obj is not a valid directory, skipping.
Warning: /workspace/everyday_all_2/ToyFigure_2e64972982a073ff8359e487c70b625e_fractured_53_piece_0.obj,ToyFigure_2e64972982a073ff8359e487c70b625e_fractured_53_piece_1.obj is not a valid directory, skipping.
Warning: /workspace/everyday_all_2/ToyFigure_2e64972982a073ff8359e487c70b625e_fractured_30_piece_0.obj,ToyFigure_2e64972982a073ff8359e487c70b625e_fractured_30_piece_1.obj is not a valid directory, skipping.
Warning: /workspace/everyday_all_2/Vase_9b9406be65ab942f7c0ffcaa63ee0500_fractured_4_piece_0.obj,Vase_9b9406be65ab942f7c0ffcaa63ee0500_fractured_4_piece_1.obj is not a valid directory, skipping.
Warning: /workspace/everyday_all_2/Vase_9b9406be65ab942f7c0ffcaa63ee0500_fractured_17_piece_0.obj,Vase_9b9406be65ab942f7c0ffcaa63ee0500_fractured_17_piece_1.obj is not a valid directory, skipping.
Warning: /workspace/everyday_all_2/Vase_9b9406be65ab942f7c0ffcaa63ee0500_fractured_24_piece_0.obj,Vase_9b9406be65ab942f7c0ffcaa63ee0500_fractured_24_piece_1.obj is not a valid directory, skipping.
Warning: /workspace/everyday_all_2/Vase_9b9406be65ab942f7c0ffcaa63ee0500_fractured_43_piece_0.obj,Vase_9b9406be65ab942f7c0ffcaa63ee0500_fractured_43_piece_1.obj is not a valid directory, skipping.
Warning: /workspace/everyday_all_2/Vase_9b9406be65ab942f7c0ffcaa63ee0500_fractured_32_piece_0.obj,Vase_9b9406be65ab942f7c0ffcaa63ee0500_fractured_32_piece_1.obj is not a valid directory, skipping.
Warning: /workspace/everyday_all_2/Vase_9b9406be65ab942f7c0ffcaa63ee0500_fractured_64_piece_0.obj,Vase_9b9406be65ab942f7c0ffcaa63ee0500_fractured_64_piece_1.obj is not a valid directory, skipping.
Warning: /workspace/everyday_all_2/Vase_9b9406be65ab942f7c0ffcaa63ee0500_fractured_8_piece_0.obj,Vase_9b9406be65ab942f7c0ffcaa63ee0500_fractured_8_piece_1.obj is not a valid directory, skipping.
Warning: /workspace/everyday_all_2/Vase_9b9406be65ab942f7c0ffcaa63ee0500_fractured_71_piece_0.obj,Vase_9b9406be65ab942f7c0ffcaa63ee0500_fractured_71_piece_1.obj is not a valid directory, skipping.
Warning: /workspace/everyday_all_2/Vase_9b9406be65ab942f7c0ffcaa63ee0500_fractured_57_piece_0.obj,Vase_9b9406be65ab942f7c0ffcaa63ee0500_fractured_57_piece_1.obj is not a valid directory, skipping.
Warning: /workspace/everyday_all_2/Vase_9b9406be65ab942f7c0ffcaa63ee0500_fractured_63_piece_0.obj,Vase_9b9406be65ab942f7c0ffcaa63ee0500_fractured_63_piece_1.obj is not a valid directory, skipping.
Warning: /workspace/everyday_all_2/Vase_9b9406be65ab942f7c0ffcaa63ee0500_fractured_33_piece_0.obj,Vase_9b9406be65ab942f7c0ffcaa63ee0500_fractured_33_piece_1.obj is not a valid directory, skipping.
Warning: /workspace/everyday_all_2/Vase_9b9406be65ab942f7c0ffcaa63ee0500_fractured_45_piece_0.obj,Vase_9b9406be65ab942f7c0ffcaa63ee0500_fractured_45_piece_1.obj is not a valid directory, skipping.
Warning: /workspace/everyday_all_2/Vase_9b9406be65ab942f7c0ffcaa63ee0500_fractured_18_piece_0.obj,Vase_9b9406be65ab942f7c0ffcaa63ee0500_fractured_18_piece_1.obj is not a valid directory, skipping.
Warning: /workspace/everyday_all_2/Ring_9451d2c47dcc1980446afc8051bc4afc_fractured_72_piece_0.obj,Ring_9451d2c47dcc1980446afc8051bc4afc_fractured_72_piece_1.obj is not a valid directory, skipping.
Warning: /workspace/everyday_all_2/Ring_9451d2c47dcc1980446afc8051bc4afc_fractured_73_piece_0.obj,Ring_9451d2c47dcc1980446afc8051bc4afc_fractured_73_piece_1.obj is not a valid directory, skipping.
Warning: /workspace/everyday_all_2/Ring_9451d2c47dcc1980446afc8051bc4afc_fractured_52_piece_0.obj,Ring_9451d2c47dcc1980446afc8051bc4afc_fractured_52_piece_1.obj is not a valid directory, skipping.
Warning: /workspace/everyday_all_2/Ring_9451d2c47dcc1980446afc8051bc4afc_fractured_45_piece_0.obj,Ring_9451d2c47dcc1980446afc8051bc4afc_fractured_45_piece_1.obj is not a valid directory, skipping.
Warning: /workspace/everyday_all_2/Ring_9451d2c47dcc1980446afc8051bc4afc_fractured_12_piece_0.obj,Ring_9451d2c47dcc1980446afc8051bc4afc_fractured_12_piece_1.obj is not a valid directory, skipping.
Warning: /workspace/everyday_all_2/Ring_9451d2c47dcc1980446afc8051bc4afc_fractured_58_piece_0.obj,Ring_9451d2c47dcc1980446afc8051bc4afc_fractured_58_piece_1.obj is not a valid directory, skipping.
Warning: /workspace/everyday_all_2/Ring_9451d2c47dcc1980446afc8051bc4afc_fractured_41_piece_0.obj,Ring_9451d2c47dcc1980446afc8051bc4afc_fractured_41_piece_1.obj is not a valid directory, skipping.
Warning: /workspace/everyday_all_2/Ring_9451d2c47dcc1980446afc8051bc4afc_fractured_13_piece_0.obj,Ring_9451d2c47dcc1980446afc8051bc4afc_fractured_13_piece_1.obj is not a valid directory, skipping.
Warning: /workspace/everyday_all_2/Mug_5b515d0b0c6740d5c5fe7f65b41f3b19_fractured_77_piece_0.obj,Mug_5b515d0b0c6740d5c5fe7f65b41f3b19_fractured_77_piece_1.obj is not a valid directory, skipping.
Warning: /workspace/everyday_all_2/Mug_5b515d0b0c6740d5c5fe7f65b41f3b19_fractured_15_piece_0.obj,Mug_5b515d0b0c6740d5c5fe7f65b41f3b19_fractured_15_piece_1.obj is not a valid directory, skipping.
Warning: /workspace/everyday_all_2/Mug_5b515d0b0c6740d5c5fe7f65b41f3b19_fractured_30_piece_0.obj,Mug_5b515d0b0c6740d5c5fe7f65b41f3b19_fractured_30_piece_1.obj is not a valid directory, skipping.
Warning: /workspace/everyday_all_2/Mug_5b515d0b0c6740d5c5fe7f65b41f3b19_fractured_65_piece_0.obj,Mug_5b515d0b0c6740d5c5fe7f65b41f3b19_fractured_65_piece_1.obj is not a valid directory, skipping.
Warning: /workspace/everyday_all_2/Mug_5b515d0b0c6740d5c5fe7f65b41f3b19_fractured_60_piece_0.obj,Mug_5b515d0b0c6740d5c5fe7f65b41f3b19_fractured_60_piece_1.obj is not a valid directory, skipping.
Warning: /workspace/everyday_all_2/Mug_5b515d0b0c6740d5c5fe7f65b41f3b19_fractured_10_piece_0.obj,Mug_5b515d0b0c6740d5c5fe7f65b41f3b19_fractured_10_piece_1.obj is not a valid directory, skipping.
Warning: /workspace/everyday_all_2/Mug_5b515d0b0c6740d5c5fe7f65b41f3b19_fractured_63_piece_0.obj,Mug_5b515d0b0c6740d5c5fe7f65b41f3b19_fractured_63_piece_1.obj is not a valid directory, skipping.
Warning: /workspace/everyday_all_2/Mug_5b515d0b0c6740d5c5fe7f65b41f3b19_fractured_70_piece_0.obj,Mug_5b515d0b0c6740d5c5fe7f65b41f3b19_fractured_70_piece_1.obj is not a valid directory, skipping.
Warning: /workspace/everyday_all_2/Mug_5b515d0b0c6740d5c5fe7f65b41f3b19_fractured_66_piece_0.obj,Mug_5b515d0b0c6740d5c5fe7f65b41f3b19_fractured_66_piece_1.obj is not a valid directory, skipping.
Warning: /workspace/everyday_all_2/Mug_5b515d0b0c6740d5c5fe7f65b41f3b19_fractured_62_piece_0.obj,Mug_5b515d0b0c6740d5c5fe7f65b41f3b19_fractured_62_piece_1.obj is not a valid directory, skipping.
Warning: /workspace/everyday_all_2/Mug_5b515d0b0c6740d5c5fe7f65b41f3b19_fractured_49_piece_0.obj,Mug_5b515d0b0c6740d5c5fe7f65b41f3b19_fractured_49_piece_1.obj is not a valid directory, skipping.
Warning: /workspace/everyday_all_2/Mug_5b515d0b0c6740d5c5fe7f65b41f3b19_fractured_64_piece_0.obj,Mug_5b515d0b0c6740d5c5fe7f65b41f3b19_fractured_64_piece_1.obj is not a valid directory, skipping.
Warning: /workspace/everyday_all_2/Mug_5b515d0b0c6740d5c5fe7f65b41f3b19_fractured_44_piece_0.obj,Mug_5b515d0b0c6740d5c5fe7f65b41f3b19_fractured_44_piece_1.obj is not a valid directory, skipping.
Warning: /workspace/everyday_all_2/Mug_5b515d0b0c6740d5c5fe7f65b41f3b19_fractured_36_piece_0.obj,Mug_5b515d0b0c6740d5c5fe7f65b41f3b19_fractured_36_piece_1.obj is not a valid directory, skipping.
Warning: /workspace/everyday_all_2/Mug_5b515d0b0c6740d5c5fe7f65b41f3b19_fractured_3_piece_0.obj,Mug_5b515d0b0c6740d5c5fe7f65b41f3b19_fractured_3_piece_1.obj is not a valid directory, skipping.
Warning: /workspace/everyday_all_2/Mug_5b515d0b0c6740d5c5fe7f65b41f3b19_fractured_26_piece_0.obj,Mug_5b515d0b0c6740d5c5fe7f65b41f3b19_fractured_26_piece_1.obj is not a valid directory, skipping.
Warning: /workspace/everyday_all_2/Mug_5b515d0b0c6740d5c5fe7f65b41f3b19_fractured_29_piece_0.obj,Mug_5b515d0b0c6740d5c5fe7f65b41f3b19_fractured_29_piece_1.obj is not a valid directory, skipping.
Warning: /workspace/everyday_all_2/Mug_5b515d0b0c6740d5c5fe7f65b41f3b19_fractured_58_piece_0.obj,Mug_5b515d0b0c6740d5c5fe7f65b41f3b19_fractured_58_piece_1.obj is not a valid directory, skipping.
Warning: /workspace/everyday_all_2/Mug_5b515d0b0c6740d5c5fe7f65b41f3b19_fractured_53_piece_0.obj,Mug_5b515d0b0c6740d5c5fe7f65b41f3b19_fractured_53_piece_1.obj is not a valid directory, skipping.
Warning: /workspace/everyday_all_2/Mug_5b515d0b0c6740d5c5fe7f65b41f3b19_fractured_18_piece_0.obj,Mug_5b515d0b0c6740d5c5fe7f65b41f3b19_fractured_18_piece_1.obj is not a valid directory, skipping.
Warning: /workspace/everyday_all_2/Mug_5b515d0b0c6740d5c5fe7f65b41f3b19_fractured_39_piece_0.obj,Mug_5b515d0b0c6740d5c5fe7f65b41f3b19_fractured_39_piece_1.obj is not a valid directory, skipping.
Warning: /workspace/everyday_all_2/Mug_5b515d0b0c6740d5c5fe7f65b41f3b19_fractured_59_piece_0.obj,Mug_5b515d0b0c6740d5c5fe7f65b41f3b19_fractured_59_piece_1.obj is not a valid directory, skipping.
Warning: /workspace/everyday_all_2/Mug_5b515d0b0c6740d5c5fe7f65b41f3b19_fractured_57_piece_0.obj,Mug_5b515d0b0c6740d5c5fe7f65b41f3b19_fractured_57_piece_1.obj is not a valid directory, skipping.
Warning: /workspace/everyday_all_2/Mug_5b515d0b0c6740d5c5fe7f65b41f3b19_fractured_74_piece_0.obj,Mug_5b515d0b0c6740d5c5fe7f65b41f3b19_fractured_74_piece_1.obj is not a valid directory, skipping.
Warning: /workspace/everyday_all_2/Mug_5b515d0b0c6740d5c5fe7f65b41f3b19_fractured_17_piece_0.obj,Mug_5b515d0b0c6740d5c5fe7f65b41f3b19_fractured_17_piece_1.obj is not a valid directory, skipping.
Warning: /workspace/everyday_all_2/Mug_5b515d0b0c6740d5c5fe7f65b41f3b19_fractured_32_piece_0.obj,Mug_5b515d0b0c6740d5c5fe7f65b41f3b19_fractured_32_piece_1.obj is not a valid directory, skipping.
Warning: /workspace/everyday_all_2/Mug_5b515d0b0c6740d5c5fe7f65b41f3b19_fractured_16_piece_0.obj,Mug_5b515d0b0c6740d5c5fe7f65b41f3b19_fractured_16_piece_1.obj is not a valid directory, skipping.
Warning: /workspace/everyday_all_2/ToyFigure_21272fcb242e4e85a4312dac0c0f355c_fractured_22_piece_0.obj,ToyFigure_21272fcb242e4e85a4312dac0c0f355c_fractured_22_piece_1.obj is not a valid directory, skipping.
Warning: /workspace/everyday_all_2/ToyFigure_21272fcb242e4e85a4312dac0c0f355c_fractured_10_piece_0.obj,ToyFigure_21272fcb242e4e85a4312dac0c0f355c_fractured_10_piece_1.obj is not a valid directory, skipping.
Warning: /workspace/everyday_all_2/ToyFigure_21272fcb242e4e85a4312dac0c0f355c_fractured_36_piece_0.obj,ToyFigure_21272fcb242e4e85a4312dac0c0f355c_fractured_36_piece_1.obj is not a valid directory, skipping.
Warning: /workspace/everyday_all_2/ToyFigure_21272fcb242e4e85a4312dac0c0f355c_fractured_13_piece_0.obj,ToyFigure_21272fcb242e4e85a4312dac0c0f355c_fractured_13_piece_1.obj is not a valid directory, skipping.
Warning: /workspace/everyday_all_2/ToyFigure_21272fcb242e4e85a4312dac0c0f355c_fractured_42_piece_0.obj,ToyFigure_21272fcb242e4e85a4312dac0c0f355c_fractured_42_piece_1.obj is not a valid directory, skipping.
Warning: /workspace/everyday_all_2/Bowl_8eab5598b81afd7bab5b523beb03efcd_fractured_64_piece_0.obj,Bowl_8eab5598b81afd7bab5b523beb03efcd_fractured_64_piece_1.obj is not a valid directory, skipping.
Warning: /workspace/everyday_all_2/Bowl_8eab5598b81afd7bab5b523beb03efcd_fractured_61_piece_0.obj,Bowl_8eab5598b81afd7bab5b523beb03efcd_fractured_61_piece_1.obj is not a valid directory, skipping.
Warning: /workspace/everyday_all_2/Bowl_8eab5598b81afd7bab5b523beb03efcd_fractured_71_piece_0.obj,Bowl_8eab5598b81afd7bab5b523beb03efcd_fractured_71_piece_1.obj is not a valid directory, skipping.
Warning: /workspace/everyday_all_2/Bowl_8eab5598b81afd7bab5b523beb03efcd_fractured_20_piece_0.obj,Bowl_8eab5598b81afd7bab5b523beb03efcd_fractured_20_piece_1.obj is not a valid directory, skipping.
Warning: /workspace/everyday_all_2/Bowl_8eab5598b81afd7bab5b523beb03efcd_fractured_70_piece_0.obj,Bowl_8eab5598b81afd7bab5b523beb03efcd_fractured_70_piece_1.obj is not a valid directory, skipping.
Warning: /workspace/everyday_all_2/Bowl_8eab5598b81afd7bab5b523beb03efcd_fractured_53_piece_0.obj,Bowl_8eab5598b81afd7bab5b523beb03efcd_fractured_53_piece_1.obj is not a valid directory, skipping.
Warning: /workspace/everyday_all_2/Bowl_8eab5598b81afd7bab5b523beb03efcd_fractured_37_piece_0.obj,Bowl_8eab5598b81afd7bab5b523beb03efcd_fractured_37_piece_1.obj is not a valid directory, skipping.
Warning: /workspace/everyday_all_2/Bowl_8eab5598b81afd7bab5b523beb03efcd_fractured_17_piece_0.obj,Bowl_8eab5598b81afd7bab5b523beb03efcd_fractured_17_piece_1.obj is not a valid directory, skipping.
Warning: /workspace/everyday_all_2/Bowl_8eab5598b81afd7bab5b523beb03efcd_fractured_54_piece_0.obj,Bowl_8eab5598b81afd7bab5b523beb03efcd_fractured_54_piece_1.obj is not a valid directory, skipping.
Warning: /workspace/everyday_all_2/Bowl_8eab5598b81afd7bab5b523beb03efcd_fractured_46_piece_0.obj,Bowl_8eab5598b81afd7bab5b523beb03efcd_fractured_46_piece_1.obj is not a valid directory, skipping.
Warning: /workspace/everyday_all_2/Bowl_8eab5598b81afd7bab5b523beb03efcd_fractured_35_piece_0.obj,Bowl_8eab5598b81afd7bab5b523beb03efcd_fractured_35_piece_1.obj is not a valid directory, skipping.
Warning: /workspace/everyday_all_2/Bowl_8eab5598b81afd7bab5b523beb03efcd_fractured_69_piece_0.obj,Bowl_8eab5598b81afd7bab5b523beb03efcd_fractured_69_piece_1.obj is not a valid directory, skipping.
Warning: /workspace/everyday_all_2/Bowl_8eab5598b81afd7bab5b523beb03efcd_fractured_13_piece_0.obj,Bowl_8eab5598b81afd7bab5b523beb03efcd_fractured_13_piece_1.obj is not a valid directory, skipping.
Warning: /workspace/everyday_all_2/Bowl_8eab5598b81afd7bab5b523beb03efcd_fractured_39_piece_0.obj,Bowl_8eab5598b81afd7bab5b523beb03efcd_fractured_39_piece_1.obj is not a valid directory, skipping.
Warning: /workspace/everyday_all_2/Bowl_8eab5598b81afd7bab5b523beb03efcd_fractured_18_piece_0.obj,Bowl_8eab5598b81afd7bab5b523beb03efcd_fractured_18_piece_1.obj is not a valid directory, skipping.
Warning: /workspace/everyday_all_2/ToyFigure_7b1aa17a326177a1fad30cd586639ed2_fractured_40_piece_0.obj,ToyFigure_7b1aa17a326177a1fad30cd586639ed2_fractured_40_piece_1.obj is not a valid directory, skipping.
Warning: /workspace/everyday_all_2/ToyFigure_7b1aa17a326177a1fad30cd586639ed2_fractured_6_piece_0.obj,ToyFigure_7b1aa17a326177a1fad30cd586639ed2_fractured_6_piece_1.obj is not a valid directory, skipping.
Warning: /workspace/everyday_all_2/ToyFigure_7b1aa17a326177a1fad30cd586639ed2_fractured_14_piece_0.obj,ToyFigure_7b1aa17a326177a1fad30cd586639ed2_fractured_14_piece_1.obj is not a valid directory, skipping.
Warning: /workspace/everyday_all_2/ToyFigure_7b1aa17a326177a1fad30cd586639ed2_fractured_30_piece_0.obj,ToyFigure_7b1aa17a326177a1fad30cd586639ed2_fractured_30_piece_1.obj is not a valid directory, skipping.
Warning: /workspace/everyday_all_2/ToyFigure_7b1aa17a326177a1fad30cd586639ed2_fractured_79_piece_0.obj,ToyFigure_7b1aa17a326177a1fad30cd586639ed2_fractured_79_piece_1.obj is not a valid directory, skipping.
Warning: /workspace/everyday_all_2/ToyFigure_7b1aa17a326177a1fad30cd586639ed2_fractured_11_piece_0.obj,ToyFigure_7b1aa17a326177a1fad30cd586639ed2_fractured_11_piece_1.obj is not a valid directory, skipping.
Warning: /workspace/everyday_all_2/ToyFigure_7b1aa17a326177a1fad30cd586639ed2_fractured_51_piece_0.obj,ToyFigure_7b1aa17a326177a1fad30cd586639ed2_fractured_51_piece_1.obj is not a valid directory, skipping.
Warning: /workspace/everyday_all_2/ToyFigure_7b1aa17a326177a1fad30cd586639ed2_fractured_41_piece_0.obj,ToyFigure_7b1aa17a326177a1fad30cd586639ed2_fractured_41_piece_1.obj is not a valid directory, skipping.
Warning: /workspace/everyday_all_2/ToyFigure_7b1aa17a326177a1fad30cd586639ed2_fractured_48_piece_0.obj,ToyFigure_7b1aa17a326177a1fad30cd586639ed2_fractured_48_piece_1.obj is not a valid directory, skipping.
Warning: /workspace/everyday_all_2/ToyFigure_7b1aa17a326177a1fad30cd586639ed2_fractured_23_piece_0.obj,ToyFigure_7b1aa17a326177a1fad30cd586639ed2_fractured_23_piece_1.obj is not a valid directory, skipping.
Warning: /workspace/everyday_all_2/ToyFigure_7b1aa17a326177a1fad30cd586639ed2_fractured_18_piece_0.obj,ToyFigure_7b1aa17a326177a1fad30cd586639ed2_fractured_18_piece_1.obj is not a valid directory, skipping.
Warning: /workspace/everyday_all_2/ToyFigure_7b1aa17a326177a1fad30cd586639ed2_fractured_44_piece_0.obj,ToyFigure_7b1aa17a326177a1fad30cd586639ed2_fractured_44_piece_1.obj is not a valid directory, skipping.
Warning: /workspace/everyday_all_2/ToyFigure_7b1aa17a326177a1fad30cd586639ed2_fractured_17_piece_0.obj,ToyFigure_7b1aa17a326177a1fad30cd586639ed2_fractured_17_piece_1.obj is not a valid directory, skipping.
Warning: /workspace/everyday_all_2/ToyFigure_7b1aa17a326177a1fad30cd586639ed2_fractured_75_piece_0.obj,ToyFigure_7b1aa17a326177a1fad30cd586639ed2_fractured_75_piece_1.obj is not a valid directory, skipping.
Warning: /workspace/everyday_all_2/ToyFigure_7b1aa17a326177a1fad30cd586639ed2_fractured_46_piece_0.obj,ToyFigure_7b1aa17a326177a1fad30cd586639ed2_fractured_46_piece_1.obj is not a valid directory, skipping.
Warning: /workspace/everyday_all_2/ToyFigure_7b1aa17a326177a1fad30cd586639ed2_fractured_22_piece_0.obj,ToyFigure_7b1aa17a326177a1fad30cd586639ed2_fractured_22_piece_1.obj is not a valid directory, skipping.
Warning: /workspace/everyday_all_2/ToyFigure_7b1aa17a326177a1fad30cd586639ed2_fractured_15_piece_0.obj,ToyFigure_7b1aa17a326177a1fad30cd586639ed2_fractured_15_piece_1.obj is not a valid directory, skipping.
Warning: /workspace/everyday_all_2/ToyFigure_7b1aa17a326177a1fad30cd586639ed2_fractured_50_piece_0.obj,ToyFigure_7b1aa17a326177a1fad30cd586639ed2_fractured_50_piece_1.obj is not a valid directory, skipping.
Warning: /workspace/everyday_all_2/ToyFigure_7b1aa17a326177a1fad30cd586639ed2_fractured_67_piece_0.obj,ToyFigure_7b1aa17a326177a1fad30cd586639ed2_fractured_67_piece_1.obj is not a valid directory, skipping.
Warning: /workspace/everyday_all_2/ToyFigure_7b1aa17a326177a1fad30cd586639ed2_fractured_26_piece_0.obj,ToyFigure_7b1aa17a326177a1fad30cd586639ed2_fractured_26_piece_1.obj is not a valid directory, skipping.
Warning: /workspace/everyday_all_2/ToyFigure_7b1aa17a326177a1fad30cd586639ed2_fractured_28_piece_0.obj,ToyFigure_7b1aa17a326177a1fad30cd586639ed2_fractured_28_piece_1.obj is not a valid directory, skipping.
Warning: /workspace/everyday_all_2/BeerBottle_3f91158956ad7db0322747720d7d37e8_fractured_77_piece_0.obj,BeerBottle_3f91158956ad7db0322747720d7d37e8_fractured_77_piece_1.obj is not a valid directory, skipping.
Warning: /workspace/everyday_all_2/BeerBottle_3f91158956ad7db0322747720d7d37e8_fractured_50_piece_0.obj,BeerBottle_3f91158956ad7db0322747720d7d37e8_fractured_50_piece_1.obj is not a valid directory, skipping.
Warning: /workspace/everyday_all_2/BeerBottle_3f91158956ad7db0322747720d7d37e8_fractured_36_piece_0.obj,BeerBottle_3f91158956ad7db0322747720d7d37e8_fractured_36_piece_1.obj is not a valid directory, skipping.
Warning: /workspace/everyday_all_2/BeerBottle_3f91158956ad7db0322747720d7d37e8_fractured_41_piece_0.obj,BeerBottle_3f91158956ad7db0322747720d7d37e8_fractured_41_piece_1.obj is not a valid directory, skipping.
Warning: /workspace/everyday_all_2/BeerBottle_3f91158956ad7db0322747720d7d37e8_fractured_78_piece_0.obj,BeerBottle_3f91158956ad7db0322747720d7d37e8_fractured_78_piece_1.obj is not a valid directory, skipping.
Warning: /workspace/everyday_all_2/BeerBottle_3f91158956ad7db0322747720d7d37e8_fractured_44_piece_0.obj,BeerBottle_3f91158956ad7db0322747720d7d37e8_fractured_44_piece_1.obj is not a valid directory, skipping.
Warning: /workspace/everyday_all_2/BeerBottle_3f91158956ad7db0322747720d7d37e8_fractured_15_piece_0.obj,BeerBottle_3f91158956ad7db0322747720d7d37e8_fractured_15_piece_1.obj is not a valid directory, skipping.
Warning: /workspace/everyday_all_2/BeerBottle_3f91158956ad7db0322747720d7d37e8_fractured_18_piece_0.obj,BeerBottle_3f91158956ad7db0322747720d7d37e8_fractured_18_piece_1.obj is not a valid directory, skipping.
Warning: /workspace/everyday_all_2/BeerBottle_3f91158956ad7db0322747720d7d37e8_fractured_71_piece_0.obj,BeerBottle_3f91158956ad7db0322747720d7d37e8_fractured_71_piece_1.obj is not a valid directory, skipping.
Warning: /workspace/everyday_all_2/BeerBottle_3f91158956ad7db0322747720d7d37e8_fractured_7_piece_0.obj,BeerBottle_3f91158956ad7db0322747720d7d37e8_fractured_7_piece_1.obj is not a valid directory, skipping.
Warning: /workspace/everyday_all_2/BeerBottle_3f91158956ad7db0322747720d7d37e8_fractured_56_piece_0.obj,BeerBottle_3f91158956ad7db0322747720d7d37e8_fractured_56_piece_1.obj is not a valid directory, skipping.
Warning: /workspace/everyday_all_2/Plate_c36966119b500162c095b28b76313ec2_fractured_47_piece_1.obj,Plate_c36966119b500162c095b28b76313ec2_fractured_47_piece_0.obj is not a valid directory, skipping.
Warning: /workspace/everyday_all_2/Plate_c36966119b500162c095b28b76313ec2_fractured_64_piece_1.obj,Plate_c36966119b500162c095b28b76313ec2_fractured_64_piece_0.obj is not a valid directory, skipping.
Warning: /workspace/everyday_all_2/Plate_c36966119b500162c095b28b76313ec2_fractured_78_piece_0.obj,Plate_c36966119b500162c095b28b76313ec2_fractured_78_piece_1.obj is not a valid directory, skipping.
Warning: /workspace/everyday_all_2/Plate_c36966119b500162c095b28b76313ec2_fractured_27_piece_0.obj,Plate_c36966119b500162c095b28b76313ec2_fractured_27_piece_1.obj is not a valid directory, skipping.
Warning: /workspace/everyday_all_2/Plate_c36966119b500162c095b28b76313ec2_fractured_24_piece_1.obj,Plate_c36966119b500162c095b28b76313ec2_fractured_24_piece_0.obj is not a valid directory, skipping.
Warning: /workspace/everyday_all_2/Plate_c36966119b500162c095b28b76313ec2_fractured_1_piece_0.obj,Plate_c36966119b500162c095b28b76313ec2_fractured_1_piece_1.obj is not a valid directory, skipping.
Warning: /workspace/everyday_all_2/Plate_c36966119b500162c095b28b76313ec2_fractured_21_piece_0.obj,Plate_c36966119b500162c095b28b76313ec2_fractured_21_piece_1.obj is not a valid directory, skipping.
Warning: /workspace/everyday_all_2/Plate_c36966119b500162c095b28b76313ec2_fractured_51_piece_1.obj,Plate_c36966119b500162c095b28b76313ec2_fractured_51_piece_0.obj is not a valid directory, skipping.
Warning: /workspace/everyday_all_2/Teapot_1_mode_1_piece_0.obj,Teapot_1_mode_1_piece_1.obj is not a valid directory, skipping.
Warning: /workspace/everyday_all_2/Cup_181846dba8cfa3e91fc277ccdec7582_fractured_55_piece_0.obj,Cup_181846dba8cfa3e91fc277ccdec7582_fractured_55_piece_1.obj is not a valid directory, skipping.
Warning: /workspace/everyday_all_2/Cup_181846dba8cfa3e91fc277ccdec7582_fractured_44_piece_0.obj,Cup_181846dba8cfa3e91fc277ccdec7582_fractured_44_piece_1.obj is not a valid directory, skipping.
Warning: /workspace/everyday_all_2/Cup_181846dba8cfa3e91fc277ccdec7582_fractured_61_piece_0.obj,Cup_181846dba8cfa3e91fc277ccdec7582_fractured_61_piece_1.obj is not a valid directory, skipping.
Warning: /workspace/everyday_all_2/Cup_181846dba8cfa3e91fc277ccdec7582_fractured_25_piece_0.obj,Cup_181846dba8cfa3e91fc277ccdec7582_fractured_25_piece_1.obj is not a valid directory, skipping.
Warning: /workspace/everyday_all_2/Cup_181846dba8cfa3e91fc277ccdec7582_fractured_23_piece_0.obj,Cup_181846dba8cfa3e91fc277ccdec7582_fractured_23_piece_1.obj is not a valid directory, skipping.
Warning: /workspace/everyday_all_2/Cup_181846dba8cfa3e91fc277ccdec7582_fractured_32_piece_0.obj,Cup_181846dba8cfa3e91fc277ccdec7582_fractured_32_piece_1.obj is not a valid directory, skipping.
Warning: /workspace/everyday_all_2/Cup_181846dba8cfa3e91fc277ccdec7582_fractured_66_piece_0.obj,Cup_181846dba8cfa3e91fc277ccdec7582_fractured_66_piece_1.obj is not a valid directory, skipping.
Warning: /workspace/everyday_all_2/Cup_181846dba8cfa3e91fc277ccdec7582_fractured_68_piece_0.obj,Cup_181846dba8cfa3e91fc277ccdec7582_fractured_68_piece_1.obj is not a valid directory, skipping.
Warning: /workspace/everyday_all_2/Cup_181846dba8cfa3e91fc277ccdec7582_fractured_45_piece_0.obj,Cup_181846dba8cfa3e91fc277ccdec7582_fractured_45_piece_1.obj is not a valid directory, skipping.
Warning: /workspace/everyday_all_2/Cup_181846dba8cfa3e91fc277ccdec7582_fractured_18_piece_0.obj,Cup_181846dba8cfa3e91fc277ccdec7582_fractured_18_piece_1.obj is not a valid directory, skipping.
Warning: /workspace/everyday_all_2/Cup_181846dba8cfa3e91fc277ccdec7582_fractured_75_piece_0.obj,Cup_181846dba8cfa3e91fc277ccdec7582_fractured_75_piece_1.obj is not a valid directory, skipping.
Warning: /workspace/everyday_all_2/Cup_181846dba8cfa3e91fc277ccdec7582_fractured_12_piece_0.obj,Cup_181846dba8cfa3e91fc277ccdec7582_fractured_12_piece_1.obj is not a valid directory, skipping.
Warning: /workspace/everyday_all_2/Cup_181846dba8cfa3e91fc277ccdec7582_fractured_1_piece_0.obj,Cup_181846dba8cfa3e91fc277ccdec7582_fractured_1_piece_1.obj is not a valid directory, skipping.
Warning: /workspace/everyday_all_2/Vase_78a72d794865e0cc35836c728d324152_fractured_58_piece_0.obj,Vase_78a72d794865e0cc35836c728d324152_fractured_58_piece_1.obj is not a valid directory, skipping.
Warning: /workspace/everyday_all_2/Vase_78a72d794865e0cc35836c728d324152_fractured_38_piece_1.obj,Vase_78a72d794865e0cc35836c728d324152_fractured_38_piece_0.obj is not a valid directory, skipping.
Warning: /workspace/everyday_all_2/Vase_78a72d794865e0cc35836c728d324152_fractured_25_piece_0.obj,Vase_78a72d794865e0cc35836c728d324152_fractured_25_piece_1.obj is not a valid directory, skipping.
Warning: /workspace/everyday_all_2/Vase_78a72d794865e0cc35836c728d324152_fractured_46_piece_1.obj,Vase_78a72d794865e0cc35836c728d324152_fractured_46_piece_0.obj is not a valid directory, skipping.
Warning: /workspace/everyday_all_2/Vase_78a72d794865e0cc35836c728d324152_fractured_47_piece_0.obj,Vase_78a72d794865e0cc35836c728d324152_fractured_47_piece_1.obj is not a valid directory, skipping.
Warning: /workspace/everyday_all_2/Vase_78a72d794865e0cc35836c728d324152_fractured_52_piece_0.obj,Vase_78a72d794865e0cc35836c728d324152_fractured_52_piece_1.obj is not a valid directory, skipping.
Warning: /workspace/everyday_all_2/Vase_78a72d794865e0cc35836c728d324152_fractured_18_piece_0.obj,Vase_78a72d794865e0cc35836c728d324152_fractured_18_piece_1.obj is not a valid directory, skipping.
Warning: /workspace/everyday_all_2/Vase_78a72d794865e0cc35836c728d324152_fractured_3_piece_0.obj,Vase_78a72d794865e0cc35836c728d324152_fractured_3_piece_1.obj is not a valid directory, skipping.
Warning: /workspace/everyday_all_2/Vase_78a72d794865e0cc35836c728d324152_fractured_62_piece_0.obj,Vase_78a72d794865e0cc35836c728d324152_fractured_62_piece_1.obj is not a valid directory, skipping.
Warning: /workspace/everyday_all_2/Vase_78a72d794865e0cc35836c728d324152_fractured_79_piece_1.obj,Vase_78a72d794865e0cc35836c728d324152_fractured_79_piece_0.obj is not a valid directory, skipping.
Warning: /workspace/everyday_all_2/Vase_78a72d794865e0cc35836c728d324152_fractured_70_piece_0.obj,Vase_78a72d794865e0cc35836c728d324152_fractured_70_piece_1.obj is not a valid directory, skipping.
Warning: /workspace/everyday_all_2/Vase_78a72d794865e0cc35836c728d324152_fractured_53_piece_0.obj,Vase_78a72d794865e0cc35836c728d324152_fractured_53_piece_1.obj is not a valid directory, skipping.
Warning: /workspace/everyday_all_2/Vase_78a72d794865e0cc35836c728d324152_fractured_56_piece_1.obj,Vase_78a72d794865e0cc35836c728d324152_fractured_56_piece_0.obj is not a valid directory, skipping.
Warning: /workspace/everyday_all_2/Vase_78a72d794865e0cc35836c728d324152_fractured_31_piece_0.obj,Vase_78a72d794865e0cc35836c728d324152_fractured_31_piece_1.obj is not a valid directory, skipping.
Warning: /workspace/everyday_all_2/ToyFigure_88a8e1aa4abb50287c1f504c6aa026af_fractured_42_piece_0.obj,ToyFigure_88a8e1aa4abb50287c1f504c6aa026af_fractured_42_piece_1.obj is not a valid directory, skipping.
Warning: /workspace/everyday_all_2/ToyFigure_88a8e1aa4abb50287c1f504c6aa026af_fractured_26_piece_0.obj,ToyFigure_88a8e1aa4abb50287c1f504c6aa026af_fractured_26_piece_1.obj is not a valid directory, skipping.
Warning: /workspace/everyday_all_2/ToyFigure_88a8e1aa4abb50287c1f504c6aa026af_fractured_33_piece_0.obj,ToyFigure_88a8e1aa4abb50287c1f504c6aa026af_fractured_33_piece_1.obj is not a valid directory, skipping.
Warning: /workspace/everyday_all_2/ToyFigure_88a8e1aa4abb50287c1f504c6aa026af_fractured_58_piece_0.obj,ToyFigure_88a8e1aa4abb50287c1f504c6aa026af_fractured_58_piece_1.obj is not a valid directory, skipping.
Warning: /workspace/everyday_all_2/ToyFigure_88a8e1aa4abb50287c1f504c6aa026af_fractured_76_piece_0.obj,ToyFigure_88a8e1aa4abb50287c1f504c6aa026af_fractured_76_piece_1.obj is not a valid directory, skipping.
Warning: /workspace/everyday_all_2/ToyFigure_88a8e1aa4abb50287c1f504c6aa026af_fractured_23_piece_0.obj,ToyFigure_88a8e1aa4abb50287c1f504c6aa026af_fractured_23_piece_1.obj is not a valid directory, skipping.
Warning: /workspace/everyday_all_2/ToyFigure_88a8e1aa4abb50287c1f504c6aa026af_fractured_75_piece_0.obj,ToyFigure_88a8e1aa4abb50287c1f504c6aa026af_fractured_75_piece_1.obj is not a valid directory, skipping.
Warning: /workspace/everyday_all_2/ToyFigure_88a8e1aa4abb50287c1f504c6aa026af_fractured_15_piece_0.obj,ToyFigure_88a8e1aa4abb50287c1f504c6aa026af_fractured_15_piece_1.obj is not a valid directory, skipping.
Warning: /workspace/everyday_all_2/ToyFigure_88a8e1aa4abb50287c1f504c6aa026af_fractured_2_piece_0.obj,ToyFigure_88a8e1aa4abb50287c1f504c6aa026af_fractured_2_piece_1.obj is not a valid directory, skipping.
Warning: /workspace/everyday_all_2/ToyFigure_88a8e1aa4abb50287c1f504c6aa026af_fractured_24_piece_0.obj,ToyFigure_88a8e1aa4abb50287c1f504c6aa026af_fractured_24_piece_1.obj is not a valid directory, skipping.
Warning: /workspace/everyday_all_2/ToyFigure_88a8e1aa4abb50287c1f504c6aa026af_fractured_10_piece_0.obj,ToyFigure_88a8e1aa4abb50287c1f504c6aa026af_fractured_10_piece_1.obj is not a valid directory, skipping.
Warning: /workspace/everyday_all_2/ToyFigure_88a8e1aa4abb50287c1f504c6aa026af_fractured_27_piece_0.obj,ToyFigure_88a8e1aa4abb50287c1f504c6aa026af_fractured_27_piece_1.obj is not a valid directory, skipping.
Warning: /workspace/everyday_all_2/ToyFigure_88a8e1aa4abb50287c1f504c6aa026af_fractured_77_piece_0.obj,ToyFigure_88a8e1aa4abb50287c1f504c6aa026af_fractured_77_piece_1.obj is not a valid directory, skipping.
Warning: /workspace/everyday_all_2/ToyFigure_88a8e1aa4abb50287c1f504c6aa026af_fractured_3_piece_0.obj,ToyFigure_88a8e1aa4abb50287c1f504c6aa026af_fractured_3_piece_1.obj is not a valid directory, skipping.
Warning: /workspace/everyday_all_2/ToyFigure_88a8e1aa4abb50287c1f504c6aa026af_fractured_4_piece_0.obj,ToyFigure_88a8e1aa4abb50287c1f504c6aa026af_fractured_4_piece_1.obj is not a valid directory, skipping.
Warning: /workspace/everyday_all_2/ToyFigure_88a8e1aa4abb50287c1f504c6aa026af_fractured_19_piece_0.obj,ToyFigure_88a8e1aa4abb50287c1f504c6aa026af_fractured_19_piece_1.obj is not a valid directory, skipping.
Warning: /workspace/everyday_all_2/ToyFigure_88a8e1aa4abb50287c1f504c6aa026af_fractured_68_piece_0.obj,ToyFigure_88a8e1aa4abb50287c1f504c6aa026af_fractured_68_piece_1.obj is not a valid directory, skipping.
Warning: /workspace/everyday_all_2/ToyFigure_88a8e1aa4abb50287c1f504c6aa026af_fractured_63_piece_0.obj,ToyFigure_88a8e1aa4abb50287c1f504c6aa026af_fractured_63_piece_1.obj is not a valid directory, skipping.
Warning: /workspace/everyday_all_2/ToyFigure_88a8e1aa4abb50287c1f504c6aa026af_fractured_60_piece_0.obj,ToyFigure_88a8e1aa4abb50287c1f504c6aa026af_fractured_60_piece_1.obj is not a valid directory, skipping.
Warning: /workspace/everyday_all_2/Vase_a35b3de8b261f5599ee3b9136941230_fractured_54_piece_0.obj,Vase_a35b3de8b261f5599ee3b9136941230_fractured_54_piece_1.obj is not a valid directory, skipping.
Warning: /workspace/everyday_all_2/Vase_a35b3de8b261f5599ee3b9136941230_fractured_4_piece_0.obj,Vase_a35b3de8b261f5599ee3b9136941230_fractured_4_piece_1.obj is not a valid directory, skipping.
Warning: /workspace/everyday_all_2/Vase_a35b3de8b261f5599ee3b9136941230_fractured_46_piece_0.obj,Vase_a35b3de8b261f5599ee3b9136941230_fractured_46_piece_1.obj is not a valid directory, skipping.
Warning: /workspace/everyday_all_2/Vase_a35b3de8b261f5599ee3b9136941230_fractured_5_piece_0.obj,Vase_a35b3de8b261f5599ee3b9136941230_fractured_5_piece_1.obj is not a valid directory, skipping.
Warning: /workspace/everyday_all_2/Vase_a35b3de8b261f5599ee3b9136941230_fractured_7_piece_0.obj,Vase_a35b3de8b261f5599ee3b9136941230_fractured_7_piece_1.obj is not a valid directory, skipping.
Warning: /workspace/everyday_all_2/Vase_a35b3de8b261f5599ee3b9136941230_fractured_36_piece_0.obj,Vase_a35b3de8b261f5599ee3b9136941230_fractured_36_piece_1.obj is not a valid directory, skipping.
Warning: /workspace/everyday_all_2/Vase_a35b3de8b261f5599ee3b9136941230_fractured_59_piece_0.obj,Vase_a35b3de8b261f5599ee3b9136941230_fractured_59_piece_1.obj is not a valid directory, skipping.
Warning: /workspace/everyday_all_2/Vase_a35b3de8b261f5599ee3b9136941230_fractured_32_piece_0.obj,Vase_a35b3de8b261f5599ee3b9136941230_fractured_32_piece_1.obj is not a valid directory, skipping.
Warning: /workspace/everyday_all_2/Vase_a35b3de8b261f5599ee3b9136941230_fractured_9_piece_0.obj,Vase_a35b3de8b261f5599ee3b9136941230_fractured_9_piece_1.obj is not a valid directory, skipping.
Warning: /workspace/everyday_all_2/Vase_a35b3de8b261f5599ee3b9136941230_fractured_39_piece_0.obj,Vase_a35b3de8b261f5599ee3b9136941230_fractured_39_piece_1.obj is not a valid directory, skipping.
Warning: /workspace/everyday_all_2/Vase_a35b3de8b261f5599ee3b9136941230_fractured_48_piece_0.obj,Vase_a35b3de8b261f5599ee3b9136941230_fractured_48_piece_1.obj is not a valid directory, skipping.
Warning: /workspace/everyday_all_2/Vase_a35b3de8b261f5599ee3b9136941230_fractured_26_piece_0.obj,Vase_a35b3de8b261f5599ee3b9136941230_fractured_26_piece_1.obj is not a valid directory, skipping.
Warning: /workspace/everyday_all_2/Vase_a35b3de8b261f5599ee3b9136941230_fractured_2_piece_0.obj,Vase_a35b3de8b261f5599ee3b9136941230_fractured_2_piece_1.obj is not a valid directory, skipping.
Warning: /workspace/everyday_all_2/Vase_a35b3de8b261f5599ee3b9136941230_fractured_3_piece_0.obj,Vase_a35b3de8b261f5599ee3b9136941230_fractured_3_piece_1.obj is not a valid directory, skipping.
Warning: /workspace/everyday_all_2/Vase_a35b3de8b261f5599ee3b9136941230_fractured_67_piece_0.obj,Vase_a35b3de8b261f5599ee3b9136941230_fractured_67_piece_1.obj is not a valid directory, skipping.
Warning: /workspace/everyday_all_2/Vase_a35b3de8b261f5599ee3b9136941230_fractured_44_piece_0.obj,Vase_a35b3de8b261f5599ee3b9136941230_fractured_44_piece_1.obj is not a valid directory, skipping.
Warning: /workspace/everyday_all_2/Vase_a35b3de8b261f5599ee3b9136941230_fractured_75_piece_0.obj,Vase_a35b3de8b261f5599ee3b9136941230_fractured_75_piece_1.obj is not a valid directory, skipping.
Warning: /workspace/everyday_all_2/Bottle_2927d6c8438f6e24fe6460d8d9bd16c6_fractured_53_piece_0.obj,Bottle_2927d6c8438f6e24fe6460d8d9bd16c6_fractured_53_piece_1.obj is not a valid directory, skipping.
Warning: /workspace/everyday_all_2/Bottle_2927d6c8438f6e24fe6460d8d9bd16c6_fractured_56_piece_0.obj,Bottle_2927d6c8438f6e24fe6460d8d9bd16c6_fractured_56_piece_1.obj is not a valid directory, skipping.
Warning: /workspace/everyday_all_2/Bottle_2927d6c8438f6e24fe6460d8d9bd16c6_fractured_57_piece_0.obj,Bottle_2927d6c8438f6e24fe6460d8d9bd16c6_fractured_57_piece_1.obj is not a valid directory, skipping.
Warning: /workspace/everyday_all_2/Bottle_2927d6c8438f6e24fe6460d8d9bd16c6_fractured_3_piece_0.obj,Bottle_2927d6c8438f6e24fe6460d8d9bd16c6_fractured_3_piece_1.obj is not a valid directory, skipping.
Warning: /workspace/everyday_all_2/Bottle_2927d6c8438f6e24fe6460d8d9bd16c6_fractured_38_piece_0.obj,Bottle_2927d6c8438f6e24fe6460d8d9bd16c6_fractured_38_piece_1.obj is not a valid directory, skipping.
Warning: /workspace/everyday_all_2/Bottle_2927d6c8438f6e24fe6460d8d9bd16c6_fractured_52_piece_0.obj,Bottle_2927d6c8438f6e24fe6460d8d9bd16c6_fractured_52_piece_1.obj is not a valid directory, skipping.
Warning: /workspace/everyday_all_2/Vase_32dc55c3e945384dbc5e533ab711fd24_fractured_32_piece_0.obj,Vase_32dc55c3e945384dbc5e533ab711fd24_fractured_32_piece_1.obj is not a valid directory, skipping.
Warning: /workspace/everyday_all_2/Vase_32dc55c3e945384dbc5e533ab711fd24_fractured_46_piece_0.obj,Vase_32dc55c3e945384dbc5e533ab711fd24_fractured_46_piece_1.obj is not a valid directory, skipping.
Warning: /workspace/everyday_all_2/Vase_32dc55c3e945384dbc5e533ab711fd24_fractured_14_piece_0.obj,Vase_32dc55c3e945384dbc5e533ab711fd24_fractured_14_piece_1.obj is not a valid directory, skipping.
Warning: /workspace/everyday_all_2/Vase_32dc55c3e945384dbc5e533ab711fd24_fractured_18_piece_0.obj,Vase_32dc55c3e945384dbc5e533ab711fd24_fractured_18_piece_1.obj is not a valid directory, skipping.
Warning: /workspace/everyday_all_2/Vase_32dc55c3e945384dbc5e533ab711fd24_fractured_77_piece_0.obj,Vase_32dc55c3e945384dbc5e533ab711fd24_fractured_77_piece_1.obj is not a valid directory, skipping.
Warning: /workspace/everyday_all_2/Vase_32dc55c3e945384dbc5e533ab711fd24_fractured_73_piece_1.obj,Vase_32dc55c3e945384dbc5e533ab711fd24_fractured_73_piece_0.obj is not a valid directory, skipping.
Warning: /workspace/everyday_all_2/Vase_32dc55c3e945384dbc5e533ab711fd24_fractured_56_piece_0.obj,Vase_32dc55c3e945384dbc5e533ab711fd24_fractured_56_piece_1.obj is not a valid directory, skipping.
Warning: /workspace/everyday_all_2/Vase_32dc55c3e945384dbc5e533ab711fd24_fractured_52_piece_0.obj,Vase_32dc55c3e945384dbc5e533ab711fd24_fractured_52_piece_1.obj is not a valid directory, skipping.
Warning: /workspace/everyday_all_2/Vase_32dc55c3e945384dbc5e533ab711fd24_fractured_35_piece_0.obj,Vase_32dc55c3e945384dbc5e533ab711fd24_fractured_35_piece_1.obj is not a valid directory, skipping.
Warning: /workspace/everyday_all_2/Vase_32dc55c3e945384dbc5e533ab711fd24_fractured_4_piece_0.obj,Vase_32dc55c3e945384dbc5e533ab711fd24_fractured_4_piece_1.obj is not a valid directory, skipping.
Warning: /workspace/everyday_all_2/Mirror_391e6f3a92a48417cc4cd6c58bd35c0c_fractured_15_piece_0.obj,Mirror_391e6f3a92a48417cc4cd6c58bd35c0c_fractured_15_piece_1.obj is not a valid directory, skipping.
Warning: /workspace/everyday_all_2/Mirror_391e6f3a92a48417cc4cd6c58bd35c0c_fractured_29_piece_0.obj,Mirror_391e6f3a92a48417cc4cd6c58bd35c0c_fractured_29_piece_1.obj is not a valid directory, skipping.
Warning: /workspace/everyday_all_2/Mirror_391e6f3a92a48417cc4cd6c58bd35c0c_fractured_77_piece_0.obj,Mirror_391e6f3a92a48417cc4cd6c58bd35c0c_fractured_77_piece_1.obj is not a valid directory, skipping.
Warning: /workspace/everyday_all_2/Mirror_391e6f3a92a48417cc4cd6c58bd35c0c_fractured_45_piece_0.obj,Mirror_391e6f3a92a48417cc4cd6c58bd35c0c_fractured_45_piece_1.obj is not a valid directory, skipping.
Warning: /workspace/everyday_all_2/Mirror_391e6f3a92a48417cc4cd6c58bd35c0c_fractured_78_piece_0.obj,Mirror_391e6f3a92a48417cc4cd6c58bd35c0c_fractured_78_piece_1.obj is not a valid directory, skipping.
Warning: /workspace/everyday_all_2/Mirror_391e6f3a92a48417cc4cd6c58bd35c0c_fractured_53_piece_0.obj,Mirror_391e6f3a92a48417cc4cd6c58bd35c0c_fractured_53_piece_1.obj is not a valid directory, skipping.
Warning: /workspace/everyday_all_2/Mirror_391e6f3a92a48417cc4cd6c58bd35c0c_fractured_65_piece_0.obj,Mirror_391e6f3a92a48417cc4cd6c58bd35c0c_fractured_65_piece_1.obj is not a valid directory, skipping.
Warning: /workspace/everyday_all_2/Mirror_391e6f3a92a48417cc4cd6c58bd35c0c_fractured_60_piece_0.obj,Mirror_391e6f3a92a48417cc4cd6c58bd35c0c_fractured_60_piece_1.obj is not a valid directory, skipping.
Warning: /workspace/everyday_all_2/Mirror_391e6f3a92a48417cc4cd6c58bd35c0c_fractured_18_piece_0.obj,Mirror_391e6f3a92a48417cc4cd6c58bd35c0c_fractured_18_piece_1.obj is not a valid directory, skipping.
Warning: /workspace/everyday_all_2/Mirror_391e6f3a92a48417cc4cd6c58bd35c0c_fractured_76_piece_0.obj,Mirror_391e6f3a92a48417cc4cd6c58bd35c0c_fractured_76_piece_1.obj is not a valid directory, skipping.
Warning: /workspace/everyday_all_2/Mirror_391e6f3a92a48417cc4cd6c58bd35c0c_fractured_9_piece_0.obj,Mirror_391e6f3a92a48417cc4cd6c58bd35c0c_fractured_9_piece_1.obj is not a valid directory, skipping.
Warning: /workspace/everyday_all_2/Mirror_391e6f3a92a48417cc4cd6c58bd35c0c_fractured_13_piece_0.obj,Mirror_391e6f3a92a48417cc4cd6c58bd35c0c_fractured_13_piece_1.obj is not a valid directory, skipping.
Warning: /workspace/everyday_all_2/Mirror_391e6f3a92a48417cc4cd6c58bd35c0c_fractured_8_piece_0.obj,Mirror_391e6f3a92a48417cc4cd6c58bd35c0c_fractured_8_piece_1.obj is not a valid directory, skipping.
Warning: /workspace/everyday_all_2/Teacup_7806742802bf70784212ff51b27f0221_fractured_79_piece_0.obj,Teacup_7806742802bf70784212ff51b27f0221_fractured_79_piece_1.obj is not a valid directory, skipping.
Warning: /workspace/everyday_all_2/Teacup_7806742802bf70784212ff51b27f0221_fractured_57_piece_0.obj,Teacup_7806742802bf70784212ff51b27f0221_fractured_57_piece_1.obj is not a valid directory, skipping.
Warning: /workspace/everyday_all_2/Teacup_7806742802bf70784212ff51b27f0221_fractured_75_piece_0.obj,Teacup_7806742802bf70784212ff51b27f0221_fractured_75_piece_1.obj is not a valid directory, skipping.
Warning: /workspace/everyday_all_2/Teacup_7806742802bf70784212ff51b27f0221_fractured_36_piece_0.obj,Teacup_7806742802bf70784212ff51b27f0221_fractured_36_piece_1.obj is not a valid directory, skipping.
Warning: /workspace/everyday_all_2/Teacup_7806742802bf70784212ff51b27f0221_fractured_44_piece_0.obj,Teacup_7806742802bf70784212ff51b27f0221_fractured_44_piece_1.obj is not a valid directory, skipping.
Warning: /workspace/everyday_all_2/Teacup_7806742802bf70784212ff51b27f0221_fractured_31_piece_0.obj,Teacup_7806742802bf70784212ff51b27f0221_fractured_31_piece_1.obj is not a valid directory, skipping.
Warning: /workspace/everyday_all_2/Teacup_7806742802bf70784212ff51b27f0221_fractured_22_piece_0.obj,Teacup_7806742802bf70784212ff51b27f0221_fractured_22_piece_1.obj is not a valid directory, skipping.
Warning: /workspace/everyday_all_2/Teacup_7806742802bf70784212ff51b27f0221_fractured_58_piece_0.obj,Teacup_7806742802bf70784212ff51b27f0221_fractured_58_piece_1.obj is not a valid directory, skipping.
Warning: /workspace/everyday_all_2/Teacup_7806742802bf70784212ff51b27f0221_fractured_11_piece_0.obj,Teacup_7806742802bf70784212ff51b27f0221_fractured_11_piece_1.obj is not a valid directory, skipping.
Warning: /workspace/everyday_all_2/Teacup_7806742802bf70784212ff51b27f0221_fractured_68_piece_0.obj,Teacup_7806742802bf70784212ff51b27f0221_fractured_68_piece_1.obj is not a valid directory, skipping.
Warning: /workspace/everyday_all_2/Teacup_7806742802bf70784212ff51b27f0221_fractured_23_piece_0.obj,Teacup_7806742802bf70784212ff51b27f0221_fractured_23_piece_1.obj is not a valid directory, skipping.
Warning: /workspace/everyday_all_2/Teacup_7806742802bf70784212ff51b27f0221_fractured_6_piece_0.obj,Teacup_7806742802bf70784212ff51b27f0221_fractured_6_piece_1.obj is not a valid directory, skipping.
Warning: /workspace/everyday_all_2/Teacup_7806742802bf70784212ff51b27f0221_fractured_60_piece_0.obj,Teacup_7806742802bf70784212ff51b27f0221_fractured_60_piece_1.obj is not a valid directory, skipping.
Warning: /workspace/everyday_all_2/Bottle_11a0f60b9baaaf59968608843530f3d7_fractured_11_piece_0.obj,Bottle_11a0f60b9baaaf59968608843530f3d7_fractured_11_piece_1.obj is not a valid directory, skipping.
Warning: /workspace/everyday_all_2/Bottle_11a0f60b9baaaf59968608843530f3d7_fractured_35_piece_0.obj,Bottle_11a0f60b9baaaf59968608843530f3d7_fractured_35_piece_1.obj is not a valid directory, skipping.
Warning: /workspace/everyday_all_2/Bottle_11a0f60b9baaaf59968608843530f3d7_fractured_24_piece_0.obj,Bottle_11a0f60b9baaaf59968608843530f3d7_fractured_24_piece_1.obj is not a valid directory, skipping.
Warning: /workspace/everyday_all_2/Bottle_11a0f60b9baaaf59968608843530f3d7_fractured_76_piece_0.obj,Bottle_11a0f60b9baaaf59968608843530f3d7_fractured_76_piece_1.obj is not a valid directory, skipping.
Warning: /workspace/everyday_all_2/Bottle_11a0f60b9baaaf59968608843530f3d7_fractured_52_piece_0.obj,Bottle_11a0f60b9baaaf59968608843530f3d7_fractured_52_piece_1.obj is not a valid directory, skipping.
Warning: /workspace/everyday_all_2/Bottle_11a0f60b9baaaf59968608843530f3d7_fractured_79_piece_0.obj,Bottle_11a0f60b9baaaf59968608843530f3d7_fractured_79_piece_1.obj is not a valid directory, skipping.
Warning: /workspace/everyday_all_2/Bottle_11a0f60b9baaaf59968608843530f3d7_fractured_71_piece_0.obj,Bottle_11a0f60b9baaaf59968608843530f3d7_fractured_71_piece_1.obj is not a valid directory, skipping.
Warning: /workspace/everyday_all_2/Bottle_11a0f60b9baaaf59968608843530f3d7_fractured_12_piece_0.obj,Bottle_11a0f60b9baaaf59968608843530f3d7_fractured_12_piece_1.obj is not a valid directory, skipping.
Warning: /workspace/everyday_all_2/Bottle_11a0f60b9baaaf59968608843530f3d7_fractured_26_piece_0.obj,Bottle_11a0f60b9baaaf59968608843530f3d7_fractured_26_piece_1.obj is not a valid directory, skipping.
Warning: /workspace/everyday_all_2/Bowl_13_fractured_18_piece_0.obj,Bowl_13_fractured_18_piece_1.obj is not a valid directory, skipping.
Warning: /workspace/everyday_all_2/Bowl_13_fractured_50_piece_0.obj,Bowl_13_fractured_50_piece_1.obj is not a valid directory, skipping.
Warning: /workspace/everyday_all_2/Bowl_13_fractured_63_piece_0.obj,Bowl_13_fractured_63_piece_1.obj is not a valid directory, skipping.
Warning: /workspace/everyday_all_2/Bowl_13_fractured_23_piece_0.obj,Bowl_13_fractured_23_piece_1.obj is not a valid directory, skipping.
Warning: /workspace/everyday_all_2/Bowl_13_fractured_12_piece_0.obj,Bowl_13_fractured_12_piece_1.obj is not a valid directory, skipping.
Warning: /workspace/everyday_all_2/Bowl_13_fractured_44_piece_0.obj,Bowl_13_fractured_44_piece_1.obj is not a valid directory, skipping.
Warning: /workspace/everyday_all_2/Bowl_13_fractured_42_piece_0.obj,Bowl_13_fractured_42_piece_1.obj is not a valid directory, skipping.
Warning: /workspace/everyday_all_2/Bowl_13_fractured_75_piece_0.obj,Bowl_13_fractured_75_piece_1.obj is not a valid directory, skipping.
Warning: /workspace/everyday_all_2/Bowl_13_fractured_64_piece_0.obj,Bowl_13_fractured_64_piece_1.obj is not a valid directory, skipping.
Warning: /workspace/everyday_all_2/Bowl_13_fractured_8_piece_0.obj,Bowl_13_fractured_8_piece_1.obj is not a valid directory, skipping.
Warning: /workspace/everyday_all_2/Spoon_1_fractured_45_piece_0.obj,Spoon_1_fractured_45_piece_1.obj is not a valid directory, skipping.
Warning: /workspace/everyday_all_2/Spoon_1_fractured_33_piece_0.obj,Spoon_1_fractured_33_piece_1.obj is not a valid directory, skipping.
Warning: /workspace/everyday_all_2/Spoon_1_fractured_5_piece_0.obj,Spoon_1_fractured_5_piece_1.obj is not a valid directory, skipping.
Warning: /workspace/everyday_all_2/ToyFigure_87bf190248b454fd8b3bc7adf52c7243_fractured_74_piece_0.obj,ToyFigure_87bf190248b454fd8b3bc7adf52c7243_fractured_74_piece_1.obj is not a valid directory, skipping.
Warning: /workspace/everyday_all_2/ToyFigure_87bf190248b454fd8b3bc7adf52c7243_fractured_22_piece_0.obj,ToyFigure_87bf190248b454fd8b3bc7adf52c7243_fractured_22_piece_1.obj is not a valid directory, skipping.
Warning: /workspace/everyday_all_2/ToyFigure_87bf190248b454fd8b3bc7adf52c7243_fractured_30_piece_0.obj,ToyFigure_87bf190248b454fd8b3bc7adf52c7243_fractured_30_piece_1.obj is not a valid directory, skipping.
Warning: /workspace/everyday_all_2/ToyFigure_87bf190248b454fd8b3bc7adf52c7243_fractured_49_piece_0.obj,ToyFigure_87bf190248b454fd8b3bc7adf52c7243_fractured_49_piece_1.obj is not a valid directory, skipping.
Warning: /workspace/everyday_all_2/ToyFigure_87bf190248b454fd8b3bc7adf52c7243_fractured_12_piece_0.obj,ToyFigure_87bf190248b454fd8b3bc7adf52c7243_fractured_12_piece_1.obj is not a valid directory, skipping.
Warning: /workspace/everyday_all_2/ToyFigure_87bf190248b454fd8b3bc7adf52c7243_fractured_7_piece_0.obj,ToyFigure_87bf190248b454fd8b3bc7adf52c7243_fractured_7_piece_1.obj is not a valid directory, skipping.
Warning: /workspace/everyday_all_2/ToyFigure_87bf190248b454fd8b3bc7adf52c7243_fractured_3_piece_0.obj,ToyFigure_87bf190248b454fd8b3bc7adf52c7243_fractured_3_piece_1.obj is not a valid directory, skipping.
Warning: /workspace/everyday_all_2/ToyFigure_87bf190248b454fd8b3bc7adf52c7243_fractured_6_piece_0.obj,ToyFigure_87bf190248b454fd8b3bc7adf52c7243_fractured_6_piece_1.obj is not a valid directory, skipping.
Warning: /workspace/everyday_all_2/ToyFigure_87bf190248b454fd8b3bc7adf52c7243_fractured_60_piece_0.obj,ToyFigure_87bf190248b454fd8b3bc7adf52c7243_fractured_60_piece_1.obj is not a valid directory, skipping.
Warning: /workspace/everyday_all_2/ToyFigure_87bf190248b454fd8b3bc7adf52c7243_fractured_65_piece_0.obj,ToyFigure_87bf190248b454fd8b3bc7adf52c7243_fractured_65_piece_1.obj is not a valid directory, skipping.
Warning: /workspace/everyday_all_2/ToyFigure_87bf190248b454fd8b3bc7adf52c7243_fractured_2_piece_0.obj,ToyFigure_87bf190248b454fd8b3bc7adf52c7243_fractured_2_piece_1.obj is not a valid directory, skipping.
Warning: /workspace/everyday_all_2/ToyFigure_87bf190248b454fd8b3bc7adf52c7243_fractured_51_piece_0.obj,ToyFigure_87bf190248b454fd8b3bc7adf52c7243_fractured_51_piece_1.obj is not a valid directory, skipping.
Warning: /workspace/everyday_all_2/ToyFigure_87bf190248b454fd8b3bc7adf52c7243_fractured_61_piece_0.obj,ToyFigure_87bf190248b454fd8b3bc7adf52c7243_fractured_61_piece_1.obj is not a valid directory, skipping.
Warning: /workspace/everyday_all_2/ToyFigure_7134e227c856685d50f3a2fc91e9b3c5_fractured_60_piece_0.obj,ToyFigure_7134e227c856685d50f3a2fc91e9b3c5_fractured_60_piece_1.obj is not a valid directory, skipping.
Warning: /workspace/everyday_all_2/ToyFigure_7134e227c856685d50f3a2fc91e9b3c5_fractured_48_piece_0.obj,ToyFigure_7134e227c856685d50f3a2fc91e9b3c5_fractured_48_piece_1.obj is not a valid directory, skipping.
Warning: /workspace/everyday_all_2/ToyFigure_7134e227c856685d50f3a2fc91e9b3c5_fractured_65_piece_0.obj,ToyFigure_7134e227c856685d50f3a2fc91e9b3c5_fractured_65_piece_1.obj is not a valid directory, skipping.
Warning: /workspace/everyday_all_2/ToyFigure_7134e227c856685d50f3a2fc91e9b3c5_fractured_77_piece_0.obj,ToyFigure_7134e227c856685d50f3a2fc91e9b3c5_fractured_77_piece_1.obj is not a valid directory, skipping.
Warning: /workspace/everyday_all_2/ToyFigure_7134e227c856685d50f3a2fc91e9b3c5_fractured_34_piece_0.obj,ToyFigure_7134e227c856685d50f3a2fc91e9b3c5_fractured_34_piece_1.obj is not a valid directory, skipping.
Warning: /workspace/everyday_all_2/ToyFigure_7134e227c856685d50f3a2fc91e9b3c5_fractured_69_piece_0.obj,ToyFigure_7134e227c856685d50f3a2fc91e9b3c5_fractured_69_piece_1.obj is not a valid directory, skipping.
Warning: /workspace/everyday_all_2/ToyFigure_7134e227c856685d50f3a2fc91e9b3c5_fractured_39_piece_0.obj,ToyFigure_7134e227c856685d50f3a2fc91e9b3c5_fractured_39_piece_1.obj is not a valid directory, skipping.
Warning: /workspace/everyday_all_2/ToyFigure_7134e227c856685d50f3a2fc91e9b3c5_fractured_57_piece_0.obj,ToyFigure_7134e227c856685d50f3a2fc91e9b3c5_fractured_57_piece_1.obj is not a valid directory, skipping.
Warning: /workspace/everyday_all_2/ToyFigure_7134e227c856685d50f3a2fc91e9b3c5_fractured_13_piece_0.obj,ToyFigure_7134e227c856685d50f3a2fc91e9b3c5_fractured_13_piece_1.obj is not a valid directory, skipping.
Warning: /workspace/everyday_all_2/ToyFigure_7134e227c856685d50f3a2fc91e9b3c5_fractured_64_piece_0.obj,ToyFigure_7134e227c856685d50f3a2fc91e9b3c5_fractured_64_piece_1.obj is not a valid directory, skipping.
Warning: /workspace/everyday_all_2/Mug_b46a9c35587a38f6e87dab59b7e63362_fractured_50_piece_0.obj,Mug_b46a9c35587a38f6e87dab59b7e63362_fractured_50_piece_1.obj is not a valid directory, skipping.
Warning: /workspace/everyday_all_2/Mug_b46a9c35587a38f6e87dab59b7e63362_fractured_69_piece_0.obj,Mug_b46a9c35587a38f6e87dab59b7e63362_fractured_69_piece_1.obj is not a valid directory, skipping.
Warning: /workspace/everyday_all_2/Mug_b46a9c35587a38f6e87dab59b7e63362_fractured_32_piece_0.obj,Mug_b46a9c35587a38f6e87dab59b7e63362_fractured_32_piece_1.obj is not a valid directory, skipping.
Warning: /workspace/everyday_all_2/Mug_b46a9c35587a38f6e87dab59b7e63362_fractured_15_piece_0.obj,Mug_b46a9c35587a38f6e87dab59b7e63362_fractured_15_piece_1.obj is not a valid directory, skipping.
Warning: /workspace/everyday_all_2/Mug_b46a9c35587a38f6e87dab59b7e63362_fractured_60_piece_0.obj,Mug_b46a9c35587a38f6e87dab59b7e63362_fractured_60_piece_1.obj is not a valid directory, skipping.
Warning: /workspace/everyday_all_2/Mug_b46a9c35587a38f6e87dab59b7e63362_fractured_25_piece_0.obj,Mug_b46a9c35587a38f6e87dab59b7e63362_fractured_25_piece_1.obj is not a valid directory, skipping.
Warning: /workspace/everyday_all_2/Mug_b46a9c35587a38f6e87dab59b7e63362_fractured_54_piece_0.obj,Mug_b46a9c35587a38f6e87dab59b7e63362_fractured_54_piece_1.obj is not a valid directory, skipping.
Warning: /workspace/everyday_all_2/Mug_b46a9c35587a38f6e87dab59b7e63362_fractured_13_piece_0.obj,Mug_b46a9c35587a38f6e87dab59b7e63362_fractured_13_piece_1.obj is not a valid directory, skipping.
Warning: /workspace/everyday_all_2/Mug_b46a9c35587a38f6e87dab59b7e63362_fractured_39_piece_0.obj,Mug_b46a9c35587a38f6e87dab59b7e63362_fractured_39_piece_1.obj is not a valid directory, skipping.
Warning: /workspace/everyday_all_2/Mug_b46a9c35587a38f6e87dab59b7e63362_fractured_23_piece_0.obj,Mug_b46a9c35587a38f6e87dab59b7e63362_fractured_23_piece_1.obj is not a valid directory, skipping.
Warning: /workspace/everyday_all_2/Mug_b46a9c35587a38f6e87dab59b7e63362_fractured_21_piece_0.obj,Mug_b46a9c35587a38f6e87dab59b7e63362_fractured_21_piece_1.obj is not a valid directory, skipping.
Warning: /workspace/everyday_all_2/Bowl_fca9fcb710592311d291861d5bc3e7c8_fractured_57_piece_0.obj,Bowl_fca9fcb710592311d291861d5bc3e7c8_fractured_57_piece_1.obj is not a valid directory, skipping.
Warning: /workspace/everyday_all_2/Bowl_fca9fcb710592311d291861d5bc3e7c8_fractured_30_piece_0.obj,Bowl_fca9fcb710592311d291861d5bc3e7c8_fractured_30_piece_2.obj is not a valid directory, skipping.
Warning: /workspace/everyday_all_2/Bowl_fca9fcb710592311d291861d5bc3e7c8_fractured_62_piece_0.obj,Bowl_fca9fcb710592311d291861d5bc3e7c8_fractured_62_piece_1.obj is not a valid directory, skipping.
Warning: /workspace/everyday_all_2/Bowl_fca9fcb710592311d291861d5bc3e7c8_fractured_4_piece_0.obj,Bowl_fca9fcb710592311d291861d5bc3e7c8_fractured_4_piece_1.obj is not a valid directory, skipping.
Warning: /workspace/everyday_all_2/Bowl_fca9fcb710592311d291861d5bc3e7c8_fractured_0_piece_0.obj,Bowl_fca9fcb710592311d291861d5bc3e7c8_fractured_0_piece_1.obj is not a valid directory, skipping.
Warning: /workspace/everyday_all_2/Bowl_fca9fcb710592311d291861d5bc3e7c8_fractured_44_piece_0.obj,Bowl_fca9fcb710592311d291861d5bc3e7c8_fractured_44_piece_1.obj is not a valid directory, skipping.
Warning: /workspace/everyday_all_2/Bowl_fca9fcb710592311d291861d5bc3e7c8_fractured_59_piece_0.obj,Bowl_fca9fcb710592311d291861d5bc3e7c8_fractured_59_piece_1.obj is not a valid directory, skipping.
Warning: /workspace/everyday_all_2/Bowl_fca9fcb710592311d291861d5bc3e7c8_fractured_3_piece_0.obj,Bowl_fca9fcb710592311d291861d5bc3e7c8_fractured_3_piece_1.obj is not a valid directory, skipping.
Warning: /workspace/everyday_all_2/Bowl_fca9fcb710592311d291861d5bc3e7c8_fractured_19_piece_0.obj,Bowl_fca9fcb710592311d291861d5bc3e7c8_fractured_19_piece_1.obj is not a valid directory, skipping.
Warning: /workspace/everyday_all_2/Bowl_fca9fcb710592311d291861d5bc3e7c8_fractured_33_piece_0.obj,Bowl_fca9fcb710592311d291861d5bc3e7c8_fractured_33_piece_1.obj is not a valid directory, skipping.
Warning: /workspace/everyday_all_2/Bowl_fca9fcb710592311d291861d5bc3e7c8_fractured_64_piece_0.obj,Bowl_fca9fcb710592311d291861d5bc3e7c8_fractured_64_piece_1.obj is not a valid directory, skipping.
Warning: /workspace/everyday_all_2/Bowl_fca9fcb710592311d291861d5bc3e7c8_fractured_65_piece_0.obj,Bowl_fca9fcb710592311d291861d5bc3e7c8_fractured_65_piece_1.obj is not a valid directory, skipping.
Warning: /workspace/everyday_all_2/Teapot_ce04f39420c7c3e82fb82d326efadfe3_fractured_32_piece_0.obj,Teapot_ce04f39420c7c3e82fb82d326efadfe3_fractured_32_piece_1.obj is not a valid directory, skipping.
Warning: /workspace/everyday_all_2/Teapot_ce04f39420c7c3e82fb82d326efadfe3_fractured_5_piece_0.obj,Teapot_ce04f39420c7c3e82fb82d326efadfe3_fractured_5_piece_1.obj is not a valid directory, skipping.
Warning: /workspace/everyday_all_2/Teapot_ce04f39420c7c3e82fb82d326efadfe3_fractured_49_piece_0.obj,Teapot_ce04f39420c7c3e82fb82d326efadfe3_fractured_49_piece_1.obj is not a valid directory, skipping.
Warning: /workspace/everyday_all_2/Teapot_ce04f39420c7c3e82fb82d326efadfe3_fractured_55_piece_0.obj,Teapot_ce04f39420c7c3e82fb82d326efadfe3_fractured_55_piece_1.obj is not a valid directory, skipping.
Warning: /workspace/everyday_all_2/Teapot_ce04f39420c7c3e82fb82d326efadfe3_fractured_29_piece_0.obj,Teapot_ce04f39420c7c3e82fb82d326efadfe3_fractured_29_piece_1.obj is not a valid directory, skipping.
Warning: /workspace/everyday_all_2/Teapot_ce04f39420c7c3e82fb82d326efadfe3_fractured_44_piece_0.obj,Teapot_ce04f39420c7c3e82fb82d326efadfe3_fractured_44_piece_1.obj is not a valid directory, skipping.
Warning: /workspace/everyday_all_2/Teapot_ce04f39420c7c3e82fb82d326efadfe3_fractured_9_piece_0.obj,Teapot_ce04f39420c7c3e82fb82d326efadfe3_fractured_9_piece_1.obj is not a valid directory, skipping.
Warning: /workspace/everyday_all_2/Teapot_ce04f39420c7c3e82fb82d326efadfe3_fractured_50_piece_0.obj,Teapot_ce04f39420c7c3e82fb82d326efadfe3_fractured_50_piece_1.obj is not a valid directory, skipping.
Warning: /workspace/everyday_all_2/Teapot_ce04f39420c7c3e82fb82d326efadfe3_fractured_41_piece_0.obj,Teapot_ce04f39420c7c3e82fb82d326efadfe3_fractured_41_piece_1.obj is not a valid directory, skipping.
Warning: /workspace/everyday_all_2/Teapot_ce04f39420c7c3e82fb82d326efadfe3_fractured_76_piece_0.obj,Teapot_ce04f39420c7c3e82fb82d326efadfe3_fractured_76_piece_1.obj is not a valid directory, skipping.
Warning: /workspace/everyday_all_2/Teapot_ce04f39420c7c3e82fb82d326efadfe3_fractured_48_piece_0.obj,Teapot_ce04f39420c7c3e82fb82d326efadfe3_fractured_48_piece_1.obj is not a valid directory, skipping.
Warning: /workspace/everyday_all_2/Teapot_ce04f39420c7c3e82fb82d326efadfe3_fractured_54_piece_0.obj,Teapot_ce04f39420c7c3e82fb82d326efadfe3_fractured_54_piece_1.obj is not a valid directory, skipping.
Warning: /workspace/everyday_all_2/Teapot_ce04f39420c7c3e82fb82d326efadfe3_fractured_33_piece_0.obj,Teapot_ce04f39420c7c3e82fb82d326efadfe3_fractured_33_piece_1.obj is not a valid directory, skipping.
Warning: /workspace/everyday_all_2/Teapot_ce04f39420c7c3e82fb82d326efadfe3_fractured_42_piece_0.obj,Teapot_ce04f39420c7c3e82fb82d326efadfe3_fractured_42_piece_1.obj is not a valid directory, skipping.
Warning: /workspace/everyday_all_2/Teapot_ce04f39420c7c3e82fb82d326efadfe3_fractured_26_piece_0.obj,Teapot_ce04f39420c7c3e82fb82d326efadfe3_fractured_26_piece_1.obj is not a valid directory, skipping.
Warning: /workspace/everyday_all_2/Teapot_ce04f39420c7c3e82fb82d326efadfe3_fractured_53_piece_0.obj,Teapot_ce04f39420c7c3e82fb82d326efadfe3_fractured_53_piece_1.obj is not a valid directory, skipping.
Warning: /workspace/everyday_all_2/Teapot_ce04f39420c7c3e82fb82d326efadfe3_fractured_25_piece_0.obj,Teapot_ce04f39420c7c3e82fb82d326efadfe3_fractured_25_piece_1.obj is not a valid directory, skipping.
Warning: /workspace/everyday_all_2/Teapot_ce04f39420c7c3e82fb82d326efadfe3_fractured_40_piece_0.obj,Teapot_ce04f39420c7c3e82fb82d326efadfe3_fractured_40_piece_1.obj is not a valid directory, skipping.
Warning: /workspace/everyday_all_2/Teapot_ce04f39420c7c3e82fb82d326efadfe3_fractured_8_piece_0.obj,Teapot_ce04f39420c7c3e82fb82d326efadfe3_fractured_8_piece_1.obj is not a valid directory, skipping.
Warning: /workspace/everyday_all_2/Teapot_ce04f39420c7c3e82fb82d326efadfe3_fractured_75_piece_0.obj,Teapot_ce04f39420c7c3e82fb82d326efadfe3_fractured_75_piece_1.obj is not a valid directory, skipping.
Warning: /workspace/everyday_all_2/Teapot_ce04f39420c7c3e82fb82d326efadfe3_fractured_16_piece_0.obj,Teapot_ce04f39420c7c3e82fb82d326efadfe3_fractured_16_piece_1.obj is not a valid directory, skipping.
Warning: /workspace/everyday_all_2/Teapot_ce04f39420c7c3e82fb82d326efadfe3_fractured_3_piece_0.obj,Teapot_ce04f39420c7c3e82fb82d326efadfe3_fractured_3_piece_1.obj is not a valid directory, skipping.
Warning: /workspace/everyday_all_2/Teacup_31fcf965836ab3484212ff51b27f0221_fractured_60_piece_0.obj,Teacup_31fcf965836ab3484212ff51b27f0221_fractured_60_piece_1.obj is not a valid directory, skipping.
Warning: /workspace/everyday_all_2/Teacup_31fcf965836ab3484212ff51b27f0221_fractured_57_piece_0.obj,Teacup_31fcf965836ab3484212ff51b27f0221_fractured_57_piece_1.obj is not a valid directory, skipping.
Warning: /workspace/everyday_all_2/Teacup_31fcf965836ab3484212ff51b27f0221_fractured_30_piece_0.obj,Teacup_31fcf965836ab3484212ff51b27f0221_fractured_30_piece_1.obj is not a valid directory, skipping.
Warning: /workspace/everyday_all_2/Teacup_31fcf965836ab3484212ff51b27f0221_fractured_34_piece_0.obj,Teacup_31fcf965836ab3484212ff51b27f0221_fractured_34_piece_1.obj is not a valid directory, skipping.
Warning: /workspace/everyday_all_2/Teacup_31fcf965836ab3484212ff51b27f0221_fractured_66_piece_0.obj,Teacup_31fcf965836ab3484212ff51b27f0221_fractured_66_piece_1.obj is not a valid directory, skipping.
Warning: /workspace/everyday_all_2/Teacup_31fcf965836ab3484212ff51b27f0221_fractured_67_piece_0.obj,Teacup_31fcf965836ab3484212ff51b27f0221_fractured_67_piece_1.obj is not a valid directory, skipping.
Warning: /workspace/everyday_all_2/Teacup_31fcf965836ab3484212ff51b27f0221_fractured_76_piece_0.obj,Teacup_31fcf965836ab3484212ff51b27f0221_fractured_76_piece_1.obj is not a valid directory, skipping.
Warning: /workspace/everyday_all_2/Teacup_31fcf965836ab3484212ff51b27f0221_fractured_12_piece_0.obj,Teacup_31fcf965836ab3484212ff51b27f0221_fractured_12_piece_1.obj is not a valid directory, skipping.
Warning: /workspace/everyday_all_2/Teacup_31fcf965836ab3484212ff51b27f0221_fractured_32_piece_0.obj,Teacup_31fcf965836ab3484212ff51b27f0221_fractured_32_piece_1.obj is not a valid directory, skipping.
Warning: /workspace/everyday_all_2/Teacup_31fcf965836ab3484212ff51b27f0221_fractured_6_piece_0.obj,Teacup_31fcf965836ab3484212ff51b27f0221_fractured_6_piece_1.obj is not a valid directory, skipping.
Warning: /workspace/everyday_all_2/Teacup_31fcf965836ab3484212ff51b27f0221_fractured_77_piece_0.obj,Teacup_31fcf965836ab3484212ff51b27f0221_fractured_77_piece_1.obj is not a valid directory, skipping.
Warning: /workspace/everyday_all_2/Mug_24651c3767aa5089e19f4cee87249aca_fractured_32_piece_0.obj,Mug_24651c3767aa5089e19f4cee87249aca_fractured_32_piece_1.obj is not a valid directory, skipping.
Warning: /workspace/everyday_all_2/Mug_24651c3767aa5089e19f4cee87249aca_fractured_44_piece_0.obj,Mug_24651c3767aa5089e19f4cee87249aca_fractured_44_piece_1.obj is not a valid directory, skipping.
Warning: /workspace/everyday_all_2/Mug_24651c3767aa5089e19f4cee87249aca_fractured_73_piece_0.obj,Mug_24651c3767aa5089e19f4cee87249aca_fractured_73_piece_1.obj is not a valid directory, skipping.
Warning: /workspace/everyday_all_2/Mug_24651c3767aa5089e19f4cee87249aca_fractured_13_piece_0.obj,Mug_24651c3767aa5089e19f4cee87249aca_fractured_13_piece_1.obj is not a valid directory, skipping.
Warning: /workspace/everyday_all_2/Mug_24651c3767aa5089e19f4cee87249aca_fractured_40_piece_0.obj,Mug_24651c3767aa5089e19f4cee87249aca_fractured_40_piece_1.obj is not a valid directory, skipping.
Warning: /workspace/everyday_all_2/Mug_24651c3767aa5089e19f4cee87249aca_fractured_72_piece_0.obj,Mug_24651c3767aa5089e19f4cee87249aca_fractured_72_piece_1.obj is not a valid directory, skipping.
Warning: /workspace/everyday_all_2/Mug_24651c3767aa5089e19f4cee87249aca_fractured_55_piece_0.obj,Mug_24651c3767aa5089e19f4cee87249aca_fractured_55_piece_1.obj is not a valid directory, skipping.
Warning: /workspace/everyday_all_2/Mug_24651c3767aa5089e19f4cee87249aca_fractured_35_piece_0.obj,Mug_24651c3767aa5089e19f4cee87249aca_fractured_35_piece_1.obj is not a valid directory, skipping.
Warning: /workspace/everyday_all_2/Mug_24651c3767aa5089e19f4cee87249aca_fractured_24_piece_0.obj,Mug_24651c3767aa5089e19f4cee87249aca_fractured_24_piece_1.obj is not a valid directory, skipping.
Warning: /workspace/everyday_all_2/Mug_24651c3767aa5089e19f4cee87249aca_fractured_78_piece_0.obj,Mug_24651c3767aa5089e19f4cee87249aca_fractured_78_piece_1.obj is not a valid directory, skipping.
Warning: /workspace/everyday_all_2/Mug_24651c3767aa5089e19f4cee87249aca_fractured_46_piece_0.obj,Mug_24651c3767aa5089e19f4cee87249aca_fractured_46_piece_1.obj is not a valid directory, skipping.
Warning: /workspace/everyday_all_2/Mug_24651c3767aa5089e19f4cee87249aca_fractured_62_piece_0.obj,Mug_24651c3767aa5089e19f4cee87249aca_fractured_62_piece_1.obj is not a valid directory, skipping.
Warning: /workspace/everyday_all_2/Mug_24651c3767aa5089e19f4cee87249aca_fractured_29_piece_0.obj,Mug_24651c3767aa5089e19f4cee87249aca_fractured_29_piece_1.obj is not a valid directory, skipping.
Warning: /workspace/everyday_all_2/Mug_24651c3767aa5089e19f4cee87249aca_fractured_42_piece_0.obj,Mug_24651c3767aa5089e19f4cee87249aca_fractured_42_piece_1.obj is not a valid directory, skipping.
Warning: /workspace/everyday_all_2/Mug_24651c3767aa5089e19f4cee87249aca_fractured_22_piece_0.obj,Mug_24651c3767aa5089e19f4cee87249aca_fractured_22_piece_1.obj is not a valid directory, skipping.
Warning: /workspace/everyday_all_2/Mug_24651c3767aa5089e19f4cee87249aca_fractured_47_piece_0.obj,Mug_24651c3767aa5089e19f4cee87249aca_fractured_47_piece_1.obj is not a valid directory, skipping.
Warning: /workspace/everyday_all_2/Mug_24651c3767aa5089e19f4cee87249aca_fractured_30_piece_0.obj,Mug_24651c3767aa5089e19f4cee87249aca_fractured_30_piece_1.obj is not a valid directory, skipping.
Warning: /workspace/everyday_all_2/Mug_24651c3767aa5089e19f4cee87249aca_fractured_34_piece_0.obj,Mug_24651c3767aa5089e19f4cee87249aca_fractured_34_piece_1.obj is not a valid directory, skipping.
Warning: /workspace/everyday_all_2/Mug_24651c3767aa5089e19f4cee87249aca_fractured_36_piece_0.obj,Mug_24651c3767aa5089e19f4cee87249aca_fractured_36_piece_1.obj is not a valid directory, skipping.
Warning: /workspace/everyday_all_2/Mug_24651c3767aa5089e19f4cee87249aca_fractured_2_piece_0.obj,Mug_24651c3767aa5089e19f4cee87249aca_fractured_2_piece_1.obj is not a valid directory, skipping.
Warning: /workspace/everyday_all_2/Mug_24651c3767aa5089e19f4cee87249aca_fractured_70_piece_0.obj,Mug_24651c3767aa5089e19f4cee87249aca_fractured_70_piece_1.obj is not a valid directory, skipping.
Warning: /workspace/everyday_all_2/Mug_24651c3767aa5089e19f4cee87249aca_fractured_27_piece_0.obj,Mug_24651c3767aa5089e19f4cee87249aca_fractured_27_piece_1.obj is not a valid directory, skipping.
Warning: /workspace/everyday_all_2/Bottle_a1c63c463ad7fc1fb549927fbd0d12d_fractured_8_piece_0.obj,Bottle_a1c63c463ad7fc1fb549927fbd0d12d_fractured_8_piece_1.obj is not a valid directory, skipping.
Warning: /workspace/everyday_all_2/Bottle_a1c63c463ad7fc1fb549927fbd0d12d_fractured_43_piece_0.obj,Bottle_a1c63c463ad7fc1fb549927fbd0d12d_fractured_43_piece_1.obj is not a valid directory, skipping.
Warning: /workspace/everyday_all_2/Bottle_a1c63c463ad7fc1fb549927fbd0d12d_fractured_30_piece_0.obj,Bottle_a1c63c463ad7fc1fb549927fbd0d12d_fractured_30_piece_1.obj is not a valid directory, skipping.
Warning: /workspace/everyday_all_2/Bottle_a1c63c463ad7fc1fb549927fbd0d12d_fractured_25_piece_0.obj,Bottle_a1c63c463ad7fc1fb549927fbd0d12d_fractured_25_piece_1.obj is not a valid directory, skipping.
Warning: /workspace/everyday_all_2/Bottle_a1c63c463ad7fc1fb549927fbd0d12d_fractured_32_piece_0.obj,Bottle_a1c63c463ad7fc1fb549927fbd0d12d_fractured_32_piece_1.obj is not a valid directory, skipping.
Warning: /workspace/everyday_all_2/Bottle_a1c63c463ad7fc1fb549927fbd0d12d_fractured_26_piece_0.obj,Bottle_a1c63c463ad7fc1fb549927fbd0d12d_fractured_26_piece_1.obj is not a valid directory, skipping.
Warning: /workspace/everyday_all_2/Bottle_a1c63c463ad7fc1fb549927fbd0d12d_fractured_4_piece_0.obj,Bottle_a1c63c463ad7fc1fb549927fbd0d12d_fractured_4_piece_1.obj is not a valid directory, skipping.
Warning: /workspace/everyday_all_2/Bottle_a1c63c463ad7fc1fb549927fbd0d12d_fractured_13_piece_0.obj,Bottle_a1c63c463ad7fc1fb549927fbd0d12d_fractured_13_piece_1.obj is not a valid directory, skipping.
Warning: /workspace/everyday_all_2/Bottle_a1c63c463ad7fc1fb549927fbd0d12d_fractured_61_piece_0.obj,Bottle_a1c63c463ad7fc1fb549927fbd0d12d_fractured_61_piece_1.obj is not a valid directory, skipping.
Warning: /workspace/everyday_all_2/Bottle_a1c63c463ad7fc1fb549927fbd0d12d_fractured_73_piece_0.obj,Bottle_a1c63c463ad7fc1fb549927fbd0d12d_fractured_73_piece_1.obj is not a valid directory, skipping.
Warning: /workspace/everyday_all_2/Bottle_a1c63c463ad7fc1fb549927fbd0d12d_fractured_64_piece_0.obj,Bottle_a1c63c463ad7fc1fb549927fbd0d12d_fractured_64_piece_1.obj is not a valid directory, skipping.
Warning: /workspace/everyday_all_2/Bottle_a1c63c463ad7fc1fb549927fbd0d12d_fractured_53_piece_0.obj,Bottle_a1c63c463ad7fc1fb549927fbd0d12d_fractured_53_piece_1.obj is not a valid directory, skipping.
Warning: /workspace/everyday_all_2/Bottle_a1c63c463ad7fc1fb549927fbd0d12d_fractured_63_piece_0.obj,Bottle_a1c63c463ad7fc1fb549927fbd0d12d_fractured_63_piece_1.obj is not a valid directory, skipping.
Warning: /workspace/everyday_all_2/Bowl_5_fractured_59_piece_0.obj,Bowl_5_fractured_59_piece_1.obj is not a valid directory, skipping.
Warning: /workspace/everyday_all_2/Bowl_5_fractured_56_piece_0.obj,Bowl_5_fractured_56_piece_1.obj is not a valid directory, skipping.
Warning: /workspace/everyday_all_2/Bowl_5_fractured_73_piece_0.obj,Bowl_5_fractured_73_piece_1.obj is not a valid directory, skipping.
Warning: /workspace/everyday_all_2/Bowl_5_fractured_67_piece_0.obj,Bowl_5_fractured_67_piece_1.obj is not a valid directory, skipping.
Warning: /workspace/everyday_all_2/Bowl_5_fractured_78_piece_0.obj,Bowl_5_fractured_78_piece_1.obj is not a valid directory, skipping.
Warning: /workspace/everyday_all_2/Bowl_5_fractured_17_piece_0.obj,Bowl_5_fractured_17_piece_1.obj is not a valid directory, skipping.
Warning: /workspace/everyday_all_2/Bowl_5_fractured_21_piece_0.obj,Bowl_5_fractured_21_piece_1.obj is not a valid directory, skipping.
Warning: /workspace/everyday_all_2/Bowl_5_fractured_7_piece_0.obj,Bowl_5_fractured_7_piece_1.obj is not a valid directory, skipping.
Warning: /workspace/everyday_all_2/Bowl_5_fractured_65_piece_0.obj,Bowl_5_fractured_65_piece_1.obj is not a valid directory, skipping.
Warning: /workspace/everyday_all_2/Bowl_5_fractured_37_piece_0.obj,Bowl_5_fractured_37_piece_1.obj is not a valid directory, skipping.
Warning: /workspace/everyday_all_2/Bowl_5_fractured_61_piece_0.obj,Bowl_5_fractured_61_piece_1.obj is not a valid directory, skipping.
Warning: /workspace/everyday_all_2/Bowl_5_fractured_38_piece_0.obj,Bowl_5_fractured_38_piece_1.obj is not a valid directory, skipping.
Warning: /workspace/everyday_all_2/Bowl_5_fractured_39_piece_0.obj,Bowl_5_fractured_39_piece_1.obj is not a valid directory, skipping.
Warning: /workspace/everyday_all_2/Vase_418003a4a24e2c18265d1076b4b6c5c_fractured_74_piece_0.obj,Vase_418003a4a24e2c18265d1076b4b6c5c_fractured_74_piece_1.obj is not a valid directory, skipping.
Warning: /workspace/everyday_all_2/Vase_418003a4a24e2c18265d1076b4b6c5c_fractured_71_piece_0.obj,Vase_418003a4a24e2c18265d1076b4b6c5c_fractured_71_piece_1.obj is not a valid directory, skipping.
Warning: /workspace/everyday_all_2/Vase_418003a4a24e2c18265d1076b4b6c5c_fractured_75_piece_0.obj,Vase_418003a4a24e2c18265d1076b4b6c5c_fractured_75_piece_1.obj is not a valid directory, skipping.
Warning: /workspace/everyday_all_2/Vase_418003a4a24e2c18265d1076b4b6c5c_fractured_54_piece_0.obj,Vase_418003a4a24e2c18265d1076b4b6c5c_fractured_54_piece_1.obj is not a valid directory, skipping.
Warning: /workspace/everyday_all_2/Vase_418003a4a24e2c18265d1076b4b6c5c_fractured_50_piece_0.obj,Vase_418003a4a24e2c18265d1076b4b6c5c_fractured_50_piece_1.obj is not a valid directory, skipping.
Warning: /workspace/everyday_all_2/Vase_418003a4a24e2c18265d1076b4b6c5c_fractured_0_piece_1.obj,Vase_418003a4a24e2c18265d1076b4b6c5c_fractured_0_piece_0.obj is not a valid directory, skipping.
Warning: /workspace/everyday_all_2/Vase_418003a4a24e2c18265d1076b4b6c5c_fractured_49_piece_0.obj,Vase_418003a4a24e2c18265d1076b4b6c5c_fractured_49_piece_1.obj is not a valid directory, skipping.
Warning: /workspace/everyday_all_2/Vase_418003a4a24e2c18265d1076b4b6c5c_fractured_48_piece_0.obj,Vase_418003a4a24e2c18265d1076b4b6c5c_fractured_48_piece_1.obj is not a valid directory, skipping.
Warning: /workspace/everyday_all_2/Vase_418003a4a24e2c18265d1076b4b6c5c_fractured_52_piece_0.obj,Vase_418003a4a24e2c18265d1076b4b6c5c_fractured_52_piece_1.obj is not a valid directory, skipping.
Warning: /workspace/everyday_all_2/Vase_418003a4a24e2c18265d1076b4b6c5c_fractured_2_piece_0.obj,Vase_418003a4a24e2c18265d1076b4b6c5c_fractured_2_piece_1.obj is not a valid directory, skipping.
Warning: /workspace/everyday_all_2/Vase_418003a4a24e2c18265d1076b4b6c5c_fractured_24_piece_0.obj,Vase_418003a4a24e2c18265d1076b4b6c5c_fractured_24_piece_1.obj is not a valid directory, skipping.
Warning: /workspace/everyday_all_2/Vase_418003a4a24e2c18265d1076b4b6c5c_fractured_43_piece_0.obj,Vase_418003a4a24e2c18265d1076b4b6c5c_fractured_43_piece_1.obj is not a valid directory, skipping.
Warning: /workspace/everyday_all_2/Bowl_3_fractured_63_piece_0.obj,Bowl_3_fractured_63_piece_1.obj is not a valid directory, skipping.
Warning: /workspace/everyday_all_2/Bowl_3_fractured_55_piece_0.obj,Bowl_3_fractured_55_piece_1.obj is not a valid directory, skipping.
Warning: /workspace/everyday_all_2/Bowl_3_fractured_73_piece_0.obj,Bowl_3_fractured_73_piece_1.obj is not a valid directory, skipping.
Warning: /workspace/everyday_all_2/Bowl_3_fractured_49_piece_0.obj,Bowl_3_fractured_49_piece_1.obj is not a valid directory, skipping.
Warning: /workspace/everyday_all_2/Bowl_3_fractured_7_piece_0.obj,Bowl_3_fractured_7_piece_1.obj is not a valid directory, skipping.
Warning: /workspace/everyday_all_2/Bowl_3_fractured_27_piece_0.obj,Bowl_3_fractured_27_piece_1.obj is not a valid directory, skipping.
Warning: /workspace/everyday_all_2/Bowl_3_fractured_59_piece_0.obj,Bowl_3_fractured_59_piece_1.obj is not a valid directory, skipping.
Warning: /workspace/everyday_all_2/Bottle_d2e7e725aa6b39f0d333084c1357713e_mode_1_piece_0.obj,Bottle_d2e7e725aa6b39f0d333084c1357713e_mode_1_piece_1.obj is not a valid directory, skipping.
Warning: /workspace/everyday_all_2/WineBottle_908e85e13c6fbde0a1ca08763d503f0e_fractured_30_piece_0.obj,WineBottle_908e85e13c6fbde0a1ca08763d503f0e_fractured_30_piece_1.obj is not a valid directory, skipping.
Warning: /workspace/everyday_all_2/WineBottle_908e85e13c6fbde0a1ca08763d503f0e_fractured_9_piece_0.obj,WineBottle_908e85e13c6fbde0a1ca08763d503f0e_fractured_9_piece_1.obj is not a valid directory, skipping.
Warning: /workspace/everyday_all_2/Vase_a4e262972400fa1bcf6209b3dc64e077_fractured_26_piece_0.obj,Vase_a4e262972400fa1bcf6209b3dc64e077_fractured_26_piece_1.obj is not a valid directory, skipping.
Warning: /workspace/everyday_all_2/Vase_a4e262972400fa1bcf6209b3dc64e077_fractured_61_piece_0.obj,Vase_a4e262972400fa1bcf6209b3dc64e077_fractured_61_piece_1.obj is not a valid directory, skipping.
Warning: /workspace/everyday_all_2/Vase_a4e262972400fa1bcf6209b3dc64e077_fractured_48_piece_0.obj,Vase_a4e262972400fa1bcf6209b3dc64e077_fractured_48_piece_1.obj is not a valid directory, skipping.
Warning: /workspace/everyday_all_2/Vase_a4e262972400fa1bcf6209b3dc64e077_fractured_45_piece_0.obj,Vase_a4e262972400fa1bcf6209b3dc64e077_fractured_45_piece_1.obj is not a valid directory, skipping.
Warning: /workspace/everyday_all_2/Vase_a4e262972400fa1bcf6209b3dc64e077_fractured_2_piece_1.obj,Vase_a4e262972400fa1bcf6209b3dc64e077_fractured_2_piece_0.obj is not a valid directory, skipping.
Warning: /workspace/everyday_all_2/Vase_a4e262972400fa1bcf6209b3dc64e077_fractured_55_piece_1.obj,Vase_a4e262972400fa1bcf6209b3dc64e077_fractured_55_piece_0.obj is not a valid directory, skipping.
Warning: /workspace/everyday_all_2/Vase_a4e262972400fa1bcf6209b3dc64e077_fractured_24_piece_1.obj,Vase_a4e262972400fa1bcf6209b3dc64e077_fractured_24_piece_0.obj is not a valid directory, skipping.
Warning: /workspace/everyday_all_2/Vase_89b700544754787d5385ca988a40ed06_fractured_33_piece_0.obj,Vase_89b700544754787d5385ca988a40ed06_fractured_33_piece_1.obj is not a valid directory, skipping.
Warning: /workspace/everyday_all_2/Vase_89b700544754787d5385ca988a40ed06_fractured_37_piece_0.obj,Vase_89b700544754787d5385ca988a40ed06_fractured_37_piece_1.obj is not a valid directory, skipping.
Warning: /workspace/everyday_all_2/Vase_89b700544754787d5385ca988a40ed06_fractured_59_piece_1.obj,Vase_89b700544754787d5385ca988a40ed06_fractured_59_piece_0.obj is not a valid directory, skipping.
Warning: /workspace/everyday_all_2/Vase_89b700544754787d5385ca988a40ed06_fractured_79_piece_0.obj,Vase_89b700544754787d5385ca988a40ed06_fractured_79_piece_1.obj is not a valid directory, skipping.
Warning: /workspace/everyday_all_2/Vase_89b700544754787d5385ca988a40ed06_fractured_2_piece_0.obj,Vase_89b700544754787d5385ca988a40ed06_fractured_2_piece_1.obj is not a valid directory, skipping.
Warning: /workspace/everyday_all_2/Vase_89b700544754787d5385ca988a40ed06_fractured_55_piece_1.obj,Vase_89b700544754787d5385ca988a40ed06_fractured_55_piece_0.obj is not a valid directory, skipping.
Warning: /workspace/everyday_all_2/Vase_89b700544754787d5385ca988a40ed06_fractured_60_piece_0.obj,Vase_89b700544754787d5385ca988a40ed06_fractured_60_piece_1.obj is not a valid directory, skipping.
Warning: /workspace/everyday_all_2/Vase_89b700544754787d5385ca988a40ed06_fractured_4_piece_0.obj,Vase_89b700544754787d5385ca988a40ed06_fractured_4_piece_1.obj is not a valid directory, skipping.
Warning: /workspace/everyday_all_2/Vase_89b700544754787d5385ca988a40ed06_fractured_74_piece_0.obj,Vase_89b700544754787d5385ca988a40ed06_fractured_74_piece_1.obj is not a valid directory, skipping.
Warning: /workspace/everyday_all_2/Vase_89b700544754787d5385ca988a40ed06_fractured_68_piece_1.obj,Vase_89b700544754787d5385ca988a40ed06_fractured_68_piece_0.obj is not a valid directory, skipping.
Warning: /workspace/everyday_all_2/Vase_89b700544754787d5385ca988a40ed06_fractured_57_piece_0.obj,Vase_89b700544754787d5385ca988a40ed06_fractured_57_piece_1.obj is not a valid directory, skipping.
Warning: /workspace/everyday_all_2/Vase_89b700544754787d5385ca988a40ed06_fractured_9_piece_0.obj,Vase_89b700544754787d5385ca988a40ed06_fractured_9_piece_1.obj is not a valid directory, skipping.
Warning: /workspace/everyday_all_2/Vase_89b700544754787d5385ca988a40ed06_fractured_66_piece_0.obj,Vase_89b700544754787d5385ca988a40ed06_fractured_66_piece_1.obj is not a valid directory, skipping.
Warning: /workspace/everyday_all_2/Mug_8b1dca1414ba88cb91986c63a4d7a99a_fractured_10_piece_0.obj,Mug_8b1dca1414ba88cb91986c63a4d7a99a_fractured_10_piece_1.obj is not a valid directory, skipping.
Warning: /workspace/everyday_all_2/Mug_8b1dca1414ba88cb91986c63a4d7a99a_fractured_73_piece_0.obj,Mug_8b1dca1414ba88cb91986c63a4d7a99a_fractured_73_piece_1.obj is not a valid directory, skipping.
Warning: /workspace/everyday_all_2/Mug_8b1dca1414ba88cb91986c63a4d7a99a_fractured_51_piece_0.obj,Mug_8b1dca1414ba88cb91986c63a4d7a99a_fractured_51_piece_1.obj is not a valid directory, skipping.
Warning: /workspace/everyday_all_2/Mug_8b1dca1414ba88cb91986c63a4d7a99a_fractured_20_piece_0.obj,Mug_8b1dca1414ba88cb91986c63a4d7a99a_fractured_20_piece_1.obj is not a valid directory, skipping.
Warning: /workspace/everyday_all_2/Mug_8b1dca1414ba88cb91986c63a4d7a99a_fractured_55_piece_0.obj,Mug_8b1dca1414ba88cb91986c63a4d7a99a_fractured_55_piece_1.obj is not a valid directory, skipping.
Warning: /workspace/everyday_all_2/Mug_8b1dca1414ba88cb91986c63a4d7a99a_fractured_66_piece_0.obj,Mug_8b1dca1414ba88cb91986c63a4d7a99a_fractured_66_piece_1.obj is not a valid directory, skipping.
Warning: /workspace/everyday_all_2/Mug_8b1dca1414ba88cb91986c63a4d7a99a_fractured_15_piece_0.obj,Mug_8b1dca1414ba88cb91986c63a4d7a99a_fractured_15_piece_1.obj is not a valid directory, skipping.
Warning: /workspace/everyday_all_2/Mug_8b1dca1414ba88cb91986c63a4d7a99a_fractured_6_piece_0.obj,Mug_8b1dca1414ba88cb91986c63a4d7a99a_fractured_6_piece_1.obj is not a valid directory, skipping.
Warning: /workspace/everyday_all_2/Mug_8b1dca1414ba88cb91986c63a4d7a99a_fractured_76_piece_0.obj,Mug_8b1dca1414ba88cb91986c63a4d7a99a_fractured_76_piece_1.obj is not a valid directory, skipping.
Warning: /workspace/everyday_all_2/Mug_8b1dca1414ba88cb91986c63a4d7a99a_fractured_32_piece_0.obj,Mug_8b1dca1414ba88cb91986c63a4d7a99a_fractured_32_piece_1.obj is not a valid directory, skipping.
Warning: /workspace/everyday_all_2/Mug_8b1dca1414ba88cb91986c63a4d7a99a_fractured_24_piece_0.obj,Mug_8b1dca1414ba88cb91986c63a4d7a99a_fractured_24_piece_1.obj is not a valid directory, skipping.
Warning: /workspace/everyday_all_2/Mug_8b1dca1414ba88cb91986c63a4d7a99a_fractured_29_piece_0.obj,Mug_8b1dca1414ba88cb91986c63a4d7a99a_fractured_29_piece_1.obj is not a valid directory, skipping.
Warning: /workspace/everyday_all_2/Mug_8b1dca1414ba88cb91986c63a4d7a99a_fractured_11_piece_0.obj,Mug_8b1dca1414ba88cb91986c63a4d7a99a_fractured_11_piece_1.obj is not a valid directory, skipping.
Warning: /workspace/everyday_all_2/Mug_8b1dca1414ba88cb91986c63a4d7a99a_fractured_18_piece_0.obj,Mug_8b1dca1414ba88cb91986c63a4d7a99a_fractured_18_piece_1.obj is not a valid directory, skipping.
Warning: /workspace/everyday_all_2/Mug_8b1dca1414ba88cb91986c63a4d7a99a_fractured_5_piece_0.obj,Mug_8b1dca1414ba88cb91986c63a4d7a99a_fractured_5_piece_1.obj is not a valid directory, skipping.
Warning: /workspace/everyday_all_2/Mug_8b1dca1414ba88cb91986c63a4d7a99a_fractured_58_piece_0.obj,Mug_8b1dca1414ba88cb91986c63a4d7a99a_fractured_58_piece_1.obj is not a valid directory, skipping.
Warning: /workspace/everyday_all_2/Cookie_a8e3118bec4c495f737a00f007529fbf_fractured_64_piece_0.obj,Cookie_a8e3118bec4c495f737a00f007529fbf_fractured_64_piece_1.obj is not a valid directory, skipping.
Warning: /workspace/everyday_all_2/Cookie_a8e3118bec4c495f737a00f007529fbf_fractured_60_piece_0.obj,Cookie_a8e3118bec4c495f737a00f007529fbf_fractured_60_piece_1.obj is not a valid directory, skipping.
Warning: /workspace/everyday_all_2/Cookie_a8e3118bec4c495f737a00f007529fbf_fractured_55_piece_0.obj,Cookie_a8e3118bec4c495f737a00f007529fbf_fractured_55_piece_1.obj is not a valid directory, skipping.
Warning: /workspace/everyday_all_2/Cookie_a8e3118bec4c495f737a00f007529fbf_fractured_67_piece_0.obj,Cookie_a8e3118bec4c495f737a00f007529fbf_fractured_67_piece_1.obj is not a valid directory, skipping.
Warning: /workspace/everyday_all_2/Cookie_a8e3118bec4c495f737a00f007529fbf_fractured_58_piece_0.obj,Cookie_a8e3118bec4c495f737a00f007529fbf_fractured_58_piece_1.obj is not a valid directory, skipping.
Warning: /workspace/everyday_all_2/Cookie_a8e3118bec4c495f737a00f007529fbf_fractured_72_piece_0.obj,Cookie_a8e3118bec4c495f737a00f007529fbf_fractured_72_piece_1.obj is not a valid directory, skipping.
Warning: /workspace/everyday_all_2/Cookie_a8e3118bec4c495f737a00f007529fbf_fractured_52_piece_0.obj,Cookie_a8e3118bec4c495f737a00f007529fbf_fractured_52_piece_1.obj is not a valid directory, skipping.
Warning: /workspace/everyday_all_2/Cookie_a8e3118bec4c495f737a00f007529fbf_fractured_30_piece_0.obj,Cookie_a8e3118bec4c495f737a00f007529fbf_fractured_30_piece_1.obj is not a valid directory, skipping.
Warning: /workspace/everyday_all_2/Cookie_a8e3118bec4c495f737a00f007529fbf_fractured_9_piece_0.obj,Cookie_a8e3118bec4c495f737a00f007529fbf_fractured_9_piece_1.obj is not a valid directory, skipping.
Warning: /workspace/everyday_all_2/Cookie_a8e3118bec4c495f737a00f007529fbf_fractured_12_piece_0.obj,Cookie_a8e3118bec4c495f737a00f007529fbf_fractured_12_piece_1.obj is not a valid directory, skipping.
Warning: /workspace/everyday_all_2/Cookie_a8e3118bec4c495f737a00f007529fbf_fractured_26_piece_0.obj,Cookie_a8e3118bec4c495f737a00f007529fbf_fractured_26_piece_1.obj is not a valid directory, skipping.
Warning: /workspace/everyday_all_2/Cookie_a8e3118bec4c495f737a00f007529fbf_fractured_65_piece_0.obj,Cookie_a8e3118bec4c495f737a00f007529fbf_fractured_65_piece_1.obj is not a valid directory, skipping.
Warning: /workspace/everyday_all_2/Cookie_a8e3118bec4c495f737a00f007529fbf_fractured_3_piece_0.obj,Cookie_a8e3118bec4c495f737a00f007529fbf_fractured_3_piece_1.obj is not a valid directory, skipping.
Warning: /workspace/everyday_all_2/ToyFigure_3ba8803f914ac8d767ff608a5fbe6aa8_fractured_15_piece_0.obj,ToyFigure_3ba8803f914ac8d767ff608a5fbe6aa8_fractured_15_piece_1.obj is not a valid directory, skipping.
Warning: /workspace/everyday_all_2/ToyFigure_3ba8803f914ac8d767ff608a5fbe6aa8_fractured_55_piece_0.obj,ToyFigure_3ba8803f914ac8d767ff608a5fbe6aa8_fractured_55_piece_1.obj is not a valid directory, skipping.
Warning: /workspace/everyday_all_2/ToyFigure_3ba8803f914ac8d767ff608a5fbe6aa8_fractured_7_piece_0.obj,ToyFigure_3ba8803f914ac8d767ff608a5fbe6aa8_fractured_7_piece_1.obj is not a valid directory, skipping.
Warning: /workspace/everyday_all_2/ToyFigure_3ba8803f914ac8d767ff608a5fbe6aa8_fractured_30_piece_0.obj,ToyFigure_3ba8803f914ac8d767ff608a5fbe6aa8_fractured_30_piece_1.obj is not a valid directory, skipping.
Warning: /workspace/everyday_all_2/ToyFigure_3ba8803f914ac8d767ff608a5fbe6aa8_fractured_56_piece_0.obj,ToyFigure_3ba8803f914ac8d767ff608a5fbe6aa8_fractured_56_piece_1.obj is not a valid directory, skipping.
Warning: /workspace/everyday_all_2/ToyFigure_3ba8803f914ac8d767ff608a5fbe6aa8_fractured_10_piece_0.obj,ToyFigure_3ba8803f914ac8d767ff608a5fbe6aa8_fractured_10_piece_1.obj is not a valid directory, skipping.
Warning: /workspace/everyday_all_2/ToyFigure_3ba8803f914ac8d767ff608a5fbe6aa8_fractured_50_piece_0.obj,ToyFigure_3ba8803f914ac8d767ff608a5fbe6aa8_fractured_50_piece_1.obj is not a valid directory, skipping.
Warning: /workspace/everyday_all_2/ToyFigure_3ba8803f914ac8d767ff608a5fbe6aa8_fractured_64_piece_0.obj,ToyFigure_3ba8803f914ac8d767ff608a5fbe6aa8_fractured_64_piece_1.obj is not a valid directory, skipping.
Warning: /workspace/everyday_all_2/Bowl_6_fractured_54_piece_0.obj,Bowl_6_fractured_54_piece_1.obj is not a valid directory, skipping.
Warning: /workspace/everyday_all_2/Bowl_6_fractured_13_piece_0.obj,Bowl_6_fractured_13_piece_1.obj is not a valid directory, skipping.
Warning: /workspace/everyday_all_2/Bowl_6_fractured_8_piece_0.obj,Bowl_6_fractured_8_piece_1.obj is not a valid directory, skipping.
Warning: /workspace/everyday_all_2/Bowl_6_fractured_12_piece_0.obj,Bowl_6_fractured_12_piece_1.obj is not a valid directory, skipping.
Warning: /workspace/everyday_all_2/Bowl_6_fractured_40_piece_0.obj,Bowl_6_fractured_40_piece_1.obj is not a valid directory, skipping.
Warning: /workspace/everyday_all_2/Bowl_6_fractured_64_piece_0.obj,Bowl_6_fractured_64_piece_1.obj is not a valid directory, skipping.
Warning: /workspace/everyday_all_2/Bowl_6_fractured_32_piece_0.obj,Bowl_6_fractured_32_piece_1.obj is not a valid directory, skipping.
Warning: /workspace/everyday_all_2/Bowl_6_fractured_42_piece_0.obj,Bowl_6_fractured_42_piece_1.obj is not a valid directory, skipping.
Warning: /workspace/everyday_all_2/Vase_415a96bfbb45b3ee35836c728d324152_fractured_5_piece_1.obj,Vase_415a96bfbb45b3ee35836c728d324152_fractured_5_piece_0.obj is not a valid directory, skipping.
Warning: /workspace/everyday_all_2/Vase_415a96bfbb45b3ee35836c728d324152_fractured_68_piece_1.obj,Vase_415a96bfbb45b3ee35836c728d324152_fractured_68_piece_0.obj is not a valid directory, skipping.
Warning: /workspace/everyday_all_2/Vase_415a96bfbb45b3ee35836c728d324152_fractured_55_piece_0.obj,Vase_415a96bfbb45b3ee35836c728d324152_fractured_55_piece_1.obj is not a valid directory, skipping.
Warning: /workspace/everyday_all_2/Vase_415a96bfbb45b3ee35836c728d324152_fractured_30_piece_0.obj,Vase_415a96bfbb45b3ee35836c728d324152_fractured_30_piece_1.obj is not a valid directory, skipping.
Warning: /workspace/everyday_all_2/WineBottle_109d55a137c042f5760315ac3bf2c13e_fractured_38_piece_0.obj,WineBottle_109d55a137c042f5760315ac3bf2c13e_fractured_38_piece_1.obj is not a valid directory, skipping.
Warning: /workspace/everyday_all_2/WineBottle_109d55a137c042f5760315ac3bf2c13e_fractured_62_piece_0.obj,WineBottle_109d55a137c042f5760315ac3bf2c13e_fractured_62_piece_1.obj is not a valid directory, skipping.
Warning: /workspace/everyday_all_2/WineBottle_109d55a137c042f5760315ac3bf2c13e_fractured_23_piece_0.obj,WineBottle_109d55a137c042f5760315ac3bf2c13e_fractured_23_piece_1.obj is not a valid directory, skipping.
Warning: /workspace/everyday_all_2/WineBottle_109d55a137c042f5760315ac3bf2c13e_fractured_7_piece_0.obj,WineBottle_109d55a137c042f5760315ac3bf2c13e_fractured_7_piece_1.obj is not a valid directory, skipping.
Warning: /workspace/everyday_all_2/WineBottle_109d55a137c042f5760315ac3bf2c13e_fractured_72_piece_0.obj,WineBottle_109d55a137c042f5760315ac3bf2c13e_fractured_72_piece_1.obj is not a valid directory, skipping.
Warning: /workspace/everyday_all_2/WineBottle_109d55a137c042f5760315ac3bf2c13e_fractured_59_piece_0.obj,WineBottle_109d55a137c042f5760315ac3bf2c13e_fractured_59_piece_1.obj is not a valid directory, skipping.
Warning: /workspace/everyday_all_2/WineBottle_109d55a137c042f5760315ac3bf2c13e_fractured_70_piece_0.obj,WineBottle_109d55a137c042f5760315ac3bf2c13e_fractured_70_piece_1.obj is not a valid directory, skipping.
Warning: /workspace/everyday_all_2/WineBottle_109d55a137c042f5760315ac3bf2c13e_fractured_17_piece_0.obj,WineBottle_109d55a137c042f5760315ac3bf2c13e_fractured_17_piece_1.obj is not a valid directory, skipping.
Warning: /workspace/everyday_all_2/WineBottle_109d55a137c042f5760315ac3bf2c13e_fractured_64_piece_0.obj,WineBottle_109d55a137c042f5760315ac3bf2c13e_fractured_64_piece_1.obj is not a valid directory, skipping.
Warning: /workspace/everyday_all_2/WineBottle_109d55a137c042f5760315ac3bf2c13e_fractured_51_piece_0.obj,WineBottle_109d55a137c042f5760315ac3bf2c13e_fractured_51_piece_1.obj is not a valid directory, skipping.
Warning: /workspace/everyday_all_2/WineBottle_109d55a137c042f5760315ac3bf2c13e_fractured_66_piece_0.obj,WineBottle_109d55a137c042f5760315ac3bf2c13e_fractured_66_piece_1.obj is not a valid directory, skipping.
Warning: /workspace/everyday_all_2/WineBottle_7b1fc86844257f8fa54fd40ef3a8dfd0_fractured_58_piece_0.obj,WineBottle_7b1fc86844257f8fa54fd40ef3a8dfd0_fractured_58_piece_1.obj is not a valid directory, skipping.
Warning: /workspace/everyday_all_2/WineBottle_7b1fc86844257f8fa54fd40ef3a8dfd0_fractured_48_piece_0.obj,WineBottle_7b1fc86844257f8fa54fd40ef3a8dfd0_fractured_48_piece_1.obj is not a valid directory, skipping.
Warning: /workspace/everyday_all_2/WineBottle_7b1fc86844257f8fa54fd40ef3a8dfd0_fractured_53_piece_0.obj,WineBottle_7b1fc86844257f8fa54fd40ef3a8dfd0_fractured_53_piece_1.obj is not a valid directory, skipping.
Warning: /workspace/everyday_all_2/WineBottle_7b1fc86844257f8fa54fd40ef3a8dfd0_fractured_19_piece_0.obj,WineBottle_7b1fc86844257f8fa54fd40ef3a8dfd0_fractured_19_piece_1.obj is not a valid directory, skipping.
Warning: /workspace/everyday_all_2/WineBottle_7b1fc86844257f8fa54fd40ef3a8dfd0_fractured_39_piece_0.obj,WineBottle_7b1fc86844257f8fa54fd40ef3a8dfd0_fractured_39_piece_1.obj is not a valid directory, skipping.
Warning: /workspace/everyday_all_2/WineBottle_7b1fc86844257f8fa54fd40ef3a8dfd0_fractured_13_piece_0.obj,WineBottle_7b1fc86844257f8fa54fd40ef3a8dfd0_fractured_13_piece_1.obj is not a valid directory, skipping.
Warning: /workspace/everyday_all_2/WineBottle_7b1fc86844257f8fa54fd40ef3a8dfd0_fractured_49_piece_0.obj,WineBottle_7b1fc86844257f8fa54fd40ef3a8dfd0_fractured_49_piece_1.obj is not a valid directory, skipping.
Warning: /workspace/everyday_all_2/WineBottle_7b1fc86844257f8fa54fd40ef3a8dfd0_fractured_12_piece_0.obj,WineBottle_7b1fc86844257f8fa54fd40ef3a8dfd0_fractured_12_piece_1.obj is not a valid directory, skipping.
Warning: /workspace/everyday_all_2/WineBottle_7b1fc86844257f8fa54fd40ef3a8dfd0_fractured_5_piece_0.obj,WineBottle_7b1fc86844257f8fa54fd40ef3a8dfd0_fractured_5_piece_1.obj is not a valid directory, skipping.
Warning: /workspace/everyday_all_2/WineBottle_7b1fc86844257f8fa54fd40ef3a8dfd0_fractured_4_piece_0.obj,WineBottle_7b1fc86844257f8fa54fd40ef3a8dfd0_fractured_4_piece_1.obj is not a valid directory, skipping.
Warning: /workspace/everyday_all_2/WineBottle_7b1fc86844257f8fa54fd40ef3a8dfd0_fractured_35_piece_0.obj,WineBottle_7b1fc86844257f8fa54fd40ef3a8dfd0_fractured_35_piece_1.obj is not a valid directory, skipping.
Warning: /workspace/everyday_all_2/WineBottle_7b1fc86844257f8fa54fd40ef3a8dfd0_fractured_16_piece_0.obj,WineBottle_7b1fc86844257f8fa54fd40ef3a8dfd0_fractured_16_piece_1.obj is not a valid directory, skipping.
Warning: /workspace/everyday_all_2/WineBottle_7b1fc86844257f8fa54fd40ef3a8dfd0_fractured_60_piece_0.obj,WineBottle_7b1fc86844257f8fa54fd40ef3a8dfd0_fractured_60_piece_1.obj is not a valid directory, skipping.
Warning: /workspace/everyday_all_2/WineBottle_7b1fc86844257f8fa54fd40ef3a8dfd0_fractured_29_piece_0.obj,WineBottle_7b1fc86844257f8fa54fd40ef3a8dfd0_fractured_29_piece_1.obj is not a valid directory, skipping.
Warning: /workspace/everyday_all_2/Cup_1e227771ef66abdb4212ff51b27f0221_fractured_36_piece_0.obj,Cup_1e227771ef66abdb4212ff51b27f0221_fractured_36_piece_1.obj is not a valid directory, skipping.
Warning: /workspace/everyday_all_2/Cup_1e227771ef66abdb4212ff51b27f0221_fractured_76_piece_0.obj,Cup_1e227771ef66abdb4212ff51b27f0221_fractured_76_piece_1.obj is not a valid directory, skipping.
Warning: /workspace/everyday_all_2/Cup_1e227771ef66abdb4212ff51b27f0221_fractured_62_piece_0.obj,Cup_1e227771ef66abdb4212ff51b27f0221_fractured_62_piece_1.obj is not a valid directory, skipping.
Warning: /workspace/everyday_all_2/Cup_1e227771ef66abdb4212ff51b27f0221_fractured_65_piece_0.obj,Cup_1e227771ef66abdb4212ff51b27f0221_fractured_65_piece_1.obj is not a valid directory, skipping.
Warning: /workspace/everyday_all_2/Cup_1e227771ef66abdb4212ff51b27f0221_fractured_24_piece_0.obj,Cup_1e227771ef66abdb4212ff51b27f0221_fractured_24_piece_1.obj is not a valid directory, skipping.
Warning: /workspace/everyday_all_2/Cup_1e227771ef66abdb4212ff51b27f0221_fractured_4_piece_0.obj,Cup_1e227771ef66abdb4212ff51b27f0221_fractured_4_piece_1.obj is not a valid directory, skipping.
Warning: /workspace/everyday_all_2/Vase_a16e051fe5507ae2396ca3dd50467ab_fractured_32_piece_0.obj,Vase_a16e051fe5507ae2396ca3dd50467ab_fractured_32_piece_1.obj is not a valid directory, skipping.
Warning: /workspace/everyday_all_2/Vase_a16e051fe5507ae2396ca3dd50467ab_fractured_23_piece_0.obj,Vase_a16e051fe5507ae2396ca3dd50467ab_fractured_23_piece_1.obj is not a valid directory, skipping.
Warning: /workspace/everyday_all_2/Vase_a16e051fe5507ae2396ca3dd50467ab_fractured_40_piece_0.obj,Vase_a16e051fe5507ae2396ca3dd50467ab_fractured_40_piece_1.obj is not a valid directory, skipping.
Warning: /workspace/everyday_all_2/Vase_a16e051fe5507ae2396ca3dd50467ab_fractured_37_piece_1.obj,Vase_a16e051fe5507ae2396ca3dd50467ab_fractured_37_piece_0.obj is not a valid directory, skipping.
Warning: /workspace/everyday_all_2/Vase_a16e051fe5507ae2396ca3dd50467ab_fractured_6_piece_0.obj,Vase_a16e051fe5507ae2396ca3dd50467ab_fractured_6_piece_1.obj is not a valid directory, skipping.
Warning: /workspace/everyday_all_2/Vase_a16e051fe5507ae2396ca3dd50467ab_fractured_66_piece_0.obj,Vase_a16e051fe5507ae2396ca3dd50467ab_fractured_66_piece_1.obj is not a valid directory, skipping.
Warning: /workspace/everyday_all_2/Vase_a16e051fe5507ae2396ca3dd50467ab_fractured_69_piece_0.obj,Vase_a16e051fe5507ae2396ca3dd50467ab_fractured_69_piece_1.obj is not a valid directory, skipping.
Warning: /workspace/everyday_all_2/ToyFigure_32661bba4a8063095093b263e7c69565_fractured_67_piece_0.obj,ToyFigure_32661bba4a8063095093b263e7c69565_fractured_67_piece_1.obj is not a valid directory, skipping.
Warning: /workspace/everyday_all_2/ToyFigure_32661bba4a8063095093b263e7c69565_fractured_78_piece_0.obj,ToyFigure_32661bba4a8063095093b263e7c69565_fractured_78_piece_1.obj is not a valid directory, skipping.
Warning: /workspace/everyday_all_2/ToyFigure_32661bba4a8063095093b263e7c69565_fractured_69_piece_0.obj,ToyFigure_32661bba4a8063095093b263e7c69565_fractured_69_piece_1.obj is not a valid directory, skipping.
Warning: /workspace/everyday_all_2/ToyFigure_32661bba4a8063095093b263e7c69565_fractured_59_piece_0.obj,ToyFigure_32661bba4a8063095093b263e7c69565_fractured_59_piece_1.obj is not a valid directory, skipping.
Warning: /workspace/everyday_all_2/ToyFigure_32661bba4a8063095093b263e7c69565_fractured_64_piece_0.obj,ToyFigure_32661bba4a8063095093b263e7c69565_fractured_64_piece_1.obj is not a valid directory, skipping.
Warning: /workspace/everyday_all_2/ToyFigure_32661bba4a8063095093b263e7c69565_fractured_35_piece_0.obj,ToyFigure_32661bba4a8063095093b263e7c69565_fractured_35_piece_1.obj is not a valid directory, skipping.
Warning: /workspace/everyday_all_2/ToyFigure_32661bba4a8063095093b263e7c69565_fractured_77_piece_0.obj,ToyFigure_32661bba4a8063095093b263e7c69565_fractured_77_piece_1.obj is not a valid directory, skipping.
Warning: /workspace/everyday_all_2/ToyFigure_32661bba4a8063095093b263e7c69565_fractured_20_piece_0.obj,ToyFigure_32661bba4a8063095093b263e7c69565_fractured_20_piece_1.obj is not a valid directory, skipping.
Warning: /workspace/everyday_all_2/Mug_1_fractured_77_piece_0.obj,Mug_1_fractured_77_piece_1.obj is not a valid directory, skipping.
Warning: /workspace/everyday_all_2/Mug_1_fractured_69_piece_0.obj,Mug_1_fractured_69_piece_1.obj is not a valid directory, skipping.
Warning: /workspace/everyday_all_2/Mug_1_fractured_8_piece_0.obj,Mug_1_fractured_8_piece_1.obj is not a valid directory, skipping.
Warning: /workspace/everyday_all_2/PillBottle_bb234652525a68498d969821a85884b2_fractured_6_piece_0.obj,PillBottle_bb234652525a68498d969821a85884b2_fractured_6_piece_1.obj is not a valid directory, skipping.
Warning: /workspace/everyday_all_2/PillBottle_bb234652525a68498d969821a85884b2_fractured_73_piece_0.obj,PillBottle_bb234652525a68498d969821a85884b2_fractured_73_piece_1.obj is not a valid directory, skipping.
Warning: /workspace/everyday_all_2/PillBottle_bb234652525a68498d969821a85884b2_fractured_45_piece_0.obj,PillBottle_bb234652525a68498d969821a85884b2_fractured_45_piece_1.obj is not a valid directory, skipping.
Warning: /workspace/everyday_all_2/PillBottle_bb234652525a68498d969821a85884b2_fractured_66_piece_0.obj,PillBottle_bb234652525a68498d969821a85884b2_fractured_66_piece_1.obj is not a valid directory, skipping.
Warning: /workspace/everyday_all_2/PillBottle_bb234652525a68498d969821a85884b2_fractured_32_piece_0.obj,PillBottle_bb234652525a68498d969821a85884b2_fractured_32_piece_1.obj is not a valid directory, skipping.
Warning: /workspace/everyday_all_2/PillBottle_bb234652525a68498d969821a85884b2_fractured_15_piece_0.obj,PillBottle_bb234652525a68498d969821a85884b2_fractured_15_piece_1.obj is not a valid directory, skipping.
Warning: /workspace/everyday_all_2/PillBottle_bb234652525a68498d969821a85884b2_fractured_21_piece_0.obj,PillBottle_bb234652525a68498d969821a85884b2_fractured_21_piece_1.obj is not a valid directory, skipping.
Warning: /workspace/everyday_all_2/PillBottle_bb234652525a68498d969821a85884b2_fractured_11_piece_0.obj,PillBottle_bb234652525a68498d969821a85884b2_fractured_11_piece_1.obj is not a valid directory, skipping.
Warning: /workspace/everyday_all_2/PillBottle_bb234652525a68498d969821a85884b2_fractured_3_piece_0.obj,PillBottle_bb234652525a68498d969821a85884b2_fractured_3_piece_1.obj is not a valid directory, skipping.
Warning: /workspace/everyday_all_2/PillBottle_bb234652525a68498d969821a85884b2_fractured_64_piece_0.obj,PillBottle_bb234652525a68498d969821a85884b2_fractured_64_piece_1.obj is not a valid directory, skipping.
Warning: /workspace/everyday_all_2/PillBottle_bb234652525a68498d969821a85884b2_fractured_62_piece_0.obj,PillBottle_bb234652525a68498d969821a85884b2_fractured_62_piece_1.obj is not a valid directory, skipping.
Warning: /workspace/everyday_all_2/PillBottle_bb234652525a68498d969821a85884b2_fractured_58_piece_0.obj,PillBottle_bb234652525a68498d969821a85884b2_fractured_58_piece_1.obj is not a valid directory, skipping.
Warning: /workspace/everyday_all_2/Bottle_af3dda1cfe61d0fc9403b0d0536a04af_fractured_44_piece_0.obj,Bottle_af3dda1cfe61d0fc9403b0d0536a04af_fractured_44_piece_1.obj is not a valid directory, skipping.
Warning: /workspace/everyday_all_2/Bottle_af3dda1cfe61d0fc9403b0d0536a04af_fractured_56_piece_0.obj,Bottle_af3dda1cfe61d0fc9403b0d0536a04af_fractured_56_piece_1.obj is not a valid directory, skipping.
Warning: /workspace/everyday_all_2/Bottle_af3dda1cfe61d0fc9403b0d0536a04af_fractured_38_piece_0.obj,Bottle_af3dda1cfe61d0fc9403b0d0536a04af_fractured_38_piece_1.obj is not a valid directory, skipping.
Warning: /workspace/everyday_all_2/Bottle_af3dda1cfe61d0fc9403b0d0536a04af_fractured_7_piece_0.obj,Bottle_af3dda1cfe61d0fc9403b0d0536a04af_fractured_7_piece_1.obj is not a valid directory, skipping.
Warning: /workspace/everyday_all_2/Bottle_af3dda1cfe61d0fc9403b0d0536a04af_fractured_8_piece_0.obj,Bottle_af3dda1cfe61d0fc9403b0d0536a04af_fractured_8_piece_1.obj is not a valid directory, skipping.
Warning: /workspace/everyday_all_2/Bottle_af3dda1cfe61d0fc9403b0d0536a04af_fractured_59_piece_0.obj,Bottle_af3dda1cfe61d0fc9403b0d0536a04af_fractured_59_piece_1.obj is not a valid directory, skipping.
Warning: /workspace/everyday_all_2/Bottle_af3dda1cfe61d0fc9403b0d0536a04af_fractured_36_piece_0.obj,Bottle_af3dda1cfe61d0fc9403b0d0536a04af_fractured_36_piece_1.obj is not a valid directory, skipping.
Warning: /workspace/everyday_all_2/Bottle_af3dda1cfe61d0fc9403b0d0536a04af_fractured_37_piece_0.obj,Bottle_af3dda1cfe61d0fc9403b0d0536a04af_fractured_37_piece_1.obj is not a valid directory, skipping.
Warning: /workspace/everyday_all_2/Bottle_af3dda1cfe61d0fc9403b0d0536a04af_fractured_1_piece_0.obj,Bottle_af3dda1cfe61d0fc9403b0d0536a04af_fractured_1_piece_1.obj is not a valid directory, skipping.
Warning: /workspace/everyday_all_2/Bottle_af3dda1cfe61d0fc9403b0d0536a04af_fractured_32_piece_0.obj,Bottle_af3dda1cfe61d0fc9403b0d0536a04af_fractured_32_piece_1.obj is not a valid directory, skipping.
Warning: /workspace/everyday_all_2/Bottle_af3dda1cfe61d0fc9403b0d0536a04af_fractured_25_piece_0.obj,Bottle_af3dda1cfe61d0fc9403b0d0536a04af_fractured_25_piece_1.obj is not a valid directory, skipping.
Warning: /workspace/everyday_all_2/WineBottle_546111e6869f41aca577e3e5353dd356_fractured_76_piece_0.obj,WineBottle_546111e6869f41aca577e3e5353dd356_fractured_76_piece_1.obj is not a valid directory, skipping.
Warning: /workspace/everyday_all_2/WineBottle_546111e6869f41aca577e3e5353dd356_fractured_26_piece_0.obj,WineBottle_546111e6869f41aca577e3e5353dd356_fractured_26_piece_1.obj is not a valid directory, skipping.
Warning: /workspace/everyday_all_2/WineBottle_546111e6869f41aca577e3e5353dd356_fractured_20_piece_0.obj,WineBottle_546111e6869f41aca577e3e5353dd356_fractured_20_piece_1.obj is not a valid directory, skipping.
Warning: /workspace/everyday_all_2/WineBottle_546111e6869f41aca577e3e5353dd356_fractured_74_piece_0.obj,WineBottle_546111e6869f41aca577e3e5353dd356_fractured_74_piece_1.obj is not a valid directory, skipping.
Warning: /workspace/everyday_all_2/WineBottle_546111e6869f41aca577e3e5353dd356_fractured_51_piece_0.obj,WineBottle_546111e6869f41aca577e3e5353dd356_fractured_51_piece_1.obj is not a valid directory, skipping.
Warning: /workspace/everyday_all_2/WineBottle_546111e6869f41aca577e3e5353dd356_fractured_61_piece_0.obj,WineBottle_546111e6869f41aca577e3e5353dd356_fractured_61_piece_1.obj is not a valid directory, skipping.
Warning: /workspace/everyday_all_2/WineBottle_546111e6869f41aca577e3e5353dd356_fractured_1_piece_0.obj,WineBottle_546111e6869f41aca577e3e5353dd356_fractured_1_piece_1.obj is not a valid directory, skipping.
Warning: /workspace/everyday_all_2/WineBottle_546111e6869f41aca577e3e5353dd356_fractured_52_piece_0.obj,WineBottle_546111e6869f41aca577e3e5353dd356_fractured_52_piece_1.obj is not a valid directory, skipping.
Warning: /workspace/everyday_all_2/WineBottle_546111e6869f41aca577e3e5353dd356_fractured_28_piece_0.obj,WineBottle_546111e6869f41aca577e3e5353dd356_fractured_28_piece_1.obj is not a valid directory, skipping.
Warning: /workspace/everyday_all_2/WineBottle_546111e6869f41aca577e3e5353dd356_fractured_32_piece_0.obj,WineBottle_546111e6869f41aca577e3e5353dd356_fractured_32_piece_1.obj is not a valid directory, skipping.
Warning: /workspace/everyday_all_2/WineBottle_546111e6869f41aca577e3e5353dd356_fractured_23_piece_0.obj,WineBottle_546111e6869f41aca577e3e5353dd356_fractured_23_piece_1.obj is not a valid directory, skipping.
Warning: /workspace/everyday_all_2/WineBottle_546111e6869f41aca577e3e5353dd356_fractured_69_piece_0.obj,WineBottle_546111e6869f41aca577e3e5353dd356_fractured_69_piece_1.obj is not a valid directory, skipping.
Warning: /workspace/everyday_all_2/WineBottle_546111e6869f41aca577e3e5353dd356_fractured_34_piece_0.obj,WineBottle_546111e6869f41aca577e3e5353dd356_fractured_34_piece_1.obj is not a valid directory, skipping.
Warning: /workspace/everyday_all_2/WineBottle_546111e6869f41aca577e3e5353dd356_fractured_36_piece_0.obj,WineBottle_546111e6869f41aca577e3e5353dd356_fractured_36_piece_1.obj is not a valid directory, skipping.
Warning: /workspace/everyday_all_2/Mirror_d8051303d474fff937ac8d648045f9c5_fractured_52_piece_0.obj,Mirror_d8051303d474fff937ac8d648045f9c5_fractured_52_piece_1.obj is not a valid directory, skipping.
Warning: /workspace/everyday_all_2/Mirror_d8051303d474fff937ac8d648045f9c5_fractured_27_piece_0.obj,Mirror_d8051303d474fff937ac8d648045f9c5_fractured_27_piece_1.obj is not a valid directory, skipping.
Warning: /workspace/everyday_all_2/Mirror_d8051303d474fff937ac8d648045f9c5_fractured_65_piece_0.obj,Mirror_d8051303d474fff937ac8d648045f9c5_fractured_65_piece_1.obj is not a valid directory, skipping.
Warning: /workspace/everyday_all_2/Mirror_d8051303d474fff937ac8d648045f9c5_fractured_67_piece_0.obj,Mirror_d8051303d474fff937ac8d648045f9c5_fractured_67_piece_1.obj is not a valid directory, skipping.
Warning: /workspace/everyday_all_2/Mirror_d8051303d474fff937ac8d648045f9c5_fractured_7_piece_0.obj,Mirror_d8051303d474fff937ac8d648045f9c5_fractured_7_piece_1.obj is not a valid directory, skipping.
Warning: /workspace/everyday_all_2/Mug_6aec84952a5ffcf33f60d03e1cb068dc_fractured_68_piece_0.obj,Mug_6aec84952a5ffcf33f60d03e1cb068dc_fractured_68_piece_1.obj is not a valid directory, skipping.
Warning: /workspace/everyday_all_2/Mug_6aec84952a5ffcf33f60d03e1cb068dc_fractured_11_piece_0.obj,Mug_6aec84952a5ffcf33f60d03e1cb068dc_fractured_11_piece_1.obj is not a valid directory, skipping.
Warning: /workspace/everyday_all_2/Mug_6aec84952a5ffcf33f60d03e1cb068dc_fractured_42_piece_0.obj,Mug_6aec84952a5ffcf33f60d03e1cb068dc_fractured_42_piece_1.obj is not a valid directory, skipping.
Warning: /workspace/everyday_all_2/Mug_6aec84952a5ffcf33f60d03e1cb068dc_fractured_73_piece_0.obj,Mug_6aec84952a5ffcf33f60d03e1cb068dc_fractured_73_piece_1.obj is not a valid directory, skipping.
Warning: /workspace/everyday_all_2/Mug_6aec84952a5ffcf33f60d03e1cb068dc_fractured_8_piece_0.obj,Mug_6aec84952a5ffcf33f60d03e1cb068dc_fractured_8_piece_1.obj is not a valid directory, skipping.
Warning: /workspace/everyday_all_2/Mug_6aec84952a5ffcf33f60d03e1cb068dc_fractured_20_piece_0.obj,Mug_6aec84952a5ffcf33f60d03e1cb068dc_fractured_20_piece_1.obj is not a valid directory, skipping.
Warning: /workspace/everyday_all_2/Mug_6aec84952a5ffcf33f60d03e1cb068dc_fractured_21_piece_0.obj,Mug_6aec84952a5ffcf33f60d03e1cb068dc_fractured_21_piece_1.obj is not a valid directory, skipping.
Warning: /workspace/everyday_all_2/Mug_6aec84952a5ffcf33f60d03e1cb068dc_fractured_51_piece_0.obj,Mug_6aec84952a5ffcf33f60d03e1cb068dc_fractured_51_piece_1.obj is not a valid directory, skipping.
Warning: /workspace/everyday_all_2/Mug_6aec84952a5ffcf33f60d03e1cb068dc_fractured_2_piece_0.obj,Mug_6aec84952a5ffcf33f60d03e1cb068dc_fractured_2_piece_1.obj is not a valid directory, skipping.
Warning: /workspace/everyday_all_2/Mug_6aec84952a5ffcf33f60d03e1cb068dc_fractured_64_piece_0.obj,Mug_6aec84952a5ffcf33f60d03e1cb068dc_fractured_64_piece_1.obj is not a valid directory, skipping.
Warning: /workspace/everyday_all_2/Bottle_7984d4980d5b07bceba393d429f71de3_fractured_9_piece_0.obj,Bottle_7984d4980d5b07bceba393d429f71de3_fractured_9_piece_1.obj is not a valid directory, skipping.
Warning: /workspace/everyday_all_2/Bottle_7984d4980d5b07bceba393d429f71de3_fractured_25_piece_0.obj,Bottle_7984d4980d5b07bceba393d429f71de3_fractured_25_piece_1.obj is not a valid directory, skipping.
Warning: /workspace/everyday_all_2/Bottle_7984d4980d5b07bceba393d429f71de3_fractured_11_piece_0.obj,Bottle_7984d4980d5b07bceba393d429f71de3_fractured_11_piece_1.obj is not a valid directory, skipping.
Warning: /workspace/everyday_all_2/Bottle_7984d4980d5b07bceba393d429f71de3_fractured_3_piece_0.obj,Bottle_7984d4980d5b07bceba393d429f71de3_fractured_3_piece_1.obj is not a valid directory, skipping.
Warning: /workspace/everyday_all_2/Bottle_7984d4980d5b07bceba393d429f71de3_fractured_28_piece_0.obj,Bottle_7984d4980d5b07bceba393d429f71de3_fractured_28_piece_1.obj is not a valid directory, skipping.
Warning: /workspace/everyday_all_2/Bottle_7984d4980d5b07bceba393d429f71de3_fractured_46_piece_0.obj,Bottle_7984d4980d5b07bceba393d429f71de3_fractured_46_piece_1.obj is not a valid directory, skipping.
Warning: /workspace/everyday_all_2/Bottle_7984d4980d5b07bceba393d429f71de3_fractured_49_piece_0.obj,Bottle_7984d4980d5b07bceba393d429f71de3_fractured_49_piece_1.obj is not a valid directory, skipping.
Warning: /workspace/everyday_all_2/Bottle_7984d4980d5b07bceba393d429f71de3_fractured_33_piece_0.obj,Bottle_7984d4980d5b07bceba393d429f71de3_fractured_33_piece_1.obj is not a valid directory, skipping.
Warning: /workspace/everyday_all_2/DrinkingUtensil_a0c1d7de5f9c08b69154bae3578e13c1_fractured_25_piece_0.obj,DrinkingUtensil_a0c1d7de5f9c08b69154bae3578e13c1_fractured_25_piece_1.obj is not a valid directory, skipping.
Warning: /workspace/everyday_all_2/DrinkingUtensil_a0c1d7de5f9c08b69154bae3578e13c1_fractured_48_piece_0.obj,DrinkingUtensil_a0c1d7de5f9c08b69154bae3578e13c1_fractured_48_piece_1.obj is not a valid directory, skipping.
Warning: /workspace/everyday_all_2/DrinkingUtensil_a0c1d7de5f9c08b69154bae3578e13c1_fractured_26_piece_0.obj,DrinkingUtensil_a0c1d7de5f9c08b69154bae3578e13c1_fractured_26_piece_1.obj is not a valid directory, skipping.
Warning: /workspace/everyday_all_2/DrinkingUtensil_a0c1d7de5f9c08b69154bae3578e13c1_fractured_52_piece_0.obj,DrinkingUtensil_a0c1d7de5f9c08b69154bae3578e13c1_fractured_52_piece_1.obj is not a valid directory, skipping.
Warning: /workspace/everyday_all_2/DrinkingUtensil_a0c1d7de5f9c08b69154bae3578e13c1_fractured_31_piece_0.obj,DrinkingUtensil_a0c1d7de5f9c08b69154bae3578e13c1_fractured_31_piece_1.obj is not a valid directory, skipping.
Warning: /workspace/everyday_all_2/DrinkingUtensil_a0c1d7de5f9c08b69154bae3578e13c1_fractured_9_piece_0.obj,DrinkingUtensil_a0c1d7de5f9c08b69154bae3578e13c1_fractured_9_piece_1.obj is not a valid directory, skipping.
Warning: /workspace/everyday_all_2/DrinkingUtensil_a0c1d7de5f9c08b69154bae3578e13c1_fractured_22_piece_0.obj,DrinkingUtensil_a0c1d7de5f9c08b69154bae3578e13c1_fractured_22_piece_1.obj is not a valid directory, skipping.
Warning: /workspace/everyday_all_2/DrinkingUtensil_a0c1d7de5f9c08b69154bae3578e13c1_fractured_41_piece_0.obj,DrinkingUtensil_a0c1d7de5f9c08b69154bae3578e13c1_fractured_41_piece_1.obj is not a valid directory, skipping.
Warning: /workspace/everyday_all_2/DrinkingUtensil_a0c1d7de5f9c08b69154bae3578e13c1_fractured_4_piece_0.obj,DrinkingUtensil_a0c1d7de5f9c08b69154bae3578e13c1_fractured_4_piece_1.obj is not a valid directory, skipping.
Warning: /workspace/everyday_all_2/DrinkingUtensil_a0c1d7de5f9c08b69154bae3578e13c1_fractured_73_piece_0.obj,DrinkingUtensil_a0c1d7de5f9c08b69154bae3578e13c1_fractured_73_piece_1.obj is not a valid directory, skipping.
Warning: /workspace/everyday_all_2/DrinkingUtensil_a0c1d7de5f9c08b69154bae3578e13c1_fractured_35_piece_0.obj,DrinkingUtensil_a0c1d7de5f9c08b69154bae3578e13c1_fractured_35_piece_1.obj is not a valid directory, skipping.
Warning: /workspace/everyday_all_2/DrinkingUtensil_a0c1d7de5f9c08b69154bae3578e13c1_fractured_19_piece_0.obj,DrinkingUtensil_a0c1d7de5f9c08b69154bae3578e13c1_fractured_19_piece_1.obj is not a valid directory, skipping.
Warning: /workspace/everyday_all_2/Plate_6907973366e2d8ca7f181d2694cd239b_fractured_26_piece_0.obj,Plate_6907973366e2d8ca7f181d2694cd239b_fractured_26_piece_1.obj is not a valid directory, skipping.
Warning: /workspace/everyday_all_2/Plate_6907973366e2d8ca7f181d2694cd239b_fractured_1_piece_0.obj,Plate_6907973366e2d8ca7f181d2694cd239b_fractured_1_piece_1.obj is not a valid directory, skipping.
Warning: /workspace/everyday_all_2/Plate_6907973366e2d8ca7f181d2694cd239b_fractured_67_piece_0.obj,Plate_6907973366e2d8ca7f181d2694cd239b_fractured_67_piece_1.obj is not a valid directory, skipping.
Warning: /workspace/everyday_all_2/Plate_6907973366e2d8ca7f181d2694cd239b_fractured_33_piece_0.obj,Plate_6907973366e2d8ca7f181d2694cd239b_fractured_33_piece_1.obj is not a valid directory, skipping.
Warning: /workspace/everyday_all_2/Plate_6907973366e2d8ca7f181d2694cd239b_fractured_40_piece_0.obj,Plate_6907973366e2d8ca7f181d2694cd239b_fractured_40_piece_1.obj is not a valid directory, skipping.
Warning: /workspace/everyday_all_2/Plate_6907973366e2d8ca7f181d2694cd239b_fractured_74_piece_0.obj,Plate_6907973366e2d8ca7f181d2694cd239b_fractured_74_piece_1.obj is not a valid directory, skipping.
Warning: /workspace/everyday_all_2/Plate_6907973366e2d8ca7f181d2694cd239b_fractured_18_piece_0.obj,Plate_6907973366e2d8ca7f181d2694cd239b_fractured_18_piece_1.obj is not a valid directory, skipping.
Warning: /workspace/everyday_all_2/Plate_6907973366e2d8ca7f181d2694cd239b_fractured_59_piece_0.obj,Plate_6907973366e2d8ca7f181d2694cd239b_fractured_59_piece_1.obj is not a valid directory, skipping.
Warning: /workspace/everyday_all_2/Plate_6907973366e2d8ca7f181d2694cd239b_fractured_39_piece_0.obj,Plate_6907973366e2d8ca7f181d2694cd239b_fractured_39_piece_1.obj is not a valid directory, skipping.
Warning: /workspace/everyday_all_2/Plate_6907973366e2d8ca7f181d2694cd239b_fractured_53_piece_0.obj,Plate_6907973366e2d8ca7f181d2694cd239b_fractured_53_piece_1.obj is not a valid directory, skipping.
Warning: /workspace/everyday_all_2/Plate_17079f40cfdc719a3f7d5255ff865380_fractured_63_piece_0.obj,Plate_17079f40cfdc719a3f7d5255ff865380_fractured_63_piece_1.obj is not a valid directory, skipping.
Warning: /workspace/everyday_all_2/Plate_17079f40cfdc719a3f7d5255ff865380_fractured_57_piece_0.obj,Plate_17079f40cfdc719a3f7d5255ff865380_fractured_57_piece_1.obj is not a valid directory, skipping.
Warning: /workspace/everyday_all_2/Plate_17079f40cfdc719a3f7d5255ff865380_fractured_58_piece_0.obj,Plate_17079f40cfdc719a3f7d5255ff865380_fractured_58_piece_1.obj is not a valid directory, skipping.
Warning: /workspace/everyday_all_2/Plate_17079f40cfdc719a3f7d5255ff865380_fractured_79_piece_0.obj,Plate_17079f40cfdc719a3f7d5255ff865380_fractured_79_piece_1.obj is not a valid directory, skipping.
Warning: /workspace/everyday_all_2/Plate_17079f40cfdc719a3f7d5255ff865380_fractured_73_piece_0.obj,Plate_17079f40cfdc719a3f7d5255ff865380_fractured_73_piece_1.obj is not a valid directory, skipping.
Warning: /workspace/everyday_all_2/Mug_85d5e7be548357baee0fa456543b8166_fractured_75_piece_0.obj,Mug_85d5e7be548357baee0fa456543b8166_fractured_75_piece_1.obj is not a valid directory, skipping.
Warning: /workspace/everyday_all_2/Mug_85d5e7be548357baee0fa456543b8166_fractured_46_piece_0.obj,Mug_85d5e7be548357baee0fa456543b8166_fractured_46_piece_1.obj is not a valid directory, skipping.
Warning: /workspace/everyday_all_2/Mug_85d5e7be548357baee0fa456543b8166_fractured_49_piece_0.obj,Mug_85d5e7be548357baee0fa456543b8166_fractured_49_piece_1.obj is not a valid directory, skipping.
Warning: /workspace/everyday_all_2/Mug_85d5e7be548357baee0fa456543b8166_fractured_26_piece_0.obj,Mug_85d5e7be548357baee0fa456543b8166_fractured_26_piece_1.obj is not a valid directory, skipping.
Warning: /workspace/everyday_all_2/Mug_85d5e7be548357baee0fa456543b8166_fractured_29_piece_0.obj,Mug_85d5e7be548357baee0fa456543b8166_fractured_29_piece_1.obj is not a valid directory, skipping.
Warning: /workspace/everyday_all_2/Mug_85d5e7be548357baee0fa456543b8166_fractured_2_piece_0.obj,Mug_85d5e7be548357baee0fa456543b8166_fractured_2_piece_1.obj is not a valid directory, skipping.
Warning: /workspace/everyday_all_2/Mug_85d5e7be548357baee0fa456543b8166_fractured_73_piece_0.obj,Mug_85d5e7be548357baee0fa456543b8166_fractured_73_piece_1.obj is not a valid directory, skipping.
Warning: /workspace/everyday_all_2/Mug_85d5e7be548357baee0fa456543b8166_fractured_37_piece_0.obj,Mug_85d5e7be548357baee0fa456543b8166_fractured_37_piece_1.obj is not a valid directory, skipping.
Warning: /workspace/everyday_all_2/Mug_85d5e7be548357baee0fa456543b8166_fractured_74_piece_0.obj,Mug_85d5e7be548357baee0fa456543b8166_fractured_74_piece_1.obj is not a valid directory, skipping.
Warning: /workspace/everyday_all_2/Mug_85d5e7be548357baee0fa456543b8166_fractured_59_piece_0.obj,Mug_85d5e7be548357baee0fa456543b8166_fractured_59_piece_1.obj is not a valid directory, skipping.
Warning: /workspace/everyday_all_2/Mug_85d5e7be548357baee0fa456543b8166_fractured_23_piece_0.obj,Mug_85d5e7be548357baee0fa456543b8166_fractured_23_piece_1.obj is not a valid directory, skipping.
Warning: /workspace/everyday_all_2/Mug_85d5e7be548357baee0fa456543b8166_fractured_53_piece_0.obj,Mug_85d5e7be548357baee0fa456543b8166_fractured_53_piece_1.obj is not a valid directory, skipping.
Warning: /workspace/everyday_all_2/Mug_85d5e7be548357baee0fa456543b8166_fractured_9_piece_0.obj,Mug_85d5e7be548357baee0fa456543b8166_fractured_9_piece_1.obj is not a valid directory, skipping.
Warning: /workspace/everyday_all_2/Mug_85d5e7be548357baee0fa456543b8166_fractured_50_piece_0.obj,Mug_85d5e7be548357baee0fa456543b8166_fractured_50_piece_1.obj is not a valid directory, skipping.
Warning: /workspace/everyday_all_2/Mug_85d5e7be548357baee0fa456543b8166_fractured_54_piece_0.obj,Mug_85d5e7be548357baee0fa456543b8166_fractured_54_piece_1.obj is not a valid directory, skipping.
Warning: /workspace/everyday_all_2/Mug_85d5e7be548357baee0fa456543b8166_fractured_77_piece_0.obj,Mug_85d5e7be548357baee0fa456543b8166_fractured_77_piece_1.obj is not a valid directory, skipping.
Warning: /workspace/everyday_all_2/Mug_85d5e7be548357baee0fa456543b8166_fractured_27_piece_0.obj,Mug_85d5e7be548357baee0fa456543b8166_fractured_27_piece_1.obj is not a valid directory, skipping.
Warning: /workspace/everyday_all_2/Mug_85d5e7be548357baee0fa456543b8166_fractured_66_piece_0.obj,Mug_85d5e7be548357baee0fa456543b8166_fractured_66_piece_1.obj is not a valid directory, skipping.
Warning: /workspace/everyday_all_2/Mug_85d5e7be548357baee0fa456543b8166_fractured_68_piece_0.obj,Mug_85d5e7be548357baee0fa456543b8166_fractured_68_piece_1.obj is not a valid directory, skipping.
Warning: /workspace/everyday_all_2/Mug_85d5e7be548357baee0fa456543b8166_fractured_38_piece_0.obj,Mug_85d5e7be548357baee0fa456543b8166_fractured_38_piece_1.obj is not a valid directory, skipping.
Warning: /workspace/everyday_all_2/Vase_de673ddf9df03b8278cf1a714198918_fractured_48_piece_0.obj,Vase_de673ddf9df03b8278cf1a714198918_fractured_48_piece_1.obj is not a valid directory, skipping.
Warning: /workspace/everyday_all_2/Vase_de673ddf9df03b8278cf1a714198918_fractured_60_piece_0.obj,Vase_de673ddf9df03b8278cf1a714198918_fractured_60_piece_1.obj is not a valid directory, skipping.
Warning: /workspace/everyday_all_2/Vase_de673ddf9df03b8278cf1a714198918_fractured_38_piece_0.obj,Vase_de673ddf9df03b8278cf1a714198918_fractured_38_piece_1.obj is not a valid directory, skipping.
Warning: /workspace/everyday_all_2/Vase_de673ddf9df03b8278cf1a714198918_fractured_36_piece_0.obj,Vase_de673ddf9df03b8278cf1a714198918_fractured_36_piece_1.obj is not a valid directory, skipping.
Warning: /workspace/everyday_all_2/Bottle_1_fractured_11_piece_0.obj,Bottle_1_fractured_11_piece_1.obj is not a valid directory, skipping.
Warning: /workspace/everyday_all_2/Bottle_1_fractured_3_piece_0.obj,Bottle_1_fractured_3_piece_1.obj is not a valid directory, skipping.
Warning: /workspace/everyday_all_2/Bottle_1_fractured_13_piece_0.obj,Bottle_1_fractured_13_piece_1.obj is not a valid directory, skipping.
Warning: /workspace/everyday_all_2/Bottle_1_fractured_32_piece_0.obj,Bottle_1_fractured_32_piece_1.obj is not a valid directory, skipping.
Warning: /workspace/everyday_all_2/Bottle_1_fractured_21_piece_0.obj,Bottle_1_fractured_21_piece_1.obj is not a valid directory, skipping.
Warning: /workspace/everyday_all_2/Bottle_1_fractured_66_piece_0.obj,Bottle_1_fractured_66_piece_1.obj is not a valid directory, skipping.
Warning: /workspace/everyday_all_2/Bottle_6d680415396d14d4d7c5502d4a22edf5_fractured_49_piece_0.obj,Bottle_6d680415396d14d4d7c5502d4a22edf5_fractured_49_piece_1.obj is not a valid directory, skipping.
Warning: /workspace/everyday_all_2/Bottle_6d680415396d14d4d7c5502d4a22edf5_fractured_8_piece_0.obj,Bottle_6d680415396d14d4d7c5502d4a22edf5_fractured_8_piece_1.obj is not a valid directory, skipping.
Warning: /workspace/everyday_all_2/Bottle_6d680415396d14d4d7c5502d4a22edf5_fractured_57_piece_0.obj,Bottle_6d680415396d14d4d7c5502d4a22edf5_fractured_57_piece_1.obj is not a valid directory, skipping.
Warning: /workspace/everyday_all_2/Bottle_6d680415396d14d4d7c5502d4a22edf5_fractured_69_piece_0.obj,Bottle_6d680415396d14d4d7c5502d4a22edf5_fractured_69_piece_1.obj is not a valid directory, skipping.
Warning: /workspace/everyday_all_2/Bottle_6d680415396d14d4d7c5502d4a22edf5_fractured_37_piece_0.obj,Bottle_6d680415396d14d4d7c5502d4a22edf5_fractured_37_piece_1.obj is not a valid directory, skipping.
Warning: /workspace/everyday_all_2/Bottle_6d680415396d14d4d7c5502d4a22edf5_fractured_15_piece_0.obj,Bottle_6d680415396d14d4d7c5502d4a22edf5_fractured_15_piece_1.obj is not a valid directory, skipping.
Warning: /workspace/everyday_all_2/Bottle_6d680415396d14d4d7c5502d4a22edf5_fractured_39_piece_0.obj,Bottle_6d680415396d14d4d7c5502d4a22edf5_fractured_39_piece_1.obj is not a valid directory, skipping.
Warning: /workspace/everyday_all_2/Bottle_6d680415396d14d4d7c5502d4a22edf5_fractured_42_piece_0.obj,Bottle_6d680415396d14d4d7c5502d4a22edf5_fractured_42_piece_1.obj is not a valid directory, skipping.
Warning: /workspace/everyday_all_2/Bottle_6d680415396d14d4d7c5502d4a22edf5_fractured_65_piece_0.obj,Bottle_6d680415396d14d4d7c5502d4a22edf5_fractured_65_piece_1.obj is not a valid directory, skipping.
Warning: /workspace/everyday_all_2/Bottle_6d680415396d14d4d7c5502d4a22edf5_fractured_48_piece_0.obj,Bottle_6d680415396d14d4d7c5502d4a22edf5_fractured_48_piece_1.obj is not a valid directory, skipping.
Warning: /workspace/everyday_all_2/Bottle_6d680415396d14d4d7c5502d4a22edf5_fractured_47_piece_0.obj,Bottle_6d680415396d14d4d7c5502d4a22edf5_fractured_47_piece_1.obj is not a valid directory, skipping.
Warning: /workspace/everyday_all_2/Bottle_6d680415396d14d4d7c5502d4a22edf5_fractured_75_piece_0.obj,Bottle_6d680415396d14d4d7c5502d4a22edf5_fractured_75_piece_1.obj is not a valid directory, skipping.
Warning: /workspace/everyday_all_2/Bottle_6d680415396d14d4d7c5502d4a22edf5_fractured_73_piece_0.obj,Bottle_6d680415396d14d4d7c5502d4a22edf5_fractured_73_piece_1.obj is not a valid directory, skipping.
Warning: /workspace/everyday_all_2/ToyFigure_a3087c9105fe0878d18a6b3b9816ca14_fractured_36_piece_0.obj,ToyFigure_a3087c9105fe0878d18a6b3b9816ca14_fractured_36_piece_1.obj is not a valid directory, skipping.
Warning: /workspace/everyday_all_2/ToyFigure_a3087c9105fe0878d18a6b3b9816ca14_fractured_59_piece_0.obj,ToyFigure_a3087c9105fe0878d18a6b3b9816ca14_fractured_59_piece_1.obj is not a valid directory, skipping.
Warning: /workspace/everyday_all_2/ToyFigure_a3087c9105fe0878d18a6b3b9816ca14_fractured_62_piece_0.obj,ToyFigure_a3087c9105fe0878d18a6b3b9816ca14_fractured_62_piece_1.obj is not a valid directory, skipping.
Warning: /workspace/everyday_all_2/ToyFigure_a3087c9105fe0878d18a6b3b9816ca14_fractured_1_piece_0.obj,ToyFigure_a3087c9105fe0878d18a6b3b9816ca14_fractured_1_piece_1.obj is not a valid directory, skipping.
Warning: /workspace/everyday_all_2/ToyFigure_a3087c9105fe0878d18a6b3b9816ca14_fractured_20_piece_0.obj,ToyFigure_a3087c9105fe0878d18a6b3b9816ca14_fractured_20_piece_1.obj is not a valid directory, skipping.
Warning: /workspace/everyday_all_2/ToyFigure_a3087c9105fe0878d18a6b3b9816ca14_fractured_27_piece_0.obj,ToyFigure_a3087c9105fe0878d18a6b3b9816ca14_fractured_27_piece_1.obj is not a valid directory, skipping.
Warning: /workspace/everyday_all_2/ToyFigure_a3087c9105fe0878d18a6b3b9816ca14_fractured_15_piece_0.obj,ToyFigure_a3087c9105fe0878d18a6b3b9816ca14_fractured_15_piece_1.obj is not a valid directory, skipping.
Warning: /workspace/everyday_all_2/ToyFigure_a3087c9105fe0878d18a6b3b9816ca14_fractured_56_piece_0.obj,ToyFigure_a3087c9105fe0878d18a6b3b9816ca14_fractured_56_piece_1.obj is not a valid directory, skipping.
Warning: /workspace/everyday_all_2/ToyFigure_a3087c9105fe0878d18a6b3b9816ca14_fractured_70_piece_0.obj,ToyFigure_a3087c9105fe0878d18a6b3b9816ca14_fractured_70_piece_1.obj is not a valid directory, skipping.
Warning: /workspace/everyday_all_2/ToyFigure_3_fractured_18_piece_0.obj,ToyFigure_3_fractured_18_piece_1.obj is not a valid directory, skipping.
Warning: /workspace/everyday_all_2/ToyFigure_3_fractured_47_piece_0.obj,ToyFigure_3_fractured_47_piece_1.obj is not a valid directory, skipping.
Warning: /workspace/everyday_all_2/ToyFigure_3_fractured_15_piece_0.obj,ToyFigure_3_fractured_15_piece_1.obj is not a valid directory, skipping.
Warning: /workspace/everyday_all_2/ToyFigure_3_fractured_58_piece_0.obj,ToyFigure_3_fractured_58_piece_1.obj is not a valid directory, skipping.
Warning: /workspace/everyday_all_2/ToyFigure_3_fractured_56_piece_0.obj,ToyFigure_3_fractured_56_piece_1.obj is not a valid directory, skipping.
Warning: /workspace/everyday_all_2/ToyFigure_3_fractured_67_piece_0.obj,ToyFigure_3_fractured_67_piece_1.obj is not a valid directory, skipping.
Warning: /workspace/everyday_all_2/ToyFigure_3_fractured_45_piece_0.obj,ToyFigure_3_fractured_45_piece_1.obj is not a valid directory, skipping.
Warning: /workspace/everyday_all_2/ToyFigure_3_fractured_13_piece_0.obj,ToyFigure_3_fractured_13_piece_1.obj is not a valid directory, skipping.
Warning: /workspace/everyday_all_2/ToyFigure_3_fractured_23_piece_0.obj,ToyFigure_3_fractured_23_piece_1.obj is not a valid directory, skipping.
Warning: /workspace/everyday_all_2/ToyFigure_3_fractured_26_piece_0.obj,ToyFigure_3_fractured_26_piece_1.obj is not a valid directory, skipping.
Warning: /workspace/everyday_all_2/ToyFigure_3_fractured_78_piece_0.obj,ToyFigure_3_fractured_78_piece_1.obj is not a valid directory, skipping.
Warning: /workspace/everyday_all_2/ToyFigure_3_fractured_11_piece_0.obj,ToyFigure_3_fractured_11_piece_1.obj is not a valid directory, skipping.
Warning: /workspace/everyday_all_2/ToyFigure_3_fractured_7_piece_0.obj,ToyFigure_3_fractured_7_piece_1.obj is not a valid directory, skipping.
Warning: /workspace/everyday_all_2/ToyFigure_3_fractured_74_piece_0.obj,ToyFigure_3_fractured_74_piece_1.obj is not a valid directory, skipping.
Warning: /workspace/everyday_all_2/ToyFigure_3_fractured_24_piece_0.obj,ToyFigure_3_fractured_24_piece_1.obj is not a valid directory, skipping.
Warning: /workspace/everyday_all_2/ToyFigure_3_fractured_1_piece_0.obj,ToyFigure_3_fractured_1_piece_1.obj is not a valid directory, skipping.
Warning: /workspace/everyday_all_2/Bottle_799397068de1ae1c4587d6a85176d7a0_mode_1_piece_0.obj,Bottle_799397068de1ae1c4587d6a85176d7a0_mode_1_piece_1.obj is not a valid directory, skipping.
Warning: /workspace/everyday_all_2/Vase_770df0065c50c19dd884646143528886_fractured_29_piece_0.obj,Vase_770df0065c50c19dd884646143528886_fractured_29_piece_1.obj is not a valid directory, skipping.
Warning: /workspace/everyday_all_2/Vase_770df0065c50c19dd884646143528886_fractured_14_piece_0.obj,Vase_770df0065c50c19dd884646143528886_fractured_14_piece_1.obj is not a valid directory, skipping.
Warning: /workspace/everyday_all_2/Vase_770df0065c50c19dd884646143528886_fractured_40_piece_0.obj,Vase_770df0065c50c19dd884646143528886_fractured_40_piece_1.obj is not a valid directory, skipping.
Warning: /workspace/everyday_all_2/Vase_770df0065c50c19dd884646143528886_fractured_78_piece_0.obj,Vase_770df0065c50c19dd884646143528886_fractured_78_piece_1.obj is not a valid directory, skipping.
Warning: /workspace/everyday_all_2/Vase_770df0065c50c19dd884646143528886_fractured_49_piece_0.obj,Vase_770df0065c50c19dd884646143528886_fractured_49_piece_1.obj is not a valid directory, skipping.
Warning: /workspace/everyday_all_2/Vase_770df0065c50c19dd884646143528886_fractured_11_piece_0.obj,Vase_770df0065c50c19dd884646143528886_fractured_11_piece_1.obj is not a valid directory, skipping.
Warning: /workspace/everyday_all_2/Vase_770df0065c50c19dd884646143528886_fractured_48_piece_0.obj,Vase_770df0065c50c19dd884646143528886_fractured_48_piece_1.obj is not a valid directory, skipping.
Warning: /workspace/everyday_all_2/Vase_770df0065c50c19dd884646143528886_fractured_2_piece_0.obj,Vase_770df0065c50c19dd884646143528886_fractured_2_piece_1.obj is not a valid directory, skipping.
Warning: /workspace/everyday_all_2/Vase_770df0065c50c19dd884646143528886_fractured_4_piece_0.obj,Vase_770df0065c50c19dd884646143528886_fractured_4_piece_1.obj is not a valid directory, skipping.
Warning: /workspace/everyday_all_2/Vase_770df0065c50c19dd884646143528886_fractured_38_piece_0.obj,Vase_770df0065c50c19dd884646143528886_fractured_38_piece_1.obj is not a valid directory, skipping.
Warning: /workspace/everyday_all_2/Vase_770df0065c50c19dd884646143528886_fractured_15_piece_0.obj,Vase_770df0065c50c19dd884646143528886_fractured_15_piece_1.obj is not a valid directory, skipping.
Warning: /workspace/everyday_all_2/Vase_770df0065c50c19dd884646143528886_fractured_62_piece_0.obj,Vase_770df0065c50c19dd884646143528886_fractured_62_piece_1.obj is not a valid directory, skipping.
Warning: /workspace/everyday_all_2/Vase_770df0065c50c19dd884646143528886_fractured_25_piece_0.obj,Vase_770df0065c50c19dd884646143528886_fractured_25_piece_1.obj is not a valid directory, skipping.
Warning: /workspace/everyday_all_2/Vase_770df0065c50c19dd884646143528886_fractured_19_piece_0.obj,Vase_770df0065c50c19dd884646143528886_fractured_19_piece_1.obj is not a valid directory, skipping.
Warning: /workspace/everyday_all_2/Vase_770df0065c50c19dd884646143528886_fractured_65_piece_0.obj,Vase_770df0065c50c19dd884646143528886_fractured_65_piece_1.obj is not a valid directory, skipping.
Warning: /workspace/everyday_all_2/Vase_770df0065c50c19dd884646143528886_fractured_32_piece_0.obj,Vase_770df0065c50c19dd884646143528886_fractured_32_piece_1.obj is not a valid directory, skipping.
Warning: /workspace/everyday_all_2/Vase_770df0065c50c19dd884646143528886_fractured_66_piece_0.obj,Vase_770df0065c50c19dd884646143528886_fractured_66_piece_1.obj is not a valid directory, skipping.
Warning: /workspace/everyday_all_2/Cup_fc035f7d732166b97b6fd5468f603b31_fractured_23_piece_0.obj,Cup_fc035f7d732166b97b6fd5468f603b31_fractured_23_piece_1.obj is not a valid directory, skipping.
Warning: /workspace/everyday_all_2/Cup_fc035f7d732166b97b6fd5468f603b31_fractured_49_piece_0.obj,Cup_fc035f7d732166b97b6fd5468f603b31_fractured_49_piece_1.obj is not a valid directory, skipping.
Warning: /workspace/everyday_all_2/Cup_fc035f7d732166b97b6fd5468f603b31_fractured_73_piece_0.obj,Cup_fc035f7d732166b97b6fd5468f603b31_fractured_73_piece_1.obj is not a valid directory, skipping.
Warning: /workspace/everyday_all_2/Cup_fc035f7d732166b97b6fd5468f603b31_fractured_79_piece_0.obj,Cup_fc035f7d732166b97b6fd5468f603b31_fractured_79_piece_1.obj is not a valid directory, skipping.
Warning: /workspace/everyday_all_2/Cup_fc035f7d732166b97b6fd5468f603b31_fractured_46_piece_0.obj,Cup_fc035f7d732166b97b6fd5468f603b31_fractured_46_piece_1.obj is not a valid directory, skipping.
Warning: /workspace/everyday_all_2/Cup_fc035f7d732166b97b6fd5468f603b31_fractured_44_piece_0.obj,Cup_fc035f7d732166b97b6fd5468f603b31_fractured_44_piece_1.obj is not a valid directory, skipping.
Warning: /workspace/everyday_all_2/Cup_fc035f7d732166b97b6fd5468f603b31_fractured_63_piece_0.obj,Cup_fc035f7d732166b97b6fd5468f603b31_fractured_63_piece_1.obj is not a valid directory, skipping.
Warning: /workspace/everyday_all_2/Cup_fc035f7d732166b97b6fd5468f603b31_fractured_11_piece_0.obj,Cup_fc035f7d732166b97b6fd5468f603b31_fractured_11_piece_1.obj is not a valid directory, skipping.
Warning: /workspace/everyday_all_2/Cup_fc035f7d732166b97b6fd5468f603b31_fractured_33_piece_0.obj,Cup_fc035f7d732166b97b6fd5468f603b31_fractured_33_piece_1.obj is not a valid directory, skipping.
Warning: /workspace/everyday_all_2/Cup_fc035f7d732166b97b6fd5468f603b31_fractured_13_piece_0.obj,Cup_fc035f7d732166b97b6fd5468f603b31_fractured_13_piece_1.obj is not a valid directory, skipping.
Warning: /workspace/everyday_all_2/Cup_fc035f7d732166b97b6fd5468f603b31_fractured_26_piece_0.obj,Cup_fc035f7d732166b97b6fd5468f603b31_fractured_26_piece_1.obj is not a valid directory, skipping.
Warning: /workspace/everyday_all_2/Cup_fc035f7d732166b97b6fd5468f603b31_fractured_0_piece_0.obj,Cup_fc035f7d732166b97b6fd5468f603b31_fractured_0_piece_1.obj is not a valid directory, skipping.
Warning: /workspace/everyday_all_2/Cup_fc035f7d732166b97b6fd5468f603b31_fractured_45_piece_0.obj,Cup_fc035f7d732166b97b6fd5468f603b31_fractured_45_piece_1.obj is not a valid directory, skipping.
Warning: /workspace/everyday_all_2/Cup_fc035f7d732166b97b6fd5468f603b31_fractured_50_piece_0.obj,Cup_fc035f7d732166b97b6fd5468f603b31_fractured_50_piece_1.obj is not a valid directory, skipping.
Warning: /workspace/everyday_all_2/Cup_fc035f7d732166b97b6fd5468f603b31_fractured_48_piece_0.obj,Cup_fc035f7d732166b97b6fd5468f603b31_fractured_48_piece_1.obj is not a valid directory, skipping.
Warning: /workspace/everyday_all_2/Vase_dcd904b1a65d36f25954af3f5fca0876_fractured_6_piece_1.obj,Vase_dcd904b1a65d36f25954af3f5fca0876_fractured_6_piece_0.obj is not a valid directory, skipping.
Warning: /workspace/everyday_all_2/Vase_dcd904b1a65d36f25954af3f5fca0876_fractured_53_piece_0.obj,Vase_dcd904b1a65d36f25954af3f5fca0876_fractured_53_piece_1.obj is not a valid directory, skipping.
Warning: /workspace/everyday_all_2/Vase_dcd904b1a65d36f25954af3f5fca0876_fractured_23_piece_0.obj,Vase_dcd904b1a65d36f25954af3f5fca0876_fractured_23_piece_1.obj is not a valid directory, skipping.
Warning: /workspace/everyday_all_2/Vase_dcd904b1a65d36f25954af3f5fca0876_fractured_8_piece_0.obj,Vase_dcd904b1a65d36f25954af3f5fca0876_fractured_8_piece_1.obj is not a valid directory, skipping.
Warning: /workspace/everyday_all_2/Vase_dcd904b1a65d36f25954af3f5fca0876_fractured_18_piece_1.obj,Vase_dcd904b1a65d36f25954af3f5fca0876_fractured_18_piece_0.obj is not a valid directory, skipping.
Warning: /workspace/everyday_all_2/Vase_dcd904b1a65d36f25954af3f5fca0876_fractured_2_piece_0.obj,Vase_dcd904b1a65d36f25954af3f5fca0876_fractured_2_piece_1.obj is not a valid directory, skipping.
Warning: /workspace/everyday_all_2/Vase_dcd904b1a65d36f25954af3f5fca0876_fractured_39_piece_0.obj,Vase_dcd904b1a65d36f25954af3f5fca0876_fractured_39_piece_1.obj is not a valid directory, skipping.
Warning: /workspace/everyday_all_2/Vase_dcd904b1a65d36f25954af3f5fca0876_fractured_16_piece_0.obj,Vase_dcd904b1a65d36f25954af3f5fca0876_fractured_16_piece_1.obj is not a valid directory, skipping.
Warning: /workspace/everyday_all_2/PillBottle_81bbf3134d1ca27a58449bd132e3a3fe_fractured_47_piece_0.obj,PillBottle_81bbf3134d1ca27a58449bd132e3a3fe_fractured_47_piece_1.obj is not a valid directory, skipping.
Warning: /workspace/everyday_all_2/PillBottle_81bbf3134d1ca27a58449bd132e3a3fe_fractured_2_piece_0.obj,PillBottle_81bbf3134d1ca27a58449bd132e3a3fe_fractured_2_piece_1.obj is not a valid directory, skipping.
Warning: /workspace/everyday_all_2/PillBottle_81bbf3134d1ca27a58449bd132e3a3fe_fractured_11_piece_0.obj,PillBottle_81bbf3134d1ca27a58449bd132e3a3fe_fractured_11_piece_1.obj is not a valid directory, skipping.
Warning: /workspace/everyday_all_2/PillBottle_81bbf3134d1ca27a58449bd132e3a3fe_fractured_56_piece_0.obj,PillBottle_81bbf3134d1ca27a58449bd132e3a3fe_fractured_56_piece_1.obj is not a valid directory, skipping.
Warning: /workspace/everyday_all_2/PillBottle_81bbf3134d1ca27a58449bd132e3a3fe_fractured_68_piece_0.obj,PillBottle_81bbf3134d1ca27a58449bd132e3a3fe_fractured_68_piece_1.obj is not a valid directory, skipping.
Warning: /workspace/everyday_all_2/PillBottle_81bbf3134d1ca27a58449bd132e3a3fe_fractured_25_piece_0.obj,PillBottle_81bbf3134d1ca27a58449bd132e3a3fe_fractured_25_piece_1.obj is not a valid directory, skipping.
Warning: /workspace/everyday_all_2/PillBottle_81bbf3134d1ca27a58449bd132e3a3fe_fractured_53_piece_0.obj,PillBottle_81bbf3134d1ca27a58449bd132e3a3fe_fractured_53_piece_1.obj is not a valid directory, skipping.
Warning: /workspace/everyday_all_2/PillBottle_81bbf3134d1ca27a58449bd132e3a3fe_fractured_8_piece_0.obj,PillBottle_81bbf3134d1ca27a58449bd132e3a3fe_fractured_8_piece_1.obj is not a valid directory, skipping.
Warning: /workspace/everyday_all_2/PillBottle_81bbf3134d1ca27a58449bd132e3a3fe_fractured_33_piece_0.obj,PillBottle_81bbf3134d1ca27a58449bd132e3a3fe_fractured_33_piece_1.obj is not a valid directory, skipping.
Warning: /workspace/everyday_all_2/PillBottle_81bbf3134d1ca27a58449bd132e3a3fe_fractured_37_piece_0.obj,PillBottle_81bbf3134d1ca27a58449bd132e3a3fe_fractured_37_piece_1.obj is not a valid directory, skipping.
Warning: /workspace/everyday_all_2/PillBottle_81bbf3134d1ca27a58449bd132e3a3fe_fractured_9_piece_0.obj,PillBottle_81bbf3134d1ca27a58449bd132e3a3fe_fractured_9_piece_1.obj is not a valid directory, skipping.
Warning: /workspace/everyday_all_2/PillBottle_81bbf3134d1ca27a58449bd132e3a3fe_fractured_73_piece_0.obj,PillBottle_81bbf3134d1ca27a58449bd132e3a3fe_fractured_73_piece_1.obj is not a valid directory, skipping.
Warning: /workspace/everyday_all_2/PillBottle_81bbf3134d1ca27a58449bd132e3a3fe_fractured_20_piece_0.obj,PillBottle_81bbf3134d1ca27a58449bd132e3a3fe_fractured_20_piece_1.obj is not a valid directory, skipping.
Warning: /workspace/everyday_all_2/PillBottle_81bbf3134d1ca27a58449bd132e3a3fe_fractured_0_piece_0.obj,PillBottle_81bbf3134d1ca27a58449bd132e3a3fe_fractured_0_piece_1.obj is not a valid directory, skipping.
Warning: /workspace/everyday_all_2/PillBottle_81bbf3134d1ca27a58449bd132e3a3fe_fractured_62_piece_0.obj,PillBottle_81bbf3134d1ca27a58449bd132e3a3fe_fractured_62_piece_1.obj is not a valid directory, skipping.
Warning: /workspace/everyday_all_2/PillBottle_81bbf3134d1ca27a58449bd132e3a3fe_fractured_6_piece_0.obj,PillBottle_81bbf3134d1ca27a58449bd132e3a3fe_fractured_6_piece_1.obj is not a valid directory, skipping.
Warning: /workspace/everyday_all_2/PillBottle_81bbf3134d1ca27a58449bd132e3a3fe_fractured_30_piece_0.obj,PillBottle_81bbf3134d1ca27a58449bd132e3a3fe_fractured_30_piece_1.obj is not a valid directory, skipping.
Warning: /workspace/everyday_all_2/PillBottle_81bbf3134d1ca27a58449bd132e3a3fe_fractured_1_piece_0.obj,PillBottle_81bbf3134d1ca27a58449bd132e3a3fe_fractured_1_piece_1.obj is not a valid directory, skipping.
Warning: /workspace/everyday_all_2/PillBottle_81bbf3134d1ca27a58449bd132e3a3fe_fractured_61_piece_0.obj,PillBottle_81bbf3134d1ca27a58449bd132e3a3fe_fractured_61_piece_1.obj is not a valid directory, skipping.
Warning: /workspace/everyday_all_2/PillBottle_81bbf3134d1ca27a58449bd132e3a3fe_fractured_51_piece_0.obj,PillBottle_81bbf3134d1ca27a58449bd132e3a3fe_fractured_51_piece_1.obj is not a valid directory, skipping.
Warning: /workspace/everyday_all_2/WineGlass_a8bfc06799c33472af4429cef16e2ed1_fractured_21_piece_0.obj,WineGlass_a8bfc06799c33472af4429cef16e2ed1_fractured_21_piece_1.obj is not a valid directory, skipping.
Warning: /workspace/everyday_all_2/WineGlass_a8bfc06799c33472af4429cef16e2ed1_fractured_8_piece_0.obj,WineGlass_a8bfc06799c33472af4429cef16e2ed1_fractured_8_piece_1.obj is not a valid directory, skipping.
Warning: /workspace/everyday_all_2/WineGlass_a8bfc06799c33472af4429cef16e2ed1_fractured_31_piece_0.obj,WineGlass_a8bfc06799c33472af4429cef16e2ed1_fractured_31_piece_1.obj is not a valid directory, skipping.
Warning: /workspace/everyday_all_2/WineGlass_a8bfc06799c33472af4429cef16e2ed1_fractured_65_piece_0.obj,WineGlass_a8bfc06799c33472af4429cef16e2ed1_fractured_65_piece_1.obj is not a valid directory, skipping.
Warning: /workspace/everyday_all_2/WineGlass_a8bfc06799c33472af4429cef16e2ed1_fractured_79_piece_0.obj,WineGlass_a8bfc06799c33472af4429cef16e2ed1_fractured_79_piece_1.obj is not a valid directory, skipping.
Warning: /workspace/everyday_all_2/WineGlass_a8bfc06799c33472af4429cef16e2ed1_fractured_11_piece_0.obj,WineGlass_a8bfc06799c33472af4429cef16e2ed1_fractured_11_piece_1.obj is not a valid directory, skipping.
Warning: /workspace/everyday_all_2/WineGlass_a8bfc06799c33472af4429cef16e2ed1_fractured_43_piece_0.obj,WineGlass_a8bfc06799c33472af4429cef16e2ed1_fractured_43_piece_1.obj is not a valid directory, skipping.
Warning: /workspace/everyday_all_2/WineGlass_a8bfc06799c33472af4429cef16e2ed1_fractured_75_piece_0.obj,WineGlass_a8bfc06799c33472af4429cef16e2ed1_fractured_75_piece_1.obj is not a valid directory, skipping.
Warning: /workspace/everyday_all_2/WineGlass_a8bfc06799c33472af4429cef16e2ed1_fractured_25_piece_0.obj,WineGlass_a8bfc06799c33472af4429cef16e2ed1_fractured_25_piece_1.obj is not a valid directory, skipping.
Warning: /workspace/everyday_all_2/WineGlass_a8bfc06799c33472af4429cef16e2ed1_fractured_49_piece_0.obj,WineGlass_a8bfc06799c33472af4429cef16e2ed1_fractured_49_piece_1.obj is not a valid directory, skipping.
Warning: /workspace/everyday_all_2/Bottle_6ca2149ac6d3699130612f5c0ef21eb8_fractured_51_piece_0.obj,Bottle_6ca2149ac6d3699130612f5c0ef21eb8_fractured_51_piece_1.obj is not a valid directory, skipping.
Warning: /workspace/everyday_all_2/Bottle_6ca2149ac6d3699130612f5c0ef21eb8_fractured_70_piece_0.obj,Bottle_6ca2149ac6d3699130612f5c0ef21eb8_fractured_70_piece_1.obj is not a valid directory, skipping.
Warning: /workspace/everyday_all_2/Bottle_6ca2149ac6d3699130612f5c0ef21eb8_fractured_59_piece_0.obj,Bottle_6ca2149ac6d3699130612f5c0ef21eb8_fractured_59_piece_1.obj is not a valid directory, skipping.
Warning: /workspace/everyday_all_2/Bottle_6ca2149ac6d3699130612f5c0ef21eb8_fractured_47_piece_0.obj,Bottle_6ca2149ac6d3699130612f5c0ef21eb8_fractured_47_piece_1.obj is not a valid directory, skipping.
Warning: /workspace/everyday_all_2/Bottle_6ca2149ac6d3699130612f5c0ef21eb8_fractured_65_piece_0.obj,Bottle_6ca2149ac6d3699130612f5c0ef21eb8_fractured_65_piece_1.obj is not a valid directory, skipping.
Warning: /workspace/everyday_all_2/Bottle_6ca2149ac6d3699130612f5c0ef21eb8_fractured_43_piece_0.obj,Bottle_6ca2149ac6d3699130612f5c0ef21eb8_fractured_43_piece_1.obj is not a valid directory, skipping.
Warning: /workspace/everyday_all_2/Bottle_6ca2149ac6d3699130612f5c0ef21eb8_fractured_48_piece_0.obj,Bottle_6ca2149ac6d3699130612f5c0ef21eb8_fractured_48_piece_1.obj is not a valid directory, skipping.
Warning: /workspace/everyday_all_2/Bottle_6ca2149ac6d3699130612f5c0ef21eb8_fractured_23_piece_0.obj,Bottle_6ca2149ac6d3699130612f5c0ef21eb8_fractured_23_piece_1.obj is not a valid directory, skipping.
Warning: /workspace/everyday_all_2/Bottle_6ca2149ac6d3699130612f5c0ef21eb8_fractured_60_piece_0.obj,Bottle_6ca2149ac6d3699130612f5c0ef21eb8_fractured_60_piece_1.obj is not a valid directory, skipping.
Warning: /workspace/everyday_all_2/Bottle_6ca2149ac6d3699130612f5c0ef21eb8_fractured_8_piece_0.obj,Bottle_6ca2149ac6d3699130612f5c0ef21eb8_fractured_8_piece_1.obj is not a valid directory, skipping.
Warning: /workspace/everyday_all_2/Bottle_6ca2149ac6d3699130612f5c0ef21eb8_fractured_54_piece_0.obj,Bottle_6ca2149ac6d3699130612f5c0ef21eb8_fractured_54_piece_1.obj is not a valid directory, skipping.
Warning: /workspace/everyday_all_2/DrinkingUtensil_c491d8bc77f4fb1ca4c322790a683350_fractured_70_piece_0.obj,DrinkingUtensil_c491d8bc77f4fb1ca4c322790a683350_fractured_70_piece_1.obj is not a valid directory, skipping.
Warning: /workspace/everyday_all_2/DrinkingUtensil_c491d8bc77f4fb1ca4c322790a683350_fractured_26_piece_0.obj,DrinkingUtensil_c491d8bc77f4fb1ca4c322790a683350_fractured_26_piece_1.obj is not a valid directory, skipping.
Warning: /workspace/everyday_all_2/DrinkingUtensil_c491d8bc77f4fb1ca4c322790a683350_fractured_12_piece_0.obj,DrinkingUtensil_c491d8bc77f4fb1ca4c322790a683350_fractured_12_piece_1.obj is not a valid directory, skipping.
Warning: /workspace/everyday_all_2/DrinkingUtensil_c491d8bc77f4fb1ca4c322790a683350_fractured_43_piece_0.obj,DrinkingUtensil_c491d8bc77f4fb1ca4c322790a683350_fractured_43_piece_1.obj is not a valid directory, skipping.
Warning: /workspace/everyday_all_2/DrinkingUtensil_c491d8bc77f4fb1ca4c322790a683350_fractured_72_piece_0.obj,DrinkingUtensil_c491d8bc77f4fb1ca4c322790a683350_fractured_72_piece_1.obj is not a valid directory, skipping.
Warning: /workspace/everyday_all_2/DrinkingUtensil_c491d8bc77f4fb1ca4c322790a683350_fractured_35_piece_0.obj,DrinkingUtensil_c491d8bc77f4fb1ca4c322790a683350_fractured_35_piece_1.obj is not a valid directory, skipping.
Warning: /workspace/everyday_all_2/DrinkingUtensil_c491d8bc77f4fb1ca4c322790a683350_fractured_19_piece_0.obj,DrinkingUtensil_c491d8bc77f4fb1ca4c322790a683350_fractured_19_piece_1.obj is not a valid directory, skipping.
Warning: /workspace/everyday_all_2/DrinkingUtensil_c491d8bc77f4fb1ca4c322790a683350_fractured_63_piece_0.obj,DrinkingUtensil_c491d8bc77f4fb1ca4c322790a683350_fractured_63_piece_1.obj is not a valid directory, skipping.
Warning: /workspace/everyday_all_2/Mirror_d579d22b8a1c2fcdd0e326df7b92a666_fractured_2_piece_0.obj,Mirror_d579d22b8a1c2fcdd0e326df7b92a666_fractured_2_piece_1.obj is not a valid directory, skipping.
Warning: /workspace/everyday_all_2/Mirror_d579d22b8a1c2fcdd0e326df7b92a666_fractured_35_piece_0.obj,Mirror_d579d22b8a1c2fcdd0e326df7b92a666_fractured_35_piece_1.obj is not a valid directory, skipping.
Warning: /workspace/everyday_all_2/Mirror_d579d22b8a1c2fcdd0e326df7b92a666_fractured_19_piece_0.obj,Mirror_d579d22b8a1c2fcdd0e326df7b92a666_fractured_19_piece_1.obj is not a valid directory, skipping.
Warning: /workspace/everyday_all_2/Cup_3a3b19614d545834cd321262c762dc9_fractured_22_piece_0.obj,Cup_3a3b19614d545834cd321262c762dc9_fractured_22_piece_1.obj is not a valid directory, skipping.
Warning: /workspace/everyday_all_2/Cup_3a3b19614d545834cd321262c762dc9_fractured_35_piece_0.obj,Cup_3a3b19614d545834cd321262c762dc9_fractured_35_piece_1.obj is not a valid directory, skipping.
Warning: /workspace/everyday_all_2/Cup_3a3b19614d545834cd321262c762dc9_fractured_28_piece_0.obj,Cup_3a3b19614d545834cd321262c762dc9_fractured_28_piece_1.obj is not a valid directory, skipping.
Warning: /workspace/everyday_all_2/Cup_3a3b19614d545834cd321262c762dc9_fractured_6_piece_0.obj,Cup_3a3b19614d545834cd321262c762dc9_fractured_6_piece_1.obj is not a valid directory, skipping.
Warning: /workspace/everyday_all_2/Cup_3a3b19614d545834cd321262c762dc9_fractured_42_piece_0.obj,Cup_3a3b19614d545834cd321262c762dc9_fractured_42_piece_1.obj is not a valid directory, skipping.
Warning: /workspace/everyday_all_2/Cup_3a3b19614d545834cd321262c762dc9_fractured_10_piece_0.obj,Cup_3a3b19614d545834cd321262c762dc9_fractured_10_piece_1.obj is not a valid directory, skipping.
Warning: /workspace/everyday_all_2/Cup_3a3b19614d545834cd321262c762dc9_fractured_36_piece_0.obj,Cup_3a3b19614d545834cd321262c762dc9_fractured_36_piece_1.obj is not a valid directory, skipping.
Warning: /workspace/everyday_all_2/Cup_3a3b19614d545834cd321262c762dc9_fractured_9_piece_0.obj,Cup_3a3b19614d545834cd321262c762dc9_fractured_9_piece_1.obj is not a valid directory, skipping.
Warning: /workspace/everyday_all_2/Cup_3a3b19614d545834cd321262c762dc9_fractured_75_piece_0.obj,Cup_3a3b19614d545834cd321262c762dc9_fractured_75_piece_1.obj is not a valid directory, skipping.
Warning: /workspace/everyday_all_2/Mirror_92a1e771eb621c14c2a5a06bb7a05e87_mode_1_piece_0.obj,Mirror_92a1e771eb621c14c2a5a06bb7a05e87_mode_1_piece_1.obj is not a valid directory, skipping.
Warning: /workspace/everyday_all_2/Vase_9c06b546a29ccb2f2c27670a86683659_mode_1_piece_0.obj,Vase_9c06b546a29ccb2f2c27670a86683659_mode_1_piece_1.obj is not a valid directory, skipping.
Warning: /workspace/everyday_all_2/Statue_5843ac18799f8970f9fced92afcb9866_fractured_13_piece_0.obj,Statue_5843ac18799f8970f9fced92afcb9866_fractured_13_piece_1.obj is not a valid directory, skipping.
Warning: /workspace/everyday_all_2/Statue_5843ac18799f8970f9fced92afcb9866_fractured_62_piece_0.obj,Statue_5843ac18799f8970f9fced92afcb9866_fractured_62_piece_1.obj is not a valid directory, skipping.
Warning: /workspace/everyday_all_2/Statue_5843ac18799f8970f9fced92afcb9866_fractured_38_piece_0.obj,Statue_5843ac18799f8970f9fced92afcb9866_fractured_38_piece_1.obj is not a valid directory, skipping.
Warning: /workspace/everyday_all_2/Statue_5843ac18799f8970f9fced92afcb9866_fractured_67_piece_0.obj,Statue_5843ac18799f8970f9fced92afcb9866_fractured_67_piece_1.obj is not a valid directory, skipping.
Warning: /workspace/everyday_all_2/Statue_5843ac18799f8970f9fced92afcb9866_fractured_45_piece_0.obj,Statue_5843ac18799f8970f9fced92afcb9866_fractured_45_piece_1.obj is not a valid directory, skipping.
Warning: /workspace/everyday_all_2/Statue_5843ac18799f8970f9fced92afcb9866_fractured_51_piece_0.obj,Statue_5843ac18799f8970f9fced92afcb9866_fractured_51_piece_1.obj is not a valid directory, skipping.
Warning: /workspace/everyday_all_2/Statue_5843ac18799f8970f9fced92afcb9866_fractured_66_piece_0.obj,Statue_5843ac18799f8970f9fced92afcb9866_fractured_66_piece_1.obj is not a valid directory, skipping.
Warning: /workspace/everyday_all_2/Mug_57f73714cbc425e44ae022a8f6e258a7_fractured_13_piece_0.obj,Mug_57f73714cbc425e44ae022a8f6e258a7_fractured_13_piece_1.obj is not a valid directory, skipping.
Warning: /workspace/everyday_all_2/Mug_57f73714cbc425e44ae022a8f6e258a7_fractured_69_piece_0.obj,Mug_57f73714cbc425e44ae022a8f6e258a7_fractured_69_piece_1.obj is not a valid directory, skipping.
Warning: /workspace/everyday_all_2/Mug_57f73714cbc425e44ae022a8f6e258a7_fractured_20_piece_0.obj,Mug_57f73714cbc425e44ae022a8f6e258a7_fractured_20_piece_1.obj is not a valid directory, skipping.
Warning: /workspace/everyday_all_2/Mug_57f73714cbc425e44ae022a8f6e258a7_fractured_78_piece_0.obj,Mug_57f73714cbc425e44ae022a8f6e258a7_fractured_78_piece_1.obj is not a valid directory, skipping.
Warning: /workspace/everyday_all_2/Mug_57f73714cbc425e44ae022a8f6e258a7_fractured_30_piece_0.obj,Mug_57f73714cbc425e44ae022a8f6e258a7_fractured_30_piece_1.obj is not a valid directory, skipping.
Warning: /workspace/everyday_all_2/Mug_57f73714cbc425e44ae022a8f6e258a7_fractured_25_piece_0.obj,Mug_57f73714cbc425e44ae022a8f6e258a7_fractured_25_piece_1.obj is not a valid directory, skipping.
Warning: /workspace/everyday_all_2/Mug_57f73714cbc425e44ae022a8f6e258a7_fractured_76_piece_0.obj,Mug_57f73714cbc425e44ae022a8f6e258a7_fractured_76_piece_1.obj is not a valid directory, skipping.
Warning: /workspace/everyday_all_2/Mug_57f73714cbc425e44ae022a8f6e258a7_fractured_51_piece_0.obj,Mug_57f73714cbc425e44ae022a8f6e258a7_fractured_51_piece_1.obj is not a valid directory, skipping.
Warning: /workspace/everyday_all_2/Mug_57f73714cbc425e44ae022a8f6e258a7_fractured_70_piece_0.obj,Mug_57f73714cbc425e44ae022a8f6e258a7_fractured_70_piece_1.obj is not a valid directory, skipping.
Warning: /workspace/everyday_all_2/Mug_57f73714cbc425e44ae022a8f6e258a7_fractured_7_piece_0.obj,Mug_57f73714cbc425e44ae022a8f6e258a7_fractured_7_piece_1.obj is not a valid directory, skipping.
Warning: /workspace/everyday_all_2/Mug_57f73714cbc425e44ae022a8f6e258a7_fractured_49_piece_0.obj,Mug_57f73714cbc425e44ae022a8f6e258a7_fractured_49_piece_1.obj is not a valid directory, skipping.
Warning: /workspace/everyday_all_2/Mug_57f73714cbc425e44ae022a8f6e258a7_fractured_65_piece_0.obj,Mug_57f73714cbc425e44ae022a8f6e258a7_fractured_65_piece_1.obj is not a valid directory, skipping.
Warning: /workspace/everyday_all_2/Mug_57f73714cbc425e44ae022a8f6e258a7_fractured_67_piece_0.obj,Mug_57f73714cbc425e44ae022a8f6e258a7_fractured_67_piece_1.obj is not a valid directory, skipping.
Warning: /workspace/everyday_all_2/Mug_57f73714cbc425e44ae022a8f6e258a7_fractured_6_piece_0.obj,Mug_57f73714cbc425e44ae022a8f6e258a7_fractured_6_piece_1.obj is not a valid directory, skipping.
Warning: /workspace/everyday_all_2/Mug_57f73714cbc425e44ae022a8f6e258a7_fractured_73_piece_0.obj,Mug_57f73714cbc425e44ae022a8f6e258a7_fractured_73_piece_1.obj is not a valid directory, skipping.
Warning: /workspace/everyday_all_2/Mug_57f73714cbc425e44ae022a8f6e258a7_fractured_4_piece_0.obj,Mug_57f73714cbc425e44ae022a8f6e258a7_fractured_4_piece_1.obj is not a valid directory, skipping.
Warning: /workspace/everyday_all_2/Mug_57f73714cbc425e44ae022a8f6e258a7_fractured_59_piece_0.obj,Mug_57f73714cbc425e44ae022a8f6e258a7_fractured_59_piece_1.obj is not a valid directory, skipping.
Warning: /workspace/everyday_all_2/Mug_57f73714cbc425e44ae022a8f6e258a7_fractured_5_piece_0.obj,Mug_57f73714cbc425e44ae022a8f6e258a7_fractured_5_piece_1.obj is not a valid directory, skipping.
Warning: /workspace/everyday_all_2/Vase_7e0dd6e52ce37b52f690049a092c5efc_fractured_53_piece_0.obj,Vase_7e0dd6e52ce37b52f690049a092c5efc_fractured_53_piece_1.obj is not a valid directory, skipping.
Warning: /workspace/everyday_all_2/Vase_7e0dd6e52ce37b52f690049a092c5efc_fractured_71_piece_1.obj,Vase_7e0dd6e52ce37b52f690049a092c5efc_fractured_71_piece_0.obj is not a valid directory, skipping.
Warning: /workspace/everyday_all_2/Vase_7e0dd6e52ce37b52f690049a092c5efc_fractured_21_piece_0.obj,Vase_7e0dd6e52ce37b52f690049a092c5efc_fractured_21_piece_1.obj is not a valid directory, skipping.
Warning: /workspace/everyday_all_2/Vase_7e0dd6e52ce37b52f690049a092c5efc_fractured_33_piece_0.obj,Vase_7e0dd6e52ce37b52f690049a092c5efc_fractured_33_piece_1.obj is not a valid directory, skipping.
Warning: /workspace/everyday_all_2/Vase_7e0dd6e52ce37b52f690049a092c5efc_fractured_25_piece_0.obj,Vase_7e0dd6e52ce37b52f690049a092c5efc_fractured_25_piece_1.obj is not a valid directory, skipping.
Warning: /workspace/everyday_all_2/Vase_7e0dd6e52ce37b52f690049a092c5efc_fractured_40_piece_0.obj,Vase_7e0dd6e52ce37b52f690049a092c5efc_fractured_40_piece_1.obj is not a valid directory, skipping.
Warning: /workspace/everyday_all_2/Vase_7e0dd6e52ce37b52f690049a092c5efc_fractured_38_piece_0.obj,Vase_7e0dd6e52ce37b52f690049a092c5efc_fractured_38_piece_1.obj is not a valid directory, skipping.
Warning: /workspace/everyday_all_2/Vase_7e0dd6e52ce37b52f690049a092c5efc_fractured_57_piece_0.obj,Vase_7e0dd6e52ce37b52f690049a092c5efc_fractured_57_piece_1.obj is not a valid directory, skipping.
Warning: /workspace/everyday_all_2/Vase_7e0dd6e52ce37b52f690049a092c5efc_fractured_28_piece_1.obj,Vase_7e0dd6e52ce37b52f690049a092c5efc_fractured_28_piece_0.obj is not a valid directory, skipping.
Warning: /workspace/everyday_all_2/Vase_7e0dd6e52ce37b52f690049a092c5efc_fractured_54_piece_0.obj,Vase_7e0dd6e52ce37b52f690049a092c5efc_fractured_54_piece_1.obj is not a valid directory, skipping.
Warning: /workspace/everyday_all_2/Vase_7e0dd6e52ce37b52f690049a092c5efc_fractured_2_piece_0.obj,Vase_7e0dd6e52ce37b52f690049a092c5efc_fractured_2_piece_1.obj is not a valid directory, skipping.
Warning: /workspace/everyday_all_2/Vase_7e0dd6e52ce37b52f690049a092c5efc_fractured_29_piece_1.obj,Vase_7e0dd6e52ce37b52f690049a092c5efc_fractured_29_piece_0.obj is not a valid directory, skipping.
Warning: /workspace/everyday_all_2/Vase_7e0dd6e52ce37b52f690049a092c5efc_fractured_60_piece_0.obj,Vase_7e0dd6e52ce37b52f690049a092c5efc_fractured_60_piece_1.obj is not a valid directory, skipping.
Warning: /workspace/everyday_all_2/Vase_7e0dd6e52ce37b52f690049a092c5efc_fractured_36_piece_0.obj,Vase_7e0dd6e52ce37b52f690049a092c5efc_fractured_36_piece_1.obj is not a valid directory, skipping.
Warning: /workspace/everyday_all_2/Vase_7e0dd6e52ce37b52f690049a092c5efc_fractured_61_piece_0.obj,Vase_7e0dd6e52ce37b52f690049a092c5efc_fractured_61_piece_1.obj is not a valid directory, skipping.
Warning: /workspace/everyday_all_2/Vase_7e0dd6e52ce37b52f690049a092c5efc_fractured_41_piece_1.obj,Vase_7e0dd6e52ce37b52f690049a092c5efc_fractured_41_piece_0.obj is not a valid directory, skipping.
Warning: /workspace/everyday_all_2/Vase_7e0dd6e52ce37b52f690049a092c5efc_fractured_15_piece_1.obj,Vase_7e0dd6e52ce37b52f690049a092c5efc_fractured_15_piece_0.obj is not a valid directory, skipping.
Warning: /workspace/everyday_all_2/Vase_7e0dd6e52ce37b52f690049a092c5efc_fractured_8_piece_1.obj,Vase_7e0dd6e52ce37b52f690049a092c5efc_fractured_8_piece_0.obj is not a valid directory, skipping.
Warning: /workspace/everyday_all_2/Vase_7e0dd6e52ce37b52f690049a092c5efc_fractured_37_piece_1.obj,Vase_7e0dd6e52ce37b52f690049a092c5efc_fractured_37_piece_0.obj is not a valid directory, skipping.
Warning: /workspace/everyday_all_2/Vase_7e0dd6e52ce37b52f690049a092c5efc_fractured_10_piece_1.obj,Vase_7e0dd6e52ce37b52f690049a092c5efc_fractured_10_piece_0.obj is not a valid directory, skipping.
Warning: /workspace/everyday_all_2/DrinkBottle_a429f8eb0c3e6a1e6ea2d79f658bbae7_fractured_32_piece_0.obj,DrinkBottle_a429f8eb0c3e6a1e6ea2d79f658bbae7_fractured_32_piece_1.obj is not a valid directory, skipping.
Warning: /workspace/everyday_all_2/DrinkBottle_a429f8eb0c3e6a1e6ea2d79f658bbae7_fractured_45_piece_0.obj,DrinkBottle_a429f8eb0c3e6a1e6ea2d79f658bbae7_fractured_45_piece_1.obj is not a valid directory, skipping.
Warning: /workspace/everyday_all_2/DrinkBottle_a429f8eb0c3e6a1e6ea2d79f658bbae7_fractured_26_piece_0.obj,DrinkBottle_a429f8eb0c3e6a1e6ea2d79f658bbae7_fractured_26_piece_1.obj is not a valid directory, skipping.
Warning: /workspace/everyday_all_2/DrinkBottle_a429f8eb0c3e6a1e6ea2d79f658bbae7_fractured_28_piece_0.obj,DrinkBottle_a429f8eb0c3e6a1e6ea2d79f658bbae7_fractured_28_piece_1.obj is not a valid directory, skipping.
Warning: /workspace/everyday_all_2/DrinkBottle_a429f8eb0c3e6a1e6ea2d79f658bbae7_fractured_47_piece_0.obj,DrinkBottle_a429f8eb0c3e6a1e6ea2d79f658bbae7_fractured_47_piece_1.obj is not a valid directory, skipping.
Warning: /workspace/everyday_all_2/DrinkBottle_a429f8eb0c3e6a1e6ea2d79f658bbae7_fractured_13_piece_0.obj,DrinkBottle_a429f8eb0c3e6a1e6ea2d79f658bbae7_fractured_13_piece_1.obj is not a valid directory, skipping.
Warning: /workspace/everyday_all_2/DrinkBottle_a429f8eb0c3e6a1e6ea2d79f658bbae7_fractured_23_piece_0.obj,DrinkBottle_a429f8eb0c3e6a1e6ea2d79f658bbae7_fractured_23_piece_1.obj is not a valid directory, skipping.
Warning: /workspace/everyday_all_2/DrinkBottle_a429f8eb0c3e6a1e6ea2d79f658bbae7_fractured_42_piece_0.obj,DrinkBottle_a429f8eb0c3e6a1e6ea2d79f658bbae7_fractured_42_piece_1.obj is not a valid directory, skipping.
Warning: /workspace/everyday_all_2/DrinkBottle_a429f8eb0c3e6a1e6ea2d79f658bbae7_fractured_48_piece_0.obj,DrinkBottle_a429f8eb0c3e6a1e6ea2d79f658bbae7_fractured_48_piece_1.obj is not a valid directory, skipping.
Warning: /workspace/everyday_all_2/DrinkBottle_a429f8eb0c3e6a1e6ea2d79f658bbae7_fractured_7_piece_0.obj,DrinkBottle_a429f8eb0c3e6a1e6ea2d79f658bbae7_fractured_7_piece_1.obj is not a valid directory, skipping.
Warning: /workspace/everyday_all_2/DrinkBottle_a429f8eb0c3e6a1e6ea2d79f658bbae7_fractured_0_piece_0.obj,DrinkBottle_a429f8eb0c3e6a1e6ea2d79f658bbae7_fractured_0_piece_1.obj is not a valid directory, skipping.
Warning: /workspace/everyday_all_2/DrinkBottle_a429f8eb0c3e6a1e6ea2d79f658bbae7_fractured_44_piece_0.obj,DrinkBottle_a429f8eb0c3e6a1e6ea2d79f658bbae7_fractured_44_piece_1.obj is not a valid directory, skipping.
Warning: /workspace/everyday_all_2/DrinkBottle_a429f8eb0c3e6a1e6ea2d79f658bbae7_fractured_37_piece_0.obj,DrinkBottle_a429f8eb0c3e6a1e6ea2d79f658bbae7_fractured_37_piece_1.obj is not a valid directory, skipping.
Warning: /workspace/everyday_all_2/DrinkingUtensil_f2a6dba44fcb7ca030612f5c0ef21eb8_fractured_77_piece_0.obj,DrinkingUtensil_f2a6dba44fcb7ca030612f5c0ef21eb8_fractured_77_piece_1.obj is not a valid directory, skipping.
Warning: /workspace/everyday_all_2/DrinkingUtensil_f2a6dba44fcb7ca030612f5c0ef21eb8_fractured_51_piece_0.obj,DrinkingUtensil_f2a6dba44fcb7ca030612f5c0ef21eb8_fractured_51_piece_1.obj is not a valid directory, skipping.
Warning: /workspace/everyday_all_2/DrinkingUtensil_f2a6dba44fcb7ca030612f5c0ef21eb8_fractured_72_piece_0.obj,DrinkingUtensil_f2a6dba44fcb7ca030612f5c0ef21eb8_fractured_72_piece_1.obj is not a valid directory, skipping.
Warning: /workspace/everyday_all_2/DrinkingUtensil_f2a6dba44fcb7ca030612f5c0ef21eb8_fractured_21_piece_0.obj,DrinkingUtensil_f2a6dba44fcb7ca030612f5c0ef21eb8_fractured_21_piece_1.obj is not a valid directory, skipping.
Warning: /workspace/everyday_all_2/DrinkingUtensil_f2a6dba44fcb7ca030612f5c0ef21eb8_fractured_38_piece_0.obj,DrinkingUtensil_f2a6dba44fcb7ca030612f5c0ef21eb8_fractured_38_piece_1.obj is not a valid directory, skipping.
Warning: /workspace/everyday_all_2/DrinkingUtensil_f2a6dba44fcb7ca030612f5c0ef21eb8_fractured_20_piece_0.obj,DrinkingUtensil_f2a6dba44fcb7ca030612f5c0ef21eb8_fractured_20_piece_1.obj is not a valid directory, skipping.
Warning: /workspace/everyday_all_2/DrinkingUtensil_f2a6dba44fcb7ca030612f5c0ef21eb8_fractured_54_piece_0.obj,DrinkingUtensil_f2a6dba44fcb7ca030612f5c0ef21eb8_fractured_54_piece_1.obj is not a valid directory, skipping.
Warning: /workspace/everyday_all_2/DrinkingUtensil_eccfd74cb0014d474212ff51b27f0221_mode_1_piece_0.obj,DrinkingUtensil_eccfd74cb0014d474212ff51b27f0221_mode_1_piece_1.obj is not a valid directory, skipping.
Warning: /workspace/everyday_all_2/ToyFigure_2936cf91218a53dee04e4d5188c661b9_fractured_33_piece_0.obj,ToyFigure_2936cf91218a53dee04e4d5188c661b9_fractured_33_piece_1.obj is not a valid directory, skipping.
Warning: /workspace/everyday_all_2/ToyFigure_2936cf91218a53dee04e4d5188c661b9_fractured_57_piece_0.obj,ToyFigure_2936cf91218a53dee04e4d5188c661b9_fractured_57_piece_1.obj is not a valid directory, skipping.
Warning: /workspace/everyday_all_2/ToyFigure_2936cf91218a53dee04e4d5188c661b9_fractured_53_piece_0.obj,ToyFigure_2936cf91218a53dee04e4d5188c661b9_fractured_53_piece_1.obj is not a valid directory, skipping.
Warning: /workspace/everyday_all_2/ToyFigure_2936cf91218a53dee04e4d5188c661b9_fractured_48_piece_0.obj,ToyFigure_2936cf91218a53dee04e4d5188c661b9_fractured_48_piece_1.obj is not a valid directory, skipping.
Warning: /workspace/everyday_all_2/ToyFigure_2936cf91218a53dee04e4d5188c661b9_fractured_10_piece_0.obj,ToyFigure_2936cf91218a53dee04e4d5188c661b9_fractured_10_piece_1.obj is not a valid directory, skipping.
Warning: /workspace/everyday_all_2/ToyFigure_2936cf91218a53dee04e4d5188c661b9_fractured_42_piece_0.obj,ToyFigure_2936cf91218a53dee04e4d5188c661b9_fractured_42_piece_1.obj is not a valid directory, skipping.
Warning: /workspace/everyday_all_2/ToyFigure_2936cf91218a53dee04e4d5188c661b9_fractured_54_piece_0.obj,ToyFigure_2936cf91218a53dee04e4d5188c661b9_fractured_54_piece_1.obj is not a valid directory, skipping.
Warning: /workspace/everyday_all_2/ToyFigure_2936cf91218a53dee04e4d5188c661b9_fractured_64_piece_0.obj,ToyFigure_2936cf91218a53dee04e4d5188c661b9_fractured_64_piece_1.obj is not a valid directory, skipping.
Warning: /workspace/everyday_all_2/ToyFigure_2936cf91218a53dee04e4d5188c661b9_fractured_79_piece_0.obj,ToyFigure_2936cf91218a53dee04e4d5188c661b9_fractured_79_piece_1.obj is not a valid directory, skipping.
Warning: /workspace/everyday_all_2/ToyFigure_2936cf91218a53dee04e4d5188c661b9_fractured_8_piece_0.obj,ToyFigure_2936cf91218a53dee04e4d5188c661b9_fractured_8_piece_1.obj is not a valid directory, skipping.
Warning: /workspace/everyday_all_2/ToyFigure_2936cf91218a53dee04e4d5188c661b9_fractured_32_piece_0.obj,ToyFigure_2936cf91218a53dee04e4d5188c661b9_fractured_32_piece_1.obj is not a valid directory, skipping.
Warning: /workspace/everyday_all_2/ToyFigure_2936cf91218a53dee04e4d5188c661b9_fractured_17_piece_0.obj,ToyFigure_2936cf91218a53dee04e4d5188c661b9_fractured_17_piece_1.obj is not a valid directory, skipping.
Warning: /workspace/everyday_all_2/ToyFigure_2936cf91218a53dee04e4d5188c661b9_fractured_36_piece_0.obj,ToyFigure_2936cf91218a53dee04e4d5188c661b9_fractured_36_piece_1.obj is not a valid directory, skipping.
Warning: /workspace/everyday_all_2/ToyFigure_2936cf91218a53dee04e4d5188c661b9_fractured_44_piece_0.obj,ToyFigure_2936cf91218a53dee04e4d5188c661b9_fractured_44_piece_1.obj is not a valid directory, skipping.
Warning: /workspace/everyday_all_2/ToyFigure_2936cf91218a53dee04e4d5188c661b9_fractured_46_piece_0.obj,ToyFigure_2936cf91218a53dee04e4d5188c661b9_fractured_46_piece_1.obj is not a valid directory, skipping.
Warning: /workspace/everyday_all_2/ToyFigure_2936cf91218a53dee04e4d5188c661b9_fractured_9_piece_0.obj,ToyFigure_2936cf91218a53dee04e4d5188c661b9_fractured_9_piece_1.obj is not a valid directory, skipping.
Warning: /workspace/everyday_all_2/Bottle_48bacbf60318db537a0c402e1ca31f3_fractured_13_piece_0.obj,Bottle_48bacbf60318db537a0c402e1ca31f3_fractured_13_piece_1.obj is not a valid directory, skipping.
Warning: /workspace/everyday_all_2/Bottle_48bacbf60318db537a0c402e1ca31f3_fractured_9_piece_0.obj,Bottle_48bacbf60318db537a0c402e1ca31f3_fractured_9_piece_1.obj is not a valid directory, skipping.
Warning: /workspace/everyday_all_2/Bottle_48bacbf60318db537a0c402e1ca31f3_fractured_37_piece_0.obj,Bottle_48bacbf60318db537a0c402e1ca31f3_fractured_37_piece_1.obj is not a valid directory, skipping.
Warning: /workspace/everyday_all_2/Bottle_48bacbf60318db537a0c402e1ca31f3_fractured_63_piece_0.obj,Bottle_48bacbf60318db537a0c402e1ca31f3_fractured_63_piece_1.obj is not a valid directory, skipping.
Warning: /workspace/everyday_all_2/Bottle_48bacbf60318db537a0c402e1ca31f3_fractured_78_piece_0.obj,Bottle_48bacbf60318db537a0c402e1ca31f3_fractured_78_piece_1.obj is not a valid directory, skipping.
Warning: /workspace/everyday_all_2/Bottle_48bacbf60318db537a0c402e1ca31f3_fractured_40_piece_0.obj,Bottle_48bacbf60318db537a0c402e1ca31f3_fractured_40_piece_1.obj is not a valid directory, skipping.
Warning: /workspace/everyday_all_2/Bottle_48bacbf60318db537a0c402e1ca31f3_fractured_7_piece_0.obj,Bottle_48bacbf60318db537a0c402e1ca31f3_fractured_7_piece_1.obj is not a valid directory, skipping.
Warning: /workspace/everyday_all_2/Bottle_48bacbf60318db537a0c402e1ca31f3_fractured_29_piece_0.obj,Bottle_48bacbf60318db537a0c402e1ca31f3_fractured_29_piece_1.obj is not a valid directory, skipping.
Warning: /workspace/everyday_all_2/Bottle_48bacbf60318db537a0c402e1ca31f3_fractured_12_piece_0.obj,Bottle_48bacbf60318db537a0c402e1ca31f3_fractured_12_piece_1.obj is not a valid directory, skipping.
Warning: /workspace/everyday_all_2/Mirror_d88c21ff113a2b8a696ba2a9e3c77d99_fractured_75_piece_0.obj,Mirror_d88c21ff113a2b8a696ba2a9e3c77d99_fractured_75_piece_1.obj is not a valid directory, skipping.
Warning: /workspace/everyday_all_2/Mirror_d88c21ff113a2b8a696ba2a9e3c77d99_fractured_37_piece_0.obj,Mirror_d88c21ff113a2b8a696ba2a9e3c77d99_fractured_37_piece_1.obj is not a valid directory, skipping.
Warning: /workspace/everyday_all_2/Mirror_d88c21ff113a2b8a696ba2a9e3c77d99_fractured_52_piece_0.obj,Mirror_d88c21ff113a2b8a696ba2a9e3c77d99_fractured_52_piece_1.obj is not a valid directory, skipping.
Warning: /workspace/everyday_all_2/Mirror_d88c21ff113a2b8a696ba2a9e3c77d99_fractured_28_piece_0.obj,Mirror_d88c21ff113a2b8a696ba2a9e3c77d99_fractured_28_piece_1.obj is not a valid directory, skipping.
Warning: /workspace/everyday_all_2/Mirror_d88c21ff113a2b8a696ba2a9e3c77d99_fractured_59_piece_0.obj,Mirror_d88c21ff113a2b8a696ba2a9e3c77d99_fractured_59_piece_1.obj is not a valid directory, skipping.
Warning: /workspace/everyday_all_2/Mirror_d88c21ff113a2b8a696ba2a9e3c77d99_fractured_16_piece_0.obj,Mirror_d88c21ff113a2b8a696ba2a9e3c77d99_fractured_16_piece_1.obj is not a valid directory, skipping.
Warning: /workspace/everyday_all_2/Mirror_d88c21ff113a2b8a696ba2a9e3c77d99_fractured_46_piece_0.obj,Mirror_d88c21ff113a2b8a696ba2a9e3c77d99_fractured_46_piece_1.obj is not a valid directory, skipping.
Warning: /workspace/everyday_all_2/Mirror_d88c21ff113a2b8a696ba2a9e3c77d99_fractured_42_piece_0.obj,Mirror_d88c21ff113a2b8a696ba2a9e3c77d99_fractured_42_piece_1.obj is not a valid directory, skipping.
Warning: /workspace/everyday_all_2/Mirror_d88c21ff113a2b8a696ba2a9e3c77d99_fractured_45_piece_0.obj,Mirror_d88c21ff113a2b8a696ba2a9e3c77d99_fractured_45_piece_1.obj is not a valid directory, skipping.
Warning: /workspace/everyday_all_2/Mug_e79d807e1093c6174e716404e6ec3a5f_fractured_8_piece_0.obj,Mug_e79d807e1093c6174e716404e6ec3a5f_fractured_8_piece_1.obj is not a valid directory, skipping.
Warning: /workspace/everyday_all_2/Mug_e79d807e1093c6174e716404e6ec3a5f_fractured_68_piece_0.obj,Mug_e79d807e1093c6174e716404e6ec3a5f_fractured_68_piece_1.obj is not a valid directory, skipping.
Warning: /workspace/everyday_all_2/Mug_e79d807e1093c6174e716404e6ec3a5f_fractured_42_piece_0.obj,Mug_e79d807e1093c6174e716404e6ec3a5f_fractured_42_piece_1.obj is not a valid directory, skipping.
Warning: /workspace/everyday_all_2/Mug_e79d807e1093c6174e716404e6ec3a5f_fractured_71_piece_0.obj,Mug_e79d807e1093c6174e716404e6ec3a5f_fractured_71_piece_1.obj is not a valid directory, skipping.
Warning: /workspace/everyday_all_2/Mug_e79d807e1093c6174e716404e6ec3a5f_fractured_52_piece_0.obj,Mug_e79d807e1093c6174e716404e6ec3a5f_fractured_52_piece_1.obj is not a valid directory, skipping.
Warning: /workspace/everyday_all_2/Mug_e79d807e1093c6174e716404e6ec3a5f_fractured_16_piece_0.obj,Mug_e79d807e1093c6174e716404e6ec3a5f_fractured_16_piece_1.obj is not a valid directory, skipping.
Warning: /workspace/everyday_all_2/Mug_e79d807e1093c6174e716404e6ec3a5f_fractured_61_piece_0.obj,Mug_e79d807e1093c6174e716404e6ec3a5f_fractured_61_piece_1.obj is not a valid directory, skipping.
Warning: /workspace/everyday_all_2/Mug_e79d807e1093c6174e716404e6ec3a5f_fractured_69_piece_0.obj,Mug_e79d807e1093c6174e716404e6ec3a5f_fractured_69_piece_1.obj is not a valid directory, skipping.
Warning: /workspace/everyday_all_2/Mug_e79d807e1093c6174e716404e6ec3a5f_fractured_37_piece_0.obj,Mug_e79d807e1093c6174e716404e6ec3a5f_fractured_37_piece_1.obj is not a valid directory, skipping.
Warning: /workspace/everyday_all_2/Mug_e79d807e1093c6174e716404e6ec3a5f_fractured_34_piece_0.obj,Mug_e79d807e1093c6174e716404e6ec3a5f_fractured_34_piece_1.obj is not a valid directory, skipping.
Warning: /workspace/everyday_all_2/Mug_e79d807e1093c6174e716404e6ec3a5f_fractured_24_piece_0.obj,Mug_e79d807e1093c6174e716404e6ec3a5f_fractured_24_piece_1.obj is not a valid directory, skipping.
Warning: /workspace/everyday_all_2/Mug_e79d807e1093c6174e716404e6ec3a5f_fractured_17_piece_0.obj,Mug_e79d807e1093c6174e716404e6ec3a5f_fractured_17_piece_1.obj is not a valid directory, skipping.
Warning: /workspace/everyday_all_2/Mug_e79d807e1093c6174e716404e6ec3a5f_fractured_59_piece_0.obj,Mug_e79d807e1093c6174e716404e6ec3a5f_fractured_59_piece_1.obj is not a valid directory, skipping.
Warning: /workspace/everyday_all_2/Mug_e79d807e1093c6174e716404e6ec3a5f_fractured_51_piece_0.obj,Mug_e79d807e1093c6174e716404e6ec3a5f_fractured_51_piece_1.obj is not a valid directory, skipping.
Warning: /workspace/everyday_all_2/Mug_e79d807e1093c6174e716404e6ec3a5f_fractured_36_piece_0.obj,Mug_e79d807e1093c6174e716404e6ec3a5f_fractured_36_piece_1.obj is not a valid directory, skipping.
Warning: /workspace/everyday_all_2/Mirror_20663f59bb090670773ac2123317e26f_fractured_23_piece_0.obj,Mirror_20663f59bb090670773ac2123317e26f_fractured_23_piece_1.obj is not a valid directory, skipping.
Warning: /workspace/everyday_all_2/Mirror_20663f59bb090670773ac2123317e26f_fractured_14_piece_0.obj,Mirror_20663f59bb090670773ac2123317e26f_fractured_14_piece_1.obj is not a valid directory, skipping.
Warning: /workspace/everyday_all_2/Mirror_20663f59bb090670773ac2123317e26f_fractured_16_piece_0.obj,Mirror_20663f59bb090670773ac2123317e26f_fractured_16_piece_1.obj is not a valid directory, skipping.
Warning: /workspace/everyday_all_2/Mirror_20663f59bb090670773ac2123317e26f_fractured_1_piece_0.obj,Mirror_20663f59bb090670773ac2123317e26f_fractured_1_piece_1.obj is not a valid directory, skipping.
Warning: /workspace/everyday_all_2/Mirror_20663f59bb090670773ac2123317e26f_fractured_12_piece_0.obj,Mirror_20663f59bb090670773ac2123317e26f_fractured_12_piece_1.obj is not a valid directory, skipping.
Warning: /workspace/everyday_all_2/Mirror_20663f59bb090670773ac2123317e26f_fractured_44_piece_0.obj,Mirror_20663f59bb090670773ac2123317e26f_fractured_44_piece_1.obj is not a valid directory, skipping.
Warning: /workspace/everyday_all_2/Mirror_20663f59bb090670773ac2123317e26f_fractured_51_piece_0.obj,Mirror_20663f59bb090670773ac2123317e26f_fractured_51_piece_1.obj is not a valid directory, skipping.
Warning: /workspace/everyday_all_2/Bottle_738d7eb5c8800842f8060bac8721179_fractured_70_piece_0.obj,Bottle_738d7eb5c8800842f8060bac8721179_fractured_70_piece_1.obj is not a valid directory, skipping.
Warning: /workspace/everyday_all_2/Bottle_738d7eb5c8800842f8060bac8721179_fractured_7_piece_0.obj,Bottle_738d7eb5c8800842f8060bac8721179_fractured_7_piece_1.obj is not a valid directory, skipping.
Warning: /workspace/everyday_all_2/Bottle_738d7eb5c8800842f8060bac8721179_fractured_32_piece_0.obj,Bottle_738d7eb5c8800842f8060bac8721179_fractured_32_piece_1.obj is not a valid directory, skipping.
Warning: /workspace/everyday_all_2/Bottle_738d7eb5c8800842f8060bac8721179_fractured_20_piece_0.obj,Bottle_738d7eb5c8800842f8060bac8721179_fractured_20_piece_1.obj is not a valid directory, skipping.
Warning: /workspace/everyday_all_2/Bottle_738d7eb5c8800842f8060bac8721179_fractured_4_piece_0.obj,Bottle_738d7eb5c8800842f8060bac8721179_fractured_4_piece_1.obj is not a valid directory, skipping.
Warning: /workspace/everyday_all_2/Bottle_738d7eb5c8800842f8060bac8721179_fractured_75_piece_0.obj,Bottle_738d7eb5c8800842f8060bac8721179_fractured_75_piece_1.obj is not a valid directory, skipping.
Warning: /workspace/everyday_all_2/Bottle_738d7eb5c8800842f8060bac8721179_fractured_69_piece_0.obj,Bottle_738d7eb5c8800842f8060bac8721179_fractured_69_piece_1.obj is not a valid directory, skipping.
Warning: /workspace/everyday_all_2/Bottle_738d7eb5c8800842f8060bac8721179_fractured_55_piece_0.obj,Bottle_738d7eb5c8800842f8060bac8721179_fractured_55_piece_1.obj is not a valid directory, skipping.
Warning: /workspace/everyday_all_2/Bottle_738d7eb5c8800842f8060bac8721179_fractured_51_piece_0.obj,Bottle_738d7eb5c8800842f8060bac8721179_fractured_51_piece_1.obj is not a valid directory, skipping.
Warning: /workspace/everyday_all_2/Bottle_738d7eb5c8800842f8060bac8721179_fractured_1_piece_0.obj,Bottle_738d7eb5c8800842f8060bac8721179_fractured_1_piece_1.obj is not a valid directory, skipping.
Warning: /workspace/everyday_all_2/Bottle_738d7eb5c8800842f8060bac8721179_fractured_0_piece_0.obj,Bottle_738d7eb5c8800842f8060bac8721179_fractured_0_piece_1.obj is not a valid directory, skipping.
Warning: /workspace/everyday_all_2/Bottle_738d7eb5c8800842f8060bac8721179_fractured_22_piece_0.obj,Bottle_738d7eb5c8800842f8060bac8721179_fractured_22_piece_1.obj is not a valid directory, skipping.
Warning: /workspace/everyday_all_2/Bottle_738d7eb5c8800842f8060bac8721179_fractured_59_piece_0.obj,Bottle_738d7eb5c8800842f8060bac8721179_fractured_59_piece_1.obj is not a valid directory, skipping.
Warning: /workspace/everyday_all_2/Bottle_738d7eb5c8800842f8060bac8721179_fractured_63_piece_0.obj,Bottle_738d7eb5c8800842f8060bac8721179_fractured_63_piece_1.obj is not a valid directory, skipping.
Warning: /workspace/everyday_all_2/Bottle_738d7eb5c8800842f8060bac8721179_fractured_61_piece_0.obj,Bottle_738d7eb5c8800842f8060bac8721179_fractured_61_piece_1.obj is not a valid directory, skipping.
Warning: /workspace/everyday_all_2/Bottle_738d7eb5c8800842f8060bac8721179_fractured_74_piece_0.obj,Bottle_738d7eb5c8800842f8060bac8721179_fractured_74_piece_1.obj is not a valid directory, skipping.
Warning: /workspace/everyday_all_2/Bottle_738d7eb5c8800842f8060bac8721179_fractured_40_piece_0.obj,Bottle_738d7eb5c8800842f8060bac8721179_fractured_40_piece_1.obj is not a valid directory, skipping.
Warning: /workspace/everyday_all_2/Bottle_738d7eb5c8800842f8060bac8721179_fractured_17_piece_0.obj,Bottle_738d7eb5c8800842f8060bac8721179_fractured_17_piece_1.obj is not a valid directory, skipping.
Warning: /workspace/everyday_all_2/Bottle_738d7eb5c8800842f8060bac8721179_fractured_33_piece_0.obj,Bottle_738d7eb5c8800842f8060bac8721179_fractured_33_piece_1.obj is not a valid directory, skipping.
Warning: /workspace/everyday_all_2/Ring_38ee30fb91dea90d3bca0b608dd49a42_fractured_69_piece_0.obj,Ring_38ee30fb91dea90d3bca0b608dd49a42_fractured_69_piece_1.obj is not a valid directory, skipping.
Warning: /workspace/everyday_all_2/Bowl_49a0a84ee5a91344b11c5cce13f76151_fractured_46_piece_0.obj,Bowl_49a0a84ee5a91344b11c5cce13f76151_fractured_46_piece_1.obj is not a valid directory, skipping.
Warning: /workspace/everyday_all_2/Bowl_49a0a84ee5a91344b11c5cce13f76151_fractured_71_piece_0.obj,Bowl_49a0a84ee5a91344b11c5cce13f76151_fractured_71_piece_1.obj is not a valid directory, skipping.
Warning: /workspace/everyday_all_2/Bowl_49a0a84ee5a91344b11c5cce13f76151_fractured_51_piece_0.obj,Bowl_49a0a84ee5a91344b11c5cce13f76151_fractured_51_piece_1.obj is not a valid directory, skipping.
Warning: /workspace/everyday_all_2/Bowl_49a0a84ee5a91344b11c5cce13f76151_fractured_61_piece_0.obj,Bowl_49a0a84ee5a91344b11c5cce13f76151_fractured_61_piece_1.obj is not a valid directory, skipping.
Warning: /workspace/everyday_all_2/Bowl_49a0a84ee5a91344b11c5cce13f76151_fractured_33_piece_0.obj,Bowl_49a0a84ee5a91344b11c5cce13f76151_fractured_33_piece_1.obj is not a valid directory, skipping.
Warning: /workspace/everyday_all_2/Bowl_49a0a84ee5a91344b11c5cce13f76151_fractured_18_piece_0.obj,Bowl_49a0a84ee5a91344b11c5cce13f76151_fractured_18_piece_1.obj is not a valid directory, skipping.
Warning: /workspace/everyday_all_2/Bowl_49a0a84ee5a91344b11c5cce13f76151_fractured_9_piece_0.obj,Bowl_49a0a84ee5a91344b11c5cce13f76151_fractured_9_piece_1.obj is not a valid directory, skipping.
Warning: /workspace/everyday_all_2/Bowl_49a0a84ee5a91344b11c5cce13f76151_fractured_52_piece_0.obj,Bowl_49a0a84ee5a91344b11c5cce13f76151_fractured_52_piece_1.obj is not a valid directory, skipping.
Warning: /workspace/everyday_all_2/Bowl_49a0a84ee5a91344b11c5cce13f76151_fractured_16_piece_0.obj,Bowl_49a0a84ee5a91344b11c5cce13f76151_fractured_16_piece_1.obj is not a valid directory, skipping.
Warning: /workspace/everyday_all_2/Bowl_49a0a84ee5a91344b11c5cce13f76151_fractured_73_piece_0.obj,Bowl_49a0a84ee5a91344b11c5cce13f76151_fractured_73_piece_1.obj is not a valid directory, skipping.
Warning: /workspace/everyday_all_2/Bowl_49a0a84ee5a91344b11c5cce13f76151_fractured_10_piece_0.obj,Bowl_49a0a84ee5a91344b11c5cce13f76151_fractured_10_piece_1.obj is not a valid directory, skipping.
Warning: /workspace/everyday_all_2/Bowl_49a0a84ee5a91344b11c5cce13f76151_fractured_39_piece_0.obj,Bowl_49a0a84ee5a91344b11c5cce13f76151_fractured_39_piece_1.obj is not a valid directory, skipping.
Warning: /workspace/everyday_all_2/Bowl_49a0a84ee5a91344b11c5cce13f76151_fractured_30_piece_0.obj,Bowl_49a0a84ee5a91344b11c5cce13f76151_fractured_30_piece_1.obj is not a valid directory, skipping.
Warning: /workspace/everyday_all_2/Bowl_49a0a84ee5a91344b11c5cce13f76151_fractured_1_piece_0.obj,Bowl_49a0a84ee5a91344b11c5cce13f76151_fractured_1_piece_1.obj is not a valid directory, skipping.
Warning: /workspace/everyday_all_2/Bowl_49a0a84ee5a91344b11c5cce13f76151_fractured_79_piece_0.obj,Bowl_49a0a84ee5a91344b11c5cce13f76151_fractured_79_piece_1.obj is not a valid directory, skipping.
Warning: /workspace/everyday_all_2/Bowl_49a0a84ee5a91344b11c5cce13f76151_fractured_36_piece_0.obj,Bowl_49a0a84ee5a91344b11c5cce13f76151_fractured_36_piece_1.obj is not a valid directory, skipping.
Warning: /workspace/everyday_all_2/Bowl_49a0a84ee5a91344b11c5cce13f76151_fractured_70_piece_0.obj,Bowl_49a0a84ee5a91344b11c5cce13f76151_fractured_70_piece_1.obj is not a valid directory, skipping.
Warning: /workspace/everyday_all_2/Mirror_39dd90f6ff8aee0535836c728d324152_fractured_37_piece_0.obj,Mirror_39dd90f6ff8aee0535836c728d324152_fractured_37_piece_1.obj is not a valid directory, skipping.
Warning: /workspace/everyday_all_2/Mirror_39dd90f6ff8aee0535836c728d324152_fractured_23_piece_0.obj,Mirror_39dd90f6ff8aee0535836c728d324152_fractured_23_piece_1.obj is not a valid directory, skipping.
Warning: /workspace/everyday_all_2/Mirror_39dd90f6ff8aee0535836c728d324152_fractured_50_piece_0.obj,Mirror_39dd90f6ff8aee0535836c728d324152_fractured_50_piece_1.obj is not a valid directory, skipping.
Warning: /workspace/everyday_all_2/Mirror_39dd90f6ff8aee0535836c728d324152_fractured_75_piece_0.obj,Mirror_39dd90f6ff8aee0535836c728d324152_fractured_75_piece_1.obj is not a valid directory, skipping.
Warning: /workspace/everyday_all_2/Mirror_39dd90f6ff8aee0535836c728d324152_fractured_19_piece_0.obj,Mirror_39dd90f6ff8aee0535836c728d324152_fractured_19_piece_1.obj is not a valid directory, skipping.
Warning: /workspace/everyday_all_2/BeerBottle_f853ac62bc288e48e56a63d21fb60ae9_fractured_23_piece_0.obj,BeerBottle_f853ac62bc288e48e56a63d21fb60ae9_fractured_23_piece_1.obj is not a valid directory, skipping.
Warning: /workspace/everyday_all_2/BeerBottle_f853ac62bc288e48e56a63d21fb60ae9_fractured_4_piece_0.obj,BeerBottle_f853ac62bc288e48e56a63d21fb60ae9_fractured_4_piece_1.obj is not a valid directory, skipping.
Warning: /workspace/everyday_all_2/BeerBottle_f853ac62bc288e48e56a63d21fb60ae9_fractured_17_piece_0.obj,BeerBottle_f853ac62bc288e48e56a63d21fb60ae9_fractured_17_piece_1.obj is not a valid directory, skipping.
Warning: /workspace/everyday_all_2/BeerBottle_f853ac62bc288e48e56a63d21fb60ae9_fractured_54_piece_0.obj,BeerBottle_f853ac62bc288e48e56a63d21fb60ae9_fractured_54_piece_1.obj is not a valid directory, skipping.
Warning: /workspace/everyday_all_2/BeerBottle_f853ac62bc288e48e56a63d21fb60ae9_fractured_16_piece_0.obj,BeerBottle_f853ac62bc288e48e56a63d21fb60ae9_fractured_16_piece_1.obj is not a valid directory, skipping.
Warning: /workspace/everyday_all_2/BeerBottle_f853ac62bc288e48e56a63d21fb60ae9_fractured_78_piece_0.obj,BeerBottle_f853ac62bc288e48e56a63d21fb60ae9_fractured_78_piece_1.obj is not a valid directory, skipping.
Warning: /workspace/everyday_all_2/BeerBottle_f853ac62bc288e48e56a63d21fb60ae9_fractured_9_piece_0.obj,BeerBottle_f853ac62bc288e48e56a63d21fb60ae9_fractured_9_piece_1.obj is not a valid directory, skipping.
Warning: /workspace/everyday_all_2/BeerBottle_f853ac62bc288e48e56a63d21fb60ae9_fractured_28_piece_0.obj,BeerBottle_f853ac62bc288e48e56a63d21fb60ae9_fractured_28_piece_1.obj is not a valid directory, skipping.
Warning: /workspace/everyday_all_2/BeerBottle_f853ac62bc288e48e56a63d21fb60ae9_fractured_13_piece_0.obj,BeerBottle_f853ac62bc288e48e56a63d21fb60ae9_fractured_13_piece_1.obj is not a valid directory, skipping.
Warning: /workspace/everyday_all_2/Mug_3_fractured_8_piece_0.obj,Mug_3_fractured_8_piece_1.obj is not a valid directory, skipping.
Warning: /workspace/everyday_all_2/Mug_3_fractured_27_piece_0.obj,Mug_3_fractured_27_piece_1.obj is not a valid directory, skipping.
Warning: /workspace/everyday_all_2/Mug_3_fractured_30_piece_0.obj,Mug_3_fractured_30_piece_1.obj is not a valid directory, skipping.
Warning: /workspace/everyday_all_2/Mug_3_fractured_33_piece_0.obj,Mug_3_fractured_33_piece_1.obj is not a valid directory, skipping.
Warning: /workspace/everyday_all_2/Mug_3_fractured_70_piece_0.obj,Mug_3_fractured_70_piece_1.obj is not a valid directory, skipping.
Warning: /workspace/everyday_all_2/Mug_3_fractured_20_piece_0.obj,Mug_3_fractured_20_piece_1.obj is not a valid directory, skipping.
Warning: /workspace/everyday_all_2/Mug_3_fractured_43_piece_0.obj,Mug_3_fractured_43_piece_1.obj is not a valid directory, skipping.
Warning: /workspace/everyday_all_2/Mug_3_fractured_53_piece_0.obj,Mug_3_fractured_53_piece_1.obj is not a valid directory, skipping.
Warning: /workspace/everyday_all_2/Mug_3_fractured_7_piece_0.obj,Mug_3_fractured_7_piece_1.obj is not a valid directory, skipping.
Warning: /workspace/everyday_all_2/Mug_3_fractured_46_piece_0.obj,Mug_3_fractured_46_piece_1.obj is not a valid directory, skipping.
Warning: /workspace/everyday_all_2/Cup_c59440ee1e2e1433f15777656316b8aa_fractured_74_piece_0.obj,Cup_c59440ee1e2e1433f15777656316b8aa_fractured_74_piece_1.obj is not a valid directory, skipping.
Warning: /workspace/everyday_all_2/Cup_c59440ee1e2e1433f15777656316b8aa_fractured_45_piece_0.obj,Cup_c59440ee1e2e1433f15777656316b8aa_fractured_45_piece_1.obj is not a valid directory, skipping.
Warning: /workspace/everyday_all_2/Cup_c59440ee1e2e1433f15777656316b8aa_fractured_41_piece_0.obj,Cup_c59440ee1e2e1433f15777656316b8aa_fractured_41_piece_1.obj is not a valid directory, skipping.
Warning: /workspace/everyday_all_2/Cup_c59440ee1e2e1433f15777656316b8aa_fractured_54_piece_0.obj,Cup_c59440ee1e2e1433f15777656316b8aa_fractured_54_piece_1.obj is not a valid directory, skipping.
Warning: /workspace/everyday_all_2/Mirror_485f4c9da0348ab4e552ee47f47ae09a_fractured_37_piece_0.obj,Mirror_485f4c9da0348ab4e552ee47f47ae09a_fractured_37_piece_1.obj is not a valid directory, skipping.
Warning: /workspace/everyday_all_2/Mirror_485f4c9da0348ab4e552ee47f47ae09a_fractured_74_piece_0.obj,Mirror_485f4c9da0348ab4e552ee47f47ae09a_fractured_74_piece_1.obj is not a valid directory, skipping.
Warning: /workspace/everyday_all_2/Mirror_485f4c9da0348ab4e552ee47f47ae09a_fractured_19_piece_0.obj,Mirror_485f4c9da0348ab4e552ee47f47ae09a_fractured_19_piece_1.obj is not a valid directory, skipping.
Warning: /workspace/everyday_all_2/Mirror_485f4c9da0348ab4e552ee47f47ae09a_fractured_29_piece_0.obj,Mirror_485f4c9da0348ab4e552ee47f47ae09a_fractured_29_piece_1.obj is not a valid directory, skipping.
Warning: /workspace/everyday_all_2/Mirror_485f4c9da0348ab4e552ee47f47ae09a_fractured_52_piece_0.obj,Mirror_485f4c9da0348ab4e552ee47f47ae09a_fractured_52_piece_1.obj is not a valid directory, skipping.
Warning: /workspace/everyday_all_2/Mirror_485f4c9da0348ab4e552ee47f47ae09a_fractured_77_piece_0.obj,Mirror_485f4c9da0348ab4e552ee47f47ae09a_fractured_77_piece_1.obj is not a valid directory, skipping.
Warning: /workspace/everyday_all_2/Mirror_485f4c9da0348ab4e552ee47f47ae09a_fractured_44_piece_0.obj,Mirror_485f4c9da0348ab4e552ee47f47ae09a_fractured_44_piece_1.obj is not a valid directory, skipping.
Warning: /workspace/everyday_all_2/Mirror_485f4c9da0348ab4e552ee47f47ae09a_fractured_28_piece_0.obj,Mirror_485f4c9da0348ab4e552ee47f47ae09a_fractured_28_piece_1.obj is not a valid directory, skipping.
Warning: /workspace/everyday_all_2/Mirror_485f4c9da0348ab4e552ee47f47ae09a_fractured_73_piece_0.obj,Mirror_485f4c9da0348ab4e552ee47f47ae09a_fractured_73_piece_1.obj is not a valid directory, skipping.
Warning: /workspace/everyday_all_2/Cup_29e8781a8f6fdf1f13323fc4d5700bec_fractured_21_piece_0.obj,Cup_29e8781a8f6fdf1f13323fc4d5700bec_fractured_21_piece_1.obj is not a valid directory, skipping.
Warning: /workspace/everyday_all_2/Cup_29e8781a8f6fdf1f13323fc4d5700bec_fractured_8_piece_0.obj,Cup_29e8781a8f6fdf1f13323fc4d5700bec_fractured_8_piece_1.obj is not a valid directory, skipping.
Warning: /workspace/everyday_all_2/Cup_29e8781a8f6fdf1f13323fc4d5700bec_fractured_76_piece_0.obj,Cup_29e8781a8f6fdf1f13323fc4d5700bec_fractured_76_piece_1.obj is not a valid directory, skipping.
Warning: /workspace/everyday_all_2/Cup_29e8781a8f6fdf1f13323fc4d5700bec_fractured_4_piece_0.obj,Cup_29e8781a8f6fdf1f13323fc4d5700bec_fractured_4_piece_1.obj is not a valid directory, skipping.
Warning: /workspace/everyday_all_2/Cup_29e8781a8f6fdf1f13323fc4d5700bec_fractured_41_piece_0.obj,Cup_29e8781a8f6fdf1f13323fc4d5700bec_fractured_41_piece_1.obj is not a valid directory, skipping.
Warning: /workspace/everyday_all_2/Cup_29e8781a8f6fdf1f13323fc4d5700bec_fractured_61_piece_0.obj,Cup_29e8781a8f6fdf1f13323fc4d5700bec_fractured_61_piece_1.obj is not a valid directory, skipping.
Warning: /workspace/everyday_all_2/Vase_ea4b33d425d8535047efcaa87d68903f_fractured_50_piece_0.obj,Vase_ea4b33d425d8535047efcaa87d68903f_fractured_50_piece_1.obj is not a valid directory, skipping.
Warning: /workspace/everyday_all_2/Vase_ea4b33d425d8535047efcaa87d68903f_fractured_30_piece_0.obj,Vase_ea4b33d425d8535047efcaa87d68903f_fractured_30_piece_1.obj is not a valid directory, skipping.
Warning: /workspace/everyday_all_2/Vase_ea4b33d425d8535047efcaa87d68903f_fractured_27_piece_0.obj,Vase_ea4b33d425d8535047efcaa87d68903f_fractured_27_piece_1.obj is not a valid directory, skipping.
Warning: /workspace/everyday_all_2/Vase_ea4b33d425d8535047efcaa87d68903f_fractured_39_piece_0.obj,Vase_ea4b33d425d8535047efcaa87d68903f_fractured_39_piece_1.obj is not a valid directory, skipping.
Warning: /workspace/everyday_all_2/Vase_ea4b33d425d8535047efcaa87d68903f_fractured_52_piece_0.obj,Vase_ea4b33d425d8535047efcaa87d68903f_fractured_52_piece_1.obj is not a valid directory, skipping.
Warning: /workspace/everyday_all_2/Vase_ea4b33d425d8535047efcaa87d68903f_fractured_26_piece_0.obj,Vase_ea4b33d425d8535047efcaa87d68903f_fractured_26_piece_1.obj is not a valid directory, skipping.
Warning: /workspace/everyday_all_2/Vase_ea4b33d425d8535047efcaa87d68903f_fractured_56_piece_0.obj,Vase_ea4b33d425d8535047efcaa87d68903f_fractured_56_piece_1.obj is not a valid directory, skipping.
Warning: /workspace/everyday_all_2/Vase_ea4b33d425d8535047efcaa87d68903f_fractured_62_piece_0.obj,Vase_ea4b33d425d8535047efcaa87d68903f_fractured_62_piece_1.obj is not a valid directory, skipping.
Warning: /workspace/everyday_all_2/Vase_ea4b33d425d8535047efcaa87d68903f_fractured_37_piece_0.obj,Vase_ea4b33d425d8535047efcaa87d68903f_fractured_37_piece_1.obj is not a valid directory, skipping.
Warning: /workspace/everyday_all_2/Vase_ea4b33d425d8535047efcaa87d68903f_fractured_5_piece_0.obj,Vase_ea4b33d425d8535047efcaa87d68903f_fractured_5_piece_1.obj is not a valid directory, skipping.
Warning: /workspace/everyday_all_2/Vase_ea4b33d425d8535047efcaa87d68903f_fractured_65_piece_0.obj,Vase_ea4b33d425d8535047efcaa87d68903f_fractured_65_piece_1.obj is not a valid directory, skipping.
Warning: /workspace/everyday_all_2/Teapot_5a471458da447600fea9cf313bd7758b_fractured_69_piece_0.obj,Teapot_5a471458da447600fea9cf313bd7758b_fractured_69_piece_1.obj is not a valid directory, skipping.
Warning: /workspace/everyday_all_2/Teapot_5a471458da447600fea9cf313bd7758b_fractured_20_piece_0.obj,Teapot_5a471458da447600fea9cf313bd7758b_fractured_20_piece_1.obj is not a valid directory, skipping.
Warning: /workspace/everyday_all_2/Teapot_5a471458da447600fea9cf313bd7758b_fractured_26_piece_0.obj,Teapot_5a471458da447600fea9cf313bd7758b_fractured_26_piece_1.obj is not a valid directory, skipping.
Warning: /workspace/everyday_all_2/Teapot_5a471458da447600fea9cf313bd7758b_fractured_30_piece_0.obj,Teapot_5a471458da447600fea9cf313bd7758b_fractured_30_piece_1.obj is not a valid directory, skipping.
Warning: /workspace/everyday_all_2/Teapot_5a471458da447600fea9cf313bd7758b_fractured_22_piece_0.obj,Teapot_5a471458da447600fea9cf313bd7758b_fractured_22_piece_1.obj is not a valid directory, skipping.
Warning: /workspace/everyday_all_2/Teapot_5a471458da447600fea9cf313bd7758b_fractured_36_piece_0.obj,Teapot_5a471458da447600fea9cf313bd7758b_fractured_36_piece_1.obj is not a valid directory, skipping.
Warning: /workspace/everyday_all_2/Teapot_5a471458da447600fea9cf313bd7758b_fractured_76_piece_0.obj,Teapot_5a471458da447600fea9cf313bd7758b_fractured_76_piece_1.obj is not a valid directory, skipping.
Warning: /workspace/everyday_all_2/Teapot_5a471458da447600fea9cf313bd7758b_fractured_60_piece_0.obj,Teapot_5a471458da447600fea9cf313bd7758b_fractured_60_piece_1.obj is not a valid directory, skipping.
Warning: /workspace/everyday_all_2/Teapot_5a471458da447600fea9cf313bd7758b_fractured_64_piece_0.obj,Teapot_5a471458da447600fea9cf313bd7758b_fractured_64_piece_1.obj is not a valid directory, skipping.
Warning: /workspace/everyday_all_2/Teapot_5a471458da447600fea9cf313bd7758b_fractured_65_piece_0.obj,Teapot_5a471458da447600fea9cf313bd7758b_fractured_65_piece_1.obj is not a valid directory, skipping.
Warning: /workspace/everyday_all_2/Teapot_5a471458da447600fea9cf313bd7758b_fractured_55_piece_0.obj,Teapot_5a471458da447600fea9cf313bd7758b_fractured_55_piece_1.obj is not a valid directory, skipping.
Warning: /workspace/everyday_all_2/Teapot_5a471458da447600fea9cf313bd7758b_fractured_66_piece_0.obj,Teapot_5a471458da447600fea9cf313bd7758b_fractured_66_piece_1.obj is not a valid directory, skipping.
Warning: /workspace/everyday_all_2/Teapot_5a471458da447600fea9cf313bd7758b_fractured_50_piece_0.obj,Teapot_5a471458da447600fea9cf313bd7758b_fractured_50_piece_1.obj is not a valid directory, skipping.
Warning: /workspace/everyday_all_2/Teapot_5a471458da447600fea9cf313bd7758b_fractured_38_piece_0.obj,Teapot_5a471458da447600fea9cf313bd7758b_fractured_38_piece_1.obj is not a valid directory, skipping.
Warning: /workspace/everyday_all_2/Teapot_5a471458da447600fea9cf313bd7758b_fractured_46_piece_0.obj,Teapot_5a471458da447600fea9cf313bd7758b_fractured_46_piece_1.obj is not a valid directory, skipping.
Warning: /workspace/everyday_all_2/ToyFigure_427528aa930e859db9df0ee87726d245_fractured_78_piece_0.obj,ToyFigure_427528aa930e859db9df0ee87726d245_fractured_78_piece_1.obj is not a valid directory, skipping.
Warning: /workspace/everyday_all_2/ToyFigure_427528aa930e859db9df0ee87726d245_fractured_70_piece_0.obj,ToyFigure_427528aa930e859db9df0ee87726d245_fractured_70_piece_1.obj is not a valid directory, skipping.
Warning: /workspace/everyday_all_2/ToyFigure_427528aa930e859db9df0ee87726d245_fractured_58_piece_0.obj,ToyFigure_427528aa930e859db9df0ee87726d245_fractured_58_piece_1.obj is not a valid directory, skipping.
Warning: /workspace/everyday_all_2/ToyFigure_427528aa930e859db9df0ee87726d245_fractured_19_piece_0.obj,ToyFigure_427528aa930e859db9df0ee87726d245_fractured_19_piece_1.obj is not a valid directory, skipping.
Warning: /workspace/everyday_all_2/ToyFigure_427528aa930e859db9df0ee87726d245_fractured_72_piece_0.obj,ToyFigure_427528aa930e859db9df0ee87726d245_fractured_72_piece_1.obj is not a valid directory, skipping.
Warning: /workspace/everyday_all_2/ToyFigure_427528aa930e859db9df0ee87726d245_fractured_15_piece_0.obj,ToyFigure_427528aa930e859db9df0ee87726d245_fractured_15_piece_1.obj is not a valid directory, skipping.
Warning: /workspace/everyday_all_2/ToyFigure_427528aa930e859db9df0ee87726d245_fractured_2_piece_0.obj,ToyFigure_427528aa930e859db9df0ee87726d245_fractured_2_piece_1.obj is not a valid directory, skipping.
Warning: /workspace/everyday_all_2/ToyFigure_427528aa930e859db9df0ee87726d245_fractured_42_piece_0.obj,ToyFigure_427528aa930e859db9df0ee87726d245_fractured_42_piece_1.obj is not a valid directory, skipping.
Warning: /workspace/everyday_all_2/ToyFigure_427528aa930e859db9df0ee87726d245_fractured_22_piece_0.obj,ToyFigure_427528aa930e859db9df0ee87726d245_fractured_22_piece_1.obj is not a valid directory, skipping.
Warning: /workspace/everyday_all_2/ToyFigure_427528aa930e859db9df0ee87726d245_fractured_55_piece_0.obj,ToyFigure_427528aa930e859db9df0ee87726d245_fractured_55_piece_1.obj is not a valid directory, skipping.
Warning: /workspace/everyday_all_2/ToyFigure_427528aa930e859db9df0ee87726d245_fractured_29_piece_0.obj,ToyFigure_427528aa930e859db9df0ee87726d245_fractured_29_piece_1.obj is not a valid directory, skipping.
Warning: /workspace/everyday_all_2/ToyFigure_427528aa930e859db9df0ee87726d245_fractured_52_piece_0.obj,ToyFigure_427528aa930e859db9df0ee87726d245_fractured_52_piece_1.obj is not a valid directory, skipping.
Warning: /workspace/everyday_all_2/ToyFigure_427528aa930e859db9df0ee87726d245_fractured_13_piece_0.obj,ToyFigure_427528aa930e859db9df0ee87726d245_fractured_13_piece_1.obj is not a valid directory, skipping.
Warning: /workspace/everyday_all_2/ToyFigure_427528aa930e859db9df0ee87726d245_fractured_28_piece_0.obj,ToyFigure_427528aa930e859db9df0ee87726d245_fractured_28_piece_1.obj is not a valid directory, skipping.
Warning: /workspace/everyday_all_2/ToyFigure_427528aa930e859db9df0ee87726d245_fractured_47_piece_0.obj,ToyFigure_427528aa930e859db9df0ee87726d245_fractured_47_piece_1.obj is not a valid directory, skipping.
Warning: /workspace/everyday_all_2/ToyFigure_803799ab2024d7bf6811e87c02909b0a_fractured_78_piece_0.obj,ToyFigure_803799ab2024d7bf6811e87c02909b0a_fractured_78_piece_1.obj is not a valid directory, skipping.
Warning: /workspace/everyday_all_2/ToyFigure_803799ab2024d7bf6811e87c02909b0a_fractured_6_piece_0.obj,ToyFigure_803799ab2024d7bf6811e87c02909b0a_fractured_6_piece_1.obj is not a valid directory, skipping.
Warning: /workspace/everyday_all_2/ToyFigure_803799ab2024d7bf6811e87c02909b0a_fractured_33_piece_0.obj,ToyFigure_803799ab2024d7bf6811e87c02909b0a_fractured_33_piece_1.obj is not a valid directory, skipping.
Warning: /workspace/everyday_all_2/ToyFigure_803799ab2024d7bf6811e87c02909b0a_fractured_29_piece_0.obj,ToyFigure_803799ab2024d7bf6811e87c02909b0a_fractured_29_piece_1.obj is not a valid directory, skipping.
Warning: /workspace/everyday_all_2/ToyFigure_803799ab2024d7bf6811e87c02909b0a_fractured_40_piece_0.obj,ToyFigure_803799ab2024d7bf6811e87c02909b0a_fractured_40_piece_1.obj is not a valid directory, skipping.
Warning: /workspace/everyday_all_2/ToyFigure_803799ab2024d7bf6811e87c02909b0a_fractured_53_piece_0.obj,ToyFigure_803799ab2024d7bf6811e87c02909b0a_fractured_53_piece_1.obj is not a valid directory, skipping.
Warning: /workspace/everyday_all_2/ToyFigure_803799ab2024d7bf6811e87c02909b0a_fractured_22_piece_0.obj,ToyFigure_803799ab2024d7bf6811e87c02909b0a_fractured_22_piece_1.obj is not a valid directory, skipping.
Warning: /workspace/everyday_all_2/ToyFigure_803799ab2024d7bf6811e87c02909b0a_fractured_65_piece_0.obj,ToyFigure_803799ab2024d7bf6811e87c02909b0a_fractured_65_piece_1.obj is not a valid directory, skipping.
Warning: /workspace/everyday_all_2/ToyFigure_803799ab2024d7bf6811e87c02909b0a_fractured_24_piece_0.obj,ToyFigure_803799ab2024d7bf6811e87c02909b0a_fractured_24_piece_1.obj is not a valid directory, skipping.
Warning: /workspace/everyday_all_2/ToyFigure_803799ab2024d7bf6811e87c02909b0a_fractured_3_piece_0.obj,ToyFigure_803799ab2024d7bf6811e87c02909b0a_fractured_3_piece_1.obj is not a valid directory, skipping.
Warning: /workspace/everyday_all_2/ToyFigure_803799ab2024d7bf6811e87c02909b0a_fractured_16_piece_0.obj,ToyFigure_803799ab2024d7bf6811e87c02909b0a_fractured_16_piece_1.obj is not a valid directory, skipping.
Warning: /workspace/everyday_all_2/ToyFigure_803799ab2024d7bf6811e87c02909b0a_fractured_37_piece_0.obj,ToyFigure_803799ab2024d7bf6811e87c02909b0a_fractured_37_piece_1.obj is not a valid directory, skipping.
Warning: /workspace/everyday_all_2/ToyFigure_803799ab2024d7bf6811e87c02909b0a_fractured_42_piece_0.obj,ToyFigure_803799ab2024d7bf6811e87c02909b0a_fractured_42_piece_1.obj is not a valid directory, skipping.
Warning: /workspace/everyday_all_2/ToyFigure_803799ab2024d7bf6811e87c02909b0a_fractured_58_piece_0.obj,ToyFigure_803799ab2024d7bf6811e87c02909b0a_fractured_58_piece_1.obj is not a valid directory, skipping.
Warning: /workspace/everyday_all_2/ToyFigure_803799ab2024d7bf6811e87c02909b0a_fractured_51_piece_0.obj,ToyFigure_803799ab2024d7bf6811e87c02909b0a_fractured_51_piece_1.obj is not a valid directory, skipping.
Warning: /workspace/everyday_all_2/ToyFigure_803799ab2024d7bf6811e87c02909b0a_fractured_19_piece_0.obj,ToyFigure_803799ab2024d7bf6811e87c02909b0a_fractured_19_piece_1.obj is not a valid directory, skipping.
Warning: /workspace/everyday_all_2/Bottle_6ca2149ac6d3699130612f5c0ef21eb8_mode_1_piece_0.obj,Bottle_6ca2149ac6d3699130612f5c0ef21eb8_mode_1_piece_1.obj is not a valid directory, skipping.
Warning: /workspace/everyday_all_2/Vase_1febe89e0336d5bcee106795de609335_fractured_73_piece_0.obj,Vase_1febe89e0336d5bcee106795de609335_fractured_73_piece_1.obj is not a valid directory, skipping.
Warning: /workspace/everyday_all_2/Vase_1febe89e0336d5bcee106795de609335_fractured_16_piece_0.obj,Vase_1febe89e0336d5bcee106795de609335_fractured_16_piece_1.obj is not a valid directory, skipping.
Warning: /workspace/everyday_all_2/Vase_1febe89e0336d5bcee106795de609335_fractured_77_piece_0.obj,Vase_1febe89e0336d5bcee106795de609335_fractured_77_piece_1.obj is not a valid directory, skipping.
Warning: /workspace/everyday_all_2/Vase_1febe89e0336d5bcee106795de609335_fractured_46_piece_0.obj,Vase_1febe89e0336d5bcee106795de609335_fractured_46_piece_1.obj is not a valid directory, skipping.
Warning: /workspace/everyday_all_2/Vase_1febe89e0336d5bcee106795de609335_fractured_27_piece_0.obj,Vase_1febe89e0336d5bcee106795de609335_fractured_27_piece_1.obj is not a valid directory, skipping.
Warning: /workspace/everyday_all_2/Vase_1febe89e0336d5bcee106795de609335_fractured_20_piece_0.obj,Vase_1febe89e0336d5bcee106795de609335_fractured_20_piece_1.obj is not a valid directory, skipping.
Warning: /workspace/everyday_all_2/Vase_1febe89e0336d5bcee106795de609335_fractured_21_piece_0.obj,Vase_1febe89e0336d5bcee106795de609335_fractured_21_piece_1.obj is not a valid directory, skipping.
Warning: /workspace/everyday_all_2/Vase_1febe89e0336d5bcee106795de609335_fractured_34_piece_0.obj,Vase_1febe89e0336d5bcee106795de609335_fractured_34_piece_1.obj is not a valid directory, skipping.
Warning: /workspace/everyday_all_2/Vase_1febe89e0336d5bcee106795de609335_fractured_58_piece_0.obj,Vase_1febe89e0336d5bcee106795de609335_fractured_58_piece_1.obj is not a valid directory, skipping.
Warning: /workspace/everyday_all_2/Vase_1febe89e0336d5bcee106795de609335_fractured_15_piece_0.obj,Vase_1febe89e0336d5bcee106795de609335_fractured_15_piece_1.obj is not a valid directory, skipping.
Warning: /workspace/everyday_all_2/Vase_1febe89e0336d5bcee106795de609335_fractured_11_piece_0.obj,Vase_1febe89e0336d5bcee106795de609335_fractured_11_piece_1.obj is not a valid directory, skipping.
Warning: /workspace/everyday_all_2/Vase_1febe89e0336d5bcee106795de609335_fractured_13_piece_0.obj,Vase_1febe89e0336d5bcee106795de609335_fractured_13_piece_1.obj is not a valid directory, skipping.
Warning: /workspace/everyday_all_2/Vase_1febe89e0336d5bcee106795de609335_fractured_8_piece_0.obj,Vase_1febe89e0336d5bcee106795de609335_fractured_8_piece_1.obj is not a valid directory, skipping.
Warning: /workspace/everyday_all_2/Vase_1febe89e0336d5bcee106795de609335_fractured_50_piece_0.obj,Vase_1febe89e0336d5bcee106795de609335_fractured_50_piece_1.obj is not a valid directory, skipping.
Warning: /workspace/everyday_all_2/Vase_1febe89e0336d5bcee106795de609335_fractured_75_piece_0.obj,Vase_1febe89e0336d5bcee106795de609335_fractured_75_piece_1.obj is not a valid directory, skipping.
Warning: /workspace/everyday_all_2/Vase_1febe89e0336d5bcee106795de609335_fractured_17_piece_0.obj,Vase_1febe89e0336d5bcee106795de609335_fractured_17_piece_1.obj is not a valid directory, skipping.
Warning: /workspace/everyday_all_2/Vase_1febe89e0336d5bcee106795de609335_fractured_24_piece_0.obj,Vase_1febe89e0336d5bcee106795de609335_fractured_24_piece_1.obj is not a valid directory, skipping.
Warning: /workspace/everyday_all_2/Mirror_ad5a6d3f05284bde83f3ef99fe735c7e_fractured_40_piece_0.obj,Mirror_ad5a6d3f05284bde83f3ef99fe735c7e_fractured_40_piece_1.obj is not a valid directory, skipping.
Warning: /workspace/everyday_all_2/Mirror_ad5a6d3f05284bde83f3ef99fe735c7e_fractured_74_piece_0.obj,Mirror_ad5a6d3f05284bde83f3ef99fe735c7e_fractured_74_piece_1.obj is not a valid directory, skipping.
Warning: /workspace/everyday_all_2/Mirror_ad5a6d3f05284bde83f3ef99fe735c7e_fractured_49_piece_0.obj,Mirror_ad5a6d3f05284bde83f3ef99fe735c7e_fractured_49_piece_1.obj is not a valid directory, skipping.
Warning: /workspace/everyday_all_2/Mirror_ad5a6d3f05284bde83f3ef99fe735c7e_fractured_62_piece_0.obj,Mirror_ad5a6d3f05284bde83f3ef99fe735c7e_fractured_62_piece_1.obj is not a valid directory, skipping.
Warning: /workspace/everyday_all_2/Mirror_ad5a6d3f05284bde83f3ef99fe735c7e_fractured_12_piece_0.obj,Mirror_ad5a6d3f05284bde83f3ef99fe735c7e_fractured_12_piece_1.obj is not a valid directory, skipping.
Warning: /workspace/everyday_all_2/Mirror_ad5a6d3f05284bde83f3ef99fe735c7e_fractured_33_piece_0.obj,Mirror_ad5a6d3f05284bde83f3ef99fe735c7e_fractured_33_piece_1.obj is not a valid directory, skipping.
Warning: /workspace/everyday_all_2/Mirror_ad5a6d3f05284bde83f3ef99fe735c7e_fractured_65_piece_0.obj,Mirror_ad5a6d3f05284bde83f3ef99fe735c7e_fractured_65_piece_1.obj is not a valid directory, skipping.
Warning: /workspace/everyday_all_2/Mirror_ad5a6d3f05284bde83f3ef99fe735c7e_fractured_45_piece_0.obj,Mirror_ad5a6d3f05284bde83f3ef99fe735c7e_fractured_45_piece_1.obj is not a valid directory, skipping.
Warning: /workspace/everyday_all_2/Mirror_ad5a6d3f05284bde83f3ef99fe735c7e_fractured_0_piece_0.obj,Mirror_ad5a6d3f05284bde83f3ef99fe735c7e_fractured_0_piece_1.obj is not a valid directory, skipping.
Warning: /workspace/everyday_all_2/Mirror_ad5a6d3f05284bde83f3ef99fe735c7e_fractured_54_piece_0.obj,Mirror_ad5a6d3f05284bde83f3ef99fe735c7e_fractured_54_piece_1.obj is not a valid directory, skipping.
Warning: /workspace/everyday_all_2/Mirror_ad5a6d3f05284bde83f3ef99fe735c7e_fractured_70_piece_0.obj,Mirror_ad5a6d3f05284bde83f3ef99fe735c7e_fractured_70_piece_1.obj is not a valid directory, skipping.
Warning: /workspace/everyday_all_2/Mirror_ad5a6d3f05284bde83f3ef99fe735c7e_fractured_32_piece_0.obj,Mirror_ad5a6d3f05284bde83f3ef99fe735c7e_fractured_32_piece_1.obj is not a valid directory, skipping.
Warning: /workspace/everyday_all_2/Mirror_ad5a6d3f05284bde83f3ef99fe735c7e_fractured_8_piece_0.obj,Mirror_ad5a6d3f05284bde83f3ef99fe735c7e_fractured_8_piece_1.obj is not a valid directory, skipping.
Warning: /workspace/everyday_all_2/Mirror_ad5a6d3f05284bde83f3ef99fe735c7e_fractured_13_piece_0.obj,Mirror_ad5a6d3f05284bde83f3ef99fe735c7e_fractured_13_piece_1.obj is not a valid directory, skipping.
Warning: /workspace/everyday_all_2/Mirror_ad5a6d3f05284bde83f3ef99fe735c7e_fractured_2_piece_0.obj,Mirror_ad5a6d3f05284bde83f3ef99fe735c7e_fractured_2_piece_1.obj is not a valid directory, skipping.
Warning: /workspace/everyday_all_2/Mirror_ad5a6d3f05284bde83f3ef99fe735c7e_fractured_72_piece_0.obj,Mirror_ad5a6d3f05284bde83f3ef99fe735c7e_fractured_72_piece_1.obj is not a valid directory, skipping.
Warning: /workspace/everyday_all_2/Mirror_ad5a6d3f05284bde83f3ef99fe735c7e_fractured_46_piece_0.obj,Mirror_ad5a6d3f05284bde83f3ef99fe735c7e_fractured_46_piece_1.obj is not a valid directory, skipping.
Warning: /workspace/everyday_all_2/Bottle_3f91158956ad7db0322747720d7d37e8_fractured_10_piece_0.obj,Bottle_3f91158956ad7db0322747720d7d37e8_fractured_10_piece_1.obj is not a valid directory, skipping.
Warning: /workspace/everyday_all_2/Bottle_3f91158956ad7db0322747720d7d37e8_fractured_18_piece_0.obj,Bottle_3f91158956ad7db0322747720d7d37e8_fractured_18_piece_1.obj is not a valid directory, skipping.
Warning: /workspace/everyday_all_2/Bottle_3f91158956ad7db0322747720d7d37e8_fractured_17_piece_0.obj,Bottle_3f91158956ad7db0322747720d7d37e8_fractured_17_piece_1.obj is not a valid directory, skipping.
Warning: /workspace/everyday_all_2/Bottle_3f91158956ad7db0322747720d7d37e8_fractured_59_piece_0.obj,Bottle_3f91158956ad7db0322747720d7d37e8_fractured_59_piece_1.obj is not a valid directory, skipping.
Warning: /workspace/everyday_all_2/Bottle_3f91158956ad7db0322747720d7d37e8_fractured_43_piece_0.obj,Bottle_3f91158956ad7db0322747720d7d37e8_fractured_43_piece_1.obj is not a valid directory, skipping.
Warning: /workspace/everyday_all_2/Bottle_3f91158956ad7db0322747720d7d37e8_fractured_44_piece_0.obj,Bottle_3f91158956ad7db0322747720d7d37e8_fractured_44_piece_1.obj is not a valid directory, skipping.
Warning: /workspace/everyday_all_2/Bottle_3f91158956ad7db0322747720d7d37e8_fractured_42_piece_0.obj,Bottle_3f91158956ad7db0322747720d7d37e8_fractured_42_piece_1.obj is not a valid directory, skipping.
Warning: /workspace/everyday_all_2/Bottle_3f91158956ad7db0322747720d7d37e8_fractured_48_piece_0.obj,Bottle_3f91158956ad7db0322747720d7d37e8_fractured_48_piece_1.obj is not a valid directory, skipping.
Warning: /workspace/everyday_all_2/Bottle_6b810dbc89542fd8a531220b48579115_fractured_11_piece_0.obj,Bottle_6b810dbc89542fd8a531220b48579115_fractured_11_piece_1.obj is not a valid directory, skipping.
Warning: /workspace/everyday_all_2/Bottle_6b810dbc89542fd8a531220b48579115_fractured_40_piece_0.obj,Bottle_6b810dbc89542fd8a531220b48579115_fractured_40_piece_1.obj is not a valid directory, skipping.
Warning: /workspace/everyday_all_2/Bottle_6b810dbc89542fd8a531220b48579115_fractured_60_piece_0.obj,Bottle_6b810dbc89542fd8a531220b48579115_fractured_60_piece_1.obj is not a valid directory, skipping.
Warning: /workspace/everyday_all_2/Bottle_6b810dbc89542fd8a531220b48579115_fractured_10_piece_0.obj,Bottle_6b810dbc89542fd8a531220b48579115_fractured_10_piece_1.obj is not a valid directory, skipping.
Warning: /workspace/everyday_all_2/Bottle_6b810dbc89542fd8a531220b48579115_fractured_65_piece_0.obj,Bottle_6b810dbc89542fd8a531220b48579115_fractured_65_piece_1.obj is not a valid directory, skipping.
Warning: /workspace/everyday_all_2/Bottle_6b810dbc89542fd8a531220b48579115_fractured_64_piece_0.obj,Bottle_6b810dbc89542fd8a531220b48579115_fractured_64_piece_1.obj is not a valid directory, skipping.
Warning: /workspace/everyday_all_2/Bottle_6b810dbc89542fd8a531220b48579115_fractured_59_piece_0.obj,Bottle_6b810dbc89542fd8a531220b48579115_fractured_59_piece_1.obj is not a valid directory, skipping.
Warning: /workspace/everyday_all_2/Bottle_6b810dbc89542fd8a531220b48579115_fractured_43_piece_0.obj,Bottle_6b810dbc89542fd8a531220b48579115_fractured_43_piece_1.obj is not a valid directory, skipping.
Warning: /workspace/everyday_all_2/Bottle_6b810dbc89542fd8a531220b48579115_fractured_58_piece_0.obj,Bottle_6b810dbc89542fd8a531220b48579115_fractured_58_piece_1.obj is not a valid directory, skipping.
Warning: /workspace/everyday_all_2/Bottle_6b810dbc89542fd8a531220b48579115_fractured_51_piece_0.obj,Bottle_6b810dbc89542fd8a531220b48579115_fractured_51_piece_1.obj is not a valid directory, skipping.
Warning: /workspace/everyday_all_2/Bottle_6b810dbc89542fd8a531220b48579115_fractured_75_piece_0.obj,Bottle_6b810dbc89542fd8a531220b48579115_fractured_75_piece_1.obj is not a valid directory, skipping.
Warning: /workspace/everyday_all_2/Bottle_6b810dbc89542fd8a531220b48579115_fractured_27_piece_0.obj,Bottle_6b810dbc89542fd8a531220b48579115_fractured_27_piece_1.obj is not a valid directory, skipping.
Warning: /workspace/everyday_all_2/Bottle_6b810dbc89542fd8a531220b48579115_fractured_21_piece_0.obj,Bottle_6b810dbc89542fd8a531220b48579115_fractured_21_piece_1.obj is not a valid directory, skipping.
Warning: /workspace/everyday_all_2/Bottle_6b810dbc89542fd8a531220b48579115_fractured_71_piece_0.obj,Bottle_6b810dbc89542fd8a531220b48579115_fractured_71_piece_1.obj is not a valid directory, skipping.
Warning: /workspace/everyday_all_2/Cup_dc1c220c8ef89a5d1a57566a9a7e5976_fractured_54_piece_0.obj,Cup_dc1c220c8ef89a5d1a57566a9a7e5976_fractured_54_piece_1.obj is not a valid directory, skipping.
Warning: /workspace/everyday_all_2/Cup_dc1c220c8ef89a5d1a57566a9a7e5976_fractured_9_piece_0.obj,Cup_dc1c220c8ef89a5d1a57566a9a7e5976_fractured_9_piece_1.obj is not a valid directory, skipping.
Warning: /workspace/everyday_all_2/Cup_dc1c220c8ef89a5d1a57566a9a7e5976_fractured_49_piece_0.obj,Cup_dc1c220c8ef89a5d1a57566a9a7e5976_fractured_49_piece_1.obj is not a valid directory, skipping.
Warning: /workspace/everyday_all_2/Cup_dc1c220c8ef89a5d1a57566a9a7e5976_fractured_62_piece_0.obj,Cup_dc1c220c8ef89a5d1a57566a9a7e5976_fractured_62_piece_1.obj is not a valid directory, skipping.
Warning: /workspace/everyday_all_2/Cup_dc1c220c8ef89a5d1a57566a9a7e5976_fractured_6_piece_0.obj,Cup_dc1c220c8ef89a5d1a57566a9a7e5976_fractured_6_piece_1.obj is not a valid directory, skipping.
Warning: /workspace/everyday_all_2/Cup_dc1c220c8ef89a5d1a57566a9a7e5976_fractured_66_piece_0.obj,Cup_dc1c220c8ef89a5d1a57566a9a7e5976_fractured_66_piece_1.obj is not a valid directory, skipping.
Warning: /workspace/everyday_all_2/Cup_dc1c220c8ef89a5d1a57566a9a7e5976_fractured_52_piece_0.obj,Cup_dc1c220c8ef89a5d1a57566a9a7e5976_fractured_52_piece_1.obj is not a valid directory, skipping.
Warning: /workspace/everyday_all_2/Bottle_244894af3ba967ccd957eaf7f4edb205_fractured_25_piece_0.obj,Bottle_244894af3ba967ccd957eaf7f4edb205_fractured_25_piece_1.obj is not a valid directory, skipping.
Warning: /workspace/everyday_all_2/Bottle_244894af3ba967ccd957eaf7f4edb205_fractured_54_piece_0.obj,Bottle_244894af3ba967ccd957eaf7f4edb205_fractured_54_piece_1.obj is not a valid directory, skipping.
Warning: /workspace/everyday_all_2/Bottle_244894af3ba967ccd957eaf7f4edb205_fractured_37_piece_0.obj,Bottle_244894af3ba967ccd957eaf7f4edb205_fractured_37_piece_1.obj is not a valid directory, skipping.
Warning: /workspace/everyday_all_2/Bottle_244894af3ba967ccd957eaf7f4edb205_fractured_52_piece_0.obj,Bottle_244894af3ba967ccd957eaf7f4edb205_fractured_52_piece_1.obj is not a valid directory, skipping.
Warning: /workspace/everyday_all_2/Bottle_244894af3ba967ccd957eaf7f4edb205_fractured_11_piece_0.obj,Bottle_244894af3ba967ccd957eaf7f4edb205_fractured_11_piece_1.obj is not a valid directory, skipping.
Warning: /workspace/everyday_all_2/Bottle_244894af3ba967ccd957eaf7f4edb205_fractured_17_piece_0.obj,Bottle_244894af3ba967ccd957eaf7f4edb205_fractured_17_piece_1.obj is not a valid directory, skipping.
Warning: /workspace/everyday_all_2/Bottle_244894af3ba967ccd957eaf7f4edb205_fractured_8_piece_0.obj,Bottle_244894af3ba967ccd957eaf7f4edb205_fractured_8_piece_1.obj is not a valid directory, skipping.
Warning: /workspace/everyday_all_2/Bottle_244894af3ba967ccd957eaf7f4edb205_fractured_39_piece_0.obj,Bottle_244894af3ba967ccd957eaf7f4edb205_fractured_39_piece_1.obj is not a valid directory, skipping.
Warning: /workspace/everyday_all_2/Bottle_244894af3ba967ccd957eaf7f4edb205_fractured_41_piece_0.obj,Bottle_244894af3ba967ccd957eaf7f4edb205_fractured_41_piece_1.obj is not a valid directory, skipping.
Warning: /workspace/everyday_all_2/Vase_2052e69d5151c5d535836c728d324152_fractured_79_piece_0.obj,Vase_2052e69d5151c5d535836c728d324152_fractured_79_piece_1.obj is not a valid directory, skipping.
Warning: /workspace/everyday_all_2/Vase_2052e69d5151c5d535836c728d324152_fractured_39_piece_0.obj,Vase_2052e69d5151c5d535836c728d324152_fractured_39_piece_1.obj is not a valid directory, skipping.
Warning: /workspace/everyday_all_2/Vase_2052e69d5151c5d535836c728d324152_fractured_5_piece_0.obj,Vase_2052e69d5151c5d535836c728d324152_fractured_5_piece_1.obj is not a valid directory, skipping.
Warning: /workspace/everyday_all_2/Vase_2052e69d5151c5d535836c728d324152_fractured_37_piece_0.obj,Vase_2052e69d5151c5d535836c728d324152_fractured_37_piece_1.obj is not a valid directory, skipping.
Warning: /workspace/everyday_all_2/Vase_2052e69d5151c5d535836c728d324152_fractured_28_piece_0.obj,Vase_2052e69d5151c5d535836c728d324152_fractured_28_piece_1.obj is not a valid directory, skipping.
Warning: /workspace/everyday_all_2/Vase_2052e69d5151c5d535836c728d324152_fractured_78_piece_0.obj,Vase_2052e69d5151c5d535836c728d324152_fractured_78_piece_1.obj is not a valid directory, skipping.
Warning: /workspace/everyday_all_2/Vase_2052e69d5151c5d535836c728d324152_fractured_56_piece_1.obj,Vase_2052e69d5151c5d535836c728d324152_fractured_56_piece_0.obj is not a valid directory, skipping.
Warning: /workspace/everyday_all_2/Plate_bbeb9bbba056600d97fe54771f5481c7_fractured_67_piece_1.obj,Plate_bbeb9bbba056600d97fe54771f5481c7_fractured_67_piece_0.obj is not a valid directory, skipping.
Warning: /workspace/everyday_all_2/Plate_bbeb9bbba056600d97fe54771f5481c7_fractured_54_piece_0.obj,Plate_bbeb9bbba056600d97fe54771f5481c7_fractured_54_piece_1.obj is not a valid directory, skipping.
Warning: /workspace/everyday_all_2/Plate_bbeb9bbba056600d97fe54771f5481c7_fractured_21_piece_0.obj,Plate_bbeb9bbba056600d97fe54771f5481c7_fractured_21_piece_1.obj is not a valid directory, skipping.
Warning: /workspace/everyday_all_2/Plate_bbeb9bbba056600d97fe54771f5481c7_fractured_79_piece_1.obj,Plate_bbeb9bbba056600d97fe54771f5481c7_fractured_79_piece_0.obj is not a valid directory, skipping.
Warning: /workspace/everyday_all_2/Plate_bbeb9bbba056600d97fe54771f5481c7_fractured_30_piece_1.obj,Plate_bbeb9bbba056600d97fe54771f5481c7_fractured_30_piece_0.obj is not a valid directory, skipping.
Warning: /workspace/everyday_all_2/Plate_bbeb9bbba056600d97fe54771f5481c7_fractured_42_piece_0.obj,Plate_bbeb9bbba056600d97fe54771f5481c7_fractured_42_piece_1.obj is not a valid directory, skipping.
Warning: /workspace/everyday_all_2/Plate_bbeb9bbba056600d97fe54771f5481c7_fractured_45_piece_0.obj,Plate_bbeb9bbba056600d97fe54771f5481c7_fractured_45_piece_1.obj is not a valid directory, skipping.
Warning: /workspace/everyday_all_2/Plate_bbeb9bbba056600d97fe54771f5481c7_fractured_20_piece_0.obj,Plate_bbeb9bbba056600d97fe54771f5481c7_fractured_20_piece_1.obj is not a valid directory, skipping.
Warning: /workspace/everyday_all_2/Plate_bbeb9bbba056600d97fe54771f5481c7_fractured_13_piece_1.obj,Plate_bbeb9bbba056600d97fe54771f5481c7_fractured_13_piece_0.obj is not a valid directory, skipping.
Warning: /workspace/everyday_all_2/Plate_bbeb9bbba056600d97fe54771f5481c7_fractured_71_piece_1.obj,Plate_bbeb9bbba056600d97fe54771f5481c7_fractured_71_piece_0.obj is not a valid directory, skipping.
Warning: /workspace/everyday_all_2/Plate_bbeb9bbba056600d97fe54771f5481c7_fractured_56_piece_0.obj,Plate_bbeb9bbba056600d97fe54771f5481c7_fractured_56_piece_1.obj is not a valid directory, skipping.
Warning: /workspace/everyday_all_2/Plate_bbeb9bbba056600d97fe54771f5481c7_fractured_31_piece_0.obj,Plate_bbeb9bbba056600d97fe54771f5481c7_fractured_31_piece_1.obj is not a valid directory, skipping.
Warning: /workspace/everyday_all_2/PillBottle_6bfcacdff00d57c633774da3deff863_fractured_72_piece_0.obj,PillBottle_6bfcacdff00d57c633774da3deff863_fractured_72_piece_1.obj is not a valid directory, skipping.
Warning: /workspace/everyday_all_2/PillBottle_6bfcacdff00d57c633774da3deff863_fractured_45_piece_0.obj,PillBottle_6bfcacdff00d57c633774da3deff863_fractured_45_piece_1.obj is not a valid directory, skipping.
Warning: /workspace/everyday_all_2/PillBottle_6bfcacdff00d57c633774da3deff863_fractured_6_piece_0.obj,PillBottle_6bfcacdff00d57c633774da3deff863_fractured_6_piece_1.obj is not a valid directory, skipping.
Warning: /workspace/everyday_all_2/PillBottle_6bfcacdff00d57c633774da3deff863_fractured_76_piece_0.obj,PillBottle_6bfcacdff00d57c633774da3deff863_fractured_76_piece_1.obj is not a valid directory, skipping.
Warning: /workspace/everyday_all_2/PillBottle_6bfcacdff00d57c633774da3deff863_fractured_2_piece_0.obj,PillBottle_6bfcacdff00d57c633774da3deff863_fractured_2_piece_1.obj is not a valid directory, skipping.
Warning: /workspace/everyday_all_2/PillBottle_6bfcacdff00d57c633774da3deff863_fractured_20_piece_0.obj,PillBottle_6bfcacdff00d57c633774da3deff863_fractured_20_piece_1.obj is not a valid directory, skipping.
Warning: /workspace/everyday_all_2/PillBottle_6bfcacdff00d57c633774da3deff863_fractured_42_piece_0.obj,PillBottle_6bfcacdff00d57c633774da3deff863_fractured_42_piece_1.obj is not a valid directory, skipping.
Warning: /workspace/everyday_all_2/PillBottle_6bfcacdff00d57c633774da3deff863_fractured_64_piece_0.obj,PillBottle_6bfcacdff00d57c633774da3deff863_fractured_64_piece_1.obj is not a valid directory, skipping.
Warning: /workspace/everyday_all_2/PillBottle_6bfcacdff00d57c633774da3deff863_fractured_24_piece_0.obj,PillBottle_6bfcacdff00d57c633774da3deff863_fractured_24_piece_1.obj is not a valid directory, skipping.
Warning: /workspace/everyday_all_2/PillBottle_6bfcacdff00d57c633774da3deff863_fractured_52_piece_0.obj,PillBottle_6bfcacdff00d57c633774da3deff863_fractured_52_piece_1.obj is not a valid directory, skipping.
Warning: /workspace/everyday_all_2/PillBottle_6bfcacdff00d57c633774da3deff863_fractured_61_piece_0.obj,PillBottle_6bfcacdff00d57c633774da3deff863_fractured_61_piece_1.obj is not a valid directory, skipping.
Warning: /workspace/everyday_all_2/PillBottle_6bfcacdff00d57c633774da3deff863_fractured_78_piece_0.obj,PillBottle_6bfcacdff00d57c633774da3deff863_fractured_78_piece_1.obj is not a valid directory, skipping.
Warning: /workspace/everyday_all_2/PillBottle_6bfcacdff00d57c633774da3deff863_fractured_29_piece_0.obj,PillBottle_6bfcacdff00d57c633774da3deff863_fractured_29_piece_1.obj is not a valid directory, skipping.
Warning: /workspace/everyday_all_2/PillBottle_6bfcacdff00d57c633774da3deff863_fractured_55_piece_0.obj,PillBottle_6bfcacdff00d57c633774da3deff863_fractured_55_piece_1.obj is not a valid directory, skipping.
Warning: /workspace/everyday_all_2/PillBottle_6bfcacdff00d57c633774da3deff863_fractured_15_piece_0.obj,PillBottle_6bfcacdff00d57c633774da3deff863_fractured_15_piece_1.obj is not a valid directory, skipping.
Warning: /workspace/everyday_all_2/ToyFigure_29a37eb86f4677163f6b1b708c713b4a_fractured_53_piece_0.obj,ToyFigure_29a37eb86f4677163f6b1b708c713b4a_fractured_53_piece_1.obj is not a valid directory, skipping.
Warning: /workspace/everyday_all_2/ToyFigure_29a37eb86f4677163f6b1b708c713b4a_fractured_21_piece_0.obj,ToyFigure_29a37eb86f4677163f6b1b708c713b4a_fractured_21_piece_1.obj is not a valid directory, skipping.
Warning: /workspace/everyday_all_2/ToyFigure_29a37eb86f4677163f6b1b708c713b4a_fractured_8_piece_0.obj,ToyFigure_29a37eb86f4677163f6b1b708c713b4a_fractured_8_piece_1.obj is not a valid directory, skipping.
Warning: /workspace/everyday_all_2/ToyFigure_29a37eb86f4677163f6b1b708c713b4a_fractured_72_piece_0.obj,ToyFigure_29a37eb86f4677163f6b1b708c713b4a_fractured_72_piece_1.obj is not a valid directory, skipping.
Warning: /workspace/everyday_all_2/ToyFigure_29a37eb86f4677163f6b1b708c713b4a_fractured_66_piece_0.obj,ToyFigure_29a37eb86f4677163f6b1b708c713b4a_fractured_66_piece_1.obj is not a valid directory, skipping.
Warning: /workspace/everyday_all_2/ToyFigure_29a37eb86f4677163f6b1b708c713b4a_fractured_20_piece_0.obj,ToyFigure_29a37eb86f4677163f6b1b708c713b4a_fractured_20_piece_1.obj is not a valid directory, skipping.
Warning: /workspace/everyday_all_2/ToyFigure_29a37eb86f4677163f6b1b708c713b4a_fractured_5_piece_0.obj,ToyFigure_29a37eb86f4677163f6b1b708c713b4a_fractured_5_piece_1.obj is not a valid directory, skipping.
Warning: /workspace/everyday_all_2/ToyFigure_29a37eb86f4677163f6b1b708c713b4a_fractured_34_piece_0.obj,ToyFigure_29a37eb86f4677163f6b1b708c713b4a_fractured_34_piece_1.obj is not a valid directory, skipping.
Warning: /workspace/everyday_all_2/ToyFigure_29a37eb86f4677163f6b1b708c713b4a_fractured_59_piece_0.obj,ToyFigure_29a37eb86f4677163f6b1b708c713b4a_fractured_59_piece_1.obj is not a valid directory, skipping.
Warning: /workspace/everyday_all_2/ToyFigure_29a37eb86f4677163f6b1b708c713b4a_fractured_13_piece_0.obj,ToyFigure_29a37eb86f4677163f6b1b708c713b4a_fractured_13_piece_1.obj is not a valid directory, skipping.
Warning: /workspace/everyday_all_2/ToyFigure_29a37eb86f4677163f6b1b708c713b4a_fractured_38_piece_0.obj,ToyFigure_29a37eb86f4677163f6b1b708c713b4a_fractured_38_piece_1.obj is not a valid directory, skipping.
Warning: /workspace/everyday_all_2/ToyFigure_29a37eb86f4677163f6b1b708c713b4a_fractured_36_piece_0.obj,ToyFigure_29a37eb86f4677163f6b1b708c713b4a_fractured_36_piece_1.obj is not a valid directory, skipping.
Warning: /workspace/everyday_all_2/ToyFigure_29a37eb86f4677163f6b1b708c713b4a_fractured_60_piece_0.obj,ToyFigure_29a37eb86f4677163f6b1b708c713b4a_fractured_60_piece_1.obj is not a valid directory, skipping.
Warning: /workspace/everyday_all_2/ToyFigure_29a37eb86f4677163f6b1b708c713b4a_fractured_14_piece_0.obj,ToyFigure_29a37eb86f4677163f6b1b708c713b4a_fractured_14_piece_1.obj is not a valid directory, skipping.
Warning: /workspace/everyday_all_2/ToyFigure_29a37eb86f4677163f6b1b708c713b4a_fractured_7_piece_0.obj,ToyFigure_29a37eb86f4677163f6b1b708c713b4a_fractured_7_piece_1.obj is not a valid directory, skipping.
Warning: /workspace/everyday_all_2/ToyFigure_29a37eb86f4677163f6b1b708c713b4a_fractured_4_piece_0.obj,ToyFigure_29a37eb86f4677163f6b1b708c713b4a_fractured_4_piece_1.obj is not a valid directory, skipping.
Warning: /workspace/everyday_all_2/ToyFigure_29a37eb86f4677163f6b1b708c713b4a_fractured_26_piece_0.obj,ToyFigure_29a37eb86f4677163f6b1b708c713b4a_fractured_26_piece_1.obj is not a valid directory, skipping.
Warning: /workspace/everyday_all_2/ToyFigure_29a37eb86f4677163f6b1b708c713b4a_fractured_45_piece_0.obj,ToyFigure_29a37eb86f4677163f6b1b708c713b4a_fractured_45_piece_1.obj is not a valid directory, skipping.
Warning: /workspace/everyday_all_2/ToyFigure_29a37eb86f4677163f6b1b708c713b4a_fractured_41_piece_0.obj,ToyFigure_29a37eb86f4677163f6b1b708c713b4a_fractured_41_piece_1.obj is not a valid directory, skipping.
Warning: /workspace/everyday_all_2/Bottle_e593aa021f3fa324530647fc03dd20dc_fractured_3_piece_0.obj,Bottle_e593aa021f3fa324530647fc03dd20dc_fractured_3_piece_1.obj is not a valid directory, skipping.
Warning: /workspace/everyday_all_2/Bottle_e593aa021f3fa324530647fc03dd20dc_fractured_53_piece_0.obj,Bottle_e593aa021f3fa324530647fc03dd20dc_fractured_53_piece_1.obj is not a valid directory, skipping.
Warning: /workspace/everyday_all_2/Bottle_e593aa021f3fa324530647fc03dd20dc_fractured_0_piece_0.obj,Bottle_e593aa021f3fa324530647fc03dd20dc_fractured_0_piece_1.obj is not a valid directory, skipping.
Warning: /workspace/everyday_all_2/Bottle_e593aa021f3fa324530647fc03dd20dc_fractured_20_piece_0.obj,Bottle_e593aa021f3fa324530647fc03dd20dc_fractured_20_piece_1.obj is not a valid directory, skipping.
Warning: /workspace/everyday_all_2/Bottle_e593aa021f3fa324530647fc03dd20dc_fractured_65_piece_0.obj,Bottle_e593aa021f3fa324530647fc03dd20dc_fractured_65_piece_1.obj is not a valid directory, skipping.
Warning: /workspace/everyday_all_2/Bottle_e593aa021f3fa324530647fc03dd20dc_fractured_45_piece_0.obj,Bottle_e593aa021f3fa324530647fc03dd20dc_fractured_45_piece_1.obj is not a valid directory, skipping.
Warning: /workspace/everyday_all_2/Bottle_e593aa021f3fa324530647fc03dd20dc_fractured_64_piece_0.obj,Bottle_e593aa021f3fa324530647fc03dd20dc_fractured_64_piece_1.obj is not a valid directory, skipping.
Warning: /workspace/everyday_all_2/Bottle_e593aa021f3fa324530647fc03dd20dc_fractured_10_piece_0.obj,Bottle_e593aa021f3fa324530647fc03dd20dc_fractured_10_piece_1.obj is not a valid directory, skipping.
Warning: /workspace/everyday_all_2/Bottle_e593aa021f3fa324530647fc03dd20dc_fractured_51_piece_0.obj,Bottle_e593aa021f3fa324530647fc03dd20dc_fractured_51_piece_1.obj is not a valid directory, skipping.
Warning: /workspace/everyday_all_2/Bottle_e593aa021f3fa324530647fc03dd20dc_fractured_60_piece_0.obj,Bottle_e593aa021f3fa324530647fc03dd20dc_fractured_60_piece_1.obj is not a valid directory, skipping.
Warning: /workspace/everyday_all_2/Bottle_e593aa021f3fa324530647fc03dd20dc_fractured_18_piece_0.obj,Bottle_e593aa021f3fa324530647fc03dd20dc_fractured_18_piece_1.obj is not a valid directory, skipping.
Warning: /workspace/everyday_all_2/Bottle_e593aa021f3fa324530647fc03dd20dc_fractured_44_piece_0.obj,Bottle_e593aa021f3fa324530647fc03dd20dc_fractured_44_piece_1.obj is not a valid directory, skipping.
Warning: /workspace/everyday_all_2/Bottle_e593aa021f3fa324530647fc03dd20dc_fractured_13_piece_0.obj,Bottle_e593aa021f3fa324530647fc03dd20dc_fractured_13_piece_1.obj is not a valid directory, skipping.
Warning: /workspace/everyday_all_2/Bottle_e593aa021f3fa324530647fc03dd20dc_fractured_6_piece_0.obj,Bottle_e593aa021f3fa324530647fc03dd20dc_fractured_6_piece_1.obj is not a valid directory, skipping.
Warning: /workspace/everyday_all_2/Bottle_e593aa021f3fa324530647fc03dd20dc_fractured_43_piece_0.obj,Bottle_e593aa021f3fa324530647fc03dd20dc_fractured_43_piece_1.obj is not a valid directory, skipping.
Warning: /workspace/everyday_all_2/Bottle_e593aa021f3fa324530647fc03dd20dc_fractured_38_piece_0.obj,Bottle_e593aa021f3fa324530647fc03dd20dc_fractured_38_piece_1.obj is not a valid directory, skipping.
Warning: /workspace/everyday_all_2/Bottle_e593aa021f3fa324530647fc03dd20dc_fractured_1_piece_0.obj,Bottle_e593aa021f3fa324530647fc03dd20dc_fractured_1_piece_1.obj is not a valid directory, skipping.
Warning: /workspace/everyday_all_2/Bottle_e593aa021f3fa324530647fc03dd20dc_fractured_26_piece_0.obj,Bottle_e593aa021f3fa324530647fc03dd20dc_fractured_26_piece_1.obj is not a valid directory, skipping.
Warning: /workspace/everyday_all_2/Bottle_e593aa021f3fa324530647fc03dd20dc_fractured_40_piece_0.obj,Bottle_e593aa021f3fa324530647fc03dd20dc_fractured_40_piece_1.obj is not a valid directory, skipping.
Warning: /workspace/everyday_all_2/Bottle_e593aa021f3fa324530647fc03dd20dc_fractured_78_piece_0.obj,Bottle_e593aa021f3fa324530647fc03dd20dc_fractured_78_piece_1.obj is not a valid directory, skipping.
Warning: /workspace/everyday_all_2/Bottle_e593aa021f3fa324530647fc03dd20dc_fractured_30_piece_0.obj,Bottle_e593aa021f3fa324530647fc03dd20dc_fractured_30_piece_1.obj is not a valid directory, skipping.
Warning: /workspace/everyday_all_2/Mug_d75af64aa166c24eacbe2257d0988c9c_fractured_14_piece_0.obj,Mug_d75af64aa166c24eacbe2257d0988c9c_fractured_14_piece_1.obj is not a valid directory, skipping.
Warning: /workspace/everyday_all_2/Mug_d75af64aa166c24eacbe2257d0988c9c_fractured_8_piece_0.obj,Mug_d75af64aa166c24eacbe2257d0988c9c_fractured_8_piece_1.obj is not a valid directory, skipping.
Warning: /workspace/everyday_all_2/Mug_d75af64aa166c24eacbe2257d0988c9c_fractured_66_piece_0.obj,Mug_d75af64aa166c24eacbe2257d0988c9c_fractured_66_piece_1.obj is not a valid directory, skipping.
Warning: /workspace/everyday_all_2/Mug_d75af64aa166c24eacbe2257d0988c9c_fractured_37_piece_0.obj,Mug_d75af64aa166c24eacbe2257d0988c9c_fractured_37_piece_1.obj is not a valid directory, skipping.
Warning: /workspace/everyday_all_2/Mug_d75af64aa166c24eacbe2257d0988c9c_fractured_70_piece_0.obj,Mug_d75af64aa166c24eacbe2257d0988c9c_fractured_70_piece_1.obj is not a valid directory, skipping.
Warning: /workspace/everyday_all_2/Mug_d75af64aa166c24eacbe2257d0988c9c_fractured_77_piece_0.obj,Mug_d75af64aa166c24eacbe2257d0988c9c_fractured_77_piece_1.obj is not a valid directory, skipping.
Warning: /workspace/everyday_all_2/Mug_d75af64aa166c24eacbe2257d0988c9c_fractured_41_piece_0.obj,Mug_d75af64aa166c24eacbe2257d0988c9c_fractured_41_piece_1.obj is not a valid directory, skipping.
Warning: /workspace/everyday_all_2/Mug_d75af64aa166c24eacbe2257d0988c9c_fractured_76_piece_0.obj,Mug_d75af64aa166c24eacbe2257d0988c9c_fractured_76_piece_1.obj is not a valid directory, skipping.
Warning: /workspace/everyday_all_2/Mug_d75af64aa166c24eacbe2257d0988c9c_fractured_0_piece_0.obj,Mug_d75af64aa166c24eacbe2257d0988c9c_fractured_0_piece_1.obj is not a valid directory, skipping.
Warning: /workspace/everyday_all_2/Mug_d75af64aa166c24eacbe2257d0988c9c_fractured_27_piece_0.obj,Mug_d75af64aa166c24eacbe2257d0988c9c_fractured_27_piece_1.obj is not a valid directory, skipping.
Warning: /workspace/everyday_all_2/Mug_d75af64aa166c24eacbe2257d0988c9c_fractured_9_piece_0.obj,Mug_d75af64aa166c24eacbe2257d0988c9c_fractured_9_piece_1.obj is not a valid directory, skipping.
Warning: /workspace/everyday_all_2/Mug_d75af64aa166c24eacbe2257d0988c9c_fractured_17_piece_0.obj,Mug_d75af64aa166c24eacbe2257d0988c9c_fractured_17_piece_1.obj is not a valid directory, skipping.
Warning: /workspace/everyday_all_2/Plate_6_fractured_65_piece_0.obj,Plate_6_fractured_65_piece_1.obj is not a valid directory, skipping.
Warning: /workspace/everyday_all_2/Plate_6_fractured_51_piece_0.obj,Plate_6_fractured_51_piece_1.obj is not a valid directory, skipping.
Warning: /workspace/everyday_all_2/Plate_6_fractured_77_piece_0.obj,Plate_6_fractured_77_piece_1.obj is not a valid directory, skipping.
Warning: /workspace/everyday_all_2/Plate_6_fractured_69_piece_0.obj,Plate_6_fractured_69_piece_1.obj is not a valid directory, skipping.
Warning: /workspace/everyday_all_2/Plate_6_fractured_60_piece_0.obj,Plate_6_fractured_60_piece_1.obj is not a valid directory, skipping.
Warning: /workspace/everyday_all_2/Plate_6_fractured_61_piece_0.obj,Plate_6_fractured_61_piece_1.obj is not a valid directory, skipping.
Warning: /workspace/everyday_all_2/Plate_6_fractured_36_piece_0.obj,Plate_6_fractured_36_piece_1.obj is not a valid directory, skipping.
Warning: /workspace/everyday_all_2/Plate_6_fractured_78_piece_0.obj,Plate_6_fractured_78_piece_1.obj is not a valid directory, skipping.
Warning: /workspace/everyday_all_2/Plate_6_fractured_30_piece_0.obj,Plate_6_fractured_30_piece_1.obj is not a valid directory, skipping.
Warning: /workspace/everyday_all_2/Plate_6_fractured_42_piece_0.obj,Plate_6_fractured_42_piece_1.obj is not a valid directory, skipping.
Warning: /workspace/everyday_all_2/Plate_6_fractured_35_piece_0.obj,Plate_6_fractured_35_piece_1.obj is not a valid directory, skipping.
Warning: /workspace/everyday_all_2/Vase_36633813dbc213c135836c728d324152_fractured_72_piece_1.obj,Vase_36633813dbc213c135836c728d324152_fractured_72_piece_0.obj is not a valid directory, skipping.
Warning: /workspace/everyday_all_2/Vase_36633813dbc213c135836c728d324152_fractured_9_piece_0.obj,Vase_36633813dbc213c135836c728d324152_fractured_9_piece_1.obj is not a valid directory, skipping.
Warning: /workspace/everyday_all_2/Vase_36633813dbc213c135836c728d324152_fractured_65_piece_0.obj,Vase_36633813dbc213c135836c728d324152_fractured_65_piece_1.obj is not a valid directory, skipping.
Warning: /workspace/everyday_all_2/Vase_36633813dbc213c135836c728d324152_fractured_58_piece_1.obj,Vase_36633813dbc213c135836c728d324152_fractured_58_piece_0.obj is not a valid directory, skipping.
Warning: /workspace/everyday_all_2/Vase_36633813dbc213c135836c728d324152_fractured_69_piece_0.obj,Vase_36633813dbc213c135836c728d324152_fractured_69_piece_1.obj is not a valid directory, skipping.
Warning: /workspace/everyday_all_2/Vase_36633813dbc213c135836c728d324152_fractured_66_piece_1.obj,Vase_36633813dbc213c135836c728d324152_fractured_66_piece_0.obj is not a valid directory, skipping.
Warning: /workspace/everyday_all_2/ToyFigure_e9a1dcd815de9a224465423f9447321_fractured_79_piece_0.obj,ToyFigure_e9a1dcd815de9a224465423f9447321_fractured_79_piece_1.obj is not a valid directory, skipping.
Warning: /workspace/everyday_all_2/ToyFigure_e9a1dcd815de9a224465423f9447321_fractured_9_piece_0.obj,ToyFigure_e9a1dcd815de9a224465423f9447321_fractured_9_piece_1.obj is not a valid directory, skipping.
Warning: /workspace/everyday_all_2/ToyFigure_e9a1dcd815de9a224465423f9447321_fractured_8_piece_0.obj,ToyFigure_e9a1dcd815de9a224465423f9447321_fractured_8_piece_1.obj is not a valid directory, skipping.
Warning: /workspace/everyday_all_2/ToyFigure_e9a1dcd815de9a224465423f9447321_fractured_11_piece_0.obj,ToyFigure_e9a1dcd815de9a224465423f9447321_fractured_11_piece_1.obj is not a valid directory, skipping.
Warning: /workspace/everyday_all_2/ToyFigure_e9a1dcd815de9a224465423f9447321_fractured_50_piece_0.obj,ToyFigure_e9a1dcd815de9a224465423f9447321_fractured_50_piece_1.obj is not a valid directory, skipping.
Warning: /workspace/everyday_all_2/ToyFigure_e9a1dcd815de9a224465423f9447321_fractured_66_piece_0.obj,ToyFigure_e9a1dcd815de9a224465423f9447321_fractured_66_piece_1.obj is not a valid directory, skipping.
Warning: /workspace/everyday_all_2/ToyFigure_e9a1dcd815de9a224465423f9447321_fractured_13_piece_0.obj,ToyFigure_e9a1dcd815de9a224465423f9447321_fractured_13_piece_1.obj is not a valid directory, skipping.
Warning: /workspace/everyday_all_2/ToyFigure_e9a1dcd815de9a224465423f9447321_fractured_38_piece_0.obj,ToyFigure_e9a1dcd815de9a224465423f9447321_fractured_38_piece_1.obj is not a valid directory, skipping.
Warning: /workspace/everyday_all_2/ToyFigure_e9a1dcd815de9a224465423f9447321_fractured_69_piece_0.obj,ToyFigure_e9a1dcd815de9a224465423f9447321_fractured_69_piece_1.obj is not a valid directory, skipping.
Warning: /workspace/everyday_all_2/ToyFigure_e9a1dcd815de9a224465423f9447321_fractured_73_piece_0.obj,ToyFigure_e9a1dcd815de9a224465423f9447321_fractured_73_piece_1.obj is not a valid directory, skipping.
Warning: /workspace/everyday_all_2/Mirror_d8051303d474fff937ac8d648045f9c5_mode_1_piece_0.obj,Mirror_d8051303d474fff937ac8d648045f9c5_mode_1_piece_1.obj is not a valid directory, skipping.
Warning: /workspace/everyday_all_2/WineBottle_114509277e76e413c8724d5673a063a6_fractured_77_piece_0.obj,WineBottle_114509277e76e413c8724d5673a063a6_fractured_77_piece_1.obj is not a valid directory, skipping.
Warning: /workspace/everyday_all_2/WineBottle_114509277e76e413c8724d5673a063a6_fractured_14_piece_0.obj,WineBottle_114509277e76e413c8724d5673a063a6_fractured_14_piece_1.obj is not a valid directory, skipping.
Warning: /workspace/everyday_all_2/WineBottle_114509277e76e413c8724d5673a063a6_fractured_63_piece_0.obj,WineBottle_114509277e76e413c8724d5673a063a6_fractured_63_piece_1.obj is not a valid directory, skipping.
Warning: /workspace/everyday_all_2/WineBottle_114509277e76e413c8724d5673a063a6_fractured_47_piece_0.obj,WineBottle_114509277e76e413c8724d5673a063a6_fractured_47_piece_1.obj is not a valid directory, skipping.
Warning: /workspace/everyday_all_2/WineBottle_114509277e76e413c8724d5673a063a6_fractured_9_piece_0.obj,WineBottle_114509277e76e413c8724d5673a063a6_fractured_9_piece_1.obj is not a valid directory, skipping.
Warning: /workspace/everyday_all_2/WineBottle_114509277e76e413c8724d5673a063a6_fractured_67_piece_0.obj,WineBottle_114509277e76e413c8724d5673a063a6_fractured_67_piece_1.obj is not a valid directory, skipping.
Warning: /workspace/everyday_all_2/WineBottle_114509277e76e413c8724d5673a063a6_fractured_48_piece_0.obj,WineBottle_114509277e76e413c8724d5673a063a6_fractured_48_piece_1.obj is not a valid directory, skipping.
Warning: /workspace/everyday_all_2/WineBottle_114509277e76e413c8724d5673a063a6_fractured_20_piece_0.obj,WineBottle_114509277e76e413c8724d5673a063a6_fractured_20_piece_1.obj is not a valid directory, skipping.
Warning: /workspace/everyday_all_2/WineBottle_114509277e76e413c8724d5673a063a6_fractured_19_piece_0.obj,WineBottle_114509277e76e413c8724d5673a063a6_fractured_19_piece_1.obj is not a valid directory, skipping.
Warning: /workspace/everyday_all_2/WineBottle_114509277e76e413c8724d5673a063a6_fractured_33_piece_0.obj,WineBottle_114509277e76e413c8724d5673a063a6_fractured_33_piece_1.obj is not a valid directory, skipping.
Warning: /workspace/everyday_all_2/WineBottle_114509277e76e413c8724d5673a063a6_fractured_30_piece_0.obj,WineBottle_114509277e76e413c8724d5673a063a6_fractured_30_piece_1.obj is not a valid directory, skipping.
Warning: /workspace/everyday_all_2/WineBottle_114509277e76e413c8724d5673a063a6_fractured_6_piece_0.obj,WineBottle_114509277e76e413c8724d5673a063a6_fractured_6_piece_1.obj is not a valid directory, skipping.
Warning: /workspace/everyday_all_2/WineBottle_114509277e76e413c8724d5673a063a6_fractured_59_piece_0.obj,WineBottle_114509277e76e413c8724d5673a063a6_fractured_59_piece_1.obj is not a valid directory, skipping.
Warning: /workspace/everyday_all_2/Cup_d7afcf40b20235c37d6b772ca12ba5aa_fractured_43_piece_0.obj,Cup_d7afcf40b20235c37d6b772ca12ba5aa_fractured_43_piece_1.obj is not a valid directory, skipping.
Warning: /workspace/everyday_all_2/Cup_d7afcf40b20235c37d6b772ca12ba5aa_fractured_29_piece_0.obj,Cup_d7afcf40b20235c37d6b772ca12ba5aa_fractured_29_piece_1.obj is not a valid directory, skipping.
Warning: /workspace/everyday_all_2/Cup_d7afcf40b20235c37d6b772ca12ba5aa_fractured_71_piece_0.obj,Cup_d7afcf40b20235c37d6b772ca12ba5aa_fractured_71_piece_1.obj is not a valid directory, skipping.
Warning: /workspace/everyday_all_2/Cup_d7afcf40b20235c37d6b772ca12ba5aa_fractured_17_piece_0.obj,Cup_d7afcf40b20235c37d6b772ca12ba5aa_fractured_17_piece_1.obj is not a valid directory, skipping.
Warning: /workspace/everyday_all_2/Cup_d7afcf40b20235c37d6b772ca12ba5aa_fractured_68_piece_0.obj,Cup_d7afcf40b20235c37d6b772ca12ba5aa_fractured_68_piece_1.obj is not a valid directory, skipping.
Warning: /workspace/everyday_all_2/Cup_d7afcf40b20235c37d6b772ca12ba5aa_fractured_61_piece_0.obj,Cup_d7afcf40b20235c37d6b772ca12ba5aa_fractured_61_piece_1.obj is not a valid directory, skipping.
Warning: /workspace/everyday_all_2/Cup_d7afcf40b20235c37d6b772ca12ba5aa_fractured_20_piece_0.obj,Cup_d7afcf40b20235c37d6b772ca12ba5aa_fractured_20_piece_1.obj is not a valid directory, skipping.
Warning: /workspace/everyday_all_2/Bottle_d7305324e9dd49eccee5e41d780064a2_fractured_49_piece_0.obj,Bottle_d7305324e9dd49eccee5e41d780064a2_fractured_49_piece_1.obj is not a valid directory, skipping.
Warning: /workspace/everyday_all_2/Bottle_d7305324e9dd49eccee5e41d780064a2_fractured_6_piece_0.obj,Bottle_d7305324e9dd49eccee5e41d780064a2_fractured_6_piece_1.obj is not a valid directory, skipping.
Warning: /workspace/everyday_all_2/Bottle_d7305324e9dd49eccee5e41d780064a2_fractured_24_piece_0.obj,Bottle_d7305324e9dd49eccee5e41d780064a2_fractured_24_piece_1.obj is not a valid directory, skipping.
Warning: /workspace/everyday_all_2/Bottle_d7305324e9dd49eccee5e41d780064a2_fractured_31_piece_0.obj,Bottle_d7305324e9dd49eccee5e41d780064a2_fractured_31_piece_1.obj is not a valid directory, skipping.
Warning: /workspace/everyday_all_2/Bottle_d7305324e9dd49eccee5e41d780064a2_fractured_74_piece_0.obj,Bottle_d7305324e9dd49eccee5e41d780064a2_fractured_74_piece_1.obj is not a valid directory, skipping.
Warning: /workspace/everyday_all_2/Bottle_d7305324e9dd49eccee5e41d780064a2_fractured_69_piece_0.obj,Bottle_d7305324e9dd49eccee5e41d780064a2_fractured_69_piece_1.obj is not a valid directory, skipping.
Warning: /workspace/everyday_all_2/Bottle_d7305324e9dd49eccee5e41d780064a2_fractured_55_piece_0.obj,Bottle_d7305324e9dd49eccee5e41d780064a2_fractured_55_piece_1.obj is not a valid directory, skipping.
Warning: /workspace/everyday_all_2/Bottle_d7305324e9dd49eccee5e41d780064a2_fractured_12_piece_0.obj,Bottle_d7305324e9dd49eccee5e41d780064a2_fractured_12_piece_1.obj is not a valid directory, skipping.
Warning: /workspace/everyday_all_2/Bottle_d7305324e9dd49eccee5e41d780064a2_fractured_77_piece_0.obj,Bottle_d7305324e9dd49eccee5e41d780064a2_fractured_77_piece_1.obj is not a valid directory, skipping.
Warning: /workspace/everyday_all_2/Bottle_d7305324e9dd49eccee5e41d780064a2_fractured_20_piece_0.obj,Bottle_d7305324e9dd49eccee5e41d780064a2_fractured_20_piece_1.obj is not a valid directory, skipping.
Warning: /workspace/everyday_all_2/Bottle_d7305324e9dd49eccee5e41d780064a2_fractured_7_piece_0.obj,Bottle_d7305324e9dd49eccee5e41d780064a2_fractured_7_piece_1.obj is not a valid directory, skipping.
Warning: /workspace/everyday_all_2/Bottle_d7305324e9dd49eccee5e41d780064a2_fractured_27_piece_0.obj,Bottle_d7305324e9dd49eccee5e41d780064a2_fractured_27_piece_1.obj is not a valid directory, skipping.
Warning: /workspace/everyday_all_2/Bottle_d7305324e9dd49eccee5e41d780064a2_fractured_66_piece_0.obj,Bottle_d7305324e9dd49eccee5e41d780064a2_fractured_66_piece_1.obj is not a valid directory, skipping.
Warning: /workspace/everyday_all_2/Bottle_d7305324e9dd49eccee5e41d780064a2_fractured_21_piece_0.obj,Bottle_d7305324e9dd49eccee5e41d780064a2_fractured_21_piece_1.obj is not a valid directory, skipping.
Warning: /workspace/everyday_all_2/Bottle_d7305324e9dd49eccee5e41d780064a2_fractured_37_piece_0.obj,Bottle_d7305324e9dd49eccee5e41d780064a2_fractured_37_piece_1.obj is not a valid directory, skipping.
Warning: /workspace/everyday_all_2/Bottle_d7305324e9dd49eccee5e41d780064a2_fractured_51_piece_0.obj,Bottle_d7305324e9dd49eccee5e41d780064a2_fractured_51_piece_1.obj is not a valid directory, skipping.
Warning: /workspace/everyday_all_2/Bottle_d7305324e9dd49eccee5e41d780064a2_fractured_60_piece_0.obj,Bottle_d7305324e9dd49eccee5e41d780064a2_fractured_60_piece_1.obj is not a valid directory, skipping.
Warning: /workspace/everyday_all_2/Bottle_d7305324e9dd49eccee5e41d780064a2_fractured_8_piece_0.obj,Bottle_d7305324e9dd49eccee5e41d780064a2_fractured_8_piece_1.obj is not a valid directory, skipping.
Warning: /workspace/everyday_all_2/Bottle_d7305324e9dd49eccee5e41d780064a2_fractured_28_piece_0.obj,Bottle_d7305324e9dd49eccee5e41d780064a2_fractured_28_piece_1.obj is not a valid directory, skipping.
Warning: /workspace/everyday_all_2/Bottle_d7305324e9dd49eccee5e41d780064a2_fractured_33_piece_0.obj,Bottle_d7305324e9dd49eccee5e41d780064a2_fractured_33_piece_1.obj is not a valid directory, skipping.
Warning: /workspace/everyday_all_2/Bottle_d7305324e9dd49eccee5e41d780064a2_fractured_62_piece_0.obj,Bottle_d7305324e9dd49eccee5e41d780064a2_fractured_62_piece_1.obj is not a valid directory, skipping.
Warning: /workspace/everyday_all_2/Mug_37f56901a07da69dac6b8e58caf61f95_fractured_74_piece_0.obj,Mug_37f56901a07da69dac6b8e58caf61f95_fractured_74_piece_1.obj is not a valid directory, skipping.
Warning: /workspace/everyday_all_2/Mug_37f56901a07da69dac6b8e58caf61f95_fractured_23_piece_0.obj,Mug_37f56901a07da69dac6b8e58caf61f95_fractured_23_piece_1.obj is not a valid directory, skipping.
Warning: /workspace/everyday_all_2/Mug_37f56901a07da69dac6b8e58caf61f95_fractured_79_piece_0.obj,Mug_37f56901a07da69dac6b8e58caf61f95_fractured_79_piece_1.obj is not a valid directory, skipping.
Warning: /workspace/everyday_all_2/Mug_37f56901a07da69dac6b8e58caf61f95_fractured_28_piece_0.obj,Mug_37f56901a07da69dac6b8e58caf61f95_fractured_28_piece_1.obj is not a valid directory, skipping.
Warning: /workspace/everyday_all_2/Mug_37f56901a07da69dac6b8e58caf61f95_fractured_40_piece_0.obj,Mug_37f56901a07da69dac6b8e58caf61f95_fractured_40_piece_1.obj is not a valid directory, skipping.
Warning: /workspace/everyday_all_2/Mug_37f56901a07da69dac6b8e58caf61f95_fractured_10_piece_0.obj,Mug_37f56901a07da69dac6b8e58caf61f95_fractured_10_piece_1.obj is not a valid directory, skipping.
Warning: /workspace/everyday_all_2/Mug_37f56901a07da69dac6b8e58caf61f95_fractured_35_piece_0.obj,Mug_37f56901a07da69dac6b8e58caf61f95_fractured_35_piece_1.obj is not a valid directory, skipping.
Warning: /workspace/everyday_all_2/Mug_37f56901a07da69dac6b8e58caf61f95_fractured_26_piece_0.obj,Mug_37f56901a07da69dac6b8e58caf61f95_fractured_26_piece_1.obj is not a valid directory, skipping.
Warning: /workspace/everyday_all_2/Mug_37f56901a07da69dac6b8e58caf61f95_fractured_66_piece_0.obj,Mug_37f56901a07da69dac6b8e58caf61f95_fractured_66_piece_1.obj is not a valid directory, skipping.
Warning: /workspace/everyday_all_2/Mug_37f56901a07da69dac6b8e58caf61f95_fractured_17_piece_0.obj,Mug_37f56901a07da69dac6b8e58caf61f95_fractured_17_piece_1.obj is not a valid directory, skipping.
Warning: /workspace/everyday_all_2/Mug_37f56901a07da69dac6b8e58caf61f95_fractured_1_piece_0.obj,Mug_37f56901a07da69dac6b8e58caf61f95_fractured_1_piece_1.obj is not a valid directory, skipping.
Warning: /workspace/everyday_all_2/Mug_37f56901a07da69dac6b8e58caf61f95_fractured_42_piece_0.obj,Mug_37f56901a07da69dac6b8e58caf61f95_fractured_42_piece_1.obj is not a valid directory, skipping.
Warning: /workspace/everyday_all_2/Mug_37f56901a07da69dac6b8e58caf61f95_fractured_67_piece_0.obj,Mug_37f56901a07da69dac6b8e58caf61f95_fractured_67_piece_1.obj is not a valid directory, skipping.
Warning: /workspace/everyday_all_2/Mug_37f56901a07da69dac6b8e58caf61f95_fractured_34_piece_0.obj,Mug_37f56901a07da69dac6b8e58caf61f95_fractured_34_piece_1.obj is not a valid directory, skipping.
Warning: /workspace/everyday_all_2/Mug_37f56901a07da69dac6b8e58caf61f95_fractured_21_piece_0.obj,Mug_37f56901a07da69dac6b8e58caf61f95_fractured_21_piece_1.obj is not a valid directory, skipping.
Warning: /workspace/everyday_all_2/Mug_37f56901a07da69dac6b8e58caf61f95_fractured_56_piece_0.obj,Mug_37f56901a07da69dac6b8e58caf61f95_fractured_56_piece_1.obj is not a valid directory, skipping.
Warning: /workspace/everyday_all_2/Mug_37f56901a07da69dac6b8e58caf61f95_fractured_19_piece_0.obj,Mug_37f56901a07da69dac6b8e58caf61f95_fractured_19_piece_1.obj is not a valid directory, skipping.
Warning: /workspace/everyday_all_2/Mug_37f56901a07da69dac6b8e58caf61f95_fractured_48_piece_0.obj,Mug_37f56901a07da69dac6b8e58caf61f95_fractured_48_piece_1.obj is not a valid directory, skipping.
Warning: /workspace/everyday_all_2/ToyFigure_670b3162fe029fabd9dca9cd630ba2ba_fractured_73_piece_0.obj,ToyFigure_670b3162fe029fabd9dca9cd630ba2ba_fractured_73_piece_1.obj is not a valid directory, skipping.
Warning: /workspace/everyday_all_2/ToyFigure_670b3162fe029fabd9dca9cd630ba2ba_fractured_58_piece_0.obj,ToyFigure_670b3162fe029fabd9dca9cd630ba2ba_fractured_58_piece_1.obj is not a valid directory, skipping.
Warning: /workspace/everyday_all_2/ToyFigure_670b3162fe029fabd9dca9cd630ba2ba_fractured_3_piece_0.obj,ToyFigure_670b3162fe029fabd9dca9cd630ba2ba_fractured_3_piece_1.obj is not a valid directory, skipping.
Warning: /workspace/everyday_all_2/ToyFigure_670b3162fe029fabd9dca9cd630ba2ba_fractured_45_piece_0.obj,ToyFigure_670b3162fe029fabd9dca9cd630ba2ba_fractured_45_piece_1.obj is not a valid directory, skipping.
Warning: /workspace/everyday_all_2/ToyFigure_670b3162fe029fabd9dca9cd630ba2ba_fractured_29_piece_0.obj,ToyFigure_670b3162fe029fabd9dca9cd630ba2ba_fractured_29_piece_1.obj is not a valid directory, skipping.
Warning: /workspace/everyday_all_2/ToyFigure_670b3162fe029fabd9dca9cd630ba2ba_fractured_61_piece_0.obj,ToyFigure_670b3162fe029fabd9dca9cd630ba2ba_fractured_61_piece_1.obj is not a valid directory, skipping.
Warning: /workspace/everyday_all_2/ToyFigure_670b3162fe029fabd9dca9cd630ba2ba_fractured_59_piece_0.obj,ToyFigure_670b3162fe029fabd9dca9cd630ba2ba_fractured_59_piece_1.obj is not a valid directory, skipping.
Warning: /workspace/everyday_all_2/ToyFigure_670b3162fe029fabd9dca9cd630ba2ba_fractured_0_piece_0.obj,ToyFigure_670b3162fe029fabd9dca9cd630ba2ba_fractured_0_piece_1.obj is not a valid directory, skipping.
Warning: /workspace/everyday_all_2/ToyFigure_670b3162fe029fabd9dca9cd630ba2ba_fractured_21_piece_0.obj,ToyFigure_670b3162fe029fabd9dca9cd630ba2ba_fractured_21_piece_1.obj is not a valid directory, skipping.
Warning: /workspace/everyday_all_2/ToyFigure_670b3162fe029fabd9dca9cd630ba2ba_fractured_7_piece_0.obj,ToyFigure_670b3162fe029fabd9dca9cd630ba2ba_fractured_7_piece_1.obj is not a valid directory, skipping.
Warning: /workspace/everyday_all_2/ToyFigure_670b3162fe029fabd9dca9cd630ba2ba_fractured_1_piece_0.obj,ToyFigure_670b3162fe029fabd9dca9cd630ba2ba_fractured_1_piece_1.obj is not a valid directory, skipping.
Warning: /workspace/everyday_all_2/ToyFigure_670b3162fe029fabd9dca9cd630ba2ba_fractured_16_piece_0.obj,ToyFigure_670b3162fe029fabd9dca9cd630ba2ba_fractured_16_piece_1.obj is not a valid directory, skipping.
Warning: /workspace/everyday_all_2/ToyFigure_670b3162fe029fabd9dca9cd630ba2ba_fractured_57_piece_0.obj,ToyFigure_670b3162fe029fabd9dca9cd630ba2ba_fractured_57_piece_1.obj is not a valid directory, skipping.
Warning: /workspace/everyday_all_2/Mirror_3c606dcfa914bc3435836c728d324152_fractured_73_piece_0.obj,Mirror_3c606dcfa914bc3435836c728d324152_fractured_73_piece_1.obj is not a valid directory, skipping.
Warning: /workspace/everyday_all_2/Mirror_3c606dcfa914bc3435836c728d324152_fractured_71_piece_0.obj,Mirror_3c606dcfa914bc3435836c728d324152_fractured_71_piece_1.obj is not a valid directory, skipping.
Warning: /workspace/everyday_all_2/Mirror_3c606dcfa914bc3435836c728d324152_fractured_65_piece_0.obj,Mirror_3c606dcfa914bc3435836c728d324152_fractured_65_piece_1.obj is not a valid directory, skipping.
Warning: /workspace/everyday_all_2/Mirror_3c606dcfa914bc3435836c728d324152_fractured_0_piece_0.obj,Mirror_3c606dcfa914bc3435836c728d324152_fractured_0_piece_1.obj is not a valid directory, skipping.
Warning: /workspace/everyday_all_2/Mirror_3c606dcfa914bc3435836c728d324152_fractured_61_piece_0.obj,Mirror_3c606dcfa914bc3435836c728d324152_fractured_61_piece_1.obj is not a valid directory, skipping.
Warning: /workspace/everyday_all_2/Mirror_3c606dcfa914bc3435836c728d324152_fractured_50_piece_0.obj,Mirror_3c606dcfa914bc3435836c728d324152_fractured_50_piece_1.obj is not a valid directory, skipping.
Warning: /workspace/everyday_all_2/Mirror_3c606dcfa914bc3435836c728d324152_fractured_36_piece_0.obj,Mirror_3c606dcfa914bc3435836c728d324152_fractured_36_piece_1.obj is not a valid directory, skipping.
Warning: /workspace/everyday_all_2/Mirror_3c606dcfa914bc3435836c728d324152_fractured_72_piece_0.obj,Mirror_3c606dcfa914bc3435836c728d324152_fractured_72_piece_1.obj is not a valid directory, skipping.
Warning: /workspace/everyday_all_2/Mirror_3c606dcfa914bc3435836c728d324152_fractured_9_piece_0.obj,Mirror_3c606dcfa914bc3435836c728d324152_fractured_9_piece_1.obj is not a valid directory, skipping.
Warning: /workspace/everyday_all_2/Mirror_3c606dcfa914bc3435836c728d324152_fractured_23_piece_0.obj,Mirror_3c606dcfa914bc3435836c728d324152_fractured_23_piece_1.obj is not a valid directory, skipping.
Warning: /workspace/everyday_all_2/Mirror_3c606dcfa914bc3435836c728d324152_fractured_17_piece_0.obj,Mirror_3c606dcfa914bc3435836c728d324152_fractured_17_piece_1.obj is not a valid directory, skipping.
Warning: /workspace/everyday_all_2/Mirror_3c606dcfa914bc3435836c728d324152_fractured_20_piece_0.obj,Mirror_3c606dcfa914bc3435836c728d324152_fractured_20_piece_1.obj is not a valid directory, skipping.
Warning: /workspace/everyday_all_2/Mirror_51feed1c1b21444828b4c5ec471dc963_mode_1_piece_0.obj,Mirror_51feed1c1b21444828b4c5ec471dc963_mode_1_piece_1.obj is not a valid directory, skipping.
Warning: /workspace/everyday_all_2/Vase_b615e58e79bd2aa1561dce3fe08634b7_fractured_45_piece_0.obj,Vase_b615e58e79bd2aa1561dce3fe08634b7_fractured_45_piece_1.obj is not a valid directory, skipping.
Warning: /workspace/everyday_all_2/Vase_b615e58e79bd2aa1561dce3fe08634b7_fractured_16_piece_0.obj,Vase_b615e58e79bd2aa1561dce3fe08634b7_fractured_16_piece_1.obj is not a valid directory, skipping.
Warning: /workspace/everyday_all_2/Vase_b615e58e79bd2aa1561dce3fe08634b7_fractured_23_piece_0.obj,Vase_b615e58e79bd2aa1561dce3fe08634b7_fractured_23_piece_1.obj is not a valid directory, skipping.
Warning: /workspace/everyday_all_2/Vase_b615e58e79bd2aa1561dce3fe08634b7_fractured_21_piece_0.obj,Vase_b615e58e79bd2aa1561dce3fe08634b7_fractured_21_piece_1.obj is not a valid directory, skipping.
Warning: /workspace/everyday_all_2/Vase_b615e58e79bd2aa1561dce3fe08634b7_fractured_5_piece_0.obj,Vase_b615e58e79bd2aa1561dce3fe08634b7_fractured_5_piece_1.obj is not a valid directory, skipping.
Warning: /workspace/everyday_all_2/Vase_b615e58e79bd2aa1561dce3fe08634b7_fractured_15_piece_0.obj,Vase_b615e58e79bd2aa1561dce3fe08634b7_fractured_15_piece_1.obj is not a valid directory, skipping.
Warning: /workspace/everyday_all_2/Vase_b615e58e79bd2aa1561dce3fe08634b7_fractured_46_piece_0.obj,Vase_b615e58e79bd2aa1561dce3fe08634b7_fractured_46_piece_1.obj is not a valid directory, skipping.
Warning: /workspace/everyday_all_2/Vase_b615e58e79bd2aa1561dce3fe08634b7_fractured_29_piece_0.obj,Vase_b615e58e79bd2aa1561dce3fe08634b7_fractured_29_piece_1.obj is not a valid directory, skipping.
Warning: /workspace/everyday_all_2/Bowl_594b22f21daf33ce6aea2f18ee404fd5_fractured_44_piece_0.obj,Bowl_594b22f21daf33ce6aea2f18ee404fd5_fractured_44_piece_1.obj is not a valid directory, skipping.
Warning: /workspace/everyday_all_2/Bowl_594b22f21daf33ce6aea2f18ee404fd5_fractured_20_piece_0.obj,Bowl_594b22f21daf33ce6aea2f18ee404fd5_fractured_20_piece_1.obj is not a valid directory, skipping.
Warning: /workspace/everyday_all_2/Bowl_594b22f21daf33ce6aea2f18ee404fd5_fractured_56_piece_0.obj,Bowl_594b22f21daf33ce6aea2f18ee404fd5_fractured_56_piece_1.obj is not a valid directory, skipping.
Warning: /workspace/everyday_all_2/Bowl_594b22f21daf33ce6aea2f18ee404fd5_fractured_78_piece_0.obj,Bowl_594b22f21daf33ce6aea2f18ee404fd5_fractured_78_piece_1.obj is not a valid directory, skipping.
Warning: /workspace/everyday_all_2/Bowl_594b22f21daf33ce6aea2f18ee404fd5_fractured_5_piece_0.obj,Bowl_594b22f21daf33ce6aea2f18ee404fd5_fractured_5_piece_1.obj is not a valid directory, skipping.
Warning: /workspace/everyday_all_2/Bowl_594b22f21daf33ce6aea2f18ee404fd5_fractured_18_piece_0.obj,Bowl_594b22f21daf33ce6aea2f18ee404fd5_fractured_18_piece_1.obj is not a valid directory, skipping.
Warning: /workspace/everyday_all_2/Bowl_594b22f21daf33ce6aea2f18ee404fd5_fractured_6_piece_0.obj,Bowl_594b22f21daf33ce6aea2f18ee404fd5_fractured_6_piece_1.obj is not a valid directory, skipping.
Warning: /workspace/everyday_all_2/Bowl_594b22f21daf33ce6aea2f18ee404fd5_fractured_73_piece_0.obj,Bowl_594b22f21daf33ce6aea2f18ee404fd5_fractured_73_piece_1.obj is not a valid directory, skipping.
Warning: /workspace/everyday_all_2/Vase_bb1a0d719c6c92ec564ef9ade41a3447_fractured_3_piece_0.obj,Vase_bb1a0d719c6c92ec564ef9ade41a3447_fractured_3_piece_1.obj is not a valid directory, skipping.
Warning: /workspace/everyday_all_2/Vase_bb1a0d719c6c92ec564ef9ade41a3447_fractured_37_piece_0.obj,Vase_bb1a0d719c6c92ec564ef9ade41a3447_fractured_37_piece_1.obj is not a valid directory, skipping.
Warning: /workspace/everyday_all_2/Vase_bb1a0d719c6c92ec564ef9ade41a3447_fractured_40_piece_0.obj,Vase_bb1a0d719c6c92ec564ef9ade41a3447_fractured_40_piece_1.obj is not a valid directory, skipping.
Warning: /workspace/everyday_all_2/Vase_bb1a0d719c6c92ec564ef9ade41a3447_fractured_46_piece_1.obj,Vase_bb1a0d719c6c92ec564ef9ade41a3447_fractured_46_piece_0.obj is not a valid directory, skipping.
Warning: /workspace/everyday_all_2/Vase_bb1a0d719c6c92ec564ef9ade41a3447_fractured_67_piece_0.obj,Vase_bb1a0d719c6c92ec564ef9ade41a3447_fractured_67_piece_1.obj is not a valid directory, skipping.
Warning: /workspace/everyday_all_2/Vase_bb1a0d719c6c92ec564ef9ade41a3447_fractured_70_piece_1.obj,Vase_bb1a0d719c6c92ec564ef9ade41a3447_fractured_70_piece_0.obj is not a valid directory, skipping.
Warning: /workspace/everyday_all_2/Vase_bb1a0d719c6c92ec564ef9ade41a3447_fractured_71_piece_0.obj,Vase_bb1a0d719c6c92ec564ef9ade41a3447_fractured_71_piece_1.obj is not a valid directory, skipping.
Warning: /workspace/everyday_all_2/Vase_bb1a0d719c6c92ec564ef9ade41a3447_fractured_78_piece_1.obj,Vase_bb1a0d719c6c92ec564ef9ade41a3447_fractured_78_piece_0.obj is not a valid directory, skipping.
Warning: /workspace/everyday_all_2/Vase_bb1a0d719c6c92ec564ef9ade41a3447_fractured_34_piece_0.obj,Vase_bb1a0d719c6c92ec564ef9ade41a3447_fractured_34_piece_1.obj is not a valid directory, skipping.
Warning: /workspace/everyday_all_2/Vase_bb1a0d719c6c92ec564ef9ade41a3447_fractured_28_piece_0.obj,Vase_bb1a0d719c6c92ec564ef9ade41a3447_fractured_28_piece_1.obj is not a valid directory, skipping.
Warning: /workspace/everyday_all_2/Vase_bb1a0d719c6c92ec564ef9ade41a3447_fractured_17_piece_0.obj,Vase_bb1a0d719c6c92ec564ef9ade41a3447_fractured_17_piece_1.obj is not a valid directory, skipping.
Warning: /workspace/everyday_all_2/Vase_bb1a0d719c6c92ec564ef9ade41a3447_fractured_16_piece_0.obj,Vase_bb1a0d719c6c92ec564ef9ade41a3447_fractured_16_piece_1.obj is not a valid directory, skipping.
Warning: /workspace/everyday_all_2/Vase_bb1a0d719c6c92ec564ef9ade41a3447_fractured_72_piece_0.obj,Vase_bb1a0d719c6c92ec564ef9ade41a3447_fractured_72_piece_1.obj is not a valid directory, skipping.
Warning: /workspace/everyday_all_2/Vase_bb1a0d719c6c92ec564ef9ade41a3447_fractured_10_piece_0.obj,Vase_bb1a0d719c6c92ec564ef9ade41a3447_fractured_10_piece_1.obj is not a valid directory, skipping.
Warning: /workspace/everyday_all_2/Vase_bb1a0d719c6c92ec564ef9ade41a3447_fractured_9_piece_1.obj,Vase_bb1a0d719c6c92ec564ef9ade41a3447_fractured_9_piece_0.obj is not a valid directory, skipping.
Warning: /workspace/everyday_all_2/Bottle_f6de2a85da0e89b53f222a37719e9945_fractured_46_piece_0.obj,Bottle_f6de2a85da0e89b53f222a37719e9945_fractured_46_piece_1.obj is not a valid directory, skipping.
Warning: /workspace/everyday_all_2/Bottle_f6de2a85da0e89b53f222a37719e9945_fractured_75_piece_0.obj,Bottle_f6de2a85da0e89b53f222a37719e9945_fractured_75_piece_1.obj is not a valid directory, skipping.
Warning: /workspace/everyday_all_2/Bottle_f6de2a85da0e89b53f222a37719e9945_fractured_5_piece_0.obj,Bottle_f6de2a85da0e89b53f222a37719e9945_fractured_5_piece_1.obj is not a valid directory, skipping.
Warning: /workspace/everyday_all_2/Bottle_f6de2a85da0e89b53f222a37719e9945_fractured_21_piece_0.obj,Bottle_f6de2a85da0e89b53f222a37719e9945_fractured_21_piece_1.obj is not a valid directory, skipping.
Warning: /workspace/everyday_all_2/Bottle_f6de2a85da0e89b53f222a37719e9945_fractured_3_piece_0.obj,Bottle_f6de2a85da0e89b53f222a37719e9945_fractured_3_piece_1.obj is not a valid directory, skipping.
Warning: /workspace/everyday_all_2/Bottle_f6de2a85da0e89b53f222a37719e9945_fractured_41_piece_0.obj,Bottle_f6de2a85da0e89b53f222a37719e9945_fractured_41_piece_1.obj is not a valid directory, skipping.
Warning: /workspace/everyday_all_2/Vase_cdc6bd336446234c2b151d8b52c53b90_fractured_42_piece_1.obj,Vase_cdc6bd336446234c2b151d8b52c53b90_fractured_42_piece_0.obj is not a valid directory, skipping.
Warning: /workspace/everyday_all_2/Vase_cdc6bd336446234c2b151d8b52c53b90_fractured_63_piece_0.obj,Vase_cdc6bd336446234c2b151d8b52c53b90_fractured_63_piece_1.obj is not a valid directory, skipping.
Warning: /workspace/everyday_all_2/Vase_cdc6bd336446234c2b151d8b52c53b90_fractured_53_piece_0.obj,Vase_cdc6bd336446234c2b151d8b52c53b90_fractured_53_piece_1.obj is not a valid directory, skipping.
Warning: /workspace/everyday_all_2/Vase_cdc6bd336446234c2b151d8b52c53b90_fractured_52_piece_0.obj,Vase_cdc6bd336446234c2b151d8b52c53b90_fractured_52_piece_1.obj is not a valid directory, skipping.
Warning: /workspace/everyday_all_2/Vase_cdc6bd336446234c2b151d8b52c53b90_fractured_2_piece_1.obj,Vase_cdc6bd336446234c2b151d8b52c53b90_fractured_2_piece_0.obj is not a valid directory, skipping.
Warning: /workspace/everyday_all_2/Vase_cdc6bd336446234c2b151d8b52c53b90_fractured_38_piece_0.obj,Vase_cdc6bd336446234c2b151d8b52c53b90_fractured_38_piece_1.obj is not a valid directory, skipping.
Warning: /workspace/everyday_all_2/Vase_cdc6bd336446234c2b151d8b52c53b90_fractured_60_piece_0.obj,Vase_cdc6bd336446234c2b151d8b52c53b90_fractured_60_piece_1.obj is not a valid directory, skipping.
Warning: /workspace/everyday_all_2/Vase_cdc6bd336446234c2b151d8b52c53b90_fractured_55_piece_0.obj,Vase_cdc6bd336446234c2b151d8b52c53b90_fractured_55_piece_1.obj is not a valid directory, skipping.
Warning: /workspace/everyday_all_2/Vase_cdc6bd336446234c2b151d8b52c53b90_fractured_46_piece_0.obj,Vase_cdc6bd336446234c2b151d8b52c53b90_fractured_46_piece_1.obj is not a valid directory, skipping.
Warning: /workspace/everyday_all_2/Vase_cdc6bd336446234c2b151d8b52c53b90_fractured_62_piece_0.obj,Vase_cdc6bd336446234c2b151d8b52c53b90_fractured_62_piece_1.obj is not a valid directory, skipping.
Warning: /workspace/everyday_all_2/Vase_cdc6bd336446234c2b151d8b52c53b90_fractured_48_piece_0.obj,Vase_cdc6bd336446234c2b151d8b52c53b90_fractured_48_piece_1.obj is not a valid directory, skipping.
Warning: /workspace/everyday_all_2/Vase_cdc6bd336446234c2b151d8b52c53b90_fractured_36_piece_0.obj,Vase_cdc6bd336446234c2b151d8b52c53b90_fractured_36_piece_1.obj is not a valid directory, skipping.
Warning: /workspace/everyday_all_2/Vase_cdc6bd336446234c2b151d8b52c53b90_fractured_25_piece_0.obj,Vase_cdc6bd336446234c2b151d8b52c53b90_fractured_25_piece_1.obj is not a valid directory, skipping.
Warning: /workspace/everyday_all_2/ToyFigure_1_fractured_64_piece_0.obj,ToyFigure_1_fractured_64_piece_1.obj is not a valid directory, skipping.
Warning: /workspace/everyday_all_2/ToyFigure_1_fractured_74_piece_0.obj,ToyFigure_1_fractured_74_piece_1.obj is not a valid directory, skipping.
Warning: /workspace/everyday_all_2/ToyFigure_1_fractured_19_piece_0.obj,ToyFigure_1_fractured_19_piece_1.obj is not a valid directory, skipping.
Warning: /workspace/everyday_all_2/ToyFigure_1_fractured_41_piece_0.obj,ToyFigure_1_fractured_41_piece_1.obj is not a valid directory, skipping.
Warning: /workspace/everyday_all_2/ToyFigure_1_fractured_61_piece_0.obj,ToyFigure_1_fractured_61_piece_1.obj is not a valid directory, skipping.
Warning: /workspace/everyday_all_2/ToyFigure_1_fractured_52_piece_0.obj,ToyFigure_1_fractured_52_piece_1.obj is not a valid directory, skipping.
Warning: /workspace/everyday_all_2/ToyFigure_1_fractured_25_piece_0.obj,ToyFigure_1_fractured_25_piece_1.obj is not a valid directory, skipping.
Warning: /workspace/everyday_all_2/ToyFigure_1_fractured_71_piece_0.obj,ToyFigure_1_fractured_71_piece_1.obj is not a valid directory, skipping.
Warning: /workspace/everyday_all_2/ToyFigure_1_fractured_29_piece_0.obj,ToyFigure_1_fractured_29_piece_1.obj is not a valid directory, skipping.
Warning: /workspace/everyday_all_2/ToyFigure_1_fractured_31_piece_0.obj,ToyFigure_1_fractured_31_piece_1.obj is not a valid directory, skipping.
Warning: /workspace/everyday_all_2/Mug_62634df2ad8f19b87d1b7935311a2ed0_fractured_57_piece_0.obj,Mug_62634df2ad8f19b87d1b7935311a2ed0_fractured_57_piece_1.obj is not a valid directory, skipping.
Warning: /workspace/everyday_all_2/Mug_62634df2ad8f19b87d1b7935311a2ed0_fractured_9_piece_0.obj,Mug_62634df2ad8f19b87d1b7935311a2ed0_fractured_9_piece_1.obj is not a valid directory, skipping.
Warning: /workspace/everyday_all_2/Mug_62634df2ad8f19b87d1b7935311a2ed0_fractured_71_piece_0.obj,Mug_62634df2ad8f19b87d1b7935311a2ed0_fractured_71_piece_1.obj is not a valid directory, skipping.
Warning: /workspace/everyday_all_2/Mug_62634df2ad8f19b87d1b7935311a2ed0_fractured_27_piece_0.obj,Mug_62634df2ad8f19b87d1b7935311a2ed0_fractured_27_piece_1.obj is not a valid directory, skipping.
Warning: /workspace/everyday_all_2/Mug_62634df2ad8f19b87d1b7935311a2ed0_fractured_37_piece_0.obj,Mug_62634df2ad8f19b87d1b7935311a2ed0_fractured_37_piece_1.obj is not a valid directory, skipping.
Warning: /workspace/everyday_all_2/Mug_62634df2ad8f19b87d1b7935311a2ed0_fractured_48_piece_0.obj,Mug_62634df2ad8f19b87d1b7935311a2ed0_fractured_48_piece_1.obj is not a valid directory, skipping.
Warning: /workspace/everyday_all_2/Mug_62634df2ad8f19b87d1b7935311a2ed0_fractured_77_piece_0.obj,Mug_62634df2ad8f19b87d1b7935311a2ed0_fractured_77_piece_1.obj is not a valid directory, skipping.
Warning: /workspace/everyday_all_2/Mug_62634df2ad8f19b87d1b7935311a2ed0_fractured_67_piece_0.obj,Mug_62634df2ad8f19b87d1b7935311a2ed0_fractured_67_piece_1.obj is not a valid directory, skipping.
Warning: /workspace/everyday_all_2/Mug_62634df2ad8f19b87d1b7935311a2ed0_fractured_75_piece_0.obj,Mug_62634df2ad8f19b87d1b7935311a2ed0_fractured_75_piece_1.obj is not a valid directory, skipping.
Warning: /workspace/everyday_all_2/Mug_62634df2ad8f19b87d1b7935311a2ed0_fractured_23_piece_0.obj,Mug_62634df2ad8f19b87d1b7935311a2ed0_fractured_23_piece_1.obj is not a valid directory, skipping.
Warning: /workspace/everyday_all_2/Mug_62634df2ad8f19b87d1b7935311a2ed0_fractured_17_piece_0.obj,Mug_62634df2ad8f19b87d1b7935311a2ed0_fractured_17_piece_1.obj is not a valid directory, skipping.
Warning: /workspace/everyday_all_2/Mug_62634df2ad8f19b87d1b7935311a2ed0_fractured_43_piece_0.obj,Mug_62634df2ad8f19b87d1b7935311a2ed0_fractured_43_piece_1.obj is not a valid directory, skipping.
Warning: /workspace/everyday_all_2/Mug_62634df2ad8f19b87d1b7935311a2ed0_fractured_39_piece_0.obj,Mug_62634df2ad8f19b87d1b7935311a2ed0_fractured_39_piece_1.obj is not a valid directory, skipping.
Warning: /workspace/everyday_all_2/Mug_62634df2ad8f19b87d1b7935311a2ed0_fractured_19_piece_0.obj,Mug_62634df2ad8f19b87d1b7935311a2ed0_fractured_19_piece_1.obj is not a valid directory, skipping.
Warning: /workspace/everyday_all_2/Mug_62634df2ad8f19b87d1b7935311a2ed0_fractured_63_piece_0.obj,Mug_62634df2ad8f19b87d1b7935311a2ed0_fractured_63_piece_1.obj is not a valid directory, skipping.
Warning: /workspace/everyday_all_2/Mug_62634df2ad8f19b87d1b7935311a2ed0_fractured_11_piece_0.obj,Mug_62634df2ad8f19b87d1b7935311a2ed0_fractured_11_piece_1.obj is not a valid directory, skipping.
Warning: /workspace/everyday_all_2/Bowl_8e840ba109f252534c6955b188e290e0_fractured_45_piece_0.obj,Bowl_8e840ba109f252534c6955b188e290e0_fractured_45_piece_1.obj is not a valid directory, skipping.
Warning: /workspace/everyday_all_2/Bowl_8e840ba109f252534c6955b188e290e0_fractured_40_piece_0.obj,Bowl_8e840ba109f252534c6955b188e290e0_fractured_40_piece_1.obj is not a valid directory, skipping.
Warning: /workspace/everyday_all_2/Bowl_8e840ba109f252534c6955b188e290e0_fractured_19_piece_0.obj,Bowl_8e840ba109f252534c6955b188e290e0_fractured_19_piece_1.obj is not a valid directory, skipping.
Warning: /workspace/everyday_all_2/Bowl_8e840ba109f252534c6955b188e290e0_fractured_18_piece_0.obj,Bowl_8e840ba109f252534c6955b188e290e0_fractured_18_piece_1.obj is not a valid directory, skipping.
Warning: /workspace/everyday_all_2/Bowl_8e840ba109f252534c6955b188e290e0_fractured_0_piece_0.obj,Bowl_8e840ba109f252534c6955b188e290e0_fractured_0_piece_1.obj is not a valid directory, skipping.
Warning: /workspace/everyday_all_2/Bowl_8e840ba109f252534c6955b188e290e0_fractured_57_piece_0.obj,Bowl_8e840ba109f252534c6955b188e290e0_fractured_57_piece_1.obj is not a valid directory, skipping.
Warning: /workspace/everyday_all_2/Bowl_8e840ba109f252534c6955b188e290e0_fractured_14_piece_0.obj,Bowl_8e840ba109f252534c6955b188e290e0_fractured_14_piece_1.obj is not a valid directory, skipping.
Warning: /workspace/everyday_all_2/Bowl_8e840ba109f252534c6955b188e290e0_fractured_77_piece_0.obj,Bowl_8e840ba109f252534c6955b188e290e0_fractured_77_piece_1.obj is not a valid directory, skipping.
Warning: /workspace/everyday_all_2/Bowl_8e840ba109f252534c6955b188e290e0_fractured_10_piece_0.obj,Bowl_8e840ba109f252534c6955b188e290e0_fractured_10_piece_1.obj is not a valid directory, skipping.
Warning: /workspace/everyday_all_2/Bowl_8e840ba109f252534c6955b188e290e0_fractured_13_piece_0.obj,Bowl_8e840ba109f252534c6955b188e290e0_fractured_13_piece_1.obj is not a valid directory, skipping.
Warning: /workspace/everyday_all_2/Bowl_8e840ba109f252534c6955b188e290e0_fractured_17_piece_0.obj,Bowl_8e840ba109f252534c6955b188e290e0_fractured_17_piece_1.obj is not a valid directory, skipping.
Warning: /workspace/everyday_all_2/Bowl_8e840ba109f252534c6955b188e290e0_fractured_15_piece_0.obj,Bowl_8e840ba109f252534c6955b188e290e0_fractured_15_piece_1.obj is not a valid directory, skipping.
Warning: /workspace/everyday_all_2/Bowl_8e840ba109f252534c6955b188e290e0_fractured_1_piece_0.obj,Bowl_8e840ba109f252534c6955b188e290e0_fractured_1_piece_1.obj is not a valid directory, skipping.
Warning: /workspace/everyday_all_2/Plate_10_fractured_57_piece_0.obj,Plate_10_fractured_57_piece_1.obj is not a valid directory, skipping.
Warning: /workspace/everyday_all_2/Plate_10_fractured_67_piece_0.obj,Plate_10_fractured_67_piece_1.obj is not a valid directory, skipping.
Warning: /workspace/everyday_all_2/Plate_10_fractured_50_piece_0.obj,Plate_10_fractured_50_piece_1.obj is not a valid directory, skipping.
Warning: /workspace/everyday_all_2/Plate_10_fractured_73_piece_0.obj,Plate_10_fractured_73_piece_1.obj is not a valid directory, skipping.
Warning: /workspace/everyday_all_2/Plate_10_fractured_27_piece_0.obj,Plate_10_fractured_27_piece_1.obj is not a valid directory, skipping.
Warning: /workspace/everyday_all_2/Plate_10_fractured_71_piece_0.obj,Plate_10_fractured_71_piece_1.obj is not a valid directory, skipping.
Warning: /workspace/everyday_all_2/Plate_10_fractured_16_piece_0.obj,Plate_10_fractured_16_piece_1.obj is not a valid directory, skipping.
Warning: /workspace/everyday_all_2/Plate_10_fractured_20_piece_0.obj,Plate_10_fractured_20_piece_1.obj is not a valid directory, skipping.
Warning: /workspace/everyday_all_2/Plate_10_fractured_29_piece_0.obj,Plate_10_fractured_29_piece_1.obj is not a valid directory, skipping.
Warning: /workspace/everyday_all_2/Plate_10_fractured_38_piece_0.obj,Plate_10_fractured_38_piece_1.obj is not a valid directory, skipping.
Warning: /workspace/everyday_all_2/Plate_10_fractured_15_piece_0.obj,Plate_10_fractured_15_piece_1.obj is not a valid directory, skipping.
Warning: /workspace/everyday_all_2/Plate_10_fractured_39_piece_0.obj,Plate_10_fractured_39_piece_1.obj is not a valid directory, skipping.
Warning: /workspace/everyday_all_2/Plate_10_fractured_47_piece_0.obj,Plate_10_fractured_47_piece_1.obj is not a valid directory, skipping.
Warning: /workspace/everyday_all_2/Plate_10_fractured_56_piece_0.obj,Plate_10_fractured_56_piece_1.obj is not a valid directory, skipping.
Warning: /workspace/everyday_all_2/Plate_10_fractured_62_piece_0.obj,Plate_10_fractured_62_piece_1.obj is not a valid directory, skipping.
Warning: /workspace/everyday_all_2/Plate_10_fractured_9_piece_0.obj,Plate_10_fractured_9_piece_1.obj is not a valid directory, skipping.
Warning: /workspace/everyday_all_2/Plate_10_fractured_59_piece_0.obj,Plate_10_fractured_59_piece_1.obj is not a valid directory, skipping.
Warning: /workspace/everyday_all_2/Plate_10_fractured_37_piece_0.obj,Plate_10_fractured_37_piece_1.obj is not a valid directory, skipping.
Warning: /workspace/everyday_all_2/Plate_10_fractured_14_piece_0.obj,Plate_10_fractured_14_piece_1.obj is not a valid directory, skipping.
Warning: /workspace/everyday_all_2/Plate_10_fractured_79_piece_0.obj,Plate_10_fractured_79_piece_1.obj is not a valid directory, skipping.
Warning: /workspace/everyday_all_2/Plate_10_fractured_48_piece_0.obj,Plate_10_fractured_48_piece_1.obj is not a valid directory, skipping.
Warning: /workspace/everyday_all_2/PillBottle_f6de2a85da0e89b53f222a37719e9945_fractured_24_piece_0.obj,PillBottle_f6de2a85da0e89b53f222a37719e9945_fractured_24_piece_1.obj is not a valid directory, skipping.
Warning: /workspace/everyday_all_2/PillBottle_f6de2a85da0e89b53f222a37719e9945_fractured_8_piece_0.obj,PillBottle_f6de2a85da0e89b53f222a37719e9945_fractured_8_piece_1.obj is not a valid directory, skipping.
Warning: /workspace/everyday_all_2/PillBottle_f6de2a85da0e89b53f222a37719e9945_fractured_0_piece_0.obj,PillBottle_f6de2a85da0e89b53f222a37719e9945_fractured_0_piece_1.obj is not a valid directory, skipping.
Warning: /workspace/everyday_all_2/PillBottle_f6de2a85da0e89b53f222a37719e9945_fractured_70_piece_0.obj,PillBottle_f6de2a85da0e89b53f222a37719e9945_fractured_70_piece_1.obj is not a valid directory, skipping.
Warning: /workspace/everyday_all_2/PillBottle_f6de2a85da0e89b53f222a37719e9945_fractured_52_piece_0.obj,PillBottle_f6de2a85da0e89b53f222a37719e9945_fractured_52_piece_1.obj is not a valid directory, skipping.
Warning: /workspace/everyday_all_2/Mug_52273f4b17505e898ef19a48ac4fcfdf_fractured_51_piece_0.obj,Mug_52273f4b17505e898ef19a48ac4fcfdf_fractured_51_piece_1.obj is not a valid directory, skipping.
Warning: /workspace/everyday_all_2/Mug_52273f4b17505e898ef19a48ac4fcfdf_fractured_34_piece_0.obj,Mug_52273f4b17505e898ef19a48ac4fcfdf_fractured_34_piece_1.obj is not a valid directory, skipping.
Warning: /workspace/everyday_all_2/Mug_52273f4b17505e898ef19a48ac4fcfdf_fractured_52_piece_0.obj,Mug_52273f4b17505e898ef19a48ac4fcfdf_fractured_52_piece_1.obj is not a valid directory, skipping.
Warning: /workspace/everyday_all_2/Mug_52273f4b17505e898ef19a48ac4fcfdf_fractured_32_piece_0.obj,Mug_52273f4b17505e898ef19a48ac4fcfdf_fractured_32_piece_1.obj is not a valid directory, skipping.
Warning: /workspace/everyday_all_2/Mug_52273f4b17505e898ef19a48ac4fcfdf_fractured_1_piece_0.obj,Mug_52273f4b17505e898ef19a48ac4fcfdf_fractured_1_piece_1.obj is not a valid directory, skipping.
Warning: /workspace/everyday_all_2/Mug_52273f4b17505e898ef19a48ac4fcfdf_fractured_42_piece_0.obj,Mug_52273f4b17505e898ef19a48ac4fcfdf_fractured_42_piece_1.obj is not a valid directory, skipping.
Warning: /workspace/everyday_all_2/Mug_52273f4b17505e898ef19a48ac4fcfdf_fractured_72_piece_0.obj,Mug_52273f4b17505e898ef19a48ac4fcfdf_fractured_72_piece_1.obj is not a valid directory, skipping.
Warning: /workspace/everyday_all_2/Mug_52273f4b17505e898ef19a48ac4fcfdf_fractured_48_piece_0.obj,Mug_52273f4b17505e898ef19a48ac4fcfdf_fractured_48_piece_1.obj is not a valid directory, skipping.
Warning: /workspace/everyday_all_2/Mug_52273f4b17505e898ef19a48ac4fcfdf_fractured_39_piece_0.obj,Mug_52273f4b17505e898ef19a48ac4fcfdf_fractured_39_piece_1.obj is not a valid directory, skipping.
Warning: /workspace/everyday_all_2/Mug_52273f4b17505e898ef19a48ac4fcfdf_fractured_44_piece_0.obj,Mug_52273f4b17505e898ef19a48ac4fcfdf_fractured_44_piece_1.obj is not a valid directory, skipping.
Warning: /workspace/everyday_all_2/Mug_52273f4b17505e898ef19a48ac4fcfdf_fractured_36_piece_0.obj,Mug_52273f4b17505e898ef19a48ac4fcfdf_fractured_36_piece_1.obj is not a valid directory, skipping.
Warning: /workspace/everyday_all_2/Mug_52273f4b17505e898ef19a48ac4fcfdf_fractured_64_piece_0.obj,Mug_52273f4b17505e898ef19a48ac4fcfdf_fractured_64_piece_1.obj is not a valid directory, skipping.
Warning: /workspace/everyday_all_2/Mug_52273f4b17505e898ef19a48ac4fcfdf_fractured_67_piece_0.obj,Mug_52273f4b17505e898ef19a48ac4fcfdf_fractured_67_piece_1.obj is not a valid directory, skipping.
Warning: /workspace/everyday_all_2/Vase_bd0274fe8ca44aa035836c728d324152_mode_1_piece_1.obj,Vase_bd0274fe8ca44aa035836c728d324152_mode_1_piece_0.obj is not a valid directory, skipping.
Warning: /workspace/everyday_all_2/Mirror_64787f14d1a665c3575521cb6b84d22e_fractured_10_piece_0.obj,Mirror_64787f14d1a665c3575521cb6b84d22e_fractured_10_piece_1.obj is not a valid directory, skipping.
Warning: /workspace/everyday_all_2/Mirror_64787f14d1a665c3575521cb6b84d22e_fractured_5_piece_0.obj,Mirror_64787f14d1a665c3575521cb6b84d22e_fractured_5_piece_1.obj is not a valid directory, skipping.
Warning: /workspace/everyday_all_2/Mirror_64787f14d1a665c3575521cb6b84d22e_fractured_22_piece_0.obj,Mirror_64787f14d1a665c3575521cb6b84d22e_fractured_22_piece_1.obj is not a valid directory, skipping.
Warning: /workspace/everyday_all_2/Mirror_64787f14d1a665c3575521cb6b84d22e_fractured_70_piece_0.obj,Mirror_64787f14d1a665c3575521cb6b84d22e_fractured_70_piece_1.obj is not a valid directory, skipping.
Warning: /workspace/everyday_all_2/Mirror_64787f14d1a665c3575521cb6b84d22e_fractured_77_piece_0.obj,Mirror_64787f14d1a665c3575521cb6b84d22e_fractured_77_piece_1.obj is not a valid directory, skipping.
Warning: /workspace/everyday_all_2/Cup_ae1c602ee16282224212ff51b27f0221_fractured_15_piece_0.obj,Cup_ae1c602ee16282224212ff51b27f0221_fractured_15_piece_1.obj is not a valid directory, skipping.
Warning: /workspace/everyday_all_2/Cup_ae1c602ee16282224212ff51b27f0221_fractured_77_piece_0.obj,Cup_ae1c602ee16282224212ff51b27f0221_fractured_77_piece_1.obj is not a valid directory, skipping.
Warning: /workspace/everyday_all_2/Cup_ae1c602ee16282224212ff51b27f0221_fractured_48_piece_0.obj,Cup_ae1c602ee16282224212ff51b27f0221_fractured_48_piece_1.obj is not a valid directory, skipping.
Warning: /workspace/everyday_all_2/Cup_ae1c602ee16282224212ff51b27f0221_fractured_72_piece_0.obj,Cup_ae1c602ee16282224212ff51b27f0221_fractured_72_piece_1.obj is not a valid directory, skipping.
Warning: /workspace/everyday_all_2/Cup_ae1c602ee16282224212ff51b27f0221_fractured_54_piece_0.obj,Cup_ae1c602ee16282224212ff51b27f0221_fractured_54_piece_1.obj is not a valid directory, skipping.
Warning: /workspace/everyday_all_2/Cup_ae1c602ee16282224212ff51b27f0221_fractured_40_piece_0.obj,Cup_ae1c602ee16282224212ff51b27f0221_fractured_40_piece_1.obj is not a valid directory, skipping.
Warning: /workspace/everyday_all_2/Cup_ae1c602ee16282224212ff51b27f0221_fractured_43_piece_0.obj,Cup_ae1c602ee16282224212ff51b27f0221_fractured_43_piece_1.obj is not a valid directory, skipping.
Warning: /workspace/everyday_all_2/Cup_ae1c602ee16282224212ff51b27f0221_fractured_75_piece_0.obj,Cup_ae1c602ee16282224212ff51b27f0221_fractured_75_piece_1.obj is not a valid directory, skipping.
Warning: /workspace/everyday_all_2/Cup_ae1c602ee16282224212ff51b27f0221_fractured_2_piece_0.obj,Cup_ae1c602ee16282224212ff51b27f0221_fractured_2_piece_1.obj is not a valid directory, skipping.
Warning: /workspace/everyday_all_2/Cup_ae1c602ee16282224212ff51b27f0221_fractured_3_piece_0.obj,Cup_ae1c602ee16282224212ff51b27f0221_fractured_3_piece_1.obj is not a valid directory, skipping.
Warning: /workspace/everyday_all_2/Cup_ae1c602ee16282224212ff51b27f0221_fractured_57_piece_0.obj,Cup_ae1c602ee16282224212ff51b27f0221_fractured_57_piece_1.obj is not a valid directory, skipping.
Warning: /workspace/everyday_all_2/Cup_ae1c602ee16282224212ff51b27f0221_fractured_19_piece_0.obj,Cup_ae1c602ee16282224212ff51b27f0221_fractured_19_piece_1.obj is not a valid directory, skipping.
Warning: /workspace/everyday_all_2/Cup_ae1c602ee16282224212ff51b27f0221_fractured_12_piece_0.obj,Cup_ae1c602ee16282224212ff51b27f0221_fractured_12_piece_1.obj is not a valid directory, skipping.
Warning: /workspace/everyday_all_2/Cup_ae1c602ee16282224212ff51b27f0221_fractured_62_piece_0.obj,Cup_ae1c602ee16282224212ff51b27f0221_fractured_62_piece_1.obj is not a valid directory, skipping.
Warning: /workspace/everyday_all_2/Cup_ae1c602ee16282224212ff51b27f0221_fractured_74_piece_0.obj,Cup_ae1c602ee16282224212ff51b27f0221_fractured_74_piece_1.obj is not a valid directory, skipping.
Warning: /workspace/everyday_all_2/Bowl_c5a2f2b387962f95efa86b03d795ce7f_mode_1_piece_0.obj,Bowl_c5a2f2b387962f95efa86b03d795ce7f_mode_1_piece_1.obj is not a valid directory, skipping.
Warning: /workspace/everyday_all_2/Bottle_7d41c6018862dc419d231837a704886d_fractured_46_piece_0.obj,Bottle_7d41c6018862dc419d231837a704886d_fractured_46_piece_1.obj is not a valid directory, skipping.
Warning: /workspace/everyday_all_2/Bottle_7d41c6018862dc419d231837a704886d_fractured_70_piece_0.obj,Bottle_7d41c6018862dc419d231837a704886d_fractured_70_piece_1.obj is not a valid directory, skipping.
Warning: /workspace/everyday_all_2/Bottle_7d41c6018862dc419d231837a704886d_fractured_40_piece_0.obj,Bottle_7d41c6018862dc419d231837a704886d_fractured_40_piece_1.obj is not a valid directory, skipping.
Warning: /workspace/everyday_all_2/Bottle_7d41c6018862dc419d231837a704886d_fractured_60_piece_0.obj,Bottle_7d41c6018862dc419d231837a704886d_fractured_60_piece_1.obj is not a valid directory, skipping.
Warning: /workspace/everyday_all_2/Bottle_7d41c6018862dc419d231837a704886d_fractured_57_piece_0.obj,Bottle_7d41c6018862dc419d231837a704886d_fractured_57_piece_1.obj is not a valid directory, skipping.
Warning: /workspace/everyday_all_2/Bottle_7d41c6018862dc419d231837a704886d_fractured_29_piece_0.obj,Bottle_7d41c6018862dc419d231837a704886d_fractured_29_piece_1.obj is not a valid directory, skipping.
Warning: /workspace/everyday_all_2/Bottle_7d41c6018862dc419d231837a704886d_fractured_58_piece_0.obj,Bottle_7d41c6018862dc419d231837a704886d_fractured_58_piece_1.obj is not a valid directory, skipping.
Warning: /workspace/everyday_all_2/Bottle_7d41c6018862dc419d231837a704886d_fractured_35_piece_0.obj,Bottle_7d41c6018862dc419d231837a704886d_fractured_35_piece_1.obj is not a valid directory, skipping.
Warning: /workspace/everyday_all_2/Bottle_7d41c6018862dc419d231837a704886d_fractured_48_piece_0.obj,Bottle_7d41c6018862dc419d231837a704886d_fractured_48_piece_1.obj is not a valid directory, skipping.
Warning: /workspace/everyday_all_2/Bottle_7d41c6018862dc419d231837a704886d_fractured_62_piece_0.obj,Bottle_7d41c6018862dc419d231837a704886d_fractured_62_piece_1.obj is not a valid directory, skipping.
Warning: /workspace/everyday_all_2/Bowl_9a52843cc89cd208362be90aaa182ec6_fractured_64_piece_0.obj,Bowl_9a52843cc89cd208362be90aaa182ec6_fractured_64_piece_1.obj is not a valid directory, skipping.
Warning: /workspace/everyday_all_2/Bowl_9a52843cc89cd208362be90aaa182ec6_fractured_6_piece_0.obj,Bowl_9a52843cc89cd208362be90aaa182ec6_fractured_6_piece_1.obj is not a valid directory, skipping.
Warning: /workspace/everyday_all_2/Bowl_9a52843cc89cd208362be90aaa182ec6_fractured_35_piece_0.obj,Bowl_9a52843cc89cd208362be90aaa182ec6_fractured_35_piece_1.obj is not a valid directory, skipping.
Warning: /workspace/everyday_all_2/Bowl_9a52843cc89cd208362be90aaa182ec6_fractured_56_piece_0.obj,Bowl_9a52843cc89cd208362be90aaa182ec6_fractured_56_piece_1.obj is not a valid directory, skipping.
Warning: /workspace/everyday_all_2/Bowl_9a52843cc89cd208362be90aaa182ec6_fractured_24_piece_0.obj,Bowl_9a52843cc89cd208362be90aaa182ec6_fractured_24_piece_1.obj is not a valid directory, skipping.
Warning: /workspace/everyday_all_2/Bowl_9a52843cc89cd208362be90aaa182ec6_fractured_55_piece_0.obj,Bowl_9a52843cc89cd208362be90aaa182ec6_fractured_55_piece_1.obj is not a valid directory, skipping.
Warning: /workspace/everyday_all_2/Bowl_9a52843cc89cd208362be90aaa182ec6_fractured_29_piece_0.obj,Bowl_9a52843cc89cd208362be90aaa182ec6_fractured_29_piece_1.obj is not a valid directory, skipping.
Warning: /workspace/everyday_all_2/Bowl_9a52843cc89cd208362be90aaa182ec6_fractured_62_piece_0.obj,Bowl_9a52843cc89cd208362be90aaa182ec6_fractured_62_piece_1.obj is not a valid directory, skipping.
Warning: /workspace/everyday_all_2/Bowl_9a52843cc89cd208362be90aaa182ec6_fractured_57_piece_0.obj,Bowl_9a52843cc89cd208362be90aaa182ec6_fractured_57_piece_1.obj is not a valid directory, skipping.
Warning: /workspace/everyday_all_2/Bowl_9a52843cc89cd208362be90aaa182ec6_fractured_76_piece_0.obj,Bowl_9a52843cc89cd208362be90aaa182ec6_fractured_76_piece_1.obj is not a valid directory, skipping.
Warning: /workspace/everyday_all_2/Bowl_9a52843cc89cd208362be90aaa182ec6_fractured_27_piece_0.obj,Bowl_9a52843cc89cd208362be90aaa182ec6_fractured_27_piece_1.obj is not a valid directory, skipping.
Warning: /workspace/everyday_all_2/BeerBottle_6da7fa9722b2a12d195232a03d04563a_fractured_52_piece_0.obj,BeerBottle_6da7fa9722b2a12d195232a03d04563a_fractured_52_piece_1.obj is not a valid directory, skipping.
Warning: /workspace/everyday_all_2/BeerBottle_6da7fa9722b2a12d195232a03d04563a_fractured_11_piece_0.obj,BeerBottle_6da7fa9722b2a12d195232a03d04563a_fractured_11_piece_1.obj is not a valid directory, skipping.
Warning: /workspace/everyday_all_2/BeerBottle_6da7fa9722b2a12d195232a03d04563a_fractured_57_piece_0.obj,BeerBottle_6da7fa9722b2a12d195232a03d04563a_fractured_57_piece_1.obj is not a valid directory, skipping.
Warning: /workspace/everyday_all_2/BeerBottle_6da7fa9722b2a12d195232a03d04563a_fractured_31_piece_0.obj,BeerBottle_6da7fa9722b2a12d195232a03d04563a_fractured_31_piece_1.obj is not a valid directory, skipping.
Warning: /workspace/everyday_all_2/BeerBottle_6da7fa9722b2a12d195232a03d04563a_fractured_79_piece_0.obj,BeerBottle_6da7fa9722b2a12d195232a03d04563a_fractured_79_piece_1.obj is not a valid directory, skipping.
Warning: /workspace/everyday_all_2/BeerBottle_6da7fa9722b2a12d195232a03d04563a_fractured_59_piece_0.obj,BeerBottle_6da7fa9722b2a12d195232a03d04563a_fractured_59_piece_1.obj is not a valid directory, skipping.
Warning: /workspace/everyday_all_2/BeerBottle_6da7fa9722b2a12d195232a03d04563a_fractured_7_piece_0.obj,BeerBottle_6da7fa9722b2a12d195232a03d04563a_fractured_7_piece_1.obj is not a valid directory, skipping.
Warning: /workspace/everyday_all_2/BeerBottle_6da7fa9722b2a12d195232a03d04563a_fractured_4_piece_0.obj,BeerBottle_6da7fa9722b2a12d195232a03d04563a_fractured_4_piece_1.obj is not a valid directory, skipping.
Warning: /workspace/everyday_all_2/BeerBottle_6da7fa9722b2a12d195232a03d04563a_fractured_28_piece_0.obj,BeerBottle_6da7fa9722b2a12d195232a03d04563a_fractured_28_piece_1.obj is not a valid directory, skipping.
Warning: /workspace/everyday_all_2/BeerBottle_6da7fa9722b2a12d195232a03d04563a_fractured_13_piece_0.obj,BeerBottle_6da7fa9722b2a12d195232a03d04563a_fractured_13_piece_1.obj is not a valid directory, skipping.
Warning: /workspace/everyday_all_2/BeerBottle_6da7fa9722b2a12d195232a03d04563a_fractured_66_piece_0.obj,BeerBottle_6da7fa9722b2a12d195232a03d04563a_fractured_66_piece_1.obj is not a valid directory, skipping.
Warning: /workspace/everyday_all_2/BeerBottle_6da7fa9722b2a12d195232a03d04563a_fractured_62_piece_0.obj,BeerBottle_6da7fa9722b2a12d195232a03d04563a_fractured_62_piece_1.obj is not a valid directory, skipping.
Warning: /workspace/everyday_all_2/BeerBottle_6da7fa9722b2a12d195232a03d04563a_fractured_0_piece_0.obj,BeerBottle_6da7fa9722b2a12d195232a03d04563a_fractured_0_piece_1.obj is not a valid directory, skipping.
Warning: /workspace/everyday_all_2/Mug_187859d3c3a2fd23f54e1b6f41fdd78a_fractured_41_piece_0.obj,Mug_187859d3c3a2fd23f54e1b6f41fdd78a_fractured_41_piece_1.obj is not a valid directory, skipping.
Warning: /workspace/everyday_all_2/Mug_187859d3c3a2fd23f54e1b6f41fdd78a_fractured_42_piece_0.obj,Mug_187859d3c3a2fd23f54e1b6f41fdd78a_fractured_42_piece_1.obj is not a valid directory, skipping.
Warning: /workspace/everyday_all_2/Mug_187859d3c3a2fd23f54e1b6f41fdd78a_fractured_54_piece_0.obj,Mug_187859d3c3a2fd23f54e1b6f41fdd78a_fractured_54_piece_1.obj is not a valid directory, skipping.
Warning: /workspace/everyday_all_2/Mug_187859d3c3a2fd23f54e1b6f41fdd78a_fractured_20_piece_0.obj,Mug_187859d3c3a2fd23f54e1b6f41fdd78a_fractured_20_piece_1.obj is not a valid directory, skipping.
Warning: /workspace/everyday_all_2/Mug_187859d3c3a2fd23f54e1b6f41fdd78a_fractured_61_piece_0.obj,Mug_187859d3c3a2fd23f54e1b6f41fdd78a_fractured_61_piece_1.obj is not a valid directory, skipping.
Warning: /workspace/everyday_all_2/Mug_187859d3c3a2fd23f54e1b6f41fdd78a_fractured_10_piece_0.obj,Mug_187859d3c3a2fd23f54e1b6f41fdd78a_fractured_10_piece_1.obj is not a valid directory, skipping.
Warning: /workspace/everyday_all_2/Mug_187859d3c3a2fd23f54e1b6f41fdd78a_fractured_78_piece_0.obj,Mug_187859d3c3a2fd23f54e1b6f41fdd78a_fractured_78_piece_1.obj is not a valid directory, skipping.
Warning: /workspace/everyday_all_2/Mug_187859d3c3a2fd23f54e1b6f41fdd78a_fractured_44_piece_0.obj,Mug_187859d3c3a2fd23f54e1b6f41fdd78a_fractured_44_piece_1.obj is not a valid directory, skipping.
Warning: /workspace/everyday_all_2/Mug_187859d3c3a2fd23f54e1b6f41fdd78a_fractured_13_piece_0.obj,Mug_187859d3c3a2fd23f54e1b6f41fdd78a_fractured_13_piece_1.obj is not a valid directory, skipping.
Warning: /workspace/everyday_all_2/Mug_187859d3c3a2fd23f54e1b6f41fdd78a_fractured_37_piece_0.obj,Mug_187859d3c3a2fd23f54e1b6f41fdd78a_fractured_37_piece_1.obj is not a valid directory, skipping.
Warning: /workspace/everyday_all_2/Mug_187859d3c3a2fd23f54e1b6f41fdd78a_fractured_16_piece_0.obj,Mug_187859d3c3a2fd23f54e1b6f41fdd78a_fractured_16_piece_1.obj is not a valid directory, skipping.
Warning: /workspace/everyday_all_2/Mug_187859d3c3a2fd23f54e1b6f41fdd78a_fractured_38_piece_0.obj,Mug_187859d3c3a2fd23f54e1b6f41fdd78a_fractured_38_piece_1.obj is not a valid directory, skipping.
Warning: /workspace/everyday_all_2/Mug_e984fd7e97c2be347eaeab1f0c9120b7_fractured_64_piece_0.obj,Mug_e984fd7e97c2be347eaeab1f0c9120b7_fractured_64_piece_1.obj is not a valid directory, skipping.
Warning: /workspace/everyday_all_2/Mug_e984fd7e97c2be347eaeab1f0c9120b7_fractured_60_piece_0.obj,Mug_e984fd7e97c2be347eaeab1f0c9120b7_fractured_60_piece_1.obj is not a valid directory, skipping.
Warning: /workspace/everyday_all_2/Mug_e984fd7e97c2be347eaeab1f0c9120b7_fractured_78_piece_0.obj,Mug_e984fd7e97c2be347eaeab1f0c9120b7_fractured_78_piece_1.obj is not a valid directory, skipping.
Warning: /workspace/everyday_all_2/Mug_e984fd7e97c2be347eaeab1f0c9120b7_fractured_67_piece_0.obj,Mug_e984fd7e97c2be347eaeab1f0c9120b7_fractured_67_piece_1.obj is not a valid directory, skipping.
Warning: /workspace/everyday_all_2/Mug_e984fd7e97c2be347eaeab1f0c9120b7_fractured_50_piece_0.obj,Mug_e984fd7e97c2be347eaeab1f0c9120b7_fractured_50_piece_1.obj is not a valid directory, skipping.
Warning: /workspace/everyday_all_2/Mug_e984fd7e97c2be347eaeab1f0c9120b7_fractured_38_piece_0.obj,Mug_e984fd7e97c2be347eaeab1f0c9120b7_fractured_38_piece_1.obj is not a valid directory, skipping.
Warning: /workspace/everyday_all_2/Mug_e984fd7e97c2be347eaeab1f0c9120b7_fractured_2_piece_0.obj,Mug_e984fd7e97c2be347eaeab1f0c9120b7_fractured_2_piece_1.obj is not a valid directory, skipping.
Warning: /workspace/everyday_all_2/Mug_e984fd7e97c2be347eaeab1f0c9120b7_fractured_75_piece_0.obj,Mug_e984fd7e97c2be347eaeab1f0c9120b7_fractured_75_piece_1.obj is not a valid directory, skipping.
Warning: /workspace/everyday_all_2/WineBottle_7746997b8cfd8d11f4718731863dd64d_fractured_28_piece_0.obj,WineBottle_7746997b8cfd8d11f4718731863dd64d_fractured_28_piece_1.obj is not a valid directory, skipping.
Warning: /workspace/everyday_all_2/WineBottle_7746997b8cfd8d11f4718731863dd64d_fractured_17_piece_0.obj,WineBottle_7746997b8cfd8d11f4718731863dd64d_fractured_17_piece_1.obj is not a valid directory, skipping.
Warning: /workspace/everyday_all_2/WineBottle_7746997b8cfd8d11f4718731863dd64d_fractured_40_piece_0.obj,WineBottle_7746997b8cfd8d11f4718731863dd64d_fractured_40_piece_1.obj is not a valid directory, skipping.
Warning: /workspace/everyday_all_2/WineBottle_7746997b8cfd8d11f4718731863dd64d_fractured_23_piece_0.obj,WineBottle_7746997b8cfd8d11f4718731863dd64d_fractured_23_piece_1.obj is not a valid directory, skipping.
Warning: /workspace/everyday_all_2/WineBottle_7746997b8cfd8d11f4718731863dd64d_fractured_42_piece_0.obj,WineBottle_7746997b8cfd8d11f4718731863dd64d_fractured_42_piece_1.obj is not a valid directory, skipping.
Warning: /workspace/everyday_all_2/WineBottle_7746997b8cfd8d11f4718731863dd64d_fractured_26_piece_0.obj,WineBottle_7746997b8cfd8d11f4718731863dd64d_fractured_26_piece_1.obj is not a valid directory, skipping.
Warning: /workspace/everyday_all_2/Ring_2b0b9efff714f07883a2aadcb43f06a6_fractured_53_piece_0.obj,Ring_2b0b9efff714f07883a2aadcb43f06a6_fractured_53_piece_1.obj is not a valid directory, skipping.
Warning: /workspace/everyday_all_2/Ring_2b0b9efff714f07883a2aadcb43f06a6_fractured_57_piece_0.obj,Ring_2b0b9efff714f07883a2aadcb43f06a6_fractured_57_piece_1.obj is not a valid directory, skipping.
Warning: /workspace/everyday_all_2/Ring_2b0b9efff714f07883a2aadcb43f06a6_fractured_27_piece_0.obj,Ring_2b0b9efff714f07883a2aadcb43f06a6_fractured_27_piece_1.obj is not a valid directory, skipping.
Warning: /workspace/everyday_all_2/Ring_2b0b9efff714f07883a2aadcb43f06a6_fractured_74_piece_0.obj,Ring_2b0b9efff714f07883a2aadcb43f06a6_fractured_74_piece_1.obj is not a valid directory, skipping.
Warning: /workspace/everyday_all_2/Plate_7_fractured_24_piece_0.obj,Plate_7_fractured_24_piece_1.obj is not a valid directory, skipping.
Warning: /workspace/everyday_all_2/Plate_7_fractured_13_piece_0.obj,Plate_7_fractured_13_piece_1.obj is not a valid directory, skipping.
Warning: /workspace/everyday_all_2/Plate_7_fractured_57_piece_0.obj,Plate_7_fractured_57_piece_1.obj is not a valid directory, skipping.
Warning: /workspace/everyday_all_2/Plate_7_fractured_71_piece_0.obj,Plate_7_fractured_71_piece_1.obj is not a valid directory, skipping.
Warning: /workspace/everyday_all_2/Plate_7_fractured_38_piece_0.obj,Plate_7_fractured_38_piece_1.obj is not a valid directory, skipping.
Warning: /workspace/everyday_all_2/Plate_7_fractured_11_piece_0.obj,Plate_7_fractured_11_piece_1.obj is not a valid directory, skipping.
Warning: /workspace/everyday_all_2/Plate_7_fractured_18_piece_0.obj,Plate_7_fractured_18_piece_1.obj is not a valid directory, skipping.
Warning: /workspace/everyday_all_2/Plate_7_fractured_59_piece_0.obj,Plate_7_fractured_59_piece_1.obj is not a valid directory, skipping.
Warning: /workspace/everyday_all_2/Plate_7_fractured_69_piece_0.obj,Plate_7_fractured_69_piece_1.obj is not a valid directory, skipping.
Warning: /workspace/everyday_all_2/Plate_7_fractured_49_piece_0.obj,Plate_7_fractured_49_piece_1.obj is not a valid directory, skipping.
Warning: /workspace/everyday_all_2/Vase_d1f9e06eeb9e5fe237af722b64576c2_fractured_58_piece_1.obj,Vase_d1f9e06eeb9e5fe237af722b64576c2_fractured_58_piece_0.obj is not a valid directory, skipping.
Warning: /workspace/everyday_all_2/Vase_d1f9e06eeb9e5fe237af722b64576c2_fractured_3_piece_0.obj,Vase_d1f9e06eeb9e5fe237af722b64576c2_fractured_3_piece_1.obj is not a valid directory, skipping.
Warning: /workspace/everyday_all_2/Vase_d1f9e06eeb9e5fe237af722b64576c2_fractured_53_piece_0.obj,Vase_d1f9e06eeb9e5fe237af722b64576c2_fractured_53_piece_1.obj is not a valid directory, skipping.
Warning: /workspace/everyday_all_2/Vase_d1f9e06eeb9e5fe237af722b64576c2_fractured_55_piece_0.obj,Vase_d1f9e06eeb9e5fe237af722b64576c2_fractured_55_piece_1.obj is not a valid directory, skipping.
Warning: /workspace/everyday_all_2/Vase_d1f9e06eeb9e5fe237af722b64576c2_fractured_33_piece_1.obj,Vase_d1f9e06eeb9e5fe237af722b64576c2_fractured_33_piece_0.obj is not a valid directory, skipping.
Warning: /workspace/everyday_all_2/Vase_d1f9e06eeb9e5fe237af722b64576c2_fractured_41_piece_0.obj,Vase_d1f9e06eeb9e5fe237af722b64576c2_fractured_41_piece_1.obj is not a valid directory, skipping.
Warning: /workspace/everyday_all_2/Vase_d1f9e06eeb9e5fe237af722b64576c2_fractured_17_piece_1.obj,Vase_d1f9e06eeb9e5fe237af722b64576c2_fractured_17_piece_0.obj is not a valid directory, skipping.
Warning: /workspace/everyday_all_2/Vase_d1f9e06eeb9e5fe237af722b64576c2_fractured_37_piece_1.obj,Vase_d1f9e06eeb9e5fe237af722b64576c2_fractured_37_piece_0.obj is not a valid directory, skipping.
Warning: /workspace/everyday_all_2/Vase_d1f9e06eeb9e5fe237af722b64576c2_fractured_72_piece_0.obj,Vase_d1f9e06eeb9e5fe237af722b64576c2_fractured_72_piece_1.obj is not a valid directory, skipping.
Warning: /workspace/everyday_all_2/Vase_d1f9e06eeb9e5fe237af722b64576c2_fractured_21_piece_0.obj,Vase_d1f9e06eeb9e5fe237af722b64576c2_fractured_21_piece_1.obj is not a valid directory, skipping.
Warning: /workspace/everyday_all_2/Mug_23fb2a2231263e261a9ac99425d3b306_fractured_12_piece_0.obj,Mug_23fb2a2231263e261a9ac99425d3b306_fractured_12_piece_1.obj is not a valid directory, skipping.
Warning: /workspace/everyday_all_2/Mug_23fb2a2231263e261a9ac99425d3b306_fractured_76_piece_0.obj,Mug_23fb2a2231263e261a9ac99425d3b306_fractured_76_piece_1.obj is not a valid directory, skipping.
Warning: /workspace/everyday_all_2/Mug_23fb2a2231263e261a9ac99425d3b306_fractured_75_piece_0.obj,Mug_23fb2a2231263e261a9ac99425d3b306_fractured_75_piece_1.obj is not a valid directory, skipping.
Warning: /workspace/everyday_all_2/Mug_23fb2a2231263e261a9ac99425d3b306_fractured_69_piece_0.obj,Mug_23fb2a2231263e261a9ac99425d3b306_fractured_69_piece_1.obj is not a valid directory, skipping.
Warning: /workspace/everyday_all_2/Mug_23fb2a2231263e261a9ac99425d3b306_fractured_68_piece_0.obj,Mug_23fb2a2231263e261a9ac99425d3b306_fractured_68_piece_1.obj is not a valid directory, skipping.
Warning: /workspace/everyday_all_2/Mug_23fb2a2231263e261a9ac99425d3b306_fractured_52_piece_0.obj,Mug_23fb2a2231263e261a9ac99425d3b306_fractured_52_piece_1.obj is not a valid directory, skipping.
Warning: /workspace/everyday_all_2/Mug_23fb2a2231263e261a9ac99425d3b306_fractured_55_piece_0.obj,Mug_23fb2a2231263e261a9ac99425d3b306_fractured_55_piece_1.obj is not a valid directory, skipping.
Warning: /workspace/everyday_all_2/Mug_23fb2a2231263e261a9ac99425d3b306_fractured_35_piece_0.obj,Mug_23fb2a2231263e261a9ac99425d3b306_fractured_35_piece_1.obj is not a valid directory, skipping.
Warning: /workspace/everyday_all_2/Mug_23fb2a2231263e261a9ac99425d3b306_fractured_40_piece_0.obj,Mug_23fb2a2231263e261a9ac99425d3b306_fractured_40_piece_1.obj is not a valid directory, skipping.
Warning: /workspace/everyday_all_2/Mug_23fb2a2231263e261a9ac99425d3b306_fractured_46_piece_0.obj,Mug_23fb2a2231263e261a9ac99425d3b306_fractured_46_piece_1.obj is not a valid directory, skipping.
Warning: /workspace/everyday_all_2/Mug_23fb2a2231263e261a9ac99425d3b306_fractured_65_piece_0.obj,Mug_23fb2a2231263e261a9ac99425d3b306_fractured_65_piece_1.obj is not a valid directory, skipping.
Warning: /workspace/everyday_all_2/Mug_23fb2a2231263e261a9ac99425d3b306_fractured_13_piece_0.obj,Mug_23fb2a2231263e261a9ac99425d3b306_fractured_13_piece_1.obj is not a valid directory, skipping.
Warning: /workspace/everyday_all_2/Mug_23fb2a2231263e261a9ac99425d3b306_fractured_43_piece_0.obj,Mug_23fb2a2231263e261a9ac99425d3b306_fractured_43_piece_1.obj is not a valid directory, skipping.
Warning: /workspace/everyday_all_2/Mug_23fb2a2231263e261a9ac99425d3b306_fractured_20_piece_0.obj,Mug_23fb2a2231263e261a9ac99425d3b306_fractured_20_piece_1.obj is not a valid directory, skipping.
Warning: /workspace/everyday_all_2/Vase_17b6b2b09458f1a435836c728d324152_fractured_19_piece_0.obj,Vase_17b6b2b09458f1a435836c728d324152_fractured_19_piece_1.obj is not a valid directory, skipping.
Warning: /workspace/everyday_all_2/Vase_17b6b2b09458f1a435836c728d324152_fractured_40_piece_1.obj,Vase_17b6b2b09458f1a435836c728d324152_fractured_40_piece_0.obj is not a valid directory, skipping.
Warning: /workspace/everyday_all_2/Vase_17b6b2b09458f1a435836c728d324152_fractured_5_piece_0.obj,Vase_17b6b2b09458f1a435836c728d324152_fractured_5_piece_1.obj is not a valid directory, skipping.
Warning: /workspace/everyday_all_2/Vase_17b6b2b09458f1a435836c728d324152_fractured_63_piece_0.obj,Vase_17b6b2b09458f1a435836c728d324152_fractured_63_piece_1.obj is not a valid directory, skipping.
Warning: /workspace/everyday_all_2/Bottle_e593aa021f3fa324530647fc03dd20dc_mode_1_piece_0.obj,Bottle_e593aa021f3fa324530647fc03dd20dc_mode_1_piece_1.obj is not a valid directory, skipping.
Warning: /workspace/everyday_all_2/Plate_fbc3702c344581fc5dca6305fb9f97ca_fractured_76_piece_0.obj,Plate_fbc3702c344581fc5dca6305fb9f97ca_fractured_76_piece_1.obj is not a valid directory, skipping.
Warning: /workspace/everyday_all_2/Plate_fbc3702c344581fc5dca6305fb9f97ca_fractured_74_piece_0.obj,Plate_fbc3702c344581fc5dca6305fb9f97ca_fractured_74_piece_1.obj is not a valid directory, skipping.
Warning: /workspace/everyday_all_2/Plate_fbc3702c344581fc5dca6305fb9f97ca_fractured_8_piece_0.obj,Plate_fbc3702c344581fc5dca6305fb9f97ca_fractured_8_piece_1.obj is not a valid directory, skipping.
Warning: /workspace/everyday_all_2/Plate_fbc3702c344581fc5dca6305fb9f97ca_fractured_35_piece_0.obj,Plate_fbc3702c344581fc5dca6305fb9f97ca_fractured_35_piece_1.obj is not a valid directory, skipping.
Warning: /workspace/everyday_all_2/Plate_fbc3702c344581fc5dca6305fb9f97ca_fractured_51_piece_0.obj,Plate_fbc3702c344581fc5dca6305fb9f97ca_fractured_51_piece_1.obj is not a valid directory, skipping.
Warning: /workspace/everyday_all_2/Plate_fbc3702c344581fc5dca6305fb9f97ca_fractured_69_piece_0.obj,Plate_fbc3702c344581fc5dca6305fb9f97ca_fractured_69_piece_1.obj is not a valid directory, skipping.
Warning: /workspace/everyday_all_2/Plate_fbc3702c344581fc5dca6305fb9f97ca_fractured_12_piece_0.obj,Plate_fbc3702c344581fc5dca6305fb9f97ca_fractured_12_piece_1.obj is not a valid directory, skipping.
Warning: /workspace/everyday_all_2/Plate_fbc3702c344581fc5dca6305fb9f97ca_fractured_39_piece_0.obj,Plate_fbc3702c344581fc5dca6305fb9f97ca_fractured_39_piece_1.obj is not a valid directory, skipping.
Warning: /workspace/everyday_all_2/Plate_fbc3702c344581fc5dca6305fb9f97ca_fractured_56_piece_0.obj,Plate_fbc3702c344581fc5dca6305fb9f97ca_fractured_56_piece_1.obj is not a valid directory, skipping.
Warning: /workspace/everyday_all_2/DrinkingUtensil_50651245d23db6bfd4c7c9add3ce42f3_fractured_2_piece_0.obj,DrinkingUtensil_50651245d23db6bfd4c7c9add3ce42f3_fractured_2_piece_1.obj is not a valid directory, skipping.
Warning: /workspace/everyday_all_2/DrinkingUtensil_50651245d23db6bfd4c7c9add3ce42f3_fractured_43_piece_0.obj,DrinkingUtensil_50651245d23db6bfd4c7c9add3ce42f3_fractured_43_piece_1.obj is not a valid directory, skipping.
Warning: /workspace/everyday_all_2/DrinkingUtensil_50651245d23db6bfd4c7c9add3ce42f3_fractured_50_piece_0.obj,DrinkingUtensil_50651245d23db6bfd4c7c9add3ce42f3_fractured_50_piece_1.obj is not a valid directory, skipping.
Warning: /workspace/everyday_all_2/DrinkingUtensil_50651245d23db6bfd4c7c9add3ce42f3_fractured_64_piece_0.obj,DrinkingUtensil_50651245d23db6bfd4c7c9add3ce42f3_fractured_64_piece_1.obj is not a valid directory, skipping.
Warning: /workspace/everyday_all_2/DrinkingUtensil_50651245d23db6bfd4c7c9add3ce42f3_fractured_33_piece_0.obj,DrinkingUtensil_50651245d23db6bfd4c7c9add3ce42f3_fractured_33_piece_1.obj is not a valid directory, skipping.
Warning: /workspace/everyday_all_2/DrinkingUtensil_50651245d23db6bfd4c7c9add3ce42f3_fractured_14_piece_0.obj,DrinkingUtensil_50651245d23db6bfd4c7c9add3ce42f3_fractured_14_piece_1.obj is not a valid directory, skipping.
Warning: /workspace/everyday_all_2/Vase_5a18998cfe6c75263e3e7e4207e4f102_fractured_1_piece_0.obj,Vase_5a18998cfe6c75263e3e7e4207e4f102_fractured_1_piece_1.obj is not a valid directory, skipping.
Warning: /workspace/everyday_all_2/Vase_5a18998cfe6c75263e3e7e4207e4f102_fractured_53_piece_0.obj,Vase_5a18998cfe6c75263e3e7e4207e4f102_fractured_53_piece_1.obj is not a valid directory, skipping.
Warning: /workspace/everyday_all_2/Vase_5a18998cfe6c75263e3e7e4207e4f102_fractured_21_piece_0.obj,Vase_5a18998cfe6c75263e3e7e4207e4f102_fractured_21_piece_1.obj is not a valid directory, skipping.
Warning: /workspace/everyday_all_2/Vase_5a18998cfe6c75263e3e7e4207e4f102_fractured_29_piece_0.obj,Vase_5a18998cfe6c75263e3e7e4207e4f102_fractured_29_piece_1.obj is not a valid directory, skipping.
Warning: /workspace/everyday_all_2/Vase_5a18998cfe6c75263e3e7e4207e4f102_fractured_39_piece_0.obj,Vase_5a18998cfe6c75263e3e7e4207e4f102_fractured_39_piece_1.obj is not a valid directory, skipping.
Warning: /workspace/everyday_all_2/Vase_5a18998cfe6c75263e3e7e4207e4f102_fractured_49_piece_0.obj,Vase_5a18998cfe6c75263e3e7e4207e4f102_fractured_49_piece_1.obj is not a valid directory, skipping.
Warning: /workspace/everyday_all_2/Vase_5a18998cfe6c75263e3e7e4207e4f102_fractured_62_piece_0.obj,Vase_5a18998cfe6c75263e3e7e4207e4f102_fractured_62_piece_1.obj is not a valid directory, skipping.
Warning: /workspace/everyday_all_2/Vase_5a18998cfe6c75263e3e7e4207e4f102_fractured_43_piece_0.obj,Vase_5a18998cfe6c75263e3e7e4207e4f102_fractured_43_piece_1.obj is not a valid directory, skipping.
Warning: /workspace/everyday_all_2/Vase_5a18998cfe6c75263e3e7e4207e4f102_fractured_60_piece_0.obj,Vase_5a18998cfe6c75263e3e7e4207e4f102_fractured_60_piece_1.obj is not a valid directory, skipping.
Warning: /workspace/everyday_all_2/Bowl_7ebbe5e7d05da436f926435cc723d8ad_mode_1_piece_0.obj,Bowl_7ebbe5e7d05da436f926435cc723d8ad_mode_1_piece_1.obj is not a valid directory, skipping.
Warning: /workspace/everyday_all_2/Vase_32e863f0d34384cc7ad908dd9229dac8_fractured_5_piece_0.obj,Vase_32e863f0d34384cc7ad908dd9229dac8_fractured_5_piece_1.obj is not a valid directory, skipping.
Warning: /workspace/everyday_all_2/Vase_32e863f0d34384cc7ad908dd9229dac8_fractured_59_piece_1.obj,Vase_32e863f0d34384cc7ad908dd9229dac8_fractured_59_piece_0.obj is not a valid directory, skipping.
Warning: /workspace/everyday_all_2/Vase_32e863f0d34384cc7ad908dd9229dac8_fractured_37_piece_0.obj,Vase_32e863f0d34384cc7ad908dd9229dac8_fractured_37_piece_1.obj is not a valid directory, skipping.
Warning: /workspace/everyday_all_2/Vase_32e863f0d34384cc7ad908dd9229dac8_fractured_7_piece_0.obj,Vase_32e863f0d34384cc7ad908dd9229dac8_fractured_7_piece_1.obj is not a valid directory, skipping.
Warning: /workspace/everyday_all_2/Vase_32e863f0d34384cc7ad908dd9229dac8_fractured_9_piece_1.obj,Vase_32e863f0d34384cc7ad908dd9229dac8_fractured_9_piece_0.obj is not a valid directory, skipping.
Warning: /workspace/everyday_all_2/Vase_32e863f0d34384cc7ad908dd9229dac8_fractured_75_piece_0.obj,Vase_32e863f0d34384cc7ad908dd9229dac8_fractured_75_piece_1.obj is not a valid directory, skipping.
Warning: /workspace/everyday_all_2/Vase_32e863f0d34384cc7ad908dd9229dac8_fractured_57_piece_0.obj,Vase_32e863f0d34384cc7ad908dd9229dac8_fractured_57_piece_1.obj is not a valid directory, skipping.
Warning: /workspace/everyday_all_2/Vase_32e863f0d34384cc7ad908dd9229dac8_fractured_45_piece_0.obj,Vase_32e863f0d34384cc7ad908dd9229dac8_fractured_45_piece_1.obj is not a valid directory, skipping.
Warning: /workspace/everyday_all_2/Vase_32e863f0d34384cc7ad908dd9229dac8_fractured_66_piece_0.obj,Vase_32e863f0d34384cc7ad908dd9229dac8_fractured_66_piece_1.obj is not a valid directory, skipping.
Warning: /workspace/everyday_all_2/Vase_32e863f0d34384cc7ad908dd9229dac8_fractured_74_piece_1.obj,Vase_32e863f0d34384cc7ad908dd9229dac8_fractured_74_piece_0.obj is not a valid directory, skipping.
Warning: /workspace/everyday_all_2/Vase_32e863f0d34384cc7ad908dd9229dac8_fractured_51_piece_1.obj,Vase_32e863f0d34384cc7ad908dd9229dac8_fractured_51_piece_0.obj is not a valid directory, skipping.
Warning: /workspace/everyday_all_2/Vase_32e863f0d34384cc7ad908dd9229dac8_fractured_18_piece_1.obj,Vase_32e863f0d34384cc7ad908dd9229dac8_fractured_18_piece_0.obj is not a valid directory, skipping.
Warning: /workspace/everyday_all_2/Vase_32e863f0d34384cc7ad908dd9229dac8_fractured_69_piece_0.obj,Vase_32e863f0d34384cc7ad908dd9229dac8_fractured_69_piece_1.obj is not a valid directory, skipping.
Warning: /workspace/everyday_all_2/Vase_32e863f0d34384cc7ad908dd9229dac8_fractured_76_piece_0.obj,Vase_32e863f0d34384cc7ad908dd9229dac8_fractured_76_piece_1.obj is not a valid directory, skipping.
Warning: /workspace/everyday_all_2/Vase_32e863f0d34384cc7ad908dd9229dac8_fractured_13_piece_0.obj,Vase_32e863f0d34384cc7ad908dd9229dac8_fractured_13_piece_1.obj is not a valid directory, skipping.
Warning: /workspace/everyday_all_2/Vase_32e863f0d34384cc7ad908dd9229dac8_fractured_15_piece_1.obj,Vase_32e863f0d34384cc7ad908dd9229dac8_fractured_15_piece_0.obj is not a valid directory, skipping.
Warning: /workspace/everyday_all_2/Vase_32e863f0d34384cc7ad908dd9229dac8_fractured_20_piece_0.obj,Vase_32e863f0d34384cc7ad908dd9229dac8_fractured_20_piece_1.obj is not a valid directory, skipping.
Warning: /workspace/everyday_all_2/Vase_32e863f0d34384cc7ad908dd9229dac8_fractured_71_piece_0.obj,Vase_32e863f0d34384cc7ad908dd9229dac8_fractured_71_piece_1.obj is not a valid directory, skipping.
Warning: /workspace/everyday_all_2/Vase_9e7a60f4338bd4f382dcf870385fe09e_fractured_17_piece_1.obj,Vase_9e7a60f4338bd4f382dcf870385fe09e_fractured_17_piece_0.obj is not a valid directory, skipping.
Warning: /workspace/everyday_all_2/Vase_9e7a60f4338bd4f382dcf870385fe09e_fractured_29_piece_0.obj,Vase_9e7a60f4338bd4f382dcf870385fe09e_fractured_29_piece_1.obj is not a valid directory, skipping.
Warning: /workspace/everyday_all_2/Vase_9e7a60f4338bd4f382dcf870385fe09e_fractured_59_piece_0.obj,Vase_9e7a60f4338bd4f382dcf870385fe09e_fractured_59_piece_1.obj is not a valid directory, skipping.
Warning: /workspace/everyday_all_2/Vase_9e7a60f4338bd4f382dcf870385fe09e_fractured_33_piece_1.obj,Vase_9e7a60f4338bd4f382dcf870385fe09e_fractured_33_piece_0.obj is not a valid directory, skipping.
Warning: /workspace/everyday_all_2/Vase_9e7a60f4338bd4f382dcf870385fe09e_fractured_7_piece_0.obj,Vase_9e7a60f4338bd4f382dcf870385fe09e_fractured_7_piece_1.obj is not a valid directory, skipping.
Warning: /workspace/everyday_all_2/Vase_9e7a60f4338bd4f382dcf870385fe09e_fractured_61_piece_1.obj,Vase_9e7a60f4338bd4f382dcf870385fe09e_fractured_61_piece_0.obj is not a valid directory, skipping.
Warning: /workspace/everyday_all_2/Vase_9e7a60f4338bd4f382dcf870385fe09e_fractured_52_piece_0.obj,Vase_9e7a60f4338bd4f382dcf870385fe09e_fractured_52_piece_1.obj is not a valid directory, skipping.
Warning: /workspace/everyday_all_2/Vase_9e7a60f4338bd4f382dcf870385fe09e_fractured_58_piece_1.obj,Vase_9e7a60f4338bd4f382dcf870385fe09e_fractured_58_piece_0.obj is not a valid directory, skipping.
Warning: /workspace/everyday_all_2/Vase_9e7a60f4338bd4f382dcf870385fe09e_fractured_57_piece_0.obj,Vase_9e7a60f4338bd4f382dcf870385fe09e_fractured_57_piece_1.obj is not a valid directory, skipping.
Warning: /workspace/everyday_all_2/Vase_9e7a60f4338bd4f382dcf870385fe09e_fractured_50_piece_1.obj,Vase_9e7a60f4338bd4f382dcf870385fe09e_fractured_50_piece_0.obj is not a valid directory, skipping.
Warning: /workspace/everyday_all_2/Vase_9e7a60f4338bd4f382dcf870385fe09e_fractured_56_piece_0.obj,Vase_9e7a60f4338bd4f382dcf870385fe09e_fractured_56_piece_1.obj is not a valid directory, skipping.
Warning: /workspace/everyday_all_2/Vase_9e7a60f4338bd4f382dcf870385fe09e_fractured_38_piece_0.obj,Vase_9e7a60f4338bd4f382dcf870385fe09e_fractured_38_piece_1.obj is not a valid directory, skipping.
Warning: /workspace/everyday_all_2/Vase_9e7a60f4338bd4f382dcf870385fe09e_fractured_36_piece_1.obj,Vase_9e7a60f4338bd4f382dcf870385fe09e_fractured_36_piece_0.obj is not a valid directory, skipping.
Warning: /workspace/everyday_all_2/Vase_9e7a60f4338bd4f382dcf870385fe09e_fractured_76_piece_0.obj,Vase_9e7a60f4338bd4f382dcf870385fe09e_fractured_76_piece_1.obj is not a valid directory, skipping.
Warning: /workspace/everyday_all_2/Vase_9e7a60f4338bd4f382dcf870385fe09e_fractured_70_piece_0.obj,Vase_9e7a60f4338bd4f382dcf870385fe09e_fractured_70_piece_1.obj is not a valid directory, skipping.
Warning: /workspace/everyday_all_2/WineGlass_560807ead8bcbebf94bbacc83c160625_fractured_51_piece_0.obj,WineGlass_560807ead8bcbebf94bbacc83c160625_fractured_51_piece_1.obj is not a valid directory, skipping.
Warning: /workspace/everyday_all_2/WineGlass_560807ead8bcbebf94bbacc83c160625_fractured_55_piece_0.obj,WineGlass_560807ead8bcbebf94bbacc83c160625_fractured_55_piece_1.obj is not a valid directory, skipping.
Warning: /workspace/everyday_all_2/WineGlass_560807ead8bcbebf94bbacc83c160625_fractured_16_piece_0.obj,WineGlass_560807ead8bcbebf94bbacc83c160625_fractured_16_piece_1.obj is not a valid directory, skipping.
Warning: /workspace/everyday_all_2/WineGlass_560807ead8bcbebf94bbacc83c160625_fractured_27_piece_0.obj,WineGlass_560807ead8bcbebf94bbacc83c160625_fractured_27_piece_1.obj is not a valid directory, skipping.
Warning: /workspace/everyday_all_2/Mirror_e39a006f3c089f3b1021cd55d164c0ed_fractured_19_piece_0.obj,Mirror_e39a006f3c089f3b1021cd55d164c0ed_fractured_19_piece_1.obj is not a valid directory, skipping.
Warning: /workspace/everyday_all_2/Mirror_e39a006f3c089f3b1021cd55d164c0ed_fractured_17_piece_0.obj,Mirror_e39a006f3c089f3b1021cd55d164c0ed_fractured_17_piece_1.obj is not a valid directory, skipping.
Warning: /workspace/everyday_all_2/Mirror_e39a006f3c089f3b1021cd55d164c0ed_fractured_61_piece_0.obj,Mirror_e39a006f3c089f3b1021cd55d164c0ed_fractured_61_piece_1.obj is not a valid directory, skipping.
Warning: /workspace/everyday_all_2/Mirror_e39a006f3c089f3b1021cd55d164c0ed_fractured_20_piece_0.obj,Mirror_e39a006f3c089f3b1021cd55d164c0ed_fractured_20_piece_1.obj is not a valid directory, skipping.
Warning: /workspace/everyday_all_2/Vase_4cd37983220c5949946c2e1ea428382a_fractured_27_piece_0.obj,Vase_4cd37983220c5949946c2e1ea428382a_fractured_27_piece_1.obj is not a valid directory, skipping.
Warning: /workspace/everyday_all_2/Vase_4cd37983220c5949946c2e1ea428382a_fractured_36_piece_1.obj,Vase_4cd37983220c5949946c2e1ea428382a_fractured_36_piece_0.obj is not a valid directory, skipping.
Warning: /workspace/everyday_all_2/Vase_4cd37983220c5949946c2e1ea428382a_fractured_55_piece_0.obj,Vase_4cd37983220c5949946c2e1ea428382a_fractured_55_piece_1.obj is not a valid directory, skipping.
Warning: /workspace/everyday_all_2/Vase_4cd37983220c5949946c2e1ea428382a_fractured_68_piece_1.obj,Vase_4cd37983220c5949946c2e1ea428382a_fractured_68_piece_0.obj is not a valid directory, skipping.
Warning: /workspace/everyday_all_2/Vase_4cd37983220c5949946c2e1ea428382a_fractured_3_piece_1.obj,Vase_4cd37983220c5949946c2e1ea428382a_fractured_3_piece_0.obj is not a valid directory, skipping.
Warning: /workspace/everyday_all_2/Vase_4cd37983220c5949946c2e1ea428382a_fractured_47_piece_0.obj,Vase_4cd37983220c5949946c2e1ea428382a_fractured_47_piece_1.obj is not a valid directory, skipping.
Warning: /workspace/everyday_all_2/Vase_4cd37983220c5949946c2e1ea428382a_fractured_13_piece_0.obj,Vase_4cd37983220c5949946c2e1ea428382a_fractured_13_piece_1.obj is not a valid directory, skipping.
Warning: /workspace/everyday_all_2/Vase_4cd37983220c5949946c2e1ea428382a_fractured_10_piece_0.obj,Vase_4cd37983220c5949946c2e1ea428382a_fractured_10_piece_1.obj is not a valid directory, skipping.
Warning: /workspace/everyday_all_2/Vase_4cd37983220c5949946c2e1ea428382a_fractured_52_piece_1.obj,Vase_4cd37983220c5949946c2e1ea428382a_fractured_52_piece_0.obj is not a valid directory, skipping.
Warning: /workspace/everyday_all_2/Vase_4cd37983220c5949946c2e1ea428382a_fractured_66_piece_0.obj,Vase_4cd37983220c5949946c2e1ea428382a_fractured_66_piece_1.obj is not a valid directory, skipping.
Warning: /workspace/everyday_all_2/Vase_4cd37983220c5949946c2e1ea428382a_fractured_60_piece_0.obj,Vase_4cd37983220c5949946c2e1ea428382a_fractured_60_piece_1.obj is not a valid directory, skipping.
Warning: /workspace/everyday_all_2/Plate_4_mode_1_piece_0.obj,Plate_4_mode_1_piece_1.obj is not a valid directory, skipping.
Warning: /workspace/everyday_all_2/Statue_114aff55d9933650a83967b36ab91a2e_fractured_18_piece_0.obj,Statue_114aff55d9933650a83967b36ab91a2e_fractured_18_piece_1.obj is not a valid directory, skipping.
Warning: /workspace/everyday_all_2/Statue_114aff55d9933650a83967b36ab91a2e_fractured_63_piece_0.obj,Statue_114aff55d9933650a83967b36ab91a2e_fractured_63_piece_1.obj is not a valid directory, skipping.
Warning: /workspace/everyday_all_2/Bottle_fdc47f5f8dff184830eaaf40a8a562c1_fractured_62_piece_0.obj,Bottle_fdc47f5f8dff184830eaaf40a8a562c1_fractured_62_piece_1.obj is not a valid directory, skipping.
Warning: /workspace/everyday_all_2/Bottle_fdc47f5f8dff184830eaaf40a8a562c1_fractured_79_piece_0.obj,Bottle_fdc47f5f8dff184830eaaf40a8a562c1_fractured_79_piece_1.obj is not a valid directory, skipping.
Warning: /workspace/everyday_all_2/Bottle_fdc47f5f8dff184830eaaf40a8a562c1_fractured_17_piece_0.obj,Bottle_fdc47f5f8dff184830eaaf40a8a562c1_fractured_17_piece_1.obj is not a valid directory, skipping.
Warning: /workspace/everyday_all_2/Bottle_fdc47f5f8dff184830eaaf40a8a562c1_fractured_1_piece_0.obj,Bottle_fdc47f5f8dff184830eaaf40a8a562c1_fractured_1_piece_1.obj is not a valid directory, skipping.
Warning: /workspace/everyday_all_2/Bottle_fdc47f5f8dff184830eaaf40a8a562c1_fractured_44_piece_0.obj,Bottle_fdc47f5f8dff184830eaaf40a8a562c1_fractured_44_piece_1.obj is not a valid directory, skipping.
Warning: /workspace/everyday_all_2/Bottle_fdc47f5f8dff184830eaaf40a8a562c1_fractured_40_piece_0.obj,Bottle_fdc47f5f8dff184830eaaf40a8a562c1_fractured_40_piece_1.obj is not a valid directory, skipping.
Warning: /workspace/everyday_all_2/Bottle_fdc47f5f8dff184830eaaf40a8a562c1_fractured_72_piece_0.obj,Bottle_fdc47f5f8dff184830eaaf40a8a562c1_fractured_72_piece_1.obj is not a valid directory, skipping.
Warning: /workspace/everyday_all_2/Bottle_fdc47f5f8dff184830eaaf40a8a562c1_fractured_78_piece_0.obj,Bottle_fdc47f5f8dff184830eaaf40a8a562c1_fractured_78_piece_1.obj is not a valid directory, skipping.
Warning: /workspace/everyday_all_2/Bottle_fdc47f5f8dff184830eaaf40a8a562c1_fractured_61_piece_0.obj,Bottle_fdc47f5f8dff184830eaaf40a8a562c1_fractured_61_piece_1.obj is not a valid directory, skipping.
Warning: /workspace/everyday_all_2/Bowl_50ad83141272138a606b9bf35534b61b_fractured_52_piece_0.obj,Bowl_50ad83141272138a606b9bf35534b61b_fractured_52_piece_1.obj is not a valid directory, skipping.
Warning: /workspace/everyday_all_2/Bowl_50ad83141272138a606b9bf35534b61b_fractured_2_piece_0.obj,Bowl_50ad83141272138a606b9bf35534b61b_fractured_2_piece_1.obj is not a valid directory, skipping.
Warning: /workspace/everyday_all_2/Bowl_50ad83141272138a606b9bf35534b61b_fractured_43_piece_0.obj,Bowl_50ad83141272138a606b9bf35534b61b_fractured_43_piece_1.obj is not a valid directory, skipping.
Warning: /workspace/everyday_all_2/Bowl_50ad83141272138a606b9bf35534b61b_fractured_7_piece_0.obj,Bowl_50ad83141272138a606b9bf35534b61b_fractured_7_piece_1.obj is not a valid directory, skipping.
Warning: /workspace/everyday_all_2/Bowl_50ad83141272138a606b9bf35534b61b_fractured_75_piece_0.obj,Bowl_50ad83141272138a606b9bf35534b61b_fractured_75_piece_1.obj is not a valid directory, skipping.
Warning: /workspace/everyday_all_2/Bowl_50ad83141272138a606b9bf35534b61b_fractured_44_piece_0.obj,Bowl_50ad83141272138a606b9bf35534b61b_fractured_44_piece_1.obj is not a valid directory, skipping.
Warning: /workspace/everyday_all_2/Bowl_50ad83141272138a606b9bf35534b61b_fractured_40_piece_0.obj,Bowl_50ad83141272138a606b9bf35534b61b_fractured_40_piece_1.obj is not a valid directory, skipping.
Warning: /workspace/everyday_all_2/Bowl_50ad83141272138a606b9bf35534b61b_fractured_25_piece_0.obj,Bowl_50ad83141272138a606b9bf35534b61b_fractured_25_piece_1.obj is not a valid directory, skipping.
Warning: /workspace/everyday_all_2/Bowl_50ad83141272138a606b9bf35534b61b_fractured_30_piece_0.obj,Bowl_50ad83141272138a606b9bf35534b61b_fractured_30_piece_1.obj is not a valid directory, skipping.
Warning: /workspace/everyday_all_2/Bowl_50ad83141272138a606b9bf35534b61b_fractured_26_piece_0.obj,Bowl_50ad83141272138a606b9bf35534b61b_fractured_26_piece_1.obj is not a valid directory, skipping.
Warning: /workspace/everyday_all_2/Bowl_50ad83141272138a606b9bf35534b61b_fractured_38_piece_0.obj,Bowl_50ad83141272138a606b9bf35534b61b_fractured_38_piece_1.obj is not a valid directory, skipping.
Warning: /workspace/everyday_all_2/Mirror_65a34810e74a58ab35836c728d324152_fractured_5_piece_0.obj,Mirror_65a34810e74a58ab35836c728d324152_fractured_5_piece_1.obj is not a valid directory, skipping.
Warning: /workspace/everyday_all_2/Mirror_65a34810e74a58ab35836c728d324152_fractured_42_piece_0.obj,Mirror_65a34810e74a58ab35836c728d324152_fractured_42_piece_1.obj is not a valid directory, skipping.
Warning: /workspace/everyday_all_2/Mirror_65a34810e74a58ab35836c728d324152_fractured_65_piece_0.obj,Mirror_65a34810e74a58ab35836c728d324152_fractured_65_piece_1.obj is not a valid directory, skipping.
Warning: /workspace/everyday_all_2/Mirror_65a34810e74a58ab35836c728d324152_fractured_50_piece_0.obj,Mirror_65a34810e74a58ab35836c728d324152_fractured_50_piece_1.obj is not a valid directory, skipping.
Warning: /workspace/everyday_all_2/Mirror_65a34810e74a58ab35836c728d324152_fractured_56_piece_0.obj,Mirror_65a34810e74a58ab35836c728d324152_fractured_56_piece_1.obj is not a valid directory, skipping.
Warning: /workspace/everyday_all_2/Mirror_65a34810e74a58ab35836c728d324152_fractured_19_piece_0.obj,Mirror_65a34810e74a58ab35836c728d324152_fractured_19_piece_1.obj is not a valid directory, skipping.
Warning: /workspace/everyday_all_2/ToyFigure_7cc11810eaa479e177e21aa92afd81b0_fractured_4_piece_0.obj,ToyFigure_7cc11810eaa479e177e21aa92afd81b0_fractured_4_piece_1.obj is not a valid directory, skipping.
Warning: /workspace/everyday_all_2/ToyFigure_7cc11810eaa479e177e21aa92afd81b0_fractured_23_piece_0.obj,ToyFigure_7cc11810eaa479e177e21aa92afd81b0_fractured_23_piece_1.obj is not a valid directory, skipping.
Warning: /workspace/everyday_all_2/ToyFigure_7cc11810eaa479e177e21aa92afd81b0_fractured_34_piece_0.obj,ToyFigure_7cc11810eaa479e177e21aa92afd81b0_fractured_34_piece_1.obj is not a valid directory, skipping.
Warning: /workspace/everyday_all_2/ToyFigure_7cc11810eaa479e177e21aa92afd81b0_fractured_27_piece_0.obj,ToyFigure_7cc11810eaa479e177e21aa92afd81b0_fractured_27_piece_1.obj is not a valid directory, skipping.
Warning: /workspace/everyday_all_2/Bowl_12_fractured_71_piece_0.obj,Bowl_12_fractured_71_piece_1.obj is not a valid directory, skipping.
Warning: /workspace/everyday_all_2/Bowl_12_fractured_13_piece_0.obj,Bowl_12_fractured_13_piece_1.obj is not a valid directory, skipping.
Warning: /workspace/everyday_all_2/Bowl_12_fractured_72_piece_0.obj,Bowl_12_fractured_72_piece_1.obj is not a valid directory, skipping.
Warning: /workspace/everyday_all_2/Bowl_12_fractured_62_piece_0.obj,Bowl_12_fractured_62_piece_1.obj is not a valid directory, skipping.
Warning: /workspace/everyday_all_2/Bowl_12_fractured_78_piece_0.obj,Bowl_12_fractured_78_piece_1.obj is not a valid directory, skipping.
Warning: /workspace/everyday_all_2/Bowl_12_fractured_21_piece_0.obj,Bowl_12_fractured_21_piece_1.obj is not a valid directory, skipping.
Warning: /workspace/everyday_all_2/Bowl_12_fractured_9_piece_0.obj,Bowl_12_fractured_9_piece_1.obj is not a valid directory, skipping.
Warning: /workspace/everyday_all_2/Bottle_3108a736282eec1bc58e834f0b160845_fractured_50_piece_0.obj,Bottle_3108a736282eec1bc58e834f0b160845_fractured_50_piece_1.obj is not a valid directory, skipping.
Warning: /workspace/everyday_all_2/Bottle_3108a736282eec1bc58e834f0b160845_fractured_45_piece_0.obj,Bottle_3108a736282eec1bc58e834f0b160845_fractured_45_piece_1.obj is not a valid directory, skipping.
Warning: /workspace/everyday_all_2/Bottle_3108a736282eec1bc58e834f0b160845_fractured_60_piece_0.obj,Bottle_3108a736282eec1bc58e834f0b160845_fractured_60_piece_1.obj is not a valid directory, skipping.
Warning: /workspace/everyday_all_2/Bottle_3108a736282eec1bc58e834f0b160845_fractured_4_piece_0.obj,Bottle_3108a736282eec1bc58e834f0b160845_fractured_4_piece_1.obj is not a valid directory, skipping.
Warning: /workspace/everyday_all_2/Bottle_3108a736282eec1bc58e834f0b160845_fractured_32_piece_0.obj,Bottle_3108a736282eec1bc58e834f0b160845_fractured_32_piece_1.obj is not a valid directory, skipping.
Warning: /workspace/everyday_all_2/Bottle_3108a736282eec1bc58e834f0b160845_fractured_5_piece_0.obj,Bottle_3108a736282eec1bc58e834f0b160845_fractured_5_piece_1.obj is not a valid directory, skipping.
Warning: /workspace/everyday_all_2/Bottle_3108a736282eec1bc58e834f0b160845_fractured_18_piece_0.obj,Bottle_3108a736282eec1bc58e834f0b160845_fractured_18_piece_1.obj is not a valid directory, skipping.
Warning: /workspace/everyday_all_2/Bottle_3108a736282eec1bc58e834f0b160845_fractured_17_piece_0.obj,Bottle_3108a736282eec1bc58e834f0b160845_fractured_17_piece_1.obj is not a valid directory, skipping.
Warning: /workspace/everyday_all_2/Bottle_3108a736282eec1bc58e834f0b160845_fractured_24_piece_0.obj,Bottle_3108a736282eec1bc58e834f0b160845_fractured_24_piece_1.obj is not a valid directory, skipping.
Warning: /workspace/everyday_all_2/BeerBottle_e8b48d395d3d8744e53e6e0633163da8_fractured_77_piece_0.obj,BeerBottle_e8b48d395d3d8744e53e6e0633163da8_fractured_77_piece_1.obj is not a valid directory, skipping.
Warning: /workspace/everyday_all_2/BeerBottle_e8b48d395d3d8744e53e6e0633163da8_fractured_34_piece_0.obj,BeerBottle_e8b48d395d3d8744e53e6e0633163da8_fractured_34_piece_1.obj is not a valid directory, skipping.
Warning: /workspace/everyday_all_2/Bowl_38af522494d535151f6a5b0146bf3030_mode_1_piece_0.obj,Bowl_38af522494d535151f6a5b0146bf3030_mode_1_piece_1.obj is not a valid directory, skipping.
Warning: /workspace/everyday_all_2/Bowl_8bb057d18e2fcc4779368d1198f406e7_fractured_56_piece_0.obj,Bowl_8bb057d18e2fcc4779368d1198f406e7_fractured_56_piece_1.obj is not a valid directory, skipping.
Warning: /workspace/everyday_all_2/Bowl_8bb057d18e2fcc4779368d1198f406e7_fractured_10_piece_0.obj,Bowl_8bb057d18e2fcc4779368d1198f406e7_fractured_10_piece_1.obj is not a valid directory, skipping.
Warning: /workspace/everyday_all_2/Bowl_8bb057d18e2fcc4779368d1198f406e7_fractured_22_piece_0.obj,Bowl_8bb057d18e2fcc4779368d1198f406e7_fractured_22_piece_1.obj is not a valid directory, skipping.
Warning: /workspace/everyday_all_2/Bowl_8bb057d18e2fcc4779368d1198f406e7_fractured_79_piece_0.obj,Bowl_8bb057d18e2fcc4779368d1198f406e7_fractured_79_piece_1.obj is not a valid directory, skipping.
Warning: /workspace/everyday_all_2/Bowl_8bb057d18e2fcc4779368d1198f406e7_fractured_75_piece_0.obj,Bowl_8bb057d18e2fcc4779368d1198f406e7_fractured_75_piece_1.obj is not a valid directory, skipping.
Warning: /workspace/everyday_all_2/Bowl_8bb057d18e2fcc4779368d1198f406e7_fractured_46_piece_0.obj,Bowl_8bb057d18e2fcc4779368d1198f406e7_fractured_46_piece_1.obj is not a valid directory, skipping.
Warning: /workspace/everyday_all_2/Bottle_15787789482f045d8add95bf56d3d2fa_mode_1_piece_0.obj,Bottle_15787789482f045d8add95bf56d3d2fa_mode_1_piece_1.obj is not a valid directory, skipping.
Warning: /workspace/everyday_all_2/Cookie_2ec24ca1dd42c39f6ad0370a38d43358_fractured_47_piece_0.obj,Cookie_2ec24ca1dd42c39f6ad0370a38d43358_fractured_47_piece_1.obj is not a valid directory, skipping.
Warning: /workspace/everyday_all_2/Cookie_2ec24ca1dd42c39f6ad0370a38d43358_fractured_55_piece_0.obj,Cookie_2ec24ca1dd42c39f6ad0370a38d43358_fractured_55_piece_1.obj is not a valid directory, skipping.
Warning: /workspace/everyday_all_2/Cookie_2ec24ca1dd42c39f6ad0370a38d43358_fractured_10_piece_0.obj,Cookie_2ec24ca1dd42c39f6ad0370a38d43358_fractured_10_piece_1.obj is not a valid directory, skipping.
Warning: /workspace/everyday_all_2/Cookie_2ec24ca1dd42c39f6ad0370a38d43358_fractured_50_piece_0.obj,Cookie_2ec24ca1dd42c39f6ad0370a38d43358_fractured_50_piece_1.obj is not a valid directory, skipping.
Warning: /workspace/everyday_all_2/Cookie_2ec24ca1dd42c39f6ad0370a38d43358_fractured_62_piece_0.obj,Cookie_2ec24ca1dd42c39f6ad0370a38d43358_fractured_62_piece_1.obj is not a valid directory, skipping.
Warning: /workspace/everyday_all_2/Cookie_2ec24ca1dd42c39f6ad0370a38d43358_fractured_41_piece_0.obj,Cookie_2ec24ca1dd42c39f6ad0370a38d43358_fractured_41_piece_1.obj is not a valid directory, skipping.
Warning: /workspace/everyday_all_2/Cookie_2ec24ca1dd42c39f6ad0370a38d43358_fractured_14_piece_0.obj,Cookie_2ec24ca1dd42c39f6ad0370a38d43358_fractured_14_piece_1.obj is not a valid directory, skipping.
Warning: /workspace/everyday_all_2/Cookie_2ec24ca1dd42c39f6ad0370a38d43358_fractured_12_piece_0.obj,Cookie_2ec24ca1dd42c39f6ad0370a38d43358_fractured_12_piece_1.obj is not a valid directory, skipping.
Warning: /workspace/everyday_all_2/Cookie_2ec24ca1dd42c39f6ad0370a38d43358_fractured_56_piece_0.obj,Cookie_2ec24ca1dd42c39f6ad0370a38d43358_fractured_56_piece_1.obj is not a valid directory, skipping.
Warning: /workspace/everyday_all_2/BeerBottle_2927d6c8438f6e24fe6460d8d9bd16c6_fractured_37_piece_0.obj,BeerBottle_2927d6c8438f6e24fe6460d8d9bd16c6_fractured_37_piece_1.obj is not a valid directory, skipping.
Warning: /workspace/everyday_all_2/BeerBottle_2927d6c8438f6e24fe6460d8d9bd16c6_fractured_52_piece_0.obj,BeerBottle_2927d6c8438f6e24fe6460d8d9bd16c6_fractured_52_piece_1.obj is not a valid directory, skipping.
Warning: /workspace/everyday_all_2/BeerBottle_2927d6c8438f6e24fe6460d8d9bd16c6_fractured_74_piece_0.obj,BeerBottle_2927d6c8438f6e24fe6460d8d9bd16c6_fractured_74_piece_1.obj is not a valid directory, skipping.
Warning: /workspace/everyday_all_2/BeerBottle_2927d6c8438f6e24fe6460d8d9bd16c6_fractured_23_piece_0.obj,BeerBottle_2927d6c8438f6e24fe6460d8d9bd16c6_fractured_23_piece_1.obj is not a valid directory, skipping.
Warning: /workspace/everyday_all_2/BeerBottle_2927d6c8438f6e24fe6460d8d9bd16c6_fractured_58_piece_0.obj,BeerBottle_2927d6c8438f6e24fe6460d8d9bd16c6_fractured_58_piece_1.obj is not a valid directory, skipping.
Warning: /workspace/everyday_all_2/BeerBottle_2927d6c8438f6e24fe6460d8d9bd16c6_fractured_0_piece_0.obj,BeerBottle_2927d6c8438f6e24fe6460d8d9bd16c6_fractured_0_piece_1.obj is not a valid directory, skipping.
Warning: /workspace/everyday_all_2/BeerBottle_2927d6c8438f6e24fe6460d8d9bd16c6_fractured_62_piece_0.obj,BeerBottle_2927d6c8438f6e24fe6460d8d9bd16c6_fractured_62_piece_1.obj is not a valid directory, skipping.
Warning: /workspace/everyday_all_2/BeerBottle_2927d6c8438f6e24fe6460d8d9bd16c6_fractured_49_piece_0.obj,BeerBottle_2927d6c8438f6e24fe6460d8d9bd16c6_fractured_49_piece_1.obj is not a valid directory, skipping.
Warning: /workspace/everyday_all_2/BeerBottle_2927d6c8438f6e24fe6460d8d9bd16c6_fractured_31_piece_0.obj,BeerBottle_2927d6c8438f6e24fe6460d8d9bd16c6_fractured_31_piece_1.obj is not a valid directory, skipping.
Warning: /workspace/everyday_all_2/BeerBottle_2927d6c8438f6e24fe6460d8d9bd16c6_fractured_61_piece_0.obj,BeerBottle_2927d6c8438f6e24fe6460d8d9bd16c6_fractured_61_piece_1.obj is not a valid directory, skipping.
Warning: /workspace/everyday_all_2/BeerBottle_2927d6c8438f6e24fe6460d8d9bd16c6_fractured_35_piece_0.obj,BeerBottle_2927d6c8438f6e24fe6460d8d9bd16c6_fractured_35_piece_1.obj is not a valid directory, skipping.
Warning: /workspace/everyday_all_2/BeerBottle_2927d6c8438f6e24fe6460d8d9bd16c6_fractured_28_piece_0.obj,BeerBottle_2927d6c8438f6e24fe6460d8d9bd16c6_fractured_28_piece_1.obj is not a valid directory, skipping.
Warning: /workspace/everyday_all_2/BeerBottle_2927d6c8438f6e24fe6460d8d9bd16c6_fractured_30_piece_0.obj,BeerBottle_2927d6c8438f6e24fe6460d8d9bd16c6_fractured_30_piece_1.obj is not a valid directory, skipping.
Warning: /workspace/everyday_all_2/Mirror_7886fea5f3b313cce8b7617437747e82_fractured_37_piece_0.obj,Mirror_7886fea5f3b313cce8b7617437747e82_fractured_37_piece_1.obj is not a valid directory, skipping.
Warning: /workspace/everyday_all_2/Mirror_7886fea5f3b313cce8b7617437747e82_fractured_31_piece_0.obj,Mirror_7886fea5f3b313cce8b7617437747e82_fractured_31_piece_1.obj is not a valid directory, skipping.
Warning: /workspace/everyday_all_2/Mirror_7886fea5f3b313cce8b7617437747e82_fractured_73_piece_0.obj,Mirror_7886fea5f3b313cce8b7617437747e82_fractured_73_piece_1.obj is not a valid directory, skipping.
Warning: /workspace/everyday_all_2/Mirror_7886fea5f3b313cce8b7617437747e82_fractured_49_piece_0.obj,Mirror_7886fea5f3b313cce8b7617437747e82_fractured_49_piece_1.obj is not a valid directory, skipping.
Warning: /workspace/everyday_all_2/Mirror_7886fea5f3b313cce8b7617437747e82_fractured_32_piece_0.obj,Mirror_7886fea5f3b313cce8b7617437747e82_fractured_32_piece_1.obj is not a valid directory, skipping.
Warning: /workspace/everyday_all_2/Mirror_7886fea5f3b313cce8b7617437747e82_fractured_54_piece_0.obj,Mirror_7886fea5f3b313cce8b7617437747e82_fractured_54_piece_1.obj is not a valid directory, skipping.
Warning: /workspace/everyday_all_2/Mirror_7886fea5f3b313cce8b7617437747e82_fractured_41_piece_0.obj,Mirror_7886fea5f3b313cce8b7617437747e82_fractured_41_piece_1.obj is not a valid directory, skipping.
Warning: /workspace/everyday_all_2/Mirror_6734a3c4acecddd6a93d9d7058352745_fractured_23_piece_0.obj,Mirror_6734a3c4acecddd6a93d9d7058352745_fractured_23_piece_1.obj is not a valid directory, skipping.
Warning: /workspace/everyday_all_2/Mirror_6734a3c4acecddd6a93d9d7058352745_fractured_40_piece_0.obj,Mirror_6734a3c4acecddd6a93d9d7058352745_fractured_40_piece_1.obj is not a valid directory, skipping.
Warning: /workspace/everyday_all_2/Mirror_6734a3c4acecddd6a93d9d7058352745_fractured_73_piece_0.obj,Mirror_6734a3c4acecddd6a93d9d7058352745_fractured_73_piece_1.obj is not a valid directory, skipping.
Warning: /workspace/everyday_all_2/Mirror_6734a3c4acecddd6a93d9d7058352745_fractured_32_piece_0.obj,Mirror_6734a3c4acecddd6a93d9d7058352745_fractured_32_piece_1.obj is not a valid directory, skipping.
Warning: /workspace/everyday_all_2/Mirror_6734a3c4acecddd6a93d9d7058352745_fractured_18_piece_0.obj,Mirror_6734a3c4acecddd6a93d9d7058352745_fractured_18_piece_1.obj is not a valid directory, skipping.
Warning: /workspace/everyday_all_2/Mirror_6734a3c4acecddd6a93d9d7058352745_fractured_50_piece_0.obj,Mirror_6734a3c4acecddd6a93d9d7058352745_fractured_50_piece_1.obj is not a valid directory, skipping.
Warning: /workspace/everyday_all_2/Plate_9afc9d6669f57db51bb40575ac9d9dd3_fractured_26_piece_0.obj,Plate_9afc9d6669f57db51bb40575ac9d9dd3_fractured_26_piece_1.obj is not a valid directory, skipping.
Warning: /workspace/everyday_all_2/Plate_9afc9d6669f57db51bb40575ac9d9dd3_fractured_41_piece_0.obj,Plate_9afc9d6669f57db51bb40575ac9d9dd3_fractured_41_piece_1.obj is not a valid directory, skipping.
Warning: /workspace/everyday_all_2/Plate_9afc9d6669f57db51bb40575ac9d9dd3_fractured_78_piece_0.obj,Plate_9afc9d6669f57db51bb40575ac9d9dd3_fractured_78_piece_1.obj is not a valid directory, skipping.
Warning: /workspace/everyday_all_2/Plate_9afc9d6669f57db51bb40575ac9d9dd3_fractured_62_piece_0.obj,Plate_9afc9d6669f57db51bb40575ac9d9dd3_fractured_62_piece_1.obj is not a valid directory, skipping.
Warning: /workspace/everyday_all_2/Plate_9afc9d6669f57db51bb40575ac9d9dd3_fractured_55_piece_0.obj,Plate_9afc9d6669f57db51bb40575ac9d9dd3_fractured_55_piece_1.obj is not a valid directory, skipping.
Warning: /workspace/everyday_all_2/Plate_9afc9d6669f57db51bb40575ac9d9dd3_fractured_50_piece_0.obj,Plate_9afc9d6669f57db51bb40575ac9d9dd3_fractured_50_piece_1.obj is not a valid directory, skipping.
Warning: /workspace/everyday_all_2/Plate_9afc9d6669f57db51bb40575ac9d9dd3_fractured_57_piece_0.obj,Plate_9afc9d6669f57db51bb40575ac9d9dd3_fractured_57_piece_1.obj is not a valid directory, skipping.
Warning: /workspace/everyday_all_2/Plate_9afc9d6669f57db51bb40575ac9d9dd3_fractured_48_piece_0.obj,Plate_9afc9d6669f57db51bb40575ac9d9dd3_fractured_48_piece_1.obj is not a valid directory, skipping.
Warning: /workspace/everyday_all_2/Mirror_d23187b889042017cc4cd6c58bd35c0c_fractured_33_piece_0.obj,Mirror_d23187b889042017cc4cd6c58bd35c0c_fractured_33_piece_1.obj is not a valid directory, skipping.
Warning: /workspace/everyday_all_2/Mirror_d23187b889042017cc4cd6c58bd35c0c_fractured_73_piece_0.obj,Mirror_d23187b889042017cc4cd6c58bd35c0c_fractured_73_piece_1.obj is not a valid directory, skipping.
Warning: /workspace/everyday_all_2/Mirror_d23187b889042017cc4cd6c58bd35c0c_fractured_75_piece_0.obj,Mirror_d23187b889042017cc4cd6c58bd35c0c_fractured_75_piece_1.obj is not a valid directory, skipping.
Warning: /workspace/everyday_all_2/Teapot_1_fractured_76_piece_0.obj,Teapot_1_fractured_76_piece_1.obj is not a valid directory, skipping.
Warning: /workspace/everyday_all_2/Teapot_1_fractured_75_piece_0.obj,Teapot_1_fractured_75_piece_1.obj is not a valid directory, skipping.
Warning: /workspace/everyday_all_2/Teapot_1_fractured_17_piece_0.obj,Teapot_1_fractured_17_piece_1.obj is not a valid directory, skipping.
Warning: /workspace/everyday_all_2/Teapot_1_fractured_6_piece_0.obj,Teapot_1_fractured_6_piece_1.obj is not a valid directory, skipping.
Warning: /workspace/everyday_all_2/Teapot_1_fractured_4_piece_0.obj,Teapot_1_fractured_4_piece_1.obj is not a valid directory, skipping.
Warning: /workspace/everyday_all_2/Teapot_1_fractured_47_piece_0.obj,Teapot_1_fractured_47_piece_1.obj is not a valid directory, skipping.
Warning: /workspace/everyday_all_2/Teapot_1_fractured_67_piece_0.obj,Teapot_1_fractured_67_piece_1.obj is not a valid directory, skipping.
Warning: /workspace/everyday_all_2/Teapot_1_fractured_42_piece_0.obj,Teapot_1_fractured_42_piece_1.obj is not a valid directory, skipping.
Warning: /workspace/everyday_all_2/Teapot_1_fractured_35_piece_0.obj,Teapot_1_fractured_35_piece_1.obj is not a valid directory, skipping.
Warning: /workspace/everyday_all_2/Teapot_1_fractured_7_piece_0.obj,Teapot_1_fractured_7_piece_1.obj is not a valid directory, skipping.
Warning: /workspace/everyday_all_2/Teapot_1_fractured_60_piece_0.obj,Teapot_1_fractured_60_piece_1.obj is not a valid directory, skipping.
Warning: /workspace/everyday_all_2/Teapot_1_fractured_24_piece_0.obj,Teapot_1_fractured_24_piece_1.obj is not a valid directory, skipping.
Warning: /workspace/everyday_all_2/Teapot_1_fractured_51_piece_0.obj,Teapot_1_fractured_51_piece_1.obj is not a valid directory, skipping.
Warning: /workspace/everyday_all_2/Teapot_1_fractured_12_piece_0.obj,Teapot_1_fractured_12_piece_1.obj is not a valid directory, skipping.
Warning: /workspace/everyday_all_2/BeerBottle_3f91158956ad7db0322747720d7d37e8_mode_1_piece_0.obj,BeerBottle_3f91158956ad7db0322747720d7d37e8_mode_1_piece_1.obj is not a valid directory, skipping.
Warning: /workspace/everyday_all_2/Bottle_d2e7e725aa6b39f0d333084c1357713e_fractured_66_piece_0.obj,Bottle_d2e7e725aa6b39f0d333084c1357713e_fractured_66_piece_1.obj is not a valid directory, skipping.
Warning: /workspace/everyday_all_2/Bottle_d2e7e725aa6b39f0d333084c1357713e_fractured_8_piece_0.obj,Bottle_d2e7e725aa6b39f0d333084c1357713e_fractured_8_piece_1.obj is not a valid directory, skipping.
Warning: /workspace/everyday_all_2/Bottle_d2e7e725aa6b39f0d333084c1357713e_fractured_53_piece_0.obj,Bottle_d2e7e725aa6b39f0d333084c1357713e_fractured_53_piece_1.obj is not a valid directory, skipping.
Warning: /workspace/everyday_all_2/Bottle_d2e7e725aa6b39f0d333084c1357713e_fractured_55_piece_0.obj,Bottle_d2e7e725aa6b39f0d333084c1357713e_fractured_55_piece_1.obj is not a valid directory, skipping.
Warning: /workspace/everyday_all_2/Bottle_d2e7e725aa6b39f0d333084c1357713e_fractured_74_piece_0.obj,Bottle_d2e7e725aa6b39f0d333084c1357713e_fractured_74_piece_1.obj is not a valid directory, skipping.
Warning: /workspace/everyday_all_2/Bottle_d2e7e725aa6b39f0d333084c1357713e_fractured_9_piece_0.obj,Bottle_d2e7e725aa6b39f0d333084c1357713e_fractured_9_piece_1.obj is not a valid directory, skipping.
Warning: /workspace/everyday_all_2/Vase_1654250bf1bc5a0131fef20bb2ae787e_fractured_70_piece_0.obj,Vase_1654250bf1bc5a0131fef20bb2ae787e_fractured_70_piece_1.obj is not a valid directory, skipping.
Warning: /workspace/everyday_all_2/Vase_1654250bf1bc5a0131fef20bb2ae787e_fractured_65_piece_0.obj,Vase_1654250bf1bc5a0131fef20bb2ae787e_fractured_65_piece_1.obj is not a valid directory, skipping.
Warning: /workspace/everyday_all_2/Vase_1654250bf1bc5a0131fef20bb2ae787e_fractured_77_piece_0.obj,Vase_1654250bf1bc5a0131fef20bb2ae787e_fractured_77_piece_1.obj is not a valid directory, skipping.
Warning: /workspace/everyday_all_2/Vase_1654250bf1bc5a0131fef20bb2ae787e_fractured_39_piece_0.obj,Vase_1654250bf1bc5a0131fef20bb2ae787e_fractured_39_piece_1.obj is not a valid directory, skipping.
Warning: /workspace/everyday_all_2/Vase_1654250bf1bc5a0131fef20bb2ae787e_fractured_4_piece_0.obj,Vase_1654250bf1bc5a0131fef20bb2ae787e_fractured_4_piece_1.obj is not a valid directory, skipping.
Warning: /workspace/everyday_all_2/Vase_1654250bf1bc5a0131fef20bb2ae787e_fractured_66_piece_0.obj,Vase_1654250bf1bc5a0131fef20bb2ae787e_fractured_66_piece_1.obj is not a valid directory, skipping.
Warning: /workspace/everyday_all_2/Vase_1654250bf1bc5a0131fef20bb2ae787e_fractured_16_piece_0.obj,Vase_1654250bf1bc5a0131fef20bb2ae787e_fractured_16_piece_1.obj is not a valid directory, skipping.
Warning: /workspace/everyday_all_2/Vase_1654250bf1bc5a0131fef20bb2ae787e_fractured_47_piece_0.obj,Vase_1654250bf1bc5a0131fef20bb2ae787e_fractured_47_piece_1.obj is not a valid directory, skipping.
Warning: /workspace/everyday_all_2/Vase_1654250bf1bc5a0131fef20bb2ae787e_fractured_7_piece_0.obj,Vase_1654250bf1bc5a0131fef20bb2ae787e_fractured_7_piece_1.obj is not a valid directory, skipping.
Warning: /workspace/everyday_all_2/Vase_1654250bf1bc5a0131fef20bb2ae787e_fractured_53_piece_0.obj,Vase_1654250bf1bc5a0131fef20bb2ae787e_fractured_53_piece_1.obj is not a valid directory, skipping.
Warning: /workspace/everyday_all_2/Vase_1654250bf1bc5a0131fef20bb2ae787e_fractured_60_piece_0.obj,Vase_1654250bf1bc5a0131fef20bb2ae787e_fractured_60_piece_1.obj is not a valid directory, skipping.
Warning: /workspace/everyday_all_2/Vase_1654250bf1bc5a0131fef20bb2ae787e_fractured_41_piece_0.obj,Vase_1654250bf1bc5a0131fef20bb2ae787e_fractured_41_piece_1.obj is not a valid directory, skipping.
Warning: /workspace/everyday_all_2/Vase_1654250bf1bc5a0131fef20bb2ae787e_fractured_14_piece_0.obj,Vase_1654250bf1bc5a0131fef20bb2ae787e_fractured_14_piece_1.obj is not a valid directory, skipping.
Warning: /workspace/everyday_all_2/Vase_1654250bf1bc5a0131fef20bb2ae787e_fractured_21_piece_0.obj,Vase_1654250bf1bc5a0131fef20bb2ae787e_fractured_21_piece_1.obj is not a valid directory, skipping.
Warning: /workspace/everyday_all_2/Vase_1654250bf1bc5a0131fef20bb2ae787e_fractured_64_piece_0.obj,Vase_1654250bf1bc5a0131fef20bb2ae787e_fractured_64_piece_1.obj is not a valid directory, skipping.
Warning: /workspace/everyday_all_2/Vase_1654250bf1bc5a0131fef20bb2ae787e_fractured_76_piece_0.obj,Vase_1654250bf1bc5a0131fef20bb2ae787e_fractured_76_piece_1.obj is not a valid directory, skipping.
Warning: /workspace/everyday_all_2/Vase_1654250bf1bc5a0131fef20bb2ae787e_fractured_33_piece_0.obj,Vase_1654250bf1bc5a0131fef20bb2ae787e_fractured_33_piece_1.obj is not a valid directory, skipping.
Warning: /workspace/everyday_all_2/Vase_1654250bf1bc5a0131fef20bb2ae787e_fractured_57_piece_0.obj,Vase_1654250bf1bc5a0131fef20bb2ae787e_fractured_57_piece_1.obj is not a valid directory, skipping.
Warning: /workspace/everyday_all_2/Vase_1654250bf1bc5a0131fef20bb2ae787e_fractured_56_piece_0.obj,Vase_1654250bf1bc5a0131fef20bb2ae787e_fractured_56_piece_1.obj is not a valid directory, skipping.
Warning: /workspace/everyday_all_2/Cup_5d034d08b3afb0054212ff51b27f0221_mode_3_piece_0.obj,Cup_5d034d08b3afb0054212ff51b27f0221_mode_3_piece_1.obj is not a valid directory, skipping.
Warning: /workspace/everyday_all_2/Mirror_28f1c6c292c0190480360680c1602c7d_mode_1_piece_0.obj,Mirror_28f1c6c292c0190480360680c1602c7d_mode_1_piece_1.obj is not a valid directory, skipping.
Warning: /workspace/everyday_all_2/Teapot_93c6553dc3f2ad11012cc02986a86c3_mode_1_piece_0.obj,Teapot_93c6553dc3f2ad11012cc02986a86c3_mode_1_piece_1.obj is not a valid directory, skipping.
Warning: /workspace/everyday_all_2/Teacup_6d1b5b270329e5c4ffbefac2b6ae3d95_fractured_30_piece_0.obj,Teacup_6d1b5b270329e5c4ffbefac2b6ae3d95_fractured_30_piece_1.obj is not a valid directory, skipping.
Warning: /workspace/everyday_all_2/Teacup_6d1b5b270329e5c4ffbefac2b6ae3d95_fractured_6_piece_0.obj,Teacup_6d1b5b270329e5c4ffbefac2b6ae3d95_fractured_6_piece_1.obj is not a valid directory, skipping.
Warning: /workspace/everyday_all_2/Teacup_6d1b5b270329e5c4ffbefac2b6ae3d95_fractured_71_piece_0.obj,Teacup_6d1b5b270329e5c4ffbefac2b6ae3d95_fractured_71_piece_1.obj is not a valid directory, skipping.
Warning: /workspace/everyday_all_2/Teacup_6d1b5b270329e5c4ffbefac2b6ae3d95_fractured_63_piece_0.obj,Teacup_6d1b5b270329e5c4ffbefac2b6ae3d95_fractured_63_piece_1.obj is not a valid directory, skipping.
Warning: /workspace/everyday_all_2/Teacup_6d1b5b270329e5c4ffbefac2b6ae3d95_fractured_35_piece_0.obj,Teacup_6d1b5b270329e5c4ffbefac2b6ae3d95_fractured_35_piece_1.obj is not a valid directory, skipping.
Warning: /workspace/everyday_all_2/Teacup_6d1b5b270329e5c4ffbefac2b6ae3d95_fractured_68_piece_0.obj,Teacup_6d1b5b270329e5c4ffbefac2b6ae3d95_fractured_68_piece_1.obj is not a valid directory, skipping.
Warning: /workspace/everyday_all_2/Teacup_6d1b5b270329e5c4ffbefac2b6ae3d95_fractured_52_piece_0.obj,Teacup_6d1b5b270329e5c4ffbefac2b6ae3d95_fractured_52_piece_1.obj is not a valid directory, skipping.
Warning: /workspace/everyday_all_2/PillBottle_81bbf3134d1ca27a58449bd132e3a3fe_mode_1_piece_0.obj,PillBottle_81bbf3134d1ca27a58449bd132e3a3fe_mode_1_piece_1.obj is not a valid directory, skipping.
Warning: /workspace/everyday_all_2/Mug_46ed9dad0440c043d33646b0990bb4a_fractured_47_piece_0.obj,Mug_46ed9dad0440c043d33646b0990bb4a_fractured_47_piece_1.obj is not a valid directory, skipping.
Warning: /workspace/everyday_all_2/Mug_46ed9dad0440c043d33646b0990bb4a_fractured_78_piece_0.obj,Mug_46ed9dad0440c043d33646b0990bb4a_fractured_78_piece_1.obj is not a valid directory, skipping.
Warning: /workspace/everyday_all_2/Mug_46ed9dad0440c043d33646b0990bb4a_fractured_49_piece_0.obj,Mug_46ed9dad0440c043d33646b0990bb4a_fractured_49_piece_1.obj is not a valid directory, skipping.
Warning: /workspace/everyday_all_2/Mug_46ed9dad0440c043d33646b0990bb4a_fractured_60_piece_0.obj,Mug_46ed9dad0440c043d33646b0990bb4a_fractured_60_piece_1.obj is not a valid directory, skipping.
Warning: /workspace/everyday_all_2/Mug_46ed9dad0440c043d33646b0990bb4a_fractured_79_piece_0.obj,Mug_46ed9dad0440c043d33646b0990bb4a_fractured_79_piece_1.obj is not a valid directory, skipping.
Warning: /workspace/everyday_all_2/Mug_46ed9dad0440c043d33646b0990bb4a_fractured_69_piece_0.obj,Mug_46ed9dad0440c043d33646b0990bb4a_fractured_69_piece_1.obj is not a valid directory, skipping.
Warning: /workspace/everyday_all_2/Mug_46ed9dad0440c043d33646b0990bb4a_fractured_25_piece_0.obj,Mug_46ed9dad0440c043d33646b0990bb4a_fractured_25_piece_1.obj is not a valid directory, skipping.
Warning: /workspace/everyday_all_2/Mug_46ed9dad0440c043d33646b0990bb4a_fractured_68_piece_0.obj,Mug_46ed9dad0440c043d33646b0990bb4a_fractured_68_piece_1.obj is not a valid directory, skipping.
Warning: /workspace/everyday_all_2/Mug_46ed9dad0440c043d33646b0990bb4a_fractured_10_piece_0.obj,Mug_46ed9dad0440c043d33646b0990bb4a_fractured_10_piece_1.obj is not a valid directory, skipping.
Warning: /workspace/everyday_all_2/Mug_46ed9dad0440c043d33646b0990bb4a_fractured_28_piece_0.obj,Mug_46ed9dad0440c043d33646b0990bb4a_fractured_28_piece_1.obj is not a valid directory, skipping.
Warning: /workspace/everyday_all_2/Mirror_6336b5516cc8bd50635469b95109803c_fractured_7_piece_0.obj,Mirror_6336b5516cc8bd50635469b95109803c_fractured_7_piece_1.obj is not a valid directory, skipping.
Warning: /workspace/everyday_all_2/Mirror_6336b5516cc8bd50635469b95109803c_fractured_1_piece_0.obj,Mirror_6336b5516cc8bd50635469b95109803c_fractured_1_piece_1.obj is not a valid directory, skipping.
Warning: /workspace/everyday_all_2/Mirror_6336b5516cc8bd50635469b95109803c_fractured_26_piece_0.obj,Mirror_6336b5516cc8bd50635469b95109803c_fractured_26_piece_1.obj is not a valid directory, skipping.
Warning: /workspace/everyday_all_2/Mirror_6336b5516cc8bd50635469b95109803c_fractured_74_piece_0.obj,Mirror_6336b5516cc8bd50635469b95109803c_fractured_74_piece_1.obj is not a valid directory, skipping.
Warning: /workspace/everyday_all_2/Mirror_6336b5516cc8bd50635469b95109803c_fractured_79_piece_0.obj,Mirror_6336b5516cc8bd50635469b95109803c_fractured_79_piece_1.obj is not a valid directory, skipping.
Warning: /workspace/everyday_all_2/Mirror_6336b5516cc8bd50635469b95109803c_fractured_58_piece_0.obj,Mirror_6336b5516cc8bd50635469b95109803c_fractured_58_piece_1.obj is not a valid directory, skipping.
Warning: /workspace/everyday_all_2/Mirror_6336b5516cc8bd50635469b95109803c_fractured_57_piece_0.obj,Mirror_6336b5516cc8bd50635469b95109803c_fractured_57_piece_1.obj is not a valid directory, skipping.
Warning: /workspace/everyday_all_2/Mirror_6336b5516cc8bd50635469b95109803c_fractured_12_piece_0.obj,Mirror_6336b5516cc8bd50635469b95109803c_fractured_12_piece_1.obj is not a valid directory, skipping.
Warning: /workspace/everyday_all_2/Mirror_6336b5516cc8bd50635469b95109803c_fractured_69_piece_0.obj,Mirror_6336b5516cc8bd50635469b95109803c_fractured_69_piece_1.obj is not a valid directory, skipping.
Warning: /workspace/everyday_all_2/Mirror_6336b5516cc8bd50635469b95109803c_fractured_37_piece_0.obj,Mirror_6336b5516cc8bd50635469b95109803c_fractured_37_piece_1.obj is not a valid directory, skipping.
Warning: /workspace/everyday_all_2/Bowl_960c5c5bff2d3a4bbced73c51e99f8b2_fractured_70_piece_0.obj,Bowl_960c5c5bff2d3a4bbced73c51e99f8b2_fractured_70_piece_1.obj is not a valid directory, skipping.
Warning: /workspace/everyday_all_2/Bowl_960c5c5bff2d3a4bbced73c51e99f8b2_fractured_43_piece_0.obj,Bowl_960c5c5bff2d3a4bbced73c51e99f8b2_fractured_43_piece_1.obj is not a valid directory, skipping.
Warning: /workspace/everyday_all_2/Bowl_960c5c5bff2d3a4bbced73c51e99f8b2_fractured_30_piece_0.obj,Bowl_960c5c5bff2d3a4bbced73c51e99f8b2_fractured_30_piece_1.obj is not a valid directory, skipping.
Warning: /workspace/everyday_all_2/Bowl_960c5c5bff2d3a4bbced73c51e99f8b2_fractured_6_piece_0.obj,Bowl_960c5c5bff2d3a4bbced73c51e99f8b2_fractured_6_piece_1.obj is not a valid directory, skipping.
Warning: /workspace/everyday_all_2/Bowl_960c5c5bff2d3a4bbced73c51e99f8b2_fractured_62_piece_0.obj,Bowl_960c5c5bff2d3a4bbced73c51e99f8b2_fractured_62_piece_1.obj is not a valid directory, skipping.
Warning: /workspace/everyday_all_2/Bowl_960c5c5bff2d3a4bbced73c51e99f8b2_fractured_78_piece_0.obj,Bowl_960c5c5bff2d3a4bbced73c51e99f8b2_fractured_78_piece_1.obj is not a valid directory, skipping.
Warning: /workspace/everyday_all_2/Bowl_960c5c5bff2d3a4bbced73c51e99f8b2_fractured_11_piece_0.obj,Bowl_960c5c5bff2d3a4bbced73c51e99f8b2_fractured_11_piece_1.obj is not a valid directory, skipping.
Warning: /workspace/everyday_all_2/Bottle_6aba175c988c8bec9fac57ed2e044778_fractured_21_piece_0.obj,Bottle_6aba175c988c8bec9fac57ed2e044778_fractured_21_piece_1.obj is not a valid directory, skipping.
Warning: /workspace/everyday_all_2/Bottle_6aba175c988c8bec9fac57ed2e044778_fractured_67_piece_0.obj,Bottle_6aba175c988c8bec9fac57ed2e044778_fractured_67_piece_1.obj is not a valid directory, skipping.
Warning: /workspace/everyday_all_2/Bottle_6aba175c988c8bec9fac57ed2e044778_fractured_41_piece_0.obj,Bottle_6aba175c988c8bec9fac57ed2e044778_fractured_41_piece_1.obj is not a valid directory, skipping.
Warning: /workspace/everyday_all_2/Bottle_6aba175c988c8bec9fac57ed2e044778_fractured_48_piece_0.obj,Bottle_6aba175c988c8bec9fac57ed2e044778_fractured_48_piece_1.obj is not a valid directory, skipping.
Warning: /workspace/everyday_all_2/Bottle_6aba175c988c8bec9fac57ed2e044778_fractured_59_piece_0.obj,Bottle_6aba175c988c8bec9fac57ed2e044778_fractured_59_piece_1.obj is not a valid directory, skipping.
Warning: /workspace/everyday_all_2/Bottle_6aba175c988c8bec9fac57ed2e044778_fractured_62_piece_0.obj,Bottle_6aba175c988c8bec9fac57ed2e044778_fractured_62_piece_1.obj is not a valid directory, skipping.
Warning: /workspace/everyday_all_2/Bottle_6aba175c988c8bec9fac57ed2e044778_fractured_7_piece_0.obj,Bottle_6aba175c988c8bec9fac57ed2e044778_fractured_7_piece_1.obj is not a valid directory, skipping.
Warning: /workspace/everyday_all_2/Bottle_6aba175c988c8bec9fac57ed2e044778_fractured_51_piece_0.obj,Bottle_6aba175c988c8bec9fac57ed2e044778_fractured_51_piece_1.obj is not a valid directory, skipping.
Warning: /workspace/everyday_all_2/Bottle_6aba175c988c8bec9fac57ed2e044778_fractured_60_piece_0.obj,Bottle_6aba175c988c8bec9fac57ed2e044778_fractured_60_piece_1.obj is not a valid directory, skipping.
Warning: /workspace/everyday_all_2/Bottle_6aba175c988c8bec9fac57ed2e044778_fractured_37_piece_0.obj,Bottle_6aba175c988c8bec9fac57ed2e044778_fractured_37_piece_1.obj is not a valid directory, skipping.
Warning: /workspace/everyday_all_2/Bottle_6aba175c988c8bec9fac57ed2e044778_fractured_77_piece_0.obj,Bottle_6aba175c988c8bec9fac57ed2e044778_fractured_77_piece_1.obj is not a valid directory, skipping.
Warning: /workspace/everyday_all_2/Bottle_6aba175c988c8bec9fac57ed2e044778_fractured_31_piece_0.obj,Bottle_6aba175c988c8bec9fac57ed2e044778_fractured_31_piece_1.obj is not a valid directory, skipping.
Warning: /workspace/everyday_all_2/ToyFigure_36b13c92d0d23f1433eddc4ad251356e_fractured_47_piece_0.obj,ToyFigure_36b13c92d0d23f1433eddc4ad251356e_fractured_47_piece_1.obj is not a valid directory, skipping.
Warning: /workspace/everyday_all_2/ToyFigure_36b13c92d0d23f1433eddc4ad251356e_fractured_71_piece_0.obj,ToyFigure_36b13c92d0d23f1433eddc4ad251356e_fractured_71_piece_1.obj is not a valid directory, skipping.
Warning: /workspace/everyday_all_2/ToyFigure_36b13c92d0d23f1433eddc4ad251356e_fractured_4_piece_0.obj,ToyFigure_36b13c92d0d23f1433eddc4ad251356e_fractured_4_piece_1.obj is not a valid directory, skipping.
Warning: /workspace/everyday_all_2/ToyFigure_50c9c9392ae7403c648c1a69840a0330_fractured_46_piece_0.obj,ToyFigure_50c9c9392ae7403c648c1a69840a0330_fractured_46_piece_1.obj is not a valid directory, skipping.
Warning: /workspace/everyday_all_2/ToyFigure_50c9c9392ae7403c648c1a69840a0330_fractured_24_piece_0.obj,ToyFigure_50c9c9392ae7403c648c1a69840a0330_fractured_24_piece_1.obj is not a valid directory, skipping.
Warning: /workspace/everyday_all_2/ToyFigure_50c9c9392ae7403c648c1a69840a0330_fractured_30_piece_0.obj,ToyFigure_50c9c9392ae7403c648c1a69840a0330_fractured_30_piece_1.obj is not a valid directory, skipping.
Warning: /workspace/everyday_all_2/ToyFigure_50c9c9392ae7403c648c1a69840a0330_fractured_6_piece_0.obj,ToyFigure_50c9c9392ae7403c648c1a69840a0330_fractured_6_piece_1.obj is not a valid directory, skipping.
Warning: /workspace/everyday_all_2/ToyFigure_50c9c9392ae7403c648c1a69840a0330_fractured_56_piece_0.obj,ToyFigure_50c9c9392ae7403c648c1a69840a0330_fractured_56_piece_1.obj is not a valid directory, skipping.
Warning: /workspace/everyday_all_2/ToyFigure_50c9c9392ae7403c648c1a69840a0330_fractured_33_piece_0.obj,ToyFigure_50c9c9392ae7403c648c1a69840a0330_fractured_33_piece_1.obj is not a valid directory, skipping.
Warning: /workspace/everyday_all_2/ToyFigure_50c9c9392ae7403c648c1a69840a0330_fractured_22_piece_0.obj,ToyFigure_50c9c9392ae7403c648c1a69840a0330_fractured_22_piece_1.obj is not a valid directory, skipping.
Warning: /workspace/everyday_all_2/ToyFigure_50c9c9392ae7403c648c1a69840a0330_fractured_28_piece_0.obj,ToyFigure_50c9c9392ae7403c648c1a69840a0330_fractured_28_piece_1.obj is not a valid directory, skipping.
Warning: /workspace/everyday_all_2/Plate_13_fractured_68_piece_0.obj,Plate_13_fractured_68_piece_1.obj is not a valid directory, skipping.
Warning: /workspace/everyday_all_2/Plate_13_fractured_70_piece_0.obj,Plate_13_fractured_70_piece_1.obj is not a valid directory, skipping.
Warning: /workspace/everyday_all_2/Plate_13_fractured_30_piece_0.obj,Plate_13_fractured_30_piece_1.obj is not a valid directory, skipping.
Warning: /workspace/everyday_all_2/Plate_13_fractured_63_piece_0.obj,Plate_13_fractured_63_piece_1.obj is not a valid directory, skipping.
Warning: /workspace/everyday_all_2/Mug_40f9a6cc6b2c3b3a78060a3a3a55e18f_fractured_74_piece_0.obj,Mug_40f9a6cc6b2c3b3a78060a3a3a55e18f_fractured_74_piece_1.obj is not a valid directory, skipping.
Warning: /workspace/everyday_all_2/Mug_40f9a6cc6b2c3b3a78060a3a3a55e18f_fractured_58_piece_0.obj,Mug_40f9a6cc6b2c3b3a78060a3a3a55e18f_fractured_58_piece_1.obj is not a valid directory, skipping.
Warning: /workspace/everyday_all_2/Mug_40f9a6cc6b2c3b3a78060a3a3a55e18f_fractured_37_piece_0.obj,Mug_40f9a6cc6b2c3b3a78060a3a3a55e18f_fractured_37_piece_1.obj is not a valid directory, skipping.
Warning: /workspace/everyday_all_2/Mug_40f9a6cc6b2c3b3a78060a3a3a55e18f_fractured_73_piece_0.obj,Mug_40f9a6cc6b2c3b3a78060a3a3a55e18f_fractured_73_piece_1.obj is not a valid directory, skipping.
Warning: /workspace/everyday_all_2/Mug_40f9a6cc6b2c3b3a78060a3a3a55e18f_fractured_9_piece_0.obj,Mug_40f9a6cc6b2c3b3a78060a3a3a55e18f_fractured_9_piece_1.obj is not a valid directory, skipping.
Warning: /workspace/everyday_all_2/Mug_40f9a6cc6b2c3b3a78060a3a3a55e18f_fractured_59_piece_0.obj,Mug_40f9a6cc6b2c3b3a78060a3a3a55e18f_fractured_59_piece_1.obj is not a valid directory, skipping.
Warning: /workspace/everyday_all_2/Mug_40f9a6cc6b2c3b3a78060a3a3a55e18f_fractured_79_piece_0.obj,Mug_40f9a6cc6b2c3b3a78060a3a3a55e18f_fractured_79_piece_1.obj is not a valid directory, skipping.
Warning: /workspace/everyday_all_2/Vase_ace45c3e1de6058ee694be5819d751ba_fractured_43_piece_0.obj,Vase_ace45c3e1de6058ee694be5819d751ba_fractured_43_piece_1.obj is not a valid directory, skipping.
Warning: /workspace/everyday_all_2/Vase_ace45c3e1de6058ee694be5819d751ba_fractured_46_piece_0.obj,Vase_ace45c3e1de6058ee694be5819d751ba_fractured_46_piece_1.obj is not a valid directory, skipping.
Warning: /workspace/everyday_all_2/Vase_ace45c3e1de6058ee694be5819d751ba_fractured_6_piece_0.obj,Vase_ace45c3e1de6058ee694be5819d751ba_fractured_6_piece_1.obj is not a valid directory, skipping.
Warning: /workspace/everyday_all_2/Vase_ace45c3e1de6058ee694be5819d751ba_fractured_39_piece_0.obj,Vase_ace45c3e1de6058ee694be5819d751ba_fractured_39_piece_1.obj is not a valid directory, skipping.
Warning: /workspace/everyday_all_2/Vase_ace45c3e1de6058ee694be5819d751ba_fractured_3_piece_0.obj,Vase_ace45c3e1de6058ee694be5819d751ba_fractured_3_piece_1.obj is not a valid directory, skipping.
Warning: /workspace/everyday_all_2/Bowl_2efc35a3625fa50961a9876fa6384765_fractured_12_piece_0.obj,Bowl_2efc35a3625fa50961a9876fa6384765_fractured_12_piece_1.obj is not a valid directory, skipping.
Warning: /workspace/everyday_all_2/Bowl_2efc35a3625fa50961a9876fa6384765_fractured_33_piece_0.obj,Bowl_2efc35a3625fa50961a9876fa6384765_fractured_33_piece_1.obj is not a valid directory, skipping.
Warning: /workspace/everyday_all_2/Bowl_2efc35a3625fa50961a9876fa6384765_fractured_22_piece_0.obj,Bowl_2efc35a3625fa50961a9876fa6384765_fractured_22_piece_1.obj is not a valid directory, skipping.
Warning: /workspace/everyday_all_2/Bowl_2efc35a3625fa50961a9876fa6384765_fractured_21_piece_0.obj,Bowl_2efc35a3625fa50961a9876fa6384765_fractured_21_piece_1.obj is not a valid directory, skipping.
Warning: /workspace/everyday_all_2/Bowl_2efc35a3625fa50961a9876fa6384765_fractured_8_piece_0.obj,Bowl_2efc35a3625fa50961a9876fa6384765_fractured_8_piece_1.obj is not a valid directory, skipping.
Warning: /workspace/everyday_all_2/Bowl_2efc35a3625fa50961a9876fa6384765_fractured_53_piece_0.obj,Bowl_2efc35a3625fa50961a9876fa6384765_fractured_53_piece_1.obj is not a valid directory, skipping.
Warning: /workspace/everyday_all_2/Bowl_2efc35a3625fa50961a9876fa6384765_fractured_57_piece_0.obj,Bowl_2efc35a3625fa50961a9876fa6384765_fractured_57_piece_1.obj is not a valid directory, skipping.
Warning: /workspace/everyday_all_2/Bowl_2efc35a3625fa50961a9876fa6384765_fractured_71_piece_0.obj,Bowl_2efc35a3625fa50961a9876fa6384765_fractured_71_piece_1.obj is not a valid directory, skipping.
Warning: /workspace/everyday_all_2/Vase_a1fae2bdac896ab83a75e6d000e08290_fractured_78_piece_0.obj,Vase_a1fae2bdac896ab83a75e6d000e08290_fractured_78_piece_1.obj is not a valid directory, skipping.
Warning: /workspace/everyday_all_2/Vase_a1fae2bdac896ab83a75e6d000e08290_fractured_5_piece_0.obj,Vase_a1fae2bdac896ab83a75e6d000e08290_fractured_5_piece_1.obj is not a valid directory, skipping.
Warning: /workspace/everyday_all_2/Vase_a1fae2bdac896ab83a75e6d000e08290_fractured_50_piece_0.obj,Vase_a1fae2bdac896ab83a75e6d000e08290_fractured_50_piece_1.obj is not a valid directory, skipping.
Warning: /workspace/everyday_all_2/Vase_a1fae2bdac896ab83a75e6d000e08290_fractured_31_piece_0.obj,Vase_a1fae2bdac896ab83a75e6d000e08290_fractured_31_piece_1.obj is not a valid directory, skipping.
Warning: /workspace/everyday_all_2/Vase_a1fae2bdac896ab83a75e6d000e08290_fractured_10_piece_0.obj,Vase_a1fae2bdac896ab83a75e6d000e08290_fractured_10_piece_1.obj is not a valid directory, skipping.
Warning: /workspace/everyday_all_2/WineBottle_437678d4bc6be981c8724d5673a063a6_fractured_58_piece_0.obj,WineBottle_437678d4bc6be981c8724d5673a063a6_fractured_58_piece_1.obj is not a valid directory, skipping.
Warning: /workspace/everyday_all_2/WineBottle_437678d4bc6be981c8724d5673a063a6_fractured_7_piece_0.obj,WineBottle_437678d4bc6be981c8724d5673a063a6_fractured_7_piece_1.obj is not a valid directory, skipping.
Warning: /workspace/everyday_all_2/WineBottle_437678d4bc6be981c8724d5673a063a6_fractured_54_piece_0.obj,WineBottle_437678d4bc6be981c8724d5673a063a6_fractured_54_piece_1.obj is not a valid directory, skipping.
Warning: /workspace/everyday_all_2/WineBottle_437678d4bc6be981c8724d5673a063a6_fractured_20_piece_0.obj,WineBottle_437678d4bc6be981c8724d5673a063a6_fractured_20_piece_1.obj is not a valid directory, skipping.
Warning: /workspace/everyday_all_2/WineGlass_2d89d2b3b6749a9d99fbba385cc0d41d_mode_1_piece_0.obj,WineGlass_2d89d2b3b6749a9d99fbba385cc0d41d_mode_1_piece_1.obj is not a valid directory, skipping.
Warning: /workspace/everyday_all_2/Mug_1ea9ea99ac8ed233bf355ac8109b9988_mode_1_piece_0.obj,Mug_1ea9ea99ac8ed233bf355ac8109b9988_mode_1_piece_1.obj is not a valid directory, skipping.
Warning: /workspace/everyday_all_2/Bottle_f452c1053f88cd2fc21f7907838a35d1_fractured_41_piece_0.obj,Bottle_f452c1053f88cd2fc21f7907838a35d1_fractured_41_piece_1.obj is not a valid directory, skipping.
Warning: /workspace/everyday_all_2/Bottle_f452c1053f88cd2fc21f7907838a35d1_fractured_77_piece_0.obj,Bottle_f452c1053f88cd2fc21f7907838a35d1_fractured_77_piece_1.obj is not a valid directory, skipping.
Warning: /workspace/everyday_all_2/Bottle_f452c1053f88cd2fc21f7907838a35d1_fractured_42_piece_0.obj,Bottle_f452c1053f88cd2fc21f7907838a35d1_fractured_42_piece_1.obj is not a valid directory, skipping.
Warning: /workspace/everyday_all_2/Bottle_f452c1053f88cd2fc21f7907838a35d1_fractured_67_piece_0.obj,Bottle_f452c1053f88cd2fc21f7907838a35d1_fractured_67_piece_1.obj is not a valid directory, skipping.
Warning: /workspace/everyday_all_2/Bottle_f452c1053f88cd2fc21f7907838a35d1_fractured_37_piece_0.obj,Bottle_f452c1053f88cd2fc21f7907838a35d1_fractured_37_piece_1.obj is not a valid directory, skipping.
Warning: /workspace/everyday_all_2/Bottle_f452c1053f88cd2fc21f7907838a35d1_fractured_20_piece_0.obj,Bottle_f452c1053f88cd2fc21f7907838a35d1_fractured_20_piece_1.obj is not a valid directory, skipping.
Warning: /workspace/everyday_all_2/Bottle_f452c1053f88cd2fc21f7907838a35d1_fractured_26_piece_0.obj,Bottle_f452c1053f88cd2fc21f7907838a35d1_fractured_26_piece_1.obj is not a valid directory, skipping.
Warning: /workspace/everyday_all_2/Bottle_f452c1053f88cd2fc21f7907838a35d1_fractured_28_piece_0.obj,Bottle_f452c1053f88cd2fc21f7907838a35d1_fractured_28_piece_1.obj is not a valid directory, skipping.
Warning: /workspace/everyday_all_2/Bottle_f452c1053f88cd2fc21f7907838a35d1_fractured_7_piece_0.obj,Bottle_f452c1053f88cd2fc21f7907838a35d1_fractured_7_piece_1.obj is not a valid directory, skipping.
Warning: /workspace/everyday_all_2/PillBottle_ec42773c595dc08e4d678187b8261d95_fractured_54_piece_0.obj,PillBottle_ec42773c595dc08e4d678187b8261d95_fractured_54_piece_1.obj is not a valid directory, skipping.
Warning: /workspace/everyday_all_2/PillBottle_ec42773c595dc08e4d678187b8261d95_fractured_5_piece_0.obj,PillBottle_ec42773c595dc08e4d678187b8261d95_fractured_5_piece_1.obj is not a valid directory, skipping.
Warning: /workspace/everyday_all_2/PillBottle_ec42773c595dc08e4d678187b8261d95_fractured_53_piece_0.obj,PillBottle_ec42773c595dc08e4d678187b8261d95_fractured_53_piece_1.obj is not a valid directory, skipping.
Warning: /workspace/everyday_all_2/PillBottle_ec42773c595dc08e4d678187b8261d95_fractured_71_piece_0.obj,PillBottle_ec42773c595dc08e4d678187b8261d95_fractured_71_piece_1.obj is not a valid directory, skipping.
Warning: /workspace/everyday_all_2/PillBottle_ec42773c595dc08e4d678187b8261d95_fractured_8_piece_0.obj,PillBottle_ec42773c595dc08e4d678187b8261d95_fractured_8_piece_1.obj is not a valid directory, skipping.
Warning: /workspace/everyday_all_2/Mug_d7ba704184d424dfd56d9106430c3fe_fractured_78_piece_0.obj,Mug_d7ba704184d424dfd56d9106430c3fe_fractured_78_piece_1.obj is not a valid directory, skipping.
Warning: /workspace/everyday_all_2/Mug_d7ba704184d424dfd56d9106430c3fe_fractured_25_piece_0.obj,Mug_d7ba704184d424dfd56d9106430c3fe_fractured_25_piece_1.obj is not a valid directory, skipping.
Warning: /workspace/everyday_all_2/Mug_d7ba704184d424dfd56d9106430c3fe_fractured_50_piece_0.obj,Mug_d7ba704184d424dfd56d9106430c3fe_fractured_50_piece_1.obj is not a valid directory, skipping.
Warning: /workspace/everyday_all_2/Mug_d7ba704184d424dfd56d9106430c3fe_fractured_39_piece_0.obj,Mug_d7ba704184d424dfd56d9106430c3fe_fractured_39_piece_1.obj is not a valid directory, skipping.
Warning: /workspace/everyday_all_2/Mug_d7ba704184d424dfd56d9106430c3fe_fractured_66_piece_0.obj,Mug_d7ba704184d424dfd56d9106430c3fe_fractured_66_piece_1.obj is not a valid directory, skipping.
Warning: /workspace/everyday_all_2/Mug_d7ba704184d424dfd56d9106430c3fe_fractured_60_piece_0.obj,Mug_d7ba704184d424dfd56d9106430c3fe_fractured_60_piece_1.obj is not a valid directory, skipping.
Warning: /workspace/everyday_all_2/Mug_d7ba704184d424dfd56d9106430c3fe_fractured_48_piece_0.obj,Mug_d7ba704184d424dfd56d9106430c3fe_fractured_48_piece_1.obj is not a valid directory, skipping.
Warning: /workspace/everyday_all_2/Mug_d7ba704184d424dfd56d9106430c3fe_fractured_16_piece_0.obj,Mug_d7ba704184d424dfd56d9106430c3fe_fractured_16_piece_1.obj is not a valid directory, skipping.
Warning: /workspace/everyday_all_2/Mug_d7ba704184d424dfd56d9106430c3fe_fractured_17_piece_0.obj,Mug_d7ba704184d424dfd56d9106430c3fe_fractured_17_piece_1.obj is not a valid directory, skipping.
Warning: /workspace/everyday_all_2/Mug_d7ba704184d424dfd56d9106430c3fe_fractured_44_piece_0.obj,Mug_d7ba704184d424dfd56d9106430c3fe_fractured_44_piece_1.obj is not a valid directory, skipping.
Warning: /workspace/everyday_all_2/Mug_d7ba704184d424dfd56d9106430c3fe_fractured_1_piece_0.obj,Mug_d7ba704184d424dfd56d9106430c3fe_fractured_1_piece_1.obj is not a valid directory, skipping.
Warning: /workspace/everyday_all_2/Mug_d7ba704184d424dfd56d9106430c3fe_fractured_24_piece_0.obj,Mug_d7ba704184d424dfd56d9106430c3fe_fractured_24_piece_1.obj is not a valid directory, skipping.
Warning: /workspace/everyday_all_2/Mug_d7ba704184d424dfd56d9106430c3fe_fractured_79_piece_0.obj,Mug_d7ba704184d424dfd56d9106430c3fe_fractured_79_piece_1.obj is not a valid directory, skipping.
Warning: /workspace/everyday_all_2/Mug_d7ba704184d424dfd56d9106430c3fe_fractured_72_piece_0.obj,Mug_d7ba704184d424dfd56d9106430c3fe_fractured_72_piece_1.obj is not a valid directory, skipping.
Warning: /workspace/everyday_all_2/Mug_d7ba704184d424dfd56d9106430c3fe_fractured_36_piece_0.obj,Mug_d7ba704184d424dfd56d9106430c3fe_fractured_36_piece_1.obj is not a valid directory, skipping.
Warning: /workspace/everyday_all_2/Mug_d7ba704184d424dfd56d9106430c3fe_fractured_40_piece_0.obj,Mug_d7ba704184d424dfd56d9106430c3fe_fractured_40_piece_1.obj is not a valid directory, skipping.
Warning: /workspace/everyday_all_2/Mug_d7ba704184d424dfd56d9106430c3fe_fractured_70_piece_0.obj,Mug_d7ba704184d424dfd56d9106430c3fe_fractured_70_piece_1.obj is not a valid directory, skipping.
Warning: /workspace/everyday_all_2/Mug_d7ba704184d424dfd56d9106430c3fe_fractured_13_piece_0.obj,Mug_d7ba704184d424dfd56d9106430c3fe_fractured_13_piece_1.obj is not a valid directory, skipping.
Warning: /workspace/everyday_all_2/Mirror_a3f89a8c3aea8cdf35836c728d324152_fractured_25_piece_0.obj,Mirror_a3f89a8c3aea8cdf35836c728d324152_fractured_25_piece_1.obj is not a valid directory, skipping.
Warning: /workspace/everyday_all_2/Mirror_a3f89a8c3aea8cdf35836c728d324152_fractured_9_piece_0.obj,Mirror_a3f89a8c3aea8cdf35836c728d324152_fractured_9_piece_1.obj is not a valid directory, skipping.
Warning: /workspace/everyday_all_2/Mirror_a3f89a8c3aea8cdf35836c728d324152_fractured_14_piece_0.obj,Mirror_a3f89a8c3aea8cdf35836c728d324152_fractured_14_piece_1.obj is not a valid directory, skipping.
Warning: /workspace/everyday_all_2/Mirror_a3f89a8c3aea8cdf35836c728d324152_fractured_5_piece_0.obj,Mirror_a3f89a8c3aea8cdf35836c728d324152_fractured_5_piece_1.obj is not a valid directory, skipping.
Warning: /workspace/everyday_all_2/Mirror_a3f89a8c3aea8cdf35836c728d324152_fractured_78_piece_0.obj,Mirror_a3f89a8c3aea8cdf35836c728d324152_fractured_78_piece_1.obj is not a valid directory, skipping.
Warning: /workspace/everyday_all_2/Mirror_a3f89a8c3aea8cdf35836c728d324152_fractured_49_piece_0.obj,Mirror_a3f89a8c3aea8cdf35836c728d324152_fractured_49_piece_1.obj is not a valid directory, skipping.
Warning: /workspace/everyday_all_2/Mirror_a3f89a8c3aea8cdf35836c728d324152_fractured_63_piece_0.obj,Mirror_a3f89a8c3aea8cdf35836c728d324152_fractured_63_piece_1.obj is not a valid directory, skipping.
Warning: /workspace/everyday_all_2/Mirror_a3f89a8c3aea8cdf35836c728d324152_fractured_45_piece_0.obj,Mirror_a3f89a8c3aea8cdf35836c728d324152_fractured_45_piece_1.obj is not a valid directory, skipping.
Warning: /workspace/everyday_all_2/DrinkingUtensil_588bc5c6c296fa9cd858706c4c6b1423_fractured_17_piece_0.obj,DrinkingUtensil_588bc5c6c296fa9cd858706c4c6b1423_fractured_17_piece_1.obj is not a valid directory, skipping.
Warning: /workspace/everyday_all_2/DrinkingUtensil_588bc5c6c296fa9cd858706c4c6b1423_fractured_69_piece_0.obj,DrinkingUtensil_588bc5c6c296fa9cd858706c4c6b1423_fractured_69_piece_1.obj is not a valid directory, skipping.
Warning: /workspace/everyday_all_2/DrinkingUtensil_588bc5c6c296fa9cd858706c4c6b1423_fractured_25_piece_0.obj,DrinkingUtensil_588bc5c6c296fa9cd858706c4c6b1423_fractured_25_piece_1.obj is not a valid directory, skipping.
Warning: /workspace/everyday_all_2/DrinkingUtensil_588bc5c6c296fa9cd858706c4c6b1423_fractured_45_piece_0.obj,DrinkingUtensil_588bc5c6c296fa9cd858706c4c6b1423_fractured_45_piece_1.obj is not a valid directory, skipping.
Warning: /workspace/everyday_all_2/DrinkingUtensil_588bc5c6c296fa9cd858706c4c6b1423_fractured_42_piece_0.obj,DrinkingUtensil_588bc5c6c296fa9cd858706c4c6b1423_fractured_42_piece_1.obj is not a valid directory, skipping.
Warning: /workspace/everyday_all_2/DrinkingUtensil_588bc5c6c296fa9cd858706c4c6b1423_fractured_0_piece_0.obj,DrinkingUtensil_588bc5c6c296fa9cd858706c4c6b1423_fractured_0_piece_1.obj is not a valid directory, skipping.
Warning: /workspace/everyday_all_2/Bowl_4b93a81c3534e56d19620b61f6587b3e_mode_1_piece_0.obj,Bowl_4b93a81c3534e56d19620b61f6587b3e_mode_1_piece_1.obj is not a valid directory, skipping.
Warning: /workspace/everyday_all_2/Vase_b1584e986a706101773b5d04f2ffad47_fractured_2_piece_0.obj,Vase_b1584e986a706101773b5d04f2ffad47_fractured_2_piece_1.obj is not a valid directory, skipping.
Warning: /workspace/everyday_all_2/Vase_b1584e986a706101773b5d04f2ffad47_fractured_44_piece_1.obj,Vase_b1584e986a706101773b5d04f2ffad47_fractured_44_piece_0.obj is not a valid directory, skipping.
Warning: /workspace/everyday_all_2/Vase_b1584e986a706101773b5d04f2ffad47_fractured_48_piece_0.obj,Vase_b1584e986a706101773b5d04f2ffad47_fractured_48_piece_1.obj is not a valid directory, skipping.
Warning: /workspace/everyday_all_2/Vase_b1584e986a706101773b5d04f2ffad47_fractured_27_piece_1.obj,Vase_b1584e986a706101773b5d04f2ffad47_fractured_27_piece_0.obj is not a valid directory, skipping.
Warning: /workspace/everyday_all_2/Vase_b1584e986a706101773b5d04f2ffad47_fractured_71_piece_0.obj,Vase_b1584e986a706101773b5d04f2ffad47_fractured_71_piece_1.obj is not a valid directory, skipping.
Warning: /workspace/everyday_all_2/Vase_b1584e986a706101773b5d04f2ffad47_fractured_20_piece_1.obj,Vase_b1584e986a706101773b5d04f2ffad47_fractured_20_piece_0.obj is not a valid directory, skipping.
Warning: /workspace/everyday_all_2/Vase_b1584e986a706101773b5d04f2ffad47_fractured_24_piece_0.obj,Vase_b1584e986a706101773b5d04f2ffad47_fractured_24_piece_1.obj is not a valid directory, skipping.
Warning: /workspace/everyday_all_2/Vase_b1584e986a706101773b5d04f2ffad47_fractured_36_piece_0.obj,Vase_b1584e986a706101773b5d04f2ffad47_fractured_36_piece_1.obj is not a valid directory, skipping.
Warning: /workspace/everyday_all_2/Vase_b1584e986a706101773b5d04f2ffad47_fractured_30_piece_0.obj,Vase_b1584e986a706101773b5d04f2ffad47_fractured_30_piece_1.obj is not a valid directory, skipping.
Warning: /workspace/everyday_all_2/Vase_b1584e986a706101773b5d04f2ffad47_fractured_47_piece_0.obj,Vase_b1584e986a706101773b5d04f2ffad47_fractured_47_piece_1.obj is not a valid directory, skipping.
Warning: /workspace/everyday_all_2/Vase_b1584e986a706101773b5d04f2ffad47_fractured_53_piece_0.obj,Vase_b1584e986a706101773b5d04f2ffad47_fractured_53_piece_1.obj is not a valid directory, skipping.
Warning: /workspace/everyday_all_2/Vase_b1584e986a706101773b5d04f2ffad47_fractured_57_piece_0.obj,Vase_b1584e986a706101773b5d04f2ffad47_fractured_57_piece_1.obj is not a valid directory, skipping.
Warning: /workspace/everyday_all_2/Vase_b1584e986a706101773b5d04f2ffad47_fractured_49_piece_0.obj,Vase_b1584e986a706101773b5d04f2ffad47_fractured_49_piece_1.obj is not a valid directory, skipping.
Warning: /workspace/everyday_all_2/Vase_b1584e986a706101773b5d04f2ffad47_fractured_31_piece_0.obj,Vase_b1584e986a706101773b5d04f2ffad47_fractured_31_piece_1.obj is not a valid directory, skipping.
Warning: /workspace/everyday_all_2/Vase_b1584e986a706101773b5d04f2ffad47_fractured_51_piece_0.obj,Vase_b1584e986a706101773b5d04f2ffad47_fractured_51_piece_1.obj is not a valid directory, skipping.
Warning: /workspace/everyday_all_2/Vase_b1584e986a706101773b5d04f2ffad47_fractured_73_piece_0.obj,Vase_b1584e986a706101773b5d04f2ffad47_fractured_73_piece_1.obj is not a valid directory, skipping.
Warning: /workspace/everyday_all_2/Vase_b1584e986a706101773b5d04f2ffad47_fractured_40_piece_1.obj,Vase_b1584e986a706101773b5d04f2ffad47_fractured_40_piece_0.obj is not a valid directory, skipping.
Warning: /workspace/everyday_all_2/DrinkingUtensil_82e511db9c78dba0dbba3efff716f351_fractured_59_piece_0.obj,DrinkingUtensil_82e511db9c78dba0dbba3efff716f351_fractured_59_piece_1.obj is not a valid directory, skipping.
Warning: /workspace/everyday_all_2/DrinkingUtensil_82e511db9c78dba0dbba3efff716f351_fractured_25_piece_0.obj,DrinkingUtensil_82e511db9c78dba0dbba3efff716f351_fractured_25_piece_1.obj is not a valid directory, skipping.
Warning: /workspace/everyday_all_2/DrinkingUtensil_82e511db9c78dba0dbba3efff716f351_fractured_29_piece_0.obj,DrinkingUtensil_82e511db9c78dba0dbba3efff716f351_fractured_29_piece_1.obj is not a valid directory, skipping.
Warning: /workspace/everyday_all_2/Vase_ef5269ba557da598561dce3fe08634b7_mode_1_piece_1.obj,Vase_ef5269ba557da598561dce3fe08634b7_mode_1_piece_0.obj is not a valid directory, skipping.
Warning: /workspace/everyday_all_2/WineBottle_1c79735033726294724d5ee7f09ab66b_mode_1_piece_0.obj,WineBottle_1c79735033726294724d5ee7f09ab66b_mode_1_piece_1.obj is not a valid directory, skipping.
Warning: /workspace/everyday_all_2/Vase_8fb8d64e04e0be16a383bc0337fb2972_mode_1_piece_0.obj,Vase_8fb8d64e04e0be16a383bc0337fb2972_mode_1_piece_1.obj is not a valid directory, skipping.
Warning: /workspace/everyday_all_2/DrinkBottle_7d41c6018862dc419d231837a704886d_fractured_15_piece_0.obj,DrinkBottle_7d41c6018862dc419d231837a704886d_fractured_15_piece_1.obj is not a valid directory, skipping.
Warning: /workspace/everyday_all_2/DrinkBottle_7d41c6018862dc419d231837a704886d_fractured_13_piece_0.obj,DrinkBottle_7d41c6018862dc419d231837a704886d_fractured_13_piece_1.obj is not a valid directory, skipping.
Warning: /workspace/everyday_all_2/DrinkBottle_7d41c6018862dc419d231837a704886d_fractured_45_piece_0.obj,DrinkBottle_7d41c6018862dc419d231837a704886d_fractured_45_piece_1.obj is not a valid directory, skipping.
Warning: /workspace/everyday_all_2/DrinkBottle_7d41c6018862dc419d231837a704886d_fractured_60_piece_0.obj,DrinkBottle_7d41c6018862dc419d231837a704886d_fractured_60_piece_1.obj is not a valid directory, skipping.
Warning: /workspace/everyday_all_2/DrinkBottle_7d41c6018862dc419d231837a704886d_fractured_40_piece_0.obj,DrinkBottle_7d41c6018862dc419d231837a704886d_fractured_40_piece_1.obj is not a valid directory, skipping.
Warning: /workspace/everyday_all_2/DrinkBottle_7d41c6018862dc419d231837a704886d_fractured_68_piece_0.obj,DrinkBottle_7d41c6018862dc419d231837a704886d_fractured_68_piece_1.obj is not a valid directory, skipping.
Warning: /workspace/everyday_all_2/DrinkBottle_7d41c6018862dc419d231837a704886d_fractured_37_piece_0.obj,DrinkBottle_7d41c6018862dc419d231837a704886d_fractured_37_piece_1.obj is not a valid directory, skipping.
Warning: /workspace/everyday_all_2/DrinkBottle_7d41c6018862dc419d231837a704886d_fractured_10_piece_0.obj,DrinkBottle_7d41c6018862dc419d231837a704886d_fractured_10_piece_1.obj is not a valid directory, skipping.
Warning: /workspace/everyday_all_2/DrinkBottle_7d41c6018862dc419d231837a704886d_fractured_67_piece_0.obj,DrinkBottle_7d41c6018862dc419d231837a704886d_fractured_67_piece_1.obj is not a valid directory, skipping.
Warning: /workspace/everyday_all_2/Vase_705824eed1eb58f0ee106795de609335_fractured_25_piece_0.obj,Vase_705824eed1eb58f0ee106795de609335_fractured_25_piece_1.obj is not a valid directory, skipping.
Warning: /workspace/everyday_all_2/Vase_705824eed1eb58f0ee106795de609335_fractured_35_piece_0.obj,Vase_705824eed1eb58f0ee106795de609335_fractured_35_piece_1.obj is not a valid directory, skipping.
Warning: /workspace/everyday_all_2/Vase_705824eed1eb58f0ee106795de609335_fractured_6_piece_0.obj,Vase_705824eed1eb58f0ee106795de609335_fractured_6_piece_1.obj is not a valid directory, skipping.
Warning: /workspace/everyday_all_2/Vase_705824eed1eb58f0ee106795de609335_fractured_73_piece_0.obj,Vase_705824eed1eb58f0ee106795de609335_fractured_73_piece_1.obj is not a valid directory, skipping.
Warning: /workspace/everyday_all_2/Vase_705824eed1eb58f0ee106795de609335_fractured_77_piece_0.obj,Vase_705824eed1eb58f0ee106795de609335_fractured_77_piece_1.obj is not a valid directory, skipping.
Warning: /workspace/everyday_all_2/Vase_705824eed1eb58f0ee106795de609335_fractured_37_piece_0.obj,Vase_705824eed1eb58f0ee106795de609335_fractured_37_piece_1.obj is not a valid directory, skipping.
Warning: /workspace/everyday_all_2/Vase_705824eed1eb58f0ee106795de609335_fractured_76_piece_0.obj,Vase_705824eed1eb58f0ee106795de609335_fractured_76_piece_1.obj is not a valid directory, skipping.
Warning: /workspace/everyday_all_2/Vase_705824eed1eb58f0ee106795de609335_fractured_65_piece_0.obj,Vase_705824eed1eb58f0ee106795de609335_fractured_65_piece_1.obj is not a valid directory, skipping.
Warning: /workspace/everyday_all_2/Vase_705824eed1eb58f0ee106795de609335_fractured_59_piece_0.obj,Vase_705824eed1eb58f0ee106795de609335_fractured_59_piece_1.obj is not a valid directory, skipping.
Warning: /workspace/everyday_all_2/Vase_705824eed1eb58f0ee106795de609335_fractured_7_piece_0.obj,Vase_705824eed1eb58f0ee106795de609335_fractured_7_piece_1.obj is not a valid directory, skipping.
Warning: /workspace/everyday_all_2/Vase_705824eed1eb58f0ee106795de609335_fractured_31_piece_0.obj,Vase_705824eed1eb58f0ee106795de609335_fractured_31_piece_1.obj is not a valid directory, skipping.
Warning: /workspace/everyday_all_2/Vase_705824eed1eb58f0ee106795de609335_fractured_60_piece_0.obj,Vase_705824eed1eb58f0ee106795de609335_fractured_60_piece_1.obj is not a valid directory, skipping.
Warning: /workspace/everyday_all_2/Vase_705824eed1eb58f0ee106795de609335_fractured_54_piece_0.obj,Vase_705824eed1eb58f0ee106795de609335_fractured_54_piece_1.obj is not a valid directory, skipping.
Warning: /workspace/everyday_all_2/DrinkingUtensil_31ec660f1bdbec47ddcb31426795fd11_mode_1_piece_0.obj,DrinkingUtensil_31ec660f1bdbec47ddcb31426795fd11_mode_1_piece_1.obj is not a valid directory, skipping.
Warning: /workspace/everyday_all_2/Vase_bcf5a4b764ddeac759f9892433e1b1f4_fractured_17_piece_0.obj,Vase_bcf5a4b764ddeac759f9892433e1b1f4_fractured_17_piece_1.obj is not a valid directory, skipping.
Warning: /workspace/everyday_all_2/Vase_bcf5a4b764ddeac759f9892433e1b1f4_fractured_68_piece_0.obj,Vase_bcf5a4b764ddeac759f9892433e1b1f4_fractured_68_piece_1.obj is not a valid directory, skipping.
Warning: /workspace/everyday_all_2/Vase_bcf5a4b764ddeac759f9892433e1b1f4_fractured_61_piece_0.obj,Vase_bcf5a4b764ddeac759f9892433e1b1f4_fractured_61_piece_1.obj is not a valid directory, skipping.
Warning: /workspace/everyday_all_2/Bottle_621e786d6343d3aa2c96718b14a4add9_fractured_53_piece_0.obj,Bottle_621e786d6343d3aa2c96718b14a4add9_fractured_53_piece_1.obj is not a valid directory, skipping.
Warning: /workspace/everyday_all_2/Bottle_621e786d6343d3aa2c96718b14a4add9_fractured_10_piece_0.obj,Bottle_621e786d6343d3aa2c96718b14a4add9_fractured_10_piece_1.obj is not a valid directory, skipping.
Warning: /workspace/everyday_all_2/Bottle_621e786d6343d3aa2c96718b14a4add9_fractured_31_piece_0.obj,Bottle_621e786d6343d3aa2c96718b14a4add9_fractured_31_piece_1.obj is not a valid directory, skipping.
Warning: /workspace/everyday_all_2/Bottle_621e786d6343d3aa2c96718b14a4add9_fractured_72_piece_0.obj,Bottle_621e786d6343d3aa2c96718b14a4add9_fractured_72_piece_1.obj is not a valid directory, skipping.
Warning: /workspace/everyday_all_2/Bottle_621e786d6343d3aa2c96718b14a4add9_fractured_62_piece_0.obj,Bottle_621e786d6343d3aa2c96718b14a4add9_fractured_62_piece_1.obj is not a valid directory, skipping.
Warning: /workspace/everyday_all_2/Mirror_7d4a702f45999d343f7e27638e63d848_fractured_53_piece_0.obj,Mirror_7d4a702f45999d343f7e27638e63d848_fractured_53_piece_1.obj is not a valid directory, skipping.
Warning: /workspace/everyday_all_2/Mirror_7d4a702f45999d343f7e27638e63d848_fractured_45_piece_0.obj,Mirror_7d4a702f45999d343f7e27638e63d848_fractured_45_piece_1.obj is not a valid directory, skipping.
Warning: /workspace/everyday_all_2/Mirror_7d4a702f45999d343f7e27638e63d848_fractured_76_piece_0.obj,Mirror_7d4a702f45999d343f7e27638e63d848_fractured_76_piece_1.obj is not a valid directory, skipping.
Warning: /workspace/everyday_all_2/Mirror_7d4a702f45999d343f7e27638e63d848_fractured_32_piece_0.obj,Mirror_7d4a702f45999d343f7e27638e63d848_fractured_32_piece_1.obj is not a valid directory, skipping.
Warning: /workspace/everyday_all_2/Mirror_7d4a702f45999d343f7e27638e63d848_fractured_25_piece_0.obj,Mirror_7d4a702f45999d343f7e27638e63d848_fractured_25_piece_1.obj is not a valid directory, skipping.
Warning: /workspace/everyday_all_2/ToyFigure_3088a06a2a41238fedcf241999f58538_fractured_8_piece_0.obj,ToyFigure_3088a06a2a41238fedcf241999f58538_fractured_8_piece_1.obj is not a valid directory, skipping.
Warning: /workspace/everyday_all_2/ToyFigure_3088a06a2a41238fedcf241999f58538_fractured_72_piece_0.obj,ToyFigure_3088a06a2a41238fedcf241999f58538_fractured_72_piece_1.obj is not a valid directory, skipping.
Warning: /workspace/everyday_all_2/ToyFigure_3088a06a2a41238fedcf241999f58538_fractured_63_piece_0.obj,ToyFigure_3088a06a2a41238fedcf241999f58538_fractured_63_piece_1.obj is not a valid directory, skipping.
Warning: /workspace/everyday_all_2/ToyFigure_3088a06a2a41238fedcf241999f58538_fractured_77_piece_0.obj,ToyFigure_3088a06a2a41238fedcf241999f58538_fractured_77_piece_1.obj is not a valid directory, skipping.
Warning: /workspace/everyday_all_2/ToyFigure_3088a06a2a41238fedcf241999f58538_fractured_31_piece_0.obj,ToyFigure_3088a06a2a41238fedcf241999f58538_fractured_31_piece_1.obj is not a valid directory, skipping.
Warning: /workspace/everyday_all_2/ToyFigure_3088a06a2a41238fedcf241999f58538_fractured_16_piece_0.obj,ToyFigure_3088a06a2a41238fedcf241999f58538_fractured_16_piece_1.obj is not a valid directory, skipping.
Warning: /workspace/everyday_all_2/ToyFigure_3088a06a2a41238fedcf241999f58538_fractured_37_piece_0.obj,ToyFigure_3088a06a2a41238fedcf241999f58538_fractured_37_piece_1.obj is not a valid directory, skipping.
Warning: /workspace/everyday_all_2/ToyFigure_3088a06a2a41238fedcf241999f58538_fractured_71_piece_0.obj,ToyFigure_3088a06a2a41238fedcf241999f58538_fractured_71_piece_1.obj is not a valid directory, skipping.
Warning: /workspace/everyday_all_2/ToyFigure_3088a06a2a41238fedcf241999f58538_fractured_0_piece_0.obj,ToyFigure_3088a06a2a41238fedcf241999f58538_fractured_0_piece_1.obj is not a valid directory, skipping.
Warning: /workspace/everyday_all_2/ToyFigure_3088a06a2a41238fedcf241999f58538_fractured_30_piece_0.obj,ToyFigure_3088a06a2a41238fedcf241999f58538_fractured_30_piece_1.obj is not a valid directory, skipping.
Warning: /workspace/everyday_all_2/ToyFigure_3088a06a2a41238fedcf241999f58538_fractured_49_piece_0.obj,ToyFigure_3088a06a2a41238fedcf241999f58538_fractured_49_piece_1.obj is not a valid directory, skipping.
Warning: /workspace/everyday_all_2/ToyFigure_3088a06a2a41238fedcf241999f58538_fractured_25_piece_0.obj,ToyFigure_3088a06a2a41238fedcf241999f58538_fractured_25_piece_1.obj is not a valid directory, skipping.
Warning: /workspace/everyday_all_2/ToyFigure_3088a06a2a41238fedcf241999f58538_fractured_45_piece_0.obj,ToyFigure_3088a06a2a41238fedcf241999f58538_fractured_45_piece_1.obj is not a valid directory, skipping.
Warning: /workspace/everyday_all_2/ToyFigure_3088a06a2a41238fedcf241999f58538_fractured_62_piece_0.obj,ToyFigure_3088a06a2a41238fedcf241999f58538_fractured_62_piece_1.obj is not a valid directory, skipping.
Warning: /workspace/everyday_all_2/ToyFigure_3088a06a2a41238fedcf241999f58538_fractured_51_piece_0.obj,ToyFigure_3088a06a2a41238fedcf241999f58538_fractured_51_piece_1.obj is not a valid directory, skipping.
Warning: /workspace/everyday_all_2/ToyFigure_3088a06a2a41238fedcf241999f58538_fractured_26_piece_0.obj,ToyFigure_3088a06a2a41238fedcf241999f58538_fractured_26_piece_1.obj is not a valid directory, skipping.
Warning: /workspace/everyday_all_2/ToyFigure_3088a06a2a41238fedcf241999f58538_fractured_66_piece_0.obj,ToyFigure_3088a06a2a41238fedcf241999f58538_fractured_66_piece_1.obj is not a valid directory, skipping.
Warning: /workspace/everyday_all_2/Mug_542235fc88d22e1e3406473757712946_mode_1_piece_0.obj,Mug_542235fc88d22e1e3406473757712946_mode_1_piece_1.obj is not a valid directory, skipping.
Warning: /workspace/everyday_all_2/Bowl_1_fractured_63_piece_0.obj,Bowl_1_fractured_63_piece_1.obj is not a valid directory, skipping.
Warning: /workspace/everyday_all_2/Bowl_1_fractured_19_piece_0.obj,Bowl_1_fractured_19_piece_1.obj is not a valid directory, skipping.
Warning: /workspace/everyday_all_2/Bowl_1_fractured_75_piece_0.obj,Bowl_1_fractured_75_piece_1.obj is not a valid directory, skipping.
Warning: /workspace/everyday_all_2/Bowl_1_fractured_50_piece_0.obj,Bowl_1_fractured_50_piece_1.obj is not a valid directory, skipping.
Warning: /workspace/everyday_all_2/Bowl_1_fractured_46_piece_0.obj,Bowl_1_fractured_46_piece_1.obj is not a valid directory, skipping.
Warning: /workspace/everyday_all_2/Bowl_1_fractured_17_piece_0.obj,Bowl_1_fractured_17_piece_1.obj is not a valid directory, skipping.
Warning: /workspace/everyday_all_2/Bowl_1_fractured_20_piece_0.obj,Bowl_1_fractured_20_piece_1.obj is not a valid directory, skipping.
Warning: /workspace/everyday_all_2/Bowl_1_fractured_3_piece_0.obj,Bowl_1_fractured_3_piece_1.obj is not a valid directory, skipping.
Warning: /workspace/everyday_all_2/Bowl_1_fractured_36_piece_0.obj,Bowl_1_fractured_36_piece_1.obj is not a valid directory, skipping.
Warning: /workspace/everyday_all_2/Spoon_dfd87854f4686dffabeb890a269504bb_mode_1_piece_0.obj,Spoon_dfd87854f4686dffabeb890a269504bb_mode_1_piece_1.obj is not a valid directory, skipping.
Warning: /workspace/everyday_all_2/Bottle_1c79735033726294724d5ee7f09ab66b_fractured_38_piece_0.obj,Bottle_1c79735033726294724d5ee7f09ab66b_fractured_38_piece_1.obj is not a valid directory, skipping.
Warning: /workspace/everyday_all_2/Bottle_1c79735033726294724d5ee7f09ab66b_fractured_56_piece_0.obj,Bottle_1c79735033726294724d5ee7f09ab66b_fractured_56_piece_1.obj is not a valid directory, skipping.
Warning: /workspace/everyday_all_2/Bottle_1c79735033726294724d5ee7f09ab66b_fractured_78_piece_0.obj,Bottle_1c79735033726294724d5ee7f09ab66b_fractured_78_piece_1.obj is not a valid directory, skipping.
Warning: /workspace/everyday_all_2/Bottle_1c79735033726294724d5ee7f09ab66b_fractured_58_piece_0.obj,Bottle_1c79735033726294724d5ee7f09ab66b_fractured_58_piece_1.obj is not a valid directory, skipping.
Warning: /workspace/everyday_all_2/Bottle_1c79735033726294724d5ee7f09ab66b_fractured_19_piece_0.obj,Bottle_1c79735033726294724d5ee7f09ab66b_fractured_19_piece_1.obj is not a valid directory, skipping.
Warning: /workspace/everyday_all_2/Bottle_1c79735033726294724d5ee7f09ab66b_fractured_59_piece_0.obj,Bottle_1c79735033726294724d5ee7f09ab66b_fractured_59_piece_1.obj is not a valid directory, skipping.
Warning: /workspace/everyday_all_2/Bottle_1c79735033726294724d5ee7f09ab66b_fractured_24_piece_0.obj,Bottle_1c79735033726294724d5ee7f09ab66b_fractured_24_piece_1.obj is not a valid directory, skipping.
Warning: /workspace/everyday_all_2/Bowl_4be4184845972fba5ea36d5a57a5a3bb_fractured_19_piece_0.obj,Bowl_4be4184845972fba5ea36d5a57a5a3bb_fractured_19_piece_1.obj is not a valid directory, skipping.
Warning: /workspace/everyday_all_2/Bowl_4be4184845972fba5ea36d5a57a5a3bb_fractured_1_piece_0.obj,Bowl_4be4184845972fba5ea36d5a57a5a3bb_fractured_1_piece_1.obj is not a valid directory, skipping.
Warning: /workspace/everyday_all_2/Bowl_4be4184845972fba5ea36d5a57a5a3bb_fractured_42_piece_0.obj,Bowl_4be4184845972fba5ea36d5a57a5a3bb_fractured_42_piece_1.obj is not a valid directory, skipping.
Warning: /workspace/everyday_all_2/Bowl_4be4184845972fba5ea36d5a57a5a3bb_fractured_7_piece_0.obj,Bowl_4be4184845972fba5ea36d5a57a5a3bb_fractured_7_piece_1.obj is not a valid directory, skipping.
Warning: /workspace/everyday_all_2/Bowl_4be4184845972fba5ea36d5a57a5a3bb_fractured_6_piece_0.obj,Bowl_4be4184845972fba5ea36d5a57a5a3bb_fractured_6_piece_1.obj is not a valid directory, skipping.
Warning: /workspace/everyday_all_2/Bowl_4be4184845972fba5ea36d5a57a5a3bb_fractured_69_piece_0.obj,Bowl_4be4184845972fba5ea36d5a57a5a3bb_fractured_69_piece_1.obj is not a valid directory, skipping.
Warning: /workspace/everyday_all_2/Bowl_4be4184845972fba5ea36d5a57a5a3bb_fractured_11_piece_0.obj,Bowl_4be4184845972fba5ea36d5a57a5a3bb_fractured_11_piece_1.obj is not a valid directory, skipping.
Warning: /workspace/everyday_all_2/Cup_4361d71e2fb5206b3db3d3acce75295_fractured_24_piece_0.obj,Cup_4361d71e2fb5206b3db3d3acce75295_fractured_24_piece_1.obj is not a valid directory, skipping.
Warning: /workspace/everyday_all_2/Cup_4361d71e2fb5206b3db3d3acce75295_fractured_35_piece_0.obj,Cup_4361d71e2fb5206b3db3d3acce75295_fractured_35_piece_1.obj is not a valid directory, skipping.
Warning: /workspace/everyday_all_2/Cup_4361d71e2fb5206b3db3d3acce75295_fractured_10_piece_0.obj,Cup_4361d71e2fb5206b3db3d3acce75295_fractured_10_piece_1.obj is not a valid directory, skipping.
Warning: /workspace/everyday_all_2/Cup_4361d71e2fb5206b3db3d3acce75295_fractured_21_piece_0.obj,Cup_4361d71e2fb5206b3db3d3acce75295_fractured_21_piece_1.obj is not a valid directory, skipping.
Warning: /workspace/everyday_all_2/Cup_4361d71e2fb5206b3db3d3acce75295_fractured_6_piece_0.obj,Cup_4361d71e2fb5206b3db3d3acce75295_fractured_6_piece_1.obj is not a valid directory, skipping.
Warning: /workspace/everyday_all_2/Cup_4361d71e2fb5206b3db3d3acce75295_fractured_65_piece_0.obj,Cup_4361d71e2fb5206b3db3d3acce75295_fractured_65_piece_1.obj is not a valid directory, skipping.
Warning: /workspace/everyday_all_2/Bowl_8_fractured_56_piece_0.obj,Bowl_8_fractured_56_piece_1.obj is not a valid directory, skipping.
Warning: /workspace/everyday_all_2/Bowl_8_fractured_55_piece_0.obj,Bowl_8_fractured_55_piece_1.obj is not a valid directory, skipping.
Warning: /workspace/everyday_all_2/Bowl_8_fractured_1_piece_0.obj,Bowl_8_fractured_1_piece_1.obj is not a valid directory, skipping.
Warning: /workspace/everyday_all_2/Bowl_8_fractured_70_piece_0.obj,Bowl_8_fractured_70_piece_1.obj is not a valid directory, skipping.
Warning: /workspace/everyday_all_2/Bowl_8_fractured_19_piece_0.obj,Bowl_8_fractured_19_piece_1.obj is not a valid directory, skipping.
Warning: /workspace/everyday_all_2/Bowl_8_fractured_42_piece_0.obj,Bowl_8_fractured_42_piece_1.obj is not a valid directory, skipping.
Warning: /workspace/everyday_all_2/Bowl_8_fractured_33_piece_0.obj,Bowl_8_fractured_33_piece_1.obj is not a valid directory, skipping.
Warning: /workspace/everyday_all_2/Bowl_8_fractured_68_piece_0.obj,Bowl_8_fractured_68_piece_1.obj is not a valid directory, skipping.
Warning: /workspace/everyday_all_2/Bowl_8_fractured_23_piece_0.obj,Bowl_8_fractured_23_piece_1.obj is not a valid directory, skipping.
Warning: /workspace/everyday_all_2/Bowl_8_fractured_64_piece_0.obj,Bowl_8_fractured_64_piece_1.obj is not a valid directory, skipping.
Warning: /workspace/everyday_all_2/Bowl_8_fractured_36_piece_0.obj,Bowl_8_fractured_36_piece_1.obj is not a valid directory, skipping.
Warning: /workspace/everyday_all_2/Vase_d74e6a54e500b5744f9bdb71bf603cdc_mode_1_piece_0.obj,Vase_d74e6a54e500b5744f9bdb71bf603cdc_mode_1_piece_1.obj is not a valid directory, skipping.
Warning: /workspace/everyday_all_2/Plate_9969f6178dcd67101c75d484f9069623_fractured_30_piece_0.obj,Plate_9969f6178dcd67101c75d484f9069623_fractured_30_piece_1.obj is not a valid directory, skipping.
Warning: /workspace/everyday_all_2/Plate_9969f6178dcd67101c75d484f9069623_fractured_50_piece_0.obj,Plate_9969f6178dcd67101c75d484f9069623_fractured_50_piece_1.obj is not a valid directory, skipping.
Warning: /workspace/everyday_all_2/Plate_9969f6178dcd67101c75d484f9069623_fractured_65_piece_0.obj,Plate_9969f6178dcd67101c75d484f9069623_fractured_65_piece_1.obj is not a valid directory, skipping.
Warning: /workspace/everyday_all_2/Plate_9969f6178dcd67101c75d484f9069623_fractured_75_piece_0.obj,Plate_9969f6178dcd67101c75d484f9069623_fractured_75_piece_1.obj is not a valid directory, skipping.
Warning: /workspace/everyday_all_2/Plate_9969f6178dcd67101c75d484f9069623_fractured_59_piece_0.obj,Plate_9969f6178dcd67101c75d484f9069623_fractured_59_piece_1.obj is not a valid directory, skipping.
Warning: /workspace/everyday_all_2/Plate_9969f6178dcd67101c75d484f9069623_fractured_31_piece_0.obj,Plate_9969f6178dcd67101c75d484f9069623_fractured_31_piece_1.obj is not a valid directory, skipping.
Warning: /workspace/everyday_all_2/Plate_9969f6178dcd67101c75d484f9069623_fractured_52_piece_0.obj,Plate_9969f6178dcd67101c75d484f9069623_fractured_52_piece_1.obj is not a valid directory, skipping.
Warning: /workspace/everyday_all_2/Mirror_36d2cb436ef75bc7fae7b9efb5c3bbd1_fractured_38_piece_0.obj,Mirror_36d2cb436ef75bc7fae7b9efb5c3bbd1_fractured_38_piece_1.obj is not a valid directory, skipping.
Warning: /workspace/everyday_all_2/Mirror_36d2cb436ef75bc7fae7b9efb5c3bbd1_fractured_22_piece_0.obj,Mirror_36d2cb436ef75bc7fae7b9efb5c3bbd1_fractured_22_piece_1.obj is not a valid directory, skipping.
Warning: /workspace/everyday_all_2/Mirror_36d2cb436ef75bc7fae7b9efb5c3bbd1_fractured_15_piece_0.obj,Mirror_36d2cb436ef75bc7fae7b9efb5c3bbd1_fractured_15_piece_1.obj is not a valid directory, skipping.
Warning: /workspace/everyday_all_2/Mirror_36d2cb436ef75bc7fae7b9efb5c3bbd1_fractured_26_piece_0.obj,Mirror_36d2cb436ef75bc7fae7b9efb5c3bbd1_fractured_26_piece_1.obj is not a valid directory, skipping.
Warning: /workspace/everyday_all_2/Mirror_36d2cb436ef75bc7fae7b9efb5c3bbd1_fractured_76_piece_0.obj,Mirror_36d2cb436ef75bc7fae7b9efb5c3bbd1_fractured_76_piece_1.obj is not a valid directory, skipping.
Warning: /workspace/everyday_all_2/Mirror_36d2cb436ef75bc7fae7b9efb5c3bbd1_fractured_4_piece_0.obj,Mirror_36d2cb436ef75bc7fae7b9efb5c3bbd1_fractured_4_piece_1.obj is not a valid directory, skipping.
Warning: /workspace/everyday_all_2/Mirror_36d2cb436ef75bc7fae7b9efb5c3bbd1_fractured_23_piece_0.obj,Mirror_36d2cb436ef75bc7fae7b9efb5c3bbd1_fractured_23_piece_1.obj is not a valid directory, skipping.
Warning: /workspace/everyday_all_2/Mirror_36d2cb436ef75bc7fae7b9efb5c3bbd1_fractured_60_piece_0.obj,Mirror_36d2cb436ef75bc7fae7b9efb5c3bbd1_fractured_60_piece_1.obj is not a valid directory, skipping.
Warning: /workspace/everyday_all_2/Mirror_36d2cb436ef75bc7fae7b9efb5c3bbd1_fractured_16_piece_0.obj,Mirror_36d2cb436ef75bc7fae7b9efb5c3bbd1_fractured_16_piece_1.obj is not a valid directory, skipping.
Warning: /workspace/everyday_all_2/Bowl_68582543c4c6d0bccfdfe3f21f42a111_fractured_70_piece_0.obj,Bowl_68582543c4c6d0bccfdfe3f21f42a111_fractured_70_piece_1.obj is not a valid directory, skipping.
Warning: /workspace/everyday_all_2/Bowl_68582543c4c6d0bccfdfe3f21f42a111_fractured_16_piece_0.obj,Bowl_68582543c4c6d0bccfdfe3f21f42a111_fractured_16_piece_1.obj is not a valid directory, skipping.
Warning: /workspace/everyday_all_2/Bowl_68582543c4c6d0bccfdfe3f21f42a111_fractured_40_piece_0.obj,Bowl_68582543c4c6d0bccfdfe3f21f42a111_fractured_40_piece_1.obj is not a valid directory, skipping.
Warning: /workspace/everyday_all_2/Bowl_68582543c4c6d0bccfdfe3f21f42a111_fractured_76_piece_0.obj,Bowl_68582543c4c6d0bccfdfe3f21f42a111_fractured_76_piece_1.obj is not a valid directory, skipping.
Warning: /workspace/everyday_all_2/Bowl_68582543c4c6d0bccfdfe3f21f42a111_fractured_49_piece_0.obj,Bowl_68582543c4c6d0bccfdfe3f21f42a111_fractured_49_piece_1.obj is not a valid directory, skipping.
Warning: /workspace/everyday_all_2/Bowl_68582543c4c6d0bccfdfe3f21f42a111_fractured_68_piece_0.obj,Bowl_68582543c4c6d0bccfdfe3f21f42a111_fractured_68_piece_1.obj is not a valid directory, skipping.
Warning: /workspace/everyday_all_2/Bowl_68582543c4c6d0bccfdfe3f21f42a111_fractured_47_piece_0.obj,Bowl_68582543c4c6d0bccfdfe3f21f42a111_fractured_47_piece_1.obj is not a valid directory, skipping.
Warning: /workspace/everyday_all_2/Bowl_68582543c4c6d0bccfdfe3f21f42a111_fractured_78_piece_0.obj,Bowl_68582543c4c6d0bccfdfe3f21f42a111_fractured_78_piece_1.obj is not a valid directory, skipping.
Warning: /workspace/everyday_all_2/WineBottle_d35ad6fe1db522f8593a35122199a8ce_fractured_56_piece_0.obj,WineBottle_d35ad6fe1db522f8593a35122199a8ce_fractured_56_piece_1.obj is not a valid directory, skipping.
Warning: /workspace/everyday_all_2/WineBottle_d35ad6fe1db522f8593a35122199a8ce_fractured_66_piece_0.obj,WineBottle_d35ad6fe1db522f8593a35122199a8ce_fractured_66_piece_1.obj is not a valid directory, skipping.
Warning: /workspace/everyday_all_2/WineBottle_d35ad6fe1db522f8593a35122199a8ce_fractured_48_piece_0.obj,WineBottle_d35ad6fe1db522f8593a35122199a8ce_fractured_48_piece_1.obj is not a valid directory, skipping.
Warning: /workspace/everyday_all_2/WineBottle_d35ad6fe1db522f8593a35122199a8ce_fractured_0_piece_0.obj,WineBottle_d35ad6fe1db522f8593a35122199a8ce_fractured_0_piece_1.obj is not a valid directory, skipping.
Warning: /workspace/everyday_all_2/Vase_38db6c39ee6d8a9d80fa98b5eeb7036c_mode_1_piece_0.obj,Vase_38db6c39ee6d8a9d80fa98b5eeb7036c_mode_1_piece_1.obj is not a valid directory, skipping.
Warning: /workspace/everyday_all_2/Mug_d75af64aa166c24eacbe2257d0988c9c_mode_1_piece_0.obj,Mug_d75af64aa166c24eacbe2257d0988c9c_mode_1_piece_1.obj is not a valid directory, skipping.
Warning: /workspace/everyday_all_2/Mug_df026976dc03197213ac44947b92716e_fractured_51_piece_0.obj,Mug_df026976dc03197213ac44947b92716e_fractured_51_piece_1.obj is not a valid directory, skipping.
Warning: /workspace/everyday_all_2/Mug_df026976dc03197213ac44947b92716e_fractured_74_piece_0.obj,Mug_df026976dc03197213ac44947b92716e_fractured_74_piece_1.obj is not a valid directory, skipping.
Warning: /workspace/everyday_all_2/Mug_df026976dc03197213ac44947b92716e_fractured_30_piece_0.obj,Mug_df026976dc03197213ac44947b92716e_fractured_30_piece_1.obj is not a valid directory, skipping.
Warning: /workspace/everyday_all_2/Mug_df026976dc03197213ac44947b92716e_fractured_53_piece_0.obj,Mug_df026976dc03197213ac44947b92716e_fractured_53_piece_1.obj is not a valid directory, skipping.
Warning: /workspace/everyday_all_2/Mug_df026976dc03197213ac44947b92716e_fractured_41_piece_0.obj,Mug_df026976dc03197213ac44947b92716e_fractured_41_piece_1.obj is not a valid directory, skipping.
Warning: /workspace/everyday_all_2/Vase_773f9776383591413154b9d0607cd85d_fractured_4_piece_1.obj,Vase_773f9776383591413154b9d0607cd85d_fractured_4_piece_0.obj is not a valid directory, skipping.
Warning: /workspace/everyday_all_2/Vase_773f9776383591413154b9d0607cd85d_fractured_15_piece_0.obj,Vase_773f9776383591413154b9d0607cd85d_fractured_15_piece_1.obj is not a valid directory, skipping.
Warning: /workspace/everyday_all_2/Vase_773f9776383591413154b9d0607cd85d_fractured_51_piece_0.obj,Vase_773f9776383591413154b9d0607cd85d_fractured_51_piece_1.obj is not a valid directory, skipping.
Warning: /workspace/everyday_all_2/Vase_773f9776383591413154b9d0607cd85d_fractured_32_piece_1.obj,Vase_773f9776383591413154b9d0607cd85d_fractured_32_piece_0.obj is not a valid directory, skipping.
Warning: /workspace/everyday_all_2/Vase_773f9776383591413154b9d0607cd85d_fractured_23_piece_1.obj,Vase_773f9776383591413154b9d0607cd85d_fractured_23_piece_0.obj is not a valid directory, skipping.
Warning: /workspace/everyday_all_2/Vase_773f9776383591413154b9d0607cd85d_fractured_72_piece_0.obj,Vase_773f9776383591413154b9d0607cd85d_fractured_72_piece_1.obj is not a valid directory, skipping.
Warning: /workspace/everyday_all_2/Vase_773f9776383591413154b9d0607cd85d_fractured_70_piece_0.obj,Vase_773f9776383591413154b9d0607cd85d_fractured_70_piece_1.obj is not a valid directory, skipping.
Warning: /workspace/everyday_all_2/Vase_773f9776383591413154b9d0607cd85d_fractured_56_piece_1.obj,Vase_773f9776383591413154b9d0607cd85d_fractured_56_piece_0.obj is not a valid directory, skipping.
Warning: /workspace/everyday_all_2/Vase_773f9776383591413154b9d0607cd85d_fractured_25_piece_0.obj,Vase_773f9776383591413154b9d0607cd85d_fractured_25_piece_1.obj is not a valid directory, skipping.
Warning: /workspace/everyday_all_2/Vase_773f9776383591413154b9d0607cd85d_fractured_6_piece_0.obj,Vase_773f9776383591413154b9d0607cd85d_fractured_6_piece_1.obj is not a valid directory, skipping.
Warning: /workspace/everyday_all_2/Vase_773f9776383591413154b9d0607cd85d_fractured_52_piece_1.obj,Vase_773f9776383591413154b9d0607cd85d_fractured_52_piece_0.obj is not a valid directory, skipping.
Warning: /workspace/everyday_all_2/Vase_773f9776383591413154b9d0607cd85d_fractured_27_piece_0.obj,Vase_773f9776383591413154b9d0607cd85d_fractured_27_piece_1.obj is not a valid directory, skipping.
Warning: /workspace/everyday_all_2/Vase_773f9776383591413154b9d0607cd85d_fractured_29_piece_0.obj,Vase_773f9776383591413154b9d0607cd85d_fractured_29_piece_1.obj is not a valid directory, skipping.
Warning: /workspace/everyday_all_2/Vase_773f9776383591413154b9d0607cd85d_fractured_5_piece_1.obj,Vase_773f9776383591413154b9d0607cd85d_fractured_5_piece_0.obj is not a valid directory, skipping.
Warning: /workspace/everyday_all_2/Vase_773f9776383591413154b9d0607cd85d_fractured_28_piece_1.obj,Vase_773f9776383591413154b9d0607cd85d_fractured_28_piece_0.obj is not a valid directory, skipping.
Warning: /workspace/everyday_all_2/Plate_1_fractured_48_piece_0.obj,Plate_1_fractured_48_piece_1.obj is not a valid directory, skipping.
Warning: /workspace/everyday_all_2/Plate_1_fractured_4_piece_0.obj,Plate_1_fractured_4_piece_1.obj is not a valid directory, skipping.
Warning: /workspace/everyday_all_2/Plate_1_fractured_43_piece_0.obj,Plate_1_fractured_43_piece_1.obj is not a valid directory, skipping.
Warning: /workspace/everyday_all_2/Plate_1_fractured_37_piece_0.obj,Plate_1_fractured_37_piece_1.obj is not a valid directory, skipping.
Warning: /workspace/everyday_all_2/Plate_1_fractured_30_piece_0.obj,Plate_1_fractured_30_piece_1.obj is not a valid directory, skipping.
Warning: /workspace/everyday_all_2/Plate_1_fractured_52_piece_0.obj,Plate_1_fractured_52_piece_1.obj is not a valid directory, skipping.
Warning: /workspace/everyday_all_2/Plate_1_fractured_14_piece_0.obj,Plate_1_fractured_14_piece_1.obj is not a valid directory, skipping.
Warning: /workspace/everyday_all_2/ToyFigure_f2f397733f14198115c3f92f810cab08_fractured_67_piece_0.obj,ToyFigure_f2f397733f14198115c3f92f810cab08_fractured_67_piece_1.obj is not a valid directory, skipping.
Warning: /workspace/everyday_all_2/ToyFigure_f2f397733f14198115c3f92f810cab08_fractured_19_piece_0.obj,ToyFigure_f2f397733f14198115c3f92f810cab08_fractured_19_piece_1.obj is not a valid directory, skipping.
Warning: /workspace/everyday_all_2/ToyFigure_f2f397733f14198115c3f92f810cab08_fractured_25_piece_0.obj,ToyFigure_f2f397733f14198115c3f92f810cab08_fractured_25_piece_1.obj is not a valid directory, skipping.
Warning: /workspace/everyday_all_2/ToyFigure_f2f397733f14198115c3f92f810cab08_fractured_43_piece_0.obj,ToyFigure_f2f397733f14198115c3f92f810cab08_fractured_43_piece_1.obj is not a valid directory, skipping.
Warning: /workspace/everyday_all_2/ToyFigure_f2f397733f14198115c3f92f810cab08_fractured_17_piece_0.obj,ToyFigure_f2f397733f14198115c3f92f810cab08_fractured_17_piece_1.obj is not a valid directory, skipping.
Warning: /workspace/everyday_all_2/ToyFigure_f2f397733f14198115c3f92f810cab08_fractured_2_piece_0.obj,ToyFigure_f2f397733f14198115c3f92f810cab08_fractured_2_piece_1.obj is not a valid directory, skipping.
Warning: /workspace/everyday_all_2/ToyFigure_f2f397733f14198115c3f92f810cab08_fractured_39_piece_0.obj,ToyFigure_f2f397733f14198115c3f92f810cab08_fractured_39_piece_1.obj is not a valid directory, skipping.
Warning: /workspace/everyday_all_2/ToyFigure_f2f397733f14198115c3f92f810cab08_fractured_20_piece_0.obj,ToyFigure_f2f397733f14198115c3f92f810cab08_fractured_20_piece_1.obj is not a valid directory, skipping.
Warning: /workspace/everyday_all_2/ToyFigure_f2f397733f14198115c3f92f810cab08_fractured_12_piece_0.obj,ToyFigure_f2f397733f14198115c3f92f810cab08_fractured_12_piece_1.obj is not a valid directory, skipping.
Warning: /workspace/everyday_all_2/ToyFigure_f2f397733f14198115c3f92f810cab08_fractured_37_piece_0.obj,ToyFigure_f2f397733f14198115c3f92f810cab08_fractured_37_piece_1.obj is not a valid directory, skipping.
Warning: /workspace/everyday_all_2/ToyFigure_f2f397733f14198115c3f92f810cab08_fractured_65_piece_0.obj,ToyFigure_f2f397733f14198115c3f92f810cab08_fractured_65_piece_1.obj is not a valid directory, skipping.
Warning: /workspace/everyday_all_2/ToyFigure_f2f397733f14198115c3f92f810cab08_fractured_52_piece_0.obj,ToyFigure_f2f397733f14198115c3f92f810cab08_fractured_52_piece_1.obj is not a valid directory, skipping.
Warning: /workspace/everyday_all_2/DrinkingUtensil_model_fractured_40_piece_0.obj,DrinkingUtensil_model_fractured_40_piece_1.obj is not a valid directory, skipping.
Warning: /workspace/everyday_all_2/DrinkingUtensil_model_fractured_55_piece_0.obj,DrinkingUtensil_model_fractured_55_piece_1.obj is not a valid directory, skipping.
Warning: /workspace/everyday_all_2/DrinkingUtensil_model_fractured_68_piece_0.obj,DrinkingUtensil_model_fractured_68_piece_1.obj is not a valid directory, skipping.
Warning: /workspace/everyday_all_2/DrinkingUtensil_model_fractured_11_piece_0.obj,DrinkingUtensil_model_fractured_11_piece_1.obj is not a valid directory, skipping.
Warning: /workspace/everyday_all_2/DrinkingUtensil_model_fractured_57_piece_0.obj,DrinkingUtensil_model_fractured_57_piece_1.obj is not a valid directory, skipping.
Warning: /workspace/everyday_all_2/DrinkingUtensil_model_fractured_46_piece_0.obj,DrinkingUtensil_model_fractured_46_piece_1.obj is not a valid directory, skipping.
Warning: /workspace/everyday_all_2/DrinkingUtensil_model_fractured_73_piece_0.obj,DrinkingUtensil_model_fractured_73_piece_1.obj is not a valid directory, skipping.
Warning: /workspace/everyday_all_2/DrinkingUtensil_model_fractured_23_piece_0.obj,DrinkingUtensil_model_fractured_23_piece_1.obj is not a valid directory, skipping.
Warning: /workspace/everyday_all_2/DrinkingUtensil_model_fractured_27_piece_0.obj,DrinkingUtensil_model_fractured_27_piece_1.obj is not a valid directory, skipping.
Warning: /workspace/everyday_all_2/Vase_1b370d5326cb7da75318625c74026d6_fractured_33_piece_0.obj,Vase_1b370d5326cb7da75318625c74026d6_fractured_33_piece_1.obj is not a valid directory, skipping.
Warning: /workspace/everyday_all_2/Vase_1b370d5326cb7da75318625c74026d6_fractured_35_piece_0.obj,Vase_1b370d5326cb7da75318625c74026d6_fractured_35_piece_1.obj is not a valid directory, skipping.
Warning: /workspace/everyday_all_2/Vase_1b370d5326cb7da75318625c74026d6_fractured_78_piece_0.obj,Vase_1b370d5326cb7da75318625c74026d6_fractured_78_piece_1.obj is not a valid directory, skipping.
Warning: /workspace/everyday_all_2/Vase_1b370d5326cb7da75318625c74026d6_fractured_36_piece_1.obj,Vase_1b370d5326cb7da75318625c74026d6_fractured_36_piece_0.obj is not a valid directory, skipping.
Warning: /workspace/everyday_all_2/Vase_1b370d5326cb7da75318625c74026d6_fractured_9_piece_0.obj,Vase_1b370d5326cb7da75318625c74026d6_fractured_9_piece_1.obj is not a valid directory, skipping.
Warning: /workspace/everyday_all_2/Vase_1b370d5326cb7da75318625c74026d6_fractured_39_piece_0.obj,Vase_1b370d5326cb7da75318625c74026d6_fractured_39_piece_1.obj is not a valid directory, skipping.
Warning: /workspace/everyday_all_2/Vase_1b370d5326cb7da75318625c74026d6_fractured_73_piece_0.obj,Vase_1b370d5326cb7da75318625c74026d6_fractured_73_piece_1.obj is not a valid directory, skipping.
Warning: /workspace/everyday_all_2/Vase_7b97f7b6ba604173fec8ec00010848b3_fractured_75_piece_0.obj,Vase_7b97f7b6ba604173fec8ec00010848b3_fractured_75_piece_1.obj is not a valid directory, skipping.
Warning: /workspace/everyday_all_2/Vase_7b97f7b6ba604173fec8ec00010848b3_fractured_50_piece_0.obj,Vase_7b97f7b6ba604173fec8ec00010848b3_fractured_50_piece_1.obj is not a valid directory, skipping.
Warning: /workspace/everyday_all_2/Vase_7b97f7b6ba604173fec8ec00010848b3_fractured_32_piece_0.obj,Vase_7b97f7b6ba604173fec8ec00010848b3_fractured_32_piece_1.obj is not a valid directory, skipping.
Warning: /workspace/everyday_all_2/Vase_7b97f7b6ba604173fec8ec00010848b3_fractured_65_piece_0.obj,Vase_7b97f7b6ba604173fec8ec00010848b3_fractured_65_piece_1.obj is not a valid directory, skipping.
Warning: /workspace/everyday_all_2/Vase_7b97f7b6ba604173fec8ec00010848b3_fractured_51_piece_1.obj,Vase_7b97f7b6ba604173fec8ec00010848b3_fractured_51_piece_0.obj is not a valid directory, skipping.
Warning: /workspace/everyday_all_2/Vase_7b97f7b6ba604173fec8ec00010848b3_fractured_46_piece_1.obj,Vase_7b97f7b6ba604173fec8ec00010848b3_fractured_46_piece_0.obj is not a valid directory, skipping.
Warning: /workspace/everyday_all_2/Vase_7b97f7b6ba604173fec8ec00010848b3_fractured_10_piece_0.obj,Vase_7b97f7b6ba604173fec8ec00010848b3_fractured_10_piece_1.obj is not a valid directory, skipping.
Warning: /workspace/everyday_all_2/Vase_7b97f7b6ba604173fec8ec00010848b3_fractured_33_piece_0.obj,Vase_7b97f7b6ba604173fec8ec00010848b3_fractured_33_piece_1.obj is not a valid directory, skipping.
Warning: /workspace/everyday_all_2/Statue_c2f594f29b86cb8fcad6a699dd685278_mode_1_piece_0.obj,Statue_c2f594f29b86cb8fcad6a699dd685278_mode_1_piece_1.obj is not a valid directory, skipping.
Warning: /workspace/everyday_all_2/Bottle_412289ded0359b326802d3678aa9d56b_fractured_0_piece_0.obj,Bottle_412289ded0359b326802d3678aa9d56b_fractured_0_piece_1.obj is not a valid directory, skipping.
Warning: /workspace/everyday_all_2/Bottle_412289ded0359b326802d3678aa9d56b_fractured_25_piece_0.obj,Bottle_412289ded0359b326802d3678aa9d56b_fractured_25_piece_1.obj is not a valid directory, skipping.
Warning: /workspace/everyday_all_2/Bottle_412289ded0359b326802d3678aa9d56b_fractured_68_piece_0.obj,Bottle_412289ded0359b326802d3678aa9d56b_fractured_68_piece_1.obj is not a valid directory, skipping.
Warning: /workspace/everyday_all_2/Bottle_412289ded0359b326802d3678aa9d56b_fractured_65_piece_0.obj,Bottle_412289ded0359b326802d3678aa9d56b_fractured_65_piece_1.obj is not a valid directory, skipping.
Warning: /workspace/everyday_all_2/Bottle_412289ded0359b326802d3678aa9d56b_fractured_74_piece_0.obj,Bottle_412289ded0359b326802d3678aa9d56b_fractured_74_piece_1.obj is not a valid directory, skipping.
Warning: /workspace/everyday_all_2/Cup_e1a88aaf815c847d7d2b35f495afbe58_fractured_50_piece_0.obj,Cup_e1a88aaf815c847d7d2b35f495afbe58_fractured_50_piece_1.obj is not a valid directory, skipping.
Warning: /workspace/everyday_all_2/Cup_e1a88aaf815c847d7d2b35f495afbe58_fractured_30_piece_0.obj,Cup_e1a88aaf815c847d7d2b35f495afbe58_fractured_30_piece_1.obj is not a valid directory, skipping.
Warning: /workspace/everyday_all_2/ToyFigure_ca64eeb7b0823ca2bc946a1e4b0c1ae1_fractured_57_piece_0.obj,ToyFigure_ca64eeb7b0823ca2bc946a1e4b0c1ae1_fractured_57_piece_1.obj is not a valid directory, skipping.
Warning: /workspace/everyday_all_2/ToyFigure_ca64eeb7b0823ca2bc946a1e4b0c1ae1_fractured_29_piece_0.obj,ToyFigure_ca64eeb7b0823ca2bc946a1e4b0c1ae1_fractured_29_piece_1.obj is not a valid directory, skipping.
Warning: /workspace/everyday_all_2/ToyFigure_ca64eeb7b0823ca2bc946a1e4b0c1ae1_fractured_42_piece_0.obj,ToyFigure_ca64eeb7b0823ca2bc946a1e4b0c1ae1_fractured_42_piece_1.obj is not a valid directory, skipping.
Warning: /workspace/everyday_all_2/ToyFigure_ca64eeb7b0823ca2bc946a1e4b0c1ae1_fractured_51_piece_0.obj,ToyFigure_ca64eeb7b0823ca2bc946a1e4b0c1ae1_fractured_51_piece_1.obj is not a valid directory, skipping.
Warning: /workspace/everyday_all_2/ToyFigure_ca64eeb7b0823ca2bc946a1e4b0c1ae1_fractured_2_piece_0.obj,ToyFigure_ca64eeb7b0823ca2bc946a1e4b0c1ae1_fractured_2_piece_1.obj is not a valid directory, skipping.
Warning: /workspace/everyday_all_2/Vase_e54d94d05be8294235836c728d324152_mode_1_piece_1.obj,Vase_e54d94d05be8294235836c728d324152_mode_1_piece_0.obj is not a valid directory, skipping.
Warning: /workspace/everyday_all_2/Cup_800552db50e7f0da9599371049c32d38_fractured_28_piece_0.obj,Cup_800552db50e7f0da9599371049c32d38_fractured_28_piece_1.obj is not a valid directory, skipping.
Warning: /workspace/everyday_all_2/Cup_800552db50e7f0da9599371049c32d38_fractured_52_piece_0.obj,Cup_800552db50e7f0da9599371049c32d38_fractured_52_piece_1.obj is not a valid directory, skipping.
Warning: /workspace/everyday_all_2/Cup_800552db50e7f0da9599371049c32d38_fractured_18_piece_0.obj,Cup_800552db50e7f0da9599371049c32d38_fractured_18_piece_1.obj is not a valid directory, skipping.
Warning: /workspace/everyday_all_2/Cup_800552db50e7f0da9599371049c32d38_fractured_63_piece_0.obj,Cup_800552db50e7f0da9599371049c32d38_fractured_63_piece_1.obj is not a valid directory, skipping.
Warning: /workspace/everyday_all_2/Cup_800552db50e7f0da9599371049c32d38_fractured_31_piece_0.obj,Cup_800552db50e7f0da9599371049c32d38_fractured_31_piece_1.obj is not a valid directory, skipping.
Warning: /workspace/everyday_all_2/Cup_800552db50e7f0da9599371049c32d38_fractured_65_piece_0.obj,Cup_800552db50e7f0da9599371049c32d38_fractured_65_piece_1.obj is not a valid directory, skipping.
Warning: /workspace/everyday_all_2/Cup_800552db50e7f0da9599371049c32d38_fractured_50_piece_0.obj,Cup_800552db50e7f0da9599371049c32d38_fractured_50_piece_1.obj is not a valid directory, skipping.
Warning: /workspace/everyday_all_2/Cup_800552db50e7f0da9599371049c32d38_fractured_7_piece_0.obj,Cup_800552db50e7f0da9599371049c32d38_fractured_7_piece_1.obj is not a valid directory, skipping.
Warning: /workspace/everyday_all_2/Cup_800552db50e7f0da9599371049c32d38_fractured_72_piece_0.obj,Cup_800552db50e7f0da9599371049c32d38_fractured_72_piece_1.obj is not a valid directory, skipping.
Warning: /workspace/everyday_all_2/Cup_800552db50e7f0da9599371049c32d38_fractured_48_piece_0.obj,Cup_800552db50e7f0da9599371049c32d38_fractured_48_piece_1.obj is not a valid directory, skipping.
Warning: /workspace/everyday_all_2/Mirror_97b3ad5ef72aa25a3bac5db195d5c0cc_mode_1_piece_0.obj,Mirror_97b3ad5ef72aa25a3bac5db195d5c0cc_mode_1_piece_1.obj is not a valid directory, skipping.
Warning: /workspace/everyday_all_2/Cup_9d5ae32fe7c6f825c8e7963449f8577_fractured_76_piece_0.obj,Cup_9d5ae32fe7c6f825c8e7963449f8577_fractured_76_piece_1.obj is not a valid directory, skipping.
Warning: /workspace/everyday_all_2/Cup_9d5ae32fe7c6f825c8e7963449f8577_fractured_43_piece_0.obj,Cup_9d5ae32fe7c6f825c8e7963449f8577_fractured_43_piece_1.obj is not a valid directory, skipping.
Warning: /workspace/everyday_all_2/Cup_9d5ae32fe7c6f825c8e7963449f8577_fractured_51_piece_0.obj,Cup_9d5ae32fe7c6f825c8e7963449f8577_fractured_51_piece_1.obj is not a valid directory, skipping.
Warning: /workspace/everyday_all_2/Cup_9d5ae32fe7c6f825c8e7963449f8577_fractured_20_piece_0.obj,Cup_9d5ae32fe7c6f825c8e7963449f8577_fractured_20_piece_1.obj is not a valid directory, skipping.
Warning: /workspace/everyday_all_2/Cup_9d5ae32fe7c6f825c8e7963449f8577_fractured_33_piece_0.obj,Cup_9d5ae32fe7c6f825c8e7963449f8577_fractured_33_piece_1.obj is not a valid directory, skipping.
Warning: /workspace/everyday_all_2/Cup_9d5ae32fe7c6f825c8e7963449f8577_fractured_1_piece_0.obj,Cup_9d5ae32fe7c6f825c8e7963449f8577_fractured_1_piece_1.obj is not a valid directory, skipping.
Warning: /workspace/everyday_all_2/Cup_9d5ae32fe7c6f825c8e7963449f8577_fractured_3_piece_0.obj,Cup_9d5ae32fe7c6f825c8e7963449f8577_fractured_3_piece_1.obj is not a valid directory, skipping.
Warning: /workspace/everyday_all_2/Cup_9d5ae32fe7c6f825c8e7963449f8577_fractured_70_piece_0.obj,Cup_9d5ae32fe7c6f825c8e7963449f8577_fractured_70_piece_1.obj is not a valid directory, skipping.
Warning: /workspace/everyday_all_2/Cup_9d5ae32fe7c6f825c8e7963449f8577_fractured_56_piece_0.obj,Cup_9d5ae32fe7c6f825c8e7963449f8577_fractured_56_piece_1.obj is not a valid directory, skipping.
Warning: /workspace/everyday_all_2/Cup_9d5ae32fe7c6f825c8e7963449f8577_fractured_63_piece_0.obj,Cup_9d5ae32fe7c6f825c8e7963449f8577_fractured_63_piece_1.obj is not a valid directory, skipping.
Warning: /workspace/everyday_all_2/Cup_9d5ae32fe7c6f825c8e7963449f8577_fractured_60_piece_0.obj,Cup_9d5ae32fe7c6f825c8e7963449f8577_fractured_60_piece_1.obj is not a valid directory, skipping.
Warning: /workspace/everyday_all_2/Cup_9d5ae32fe7c6f825c8e7963449f8577_fractured_23_piece_0.obj,Cup_9d5ae32fe7c6f825c8e7963449f8577_fractured_23_piece_1.obj is not a valid directory, skipping.
Warning: /workspace/everyday_all_2/Cup_9d5ae32fe7c6f825c8e7963449f8577_fractured_16_piece_0.obj,Cup_9d5ae32fe7c6f825c8e7963449f8577_fractured_16_piece_1.obj is not a valid directory, skipping.
Warning: /workspace/everyday_all_2/Cup_9d5ae32fe7c6f825c8e7963449f8577_fractured_37_piece_0.obj,Cup_9d5ae32fe7c6f825c8e7963449f8577_fractured_37_piece_1.obj is not a valid directory, skipping.
Warning: /workspace/everyday_all_2/Cup_9d5ae32fe7c6f825c8e7963449f8577_fractured_11_piece_0.obj,Cup_9d5ae32fe7c6f825c8e7963449f8577_fractured_11_piece_1.obj is not a valid directory, skipping.
Warning: /workspace/everyday_all_2/Cup_9d5ae32fe7c6f825c8e7963449f8577_fractured_79_piece_0.obj,Cup_9d5ae32fe7c6f825c8e7963449f8577_fractured_79_piece_1.obj is not a valid directory, skipping.
Warning: /workspace/everyday_all_2/Cup_9d5ae32fe7c6f825c8e7963449f8577_fractured_18_piece_0.obj,Cup_9d5ae32fe7c6f825c8e7963449f8577_fractured_18_piece_1.obj is not a valid directory, skipping.
Warning: /workspace/everyday_all_2/Cup_9d5ae32fe7c6f825c8e7963449f8577_fractured_24_piece_0.obj,Cup_9d5ae32fe7c6f825c8e7963449f8577_fractured_24_piece_1.obj is not a valid directory, skipping.
Warning: /workspace/everyday_all_2/ToyFigure_cecd11cf7a682fdb929c2dad9ce0ee_mode_1_piece_0.obj,ToyFigure_cecd11cf7a682fdb929c2dad9ce0ee_mode_1_piece_1.obj is not a valid directory, skipping.
Warning: /workspace/everyday_all_2/Teacup_31fcf965836ab3484212ff51b27f0221_mode_1_piece_0.obj,Teacup_31fcf965836ab3484212ff51b27f0221_mode_1_piece_1.obj is not a valid directory, skipping.
Warning: /workspace/everyday_all_2/Mirror_ecb0c4cbc28320dc5ccd4f99ed6d85e3_fractured_10_piece_0.obj,Mirror_ecb0c4cbc28320dc5ccd4f99ed6d85e3_fractured_10_piece_1.obj is not a valid directory, skipping.
Warning: /workspace/everyday_all_2/Mirror_ecb0c4cbc28320dc5ccd4f99ed6d85e3_fractured_41_piece_0.obj,Mirror_ecb0c4cbc28320dc5ccd4f99ed6d85e3_fractured_41_piece_1.obj is not a valid directory, skipping.
Warning: /workspace/everyday_all_2/Mirror_ecb0c4cbc28320dc5ccd4f99ed6d85e3_fractured_71_piece_0.obj,Mirror_ecb0c4cbc28320dc5ccd4f99ed6d85e3_fractured_71_piece_1.obj is not a valid directory, skipping.
Warning: /workspace/everyday_all_2/Mirror_ecb0c4cbc28320dc5ccd4f99ed6d85e3_fractured_11_piece_0.obj,Mirror_ecb0c4cbc28320dc5ccd4f99ed6d85e3_fractured_11_piece_1.obj is not a valid directory, skipping.
Warning: /workspace/everyday_all_2/Mirror_ecb0c4cbc28320dc5ccd4f99ed6d85e3_fractured_77_piece_0.obj,Mirror_ecb0c4cbc28320dc5ccd4f99ed6d85e3_fractured_77_piece_1.obj is not a valid directory, skipping.
Warning: /workspace/everyday_all_2/ToyFigure_21272fcb242e4e85a4312dac0c0f355c_mode_1_piece_0.obj,ToyFigure_21272fcb242e4e85a4312dac0c0f355c_mode_1_piece_1.obj is not a valid directory, skipping.
Warning: /workspace/everyday_all_2/Vase_7a971531ff72a48d5706d1c54190f27a_fractured_62_piece_0.obj,Vase_7a971531ff72a48d5706d1c54190f27a_fractured_62_piece_1.obj is not a valid directory, skipping.
Warning: /workspace/everyday_all_2/Vase_7a971531ff72a48d5706d1c54190f27a_fractured_76_piece_0.obj,Vase_7a971531ff72a48d5706d1c54190f27a_fractured_76_piece_1.obj is not a valid directory, skipping.
Warning: /workspace/everyday_all_2/Vase_7a971531ff72a48d5706d1c54190f27a_fractured_63_piece_0.obj,Vase_7a971531ff72a48d5706d1c54190f27a_fractured_63_piece_1.obj is not a valid directory, skipping.
Warning: /workspace/everyday_all_2/Vase_7a971531ff72a48d5706d1c54190f27a_fractured_4_piece_0.obj,Vase_7a971531ff72a48d5706d1c54190f27a_fractured_4_piece_1.obj is not a valid directory, skipping.
Warning: /workspace/everyday_all_2/Vase_7a971531ff72a48d5706d1c54190f27a_fractured_79_piece_0.obj,Vase_7a971531ff72a48d5706d1c54190f27a_fractured_79_piece_1.obj is not a valid directory, skipping.
Warning: /workspace/everyday_all_2/Vase_7a971531ff72a48d5706d1c54190f27a_fractured_2_piece_0.obj,Vase_7a971531ff72a48d5706d1c54190f27a_fractured_2_piece_1.obj is not a valid directory, skipping.
Warning: /workspace/everyday_all_2/Vase_7a971531ff72a48d5706d1c54190f27a_fractured_51_piece_0.obj,Vase_7a971531ff72a48d5706d1c54190f27a_fractured_51_piece_1.obj is not a valid directory, skipping.
Warning: /workspace/everyday_all_2/Vase_7a971531ff72a48d5706d1c54190f27a_fractured_29_piece_0.obj,Vase_7a971531ff72a48d5706d1c54190f27a_fractured_29_piece_1.obj is not a valid directory, skipping.
Warning: /workspace/everyday_all_2/Mirror_d97dbcad4f2786f0b877c077186eb35f_fractured_21_piece_0.obj,Mirror_d97dbcad4f2786f0b877c077186eb35f_fractured_21_piece_1.obj is not a valid directory, skipping.
Warning: /workspace/everyday_all_2/Mirror_d97dbcad4f2786f0b877c077186eb35f_fractured_19_piece_0.obj,Mirror_d97dbcad4f2786f0b877c077186eb35f_fractured_19_piece_1.obj is not a valid directory, skipping.
Warning: /workspace/everyday_all_2/Mirror_d97dbcad4f2786f0b877c077186eb35f_fractured_52_piece_0.obj,Mirror_d97dbcad4f2786f0b877c077186eb35f_fractured_52_piece_1.obj is not a valid directory, skipping.
Warning: /workspace/everyday_all_2/Mirror_d97dbcad4f2786f0b877c077186eb35f_fractured_30_piece_0.obj,Mirror_d97dbcad4f2786f0b877c077186eb35f_fractured_30_piece_1.obj is not a valid directory, skipping.
Warning: /workspace/everyday_all_2/Mirror_d97dbcad4f2786f0b877c077186eb35f_fractured_77_piece_0.obj,Mirror_d97dbcad4f2786f0b877c077186eb35f_fractured_77_piece_1.obj is not a valid directory, skipping.
Warning: /workspace/everyday_all_2/Mirror_d97dbcad4f2786f0b877c077186eb35f_fractured_35_piece_0.obj,Mirror_d97dbcad4f2786f0b877c077186eb35f_fractured_35_piece_1.obj is not a valid directory, skipping.
Warning: /workspace/everyday_all_2/Mirror_d97dbcad4f2786f0b877c077186eb35f_fractured_44_piece_0.obj,Mirror_d97dbcad4f2786f0b877c077186eb35f_fractured_44_piece_1.obj is not a valid directory, skipping.
Warning: /workspace/everyday_all_2/Mirror_d97dbcad4f2786f0b877c077186eb35f_fractured_36_piece_0.obj,Mirror_d97dbcad4f2786f0b877c077186eb35f_fractured_36_piece_1.obj is not a valid directory, skipping.
Warning: /workspace/everyday_all_2/Mirror_d97dbcad4f2786f0b877c077186eb35f_fractured_58_piece_0.obj,Mirror_d97dbcad4f2786f0b877c077186eb35f_fractured_58_piece_1.obj is not a valid directory, skipping.
Warning: /workspace/everyday_all_2/Vase_e0a8f8e79f18f7c8561dce3fe08634b7_mode_1_piece_0.obj,Vase_e0a8f8e79f18f7c8561dce3fe08634b7_mode_1_piece_1.obj is not a valid directory, skipping.
Warning: /workspace/everyday_all_2/Mug_187859d3c3a2fd23f54e1b6f41fdd78a_mode_1_piece_0.obj,Mug_187859d3c3a2fd23f54e1b6f41fdd78a_mode_1_piece_1.obj is not a valid directory, skipping.
Warning: /workspace/everyday_all_2/Mirror_f290da1f292718751fc56912e22744f_mode_1_piece_0.obj,Mirror_f290da1f292718751fc56912e22744f_mode_1_piece_1.obj is not a valid directory, skipping.
Warning: /workspace/everyday_all_2/Vase_472dc5f703cd91c835836c728d324152_fractured_69_piece_0.obj,Vase_472dc5f703cd91c835836c728d324152_fractured_69_piece_1.obj is not a valid directory, skipping.
Warning: /workspace/everyday_all_2/Vase_472dc5f703cd91c835836c728d324152_fractured_9_piece_0.obj,Vase_472dc5f703cd91c835836c728d324152_fractured_9_piece_1.obj is not a valid directory, skipping.
Warning: /workspace/everyday_all_2/Vase_472dc5f703cd91c835836c728d324152_fractured_71_piece_0.obj,Vase_472dc5f703cd91c835836c728d324152_fractured_71_piece_1.obj is not a valid directory, skipping.
Warning: /workspace/everyday_all_2/Vase_472dc5f703cd91c835836c728d324152_fractured_5_piece_0.obj,Vase_472dc5f703cd91c835836c728d324152_fractured_5_piece_1.obj is not a valid directory, skipping.
Warning: /workspace/everyday_all_2/Vase_472dc5f703cd91c835836c728d324152_fractured_60_piece_0.obj,Vase_472dc5f703cd91c835836c728d324152_fractured_60_piece_1.obj is not a valid directory, skipping.
Warning: /workspace/everyday_all_2/Vase_472dc5f703cd91c835836c728d324152_fractured_2_piece_0.obj,Vase_472dc5f703cd91c835836c728d324152_fractured_2_piece_1.obj is not a valid directory, skipping.
Warning: /workspace/everyday_all_2/Vase_472dc5f703cd91c835836c728d324152_fractured_14_piece_0.obj,Vase_472dc5f703cd91c835836c728d324152_fractured_14_piece_1.obj is not a valid directory, skipping.
Warning: /workspace/everyday_all_2/Vase_472dc5f703cd91c835836c728d324152_fractured_75_piece_0.obj,Vase_472dc5f703cd91c835836c728d324152_fractured_75_piece_1.obj is not a valid directory, skipping.
Warning: /workspace/everyday_all_2/Vase_472dc5f703cd91c835836c728d324152_fractured_58_piece_0.obj,Vase_472dc5f703cd91c835836c728d324152_fractured_58_piece_1.obj is not a valid directory, skipping.
Warning: /workspace/everyday_all_2/Bowl_da1f2b790740d6b61310f14cdd81f288_fractured_8_piece_0.obj,Bowl_da1f2b790740d6b61310f14cdd81f288_fractured_8_piece_1.obj is not a valid directory, skipping.
Warning: /workspace/everyday_all_2/Bowl_da1f2b790740d6b61310f14cdd81f288_fractured_5_piece_0.obj,Bowl_da1f2b790740d6b61310f14cdd81f288_fractured_5_piece_1.obj is not a valid directory, skipping.
Warning: /workspace/everyday_all_2/Bowl_da1f2b790740d6b61310f14cdd81f288_fractured_39_piece_0.obj,Bowl_da1f2b790740d6b61310f14cdd81f288_fractured_39_piece_1.obj is not a valid directory, skipping.
Warning: /workspace/everyday_all_2/Bowl_da1f2b790740d6b61310f14cdd81f288_fractured_57_piece_0.obj,Bowl_da1f2b790740d6b61310f14cdd81f288_fractured_57_piece_1.obj is not a valid directory, skipping.
Warning: /workspace/everyday_all_2/Bowl_da1f2b790740d6b61310f14cdd81f288_fractured_31_piece_0.obj,Bowl_da1f2b790740d6b61310f14cdd81f288_fractured_31_piece_1.obj is not a valid directory, skipping.
Warning: /workspace/everyday_all_2/Bowl_da1f2b790740d6b61310f14cdd81f288_fractured_46_piece_0.obj,Bowl_da1f2b790740d6b61310f14cdd81f288_fractured_46_piece_1.obj is not a valid directory, skipping.
Warning: /workspace/everyday_all_2/ToyFigure_427528aa930e859db9df0ee87726d245_mode_1_piece_0.obj,ToyFigure_427528aa930e859db9df0ee87726d245_mode_1_piece_1.obj is not a valid directory, skipping.
Warning: /workspace/everyday_all_2/Cup_b8eb2779ba97d947c9e47f42da1a9643_fractured_18_piece_0.obj,Cup_b8eb2779ba97d947c9e47f42da1a9643_fractured_18_piece_2.obj is not a valid directory, skipping.
Warning: /workspace/everyday_all_2/Cup_b8eb2779ba97d947c9e47f42da1a9643_fractured_29_piece_0.obj,Cup_b8eb2779ba97d947c9e47f42da1a9643_fractured_29_piece_1.obj is not a valid directory, skipping.
Warning: /workspace/everyday_all_2/Cup_b8eb2779ba97d947c9e47f42da1a9643_fractured_3_piece_0.obj,Cup_b8eb2779ba97d947c9e47f42da1a9643_fractured_3_piece_1.obj is not a valid directory, skipping.
Warning: /workspace/everyday_all_2/Cup_b8eb2779ba97d947c9e47f42da1a9643_fractured_47_piece_0.obj,Cup_b8eb2779ba97d947c9e47f42da1a9643_fractured_47_piece_1.obj is not a valid directory, skipping.
Warning: /workspace/everyday_all_2/Cup_b8eb2779ba97d947c9e47f42da1a9643_fractured_70_piece_0.obj,Cup_b8eb2779ba97d947c9e47f42da1a9643_fractured_70_piece_1.obj is not a valid directory, skipping.
Warning: /workspace/everyday_all_2/Cup_b8eb2779ba97d947c9e47f42da1a9643_fractured_6_piece_0.obj,Cup_b8eb2779ba97d947c9e47f42da1a9643_fractured_6_piece_1.obj is not a valid directory, skipping.
Warning: /workspace/everyday_all_2/Cup_b8eb2779ba97d947c9e47f42da1a9643_fractured_56_piece_0.obj,Cup_b8eb2779ba97d947c9e47f42da1a9643_fractured_56_piece_1.obj is not a valid directory, skipping.
Warning: /workspace/everyday_all_2/Cup_b8eb2779ba97d947c9e47f42da1a9643_fractured_26_piece_0.obj,Cup_b8eb2779ba97d947c9e47f42da1a9643_fractured_26_piece_1.obj is not a valid directory, skipping.
Warning: /workspace/everyday_all_2/Cup_b8eb2779ba97d947c9e47f42da1a9643_fractured_33_piece_0.obj,Cup_b8eb2779ba97d947c9e47f42da1a9643_fractured_33_piece_1.obj is not a valid directory, skipping.
Warning: /workspace/everyday_all_2/DrinkingUtensil_c491d8bc77f4fb1ca4c322790a683350_mode_1_piece_0.obj,DrinkingUtensil_c491d8bc77f4fb1ca4c322790a683350_mode_1_piece_1.obj is not a valid directory, skipping.
Warning: /workspace/everyday_all_2/Plate_7_mode_1_piece_0.obj,Plate_7_mode_1_piece_1.obj is not a valid directory, skipping.
Warning: /workspace/everyday_all_2/Bowl_10_mode_2_piece_0.obj,Bowl_10_mode_2_piece_1.obj is not a valid directory, skipping.
Warning: /workspace/everyday_all_2/Bottle_8cd9b10f611ac28e866a1445c8fba9da_fractured_7_piece_0.obj,Bottle_8cd9b10f611ac28e866a1445c8fba9da_fractured_7_piece_1.obj is not a valid directory, skipping.
Warning: /workspace/everyday_all_2/Bottle_8cd9b10f611ac28e866a1445c8fba9da_fractured_12_piece_0.obj,Bottle_8cd9b10f611ac28e866a1445c8fba9da_fractured_12_piece_1.obj is not a valid directory, skipping.
Warning: /workspace/everyday_all_2/Bottle_8cd9b10f611ac28e866a1445c8fba9da_fractured_40_piece_0.obj,Bottle_8cd9b10f611ac28e866a1445c8fba9da_fractured_40_piece_1.obj is not a valid directory, skipping.
Warning: /workspace/everyday_all_2/Bottle_8cd9b10f611ac28e866a1445c8fba9da_fractured_20_piece_0.obj,Bottle_8cd9b10f611ac28e866a1445c8fba9da_fractured_20_piece_1.obj is not a valid directory, skipping.
Warning: /workspace/everyday_all_2/Bottle_8cd9b10f611ac28e866a1445c8fba9da_fractured_66_piece_0.obj,Bottle_8cd9b10f611ac28e866a1445c8fba9da_fractured_66_piece_1.obj is not a valid directory, skipping.
Warning: /workspace/everyday_all_2/Bottle_8cd9b10f611ac28e866a1445c8fba9da_fractured_69_piece_0.obj,Bottle_8cd9b10f611ac28e866a1445c8fba9da_fractured_69_piece_1.obj is not a valid directory, skipping.
Warning: /workspace/everyday_all_2/Bottle_8cd9b10f611ac28e866a1445c8fba9da_fractured_1_piece_0.obj,Bottle_8cd9b10f611ac28e866a1445c8fba9da_fractured_1_piece_1.obj is not a valid directory, skipping.
Warning: /workspace/everyday_all_2/Bottle_8cd9b10f611ac28e866a1445c8fba9da_fractured_53_piece_0.obj,Bottle_8cd9b10f611ac28e866a1445c8fba9da_fractured_53_piece_1.obj is not a valid directory, skipping.
Warning: /workspace/everyday_all_2/Bottle_8cd9b10f611ac28e866a1445c8fba9da_fractured_61_piece_0.obj,Bottle_8cd9b10f611ac28e866a1445c8fba9da_fractured_61_piece_1.obj is not a valid directory, skipping.
Warning: /workspace/everyday_all_2/Vase_8302f9cd5e454de85d878ba9ec3c0d6a_fractured_60_piece_0.obj,Vase_8302f9cd5e454de85d878ba9ec3c0d6a_fractured_60_piece_1.obj is not a valid directory, skipping.
Warning: /workspace/everyday_all_2/Vase_8302f9cd5e454de85d878ba9ec3c0d6a_fractured_6_piece_0.obj,Vase_8302f9cd5e454de85d878ba9ec3c0d6a_fractured_6_piece_1.obj is not a valid directory, skipping.
Warning: /workspace/everyday_all_2/Vase_8302f9cd5e454de85d878ba9ec3c0d6a_fractured_41_piece_0.obj,Vase_8302f9cd5e454de85d878ba9ec3c0d6a_fractured_41_piece_1.obj is not a valid directory, skipping.
Warning: /workspace/everyday_all_2/Vase_8302f9cd5e454de85d878ba9ec3c0d6a_fractured_12_piece_0.obj,Vase_8302f9cd5e454de85d878ba9ec3c0d6a_fractured_12_piece_1.obj is not a valid directory, skipping.
Warning: /workspace/everyday_all_2/Vase_8302f9cd5e454de85d878ba9ec3c0d6a_fractured_43_piece_0.obj,Vase_8302f9cd5e454de85d878ba9ec3c0d6a_fractured_43_piece_1.obj is not a valid directory, skipping.
Warning: /workspace/everyday_all_2/Teacup_2e8d37b3dd65c312b8f0377fb16daf9d_fractured_64_piece_0.obj,Teacup_2e8d37b3dd65c312b8f0377fb16daf9d_fractured_64_piece_1.obj is not a valid directory, skipping.
Warning: /workspace/everyday_all_2/Teacup_2e8d37b3dd65c312b8f0377fb16daf9d_fractured_62_piece_0.obj,Teacup_2e8d37b3dd65c312b8f0377fb16daf9d_fractured_62_piece_1.obj is not a valid directory, skipping.
Warning: /workspace/everyday_all_2/Teacup_2e8d37b3dd65c312b8f0377fb16daf9d_fractured_31_piece_0.obj,Teacup_2e8d37b3dd65c312b8f0377fb16daf9d_fractured_31_piece_1.obj is not a valid directory, skipping.
Warning: /workspace/everyday_all_2/Teacup_2e8d37b3dd65c312b8f0377fb16daf9d_fractured_75_piece_0.obj,Teacup_2e8d37b3dd65c312b8f0377fb16daf9d_fractured_75_piece_1.obj is not a valid directory, skipping.
Warning: /workspace/everyday_all_2/Teacup_2e8d37b3dd65c312b8f0377fb16daf9d_fractured_8_piece_0.obj,Teacup_2e8d37b3dd65c312b8f0377fb16daf9d_fractured_8_piece_1.obj is not a valid directory, skipping.
Warning: /workspace/everyday_all_2/Teacup_2e8d37b3dd65c312b8f0377fb16daf9d_fractured_12_piece_0.obj,Teacup_2e8d37b3dd65c312b8f0377fb16daf9d_fractured_12_piece_1.obj is not a valid directory, skipping.
Warning: /workspace/everyday_all_2/Teacup_2e8d37b3dd65c312b8f0377fb16daf9d_fractured_2_piece_0.obj,Teacup_2e8d37b3dd65c312b8f0377fb16daf9d_fractured_2_piece_1.obj is not a valid directory, skipping.
Warning: /workspace/everyday_all_2/Teacup_2e8d37b3dd65c312b8f0377fb16daf9d_fractured_66_piece_0.obj,Teacup_2e8d37b3dd65c312b8f0377fb16daf9d_fractured_66_piece_1.obj is not a valid directory, skipping.
Warning: /workspace/everyday_all_2/Bottle_1e5abf0465d97d826118a17db9de8c0_mode_1_piece_0.obj,Bottle_1e5abf0465d97d826118a17db9de8c0_mode_1_piece_1.obj is not a valid directory, skipping.
Warning: /workspace/everyday_all_2/Mirror_329491717ac1a15835836c728d324152_mode_1_piece_0.obj,Mirror_329491717ac1a15835836c728d324152_mode_1_piece_1.obj is not a valid directory, skipping.
Warning: /workspace/everyday_all_2/Vase_705824eed1eb58f0ee106795de609335_mode_1_piece_0.obj,Vase_705824eed1eb58f0ee106795de609335_mode_1_piece_1.obj is not a valid directory, skipping.
Warning: /workspace/everyday_all_2/Plate_bf4e419f863966f1bcbb3468b0bfc2ac_fractured_34_piece_0.obj,Plate_bf4e419f863966f1bcbb3468b0bfc2ac_fractured_34_piece_1.obj is not a valid directory, skipping.
Warning: /workspace/everyday_all_2/Plate_bf4e419f863966f1bcbb3468b0bfc2ac_fractured_43_piece_0.obj,Plate_bf4e419f863966f1bcbb3468b0bfc2ac_fractured_43_piece_1.obj is not a valid directory, skipping.
Warning: /workspace/everyday_all_2/Plate_bf4e419f863966f1bcbb3468b0bfc2ac_fractured_38_piece_0.obj,Plate_bf4e419f863966f1bcbb3468b0bfc2ac_fractured_38_piece_1.obj is not a valid directory, skipping.
Warning: /workspace/everyday_all_2/Plate_bf4e419f863966f1bcbb3468b0bfc2ac_fractured_14_piece_0.obj,Plate_bf4e419f863966f1bcbb3468b0bfc2ac_fractured_14_piece_1.obj is not a valid directory, skipping.
Warning: /workspace/everyday_all_2/Plate_bf4e419f863966f1bcbb3468b0bfc2ac_fractured_54_piece_0.obj,Plate_bf4e419f863966f1bcbb3468b0bfc2ac_fractured_54_piece_1.obj is not a valid directory, skipping.
Warning: /workspace/everyday_all_2/Vase_5a18998cfe6c75263e3e7e4207e4f102_mode_1_piece_0.obj,Vase_5a18998cfe6c75263e3e7e4207e4f102_mode_1_piece_1.obj is not a valid directory, skipping.
Warning: /workspace/everyday_all_2/Plate_3_fractured_44_piece_0.obj,Plate_3_fractured_44_piece_1.obj is not a valid directory, skipping.
Warning: /workspace/everyday_all_2/Plate_3_fractured_74_piece_0.obj,Plate_3_fractured_74_piece_1.obj is not a valid directory, skipping.
Warning: /workspace/everyday_all_2/Plate_3_fractured_42_piece_0.obj,Plate_3_fractured_42_piece_1.obj is not a valid directory, skipping.
Warning: /workspace/everyday_all_2/Plate_3_fractured_19_piece_0.obj,Plate_3_fractured_19_piece_1.obj is not a valid directory, skipping.
Warning: /workspace/everyday_all_2/Plate_3_fractured_51_piece_0.obj,Plate_3_fractured_51_piece_1.obj is not a valid directory, skipping.
Warning: /workspace/everyday_all_2/Mirror_a89028302dffd469b571d24e2980d466_mode_1_piece_0.obj,Mirror_a89028302dffd469b571d24e2980d466_mode_1_piece_1.obj is not a valid directory, skipping.
Warning: /workspace/everyday_all_2/ToyFigure_a9a30b2fa20f1f86f480a828067a44a2_fractured_18_piece_0.obj,ToyFigure_a9a30b2fa20f1f86f480a828067a44a2_fractured_18_piece_1.obj is not a valid directory, skipping.
Warning: /workspace/everyday_all_2/ToyFigure_a9a30b2fa20f1f86f480a828067a44a2_fractured_51_piece_0.obj,ToyFigure_a9a30b2fa20f1f86f480a828067a44a2_fractured_51_piece_1.obj is not a valid directory, skipping.
Warning: /workspace/everyday_all_2/ToyFigure_a9a30b2fa20f1f86f480a828067a44a2_fractured_19_piece_0.obj,ToyFigure_a9a30b2fa20f1f86f480a828067a44a2_fractured_19_piece_1.obj is not a valid directory, skipping.
Warning: /workspace/everyday_all_2/ToyFigure_a9a30b2fa20f1f86f480a828067a44a2_fractured_34_piece_0.obj,ToyFigure_a9a30b2fa20f1f86f480a828067a44a2_fractured_34_piece_1.obj is not a valid directory, skipping.
Warning: /workspace/everyday_all_2/ToyFigure_a9a30b2fa20f1f86f480a828067a44a2_fractured_6_piece_0.obj,ToyFigure_a9a30b2fa20f1f86f480a828067a44a2_fractured_6_piece_1.obj is not a valid directory, skipping.
Warning: /workspace/everyday_all_2/ToyFigure_a9a30b2fa20f1f86f480a828067a44a2_fractured_61_piece_0.obj,ToyFigure_a9a30b2fa20f1f86f480a828067a44a2_fractured_61_piece_1.obj is not a valid directory, skipping.
Warning: /workspace/everyday_all_2/ToyFigure_a9a30b2fa20f1f86f480a828067a44a2_fractured_32_piece_0.obj,ToyFigure_a9a30b2fa20f1f86f480a828067a44a2_fractured_32_piece_1.obj is not a valid directory, skipping.
Warning: /workspace/everyday_all_2/ToyFigure_a9a30b2fa20f1f86f480a828067a44a2_fractured_63_piece_0.obj,ToyFigure_a9a30b2fa20f1f86f480a828067a44a2_fractured_63_piece_1.obj is not a valid directory, skipping.
Warning: /workspace/everyday_all_2/ToyFigure_a9a30b2fa20f1f86f480a828067a44a2_fractured_27_piece_0.obj,ToyFigure_a9a30b2fa20f1f86f480a828067a44a2_fractured_27_piece_1.obj is not a valid directory, skipping.
Warning: /workspace/everyday_all_2/ToyFigure_a9a30b2fa20f1f86f480a828067a44a2_fractured_3_piece_0.obj,ToyFigure_a9a30b2fa20f1f86f480a828067a44a2_fractured_3_piece_1.obj is not a valid directory, skipping.
Warning: /workspace/everyday_all_2/ToyFigure_a9a30b2fa20f1f86f480a828067a44a2_fractured_54_piece_0.obj,ToyFigure_a9a30b2fa20f1f86f480a828067a44a2_fractured_54_piece_1.obj is not a valid directory, skipping.
Warning: /workspace/everyday_all_2/ToyFigure_a9a30b2fa20f1f86f480a828067a44a2_fractured_66_piece_0.obj,ToyFigure_a9a30b2fa20f1f86f480a828067a44a2_fractured_66_piece_1.obj is not a valid directory, skipping.
Warning: /workspace/everyday_all_2/ToyFigure_a9a30b2fa20f1f86f480a828067a44a2_fractured_65_piece_0.obj,ToyFigure_a9a30b2fa20f1f86f480a828067a44a2_fractured_65_piece_1.obj is not a valid directory, skipping.
Warning: /workspace/everyday_all_2/Vase_be15eb13b784d6c935836c728d324152_fractured_54_piece_0.obj,Vase_be15eb13b784d6c935836c728d324152_fractured_54_piece_1.obj is not a valid directory, skipping.
Warning: /workspace/everyday_all_2/Vase_be15eb13b784d6c935836c728d324152_fractured_79_piece_0.obj,Vase_be15eb13b784d6c935836c728d324152_fractured_79_piece_1.obj is not a valid directory, skipping.
Warning: /workspace/everyday_all_2/Vase_be15eb13b784d6c935836c728d324152_fractured_28_piece_1.obj,Vase_be15eb13b784d6c935836c728d324152_fractured_28_piece_0.obj is not a valid directory, skipping.
Warning: /workspace/everyday_all_2/Vase_be15eb13b784d6c935836c728d324152_fractured_62_piece_0.obj,Vase_be15eb13b784d6c935836c728d324152_fractured_62_piece_1.obj is not a valid directory, skipping.
Warning: /workspace/everyday_all_2/Vase_be15eb13b784d6c935836c728d324152_fractured_4_piece_0.obj,Vase_be15eb13b784d6c935836c728d324152_fractured_4_piece_1.obj is not a valid directory, skipping.
Warning: /workspace/everyday_all_2/Vase_be15eb13b784d6c935836c728d324152_fractured_8_piece_1.obj,Vase_be15eb13b784d6c935836c728d324152_fractured_8_piece_0.obj is not a valid directory, skipping.
Warning: /workspace/everyday_all_2/Vase_be15eb13b784d6c935836c728d324152_fractured_35_piece_0.obj,Vase_be15eb13b784d6c935836c728d324152_fractured_35_piece_1.obj is not a valid directory, skipping.
Warning: /workspace/everyday_all_2/Vase_be15eb13b784d6c935836c728d324152_fractured_58_piece_0.obj,Vase_be15eb13b784d6c935836c728d324152_fractured_58_piece_1.obj is not a valid directory, skipping.
Warning: /workspace/everyday_all_2/Vase_be15eb13b784d6c935836c728d324152_fractured_39_piece_1.obj,Vase_be15eb13b784d6c935836c728d324152_fractured_39_piece_0.obj is not a valid directory, skipping.
Warning: /workspace/everyday_all_2/Mug_2073dd06f62b46d43c8079bde16af00d_fractured_50_piece_0.obj,Mug_2073dd06f62b46d43c8079bde16af00d_fractured_50_piece_1.obj is not a valid directory, skipping.
Warning: /workspace/everyday_all_2/Mug_2073dd06f62b46d43c8079bde16af00d_fractured_44_piece_0.obj,Mug_2073dd06f62b46d43c8079bde16af00d_fractured_44_piece_1.obj is not a valid directory, skipping.
Warning: /workspace/everyday_all_2/Mug_2073dd06f62b46d43c8079bde16af00d_fractured_17_piece_0.obj,Mug_2073dd06f62b46d43c8079bde16af00d_fractured_17_piece_1.obj is not a valid directory, skipping.
Warning: /workspace/everyday_all_2/Mug_2073dd06f62b46d43c8079bde16af00d_fractured_0_piece_0.obj,Mug_2073dd06f62b46d43c8079bde16af00d_fractured_0_piece_1.obj is not a valid directory, skipping.
Warning: /workspace/everyday_all_2/Mug_c51b79493419eccdc1584fff35347dc6_fractured_44_piece_0.obj,Mug_c51b79493419eccdc1584fff35347dc6_fractured_44_piece_1.obj is not a valid directory, skipping.
Warning: /workspace/everyday_all_2/Mug_c51b79493419eccdc1584fff35347dc6_fractured_46_piece_0.obj,Mug_c51b79493419eccdc1584fff35347dc6_fractured_46_piece_1.obj is not a valid directory, skipping.
Warning: /workspace/everyday_all_2/Mug_c51b79493419eccdc1584fff35347dc6_fractured_73_piece_0.obj,Mug_c51b79493419eccdc1584fff35347dc6_fractured_73_piece_1.obj is not a valid directory, skipping.
Warning: /workspace/everyday_all_2/Mug_c51b79493419eccdc1584fff35347dc6_fractured_13_piece_0.obj,Mug_c51b79493419eccdc1584fff35347dc6_fractured_13_piece_1.obj is not a valid directory, skipping.
Warning: /workspace/everyday_all_2/Mug_c51b79493419eccdc1584fff35347dc6_fractured_47_piece_0.obj,Mug_c51b79493419eccdc1584fff35347dc6_fractured_47_piece_1.obj is not a valid directory, skipping.
Warning: /workspace/everyday_all_2/Bowl_11_fractured_35_piece_0.obj,Bowl_11_fractured_35_piece_1.obj is not a valid directory, skipping.
Warning: /workspace/everyday_all_2/Bowl_11_fractured_60_piece_0.obj,Bowl_11_fractured_60_piece_1.obj is not a valid directory, skipping.
Warning: /workspace/everyday_all_2/Bowl_11_fractured_31_piece_0.obj,Bowl_11_fractured_31_piece_1.obj is not a valid directory, skipping.
Warning: /workspace/everyday_all_2/Bowl_11_fractured_56_piece_0.obj,Bowl_11_fractured_56_piece_1.obj is not a valid directory, skipping.
Warning: /workspace/everyday_all_2/Bowl_11_fractured_4_piece_0.obj,Bowl_11_fractured_4_piece_1.obj is not a valid directory, skipping.
Warning: /workspace/everyday_all_2/PillBottle_bb234652525a68498d969821a85884b2_mode_1_piece_0.obj,PillBottle_bb234652525a68498d969821a85884b2_mode_1_piece_1.obj is not a valid directory, skipping.
Warning: /workspace/everyday_all_2/ToyFigure_baf6c6a5e50e38d275d9a619fe66717e_fractured_9_piece_0.obj,ToyFigure_baf6c6a5e50e38d275d9a619fe66717e_fractured_9_piece_1.obj is not a valid directory, skipping.
Warning: /workspace/everyday_all_2/ToyFigure_baf6c6a5e50e38d275d9a619fe66717e_fractured_53_piece_0.obj,ToyFigure_baf6c6a5e50e38d275d9a619fe66717e_fractured_53_piece_1.obj is not a valid directory, skipping.
Warning: /workspace/everyday_all_2/ToyFigure_baf6c6a5e50e38d275d9a619fe66717e_fractured_70_piece_0.obj,ToyFigure_baf6c6a5e50e38d275d9a619fe66717e_fractured_70_piece_1.obj is not a valid directory, skipping.
Warning: /workspace/everyday_all_2/ToyFigure_baf6c6a5e50e38d275d9a619fe66717e_fractured_62_piece_0.obj,ToyFigure_baf6c6a5e50e38d275d9a619fe66717e_fractured_62_piece_1.obj is not a valid directory, skipping.
Warning: /workspace/everyday_all_2/ToyFigure_baf6c6a5e50e38d275d9a619fe66717e_fractured_43_piece_0.obj,ToyFigure_baf6c6a5e50e38d275d9a619fe66717e_fractured_43_piece_1.obj is not a valid directory, skipping.
Warning: /workspace/everyday_all_2/ToyFigure_baf6c6a5e50e38d275d9a619fe66717e_fractured_10_piece_0.obj,ToyFigure_baf6c6a5e50e38d275d9a619fe66717e_fractured_10_piece_1.obj is not a valid directory, skipping.
Warning: /workspace/everyday_all_2/ToyFigure_baf6c6a5e50e38d275d9a619fe66717e_fractured_21_piece_0.obj,ToyFigure_baf6c6a5e50e38d275d9a619fe66717e_fractured_21_piece_1.obj is not a valid directory, skipping.
Warning: /workspace/everyday_all_2/ToyFigure_baf6c6a5e50e38d275d9a619fe66717e_fractured_8_piece_0.obj,ToyFigure_baf6c6a5e50e38d275d9a619fe66717e_fractured_8_piece_1.obj is not a valid directory, skipping.
Warning: /workspace/everyday_all_2/Bowl_8eab5598b81afd7bab5b523beb03efcd_mode_2_piece_0.obj,Bowl_8eab5598b81afd7bab5b523beb03efcd_mode_2_piece_1.obj is not a valid directory, skipping.
Warning: /workspace/everyday_all_2/Mirror_4b3e576378e5571aa9a81fd803d87d3e_mode_1_piece_0.obj,Mirror_4b3e576378e5571aa9a81fd803d87d3e_mode_1_piece_1.obj is not a valid directory, skipping.
Warning: /workspace/everyday_all_2/ToyFigure_f2f397733f14198115c3f92f810cab08_mode_1_piece_0.obj,ToyFigure_f2f397733f14198115c3f92f810cab08_mode_1_piece_1.obj is not a valid directory, skipping.
Warning: /workspace/everyday_all_2/Vase_d2f113f579d2c4c9b7e6746928016c6b_mode_1_piece_0.obj,Vase_d2f113f579d2c4c9b7e6746928016c6b_mode_1_piece_1.obj is not a valid directory, skipping.
Warning: /workspace/everyday_all_2/Cup_1_fractured_24_piece_0.obj,Cup_1_fractured_24_piece_1.obj is not a valid directory, skipping.
Warning: /workspace/everyday_all_2/Cup_1_fractured_58_piece_0.obj,Cup_1_fractured_58_piece_1.obj is not a valid directory, skipping.
Warning: /workspace/everyday_all_2/Cup_1_fractured_74_piece_0.obj,Cup_1_fractured_74_piece_1.obj is not a valid directory, skipping.
Warning: /workspace/everyday_all_2/Cup_1_fractured_52_piece_0.obj,Cup_1_fractured_52_piece_1.obj is not a valid directory, skipping.
Warning: /workspace/everyday_all_2/Cup_1_fractured_19_piece_0.obj,Cup_1_fractured_19_piece_1.obj is not a valid directory, skipping.
Warning: /workspace/everyday_all_2/Plate_1389e932a2c776d83c143af07c12991a_mode_1_piece_0.obj,Plate_1389e932a2c776d83c143af07c12991a_mode_1_piece_1.obj is not a valid directory, skipping.
Warning: /workspace/everyday_all_2/Plate_8824ac5d1d34309794247f03639516c_fractured_5_piece_0.obj,Plate_8824ac5d1d34309794247f03639516c_fractured_5_piece_1.obj is not a valid directory, skipping.
Warning: /workspace/everyday_all_2/Plate_8824ac5d1d34309794247f03639516c_fractured_3_piece_0.obj,Plate_8824ac5d1d34309794247f03639516c_fractured_3_piece_1.obj is not a valid directory, skipping.
Warning: /workspace/everyday_all_2/Plate_8824ac5d1d34309794247f03639516c_fractured_10_piece_0.obj,Plate_8824ac5d1d34309794247f03639516c_fractured_10_piece_1.obj is not a valid directory, skipping.
Warning: /workspace/everyday_all_2/Vase_32dc55c3e945384dbc5e533ab711fd24_mode_1_piece_0.obj,Vase_32dc55c3e945384dbc5e533ab711fd24_mode_1_piece_1.obj is not a valid directory, skipping.
Warning: /workspace/everyday_all_2/Cookie_e1bc84ee7b9ef7f331999dc8823fe0d_fractured_70_piece_0.obj,Cookie_e1bc84ee7b9ef7f331999dc8823fe0d_fractured_70_piece_1.obj is not a valid directory, skipping.
Warning: /workspace/everyday_all_2/Cookie_e1bc84ee7b9ef7f331999dc8823fe0d_fractured_48_piece_0.obj,Cookie_e1bc84ee7b9ef7f331999dc8823fe0d_fractured_48_piece_1.obj is not a valid directory, skipping.
Warning: /workspace/everyday_all_2/Cookie_e1bc84ee7b9ef7f331999dc8823fe0d_fractured_54_piece_0.obj,Cookie_e1bc84ee7b9ef7f331999dc8823fe0d_fractured_54_piece_1.obj is not a valid directory, skipping.
Warning: /workspace/everyday_all_2/Cookie_e1bc84ee7b9ef7f331999dc8823fe0d_fractured_8_piece_0.obj,Cookie_e1bc84ee7b9ef7f331999dc8823fe0d_fractured_8_piece_1.obj is not a valid directory, skipping.
Warning: /workspace/everyday_all_2/Cookie_e1bc84ee7b9ef7f331999dc8823fe0d_fractured_43_piece_0.obj,Cookie_e1bc84ee7b9ef7f331999dc8823fe0d_fractured_43_piece_1.obj is not a valid directory, skipping.
Warning: /workspace/everyday_all_2/Cookie_e1bc84ee7b9ef7f331999dc8823fe0d_fractured_11_piece_0.obj,Cookie_e1bc84ee7b9ef7f331999dc8823fe0d_fractured_11_piece_1.obj is not a valid directory, skipping.
Warning: /workspace/everyday_all_2/Cookie_e1bc84ee7b9ef7f331999dc8823fe0d_fractured_32_piece_0.obj,Cookie_e1bc84ee7b9ef7f331999dc8823fe0d_fractured_32_piece_1.obj is not a valid directory, skipping.
Warning: /workspace/everyday_all_2/Cookie_e1bc84ee7b9ef7f331999dc8823fe0d_fractured_52_piece_0.obj,Cookie_e1bc84ee7b9ef7f331999dc8823fe0d_fractured_52_piece_1.obj is not a valid directory, skipping.
Warning: /workspace/everyday_all_2/Cookie_e1bc84ee7b9ef7f331999dc8823fe0d_fractured_27_piece_0.obj,Cookie_e1bc84ee7b9ef7f331999dc8823fe0d_fractured_27_piece_1.obj is not a valid directory, skipping.
Warning: /workspace/everyday_all_2/Cookie_e1bc84ee7b9ef7f331999dc8823fe0d_fractured_56_piece_0.obj,Cookie_e1bc84ee7b9ef7f331999dc8823fe0d_fractured_56_piece_1.obj is not a valid directory, skipping.
Warning: /workspace/everyday_all_2/Vase_807620fed80ead9672160feea2b67fe8_fractured_7_piece_1.obj,Vase_807620fed80ead9672160feea2b67fe8_fractured_7_piece_0.obj is not a valid directory, skipping.
Warning: /workspace/everyday_all_2/Vase_807620fed80ead9672160feea2b67fe8_fractured_47_piece_0.obj,Vase_807620fed80ead9672160feea2b67fe8_fractured_47_piece_1.obj is not a valid directory, skipping.
Warning: /workspace/everyday_all_2/Vase_807620fed80ead9672160feea2b67fe8_fractured_29_piece_1.obj,Vase_807620fed80ead9672160feea2b67fe8_fractured_29_piece_0.obj is not a valid directory, skipping.
Warning: /workspace/everyday_all_2/Vase_807620fed80ead9672160feea2b67fe8_fractured_23_piece_0.obj,Vase_807620fed80ead9672160feea2b67fe8_fractured_23_piece_1.obj is not a valid directory, skipping.
Warning: /workspace/everyday_all_2/Bottle_6d680415396d14d4d7c5502d4a22edf5_mode_1_piece_0.obj,Bottle_6d680415396d14d4d7c5502d4a22edf5_mode_1_piece_1.obj is not a valid directory, skipping.
Warning: /workspace/everyday_all_2/Bowl_75467099fb4d6984df85db41e3677c28_mode_1_piece_0.obj,Bowl_75467099fb4d6984df85db41e3677c28_mode_1_piece_1.obj is not a valid directory, skipping.
Warning: /workspace/everyday_all_2/Bowl_9a52843cc89cd208362be90aaa182ec6_mode_1_piece_0.obj,Bowl_9a52843cc89cd208362be90aaa182ec6_mode_1_piece_1.obj is not a valid directory, skipping.
Warning: /workspace/everyday_all_2/PillBottle_8e6277003de9770a7c35d3c5d3b1fcf7_mode_3_piece_0.obj,PillBottle_8e6277003de9770a7c35d3c5d3b1fcf7_mode_3_piece_1.obj is not a valid directory, skipping.
Warning: /workspace/everyday_all_2/Mirror_1c0332c81b3edba835836c728d324152_fractured_71_piece_0.obj,Mirror_1c0332c81b3edba835836c728d324152_fractured_71_piece_1.obj is not a valid directory, skipping.
Warning: /workspace/everyday_all_2/Mirror_1c0332c81b3edba835836c728d324152_fractured_46_piece_0.obj,Mirror_1c0332c81b3edba835836c728d324152_fractured_46_piece_1.obj is not a valid directory, skipping.
Warning: /workspace/everyday_all_2/Mirror_1c0332c81b3edba835836c728d324152_fractured_24_piece_0.obj,Mirror_1c0332c81b3edba835836c728d324152_fractured_24_piece_1.obj is not a valid directory, skipping.
Warning: /workspace/everyday_all_2/Mirror_1c0332c81b3edba835836c728d324152_fractured_9_piece_0.obj,Mirror_1c0332c81b3edba835836c728d324152_fractured_9_piece_1.obj is not a valid directory, skipping.
Warning: /workspace/everyday_all_2/Mirror_1c0332c81b3edba835836c728d324152_fractured_44_piece_0.obj,Mirror_1c0332c81b3edba835836c728d324152_fractured_44_piece_1.obj is not a valid directory, skipping.
Warning: /workspace/everyday_all_2/Mirror_1c0332c81b3edba835836c728d324152_fractured_34_piece_0.obj,Mirror_1c0332c81b3edba835836c728d324152_fractured_34_piece_1.obj is not a valid directory, skipping.
Warning: /workspace/everyday_all_2/Mirror_1c0332c81b3edba835836c728d324152_fractured_36_piece_0.obj,Mirror_1c0332c81b3edba835836c728d324152_fractured_36_piece_1.obj is not a valid directory, skipping.
Warning: /workspace/everyday_all_2/Mirror_1c0332c81b3edba835836c728d324152_fractured_75_piece_0.obj,Mirror_1c0332c81b3edba835836c728d324152_fractured_75_piece_1.obj is not a valid directory, skipping.
Warning: /workspace/everyday_all_2/Mirror_1c0332c81b3edba835836c728d324152_fractured_60_piece_0.obj,Mirror_1c0332c81b3edba835836c728d324152_fractured_60_piece_1.obj is not a valid directory, skipping.
Warning: /workspace/everyday_all_2/Mirror_1c0332c81b3edba835836c728d324152_fractured_53_piece_0.obj,Mirror_1c0332c81b3edba835836c728d324152_fractured_53_piece_1.obj is not a valid directory, skipping.
Warning: /workspace/everyday_all_2/DrinkingUtensil_eccfd74cb0014d474212ff51b27f0221_fractured_66_piece_0.obj,DrinkingUtensil_eccfd74cb0014d474212ff51b27f0221_fractured_66_piece_1.obj is not a valid directory, skipping.
Warning: /workspace/everyday_all_2/DrinkingUtensil_eccfd74cb0014d474212ff51b27f0221_fractured_28_piece_0.obj,DrinkingUtensil_eccfd74cb0014d474212ff51b27f0221_fractured_28_piece_1.obj is not a valid directory, skipping.
Warning: /workspace/everyday_all_2/DrinkingUtensil_eccfd74cb0014d474212ff51b27f0221_fractured_12_piece_0.obj,DrinkingUtensil_eccfd74cb0014d474212ff51b27f0221_fractured_12_piece_1.obj is not a valid directory, skipping.
Warning: /workspace/everyday_all_2/DrinkingUtensil_eccfd74cb0014d474212ff51b27f0221_fractured_45_piece_0.obj,DrinkingUtensil_eccfd74cb0014d474212ff51b27f0221_fractured_45_piece_1.obj is not a valid directory, skipping.
Warning: /workspace/everyday_all_2/Bowl_2_mode_1_piece_0.obj,Bowl_2_mode_1_piece_1.obj is not a valid directory, skipping.
Warning: /workspace/everyday_all_2/Ring_e12a391eefd6196c89518a435d4410dd_fractured_47_piece_0.obj,Ring_e12a391eefd6196c89518a435d4410dd_fractured_47_piece_1.obj is not a valid directory, skipping.
Warning: /workspace/everyday_all_2/Ring_e12a391eefd6196c89518a435d4410dd_fractured_2_piece_0.obj,Ring_e12a391eefd6196c89518a435d4410dd_fractured_2_piece_1.obj is not a valid directory, skipping.
Warning: /workspace/everyday_all_2/Ring_e12a391eefd6196c89518a435d4410dd_fractured_38_piece_0.obj,Ring_e12a391eefd6196c89518a435d4410dd_fractured_38_piece_1.obj is not a valid directory, skipping.
Warning: /workspace/everyday_all_2/Mug_d0a3fdd33c7e1eb040bc4e38b9ba163e_mode_1_piece_0.obj,Mug_d0a3fdd33c7e1eb040bc4e38b9ba163e_mode_1_piece_1.obj is not a valid directory, skipping.
Warning: /workspace/everyday_all_2/Bowl_10_fractured_2_piece_0.obj,Bowl_10_fractured_2_piece_1.obj is not a valid directory, skipping.
Warning: /workspace/everyday_all_2/Bowl_10_fractured_8_piece_0.obj,Bowl_10_fractured_8_piece_1.obj is not a valid directory, skipping.
Warning: /workspace/everyday_all_2/Bowl_10_fractured_62_piece_0.obj,Bowl_10_fractured_62_piece_1.obj is not a valid directory, skipping.
Warning: /workspace/everyday_all_2/Bowl_10_fractured_57_piece_0.obj,Bowl_10_fractured_57_piece_1.obj is not a valid directory, skipping.
Warning: /workspace/everyday_all_2/Mug_2_mode_1_piece_0.obj,Mug_2_mode_1_piece_1.obj is not a valid directory, skipping.
Warning: /workspace/everyday_all_2/DrinkBottle_5e67380e99a257814e5292217a77cd7_mode_1_piece_0.obj,DrinkBottle_5e67380e99a257814e5292217a77cd7_mode_1_piece_1.obj is not a valid directory, skipping.
Warning: /workspace/everyday_all_2/Mirror_ecb0c4cbc28320dc5ccd4f99ed6d85e3_mode_1_piece_0.obj,Mirror_ecb0c4cbc28320dc5ccd4f99ed6d85e3_mode_1_piece_1.obj is not a valid directory, skipping.
Warning: /workspace/everyday_all_2/Bowl_2eb4cfc59205bb3a147c505998f546dd_mode_1_piece_0.obj,Bowl_2eb4cfc59205bb3a147c505998f546dd_mode_1_piece_1.obj is not a valid directory, skipping.
Warning: /workspace/everyday_all_2/Ring_74cd9bcdf1ae8be08b799476ffd68751_mode_1_piece_0.obj,Ring_74cd9bcdf1ae8be08b799476ffd68751_mode_1_piece_1.obj is not a valid directory, skipping.
Warning: /workspace/everyday_all_2/Plate_9969f6178dcd67101c75d484f9069623_mode_1_piece_0.obj,Plate_9969f6178dcd67101c75d484f9069623_mode_1_piece_1.obj is not a valid directory, skipping.
Warning: /workspace/everyday_all_2/Bottle_1d4093ad2dfad9df24be2e4f911ee4af_mode_1_piece_0.obj,Bottle_1d4093ad2dfad9df24be2e4f911ee4af_mode_1_piece_1.obj is not a valid directory, skipping.
Warning: /workspace/everyday_all_2/Vase_1a8f9295b44b48895e8c5748ca5ef3ea_mode_1_piece_1.obj,Vase_1a8f9295b44b48895e8c5748ca5ef3ea_mode_1_piece_0.obj is not a valid directory, skipping.
Warning: /workspace/everyday_all_2/Mirror_a89028302dffd469b571d24e2980d466_fractured_57_piece_0.obj,Mirror_a89028302dffd469b571d24e2980d466_fractured_57_piece_1.obj is not a valid directory, skipping.
Warning: /workspace/everyday_all_2/Mirror_a89028302dffd469b571d24e2980d466_fractured_70_piece_0.obj,Mirror_a89028302dffd469b571d24e2980d466_fractured_70_piece_1.obj is not a valid directory, skipping.
Warning: /workspace/everyday_all_2/ToyFigure_1_mode_10_piece_0.obj,ToyFigure_1_mode_10_piece_1.obj is not a valid directory, skipping.
Warning: /workspace/everyday_all_2/WineBottle_8cd9b10f611ac28e866a1445c8fba9da_mode_1_piece_0.obj,WineBottle_8cd9b10f611ac28e866a1445c8fba9da_mode_1_piece_1.obj is not a valid directory, skipping.
Warning: /workspace/everyday_all_2/Bottle_7984d4980d5b07bceba393d429f71de3_mode_1_piece_0.obj,Bottle_7984d4980d5b07bceba393d429f71de3_mode_1_piece_1.obj is not a valid directory, skipping.
Warning: /workspace/everyday_all_2/DrinkBottle_1ef68777bfdb7d6ba7a07ee616e34cd7_mode_1_piece_0.obj,DrinkBottle_1ef68777bfdb7d6ba7a07ee616e34cd7_mode_1_piece_1.obj is not a valid directory, skipping.
Warning: /workspace/everyday_all_2/Bottle_48bacbf60318db537a0c402e1ca31f3_mode_1_piece_0.obj,Bottle_48bacbf60318db537a0c402e1ca31f3_mode_1_piece_1.obj is not a valid directory, skipping.
Warning: /workspace/everyday_all_2/Mirror_36d2cb436ef75bc7fae7b9efb5c3bbd1_mode_1_piece_0.obj,Mirror_36d2cb436ef75bc7fae7b9efb5c3bbd1_mode_1_piece_1.obj is not a valid directory, skipping.
Warning: /workspace/everyday_all_2/Plate_6_mode_1_piece_0.obj,Plate_6_mode_1_piece_1.obj is not a valid directory, skipping.
Warning: /workspace/everyday_all_2/ToyFigure_2_mode_1_piece_0.obj,ToyFigure_2_mode_1_piece_1.obj is not a valid directory, skipping.
Warning: /workspace/everyday_all_2/Teapot_5a471458da447600fea9cf313bd7758b_mode_1_piece_0.obj,Teapot_5a471458da447600fea9cf313bd7758b_mode_1_piece_1.obj is not a valid directory, skipping.
Warning: /workspace/everyday_all_2/Vase_6519a8929afa98739de171e0db680498_mode_1_piece_0.obj,Vase_6519a8929afa98739de171e0db680498_mode_1_piece_1.obj is not a valid directory, skipping.
Warning: /workspace/everyday_all_2/ToyFigure_36b13c92d0d23f1433eddc4ad251356e_mode_1_piece_0.obj,ToyFigure_36b13c92d0d23f1433eddc4ad251356e_mode_1_piece_1.obj is not a valid directory, skipping.
Warning: /workspace/everyday_all_2/Mug_d309d5f8038df4121198791a5b8655c_mode_1_piece_0.obj,Mug_d309d5f8038df4121198791a5b8655c_mode_1_piece_1.obj is not a valid directory, skipping.
Warning: /workspace/everyday_all_2/Mirror_7d4a702f45999d343f7e27638e63d848_mode_1_piece_0.obj,Mirror_7d4a702f45999d343f7e27638e63d848_mode_1_piece_1.obj is not a valid directory, skipping.
Warning: /workspace/everyday_all_2/Bottle_ec42773c595dc08e4d678187b8261d95_fractured_43_piece_0.obj,Bottle_ec42773c595dc08e4d678187b8261d95_fractured_43_piece_1.obj is not a valid directory, skipping.
Warning: /workspace/everyday_all_2/Bottle_ec42773c595dc08e4d678187b8261d95_fractured_42_piece_0.obj,Bottle_ec42773c595dc08e4d678187b8261d95_fractured_42_piece_1.obj is not a valid directory, skipping.
Warning: /workspace/everyday_all_2/Bottle_ec42773c595dc08e4d678187b8261d95_fractured_51_piece_0.obj,Bottle_ec42773c595dc08e4d678187b8261d95_fractured_51_piece_1.obj is not a valid directory, skipping.
Warning: /workspace/everyday_all_2/Bottle_ec42773c595dc08e4d678187b8261d95_fractured_10_piece_0.obj,Bottle_ec42773c595dc08e4d678187b8261d95_fractured_10_piece_1.obj is not a valid directory, skipping.
Warning: /workspace/everyday_all_2/Vase_36633813dbc213c135836c728d324152_mode_1_piece_0.obj,Vase_36633813dbc213c135836c728d324152_mode_1_piece_1.obj is not a valid directory, skipping.
Warning: /workspace/everyday_all_2/Mug_128ecbc10df5b05d96eaf1340564a4de_mode_1_piece_0.obj,Mug_128ecbc10df5b05d96eaf1340564a4de_mode_1_piece_1.obj is not a valid directory, skipping.
Warning: /workspace/everyday_all_2/Bottle_d8b6c270d29c58c55627157b31e16dc2_fractured_11_piece_0.obj,Bottle_d8b6c270d29c58c55627157b31e16dc2_fractured_11_piece_1.obj is not a valid directory, skipping.
Warning: /workspace/everyday_all_2/Bottle_d8b6c270d29c58c55627157b31e16dc2_fractured_54_piece_0.obj,Bottle_d8b6c270d29c58c55627157b31e16dc2_fractured_54_piece_1.obj is not a valid directory, skipping.
Warning: /workspace/everyday_all_2/Bottle_d8b6c270d29c58c55627157b31e16dc2_fractured_68_piece_0.obj,Bottle_d8b6c270d29c58c55627157b31e16dc2_fractured_68_piece_1.obj is not a valid directory, skipping.
Warning: /workspace/everyday_all_2/BeerBottle_f853ac62bc288e48e56a63d21fb60ae9_mode_1_piece_0.obj,BeerBottle_f853ac62bc288e48e56a63d21fb60ae9_mode_1_piece_1.obj is not a valid directory, skipping.
Warning: /workspace/everyday_all_2/ToyFigure_e9a1dcd815de9a224465423f9447321_mode_1_piece_0.obj,ToyFigure_e9a1dcd815de9a224465423f9447321_mode_1_piece_1.obj is not a valid directory, skipping.
Warning: /workspace/everyday_all_2/Plate_14_mode_1_piece_1.obj,Plate_14_mode_1_piece_0.obj is not a valid directory, skipping.
Warning: /workspace/everyday_all_2/Vase_2fc5fff977ac930050b92125e5fcb8ac_mode_1_piece_0.obj,Vase_2fc5fff977ac930050b92125e5fcb8ac_mode_1_piece_1.obj is not a valid directory, skipping.
Warning: /workspace/everyday_all_2/Mirror_506137c7512fe09271d95e285252f806_mode_1_piece_0.obj,Mirror_506137c7512fe09271d95e285252f806_mode_1_piece_1.obj is not a valid directory, skipping.
Warning: /workspace/everyday_all_2/Ring_e12a391eefd6196c89518a435d4410dd_mode_1_piece_0.obj,Ring_e12a391eefd6196c89518a435d4410dd_mode_1_piece_1.obj is not a valid directory, skipping.
Warning: /workspace/everyday_all_2/PillBottle_6aba175c988c8bec9fac57ed2e044778_mode_1_piece_0.obj,PillBottle_6aba175c988c8bec9fac57ed2e044778_mode_1_piece_1.obj is not a valid directory, skipping.
Warning: /workspace/everyday_all_2/Plate_10_mode_2_piece_0.obj,Plate_10_mode_2_piece_1.obj is not a valid directory, skipping.
Warning: /workspace/everyday_all_2/Plate_bbeb9bbba056600d97fe54771f5481c7_mode_1_piece_0.obj,Plate_bbeb9bbba056600d97fe54771f5481c7_mode_1_piece_1.obj is not a valid directory, skipping.
Warning: /workspace/everyday_all_2/Vase_bb1a0d719c6c92ec564ef9ade41a3447_mode_1_piece_0.obj,Vase_bb1a0d719c6c92ec564ef9ade41a3447_mode_1_piece_1.obj is not a valid directory, skipping.
Warning: /workspace/everyday_all_2/Plate_2_fractured_21_piece_0.obj,Plate_2_fractured_21_piece_1.obj is not a valid directory, skipping.
Warning: /workspace/everyday_all_2/Plate_2_fractured_65_piece_0.obj,Plate_2_fractured_65_piece_1.obj is not a valid directory, skipping.
Warning: /workspace/everyday_all_2/Plate_2_fractured_77_piece_0.obj,Plate_2_fractured_77_piece_1.obj is not a valid directory, skipping.
Warning: /workspace/everyday_all_2/BeerBottle_8309e710832c07f91082f2ea630bf69e_mode_1_piece_0.obj,BeerBottle_8309e710832c07f91082f2ea630bf69e_mode_1_piece_1.obj is not a valid directory, skipping.
Warning: /workspace/everyday_all_2/Bowl_4845731dbf7522b07492cbf7d8bec255_mode_1_piece_0.obj,Bowl_4845731dbf7522b07492cbf7d8bec255_mode_1_piece_1.obj is not a valid directory, skipping.
Warning: /workspace/everyday_all_2/Bowl_1be987c137d37f0b7c15f7bdb6fa82dd_mode_1_piece_0.obj,Bowl_1be987c137d37f0b7c15f7bdb6fa82dd_mode_1_piece_1.obj is not a valid directory, skipping.
Warning: /workspace/everyday_all_2/Mirror_fe79174a9f953291b60747861a92b009_fractured_44_piece_0.obj,Mirror_fe79174a9f953291b60747861a92b009_fractured_44_piece_1.obj is not a valid directory, skipping.
Warning: /workspace/everyday_all_2/Mirror_fe79174a9f953291b60747861a92b009_fractured_51_piece_0.obj,Mirror_fe79174a9f953291b60747861a92b009_fractured_51_piece_1.obj is not a valid directory, skipping.
Warning: /workspace/everyday_all_2/Mirror_fe79174a9f953291b60747861a92b009_fractured_40_piece_0.obj,Mirror_fe79174a9f953291b60747861a92b009_fractured_40_piece_1.obj is not a valid directory, skipping.
Warning: /workspace/everyday_all_2/Mirror_fe79174a9f953291b60747861a92b009_fractured_23_piece_0.obj,Mirror_fe79174a9f953291b60747861a92b009_fractured_23_piece_1.obj is not a valid directory, skipping.
Warning: /workspace/everyday_all_2/Mirror_fe79174a9f953291b60747861a92b009_fractured_31_piece_0.obj,Mirror_fe79174a9f953291b60747861a92b009_fractured_31_piece_1.obj is not a valid directory, skipping.
Warning: /workspace/everyday_all_2/Mirror_fe79174a9f953291b60747861a92b009_fractured_61_piece_0.obj,Mirror_fe79174a9f953291b60747861a92b009_fractured_61_piece_1.obj is not a valid directory, skipping.
Warning: /workspace/everyday_all_2/Vase_7366d4cca1110f3b35836c728d324152_mode_1_piece_0.obj,Vase_7366d4cca1110f3b35836c728d324152_mode_1_piece_1.obj is not a valid directory, skipping.
Warning: /workspace/everyday_all_2/Bottle_acc67510dd228d01d7cbb1f9251b6139_mode_1_piece_0.obj,Bottle_acc67510dd228d01d7cbb1f9251b6139_mode_1_piece_1.obj is not a valid directory, skipping.
Warning: /workspace/everyday_all_2/ToyFigure_2e64972982a073ff8359e487c70b625e_mode_1_piece_0.obj,ToyFigure_2e64972982a073ff8359e487c70b625e_mode_1_piece_1.obj is not a valid directory, skipping.
Warning: /workspace/everyday_all_2/Bottle_5566f264a6fa08cd2a68e506fbd6eecf_mode_1_piece_0.obj,Bottle_5566f264a6fa08cd2a68e506fbd6eecf_mode_1_piece_1.obj is not a valid directory, skipping.
Warning: /workspace/everyday_all_2/Vase_1b370d5326cb7da75318625c74026d6_mode_1_piece_1.obj,Vase_1b370d5326cb7da75318625c74026d6_mode_1_piece_0.obj is not a valid directory, skipping.
Warning: /workspace/everyday_all_2/Vase_e90d611a334c531735836c728d324152_mode_2_piece_0.obj,Vase_e90d611a334c531735836c728d324152_mode_2_piece_1.obj is not a valid directory, skipping.
Warning: /workspace/everyday_all_2/Teapot_ef16485d8a6750e84212ff51b27f0221_mode_1_piece_0.obj,Teapot_ef16485d8a6750e84212ff51b27f0221_mode_1_piece_1.obj is not a valid directory, skipping.
Warning: /workspace/everyday_all_2/Cup_64ce0c349a57f9ca488887a53f46a53_mode_1_piece_0.obj,Cup_64ce0c349a57f9ca488887a53f46a53_mode_1_piece_1.obj is not a valid directory, skipping.
Warning: /workspace/everyday_all_2/Mirror_20663f59bb090670773ac2123317e26f_mode_1_piece_0.obj,Mirror_20663f59bb090670773ac2123317e26f_mode_1_piece_1.obj is not a valid directory, skipping.
Warning: /workspace/everyday_all_2/Bowl_3_mode_1_piece_0.obj,Bowl_3_mode_1_piece_1.obj is not a valid directory, skipping.
Warning: /workspace/everyday_all_2/Bottle_d851cbc873de1c4d3b6eb309177a6753_mode_1_piece_0.obj,Bottle_d851cbc873de1c4d3b6eb309177a6753_mode_1_piece_1.obj is not a valid directory, skipping.
Warning: /workspace/everyday_all_2/Bottle_ec42773c595dc08e4d678187b8261d95_mode_1_piece_0.obj,Bottle_ec42773c595dc08e4d678187b8261d95_mode_1_piece_1.obj is not a valid directory, skipping.
Warning: /workspace/everyday_all_2/Bottle_a1c63c463ad7fc1fb549927fbd0d12d_mode_1_piece_0.obj,Bottle_a1c63c463ad7fc1fb549927fbd0d12d_mode_1_piece_1.obj is not a valid directory, skipping.
Warning: /workspace/everyday_all_2/Vase_d6b6a7a860cfeeda2f2318fdd66be40a_mode_1_piece_0.obj,Vase_d6b6a7a860cfeeda2f2318fdd66be40a_mode_1_piece_1.obj is not a valid directory, skipping.
Warning: /workspace/everyday_all_2/Cup_5d034d08b3afb0054212ff51b27f0221_mode_1_piece_0.obj,Cup_5d034d08b3afb0054212ff51b27f0221_mode_1_piece_1.obj is not a valid directory, skipping.
Warning: /workspace/everyday_all_2/Mug_547b3284875a6ce535deb3b0c692a2a_mode_1_piece_0.obj,Mug_547b3284875a6ce535deb3b0c692a2a_mode_1_piece_1.obj is not a valid directory, skipping.
Warning: /workspace/everyday_all_2/BeerBottle_799397068de1ae1c4587d6a85176d7a0_fractured_22_piece_0.obj,BeerBottle_799397068de1ae1c4587d6a85176d7a0_fractured_22_piece_1.obj is not a valid directory, skipping.
Warning: /workspace/everyday_all_2/Teacup_7806742802bf70784212ff51b27f0221_mode_1_piece_0.obj,Teacup_7806742802bf70784212ff51b27f0221_mode_1_piece_1.obj is not a valid directory, skipping.
Warning: /workspace/everyday_all_2/Bottle_81bbf3134d1ca27a58449bd132e3a3fe_mode_1_piece_0.obj,Bottle_81bbf3134d1ca27a58449bd132e3a3fe_mode_1_piece_1.obj is not a valid directory, skipping.
Warning: /workspace/everyday_all_2/Mug_ea33ad442b032208d778b73d04298f62_mode_1_piece_0.obj,Mug_ea33ad442b032208d778b73d04298f62_mode_1_piece_1.obj is not a valid directory, skipping.
Warning: /workspace/everyday_all_2/Vase_fc9b84aae4d7aa31b3eb9231ca0d67f2_fractured_10_piece_0.obj,Vase_fc9b84aae4d7aa31b3eb9231ca0d67f2_fractured_10_piece_1.obj is not a valid directory, skipping.
Warning: /workspace/everyday_all_2/Vase_fc9b84aae4d7aa31b3eb9231ca0d67f2_fractured_45_piece_0.obj,Vase_fc9b84aae4d7aa31b3eb9231ca0d67f2_fractured_45_piece_1.obj is not a valid directory, skipping.
Warning: /workspace/everyday_all_2/Vase_fc9b84aae4d7aa31b3eb9231ca0d67f2_fractured_24_piece_0.obj,Vase_fc9b84aae4d7aa31b3eb9231ca0d67f2_fractured_24_piece_1.obj is not a valid directory, skipping.
Warning: /workspace/everyday_all_2/ToyFigure_3f76a67b083d2a045136774b39da07bf_mode_1_piece_0.obj,ToyFigure_3f76a67b083d2a045136774b39da07bf_mode_1_piece_1.obj is not a valid directory, skipping.
Warning: /workspace/everyday_all_2/PillBottle_11a0f60b9baaaf59968608843530f3d7_mode_1_piece_0.obj,PillBottle_11a0f60b9baaaf59968608843530f3d7_mode_1_piece_1.obj is not a valid directory, skipping.
Warning: /workspace/everyday_all_2/Ring_22b774d60d8096bad0f7e2bf0e4be74d_mode_1_piece_0.obj,Ring_22b774d60d8096bad0f7e2bf0e4be74d_mode_1_piece_1.obj is not a valid directory, skipping.
Warning: /workspace/everyday_all_2/Vase_3dfde41f48617120c7d17f1ea7477fc2_mode_1_piece_0.obj,Vase_3dfde41f48617120c7d17f1ea7477fc2_mode_1_piece_1.obj is not a valid directory, skipping.
Warning: /workspace/everyday_all_2/Mug_48e260a614c0fd4434a8988fdcee4fde_mode_1_piece_0.obj,Mug_48e260a614c0fd4434a8988fdcee4fde_mode_1_piece_1.obj is not a valid directory, skipping.
Warning: /workspace/everyday_all_2/Vase_324c9045843b9470d29670d38a4c9e7e_mode_1_piece_0.obj,Vase_324c9045843b9470d29670d38a4c9e7e_mode_1_piece_1.obj is not a valid directory, skipping.
Warning: /workspace/everyday_all_2/Bottle_10d3d5961e00b2133ff038bc77759685_mode_1_piece_0.obj,Bottle_10d3d5961e00b2133ff038bc77759685_mode_1_piece_1.obj is not a valid directory, skipping.
Warning: /workspace/everyday_all_2/Bowl_ecb86f63e92e346a25c70fb1df3f879b_mode_1_piece_0.obj,Bowl_ecb86f63e92e346a25c70fb1df3f879b_mode_1_piece_1.obj is not a valid directory, skipping.
Warning: /workspace/everyday_all_2/WineBottle_7746997b8cfd8d11f4718731863dd64d_mode_1_piece_0.obj,WineBottle_7746997b8cfd8d11f4718731863dd64d_mode_1_piece_1.obj is not a valid directory, skipping.
Warning: /workspace/everyday_all_2/Mug_c51b79493419eccdc1584fff35347dc6_mode_1_piece_0.obj,Mug_c51b79493419eccdc1584fff35347dc6_mode_1_piece_1.obj is not a valid directory, skipping.
Warning: /workspace/everyday_all_2/ToyFigure_a3087c9105fe0878d18a6b3b9816ca14_mode_1_piece_0.obj,ToyFigure_a3087c9105fe0878d18a6b3b9816ca14_mode_1_piece_1.obj is not a valid directory, skipping.
Warning: /workspace/everyday_all_2/Bowl_53476e51e6bb59eaf35de0153a1c1eca_mode_1_piece_0.obj,Bowl_53476e51e6bb59eaf35de0153a1c1eca_mode_1_piece_1.obj is not a valid directory, skipping.
Warning: /workspace/everyday_all_2/Plate_12_mode_2_piece_0.obj,Plate_12_mode_2_piece_1.obj is not a valid directory, skipping.
Warning: /workspace/everyday_all_2/Cup_29e8781a8f6fdf1f13323fc4d5700bec_mode_1_piece_0.obj,Cup_29e8781a8f6fdf1f13323fc4d5700bec_mode_1_piece_1.obj is not a valid directory, skipping.
Warning: /workspace/everyday_all_2/PillBottle_6bfcacdff00d57c633774da3deff863_mode_1_piece_0.obj,PillBottle_6bfcacdff00d57c633774da3deff863_mode_1_piece_1.obj is not a valid directory, skipping.
Warning: /workspace/everyday_all_2/ToyFigure_47204f6aaa776c7bf8208b6313b1ffa0_mode_1_piece_0.obj,ToyFigure_47204f6aaa776c7bf8208b6313b1ffa0_mode_1_piece_1.obj is not a valid directory, skipping.
Warning: /workspace/everyday_all_2/Cup_39676deca53bdfe568bc0d099ddc0d94_fractured_45_piece_0.obj,Cup_39676deca53bdfe568bc0d099ddc0d94_fractured_45_piece_1.obj is not a valid directory, skipping.
Warning: /workspace/everyday_all_2/Cup_39676deca53bdfe568bc0d099ddc0d94_fractured_68_piece_0.obj,Cup_39676deca53bdfe568bc0d099ddc0d94_fractured_68_piece_1.obj is not a valid directory, skipping.
Warning: /workspace/everyday_all_2/Cup_39676deca53bdfe568bc0d099ddc0d94_fractured_10_piece_0.obj,Cup_39676deca53bdfe568bc0d099ddc0d94_fractured_10_piece_1.obj is not a valid directory, skipping.
Warning: /workspace/everyday_all_2/Cup_39676deca53bdfe568bc0d099ddc0d94_fractured_32_piece_0.obj,Cup_39676deca53bdfe568bc0d099ddc0d94_fractured_32_piece_1.obj is not a valid directory, skipping.
Warning: /workspace/everyday_all_2/Plate_6907973366e2d8ca7f181d2694cd239b_mode_1_piece_0.obj,Plate_6907973366e2d8ca7f181d2694cd239b_mode_1_piece_1.obj is not a valid directory, skipping.
Warning: /workspace/everyday_all_2/Mirror_391e6f3a92a48417cc4cd6c58bd35c0c_mode_1_piece_0.obj,Mirror_391e6f3a92a48417cc4cd6c58bd35c0c_mode_1_piece_1.obj is not a valid directory, skipping.
Warning: /workspace/everyday_all_2/Mirror_6bf0f5e06cb748bb9671c58246946ed6_mode_1_piece_0.obj,Mirror_6bf0f5e06cb748bb9671c58246946ed6_mode_1_piece_1.obj is not a valid directory, skipping.
Warning: /workspace/everyday_all_2/Bowl_13_mode_1_piece_0.obj,Bowl_13_mode_1_piece_1.obj is not a valid directory, skipping.
Warning: /workspace/everyday_all_2/Bottle_ba85427b56a4619ad2b623ffc463478b_mode_1_piece_0.obj,Bottle_ba85427b56a4619ad2b623ffc463478b_mode_1_piece_1.obj is not a valid directory, skipping.
Warning: /workspace/everyday_all_2/Ring_9b586cba3598cca2fffe50105e90d100_mode_1_piece_0.obj,Ring_9b586cba3598cca2fffe50105e90d100_mode_1_piece_1.obj is not a valid directory, skipping.
Warning: /workspace/everyday_all_2/Mirror_d8051303d474fff937ac8d648045f9c5_mode_2_piece_0.obj,Mirror_d8051303d474fff937ac8d648045f9c5_mode_2_piece_1.obj is not a valid directory, skipping.
Warning: /workspace/everyday_all_2/Vase_2ec608cc4d3287bb92e0b07fda7527d0_mode_1_piece_0.obj,Vase_2ec608cc4d3287bb92e0b07fda7527d0_mode_1_piece_1.obj is not a valid directory, skipping.
Warning: /workspace/everyday_all_2/Bowl_9bc687dcffc25b955d20b6ca8788556a_mode_1_piece_0.obj,Bowl_9bc687dcffc25b955d20b6ca8788556a_mode_1_piece_1.obj is not a valid directory, skipping.
Warning: /workspace/everyday_all_2/Vase_2052e69d5151c5d535836c728d324152_mode_1_piece_0.obj,Vase_2052e69d5151c5d535836c728d324152_mode_1_piece_1.obj is not a valid directory, skipping.
Warning: /workspace/everyday_all_2/Bowl_b70690efb402013233e4fde2bc371944_mode_1_piece_0.obj,Bowl_b70690efb402013233e4fde2bc371944_mode_1_piece_1.obj is not a valid directory, skipping.
Warning: /workspace/everyday_all_2/Bottle_a34966853ab2272ab2047d3072d5e051_mode_1_piece_0.obj,Bottle_a34966853ab2272ab2047d3072d5e051_mode_1_piece_1.obj is not a valid directory, skipping.
Warning: /workspace/everyday_all_2/Mug_1_mode_1_piece_0.obj,Mug_1_mode_1_piece_1.obj is not a valid directory, skipping.
Warning: /workspace/everyday_all_2/ToyFigure_312b9ddf2e3d343277e21aa92afd81b0_mode_1_piece_0.obj,ToyFigure_312b9ddf2e3d343277e21aa92afd81b0_mode_1_piece_1.obj is not a valid directory, skipping.
Warning: /workspace/everyday_all_2/Mug_d7ba704184d424dfd56d9106430c3fe_mode_1_piece_0.obj,Mug_d7ba704184d424dfd56d9106430c3fe_mode_1_piece_1.obj is not a valid directory, skipping.
Warning: /workspace/everyday_all_2/ToyFigure_2acb67458c17af08c4b494041bc63422_mode_1_piece_0.obj,ToyFigure_2acb67458c17af08c4b494041bc63422_mode_1_piece_1.obj is not a valid directory, skipping.
Warning: /workspace/everyday_all_2/ToyFigure_5908022a1e5b8ec3adf5ea2911b3df77_mode_1_piece_0.obj,ToyFigure_5908022a1e5b8ec3adf5ea2911b3df77_mode_1_piece_1.obj is not a valid directory, skipping.
Warning: /workspace/everyday_all_2/DrinkingUtensil_a0c1d7de5f9c08b69154bae3578e13c1_mode_1_piece_0.obj,DrinkingUtensil_a0c1d7de5f9c08b69154bae3578e13c1_mode_1_piece_1.obj is not a valid directory, skipping.
Warning: /workspace/everyday_all_2/Ring_9451d2c47dcc1980446afc8051bc4afc_mode_1_piece_0.obj,Ring_9451d2c47dcc1980446afc8051bc4afc_mode_1_piece_1.obj is not a valid directory, skipping.
Warning: /workspace/everyday_all_2/Bottle_114509277e76e413c8724d5673a063a6_mode_1_piece_0.obj,Bottle_114509277e76e413c8724d5673a063a6_mode_1_piece_1.obj is not a valid directory, skipping.
Warning: /workspace/everyday_all_2/ToyFigure_670b3162fe029fabd9dca9cd630ba2ba_mode_1_piece_0.obj,ToyFigure_670b3162fe029fabd9dca9cd630ba2ba_mode_1_piece_1.obj is not a valid directory, skipping.
Warning: /workspace/everyday_all_2/Bottle_8748b67d0ba5f35f724d867867ccd9fb_mode_1_piece_0.obj,Bottle_8748b67d0ba5f35f724d867867ccd9fb_mode_1_piece_1.obj is not a valid directory, skipping.
Warning: /workspace/everyday_all_2/ToyFigure_47337e2941a1f64c1b62ac564eb0516b_mode_1_piece_0.obj,ToyFigure_47337e2941a1f64c1b62ac564eb0516b_mode_1_piece_1.obj is not a valid directory, skipping.
Warning: /workspace/everyday_all_2/Bowl_8_mode_2_piece_0.obj,Bowl_8_mode_2_piece_1.obj is not a valid directory, skipping.
Warning: /workspace/everyday_all_2/Cup_fc035f7d732166b97b6fd5468f603b31_mode_1_piece_0.obj,Cup_fc035f7d732166b97b6fd5468f603b31_mode_1_piece_1.obj is not a valid directory, skipping.
Warning: /workspace/everyday_all_2/Vase_a35b3de8b261f5599ee3b9136941230_mode_1_piece_0.obj,Vase_a35b3de8b261f5599ee3b9136941230_mode_1_piece_1.obj is not a valid directory, skipping.
Warning: /workspace/everyday_all_2/Mug_8b1dca1414ba88cb91986c63a4d7a99a_mode_1_piece_0.obj,Mug_8b1dca1414ba88cb91986c63a4d7a99a_mode_1_piece_1.obj is not a valid directory, skipping.
Warning: /workspace/everyday_all_2/Mug_336122c3105440d193e42e2720468bf0_mode_1_piece_0.obj,Mug_336122c3105440d193e42e2720468bf0_mode_1_piece_1.obj is not a valid directory, skipping.
Warning: /workspace/everyday_all_2/ToyFigure_b7533865b357f4a4aa008dc56caffad9_mode_1_piece_0.obj,ToyFigure_b7533865b357f4a4aa008dc56caffad9_mode_1_piece_1.obj is not a valid directory, skipping.
Warning: /workspace/everyday_all_2/ToyFigure_60c574a293b9f2014f60944ced2b5887_mode_1_piece_0.obj,ToyFigure_60c574a293b9f2014f60944ced2b5887_mode_1_piece_1.obj is not a valid directory, skipping.
Warning: /workspace/everyday_all_2/Teacup_5bbc259497af2fa15db77ed1f5c8b93_mode_1_piece_0.obj,Teacup_5bbc259497af2fa15db77ed1f5c8b93_mode_1_piece_1.obj is not a valid directory, skipping.
Warning: /workspace/everyday_all_2/Vase_6af347c8e74b5b715d878ba9ec3c0d6a_mode_1_piece_0.obj,Vase_6af347c8e74b5b715d878ba9ec3c0d6a_mode_1_piece_1.obj is not a valid directory, skipping.
Warning: /workspace/everyday_all_2/Vase_c61fb2d0f5e3daa5edd4171cd40b3feb_mode_1_piece_1.obj,Vase_c61fb2d0f5e3daa5edd4171cd40b3feb_mode_1_piece_0.obj is not a valid directory, skipping.
Warning: /workspace/everyday_all_2/Plate_cc87e29afe238126e20e92c5b8147e4a_mode_1_piece_0.obj,Plate_cc87e29afe238126e20e92c5b8147e4a_mode_1_piece_1.obj is not a valid directory, skipping.
Warning: /workspace/everyday_all_2/Cup_1_mode_1_piece_0.obj,Cup_1_mode_1_piece_1.obj is not a valid directory, skipping.
Warning: /workspace/everyday_all_2/Mug_5b515d0b0c6740d5c5fe7f65b41f3b19_mode_1_piece_0.obj,Mug_5b515d0b0c6740d5c5fe7f65b41f3b19_mode_1_piece_1.obj is not a valid directory, skipping.
Warning: /workspace/everyday_all_2/Ring_2b0b9efff714f07883a2aadcb43f06a6_mode_1_piece_0.obj,Ring_2b0b9efff714f07883a2aadcb43f06a6_mode_1_piece_1.obj is not a valid directory, skipping.
Warning: /workspace/everyday_all_2/Vase_23f305e2ca3a3007ee106795de609335_mode_1_piece_0.obj,Vase_23f305e2ca3a3007ee106795de609335_mode_1_piece_1.obj is not a valid directory, skipping.
Warning: /workspace/everyday_all_2/Bottle_412289ded0359b326802d3678aa9d56b_mode_1_piece_0.obj,Bottle_412289ded0359b326802d3678aa9d56b_mode_1_piece_1.obj is not a valid directory, skipping.
Warning: /workspace/everyday_all_2/Bottle_799397068de1ae1c4587d6a85176d7a0_fractured_69_piece_0.obj,Bottle_799397068de1ae1c4587d6a85176d7a0_fractured_69_piece_1.obj is not a valid directory, skipping.
Warning: /workspace/everyday_all_2/Spoon_71b28e4dab2b20b11e652fa812161367_mode_1_piece_0.obj,Spoon_71b28e4dab2b20b11e652fa812161367_mode_1_piece_1.obj is not a valid directory, skipping.
Warning: /workspace/everyday_all_2/ToyFigure_da0f7f3893b690ff9eda02c6c8b462ec_mode_1_piece_0.obj,ToyFigure_da0f7f3893b690ff9eda02c6c8b462ec_mode_1_piece_1.obj is not a valid directory, skipping.
Warning: /workspace/everyday_all_2/Mirror_3c606dcfa914bc3435836c728d324152_mode_1_piece_0.obj,Mirror_3c606dcfa914bc3435836c728d324152_mode_1_piece_1.obj is not a valid directory, skipping.
Warning: /workspace/everyday_all_2/Vase_1f5c74f0a55cbf9798d5fc0473d00a1c_mode_1_piece_0.obj,Vase_1f5c74f0a55cbf9798d5fc0473d00a1c_mode_1_piece_1.obj is not a valid directory, skipping.
Warning: /workspace/everyday_all_2/ToyFigure_31fb6849b47dd54c9c184d4625d13a0d_mode_1_piece_0.obj,ToyFigure_31fb6849b47dd54c9c184d4625d13a0d_mode_1_piece_1.obj is not a valid directory, skipping.
Warning: /workspace/everyday_all_2/ToyFigure_12ddd9e1fa8912ae1bfccceeaa1b7669_mode_1_piece_0.obj,ToyFigure_12ddd9e1fa8912ae1bfccceeaa1b7669_mode_1_piece_1.obj is not a valid directory, skipping.
Warning: /workspace/everyday_all_2/Vase_9b9406be65ab942f7c0ffcaa63ee0500_mode_1_piece_0.obj,Vase_9b9406be65ab942f7c0ffcaa63ee0500_mode_1_piece_1.obj is not a valid directory, skipping.
Warning: /workspace/everyday_all_2/Plate_fbc3702c344581fc5dca6305fb9f97ca_mode_1_piece_0.obj,Plate_fbc3702c344581fc5dca6305fb9f97ca_mode_1_piece_1.obj is not a valid directory, skipping.
Warning: /workspace/everyday_all_2/Plate_dc460c2d0c94098d8af30108ea9ccb6c_mode_1_piece_1.obj,Plate_dc460c2d0c94098d8af30108ea9ccb6c_mode_1_piece_0.obj is not a valid directory, skipping.
Warning: /workspace/everyday_all_2/DrinkingUtensil_31ec660f1bdbec47ddcb31426795fd11_mode_2_piece_0.obj,DrinkingUtensil_31ec660f1bdbec47ddcb31426795fd11_mode_2_piece_1.obj is not a valid directory, skipping.
Dataset length: 0
